<?xml version="1.0" encoding="UTF-8"?><TrainingCenterDatabase xmlns="http://www.garmin.com/xmlschemas/TrainingCenterDatabase/v2" xmlns:ns2="http://www.garmin.com/xmlschemas/UserProfile/v2" xmlns:ns3="http://www.garmin.com/xmlschemas/ActivityExtension/v2" xmlns:ns5="http://www.garmin.com/xmlschemas/ActivityGoals/v1" xmlns:xsi="http://www.w3.org/2001/XMLSchema-instance" xsi:schemaLocation="http://www.garmin.com/xmlschemas/TrainingCenterDatabase/v2 http://www.garmin.com/xmlschemas/TrainingCenterDatabasev2.xsd"><Activities><Activity Sport="Workout"><Id>2025-07-04T21:46:46Z</Id><Creator><Name>Amazfit Bip U Pro</Name></Creator><Lap StartTime="2025-07-04T21:46:46Z"><Calories>459.0</Calories><DistanceMeters>0.0</DistanceMeters><TotalTimeSeconds>4510</TotalTimeSeconds><AverageHeartRateBpm><Value>101</Value></AverageHeartRateBpm><Track><Trackpoint><Time>2025-07-04T21:46:46Z</Time></Trackpoint><Trackpoint><Time>2025-07-04T21:46:57Z</Time><Extensions><ns3:TPX><ns3:Speed>0.0</ns3:Speed></ns3:TPX></Extensions></Trackpoint><Trackpoint><Time>2025-07-04T21:47:01Z</Time><HeartRateBpm><Value>82</Value></HeartRateBpm><Extensions><ns3:TPX><ns3:Speed>0.0</ns3:Speed></ns3:TPX></Extensions></Trackpoint><Trackpoint><Time>2025-07-04T21:47:02Z</Time><HeartRateBpm><Value>81</Value></HeartRateBpm><Extensions><ns3:TPX><ns3:Speed>0.0</ns3:Speed></ns3:TPX></Extensions></Trackpoint><Trackpoint><Time>2025-07-04T21:47:07Z</Time><HeartRateBpm><Value>80</Value></HeartRateBpm><Extensions><ns3:TPX><ns3:Speed>0.0</ns3:Speed></ns3:TPX></Extensions></Trackpoint><Trackpoint><Time>2025-07-04T21:47:11Z</Time><HeartRateBpm><Value>81</Value></HeartRateBpm><Extensions><ns3:TPX><ns3:Speed>0.0</ns3:Speed></ns3:TPX></Extensions></Trackpoint><Trackpoint><Time>2025-07-04T21:47:12Z</Time><HeartRateBpm><Value>80</Value></HeartRateBpm><Extensions><ns3:TPX><ns3:Speed>0.0</ns3:Speed></ns3:TPX></Extensions></Trackpoint><Trackpoint><Time>2025-07-04T21:47:17Z</Time><HeartRateBpm><Value>80</Value></HeartRateBpm><Extensions><ns3:TPX><ns3:Speed>0.0</ns3:Speed></ns3:TPX></Extensions></Trackpoint><Trackpoint><Time>2025-07-04T21:47:18Z</Time><HeartRateBpm><Value>81</Value></HeartRateBpm><Extensions><ns3:TPX><ns3:Speed>0.0</ns3:Speed></ns3:TPX></Extensions></Trackpoint><Trackpoint><Time>2025-07-04T21:47:23Z</Time><HeartRateBpm><Value>80</Value></HeartRateBpm><Extensions><ns3:TPX><ns3:Speed>0.0</ns3:Speed></ns3:TPX></Extensions></Trackpoint><Trackpoint><Time>2025-07-04T21:47:29Z</Time><HeartRateBpm><Value>80</Value></HeartRateBpm><Extensions><ns3:TPX><ns3:Speed>0.0</ns3:Speed></ns3:TPX></Extensions></Trackpoint><Trackpoint><Time>2025-07-04T21:47:30Z</Time><HeartRateBpm><Value>79</Value></HeartRateBpm><Extensions><ns3:TPX><ns3:Speed>0.0</ns3:Speed></ns3:TPX></Extensions></Trackpoint><Trackpoint><Time>2025-07-04T21:47:31Z</Time><HeartRateBpm><Value>78</Value></HeartRateBpm><Extensions><ns3:TPX><ns3:Speed>0.0</ns3:Speed></ns3:TPX></Extensions></Trackpoint><Trackpoint><Time>2025-07-04T21:47:33Z</Time><HeartRateBpm><Value>79</Value></HeartRateBpm><Extensions><ns3:TPX><ns3:Speed>0.0</ns3:Speed></ns3:TPX></Extensions></Trackpoint><Trackpoint><Time>2025-07-04T21:47:37Z</Time><HeartRateBpm><Value>80</Value></HeartRateBpm><Extensions><ns3:TPX><ns3:Speed>0.0</ns3:Speed></ns3:TPX></Extensions></Trackpoint><Trackpoint><Time>2025-07-04T21:47:38Z</Time><HeartRateBpm><Value>81</Value></HeartRateBpm><Extensions><ns3:TPX><ns3:Speed>0.0</ns3:Speed></ns3:TPX></Extensions></Trackpoint><Trackpoint><Time>2025-07-04T21:47:39Z</Time><HeartRateBpm><Value>82</Value></HeartRateBpm><Extensions><ns3:TPX><ns3:Speed>0.0</ns3:Speed></ns3:TPX></Extensions></Trackpoint><Trackpoint><Time>2025-07-04T21:47:41Z</Time><HeartRateBpm><Value>84</Value></HeartRateBpm><Extensions><ns3:TPX><ns3:Speed>0.0</ns3:Speed></ns3:TPX></Extensions></Trackpoint><Trackpoint><Time>2025-07-04T21:47:42Z</Time><HeartRateBpm><Value>85</Value></HeartRateBpm><Extensions><ns3:TPX><ns3:Speed>0.0</ns3:Speed></ns3:TPX></Extensions></Trackpoint><Trackpoint><Time>2025-07-04T21:47:44Z</Time><HeartRateBpm><Value>87</Value></HeartRateBpm><Extensions><ns3:TPX><ns3:Speed>0.0</ns3:Speed></ns3:TPX></Extensions></Trackpoint><Trackpoint><Time>2025-07-04T21:47:47Z</Time><HeartRateBpm><Value>88</Value></HeartRateBpm><Extensions><ns3:TPX><ns3:Speed>0.0</ns3:Speed></ns3:TPX></Extensions></Trackpoint><Trackpoint><Time>2025-07-04T21:47:50Z</Time><HeartRateBpm><Value>92</Value></HeartRateBpm><Extensions><ns3:TPX><ns3:Speed>0.0</ns3:Speed></ns3:TPX></Extensions></Trackpoint><Trackpoint><Time>2025-07-04T21:47:51Z</Time><HeartRateBpm><Value>93</Value></HeartRateBpm><Extensions><ns3:TPX><ns3:Speed>0.0</ns3:Speed></ns3:TPX></Extensions></Trackpoint><Trackpoint><Time>2025-07-04T21:47:54Z</Time><HeartRateBpm><Value>87</Value></HeartRateBpm><Extensions><ns3:TPX><ns3:Speed>0.0</ns3:Speed></ns3:TPX></Extensions></Trackpoint><Trackpoint><Time>2025-07-04T21:47:55Z</Time><HeartRateBpm><Value>90</Value></HeartRateBpm><Extensions><ns3:TPX><ns3:Speed>0.0</ns3:Speed></ns3:TPX></Extensions></Trackpoint><Trackpoint><Time>2025-07-04T21:47:56Z</Time><HeartRateBpm><Value>85</Value></HeartRateBpm><Extensions><ns3:TPX><ns3:Speed>0.0</ns3:Speed></ns3:TPX></Extensions></Trackpoint><Trackpoint><Time>2025-07-04T21:47:57Z</Time><HeartRateBpm><Value>86</Value></HeartRateBpm><Extensions><ns3:TPX><ns3:Speed>0.0</ns3:Speed></ns3:TPX></Extensions></Trackpoint><Trackpoint><Time>2025-07-04T21:47:59Z</Time><HeartRateBpm><Value>90</Value></HeartRateBpm><Extensions><ns3:TPX><ns3:Speed>0.0</ns3:Speed></ns3:TPX></Extensions></Trackpoint><Trackpoint><Time>2025-07-04T21:48:00Z</Time><HeartRateBpm><Value>93</Value></HeartRateBpm><Extensions><ns3:TPX><ns3:Speed>0.0</ns3:Speed></ns3:TPX></Extensions></Trackpoint><Trackpoint><Time>2025-07-04T21:48:01Z</Time><HeartRateBpm><Value>94</Value></HeartRateBpm><Extensions><ns3:TPX><ns3:Speed>0.0</ns3:Speed></ns3:TPX></Extensions></Trackpoint><Trackpoint><Time>2025-07-04T21:48:06Z</Time><HeartRateBpm><Value>94</Value></HeartRateBpm><Extensions><ns3:TPX><ns3:Speed>0.0</ns3:Speed></ns3:TPX></Extensions></Trackpoint><Trackpoint><Time>2025-07-04T21:48:11Z</Time><HeartRateBpm><Value>94</Value></HeartRateBpm><Extensions><ns3:TPX><ns3:Speed>0.0</ns3:Speed></ns3:TPX></Extensions></Trackpoint><Trackpoint><Time>2025-07-04T21:48:12Z</Time><HeartRateBpm><Value>95</Value></HeartRateBpm><Extensions><ns3:TPX><ns3:Speed>0.0</ns3:Speed></ns3:TPX></Extensions></Trackpoint><Trackpoint><Time>2025-07-04T21:48:14Z</Time><HeartRateBpm><Value>97</Value></HeartRateBpm><Extensions><ns3:TPX><ns3:Speed>0.0</ns3:Speed></ns3:TPX></Extensions></Trackpoint><Trackpoint><Time>2025-07-04T21:48:17Z</Time><HeartRateBpm><Value>98</Value></HeartRateBpm><Extensions><ns3:TPX><ns3:Speed>0.0</ns3:Speed></ns3:TPX></Extensions></Trackpoint><Trackpoint><Time>2025-07-04T21:48:21Z</Time><HeartRateBpm><Value>99</Value></HeartRateBpm><Extensions><ns3:TPX><ns3:Speed>0.0</ns3:Speed></ns3:TPX></Extensions></Trackpoint><Trackpoint><Time>2025-07-04T21:48:24Z</Time><HeartRateBpm><Value>100</Value></HeartRateBpm><Extensions><ns3:TPX><ns3:Speed>0.0</ns3:Speed></ns3:TPX></Extensions></Trackpoint><Trackpoint><Time>2025-07-04T21:48:27Z</Time><HeartRateBpm><Value>99</Value></HeartRateBpm><Extensions><ns3:TPX><ns3:Speed>0.0</ns3:Speed></ns3:TPX></Extensions></Trackpoint><Trackpoint><Time>2025-07-04T21:48:28Z</Time><HeartRateBpm><Value>98</Value></HeartRateBpm><Extensions><ns3:TPX><ns3:Speed>0.0</ns3:Speed></ns3:TPX></Extensions></Trackpoint><Trackpoint><Time>2025-07-04T21:48:30Z</Time><HeartRateBpm><Value>97</Value></HeartRateBpm><Extensions><ns3:TPX><ns3:Speed>0.0</ns3:Speed></ns3:TPX></Extensions></Trackpoint><Trackpoint><Time>2025-07-04T21:48:33Z</Time><HeartRateBpm><Value>96</Value></HeartRateBpm><Extensions><ns3:TPX><ns3:Speed>0.0</ns3:Speed></ns3:TPX></Extensions></Trackpoint><Trackpoint><Time>2025-07-04T21:48:38Z</Time><HeartRateBpm><Value>94</Value></HeartRateBpm><Extensions><ns3:TPX><ns3:Speed>0.0</ns3:Speed></ns3:TPX></Extensions></Trackpoint><Trackpoint><Time>2025-07-04T21:48:42Z</Time><HeartRateBpm><Value>93</Value></HeartRateBpm><Extensions><ns3:TPX><ns3:Speed>0.0</ns3:Speed></ns3:TPX></Extensions></Trackpoint><Trackpoint><Time>2025-07-04T21:48:48Z</Time><HeartRateBpm><Value>93</Value></HeartRateBpm><Extensions><ns3:TPX><ns3:Speed>0.0</ns3:Speed></ns3:TPX></Extensions></Trackpoint><Trackpoint><Time>2025-07-04T21:48:51Z</Time><HeartRateBpm><Value>91</Value></HeartRateBpm><Extensions><ns3:TPX><ns3:Speed>0.0</ns3:Speed></ns3:TPX></Extensions></Trackpoint><Trackpoint><Time>2025-07-04T21:48:54Z</Time><HeartRateBpm><Value>92</Value></HeartRateBpm><Extensions><ns3:TPX><ns3:Speed>0.0</ns3:Speed></ns3:TPX></Extensions></Trackpoint><Trackpoint><Time>2025-07-04T21:48:57Z</Time><HeartRateBpm><Value>90</Value></HeartRateBpm><Extensions><ns3:TPX><ns3:Speed>0.0</ns3:Speed></ns3:TPX></Extensions></Trackpoint><Trackpoint><Time>2025-07-04T21:48:59Z</Time><HeartRateBpm><Value>88</Value></HeartRateBpm><Extensions><ns3:TPX><ns3:Speed>0.0</ns3:Speed></ns3:TPX></Extensions></Trackpoint><Trackpoint><Time>2025-07-04T21:49:03Z</Time><HeartRateBpm><Value>88</Value></HeartRateBpm><Extensions><ns3:TPX><ns3:Speed>0.0</ns3:Speed></ns3:TPX></Extensions></Trackpoint><Trackpoint><Time>2025-07-04T21:49:04Z</Time><HeartRateBpm><Value>89</Value></HeartRateBpm><Extensions><ns3:TPX><ns3:Speed>0.0</ns3:Speed></ns3:TPX></Extensions></Trackpoint><Trackpoint><Time>2025-07-04T21:49:06Z</Time><HeartRateBpm><Value>88</Value></HeartRateBpm><Extensions><ns3:TPX><ns3:Speed>0.0</ns3:Speed></ns3:TPX></Extensions></Trackpoint><Trackpoint><Time>2025-07-04T21:49:12Z</Time><HeartRateBpm><Value>88</Value></HeartRateBpm><Extensions><ns3:TPX><ns3:Speed>0.0</ns3:Speed></ns3:TPX></Extensions></Trackpoint><Trackpoint><Time>2025-07-04T21:49:13Z</Time><HeartRateBpm><Value>89</Value></HeartRateBpm><Extensions><ns3:TPX><ns3:Speed>0.0</ns3:Speed></ns3:TPX></Extensions></Trackpoint><Trackpoint><Time>2025-07-04T21:49:18Z</Time><HeartRateBpm><Value>90</Value></HeartRateBpm><Extensions><ns3:TPX><ns3:Speed>0.0</ns3:Speed></ns3:TPX></Extensions></Trackpoint><Trackpoint><Time>2025-07-04T21:49:19Z</Time><HeartRateBpm><Value>91</Value></HeartRateBpm><Extensions><ns3:TPX><ns3:Speed>0.0</ns3:Speed></ns3:TPX></Extensions></Trackpoint><Trackpoint><Time>2025-07-04T21:49:20Z</Time><HeartRateBpm><Value>92</Value></HeartRateBpm><Extensions><ns3:TPX><ns3:Speed>0.0</ns3:Speed></ns3:TPX></Extensions></Trackpoint><Trackpoint><Time>2025-07-04T21:49:21Z</Time><HeartRateBpm><Value>93</Value></HeartRateBpm><Extensions><ns3:TPX><ns3:Speed>0.0</ns3:Speed></ns3:TPX></Extensions></Trackpoint><Trackpoint><Time>2025-07-04T21:49:24Z</Time><HeartRateBpm><Value>92</Value></HeartRateBpm><Extensions><ns3:TPX><ns3:Speed>0.0</ns3:Speed></ns3:TPX></Extensions></Trackpoint><Trackpoint><Time>2025-07-04T21:49:25Z</Time><HeartRateBpm><Value>93</Value></HeartRateBpm><Extensions><ns3:TPX><ns3:Speed>0.0</ns3:Speed></ns3:TPX></Extensions></Trackpoint><Trackpoint><Time>2025-07-04T21:49:26Z</Time><HeartRateBpm><Value>94</Value></HeartRateBpm><Extensions><ns3:TPX><ns3:Speed>0.0</ns3:Speed></ns3:TPX></Extensions></Trackpoint><Trackpoint><Time>2025-07-04T21:49:31Z</Time><HeartRateBpm><Value>94</Value></HeartRateBpm><Extensions><ns3:TPX><ns3:Speed>0.0</ns3:Speed></ns3:TPX></Extensions></Trackpoint><Trackpoint><Time>2025-07-04T21:49:33Z</Time><HeartRateBpm><Value>95</Value></HeartRateBpm><Extensions><ns3:TPX><ns3:Speed>0.0</ns3:Speed></ns3:TPX></Extensions></Trackpoint><Trackpoint><Time>2025-07-04T21:49:34Z</Time><HeartRateBpm><Value>96</Value></HeartRateBpm><Extensions><ns3:TPX><ns3:Speed>0.0</ns3:Speed></ns3:TPX></Extensions></Trackpoint><Trackpoint><Time>2025-07-04T21:49:39Z</Time><HeartRateBpm><Value>96</Value></HeartRateBpm><Extensions><ns3:TPX><ns3:Speed>0.0</ns3:Speed></ns3:TPX></Extensions></Trackpoint><Trackpoint><Time>2025-07-04T21:49:40Z</Time><HeartRateBpm><Value>97</Value></HeartRateBpm><Extensions><ns3:TPX><ns3:Speed>0.0</ns3:Speed></ns3:TPX></Extensions></Trackpoint><Trackpoint><Time>2025-07-04T21:49:45Z</Time><HeartRateBpm><Value>97</Value></HeartRateBpm><Extensions><ns3:TPX><ns3:Speed>0.0</ns3:Speed></ns3:TPX></Extensions></Trackpoint><Trackpoint><Time>2025-07-04T21:49:46Z</Time><HeartRateBpm><Value>98</Value></HeartRateBpm><Extensions><ns3:TPX><ns3:Speed>0.0</ns3:Speed></ns3:TPX></Extensions></Trackpoint><Trackpoint><Time>2025-07-04T21:49:47Z</Time><HeartRateBpm><Value>102</Value></HeartRateBpm><Extensions><ns3:TPX><ns3:Speed>0.0</ns3:Speed></ns3:TPX></Extensions></Trackpoint><Trackpoint><Time>2025-07-04T21:49:49Z</Time><HeartRateBpm><Value>100</Value></HeartRateBpm><Extensions><ns3:TPX><ns3:Speed>0.0</ns3:Speed></ns3:TPX></Extensions></Trackpoint><Trackpoint><Time>2025-07-04T21:49:50Z</Time><HeartRateBpm><Value>98</Value></HeartRateBpm><Extensions><ns3:TPX><ns3:Speed>0.0</ns3:Speed></ns3:TPX></Extensions></Trackpoint><Trackpoint><Time>2025-07-04T21:49:51Z</Time><HeartRateBpm><Value>97</Value></HeartRateBpm><Extensions><ns3:TPX><ns3:Speed>0.0</ns3:Speed></ns3:TPX></Extensions></Trackpoint><Trackpoint><Time>2025-07-04T21:49:56Z</Time><HeartRateBpm><Value>96</Value></HeartRateBpm><Extensions><ns3:TPX><ns3:Speed>0.0</ns3:Speed></ns3:TPX></Extensions></Trackpoint><Trackpoint><Time>2025-07-04T21:49:57Z</Time><HeartRateBpm><Value>95</Value></HeartRateBpm><Extensions><ns3:TPX><ns3:Speed>0.0</ns3:Speed></ns3:TPX></Extensions></Trackpoint><Trackpoint><Time>2025-07-04T21:50:00Z</Time><HeartRateBpm><Value>94</Value></HeartRateBpm><Extensions><ns3:TPX><ns3:Speed>0.0</ns3:Speed></ns3:TPX></Extensions></Trackpoint><Trackpoint><Time>2025-07-04T21:50:01Z</Time><HeartRateBpm><Value>93</Value></HeartRateBpm><Extensions><ns3:TPX><ns3:Speed>0.0</ns3:Speed></ns3:TPX></Extensions></Trackpoint><Trackpoint><Time>2025-07-04T21:50:03Z</Time><HeartRateBpm><Value>96</Value></HeartRateBpm><Extensions><ns3:TPX><ns3:Speed>0.0</ns3:Speed></ns3:TPX></Extensions></Trackpoint><Trackpoint><Time>2025-07-04T21:50:04Z</Time><HeartRateBpm><Value>97</Value></HeartRateBpm><Extensions><ns3:TPX><ns3:Speed>0.0</ns3:Speed></ns3:TPX></Extensions></Trackpoint><Trackpoint><Time>2025-07-04T21:50:07Z</Time><HeartRateBpm><Value>98</Value></HeartRateBpm><Extensions><ns3:TPX><ns3:Speed>0.0</ns3:Speed></ns3:TPX></Extensions></Trackpoint><Trackpoint><Time>2025-07-04T21:50:08Z</Time><HeartRateBpm><Value>97</Value></HeartRateBpm><Extensions><ns3:TPX><ns3:Speed>0.0</ns3:Speed></ns3:TPX></Extensions></Trackpoint><Trackpoint><Time>2025-07-04T21:50:09Z</Time><HeartRateBpm><Value>94</Value></HeartRateBpm><Extensions><ns3:TPX><ns3:Speed>0.0</ns3:Speed></ns3:TPX></Extensions></Trackpoint><Trackpoint><Time>2025-07-04T21:50:10Z</Time><HeartRateBpm><Value>93</Value></HeartRateBpm><Extensions><ns3:TPX><ns3:Speed>0.0</ns3:Speed></ns3:TPX></Extensions></Trackpoint><Trackpoint><Time>2025-07-04T21:50:15Z</Time><HeartRateBpm><Value>90</Value></HeartRateBpm><Extensions><ns3:TPX><ns3:Speed>0.0</ns3:Speed></ns3:TPX></Extensions></Trackpoint><Trackpoint><Time>2025-07-04T21:50:20Z</Time><HeartRateBpm><Value>90</Value></HeartRateBpm><Extensions><ns3:TPX><ns3:Speed>0.0</ns3:Speed></ns3:TPX></Extensions></Trackpoint><Trackpoint><Time>2025-07-04T21:50:23Z</Time><HeartRateBpm><Value>91</Value></HeartRateBpm><Extensions><ns3:TPX><ns3:Speed>0.0</ns3:Speed></ns3:TPX></Extensions></Trackpoint><Trackpoint><Time>2025-07-04T21:50:25Z</Time><HeartRateBpm><Value>90</Value></HeartRateBpm><Extensions><ns3:TPX><ns3:Speed>0.0</ns3:Speed></ns3:TPX></Extensions></Trackpoint><Trackpoint><Time>2025-07-04T21:50:26Z</Time><HeartRateBpm><Value>88</Value></HeartRateBpm><Extensions><ns3:TPX><ns3:Speed>0.0</ns3:Speed></ns3:TPX></Extensions></Trackpoint><Trackpoint><Time>2025-07-04T21:50:31Z</Time><HeartRateBpm><Value>89</Value></HeartRateBpm><Extensions><ns3:TPX><ns3:Speed>0.0</ns3:Speed></ns3:TPX></Extensions></Trackpoint><Trackpoint><Time>2025-07-04T21:50:34Z</Time><HeartRateBpm><Value>91</Value></HeartRateBpm><Extensions><ns3:TPX><ns3:Speed>0.0</ns3:Speed></ns3:TPX></Extensions></Trackpoint><Trackpoint><Time>2025-07-04T21:50:35Z</Time><HeartRateBpm><Value>90</Value></HeartRateBpm><Extensions><ns3:TPX><ns3:Speed>0.0</ns3:Speed></ns3:TPX></Extensions></Trackpoint><Trackpoint><Time>2025-07-04T21:50:38Z</Time><HeartRateBpm><Value>91</Value></HeartRateBpm><Extensions><ns3:TPX><ns3:Speed>0.0</ns3:Speed></ns3:TPX></Extensions></Trackpoint><Trackpoint><Time>2025-07-04T21:50:39Z</Time><HeartRateBpm><Value>90</Value></HeartRateBpm><Extensions><ns3:TPX><ns3:Speed>0.0</ns3:Speed></ns3:TPX></Extensions></Trackpoint><Trackpoint><Time>2025-07-04T21:50:44Z</Time><HeartRateBpm><Value>90</Value></HeartRateBpm><Extensions><ns3:TPX><ns3:Speed>0.0</ns3:Speed></ns3:TPX></Extensions></Trackpoint><Trackpoint><Time>2025-07-04T21:50:45Z</Time><HeartRateBpm><Value>89</Value></HeartRateBpm><Extensions><ns3:TPX><ns3:Speed>0.0</ns3:Speed></ns3:TPX></Extensions></Trackpoint><Trackpoint><Time>2025-07-04T21:50:50Z</Time><HeartRateBpm><Value>89</Value></HeartRateBpm><Extensions><ns3:TPX><ns3:Speed>0.0</ns3:Speed></ns3:TPX></Extensions></Trackpoint><Trackpoint><Time>2025-07-04T21:50:56Z</Time><HeartRateBpm><Value>89</Value></HeartRateBpm><Extensions><ns3:TPX><ns3:Speed>0.0</ns3:Speed></ns3:TPX></Extensions></Trackpoint><Trackpoint><Time>2025-07-04T21:51:01Z</Time><HeartRateBpm><Value>89</Value></HeartRateBpm><Extensions><ns3:TPX><ns3:Speed>0.0</ns3:Speed></ns3:TPX></Extensions></Trackpoint><Trackpoint><Time>2025-07-04T21:51:02Z</Time><HeartRateBpm><Value>90</Value></HeartRateBpm><Extensions><ns3:TPX><ns3:Speed>0.0</ns3:Speed></ns3:TPX></Extensions></Trackpoint><Trackpoint><Time>2025-07-04T21:51:07Z</Time><HeartRateBpm><Value>92</Value></HeartRateBpm><Extensions><ns3:TPX><ns3:Speed>0.0</ns3:Speed></ns3:TPX></Extensions></Trackpoint><Trackpoint><Time>2025-07-04T21:51:08Z</Time><HeartRateBpm><Value>93</Value></HeartRateBpm><Extensions><ns3:TPX><ns3:Speed>0.0</ns3:Speed></ns3:TPX></Extensions></Trackpoint><Trackpoint><Time>2025-07-04T21:51:11Z</Time><HeartRateBpm><Value>94</Value></HeartRateBpm><Extensions><ns3:TPX><ns3:Speed>0.0</ns3:Speed></ns3:TPX></Extensions></Trackpoint><Trackpoint><Time>2025-07-04T21:51:13Z</Time><HeartRateBpm><Value>95</Value></HeartRateBpm><Extensions><ns3:TPX><ns3:Speed>0.0</ns3:Speed></ns3:TPX></Extensions></Trackpoint><Trackpoint><Time>2025-07-04T21:51:17Z</Time><HeartRateBpm><Value>96</Value></HeartRateBpm><Extensions><ns3:TPX><ns3:Speed>0.0</ns3:Speed></ns3:TPX></Extensions></Trackpoint><Trackpoint><Time>2025-07-04T21:51:19Z</Time><HeartRateBpm><Value>97</Value></HeartRateBpm><Extensions><ns3:TPX><ns3:Speed>0.0</ns3:Speed></ns3:TPX></Extensions></Trackpoint><Trackpoint><Time>2025-07-04T21:51:21Z</Time><HeartRateBpm><Value>96</Value></HeartRateBpm><Extensions><ns3:TPX><ns3:Speed>0.0</ns3:Speed></ns3:TPX></Extensions></Trackpoint><Trackpoint><Time>2025-07-04T21:51:22Z</Time><HeartRateBpm><Value>97</Value></HeartRateBpm><Extensions><ns3:TPX><ns3:Speed>0.0</ns3:Speed></ns3:TPX></Extensions></Trackpoint><Trackpoint><Time>2025-07-04T21:51:23Z</Time><HeartRateBpm><Value>98</Value></HeartRateBpm><Extensions><ns3:TPX><ns3:Speed>0.0</ns3:Speed></ns3:TPX></Extensions></Trackpoint><Trackpoint><Time>2025-07-04T21:51:25Z</Time><HeartRateBpm><Value>99</Value></HeartRateBpm><Extensions><ns3:TPX><ns3:Speed>0.0</ns3:Speed></ns3:TPX></Extensions></Trackpoint><Trackpoint><Time>2025-07-04T21:51:28Z</Time><HeartRateBpm><Value>100</Value></HeartRateBpm><Extensions><ns3:TPX><ns3:Speed>0.0</ns3:Speed></ns3:TPX></Extensions></Trackpoint><Trackpoint><Time>2025-07-04T21:51:33Z</Time><HeartRateBpm><Value>100</Value></HeartRateBpm><Extensions><ns3:TPX><ns3:Speed>0.0</ns3:Speed></ns3:TPX></Extensions></Trackpoint><Trackpoint><Time>2025-07-04T21:51:35Z</Time><HeartRateBpm><Value>101</Value></HeartRateBpm><Extensions><ns3:TPX><ns3:Speed>0.0</ns3:Speed></ns3:TPX></Extensions></Trackpoint><Trackpoint><Time>2025-07-04T21:51:38Z</Time><HeartRateBpm><Value>102</Value></HeartRateBpm><Extensions><ns3:TPX><ns3:Speed>0.0</ns3:Speed></ns3:TPX></Extensions></Trackpoint><Trackpoint><Time>2025-07-04T21:51:43Z</Time><HeartRateBpm><Value>101</Value></HeartRateBpm><Extensions><ns3:TPX><ns3:Speed>0.0</ns3:Speed></ns3:TPX></Extensions></Trackpoint><Trackpoint><Time>2025-07-04T21:51:44Z</Time><HeartRateBpm><Value>100</Value></HeartRateBpm><Extensions><ns3:TPX><ns3:Speed>0.0</ns3:Speed></ns3:TPX></Extensions></Trackpoint><Trackpoint><Time>2025-07-04T21:51:45Z</Time><HeartRateBpm><Value>99</Value></HeartRateBpm><Extensions><ns3:TPX><ns3:Speed>0.0</ns3:Speed></ns3:TPX></Extensions></Trackpoint><Trackpoint><Time>2025-07-04T21:51:46Z</Time><HeartRateBpm><Value>97</Value></HeartRateBpm><Extensions><ns3:TPX><ns3:Speed>0.0</ns3:Speed></ns3:TPX></Extensions></Trackpoint><Trackpoint><Time>2025-07-04T21:51:47Z</Time><HeartRateBpm><Value>95</Value></HeartRateBpm><Extensions><ns3:TPX><ns3:Speed>0.0</ns3:Speed></ns3:TPX></Extensions></Trackpoint><Trackpoint><Time>2025-07-04T21:51:48Z</Time><HeartRateBpm><Value>93</Value></HeartRateBpm><Extensions><ns3:TPX><ns3:Speed>0.0</ns3:Speed></ns3:TPX></Extensions></Trackpoint><Trackpoint><Time>2025-07-04T21:51:50Z</Time><HeartRateBpm><Value>90</Value></HeartRateBpm><Extensions><ns3:TPX><ns3:Speed>0.0</ns3:Speed></ns3:TPX></Extensions></Trackpoint><Trackpoint><Time>2025-07-04T21:51:56Z</Time><HeartRateBpm><Value>90</Value></HeartRateBpm><Extensions><ns3:TPX><ns3:Speed>0.0</ns3:Speed></ns3:TPX></Extensions></Trackpoint><Trackpoint><Time>2025-07-04T21:51:58Z</Time><HeartRateBpm><Value>89</Value></HeartRateBpm><Extensions><ns3:TPX><ns3:Speed>0.0</ns3:Speed></ns3:TPX></Extensions></Trackpoint><Trackpoint><Time>2025-07-04T21:51:59Z</Time><HeartRateBpm><Value>88</Value></HeartRateBpm><Extensions><ns3:TPX><ns3:Speed>0.0</ns3:Speed></ns3:TPX></Extensions></Trackpoint><Trackpoint><Time>2025-07-04T21:52:02Z</Time><HeartRateBpm><Value>87</Value></HeartRateBpm><Extensions><ns3:TPX><ns3:Speed>0.0</ns3:Speed></ns3:TPX></Extensions></Trackpoint><Trackpoint><Time>2025-07-04T21:52:06Z</Time><HeartRateBpm><Value>88</Value></HeartRateBpm><Extensions><ns3:TPX><ns3:Speed>0.0</ns3:Speed></ns3:TPX></Extensions></Trackpoint><Trackpoint><Time>2025-07-04T21:52:08Z</Time><HeartRateBpm><Value>89</Value></HeartRateBpm><Extensions><ns3:TPX><ns3:Speed>0.0</ns3:Speed></ns3:TPX></Extensions></Trackpoint><Trackpoint><Time>2025-07-04T21:52:14Z</Time><HeartRateBpm><Value>90</Value></HeartRateBpm><Extensions><ns3:TPX><ns3:Speed>0.0</ns3:Speed></ns3:TPX></Extensions></Trackpoint><Trackpoint><Time>2025-07-04T21:52:15Z</Time><HeartRateBpm><Value>91</Value></HeartRateBpm><Extensions><ns3:TPX><ns3:Speed>0.0</ns3:Speed></ns3:TPX></Extensions></Trackpoint><Trackpoint><Time>2025-07-04T21:52:16Z</Time><HeartRateBpm><Value>93</Value></HeartRateBpm><Extensions><ns3:TPX><ns3:Speed>0.0</ns3:Speed></ns3:TPX></Extensions></Trackpoint><Trackpoint><Time>2025-07-04T21:52:17Z</Time><HeartRateBpm><Value>94</Value></HeartRateBpm><Extensions><ns3:TPX><ns3:Speed>0.0</ns3:Speed></ns3:TPX></Extensions></Trackpoint><Trackpoint><Time>2025-07-04T21:52:18Z</Time><HeartRateBpm><Value>96</Value></HeartRateBpm><Extensions><ns3:TPX><ns3:Speed>0.0</ns3:Speed></ns3:TPX></Extensions></Trackpoint><Trackpoint><Time>2025-07-04T21:52:20Z</Time><HeartRateBpm><Value>97</Value></HeartRateBpm><Extensions><ns3:TPX><ns3:Speed>0.0</ns3:Speed></ns3:TPX></Extensions></Trackpoint><Trackpoint><Time>2025-07-04T21:52:21Z</Time><HeartRateBpm><Value>98</Value></HeartRateBpm><Extensions><ns3:TPX><ns3:Speed>0.0</ns3:Speed></ns3:TPX></Extensions></Trackpoint><Trackpoint><Time>2025-07-04T21:52:22Z</Time><HeartRateBpm><Value>94</Value></HeartRateBpm><Extensions><ns3:TPX><ns3:Speed>0.0</ns3:Speed></ns3:TPX></Extensions></Trackpoint><Trackpoint><Time>2025-07-04T21:52:23Z</Time><HeartRateBpm><Value>97</Value></HeartRateBpm><Extensions><ns3:TPX><ns3:Speed>0.0</ns3:Speed></ns3:TPX></Extensions></Trackpoint><Trackpoint><Time>2025-07-04T21:52:24Z</Time><HeartRateBpm><Value>94</Value></HeartRateBpm><Extensions><ns3:TPX><ns3:Speed>0.0</ns3:Speed></ns3:TPX></Extensions></Trackpoint><Trackpoint><Time>2025-07-04T21:52:26Z</Time><HeartRateBpm><Value>92</Value></HeartRateBpm><Extensions><ns3:TPX><ns3:Speed>0.0</ns3:Speed></ns3:TPX></Extensions></Trackpoint><Trackpoint><Time>2025-07-04T21:52:27Z</Time><HeartRateBpm><Value>91</Value></HeartRateBpm><Extensions><ns3:TPX><ns3:Speed>0.0</ns3:Speed></ns3:TPX></Extensions></Trackpoint><Trackpoint><Time>2025-07-04T21:52:29Z</Time><HeartRateBpm><Value>89</Value></HeartRateBpm><Extensions><ns3:TPX><ns3:Speed>0.0</ns3:Speed></ns3:TPX></Extensions></Trackpoint><Trackpoint><Time>2025-07-04T21:52:30Z</Time><HeartRateBpm><Value>87</Value></HeartRateBpm><Extensions><ns3:TPX><ns3:Speed>0.0</ns3:Speed></ns3:TPX></Extensions></Trackpoint><Trackpoint><Time>2025-07-04T21:52:35Z</Time><HeartRateBpm><Value>87</Value></HeartRateBpm><Extensions><ns3:TPX><ns3:Speed>0.0</ns3:Speed></ns3:TPX></Extensions></Trackpoint><Trackpoint><Time>2025-07-04T21:52:40Z</Time><HeartRateBpm><Value>87</Value></HeartRateBpm><Extensions><ns3:TPX><ns3:Speed>0.0</ns3:Speed></ns3:TPX></Extensions></Trackpoint><Trackpoint><Time>2025-07-04T21:52:41Z</Time><HeartRateBpm><Value>86</Value></HeartRateBpm><Extensions><ns3:TPX><ns3:Speed>0.0</ns3:Speed></ns3:TPX></Extensions></Trackpoint><Trackpoint><Time>2025-07-04T21:52:46Z</Time><HeartRateBpm><Value>86</Value></HeartRateBpm><Extensions><ns3:TPX><ns3:Speed>0.0</ns3:Speed></ns3:TPX></Extensions></Trackpoint><Trackpoint><Time>2025-07-04T21:52:47Z</Time><HeartRateBpm><Value>87</Value></HeartRateBpm><Extensions><ns3:TPX><ns3:Speed>0.0</ns3:Speed></ns3:TPX></Extensions></Trackpoint><Trackpoint><Time>2025-07-04T21:52:51Z</Time><HeartRateBpm><Value>88</Value></HeartRateBpm><Extensions><ns3:TPX><ns3:Speed>0.0</ns3:Speed></ns3:TPX></Extensions></Trackpoint><Trackpoint><Time>2025-07-04T21:52:52Z</Time><HeartRateBpm><Value>89</Value></HeartRateBpm><Extensions><ns3:TPX><ns3:Speed>0.0</ns3:Speed></ns3:TPX></Extensions></Trackpoint><Trackpoint><Time>2025-07-04T21:52:57Z</Time><HeartRateBpm><Value>88</Value></HeartRateBpm><Extensions><ns3:TPX><ns3:Speed>0.0</ns3:Speed></ns3:TPX></Extensions></Trackpoint><Trackpoint><Time>2025-07-04T21:53:00Z</Time><HeartRateBpm><Value>89</Value></HeartRateBpm><Extensions><ns3:TPX><ns3:Speed>0.0</ns3:Speed></ns3:TPX></Extensions></Trackpoint><Trackpoint><Time>2025-07-04T21:53:02Z</Time><HeartRateBpm><Value>90</Value></HeartRateBpm><Extensions><ns3:TPX><ns3:Speed>0.0</ns3:Speed></ns3:TPX></Extensions></Trackpoint><Trackpoint><Time>2025-07-04T21:53:03Z</Time><HeartRateBpm><Value>91</Value></HeartRateBpm><Extensions><ns3:TPX><ns3:Speed>0.0</ns3:Speed></ns3:TPX></Extensions></Trackpoint><Trackpoint><Time>2025-07-04T21:53:05Z</Time><HeartRateBpm><Value>90</Value></HeartRateBpm><Extensions><ns3:TPX><ns3:Speed>0.0</ns3:Speed></ns3:TPX></Extensions></Trackpoint><Trackpoint><Time>2025-07-04T21:53:10Z</Time><HeartRateBpm><Value>90</Value></HeartRateBpm><Extensions><ns3:TPX><ns3:Speed>0.0</ns3:Speed></ns3:TPX></Extensions></Trackpoint><Trackpoint><Time>2025-07-04T21:53:11Z</Time><HeartRateBpm><Value>91</Value></HeartRateBpm><Extensions><ns3:TPX><ns3:Speed>0.0</ns3:Speed></ns3:TPX></Extensions></Trackpoint><Trackpoint><Time>2025-07-04T21:53:14Z</Time><HeartRateBpm><Value>92</Value></HeartRateBpm><Extensions><ns3:TPX><ns3:Speed>0.0</ns3:Speed></ns3:TPX></Extensions></Trackpoint><Trackpoint><Time>2025-07-04T21:53:17Z</Time><HeartRateBpm><Value>91</Value></HeartRateBpm><Extensions><ns3:TPX><ns3:Speed>0.0</ns3:Speed></ns3:TPX></Extensions></Trackpoint><Trackpoint><Time>2025-07-04T21:53:18Z</Time><HeartRateBpm><Value>89</Value></HeartRateBpm><Extensions><ns3:TPX><ns3:Speed>0.0</ns3:Speed></ns3:TPX></Extensions></Trackpoint><Trackpoint><Time>2025-07-04T21:53:21Z</Time><HeartRateBpm><Value>88</Value></HeartRateBpm><Extensions><ns3:TPX><ns3:Speed>0.0</ns3:Speed></ns3:TPX></Extensions></Trackpoint><Trackpoint><Time>2025-07-04T21:53:23Z</Time><HeartRateBpm><Value>89</Value></HeartRateBpm><Extensions><ns3:TPX><ns3:Speed>0.0</ns3:Speed></ns3:TPX></Extensions></Trackpoint><Trackpoint><Time>2025-07-04T21:53:28Z</Time><HeartRateBpm><Value>89</Value></HeartRateBpm><Extensions><ns3:TPX><ns3:Speed>0.0</ns3:Speed></ns3:TPX></Extensions></Trackpoint><Trackpoint><Time>2025-07-04T21:53:29Z</Time><HeartRateBpm><Value>88</Value></HeartRateBpm><Extensions><ns3:TPX><ns3:Speed>0.0</ns3:Speed></ns3:TPX></Extensions></Trackpoint><Trackpoint><Time>2025-07-04T21:53:33Z</Time><HeartRateBpm><Value>87</Value></HeartRateBpm><Extensions><ns3:TPX><ns3:Speed>0.0</ns3:Speed></ns3:TPX></Extensions></Trackpoint><Trackpoint><Time>2025-07-04T21:53:34Z</Time><HeartRateBpm><Value>86</Value></HeartRateBpm><Extensions><ns3:TPX><ns3:Speed>0.0</ns3:Speed></ns3:TPX></Extensions></Trackpoint><Trackpoint><Time>2025-07-04T21:53:35Z</Time><HeartRateBpm><Value>82</Value></HeartRateBpm><Extensions><ns3:TPX><ns3:Speed>0.0</ns3:Speed></ns3:TPX></Extensions></Trackpoint><Trackpoint><Time>2025-07-04T21:53:36Z</Time><HeartRateBpm><Value>80</Value></HeartRateBpm><Extensions><ns3:TPX><ns3:Speed>0.0</ns3:Speed></ns3:TPX></Extensions></Trackpoint><Trackpoint><Time>2025-07-04T21:53:37Z</Time><HeartRateBpm><Value>79</Value></HeartRateBpm><Extensions><ns3:TPX><ns3:Speed>0.0</ns3:Speed></ns3:TPX></Extensions></Trackpoint><Trackpoint><Time>2025-07-04T21:53:42Z</Time><HeartRateBpm><Value>78</Value></HeartRateBpm><Extensions><ns3:TPX><ns3:Speed>0.0</ns3:Speed></ns3:TPX></Extensions></Trackpoint><Trackpoint><Time>2025-07-04T21:53:47Z</Time><HeartRateBpm><Value>78</Value></HeartRateBpm><Extensions><ns3:TPX><ns3:Speed>0.0</ns3:Speed></ns3:TPX></Extensions></Trackpoint><Trackpoint><Time>2025-07-04T21:53:49Z</Time><HeartRateBpm><Value>79</Value></HeartRateBpm><Extensions><ns3:TPX><ns3:Speed>0.0</ns3:Speed></ns3:TPX></Extensions></Trackpoint><Trackpoint><Time>2025-07-04T21:53:53Z</Time><HeartRateBpm><Value>80</Value></HeartRateBpm><Extensions><ns3:TPX><ns3:Speed>0.0</ns3:Speed></ns3:TPX></Extensions></Trackpoint><Trackpoint><Time>2025-07-04T21:53:54Z</Time><HeartRateBpm><Value>82</Value></HeartRateBpm><Extensions><ns3:TPX><ns3:Speed>0.0</ns3:Speed></ns3:TPX></Extensions></Trackpoint><Trackpoint><Time>2025-07-04T21:53:57Z</Time><HeartRateBpm><Value>83</Value></HeartRateBpm><Extensions><ns3:TPX><ns3:Speed>0.0</ns3:Speed></ns3:TPX></Extensions></Trackpoint><Trackpoint><Time>2025-07-04T21:53:58Z</Time><HeartRateBpm><Value>85</Value></HeartRateBpm><Extensions><ns3:TPX><ns3:Speed>0.0</ns3:Speed></ns3:TPX></Extensions></Trackpoint><Trackpoint><Time>2025-07-04T21:54:00Z</Time><HeartRateBpm><Value>84</Value></HeartRateBpm><Extensions><ns3:TPX><ns3:Speed>0.0</ns3:Speed></ns3:TPX></Extensions></Trackpoint><Trackpoint><Time>2025-07-04T21:54:05Z</Time><HeartRateBpm><Value>84</Value></HeartRateBpm><Extensions><ns3:TPX><ns3:Speed>0.0</ns3:Speed></ns3:TPX></Extensions></Trackpoint><Trackpoint><Time>2025-07-04T21:54:07Z</Time><HeartRateBpm><Value>85</Value></HeartRateBpm><Extensions><ns3:TPX><ns3:Speed>0.0</ns3:Speed></ns3:TPX></Extensions></Trackpoint><Trackpoint><Time>2025-07-04T21:54:11Z</Time><HeartRateBpm><Value>84</Value></HeartRateBpm><Extensions><ns3:TPX><ns3:Speed>0.0</ns3:Speed></ns3:TPX></Extensions></Trackpoint><Trackpoint><Time>2025-07-04T21:54:16Z</Time><HeartRateBpm><Value>84</Value></HeartRateBpm><Extensions><ns3:TPX><ns3:Speed>0.0</ns3:Speed></ns3:TPX></Extensions></Trackpoint><Trackpoint><Time>2025-07-04T21:54:18Z</Time><HeartRateBpm><Value>85</Value></HeartRateBpm><Extensions><ns3:TPX><ns3:Speed>0.0</ns3:Speed></ns3:TPX></Extensions></Trackpoint><Trackpoint><Time>2025-07-04T21:54:20Z</Time><HeartRateBpm><Value>86</Value></HeartRateBpm><Extensions><ns3:TPX><ns3:Speed>0.0</ns3:Speed></ns3:TPX></Extensions></Trackpoint><Trackpoint><Time>2025-07-04T21:54:25Z</Time><HeartRateBpm><Value>85</Value></HeartRateBpm><Extensions><ns3:TPX><ns3:Speed>0.0</ns3:Speed></ns3:TPX></Extensions></Trackpoint><Trackpoint><Time>2025-07-04T21:54:26Z</Time><HeartRateBpm><Value>84</Value></HeartRateBpm><Extensions><ns3:TPX><ns3:Speed>0.0</ns3:Speed></ns3:TPX></Extensions></Trackpoint><Trackpoint><Time>2025-07-04T21:54:28Z</Time><HeartRateBpm><Value>83</Value></HeartRateBpm><Extensions><ns3:TPX><ns3:Speed>0.0</ns3:Speed></ns3:TPX></Extensions></Trackpoint><Trackpoint><Time>2025-07-04T21:54:30Z</Time><HeartRateBpm><Value>84</Value></HeartRateBpm><Extensions><ns3:TPX><ns3:Speed>0.0</ns3:Speed></ns3:TPX></Extensions></Trackpoint><Trackpoint><Time>2025-07-04T21:54:31Z</Time><HeartRateBpm><Value>86</Value></HeartRateBpm><Extensions><ns3:TPX><ns3:Speed>0.0</ns3:Speed></ns3:TPX></Extensions></Trackpoint><Trackpoint><Time>2025-07-04T21:54:32Z</Time><HeartRateBpm><Value>87</Value></HeartRateBpm><Extensions><ns3:TPX><ns3:Speed>0.0</ns3:Speed></ns3:TPX></Extensions></Trackpoint><Trackpoint><Time>2025-07-04T21:54:37Z</Time><HeartRateBpm><Value>87</Value></HeartRateBpm><Extensions><ns3:TPX><ns3:Speed>0.0</ns3:Speed></ns3:TPX></Extensions></Trackpoint><Trackpoint><Time>2025-07-04T21:54:38Z</Time><HeartRateBpm><Value>88</Value></HeartRateBpm><Extensions><ns3:TPX><ns3:Speed>0.0</ns3:Speed></ns3:TPX></Extensions></Trackpoint><Trackpoint><Time>2025-07-04T21:54:43Z</Time><HeartRateBpm><Value>88</Value></HeartRateBpm><Extensions><ns3:TPX><ns3:Speed>0.0</ns3:Speed></ns3:TPX></Extensions></Trackpoint><Trackpoint><Time>2025-07-04T21:54:44Z</Time><HeartRateBpm><Value>89</Value></HeartRateBpm><Extensions><ns3:TPX><ns3:Speed>0.0</ns3:Speed></ns3:TPX></Extensions></Trackpoint><Trackpoint><Time>2025-07-04T21:54:49Z</Time><HeartRateBpm><Value>89</Value></HeartRateBpm><Extensions><ns3:TPX><ns3:Speed>0.0</ns3:Speed></ns3:TPX></Extensions></Trackpoint><Trackpoint><Time>2025-07-04T21:54:50Z</Time><HeartRateBpm><Value>90</Value></HeartRateBpm><Extensions><ns3:TPX><ns3:Speed>0.0</ns3:Speed></ns3:TPX></Extensions></Trackpoint><Trackpoint><Time>2025-07-04T21:54:54Z</Time><HeartRateBpm><Value>91</Value></HeartRateBpm><Extensions><ns3:TPX><ns3:Speed>0.0</ns3:Speed></ns3:TPX></Extensions></Trackpoint><Trackpoint><Time>2025-07-04T21:54:55Z</Time><HeartRateBpm><Value>92</Value></HeartRateBpm><Extensions><ns3:TPX><ns3:Speed>0.0</ns3:Speed></ns3:TPX></Extensions></Trackpoint><Trackpoint><Time>2025-07-04T21:54:58Z</Time><HeartRateBpm><Value>93</Value></HeartRateBpm><Extensions><ns3:TPX><ns3:Speed>0.0</ns3:Speed></ns3:TPX></Extensions></Trackpoint><Trackpoint><Time>2025-07-04T21:54:59Z</Time><HeartRateBpm><Value>94</Value></HeartRateBpm><Extensions><ns3:TPX><ns3:Speed>0.0</ns3:Speed></ns3:TPX></Extensions></Trackpoint><Trackpoint><Time>2025-07-04T21:55:01Z</Time><HeartRateBpm><Value>93</Value></HeartRateBpm><Extensions><ns3:TPX><ns3:Speed>0.0</ns3:Speed></ns3:TPX></Extensions></Trackpoint><Trackpoint><Time>2025-07-04T21:55:04Z</Time><HeartRateBpm><Value>92</Value></HeartRateBpm><Extensions><ns3:TPX><ns3:Speed>0.0</ns3:Speed></ns3:TPX></Extensions></Trackpoint><Trackpoint><Time>2025-07-04T21:55:09Z</Time><HeartRateBpm><Value>94</Value></HeartRateBpm><Extensions><ns3:TPX><ns3:Speed>0.0</ns3:Speed></ns3:TPX></Extensions></Trackpoint><Trackpoint><Time>2025-07-04T21:55:11Z</Time><HeartRateBpm><Value>96</Value></HeartRateBpm><Extensions><ns3:TPX><ns3:Speed>0.0</ns3:Speed></ns3:TPX></Extensions></Trackpoint><Trackpoint><Time>2025-07-04T21:55:12Z</Time><HeartRateBpm><Value>97</Value></HeartRateBpm><Extensions><ns3:TPX><ns3:Speed>0.0</ns3:Speed></ns3:TPX></Extensions></Trackpoint><Trackpoint><Time>2025-07-04T21:55:13Z</Time><HeartRateBpm><Value>98</Value></HeartRateBpm><Extensions><ns3:TPX><ns3:Speed>0.0</ns3:Speed></ns3:TPX></Extensions></Trackpoint><Trackpoint><Time>2025-07-04T21:55:14Z</Time><HeartRateBpm><Value>97</Value></HeartRateBpm><Extensions><ns3:TPX><ns3:Speed>0.0</ns3:Speed></ns3:TPX></Extensions></Trackpoint><Trackpoint><Time>2025-07-04T21:55:15Z</Time><HeartRateBpm><Value>96</Value></HeartRateBpm><Extensions><ns3:TPX><ns3:Speed>0.0</ns3:Speed></ns3:TPX></Extensions></Trackpoint><Trackpoint><Time>2025-07-04T21:55:18Z</Time><HeartRateBpm><Value>95</Value></HeartRateBpm><Extensions><ns3:TPX><ns3:Speed>0.0</ns3:Speed></ns3:TPX></Extensions></Trackpoint><Trackpoint><Time>2025-07-04T21:55:23Z</Time><HeartRateBpm><Value>95</Value></HeartRateBpm><Extensions><ns3:TPX><ns3:Speed>0.0</ns3:Speed></ns3:TPX></Extensions></Trackpoint><Trackpoint><Time>2025-07-04T21:55:26Z</Time><HeartRateBpm><Value>96</Value></HeartRateBpm><Extensions><ns3:TPX><ns3:Speed>0.0</ns3:Speed></ns3:TPX></Extensions></Trackpoint><Trackpoint><Time>2025-07-04T21:55:31Z</Time><HeartRateBpm><Value>95</Value></HeartRateBpm><Extensions><ns3:TPX><ns3:Speed>0.0</ns3:Speed></ns3:TPX></Extensions></Trackpoint><Trackpoint><Time>2025-07-04T21:55:34Z</Time><HeartRateBpm><Value>94</Value></HeartRateBpm><Extensions><ns3:TPX><ns3:Speed>0.0</ns3:Speed></ns3:TPX></Extensions></Trackpoint><Trackpoint><Time>2025-07-04T21:55:35Z</Time><HeartRateBpm><Value>93</Value></HeartRateBpm><Extensions><ns3:TPX><ns3:Speed>0.0</ns3:Speed></ns3:TPX></Extensions></Trackpoint><Trackpoint><Time>2025-07-04T21:55:40Z</Time><HeartRateBpm><Value>93</Value></HeartRateBpm><Extensions><ns3:TPX><ns3:Speed>0.0</ns3:Speed></ns3:TPX></Extensions></Trackpoint><Trackpoint><Time>2025-07-04T21:55:43Z</Time><HeartRateBpm><Value>94</Value></HeartRateBpm><Extensions><ns3:TPX><ns3:Speed>0.0</ns3:Speed></ns3:TPX></Extensions></Trackpoint><Trackpoint><Time>2025-07-04T21:55:48Z</Time><HeartRateBpm><Value>94</Value></HeartRateBpm><Extensions><ns3:TPX><ns3:Speed>0.0</ns3:Speed></ns3:TPX></Extensions></Trackpoint><Trackpoint><Time>2025-07-04T21:55:49Z</Time><HeartRateBpm><Value>92</Value></HeartRateBpm><Extensions><ns3:TPX><ns3:Speed>0.0</ns3:Speed></ns3:TPX></Extensions></Trackpoint><Trackpoint><Time>2025-07-04T21:55:50Z</Time><HeartRateBpm><Value>91</Value></HeartRateBpm><Extensions><ns3:TPX><ns3:Speed>0.0</ns3:Speed></ns3:TPX></Extensions></Trackpoint><Trackpoint><Time>2025-07-04T21:55:52Z</Time><HeartRateBpm><Value>89</Value></HeartRateBpm><Extensions><ns3:TPX><ns3:Speed>0.0</ns3:Speed></ns3:TPX></Extensions></Trackpoint><Trackpoint><Time>2025-07-04T21:55:53Z</Time><HeartRateBpm><Value>88</Value></HeartRateBpm><Extensions><ns3:TPX><ns3:Speed>0.0</ns3:Speed></ns3:TPX></Extensions></Trackpoint><Trackpoint><Time>2025-07-04T21:55:55Z</Time><HeartRateBpm><Value>89</Value></HeartRateBpm><Extensions><ns3:TPX><ns3:Speed>0.0</ns3:Speed></ns3:TPX></Extensions></Trackpoint><Trackpoint><Time>2025-07-04T21:55:56Z</Time><HeartRateBpm><Value>90</Value></HeartRateBpm><Extensions><ns3:TPX><ns3:Speed>0.0</ns3:Speed></ns3:TPX></Extensions></Trackpoint><Trackpoint><Time>2025-07-04T21:56:01Z</Time><HeartRateBpm><Value>90</Value></HeartRateBpm><Extensions><ns3:TPX><ns3:Speed>0.0</ns3:Speed></ns3:TPX></Extensions></Trackpoint><Trackpoint><Time>2025-07-04T21:56:05Z</Time><HeartRateBpm><Value>91</Value></HeartRateBpm><Extensions><ns3:TPX><ns3:Speed>0.0</ns3:Speed></ns3:TPX></Extensions></Trackpoint><Trackpoint><Time>2025-07-04T21:56:11Z</Time><HeartRateBpm><Value>91</Value></HeartRateBpm><Extensions><ns3:TPX><ns3:Speed>0.0</ns3:Speed></ns3:TPX></Extensions></Trackpoint><Trackpoint><Time>2025-07-04T21:56:13Z</Time><HeartRateBpm><Value>93</Value></HeartRateBpm><Extensions><ns3:TPX><ns3:Speed>0.0</ns3:Speed></ns3:TPX></Extensions></Trackpoint><Trackpoint><Time>2025-07-04T21:56:14Z</Time><HeartRateBpm><Value>94</Value></HeartRateBpm><Extensions><ns3:TPX><ns3:Speed>0.0</ns3:Speed></ns3:TPX></Extensions></Trackpoint><Trackpoint><Time>2025-07-04T21:56:15Z</Time><HeartRateBpm><Value>95</Value></HeartRateBpm><Extensions><ns3:TPX><ns3:Speed>0.0</ns3:Speed></ns3:TPX></Extensions></Trackpoint><Trackpoint><Time>2025-07-04T21:56:18Z</Time><HeartRateBpm><Value>94</Value></HeartRateBpm><Extensions><ns3:TPX><ns3:Speed>0.0</ns3:Speed></ns3:TPX></Extensions></Trackpoint><Trackpoint><Time>2025-07-04T21:56:19Z</Time><HeartRateBpm><Value>93</Value></HeartRateBpm><Extensions><ns3:TPX><ns3:Speed>0.0</ns3:Speed></ns3:TPX></Extensions></Trackpoint><Trackpoint><Time>2025-07-04T21:56:24Z</Time><HeartRateBpm><Value>93</Value></HeartRateBpm><Extensions><ns3:TPX><ns3:Speed>0.0</ns3:Speed></ns3:TPX></Extensions></Trackpoint><Trackpoint><Time>2025-07-04T21:56:26Z</Time><HeartRateBpm><Value>92</Value></HeartRateBpm><Extensions><ns3:TPX><ns3:Speed>0.0</ns3:Speed></ns3:TPX></Extensions></Trackpoint><Trackpoint><Time>2025-07-04T21:56:30Z</Time><HeartRateBpm><Value>93</Value></HeartRateBpm><Extensions><ns3:TPX><ns3:Speed>0.0</ns3:Speed></ns3:TPX></Extensions></Trackpoint><Trackpoint><Time>2025-07-04T21:56:33Z</Time><HeartRateBpm><Value>92</Value></HeartRateBpm><Extensions><ns3:TPX><ns3:Speed>0.0</ns3:Speed></ns3:TPX></Extensions></Trackpoint><Trackpoint><Time>2025-07-04T21:56:38Z</Time><HeartRateBpm><Value>93</Value></HeartRateBpm><Extensions><ns3:TPX><ns3:Speed>0.0</ns3:Speed></ns3:TPX></Extensions></Trackpoint><Trackpoint><Time>2025-07-04T21:56:39Z</Time><HeartRateBpm><Value>92</Value></HeartRateBpm><Extensions><ns3:TPX><ns3:Speed>0.0</ns3:Speed></ns3:TPX></Extensions></Trackpoint><Trackpoint><Time>2025-07-04T21:56:41Z</Time><HeartRateBpm><Value>91</Value></HeartRateBpm><Extensions><ns3:TPX><ns3:Speed>0.0</ns3:Speed></ns3:TPX></Extensions></Trackpoint><Trackpoint><Time>2025-07-04T21:56:42Z</Time><HeartRateBpm><Value>90</Value></HeartRateBpm><Extensions><ns3:TPX><ns3:Speed>0.0</ns3:Speed></ns3:TPX></Extensions></Trackpoint><Trackpoint><Time>2025-07-04T21:56:43Z</Time><HeartRateBpm><Value>89</Value></HeartRateBpm><Extensions><ns3:TPX><ns3:Speed>0.0</ns3:Speed></ns3:TPX></Extensions></Trackpoint><Trackpoint><Time>2025-07-04T21:56:48Z</Time><HeartRateBpm><Value>90</Value></HeartRateBpm><Extensions><ns3:TPX><ns3:Speed>0.0</ns3:Speed></ns3:TPX></Extensions></Trackpoint><Trackpoint><Time>2025-07-04T21:56:51Z</Time><HeartRateBpm><Value>91</Value></HeartRateBpm><Extensions><ns3:TPX><ns3:Speed>0.0</ns3:Speed></ns3:TPX></Extensions></Trackpoint><Trackpoint><Time>2025-07-04T21:56:53Z</Time><HeartRateBpm><Value>92</Value></HeartRateBpm><Extensions><ns3:TPX><ns3:Speed>0.0</ns3:Speed></ns3:TPX></Extensions></Trackpoint><Trackpoint><Time>2025-07-04T21:56:57Z</Time><HeartRateBpm><Value>92</Value></HeartRateBpm><Extensions><ns3:TPX><ns3:Speed>0.0</ns3:Speed></ns3:TPX></Extensions></Trackpoint><Trackpoint><Time>2025-07-04T21:57:00Z</Time><HeartRateBpm><Value>91</Value></HeartRateBpm><Extensions><ns3:TPX><ns3:Speed>0.0</ns3:Speed></ns3:TPX></Extensions></Trackpoint><Trackpoint><Time>2025-07-04T21:57:01Z</Time><HeartRateBpm><Value>92</Value></HeartRateBpm><Extensions><ns3:TPX><ns3:Speed>0.0</ns3:Speed></ns3:TPX></Extensions></Trackpoint><Trackpoint><Time>2025-07-04T21:57:02Z</Time><HeartRateBpm><Value>91</Value></HeartRateBpm><Extensions><ns3:TPX><ns3:Speed>0.0</ns3:Speed></ns3:TPX></Extensions></Trackpoint><Trackpoint><Time>2025-07-04T21:57:03Z</Time><HeartRateBpm><Value>89</Value></HeartRateBpm><Extensions><ns3:TPX><ns3:Speed>0.0</ns3:Speed></ns3:TPX></Extensions></Trackpoint><Trackpoint><Time>2025-07-04T21:57:06Z</Time><HeartRateBpm><Value>88</Value></HeartRateBpm><Extensions><ns3:TPX><ns3:Speed>0.0</ns3:Speed></ns3:TPX></Extensions></Trackpoint><Trackpoint><Time>2025-07-04T21:57:08Z</Time><HeartRateBpm><Value>86</Value></HeartRateBpm><Extensions><ns3:TPX><ns3:Speed>0.0</ns3:Speed></ns3:TPX></Extensions></Trackpoint><Trackpoint><Time>2025-07-04T21:57:09Z</Time><HeartRateBpm><Value>85</Value></HeartRateBpm><Extensions><ns3:TPX><ns3:Speed>0.0</ns3:Speed></ns3:TPX></Extensions></Trackpoint><Trackpoint><Time>2025-07-04T21:57:14Z</Time><HeartRateBpm><Value>85</Value></HeartRateBpm><Extensions><ns3:TPX><ns3:Speed>0.0</ns3:Speed></ns3:TPX></Extensions></Trackpoint><Trackpoint><Time>2025-07-04T21:57:19Z</Time><HeartRateBpm><Value>85</Value></HeartRateBpm><Extensions><ns3:TPX><ns3:Speed>0.0</ns3:Speed></ns3:TPX></Extensions></Trackpoint><Trackpoint><Time>2025-07-04T21:57:20Z</Time><HeartRateBpm><Value>86</Value></HeartRateBpm><Extensions><ns3:TPX><ns3:Speed>0.0</ns3:Speed></ns3:TPX></Extensions></Trackpoint><Trackpoint><Time>2025-07-04T21:57:21Z</Time><HeartRateBpm><Value>84</Value></HeartRateBpm><Extensions><ns3:TPX><ns3:Speed>0.0</ns3:Speed></ns3:TPX></Extensions></Trackpoint><Trackpoint><Time>2025-07-04T21:57:26Z</Time><HeartRateBpm><Value>84</Value></HeartRateBpm><Extensions><ns3:TPX><ns3:Speed>0.0</ns3:Speed></ns3:TPX></Extensions></Trackpoint><Trackpoint><Time>2025-07-04T21:57:27Z</Time><HeartRateBpm><Value>85</Value></HeartRateBpm><Extensions><ns3:TPX><ns3:Speed>0.0</ns3:Speed></ns3:TPX></Extensions></Trackpoint><Trackpoint><Time>2025-07-04T21:57:28Z</Time><HeartRateBpm><Value>86</Value></HeartRateBpm><Extensions><ns3:TPX><ns3:Speed>0.0</ns3:Speed></ns3:TPX></Extensions></Trackpoint><Trackpoint><Time>2025-07-04T21:57:30Z</Time><HeartRateBpm><Value>87</Value></HeartRateBpm><Extensions><ns3:TPX><ns3:Speed>0.0</ns3:Speed></ns3:TPX></Extensions></Trackpoint><Trackpoint><Time>2025-07-04T21:57:33Z</Time><HeartRateBpm><Value>89</Value></HeartRateBpm><Extensions><ns3:TPX><ns3:Speed>0.0</ns3:Speed></ns3:TPX></Extensions></Trackpoint><Trackpoint><Time>2025-07-04T21:57:37Z</Time><HeartRateBpm><Value>90</Value></HeartRateBpm><Extensions><ns3:TPX><ns3:Speed>0.0</ns3:Speed></ns3:TPX></Extensions></Trackpoint><Trackpoint><Time>2025-07-04T21:57:38Z</Time><HeartRateBpm><Value>91</Value></HeartRateBpm><Extensions><ns3:TPX><ns3:Speed>0.0</ns3:Speed></ns3:TPX></Extensions></Trackpoint><Trackpoint><Time>2025-07-04T21:57:39Z</Time><HeartRateBpm><Value>90</Value></HeartRateBpm><Extensions><ns3:TPX><ns3:Speed>0.0</ns3:Speed></ns3:TPX></Extensions></Trackpoint><Trackpoint><Time>2025-07-04T21:57:44Z</Time><HeartRateBpm><Value>89</Value></HeartRateBpm><Extensions><ns3:TPX><ns3:Speed>0.0</ns3:Speed></ns3:TPX></Extensions></Trackpoint><Trackpoint><Time>2025-07-04T21:57:49Z</Time><HeartRateBpm><Value>89</Value></HeartRateBpm><Extensions><ns3:TPX><ns3:Speed>0.0</ns3:Speed></ns3:TPX></Extensions></Trackpoint><Trackpoint><Time>2025-07-04T21:57:51Z</Time><HeartRateBpm><Value>91</Value></HeartRateBpm><Extensions><ns3:TPX><ns3:Speed>0.0</ns3:Speed></ns3:TPX></Extensions></Trackpoint><Trackpoint><Time>2025-07-04T21:57:53Z</Time><HeartRateBpm><Value>92</Value></HeartRateBpm><Extensions><ns3:TPX><ns3:Speed>0.0</ns3:Speed></ns3:TPX></Extensions></Trackpoint><Trackpoint><Time>2025-07-04T21:57:57Z</Time><HeartRateBpm><Value>93</Value></HeartRateBpm><Extensions><ns3:TPX><ns3:Speed>0.0</ns3:Speed></ns3:TPX></Extensions></Trackpoint><Trackpoint><Time>2025-07-04T21:58:01Z</Time><HeartRateBpm><Value>95</Value></HeartRateBpm><Extensions><ns3:TPX><ns3:Speed>0.0</ns3:Speed></ns3:TPX></Extensions></Trackpoint><Trackpoint><Time>2025-07-04T21:58:02Z</Time><HeartRateBpm><Value>96</Value></HeartRateBpm><Extensions><ns3:TPX><ns3:Speed>0.0</ns3:Speed></ns3:TPX></Extensions></Trackpoint><Trackpoint><Time>2025-07-04T21:58:03Z</Time><HeartRateBpm><Value>97</Value></HeartRateBpm><Extensions><ns3:TPX><ns3:Speed>0.0</ns3:Speed></ns3:TPX></Extensions></Trackpoint><Trackpoint><Time>2025-07-04T21:58:07Z</Time><HeartRateBpm><Value>98</Value></HeartRateBpm><Extensions><ns3:TPX><ns3:Speed>0.0</ns3:Speed></ns3:TPX></Extensions></Trackpoint><Trackpoint><Time>2025-07-04T21:58:11Z</Time><HeartRateBpm><Value>96</Value></HeartRateBpm><Extensions><ns3:TPX><ns3:Speed>0.0</ns3:Speed></ns3:TPX></Extensions></Trackpoint><Trackpoint><Time>2025-07-04T21:58:13Z</Time><HeartRateBpm><Value>95</Value></HeartRateBpm><Extensions><ns3:TPX><ns3:Speed>0.0</ns3:Speed></ns3:TPX></Extensions></Trackpoint><Trackpoint><Time>2025-07-04T21:58:14Z</Time><HeartRateBpm><Value>94</Value></HeartRateBpm><Extensions><ns3:TPX><ns3:Speed>0.0</ns3:Speed></ns3:TPX></Extensions></Trackpoint><Trackpoint><Time>2025-07-04T21:58:15Z</Time><HeartRateBpm><Value>93</Value></HeartRateBpm><Extensions><ns3:TPX><ns3:Speed>0.0</ns3:Speed></ns3:TPX></Extensions></Trackpoint><Trackpoint><Time>2025-07-04T21:58:17Z</Time><HeartRateBpm><Value>94</Value></HeartRateBpm><Extensions><ns3:TPX><ns3:Speed>0.0</ns3:Speed></ns3:TPX></Extensions></Trackpoint><Trackpoint><Time>2025-07-04T21:58:22Z</Time><HeartRateBpm><Value>94</Value></HeartRateBpm><Extensions><ns3:TPX><ns3:Speed>0.0</ns3:Speed></ns3:TPX></Extensions></Trackpoint><Trackpoint><Time>2025-07-04T21:58:23Z</Time><HeartRateBpm><Value>95</Value></HeartRateBpm><Extensions><ns3:TPX><ns3:Speed>0.0</ns3:Speed></ns3:TPX></Extensions></Trackpoint><Trackpoint><Time>2025-07-04T21:58:25Z</Time><HeartRateBpm><Value>94</Value></HeartRateBpm><Extensions><ns3:TPX><ns3:Speed>0.0</ns3:Speed></ns3:TPX></Extensions></Trackpoint><Trackpoint><Time>2025-07-04T21:58:27Z</Time><HeartRateBpm><Value>95</Value></HeartRateBpm><Extensions><ns3:TPX><ns3:Speed>0.0</ns3:Speed></ns3:TPX></Extensions></Trackpoint><Trackpoint><Time>2025-07-04T21:58:28Z</Time><HeartRateBpm><Value>96</Value></HeartRateBpm><Extensions><ns3:TPX><ns3:Speed>0.0</ns3:Speed></ns3:TPX></Extensions></Trackpoint><Trackpoint><Time>2025-07-04T21:58:31Z</Time><HeartRateBpm><Value>97</Value></HeartRateBpm><Extensions><ns3:TPX><ns3:Speed>0.0</ns3:Speed></ns3:TPX></Extensions></Trackpoint><Trackpoint><Time>2025-07-04T21:58:35Z</Time><HeartRateBpm><Value>98</Value></HeartRateBpm><Extensions><ns3:TPX><ns3:Speed>0.0</ns3:Speed></ns3:TPX></Extensions></Trackpoint><Trackpoint><Time>2025-07-04T21:58:38Z</Time><HeartRateBpm><Value>99</Value></HeartRateBpm><Extensions><ns3:TPX><ns3:Speed>0.0</ns3:Speed></ns3:TPX></Extensions></Trackpoint><Trackpoint><Time>2025-07-04T21:58:40Z</Time><HeartRateBpm><Value>102</Value></HeartRateBpm><Extensions><ns3:TPX><ns3:Speed>0.0</ns3:Speed></ns3:TPX></Extensions></Trackpoint><Trackpoint><Time>2025-07-04T21:58:41Z</Time><HeartRateBpm><Value>103</Value></HeartRateBpm><Extensions><ns3:TPX><ns3:Speed>0.0</ns3:Speed></ns3:TPX></Extensions></Trackpoint><Trackpoint><Time>2025-07-04T21:58:46Z</Time><HeartRateBpm><Value>102</Value></HeartRateBpm><Extensions><ns3:TPX><ns3:Speed>0.0</ns3:Speed></ns3:TPX></Extensions></Trackpoint><Trackpoint><Time>2025-07-04T21:58:51Z</Time><HeartRateBpm><Value>102</Value></HeartRateBpm><Extensions><ns3:TPX><ns3:Speed>0.0</ns3:Speed></ns3:TPX></Extensions></Trackpoint><Trackpoint><Time>2025-07-04T21:58:52Z</Time><HeartRateBpm><Value>104</Value></HeartRateBpm><Extensions><ns3:TPX><ns3:Speed>0.0</ns3:Speed></ns3:TPX></Extensions></Trackpoint><Trackpoint><Time>2025-07-04T21:58:57Z</Time><HeartRateBpm><Value>104</Value></HeartRateBpm><Extensions><ns3:TPX><ns3:Speed>0.0</ns3:Speed></ns3:TPX></Extensions></Trackpoint><Trackpoint><Time>2025-07-04T21:58:58Z</Time><HeartRateBpm><Value>103</Value></HeartRateBpm><Extensions><ns3:TPX><ns3:Speed>0.0</ns3:Speed></ns3:TPX></Extensions></Trackpoint><Trackpoint><Time>2025-07-04T21:59:03Z</Time><HeartRateBpm><Value>104</Value></HeartRateBpm><Extensions><ns3:TPX><ns3:Speed>0.0</ns3:Speed></ns3:TPX></Extensions></Trackpoint><Trackpoint><Time>2025-07-04T21:59:04Z</Time><HeartRateBpm><Value>105</Value></HeartRateBpm><Extensions><ns3:TPX><ns3:Speed>0.0</ns3:Speed></ns3:TPX></Extensions></Trackpoint><Trackpoint><Time>2025-07-04T21:59:06Z</Time><HeartRateBpm><Value>106</Value></HeartRateBpm><Extensions><ns3:TPX><ns3:Speed>0.0</ns3:Speed></ns3:TPX></Extensions></Trackpoint><Trackpoint><Time>2025-07-04T21:59:10Z</Time><HeartRateBpm><Value>105</Value></HeartRateBpm><Extensions><ns3:TPX><ns3:Speed>0.0</ns3:Speed></ns3:TPX></Extensions></Trackpoint><Trackpoint><Time>2025-07-04T21:59:11Z</Time><HeartRateBpm><Value>106</Value></HeartRateBpm><Extensions><ns3:TPX><ns3:Speed>0.0</ns3:Speed></ns3:TPX></Extensions></Trackpoint><Trackpoint><Time>2025-07-04T21:59:12Z</Time><HeartRateBpm><Value>108</Value></HeartRateBpm><Extensions><ns3:TPX><ns3:Speed>0.0</ns3:Speed></ns3:TPX></Extensions></Trackpoint><Trackpoint><Time>2025-07-04T21:59:14Z</Time><HeartRateBpm><Value>109</Value></HeartRateBpm><Extensions><ns3:TPX><ns3:Speed>0.0</ns3:Speed></ns3:TPX></Extensions></Trackpoint><Trackpoint><Time>2025-07-04T21:59:16Z</Time><HeartRateBpm><Value>110</Value></HeartRateBpm><Extensions><ns3:TPX><ns3:Speed>0.0</ns3:Speed></ns3:TPX></Extensions></Trackpoint><Trackpoint><Time>2025-07-04T21:59:20Z</Time><HeartRateBpm><Value>111</Value></HeartRateBpm><Extensions><ns3:TPX><ns3:Speed>0.0</ns3:Speed></ns3:TPX></Extensions></Trackpoint><Trackpoint><Time>2025-07-04T21:59:24Z</Time><HeartRateBpm><Value>113</Value></HeartRateBpm><Extensions><ns3:TPX><ns3:Speed>0.0</ns3:Speed></ns3:TPX></Extensions></Trackpoint><Trackpoint><Time>2025-07-04T21:59:27Z</Time><HeartRateBpm><Value>115</Value></HeartRateBpm><Extensions><ns3:TPX><ns3:Speed>0.0</ns3:Speed></ns3:TPX></Extensions></Trackpoint><Trackpoint><Time>2025-07-04T21:59:28Z</Time><HeartRateBpm><Value>121</Value></HeartRateBpm><Extensions><ns3:TPX><ns3:Speed>0.0</ns3:Speed></ns3:TPX></Extensions></Trackpoint><Trackpoint><Time>2025-07-04T21:59:29Z</Time><HeartRateBpm><Value>125</Value></HeartRateBpm><Extensions><ns3:TPX><ns3:Speed>0.0</ns3:Speed></ns3:TPX></Extensions></Trackpoint><Trackpoint><Time>2025-07-04T21:59:30Z</Time><HeartRateBpm><Value>126</Value></HeartRateBpm><Extensions><ns3:TPX><ns3:Speed>0.0</ns3:Speed></ns3:TPX></Extensions></Trackpoint><Trackpoint><Time>2025-07-04T21:59:31Z</Time><HeartRateBpm><Value>121</Value></HeartRateBpm><Extensions><ns3:TPX><ns3:Speed>0.0</ns3:Speed></ns3:TPX></Extensions></Trackpoint><Trackpoint><Time>2025-07-04T21:59:32Z</Time><HeartRateBpm><Value>122</Value></HeartRateBpm><Extensions><ns3:TPX><ns3:Speed>0.0</ns3:Speed></ns3:TPX></Extensions></Trackpoint><Trackpoint><Time>2025-07-04T21:59:33Z</Time><HeartRateBpm><Value>116</Value></HeartRateBpm><Extensions><ns3:TPX><ns3:Speed>0.0</ns3:Speed></ns3:TPX></Extensions></Trackpoint><Trackpoint><Time>2025-07-04T21:59:34Z</Time><HeartRateBpm><Value>111</Value></HeartRateBpm><Extensions><ns3:TPX><ns3:Speed>0.0</ns3:Speed></ns3:TPX></Extensions></Trackpoint><Trackpoint><Time>2025-07-04T21:59:35Z</Time><HeartRateBpm><Value>109</Value></HeartRateBpm><Extensions><ns3:TPX><ns3:Speed>0.0</ns3:Speed></ns3:TPX></Extensions></Trackpoint><Trackpoint><Time>2025-07-04T21:59:39Z</Time><HeartRateBpm><Value>110</Value></HeartRateBpm><Extensions><ns3:TPX><ns3:Speed>0.0</ns3:Speed></ns3:TPX></Extensions></Trackpoint><Trackpoint><Time>2025-07-04T21:59:40Z</Time><HeartRateBpm><Value>111</Value></HeartRateBpm><Extensions><ns3:TPX><ns3:Speed>0.0</ns3:Speed></ns3:TPX></Extensions></Trackpoint><Trackpoint><Time>2025-07-04T21:59:41Z</Time><HeartRateBpm><Value>110</Value></HeartRateBpm><Extensions><ns3:TPX><ns3:Speed>0.0</ns3:Speed></ns3:TPX></Extensions></Trackpoint><Trackpoint><Time>2025-07-04T21:59:43Z</Time><HeartRateBpm><Value>108</Value></HeartRateBpm><Extensions><ns3:TPX><ns3:Speed>0.0</ns3:Speed></ns3:TPX></Extensions></Trackpoint><Trackpoint><Time>2025-07-04T21:59:44Z</Time><HeartRateBpm><Value>109</Value></HeartRateBpm><Extensions><ns3:TPX><ns3:Speed>0.0</ns3:Speed></ns3:TPX></Extensions></Trackpoint><Trackpoint><Time>2025-07-04T21:59:45Z</Time><HeartRateBpm><Value>110</Value></HeartRateBpm><Extensions><ns3:TPX><ns3:Speed>0.0</ns3:Speed></ns3:TPX></Extensions></Trackpoint><Trackpoint><Time>2025-07-04T21:59:46Z</Time><HeartRateBpm><Value>112</Value></HeartRateBpm><Extensions><ns3:TPX><ns3:Speed>0.0</ns3:Speed></ns3:TPX></Extensions></Trackpoint><Trackpoint><Time>2025-07-04T21:59:47Z</Time><HeartRateBpm><Value>115</Value></HeartRateBpm><Extensions><ns3:TPX><ns3:Speed>0.0</ns3:Speed></ns3:TPX></Extensions></Trackpoint><Trackpoint><Time>2025-07-04T21:59:49Z</Time><HeartRateBpm><Value>118</Value></HeartRateBpm><Extensions><ns3:TPX><ns3:Speed>0.0</ns3:Speed></ns3:TPX></Extensions></Trackpoint><Trackpoint><Time>2025-07-04T21:59:50Z</Time><HeartRateBpm><Value>119</Value></HeartRateBpm><Extensions><ns3:TPX><ns3:Speed>0.0</ns3:Speed></ns3:TPX></Extensions></Trackpoint><Trackpoint><Time>2025-07-04T21:59:52Z</Time><HeartRateBpm><Value>121</Value></HeartRateBpm><Extensions><ns3:TPX><ns3:Speed>0.0</ns3:Speed></ns3:TPX></Extensions></Trackpoint><Trackpoint><Time>2025-07-04T21:59:53Z</Time><HeartRateBpm><Value>123</Value></HeartRateBpm><Extensions><ns3:TPX><ns3:Speed>0.0</ns3:Speed></ns3:TPX></Extensions></Trackpoint><Trackpoint><Time>2025-07-04T21:59:55Z</Time><HeartRateBpm><Value>124</Value></HeartRateBpm><Extensions><ns3:TPX><ns3:Speed>0.0</ns3:Speed></ns3:TPX></Extensions></Trackpoint><Trackpoint><Time>2025-07-04T21:59:57Z</Time><HeartRateBpm><Value>119</Value></HeartRateBpm><Extensions><ns3:TPX><ns3:Speed>0.0</ns3:Speed></ns3:TPX></Extensions></Trackpoint><Trackpoint><Time>2025-07-04T21:59:58Z</Time><HeartRateBpm><Value>120</Value></HeartRateBpm><Extensions><ns3:TPX><ns3:Speed>0.0</ns3:Speed></ns3:TPX></Extensions></Trackpoint><Trackpoint><Time>2025-07-04T21:59:59Z</Time><HeartRateBpm><Value>118</Value></HeartRateBpm><Extensions><ns3:TPX><ns3:Speed>0.0</ns3:Speed></ns3:TPX></Extensions></Trackpoint><Trackpoint><Time>2025-07-04T22:00:00Z</Time><HeartRateBpm><Value>119</Value></HeartRateBpm><Extensions><ns3:TPX><ns3:Speed>0.0</ns3:Speed></ns3:TPX></Extensions></Trackpoint><Trackpoint><Time>2025-07-04T22:00:02Z</Time><HeartRateBpm><Value>114</Value></HeartRateBpm><Extensions><ns3:TPX><ns3:Speed>0.0</ns3:Speed></ns3:TPX></Extensions></Trackpoint><Trackpoint><Time>2025-07-04T22:00:03Z</Time><HeartRateBpm><Value>110</Value></HeartRateBpm><Extensions><ns3:TPX><ns3:Speed>0.0</ns3:Speed></ns3:TPX></Extensions></Trackpoint><Trackpoint><Time>2025-07-04T22:00:04Z</Time><HeartRateBpm><Value>109</Value></HeartRateBpm><Extensions><ns3:TPX><ns3:Speed>0.0</ns3:Speed></ns3:TPX></Extensions></Trackpoint><Trackpoint><Time>2025-07-04T22:00:05Z</Time><HeartRateBpm><Value>108</Value></HeartRateBpm><Extensions><ns3:TPX><ns3:Speed>0.0</ns3:Speed></ns3:TPX></Extensions></Trackpoint><Trackpoint><Time>2025-07-04T22:00:06Z</Time><HeartRateBpm><Value>107</Value></HeartRateBpm><Extensions><ns3:TPX><ns3:Speed>0.0</ns3:Speed></ns3:TPX></Extensions></Trackpoint><Trackpoint><Time>2025-07-04T22:00:09Z</Time><HeartRateBpm><Value>106</Value></HeartRateBpm><Extensions><ns3:TPX><ns3:Speed>0.0</ns3:Speed></ns3:TPX></Extensions></Trackpoint><Trackpoint><Time>2025-07-04T22:00:10Z</Time><HeartRateBpm><Value>105</Value></HeartRateBpm><Extensions><ns3:TPX><ns3:Speed>0.0</ns3:Speed></ns3:TPX></Extensions></Trackpoint><Trackpoint><Time>2025-07-04T22:00:15Z</Time><HeartRateBpm><Value>106</Value></HeartRateBpm><Extensions><ns3:TPX><ns3:Speed>0.0</ns3:Speed></ns3:TPX></Extensions></Trackpoint><Trackpoint><Time>2025-07-04T22:00:17Z</Time><HeartRateBpm><Value>104</Value></HeartRateBpm><Extensions><ns3:TPX><ns3:Speed>0.0</ns3:Speed></ns3:TPX></Extensions></Trackpoint><Trackpoint><Time>2025-07-04T22:00:18Z</Time><HeartRateBpm><Value>102</Value></HeartRateBpm><Extensions><ns3:TPX><ns3:Speed>0.0</ns3:Speed></ns3:TPX></Extensions></Trackpoint><Trackpoint><Time>2025-07-04T22:00:20Z</Time><HeartRateBpm><Value>101</Value></HeartRateBpm><Extensions><ns3:TPX><ns3:Speed>0.0</ns3:Speed></ns3:TPX></Extensions></Trackpoint><Trackpoint><Time>2025-07-04T22:00:21Z</Time><HeartRateBpm><Value>100</Value></HeartRateBpm><Extensions><ns3:TPX><ns3:Speed>0.0</ns3:Speed></ns3:TPX></Extensions></Trackpoint><Trackpoint><Time>2025-07-04T22:00:23Z</Time><HeartRateBpm><Value>99</Value></HeartRateBpm><Extensions><ns3:TPX><ns3:Speed>0.0</ns3:Speed></ns3:TPX></Extensions></Trackpoint><Trackpoint><Time>2025-07-04T22:00:26Z</Time><HeartRateBpm><Value>100</Value></HeartRateBpm><Extensions><ns3:TPX><ns3:Speed>0.0</ns3:Speed></ns3:TPX></Extensions></Trackpoint><Trackpoint><Time>2025-07-04T22:00:30Z</Time><HeartRateBpm><Value>101</Value></HeartRateBpm><Extensions><ns3:TPX><ns3:Speed>0.0</ns3:Speed></ns3:TPX></Extensions></Trackpoint><Trackpoint><Time>2025-07-04T22:00:33Z</Time><HeartRateBpm><Value>100</Value></HeartRateBpm><Extensions><ns3:TPX><ns3:Speed>0.0</ns3:Speed></ns3:TPX></Extensions></Trackpoint><Trackpoint><Time>2025-07-04T22:00:35Z</Time><HeartRateBpm><Value>99</Value></HeartRateBpm><Extensions><ns3:TPX><ns3:Speed>0.0</ns3:Speed></ns3:TPX></Extensions></Trackpoint><Trackpoint><Time>2025-07-04T22:00:40Z</Time><HeartRateBpm><Value>98</Value></HeartRateBpm><Extensions><ns3:TPX><ns3:Speed>0.0</ns3:Speed></ns3:TPX></Extensions></Trackpoint><Trackpoint><Time>2025-07-04T22:00:44Z</Time><HeartRateBpm><Value>97</Value></HeartRateBpm><Extensions><ns3:TPX><ns3:Speed>0.0</ns3:Speed></ns3:TPX></Extensions></Trackpoint><Trackpoint><Time>2025-07-04T22:00:46Z</Time><HeartRateBpm><Value>99</Value></HeartRateBpm><Extensions><ns3:TPX><ns3:Speed>0.0</ns3:Speed></ns3:TPX></Extensions></Trackpoint><Trackpoint><Time>2025-07-04T22:00:47Z</Time><HeartRateBpm><Value>100</Value></HeartRateBpm><Extensions><ns3:TPX><ns3:Speed>0.0</ns3:Speed></ns3:TPX></Extensions></Trackpoint><Trackpoint><Time>2025-07-04T22:00:49Z</Time><HeartRateBpm><Value>103</Value></HeartRateBpm><Extensions><ns3:TPX><ns3:Speed>0.0</ns3:Speed></ns3:TPX></Extensions></Trackpoint><Trackpoint><Time>2025-07-04T22:00:51Z</Time><HeartRateBpm><Value>106</Value></HeartRateBpm><Extensions><ns3:TPX><ns3:Speed>0.0</ns3:Speed></ns3:TPX></Extensions></Trackpoint><Trackpoint><Time>2025-07-04T22:00:52Z</Time><HeartRateBpm><Value>115</Value></HeartRateBpm><Extensions><ns3:TPX><ns3:Speed>0.0</ns3:Speed></ns3:TPX></Extensions></Trackpoint><Trackpoint><Time>2025-07-04T22:00:53Z</Time><HeartRateBpm><Value>117</Value></HeartRateBpm><Extensions><ns3:TPX><ns3:Speed>0.0</ns3:Speed></ns3:TPX></Extensions></Trackpoint><Trackpoint><Time>2025-07-04T22:00:54Z</Time><HeartRateBpm><Value>120</Value></HeartRateBpm><Extensions><ns3:TPX><ns3:Speed>0.0</ns3:Speed></ns3:TPX></Extensions></Trackpoint><Trackpoint><Time>2025-07-04T22:00:56Z</Time><HeartRateBpm><Value>114</Value></HeartRateBpm><Extensions><ns3:TPX><ns3:Speed>0.0</ns3:Speed></ns3:TPX></Extensions></Trackpoint><Trackpoint><Time>2025-07-04T22:00:58Z</Time><HeartRateBpm><Value>108</Value></HeartRateBpm><Extensions><ns3:TPX><ns3:Speed>0.0</ns3:Speed></ns3:TPX></Extensions></Trackpoint><Trackpoint><Time>2025-07-04T22:00:59Z</Time><HeartRateBpm><Value>109</Value></HeartRateBpm><Extensions><ns3:TPX><ns3:Speed>0.0</ns3:Speed></ns3:TPX></Extensions></Trackpoint><Trackpoint><Time>2025-07-04T22:01:00Z</Time><HeartRateBpm><Value>105</Value></HeartRateBpm><Extensions><ns3:TPX><ns3:Speed>0.0</ns3:Speed></ns3:TPX></Extensions></Trackpoint><Trackpoint><Time>2025-07-04T22:01:02Z</Time><HeartRateBpm><Value>102</Value></HeartRateBpm><Extensions><ns3:TPX><ns3:Speed>0.0</ns3:Speed></ns3:TPX></Extensions></Trackpoint><Trackpoint><Time>2025-07-04T22:01:04Z</Time><HeartRateBpm><Value>101</Value></HeartRateBpm><Extensions><ns3:TPX><ns3:Speed>0.0</ns3:Speed></ns3:TPX></Extensions></Trackpoint><Trackpoint><Time>2025-07-04T22:01:05Z</Time><HeartRateBpm><Value>102</Value></HeartRateBpm><Extensions><ns3:TPX><ns3:Speed>0.0</ns3:Speed></ns3:TPX></Extensions></Trackpoint><Trackpoint><Time>2025-07-04T22:01:06Z</Time><HeartRateBpm><Value>99</Value></HeartRateBpm><Extensions><ns3:TPX><ns3:Speed>0.0</ns3:Speed></ns3:TPX></Extensions></Trackpoint><Trackpoint><Time>2025-07-04T22:01:08Z</Time><HeartRateBpm><Value>98</Value></HeartRateBpm><Extensions><ns3:TPX><ns3:Speed>0.0</ns3:Speed></ns3:TPX></Extensions></Trackpoint><Trackpoint><Time>2025-07-04T22:01:09Z</Time><HeartRateBpm><Value>97</Value></HeartRateBpm><Extensions><ns3:TPX><ns3:Speed>0.0</ns3:Speed></ns3:TPX></Extensions></Trackpoint><Trackpoint><Time>2025-07-04T22:01:10Z</Time><HeartRateBpm><Value>96</Value></HeartRateBpm><Extensions><ns3:TPX><ns3:Speed>0.0</ns3:Speed></ns3:TPX></Extensions></Trackpoint><Trackpoint><Time>2025-07-04T22:01:13Z</Time><HeartRateBpm><Value>97</Value></HeartRateBpm><Extensions><ns3:TPX><ns3:Speed>0.0</ns3:Speed></ns3:TPX></Extensions></Trackpoint><Trackpoint><Time>2025-07-04T22:01:15Z</Time><HeartRateBpm><Value>96</Value></HeartRateBpm><Extensions><ns3:TPX><ns3:Speed>0.0</ns3:Speed></ns3:TPX></Extensions></Trackpoint><Trackpoint><Time>2025-07-04T22:01:16Z</Time><HeartRateBpm><Value>95</Value></HeartRateBpm><Extensions><ns3:TPX><ns3:Speed>0.0</ns3:Speed></ns3:TPX></Extensions></Trackpoint><Trackpoint><Time>2025-07-04T22:01:19Z</Time><HeartRateBpm><Value>97</Value></HeartRateBpm><Extensions><ns3:TPX><ns3:Speed>0.0</ns3:Speed></ns3:TPX></Extensions></Trackpoint><Trackpoint><Time>2025-07-04T22:01:21Z</Time><HeartRateBpm><Value>98</Value></HeartRateBpm><Extensions><ns3:TPX><ns3:Speed>0.0</ns3:Speed></ns3:TPX></Extensions></Trackpoint><Trackpoint><Time>2025-07-04T22:01:22Z</Time><HeartRateBpm><Value>100</Value></HeartRateBpm><Extensions><ns3:TPX><ns3:Speed>0.0</ns3:Speed></ns3:TPX></Extensions></Trackpoint><Trackpoint><Time>2025-07-04T22:01:23Z</Time><HeartRateBpm><Value>101</Value></HeartRateBpm><Extensions><ns3:TPX><ns3:Speed>0.0</ns3:Speed></ns3:TPX></Extensions></Trackpoint><Trackpoint><Time>2025-07-04T22:01:24Z</Time><HeartRateBpm><Value>100</Value></HeartRateBpm><Extensions><ns3:TPX><ns3:Speed>0.0</ns3:Speed></ns3:TPX></Extensions></Trackpoint><Trackpoint><Time>2025-07-04T22:01:27Z</Time><HeartRateBpm><Value>99</Value></HeartRateBpm><Extensions><ns3:TPX><ns3:Speed>0.0</ns3:Speed></ns3:TPX></Extensions></Trackpoint><Trackpoint><Time>2025-07-04T22:01:28Z</Time><HeartRateBpm><Value>95</Value></HeartRateBpm><Extensions><ns3:TPX><ns3:Speed>0.0</ns3:Speed></ns3:TPX></Extensions></Trackpoint><Trackpoint><Time>2025-07-04T22:01:29Z</Time><HeartRateBpm><Value>94</Value></HeartRateBpm><Extensions><ns3:TPX><ns3:Speed>0.0</ns3:Speed></ns3:TPX></Extensions></Trackpoint><Trackpoint><Time>2025-07-04T22:01:30Z</Time><HeartRateBpm><Value>93</Value></HeartRateBpm><Extensions><ns3:TPX><ns3:Speed>0.0</ns3:Speed></ns3:TPX></Extensions></Trackpoint><Trackpoint><Time>2025-07-04T22:01:31Z</Time><HeartRateBpm><Value>92</Value></HeartRateBpm><Extensions><ns3:TPX><ns3:Speed>0.0</ns3:Speed></ns3:TPX></Extensions></Trackpoint><Trackpoint><Time>2025-07-04T22:01:35Z</Time><HeartRateBpm><Value>91</Value></HeartRateBpm><Extensions><ns3:TPX><ns3:Speed>0.0</ns3:Speed></ns3:TPX></Extensions></Trackpoint><Trackpoint><Time>2025-07-04T22:01:36Z</Time><HeartRateBpm><Value>89</Value></HeartRateBpm><Extensions><ns3:TPX><ns3:Speed>0.0</ns3:Speed></ns3:TPX></Extensions></Trackpoint><Trackpoint><Time>2025-07-04T22:01:39Z</Time><HeartRateBpm><Value>90</Value></HeartRateBpm><Extensions><ns3:TPX><ns3:Speed>0.0</ns3:Speed></ns3:TPX></Extensions></Trackpoint><Trackpoint><Time>2025-07-04T22:01:40Z</Time><HeartRateBpm><Value>92</Value></HeartRateBpm><Extensions><ns3:TPX><ns3:Speed>0.0</ns3:Speed></ns3:TPX></Extensions></Trackpoint><Trackpoint><Time>2025-07-04T22:01:41Z</Time><HeartRateBpm><Value>93</Value></HeartRateBpm><Extensions><ns3:TPX><ns3:Speed>0.0</ns3:Speed></ns3:TPX></Extensions></Trackpoint><Trackpoint><Time>2025-07-04T22:01:46Z</Time><HeartRateBpm><Value>93</Value></HeartRateBpm><Extensions><ns3:TPX><ns3:Speed>0.0</ns3:Speed></ns3:TPX></Extensions></Trackpoint><Trackpoint><Time>2025-07-04T22:01:47Z</Time><HeartRateBpm><Value>95</Value></HeartRateBpm><Extensions><ns3:TPX><ns3:Speed>0.0</ns3:Speed></ns3:TPX></Extensions></Trackpoint><Trackpoint><Time>2025-07-04T22:01:48Z</Time><HeartRateBpm><Value>96</Value></HeartRateBpm><Extensions><ns3:TPX><ns3:Speed>0.0</ns3:Speed></ns3:TPX></Extensions></Trackpoint><Trackpoint><Time>2025-07-04T22:01:49Z</Time><HeartRateBpm><Value>97</Value></HeartRateBpm><Extensions><ns3:TPX><ns3:Speed>0.0</ns3:Speed></ns3:TPX></Extensions></Trackpoint><Trackpoint><Time>2025-07-04T22:01:51Z</Time><HeartRateBpm><Value>98</Value></HeartRateBpm><Extensions><ns3:TPX><ns3:Speed>0.0</ns3:Speed></ns3:TPX></Extensions></Trackpoint><Trackpoint><Time>2025-07-04T22:01:52Z</Time><HeartRateBpm><Value>99</Value></HeartRateBpm><Extensions><ns3:TPX><ns3:Speed>0.0</ns3:Speed></ns3:TPX></Extensions></Trackpoint><Trackpoint><Time>2025-07-04T22:01:53Z</Time><HeartRateBpm><Value>98</Value></HeartRateBpm><Extensions><ns3:TPX><ns3:Speed>0.0</ns3:Speed></ns3:TPX></Extensions></Trackpoint><Trackpoint><Time>2025-07-04T22:01:57Z</Time><HeartRateBpm><Value>99</Value></HeartRateBpm><Extensions><ns3:TPX><ns3:Speed>0.0</ns3:Speed></ns3:TPX></Extensions></Trackpoint><Trackpoint><Time>2025-07-04T22:01:58Z</Time><HeartRateBpm><Value>100</Value></HeartRateBpm><Extensions><ns3:TPX><ns3:Speed>0.0</ns3:Speed></ns3:TPX></Extensions></Trackpoint><Trackpoint><Time>2025-07-04T22:01:59Z</Time><HeartRateBpm><Value>101</Value></HeartRateBpm><Extensions><ns3:TPX><ns3:Speed>0.0</ns3:Speed></ns3:TPX></Extensions></Trackpoint><Trackpoint><Time>2025-07-04T22:02:04Z</Time><HeartRateBpm><Value>102</Value></HeartRateBpm><Extensions><ns3:TPX><ns3:Speed>0.0</ns3:Speed></ns3:TPX></Extensions></Trackpoint><Trackpoint><Time>2025-07-04T22:02:09Z</Time><HeartRateBpm><Value>102</Value></HeartRateBpm><Extensions><ns3:TPX><ns3:Speed>0.0</ns3:Speed></ns3:TPX></Extensions></Trackpoint><Trackpoint><Time>2025-07-04T22:02:10Z</Time><HeartRateBpm><Value>103</Value></HeartRateBpm><Extensions><ns3:TPX><ns3:Speed>0.0</ns3:Speed></ns3:TPX></Extensions></Trackpoint><Trackpoint><Time>2025-07-04T22:02:11Z</Time><HeartRateBpm><Value>104</Value></HeartRateBpm><Extensions><ns3:TPX><ns3:Speed>0.0</ns3:Speed></ns3:TPX></Extensions></Trackpoint><Trackpoint><Time>2025-07-04T22:02:12Z</Time><HeartRateBpm><Value>105</Value></HeartRateBpm><Extensions><ns3:TPX><ns3:Speed>0.0</ns3:Speed></ns3:TPX></Extensions></Trackpoint><Trackpoint><Time>2025-07-04T22:02:13Z</Time><HeartRateBpm><Value>106</Value></HeartRateBpm><Extensions><ns3:TPX><ns3:Speed>0.0</ns3:Speed></ns3:TPX></Extensions></Trackpoint><Trackpoint><Time>2025-07-04T22:02:16Z</Time><HeartRateBpm><Value>107</Value></HeartRateBpm><Extensions><ns3:TPX><ns3:Speed>0.0</ns3:Speed></ns3:TPX></Extensions></Trackpoint><Trackpoint><Time>2025-07-04T22:02:17Z</Time><HeartRateBpm><Value>108</Value></HeartRateBpm><Extensions><ns3:TPX><ns3:Speed>0.0</ns3:Speed></ns3:TPX></Extensions></Trackpoint><Trackpoint><Time>2025-07-04T22:02:18Z</Time><HeartRateBpm><Value>109</Value></HeartRateBpm><Extensions><ns3:TPX><ns3:Speed>0.0</ns3:Speed></ns3:TPX></Extensions></Trackpoint><Trackpoint><Time>2025-07-04T22:02:19Z</Time><HeartRateBpm><Value>110</Value></HeartRateBpm><Extensions><ns3:TPX><ns3:Speed>0.0</ns3:Speed></ns3:TPX></Extensions></Trackpoint><Trackpoint><Time>2025-07-04T22:02:21Z</Time><HeartRateBpm><Value>108</Value></HeartRateBpm><Extensions><ns3:TPX><ns3:Speed>0.0</ns3:Speed></ns3:TPX></Extensions></Trackpoint><Trackpoint><Time>2025-07-04T22:02:22Z</Time><HeartRateBpm><Value>111</Value></HeartRateBpm><Extensions><ns3:TPX><ns3:Speed>0.0</ns3:Speed></ns3:TPX></Extensions></Trackpoint><Trackpoint><Time>2025-07-04T22:02:23Z</Time><HeartRateBpm><Value>104</Value></HeartRateBpm><Extensions><ns3:TPX><ns3:Speed>0.0</ns3:Speed></ns3:TPX></Extensions></Trackpoint><Trackpoint><Time>2025-07-04T22:02:24Z</Time><HeartRateBpm><Value>103</Value></HeartRateBpm><Extensions><ns3:TPX><ns3:Speed>0.0</ns3:Speed></ns3:TPX></Extensions></Trackpoint><Trackpoint><Time>2025-07-04T22:02:25Z</Time><HeartRateBpm><Value>104</Value></HeartRateBpm><Extensions><ns3:TPX><ns3:Speed>0.0</ns3:Speed></ns3:TPX></Extensions></Trackpoint><Trackpoint><Time>2025-07-04T22:02:27Z</Time><HeartRateBpm><Value>106</Value></HeartRateBpm><Extensions><ns3:TPX><ns3:Speed>0.0</ns3:Speed></ns3:TPX></Extensions></Trackpoint><Trackpoint><Time>2025-07-04T22:02:28Z</Time><HeartRateBpm><Value>108</Value></HeartRateBpm><Extensions><ns3:TPX><ns3:Speed>0.0</ns3:Speed></ns3:TPX></Extensions></Trackpoint><Trackpoint><Time>2025-07-04T22:02:29Z</Time><HeartRateBpm><Value>106</Value></HeartRateBpm><Extensions><ns3:TPX><ns3:Speed>0.0</ns3:Speed></ns3:TPX></Extensions></Trackpoint><Trackpoint><Time>2025-07-04T22:02:30Z</Time><HeartRateBpm><Value>103</Value></HeartRateBpm><Extensions><ns3:TPX><ns3:Speed>0.0</ns3:Speed></ns3:TPX></Extensions></Trackpoint><Trackpoint><Time>2025-07-04T22:02:31Z</Time><HeartRateBpm><Value>101</Value></HeartRateBpm><Extensions><ns3:TPX><ns3:Speed>0.0</ns3:Speed></ns3:TPX></Extensions></Trackpoint><Trackpoint><Time>2025-07-04T22:02:34Z</Time><HeartRateBpm><Value>100</Value></HeartRateBpm><Extensions><ns3:TPX><ns3:Speed>0.0</ns3:Speed></ns3:TPX></Extensions></Trackpoint><Trackpoint><Time>2025-07-04T22:02:36Z</Time><HeartRateBpm><Value>99</Value></HeartRateBpm><Extensions><ns3:TPX><ns3:Speed>0.0</ns3:Speed></ns3:TPX></Extensions></Trackpoint><Trackpoint><Time>2025-07-04T22:02:41Z</Time><HeartRateBpm><Value>99</Value></HeartRateBpm><Extensions><ns3:TPX><ns3:Speed>0.0</ns3:Speed></ns3:TPX></Extensions></Trackpoint><Trackpoint><Time>2025-07-04T22:02:42Z</Time><HeartRateBpm><Value>98</Value></HeartRateBpm><Extensions><ns3:TPX><ns3:Speed>0.0</ns3:Speed></ns3:TPX></Extensions></Trackpoint><Trackpoint><Time>2025-07-04T22:02:47Z</Time><HeartRateBpm><Value>98</Value></HeartRateBpm><Extensions><ns3:TPX><ns3:Speed>0.0</ns3:Speed></ns3:TPX></Extensions></Trackpoint><Trackpoint><Time>2025-07-04T22:02:52Z</Time><HeartRateBpm><Value>98</Value></HeartRateBpm><Extensions><ns3:TPX><ns3:Speed>0.0</ns3:Speed></ns3:TPX></Extensions></Trackpoint><Trackpoint><Time>2025-07-04T22:02:53Z</Time><HeartRateBpm><Value>99</Value></HeartRateBpm><Extensions><ns3:TPX><ns3:Speed>0.0</ns3:Speed></ns3:TPX></Extensions></Trackpoint><Trackpoint><Time>2025-07-04T22:02:58Z</Time><HeartRateBpm><Value>98</Value></HeartRateBpm><Extensions><ns3:TPX><ns3:Speed>0.0</ns3:Speed></ns3:TPX></Extensions></Trackpoint><Trackpoint><Time>2025-07-04T22:03:04Z</Time><HeartRateBpm><Value>97</Value></HeartRateBpm><Extensions><ns3:TPX><ns3:Speed>0.0</ns3:Speed></ns3:TPX></Extensions></Trackpoint><Trackpoint><Time>2025-07-04T22:03:05Z</Time><HeartRateBpm><Value>96</Value></HeartRateBpm><Extensions><ns3:TPX><ns3:Speed>0.0</ns3:Speed></ns3:TPX></Extensions></Trackpoint><Trackpoint><Time>2025-07-04T22:03:06Z</Time><HeartRateBpm><Value>97</Value></HeartRateBpm><Extensions><ns3:TPX><ns3:Speed>0.0</ns3:Speed></ns3:TPX></Extensions></Trackpoint><Trackpoint><Time>2025-07-04T22:03:07Z</Time><HeartRateBpm><Value>98</Value></HeartRateBpm><Extensions><ns3:TPX><ns3:Speed>0.0</ns3:Speed></ns3:TPX></Extensions></Trackpoint><Trackpoint><Time>2025-07-04T22:03:08Z</Time><HeartRateBpm><Value>99</Value></HeartRateBpm><Extensions><ns3:TPX><ns3:Speed>0.0</ns3:Speed></ns3:TPX></Extensions></Trackpoint><Trackpoint><Time>2025-07-04T22:03:10Z</Time><HeartRateBpm><Value>101</Value></HeartRateBpm><Extensions><ns3:TPX><ns3:Speed>0.0</ns3:Speed></ns3:TPX></Extensions></Trackpoint><Trackpoint><Time>2025-07-04T22:03:11Z</Time><HeartRateBpm><Value>102</Value></HeartRateBpm><Extensions><ns3:TPX><ns3:Speed>0.0</ns3:Speed></ns3:TPX></Extensions></Trackpoint><Trackpoint><Time>2025-07-04T22:03:12Z</Time><HeartRateBpm><Value>103</Value></HeartRateBpm><Extensions><ns3:TPX><ns3:Speed>0.0</ns3:Speed></ns3:TPX></Extensions></Trackpoint><Trackpoint><Time>2025-07-04T22:03:13Z</Time><HeartRateBpm><Value>104</Value></HeartRateBpm><Extensions><ns3:TPX><ns3:Speed>0.0</ns3:Speed></ns3:TPX></Extensions></Trackpoint><Trackpoint><Time>2025-07-04T22:03:18Z</Time><HeartRateBpm><Value>104</Value></HeartRateBpm><Extensions><ns3:TPX><ns3:Speed>0.0</ns3:Speed></ns3:TPX></Extensions></Trackpoint><Trackpoint><Time>2025-07-04T22:03:22Z</Time><HeartRateBpm><Value>105</Value></HeartRateBpm><Extensions><ns3:TPX><ns3:Speed>0.0</ns3:Speed></ns3:TPX></Extensions></Trackpoint><Trackpoint><Time>2025-07-04T22:03:26Z</Time><HeartRateBpm><Value>104</Value></HeartRateBpm><Extensions><ns3:TPX><ns3:Speed>0.0</ns3:Speed></ns3:TPX></Extensions></Trackpoint><Trackpoint><Time>2025-07-04T22:03:30Z</Time><HeartRateBpm><Value>102</Value></HeartRateBpm><Extensions><ns3:TPX><ns3:Speed>0.0</ns3:Speed></ns3:TPX></Extensions></Trackpoint><Trackpoint><Time>2025-07-04T22:03:35Z</Time><HeartRateBpm><Value>102</Value></HeartRateBpm><Extensions><ns3:TPX><ns3:Speed>0.0</ns3:Speed></ns3:TPX></Extensions></Trackpoint><Trackpoint><Time>2025-07-04T22:03:37Z</Time><HeartRateBpm><Value>101</Value></HeartRateBpm><Extensions><ns3:TPX><ns3:Speed>0.0</ns3:Speed></ns3:TPX></Extensions></Trackpoint><Trackpoint><Time>2025-07-04T22:03:40Z</Time><HeartRateBpm><Value>103</Value></HeartRateBpm><Extensions><ns3:TPX><ns3:Speed>0.0</ns3:Speed></ns3:TPX></Extensions></Trackpoint><Trackpoint><Time>2025-07-04T22:03:41Z</Time><HeartRateBpm><Value>106</Value></HeartRateBpm><Extensions><ns3:TPX><ns3:Speed>0.0</ns3:Speed></ns3:TPX></Extensions></Trackpoint><Trackpoint><Time>2025-07-04T22:03:42Z</Time><HeartRateBpm><Value>107</Value></HeartRateBpm><Extensions><ns3:TPX><ns3:Speed>0.0</ns3:Speed></ns3:TPX></Extensions></Trackpoint><Trackpoint><Time>2025-07-04T22:03:43Z</Time><HeartRateBpm><Value>108</Value></HeartRateBpm><Extensions><ns3:TPX><ns3:Speed>0.0</ns3:Speed></ns3:TPX></Extensions></Trackpoint><Trackpoint><Time>2025-07-04T22:03:46Z</Time><HeartRateBpm><Value>109</Value></HeartRateBpm><Extensions><ns3:TPX><ns3:Speed>0.0</ns3:Speed></ns3:TPX></Extensions></Trackpoint><Trackpoint><Time>2025-07-04T22:03:47Z</Time><HeartRateBpm><Value>110</Value></HeartRateBpm><Extensions><ns3:TPX><ns3:Speed>0.0</ns3:Speed></ns3:TPX></Extensions></Trackpoint><Trackpoint><Time>2025-07-04T22:03:52Z</Time><HeartRateBpm><Value>111</Value></HeartRateBpm><Extensions><ns3:TPX><ns3:Speed>0.0</ns3:Speed></ns3:TPX></Extensions></Trackpoint><Trackpoint><Time>2025-07-04T22:03:53Z</Time><HeartRateBpm><Value>112</Value></HeartRateBpm><Extensions><ns3:TPX><ns3:Speed>0.0</ns3:Speed></ns3:TPX></Extensions></Trackpoint><Trackpoint><Time>2025-07-04T22:03:55Z</Time><HeartRateBpm><Value>113</Value></HeartRateBpm><Extensions><ns3:TPX><ns3:Speed>0.0</ns3:Speed></ns3:TPX></Extensions></Trackpoint><Trackpoint><Time>2025-07-04T22:03:59Z</Time><HeartRateBpm><Value>114</Value></HeartRateBpm><Extensions><ns3:TPX><ns3:Speed>0.0</ns3:Speed></ns3:TPX></Extensions></Trackpoint><Trackpoint><Time>2025-07-04T22:04:00Z</Time><HeartRateBpm><Value>113</Value></HeartRateBpm><Extensions><ns3:TPX><ns3:Speed>0.0</ns3:Speed></ns3:TPX></Extensions></Trackpoint><Trackpoint><Time>2025-07-04T22:04:02Z</Time><HeartRateBpm><Value>112</Value></HeartRateBpm><Extensions><ns3:TPX><ns3:Speed>0.0</ns3:Speed></ns3:TPX></Extensions></Trackpoint><Trackpoint><Time>2025-07-04T22:04:04Z</Time><HeartRateBpm><Value>111</Value></HeartRateBpm><Extensions><ns3:TPX><ns3:Speed>0.0</ns3:Speed></ns3:TPX></Extensions></Trackpoint><Trackpoint><Time>2025-07-04T22:04:10Z</Time><HeartRateBpm><Value>112</Value></HeartRateBpm><Extensions><ns3:TPX><ns3:Speed>0.0</ns3:Speed></ns3:TPX></Extensions></Trackpoint><Trackpoint><Time>2025-07-04T22:04:12Z</Time><HeartRateBpm><Value>113</Value></HeartRateBpm><Extensions><ns3:TPX><ns3:Speed>0.0</ns3:Speed></ns3:TPX></Extensions></Trackpoint><Trackpoint><Time>2025-07-04T22:04:16Z</Time><HeartRateBpm><Value>114</Value></HeartRateBpm><Extensions><ns3:TPX><ns3:Speed>0.0</ns3:Speed></ns3:TPX></Extensions></Trackpoint><Trackpoint><Time>2025-07-04T22:04:18Z</Time><HeartRateBpm><Value>115</Value></HeartRateBpm><Extensions><ns3:TPX><ns3:Speed>0.0</ns3:Speed></ns3:TPX></Extensions></Trackpoint><Trackpoint><Time>2025-07-04T22:04:19Z</Time><HeartRateBpm><Value>113</Value></HeartRateBpm><Extensions><ns3:TPX><ns3:Speed>0.0</ns3:Speed></ns3:TPX></Extensions></Trackpoint><Trackpoint><Time>2025-07-04T22:04:22Z</Time><HeartRateBpm><Value>112</Value></HeartRateBpm><Extensions><ns3:TPX><ns3:Speed>0.0</ns3:Speed></ns3:TPX></Extensions></Trackpoint><Trackpoint><Time>2025-07-04T22:04:24Z</Time><HeartRateBpm><Value>113</Value></HeartRateBpm><Extensions><ns3:TPX><ns3:Speed>0.0</ns3:Speed></ns3:TPX></Extensions></Trackpoint><Trackpoint><Time>2025-07-04T22:04:26Z</Time><HeartRateBpm><Value>114</Value></HeartRateBpm><Extensions><ns3:TPX><ns3:Speed>0.0</ns3:Speed></ns3:TPX></Extensions></Trackpoint><Trackpoint><Time>2025-07-04T22:04:31Z</Time><HeartRateBpm><Value>114</Value></HeartRateBpm><Extensions><ns3:TPX><ns3:Speed>0.0</ns3:Speed></ns3:TPX></Extensions></Trackpoint><Trackpoint><Time>2025-07-04T22:04:32Z</Time><HeartRateBpm><Value>113</Value></HeartRateBpm><Extensions><ns3:TPX><ns3:Speed>0.0</ns3:Speed></ns3:TPX></Extensions></Trackpoint><Trackpoint><Time>2025-07-04T22:04:34Z</Time><HeartRateBpm><Value>111</Value></HeartRateBpm><Extensions><ns3:TPX><ns3:Speed>0.0</ns3:Speed></ns3:TPX></Extensions></Trackpoint><Trackpoint><Time>2025-07-04T22:04:35Z</Time><HeartRateBpm><Value>110</Value></HeartRateBpm><Extensions><ns3:TPX><ns3:Speed>0.0</ns3:Speed></ns3:TPX></Extensions></Trackpoint><Trackpoint><Time>2025-07-04T22:04:37Z</Time><HeartRateBpm><Value>109</Value></HeartRateBpm><Extensions><ns3:TPX><ns3:Speed>0.0</ns3:Speed></ns3:TPX></Extensions></Trackpoint><Trackpoint><Time>2025-07-04T22:04:39Z</Time><HeartRateBpm><Value>108</Value></HeartRateBpm><Extensions><ns3:TPX><ns3:Speed>0.0</ns3:Speed></ns3:TPX></Extensions></Trackpoint><Trackpoint><Time>2025-07-04T22:04:41Z</Time><HeartRateBpm><Value>107</Value></HeartRateBpm><Extensions><ns3:TPX><ns3:Speed>0.0</ns3:Speed></ns3:TPX></Extensions></Trackpoint><Trackpoint><Time>2025-07-04T22:04:43Z</Time><HeartRateBpm><Value>106</Value></HeartRateBpm><Extensions><ns3:TPX><ns3:Speed>0.0</ns3:Speed></ns3:TPX></Extensions></Trackpoint><Trackpoint><Time>2025-07-04T22:04:44Z</Time><HeartRateBpm><Value>105</Value></HeartRateBpm><Extensions><ns3:TPX><ns3:Speed>0.0</ns3:Speed></ns3:TPX></Extensions></Trackpoint><Trackpoint><Time>2025-07-04T22:04:45Z</Time><HeartRateBpm><Value>104</Value></HeartRateBpm><Extensions><ns3:TPX><ns3:Speed>0.0</ns3:Speed></ns3:TPX></Extensions></Trackpoint><Trackpoint><Time>2025-07-04T22:04:47Z</Time><HeartRateBpm><Value>102</Value></HeartRateBpm><Extensions><ns3:TPX><ns3:Speed>0.0</ns3:Speed></ns3:TPX></Extensions></Trackpoint><Trackpoint><Time>2025-07-04T22:04:51Z</Time><HeartRateBpm><Value>101</Value></HeartRateBpm><Extensions><ns3:TPX><ns3:Speed>0.0</ns3:Speed></ns3:TPX></Extensions></Trackpoint><Trackpoint><Time>2025-07-04T22:04:53Z</Time><HeartRateBpm><Value>100</Value></HeartRateBpm><Extensions><ns3:TPX><ns3:Speed>0.0</ns3:Speed></ns3:TPX></Extensions></Trackpoint><Trackpoint><Time>2025-07-04T22:04:54Z</Time><HeartRateBpm><Value>98</Value></HeartRateBpm><Extensions><ns3:TPX><ns3:Speed>0.0</ns3:Speed></ns3:TPX></Extensions></Trackpoint><Trackpoint><Time>2025-07-04T22:04:56Z</Time><HeartRateBpm><Value>97</Value></HeartRateBpm><Extensions><ns3:TPX><ns3:Speed>0.0</ns3:Speed></ns3:TPX></Extensions></Trackpoint><Trackpoint><Time>2025-07-04T22:04:57Z</Time><HeartRateBpm><Value>96</Value></HeartRateBpm><Extensions><ns3:TPX><ns3:Speed>0.0</ns3:Speed></ns3:TPX></Extensions></Trackpoint><Trackpoint><Time>2025-07-04T22:05:01Z</Time><HeartRateBpm><Value>94</Value></HeartRateBpm><Extensions><ns3:TPX><ns3:Speed>0.0</ns3:Speed></ns3:TPX></Extensions></Trackpoint><Trackpoint><Time>2025-07-04T22:05:06Z</Time><HeartRateBpm><Value>94</Value></HeartRateBpm><Extensions><ns3:TPX><ns3:Speed>0.0</ns3:Speed></ns3:TPX></Extensions></Trackpoint><Trackpoint><Time>2025-07-04T22:05:08Z</Time><HeartRateBpm><Value>95</Value></HeartRateBpm><Extensions><ns3:TPX><ns3:Speed>0.0</ns3:Speed></ns3:TPX></Extensions></Trackpoint><Trackpoint><Time>2025-07-04T22:05:09Z</Time><HeartRateBpm><Value>96</Value></HeartRateBpm><Extensions><ns3:TPX><ns3:Speed>0.0</ns3:Speed></ns3:TPX></Extensions></Trackpoint><Trackpoint><Time>2025-07-04T22:05:14Z</Time><HeartRateBpm><Value>96</Value></HeartRateBpm><Extensions><ns3:TPX><ns3:Speed>0.0</ns3:Speed></ns3:TPX></Extensions></Trackpoint><Trackpoint><Time>2025-07-04T22:05:15Z</Time><HeartRateBpm><Value>95</Value></HeartRateBpm><Extensions><ns3:TPX><ns3:Speed>0.0</ns3:Speed></ns3:TPX></Extensions></Trackpoint><Trackpoint><Time>2025-07-04T22:05:17Z</Time><HeartRateBpm><Value>94</Value></HeartRateBpm><Extensions><ns3:TPX><ns3:Speed>0.0</ns3:Speed></ns3:TPX></Extensions></Trackpoint><Trackpoint><Time>2025-07-04T22:05:21Z</Time><HeartRateBpm><Value>95</Value></HeartRateBpm><Extensions><ns3:TPX><ns3:Speed>0.0</ns3:Speed></ns3:TPX></Extensions></Trackpoint><Trackpoint><Time>2025-07-04T22:05:26Z</Time><HeartRateBpm><Value>95</Value></HeartRateBpm><Extensions><ns3:TPX><ns3:Speed>0.0</ns3:Speed></ns3:TPX></Extensions></Trackpoint><Trackpoint><Time>2025-07-04T22:05:30Z</Time><HeartRateBpm><Value>96</Value></HeartRateBpm><Extensions><ns3:TPX><ns3:Speed>0.0</ns3:Speed></ns3:TPX></Extensions></Trackpoint><Trackpoint><Time>2025-07-04T22:05:31Z</Time><HeartRateBpm><Value>94</Value></HeartRateBpm><Extensions><ns3:TPX><ns3:Speed>0.0</ns3:Speed></ns3:TPX></Extensions></Trackpoint><Trackpoint><Time>2025-07-04T22:05:32Z</Time><HeartRateBpm><Value>93</Value></HeartRateBpm><Extensions><ns3:TPX><ns3:Speed>0.0</ns3:Speed></ns3:TPX></Extensions></Trackpoint><Trackpoint><Time>2025-07-04T22:05:34Z</Time><HeartRateBpm><Value>92</Value></HeartRateBpm><Extensions><ns3:TPX><ns3:Speed>0.0</ns3:Speed></ns3:TPX></Extensions></Trackpoint><Trackpoint><Time>2025-07-04T22:05:36Z</Time><HeartRateBpm><Value>90</Value></HeartRateBpm><Extensions><ns3:TPX><ns3:Speed>0.0</ns3:Speed></ns3:TPX></Extensions></Trackpoint><Trackpoint><Time>2025-07-04T22:05:38Z</Time><HeartRateBpm><Value>89</Value></HeartRateBpm><Extensions><ns3:TPX><ns3:Speed>0.0</ns3:Speed></ns3:TPX></Extensions></Trackpoint><Trackpoint><Time>2025-07-04T22:05:43Z</Time><HeartRateBpm><Value>89</Value></HeartRateBpm><Extensions><ns3:TPX><ns3:Speed>0.0</ns3:Speed></ns3:TPX></Extensions></Trackpoint><Trackpoint><Time>2025-07-04T22:05:45Z</Time><HeartRateBpm><Value>90</Value></HeartRateBpm><Extensions><ns3:TPX><ns3:Speed>0.0</ns3:Speed></ns3:TPX></Extensions></Trackpoint><Trackpoint><Time>2025-07-04T22:05:46Z</Time><HeartRateBpm><Value>91</Value></HeartRateBpm><Extensions><ns3:TPX><ns3:Speed>0.0</ns3:Speed></ns3:TPX></Extensions></Trackpoint><Trackpoint><Time>2025-07-04T22:05:48Z</Time><HeartRateBpm><Value>92</Value></HeartRateBpm><Extensions><ns3:TPX><ns3:Speed>0.0</ns3:Speed></ns3:TPX></Extensions></Trackpoint><Trackpoint><Time>2025-07-04T22:05:49Z</Time><HeartRateBpm><Value>93</Value></HeartRateBpm><Extensions><ns3:TPX><ns3:Speed>0.0</ns3:Speed></ns3:TPX></Extensions></Trackpoint><Trackpoint><Time>2025-07-04T22:05:50Z</Time><HeartRateBpm><Value>94</Value></HeartRateBpm><Extensions><ns3:TPX><ns3:Speed>0.0</ns3:Speed></ns3:TPX></Extensions></Trackpoint><Trackpoint><Time>2025-07-04T22:05:51Z</Time><HeartRateBpm><Value>95</Value></HeartRateBpm><Extensions><ns3:TPX><ns3:Speed>0.0</ns3:Speed></ns3:TPX></Extensions></Trackpoint><Trackpoint><Time>2025-07-04T22:05:55Z</Time><HeartRateBpm><Value>96</Value></HeartRateBpm><Extensions><ns3:TPX><ns3:Speed>0.0</ns3:Speed></ns3:TPX></Extensions></Trackpoint><Trackpoint><Time>2025-07-04T22:05:56Z</Time><HeartRateBpm><Value>97</Value></HeartRateBpm><Extensions><ns3:TPX><ns3:Speed>0.0</ns3:Speed></ns3:TPX></Extensions></Trackpoint><Trackpoint><Time>2025-07-04T22:05:58Z</Time><HeartRateBpm><Value>96</Value></HeartRateBpm><Extensions><ns3:TPX><ns3:Speed>0.0</ns3:Speed></ns3:TPX></Extensions></Trackpoint><Trackpoint><Time>2025-07-04T22:06:00Z</Time><HeartRateBpm><Value>97</Value></HeartRateBpm><Extensions><ns3:TPX><ns3:Speed>0.0</ns3:Speed></ns3:TPX></Extensions></Trackpoint><Trackpoint><Time>2025-07-04T22:06:01Z</Time><HeartRateBpm><Value>98</Value></HeartRateBpm><Extensions><ns3:TPX><ns3:Speed>0.0</ns3:Speed></ns3:TPX></Extensions></Trackpoint><Trackpoint><Time>2025-07-04T22:06:03Z</Time><HeartRateBpm><Value>97</Value></HeartRateBpm><Extensions><ns3:TPX><ns3:Speed>0.0</ns3:Speed></ns3:TPX></Extensions></Trackpoint><Trackpoint><Time>2025-07-04T22:06:04Z</Time><HeartRateBpm><Value>95</Value></HeartRateBpm><Extensions><ns3:TPX><ns3:Speed>0.0</ns3:Speed></ns3:TPX></Extensions></Trackpoint><Trackpoint><Time>2025-07-04T22:06:06Z</Time><HeartRateBpm><Value>94</Value></HeartRateBpm><Extensions><ns3:TPX><ns3:Speed>0.0</ns3:Speed></ns3:TPX></Extensions></Trackpoint><Trackpoint><Time>2025-07-04T22:06:10Z</Time><HeartRateBpm><Value>93</Value></HeartRateBpm><Extensions><ns3:TPX><ns3:Speed>0.0</ns3:Speed></ns3:TPX></Extensions></Trackpoint><Trackpoint><Time>2025-07-04T22:06:14Z</Time><HeartRateBpm><Value>94</Value></HeartRateBpm><Extensions><ns3:TPX><ns3:Speed>0.0</ns3:Speed></ns3:TPX></Extensions></Trackpoint><Trackpoint><Time>2025-07-04T22:06:16Z</Time><HeartRateBpm><Value>95</Value></HeartRateBpm><Extensions><ns3:TPX><ns3:Speed>0.0</ns3:Speed></ns3:TPX></Extensions></Trackpoint><Trackpoint><Time>2025-07-04T22:06:19Z</Time><HeartRateBpm><Value>96</Value></HeartRateBpm><Extensions><ns3:TPX><ns3:Speed>0.0</ns3:Speed></ns3:TPX></Extensions></Trackpoint><Trackpoint><Time>2025-07-04T22:06:22Z</Time><HeartRateBpm><Value>95</Value></HeartRateBpm><Extensions><ns3:TPX><ns3:Speed>0.0</ns3:Speed></ns3:TPX></Extensions></Trackpoint><Trackpoint><Time>2025-07-04T22:06:26Z</Time><HeartRateBpm><Value>94</Value></HeartRateBpm><Extensions><ns3:TPX><ns3:Speed>0.0</ns3:Speed></ns3:TPX></Extensions></Trackpoint><Trackpoint><Time>2025-07-04T22:06:31Z</Time><HeartRateBpm><Value>94</Value></HeartRateBpm><Extensions><ns3:TPX><ns3:Speed>0.0</ns3:Speed></ns3:TPX></Extensions></Trackpoint><Trackpoint><Time>2025-07-04T22:06:33Z</Time><HeartRateBpm><Value>95</Value></HeartRateBpm><Extensions><ns3:TPX><ns3:Speed>0.0</ns3:Speed></ns3:TPX></Extensions></Trackpoint><Trackpoint><Time>2025-07-04T22:06:38Z</Time><HeartRateBpm><Value>97</Value></HeartRateBpm><Extensions><ns3:TPX><ns3:Speed>0.0</ns3:Speed></ns3:TPX></Extensions></Trackpoint><Trackpoint><Time>2025-07-04T22:06:39Z</Time><HeartRateBpm><Value>96</Value></HeartRateBpm><Extensions><ns3:TPX><ns3:Speed>0.0</ns3:Speed></ns3:TPX></Extensions></Trackpoint><Trackpoint><Time>2025-07-04T22:06:40Z</Time><HeartRateBpm><Value>95</Value></HeartRateBpm><Extensions><ns3:TPX><ns3:Speed>0.0</ns3:Speed></ns3:TPX></Extensions></Trackpoint><Trackpoint><Time>2025-07-04T22:06:44Z</Time><HeartRateBpm><Value>97</Value></HeartRateBpm><Extensions><ns3:TPX><ns3:Speed>0.0</ns3:Speed></ns3:TPX></Extensions></Trackpoint><Trackpoint><Time>2025-07-04T22:06:46Z</Time><HeartRateBpm><Value>98</Value></HeartRateBpm><Extensions><ns3:TPX><ns3:Speed>0.0</ns3:Speed></ns3:TPX></Extensions></Trackpoint><Trackpoint><Time>2025-07-04T22:06:47Z</Time><HeartRateBpm><Value>101</Value></HeartRateBpm><Extensions><ns3:TPX><ns3:Speed>0.0</ns3:Speed></ns3:TPX></Extensions></Trackpoint><Trackpoint><Time>2025-07-04T22:06:49Z</Time><HeartRateBpm><Value>103</Value></HeartRateBpm><Extensions><ns3:TPX><ns3:Speed>0.0</ns3:Speed></ns3:TPX></Extensions></Trackpoint><Trackpoint><Time>2025-07-04T22:06:50Z</Time><HeartRateBpm><Value>104</Value></HeartRateBpm><Extensions><ns3:TPX><ns3:Speed>0.0</ns3:Speed></ns3:TPX></Extensions></Trackpoint><Trackpoint><Time>2025-07-04T22:06:55Z</Time><HeartRateBpm><Value>104</Value></HeartRateBpm><Extensions><ns3:TPX><ns3:Speed>0.0</ns3:Speed></ns3:TPX></Extensions></Trackpoint><Trackpoint><Time>2025-07-04T22:06:58Z</Time><HeartRateBpm><Value>103</Value></HeartRateBpm><Extensions><ns3:TPX><ns3:Speed>0.0</ns3:Speed></ns3:TPX></Extensions></Trackpoint><Trackpoint><Time>2025-07-04T22:07:03Z</Time><HeartRateBpm><Value>103</Value></HeartRateBpm><Extensions><ns3:TPX><ns3:Speed>0.0</ns3:Speed></ns3:TPX></Extensions></Trackpoint><Trackpoint><Time>2025-07-04T22:07:04Z</Time><HeartRateBpm><Value>105</Value></HeartRateBpm><Extensions><ns3:TPX><ns3:Speed>0.0</ns3:Speed></ns3:TPX></Extensions></Trackpoint><Trackpoint><Time>2025-07-04T22:07:05Z</Time><HeartRateBpm><Value>109</Value></HeartRateBpm><Extensions><ns3:TPX><ns3:Speed>0.0</ns3:Speed></ns3:TPX></Extensions></Trackpoint><Trackpoint><Time>2025-07-04T22:07:07Z</Time><HeartRateBpm><Value>113</Value></HeartRateBpm><Extensions><ns3:TPX><ns3:Speed>0.0</ns3:Speed></ns3:TPX></Extensions></Trackpoint><Trackpoint><Time>2025-07-04T22:07:08Z</Time><HeartRateBpm><Value>115</Value></HeartRateBpm><Extensions><ns3:TPX><ns3:Speed>0.0</ns3:Speed></ns3:TPX></Extensions></Trackpoint><Trackpoint><Time>2025-07-04T22:07:09Z</Time><HeartRateBpm><Value>112</Value></HeartRateBpm><Extensions><ns3:TPX><ns3:Speed>0.0</ns3:Speed></ns3:TPX></Extensions></Trackpoint><Trackpoint><Time>2025-07-04T22:07:10Z</Time><HeartRateBpm><Value>115</Value></HeartRateBpm><Extensions><ns3:TPX><ns3:Speed>0.0</ns3:Speed></ns3:TPX></Extensions></Trackpoint><Trackpoint><Time>2025-07-04T22:07:11Z</Time><HeartRateBpm><Value>110</Value></HeartRateBpm><Extensions><ns3:TPX><ns3:Speed>0.0</ns3:Speed></ns3:TPX></Extensions></Trackpoint><Trackpoint><Time>2025-07-04T22:07:13Z</Time><HeartRateBpm><Value>106</Value></HeartRateBpm><Extensions><ns3:TPX><ns3:Speed>0.0</ns3:Speed></ns3:TPX></Extensions></Trackpoint><Trackpoint><Time>2025-07-04T22:07:14Z</Time><HeartRateBpm><Value>103</Value></HeartRateBpm><Extensions><ns3:TPX><ns3:Speed>0.0</ns3:Speed></ns3:TPX></Extensions></Trackpoint><Trackpoint><Time>2025-07-04T22:07:15Z</Time><HeartRateBpm><Value>104</Value></HeartRateBpm><Extensions><ns3:TPX><ns3:Speed>0.0</ns3:Speed></ns3:TPX></Extensions></Trackpoint><Trackpoint><Time>2025-07-04T22:07:16Z</Time><HeartRateBpm><Value>103</Value></HeartRateBpm><Extensions><ns3:TPX><ns3:Speed>0.0</ns3:Speed></ns3:TPX></Extensions></Trackpoint><Trackpoint><Time>2025-07-04T22:07:19Z</Time><HeartRateBpm><Value>102</Value></HeartRateBpm><Extensions><ns3:TPX><ns3:Speed>0.0</ns3:Speed></ns3:TPX></Extensions></Trackpoint><Trackpoint><Time>2025-07-04T22:07:20Z</Time><HeartRateBpm><Value>101</Value></HeartRateBpm><Extensions><ns3:TPX><ns3:Speed>0.0</ns3:Speed></ns3:TPX></Extensions></Trackpoint><Trackpoint><Time>2025-07-04T22:07:25Z</Time><HeartRateBpm><Value>101</Value></HeartRateBpm><Extensions><ns3:TPX><ns3:Speed>0.0</ns3:Speed></ns3:TPX></Extensions></Trackpoint><Trackpoint><Time>2025-07-04T22:07:26Z</Time><HeartRateBpm><Value>100</Value></HeartRateBpm><Extensions><ns3:TPX><ns3:Speed>0.0</ns3:Speed></ns3:TPX></Extensions></Trackpoint><Trackpoint><Time>2025-07-04T22:07:27Z</Time><HeartRateBpm><Value>98</Value></HeartRateBpm><Extensions><ns3:TPX><ns3:Speed>0.0</ns3:Speed></ns3:TPX></Extensions></Trackpoint><Trackpoint><Time>2025-07-04T22:07:28Z</Time><HeartRateBpm><Value>97</Value></HeartRateBpm><Extensions><ns3:TPX><ns3:Speed>0.0</ns3:Speed></ns3:TPX></Extensions></Trackpoint><Trackpoint><Time>2025-07-04T22:07:29Z</Time><HeartRateBpm><Value>95</Value></HeartRateBpm><Extensions><ns3:TPX><ns3:Speed>0.0</ns3:Speed></ns3:TPX></Extensions></Trackpoint><Trackpoint><Time>2025-07-04T22:07:32Z</Time><HeartRateBpm><Value>94</Value></HeartRateBpm><Extensions><ns3:TPX><ns3:Speed>0.0</ns3:Speed></ns3:TPX></Extensions></Trackpoint><Trackpoint><Time>2025-07-04T22:07:33Z</Time><HeartRateBpm><Value>93</Value></HeartRateBpm><Extensions><ns3:TPX><ns3:Speed>0.0</ns3:Speed></ns3:TPX></Extensions></Trackpoint><Trackpoint><Time>2025-07-04T22:07:34Z</Time><HeartRateBpm><Value>91</Value></HeartRateBpm><Extensions><ns3:TPX><ns3:Speed>0.0</ns3:Speed></ns3:TPX></Extensions></Trackpoint><Trackpoint><Time>2025-07-04T22:07:35Z</Time><HeartRateBpm><Value>90</Value></HeartRateBpm><Extensions><ns3:TPX><ns3:Speed>0.0</ns3:Speed></ns3:TPX></Extensions></Trackpoint><Trackpoint><Time>2025-07-04T22:07:39Z</Time><HeartRateBpm><Value>88</Value></HeartRateBpm><Extensions><ns3:TPX><ns3:Speed>0.0</ns3:Speed></ns3:TPX></Extensions></Trackpoint><Trackpoint><Time>2025-07-04T22:07:40Z</Time><HeartRateBpm><Value>87</Value></HeartRateBpm><Extensions><ns3:TPX><ns3:Speed>0.0</ns3:Speed></ns3:TPX></Extensions></Trackpoint><Trackpoint><Time>2025-07-04T22:07:43Z</Time><HeartRateBpm><Value>86</Value></HeartRateBpm><Extensions><ns3:TPX><ns3:Speed>0.0</ns3:Speed></ns3:TPX></Extensions></Trackpoint><Trackpoint><Time>2025-07-04T22:07:47Z</Time><HeartRateBpm><Value>85</Value></HeartRateBpm><Extensions><ns3:TPX><ns3:Speed>0.0</ns3:Speed></ns3:TPX></Extensions></Trackpoint><Trackpoint><Time>2025-07-04T22:07:50Z</Time><HeartRateBpm><Value>84</Value></HeartRateBpm><Extensions><ns3:TPX><ns3:Speed>0.0</ns3:Speed></ns3:TPX></Extensions></Trackpoint><Trackpoint><Time>2025-07-04T22:07:51Z</Time><HeartRateBpm><Value>82</Value></HeartRateBpm><Extensions><ns3:TPX><ns3:Speed>0.0</ns3:Speed></ns3:TPX></Extensions></Trackpoint><Trackpoint><Time>2025-07-04T22:07:56Z</Time><HeartRateBpm><Value>82</Value></HeartRateBpm><Extensions><ns3:TPX><ns3:Speed>0.0</ns3:Speed></ns3:TPX></Extensions></Trackpoint><Trackpoint><Time>2025-07-04T22:08:01Z</Time><HeartRateBpm><Value>82</Value></HeartRateBpm><Extensions><ns3:TPX><ns3:Speed>0.0</ns3:Speed></ns3:TPX></Extensions></Trackpoint><Trackpoint><Time>2025-07-04T22:08:07Z</Time><HeartRateBpm><Value>82</Value></HeartRateBpm><Extensions><ns3:TPX><ns3:Speed>0.0</ns3:Speed></ns3:TPX></Extensions></Trackpoint><Trackpoint><Time>2025-07-04T22:08:09Z</Time><HeartRateBpm><Value>83</Value></HeartRateBpm><Extensions><ns3:TPX><ns3:Speed>0.0</ns3:Speed></ns3:TPX></Extensions></Trackpoint><Trackpoint><Time>2025-07-04T22:08:10Z</Time><HeartRateBpm><Value>82</Value></HeartRateBpm><Extensions><ns3:TPX><ns3:Speed>0.0</ns3:Speed></ns3:TPX></Extensions></Trackpoint><Trackpoint><Time>2025-07-04T22:08:15Z</Time><HeartRateBpm><Value>82</Value></HeartRateBpm><Extensions><ns3:TPX><ns3:Speed>0.0</ns3:Speed></ns3:TPX></Extensions></Trackpoint><Trackpoint><Time>2025-07-04T22:08:20Z</Time><HeartRateBpm><Value>82</Value></HeartRateBpm><Extensions><ns3:TPX><ns3:Speed>0.0</ns3:Speed></ns3:TPX></Extensions></Trackpoint><Trackpoint><Time>2025-07-04T22:08:21Z</Time><HeartRateBpm><Value>83</Value></HeartRateBpm><Extensions><ns3:TPX><ns3:Speed>0.0</ns3:Speed></ns3:TPX></Extensions></Trackpoint><Trackpoint><Time>2025-07-04T22:08:25Z</Time><HeartRateBpm><Value>84</Value></HeartRateBpm><Extensions><ns3:TPX><ns3:Speed>0.0</ns3:Speed></ns3:TPX></Extensions></Trackpoint><Trackpoint><Time>2025-07-04T22:08:26Z</Time><HeartRateBpm><Value>85</Value></HeartRateBpm><Extensions><ns3:TPX><ns3:Speed>0.0</ns3:Speed></ns3:TPX></Extensions></Trackpoint><Trackpoint><Time>2025-07-04T22:08:27Z</Time><HeartRateBpm><Value>84</Value></HeartRateBpm><Extensions><ns3:TPX><ns3:Speed>0.0</ns3:Speed></ns3:TPX></Extensions></Trackpoint><Trackpoint><Time>2025-07-04T22:08:28Z</Time><HeartRateBpm><Value>83</Value></HeartRateBpm><Extensions><ns3:TPX><ns3:Speed>0.0</ns3:Speed></ns3:TPX></Extensions></Trackpoint><Trackpoint><Time>2025-07-04T22:08:33Z</Time><HeartRateBpm><Value>83</Value></HeartRateBpm><Extensions><ns3:TPX><ns3:Speed>0.0</ns3:Speed></ns3:TPX></Extensions></Trackpoint><Trackpoint><Time>2025-07-04T22:08:34Z</Time><HeartRateBpm><Value>84</Value></HeartRateBpm><Extensions><ns3:TPX><ns3:Speed>0.0</ns3:Speed></ns3:TPX></Extensions></Trackpoint><Trackpoint><Time>2025-07-04T22:08:35Z</Time><HeartRateBpm><Value>85</Value></HeartRateBpm><Extensions><ns3:TPX><ns3:Speed>0.0</ns3:Speed></ns3:TPX></Extensions></Trackpoint><Trackpoint><Time>2025-07-04T22:08:37Z</Time><HeartRateBpm><Value>86</Value></HeartRateBpm><Extensions><ns3:TPX><ns3:Speed>0.0</ns3:Speed></ns3:TPX></Extensions></Trackpoint><Trackpoint><Time>2025-07-04T22:08:41Z</Time><HeartRateBpm><Value>86</Value></HeartRateBpm><Extensions><ns3:TPX><ns3:Speed>0.0</ns3:Speed></ns3:TPX></Extensions></Trackpoint><Trackpoint><Time>2025-07-04T22:08:42Z</Time><HeartRateBpm><Value>88</Value></HeartRateBpm><Extensions><ns3:TPX><ns3:Speed>0.0</ns3:Speed></ns3:TPX></Extensions></Trackpoint><Trackpoint><Time>2025-07-04T22:08:44Z</Time><HeartRateBpm><Value>89</Value></HeartRateBpm><Extensions><ns3:TPX><ns3:Speed>0.0</ns3:Speed></ns3:TPX></Extensions></Trackpoint><Trackpoint><Time>2025-07-04T22:08:50Z</Time><HeartRateBpm><Value>90</Value></HeartRateBpm><Extensions><ns3:TPX><ns3:Speed>0.0</ns3:Speed></ns3:TPX></Extensions></Trackpoint><Trackpoint><Time>2025-07-04T22:08:51Z</Time><HeartRateBpm><Value>91</Value></HeartRateBpm><Extensions><ns3:TPX><ns3:Speed>0.0</ns3:Speed></ns3:TPX></Extensions></Trackpoint><Trackpoint><Time>2025-07-04T22:08:52Z</Time><HeartRateBpm><Value>92</Value></HeartRateBpm><Extensions><ns3:TPX><ns3:Speed>0.0</ns3:Speed></ns3:TPX></Extensions></Trackpoint><Trackpoint><Time>2025-07-04T22:08:54Z</Time><HeartRateBpm><Value>93</Value></HeartRateBpm><Extensions><ns3:TPX><ns3:Speed>0.0</ns3:Speed></ns3:TPX></Extensions></Trackpoint><Trackpoint><Time>2025-07-04T22:08:55Z</Time><HeartRateBpm><Value>92</Value></HeartRateBpm><Extensions><ns3:TPX><ns3:Speed>0.0</ns3:Speed></ns3:TPX></Extensions></Trackpoint><Trackpoint><Time>2025-07-04T22:08:56Z</Time><HeartRateBpm><Value>91</Value></HeartRateBpm><Extensions><ns3:TPX><ns3:Speed>0.0</ns3:Speed></ns3:TPX></Extensions></Trackpoint><Trackpoint><Time>2025-07-04T22:08:57Z</Time><HeartRateBpm><Value>88</Value></HeartRateBpm><Extensions><ns3:TPX><ns3:Speed>0.0</ns3:Speed></ns3:TPX></Extensions></Trackpoint><Trackpoint><Time>2025-07-04T22:08:58Z</Time><HeartRateBpm><Value>87</Value></HeartRateBpm><Extensions><ns3:TPX><ns3:Speed>0.0</ns3:Speed></ns3:TPX></Extensions></Trackpoint><Trackpoint><Time>2025-07-04T22:09:03Z</Time><HeartRateBpm><Value>88</Value></HeartRateBpm><Extensions><ns3:TPX><ns3:Speed>0.0</ns3:Speed></ns3:TPX></Extensions></Trackpoint><Trackpoint><Time>2025-07-04T22:09:08Z</Time><HeartRateBpm><Value>88</Value></HeartRateBpm><Extensions><ns3:TPX><ns3:Speed>0.0</ns3:Speed></ns3:TPX></Extensions></Trackpoint><Trackpoint><Time>2025-07-04T22:09:09Z</Time><HeartRateBpm><Value>87</Value></HeartRateBpm><Extensions><ns3:TPX><ns3:Speed>0.0</ns3:Speed></ns3:TPX></Extensions></Trackpoint><Trackpoint><Time>2025-07-04T22:09:14Z</Time><HeartRateBpm><Value>86</Value></HeartRateBpm><Extensions><ns3:TPX><ns3:Speed>0.0</ns3:Speed></ns3:TPX></Extensions></Trackpoint><Trackpoint><Time>2025-07-04T22:09:15Z</Time><HeartRateBpm><Value>84</Value></HeartRateBpm><Extensions><ns3:TPX><ns3:Speed>0.0</ns3:Speed></ns3:TPX></Extensions></Trackpoint><Trackpoint><Time>2025-07-04T22:09:18Z</Time><HeartRateBpm><Value>85</Value></HeartRateBpm><Extensions><ns3:TPX><ns3:Speed>0.0</ns3:Speed></ns3:TPX></Extensions></Trackpoint><Trackpoint><Time>2025-07-04T22:09:22Z</Time><HeartRateBpm><Value>86</Value></HeartRateBpm><Extensions><ns3:TPX><ns3:Speed>0.0</ns3:Speed></ns3:TPX></Extensions></Trackpoint><Trackpoint><Time>2025-07-04T22:09:27Z</Time><HeartRateBpm><Value>89</Value></HeartRateBpm><Extensions><ns3:TPX><ns3:Speed>0.0</ns3:Speed></ns3:TPX></Extensions></Trackpoint><Trackpoint><Time>2025-07-04T22:09:28Z</Time><HeartRateBpm><Value>91</Value></HeartRateBpm><Extensions><ns3:TPX><ns3:Speed>0.0</ns3:Speed></ns3:TPX></Extensions></Trackpoint><Trackpoint><Time>2025-07-04T22:09:33Z</Time><HeartRateBpm><Value>91</Value></HeartRateBpm><Extensions><ns3:TPX><ns3:Speed>0.0</ns3:Speed></ns3:TPX></Extensions></Trackpoint><Trackpoint><Time>2025-07-04T22:09:34Z</Time><HeartRateBpm><Value>92</Value></HeartRateBpm><Extensions><ns3:TPX><ns3:Speed>0.0</ns3:Speed></ns3:TPX></Extensions></Trackpoint><Trackpoint><Time>2025-07-04T22:09:35Z</Time><HeartRateBpm><Value>93</Value></HeartRateBpm><Extensions><ns3:TPX><ns3:Speed>0.0</ns3:Speed></ns3:TPX></Extensions></Trackpoint><Trackpoint><Time>2025-07-04T22:09:36Z</Time><HeartRateBpm><Value>94</Value></HeartRateBpm><Extensions><ns3:TPX><ns3:Speed>0.0</ns3:Speed></ns3:TPX></Extensions></Trackpoint><Trackpoint><Time>2025-07-04T22:09:39Z</Time><HeartRateBpm><Value>93</Value></HeartRateBpm><Extensions><ns3:TPX><ns3:Speed>0.0</ns3:Speed></ns3:TPX></Extensions></Trackpoint><Trackpoint><Time>2025-07-04T22:09:40Z</Time><HeartRateBpm><Value>89</Value></HeartRateBpm><Extensions><ns3:TPX><ns3:Speed>0.0</ns3:Speed></ns3:TPX></Extensions></Trackpoint><Trackpoint><Time>2025-07-04T22:09:42Z</Time><HeartRateBpm><Value>90</Value></HeartRateBpm><Extensions><ns3:TPX><ns3:Speed>0.0</ns3:Speed></ns3:TPX></Extensions></Trackpoint><Trackpoint><Time>2025-07-04T22:09:44Z</Time><HeartRateBpm><Value>91</Value></HeartRateBpm><Extensions><ns3:TPX><ns3:Speed>0.0</ns3:Speed></ns3:TPX></Extensions></Trackpoint><Trackpoint><Time>2025-07-04T22:09:46Z</Time><HeartRateBpm><Value>92</Value></HeartRateBpm><Extensions><ns3:TPX><ns3:Speed>0.0</ns3:Speed></ns3:TPX></Extensions></Trackpoint><Trackpoint><Time>2025-07-04T22:09:47Z</Time><HeartRateBpm><Value>93</Value></HeartRateBpm><Extensions><ns3:TPX><ns3:Speed>0.0</ns3:Speed></ns3:TPX></Extensions></Trackpoint><Trackpoint><Time>2025-07-04T22:09:48Z</Time><HeartRateBpm><Value>94</Value></HeartRateBpm><Extensions><ns3:TPX><ns3:Speed>0.0</ns3:Speed></ns3:TPX></Extensions></Trackpoint><Trackpoint><Time>2025-07-04T22:09:50Z</Time><HeartRateBpm><Value>93</Value></HeartRateBpm><Extensions><ns3:TPX><ns3:Speed>0.0</ns3:Speed></ns3:TPX></Extensions></Trackpoint><Trackpoint><Time>2025-07-04T22:09:52Z</Time><HeartRateBpm><Value>91</Value></HeartRateBpm><Extensions><ns3:TPX><ns3:Speed>0.0</ns3:Speed></ns3:TPX></Extensions></Trackpoint><Trackpoint><Time>2025-07-04T22:09:54Z</Time><HeartRateBpm><Value>93</Value></HeartRateBpm><Extensions><ns3:TPX><ns3:Speed>0.0</ns3:Speed></ns3:TPX></Extensions></Trackpoint><Trackpoint><Time>2025-07-04T22:09:56Z</Time><HeartRateBpm><Value>94</Value></HeartRateBpm><Extensions><ns3:TPX><ns3:Speed>0.0</ns3:Speed></ns3:TPX></Extensions></Trackpoint><Trackpoint><Time>2025-07-04T22:09:57Z</Time><HeartRateBpm><Value>93</Value></HeartRateBpm><Extensions><ns3:TPX><ns3:Speed>0.0</ns3:Speed></ns3:TPX></Extensions></Trackpoint><Trackpoint><Time>2025-07-04T22:09:58Z</Time><HeartRateBpm><Value>89</Value></HeartRateBpm><Extensions><ns3:TPX><ns3:Speed>0.0</ns3:Speed></ns3:TPX></Extensions></Trackpoint><Trackpoint><Time>2025-07-04T22:10:00Z</Time><HeartRateBpm><Value>90</Value></HeartRateBpm><Extensions><ns3:TPX><ns3:Speed>0.0</ns3:Speed></ns3:TPX></Extensions></Trackpoint><Trackpoint><Time>2025-07-04T22:10:04Z</Time><HeartRateBpm><Value>91</Value></HeartRateBpm><Extensions><ns3:TPX><ns3:Speed>0.0</ns3:Speed></ns3:TPX></Extensions></Trackpoint><Trackpoint><Time>2025-07-04T22:10:05Z</Time><HeartRateBpm><Value>92</Value></HeartRateBpm><Extensions><ns3:TPX><ns3:Speed>0.0</ns3:Speed></ns3:TPX></Extensions></Trackpoint><Trackpoint><Time>2025-07-04T22:10:10Z</Time><HeartRateBpm><Value>93</Value></HeartRateBpm><Extensions><ns3:TPX><ns3:Speed>0.0</ns3:Speed></ns3:TPX></Extensions></Trackpoint><Trackpoint><Time>2025-07-04T22:10:15Z</Time><HeartRateBpm><Value>96</Value></HeartRateBpm><Extensions><ns3:TPX><ns3:Speed>0.0</ns3:Speed></ns3:TPX></Extensions></Trackpoint><Trackpoint><Time>2025-07-04T22:10:16Z</Time><HeartRateBpm><Value>98</Value></HeartRateBpm><Extensions><ns3:TPX><ns3:Speed>0.0</ns3:Speed></ns3:TPX></Extensions></Trackpoint><Trackpoint><Time>2025-07-04T22:10:18Z</Time><HeartRateBpm><Value>99</Value></HeartRateBpm><Extensions><ns3:TPX><ns3:Speed>0.0</ns3:Speed></ns3:TPX></Extensions></Trackpoint><Trackpoint><Time>2025-07-04T22:10:23Z</Time><HeartRateBpm><Value>99</Value></HeartRateBpm><Extensions><ns3:TPX><ns3:Speed>0.0</ns3:Speed></ns3:TPX></Extensions></Trackpoint><Trackpoint><Time>2025-07-04T22:10:27Z</Time><HeartRateBpm><Value>98</Value></HeartRateBpm><Extensions><ns3:TPX><ns3:Speed>0.0</ns3:Speed></ns3:TPX></Extensions></Trackpoint><Trackpoint><Time>2025-07-04T22:10:29Z</Time><HeartRateBpm><Value>97</Value></HeartRateBpm><Extensions><ns3:TPX><ns3:Speed>0.0</ns3:Speed></ns3:TPX></Extensions></Trackpoint><Trackpoint><Time>2025-07-04T22:10:33Z</Time><HeartRateBpm><Value>98</Value></HeartRateBpm><Extensions><ns3:TPX><ns3:Speed>0.0</ns3:Speed></ns3:TPX></Extensions></Trackpoint><Trackpoint><Time>2025-07-04T22:10:34Z</Time><HeartRateBpm><Value>96</Value></HeartRateBpm><Extensions><ns3:TPX><ns3:Speed>0.0</ns3:Speed></ns3:TPX></Extensions></Trackpoint><Trackpoint><Time>2025-07-04T22:10:39Z</Time><HeartRateBpm><Value>96</Value></HeartRateBpm><Extensions><ns3:TPX><ns3:Speed>0.0</ns3:Speed></ns3:TPX></Extensions></Trackpoint><Trackpoint><Time>2025-07-04T22:10:41Z</Time><HeartRateBpm><Value>98</Value></HeartRateBpm><Extensions><ns3:TPX><ns3:Speed>0.0</ns3:Speed></ns3:TPX></Extensions></Trackpoint><Trackpoint><Time>2025-07-04T22:10:45Z</Time><HeartRateBpm><Value>97</Value></HeartRateBpm><Extensions><ns3:TPX><ns3:Speed>0.0</ns3:Speed></ns3:TPX></Extensions></Trackpoint><Trackpoint><Time>2025-07-04T22:10:46Z</Time><HeartRateBpm><Value>96</Value></HeartRateBpm><Extensions><ns3:TPX><ns3:Speed>0.0</ns3:Speed></ns3:TPX></Extensions></Trackpoint><Trackpoint><Time>2025-07-04T22:10:48Z</Time><HeartRateBpm><Value>97</Value></HeartRateBpm><Extensions><ns3:TPX><ns3:Speed>0.0</ns3:Speed></ns3:TPX></Extensions></Trackpoint><Trackpoint><Time>2025-07-04T22:10:53Z</Time><HeartRateBpm><Value>97</Value></HeartRateBpm><Extensions><ns3:TPX><ns3:Speed>0.0</ns3:Speed></ns3:TPX></Extensions></Trackpoint><Trackpoint><Time>2025-07-04T22:10:56Z</Time><HeartRateBpm><Value>96</Value></HeartRateBpm><Extensions><ns3:TPX><ns3:Speed>0.0</ns3:Speed></ns3:TPX></Extensions></Trackpoint><Trackpoint><Time>2025-07-04T22:10:59Z</Time><HeartRateBpm><Value>95</Value></HeartRateBpm><Extensions><ns3:TPX><ns3:Speed>0.0</ns3:Speed></ns3:TPX></Extensions></Trackpoint><Trackpoint><Time>2025-07-04T22:11:00Z</Time><HeartRateBpm><Value>94</Value></HeartRateBpm><Extensions><ns3:TPX><ns3:Speed>0.0</ns3:Speed></ns3:TPX></Extensions></Trackpoint><Trackpoint><Time>2025-07-04T22:11:05Z</Time><HeartRateBpm><Value>94</Value></HeartRateBpm><Extensions><ns3:TPX><ns3:Speed>0.0</ns3:Speed></ns3:TPX></Extensions></Trackpoint><Trackpoint><Time>2025-07-04T22:11:06Z</Time><HeartRateBpm><Value>93</Value></HeartRateBpm><Extensions><ns3:TPX><ns3:Speed>0.0</ns3:Speed></ns3:TPX></Extensions></Trackpoint><Trackpoint><Time>2025-07-04T22:11:10Z</Time><HeartRateBpm><Value>94</Value></HeartRateBpm><Extensions><ns3:TPX><ns3:Speed>0.0</ns3:Speed></ns3:TPX></Extensions></Trackpoint><Trackpoint><Time>2025-07-04T22:11:11Z</Time><HeartRateBpm><Value>93</Value></HeartRateBpm><Extensions><ns3:TPX><ns3:Speed>0.0</ns3:Speed></ns3:TPX></Extensions></Trackpoint><Trackpoint><Time>2025-07-04T22:11:12Z</Time><HeartRateBpm><Value>92</Value></HeartRateBpm><Extensions><ns3:TPX><ns3:Speed>0.0</ns3:Speed></ns3:TPX></Extensions></Trackpoint><Trackpoint><Time>2025-07-04T22:11:17Z</Time><HeartRateBpm><Value>92</Value></HeartRateBpm><Extensions><ns3:TPX><ns3:Speed>0.0</ns3:Speed></ns3:TPX></Extensions></Trackpoint><Trackpoint><Time>2025-07-04T22:11:22Z</Time><HeartRateBpm><Value>91</Value></HeartRateBpm><Extensions><ns3:TPX><ns3:Speed>0.0</ns3:Speed></ns3:TPX></Extensions></Trackpoint><Trackpoint><Time>2025-07-04T22:11:23Z</Time><HeartRateBpm><Value>90</Value></HeartRateBpm><Extensions><ns3:TPX><ns3:Speed>0.0</ns3:Speed></ns3:TPX></Extensions></Trackpoint><Trackpoint><Time>2025-07-04T22:11:26Z</Time><HeartRateBpm><Value>89</Value></HeartRateBpm><Extensions><ns3:TPX><ns3:Speed>0.0</ns3:Speed></ns3:TPX></Extensions></Trackpoint><Trackpoint><Time>2025-07-04T22:11:29Z</Time><HeartRateBpm><Value>88</Value></HeartRateBpm><Extensions><ns3:TPX><ns3:Speed>0.0</ns3:Speed></ns3:TPX></Extensions></Trackpoint><Trackpoint><Time>2025-07-04T22:11:31Z</Time><HeartRateBpm><Value>89</Value></HeartRateBpm><Extensions><ns3:TPX><ns3:Speed>0.0</ns3:Speed></ns3:TPX></Extensions></Trackpoint><Trackpoint><Time>2025-07-04T22:11:36Z</Time><HeartRateBpm><Value>89</Value></HeartRateBpm><Extensions><ns3:TPX><ns3:Speed>0.0</ns3:Speed></ns3:TPX></Extensions></Trackpoint><Trackpoint><Time>2025-07-04T22:11:37Z</Time><HeartRateBpm><Value>91</Value></HeartRateBpm><Extensions><ns3:TPX><ns3:Speed>0.0</ns3:Speed></ns3:TPX></Extensions></Trackpoint><Trackpoint><Time>2025-07-04T22:11:38Z</Time><HeartRateBpm><Value>92</Value></HeartRateBpm><Extensions><ns3:TPX><ns3:Speed>0.0</ns3:Speed></ns3:TPX></Extensions></Trackpoint><Trackpoint><Time>2025-07-04T22:11:39Z</Time><HeartRateBpm><Value>94</Value></HeartRateBpm><Extensions><ns3:TPX><ns3:Speed>0.0</ns3:Speed></ns3:TPX></Extensions></Trackpoint><Trackpoint><Time>2025-07-04T22:11:41Z</Time><HeartRateBpm><Value>95</Value></HeartRateBpm><Extensions><ns3:TPX><ns3:Speed>0.0</ns3:Speed></ns3:TPX></Extensions></Trackpoint><Trackpoint><Time>2025-07-04T22:11:42Z</Time><HeartRateBpm><Value>98</Value></HeartRateBpm><Extensions><ns3:TPX><ns3:Speed>0.0</ns3:Speed></ns3:TPX></Extensions></Trackpoint><Trackpoint><Time>2025-07-04T22:11:45Z</Time><HeartRateBpm><Value>97</Value></HeartRateBpm><Extensions><ns3:TPX><ns3:Speed>0.0</ns3:Speed></ns3:TPX></Extensions></Trackpoint><Trackpoint><Time>2025-07-04T22:11:49Z</Time><HeartRateBpm><Value>96</Value></HeartRateBpm><Extensions><ns3:TPX><ns3:Speed>0.0</ns3:Speed></ns3:TPX></Extensions></Trackpoint><Trackpoint><Time>2025-07-04T22:11:51Z</Time><HeartRateBpm><Value>94</Value></HeartRateBpm><Extensions><ns3:TPX><ns3:Speed>0.0</ns3:Speed></ns3:TPX></Extensions></Trackpoint><Trackpoint><Time>2025-07-04T22:11:53Z</Time><HeartRateBpm><Value>93</Value></HeartRateBpm><Extensions><ns3:TPX><ns3:Speed>0.0</ns3:Speed></ns3:TPX></Extensions></Trackpoint><Trackpoint><Time>2025-07-04T22:11:55Z</Time><HeartRateBpm><Value>95</Value></HeartRateBpm><Extensions><ns3:TPX><ns3:Speed>0.0</ns3:Speed></ns3:TPX></Extensions></Trackpoint><Trackpoint><Time>2025-07-04T22:11:56Z</Time><HeartRateBpm><Value>97</Value></HeartRateBpm><Extensions><ns3:TPX><ns3:Speed>0.0</ns3:Speed></ns3:TPX></Extensions></Trackpoint><Trackpoint><Time>2025-07-04T22:12:01Z</Time><HeartRateBpm><Value>98</Value></HeartRateBpm><Extensions><ns3:TPX><ns3:Speed>0.0</ns3:Speed></ns3:TPX></Extensions></Trackpoint><Trackpoint><Time>2025-07-04T22:12:06Z</Time><HeartRateBpm><Value>98</Value></HeartRateBpm><Extensions><ns3:TPX><ns3:Speed>0.0</ns3:Speed></ns3:TPX></Extensions></Trackpoint><Trackpoint><Time>2025-07-04T22:12:07Z</Time><HeartRateBpm><Value>97</Value></HeartRateBpm><Extensions><ns3:TPX><ns3:Speed>0.0</ns3:Speed></ns3:TPX></Extensions></Trackpoint><Trackpoint><Time>2025-07-04T22:12:12Z</Time><HeartRateBpm><Value>98</Value></HeartRateBpm><Extensions><ns3:TPX><ns3:Speed>0.0</ns3:Speed></ns3:TPX></Extensions></Trackpoint><Trackpoint><Time>2025-07-04T22:12:13Z</Time><HeartRateBpm><Value>99</Value></HeartRateBpm><Extensions><ns3:TPX><ns3:Speed>0.0</ns3:Speed></ns3:TPX></Extensions></Trackpoint><Trackpoint><Time>2025-07-04T22:12:17Z</Time><HeartRateBpm><Value>99</Value></HeartRateBpm><Extensions><ns3:TPX><ns3:Speed>0.0</ns3:Speed></ns3:TPX></Extensions></Trackpoint><Trackpoint><Time>2025-07-04T22:12:18Z</Time><HeartRateBpm><Value>100</Value></HeartRateBpm><Extensions><ns3:TPX><ns3:Speed>0.0</ns3:Speed></ns3:TPX></Extensions></Trackpoint><Trackpoint><Time>2025-07-04T22:12:20Z</Time><HeartRateBpm><Value>99</Value></HeartRateBpm><Extensions><ns3:TPX><ns3:Speed>0.0</ns3:Speed></ns3:TPX></Extensions></Trackpoint><Trackpoint><Time>2025-07-04T22:12:24Z</Time><HeartRateBpm><Value>98</Value></HeartRateBpm><Extensions><ns3:TPX><ns3:Speed>0.0</ns3:Speed></ns3:TPX></Extensions></Trackpoint><Trackpoint><Time>2025-07-04T22:12:26Z</Time><HeartRateBpm><Value>97</Value></HeartRateBpm><Extensions><ns3:TPX><ns3:Speed>0.0</ns3:Speed></ns3:TPX></Extensions></Trackpoint><Trackpoint><Time>2025-07-04T22:12:30Z</Time><HeartRateBpm><Value>98</Value></HeartRateBpm><Extensions><ns3:TPX><ns3:Speed>0.0</ns3:Speed></ns3:TPX></Extensions></Trackpoint><Trackpoint><Time>2025-07-04T22:12:32Z</Time><HeartRateBpm><Value>99</Value></HeartRateBpm><Extensions><ns3:TPX><ns3:Speed>0.0</ns3:Speed></ns3:TPX></Extensions></Trackpoint><Trackpoint><Time>2025-07-04T22:12:33Z</Time><HeartRateBpm><Value>100</Value></HeartRateBpm><Extensions><ns3:TPX><ns3:Speed>0.0</ns3:Speed></ns3:TPX></Extensions></Trackpoint><Trackpoint><Time>2025-07-04T22:12:38Z</Time><HeartRateBpm><Value>99</Value></HeartRateBpm><Extensions><ns3:TPX><ns3:Speed>0.0</ns3:Speed></ns3:TPX></Extensions></Trackpoint><Trackpoint><Time>2025-07-04T22:12:43Z</Time><HeartRateBpm><Value>101</Value></HeartRateBpm><Extensions><ns3:TPX><ns3:Speed>0.0</ns3:Speed></ns3:TPX></Extensions></Trackpoint><Trackpoint><Time>2025-07-04T22:12:45Z</Time><HeartRateBpm><Value>102</Value></HeartRateBpm><Extensions><ns3:TPX><ns3:Speed>0.0</ns3:Speed></ns3:TPX></Extensions></Trackpoint><Trackpoint><Time>2025-07-04T22:12:48Z</Time><HeartRateBpm><Value>104</Value></HeartRateBpm><Extensions><ns3:TPX><ns3:Speed>0.0</ns3:Speed></ns3:TPX></Extensions></Trackpoint><Trackpoint><Time>2025-07-04T22:12:49Z</Time><HeartRateBpm><Value>105</Value></HeartRateBpm><Extensions><ns3:TPX><ns3:Speed>0.0</ns3:Speed></ns3:TPX></Extensions></Trackpoint><Trackpoint><Time>2025-07-04T22:12:50Z</Time><HeartRateBpm><Value>106</Value></HeartRateBpm><Extensions><ns3:TPX><ns3:Speed>0.0</ns3:Speed></ns3:TPX></Extensions></Trackpoint><Trackpoint><Time>2025-07-04T22:12:55Z</Time><HeartRateBpm><Value>105</Value></HeartRateBpm><Extensions><ns3:TPX><ns3:Speed>0.0</ns3:Speed></ns3:TPX></Extensions></Trackpoint><Trackpoint><Time>2025-07-04T22:13:00Z</Time><HeartRateBpm><Value>105</Value></HeartRateBpm><Extensions><ns3:TPX><ns3:Speed>0.0</ns3:Speed></ns3:TPX></Extensions></Trackpoint><Trackpoint><Time>2025-07-04T22:13:01Z</Time><HeartRateBpm><Value>104</Value></HeartRateBpm><Extensions><ns3:TPX><ns3:Speed>0.0</ns3:Speed></ns3:TPX></Extensions></Trackpoint><Trackpoint><Time>2025-07-04T22:13:02Z</Time><HeartRateBpm><Value>103</Value></HeartRateBpm><Extensions><ns3:TPX><ns3:Speed>0.0</ns3:Speed></ns3:TPX></Extensions></Trackpoint><Trackpoint><Time>2025-07-04T22:13:07Z</Time><HeartRateBpm><Value>103</Value></HeartRateBpm><Extensions><ns3:TPX><ns3:Speed>0.0</ns3:Speed></ns3:TPX></Extensions></Trackpoint><Trackpoint><Time>2025-07-04T22:13:11Z</Time><HeartRateBpm><Value>102</Value></HeartRateBpm><Extensions><ns3:TPX><ns3:Speed>0.0</ns3:Speed></ns3:TPX></Extensions></Trackpoint><Trackpoint><Time>2025-07-04T22:13:13Z</Time><HeartRateBpm><Value>101</Value></HeartRateBpm><Extensions><ns3:TPX><ns3:Speed>0.0</ns3:Speed></ns3:TPX></Extensions></Trackpoint><Trackpoint><Time>2025-07-04T22:13:14Z</Time><HeartRateBpm><Value>102</Value></HeartRateBpm><Extensions><ns3:TPX><ns3:Speed>0.0</ns3:Speed></ns3:TPX></Extensions></Trackpoint><Trackpoint><Time>2025-07-04T22:13:17Z</Time><HeartRateBpm><Value>103</Value></HeartRateBpm><Extensions><ns3:TPX><ns3:Speed>0.0</ns3:Speed></ns3:TPX></Extensions></Trackpoint><Trackpoint><Time>2025-07-04T22:13:20Z</Time><HeartRateBpm><Value>104</Value></HeartRateBpm><Extensions><ns3:TPX><ns3:Speed>0.0</ns3:Speed></ns3:TPX></Extensions></Trackpoint><Trackpoint><Time>2025-07-04T22:13:25Z</Time><HeartRateBpm><Value>103</Value></HeartRateBpm><Extensions><ns3:TPX><ns3:Speed>0.0</ns3:Speed></ns3:TPX></Extensions></Trackpoint><Trackpoint><Time>2025-07-04T22:13:30Z</Time><HeartRateBpm><Value>102</Value></HeartRateBpm><Extensions><ns3:TPX><ns3:Speed>0.0</ns3:Speed></ns3:TPX></Extensions></Trackpoint><Trackpoint><Time>2025-07-04T22:13:36Z</Time><HeartRateBpm><Value>102</Value></HeartRateBpm><Extensions><ns3:TPX><ns3:Speed>0.0</ns3:Speed></ns3:TPX></Extensions></Trackpoint><Trackpoint><Time>2025-07-04T22:13:37Z</Time><HeartRateBpm><Value>103</Value></HeartRateBpm><Extensions><ns3:TPX><ns3:Speed>0.0</ns3:Speed></ns3:TPX></Extensions></Trackpoint><Trackpoint><Time>2025-07-04T22:13:38Z</Time><HeartRateBpm><Value>104</Value></HeartRateBpm><Extensions><ns3:TPX><ns3:Speed>0.0</ns3:Speed></ns3:TPX></Extensions></Trackpoint><Trackpoint><Time>2025-07-04T22:13:39Z</Time><HeartRateBpm><Value>105</Value></HeartRateBpm><Extensions><ns3:TPX><ns3:Speed>0.0</ns3:Speed></ns3:TPX></Extensions></Trackpoint><Trackpoint><Time>2025-07-04T22:13:42Z</Time><HeartRateBpm><Value>106</Value></HeartRateBpm><Extensions><ns3:TPX><ns3:Speed>0.0</ns3:Speed></ns3:TPX></Extensions></Trackpoint><Trackpoint><Time>2025-07-04T22:13:44Z</Time><HeartRateBpm><Value>104</Value></HeartRateBpm><Extensions><ns3:TPX><ns3:Speed>0.0</ns3:Speed></ns3:TPX></Extensions></Trackpoint><Trackpoint><Time>2025-07-04T22:13:48Z</Time><HeartRateBpm><Value>105</Value></HeartRateBpm><Extensions><ns3:TPX><ns3:Speed>0.0</ns3:Speed></ns3:TPX></Extensions></Trackpoint><Trackpoint><Time>2025-07-04T22:13:49Z</Time><HeartRateBpm><Value>106</Value></HeartRateBpm><Extensions><ns3:TPX><ns3:Speed>0.0</ns3:Speed></ns3:TPX></Extensions></Trackpoint><Trackpoint><Time>2025-07-04T22:13:52Z</Time><HeartRateBpm><Value>107</Value></HeartRateBpm><Extensions><ns3:TPX><ns3:Speed>0.0</ns3:Speed></ns3:TPX></Extensions></Trackpoint><Trackpoint><Time>2025-07-04T22:13:57Z</Time><HeartRateBpm><Value>109</Value></HeartRateBpm><Extensions><ns3:TPX><ns3:Speed>0.0</ns3:Speed></ns3:TPX></Extensions></Trackpoint><Trackpoint><Time>2025-07-04T22:14:02Z</Time><HeartRateBpm><Value>111</Value></HeartRateBpm><Extensions><ns3:TPX><ns3:Speed>0.0</ns3:Speed></ns3:TPX></Extensions></Trackpoint><Trackpoint><Time>2025-07-04T22:14:03Z</Time><HeartRateBpm><Value>110</Value></HeartRateBpm><Extensions><ns3:TPX><ns3:Speed>0.0</ns3:Speed></ns3:TPX></Extensions></Trackpoint><Trackpoint><Time>2025-07-04T22:14:04Z</Time><HeartRateBpm><Value>109</Value></HeartRateBpm><Extensions><ns3:TPX><ns3:Speed>0.0</ns3:Speed></ns3:TPX></Extensions></Trackpoint><Trackpoint><Time>2025-07-04T22:14:09Z</Time><HeartRateBpm><Value>109</Value></HeartRateBpm><Extensions><ns3:TPX><ns3:Speed>0.0</ns3:Speed></ns3:TPX></Extensions></Trackpoint><Trackpoint><Time>2025-07-04T22:14:14Z</Time><HeartRateBpm><Value>107</Value></HeartRateBpm><Extensions><ns3:TPX><ns3:Speed>0.0</ns3:Speed></ns3:TPX></Extensions></Trackpoint><Trackpoint><Time>2025-07-04T22:14:15Z</Time><HeartRateBpm><Value>106</Value></HeartRateBpm><Extensions><ns3:TPX><ns3:Speed>0.0</ns3:Speed></ns3:TPX></Extensions></Trackpoint><Trackpoint><Time>2025-07-04T22:14:17Z</Time><HeartRateBpm><Value>105</Value></HeartRateBpm><Extensions><ns3:TPX><ns3:Speed>0.0</ns3:Speed></ns3:TPX></Extensions></Trackpoint><Trackpoint><Time>2025-07-04T22:14:22Z</Time><HeartRateBpm><Value>106</Value></HeartRateBpm><Extensions><ns3:TPX><ns3:Speed>0.0</ns3:Speed></ns3:TPX></Extensions></Trackpoint><Trackpoint><Time>2025-07-04T22:14:27Z</Time><HeartRateBpm><Value>106</Value></HeartRateBpm><Extensions><ns3:TPX><ns3:Speed>0.0</ns3:Speed></ns3:TPX></Extensions></Trackpoint><Trackpoint><Time>2025-07-04T22:14:29Z</Time><HeartRateBpm><Value>105</Value></HeartRateBpm><Extensions><ns3:TPX><ns3:Speed>0.0</ns3:Speed></ns3:TPX></Extensions></Trackpoint><Trackpoint><Time>2025-07-04T22:14:34Z</Time><HeartRateBpm><Value>105</Value></HeartRateBpm><Extensions><ns3:TPX><ns3:Speed>0.0</ns3:Speed></ns3:TPX></Extensions></Trackpoint><Trackpoint><Time>2025-07-04T22:14:39Z</Time><HeartRateBpm><Value>105</Value></HeartRateBpm><Extensions><ns3:TPX><ns3:Speed>0.0</ns3:Speed></ns3:TPX></Extensions></Trackpoint><Trackpoint><Time>2025-07-04T22:14:44Z</Time><HeartRateBpm><Value>105</Value></HeartRateBpm><Extensions><ns3:TPX><ns3:Speed>0.0</ns3:Speed></ns3:TPX></Extensions></Trackpoint><Trackpoint><Time>2025-07-04T22:14:46Z</Time><HeartRateBpm><Value>106</Value></HeartRateBpm><Extensions><ns3:TPX><ns3:Speed>0.0</ns3:Speed></ns3:TPX></Extensions></Trackpoint><Trackpoint><Time>2025-07-04T22:14:51Z</Time><HeartRateBpm><Value>105</Value></HeartRateBpm><Extensions><ns3:TPX><ns3:Speed>0.0</ns3:Speed></ns3:TPX></Extensions></Trackpoint><Trackpoint><Time>2025-07-04T22:14:52Z</Time><HeartRateBpm><Value>106</Value></HeartRateBpm><Extensions><ns3:TPX><ns3:Speed>0.0</ns3:Speed></ns3:TPX></Extensions></Trackpoint><Trackpoint><Time>2025-07-04T22:14:57Z</Time><HeartRateBpm><Value>105</Value></HeartRateBpm><Extensions><ns3:TPX><ns3:Speed>0.0</ns3:Speed></ns3:TPX></Extensions></Trackpoint><Trackpoint><Time>2025-07-04T22:15:02Z</Time><HeartRateBpm><Value>105</Value></HeartRateBpm><Extensions><ns3:TPX><ns3:Speed>0.0</ns3:Speed></ns3:TPX></Extensions></Trackpoint><Trackpoint><Time>2025-07-04T22:15:08Z</Time><HeartRateBpm><Value>105</Value></HeartRateBpm><Extensions><ns3:TPX><ns3:Speed>0.0</ns3:Speed></ns3:TPX></Extensions></Trackpoint><Trackpoint><Time>2025-07-04T22:15:14Z</Time><HeartRateBpm><Value>105</Value></HeartRateBpm><Extensions><ns3:TPX><ns3:Speed>0.0</ns3:Speed></ns3:TPX></Extensions></Trackpoint><Trackpoint><Time>2025-07-04T22:15:16Z</Time><HeartRateBpm><Value>104</Value></HeartRateBpm><Extensions><ns3:TPX><ns3:Speed>0.0</ns3:Speed></ns3:TPX></Extensions></Trackpoint><Trackpoint><Time>2025-07-04T22:15:21Z</Time><HeartRateBpm><Value>104</Value></HeartRateBpm><Extensions><ns3:TPX><ns3:Speed>0.0</ns3:Speed></ns3:TPX></Extensions></Trackpoint><Trackpoint><Time>2025-07-04T22:15:24Z</Time><HeartRateBpm><Value>105</Value></HeartRateBpm><Extensions><ns3:TPX><ns3:Speed>0.0</ns3:Speed></ns3:TPX></Extensions></Trackpoint><Trackpoint><Time>2025-07-04T22:15:26Z</Time><HeartRateBpm><Value>106</Value></HeartRateBpm><Extensions><ns3:TPX><ns3:Speed>0.0</ns3:Speed></ns3:TPX></Extensions></Trackpoint><Trackpoint><Time>2025-07-04T22:15:28Z</Time><HeartRateBpm><Value>108</Value></HeartRateBpm><Extensions><ns3:TPX><ns3:Speed>0.0</ns3:Speed></ns3:TPX></Extensions></Trackpoint><Trackpoint><Time>2025-07-04T22:15:30Z</Time><HeartRateBpm><Value>110</Value></HeartRateBpm><Extensions><ns3:TPX><ns3:Speed>0.0</ns3:Speed></ns3:TPX></Extensions></Trackpoint><Trackpoint><Time>2025-07-04T22:15:32Z</Time><HeartRateBpm><Value>111</Value></HeartRateBpm><Extensions><ns3:TPX><ns3:Speed>0.0</ns3:Speed></ns3:TPX></Extensions></Trackpoint><Trackpoint><Time>2025-07-04T22:15:33Z</Time><HeartRateBpm><Value>112</Value></HeartRateBpm><Extensions><ns3:TPX><ns3:Speed>0.0</ns3:Speed></ns3:TPX></Extensions></Trackpoint><Trackpoint><Time>2025-07-04T22:15:34Z</Time><HeartRateBpm><Value>111</Value></HeartRateBpm><Extensions><ns3:TPX><ns3:Speed>0.0</ns3:Speed></ns3:TPX></Extensions></Trackpoint><Trackpoint><Time>2025-07-04T22:15:35Z</Time><HeartRateBpm><Value>110</Value></HeartRateBpm><Extensions><ns3:TPX><ns3:Speed>0.0</ns3:Speed></ns3:TPX></Extensions></Trackpoint><Trackpoint><Time>2025-07-04T22:15:40Z</Time><HeartRateBpm><Value>109</Value></HeartRateBpm><Extensions><ns3:TPX><ns3:Speed>0.0</ns3:Speed></ns3:TPX></Extensions></Trackpoint><Trackpoint><Time>2025-07-04T22:15:41Z</Time><HeartRateBpm><Value>110</Value></HeartRateBpm><Extensions><ns3:TPX><ns3:Speed>0.0</ns3:Speed></ns3:TPX></Extensions></Trackpoint><Trackpoint><Time>2025-07-04T22:15:42Z</Time><HeartRateBpm><Value>111</Value></HeartRateBpm><Extensions><ns3:TPX><ns3:Speed>0.0</ns3:Speed></ns3:TPX></Extensions></Trackpoint><Trackpoint><Time>2025-07-04T22:15:44Z</Time><HeartRateBpm><Value>112</Value></HeartRateBpm><Extensions><ns3:TPX><ns3:Speed>0.0</ns3:Speed></ns3:TPX></Extensions></Trackpoint><Trackpoint><Time>2025-07-04T22:15:47Z</Time><HeartRateBpm><Value>113</Value></HeartRateBpm><Extensions><ns3:TPX><ns3:Speed>0.0</ns3:Speed></ns3:TPX></Extensions></Trackpoint><Trackpoint><Time>2025-07-04T22:15:48Z</Time><HeartRateBpm><Value>114</Value></HeartRateBpm><Extensions><ns3:TPX><ns3:Speed>0.0</ns3:Speed></ns3:TPX></Extensions></Trackpoint><Trackpoint><Time>2025-07-04T22:15:51Z</Time><HeartRateBpm><Value>115</Value></HeartRateBpm><Extensions><ns3:TPX><ns3:Speed>0.0</ns3:Speed></ns3:TPX></Extensions></Trackpoint><Trackpoint><Time>2025-07-04T22:15:52Z</Time><HeartRateBpm><Value>114</Value></HeartRateBpm><Extensions><ns3:TPX><ns3:Speed>0.0</ns3:Speed></ns3:TPX></Extensions></Trackpoint><Trackpoint><Time>2025-07-04T22:15:53Z</Time><HeartRateBpm><Value>113</Value></HeartRateBpm><Extensions><ns3:TPX><ns3:Speed>0.0</ns3:Speed></ns3:TPX></Extensions></Trackpoint><Trackpoint><Time>2025-07-04T22:15:54Z</Time><HeartRateBpm><Value>112</Value></HeartRateBpm><Extensions><ns3:TPX><ns3:Speed>0.0</ns3:Speed></ns3:TPX></Extensions></Trackpoint><Trackpoint><Time>2025-07-04T22:15:56Z</Time><HeartRateBpm><Value>111</Value></HeartRateBpm><Extensions><ns3:TPX><ns3:Speed>0.0</ns3:Speed></ns3:TPX></Extensions></Trackpoint><Trackpoint><Time>2025-07-04T22:15:57Z</Time><HeartRateBpm><Value>110</Value></HeartRateBpm><Extensions><ns3:TPX><ns3:Speed>0.0</ns3:Speed></ns3:TPX></Extensions></Trackpoint><Trackpoint><Time>2025-07-04T22:15:58Z</Time><HeartRateBpm><Value>108</Value></HeartRateBpm><Extensions><ns3:TPX><ns3:Speed>0.0</ns3:Speed></ns3:TPX></Extensions></Trackpoint><Trackpoint><Time>2025-07-04T22:15:59Z</Time><HeartRateBpm><Value>107</Value></HeartRateBpm><Extensions><ns3:TPX><ns3:Speed>0.0</ns3:Speed></ns3:TPX></Extensions></Trackpoint><Trackpoint><Time>2025-07-04T22:16:04Z</Time><HeartRateBpm><Value>107</Value></HeartRateBpm><Extensions><ns3:TPX><ns3:Speed>0.0</ns3:Speed></ns3:TPX></Extensions></Trackpoint><Trackpoint><Time>2025-07-04T22:16:05Z</Time><HeartRateBpm><Value>106</Value></HeartRateBpm><Extensions><ns3:TPX><ns3:Speed>0.0</ns3:Speed></ns3:TPX></Extensions></Trackpoint><Trackpoint><Time>2025-07-04T22:16:06Z</Time><HeartRateBpm><Value>105</Value></HeartRateBpm><Extensions><ns3:TPX><ns3:Speed>0.0</ns3:Speed></ns3:TPX></Extensions></Trackpoint><Trackpoint><Time>2025-07-04T22:16:07Z</Time><HeartRateBpm><Value>104</Value></HeartRateBpm><Extensions><ns3:TPX><ns3:Speed>0.0</ns3:Speed></ns3:TPX></Extensions></Trackpoint><Trackpoint><Time>2025-07-04T22:16:12Z</Time><HeartRateBpm><Value>104</Value></HeartRateBpm><Extensions><ns3:TPX><ns3:Speed>0.0</ns3:Speed></ns3:TPX></Extensions></Trackpoint><Trackpoint><Time>2025-07-04T22:16:13Z</Time><HeartRateBpm><Value>105</Value></HeartRateBpm><Extensions><ns3:TPX><ns3:Speed>0.0</ns3:Speed></ns3:TPX></Extensions></Trackpoint><Trackpoint><Time>2025-07-04T22:16:18Z</Time><HeartRateBpm><Value>105</Value></HeartRateBpm><Extensions><ns3:TPX><ns3:Speed>0.0</ns3:Speed></ns3:TPX></Extensions></Trackpoint><Trackpoint><Time>2025-07-04T22:16:22Z</Time><HeartRateBpm><Value>106</Value></HeartRateBpm><Extensions><ns3:TPX><ns3:Speed>0.0</ns3:Speed></ns3:TPX></Extensions></Trackpoint><Trackpoint><Time>2025-07-04T22:16:27Z</Time><HeartRateBpm><Value>107</Value></HeartRateBpm><Extensions><ns3:TPX><ns3:Speed>0.0</ns3:Speed></ns3:TPX></Extensions></Trackpoint><Trackpoint><Time>2025-07-04T22:16:29Z</Time><HeartRateBpm><Value>105</Value></HeartRateBpm><Extensions><ns3:TPX><ns3:Speed>0.0</ns3:Speed></ns3:TPX></Extensions></Trackpoint><Trackpoint><Time>2025-07-04T22:16:30Z</Time><HeartRateBpm><Value>104</Value></HeartRateBpm><Extensions><ns3:TPX><ns3:Speed>0.0</ns3:Speed></ns3:TPX></Extensions></Trackpoint><Trackpoint><Time>2025-07-04T22:16:31Z</Time><HeartRateBpm><Value>103</Value></HeartRateBpm><Extensions><ns3:TPX><ns3:Speed>0.0</ns3:Speed></ns3:TPX></Extensions></Trackpoint><Trackpoint><Time>2025-07-04T22:16:32Z</Time><HeartRateBpm><Value>102</Value></HeartRateBpm><Extensions><ns3:TPX><ns3:Speed>0.0</ns3:Speed></ns3:TPX></Extensions></Trackpoint><Trackpoint><Time>2025-07-04T22:16:34Z</Time><HeartRateBpm><Value>103</Value></HeartRateBpm><Extensions><ns3:TPX><ns3:Speed>0.0</ns3:Speed></ns3:TPX></Extensions></Trackpoint><Trackpoint><Time>2025-07-04T22:16:36Z</Time><HeartRateBpm><Value>104</Value></HeartRateBpm><Extensions><ns3:TPX><ns3:Speed>0.0</ns3:Speed></ns3:TPX></Extensions></Trackpoint><Trackpoint><Time>2025-07-04T22:16:39Z</Time><HeartRateBpm><Value>103</Value></HeartRateBpm><Extensions><ns3:TPX><ns3:Speed>0.0</ns3:Speed></ns3:TPX></Extensions></Trackpoint><Trackpoint><Time>2025-07-04T22:16:40Z</Time><HeartRateBpm><Value>102</Value></HeartRateBpm><Extensions><ns3:TPX><ns3:Speed>0.0</ns3:Speed></ns3:TPX></Extensions></Trackpoint><Trackpoint><Time>2025-07-04T22:16:41Z</Time><HeartRateBpm><Value>101</Value></HeartRateBpm><Extensions><ns3:TPX><ns3:Speed>0.0</ns3:Speed></ns3:TPX></Extensions></Trackpoint><Trackpoint><Time>2025-07-04T22:16:45Z</Time><HeartRateBpm><Value>102</Value></HeartRateBpm><Extensions><ns3:TPX><ns3:Speed>0.0</ns3:Speed></ns3:TPX></Extensions></Trackpoint><Trackpoint><Time>2025-07-04T22:16:48Z</Time><HeartRateBpm><Value>103</Value></HeartRateBpm><Extensions><ns3:TPX><ns3:Speed>0.0</ns3:Speed></ns3:TPX></Extensions></Trackpoint><Trackpoint><Time>2025-07-04T22:16:53Z</Time><HeartRateBpm><Value>103</Value></HeartRateBpm><Extensions><ns3:TPX><ns3:Speed>0.0</ns3:Speed></ns3:TPX></Extensions></Trackpoint><Trackpoint><Time>2025-07-04T22:16:56Z</Time><HeartRateBpm><Value>102</Value></HeartRateBpm><Extensions><ns3:TPX><ns3:Speed>0.0</ns3:Speed></ns3:TPX></Extensions></Trackpoint><Trackpoint><Time>2025-07-04T22:16:57Z</Time><HeartRateBpm><Value>103</Value></HeartRateBpm><Extensions><ns3:TPX><ns3:Speed>0.0</ns3:Speed></ns3:TPX></Extensions></Trackpoint><Trackpoint><Time>2025-07-04T22:16:58Z</Time><HeartRateBpm><Value>104</Value></HeartRateBpm><Extensions><ns3:TPX><ns3:Speed>0.0</ns3:Speed></ns3:TPX></Extensions></Trackpoint><Trackpoint><Time>2025-07-04T22:17:03Z</Time><HeartRateBpm><Value>104</Value></HeartRateBpm><Extensions><ns3:TPX><ns3:Speed>0.0</ns3:Speed></ns3:TPX></Extensions></Trackpoint><Trackpoint><Time>2025-07-04T22:17:04Z</Time><HeartRateBpm><Value>103</Value></HeartRateBpm><Extensions><ns3:TPX><ns3:Speed>0.0</ns3:Speed></ns3:TPX></Extensions></Trackpoint><Trackpoint><Time>2025-07-04T22:17:09Z</Time><HeartRateBpm><Value>102</Value></HeartRateBpm><Extensions><ns3:TPX><ns3:Speed>0.0</ns3:Speed></ns3:TPX></Extensions></Trackpoint><Trackpoint><Time>2025-07-04T22:17:10Z</Time><HeartRateBpm><Value>99</Value></HeartRateBpm><Extensions><ns3:TPX><ns3:Speed>0.0</ns3:Speed></ns3:TPX></Extensions></Trackpoint><Trackpoint><Time>2025-07-04T22:17:15Z</Time><HeartRateBpm><Value>98</Value></HeartRateBpm><Extensions><ns3:TPX><ns3:Speed>0.0</ns3:Speed></ns3:TPX></Extensions></Trackpoint><Trackpoint><Time>2025-07-04T22:17:18Z</Time><HeartRateBpm><Value>99</Value></HeartRateBpm><Extensions><ns3:TPX><ns3:Speed>0.0</ns3:Speed></ns3:TPX></Extensions></Trackpoint><Trackpoint><Time>2025-07-04T22:17:21Z</Time><HeartRateBpm><Value>100</Value></HeartRateBpm><Extensions><ns3:TPX><ns3:Speed>0.0</ns3:Speed></ns3:TPX></Extensions></Trackpoint><Trackpoint><Time>2025-07-04T22:17:23Z</Time><HeartRateBpm><Value>101</Value></HeartRateBpm><Extensions><ns3:TPX><ns3:Speed>0.0</ns3:Speed></ns3:TPX></Extensions></Trackpoint><Trackpoint><Time>2025-07-04T22:17:28Z</Time><HeartRateBpm><Value>100</Value></HeartRateBpm><Extensions><ns3:TPX><ns3:Speed>0.0</ns3:Speed></ns3:TPX></Extensions></Trackpoint><Trackpoint><Time>2025-07-04T22:17:29Z</Time><HeartRateBpm><Value>102</Value></HeartRateBpm><Extensions><ns3:TPX><ns3:Speed>0.0</ns3:Speed></ns3:TPX></Extensions></Trackpoint><Trackpoint><Time>2025-07-04T22:17:30Z</Time><HeartRateBpm><Value>103</Value></HeartRateBpm><Extensions><ns3:TPX><ns3:Speed>0.0</ns3:Speed></ns3:TPX></Extensions></Trackpoint><Trackpoint><Time>2025-07-04T22:17:31Z</Time><HeartRateBpm><Value>104</Value></HeartRateBpm><Extensions><ns3:TPX><ns3:Speed>0.0</ns3:Speed></ns3:TPX></Extensions></Trackpoint><Trackpoint><Time>2025-07-04T22:17:33Z</Time><HeartRateBpm><Value>103</Value></HeartRateBpm><Extensions><ns3:TPX><ns3:Speed>0.0</ns3:Speed></ns3:TPX></Extensions></Trackpoint><Trackpoint><Time>2025-07-04T22:17:34Z</Time><HeartRateBpm><Value>102</Value></HeartRateBpm><Extensions><ns3:TPX><ns3:Speed>0.0</ns3:Speed></ns3:TPX></Extensions></Trackpoint><Trackpoint><Time>2025-07-04T22:17:35Z</Time><HeartRateBpm><Value>101</Value></HeartRateBpm><Extensions><ns3:TPX><ns3:Speed>0.0</ns3:Speed></ns3:TPX></Extensions></Trackpoint><Trackpoint><Time>2025-07-04T22:17:37Z</Time><HeartRateBpm><Value>100</Value></HeartRateBpm><Extensions><ns3:TPX><ns3:Speed>0.0</ns3:Speed></ns3:TPX></Extensions></Trackpoint><Trackpoint><Time>2025-07-04T22:17:42Z</Time><HeartRateBpm><Value>99</Value></HeartRateBpm><Extensions><ns3:TPX><ns3:Speed>0.0</ns3:Speed></ns3:TPX></Extensions></Trackpoint><Trackpoint><Time>2025-07-04T22:17:43Z</Time><HeartRateBpm><Value>98</Value></HeartRateBpm><Extensions><ns3:TPX><ns3:Speed>0.0</ns3:Speed></ns3:TPX></Extensions></Trackpoint><Trackpoint><Time>2025-07-04T22:17:45Z</Time><HeartRateBpm><Value>97</Value></HeartRateBpm><Extensions><ns3:TPX><ns3:Speed>0.0</ns3:Speed></ns3:TPX></Extensions></Trackpoint><Trackpoint><Time>2025-07-04T22:17:46Z</Time><HeartRateBpm><Value>95</Value></HeartRateBpm><Extensions><ns3:TPX><ns3:Speed>0.0</ns3:Speed></ns3:TPX></Extensions></Trackpoint><Trackpoint><Time>2025-07-04T22:17:47Z</Time><HeartRateBpm><Value>94</Value></HeartRateBpm><Extensions><ns3:TPX><ns3:Speed>0.0</ns3:Speed></ns3:TPX></Extensions></Trackpoint><Trackpoint><Time>2025-07-04T22:17:48Z</Time><HeartRateBpm><Value>95</Value></HeartRateBpm><Extensions><ns3:TPX><ns3:Speed>0.0</ns3:Speed></ns3:TPX></Extensions></Trackpoint><Trackpoint><Time>2025-07-04T22:17:53Z</Time><HeartRateBpm><Value>94</Value></HeartRateBpm><Extensions><ns3:TPX><ns3:Speed>0.0</ns3:Speed></ns3:TPX></Extensions></Trackpoint><Trackpoint><Time>2025-07-04T22:17:54Z</Time><HeartRateBpm><Value>93</Value></HeartRateBpm><Extensions><ns3:TPX><ns3:Speed>0.0</ns3:Speed></ns3:TPX></Extensions></Trackpoint><Trackpoint><Time>2025-07-04T22:17:56Z</Time><HeartRateBpm><Value>94</Value></HeartRateBpm><Extensions><ns3:TPX><ns3:Speed>0.0</ns3:Speed></ns3:TPX></Extensions></Trackpoint><Trackpoint><Time>2025-07-04T22:18:01Z</Time><HeartRateBpm><Value>93</Value></HeartRateBpm><Extensions><ns3:TPX><ns3:Speed>0.0</ns3:Speed></ns3:TPX></Extensions></Trackpoint><Trackpoint><Time>2025-07-04T22:18:02Z</Time><HeartRateBpm><Value>92</Value></HeartRateBpm><Extensions><ns3:TPX><ns3:Speed>0.0</ns3:Speed></ns3:TPX></Extensions></Trackpoint><Trackpoint><Time>2025-07-04T22:18:04Z</Time><HeartRateBpm><Value>90</Value></HeartRateBpm><Extensions><ns3:TPX><ns3:Speed>0.0</ns3:Speed></ns3:TPX></Extensions></Trackpoint><Trackpoint><Time>2025-07-04T22:18:05Z</Time><HeartRateBpm><Value>87</Value></HeartRateBpm><Extensions><ns3:TPX><ns3:Speed>0.0</ns3:Speed></ns3:TPX></Extensions></Trackpoint><Trackpoint><Time>2025-07-04T22:18:10Z</Time><HeartRateBpm><Value>88</Value></HeartRateBpm><Extensions><ns3:TPX><ns3:Speed>0.0</ns3:Speed></ns3:TPX></Extensions></Trackpoint><Trackpoint><Time>2025-07-04T22:18:13Z</Time><HeartRateBpm><Value>89</Value></HeartRateBpm><Extensions><ns3:TPX><ns3:Speed>0.0</ns3:Speed></ns3:TPX></Extensions></Trackpoint><Trackpoint><Time>2025-07-04T22:18:14Z</Time><HeartRateBpm><Value>90</Value></HeartRateBpm><Extensions><ns3:TPX><ns3:Speed>0.0</ns3:Speed></ns3:TPX></Extensions></Trackpoint><Trackpoint><Time>2025-07-04T22:18:16Z</Time><HeartRateBpm><Value>91</Value></HeartRateBpm><Extensions><ns3:TPX><ns3:Speed>0.0</ns3:Speed></ns3:TPX></Extensions></Trackpoint><Trackpoint><Time>2025-07-04T22:18:17Z</Time><HeartRateBpm><Value>92</Value></HeartRateBpm><Extensions><ns3:TPX><ns3:Speed>0.0</ns3:Speed></ns3:TPX></Extensions></Trackpoint><Trackpoint><Time>2025-07-04T22:18:18Z</Time><HeartRateBpm><Value>94</Value></HeartRateBpm><Extensions><ns3:TPX><ns3:Speed>0.0</ns3:Speed></ns3:TPX></Extensions></Trackpoint><Trackpoint><Time>2025-07-04T22:18:19Z</Time><HeartRateBpm><Value>95</Value></HeartRateBpm><Extensions><ns3:TPX><ns3:Speed>0.0</ns3:Speed></ns3:TPX></Extensions></Trackpoint><Trackpoint><Time>2025-07-04T22:18:20Z</Time><HeartRateBpm><Value>96</Value></HeartRateBpm><Extensions><ns3:TPX><ns3:Speed>0.0</ns3:Speed></ns3:TPX></Extensions></Trackpoint><Trackpoint><Time>2025-07-04T22:18:23Z</Time><HeartRateBpm><Value>97</Value></HeartRateBpm><Extensions><ns3:TPX><ns3:Speed>0.0</ns3:Speed></ns3:TPX></Extensions></Trackpoint><Trackpoint><Time>2025-07-04T22:18:28Z</Time><HeartRateBpm><Value>96</Value></HeartRateBpm><Extensions><ns3:TPX><ns3:Speed>0.0</ns3:Speed></ns3:TPX></Extensions></Trackpoint><Trackpoint><Time>2025-07-04T22:18:34Z</Time><HeartRateBpm><Value>96</Value></HeartRateBpm><Extensions><ns3:TPX><ns3:Speed>0.0</ns3:Speed></ns3:TPX></Extensions></Trackpoint><Trackpoint><Time>2025-07-04T22:18:38Z</Time><HeartRateBpm><Value>97</Value></HeartRateBpm><Extensions><ns3:TPX><ns3:Speed>0.0</ns3:Speed></ns3:TPX></Extensions></Trackpoint><Trackpoint><Time>2025-07-04T22:18:40Z</Time><HeartRateBpm><Value>98</Value></HeartRateBpm><Extensions><ns3:TPX><ns3:Speed>0.0</ns3:Speed></ns3:TPX></Extensions></Trackpoint><Trackpoint><Time>2025-07-04T22:18:41Z</Time><HeartRateBpm><Value>99</Value></HeartRateBpm><Extensions><ns3:TPX><ns3:Speed>0.0</ns3:Speed></ns3:TPX></Extensions></Trackpoint><Trackpoint><Time>2025-07-04T22:18:42Z</Time><HeartRateBpm><Value>100</Value></HeartRateBpm><Extensions><ns3:TPX><ns3:Speed>0.0</ns3:Speed></ns3:TPX></Extensions></Trackpoint><Trackpoint><Time>2025-07-04T22:18:47Z</Time><HeartRateBpm><Value>100</Value></HeartRateBpm><Extensions><ns3:TPX><ns3:Speed>0.0</ns3:Speed></ns3:TPX></Extensions></Trackpoint><Trackpoint><Time>2025-07-04T22:18:53Z</Time><HeartRateBpm><Value>100</Value></HeartRateBpm><Extensions><ns3:TPX><ns3:Speed>0.0</ns3:Speed></ns3:TPX></Extensions></Trackpoint><Trackpoint><Time>2025-07-04T22:18:56Z</Time><HeartRateBpm><Value>101</Value></HeartRateBpm><Extensions><ns3:TPX><ns3:Speed>0.0</ns3:Speed></ns3:TPX></Extensions></Trackpoint><Trackpoint><Time>2025-07-04T22:19:00Z</Time><HeartRateBpm><Value>100</Value></HeartRateBpm><Extensions><ns3:TPX><ns3:Speed>0.0</ns3:Speed></ns3:TPX></Extensions></Trackpoint><Trackpoint><Time>2025-07-04T22:19:01Z</Time><HeartRateBpm><Value>101</Value></HeartRateBpm><Extensions><ns3:TPX><ns3:Speed>0.0</ns3:Speed></ns3:TPX></Extensions></Trackpoint><Trackpoint><Time>2025-07-04T22:19:06Z</Time><HeartRateBpm><Value>101</Value></HeartRateBpm><Extensions><ns3:TPX><ns3:Speed>0.0</ns3:Speed></ns3:TPX></Extensions></Trackpoint><Trackpoint><Time>2025-07-04T22:19:07Z</Time><HeartRateBpm><Value>100</Value></HeartRateBpm><Extensions><ns3:TPX><ns3:Speed>0.0</ns3:Speed></ns3:TPX></Extensions></Trackpoint><Trackpoint><Time>2025-07-04T22:19:09Z</Time><HeartRateBpm><Value>101</Value></HeartRateBpm><Extensions><ns3:TPX><ns3:Speed>0.0</ns3:Speed></ns3:TPX></Extensions></Trackpoint><Trackpoint><Time>2025-07-04T22:19:11Z</Time><HeartRateBpm><Value>102</Value></HeartRateBpm><Extensions><ns3:TPX><ns3:Speed>0.0</ns3:Speed></ns3:TPX></Extensions></Trackpoint><Trackpoint><Time>2025-07-04T22:19:13Z</Time><HeartRateBpm><Value>101</Value></HeartRateBpm><Extensions><ns3:TPX><ns3:Speed>0.0</ns3:Speed></ns3:TPX></Extensions></Trackpoint><Trackpoint><Time>2025-07-04T22:19:14Z</Time><HeartRateBpm><Value>102</Value></HeartRateBpm><Extensions><ns3:TPX><ns3:Speed>0.0</ns3:Speed></ns3:TPX></Extensions></Trackpoint><Trackpoint><Time>2025-07-04T22:19:17Z</Time><HeartRateBpm><Value>103</Value></HeartRateBpm><Extensions><ns3:TPX><ns3:Speed>0.0</ns3:Speed></ns3:TPX></Extensions></Trackpoint><Trackpoint><Time>2025-07-04T22:19:19Z</Time><HeartRateBpm><Value>106</Value></HeartRateBpm><Extensions><ns3:TPX><ns3:Speed>0.0</ns3:Speed></ns3:TPX></Extensions></Trackpoint><Trackpoint><Time>2025-07-04T22:19:24Z</Time><HeartRateBpm><Value>107</Value></HeartRateBpm><Extensions><ns3:TPX><ns3:Speed>0.0</ns3:Speed></ns3:TPX></Extensions></Trackpoint><Trackpoint><Time>2025-07-04T22:19:25Z</Time><HeartRateBpm><Value>108</Value></HeartRateBpm><Extensions><ns3:TPX><ns3:Speed>0.0</ns3:Speed></ns3:TPX></Extensions></Trackpoint><Trackpoint><Time>2025-07-04T22:19:29Z</Time><HeartRateBpm><Value>109</Value></HeartRateBpm><Extensions><ns3:TPX><ns3:Speed>0.0</ns3:Speed></ns3:TPX></Extensions></Trackpoint><Trackpoint><Time>2025-07-04T22:19:30Z</Time><HeartRateBpm><Value>108</Value></HeartRateBpm><Extensions><ns3:TPX><ns3:Speed>0.0</ns3:Speed></ns3:TPX></Extensions></Trackpoint><Trackpoint><Time>2025-07-04T22:19:31Z</Time><HeartRateBpm><Value>107</Value></HeartRateBpm><Extensions><ns3:TPX><ns3:Speed>0.0</ns3:Speed></ns3:TPX></Extensions></Trackpoint><Trackpoint><Time>2025-07-04T22:19:32Z</Time><HeartRateBpm><Value>106</Value></HeartRateBpm><Extensions><ns3:TPX><ns3:Speed>0.0</ns3:Speed></ns3:TPX></Extensions></Trackpoint><Trackpoint><Time>2025-07-04T22:19:36Z</Time><HeartRateBpm><Value>105</Value></HeartRateBpm><Extensions><ns3:TPX><ns3:Speed>0.0</ns3:Speed></ns3:TPX></Extensions></Trackpoint><Trackpoint><Time>2025-07-04T22:19:37Z</Time><HeartRateBpm><Value>104</Value></HeartRateBpm><Extensions><ns3:TPX><ns3:Speed>0.0</ns3:Speed></ns3:TPX></Extensions></Trackpoint><Trackpoint><Time>2025-07-04T22:19:39Z</Time><HeartRateBpm><Value>103</Value></HeartRateBpm><Extensions><ns3:TPX><ns3:Speed>0.0</ns3:Speed></ns3:TPX></Extensions></Trackpoint><Trackpoint><Time>2025-07-04T22:19:43Z</Time><HeartRateBpm><Value>102</Value></HeartRateBpm><Extensions><ns3:TPX><ns3:Speed>0.0</ns3:Speed></ns3:TPX></Extensions></Trackpoint><Trackpoint><Time>2025-07-04T22:19:48Z</Time><HeartRateBpm><Value>102</Value></HeartRateBpm><Extensions><ns3:TPX><ns3:Speed>0.0</ns3:Speed></ns3:TPX></Extensions></Trackpoint><Trackpoint><Time>2025-07-04T22:19:54Z</Time><HeartRateBpm><Value>102</Value></HeartRateBpm><Extensions><ns3:TPX><ns3:Speed>0.0</ns3:Speed></ns3:TPX></Extensions></Trackpoint><Trackpoint><Time>2025-07-04T22:19:56Z</Time><HeartRateBpm><Value>104</Value></HeartRateBpm><Extensions><ns3:TPX><ns3:Speed>0.0</ns3:Speed></ns3:TPX></Extensions></Trackpoint><Trackpoint><Time>2025-07-04T22:20:01Z</Time><HeartRateBpm><Value>104</Value></HeartRateBpm><Extensions><ns3:TPX><ns3:Speed>0.0</ns3:Speed></ns3:TPX></Extensions></Trackpoint><Trackpoint><Time>2025-07-04T22:20:02Z</Time><HeartRateBpm><Value>105</Value></HeartRateBpm><Extensions><ns3:TPX><ns3:Speed>0.0</ns3:Speed></ns3:TPX></Extensions></Trackpoint><Trackpoint><Time>2025-07-04T22:20:03Z</Time><HeartRateBpm><Value>106</Value></HeartRateBpm><Extensions><ns3:TPX><ns3:Speed>0.0</ns3:Speed></ns3:TPX></Extensions></Trackpoint><Trackpoint><Time>2025-07-04T22:20:04Z</Time><HeartRateBpm><Value>107</Value></HeartRateBpm><Extensions><ns3:TPX><ns3:Speed>0.0</ns3:Speed></ns3:TPX></Extensions></Trackpoint><Trackpoint><Time>2025-07-04T22:20:06Z</Time><HeartRateBpm><Value>108</Value></HeartRateBpm><Extensions><ns3:TPX><ns3:Speed>0.0</ns3:Speed></ns3:TPX></Extensions></Trackpoint><Trackpoint><Time>2025-07-04T22:20:09Z</Time><HeartRateBpm><Value>109</Value></HeartRateBpm><Extensions><ns3:TPX><ns3:Speed>0.0</ns3:Speed></ns3:TPX></Extensions></Trackpoint><Trackpoint><Time>2025-07-04T22:20:10Z</Time><HeartRateBpm><Value>108</Value></HeartRateBpm><Extensions><ns3:TPX><ns3:Speed>0.0</ns3:Speed></ns3:TPX></Extensions></Trackpoint><Trackpoint><Time>2025-07-04T22:20:15Z</Time><HeartRateBpm><Value>108</Value></HeartRateBpm><Extensions><ns3:TPX><ns3:Speed>0.0</ns3:Speed></ns3:TPX></Extensions></Trackpoint><Trackpoint><Time>2025-07-04T22:20:20Z</Time><HeartRateBpm><Value>109</Value></HeartRateBpm><Extensions><ns3:TPX><ns3:Speed>0.0</ns3:Speed></ns3:TPX></Extensions></Trackpoint><Trackpoint><Time>2025-07-04T22:20:22Z</Time><HeartRateBpm><Value>108</Value></HeartRateBpm><Extensions><ns3:TPX><ns3:Speed>0.0</ns3:Speed></ns3:TPX></Extensions></Trackpoint><Trackpoint><Time>2025-07-04T22:20:25Z</Time><HeartRateBpm><Value>107</Value></HeartRateBpm><Extensions><ns3:TPX><ns3:Speed>0.0</ns3:Speed></ns3:TPX></Extensions></Trackpoint><Trackpoint><Time>2025-07-04T22:20:31Z</Time><HeartRateBpm><Value>108</Value></HeartRateBpm><Extensions><ns3:TPX><ns3:Speed>0.0</ns3:Speed></ns3:TPX></Extensions></Trackpoint><Trackpoint><Time>2025-07-04T22:20:33Z</Time><HeartRateBpm><Value>107</Value></HeartRateBpm><Extensions><ns3:TPX><ns3:Speed>0.0</ns3:Speed></ns3:TPX></Extensions></Trackpoint><Trackpoint><Time>2025-07-04T22:20:34Z</Time><HeartRateBpm><Value>105</Value></HeartRateBpm><Extensions><ns3:TPX><ns3:Speed>0.0</ns3:Speed></ns3:TPX></Extensions></Trackpoint><Trackpoint><Time>2025-07-04T22:20:35Z</Time><HeartRateBpm><Value>104</Value></HeartRateBpm><Extensions><ns3:TPX><ns3:Speed>0.0</ns3:Speed></ns3:TPX></Extensions></Trackpoint><Trackpoint><Time>2025-07-04T22:20:37Z</Time><HeartRateBpm><Value>103</Value></HeartRateBpm><Extensions><ns3:TPX><ns3:Speed>0.0</ns3:Speed></ns3:TPX></Extensions></Trackpoint><Trackpoint><Time>2025-07-04T22:20:38Z</Time><HeartRateBpm><Value>99</Value></HeartRateBpm><Extensions><ns3:TPX><ns3:Speed>0.0</ns3:Speed></ns3:TPX></Extensions></Trackpoint><Trackpoint><Time>2025-07-04T22:20:39Z</Time><HeartRateBpm><Value>97</Value></HeartRateBpm><Extensions><ns3:TPX><ns3:Speed>0.0</ns3:Speed></ns3:TPX></Extensions></Trackpoint><Trackpoint><Time>2025-07-04T22:20:40Z</Time><HeartRateBpm><Value>96</Value></HeartRateBpm><Extensions><ns3:TPX><ns3:Speed>0.0</ns3:Speed></ns3:TPX></Extensions></Trackpoint><Trackpoint><Time>2025-07-04T22:20:41Z</Time><HeartRateBpm><Value>95</Value></HeartRateBpm><Extensions><ns3:TPX><ns3:Speed>0.0</ns3:Speed></ns3:TPX></Extensions></Trackpoint><Trackpoint><Time>2025-07-04T22:20:43Z</Time><HeartRateBpm><Value>94</Value></HeartRateBpm><Extensions><ns3:TPX><ns3:Speed>0.0</ns3:Speed></ns3:TPX></Extensions></Trackpoint><Trackpoint><Time>2025-07-04T22:20:44Z</Time><HeartRateBpm><Value>92</Value></HeartRateBpm><Extensions><ns3:TPX><ns3:Speed>0.0</ns3:Speed></ns3:TPX></Extensions></Trackpoint><Trackpoint><Time>2025-07-04T22:20:45Z</Time><HeartRateBpm><Value>93</Value></HeartRateBpm><Extensions><ns3:TPX><ns3:Speed>0.0</ns3:Speed></ns3:TPX></Extensions></Trackpoint><Trackpoint><Time>2025-07-04T22:20:46Z</Time><HeartRateBpm><Value>94</Value></HeartRateBpm><Extensions><ns3:TPX><ns3:Speed>0.0</ns3:Speed></ns3:TPX></Extensions></Trackpoint><Trackpoint><Time>2025-07-04T22:20:49Z</Time><HeartRateBpm><Value>95</Value></HeartRateBpm><Extensions><ns3:TPX><ns3:Speed>0.0</ns3:Speed></ns3:TPX></Extensions></Trackpoint><Trackpoint><Time>2025-07-04T22:20:51Z</Time><HeartRateBpm><Value>97</Value></HeartRateBpm><Extensions><ns3:TPX><ns3:Speed>0.0</ns3:Speed></ns3:TPX></Extensions></Trackpoint><Trackpoint><Time>2025-07-04T22:20:54Z</Time><HeartRateBpm><Value>100</Value></HeartRateBpm><Extensions><ns3:TPX><ns3:Speed>0.0</ns3:Speed></ns3:TPX></Extensions></Trackpoint><Trackpoint><Time>2025-07-04T22:20:55Z</Time><HeartRateBpm><Value>102</Value></HeartRateBpm><Extensions><ns3:TPX><ns3:Speed>0.0</ns3:Speed></ns3:TPX></Extensions></Trackpoint><Trackpoint><Time>2025-07-04T22:21:00Z</Time><HeartRateBpm><Value>103</Value></HeartRateBpm><Extensions><ns3:TPX><ns3:Speed>0.0</ns3:Speed></ns3:TPX></Extensions></Trackpoint><Trackpoint><Time>2025-07-04T22:21:01Z</Time><HeartRateBpm><Value>102</Value></HeartRateBpm><Extensions><ns3:TPX><ns3:Speed>0.0</ns3:Speed></ns3:TPX></Extensions></Trackpoint><Trackpoint><Time>2025-07-04T22:21:02Z</Time><HeartRateBpm><Value>103</Value></HeartRateBpm><Extensions><ns3:TPX><ns3:Speed>0.0</ns3:Speed></ns3:TPX></Extensions></Trackpoint><Trackpoint><Time>2025-07-04T22:21:03Z</Time><HeartRateBpm><Value>105</Value></HeartRateBpm><Extensions><ns3:TPX><ns3:Speed>0.0</ns3:Speed></ns3:TPX></Extensions></Trackpoint><Trackpoint><Time>2025-07-04T22:21:05Z</Time><HeartRateBpm><Value>100</Value></HeartRateBpm><Extensions><ns3:TPX><ns3:Speed>0.0</ns3:Speed></ns3:TPX></Extensions></Trackpoint><Trackpoint><Time>2025-07-04T22:21:07Z</Time><HeartRateBpm><Value>102</Value></HeartRateBpm><Extensions><ns3:TPX><ns3:Speed>0.0</ns3:Speed></ns3:TPX></Extensions></Trackpoint><Trackpoint><Time>2025-07-04T22:21:08Z</Time><HeartRateBpm><Value>99</Value></HeartRateBpm><Extensions><ns3:TPX><ns3:Speed>0.0</ns3:Speed></ns3:TPX></Extensions></Trackpoint><Trackpoint><Time>2025-07-04T22:21:09Z</Time><HeartRateBpm><Value>102</Value></HeartRateBpm><Extensions><ns3:TPX><ns3:Speed>0.0</ns3:Speed></ns3:TPX></Extensions></Trackpoint><Trackpoint><Time>2025-07-04T22:21:10Z</Time><HeartRateBpm><Value>104</Value></HeartRateBpm><Extensions><ns3:TPX><ns3:Speed>0.0</ns3:Speed></ns3:TPX></Extensions></Trackpoint><Trackpoint><Time>2025-07-04T22:21:15Z</Time><HeartRateBpm><Value>102</Value></HeartRateBpm><Extensions><ns3:TPX><ns3:Speed>0.0</ns3:Speed></ns3:TPX></Extensions></Trackpoint><Trackpoint><Time>2025-07-04T22:21:16Z</Time><HeartRateBpm><Value>101</Value></HeartRateBpm><Extensions><ns3:TPX><ns3:Speed>0.0</ns3:Speed></ns3:TPX></Extensions></Trackpoint><Trackpoint><Time>2025-07-04T22:21:17Z</Time><HeartRateBpm><Value>100</Value></HeartRateBpm><Extensions><ns3:TPX><ns3:Speed>0.0</ns3:Speed></ns3:TPX></Extensions></Trackpoint><Trackpoint><Time>2025-07-04T22:21:20Z</Time><HeartRateBpm><Value>101</Value></HeartRateBpm><Extensions><ns3:TPX><ns3:Speed>0.0</ns3:Speed></ns3:TPX></Extensions></Trackpoint><Trackpoint><Time>2025-07-04T22:21:25Z</Time><HeartRateBpm><Value>100</Value></HeartRateBpm><Extensions><ns3:TPX><ns3:Speed>0.0</ns3:Speed></ns3:TPX></Extensions></Trackpoint><Trackpoint><Time>2025-07-04T22:21:28Z</Time><HeartRateBpm><Value>99</Value></HeartRateBpm><Extensions><ns3:TPX><ns3:Speed>0.0</ns3:Speed></ns3:TPX></Extensions></Trackpoint><Trackpoint><Time>2025-07-04T22:21:33Z</Time><HeartRateBpm><Value>99</Value></HeartRateBpm><Extensions><ns3:TPX><ns3:Speed>0.0</ns3:Speed></ns3:TPX></Extensions></Trackpoint><Trackpoint><Time>2025-07-04T22:21:35Z</Time><HeartRateBpm><Value>100</Value></HeartRateBpm><Extensions><ns3:TPX><ns3:Speed>0.0</ns3:Speed></ns3:TPX></Extensions></Trackpoint><Trackpoint><Time>2025-07-04T22:21:40Z</Time><HeartRateBpm><Value>100</Value></HeartRateBpm><Extensions><ns3:TPX><ns3:Speed>0.0</ns3:Speed></ns3:TPX></Extensions></Trackpoint><Trackpoint><Time>2025-07-04T22:21:45Z</Time><HeartRateBpm><Value>100</Value></HeartRateBpm><Extensions><ns3:TPX><ns3:Speed>0.0</ns3:Speed></ns3:TPX></Extensions></Trackpoint><Trackpoint><Time>2025-07-04T22:21:49Z</Time><HeartRateBpm><Value>101</Value></HeartRateBpm><Extensions><ns3:TPX><ns3:Speed>0.0</ns3:Speed></ns3:TPX></Extensions></Trackpoint><Trackpoint><Time>2025-07-04T22:21:50Z</Time><HeartRateBpm><Value>103</Value></HeartRateBpm><Extensions><ns3:TPX><ns3:Speed>0.0</ns3:Speed></ns3:TPX></Extensions></Trackpoint><Trackpoint><Time>2025-07-04T22:21:51Z</Time><HeartRateBpm><Value>104</Value></HeartRateBpm><Extensions><ns3:TPX><ns3:Speed>0.0</ns3:Speed></ns3:TPX></Extensions></Trackpoint><Trackpoint><Time>2025-07-04T22:21:55Z</Time><HeartRateBpm><Value>105</Value></HeartRateBpm><Extensions><ns3:TPX><ns3:Speed>0.0</ns3:Speed></ns3:TPX></Extensions></Trackpoint><Trackpoint><Time>2025-07-04T22:22:01Z</Time><HeartRateBpm><Value>105</Value></HeartRateBpm><Extensions><ns3:TPX><ns3:Speed>0.0</ns3:Speed></ns3:TPX></Extensions></Trackpoint><Trackpoint><Time>2025-07-04T22:22:05Z</Time><HeartRateBpm><Value>106</Value></HeartRateBpm><Extensions><ns3:TPX><ns3:Speed>0.0</ns3:Speed></ns3:TPX></Extensions></Trackpoint><Trackpoint><Time>2025-07-04T22:22:07Z</Time><HeartRateBpm><Value>107</Value></HeartRateBpm><Extensions><ns3:TPX><ns3:Speed>0.0</ns3:Speed></ns3:TPX></Extensions></Trackpoint><Trackpoint><Time>2025-07-04T22:22:08Z</Time><HeartRateBpm><Value>108</Value></HeartRateBpm><Extensions><ns3:TPX><ns3:Speed>0.0</ns3:Speed></ns3:TPX></Extensions></Trackpoint><Trackpoint><Time>2025-07-04T22:22:13Z</Time><HeartRateBpm><Value>108</Value></HeartRateBpm><Extensions><ns3:TPX><ns3:Speed>0.0</ns3:Speed></ns3:TPX></Extensions></Trackpoint><Trackpoint><Time>2025-07-04T22:22:19Z</Time><HeartRateBpm><Value>107</Value></HeartRateBpm><Extensions><ns3:TPX><ns3:Speed>0.0</ns3:Speed></ns3:TPX></Extensions></Trackpoint><Trackpoint><Time>2025-07-04T22:22:21Z</Time><HeartRateBpm><Value>108</Value></HeartRateBpm><Extensions><ns3:TPX><ns3:Speed>0.0</ns3:Speed></ns3:TPX></Extensions></Trackpoint><Trackpoint><Time>2025-07-04T22:22:26Z</Time><HeartRateBpm><Value>109</Value></HeartRateBpm><Extensions><ns3:TPX><ns3:Speed>0.0</ns3:Speed></ns3:TPX></Extensions></Trackpoint><Trackpoint><Time>2025-07-04T22:22:30Z</Time><HeartRateBpm><Value>110</Value></HeartRateBpm><Extensions><ns3:TPX><ns3:Speed>0.0</ns3:Speed></ns3:TPX></Extensions></Trackpoint><Trackpoint><Time>2025-07-04T22:22:33Z</Time><HeartRateBpm><Value>115</Value></HeartRateBpm><Extensions><ns3:TPX><ns3:Speed>0.0</ns3:Speed></ns3:TPX></Extensions></Trackpoint><Trackpoint><Time>2025-07-04T22:22:34Z</Time><HeartRateBpm><Value>118</Value></HeartRateBpm><Extensions><ns3:TPX><ns3:Speed>0.0</ns3:Speed></ns3:TPX></Extensions></Trackpoint><Trackpoint><Time>2025-07-04T22:22:35Z</Time><HeartRateBpm><Value>115</Value></HeartRateBpm><Extensions><ns3:TPX><ns3:Speed>0.0</ns3:Speed></ns3:TPX></Extensions></Trackpoint><Trackpoint><Time>2025-07-04T22:22:36Z</Time><HeartRateBpm><Value>118</Value></HeartRateBpm><Extensions><ns3:TPX><ns3:Speed>0.0</ns3:Speed></ns3:TPX></Extensions></Trackpoint><Trackpoint><Time>2025-07-04T22:22:38Z</Time><HeartRateBpm><Value>115</Value></HeartRateBpm><Extensions><ns3:TPX><ns3:Speed>0.0</ns3:Speed></ns3:TPX></Extensions></Trackpoint><Trackpoint><Time>2025-07-04T22:22:39Z</Time><HeartRateBpm><Value>113</Value></HeartRateBpm><Extensions><ns3:TPX><ns3:Speed>0.0</ns3:Speed></ns3:TPX></Extensions></Trackpoint><Trackpoint><Time>2025-07-04T22:22:40Z</Time><HeartRateBpm><Value>114</Value></HeartRateBpm><Extensions><ns3:TPX><ns3:Speed>0.0</ns3:Speed></ns3:TPX></Extensions></Trackpoint><Trackpoint><Time>2025-07-04T22:22:41Z</Time><HeartRateBpm><Value>115</Value></HeartRateBpm><Extensions><ns3:TPX><ns3:Speed>0.0</ns3:Speed></ns3:TPX></Extensions></Trackpoint><Trackpoint><Time>2025-07-04T22:22:46Z</Time><HeartRateBpm><Value>115</Value></HeartRateBpm><Extensions><ns3:TPX><ns3:Speed>0.0</ns3:Speed></ns3:TPX></Extensions></Trackpoint><Trackpoint><Time>2025-07-04T22:22:51Z</Time><HeartRateBpm><Value>113</Value></HeartRateBpm><Extensions><ns3:TPX><ns3:Speed>0.0</ns3:Speed></ns3:TPX></Extensions></Trackpoint><Trackpoint><Time>2025-07-04T22:22:56Z</Time><HeartRateBpm><Value>113</Value></HeartRateBpm><Extensions><ns3:TPX><ns3:Speed>0.0</ns3:Speed></ns3:TPX></Extensions></Trackpoint><Trackpoint><Time>2025-07-04T22:22:58Z</Time><HeartRateBpm><Value>114</Value></HeartRateBpm><Extensions><ns3:TPX><ns3:Speed>0.0</ns3:Speed></ns3:TPX></Extensions></Trackpoint><Trackpoint><Time>2025-07-04T22:22:59Z</Time><HeartRateBpm><Value>115</Value></HeartRateBpm><Extensions><ns3:TPX><ns3:Speed>0.0</ns3:Speed></ns3:TPX></Extensions></Trackpoint><Trackpoint><Time>2025-07-04T22:23:00Z</Time><HeartRateBpm><Value>116</Value></HeartRateBpm><Extensions><ns3:TPX><ns3:Speed>0.0</ns3:Speed></ns3:TPX></Extensions></Trackpoint><Trackpoint><Time>2025-07-04T22:23:03Z</Time><HeartRateBpm><Value>117</Value></HeartRateBpm><Extensions><ns3:TPX><ns3:Speed>0.0</ns3:Speed></ns3:TPX></Extensions></Trackpoint><Trackpoint><Time>2025-07-04T22:23:04Z</Time><HeartRateBpm><Value>119</Value></HeartRateBpm><Extensions><ns3:TPX><ns3:Speed>0.0</ns3:Speed></ns3:TPX></Extensions></Trackpoint><Trackpoint><Time>2025-07-04T22:23:05Z</Time><HeartRateBpm><Value>120</Value></HeartRateBpm><Extensions><ns3:TPX><ns3:Speed>0.0</ns3:Speed></ns3:TPX></Extensions></Trackpoint><Trackpoint><Time>2025-07-04T22:23:08Z</Time><HeartRateBpm><Value>119</Value></HeartRateBpm><Extensions><ns3:TPX><ns3:Speed>0.0</ns3:Speed></ns3:TPX></Extensions></Trackpoint><Trackpoint><Time>2025-07-04T22:23:14Z</Time><HeartRateBpm><Value>119</Value></HeartRateBpm><Extensions><ns3:TPX><ns3:Speed>0.0</ns3:Speed></ns3:TPX></Extensions></Trackpoint><Trackpoint><Time>2025-07-04T22:23:16Z</Time><HeartRateBpm><Value>120</Value></HeartRateBpm><Extensions><ns3:TPX><ns3:Speed>0.0</ns3:Speed></ns3:TPX></Extensions></Trackpoint><Trackpoint><Time>2025-07-04T22:23:18Z</Time><HeartRateBpm><Value>121</Value></HeartRateBpm><Extensions><ns3:TPX><ns3:Speed>0.0</ns3:Speed></ns3:TPX></Extensions></Trackpoint><Trackpoint><Time>2025-07-04T22:23:20Z</Time><HeartRateBpm><Value>122</Value></HeartRateBpm><Extensions><ns3:TPX><ns3:Speed>0.0</ns3:Speed></ns3:TPX></Extensions></Trackpoint><Trackpoint><Time>2025-07-04T22:23:21Z</Time><HeartRateBpm><Value>123</Value></HeartRateBpm><Extensions><ns3:TPX><ns3:Speed>0.0</ns3:Speed></ns3:TPX></Extensions></Trackpoint><Trackpoint><Time>2025-07-04T22:23:22Z</Time><HeartRateBpm><Value>124</Value></HeartRateBpm><Extensions><ns3:TPX><ns3:Speed>0.0</ns3:Speed></ns3:TPX></Extensions></Trackpoint><Trackpoint><Time>2025-07-04T22:23:26Z</Time><HeartRateBpm><Value>123</Value></HeartRateBpm><Extensions><ns3:TPX><ns3:Speed>0.0</ns3:Speed></ns3:TPX></Extensions></Trackpoint><Trackpoint><Time>2025-07-04T22:23:29Z</Time><HeartRateBpm><Value>122</Value></HeartRateBpm><Extensions><ns3:TPX><ns3:Speed>0.0</ns3:Speed></ns3:TPX></Extensions></Trackpoint><Trackpoint><Time>2025-07-04T22:23:30Z</Time><HeartRateBpm><Value>121</Value></HeartRateBpm><Extensions><ns3:TPX><ns3:Speed>0.0</ns3:Speed></ns3:TPX></Extensions></Trackpoint><Trackpoint><Time>2025-07-04T22:23:32Z</Time><HeartRateBpm><Value>119</Value></HeartRateBpm><Extensions><ns3:TPX><ns3:Speed>0.0</ns3:Speed></ns3:TPX></Extensions></Trackpoint><Trackpoint><Time>2025-07-04T22:23:33Z</Time><HeartRateBpm><Value>118</Value></HeartRateBpm><Extensions><ns3:TPX><ns3:Speed>0.0</ns3:Speed></ns3:TPX></Extensions></Trackpoint><Trackpoint><Time>2025-07-04T22:23:34Z</Time><HeartRateBpm><Value>117</Value></HeartRateBpm><Extensions><ns3:TPX><ns3:Speed>0.0</ns3:Speed></ns3:TPX></Extensions></Trackpoint><Trackpoint><Time>2025-07-04T22:23:38Z</Time><HeartRateBpm><Value>116</Value></HeartRateBpm><Extensions><ns3:TPX><ns3:Speed>0.0</ns3:Speed></ns3:TPX></Extensions></Trackpoint><Trackpoint><Time>2025-07-04T22:23:39Z</Time><HeartRateBpm><Value>113</Value></HeartRateBpm><Extensions><ns3:TPX><ns3:Speed>0.0</ns3:Speed></ns3:TPX></Extensions></Trackpoint><Trackpoint><Time>2025-07-04T22:23:40Z</Time><HeartRateBpm><Value>110</Value></HeartRateBpm><Extensions><ns3:TPX><ns3:Speed>0.0</ns3:Speed></ns3:TPX></Extensions></Trackpoint><Trackpoint><Time>2025-07-04T22:23:41Z</Time><HeartRateBpm><Value>109</Value></HeartRateBpm><Extensions><ns3:TPX><ns3:Speed>0.0</ns3:Speed></ns3:TPX></Extensions></Trackpoint><Trackpoint><Time>2025-07-04T22:23:42Z</Time><HeartRateBpm><Value>108</Value></HeartRateBpm><Extensions><ns3:TPX><ns3:Speed>0.0</ns3:Speed></ns3:TPX></Extensions></Trackpoint><Trackpoint><Time>2025-07-04T22:23:43Z</Time><HeartRateBpm><Value>106</Value></HeartRateBpm><Extensions><ns3:TPX><ns3:Speed>0.0</ns3:Speed></ns3:TPX></Extensions></Trackpoint><Trackpoint><Time>2025-07-04T22:23:46Z</Time><HeartRateBpm><Value>105</Value></HeartRateBpm><Extensions><ns3:TPX><ns3:Speed>0.0</ns3:Speed></ns3:TPX></Extensions></Trackpoint><Trackpoint><Time>2025-07-04T22:23:48Z</Time><HeartRateBpm><Value>103</Value></HeartRateBpm><Extensions><ns3:TPX><ns3:Speed>0.0</ns3:Speed></ns3:TPX></Extensions></Trackpoint><Trackpoint><Time>2025-07-04T22:23:49Z</Time><HeartRateBpm><Value>100</Value></HeartRateBpm><Extensions><ns3:TPX><ns3:Speed>0.0</ns3:Speed></ns3:TPX></Extensions></Trackpoint><Trackpoint><Time>2025-07-04T22:23:51Z</Time><HeartRateBpm><Value>99</Value></HeartRateBpm><Extensions><ns3:TPX><ns3:Speed>0.0</ns3:Speed></ns3:TPX></Extensions></Trackpoint><Trackpoint><Time>2025-07-04T22:23:52Z</Time><HeartRateBpm><Value>98</Value></HeartRateBpm><Extensions><ns3:TPX><ns3:Speed>0.0</ns3:Speed></ns3:TPX></Extensions></Trackpoint><Trackpoint><Time>2025-07-04T22:23:54Z</Time><HeartRateBpm><Value>97</Value></HeartRateBpm><Extensions><ns3:TPX><ns3:Speed>0.0</ns3:Speed></ns3:TPX></Extensions></Trackpoint><Trackpoint><Time>2025-07-04T22:23:58Z</Time><HeartRateBpm><Value>99</Value></HeartRateBpm><Extensions><ns3:TPX><ns3:Speed>0.0</ns3:Speed></ns3:TPX></Extensions></Trackpoint><Trackpoint><Time>2025-07-04T22:24:00Z</Time><HeartRateBpm><Value>100</Value></HeartRateBpm><Extensions><ns3:TPX><ns3:Speed>0.0</ns3:Speed></ns3:TPX></Extensions></Trackpoint><Trackpoint><Time>2025-07-04T22:24:01Z</Time><HeartRateBpm><Value>101</Value></HeartRateBpm><Extensions><ns3:TPX><ns3:Speed>0.0</ns3:Speed></ns3:TPX></Extensions></Trackpoint><Trackpoint><Time>2025-07-04T22:24:03Z</Time><HeartRateBpm><Value>100</Value></HeartRateBpm><Extensions><ns3:TPX><ns3:Speed>0.0</ns3:Speed></ns3:TPX></Extensions></Trackpoint><Trackpoint><Time>2025-07-04T22:24:05Z</Time><HeartRateBpm><Value>99</Value></HeartRateBpm><Extensions><ns3:TPX><ns3:Speed>0.0</ns3:Speed></ns3:TPX></Extensions></Trackpoint><Trackpoint><Time>2025-07-04T22:24:06Z</Time><HeartRateBpm><Value>98</Value></HeartRateBpm><Extensions><ns3:TPX><ns3:Speed>0.0</ns3:Speed></ns3:TPX></Extensions></Trackpoint><Trackpoint><Time>2025-07-04T22:24:07Z</Time><HeartRateBpm><Value>96</Value></HeartRateBpm><Extensions><ns3:TPX><ns3:Speed>0.0</ns3:Speed></ns3:TPX></Extensions></Trackpoint><Trackpoint><Time>2025-07-04T22:24:09Z</Time><HeartRateBpm><Value>94</Value></HeartRateBpm><Extensions><ns3:TPX><ns3:Speed>0.0</ns3:Speed></ns3:TPX></Extensions></Trackpoint><Trackpoint><Time>2025-07-04T22:24:12Z</Time><HeartRateBpm><Value>93</Value></HeartRateBpm><Extensions><ns3:TPX><ns3:Speed>0.0</ns3:Speed></ns3:TPX></Extensions></Trackpoint><Trackpoint><Time>2025-07-04T22:24:13Z</Time><HeartRateBpm><Value>91</Value></HeartRateBpm><Extensions><ns3:TPX><ns3:Speed>0.0</ns3:Speed></ns3:TPX></Extensions></Trackpoint><Trackpoint><Time>2025-07-04T22:24:15Z</Time><HeartRateBpm><Value>90</Value></HeartRateBpm><Extensions><ns3:TPX><ns3:Speed>0.0</ns3:Speed></ns3:TPX></Extensions></Trackpoint><Trackpoint><Time>2025-07-04T22:24:16Z</Time><HeartRateBpm><Value>89</Value></HeartRateBpm><Extensions><ns3:TPX><ns3:Speed>0.0</ns3:Speed></ns3:TPX></Extensions></Trackpoint><Trackpoint><Time>2025-07-04T22:24:17Z</Time><HeartRateBpm><Value>86</Value></HeartRateBpm><Extensions><ns3:TPX><ns3:Speed>0.0</ns3:Speed></ns3:TPX></Extensions></Trackpoint><Trackpoint><Time>2025-07-04T22:24:18Z</Time><HeartRateBpm><Value>87</Value></HeartRateBpm><Extensions><ns3:TPX><ns3:Speed>0.0</ns3:Speed></ns3:TPX></Extensions></Trackpoint><Trackpoint><Time>2025-07-04T22:24:19Z</Time><HeartRateBpm><Value>89</Value></HeartRateBpm><Extensions><ns3:TPX><ns3:Speed>0.0</ns3:Speed></ns3:TPX></Extensions></Trackpoint><Trackpoint><Time>2025-07-04T22:24:21Z</Time><HeartRateBpm><Value>90</Value></HeartRateBpm><Extensions><ns3:TPX><ns3:Speed>0.0</ns3:Speed></ns3:TPX></Extensions></Trackpoint><Trackpoint><Time>2025-07-04T22:24:23Z</Time><HeartRateBpm><Value>89</Value></HeartRateBpm><Extensions><ns3:TPX><ns3:Speed>0.0</ns3:Speed></ns3:TPX></Extensions></Trackpoint><Trackpoint><Time>2025-07-04T22:24:28Z</Time><HeartRateBpm><Value>89</Value></HeartRateBpm><Extensions><ns3:TPX><ns3:Speed>0.0</ns3:Speed></ns3:TPX></Extensions></Trackpoint><Trackpoint><Time>2025-07-04T22:24:30Z</Time><HeartRateBpm><Value>90</Value></HeartRateBpm><Extensions><ns3:TPX><ns3:Speed>0.0</ns3:Speed></ns3:TPX></Extensions></Trackpoint><Trackpoint><Time>2025-07-04T22:24:33Z</Time><HeartRateBpm><Value>91</Value></HeartRateBpm><Extensions><ns3:TPX><ns3:Speed>0.0</ns3:Speed></ns3:TPX></Extensions></Trackpoint><Trackpoint><Time>2025-07-04T22:24:36Z</Time><HeartRateBpm><Value>90</Value></HeartRateBpm><Extensions><ns3:TPX><ns3:Speed>0.0</ns3:Speed></ns3:TPX></Extensions></Trackpoint><Trackpoint><Time>2025-07-04T22:24:37Z</Time><HeartRateBpm><Value>88</Value></HeartRateBpm><Extensions><ns3:TPX><ns3:Speed>0.0</ns3:Speed></ns3:TPX></Extensions></Trackpoint><Trackpoint><Time>2025-07-04T22:24:38Z</Time><HeartRateBpm><Value>89</Value></HeartRateBpm><Extensions><ns3:TPX><ns3:Speed>0.0</ns3:Speed></ns3:TPX></Extensions></Trackpoint><Trackpoint><Time>2025-07-04T22:24:40Z</Time><HeartRateBpm><Value>91</Value></HeartRateBpm><Extensions><ns3:TPX><ns3:Speed>0.0</ns3:Speed></ns3:TPX></Extensions></Trackpoint><Trackpoint><Time>2025-07-04T22:24:41Z</Time><HeartRateBpm><Value>93</Value></HeartRateBpm><Extensions><ns3:TPX><ns3:Speed>0.0</ns3:Speed></ns3:TPX></Extensions></Trackpoint><Trackpoint><Time>2025-07-04T22:24:42Z</Time><HeartRateBpm><Value>94</Value></HeartRateBpm><Extensions><ns3:TPX><ns3:Speed>0.0</ns3:Speed></ns3:TPX></Extensions></Trackpoint><Trackpoint><Time>2025-07-04T22:24:47Z</Time><HeartRateBpm><Value>96</Value></HeartRateBpm><Extensions><ns3:TPX><ns3:Speed>0.0</ns3:Speed></ns3:TPX></Extensions></Trackpoint><Trackpoint><Time>2025-07-04T22:24:49Z</Time><HeartRateBpm><Value>95</Value></HeartRateBpm><Extensions><ns3:TPX><ns3:Speed>0.0</ns3:Speed></ns3:TPX></Extensions></Trackpoint><Trackpoint><Time>2025-07-04T22:24:54Z</Time><HeartRateBpm><Value>95</Value></HeartRateBpm><Extensions><ns3:TPX><ns3:Speed>0.0</ns3:Speed></ns3:TPX></Extensions></Trackpoint><Trackpoint><Time>2025-07-04T22:24:57Z</Time><HeartRateBpm><Value>94</Value></HeartRateBpm><Extensions><ns3:TPX><ns3:Speed>0.0</ns3:Speed></ns3:TPX></Extensions></Trackpoint><Trackpoint><Time>2025-07-04T22:25:01Z</Time><HeartRateBpm><Value>96</Value></HeartRateBpm><Extensions><ns3:TPX><ns3:Speed>0.0</ns3:Speed></ns3:TPX></Extensions></Trackpoint><Trackpoint><Time>2025-07-04T22:25:03Z</Time><HeartRateBpm><Value>98</Value></HeartRateBpm><Extensions><ns3:TPX><ns3:Speed>0.0</ns3:Speed></ns3:TPX></Extensions></Trackpoint><Trackpoint><Time>2025-07-04T22:25:04Z</Time><HeartRateBpm><Value>99</Value></HeartRateBpm><Extensions><ns3:TPX><ns3:Speed>0.0</ns3:Speed></ns3:TPX></Extensions></Trackpoint><Trackpoint><Time>2025-07-04T22:25:09Z</Time><HeartRateBpm><Value>101</Value></HeartRateBpm><Extensions><ns3:TPX><ns3:Speed>0.0</ns3:Speed></ns3:TPX></Extensions></Trackpoint><Trackpoint><Time>2025-07-04T22:25:10Z</Time><HeartRateBpm><Value>106</Value></HeartRateBpm><Extensions><ns3:TPX><ns3:Speed>0.0</ns3:Speed></ns3:TPX></Extensions></Trackpoint><Trackpoint><Time>2025-07-04T22:25:15Z</Time><HeartRateBpm><Value>101</Value></HeartRateBpm><Extensions><ns3:TPX><ns3:Speed>0.0</ns3:Speed></ns3:TPX></Extensions></Trackpoint><Trackpoint><Time>2025-07-04T22:25:16Z</Time><HeartRateBpm><Value>104</Value></HeartRateBpm><Extensions><ns3:TPX><ns3:Speed>0.0</ns3:Speed></ns3:TPX></Extensions></Trackpoint><Trackpoint><Time>2025-07-04T22:25:17Z</Time><HeartRateBpm><Value>101</Value></HeartRateBpm><Extensions><ns3:TPX><ns3:Speed>0.0</ns3:Speed></ns3:TPX></Extensions></Trackpoint><Trackpoint><Time>2025-07-04T22:25:22Z</Time><HeartRateBpm><Value>101</Value></HeartRateBpm><Extensions><ns3:TPX><ns3:Speed>0.0</ns3:Speed></ns3:TPX></Extensions></Trackpoint><Trackpoint><Time>2025-07-04T22:25:27Z</Time><HeartRateBpm><Value>101</Value></HeartRateBpm><Extensions><ns3:TPX><ns3:Speed>0.0</ns3:Speed></ns3:TPX></Extensions></Trackpoint><Trackpoint><Time>2025-07-04T22:25:28Z</Time><HeartRateBpm><Value>102</Value></HeartRateBpm><Extensions><ns3:TPX><ns3:Speed>0.0</ns3:Speed></ns3:TPX></Extensions></Trackpoint><Trackpoint><Time>2025-07-04T22:25:31Z</Time><HeartRateBpm><Value>101</Value></HeartRateBpm><Extensions><ns3:TPX><ns3:Speed>0.0</ns3:Speed></ns3:TPX></Extensions></Trackpoint><Trackpoint><Time>2025-07-04T22:25:33Z</Time><HeartRateBpm><Value>100</Value></HeartRateBpm><Extensions><ns3:TPX><ns3:Speed>0.0</ns3:Speed></ns3:TPX></Extensions></Trackpoint><Trackpoint><Time>2025-07-04T22:25:35Z</Time><HeartRateBpm><Value>101</Value></HeartRateBpm><Extensions><ns3:TPX><ns3:Speed>0.0</ns3:Speed></ns3:TPX></Extensions></Trackpoint><Trackpoint><Time>2025-07-04T22:25:39Z</Time><HeartRateBpm><Value>102</Value></HeartRateBpm><Extensions><ns3:TPX><ns3:Speed>0.0</ns3:Speed></ns3:TPX></Extensions></Trackpoint><Trackpoint><Time>2025-07-04T22:25:40Z</Time><HeartRateBpm><Value>103</Value></HeartRateBpm><Extensions><ns3:TPX><ns3:Speed>0.0</ns3:Speed></ns3:TPX></Extensions></Trackpoint><Trackpoint><Time>2025-07-04T22:25:45Z</Time><HeartRateBpm><Value>103</Value></HeartRateBpm><Extensions><ns3:TPX><ns3:Speed>0.0</ns3:Speed></ns3:TPX></Extensions></Trackpoint><Trackpoint><Time>2025-07-04T22:25:47Z</Time><HeartRateBpm><Value>104</Value></HeartRateBpm><Extensions><ns3:TPX><ns3:Speed>0.0</ns3:Speed></ns3:TPX></Extensions></Trackpoint><Trackpoint><Time>2025-07-04T22:25:51Z</Time><HeartRateBpm><Value>105</Value></HeartRateBpm><Extensions><ns3:TPX><ns3:Speed>0.0</ns3:Speed></ns3:TPX></Extensions></Trackpoint><Trackpoint><Time>2025-07-04T22:25:52Z</Time><HeartRateBpm><Value>106</Value></HeartRateBpm><Extensions><ns3:TPX><ns3:Speed>0.0</ns3:Speed></ns3:TPX></Extensions></Trackpoint><Trackpoint><Time>2025-07-04T22:25:54Z</Time><HeartRateBpm><Value>107</Value></HeartRateBpm><Extensions><ns3:TPX><ns3:Speed>0.0</ns3:Speed></ns3:TPX></Extensions></Trackpoint><Trackpoint><Time>2025-07-04T22:25:59Z</Time><HeartRateBpm><Value>108</Value></HeartRateBpm><Extensions><ns3:TPX><ns3:Speed>0.0</ns3:Speed></ns3:TPX></Extensions></Trackpoint><Trackpoint><Time>2025-07-04T22:26:00Z</Time><HeartRateBpm><Value>109</Value></HeartRateBpm><Extensions><ns3:TPX><ns3:Speed>0.0</ns3:Speed></ns3:TPX></Extensions></Trackpoint><Trackpoint><Time>2025-07-04T22:26:01Z</Time><HeartRateBpm><Value>110</Value></HeartRateBpm><Extensions><ns3:TPX><ns3:Speed>0.0</ns3:Speed></ns3:TPX></Extensions></Trackpoint><Trackpoint><Time>2025-07-04T22:26:03Z</Time><HeartRateBpm><Value>113</Value></HeartRateBpm><Extensions><ns3:TPX><ns3:Speed>0.0</ns3:Speed></ns3:TPX></Extensions></Trackpoint><Trackpoint><Time>2025-07-04T22:26:04Z</Time><HeartRateBpm><Value>116</Value></HeartRateBpm><Extensions><ns3:TPX><ns3:Speed>0.0</ns3:Speed></ns3:TPX></Extensions></Trackpoint><Trackpoint><Time>2025-07-04T22:26:05Z</Time><HeartRateBpm><Value>114</Value></HeartRateBpm><Extensions><ns3:TPX><ns3:Speed>0.0</ns3:Speed></ns3:TPX></Extensions></Trackpoint><Trackpoint><Time>2025-07-04T22:26:06Z</Time><HeartRateBpm><Value>111</Value></HeartRateBpm><Extensions><ns3:TPX><ns3:Speed>0.0</ns3:Speed></ns3:TPX></Extensions></Trackpoint><Trackpoint><Time>2025-07-04T22:26:07Z</Time><HeartRateBpm><Value>115</Value></HeartRateBpm><Extensions><ns3:TPX><ns3:Speed>0.0</ns3:Speed></ns3:TPX></Extensions></Trackpoint><Trackpoint><Time>2025-07-04T22:26:09Z</Time><HeartRateBpm><Value>127</Value></HeartRateBpm><Extensions><ns3:TPX><ns3:Speed>0.0</ns3:Speed></ns3:TPX></Extensions></Trackpoint><Trackpoint><Time>2025-07-04T22:26:11Z</Time><HeartRateBpm><Value>115</Value></HeartRateBpm><Extensions><ns3:TPX><ns3:Speed>0.0</ns3:Speed></ns3:TPX></Extensions></Trackpoint><Trackpoint><Time>2025-07-04T22:26:12Z</Time><HeartRateBpm><Value>116</Value></HeartRateBpm><Extensions><ns3:TPX><ns3:Speed>0.0</ns3:Speed></ns3:TPX></Extensions></Trackpoint><Trackpoint><Time>2025-07-04T22:26:17Z</Time><HeartRateBpm><Value>116</Value></HeartRateBpm><Extensions><ns3:TPX><ns3:Speed>0.0</ns3:Speed></ns3:TPX></Extensions></Trackpoint><Trackpoint><Time>2025-07-04T22:26:22Z</Time><HeartRateBpm><Value>116</Value></HeartRateBpm><Extensions><ns3:TPX><ns3:Speed>0.0</ns3:Speed></ns3:TPX></Extensions></Trackpoint><Trackpoint><Time>2025-07-04T22:26:23Z</Time><HeartRateBpm><Value>115</Value></HeartRateBpm><Extensions><ns3:TPX><ns3:Speed>0.0</ns3:Speed></ns3:TPX></Extensions></Trackpoint><Trackpoint><Time>2025-07-04T22:26:24Z</Time><HeartRateBpm><Value>114</Value></HeartRateBpm><Extensions><ns3:TPX><ns3:Speed>0.0</ns3:Speed></ns3:TPX></Extensions></Trackpoint><Trackpoint><Time>2025-07-04T22:26:25Z</Time><HeartRateBpm><Value>113</Value></HeartRateBpm><Extensions><ns3:TPX><ns3:Speed>0.0</ns3:Speed></ns3:TPX></Extensions></Trackpoint><Trackpoint><Time>2025-07-04T22:26:29Z</Time><HeartRateBpm><Value>112</Value></HeartRateBpm><Extensions><ns3:TPX><ns3:Speed>0.0</ns3:Speed></ns3:TPX></Extensions></Trackpoint><Trackpoint><Time>2025-07-04T22:26:30Z</Time><HeartRateBpm><Value>111</Value></HeartRateBpm><Extensions><ns3:TPX><ns3:Speed>0.0</ns3:Speed></ns3:TPX></Extensions></Trackpoint><Trackpoint><Time>2025-07-04T22:26:35Z</Time><HeartRateBpm><Value>110</Value></HeartRateBpm><Extensions><ns3:TPX><ns3:Speed>0.0</ns3:Speed></ns3:TPX></Extensions></Trackpoint><Trackpoint><Time>2025-07-04T22:26:36Z</Time><HeartRateBpm><Value>108</Value></HeartRateBpm><Extensions><ns3:TPX><ns3:Speed>0.0</ns3:Speed></ns3:TPX></Extensions></Trackpoint><Trackpoint><Time>2025-07-04T22:26:40Z</Time><HeartRateBpm><Value>109</Value></HeartRateBpm><Extensions><ns3:TPX><ns3:Speed>0.0</ns3:Speed></ns3:TPX></Extensions></Trackpoint><Trackpoint><Time>2025-07-04T22:26:41Z</Time><HeartRateBpm><Value>111</Value></HeartRateBpm><Extensions><ns3:TPX><ns3:Speed>0.0</ns3:Speed></ns3:TPX></Extensions></Trackpoint><Trackpoint><Time>2025-07-04T22:26:42Z</Time><HeartRateBpm><Value>113</Value></HeartRateBpm><Extensions><ns3:TPX><ns3:Speed>0.0</ns3:Speed></ns3:TPX></Extensions></Trackpoint><Trackpoint><Time>2025-07-04T22:26:47Z</Time><HeartRateBpm><Value>113</Value></HeartRateBpm><Extensions><ns3:TPX><ns3:Speed>0.0</ns3:Speed></ns3:TPX></Extensions></Trackpoint><Trackpoint><Time>2025-07-04T22:26:52Z</Time><HeartRateBpm><Value>113</Value></HeartRateBpm><Extensions><ns3:TPX><ns3:Speed>0.0</ns3:Speed></ns3:TPX></Extensions></Trackpoint><Trackpoint><Time>2025-07-04T22:26:53Z</Time><HeartRateBpm><Value>112</Value></HeartRateBpm><Extensions><ns3:TPX><ns3:Speed>0.0</ns3:Speed></ns3:TPX></Extensions></Trackpoint><Trackpoint><Time>2025-07-04T22:26:54Z</Time><HeartRateBpm><Value>110</Value></HeartRateBpm><Extensions><ns3:TPX><ns3:Speed>0.0</ns3:Speed></ns3:TPX></Extensions></Trackpoint><Trackpoint><Time>2025-07-04T22:26:59Z</Time><HeartRateBpm><Value>110</Value></HeartRateBpm><Extensions><ns3:TPX><ns3:Speed>0.0</ns3:Speed></ns3:TPX></Extensions></Trackpoint><Trackpoint><Time>2025-07-04T22:27:00Z</Time><HeartRateBpm><Value>111</Value></HeartRateBpm><Extensions><ns3:TPX><ns3:Speed>0.0</ns3:Speed></ns3:TPX></Extensions></Trackpoint><Trackpoint><Time>2025-07-04T22:27:01Z</Time><HeartRateBpm><Value>112</Value></HeartRateBpm><Extensions><ns3:TPX><ns3:Speed>0.0</ns3:Speed></ns3:TPX></Extensions></Trackpoint><Trackpoint><Time>2025-07-04T22:27:02Z</Time><HeartRateBpm><Value>113</Value></HeartRateBpm><Extensions><ns3:TPX><ns3:Speed>0.0</ns3:Speed></ns3:TPX></Extensions></Trackpoint><Trackpoint><Time>2025-07-04T22:27:05Z</Time><HeartRateBpm><Value>112</Value></HeartRateBpm><Extensions><ns3:TPX><ns3:Speed>0.0</ns3:Speed></ns3:TPX></Extensions></Trackpoint><Trackpoint><Time>2025-07-04T22:27:07Z</Time><HeartRateBpm><Value>114</Value></HeartRateBpm><Extensions><ns3:TPX><ns3:Speed>0.0</ns3:Speed></ns3:TPX></Extensions></Trackpoint><Trackpoint><Time>2025-07-04T22:27:08Z</Time><HeartRateBpm><Value>115</Value></HeartRateBpm><Extensions><ns3:TPX><ns3:Speed>0.0</ns3:Speed></ns3:TPX></Extensions></Trackpoint><Trackpoint><Time>2025-07-04T22:27:12Z</Time><HeartRateBpm><Value>114</Value></HeartRateBpm><Extensions><ns3:TPX><ns3:Speed>0.0</ns3:Speed></ns3:TPX></Extensions></Trackpoint><Trackpoint><Time>2025-07-04T22:27:13Z</Time><HeartRateBpm><Value>112</Value></HeartRateBpm><Extensions><ns3:TPX><ns3:Speed>0.0</ns3:Speed></ns3:TPX></Extensions></Trackpoint><Trackpoint><Time>2025-07-04T22:27:14Z</Time><HeartRateBpm><Value>110</Value></HeartRateBpm><Extensions><ns3:TPX><ns3:Speed>0.0</ns3:Speed></ns3:TPX></Extensions></Trackpoint><Trackpoint><Time>2025-07-04T22:27:16Z</Time><HeartRateBpm><Value>106</Value></HeartRateBpm><Extensions><ns3:TPX><ns3:Speed>0.0</ns3:Speed></ns3:TPX></Extensions></Trackpoint><Trackpoint><Time>2025-07-04T22:27:17Z</Time><HeartRateBpm><Value>104</Value></HeartRateBpm><Extensions><ns3:TPX><ns3:Speed>0.0</ns3:Speed></ns3:TPX></Extensions></Trackpoint><Trackpoint><Time>2025-07-04T22:27:22Z</Time><HeartRateBpm><Value>105</Value></HeartRateBpm><Extensions><ns3:TPX><ns3:Speed>0.0</ns3:Speed></ns3:TPX></Extensions></Trackpoint><Trackpoint><Time>2025-07-04T22:27:23Z</Time><HeartRateBpm><Value>106</Value></HeartRateBpm><Extensions><ns3:TPX><ns3:Speed>0.0</ns3:Speed></ns3:TPX></Extensions></Trackpoint><Trackpoint><Time>2025-07-04T22:27:24Z</Time><HeartRateBpm><Value>109</Value></HeartRateBpm><Extensions><ns3:TPX><ns3:Speed>0.0</ns3:Speed></ns3:TPX></Extensions></Trackpoint><Trackpoint><Time>2025-07-04T22:27:29Z</Time><HeartRateBpm><Value>109</Value></HeartRateBpm><Extensions><ns3:TPX><ns3:Speed>0.0</ns3:Speed></ns3:TPX></Extensions></Trackpoint><Trackpoint><Time>2025-07-04T22:27:32Z</Time><HeartRateBpm><Value>108</Value></HeartRateBpm><Extensions><ns3:TPX><ns3:Speed>0.0</ns3:Speed></ns3:TPX></Extensions></Trackpoint><Trackpoint><Time>2025-07-04T22:27:33Z</Time><HeartRateBpm><Value>107</Value></HeartRateBpm><Extensions><ns3:TPX><ns3:Speed>0.0</ns3:Speed></ns3:TPX></Extensions></Trackpoint><Trackpoint><Time>2025-07-04T22:27:35Z</Time><HeartRateBpm><Value>106</Value></HeartRateBpm><Extensions><ns3:TPX><ns3:Speed>0.0</ns3:Speed></ns3:TPX></Extensions></Trackpoint><Trackpoint><Time>2025-07-04T22:27:41Z</Time><HeartRateBpm><Value>105</Value></HeartRateBpm><Extensions><ns3:TPX><ns3:Speed>0.0</ns3:Speed></ns3:TPX></Extensions></Trackpoint><Trackpoint><Time>2025-07-04T22:27:44Z</Time><HeartRateBpm><Value>104</Value></HeartRateBpm><Extensions><ns3:TPX><ns3:Speed>0.0</ns3:Speed></ns3:TPX></Extensions></Trackpoint><Trackpoint><Time>2025-07-04T22:27:49Z</Time><HeartRateBpm><Value>103</Value></HeartRateBpm><Extensions><ns3:TPX><ns3:Speed>0.0</ns3:Speed></ns3:TPX></Extensions></Trackpoint><Trackpoint><Time>2025-07-04T22:27:54Z</Time><HeartRateBpm><Value>103</Value></HeartRateBpm><Extensions><ns3:TPX><ns3:Speed>0.0</ns3:Speed></ns3:TPX></Extensions></Trackpoint><Trackpoint><Time>2025-07-04T22:27:55Z</Time><HeartRateBpm><Value>102</Value></HeartRateBpm><Extensions><ns3:TPX><ns3:Speed>0.0</ns3:Speed></ns3:TPX></Extensions></Trackpoint><Trackpoint><Time>2025-07-04T22:27:56Z</Time><HeartRateBpm><Value>101</Value></HeartRateBpm><Extensions><ns3:TPX><ns3:Speed>0.0</ns3:Speed></ns3:TPX></Extensions></Trackpoint><Trackpoint><Time>2025-07-04T22:27:58Z</Time><HeartRateBpm><Value>102</Value></HeartRateBpm><Extensions><ns3:TPX><ns3:Speed>0.0</ns3:Speed></ns3:TPX></Extensions></Trackpoint><Trackpoint><Time>2025-07-04T22:28:01Z</Time><HeartRateBpm><Value>104</Value></HeartRateBpm><Extensions><ns3:TPX><ns3:Speed>0.0</ns3:Speed></ns3:TPX></Extensions></Trackpoint><Trackpoint><Time>2025-07-04T22:28:03Z</Time><HeartRateBpm><Value>103</Value></HeartRateBpm><Extensions><ns3:TPX><ns3:Speed>0.0</ns3:Speed></ns3:TPX></Extensions></Trackpoint><Trackpoint><Time>2025-07-04T22:28:04Z</Time><HeartRateBpm><Value>102</Value></HeartRateBpm><Extensions><ns3:TPX><ns3:Speed>0.0</ns3:Speed></ns3:TPX></Extensions></Trackpoint><Trackpoint><Time>2025-07-04T22:28:06Z</Time><HeartRateBpm><Value>100</Value></HeartRateBpm><Extensions><ns3:TPX><ns3:Speed>0.0</ns3:Speed></ns3:TPX></Extensions></Trackpoint><Trackpoint><Time>2025-07-04T22:28:12Z</Time><HeartRateBpm><Value>100</Value></HeartRateBpm><Extensions><ns3:TPX><ns3:Speed>0.0</ns3:Speed></ns3:TPX></Extensions></Trackpoint><Trackpoint><Time>2025-07-04T22:28:14Z</Time><HeartRateBpm><Value>99</Value></HeartRateBpm><Extensions><ns3:TPX><ns3:Speed>0.0</ns3:Speed></ns3:TPX></Extensions></Trackpoint><Trackpoint><Time>2025-07-04T22:28:15Z</Time><HeartRateBpm><Value>98</Value></HeartRateBpm><Extensions><ns3:TPX><ns3:Speed>0.0</ns3:Speed></ns3:TPX></Extensions></Trackpoint><Trackpoint><Time>2025-07-04T22:28:20Z</Time><HeartRateBpm><Value>99</Value></HeartRateBpm><Extensions><ns3:TPX><ns3:Speed>0.0</ns3:Speed></ns3:TPX></Extensions></Trackpoint><Trackpoint><Time>2025-07-04T22:28:25Z</Time><HeartRateBpm><Value>99</Value></HeartRateBpm><Extensions><ns3:TPX><ns3:Speed>0.0</ns3:Speed></ns3:TPX></Extensions></Trackpoint><Trackpoint><Time>2025-07-04T22:28:27Z</Time><HeartRateBpm><Value>100</Value></HeartRateBpm><Extensions><ns3:TPX><ns3:Speed>0.0</ns3:Speed></ns3:TPX></Extensions></Trackpoint><Trackpoint><Time>2025-07-04T22:28:30Z</Time><HeartRateBpm><Value>99</Value></HeartRateBpm><Extensions><ns3:TPX><ns3:Speed>0.0</ns3:Speed></ns3:TPX></Extensions></Trackpoint><Trackpoint><Time>2025-07-04T22:28:36Z</Time><HeartRateBpm><Value>99</Value></HeartRateBpm><Extensions><ns3:TPX><ns3:Speed>0.0</ns3:Speed></ns3:TPX></Extensions></Trackpoint><Trackpoint><Time>2025-07-04T22:28:38Z</Time><HeartRateBpm><Value>98</Value></HeartRateBpm><Extensions><ns3:TPX><ns3:Speed>0.0</ns3:Speed></ns3:TPX></Extensions></Trackpoint><Trackpoint><Time>2025-07-04T22:28:39Z</Time><HeartRateBpm><Value>96</Value></HeartRateBpm><Extensions><ns3:TPX><ns3:Speed>0.0</ns3:Speed></ns3:TPX></Extensions></Trackpoint><Trackpoint><Time>2025-07-04T22:28:40Z</Time><HeartRateBpm><Value>94</Value></HeartRateBpm><Extensions><ns3:TPX><ns3:Speed>0.0</ns3:Speed></ns3:TPX></Extensions></Trackpoint><Trackpoint><Time>2025-07-04T22:28:43Z</Time><HeartRateBpm><Value>96</Value></HeartRateBpm><Extensions><ns3:TPX><ns3:Speed>0.0</ns3:Speed></ns3:TPX></Extensions></Trackpoint><Trackpoint><Time>2025-07-04T22:28:44Z</Time><HeartRateBpm><Value>97</Value></HeartRateBpm><Extensions><ns3:TPX><ns3:Speed>0.0</ns3:Speed></ns3:TPX></Extensions></Trackpoint><Trackpoint><Time>2025-07-04T22:28:49Z</Time><HeartRateBpm><Value>98</Value></HeartRateBpm><Extensions><ns3:TPX><ns3:Speed>0.0</ns3:Speed></ns3:TPX></Extensions></Trackpoint><Trackpoint><Time>2025-07-04T22:28:50Z</Time><HeartRateBpm><Value>99</Value></HeartRateBpm><Extensions><ns3:TPX><ns3:Speed>0.0</ns3:Speed></ns3:TPX></Extensions></Trackpoint><Trackpoint><Time>2025-07-04T22:28:55Z</Time><HeartRateBpm><Value>99</Value></HeartRateBpm><Extensions><ns3:TPX><ns3:Speed>0.0</ns3:Speed></ns3:TPX></Extensions></Trackpoint><Trackpoint><Time>2025-07-04T22:28:56Z</Time><HeartRateBpm><Value>101</Value></HeartRateBpm><Extensions><ns3:TPX><ns3:Speed>0.0</ns3:Speed></ns3:TPX></Extensions></Trackpoint><Trackpoint><Time>2025-07-04T22:28:57Z</Time><HeartRateBpm><Value>102</Value></HeartRateBpm><Extensions><ns3:TPX><ns3:Speed>0.0</ns3:Speed></ns3:TPX></Extensions></Trackpoint><Trackpoint><Time>2025-07-04T22:28:59Z</Time><HeartRateBpm><Value>103</Value></HeartRateBpm><Extensions><ns3:TPX><ns3:Speed>0.0</ns3:Speed></ns3:TPX></Extensions></Trackpoint><Trackpoint><Time>2025-07-04T22:29:02Z</Time><HeartRateBpm><Value>104</Value></HeartRateBpm><Extensions><ns3:TPX><ns3:Speed>0.0</ns3:Speed></ns3:TPX></Extensions></Trackpoint><Trackpoint><Time>2025-07-04T22:29:04Z</Time><HeartRateBpm><Value>103</Value></HeartRateBpm><Extensions><ns3:TPX><ns3:Speed>0.0</ns3:Speed></ns3:TPX></Extensions></Trackpoint><Trackpoint><Time>2025-07-04T22:29:08Z</Time><HeartRateBpm><Value>105</Value></HeartRateBpm><Extensions><ns3:TPX><ns3:Speed>0.0</ns3:Speed></ns3:TPX></Extensions></Trackpoint><Trackpoint><Time>2025-07-04T22:29:10Z</Time><HeartRateBpm><Value>106</Value></HeartRateBpm><Extensions><ns3:TPX><ns3:Speed>0.0</ns3:Speed></ns3:TPX></Extensions></Trackpoint><Trackpoint><Time>2025-07-04T22:29:11Z</Time><HeartRateBpm><Value>107</Value></HeartRateBpm><Extensions><ns3:TPX><ns3:Speed>0.0</ns3:Speed></ns3:TPX></Extensions></Trackpoint><Trackpoint><Time>2025-07-04T22:29:13Z</Time><HeartRateBpm><Value>108</Value></HeartRateBpm><Extensions><ns3:TPX><ns3:Speed>0.0</ns3:Speed></ns3:TPX></Extensions></Trackpoint><Trackpoint><Time>2025-07-04T22:29:14Z</Time><HeartRateBpm><Value>107</Value></HeartRateBpm><Extensions><ns3:TPX><ns3:Speed>0.0</ns3:Speed></ns3:TPX></Extensions></Trackpoint><Trackpoint><Time>2025-07-04T22:29:18Z</Time><HeartRateBpm><Value>107</Value></HeartRateBpm><Extensions><ns3:TPX><ns3:Speed>0.0</ns3:Speed></ns3:TPX></Extensions></Trackpoint><Trackpoint><Time>2025-07-04T22:29:24Z</Time><HeartRateBpm><Value>107</Value></HeartRateBpm><Extensions><ns3:TPX><ns3:Speed>0.0</ns3:Speed></ns3:TPX></Extensions></Trackpoint><Trackpoint><Time>2025-07-04T22:29:25Z</Time><HeartRateBpm><Value>106</Value></HeartRateBpm><Extensions><ns3:TPX><ns3:Speed>0.0</ns3:Speed></ns3:TPX></Extensions></Trackpoint><Trackpoint><Time>2025-07-04T22:29:26Z</Time><HeartRateBpm><Value>105</Value></HeartRateBpm><Extensions><ns3:TPX><ns3:Speed>0.0</ns3:Speed></ns3:TPX></Extensions></Trackpoint><Trackpoint><Time>2025-07-04T22:29:31Z</Time><HeartRateBpm><Value>105</Value></HeartRateBpm><Extensions><ns3:TPX><ns3:Speed>0.0</ns3:Speed></ns3:TPX></Extensions></Trackpoint><Trackpoint><Time>2025-07-04T22:29:32Z</Time><HeartRateBpm><Value>106</Value></HeartRateBpm><Extensions><ns3:TPX><ns3:Speed>0.0</ns3:Speed></ns3:TPX></Extensions></Trackpoint><Trackpoint><Time>2025-07-04T22:29:33Z</Time><HeartRateBpm><Value>107</Value></HeartRateBpm><Extensions><ns3:TPX><ns3:Speed>0.0</ns3:Speed></ns3:TPX></Extensions></Trackpoint><Trackpoint><Time>2025-07-04T22:29:34Z</Time><HeartRateBpm><Value>108</Value></HeartRateBpm><Extensions><ns3:TPX><ns3:Speed>0.0</ns3:Speed></ns3:TPX></Extensions></Trackpoint><Trackpoint><Time>2025-07-04T22:29:38Z</Time><HeartRateBpm><Value>107</Value></HeartRateBpm><Extensions><ns3:TPX><ns3:Speed>0.0</ns3:Speed></ns3:TPX></Extensions></Trackpoint><Trackpoint><Time>2025-07-04T22:29:39Z</Time><HeartRateBpm><Value>106</Value></HeartRateBpm><Extensions><ns3:TPX><ns3:Speed>0.0</ns3:Speed></ns3:TPX></Extensions></Trackpoint><Trackpoint><Time>2025-07-04T22:29:40Z</Time><HeartRateBpm><Value>105</Value></HeartRateBpm><Extensions><ns3:TPX><ns3:Speed>0.0</ns3:Speed></ns3:TPX></Extensions></Trackpoint><Trackpoint><Time>2025-07-04T22:29:42Z</Time><HeartRateBpm><Value>104</Value></HeartRateBpm><Extensions><ns3:TPX><ns3:Speed>0.0</ns3:Speed></ns3:TPX></Extensions></Trackpoint><Trackpoint><Time>2025-07-04T22:29:44Z</Time><HeartRateBpm><Value>106</Value></HeartRateBpm><Extensions><ns3:TPX><ns3:Speed>0.0</ns3:Speed></ns3:TPX></Extensions></Trackpoint><Trackpoint><Time>2025-07-04T22:29:45Z</Time><HeartRateBpm><Value>107</Value></HeartRateBpm><Extensions><ns3:TPX><ns3:Speed>0.0</ns3:Speed></ns3:TPX></Extensions></Trackpoint><Trackpoint><Time>2025-07-04T22:29:50Z</Time><HeartRateBpm><Value>107</Value></HeartRateBpm><Extensions><ns3:TPX><ns3:Speed>0.0</ns3:Speed></ns3:TPX></Extensions></Trackpoint><Trackpoint><Time>2025-07-04T22:29:52Z</Time><HeartRateBpm><Value>108</Value></HeartRateBpm><Extensions><ns3:TPX><ns3:Speed>0.0</ns3:Speed></ns3:TPX></Extensions></Trackpoint><Trackpoint><Time>2025-07-04T22:29:53Z</Time><HeartRateBpm><Value>109</Value></HeartRateBpm><Extensions><ns3:TPX><ns3:Speed>0.0</ns3:Speed></ns3:TPX></Extensions></Trackpoint><Trackpoint><Time>2025-07-04T22:29:56Z</Time><HeartRateBpm><Value>110</Value></HeartRateBpm><Extensions><ns3:TPX><ns3:Speed>0.0</ns3:Speed></ns3:TPX></Extensions></Trackpoint><Trackpoint><Time>2025-07-04T22:29:58Z</Time><HeartRateBpm><Value>111</Value></HeartRateBpm><Extensions><ns3:TPX><ns3:Speed>0.0</ns3:Speed></ns3:TPX></Extensions></Trackpoint><Trackpoint><Time>2025-07-04T22:29:59Z</Time><HeartRateBpm><Value>112</Value></HeartRateBpm><Extensions><ns3:TPX><ns3:Speed>0.0</ns3:Speed></ns3:TPX></Extensions></Trackpoint><Trackpoint><Time>2025-07-04T22:30:01Z</Time><HeartRateBpm><Value>114</Value></HeartRateBpm><Extensions><ns3:TPX><ns3:Speed>0.0</ns3:Speed></ns3:TPX></Extensions></Trackpoint><Trackpoint><Time>2025-07-04T22:30:02Z</Time><HeartRateBpm><Value>117</Value></HeartRateBpm><Extensions><ns3:TPX><ns3:Speed>0.0</ns3:Speed></ns3:TPX></Extensions></Trackpoint><Trackpoint><Time>2025-07-04T22:30:03Z</Time><HeartRateBpm><Value>111</Value></HeartRateBpm><Extensions><ns3:TPX><ns3:Speed>0.0</ns3:Speed></ns3:TPX></Extensions></Trackpoint><Trackpoint><Time>2025-07-04T22:30:04Z</Time><HeartRateBpm><Value>115</Value></HeartRateBpm><Extensions><ns3:TPX><ns3:Speed>0.0</ns3:Speed></ns3:TPX></Extensions></Trackpoint><Trackpoint><Time>2025-07-04T22:30:05Z</Time><HeartRateBpm><Value>112</Value></HeartRateBpm><Extensions><ns3:TPX><ns3:Speed>0.0</ns3:Speed></ns3:TPX></Extensions></Trackpoint><Trackpoint><Time>2025-07-04T22:30:07Z</Time><HeartRateBpm><Value>110</Value></HeartRateBpm><Extensions><ns3:TPX><ns3:Speed>0.0</ns3:Speed></ns3:TPX></Extensions></Trackpoint><Trackpoint><Time>2025-07-04T22:30:08Z</Time><HeartRateBpm><Value>109</Value></HeartRateBpm><Extensions><ns3:TPX><ns3:Speed>0.0</ns3:Speed></ns3:TPX></Extensions></Trackpoint><Trackpoint><Time>2025-07-04T22:30:09Z</Time><HeartRateBpm><Value>108</Value></HeartRateBpm><Extensions><ns3:TPX><ns3:Speed>0.0</ns3:Speed></ns3:TPX></Extensions></Trackpoint><Trackpoint><Time>2025-07-04T22:30:10Z</Time><HeartRateBpm><Value>107</Value></HeartRateBpm><Extensions><ns3:TPX><ns3:Speed>0.0</ns3:Speed></ns3:TPX></Extensions></Trackpoint><Trackpoint><Time>2025-07-04T22:30:11Z</Time><HeartRateBpm><Value>106</Value></HeartRateBpm><Extensions><ns3:TPX><ns3:Speed>0.0</ns3:Speed></ns3:TPX></Extensions></Trackpoint><Trackpoint><Time>2025-07-04T22:30:14Z</Time><HeartRateBpm><Value>105</Value></HeartRateBpm><Extensions><ns3:TPX><ns3:Speed>0.0</ns3:Speed></ns3:TPX></Extensions></Trackpoint><Trackpoint><Time>2025-07-04T22:30:15Z</Time><HeartRateBpm><Value>104</Value></HeartRateBpm><Extensions><ns3:TPX><ns3:Speed>0.0</ns3:Speed></ns3:TPX></Extensions></Trackpoint><Trackpoint><Time>2025-07-04T22:30:20Z</Time><HeartRateBpm><Value>104</Value></HeartRateBpm><Extensions><ns3:TPX><ns3:Speed>0.0</ns3:Speed></ns3:TPX></Extensions></Trackpoint><Trackpoint><Time>2025-07-04T22:30:21Z</Time><HeartRateBpm><Value>103</Value></HeartRateBpm><Extensions><ns3:TPX><ns3:Speed>0.0</ns3:Speed></ns3:TPX></Extensions></Trackpoint><Trackpoint><Time>2025-07-04T22:30:26Z</Time><HeartRateBpm><Value>104</Value></HeartRateBpm><Extensions><ns3:TPX><ns3:Speed>0.0</ns3:Speed></ns3:TPX></Extensions></Trackpoint><Trackpoint><Time>2025-07-04T22:30:27Z</Time><HeartRateBpm><Value>106</Value></HeartRateBpm><Extensions><ns3:TPX><ns3:Speed>0.0</ns3:Speed></ns3:TPX></Extensions></Trackpoint><Trackpoint><Time>2025-07-04T22:30:32Z</Time><HeartRateBpm><Value>106</Value></HeartRateBpm><Extensions><ns3:TPX><ns3:Speed>0.0</ns3:Speed></ns3:TPX></Extensions></Trackpoint><Trackpoint><Time>2025-07-04T22:30:34Z</Time><HeartRateBpm><Value>107</Value></HeartRateBpm><Extensions><ns3:TPX><ns3:Speed>0.0</ns3:Speed></ns3:TPX></Extensions></Trackpoint><Trackpoint><Time>2025-07-04T22:30:39Z</Time><HeartRateBpm><Value>106</Value></HeartRateBpm><Extensions><ns3:TPX><ns3:Speed>0.0</ns3:Speed></ns3:TPX></Extensions></Trackpoint><Trackpoint><Time>2025-07-04T22:30:40Z</Time><HeartRateBpm><Value>105</Value></HeartRateBpm><Extensions><ns3:TPX><ns3:Speed>0.0</ns3:Speed></ns3:TPX></Extensions></Trackpoint><Trackpoint><Time>2025-07-04T22:30:43Z</Time><HeartRateBpm><Value>106</Value></HeartRateBpm><Extensions><ns3:TPX><ns3:Speed>0.0</ns3:Speed></ns3:TPX></Extensions></Trackpoint><Trackpoint><Time>2025-07-04T22:30:44Z</Time><HeartRateBpm><Value>107</Value></HeartRateBpm><Extensions><ns3:TPX><ns3:Speed>0.0</ns3:Speed></ns3:TPX></Extensions></Trackpoint><Trackpoint><Time>2025-07-04T22:30:45Z</Time><HeartRateBpm><Value>106</Value></HeartRateBpm><Extensions><ns3:TPX><ns3:Speed>0.0</ns3:Speed></ns3:TPX></Extensions></Trackpoint><Trackpoint><Time>2025-07-04T22:30:46Z</Time><HeartRateBpm><Value>105</Value></HeartRateBpm><Extensions><ns3:TPX><ns3:Speed>0.0</ns3:Speed></ns3:TPX></Extensions></Trackpoint><Trackpoint><Time>2025-07-04T22:30:50Z</Time><HeartRateBpm><Value>104</Value></HeartRateBpm><Extensions><ns3:TPX><ns3:Speed>0.0</ns3:Speed></ns3:TPX></Extensions></Trackpoint><Trackpoint><Time>2025-07-04T22:30:51Z</Time><HeartRateBpm><Value>103</Value></HeartRateBpm><Extensions><ns3:TPX><ns3:Speed>0.0</ns3:Speed></ns3:TPX></Extensions></Trackpoint><Trackpoint><Time>2025-07-04T22:30:56Z</Time><HeartRateBpm><Value>103</Value></HeartRateBpm><Extensions><ns3:TPX><ns3:Speed>0.0</ns3:Speed></ns3:TPX></Extensions></Trackpoint><Trackpoint><Time>2025-07-04T22:31:01Z</Time><HeartRateBpm><Value>102</Value></HeartRateBpm><Extensions><ns3:TPX><ns3:Speed>0.0</ns3:Speed></ns3:TPX></Extensions></Trackpoint><Trackpoint><Time>2025-07-04T22:31:03Z</Time><HeartRateBpm><Value>103</Value></HeartRateBpm><Extensions><ns3:TPX><ns3:Speed>0.0</ns3:Speed></ns3:TPX></Extensions></Trackpoint><Trackpoint><Time>2025-07-04T22:31:08Z</Time><HeartRateBpm><Value>103</Value></HeartRateBpm><Extensions><ns3:TPX><ns3:Speed>0.0</ns3:Speed></ns3:TPX></Extensions></Trackpoint><Trackpoint><Time>2025-07-04T22:31:09Z</Time><HeartRateBpm><Value>104</Value></HeartRateBpm><Extensions><ns3:TPX><ns3:Speed>0.0</ns3:Speed></ns3:TPX></Extensions></Trackpoint><Trackpoint><Time>2025-07-04T22:31:14Z</Time><HeartRateBpm><Value>104</Value></HeartRateBpm><Extensions><ns3:TPX><ns3:Speed>0.0</ns3:Speed></ns3:TPX></Extensions></Trackpoint><Trackpoint><Time>2025-07-04T22:31:20Z</Time><HeartRateBpm><Value>104</Value></HeartRateBpm><Extensions><ns3:TPX><ns3:Speed>0.0</ns3:Speed></ns3:TPX></Extensions></Trackpoint><Trackpoint><Time>2025-07-04T22:31:23Z</Time><HeartRateBpm><Value>105</Value></HeartRateBpm><Extensions><ns3:TPX><ns3:Speed>0.0</ns3:Speed></ns3:TPX></Extensions></Trackpoint><Trackpoint><Time>2025-07-04T22:31:24Z</Time><HeartRateBpm><Value>104</Value></HeartRateBpm><Extensions><ns3:TPX><ns3:Speed>0.0</ns3:Speed></ns3:TPX></Extensions></Trackpoint><Trackpoint><Time>2025-07-04T22:31:29Z</Time><HeartRateBpm><Value>104</Value></HeartRateBpm><Extensions><ns3:TPX><ns3:Speed>0.0</ns3:Speed></ns3:TPX></Extensions></Trackpoint><Trackpoint><Time>2025-07-04T22:31:34Z</Time><HeartRateBpm><Value>103</Value></HeartRateBpm><Extensions><ns3:TPX><ns3:Speed>0.0</ns3:Speed></ns3:TPX></Extensions></Trackpoint><Trackpoint><Time>2025-07-04T22:31:36Z</Time><HeartRateBpm><Value>104</Value></HeartRateBpm><Extensions><ns3:TPX><ns3:Speed>0.0</ns3:Speed></ns3:TPX></Extensions></Trackpoint><Trackpoint><Time>2025-07-04T22:31:38Z</Time><HeartRateBpm><Value>105</Value></HeartRateBpm><Extensions><ns3:TPX><ns3:Speed>0.0</ns3:Speed></ns3:TPX></Extensions></Trackpoint><Trackpoint><Time>2025-07-04T22:31:39Z</Time><HeartRateBpm><Value>106</Value></HeartRateBpm><Extensions><ns3:TPX><ns3:Speed>0.0</ns3:Speed></ns3:TPX></Extensions></Trackpoint><Trackpoint><Time>2025-07-04T22:31:40Z</Time><HeartRateBpm><Value>108</Value></HeartRateBpm><Extensions><ns3:TPX><ns3:Speed>0.0</ns3:Speed></ns3:TPX></Extensions></Trackpoint><Trackpoint><Time>2025-07-04T22:31:41Z</Time><HeartRateBpm><Value>110</Value></HeartRateBpm><Extensions><ns3:TPX><ns3:Speed>0.0</ns3:Speed></ns3:TPX></Extensions></Trackpoint><Trackpoint><Time>2025-07-04T22:31:42Z</Time><HeartRateBpm><Value>111</Value></HeartRateBpm><Extensions><ns3:TPX><ns3:Speed>0.0</ns3:Speed></ns3:TPX></Extensions></Trackpoint><Trackpoint><Time>2025-07-04T22:31:47Z</Time><HeartRateBpm><Value>111</Value></HeartRateBpm><Extensions><ns3:TPX><ns3:Speed>0.0</ns3:Speed></ns3:TPX></Extensions></Trackpoint><Trackpoint><Time>2025-07-04T22:31:48Z</Time><HeartRateBpm><Value>113</Value></HeartRateBpm><Extensions><ns3:TPX><ns3:Speed>0.0</ns3:Speed></ns3:TPX></Extensions></Trackpoint><Trackpoint><Time>2025-07-04T22:31:50Z</Time><HeartRateBpm><Value>115</Value></HeartRateBpm><Extensions><ns3:TPX><ns3:Speed>0.0</ns3:Speed></ns3:TPX></Extensions></Trackpoint><Trackpoint><Time>2025-07-04T22:31:51Z</Time><HeartRateBpm><Value>116</Value></HeartRateBpm><Extensions><ns3:TPX><ns3:Speed>0.0</ns3:Speed></ns3:TPX></Extensions></Trackpoint><Trackpoint><Time>2025-07-04T22:31:52Z</Time><HeartRateBpm><Value>117</Value></HeartRateBpm><Extensions><ns3:TPX><ns3:Speed>0.0</ns3:Speed></ns3:TPX></Extensions></Trackpoint><Trackpoint><Time>2025-07-04T22:31:53Z</Time><HeartRateBpm><Value>111</Value></HeartRateBpm><Extensions><ns3:TPX><ns3:Speed>0.0</ns3:Speed></ns3:TPX></Extensions></Trackpoint><Trackpoint><Time>2025-07-04T22:31:54Z</Time><HeartRateBpm><Value>114</Value></HeartRateBpm><Extensions><ns3:TPX><ns3:Speed>0.0</ns3:Speed></ns3:TPX></Extensions></Trackpoint><Trackpoint><Time>2025-07-04T22:31:56Z</Time><HeartRateBpm><Value>111</Value></HeartRateBpm><Extensions><ns3:TPX><ns3:Speed>0.0</ns3:Speed></ns3:TPX></Extensions></Trackpoint><Trackpoint><Time>2025-07-04T22:31:57Z</Time><HeartRateBpm><Value>110</Value></HeartRateBpm><Extensions><ns3:TPX><ns3:Speed>0.0</ns3:Speed></ns3:TPX></Extensions></Trackpoint><Trackpoint><Time>2025-07-04T22:32:00Z</Time><HeartRateBpm><Value>109</Value></HeartRateBpm><Extensions><ns3:TPX><ns3:Speed>0.0</ns3:Speed></ns3:TPX></Extensions></Trackpoint><Trackpoint><Time>2025-07-04T22:32:04Z</Time><HeartRateBpm><Value>110</Value></HeartRateBpm><Extensions><ns3:TPX><ns3:Speed>0.0</ns3:Speed></ns3:TPX></Extensions></Trackpoint><Trackpoint><Time>2025-07-04T22:32:09Z</Time><HeartRateBpm><Value>110</Value></HeartRateBpm><Extensions><ns3:TPX><ns3:Speed>0.0</ns3:Speed></ns3:TPX></Extensions></Trackpoint><Trackpoint><Time>2025-07-04T22:32:12Z</Time><HeartRateBpm><Value>109</Value></HeartRateBpm><Extensions><ns3:TPX><ns3:Speed>0.0</ns3:Speed></ns3:TPX></Extensions></Trackpoint><Trackpoint><Time>2025-07-04T22:32:13Z</Time><HeartRateBpm><Value>110</Value></HeartRateBpm><Extensions><ns3:TPX><ns3:Speed>0.0</ns3:Speed></ns3:TPX></Extensions></Trackpoint><Trackpoint><Time>2025-07-04T22:32:18Z</Time><HeartRateBpm><Value>110</Value></HeartRateBpm><Extensions><ns3:TPX><ns3:Speed>0.0</ns3:Speed></ns3:TPX></Extensions></Trackpoint><Trackpoint><Time>2025-07-04T22:32:22Z</Time><HeartRateBpm><Value>109</Value></HeartRateBpm><Extensions><ns3:TPX><ns3:Speed>0.0</ns3:Speed></ns3:TPX></Extensions></Trackpoint><Trackpoint><Time>2025-07-04T22:32:23Z</Time><HeartRateBpm><Value>110</Value></HeartRateBpm><Extensions><ns3:TPX><ns3:Speed>0.0</ns3:Speed></ns3:TPX></Extensions></Trackpoint><Trackpoint><Time>2025-07-04T22:32:24Z</Time><HeartRateBpm><Value>111</Value></HeartRateBpm><Extensions><ns3:TPX><ns3:Speed>0.0</ns3:Speed></ns3:TPX></Extensions></Trackpoint><Trackpoint><Time>2025-07-04T22:32:29Z</Time><HeartRateBpm><Value>114</Value></HeartRateBpm><Extensions><ns3:TPX><ns3:Speed>0.0</ns3:Speed></ns3:TPX></Extensions></Trackpoint><Trackpoint><Time>2025-07-04T22:32:30Z</Time><HeartRateBpm><Value>113</Value></HeartRateBpm><Extensions><ns3:TPX><ns3:Speed>0.0</ns3:Speed></ns3:TPX></Extensions></Trackpoint><Trackpoint><Time>2025-07-04T22:32:34Z</Time><HeartRateBpm><Value>114</Value></HeartRateBpm><Extensions><ns3:TPX><ns3:Speed>0.0</ns3:Speed></ns3:TPX></Extensions></Trackpoint><Trackpoint><Time>2025-07-04T22:32:36Z</Time><HeartRateBpm><Value>113</Value></HeartRateBpm><Extensions><ns3:TPX><ns3:Speed>0.0</ns3:Speed></ns3:TPX></Extensions></Trackpoint><Trackpoint><Time>2025-07-04T22:32:37Z</Time><HeartRateBpm><Value>112</Value></HeartRateBpm><Extensions><ns3:TPX><ns3:Speed>0.0</ns3:Speed></ns3:TPX></Extensions></Trackpoint><Trackpoint><Time>2025-07-04T22:32:39Z</Time><HeartRateBpm><Value>111</Value></HeartRateBpm><Extensions><ns3:TPX><ns3:Speed>0.0</ns3:Speed></ns3:TPX></Extensions></Trackpoint><Trackpoint><Time>2025-07-04T22:32:42Z</Time><HeartRateBpm><Value>110</Value></HeartRateBpm><Extensions><ns3:TPX><ns3:Speed>0.0</ns3:Speed></ns3:TPX></Extensions></Trackpoint><Trackpoint><Time>2025-07-04T22:32:46Z</Time><HeartRateBpm><Value>111</Value></HeartRateBpm><Extensions><ns3:TPX><ns3:Speed>0.0</ns3:Speed></ns3:TPX></Extensions></Trackpoint><Trackpoint><Time>2025-07-04T22:32:51Z</Time><HeartRateBpm><Value>111</Value></HeartRateBpm><Extensions><ns3:TPX><ns3:Speed>0.0</ns3:Speed></ns3:TPX></Extensions></Trackpoint><Trackpoint><Time>2025-07-04T22:32:54Z</Time><HeartRateBpm><Value>110</Value></HeartRateBpm><Extensions><ns3:TPX><ns3:Speed>0.0</ns3:Speed></ns3:TPX></Extensions></Trackpoint><Trackpoint><Time>2025-07-04T22:32:59Z</Time><HeartRateBpm><Value>110</Value></HeartRateBpm><Extensions><ns3:TPX><ns3:Speed>0.0</ns3:Speed></ns3:TPX></Extensions></Trackpoint><Trackpoint><Time>2025-07-04T22:33:04Z</Time><HeartRateBpm><Value>110</Value></HeartRateBpm><Extensions><ns3:TPX><ns3:Speed>0.0</ns3:Speed></ns3:TPX></Extensions></Trackpoint><Trackpoint><Time>2025-07-04T22:33:05Z</Time><HeartRateBpm><Value>108</Value></HeartRateBpm><Extensions><ns3:TPX><ns3:Speed>0.0</ns3:Speed></ns3:TPX></Extensions></Trackpoint><Trackpoint><Time>2025-07-04T22:33:06Z</Time><HeartRateBpm><Value>107</Value></HeartRateBpm><Extensions><ns3:TPX><ns3:Speed>0.0</ns3:Speed></ns3:TPX></Extensions></Trackpoint><Trackpoint><Time>2025-07-04T22:33:11Z</Time><HeartRateBpm><Value>107</Value></HeartRateBpm><Extensions><ns3:TPX><ns3:Speed>0.0</ns3:Speed></ns3:TPX></Extensions></Trackpoint><Trackpoint><Time>2025-07-04T22:33:16Z</Time><HeartRateBpm><Value>107</Value></HeartRateBpm><Extensions><ns3:TPX><ns3:Speed>0.0</ns3:Speed></ns3:TPX></Extensions></Trackpoint><Trackpoint><Time>2025-07-04T22:33:18Z</Time><HeartRateBpm><Value>106</Value></HeartRateBpm><Extensions><ns3:TPX><ns3:Speed>0.0</ns3:Speed></ns3:TPX></Extensions></Trackpoint><Trackpoint><Time>2025-07-04T22:33:20Z</Time><HeartRateBpm><Value>105</Value></HeartRateBpm><Extensions><ns3:TPX><ns3:Speed>0.0</ns3:Speed></ns3:TPX></Extensions></Trackpoint><Trackpoint><Time>2025-07-04T22:33:24Z</Time><HeartRateBpm><Value>106</Value></HeartRateBpm><Extensions><ns3:TPX><ns3:Speed>0.0</ns3:Speed></ns3:TPX></Extensions></Trackpoint><Trackpoint><Time>2025-07-04T22:33:28Z</Time><HeartRateBpm><Value>107</Value></HeartRateBpm><Extensions><ns3:TPX><ns3:Speed>0.0</ns3:Speed></ns3:TPX></Extensions></Trackpoint><Trackpoint><Time>2025-07-04T22:33:30Z</Time><HeartRateBpm><Value>106</Value></HeartRateBpm><Extensions><ns3:TPX><ns3:Speed>0.0</ns3:Speed></ns3:TPX></Extensions></Trackpoint><Trackpoint><Time>2025-07-04T22:33:33Z</Time><HeartRateBpm><Value>105</Value></HeartRateBpm><Extensions><ns3:TPX><ns3:Speed>0.0</ns3:Speed></ns3:TPX></Extensions></Trackpoint><Trackpoint><Time>2025-07-04T22:33:35Z</Time><HeartRateBpm><Value>106</Value></HeartRateBpm><Extensions><ns3:TPX><ns3:Speed>0.0</ns3:Speed></ns3:TPX></Extensions></Trackpoint><Trackpoint><Time>2025-07-04T22:33:40Z</Time><HeartRateBpm><Value>106</Value></HeartRateBpm><Extensions><ns3:TPX><ns3:Speed>0.0</ns3:Speed></ns3:TPX></Extensions></Trackpoint><Trackpoint><Time>2025-07-04T22:33:43Z</Time><HeartRateBpm><Value>107</Value></HeartRateBpm><Extensions><ns3:TPX><ns3:Speed>0.0</ns3:Speed></ns3:TPX></Extensions></Trackpoint><Trackpoint><Time>2025-07-04T22:33:45Z</Time><HeartRateBpm><Value>106</Value></HeartRateBpm><Extensions><ns3:TPX><ns3:Speed>0.0</ns3:Speed></ns3:TPX></Extensions></Trackpoint><Trackpoint><Time>2025-07-04T22:33:47Z</Time><HeartRateBpm><Value>105</Value></HeartRateBpm><Extensions><ns3:TPX><ns3:Speed>0.0</ns3:Speed></ns3:TPX></Extensions></Trackpoint><Trackpoint><Time>2025-07-04T22:33:49Z</Time><HeartRateBpm><Value>106</Value></HeartRateBpm><Extensions><ns3:TPX><ns3:Speed>0.0</ns3:Speed></ns3:TPX></Extensions></Trackpoint><Trackpoint><Time>2025-07-04T22:33:50Z</Time><HeartRateBpm><Value>107</Value></HeartRateBpm><Extensions><ns3:TPX><ns3:Speed>0.0</ns3:Speed></ns3:TPX></Extensions></Trackpoint><Trackpoint><Time>2025-07-04T22:33:53Z</Time><HeartRateBpm><Value>106</Value></HeartRateBpm><Extensions><ns3:TPX><ns3:Speed>0.0</ns3:Speed></ns3:TPX></Extensions></Trackpoint><Trackpoint><Time>2025-07-04T22:33:54Z</Time><HeartRateBpm><Value>107</Value></HeartRateBpm><Extensions><ns3:TPX><ns3:Speed>0.0</ns3:Speed></ns3:TPX></Extensions></Trackpoint><Trackpoint><Time>2025-07-04T22:33:55Z</Time><HeartRateBpm><Value>108</Value></HeartRateBpm><Extensions><ns3:TPX><ns3:Speed>0.0</ns3:Speed></ns3:TPX></Extensions></Trackpoint><Trackpoint><Time>2025-07-04T22:33:56Z</Time><HeartRateBpm><Value>109</Value></HeartRateBpm><Extensions><ns3:TPX><ns3:Speed>0.0</ns3:Speed></ns3:TPX></Extensions></Trackpoint><Trackpoint><Time>2025-07-04T22:33:59Z</Time><HeartRateBpm><Value>110</Value></HeartRateBpm><Extensions><ns3:TPX><ns3:Speed>0.0</ns3:Speed></ns3:TPX></Extensions></Trackpoint><Trackpoint><Time>2025-07-04T22:34:00Z</Time><HeartRateBpm><Value>111</Value></HeartRateBpm><Extensions><ns3:TPX><ns3:Speed>0.0</ns3:Speed></ns3:TPX></Extensions></Trackpoint><Trackpoint><Time>2025-07-04T22:34:04Z</Time><HeartRateBpm><Value>112</Value></HeartRateBpm><Extensions><ns3:TPX><ns3:Speed>0.0</ns3:Speed></ns3:TPX></Extensions></Trackpoint><Trackpoint><Time>2025-07-04T22:34:05Z</Time><HeartRateBpm><Value>113</Value></HeartRateBpm><Extensions><ns3:TPX><ns3:Speed>0.0</ns3:Speed></ns3:TPX></Extensions></Trackpoint><Trackpoint><Time>2025-07-04T22:34:08Z</Time><HeartRateBpm><Value>114</Value></HeartRateBpm><Extensions><ns3:TPX><ns3:Speed>0.0</ns3:Speed></ns3:TPX></Extensions></Trackpoint><Trackpoint><Time>2025-07-04T22:34:10Z</Time><HeartRateBpm><Value>116</Value></HeartRateBpm><Extensions><ns3:TPX><ns3:Speed>0.0</ns3:Speed></ns3:TPX></Extensions></Trackpoint><Trackpoint><Time>2025-07-04T22:34:16Z</Time><HeartRateBpm><Value>116</Value></HeartRateBpm><Extensions><ns3:TPX><ns3:Speed>0.0</ns3:Speed></ns3:TPX></Extensions></Trackpoint><Trackpoint><Time>2025-07-04T22:34:22Z</Time><HeartRateBpm><Value>116</Value></HeartRateBpm><Extensions><ns3:TPX><ns3:Speed>0.0</ns3:Speed></ns3:TPX></Extensions></Trackpoint><Trackpoint><Time>2025-07-04T22:34:23Z</Time><HeartRateBpm><Value>117</Value></HeartRateBpm><Extensions><ns3:TPX><ns3:Speed>0.0</ns3:Speed></ns3:TPX></Extensions></Trackpoint><Trackpoint><Time>2025-07-04T22:34:24Z</Time><HeartRateBpm><Value>119</Value></HeartRateBpm><Extensions><ns3:TPX><ns3:Speed>0.0</ns3:Speed></ns3:TPX></Extensions></Trackpoint><Trackpoint><Time>2025-07-04T22:34:29Z</Time><HeartRateBpm><Value>119</Value></HeartRateBpm><Extensions><ns3:TPX><ns3:Speed>0.0</ns3:Speed></ns3:TPX></Extensions></Trackpoint><Trackpoint><Time>2025-07-04T22:34:30Z</Time><HeartRateBpm><Value>118</Value></HeartRateBpm><Extensions><ns3:TPX><ns3:Speed>0.0</ns3:Speed></ns3:TPX></Extensions></Trackpoint><Trackpoint><Time>2025-07-04T22:34:31Z</Time><HeartRateBpm><Value>117</Value></HeartRateBpm><Extensions><ns3:TPX><ns3:Speed>0.0</ns3:Speed></ns3:TPX></Extensions></Trackpoint><Trackpoint><Time>2025-07-04T22:34:32Z</Time><HeartRateBpm><Value>116</Value></HeartRateBpm><Extensions><ns3:TPX><ns3:Speed>0.0</ns3:Speed></ns3:TPX></Extensions></Trackpoint><Trackpoint><Time>2025-07-04T22:34:35Z</Time><HeartRateBpm><Value>115</Value></HeartRateBpm><Extensions><ns3:TPX><ns3:Speed>0.0</ns3:Speed></ns3:TPX></Extensions></Trackpoint><Trackpoint><Time>2025-07-04T22:34:38Z</Time><HeartRateBpm><Value>116</Value></HeartRateBpm><Extensions><ns3:TPX><ns3:Speed>0.0</ns3:Speed></ns3:TPX></Extensions></Trackpoint><Trackpoint><Time>2025-07-04T22:34:41Z</Time><HeartRateBpm><Value>115</Value></HeartRateBpm><Extensions><ns3:TPX><ns3:Speed>0.0</ns3:Speed></ns3:TPX></Extensions></Trackpoint><Trackpoint><Time>2025-07-04T22:34:43Z</Time><HeartRateBpm><Value>116</Value></HeartRateBpm><Extensions><ns3:TPX><ns3:Speed>0.0</ns3:Speed></ns3:TPX></Extensions></Trackpoint><Trackpoint><Time>2025-07-04T22:34:44Z</Time><HeartRateBpm><Value>117</Value></HeartRateBpm><Extensions><ns3:TPX><ns3:Speed>0.0</ns3:Speed></ns3:TPX></Extensions></Trackpoint><Trackpoint><Time>2025-07-04T22:34:47Z</Time><HeartRateBpm><Value>118</Value></HeartRateBpm><Extensions><ns3:TPX><ns3:Speed>0.0</ns3:Speed></ns3:TPX></Extensions></Trackpoint><Trackpoint><Time>2025-07-04T22:34:49Z</Time><HeartRateBpm><Value>117</Value></HeartRateBpm><Extensions><ns3:TPX><ns3:Speed>0.0</ns3:Speed></ns3:TPX></Extensions></Trackpoint><Trackpoint><Time>2025-07-04T22:34:54Z</Time><HeartRateBpm><Value>116</Value></HeartRateBpm><Extensions><ns3:TPX><ns3:Speed>0.0</ns3:Speed></ns3:TPX></Extensions></Trackpoint><Trackpoint><Time>2025-07-04T22:34:55Z</Time><HeartRateBpm><Value>115</Value></HeartRateBpm><Extensions><ns3:TPX><ns3:Speed>0.0</ns3:Speed></ns3:TPX></Extensions></Trackpoint><Trackpoint><Time>2025-07-04T22:35:00Z</Time><HeartRateBpm><Value>115</Value></HeartRateBpm><Extensions><ns3:TPX><ns3:Speed>0.0</ns3:Speed></ns3:TPX></Extensions></Trackpoint><Trackpoint><Time>2025-07-04T22:35:05Z</Time><HeartRateBpm><Value>115</Value></HeartRateBpm><Extensions><ns3:TPX><ns3:Speed>0.0</ns3:Speed></ns3:TPX></Extensions></Trackpoint><Trackpoint><Time>2025-07-04T22:35:08Z</Time><HeartRateBpm><Value>114</Value></HeartRateBpm><Extensions><ns3:TPX><ns3:Speed>0.0</ns3:Speed></ns3:TPX></Extensions></Trackpoint><Trackpoint><Time>2025-07-04T22:35:09Z</Time><HeartRateBpm><Value>113</Value></HeartRateBpm><Extensions><ns3:TPX><ns3:Speed>0.0</ns3:Speed></ns3:TPX></Extensions></Trackpoint><Trackpoint><Time>2025-07-04T22:35:11Z</Time><HeartRateBpm><Value>112</Value></HeartRateBpm><Extensions><ns3:TPX><ns3:Speed>0.0</ns3:Speed></ns3:TPX></Extensions></Trackpoint><Trackpoint><Time>2025-07-04T22:35:12Z</Time><HeartRateBpm><Value>111</Value></HeartRateBpm><Extensions><ns3:TPX><ns3:Speed>0.0</ns3:Speed></ns3:TPX></Extensions></Trackpoint><Trackpoint><Time>2025-07-04T22:35:13Z</Time><HeartRateBpm><Value>110</Value></HeartRateBpm><Extensions><ns3:TPX><ns3:Speed>0.0</ns3:Speed></ns3:TPX></Extensions></Trackpoint><Trackpoint><Time>2025-07-04T22:35:15Z</Time><HeartRateBpm><Value>109</Value></HeartRateBpm><Extensions><ns3:TPX><ns3:Speed>0.0</ns3:Speed></ns3:TPX></Extensions></Trackpoint><Trackpoint><Time>2025-07-04T22:35:18Z</Time><HeartRateBpm><Value>108</Value></HeartRateBpm><Extensions><ns3:TPX><ns3:Speed>0.0</ns3:Speed></ns3:TPX></Extensions></Trackpoint><Trackpoint><Time>2025-07-04T22:35:19Z</Time><HeartRateBpm><Value>107</Value></HeartRateBpm><Extensions><ns3:TPX><ns3:Speed>0.0</ns3:Speed></ns3:TPX></Extensions></Trackpoint><Trackpoint><Time>2025-07-04T22:35:22Z</Time><HeartRateBpm><Value>106</Value></HeartRateBpm><Extensions><ns3:TPX><ns3:Speed>0.0</ns3:Speed></ns3:TPX></Extensions></Trackpoint><Trackpoint><Time>2025-07-04T22:35:24Z</Time><HeartRateBpm><Value>105</Value></HeartRateBpm><Extensions><ns3:TPX><ns3:Speed>0.0</ns3:Speed></ns3:TPX></Extensions></Trackpoint><Trackpoint><Time>2025-07-04T22:35:25Z</Time><HeartRateBpm><Value>104</Value></HeartRateBpm><Extensions><ns3:TPX><ns3:Speed>0.0</ns3:Speed></ns3:TPX></Extensions></Trackpoint><Trackpoint><Time>2025-07-04T22:35:26Z</Time><HeartRateBpm><Value>103</Value></HeartRateBpm><Extensions><ns3:TPX><ns3:Speed>0.0</ns3:Speed></ns3:TPX></Extensions></Trackpoint><Trackpoint><Time>2025-07-04T22:35:27Z</Time><HeartRateBpm><Value>102</Value></HeartRateBpm><Extensions><ns3:TPX><ns3:Speed>0.0</ns3:Speed></ns3:TPX></Extensions></Trackpoint><Trackpoint><Time>2025-07-04T22:35:32Z</Time><HeartRateBpm><Value>102</Value></HeartRateBpm><Extensions><ns3:TPX><ns3:Speed>0.0</ns3:Speed></ns3:TPX></Extensions></Trackpoint><Trackpoint><Time>2025-07-04T22:35:34Z</Time><HeartRateBpm><Value>103</Value></HeartRateBpm><Extensions><ns3:TPX><ns3:Speed>0.0</ns3:Speed></ns3:TPX></Extensions></Trackpoint><Trackpoint><Time>2025-07-04T22:35:37Z</Time><HeartRateBpm><Value>104</Value></HeartRateBpm><Extensions><ns3:TPX><ns3:Speed>0.0</ns3:Speed></ns3:TPX></Extensions></Trackpoint><Trackpoint><Time>2025-07-04T22:35:38Z</Time><HeartRateBpm><Value>106</Value></HeartRateBpm><Extensions><ns3:TPX><ns3:Speed>0.0</ns3:Speed></ns3:TPX></Extensions></Trackpoint><Trackpoint><Time>2025-07-04T22:35:43Z</Time><HeartRateBpm><Value>106</Value></HeartRateBpm><Extensions><ns3:TPX><ns3:Speed>0.0</ns3:Speed></ns3:TPX></Extensions></Trackpoint><Trackpoint><Time>2025-07-04T22:35:44Z</Time><HeartRateBpm><Value>105</Value></HeartRateBpm><Extensions><ns3:TPX><ns3:Speed>0.0</ns3:Speed></ns3:TPX></Extensions></Trackpoint><Trackpoint><Time>2025-07-04T22:35:45Z</Time><HeartRateBpm><Value>104</Value></HeartRateBpm><Extensions><ns3:TPX><ns3:Speed>0.0</ns3:Speed></ns3:TPX></Extensions></Trackpoint><Trackpoint><Time>2025-07-04T22:35:46Z</Time><HeartRateBpm><Value>103</Value></HeartRateBpm><Extensions><ns3:TPX><ns3:Speed>0.0</ns3:Speed></ns3:TPX></Extensions></Trackpoint><Trackpoint><Time>2025-07-04T22:35:49Z</Time><HeartRateBpm><Value>100</Value></HeartRateBpm><Extensions><ns3:TPX><ns3:Speed>0.0</ns3:Speed></ns3:TPX></Extensions></Trackpoint><Trackpoint><Time>2025-07-04T22:35:50Z</Time><HeartRateBpm><Value>98</Value></HeartRateBpm><Extensions><ns3:TPX><ns3:Speed>0.0</ns3:Speed></ns3:TPX></Extensions></Trackpoint><Trackpoint><Time>2025-07-04T22:35:55Z</Time><HeartRateBpm><Value>98</Value></HeartRateBpm><Extensions><ns3:TPX><ns3:Speed>0.0</ns3:Speed></ns3:TPX></Extensions></Trackpoint><Trackpoint><Time>2025-07-04T22:35:56Z</Time><HeartRateBpm><Value>99</Value></HeartRateBpm><Extensions><ns3:TPX><ns3:Speed>0.0</ns3:Speed></ns3:TPX></Extensions></Trackpoint><Trackpoint><Time>2025-07-04T22:35:57Z</Time><HeartRateBpm><Value>100</Value></HeartRateBpm><Extensions><ns3:TPX><ns3:Speed>0.0</ns3:Speed></ns3:TPX></Extensions></Trackpoint><Trackpoint><Time>2025-07-04T22:35:58Z</Time><HeartRateBpm><Value>101</Value></HeartRateBpm><Extensions><ns3:TPX><ns3:Speed>0.0</ns3:Speed></ns3:TPX></Extensions></Trackpoint><Trackpoint><Time>2025-07-04T22:36:00Z</Time><HeartRateBpm><Value>102</Value></HeartRateBpm><Extensions><ns3:TPX><ns3:Speed>0.0</ns3:Speed></ns3:TPX></Extensions></Trackpoint><Trackpoint><Time>2025-07-04T22:36:01Z</Time><HeartRateBpm><Value>103</Value></HeartRateBpm><Extensions><ns3:TPX><ns3:Speed>0.0</ns3:Speed></ns3:TPX></Extensions></Trackpoint><Trackpoint><Time>2025-07-04T22:36:06Z</Time><HeartRateBpm><Value>102</Value></HeartRateBpm><Extensions><ns3:TPX><ns3:Speed>0.0</ns3:Speed></ns3:TPX></Extensions></Trackpoint><Trackpoint><Time>2025-07-04T22:36:07Z</Time><HeartRateBpm><Value>99</Value></HeartRateBpm><Extensions><ns3:TPX><ns3:Speed>0.0</ns3:Speed></ns3:TPX></Extensions></Trackpoint><Trackpoint><Time>2025-07-04T22:36:09Z</Time><HeartRateBpm><Value>98</Value></HeartRateBpm><Extensions><ns3:TPX><ns3:Speed>0.0</ns3:Speed></ns3:TPX></Extensions></Trackpoint><Trackpoint><Time>2025-07-04T22:36:10Z</Time><HeartRateBpm><Value>97</Value></HeartRateBpm><Extensions><ns3:TPX><ns3:Speed>0.0</ns3:Speed></ns3:TPX></Extensions></Trackpoint><Trackpoint><Time>2025-07-04T22:36:12Z</Time><HeartRateBpm><Value>96</Value></HeartRateBpm><Extensions><ns3:TPX><ns3:Speed>0.0</ns3:Speed></ns3:TPX></Extensions></Trackpoint><Trackpoint><Time>2025-07-04T22:36:13Z</Time><HeartRateBpm><Value>95</Value></HeartRateBpm><Extensions><ns3:TPX><ns3:Speed>0.0</ns3:Speed></ns3:TPX></Extensions></Trackpoint><Trackpoint><Time>2025-07-04T22:36:15Z</Time><HeartRateBpm><Value>94</Value></HeartRateBpm><Extensions><ns3:TPX><ns3:Speed>0.0</ns3:Speed></ns3:TPX></Extensions></Trackpoint><Trackpoint><Time>2025-07-04T22:36:19Z</Time><HeartRateBpm><Value>93</Value></HeartRateBpm><Extensions><ns3:TPX><ns3:Speed>0.0</ns3:Speed></ns3:TPX></Extensions></Trackpoint><Trackpoint><Time>2025-07-04T22:36:20Z</Time><HeartRateBpm><Value>91</Value></HeartRateBpm><Extensions><ns3:TPX><ns3:Speed>0.0</ns3:Speed></ns3:TPX></Extensions></Trackpoint><Trackpoint><Time>2025-07-04T22:36:21Z</Time><HeartRateBpm><Value>90</Value></HeartRateBpm><Extensions><ns3:TPX><ns3:Speed>0.0</ns3:Speed></ns3:TPX></Extensions></Trackpoint><Trackpoint><Time>2025-07-04T22:36:24Z</Time><HeartRateBpm><Value>89</Value></HeartRateBpm><Extensions><ns3:TPX><ns3:Speed>0.0</ns3:Speed></ns3:TPX></Extensions></Trackpoint><Trackpoint><Time>2025-07-04T22:36:27Z</Time><HeartRateBpm><Value>88</Value></HeartRateBpm><Extensions><ns3:TPX><ns3:Speed>0.0</ns3:Speed></ns3:TPX></Extensions></Trackpoint><Trackpoint><Time>2025-07-04T22:36:28Z</Time><HeartRateBpm><Value>87</Value></HeartRateBpm><Extensions><ns3:TPX><ns3:Speed>0.0</ns3:Speed></ns3:TPX></Extensions></Trackpoint><Trackpoint><Time>2025-07-04T22:36:33Z</Time><HeartRateBpm><Value>87</Value></HeartRateBpm><Extensions><ns3:TPX><ns3:Speed>0.0</ns3:Speed></ns3:TPX></Extensions></Trackpoint><Trackpoint><Time>2025-07-04T22:36:38Z</Time><HeartRateBpm><Value>88</Value></HeartRateBpm><Extensions><ns3:TPX><ns3:Speed>0.0</ns3:Speed></ns3:TPX></Extensions></Trackpoint><Trackpoint><Time>2025-07-04T22:36:39Z</Time><HeartRateBpm><Value>89</Value></HeartRateBpm><Extensions><ns3:TPX><ns3:Speed>0.0</ns3:Speed></ns3:TPX></Extensions></Trackpoint><Trackpoint><Time>2025-07-04T22:36:40Z</Time><HeartRateBpm><Value>90</Value></HeartRateBpm><Extensions><ns3:TPX><ns3:Speed>0.0</ns3:Speed></ns3:TPX></Extensions></Trackpoint><Trackpoint><Time>2025-07-04T22:36:45Z</Time><HeartRateBpm><Value>90</Value></HeartRateBpm><Extensions><ns3:TPX><ns3:Speed>0.0</ns3:Speed></ns3:TPX></Extensions></Trackpoint><Trackpoint><Time>2025-07-04T22:36:48Z</Time><HeartRateBpm><Value>91</Value></HeartRateBpm><Extensions><ns3:TPX><ns3:Speed>0.0</ns3:Speed></ns3:TPX></Extensions></Trackpoint><Trackpoint><Time>2025-07-04T22:36:49Z</Time><HeartRateBpm><Value>90</Value></HeartRateBpm><Extensions><ns3:TPX><ns3:Speed>0.0</ns3:Speed></ns3:TPX></Extensions></Trackpoint><Trackpoint><Time>2025-07-04T22:36:50Z</Time><HeartRateBpm><Value>91</Value></HeartRateBpm><Extensions><ns3:TPX><ns3:Speed>0.0</ns3:Speed></ns3:TPX></Extensions></Trackpoint><Trackpoint><Time>2025-07-04T22:36:55Z</Time><HeartRateBpm><Value>91</Value></HeartRateBpm><Extensions><ns3:TPX><ns3:Speed>0.0</ns3:Speed></ns3:TPX></Extensions></Trackpoint><Trackpoint><Time>2025-07-04T22:36:57Z</Time><HeartRateBpm><Value>88</Value></HeartRateBpm><Extensions><ns3:TPX><ns3:Speed>0.0</ns3:Speed></ns3:TPX></Extensions></Trackpoint><Trackpoint><Time>2025-07-04T22:36:58Z</Time><HeartRateBpm><Value>86</Value></HeartRateBpm><Extensions><ns3:TPX><ns3:Speed>0.0</ns3:Speed></ns3:TPX></Extensions></Trackpoint><Trackpoint><Time>2025-07-04T22:36:59Z</Time><HeartRateBpm><Value>85</Value></HeartRateBpm><Extensions><ns3:TPX><ns3:Speed>0.0</ns3:Speed></ns3:TPX></Extensions></Trackpoint><Trackpoint><Time>2025-07-04T22:37:03Z</Time><HeartRateBpm><Value>84</Value></HeartRateBpm><Extensions><ns3:TPX><ns3:Speed>0.0</ns3:Speed></ns3:TPX></Extensions></Trackpoint><Trackpoint><Time>2025-07-04T22:37:04Z</Time><HeartRateBpm><Value>83</Value></HeartRateBpm><Extensions><ns3:TPX><ns3:Speed>0.0</ns3:Speed></ns3:TPX></Extensions></Trackpoint><Trackpoint><Time>2025-07-04T22:37:05Z</Time><HeartRateBpm><Value>82</Value></HeartRateBpm><Extensions><ns3:TPX><ns3:Speed>0.0</ns3:Speed></ns3:TPX></Extensions></Trackpoint><Trackpoint><Time>2025-07-04T22:37:10Z</Time><HeartRateBpm><Value>82</Value></HeartRateBpm><Extensions><ns3:TPX><ns3:Speed>0.0</ns3:Speed></ns3:TPX></Extensions></Trackpoint><Trackpoint><Time>2025-07-04T22:37:11Z</Time><HeartRateBpm><Value>84</Value></HeartRateBpm><Extensions><ns3:TPX><ns3:Speed>0.0</ns3:Speed></ns3:TPX></Extensions></Trackpoint><Trackpoint><Time>2025-07-04T22:37:13Z</Time><HeartRateBpm><Value>85</Value></HeartRateBpm><Extensions><ns3:TPX><ns3:Speed>0.0</ns3:Speed></ns3:TPX></Extensions></Trackpoint><Trackpoint><Time>2025-07-04T22:37:14Z</Time><HeartRateBpm><Value>86</Value></HeartRateBpm><Extensions><ns3:TPX><ns3:Speed>0.0</ns3:Speed></ns3:TPX></Extensions></Trackpoint><Trackpoint><Time>2025-07-04T22:37:15Z</Time><HeartRateBpm><Value>87</Value></HeartRateBpm><Extensions><ns3:TPX><ns3:Speed>0.0</ns3:Speed></ns3:TPX></Extensions></Trackpoint><Trackpoint><Time>2025-07-04T22:37:17Z</Time><HeartRateBpm><Value>88</Value></HeartRateBpm><Extensions><ns3:TPX><ns3:Speed>0.0</ns3:Speed></ns3:TPX></Extensions></Trackpoint><Trackpoint><Time>2025-07-04T22:37:19Z</Time><HeartRateBpm><Value>87</Value></HeartRateBpm><Extensions><ns3:TPX><ns3:Speed>0.0</ns3:Speed></ns3:TPX></Extensions></Trackpoint><Trackpoint><Time>2025-07-04T22:37:22Z</Time><HeartRateBpm><Value>88</Value></HeartRateBpm><Extensions><ns3:TPX><ns3:Speed>0.0</ns3:Speed></ns3:TPX></Extensions></Trackpoint><Trackpoint><Time>2025-07-04T22:37:27Z</Time><HeartRateBpm><Value>90</Value></HeartRateBpm><Extensions><ns3:TPX><ns3:Speed>0.0</ns3:Speed></ns3:TPX></Extensions></Trackpoint><Trackpoint><Time>2025-07-04T22:37:30Z</Time><HeartRateBpm><Value>91</Value></HeartRateBpm><Extensions><ns3:TPX><ns3:Speed>0.0</ns3:Speed></ns3:TPX></Extensions></Trackpoint><Trackpoint><Time>2025-07-04T22:37:32Z</Time><HeartRateBpm><Value>92</Value></HeartRateBpm><Extensions><ns3:TPX><ns3:Speed>0.0</ns3:Speed></ns3:TPX></Extensions></Trackpoint><Trackpoint><Time>2025-07-04T22:37:34Z</Time><HeartRateBpm><Value>93</Value></HeartRateBpm><Extensions><ns3:TPX><ns3:Speed>0.0</ns3:Speed></ns3:TPX></Extensions></Trackpoint><Trackpoint><Time>2025-07-04T22:37:39Z</Time><HeartRateBpm><Value>93</Value></HeartRateBpm><Extensions><ns3:TPX><ns3:Speed>0.0</ns3:Speed></ns3:TPX></Extensions></Trackpoint><Trackpoint><Time>2025-07-04T22:37:42Z</Time><HeartRateBpm><Value>94</Value></HeartRateBpm><Extensions><ns3:TPX><ns3:Speed>0.0</ns3:Speed></ns3:TPX></Extensions></Trackpoint><Trackpoint><Time>2025-07-04T22:37:46Z</Time><HeartRateBpm><Value>94</Value></HeartRateBpm><Extensions><ns3:TPX><ns3:Speed>0.0</ns3:Speed></ns3:TPX></Extensions></Trackpoint><Trackpoint><Time>2025-07-04T22:37:51Z</Time><HeartRateBpm><Value>91</Value></HeartRateBpm><Extensions><ns3:TPX><ns3:Speed>0.0</ns3:Speed></ns3:TPX></Extensions></Trackpoint><Trackpoint><Time>2025-07-04T22:37:53Z</Time><HeartRateBpm><Value>90</Value></HeartRateBpm><Extensions><ns3:TPX><ns3:Speed>0.0</ns3:Speed></ns3:TPX></Extensions></Trackpoint><Trackpoint><Time>2025-07-04T22:37:56Z</Time><HeartRateBpm><Value>91</Value></HeartRateBpm><Extensions><ns3:TPX><ns3:Speed>0.0</ns3:Speed></ns3:TPX></Extensions></Trackpoint><Trackpoint><Time>2025-07-04T22:37:57Z</Time><HeartRateBpm><Value>92</Value></HeartRateBpm><Extensions><ns3:TPX><ns3:Speed>0.0</ns3:Speed></ns3:TPX></Extensions></Trackpoint><Trackpoint><Time>2025-07-04T22:37:58Z</Time><HeartRateBpm><Value>94</Value></HeartRateBpm><Extensions><ns3:TPX><ns3:Speed>0.0</ns3:Speed></ns3:TPX></Extensions></Trackpoint><Trackpoint><Time>2025-07-04T22:37:59Z</Time><HeartRateBpm><Value>95</Value></HeartRateBpm><Extensions><ns3:TPX><ns3:Speed>0.0</ns3:Speed></ns3:TPX></Extensions></Trackpoint><Trackpoint><Time>2025-07-04T22:38:01Z</Time><HeartRateBpm><Value>96</Value></HeartRateBpm><Extensions><ns3:TPX><ns3:Speed>0.0</ns3:Speed></ns3:TPX></Extensions></Trackpoint><Trackpoint><Time>2025-07-04T22:38:02Z</Time><HeartRateBpm><Value>98</Value></HeartRateBpm><Extensions><ns3:TPX><ns3:Speed>0.0</ns3:Speed></ns3:TPX></Extensions></Trackpoint><Trackpoint><Time>2025-07-04T22:38:03Z</Time><HeartRateBpm><Value>96</Value></HeartRateBpm><Extensions><ns3:TPX><ns3:Speed>0.0</ns3:Speed></ns3:TPX></Extensions></Trackpoint><Trackpoint><Time>2025-07-04T22:38:04Z</Time><HeartRateBpm><Value>95</Value></HeartRateBpm><Extensions><ns3:TPX><ns3:Speed>0.0</ns3:Speed></ns3:TPX></Extensions></Trackpoint><Trackpoint><Time>2025-07-04T22:38:05Z</Time><HeartRateBpm><Value>94</Value></HeartRateBpm><Extensions><ns3:TPX><ns3:Speed>0.0</ns3:Speed></ns3:TPX></Extensions></Trackpoint><Trackpoint><Time>2025-07-04T22:38:09Z</Time><HeartRateBpm><Value>95</Value></HeartRateBpm><Extensions><ns3:TPX><ns3:Speed>0.0</ns3:Speed></ns3:TPX></Extensions></Trackpoint><Trackpoint><Time>2025-07-04T22:38:13Z</Time><HeartRateBpm><Value>96</Value></HeartRateBpm><Extensions><ns3:TPX><ns3:Speed>0.0</ns3:Speed></ns3:TPX></Extensions></Trackpoint><Trackpoint><Time>2025-07-04T22:38:14Z</Time><HeartRateBpm><Value>97</Value></HeartRateBpm><Extensions><ns3:TPX><ns3:Speed>0.0</ns3:Speed></ns3:TPX></Extensions></Trackpoint><Trackpoint><Time>2025-07-04T22:38:15Z</Time><HeartRateBpm><Value>99</Value></HeartRateBpm><Extensions><ns3:TPX><ns3:Speed>0.0</ns3:Speed></ns3:TPX></Extensions></Trackpoint><Trackpoint><Time>2025-07-04T22:38:19Z</Time><HeartRateBpm><Value>100</Value></HeartRateBpm><Extensions><ns3:TPX><ns3:Speed>0.0</ns3:Speed></ns3:TPX></Extensions></Trackpoint><Trackpoint><Time>2025-07-04T22:38:20Z</Time><HeartRateBpm><Value>101</Value></HeartRateBpm><Extensions><ns3:TPX><ns3:Speed>0.0</ns3:Speed></ns3:TPX></Extensions></Trackpoint><Trackpoint><Time>2025-07-04T22:38:21Z</Time><HeartRateBpm><Value>102</Value></HeartRateBpm><Extensions><ns3:TPX><ns3:Speed>0.0</ns3:Speed></ns3:TPX></Extensions></Trackpoint><Trackpoint><Time>2025-07-04T22:38:26Z</Time><HeartRateBpm><Value>102</Value></HeartRateBpm><Extensions><ns3:TPX><ns3:Speed>0.0</ns3:Speed></ns3:TPX></Extensions></Trackpoint><Trackpoint><Time>2025-07-04T22:38:27Z</Time><HeartRateBpm><Value>101</Value></HeartRateBpm><Extensions><ns3:TPX><ns3:Speed>0.0</ns3:Speed></ns3:TPX></Extensions></Trackpoint><Trackpoint><Time>2025-07-04T22:38:28Z</Time><HeartRateBpm><Value>100</Value></HeartRateBpm><Extensions><ns3:TPX><ns3:Speed>0.0</ns3:Speed></ns3:TPX></Extensions></Trackpoint><Trackpoint><Time>2025-07-04T22:38:29Z</Time><HeartRateBpm><Value>99</Value></HeartRateBpm><Extensions><ns3:TPX><ns3:Speed>0.0</ns3:Speed></ns3:TPX></Extensions></Trackpoint><Trackpoint><Time>2025-07-04T22:38:32Z</Time><HeartRateBpm><Value>101</Value></HeartRateBpm><Extensions><ns3:TPX><ns3:Speed>0.0</ns3:Speed></ns3:TPX></Extensions></Trackpoint><Trackpoint><Time>2025-07-04T22:38:33Z</Time><HeartRateBpm><Value>102</Value></HeartRateBpm><Extensions><ns3:TPX><ns3:Speed>0.0</ns3:Speed></ns3:TPX></Extensions></Trackpoint><Trackpoint><Time>2025-07-04T22:38:34Z</Time><HeartRateBpm><Value>103</Value></HeartRateBpm><Extensions><ns3:TPX><ns3:Speed>0.0</ns3:Speed></ns3:TPX></Extensions></Trackpoint><Trackpoint><Time>2025-07-04T22:38:35Z</Time><HeartRateBpm><Value>104</Value></HeartRateBpm><Extensions><ns3:TPX><ns3:Speed>0.0</ns3:Speed></ns3:TPX></Extensions></Trackpoint><Trackpoint><Time>2025-07-04T22:38:38Z</Time><HeartRateBpm><Value>105</Value></HeartRateBpm><Extensions><ns3:TPX><ns3:Speed>0.0</ns3:Speed></ns3:TPX></Extensions></Trackpoint><Trackpoint><Time>2025-07-04T22:38:42Z</Time><HeartRateBpm><Value>106</Value></HeartRateBpm><Extensions><ns3:TPX><ns3:Speed>0.0</ns3:Speed></ns3:TPX></Extensions></Trackpoint><Trackpoint><Time>2025-07-04T22:38:47Z</Time><HeartRateBpm><Value>107</Value></HeartRateBpm><Extensions><ns3:TPX><ns3:Speed>0.0</ns3:Speed></ns3:TPX></Extensions></Trackpoint><Trackpoint><Time>2025-07-04T22:38:52Z</Time><HeartRateBpm><Value>106</Value></HeartRateBpm><Extensions><ns3:TPX><ns3:Speed>0.0</ns3:Speed></ns3:TPX></Extensions></Trackpoint><Trackpoint><Time>2025-07-04T22:38:56Z</Time><HeartRateBpm><Value>105</Value></HeartRateBpm><Extensions><ns3:TPX><ns3:Speed>0.0</ns3:Speed></ns3:TPX></Extensions></Trackpoint><Trackpoint><Time>2025-07-04T22:39:02Z</Time><HeartRateBpm><Value>104</Value></HeartRateBpm><Extensions><ns3:TPX><ns3:Speed>0.0</ns3:Speed></ns3:TPX></Extensions></Trackpoint><Trackpoint><Time>2025-07-04T22:39:05Z</Time><HeartRateBpm><Value>106</Value></HeartRateBpm><Extensions><ns3:TPX><ns3:Speed>0.0</ns3:Speed></ns3:TPX></Extensions></Trackpoint><Trackpoint><Time>2025-07-04T22:39:06Z</Time><HeartRateBpm><Value>107</Value></HeartRateBpm><Extensions><ns3:TPX><ns3:Speed>0.0</ns3:Speed></ns3:TPX></Extensions></Trackpoint><Trackpoint><Time>2025-07-04T22:39:08Z</Time><HeartRateBpm><Value>109</Value></HeartRateBpm><Extensions><ns3:TPX><ns3:Speed>0.0</ns3:Speed></ns3:TPX></Extensions></Trackpoint><Trackpoint><Time>2025-07-04T22:39:09Z</Time><HeartRateBpm><Value>111</Value></HeartRateBpm><Extensions><ns3:TPX><ns3:Speed>0.0</ns3:Speed></ns3:TPX></Extensions></Trackpoint><Trackpoint><Time>2025-07-04T22:39:10Z</Time><HeartRateBpm><Value>112</Value></HeartRateBpm><Extensions><ns3:TPX><ns3:Speed>0.0</ns3:Speed></ns3:TPX></Extensions></Trackpoint><Trackpoint><Time>2025-07-04T22:39:11Z</Time><HeartRateBpm><Value>113</Value></HeartRateBpm><Extensions><ns3:TPX><ns3:Speed>0.0</ns3:Speed></ns3:TPX></Extensions></Trackpoint><Trackpoint><Time>2025-07-04T22:39:12Z</Time><HeartRateBpm><Value>115</Value></HeartRateBpm><Extensions><ns3:TPX><ns3:Speed>0.0</ns3:Speed></ns3:TPX></Extensions></Trackpoint><Trackpoint><Time>2025-07-04T22:39:14Z</Time><HeartRateBpm><Value>119</Value></HeartRateBpm><Extensions><ns3:TPX><ns3:Speed>0.0</ns3:Speed></ns3:TPX></Extensions></Trackpoint><Trackpoint><Time>2025-07-04T22:39:15Z</Time><HeartRateBpm><Value>120</Value></HeartRateBpm><Extensions><ns3:TPX><ns3:Speed>0.0</ns3:Speed></ns3:TPX></Extensions></Trackpoint><Trackpoint><Time>2025-07-04T22:39:16Z</Time><HeartRateBpm><Value>122</Value></HeartRateBpm><Extensions><ns3:TPX><ns3:Speed>0.0</ns3:Speed></ns3:TPX></Extensions></Trackpoint><Trackpoint><Time>2025-07-04T22:39:21Z</Time><HeartRateBpm><Value>123</Value></HeartRateBpm><Extensions><ns3:TPX><ns3:Speed>0.0</ns3:Speed></ns3:TPX></Extensions></Trackpoint><Trackpoint><Time>2025-07-04T22:39:22Z</Time><HeartRateBpm><Value>118</Value></HeartRateBpm><Extensions><ns3:TPX><ns3:Speed>0.0</ns3:Speed></ns3:TPX></Extensions></Trackpoint><Trackpoint><Time>2025-07-04T22:39:23Z</Time><HeartRateBpm><Value>111</Value></HeartRateBpm><Extensions><ns3:TPX><ns3:Speed>0.0</ns3:Speed></ns3:TPX></Extensions></Trackpoint><Trackpoint><Time>2025-07-04T22:39:24Z</Time><HeartRateBpm><Value>109</Value></HeartRateBpm><Extensions><ns3:TPX><ns3:Speed>0.0</ns3:Speed></ns3:TPX></Extensions></Trackpoint><Trackpoint><Time>2025-07-04T22:39:25Z</Time><HeartRateBpm><Value>108</Value></HeartRateBpm><Extensions><ns3:TPX><ns3:Speed>0.0</ns3:Speed></ns3:TPX></Extensions></Trackpoint><Trackpoint><Time>2025-07-04T22:39:29Z</Time><HeartRateBpm><Value>110</Value></HeartRateBpm><Extensions><ns3:TPX><ns3:Speed>0.0</ns3:Speed></ns3:TPX></Extensions></Trackpoint><Trackpoint><Time>2025-07-04T22:39:30Z</Time><HeartRateBpm><Value>111</Value></HeartRateBpm><Extensions><ns3:TPX><ns3:Speed>0.0</ns3:Speed></ns3:TPX></Extensions></Trackpoint><Trackpoint><Time>2025-07-04T22:39:31Z</Time><HeartRateBpm><Value>112</Value></HeartRateBpm><Extensions><ns3:TPX><ns3:Speed>0.0</ns3:Speed></ns3:TPX></Extensions></Trackpoint><Trackpoint><Time>2025-07-04T22:39:33Z</Time><HeartRateBpm><Value>113</Value></HeartRateBpm><Extensions><ns3:TPX><ns3:Speed>0.0</ns3:Speed></ns3:TPX></Extensions></Trackpoint><Trackpoint><Time>2025-07-04T22:39:34Z</Time><HeartRateBpm><Value>114</Value></HeartRateBpm><Extensions><ns3:TPX><ns3:Speed>0.0</ns3:Speed></ns3:TPX></Extensions></Trackpoint><Trackpoint><Time>2025-07-04T22:39:35Z</Time><HeartRateBpm><Value>115</Value></HeartRateBpm><Extensions><ns3:TPX><ns3:Speed>0.0</ns3:Speed></ns3:TPX></Extensions></Trackpoint><Trackpoint><Time>2025-07-04T22:39:36Z</Time><HeartRateBpm><Value>114</Value></HeartRateBpm><Extensions><ns3:TPX><ns3:Speed>0.0</ns3:Speed></ns3:TPX></Extensions></Trackpoint><Trackpoint><Time>2025-07-04T22:39:41Z</Time><HeartRateBpm><Value>114</Value></HeartRateBpm><Extensions><ns3:TPX><ns3:Speed>0.0</ns3:Speed></ns3:TPX></Extensions></Trackpoint><Trackpoint><Time>2025-07-04T22:39:46Z</Time><HeartRateBpm><Value>114</Value></HeartRateBpm><Extensions><ns3:TPX><ns3:Speed>0.0</ns3:Speed></ns3:TPX></Extensions></Trackpoint><Trackpoint><Time>2025-07-04T22:39:48Z</Time><HeartRateBpm><Value>115</Value></HeartRateBpm><Extensions><ns3:TPX><ns3:Speed>0.0</ns3:Speed></ns3:TPX></Extensions></Trackpoint><Trackpoint><Time>2025-07-04T22:39:53Z</Time><HeartRateBpm><Value>116</Value></HeartRateBpm><Extensions><ns3:TPX><ns3:Speed>0.0</ns3:Speed></ns3:TPX></Extensions></Trackpoint><Trackpoint><Time>2025-07-04T22:39:56Z</Time><HeartRateBpm><Value>118</Value></HeartRateBpm><Extensions><ns3:TPX><ns3:Speed>0.0</ns3:Speed></ns3:TPX></Extensions></Trackpoint><Trackpoint><Time>2025-07-04T22:39:58Z</Time><HeartRateBpm><Value>119</Value></HeartRateBpm><Extensions><ns3:TPX><ns3:Speed>0.0</ns3:Speed></ns3:TPX></Extensions></Trackpoint><Trackpoint><Time>2025-07-04T22:40:00Z</Time><HeartRateBpm><Value>120</Value></HeartRateBpm><Extensions><ns3:TPX><ns3:Speed>0.0</ns3:Speed></ns3:TPX></Extensions></Trackpoint><Trackpoint><Time>2025-07-04T22:40:02Z</Time><HeartRateBpm><Value>119</Value></HeartRateBpm><Extensions><ns3:TPX><ns3:Speed>0.0</ns3:Speed></ns3:TPX></Extensions></Trackpoint><Trackpoint><Time>2025-07-04T22:40:07Z</Time><HeartRateBpm><Value>119</Value></HeartRateBpm><Extensions><ns3:TPX><ns3:Speed>0.0</ns3:Speed></ns3:TPX></Extensions></Trackpoint><Trackpoint><Time>2025-07-04T22:40:08Z</Time><HeartRateBpm><Value>120</Value></HeartRateBpm><Extensions><ns3:TPX><ns3:Speed>0.0</ns3:Speed></ns3:TPX></Extensions></Trackpoint><Trackpoint><Time>2025-07-04T22:40:10Z</Time><HeartRateBpm><Value>121</Value></HeartRateBpm><Extensions><ns3:TPX><ns3:Speed>0.0</ns3:Speed></ns3:TPX></Extensions></Trackpoint><Trackpoint><Time>2025-07-04T22:40:11Z</Time><HeartRateBpm><Value>120</Value></HeartRateBpm><Extensions><ns3:TPX><ns3:Speed>0.0</ns3:Speed></ns3:TPX></Extensions></Trackpoint><Trackpoint><Time>2025-07-04T22:40:12Z</Time><HeartRateBpm><Value>122</Value></HeartRateBpm><Extensions><ns3:TPX><ns3:Speed>0.0</ns3:Speed></ns3:TPX></Extensions></Trackpoint><Trackpoint><Time>2025-07-04T22:40:13Z</Time><HeartRateBpm><Value>123</Value></HeartRateBpm><Extensions><ns3:TPX><ns3:Speed>0.0</ns3:Speed></ns3:TPX></Extensions></Trackpoint><Trackpoint><Time>2025-07-04T22:40:17Z</Time><HeartRateBpm><Value>122</Value></HeartRateBpm><Extensions><ns3:TPX><ns3:Speed>0.0</ns3:Speed></ns3:TPX></Extensions></Trackpoint><Trackpoint><Time>2025-07-04T22:40:18Z</Time><HeartRateBpm><Value>120</Value></HeartRateBpm><Extensions><ns3:TPX><ns3:Speed>0.0</ns3:Speed></ns3:TPX></Extensions></Trackpoint><Trackpoint><Time>2025-07-04T22:40:23Z</Time><HeartRateBpm><Value>119</Value></HeartRateBpm><Extensions><ns3:TPX><ns3:Speed>0.0</ns3:Speed></ns3:TPX></Extensions></Trackpoint><Trackpoint><Time>2025-07-04T22:40:26Z</Time><HeartRateBpm><Value>118</Value></HeartRateBpm><Extensions><ns3:TPX><ns3:Speed>0.0</ns3:Speed></ns3:TPX></Extensions></Trackpoint><Trackpoint><Time>2025-07-04T22:40:29Z</Time><HeartRateBpm><Value>119</Value></HeartRateBpm><Extensions><ns3:TPX><ns3:Speed>0.0</ns3:Speed></ns3:TPX></Extensions></Trackpoint><Trackpoint><Time>2025-07-04T22:40:30Z</Time><HeartRateBpm><Value>120</Value></HeartRateBpm><Extensions><ns3:TPX><ns3:Speed>0.0</ns3:Speed></ns3:TPX></Extensions></Trackpoint><Trackpoint><Time>2025-07-04T22:40:35Z</Time><HeartRateBpm><Value>120</Value></HeartRateBpm><Extensions><ns3:TPX><ns3:Speed>0.0</ns3:Speed></ns3:TPX></Extensions></Trackpoint><Trackpoint><Time>2025-07-04T22:40:36Z</Time><HeartRateBpm><Value>118</Value></HeartRateBpm><Extensions><ns3:TPX><ns3:Speed>0.0</ns3:Speed></ns3:TPX></Extensions></Trackpoint><Trackpoint><Time>2025-07-04T22:40:38Z</Time><HeartRateBpm><Value>117</Value></HeartRateBpm><Extensions><ns3:TPX><ns3:Speed>0.0</ns3:Speed></ns3:TPX></Extensions></Trackpoint><Trackpoint><Time>2025-07-04T22:40:42Z</Time><HeartRateBpm><Value>115</Value></HeartRateBpm><Extensions><ns3:TPX><ns3:Speed>0.0</ns3:Speed></ns3:TPX></Extensions></Trackpoint><Trackpoint><Time>2025-07-04T22:40:44Z</Time><HeartRateBpm><Value>114</Value></HeartRateBpm><Extensions><ns3:TPX><ns3:Speed>0.0</ns3:Speed></ns3:TPX></Extensions></Trackpoint><Trackpoint><Time>2025-07-04T22:40:49Z</Time><HeartRateBpm><Value>114</Value></HeartRateBpm><Extensions><ns3:TPX><ns3:Speed>0.0</ns3:Speed></ns3:TPX></Extensions></Trackpoint><Trackpoint><Time>2025-07-04T22:40:51Z</Time><HeartRateBpm><Value>113</Value></HeartRateBpm><Extensions><ns3:TPX><ns3:Speed>0.0</ns3:Speed></ns3:TPX></Extensions></Trackpoint><Trackpoint><Time>2025-07-04T22:40:56Z</Time><HeartRateBpm><Value>112</Value></HeartRateBpm><Extensions><ns3:TPX><ns3:Speed>0.0</ns3:Speed></ns3:TPX></Extensions></Trackpoint><Trackpoint><Time>2025-07-04T22:40:57Z</Time><HeartRateBpm><Value>111</Value></HeartRateBpm><Extensions><ns3:TPX><ns3:Speed>0.0</ns3:Speed></ns3:TPX></Extensions></Trackpoint><Trackpoint><Time>2025-07-04T22:40:59Z</Time><HeartRateBpm><Value>110</Value></HeartRateBpm><Extensions><ns3:TPX><ns3:Speed>0.0</ns3:Speed></ns3:TPX></Extensions></Trackpoint><Trackpoint><Time>2025-07-04T22:41:00Z</Time><HeartRateBpm><Value>109</Value></HeartRateBpm><Extensions><ns3:TPX><ns3:Speed>0.0</ns3:Speed></ns3:TPX></Extensions></Trackpoint><Trackpoint><Time>2025-07-04T22:41:05Z</Time><HeartRateBpm><Value>110</Value></HeartRateBpm><Extensions><ns3:TPX><ns3:Speed>0.0</ns3:Speed></ns3:TPX></Extensions></Trackpoint><Trackpoint><Time>2025-07-04T22:41:06Z</Time><HeartRateBpm><Value>111</Value></HeartRateBpm><Extensions><ns3:TPX><ns3:Speed>0.0</ns3:Speed></ns3:TPX></Extensions></Trackpoint><Trackpoint><Time>2025-07-04T22:41:11Z</Time><HeartRateBpm><Value>111</Value></HeartRateBpm><Extensions><ns3:TPX><ns3:Speed>0.0</ns3:Speed></ns3:TPX></Extensions></Trackpoint><Trackpoint><Time>2025-07-04T22:41:13Z</Time><HeartRateBpm><Value>112</Value></HeartRateBpm><Extensions><ns3:TPX><ns3:Speed>0.0</ns3:Speed></ns3:TPX></Extensions></Trackpoint><Trackpoint><Time>2025-07-04T22:41:14Z</Time><HeartRateBpm><Value>113</Value></HeartRateBpm><Extensions><ns3:TPX><ns3:Speed>0.0</ns3:Speed></ns3:TPX></Extensions></Trackpoint><Trackpoint><Time>2025-07-04T22:41:17Z</Time><HeartRateBpm><Value>114</Value></HeartRateBpm><Extensions><ns3:TPX><ns3:Speed>0.0</ns3:Speed></ns3:TPX></Extensions></Trackpoint><Trackpoint><Time>2025-07-04T22:41:19Z</Time><HeartRateBpm><Value>113</Value></HeartRateBpm><Extensions><ns3:TPX><ns3:Speed>0.0</ns3:Speed></ns3:TPX></Extensions></Trackpoint><Trackpoint><Time>2025-07-04T22:41:20Z</Time><HeartRateBpm><Value>112</Value></HeartRateBpm><Extensions><ns3:TPX><ns3:Speed>0.0</ns3:Speed></ns3:TPX></Extensions></Trackpoint><Trackpoint><Time>2025-07-04T22:41:21Z</Time><HeartRateBpm><Value>109</Value></HeartRateBpm><Extensions><ns3:TPX><ns3:Speed>0.0</ns3:Speed></ns3:TPX></Extensions></Trackpoint><Trackpoint><Time>2025-07-04T22:41:25Z</Time><HeartRateBpm><Value>111</Value></HeartRateBpm><Extensions><ns3:TPX><ns3:Speed>0.0</ns3:Speed></ns3:TPX></Extensions></Trackpoint><Trackpoint><Time>2025-07-04T22:41:26Z</Time><HeartRateBpm><Value>110</Value></HeartRateBpm><Extensions><ns3:TPX><ns3:Speed>0.0</ns3:Speed></ns3:TPX></Extensions></Trackpoint><Trackpoint><Time>2025-07-04T22:41:27Z</Time><HeartRateBpm><Value>109</Value></HeartRateBpm><Extensions><ns3:TPX><ns3:Speed>0.0</ns3:Speed></ns3:TPX></Extensions></Trackpoint><Trackpoint><Time>2025-07-04T22:41:29Z</Time><HeartRateBpm><Value>108</Value></HeartRateBpm><Extensions><ns3:TPX><ns3:Speed>0.0</ns3:Speed></ns3:TPX></Extensions></Trackpoint><Trackpoint><Time>2025-07-04T22:41:32Z</Time><HeartRateBpm><Value>107</Value></HeartRateBpm><Extensions><ns3:TPX><ns3:Speed>0.0</ns3:Speed></ns3:TPX></Extensions></Trackpoint><Trackpoint><Time>2025-07-04T22:41:37Z</Time><HeartRateBpm><Value>107</Value></HeartRateBpm><Extensions><ns3:TPX><ns3:Speed>0.0</ns3:Speed></ns3:TPX></Extensions></Trackpoint><Trackpoint><Time>2025-07-04T22:41:40Z</Time><HeartRateBpm><Value>108</Value></HeartRateBpm><Extensions><ns3:TPX><ns3:Speed>0.0</ns3:Speed></ns3:TPX></Extensions></Trackpoint><Trackpoint><Time>2025-07-04T22:41:45Z</Time><HeartRateBpm><Value>108</Value></HeartRateBpm><Extensions><ns3:TPX><ns3:Speed>0.0</ns3:Speed></ns3:TPX></Extensions></Trackpoint><Trackpoint><Time>2025-07-04T22:41:47Z</Time><HeartRateBpm><Value>107</Value></HeartRateBpm><Extensions><ns3:TPX><ns3:Speed>0.0</ns3:Speed></ns3:TPX></Extensions></Trackpoint><Trackpoint><Time>2025-07-04T22:41:49Z</Time><HeartRateBpm><Value>105</Value></HeartRateBpm><Extensions><ns3:TPX><ns3:Speed>0.0</ns3:Speed></ns3:TPX></Extensions></Trackpoint><Trackpoint><Time>2025-07-04T22:41:54Z</Time><HeartRateBpm><Value>105</Value></HeartRateBpm><Extensions><ns3:TPX><ns3:Speed>0.0</ns3:Speed></ns3:TPX></Extensions></Trackpoint><Trackpoint><Time>2025-07-04T22:41:55Z</Time><HeartRateBpm><Value>104</Value></HeartRateBpm><Extensions><ns3:TPX><ns3:Speed>0.0</ns3:Speed></ns3:TPX></Extensions></Trackpoint><Trackpoint><Time>2025-07-04T22:41:56Z</Time><HeartRateBpm><Value>103</Value></HeartRateBpm><Extensions><ns3:TPX><ns3:Speed>0.0</ns3:Speed></ns3:TPX></Extensions></Trackpoint><Trackpoint><Time>2025-07-04T22:42:01Z</Time><HeartRateBpm><Value>103</Value></HeartRateBpm><Extensions><ns3:TPX><ns3:Speed>0.0</ns3:Speed></ns3:TPX></Extensions></Trackpoint><Trackpoint><Time>2025-07-04T22:42:02Z</Time><HeartRateBpm><Value>103</Value></HeartRateBpm><Extensions><ns3:TPX><ns3:Speed>0.0</ns3:Speed></ns3:TPX></Extensions></Trackpoint><Trackpoint><Time>2025-07-04T22:42:03Z</Time><HeartRateBpm><Value>102</Value></HeartRateBpm><Extensions><ns3:TPX><ns3:Speed>0.0</ns3:Speed></ns3:TPX></Extensions></Trackpoint><Trackpoint><Time>2025-07-04T22:42:05Z</Time><HeartRateBpm><Value>101</Value></HeartRateBpm><Extensions><ns3:TPX><ns3:Speed>0.0</ns3:Speed></ns3:TPX></Extensions></Trackpoint><Trackpoint><Time>2025-07-04T22:42:08Z</Time><HeartRateBpm><Value>102</Value></HeartRateBpm><Extensions><ns3:TPX><ns3:Speed>0.0</ns3:Speed></ns3:TPX></Extensions></Trackpoint><Trackpoint><Time>2025-07-04T22:42:11Z</Time><HeartRateBpm><Value>103</Value></HeartRateBpm><Extensions><ns3:TPX><ns3:Speed>0.0</ns3:Speed></ns3:TPX></Extensions></Trackpoint><Trackpoint><Time>2025-07-04T22:42:13Z</Time><HeartRateBpm><Value>104</Value></HeartRateBpm><Extensions><ns3:TPX><ns3:Speed>0.0</ns3:Speed></ns3:TPX></Extensions></Trackpoint><Trackpoint><Time>2025-07-04T22:42:17Z</Time><HeartRateBpm><Value>103</Value></HeartRateBpm><Extensions><ns3:TPX><ns3:Speed>0.0</ns3:Speed></ns3:TPX></Extensions></Trackpoint><Trackpoint><Time>2025-07-04T22:42:19Z</Time><HeartRateBpm><Value>102</Value></HeartRateBpm><Extensions><ns3:TPX><ns3:Speed>0.0</ns3:Speed></ns3:TPX></Extensions></Trackpoint><Trackpoint><Time>2025-07-04T22:42:20Z</Time><HeartRateBpm><Value>101</Value></HeartRateBpm><Extensions><ns3:TPX><ns3:Speed>0.0</ns3:Speed></ns3:TPX></Extensions></Trackpoint><Trackpoint><Time>2025-07-04T22:42:23Z</Time><HeartRateBpm><Value>100</Value></HeartRateBpm><Extensions><ns3:TPX><ns3:Speed>0.0</ns3:Speed></ns3:TPX></Extensions></Trackpoint><Trackpoint><Time>2025-07-04T22:42:25Z</Time><HeartRateBpm><Value>101</Value></HeartRateBpm><Extensions><ns3:TPX><ns3:Speed>0.0</ns3:Speed></ns3:TPX></Extensions></Trackpoint><Trackpoint><Time>2025-07-04T22:42:28Z</Time><HeartRateBpm><Value>102</Value></HeartRateBpm><Extensions><ns3:TPX><ns3:Speed>0.0</ns3:Speed></ns3:TPX></Extensions></Trackpoint><Trackpoint><Time>2025-07-04T22:42:30Z</Time><HeartRateBpm><Value>101</Value></HeartRateBpm><Extensions><ns3:TPX><ns3:Speed>0.0</ns3:Speed></ns3:TPX></Extensions></Trackpoint><Trackpoint><Time>2025-07-04T22:42:31Z</Time><HeartRateBpm><Value>100</Value></HeartRateBpm><Extensions><ns3:TPX><ns3:Speed>0.0</ns3:Speed></ns3:TPX></Extensions></Trackpoint><Trackpoint><Time>2025-07-04T22:42:36Z</Time><HeartRateBpm><Value>100</Value></HeartRateBpm><Extensions><ns3:TPX><ns3:Speed>0.0</ns3:Speed></ns3:TPX></Extensions></Trackpoint><Trackpoint><Time>2025-07-04T22:42:38Z</Time><HeartRateBpm><Value>101</Value></HeartRateBpm><Extensions><ns3:TPX><ns3:Speed>0.0</ns3:Speed></ns3:TPX></Extensions></Trackpoint><Trackpoint><Time>2025-07-04T22:42:39Z</Time><HeartRateBpm><Value>100</Value></HeartRateBpm><Extensions><ns3:TPX><ns3:Speed>0.0</ns3:Speed></ns3:TPX></Extensions></Trackpoint><Trackpoint><Time>2025-07-04T22:42:40Z</Time><HeartRateBpm><Value>99</Value></HeartRateBpm><Extensions><ns3:TPX><ns3:Speed>0.0</ns3:Speed></ns3:TPX></Extensions></Trackpoint><Trackpoint><Time>2025-07-04T22:42:42Z</Time><HeartRateBpm><Value>98</Value></HeartRateBpm><Extensions><ns3:TPX><ns3:Speed>0.0</ns3:Speed></ns3:TPX></Extensions></Trackpoint><Trackpoint><Time>2025-07-04T22:42:44Z</Time><HeartRateBpm><Value>99</Value></HeartRateBpm><Extensions><ns3:TPX><ns3:Speed>0.0</ns3:Speed></ns3:TPX></Extensions></Trackpoint><Trackpoint><Time>2025-07-04T22:42:49Z</Time><HeartRateBpm><Value>100</Value></HeartRateBpm><Extensions><ns3:TPX><ns3:Speed>0.0</ns3:Speed></ns3:TPX></Extensions></Trackpoint><Trackpoint><Time>2025-07-04T22:42:50Z</Time><HeartRateBpm><Value>99</Value></HeartRateBpm><Extensions><ns3:TPX><ns3:Speed>0.0</ns3:Speed></ns3:TPX></Extensions></Trackpoint><Trackpoint><Time>2025-07-04T22:42:55Z</Time><HeartRateBpm><Value>99</Value></HeartRateBpm><Extensions><ns3:TPX><ns3:Speed>0.0</ns3:Speed></ns3:TPX></Extensions></Trackpoint><Trackpoint><Time>2025-07-04T22:43:00Z</Time><HeartRateBpm><Value>99</Value></HeartRateBpm><Extensions><ns3:TPX><ns3:Speed>0.0</ns3:Speed></ns3:TPX></Extensions></Trackpoint><Trackpoint><Time>2025-07-04T22:43:06Z</Time><HeartRateBpm><Value>98</Value></HeartRateBpm><Extensions><ns3:TPX><ns3:Speed>0.0</ns3:Speed></ns3:TPX></Extensions></Trackpoint><Trackpoint><Time>2025-07-04T22:43:07Z</Time><HeartRateBpm><Value>97</Value></HeartRateBpm><Extensions><ns3:TPX><ns3:Speed>0.0</ns3:Speed></ns3:TPX></Extensions></Trackpoint><Trackpoint><Time>2025-07-04T22:43:12Z</Time><HeartRateBpm><Value>96</Value></HeartRateBpm><Extensions><ns3:TPX><ns3:Speed>0.0</ns3:Speed></ns3:TPX></Extensions></Trackpoint><Trackpoint><Time>2025-07-04T22:43:13Z</Time><HeartRateBpm><Value>94</Value></HeartRateBpm><Extensions><ns3:TPX><ns3:Speed>0.0</ns3:Speed></ns3:TPX></Extensions></Trackpoint><Trackpoint><Time>2025-07-04T22:43:14Z</Time><HeartRateBpm><Value>93</Value></HeartRateBpm><Extensions><ns3:TPX><ns3:Speed>0.0</ns3:Speed></ns3:TPX></Extensions></Trackpoint><Trackpoint><Time>2025-07-04T22:43:16Z</Time><HeartRateBpm><Value>94</Value></HeartRateBpm><Extensions><ns3:TPX><ns3:Speed>0.0</ns3:Speed></ns3:TPX></Extensions></Trackpoint><Trackpoint><Time>2025-07-04T22:43:18Z</Time><HeartRateBpm><Value>95</Value></HeartRateBpm><Extensions><ns3:TPX><ns3:Speed>0.0</ns3:Speed></ns3:TPX></Extensions></Trackpoint><Trackpoint><Time>2025-07-04T22:43:20Z</Time><HeartRateBpm><Value>96</Value></HeartRateBpm><Extensions><ns3:TPX><ns3:Speed>0.0</ns3:Speed></ns3:TPX></Extensions></Trackpoint><Trackpoint><Time>2025-07-04T22:43:22Z</Time><HeartRateBpm><Value>97</Value></HeartRateBpm><Extensions><ns3:TPX><ns3:Speed>0.0</ns3:Speed></ns3:TPX></Extensions></Trackpoint><Trackpoint><Time>2025-07-04T22:43:24Z</Time><HeartRateBpm><Value>98</Value></HeartRateBpm><Extensions><ns3:TPX><ns3:Speed>0.0</ns3:Speed></ns3:TPX></Extensions></Trackpoint><Trackpoint><Time>2025-07-04T22:43:26Z</Time><HeartRateBpm><Value>99</Value></HeartRateBpm><Extensions><ns3:TPX><ns3:Speed>0.0</ns3:Speed></ns3:TPX></Extensions></Trackpoint><Trackpoint><Time>2025-07-04T22:43:28Z</Time><HeartRateBpm><Value>100</Value></HeartRateBpm><Extensions><ns3:TPX><ns3:Speed>0.0</ns3:Speed></ns3:TPX></Extensions></Trackpoint><Trackpoint><Time>2025-07-04T22:43:31Z</Time><HeartRateBpm><Value>99</Value></HeartRateBpm><Extensions><ns3:TPX><ns3:Speed>0.0</ns3:Speed></ns3:TPX></Extensions></Trackpoint><Trackpoint><Time>2025-07-04T22:43:36Z</Time><HeartRateBpm><Value>99</Value></HeartRateBpm><Extensions><ns3:TPX><ns3:Speed>0.0</ns3:Speed></ns3:TPX></Extensions></Trackpoint><Trackpoint><Time>2025-07-04T22:43:37Z</Time><HeartRateBpm><Value>100</Value></HeartRateBpm><Extensions><ns3:TPX><ns3:Speed>0.0</ns3:Speed></ns3:TPX></Extensions></Trackpoint><Trackpoint><Time>2025-07-04T22:43:42Z</Time><HeartRateBpm><Value>100</Value></HeartRateBpm><Extensions><ns3:TPX><ns3:Speed>0.0</ns3:Speed></ns3:TPX></Extensions></Trackpoint><Trackpoint><Time>2025-07-04T22:43:46Z</Time><HeartRateBpm><Value>101</Value></HeartRateBpm><Extensions><ns3:TPX><ns3:Speed>0.0</ns3:Speed></ns3:TPX></Extensions></Trackpoint><Trackpoint><Time>2025-07-04T22:43:48Z</Time><HeartRateBpm><Value>100</Value></HeartRateBpm><Extensions><ns3:TPX><ns3:Speed>0.0</ns3:Speed></ns3:TPX></Extensions></Trackpoint><Trackpoint><Time>2025-07-04T22:43:50Z</Time><HeartRateBpm><Value>99</Value></HeartRateBpm><Extensions><ns3:TPX><ns3:Speed>0.0</ns3:Speed></ns3:TPX></Extensions></Trackpoint><Trackpoint><Time>2025-07-04T22:43:51Z</Time><HeartRateBpm><Value>97</Value></HeartRateBpm><Extensions><ns3:TPX><ns3:Speed>0.0</ns3:Speed></ns3:TPX></Extensions></Trackpoint><Trackpoint><Time>2025-07-04T22:43:54Z</Time><HeartRateBpm><Value>96</Value></HeartRateBpm><Extensions><ns3:TPX><ns3:Speed>0.0</ns3:Speed></ns3:TPX></Extensions></Trackpoint><Trackpoint><Time>2025-07-04T22:43:58Z</Time><HeartRateBpm><Value>95</Value></HeartRateBpm><Extensions><ns3:TPX><ns3:Speed>0.0</ns3:Speed></ns3:TPX></Extensions></Trackpoint><Trackpoint><Time>2025-07-04T22:43:59Z</Time><HeartRateBpm><Value>94</Value></HeartRateBpm><Extensions><ns3:TPX><ns3:Speed>0.0</ns3:Speed></ns3:TPX></Extensions></Trackpoint><Trackpoint><Time>2025-07-04T22:44:01Z</Time><HeartRateBpm><Value>93</Value></HeartRateBpm><Extensions><ns3:TPX><ns3:Speed>0.0</ns3:Speed></ns3:TPX></Extensions></Trackpoint><Trackpoint><Time>2025-07-04T22:44:04Z</Time><HeartRateBpm><Value>95</Value></HeartRateBpm><Extensions><ns3:TPX><ns3:Speed>0.0</ns3:Speed></ns3:TPX></Extensions></Trackpoint><Trackpoint><Time>2025-07-04T22:44:05Z</Time><HeartRateBpm><Value>96</Value></HeartRateBpm><Extensions><ns3:TPX><ns3:Speed>0.0</ns3:Speed></ns3:TPX></Extensions></Trackpoint><Trackpoint><Time>2025-07-04T22:44:07Z</Time><HeartRateBpm><Value>97</Value></HeartRateBpm><Extensions><ns3:TPX><ns3:Speed>0.0</ns3:Speed></ns3:TPX></Extensions></Trackpoint><Trackpoint><Time>2025-07-04T22:44:08Z</Time><HeartRateBpm><Value>99</Value></HeartRateBpm><Extensions><ns3:TPX><ns3:Speed>0.0</ns3:Speed></ns3:TPX></Extensions></Trackpoint><Trackpoint><Time>2025-07-04T22:44:10Z</Time><HeartRateBpm><Value>98</Value></HeartRateBpm><Extensions><ns3:TPX><ns3:Speed>0.0</ns3:Speed></ns3:TPX></Extensions></Trackpoint><Trackpoint><Time>2025-07-04T22:44:14Z</Time><HeartRateBpm><Value>97</Value></HeartRateBpm><Extensions><ns3:TPX><ns3:Speed>0.0</ns3:Speed></ns3:TPX></Extensions></Trackpoint><Trackpoint><Time>2025-07-04T22:44:15Z</Time><HeartRateBpm><Value>95</Value></HeartRateBpm><Extensions><ns3:TPX><ns3:Speed>0.0</ns3:Speed></ns3:TPX></Extensions></Trackpoint><Trackpoint><Time>2025-07-04T22:44:16Z</Time><HeartRateBpm><Value>94</Value></HeartRateBpm><Extensions><ns3:TPX><ns3:Speed>0.0</ns3:Speed></ns3:TPX></Extensions></Trackpoint><Trackpoint><Time>2025-07-04T22:44:20Z</Time><HeartRateBpm><Value>93</Value></HeartRateBpm><Extensions><ns3:TPX><ns3:Speed>0.0</ns3:Speed></ns3:TPX></Extensions></Trackpoint><Trackpoint><Time>2025-07-04T22:44:25Z</Time><HeartRateBpm><Value>93</Value></HeartRateBpm><Extensions><ns3:TPX><ns3:Speed>0.0</ns3:Speed></ns3:TPX></Extensions></Trackpoint><Trackpoint><Time>2025-07-04T22:44:26Z</Time><HeartRateBpm><Value>94</Value></HeartRateBpm><Extensions><ns3:TPX><ns3:Speed>0.0</ns3:Speed></ns3:TPX></Extensions></Trackpoint><Trackpoint><Time>2025-07-04T22:44:28Z</Time><HeartRateBpm><Value>95</Value></HeartRateBpm><Extensions><ns3:TPX><ns3:Speed>0.0</ns3:Speed></ns3:TPX></Extensions></Trackpoint><Trackpoint><Time>2025-07-04T22:44:32Z</Time><HeartRateBpm><Value>94</Value></HeartRateBpm><Extensions><ns3:TPX><ns3:Speed>0.0</ns3:Speed></ns3:TPX></Extensions></Trackpoint><Trackpoint><Time>2025-07-04T22:44:37Z</Time><HeartRateBpm><Value>94</Value></HeartRateBpm><Extensions><ns3:TPX><ns3:Speed>0.0</ns3:Speed></ns3:TPX></Extensions></Trackpoint><Trackpoint><Time>2025-07-04T22:44:41Z</Time><HeartRateBpm><Value>95</Value></HeartRateBpm><Extensions><ns3:TPX><ns3:Speed>0.0</ns3:Speed></ns3:TPX></Extensions></Trackpoint><Trackpoint><Time>2025-07-04T22:44:43Z</Time><HeartRateBpm><Value>97</Value></HeartRateBpm><Extensions><ns3:TPX><ns3:Speed>0.0</ns3:Speed></ns3:TPX></Extensions></Trackpoint><Trackpoint><Time>2025-07-04T22:44:44Z</Time><HeartRateBpm><Value>98</Value></HeartRateBpm><Extensions><ns3:TPX><ns3:Speed>0.0</ns3:Speed></ns3:TPX></Extensions></Trackpoint><Trackpoint><Time>2025-07-04T22:44:45Z</Time><HeartRateBpm><Value>99</Value></HeartRateBpm><Extensions><ns3:TPX><ns3:Speed>0.0</ns3:Speed></ns3:TPX></Extensions></Trackpoint><Trackpoint><Time>2025-07-04T22:44:46Z</Time><HeartRateBpm><Value>100</Value></HeartRateBpm><Extensions><ns3:TPX><ns3:Speed>0.0</ns3:Speed></ns3:TPX></Extensions></Trackpoint><Trackpoint><Time>2025-07-04T22:44:51Z</Time><HeartRateBpm><Value>102</Value></HeartRateBpm><Extensions><ns3:TPX><ns3:Speed>0.0</ns3:Speed></ns3:TPX></Extensions></Trackpoint><Trackpoint><Time>2025-07-04T22:44:52Z</Time><HeartRateBpm><Value>103</Value></HeartRateBpm><Extensions><ns3:TPX><ns3:Speed>0.0</ns3:Speed></ns3:TPX></Extensions></Trackpoint><Trackpoint><Time>2025-07-04T22:44:55Z</Time><HeartRateBpm><Value>104</Value></HeartRateBpm><Extensions><ns3:TPX><ns3:Speed>0.0</ns3:Speed></ns3:TPX></Extensions></Trackpoint><Trackpoint><Time>2025-07-04T22:44:56Z</Time><HeartRateBpm><Value>103</Value></HeartRateBpm><Extensions><ns3:TPX><ns3:Speed>0.0</ns3:Speed></ns3:TPX></Extensions></Trackpoint><Trackpoint><Time>2025-07-04T22:44:58Z</Time><HeartRateBpm><Value>105</Value></HeartRateBpm><Extensions><ns3:TPX><ns3:Speed>0.0</ns3:Speed></ns3:TPX></Extensions></Trackpoint><Trackpoint><Time>2025-07-04T22:44:59Z</Time><HeartRateBpm><Value>106</Value></HeartRateBpm><Extensions><ns3:TPX><ns3:Speed>0.0</ns3:Speed></ns3:TPX></Extensions></Trackpoint><Trackpoint><Time>2025-07-04T22:45:00Z</Time><HeartRateBpm><Value>101</Value></HeartRateBpm><Extensions><ns3:TPX><ns3:Speed>0.0</ns3:Speed></ns3:TPX></Extensions></Trackpoint><Trackpoint><Time>2025-07-04T22:45:02Z</Time><HeartRateBpm><Value>104</Value></HeartRateBpm><Extensions><ns3:TPX><ns3:Speed>0.0</ns3:Speed></ns3:TPX></Extensions></Trackpoint><Trackpoint><Time>2025-07-04T22:45:03Z</Time><HeartRateBpm><Value>100</Value></HeartRateBpm><Extensions><ns3:TPX><ns3:Speed>0.0</ns3:Speed></ns3:TPX></Extensions></Trackpoint><Trackpoint><Time>2025-07-04T22:45:06Z</Time><HeartRateBpm><Value>99</Value></HeartRateBpm><Extensions><ns3:TPX><ns3:Speed>0.0</ns3:Speed></ns3:TPX></Extensions></Trackpoint><Trackpoint><Time>2025-07-04T22:45:09Z</Time><HeartRateBpm><Value>98</Value></HeartRateBpm><Extensions><ns3:TPX><ns3:Speed>0.0</ns3:Speed></ns3:TPX></Extensions></Trackpoint><Trackpoint><Time>2025-07-04T22:45:10Z</Time><HeartRateBpm><Value>97</Value></HeartRateBpm><Extensions><ns3:TPX><ns3:Speed>0.0</ns3:Speed></ns3:TPX></Extensions></Trackpoint><Trackpoint><Time>2025-07-04T22:45:15Z</Time><HeartRateBpm><Value>97</Value></HeartRateBpm><Extensions><ns3:TPX><ns3:Speed>0.0</ns3:Speed></ns3:TPX></Extensions></Trackpoint><Trackpoint><Time>2025-07-04T22:45:16Z</Time><HeartRateBpm><Value>96</Value></HeartRateBpm><Extensions><ns3:TPX><ns3:Speed>0.0</ns3:Speed></ns3:TPX></Extensions></Trackpoint><Trackpoint><Time>2025-07-04T22:45:21Z</Time><HeartRateBpm><Value>96</Value></HeartRateBpm><Extensions><ns3:TPX><ns3:Speed>0.0</ns3:Speed></ns3:TPX></Extensions></Trackpoint><Trackpoint><Time>2025-07-04T22:45:23Z</Time><HeartRateBpm><Value>97</Value></HeartRateBpm><Extensions><ns3:TPX><ns3:Speed>0.0</ns3:Speed></ns3:TPX></Extensions></Trackpoint><Trackpoint><Time>2025-07-04T22:45:24Z</Time><HeartRateBpm><Value>98</Value></HeartRateBpm><Extensions><ns3:TPX><ns3:Speed>0.0</ns3:Speed></ns3:TPX></Extensions></Trackpoint><Trackpoint><Time>2025-07-04T22:45:29Z</Time><HeartRateBpm><Value>99</Value></HeartRateBpm><Extensions><ns3:TPX><ns3:Speed>0.0</ns3:Speed></ns3:TPX></Extensions></Trackpoint><Trackpoint><Time>2025-07-04T22:45:32Z</Time><HeartRateBpm><Value>101</Value></HeartRateBpm><Extensions><ns3:TPX><ns3:Speed>0.0</ns3:Speed></ns3:TPX></Extensions></Trackpoint><Trackpoint><Time>2025-07-04T22:45:38Z</Time><HeartRateBpm><Value>101</Value></HeartRateBpm><Extensions><ns3:TPX><ns3:Speed>0.0</ns3:Speed></ns3:TPX></Extensions></Trackpoint><Trackpoint><Time>2025-07-04T22:45:41Z</Time><HeartRateBpm><Value>100</Value></HeartRateBpm><Extensions><ns3:TPX><ns3:Speed>0.0</ns3:Speed></ns3:TPX></Extensions></Trackpoint><Trackpoint><Time>2025-07-04T22:45:44Z</Time><HeartRateBpm><Value>101</Value></HeartRateBpm><Extensions><ns3:TPX><ns3:Speed>0.0</ns3:Speed></ns3:TPX></Extensions></Trackpoint><Trackpoint><Time>2025-07-04T22:45:47Z</Time><HeartRateBpm><Value>102</Value></HeartRateBpm><Extensions><ns3:TPX><ns3:Speed>0.0</ns3:Speed></ns3:TPX></Extensions></Trackpoint><Trackpoint><Time>2025-07-04T22:45:51Z</Time><HeartRateBpm><Value>103</Value></HeartRateBpm><Extensions><ns3:TPX><ns3:Speed>0.0</ns3:Speed></ns3:TPX></Extensions></Trackpoint><Trackpoint><Time>2025-07-04T22:45:53Z</Time><HeartRateBpm><Value>102</Value></HeartRateBpm><Extensions><ns3:TPX><ns3:Speed>0.0</ns3:Speed></ns3:TPX></Extensions></Trackpoint><Trackpoint><Time>2025-07-04T22:45:58Z</Time><HeartRateBpm><Value>102</Value></HeartRateBpm><Extensions><ns3:TPX><ns3:Speed>0.0</ns3:Speed></ns3:TPX></Extensions></Trackpoint><Trackpoint><Time>2025-07-04T22:45:59Z</Time><HeartRateBpm><Value>103</Value></HeartRateBpm><Extensions><ns3:TPX><ns3:Speed>0.0</ns3:Speed></ns3:TPX></Extensions></Trackpoint><Trackpoint><Time>2025-07-04T22:46:00Z</Time><HeartRateBpm><Value>102</Value></HeartRateBpm><Extensions><ns3:TPX><ns3:Speed>0.0</ns3:Speed></ns3:TPX></Extensions></Trackpoint><Trackpoint><Time>2025-07-04T22:46:04Z</Time><HeartRateBpm><Value>101</Value></HeartRateBpm><Extensions><ns3:TPX><ns3:Speed>0.0</ns3:Speed></ns3:TPX></Extensions></Trackpoint><Trackpoint><Time>2025-07-04T22:46:05Z</Time><HeartRateBpm><Value>100</Value></HeartRateBpm><Extensions><ns3:TPX><ns3:Speed>0.0</ns3:Speed></ns3:TPX></Extensions></Trackpoint><Trackpoint><Time>2025-07-04T22:46:06Z</Time><HeartRateBpm><Value>98</Value></HeartRateBpm><Extensions><ns3:TPX><ns3:Speed>0.0</ns3:Speed></ns3:TPX></Extensions></Trackpoint><Trackpoint><Time>2025-07-04T22:46:07Z</Time><HeartRateBpm><Value>96</Value></HeartRateBpm><Extensions><ns3:TPX><ns3:Speed>0.0</ns3:Speed></ns3:TPX></Extensions></Trackpoint><Trackpoint><Time>2025-07-04T22:46:12Z</Time><HeartRateBpm><Value>96</Value></HeartRateBpm><Extensions><ns3:TPX><ns3:Speed>0.0</ns3:Speed></ns3:TPX></Extensions></Trackpoint><Trackpoint><Time>2025-07-04T22:46:16Z</Time><HeartRateBpm><Value>95</Value></HeartRateBpm><Extensions><ns3:TPX><ns3:Speed>0.0</ns3:Speed></ns3:TPX></Extensions></Trackpoint><Trackpoint><Time>2025-07-04T22:46:18Z</Time><HeartRateBpm><Value>96</Value></HeartRateBpm><Extensions><ns3:TPX><ns3:Speed>0.0</ns3:Speed></ns3:TPX></Extensions></Trackpoint><Trackpoint><Time>2025-07-04T22:46:20Z</Time><HeartRateBpm><Value>97</Value></HeartRateBpm><Extensions><ns3:TPX><ns3:Speed>0.0</ns3:Speed></ns3:TPX></Extensions></Trackpoint><Trackpoint><Time>2025-07-04T22:46:22Z</Time><HeartRateBpm><Value>98</Value></HeartRateBpm><Extensions><ns3:TPX><ns3:Speed>0.0</ns3:Speed></ns3:TPX></Extensions></Trackpoint><Trackpoint><Time>2025-07-04T22:46:23Z</Time><HeartRateBpm><Value>99</Value></HeartRateBpm><Extensions><ns3:TPX><ns3:Speed>0.0</ns3:Speed></ns3:TPX></Extensions></Trackpoint><Trackpoint><Time>2025-07-04T22:46:25Z</Time><HeartRateBpm><Value>100</Value></HeartRateBpm><Extensions><ns3:TPX><ns3:Speed>0.0</ns3:Speed></ns3:TPX></Extensions></Trackpoint><Trackpoint><Time>2025-07-04T22:46:30Z</Time><HeartRateBpm><Value>101</Value></HeartRateBpm><Extensions><ns3:TPX><ns3:Speed>0.0</ns3:Speed></ns3:TPX></Extensions></Trackpoint><Trackpoint><Time>2025-07-04T22:46:31Z</Time><HeartRateBpm><Value>102</Value></HeartRateBpm><Extensions><ns3:TPX><ns3:Speed>0.0</ns3:Speed></ns3:TPX></Extensions></Trackpoint><Trackpoint><Time>2025-07-04T22:46:33Z</Time><HeartRateBpm><Value>103</Value></HeartRateBpm><Extensions><ns3:TPX><ns3:Speed>0.0</ns3:Speed></ns3:TPX></Extensions></Trackpoint><Trackpoint><Time>2025-07-04T22:46:34Z</Time><HeartRateBpm><Value>104</Value></HeartRateBpm><Extensions><ns3:TPX><ns3:Speed>0.0</ns3:Speed></ns3:TPX></Extensions></Trackpoint><Trackpoint><Time>2025-07-04T22:46:35Z</Time><HeartRateBpm><Value>102</Value></HeartRateBpm><Extensions><ns3:TPX><ns3:Speed>0.0</ns3:Speed></ns3:TPX></Extensions></Trackpoint><Trackpoint><Time>2025-07-04T22:46:36Z</Time><HeartRateBpm><Value>101</Value></HeartRateBpm><Extensions><ns3:TPX><ns3:Speed>0.0</ns3:Speed></ns3:TPX></Extensions></Trackpoint><Trackpoint><Time>2025-07-04T22:46:40Z</Time><HeartRateBpm><Value>100</Value></HeartRateBpm><Extensions><ns3:TPX><ns3:Speed>0.0</ns3:Speed></ns3:TPX></Extensions></Trackpoint><Trackpoint><Time>2025-07-04T22:46:43Z</Time><HeartRateBpm><Value>99</Value></HeartRateBpm><Extensions><ns3:TPX><ns3:Speed>0.0</ns3:Speed></ns3:TPX></Extensions></Trackpoint><Trackpoint><Time>2025-07-04T22:46:48Z</Time><HeartRateBpm><Value>99</Value></HeartRateBpm><Extensions><ns3:TPX><ns3:Speed>0.0</ns3:Speed></ns3:TPX></Extensions></Trackpoint><Trackpoint><Time>2025-07-04T22:46:53Z</Time><HeartRateBpm><Value>98</Value></HeartRateBpm><Extensions><ns3:TPX><ns3:Speed>0.0</ns3:Speed></ns3:TPX></Extensions></Trackpoint><Trackpoint><Time>2025-07-04T22:46:57Z</Time><HeartRateBpm><Value>97</Value></HeartRateBpm><Extensions><ns3:TPX><ns3:Speed>0.0</ns3:Speed></ns3:TPX></Extensions></Trackpoint><Trackpoint><Time>2025-07-04T22:46:59Z</Time><HeartRateBpm><Value>98</Value></HeartRateBpm><Extensions><ns3:TPX><ns3:Speed>0.0</ns3:Speed></ns3:TPX></Extensions></Trackpoint><Trackpoint><Time>2025-07-04T22:47:00Z</Time><HeartRateBpm><Value>97</Value></HeartRateBpm><Extensions><ns3:TPX><ns3:Speed>0.0</ns3:Speed></ns3:TPX></Extensions></Trackpoint><Trackpoint><Time>2025-07-04T22:47:03Z</Time><HeartRateBpm><Value>96</Value></HeartRateBpm><Extensions><ns3:TPX><ns3:Speed>0.0</ns3:Speed></ns3:TPX></Extensions></Trackpoint><Trackpoint><Time>2025-07-04T22:47:05Z</Time><HeartRateBpm><Value>95</Value></HeartRateBpm><Extensions><ns3:TPX><ns3:Speed>0.0</ns3:Speed></ns3:TPX></Extensions></Trackpoint><Trackpoint><Time>2025-07-04T22:47:06Z</Time><HeartRateBpm><Value>94</Value></HeartRateBpm><Extensions><ns3:TPX><ns3:Speed>0.0</ns3:Speed></ns3:TPX></Extensions></Trackpoint><Trackpoint><Time>2025-07-04T22:47:11Z</Time><HeartRateBpm><Value>96</Value></HeartRateBpm><Extensions><ns3:TPX><ns3:Speed>0.0</ns3:Speed></ns3:TPX></Extensions></Trackpoint><Trackpoint><Time>2025-07-04T22:47:12Z</Time><HeartRateBpm><Value>97</Value></HeartRateBpm><Extensions><ns3:TPX><ns3:Speed>0.0</ns3:Speed></ns3:TPX></Extensions></Trackpoint><Trackpoint><Time>2025-07-04T22:47:13Z</Time><HeartRateBpm><Value>98</Value></HeartRateBpm><Extensions><ns3:TPX><ns3:Speed>0.0</ns3:Speed></ns3:TPX></Extensions></Trackpoint><Trackpoint><Time>2025-07-04T22:47:16Z</Time><HeartRateBpm><Value>99</Value></HeartRateBpm><Extensions><ns3:TPX><ns3:Speed>0.0</ns3:Speed></ns3:TPX></Extensions></Trackpoint><Trackpoint><Time>2025-07-04T22:47:17Z</Time><HeartRateBpm><Value>100</Value></HeartRateBpm><Extensions><ns3:TPX><ns3:Speed>0.0</ns3:Speed></ns3:TPX></Extensions></Trackpoint><Trackpoint><Time>2025-07-04T22:47:18Z</Time><HeartRateBpm><Value>101</Value></HeartRateBpm><Extensions><ns3:TPX><ns3:Speed>0.0</ns3:Speed></ns3:TPX></Extensions></Trackpoint><Trackpoint><Time>2025-07-04T22:47:21Z</Time><HeartRateBpm><Value>100</Value></HeartRateBpm><Extensions><ns3:TPX><ns3:Speed>0.0</ns3:Speed></ns3:TPX></Extensions></Trackpoint><Trackpoint><Time>2025-07-04T22:47:22Z</Time><HeartRateBpm><Value>99</Value></HeartRateBpm><Extensions><ns3:TPX><ns3:Speed>0.0</ns3:Speed></ns3:TPX></Extensions></Trackpoint><Trackpoint><Time>2025-07-04T22:47:23Z</Time><HeartRateBpm><Value>98</Value></HeartRateBpm><Extensions><ns3:TPX><ns3:Speed>0.0</ns3:Speed></ns3:TPX></Extensions></Trackpoint><Trackpoint><Time>2025-07-04T22:47:27Z</Time><HeartRateBpm><Value>97</Value></HeartRateBpm><Extensions><ns3:TPX><ns3:Speed>0.0</ns3:Speed></ns3:TPX></Extensions></Trackpoint><Trackpoint><Time>2025-07-04T22:47:28Z</Time><HeartRateBpm><Value>96</Value></HeartRateBpm><Extensions><ns3:TPX><ns3:Speed>0.0</ns3:Speed></ns3:TPX></Extensions></Trackpoint><Trackpoint><Time>2025-07-04T22:47:29Z</Time><HeartRateBpm><Value>95</Value></HeartRateBpm><Extensions><ns3:TPX><ns3:Speed>0.0</ns3:Speed></ns3:TPX></Extensions></Trackpoint><Trackpoint><Time>2025-07-04T22:47:34Z</Time><HeartRateBpm><Value>96</Value></HeartRateBpm><Extensions><ns3:TPX><ns3:Speed>0.0</ns3:Speed></ns3:TPX></Extensions></Trackpoint><Trackpoint><Time>2025-07-04T22:47:40Z</Time><HeartRateBpm><Value>95</Value></HeartRateBpm><Extensions><ns3:TPX><ns3:Speed>0.0</ns3:Speed></ns3:TPX></Extensions></Trackpoint><Trackpoint><Time>2025-07-04T22:47:42Z</Time><HeartRateBpm><Value>96</Value></HeartRateBpm><Extensions><ns3:TPX><ns3:Speed>0.0</ns3:Speed></ns3:TPX></Extensions></Trackpoint><Trackpoint><Time>2025-07-04T22:47:43Z</Time><HeartRateBpm><Value>97</Value></HeartRateBpm><Extensions><ns3:TPX><ns3:Speed>0.0</ns3:Speed></ns3:TPX></Extensions></Trackpoint><Trackpoint><Time>2025-07-04T22:47:47Z</Time><HeartRateBpm><Value>96</Value></HeartRateBpm><Extensions><ns3:TPX><ns3:Speed>0.0</ns3:Speed></ns3:TPX></Extensions></Trackpoint><Trackpoint><Time>2025-07-04T22:47:49Z</Time><HeartRateBpm><Value>95</Value></HeartRateBpm><Extensions><ns3:TPX><ns3:Speed>0.0</ns3:Speed></ns3:TPX></Extensions></Trackpoint><Trackpoint><Time>2025-07-04T22:47:51Z</Time><HeartRateBpm><Value>94</Value></HeartRateBpm><Extensions><ns3:TPX><ns3:Speed>0.0</ns3:Speed></ns3:TPX></Extensions></Trackpoint><Trackpoint><Time>2025-07-04T22:47:52Z</Time><HeartRateBpm><Value>93</Value></HeartRateBpm><Extensions><ns3:TPX><ns3:Speed>0.0</ns3:Speed></ns3:TPX></Extensions></Trackpoint><Trackpoint><Time>2025-07-04T22:47:53Z</Time><HeartRateBpm><Value>92</Value></HeartRateBpm><Extensions><ns3:TPX><ns3:Speed>0.0</ns3:Speed></ns3:TPX></Extensions></Trackpoint><Trackpoint><Time>2025-07-04T22:47:55Z</Time><HeartRateBpm><Value>91</Value></HeartRateBpm><Extensions><ns3:TPX><ns3:Speed>0.0</ns3:Speed></ns3:TPX></Extensions></Trackpoint><Trackpoint><Time>2025-07-04T22:48:00Z</Time><HeartRateBpm><Value>91</Value></HeartRateBpm><Extensions><ns3:TPX><ns3:Speed>0.0</ns3:Speed></ns3:TPX></Extensions></Trackpoint><Trackpoint><Time>2025-07-04T22:48:05Z</Time><HeartRateBpm><Value>90</Value></HeartRateBpm><Extensions><ns3:TPX><ns3:Speed>0.0</ns3:Speed></ns3:TPX></Extensions></Trackpoint><Trackpoint><Time>2025-07-04T22:48:10Z</Time><HeartRateBpm><Value>90</Value></HeartRateBpm><Extensions><ns3:TPX><ns3:Speed>0.0</ns3:Speed></ns3:TPX></Extensions></Trackpoint><Trackpoint><Time>2025-07-04T22:48:11Z</Time><HeartRateBpm><Value>91</Value></HeartRateBpm><Extensions><ns3:TPX><ns3:Speed>0.0</ns3:Speed></ns3:TPX></Extensions></Trackpoint><Trackpoint><Time>2025-07-04T22:48:13Z</Time><HeartRateBpm><Value>92</Value></HeartRateBpm><Extensions><ns3:TPX><ns3:Speed>0.0</ns3:Speed></ns3:TPX></Extensions></Trackpoint><Trackpoint><Time>2025-07-04T22:48:16Z</Time><HeartRateBpm><Value>93</Value></HeartRateBpm><Extensions><ns3:TPX><ns3:Speed>0.0</ns3:Speed></ns3:TPX></Extensions></Trackpoint><Trackpoint><Time>2025-07-04T22:48:19Z</Time><HeartRateBpm><Value>94</Value></HeartRateBpm><Extensions><ns3:TPX><ns3:Speed>0.0</ns3:Speed></ns3:TPX></Extensions></Trackpoint><Trackpoint><Time>2025-07-04T22:48:24Z</Time><HeartRateBpm><Value>94</Value></HeartRateBpm><Extensions><ns3:TPX><ns3:Speed>0.0</ns3:Speed></ns3:TPX></Extensions></Trackpoint><Trackpoint><Time>2025-07-04T22:48:29Z</Time><HeartRateBpm><Value>93</Value></HeartRateBpm><Extensions><ns3:TPX><ns3:Speed>0.0</ns3:Speed></ns3:TPX></Extensions></Trackpoint><Trackpoint><Time>2025-07-04T22:48:34Z</Time><HeartRateBpm><Value>92</Value></HeartRateBpm><Extensions><ns3:TPX><ns3:Speed>0.0</ns3:Speed></ns3:TPX></Extensions></Trackpoint><Trackpoint><Time>2025-07-04T22:48:35Z</Time><HeartRateBpm><Value>91</Value></HeartRateBpm><Extensions><ns3:TPX><ns3:Speed>0.0</ns3:Speed></ns3:TPX></Extensions></Trackpoint><Trackpoint><Time>2025-07-04T22:48:36Z</Time><HeartRateBpm><Value>89</Value></HeartRateBpm><Extensions><ns3:TPX><ns3:Speed>0.0</ns3:Speed></ns3:TPX></Extensions></Trackpoint><Trackpoint><Time>2025-07-04T22:48:38Z</Time><HeartRateBpm><Value>90</Value></HeartRateBpm><Extensions><ns3:TPX><ns3:Speed>0.0</ns3:Speed></ns3:TPX></Extensions></Trackpoint><Trackpoint><Time>2025-07-04T22:48:40Z</Time><HeartRateBpm><Value>91</Value></HeartRateBpm><Extensions><ns3:TPX><ns3:Speed>0.0</ns3:Speed></ns3:TPX></Extensions></Trackpoint><Trackpoint><Time>2025-07-04T22:48:41Z</Time><HeartRateBpm><Value>93</Value></HeartRateBpm><Extensions><ns3:TPX><ns3:Speed>0.0</ns3:Speed></ns3:TPX></Extensions></Trackpoint><Trackpoint><Time>2025-07-04T22:48:42Z</Time><HeartRateBpm><Value>94</Value></HeartRateBpm><Extensions><ns3:TPX><ns3:Speed>0.0</ns3:Speed></ns3:TPX></Extensions></Trackpoint><Trackpoint><Time>2025-07-04T22:48:43Z</Time><HeartRateBpm><Value>95</Value></HeartRateBpm><Extensions><ns3:TPX><ns3:Speed>0.0</ns3:Speed></ns3:TPX></Extensions></Trackpoint><Trackpoint><Time>2025-07-04T22:48:48Z</Time><HeartRateBpm><Value>96</Value></HeartRateBpm><Extensions><ns3:TPX><ns3:Speed>0.0</ns3:Speed></ns3:TPX></Extensions></Trackpoint><Trackpoint><Time>2025-07-04T22:48:53Z</Time><HeartRateBpm><Value>96</Value></HeartRateBpm><Extensions><ns3:TPX><ns3:Speed>0.0</ns3:Speed></ns3:TPX></Extensions></Trackpoint><Trackpoint><Time>2025-07-04T22:48:54Z</Time><HeartRateBpm><Value>94</Value></HeartRateBpm><Extensions><ns3:TPX><ns3:Speed>0.0</ns3:Speed></ns3:TPX></Extensions></Trackpoint><Trackpoint><Time>2025-07-04T22:48:59Z</Time><HeartRateBpm><Value>94</Value></HeartRateBpm><Extensions><ns3:TPX><ns3:Speed>0.0</ns3:Speed></ns3:TPX></Extensions></Trackpoint><Trackpoint><Time>2025-07-04T22:49:00Z</Time><HeartRateBpm><Value>95</Value></HeartRateBpm><Extensions><ns3:TPX><ns3:Speed>0.0</ns3:Speed></ns3:TPX></Extensions></Trackpoint><Trackpoint><Time>2025-07-04T22:49:01Z</Time><HeartRateBpm><Value>94</Value></HeartRateBpm><Extensions><ns3:TPX><ns3:Speed>0.0</ns3:Speed></ns3:TPX></Extensions></Trackpoint><Trackpoint><Time>2025-07-04T22:49:05Z</Time><HeartRateBpm><Value>93</Value></HeartRateBpm><Extensions><ns3:TPX><ns3:Speed>0.0</ns3:Speed></ns3:TPX></Extensions></Trackpoint><Trackpoint><Time>2025-07-04T22:49:06Z</Time><HeartRateBpm><Value>91</Value></HeartRateBpm><Extensions><ns3:TPX><ns3:Speed>0.0</ns3:Speed></ns3:TPX></Extensions></Trackpoint><Trackpoint><Time>2025-07-04T22:49:08Z</Time><HeartRateBpm><Value>92</Value></HeartRateBpm><Extensions><ns3:TPX><ns3:Speed>0.0</ns3:Speed></ns3:TPX></Extensions></Trackpoint><Trackpoint><Time>2025-07-04T22:49:12Z</Time><HeartRateBpm><Value>91</Value></HeartRateBpm><Extensions><ns3:TPX><ns3:Speed>0.0</ns3:Speed></ns3:TPX></Extensions></Trackpoint><Trackpoint><Time>2025-07-04T22:49:15Z</Time><HeartRateBpm><Value>92</Value></HeartRateBpm><Extensions><ns3:TPX><ns3:Speed>0.0</ns3:Speed></ns3:TPX></Extensions></Trackpoint><Trackpoint><Time>2025-07-04T22:49:17Z</Time><HeartRateBpm><Value>94</Value></HeartRateBpm><Extensions><ns3:TPX><ns3:Speed>0.0</ns3:Speed></ns3:TPX></Extensions></Trackpoint><Trackpoint><Time>2025-07-04T22:49:18Z</Time><HeartRateBpm><Value>95</Value></HeartRateBpm><Extensions><ns3:TPX><ns3:Speed>0.0</ns3:Speed></ns3:TPX></Extensions></Trackpoint><Trackpoint><Time>2025-07-04T22:49:19Z</Time><HeartRateBpm><Value>96</Value></HeartRateBpm><Extensions><ns3:TPX><ns3:Speed>0.0</ns3:Speed></ns3:TPX></Extensions></Trackpoint><Trackpoint><Time>2025-07-04T22:49:24Z</Time><HeartRateBpm><Value>98</Value></HeartRateBpm><Extensions><ns3:TPX><ns3:Speed>0.0</ns3:Speed></ns3:TPX></Extensions></Trackpoint><Trackpoint><Time>2025-07-04T22:49:26Z</Time><HeartRateBpm><Value>97</Value></HeartRateBpm><Extensions><ns3:TPX><ns3:Speed>0.0</ns3:Speed></ns3:TPX></Extensions></Trackpoint><Trackpoint><Time>2025-07-04T22:49:27Z</Time><HeartRateBpm><Value>96</Value></HeartRateBpm><Extensions><ns3:TPX><ns3:Speed>0.0</ns3:Speed></ns3:TPX></Extensions></Trackpoint><Trackpoint><Time>2025-07-04T22:49:31Z</Time><HeartRateBpm><Value>97</Value></HeartRateBpm><Extensions><ns3:TPX><ns3:Speed>0.0</ns3:Speed></ns3:TPX></Extensions></Trackpoint><Trackpoint><Time>2025-07-04T22:49:36Z</Time><HeartRateBpm><Value>97</Value></HeartRateBpm><Extensions><ns3:TPX><ns3:Speed>0.0</ns3:Speed></ns3:TPX></Extensions></Trackpoint><Trackpoint><Time>2025-07-04T22:49:41Z</Time><HeartRateBpm><Value>97</Value></HeartRateBpm><Extensions><ns3:TPX><ns3:Speed>0.0</ns3:Speed></ns3:TPX></Extensions></Trackpoint><Trackpoint><Time>2025-07-04T22:49:42Z</Time><HeartRateBpm><Value>98</Value></HeartRateBpm><Extensions><ns3:TPX><ns3:Speed>0.0</ns3:Speed></ns3:TPX></Extensions></Trackpoint><Trackpoint><Time>2025-07-04T22:49:45Z</Time><HeartRateBpm><Value>99</Value></HeartRateBpm><Extensions><ns3:TPX><ns3:Speed>0.0</ns3:Speed></ns3:TPX></Extensions></Trackpoint><Trackpoint><Time>2025-07-04T22:49:48Z</Time><HeartRateBpm><Value>98</Value></HeartRateBpm><Extensions><ns3:TPX><ns3:Speed>0.0</ns3:Speed></ns3:TPX></Extensions></Trackpoint><Trackpoint><Time>2025-07-04T22:49:50Z</Time><HeartRateBpm><Value>99</Value></HeartRateBpm><Extensions><ns3:TPX><ns3:Speed>0.0</ns3:Speed></ns3:TPX></Extensions></Trackpoint><Trackpoint><Time>2025-07-04T22:49:53Z</Time><HeartRateBpm><Value>100</Value></HeartRateBpm><Extensions><ns3:TPX><ns3:Speed>0.0</ns3:Speed></ns3:TPX></Extensions></Trackpoint><Trackpoint><Time>2025-07-04T22:49:55Z</Time><HeartRateBpm><Value>101</Value></HeartRateBpm><Extensions><ns3:TPX><ns3:Speed>0.0</ns3:Speed></ns3:TPX></Extensions></Trackpoint><Trackpoint><Time>2025-07-04T22:49:57Z</Time><HeartRateBpm><Value>102</Value></HeartRateBpm><Extensions><ns3:TPX><ns3:Speed>0.0</ns3:Speed></ns3:TPX></Extensions></Trackpoint><Trackpoint><Time>2025-07-04T22:50:01Z</Time><HeartRateBpm><Value>103</Value></HeartRateBpm><Extensions><ns3:TPX><ns3:Speed>0.0</ns3:Speed></ns3:TPX></Extensions></Trackpoint><Trackpoint><Time>2025-07-04T22:50:02Z</Time><HeartRateBpm><Value>104</Value></HeartRateBpm><Extensions><ns3:TPX><ns3:Speed>0.0</ns3:Speed></ns3:TPX></Extensions></Trackpoint><Trackpoint><Time>2025-07-04T22:50:06Z</Time><HeartRateBpm><Value>105</Value></HeartRateBpm><Extensions><ns3:TPX><ns3:Speed>0.0</ns3:Speed></ns3:TPX></Extensions></Trackpoint><Trackpoint><Time>2025-07-04T22:50:07Z</Time><HeartRateBpm><Value>106</Value></HeartRateBpm><Extensions><ns3:TPX><ns3:Speed>0.0</ns3:Speed></ns3:TPX></Extensions></Trackpoint><Trackpoint><Time>2025-07-04T22:50:12Z</Time><HeartRateBpm><Value>106</Value></HeartRateBpm><Extensions><ns3:TPX><ns3:Speed>0.0</ns3:Speed></ns3:TPX></Extensions></Trackpoint><Trackpoint><Time>2025-07-04T22:50:13Z</Time><HeartRateBpm><Value>109</Value></HeartRateBpm><Extensions><ns3:TPX><ns3:Speed>0.0</ns3:Speed></ns3:TPX></Extensions></Trackpoint><Trackpoint><Time>2025-07-04T22:50:17Z</Time><HeartRateBpm><Value>108</Value></HeartRateBpm><Extensions><ns3:TPX><ns3:Speed>0.0</ns3:Speed></ns3:TPX></Extensions></Trackpoint><Trackpoint><Time>2025-07-04T22:50:19Z</Time><HeartRateBpm><Value>106</Value></HeartRateBpm><Extensions><ns3:TPX><ns3:Speed>0.0</ns3:Speed></ns3:TPX></Extensions></Trackpoint><Trackpoint><Time>2025-07-04T22:50:20Z</Time><HeartRateBpm><Value>105</Value></HeartRateBpm><Extensions><ns3:TPX><ns3:Speed>0.0</ns3:Speed></ns3:TPX></Extensions></Trackpoint><Trackpoint><Time>2025-07-04T22:50:23Z</Time><HeartRateBpm><Value>104</Value></HeartRateBpm><Extensions><ns3:TPX><ns3:Speed>0.0</ns3:Speed></ns3:TPX></Extensions></Trackpoint><Trackpoint><Time>2025-07-04T22:50:24Z</Time><HeartRateBpm><Value>103</Value></HeartRateBpm><Extensions><ns3:TPX><ns3:Speed>0.0</ns3:Speed></ns3:TPX></Extensions></Trackpoint><Trackpoint><Time>2025-07-04T22:50:30Z</Time><HeartRateBpm><Value>102</Value></HeartRateBpm><Extensions><ns3:TPX><ns3:Speed>0.0</ns3:Speed></ns3:TPX></Extensions></Trackpoint><Trackpoint><Time>2025-07-04T22:50:31Z</Time><HeartRateBpm><Value>101</Value></HeartRateBpm><Extensions><ns3:TPX><ns3:Speed>0.0</ns3:Speed></ns3:TPX></Extensions></Trackpoint><Trackpoint><Time>2025-07-04T22:50:35Z</Time><HeartRateBpm><Value>101</Value></HeartRateBpm><Extensions><ns3:TPX><ns3:Speed>0.0</ns3:Speed></ns3:TPX></Extensions></Trackpoint><Trackpoint><Time>2025-07-04T22:50:36Z</Time><HeartRateBpm><Value>100</Value></HeartRateBpm><Extensions><ns3:TPX><ns3:Speed>0.0</ns3:Speed></ns3:TPX></Extensions></Trackpoint><Trackpoint><Time>2025-07-04T22:50:37Z</Time><HeartRateBpm><Value>99</Value></HeartRateBpm><Extensions><ns3:TPX><ns3:Speed>0.0</ns3:Speed></ns3:TPX></Extensions></Trackpoint><Trackpoint><Time>2025-07-04T22:50:38Z</Time><HeartRateBpm><Value>98</Value></HeartRateBpm><Extensions><ns3:TPX><ns3:Speed>0.0</ns3:Speed></ns3:TPX></Extensions></Trackpoint><Trackpoint><Time>2025-07-04T22:50:42Z</Time><HeartRateBpm><Value>99</Value></HeartRateBpm><Extensions><ns3:TPX><ns3:Speed>0.0</ns3:Speed></ns3:TPX></Extensions></Trackpoint><Trackpoint><Time>2025-07-04T22:50:46Z</Time><HeartRateBpm><Value>97</Value></HeartRateBpm><Extensions><ns3:TPX><ns3:Speed>0.0</ns3:Speed></ns3:TPX></Extensions></Trackpoint><Trackpoint><Time>2025-07-04T22:50:47Z</Time><HeartRateBpm><Value>96</Value></HeartRateBpm><Extensions><ns3:TPX><ns3:Speed>0.0</ns3:Speed></ns3:TPX></Extensions></Trackpoint><Trackpoint><Time>2025-07-04T22:50:48Z</Time><HeartRateBpm><Value>95</Value></HeartRateBpm><Extensions><ns3:TPX><ns3:Speed>0.0</ns3:Speed></ns3:TPX></Extensions></Trackpoint><Trackpoint><Time>2025-07-04T22:50:49Z</Time><HeartRateBpm><Value>93</Value></HeartRateBpm><Extensions><ns3:TPX><ns3:Speed>0.0</ns3:Speed></ns3:TPX></Extensions></Trackpoint><Trackpoint><Time>2025-07-04T22:50:54Z</Time><HeartRateBpm><Value>93</Value></HeartRateBpm><Extensions><ns3:TPX><ns3:Speed>0.0</ns3:Speed></ns3:TPX></Extensions></Trackpoint><Trackpoint><Time>2025-07-04T22:50:59Z</Time><HeartRateBpm><Value>94</Value></HeartRateBpm><Extensions><ns3:TPX><ns3:Speed>0.0</ns3:Speed></ns3:TPX></Extensions></Trackpoint><Trackpoint><Time>2025-07-04T22:51:00Z</Time><HeartRateBpm><Value>95</Value></HeartRateBpm><Extensions><ns3:TPX><ns3:Speed>0.0</ns3:Speed></ns3:TPX></Extensions></Trackpoint><Trackpoint><Time>2025-07-04T22:51:01Z</Time><HeartRateBpm><Value>96</Value></HeartRateBpm><Extensions><ns3:TPX><ns3:Speed>0.0</ns3:Speed></ns3:TPX></Extensions></Trackpoint><Trackpoint><Time>2025-07-04T22:51:02Z</Time><HeartRateBpm><Value>97</Value></HeartRateBpm><Extensions><ns3:TPX><ns3:Speed>0.0</ns3:Speed></ns3:TPX></Extensions></Trackpoint><Trackpoint><Time>2025-07-04T22:51:03Z</Time><HeartRateBpm><Value>98</Value></HeartRateBpm><Extensions><ns3:TPX><ns3:Speed>0.0</ns3:Speed></ns3:TPX></Extensions></Trackpoint><Trackpoint><Time>2025-07-04T22:51:06Z</Time><HeartRateBpm><Value>100</Value></HeartRateBpm><Extensions><ns3:TPX><ns3:Speed>0.0</ns3:Speed></ns3:TPX></Extensions></Trackpoint><Trackpoint><Time>2025-07-04T22:51:07Z</Time><HeartRateBpm><Value>101</Value></HeartRateBpm><Extensions><ns3:TPX><ns3:Speed>0.0</ns3:Speed></ns3:TPX></Extensions></Trackpoint><Trackpoint><Time>2025-07-04T22:51:12Z</Time><HeartRateBpm><Value>101</Value></HeartRateBpm><Extensions><ns3:TPX><ns3:Speed>0.0</ns3:Speed></ns3:TPX></Extensions></Trackpoint><Trackpoint><Time>2025-07-04T22:51:15Z</Time><HeartRateBpm><Value>100</Value></HeartRateBpm><Extensions><ns3:TPX><ns3:Speed>0.0</ns3:Speed></ns3:TPX></Extensions></Trackpoint><Trackpoint><Time>2025-07-04T22:51:19Z</Time><HeartRateBpm><Value>99</Value></HeartRateBpm><Extensions><ns3:TPX><ns3:Speed>0.0</ns3:Speed></ns3:TPX></Extensions></Trackpoint><Trackpoint><Time>2025-07-04T22:51:23Z</Time><HeartRateBpm><Value>100</Value></HeartRateBpm><Extensions><ns3:TPX><ns3:Speed>0.0</ns3:Speed></ns3:TPX></Extensions></Trackpoint><Trackpoint><Time>2025-07-04T22:51:27Z</Time><HeartRateBpm><Value>101</Value></HeartRateBpm><Extensions><ns3:TPX><ns3:Speed>0.0</ns3:Speed></ns3:TPX></Extensions></Trackpoint><Trackpoint><Time>2025-07-04T22:51:29Z</Time><HeartRateBpm><Value>102</Value></HeartRateBpm><Extensions><ns3:TPX><ns3:Speed>0.0</ns3:Speed></ns3:TPX></Extensions></Trackpoint><Trackpoint><Time>2025-07-04T22:51:30Z</Time><HeartRateBpm><Value>103</Value></HeartRateBpm><Extensions><ns3:TPX><ns3:Speed>0.0</ns3:Speed></ns3:TPX></Extensions></Trackpoint><Trackpoint><Time>2025-07-04T22:51:32Z</Time><HeartRateBpm><Value>104</Value></HeartRateBpm><Extensions><ns3:TPX><ns3:Speed>0.0</ns3:Speed></ns3:TPX></Extensions></Trackpoint><Trackpoint><Time>2025-07-04T22:51:35Z</Time><HeartRateBpm><Value>103</Value></HeartRateBpm><Extensions><ns3:TPX><ns3:Speed>0.0</ns3:Speed></ns3:TPX></Extensions></Trackpoint><Trackpoint><Time>2025-07-04T22:51:37Z</Time><HeartRateBpm><Value>102</Value></HeartRateBpm><Extensions><ns3:TPX><ns3:Speed>0.0</ns3:Speed></ns3:TPX></Extensions></Trackpoint><Trackpoint><Time>2025-07-04T22:51:38Z</Time><HeartRateBpm><Value>101</Value></HeartRateBpm><Extensions><ns3:TPX><ns3:Speed>0.0</ns3:Speed></ns3:TPX></Extensions></Trackpoint><Trackpoint><Time>2025-07-04T22:51:43Z</Time><HeartRateBpm><Value>102</Value></HeartRateBpm><Extensions><ns3:TPX><ns3:Speed>0.0</ns3:Speed></ns3:TPX></Extensions></Trackpoint><Trackpoint><Time>2025-07-04T22:51:48Z</Time><HeartRateBpm><Value>102</Value></HeartRateBpm><Extensions><ns3:TPX><ns3:Speed>0.0</ns3:Speed></ns3:TPX></Extensions></Trackpoint><Trackpoint><Time>2025-07-04T22:51:51Z</Time><HeartRateBpm><Value>103</Value></HeartRateBpm><Extensions><ns3:TPX><ns3:Speed>0.0</ns3:Speed></ns3:TPX></Extensions></Trackpoint><Trackpoint><Time>2025-07-04T22:51:56Z</Time><HeartRateBpm><Value>105</Value></HeartRateBpm><Extensions><ns3:TPX><ns3:Speed>0.0</ns3:Speed></ns3:TPX></Extensions></Trackpoint><Trackpoint><Time>2025-07-04T22:52:01Z</Time><HeartRateBpm><Value>105</Value></HeartRateBpm><Extensions><ns3:TPX><ns3:Speed>0.0</ns3:Speed></ns3:TPX></Extensions></Trackpoint><Trackpoint><Time>2025-07-04T22:52:02Z</Time><HeartRateBpm><Value>104</Value></HeartRateBpm><Extensions><ns3:TPX><ns3:Speed>0.0</ns3:Speed></ns3:TPX></Extensions></Trackpoint><Trackpoint><Time>2025-07-04T22:52:04Z</Time><HeartRateBpm><Value>105</Value></HeartRateBpm><Extensions><ns3:TPX><ns3:Speed>0.0</ns3:Speed></ns3:TPX></Extensions></Trackpoint><Trackpoint><Time>2025-07-04T22:52:07Z</Time><HeartRateBpm><Value>104</Value></HeartRateBpm><Extensions><ns3:TPX><ns3:Speed>0.0</ns3:Speed></ns3:TPX></Extensions></Trackpoint><Trackpoint><Time>2025-07-04T22:52:08Z</Time><HeartRateBpm><Value>105</Value></HeartRateBpm><Extensions><ns3:TPX><ns3:Speed>0.0</ns3:Speed></ns3:TPX></Extensions></Trackpoint><Trackpoint><Time>2025-07-04T22:52:09Z</Time><HeartRateBpm><Value>107</Value></HeartRateBpm><Extensions><ns3:TPX><ns3:Speed>0.0</ns3:Speed></ns3:TPX></Extensions></Trackpoint><Trackpoint><Time>2025-07-04T22:52:10Z</Time><HeartRateBpm><Value>108</Value></HeartRateBpm><Extensions><ns3:TPX><ns3:Speed>0.0</ns3:Speed></ns3:TPX></Extensions></Trackpoint><Trackpoint><Time>2025-07-04T22:52:12Z</Time><HeartRateBpm><Value>109</Value></HeartRateBpm><Extensions><ns3:TPX><ns3:Speed>0.0</ns3:Speed></ns3:TPX></Extensions></Trackpoint><Trackpoint><Time>2025-07-04T22:52:14Z</Time><HeartRateBpm><Value>108</Value></HeartRateBpm><Extensions><ns3:TPX><ns3:Speed>0.0</ns3:Speed></ns3:TPX></Extensions></Trackpoint><Trackpoint><Time>2025-07-04T22:52:16Z</Time><HeartRateBpm><Value>109</Value></HeartRateBpm><Extensions><ns3:TPX><ns3:Speed>0.0</ns3:Speed></ns3:TPX></Extensions></Trackpoint><Trackpoint><Time>2025-07-04T22:52:20Z</Time><HeartRateBpm><Value>110</Value></HeartRateBpm><Extensions><ns3:TPX><ns3:Speed>0.0</ns3:Speed></ns3:TPX></Extensions></Trackpoint><Trackpoint><Time>2025-07-04T22:52:22Z</Time><HeartRateBpm><Value>109</Value></HeartRateBpm><Extensions><ns3:TPX><ns3:Speed>0.0</ns3:Speed></ns3:TPX></Extensions></Trackpoint><Trackpoint><Time>2025-07-04T22:52:27Z</Time><HeartRateBpm><Value>109</Value></HeartRateBpm><Extensions><ns3:TPX><ns3:Speed>0.0</ns3:Speed></ns3:TPX></Extensions></Trackpoint><Trackpoint><Time>2025-07-04T22:52:31Z</Time><HeartRateBpm><Value>110</Value></HeartRateBpm><Extensions><ns3:TPX><ns3:Speed>0.0</ns3:Speed></ns3:TPX></Extensions></Trackpoint><Trackpoint><Time>2025-07-04T22:52:32Z</Time><HeartRateBpm><Value>109</Value></HeartRateBpm><Extensions><ns3:TPX><ns3:Speed>0.0</ns3:Speed></ns3:TPX></Extensions></Trackpoint><Trackpoint><Time>2025-07-04T22:52:33Z</Time><HeartRateBpm><Value>110</Value></HeartRateBpm><Extensions><ns3:TPX><ns3:Speed>0.0</ns3:Speed></ns3:TPX></Extensions></Trackpoint><Trackpoint><Time>2025-07-04T22:52:34Z</Time><HeartRateBpm><Value>111</Value></HeartRateBpm><Extensions><ns3:TPX><ns3:Speed>0.0</ns3:Speed></ns3:TPX></Extensions></Trackpoint><Trackpoint><Time>2025-07-04T22:52:37Z</Time><HeartRateBpm><Value>110</Value></HeartRateBpm><Extensions><ns3:TPX><ns3:Speed>0.0</ns3:Speed></ns3:TPX></Extensions></Trackpoint><Trackpoint><Time>2025-07-04T22:52:39Z</Time><HeartRateBpm><Value>111</Value></HeartRateBpm><Extensions><ns3:TPX><ns3:Speed>0.0</ns3:Speed></ns3:TPX></Extensions></Trackpoint><Trackpoint><Time>2025-07-04T22:52:41Z</Time><HeartRateBpm><Value>112</Value></HeartRateBpm><Extensions><ns3:TPX><ns3:Speed>0.0</ns3:Speed></ns3:TPX></Extensions></Trackpoint><Trackpoint><Time>2025-07-04T22:52:43Z</Time><HeartRateBpm><Value>110</Value></HeartRateBpm><Extensions><ns3:TPX><ns3:Speed>0.0</ns3:Speed></ns3:TPX></Extensions></Trackpoint><Trackpoint><Time>2025-07-04T22:52:44Z</Time><HeartRateBpm><Value>109</Value></HeartRateBpm><Extensions><ns3:TPX><ns3:Speed>0.0</ns3:Speed></ns3:TPX></Extensions></Trackpoint><Trackpoint><Time>2025-07-04T22:52:46Z</Time><HeartRateBpm><Value>108</Value></HeartRateBpm><Extensions><ns3:TPX><ns3:Speed>0.0</ns3:Speed></ns3:TPX></Extensions></Trackpoint><Trackpoint><Time>2025-07-04T22:52:50Z</Time><HeartRateBpm><Value>106</Value></HeartRateBpm><Extensions><ns3:TPX><ns3:Speed>0.0</ns3:Speed></ns3:TPX></Extensions></Trackpoint><Trackpoint><Time>2025-07-04T22:52:51Z</Time><HeartRateBpm><Value>105</Value></HeartRateBpm><Extensions><ns3:TPX><ns3:Speed>0.0</ns3:Speed></ns3:TPX></Extensions></Trackpoint><Trackpoint><Time>2025-07-04T22:52:52Z</Time><HeartRateBpm><Value>104</Value></HeartRateBpm><Extensions><ns3:TPX><ns3:Speed>0.0</ns3:Speed></ns3:TPX></Extensions></Trackpoint><Trackpoint><Time>2025-07-04T22:52:56Z</Time><HeartRateBpm><Value>105</Value></HeartRateBpm><Extensions><ns3:TPX><ns3:Speed>0.0</ns3:Speed></ns3:TPX></Extensions></Trackpoint><Trackpoint><Time>2025-07-04T22:52:57Z</Time><HeartRateBpm><Value>104</Value></HeartRateBpm><Extensions><ns3:TPX><ns3:Speed>0.0</ns3:Speed></ns3:TPX></Extensions></Trackpoint><Trackpoint><Time>2025-07-04T22:52:58Z</Time><HeartRateBpm><Value>103</Value></HeartRateBpm><Extensions><ns3:TPX><ns3:Speed>0.0</ns3:Speed></ns3:TPX></Extensions></Trackpoint><Trackpoint><Time>2025-07-04T22:53:01Z</Time><HeartRateBpm><Value>102</Value></HeartRateBpm><Extensions><ns3:TPX><ns3:Speed>0.0</ns3:Speed></ns3:TPX></Extensions></Trackpoint><Trackpoint><Time>2025-07-04T22:53:05Z</Time><HeartRateBpm><Value>101</Value></HeartRateBpm><Extensions><ns3:TPX><ns3:Speed>0.0</ns3:Speed></ns3:TPX></Extensions></Trackpoint><Trackpoint><Time>2025-07-04T22:53:10Z</Time><HeartRateBpm><Value>101</Value></HeartRateBpm><Extensions><ns3:TPX><ns3:Speed>0.0</ns3:Speed></ns3:TPX></Extensions></Trackpoint><Trackpoint><Time>2025-07-04T22:53:11Z</Time><HeartRateBpm><Value>102</Value></HeartRateBpm><Extensions><ns3:TPX><ns3:Speed>0.0</ns3:Speed></ns3:TPX></Extensions></Trackpoint><Trackpoint><Time>2025-07-04T22:53:14Z</Time><HeartRateBpm><Value>103</Value></HeartRateBpm><Extensions><ns3:TPX><ns3:Speed>0.0</ns3:Speed></ns3:TPX></Extensions></Trackpoint><Trackpoint><Time>2025-07-04T22:53:19Z</Time><HeartRateBpm><Value>103</Value></HeartRateBpm><Extensions><ns3:TPX><ns3:Speed>0.0</ns3:Speed></ns3:TPX></Extensions></Trackpoint><Trackpoint><Time>2025-07-04T22:53:25Z</Time><HeartRateBpm><Value>103</Value></HeartRateBpm><Extensions><ns3:TPX><ns3:Speed>0.0</ns3:Speed></ns3:TPX></Extensions></Trackpoint><Trackpoint><Time>2025-07-04T22:53:28Z</Time><HeartRateBpm><Value>102</Value></HeartRateBpm><Extensions><ns3:TPX><ns3:Speed>0.0</ns3:Speed></ns3:TPX></Extensions></Trackpoint><Trackpoint><Time>2025-07-04T22:53:29Z</Time><HeartRateBpm><Value>101</Value></HeartRateBpm><Extensions><ns3:TPX><ns3:Speed>0.0</ns3:Speed></ns3:TPX></Extensions></Trackpoint><Trackpoint><Time>2025-07-04T22:53:33Z</Time><HeartRateBpm><Value>102</Value></HeartRateBpm><Extensions><ns3:TPX><ns3:Speed>0.0</ns3:Speed></ns3:TPX></Extensions></Trackpoint><Trackpoint><Time>2025-07-04T22:53:38Z</Time><HeartRateBpm><Value>102</Value></HeartRateBpm><Extensions><ns3:TPX><ns3:Speed>0.0</ns3:Speed></ns3:TPX></Extensions></Trackpoint><Trackpoint><Time>2025-07-04T22:53:44Z</Time><HeartRateBpm><Value>102</Value></HeartRateBpm><Extensions><ns3:TPX><ns3:Speed>0.0</ns3:Speed></ns3:TPX></Extensions></Trackpoint><Trackpoint><Time>2025-07-04T22:53:46Z</Time><HeartRateBpm><Value>101</Value></HeartRateBpm><Extensions><ns3:TPX><ns3:Speed>0.0</ns3:Speed></ns3:TPX></Extensions></Trackpoint><Trackpoint><Time>2025-07-04T22:53:47Z</Time><HeartRateBpm><Value>100</Value></HeartRateBpm><Extensions><ns3:TPX><ns3:Speed>0.0</ns3:Speed></ns3:TPX></Extensions></Trackpoint><Trackpoint><Time>2025-07-04T22:53:48Z</Time><HeartRateBpm><Value>98</Value></HeartRateBpm><Extensions><ns3:TPX><ns3:Speed>0.0</ns3:Speed></ns3:TPX></Extensions></Trackpoint><Trackpoint><Time>2025-07-04T22:53:50Z</Time><HeartRateBpm><Value>95</Value></HeartRateBpm><Extensions><ns3:TPX><ns3:Speed>0.0</ns3:Speed></ns3:TPX></Extensions></Trackpoint><Trackpoint><Time>2025-07-04T22:53:53Z</Time><HeartRateBpm><Value>94</Value></HeartRateBpm><Extensions><ns3:TPX><ns3:Speed>0.0</ns3:Speed></ns3:TPX></Extensions></Trackpoint><Trackpoint><Time>2025-07-04T22:53:58Z</Time><HeartRateBpm><Value>93</Value></HeartRateBpm><Extensions><ns3:TPX><ns3:Speed>0.0</ns3:Speed></ns3:TPX></Extensions></Trackpoint><Trackpoint><Time>2025-07-04T22:54:00Z</Time><HeartRateBpm><Value>94</Value></HeartRateBpm><Extensions><ns3:TPX><ns3:Speed>0.0</ns3:Speed></ns3:TPX></Extensions></Trackpoint><Trackpoint><Time>2025-07-04T22:54:02Z</Time><HeartRateBpm><Value>93</Value></HeartRateBpm><Extensions><ns3:TPX><ns3:Speed>0.0</ns3:Speed></ns3:TPX></Extensions></Trackpoint><Trackpoint><Time>2025-07-04T22:54:03Z</Time><HeartRateBpm><Value>92</Value></HeartRateBpm><Extensions><ns3:TPX><ns3:Speed>0.0</ns3:Speed></ns3:TPX></Extensions></Trackpoint><Trackpoint><Time>2025-07-04T22:54:05Z</Time><HeartRateBpm><Value>93</Value></HeartRateBpm><Extensions><ns3:TPX><ns3:Speed>0.0</ns3:Speed></ns3:TPX></Extensions></Trackpoint><Trackpoint><Time>2025-07-04T22:54:06Z</Time><HeartRateBpm><Value>95</Value></HeartRateBpm><Extensions><ns3:TPX><ns3:Speed>0.0</ns3:Speed></ns3:TPX></Extensions></Trackpoint><Trackpoint><Time>2025-07-04T22:54:09Z</Time><HeartRateBpm><Value>96</Value></HeartRateBpm><Extensions><ns3:TPX><ns3:Speed>0.0</ns3:Speed></ns3:TPX></Extensions></Trackpoint><Trackpoint><Time>2025-07-04T22:54:10Z</Time><HeartRateBpm><Value>97</Value></HeartRateBpm><Extensions><ns3:TPX><ns3:Speed>0.0</ns3:Speed></ns3:TPX></Extensions></Trackpoint><Trackpoint><Time>2025-07-04T22:54:11Z</Time><HeartRateBpm><Value>98</Value></HeartRateBpm><Extensions><ns3:TPX><ns3:Speed>0.0</ns3:Speed></ns3:TPX></Extensions></Trackpoint><Trackpoint><Time>2025-07-04T22:54:14Z</Time><HeartRateBpm><Value>99</Value></HeartRateBpm><Extensions><ns3:TPX><ns3:Speed>0.0</ns3:Speed></ns3:TPX></Extensions></Trackpoint><Trackpoint><Time>2025-07-04T22:54:15Z</Time><HeartRateBpm><Value>101</Value></HeartRateBpm><Extensions><ns3:TPX><ns3:Speed>0.0</ns3:Speed></ns3:TPX></Extensions></Trackpoint><Trackpoint><Time>2025-07-04T22:54:16Z</Time><HeartRateBpm><Value>103</Value></HeartRateBpm><Extensions><ns3:TPX><ns3:Speed>0.0</ns3:Speed></ns3:TPX></Extensions></Trackpoint><Trackpoint><Time>2025-07-04T22:54:17Z</Time><HeartRateBpm><Value>104</Value></HeartRateBpm><Extensions><ns3:TPX><ns3:Speed>0.0</ns3:Speed></ns3:TPX></Extensions></Trackpoint><Trackpoint><Time>2025-07-04T22:54:18Z</Time><HeartRateBpm><Value>98</Value></HeartRateBpm><Extensions><ns3:TPX><ns3:Speed>0.0</ns3:Speed></ns3:TPX></Extensions></Trackpoint><Trackpoint><Time>2025-07-04T22:54:20Z</Time><HeartRateBpm><Value>101</Value></HeartRateBpm><Extensions><ns3:TPX><ns3:Speed>0.0</ns3:Speed></ns3:TPX></Extensions></Trackpoint><Trackpoint><Time>2025-07-04T22:54:21Z</Time><HeartRateBpm><Value>99</Value></HeartRateBpm><Extensions><ns3:TPX><ns3:Speed>0.0</ns3:Speed></ns3:TPX></Extensions></Trackpoint><Trackpoint><Time>2025-07-04T22:54:22Z</Time><HeartRateBpm><Value>97</Value></HeartRateBpm><Extensions><ns3:TPX><ns3:Speed>0.0</ns3:Speed></ns3:TPX></Extensions></Trackpoint><Trackpoint><Time>2025-07-04T22:54:27Z</Time><HeartRateBpm><Value>97</Value></HeartRateBpm><Extensions><ns3:TPX><ns3:Speed>0.0</ns3:Speed></ns3:TPX></Extensions></Trackpoint><Trackpoint><Time>2025-07-04T22:54:29Z</Time><HeartRateBpm><Value>98</Value></HeartRateBpm><Extensions><ns3:TPX><ns3:Speed>0.0</ns3:Speed></ns3:TPX></Extensions></Trackpoint><Trackpoint><Time>2025-07-04T22:54:33Z</Time><HeartRateBpm><Value>99</Value></HeartRateBpm><Extensions><ns3:TPX><ns3:Speed>0.0</ns3:Speed></ns3:TPX></Extensions></Trackpoint><Trackpoint><Time>2025-07-04T22:54:35Z</Time><HeartRateBpm><Value>100</Value></HeartRateBpm><Extensions><ns3:TPX><ns3:Speed>0.0</ns3:Speed></ns3:TPX></Extensions></Trackpoint><Trackpoint><Time>2025-07-04T22:54:38Z</Time><HeartRateBpm><Value>99</Value></HeartRateBpm><Extensions><ns3:TPX><ns3:Speed>0.0</ns3:Speed></ns3:TPX></Extensions></Trackpoint><Trackpoint><Time>2025-07-04T22:54:39Z</Time><HeartRateBpm><Value>98</Value></HeartRateBpm><Extensions><ns3:TPX><ns3:Speed>0.0</ns3:Speed></ns3:TPX></Extensions></Trackpoint><Trackpoint><Time>2025-07-04T22:54:40Z</Time><HeartRateBpm><Value>96</Value></HeartRateBpm><Extensions><ns3:TPX><ns3:Speed>0.0</ns3:Speed></ns3:TPX></Extensions></Trackpoint><Trackpoint><Time>2025-07-04T22:54:45Z</Time><HeartRateBpm><Value>96</Value></HeartRateBpm><Extensions><ns3:TPX><ns3:Speed>0.0</ns3:Speed></ns3:TPX></Extensions></Trackpoint><Trackpoint><Time>2025-07-04T22:54:46Z</Time><HeartRateBpm><Value>93</Value></HeartRateBpm><Extensions><ns3:TPX><ns3:Speed>0.0</ns3:Speed></ns3:TPX></Extensions></Trackpoint><Trackpoint><Time>2025-07-04T22:54:50Z</Time><HeartRateBpm><Value>93</Value></HeartRateBpm><Extensions><ns3:TPX><ns3:Speed>0.0</ns3:Speed></ns3:TPX></Extensions></Trackpoint><Trackpoint><Time>2025-07-04T22:54:51Z</Time><HeartRateBpm><Value>94</Value></HeartRateBpm><Extensions><ns3:TPX><ns3:Speed>0.0</ns3:Speed></ns3:TPX></Extensions></Trackpoint><Trackpoint><Time>2025-07-04T22:54:52Z</Time><HeartRateBpm><Value>95</Value></HeartRateBpm><Extensions><ns3:TPX><ns3:Speed>0.0</ns3:Speed></ns3:TPX></Extensions></Trackpoint><Trackpoint><Time>2025-07-04T22:54:54Z</Time><HeartRateBpm><Value>96</Value></HeartRateBpm><Extensions><ns3:TPX><ns3:Speed>0.0</ns3:Speed></ns3:TPX></Extensions></Trackpoint><Trackpoint><Time>2025-07-04T22:54:56Z</Time><HeartRateBpm><Value>97</Value></HeartRateBpm><Extensions><ns3:TPX><ns3:Speed>0.0</ns3:Speed></ns3:TPX></Extensions></Trackpoint><Trackpoint><Time>2025-07-04T22:54:57Z</Time><HeartRateBpm><Value>98</Value></HeartRateBpm><Extensions><ns3:TPX><ns3:Speed>0.0</ns3:Speed></ns3:TPX></Extensions></Trackpoint><Trackpoint><Time>2025-07-04T22:55:02Z</Time><HeartRateBpm><Value>98</Value></HeartRateBpm><Extensions><ns3:TPX><ns3:Speed>0.0</ns3:Speed></ns3:TPX></Extensions></Trackpoint><Trackpoint><Time>2025-07-04T22:55:08Z</Time><HeartRateBpm><Value>98</Value></HeartRateBpm><Extensions><ns3:TPX><ns3:Speed>0.0</ns3:Speed></ns3:TPX></Extensions></Trackpoint><Trackpoint><Time>2025-07-04T22:55:10Z</Time><HeartRateBpm><Value>99</Value></HeartRateBpm><Extensions><ns3:TPX><ns3:Speed>0.0</ns3:Speed></ns3:TPX></Extensions></Trackpoint><Trackpoint><Time>2025-07-04T22:55:14Z</Time><HeartRateBpm><Value>100</Value></HeartRateBpm><Extensions><ns3:TPX><ns3:Speed>0.0</ns3:Speed></ns3:TPX></Extensions></Trackpoint><Trackpoint><Time>2025-07-04T22:55:15Z</Time><HeartRateBpm><Value>101</Value></HeartRateBpm><Extensions><ns3:TPX><ns3:Speed>0.0</ns3:Speed></ns3:TPX></Extensions></Trackpoint><Trackpoint><Time>2025-07-04T22:55:18Z</Time><HeartRateBpm><Value>100</Value></HeartRateBpm><Extensions><ns3:TPX><ns3:Speed>0.0</ns3:Speed></ns3:TPX></Extensions></Trackpoint><Trackpoint><Time>2025-07-04T22:55:21Z</Time><HeartRateBpm><Value>101</Value></HeartRateBpm><Extensions><ns3:TPX><ns3:Speed>0.0</ns3:Speed></ns3:TPX></Extensions></Trackpoint><Trackpoint><Time>2025-07-04T22:55:22Z</Time><HeartRateBpm><Value>102</Value></HeartRateBpm><Extensions><ns3:TPX><ns3:Speed>0.0</ns3:Speed></ns3:TPX></Extensions></Trackpoint><Trackpoint><Time>2025-07-04T22:55:23Z</Time><HeartRateBpm><Value>101</Value></HeartRateBpm><Extensions><ns3:TPX><ns3:Speed>0.0</ns3:Speed></ns3:TPX></Extensions></Trackpoint><Trackpoint><Time>2025-07-04T22:55:26Z</Time><HeartRateBpm><Value>100</Value></HeartRateBpm><Extensions><ns3:TPX><ns3:Speed>0.0</ns3:Speed></ns3:TPX></Extensions></Trackpoint><Trackpoint><Time>2025-07-04T22:55:27Z</Time><HeartRateBpm><Value>101</Value></HeartRateBpm><Extensions><ns3:TPX><ns3:Speed>0.0</ns3:Speed></ns3:TPX></Extensions></Trackpoint><Trackpoint><Time>2025-07-04T22:55:28Z</Time><HeartRateBpm><Value>102</Value></HeartRateBpm><Extensions><ns3:TPX><ns3:Speed>0.0</ns3:Speed></ns3:TPX></Extensions></Trackpoint><Trackpoint><Time>2025-07-04T22:55:30Z</Time><HeartRateBpm><Value>103</Value></HeartRateBpm><Extensions><ns3:TPX><ns3:Speed>0.0</ns3:Speed></ns3:TPX></Extensions></Trackpoint><Trackpoint><Time>2025-07-04T22:55:35Z</Time><HeartRateBpm><Value>103</Value></HeartRateBpm><Extensions><ns3:TPX><ns3:Speed>0.0</ns3:Speed></ns3:TPX></Extensions></Trackpoint><Trackpoint><Time>2025-07-04T22:55:36Z</Time><HeartRateBpm><Value>104</Value></HeartRateBpm><Extensions><ns3:TPX><ns3:Speed>0.0</ns3:Speed></ns3:TPX></Extensions></Trackpoint><Trackpoint><Time>2025-07-04T22:55:37Z</Time><HeartRateBpm><Value>105</Value></HeartRateBpm><Extensions><ns3:TPX><ns3:Speed>0.0</ns3:Speed></ns3:TPX></Extensions></Trackpoint><Trackpoint><Time>2025-07-04T22:55:40Z</Time><HeartRateBpm><Value>106</Value></HeartRateBpm><Extensions><ns3:TPX><ns3:Speed>0.0</ns3:Speed></ns3:TPX></Extensions></Trackpoint><Trackpoint><Time>2025-07-04T22:55:45Z</Time><HeartRateBpm><Value>105</Value></HeartRateBpm><Extensions><ns3:TPX><ns3:Speed>0.0</ns3:Speed></ns3:TPX></Extensions></Trackpoint><Trackpoint><Time>2025-07-04T22:55:46Z</Time><HeartRateBpm><Value>106</Value></HeartRateBpm><Extensions><ns3:TPX><ns3:Speed>0.0</ns3:Speed></ns3:TPX></Extensions></Trackpoint><Trackpoint><Time>2025-07-04T22:55:47Z</Time><HeartRateBpm><Value>107</Value></HeartRateBpm><Extensions><ns3:TPX><ns3:Speed>0.0</ns3:Speed></ns3:TPX></Extensions></Trackpoint><Trackpoint><Time>2025-07-04T22:55:48Z</Time><HeartRateBpm><Value>108</Value></HeartRateBpm><Extensions><ns3:TPX><ns3:Speed>0.0</ns3:Speed></ns3:TPX></Extensions></Trackpoint><Trackpoint><Time>2025-07-04T22:55:49Z</Time><HeartRateBpm><Value>107</Value></HeartRateBpm><Extensions><ns3:TPX><ns3:Speed>0.0</ns3:Speed></ns3:TPX></Extensions></Trackpoint><Trackpoint><Time>2025-07-04T22:55:53Z</Time><HeartRateBpm><Value>108</Value></HeartRateBpm><Extensions><ns3:TPX><ns3:Speed>0.0</ns3:Speed></ns3:TPX></Extensions></Trackpoint><Trackpoint><Time>2025-07-04T22:55:58Z</Time><HeartRateBpm><Value>107</Value></HeartRateBpm><Extensions><ns3:TPX><ns3:Speed>0.0</ns3:Speed></ns3:TPX></Extensions></Trackpoint><Trackpoint><Time>2025-07-04T22:56:00Z</Time><HeartRateBpm><Value>108</Value></HeartRateBpm><Extensions><ns3:TPX><ns3:Speed>0.0</ns3:Speed></ns3:TPX></Extensions></Trackpoint><Trackpoint><Time>2025-07-04T22:56:03Z</Time><HeartRateBpm><Value>109</Value></HeartRateBpm><Extensions><ns3:TPX><ns3:Speed>0.0</ns3:Speed></ns3:TPX></Extensions></Trackpoint><Trackpoint><Time>2025-07-04T22:56:04Z</Time><HeartRateBpm><Value>110</Value></HeartRateBpm><Extensions><ns3:TPX><ns3:Speed>0.0</ns3:Speed></ns3:TPX></Extensions></Trackpoint><Trackpoint><Time>2025-07-04T22:56:05Z</Time><HeartRateBpm><Value>111</Value></HeartRateBpm><Extensions><ns3:TPX><ns3:Speed>0.0</ns3:Speed></ns3:TPX></Extensions></Trackpoint><Trackpoint><Time>2025-07-04T22:56:06Z</Time><HeartRateBpm><Value>112</Value></HeartRateBpm><Extensions><ns3:TPX><ns3:Speed>0.0</ns3:Speed></ns3:TPX></Extensions></Trackpoint><Trackpoint><Time>2025-07-04T22:56:11Z</Time><HeartRateBpm><Value>112</Value></HeartRateBpm><Extensions><ns3:TPX><ns3:Speed>0.0</ns3:Speed></ns3:TPX></Extensions></Trackpoint><Trackpoint><Time>2025-07-04T22:56:12Z</Time><HeartRateBpm><Value>111</Value></HeartRateBpm><Extensions><ns3:TPX><ns3:Speed>0.0</ns3:Speed></ns3:TPX></Extensions></Trackpoint><Trackpoint><Time>2025-07-04T22:56:13Z</Time><HeartRateBpm><Value>109</Value></HeartRateBpm><Extensions><ns3:TPX><ns3:Speed>0.0</ns3:Speed></ns3:TPX></Extensions></Trackpoint><Trackpoint><Time>2025-07-04T22:56:15Z</Time><HeartRateBpm><Value>108</Value></HeartRateBpm><Extensions><ns3:TPX><ns3:Speed>0.0</ns3:Speed></ns3:TPX></Extensions></Trackpoint><Trackpoint><Time>2025-07-04T22:56:17Z</Time><HeartRateBpm><Value>107</Value></HeartRateBpm><Extensions><ns3:TPX><ns3:Speed>0.0</ns3:Speed></ns3:TPX></Extensions></Trackpoint><Trackpoint><Time>2025-07-04T22:56:22Z</Time><HeartRateBpm><Value>108</Value></HeartRateBpm><Extensions><ns3:TPX><ns3:Speed>0.0</ns3:Speed></ns3:TPX></Extensions></Trackpoint><Trackpoint><Time>2025-07-04T22:56:23Z</Time><HeartRateBpm><Value>109</Value></HeartRateBpm><Extensions><ns3:TPX><ns3:Speed>0.0</ns3:Speed></ns3:TPX></Extensions></Trackpoint><Trackpoint><Time>2025-07-04T22:56:25Z</Time><HeartRateBpm><Value>110</Value></HeartRateBpm><Extensions><ns3:TPX><ns3:Speed>0.0</ns3:Speed></ns3:TPX></Extensions></Trackpoint><Trackpoint><Time>2025-07-04T22:56:27Z</Time><HeartRateBpm><Value>111</Value></HeartRateBpm><Extensions><ns3:TPX><ns3:Speed>0.0</ns3:Speed></ns3:TPX></Extensions></Trackpoint><Trackpoint><Time>2025-07-04T22:56:28Z</Time><HeartRateBpm><Value>112</Value></HeartRateBpm><Extensions><ns3:TPX><ns3:Speed>0.0</ns3:Speed></ns3:TPX></Extensions></Trackpoint><Trackpoint><Time>2025-07-04T22:56:29Z</Time><HeartRateBpm><Value>113</Value></HeartRateBpm><Extensions><ns3:TPX><ns3:Speed>0.0</ns3:Speed></ns3:TPX></Extensions></Trackpoint><Trackpoint><Time>2025-07-04T22:56:31Z</Time><HeartRateBpm><Value>112</Value></HeartRateBpm><Extensions><ns3:TPX><ns3:Speed>0.0</ns3:Speed></ns3:TPX></Extensions></Trackpoint><Trackpoint><Time>2025-07-04T22:56:34Z</Time><HeartRateBpm><Value>111</Value></HeartRateBpm><Extensions><ns3:TPX><ns3:Speed>0.0</ns3:Speed></ns3:TPX></Extensions></Trackpoint><Trackpoint><Time>2025-07-04T22:56:35Z</Time><HeartRateBpm><Value>110</Value></HeartRateBpm><Extensions><ns3:TPX><ns3:Speed>0.0</ns3:Speed></ns3:TPX></Extensions></Trackpoint><Trackpoint><Time>2025-07-04T22:56:36Z</Time><HeartRateBpm><Value>111</Value></HeartRateBpm><Extensions><ns3:TPX><ns3:Speed>0.0</ns3:Speed></ns3:TPX></Extensions></Trackpoint><Trackpoint><Time>2025-07-04T22:56:37Z</Time><HeartRateBpm><Value>112</Value></HeartRateBpm><Extensions><ns3:TPX><ns3:Speed>0.0</ns3:Speed></ns3:TPX></Extensions></Trackpoint><Trackpoint><Time>2025-07-04T22:56:39Z</Time><HeartRateBpm><Value>113</Value></HeartRateBpm><Extensions><ns3:TPX><ns3:Speed>0.0</ns3:Speed></ns3:TPX></Extensions></Trackpoint><Trackpoint><Time>2025-07-04T22:56:41Z</Time><HeartRateBpm><Value>114</Value></HeartRateBpm><Extensions><ns3:TPX><ns3:Speed>0.0</ns3:Speed></ns3:TPX></Extensions></Trackpoint><Trackpoint><Time>2025-07-04T22:56:43Z</Time><HeartRateBpm><Value>115</Value></HeartRateBpm><Extensions><ns3:TPX><ns3:Speed>0.0</ns3:Speed></ns3:TPX></Extensions></Trackpoint><Trackpoint><Time>2025-07-04T22:56:45Z</Time><HeartRateBpm><Value>114</Value></HeartRateBpm><Extensions><ns3:TPX><ns3:Speed>0.0</ns3:Speed></ns3:TPX></Extensions></Trackpoint><Trackpoint><Time>2025-07-04T22:56:49Z</Time><HeartRateBpm><Value>115</Value></HeartRateBpm><Extensions><ns3:TPX><ns3:Speed>0.0</ns3:Speed></ns3:TPX></Extensions></Trackpoint><Trackpoint><Time>2025-07-04T22:56:53Z</Time><HeartRateBpm><Value>117</Value></HeartRateBpm><Extensions><ns3:TPX><ns3:Speed>0.0</ns3:Speed></ns3:TPX></Extensions></Trackpoint><Trackpoint><Time>2025-07-04T22:56:54Z</Time><HeartRateBpm><Value>116</Value></HeartRateBpm><Extensions><ns3:TPX><ns3:Speed>0.0</ns3:Speed></ns3:TPX></Extensions></Trackpoint><Trackpoint><Time>2025-07-04T22:56:59Z</Time><HeartRateBpm><Value>115</Value></HeartRateBpm><Extensions><ns3:TPX><ns3:Speed>0.0</ns3:Speed></ns3:TPX></Extensions></Trackpoint><Trackpoint><Time>2025-07-04T22:57:01Z</Time><HeartRateBpm><Value>114</Value></HeartRateBpm><Extensions><ns3:TPX><ns3:Speed>0.0</ns3:Speed></ns3:TPX></Extensions></Trackpoint><Trackpoint><Time>2025-07-04T22:57:05Z</Time><HeartRateBpm><Value>117</Value></HeartRateBpm><Extensions><ns3:TPX><ns3:Speed>0.0</ns3:Speed></ns3:TPX></Extensions></Trackpoint><Trackpoint><Time>2025-07-04T22:57:06Z</Time><HeartRateBpm><Value>118</Value></HeartRateBpm><Extensions><ns3:TPX><ns3:Speed>0.0</ns3:Speed></ns3:TPX></Extensions></Trackpoint><Trackpoint><Time>2025-07-04T22:57:07Z</Time><HeartRateBpm><Value>119</Value></HeartRateBpm><Extensions><ns3:TPX><ns3:Speed>0.0</ns3:Speed></ns3:TPX></Extensions></Trackpoint><Trackpoint><Time>2025-07-04T22:57:08Z</Time><HeartRateBpm><Value>120</Value></HeartRateBpm><Extensions><ns3:TPX><ns3:Speed>0.0</ns3:Speed></ns3:TPX></Extensions></Trackpoint><Trackpoint><Time>2025-07-04T22:57:10Z</Time><HeartRateBpm><Value>121</Value></HeartRateBpm><Extensions><ns3:TPX><ns3:Speed>0.0</ns3:Speed></ns3:TPX></Extensions></Trackpoint><Trackpoint><Time>2025-07-04T22:57:11Z</Time><HeartRateBpm><Value>122</Value></HeartRateBpm><Extensions><ns3:TPX><ns3:Speed>0.0</ns3:Speed></ns3:TPX></Extensions></Trackpoint><Trackpoint><Time>2025-07-04T22:57:16Z</Time><HeartRateBpm><Value>122</Value></HeartRateBpm><Extensions><ns3:TPX><ns3:Speed>0.0</ns3:Speed></ns3:TPX></Extensions></Trackpoint><Trackpoint><Time>2025-07-04T22:57:22Z</Time><HeartRateBpm><Value>123</Value></HeartRateBpm><Extensions><ns3:TPX><ns3:Speed>0.0</ns3:Speed></ns3:TPX></Extensions></Trackpoint><Trackpoint><Time>2025-07-04T22:57:24Z</Time><HeartRateBpm><Value>121</Value></HeartRateBpm><Extensions><ns3:TPX><ns3:Speed>0.0</ns3:Speed></ns3:TPX></Extensions></Trackpoint><Trackpoint><Time>2025-07-04T22:57:25Z</Time><HeartRateBpm><Value>119</Value></HeartRateBpm><Extensions><ns3:TPX><ns3:Speed>0.0</ns3:Speed></ns3:TPX></Extensions></Trackpoint><Trackpoint><Time>2025-07-04T22:57:30Z</Time><HeartRateBpm><Value>119</Value></HeartRateBpm><Extensions><ns3:TPX><ns3:Speed>0.0</ns3:Speed></ns3:TPX></Extensions></Trackpoint><Trackpoint><Time>2025-07-04T22:57:31Z</Time><HeartRateBpm><Value>118</Value></HeartRateBpm><Extensions><ns3:TPX><ns3:Speed>0.0</ns3:Speed></ns3:TPX></Extensions></Trackpoint><Trackpoint><Time>2025-07-04T22:57:35Z</Time><HeartRateBpm><Value>117</Value></HeartRateBpm><Extensions><ns3:TPX><ns3:Speed>0.0</ns3:Speed></ns3:TPX></Extensions></Trackpoint><Trackpoint><Time>2025-07-04T22:57:36Z</Time><HeartRateBpm><Value>116</Value></HeartRateBpm><Extensions><ns3:TPX><ns3:Speed>0.0</ns3:Speed></ns3:TPX></Extensions></Trackpoint><Trackpoint><Time>2025-07-04T22:57:37Z</Time><HeartRateBpm><Value>117</Value></HeartRateBpm><Extensions><ns3:TPX><ns3:Speed>0.0</ns3:Speed></ns3:TPX></Extensions></Trackpoint><Trackpoint><Time>2025-07-04T22:57:38Z</Time><HeartRateBpm><Value>118</Value></HeartRateBpm><Extensions><ns3:TPX><ns3:Speed>0.0</ns3:Speed></ns3:TPX></Extensions></Trackpoint><Trackpoint><Time>2025-07-04T22:57:42Z</Time><HeartRateBpm><Value>116</Value></HeartRateBpm><Extensions><ns3:TPX><ns3:Speed>0.0</ns3:Speed></ns3:TPX></Extensions></Trackpoint><Trackpoint><Time>2025-07-04T22:57:43Z</Time><HeartRateBpm><Value>117</Value></HeartRateBpm><Extensions><ns3:TPX><ns3:Speed>0.0</ns3:Speed></ns3:TPX></Extensions></Trackpoint><Trackpoint><Time>2025-07-04T22:57:44Z</Time><HeartRateBpm><Value>118</Value></HeartRateBpm><Extensions><ns3:TPX><ns3:Speed>0.0</ns3:Speed></ns3:TPX></Extensions></Trackpoint><Trackpoint><Time>2025-07-04T22:57:45Z</Time><HeartRateBpm><Value>119</Value></HeartRateBpm><Extensions><ns3:TPX><ns3:Speed>0.0</ns3:Speed></ns3:TPX></Extensions></Trackpoint><Trackpoint><Time>2025-07-04T22:57:48Z</Time><HeartRateBpm><Value>120</Value></HeartRateBpm><Extensions><ns3:TPX><ns3:Speed>0.0</ns3:Speed></ns3:TPX></Extensions></Trackpoint><Trackpoint><Time>2025-07-04T22:57:49Z</Time><HeartRateBpm><Value>121</Value></HeartRateBpm><Extensions><ns3:TPX><ns3:Speed>0.0</ns3:Speed></ns3:TPX></Extensions></Trackpoint><Trackpoint><Time>2025-07-04T22:57:53Z</Time><HeartRateBpm><Value>122</Value></HeartRateBpm><Extensions><ns3:TPX><ns3:Speed>0.0</ns3:Speed></ns3:TPX></Extensions></Trackpoint><Trackpoint><Time>2025-07-04T22:57:54Z</Time><HeartRateBpm><Value>121</Value></HeartRateBpm><Extensions><ns3:TPX><ns3:Speed>0.0</ns3:Speed></ns3:TPX></Extensions></Trackpoint><Trackpoint><Time>2025-07-04T22:57:59Z</Time><HeartRateBpm><Value>122</Value></HeartRateBpm><Extensions><ns3:TPX><ns3:Speed>0.0</ns3:Speed></ns3:TPX></Extensions></Trackpoint><Trackpoint><Time>2025-07-04T22:58:02Z</Time><HeartRateBpm><Value>120</Value></HeartRateBpm><Extensions><ns3:TPX><ns3:Speed>0.0</ns3:Speed></ns3:TPX></Extensions></Trackpoint><Trackpoint><Time>2025-07-04T22:58:07Z</Time><HeartRateBpm><Value>121</Value></HeartRateBpm><Extensions><ns3:TPX><ns3:Speed>0.0</ns3:Speed></ns3:TPX></Extensions></Trackpoint><Trackpoint><Time>2025-07-04T22:58:12Z</Time><HeartRateBpm><Value>121</Value></HeartRateBpm><Extensions><ns3:TPX><ns3:Speed>0.0</ns3:Speed></ns3:TPX></Extensions></Trackpoint><Trackpoint><Time>2025-07-04T22:58:13Z</Time><HeartRateBpm><Value>118</Value></HeartRateBpm><Extensions><ns3:TPX><ns3:Speed>0.0</ns3:Speed></ns3:TPX></Extensions></Trackpoint><Trackpoint><Time>2025-07-04T22:58:14Z</Time><HeartRateBpm><Value>117</Value></HeartRateBpm><Extensions><ns3:TPX><ns3:Speed>0.0</ns3:Speed></ns3:TPX></Extensions></Trackpoint><Trackpoint><Time>2025-07-04T22:58:15Z</Time><HeartRateBpm><Value>116</Value></HeartRateBpm><Extensions><ns3:TPX><ns3:Speed>0.0</ns3:Speed></ns3:TPX></Extensions></Trackpoint><Trackpoint><Time>2025-07-04T22:58:18Z</Time><HeartRateBpm><Value>115</Value></HeartRateBpm><Extensions><ns3:TPX><ns3:Speed>0.0</ns3:Speed></ns3:TPX></Extensions></Trackpoint><Trackpoint><Time>2025-07-04T22:58:19Z</Time><HeartRateBpm><Value>111</Value></HeartRateBpm><Extensions><ns3:TPX><ns3:Speed>0.0</ns3:Speed></ns3:TPX></Extensions></Trackpoint><Trackpoint><Time>2025-07-04T22:58:21Z</Time><HeartRateBpm><Value>112</Value></HeartRateBpm><Extensions><ns3:TPX><ns3:Speed>0.0</ns3:Speed></ns3:TPX></Extensions></Trackpoint><Trackpoint><Time>2025-07-04T22:58:25Z</Time><HeartRateBpm><Value>113</Value></HeartRateBpm><Extensions><ns3:TPX><ns3:Speed>0.0</ns3:Speed></ns3:TPX></Extensions></Trackpoint><Trackpoint><Time>2025-07-04T22:58:26Z</Time><HeartRateBpm><Value>114</Value></HeartRateBpm><Extensions><ns3:TPX><ns3:Speed>0.0</ns3:Speed></ns3:TPX></Extensions></Trackpoint><Trackpoint><Time>2025-07-04T22:58:27Z</Time><HeartRateBpm><Value>115</Value></HeartRateBpm><Extensions><ns3:TPX><ns3:Speed>0.0</ns3:Speed></ns3:TPX></Extensions></Trackpoint><Trackpoint><Time>2025-07-04T22:58:29Z</Time><HeartRateBpm><Value>116</Value></HeartRateBpm><Extensions><ns3:TPX><ns3:Speed>0.0</ns3:Speed></ns3:TPX></Extensions></Trackpoint><Trackpoint><Time>2025-07-04T22:58:31Z</Time><HeartRateBpm><Value>115</Value></HeartRateBpm><Extensions><ns3:TPX><ns3:Speed>0.0</ns3:Speed></ns3:TPX></Extensions></Trackpoint><Trackpoint><Time>2025-07-04T22:58:32Z</Time><HeartRateBpm><Value>114</Value></HeartRateBpm><Extensions><ns3:TPX><ns3:Speed>0.0</ns3:Speed></ns3:TPX></Extensions></Trackpoint><Trackpoint><Time>2025-07-04T22:58:34Z</Time><HeartRateBpm><Value>113</Value></HeartRateBpm><Extensions><ns3:TPX><ns3:Speed>0.0</ns3:Speed></ns3:TPX></Extensions></Trackpoint><Trackpoint><Time>2025-07-04T22:58:39Z</Time><HeartRateBpm><Value>113</Value></HeartRateBpm><Extensions><ns3:TPX><ns3:Speed>0.0</ns3:Speed></ns3:TPX></Extensions></Trackpoint><Trackpoint><Time>2025-07-04T22:58:44Z</Time><HeartRateBpm><Value>113</Value></HeartRateBpm><Extensions><ns3:TPX><ns3:Speed>0.0</ns3:Speed></ns3:TPX></Extensions></Trackpoint><Trackpoint><Time>2025-07-04T22:58:45Z</Time><HeartRateBpm><Value>114</Value></HeartRateBpm><Extensions><ns3:TPX><ns3:Speed>0.0</ns3:Speed></ns3:TPX></Extensions></Trackpoint><Trackpoint><Time>2025-07-04T22:58:48Z</Time><HeartRateBpm><Value>113</Value></HeartRateBpm><Extensions><ns3:TPX><ns3:Speed>0.0</ns3:Speed></ns3:TPX></Extensions></Trackpoint><Trackpoint><Time>2025-07-04T22:58:49Z</Time><HeartRateBpm><Value>112</Value></HeartRateBpm><Extensions><ns3:TPX><ns3:Speed>0.0</ns3:Speed></ns3:TPX></Extensions></Trackpoint><Trackpoint><Time>2025-07-04T22:58:54Z</Time><HeartRateBpm><Value>112</Value></HeartRateBpm><Extensions><ns3:TPX><ns3:Speed>0.0</ns3:Speed></ns3:TPX></Extensions></Trackpoint><Trackpoint><Time>2025-07-04T22:58:56Z</Time><HeartRateBpm><Value>111</Value></HeartRateBpm><Extensions><ns3:TPX><ns3:Speed>0.0</ns3:Speed></ns3:TPX></Extensions></Trackpoint><Trackpoint><Time>2025-07-04T22:58:57Z</Time><HeartRateBpm><Value>110</Value></HeartRateBpm><Extensions><ns3:TPX><ns3:Speed>0.0</ns3:Speed></ns3:TPX></Extensions></Trackpoint><Trackpoint><Time>2025-07-04T22:59:01Z</Time><HeartRateBpm><Value>110</Value></HeartRateBpm><Extensions><ns3:TPX><ns3:Speed>0.0</ns3:Speed></ns3:TPX></Extensions></Trackpoint><Trackpoint><Time>2025-07-04T22:59:03Z</Time><HeartRateBpm><Value>109</Value></HeartRateBpm><Extensions><ns3:TPX><ns3:Speed>0.0</ns3:Speed></ns3:TPX></Extensions></Trackpoint><Trackpoint><Time>2025-07-04T22:59:04Z</Time><HeartRateBpm><Value>110</Value></HeartRateBpm><Extensions><ns3:TPX><ns3:Speed>0.0</ns3:Speed></ns3:TPX></Extensions></Trackpoint><Trackpoint><Time>2025-07-04T22:59:06Z</Time><HeartRateBpm><Value>111</Value></HeartRateBpm><Extensions><ns3:TPX><ns3:Speed>0.0</ns3:Speed></ns3:TPX></Extensions></Trackpoint><Trackpoint><Time>2025-07-04T22:59:12Z</Time><HeartRateBpm><Value>111</Value></HeartRateBpm><Extensions><ns3:TPX><ns3:Speed>0.0</ns3:Speed></ns3:TPX></Extensions></Trackpoint><Trackpoint><Time>2025-07-04T22:59:13Z</Time><HeartRateBpm><Value>110</Value></HeartRateBpm><Extensions><ns3:TPX><ns3:Speed>0.0</ns3:Speed></ns3:TPX></Extensions></Trackpoint><Trackpoint><Time>2025-07-04T22:59:15Z</Time><HeartRateBpm><Value>109</Value></HeartRateBpm><Extensions><ns3:TPX><ns3:Speed>0.0</ns3:Speed></ns3:TPX></Extensions></Trackpoint><Trackpoint><Time>2025-07-04T22:59:16Z</Time><HeartRateBpm><Value>108</Value></HeartRateBpm><Extensions><ns3:TPX><ns3:Speed>0.0</ns3:Speed></ns3:TPX></Extensions></Trackpoint><Trackpoint><Time>2025-07-04T22:59:20Z</Time><HeartRateBpm><Value>107</Value></HeartRateBpm><Extensions><ns3:TPX><ns3:Speed>0.0</ns3:Speed></ns3:TPX></Extensions></Trackpoint><Trackpoint><Time>2025-07-04T22:59:25Z</Time><HeartRateBpm><Value>107</Value></HeartRateBpm><Extensions><ns3:TPX><ns3:Speed>0.0</ns3:Speed></ns3:TPX></Extensions></Trackpoint><Trackpoint><Time>2025-07-04T22:59:26Z</Time><HeartRateBpm><Value>108</Value></HeartRateBpm><Extensions><ns3:TPX><ns3:Speed>0.0</ns3:Speed></ns3:TPX></Extensions></Trackpoint><Trackpoint><Time>2025-07-04T22:59:31Z</Time><HeartRateBpm><Value>108</Value></HeartRateBpm><Extensions><ns3:TPX><ns3:Speed>0.0</ns3:Speed></ns3:TPX></Extensions></Trackpoint><Trackpoint><Time>2025-07-04T22:59:36Z</Time><HeartRateBpm><Value>108</Value></HeartRateBpm><Extensions><ns3:TPX><ns3:Speed>0.0</ns3:Speed></ns3:TPX></Extensions></Trackpoint><Trackpoint><Time>2025-07-04T22:59:37Z</Time><HeartRateBpm><Value>107</Value></HeartRateBpm><Extensions><ns3:TPX><ns3:Speed>0.0</ns3:Speed></ns3:TPX></Extensions></Trackpoint><Trackpoint><Time>2025-07-04T22:59:38Z</Time><HeartRateBpm><Value>108</Value></HeartRateBpm><Extensions><ns3:TPX><ns3:Speed>0.0</ns3:Speed></ns3:TPX></Extensions></Trackpoint><Trackpoint><Time>2025-07-04T22:59:39Z</Time><HeartRateBpm><Value>109</Value></HeartRateBpm><Extensions><ns3:TPX><ns3:Speed>0.0</ns3:Speed></ns3:TPX></Extensions></Trackpoint><Trackpoint><Time>2025-07-04T22:59:44Z</Time><HeartRateBpm><Value>108</Value></HeartRateBpm><Extensions><ns3:TPX><ns3:Speed>0.0</ns3:Speed></ns3:TPX></Extensions></Trackpoint><Trackpoint><Time>2025-07-04T22:59:49Z</Time><HeartRateBpm><Value>107</Value></HeartRateBpm><Extensions><ns3:TPX><ns3:Speed>0.0</ns3:Speed></ns3:TPX></Extensions></Trackpoint><Trackpoint><Time>2025-07-04T22:59:55Z</Time><HeartRateBpm><Value>108</Value></HeartRateBpm><Extensions><ns3:TPX><ns3:Speed>0.0</ns3:Speed></ns3:TPX></Extensions></Trackpoint><Trackpoint><Time>2025-07-04T22:59:56Z</Time><HeartRateBpm><Value>111</Value></HeartRateBpm><Extensions><ns3:TPX><ns3:Speed>0.0</ns3:Speed></ns3:TPX></Extensions></Trackpoint><Trackpoint><Time>2025-07-04T22:59:57Z</Time><HeartRateBpm><Value>113</Value></HeartRateBpm><Extensions><ns3:TPX><ns3:Speed>0.0</ns3:Speed></ns3:TPX></Extensions></Trackpoint><Trackpoint><Time>2025-07-04T22:59:58Z</Time><HeartRateBpm><Value>114</Value></HeartRateBpm><Extensions><ns3:TPX><ns3:Speed>0.0</ns3:Speed></ns3:TPX></Extensions></Trackpoint><Trackpoint><Time>2025-07-04T22:59:59Z</Time><HeartRateBpm><Value>113</Value></HeartRateBpm><Extensions><ns3:TPX><ns3:Speed>0.0</ns3:Speed></ns3:TPX></Extensions></Trackpoint><Trackpoint><Time>2025-07-04T23:00:01Z</Time><HeartRateBpm><Value>112</Value></HeartRateBpm><Extensions><ns3:TPX><ns3:Speed>0.0</ns3:Speed></ns3:TPX></Extensions></Trackpoint><Trackpoint><Time>2025-07-04T23:00:07Z</Time><HeartRateBpm><Value>111</Value></HeartRateBpm><Extensions><ns3:TPX><ns3:Speed>0.0</ns3:Speed></ns3:TPX></Extensions></Trackpoint><Trackpoint><Time>2025-07-04T23:00:10Z</Time><HeartRateBpm><Value>112</Value></HeartRateBpm><Extensions><ns3:TPX><ns3:Speed>0.0</ns3:Speed></ns3:TPX></Extensions></Trackpoint><Trackpoint><Time>2025-07-04T23:00:11Z</Time><HeartRateBpm><Value>113</Value></HeartRateBpm><Extensions><ns3:TPX><ns3:Speed>0.0</ns3:Speed></ns3:TPX></Extensions></Trackpoint><Trackpoint><Time>2025-07-04T23:00:13Z</Time><HeartRateBpm><Value>114</Value></HeartRateBpm><Extensions><ns3:TPX><ns3:Speed>0.0</ns3:Speed></ns3:TPX></Extensions></Trackpoint><Trackpoint><Time>2025-07-04T23:00:19Z</Time><HeartRateBpm><Value>114</Value></HeartRateBpm><Extensions><ns3:TPX><ns3:Speed>0.0</ns3:Speed></ns3:TPX></Extensions></Trackpoint><Trackpoint><Time>2025-07-04T23:00:20Z</Time><HeartRateBpm><Value>111</Value></HeartRateBpm><Extensions><ns3:TPX><ns3:Speed>0.0</ns3:Speed></ns3:TPX></Extensions></Trackpoint><Trackpoint><Time>2025-07-04T23:00:21Z</Time><HeartRateBpm><Value>109</Value></HeartRateBpm><Extensions><ns3:TPX><ns3:Speed>0.0</ns3:Speed></ns3:TPX></Extensions></Trackpoint><Trackpoint><Time>2025-07-04T23:00:22Z</Time><HeartRateBpm><Value>108</Value></HeartRateBpm><Extensions><ns3:TPX><ns3:Speed>0.0</ns3:Speed></ns3:TPX></Extensions></Trackpoint><Trackpoint><Time>2025-07-04T23:00:23Z</Time><HeartRateBpm><Value>106</Value></HeartRateBpm><Extensions><ns3:TPX><ns3:Speed>0.0</ns3:Speed></ns3:TPX></Extensions></Trackpoint><Trackpoint><Time>2025-07-04T23:00:25Z</Time><HeartRateBpm><Value>105</Value></HeartRateBpm><Extensions><ns3:TPX><ns3:Speed>0.0</ns3:Speed></ns3:TPX></Extensions></Trackpoint><Trackpoint><Time>2025-07-04T23:00:26Z</Time><HeartRateBpm><Value>104</Value></HeartRateBpm><Extensions><ns3:TPX><ns3:Speed>0.0</ns3:Speed></ns3:TPX></Extensions></Trackpoint><Trackpoint><Time>2025-07-04T23:00:32Z</Time><HeartRateBpm><Value>107</Value></HeartRateBpm><Extensions><ns3:TPX><ns3:Speed>0.0</ns3:Speed></ns3:TPX></Extensions></Trackpoint><Trackpoint><Time>2025-07-04T23:00:33Z</Time><HeartRateBpm><Value>108</Value></HeartRateBpm><Extensions><ns3:TPX><ns3:Speed>0.0</ns3:Speed></ns3:TPX></Extensions></Trackpoint><Trackpoint><Time>2025-07-04T23:00:38Z</Time><HeartRateBpm><Value>108</Value></HeartRateBpm><Extensions><ns3:TPX><ns3:Speed>0.0</ns3:Speed></ns3:TPX></Extensions></Trackpoint><Trackpoint><Time>2025-07-04T23:00:40Z</Time><HeartRateBpm><Value>109</Value></HeartRateBpm><Extensions><ns3:TPX><ns3:Speed>0.0</ns3:Speed></ns3:TPX></Extensions></Trackpoint><Trackpoint><Time>2025-07-04T23:00:45Z</Time><HeartRateBpm><Value>109</Value></HeartRateBpm><Extensions><ns3:TPX><ns3:Speed>0.0</ns3:Speed></ns3:TPX></Extensions></Trackpoint><Trackpoint><Time>2025-07-04T23:00:46Z</Time><HeartRateBpm><Value>108</Value></HeartRateBpm><Extensions><ns3:TPX><ns3:Speed>0.0</ns3:Speed></ns3:TPX></Extensions></Trackpoint><Trackpoint><Time>2025-07-04T23:00:49Z</Time><HeartRateBpm><Value>107</Value></HeartRateBpm><Extensions><ns3:TPX><ns3:Speed>0.0</ns3:Speed></ns3:TPX></Extensions></Trackpoint><Trackpoint><Time>2025-07-04T23:00:50Z</Time><HeartRateBpm><Value>106</Value></HeartRateBpm><Extensions><ns3:TPX><ns3:Speed>0.0</ns3:Speed></ns3:TPX></Extensions></Trackpoint><Trackpoint><Time>2025-07-04T23:00:56Z</Time><HeartRateBpm><Value>104</Value></HeartRateBpm><Extensions><ns3:TPX><ns3:Speed>0.0</ns3:Speed></ns3:TPX></Extensions></Trackpoint><Trackpoint><Time>2025-07-04T23:00:57Z</Time><HeartRateBpm><Value>103</Value></HeartRateBpm><Extensions><ns3:TPX><ns3:Speed>0.0</ns3:Speed></ns3:TPX></Extensions></Trackpoint><Trackpoint><Time>2025-07-04T23:01:02Z</Time><HeartRateBpm><Value>104</Value></HeartRateBpm><Extensions><ns3:TPX><ns3:Speed>0.0</ns3:Speed></ns3:TPX></Extensions></Trackpoint><Trackpoint><Time>2025-07-04T23:01:03Z</Time><HeartRateBpm><Value>105</Value></HeartRateBpm><Extensions><ns3:TPX><ns3:Speed>0.0</ns3:Speed></ns3:TPX></Extensions></Trackpoint><Trackpoint><Time>2025-07-04T23:01:08Z</Time><HeartRateBpm><Value>105</Value></HeartRateBpm><Extensions><ns3:TPX><ns3:Speed>0.0</ns3:Speed></ns3:TPX></Extensions></Trackpoint><Trackpoint><Time>2025-07-04T23:01:09Z</Time><HeartRateBpm><Value>106</Value></HeartRateBpm><Extensions><ns3:TPX><ns3:Speed>0.0</ns3:Speed></ns3:TPX></Extensions></Trackpoint><Trackpoint><Time>2025-07-04T23:01:12Z</Time><HeartRateBpm><Value>107</Value></HeartRateBpm><Extensions><ns3:TPX><ns3:Speed>0.0</ns3:Speed></ns3:TPX></Extensions></Trackpoint><Trackpoint><Time>2025-07-04T23:01:15Z</Time><HeartRateBpm><Value>108</Value></HeartRateBpm><Extensions><ns3:TPX><ns3:Speed>0.0</ns3:Speed></ns3:TPX></Extensions></Trackpoint><Trackpoint><Time>2025-07-04T23:01:16Z</Time><HeartRateBpm><Value>107</Value></HeartRateBpm><Extensions><ns3:TPX><ns3:Speed>0.0</ns3:Speed></ns3:TPX></Extensions></Trackpoint><Trackpoint><Time>2025-07-04T23:01:21Z</Time><HeartRateBpm><Value>107</Value></HeartRateBpm><Extensions><ns3:TPX><ns3:Speed>0.0</ns3:Speed></ns3:TPX></Extensions></Trackpoint><Trackpoint><Time>2025-07-04T23:01:24Z</Time><HeartRateBpm><Value>106</Value></HeartRateBpm><Extensions><ns3:TPX><ns3:Speed>0.0</ns3:Speed></ns3:TPX></Extensions></Trackpoint><Trackpoint><Time>2025-07-04T23:01:28Z</Time><HeartRateBpm><Value>104</Value></HeartRateBpm><Extensions><ns3:TPX><ns3:Speed>0.0</ns3:Speed></ns3:TPX></Extensions></Trackpoint><Trackpoint><Time>2025-07-04T23:01:29Z</Time><HeartRateBpm><Value>103</Value></HeartRateBpm><Extensions><ns3:TPX><ns3:Speed>0.0</ns3:Speed></ns3:TPX></Extensions></Trackpoint><Trackpoint><Time>2025-07-04T23:01:32Z</Time><HeartRateBpm><Value>101</Value></HeartRateBpm><Extensions><ns3:TPX><ns3:Speed>0.0</ns3:Speed></ns3:TPX></Extensions></Trackpoint><Trackpoint><Time>2025-07-04T23:01:33Z</Time><HeartRateBpm><Value>96</Value></HeartRateBpm><Extensions><ns3:TPX><ns3:Speed>0.0</ns3:Speed></ns3:TPX></Extensions></Trackpoint><Trackpoint><Time>2025-07-04T23:01:34Z</Time><HeartRateBpm><Value>95</Value></HeartRateBpm><Extensions><ns3:TPX><ns3:Speed>0.0</ns3:Speed></ns3:TPX></Extensions></Trackpoint><Trackpoint><Time>2025-07-04T23:01:39Z</Time><HeartRateBpm><Value>95</Value></HeartRateBpm><Extensions><ns3:TPX><ns3:Speed>0.0</ns3:Speed></ns3:TPX></Extensions></Trackpoint><Trackpoint><Time>2025-07-04T23:01:40Z</Time><HeartRateBpm><Value>97</Value></HeartRateBpm><Extensions><ns3:TPX><ns3:Speed>0.0</ns3:Speed></ns3:TPX></Extensions></Trackpoint></Track></Lap></Activity></Activities></TrainingCenterDatabase>