<?xml version="1.0" encoding="UTF-8"?><TrainingCenterDatabase xmlns="http://www.garmin.com/xmlschemas/TrainingCenterDatabase/v2" xmlns:ns2="http://www.garmin.com/xmlschemas/UserProfile/v2" xmlns:ns3="http://www.garmin.com/xmlschemas/ActivityExtension/v2" xmlns:ns5="http://www.garmin.com/xmlschemas/ActivityGoals/v1" xmlns:xsi="http://www.w3.org/2001/XMLSchema-instance" xsi:schemaLocation="http://www.garmin.com/xmlschemas/TrainingCenterDatabase/v2 http://www.garmin.com/xmlschemas/TrainingCenterDatabasev2.xsd"><Activities><Activity Sport="Workout"><Id>2025-08-01T21:32:33Z</Id><Creator><Name>Amazfit Bip U Pro</Name></Creator><Lap StartTime="2025-08-01T21:32:33Z"><Calories>474.0</Calories><DistanceMeters>0.0</DistanceMeters><TotalTimeSeconds>4521</TotalTimeSeconds><AverageHeartRateBpm><Value>102</Value></AverageHeartRateBpm><Track><Trackpoint><Time>2025-08-01T21:32:33Z</Time></Trackpoint><Trackpoint><Time>2025-08-01T21:32:44Z</Time><Extensions><ns3:TPX><ns3:Speed>0.0</ns3:Speed></ns3:TPX></Extensions></Trackpoint><Trackpoint><Time>2025-08-01T21:32:50Z</Time><HeartRateBpm><Value>93</Value></HeartRateBpm><Extensions><ns3:TPX><ns3:Speed>0.0</ns3:Speed></ns3:TPX></Extensions></Trackpoint><Trackpoint><Time>2025-08-01T21:32:55Z</Time><HeartRateBpm><Value>93</Value></HeartRateBpm><Extensions><ns3:TPX><ns3:Speed>0.0</ns3:Speed></ns3:TPX></Extensions></Trackpoint><Trackpoint><Time>2025-08-01T21:32:56Z</Time><HeartRateBpm><Value>92</Value></HeartRateBpm><Extensions><ns3:TPX><ns3:Speed>0.0</ns3:Speed></ns3:TPX></Extensions></Trackpoint><Trackpoint><Time>2025-08-01T21:33:00Z</Time><HeartRateBpm><Value>93</Value></HeartRateBpm><Extensions><ns3:TPX><ns3:Speed>0.0</ns3:Speed></ns3:TPX></Extensions></Trackpoint><Trackpoint><Time>2025-08-01T21:33:01Z</Time><HeartRateBpm><Value>94</Value></HeartRateBpm><Extensions><ns3:TPX><ns3:Speed>0.0</ns3:Speed></ns3:TPX></Extensions></Trackpoint><Trackpoint><Time>2025-08-01T21:33:06Z</Time><HeartRateBpm><Value>94</Value></HeartRateBpm><Extensions><ns3:TPX><ns3:Speed>0.0</ns3:Speed></ns3:TPX></Extensions></Trackpoint><Trackpoint><Time>2025-08-01T21:33:08Z</Time><HeartRateBpm><Value>96</Value></HeartRateBpm><Extensions><ns3:TPX><ns3:Speed>0.0</ns3:Speed></ns3:TPX></Extensions></Trackpoint><Trackpoint><Time>2025-08-01T21:33:13Z</Time><HeartRateBpm><Value>97</Value></HeartRateBpm><Extensions><ns3:TPX><ns3:Speed>0.0</ns3:Speed></ns3:TPX></Extensions></Trackpoint><Trackpoint><Time>2025-08-01T21:33:14Z</Time><HeartRateBpm><Value>99</Value></HeartRateBpm><Extensions><ns3:TPX><ns3:Speed>0.0</ns3:Speed></ns3:TPX></Extensions></Trackpoint><Trackpoint><Time>2025-08-01T21:33:15Z</Time><HeartRateBpm><Value>100</Value></HeartRateBpm><Extensions><ns3:TPX><ns3:Speed>0.0</ns3:Speed></ns3:TPX></Extensions></Trackpoint><Trackpoint><Time>2025-08-01T21:33:19Z</Time><HeartRateBpm><Value>101</Value></HeartRateBpm><Extensions><ns3:TPX><ns3:Speed>0.0</ns3:Speed></ns3:TPX></Extensions></Trackpoint><Trackpoint><Time>2025-08-01T21:33:21Z</Time><HeartRateBpm><Value>100</Value></HeartRateBpm><Extensions><ns3:TPX><ns3:Speed>0.0</ns3:Speed></ns3:TPX></Extensions></Trackpoint><Trackpoint><Time>2025-08-01T21:33:22Z</Time><HeartRateBpm><Value>99</Value></HeartRateBpm><Extensions><ns3:TPX><ns3:Speed>0.0</ns3:Speed></ns3:TPX></Extensions></Trackpoint><Trackpoint><Time>2025-08-01T21:33:24Z</Time><HeartRateBpm><Value>100</Value></HeartRateBpm><Extensions><ns3:TPX><ns3:Speed>0.0</ns3:Speed></ns3:TPX></Extensions></Trackpoint><Trackpoint><Time>2025-08-01T21:33:25Z</Time><HeartRateBpm><Value>102</Value></HeartRateBpm><Extensions><ns3:TPX><ns3:Speed>0.0</ns3:Speed></ns3:TPX></Extensions></Trackpoint><Trackpoint><Time>2025-08-01T21:33:26Z</Time><HeartRateBpm><Value>103</Value></HeartRateBpm><Extensions><ns3:TPX><ns3:Speed>0.0</ns3:Speed></ns3:TPX></Extensions></Trackpoint><Trackpoint><Time>2025-08-01T21:33:28Z</Time><HeartRateBpm><Value>100</Value></HeartRateBpm><Extensions><ns3:TPX><ns3:Speed>0.0</ns3:Speed></ns3:TPX></Extensions></Trackpoint><Trackpoint><Time>2025-08-01T21:33:31Z</Time><HeartRateBpm><Value>101</Value></HeartRateBpm><Extensions><ns3:TPX><ns3:Speed>0.0</ns3:Speed></ns3:TPX></Extensions></Trackpoint><Trackpoint><Time>2025-08-01T21:33:34Z</Time><HeartRateBpm><Value>102</Value></HeartRateBpm><Extensions><ns3:TPX><ns3:Speed>0.0</ns3:Speed></ns3:TPX></Extensions></Trackpoint><Trackpoint><Time>2025-08-01T21:33:36Z</Time><HeartRateBpm><Value>103</Value></HeartRateBpm><Extensions><ns3:TPX><ns3:Speed>0.0</ns3:Speed></ns3:TPX></Extensions></Trackpoint><Trackpoint><Time>2025-08-01T21:33:37Z</Time><HeartRateBpm><Value>104</Value></HeartRateBpm><Extensions><ns3:TPX><ns3:Speed>0.0</ns3:Speed></ns3:TPX></Extensions></Trackpoint><Trackpoint><Time>2025-08-01T21:33:38Z</Time><HeartRateBpm><Value>105</Value></HeartRateBpm><Extensions><ns3:TPX><ns3:Speed>0.0</ns3:Speed></ns3:TPX></Extensions></Trackpoint><Trackpoint><Time>2025-08-01T21:33:40Z</Time><HeartRateBpm><Value>106</Value></HeartRateBpm><Extensions><ns3:TPX><ns3:Speed>0.0</ns3:Speed></ns3:TPX></Extensions></Trackpoint><Trackpoint><Time>2025-08-01T21:33:43Z</Time><HeartRateBpm><Value>107</Value></HeartRateBpm><Extensions><ns3:TPX><ns3:Speed>0.0</ns3:Speed></ns3:TPX></Extensions></Trackpoint><Trackpoint><Time>2025-08-01T21:33:44Z</Time><HeartRateBpm><Value>106</Value></HeartRateBpm><Extensions><ns3:TPX><ns3:Speed>0.0</ns3:Speed></ns3:TPX></Extensions></Trackpoint><Trackpoint><Time>2025-08-01T21:33:45Z</Time><HeartRateBpm><Value>107</Value></HeartRateBpm><Extensions><ns3:TPX><ns3:Speed>0.0</ns3:Speed></ns3:TPX></Extensions></Trackpoint><Trackpoint><Time>2025-08-01T21:33:46Z</Time><HeartRateBpm><Value>106</Value></HeartRateBpm><Extensions><ns3:TPX><ns3:Speed>0.0</ns3:Speed></ns3:TPX></Extensions></Trackpoint><Trackpoint><Time>2025-08-01T21:33:48Z</Time><HeartRateBpm><Value>105</Value></HeartRateBpm><Extensions><ns3:TPX><ns3:Speed>0.0</ns3:Speed></ns3:TPX></Extensions></Trackpoint><Trackpoint><Time>2025-08-01T21:33:49Z</Time><HeartRateBpm><Value>104</Value></HeartRateBpm><Extensions><ns3:TPX><ns3:Speed>0.0</ns3:Speed></ns3:TPX></Extensions></Trackpoint><Trackpoint><Time>2025-08-01T21:33:55Z</Time><HeartRateBpm><Value>104</Value></HeartRateBpm><Extensions><ns3:TPX><ns3:Speed>0.0</ns3:Speed></ns3:TPX></Extensions></Trackpoint><Trackpoint><Time>2025-08-01T21:33:59Z</Time><HeartRateBpm><Value>103</Value></HeartRateBpm><Extensions><ns3:TPX><ns3:Speed>0.0</ns3:Speed></ns3:TPX></Extensions></Trackpoint><Trackpoint><Time>2025-08-01T21:34:00Z</Time><HeartRateBpm><Value>102</Value></HeartRateBpm><Extensions><ns3:TPX><ns3:Speed>0.0</ns3:Speed></ns3:TPX></Extensions></Trackpoint><Trackpoint><Time>2025-08-01T21:34:03Z</Time><HeartRateBpm><Value>104</Value></HeartRateBpm><Extensions><ns3:TPX><ns3:Speed>0.0</ns3:Speed></ns3:TPX></Extensions></Trackpoint><Trackpoint><Time>2025-08-01T21:34:06Z</Time><HeartRateBpm><Value>105</Value></HeartRateBpm><Extensions><ns3:TPX><ns3:Speed>0.0</ns3:Speed></ns3:TPX></Extensions></Trackpoint><Trackpoint><Time>2025-08-01T21:34:09Z</Time><HeartRateBpm><Value>104</Value></HeartRateBpm><Extensions><ns3:TPX><ns3:Speed>0.0</ns3:Speed></ns3:TPX></Extensions></Trackpoint><Trackpoint><Time>2025-08-01T21:34:14Z</Time><HeartRateBpm><Value>104</Value></HeartRateBpm><Extensions><ns3:TPX><ns3:Speed>0.0</ns3:Speed></ns3:TPX></Extensions></Trackpoint><Trackpoint><Time>2025-08-01T21:34:19Z</Time><HeartRateBpm><Value>105</Value></HeartRateBpm><Extensions><ns3:TPX><ns3:Speed>0.0</ns3:Speed></ns3:TPX></Extensions></Trackpoint><Trackpoint><Time>2025-08-01T21:34:20Z</Time><HeartRateBpm><Value>106</Value></HeartRateBpm><Extensions><ns3:TPX><ns3:Speed>0.0</ns3:Speed></ns3:TPX></Extensions></Trackpoint><Trackpoint><Time>2025-08-01T21:34:22Z</Time><HeartRateBpm><Value>107</Value></HeartRateBpm><Extensions><ns3:TPX><ns3:Speed>0.0</ns3:Speed></ns3:TPX></Extensions></Trackpoint><Trackpoint><Time>2025-08-01T21:34:23Z</Time><HeartRateBpm><Value>108</Value></HeartRateBpm><Extensions><ns3:TPX><ns3:Speed>0.0</ns3:Speed></ns3:TPX></Extensions></Trackpoint><Trackpoint><Time>2025-08-01T21:34:28Z</Time><HeartRateBpm><Value>108</Value></HeartRateBpm><Extensions><ns3:TPX><ns3:Speed>0.0</ns3:Speed></ns3:TPX></Extensions></Trackpoint><Trackpoint><Time>2025-08-01T21:34:33Z</Time><HeartRateBpm><Value>108</Value></HeartRateBpm><Extensions><ns3:TPX><ns3:Speed>0.0</ns3:Speed></ns3:TPX></Extensions></Trackpoint><Trackpoint><Time>2025-08-01T21:34:34Z</Time><HeartRateBpm><Value>109</Value></HeartRateBpm><Extensions><ns3:TPX><ns3:Speed>0.0</ns3:Speed></ns3:TPX></Extensions></Trackpoint><Trackpoint><Time>2025-08-01T21:34:37Z</Time><HeartRateBpm><Value>110</Value></HeartRateBpm><Extensions><ns3:TPX><ns3:Speed>0.0</ns3:Speed></ns3:TPX></Extensions></Trackpoint><Trackpoint><Time>2025-08-01T21:34:38Z</Time><HeartRateBpm><Value>111</Value></HeartRateBpm><Extensions><ns3:TPX><ns3:Speed>0.0</ns3:Speed></ns3:TPX></Extensions></Trackpoint><Trackpoint><Time>2025-08-01T21:34:39Z</Time><HeartRateBpm><Value>112</Value></HeartRateBpm><Extensions><ns3:TPX><ns3:Speed>0.0</ns3:Speed></ns3:TPX></Extensions></Trackpoint><Trackpoint><Time>2025-08-01T21:34:40Z</Time><HeartRateBpm><Value>113</Value></HeartRateBpm><Extensions><ns3:TPX><ns3:Speed>0.0</ns3:Speed></ns3:TPX></Extensions></Trackpoint><Trackpoint><Time>2025-08-01T21:34:44Z</Time><HeartRateBpm><Value>114</Value></HeartRateBpm><Extensions><ns3:TPX><ns3:Speed>0.0</ns3:Speed></ns3:TPX></Extensions></Trackpoint><Trackpoint><Time>2025-08-01T21:34:47Z</Time><HeartRateBpm><Value>113</Value></HeartRateBpm><Extensions><ns3:TPX><ns3:Speed>0.0</ns3:Speed></ns3:TPX></Extensions></Trackpoint><Trackpoint><Time>2025-08-01T21:34:52Z</Time><HeartRateBpm><Value>115</Value></HeartRateBpm><Extensions><ns3:TPX><ns3:Speed>0.0</ns3:Speed></ns3:TPX></Extensions></Trackpoint><Trackpoint><Time>2025-08-01T21:34:53Z</Time><HeartRateBpm><Value>114</Value></HeartRateBpm><Extensions><ns3:TPX><ns3:Speed>0.0</ns3:Speed></ns3:TPX></Extensions></Trackpoint><Trackpoint><Time>2025-08-01T21:34:55Z</Time><HeartRateBpm><Value>112</Value></HeartRateBpm><Extensions><ns3:TPX><ns3:Speed>0.0</ns3:Speed></ns3:TPX></Extensions></Trackpoint><Trackpoint><Time>2025-08-01T21:34:56Z</Time><HeartRateBpm><Value>111</Value></HeartRateBpm><Extensions><ns3:TPX><ns3:Speed>0.0</ns3:Speed></ns3:TPX></Extensions></Trackpoint><Trackpoint><Time>2025-08-01T21:34:57Z</Time><HeartRateBpm><Value>109</Value></HeartRateBpm><Extensions><ns3:TPX><ns3:Speed>0.0</ns3:Speed></ns3:TPX></Extensions></Trackpoint><Trackpoint><Time>2025-08-01T21:34:59Z</Time><HeartRateBpm><Value>108</Value></HeartRateBpm><Extensions><ns3:TPX><ns3:Speed>0.0</ns3:Speed></ns3:TPX></Extensions></Trackpoint><Trackpoint><Time>2025-08-01T21:35:03Z</Time><HeartRateBpm><Value>109</Value></HeartRateBpm><Extensions><ns3:TPX><ns3:Speed>0.0</ns3:Speed></ns3:TPX></Extensions></Trackpoint><Trackpoint><Time>2025-08-01T21:35:04Z</Time><HeartRateBpm><Value>110</Value></HeartRateBpm><Extensions><ns3:TPX><ns3:Speed>0.0</ns3:Speed></ns3:TPX></Extensions></Trackpoint><Trackpoint><Time>2025-08-01T21:35:09Z</Time><HeartRateBpm><Value>111</Value></HeartRateBpm><Extensions><ns3:TPX><ns3:Speed>0.0</ns3:Speed></ns3:TPX></Extensions></Trackpoint><Trackpoint><Time>2025-08-01T21:35:14Z</Time><HeartRateBpm><Value>111</Value></HeartRateBpm><Extensions><ns3:TPX><ns3:Speed>0.0</ns3:Speed></ns3:TPX></Extensions></Trackpoint><Trackpoint><Time>2025-08-01T21:35:15Z</Time><HeartRateBpm><Value>110</Value></HeartRateBpm><Extensions><ns3:TPX><ns3:Speed>0.0</ns3:Speed></ns3:TPX></Extensions></Trackpoint><Trackpoint><Time>2025-08-01T21:35:16Z</Time><HeartRateBpm><Value>109</Value></HeartRateBpm><Extensions><ns3:TPX><ns3:Speed>0.0</ns3:Speed></ns3:TPX></Extensions></Trackpoint><Trackpoint><Time>2025-08-01T21:35:21Z</Time><HeartRateBpm><Value>109</Value></HeartRateBpm><Extensions><ns3:TPX><ns3:Speed>0.0</ns3:Speed></ns3:TPX></Extensions></Trackpoint><Trackpoint><Time>2025-08-01T21:35:22Z</Time><HeartRateBpm><Value>112</Value></HeartRateBpm><Extensions><ns3:TPX><ns3:Speed>0.0</ns3:Speed></ns3:TPX></Extensions></Trackpoint><Trackpoint><Time>2025-08-01T21:35:23Z</Time><HeartRateBpm><Value>113</Value></HeartRateBpm><Extensions><ns3:TPX><ns3:Speed>0.0</ns3:Speed></ns3:TPX></Extensions></Trackpoint><Trackpoint><Time>2025-08-01T21:35:25Z</Time><HeartRateBpm><Value>114</Value></HeartRateBpm><Extensions><ns3:TPX><ns3:Speed>0.0</ns3:Speed></ns3:TPX></Extensions></Trackpoint><Trackpoint><Time>2025-08-01T21:35:29Z</Time><HeartRateBpm><Value>114</Value></HeartRateBpm><Extensions><ns3:TPX><ns3:Speed>0.0</ns3:Speed></ns3:TPX></Extensions></Trackpoint><Trackpoint><Time>2025-08-01T21:35:34Z</Time><HeartRateBpm><Value>114</Value></HeartRateBpm><Extensions><ns3:TPX><ns3:Speed>0.0</ns3:Speed></ns3:TPX></Extensions></Trackpoint><Trackpoint><Time>2025-08-01T21:35:39Z</Time><HeartRateBpm><Value>115</Value></HeartRateBpm><Extensions><ns3:TPX><ns3:Speed>0.0</ns3:Speed></ns3:TPX></Extensions></Trackpoint><Trackpoint><Time>2025-08-01T21:35:42Z</Time><HeartRateBpm><Value>116</Value></HeartRateBpm><Extensions><ns3:TPX><ns3:Speed>0.0</ns3:Speed></ns3:TPX></Extensions></Trackpoint><Trackpoint><Time>2025-08-01T21:35:45Z</Time><HeartRateBpm><Value>117</Value></HeartRateBpm><Extensions><ns3:TPX><ns3:Speed>0.0</ns3:Speed></ns3:TPX></Extensions></Trackpoint><Trackpoint><Time>2025-08-01T21:35:46Z</Time><HeartRateBpm><Value>116</Value></HeartRateBpm><Extensions><ns3:TPX><ns3:Speed>0.0</ns3:Speed></ns3:TPX></Extensions></Trackpoint><Trackpoint><Time>2025-08-01T21:35:51Z</Time><HeartRateBpm><Value>116</Value></HeartRateBpm><Extensions><ns3:TPX><ns3:Speed>0.0</ns3:Speed></ns3:TPX></Extensions></Trackpoint><Trackpoint><Time>2025-08-01T21:35:53Z</Time><HeartRateBpm><Value>115</Value></HeartRateBpm><Extensions><ns3:TPX><ns3:Speed>0.0</ns3:Speed></ns3:TPX></Extensions></Trackpoint><Trackpoint><Time>2025-08-01T21:35:58Z</Time><HeartRateBpm><Value>116</Value></HeartRateBpm><Extensions><ns3:TPX><ns3:Speed>0.0</ns3:Speed></ns3:TPX></Extensions></Trackpoint><Trackpoint><Time>2025-08-01T21:35:59Z</Time><HeartRateBpm><Value>118</Value></HeartRateBpm><Extensions><ns3:TPX><ns3:Speed>0.0</ns3:Speed></ns3:TPX></Extensions></Trackpoint><Trackpoint><Time>2025-08-01T21:36:03Z</Time><HeartRateBpm><Value>119</Value></HeartRateBpm><Extensions><ns3:TPX><ns3:Speed>0.0</ns3:Speed></ns3:TPX></Extensions></Trackpoint><Trackpoint><Time>2025-08-01T21:36:05Z</Time><HeartRateBpm><Value>118</Value></HeartRateBpm><Extensions><ns3:TPX><ns3:Speed>0.0</ns3:Speed></ns3:TPX></Extensions></Trackpoint><Trackpoint><Time>2025-08-01T21:36:08Z</Time><HeartRateBpm><Value>117</Value></HeartRateBpm><Extensions><ns3:TPX><ns3:Speed>0.0</ns3:Speed></ns3:TPX></Extensions></Trackpoint><Trackpoint><Time>2025-08-01T21:36:10Z</Time><HeartRateBpm><Value>116</Value></HeartRateBpm><Extensions><ns3:TPX><ns3:Speed>0.0</ns3:Speed></ns3:TPX></Extensions></Trackpoint><Trackpoint><Time>2025-08-01T21:36:15Z</Time><HeartRateBpm><Value>115</Value></HeartRateBpm><Extensions><ns3:TPX><ns3:Speed>0.0</ns3:Speed></ns3:TPX></Extensions></Trackpoint><Trackpoint><Time>2025-08-01T21:36:16Z</Time><HeartRateBpm><Value>114</Value></HeartRateBpm><Extensions><ns3:TPX><ns3:Speed>0.0</ns3:Speed></ns3:TPX></Extensions></Trackpoint><Trackpoint><Time>2025-08-01T21:36:17Z</Time><HeartRateBpm><Value>113</Value></HeartRateBpm><Extensions><ns3:TPX><ns3:Speed>0.0</ns3:Speed></ns3:TPX></Extensions></Trackpoint><Trackpoint><Time>2025-08-01T21:36:21Z</Time><HeartRateBpm><Value>114</Value></HeartRateBpm><Extensions><ns3:TPX><ns3:Speed>0.0</ns3:Speed></ns3:TPX></Extensions></Trackpoint><Trackpoint><Time>2025-08-01T21:36:23Z</Time><HeartRateBpm><Value>116</Value></HeartRateBpm><Extensions><ns3:TPX><ns3:Speed>0.0</ns3:Speed></ns3:TPX></Extensions></Trackpoint><Trackpoint><Time>2025-08-01T21:36:26Z</Time><HeartRateBpm><Value>117</Value></HeartRateBpm><Extensions><ns3:TPX><ns3:Speed>0.0</ns3:Speed></ns3:TPX></Extensions></Trackpoint><Trackpoint><Time>2025-08-01T21:36:27Z</Time><HeartRateBpm><Value>118</Value></HeartRateBpm><Extensions><ns3:TPX><ns3:Speed>0.0</ns3:Speed></ns3:TPX></Extensions></Trackpoint><Trackpoint><Time>2025-08-01T21:36:28Z</Time><HeartRateBpm><Value>119</Value></HeartRateBpm><Extensions><ns3:TPX><ns3:Speed>0.0</ns3:Speed></ns3:TPX></Extensions></Trackpoint><Trackpoint><Time>2025-08-01T21:36:33Z</Time><HeartRateBpm><Value>119</Value></HeartRateBpm><Extensions><ns3:TPX><ns3:Speed>0.0</ns3:Speed></ns3:TPX></Extensions></Trackpoint><Trackpoint><Time>2025-08-01T21:36:36Z</Time><HeartRateBpm><Value>121</Value></HeartRateBpm><Extensions><ns3:TPX><ns3:Speed>0.0</ns3:Speed></ns3:TPX></Extensions></Trackpoint><Trackpoint><Time>2025-08-01T21:36:38Z</Time><HeartRateBpm><Value>125</Value></HeartRateBpm><Extensions><ns3:TPX><ns3:Speed>0.0</ns3:Speed></ns3:TPX></Extensions></Trackpoint><Trackpoint><Time>2025-08-01T21:36:39Z</Time><HeartRateBpm><Value>128</Value></HeartRateBpm><Extensions><ns3:TPX><ns3:Speed>0.0</ns3:Speed></ns3:TPX></Extensions></Trackpoint><Trackpoint><Time>2025-08-01T21:36:41Z</Time><HeartRateBpm><Value>123</Value></HeartRateBpm><Extensions><ns3:TPX><ns3:Speed>0.0</ns3:Speed></ns3:TPX></Extensions></Trackpoint><Trackpoint><Time>2025-08-01T21:36:42Z</Time><HeartRateBpm><Value>125</Value></HeartRateBpm><Extensions><ns3:TPX><ns3:Speed>0.0</ns3:Speed></ns3:TPX></Extensions></Trackpoint><Trackpoint><Time>2025-08-01T21:36:44Z</Time><HeartRateBpm><Value>121</Value></HeartRateBpm><Extensions><ns3:TPX><ns3:Speed>0.0</ns3:Speed></ns3:TPX></Extensions></Trackpoint><Trackpoint><Time>2025-08-01T21:36:45Z</Time><HeartRateBpm><Value>119</Value></HeartRateBpm><Extensions><ns3:TPX><ns3:Speed>0.0</ns3:Speed></ns3:TPX></Extensions></Trackpoint><Trackpoint><Time>2025-08-01T21:36:46Z</Time><HeartRateBpm><Value>118</Value></HeartRateBpm><Extensions><ns3:TPX><ns3:Speed>0.0</ns3:Speed></ns3:TPX></Extensions></Trackpoint><Trackpoint><Time>2025-08-01T21:36:47Z</Time><HeartRateBpm><Value>119</Value></HeartRateBpm><Extensions><ns3:TPX><ns3:Speed>0.0</ns3:Speed></ns3:TPX></Extensions></Trackpoint><Trackpoint><Time>2025-08-01T21:36:51Z</Time><HeartRateBpm><Value>118</Value></HeartRateBpm><Extensions><ns3:TPX><ns3:Speed>0.0</ns3:Speed></ns3:TPX></Extensions></Trackpoint><Trackpoint><Time>2025-08-01T21:36:52Z</Time><HeartRateBpm><Value>107</Value></HeartRateBpm><Extensions><ns3:TPX><ns3:Speed>0.0</ns3:Speed></ns3:TPX></Extensions></Trackpoint><Trackpoint><Time>2025-08-01T21:36:53Z</Time><HeartRateBpm><Value>102</Value></HeartRateBpm><Extensions><ns3:TPX><ns3:Speed>0.0</ns3:Speed></ns3:TPX></Extensions></Trackpoint><Trackpoint><Time>2025-08-01T21:36:54Z</Time><HeartRateBpm><Value>99</Value></HeartRateBpm><Extensions><ns3:TPX><ns3:Speed>0.0</ns3:Speed></ns3:TPX></Extensions></Trackpoint><Trackpoint><Time>2025-08-01T21:36:56Z</Time><HeartRateBpm><Value>96</Value></HeartRateBpm><Extensions><ns3:TPX><ns3:Speed>0.0</ns3:Speed></ns3:TPX></Extensions></Trackpoint><Trackpoint><Time>2025-08-01T21:36:57Z</Time><HeartRateBpm><Value>93</Value></HeartRateBpm><Extensions><ns3:TPX><ns3:Speed>0.0</ns3:Speed></ns3:TPX></Extensions></Trackpoint><Trackpoint><Time>2025-08-01T21:36:58Z</Time><HeartRateBpm><Value>91</Value></HeartRateBpm><Extensions><ns3:TPX><ns3:Speed>0.0</ns3:Speed></ns3:TPX></Extensions></Trackpoint><Trackpoint><Time>2025-08-01T21:36:59Z</Time><HeartRateBpm><Value>90</Value></HeartRateBpm><Extensions><ns3:TPX><ns3:Speed>0.0</ns3:Speed></ns3:TPX></Extensions></Trackpoint><Trackpoint><Time>2025-08-01T21:37:04Z</Time><HeartRateBpm><Value>90</Value></HeartRateBpm><Extensions><ns3:TPX><ns3:Speed>0.0</ns3:Speed></ns3:TPX></Extensions></Trackpoint><Trackpoint><Time>2025-08-01T21:37:09Z</Time><HeartRateBpm><Value>90</Value></HeartRateBpm><Extensions><ns3:TPX><ns3:Speed>0.0</ns3:Speed></ns3:TPX></Extensions></Trackpoint><Trackpoint><Time>2025-08-01T21:37:10Z</Time><HeartRateBpm><Value>89</Value></HeartRateBpm><Extensions><ns3:TPX><ns3:Speed>0.0</ns3:Speed></ns3:TPX></Extensions></Trackpoint><Trackpoint><Time>2025-08-01T21:37:14Z</Time><HeartRateBpm><Value>90</Value></HeartRateBpm><Extensions><ns3:TPX><ns3:Speed>0.0</ns3:Speed></ns3:TPX></Extensions></Trackpoint><Trackpoint><Time>2025-08-01T21:37:16Z</Time><HeartRateBpm><Value>89</Value></HeartRateBpm><Extensions><ns3:TPX><ns3:Speed>0.0</ns3:Speed></ns3:TPX></Extensions></Trackpoint><Trackpoint><Time>2025-08-01T21:37:17Z</Time><HeartRateBpm><Value>87</Value></HeartRateBpm><Extensions><ns3:TPX><ns3:Speed>0.0</ns3:Speed></ns3:TPX></Extensions></Trackpoint><Trackpoint><Time>2025-08-01T21:37:18Z</Time><HeartRateBpm><Value>86</Value></HeartRateBpm><Extensions><ns3:TPX><ns3:Speed>0.0</ns3:Speed></ns3:TPX></Extensions></Trackpoint><Trackpoint><Time>2025-08-01T21:37:20Z</Time><HeartRateBpm><Value>85</Value></HeartRateBpm><Extensions><ns3:TPX><ns3:Speed>0.0</ns3:Speed></ns3:TPX></Extensions></Trackpoint><Trackpoint><Time>2025-08-01T21:37:23Z</Time><HeartRateBpm><Value>84</Value></HeartRateBpm><Extensions><ns3:TPX><ns3:Speed>0.0</ns3:Speed></ns3:TPX></Extensions></Trackpoint><Trackpoint><Time>2025-08-01T21:37:24Z</Time><HeartRateBpm><Value>77</Value></HeartRateBpm><Extensions><ns3:TPX><ns3:Speed>0.0</ns3:Speed></ns3:TPX></Extensions></Trackpoint><Trackpoint><Time>2025-08-01T21:37:26Z</Time><HeartRateBpm><Value>72</Value></HeartRateBpm><Extensions><ns3:TPX><ns3:Speed>0.0</ns3:Speed></ns3:TPX></Extensions></Trackpoint><Trackpoint><Time>2025-08-01T21:37:28Z</Time><HeartRateBpm><Value>73</Value></HeartRateBpm><Extensions><ns3:TPX><ns3:Speed>0.0</ns3:Speed></ns3:TPX></Extensions></Trackpoint><Trackpoint><Time>2025-08-01T21:37:29Z</Time><HeartRateBpm><Value>74</Value></HeartRateBpm><Extensions><ns3:TPX><ns3:Speed>0.0</ns3:Speed></ns3:TPX></Extensions></Trackpoint><Trackpoint><Time>2025-08-01T21:37:32Z</Time><HeartRateBpm><Value>75</Value></HeartRateBpm><Extensions><ns3:TPX><ns3:Speed>0.0</ns3:Speed></ns3:TPX></Extensions></Trackpoint><Trackpoint><Time>2025-08-01T21:37:33Z</Time><HeartRateBpm><Value>76</Value></HeartRateBpm><Extensions><ns3:TPX><ns3:Speed>0.0</ns3:Speed></ns3:TPX></Extensions></Trackpoint><Trackpoint><Time>2025-08-01T21:37:35Z</Time><HeartRateBpm><Value>78</Value></HeartRateBpm><Extensions><ns3:TPX><ns3:Speed>0.0</ns3:Speed></ns3:TPX></Extensions></Trackpoint><Trackpoint><Time>2025-08-01T21:37:36Z</Time><HeartRateBpm><Value>80</Value></HeartRateBpm><Extensions><ns3:TPX><ns3:Speed>0.0</ns3:Speed></ns3:TPX></Extensions></Trackpoint><Trackpoint><Time>2025-08-01T21:37:38Z</Time><HeartRateBpm><Value>81</Value></HeartRateBpm><Extensions><ns3:TPX><ns3:Speed>0.0</ns3:Speed></ns3:TPX></Extensions></Trackpoint><Trackpoint><Time>2025-08-01T21:37:39Z</Time><HeartRateBpm><Value>82</Value></HeartRateBpm><Extensions><ns3:TPX><ns3:Speed>0.0</ns3:Speed></ns3:TPX></Extensions></Trackpoint><Trackpoint><Time>2025-08-01T21:37:41Z</Time><HeartRateBpm><Value>80</Value></HeartRateBpm><Extensions><ns3:TPX><ns3:Speed>0.0</ns3:Speed></ns3:TPX></Extensions></Trackpoint><Trackpoint><Time>2025-08-01T21:37:45Z</Time><HeartRateBpm><Value>82</Value></HeartRateBpm><Extensions><ns3:TPX><ns3:Speed>0.0</ns3:Speed></ns3:TPX></Extensions></Trackpoint><Trackpoint><Time>2025-08-01T21:37:46Z</Time><HeartRateBpm><Value>83</Value></HeartRateBpm><Extensions><ns3:TPX><ns3:Speed>0.0</ns3:Speed></ns3:TPX></Extensions></Trackpoint><Trackpoint><Time>2025-08-01T21:37:51Z</Time><HeartRateBpm><Value>83</Value></HeartRateBpm><Extensions><ns3:TPX><ns3:Speed>0.0</ns3:Speed></ns3:TPX></Extensions></Trackpoint><Trackpoint><Time>2025-08-01T21:37:57Z</Time><HeartRateBpm><Value>82</Value></HeartRateBpm><Extensions><ns3:TPX><ns3:Speed>0.0</ns3:Speed></ns3:TPX></Extensions></Trackpoint><Trackpoint><Time>2025-08-01T21:37:59Z</Time><HeartRateBpm><Value>81</Value></HeartRateBpm><Extensions><ns3:TPX><ns3:Speed>0.0</ns3:Speed></ns3:TPX></Extensions></Trackpoint><Trackpoint><Time>2025-08-01T21:38:00Z</Time><HeartRateBpm><Value>82</Value></HeartRateBpm><Extensions><ns3:TPX><ns3:Speed>0.0</ns3:Speed></ns3:TPX></Extensions></Trackpoint><Trackpoint><Time>2025-08-01T21:38:04Z</Time><HeartRateBpm><Value>83</Value></HeartRateBpm><Extensions><ns3:TPX><ns3:Speed>0.0</ns3:Speed></ns3:TPX></Extensions></Trackpoint><Trackpoint><Time>2025-08-01T21:38:09Z</Time><HeartRateBpm><Value>83</Value></HeartRateBpm><Extensions><ns3:TPX><ns3:Speed>0.0</ns3:Speed></ns3:TPX></Extensions></Trackpoint><Trackpoint><Time>2025-08-01T21:38:12Z</Time><HeartRateBpm><Value>84</Value></HeartRateBpm><Extensions><ns3:TPX><ns3:Speed>0.0</ns3:Speed></ns3:TPX></Extensions></Trackpoint><Trackpoint><Time>2025-08-01T21:38:16Z</Time><HeartRateBpm><Value>83</Value></HeartRateBpm><Extensions><ns3:TPX><ns3:Speed>0.0</ns3:Speed></ns3:TPX></Extensions></Trackpoint><Trackpoint><Time>2025-08-01T21:38:17Z</Time><HeartRateBpm><Value>82</Value></HeartRateBpm><Extensions><ns3:TPX><ns3:Speed>0.0</ns3:Speed></ns3:TPX></Extensions></Trackpoint><Trackpoint><Time>2025-08-01T21:38:22Z</Time><HeartRateBpm><Value>83</Value></HeartRateBpm><Extensions><ns3:TPX><ns3:Speed>0.0</ns3:Speed></ns3:TPX></Extensions></Trackpoint><Trackpoint><Time>2025-08-01T21:38:24Z</Time><HeartRateBpm><Value>82</Value></HeartRateBpm><Extensions><ns3:TPX><ns3:Speed>0.0</ns3:Speed></ns3:TPX></Extensions></Trackpoint><Trackpoint><Time>2025-08-01T21:38:29Z</Time><HeartRateBpm><Value>82</Value></HeartRateBpm><Extensions><ns3:TPX><ns3:Speed>0.0</ns3:Speed></ns3:TPX></Extensions></Trackpoint><Trackpoint><Time>2025-08-01T21:38:30Z</Time><HeartRateBpm><Value>84</Value></HeartRateBpm><Extensions><ns3:TPX><ns3:Speed>0.0</ns3:Speed></ns3:TPX></Extensions></Trackpoint><Trackpoint><Time>2025-08-01T21:38:31Z</Time><HeartRateBpm><Value>83</Value></HeartRateBpm><Extensions><ns3:TPX><ns3:Speed>0.0</ns3:Speed></ns3:TPX></Extensions></Trackpoint><Trackpoint><Time>2025-08-01T21:38:35Z</Time><HeartRateBpm><Value>84</Value></HeartRateBpm><Extensions><ns3:TPX><ns3:Speed>0.0</ns3:Speed></ns3:TPX></Extensions></Trackpoint><Trackpoint><Time>2025-08-01T21:38:36Z</Time><HeartRateBpm><Value>85</Value></HeartRateBpm><Extensions><ns3:TPX><ns3:Speed>0.0</ns3:Speed></ns3:TPX></Extensions></Trackpoint><Trackpoint><Time>2025-08-01T21:38:41Z</Time><HeartRateBpm><Value>85</Value></HeartRateBpm><Extensions><ns3:TPX><ns3:Speed>0.0</ns3:Speed></ns3:TPX></Extensions></Trackpoint><Trackpoint><Time>2025-08-01T21:38:42Z</Time><HeartRateBpm><Value>86</Value></HeartRateBpm><Extensions><ns3:TPX><ns3:Speed>0.0</ns3:Speed></ns3:TPX></Extensions></Trackpoint><Trackpoint><Time>2025-08-01T21:38:43Z</Time><HeartRateBpm><Value>87</Value></HeartRateBpm><Extensions><ns3:TPX><ns3:Speed>0.0</ns3:Speed></ns3:TPX></Extensions></Trackpoint><Trackpoint><Time>2025-08-01T21:38:45Z</Time><HeartRateBpm><Value>88</Value></HeartRateBpm><Extensions><ns3:TPX><ns3:Speed>0.0</ns3:Speed></ns3:TPX></Extensions></Trackpoint><Trackpoint><Time>2025-08-01T21:38:46Z</Time><HeartRateBpm><Value>87</Value></HeartRateBpm><Extensions><ns3:TPX><ns3:Speed>0.0</ns3:Speed></ns3:TPX></Extensions></Trackpoint><Trackpoint><Time>2025-08-01T21:38:47Z</Time><HeartRateBpm><Value>86</Value></HeartRateBpm><Extensions><ns3:TPX><ns3:Speed>0.0</ns3:Speed></ns3:TPX></Extensions></Trackpoint><Trackpoint><Time>2025-08-01T21:38:48Z</Time><HeartRateBpm><Value>85</Value></HeartRateBpm><Extensions><ns3:TPX><ns3:Speed>0.0</ns3:Speed></ns3:TPX></Extensions></Trackpoint><Trackpoint><Time>2025-08-01T21:38:51Z</Time><HeartRateBpm><Value>86</Value></HeartRateBpm><Extensions><ns3:TPX><ns3:Speed>0.0</ns3:Speed></ns3:TPX></Extensions></Trackpoint><Trackpoint><Time>2025-08-01T21:38:53Z</Time><HeartRateBpm><Value>87</Value></HeartRateBpm><Extensions><ns3:TPX><ns3:Speed>0.0</ns3:Speed></ns3:TPX></Extensions></Trackpoint><Trackpoint><Time>2025-08-01T21:38:54Z</Time><HeartRateBpm><Value>88</Value></HeartRateBpm><Extensions><ns3:TPX><ns3:Speed>0.0</ns3:Speed></ns3:TPX></Extensions></Trackpoint><Trackpoint><Time>2025-08-01T21:38:55Z</Time><HeartRateBpm><Value>89</Value></HeartRateBpm><Extensions><ns3:TPX><ns3:Speed>0.0</ns3:Speed></ns3:TPX></Extensions></Trackpoint><Trackpoint><Time>2025-08-01T21:39:00Z</Time><HeartRateBpm><Value>89</Value></HeartRateBpm><Extensions><ns3:TPX><ns3:Speed>0.0</ns3:Speed></ns3:TPX></Extensions></Trackpoint><Trackpoint><Time>2025-08-01T21:39:05Z</Time><HeartRateBpm><Value>90</Value></HeartRateBpm><Extensions><ns3:TPX><ns3:Speed>0.0</ns3:Speed></ns3:TPX></Extensions></Trackpoint><Trackpoint><Time>2025-08-01T21:39:06Z</Time><HeartRateBpm><Value>91</Value></HeartRateBpm><Extensions><ns3:TPX><ns3:Speed>0.0</ns3:Speed></ns3:TPX></Extensions></Trackpoint><Trackpoint><Time>2025-08-01T21:39:07Z</Time><HeartRateBpm><Value>92</Value></HeartRateBpm><Extensions><ns3:TPX><ns3:Speed>0.0</ns3:Speed></ns3:TPX></Extensions></Trackpoint><Trackpoint><Time>2025-08-01T21:39:10Z</Time><HeartRateBpm><Value>91</Value></HeartRateBpm><Extensions><ns3:TPX><ns3:Speed>0.0</ns3:Speed></ns3:TPX></Extensions></Trackpoint><Trackpoint><Time>2025-08-01T21:39:11Z</Time><HeartRateBpm><Value>92</Value></HeartRateBpm><Extensions><ns3:TPX><ns3:Speed>0.0</ns3:Speed></ns3:TPX></Extensions></Trackpoint><Trackpoint><Time>2025-08-01T21:39:16Z</Time><HeartRateBpm><Value>91</Value></HeartRateBpm><Extensions><ns3:TPX><ns3:Speed>0.0</ns3:Speed></ns3:TPX></Extensions></Trackpoint><Trackpoint><Time>2025-08-01T21:39:17Z</Time><HeartRateBpm><Value>92</Value></HeartRateBpm><Extensions><ns3:TPX><ns3:Speed>0.0</ns3:Speed></ns3:TPX></Extensions></Trackpoint><Trackpoint><Time>2025-08-01T21:39:22Z</Time><HeartRateBpm><Value>92</Value></HeartRateBpm><Extensions><ns3:TPX><ns3:Speed>0.0</ns3:Speed></ns3:TPX></Extensions></Trackpoint><Trackpoint><Time>2025-08-01T21:39:28Z</Time><HeartRateBpm><Value>92</Value></HeartRateBpm><Extensions><ns3:TPX><ns3:Speed>0.0</ns3:Speed></ns3:TPX></Extensions></Trackpoint><Trackpoint><Time>2025-08-01T21:39:31Z</Time><HeartRateBpm><Value>90</Value></HeartRateBpm><Extensions><ns3:TPX><ns3:Speed>0.0</ns3:Speed></ns3:TPX></Extensions></Trackpoint><Trackpoint><Time>2025-08-01T21:39:34Z</Time><HeartRateBpm><Value>89</Value></HeartRateBpm><Extensions><ns3:TPX><ns3:Speed>0.0</ns3:Speed></ns3:TPX></Extensions></Trackpoint><Trackpoint><Time>2025-08-01T21:39:36Z</Time><HeartRateBpm><Value>88</Value></HeartRateBpm><Extensions><ns3:TPX><ns3:Speed>0.0</ns3:Speed></ns3:TPX></Extensions></Trackpoint><Trackpoint><Time>2025-08-01T21:39:37Z</Time><HeartRateBpm><Value>90</Value></HeartRateBpm><Extensions><ns3:TPX><ns3:Speed>0.0</ns3:Speed></ns3:TPX></Extensions></Trackpoint><Trackpoint><Time>2025-08-01T21:39:38Z</Time><HeartRateBpm><Value>91</Value></HeartRateBpm><Extensions><ns3:TPX><ns3:Speed>0.0</ns3:Speed></ns3:TPX></Extensions></Trackpoint><Trackpoint><Time>2025-08-01T21:39:43Z</Time><HeartRateBpm><Value>91</Value></HeartRateBpm><Extensions><ns3:TPX><ns3:Speed>0.0</ns3:Speed></ns3:TPX></Extensions></Trackpoint><Trackpoint><Time>2025-08-01T21:39:44Z</Time><HeartRateBpm><Value>92</Value></HeartRateBpm><Extensions><ns3:TPX><ns3:Speed>0.0</ns3:Speed></ns3:TPX></Extensions></Trackpoint><Trackpoint><Time>2025-08-01T21:39:47Z</Time><HeartRateBpm><Value>93</Value></HeartRateBpm><Extensions><ns3:TPX><ns3:Speed>0.0</ns3:Speed></ns3:TPX></Extensions></Trackpoint><Trackpoint><Time>2025-08-01T21:39:49Z</Time><HeartRateBpm><Value>94</Value></HeartRateBpm><Extensions><ns3:TPX><ns3:Speed>0.0</ns3:Speed></ns3:TPX></Extensions></Trackpoint><Trackpoint><Time>2025-08-01T21:39:54Z</Time><HeartRateBpm><Value>94</Value></HeartRateBpm><Extensions><ns3:TPX><ns3:Speed>0.0</ns3:Speed></ns3:TPX></Extensions></Trackpoint><Trackpoint><Time>2025-08-01T21:39:55Z</Time><HeartRateBpm><Value>93</Value></HeartRateBpm><Extensions><ns3:TPX><ns3:Speed>0.0</ns3:Speed></ns3:TPX></Extensions></Trackpoint><Trackpoint><Time>2025-08-01T21:39:58Z</Time><HeartRateBpm><Value>92</Value></HeartRateBpm><Extensions><ns3:TPX><ns3:Speed>0.0</ns3:Speed></ns3:TPX></Extensions></Trackpoint><Trackpoint><Time>2025-08-01T21:40:00Z</Time><HeartRateBpm><Value>93</Value></HeartRateBpm><Extensions><ns3:TPX><ns3:Speed>0.0</ns3:Speed></ns3:TPX></Extensions></Trackpoint><Trackpoint><Time>2025-08-01T21:40:01Z</Time><HeartRateBpm><Value>96</Value></HeartRateBpm><Extensions><ns3:TPX><ns3:Speed>0.0</ns3:Speed></ns3:TPX></Extensions></Trackpoint><Trackpoint><Time>2025-08-01T21:40:03Z</Time><HeartRateBpm><Value>95</Value></HeartRateBpm><Extensions><ns3:TPX><ns3:Speed>0.0</ns3:Speed></ns3:TPX></Extensions></Trackpoint><Trackpoint><Time>2025-08-01T21:40:07Z</Time><HeartRateBpm><Value>96</Value></HeartRateBpm><Extensions><ns3:TPX><ns3:Speed>0.0</ns3:Speed></ns3:TPX></Extensions></Trackpoint><Trackpoint><Time>2025-08-01T21:40:11Z</Time><HeartRateBpm><Value>97</Value></HeartRateBpm><Extensions><ns3:TPX><ns3:Speed>0.0</ns3:Speed></ns3:TPX></Extensions></Trackpoint><Trackpoint><Time>2025-08-01T21:40:14Z</Time><HeartRateBpm><Value>98</Value></HeartRateBpm><Extensions><ns3:TPX><ns3:Speed>0.0</ns3:Speed></ns3:TPX></Extensions></Trackpoint><Trackpoint><Time>2025-08-01T21:40:15Z</Time><HeartRateBpm><Value>99</Value></HeartRateBpm><Extensions><ns3:TPX><ns3:Speed>0.0</ns3:Speed></ns3:TPX></Extensions></Trackpoint><Trackpoint><Time>2025-08-01T21:40:20Z</Time><HeartRateBpm><Value>99</Value></HeartRateBpm><Extensions><ns3:TPX><ns3:Speed>0.0</ns3:Speed></ns3:TPX></Extensions></Trackpoint><Trackpoint><Time>2025-08-01T21:40:25Z</Time><HeartRateBpm><Value>100</Value></HeartRateBpm><Extensions><ns3:TPX><ns3:Speed>0.0</ns3:Speed></ns3:TPX></Extensions></Trackpoint><Trackpoint><Time>2025-08-01T21:40:26Z</Time><HeartRateBpm><Value>97</Value></HeartRateBpm><Extensions><ns3:TPX><ns3:Speed>0.0</ns3:Speed></ns3:TPX></Extensions></Trackpoint><Trackpoint><Time>2025-08-01T21:40:31Z</Time><HeartRateBpm><Value>97</Value></HeartRateBpm><Extensions><ns3:TPX><ns3:Speed>0.0</ns3:Speed></ns3:TPX></Extensions></Trackpoint><Trackpoint><Time>2025-08-01T21:40:33Z</Time><HeartRateBpm><Value>98</Value></HeartRateBpm><Extensions><ns3:TPX><ns3:Speed>0.0</ns3:Speed></ns3:TPX></Extensions></Trackpoint><Trackpoint><Time>2025-08-01T21:40:35Z</Time><HeartRateBpm><Value>99</Value></HeartRateBpm><Extensions><ns3:TPX><ns3:Speed>0.0</ns3:Speed></ns3:TPX></Extensions></Trackpoint><Trackpoint><Time>2025-08-01T21:40:37Z</Time><HeartRateBpm><Value>98</Value></HeartRateBpm><Extensions><ns3:TPX><ns3:Speed>0.0</ns3:Speed></ns3:TPX></Extensions></Trackpoint><Trackpoint><Time>2025-08-01T21:40:38Z</Time><HeartRateBpm><Value>96</Value></HeartRateBpm><Extensions><ns3:TPX><ns3:Speed>0.0</ns3:Speed></ns3:TPX></Extensions></Trackpoint><Trackpoint><Time>2025-08-01T21:40:41Z</Time><HeartRateBpm><Value>95</Value></HeartRateBpm><Extensions><ns3:TPX><ns3:Speed>0.0</ns3:Speed></ns3:TPX></Extensions></Trackpoint><Trackpoint><Time>2025-08-01T21:40:43Z</Time><HeartRateBpm><Value>94</Value></HeartRateBpm><Extensions><ns3:TPX><ns3:Speed>0.0</ns3:Speed></ns3:TPX></Extensions></Trackpoint><Trackpoint><Time>2025-08-01T21:40:44Z</Time><HeartRateBpm><Value>92</Value></HeartRateBpm><Extensions><ns3:TPX><ns3:Speed>0.0</ns3:Speed></ns3:TPX></Extensions></Trackpoint><Trackpoint><Time>2025-08-01T21:40:48Z</Time><HeartRateBpm><Value>91</Value></HeartRateBpm><Extensions><ns3:TPX><ns3:Speed>0.0</ns3:Speed></ns3:TPX></Extensions></Trackpoint><Trackpoint><Time>2025-08-01T21:40:52Z</Time><HeartRateBpm><Value>90</Value></HeartRateBpm><Extensions><ns3:TPX><ns3:Speed>0.0</ns3:Speed></ns3:TPX></Extensions></Trackpoint><Trackpoint><Time>2025-08-01T21:40:56Z</Time><HeartRateBpm><Value>89</Value></HeartRateBpm><Extensions><ns3:TPX><ns3:Speed>0.0</ns3:Speed></ns3:TPX></Extensions></Trackpoint><Trackpoint><Time>2025-08-01T21:41:01Z</Time><HeartRateBpm><Value>89</Value></HeartRateBpm><Extensions><ns3:TPX><ns3:Speed>0.0</ns3:Speed></ns3:TPX></Extensions></Trackpoint><Trackpoint><Time>2025-08-01T21:41:02Z</Time><HeartRateBpm><Value>90</Value></HeartRateBpm><Extensions><ns3:TPX><ns3:Speed>0.0</ns3:Speed></ns3:TPX></Extensions></Trackpoint><Trackpoint><Time>2025-08-01T21:41:06Z</Time><HeartRateBpm><Value>90</Value></HeartRateBpm><Extensions><ns3:TPX><ns3:Speed>0.0</ns3:Speed></ns3:TPX></Extensions></Trackpoint><Trackpoint><Time>2025-08-01T21:41:07Z</Time><HeartRateBpm><Value>94</Value></HeartRateBpm><Extensions><ns3:TPX><ns3:Speed>0.0</ns3:Speed></ns3:TPX></Extensions></Trackpoint><Trackpoint><Time>2025-08-01T21:41:08Z</Time><HeartRateBpm><Value>97</Value></HeartRateBpm><Extensions><ns3:TPX><ns3:Speed>0.0</ns3:Speed></ns3:TPX></Extensions></Trackpoint><Trackpoint><Time>2025-08-01T21:41:09Z</Time><HeartRateBpm><Value>100</Value></HeartRateBpm><Extensions><ns3:TPX><ns3:Speed>0.0</ns3:Speed></ns3:TPX></Extensions></Trackpoint><Trackpoint><Time>2025-08-01T21:41:11Z</Time><HeartRateBpm><Value>102</Value></HeartRateBpm><Extensions><ns3:TPX><ns3:Speed>0.0</ns3:Speed></ns3:TPX></Extensions></Trackpoint><Trackpoint><Time>2025-08-01T21:41:12Z</Time><HeartRateBpm><Value>103</Value></HeartRateBpm><Extensions><ns3:TPX><ns3:Speed>0.0</ns3:Speed></ns3:TPX></Extensions></Trackpoint><Trackpoint><Time>2025-08-01T21:41:13Z</Time><HeartRateBpm><Value>104</Value></HeartRateBpm><Extensions><ns3:TPX><ns3:Speed>0.0</ns3:Speed></ns3:TPX></Extensions></Trackpoint><Trackpoint><Time>2025-08-01T21:41:14Z</Time><HeartRateBpm><Value>96</Value></HeartRateBpm><Extensions><ns3:TPX><ns3:Speed>0.0</ns3:Speed></ns3:TPX></Extensions></Trackpoint><Trackpoint><Time>2025-08-01T21:41:15Z</Time><HeartRateBpm><Value>98</Value></HeartRateBpm><Extensions><ns3:TPX><ns3:Speed>0.0</ns3:Speed></ns3:TPX></Extensions></Trackpoint><Trackpoint><Time>2025-08-01T21:41:17Z</Time><HeartRateBpm><Value>94</Value></HeartRateBpm><Extensions><ns3:TPX><ns3:Speed>0.0</ns3:Speed></ns3:TPX></Extensions></Trackpoint><Trackpoint><Time>2025-08-01T21:41:18Z</Time><HeartRateBpm><Value>93</Value></HeartRateBpm><Extensions><ns3:TPX><ns3:Speed>0.0</ns3:Speed></ns3:TPX></Extensions></Trackpoint><Trackpoint><Time>2025-08-01T21:41:19Z</Time><HeartRateBpm><Value>92</Value></HeartRateBpm><Extensions><ns3:TPX><ns3:Speed>0.0</ns3:Speed></ns3:TPX></Extensions></Trackpoint><Trackpoint><Time>2025-08-01T21:41:20Z</Time><HeartRateBpm><Value>91</Value></HeartRateBpm><Extensions><ns3:TPX><ns3:Speed>0.0</ns3:Speed></ns3:TPX></Extensions></Trackpoint><Trackpoint><Time>2025-08-01T21:41:21Z</Time><HeartRateBpm><Value>90</Value></HeartRateBpm><Extensions><ns3:TPX><ns3:Speed>0.0</ns3:Speed></ns3:TPX></Extensions></Trackpoint><Trackpoint><Time>2025-08-01T21:41:23Z</Time><HeartRateBpm><Value>89</Value></HeartRateBpm><Extensions><ns3:TPX><ns3:Speed>0.0</ns3:Speed></ns3:TPX></Extensions></Trackpoint><Trackpoint><Time>2025-08-01T21:41:29Z</Time><HeartRateBpm><Value>89</Value></HeartRateBpm><Extensions><ns3:TPX><ns3:Speed>0.0</ns3:Speed></ns3:TPX></Extensions></Trackpoint><Trackpoint><Time>2025-08-01T21:41:30Z</Time><HeartRateBpm><Value>90</Value></HeartRateBpm><Extensions><ns3:TPX><ns3:Speed>0.0</ns3:Speed></ns3:TPX></Extensions></Trackpoint><Trackpoint><Time>2025-08-01T21:41:33Z</Time><HeartRateBpm><Value>89</Value></HeartRateBpm><Extensions><ns3:TPX><ns3:Speed>0.0</ns3:Speed></ns3:TPX></Extensions></Trackpoint><Trackpoint><Time>2025-08-01T21:41:36Z</Time><HeartRateBpm><Value>90</Value></HeartRateBpm><Extensions><ns3:TPX><ns3:Speed>0.0</ns3:Speed></ns3:TPX></Extensions></Trackpoint><Trackpoint><Time>2025-08-01T21:41:37Z</Time><HeartRateBpm><Value>91</Value></HeartRateBpm><Extensions><ns3:TPX><ns3:Speed>0.0</ns3:Speed></ns3:TPX></Extensions></Trackpoint><Trackpoint><Time>2025-08-01T21:41:38Z</Time><HeartRateBpm><Value>93</Value></HeartRateBpm><Extensions><ns3:TPX><ns3:Speed>0.0</ns3:Speed></ns3:TPX></Extensions></Trackpoint><Trackpoint><Time>2025-08-01T21:41:39Z</Time><HeartRateBpm><Value>94</Value></HeartRateBpm><Extensions><ns3:TPX><ns3:Speed>0.0</ns3:Speed></ns3:TPX></Extensions></Trackpoint><Trackpoint><Time>2025-08-01T21:41:40Z</Time><HeartRateBpm><Value>95</Value></HeartRateBpm><Extensions><ns3:TPX><ns3:Speed>0.0</ns3:Speed></ns3:TPX></Extensions></Trackpoint><Trackpoint><Time>2025-08-01T21:41:43Z</Time><HeartRateBpm><Value>96</Value></HeartRateBpm><Extensions><ns3:TPX><ns3:Speed>0.0</ns3:Speed></ns3:TPX></Extensions></Trackpoint><Trackpoint><Time>2025-08-01T21:41:46Z</Time><HeartRateBpm><Value>95</Value></HeartRateBpm><Extensions><ns3:TPX><ns3:Speed>0.0</ns3:Speed></ns3:TPX></Extensions></Trackpoint><Trackpoint><Time>2025-08-01T21:41:49Z</Time><HeartRateBpm><Value>96</Value></HeartRateBpm><Extensions><ns3:TPX><ns3:Speed>0.0</ns3:Speed></ns3:TPX></Extensions></Trackpoint><Trackpoint><Time>2025-08-01T21:41:54Z</Time><HeartRateBpm><Value>96</Value></HeartRateBpm><Extensions><ns3:TPX><ns3:Speed>0.0</ns3:Speed></ns3:TPX></Extensions></Trackpoint><Trackpoint><Time>2025-08-01T21:41:56Z</Time><HeartRateBpm><Value>94</Value></HeartRateBpm><Extensions><ns3:TPX><ns3:Speed>0.0</ns3:Speed></ns3:TPX></Extensions></Trackpoint><Trackpoint><Time>2025-08-01T21:41:57Z</Time><HeartRateBpm><Value>93</Value></HeartRateBpm><Extensions><ns3:TPX><ns3:Speed>0.0</ns3:Speed></ns3:TPX></Extensions></Trackpoint><Trackpoint><Time>2025-08-01T21:42:01Z</Time><HeartRateBpm><Value>92</Value></HeartRateBpm><Extensions><ns3:TPX><ns3:Speed>0.0</ns3:Speed></ns3:TPX></Extensions></Trackpoint><Trackpoint><Time>2025-08-01T21:42:03Z</Time><HeartRateBpm><Value>94</Value></HeartRateBpm><Extensions><ns3:TPX><ns3:Speed>0.0</ns3:Speed></ns3:TPX></Extensions></Trackpoint><Trackpoint><Time>2025-08-01T21:42:06Z</Time><HeartRateBpm><Value>95</Value></HeartRateBpm><Extensions><ns3:TPX><ns3:Speed>0.0</ns3:Speed></ns3:TPX></Extensions></Trackpoint><Trackpoint><Time>2025-08-01T21:42:07Z</Time><HeartRateBpm><Value>98</Value></HeartRateBpm><Extensions><ns3:TPX><ns3:Speed>0.0</ns3:Speed></ns3:TPX></Extensions></Trackpoint><Trackpoint><Time>2025-08-01T21:42:08Z</Time><HeartRateBpm><Value>99</Value></HeartRateBpm><Extensions><ns3:TPX><ns3:Speed>0.0</ns3:Speed></ns3:TPX></Extensions></Trackpoint><Trackpoint><Time>2025-08-01T21:42:09Z</Time><HeartRateBpm><Value>97</Value></HeartRateBpm><Extensions><ns3:TPX><ns3:Speed>0.0</ns3:Speed></ns3:TPX></Extensions></Trackpoint><Trackpoint><Time>2025-08-01T21:42:10Z</Time><HeartRateBpm><Value>107</Value></HeartRateBpm><Extensions><ns3:TPX><ns3:Speed>0.0</ns3:Speed></ns3:TPX></Extensions></Trackpoint><Trackpoint><Time>2025-08-01T21:42:12Z</Time><HeartRateBpm><Value>119</Value></HeartRateBpm><Extensions><ns3:TPX><ns3:Speed>0.0</ns3:Speed></ns3:TPX></Extensions></Trackpoint><Trackpoint><Time>2025-08-01T21:42:13Z</Time><HeartRateBpm><Value>123</Value></HeartRateBpm><Extensions><ns3:TPX><ns3:Speed>0.0</ns3:Speed></ns3:TPX></Extensions></Trackpoint><Trackpoint><Time>2025-08-01T21:42:14Z</Time><HeartRateBpm><Value>125</Value></HeartRateBpm><Extensions><ns3:TPX><ns3:Speed>0.0</ns3:Speed></ns3:TPX></Extensions></Trackpoint><Trackpoint><Time>2025-08-01T21:42:16Z</Time><HeartRateBpm><Value>119</Value></HeartRateBpm><Extensions><ns3:TPX><ns3:Speed>0.0</ns3:Speed></ns3:TPX></Extensions></Trackpoint><Trackpoint><Time>2025-08-01T21:42:18Z</Time><HeartRateBpm><Value>113</Value></HeartRateBpm><Extensions><ns3:TPX><ns3:Speed>0.0</ns3:Speed></ns3:TPX></Extensions></Trackpoint><Trackpoint><Time>2025-08-01T21:42:19Z</Time><HeartRateBpm><Value>107</Value></HeartRateBpm><Extensions><ns3:TPX><ns3:Speed>0.0</ns3:Speed></ns3:TPX></Extensions></Trackpoint><Trackpoint><Time>2025-08-01T21:42:20Z</Time><HeartRateBpm><Value>102</Value></HeartRateBpm><Extensions><ns3:TPX><ns3:Speed>0.0</ns3:Speed></ns3:TPX></Extensions></Trackpoint><Trackpoint><Time>2025-08-01T21:42:21Z</Time><HeartRateBpm><Value>96</Value></HeartRateBpm><Extensions><ns3:TPX><ns3:Speed>0.0</ns3:Speed></ns3:TPX></Extensions></Trackpoint><Trackpoint><Time>2025-08-01T21:42:22Z</Time><HeartRateBpm><Value>94</Value></HeartRateBpm><Extensions><ns3:TPX><ns3:Speed>0.0</ns3:Speed></ns3:TPX></Extensions></Trackpoint><Trackpoint><Time>2025-08-01T21:42:27Z</Time><HeartRateBpm><Value>95</Value></HeartRateBpm><Extensions><ns3:TPX><ns3:Speed>0.0</ns3:Speed></ns3:TPX></Extensions></Trackpoint><Trackpoint><Time>2025-08-01T21:42:28Z</Time><HeartRateBpm><Value>96</Value></HeartRateBpm><Extensions><ns3:TPX><ns3:Speed>0.0</ns3:Speed></ns3:TPX></Extensions></Trackpoint><Trackpoint><Time>2025-08-01T21:42:31Z</Time><HeartRateBpm><Value>97</Value></HeartRateBpm><Extensions><ns3:TPX><ns3:Speed>0.0</ns3:Speed></ns3:TPX></Extensions></Trackpoint><Trackpoint><Time>2025-08-01T21:42:32Z</Time><HeartRateBpm><Value>98</Value></HeartRateBpm><Extensions><ns3:TPX><ns3:Speed>0.0</ns3:Speed></ns3:TPX></Extensions></Trackpoint><Trackpoint><Time>2025-08-01T21:42:33Z</Time><HeartRateBpm><Value>101</Value></HeartRateBpm><Extensions><ns3:TPX><ns3:Speed>0.0</ns3:Speed></ns3:TPX></Extensions></Trackpoint><Trackpoint><Time>2025-08-01T21:42:34Z</Time><HeartRateBpm><Value>104</Value></HeartRateBpm><Extensions><ns3:TPX><ns3:Speed>0.0</ns3:Speed></ns3:TPX></Extensions></Trackpoint><Trackpoint><Time>2025-08-01T21:42:35Z</Time><HeartRateBpm><Value>105</Value></HeartRateBpm><Extensions><ns3:TPX><ns3:Speed>0.0</ns3:Speed></ns3:TPX></Extensions></Trackpoint><Trackpoint><Time>2025-08-01T21:42:37Z</Time><HeartRateBpm><Value>104</Value></HeartRateBpm><Extensions><ns3:TPX><ns3:Speed>0.0</ns3:Speed></ns3:TPX></Extensions></Trackpoint><Trackpoint><Time>2025-08-01T21:42:38Z</Time><HeartRateBpm><Value>102</Value></HeartRateBpm><Extensions><ns3:TPX><ns3:Speed>0.0</ns3:Speed></ns3:TPX></Extensions></Trackpoint><Trackpoint><Time>2025-08-01T21:42:43Z</Time><HeartRateBpm><Value>103</Value></HeartRateBpm><Extensions><ns3:TPX><ns3:Speed>0.0</ns3:Speed></ns3:TPX></Extensions></Trackpoint><Trackpoint><Time>2025-08-01T21:42:44Z</Time><HeartRateBpm><Value>104</Value></HeartRateBpm><Extensions><ns3:TPX><ns3:Speed>0.0</ns3:Speed></ns3:TPX></Extensions></Trackpoint><Trackpoint><Time>2025-08-01T21:42:45Z</Time><HeartRateBpm><Value>102</Value></HeartRateBpm><Extensions><ns3:TPX><ns3:Speed>0.0</ns3:Speed></ns3:TPX></Extensions></Trackpoint><Trackpoint><Time>2025-08-01T21:42:46Z</Time><HeartRateBpm><Value>99</Value></HeartRateBpm><Extensions><ns3:TPX><ns3:Speed>0.0</ns3:Speed></ns3:TPX></Extensions></Trackpoint><Trackpoint><Time>2025-08-01T21:42:47Z</Time><HeartRateBpm><Value>98</Value></HeartRateBpm><Extensions><ns3:TPX><ns3:Speed>0.0</ns3:Speed></ns3:TPX></Extensions></Trackpoint><Trackpoint><Time>2025-08-01T21:42:49Z</Time><HeartRateBpm><Value>97</Value></HeartRateBpm><Extensions><ns3:TPX><ns3:Speed>0.0</ns3:Speed></ns3:TPX></Extensions></Trackpoint><Trackpoint><Time>2025-08-01T21:42:50Z</Time><HeartRateBpm><Value>98</Value></HeartRateBpm><Extensions><ns3:TPX><ns3:Speed>0.0</ns3:Speed></ns3:TPX></Extensions></Trackpoint><Trackpoint><Time>2025-08-01T21:42:51Z</Time><HeartRateBpm><Value>97</Value></HeartRateBpm><Extensions><ns3:TPX><ns3:Speed>0.0</ns3:Speed></ns3:TPX></Extensions></Trackpoint><Trackpoint><Time>2025-08-01T21:42:52Z</Time><HeartRateBpm><Value>96</Value></HeartRateBpm><Extensions><ns3:TPX><ns3:Speed>0.0</ns3:Speed></ns3:TPX></Extensions></Trackpoint><Trackpoint><Time>2025-08-01T21:42:55Z</Time><HeartRateBpm><Value>97</Value></HeartRateBpm><Extensions><ns3:TPX><ns3:Speed>0.0</ns3:Speed></ns3:TPX></Extensions></Trackpoint><Trackpoint><Time>2025-08-01T21:42:56Z</Time><HeartRateBpm><Value>98</Value></HeartRateBpm><Extensions><ns3:TPX><ns3:Speed>0.0</ns3:Speed></ns3:TPX></Extensions></Trackpoint><Trackpoint><Time>2025-08-01T21:42:57Z</Time><HeartRateBpm><Value>101</Value></HeartRateBpm><Extensions><ns3:TPX><ns3:Speed>0.0</ns3:Speed></ns3:TPX></Extensions></Trackpoint><Trackpoint><Time>2025-08-01T21:42:58Z</Time><HeartRateBpm><Value>105</Value></HeartRateBpm><Extensions><ns3:TPX><ns3:Speed>0.0</ns3:Speed></ns3:TPX></Extensions></Trackpoint><Trackpoint><Time>2025-08-01T21:42:59Z</Time><HeartRateBpm><Value>108</Value></HeartRateBpm><Extensions><ns3:TPX><ns3:Speed>0.0</ns3:Speed></ns3:TPX></Extensions></Trackpoint><Trackpoint><Time>2025-08-01T21:43:03Z</Time><HeartRateBpm><Value>110</Value></HeartRateBpm><Extensions><ns3:TPX><ns3:Speed>0.0</ns3:Speed></ns3:TPX></Extensions></Trackpoint><Trackpoint><Time>2025-08-01T21:43:04Z</Time><HeartRateBpm><Value>111</Value></HeartRateBpm><Extensions><ns3:TPX><ns3:Speed>0.0</ns3:Speed></ns3:TPX></Extensions></Trackpoint><Trackpoint><Time>2025-08-01T21:43:05Z</Time><HeartRateBpm><Value>106</Value></HeartRateBpm><Extensions><ns3:TPX><ns3:Speed>0.0</ns3:Speed></ns3:TPX></Extensions></Trackpoint><Trackpoint><Time>2025-08-01T21:43:07Z</Time><HeartRateBpm><Value>110</Value></HeartRateBpm><Extensions><ns3:TPX><ns3:Speed>0.0</ns3:Speed></ns3:TPX></Extensions></Trackpoint><Trackpoint><Time>2025-08-01T21:43:08Z</Time><HeartRateBpm><Value>109</Value></HeartRateBpm><Extensions><ns3:TPX><ns3:Speed>0.0</ns3:Speed></ns3:TPX></Extensions></Trackpoint><Trackpoint><Time>2025-08-01T21:43:09Z</Time><HeartRateBpm><Value>103</Value></HeartRateBpm><Extensions><ns3:TPX><ns3:Speed>0.0</ns3:Speed></ns3:TPX></Extensions></Trackpoint><Trackpoint><Time>2025-08-01T21:43:10Z</Time><HeartRateBpm><Value>106</Value></HeartRateBpm><Extensions><ns3:TPX><ns3:Speed>0.0</ns3:Speed></ns3:TPX></Extensions></Trackpoint><Trackpoint><Time>2025-08-01T21:43:11Z</Time><HeartRateBpm><Value>103</Value></HeartRateBpm><Extensions><ns3:TPX><ns3:Speed>0.0</ns3:Speed></ns3:TPX></Extensions></Trackpoint><Trackpoint><Time>2025-08-01T21:43:13Z</Time><HeartRateBpm><Value>101</Value></HeartRateBpm><Extensions><ns3:TPX><ns3:Speed>0.0</ns3:Speed></ns3:TPX></Extensions></Trackpoint><Trackpoint><Time>2025-08-01T21:43:14Z</Time><HeartRateBpm><Value>100</Value></HeartRateBpm><Extensions><ns3:TPX><ns3:Speed>0.0</ns3:Speed></ns3:TPX></Extensions></Trackpoint><Trackpoint><Time>2025-08-01T21:43:16Z</Time><HeartRateBpm><Value>97</Value></HeartRateBpm><Extensions><ns3:TPX><ns3:Speed>0.0</ns3:Speed></ns3:TPX></Extensions></Trackpoint><Trackpoint><Time>2025-08-01T21:43:17Z</Time><HeartRateBpm><Value>94</Value></HeartRateBpm><Extensions><ns3:TPX><ns3:Speed>0.0</ns3:Speed></ns3:TPX></Extensions></Trackpoint><Trackpoint><Time>2025-08-01T21:43:19Z</Time><HeartRateBpm><Value>92</Value></HeartRateBpm><Extensions><ns3:TPX><ns3:Speed>0.0</ns3:Speed></ns3:TPX></Extensions></Trackpoint><Trackpoint><Time>2025-08-01T21:43:20Z</Time><HeartRateBpm><Value>91</Value></HeartRateBpm><Extensions><ns3:TPX><ns3:Speed>0.0</ns3:Speed></ns3:TPX></Extensions></Trackpoint><Trackpoint><Time>2025-08-01T21:43:21Z</Time><HeartRateBpm><Value>90</Value></HeartRateBpm><Extensions><ns3:TPX><ns3:Speed>0.0</ns3:Speed></ns3:TPX></Extensions></Trackpoint><Trackpoint><Time>2025-08-01T21:43:22Z</Time><HeartRateBpm><Value>87</Value></HeartRateBpm><Extensions><ns3:TPX><ns3:Speed>0.0</ns3:Speed></ns3:TPX></Extensions></Trackpoint><Trackpoint><Time>2025-08-01T21:43:25Z</Time><HeartRateBpm><Value>88</Value></HeartRateBpm><Extensions><ns3:TPX><ns3:Speed>0.0</ns3:Speed></ns3:TPX></Extensions></Trackpoint><Trackpoint><Time>2025-08-01T21:43:29Z</Time><HeartRateBpm><Value>89</Value></HeartRateBpm><Extensions><ns3:TPX><ns3:Speed>0.0</ns3:Speed></ns3:TPX></Extensions></Trackpoint><Trackpoint><Time>2025-08-01T21:43:31Z</Time><HeartRateBpm><Value>90</Value></HeartRateBpm><Extensions><ns3:TPX><ns3:Speed>0.0</ns3:Speed></ns3:TPX></Extensions></Trackpoint><Trackpoint><Time>2025-08-01T21:43:33Z</Time><HeartRateBpm><Value>91</Value></HeartRateBpm><Extensions><ns3:TPX><ns3:Speed>0.0</ns3:Speed></ns3:TPX></Extensions></Trackpoint><Trackpoint><Time>2025-08-01T21:43:37Z</Time><HeartRateBpm><Value>90</Value></HeartRateBpm><Extensions><ns3:TPX><ns3:Speed>0.0</ns3:Speed></ns3:TPX></Extensions></Trackpoint><Trackpoint><Time>2025-08-01T21:43:38Z</Time><HeartRateBpm><Value>89</Value></HeartRateBpm><Extensions><ns3:TPX><ns3:Speed>0.0</ns3:Speed></ns3:TPX></Extensions></Trackpoint><Trackpoint><Time>2025-08-01T21:43:39Z</Time><HeartRateBpm><Value>88</Value></HeartRateBpm><Extensions><ns3:TPX><ns3:Speed>0.0</ns3:Speed></ns3:TPX></Extensions></Trackpoint><Trackpoint><Time>2025-08-01T21:43:40Z</Time><HeartRateBpm><Value>87</Value></HeartRateBpm><Extensions><ns3:TPX><ns3:Speed>0.0</ns3:Speed></ns3:TPX></Extensions></Trackpoint><Trackpoint><Time>2025-08-01T21:43:43Z</Time><HeartRateBpm><Value>86</Value></HeartRateBpm><Extensions><ns3:TPX><ns3:Speed>0.0</ns3:Speed></ns3:TPX></Extensions></Trackpoint><Trackpoint><Time>2025-08-01T21:43:47Z</Time><HeartRateBpm><Value>87</Value></HeartRateBpm><Extensions><ns3:TPX><ns3:Speed>0.0</ns3:Speed></ns3:TPX></Extensions></Trackpoint><Trackpoint><Time>2025-08-01T21:43:52Z</Time><HeartRateBpm><Value>85</Value></HeartRateBpm><Extensions><ns3:TPX><ns3:Speed>0.0</ns3:Speed></ns3:TPX></Extensions></Trackpoint><Trackpoint><Time>2025-08-01T21:43:53Z</Time><HeartRateBpm><Value>84</Value></HeartRateBpm><Extensions><ns3:TPX><ns3:Speed>0.0</ns3:Speed></ns3:TPX></Extensions></Trackpoint><Trackpoint><Time>2025-08-01T21:43:58Z</Time><HeartRateBpm><Value>86</Value></HeartRateBpm><Extensions><ns3:TPX><ns3:Speed>0.0</ns3:Speed></ns3:TPX></Extensions></Trackpoint><Trackpoint><Time>2025-08-01T21:44:01Z</Time><HeartRateBpm><Value>85</Value></HeartRateBpm><Extensions><ns3:TPX><ns3:Speed>0.0</ns3:Speed></ns3:TPX></Extensions></Trackpoint><Trackpoint><Time>2025-08-01T21:44:06Z</Time><HeartRateBpm><Value>85</Value></HeartRateBpm><Extensions><ns3:TPX><ns3:Speed>0.0</ns3:Speed></ns3:TPX></Extensions></Trackpoint><Trackpoint><Time>2025-08-01T21:44:08Z</Time><HeartRateBpm><Value>84</Value></HeartRateBpm><Extensions><ns3:TPX><ns3:Speed>0.0</ns3:Speed></ns3:TPX></Extensions></Trackpoint><Trackpoint><Time>2025-08-01T21:44:10Z</Time><HeartRateBpm><Value>85</Value></HeartRateBpm><Extensions><ns3:TPX><ns3:Speed>0.0</ns3:Speed></ns3:TPX></Extensions></Trackpoint><Trackpoint><Time>2025-08-01T21:44:15Z</Time><HeartRateBpm><Value>87</Value></HeartRateBpm><Extensions><ns3:TPX><ns3:Speed>0.0</ns3:Speed></ns3:TPX></Extensions></Trackpoint><Trackpoint><Time>2025-08-01T21:44:16Z</Time><HeartRateBpm><Value>92</Value></HeartRateBpm><Extensions><ns3:TPX><ns3:Speed>0.0</ns3:Speed></ns3:TPX></Extensions></Trackpoint><Trackpoint><Time>2025-08-01T21:44:17Z</Time><HeartRateBpm><Value>93</Value></HeartRateBpm><Extensions><ns3:TPX><ns3:Speed>0.0</ns3:Speed></ns3:TPX></Extensions></Trackpoint><Trackpoint><Time>2025-08-01T21:44:22Z</Time><HeartRateBpm><Value>94</Value></HeartRateBpm><Extensions><ns3:TPX><ns3:Speed>0.0</ns3:Speed></ns3:TPX></Extensions></Trackpoint><Trackpoint><Time>2025-08-01T21:44:27Z</Time><HeartRateBpm><Value>94</Value></HeartRateBpm><Extensions><ns3:TPX><ns3:Speed>0.0</ns3:Speed></ns3:TPX></Extensions></Trackpoint><Trackpoint><Time>2025-08-01T21:44:30Z</Time><HeartRateBpm><Value>95</Value></HeartRateBpm><Extensions><ns3:TPX><ns3:Speed>0.0</ns3:Speed></ns3:TPX></Extensions></Trackpoint><Trackpoint><Time>2025-08-01T21:44:32Z</Time><HeartRateBpm><Value>97</Value></HeartRateBpm><Extensions><ns3:TPX><ns3:Speed>0.0</ns3:Speed></ns3:TPX></Extensions></Trackpoint><Trackpoint><Time>2025-08-01T21:44:33Z</Time><HeartRateBpm><Value>96</Value></HeartRateBpm><Extensions><ns3:TPX><ns3:Speed>0.0</ns3:Speed></ns3:TPX></Extensions></Trackpoint><Trackpoint><Time>2025-08-01T21:44:34Z</Time><HeartRateBpm><Value>91</Value></HeartRateBpm><Extensions><ns3:TPX><ns3:Speed>0.0</ns3:Speed></ns3:TPX></Extensions></Trackpoint><Trackpoint><Time>2025-08-01T21:44:35Z</Time><HeartRateBpm><Value>90</Value></HeartRateBpm><Extensions><ns3:TPX><ns3:Speed>0.0</ns3:Speed></ns3:TPX></Extensions></Trackpoint><Trackpoint><Time>2025-08-01T21:44:36Z</Time><HeartRateBpm><Value>88</Value></HeartRateBpm><Extensions><ns3:TPX><ns3:Speed>0.0</ns3:Speed></ns3:TPX></Extensions></Trackpoint><Trackpoint><Time>2025-08-01T21:44:38Z</Time><HeartRateBpm><Value>87</Value></HeartRateBpm><Extensions><ns3:TPX><ns3:Speed>0.0</ns3:Speed></ns3:TPX></Extensions></Trackpoint><Trackpoint><Time>2025-08-01T21:44:40Z</Time><HeartRateBpm><Value>88</Value></HeartRateBpm><Extensions><ns3:TPX><ns3:Speed>0.0</ns3:Speed></ns3:TPX></Extensions></Trackpoint><Trackpoint><Time>2025-08-01T21:44:41Z</Time><HeartRateBpm><Value>89</Value></HeartRateBpm><Extensions><ns3:TPX><ns3:Speed>0.0</ns3:Speed></ns3:TPX></Extensions></Trackpoint><Trackpoint><Time>2025-08-01T21:44:44Z</Time><HeartRateBpm><Value>90</Value></HeartRateBpm><Extensions><ns3:TPX><ns3:Speed>0.0</ns3:Speed></ns3:TPX></Extensions></Trackpoint><Trackpoint><Time>2025-08-01T21:44:45Z</Time><HeartRateBpm><Value>91</Value></HeartRateBpm><Extensions><ns3:TPX><ns3:Speed>0.0</ns3:Speed></ns3:TPX></Extensions></Trackpoint><Trackpoint><Time>2025-08-01T21:44:47Z</Time><HeartRateBpm><Value>93</Value></HeartRateBpm><Extensions><ns3:TPX><ns3:Speed>0.0</ns3:Speed></ns3:TPX></Extensions></Trackpoint><Trackpoint><Time>2025-08-01T21:44:51Z</Time><HeartRateBpm><Value>92</Value></HeartRateBpm><Extensions><ns3:TPX><ns3:Speed>0.0</ns3:Speed></ns3:TPX></Extensions></Trackpoint><Trackpoint><Time>2025-08-01T21:44:53Z</Time><HeartRateBpm><Value>91</Value></HeartRateBpm><Extensions><ns3:TPX><ns3:Speed>0.0</ns3:Speed></ns3:TPX></Extensions></Trackpoint><Trackpoint><Time>2025-08-01T21:44:54Z</Time><HeartRateBpm><Value>90</Value></HeartRateBpm><Extensions><ns3:TPX><ns3:Speed>0.0</ns3:Speed></ns3:TPX></Extensions></Trackpoint><Trackpoint><Time>2025-08-01T21:44:57Z</Time><HeartRateBpm><Value>91</Value></HeartRateBpm><Extensions><ns3:TPX><ns3:Speed>0.0</ns3:Speed></ns3:TPX></Extensions></Trackpoint><Trackpoint><Time>2025-08-01T21:44:58Z</Time><HeartRateBpm><Value>92</Value></HeartRateBpm><Extensions><ns3:TPX><ns3:Speed>0.0</ns3:Speed></ns3:TPX></Extensions></Trackpoint><Trackpoint><Time>2025-08-01T21:45:03Z</Time><HeartRateBpm><Value>91</Value></HeartRateBpm><Extensions><ns3:TPX><ns3:Speed>0.0</ns3:Speed></ns3:TPX></Extensions></Trackpoint><Trackpoint><Time>2025-08-01T21:45:09Z</Time><HeartRateBpm><Value>91</Value></HeartRateBpm><Extensions><ns3:TPX><ns3:Speed>0.0</ns3:Speed></ns3:TPX></Extensions></Trackpoint><Trackpoint><Time>2025-08-01T21:45:10Z</Time><HeartRateBpm><Value>90</Value></HeartRateBpm><Extensions><ns3:TPX><ns3:Speed>0.0</ns3:Speed></ns3:TPX></Extensions></Trackpoint><Trackpoint><Time>2025-08-01T21:45:11Z</Time><HeartRateBpm><Value>89</Value></HeartRateBpm><Extensions><ns3:TPX><ns3:Speed>0.0</ns3:Speed></ns3:TPX></Extensions></Trackpoint><Trackpoint><Time>2025-08-01T21:45:12Z</Time><HeartRateBpm><Value>88</Value></HeartRateBpm><Extensions><ns3:TPX><ns3:Speed>0.0</ns3:Speed></ns3:TPX></Extensions></Trackpoint><Trackpoint><Time>2025-08-01T21:45:13Z</Time><HeartRateBpm><Value>87</Value></HeartRateBpm><Extensions><ns3:TPX><ns3:Speed>0.0</ns3:Speed></ns3:TPX></Extensions></Trackpoint><Trackpoint><Time>2025-08-01T21:45:15Z</Time><HeartRateBpm><Value>86</Value></HeartRateBpm><Extensions><ns3:TPX><ns3:Speed>0.0</ns3:Speed></ns3:TPX></Extensions></Trackpoint><Trackpoint><Time>2025-08-01T21:45:16Z</Time><HeartRateBpm><Value>87</Value></HeartRateBpm><Extensions><ns3:TPX><ns3:Speed>0.0</ns3:Speed></ns3:TPX></Extensions></Trackpoint><Trackpoint><Time>2025-08-01T21:45:17Z</Time><HeartRateBpm><Value>90</Value></HeartRateBpm><Extensions><ns3:TPX><ns3:Speed>0.0</ns3:Speed></ns3:TPX></Extensions></Trackpoint><Trackpoint><Time>2025-08-01T21:45:18Z</Time><HeartRateBpm><Value>92</Value></HeartRateBpm><Extensions><ns3:TPX><ns3:Speed>0.0</ns3:Speed></ns3:TPX></Extensions></Trackpoint><Trackpoint><Time>2025-08-01T21:45:20Z</Time><HeartRateBpm><Value>94</Value></HeartRateBpm><Extensions><ns3:TPX><ns3:Speed>0.0</ns3:Speed></ns3:TPX></Extensions></Trackpoint><Trackpoint><Time>2025-08-01T21:45:22Z</Time><HeartRateBpm><Value>95</Value></HeartRateBpm><Extensions><ns3:TPX><ns3:Speed>0.0</ns3:Speed></ns3:TPX></Extensions></Trackpoint><Trackpoint><Time>2025-08-01T21:45:23Z</Time><HeartRateBpm><Value>96</Value></HeartRateBpm><Extensions><ns3:TPX><ns3:Speed>0.0</ns3:Speed></ns3:TPX></Extensions></Trackpoint><Trackpoint><Time>2025-08-01T21:45:28Z</Time><HeartRateBpm><Value>96</Value></HeartRateBpm><Extensions><ns3:TPX><ns3:Speed>0.0</ns3:Speed></ns3:TPX></Extensions></Trackpoint><Trackpoint><Time>2025-08-01T21:45:30Z</Time><HeartRateBpm><Value>95</Value></HeartRateBpm><Extensions><ns3:TPX><ns3:Speed>0.0</ns3:Speed></ns3:TPX></Extensions></Trackpoint><Trackpoint><Time>2025-08-01T21:45:33Z</Time><HeartRateBpm><Value>96</Value></HeartRateBpm><Extensions><ns3:TPX><ns3:Speed>0.0</ns3:Speed></ns3:TPX></Extensions></Trackpoint><Trackpoint><Time>2025-08-01T21:45:34Z</Time><HeartRateBpm><Value>95</Value></HeartRateBpm><Extensions><ns3:TPX><ns3:Speed>0.0</ns3:Speed></ns3:TPX></Extensions></Trackpoint><Trackpoint><Time>2025-08-01T21:45:35Z</Time><HeartRateBpm><Value>92</Value></HeartRateBpm><Extensions><ns3:TPX><ns3:Speed>0.0</ns3:Speed></ns3:TPX></Extensions></Trackpoint><Trackpoint><Time>2025-08-01T21:45:36Z</Time><HeartRateBpm><Value>90</Value></HeartRateBpm><Extensions><ns3:TPX><ns3:Speed>0.0</ns3:Speed></ns3:TPX></Extensions></Trackpoint><Trackpoint><Time>2025-08-01T21:45:41Z</Time><HeartRateBpm><Value>91</Value></HeartRateBpm><Extensions><ns3:TPX><ns3:Speed>0.0</ns3:Speed></ns3:TPX></Extensions></Trackpoint><Trackpoint><Time>2025-08-01T21:45:42Z</Time><HeartRateBpm><Value>92</Value></HeartRateBpm><Extensions><ns3:TPX><ns3:Speed>0.0</ns3:Speed></ns3:TPX></Extensions></Trackpoint><Trackpoint><Time>2025-08-01T21:45:47Z</Time><HeartRateBpm><Value>97</Value></HeartRateBpm><Extensions><ns3:TPX><ns3:Speed>0.0</ns3:Speed></ns3:TPX></Extensions></Trackpoint><Trackpoint><Time>2025-08-01T21:45:48Z</Time><HeartRateBpm><Value>100</Value></HeartRateBpm><Extensions><ns3:TPX><ns3:Speed>0.0</ns3:Speed></ns3:TPX></Extensions></Trackpoint><Trackpoint><Time>2025-08-01T21:45:49Z</Time><HeartRateBpm><Value>101</Value></HeartRateBpm><Extensions><ns3:TPX><ns3:Speed>0.0</ns3:Speed></ns3:TPX></Extensions></Trackpoint><Trackpoint><Time>2025-08-01T21:45:51Z</Time><HeartRateBpm><Value>103</Value></HeartRateBpm><Extensions><ns3:TPX><ns3:Speed>0.0</ns3:Speed></ns3:TPX></Extensions></Trackpoint><Trackpoint><Time>2025-08-01T21:45:52Z</Time><HeartRateBpm><Value>105</Value></HeartRateBpm><Extensions><ns3:TPX><ns3:Speed>0.0</ns3:Speed></ns3:TPX></Extensions></Trackpoint><Trackpoint><Time>2025-08-01T21:45:53Z</Time><HeartRateBpm><Value>104</Value></HeartRateBpm><Extensions><ns3:TPX><ns3:Speed>0.0</ns3:Speed></ns3:TPX></Extensions></Trackpoint><Trackpoint><Time>2025-08-01T21:45:54Z</Time><HeartRateBpm><Value>105</Value></HeartRateBpm><Extensions><ns3:TPX><ns3:Speed>0.0</ns3:Speed></ns3:TPX></Extensions></Trackpoint><Trackpoint><Time>2025-08-01T21:45:58Z</Time><HeartRateBpm><Value>106</Value></HeartRateBpm><Extensions><ns3:TPX><ns3:Speed>0.0</ns3:Speed></ns3:TPX></Extensions></Trackpoint><Trackpoint><Time>2025-08-01T21:45:59Z</Time><HeartRateBpm><Value>108</Value></HeartRateBpm><Extensions><ns3:TPX><ns3:Speed>0.0</ns3:Speed></ns3:TPX></Extensions></Trackpoint><Trackpoint><Time>2025-08-01T21:46:00Z</Time><HeartRateBpm><Value>107</Value></HeartRateBpm><Extensions><ns3:TPX><ns3:Speed>0.0</ns3:Speed></ns3:TPX></Extensions></Trackpoint><Trackpoint><Time>2025-08-01T21:46:03Z</Time><HeartRateBpm><Value>108</Value></HeartRateBpm><Extensions><ns3:TPX><ns3:Speed>0.0</ns3:Speed></ns3:TPX></Extensions></Trackpoint><Trackpoint><Time>2025-08-01T21:46:05Z</Time><HeartRateBpm><Value>111</Value></HeartRateBpm><Extensions><ns3:TPX><ns3:Speed>0.0</ns3:Speed></ns3:TPX></Extensions></Trackpoint><Trackpoint><Time>2025-08-01T21:46:06Z</Time><HeartRateBpm><Value>117</Value></HeartRateBpm><Extensions><ns3:TPX><ns3:Speed>0.0</ns3:Speed></ns3:TPX></Extensions></Trackpoint><Trackpoint><Time>2025-08-01T21:46:08Z</Time><HeartRateBpm><Value>121</Value></HeartRateBpm><Extensions><ns3:TPX><ns3:Speed>0.0</ns3:Speed></ns3:TPX></Extensions></Trackpoint><Trackpoint><Time>2025-08-01T21:46:09Z</Time><HeartRateBpm><Value>124</Value></HeartRateBpm><Extensions><ns3:TPX><ns3:Speed>0.0</ns3:Speed></ns3:TPX></Extensions></Trackpoint><Trackpoint><Time>2025-08-01T21:46:10Z</Time><HeartRateBpm><Value>127</Value></HeartRateBpm><Extensions><ns3:TPX><ns3:Speed>0.0</ns3:Speed></ns3:TPX></Extensions></Trackpoint><Trackpoint><Time>2025-08-01T21:46:11Z</Time><HeartRateBpm><Value>131</Value></HeartRateBpm><Extensions><ns3:TPX><ns3:Speed>0.0</ns3:Speed></ns3:TPX></Extensions></Trackpoint><Trackpoint><Time>2025-08-01T21:46:12Z</Time><HeartRateBpm><Value>119</Value></HeartRateBpm><Extensions><ns3:TPX><ns3:Speed>0.0</ns3:Speed></ns3:TPX></Extensions></Trackpoint><Trackpoint><Time>2025-08-01T21:46:13Z</Time><HeartRateBpm><Value>118</Value></HeartRateBpm><Extensions><ns3:TPX><ns3:Speed>0.0</ns3:Speed></ns3:TPX></Extensions></Trackpoint><Trackpoint><Time>2025-08-01T21:46:15Z</Time><HeartRateBpm><Value>114</Value></HeartRateBpm><Extensions><ns3:TPX><ns3:Speed>0.0</ns3:Speed></ns3:TPX></Extensions></Trackpoint><Trackpoint><Time>2025-08-01T21:46:16Z</Time><HeartRateBpm><Value>111</Value></HeartRateBpm><Extensions><ns3:TPX><ns3:Speed>0.0</ns3:Speed></ns3:TPX></Extensions></Trackpoint><Trackpoint><Time>2025-08-01T21:46:17Z</Time><HeartRateBpm><Value>109</Value></HeartRateBpm><Extensions><ns3:TPX><ns3:Speed>0.0</ns3:Speed></ns3:TPX></Extensions></Trackpoint><Trackpoint><Time>2025-08-01T21:46:19Z</Time><HeartRateBpm><Value>108</Value></HeartRateBpm><Extensions><ns3:TPX><ns3:Speed>0.0</ns3:Speed></ns3:TPX></Extensions></Trackpoint><Trackpoint><Time>2025-08-01T21:46:22Z</Time><HeartRateBpm><Value>107</Value></HeartRateBpm><Extensions><ns3:TPX><ns3:Speed>0.0</ns3:Speed></ns3:TPX></Extensions></Trackpoint><Trackpoint><Time>2025-08-01T21:46:23Z</Time><HeartRateBpm><Value>106</Value></HeartRateBpm><Extensions><ns3:TPX><ns3:Speed>0.0</ns3:Speed></ns3:TPX></Extensions></Trackpoint><Trackpoint><Time>2025-08-01T21:46:24Z</Time><HeartRateBpm><Value>104</Value></HeartRateBpm><Extensions><ns3:TPX><ns3:Speed>0.0</ns3:Speed></ns3:TPX></Extensions></Trackpoint><Trackpoint><Time>2025-08-01T21:46:27Z</Time><HeartRateBpm><Value>103</Value></HeartRateBpm><Extensions><ns3:TPX><ns3:Speed>0.0</ns3:Speed></ns3:TPX></Extensions></Trackpoint><Trackpoint><Time>2025-08-01T21:46:33Z</Time><HeartRateBpm><Value>103</Value></HeartRateBpm><Extensions><ns3:TPX><ns3:Speed>0.0</ns3:Speed></ns3:TPX></Extensions></Trackpoint><Trackpoint><Time>2025-08-01T21:46:36Z</Time><HeartRateBpm><Value>102</Value></HeartRateBpm><Extensions><ns3:TPX><ns3:Speed>0.0</ns3:Speed></ns3:TPX></Extensions></Trackpoint><Trackpoint><Time>2025-08-01T21:46:37Z</Time><HeartRateBpm><Value>100</Value></HeartRateBpm><Extensions><ns3:TPX><ns3:Speed>0.0</ns3:Speed></ns3:TPX></Extensions></Trackpoint><Trackpoint><Time>2025-08-01T21:46:42Z</Time><HeartRateBpm><Value>99</Value></HeartRateBpm><Extensions><ns3:TPX><ns3:Speed>0.0</ns3:Speed></ns3:TPX></Extensions></Trackpoint><Trackpoint><Time>2025-08-01T21:46:47Z</Time><HeartRateBpm><Value>99</Value></HeartRateBpm><Extensions><ns3:TPX><ns3:Speed>0.0</ns3:Speed></ns3:TPX></Extensions></Trackpoint><Trackpoint><Time>2025-08-01T21:46:48Z</Time><HeartRateBpm><Value>100</Value></HeartRateBpm><Extensions><ns3:TPX><ns3:Speed>0.0</ns3:Speed></ns3:TPX></Extensions></Trackpoint><Trackpoint><Time>2025-08-01T21:46:49Z</Time><HeartRateBpm><Value>101</Value></HeartRateBpm><Extensions><ns3:TPX><ns3:Speed>0.0</ns3:Speed></ns3:TPX></Extensions></Trackpoint><Trackpoint><Time>2025-08-01T21:46:54Z</Time><HeartRateBpm><Value>101</Value></HeartRateBpm><Extensions><ns3:TPX><ns3:Speed>0.0</ns3:Speed></ns3:TPX></Extensions></Trackpoint><Trackpoint><Time>2025-08-01T21:46:56Z</Time><HeartRateBpm><Value>102</Value></HeartRateBpm><Extensions><ns3:TPX><ns3:Speed>0.0</ns3:Speed></ns3:TPX></Extensions></Trackpoint><Trackpoint><Time>2025-08-01T21:46:57Z</Time><HeartRateBpm><Value>104</Value></HeartRateBpm><Extensions><ns3:TPX><ns3:Speed>0.0</ns3:Speed></ns3:TPX></Extensions></Trackpoint><Trackpoint><Time>2025-08-01T21:47:03Z</Time><HeartRateBpm><Value>104</Value></HeartRateBpm><Extensions><ns3:TPX><ns3:Speed>0.0</ns3:Speed></ns3:TPX></Extensions></Trackpoint><Trackpoint><Time>2025-08-01T21:47:04Z</Time><HeartRateBpm><Value>105</Value></HeartRateBpm><Extensions><ns3:TPX><ns3:Speed>0.0</ns3:Speed></ns3:TPX></Extensions></Trackpoint><Trackpoint><Time>2025-08-01T21:47:06Z</Time><HeartRateBpm><Value>106</Value></HeartRateBpm><Extensions><ns3:TPX><ns3:Speed>0.0</ns3:Speed></ns3:TPX></Extensions></Trackpoint><Trackpoint><Time>2025-08-01T21:47:09Z</Time><HeartRateBpm><Value>105</Value></HeartRateBpm><Extensions><ns3:TPX><ns3:Speed>0.0</ns3:Speed></ns3:TPX></Extensions></Trackpoint><Trackpoint><Time>2025-08-01T21:47:11Z</Time><HeartRateBpm><Value>106</Value></HeartRateBpm><Extensions><ns3:TPX><ns3:Speed>0.0</ns3:Speed></ns3:TPX></Extensions></Trackpoint><Trackpoint><Time>2025-08-01T21:47:12Z</Time><HeartRateBpm><Value>105</Value></HeartRateBpm><Extensions><ns3:TPX><ns3:Speed>0.0</ns3:Speed></ns3:TPX></Extensions></Trackpoint><Trackpoint><Time>2025-08-01T21:47:13Z</Time><HeartRateBpm><Value>104</Value></HeartRateBpm><Extensions><ns3:TPX><ns3:Speed>0.0</ns3:Speed></ns3:TPX></Extensions></Trackpoint><Trackpoint><Time>2025-08-01T21:47:15Z</Time><HeartRateBpm><Value>103</Value></HeartRateBpm><Extensions><ns3:TPX><ns3:Speed>0.0</ns3:Speed></ns3:TPX></Extensions></Trackpoint><Trackpoint><Time>2025-08-01T21:47:16Z</Time><HeartRateBpm><Value>102</Value></HeartRateBpm><Extensions><ns3:TPX><ns3:Speed>0.0</ns3:Speed></ns3:TPX></Extensions></Trackpoint><Trackpoint><Time>2025-08-01T21:47:17Z</Time><HeartRateBpm><Value>101</Value></HeartRateBpm><Extensions><ns3:TPX><ns3:Speed>0.0</ns3:Speed></ns3:TPX></Extensions></Trackpoint><Trackpoint><Time>2025-08-01T21:47:21Z</Time><HeartRateBpm><Value>102</Value></HeartRateBpm><Extensions><ns3:TPX><ns3:Speed>0.0</ns3:Speed></ns3:TPX></Extensions></Trackpoint><Trackpoint><Time>2025-08-01T21:47:22Z</Time><HeartRateBpm><Value>103</Value></HeartRateBpm><Extensions><ns3:TPX><ns3:Speed>0.0</ns3:Speed></ns3:TPX></Extensions></Trackpoint><Trackpoint><Time>2025-08-01T21:47:23Z</Time><HeartRateBpm><Value>105</Value></HeartRateBpm><Extensions><ns3:TPX><ns3:Speed>0.0</ns3:Speed></ns3:TPX></Extensions></Trackpoint><Trackpoint><Time>2025-08-01T21:47:24Z</Time><HeartRateBpm><Value>110</Value></HeartRateBpm><Extensions><ns3:TPX><ns3:Speed>0.0</ns3:Speed></ns3:TPX></Extensions></Trackpoint><Trackpoint><Time>2025-08-01T21:47:25Z</Time><HeartRateBpm><Value>111</Value></HeartRateBpm><Extensions><ns3:TPX><ns3:Speed>0.0</ns3:Speed></ns3:TPX></Extensions></Trackpoint><Trackpoint><Time>2025-08-01T21:47:30Z</Time><HeartRateBpm><Value>112</Value></HeartRateBpm><Extensions><ns3:TPX><ns3:Speed>0.0</ns3:Speed></ns3:TPX></Extensions></Trackpoint><Trackpoint><Time>2025-08-01T21:47:31Z</Time><HeartRateBpm><Value>110</Value></HeartRateBpm><Extensions><ns3:TPX><ns3:Speed>0.0</ns3:Speed></ns3:TPX></Extensions></Trackpoint><Trackpoint><Time>2025-08-01T21:47:32Z</Time><HeartRateBpm><Value>107</Value></HeartRateBpm><Extensions><ns3:TPX><ns3:Speed>0.0</ns3:Speed></ns3:TPX></Extensions></Trackpoint><Trackpoint><Time>2025-08-01T21:47:34Z</Time><HeartRateBpm><Value>105</Value></HeartRateBpm><Extensions><ns3:TPX><ns3:Speed>0.0</ns3:Speed></ns3:TPX></Extensions></Trackpoint><Trackpoint><Time>2025-08-01T21:47:35Z</Time><HeartRateBpm><Value>102</Value></HeartRateBpm><Extensions><ns3:TPX><ns3:Speed>0.0</ns3:Speed></ns3:TPX></Extensions></Trackpoint><Trackpoint><Time>2025-08-01T21:47:38Z</Time><HeartRateBpm><Value>105</Value></HeartRateBpm><Extensions><ns3:TPX><ns3:Speed>0.0</ns3:Speed></ns3:TPX></Extensions></Trackpoint><Trackpoint><Time>2025-08-01T21:47:40Z</Time><HeartRateBpm><Value>106</Value></HeartRateBpm><Extensions><ns3:TPX><ns3:Speed>0.0</ns3:Speed></ns3:TPX></Extensions></Trackpoint><Trackpoint><Time>2025-08-01T21:47:41Z</Time><HeartRateBpm><Value>108</Value></HeartRateBpm><Extensions><ns3:TPX><ns3:Speed>0.0</ns3:Speed></ns3:TPX></Extensions></Trackpoint><Trackpoint><Time>2025-08-01T21:47:42Z</Time><HeartRateBpm><Value>113</Value></HeartRateBpm><Extensions><ns3:TPX><ns3:Speed>0.0</ns3:Speed></ns3:TPX></Extensions></Trackpoint><Trackpoint><Time>2025-08-01T21:47:43Z</Time><HeartRateBpm><Value>115</Value></HeartRateBpm><Extensions><ns3:TPX><ns3:Speed>0.0</ns3:Speed></ns3:TPX></Extensions></Trackpoint><Trackpoint><Time>2025-08-01T21:47:44Z</Time><HeartRateBpm><Value>116</Value></HeartRateBpm><Extensions><ns3:TPX><ns3:Speed>0.0</ns3:Speed></ns3:TPX></Extensions></Trackpoint><Trackpoint><Time>2025-08-01T21:47:46Z</Time><HeartRateBpm><Value>117</Value></HeartRateBpm><Extensions><ns3:TPX><ns3:Speed>0.0</ns3:Speed></ns3:TPX></Extensions></Trackpoint><Trackpoint><Time>2025-08-01T21:47:47Z</Time><HeartRateBpm><Value>116</Value></HeartRateBpm><Extensions><ns3:TPX><ns3:Speed>0.0</ns3:Speed></ns3:TPX></Extensions></Trackpoint><Trackpoint><Time>2025-08-01T21:47:48Z</Time><HeartRateBpm><Value>119</Value></HeartRateBpm><Extensions><ns3:TPX><ns3:Speed>0.0</ns3:Speed></ns3:TPX></Extensions></Trackpoint><Trackpoint><Time>2025-08-01T21:47:49Z</Time><HeartRateBpm><Value>126</Value></HeartRateBpm><Extensions><ns3:TPX><ns3:Speed>0.0</ns3:Speed></ns3:TPX></Extensions></Trackpoint><Trackpoint><Time>2025-08-01T21:47:50Z</Time><HeartRateBpm><Value>127</Value></HeartRateBpm><Extensions><ns3:TPX><ns3:Speed>0.0</ns3:Speed></ns3:TPX></Extensions></Trackpoint><Trackpoint><Time>2025-08-01T21:47:52Z</Time><HeartRateBpm><Value>129</Value></HeartRateBpm><Extensions><ns3:TPX><ns3:Speed>0.0</ns3:Speed></ns3:TPX></Extensions></Trackpoint><Trackpoint><Time>2025-08-01T21:47:53Z</Time><HeartRateBpm><Value>130</Value></HeartRateBpm><Extensions><ns3:TPX><ns3:Speed>0.0</ns3:Speed></ns3:TPX></Extensions></Trackpoint><Trackpoint><Time>2025-08-01T21:47:58Z</Time><HeartRateBpm><Value>130</Value></HeartRateBpm><Extensions><ns3:TPX><ns3:Speed>0.0</ns3:Speed></ns3:TPX></Extensions></Trackpoint><Trackpoint><Time>2025-08-01T21:48:00Z</Time><HeartRateBpm><Value>129</Value></HeartRateBpm><Extensions><ns3:TPX><ns3:Speed>0.0</ns3:Speed></ns3:TPX></Extensions></Trackpoint><Trackpoint><Time>2025-08-01T21:48:01Z</Time><HeartRateBpm><Value>127</Value></HeartRateBpm><Extensions><ns3:TPX><ns3:Speed>0.0</ns3:Speed></ns3:TPX></Extensions></Trackpoint><Trackpoint><Time>2025-08-01T21:48:02Z</Time><HeartRateBpm><Value>126</Value></HeartRateBpm><Extensions><ns3:TPX><ns3:Speed>0.0</ns3:Speed></ns3:TPX></Extensions></Trackpoint><Trackpoint><Time>2025-08-01T21:48:04Z</Time><HeartRateBpm><Value>125</Value></HeartRateBpm><Extensions><ns3:TPX><ns3:Speed>0.0</ns3:Speed></ns3:TPX></Extensions></Trackpoint><Trackpoint><Time>2025-08-01T21:48:07Z</Time><HeartRateBpm><Value>126</Value></HeartRateBpm><Extensions><ns3:TPX><ns3:Speed>0.0</ns3:Speed></ns3:TPX></Extensions></Trackpoint><Trackpoint><Time>2025-08-01T21:48:12Z</Time><HeartRateBpm><Value>126</Value></HeartRateBpm><Extensions><ns3:TPX><ns3:Speed>0.0</ns3:Speed></ns3:TPX></Extensions></Trackpoint><Trackpoint><Time>2025-08-01T21:48:17Z</Time><HeartRateBpm><Value>127</Value></HeartRateBpm><Extensions><ns3:TPX><ns3:Speed>0.0</ns3:Speed></ns3:TPX></Extensions></Trackpoint><Trackpoint><Time>2025-08-01T21:48:19Z</Time><HeartRateBpm><Value>130</Value></HeartRateBpm><Extensions><ns3:TPX><ns3:Speed>0.0</ns3:Speed></ns3:TPX></Extensions></Trackpoint><Trackpoint><Time>2025-08-01T21:48:20Z</Time><HeartRateBpm><Value>131</Value></HeartRateBpm><Extensions><ns3:TPX><ns3:Speed>0.0</ns3:Speed></ns3:TPX></Extensions></Trackpoint><Trackpoint><Time>2025-08-01T21:48:22Z</Time><HeartRateBpm><Value>133</Value></HeartRateBpm><Extensions><ns3:TPX><ns3:Speed>0.0</ns3:Speed></ns3:TPX></Extensions></Trackpoint><Trackpoint><Time>2025-08-01T21:48:23Z</Time><HeartRateBpm><Value>134</Value></HeartRateBpm><Extensions><ns3:TPX><ns3:Speed>0.0</ns3:Speed></ns3:TPX></Extensions></Trackpoint><Trackpoint><Time>2025-08-01T21:48:25Z</Time><HeartRateBpm><Value>135</Value></HeartRateBpm><Extensions><ns3:TPX><ns3:Speed>0.0</ns3:Speed></ns3:TPX></Extensions></Trackpoint><Trackpoint><Time>2025-08-01T21:48:26Z</Time><HeartRateBpm><Value>137</Value></HeartRateBpm><Extensions><ns3:TPX><ns3:Speed>0.0</ns3:Speed></ns3:TPX></Extensions></Trackpoint><Trackpoint><Time>2025-08-01T21:48:27Z</Time><HeartRateBpm><Value>138</Value></HeartRateBpm><Extensions><ns3:TPX><ns3:Speed>0.0</ns3:Speed></ns3:TPX></Extensions></Trackpoint><Trackpoint><Time>2025-08-01T21:48:29Z</Time><HeartRateBpm><Value>133</Value></HeartRateBpm><Extensions><ns3:TPX><ns3:Speed>0.0</ns3:Speed></ns3:TPX></Extensions></Trackpoint><Trackpoint><Time>2025-08-01T21:48:30Z</Time><HeartRateBpm><Value>137</Value></HeartRateBpm><Extensions><ns3:TPX><ns3:Speed>0.0</ns3:Speed></ns3:TPX></Extensions></Trackpoint><Trackpoint><Time>2025-08-01T21:48:31Z</Time><HeartRateBpm><Value>133</Value></HeartRateBpm><Extensions><ns3:TPX><ns3:Speed>0.0</ns3:Speed></ns3:TPX></Extensions></Trackpoint><Trackpoint><Time>2025-08-01T21:48:32Z</Time><HeartRateBpm><Value>132</Value></HeartRateBpm><Extensions><ns3:TPX><ns3:Speed>0.0</ns3:Speed></ns3:TPX></Extensions></Trackpoint><Trackpoint><Time>2025-08-01T21:48:35Z</Time><HeartRateBpm><Value>131</Value></HeartRateBpm><Extensions><ns3:TPX><ns3:Speed>0.0</ns3:Speed></ns3:TPX></Extensions></Trackpoint><Trackpoint><Time>2025-08-01T21:48:36Z</Time><HeartRateBpm><Value>129</Value></HeartRateBpm><Extensions><ns3:TPX><ns3:Speed>0.0</ns3:Speed></ns3:TPX></Extensions></Trackpoint><Trackpoint><Time>2025-08-01T21:48:37Z</Time><HeartRateBpm><Value>122</Value></HeartRateBpm><Extensions><ns3:TPX><ns3:Speed>0.0</ns3:Speed></ns3:TPX></Extensions></Trackpoint><Trackpoint><Time>2025-08-01T21:48:38Z</Time><HeartRateBpm><Value>121</Value></HeartRateBpm><Extensions><ns3:TPX><ns3:Speed>0.0</ns3:Speed></ns3:TPX></Extensions></Trackpoint><Trackpoint><Time>2025-08-01T21:48:41Z</Time><HeartRateBpm><Value>120</Value></HeartRateBpm><Extensions><ns3:TPX><ns3:Speed>0.0</ns3:Speed></ns3:TPX></Extensions></Trackpoint><Trackpoint><Time>2025-08-01T21:48:43Z</Time><HeartRateBpm><Value>121</Value></HeartRateBpm><Extensions><ns3:TPX><ns3:Speed>0.0</ns3:Speed></ns3:TPX></Extensions></Trackpoint><Trackpoint><Time>2025-08-01T21:48:48Z</Time><HeartRateBpm><Value>122</Value></HeartRateBpm><Extensions><ns3:TPX><ns3:Speed>0.0</ns3:Speed></ns3:TPX></Extensions></Trackpoint><Trackpoint><Time>2025-08-01T21:48:49Z</Time><HeartRateBpm><Value>123</Value></HeartRateBpm><Extensions><ns3:TPX><ns3:Speed>0.0</ns3:Speed></ns3:TPX></Extensions></Trackpoint><Trackpoint><Time>2025-08-01T21:48:50Z</Time><HeartRateBpm><Value>122</Value></HeartRateBpm><Extensions><ns3:TPX><ns3:Speed>0.0</ns3:Speed></ns3:TPX></Extensions></Trackpoint><Trackpoint><Time>2025-08-01T21:48:55Z</Time><HeartRateBpm><Value>123</Value></HeartRateBpm><Extensions><ns3:TPX><ns3:Speed>0.0</ns3:Speed></ns3:TPX></Extensions></Trackpoint><Trackpoint><Time>2025-08-01T21:48:56Z</Time><HeartRateBpm><Value>122</Value></HeartRateBpm><Extensions><ns3:TPX><ns3:Speed>0.0</ns3:Speed></ns3:TPX></Extensions></Trackpoint><Trackpoint><Time>2025-08-01T21:48:59Z</Time><HeartRateBpm><Value>113</Value></HeartRateBpm><Extensions><ns3:TPX><ns3:Speed>0.0</ns3:Speed></ns3:TPX></Extensions></Trackpoint><Trackpoint><Time>2025-08-01T21:49:00Z</Time><HeartRateBpm><Value>45</Value></HeartRateBpm><Extensions><ns3:TPX><ns3:Speed>0.0</ns3:Speed></ns3:TPX></Extensions></Trackpoint><Trackpoint><Time>2025-08-01T21:49:01Z</Time><HeartRateBpm><Value>46</Value></HeartRateBpm><Extensions><ns3:TPX><ns3:Speed>0.0</ns3:Speed></ns3:TPX></Extensions></Trackpoint><Trackpoint><Time>2025-08-01T21:49:02Z</Time><HeartRateBpm><Value>47</Value></HeartRateBpm><Extensions><ns3:TPX><ns3:Speed>0.0</ns3:Speed></ns3:TPX></Extensions></Trackpoint><Trackpoint><Time>2025-08-01T21:49:03Z</Time><HeartRateBpm><Value>48</Value></HeartRateBpm><Extensions><ns3:TPX><ns3:Speed>0.0</ns3:Speed></ns3:TPX></Extensions></Trackpoint><Trackpoint><Time>2025-08-01T21:49:08Z</Time><HeartRateBpm><Value>48</Value></HeartRateBpm><Extensions><ns3:TPX><ns3:Speed>0.0</ns3:Speed></ns3:TPX></Extensions></Trackpoint><Trackpoint><Time>2025-08-01T21:49:13Z</Time><HeartRateBpm><Value>49</Value></HeartRateBpm><Extensions><ns3:TPX><ns3:Speed>0.0</ns3:Speed></ns3:TPX></Extensions></Trackpoint><Trackpoint><Time>2025-08-01T21:49:18Z</Time><HeartRateBpm><Value>50</Value></HeartRateBpm><Extensions><ns3:TPX><ns3:Speed>0.0</ns3:Speed></ns3:TPX></Extensions></Trackpoint><Trackpoint><Time>2025-08-01T21:49:20Z</Time><HeartRateBpm><Value>51</Value></HeartRateBpm><Extensions><ns3:TPX><ns3:Speed>0.0</ns3:Speed></ns3:TPX></Extensions></Trackpoint><Trackpoint><Time>2025-08-01T21:49:25Z</Time><HeartRateBpm><Value>51</Value></HeartRateBpm><Extensions><ns3:TPX><ns3:Speed>0.0</ns3:Speed></ns3:TPX></Extensions></Trackpoint><Trackpoint><Time>2025-08-01T21:49:26Z</Time><HeartRateBpm><Value>52</Value></HeartRateBpm><Extensions><ns3:TPX><ns3:Speed>0.0</ns3:Speed></ns3:TPX></Extensions></Trackpoint><Trackpoint><Time>2025-08-01T21:49:31Z</Time><HeartRateBpm><Value>52</Value></HeartRateBpm><Extensions><ns3:TPX><ns3:Speed>0.0</ns3:Speed></ns3:TPX></Extensions></Trackpoint><Trackpoint><Time>2025-08-01T21:49:33Z</Time><HeartRateBpm><Value>53</Value></HeartRateBpm><Extensions><ns3:TPX><ns3:Speed>0.0</ns3:Speed></ns3:TPX></Extensions></Trackpoint><Trackpoint><Time>2025-08-01T21:49:36Z</Time><HeartRateBpm><Value>55</Value></HeartRateBpm><Extensions><ns3:TPX><ns3:Speed>0.0</ns3:Speed></ns3:TPX></Extensions></Trackpoint><Trackpoint><Time>2025-08-01T21:49:41Z</Time><HeartRateBpm><Value>56</Value></HeartRateBpm><Extensions><ns3:TPX><ns3:Speed>0.0</ns3:Speed></ns3:TPX></Extensions></Trackpoint><Trackpoint><Time>2025-08-01T21:49:42Z</Time><HeartRateBpm><Value>55</Value></HeartRateBpm><Extensions><ns3:TPX><ns3:Speed>0.0</ns3:Speed></ns3:TPX></Extensions></Trackpoint><Trackpoint><Time>2025-08-01T21:49:43Z</Time><HeartRateBpm><Value>53</Value></HeartRateBpm><Extensions><ns3:TPX><ns3:Speed>0.0</ns3:Speed></ns3:TPX></Extensions></Trackpoint><Trackpoint><Time>2025-08-01T21:49:44Z</Time><HeartRateBpm><Value>52</Value></HeartRateBpm><Extensions><ns3:TPX><ns3:Speed>0.0</ns3:Speed></ns3:TPX></Extensions></Trackpoint><Trackpoint><Time>2025-08-01T21:49:45Z</Time><HeartRateBpm><Value>50</Value></HeartRateBpm><Extensions><ns3:TPX><ns3:Speed>0.0</ns3:Speed></ns3:TPX></Extensions></Trackpoint><Trackpoint><Time>2025-08-01T21:49:47Z</Time><HeartRateBpm><Value>49</Value></HeartRateBpm><Extensions><ns3:TPX><ns3:Speed>0.0</ns3:Speed></ns3:TPX></Extensions></Trackpoint><Trackpoint><Time>2025-08-01T21:49:48Z</Time><HeartRateBpm><Value>48</Value></HeartRateBpm><Extensions><ns3:TPX><ns3:Speed>0.0</ns3:Speed></ns3:TPX></Extensions></Trackpoint><Trackpoint><Time>2025-08-01T21:49:53Z</Time><HeartRateBpm><Value>48</Value></HeartRateBpm><Extensions><ns3:TPX><ns3:Speed>0.0</ns3:Speed></ns3:TPX></Extensions></Trackpoint><Trackpoint><Time>2025-08-01T21:49:55Z</Time><HeartRateBpm><Value>46</Value></HeartRateBpm><Extensions><ns3:TPX><ns3:Speed>0.0</ns3:Speed></ns3:TPX></Extensions></Trackpoint><Trackpoint><Time>2025-08-01T21:49:56Z</Time><HeartRateBpm><Value>44</Value></HeartRateBpm><Extensions><ns3:TPX><ns3:Speed>0.0</ns3:Speed></ns3:TPX></Extensions></Trackpoint><Trackpoint><Time>2025-08-01T21:49:57Z</Time><HeartRateBpm><Value>41</Value></HeartRateBpm><Extensions><ns3:TPX><ns3:Speed>0.0</ns3:Speed></ns3:TPX></Extensions></Trackpoint><Trackpoint><Time>2025-08-01T21:50:00Z</Time><HeartRateBpm><Value>40</Value></HeartRateBpm><Extensions><ns3:TPX><ns3:Speed>0.0</ns3:Speed></ns3:TPX></Extensions></Trackpoint><Trackpoint><Time>2025-08-01T21:50:01Z</Time><HeartRateBpm><Value>39</Value></HeartRateBpm><Extensions><ns3:TPX><ns3:Speed>0.0</ns3:Speed></ns3:TPX></Extensions></Trackpoint><Trackpoint><Time>2025-08-01T21:50:06Z</Time><HeartRateBpm><Value>39</Value></HeartRateBpm><Extensions><ns3:TPX><ns3:Speed>0.0</ns3:Speed></ns3:TPX></Extensions></Trackpoint><Trackpoint><Time>2025-08-01T21:50:07Z</Time><HeartRateBpm><Value>40</Value></HeartRateBpm><Extensions><ns3:TPX><ns3:Speed>0.0</ns3:Speed></ns3:TPX></Extensions></Trackpoint><Trackpoint><Time>2025-08-01T21:50:08Z</Time><HeartRateBpm><Value>39</Value></HeartRateBpm><Extensions><ns3:TPX><ns3:Speed>0.0</ns3:Speed></ns3:TPX></Extensions></Trackpoint><Trackpoint><Time>2025-08-01T21:50:09Z</Time><HeartRateBpm><Value>38</Value></HeartRateBpm><Extensions><ns3:TPX><ns3:Speed>0.0</ns3:Speed></ns3:TPX></Extensions></Trackpoint><Trackpoint><Time>2025-08-01T21:50:12Z</Time><HeartRateBpm><Value>39</Value></HeartRateBpm><Extensions><ns3:TPX><ns3:Speed>0.0</ns3:Speed></ns3:TPX></Extensions></Trackpoint><Trackpoint><Time>2025-08-01T21:50:14Z</Time><HeartRateBpm><Value>40</Value></HeartRateBpm><Extensions><ns3:TPX><ns3:Speed>0.0</ns3:Speed></ns3:TPX></Extensions></Trackpoint><Trackpoint><Time>2025-08-01T21:50:19Z</Time><HeartRateBpm><Value>40</Value></HeartRateBpm><Extensions><ns3:TPX><ns3:Speed>0.0</ns3:Speed></ns3:TPX></Extensions></Trackpoint><Trackpoint><Time>2025-08-01T21:50:24Z</Time><HeartRateBpm><Value>40</Value></HeartRateBpm><Extensions><ns3:TPX><ns3:Speed>0.0</ns3:Speed></ns3:TPX></Extensions></Trackpoint><Trackpoint><Time>2025-08-01T21:50:25Z</Time><HeartRateBpm><Value>41</Value></HeartRateBpm><Extensions><ns3:TPX><ns3:Speed>0.0</ns3:Speed></ns3:TPX></Extensions></Trackpoint><Trackpoint><Time>2025-08-01T21:50:26Z</Time><HeartRateBpm><Value>43</Value></HeartRateBpm><Extensions><ns3:TPX><ns3:Speed>0.0</ns3:Speed></ns3:TPX></Extensions></Trackpoint><Trackpoint><Time>2025-08-01T21:50:27Z</Time><HeartRateBpm><Value>45</Value></HeartRateBpm><Extensions><ns3:TPX><ns3:Speed>0.0</ns3:Speed></ns3:TPX></Extensions></Trackpoint><Trackpoint><Time>2025-08-01T21:50:29Z</Time><HeartRateBpm><Value>47</Value></HeartRateBpm><Extensions><ns3:TPX><ns3:Speed>0.0</ns3:Speed></ns3:TPX></Extensions></Trackpoint><Trackpoint><Time>2025-08-01T21:50:30Z</Time><HeartRateBpm><Value>48</Value></HeartRateBpm><Extensions><ns3:TPX><ns3:Speed>0.0</ns3:Speed></ns3:TPX></Extensions></Trackpoint><Trackpoint><Time>2025-08-01T21:50:33Z</Time><HeartRateBpm><Value>49</Value></HeartRateBpm><Extensions><ns3:TPX><ns3:Speed>0.0</ns3:Speed></ns3:TPX></Extensions></Trackpoint><Trackpoint><Time>2025-08-01T21:50:36Z</Time><HeartRateBpm><Value>51</Value></HeartRateBpm><Extensions><ns3:TPX><ns3:Speed>0.0</ns3:Speed></ns3:TPX></Extensions></Trackpoint><Trackpoint><Time>2025-08-01T21:50:37Z</Time><HeartRateBpm><Value>52</Value></HeartRateBpm><Extensions><ns3:TPX><ns3:Speed>0.0</ns3:Speed></ns3:TPX></Extensions></Trackpoint><Trackpoint><Time>2025-08-01T21:50:38Z</Time><HeartRateBpm><Value>53</Value></HeartRateBpm><Extensions><ns3:TPX><ns3:Speed>0.0</ns3:Speed></ns3:TPX></Extensions></Trackpoint><Trackpoint><Time>2025-08-01T21:50:39Z</Time><HeartRateBpm><Value>54</Value></HeartRateBpm><Extensions><ns3:TPX><ns3:Speed>0.0</ns3:Speed></ns3:TPX></Extensions></Trackpoint><Trackpoint><Time>2025-08-01T21:50:40Z</Time><HeartRateBpm><Value>55</Value></HeartRateBpm><Extensions><ns3:TPX><ns3:Speed>0.0</ns3:Speed></ns3:TPX></Extensions></Trackpoint><Trackpoint><Time>2025-08-01T21:50:42Z</Time><HeartRateBpm><Value>56</Value></HeartRateBpm><Extensions><ns3:TPX><ns3:Speed>0.0</ns3:Speed></ns3:TPX></Extensions></Trackpoint><Trackpoint><Time>2025-08-01T21:50:43Z</Time><HeartRateBpm><Value>57</Value></HeartRateBpm><Extensions><ns3:TPX><ns3:Speed>0.0</ns3:Speed></ns3:TPX></Extensions></Trackpoint><Trackpoint><Time>2025-08-01T21:50:44Z</Time><HeartRateBpm><Value>61</Value></HeartRateBpm><Extensions><ns3:TPX><ns3:Speed>0.0</ns3:Speed></ns3:TPX></Extensions></Trackpoint><Trackpoint><Time>2025-08-01T21:50:45Z</Time><HeartRateBpm><Value>64</Value></HeartRateBpm><Extensions><ns3:TPX><ns3:Speed>0.0</ns3:Speed></ns3:TPX></Extensions></Trackpoint><Trackpoint><Time>2025-08-01T21:50:46Z</Time><HeartRateBpm><Value>65</Value></HeartRateBpm><Extensions><ns3:TPX><ns3:Speed>0.0</ns3:Speed></ns3:TPX></Extensions></Trackpoint><Trackpoint><Time>2025-08-01T21:50:48Z</Time><HeartRateBpm><Value>66</Value></HeartRateBpm><Extensions><ns3:TPX><ns3:Speed>0.0</ns3:Speed></ns3:TPX></Extensions></Trackpoint><Trackpoint><Time>2025-08-01T21:50:50Z</Time><HeartRateBpm><Value>68</Value></HeartRateBpm><Extensions><ns3:TPX><ns3:Speed>0.0</ns3:Speed></ns3:TPX></Extensions></Trackpoint><Trackpoint><Time>2025-08-01T21:50:51Z</Time><HeartRateBpm><Value>69</Value></HeartRateBpm><Extensions><ns3:TPX><ns3:Speed>0.0</ns3:Speed></ns3:TPX></Extensions></Trackpoint><Trackpoint><Time>2025-08-01T21:50:54Z</Time><HeartRateBpm><Value>70</Value></HeartRateBpm><Extensions><ns3:TPX><ns3:Speed>0.0</ns3:Speed></ns3:TPX></Extensions></Trackpoint><Trackpoint><Time>2025-08-01T21:50:55Z</Time><HeartRateBpm><Value>72</Value></HeartRateBpm><Extensions><ns3:TPX><ns3:Speed>0.0</ns3:Speed></ns3:TPX></Extensions></Trackpoint><Trackpoint><Time>2025-08-01T21:50:56Z</Time><HeartRateBpm><Value>73</Value></HeartRateBpm><Extensions><ns3:TPX><ns3:Speed>0.0</ns3:Speed></ns3:TPX></Extensions></Trackpoint><Trackpoint><Time>2025-08-01T21:50:58Z</Time><HeartRateBpm><Value>72</Value></HeartRateBpm><Extensions><ns3:TPX><ns3:Speed>0.0</ns3:Speed></ns3:TPX></Extensions></Trackpoint><Trackpoint><Time>2025-08-01T21:51:02Z</Time><HeartRateBpm><Value>73</Value></HeartRateBpm><Extensions><ns3:TPX><ns3:Speed>0.0</ns3:Speed></ns3:TPX></Extensions></Trackpoint><Trackpoint><Time>2025-08-01T21:51:03Z</Time><HeartRateBpm><Value>74</Value></HeartRateBpm><Extensions><ns3:TPX><ns3:Speed>0.0</ns3:Speed></ns3:TPX></Extensions></Trackpoint><Trackpoint><Time>2025-08-01T21:51:06Z</Time><HeartRateBpm><Value>73</Value></HeartRateBpm><Extensions><ns3:TPX><ns3:Speed>0.0</ns3:Speed></ns3:TPX></Extensions></Trackpoint><Trackpoint><Time>2025-08-01T21:51:12Z</Time><HeartRateBpm><Value>73</Value></HeartRateBpm><Extensions><ns3:TPX><ns3:Speed>0.0</ns3:Speed></ns3:TPX></Extensions></Trackpoint><Trackpoint><Time>2025-08-01T21:51:15Z</Time><HeartRateBpm><Value>72</Value></HeartRateBpm><Extensions><ns3:TPX><ns3:Speed>0.0</ns3:Speed></ns3:TPX></Extensions></Trackpoint><Trackpoint><Time>2025-08-01T21:51:18Z</Time><HeartRateBpm><Value>71</Value></HeartRateBpm><Extensions><ns3:TPX><ns3:Speed>0.0</ns3:Speed></ns3:TPX></Extensions></Trackpoint><Trackpoint><Time>2025-08-01T21:51:21Z</Time><HeartRateBpm><Value>70</Value></HeartRateBpm><Extensions><ns3:TPX><ns3:Speed>0.0</ns3:Speed></ns3:TPX></Extensions></Trackpoint><Trackpoint><Time>2025-08-01T21:51:26Z</Time><HeartRateBpm><Value>70</Value></HeartRateBpm><Extensions><ns3:TPX><ns3:Speed>0.0</ns3:Speed></ns3:TPX></Extensions></Trackpoint><Trackpoint><Time>2025-08-01T21:51:27Z</Time><HeartRateBpm><Value>71</Value></HeartRateBpm><Extensions><ns3:TPX><ns3:Speed>0.0</ns3:Speed></ns3:TPX></Extensions></Trackpoint><Trackpoint><Time>2025-08-01T21:51:31Z</Time><HeartRateBpm><Value>70</Value></HeartRateBpm><Extensions><ns3:TPX><ns3:Speed>0.0</ns3:Speed></ns3:TPX></Extensions></Trackpoint><Trackpoint><Time>2025-08-01T21:51:33Z</Time><HeartRateBpm><Value>71</Value></HeartRateBpm><Extensions><ns3:TPX><ns3:Speed>0.0</ns3:Speed></ns3:TPX></Extensions></Trackpoint><Trackpoint><Time>2025-08-01T21:51:34Z</Time><HeartRateBpm><Value>70</Value></HeartRateBpm><Extensions><ns3:TPX><ns3:Speed>0.0</ns3:Speed></ns3:TPX></Extensions></Trackpoint><Trackpoint><Time>2025-08-01T21:51:35Z</Time><HeartRateBpm><Value>69</Value></HeartRateBpm><Extensions><ns3:TPX><ns3:Speed>0.0</ns3:Speed></ns3:TPX></Extensions></Trackpoint><Trackpoint><Time>2025-08-01T21:51:37Z</Time><HeartRateBpm><Value>70</Value></HeartRateBpm><Extensions><ns3:TPX><ns3:Speed>0.0</ns3:Speed></ns3:TPX></Extensions></Trackpoint><Trackpoint><Time>2025-08-01T21:51:38Z</Time><HeartRateBpm><Value>69</Value></HeartRateBpm><Extensions><ns3:TPX><ns3:Speed>0.0</ns3:Speed></ns3:TPX></Extensions></Trackpoint><Trackpoint><Time>2025-08-01T21:51:39Z</Time><HeartRateBpm><Value>68</Value></HeartRateBpm><Extensions><ns3:TPX><ns3:Speed>0.0</ns3:Speed></ns3:TPX></Extensions></Trackpoint><Trackpoint><Time>2025-08-01T21:51:41Z</Time><HeartRateBpm><Value>69</Value></HeartRateBpm><Extensions><ns3:TPX><ns3:Speed>0.0</ns3:Speed></ns3:TPX></Extensions></Trackpoint><Trackpoint><Time>2025-08-01T21:51:44Z</Time><HeartRateBpm><Value>70</Value></HeartRateBpm><Extensions><ns3:TPX><ns3:Speed>0.0</ns3:Speed></ns3:TPX></Extensions></Trackpoint><Trackpoint><Time>2025-08-01T21:51:45Z</Time><HeartRateBpm><Value>69</Value></HeartRateBpm><Extensions><ns3:TPX><ns3:Speed>0.0</ns3:Speed></ns3:TPX></Extensions></Trackpoint><Trackpoint><Time>2025-08-01T21:51:50Z</Time><HeartRateBpm><Value>69</Value></HeartRateBpm><Extensions><ns3:TPX><ns3:Speed>0.0</ns3:Speed></ns3:TPX></Extensions></Trackpoint><Trackpoint><Time>2025-08-01T21:51:51Z</Time><HeartRateBpm><Value>70</Value></HeartRateBpm><Extensions><ns3:TPX><ns3:Speed>0.0</ns3:Speed></ns3:TPX></Extensions></Trackpoint><Trackpoint><Time>2025-08-01T21:51:52Z</Time><HeartRateBpm><Value>71</Value></HeartRateBpm><Extensions><ns3:TPX><ns3:Speed>0.0</ns3:Speed></ns3:TPX></Extensions></Trackpoint><Trackpoint><Time>2025-08-01T21:51:55Z</Time><HeartRateBpm><Value>70</Value></HeartRateBpm><Extensions><ns3:TPX><ns3:Speed>0.0</ns3:Speed></ns3:TPX></Extensions></Trackpoint><Trackpoint><Time>2025-08-01T21:52:01Z</Time><HeartRateBpm><Value>69</Value></HeartRateBpm><Extensions><ns3:TPX><ns3:Speed>0.0</ns3:Speed></ns3:TPX></Extensions></Trackpoint><Trackpoint><Time>2025-08-01T21:52:02Z</Time><HeartRateBpm><Value>67</Value></HeartRateBpm><Extensions><ns3:TPX><ns3:Speed>0.0</ns3:Speed></ns3:TPX></Extensions></Trackpoint><Trackpoint><Time>2025-08-01T21:52:03Z</Time><HeartRateBpm><Value>65</Value></HeartRateBpm><Extensions><ns3:TPX><ns3:Speed>0.0</ns3:Speed></ns3:TPX></Extensions></Trackpoint><Trackpoint><Time>2025-08-01T21:52:04Z</Time><HeartRateBpm><Value>63</Value></HeartRateBpm><Extensions><ns3:TPX><ns3:Speed>0.0</ns3:Speed></ns3:TPX></Extensions></Trackpoint><Trackpoint><Time>2025-08-01T21:52:05Z</Time><HeartRateBpm><Value>62</Value></HeartRateBpm><Extensions><ns3:TPX><ns3:Speed>0.0</ns3:Speed></ns3:TPX></Extensions></Trackpoint><Trackpoint><Time>2025-08-01T21:52:08Z</Time><HeartRateBpm><Value>64</Value></HeartRateBpm><Extensions><ns3:TPX><ns3:Speed>0.0</ns3:Speed></ns3:TPX></Extensions></Trackpoint><Trackpoint><Time>2025-08-01T21:52:09Z</Time><HeartRateBpm><Value>65</Value></HeartRateBpm><Extensions><ns3:TPX><ns3:Speed>0.0</ns3:Speed></ns3:TPX></Extensions></Trackpoint><Trackpoint><Time>2025-08-01T21:52:10Z</Time><HeartRateBpm><Value>66</Value></HeartRateBpm><Extensions><ns3:TPX><ns3:Speed>0.0</ns3:Speed></ns3:TPX></Extensions></Trackpoint><Trackpoint><Time>2025-08-01T21:52:15Z</Time><HeartRateBpm><Value>66</Value></HeartRateBpm><Extensions><ns3:TPX><ns3:Speed>0.0</ns3:Speed></ns3:TPX></Extensions></Trackpoint><Trackpoint><Time>2025-08-01T21:52:16Z</Time><HeartRateBpm><Value>67</Value></HeartRateBpm><Extensions><ns3:TPX><ns3:Speed>0.0</ns3:Speed></ns3:TPX></Extensions></Trackpoint><Trackpoint><Time>2025-08-01T21:52:21Z</Time><HeartRateBpm><Value>67</Value></HeartRateBpm><Extensions><ns3:TPX><ns3:Speed>0.0</ns3:Speed></ns3:TPX></Extensions></Trackpoint><Trackpoint><Time>2025-08-01T21:52:22Z</Time><HeartRateBpm><Value>68</Value></HeartRateBpm><Extensions><ns3:TPX><ns3:Speed>0.0</ns3:Speed></ns3:TPX></Extensions></Trackpoint><Trackpoint><Time>2025-08-01T21:52:27Z</Time><HeartRateBpm><Value>68</Value></HeartRateBpm><Extensions><ns3:TPX><ns3:Speed>0.0</ns3:Speed></ns3:TPX></Extensions></Trackpoint><Trackpoint><Time>2025-08-01T21:52:28Z</Time><HeartRateBpm><Value>72</Value></HeartRateBpm><Extensions><ns3:TPX><ns3:Speed>0.0</ns3:Speed></ns3:TPX></Extensions></Trackpoint><Trackpoint><Time>2025-08-01T21:52:29Z</Time><HeartRateBpm><Value>74</Value></HeartRateBpm><Extensions><ns3:TPX><ns3:Speed>0.0</ns3:Speed></ns3:TPX></Extensions></Trackpoint><Trackpoint><Time>2025-08-01T21:52:31Z</Time><HeartRateBpm><Value>75</Value></HeartRateBpm><Extensions><ns3:TPX><ns3:Speed>0.0</ns3:Speed></ns3:TPX></Extensions></Trackpoint><Trackpoint><Time>2025-08-01T21:52:35Z</Time><HeartRateBpm><Value>75</Value></HeartRateBpm><Extensions><ns3:TPX><ns3:Speed>0.0</ns3:Speed></ns3:TPX></Extensions></Trackpoint><Trackpoint><Time>2025-08-01T21:52:36Z</Time><HeartRateBpm><Value>76</Value></HeartRateBpm><Extensions><ns3:TPX><ns3:Speed>0.0</ns3:Speed></ns3:TPX></Extensions></Trackpoint><Trackpoint><Time>2025-08-01T21:52:38Z</Time><HeartRateBpm><Value>77</Value></HeartRateBpm><Extensions><ns3:TPX><ns3:Speed>0.0</ns3:Speed></ns3:TPX></Extensions></Trackpoint><Trackpoint><Time>2025-08-01T21:52:39Z</Time><HeartRateBpm><Value>76</Value></HeartRateBpm><Extensions><ns3:TPX><ns3:Speed>0.0</ns3:Speed></ns3:TPX></Extensions></Trackpoint><Trackpoint><Time>2025-08-01T21:52:40Z</Time><HeartRateBpm><Value>75</Value></HeartRateBpm><Extensions><ns3:TPX><ns3:Speed>0.0</ns3:Speed></ns3:TPX></Extensions></Trackpoint><Trackpoint><Time>2025-08-01T21:52:41Z</Time><HeartRateBpm><Value>74</Value></HeartRateBpm><Extensions><ns3:TPX><ns3:Speed>0.0</ns3:Speed></ns3:TPX></Extensions></Trackpoint><Trackpoint><Time>2025-08-01T21:52:44Z</Time><HeartRateBpm><Value>75</Value></HeartRateBpm><Extensions><ns3:TPX><ns3:Speed>0.0</ns3:Speed></ns3:TPX></Extensions></Trackpoint><Trackpoint><Time>2025-08-01T21:52:45Z</Time><HeartRateBpm><Value>76</Value></HeartRateBpm><Extensions><ns3:TPX><ns3:Speed>0.0</ns3:Speed></ns3:TPX></Extensions></Trackpoint><Trackpoint><Time>2025-08-01T21:52:46Z</Time><HeartRateBpm><Value>78</Value></HeartRateBpm><Extensions><ns3:TPX><ns3:Speed>0.0</ns3:Speed></ns3:TPX></Extensions></Trackpoint><Trackpoint><Time>2025-08-01T21:52:51Z</Time><HeartRateBpm><Value>79</Value></HeartRateBpm><Extensions><ns3:TPX><ns3:Speed>0.0</ns3:Speed></ns3:TPX></Extensions></Trackpoint><Trackpoint><Time>2025-08-01T21:52:55Z</Time><HeartRateBpm><Value>81</Value></HeartRateBpm><Extensions><ns3:TPX><ns3:Speed>0.0</ns3:Speed></ns3:TPX></Extensions></Trackpoint><Trackpoint><Time>2025-08-01T21:52:56Z</Time><HeartRateBpm><Value>83</Value></HeartRateBpm><Extensions><ns3:TPX><ns3:Speed>0.0</ns3:Speed></ns3:TPX></Extensions></Trackpoint><Trackpoint><Time>2025-08-01T21:52:57Z</Time><HeartRateBpm><Value>84</Value></HeartRateBpm><Extensions><ns3:TPX><ns3:Speed>0.0</ns3:Speed></ns3:TPX></Extensions></Trackpoint><Trackpoint><Time>2025-08-01T21:52:58Z</Time><HeartRateBpm><Value>85</Value></HeartRateBpm><Extensions><ns3:TPX><ns3:Speed>0.0</ns3:Speed></ns3:TPX></Extensions></Trackpoint><Trackpoint><Time>2025-08-01T21:53:00Z</Time><HeartRateBpm><Value>84</Value></HeartRateBpm><Extensions><ns3:TPX><ns3:Speed>0.0</ns3:Speed></ns3:TPX></Extensions></Trackpoint><Trackpoint><Time>2025-08-01T21:53:02Z</Time><HeartRateBpm><Value>83</Value></HeartRateBpm><Extensions><ns3:TPX><ns3:Speed>0.0</ns3:Speed></ns3:TPX></Extensions></Trackpoint><Trackpoint><Time>2025-08-01T21:53:04Z</Time><HeartRateBpm><Value>84</Value></HeartRateBpm><Extensions><ns3:TPX><ns3:Speed>0.0</ns3:Speed></ns3:TPX></Extensions></Trackpoint><Trackpoint><Time>2025-08-01T21:53:06Z</Time><HeartRateBpm><Value>83</Value></HeartRateBpm><Extensions><ns3:TPX><ns3:Speed>0.0</ns3:Speed></ns3:TPX></Extensions></Trackpoint><Trackpoint><Time>2025-08-01T21:53:09Z</Time><HeartRateBpm><Value>84</Value></HeartRateBpm><Extensions><ns3:TPX><ns3:Speed>0.0</ns3:Speed></ns3:TPX></Extensions></Trackpoint><Trackpoint><Time>2025-08-01T21:53:14Z</Time><HeartRateBpm><Value>84</Value></HeartRateBpm><Extensions><ns3:TPX><ns3:Speed>0.0</ns3:Speed></ns3:TPX></Extensions></Trackpoint><Trackpoint><Time>2025-08-01T21:53:16Z</Time><HeartRateBpm><Value>83</Value></HeartRateBpm><Extensions><ns3:TPX><ns3:Speed>0.0</ns3:Speed></ns3:TPX></Extensions></Trackpoint><Trackpoint><Time>2025-08-01T21:53:21Z</Time><HeartRateBpm><Value>83</Value></HeartRateBpm><Extensions><ns3:TPX><ns3:Speed>0.0</ns3:Speed></ns3:TPX></Extensions></Trackpoint><Trackpoint><Time>2025-08-01T21:53:22Z</Time><HeartRateBpm><Value>82</Value></HeartRateBpm><Extensions><ns3:TPX><ns3:Speed>0.0</ns3:Speed></ns3:TPX></Extensions></Trackpoint><Trackpoint><Time>2025-08-01T21:53:26Z</Time><HeartRateBpm><Value>83</Value></HeartRateBpm><Extensions><ns3:TPX><ns3:Speed>0.0</ns3:Speed></ns3:TPX></Extensions></Trackpoint><Trackpoint><Time>2025-08-01T21:53:28Z</Time><HeartRateBpm><Value>82</Value></HeartRateBpm><Extensions><ns3:TPX><ns3:Speed>0.0</ns3:Speed></ns3:TPX></Extensions></Trackpoint><Trackpoint><Time>2025-08-01T21:53:32Z</Time><HeartRateBpm><Value>84</Value></HeartRateBpm><Extensions><ns3:TPX><ns3:Speed>0.0</ns3:Speed></ns3:TPX></Extensions></Trackpoint><Trackpoint><Time>2025-08-01T21:53:33Z</Time><HeartRateBpm><Value>85</Value></HeartRateBpm><Extensions><ns3:TPX><ns3:Speed>0.0</ns3:Speed></ns3:TPX></Extensions></Trackpoint><Trackpoint><Time>2025-08-01T21:53:35Z</Time><HeartRateBpm><Value>86</Value></HeartRateBpm><Extensions><ns3:TPX><ns3:Speed>0.0</ns3:Speed></ns3:TPX></Extensions></Trackpoint><Trackpoint><Time>2025-08-01T21:53:36Z</Time><HeartRateBpm><Value>87</Value></HeartRateBpm><Extensions><ns3:TPX><ns3:Speed>0.0</ns3:Speed></ns3:TPX></Extensions></Trackpoint><Trackpoint><Time>2025-08-01T21:53:38Z</Time><HeartRateBpm><Value>88</Value></HeartRateBpm><Extensions><ns3:TPX><ns3:Speed>0.0</ns3:Speed></ns3:TPX></Extensions></Trackpoint><Trackpoint><Time>2025-08-01T21:53:39Z</Time><HeartRateBpm><Value>89</Value></HeartRateBpm><Extensions><ns3:TPX><ns3:Speed>0.0</ns3:Speed></ns3:TPX></Extensions></Trackpoint><Trackpoint><Time>2025-08-01T21:53:41Z</Time><HeartRateBpm><Value>88</Value></HeartRateBpm><Extensions><ns3:TPX><ns3:Speed>0.0</ns3:Speed></ns3:TPX></Extensions></Trackpoint><Trackpoint><Time>2025-08-01T21:53:46Z</Time><HeartRateBpm><Value>89</Value></HeartRateBpm><Extensions><ns3:TPX><ns3:Speed>0.0</ns3:Speed></ns3:TPX></Extensions></Trackpoint><Trackpoint><Time>2025-08-01T21:53:47Z</Time><HeartRateBpm><Value>92</Value></HeartRateBpm><Extensions><ns3:TPX><ns3:Speed>0.0</ns3:Speed></ns3:TPX></Extensions></Trackpoint><Trackpoint><Time>2025-08-01T21:53:48Z</Time><HeartRateBpm><Value>93</Value></HeartRateBpm><Extensions><ns3:TPX><ns3:Speed>0.0</ns3:Speed></ns3:TPX></Extensions></Trackpoint><Trackpoint><Time>2025-08-01T21:53:50Z</Time><HeartRateBpm><Value>91</Value></HeartRateBpm><Extensions><ns3:TPX><ns3:Speed>0.0</ns3:Speed></ns3:TPX></Extensions></Trackpoint><Trackpoint><Time>2025-08-01T21:53:51Z</Time><HeartRateBpm><Value>89</Value></HeartRateBpm><Extensions><ns3:TPX><ns3:Speed>0.0</ns3:Speed></ns3:TPX></Extensions></Trackpoint><Trackpoint><Time>2025-08-01T21:53:55Z</Time><HeartRateBpm><Value>88</Value></HeartRateBpm><Extensions><ns3:TPX><ns3:Speed>0.0</ns3:Speed></ns3:TPX></Extensions></Trackpoint><Trackpoint><Time>2025-08-01T21:53:57Z</Time><HeartRateBpm><Value>87</Value></HeartRateBpm><Extensions><ns3:TPX><ns3:Speed>0.0</ns3:Speed></ns3:TPX></Extensions></Trackpoint><Trackpoint><Time>2025-08-01T21:54:02Z</Time><HeartRateBpm><Value>87</Value></HeartRateBpm><Extensions><ns3:TPX><ns3:Speed>0.0</ns3:Speed></ns3:TPX></Extensions></Trackpoint><Trackpoint><Time>2025-08-01T21:54:03Z</Time><HeartRateBpm><Value>88</Value></HeartRateBpm><Extensions><ns3:TPX><ns3:Speed>0.0</ns3:Speed></ns3:TPX></Extensions></Trackpoint><Trackpoint><Time>2025-08-01T21:54:04Z</Time><HeartRateBpm><Value>89</Value></HeartRateBpm><Extensions><ns3:TPX><ns3:Speed>0.0</ns3:Speed></ns3:TPX></Extensions></Trackpoint><Trackpoint><Time>2025-08-01T21:54:06Z</Time><HeartRateBpm><Value>90</Value></HeartRateBpm><Extensions><ns3:TPX><ns3:Speed>0.0</ns3:Speed></ns3:TPX></Extensions></Trackpoint><Trackpoint><Time>2025-08-01T21:54:10Z</Time><HeartRateBpm><Value>92</Value></HeartRateBpm><Extensions><ns3:TPX><ns3:Speed>0.0</ns3:Speed></ns3:TPX></Extensions></Trackpoint><Trackpoint><Time>2025-08-01T21:54:11Z</Time><HeartRateBpm><Value>93</Value></HeartRateBpm><Extensions><ns3:TPX><ns3:Speed>0.0</ns3:Speed></ns3:TPX></Extensions></Trackpoint><Trackpoint><Time>2025-08-01T21:54:14Z</Time><HeartRateBpm><Value>92</Value></HeartRateBpm><Extensions><ns3:TPX><ns3:Speed>0.0</ns3:Speed></ns3:TPX></Extensions></Trackpoint><Trackpoint><Time>2025-08-01T21:54:15Z</Time><HeartRateBpm><Value>91</Value></HeartRateBpm><Extensions><ns3:TPX><ns3:Speed>0.0</ns3:Speed></ns3:TPX></Extensions></Trackpoint><Trackpoint><Time>2025-08-01T21:54:16Z</Time><HeartRateBpm><Value>92</Value></HeartRateBpm><Extensions><ns3:TPX><ns3:Speed>0.0</ns3:Speed></ns3:TPX></Extensions></Trackpoint><Trackpoint><Time>2025-08-01T21:54:17Z</Time><HeartRateBpm><Value>94</Value></HeartRateBpm><Extensions><ns3:TPX><ns3:Speed>0.0</ns3:Speed></ns3:TPX></Extensions></Trackpoint><Trackpoint><Time>2025-08-01T21:54:18Z</Time><HeartRateBpm><Value>96</Value></HeartRateBpm><Extensions><ns3:TPX><ns3:Speed>0.0</ns3:Speed></ns3:TPX></Extensions></Trackpoint><Trackpoint><Time>2025-08-01T21:54:20Z</Time><HeartRateBpm><Value>102</Value></HeartRateBpm><Extensions><ns3:TPX><ns3:Speed>0.0</ns3:Speed></ns3:TPX></Extensions></Trackpoint><Trackpoint><Time>2025-08-01T21:54:21Z</Time><HeartRateBpm><Value>107</Value></HeartRateBpm><Extensions><ns3:TPX><ns3:Speed>0.0</ns3:Speed></ns3:TPX></Extensions></Trackpoint><Trackpoint><Time>2025-08-01T21:54:22Z</Time><HeartRateBpm><Value>112</Value></HeartRateBpm><Extensions><ns3:TPX><ns3:Speed>0.0</ns3:Speed></ns3:TPX></Extensions></Trackpoint><Trackpoint><Time>2025-08-01T21:54:23Z</Time><HeartRateBpm><Value>111</Value></HeartRateBpm><Extensions><ns3:TPX><ns3:Speed>0.0</ns3:Speed></ns3:TPX></Extensions></Trackpoint><Trackpoint><Time>2025-08-01T21:54:24Z</Time><HeartRateBpm><Value>110</Value></HeartRateBpm><Extensions><ns3:TPX><ns3:Speed>0.0</ns3:Speed></ns3:TPX></Extensions></Trackpoint><Trackpoint><Time>2025-08-01T21:54:27Z</Time><HeartRateBpm><Value>112</Value></HeartRateBpm><Extensions><ns3:TPX><ns3:Speed>0.0</ns3:Speed></ns3:TPX></Extensions></Trackpoint><Trackpoint><Time>2025-08-01T21:54:28Z</Time><HeartRateBpm><Value>114</Value></HeartRateBpm><Extensions><ns3:TPX><ns3:Speed>0.0</ns3:Speed></ns3:TPX></Extensions></Trackpoint><Trackpoint><Time>2025-08-01T21:54:29Z</Time><HeartRateBpm><Value>116</Value></HeartRateBpm><Extensions><ns3:TPX><ns3:Speed>0.0</ns3:Speed></ns3:TPX></Extensions></Trackpoint><Trackpoint><Time>2025-08-01T21:54:30Z</Time><HeartRateBpm><Value>117</Value></HeartRateBpm><Extensions><ns3:TPX><ns3:Speed>0.0</ns3:Speed></ns3:TPX></Extensions></Trackpoint><Trackpoint><Time>2025-08-01T21:54:32Z</Time><HeartRateBpm><Value>118</Value></HeartRateBpm><Extensions><ns3:TPX><ns3:Speed>0.0</ns3:Speed></ns3:TPX></Extensions></Trackpoint><Trackpoint><Time>2025-08-01T21:54:33Z</Time><HeartRateBpm><Value>119</Value></HeartRateBpm><Extensions><ns3:TPX><ns3:Speed>0.0</ns3:Speed></ns3:TPX></Extensions></Trackpoint><Trackpoint><Time>2025-08-01T21:54:35Z</Time><HeartRateBpm><Value>113</Value></HeartRateBpm><Extensions><ns3:TPX><ns3:Speed>0.0</ns3:Speed></ns3:TPX></Extensions></Trackpoint><Trackpoint><Time>2025-08-01T21:54:36Z</Time><HeartRateBpm><Value>107</Value></HeartRateBpm><Extensions><ns3:TPX><ns3:Speed>0.0</ns3:Speed></ns3:TPX></Extensions></Trackpoint><Trackpoint><Time>2025-08-01T21:54:39Z</Time><HeartRateBpm><Value>112</Value></HeartRateBpm><Extensions><ns3:TPX><ns3:Speed>0.0</ns3:Speed></ns3:TPX></Extensions></Trackpoint><Trackpoint><Time>2025-08-01T21:54:41Z</Time><HeartRateBpm><Value>100</Value></HeartRateBpm><Extensions><ns3:TPX><ns3:Speed>0.0</ns3:Speed></ns3:TPX></Extensions></Trackpoint><Trackpoint><Time>2025-08-01T21:54:42Z</Time><HeartRateBpm><Value>101</Value></HeartRateBpm><Extensions><ns3:TPX><ns3:Speed>0.0</ns3:Speed></ns3:TPX></Extensions></Trackpoint><Trackpoint><Time>2025-08-01T21:54:44Z</Time><HeartRateBpm><Value>102</Value></HeartRateBpm><Extensions><ns3:TPX><ns3:Speed>0.0</ns3:Speed></ns3:TPX></Extensions></Trackpoint><Trackpoint><Time>2025-08-01T21:54:46Z</Time><HeartRateBpm><Value>103</Value></HeartRateBpm><Extensions><ns3:TPX><ns3:Speed>0.0</ns3:Speed></ns3:TPX></Extensions></Trackpoint><Trackpoint><Time>2025-08-01T21:54:47Z</Time><HeartRateBpm><Value>105</Value></HeartRateBpm><Extensions><ns3:TPX><ns3:Speed>0.0</ns3:Speed></ns3:TPX></Extensions></Trackpoint><Trackpoint><Time>2025-08-01T21:54:50Z</Time><HeartRateBpm><Value>106</Value></HeartRateBpm><Extensions><ns3:TPX><ns3:Speed>0.0</ns3:Speed></ns3:TPX></Extensions></Trackpoint><Trackpoint><Time>2025-08-01T21:54:51Z</Time><HeartRateBpm><Value>107</Value></HeartRateBpm><Extensions><ns3:TPX><ns3:Speed>0.0</ns3:Speed></ns3:TPX></Extensions></Trackpoint><Trackpoint><Time>2025-08-01T21:54:52Z</Time><HeartRateBpm><Value>108</Value></HeartRateBpm><Extensions><ns3:TPX><ns3:Speed>0.0</ns3:Speed></ns3:TPX></Extensions></Trackpoint><Trackpoint><Time>2025-08-01T21:54:53Z</Time><HeartRateBpm><Value>111</Value></HeartRateBpm><Extensions><ns3:TPX><ns3:Speed>0.0</ns3:Speed></ns3:TPX></Extensions></Trackpoint><Trackpoint><Time>2025-08-01T21:54:58Z</Time><HeartRateBpm><Value>111</Value></HeartRateBpm><Extensions><ns3:TPX><ns3:Speed>0.0</ns3:Speed></ns3:TPX></Extensions></Trackpoint><Trackpoint><Time>2025-08-01T21:55:03Z</Time><HeartRateBpm><Value>111</Value></HeartRateBpm><Extensions><ns3:TPX><ns3:Speed>0.0</ns3:Speed></ns3:TPX></Extensions></Trackpoint><Trackpoint><Time>2025-08-01T21:55:04Z</Time><HeartRateBpm><Value>112</Value></HeartRateBpm><Extensions><ns3:TPX><ns3:Speed>0.0</ns3:Speed></ns3:TPX></Extensions></Trackpoint><Trackpoint><Time>2025-08-01T21:55:05Z</Time><HeartRateBpm><Value>114</Value></HeartRateBpm><Extensions><ns3:TPX><ns3:Speed>0.0</ns3:Speed></ns3:TPX></Extensions></Trackpoint><Trackpoint><Time>2025-08-01T21:55:10Z</Time><HeartRateBpm><Value>113</Value></HeartRateBpm><Extensions><ns3:TPX><ns3:Speed>0.0</ns3:Speed></ns3:TPX></Extensions></Trackpoint><Trackpoint><Time>2025-08-01T21:55:15Z</Time><HeartRateBpm><Value>113</Value></HeartRateBpm><Extensions><ns3:TPX><ns3:Speed>0.0</ns3:Speed></ns3:TPX></Extensions></Trackpoint><Trackpoint><Time>2025-08-01T21:55:17Z</Time><HeartRateBpm><Value>114</Value></HeartRateBpm><Extensions><ns3:TPX><ns3:Speed>0.0</ns3:Speed></ns3:TPX></Extensions></Trackpoint><Trackpoint><Time>2025-08-01T21:55:18Z</Time><HeartRateBpm><Value>115</Value></HeartRateBpm><Extensions><ns3:TPX><ns3:Speed>0.0</ns3:Speed></ns3:TPX></Extensions></Trackpoint><Trackpoint><Time>2025-08-01T21:55:19Z</Time><HeartRateBpm><Value>116</Value></HeartRateBpm><Extensions><ns3:TPX><ns3:Speed>0.0</ns3:Speed></ns3:TPX></Extensions></Trackpoint><Trackpoint><Time>2025-08-01T21:55:21Z</Time><HeartRateBpm><Value>117</Value></HeartRateBpm><Extensions><ns3:TPX><ns3:Speed>0.0</ns3:Speed></ns3:TPX></Extensions></Trackpoint><Trackpoint><Time>2025-08-01T21:55:24Z</Time><HeartRateBpm><Value>116</Value></HeartRateBpm><Extensions><ns3:TPX><ns3:Speed>0.0</ns3:Speed></ns3:TPX></Extensions></Trackpoint><Trackpoint><Time>2025-08-01T21:55:29Z</Time><HeartRateBpm><Value>114</Value></HeartRateBpm><Extensions><ns3:TPX><ns3:Speed>0.0</ns3:Speed></ns3:TPX></Extensions></Trackpoint><Trackpoint><Time>2025-08-01T21:55:31Z</Time><HeartRateBpm><Value>113</Value></HeartRateBpm><Extensions><ns3:TPX><ns3:Speed>0.0</ns3:Speed></ns3:TPX></Extensions></Trackpoint><Trackpoint><Time>2025-08-01T21:55:34Z</Time><HeartRateBpm><Value>115</Value></HeartRateBpm><Extensions><ns3:TPX><ns3:Speed>0.0</ns3:Speed></ns3:TPX></Extensions></Trackpoint><Trackpoint><Time>2025-08-01T21:55:35Z</Time><HeartRateBpm><Value>116</Value></HeartRateBpm><Extensions><ns3:TPX><ns3:Speed>0.0</ns3:Speed></ns3:TPX></Extensions></Trackpoint><Trackpoint><Time>2025-08-01T21:55:36Z</Time><HeartRateBpm><Value>118</Value></HeartRateBpm><Extensions><ns3:TPX><ns3:Speed>0.0</ns3:Speed></ns3:TPX></Extensions></Trackpoint><Trackpoint><Time>2025-08-01T21:55:39Z</Time><HeartRateBpm><Value>119</Value></HeartRateBpm><Extensions><ns3:TPX><ns3:Speed>0.0</ns3:Speed></ns3:TPX></Extensions></Trackpoint><Trackpoint><Time>2025-08-01T21:55:40Z</Time><HeartRateBpm><Value>118</Value></HeartRateBpm><Extensions><ns3:TPX><ns3:Speed>0.0</ns3:Speed></ns3:TPX></Extensions></Trackpoint><Trackpoint><Time>2025-08-01T21:55:45Z</Time><HeartRateBpm><Value>118</Value></HeartRateBpm><Extensions><ns3:TPX><ns3:Speed>0.0</ns3:Speed></ns3:TPX></Extensions></Trackpoint><Trackpoint><Time>2025-08-01T21:55:51Z</Time><HeartRateBpm><Value>120</Value></HeartRateBpm><Extensions><ns3:TPX><ns3:Speed>0.0</ns3:Speed></ns3:TPX></Extensions></Trackpoint><Trackpoint><Time>2025-08-01T21:55:54Z</Time><HeartRateBpm><Value>118</Value></HeartRateBpm><Extensions><ns3:TPX><ns3:Speed>0.0</ns3:Speed></ns3:TPX></Extensions></Trackpoint><Trackpoint><Time>2025-08-01T21:55:57Z</Time><HeartRateBpm><Value>119</Value></HeartRateBpm><Extensions><ns3:TPX><ns3:Speed>0.0</ns3:Speed></ns3:TPX></Extensions></Trackpoint><Trackpoint><Time>2025-08-01T21:55:59Z</Time><HeartRateBpm><Value>120</Value></HeartRateBpm><Extensions><ns3:TPX><ns3:Speed>0.0</ns3:Speed></ns3:TPX></Extensions></Trackpoint><Trackpoint><Time>2025-08-01T21:56:00Z</Time><HeartRateBpm><Value>121</Value></HeartRateBpm><Extensions><ns3:TPX><ns3:Speed>0.0</ns3:Speed></ns3:TPX></Extensions></Trackpoint><Trackpoint><Time>2025-08-01T21:56:05Z</Time><HeartRateBpm><Value>120</Value></HeartRateBpm><Extensions><ns3:TPX><ns3:Speed>0.0</ns3:Speed></ns3:TPX></Extensions></Trackpoint><Trackpoint><Time>2025-08-01T21:56:06Z</Time><HeartRateBpm><Value>118</Value></HeartRateBpm><Extensions><ns3:TPX><ns3:Speed>0.0</ns3:Speed></ns3:TPX></Extensions></Trackpoint><Trackpoint><Time>2025-08-01T21:56:09Z</Time><HeartRateBpm><Value>117</Value></HeartRateBpm><Extensions><ns3:TPX><ns3:Speed>0.0</ns3:Speed></ns3:TPX></Extensions></Trackpoint><Trackpoint><Time>2025-08-01T21:56:10Z</Time><HeartRateBpm><Value>116</Value></HeartRateBpm><Extensions><ns3:TPX><ns3:Speed>0.0</ns3:Speed></ns3:TPX></Extensions></Trackpoint><Trackpoint><Time>2025-08-01T21:56:11Z</Time><HeartRateBpm><Value>115</Value></HeartRateBpm><Extensions><ns3:TPX><ns3:Speed>0.0</ns3:Speed></ns3:TPX></Extensions></Trackpoint><Trackpoint><Time>2025-08-01T21:56:12Z</Time><HeartRateBpm><Value>114</Value></HeartRateBpm><Extensions><ns3:TPX><ns3:Speed>0.0</ns3:Speed></ns3:TPX></Extensions></Trackpoint><Trackpoint><Time>2025-08-01T21:56:13Z</Time><HeartRateBpm><Value>113</Value></HeartRateBpm><Extensions><ns3:TPX><ns3:Speed>0.0</ns3:Speed></ns3:TPX></Extensions></Trackpoint><Trackpoint><Time>2025-08-01T21:56:15Z</Time><HeartRateBpm><Value>112</Value></HeartRateBpm><Extensions><ns3:TPX><ns3:Speed>0.0</ns3:Speed></ns3:TPX></Extensions></Trackpoint><Trackpoint><Time>2025-08-01T21:56:16Z</Time><HeartRateBpm><Value>111</Value></HeartRateBpm><Extensions><ns3:TPX><ns3:Speed>0.0</ns3:Speed></ns3:TPX></Extensions></Trackpoint><Trackpoint><Time>2025-08-01T21:56:19Z</Time><HeartRateBpm><Value>112</Value></HeartRateBpm><Extensions><ns3:TPX><ns3:Speed>0.0</ns3:Speed></ns3:TPX></Extensions></Trackpoint><Trackpoint><Time>2025-08-01T21:56:20Z</Time><HeartRateBpm><Value>113</Value></HeartRateBpm><Extensions><ns3:TPX><ns3:Speed>0.0</ns3:Speed></ns3:TPX></Extensions></Trackpoint><Trackpoint><Time>2025-08-01T21:56:22Z</Time><HeartRateBpm><Value>114</Value></HeartRateBpm><Extensions><ns3:TPX><ns3:Speed>0.0</ns3:Speed></ns3:TPX></Extensions></Trackpoint><Trackpoint><Time>2025-08-01T21:56:26Z</Time><HeartRateBpm><Value>115</Value></HeartRateBpm><Extensions><ns3:TPX><ns3:Speed>0.0</ns3:Speed></ns3:TPX></Extensions></Trackpoint><Trackpoint><Time>2025-08-01T21:56:30Z</Time><HeartRateBpm><Value>116</Value></HeartRateBpm><Extensions><ns3:TPX><ns3:Speed>0.0</ns3:Speed></ns3:TPX></Extensions></Trackpoint><Trackpoint><Time>2025-08-01T21:56:31Z</Time><HeartRateBpm><Value>117</Value></HeartRateBpm><Extensions><ns3:TPX><ns3:Speed>0.0</ns3:Speed></ns3:TPX></Extensions></Trackpoint><Trackpoint><Time>2025-08-01T21:56:32Z</Time><HeartRateBpm><Value>118</Value></HeartRateBpm><Extensions><ns3:TPX><ns3:Speed>0.0</ns3:Speed></ns3:TPX></Extensions></Trackpoint><Trackpoint><Time>2025-08-01T21:56:34Z</Time><HeartRateBpm><Value>119</Value></HeartRateBpm><Extensions><ns3:TPX><ns3:Speed>0.0</ns3:Speed></ns3:TPX></Extensions></Trackpoint><Trackpoint><Time>2025-08-01T21:56:36Z</Time><HeartRateBpm><Value>118</Value></HeartRateBpm><Extensions><ns3:TPX><ns3:Speed>0.0</ns3:Speed></ns3:TPX></Extensions></Trackpoint><Trackpoint><Time>2025-08-01T21:56:37Z</Time><HeartRateBpm><Value>117</Value></HeartRateBpm><Extensions><ns3:TPX><ns3:Speed>0.0</ns3:Speed></ns3:TPX></Extensions></Trackpoint><Trackpoint><Time>2025-08-01T21:56:38Z</Time><HeartRateBpm><Value>116</Value></HeartRateBpm><Extensions><ns3:TPX><ns3:Speed>0.0</ns3:Speed></ns3:TPX></Extensions></Trackpoint><Trackpoint><Time>2025-08-01T21:56:40Z</Time><HeartRateBpm><Value>115</Value></HeartRateBpm><Extensions><ns3:TPX><ns3:Speed>0.0</ns3:Speed></ns3:TPX></Extensions></Trackpoint><Trackpoint><Time>2025-08-01T21:56:44Z</Time><HeartRateBpm><Value>114</Value></HeartRateBpm><Extensions><ns3:TPX><ns3:Speed>0.0</ns3:Speed></ns3:TPX></Extensions></Trackpoint><Trackpoint><Time>2025-08-01T21:56:48Z</Time><HeartRateBpm><Value>113</Value></HeartRateBpm><Extensions><ns3:TPX><ns3:Speed>0.0</ns3:Speed></ns3:TPX></Extensions></Trackpoint><Trackpoint><Time>2025-08-01T21:56:53Z</Time><HeartRateBpm><Value>113</Value></HeartRateBpm><Extensions><ns3:TPX><ns3:Speed>0.0</ns3:Speed></ns3:TPX></Extensions></Trackpoint><Trackpoint><Time>2025-08-01T21:56:58Z</Time><HeartRateBpm><Value>114</Value></HeartRateBpm><Extensions><ns3:TPX><ns3:Speed>0.0</ns3:Speed></ns3:TPX></Extensions></Trackpoint><Trackpoint><Time>2025-08-01T21:57:01Z</Time><HeartRateBpm><Value>113</Value></HeartRateBpm><Extensions><ns3:TPX><ns3:Speed>0.0</ns3:Speed></ns3:TPX></Extensions></Trackpoint><Trackpoint><Time>2025-08-01T21:57:02Z</Time><HeartRateBpm><Value>112</Value></HeartRateBpm><Extensions><ns3:TPX><ns3:Speed>0.0</ns3:Speed></ns3:TPX></Extensions></Trackpoint><Trackpoint><Time>2025-08-01T21:57:04Z</Time><HeartRateBpm><Value>111</Value></HeartRateBpm><Extensions><ns3:TPX><ns3:Speed>0.0</ns3:Speed></ns3:TPX></Extensions></Trackpoint><Trackpoint><Time>2025-08-01T21:57:07Z</Time><HeartRateBpm><Value>113</Value></HeartRateBpm><Extensions><ns3:TPX><ns3:Speed>0.0</ns3:Speed></ns3:TPX></Extensions></Trackpoint><Trackpoint><Time>2025-08-01T21:57:08Z</Time><HeartRateBpm><Value>115</Value></HeartRateBpm><Extensions><ns3:TPX><ns3:Speed>0.0</ns3:Speed></ns3:TPX></Extensions></Trackpoint><Trackpoint><Time>2025-08-01T21:57:13Z</Time><HeartRateBpm><Value>116</Value></HeartRateBpm><Extensions><ns3:TPX><ns3:Speed>0.0</ns3:Speed></ns3:TPX></Extensions></Trackpoint><Trackpoint><Time>2025-08-01T21:57:18Z</Time><HeartRateBpm><Value>116</Value></HeartRateBpm><Extensions><ns3:TPX><ns3:Speed>0.0</ns3:Speed></ns3:TPX></Extensions></Trackpoint><Trackpoint><Time>2025-08-01T21:57:20Z</Time><HeartRateBpm><Value>117</Value></HeartRateBpm><Extensions><ns3:TPX><ns3:Speed>0.0</ns3:Speed></ns3:TPX></Extensions></Trackpoint><Trackpoint><Time>2025-08-01T21:57:25Z</Time><HeartRateBpm><Value>117</Value></HeartRateBpm><Extensions><ns3:TPX><ns3:Speed>0.0</ns3:Speed></ns3:TPX></Extensions></Trackpoint><Trackpoint><Time>2025-08-01T21:57:30Z</Time><HeartRateBpm><Value>117</Value></HeartRateBpm><Extensions><ns3:TPX><ns3:Speed>0.0</ns3:Speed></ns3:TPX></Extensions></Trackpoint><Trackpoint><Time>2025-08-01T21:57:33Z</Time><HeartRateBpm><Value>116</Value></HeartRateBpm><Extensions><ns3:TPX><ns3:Speed>0.0</ns3:Speed></ns3:TPX></Extensions></Trackpoint><Trackpoint><Time>2025-08-01T21:57:37Z</Time><HeartRateBpm><Value>117</Value></HeartRateBpm><Extensions><ns3:TPX><ns3:Speed>0.0</ns3:Speed></ns3:TPX></Extensions></Trackpoint><Trackpoint><Time>2025-08-01T21:57:41Z</Time><HeartRateBpm><Value>116</Value></HeartRateBpm><Extensions><ns3:TPX><ns3:Speed>0.0</ns3:Speed></ns3:TPX></Extensions></Trackpoint><Trackpoint><Time>2025-08-01T21:57:43Z</Time><HeartRateBpm><Value>115</Value></HeartRateBpm><Extensions><ns3:TPX><ns3:Speed>0.0</ns3:Speed></ns3:TPX></Extensions></Trackpoint><Trackpoint><Time>2025-08-01T21:57:47Z</Time><HeartRateBpm><Value>116</Value></HeartRateBpm><Extensions><ns3:TPX><ns3:Speed>0.0</ns3:Speed></ns3:TPX></Extensions></Trackpoint><Trackpoint><Time>2025-08-01T21:57:48Z</Time><HeartRateBpm><Value>118</Value></HeartRateBpm><Extensions><ns3:TPX><ns3:Speed>0.0</ns3:Speed></ns3:TPX></Extensions></Trackpoint><Trackpoint><Time>2025-08-01T21:57:49Z</Time><HeartRateBpm><Value>119</Value></HeartRateBpm><Extensions><ns3:TPX><ns3:Speed>0.0</ns3:Speed></ns3:TPX></Extensions></Trackpoint><Trackpoint><Time>2025-08-01T21:57:50Z</Time><HeartRateBpm><Value>120</Value></HeartRateBpm><Extensions><ns3:TPX><ns3:Speed>0.0</ns3:Speed></ns3:TPX></Extensions></Trackpoint><Trackpoint><Time>2025-08-01T21:57:53Z</Time><HeartRateBpm><Value>123</Value></HeartRateBpm><Extensions><ns3:TPX><ns3:Speed>0.0</ns3:Speed></ns3:TPX></Extensions></Trackpoint><Trackpoint><Time>2025-08-01T21:57:54Z</Time><HeartRateBpm><Value>121</Value></HeartRateBpm><Extensions><ns3:TPX><ns3:Speed>0.0</ns3:Speed></ns3:TPX></Extensions></Trackpoint><Trackpoint><Time>2025-08-01T21:57:55Z</Time><HeartRateBpm><Value>123</Value></HeartRateBpm><Extensions><ns3:TPX><ns3:Speed>0.0</ns3:Speed></ns3:TPX></Extensions></Trackpoint><Trackpoint><Time>2025-08-01T21:57:56Z</Time><HeartRateBpm><Value>122</Value></HeartRateBpm><Extensions><ns3:TPX><ns3:Speed>0.0</ns3:Speed></ns3:TPX></Extensions></Trackpoint><Trackpoint><Time>2025-08-01T21:57:59Z</Time><HeartRateBpm><Value>121</Value></HeartRateBpm><Extensions><ns3:TPX><ns3:Speed>0.0</ns3:Speed></ns3:TPX></Extensions></Trackpoint><Trackpoint><Time>2025-08-01T21:58:04Z</Time><HeartRateBpm><Value>121</Value></HeartRateBpm><Extensions><ns3:TPX><ns3:Speed>0.0</ns3:Speed></ns3:TPX></Extensions></Trackpoint><Trackpoint><Time>2025-08-01T21:58:10Z</Time><HeartRateBpm><Value>121</Value></HeartRateBpm><Extensions><ns3:TPX><ns3:Speed>0.0</ns3:Speed></ns3:TPX></Extensions></Trackpoint><Trackpoint><Time>2025-08-01T21:58:13Z</Time><HeartRateBpm><Value>122</Value></HeartRateBpm><Extensions><ns3:TPX><ns3:Speed>0.0</ns3:Speed></ns3:TPX></Extensions></Trackpoint><Trackpoint><Time>2025-08-01T21:58:16Z</Time><HeartRateBpm><Value>121</Value></HeartRateBpm><Extensions><ns3:TPX><ns3:Speed>0.0</ns3:Speed></ns3:TPX></Extensions></Trackpoint><Trackpoint><Time>2025-08-01T21:58:22Z</Time><HeartRateBpm><Value>120</Value></HeartRateBpm><Extensions><ns3:TPX><ns3:Speed>0.0</ns3:Speed></ns3:TPX></Extensions></Trackpoint><Trackpoint><Time>2025-08-01T21:58:24Z</Time><HeartRateBpm><Value>119</Value></HeartRateBpm><Extensions><ns3:TPX><ns3:Speed>0.0</ns3:Speed></ns3:TPX></Extensions></Trackpoint><Trackpoint><Time>2025-08-01T21:58:25Z</Time><HeartRateBpm><Value>118</Value></HeartRateBpm><Extensions><ns3:TPX><ns3:Speed>0.0</ns3:Speed></ns3:TPX></Extensions></Trackpoint><Trackpoint><Time>2025-08-01T21:58:26Z</Time><HeartRateBpm><Value>120</Value></HeartRateBpm><Extensions><ns3:TPX><ns3:Speed>0.0</ns3:Speed></ns3:TPX></Extensions></Trackpoint><Trackpoint><Time>2025-08-01T21:58:31Z</Time><HeartRateBpm><Value>120</Value></HeartRateBpm><Extensions><ns3:TPX><ns3:Speed>0.0</ns3:Speed></ns3:TPX></Extensions></Trackpoint><Trackpoint><Time>2025-08-01T21:58:36Z</Time><HeartRateBpm><Value>120</Value></HeartRateBpm><Extensions><ns3:TPX><ns3:Speed>0.0</ns3:Speed></ns3:TPX></Extensions></Trackpoint><Trackpoint><Time>2025-08-01T21:58:37Z</Time><HeartRateBpm><Value>119</Value></HeartRateBpm><Extensions><ns3:TPX><ns3:Speed>0.0</ns3:Speed></ns3:TPX></Extensions></Trackpoint><Trackpoint><Time>2025-08-01T21:58:42Z</Time><HeartRateBpm><Value>121</Value></HeartRateBpm><Extensions><ns3:TPX><ns3:Speed>0.0</ns3:Speed></ns3:TPX></Extensions></Trackpoint><Trackpoint><Time>2025-08-01T21:58:43Z</Time><HeartRateBpm><Value>124</Value></HeartRateBpm><Extensions><ns3:TPX><ns3:Speed>0.0</ns3:Speed></ns3:TPX></Extensions></Trackpoint><Trackpoint><Time>2025-08-01T21:58:44Z</Time><HeartRateBpm><Value>126</Value></HeartRateBpm><Extensions><ns3:TPX><ns3:Speed>0.0</ns3:Speed></ns3:TPX></Extensions></Trackpoint><Trackpoint><Time>2025-08-01T21:58:47Z</Time><HeartRateBpm><Value>127</Value></HeartRateBpm><Extensions><ns3:TPX><ns3:Speed>0.0</ns3:Speed></ns3:TPX></Extensions></Trackpoint><Trackpoint><Time>2025-08-01T21:58:48Z</Time><HeartRateBpm><Value>126</Value></HeartRateBpm><Extensions><ns3:TPX><ns3:Speed>0.0</ns3:Speed></ns3:TPX></Extensions></Trackpoint><Trackpoint><Time>2025-08-01T21:58:49Z</Time><HeartRateBpm><Value>125</Value></HeartRateBpm><Extensions><ns3:TPX><ns3:Speed>0.0</ns3:Speed></ns3:TPX></Extensions></Trackpoint><Trackpoint><Time>2025-08-01T21:58:50Z</Time><HeartRateBpm><Value>124</Value></HeartRateBpm><Extensions><ns3:TPX><ns3:Speed>0.0</ns3:Speed></ns3:TPX></Extensions></Trackpoint><Trackpoint><Time>2025-08-01T21:58:55Z</Time><HeartRateBpm><Value>126</Value></HeartRateBpm><Extensions><ns3:TPX><ns3:Speed>0.0</ns3:Speed></ns3:TPX></Extensions></Trackpoint><Trackpoint><Time>2025-08-01T21:59:00Z</Time><HeartRateBpm><Value>127</Value></HeartRateBpm><Extensions><ns3:TPX><ns3:Speed>0.0</ns3:Speed></ns3:TPX></Extensions></Trackpoint><Trackpoint><Time>2025-08-01T21:59:01Z</Time><HeartRateBpm><Value>128</Value></HeartRateBpm><Extensions><ns3:TPX><ns3:Speed>0.0</ns3:Speed></ns3:TPX></Extensions></Trackpoint><Trackpoint><Time>2025-08-01T21:59:02Z</Time><HeartRateBpm><Value>129</Value></HeartRateBpm><Extensions><ns3:TPX><ns3:Speed>0.0</ns3:Speed></ns3:TPX></Extensions></Trackpoint><Trackpoint><Time>2025-08-01T21:59:05Z</Time><HeartRateBpm><Value>130</Value></HeartRateBpm><Extensions><ns3:TPX><ns3:Speed>0.0</ns3:Speed></ns3:TPX></Extensions></Trackpoint><Trackpoint><Time>2025-08-01T21:59:07Z</Time><HeartRateBpm><Value>131</Value></HeartRateBpm><Extensions><ns3:TPX><ns3:Speed>0.0</ns3:Speed></ns3:TPX></Extensions></Trackpoint><Trackpoint><Time>2025-08-01T21:59:08Z</Time><HeartRateBpm><Value>132</Value></HeartRateBpm><Extensions><ns3:TPX><ns3:Speed>0.0</ns3:Speed></ns3:TPX></Extensions></Trackpoint><Trackpoint><Time>2025-08-01T21:59:09Z</Time><HeartRateBpm><Value>134</Value></HeartRateBpm><Extensions><ns3:TPX><ns3:Speed>0.0</ns3:Speed></ns3:TPX></Extensions></Trackpoint><Trackpoint><Time>2025-08-01T21:59:11Z</Time><HeartRateBpm><Value>132</Value></HeartRateBpm><Extensions><ns3:TPX><ns3:Speed>0.0</ns3:Speed></ns3:TPX></Extensions></Trackpoint><Trackpoint><Time>2025-08-01T21:59:12Z</Time><HeartRateBpm><Value>135</Value></HeartRateBpm><Extensions><ns3:TPX><ns3:Speed>0.0</ns3:Speed></ns3:TPX></Extensions></Trackpoint><Trackpoint><Time>2025-08-01T21:59:13Z</Time><HeartRateBpm><Value>132</Value></HeartRateBpm><Extensions><ns3:TPX><ns3:Speed>0.0</ns3:Speed></ns3:TPX></Extensions></Trackpoint><Trackpoint><Time>2025-08-01T21:59:15Z</Time><HeartRateBpm><Value>133</Value></HeartRateBpm><Extensions><ns3:TPX><ns3:Speed>0.0</ns3:Speed></ns3:TPX></Extensions></Trackpoint><Trackpoint><Time>2025-08-01T21:59:20Z</Time><HeartRateBpm><Value>133</Value></HeartRateBpm><Extensions><ns3:TPX><ns3:Speed>0.0</ns3:Speed></ns3:TPX></Extensions></Trackpoint><Trackpoint><Time>2025-08-01T21:59:25Z</Time><HeartRateBpm><Value>134</Value></HeartRateBpm><Extensions><ns3:TPX><ns3:Speed>0.0</ns3:Speed></ns3:TPX></Extensions></Trackpoint><Trackpoint><Time>2025-08-01T21:59:27Z</Time><HeartRateBpm><Value>135</Value></HeartRateBpm><Extensions><ns3:TPX><ns3:Speed>0.0</ns3:Speed></ns3:TPX></Extensions></Trackpoint><Trackpoint><Time>2025-08-01T21:59:30Z</Time><HeartRateBpm><Value>134</Value></HeartRateBpm><Extensions><ns3:TPX><ns3:Speed>0.0</ns3:Speed></ns3:TPX></Extensions></Trackpoint><Trackpoint><Time>2025-08-01T21:59:32Z</Time><HeartRateBpm><Value>135</Value></HeartRateBpm><Extensions><ns3:TPX><ns3:Speed>0.0</ns3:Speed></ns3:TPX></Extensions></Trackpoint><Trackpoint><Time>2025-08-01T21:59:33Z</Time><HeartRateBpm><Value>136</Value></HeartRateBpm><Extensions><ns3:TPX><ns3:Speed>0.0</ns3:Speed></ns3:TPX></Extensions></Trackpoint><Trackpoint><Time>2025-08-01T21:59:38Z</Time><HeartRateBpm><Value>135</Value></HeartRateBpm><Extensions><ns3:TPX><ns3:Speed>0.0</ns3:Speed></ns3:TPX></Extensions></Trackpoint><Trackpoint><Time>2025-08-01T21:59:42Z</Time><HeartRateBpm><Value>134</Value></HeartRateBpm><Extensions><ns3:TPX><ns3:Speed>0.0</ns3:Speed></ns3:TPX></Extensions></Trackpoint><Trackpoint><Time>2025-08-01T21:59:43Z</Time><HeartRateBpm><Value>133</Value></HeartRateBpm><Extensions><ns3:TPX><ns3:Speed>0.0</ns3:Speed></ns3:TPX></Extensions></Trackpoint><Trackpoint><Time>2025-08-01T21:59:44Z</Time><HeartRateBpm><Value>132</Value></HeartRateBpm><Extensions><ns3:TPX><ns3:Speed>0.0</ns3:Speed></ns3:TPX></Extensions></Trackpoint><Trackpoint><Time>2025-08-01T21:59:45Z</Time><HeartRateBpm><Value>131</Value></HeartRateBpm><Extensions><ns3:TPX><ns3:Speed>0.0</ns3:Speed></ns3:TPX></Extensions></Trackpoint><Trackpoint><Time>2025-08-01T21:59:46Z</Time><HeartRateBpm><Value>130</Value></HeartRateBpm><Extensions><ns3:TPX><ns3:Speed>0.0</ns3:Speed></ns3:TPX></Extensions></Trackpoint><Trackpoint><Time>2025-08-01T21:59:48Z</Time><HeartRateBpm><Value>129</Value></HeartRateBpm><Extensions><ns3:TPX><ns3:Speed>0.0</ns3:Speed></ns3:TPX></Extensions></Trackpoint><Trackpoint><Time>2025-08-01T21:59:50Z</Time><HeartRateBpm><Value>127</Value></HeartRateBpm><Extensions><ns3:TPX><ns3:Speed>0.0</ns3:Speed></ns3:TPX></Extensions></Trackpoint><Trackpoint><Time>2025-08-01T21:59:55Z</Time><HeartRateBpm><Value>127</Value></HeartRateBpm><Extensions><ns3:TPX><ns3:Speed>0.0</ns3:Speed></ns3:TPX></Extensions></Trackpoint><Trackpoint><Time>2025-08-01T21:59:56Z</Time><HeartRateBpm><Value>126</Value></HeartRateBpm><Extensions><ns3:TPX><ns3:Speed>0.0</ns3:Speed></ns3:TPX></Extensions></Trackpoint><Trackpoint><Time>2025-08-01T21:59:57Z</Time><HeartRateBpm><Value>125</Value></HeartRateBpm><Extensions><ns3:TPX><ns3:Speed>0.0</ns3:Speed></ns3:TPX></Extensions></Trackpoint><Trackpoint><Time>2025-08-01T21:59:58Z</Time><HeartRateBpm><Value>123</Value></HeartRateBpm><Extensions><ns3:TPX><ns3:Speed>0.0</ns3:Speed></ns3:TPX></Extensions></Trackpoint><Trackpoint><Time>2025-08-01T22:00:03Z</Time><HeartRateBpm><Value>123</Value></HeartRateBpm><Extensions><ns3:TPX><ns3:Speed>0.0</ns3:Speed></ns3:TPX></Extensions></Trackpoint><Trackpoint><Time>2025-08-01T22:00:04Z</Time><HeartRateBpm><Value>124</Value></HeartRateBpm><Extensions><ns3:TPX><ns3:Speed>0.0</ns3:Speed></ns3:TPX></Extensions></Trackpoint><Trackpoint><Time>2025-08-01T22:00:06Z</Time><HeartRateBpm><Value>125</Value></HeartRateBpm><Extensions><ns3:TPX><ns3:Speed>0.0</ns3:Speed></ns3:TPX></Extensions></Trackpoint><Trackpoint><Time>2025-08-01T22:00:07Z</Time><HeartRateBpm><Value>126</Value></HeartRateBpm><Extensions><ns3:TPX><ns3:Speed>0.0</ns3:Speed></ns3:TPX></Extensions></Trackpoint><Trackpoint><Time>2025-08-01T22:00:08Z</Time><HeartRateBpm><Value>125</Value></HeartRateBpm><Extensions><ns3:TPX><ns3:Speed>0.0</ns3:Speed></ns3:TPX></Extensions></Trackpoint><Trackpoint><Time>2025-08-01T22:00:09Z</Time><HeartRateBpm><Value>126</Value></HeartRateBpm><Extensions><ns3:TPX><ns3:Speed>0.0</ns3:Speed></ns3:TPX></Extensions></Trackpoint><Trackpoint><Time>2025-08-01T22:00:13Z</Time><HeartRateBpm><Value>127</Value></HeartRateBpm><Extensions><ns3:TPX><ns3:Speed>0.0</ns3:Speed></ns3:TPX></Extensions></Trackpoint><Trackpoint><Time>2025-08-01T22:00:15Z</Time><HeartRateBpm><Value>128</Value></HeartRateBpm><Extensions><ns3:TPX><ns3:Speed>0.0</ns3:Speed></ns3:TPX></Extensions></Trackpoint><Trackpoint><Time>2025-08-01T22:00:20Z</Time><HeartRateBpm><Value>128</Value></HeartRateBpm><Extensions><ns3:TPX><ns3:Speed>0.0</ns3:Speed></ns3:TPX></Extensions></Trackpoint><Trackpoint><Time>2025-08-01T22:00:21Z</Time><HeartRateBpm><Value>129</Value></HeartRateBpm><Extensions><ns3:TPX><ns3:Speed>0.0</ns3:Speed></ns3:TPX></Extensions></Trackpoint><Trackpoint><Time>2025-08-01T22:00:22Z</Time><HeartRateBpm><Value>130</Value></HeartRateBpm><Extensions><ns3:TPX><ns3:Speed>0.0</ns3:Speed></ns3:TPX></Extensions></Trackpoint><Trackpoint><Time>2025-08-01T22:00:25Z</Time><HeartRateBpm><Value>129</Value></HeartRateBpm><Extensions><ns3:TPX><ns3:Speed>0.0</ns3:Speed></ns3:TPX></Extensions></Trackpoint><Trackpoint><Time>2025-08-01T22:00:30Z</Time><HeartRateBpm><Value>131</Value></HeartRateBpm><Extensions><ns3:TPX><ns3:Speed>0.0</ns3:Speed></ns3:TPX></Extensions></Trackpoint><Trackpoint><Time>2025-08-01T22:00:31Z</Time><HeartRateBpm><Value>132</Value></HeartRateBpm><Extensions><ns3:TPX><ns3:Speed>0.0</ns3:Speed></ns3:TPX></Extensions></Trackpoint><Trackpoint><Time>2025-08-01T22:00:32Z</Time><HeartRateBpm><Value>133</Value></HeartRateBpm><Extensions><ns3:TPX><ns3:Speed>0.0</ns3:Speed></ns3:TPX></Extensions></Trackpoint><Trackpoint><Time>2025-08-01T22:00:33Z</Time><HeartRateBpm><Value>134</Value></HeartRateBpm><Extensions><ns3:TPX><ns3:Speed>0.0</ns3:Speed></ns3:TPX></Extensions></Trackpoint><Trackpoint><Time>2025-08-01T22:00:34Z</Time><HeartRateBpm><Value>135</Value></HeartRateBpm><Extensions><ns3:TPX><ns3:Speed>0.0</ns3:Speed></ns3:TPX></Extensions></Trackpoint><Trackpoint><Time>2025-08-01T22:00:39Z</Time><HeartRateBpm><Value>135</Value></HeartRateBpm><Extensions><ns3:TPX><ns3:Speed>0.0</ns3:Speed></ns3:TPX></Extensions></Trackpoint><Trackpoint><Time>2025-08-01T22:00:41Z</Time><HeartRateBpm><Value>134</Value></HeartRateBpm><Extensions><ns3:TPX><ns3:Speed>0.0</ns3:Speed></ns3:TPX></Extensions></Trackpoint><Trackpoint><Time>2025-08-01T22:00:45Z</Time><HeartRateBpm><Value>135</Value></HeartRateBpm><Extensions><ns3:TPX><ns3:Speed>0.0</ns3:Speed></ns3:TPX></Extensions></Trackpoint><Trackpoint><Time>2025-08-01T22:00:47Z</Time><HeartRateBpm><Value>136</Value></HeartRateBpm><Extensions><ns3:TPX><ns3:Speed>0.0</ns3:Speed></ns3:TPX></Extensions></Trackpoint><Trackpoint><Time>2025-08-01T22:00:50Z</Time><HeartRateBpm><Value>137</Value></HeartRateBpm><Extensions><ns3:TPX><ns3:Speed>0.0</ns3:Speed></ns3:TPX></Extensions></Trackpoint><Trackpoint><Time>2025-08-01T22:00:52Z</Time><HeartRateBpm><Value>138</Value></HeartRateBpm><Extensions><ns3:TPX><ns3:Speed>0.0</ns3:Speed></ns3:TPX></Extensions></Trackpoint><Trackpoint><Time>2025-08-01T22:00:56Z</Time><HeartRateBpm><Value>137</Value></HeartRateBpm><Extensions><ns3:TPX><ns3:Speed>0.0</ns3:Speed></ns3:TPX></Extensions></Trackpoint><Trackpoint><Time>2025-08-01T22:00:58Z</Time><HeartRateBpm><Value>136</Value></HeartRateBpm><Extensions><ns3:TPX><ns3:Speed>0.0</ns3:Speed></ns3:TPX></Extensions></Trackpoint><Trackpoint><Time>2025-08-01T22:00:59Z</Time><HeartRateBpm><Value>135</Value></HeartRateBpm><Extensions><ns3:TPX><ns3:Speed>0.0</ns3:Speed></ns3:TPX></Extensions></Trackpoint><Trackpoint><Time>2025-08-01T22:01:01Z</Time><HeartRateBpm><Value>134</Value></HeartRateBpm><Extensions><ns3:TPX><ns3:Speed>0.0</ns3:Speed></ns3:TPX></Extensions></Trackpoint><Trackpoint><Time>2025-08-01T22:01:02Z</Time><HeartRateBpm><Value>133</Value></HeartRateBpm><Extensions><ns3:TPX><ns3:Speed>0.0</ns3:Speed></ns3:TPX></Extensions></Trackpoint><Trackpoint><Time>2025-08-01T22:01:04Z</Time><HeartRateBpm><Value>132</Value></HeartRateBpm><Extensions><ns3:TPX><ns3:Speed>0.0</ns3:Speed></ns3:TPX></Extensions></Trackpoint><Trackpoint><Time>2025-08-01T22:01:05Z</Time><HeartRateBpm><Value>131</Value></HeartRateBpm><Extensions><ns3:TPX><ns3:Speed>0.0</ns3:Speed></ns3:TPX></Extensions></Trackpoint><Trackpoint><Time>2025-08-01T22:01:07Z</Time><HeartRateBpm><Value>128</Value></HeartRateBpm><Extensions><ns3:TPX><ns3:Speed>0.0</ns3:Speed></ns3:TPX></Extensions></Trackpoint><Trackpoint><Time>2025-08-01T22:01:08Z</Time><HeartRateBpm><Value>127</Value></HeartRateBpm><Extensions><ns3:TPX><ns3:Speed>0.0</ns3:Speed></ns3:TPX></Extensions></Trackpoint><Trackpoint><Time>2025-08-01T22:01:10Z</Time><HeartRateBpm><Value>126</Value></HeartRateBpm><Extensions><ns3:TPX><ns3:Speed>0.0</ns3:Speed></ns3:TPX></Extensions></Trackpoint><Trackpoint><Time>2025-08-01T22:01:15Z</Time><HeartRateBpm><Value>126</Value></HeartRateBpm><Extensions><ns3:TPX><ns3:Speed>0.0</ns3:Speed></ns3:TPX></Extensions></Trackpoint><Trackpoint><Time>2025-08-01T22:01:19Z</Time><HeartRateBpm><Value>125</Value></HeartRateBpm><Extensions><ns3:TPX><ns3:Speed>0.0</ns3:Speed></ns3:TPX></Extensions></Trackpoint><Trackpoint><Time>2025-08-01T22:01:20Z</Time><HeartRateBpm><Value>124</Value></HeartRateBpm><Extensions><ns3:TPX><ns3:Speed>0.0</ns3:Speed></ns3:TPX></Extensions></Trackpoint><Trackpoint><Time>2025-08-01T22:01:23Z</Time><HeartRateBpm><Value>123</Value></HeartRateBpm><Extensions><ns3:TPX><ns3:Speed>0.0</ns3:Speed></ns3:TPX></Extensions></Trackpoint><Trackpoint><Time>2025-08-01T22:01:25Z</Time><HeartRateBpm><Value>122</Value></HeartRateBpm><Extensions><ns3:TPX><ns3:Speed>0.0</ns3:Speed></ns3:TPX></Extensions></Trackpoint><Trackpoint><Time>2025-08-01T22:01:27Z</Time><HeartRateBpm><Value>121</Value></HeartRateBpm><Extensions><ns3:TPX><ns3:Speed>0.0</ns3:Speed></ns3:TPX></Extensions></Trackpoint><Trackpoint><Time>2025-08-01T22:01:29Z</Time><HeartRateBpm><Value>122</Value></HeartRateBpm><Extensions><ns3:TPX><ns3:Speed>0.0</ns3:Speed></ns3:TPX></Extensions></Trackpoint><Trackpoint><Time>2025-08-01T22:01:30Z</Time><HeartRateBpm><Value>123</Value></HeartRateBpm><Extensions><ns3:TPX><ns3:Speed>0.0</ns3:Speed></ns3:TPX></Extensions></Trackpoint><Trackpoint><Time>2025-08-01T22:01:32Z</Time><HeartRateBpm><Value>124</Value></HeartRateBpm><Extensions><ns3:TPX><ns3:Speed>0.0</ns3:Speed></ns3:TPX></Extensions></Trackpoint><Trackpoint><Time>2025-08-01T22:01:34Z</Time><HeartRateBpm><Value>123</Value></HeartRateBpm><Extensions><ns3:TPX><ns3:Speed>0.0</ns3:Speed></ns3:TPX></Extensions></Trackpoint><Trackpoint><Time>2025-08-01T22:01:39Z</Time><HeartRateBpm><Value>123</Value></HeartRateBpm><Extensions><ns3:TPX><ns3:Speed>0.0</ns3:Speed></ns3:TPX></Extensions></Trackpoint><Trackpoint><Time>2025-08-01T22:01:44Z</Time><HeartRateBpm><Value>123</Value></HeartRateBpm><Extensions><ns3:TPX><ns3:Speed>0.0</ns3:Speed></ns3:TPX></Extensions></Trackpoint><Trackpoint><Time>2025-08-01T22:01:45Z</Time><HeartRateBpm><Value>122</Value></HeartRateBpm><Extensions><ns3:TPX><ns3:Speed>0.0</ns3:Speed></ns3:TPX></Extensions></Trackpoint><Trackpoint><Time>2025-08-01T22:01:46Z</Time><HeartRateBpm><Value>120</Value></HeartRateBpm><Extensions><ns3:TPX><ns3:Speed>0.0</ns3:Speed></ns3:TPX></Extensions></Trackpoint><Trackpoint><Time>2025-08-01T22:01:48Z</Time><HeartRateBpm><Value>121</Value></HeartRateBpm><Extensions><ns3:TPX><ns3:Speed>0.0</ns3:Speed></ns3:TPX></Extensions></Trackpoint><Trackpoint><Time>2025-08-01T22:01:53Z</Time><HeartRateBpm><Value>121</Value></HeartRateBpm><Extensions><ns3:TPX><ns3:Speed>0.0</ns3:Speed></ns3:TPX></Extensions></Trackpoint><Trackpoint><Time>2025-08-01T22:01:56Z</Time><HeartRateBpm><Value>122</Value></HeartRateBpm><Extensions><ns3:TPX><ns3:Speed>0.0</ns3:Speed></ns3:TPX></Extensions></Trackpoint><Trackpoint><Time>2025-08-01T22:02:02Z</Time><HeartRateBpm><Value>122</Value></HeartRateBpm><Extensions><ns3:TPX><ns3:Speed>0.0</ns3:Speed></ns3:TPX></Extensions></Trackpoint><Trackpoint><Time>2025-08-01T22:02:03Z</Time><HeartRateBpm><Value>121</Value></HeartRateBpm><Extensions><ns3:TPX><ns3:Speed>0.0</ns3:Speed></ns3:TPX></Extensions></Trackpoint><Trackpoint><Time>2025-08-01T22:02:08Z</Time><HeartRateBpm><Value>121</Value></HeartRateBpm><Extensions><ns3:TPX><ns3:Speed>0.0</ns3:Speed></ns3:TPX></Extensions></Trackpoint><Trackpoint><Time>2025-08-01T22:02:10Z</Time><HeartRateBpm><Value>120</Value></HeartRateBpm><Extensions><ns3:TPX><ns3:Speed>0.0</ns3:Speed></ns3:TPX></Extensions></Trackpoint><Trackpoint><Time>2025-08-01T22:02:15Z</Time><HeartRateBpm><Value>119</Value></HeartRateBpm><Extensions><ns3:TPX><ns3:Speed>0.0</ns3:Speed></ns3:TPX></Extensions></Trackpoint><Trackpoint><Time>2025-08-01T22:02:17Z</Time><HeartRateBpm><Value>118</Value></HeartRateBpm><Extensions><ns3:TPX><ns3:Speed>0.0</ns3:Speed></ns3:TPX></Extensions></Trackpoint><Trackpoint><Time>2025-08-01T22:02:18Z</Time><HeartRateBpm><Value>116</Value></HeartRateBpm><Extensions><ns3:TPX><ns3:Speed>0.0</ns3:Speed></ns3:TPX></Extensions></Trackpoint><Trackpoint><Time>2025-08-01T22:02:19Z</Time><HeartRateBpm><Value>115</Value></HeartRateBpm><Extensions><ns3:TPX><ns3:Speed>0.0</ns3:Speed></ns3:TPX></Extensions></Trackpoint><Trackpoint><Time>2025-08-01T22:02:20Z</Time><HeartRateBpm><Value>114</Value></HeartRateBpm><Extensions><ns3:TPX><ns3:Speed>0.0</ns3:Speed></ns3:TPX></Extensions></Trackpoint><Trackpoint><Time>2025-08-01T22:02:25Z</Time><HeartRateBpm><Value>114</Value></HeartRateBpm><Extensions><ns3:TPX><ns3:Speed>0.0</ns3:Speed></ns3:TPX></Extensions></Trackpoint><Trackpoint><Time>2025-08-01T22:02:31Z</Time><HeartRateBpm><Value>114</Value></HeartRateBpm><Extensions><ns3:TPX><ns3:Speed>0.0</ns3:Speed></ns3:TPX></Extensions></Trackpoint><Trackpoint><Time>2025-08-01T22:02:33Z</Time><HeartRateBpm><Value>115</Value></HeartRateBpm><Extensions><ns3:TPX><ns3:Speed>0.0</ns3:Speed></ns3:TPX></Extensions></Trackpoint><Trackpoint><Time>2025-08-01T22:02:35Z</Time><HeartRateBpm><Value>116</Value></HeartRateBpm><Extensions><ns3:TPX><ns3:Speed>0.0</ns3:Speed></ns3:TPX></Extensions></Trackpoint><Trackpoint><Time>2025-08-01T22:02:39Z</Time><HeartRateBpm><Value>117</Value></HeartRateBpm><Extensions><ns3:TPX><ns3:Speed>0.0</ns3:Speed></ns3:TPX></Extensions></Trackpoint><Trackpoint><Time>2025-08-01T22:02:40Z</Time><HeartRateBpm><Value>118</Value></HeartRateBpm><Extensions><ns3:TPX><ns3:Speed>0.0</ns3:Speed></ns3:TPX></Extensions></Trackpoint><Trackpoint><Time>2025-08-01T22:02:41Z</Time><HeartRateBpm><Value>119</Value></HeartRateBpm><Extensions><ns3:TPX><ns3:Speed>0.0</ns3:Speed></ns3:TPX></Extensions></Trackpoint><Trackpoint><Time>2025-08-01T22:02:42Z</Time><HeartRateBpm><Value>118</Value></HeartRateBpm><Extensions><ns3:TPX><ns3:Speed>0.0</ns3:Speed></ns3:TPX></Extensions></Trackpoint><Trackpoint><Time>2025-08-01T22:02:44Z</Time><HeartRateBpm><Value>116</Value></HeartRateBpm><Extensions><ns3:TPX><ns3:Speed>0.0</ns3:Speed></ns3:TPX></Extensions></Trackpoint><Trackpoint><Time>2025-08-01T22:02:45Z</Time><HeartRateBpm><Value>115</Value></HeartRateBpm><Extensions><ns3:TPX><ns3:Speed>0.0</ns3:Speed></ns3:TPX></Extensions></Trackpoint><Trackpoint><Time>2025-08-01T22:02:50Z</Time><HeartRateBpm><Value>115</Value></HeartRateBpm><Extensions><ns3:TPX><ns3:Speed>0.0</ns3:Speed></ns3:TPX></Extensions></Trackpoint><Trackpoint><Time>2025-08-01T22:02:55Z</Time><HeartRateBpm><Value>115</Value></HeartRateBpm><Extensions><ns3:TPX><ns3:Speed>0.0</ns3:Speed></ns3:TPX></Extensions></Trackpoint><Trackpoint><Time>2025-08-01T22:02:57Z</Time><HeartRateBpm><Value>114</Value></HeartRateBpm><Extensions><ns3:TPX><ns3:Speed>0.0</ns3:Speed></ns3:TPX></Extensions></Trackpoint><Trackpoint><Time>2025-08-01T22:02:58Z</Time><HeartRateBpm><Value>113</Value></HeartRateBpm><Extensions><ns3:TPX><ns3:Speed>0.0</ns3:Speed></ns3:TPX></Extensions></Trackpoint><Trackpoint><Time>2025-08-01T22:02:59Z</Time><HeartRateBpm><Value>112</Value></HeartRateBpm><Extensions><ns3:TPX><ns3:Speed>0.0</ns3:Speed></ns3:TPX></Extensions></Trackpoint><Trackpoint><Time>2025-08-01T22:03:04Z</Time><HeartRateBpm><Value>109</Value></HeartRateBpm><Extensions><ns3:TPX><ns3:Speed>0.0</ns3:Speed></ns3:TPX></Extensions></Trackpoint><Trackpoint><Time>2025-08-01T22:03:09Z</Time><HeartRateBpm><Value>107</Value></HeartRateBpm><Extensions><ns3:TPX><ns3:Speed>0.0</ns3:Speed></ns3:TPX></Extensions></Trackpoint><Trackpoint><Time>2025-08-01T22:03:10Z</Time><HeartRateBpm><Value>106</Value></HeartRateBpm><Extensions><ns3:TPX><ns3:Speed>0.0</ns3:Speed></ns3:TPX></Extensions></Trackpoint><Trackpoint><Time>2025-08-01T22:03:15Z</Time><HeartRateBpm><Value>105</Value></HeartRateBpm><Extensions><ns3:TPX><ns3:Speed>0.0</ns3:Speed></ns3:TPX></Extensions></Trackpoint><Trackpoint><Time>2025-08-01T22:03:16Z</Time><HeartRateBpm><Value>104</Value></HeartRateBpm><Extensions><ns3:TPX><ns3:Speed>0.0</ns3:Speed></ns3:TPX></Extensions></Trackpoint><Trackpoint><Time>2025-08-01T22:03:21Z</Time><HeartRateBpm><Value>104</Value></HeartRateBpm><Extensions><ns3:TPX><ns3:Speed>0.0</ns3:Speed></ns3:TPX></Extensions></Trackpoint><Trackpoint><Time>2025-08-01T22:03:22Z</Time><HeartRateBpm><Value>105</Value></HeartRateBpm><Extensions><ns3:TPX><ns3:Speed>0.0</ns3:Speed></ns3:TPX></Extensions></Trackpoint><Trackpoint><Time>2025-08-01T22:03:23Z</Time><HeartRateBpm><Value>104</Value></HeartRateBpm><Extensions><ns3:TPX><ns3:Speed>0.0</ns3:Speed></ns3:TPX></Extensions></Trackpoint><Trackpoint><Time>2025-08-01T22:03:24Z</Time><HeartRateBpm><Value>103</Value></HeartRateBpm><Extensions><ns3:TPX><ns3:Speed>0.0</ns3:Speed></ns3:TPX></Extensions></Trackpoint><Trackpoint><Time>2025-08-01T22:03:26Z</Time><HeartRateBpm><Value>102</Value></HeartRateBpm><Extensions><ns3:TPX><ns3:Speed>0.0</ns3:Speed></ns3:TPX></Extensions></Trackpoint><Trackpoint><Time>2025-08-01T22:03:29Z</Time><HeartRateBpm><Value>103</Value></HeartRateBpm><Extensions><ns3:TPX><ns3:Speed>0.0</ns3:Speed></ns3:TPX></Extensions></Trackpoint><Trackpoint><Time>2025-08-01T22:03:34Z</Time><HeartRateBpm><Value>103</Value></HeartRateBpm><Extensions><ns3:TPX><ns3:Speed>0.0</ns3:Speed></ns3:TPX></Extensions></Trackpoint><Trackpoint><Time>2025-08-01T22:03:36Z</Time><HeartRateBpm><Value>102</Value></HeartRateBpm><Extensions><ns3:TPX><ns3:Speed>0.0</ns3:Speed></ns3:TPX></Extensions></Trackpoint><Trackpoint><Time>2025-08-01T22:03:41Z</Time><HeartRateBpm><Value>107</Value></HeartRateBpm><Extensions><ns3:TPX><ns3:Speed>0.0</ns3:Speed></ns3:TPX></Extensions></Trackpoint><Trackpoint><Time>2025-08-01T22:03:42Z</Time><HeartRateBpm><Value>108</Value></HeartRateBpm><Extensions><ns3:TPX><ns3:Speed>0.0</ns3:Speed></ns3:TPX></Extensions></Trackpoint><Trackpoint><Time>2025-08-01T22:03:44Z</Time><HeartRateBpm><Value>109</Value></HeartRateBpm><Extensions><ns3:TPX><ns3:Speed>0.0</ns3:Speed></ns3:TPX></Extensions></Trackpoint><Trackpoint><Time>2025-08-01T22:03:45Z</Time><HeartRateBpm><Value>110</Value></HeartRateBpm><Extensions><ns3:TPX><ns3:Speed>0.0</ns3:Speed></ns3:TPX></Extensions></Trackpoint><Trackpoint><Time>2025-08-01T22:03:50Z</Time><HeartRateBpm><Value>111</Value></HeartRateBpm><Extensions><ns3:TPX><ns3:Speed>0.0</ns3:Speed></ns3:TPX></Extensions></Trackpoint><Trackpoint><Time>2025-08-01T22:03:56Z</Time><HeartRateBpm><Value>112</Value></HeartRateBpm><Extensions><ns3:TPX><ns3:Speed>0.0</ns3:Speed></ns3:TPX></Extensions></Trackpoint><Trackpoint><Time>2025-08-01T22:03:57Z</Time><HeartRateBpm><Value>113</Value></HeartRateBpm><Extensions><ns3:TPX><ns3:Speed>0.0</ns3:Speed></ns3:TPX></Extensions></Trackpoint><Trackpoint><Time>2025-08-01T22:03:59Z</Time><HeartRateBpm><Value>111</Value></HeartRateBpm><Extensions><ns3:TPX><ns3:Speed>0.0</ns3:Speed></ns3:TPX></Extensions></Trackpoint><Trackpoint><Time>2025-08-01T22:04:00Z</Time><HeartRateBpm><Value>112</Value></HeartRateBpm><Extensions><ns3:TPX><ns3:Speed>0.0</ns3:Speed></ns3:TPX></Extensions></Trackpoint><Trackpoint><Time>2025-08-01T22:04:02Z</Time><HeartRateBpm><Value>109</Value></HeartRateBpm><Extensions><ns3:TPX><ns3:Speed>0.0</ns3:Speed></ns3:TPX></Extensions></Trackpoint><Trackpoint><Time>2025-08-01T22:04:03Z</Time><HeartRateBpm><Value>107</Value></HeartRateBpm><Extensions><ns3:TPX><ns3:Speed>0.0</ns3:Speed></ns3:TPX></Extensions></Trackpoint><Trackpoint><Time>2025-08-01T22:04:04Z</Time><HeartRateBpm><Value>105</Value></HeartRateBpm><Extensions><ns3:TPX><ns3:Speed>0.0</ns3:Speed></ns3:TPX></Extensions></Trackpoint><Trackpoint><Time>2025-08-01T22:04:09Z</Time><HeartRateBpm><Value>105</Value></HeartRateBpm><Extensions><ns3:TPX><ns3:Speed>0.0</ns3:Speed></ns3:TPX></Extensions></Trackpoint><Trackpoint><Time>2025-08-01T22:04:11Z</Time><HeartRateBpm><Value>104</Value></HeartRateBpm><Extensions><ns3:TPX><ns3:Speed>0.0</ns3:Speed></ns3:TPX></Extensions></Trackpoint><Trackpoint><Time>2025-08-01T22:04:16Z</Time><HeartRateBpm><Value>104</Value></HeartRateBpm><Extensions><ns3:TPX><ns3:Speed>0.0</ns3:Speed></ns3:TPX></Extensions></Trackpoint><Trackpoint><Time>2025-08-01T22:04:17Z</Time><HeartRateBpm><Value>103</Value></HeartRateBpm><Extensions><ns3:TPX><ns3:Speed>0.0</ns3:Speed></ns3:TPX></Extensions></Trackpoint><Trackpoint><Time>2025-08-01T22:04:21Z</Time><HeartRateBpm><Value>102</Value></HeartRateBpm><Extensions><ns3:TPX><ns3:Speed>0.0</ns3:Speed></ns3:TPX></Extensions></Trackpoint><Trackpoint><Time>2025-08-01T22:04:22Z</Time><HeartRateBpm><Value>100</Value></HeartRateBpm><Extensions><ns3:TPX><ns3:Speed>0.0</ns3:Speed></ns3:TPX></Extensions></Trackpoint><Trackpoint><Time>2025-08-01T22:04:23Z</Time><HeartRateBpm><Value>102</Value></HeartRateBpm><Extensions><ns3:TPX><ns3:Speed>0.0</ns3:Speed></ns3:TPX></Extensions></Trackpoint><Trackpoint><Time>2025-08-01T22:04:24Z</Time><HeartRateBpm><Value>103</Value></HeartRateBpm><Extensions><ns3:TPX><ns3:Speed>0.0</ns3:Speed></ns3:TPX></Extensions></Trackpoint><Trackpoint><Time>2025-08-01T22:04:25Z</Time><HeartRateBpm><Value>105</Value></HeartRateBpm><Extensions><ns3:TPX><ns3:Speed>0.0</ns3:Speed></ns3:TPX></Extensions></Trackpoint><Trackpoint><Time>2025-08-01T22:04:27Z</Time><HeartRateBpm><Value>106</Value></HeartRateBpm><Extensions><ns3:TPX><ns3:Speed>0.0</ns3:Speed></ns3:TPX></Extensions></Trackpoint><Trackpoint><Time>2025-08-01T22:04:28Z</Time><HeartRateBpm><Value>107</Value></HeartRateBpm><Extensions><ns3:TPX><ns3:Speed>0.0</ns3:Speed></ns3:TPX></Extensions></Trackpoint><Trackpoint><Time>2025-08-01T22:04:29Z</Time><HeartRateBpm><Value>113</Value></HeartRateBpm><Extensions><ns3:TPX><ns3:Speed>0.0</ns3:Speed></ns3:TPX></Extensions></Trackpoint><Trackpoint><Time>2025-08-01T22:04:30Z</Time><HeartRateBpm><Value>117</Value></HeartRateBpm><Extensions><ns3:TPX><ns3:Speed>0.0</ns3:Speed></ns3:TPX></Extensions></Trackpoint><Trackpoint><Time>2025-08-01T22:04:31Z</Time><HeartRateBpm><Value>119</Value></HeartRateBpm><Extensions><ns3:TPX><ns3:Speed>0.0</ns3:Speed></ns3:TPX></Extensions></Trackpoint><Trackpoint><Time>2025-08-01T22:04:33Z</Time><HeartRateBpm><Value>120</Value></HeartRateBpm><Extensions><ns3:TPX><ns3:Speed>0.0</ns3:Speed></ns3:TPX></Extensions></Trackpoint><Trackpoint><Time>2025-08-01T22:04:35Z</Time><HeartRateBpm><Value>117</Value></HeartRateBpm><Extensions><ns3:TPX><ns3:Speed>0.0</ns3:Speed></ns3:TPX></Extensions></Trackpoint><Trackpoint><Time>2025-08-01T22:04:36Z</Time><HeartRateBpm><Value>113</Value></HeartRateBpm><Extensions><ns3:TPX><ns3:Speed>0.0</ns3:Speed></ns3:TPX></Extensions></Trackpoint><Trackpoint><Time>2025-08-01T22:04:37Z</Time><HeartRateBpm><Value>112</Value></HeartRateBpm><Extensions><ns3:TPX><ns3:Speed>0.0</ns3:Speed></ns3:TPX></Extensions></Trackpoint><Trackpoint><Time>2025-08-01T22:04:42Z</Time><HeartRateBpm><Value>112</Value></HeartRateBpm><Extensions><ns3:TPX><ns3:Speed>0.0</ns3:Speed></ns3:TPX></Extensions></Trackpoint><Trackpoint><Time>2025-08-01T22:04:43Z</Time><HeartRateBpm><Value>113</Value></HeartRateBpm><Extensions><ns3:TPX><ns3:Speed>0.0</ns3:Speed></ns3:TPX></Extensions></Trackpoint><Trackpoint><Time>2025-08-01T22:04:48Z</Time><HeartRateBpm><Value>114</Value></HeartRateBpm><Extensions><ns3:TPX><ns3:Speed>0.0</ns3:Speed></ns3:TPX></Extensions></Trackpoint><Trackpoint><Time>2025-08-01T22:04:53Z</Time><HeartRateBpm><Value>115</Value></HeartRateBpm><Extensions><ns3:TPX><ns3:Speed>0.0</ns3:Speed></ns3:TPX></Extensions></Trackpoint><Trackpoint><Time>2025-08-01T22:04:55Z</Time><HeartRateBpm><Value>116</Value></HeartRateBpm><Extensions><ns3:TPX><ns3:Speed>0.0</ns3:Speed></ns3:TPX></Extensions></Trackpoint><Trackpoint><Time>2025-08-01T22:04:57Z</Time><HeartRateBpm><Value>117</Value></HeartRateBpm><Extensions><ns3:TPX><ns3:Speed>0.0</ns3:Speed></ns3:TPX></Extensions></Trackpoint><Trackpoint><Time>2025-08-01T22:04:58Z</Time><HeartRateBpm><Value>118</Value></HeartRateBpm><Extensions><ns3:TPX><ns3:Speed>0.0</ns3:Speed></ns3:TPX></Extensions></Trackpoint><Trackpoint><Time>2025-08-01T22:05:03Z</Time><HeartRateBpm><Value>118</Value></HeartRateBpm><Extensions><ns3:TPX><ns3:Speed>0.0</ns3:Speed></ns3:TPX></Extensions></Trackpoint><Trackpoint><Time>2025-08-01T22:05:05Z</Time><HeartRateBpm><Value>117</Value></HeartRateBpm><Extensions><ns3:TPX><ns3:Speed>0.0</ns3:Speed></ns3:TPX></Extensions></Trackpoint><Trackpoint><Time>2025-08-01T22:05:06Z</Time><HeartRateBpm><Value>114</Value></HeartRateBpm><Extensions><ns3:TPX><ns3:Speed>0.0</ns3:Speed></ns3:TPX></Extensions></Trackpoint><Trackpoint><Time>2025-08-01T22:05:07Z</Time><HeartRateBpm><Value>113</Value></HeartRateBpm><Extensions><ns3:TPX><ns3:Speed>0.0</ns3:Speed></ns3:TPX></Extensions></Trackpoint><Trackpoint><Time>2025-08-01T22:05:12Z</Time><HeartRateBpm><Value>113</Value></HeartRateBpm><Extensions><ns3:TPX><ns3:Speed>0.0</ns3:Speed></ns3:TPX></Extensions></Trackpoint><Trackpoint><Time>2025-08-01T22:05:13Z</Time><HeartRateBpm><Value>112</Value></HeartRateBpm><Extensions><ns3:TPX><ns3:Speed>0.0</ns3:Speed></ns3:TPX></Extensions></Trackpoint><Trackpoint><Time>2025-08-01T22:05:18Z</Time><HeartRateBpm><Value>113</Value></HeartRateBpm><Extensions><ns3:TPX><ns3:Speed>0.0</ns3:Speed></ns3:TPX></Extensions></Trackpoint><Trackpoint><Time>2025-08-01T22:05:19Z</Time><HeartRateBpm><Value>112</Value></HeartRateBpm><Extensions><ns3:TPX><ns3:Speed>0.0</ns3:Speed></ns3:TPX></Extensions></Trackpoint><Trackpoint><Time>2025-08-01T22:05:21Z</Time><HeartRateBpm><Value>111</Value></HeartRateBpm><Extensions><ns3:TPX><ns3:Speed>0.0</ns3:Speed></ns3:TPX></Extensions></Trackpoint><Trackpoint><Time>2025-08-01T22:05:22Z</Time><HeartRateBpm><Value>110</Value></HeartRateBpm><Extensions><ns3:TPX><ns3:Speed>0.0</ns3:Speed></ns3:TPX></Extensions></Trackpoint><Trackpoint><Time>2025-08-01T22:05:28Z</Time><HeartRateBpm><Value>111</Value></HeartRateBpm><Extensions><ns3:TPX><ns3:Speed>0.0</ns3:Speed></ns3:TPX></Extensions></Trackpoint><Trackpoint><Time>2025-08-01T22:05:30Z</Time><HeartRateBpm><Value>108</Value></HeartRateBpm><Extensions><ns3:TPX><ns3:Speed>0.0</ns3:Speed></ns3:TPX></Extensions></Trackpoint><Trackpoint><Time>2025-08-01T22:05:31Z</Time><HeartRateBpm><Value>107</Value></HeartRateBpm><Extensions><ns3:TPX><ns3:Speed>0.0</ns3:Speed></ns3:TPX></Extensions></Trackpoint><Trackpoint><Time>2025-08-01T22:05:34Z</Time><HeartRateBpm><Value>106</Value></HeartRateBpm><Extensions><ns3:TPX><ns3:Speed>0.0</ns3:Speed></ns3:TPX></Extensions></Trackpoint><Trackpoint><Time>2025-08-01T22:05:35Z</Time><HeartRateBpm><Value>105</Value></HeartRateBpm><Extensions><ns3:TPX><ns3:Speed>0.0</ns3:Speed></ns3:TPX></Extensions></Trackpoint><Trackpoint><Time>2025-08-01T22:05:36Z</Time><HeartRateBpm><Value>107</Value></HeartRateBpm><Extensions><ns3:TPX><ns3:Speed>0.0</ns3:Speed></ns3:TPX></Extensions></Trackpoint><Trackpoint><Time>2025-08-01T22:05:37Z</Time><HeartRateBpm><Value>108</Value></HeartRateBpm><Extensions><ns3:TPX><ns3:Speed>0.0</ns3:Speed></ns3:TPX></Extensions></Trackpoint><Trackpoint><Time>2025-08-01T22:05:38Z</Time><HeartRateBpm><Value>109</Value></HeartRateBpm><Extensions><ns3:TPX><ns3:Speed>0.0</ns3:Speed></ns3:TPX></Extensions></Trackpoint><Trackpoint><Time>2025-08-01T22:05:42Z</Time><HeartRateBpm><Value>110</Value></HeartRateBpm><Extensions><ns3:TPX><ns3:Speed>0.0</ns3:Speed></ns3:TPX></Extensions></Trackpoint><Trackpoint><Time>2025-08-01T22:05:43Z</Time><HeartRateBpm><Value>111</Value></HeartRateBpm><Extensions><ns3:TPX><ns3:Speed>0.0</ns3:Speed></ns3:TPX></Extensions></Trackpoint><Trackpoint><Time>2025-08-01T22:05:48Z</Time><HeartRateBpm><Value>110</Value></HeartRateBpm><Extensions><ns3:TPX><ns3:Speed>0.0</ns3:Speed></ns3:TPX></Extensions></Trackpoint><Trackpoint><Time>2025-08-01T22:05:49Z</Time><HeartRateBpm><Value>109</Value></HeartRateBpm><Extensions><ns3:TPX><ns3:Speed>0.0</ns3:Speed></ns3:TPX></Extensions></Trackpoint><Trackpoint><Time>2025-08-01T22:05:50Z</Time><HeartRateBpm><Value>108</Value></HeartRateBpm><Extensions><ns3:TPX><ns3:Speed>0.0</ns3:Speed></ns3:TPX></Extensions></Trackpoint><Trackpoint><Time>2025-08-01T22:05:52Z</Time><HeartRateBpm><Value>107</Value></HeartRateBpm><Extensions><ns3:TPX><ns3:Speed>0.0</ns3:Speed></ns3:TPX></Extensions></Trackpoint><Trackpoint><Time>2025-08-01T22:05:55Z</Time><HeartRateBpm><Value>108</Value></HeartRateBpm><Extensions><ns3:TPX><ns3:Speed>0.0</ns3:Speed></ns3:TPX></Extensions></Trackpoint><Trackpoint><Time>2025-08-01T22:05:59Z</Time><HeartRateBpm><Value>109</Value></HeartRateBpm><Extensions><ns3:TPX><ns3:Speed>0.0</ns3:Speed></ns3:TPX></Extensions></Trackpoint><Trackpoint><Time>2025-08-01T22:06:00Z</Time><HeartRateBpm><Value>108</Value></HeartRateBpm><Extensions><ns3:TPX><ns3:Speed>0.0</ns3:Speed></ns3:TPX></Extensions></Trackpoint><Trackpoint><Time>2025-08-01T22:06:01Z</Time><HeartRateBpm><Value>105</Value></HeartRateBpm><Extensions><ns3:TPX><ns3:Speed>0.0</ns3:Speed></ns3:TPX></Extensions></Trackpoint><Trackpoint><Time>2025-08-01T22:06:04Z</Time><HeartRateBpm><Value>106</Value></HeartRateBpm><Extensions><ns3:TPX><ns3:Speed>0.0</ns3:Speed></ns3:TPX></Extensions></Trackpoint><Trackpoint><Time>2025-08-01T22:06:05Z</Time><HeartRateBpm><Value>105</Value></HeartRateBpm><Extensions><ns3:TPX><ns3:Speed>0.0</ns3:Speed></ns3:TPX></Extensions></Trackpoint><Trackpoint><Time>2025-08-01T22:06:07Z</Time><HeartRateBpm><Value>104</Value></HeartRateBpm><Extensions><ns3:TPX><ns3:Speed>0.0</ns3:Speed></ns3:TPX></Extensions></Trackpoint><Trackpoint><Time>2025-08-01T22:06:08Z</Time><HeartRateBpm><Value>102</Value></HeartRateBpm><Extensions><ns3:TPX><ns3:Speed>0.0</ns3:Speed></ns3:TPX></Extensions></Trackpoint><Trackpoint><Time>2025-08-01T22:06:10Z</Time><HeartRateBpm><Value>101</Value></HeartRateBpm><Extensions><ns3:TPX><ns3:Speed>0.0</ns3:Speed></ns3:TPX></Extensions></Trackpoint><Trackpoint><Time>2025-08-01T22:06:14Z</Time><HeartRateBpm><Value>100</Value></HeartRateBpm><Extensions><ns3:TPX><ns3:Speed>0.0</ns3:Speed></ns3:TPX></Extensions></Trackpoint><Trackpoint><Time>2025-08-01T22:06:19Z</Time><HeartRateBpm><Value>100</Value></HeartRateBpm><Extensions><ns3:TPX><ns3:Speed>0.0</ns3:Speed></ns3:TPX></Extensions></Trackpoint><Trackpoint><Time>2025-08-01T22:06:20Z</Time><HeartRateBpm><Value>99</Value></HeartRateBpm><Extensions><ns3:TPX><ns3:Speed>0.0</ns3:Speed></ns3:TPX></Extensions></Trackpoint><Trackpoint><Time>2025-08-01T22:06:21Z</Time><HeartRateBpm><Value>98</Value></HeartRateBpm><Extensions><ns3:TPX><ns3:Speed>0.0</ns3:Speed></ns3:TPX></Extensions></Trackpoint><Trackpoint><Time>2025-08-01T22:06:24Z</Time><HeartRateBpm><Value>97</Value></HeartRateBpm><Extensions><ns3:TPX><ns3:Speed>0.0</ns3:Speed></ns3:TPX></Extensions></Trackpoint><Trackpoint><Time>2025-08-01T22:06:29Z</Time><HeartRateBpm><Value>96</Value></HeartRateBpm><Extensions><ns3:TPX><ns3:Speed>0.0</ns3:Speed></ns3:TPX></Extensions></Trackpoint><Trackpoint><Time>2025-08-01T22:06:30Z</Time><HeartRateBpm><Value>95</Value></HeartRateBpm><Extensions><ns3:TPX><ns3:Speed>0.0</ns3:Speed></ns3:TPX></Extensions></Trackpoint><Trackpoint><Time>2025-08-01T22:06:34Z</Time><HeartRateBpm><Value>96</Value></HeartRateBpm><Extensions><ns3:TPX><ns3:Speed>0.0</ns3:Speed></ns3:TPX></Extensions></Trackpoint><Trackpoint><Time>2025-08-01T22:06:36Z</Time><HeartRateBpm><Value>95</Value></HeartRateBpm><Extensions><ns3:TPX><ns3:Speed>0.0</ns3:Speed></ns3:TPX></Extensions></Trackpoint><Trackpoint><Time>2025-08-01T22:06:37Z</Time><HeartRateBpm><Value>94</Value></HeartRateBpm><Extensions><ns3:TPX><ns3:Speed>0.0</ns3:Speed></ns3:TPX></Extensions></Trackpoint><Trackpoint><Time>2025-08-01T22:06:38Z</Time><HeartRateBpm><Value>93</Value></HeartRateBpm><Extensions><ns3:TPX><ns3:Speed>0.0</ns3:Speed></ns3:TPX></Extensions></Trackpoint><Trackpoint><Time>2025-08-01T22:06:43Z</Time><HeartRateBpm><Value>93</Value></HeartRateBpm><Extensions><ns3:TPX><ns3:Speed>0.0</ns3:Speed></ns3:TPX></Extensions></Trackpoint><Trackpoint><Time>2025-08-01T22:06:48Z</Time><HeartRateBpm><Value>92</Value></HeartRateBpm><Extensions><ns3:TPX><ns3:Speed>0.0</ns3:Speed></ns3:TPX></Extensions></Trackpoint><Trackpoint><Time>2025-08-01T22:06:53Z</Time><HeartRateBpm><Value>93</Value></HeartRateBpm><Extensions><ns3:TPX><ns3:Speed>0.0</ns3:Speed></ns3:TPX></Extensions></Trackpoint><Trackpoint><Time>2025-08-01T22:06:54Z</Time><HeartRateBpm><Value>92</Value></HeartRateBpm><Extensions><ns3:TPX><ns3:Speed>0.0</ns3:Speed></ns3:TPX></Extensions></Trackpoint><Trackpoint><Time>2025-08-01T22:06:59Z</Time><HeartRateBpm><Value>91</Value></HeartRateBpm><Extensions><ns3:TPX><ns3:Speed>0.0</ns3:Speed></ns3:TPX></Extensions></Trackpoint><Trackpoint><Time>2025-08-01T22:07:00Z</Time><HeartRateBpm><Value>90</Value></HeartRateBpm><Extensions><ns3:TPX><ns3:Speed>0.0</ns3:Speed></ns3:TPX></Extensions></Trackpoint><Trackpoint><Time>2025-08-01T22:07:05Z</Time><HeartRateBpm><Value>89</Value></HeartRateBpm><Extensions><ns3:TPX><ns3:Speed>0.0</ns3:Speed></ns3:TPX></Extensions></Trackpoint><Trackpoint><Time>2025-08-01T22:07:10Z</Time><HeartRateBpm><Value>89</Value></HeartRateBpm><Extensions><ns3:TPX><ns3:Speed>0.0</ns3:Speed></ns3:TPX></Extensions></Trackpoint><Trackpoint><Time>2025-08-01T22:07:12Z</Time><HeartRateBpm><Value>90</Value></HeartRateBpm><Extensions><ns3:TPX><ns3:Speed>0.0</ns3:Speed></ns3:TPX></Extensions></Trackpoint><Trackpoint><Time>2025-08-01T22:07:14Z</Time><HeartRateBpm><Value>91</Value></HeartRateBpm><Extensions><ns3:TPX><ns3:Speed>0.0</ns3:Speed></ns3:TPX></Extensions></Trackpoint><Trackpoint><Time>2025-08-01T22:07:19Z</Time><HeartRateBpm><Value>94</Value></HeartRateBpm><Extensions><ns3:TPX><ns3:Speed>0.0</ns3:Speed></ns3:TPX></Extensions></Trackpoint><Trackpoint><Time>2025-08-01T22:07:23Z</Time><HeartRateBpm><Value>95</Value></HeartRateBpm><Extensions><ns3:TPX><ns3:Speed>0.0</ns3:Speed></ns3:TPX></Extensions></Trackpoint><Trackpoint><Time>2025-08-01T22:07:25Z</Time><HeartRateBpm><Value>94</Value></HeartRateBpm><Extensions><ns3:TPX><ns3:Speed>0.0</ns3:Speed></ns3:TPX></Extensions></Trackpoint><Trackpoint><Time>2025-08-01T22:07:26Z</Time><HeartRateBpm><Value>95</Value></HeartRateBpm><Extensions><ns3:TPX><ns3:Speed>0.0</ns3:Speed></ns3:TPX></Extensions></Trackpoint><Trackpoint><Time>2025-08-01T22:07:31Z</Time><HeartRateBpm><Value>96</Value></HeartRateBpm><Extensions><ns3:TPX><ns3:Speed>0.0</ns3:Speed></ns3:TPX></Extensions></Trackpoint><Trackpoint><Time>2025-08-01T22:07:36Z</Time><HeartRateBpm><Value>95</Value></HeartRateBpm><Extensions><ns3:TPX><ns3:Speed>0.0</ns3:Speed></ns3:TPX></Extensions></Trackpoint><Trackpoint><Time>2025-08-01T22:07:41Z</Time><HeartRateBpm><Value>95</Value></HeartRateBpm><Extensions><ns3:TPX><ns3:Speed>0.0</ns3:Speed></ns3:TPX></Extensions></Trackpoint><Trackpoint><Time>2025-08-01T22:07:43Z</Time><HeartRateBpm><Value>96</Value></HeartRateBpm><Extensions><ns3:TPX><ns3:Speed>0.0</ns3:Speed></ns3:TPX></Extensions></Trackpoint><Trackpoint><Time>2025-08-01T22:07:45Z</Time><HeartRateBpm><Value>95</Value></HeartRateBpm><Extensions><ns3:TPX><ns3:Speed>0.0</ns3:Speed></ns3:TPX></Extensions></Trackpoint><Trackpoint><Time>2025-08-01T22:07:48Z</Time><HeartRateBpm><Value>96</Value></HeartRateBpm><Extensions><ns3:TPX><ns3:Speed>0.0</ns3:Speed></ns3:TPX></Extensions></Trackpoint><Trackpoint><Time>2025-08-01T22:07:51Z</Time><HeartRateBpm><Value>95</Value></HeartRateBpm><Extensions><ns3:TPX><ns3:Speed>0.0</ns3:Speed></ns3:TPX></Extensions></Trackpoint><Trackpoint><Time>2025-08-01T22:07:56Z</Time><HeartRateBpm><Value>91</Value></HeartRateBpm><Extensions><ns3:TPX><ns3:Speed>0.0</ns3:Speed></ns3:TPX></Extensions></Trackpoint><Trackpoint><Time>2025-08-01T22:07:59Z</Time><HeartRateBpm><Value>90</Value></HeartRateBpm><Extensions><ns3:TPX><ns3:Speed>0.0</ns3:Speed></ns3:TPX></Extensions></Trackpoint><Trackpoint><Time>2025-08-01T22:08:01Z</Time><HeartRateBpm><Value>89</Value></HeartRateBpm><Extensions><ns3:TPX><ns3:Speed>0.0</ns3:Speed></ns3:TPX></Extensions></Trackpoint><Trackpoint><Time>2025-08-01T22:08:06Z</Time><HeartRateBpm><Value>90</Value></HeartRateBpm><Extensions><ns3:TPX><ns3:Speed>0.0</ns3:Speed></ns3:TPX></Extensions></Trackpoint><Trackpoint><Time>2025-08-01T22:08:07Z</Time><HeartRateBpm><Value>89</Value></HeartRateBpm><Extensions><ns3:TPX><ns3:Speed>0.0</ns3:Speed></ns3:TPX></Extensions></Trackpoint><Trackpoint><Time>2025-08-01T22:08:09Z</Time><HeartRateBpm><Value>90</Value></HeartRateBpm><Extensions><ns3:TPX><ns3:Speed>0.0</ns3:Speed></ns3:TPX></Extensions></Trackpoint><Trackpoint><Time>2025-08-01T22:08:14Z</Time><HeartRateBpm><Value>89</Value></HeartRateBpm><Extensions><ns3:TPX><ns3:Speed>0.0</ns3:Speed></ns3:TPX></Extensions></Trackpoint><Trackpoint><Time>2025-08-01T22:08:16Z</Time><HeartRateBpm><Value>90</Value></HeartRateBpm><Extensions><ns3:TPX><ns3:Speed>0.0</ns3:Speed></ns3:TPX></Extensions></Trackpoint><Trackpoint><Time>2025-08-01T22:08:20Z</Time><HeartRateBpm><Value>89</Value></HeartRateBpm><Extensions><ns3:TPX><ns3:Speed>0.0</ns3:Speed></ns3:TPX></Extensions></Trackpoint><Trackpoint><Time>2025-08-01T22:08:24Z</Time><HeartRateBpm><Value>88</Value></HeartRateBpm><Extensions><ns3:TPX><ns3:Speed>0.0</ns3:Speed></ns3:TPX></Extensions></Trackpoint><Trackpoint><Time>2025-08-01T22:08:25Z</Time><HeartRateBpm><Value>87</Value></HeartRateBpm><Extensions><ns3:TPX><ns3:Speed>0.0</ns3:Speed></ns3:TPX></Extensions></Trackpoint><Trackpoint><Time>2025-08-01T22:08:30Z</Time><HeartRateBpm><Value>87</Value></HeartRateBpm><Extensions><ns3:TPX><ns3:Speed>0.0</ns3:Speed></ns3:TPX></Extensions></Trackpoint><Trackpoint><Time>2025-08-01T22:08:32Z</Time><HeartRateBpm><Value>88</Value></HeartRateBpm><Extensions><ns3:TPX><ns3:Speed>0.0</ns3:Speed></ns3:TPX></Extensions></Trackpoint><Trackpoint><Time>2025-08-01T22:08:33Z</Time><HeartRateBpm><Value>89</Value></HeartRateBpm><Extensions><ns3:TPX><ns3:Speed>0.0</ns3:Speed></ns3:TPX></Extensions></Trackpoint><Trackpoint><Time>2025-08-01T22:08:34Z</Time><HeartRateBpm><Value>90</Value></HeartRateBpm><Extensions><ns3:TPX><ns3:Speed>0.0</ns3:Speed></ns3:TPX></Extensions></Trackpoint><Trackpoint><Time>2025-08-01T22:08:36Z</Time><HeartRateBpm><Value>91</Value></HeartRateBpm><Extensions><ns3:TPX><ns3:Speed>0.0</ns3:Speed></ns3:TPX></Extensions></Trackpoint><Trackpoint><Time>2025-08-01T22:08:37Z</Time><HeartRateBpm><Value>92</Value></HeartRateBpm><Extensions><ns3:TPX><ns3:Speed>0.0</ns3:Speed></ns3:TPX></Extensions></Trackpoint><Trackpoint><Time>2025-08-01T22:08:40Z</Time><HeartRateBpm><Value>93</Value></HeartRateBpm><Extensions><ns3:TPX><ns3:Speed>0.0</ns3:Speed></ns3:TPX></Extensions></Trackpoint><Trackpoint><Time>2025-08-01T22:08:43Z</Time><HeartRateBpm><Value>92</Value></HeartRateBpm><Extensions><ns3:TPX><ns3:Speed>0.0</ns3:Speed></ns3:TPX></Extensions></Trackpoint><Trackpoint><Time>2025-08-01T22:08:44Z</Time><HeartRateBpm><Value>91</Value></HeartRateBpm><Extensions><ns3:TPX><ns3:Speed>0.0</ns3:Speed></ns3:TPX></Extensions></Trackpoint><Trackpoint><Time>2025-08-01T22:08:49Z</Time><HeartRateBpm><Value>91</Value></HeartRateBpm><Extensions><ns3:TPX><ns3:Speed>0.0</ns3:Speed></ns3:TPX></Extensions></Trackpoint><Trackpoint><Time>2025-08-01T22:08:54Z</Time><HeartRateBpm><Value>92</Value></HeartRateBpm><Extensions><ns3:TPX><ns3:Speed>0.0</ns3:Speed></ns3:TPX></Extensions></Trackpoint><Trackpoint><Time>2025-08-01T22:08:55Z</Time><HeartRateBpm><Value>91</Value></HeartRateBpm><Extensions><ns3:TPX><ns3:Speed>0.0</ns3:Speed></ns3:TPX></Extensions></Trackpoint><Trackpoint><Time>2025-08-01T22:08:56Z</Time><HeartRateBpm><Value>90</Value></HeartRateBpm><Extensions><ns3:TPX><ns3:Speed>0.0</ns3:Speed></ns3:TPX></Extensions></Trackpoint><Trackpoint><Time>2025-08-01T22:08:57Z</Time><HeartRateBpm><Value>88</Value></HeartRateBpm><Extensions><ns3:TPX><ns3:Speed>0.0</ns3:Speed></ns3:TPX></Extensions></Trackpoint><Trackpoint><Time>2025-08-01T22:08:58Z</Time><HeartRateBpm><Value>87</Value></HeartRateBpm><Extensions><ns3:TPX><ns3:Speed>0.0</ns3:Speed></ns3:TPX></Extensions></Trackpoint><Trackpoint><Time>2025-08-01T22:09:03Z</Time><HeartRateBpm><Value>88</Value></HeartRateBpm><Extensions><ns3:TPX><ns3:Speed>0.0</ns3:Speed></ns3:TPX></Extensions></Trackpoint><Trackpoint><Time>2025-08-01T22:09:05Z</Time><HeartRateBpm><Value>89</Value></HeartRateBpm><Extensions><ns3:TPX><ns3:Speed>0.0</ns3:Speed></ns3:TPX></Extensions></Trackpoint><Trackpoint><Time>2025-08-01T22:09:10Z</Time><HeartRateBpm><Value>88</Value></HeartRateBpm><Extensions><ns3:TPX><ns3:Speed>0.0</ns3:Speed></ns3:TPX></Extensions></Trackpoint><Trackpoint><Time>2025-08-01T22:09:13Z</Time><HeartRateBpm><Value>89</Value></HeartRateBpm><Extensions><ns3:TPX><ns3:Speed>0.0</ns3:Speed></ns3:TPX></Extensions></Trackpoint><Trackpoint><Time>2025-08-01T22:09:15Z</Time><HeartRateBpm><Value>91</Value></HeartRateBpm><Extensions><ns3:TPX><ns3:Speed>0.0</ns3:Speed></ns3:TPX></Extensions></Trackpoint><Trackpoint><Time>2025-08-01T22:09:20Z</Time><HeartRateBpm><Value>91</Value></HeartRateBpm><Extensions><ns3:TPX><ns3:Speed>0.0</ns3:Speed></ns3:TPX></Extensions></Trackpoint><Trackpoint><Time>2025-08-01T22:09:22Z</Time><HeartRateBpm><Value>92</Value></HeartRateBpm><Extensions><ns3:TPX><ns3:Speed>0.0</ns3:Speed></ns3:TPX></Extensions></Trackpoint><Trackpoint><Time>2025-08-01T22:09:25Z</Time><HeartRateBpm><Value>93</Value></HeartRateBpm><Extensions><ns3:TPX><ns3:Speed>0.0</ns3:Speed></ns3:TPX></Extensions></Trackpoint><Trackpoint><Time>2025-08-01T22:09:28Z</Time><HeartRateBpm><Value>94</Value></HeartRateBpm><Extensions><ns3:TPX><ns3:Speed>0.0</ns3:Speed></ns3:TPX></Extensions></Trackpoint><Trackpoint><Time>2025-08-01T22:09:29Z</Time><HeartRateBpm><Value>95</Value></HeartRateBpm><Extensions><ns3:TPX><ns3:Speed>0.0</ns3:Speed></ns3:TPX></Extensions></Trackpoint><Trackpoint><Time>2025-08-01T22:09:31Z</Time><HeartRateBpm><Value>96</Value></HeartRateBpm><Extensions><ns3:TPX><ns3:Speed>0.0</ns3:Speed></ns3:TPX></Extensions></Trackpoint><Trackpoint><Time>2025-08-01T22:09:33Z</Time><HeartRateBpm><Value>97</Value></HeartRateBpm><Extensions><ns3:TPX><ns3:Speed>0.0</ns3:Speed></ns3:TPX></Extensions></Trackpoint><Trackpoint><Time>2025-08-01T22:09:34Z</Time><HeartRateBpm><Value>96</Value></HeartRateBpm><Extensions><ns3:TPX><ns3:Speed>0.0</ns3:Speed></ns3:TPX></Extensions></Trackpoint><Trackpoint><Time>2025-08-01T22:09:38Z</Time><HeartRateBpm><Value>97</Value></HeartRateBpm><Extensions><ns3:TPX><ns3:Speed>0.0</ns3:Speed></ns3:TPX></Extensions></Trackpoint><Trackpoint><Time>2025-08-01T22:09:39Z</Time><HeartRateBpm><Value>98</Value></HeartRateBpm><Extensions><ns3:TPX><ns3:Speed>0.0</ns3:Speed></ns3:TPX></Extensions></Trackpoint><Trackpoint><Time>2025-08-01T22:09:41Z</Time><HeartRateBpm><Value>99</Value></HeartRateBpm><Extensions><ns3:TPX><ns3:Speed>0.0</ns3:Speed></ns3:TPX></Extensions></Trackpoint><Trackpoint><Time>2025-08-01T22:09:46Z</Time><HeartRateBpm><Value>99</Value></HeartRateBpm><Extensions><ns3:TPX><ns3:Speed>0.0</ns3:Speed></ns3:TPX></Extensions></Trackpoint><Trackpoint><Time>2025-08-01T22:09:49Z</Time><HeartRateBpm><Value>98</Value></HeartRateBpm><Extensions><ns3:TPX><ns3:Speed>0.0</ns3:Speed></ns3:TPX></Extensions></Trackpoint><Trackpoint><Time>2025-08-01T22:09:52Z</Time><HeartRateBpm><Value>97</Value></HeartRateBpm><Extensions><ns3:TPX><ns3:Speed>0.0</ns3:Speed></ns3:TPX></Extensions></Trackpoint><Trackpoint><Time>2025-08-01T22:09:53Z</Time><HeartRateBpm><Value>95</Value></HeartRateBpm><Extensions><ns3:TPX><ns3:Speed>0.0</ns3:Speed></ns3:TPX></Extensions></Trackpoint><Trackpoint><Time>2025-08-01T22:09:58Z</Time><HeartRateBpm><Value>96</Value></HeartRateBpm><Extensions><ns3:TPX><ns3:Speed>0.0</ns3:Speed></ns3:TPX></Extensions></Trackpoint><Trackpoint><Time>2025-08-01T22:10:03Z</Time><HeartRateBpm><Value>96</Value></HeartRateBpm><Extensions><ns3:TPX><ns3:Speed>0.0</ns3:Speed></ns3:TPX></Extensions></Trackpoint><Trackpoint><Time>2025-08-01T22:10:04Z</Time><HeartRateBpm><Value>95</Value></HeartRateBpm><Extensions><ns3:TPX><ns3:Speed>0.0</ns3:Speed></ns3:TPX></Extensions></Trackpoint><Trackpoint><Time>2025-08-01T22:10:05Z</Time><HeartRateBpm><Value>94</Value></HeartRateBpm><Extensions><ns3:TPX><ns3:Speed>0.0</ns3:Speed></ns3:TPX></Extensions></Trackpoint><Trackpoint><Time>2025-08-01T22:10:06Z</Time><HeartRateBpm><Value>92</Value></HeartRateBpm><Extensions><ns3:TPX><ns3:Speed>0.0</ns3:Speed></ns3:TPX></Extensions></Trackpoint><Trackpoint><Time>2025-08-01T22:10:10Z</Time><HeartRateBpm><Value>91</Value></HeartRateBpm><Extensions><ns3:TPX><ns3:Speed>0.0</ns3:Speed></ns3:TPX></Extensions></Trackpoint><Trackpoint><Time>2025-08-01T22:10:15Z</Time><HeartRateBpm><Value>91</Value></HeartRateBpm><Extensions><ns3:TPX><ns3:Speed>0.0</ns3:Speed></ns3:TPX></Extensions></Trackpoint><Trackpoint><Time>2025-08-01T22:10:20Z</Time><HeartRateBpm><Value>91</Value></HeartRateBpm><Extensions><ns3:TPX><ns3:Speed>0.0</ns3:Speed></ns3:TPX></Extensions></Trackpoint><Trackpoint><Time>2025-08-01T22:10:21Z</Time><HeartRateBpm><Value>90</Value></HeartRateBpm><Extensions><ns3:TPX><ns3:Speed>0.0</ns3:Speed></ns3:TPX></Extensions></Trackpoint><Trackpoint><Time>2025-08-01T22:10:23Z</Time><HeartRateBpm><Value>91</Value></HeartRateBpm><Extensions><ns3:TPX><ns3:Speed>0.0</ns3:Speed></ns3:TPX></Extensions></Trackpoint><Trackpoint><Time>2025-08-01T22:10:27Z</Time><HeartRateBpm><Value>92</Value></HeartRateBpm><Extensions><ns3:TPX><ns3:Speed>0.0</ns3:Speed></ns3:TPX></Extensions></Trackpoint><Trackpoint><Time>2025-08-01T22:10:28Z</Time><HeartRateBpm><Value>93</Value></HeartRateBpm><Extensions><ns3:TPX><ns3:Speed>0.0</ns3:Speed></ns3:TPX></Extensions></Trackpoint><Trackpoint><Time>2025-08-01T22:10:29Z</Time><HeartRateBpm><Value>92</Value></HeartRateBpm><Extensions><ns3:TPX><ns3:Speed>0.0</ns3:Speed></ns3:TPX></Extensions></Trackpoint><Trackpoint><Time>2025-08-01T22:10:34Z</Time><HeartRateBpm><Value>92</Value></HeartRateBpm><Extensions><ns3:TPX><ns3:Speed>0.0</ns3:Speed></ns3:TPX></Extensions></Trackpoint><Trackpoint><Time>2025-08-01T22:10:36Z</Time><HeartRateBpm><Value>91</Value></HeartRateBpm><Extensions><ns3:TPX><ns3:Speed>0.0</ns3:Speed></ns3:TPX></Extensions></Trackpoint><Trackpoint><Time>2025-08-01T22:10:41Z</Time><HeartRateBpm><Value>92</Value></HeartRateBpm><Extensions><ns3:TPX><ns3:Speed>0.0</ns3:Speed></ns3:TPX></Extensions></Trackpoint><Trackpoint><Time>2025-08-01T22:10:44Z</Time><HeartRateBpm><Value>93</Value></HeartRateBpm><Extensions><ns3:TPX><ns3:Speed>0.0</ns3:Speed></ns3:TPX></Extensions></Trackpoint><Trackpoint><Time>2025-08-01T22:10:48Z</Time><HeartRateBpm><Value>93</Value></HeartRateBpm><Extensions><ns3:TPX><ns3:Speed>0.0</ns3:Speed></ns3:TPX></Extensions></Trackpoint><Trackpoint><Time>2025-08-01T22:10:51Z</Time><HeartRateBpm><Value>95</Value></HeartRateBpm><Extensions><ns3:TPX><ns3:Speed>0.0</ns3:Speed></ns3:TPX></Extensions></Trackpoint><Trackpoint><Time>2025-08-01T22:10:52Z</Time><HeartRateBpm><Value>96</Value></HeartRateBpm><Extensions><ns3:TPX><ns3:Speed>0.0</ns3:Speed></ns3:TPX></Extensions></Trackpoint><Trackpoint><Time>2025-08-01T22:10:57Z</Time><HeartRateBpm><Value>96</Value></HeartRateBpm><Extensions><ns3:TPX><ns3:Speed>0.0</ns3:Speed></ns3:TPX></Extensions></Trackpoint><Trackpoint><Time>2025-08-01T22:11:01Z</Time><HeartRateBpm><Value>97</Value></HeartRateBpm><Extensions><ns3:TPX><ns3:Speed>0.0</ns3:Speed></ns3:TPX></Extensions></Trackpoint><Trackpoint><Time>2025-08-01T22:11:03Z</Time><HeartRateBpm><Value>98</Value></HeartRateBpm><Extensions><ns3:TPX><ns3:Speed>0.0</ns3:Speed></ns3:TPX></Extensions></Trackpoint><Trackpoint><Time>2025-08-01T22:11:04Z</Time><HeartRateBpm><Value>99</Value></HeartRateBpm><Extensions><ns3:TPX><ns3:Speed>0.0</ns3:Speed></ns3:TPX></Extensions></Trackpoint><Trackpoint><Time>2025-08-01T22:11:09Z</Time><HeartRateBpm><Value>99</Value></HeartRateBpm><Extensions><ns3:TPX><ns3:Speed>0.0</ns3:Speed></ns3:TPX></Extensions></Trackpoint><Trackpoint><Time>2025-08-01T22:11:10Z</Time><HeartRateBpm><Value>97</Value></HeartRateBpm><Extensions><ns3:TPX><ns3:Speed>0.0</ns3:Speed></ns3:TPX></Extensions></Trackpoint><Trackpoint><Time>2025-08-01T22:11:11Z</Time><HeartRateBpm><Value>96</Value></HeartRateBpm><Extensions><ns3:TPX><ns3:Speed>0.0</ns3:Speed></ns3:TPX></Extensions></Trackpoint><Trackpoint><Time>2025-08-01T22:11:15Z</Time><HeartRateBpm><Value>95</Value></HeartRateBpm><Extensions><ns3:TPX><ns3:Speed>0.0</ns3:Speed></ns3:TPX></Extensions></Trackpoint><Trackpoint><Time>2025-08-01T22:11:20Z</Time><HeartRateBpm><Value>95</Value></HeartRateBpm><Extensions><ns3:TPX><ns3:Speed>0.0</ns3:Speed></ns3:TPX></Extensions></Trackpoint><Trackpoint><Time>2025-08-01T22:11:22Z</Time><HeartRateBpm><Value>94</Value></HeartRateBpm><Extensions><ns3:TPX><ns3:Speed>0.0</ns3:Speed></ns3:TPX></Extensions></Trackpoint><Trackpoint><Time>2025-08-01T22:11:23Z</Time><HeartRateBpm><Value>93</Value></HeartRateBpm><Extensions><ns3:TPX><ns3:Speed>0.0</ns3:Speed></ns3:TPX></Extensions></Trackpoint><Trackpoint><Time>2025-08-01T22:11:28Z</Time><HeartRateBpm><Value>94</Value></HeartRateBpm><Extensions><ns3:TPX><ns3:Speed>0.0</ns3:Speed></ns3:TPX></Extensions></Trackpoint><Trackpoint><Time>2025-08-01T22:11:30Z</Time><HeartRateBpm><Value>95</Value></HeartRateBpm><Extensions><ns3:TPX><ns3:Speed>0.0</ns3:Speed></ns3:TPX></Extensions></Trackpoint><Trackpoint><Time>2025-08-01T22:11:32Z</Time><HeartRateBpm><Value>96</Value></HeartRateBpm><Extensions><ns3:TPX><ns3:Speed>0.0</ns3:Speed></ns3:TPX></Extensions></Trackpoint><Trackpoint><Time>2025-08-01T22:11:34Z</Time><HeartRateBpm><Value>97</Value></HeartRateBpm><Extensions><ns3:TPX><ns3:Speed>0.0</ns3:Speed></ns3:TPX></Extensions></Trackpoint><Trackpoint><Time>2025-08-01T22:11:35Z</Time><HeartRateBpm><Value>95</Value></HeartRateBpm><Extensions><ns3:TPX><ns3:Speed>0.0</ns3:Speed></ns3:TPX></Extensions></Trackpoint><Trackpoint><Time>2025-08-01T22:11:40Z</Time><HeartRateBpm><Value>96</Value></HeartRateBpm><Extensions><ns3:TPX><ns3:Speed>0.0</ns3:Speed></ns3:TPX></Extensions></Trackpoint><Trackpoint><Time>2025-08-01T22:11:41Z</Time><HeartRateBpm><Value>98</Value></HeartRateBpm><Extensions><ns3:TPX><ns3:Speed>0.0</ns3:Speed></ns3:TPX></Extensions></Trackpoint><Trackpoint><Time>2025-08-01T22:11:46Z</Time><HeartRateBpm><Value>96</Value></HeartRateBpm><Extensions><ns3:TPX><ns3:Speed>0.0</ns3:Speed></ns3:TPX></Extensions></Trackpoint><Trackpoint><Time>2025-08-01T22:11:47Z</Time><HeartRateBpm><Value>94</Value></HeartRateBpm><Extensions><ns3:TPX><ns3:Speed>0.0</ns3:Speed></ns3:TPX></Extensions></Trackpoint><Trackpoint><Time>2025-08-01T22:11:48Z</Time><HeartRateBpm><Value>96</Value></HeartRateBpm><Extensions><ns3:TPX><ns3:Speed>0.0</ns3:Speed></ns3:TPX></Extensions></Trackpoint><Trackpoint><Time>2025-08-01T22:11:50Z</Time><HeartRateBpm><Value>97</Value></HeartRateBpm><Extensions><ns3:TPX><ns3:Speed>0.0</ns3:Speed></ns3:TPX></Extensions></Trackpoint><Trackpoint><Time>2025-08-01T22:11:51Z</Time><HeartRateBpm><Value>100</Value></HeartRateBpm><Extensions><ns3:TPX><ns3:Speed>0.0</ns3:Speed></ns3:TPX></Extensions></Trackpoint><Trackpoint><Time>2025-08-01T22:11:52Z</Time><HeartRateBpm><Value>104</Value></HeartRateBpm><Extensions><ns3:TPX><ns3:Speed>0.0</ns3:Speed></ns3:TPX></Extensions></Trackpoint><Trackpoint><Time>2025-08-01T22:11:53Z</Time><HeartRateBpm><Value>108</Value></HeartRateBpm><Extensions><ns3:TPX><ns3:Speed>0.0</ns3:Speed></ns3:TPX></Extensions></Trackpoint><Trackpoint><Time>2025-08-01T22:11:54Z</Time><HeartRateBpm><Value>109</Value></HeartRateBpm><Extensions><ns3:TPX><ns3:Speed>0.0</ns3:Speed></ns3:TPX></Extensions></Trackpoint><Trackpoint><Time>2025-08-01T22:11:56Z</Time><HeartRateBpm><Value>110</Value></HeartRateBpm><Extensions><ns3:TPX><ns3:Speed>0.0</ns3:Speed></ns3:TPX></Extensions></Trackpoint><Trackpoint><Time>2025-08-01T22:11:57Z</Time><HeartRateBpm><Value>101</Value></HeartRateBpm><Extensions><ns3:TPX><ns3:Speed>0.0</ns3:Speed></ns3:TPX></Extensions></Trackpoint><Trackpoint><Time>2025-08-01T22:11:59Z</Time><HeartRateBpm><Value>103</Value></HeartRateBpm><Extensions><ns3:TPX><ns3:Speed>0.0</ns3:Speed></ns3:TPX></Extensions></Trackpoint><Trackpoint><Time>2025-08-01T22:12:00Z</Time><HeartRateBpm><Value>104</Value></HeartRateBpm><Extensions><ns3:TPX><ns3:Speed>0.0</ns3:Speed></ns3:TPX></Extensions></Trackpoint><Trackpoint><Time>2025-08-01T22:12:02Z</Time><HeartRateBpm><Value>105</Value></HeartRateBpm><Extensions><ns3:TPX><ns3:Speed>0.0</ns3:Speed></ns3:TPX></Extensions></Trackpoint><Trackpoint><Time>2025-08-01T22:12:03Z</Time><HeartRateBpm><Value>106</Value></HeartRateBpm><Extensions><ns3:TPX><ns3:Speed>0.0</ns3:Speed></ns3:TPX></Extensions></Trackpoint><Trackpoint><Time>2025-08-01T22:12:05Z</Time><HeartRateBpm><Value>107</Value></HeartRateBpm><Extensions><ns3:TPX><ns3:Speed>0.0</ns3:Speed></ns3:TPX></Extensions></Trackpoint><Trackpoint><Time>2025-08-01T22:12:06Z</Time><HeartRateBpm><Value>108</Value></HeartRateBpm><Extensions><ns3:TPX><ns3:Speed>0.0</ns3:Speed></ns3:TPX></Extensions></Trackpoint><Trackpoint><Time>2025-08-01T22:12:07Z</Time><HeartRateBpm><Value>103</Value></HeartRateBpm><Extensions><ns3:TPX><ns3:Speed>0.0</ns3:Speed></ns3:TPX></Extensions></Trackpoint><Trackpoint><Time>2025-08-01T22:12:09Z</Time><HeartRateBpm><Value>106</Value></HeartRateBpm><Extensions><ns3:TPX><ns3:Speed>0.0</ns3:Speed></ns3:TPX></Extensions></Trackpoint><Trackpoint><Time>2025-08-01T22:12:10Z</Time><HeartRateBpm><Value>102</Value></HeartRateBpm><Extensions><ns3:TPX><ns3:Speed>0.0</ns3:Speed></ns3:TPX></Extensions></Trackpoint><Trackpoint><Time>2025-08-01T22:12:11Z</Time><HeartRateBpm><Value>99</Value></HeartRateBpm><Extensions><ns3:TPX><ns3:Speed>0.0</ns3:Speed></ns3:TPX></Extensions></Trackpoint><Trackpoint><Time>2025-08-01T22:12:16Z</Time><HeartRateBpm><Value>100</Value></HeartRateBpm><Extensions><ns3:TPX><ns3:Speed>0.0</ns3:Speed></ns3:TPX></Extensions></Trackpoint><Trackpoint><Time>2025-08-01T22:12:17Z</Time><HeartRateBpm><Value>104</Value></HeartRateBpm><Extensions><ns3:TPX><ns3:Speed>0.0</ns3:Speed></ns3:TPX></Extensions></Trackpoint><Trackpoint><Time>2025-08-01T22:12:18Z</Time><HeartRateBpm><Value>106</Value></HeartRateBpm><Extensions><ns3:TPX><ns3:Speed>0.0</ns3:Speed></ns3:TPX></Extensions></Trackpoint><Trackpoint><Time>2025-08-01T22:12:19Z</Time><HeartRateBpm><Value>107</Value></HeartRateBpm><Extensions><ns3:TPX><ns3:Speed>0.0</ns3:Speed></ns3:TPX></Extensions></Trackpoint><Trackpoint><Time>2025-08-01T22:12:21Z</Time><HeartRateBpm><Value>109</Value></HeartRateBpm><Extensions><ns3:TPX><ns3:Speed>0.0</ns3:Speed></ns3:TPX></Extensions></Trackpoint><Trackpoint><Time>2025-08-01T22:12:22Z</Time><HeartRateBpm><Value>110</Value></HeartRateBpm><Extensions><ns3:TPX><ns3:Speed>0.0</ns3:Speed></ns3:TPX></Extensions></Trackpoint><Trackpoint><Time>2025-08-01T22:12:23Z</Time><HeartRateBpm><Value>112</Value></HeartRateBpm><Extensions><ns3:TPX><ns3:Speed>0.0</ns3:Speed></ns3:TPX></Extensions></Trackpoint><Trackpoint><Time>2025-08-01T22:12:24Z</Time><HeartRateBpm><Value>113</Value></HeartRateBpm><Extensions><ns3:TPX><ns3:Speed>0.0</ns3:Speed></ns3:TPX></Extensions></Trackpoint><Trackpoint><Time>2025-08-01T22:12:29Z</Time><HeartRateBpm><Value>112</Value></HeartRateBpm><Extensions><ns3:TPX><ns3:Speed>0.0</ns3:Speed></ns3:TPX></Extensions></Trackpoint><Trackpoint><Time>2025-08-01T22:12:33Z</Time><HeartRateBpm><Value>108</Value></HeartRateBpm><Extensions><ns3:TPX><ns3:Speed>0.0</ns3:Speed></ns3:TPX></Extensions></Trackpoint><Trackpoint><Time>2025-08-01T22:12:34Z</Time><HeartRateBpm><Value>109</Value></HeartRateBpm><Extensions><ns3:TPX><ns3:Speed>0.0</ns3:Speed></ns3:TPX></Extensions></Trackpoint><Trackpoint><Time>2025-08-01T22:12:35Z</Time><HeartRateBpm><Value>106</Value></HeartRateBpm><Extensions><ns3:TPX><ns3:Speed>0.0</ns3:Speed></ns3:TPX></Extensions></Trackpoint><Trackpoint><Time>2025-08-01T22:12:40Z</Time><HeartRateBpm><Value>106</Value></HeartRateBpm><Extensions><ns3:TPX><ns3:Speed>0.0</ns3:Speed></ns3:TPX></Extensions></Trackpoint><Trackpoint><Time>2025-08-01T22:12:45Z</Time><HeartRateBpm><Value>107</Value></HeartRateBpm><Extensions><ns3:TPX><ns3:Speed>0.0</ns3:Speed></ns3:TPX></Extensions></Trackpoint><Trackpoint><Time>2025-08-01T22:12:51Z</Time><HeartRateBpm><Value>107</Value></HeartRateBpm><Extensions><ns3:TPX><ns3:Speed>0.0</ns3:Speed></ns3:TPX></Extensions></Trackpoint><Trackpoint><Time>2025-08-01T22:12:53Z</Time><HeartRateBpm><Value>106</Value></HeartRateBpm><Extensions><ns3:TPX><ns3:Speed>0.0</ns3:Speed></ns3:TPX></Extensions></Trackpoint><Trackpoint><Time>2025-08-01T22:12:58Z</Time><HeartRateBpm><Value>106</Value></HeartRateBpm><Extensions><ns3:TPX><ns3:Speed>0.0</ns3:Speed></ns3:TPX></Extensions></Trackpoint><Trackpoint><Time>2025-08-01T22:12:59Z</Time><HeartRateBpm><Value>107</Value></HeartRateBpm><Extensions><ns3:TPX><ns3:Speed>0.0</ns3:Speed></ns3:TPX></Extensions></Trackpoint><Trackpoint><Time>2025-08-01T22:13:04Z</Time><HeartRateBpm><Value>107</Value></HeartRateBpm><Extensions><ns3:TPX><ns3:Speed>0.0</ns3:Speed></ns3:TPX></Extensions></Trackpoint><Trackpoint><Time>2025-08-01T22:13:10Z</Time><HeartRateBpm><Value>107</Value></HeartRateBpm><Extensions><ns3:TPX><ns3:Speed>0.0</ns3:Speed></ns3:TPX></Extensions></Trackpoint><Trackpoint><Time>2025-08-01T22:13:11Z</Time><HeartRateBpm><Value>108</Value></HeartRateBpm><Extensions><ns3:TPX><ns3:Speed>0.0</ns3:Speed></ns3:TPX></Extensions></Trackpoint><Trackpoint><Time>2025-08-01T22:13:12Z</Time><HeartRateBpm><Value>107</Value></HeartRateBpm><Extensions><ns3:TPX><ns3:Speed>0.0</ns3:Speed></ns3:TPX></Extensions></Trackpoint><Trackpoint><Time>2025-08-01T22:13:14Z</Time><HeartRateBpm><Value>108</Value></HeartRateBpm><Extensions><ns3:TPX><ns3:Speed>0.0</ns3:Speed></ns3:TPX></Extensions></Trackpoint><Trackpoint><Time>2025-08-01T22:13:16Z</Time><HeartRateBpm><Value>109</Value></HeartRateBpm><Extensions><ns3:TPX><ns3:Speed>0.0</ns3:Speed></ns3:TPX></Extensions></Trackpoint><Trackpoint><Time>2025-08-01T22:13:19Z</Time><HeartRateBpm><Value>110</Value></HeartRateBpm><Extensions><ns3:TPX><ns3:Speed>0.0</ns3:Speed></ns3:TPX></Extensions></Trackpoint><Trackpoint><Time>2025-08-01T22:13:22Z</Time><HeartRateBpm><Value>111</Value></HeartRateBpm><Extensions><ns3:TPX><ns3:Speed>0.0</ns3:Speed></ns3:TPX></Extensions></Trackpoint><Trackpoint><Time>2025-08-01T22:13:24Z</Time><HeartRateBpm><Value>110</Value></HeartRateBpm><Extensions><ns3:TPX><ns3:Speed>0.0</ns3:Speed></ns3:TPX></Extensions></Trackpoint><Trackpoint><Time>2025-08-01T22:13:29Z</Time><HeartRateBpm><Value>111</Value></HeartRateBpm><Extensions><ns3:TPX><ns3:Speed>0.0</ns3:Speed></ns3:TPX></Extensions></Trackpoint><Trackpoint><Time>2025-08-01T22:13:30Z</Time><HeartRateBpm><Value>113</Value></HeartRateBpm><Extensions><ns3:TPX><ns3:Speed>0.0</ns3:Speed></ns3:TPX></Extensions></Trackpoint><Trackpoint><Time>2025-08-01T22:13:31Z</Time><HeartRateBpm><Value>114</Value></HeartRateBpm><Extensions><ns3:TPX><ns3:Speed>0.0</ns3:Speed></ns3:TPX></Extensions></Trackpoint><Trackpoint><Time>2025-08-01T22:13:36Z</Time><HeartRateBpm><Value>115</Value></HeartRateBpm><Extensions><ns3:TPX><ns3:Speed>0.0</ns3:Speed></ns3:TPX></Extensions></Trackpoint><Trackpoint><Time>2025-08-01T22:13:37Z</Time><HeartRateBpm><Value>114</Value></HeartRateBpm><Extensions><ns3:TPX><ns3:Speed>0.0</ns3:Speed></ns3:TPX></Extensions></Trackpoint><Trackpoint><Time>2025-08-01T22:13:42Z</Time><HeartRateBpm><Value>114</Value></HeartRateBpm><Extensions><ns3:TPX><ns3:Speed>0.0</ns3:Speed></ns3:TPX></Extensions></Trackpoint><Trackpoint><Time>2025-08-01T22:13:43Z</Time><HeartRateBpm><Value>115</Value></HeartRateBpm><Extensions><ns3:TPX><ns3:Speed>0.0</ns3:Speed></ns3:TPX></Extensions></Trackpoint><Trackpoint><Time>2025-08-01T22:13:46Z</Time><HeartRateBpm><Value>116</Value></HeartRateBpm><Extensions><ns3:TPX><ns3:Speed>0.0</ns3:Speed></ns3:TPX></Extensions></Trackpoint><Trackpoint><Time>2025-08-01T22:13:47Z</Time><HeartRateBpm><Value>117</Value></HeartRateBpm><Extensions><ns3:TPX><ns3:Speed>0.0</ns3:Speed></ns3:TPX></Extensions></Trackpoint><Trackpoint><Time>2025-08-01T22:13:48Z</Time><HeartRateBpm><Value>118</Value></HeartRateBpm><Extensions><ns3:TPX><ns3:Speed>0.0</ns3:Speed></ns3:TPX></Extensions></Trackpoint><Trackpoint><Time>2025-08-01T22:13:49Z</Time><HeartRateBpm><Value>116</Value></HeartRateBpm><Extensions><ns3:TPX><ns3:Speed>0.0</ns3:Speed></ns3:TPX></Extensions></Trackpoint><Trackpoint><Time>2025-08-01T22:13:52Z</Time><HeartRateBpm><Value>117</Value></HeartRateBpm><Extensions><ns3:TPX><ns3:Speed>0.0</ns3:Speed></ns3:TPX></Extensions></Trackpoint><Trackpoint><Time>2025-08-01T22:13:53Z</Time><HeartRateBpm><Value>119</Value></HeartRateBpm><Extensions><ns3:TPX><ns3:Speed>0.0</ns3:Speed></ns3:TPX></Extensions></Trackpoint><Trackpoint><Time>2025-08-01T22:13:54Z</Time><HeartRateBpm><Value>121</Value></HeartRateBpm><Extensions><ns3:TPX><ns3:Speed>0.0</ns3:Speed></ns3:TPX></Extensions></Trackpoint><Trackpoint><Time>2025-08-01T22:13:59Z</Time><HeartRateBpm><Value>121</Value></HeartRateBpm><Extensions><ns3:TPX><ns3:Speed>0.0</ns3:Speed></ns3:TPX></Extensions></Trackpoint><Trackpoint><Time>2025-08-01T22:14:03Z</Time><HeartRateBpm><Value>123</Value></HeartRateBpm><Extensions><ns3:TPX><ns3:Speed>0.0</ns3:Speed></ns3:TPX></Extensions></Trackpoint><Trackpoint><Time>2025-08-01T22:14:07Z</Time><HeartRateBpm><Value>124</Value></HeartRateBpm><Extensions><ns3:TPX><ns3:Speed>0.0</ns3:Speed></ns3:TPX></Extensions></Trackpoint><Trackpoint><Time>2025-08-01T22:14:08Z</Time><HeartRateBpm><Value>125</Value></HeartRateBpm><Extensions><ns3:TPX><ns3:Speed>0.0</ns3:Speed></ns3:TPX></Extensions></Trackpoint><Trackpoint><Time>2025-08-01T22:14:09Z</Time><HeartRateBpm><Value>126</Value></HeartRateBpm><Extensions><ns3:TPX><ns3:Speed>0.0</ns3:Speed></ns3:TPX></Extensions></Trackpoint><Trackpoint><Time>2025-08-01T22:14:12Z</Time><HeartRateBpm><Value>127</Value></HeartRateBpm><Extensions><ns3:TPX><ns3:Speed>0.0</ns3:Speed></ns3:TPX></Extensions></Trackpoint><Trackpoint><Time>2025-08-01T22:14:15Z</Time><HeartRateBpm><Value>126</Value></HeartRateBpm><Extensions><ns3:TPX><ns3:Speed>0.0</ns3:Speed></ns3:TPX></Extensions></Trackpoint><Trackpoint><Time>2025-08-01T22:14:20Z</Time><HeartRateBpm><Value>125</Value></HeartRateBpm><Extensions><ns3:TPX><ns3:Speed>0.0</ns3:Speed></ns3:TPX></Extensions></Trackpoint><Trackpoint><Time>2025-08-01T22:14:24Z</Time><HeartRateBpm><Value>126</Value></HeartRateBpm><Extensions><ns3:TPX><ns3:Speed>0.0</ns3:Speed></ns3:TPX></Extensions></Trackpoint><Trackpoint><Time>2025-08-01T22:14:27Z</Time><HeartRateBpm><Value>127</Value></HeartRateBpm><Extensions><ns3:TPX><ns3:Speed>0.0</ns3:Speed></ns3:TPX></Extensions></Trackpoint><Trackpoint><Time>2025-08-01T22:14:29Z</Time><HeartRateBpm><Value>126</Value></HeartRateBpm><Extensions><ns3:TPX><ns3:Speed>0.0</ns3:Speed></ns3:TPX></Extensions></Trackpoint><Trackpoint><Time>2025-08-01T22:14:30Z</Time><HeartRateBpm><Value>125</Value></HeartRateBpm><Extensions><ns3:TPX><ns3:Speed>0.0</ns3:Speed></ns3:TPX></Extensions></Trackpoint><Trackpoint><Time>2025-08-01T22:14:32Z</Time><HeartRateBpm><Value>124</Value></HeartRateBpm><Extensions><ns3:TPX><ns3:Speed>0.0</ns3:Speed></ns3:TPX></Extensions></Trackpoint><Trackpoint><Time>2025-08-01T22:14:36Z</Time><HeartRateBpm><Value>122</Value></HeartRateBpm><Extensions><ns3:TPX><ns3:Speed>0.0</ns3:Speed></ns3:TPX></Extensions></Trackpoint><Trackpoint><Time>2025-08-01T22:14:38Z</Time><HeartRateBpm><Value>121</Value></HeartRateBpm><Extensions><ns3:TPX><ns3:Speed>0.0</ns3:Speed></ns3:TPX></Extensions></Trackpoint><Trackpoint><Time>2025-08-01T22:14:42Z</Time><HeartRateBpm><Value>122</Value></HeartRateBpm><Extensions><ns3:TPX><ns3:Speed>0.0</ns3:Speed></ns3:TPX></Extensions></Trackpoint><Trackpoint><Time>2025-08-01T22:14:48Z</Time><HeartRateBpm><Value>121</Value></HeartRateBpm><Extensions><ns3:TPX><ns3:Speed>0.0</ns3:Speed></ns3:TPX></Extensions></Trackpoint><Trackpoint><Time>2025-08-01T22:14:53Z</Time><HeartRateBpm><Value>121</Value></HeartRateBpm><Extensions><ns3:TPX><ns3:Speed>0.0</ns3:Speed></ns3:TPX></Extensions></Trackpoint><Trackpoint><Time>2025-08-01T22:14:54Z</Time><HeartRateBpm><Value>122</Value></HeartRateBpm><Extensions><ns3:TPX><ns3:Speed>0.0</ns3:Speed></ns3:TPX></Extensions></Trackpoint><Trackpoint><Time>2025-08-01T22:14:56Z</Time><HeartRateBpm><Value>123</Value></HeartRateBpm><Extensions><ns3:TPX><ns3:Speed>0.0</ns3:Speed></ns3:TPX></Extensions></Trackpoint><Trackpoint><Time>2025-08-01T22:14:57Z</Time><HeartRateBpm><Value>122</Value></HeartRateBpm><Extensions><ns3:TPX><ns3:Speed>0.0</ns3:Speed></ns3:TPX></Extensions></Trackpoint><Trackpoint><Time>2025-08-01T22:15:02Z</Time><HeartRateBpm><Value>121</Value></HeartRateBpm><Extensions><ns3:TPX><ns3:Speed>0.0</ns3:Speed></ns3:TPX></Extensions></Trackpoint><Trackpoint><Time>2025-08-01T22:15:06Z</Time><HeartRateBpm><Value>121</Value></HeartRateBpm><Extensions><ns3:TPX><ns3:Speed>0.0</ns3:Speed></ns3:TPX></Extensions></Trackpoint><Trackpoint><Time>2025-08-01T22:15:09Z</Time><HeartRateBpm><Value>120</Value></HeartRateBpm><Extensions><ns3:TPX><ns3:Speed>0.0</ns3:Speed></ns3:TPX></Extensions></Trackpoint><Trackpoint><Time>2025-08-01T22:15:14Z</Time><HeartRateBpm><Value>119</Value></HeartRateBpm><Extensions><ns3:TPX><ns3:Speed>0.0</ns3:Speed></ns3:TPX></Extensions></Trackpoint><Trackpoint><Time>2025-08-01T22:15:17Z</Time><HeartRateBpm><Value>118</Value></HeartRateBpm><Extensions><ns3:TPX><ns3:Speed>0.0</ns3:Speed></ns3:TPX></Extensions></Trackpoint><Trackpoint><Time>2025-08-01T22:15:20Z</Time><HeartRateBpm><Value>117</Value></HeartRateBpm><Extensions><ns3:TPX><ns3:Speed>0.0</ns3:Speed></ns3:TPX></Extensions></Trackpoint><Trackpoint><Time>2025-08-01T22:15:23Z</Time><HeartRateBpm><Value>116</Value></HeartRateBpm><Extensions><ns3:TPX><ns3:Speed>0.0</ns3:Speed></ns3:TPX></Extensions></Trackpoint><Trackpoint><Time>2025-08-01T22:15:24Z</Time><HeartRateBpm><Value>115</Value></HeartRateBpm><Extensions><ns3:TPX><ns3:Speed>0.0</ns3:Speed></ns3:TPX></Extensions></Trackpoint><Trackpoint><Time>2025-08-01T22:15:29Z</Time><HeartRateBpm><Value>115</Value></HeartRateBpm><Extensions><ns3:TPX><ns3:Speed>0.0</ns3:Speed></ns3:TPX></Extensions></Trackpoint><Trackpoint><Time>2025-08-01T22:15:30Z</Time><HeartRateBpm><Value>114</Value></HeartRateBpm><Extensions><ns3:TPX><ns3:Speed>0.0</ns3:Speed></ns3:TPX></Extensions></Trackpoint><Trackpoint><Time>2025-08-01T22:15:32Z</Time><HeartRateBpm><Value>113</Value></HeartRateBpm><Extensions><ns3:TPX><ns3:Speed>0.0</ns3:Speed></ns3:TPX></Extensions></Trackpoint><Trackpoint><Time>2025-08-01T22:15:35Z</Time><HeartRateBpm><Value>114</Value></HeartRateBpm><Extensions><ns3:TPX><ns3:Speed>0.0</ns3:Speed></ns3:TPX></Extensions></Trackpoint><Trackpoint><Time>2025-08-01T22:15:38Z</Time><HeartRateBpm><Value>116</Value></HeartRateBpm><Extensions><ns3:TPX><ns3:Speed>0.0</ns3:Speed></ns3:TPX></Extensions></Trackpoint><Trackpoint><Time>2025-08-01T22:15:39Z</Time><HeartRateBpm><Value>115</Value></HeartRateBpm><Extensions><ns3:TPX><ns3:Speed>0.0</ns3:Speed></ns3:TPX></Extensions></Trackpoint><Trackpoint><Time>2025-08-01T22:15:41Z</Time><HeartRateBpm><Value>114</Value></HeartRateBpm><Extensions><ns3:TPX><ns3:Speed>0.0</ns3:Speed></ns3:TPX></Extensions></Trackpoint><Trackpoint><Time>2025-08-01T22:15:42Z</Time><HeartRateBpm><Value>113</Value></HeartRateBpm><Extensions><ns3:TPX><ns3:Speed>0.0</ns3:Speed></ns3:TPX></Extensions></Trackpoint><Trackpoint><Time>2025-08-01T22:15:45Z</Time><HeartRateBpm><Value>114</Value></HeartRateBpm><Extensions><ns3:TPX><ns3:Speed>0.0</ns3:Speed></ns3:TPX></Extensions></Trackpoint><Trackpoint><Time>2025-08-01T22:15:47Z</Time><HeartRateBpm><Value>116</Value></HeartRateBpm><Extensions><ns3:TPX><ns3:Speed>0.0</ns3:Speed></ns3:TPX></Extensions></Trackpoint><Trackpoint><Time>2025-08-01T22:15:48Z</Time><HeartRateBpm><Value>117</Value></HeartRateBpm><Extensions><ns3:TPX><ns3:Speed>0.0</ns3:Speed></ns3:TPX></Extensions></Trackpoint><Trackpoint><Time>2025-08-01T22:15:49Z</Time><HeartRateBpm><Value>118</Value></HeartRateBpm><Extensions><ns3:TPX><ns3:Speed>0.0</ns3:Speed></ns3:TPX></Extensions></Trackpoint><Trackpoint><Time>2025-08-01T22:15:50Z</Time><HeartRateBpm><Value>120</Value></HeartRateBpm><Extensions><ns3:TPX><ns3:Speed>0.0</ns3:Speed></ns3:TPX></Extensions></Trackpoint><Trackpoint><Time>2025-08-01T22:15:54Z</Time><HeartRateBpm><Value>121</Value></HeartRateBpm><Extensions><ns3:TPX><ns3:Speed>0.0</ns3:Speed></ns3:TPX></Extensions></Trackpoint><Trackpoint><Time>2025-08-01T22:16:00Z</Time><HeartRateBpm><Value>122</Value></HeartRateBpm><Extensions><ns3:TPX><ns3:Speed>0.0</ns3:Speed></ns3:TPX></Extensions></Trackpoint><Trackpoint><Time>2025-08-01T22:16:01Z</Time><HeartRateBpm><Value>121</Value></HeartRateBpm><Extensions><ns3:TPX><ns3:Speed>0.0</ns3:Speed></ns3:TPX></Extensions></Trackpoint><Trackpoint><Time>2025-08-01T22:16:02Z</Time><HeartRateBpm><Value>122</Value></HeartRateBpm><Extensions><ns3:TPX><ns3:Speed>0.0</ns3:Speed></ns3:TPX></Extensions></Trackpoint><Trackpoint><Time>2025-08-01T22:16:03Z</Time><HeartRateBpm><Value>123</Value></HeartRateBpm><Extensions><ns3:TPX><ns3:Speed>0.0</ns3:Speed></ns3:TPX></Extensions></Trackpoint><Trackpoint><Time>2025-08-01T22:16:04Z</Time><HeartRateBpm><Value>124</Value></HeartRateBpm><Extensions><ns3:TPX><ns3:Speed>0.0</ns3:Speed></ns3:TPX></Extensions></Trackpoint><Trackpoint><Time>2025-08-01T22:16:06Z</Time><HeartRateBpm><Value>125</Value></HeartRateBpm><Extensions><ns3:TPX><ns3:Speed>0.0</ns3:Speed></ns3:TPX></Extensions></Trackpoint><Trackpoint><Time>2025-08-01T22:16:08Z</Time><HeartRateBpm><Value>123</Value></HeartRateBpm><Extensions><ns3:TPX><ns3:Speed>0.0</ns3:Speed></ns3:TPX></Extensions></Trackpoint><Trackpoint><Time>2025-08-01T22:16:10Z</Time><HeartRateBpm><Value>124</Value></HeartRateBpm><Extensions><ns3:TPX><ns3:Speed>0.0</ns3:Speed></ns3:TPX></Extensions></Trackpoint><Trackpoint><Time>2025-08-01T22:16:14Z</Time><HeartRateBpm><Value>125</Value></HeartRateBpm><Extensions><ns3:TPX><ns3:Speed>0.0</ns3:Speed></ns3:TPX></Extensions></Trackpoint><Trackpoint><Time>2025-08-01T22:16:18Z</Time><HeartRateBpm><Value>126</Value></HeartRateBpm><Extensions><ns3:TPX><ns3:Speed>0.0</ns3:Speed></ns3:TPX></Extensions></Trackpoint><Trackpoint><Time>2025-08-01T22:16:22Z</Time><HeartRateBpm><Value>125</Value></HeartRateBpm><Extensions><ns3:TPX><ns3:Speed>0.0</ns3:Speed></ns3:TPX></Extensions></Trackpoint><Trackpoint><Time>2025-08-01T22:16:24Z</Time><HeartRateBpm><Value>124</Value></HeartRateBpm><Extensions><ns3:TPX><ns3:Speed>0.0</ns3:Speed></ns3:TPX></Extensions></Trackpoint><Trackpoint><Time>2025-08-01T22:16:25Z</Time><HeartRateBpm><Value>123</Value></HeartRateBpm><Extensions><ns3:TPX><ns3:Speed>0.0</ns3:Speed></ns3:TPX></Extensions></Trackpoint><Trackpoint><Time>2025-08-01T22:16:27Z</Time><HeartRateBpm><Value>125</Value></HeartRateBpm><Extensions><ns3:TPX><ns3:Speed>0.0</ns3:Speed></ns3:TPX></Extensions></Trackpoint><Trackpoint><Time>2025-08-01T22:16:32Z</Time><HeartRateBpm><Value>125</Value></HeartRateBpm><Extensions><ns3:TPX><ns3:Speed>0.0</ns3:Speed></ns3:TPX></Extensions></Trackpoint><Trackpoint><Time>2025-08-01T22:16:33Z</Time><HeartRateBpm><Value>127</Value></HeartRateBpm><Extensions><ns3:TPX><ns3:Speed>0.0</ns3:Speed></ns3:TPX></Extensions></Trackpoint><Trackpoint><Time>2025-08-01T22:16:34Z</Time><HeartRateBpm><Value>128</Value></HeartRateBpm><Extensions><ns3:TPX><ns3:Speed>0.0</ns3:Speed></ns3:TPX></Extensions></Trackpoint><Trackpoint><Time>2025-08-01T22:16:39Z</Time><HeartRateBpm><Value>128</Value></HeartRateBpm><Extensions><ns3:TPX><ns3:Speed>0.0</ns3:Speed></ns3:TPX></Extensions></Trackpoint><Trackpoint><Time>2025-08-01T22:16:44Z</Time><HeartRateBpm><Value>128</Value></HeartRateBpm><Extensions><ns3:TPX><ns3:Speed>0.0</ns3:Speed></ns3:TPX></Extensions></Trackpoint><Trackpoint><Time>2025-08-01T22:16:48Z</Time><HeartRateBpm><Value>129</Value></HeartRateBpm><Extensions><ns3:TPX><ns3:Speed>0.0</ns3:Speed></ns3:TPX></Extensions></Trackpoint><Trackpoint><Time>2025-08-01T22:16:52Z</Time><HeartRateBpm><Value>129</Value></HeartRateBpm><Extensions><ns3:TPX><ns3:Speed>0.0</ns3:Speed></ns3:TPX></Extensions></Trackpoint><Trackpoint><Time>2025-08-01T22:16:54Z</Time><HeartRateBpm><Value>128</Value></HeartRateBpm><Extensions><ns3:TPX><ns3:Speed>0.0</ns3:Speed></ns3:TPX></Extensions></Trackpoint><Trackpoint><Time>2025-08-01T22:16:57Z</Time><HeartRateBpm><Value>127</Value></HeartRateBpm><Extensions><ns3:TPX><ns3:Speed>0.0</ns3:Speed></ns3:TPX></Extensions></Trackpoint><Trackpoint><Time>2025-08-01T22:16:58Z</Time><HeartRateBpm><Value>126</Value></HeartRateBpm><Extensions><ns3:TPX><ns3:Speed>0.0</ns3:Speed></ns3:TPX></Extensions></Trackpoint><Trackpoint><Time>2025-08-01T22:17:03Z</Time><HeartRateBpm><Value>127</Value></HeartRateBpm><Extensions><ns3:TPX><ns3:Speed>0.0</ns3:Speed></ns3:TPX></Extensions></Trackpoint><Trackpoint><Time>2025-08-01T22:17:04Z</Time><HeartRateBpm><Value>128</Value></HeartRateBpm><Extensions><ns3:TPX><ns3:Speed>0.0</ns3:Speed></ns3:TPX></Extensions></Trackpoint><Trackpoint><Time>2025-08-01T22:17:09Z</Time><HeartRateBpm><Value>129</Value></HeartRateBpm><Extensions><ns3:TPX><ns3:Speed>0.0</ns3:Speed></ns3:TPX></Extensions></Trackpoint><Trackpoint><Time>2025-08-01T22:17:13Z</Time><HeartRateBpm><Value>130</Value></HeartRateBpm><Extensions><ns3:TPX><ns3:Speed>0.0</ns3:Speed></ns3:TPX></Extensions></Trackpoint><Trackpoint><Time>2025-08-01T22:17:14Z</Time><HeartRateBpm><Value>129</Value></HeartRateBpm><Extensions><ns3:TPX><ns3:Speed>0.0</ns3:Speed></ns3:TPX></Extensions></Trackpoint><Trackpoint><Time>2025-08-01T22:17:19Z</Time><HeartRateBpm><Value>128</Value></HeartRateBpm><Extensions><ns3:TPX><ns3:Speed>0.0</ns3:Speed></ns3:TPX></Extensions></Trackpoint><Trackpoint><Time>2025-08-01T22:17:20Z</Time><HeartRateBpm><Value>126</Value></HeartRateBpm><Extensions><ns3:TPX><ns3:Speed>0.0</ns3:Speed></ns3:TPX></Extensions></Trackpoint><Trackpoint><Time>2025-08-01T22:17:21Z</Time><HeartRateBpm><Value>124</Value></HeartRateBpm><Extensions><ns3:TPX><ns3:Speed>0.0</ns3:Speed></ns3:TPX></Extensions></Trackpoint><Trackpoint><Time>2025-08-01T22:17:26Z</Time><HeartRateBpm><Value>124</Value></HeartRateBpm><Extensions><ns3:TPX><ns3:Speed>0.0</ns3:Speed></ns3:TPX></Extensions></Trackpoint><Trackpoint><Time>2025-08-01T22:17:27Z</Time><HeartRateBpm><Value>123</Value></HeartRateBpm><Extensions><ns3:TPX><ns3:Speed>0.0</ns3:Speed></ns3:TPX></Extensions></Trackpoint><Trackpoint><Time>2025-08-01T22:17:32Z</Time><HeartRateBpm><Value>123</Value></HeartRateBpm><Extensions><ns3:TPX><ns3:Speed>0.0</ns3:Speed></ns3:TPX></Extensions></Trackpoint><Trackpoint><Time>2025-08-01T22:17:37Z</Time><HeartRateBpm><Value>123</Value></HeartRateBpm><Extensions><ns3:TPX><ns3:Speed>0.0</ns3:Speed></ns3:TPX></Extensions></Trackpoint><Trackpoint><Time>2025-08-01T22:17:38Z</Time><HeartRateBpm><Value>122</Value></HeartRateBpm><Extensions><ns3:TPX><ns3:Speed>0.0</ns3:Speed></ns3:TPX></Extensions></Trackpoint><Trackpoint><Time>2025-08-01T22:17:39Z</Time><HeartRateBpm><Value>121</Value></HeartRateBpm><Extensions><ns3:TPX><ns3:Speed>0.0</ns3:Speed></ns3:TPX></Extensions></Trackpoint><Trackpoint><Time>2025-08-01T22:17:40Z</Time><HeartRateBpm><Value>120</Value></HeartRateBpm><Extensions><ns3:TPX><ns3:Speed>0.0</ns3:Speed></ns3:TPX></Extensions></Trackpoint><Trackpoint><Time>2025-08-01T22:17:41Z</Time><HeartRateBpm><Value>119</Value></HeartRateBpm><Extensions><ns3:TPX><ns3:Speed>0.0</ns3:Speed></ns3:TPX></Extensions></Trackpoint><Trackpoint><Time>2025-08-01T22:17:44Z</Time><HeartRateBpm><Value>117</Value></HeartRateBpm><Extensions><ns3:TPX><ns3:Speed>0.0</ns3:Speed></ns3:TPX></Extensions></Trackpoint><Trackpoint><Time>2025-08-01T22:17:49Z</Time><HeartRateBpm><Value>116</Value></HeartRateBpm><Extensions><ns3:TPX><ns3:Speed>0.0</ns3:Speed></ns3:TPX></Extensions></Trackpoint><Trackpoint><Time>2025-08-01T22:17:50Z</Time><HeartRateBpm><Value>115</Value></HeartRateBpm><Extensions><ns3:TPX><ns3:Speed>0.0</ns3:Speed></ns3:TPX></Extensions></Trackpoint><Trackpoint><Time>2025-08-01T22:17:55Z</Time><HeartRateBpm><Value>115</Value></HeartRateBpm><Extensions><ns3:TPX><ns3:Speed>0.0</ns3:Speed></ns3:TPX></Extensions></Trackpoint><Trackpoint><Time>2025-08-01T22:17:57Z</Time><HeartRateBpm><Value>114</Value></HeartRateBpm><Extensions><ns3:TPX><ns3:Speed>0.0</ns3:Speed></ns3:TPX></Extensions></Trackpoint><Trackpoint><Time>2025-08-01T22:18:02Z</Time><HeartRateBpm><Value>114</Value></HeartRateBpm><Extensions><ns3:TPX><ns3:Speed>0.0</ns3:Speed></ns3:TPX></Extensions></Trackpoint><Trackpoint><Time>2025-08-01T22:18:04Z</Time><HeartRateBpm><Value>115</Value></HeartRateBpm><Extensions><ns3:TPX><ns3:Speed>0.0</ns3:Speed></ns3:TPX></Extensions></Trackpoint><Trackpoint><Time>2025-08-01T22:18:09Z</Time><HeartRateBpm><Value>115</Value></HeartRateBpm><Extensions><ns3:TPX><ns3:Speed>0.0</ns3:Speed></ns3:TPX></Extensions></Trackpoint><Trackpoint><Time>2025-08-01T22:18:14Z</Time><HeartRateBpm><Value>114</Value></HeartRateBpm><Extensions><ns3:TPX><ns3:Speed>0.0</ns3:Speed></ns3:TPX></Extensions></Trackpoint><Trackpoint><Time>2025-08-01T22:18:15Z</Time><HeartRateBpm><Value>113</Value></HeartRateBpm><Extensions><ns3:TPX><ns3:Speed>0.0</ns3:Speed></ns3:TPX></Extensions></Trackpoint><Trackpoint><Time>2025-08-01T22:18:17Z</Time><HeartRateBpm><Value>112</Value></HeartRateBpm><Extensions><ns3:TPX><ns3:Speed>0.0</ns3:Speed></ns3:TPX></Extensions></Trackpoint><Trackpoint><Time>2025-08-01T22:18:19Z</Time><HeartRateBpm><Value>110</Value></HeartRateBpm><Extensions><ns3:TPX><ns3:Speed>0.0</ns3:Speed></ns3:TPX></Extensions></Trackpoint><Trackpoint><Time>2025-08-01T22:18:20Z</Time><HeartRateBpm><Value>109</Value></HeartRateBpm><Extensions><ns3:TPX><ns3:Speed>0.0</ns3:Speed></ns3:TPX></Extensions></Trackpoint><Trackpoint><Time>2025-08-01T22:18:23Z</Time><HeartRateBpm><Value>108</Value></HeartRateBpm><Extensions><ns3:TPX><ns3:Speed>0.0</ns3:Speed></ns3:TPX></Extensions></Trackpoint><Trackpoint><Time>2025-08-01T22:18:28Z</Time><HeartRateBpm><Value>108</Value></HeartRateBpm><Extensions><ns3:TPX><ns3:Speed>0.0</ns3:Speed></ns3:TPX></Extensions></Trackpoint><Trackpoint><Time>2025-08-01T22:18:29Z</Time><HeartRateBpm><Value>107</Value></HeartRateBpm><Extensions><ns3:TPX><ns3:Speed>0.0</ns3:Speed></ns3:TPX></Extensions></Trackpoint><Trackpoint><Time>2025-08-01T22:18:30Z</Time><HeartRateBpm><Value>106</Value></HeartRateBpm><Extensions><ns3:TPX><ns3:Speed>0.0</ns3:Speed></ns3:TPX></Extensions></Trackpoint><Trackpoint><Time>2025-08-01T22:18:33Z</Time><HeartRateBpm><Value>105</Value></HeartRateBpm><Extensions><ns3:TPX><ns3:Speed>0.0</ns3:Speed></ns3:TPX></Extensions></Trackpoint><Trackpoint><Time>2025-08-01T22:18:38Z</Time><HeartRateBpm><Value>105</Value></HeartRateBpm><Extensions><ns3:TPX><ns3:Speed>0.0</ns3:Speed></ns3:TPX></Extensions></Trackpoint><Trackpoint><Time>2025-08-01T22:18:44Z</Time><HeartRateBpm><Value>105</Value></HeartRateBpm><Extensions><ns3:TPX><ns3:Speed>0.0</ns3:Speed></ns3:TPX></Extensions></Trackpoint><Trackpoint><Time>2025-08-01T22:18:46Z</Time><HeartRateBpm><Value>104</Value></HeartRateBpm><Extensions><ns3:TPX><ns3:Speed>0.0</ns3:Speed></ns3:TPX></Extensions></Trackpoint><Trackpoint><Time>2025-08-01T22:18:47Z</Time><HeartRateBpm><Value>105</Value></HeartRateBpm><Extensions><ns3:TPX><ns3:Speed>0.0</ns3:Speed></ns3:TPX></Extensions></Trackpoint><Trackpoint><Time>2025-08-01T22:18:52Z</Time><HeartRateBpm><Value>105</Value></HeartRateBpm><Extensions><ns3:TPX><ns3:Speed>0.0</ns3:Speed></ns3:TPX></Extensions></Trackpoint><Trackpoint><Time>2025-08-01T22:18:54Z</Time><HeartRateBpm><Value>106</Value></HeartRateBpm><Extensions><ns3:TPX><ns3:Speed>0.0</ns3:Speed></ns3:TPX></Extensions></Trackpoint><Trackpoint><Time>2025-08-01T22:18:56Z</Time><HeartRateBpm><Value>107</Value></HeartRateBpm><Extensions><ns3:TPX><ns3:Speed>0.0</ns3:Speed></ns3:TPX></Extensions></Trackpoint><Trackpoint><Time>2025-08-01T22:18:58Z</Time><HeartRateBpm><Value>108</Value></HeartRateBpm><Extensions><ns3:TPX><ns3:Speed>0.0</ns3:Speed></ns3:TPX></Extensions></Trackpoint><Trackpoint><Time>2025-08-01T22:19:00Z</Time><HeartRateBpm><Value>107</Value></HeartRateBpm><Extensions><ns3:TPX><ns3:Speed>0.0</ns3:Speed></ns3:TPX></Extensions></Trackpoint><Trackpoint><Time>2025-08-01T22:19:02Z</Time><HeartRateBpm><Value>106</Value></HeartRateBpm><Extensions><ns3:TPX><ns3:Speed>0.0</ns3:Speed></ns3:TPX></Extensions></Trackpoint><Trackpoint><Time>2025-08-01T22:19:03Z</Time><HeartRateBpm><Value>105</Value></HeartRateBpm><Extensions><ns3:TPX><ns3:Speed>0.0</ns3:Speed></ns3:TPX></Extensions></Trackpoint><Trackpoint><Time>2025-08-01T22:19:05Z</Time><HeartRateBpm><Value>104</Value></HeartRateBpm><Extensions><ns3:TPX><ns3:Speed>0.0</ns3:Speed></ns3:TPX></Extensions></Trackpoint><Trackpoint><Time>2025-08-01T22:19:10Z</Time><HeartRateBpm><Value>103</Value></HeartRateBpm><Extensions><ns3:TPX><ns3:Speed>0.0</ns3:Speed></ns3:TPX></Extensions></Trackpoint><Trackpoint><Time>2025-08-01T22:19:15Z</Time><HeartRateBpm><Value>102</Value></HeartRateBpm><Extensions><ns3:TPX><ns3:Speed>0.0</ns3:Speed></ns3:TPX></Extensions></Trackpoint><Trackpoint><Time>2025-08-01T22:19:19Z</Time><HeartRateBpm><Value>102</Value></HeartRateBpm><Extensions><ns3:TPX><ns3:Speed>0.0</ns3:Speed></ns3:TPX></Extensions></Trackpoint><Trackpoint><Time>2025-08-01T22:19:21Z</Time><HeartRateBpm><Value>101</Value></HeartRateBpm><Extensions><ns3:TPX><ns3:Speed>0.0</ns3:Speed></ns3:TPX></Extensions></Trackpoint><Trackpoint><Time>2025-08-01T22:19:23Z</Time><HeartRateBpm><Value>100</Value></HeartRateBpm><Extensions><ns3:TPX><ns3:Speed>0.0</ns3:Speed></ns3:TPX></Extensions></Trackpoint><Trackpoint><Time>2025-08-01T22:19:27Z</Time><HeartRateBpm><Value>101</Value></HeartRateBpm><Extensions><ns3:TPX><ns3:Speed>0.0</ns3:Speed></ns3:TPX></Extensions></Trackpoint><Trackpoint><Time>2025-08-01T22:19:28Z</Time><HeartRateBpm><Value>102</Value></HeartRateBpm><Extensions><ns3:TPX><ns3:Speed>0.0</ns3:Speed></ns3:TPX></Extensions></Trackpoint><Trackpoint><Time>2025-08-01T22:19:29Z</Time><HeartRateBpm><Value>104</Value></HeartRateBpm><Extensions><ns3:TPX><ns3:Speed>0.0</ns3:Speed></ns3:TPX></Extensions></Trackpoint><Trackpoint><Time>2025-08-01T22:19:34Z</Time><HeartRateBpm><Value>104</Value></HeartRateBpm><Extensions><ns3:TPX><ns3:Speed>0.0</ns3:Speed></ns3:TPX></Extensions></Trackpoint><Trackpoint><Time>2025-08-01T22:19:37Z</Time><HeartRateBpm><Value>105</Value></HeartRateBpm><Extensions><ns3:TPX><ns3:Speed>0.0</ns3:Speed></ns3:TPX></Extensions></Trackpoint><Trackpoint><Time>2025-08-01T22:19:41Z</Time><HeartRateBpm><Value>106</Value></HeartRateBpm><Extensions><ns3:TPX><ns3:Speed>0.0</ns3:Speed></ns3:TPX></Extensions></Trackpoint><Trackpoint><Time>2025-08-01T22:19:45Z</Time><HeartRateBpm><Value>107</Value></HeartRateBpm><Extensions><ns3:TPX><ns3:Speed>0.0</ns3:Speed></ns3:TPX></Extensions></Trackpoint><Trackpoint><Time>2025-08-01T22:19:47Z</Time><HeartRateBpm><Value>108</Value></HeartRateBpm><Extensions><ns3:TPX><ns3:Speed>0.0</ns3:Speed></ns3:TPX></Extensions></Trackpoint><Trackpoint><Time>2025-08-01T22:19:48Z</Time><HeartRateBpm><Value>109</Value></HeartRateBpm><Extensions><ns3:TPX><ns3:Speed>0.0</ns3:Speed></ns3:TPX></Extensions></Trackpoint><Trackpoint><Time>2025-08-01T22:19:50Z</Time><HeartRateBpm><Value>110</Value></HeartRateBpm><Extensions><ns3:TPX><ns3:Speed>0.0</ns3:Speed></ns3:TPX></Extensions></Trackpoint><Trackpoint><Time>2025-08-01T22:19:53Z</Time><HeartRateBpm><Value>111</Value></HeartRateBpm><Extensions><ns3:TPX><ns3:Speed>0.0</ns3:Speed></ns3:TPX></Extensions></Trackpoint><Trackpoint><Time>2025-08-01T22:19:54Z</Time><HeartRateBpm><Value>112</Value></HeartRateBpm><Extensions><ns3:TPX><ns3:Speed>0.0</ns3:Speed></ns3:TPX></Extensions></Trackpoint><Trackpoint><Time>2025-08-01T22:19:58Z</Time><HeartRateBpm><Value>114</Value></HeartRateBpm><Extensions><ns3:TPX><ns3:Speed>0.0</ns3:Speed></ns3:TPX></Extensions></Trackpoint><Trackpoint><Time>2025-08-01T22:19:59Z</Time><HeartRateBpm><Value>115</Value></HeartRateBpm><Extensions><ns3:TPX><ns3:Speed>0.0</ns3:Speed></ns3:TPX></Extensions></Trackpoint><Trackpoint><Time>2025-08-01T22:20:04Z</Time><HeartRateBpm><Value>115</Value></HeartRateBpm><Extensions><ns3:TPX><ns3:Speed>0.0</ns3:Speed></ns3:TPX></Extensions></Trackpoint><Trackpoint><Time>2025-08-01T22:20:06Z</Time><HeartRateBpm><Value>114</Value></HeartRateBpm><Extensions><ns3:TPX><ns3:Speed>0.0</ns3:Speed></ns3:TPX></Extensions></Trackpoint><Trackpoint><Time>2025-08-01T22:20:11Z</Time><HeartRateBpm><Value>114</Value></HeartRateBpm><Extensions><ns3:TPX><ns3:Speed>0.0</ns3:Speed></ns3:TPX></Extensions></Trackpoint><Trackpoint><Time>2025-08-01T22:20:15Z</Time><HeartRateBpm><Value>112</Value></HeartRateBpm><Extensions><ns3:TPX><ns3:Speed>0.0</ns3:Speed></ns3:TPX></Extensions></Trackpoint><Trackpoint><Time>2025-08-01T22:20:16Z</Time><HeartRateBpm><Value>111</Value></HeartRateBpm><Extensions><ns3:TPX><ns3:Speed>0.0</ns3:Speed></ns3:TPX></Extensions></Trackpoint><Trackpoint><Time>2025-08-01T22:20:21Z</Time><HeartRateBpm><Value>111</Value></HeartRateBpm><Extensions><ns3:TPX><ns3:Speed>0.0</ns3:Speed></ns3:TPX></Extensions></Trackpoint><Trackpoint><Time>2025-08-01T22:20:23Z</Time><HeartRateBpm><Value>110</Value></HeartRateBpm><Extensions><ns3:TPX><ns3:Speed>0.0</ns3:Speed></ns3:TPX></Extensions></Trackpoint><Trackpoint><Time>2025-08-01T22:20:28Z</Time><HeartRateBpm><Value>110</Value></HeartRateBpm><Extensions><ns3:TPX><ns3:Speed>0.0</ns3:Speed></ns3:TPX></Extensions></Trackpoint><Trackpoint><Time>2025-08-01T22:20:30Z</Time><HeartRateBpm><Value>109</Value></HeartRateBpm><Extensions><ns3:TPX><ns3:Speed>0.0</ns3:Speed></ns3:TPX></Extensions></Trackpoint><Trackpoint><Time>2025-08-01T22:20:32Z</Time><HeartRateBpm><Value>108</Value></HeartRateBpm><Extensions><ns3:TPX><ns3:Speed>0.0</ns3:Speed></ns3:TPX></Extensions></Trackpoint><Trackpoint><Time>2025-08-01T22:20:34Z</Time><HeartRateBpm><Value>107</Value></HeartRateBpm><Extensions><ns3:TPX><ns3:Speed>0.0</ns3:Speed></ns3:TPX></Extensions></Trackpoint><Trackpoint><Time>2025-08-01T22:20:35Z</Time><HeartRateBpm><Value>105</Value></HeartRateBpm><Extensions><ns3:TPX><ns3:Speed>0.0</ns3:Speed></ns3:TPX></Extensions></Trackpoint><Trackpoint><Time>2025-08-01T22:20:36Z</Time><HeartRateBpm><Value>104</Value></HeartRateBpm><Extensions><ns3:TPX><ns3:Speed>0.0</ns3:Speed></ns3:TPX></Extensions></Trackpoint><Trackpoint><Time>2025-08-01T22:20:41Z</Time><HeartRateBpm><Value>102</Value></HeartRateBpm><Extensions><ns3:TPX><ns3:Speed>0.0</ns3:Speed></ns3:TPX></Extensions></Trackpoint><Trackpoint><Time>2025-08-01T22:20:42Z</Time><HeartRateBpm><Value>101</Value></HeartRateBpm><Extensions><ns3:TPX><ns3:Speed>0.0</ns3:Speed></ns3:TPX></Extensions></Trackpoint><Trackpoint><Time>2025-08-01T22:20:45Z</Time><HeartRateBpm><Value>100</Value></HeartRateBpm><Extensions><ns3:TPX><ns3:Speed>0.0</ns3:Speed></ns3:TPX></Extensions></Trackpoint><Trackpoint><Time>2025-08-01T22:20:47Z</Time><HeartRateBpm><Value>99</Value></HeartRateBpm><Extensions><ns3:TPX><ns3:Speed>0.0</ns3:Speed></ns3:TPX></Extensions></Trackpoint><Trackpoint><Time>2025-08-01T22:20:49Z</Time><HeartRateBpm><Value>98</Value></HeartRateBpm><Extensions><ns3:TPX><ns3:Speed>0.0</ns3:Speed></ns3:TPX></Extensions></Trackpoint><Trackpoint><Time>2025-08-01T22:20:54Z</Time><HeartRateBpm><Value>98</Value></HeartRateBpm><Extensions><ns3:TPX><ns3:Speed>0.0</ns3:Speed></ns3:TPX></Extensions></Trackpoint><Trackpoint><Time>2025-08-01T22:20:59Z</Time><HeartRateBpm><Value>97</Value></HeartRateBpm><Extensions><ns3:TPX><ns3:Speed>0.0</ns3:Speed></ns3:TPX></Extensions></Trackpoint><Trackpoint><Time>2025-08-01T22:21:00Z</Time><HeartRateBpm><Value>96</Value></HeartRateBpm><Extensions><ns3:TPX><ns3:Speed>0.0</ns3:Speed></ns3:TPX></Extensions></Trackpoint><Trackpoint><Time>2025-08-01T22:21:05Z</Time><HeartRateBpm><Value>96</Value></HeartRateBpm><Extensions><ns3:TPX><ns3:Speed>0.0</ns3:Speed></ns3:TPX></Extensions></Trackpoint><Trackpoint><Time>2025-08-01T22:21:07Z</Time><HeartRateBpm><Value>94</Value></HeartRateBpm><Extensions><ns3:TPX><ns3:Speed>0.0</ns3:Speed></ns3:TPX></Extensions></Trackpoint><Trackpoint><Time>2025-08-01T22:21:09Z</Time><HeartRateBpm><Value>89</Value></HeartRateBpm><Extensions><ns3:TPX><ns3:Speed>0.0</ns3:Speed></ns3:TPX></Extensions></Trackpoint><Trackpoint><Time>2025-08-01T22:21:10Z</Time><HeartRateBpm><Value>87</Value></HeartRateBpm><Extensions><ns3:TPX><ns3:Speed>0.0</ns3:Speed></ns3:TPX></Extensions></Trackpoint><Trackpoint><Time>2025-08-01T22:21:11Z</Time><HeartRateBpm><Value>86</Value></HeartRateBpm><Extensions><ns3:TPX><ns3:Speed>0.0</ns3:Speed></ns3:TPX></Extensions></Trackpoint><Trackpoint><Time>2025-08-01T22:21:12Z</Time><HeartRateBpm><Value>83</Value></HeartRateBpm><Extensions><ns3:TPX><ns3:Speed>0.0</ns3:Speed></ns3:TPX></Extensions></Trackpoint><Trackpoint><Time>2025-08-01T22:21:13Z</Time><HeartRateBpm><Value>81</Value></HeartRateBpm><Extensions><ns3:TPX><ns3:Speed>0.0</ns3:Speed></ns3:TPX></Extensions></Trackpoint><Trackpoint><Time>2025-08-01T22:21:15Z</Time><HeartRateBpm><Value>79</Value></HeartRateBpm><Extensions><ns3:TPX><ns3:Speed>0.0</ns3:Speed></ns3:TPX></Extensions></Trackpoint><Trackpoint><Time>2025-08-01T22:21:21Z</Time><HeartRateBpm><Value>79</Value></HeartRateBpm><Extensions><ns3:TPX><ns3:Speed>0.0</ns3:Speed></ns3:TPX></Extensions></Trackpoint><Trackpoint><Time>2025-08-01T22:21:23Z</Time><HeartRateBpm><Value>78</Value></HeartRateBpm><Extensions><ns3:TPX><ns3:Speed>0.0</ns3:Speed></ns3:TPX></Extensions></Trackpoint><Trackpoint><Time>2025-08-01T22:21:28Z</Time><HeartRateBpm><Value>78</Value></HeartRateBpm><Extensions><ns3:TPX><ns3:Speed>0.0</ns3:Speed></ns3:TPX></Extensions></Trackpoint><Trackpoint><Time>2025-08-01T22:21:31Z</Time><HeartRateBpm><Value>77</Value></HeartRateBpm><Extensions><ns3:TPX><ns3:Speed>0.0</ns3:Speed></ns3:TPX></Extensions></Trackpoint><Trackpoint><Time>2025-08-01T22:21:32Z</Time><HeartRateBpm><Value>76</Value></HeartRateBpm><Extensions><ns3:TPX><ns3:Speed>0.0</ns3:Speed></ns3:TPX></Extensions></Trackpoint><Trackpoint><Time>2025-08-01T22:21:34Z</Time><HeartRateBpm><Value>75</Value></HeartRateBpm><Extensions><ns3:TPX><ns3:Speed>0.0</ns3:Speed></ns3:TPX></Extensions></Trackpoint><Trackpoint><Time>2025-08-01T22:21:40Z</Time><HeartRateBpm><Value>75</Value></HeartRateBpm><Extensions><ns3:TPX><ns3:Speed>0.0</ns3:Speed></ns3:TPX></Extensions></Trackpoint><Trackpoint><Time>2025-08-01T22:21:46Z</Time><HeartRateBpm><Value>75</Value></HeartRateBpm><Extensions><ns3:TPX><ns3:Speed>0.0</ns3:Speed></ns3:TPX></Extensions></Trackpoint><Trackpoint><Time>2025-08-01T22:21:48Z</Time><HeartRateBpm><Value>74</Value></HeartRateBpm><Extensions><ns3:TPX><ns3:Speed>0.0</ns3:Speed></ns3:TPX></Extensions></Trackpoint><Trackpoint><Time>2025-08-01T22:21:53Z</Time><HeartRateBpm><Value>74</Value></HeartRateBpm><Extensions><ns3:TPX><ns3:Speed>0.0</ns3:Speed></ns3:TPX></Extensions></Trackpoint><Trackpoint><Time>2025-08-01T22:21:58Z</Time><HeartRateBpm><Value>74</Value></HeartRateBpm><Extensions><ns3:TPX><ns3:Speed>0.0</ns3:Speed></ns3:TPX></Extensions></Trackpoint><Trackpoint><Time>2025-08-01T22:22:04Z</Time><HeartRateBpm><Value>73</Value></HeartRateBpm><Extensions><ns3:TPX><ns3:Speed>0.0</ns3:Speed></ns3:TPX></Extensions></Trackpoint><Trackpoint><Time>2025-08-01T22:22:06Z</Time><HeartRateBpm><Value>72</Value></HeartRateBpm><Extensions><ns3:TPX><ns3:Speed>0.0</ns3:Speed></ns3:TPX></Extensions></Trackpoint><Trackpoint><Time>2025-08-01T22:22:07Z</Time><HeartRateBpm><Value>71</Value></HeartRateBpm><Extensions><ns3:TPX><ns3:Speed>0.0</ns3:Speed></ns3:TPX></Extensions></Trackpoint><Trackpoint><Time>2025-08-01T22:22:12Z</Time><HeartRateBpm><Value>71</Value></HeartRateBpm><Extensions><ns3:TPX><ns3:Speed>0.0</ns3:Speed></ns3:TPX></Extensions></Trackpoint><Trackpoint><Time>2025-08-01T22:22:13Z</Time><HeartRateBpm><Value>70</Value></HeartRateBpm><Extensions><ns3:TPX><ns3:Speed>0.0</ns3:Speed></ns3:TPX></Extensions></Trackpoint><Trackpoint><Time>2025-08-01T22:22:14Z</Time><HeartRateBpm><Value>71</Value></HeartRateBpm><Extensions><ns3:TPX><ns3:Speed>0.0</ns3:Speed></ns3:TPX></Extensions></Trackpoint><Trackpoint><Time>2025-08-01T22:22:16Z</Time><HeartRateBpm><Value>72</Value></HeartRateBpm><Extensions><ns3:TPX><ns3:Speed>0.0</ns3:Speed></ns3:TPX></Extensions></Trackpoint><Trackpoint><Time>2025-08-01T22:22:17Z</Time><HeartRateBpm><Value>73</Value></HeartRateBpm><Extensions><ns3:TPX><ns3:Speed>0.0</ns3:Speed></ns3:TPX></Extensions></Trackpoint><Trackpoint><Time>2025-08-01T22:22:18Z</Time><HeartRateBpm><Value>74</Value></HeartRateBpm><Extensions><ns3:TPX><ns3:Speed>0.0</ns3:Speed></ns3:TPX></Extensions></Trackpoint><Trackpoint><Time>2025-08-01T22:22:19Z</Time><HeartRateBpm><Value>79</Value></HeartRateBpm><Extensions><ns3:TPX><ns3:Speed>0.0</ns3:Speed></ns3:TPX></Extensions></Trackpoint><Trackpoint><Time>2025-08-01T22:22:20Z</Time><HeartRateBpm><Value>80</Value></HeartRateBpm><Extensions><ns3:TPX><ns3:Speed>0.0</ns3:Speed></ns3:TPX></Extensions></Trackpoint><Trackpoint><Time>2025-08-01T22:22:22Z</Time><HeartRateBpm><Value>82</Value></HeartRateBpm><Extensions><ns3:TPX><ns3:Speed>0.0</ns3:Speed></ns3:TPX></Extensions></Trackpoint><Trackpoint><Time>2025-08-01T22:22:23Z</Time><HeartRateBpm><Value>83</Value></HeartRateBpm><Extensions><ns3:TPX><ns3:Speed>0.0</ns3:Speed></ns3:TPX></Extensions></Trackpoint><Trackpoint><Time>2025-08-01T22:22:24Z</Time><HeartRateBpm><Value>84</Value></HeartRateBpm><Extensions><ns3:TPX><ns3:Speed>0.0</ns3:Speed></ns3:TPX></Extensions></Trackpoint><Trackpoint><Time>2025-08-01T22:22:25Z</Time><HeartRateBpm><Value>80</Value></HeartRateBpm><Extensions><ns3:TPX><ns3:Speed>0.0</ns3:Speed></ns3:TPX></Extensions></Trackpoint><Trackpoint><Time>2025-08-01T22:22:26Z</Time><HeartRateBpm><Value>84</Value></HeartRateBpm><Extensions><ns3:TPX><ns3:Speed>0.0</ns3:Speed></ns3:TPX></Extensions></Trackpoint><Trackpoint><Time>2025-08-01T22:22:27Z</Time><HeartRateBpm><Value>85</Value></HeartRateBpm><Extensions><ns3:TPX><ns3:Speed>0.0</ns3:Speed></ns3:TPX></Extensions></Trackpoint><Trackpoint><Time>2025-08-01T22:22:29Z</Time><HeartRateBpm><Value>87</Value></HeartRateBpm><Extensions><ns3:TPX><ns3:Speed>0.0</ns3:Speed></ns3:TPX></Extensions></Trackpoint><Trackpoint><Time>2025-08-01T22:22:33Z</Time><HeartRateBpm><Value>86</Value></HeartRateBpm><Extensions><ns3:TPX><ns3:Speed>0.0</ns3:Speed></ns3:TPX></Extensions></Trackpoint><Trackpoint><Time>2025-08-01T22:22:35Z</Time><HeartRateBpm><Value>81</Value></HeartRateBpm><Extensions><ns3:TPX><ns3:Speed>0.0</ns3:Speed></ns3:TPX></Extensions></Trackpoint><Trackpoint><Time>2025-08-01T22:22:37Z</Time><HeartRateBpm><Value>75</Value></HeartRateBpm><Extensions><ns3:TPX><ns3:Speed>0.0</ns3:Speed></ns3:TPX></Extensions></Trackpoint><Trackpoint><Time>2025-08-01T22:22:38Z</Time><HeartRateBpm><Value>74</Value></HeartRateBpm><Extensions><ns3:TPX><ns3:Speed>0.0</ns3:Speed></ns3:TPX></Extensions></Trackpoint><Trackpoint><Time>2025-08-01T22:22:41Z</Time><HeartRateBpm><Value>76</Value></HeartRateBpm><Extensions><ns3:TPX><ns3:Speed>0.0</ns3:Speed></ns3:TPX></Extensions></Trackpoint><Trackpoint><Time>2025-08-01T22:22:42Z</Time><HeartRateBpm><Value>81</Value></HeartRateBpm><Extensions><ns3:TPX><ns3:Speed>0.0</ns3:Speed></ns3:TPX></Extensions></Trackpoint><Trackpoint><Time>2025-08-01T22:22:43Z</Time><HeartRateBpm><Value>84</Value></HeartRateBpm><Extensions><ns3:TPX><ns3:Speed>0.0</ns3:Speed></ns3:TPX></Extensions></Trackpoint><Trackpoint><Time>2025-08-01T22:22:44Z</Time><HeartRateBpm><Value>83</Value></HeartRateBpm><Extensions><ns3:TPX><ns3:Speed>0.0</ns3:Speed></ns3:TPX></Extensions></Trackpoint><Trackpoint><Time>2025-08-01T22:22:45Z</Time><HeartRateBpm><Value>84</Value></HeartRateBpm><Extensions><ns3:TPX><ns3:Speed>0.0</ns3:Speed></ns3:TPX></Extensions></Trackpoint><Trackpoint><Time>2025-08-01T22:22:48Z</Time><HeartRateBpm><Value>83</Value></HeartRateBpm><Extensions><ns3:TPX><ns3:Speed>0.0</ns3:Speed></ns3:TPX></Extensions></Trackpoint><Trackpoint><Time>2025-08-01T22:22:49Z</Time><HeartRateBpm><Value>81</Value></HeartRateBpm><Extensions><ns3:TPX><ns3:Speed>0.0</ns3:Speed></ns3:TPX></Extensions></Trackpoint><Trackpoint><Time>2025-08-01T22:22:50Z</Time><HeartRateBpm><Value>80</Value></HeartRateBpm><Extensions><ns3:TPX><ns3:Speed>0.0</ns3:Speed></ns3:TPX></Extensions></Trackpoint><Trackpoint><Time>2025-08-01T22:22:51Z</Time><HeartRateBpm><Value>79</Value></HeartRateBpm><Extensions><ns3:TPX><ns3:Speed>0.0</ns3:Speed></ns3:TPX></Extensions></Trackpoint><Trackpoint><Time>2025-08-01T22:22:55Z</Time><HeartRateBpm><Value>78</Value></HeartRateBpm><Extensions><ns3:TPX><ns3:Speed>0.0</ns3:Speed></ns3:TPX></Extensions></Trackpoint><Trackpoint><Time>2025-08-01T22:22:57Z</Time><HeartRateBpm><Value>77</Value></HeartRateBpm><Extensions><ns3:TPX><ns3:Speed>0.0</ns3:Speed></ns3:TPX></Extensions></Trackpoint><Trackpoint><Time>2025-08-01T22:23:00Z</Time><HeartRateBpm><Value>78</Value></HeartRateBpm><Extensions><ns3:TPX><ns3:Speed>0.0</ns3:Speed></ns3:TPX></Extensions></Trackpoint><Trackpoint><Time>2025-08-01T22:23:01Z</Time><HeartRateBpm><Value>79</Value></HeartRateBpm><Extensions><ns3:TPX><ns3:Speed>0.0</ns3:Speed></ns3:TPX></Extensions></Trackpoint><Trackpoint><Time>2025-08-01T22:23:05Z</Time><HeartRateBpm><Value>78</Value></HeartRateBpm><Extensions><ns3:TPX><ns3:Speed>0.0</ns3:Speed></ns3:TPX></Extensions></Trackpoint><Trackpoint><Time>2025-08-01T22:23:07Z</Time><HeartRateBpm><Value>77</Value></HeartRateBpm><Extensions><ns3:TPX><ns3:Speed>0.0</ns3:Speed></ns3:TPX></Extensions></Trackpoint><Trackpoint><Time>2025-08-01T22:23:12Z</Time><HeartRateBpm><Value>77</Value></HeartRateBpm><Extensions><ns3:TPX><ns3:Speed>0.0</ns3:Speed></ns3:TPX></Extensions></Trackpoint><Trackpoint><Time>2025-08-01T22:23:13Z</Time><HeartRateBpm><Value>76</Value></HeartRateBpm><Extensions><ns3:TPX><ns3:Speed>0.0</ns3:Speed></ns3:TPX></Extensions></Trackpoint><Trackpoint><Time>2025-08-01T22:23:17Z</Time><HeartRateBpm><Value>78</Value></HeartRateBpm><Extensions><ns3:TPX><ns3:Speed>0.0</ns3:Speed></ns3:TPX></Extensions></Trackpoint><Trackpoint><Time>2025-08-01T22:23:18Z</Time><HeartRateBpm><Value>79</Value></HeartRateBpm><Extensions><ns3:TPX><ns3:Speed>0.0</ns3:Speed></ns3:TPX></Extensions></Trackpoint><Trackpoint><Time>2025-08-01T22:23:19Z</Time><HeartRateBpm><Value>80</Value></HeartRateBpm><Extensions><ns3:TPX><ns3:Speed>0.0</ns3:Speed></ns3:TPX></Extensions></Trackpoint><Trackpoint><Time>2025-08-01T22:23:20Z</Time><HeartRateBpm><Value>81</Value></HeartRateBpm><Extensions><ns3:TPX><ns3:Speed>0.0</ns3:Speed></ns3:TPX></Extensions></Trackpoint><Trackpoint><Time>2025-08-01T22:23:25Z</Time><HeartRateBpm><Value>81</Value></HeartRateBpm><Extensions><ns3:TPX><ns3:Speed>0.0</ns3:Speed></ns3:TPX></Extensions></Trackpoint><Trackpoint><Time>2025-08-01T22:23:26Z</Time><HeartRateBpm><Value>82</Value></HeartRateBpm><Extensions><ns3:TPX><ns3:Speed>0.0</ns3:Speed></ns3:TPX></Extensions></Trackpoint><Trackpoint><Time>2025-08-01T22:23:27Z</Time><HeartRateBpm><Value>83</Value></HeartRateBpm><Extensions><ns3:TPX><ns3:Speed>0.0</ns3:Speed></ns3:TPX></Extensions></Trackpoint><Trackpoint><Time>2025-08-01T22:23:29Z</Time><HeartRateBpm><Value>84</Value></HeartRateBpm><Extensions><ns3:TPX><ns3:Speed>0.0</ns3:Speed></ns3:TPX></Extensions></Trackpoint><Trackpoint><Time>2025-08-01T22:23:30Z</Time><HeartRateBpm><Value>85</Value></HeartRateBpm><Extensions><ns3:TPX><ns3:Speed>0.0</ns3:Speed></ns3:TPX></Extensions></Trackpoint><Trackpoint><Time>2025-08-01T22:23:31Z</Time><HeartRateBpm><Value>86</Value></HeartRateBpm><Extensions><ns3:TPX><ns3:Speed>0.0</ns3:Speed></ns3:TPX></Extensions></Trackpoint><Trackpoint><Time>2025-08-01T22:23:33Z</Time><HeartRateBpm><Value>85</Value></HeartRateBpm><Extensions><ns3:TPX><ns3:Speed>0.0</ns3:Speed></ns3:TPX></Extensions></Trackpoint><Trackpoint><Time>2025-08-01T22:23:35Z</Time><HeartRateBpm><Value>86</Value></HeartRateBpm><Extensions><ns3:TPX><ns3:Speed>0.0</ns3:Speed></ns3:TPX></Extensions></Trackpoint><Trackpoint><Time>2025-08-01T22:23:38Z</Time><HeartRateBpm><Value>87</Value></HeartRateBpm><Extensions><ns3:TPX><ns3:Speed>0.0</ns3:Speed></ns3:TPX></Extensions></Trackpoint><Trackpoint><Time>2025-08-01T22:23:41Z</Time><HeartRateBpm><Value>88</Value></HeartRateBpm><Extensions><ns3:TPX><ns3:Speed>0.0</ns3:Speed></ns3:TPX></Extensions></Trackpoint><Trackpoint><Time>2025-08-01T22:23:42Z</Time><HeartRateBpm><Value>89</Value></HeartRateBpm><Extensions><ns3:TPX><ns3:Speed>0.0</ns3:Speed></ns3:TPX></Extensions></Trackpoint><Trackpoint><Time>2025-08-01T22:23:44Z</Time><HeartRateBpm><Value>88</Value></HeartRateBpm><Extensions><ns3:TPX><ns3:Speed>0.0</ns3:Speed></ns3:TPX></Extensions></Trackpoint><Trackpoint><Time>2025-08-01T22:23:45Z</Time><HeartRateBpm><Value>87</Value></HeartRateBpm><Extensions><ns3:TPX><ns3:Speed>0.0</ns3:Speed></ns3:TPX></Extensions></Trackpoint><Trackpoint><Time>2025-08-01T22:23:49Z</Time><HeartRateBpm><Value>88</Value></HeartRateBpm><Extensions><ns3:TPX><ns3:Speed>0.0</ns3:Speed></ns3:TPX></Extensions></Trackpoint><Trackpoint><Time>2025-08-01T22:23:50Z</Time><HeartRateBpm><Value>89</Value></HeartRateBpm><Extensions><ns3:TPX><ns3:Speed>0.0</ns3:Speed></ns3:TPX></Extensions></Trackpoint><Trackpoint><Time>2025-08-01T22:23:52Z</Time><HeartRateBpm><Value>90</Value></HeartRateBpm><Extensions><ns3:TPX><ns3:Speed>0.0</ns3:Speed></ns3:TPX></Extensions></Trackpoint><Trackpoint><Time>2025-08-01T22:23:53Z</Time><HeartRateBpm><Value>91</Value></HeartRateBpm><Extensions><ns3:TPX><ns3:Speed>0.0</ns3:Speed></ns3:TPX></Extensions></Trackpoint><Trackpoint><Time>2025-08-01T22:23:59Z</Time><HeartRateBpm><Value>90</Value></HeartRateBpm><Extensions><ns3:TPX><ns3:Speed>0.0</ns3:Speed></ns3:TPX></Extensions></Trackpoint><Trackpoint><Time>2025-08-01T22:24:01Z</Time><HeartRateBpm><Value>91</Value></HeartRateBpm><Extensions><ns3:TPX><ns3:Speed>0.0</ns3:Speed></ns3:TPX></Extensions></Trackpoint><Trackpoint><Time>2025-08-01T22:24:06Z</Time><HeartRateBpm><Value>91</Value></HeartRateBpm><Extensions><ns3:TPX><ns3:Speed>0.0</ns3:Speed></ns3:TPX></Extensions></Trackpoint><Trackpoint><Time>2025-08-01T22:24:09Z</Time><HeartRateBpm><Value>92</Value></HeartRateBpm><Extensions><ns3:TPX><ns3:Speed>0.0</ns3:Speed></ns3:TPX></Extensions></Trackpoint><Trackpoint><Time>2025-08-01T22:24:12Z</Time><HeartRateBpm><Value>94</Value></HeartRateBpm><Extensions><ns3:TPX><ns3:Speed>0.0</ns3:Speed></ns3:TPX></Extensions></Trackpoint><Trackpoint><Time>2025-08-01T22:24:14Z</Time><HeartRateBpm><Value>95</Value></HeartRateBpm><Extensions><ns3:TPX><ns3:Speed>0.0</ns3:Speed></ns3:TPX></Extensions></Trackpoint><Trackpoint><Time>2025-08-01T22:24:15Z</Time><HeartRateBpm><Value>96</Value></HeartRateBpm><Extensions><ns3:TPX><ns3:Speed>0.0</ns3:Speed></ns3:TPX></Extensions></Trackpoint><Trackpoint><Time>2025-08-01T22:24:18Z</Time><HeartRateBpm><Value>97</Value></HeartRateBpm><Extensions><ns3:TPX><ns3:Speed>0.0</ns3:Speed></ns3:TPX></Extensions></Trackpoint><Trackpoint><Time>2025-08-01T22:24:20Z</Time><HeartRateBpm><Value>98</Value></HeartRateBpm><Extensions><ns3:TPX><ns3:Speed>0.0</ns3:Speed></ns3:TPX></Extensions></Trackpoint><Trackpoint><Time>2025-08-01T22:24:21Z</Time><HeartRateBpm><Value>100</Value></HeartRateBpm><Extensions><ns3:TPX><ns3:Speed>0.0</ns3:Speed></ns3:TPX></Extensions></Trackpoint><Trackpoint><Time>2025-08-01T22:24:25Z</Time><HeartRateBpm><Value>99</Value></HeartRateBpm><Extensions><ns3:TPX><ns3:Speed>0.0</ns3:Speed></ns3:TPX></Extensions></Trackpoint><Trackpoint><Time>2025-08-01T22:24:26Z</Time><HeartRateBpm><Value>100</Value></HeartRateBpm><Extensions><ns3:TPX><ns3:Speed>0.0</ns3:Speed></ns3:TPX></Extensions></Trackpoint><Trackpoint><Time>2025-08-01T22:24:30Z</Time><HeartRateBpm><Value>99</Value></HeartRateBpm><Extensions><ns3:TPX><ns3:Speed>0.0</ns3:Speed></ns3:TPX></Extensions></Trackpoint><Trackpoint><Time>2025-08-01T22:24:31Z</Time><HeartRateBpm><Value>98</Value></HeartRateBpm><Extensions><ns3:TPX><ns3:Speed>0.0</ns3:Speed></ns3:TPX></Extensions></Trackpoint><Trackpoint><Time>2025-08-01T22:24:32Z</Time><HeartRateBpm><Value>97</Value></HeartRateBpm><Extensions><ns3:TPX><ns3:Speed>0.0</ns3:Speed></ns3:TPX></Extensions></Trackpoint><Trackpoint><Time>2025-08-01T22:24:35Z</Time><HeartRateBpm><Value>96</Value></HeartRateBpm><Extensions><ns3:TPX><ns3:Speed>0.0</ns3:Speed></ns3:TPX></Extensions></Trackpoint><Trackpoint><Time>2025-08-01T22:24:37Z</Time><HeartRateBpm><Value>97</Value></HeartRateBpm><Extensions><ns3:TPX><ns3:Speed>0.0</ns3:Speed></ns3:TPX></Extensions></Trackpoint><Trackpoint><Time>2025-08-01T22:24:38Z</Time><HeartRateBpm><Value>99</Value></HeartRateBpm><Extensions><ns3:TPX><ns3:Speed>0.0</ns3:Speed></ns3:TPX></Extensions></Trackpoint><Trackpoint><Time>2025-08-01T22:24:42Z</Time><HeartRateBpm><Value>100</Value></HeartRateBpm><Extensions><ns3:TPX><ns3:Speed>0.0</ns3:Speed></ns3:TPX></Extensions></Trackpoint><Trackpoint><Time>2025-08-01T22:24:45Z</Time><HeartRateBpm><Value>99</Value></HeartRateBpm><Extensions><ns3:TPX><ns3:Speed>0.0</ns3:Speed></ns3:TPX></Extensions></Trackpoint><Trackpoint><Time>2025-08-01T22:24:47Z</Time><HeartRateBpm><Value>98</Value></HeartRateBpm><Extensions><ns3:TPX><ns3:Speed>0.0</ns3:Speed></ns3:TPX></Extensions></Trackpoint><Trackpoint><Time>2025-08-01T22:24:48Z</Time><HeartRateBpm><Value>97</Value></HeartRateBpm><Extensions><ns3:TPX><ns3:Speed>0.0</ns3:Speed></ns3:TPX></Extensions></Trackpoint><Trackpoint><Time>2025-08-01T22:24:50Z</Time><HeartRateBpm><Value>95</Value></HeartRateBpm><Extensions><ns3:TPX><ns3:Speed>0.0</ns3:Speed></ns3:TPX></Extensions></Trackpoint><Trackpoint><Time>2025-08-01T22:24:53Z</Time><HeartRateBpm><Value>96</Value></HeartRateBpm><Extensions><ns3:TPX><ns3:Speed>0.0</ns3:Speed></ns3:TPX></Extensions></Trackpoint><Trackpoint><Time>2025-08-01T22:24:55Z</Time><HeartRateBpm><Value>94</Value></HeartRateBpm><Extensions><ns3:TPX><ns3:Speed>0.0</ns3:Speed></ns3:TPX></Extensions></Trackpoint><Trackpoint><Time>2025-08-01T22:24:56Z</Time><HeartRateBpm><Value>93</Value></HeartRateBpm><Extensions><ns3:TPX><ns3:Speed>0.0</ns3:Speed></ns3:TPX></Extensions></Trackpoint><Trackpoint><Time>2025-08-01T22:24:57Z</Time><HeartRateBpm><Value>94</Value></HeartRateBpm><Extensions><ns3:TPX><ns3:Speed>0.0</ns3:Speed></ns3:TPX></Extensions></Trackpoint><Trackpoint><Time>2025-08-01T22:25:01Z</Time><HeartRateBpm><Value>95</Value></HeartRateBpm><Extensions><ns3:TPX><ns3:Speed>0.0</ns3:Speed></ns3:TPX></Extensions></Trackpoint><Trackpoint><Time>2025-08-01T22:25:02Z</Time><HeartRateBpm><Value>97</Value></HeartRateBpm><Extensions><ns3:TPX><ns3:Speed>0.0</ns3:Speed></ns3:TPX></Extensions></Trackpoint><Trackpoint><Time>2025-08-01T22:25:06Z</Time><HeartRateBpm><Value>96</Value></HeartRateBpm><Extensions><ns3:TPX><ns3:Speed>0.0</ns3:Speed></ns3:TPX></Extensions></Trackpoint><Trackpoint><Time>2025-08-01T22:25:07Z</Time><HeartRateBpm><Value>95</Value></HeartRateBpm><Extensions><ns3:TPX><ns3:Speed>0.0</ns3:Speed></ns3:TPX></Extensions></Trackpoint><Trackpoint><Time>2025-08-01T22:25:10Z</Time><HeartRateBpm><Value>94</Value></HeartRateBpm><Extensions><ns3:TPX><ns3:Speed>0.0</ns3:Speed></ns3:TPX></Extensions></Trackpoint><Trackpoint><Time>2025-08-01T22:25:13Z</Time><HeartRateBpm><Value>95</Value></HeartRateBpm><Extensions><ns3:TPX><ns3:Speed>0.0</ns3:Speed></ns3:TPX></Extensions></Trackpoint><Trackpoint><Time>2025-08-01T22:25:14Z</Time><HeartRateBpm><Value>97</Value></HeartRateBpm><Extensions><ns3:TPX><ns3:Speed>0.0</ns3:Speed></ns3:TPX></Extensions></Trackpoint><Trackpoint><Time>2025-08-01T22:25:19Z</Time><HeartRateBpm><Value>98</Value></HeartRateBpm><Extensions><ns3:TPX><ns3:Speed>0.0</ns3:Speed></ns3:TPX></Extensions></Trackpoint><Trackpoint><Time>2025-08-01T22:25:20Z</Time><HeartRateBpm><Value>97</Value></HeartRateBpm><Extensions><ns3:TPX><ns3:Speed>0.0</ns3:Speed></ns3:TPX></Extensions></Trackpoint><Trackpoint><Time>2025-08-01T22:25:22Z</Time><HeartRateBpm><Value>96</Value></HeartRateBpm><Extensions><ns3:TPX><ns3:Speed>0.0</ns3:Speed></ns3:TPX></Extensions></Trackpoint><Trackpoint><Time>2025-08-01T22:25:24Z</Time><HeartRateBpm><Value>95</Value></HeartRateBpm><Extensions><ns3:TPX><ns3:Speed>0.0</ns3:Speed></ns3:TPX></Extensions></Trackpoint><Trackpoint><Time>2025-08-01T22:25:26Z</Time><HeartRateBpm><Value>98</Value></HeartRateBpm><Extensions><ns3:TPX><ns3:Speed>0.0</ns3:Speed></ns3:TPX></Extensions></Trackpoint><Trackpoint><Time>2025-08-01T22:25:28Z</Time><HeartRateBpm><Value>97</Value></HeartRateBpm><Extensions><ns3:TPX><ns3:Speed>0.0</ns3:Speed></ns3:TPX></Extensions></Trackpoint><Trackpoint><Time>2025-08-01T22:25:33Z</Time><HeartRateBpm><Value>98</Value></HeartRateBpm><Extensions><ns3:TPX><ns3:Speed>0.0</ns3:Speed></ns3:TPX></Extensions></Trackpoint><Trackpoint><Time>2025-08-01T22:25:34Z</Time><HeartRateBpm><Value>100</Value></HeartRateBpm><Extensions><ns3:TPX><ns3:Speed>0.0</ns3:Speed></ns3:TPX></Extensions></Trackpoint><Trackpoint><Time>2025-08-01T22:25:39Z</Time><HeartRateBpm><Value>100</Value></HeartRateBpm><Extensions><ns3:TPX><ns3:Speed>0.0</ns3:Speed></ns3:TPX></Extensions></Trackpoint><Trackpoint><Time>2025-08-01T22:25:40Z</Time><HeartRateBpm><Value>101</Value></HeartRateBpm><Extensions><ns3:TPX><ns3:Speed>0.0</ns3:Speed></ns3:TPX></Extensions></Trackpoint><Trackpoint><Time>2025-08-01T22:25:43Z</Time><HeartRateBpm><Value>102</Value></HeartRateBpm><Extensions><ns3:TPX><ns3:Speed>0.0</ns3:Speed></ns3:TPX></Extensions></Trackpoint><Trackpoint><Time>2025-08-01T22:25:44Z</Time><HeartRateBpm><Value>104</Value></HeartRateBpm><Extensions><ns3:TPX><ns3:Speed>0.0</ns3:Speed></ns3:TPX></Extensions></Trackpoint><Trackpoint><Time>2025-08-01T22:25:47Z</Time><HeartRateBpm><Value>101</Value></HeartRateBpm><Extensions><ns3:TPX><ns3:Speed>0.0</ns3:Speed></ns3:TPX></Extensions></Trackpoint><Trackpoint><Time>2025-08-01T22:25:49Z</Time><HeartRateBpm><Value>102</Value></HeartRateBpm><Extensions><ns3:TPX><ns3:Speed>0.0</ns3:Speed></ns3:TPX></Extensions></Trackpoint><Trackpoint><Time>2025-08-01T22:25:51Z</Time><HeartRateBpm><Value>104</Value></HeartRateBpm><Extensions><ns3:TPX><ns3:Speed>0.0</ns3:Speed></ns3:TPX></Extensions></Trackpoint><Trackpoint><Time>2025-08-01T22:25:52Z</Time><HeartRateBpm><Value>105</Value></HeartRateBpm><Extensions><ns3:TPX><ns3:Speed>0.0</ns3:Speed></ns3:TPX></Extensions></Trackpoint><Trackpoint><Time>2025-08-01T22:25:57Z</Time><HeartRateBpm><Value>106</Value></HeartRateBpm><Extensions><ns3:TPX><ns3:Speed>0.0</ns3:Speed></ns3:TPX></Extensions></Trackpoint><Trackpoint><Time>2025-08-01T22:26:01Z</Time><HeartRateBpm><Value>107</Value></HeartRateBpm><Extensions><ns3:TPX><ns3:Speed>0.0</ns3:Speed></ns3:TPX></Extensions></Trackpoint><Trackpoint><Time>2025-08-01T22:26:02Z</Time><HeartRateBpm><Value>108</Value></HeartRateBpm><Extensions><ns3:TPX><ns3:Speed>0.0</ns3:Speed></ns3:TPX></Extensions></Trackpoint><Trackpoint><Time>2025-08-01T22:26:07Z</Time><HeartRateBpm><Value>108</Value></HeartRateBpm><Extensions><ns3:TPX><ns3:Speed>0.0</ns3:Speed></ns3:TPX></Extensions></Trackpoint><Trackpoint><Time>2025-08-01T22:26:12Z</Time><HeartRateBpm><Value>106</Value></HeartRateBpm><Extensions><ns3:TPX><ns3:Speed>0.0</ns3:Speed></ns3:TPX></Extensions></Trackpoint><Trackpoint><Time>2025-08-01T22:26:13Z</Time><HeartRateBpm><Value>104</Value></HeartRateBpm><Extensions><ns3:TPX><ns3:Speed>0.0</ns3:Speed></ns3:TPX></Extensions></Trackpoint><Trackpoint><Time>2025-08-01T22:26:14Z</Time><HeartRateBpm><Value>102</Value></HeartRateBpm><Extensions><ns3:TPX><ns3:Speed>0.0</ns3:Speed></ns3:TPX></Extensions></Trackpoint><Trackpoint><Time>2025-08-01T22:26:15Z</Time><HeartRateBpm><Value>100</Value></HeartRateBpm><Extensions><ns3:TPX><ns3:Speed>0.0</ns3:Speed></ns3:TPX></Extensions></Trackpoint><Trackpoint><Time>2025-08-01T22:26:16Z</Time><HeartRateBpm><Value>99</Value></HeartRateBpm><Extensions><ns3:TPX><ns3:Speed>0.0</ns3:Speed></ns3:TPX></Extensions></Trackpoint><Trackpoint><Time>2025-08-01T22:26:18Z</Time><HeartRateBpm><Value>98</Value></HeartRateBpm><Extensions><ns3:TPX><ns3:Speed>0.0</ns3:Speed></ns3:TPX></Extensions></Trackpoint><Trackpoint><Time>2025-08-01T22:26:19Z</Time><HeartRateBpm><Value>96</Value></HeartRateBpm><Extensions><ns3:TPX><ns3:Speed>0.0</ns3:Speed></ns3:TPX></Extensions></Trackpoint><Trackpoint><Time>2025-08-01T22:26:22Z</Time><HeartRateBpm><Value>97</Value></HeartRateBpm><Extensions><ns3:TPX><ns3:Speed>0.0</ns3:Speed></ns3:TPX></Extensions></Trackpoint><Trackpoint><Time>2025-08-01T22:26:23Z</Time><HeartRateBpm><Value>98</Value></HeartRateBpm><Extensions><ns3:TPX><ns3:Speed>0.0</ns3:Speed></ns3:TPX></Extensions></Trackpoint><Trackpoint><Time>2025-08-01T22:26:28Z</Time><HeartRateBpm><Value>98</Value></HeartRateBpm><Extensions><ns3:TPX><ns3:Speed>0.0</ns3:Speed></ns3:TPX></Extensions></Trackpoint><Trackpoint><Time>2025-08-01T22:26:29Z</Time><HeartRateBpm><Value>99</Value></HeartRateBpm><Extensions><ns3:TPX><ns3:Speed>0.0</ns3:Speed></ns3:TPX></Extensions></Trackpoint><Trackpoint><Time>2025-08-01T22:26:31Z</Time><HeartRateBpm><Value>98</Value></HeartRateBpm><Extensions><ns3:TPX><ns3:Speed>0.0</ns3:Speed></ns3:TPX></Extensions></Trackpoint><Trackpoint><Time>2025-08-01T22:26:32Z</Time><HeartRateBpm><Value>97</Value></HeartRateBpm><Extensions><ns3:TPX><ns3:Speed>0.0</ns3:Speed></ns3:TPX></Extensions></Trackpoint><Trackpoint><Time>2025-08-01T22:26:33Z</Time><HeartRateBpm><Value>95</Value></HeartRateBpm><Extensions><ns3:TPX><ns3:Speed>0.0</ns3:Speed></ns3:TPX></Extensions></Trackpoint><Trackpoint><Time>2025-08-01T22:26:35Z</Time><HeartRateBpm><Value>94</Value></HeartRateBpm><Extensions><ns3:TPX><ns3:Speed>0.0</ns3:Speed></ns3:TPX></Extensions></Trackpoint><Trackpoint><Time>2025-08-01T22:26:40Z</Time><HeartRateBpm><Value>94</Value></HeartRateBpm><Extensions><ns3:TPX><ns3:Speed>0.0</ns3:Speed></ns3:TPX></Extensions></Trackpoint><Trackpoint><Time>2025-08-01T22:26:41Z</Time><HeartRateBpm><Value>93</Value></HeartRateBpm><Extensions><ns3:TPX><ns3:Speed>0.0</ns3:Speed></ns3:TPX></Extensions></Trackpoint><Trackpoint><Time>2025-08-01T22:26:44Z</Time><HeartRateBpm><Value>91</Value></HeartRateBpm><Extensions><ns3:TPX><ns3:Speed>0.0</ns3:Speed></ns3:TPX></Extensions></Trackpoint><Trackpoint><Time>2025-08-01T22:26:45Z</Time><HeartRateBpm><Value>90</Value></HeartRateBpm><Extensions><ns3:TPX><ns3:Speed>0.0</ns3:Speed></ns3:TPX></Extensions></Trackpoint><Trackpoint><Time>2025-08-01T22:26:47Z</Time><HeartRateBpm><Value>89</Value></HeartRateBpm><Extensions><ns3:TPX><ns3:Speed>0.0</ns3:Speed></ns3:TPX></Extensions></Trackpoint><Trackpoint><Time>2025-08-01T22:26:50Z</Time><HeartRateBpm><Value>89</Value></HeartRateBpm><Extensions><ns3:TPX><ns3:Speed>0.0</ns3:Speed></ns3:TPX></Extensions></Trackpoint><Trackpoint><Time>2025-08-01T22:26:53Z</Time><HeartRateBpm><Value>88</Value></HeartRateBpm><Extensions><ns3:TPX><ns3:Speed>0.0</ns3:Speed></ns3:TPX></Extensions></Trackpoint><Trackpoint><Time>2025-08-01T22:26:58Z</Time><HeartRateBpm><Value>87</Value></HeartRateBpm><Extensions><ns3:TPX><ns3:Speed>0.0</ns3:Speed></ns3:TPX></Extensions></Trackpoint><Trackpoint><Time>2025-08-01T22:27:03Z</Time><HeartRateBpm><Value>87</Value></HeartRateBpm><Extensions><ns3:TPX><ns3:Speed>0.0</ns3:Speed></ns3:TPX></Extensions></Trackpoint><Trackpoint><Time>2025-08-01T22:27:08Z</Time><HeartRateBpm><Value>87</Value></HeartRateBpm><Extensions><ns3:TPX><ns3:Speed>0.0</ns3:Speed></ns3:TPX></Extensions></Trackpoint><Trackpoint><Time>2025-08-01T22:27:09Z</Time><HeartRateBpm><Value>86</Value></HeartRateBpm><Extensions><ns3:TPX><ns3:Speed>0.0</ns3:Speed></ns3:TPX></Extensions></Trackpoint><Trackpoint><Time>2025-08-01T22:27:10Z</Time><HeartRateBpm><Value>85</Value></HeartRateBpm><Extensions><ns3:TPX><ns3:Speed>0.0</ns3:Speed></ns3:TPX></Extensions></Trackpoint><Trackpoint><Time>2025-08-01T22:27:13Z</Time><HeartRateBpm><Value>84</Value></HeartRateBpm><Extensions><ns3:TPX><ns3:Speed>0.0</ns3:Speed></ns3:TPX></Extensions></Trackpoint><Trackpoint><Time>2025-08-01T22:27:19Z</Time><HeartRateBpm><Value>84</Value></HeartRateBpm><Extensions><ns3:TPX><ns3:Speed>0.0</ns3:Speed></ns3:TPX></Extensions></Trackpoint><Trackpoint><Time>2025-08-01T22:27:21Z</Time><HeartRateBpm><Value>85</Value></HeartRateBpm><Extensions><ns3:TPX><ns3:Speed>0.0</ns3:Speed></ns3:TPX></Extensions></Trackpoint><Trackpoint><Time>2025-08-01T22:27:26Z</Time><HeartRateBpm><Value>85</Value></HeartRateBpm><Extensions><ns3:TPX><ns3:Speed>0.0</ns3:Speed></ns3:TPX></Extensions></Trackpoint><Trackpoint><Time>2025-08-01T22:27:28Z</Time><HeartRateBpm><Value>86</Value></HeartRateBpm><Extensions><ns3:TPX><ns3:Speed>0.0</ns3:Speed></ns3:TPX></Extensions></Trackpoint><Trackpoint><Time>2025-08-01T22:27:29Z</Time><HeartRateBpm><Value>87</Value></HeartRateBpm><Extensions><ns3:TPX><ns3:Speed>0.0</ns3:Speed></ns3:TPX></Extensions></Trackpoint><Trackpoint><Time>2025-08-01T22:27:31Z</Time><HeartRateBpm><Value>88</Value></HeartRateBpm><Extensions><ns3:TPX><ns3:Speed>0.0</ns3:Speed></ns3:TPX></Extensions></Trackpoint><Trackpoint><Time>2025-08-01T22:27:35Z</Time><HeartRateBpm><Value>88</Value></HeartRateBpm><Extensions><ns3:TPX><ns3:Speed>0.0</ns3:Speed></ns3:TPX></Extensions></Trackpoint><Trackpoint><Time>2025-08-01T22:27:40Z</Time><HeartRateBpm><Value>88</Value></HeartRateBpm><Extensions><ns3:TPX><ns3:Speed>0.0</ns3:Speed></ns3:TPX></Extensions></Trackpoint><Trackpoint><Time>2025-08-01T22:27:45Z</Time><HeartRateBpm><Value>89</Value></HeartRateBpm><Extensions><ns3:TPX><ns3:Speed>0.0</ns3:Speed></ns3:TPX></Extensions></Trackpoint><Trackpoint><Time>2025-08-01T22:27:46Z</Time><HeartRateBpm><Value>88</Value></HeartRateBpm><Extensions><ns3:TPX><ns3:Speed>0.0</ns3:Speed></ns3:TPX></Extensions></Trackpoint><Trackpoint><Time>2025-08-01T22:27:47Z</Time><HeartRateBpm><Value>89</Value></HeartRateBpm><Extensions><ns3:TPX><ns3:Speed>0.0</ns3:Speed></ns3:TPX></Extensions></Trackpoint><Trackpoint><Time>2025-08-01T22:27:48Z</Time><HeartRateBpm><Value>90</Value></HeartRateBpm><Extensions><ns3:TPX><ns3:Speed>0.0</ns3:Speed></ns3:TPX></Extensions></Trackpoint><Trackpoint><Time>2025-08-01T22:27:49Z</Time><HeartRateBpm><Value>91</Value></HeartRateBpm><Extensions><ns3:TPX><ns3:Speed>0.0</ns3:Speed></ns3:TPX></Extensions></Trackpoint><Trackpoint><Time>2025-08-01T22:27:50Z</Time><HeartRateBpm><Value>92</Value></HeartRateBpm><Extensions><ns3:TPX><ns3:Speed>0.0</ns3:Speed></ns3:TPX></Extensions></Trackpoint><Trackpoint><Time>2025-08-01T22:27:55Z</Time><HeartRateBpm><Value>92</Value></HeartRateBpm><Extensions><ns3:TPX><ns3:Speed>0.0</ns3:Speed></ns3:TPX></Extensions></Trackpoint><Trackpoint><Time>2025-08-01T22:28:01Z</Time><HeartRateBpm><Value>93</Value></HeartRateBpm><Extensions><ns3:TPX><ns3:Speed>0.0</ns3:Speed></ns3:TPX></Extensions></Trackpoint><Trackpoint><Time>2025-08-01T22:28:03Z</Time><HeartRateBpm><Value>92</Value></HeartRateBpm><Extensions><ns3:TPX><ns3:Speed>0.0</ns3:Speed></ns3:TPX></Extensions></Trackpoint><Trackpoint><Time>2025-08-01T22:28:08Z</Time><HeartRateBpm><Value>94</Value></HeartRateBpm><Extensions><ns3:TPX><ns3:Speed>0.0</ns3:Speed></ns3:TPX></Extensions></Trackpoint><Trackpoint><Time>2025-08-01T22:28:09Z</Time><HeartRateBpm><Value>95</Value></HeartRateBpm><Extensions><ns3:TPX><ns3:Speed>0.0</ns3:Speed></ns3:TPX></Extensions></Trackpoint><Trackpoint><Time>2025-08-01T22:28:10Z</Time><HeartRateBpm><Value>96</Value></HeartRateBpm><Extensions><ns3:TPX><ns3:Speed>0.0</ns3:Speed></ns3:TPX></Extensions></Trackpoint><Trackpoint><Time>2025-08-01T22:28:13Z</Time><HeartRateBpm><Value>97</Value></HeartRateBpm><Extensions><ns3:TPX><ns3:Speed>0.0</ns3:Speed></ns3:TPX></Extensions></Trackpoint><Trackpoint><Time>2025-08-01T22:28:14Z</Time><HeartRateBpm><Value>98</Value></HeartRateBpm><Extensions><ns3:TPX><ns3:Speed>0.0</ns3:Speed></ns3:TPX></Extensions></Trackpoint><Trackpoint><Time>2025-08-01T22:28:16Z</Time><HeartRateBpm><Value>96</Value></HeartRateBpm><Extensions><ns3:TPX><ns3:Speed>0.0</ns3:Speed></ns3:TPX></Extensions></Trackpoint><Trackpoint><Time>2025-08-01T22:28:20Z</Time><HeartRateBpm><Value>98</Value></HeartRateBpm><Extensions><ns3:TPX><ns3:Speed>0.0</ns3:Speed></ns3:TPX></Extensions></Trackpoint><Trackpoint><Time>2025-08-01T22:28:21Z</Time><HeartRateBpm><Value>99</Value></HeartRateBpm><Extensions><ns3:TPX><ns3:Speed>0.0</ns3:Speed></ns3:TPX></Extensions></Trackpoint><Trackpoint><Time>2025-08-01T22:28:22Z</Time><HeartRateBpm><Value>100</Value></HeartRateBpm><Extensions><ns3:TPX><ns3:Speed>0.0</ns3:Speed></ns3:TPX></Extensions></Trackpoint><Trackpoint><Time>2025-08-01T22:28:23Z</Time><HeartRateBpm><Value>101</Value></HeartRateBpm><Extensions><ns3:TPX><ns3:Speed>0.0</ns3:Speed></ns3:TPX></Extensions></Trackpoint><Trackpoint><Time>2025-08-01T22:28:25Z</Time><HeartRateBpm><Value>100</Value></HeartRateBpm><Extensions><ns3:TPX><ns3:Speed>0.0</ns3:Speed></ns3:TPX></Extensions></Trackpoint><Trackpoint><Time>2025-08-01T22:28:26Z</Time><HeartRateBpm><Value>102</Value></HeartRateBpm><Extensions><ns3:TPX><ns3:Speed>0.0</ns3:Speed></ns3:TPX></Extensions></Trackpoint><Trackpoint><Time>2025-08-01T22:28:27Z</Time><HeartRateBpm><Value>107</Value></HeartRateBpm><Extensions><ns3:TPX><ns3:Speed>0.0</ns3:Speed></ns3:TPX></Extensions></Trackpoint><Trackpoint><Time>2025-08-01T22:28:28Z</Time><HeartRateBpm><Value>104</Value></HeartRateBpm><Extensions><ns3:TPX><ns3:Speed>0.0</ns3:Speed></ns3:TPX></Extensions></Trackpoint><Trackpoint><Time>2025-08-01T22:28:29Z</Time><HeartRateBpm><Value>105</Value></HeartRateBpm><Extensions><ns3:TPX><ns3:Speed>0.0</ns3:Speed></ns3:TPX></Extensions></Trackpoint><Trackpoint><Time>2025-08-01T22:28:31Z</Time><HeartRateBpm><Value>103</Value></HeartRateBpm><Extensions><ns3:TPX><ns3:Speed>0.0</ns3:Speed></ns3:TPX></Extensions></Trackpoint><Trackpoint><Time>2025-08-01T22:28:33Z</Time><HeartRateBpm><Value>105</Value></HeartRateBpm><Extensions><ns3:TPX><ns3:Speed>0.0</ns3:Speed></ns3:TPX></Extensions></Trackpoint><Trackpoint><Time>2025-08-01T22:28:34Z</Time><HeartRateBpm><Value>107</Value></HeartRateBpm><Extensions><ns3:TPX><ns3:Speed>0.0</ns3:Speed></ns3:TPX></Extensions></Trackpoint><Trackpoint><Time>2025-08-01T22:28:39Z</Time><HeartRateBpm><Value>107</Value></HeartRateBpm><Extensions><ns3:TPX><ns3:Speed>0.0</ns3:Speed></ns3:TPX></Extensions></Trackpoint><Trackpoint><Time>2025-08-01T22:28:44Z</Time><HeartRateBpm><Value>106</Value></HeartRateBpm><Extensions><ns3:TPX><ns3:Speed>0.0</ns3:Speed></ns3:TPX></Extensions></Trackpoint><Trackpoint><Time>2025-08-01T22:28:46Z</Time><HeartRateBpm><Value>105</Value></HeartRateBpm><Extensions><ns3:TPX><ns3:Speed>0.0</ns3:Speed></ns3:TPX></Extensions></Trackpoint><Trackpoint><Time>2025-08-01T22:28:47Z</Time><HeartRateBpm><Value>104</Value></HeartRateBpm><Extensions><ns3:TPX><ns3:Speed>0.0</ns3:Speed></ns3:TPX></Extensions></Trackpoint><Trackpoint><Time>2025-08-01T22:28:52Z</Time><HeartRateBpm><Value>104</Value></HeartRateBpm><Extensions><ns3:TPX><ns3:Speed>0.0</ns3:Speed></ns3:TPX></Extensions></Trackpoint><Trackpoint><Time>2025-08-01T22:28:57Z</Time><HeartRateBpm><Value>105</Value></HeartRateBpm><Extensions><ns3:TPX><ns3:Speed>0.0</ns3:Speed></ns3:TPX></Extensions></Trackpoint><Trackpoint><Time>2025-08-01T22:28:58Z</Time><HeartRateBpm><Value>106</Value></HeartRateBpm><Extensions><ns3:TPX><ns3:Speed>0.0</ns3:Speed></ns3:TPX></Extensions></Trackpoint><Trackpoint><Time>2025-08-01T22:28:59Z</Time><HeartRateBpm><Value>107</Value></HeartRateBpm><Extensions><ns3:TPX><ns3:Speed>0.0</ns3:Speed></ns3:TPX></Extensions></Trackpoint><Trackpoint><Time>2025-08-01T22:29:01Z</Time><HeartRateBpm><Value>108</Value></HeartRateBpm><Extensions><ns3:TPX><ns3:Speed>0.0</ns3:Speed></ns3:TPX></Extensions></Trackpoint><Trackpoint><Time>2025-08-01T22:29:03Z</Time><HeartRateBpm><Value>110</Value></HeartRateBpm><Extensions><ns3:TPX><ns3:Speed>0.0</ns3:Speed></ns3:TPX></Extensions></Trackpoint><Trackpoint><Time>2025-08-01T22:29:07Z</Time><HeartRateBpm><Value>109</Value></HeartRateBpm><Extensions><ns3:TPX><ns3:Speed>0.0</ns3:Speed></ns3:TPX></Extensions></Trackpoint><Trackpoint><Time>2025-08-01T22:29:09Z</Time><HeartRateBpm><Value>110</Value></HeartRateBpm><Extensions><ns3:TPX><ns3:Speed>0.0</ns3:Speed></ns3:TPX></Extensions></Trackpoint><Trackpoint><Time>2025-08-01T22:29:10Z</Time><HeartRateBpm><Value>111</Value></HeartRateBpm><Extensions><ns3:TPX><ns3:Speed>0.0</ns3:Speed></ns3:TPX></Extensions></Trackpoint><Trackpoint><Time>2025-08-01T22:29:12Z</Time><HeartRateBpm><Value>110</Value></HeartRateBpm><Extensions><ns3:TPX><ns3:Speed>0.0</ns3:Speed></ns3:TPX></Extensions></Trackpoint><Trackpoint><Time>2025-08-01T22:29:14Z</Time><HeartRateBpm><Value>109</Value></HeartRateBpm><Extensions><ns3:TPX><ns3:Speed>0.0</ns3:Speed></ns3:TPX></Extensions></Trackpoint><Trackpoint><Time>2025-08-01T22:29:15Z</Time><HeartRateBpm><Value>107</Value></HeartRateBpm><Extensions><ns3:TPX><ns3:Speed>0.0</ns3:Speed></ns3:TPX></Extensions></Trackpoint><Trackpoint><Time>2025-08-01T22:29:16Z</Time><HeartRateBpm><Value>109</Value></HeartRateBpm><Extensions><ns3:TPX><ns3:Speed>0.0</ns3:Speed></ns3:TPX></Extensions></Trackpoint><Trackpoint><Time>2025-08-01T22:29:21Z</Time><HeartRateBpm><Value>108</Value></HeartRateBpm><Extensions><ns3:TPX><ns3:Speed>0.0</ns3:Speed></ns3:TPX></Extensions></Trackpoint><Trackpoint><Time>2025-08-01T22:29:22Z</Time><HeartRateBpm><Value>109</Value></HeartRateBpm><Extensions><ns3:TPX><ns3:Speed>0.0</ns3:Speed></ns3:TPX></Extensions></Trackpoint><Trackpoint><Time>2025-08-01T22:29:23Z</Time><HeartRateBpm><Value>110</Value></HeartRateBpm><Extensions><ns3:TPX><ns3:Speed>0.0</ns3:Speed></ns3:TPX></Extensions></Trackpoint><Trackpoint><Time>2025-08-01T22:29:24Z</Time><HeartRateBpm><Value>111</Value></HeartRateBpm><Extensions><ns3:TPX><ns3:Speed>0.0</ns3:Speed></ns3:TPX></Extensions></Trackpoint><Trackpoint><Time>2025-08-01T22:29:29Z</Time><HeartRateBpm><Value>111</Value></HeartRateBpm><Extensions><ns3:TPX><ns3:Speed>0.0</ns3:Speed></ns3:TPX></Extensions></Trackpoint><Trackpoint><Time>2025-08-01T22:29:30Z</Time><HeartRateBpm><Value>110</Value></HeartRateBpm><Extensions><ns3:TPX><ns3:Speed>0.0</ns3:Speed></ns3:TPX></Extensions></Trackpoint><Trackpoint><Time>2025-08-01T22:29:32Z</Time><HeartRateBpm><Value>111</Value></HeartRateBpm><Extensions><ns3:TPX><ns3:Speed>0.0</ns3:Speed></ns3:TPX></Extensions></Trackpoint><Trackpoint><Time>2025-08-01T22:29:33Z</Time><HeartRateBpm><Value>112</Value></HeartRateBpm><Extensions><ns3:TPX><ns3:Speed>0.0</ns3:Speed></ns3:TPX></Extensions></Trackpoint><Trackpoint><Time>2025-08-01T22:29:34Z</Time><HeartRateBpm><Value>113</Value></HeartRateBpm><Extensions><ns3:TPX><ns3:Speed>0.0</ns3:Speed></ns3:TPX></Extensions></Trackpoint><Trackpoint><Time>2025-08-01T22:29:35Z</Time><HeartRateBpm><Value>114</Value></HeartRateBpm><Extensions><ns3:TPX><ns3:Speed>0.0</ns3:Speed></ns3:TPX></Extensions></Trackpoint><Trackpoint><Time>2025-08-01T22:29:40Z</Time><HeartRateBpm><Value>114</Value></HeartRateBpm><Extensions><ns3:TPX><ns3:Speed>0.0</ns3:Speed></ns3:TPX></Extensions></Trackpoint><Trackpoint><Time>2025-08-01T22:29:41Z</Time><HeartRateBpm><Value>112</Value></HeartRateBpm><Extensions><ns3:TPX><ns3:Speed>0.0</ns3:Speed></ns3:TPX></Extensions></Trackpoint><Trackpoint><Time>2025-08-01T22:29:46Z</Time><HeartRateBpm><Value>112</Value></HeartRateBpm><Extensions><ns3:TPX><ns3:Speed>0.0</ns3:Speed></ns3:TPX></Extensions></Trackpoint><Trackpoint><Time>2025-08-01T22:29:51Z</Time><HeartRateBpm><Value>112</Value></HeartRateBpm><Extensions><ns3:TPX><ns3:Speed>0.0</ns3:Speed></ns3:TPX></Extensions></Trackpoint><Trackpoint><Time>2025-08-01T22:29:54Z</Time><HeartRateBpm><Value>113</Value></HeartRateBpm><Extensions><ns3:TPX><ns3:Speed>0.0</ns3:Speed></ns3:TPX></Extensions></Trackpoint><Trackpoint><Time>2025-08-01T22:29:58Z</Time><HeartRateBpm><Value>114</Value></HeartRateBpm><Extensions><ns3:TPX><ns3:Speed>0.0</ns3:Speed></ns3:TPX></Extensions></Trackpoint><Trackpoint><Time>2025-08-01T22:29:59Z</Time><HeartRateBpm><Value>115</Value></HeartRateBpm><Extensions><ns3:TPX><ns3:Speed>0.0</ns3:Speed></ns3:TPX></Extensions></Trackpoint><Trackpoint><Time>2025-08-01T22:30:02Z</Time><HeartRateBpm><Value>116</Value></HeartRateBpm><Extensions><ns3:TPX><ns3:Speed>0.0</ns3:Speed></ns3:TPX></Extensions></Trackpoint><Trackpoint><Time>2025-08-01T22:30:03Z</Time><HeartRateBpm><Value>117</Value></HeartRateBpm><Extensions><ns3:TPX><ns3:Speed>0.0</ns3:Speed></ns3:TPX></Extensions></Trackpoint><Trackpoint><Time>2025-08-01T22:30:05Z</Time><HeartRateBpm><Value>118</Value></HeartRateBpm><Extensions><ns3:TPX><ns3:Speed>0.0</ns3:Speed></ns3:TPX></Extensions></Trackpoint><Trackpoint><Time>2025-08-01T22:30:10Z</Time><HeartRateBpm><Value>118</Value></HeartRateBpm><Extensions><ns3:TPX><ns3:Speed>0.0</ns3:Speed></ns3:TPX></Extensions></Trackpoint><Trackpoint><Time>2025-08-01T22:30:11Z</Time><HeartRateBpm><Value>117</Value></HeartRateBpm><Extensions><ns3:TPX><ns3:Speed>0.0</ns3:Speed></ns3:TPX></Extensions></Trackpoint><Trackpoint><Time>2025-08-01T22:30:14Z</Time><HeartRateBpm><Value>116</Value></HeartRateBpm><Extensions><ns3:TPX><ns3:Speed>0.0</ns3:Speed></ns3:TPX></Extensions></Trackpoint><Trackpoint><Time>2025-08-01T22:30:16Z</Time><HeartRateBpm><Value>115</Value></HeartRateBpm><Extensions><ns3:TPX><ns3:Speed>0.0</ns3:Speed></ns3:TPX></Extensions></Trackpoint><Trackpoint><Time>2025-08-01T22:30:20Z</Time><HeartRateBpm><Value>117</Value></HeartRateBpm><Extensions><ns3:TPX><ns3:Speed>0.0</ns3:Speed></ns3:TPX></Extensions></Trackpoint><Trackpoint><Time>2025-08-01T22:30:21Z</Time><HeartRateBpm><Value>118</Value></HeartRateBpm><Extensions><ns3:TPX><ns3:Speed>0.0</ns3:Speed></ns3:TPX></Extensions></Trackpoint><Trackpoint><Time>2025-08-01T22:30:23Z</Time><HeartRateBpm><Value>119</Value></HeartRateBpm><Extensions><ns3:TPX><ns3:Speed>0.0</ns3:Speed></ns3:TPX></Extensions></Trackpoint><Trackpoint><Time>2025-08-01T22:30:27Z</Time><HeartRateBpm><Value>118</Value></HeartRateBpm><Extensions><ns3:TPX><ns3:Speed>0.0</ns3:Speed></ns3:TPX></Extensions></Trackpoint><Trackpoint><Time>2025-08-01T22:30:29Z</Time><HeartRateBpm><Value>117</Value></HeartRateBpm><Extensions><ns3:TPX><ns3:Speed>0.0</ns3:Speed></ns3:TPX></Extensions></Trackpoint><Trackpoint><Time>2025-08-01T22:30:31Z</Time><HeartRateBpm><Value>118</Value></HeartRateBpm><Extensions><ns3:TPX><ns3:Speed>0.0</ns3:Speed></ns3:TPX></Extensions></Trackpoint><Trackpoint><Time>2025-08-01T22:30:33Z</Time><HeartRateBpm><Value>119</Value></HeartRateBpm><Extensions><ns3:TPX><ns3:Speed>0.0</ns3:Speed></ns3:TPX></Extensions></Trackpoint><Trackpoint><Time>2025-08-01T22:30:39Z</Time><HeartRateBpm><Value>118</Value></HeartRateBpm><Extensions><ns3:TPX><ns3:Speed>0.0</ns3:Speed></ns3:TPX></Extensions></Trackpoint><Trackpoint><Time>2025-08-01T22:30:40Z</Time><HeartRateBpm><Value>116</Value></HeartRateBpm><Extensions><ns3:TPX><ns3:Speed>0.0</ns3:Speed></ns3:TPX></Extensions></Trackpoint><Trackpoint><Time>2025-08-01T22:30:45Z</Time><HeartRateBpm><Value>114</Value></HeartRateBpm><Extensions><ns3:TPX><ns3:Speed>0.0</ns3:Speed></ns3:TPX></Extensions></Trackpoint><Trackpoint><Time>2025-08-01T22:30:46Z</Time><HeartRateBpm><Value>113</Value></HeartRateBpm><Extensions><ns3:TPX><ns3:Speed>0.0</ns3:Speed></ns3:TPX></Extensions></Trackpoint><Trackpoint><Time>2025-08-01T22:30:47Z</Time><HeartRateBpm><Value>110</Value></HeartRateBpm><Extensions><ns3:TPX><ns3:Speed>0.0</ns3:Speed></ns3:TPX></Extensions></Trackpoint><Trackpoint><Time>2025-08-01T22:30:48Z</Time><HeartRateBpm><Value>109</Value></HeartRateBpm><Extensions><ns3:TPX><ns3:Speed>0.0</ns3:Speed></ns3:TPX></Extensions></Trackpoint><Trackpoint><Time>2025-08-01T22:30:51Z</Time><HeartRateBpm><Value>108</Value></HeartRateBpm><Extensions><ns3:TPX><ns3:Speed>0.0</ns3:Speed></ns3:TPX></Extensions></Trackpoint><Trackpoint><Time>2025-08-01T22:30:53Z</Time><HeartRateBpm><Value>109</Value></HeartRateBpm><Extensions><ns3:TPX><ns3:Speed>0.0</ns3:Speed></ns3:TPX></Extensions></Trackpoint><Trackpoint><Time>2025-08-01T22:30:55Z</Time><HeartRateBpm><Value>110</Value></HeartRateBpm><Extensions><ns3:TPX><ns3:Speed>0.0</ns3:Speed></ns3:TPX></Extensions></Trackpoint><Trackpoint><Time>2025-08-01T22:30:58Z</Time><HeartRateBpm><Value>111</Value></HeartRateBpm><Extensions><ns3:TPX><ns3:Speed>0.0</ns3:Speed></ns3:TPX></Extensions></Trackpoint><Trackpoint><Time>2025-08-01T22:30:59Z</Time><HeartRateBpm><Value>112</Value></HeartRateBpm><Extensions><ns3:TPX><ns3:Speed>0.0</ns3:Speed></ns3:TPX></Extensions></Trackpoint><Trackpoint><Time>2025-08-01T22:31:04Z</Time><HeartRateBpm><Value>112</Value></HeartRateBpm><Extensions><ns3:TPX><ns3:Speed>0.0</ns3:Speed></ns3:TPX></Extensions></Trackpoint><Trackpoint><Time>2025-08-01T22:31:05Z</Time><HeartRateBpm><Value>113</Value></HeartRateBpm><Extensions><ns3:TPX><ns3:Speed>0.0</ns3:Speed></ns3:TPX></Extensions></Trackpoint><Trackpoint><Time>2025-08-01T22:31:07Z</Time><HeartRateBpm><Value>112</Value></HeartRateBpm><Extensions><ns3:TPX><ns3:Speed>0.0</ns3:Speed></ns3:TPX></Extensions></Trackpoint><Trackpoint><Time>2025-08-01T22:31:09Z</Time><HeartRateBpm><Value>111</Value></HeartRateBpm><Extensions><ns3:TPX><ns3:Speed>0.0</ns3:Speed></ns3:TPX></Extensions></Trackpoint><Trackpoint><Time>2025-08-01T22:31:12Z</Time><HeartRateBpm><Value>112</Value></HeartRateBpm><Extensions><ns3:TPX><ns3:Speed>0.0</ns3:Speed></ns3:TPX></Extensions></Trackpoint><Trackpoint><Time>2025-08-01T22:31:13Z</Time><HeartRateBpm><Value>111</Value></HeartRateBpm><Extensions><ns3:TPX><ns3:Speed>0.0</ns3:Speed></ns3:TPX></Extensions></Trackpoint><Trackpoint><Time>2025-08-01T22:31:17Z</Time><HeartRateBpm><Value>110</Value></HeartRateBpm><Extensions><ns3:TPX><ns3:Speed>0.0</ns3:Speed></ns3:TPX></Extensions></Trackpoint><Trackpoint><Time>2025-08-01T22:31:18Z</Time><HeartRateBpm><Value>109</Value></HeartRateBpm><Extensions><ns3:TPX><ns3:Speed>0.0</ns3:Speed></ns3:TPX></Extensions></Trackpoint><Trackpoint><Time>2025-08-01T22:31:23Z</Time><HeartRateBpm><Value>109</Value></HeartRateBpm><Extensions><ns3:TPX><ns3:Speed>0.0</ns3:Speed></ns3:TPX></Extensions></Trackpoint><Trackpoint><Time>2025-08-01T22:31:24Z</Time><HeartRateBpm><Value>108</Value></HeartRateBpm><Extensions><ns3:TPX><ns3:Speed>0.0</ns3:Speed></ns3:TPX></Extensions></Trackpoint><Trackpoint><Time>2025-08-01T22:31:27Z</Time><HeartRateBpm><Value>107</Value></HeartRateBpm><Extensions><ns3:TPX><ns3:Speed>0.0</ns3:Speed></ns3:TPX></Extensions></Trackpoint><Trackpoint><Time>2025-08-01T22:31:28Z</Time><HeartRateBpm><Value>105</Value></HeartRateBpm><Extensions><ns3:TPX><ns3:Speed>0.0</ns3:Speed></ns3:TPX></Extensions></Trackpoint><Trackpoint><Time>2025-08-01T22:31:30Z</Time><HeartRateBpm><Value>104</Value></HeartRateBpm><Extensions><ns3:TPX><ns3:Speed>0.0</ns3:Speed></ns3:TPX></Extensions></Trackpoint><Trackpoint><Time>2025-08-01T22:31:35Z</Time><HeartRateBpm><Value>104</Value></HeartRateBpm><Extensions><ns3:TPX><ns3:Speed>0.0</ns3:Speed></ns3:TPX></Extensions></Trackpoint><Trackpoint><Time>2025-08-01T22:31:36Z</Time><HeartRateBpm><Value>105</Value></HeartRateBpm><Extensions><ns3:TPX><ns3:Speed>0.0</ns3:Speed></ns3:TPX></Extensions></Trackpoint><Trackpoint><Time>2025-08-01T22:31:38Z</Time><HeartRateBpm><Value>104</Value></HeartRateBpm><Extensions><ns3:TPX><ns3:Speed>0.0</ns3:Speed></ns3:TPX></Extensions></Trackpoint><Trackpoint><Time>2025-08-01T22:31:42Z</Time><HeartRateBpm><Value>105</Value></HeartRateBpm><Extensions><ns3:TPX><ns3:Speed>0.0</ns3:Speed></ns3:TPX></Extensions></Trackpoint><Trackpoint><Time>2025-08-01T22:31:44Z</Time><HeartRateBpm><Value>104</Value></HeartRateBpm><Extensions><ns3:TPX><ns3:Speed>0.0</ns3:Speed></ns3:TPX></Extensions></Trackpoint><Trackpoint><Time>2025-08-01T22:31:47Z</Time><HeartRateBpm><Value>105</Value></HeartRateBpm><Extensions><ns3:TPX><ns3:Speed>0.0</ns3:Speed></ns3:TPX></Extensions></Trackpoint><Trackpoint><Time>2025-08-01T22:31:49Z</Time><HeartRateBpm><Value>104</Value></HeartRateBpm><Extensions><ns3:TPX><ns3:Speed>0.0</ns3:Speed></ns3:TPX></Extensions></Trackpoint><Trackpoint><Time>2025-08-01T22:31:52Z</Time><HeartRateBpm><Value>103</Value></HeartRateBpm><Extensions><ns3:TPX><ns3:Speed>0.0</ns3:Speed></ns3:TPX></Extensions></Trackpoint><Trackpoint><Time>2025-08-01T22:31:54Z</Time><HeartRateBpm><Value>104</Value></HeartRateBpm><Extensions><ns3:TPX><ns3:Speed>0.0</ns3:Speed></ns3:TPX></Extensions></Trackpoint><Trackpoint><Time>2025-08-01T22:31:56Z</Time><HeartRateBpm><Value>105</Value></HeartRateBpm><Extensions><ns3:TPX><ns3:Speed>0.0</ns3:Speed></ns3:TPX></Extensions></Trackpoint><Trackpoint><Time>2025-08-01T22:32:01Z</Time><HeartRateBpm><Value>105</Value></HeartRateBpm><Extensions><ns3:TPX><ns3:Speed>0.0</ns3:Speed></ns3:TPX></Extensions></Trackpoint><Trackpoint><Time>2025-08-01T22:32:03Z</Time><HeartRateBpm><Value>104</Value></HeartRateBpm><Extensions><ns3:TPX><ns3:Speed>0.0</ns3:Speed></ns3:TPX></Extensions></Trackpoint><Trackpoint><Time>2025-08-01T22:32:05Z</Time><HeartRateBpm><Value>103</Value></HeartRateBpm><Extensions><ns3:TPX><ns3:Speed>0.0</ns3:Speed></ns3:TPX></Extensions></Trackpoint><Trackpoint><Time>2025-08-01T22:32:10Z</Time><HeartRateBpm><Value>103</Value></HeartRateBpm><Extensions><ns3:TPX><ns3:Speed>0.0</ns3:Speed></ns3:TPX></Extensions></Trackpoint><Trackpoint><Time>2025-08-01T22:32:13Z</Time><HeartRateBpm><Value>102</Value></HeartRateBpm><Extensions><ns3:TPX><ns3:Speed>0.0</ns3:Speed></ns3:TPX></Extensions></Trackpoint><Trackpoint><Time>2025-08-01T22:32:15Z</Time><HeartRateBpm><Value>101</Value></HeartRateBpm><Extensions><ns3:TPX><ns3:Speed>0.0</ns3:Speed></ns3:TPX></Extensions></Trackpoint><Trackpoint><Time>2025-08-01T22:32:17Z</Time><HeartRateBpm><Value>100</Value></HeartRateBpm><Extensions><ns3:TPX><ns3:Speed>0.0</ns3:Speed></ns3:TPX></Extensions></Trackpoint><Trackpoint><Time>2025-08-01T22:32:18Z</Time><HeartRateBpm><Value>98</Value></HeartRateBpm><Extensions><ns3:TPX><ns3:Speed>0.0</ns3:Speed></ns3:TPX></Extensions></Trackpoint><Trackpoint><Time>2025-08-01T22:32:23Z</Time><HeartRateBpm><Value>98</Value></HeartRateBpm><Extensions><ns3:TPX><ns3:Speed>0.0</ns3:Speed></ns3:TPX></Extensions></Trackpoint><Trackpoint><Time>2025-08-01T22:32:26Z</Time><HeartRateBpm><Value>97</Value></HeartRateBpm><Extensions><ns3:TPX><ns3:Speed>0.0</ns3:Speed></ns3:TPX></Extensions></Trackpoint><Trackpoint><Time>2025-08-01T22:32:28Z</Time><HeartRateBpm><Value>95</Value></HeartRateBpm><Extensions><ns3:TPX><ns3:Speed>0.0</ns3:Speed></ns3:TPX></Extensions></Trackpoint><Trackpoint><Time>2025-08-01T22:32:34Z</Time><HeartRateBpm><Value>95</Value></HeartRateBpm><Extensions><ns3:TPX><ns3:Speed>0.0</ns3:Speed></ns3:TPX></Extensions></Trackpoint><Trackpoint><Time>2025-08-01T22:32:37Z</Time><HeartRateBpm><Value>94</Value></HeartRateBpm><Extensions><ns3:TPX><ns3:Speed>0.0</ns3:Speed></ns3:TPX></Extensions></Trackpoint><Trackpoint><Time>2025-08-01T22:32:42Z</Time><HeartRateBpm><Value>94</Value></HeartRateBpm><Extensions><ns3:TPX><ns3:Speed>0.0</ns3:Speed></ns3:TPX></Extensions></Trackpoint><Trackpoint><Time>2025-08-01T22:32:47Z</Time><HeartRateBpm><Value>95</Value></HeartRateBpm><Extensions><ns3:TPX><ns3:Speed>0.0</ns3:Speed></ns3:TPX></Extensions></Trackpoint><Trackpoint><Time>2025-08-01T22:32:50Z</Time><HeartRateBpm><Value>96</Value></HeartRateBpm><Extensions><ns3:TPX><ns3:Speed>0.0</ns3:Speed></ns3:TPX></Extensions></Trackpoint><Trackpoint><Time>2025-08-01T22:32:53Z</Time><HeartRateBpm><Value>95</Value></HeartRateBpm><Extensions><ns3:TPX><ns3:Speed>0.0</ns3:Speed></ns3:TPX></Extensions></Trackpoint><Trackpoint><Time>2025-08-01T22:32:55Z</Time><HeartRateBpm><Value>94</Value></HeartRateBpm><Extensions><ns3:TPX><ns3:Speed>0.0</ns3:Speed></ns3:TPX></Extensions></Trackpoint><Trackpoint><Time>2025-08-01T22:32:56Z</Time><HeartRateBpm><Value>93</Value></HeartRateBpm><Extensions><ns3:TPX><ns3:Speed>0.0</ns3:Speed></ns3:TPX></Extensions></Trackpoint><Trackpoint><Time>2025-08-01T22:32:58Z</Time><HeartRateBpm><Value>91</Value></HeartRateBpm><Extensions><ns3:TPX><ns3:Speed>0.0</ns3:Speed></ns3:TPX></Extensions></Trackpoint><Trackpoint><Time>2025-08-01T22:32:59Z</Time><HeartRateBpm><Value>90</Value></HeartRateBpm><Extensions><ns3:TPX><ns3:Speed>0.0</ns3:Speed></ns3:TPX></Extensions></Trackpoint><Trackpoint><Time>2025-08-01T22:33:01Z</Time><HeartRateBpm><Value>91</Value></HeartRateBpm><Extensions><ns3:TPX><ns3:Speed>0.0</ns3:Speed></ns3:TPX></Extensions></Trackpoint><Trackpoint><Time>2025-08-01T22:33:06Z</Time><HeartRateBpm><Value>91</Value></HeartRateBpm><Extensions><ns3:TPX><ns3:Speed>0.0</ns3:Speed></ns3:TPX></Extensions></Trackpoint><Trackpoint><Time>2025-08-01T22:33:07Z</Time><HeartRateBpm><Value>90</Value></HeartRateBpm><Extensions><ns3:TPX><ns3:Speed>0.0</ns3:Speed></ns3:TPX></Extensions></Trackpoint><Trackpoint><Time>2025-08-01T22:33:10Z</Time><HeartRateBpm><Value>89</Value></HeartRateBpm><Extensions><ns3:TPX><ns3:Speed>0.0</ns3:Speed></ns3:TPX></Extensions></Trackpoint><Trackpoint><Time>2025-08-01T22:33:11Z</Time><HeartRateBpm><Value>88</Value></HeartRateBpm><Extensions><ns3:TPX><ns3:Speed>0.0</ns3:Speed></ns3:TPX></Extensions></Trackpoint><Trackpoint><Time>2025-08-01T22:33:12Z</Time><HeartRateBpm><Value>87</Value></HeartRateBpm><Extensions><ns3:TPX><ns3:Speed>0.0</ns3:Speed></ns3:TPX></Extensions></Trackpoint><Trackpoint><Time>2025-08-01T22:33:17Z</Time><HeartRateBpm><Value>87</Value></HeartRateBpm><Extensions><ns3:TPX><ns3:Speed>0.0</ns3:Speed></ns3:TPX></Extensions></Trackpoint><Trackpoint><Time>2025-08-01T22:33:18Z</Time><HeartRateBpm><Value>88</Value></HeartRateBpm><Extensions><ns3:TPX><ns3:Speed>0.0</ns3:Speed></ns3:TPX></Extensions></Trackpoint><Trackpoint><Time>2025-08-01T22:33:19Z</Time><HeartRateBpm><Value>87</Value></HeartRateBpm><Extensions><ns3:TPX><ns3:Speed>0.0</ns3:Speed></ns3:TPX></Extensions></Trackpoint><Trackpoint><Time>2025-08-01T22:33:24Z</Time><HeartRateBpm><Value>87</Value></HeartRateBpm><Extensions><ns3:TPX><ns3:Speed>0.0</ns3:Speed></ns3:TPX></Extensions></Trackpoint><Trackpoint><Time>2025-08-01T22:33:25Z</Time><HeartRateBpm><Value>86</Value></HeartRateBpm><Extensions><ns3:TPX><ns3:Speed>0.0</ns3:Speed></ns3:TPX></Extensions></Trackpoint><Trackpoint><Time>2025-08-01T22:33:27Z</Time><HeartRateBpm><Value>85</Value></HeartRateBpm><Extensions><ns3:TPX><ns3:Speed>0.0</ns3:Speed></ns3:TPX></Extensions></Trackpoint><Trackpoint><Time>2025-08-01T22:33:30Z</Time><HeartRateBpm><Value>86</Value></HeartRateBpm><Extensions><ns3:TPX><ns3:Speed>0.0</ns3:Speed></ns3:TPX></Extensions></Trackpoint><Trackpoint><Time>2025-08-01T22:33:31Z</Time><HeartRateBpm><Value>87</Value></HeartRateBpm><Extensions><ns3:TPX><ns3:Speed>0.0</ns3:Speed></ns3:TPX></Extensions></Trackpoint><Trackpoint><Time>2025-08-01T22:33:36Z</Time><HeartRateBpm><Value>86</Value></HeartRateBpm><Extensions><ns3:TPX><ns3:Speed>0.0</ns3:Speed></ns3:TPX></Extensions></Trackpoint><Trackpoint><Time>2025-08-01T22:33:37Z</Time><HeartRateBpm><Value>87</Value></HeartRateBpm><Extensions><ns3:TPX><ns3:Speed>0.0</ns3:Speed></ns3:TPX></Extensions></Trackpoint><Trackpoint><Time>2025-08-01T22:33:38Z</Time><HeartRateBpm><Value>88</Value></HeartRateBpm><Extensions><ns3:TPX><ns3:Speed>0.0</ns3:Speed></ns3:TPX></Extensions></Trackpoint><Trackpoint><Time>2025-08-01T22:33:39Z</Time><HeartRateBpm><Value>90</Value></HeartRateBpm><Extensions><ns3:TPX><ns3:Speed>0.0</ns3:Speed></ns3:TPX></Extensions></Trackpoint><Trackpoint><Time>2025-08-01T22:33:41Z</Time><HeartRateBpm><Value>91</Value></HeartRateBpm><Extensions><ns3:TPX><ns3:Speed>0.0</ns3:Speed></ns3:TPX></Extensions></Trackpoint><Trackpoint><Time>2025-08-01T22:33:43Z</Time><HeartRateBpm><Value>92</Value></HeartRateBpm><Extensions><ns3:TPX><ns3:Speed>0.0</ns3:Speed></ns3:TPX></Extensions></Trackpoint><Trackpoint><Time>2025-08-01T22:33:45Z</Time><HeartRateBpm><Value>93</Value></HeartRateBpm><Extensions><ns3:TPX><ns3:Speed>0.0</ns3:Speed></ns3:TPX></Extensions></Trackpoint><Trackpoint><Time>2025-08-01T22:33:47Z</Time><HeartRateBpm><Value>94</Value></HeartRateBpm><Extensions><ns3:TPX><ns3:Speed>0.0</ns3:Speed></ns3:TPX></Extensions></Trackpoint><Trackpoint><Time>2025-08-01T22:33:50Z</Time><HeartRateBpm><Value>95</Value></HeartRateBpm><Extensions><ns3:TPX><ns3:Speed>0.0</ns3:Speed></ns3:TPX></Extensions></Trackpoint><Trackpoint><Time>2025-08-01T22:33:51Z</Time><HeartRateBpm><Value>97</Value></HeartRateBpm><Extensions><ns3:TPX><ns3:Speed>0.0</ns3:Speed></ns3:TPX></Extensions></Trackpoint><Trackpoint><Time>2025-08-01T22:33:53Z</Time><HeartRateBpm><Value>98</Value></HeartRateBpm><Extensions><ns3:TPX><ns3:Speed>0.0</ns3:Speed></ns3:TPX></Extensions></Trackpoint><Trackpoint><Time>2025-08-01T22:33:55Z</Time><HeartRateBpm><Value>92</Value></HeartRateBpm><Extensions><ns3:TPX><ns3:Speed>0.0</ns3:Speed></ns3:TPX></Extensions></Trackpoint><Trackpoint><Time>2025-08-01T22:33:56Z</Time><HeartRateBpm><Value>95</Value></HeartRateBpm><Extensions><ns3:TPX><ns3:Speed>0.0</ns3:Speed></ns3:TPX></Extensions></Trackpoint><Trackpoint><Time>2025-08-01T22:33:57Z</Time><HeartRateBpm><Value>91</Value></HeartRateBpm><Extensions><ns3:TPX><ns3:Speed>0.0</ns3:Speed></ns3:TPX></Extensions></Trackpoint><Trackpoint><Time>2025-08-01T22:33:59Z</Time><HeartRateBpm><Value>89</Value></HeartRateBpm><Extensions><ns3:TPX><ns3:Speed>0.0</ns3:Speed></ns3:TPX></Extensions></Trackpoint><Trackpoint><Time>2025-08-01T22:34:01Z</Time><HeartRateBpm><Value>92</Value></HeartRateBpm><Extensions><ns3:TPX><ns3:Speed>0.0</ns3:Speed></ns3:TPX></Extensions></Trackpoint><Trackpoint><Time>2025-08-01T22:34:06Z</Time><HeartRateBpm><Value>92</Value></HeartRateBpm><Extensions><ns3:TPX><ns3:Speed>0.0</ns3:Speed></ns3:TPX></Extensions></Trackpoint><Trackpoint><Time>2025-08-01T22:34:08Z</Time><HeartRateBpm><Value>94</Value></HeartRateBpm><Extensions><ns3:TPX><ns3:Speed>0.0</ns3:Speed></ns3:TPX></Extensions></Trackpoint><Trackpoint><Time>2025-08-01T22:34:09Z</Time><HeartRateBpm><Value>93</Value></HeartRateBpm><Extensions><ns3:TPX><ns3:Speed>0.0</ns3:Speed></ns3:TPX></Extensions></Trackpoint><Trackpoint><Time>2025-08-01T22:34:12Z</Time><HeartRateBpm><Value>94</Value></HeartRateBpm><Extensions><ns3:TPX><ns3:Speed>0.0</ns3:Speed></ns3:TPX></Extensions></Trackpoint><Trackpoint><Time>2025-08-01T22:34:13Z</Time><HeartRateBpm><Value>96</Value></HeartRateBpm><Extensions><ns3:TPX><ns3:Speed>0.0</ns3:Speed></ns3:TPX></Extensions></Trackpoint><Trackpoint><Time>2025-08-01T22:34:14Z</Time><HeartRateBpm><Value>94</Value></HeartRateBpm><Extensions><ns3:TPX><ns3:Speed>0.0</ns3:Speed></ns3:TPX></Extensions></Trackpoint><Trackpoint><Time>2025-08-01T22:34:15Z</Time><HeartRateBpm><Value>93</Value></HeartRateBpm><Extensions><ns3:TPX><ns3:Speed>0.0</ns3:Speed></ns3:TPX></Extensions></Trackpoint><Trackpoint><Time>2025-08-01T22:34:17Z</Time><HeartRateBpm><Value>92</Value></HeartRateBpm><Extensions><ns3:TPX><ns3:Speed>0.0</ns3:Speed></ns3:TPX></Extensions></Trackpoint><Trackpoint><Time>2025-08-01T22:34:20Z</Time><HeartRateBpm><Value>93</Value></HeartRateBpm><Extensions><ns3:TPX><ns3:Speed>0.0</ns3:Speed></ns3:TPX></Extensions></Trackpoint><Trackpoint><Time>2025-08-01T22:34:24Z</Time><HeartRateBpm><Value>94</Value></HeartRateBpm><Extensions><ns3:TPX><ns3:Speed>0.0</ns3:Speed></ns3:TPX></Extensions></Trackpoint><Trackpoint><Time>2025-08-01T22:34:25Z</Time><HeartRateBpm><Value>95</Value></HeartRateBpm><Extensions><ns3:TPX><ns3:Speed>0.0</ns3:Speed></ns3:TPX></Extensions></Trackpoint><Trackpoint><Time>2025-08-01T22:34:29Z</Time><HeartRateBpm><Value>94</Value></HeartRateBpm><Extensions><ns3:TPX><ns3:Speed>0.0</ns3:Speed></ns3:TPX></Extensions></Trackpoint><Trackpoint><Time>2025-08-01T22:34:32Z</Time><HeartRateBpm><Value>95</Value></HeartRateBpm><Extensions><ns3:TPX><ns3:Speed>0.0</ns3:Speed></ns3:TPX></Extensions></Trackpoint><Trackpoint><Time>2025-08-01T22:34:33Z</Time><HeartRateBpm><Value>97</Value></HeartRateBpm><Extensions><ns3:TPX><ns3:Speed>0.0</ns3:Speed></ns3:TPX></Extensions></Trackpoint><Trackpoint><Time>2025-08-01T22:34:34Z</Time><HeartRateBpm><Value>99</Value></HeartRateBpm><Extensions><ns3:TPX><ns3:Speed>0.0</ns3:Speed></ns3:TPX></Extensions></Trackpoint><Trackpoint><Time>2025-08-01T22:34:36Z</Time><HeartRateBpm><Value>100</Value></HeartRateBpm><Extensions><ns3:TPX><ns3:Speed>0.0</ns3:Speed></ns3:TPX></Extensions></Trackpoint><Trackpoint><Time>2025-08-01T22:34:42Z</Time><HeartRateBpm><Value>100</Value></HeartRateBpm><Extensions><ns3:TPX><ns3:Speed>0.0</ns3:Speed></ns3:TPX></Extensions></Trackpoint><Trackpoint><Time>2025-08-01T22:34:43Z</Time><HeartRateBpm><Value>101</Value></HeartRateBpm><Extensions><ns3:TPX><ns3:Speed>0.0</ns3:Speed></ns3:TPX></Extensions></Trackpoint><Trackpoint><Time>2025-08-01T22:34:44Z</Time><HeartRateBpm><Value>100</Value></HeartRateBpm><Extensions><ns3:TPX><ns3:Speed>0.0</ns3:Speed></ns3:TPX></Extensions></Trackpoint><Trackpoint><Time>2025-08-01T22:34:45Z</Time><HeartRateBpm><Value>99</Value></HeartRateBpm><Extensions><ns3:TPX><ns3:Speed>0.0</ns3:Speed></ns3:TPX></Extensions></Trackpoint><Trackpoint><Time>2025-08-01T22:34:48Z</Time><HeartRateBpm><Value>98</Value></HeartRateBpm><Extensions><ns3:TPX><ns3:Speed>0.0</ns3:Speed></ns3:TPX></Extensions></Trackpoint><Trackpoint><Time>2025-08-01T22:34:49Z</Time><HeartRateBpm><Value>97</Value></HeartRateBpm><Extensions><ns3:TPX><ns3:Speed>0.0</ns3:Speed></ns3:TPX></Extensions></Trackpoint><Trackpoint><Time>2025-08-01T22:34:50Z</Time><HeartRateBpm><Value>94</Value></HeartRateBpm><Extensions><ns3:TPX><ns3:Speed>0.0</ns3:Speed></ns3:TPX></Extensions></Trackpoint><Trackpoint><Time>2025-08-01T22:34:55Z</Time><HeartRateBpm><Value>95</Value></HeartRateBpm><Extensions><ns3:TPX><ns3:Speed>0.0</ns3:Speed></ns3:TPX></Extensions></Trackpoint><Trackpoint><Time>2025-08-01T22:34:56Z</Time><HeartRateBpm><Value>94</Value></HeartRateBpm><Extensions><ns3:TPX><ns3:Speed>0.0</ns3:Speed></ns3:TPX></Extensions></Trackpoint><Trackpoint><Time>2025-08-01T22:34:57Z</Time><HeartRateBpm><Value>93</Value></HeartRateBpm><Extensions><ns3:TPX><ns3:Speed>0.0</ns3:Speed></ns3:TPX></Extensions></Trackpoint><Trackpoint><Time>2025-08-01T22:35:02Z</Time><HeartRateBpm><Value>93</Value></HeartRateBpm><Extensions><ns3:TPX><ns3:Speed>0.0</ns3:Speed></ns3:TPX></Extensions></Trackpoint><Trackpoint><Time>2025-08-01T22:35:03Z</Time><HeartRateBpm><Value>94</Value></HeartRateBpm><Extensions><ns3:TPX><ns3:Speed>0.0</ns3:Speed></ns3:TPX></Extensions></Trackpoint><Trackpoint><Time>2025-08-01T22:35:04Z</Time><HeartRateBpm><Value>96</Value></HeartRateBpm><Extensions><ns3:TPX><ns3:Speed>0.0</ns3:Speed></ns3:TPX></Extensions></Trackpoint><Trackpoint><Time>2025-08-01T22:35:07Z</Time><HeartRateBpm><Value>95</Value></HeartRateBpm><Extensions><ns3:TPX><ns3:Speed>0.0</ns3:Speed></ns3:TPX></Extensions></Trackpoint><Trackpoint><Time>2025-08-01T22:35:08Z</Time><HeartRateBpm><Value>93</Value></HeartRateBpm><Extensions><ns3:TPX><ns3:Speed>0.0</ns3:Speed></ns3:TPX></Extensions></Trackpoint><Trackpoint><Time>2025-08-01T22:35:13Z</Time><HeartRateBpm><Value>93</Value></HeartRateBpm><Extensions><ns3:TPX><ns3:Speed>0.0</ns3:Speed></ns3:TPX></Extensions></Trackpoint><Trackpoint><Time>2025-08-01T22:35:18Z</Time><HeartRateBpm><Value>93</Value></HeartRateBpm><Extensions><ns3:TPX><ns3:Speed>0.0</ns3:Speed></ns3:TPX></Extensions></Trackpoint><Trackpoint><Time>2025-08-01T22:35:20Z</Time><HeartRateBpm><Value>96</Value></HeartRateBpm><Extensions><ns3:TPX><ns3:Speed>0.0</ns3:Speed></ns3:TPX></Extensions></Trackpoint><Trackpoint><Time>2025-08-01T22:35:21Z</Time><HeartRateBpm><Value>94</Value></HeartRateBpm><Extensions><ns3:TPX><ns3:Speed>0.0</ns3:Speed></ns3:TPX></Extensions></Trackpoint><Trackpoint><Time>2025-08-01T22:35:22Z</Time><HeartRateBpm><Value>92</Value></HeartRateBpm><Extensions><ns3:TPX><ns3:Speed>0.0</ns3:Speed></ns3:TPX></Extensions></Trackpoint><Trackpoint><Time>2025-08-01T22:35:26Z</Time><HeartRateBpm><Value>93</Value></HeartRateBpm><Extensions><ns3:TPX><ns3:Speed>0.0</ns3:Speed></ns3:TPX></Extensions></Trackpoint><Trackpoint><Time>2025-08-01T22:35:27Z</Time><HeartRateBpm><Value>95</Value></HeartRateBpm><Extensions><ns3:TPX><ns3:Speed>0.0</ns3:Speed></ns3:TPX></Extensions></Trackpoint><Trackpoint><Time>2025-08-01T22:35:28Z</Time><HeartRateBpm><Value>96</Value></HeartRateBpm><Extensions><ns3:TPX><ns3:Speed>0.0</ns3:Speed></ns3:TPX></Extensions></Trackpoint><Trackpoint><Time>2025-08-01T22:35:30Z</Time><HeartRateBpm><Value>95</Value></HeartRateBpm><Extensions><ns3:TPX><ns3:Speed>0.0</ns3:Speed></ns3:TPX></Extensions></Trackpoint><Trackpoint><Time>2025-08-01T22:35:36Z</Time><HeartRateBpm><Value>95</Value></HeartRateBpm><Extensions><ns3:TPX><ns3:Speed>0.0</ns3:Speed></ns3:TPX></Extensions></Trackpoint><Trackpoint><Time>2025-08-01T22:35:42Z</Time><HeartRateBpm><Value>95</Value></HeartRateBpm><Extensions><ns3:TPX><ns3:Speed>0.0</ns3:Speed></ns3:TPX></Extensions></Trackpoint><Trackpoint><Time>2025-08-01T22:35:45Z</Time><HeartRateBpm><Value>94</Value></HeartRateBpm><Extensions><ns3:TPX><ns3:Speed>0.0</ns3:Speed></ns3:TPX></Extensions></Trackpoint><Trackpoint><Time>2025-08-01T22:35:48Z</Time><HeartRateBpm><Value>93</Value></HeartRateBpm><Extensions><ns3:TPX><ns3:Speed>0.0</ns3:Speed></ns3:TPX></Extensions></Trackpoint><Trackpoint><Time>2025-08-01T22:35:50Z</Time><HeartRateBpm><Value>92</Value></HeartRateBpm><Extensions><ns3:TPX><ns3:Speed>0.0</ns3:Speed></ns3:TPX></Extensions></Trackpoint><Trackpoint><Time>2025-08-01T22:35:55Z</Time><HeartRateBpm><Value>92</Value></HeartRateBpm><Extensions><ns3:TPX><ns3:Speed>0.0</ns3:Speed></ns3:TPX></Extensions></Trackpoint><Trackpoint><Time>2025-08-01T22:35:56Z</Time><HeartRateBpm><Value>93</Value></HeartRateBpm><Extensions><ns3:TPX><ns3:Speed>0.0</ns3:Speed></ns3:TPX></Extensions></Trackpoint><Trackpoint><Time>2025-08-01T22:36:01Z</Time><HeartRateBpm><Value>94</Value></HeartRateBpm><Extensions><ns3:TPX><ns3:Speed>0.0</ns3:Speed></ns3:TPX></Extensions></Trackpoint><Trackpoint><Time>2025-08-01T22:36:02Z</Time><HeartRateBpm><Value>95</Value></HeartRateBpm><Extensions><ns3:TPX><ns3:Speed>0.0</ns3:Speed></ns3:TPX></Extensions></Trackpoint><Trackpoint><Time>2025-08-01T22:36:03Z</Time><HeartRateBpm><Value>96</Value></HeartRateBpm><Extensions><ns3:TPX><ns3:Speed>0.0</ns3:Speed></ns3:TPX></Extensions></Trackpoint><Trackpoint><Time>2025-08-01T22:36:05Z</Time><HeartRateBpm><Value>97</Value></HeartRateBpm><Extensions><ns3:TPX><ns3:Speed>0.0</ns3:Speed></ns3:TPX></Extensions></Trackpoint><Trackpoint><Time>2025-08-01T22:36:09Z</Time><HeartRateBpm><Value>96</Value></HeartRateBpm><Extensions><ns3:TPX><ns3:Speed>0.0</ns3:Speed></ns3:TPX></Extensions></Trackpoint><Trackpoint><Time>2025-08-01T22:36:14Z</Time><HeartRateBpm><Value>97</Value></HeartRateBpm><Extensions><ns3:TPX><ns3:Speed>0.0</ns3:Speed></ns3:TPX></Extensions></Trackpoint><Trackpoint><Time>2025-08-01T22:36:16Z</Time><HeartRateBpm><Value>96</Value></HeartRateBpm><Extensions><ns3:TPX><ns3:Speed>0.0</ns3:Speed></ns3:TPX></Extensions></Trackpoint><Trackpoint><Time>2025-08-01T22:36:18Z</Time><HeartRateBpm><Value>95</Value></HeartRateBpm><Extensions><ns3:TPX><ns3:Speed>0.0</ns3:Speed></ns3:TPX></Extensions></Trackpoint><Trackpoint><Time>2025-08-01T22:36:22Z</Time><HeartRateBpm><Value>93</Value></HeartRateBpm><Extensions><ns3:TPX><ns3:Speed>0.0</ns3:Speed></ns3:TPX></Extensions></Trackpoint><Trackpoint><Time>2025-08-01T22:36:24Z</Time><HeartRateBpm><Value>91</Value></HeartRateBpm><Extensions><ns3:TPX><ns3:Speed>0.0</ns3:Speed></ns3:TPX></Extensions></Trackpoint><Trackpoint><Time>2025-08-01T22:36:27Z</Time><HeartRateBpm><Value>89</Value></HeartRateBpm><Extensions><ns3:TPX><ns3:Speed>0.0</ns3:Speed></ns3:TPX></Extensions></Trackpoint><Trackpoint><Time>2025-08-01T22:36:28Z</Time><HeartRateBpm><Value>87</Value></HeartRateBpm><Extensions><ns3:TPX><ns3:Speed>0.0</ns3:Speed></ns3:TPX></Extensions></Trackpoint><Trackpoint><Time>2025-08-01T22:36:30Z</Time><HeartRateBpm><Value>86</Value></HeartRateBpm><Extensions><ns3:TPX><ns3:Speed>0.0</ns3:Speed></ns3:TPX></Extensions></Trackpoint><Trackpoint><Time>2025-08-01T22:36:31Z</Time><HeartRateBpm><Value>85</Value></HeartRateBpm><Extensions><ns3:TPX><ns3:Speed>0.0</ns3:Speed></ns3:TPX></Extensions></Trackpoint><Trackpoint><Time>2025-08-01T22:36:34Z</Time><HeartRateBpm><Value>86</Value></HeartRateBpm><Extensions><ns3:TPX><ns3:Speed>0.0</ns3:Speed></ns3:TPX></Extensions></Trackpoint><Trackpoint><Time>2025-08-01T22:36:37Z</Time><HeartRateBpm><Value>87</Value></HeartRateBpm><Extensions><ns3:TPX><ns3:Speed>0.0</ns3:Speed></ns3:TPX></Extensions></Trackpoint><Trackpoint><Time>2025-08-01T22:36:38Z</Time><HeartRateBpm><Value>88</Value></HeartRateBpm><Extensions><ns3:TPX><ns3:Speed>0.0</ns3:Speed></ns3:TPX></Extensions></Trackpoint><Trackpoint><Time>2025-08-01T22:36:39Z</Time><HeartRateBpm><Value>89</Value></HeartRateBpm><Extensions><ns3:TPX><ns3:Speed>0.0</ns3:Speed></ns3:TPX></Extensions></Trackpoint><Trackpoint><Time>2025-08-01T22:36:41Z</Time><HeartRateBpm><Value>88</Value></HeartRateBpm><Extensions><ns3:TPX><ns3:Speed>0.0</ns3:Speed></ns3:TPX></Extensions></Trackpoint><Trackpoint><Time>2025-08-01T22:36:43Z</Time><HeartRateBpm><Value>87</Value></HeartRateBpm><Extensions><ns3:TPX><ns3:Speed>0.0</ns3:Speed></ns3:TPX></Extensions></Trackpoint><Trackpoint><Time>2025-08-01T22:36:48Z</Time><HeartRateBpm><Value>88</Value></HeartRateBpm><Extensions><ns3:TPX><ns3:Speed>0.0</ns3:Speed></ns3:TPX></Extensions></Trackpoint><Trackpoint><Time>2025-08-01T22:36:51Z</Time><HeartRateBpm><Value>89</Value></HeartRateBpm><Extensions><ns3:TPX><ns3:Speed>0.0</ns3:Speed></ns3:TPX></Extensions></Trackpoint><Trackpoint><Time>2025-08-01T22:36:52Z</Time><HeartRateBpm><Value>90</Value></HeartRateBpm><Extensions><ns3:TPX><ns3:Speed>0.0</ns3:Speed></ns3:TPX></Extensions></Trackpoint><Trackpoint><Time>2025-08-01T22:36:54Z</Time><HeartRateBpm><Value>91</Value></HeartRateBpm><Extensions><ns3:TPX><ns3:Speed>0.0</ns3:Speed></ns3:TPX></Extensions></Trackpoint><Trackpoint><Time>2025-08-01T22:36:55Z</Time><HeartRateBpm><Value>93</Value></HeartRateBpm><Extensions><ns3:TPX><ns3:Speed>0.0</ns3:Speed></ns3:TPX></Extensions></Trackpoint><Trackpoint><Time>2025-08-01T22:36:56Z</Time><HeartRateBpm><Value>94</Value></HeartRateBpm><Extensions><ns3:TPX><ns3:Speed>0.0</ns3:Speed></ns3:TPX></Extensions></Trackpoint><Trackpoint><Time>2025-08-01T22:36:57Z</Time><HeartRateBpm><Value>95</Value></HeartRateBpm><Extensions><ns3:TPX><ns3:Speed>0.0</ns3:Speed></ns3:TPX></Extensions></Trackpoint><Trackpoint><Time>2025-08-01T22:37:00Z</Time><HeartRateBpm><Value>94</Value></HeartRateBpm><Extensions><ns3:TPX><ns3:Speed>0.0</ns3:Speed></ns3:TPX></Extensions></Trackpoint><Trackpoint><Time>2025-08-01T22:37:01Z</Time><HeartRateBpm><Value>93</Value></HeartRateBpm><Extensions><ns3:TPX><ns3:Speed>0.0</ns3:Speed></ns3:TPX></Extensions></Trackpoint><Trackpoint><Time>2025-08-01T22:37:03Z</Time><HeartRateBpm><Value>95</Value></HeartRateBpm><Extensions><ns3:TPX><ns3:Speed>0.0</ns3:Speed></ns3:TPX></Extensions></Trackpoint><Trackpoint><Time>2025-08-01T22:37:04Z</Time><HeartRateBpm><Value>96</Value></HeartRateBpm><Extensions><ns3:TPX><ns3:Speed>0.0</ns3:Speed></ns3:TPX></Extensions></Trackpoint><Trackpoint><Time>2025-08-01T22:37:07Z</Time><HeartRateBpm><Value>92</Value></HeartRateBpm><Extensions><ns3:TPX><ns3:Speed>0.0</ns3:Speed></ns3:TPX></Extensions></Trackpoint><Trackpoint><Time>2025-08-01T22:37:08Z</Time><HeartRateBpm><Value>95</Value></HeartRateBpm><Extensions><ns3:TPX><ns3:Speed>0.0</ns3:Speed></ns3:TPX></Extensions></Trackpoint><Trackpoint><Time>2025-08-01T22:37:09Z</Time><HeartRateBpm><Value>93</Value></HeartRateBpm><Extensions><ns3:TPX><ns3:Speed>0.0</ns3:Speed></ns3:TPX></Extensions></Trackpoint><Trackpoint><Time>2025-08-01T22:37:14Z</Time><HeartRateBpm><Value>93</Value></HeartRateBpm><Extensions><ns3:TPX><ns3:Speed>0.0</ns3:Speed></ns3:TPX></Extensions></Trackpoint><Trackpoint><Time>2025-08-01T22:37:15Z</Time><HeartRateBpm><Value>96</Value></HeartRateBpm><Extensions><ns3:TPX><ns3:Speed>0.0</ns3:Speed></ns3:TPX></Extensions></Trackpoint><Trackpoint><Time>2025-08-01T22:37:16Z</Time><HeartRateBpm><Value>100</Value></HeartRateBpm><Extensions><ns3:TPX><ns3:Speed>0.0</ns3:Speed></ns3:TPX></Extensions></Trackpoint><Trackpoint><Time>2025-08-01T22:37:17Z</Time><HeartRateBpm><Value>101</Value></HeartRateBpm><Extensions><ns3:TPX><ns3:Speed>0.0</ns3:Speed></ns3:TPX></Extensions></Trackpoint><Trackpoint><Time>2025-08-01T22:37:21Z</Time><HeartRateBpm><Value>100</Value></HeartRateBpm><Extensions><ns3:TPX><ns3:Speed>0.0</ns3:Speed></ns3:TPX></Extensions></Trackpoint><Trackpoint><Time>2025-08-01T22:37:22Z</Time><HeartRateBpm><Value>101</Value></HeartRateBpm><Extensions><ns3:TPX><ns3:Speed>0.0</ns3:Speed></ns3:TPX></Extensions></Trackpoint><Trackpoint><Time>2025-08-01T22:37:23Z</Time><HeartRateBpm><Value>102</Value></HeartRateBpm><Extensions><ns3:TPX><ns3:Speed>0.0</ns3:Speed></ns3:TPX></Extensions></Trackpoint><Trackpoint><Time>2025-08-01T22:37:25Z</Time><HeartRateBpm><Value>103</Value></HeartRateBpm><Extensions><ns3:TPX><ns3:Speed>0.0</ns3:Speed></ns3:TPX></Extensions></Trackpoint><Trackpoint><Time>2025-08-01T22:37:27Z</Time><HeartRateBpm><Value>97</Value></HeartRateBpm><Extensions><ns3:TPX><ns3:Speed>0.0</ns3:Speed></ns3:TPX></Extensions></Trackpoint><Trackpoint><Time>2025-08-01T22:37:28Z</Time><HeartRateBpm><Value>98</Value></HeartRateBpm><Extensions><ns3:TPX><ns3:Speed>0.0</ns3:Speed></ns3:TPX></Extensions></Trackpoint><Trackpoint><Time>2025-08-01T22:37:29Z</Time><HeartRateBpm><Value>97</Value></HeartRateBpm><Extensions><ns3:TPX><ns3:Speed>0.0</ns3:Speed></ns3:TPX></Extensions></Trackpoint><Trackpoint><Time>2025-08-01T22:37:33Z</Time><HeartRateBpm><Value>98</Value></HeartRateBpm><Extensions><ns3:TPX><ns3:Speed>0.0</ns3:Speed></ns3:TPX></Extensions></Trackpoint><Trackpoint><Time>2025-08-01T22:37:34Z</Time><HeartRateBpm><Value>99</Value></HeartRateBpm><Extensions><ns3:TPX><ns3:Speed>0.0</ns3:Speed></ns3:TPX></Extensions></Trackpoint><Trackpoint><Time>2025-08-01T22:37:35Z</Time><HeartRateBpm><Value>100</Value></HeartRateBpm><Extensions><ns3:TPX><ns3:Speed>0.0</ns3:Speed></ns3:TPX></Extensions></Trackpoint><Trackpoint><Time>2025-08-01T22:37:38Z</Time><HeartRateBpm><Value>101</Value></HeartRateBpm><Extensions><ns3:TPX><ns3:Speed>0.0</ns3:Speed></ns3:TPX></Extensions></Trackpoint><Trackpoint><Time>2025-08-01T22:37:40Z</Time><HeartRateBpm><Value>100</Value></HeartRateBpm><Extensions><ns3:TPX><ns3:Speed>0.0</ns3:Speed></ns3:TPX></Extensions></Trackpoint><Trackpoint><Time>2025-08-01T22:37:41Z</Time><HeartRateBpm><Value>101</Value></HeartRateBpm><Extensions><ns3:TPX><ns3:Speed>0.0</ns3:Speed></ns3:TPX></Extensions></Trackpoint><Trackpoint><Time>2025-08-01T22:37:43Z</Time><HeartRateBpm><Value>102</Value></HeartRateBpm><Extensions><ns3:TPX><ns3:Speed>0.0</ns3:Speed></ns3:TPX></Extensions></Trackpoint><Trackpoint><Time>2025-08-01T22:37:44Z</Time><HeartRateBpm><Value>103</Value></HeartRateBpm><Extensions><ns3:TPX><ns3:Speed>0.0</ns3:Speed></ns3:TPX></Extensions></Trackpoint><Trackpoint><Time>2025-08-01T22:37:46Z</Time><HeartRateBpm><Value>100</Value></HeartRateBpm><Extensions><ns3:TPX><ns3:Speed>0.0</ns3:Speed></ns3:TPX></Extensions></Trackpoint><Trackpoint><Time>2025-08-01T22:37:49Z</Time><HeartRateBpm><Value>99</Value></HeartRateBpm><Extensions><ns3:TPX><ns3:Speed>0.0</ns3:Speed></ns3:TPX></Extensions></Trackpoint><Trackpoint><Time>2025-08-01T22:37:53Z</Time><HeartRateBpm><Value>100</Value></HeartRateBpm><Extensions><ns3:TPX><ns3:Speed>0.0</ns3:Speed></ns3:TPX></Extensions></Trackpoint><Trackpoint><Time>2025-08-01T22:37:57Z</Time><HeartRateBpm><Value>101</Value></HeartRateBpm><Extensions><ns3:TPX><ns3:Speed>0.0</ns3:Speed></ns3:TPX></Extensions></Trackpoint><Trackpoint><Time>2025-08-01T22:37:59Z</Time><HeartRateBpm><Value>102</Value></HeartRateBpm><Extensions><ns3:TPX><ns3:Speed>0.0</ns3:Speed></ns3:TPX></Extensions></Trackpoint><Trackpoint><Time>2025-08-01T22:38:02Z</Time><HeartRateBpm><Value>103</Value></HeartRateBpm><Extensions><ns3:TPX><ns3:Speed>0.0</ns3:Speed></ns3:TPX></Extensions></Trackpoint><Trackpoint><Time>2025-08-01T22:38:03Z</Time><HeartRateBpm><Value>104</Value></HeartRateBpm><Extensions><ns3:TPX><ns3:Speed>0.0</ns3:Speed></ns3:TPX></Extensions></Trackpoint><Trackpoint><Time>2025-08-01T22:38:04Z</Time><HeartRateBpm><Value>106</Value></HeartRateBpm><Extensions><ns3:TPX><ns3:Speed>0.0</ns3:Speed></ns3:TPX></Extensions></Trackpoint><Trackpoint><Time>2025-08-01T22:38:05Z</Time><HeartRateBpm><Value>113</Value></HeartRateBpm><Extensions><ns3:TPX><ns3:Speed>0.0</ns3:Speed></ns3:TPX></Extensions></Trackpoint><Trackpoint><Time>2025-08-01T22:38:07Z</Time><HeartRateBpm><Value>119</Value></HeartRateBpm><Extensions><ns3:TPX><ns3:Speed>0.0</ns3:Speed></ns3:TPX></Extensions></Trackpoint><Trackpoint><Time>2025-08-01T22:38:08Z</Time><HeartRateBpm><Value>121</Value></HeartRateBpm><Extensions><ns3:TPX><ns3:Speed>0.0</ns3:Speed></ns3:TPX></Extensions></Trackpoint><Trackpoint><Time>2025-08-01T22:38:09Z</Time><HeartRateBpm><Value>113</Value></HeartRateBpm><Extensions><ns3:TPX><ns3:Speed>0.0</ns3:Speed></ns3:TPX></Extensions></Trackpoint><Trackpoint><Time>2025-08-01T22:38:10Z</Time><HeartRateBpm><Value>114</Value></HeartRateBpm><Extensions><ns3:TPX><ns3:Speed>0.0</ns3:Speed></ns3:TPX></Extensions></Trackpoint><Trackpoint><Time>2025-08-01T22:38:11Z</Time><HeartRateBpm><Value>109</Value></HeartRateBpm><Extensions><ns3:TPX><ns3:Speed>0.0</ns3:Speed></ns3:TPX></Extensions></Trackpoint><Trackpoint><Time>2025-08-01T22:38:12Z</Time><HeartRateBpm><Value>107</Value></HeartRateBpm><Extensions><ns3:TPX><ns3:Speed>0.0</ns3:Speed></ns3:TPX></Extensions></Trackpoint><Trackpoint><Time>2025-08-01T22:38:14Z</Time><HeartRateBpm><Value>105</Value></HeartRateBpm><Extensions><ns3:TPX><ns3:Speed>0.0</ns3:Speed></ns3:TPX></Extensions></Trackpoint><Trackpoint><Time>2025-08-01T22:38:16Z</Time><HeartRateBpm><Value>108</Value></HeartRateBpm><Extensions><ns3:TPX><ns3:Speed>0.0</ns3:Speed></ns3:TPX></Extensions></Trackpoint><Trackpoint><Time>2025-08-01T22:38:17Z</Time><HeartRateBpm><Value>109</Value></HeartRateBpm><Extensions><ns3:TPX><ns3:Speed>0.0</ns3:Speed></ns3:TPX></Extensions></Trackpoint><Trackpoint><Time>2025-08-01T22:38:18Z</Time><HeartRateBpm><Value>111</Value></HeartRateBpm><Extensions><ns3:TPX><ns3:Speed>0.0</ns3:Speed></ns3:TPX></Extensions></Trackpoint><Trackpoint><Time>2025-08-01T22:38:20Z</Time><HeartRateBpm><Value>109</Value></HeartRateBpm><Extensions><ns3:TPX><ns3:Speed>0.0</ns3:Speed></ns3:TPX></Extensions></Trackpoint><Trackpoint><Time>2025-08-01T22:38:21Z</Time><HeartRateBpm><Value>106</Value></HeartRateBpm><Extensions><ns3:TPX><ns3:Speed>0.0</ns3:Speed></ns3:TPX></Extensions></Trackpoint><Trackpoint><Time>2025-08-01T22:38:22Z</Time><HeartRateBpm><Value>103</Value></HeartRateBpm><Extensions><ns3:TPX><ns3:Speed>0.0</ns3:Speed></ns3:TPX></Extensions></Trackpoint><Trackpoint><Time>2025-08-01T22:38:24Z</Time><HeartRateBpm><Value>104</Value></HeartRateBpm><Extensions><ns3:TPX><ns3:Speed>0.0</ns3:Speed></ns3:TPX></Extensions></Trackpoint><Trackpoint><Time>2025-08-01T22:38:26Z</Time><HeartRateBpm><Value>105</Value></HeartRateBpm><Extensions><ns3:TPX><ns3:Speed>0.0</ns3:Speed></ns3:TPX></Extensions></Trackpoint><Trackpoint><Time>2025-08-01T22:38:32Z</Time><HeartRateBpm><Value>104</Value></HeartRateBpm><Extensions><ns3:TPX><ns3:Speed>0.0</ns3:Speed></ns3:TPX></Extensions></Trackpoint><Trackpoint><Time>2025-08-01T22:38:36Z</Time><HeartRateBpm><Value>103</Value></HeartRateBpm><Extensions><ns3:TPX><ns3:Speed>0.0</ns3:Speed></ns3:TPX></Extensions></Trackpoint><Trackpoint><Time>2025-08-01T22:38:38Z</Time><HeartRateBpm><Value>102</Value></HeartRateBpm><Extensions><ns3:TPX><ns3:Speed>0.0</ns3:Speed></ns3:TPX></Extensions></Trackpoint><Trackpoint><Time>2025-08-01T22:38:44Z</Time><HeartRateBpm><Value>103</Value></HeartRateBpm><Extensions><ns3:TPX><ns3:Speed>0.0</ns3:Speed></ns3:TPX></Extensions></Trackpoint><Trackpoint><Time>2025-08-01T22:38:50Z</Time><HeartRateBpm><Value>103</Value></HeartRateBpm><Extensions><ns3:TPX><ns3:Speed>0.0</ns3:Speed></ns3:TPX></Extensions></Trackpoint><Trackpoint><Time>2025-08-01T22:38:51Z</Time><HeartRateBpm><Value>104</Value></HeartRateBpm><Extensions><ns3:TPX><ns3:Speed>0.0</ns3:Speed></ns3:TPX></Extensions></Trackpoint><Trackpoint><Time>2025-08-01T22:38:52Z</Time><HeartRateBpm><Value>105</Value></HeartRateBpm><Extensions><ns3:TPX><ns3:Speed>0.0</ns3:Speed></ns3:TPX></Extensions></Trackpoint><Trackpoint><Time>2025-08-01T22:38:54Z</Time><HeartRateBpm><Value>104</Value></HeartRateBpm><Extensions><ns3:TPX><ns3:Speed>0.0</ns3:Speed></ns3:TPX></Extensions></Trackpoint><Trackpoint><Time>2025-08-01T22:38:56Z</Time><HeartRateBpm><Value>103</Value></HeartRateBpm><Extensions><ns3:TPX><ns3:Speed>0.0</ns3:Speed></ns3:TPX></Extensions></Trackpoint><Trackpoint><Time>2025-08-01T22:38:59Z</Time><HeartRateBpm><Value>104</Value></HeartRateBpm><Extensions><ns3:TPX><ns3:Speed>0.0</ns3:Speed></ns3:TPX></Extensions></Trackpoint><Trackpoint><Time>2025-08-01T22:39:04Z</Time><HeartRateBpm><Value>103</Value></HeartRateBpm><Extensions><ns3:TPX><ns3:Speed>0.0</ns3:Speed></ns3:TPX></Extensions></Trackpoint><Trackpoint><Time>2025-08-01T22:39:05Z</Time><HeartRateBpm><Value>102</Value></HeartRateBpm><Extensions><ns3:TPX><ns3:Speed>0.0</ns3:Speed></ns3:TPX></Extensions></Trackpoint><Trackpoint><Time>2025-08-01T22:39:09Z</Time><HeartRateBpm><Value>103</Value></HeartRateBpm><Extensions><ns3:TPX><ns3:Speed>0.0</ns3:Speed></ns3:TPX></Extensions></Trackpoint><Trackpoint><Time>2025-08-01T22:39:11Z</Time><HeartRateBpm><Value>102</Value></HeartRateBpm><Extensions><ns3:TPX><ns3:Speed>0.0</ns3:Speed></ns3:TPX></Extensions></Trackpoint><Trackpoint><Time>2025-08-01T22:39:16Z</Time><HeartRateBpm><Value>103</Value></HeartRateBpm><Extensions><ns3:TPX><ns3:Speed>0.0</ns3:Speed></ns3:TPX></Extensions></Trackpoint><Trackpoint><Time>2025-08-01T22:39:17Z</Time><HeartRateBpm><Value>104</Value></HeartRateBpm><Extensions><ns3:TPX><ns3:Speed>0.0</ns3:Speed></ns3:TPX></Extensions></Trackpoint><Trackpoint><Time>2025-08-01T22:39:18Z</Time><HeartRateBpm><Value>105</Value></HeartRateBpm><Extensions><ns3:TPX><ns3:Speed>0.0</ns3:Speed></ns3:TPX></Extensions></Trackpoint><Trackpoint><Time>2025-08-01T22:39:21Z</Time><HeartRateBpm><Value>106</Value></HeartRateBpm><Extensions><ns3:TPX><ns3:Speed>0.0</ns3:Speed></ns3:TPX></Extensions></Trackpoint><Trackpoint><Time>2025-08-01T22:39:22Z</Time><HeartRateBpm><Value>109</Value></HeartRateBpm><Extensions><ns3:TPX><ns3:Speed>0.0</ns3:Speed></ns3:TPX></Extensions></Trackpoint><Trackpoint><Time>2025-08-01T22:39:23Z</Time><HeartRateBpm><Value>113</Value></HeartRateBpm><Extensions><ns3:TPX><ns3:Speed>0.0</ns3:Speed></ns3:TPX></Extensions></Trackpoint><Trackpoint><Time>2025-08-01T22:39:27Z</Time><HeartRateBpm><Value>107</Value></HeartRateBpm><Extensions><ns3:TPX><ns3:Speed>0.0</ns3:Speed></ns3:TPX></Extensions></Trackpoint><Trackpoint><Time>2025-08-01T22:39:28Z</Time><HeartRateBpm><Value>111</Value></HeartRateBpm><Extensions><ns3:TPX><ns3:Speed>0.0</ns3:Speed></ns3:TPX></Extensions></Trackpoint><Trackpoint><Time>2025-08-01T22:39:29Z</Time><HeartRateBpm><Value>108</Value></HeartRateBpm><Extensions><ns3:TPX><ns3:Speed>0.0</ns3:Speed></ns3:TPX></Extensions></Trackpoint><Trackpoint><Time>2025-08-01T22:39:33Z</Time><HeartRateBpm><Value>107</Value></HeartRateBpm><Extensions><ns3:TPX><ns3:Speed>0.0</ns3:Speed></ns3:TPX></Extensions></Trackpoint><Trackpoint><Time>2025-08-01T22:39:36Z</Time><HeartRateBpm><Value>108</Value></HeartRateBpm><Extensions><ns3:TPX><ns3:Speed>0.0</ns3:Speed></ns3:TPX></Extensions></Trackpoint><Trackpoint><Time>2025-08-01T22:39:41Z</Time><HeartRateBpm><Value>108</Value></HeartRateBpm><Extensions><ns3:TPX><ns3:Speed>0.0</ns3:Speed></ns3:TPX></Extensions></Trackpoint><Trackpoint><Time>2025-08-01T22:39:45Z</Time><HeartRateBpm><Value>109</Value></HeartRateBpm><Extensions><ns3:TPX><ns3:Speed>0.0</ns3:Speed></ns3:TPX></Extensions></Trackpoint><Trackpoint><Time>2025-08-01T22:39:49Z</Time><HeartRateBpm><Value>108</Value></HeartRateBpm><Extensions><ns3:TPX><ns3:Speed>0.0</ns3:Speed></ns3:TPX></Extensions></Trackpoint><Trackpoint><Time>2025-08-01T22:39:52Z</Time><HeartRateBpm><Value>107</Value></HeartRateBpm><Extensions><ns3:TPX><ns3:Speed>0.0</ns3:Speed></ns3:TPX></Extensions></Trackpoint><Trackpoint><Time>2025-08-01T22:39:54Z</Time><HeartRateBpm><Value>108</Value></HeartRateBpm><Extensions><ns3:TPX><ns3:Speed>0.0</ns3:Speed></ns3:TPX></Extensions></Trackpoint><Trackpoint><Time>2025-08-01T22:39:59Z</Time><HeartRateBpm><Value>108</Value></HeartRateBpm><Extensions><ns3:TPX><ns3:Speed>0.0</ns3:Speed></ns3:TPX></Extensions></Trackpoint><Trackpoint><Time>2025-08-01T22:40:00Z</Time><HeartRateBpm><Value>110</Value></HeartRateBpm><Extensions><ns3:TPX><ns3:Speed>0.0</ns3:Speed></ns3:TPX></Extensions></Trackpoint><Trackpoint><Time>2025-08-01T22:40:04Z</Time><HeartRateBpm><Value>109</Value></HeartRateBpm><Extensions><ns3:TPX><ns3:Speed>0.0</ns3:Speed></ns3:TPX></Extensions></Trackpoint><Trackpoint><Time>2025-08-01T22:40:06Z</Time><HeartRateBpm><Value>110</Value></HeartRateBpm><Extensions><ns3:TPX><ns3:Speed>0.0</ns3:Speed></ns3:TPX></Extensions></Trackpoint><Trackpoint><Time>2025-08-01T22:40:10Z</Time><HeartRateBpm><Value>109</Value></HeartRateBpm><Extensions><ns3:TPX><ns3:Speed>0.0</ns3:Speed></ns3:TPX></Extensions></Trackpoint><Trackpoint><Time>2025-08-01T22:40:11Z</Time><HeartRateBpm><Value>108</Value></HeartRateBpm><Extensions><ns3:TPX><ns3:Speed>0.0</ns3:Speed></ns3:TPX></Extensions></Trackpoint><Trackpoint><Time>2025-08-01T22:40:13Z</Time><HeartRateBpm><Value>109</Value></HeartRateBpm><Extensions><ns3:TPX><ns3:Speed>0.0</ns3:Speed></ns3:TPX></Extensions></Trackpoint><Trackpoint><Time>2025-08-01T22:40:15Z</Time><HeartRateBpm><Value>110</Value></HeartRateBpm><Extensions><ns3:TPX><ns3:Speed>0.0</ns3:Speed></ns3:TPX></Extensions></Trackpoint><Trackpoint><Time>2025-08-01T22:40:19Z</Time><HeartRateBpm><Value>109</Value></HeartRateBpm><Extensions><ns3:TPX><ns3:Speed>0.0</ns3:Speed></ns3:TPX></Extensions></Trackpoint><Trackpoint><Time>2025-08-01T22:40:23Z</Time><HeartRateBpm><Value>110</Value></HeartRateBpm><Extensions><ns3:TPX><ns3:Speed>0.0</ns3:Speed></ns3:TPX></Extensions></Trackpoint><Trackpoint><Time>2025-08-01T22:40:24Z</Time><HeartRateBpm><Value>111</Value></HeartRateBpm><Extensions><ns3:TPX><ns3:Speed>0.0</ns3:Speed></ns3:TPX></Extensions></Trackpoint><Trackpoint><Time>2025-08-01T22:40:25Z</Time><HeartRateBpm><Value>110</Value></HeartRateBpm><Extensions><ns3:TPX><ns3:Speed>0.0</ns3:Speed></ns3:TPX></Extensions></Trackpoint><Trackpoint><Time>2025-08-01T22:40:26Z</Time><HeartRateBpm><Value>108</Value></HeartRateBpm><Extensions><ns3:TPX><ns3:Speed>0.0</ns3:Speed></ns3:TPX></Extensions></Trackpoint><Trackpoint><Time>2025-08-01T22:40:28Z</Time><HeartRateBpm><Value>107</Value></HeartRateBpm><Extensions><ns3:TPX><ns3:Speed>0.0</ns3:Speed></ns3:TPX></Extensions></Trackpoint><Trackpoint><Time>2025-08-01T22:40:31Z</Time><HeartRateBpm><Value>108</Value></HeartRateBpm><Extensions><ns3:TPX><ns3:Speed>0.0</ns3:Speed></ns3:TPX></Extensions></Trackpoint><Trackpoint><Time>2025-08-01T22:40:32Z</Time><HeartRateBpm><Value>110</Value></HeartRateBpm><Extensions><ns3:TPX><ns3:Speed>0.0</ns3:Speed></ns3:TPX></Extensions></Trackpoint><Trackpoint><Time>2025-08-01T22:40:33Z</Time><HeartRateBpm><Value>111</Value></HeartRateBpm><Extensions><ns3:TPX><ns3:Speed>0.0</ns3:Speed></ns3:TPX></Extensions></Trackpoint><Trackpoint><Time>2025-08-01T22:40:34Z</Time><HeartRateBpm><Value>112</Value></HeartRateBpm><Extensions><ns3:TPX><ns3:Speed>0.0</ns3:Speed></ns3:TPX></Extensions></Trackpoint><Trackpoint><Time>2025-08-01T22:40:35Z</Time><HeartRateBpm><Value>114</Value></HeartRateBpm><Extensions><ns3:TPX><ns3:Speed>0.0</ns3:Speed></ns3:TPX></Extensions></Trackpoint><Trackpoint><Time>2025-08-01T22:40:36Z</Time><HeartRateBpm><Value>115</Value></HeartRateBpm><Extensions><ns3:TPX><ns3:Speed>0.0</ns3:Speed></ns3:TPX></Extensions></Trackpoint><Trackpoint><Time>2025-08-01T22:40:41Z</Time><HeartRateBpm><Value>114</Value></HeartRateBpm><Extensions><ns3:TPX><ns3:Speed>0.0</ns3:Speed></ns3:TPX></Extensions></Trackpoint><Trackpoint><Time>2025-08-01T22:40:42Z</Time><HeartRateBpm><Value>118</Value></HeartRateBpm><Extensions><ns3:TPX><ns3:Speed>0.0</ns3:Speed></ns3:TPX></Extensions></Trackpoint><Trackpoint><Time>2025-08-01T22:40:43Z</Time><HeartRateBpm><Value>119</Value></HeartRateBpm><Extensions><ns3:TPX><ns3:Speed>0.0</ns3:Speed></ns3:TPX></Extensions></Trackpoint><Trackpoint><Time>2025-08-01T22:40:45Z</Time><HeartRateBpm><Value>120</Value></HeartRateBpm><Extensions><ns3:TPX><ns3:Speed>0.0</ns3:Speed></ns3:TPX></Extensions></Trackpoint><Trackpoint><Time>2025-08-01T22:40:46Z</Time><HeartRateBpm><Value>115</Value></HeartRateBpm><Extensions><ns3:TPX><ns3:Speed>0.0</ns3:Speed></ns3:TPX></Extensions></Trackpoint><Trackpoint><Time>2025-08-01T22:40:47Z</Time><HeartRateBpm><Value>118</Value></HeartRateBpm><Extensions><ns3:TPX><ns3:Speed>0.0</ns3:Speed></ns3:TPX></Extensions></Trackpoint><Trackpoint><Time>2025-08-01T22:40:48Z</Time><HeartRateBpm><Value>114</Value></HeartRateBpm><Extensions><ns3:TPX><ns3:Speed>0.0</ns3:Speed></ns3:TPX></Extensions></Trackpoint><Trackpoint><Time>2025-08-01T22:40:49Z</Time><HeartRateBpm><Value>115</Value></HeartRateBpm><Extensions><ns3:TPX><ns3:Speed>0.0</ns3:Speed></ns3:TPX></Extensions></Trackpoint><Trackpoint><Time>2025-08-01T22:40:51Z</Time><HeartRateBpm><Value>116</Value></HeartRateBpm><Extensions><ns3:TPX><ns3:Speed>0.0</ns3:Speed></ns3:TPX></Extensions></Trackpoint><Trackpoint><Time>2025-08-01T22:40:52Z</Time><HeartRateBpm><Value>121</Value></HeartRateBpm><Extensions><ns3:TPX><ns3:Speed>0.0</ns3:Speed></ns3:TPX></Extensions></Trackpoint><Trackpoint><Time>2025-08-01T22:40:53Z</Time><HeartRateBpm><Value>124</Value></HeartRateBpm><Extensions><ns3:TPX><ns3:Speed>0.0</ns3:Speed></ns3:TPX></Extensions></Trackpoint><Trackpoint><Time>2025-08-01T22:40:54Z</Time><HeartRateBpm><Value>129</Value></HeartRateBpm><Extensions><ns3:TPX><ns3:Speed>0.0</ns3:Speed></ns3:TPX></Extensions></Trackpoint><Trackpoint><Time>2025-08-01T22:40:55Z</Time><HeartRateBpm><Value>124</Value></HeartRateBpm><Extensions><ns3:TPX><ns3:Speed>0.0</ns3:Speed></ns3:TPX></Extensions></Trackpoint><Trackpoint><Time>2025-08-01T22:40:57Z</Time><HeartRateBpm><Value>126</Value></HeartRateBpm><Extensions><ns3:TPX><ns3:Speed>0.0</ns3:Speed></ns3:TPX></Extensions></Trackpoint><Trackpoint><Time>2025-08-01T22:40:58Z</Time><HeartRateBpm><Value>123</Value></HeartRateBpm><Extensions><ns3:TPX><ns3:Speed>0.0</ns3:Speed></ns3:TPX></Extensions></Trackpoint><Trackpoint><Time>2025-08-01T22:40:59Z</Time><HeartRateBpm><Value>119</Value></HeartRateBpm><Extensions><ns3:TPX><ns3:Speed>0.0</ns3:Speed></ns3:TPX></Extensions></Trackpoint><Trackpoint><Time>2025-08-01T22:41:00Z</Time><HeartRateBpm><Value>117</Value></HeartRateBpm><Extensions><ns3:TPX><ns3:Speed>0.0</ns3:Speed></ns3:TPX></Extensions></Trackpoint><Trackpoint><Time>2025-08-01T22:41:01Z</Time><HeartRateBpm><Value>115</Value></HeartRateBpm><Extensions><ns3:TPX><ns3:Speed>0.0</ns3:Speed></ns3:TPX></Extensions></Trackpoint><Trackpoint><Time>2025-08-01T22:41:03Z</Time><HeartRateBpm><Value>114</Value></HeartRateBpm><Extensions><ns3:TPX><ns3:Speed>0.0</ns3:Speed></ns3:TPX></Extensions></Trackpoint><Trackpoint><Time>2025-08-01T22:41:04Z</Time><HeartRateBpm><Value>111</Value></HeartRateBpm><Extensions><ns3:TPX><ns3:Speed>0.0</ns3:Speed></ns3:TPX></Extensions></Trackpoint><Trackpoint><Time>2025-08-01T22:41:05Z</Time><HeartRateBpm><Value>110</Value></HeartRateBpm><Extensions><ns3:TPX><ns3:Speed>0.0</ns3:Speed></ns3:TPX></Extensions></Trackpoint><Trackpoint><Time>2025-08-01T22:41:07Z</Time><HeartRateBpm><Value>109</Value></HeartRateBpm><Extensions><ns3:TPX><ns3:Speed>0.0</ns3:Speed></ns3:TPX></Extensions></Trackpoint><Trackpoint><Time>2025-08-01T22:41:12Z</Time><HeartRateBpm><Value>109</Value></HeartRateBpm><Extensions><ns3:TPX><ns3:Speed>0.0</ns3:Speed></ns3:TPX></Extensions></Trackpoint><Trackpoint><Time>2025-08-01T22:41:17Z</Time><HeartRateBpm><Value>108</Value></HeartRateBpm><Extensions><ns3:TPX><ns3:Speed>0.0</ns3:Speed></ns3:TPX></Extensions></Trackpoint><Trackpoint><Time>2025-08-01T22:41:19Z</Time><HeartRateBpm><Value>107</Value></HeartRateBpm><Extensions><ns3:TPX><ns3:Speed>0.0</ns3:Speed></ns3:TPX></Extensions></Trackpoint><Trackpoint><Time>2025-08-01T22:41:22Z</Time><HeartRateBpm><Value>106</Value></HeartRateBpm><Extensions><ns3:TPX><ns3:Speed>0.0</ns3:Speed></ns3:TPX></Extensions></Trackpoint><Trackpoint><Time>2025-08-01T22:41:25Z</Time><HeartRateBpm><Value>107</Value></HeartRateBpm><Extensions><ns3:TPX><ns3:Speed>0.0</ns3:Speed></ns3:TPX></Extensions></Trackpoint><Trackpoint><Time>2025-08-01T22:41:26Z</Time><HeartRateBpm><Value>109</Value></HeartRateBpm><Extensions><ns3:TPX><ns3:Speed>0.0</ns3:Speed></ns3:TPX></Extensions></Trackpoint><Trackpoint><Time>2025-08-01T22:41:28Z</Time><HeartRateBpm><Value>111</Value></HeartRateBpm><Extensions><ns3:TPX><ns3:Speed>0.0</ns3:Speed></ns3:TPX></Extensions></Trackpoint><Trackpoint><Time>2025-08-01T22:41:29Z</Time><HeartRateBpm><Value>113</Value></HeartRateBpm><Extensions><ns3:TPX><ns3:Speed>0.0</ns3:Speed></ns3:TPX></Extensions></Trackpoint><Trackpoint><Time>2025-08-01T22:41:30Z</Time><HeartRateBpm><Value>114</Value></HeartRateBpm><Extensions><ns3:TPX><ns3:Speed>0.0</ns3:Speed></ns3:TPX></Extensions></Trackpoint><Trackpoint><Time>2025-08-01T22:41:35Z</Time><HeartRateBpm><Value>113</Value></HeartRateBpm><Extensions><ns3:TPX><ns3:Speed>0.0</ns3:Speed></ns3:TPX></Extensions></Trackpoint><Trackpoint><Time>2025-08-01T22:41:40Z</Time><HeartRateBpm><Value>113</Value></HeartRateBpm><Extensions><ns3:TPX><ns3:Speed>0.0</ns3:Speed></ns3:TPX></Extensions></Trackpoint><Trackpoint><Time>2025-08-01T22:41:41Z</Time><HeartRateBpm><Value>114</Value></HeartRateBpm><Extensions><ns3:TPX><ns3:Speed>0.0</ns3:Speed></ns3:TPX></Extensions></Trackpoint><Trackpoint><Time>2025-08-01T22:41:46Z</Time><HeartRateBpm><Value>114</Value></HeartRateBpm><Extensions><ns3:TPX><ns3:Speed>0.0</ns3:Speed></ns3:TPX></Extensions></Trackpoint><Trackpoint><Time>2025-08-01T22:41:50Z</Time><HeartRateBpm><Value>115</Value></HeartRateBpm><Extensions><ns3:TPX><ns3:Speed>0.0</ns3:Speed></ns3:TPX></Extensions></Trackpoint><Trackpoint><Time>2025-08-01T22:41:52Z</Time><HeartRateBpm><Value>116</Value></HeartRateBpm><Extensions><ns3:TPX><ns3:Speed>0.0</ns3:Speed></ns3:TPX></Extensions></Trackpoint><Trackpoint><Time>2025-08-01T22:41:53Z</Time><HeartRateBpm><Value>117</Value></HeartRateBpm><Extensions><ns3:TPX><ns3:Speed>0.0</ns3:Speed></ns3:TPX></Extensions></Trackpoint><Trackpoint><Time>2025-08-01T22:41:54Z</Time><HeartRateBpm><Value>116</Value></HeartRateBpm><Extensions><ns3:TPX><ns3:Speed>0.0</ns3:Speed></ns3:TPX></Extensions></Trackpoint><Trackpoint><Time>2025-08-01T22:41:56Z</Time><HeartRateBpm><Value>115</Value></HeartRateBpm><Extensions><ns3:TPX><ns3:Speed>0.0</ns3:Speed></ns3:TPX></Extensions></Trackpoint><Trackpoint><Time>2025-08-01T22:42:00Z</Time><HeartRateBpm><Value>116</Value></HeartRateBpm><Extensions><ns3:TPX><ns3:Speed>0.0</ns3:Speed></ns3:TPX></Extensions></Trackpoint><Trackpoint><Time>2025-08-01T22:42:01Z</Time><HeartRateBpm><Value>118</Value></HeartRateBpm><Extensions><ns3:TPX><ns3:Speed>0.0</ns3:Speed></ns3:TPX></Extensions></Trackpoint><Trackpoint><Time>2025-08-01T22:42:02Z</Time><HeartRateBpm><Value>119</Value></HeartRateBpm><Extensions><ns3:TPX><ns3:Speed>0.0</ns3:Speed></ns3:TPX></Extensions></Trackpoint><Trackpoint><Time>2025-08-01T22:42:04Z</Time><HeartRateBpm><Value>120</Value></HeartRateBpm><Extensions><ns3:TPX><ns3:Speed>0.0</ns3:Speed></ns3:TPX></Extensions></Trackpoint><Trackpoint><Time>2025-08-01T22:42:05Z</Time><HeartRateBpm><Value>119</Value></HeartRateBpm><Extensions><ns3:TPX><ns3:Speed>0.0</ns3:Speed></ns3:TPX></Extensions></Trackpoint><Trackpoint><Time>2025-08-01T22:42:06Z</Time><HeartRateBpm><Value>118</Value></HeartRateBpm><Extensions><ns3:TPX><ns3:Speed>0.0</ns3:Speed></ns3:TPX></Extensions></Trackpoint><Trackpoint><Time>2025-08-01T22:42:07Z</Time><HeartRateBpm><Value>117</Value></HeartRateBpm><Extensions><ns3:TPX><ns3:Speed>0.0</ns3:Speed></ns3:TPX></Extensions></Trackpoint><Trackpoint><Time>2025-08-01T22:42:08Z</Time><HeartRateBpm><Value>118</Value></HeartRateBpm><Extensions><ns3:TPX><ns3:Speed>0.0</ns3:Speed></ns3:TPX></Extensions></Trackpoint><Trackpoint><Time>2025-08-01T22:42:13Z</Time><HeartRateBpm><Value>118</Value></HeartRateBpm><Extensions><ns3:TPX><ns3:Speed>0.0</ns3:Speed></ns3:TPX></Extensions></Trackpoint><Trackpoint><Time>2025-08-01T22:42:16Z</Time><HeartRateBpm><Value>119</Value></HeartRateBpm><Extensions><ns3:TPX><ns3:Speed>0.0</ns3:Speed></ns3:TPX></Extensions></Trackpoint><Trackpoint><Time>2025-08-01T22:42:19Z</Time><HeartRateBpm><Value>116</Value></HeartRateBpm><Extensions><ns3:TPX><ns3:Speed>0.0</ns3:Speed></ns3:TPX></Extensions></Trackpoint><Trackpoint><Time>2025-08-01T22:42:22Z</Time><HeartRateBpm><Value>115</Value></HeartRateBpm><Extensions><ns3:TPX><ns3:Speed>0.0</ns3:Speed></ns3:TPX></Extensions></Trackpoint><Trackpoint><Time>2025-08-01T22:42:23Z</Time><HeartRateBpm><Value>114</Value></HeartRateBpm><Extensions><ns3:TPX><ns3:Speed>0.0</ns3:Speed></ns3:TPX></Extensions></Trackpoint><Trackpoint><Time>2025-08-01T22:42:24Z</Time><HeartRateBpm><Value>113</Value></HeartRateBpm><Extensions><ns3:TPX><ns3:Speed>0.0</ns3:Speed></ns3:TPX></Extensions></Trackpoint><Trackpoint><Time>2025-08-01T22:42:25Z</Time><HeartRateBpm><Value>112</Value></HeartRateBpm><Extensions><ns3:TPX><ns3:Speed>0.0</ns3:Speed></ns3:TPX></Extensions></Trackpoint><Trackpoint><Time>2025-08-01T22:42:30Z</Time><HeartRateBpm><Value>112</Value></HeartRateBpm><Extensions><ns3:TPX><ns3:Speed>0.0</ns3:Speed></ns3:TPX></Extensions></Trackpoint><Trackpoint><Time>2025-08-01T22:42:31Z</Time><HeartRateBpm><Value>111</Value></HeartRateBpm><Extensions><ns3:TPX><ns3:Speed>0.0</ns3:Speed></ns3:TPX></Extensions></Trackpoint><Trackpoint><Time>2025-08-01T22:42:34Z</Time><HeartRateBpm><Value>112</Value></HeartRateBpm><Extensions><ns3:TPX><ns3:Speed>0.0</ns3:Speed></ns3:TPX></Extensions></Trackpoint><Trackpoint><Time>2025-08-01T22:42:38Z</Time><HeartRateBpm><Value>112</Value></HeartRateBpm><Extensions><ns3:TPX><ns3:Speed>0.0</ns3:Speed></ns3:TPX></Extensions></Trackpoint><Trackpoint><Time>2025-08-01T22:42:39Z</Time><HeartRateBpm><Value>113</Value></HeartRateBpm><Extensions><ns3:TPX><ns3:Speed>0.0</ns3:Speed></ns3:TPX></Extensions></Trackpoint><Trackpoint><Time>2025-08-01T22:42:42Z</Time><HeartRateBpm><Value>114</Value></HeartRateBpm><Extensions><ns3:TPX><ns3:Speed>0.0</ns3:Speed></ns3:TPX></Extensions></Trackpoint><Trackpoint><Time>2025-08-01T22:42:43Z</Time><HeartRateBpm><Value>113</Value></HeartRateBpm><Extensions><ns3:TPX><ns3:Speed>0.0</ns3:Speed></ns3:TPX></Extensions></Trackpoint><Trackpoint><Time>2025-08-01T22:42:44Z</Time><HeartRateBpm><Value>112</Value></HeartRateBpm><Extensions><ns3:TPX><ns3:Speed>0.0</ns3:Speed></ns3:TPX></Extensions></Trackpoint><Trackpoint><Time>2025-08-01T22:42:46Z</Time><HeartRateBpm><Value>113</Value></HeartRateBpm><Extensions><ns3:TPX><ns3:Speed>0.0</ns3:Speed></ns3:TPX></Extensions></Trackpoint><Trackpoint><Time>2025-08-01T22:42:47Z</Time><HeartRateBpm><Value>112</Value></HeartRateBpm><Extensions><ns3:TPX><ns3:Speed>0.0</ns3:Speed></ns3:TPX></Extensions></Trackpoint><Trackpoint><Time>2025-08-01T22:42:50Z</Time><HeartRateBpm><Value>111</Value></HeartRateBpm><Extensions><ns3:TPX><ns3:Speed>0.0</ns3:Speed></ns3:TPX></Extensions></Trackpoint><Trackpoint><Time>2025-08-01T22:42:52Z</Time><HeartRateBpm><Value>110</Value></HeartRateBpm><Extensions><ns3:TPX><ns3:Speed>0.0</ns3:Speed></ns3:TPX></Extensions></Trackpoint><Trackpoint><Time>2025-08-01T22:42:53Z</Time><HeartRateBpm><Value>111</Value></HeartRateBpm><Extensions><ns3:TPX><ns3:Speed>0.0</ns3:Speed></ns3:TPX></Extensions></Trackpoint><Trackpoint><Time>2025-08-01T22:42:55Z</Time><HeartRateBpm><Value>113</Value></HeartRateBpm><Extensions><ns3:TPX><ns3:Speed>0.0</ns3:Speed></ns3:TPX></Extensions></Trackpoint><Trackpoint><Time>2025-08-01T22:42:56Z</Time><HeartRateBpm><Value>115</Value></HeartRateBpm><Extensions><ns3:TPX><ns3:Speed>0.0</ns3:Speed></ns3:TPX></Extensions></Trackpoint><Trackpoint><Time>2025-08-01T22:42:57Z</Time><HeartRateBpm><Value>116</Value></HeartRateBpm><Extensions><ns3:TPX><ns3:Speed>0.0</ns3:Speed></ns3:TPX></Extensions></Trackpoint><Trackpoint><Time>2025-08-01T22:43:00Z</Time><HeartRateBpm><Value>115</Value></HeartRateBpm><Extensions><ns3:TPX><ns3:Speed>0.0</ns3:Speed></ns3:TPX></Extensions></Trackpoint><Trackpoint><Time>2025-08-01T22:43:01Z</Time><HeartRateBpm><Value>114</Value></HeartRateBpm><Extensions><ns3:TPX><ns3:Speed>0.0</ns3:Speed></ns3:TPX></Extensions></Trackpoint><Trackpoint><Time>2025-08-01T22:43:02Z</Time><HeartRateBpm><Value>113</Value></HeartRateBpm><Extensions><ns3:TPX><ns3:Speed>0.0</ns3:Speed></ns3:TPX></Extensions></Trackpoint><Trackpoint><Time>2025-08-01T22:43:03Z</Time><HeartRateBpm><Value>112</Value></HeartRateBpm><Extensions><ns3:TPX><ns3:Speed>0.0</ns3:Speed></ns3:TPX></Extensions></Trackpoint><Trackpoint><Time>2025-08-01T22:43:05Z</Time><HeartRateBpm><Value>111</Value></HeartRateBpm><Extensions><ns3:TPX><ns3:Speed>0.0</ns3:Speed></ns3:TPX></Extensions></Trackpoint><Trackpoint><Time>2025-08-01T22:43:06Z</Time><HeartRateBpm><Value>110</Value></HeartRateBpm><Extensions><ns3:TPX><ns3:Speed>0.0</ns3:Speed></ns3:TPX></Extensions></Trackpoint><Trackpoint><Time>2025-08-01T22:43:07Z</Time><HeartRateBpm><Value>112</Value></HeartRateBpm><Extensions><ns3:TPX><ns3:Speed>0.0</ns3:Speed></ns3:TPX></Extensions></Trackpoint><Trackpoint><Time>2025-08-01T22:43:08Z</Time><HeartRateBpm><Value>114</Value></HeartRateBpm><Extensions><ns3:TPX><ns3:Speed>0.0</ns3:Speed></ns3:TPX></Extensions></Trackpoint><Trackpoint><Time>2025-08-01T22:43:09Z</Time><HeartRateBpm><Value>115</Value></HeartRateBpm><Extensions><ns3:TPX><ns3:Speed>0.0</ns3:Speed></ns3:TPX></Extensions></Trackpoint><Trackpoint><Time>2025-08-01T22:43:11Z</Time><HeartRateBpm><Value>116</Value></HeartRateBpm><Extensions><ns3:TPX><ns3:Speed>0.0</ns3:Speed></ns3:TPX></Extensions></Trackpoint><Trackpoint><Time>2025-08-01T22:43:12Z</Time><HeartRateBpm><Value>114</Value></HeartRateBpm><Extensions><ns3:TPX><ns3:Speed>0.0</ns3:Speed></ns3:TPX></Extensions></Trackpoint><Trackpoint><Time>2025-08-01T22:43:13Z</Time><HeartRateBpm><Value>113</Value></HeartRateBpm><Extensions><ns3:TPX><ns3:Speed>0.0</ns3:Speed></ns3:TPX></Extensions></Trackpoint><Trackpoint><Time>2025-08-01T22:43:14Z</Time><HeartRateBpm><Value>112</Value></HeartRateBpm><Extensions><ns3:TPX><ns3:Speed>0.0</ns3:Speed></ns3:TPX></Extensions></Trackpoint><Trackpoint><Time>2025-08-01T22:43:15Z</Time><HeartRateBpm><Value>111</Value></HeartRateBpm><Extensions><ns3:TPX><ns3:Speed>0.0</ns3:Speed></ns3:TPX></Extensions></Trackpoint><Trackpoint><Time>2025-08-01T22:43:18Z</Time><HeartRateBpm><Value>112</Value></HeartRateBpm><Extensions><ns3:TPX><ns3:Speed>0.0</ns3:Speed></ns3:TPX></Extensions></Trackpoint><Trackpoint><Time>2025-08-01T22:43:20Z</Time><HeartRateBpm><Value>113</Value></HeartRateBpm><Extensions><ns3:TPX><ns3:Speed>0.0</ns3:Speed></ns3:TPX></Extensions></Trackpoint><Trackpoint><Time>2025-08-01T22:43:23Z</Time><HeartRateBpm><Value>114</Value></HeartRateBpm><Extensions><ns3:TPX><ns3:Speed>0.0</ns3:Speed></ns3:TPX></Extensions></Trackpoint><Trackpoint><Time>2025-08-01T22:43:26Z</Time><HeartRateBpm><Value>116</Value></HeartRateBpm><Extensions><ns3:TPX><ns3:Speed>0.0</ns3:Speed></ns3:TPX></Extensions></Trackpoint><Trackpoint><Time>2025-08-01T22:43:30Z</Time><HeartRateBpm><Value>117</Value></HeartRateBpm><Extensions><ns3:TPX><ns3:Speed>0.0</ns3:Speed></ns3:TPX></Extensions></Trackpoint><Trackpoint><Time>2025-08-01T22:43:32Z</Time><HeartRateBpm><Value>118</Value></HeartRateBpm><Extensions><ns3:TPX><ns3:Speed>0.0</ns3:Speed></ns3:TPX></Extensions></Trackpoint><Trackpoint><Time>2025-08-01T22:43:33Z</Time><HeartRateBpm><Value>117</Value></HeartRateBpm><Extensions><ns3:TPX><ns3:Speed>0.0</ns3:Speed></ns3:TPX></Extensions></Trackpoint><Trackpoint><Time>2025-08-01T22:43:36Z</Time><HeartRateBpm><Value>116</Value></HeartRateBpm><Extensions><ns3:TPX><ns3:Speed>0.0</ns3:Speed></ns3:TPX></Extensions></Trackpoint><Trackpoint><Time>2025-08-01T22:43:41Z</Time><HeartRateBpm><Value>116</Value></HeartRateBpm><Extensions><ns3:TPX><ns3:Speed>0.0</ns3:Speed></ns3:TPX></Extensions></Trackpoint><Trackpoint><Time>2025-08-01T22:43:47Z</Time><HeartRateBpm><Value>116</Value></HeartRateBpm><Extensions><ns3:TPX><ns3:Speed>0.0</ns3:Speed></ns3:TPX></Extensions></Trackpoint><Trackpoint><Time>2025-08-01T22:43:50Z</Time><HeartRateBpm><Value>114</Value></HeartRateBpm><Extensions><ns3:TPX><ns3:Speed>0.0</ns3:Speed></ns3:TPX></Extensions></Trackpoint><Trackpoint><Time>2025-08-01T22:43:51Z</Time><HeartRateBpm><Value>113</Value></HeartRateBpm><Extensions><ns3:TPX><ns3:Speed>0.0</ns3:Speed></ns3:TPX></Extensions></Trackpoint><Trackpoint><Time>2025-08-01T22:43:53Z</Time><HeartRateBpm><Value>115</Value></HeartRateBpm><Extensions><ns3:TPX><ns3:Speed>0.0</ns3:Speed></ns3:TPX></Extensions></Trackpoint><Trackpoint><Time>2025-08-01T22:43:54Z</Time><HeartRateBpm><Value>117</Value></HeartRateBpm><Extensions><ns3:TPX><ns3:Speed>0.0</ns3:Speed></ns3:TPX></Extensions></Trackpoint><Trackpoint><Time>2025-08-01T22:43:55Z</Time><HeartRateBpm><Value>118</Value></HeartRateBpm><Extensions><ns3:TPX><ns3:Speed>0.0</ns3:Speed></ns3:TPX></Extensions></Trackpoint><Trackpoint><Time>2025-08-01T22:43:56Z</Time><HeartRateBpm><Value>119</Value></HeartRateBpm><Extensions><ns3:TPX><ns3:Speed>0.0</ns3:Speed></ns3:TPX></Extensions></Trackpoint><Trackpoint><Time>2025-08-01T22:44:01Z</Time><HeartRateBpm><Value>119</Value></HeartRateBpm><Extensions><ns3:TPX><ns3:Speed>0.0</ns3:Speed></ns3:TPX></Extensions></Trackpoint><Trackpoint><Time>2025-08-01T22:44:06Z</Time><HeartRateBpm><Value>118</Value></HeartRateBpm><Extensions><ns3:TPX><ns3:Speed>0.0</ns3:Speed></ns3:TPX></Extensions></Trackpoint><Trackpoint><Time>2025-08-01T22:44:07Z</Time><HeartRateBpm><Value>117</Value></HeartRateBpm><Extensions><ns3:TPX><ns3:Speed>0.0</ns3:Speed></ns3:TPX></Extensions></Trackpoint><Trackpoint><Time>2025-08-01T22:44:08Z</Time><HeartRateBpm><Value>115</Value></HeartRateBpm><Extensions><ns3:TPX><ns3:Speed>0.0</ns3:Speed></ns3:TPX></Extensions></Trackpoint><Trackpoint><Time>2025-08-01T22:44:13Z</Time><HeartRateBpm><Value>114</Value></HeartRateBpm><Extensions><ns3:TPX><ns3:Speed>0.0</ns3:Speed></ns3:TPX></Extensions></Trackpoint><Trackpoint><Time>2025-08-01T22:44:14Z</Time><HeartRateBpm><Value>113</Value></HeartRateBpm><Extensions><ns3:TPX><ns3:Speed>0.0</ns3:Speed></ns3:TPX></Extensions></Trackpoint><Trackpoint><Time>2025-08-01T22:44:16Z</Time><HeartRateBpm><Value>114</Value></HeartRateBpm><Extensions><ns3:TPX><ns3:Speed>0.0</ns3:Speed></ns3:TPX></Extensions></Trackpoint><Trackpoint><Time>2025-08-01T22:44:19Z</Time><HeartRateBpm><Value>115</Value></HeartRateBpm><Extensions><ns3:TPX><ns3:Speed>0.0</ns3:Speed></ns3:TPX></Extensions></Trackpoint><Trackpoint><Time>2025-08-01T22:44:20Z</Time><HeartRateBpm><Value>116</Value></HeartRateBpm><Extensions><ns3:TPX><ns3:Speed>0.0</ns3:Speed></ns3:TPX></Extensions></Trackpoint><Trackpoint><Time>2025-08-01T22:44:21Z</Time><HeartRateBpm><Value>117</Value></HeartRateBpm><Extensions><ns3:TPX><ns3:Speed>0.0</ns3:Speed></ns3:TPX></Extensions></Trackpoint><Trackpoint><Time>2025-08-01T22:44:25Z</Time><HeartRateBpm><Value>118</Value></HeartRateBpm><Extensions><ns3:TPX><ns3:Speed>0.0</ns3:Speed></ns3:TPX></Extensions></Trackpoint><Trackpoint><Time>2025-08-01T22:44:26Z</Time><HeartRateBpm><Value>119</Value></HeartRateBpm><Extensions><ns3:TPX><ns3:Speed>0.0</ns3:Speed></ns3:TPX></Extensions></Trackpoint><Trackpoint><Time>2025-08-01T22:44:30Z</Time><HeartRateBpm><Value>120</Value></HeartRateBpm><Extensions><ns3:TPX><ns3:Speed>0.0</ns3:Speed></ns3:TPX></Extensions></Trackpoint><Trackpoint><Time>2025-08-01T22:44:32Z</Time><HeartRateBpm><Value>121</Value></HeartRateBpm><Extensions><ns3:TPX><ns3:Speed>0.0</ns3:Speed></ns3:TPX></Extensions></Trackpoint><Trackpoint><Time>2025-08-01T22:44:34Z</Time><HeartRateBpm><Value>120</Value></HeartRateBpm><Extensions><ns3:TPX><ns3:Speed>0.0</ns3:Speed></ns3:TPX></Extensions></Trackpoint><Trackpoint><Time>2025-08-01T22:44:37Z</Time><HeartRateBpm><Value>119</Value></HeartRateBpm><Extensions><ns3:TPX><ns3:Speed>0.0</ns3:Speed></ns3:TPX></Extensions></Trackpoint><Trackpoint><Time>2025-08-01T22:44:38Z</Time><HeartRateBpm><Value>118</Value></HeartRateBpm><Extensions><ns3:TPX><ns3:Speed>0.0</ns3:Speed></ns3:TPX></Extensions></Trackpoint><Trackpoint><Time>2025-08-01T22:44:42Z</Time><HeartRateBpm><Value>117</Value></HeartRateBpm><Extensions><ns3:TPX><ns3:Speed>0.0</ns3:Speed></ns3:TPX></Extensions></Trackpoint><Trackpoint><Time>2025-08-01T22:44:44Z</Time><HeartRateBpm><Value>118</Value></HeartRateBpm><Extensions><ns3:TPX><ns3:Speed>0.0</ns3:Speed></ns3:TPX></Extensions></Trackpoint><Trackpoint><Time>2025-08-01T22:44:45Z</Time><HeartRateBpm><Value>119</Value></HeartRateBpm><Extensions><ns3:TPX><ns3:Speed>0.0</ns3:Speed></ns3:TPX></Extensions></Trackpoint><Trackpoint><Time>2025-08-01T22:44:49Z</Time><HeartRateBpm><Value>119</Value></HeartRateBpm><Extensions><ns3:TPX><ns3:Speed>0.0</ns3:Speed></ns3:TPX></Extensions></Trackpoint><Trackpoint><Time>2025-08-01T22:44:50Z</Time><HeartRateBpm><Value>118</Value></HeartRateBpm><Extensions><ns3:TPX><ns3:Speed>0.0</ns3:Speed></ns3:TPX></Extensions></Trackpoint><Trackpoint><Time>2025-08-01T22:44:51Z</Time><HeartRateBpm><Value>117</Value></HeartRateBpm><Extensions><ns3:TPX><ns3:Speed>0.0</ns3:Speed></ns3:TPX></Extensions></Trackpoint><Trackpoint><Time>2025-08-01T22:44:56Z</Time><HeartRateBpm><Value>118</Value></HeartRateBpm><Extensions><ns3:TPX><ns3:Speed>0.0</ns3:Speed></ns3:TPX></Extensions></Trackpoint><Trackpoint><Time>2025-08-01T22:44:59Z</Time><HeartRateBpm><Value>117</Value></HeartRateBpm><Extensions><ns3:TPX><ns3:Speed>0.0</ns3:Speed></ns3:TPX></Extensions></Trackpoint><Trackpoint><Time>2025-08-01T22:45:02Z</Time><HeartRateBpm><Value>115</Value></HeartRateBpm><Extensions><ns3:TPX><ns3:Speed>0.0</ns3:Speed></ns3:TPX></Extensions></Trackpoint><Trackpoint><Time>2025-08-01T22:45:03Z</Time><HeartRateBpm><Value>113</Value></HeartRateBpm><Extensions><ns3:TPX><ns3:Speed>0.0</ns3:Speed></ns3:TPX></Extensions></Trackpoint><Trackpoint><Time>2025-08-01T22:45:08Z</Time><HeartRateBpm><Value>115</Value></HeartRateBpm><Extensions><ns3:TPX><ns3:Speed>0.0</ns3:Speed></ns3:TPX></Extensions></Trackpoint><Trackpoint><Time>2025-08-01T22:45:13Z</Time><HeartRateBpm><Value>115</Value></HeartRateBpm><Extensions><ns3:TPX><ns3:Speed>0.0</ns3:Speed></ns3:TPX></Extensions></Trackpoint><Trackpoint><Time>2025-08-01T22:45:14Z</Time><HeartRateBpm><Value>116</Value></HeartRateBpm><Extensions><ns3:TPX><ns3:Speed>0.0</ns3:Speed></ns3:TPX></Extensions></Trackpoint><Trackpoint><Time>2025-08-01T22:45:17Z</Time><HeartRateBpm><Value>117</Value></HeartRateBpm><Extensions><ns3:TPX><ns3:Speed>0.0</ns3:Speed></ns3:TPX></Extensions></Trackpoint><Trackpoint><Time>2025-08-01T22:45:20Z</Time><HeartRateBpm><Value>116</Value></HeartRateBpm><Extensions><ns3:TPX><ns3:Speed>0.0</ns3:Speed></ns3:TPX></Extensions></Trackpoint><Trackpoint><Time>2025-08-01T22:45:23Z</Time><HeartRateBpm><Value>115</Value></HeartRateBpm><Extensions><ns3:TPX><ns3:Speed>0.0</ns3:Speed></ns3:TPX></Extensions></Trackpoint><Trackpoint><Time>2025-08-01T22:45:24Z</Time><HeartRateBpm><Value>113</Value></HeartRateBpm><Extensions><ns3:TPX><ns3:Speed>0.0</ns3:Speed></ns3:TPX></Extensions></Trackpoint><Trackpoint><Time>2025-08-01T22:45:26Z</Time><HeartRateBpm><Value>114</Value></HeartRateBpm><Extensions><ns3:TPX><ns3:Speed>0.0</ns3:Speed></ns3:TPX></Extensions></Trackpoint><Trackpoint><Time>2025-08-01T22:45:27Z</Time><HeartRateBpm><Value>116</Value></HeartRateBpm><Extensions><ns3:TPX><ns3:Speed>0.0</ns3:Speed></ns3:TPX></Extensions></Trackpoint><Trackpoint><Time>2025-08-01T22:45:32Z</Time><HeartRateBpm><Value>116</Value></HeartRateBpm><Extensions><ns3:TPX><ns3:Speed>0.0</ns3:Speed></ns3:TPX></Extensions></Trackpoint><Trackpoint><Time>2025-08-01T22:45:37Z</Time><HeartRateBpm><Value>116</Value></HeartRateBpm><Extensions><ns3:TPX><ns3:Speed>0.0</ns3:Speed></ns3:TPX></Extensions></Trackpoint><Trackpoint><Time>2025-08-01T22:45:38Z</Time><HeartRateBpm><Value>117</Value></HeartRateBpm><Extensions><ns3:TPX><ns3:Speed>0.0</ns3:Speed></ns3:TPX></Extensions></Trackpoint><Trackpoint><Time>2025-08-01T22:45:39Z</Time><HeartRateBpm><Value>116</Value></HeartRateBpm><Extensions><ns3:TPX><ns3:Speed>0.0</ns3:Speed></ns3:TPX></Extensions></Trackpoint><Trackpoint><Time>2025-08-01T22:45:40Z</Time><HeartRateBpm><Value>115</Value></HeartRateBpm><Extensions><ns3:TPX><ns3:Speed>0.0</ns3:Speed></ns3:TPX></Extensions></Trackpoint><Trackpoint><Time>2025-08-01T22:45:42Z</Time><HeartRateBpm><Value>114</Value></HeartRateBpm><Extensions><ns3:TPX><ns3:Speed>0.0</ns3:Speed></ns3:TPX></Extensions></Trackpoint><Trackpoint><Time>2025-08-01T22:45:44Z</Time><HeartRateBpm><Value>113</Value></HeartRateBpm><Extensions><ns3:TPX><ns3:Speed>0.0</ns3:Speed></ns3:TPX></Extensions></Trackpoint><Trackpoint><Time>2025-08-01T22:45:45Z</Time><HeartRateBpm><Value>112</Value></HeartRateBpm><Extensions><ns3:TPX><ns3:Speed>0.0</ns3:Speed></ns3:TPX></Extensions></Trackpoint><Trackpoint><Time>2025-08-01T22:45:47Z</Time><HeartRateBpm><Value>111</Value></HeartRateBpm><Extensions><ns3:TPX><ns3:Speed>0.0</ns3:Speed></ns3:TPX></Extensions></Trackpoint><Trackpoint><Time>2025-08-01T22:45:51Z</Time><HeartRateBpm><Value>112</Value></HeartRateBpm><Extensions><ns3:TPX><ns3:Speed>0.0</ns3:Speed></ns3:TPX></Extensions></Trackpoint><Trackpoint><Time>2025-08-01T22:45:54Z</Time><HeartRateBpm><Value>113</Value></HeartRateBpm><Extensions><ns3:TPX><ns3:Speed>0.0</ns3:Speed></ns3:TPX></Extensions></Trackpoint><Trackpoint><Time>2025-08-01T22:45:56Z</Time><HeartRateBpm><Value>112</Value></HeartRateBpm><Extensions><ns3:TPX><ns3:Speed>0.0</ns3:Speed></ns3:TPX></Extensions></Trackpoint><Trackpoint><Time>2025-08-01T22:46:00Z</Time><HeartRateBpm><Value>111</Value></HeartRateBpm><Extensions><ns3:TPX><ns3:Speed>0.0</ns3:Speed></ns3:TPX></Extensions></Trackpoint><Trackpoint><Time>2025-08-01T22:46:02Z</Time><HeartRateBpm><Value>112</Value></HeartRateBpm><Extensions><ns3:TPX><ns3:Speed>0.0</ns3:Speed></ns3:TPX></Extensions></Trackpoint><Trackpoint><Time>2025-08-01T22:46:06Z</Time><HeartRateBpm><Value>113</Value></HeartRateBpm><Extensions><ns3:TPX><ns3:Speed>0.0</ns3:Speed></ns3:TPX></Extensions></Trackpoint><Trackpoint><Time>2025-08-01T22:46:08Z</Time><HeartRateBpm><Value>115</Value></HeartRateBpm><Extensions><ns3:TPX><ns3:Speed>0.0</ns3:Speed></ns3:TPX></Extensions></Trackpoint><Trackpoint><Time>2025-08-01T22:46:10Z</Time><HeartRateBpm><Value>116</Value></HeartRateBpm><Extensions><ns3:TPX><ns3:Speed>0.0</ns3:Speed></ns3:TPX></Extensions></Trackpoint><Trackpoint><Time>2025-08-01T22:46:13Z</Time><HeartRateBpm><Value>115</Value></HeartRateBpm><Extensions><ns3:TPX><ns3:Speed>0.0</ns3:Speed></ns3:TPX></Extensions></Trackpoint><Trackpoint><Time>2025-08-01T22:46:14Z</Time><HeartRateBpm><Value>116</Value></HeartRateBpm><Extensions><ns3:TPX><ns3:Speed>0.0</ns3:Speed></ns3:TPX></Extensions></Trackpoint><Trackpoint><Time>2025-08-01T22:46:16Z</Time><HeartRateBpm><Value>115</Value></HeartRateBpm><Extensions><ns3:TPX><ns3:Speed>0.0</ns3:Speed></ns3:TPX></Extensions></Trackpoint><Trackpoint><Time>2025-08-01T22:46:19Z</Time><HeartRateBpm><Value>114</Value></HeartRateBpm><Extensions><ns3:TPX><ns3:Speed>0.0</ns3:Speed></ns3:TPX></Extensions></Trackpoint><Trackpoint><Time>2025-08-01T22:46:20Z</Time><HeartRateBpm><Value>113</Value></HeartRateBpm><Extensions><ns3:TPX><ns3:Speed>0.0</ns3:Speed></ns3:TPX></Extensions></Trackpoint><Trackpoint><Time>2025-08-01T22:46:21Z</Time><HeartRateBpm><Value>112</Value></HeartRateBpm><Extensions><ns3:TPX><ns3:Speed>0.0</ns3:Speed></ns3:TPX></Extensions></Trackpoint><Trackpoint><Time>2025-08-01T22:46:26Z</Time><HeartRateBpm><Value>112</Value></HeartRateBpm><Extensions><ns3:TPX><ns3:Speed>0.0</ns3:Speed></ns3:TPX></Extensions></Trackpoint><Trackpoint><Time>2025-08-01T22:46:27Z</Time><HeartRateBpm><Value>111</Value></HeartRateBpm><Extensions><ns3:TPX><ns3:Speed>0.0</ns3:Speed></ns3:TPX></Extensions></Trackpoint><Trackpoint><Time>2025-08-01T22:46:30Z</Time><HeartRateBpm><Value>110</Value></HeartRateBpm><Extensions><ns3:TPX><ns3:Speed>0.0</ns3:Speed></ns3:TPX></Extensions></Trackpoint><Trackpoint><Time>2025-08-01T22:46:31Z</Time><HeartRateBpm><Value>109</Value></HeartRateBpm><Extensions><ns3:TPX><ns3:Speed>0.0</ns3:Speed></ns3:TPX></Extensions></Trackpoint><Trackpoint><Time>2025-08-01T22:46:33Z</Time><HeartRateBpm><Value>108</Value></HeartRateBpm><Extensions><ns3:TPX><ns3:Speed>0.0</ns3:Speed></ns3:TPX></Extensions></Trackpoint><Trackpoint><Time>2025-08-01T22:46:34Z</Time><HeartRateBpm><Value>109</Value></HeartRateBpm><Extensions><ns3:TPX><ns3:Speed>0.0</ns3:Speed></ns3:TPX></Extensions></Trackpoint><Trackpoint><Time>2025-08-01T22:46:39Z</Time><HeartRateBpm><Value>109</Value></HeartRateBpm><Extensions><ns3:TPX><ns3:Speed>0.0</ns3:Speed></ns3:TPX></Extensions></Trackpoint><Trackpoint><Time>2025-08-01T22:46:43Z</Time><HeartRateBpm><Value>108</Value></HeartRateBpm><Extensions><ns3:TPX><ns3:Speed>0.0</ns3:Speed></ns3:TPX></Extensions></Trackpoint><Trackpoint><Time>2025-08-01T22:46:44Z</Time><HeartRateBpm><Value>107</Value></HeartRateBpm><Extensions><ns3:TPX><ns3:Speed>0.0</ns3:Speed></ns3:TPX></Extensions></Trackpoint><Trackpoint><Time>2025-08-01T22:46:46Z</Time><HeartRateBpm><Value>106</Value></HeartRateBpm><Extensions><ns3:TPX><ns3:Speed>0.0</ns3:Speed></ns3:TPX></Extensions></Trackpoint><Trackpoint><Time>2025-08-01T22:46:48Z</Time><HeartRateBpm><Value>105</Value></HeartRateBpm><Extensions><ns3:TPX><ns3:Speed>0.0</ns3:Speed></ns3:TPX></Extensions></Trackpoint><Trackpoint><Time>2025-08-01T22:46:50Z</Time><HeartRateBpm><Value>106</Value></HeartRateBpm><Extensions><ns3:TPX><ns3:Speed>0.0</ns3:Speed></ns3:TPX></Extensions></Trackpoint><Trackpoint><Time>2025-08-01T22:46:51Z</Time><HeartRateBpm><Value>107</Value></HeartRateBpm><Extensions><ns3:TPX><ns3:Speed>0.0</ns3:Speed></ns3:TPX></Extensions></Trackpoint><Trackpoint><Time>2025-08-01T22:46:54Z</Time><HeartRateBpm><Value>108</Value></HeartRateBpm><Extensions><ns3:TPX><ns3:Speed>0.0</ns3:Speed></ns3:TPX></Extensions></Trackpoint><Trackpoint><Time>2025-08-01T22:46:57Z</Time><HeartRateBpm><Value>107</Value></HeartRateBpm><Extensions><ns3:TPX><ns3:Speed>0.0</ns3:Speed></ns3:TPX></Extensions></Trackpoint><Trackpoint><Time>2025-08-01T22:47:00Z</Time><HeartRateBpm><Value>106</Value></HeartRateBpm><Extensions><ns3:TPX><ns3:Speed>0.0</ns3:Speed></ns3:TPX></Extensions></Trackpoint><Trackpoint><Time>2025-08-01T22:47:01Z</Time><HeartRateBpm><Value>105</Value></HeartRateBpm><Extensions><ns3:TPX><ns3:Speed>0.0</ns3:Speed></ns3:TPX></Extensions></Trackpoint><Trackpoint><Time>2025-08-01T22:47:02Z</Time><HeartRateBpm><Value>104</Value></HeartRateBpm><Extensions><ns3:TPX><ns3:Speed>0.0</ns3:Speed></ns3:TPX></Extensions></Trackpoint><Trackpoint><Time>2025-08-01T22:47:06Z</Time><HeartRateBpm><Value>103</Value></HeartRateBpm><Extensions><ns3:TPX><ns3:Speed>0.0</ns3:Speed></ns3:TPX></Extensions></Trackpoint><Trackpoint><Time>2025-08-01T22:47:07Z</Time><HeartRateBpm><Value>102</Value></HeartRateBpm><Extensions><ns3:TPX><ns3:Speed>0.0</ns3:Speed></ns3:TPX></Extensions></Trackpoint><Trackpoint><Time>2025-08-01T22:47:08Z</Time><HeartRateBpm><Value>101</Value></HeartRateBpm><Extensions><ns3:TPX><ns3:Speed>0.0</ns3:Speed></ns3:TPX></Extensions></Trackpoint><Trackpoint><Time>2025-08-01T22:47:11Z</Time><HeartRateBpm><Value>102</Value></HeartRateBpm><Extensions><ns3:TPX><ns3:Speed>0.0</ns3:Speed></ns3:TPX></Extensions></Trackpoint><Trackpoint><Time>2025-08-01T22:47:13Z</Time><HeartRateBpm><Value>103</Value></HeartRateBpm><Extensions><ns3:TPX><ns3:Speed>0.0</ns3:Speed></ns3:TPX></Extensions></Trackpoint><Trackpoint><Time>2025-08-01T22:47:15Z</Time><HeartRateBpm><Value>104</Value></HeartRateBpm><Extensions><ns3:TPX><ns3:Speed>0.0</ns3:Speed></ns3:TPX></Extensions></Trackpoint><Trackpoint><Time>2025-08-01T22:47:18Z</Time><HeartRateBpm><Value>103</Value></HeartRateBpm><Extensions><ns3:TPX><ns3:Speed>0.0</ns3:Speed></ns3:TPX></Extensions></Trackpoint><Trackpoint><Time>2025-08-01T22:47:19Z</Time><HeartRateBpm><Value>102</Value></HeartRateBpm><Extensions><ns3:TPX><ns3:Speed>0.0</ns3:Speed></ns3:TPX></Extensions></Trackpoint><Trackpoint><Time>2025-08-01T22:47:21Z</Time><HeartRateBpm><Value>101</Value></HeartRateBpm><Extensions><ns3:TPX><ns3:Speed>0.0</ns3:Speed></ns3:TPX></Extensions></Trackpoint><Trackpoint><Time>2025-08-01T22:47:25Z</Time><HeartRateBpm><Value>100</Value></HeartRateBpm><Extensions><ns3:TPX><ns3:Speed>0.0</ns3:Speed></ns3:TPX></Extensions></Trackpoint><Trackpoint><Time>2025-08-01T22:47:30Z</Time><HeartRateBpm><Value>100</Value></HeartRateBpm><Extensions><ns3:TPX><ns3:Speed>0.0</ns3:Speed></ns3:TPX></Extensions></Trackpoint><Trackpoint><Time>2025-08-01T22:47:33Z</Time><HeartRateBpm><Value>99</Value></HeartRateBpm><Extensions><ns3:TPX><ns3:Speed>0.0</ns3:Speed></ns3:TPX></Extensions></Trackpoint></Track></Lap></Activity></Activities></TrainingCenterDatabase>