<?xml version="1.0" encoding="UTF-8"?><TrainingCenterDatabase xmlns="http://www.garmin.com/xmlschemas/TrainingCenterDatabase/v2" xmlns:ns2="http://www.garmin.com/xmlschemas/UserProfile/v2" xmlns:ns3="http://www.garmin.com/xmlschemas/ActivityExtension/v2" xmlns:ns5="http://www.garmin.com/xmlschemas/ActivityGoals/v1" xmlns:xsi="http://www.w3.org/2001/XMLSchema-instance" xsi:schemaLocation="http://www.garmin.com/xmlschemas/TrainingCenterDatabase/v2 http://www.garmin.com/xmlschemas/TrainingCenterDatabasev2.xsd"><Activities><Activity Sport="Run"><Id>2025-08-12T21:22:06Z</Id><Creator><Name>Amazfit Bip U Pro</Name></Creator><Lap StartTime="2025-08-12T21:22:06Z"><Calories>456.0</Calories><DistanceMeters>5032.0</DistanceMeters><TotalTimeSeconds>2275</TotalTimeSeconds><AverageHeartRateBpm><Value>149</Value></AverageHeartRateBpm><Extensions><ns3:LX><ns3:AvgSpeed>0.452</ns3:AvgSpeed></ns3:LX></Extensions><Track><Trackpoint><Time>2025-08-12T21:22:06Z</Time></Trackpoint><Trackpoint><Time>2025-08-12T21:22:17Z</Time><Extensions><ns3:TPX><ns3:Speed>0.0</ns3:Speed></ns3:TPX></Extensions></Trackpoint><Trackpoint><Time>2025-08-12T21:22:22Z</Time><HeartRateBpm><Value>94</Value></HeartRateBpm><Cadence>64</Cadence><Extensions><ns3:TPX><ns3:Speed>0.0</ns3:Speed></ns3:TPX></Extensions></Trackpoint><Trackpoint><Time>2025-08-12T21:22:23Z</Time><Position><LatitudeDegrees>-8.051435</LatitudeDegrees><LongitudeDegrees>-34.94991167</LongitudeDegrees></Position><HeartRateBpm><Value>94</Value></HeartRateBpm><Cadence>64</Cadence><Extensions><ns3:TPX><ns3:Speed>0.0</ns3:Speed></ns3:TPX></Extensions></Trackpoint><Trackpoint><Time>2025-08-12T21:22:24Z</Time><Position><LatitudeDegrees>-8.05142733</LatitudeDegrees><LongitudeDegrees>-34.94990201</LongitudeDegrees></Position><HeartRateBpm><Value>93</Value></HeartRateBpm><Cadence>64</Cadence><Extensions><ns3:TPX><ns3:Speed>0.0</ns3:Speed></ns3:TPX></Extensions></Trackpoint><Trackpoint><Time>2025-08-12T21:22:25Z</Time><Position><LatitudeDegrees>-8.05141434</LatitudeDegrees><LongitudeDegrees>-34.94988834</LongitudeDegrees></Position><HeartRateBpm><Value>93</Value></HeartRateBpm><Cadence>64</Cadence><Extensions><ns3:TPX><ns3:Speed>0.0</ns3:Speed><ns3:Pace>2.43</ns3:Pace></ns3:TPX></Extensions></Trackpoint><Trackpoint><Time>2025-08-12T21:22:26Z</Time><Position><LatitudeDegrees>-8.05139735</LatitudeDegrees><LongitudeDegrees>-34.94987534</LongitudeDegrees></Position><HeartRateBpm><Value>93</Value></HeartRateBpm><Cadence>62</Cadence><Extensions><ns3:TPX><ns3:Speed>0.4099999964237213</ns3:Speed><ns3:Pace>1.13</ns3:Pace></ns3:TPX></Extensions></Trackpoint><Trackpoint><Time>2025-08-12T21:22:27Z</Time><Position><LatitudeDegrees>-8.05137802</LatitudeDegrees><LongitudeDegrees>-34.94986302</LongitudeDegrees></Position><HeartRateBpm><Value>92</Value></HeartRateBpm><Cadence>62</Cadence><Extensions><ns3:TPX><ns3:Speed>0.8799999952316284</ns3:Speed><ns3:Pace>1.13</ns3:Pace></ns3:TPX></Extensions></Trackpoint><Trackpoint><Time>2025-08-12T21:22:28Z</Time><Position><LatitudeDegrees>-8.05135536</LatitudeDegrees><LongitudeDegrees>-34.94985403</LongitudeDegrees></Position><HeartRateBpm><Value>92</Value></HeartRateBpm><Cadence>62</Cadence><Extensions><ns3:TPX><ns3:Speed>0.8799999952316284</ns3:Speed><ns3:Pace>0.86</ns3:Pace></ns3:TPX></Extensions></Trackpoint><Trackpoint><Time>2025-08-12T21:22:29Z</Time><Position><LatitudeDegrees>-8.05133236</LatitudeDegrees><LongitudeDegrees>-34.9498467</LongitudeDegrees></Position><HeartRateBpm><Value>91</Value></HeartRateBpm><Cadence>62</Cadence><Extensions><ns3:TPX><ns3:Speed>1.159999966621399</ns3:Speed><ns3:Pace>0.66</ns3:Pace></ns3:TPX></Extensions></Trackpoint><Trackpoint><Time>2025-08-12T21:22:30Z</Time><Position><LatitudeDegrees>-8.05131037</LatitudeDegrees><LongitudeDegrees>-34.94984103</LongitudeDegrees></Position><HeartRateBpm><Value>91</Value></HeartRateBpm><Cadence>62</Cadence><Extensions><ns3:TPX><ns3:Speed>1.5</ns3:Speed><ns3:Pace>0.53</ns3:Pace></ns3:TPX></Extensions></Trackpoint><Trackpoint><Time>2025-08-12T21:22:31Z</Time><Position><LatitudeDegrees>-8.05129038</LatitudeDegrees><LongitudeDegrees>-34.94983737</LongitudeDegrees></Position><HeartRateBpm><Value>91</Value></HeartRateBpm><Cadence>62</Cadence><Extensions><ns3:TPX><ns3:Speed>1.850000023841858</ns3:Speed><ns3:Pace>0.48</ns3:Pace></ns3:TPX></Extensions></Trackpoint><Trackpoint><Time>2025-08-12T21:22:32Z</Time><Position><LatitudeDegrees>-8.05127339</LatitudeDegrees><LongitudeDegrees>-34.94983705</LongitudeDegrees></Position><HeartRateBpm><Value>91</Value></HeartRateBpm><Cadence>62</Cadence><Extensions><ns3:TPX><ns3:Speed>2.069999933242798</ns3:Speed><ns3:Pace>0.48</ns3:Pace></ns3:TPX></Extensions></Trackpoint><Trackpoint><Time>2025-08-12T21:22:33Z</Time><Position><LatitudeDegrees>-8.05125739</LatitudeDegrees><LongitudeDegrees>-34.94983737</LongitudeDegrees></Position><HeartRateBpm><Value>90</Value></HeartRateBpm><Cadence>62</Cadence><Extensions><ns3:TPX><ns3:Speed>2.059999942779541</ns3:Speed><ns3:Pace>0.48</ns3:Pace></ns3:TPX></Extensions></Trackpoint><Trackpoint><Time>2025-08-12T21:22:34Z</Time><Position><LatitudeDegrees>-8.05124239</LatitudeDegrees><LongitudeDegrees>-34.94983836</LongitudeDegrees></Position><HeartRateBpm><Value>90</Value></HeartRateBpm><Cadence>62</Cadence><Extensions><ns3:TPX><ns3:Speed>2.059999942779541</ns3:Speed><ns3:Pace>0.48</ns3:Pace></ns3:TPX></Extensions></Trackpoint><Trackpoint><Time>2025-08-12T21:22:35Z</Time><Position><LatitudeDegrees>-8.05122907</LatitudeDegrees><LongitudeDegrees>-34.94984036</LongitudeDegrees></Position><HeartRateBpm><Value>90</Value></HeartRateBpm><Cadence>62</Cadence><Extensions><ns3:TPX><ns3:Speed>2.059999942779541</ns3:Speed><ns3:Pace>0.5</ns3:Pace></ns3:TPX></Extensions></Trackpoint><Trackpoint><Time>2025-08-12T21:22:36Z</Time><Position><LatitudeDegrees>-8.05121507</LatitudeDegrees><LongitudeDegrees>-34.94984069</LongitudeDegrees></Position><HeartRateBpm><Value>90</Value></HeartRateBpm><Cadence>62</Cadence><Extensions><ns3:TPX><ns3:Speed>2.0</ns3:Speed><ns3:Pace>0.53</ns3:Pace></ns3:TPX></Extensions></Trackpoint><Trackpoint><Time>2025-08-12T21:22:37Z</Time><Position><LatitudeDegrees>-8.05120041</LatitudeDegrees><LongitudeDegrees>-34.9498367</LongitudeDegrees></Position><HeartRateBpm><Value>90</Value></HeartRateBpm><Cadence>62</Cadence><Extensions><ns3:TPX><ns3:Speed>1.850000023841858</ns3:Speed><ns3:Pace>0.57</ns3:Pace></ns3:TPX></Extensions></Trackpoint><Trackpoint><Time>2025-08-12T21:22:38Z</Time><Position><LatitudeDegrees>-8.05118541</LatitudeDegrees><LongitudeDegrees>-34.94983103</LongitudeDegrees></Position><HeartRateBpm><Value>91</Value></HeartRateBpm><Cadence>62</Cadence><Extensions><ns3:TPX><ns3:Speed>1.7300000190734863</ns3:Speed><ns3:Pace>0.59</ns3:Pace></ns3:TPX></Extensions></Trackpoint><Trackpoint><Time>2025-08-12T21:22:39Z</Time><Position><LatitudeDegrees>-8.05117109</LatitudeDegrees><LongitudeDegrees>-34.9498247</LongitudeDegrees></Position><HeartRateBpm><Value>91</Value></HeartRateBpm><Cadence>64</Cadence><Extensions><ns3:TPX><ns3:Speed>1.690000057220459</ns3:Speed><ns3:Pace>0.59</ns3:Pace></ns3:TPX></Extensions></Trackpoint><Trackpoint><Time>2025-08-12T21:22:40Z</Time><Position><LatitudeDegrees>-8.05115743</LatitudeDegrees><LongitudeDegrees>-34.9498197</LongitudeDegrees></Position><HeartRateBpm><Value>91</Value></HeartRateBpm><Cadence>64</Cadence><Extensions><ns3:TPX><ns3:Speed>1.690000057220459</ns3:Speed><ns3:Pace>0.59</ns3:Pace></ns3:TPX></Extensions></Trackpoint><Trackpoint><Time>2025-08-12T21:22:41Z</Time><Position><LatitudeDegrees>-8.0511421</LatitudeDegrees><LongitudeDegrees>-34.94981604</LongitudeDegrees></Position><HeartRateBpm><Value>91</Value></HeartRateBpm><Cadence>65</Cadence><Extensions><ns3:TPX><ns3:Speed>1.6699999570846558</ns3:Speed><ns3:Pace>0.6</ns3:Pace></ns3:TPX></Extensions></Trackpoint><Trackpoint><Time>2025-08-12T21:22:42Z</Time><Position><LatitudeDegrees>-8.0511271</LatitudeDegrees><LongitudeDegrees>-34.94981005</LongitudeDegrees></Position><HeartRateBpm><Value>92</Value></HeartRateBpm><Cadence>65</Cadence><Extensions><ns3:TPX><ns3:Speed>1.659999966621399</ns3:Speed><ns3:Pace>0.6</ns3:Pace></ns3:TPX></Extensions></Trackpoint><Trackpoint><Time>2025-08-12T21:22:43Z</Time><Position><LatitudeDegrees>-8.05111478</LatitudeDegrees><LongitudeDegrees>-34.94980505</LongitudeDegrees></Position><HeartRateBpm><Value>93</Value></HeartRateBpm><Cadence>65</Cadence><Extensions><ns3:TPX><ns3:Speed>1.649999976158142</ns3:Speed><ns3:Pace>0.6</ns3:Pace></ns3:TPX></Extensions></Trackpoint><Trackpoint><Time>2025-08-12T21:22:44Z</Time><Position><LatitudeDegrees>-8.05110678</LatitudeDegrees><LongitudeDegrees>-34.94979906</LongitudeDegrees></Position><HeartRateBpm><Value>93</Value></HeartRateBpm><Cadence>65</Cadence><Extensions><ns3:TPX><ns3:Speed>1.6399999856948853</ns3:Speed><ns3:Pace>0.6</ns3:Pace></ns3:TPX></Extensions></Trackpoint><Trackpoint><Time>2025-08-12T21:22:45Z</Time><Position><LatitudeDegrees>-8.05110012</LatitudeDegrees><LongitudeDegrees>-34.94979274</LongitudeDegrees></Position><HeartRateBpm><Value>94</Value></HeartRateBpm><Cadence>65</Cadence><Extensions><ns3:TPX><ns3:Speed>1.6399999856948853</ns3:Speed><ns3:Pace>0.6</ns3:Pace></ns3:TPX></Extensions></Trackpoint><Trackpoint><Time>2025-08-12T21:22:46Z</Time><Position><LatitudeDegrees>-8.05109179</LatitudeDegrees><LongitudeDegrees>-34.9497874</LongitudeDegrees></Position><HeartRateBpm><Value>94</Value></HeartRateBpm><Cadence>65</Cadence><Extensions><ns3:TPX><ns3:Speed>1.6399999856948853</ns3:Speed><ns3:Pace>0.61</ns3:Pace></ns3:TPX></Extensions></Trackpoint><Trackpoint><Time>2025-08-12T21:22:47Z</Time><Position><LatitudeDegrees>-8.05108479</LatitudeDegrees><LongitudeDegrees>-34.94978375</LongitudeDegrees></Position><HeartRateBpm><Value>94</Value></HeartRateBpm><Cadence>65</Cadence><Extensions><ns3:TPX><ns3:Speed>1.6299999952316284</ns3:Speed><ns3:Pace>0.63</ns3:Pace></ns3:TPX></Extensions></Trackpoint><Trackpoint><Time>2025-08-12T21:22:48Z</Time><Position><LatitudeDegrees>-8.0510728</LatitudeDegrees><LongitudeDegrees>-34.94978275</LongitudeDegrees></Position><HeartRateBpm><Value>95</Value></HeartRateBpm><Cadence>65</Cadence><Extensions><ns3:TPX><ns3:Speed>1.5700000524520874</ns3:Speed><ns3:Pace>0.67</ns3:Pace></ns3:TPX></Extensions></Trackpoint><Trackpoint><Time>2025-08-12T21:22:49Z</Time><Position><LatitudeDegrees>-8.05105813</LatitudeDegrees><LongitudeDegrees>-34.94978275</LongitudeDegrees></Position><HeartRateBpm><Value>97</Value></HeartRateBpm><Cadence>65</Cadence><Extensions><ns3:TPX><ns3:Speed>1.4800000190734863</ns3:Speed><ns3:Pace>0.69</ns3:Pace></ns3:TPX></Extensions></Trackpoint><Trackpoint><Time>2025-08-12T21:22:50Z</Time><Position><LatitudeDegrees>-8.05104347</LatitudeDegrees><LongitudeDegrees>-34.94978408</LongitudeDegrees></Position><HeartRateBpm><Value>99</Value></HeartRateBpm><Cadence>33</Cadence><Extensions><ns3:TPX><ns3:Speed>1.4299999475479126</ns3:Speed><ns3:Pace>0.69</ns3:Pace></ns3:TPX></Extensions></Trackpoint><Trackpoint><Time>2025-08-12T21:22:51Z</Time><Position><LatitudeDegrees>-8.05103081</LatitudeDegrees><LongitudeDegrees>-34.94978707</LongitudeDegrees></Position><HeartRateBpm><Value>99</Value></HeartRateBpm><Cadence>32</Cadence><Extensions><ns3:TPX><ns3:Speed>1.4299999475479126</ns3:Speed><ns3:Pace>0.69</ns3:Pace></ns3:TPX></Extensions></Trackpoint><Trackpoint><Time>2025-08-12T21:22:52Z</Time><Position><LatitudeDegrees>-8.05101915</LatitudeDegrees><LongitudeDegrees>-34.9497924</LongitudeDegrees></Position><HeartRateBpm><Value>99</Value></HeartRateBpm><Cadence>33</Cadence><Extensions><ns3:TPX><ns3:Speed>1.4299999475479126</ns3:Speed><ns3:Pace>0.69</ns3:Pace></ns3:TPX></Extensions></Trackpoint><Trackpoint><Time>2025-08-12T21:22:53Z</Time><Position><LatitudeDegrees>-8.05100849</LatitudeDegrees><LongitudeDegrees>-34.9497974</LongitudeDegrees></Position><HeartRateBpm><Value>99</Value></HeartRateBpm><Cadence>33</Cadence><Extensions><ns3:TPX><ns3:Speed>1.4299999475479126</ns3:Speed><ns3:Pace>0.68</ns3:Pace></ns3:TPX></Extensions></Trackpoint><Trackpoint><Time>2025-08-12T21:22:54Z</Time><Position><LatitudeDegrees>-8.05099983</LatitudeDegrees><LongitudeDegrees>-34.94980439</LongitudeDegrees></Position><HeartRateBpm><Value>99</Value></HeartRateBpm><Cadence>33</Cadence><Extensions><ns3:TPX><ns3:Speed>1.4600000381469727</ns3:Speed><ns3:Pace>0.67</ns3:Pace></ns3:TPX></Extensions></Trackpoint><Trackpoint><Time>2025-08-12T21:22:55Z</Time><Position><LatitudeDegrees>-8.05098784</LatitudeDegrees><LongitudeDegrees>-34.94980939</LongitudeDegrees></Position><HeartRateBpm><Value>95</Value></HeartRateBpm><Cadence>33</Cadence><Extensions><ns3:TPX><ns3:Speed>1.4800000190734863</ns3:Speed><ns3:Pace>0.66</ns3:Pace></ns3:TPX></Extensions></Trackpoint><Trackpoint><Time>2025-08-12T21:22:56Z</Time><Position><LatitudeDegrees>-8.05097384</LatitudeDegrees><LongitudeDegrees>-34.94981439</LongitudeDegrees></Position><HeartRateBpm><Value>98</Value></HeartRateBpm><Cadence>33</Cadence><Extensions><ns3:TPX><ns3:Speed>1.5</ns3:Speed><ns3:Pace>0.65</ns3:Pace></ns3:TPX></Extensions></Trackpoint><Trackpoint><Time>2025-08-12T21:22:57Z</Time><Position><LatitudeDegrees>-8.05095785</LatitudeDegrees><LongitudeDegrees>-34.94982072</LongitudeDegrees></Position><HeartRateBpm><Value>93</Value></HeartRateBpm><Cadence>33</Cadence><Extensions><ns3:TPX><ns3:Speed>1.5299999713897705</ns3:Speed><ns3:Pace>0.64</ns3:Pace></ns3:TPX></Extensions></Trackpoint><Trackpoint><Time>2025-08-12T21:22:58Z</Time><Position><LatitudeDegrees>-8.05094418</LatitudeDegrees><LongitudeDegrees>-34.94982637</LongitudeDegrees></Position><HeartRateBpm><Value>93</Value></HeartRateBpm><Cadence>33</Cadence><Extensions><ns3:TPX><ns3:Speed>1.559999942779541</ns3:Speed><ns3:Pace>0.64</ns3:Pace></ns3:TPX></Extensions></Trackpoint><Trackpoint><Time>2025-08-12T21:22:59Z</Time><Position><LatitudeDegrees>-8.05093252</LatitudeDegrees><LongitudeDegrees>-34.9498337</LongitudeDegrees></Position><HeartRateBpm><Value>93</Value></HeartRateBpm><Cadence>33</Cadence><Extensions><ns3:TPX><ns3:Speed>1.559999942779541</ns3:Speed><ns3:Pace>0.63</ns3:Pace></ns3:TPX></Extensions></Trackpoint><Trackpoint><Time>2025-08-12T21:23:00Z</Time><Position><LatitudeDegrees>-8.05092186</LatitudeDegrees><LongitudeDegrees>-34.94983936</LongitudeDegrees></Position><HeartRateBpm><Value>93</Value></HeartRateBpm><Cadence>32</Cadence><Extensions><ns3:TPX><ns3:Speed>1.5700000524520874</ns3:Speed><ns3:Pace>0.63</ns3:Pace></ns3:TPX></Extensions></Trackpoint><Trackpoint><Time>2025-08-12T21:23:01Z</Time><Position><LatitudeDegrees>-8.0509102</LatitudeDegrees><LongitudeDegrees>-34.94984335</LongitudeDegrees></Position><HeartRateBpm><Value>93</Value></HeartRateBpm><Cadence>33</Cadence><Extensions><ns3:TPX><ns3:Speed>1.559999942779541</ns3:Speed><ns3:Pace>0.64</ns3:Pace></ns3:TPX></Extensions></Trackpoint><Trackpoint><Time>2025-08-12T21:23:02Z</Time><Position><LatitudeDegrees>-8.05089587</LatitudeDegrees><LongitudeDegrees>-34.94984869</LongitudeDegrees></Position><HeartRateBpm><Value>93</Value></HeartRateBpm><Cadence>32</Cadence><Extensions><ns3:TPX><ns3:Speed>1.5499999523162842</ns3:Speed><ns3:Pace>0.64</ns3:Pace></ns3:TPX></Extensions></Trackpoint><Trackpoint><Time>2025-08-12T21:23:03Z</Time><Position><LatitudeDegrees>-8.05088221</LatitudeDegrees><LongitudeDegrees>-34.94985402</LongitudeDegrees></Position><HeartRateBpm><Value>94</Value></HeartRateBpm><Cadence>33</Cadence><Extensions><ns3:TPX><ns3:Speed>1.559999942779541</ns3:Speed><ns3:Pace>0.64</ns3:Pace></ns3:TPX></Extensions></Trackpoint><Trackpoint><Time>2025-08-12T21:23:04Z</Time><Position><LatitudeDegrees>-8.05086722</LatitudeDegrees><LongitudeDegrees>-34.94986034</LongitudeDegrees></Position><HeartRateBpm><Value>94</Value></HeartRateBpm><Cadence>33</Cadence><Extensions><ns3:TPX><ns3:Speed>1.559999942779541</ns3:Speed><ns3:Pace>0.63</ns3:Pace></ns3:TPX></Extensions></Trackpoint><Trackpoint><Time>2025-08-12T21:23:05Z</Time><Position><LatitudeDegrees>-8.05085189</LatitudeDegrees><LongitudeDegrees>-34.94986667</LongitudeDegrees></Position><HeartRateBpm><Value>94</Value></HeartRateBpm><Cadence>32</Cadence><Extensions><ns3:TPX><ns3:Speed>1.559999942779541</ns3:Speed><ns3:Pace>0.63</ns3:Pace></ns3:TPX></Extensions></Trackpoint><Trackpoint><Time>2025-08-12T21:23:06Z</Time><Position><LatitudeDegrees>-8.0508349</LatitudeDegrees><LongitudeDegrees>-34.94987333</LongitudeDegrees></Position><HeartRateBpm><Value>95</Value></HeartRateBpm><Cadence>32</Cadence><Extensions><ns3:TPX><ns3:Speed>1.5700000524520874</ns3:Speed><ns3:Pace>0.63</ns3:Pace></ns3:TPX></Extensions></Trackpoint><Trackpoint><Time>2025-08-12T21:23:07Z</Time><Position><LatitudeDegrees>-8.05081791</LatitudeDegrees><LongitudeDegrees>-34.94987932</LongitudeDegrees></Position><HeartRateBpm><Value>95</Value></HeartRateBpm><Cadence>32</Cadence><Extensions><ns3:TPX><ns3:Speed>1.5800000429153442</ns3:Speed><ns3:Pace>0.62</ns3:Pace></ns3:TPX></Extensions></Trackpoint><Trackpoint><Time>2025-08-12T21:23:08Z</Time><Position><LatitudeDegrees>-8.05079991</LatitudeDegrees><LongitudeDegrees>-34.94988432</LongitudeDegrees></Position><HeartRateBpm><Value>96</Value></HeartRateBpm><Cadence>32</Cadence><Extensions><ns3:TPX><ns3:Speed>1.590000033378601</ns3:Speed><ns3:Pace>0.62</ns3:Pace></ns3:TPX></Extensions></Trackpoint><Trackpoint><Time>2025-08-12T21:23:09Z</Time><Position><LatitudeDegrees>-8.05078324</LatitudeDegrees><LongitudeDegrees>-34.94988831</LongitudeDegrees></Position><HeartRateBpm><Value>98</Value></HeartRateBpm><Cadence>32</Cadence><Extensions><ns3:TPX><ns3:Speed>1.600000023841858</ns3:Speed><ns3:Pace>0.62</ns3:Pace></ns3:TPX></Extensions></Trackpoint><Trackpoint><Time>2025-08-12T21:23:10Z</Time><Position><LatitudeDegrees>-8.05076792</LatitudeDegrees><LongitudeDegrees>-34.94989031</LongitudeDegrees></Position><HeartRateBpm><Value>98</Value></HeartRateBpm><Cadence>32</Cadence><Extensions><ns3:TPX><ns3:Speed>1.600000023841858</ns3:Speed><ns3:Pace>0.61</ns3:Pace></ns3:TPX></Extensions></Trackpoint><Trackpoint><Time>2025-08-12T21:23:11Z</Time><Position><LatitudeDegrees>-8.05075225</LatitudeDegrees><LongitudeDegrees>-34.94989197</LongitudeDegrees></Position><HeartRateBpm><Value>99</Value></HeartRateBpm><Cadence>32</Cadence><Extensions><ns3:TPX><ns3:Speed>1.6100000143051147</ns3:Speed><ns3:Pace>0.61</ns3:Pace></ns3:TPX></Extensions></Trackpoint><Trackpoint><Time>2025-08-12T21:23:12Z</Time><Position><LatitudeDegrees>-8.05073626</LatitudeDegrees><LongitudeDegrees>-34.94989229</LongitudeDegrees></Position><HeartRateBpm><Value>100</Value></HeartRateBpm><Cadence>32</Cadence><Extensions><ns3:TPX><ns3:Speed>1.6200000047683716</ns3:Speed><ns3:Pace>0.61</ns3:Pace></ns3:TPX></Extensions></Trackpoint><Trackpoint><Time>2025-08-12T21:23:13Z</Time><Position><LatitudeDegrees>-8.05071959</LatitudeDegrees><LongitudeDegrees>-34.94989197</LongitudeDegrees></Position><HeartRateBpm><Value>101</Value></HeartRateBpm><Cadence>33</Cadence><Extensions><ns3:TPX><ns3:Speed>1.6299999952316284</ns3:Speed><ns3:Pace>0.61</ns3:Pace></ns3:TPX></Extensions></Trackpoint><Trackpoint><Time>2025-08-12T21:23:14Z</Time><Position><LatitudeDegrees>-8.05070327</LatitudeDegrees><LongitudeDegrees>-34.94989229</LongitudeDegrees></Position><HeartRateBpm><Value>102</Value></HeartRateBpm><Cadence>33</Cadence><Extensions><ns3:TPX><ns3:Speed>1.6299999952316284</ns3:Speed><ns3:Pace>0.6</ns3:Pace></ns3:TPX></Extensions></Trackpoint><Trackpoint><Time>2025-08-12T21:23:15Z</Time><Position><LatitudeDegrees>-8.0506886</LatitudeDegrees><LongitudeDegrees>-34.94989164</LongitudeDegrees></Position><HeartRateBpm><Value>104</Value></HeartRateBpm><Cadence>33</Cadence><Extensions><ns3:TPX><ns3:Speed>1.6399999856948853</ns3:Speed><ns3:Pace>0.6</ns3:Pace></ns3:TPX></Extensions></Trackpoint><Trackpoint><Time>2025-08-12T21:23:16Z</Time><Position><LatitudeDegrees>-8.05067428</LatitudeDegrees><LongitudeDegrees>-34.94988765</LongitudeDegrees></Position><HeartRateBpm><Value>104</Value></HeartRateBpm><Cadence>32</Cadence><Extensions><ns3:TPX><ns3:Speed>1.649999976158142</ns3:Speed><ns3:Pace>0.6</ns3:Pace></ns3:TPX></Extensions></Trackpoint><Trackpoint><Time>2025-08-12T21:23:17Z</Time><Position><LatitudeDegrees>-8.05066095</LatitudeDegrees><LongitudeDegrees>-34.94988231</LongitudeDegrees></Position><HeartRateBpm><Value>104</Value></HeartRateBpm><Cadence>32</Cadence><Extensions><ns3:TPX><ns3:Speed>1.649999976158142</ns3:Speed><ns3:Pace>0.6</ns3:Pace></ns3:TPX></Extensions></Trackpoint><Trackpoint><Time>2025-08-12T21:23:18Z</Time><Position><LatitudeDegrees>-8.05064762</LatitudeDegrees><LongitudeDegrees>-34.94987599</LongitudeDegrees></Position><HeartRateBpm><Value>103</Value></HeartRateBpm><Cadence>32</Cadence><Extensions><ns3:TPX><ns3:Speed>1.649999976158142</ns3:Speed><ns3:Pace>0.6</ns3:Pace></ns3:TPX></Extensions></Trackpoint><Trackpoint><Time>2025-08-12T21:23:19Z</Time><Position><LatitudeDegrees>-8.0506343</LatitudeDegrees><LongitudeDegrees>-34.94987232</LongitudeDegrees></Position><HeartRateBpm><Value>102</Value></HeartRateBpm><Cadence>32</Cadence><Extensions><ns3:TPX><ns3:Speed>1.649999976158142</ns3:Speed><ns3:Pace>0.6</ns3:Pace></ns3:TPX></Extensions></Trackpoint><Trackpoint><Time>2025-08-12T21:23:20Z</Time><Position><LatitudeDegrees>-8.05062098</LatitudeDegrees><LongitudeDegrees>-34.94987033</LongitudeDegrees></Position><HeartRateBpm><Value>102</Value></HeartRateBpm><Cadence>32</Cadence><Extensions><ns3:TPX><ns3:Speed>1.659999966621399</ns3:Speed><ns3:Pace>0.6</ns3:Pace></ns3:TPX></Extensions></Trackpoint><Trackpoint><Time>2025-08-12T21:23:21Z</Time><Position><LatitudeDegrees>-8.05060698</LatitudeDegrees><LongitudeDegrees>-34.94986768</LongitudeDegrees></Position><HeartRateBpm><Value>100</Value></HeartRateBpm><Cadence>32</Cadence><Extensions><ns3:TPX><ns3:Speed>1.649999976158142</ns3:Speed><ns3:Pace>0.6</ns3:Pace></ns3:TPX></Extensions></Trackpoint><Trackpoint><Time>2025-08-12T21:23:22Z</Time><Position><LatitudeDegrees>-8.05059231</LatitudeDegrees><LongitudeDegrees>-34.94986568</LongitudeDegrees></Position><HeartRateBpm><Value>100</Value></HeartRateBpm><Cadence>32</Cadence><Extensions><ns3:TPX><ns3:Speed>1.649999976158142</ns3:Speed><ns3:Pace>0.6</ns3:Pace></ns3:TPX></Extensions></Trackpoint><Trackpoint><Time>2025-08-12T21:23:23Z</Time><Position><LatitudeDegrees>-8.05057564</LatitudeDegrees><LongitudeDegrees>-34.94986269</LongitudeDegrees></Position><HeartRateBpm><Value>100</Value></HeartRateBpm><Cadence>32</Cadence><Extensions><ns3:TPX><ns3:Speed>1.649999976158142</ns3:Speed><ns3:Pace>0.6</ns3:Pace></ns3:TPX></Extensions></Trackpoint><Trackpoint><Time>2025-08-12T21:23:24Z</Time><Position><LatitudeDegrees>-8.05055965</LatitudeDegrees><LongitudeDegrees>-34.94985835</LongitudeDegrees></Position><HeartRateBpm><Value>100</Value></HeartRateBpm><Cadence>32</Cadence><Extensions><ns3:TPX><ns3:Speed>1.649999976158142</ns3:Speed><ns3:Pace>0.6</ns3:Pace></ns3:TPX></Extensions></Trackpoint><Trackpoint><Time>2025-08-12T21:23:25Z</Time><Position><LatitudeDegrees>-8.05054232</LatitudeDegrees><LongitudeDegrees>-34.94985403</LongitudeDegrees></Position><HeartRateBpm><Value>100</Value></HeartRateBpm><Cadence>32</Cadence><Extensions><ns3:TPX><ns3:Speed>1.6399999856948853</ns3:Speed><ns3:Pace>0.6</ns3:Pace></ns3:TPX></Extensions></Trackpoint><Trackpoint><Time>2025-08-12T21:23:26Z</Time><Position><LatitudeDegrees>-8.05052632</LatitudeDegrees><LongitudeDegrees>-34.94985104</LongitudeDegrees></Position><HeartRateBpm><Value>100</Value></HeartRateBpm><Cadence>32</Cadence><Extensions><ns3:TPX><ns3:Speed>1.6399999856948853</ns3:Speed><ns3:Pace>0.61</ns3:Pace></ns3:TPX></Extensions></Trackpoint><Trackpoint><Time>2025-08-12T21:23:27Z</Time><Position><LatitudeDegrees>-8.050515</LatitudeDegrees><LongitudeDegrees>-34.94985104</LongitudeDegrees></Position><HeartRateBpm><Value>100</Value></HeartRateBpm><Cadence>31</Cadence><Extensions><ns3:TPX><ns3:Speed>1.6299999952316284</ns3:Speed><ns3:Pace>0.61</ns3:Pace></ns3:TPX></Extensions></Trackpoint><Trackpoint><Time>2025-08-12T21:23:28Z</Time><Position><LatitudeDegrees>-8.05050566</LatitudeDegrees><LongitudeDegrees>-34.94985236</LongitudeDegrees></Position><HeartRateBpm><Value>102</Value></HeartRateBpm><Cadence>32</Cadence><Extensions><ns3:TPX><ns3:Speed>1.6299999952316284</ns3:Speed><ns3:Pace>0.61</ns3:Pace></ns3:TPX></Extensions></Trackpoint><Trackpoint><Time>2025-08-12T21:23:29Z</Time><Position><LatitudeDegrees>-8.05049634</LatitudeDegrees><LongitudeDegrees>-34.94985535</LongitudeDegrees></Position><HeartRateBpm><Value>102</Value></HeartRateBpm><Cadence>32</Cadence><Extensions><ns3:TPX><ns3:Speed>1.6299999952316284</ns3:Speed><ns3:Pace>0.61</ns3:Pace></ns3:TPX></Extensions></Trackpoint><Trackpoint><Time>2025-08-12T21:23:30Z</Time><Position><LatitudeDegrees>-8.05048401</LatitudeDegrees><LongitudeDegrees>-34.94985969</LongitudeDegrees></Position><HeartRateBpm><Value>104</Value></HeartRateBpm><Cadence>32</Cadence><Extensions><ns3:TPX><ns3:Speed>1.6299999952316284</ns3:Speed><ns3:Pace>0.61</ns3:Pace></ns3:TPX></Extensions></Trackpoint><Trackpoint><Time>2025-08-12T21:23:31Z</Time><Position><LatitudeDegrees>-8.05046902</LatitudeDegrees><LongitudeDegrees>-34.94986334</LongitudeDegrees></Position><HeartRateBpm><Value>105</Value></HeartRateBpm><Cadence>32</Cadence><Extensions><ns3:TPX><ns3:Speed>1.6299999952316284</ns3:Speed><ns3:Pace>0.61</ns3:Pace></ns3:TPX></Extensions></Trackpoint><Trackpoint><Time>2025-08-12T21:23:32Z</Time><Position><LatitudeDegrees>-8.05045368</LatitudeDegrees><LongitudeDegrees>-34.94986768</LongitudeDegrees></Position><HeartRateBpm><Value>104</Value></HeartRateBpm><Cadence>32</Cadence><Extensions><ns3:TPX><ns3:Speed>1.6200000047683716</ns3:Speed><ns3:Pace>0.61</ns3:Pace></ns3:TPX></Extensions></Trackpoint><Trackpoint><Time>2025-08-12T21:23:33Z</Time><Position><LatitudeDegrees>-8.05043702</LatitudeDegrees><LongitudeDegrees>-34.949871</LongitudeDegrees></Position><HeartRateBpm><Value>104</Value></HeartRateBpm><Cadence>32</Cadence><Extensions><ns3:TPX><ns3:Speed>1.6100000143051147</ns3:Speed><ns3:Pace>0.62</ns3:Pace></ns3:TPX></Extensions></Trackpoint><Trackpoint><Time>2025-08-12T21:23:34Z</Time><Position><LatitudeDegrees>-8.05042003</LatitudeDegrees><LongitudeDegrees>-34.94987566</LongitudeDegrees></Position><HeartRateBpm><Value>105</Value></HeartRateBpm><Cadence>32</Cadence><Extensions><ns3:TPX><ns3:Speed>1.6100000143051147</ns3:Speed><ns3:Pace>0.62</ns3:Pace></ns3:TPX></Extensions></Trackpoint><Trackpoint><Time>2025-08-12T21:23:35Z</Time><Position><LatitudeDegrees>-8.05040437</LatitudeDegrees><LongitudeDegrees>-34.94988032</LongitudeDegrees></Position><HeartRateBpm><Value>105</Value></HeartRateBpm><Cadence>32</Cadence><Extensions><ns3:TPX><ns3:Speed>1.6100000143051147</ns3:Speed><ns3:Pace>0.62</ns3:Pace></ns3:TPX></Extensions></Trackpoint><Trackpoint><Time>2025-08-12T21:23:36Z</Time><Position><LatitudeDegrees>-8.05038937</LatitudeDegrees><LongitudeDegrees>-34.94988398</LongitudeDegrees></Position><HeartRateBpm><Value>106</Value></HeartRateBpm><Cadence>32</Cadence><Extensions><ns3:TPX><ns3:Speed>1.600000023841858</ns3:Speed><ns3:Pace>0.62</ns3:Pace></ns3:TPX></Extensions></Trackpoint><Trackpoint><Time>2025-08-12T21:23:37Z</Time><Position><LatitudeDegrees>-8.05037538</LatitudeDegrees><LongitudeDegrees>-34.94988798</LongitudeDegrees></Position><HeartRateBpm><Value>108</Value></HeartRateBpm><Cadence>33</Cadence><Extensions><ns3:TPX><ns3:Speed>1.600000023841858</ns3:Speed><ns3:Pace>0.62</ns3:Pace></ns3:TPX></Extensions></Trackpoint><Trackpoint><Time>2025-08-12T21:23:38Z</Time><Position><LatitudeDegrees>-8.05036171</LatitudeDegrees><LongitudeDegrees>-34.9498923</LongitudeDegrees></Position><HeartRateBpm><Value>110</Value></HeartRateBpm><Cadence>33</Cadence><Extensions><ns3:TPX><ns3:Speed>1.600000023841858</ns3:Speed><ns3:Pace>0.62</ns3:Pace></ns3:TPX></Extensions></Trackpoint><Trackpoint><Time>2025-08-12T21:23:39Z</Time><Position><LatitudeDegrees>-8.05034872</LatitudeDegrees><LongitudeDegrees>-34.94989664</LongitudeDegrees></Position><HeartRateBpm><Value>111</Value></HeartRateBpm><Cadence>33</Cadence><Extensions><ns3:TPX><ns3:Speed>1.600000023841858</ns3:Speed><ns3:Pace>0.62</ns3:Pace></ns3:TPX></Extensions></Trackpoint><Trackpoint><Time>2025-08-12T21:23:40Z</Time><Position><LatitudeDegrees>-8.05033373</LatitudeDegrees><LongitudeDegrees>-34.94989864</LongitudeDegrees></Position><HeartRateBpm><Value>112</Value></HeartRateBpm><Cadence>33</Cadence><Extensions><ns3:TPX><ns3:Speed>1.600000023841858</ns3:Speed><ns3:Pace>0.62</ns3:Pace></ns3:TPX></Extensions></Trackpoint><Trackpoint><Time>2025-08-12T21:23:41Z</Time><Position><LatitudeDegrees>-8.05031907</LatitudeDegrees><LongitudeDegrees>-34.94989797</LongitudeDegrees></Position><HeartRateBpm><Value>112</Value></HeartRateBpm><Cadence>33</Cadence><Extensions><ns3:TPX><ns3:Speed>1.600000023841858</ns3:Speed><ns3:Pace>0.62</ns3:Pace></ns3:TPX></Extensions></Trackpoint><Trackpoint><Time>2025-08-12T21:23:42Z</Time><Position><LatitudeDegrees>-8.05030408</LatitudeDegrees><LongitudeDegrees>-34.94989698</LongitudeDegrees></Position><HeartRateBpm><Value>108</Value></HeartRateBpm><Cadence>33</Cadence><Extensions><ns3:TPX><ns3:Speed>1.590000033378601</ns3:Speed><ns3:Pace>0.62</ns3:Pace></ns3:TPX></Extensions></Trackpoint><Trackpoint><Time>2025-08-12T21:23:43Z</Time><Position><LatitudeDegrees>-8.05028641</LatitudeDegrees><LongitudeDegrees>-34.94989399</LongitudeDegrees></Position><HeartRateBpm><Value>108</Value></HeartRateBpm><Cadence>33</Cadence><Extensions><ns3:TPX><ns3:Speed>1.590000033378601</ns3:Speed><ns3:Pace>0.62</ns3:Pace></ns3:TPX></Extensions></Trackpoint><Trackpoint><Time>2025-08-12T21:23:44Z</Time><Position><LatitudeDegrees>-8.05026708</LatitudeDegrees><LongitudeDegrees>-34.949891</LongitudeDegrees></Position><HeartRateBpm><Value>107</Value></HeartRateBpm><Cadence>33</Cadence><Extensions><ns3:TPX><ns3:Speed>1.590000033378601</ns3:Speed><ns3:Pace>0.62</ns3:Pace></ns3:TPX></Extensions></Trackpoint><Trackpoint><Time>2025-08-12T21:23:45Z</Time><Position><LatitudeDegrees>-8.05024742</LatitudeDegrees><LongitudeDegrees>-34.949889</LongitudeDegrees></Position><HeartRateBpm><Value>107</Value></HeartRateBpm><Cadence>33</Cadence><Extensions><ns3:TPX><ns3:Speed>1.590000033378601</ns3:Speed><ns3:Pace>0.62</ns3:Pace></ns3:TPX></Extensions></Trackpoint><Trackpoint><Time>2025-08-12T21:23:46Z</Time><Position><LatitudeDegrees>-8.05022843</LatitudeDegrees><LongitudeDegrees>-34.94988501</LongitudeDegrees></Position><HeartRateBpm><Value>106</Value></HeartRateBpm><Cadence>33</Cadence><Extensions><ns3:TPX><ns3:Speed>1.5800000429153442</ns3:Speed><ns3:Pace>0.62</ns3:Pace></ns3:TPX></Extensions></Trackpoint><Trackpoint><Time>2025-08-12T21:23:47Z</Time><Position><LatitudeDegrees>-8.0502101</LatitudeDegrees><LongitudeDegrees>-34.94988169</LongitudeDegrees></Position><HeartRateBpm><Value>106</Value></HeartRateBpm><Cadence>33</Cadence><Extensions><ns3:TPX><ns3:Speed>1.5800000429153442</ns3:Speed><ns3:Pace>0.62</ns3:Pace></ns3:TPX></Extensions></Trackpoint><Trackpoint><Time>2025-08-12T21:23:48Z</Time><Position><LatitudeDegrees>-8.05018811</LatitudeDegrees><LongitudeDegrees>-34.94988002</LongitudeDegrees></Position><HeartRateBpm><Value>106</Value></HeartRateBpm><Cadence>32</Cadence><Extensions><ns3:TPX><ns3:Speed>1.590000033378601</ns3:Speed><ns3:Pace>0.62</ns3:Pace></ns3:TPX></Extensions></Trackpoint><Trackpoint><Time>2025-08-12T21:23:49Z</Time><Position><LatitudeDegrees>-8.05016711</LatitudeDegrees><LongitudeDegrees>-34.94987936</LongitudeDegrees></Position><HeartRateBpm><Value>106</Value></HeartRateBpm><Cadence>33</Cadence><Extensions><ns3:TPX><ns3:Speed>1.600000023841858</ns3:Speed><ns3:Pace>0.62</ns3:Pace></ns3:TPX></Extensions></Trackpoint><Trackpoint><Time>2025-08-12T21:23:50Z</Time><Position><LatitudeDegrees>-8.05014745</LatitudeDegrees><LongitudeDegrees>-34.94988002</LongitudeDegrees></Position><HeartRateBpm><Value>106</Value></HeartRateBpm><Cadence>33</Cadence><Extensions><ns3:TPX><ns3:Speed>1.6100000143051147</ns3:Speed><ns3:Pace>0.61</ns3:Pace></ns3:TPX></Extensions></Trackpoint><Trackpoint><Time>2025-08-12T21:23:51Z</Time><Position><LatitudeDegrees>-8.05012912</LatitudeDegrees><LongitudeDegrees>-34.94988068</LongitudeDegrees></Position><HeartRateBpm><Value>107</Value></HeartRateBpm><Cadence>33</Cadence><Extensions><ns3:TPX><ns3:Speed>1.6200000047683716</ns3:Speed><ns3:Pace>0.6</ns3:Pace></ns3:TPX></Extensions></Trackpoint><Trackpoint><Time>2025-08-12T21:23:52Z</Time><Position><LatitudeDegrees>-8.05011046</LatitudeDegrees><LongitudeDegrees>-34.94988133</LongitudeDegrees></Position><HeartRateBpm><Value>106</Value></HeartRateBpm><Cadence>32</Cadence><Extensions><ns3:TPX><ns3:Speed>1.6399999856948853</ns3:Speed><ns3:Pace>0.6</ns3:Pace></ns3:TPX></Extensions></Trackpoint><Trackpoint><Time>2025-08-12T21:23:53Z</Time><Position><LatitudeDegrees>-8.05009246</LatitudeDegrees><LongitudeDegrees>-34.94988133</LongitudeDegrees></Position><HeartRateBpm><Value>106</Value></HeartRateBpm><Cadence>32</Cadence><Extensions><ns3:TPX><ns3:Speed>1.6399999856948853</ns3:Speed><ns3:Pace>0.6</ns3:Pace></ns3:TPX></Extensions></Trackpoint><Trackpoint><Time>2025-08-12T21:23:54Z</Time><Position><LatitudeDegrees>-8.0500758</LatitudeDegrees><LongitudeDegrees>-34.94988101</LongitudeDegrees></Position><HeartRateBpm><Value>106</Value></HeartRateBpm><Cadence>33</Cadence><Extensions><ns3:TPX><ns3:Speed>1.649999976158142</ns3:Speed><ns3:Pace>0.6</ns3:Pace></ns3:TPX></Extensions></Trackpoint><Trackpoint><Time>2025-08-12T21:23:55Z</Time><Position><LatitudeDegrees>-8.05006315</LatitudeDegrees><LongitudeDegrees>-34.94988069</LongitudeDegrees></Position><HeartRateBpm><Value>106</Value></HeartRateBpm><Cadence>33</Cadence><Extensions><ns3:TPX><ns3:Speed>1.659999966621399</ns3:Speed><ns3:Pace>0.59</ns3:Pace></ns3:TPX></Extensions></Trackpoint><Trackpoint><Time>2025-08-12T21:23:56Z</Time><Position><LatitudeDegrees>-8.05005115</LatitudeDegrees><LongitudeDegrees>-34.94988101</LongitudeDegrees></Position><HeartRateBpm><Value>107</Value></HeartRateBpm><Cadence>32</Cadence><Extensions><ns3:TPX><ns3:Speed>1.6699999570846558</ns3:Speed><ns3:Pace>0.59</ns3:Pace></ns3:TPX></Extensions></Trackpoint><Trackpoint><Time>2025-08-12T21:23:57Z</Time><Position><LatitudeDegrees>-8.05004182</LatitudeDegrees><LongitudeDegrees>-34.94988069</LongitudeDegrees></Position><HeartRateBpm><Value>107</Value></HeartRateBpm><Cadence>33</Cadence><Extensions><ns3:TPX><ns3:Speed>1.6799999475479126</ns3:Speed><ns3:Pace>0.59</ns3:Pace></ns3:TPX></Extensions></Trackpoint><Trackpoint><Time>2025-08-12T21:23:58Z</Time><Position><LatitudeDegrees>-8.05003182</LatitudeDegrees><LongitudeDegrees>-34.94987869</LongitudeDegrees></Position><HeartRateBpm><Value>106</Value></HeartRateBpm><Cadence>32</Cadence><Extensions><ns3:TPX><ns3:Speed>1.6799999475479126</ns3:Speed><ns3:Pace>0.59</ns3:Pace></ns3:TPX></Extensions></Trackpoint><Trackpoint><Time>2025-08-12T21:23:59Z</Time><Position><LatitudeDegrees>-8.0500205</LatitudeDegrees><LongitudeDegrees>-34.94987536</LongitudeDegrees></Position><HeartRateBpm><Value>106</Value></HeartRateBpm><Cadence>32</Cadence><Extensions><ns3:TPX><ns3:Speed>1.6799999475479126</ns3:Speed><ns3:Pace>0.59</ns3:Pace></ns3:TPX></Extensions></Trackpoint><Trackpoint><Time>2025-08-12T21:24:00Z</Time><Position><LatitudeDegrees>-8.05000884</LatitudeDegrees><LongitudeDegrees>-34.94986904</LongitudeDegrees></Position><HeartRateBpm><Value>105</Value></HeartRateBpm><Cadence>33</Cadence><Extensions><ns3:TPX><ns3:Speed>1.6799999475479126</ns3:Speed><ns3:Pace>0.59</ns3:Pace></ns3:TPX></Extensions></Trackpoint><Trackpoint><Time>2025-08-12T21:24:01Z</Time><Position><LatitudeDegrees>-8.04999618</LatitudeDegrees><LongitudeDegrees>-34.94986071</LongitudeDegrees></Position><HeartRateBpm><Value>104</Value></HeartRateBpm><Cadence>33</Cadence><Extensions><ns3:TPX><ns3:Speed>1.6799999475479126</ns3:Speed><ns3:Pace>0.59</ns3:Pace></ns3:TPX></Extensions></Trackpoint><Trackpoint><Time>2025-08-12T21:24:02Z</Time><Position><LatitudeDegrees>-8.04998351</LatitudeDegrees><LongitudeDegrees>-34.94985172</LongitudeDegrees></Position><HeartRateBpm><Value>104</Value></HeartRateBpm><Cadence>33</Cadence><Extensions><ns3:TPX><ns3:Speed>1.6699999570846558</ns3:Speed><ns3:Pace>0.59</ns3:Pace></ns3:TPX></Extensions></Trackpoint><Trackpoint><Time>2025-08-12T21:24:03Z</Time><Position><LatitudeDegrees>-8.04997052</LatitudeDegrees><LongitudeDegrees>-34.94984405</LongitudeDegrees></Position><HeartRateBpm><Value>104</Value></HeartRateBpm><Cadence>33</Cadence><Extensions><ns3:TPX><ns3:Speed>1.6699999570846558</ns3:Speed><ns3:Pace>0.6</ns3:Pace></ns3:TPX></Extensions></Trackpoint><Trackpoint><Time>2025-08-12T21:24:04Z</Time><Position><LatitudeDegrees>-8.0499572</LatitudeDegrees><LongitudeDegrees>-34.94983773</LongitudeDegrees></Position><HeartRateBpm><Value>105</Value></HeartRateBpm><Cadence>33</Cadence><Extensions><ns3:TPX><ns3:Speed>1.659999966621399</ns3:Speed><ns3:Pace>0.6</ns3:Pace></ns3:TPX></Extensions></Trackpoint><Trackpoint><Time>2025-08-12T21:24:05Z</Time><Position><LatitudeDegrees>-8.04993987</LatitudeDegrees><LongitudeDegrees>-34.94983506</LongitudeDegrees></Position><HeartRateBpm><Value>105</Value></HeartRateBpm><Cadence>33</Cadence><Extensions><ns3:TPX><ns3:Speed>1.659999966621399</ns3:Speed><ns3:Pace>0.6</ns3:Pace></ns3:TPX></Extensions></Trackpoint><Trackpoint><Time>2025-08-12T21:24:06Z</Time><Position><LatitudeDegrees>-8.04992254</LatitudeDegrees><LongitudeDegrees>-34.9498344</LongitudeDegrees></Position><HeartRateBpm><Value>105</Value></HeartRateBpm><Cadence>33</Cadence><Extensions><ns3:TPX><ns3:Speed>1.659999966621399</ns3:Speed><ns3:Pace>0.6</ns3:Pace></ns3:TPX></Extensions></Trackpoint><Trackpoint><Time>2025-08-12T21:24:07Z</Time><Position><LatitudeDegrees>-8.04990688</LatitudeDegrees><LongitudeDegrees>-34.94983506</LongitudeDegrees></Position><HeartRateBpm><Value>106</Value></HeartRateBpm><Cadence>33</Cadence><Extensions><ns3:TPX><ns3:Speed>1.659999966621399</ns3:Speed><ns3:Pace>0.6</ns3:Pace></ns3:TPX></Extensions></Trackpoint><Trackpoint><Time>2025-08-12T21:24:08Z</Time><Position><LatitudeDegrees>-8.04989188</LatitudeDegrees><LongitudeDegrees>-34.94983773</LongitudeDegrees></Position><HeartRateBpm><Value>106</Value></HeartRateBpm><Cadence>33</Cadence><Extensions><ns3:TPX><ns3:Speed>1.649999976158142</ns3:Speed><ns3:Pace>0.6</ns3:Pace></ns3:TPX></Extensions></Trackpoint><Trackpoint><Time>2025-08-12T21:24:09Z</Time><Position><LatitudeDegrees>-8.04987756</LatitudeDegrees><LongitudeDegrees>-34.94984172</LongitudeDegrees></Position><HeartRateBpm><Value>106</Value></HeartRateBpm><Cadence>33</Cadence><Extensions><ns3:TPX><ns3:Speed>1.649999976158142</ns3:Speed><ns3:Pace>0.6</ns3:Pace></ns3:TPX></Extensions></Trackpoint><Trackpoint><Time>2025-08-12T21:24:10Z</Time><Position><LatitudeDegrees>-8.04986223</LatitudeDegrees><LongitudeDegrees>-34.94984705</LongitudeDegrees></Position><HeartRateBpm><Value>105</Value></HeartRateBpm><Cadence>32</Cadence><Extensions><ns3:TPX><ns3:Speed>1.649999976158142</ns3:Speed><ns3:Pace>0.6</ns3:Pace></ns3:TPX></Extensions></Trackpoint><Trackpoint><Time>2025-08-12T21:24:11Z</Time><Position><LatitudeDegrees>-8.04984689</LatitudeDegrees><LongitudeDegrees>-34.94985138</LongitudeDegrees></Position><HeartRateBpm><Value>105</Value></HeartRateBpm><Cadence>32</Cadence><Extensions><ns3:TPX><ns3:Speed>1.649999976158142</ns3:Speed><ns3:Pace>0.6</ns3:Pace></ns3:TPX></Extensions></Trackpoint><Trackpoint><Time>2025-08-12T21:24:12Z</Time><Position><LatitudeDegrees>-8.04983324</LatitudeDegrees><LongitudeDegrees>-34.94985471</LongitudeDegrees></Position><HeartRateBpm><Value>106</Value></HeartRateBpm><Cadence>33</Cadence><Extensions><ns3:TPX><ns3:Speed>1.649999976158142</ns3:Speed><ns3:Pace>0.6</ns3:Pace></ns3:TPX></Extensions></Trackpoint><Trackpoint><Time>2025-08-12T21:24:13Z</Time><Position><LatitudeDegrees>-8.04981924</LatitudeDegrees><LongitudeDegrees>-34.94985637</LongitudeDegrees></Position><HeartRateBpm><Value>106</Value></HeartRateBpm><Cadence>32</Cadence><Extensions><ns3:TPX><ns3:Speed>1.649999976158142</ns3:Speed><ns3:Pace>0.6</ns3:Pace></ns3:TPX></Extensions></Trackpoint><Trackpoint><Time>2025-08-12T21:24:14Z</Time><Position><LatitudeDegrees>-8.04980657</LatitudeDegrees><LongitudeDegrees>-34.94985803</LongitudeDegrees></Position><HeartRateBpm><Value>107</Value></HeartRateBpm><Cadence>32</Cadence><Extensions><ns3:TPX><ns3:Speed>1.649999976158142</ns3:Speed><ns3:Pace>0.6</ns3:Pace></ns3:TPX></Extensions></Trackpoint><Trackpoint><Time>2025-08-12T21:24:15Z</Time><Position><LatitudeDegrees>-8.04979357</LatitudeDegrees><LongitudeDegrees>-34.9498597</LongitudeDegrees></Position><HeartRateBpm><Value>107</Value></HeartRateBpm><Cadence>32</Cadence><Extensions><ns3:TPX><ns3:Speed>1.649999976158142</ns3:Speed><ns3:Pace>0.6</ns3:Pace></ns3:TPX></Extensions></Trackpoint><Trackpoint><Time>2025-08-12T21:24:16Z</Time><Position><LatitudeDegrees>-8.04978058</LatitudeDegrees><LongitudeDegrees>-34.94986102</LongitudeDegrees></Position><HeartRateBpm><Value>108</Value></HeartRateBpm><Cadence>33</Cadence><Extensions><ns3:TPX><ns3:Speed>1.649999976158142</ns3:Speed><ns3:Pace>0.6</ns3:Pace></ns3:TPX></Extensions></Trackpoint><Trackpoint><Time>2025-08-12T21:24:17Z</Time><Position><LatitudeDegrees>-8.04976791</LatitudeDegrees><LongitudeDegrees>-34.94986102</LongitudeDegrees></Position><HeartRateBpm><Value>108</Value></HeartRateBpm><Cadence>33</Cadence><Extensions><ns3:TPX><ns3:Speed>1.649999976158142</ns3:Speed><ns3:Pace>0.6</ns3:Pace></ns3:TPX></Extensions></Trackpoint><Trackpoint><Time>2025-08-12T21:24:18Z</Time><Position><LatitudeDegrees>-8.04975492</LatitudeDegrees><LongitudeDegrees>-34.94986235</LongitudeDegrees></Position><HeartRateBpm><Value>109</Value></HeartRateBpm><Cadence>32</Cadence><Extensions><ns3:TPX><ns3:Speed>1.6399999856948853</ns3:Speed><ns3:Pace>0.6</ns3:Pace></ns3:TPX></Extensions></Trackpoint><Trackpoint><Time>2025-08-12T21:24:19Z</Time><Position><LatitudeDegrees>-8.04974059</LatitudeDegrees><LongitudeDegrees>-34.94986268</LongitudeDegrees></Position><HeartRateBpm><Value>109</Value></HeartRateBpm><Cadence>32</Cadence><Extensions><ns3:TPX><ns3:Speed>1.6399999856948853</ns3:Speed><ns3:Pace>0.6</ns3:Pace></ns3:TPX></Extensions></Trackpoint><Trackpoint><Time>2025-08-12T21:24:20Z</Time><Position><LatitudeDegrees>-8.04972693</LatitudeDegrees><LongitudeDegrees>-34.94986168</LongitudeDegrees></Position><HeartRateBpm><Value>110</Value></HeartRateBpm><Cadence>33</Cadence><Extensions><ns3:TPX><ns3:Speed>1.6399999856948853</ns3:Speed><ns3:Pace>0.61</ns3:Pace></ns3:TPX></Extensions></Trackpoint><Trackpoint><Time>2025-08-12T21:24:21Z</Time><Position><LatitudeDegrees>-8.0497126</LatitudeDegrees><LongitudeDegrees>-34.94986069</LongitudeDegrees></Position><HeartRateBpm><Value>111</Value></HeartRateBpm><Cadence>33</Cadence><Extensions><ns3:TPX><ns3:Speed>1.6299999952316284</ns3:Speed><ns3:Pace>0.61</ns3:Pace></ns3:TPX></Extensions></Trackpoint><Trackpoint><Time>2025-08-12T21:24:22Z</Time><Position><LatitudeDegrees>-8.04969727</LatitudeDegrees><LongitudeDegrees>-34.94985869</LongitudeDegrees></Position><HeartRateBpm><Value>112</Value></HeartRateBpm><Cadence>33</Cadence><Extensions><ns3:TPX><ns3:Speed>1.6299999952316284</ns3:Speed><ns3:Pace>0.61</ns3:Pace></ns3:TPX></Extensions></Trackpoint><Trackpoint><Time>2025-08-12T21:24:23Z</Time><Position><LatitudeDegrees>-8.04968194</LatitudeDegrees><LongitudeDegrees>-34.94985736</LongitudeDegrees></Position><HeartRateBpm><Value>112</Value></HeartRateBpm><Cadence>33</Cadence><Extensions><ns3:TPX><ns3:Speed>1.6299999952316284</ns3:Speed><ns3:Pace>0.61</ns3:Pace></ns3:TPX></Extensions></Trackpoint><Trackpoint><Time>2025-08-12T21:24:24Z</Time><Position><LatitudeDegrees>-8.04966729</LatitudeDegrees><LongitudeDegrees>-34.94985503</LongitudeDegrees></Position><HeartRateBpm><Value>113</Value></HeartRateBpm><Cadence>33</Cadence><Extensions><ns3:TPX><ns3:Speed>1.6200000047683716</ns3:Speed><ns3:Pace>0.61</ns3:Pace></ns3:TPX></Extensions></Trackpoint><Trackpoint><Time>2025-08-12T21:24:25Z</Time><Position><LatitudeDegrees>-8.04965296</LatitudeDegrees><LongitudeDegrees>-34.94985171</LongitudeDegrees></Position><HeartRateBpm><Value>113</Value></HeartRateBpm><Cadence>33</Cadence><Extensions><ns3:TPX><ns3:Speed>1.6200000047683716</ns3:Speed><ns3:Pace>0.61</ns3:Pace></ns3:TPX></Extensions></Trackpoint><Trackpoint><Time>2025-08-12T21:24:26Z</Time><Position><LatitudeDegrees>-8.04963996</LatitudeDegrees><LongitudeDegrees>-34.94984671</LongitudeDegrees></Position><HeartRateBpm><Value>113</Value></HeartRateBpm><Cadence>33</Cadence><Extensions><ns3:TPX><ns3:Speed>1.6200000047683716</ns3:Speed><ns3:Pace>0.61</ns3:Pace></ns3:TPX></Extensions></Trackpoint><Trackpoint><Time>2025-08-12T21:24:27Z</Time><Position><LatitudeDegrees>-8.04962697</LatitudeDegrees><LongitudeDegrees>-34.94984072</LongitudeDegrees></Position><HeartRateBpm><Value>113</Value></HeartRateBpm><Cadence>33</Cadence><Extensions><ns3:TPX><ns3:Speed>1.6100000143051147</ns3:Speed><ns3:Pace>0.61</ns3:Pace></ns3:TPX></Extensions></Trackpoint><Trackpoint><Time>2025-08-12T21:24:28Z</Time><Position><LatitudeDegrees>-8.04961197</LatitudeDegrees><LongitudeDegrees>-34.94983439</LongitudeDegrees></Position><HeartRateBpm><Value>113</Value></HeartRateBpm><Cadence>33</Cadence><Extensions><ns3:TPX><ns3:Speed>1.6100000143051147</ns3:Speed><ns3:Pace>0.61</ns3:Pace></ns3:TPX></Extensions></Trackpoint><Trackpoint><Time>2025-08-12T21:24:29Z</Time><Position><LatitudeDegrees>-8.04959432</LatitudeDegrees><LongitudeDegrees>-34.9498284</LongitudeDegrees></Position><HeartRateBpm><Value>113</Value></HeartRateBpm><Cadence>33</Cadence><Extensions><ns3:TPX><ns3:Speed>1.6100000143051147</ns3:Speed><ns3:Pace>0.62</ns3:Pace></ns3:TPX></Extensions></Trackpoint><Trackpoint><Time>2025-08-12T21:24:30Z</Time><Position><LatitudeDegrees>-8.04957665</LatitudeDegrees><LongitudeDegrees>-34.94982241</LongitudeDegrees></Position><HeartRateBpm><Value>113</Value></HeartRateBpm><Cadence>33</Cadence><Extensions><ns3:TPX><ns3:Speed>1.6100000143051147</ns3:Speed><ns3:Pace>0.62</ns3:Pace></ns3:TPX></Extensions></Trackpoint><Trackpoint><Time>2025-08-12T21:24:31Z</Time><Position><LatitudeDegrees>-8.04956065</LatitudeDegrees><LongitudeDegrees>-34.94981775</LongitudeDegrees></Position><HeartRateBpm><Value>113</Value></HeartRateBpm><Cadence>31</Cadence><Extensions><ns3:TPX><ns3:Speed>1.6100000143051147</ns3:Speed><ns3:Pace>0.62</ns3:Pace></ns3:TPX></Extensions></Trackpoint><Trackpoint><Time>2025-08-12T21:24:32Z</Time><Position><LatitudeDegrees>-8.04954532</LatitudeDegrees><LongitudeDegrees>-34.94981308</LongitudeDegrees></Position><HeartRateBpm><Value>113</Value></HeartRateBpm><Cadence>31</Cadence><Extensions><ns3:TPX><ns3:Speed>1.600000023841858</ns3:Speed><ns3:Pace>0.62</ns3:Pace></ns3:TPX></Extensions></Trackpoint><Trackpoint><Time>2025-08-12T21:24:33Z</Time><Position><LatitudeDegrees>-8.04953066</LatitudeDegrees><LongitudeDegrees>-34.94980642</LongitudeDegrees></Position><HeartRateBpm><Value>113</Value></HeartRateBpm><Cadence>31</Cadence><Extensions><ns3:TPX><ns3:Speed>1.6100000143051147</ns3:Speed><ns3:Pace>0.62</ns3:Pace></ns3:TPX></Extensions></Trackpoint><Trackpoint><Time>2025-08-12T21:24:34Z</Time><Position><LatitudeDegrees>-8.04951633</LatitudeDegrees><LongitudeDegrees>-34.94979676</LongitudeDegrees></Position><HeartRateBpm><Value>113</Value></HeartRateBpm><Cadence>32</Cadence><Extensions><ns3:TPX><ns3:Speed>1.6100000143051147</ns3:Speed><ns3:Pace>0.62</ns3:Pace></ns3:TPX></Extensions></Trackpoint><Trackpoint><Time>2025-08-12T21:24:35Z</Time><Position><LatitudeDegrees>-8.049504</LatitudeDegrees><LongitudeDegrees>-34.94978643</LongitudeDegrees></Position><HeartRateBpm><Value>113</Value></HeartRateBpm><Cadence>32</Cadence><Extensions><ns3:TPX><ns3:Speed>1.6100000143051147</ns3:Speed><ns3:Pace>0.61</ns3:Pace></ns3:TPX></Extensions></Trackpoint><Trackpoint><Time>2025-08-12T21:24:36Z</Time><Position><LatitudeDegrees>-8.04948967</LatitudeDegrees><LongitudeDegrees>-34.9497771</LongitudeDegrees></Position><HeartRateBpm><Value>113</Value></HeartRateBpm><Cadence>32</Cadence><Extensions><ns3:TPX><ns3:Speed>1.6100000143051147</ns3:Speed><ns3:Pace>0.61</ns3:Pace></ns3:TPX></Extensions></Trackpoint><Trackpoint><Time>2025-08-12T21:24:37Z</Time><Position><LatitudeDegrees>-8.04947468</LatitudeDegrees><LongitudeDegrees>-34.94977044</LongitudeDegrees></Position><HeartRateBpm><Value>113</Value></HeartRateBpm><Cadence>33</Cadence><Extensions><ns3:TPX><ns3:Speed>1.6200000047683716</ns3:Speed><ns3:Pace>0.61</ns3:Pace></ns3:TPX></Extensions></Trackpoint><Trackpoint><Time>2025-08-12T21:24:38Z</Time><Position><LatitudeDegrees>-8.04945969</LatitudeDegrees><LongitudeDegrees>-34.94976544</LongitudeDegrees></Position><HeartRateBpm><Value>113</Value></HeartRateBpm><Cadence>33</Cadence><Extensions><ns3:TPX><ns3:Speed>1.6200000047683716</ns3:Speed><ns3:Pace>0.61</ns3:Pace></ns3:TPX></Extensions></Trackpoint><Trackpoint><Time>2025-08-12T21:24:39Z</Time><Position><LatitudeDegrees>-8.04944669</LatitudeDegrees><LongitudeDegrees>-34.94976245</LongitudeDegrees></Position><HeartRateBpm><Value>113</Value></HeartRateBpm><Cadence>33</Cadence><Extensions><ns3:TPX><ns3:Speed>1.6200000047683716</ns3:Speed><ns3:Pace>0.61</ns3:Pace></ns3:TPX></Extensions></Trackpoint><Trackpoint><Time>2025-08-12T21:24:40Z</Time><Position><LatitudeDegrees>-8.04943437</LatitudeDegrees><LongitudeDegrees>-34.94976012</LongitudeDegrees></Position><HeartRateBpm><Value>115</Value></HeartRateBpm><Cadence>33</Cadence><Extensions><ns3:TPX><ns3:Speed>1.6299999952316284</ns3:Speed><ns3:Pace>0.61</ns3:Pace></ns3:TPX></Extensions></Trackpoint><Trackpoint><Time>2025-08-12T21:24:41Z</Time><Position><LatitudeDegrees>-8.04942203</LatitudeDegrees><LongitudeDegrees>-34.94976012</LongitudeDegrees></Position><HeartRateBpm><Value>115</Value></HeartRateBpm><Cadence>33</Cadence><Extensions><ns3:TPX><ns3:Speed>1.6299999952316284</ns3:Speed><ns3:Pace>0.61</ns3:Pace></ns3:TPX></Extensions></Trackpoint><Trackpoint><Time>2025-08-12T21:24:42Z</Time><Position><LatitudeDegrees>-8.04941338</LatitudeDegrees><LongitudeDegrees>-34.94976479</LongitudeDegrees></Position><HeartRateBpm><Value>116</Value></HeartRateBpm><Cadence>33</Cadence><Extensions><ns3:TPX><ns3:Speed>1.6299999952316284</ns3:Speed><ns3:Pace>0.61</ns3:Pace></ns3:TPX></Extensions></Trackpoint><Trackpoint><Time>2025-08-12T21:24:43Z</Time><Position><LatitudeDegrees>-8.04940938</LatitudeDegrees><LongitudeDegrees>-34.94977378</LongitudeDegrees></Position><HeartRateBpm><Value>117</Value></HeartRateBpm><Cadence>33</Cadence><Extensions><ns3:TPX><ns3:Speed>1.6299999952316284</ns3:Speed><ns3:Pace>0.61</ns3:Pace></ns3:TPX></Extensions></Trackpoint><Trackpoint><Time>2025-08-12T21:24:44Z</Time><Position><LatitudeDegrees>-8.04940471</LatitudeDegrees><LongitudeDegrees>-34.94978277</LongitudeDegrees></Position><HeartRateBpm><Value>119</Value></HeartRateBpm><Cadence>33</Cadence><Extensions><ns3:TPX><ns3:Speed>1.6299999952316284</ns3:Speed><ns3:Pace>0.61</ns3:Pace></ns3:TPX></Extensions></Trackpoint><Trackpoint><Time>2025-08-12T21:24:45Z</Time><Position><LatitudeDegrees>-8.04939672</LatitudeDegrees><LongitudeDegrees>-34.94979177</LongitudeDegrees></Position><HeartRateBpm><Value>121</Value></HeartRateBpm><Cadence>33</Cadence><Extensions><ns3:TPX><ns3:Speed>1.6299999952316284</ns3:Speed><ns3:Pace>0.61</ns3:Pace></ns3:TPX></Extensions></Trackpoint><Trackpoint><Time>2025-08-12T21:24:46Z</Time><Position><LatitudeDegrees>-8.0493894</LatitudeDegrees><LongitudeDegrees>-34.94980142</LongitudeDegrees></Position><HeartRateBpm><Value>122</Value></HeartRateBpm><Cadence>33</Cadence><Extensions><ns3:TPX><ns3:Speed>1.6299999952316284</ns3:Speed><ns3:Pace>0.61</ns3:Pace></ns3:TPX></Extensions></Trackpoint><Trackpoint><Time>2025-08-12T21:24:47Z</Time><Position><LatitudeDegrees>-8.04938206</LatitudeDegrees><LongitudeDegrees>-34.94981142</LongitudeDegrees></Position><HeartRateBpm><Value>122</Value></HeartRateBpm><Cadence>33</Cadence><Extensions><ns3:TPX><ns3:Speed>1.6299999952316284</ns3:Speed><ns3:Pace>0.61</ns3:Pace></ns3:TPX></Extensions></Trackpoint><Trackpoint><Time>2025-08-12T21:24:48Z</Time><Position><LatitudeDegrees>-8.04937607</LatitudeDegrees><LongitudeDegrees>-34.94982175</LongitudeDegrees></Position><HeartRateBpm><Value>123</Value></HeartRateBpm><Cadence>33</Cadence><Extensions><ns3:TPX><ns3:Speed>1.6200000047683716</ns3:Speed><ns3:Pace>0.61</ns3:Pace></ns3:TPX></Extensions></Trackpoint><Trackpoint><Time>2025-08-12T21:24:49Z</Time><Position><LatitudeDegrees>-8.04937274</LatitudeDegrees><LongitudeDegrees>-34.94983208</LongitudeDegrees></Position><HeartRateBpm><Value>125</Value></HeartRateBpm><Cadence>32</Cadence><Extensions><ns3:TPX><ns3:Speed>1.6200000047683716</ns3:Speed><ns3:Pace>0.61</ns3:Pace></ns3:TPX></Extensions></Trackpoint><Trackpoint><Time>2025-08-12T21:24:50Z</Time><Position><LatitudeDegrees>-8.04937207</LatitudeDegrees><LongitudeDegrees>-34.94984407</LongitudeDegrees></Position><HeartRateBpm><Value>120</Value></HeartRateBpm><Cadence>33</Cadence><Extensions><ns3:TPX><ns3:Speed>1.6100000143051147</ns3:Speed><ns3:Pace>0.62</ns3:Pace></ns3:TPX></Extensions></Trackpoint><Trackpoint><Time>2025-08-12T21:24:51Z</Time><Position><LatitudeDegrees>-8.04937274</LatitudeDegrees><LongitudeDegrees>-34.9498564</LongitudeDegrees></Position><HeartRateBpm><Value>123</Value></HeartRateBpm><Cadence>33</Cadence><Extensions><ns3:TPX><ns3:Speed>1.600000023841858</ns3:Speed><ns3:Pace>0.62</ns3:Pace></ns3:TPX></Extensions></Trackpoint><Trackpoint><Time>2025-08-12T21:24:52Z</Time><Position><LatitudeDegrees>-8.04937307</LatitudeDegrees><LongitudeDegrees>-34.94986906</LongitudeDegrees></Position><HeartRateBpm><Value>117</Value></HeartRateBpm><Cadence>33</Cadence><Extensions><ns3:TPX><ns3:Speed>1.600000023841858</ns3:Speed><ns3:Pace>0.62</ns3:Pace></ns3:TPX></Extensions></Trackpoint><Trackpoint><Time>2025-08-12T21:24:53Z</Time><Position><LatitudeDegrees>-8.04937175</LatitudeDegrees><LongitudeDegrees>-34.94988006</LongitudeDegrees></Position><HeartRateBpm><Value>117</Value></HeartRateBpm><Cadence>33</Cadence><Extensions><ns3:TPX><ns3:Speed>1.600000023841858</ns3:Speed><ns3:Pace>0.62</ns3:Pace></ns3:TPX></Extensions></Trackpoint><Trackpoint><Time>2025-08-12T21:24:54Z</Time><Position><LatitudeDegrees>-8.04936809</LatitudeDegrees><LongitudeDegrees>-34.94989172</LongitudeDegrees></Position><HeartRateBpm><Value>116</Value></HeartRateBpm><Cadence>33</Cadence><Extensions><ns3:TPX><ns3:Speed>1.590000033378601</ns3:Speed><ns3:Pace>0.63</ns3:Pace></ns3:TPX></Extensions></Trackpoint><Trackpoint><Time>2025-08-12T21:24:55Z</Time><Position><LatitudeDegrees>-8.04936276</LatitudeDegrees><LongitudeDegrees>-34.94990404</LongitudeDegrees></Position><HeartRateBpm><Value>116</Value></HeartRateBpm><Cadence>33</Cadence><Extensions><ns3:TPX><ns3:Speed>1.5800000429153442</ns3:Speed><ns3:Pace>0.63</ns3:Pace></ns3:TPX></Extensions></Trackpoint><Trackpoint><Time>2025-08-12T21:24:56Z</Time><Position><LatitudeDegrees>-8.04935676</LatitudeDegrees><LongitudeDegrees>-34.94991704</LongitudeDegrees></Position><HeartRateBpm><Value>116</Value></HeartRateBpm><Cadence>32</Cadence><Extensions><ns3:TPX><ns3:Speed>1.5700000524520874</ns3:Speed><ns3:Pace>0.63</ns3:Pace></ns3:TPX></Extensions></Trackpoint><Trackpoint><Time>2025-08-12T21:24:57Z</Time><Position><LatitudeDegrees>-8.04934643</LatitudeDegrees><LongitudeDegrees>-34.94993004</LongitudeDegrees></Position><HeartRateBpm><Value>116</Value></HeartRateBpm><Cadence>32</Cadence><Extensions><ns3:TPX><ns3:Speed>1.5700000524520874</ns3:Speed><ns3:Pace>0.63</ns3:Pace></ns3:TPX></Extensions></Trackpoint><Trackpoint><Time>2025-08-12T21:24:58Z</Time><Position><LatitudeDegrees>-8.0493331</LatitudeDegrees><LongitudeDegrees>-34.94993903</LongitudeDegrees></Position><HeartRateBpm><Value>115</Value></HeartRateBpm><Cadence>32</Cadence><Extensions><ns3:TPX><ns3:Speed>1.559999942779541</ns3:Speed><ns3:Pace>0.63</ns3:Pace></ns3:TPX></Extensions></Trackpoint><Trackpoint><Time>2025-08-12T21:24:59Z</Time><Position><LatitudeDegrees>-8.04931544</LatitudeDegrees><LongitudeDegrees>-34.94994602</LongitudeDegrees></Position><HeartRateBpm><Value>115</Value></HeartRateBpm><Cadence>32</Cadence><Extensions><ns3:TPX><ns3:Speed>1.559999942779541</ns3:Speed><ns3:Pace>0.64</ns3:Pace></ns3:TPX></Extensions></Trackpoint><Trackpoint><Time>2025-08-12T21:25:00Z</Time><Position><LatitudeDegrees>-8.04929645</LatitudeDegrees><LongitudeDegrees>-34.94994901</LongitudeDegrees></Position><HeartRateBpm><Value>115</Value></HeartRateBpm><Cadence>32</Cadence><Extensions><ns3:TPX><ns3:Speed>1.559999942779541</ns3:Speed><ns3:Pace>0.64</ns3:Pace></ns3:TPX></Extensions></Trackpoint><Trackpoint><Time>2025-08-12T21:25:01Z</Time><Position><LatitudeDegrees>-8.04927812</LatitudeDegrees><LongitudeDegrees>-34.94994869</LongitudeDegrees></Position><HeartRateBpm><Value>116</Value></HeartRateBpm><Cadence>33</Cadence><Extensions><ns3:TPX><ns3:Speed>1.5499999523162842</ns3:Speed><ns3:Pace>0.64</ns3:Pace></ns3:TPX></Extensions></Trackpoint><Trackpoint><Time>2025-08-12T21:25:02Z</Time><Position><LatitudeDegrees>-8.04926246</LatitudeDegrees><LongitudeDegrees>-34.94994703</LongitudeDegrees></Position><HeartRateBpm><Value>116</Value></HeartRateBpm><Cadence>32</Cadence><Extensions><ns3:TPX><ns3:Speed>1.5499999523162842</ns3:Speed><ns3:Pace>0.64</ns3:Pace></ns3:TPX></Extensions></Trackpoint><Trackpoint><Time>2025-08-12T21:25:03Z</Time><Position><LatitudeDegrees>-8.04924813</LatitudeDegrees><LongitudeDegrees>-34.94994337</LongitudeDegrees></Position><HeartRateBpm><Value>117</Value></HeartRateBpm><Cadence>32</Cadence><Extensions><ns3:TPX><ns3:Speed>1.5499999523162842</ns3:Speed><ns3:Pace>0.64</ns3:Pace></ns3:TPX></Extensions></Trackpoint><Trackpoint><Time>2025-08-12T21:25:04Z</Time><Position><LatitudeDegrees>-8.04923548</LatitudeDegrees><LongitudeDegrees>-34.94994071</LongitudeDegrees></Position><HeartRateBpm><Value>119</Value></HeartRateBpm><Cadence>32</Cadence><Extensions><ns3:TPX><ns3:Speed>1.559999942779541</ns3:Speed><ns3:Pace>0.64</ns3:Pace></ns3:TPX></Extensions></Trackpoint><Trackpoint><Time>2025-08-12T21:25:05Z</Time><Position><LatitudeDegrees>-8.04922115</LatitudeDegrees><LongitudeDegrees>-34.94993838</LongitudeDegrees></Position><HeartRateBpm><Value>119</Value></HeartRateBpm><Cadence>32</Cadence><Extensions><ns3:TPX><ns3:Speed>1.559999942779541</ns3:Speed><ns3:Pace>0.63</ns3:Pace></ns3:TPX></Extensions></Trackpoint><Trackpoint><Time>2025-08-12T21:25:06Z</Time><Position><LatitudeDegrees>-8.04920615</LatitudeDegrees><LongitudeDegrees>-34.94993605</LongitudeDegrees></Position><HeartRateBpm><Value>120</Value></HeartRateBpm><Cadence>33</Cadence><Extensions><ns3:TPX><ns3:Speed>1.559999942779541</ns3:Speed><ns3:Pace>0.63</ns3:Pace></ns3:TPX></Extensions></Trackpoint><Trackpoint><Time>2025-08-12T21:25:07Z</Time><Position><LatitudeDegrees>-8.0491925</LatitudeDegrees><LongitudeDegrees>-34.94993405</LongitudeDegrees></Position><HeartRateBpm><Value>120</Value></HeartRateBpm><Cadence>33</Cadence><Extensions><ns3:TPX><ns3:Speed>1.5700000524520874</ns3:Speed><ns3:Pace>0.63</ns3:Pace></ns3:TPX></Extensions></Trackpoint><Trackpoint><Time>2025-08-12T21:25:08Z</Time><Position><LatitudeDegrees>-8.04917983</LatitudeDegrees><LongitudeDegrees>-34.94993205</LongitudeDegrees></Position><HeartRateBpm><Value>120</Value></HeartRateBpm><Cadence>33</Cadence><Extensions><ns3:TPX><ns3:Speed>1.5700000524520874</ns3:Speed><ns3:Pace>0.63</ns3:Pace></ns3:TPX></Extensions></Trackpoint><Trackpoint><Time>2025-08-12T21:25:09Z</Time><Position><LatitudeDegrees>-8.04917083</LatitudeDegrees><LongitudeDegrees>-34.94992706</LongitudeDegrees></Position><HeartRateBpm><Value>120</Value></HeartRateBpm><Cadence>32</Cadence><Extensions><ns3:TPX><ns3:Speed>1.5700000524520874</ns3:Speed><ns3:Pace>0.63</ns3:Pace></ns3:TPX></Extensions></Trackpoint><Trackpoint><Time>2025-08-12T21:25:10Z</Time><Position><LatitudeDegrees>-8.04916217</LatitudeDegrees><LongitudeDegrees>-34.94992039</LongitudeDegrees></Position><HeartRateBpm><Value>122</Value></HeartRateBpm><Cadence>33</Cadence><Extensions><ns3:TPX><ns3:Speed>1.5700000524520874</ns3:Speed><ns3:Pace>0.63</ns3:Pace></ns3:TPX></Extensions></Trackpoint><Trackpoint><Time>2025-08-12T21:25:11Z</Time><Position><LatitudeDegrees>-8.04915284</LatitudeDegrees><LongitudeDegrees>-34.94991239</LongitudeDegrees></Position><HeartRateBpm><Value>122</Value></HeartRateBpm><Cadence>33</Cadence><Extensions><ns3:TPX><ns3:Speed>1.5700000524520874</ns3:Speed><ns3:Pace>0.63</ns3:Pace></ns3:TPX></Extensions></Trackpoint><Trackpoint><Time>2025-08-12T21:25:12Z</Time><Position><LatitudeDegrees>-8.04914218</LatitudeDegrees><LongitudeDegrees>-34.94990406</LongitudeDegrees></Position><HeartRateBpm><Value>122</Value></HeartRateBpm><Cadence>33</Cadence><Extensions><ns3:TPX><ns3:Speed>1.5700000524520874</ns3:Speed><ns3:Pace>0.63</ns3:Pace></ns3:TPX></Extensions></Trackpoint><Trackpoint><Time>2025-08-12T21:25:13Z</Time><Position><LatitudeDegrees>-8.04912986</LatitudeDegrees><LongitudeDegrees>-34.9498954</LongitudeDegrees></Position><HeartRateBpm><Value>122</Value></HeartRateBpm><Cadence>32</Cadence><Extensions><ns3:TPX><ns3:Speed>1.559999942779541</ns3:Speed><ns3:Pace>0.63</ns3:Pace></ns3:TPX></Extensions></Trackpoint><Trackpoint><Time>2025-08-12T21:25:14Z</Time><Position><LatitudeDegrees>-8.04910886</LatitudeDegrees><LongitudeDegrees>-34.94988675</LongitudeDegrees></Position><HeartRateBpm><Value>123</Value></HeartRateBpm><Cadence>32</Cadence><Extensions><ns3:TPX><ns3:Speed>1.559999942779541</ns3:Speed><ns3:Pace>0.64</ns3:Pace></ns3:TPX></Extensions></Trackpoint><Trackpoint><Time>2025-08-12T21:25:15Z</Time><Position><LatitudeDegrees>-8.04908519</LatitudeDegrees><LongitudeDegrees>-34.94987841</LongitudeDegrees></Position><HeartRateBpm><Value>123</Value></HeartRateBpm><Cadence>32</Cadence><Extensions><ns3:TPX><ns3:Speed>1.559999942779541</ns3:Speed><ns3:Pace>0.64</ns3:Pace></ns3:TPX></Extensions></Trackpoint><Trackpoint><Time>2025-08-12T21:25:16Z</Time><Position><LatitudeDegrees>-8.04906853</LatitudeDegrees><LongitudeDegrees>-34.94986676</LongitudeDegrees></Position><HeartRateBpm><Value>123</Value></HeartRateBpm><Cadence>32</Cadence><Extensions><ns3:TPX><ns3:Speed>1.5499999523162842</ns3:Speed><ns3:Pace>0.64</ns3:Pace></ns3:TPX></Extensions></Trackpoint><Trackpoint><Time>2025-08-12T21:25:17Z</Time><Position><LatitudeDegrees>-8.04905354</LatitudeDegrees><LongitudeDegrees>-34.94985876</LongitudeDegrees></Position><HeartRateBpm><Value>123</Value></HeartRateBpm><Cadence>32</Cadence><Extensions><ns3:TPX><ns3:Speed>1.5499999523162842</ns3:Speed><ns3:Pace>0.64</ns3:Pace></ns3:TPX></Extensions></Trackpoint><Trackpoint><Time>2025-08-12T21:25:18Z</Time><Position><LatitudeDegrees>-8.04903788</LatitudeDegrees><LongitudeDegrees>-34.9498491</LongitudeDegrees></Position><HeartRateBpm><Value>123</Value></HeartRateBpm><Cadence>32</Cadence><Extensions><ns3:TPX><ns3:Speed>1.5499999523162842</ns3:Speed><ns3:Pace>0.64</ns3:Pace></ns3:TPX></Extensions></Trackpoint><Trackpoint><Time>2025-08-12T21:25:19Z</Time><Position><LatitudeDegrees>-8.04902289</LatitudeDegrees><LongitudeDegrees>-34.9498391</LongitudeDegrees></Position><HeartRateBpm><Value>123</Value></HeartRateBpm><Cadence>33</Cadence><Extensions><ns3:TPX><ns3:Speed>1.5499999523162842</ns3:Speed><ns3:Pace>0.64</ns3:Pace></ns3:TPX></Extensions></Trackpoint><Trackpoint><Time>2025-08-12T21:25:20Z</Time><Position><LatitudeDegrees>-8.04901022</LatitudeDegrees><LongitudeDegrees>-34.94983011</LongitudeDegrees></Position><HeartRateBpm><Value>123</Value></HeartRateBpm><Cadence>33</Cadence><Extensions><ns3:TPX><ns3:Speed>1.5499999523162842</ns3:Speed><ns3:Pace>0.64</ns3:Pace></ns3:TPX></Extensions></Trackpoint><Trackpoint><Time>2025-08-12T21:25:21Z</Time><Position><LatitudeDegrees>-8.04899989</LatitudeDegrees><LongitudeDegrees>-34.94982279</LongitudeDegrees></Position><HeartRateBpm><Value>124</Value></HeartRateBpm><Cadence>33</Cadence><Extensions><ns3:TPX><ns3:Speed>1.5499999523162842</ns3:Speed><ns3:Pace>0.64</ns3:Pace></ns3:TPX></Extensions></Trackpoint><Trackpoint><Time>2025-08-12T21:25:22Z</Time><Position><LatitudeDegrees>-8.04898822</LatitudeDegrees><LongitudeDegrees>-34.94981645</LongitudeDegrees></Position><HeartRateBpm><Value>126</Value></HeartRateBpm><Cadence>33</Cadence><Extensions><ns3:TPX><ns3:Speed>1.559999942779541</ns3:Speed><ns3:Pace>0.64</ns3:Pace></ns3:TPX></Extensions></Trackpoint><Trackpoint><Time>2025-08-12T21:25:23Z</Time><Position><LatitudeDegrees>-8.04897657</LatitudeDegrees><LongitudeDegrees>-34.94981213</LongitudeDegrees></Position><HeartRateBpm><Value>126</Value></HeartRateBpm><Cadence>33</Cadence><Extensions><ns3:TPX><ns3:Speed>1.559999942779541</ns3:Speed><ns3:Pace>0.64</ns3:Pace></ns3:TPX></Extensions></Trackpoint><Trackpoint><Time>2025-08-12T21:25:24Z</Time><Position><LatitudeDegrees>-8.04896523</LatitudeDegrees><LongitudeDegrees>-34.94980746</LongitudeDegrees></Position><HeartRateBpm><Value>127</Value></HeartRateBpm><Cadence>33</Cadence><Extensions><ns3:TPX><ns3:Speed>1.559999942779541</ns3:Speed><ns3:Pace>0.64</ns3:Pace></ns3:TPX></Extensions></Trackpoint><Trackpoint><Time>2025-08-12T21:25:25Z</Time><Position><LatitudeDegrees>-8.0489539</LatitudeDegrees><LongitudeDegrees>-34.94980246</LongitudeDegrees></Position><HeartRateBpm><Value>126</Value></HeartRateBpm><Cadence>33</Cadence><Extensions><ns3:TPX><ns3:Speed>1.559999942779541</ns3:Speed><ns3:Pace>0.64</ns3:Pace></ns3:TPX></Extensions></Trackpoint><Trackpoint><Time>2025-08-12T21:25:26Z</Time><Position><LatitudeDegrees>-8.04894091</LatitudeDegrees><LongitudeDegrees>-34.94979514</LongitudeDegrees></Position><HeartRateBpm><Value>126</Value></HeartRateBpm><Cadence>33</Cadence><Extensions><ns3:TPX><ns3:Speed>1.5499999523162842</ns3:Speed><ns3:Pace>0.64</ns3:Pace></ns3:TPX></Extensions></Trackpoint><Trackpoint><Time>2025-08-12T21:25:27Z</Time><Position><LatitudeDegrees>-8.04892824</LatitudeDegrees><LongitudeDegrees>-34.94978681</LongitudeDegrees></Position><HeartRateBpm><Value>126</Value></HeartRateBpm><Cadence>33</Cadence><Extensions><ns3:TPX><ns3:Speed>1.5399999618530273</ns3:Speed><ns3:Pace>0.65</ns3:Pace></ns3:TPX></Extensions></Trackpoint><Trackpoint><Time>2025-08-12T21:25:29Z</Time><Position><LatitudeDegrees>-8.04887592</LatitudeDegrees><LongitudeDegrees>-34.94975515</LongitudeDegrees></Position><HeartRateBpm><Value>126</Value></HeartRateBpm><Cadence>33</Cadence><Extensions><ns3:TPX><ns3:Speed>1.5299999713897705</ns3:Speed><ns3:Pace>0.65</ns3:Pace></ns3:TPX></Extensions></Trackpoint><Trackpoint><Time>2025-08-12T21:25:30Z</Time><Position><LatitudeDegrees>-8.04887292</LatitudeDegrees><LongitudeDegrees>-34.94975382</LongitudeDegrees></Position><HeartRateBpm><Value>127</Value></HeartRateBpm><Cadence>32</Cadence><Extensions><ns3:TPX><ns3:Speed>1.5199999809265137</ns3:Speed><ns3:Pace>0.65</ns3:Pace></ns3:TPX></Extensions></Trackpoint><Trackpoint><Time>2025-08-12T21:25:31Z</Time><Position><LatitudeDegrees>-8.04886793</LatitudeDegrees><LongitudeDegrees>-34.94975182</LongitudeDegrees></Position><HeartRateBpm><Value>127</Value></HeartRateBpm><Cadence>32</Cadence><Extensions><ns3:TPX><ns3:Speed>1.5199999809265137</ns3:Speed><ns3:Pace>0.65</ns3:Pace></ns3:TPX></Extensions></Trackpoint><Trackpoint><Time>2025-08-12T21:25:32Z</Time><Position><LatitudeDegrees>-8.04886161</LatitudeDegrees><LongitudeDegrees>-34.94975083</LongitudeDegrees></Position><HeartRateBpm><Value>127</Value></HeartRateBpm><Cadence>32</Cadence><Extensions><ns3:TPX><ns3:Speed>1.5099999904632568</ns3:Speed><ns3:Pace>0.66</ns3:Pace></ns3:TPX></Extensions></Trackpoint><Trackpoint><Time>2025-08-12T21:25:33Z</Time><Position><LatitudeDegrees>-8.04885295</LatitudeDegrees><LongitudeDegrees>-34.9497495</LongitudeDegrees></Position><HeartRateBpm><Value>127</Value></HeartRateBpm><Cadence>32</Cadence><Extensions><ns3:TPX><ns3:Speed>1.5099999904632568</ns3:Speed><ns3:Pace>0.66</ns3:Pace></ns3:TPX></Extensions></Trackpoint><Trackpoint><Time>2025-08-12T21:25:34Z</Time><Position><LatitudeDegrees>-8.04884296</LatitudeDegrees><LongitudeDegrees>-34.94974651</LongitudeDegrees></Position><HeartRateBpm><Value>127</Value></HeartRateBpm><Cadence>32</Cadence><Extensions><ns3:TPX><ns3:Speed>1.5</ns3:Speed><ns3:Pace>0.66</ns3:Pace></ns3:TPX></Extensions></Trackpoint><Trackpoint><Time>2025-08-12T21:25:35Z</Time><Position><LatitudeDegrees>-8.04883263</LatitudeDegrees><LongitudeDegrees>-34.94974251</LongitudeDegrees></Position><HeartRateBpm><Value>127</Value></HeartRateBpm><Cadence>32</Cadence><Extensions><ns3:TPX><ns3:Speed>1.5</ns3:Speed><ns3:Pace>0.67</ns3:Pace></ns3:TPX></Extensions></Trackpoint><Trackpoint><Time>2025-08-12T21:25:36Z</Time><Position><LatitudeDegrees>-8.04882363</LatitudeDegrees><LongitudeDegrees>-34.94974018</LongitudeDegrees></Position><HeartRateBpm><Value>127</Value></HeartRateBpm><Cadence>32</Cadence><Extensions><ns3:TPX><ns3:Speed>1.4900000095367432</ns3:Speed><ns3:Pace>0.67</ns3:Pace></ns3:TPX></Extensions></Trackpoint><Trackpoint><Time>2025-08-12T21:25:37Z</Time><Position><LatitudeDegrees>-8.04881463</LatitudeDegrees><LongitudeDegrees>-34.94973586</LongitudeDegrees></Position><HeartRateBpm><Value>128</Value></HeartRateBpm><Cadence>32</Cadence><Extensions><ns3:TPX><ns3:Speed>1.4700000286102295</ns3:Speed><ns3:Pace>0.68</ns3:Pace></ns3:TPX></Extensions></Trackpoint><Trackpoint><Time>2025-08-12T21:25:38Z</Time><Position><LatitudeDegrees>-8.04880397</LatitudeDegrees><LongitudeDegrees>-34.94973119</LongitudeDegrees></Position><HeartRateBpm><Value>128</Value></HeartRateBpm><Cadence>32</Cadence><Extensions><ns3:TPX><ns3:Speed>1.4600000381469727</ns3:Speed><ns3:Pace>0.69</ns3:Pace></ns3:TPX></Extensions></Trackpoint><Trackpoint><Time>2025-08-12T21:25:39Z</Time><Position><LatitudeDegrees>-8.04879098</LatitudeDegrees><LongitudeDegrees>-34.9497252</LongitudeDegrees></Position><HeartRateBpm><Value>128</Value></HeartRateBpm><Cadence>32</Cadence><Extensions><ns3:TPX><ns3:Speed>1.440000057220459</ns3:Speed><ns3:Pace>0.69</ns3:Pace></ns3:TPX></Extensions></Trackpoint><Trackpoint><Time>2025-08-12T21:25:40Z</Time><Position><LatitudeDegrees>-8.04877798</LatitudeDegrees><LongitudeDegrees>-34.94971987</LongitudeDegrees></Position><HeartRateBpm><Value>128</Value></HeartRateBpm><Cadence>32</Cadence><Extensions><ns3:TPX><ns3:Speed>1.4299999475479126</ns3:Speed><ns3:Pace>0.69</ns3:Pace></ns3:TPX></Extensions></Trackpoint><Trackpoint><Time>2025-08-12T21:25:41Z</Time><Position><LatitudeDegrees>-8.04876299</LatitudeDegrees><LongitudeDegrees>-34.94971453</LongitudeDegrees></Position><HeartRateBpm><Value>128</Value></HeartRateBpm><Cadence>32</Cadence><Extensions><ns3:TPX><ns3:Speed>1.4299999475479126</ns3:Speed><ns3:Pace>0.69</ns3:Pace></ns3:TPX></Extensions></Trackpoint><Trackpoint><Time>2025-08-12T21:25:42Z</Time><Position><LatitudeDegrees>-8.04874467</LatitudeDegrees><LongitudeDegrees>-34.9497092</LongitudeDegrees></Position><HeartRateBpm><Value>128</Value></HeartRateBpm><Cadence>32</Cadence><Extensions><ns3:TPX><ns3:Speed>1.4299999475479126</ns3:Speed><ns3:Pace>0.7</ns3:Pace></ns3:TPX></Extensions></Trackpoint><Trackpoint><Time>2025-08-12T21:25:43Z</Time><Position><LatitudeDegrees>-8.04872667</LatitudeDegrees><LongitudeDegrees>-34.94970353</LongitudeDegrees></Position><HeartRateBpm><Value>128</Value></HeartRateBpm><Cadence>32</Cadence><Extensions><ns3:TPX><ns3:Speed>1.4199999570846558</ns3:Speed><ns3:Pace>0.7</ns3:Pace></ns3:TPX></Extensions></Trackpoint><Trackpoint><Time>2025-08-12T21:25:44Z</Time><Position><LatitudeDegrees>-8.04871101</LatitudeDegrees><LongitudeDegrees>-34.94969853</LongitudeDegrees></Position><HeartRateBpm><Value>127</Value></HeartRateBpm><Cadence>32</Cadence><Extensions><ns3:TPX><ns3:Speed>1.409999966621399</ns3:Speed><ns3:Pace>0.7</ns3:Pace></ns3:TPX></Extensions></Trackpoint><Trackpoint><Time>2025-08-12T21:25:45Z</Time><Position><LatitudeDegrees>-8.04869669</LatitudeDegrees><LongitudeDegrees>-34.94969354</LongitudeDegrees></Position><HeartRateBpm><Value>127</Value></HeartRateBpm><Cadence>32</Cadence><Extensions><ns3:TPX><ns3:Speed>1.409999966621399</ns3:Speed><ns3:Pace>0.7</ns3:Pace></ns3:TPX></Extensions></Trackpoint><Trackpoint><Time>2025-08-12T21:25:46Z</Time><Position><LatitudeDegrees>-8.04868335</LatitudeDegrees><LongitudeDegrees>-34.94968688</LongitudeDegrees></Position><HeartRateBpm><Value>128</Value></HeartRateBpm><Cadence>32</Cadence><Extensions><ns3:TPX><ns3:Speed>1.409999966621399</ns3:Speed><ns3:Pace>0.7</ns3:Pace></ns3:TPX></Extensions></Trackpoint><Trackpoint><Time>2025-08-12T21:25:47Z</Time><Position><LatitudeDegrees>-8.04867169</LatitudeDegrees><LongitudeDegrees>-34.94967854</LongitudeDegrees></Position><HeartRateBpm><Value>128</Value></HeartRateBpm><Cadence>32</Cadence><Extensions><ns3:TPX><ns3:Speed>1.4199999570846558</ns3:Speed><ns3:Pace>0.7</ns3:Pace></ns3:TPX></Extensions></Trackpoint><Trackpoint><Time>2025-08-12T21:25:48Z</Time><Position><LatitudeDegrees>-8.04866136</LatitudeDegrees><LongitudeDegrees>-34.94966922</LongitudeDegrees></Position><HeartRateBpm><Value>128</Value></HeartRateBpm><Cadence>32</Cadence><Extensions><ns3:TPX><ns3:Speed>1.4199999570846558</ns3:Speed><ns3:Pace>0.7</ns3:Pace></ns3:TPX></Extensions></Trackpoint><Trackpoint><Time>2025-08-12T21:25:49Z</Time><Position><LatitudeDegrees>-8.04865036</LatitudeDegrees><LongitudeDegrees>-34.94965822</LongitudeDegrees></Position><HeartRateBpm><Value>129</Value></HeartRateBpm><Cadence>32</Cadence><Extensions><ns3:TPX><ns3:Speed>1.4199999570846558</ns3:Speed><ns3:Pace>0.7</ns3:Pace></ns3:TPX></Extensions></Trackpoint><Trackpoint><Time>2025-08-12T21:25:50Z</Time><Position><LatitudeDegrees>-8.04863837</LatitudeDegrees><LongitudeDegrees>-34.94964623</LongitudeDegrees></Position><HeartRateBpm><Value>130</Value></HeartRateBpm><Cadence>32</Cadence><Extensions><ns3:TPX><ns3:Speed>1.4199999570846558</ns3:Speed><ns3:Pace>0.7</ns3:Pace></ns3:TPX></Extensions></Trackpoint><Trackpoint><Time>2025-08-12T21:25:51Z</Time><Position><LatitudeDegrees>-8.04862604</LatitudeDegrees><LongitudeDegrees>-34.94963491</LongitudeDegrees></Position><HeartRateBpm><Value>130</Value></HeartRateBpm><Cadence>32</Cadence><Extensions><ns3:TPX><ns3:Speed>1.4199999570846558</ns3:Speed><ns3:Pace>0.69</ns3:Pace></ns3:TPX></Extensions></Trackpoint><Trackpoint><Time>2025-08-12T21:25:52Z</Time><Position><LatitudeDegrees>-8.04861337</LatitudeDegrees><LongitudeDegrees>-34.94962391</LongitudeDegrees></Position><HeartRateBpm><Value>130</Value></HeartRateBpm><Cadence>32</Cadence><Extensions><ns3:TPX><ns3:Speed>1.4299999475479126</ns3:Speed><ns3:Pace>0.69</ns3:Pace></ns3:TPX></Extensions></Trackpoint><Trackpoint><Time>2025-08-12T21:25:53Z</Time><Position><LatitudeDegrees>-8.04860105</LatitudeDegrees><LongitudeDegrees>-34.94961458</LongitudeDegrees></Position><HeartRateBpm><Value>129</Value></HeartRateBpm><Cadence>32</Cadence><Extensions><ns3:TPX><ns3:Speed>1.4299999475479126</ns3:Speed><ns3:Pace>0.69</ns3:Pace></ns3:TPX></Extensions></Trackpoint><Trackpoint><Time>2025-08-12T21:25:54Z</Time><Position><LatitudeDegrees>-8.04858972</LatitudeDegrees><LongitudeDegrees>-34.94960658</LongitudeDegrees></Position><HeartRateBpm><Value>129</Value></HeartRateBpm><Cadence>32</Cadence><Extensions><ns3:TPX><ns3:Speed>1.4299999475479126</ns3:Speed><ns3:Pace>0.69</ns3:Pace></ns3:TPX></Extensions></Trackpoint><Trackpoint><Time>2025-08-12T21:25:55Z</Time><Position><LatitudeDegrees>-8.04858006</LatitudeDegrees><LongitudeDegrees>-34.94959892</LongitudeDegrees></Position><HeartRateBpm><Value>128</Value></HeartRateBpm><Cadence>32</Cadence><Extensions><ns3:TPX><ns3:Speed>1.4299999475479126</ns3:Speed><ns3:Pace>0.69</ns3:Pace></ns3:TPX></Extensions></Trackpoint><Trackpoint><Time>2025-08-12T21:25:56Z</Time><Position><LatitudeDegrees>-8.04857207</LatitudeDegrees><LongitudeDegrees>-34.94959125</LongitudeDegrees></Position><HeartRateBpm><Value>128</Value></HeartRateBpm><Cadence>32</Cadence><Extensions><ns3:TPX><ns3:Speed>1.4299999475479126</ns3:Speed><ns3:Pace>0.69</ns3:Pace></ns3:TPX></Extensions></Trackpoint><Trackpoint><Time>2025-08-12T21:25:57Z</Time><Position><LatitudeDegrees>-8.04856574</LatitudeDegrees><LongitudeDegrees>-34.94958159</LongitudeDegrees></Position><HeartRateBpm><Value>128</Value></HeartRateBpm><Cadence>32</Cadence><Extensions><ns3:TPX><ns3:Speed>1.440000057220459</ns3:Speed><ns3:Pace>0.69</ns3:Pace></ns3:TPX></Extensions></Trackpoint><Trackpoint><Time>2025-08-12T21:25:58Z</Time><Position><LatitudeDegrees>-8.04855941</LatitudeDegrees><LongitudeDegrees>-34.94957294</LongitudeDegrees></Position><HeartRateBpm><Value>127</Value></HeartRateBpm><Cadence>32</Cadence><Extensions><ns3:TPX><ns3:Speed>1.440000057220459</ns3:Speed><ns3:Pace>0.69</ns3:Pace></ns3:TPX></Extensions></Trackpoint><Trackpoint><Time>2025-08-12T21:25:59Z</Time><Position><LatitudeDegrees>-8.04855208</LatitudeDegrees><LongitudeDegrees>-34.94956428</LongitudeDegrees></Position><HeartRateBpm><Value>127</Value></HeartRateBpm><Cadence>32</Cadence><Extensions><ns3:TPX><ns3:Speed>1.440000057220459</ns3:Speed><ns3:Pace>0.69</ns3:Pace></ns3:TPX></Extensions></Trackpoint><Trackpoint><Time>2025-08-12T21:26:00Z</Time><Position><LatitudeDegrees>-8.04854576</LatitudeDegrees><LongitudeDegrees>-34.94955595</LongitudeDegrees></Position><HeartRateBpm><Value>127</Value></HeartRateBpm><Cadence>32</Cadence><Extensions><ns3:TPX><ns3:Speed>1.440000057220459</ns3:Speed><ns3:Pace>0.69</ns3:Pace></ns3:TPX></Extensions></Trackpoint><Trackpoint><Time>2025-08-12T21:26:01Z</Time><Position><LatitudeDegrees>-8.04853876</LatitudeDegrees><LongitudeDegrees>-34.94954695</LongitudeDegrees></Position><HeartRateBpm><Value>127</Value></HeartRateBpm><Cadence>32</Cadence><Extensions><ns3:TPX><ns3:Speed>1.4299999475479126</ns3:Speed><ns3:Pace>0.69</ns3:Pace></ns3:TPX></Extensions></Trackpoint><Trackpoint><Time>2025-08-12T21:26:02Z</Time><Position><LatitudeDegrees>-8.04853242</LatitudeDegrees><LongitudeDegrees>-34.94953862</LongitudeDegrees></Position><HeartRateBpm><Value>127</Value></HeartRateBpm><Cadence>32</Cadence><Extensions><ns3:TPX><ns3:Speed>1.4299999475479126</ns3:Speed><ns3:Pace>0.7</ns3:Pace></ns3:TPX></Extensions></Trackpoint><Trackpoint><Time>2025-08-12T21:26:03Z</Time><Position><LatitudeDegrees>-8.0485281</LatitudeDegrees><LongitudeDegrees>-34.94953096</LongitudeDegrees></Position><HeartRateBpm><Value>127</Value></HeartRateBpm><Cadence>32</Cadence><Extensions><ns3:TPX><ns3:Speed>1.4199999570846558</ns3:Speed><ns3:Pace>0.7</ns3:Pace></ns3:TPX></Extensions></Trackpoint><Trackpoint><Time>2025-08-12T21:26:04Z</Time><Position><LatitudeDegrees>-8.04852344</LatitudeDegrees><LongitudeDegrees>-34.94952362</LongitudeDegrees></Position><HeartRateBpm><Value>128</Value></HeartRateBpm><Cadence>33</Cadence><Extensions><ns3:TPX><ns3:Speed>1.409999966621399</ns3:Speed><ns3:Pace>0.7</ns3:Pace></ns3:TPX></Extensions></Trackpoint><Trackpoint><Time>2025-08-12T21:26:05Z</Time><Position><LatitudeDegrees>-8.04851944</LatitudeDegrees><LongitudeDegrees>-34.9495163</LongitudeDegrees></Position><HeartRateBpm><Value>128</Value></HeartRateBpm><Cadence>32</Cadence><Extensions><ns3:TPX><ns3:Speed>1.409999966621399</ns3:Speed><ns3:Pace>0.7</ns3:Pace></ns3:TPX></Extensions></Trackpoint><Trackpoint><Time>2025-08-12T21:26:06Z</Time><Position><LatitudeDegrees>-8.04851378</LatitudeDegrees><LongitudeDegrees>-34.94951063</LongitudeDegrees></Position><HeartRateBpm><Value>128</Value></HeartRateBpm><Cadence>32</Cadence><Extensions><ns3:TPX><ns3:Speed>1.409999966621399</ns3:Speed><ns3:Pace>0.71</ns3:Pace></ns3:TPX></Extensions></Trackpoint><Trackpoint><Time>2025-08-12T21:26:07Z</Time><Position><LatitudeDegrees>-8.04850645</LatitudeDegrees><LongitudeDegrees>-34.94950397</LongitudeDegrees></Position><HeartRateBpm><Value>128</Value></HeartRateBpm><Cadence>32</Cadence><Extensions><ns3:TPX><ns3:Speed>1.399999976158142</ns3:Speed><ns3:Pace>0.71</ns3:Pace></ns3:TPX></Extensions></Trackpoint><Trackpoint><Time>2025-08-12T21:26:08Z</Time><Position><LatitudeDegrees>-8.04848979</LatitudeDegrees><LongitudeDegrees>-34.94948997</LongitudeDegrees></Position><HeartRateBpm><Value>127</Value></HeartRateBpm><Cadence>32</Cadence><Extensions><ns3:TPX><ns3:Speed>1.3899999856948853</ns3:Speed><ns3:Pace>0.72</ns3:Pace></ns3:TPX></Extensions></Trackpoint><Trackpoint><Time>2025-08-12T21:26:09Z</Time><Position><LatitudeDegrees>-8.04846713</LatitudeDegrees><LongitudeDegrees>-34.94947431</LongitudeDegrees></Position><HeartRateBpm><Value>127</Value></HeartRateBpm><Cadence>32</Cadence><Extensions><ns3:TPX><ns3:Speed>1.3799999952316284</ns3:Speed><ns3:Pace>0.72</ns3:Pace></ns3:TPX></Extensions></Trackpoint><Trackpoint><Time>2025-08-12T21:26:10Z</Time><Position><LatitudeDegrees>-8.04844514</LatitudeDegrees><LongitudeDegrees>-34.94945864</LongitudeDegrees></Position><HeartRateBpm><Value>128</Value></HeartRateBpm><Cadence>32</Cadence><Extensions><ns3:TPX><ns3:Speed>1.3700000047683716</ns3:Speed><ns3:Pace>0.73</ns3:Pace></ns3:TPX></Extensions></Trackpoint><Trackpoint><Time>2025-08-12T21:26:11Z</Time><Position><LatitudeDegrees>-8.04842414</LatitudeDegrees><LongitudeDegrees>-34.94944565</LongitudeDegrees></Position><HeartRateBpm><Value>127</Value></HeartRateBpm><Cadence>32</Cadence><Extensions><ns3:TPX><ns3:Speed>1.3600000143051147</ns3:Speed><ns3:Pace>0.73</ns3:Pace></ns3:TPX></Extensions></Trackpoint><Trackpoint><Time>2025-08-12T21:26:12Z</Time><Position><LatitudeDegrees>-8.04840615</LatitudeDegrees><LongitudeDegrees>-34.94943432</LongitudeDegrees></Position><HeartRateBpm><Value>127</Value></HeartRateBpm><Cadence>32</Cadence><Extensions><ns3:TPX><ns3:Speed>1.3600000143051147</ns3:Speed><ns3:Pace>0.72</ns3:Pace></ns3:TPX></Extensions></Trackpoint><Trackpoint><Time>2025-08-12T21:26:13Z</Time><Position><LatitudeDegrees>-8.04839082</LatitudeDegrees><LongitudeDegrees>-34.94942533</LongitudeDegrees></Position><HeartRateBpm><Value>126</Value></HeartRateBpm><Cadence>32</Cadence><Extensions><ns3:TPX><ns3:Speed>1.3700000047683716</ns3:Speed><ns3:Pace>0.72</ns3:Pace></ns3:TPX></Extensions></Trackpoint><Trackpoint><Time>2025-08-12T21:26:14Z</Time><Position><LatitudeDegrees>-8.04837782</LatitudeDegrees><LongitudeDegrees>-34.94941867</LongitudeDegrees></Position><HeartRateBpm><Value>125</Value></HeartRateBpm><Cadence>32</Cadence><Extensions><ns3:TPX><ns3:Speed>1.3799999952316284</ns3:Speed><ns3:Pace>0.71</ns3:Pace></ns3:TPX></Extensions></Trackpoint><Trackpoint><Time>2025-08-12T21:26:15Z</Time><Position><LatitudeDegrees>-8.04836583</LatitudeDegrees><LongitudeDegrees>-34.94941434</LongitudeDegrees></Position><HeartRateBpm><Value>125</Value></HeartRateBpm><Cadence>32</Cadence><Extensions><ns3:TPX><ns3:Speed>1.3899999856948853</ns3:Speed><ns3:Pace>0.71</ns3:Pace></ns3:TPX></Extensions></Trackpoint><Trackpoint><Time>2025-08-12T21:26:16Z</Time><Position><LatitudeDegrees>-8.04835284</LatitudeDegrees><LongitudeDegrees>-34.94941202</LongitudeDegrees></Position><HeartRateBpm><Value>125</Value></HeartRateBpm><Cadence>32</Cadence><Extensions><ns3:TPX><ns3:Speed>1.399999976158142</ns3:Speed><ns3:Pace>0.7</ns3:Pace></ns3:TPX></Extensions></Trackpoint><Trackpoint><Time>2025-08-12T21:26:17Z</Time><Position><LatitudeDegrees>-8.04833851</LatitudeDegrees><LongitudeDegrees>-34.94941202</LongitudeDegrees></Position><HeartRateBpm><Value>127</Value></HeartRateBpm><Cadence>32</Cadence><Extensions><ns3:TPX><ns3:Speed>1.409999966621399</ns3:Speed><ns3:Pace>0.7</ns3:Pace></ns3:TPX></Extensions></Trackpoint><Trackpoint><Time>2025-08-12T21:26:18Z</Time><Position><LatitudeDegrees>-8.04832518</LatitudeDegrees><LongitudeDegrees>-34.94941467</LongitudeDegrees></Position><HeartRateBpm><Value>127</Value></HeartRateBpm><Cadence>32</Cadence><Extensions><ns3:TPX><ns3:Speed>1.409999966621399</ns3:Speed><ns3:Pace>0.7</ns3:Pace></ns3:TPX></Extensions></Trackpoint><Trackpoint><Time>2025-08-12T21:26:19Z</Time><Position><LatitudeDegrees>-8.04831286</LatitudeDegrees><LongitudeDegrees>-34.94941866</LongitudeDegrees></Position><HeartRateBpm><Value>128</Value></HeartRateBpm><Cadence>32</Cadence><Extensions><ns3:TPX><ns3:Speed>1.4199999570846558</ns3:Speed><ns3:Pace>0.7</ns3:Pace></ns3:TPX></Extensions></Trackpoint><Trackpoint><Time>2025-08-12T21:26:20Z</Time><Position><LatitudeDegrees>-8.04830252</LatitudeDegrees><LongitudeDegrees>-34.94942333</LongitudeDegrees></Position><HeartRateBpm><Value>129</Value></HeartRateBpm><Cadence>32</Cadence><Extensions><ns3:TPX><ns3:Speed>1.4199999570846558</ns3:Speed><ns3:Pace>0.7</ns3:Pace></ns3:TPX></Extensions></Trackpoint><Trackpoint><Time>2025-08-12T21:26:21Z</Time><Position><LatitudeDegrees>-8.04829587</LatitudeDegrees><LongitudeDegrees>-34.949429</LongitudeDegrees></Position><HeartRateBpm><Value>129</Value></HeartRateBpm><Cadence>32</Cadence><Extensions><ns3:TPX><ns3:Speed>1.4199999570846558</ns3:Speed><ns3:Pace>0.7</ns3:Pace></ns3:TPX></Extensions></Trackpoint><Trackpoint><Time>2025-08-12T21:26:22Z</Time><Position><LatitudeDegrees>-8.04829287</LatitudeDegrees><LongitudeDegrees>-34.94944299</LongitudeDegrees></Position><HeartRateBpm><Value>129</Value></HeartRateBpm><Cadence>31</Cadence><Extensions><ns3:TPX><ns3:Speed>1.409999966621399</ns3:Speed><ns3:Pace>0.7</ns3:Pace></ns3:TPX></Extensions></Trackpoint><Trackpoint><Time>2025-08-12T21:26:23Z</Time><Position><LatitudeDegrees>-8.04829121</LatitudeDegrees><LongitudeDegrees>-34.94945031</LongitudeDegrees></Position><HeartRateBpm><Value>129</Value></HeartRateBpm><Cadence>31</Cadence><Extensions><ns3:TPX><ns3:Speed>1.409999966621399</ns3:Speed><ns3:Pace>0.7</ns3:Pace></ns3:TPX></Extensions></Trackpoint><Trackpoint><Time>2025-08-12T21:26:24Z</Time><Position><LatitudeDegrees>-8.04829054</LatitudeDegrees><LongitudeDegrees>-34.94945663</LongitudeDegrees></Position><HeartRateBpm><Value>129</Value></HeartRateBpm><Cadence>31</Cadence><Extensions><ns3:TPX><ns3:Speed>1.409999966621399</ns3:Speed><ns3:Pace>0.71</ns3:Pace></ns3:TPX></Extensions></Trackpoint><Trackpoint><Time>2025-08-12T21:26:25Z</Time><Position><LatitudeDegrees>-8.04829188</LatitudeDegrees><LongitudeDegrees>-34.9494643</LongitudeDegrees></Position><HeartRateBpm><Value>129</Value></HeartRateBpm><Cadence>31</Cadence><Extensions><ns3:TPX><ns3:Speed>1.399999976158142</ns3:Speed><ns3:Pace>0.71</ns3:Pace></ns3:TPX></Extensions></Trackpoint><Trackpoint><Time>2025-08-12T21:26:26Z</Time><Position><LatitudeDegrees>-8.04829388</LatitudeDegrees><LongitudeDegrees>-34.9494723</LongitudeDegrees></Position><HeartRateBpm><Value>129</Value></HeartRateBpm><Cadence>31</Cadence><Extensions><ns3:TPX><ns3:Speed>1.3899999856948853</ns3:Speed><ns3:Pace>0.72</ns3:Pace></ns3:TPX></Extensions></Trackpoint><Trackpoint><Time>2025-08-12T21:26:27Z</Time><Position><LatitudeDegrees>-8.04829653</LatitudeDegrees><LongitudeDegrees>-34.94948096</LongitudeDegrees></Position><HeartRateBpm><Value>129</Value></HeartRateBpm><Cadence>31</Cadence><Extensions><ns3:TPX><ns3:Speed>1.3799999952316284</ns3:Speed><ns3:Pace>0.73</ns3:Pace></ns3:TPX></Extensions></Trackpoint><Trackpoint><Time>2025-08-12T21:26:28Z</Time><Position><LatitudeDegrees>-8.04829853</LatitudeDegrees><LongitudeDegrees>-34.94948896</LongitudeDegrees></Position><HeartRateBpm><Value>129</Value></HeartRateBpm><Cadence>31</Cadence><Extensions><ns3:TPX><ns3:Speed>1.3600000143051147</ns3:Speed><ns3:Pace>0.73</ns3:Pace></ns3:TPX></Extensions></Trackpoint><Trackpoint><Time>2025-08-12T21:26:29Z</Time><Position><LatitudeDegrees>-8.04829721</LatitudeDegrees><LongitudeDegrees>-34.94949696</LongitudeDegrees></Position><HeartRateBpm><Value>129</Value></HeartRateBpm><Cadence>31</Cadence><Extensions><ns3:TPX><ns3:Speed>1.350000023841858</ns3:Speed><ns3:Pace>0.73</ns3:Pace></ns3:TPX></Extensions></Trackpoint><Trackpoint><Time>2025-08-12T21:26:30Z</Time><Position><LatitudeDegrees>-8.04829454</LatitudeDegrees><LongitudeDegrees>-34.94950628</LongitudeDegrees></Position><HeartRateBpm><Value>129</Value></HeartRateBpm><Cadence>31</Cadence><Extensions><ns3:TPX><ns3:Speed>1.350000023841858</ns3:Speed><ns3:Pace>0.74</ns3:Pace></ns3:TPX></Extensions></Trackpoint><Trackpoint><Time>2025-08-12T21:26:31Z</Time><Position><LatitudeDegrees>-8.04829189</LatitudeDegrees><LongitudeDegrees>-34.9495156</LongitudeDegrees></Position><HeartRateBpm><Value>129</Value></HeartRateBpm><Cadence>31</Cadence><Extensions><ns3:TPX><ns3:Speed>1.340000033378601</ns3:Speed><ns3:Pace>0.74</ns3:Pace></ns3:TPX></Extensions></Trackpoint><Trackpoint><Time>2025-08-12T21:26:32Z</Time><Position><LatitudeDegrees>-8.0482889</LatitudeDegrees><LongitudeDegrees>-34.94952627</LongitudeDegrees></Position><HeartRateBpm><Value>128</Value></HeartRateBpm><Cadence>31</Cadence><Extensions><ns3:TPX><ns3:Speed>1.3300000429153442</ns3:Speed><ns3:Pace>0.75</ns3:Pace></ns3:TPX></Extensions></Trackpoint><Trackpoint><Time>2025-08-12T21:26:33Z</Time><Position><LatitudeDegrees>-8.04828524</LatitudeDegrees><LongitudeDegrees>-34.94953759</LongitudeDegrees></Position><HeartRateBpm><Value>129</Value></HeartRateBpm><Cadence>31</Cadence><Extensions><ns3:TPX><ns3:Speed>1.3200000524520874</ns3:Speed><ns3:Pace>0.75</ns3:Pace></ns3:TPX></Extensions></Trackpoint><Trackpoint><Time>2025-08-12T21:26:34Z</Time><Position><LatitudeDegrees>-8.04827957</LatitudeDegrees><LongitudeDegrees>-34.94954925</LongitudeDegrees></Position><HeartRateBpm><Value>129</Value></HeartRateBpm><Cadence>31</Cadence><Extensions><ns3:TPX><ns3:Speed>1.309999942779541</ns3:Speed><ns3:Pace>0.76</ns3:Pace></ns3:TPX></Extensions></Trackpoint><Trackpoint><Time>2025-08-12T21:26:35Z</Time><Position><LatitudeDegrees>-8.04827291</LatitudeDegrees><LongitudeDegrees>-34.94956192</LongitudeDegrees></Position><HeartRateBpm><Value>130</Value></HeartRateBpm><Cadence>31</Cadence><Extensions><ns3:TPX><ns3:Speed>1.309999942779541</ns3:Speed><ns3:Pace>0.76</ns3:Pace></ns3:TPX></Extensions></Trackpoint><Trackpoint><Time>2025-08-12T21:26:36Z</Time><Position><LatitudeDegrees>-8.04826625</LatitudeDegrees><LongitudeDegrees>-34.94957525</LongitudeDegrees></Position><HeartRateBpm><Value>130</Value></HeartRateBpm><Cadence>31</Cadence><Extensions><ns3:TPX><ns3:Speed>1.309999942779541</ns3:Speed><ns3:Pace>0.76</ns3:Pace></ns3:TPX></Extensions></Trackpoint><Trackpoint><Time>2025-08-12T21:26:37Z</Time><Position><LatitudeDegrees>-8.04826225</LatitudeDegrees><LongitudeDegrees>-34.94958991</LongitudeDegrees></Position><HeartRateBpm><Value>130</Value></HeartRateBpm><Cadence>31</Cadence><Extensions><ns3:TPX><ns3:Speed>1.2999999523162842</ns3:Speed><ns3:Pace>0.76</ns3:Pace></ns3:TPX></Extensions></Trackpoint><Trackpoint><Time>2025-08-12T21:26:38Z</Time><Position><LatitudeDegrees>-8.04826093</LatitudeDegrees><LongitudeDegrees>-34.94960357</LongitudeDegrees></Position><HeartRateBpm><Value>130</Value></HeartRateBpm><Cadence>32</Cadence><Extensions><ns3:TPX><ns3:Speed>1.2999999523162842</ns3:Speed><ns3:Pace>0.76</ns3:Pace></ns3:TPX></Extensions></Trackpoint><Trackpoint><Time>2025-08-12T21:26:39Z</Time><Position><LatitudeDegrees>-8.04825927</LatitudeDegrees><LongitudeDegrees>-34.94961724</LongitudeDegrees></Position><HeartRateBpm><Value>129</Value></HeartRateBpm><Cadence>32</Cadence><Extensions><ns3:TPX><ns3:Speed>1.2999999523162842</ns3:Speed><ns3:Pace>0.76</ns3:Pace></ns3:TPX></Extensions></Trackpoint><Trackpoint><Time>2025-08-12T21:26:40Z</Time><Position><LatitudeDegrees>-8.04825894</LatitudeDegrees><LongitudeDegrees>-34.94963056</LongitudeDegrees></Position><HeartRateBpm><Value>128</Value></HeartRateBpm><Cadence>32</Cadence><Extensions><ns3:TPX><ns3:Speed>1.2999999523162842</ns3:Speed><ns3:Pace>0.76</ns3:Pace></ns3:TPX></Extensions></Trackpoint><Trackpoint><Time>2025-08-12T21:26:41Z</Time><Position><LatitudeDegrees>-8.04826159</LatitudeDegrees><LongitudeDegrees>-34.9496429</LongitudeDegrees></Position><HeartRateBpm><Value>128</Value></HeartRateBpm><Cadence>32</Cadence><Extensions><ns3:TPX><ns3:Speed>1.2999999523162842</ns3:Speed><ns3:Pace>0.76</ns3:Pace></ns3:TPX></Extensions></Trackpoint><Trackpoint><Time>2025-08-12T21:26:42Z</Time><Position><LatitudeDegrees>-8.04826525</LatitudeDegrees><LongitudeDegrees>-34.94965589</LongitudeDegrees></Position><HeartRateBpm><Value>128</Value></HeartRateBpm><Cadence>32</Cadence><Extensions><ns3:TPX><ns3:Speed>1.2999999523162842</ns3:Speed><ns3:Pace>0.76</ns3:Pace></ns3:TPX></Extensions></Trackpoint><Trackpoint><Time>2025-08-12T21:26:43Z</Time><Position><LatitudeDegrees>-8.04827225</LatitudeDegrees><LongitudeDegrees>-34.94966922</LongitudeDegrees></Position><HeartRateBpm><Value>129</Value></HeartRateBpm><Cadence>32</Cadence><Extensions><ns3:TPX><ns3:Speed>1.2999999523162842</ns3:Speed><ns3:Pace>0.76</ns3:Pace></ns3:TPX></Extensions></Trackpoint><Trackpoint><Time>2025-08-12T21:26:44Z</Time><Position><LatitudeDegrees>-8.04828058</LatitudeDegrees><LongitudeDegrees>-34.94968322</LongitudeDegrees></Position><HeartRateBpm><Value>129</Value></HeartRateBpm><Cadence>32</Cadence><Extensions><ns3:TPX><ns3:Speed>1.309999942779541</ns3:Speed><ns3:Pace>0.76</ns3:Pace></ns3:TPX></Extensions></Trackpoint><Trackpoint><Time>2025-08-12T21:26:45Z</Time><Position><LatitudeDegrees>-8.04829057</LatitudeDegrees><LongitudeDegrees>-34.94969955</LongitudeDegrees></Position><HeartRateBpm><Value>129</Value></HeartRateBpm><Cadence>32</Cadence><Extensions><ns3:TPX><ns3:Speed>1.309999942779541</ns3:Speed><ns3:Pace>0.75</ns3:Pace></ns3:TPX></Extensions></Trackpoint><Trackpoint><Time>2025-08-12T21:26:46Z</Time><Position><LatitudeDegrees>-8.04829891</LatitudeDegrees><LongitudeDegrees>-34.94971654</LongitudeDegrees></Position><HeartRateBpm><Value>128</Value></HeartRateBpm><Cadence>32</Cadence><Extensions><ns3:TPX><ns3:Speed>1.309999942779541</ns3:Speed><ns3:Pace>0.75</ns3:Pace></ns3:TPX></Extensions></Trackpoint><Trackpoint><Time>2025-08-12T21:26:47Z</Time><Position><LatitudeDegrees>-8.04830724</LatitudeDegrees><LongitudeDegrees>-34.94973588</LongitudeDegrees></Position><HeartRateBpm><Value>128</Value></HeartRateBpm><Cadence>33</Cadence><Extensions><ns3:TPX><ns3:Speed>1.3200000524520874</ns3:Speed><ns3:Pace>0.75</ns3:Pace></ns3:TPX></Extensions></Trackpoint><Trackpoint><Time>2025-08-12T21:26:48Z</Time><Position><LatitudeDegrees>-8.0483139</LatitudeDegrees><LongitudeDegrees>-34.94975521</LongitudeDegrees></Position><HeartRateBpm><Value>128</Value></HeartRateBpm><Cadence>33</Cadence><Extensions><ns3:TPX><ns3:Speed>1.3200000524520874</ns3:Speed><ns3:Pace>0.74</ns3:Pace></ns3:TPX></Extensions></Trackpoint><Trackpoint><Time>2025-08-12T21:26:49Z</Time><Position><LatitudeDegrees>-8.04831889</LatitudeDegrees><LongitudeDegrees>-34.94977387</LongitudeDegrees></Position><HeartRateBpm><Value>127</Value></HeartRateBpm><Cadence>32</Cadence><Extensions><ns3:TPX><ns3:Speed>1.3300000429153442</ns3:Speed><ns3:Pace>0.74</ns3:Pace></ns3:TPX></Extensions></Trackpoint><Trackpoint><Time>2025-08-12T21:26:50Z</Time><Position><LatitudeDegrees>-8.04832289</LatitudeDegrees><LongitudeDegrees>-34.94978953</LongitudeDegrees></Position><HeartRateBpm><Value>125</Value></HeartRateBpm><Cadence>33</Cadence><Extensions><ns3:TPX><ns3:Speed>1.340000033378601</ns3:Speed><ns3:Pace>0.73</ns3:Pace></ns3:TPX></Extensions></Trackpoint><Trackpoint><Time>2025-08-12T21:26:51Z</Time><Position><LatitudeDegrees>-8.04832554</LatitudeDegrees><LongitudeDegrees>-34.9498032</LongitudeDegrees></Position><HeartRateBpm><Value>126</Value></HeartRateBpm><Cadence>32</Cadence><Extensions><ns3:TPX><ns3:Speed>1.350000023841858</ns3:Speed><ns3:Pace>0.72</ns3:Pace></ns3:TPX></Extensions></Trackpoint><Trackpoint><Time>2025-08-12T21:26:52Z</Time><Position><LatitudeDegrees>-8.04832754</LatitudeDegrees><LongitudeDegrees>-34.94981686</LongitudeDegrees></Position><HeartRateBpm><Value>125</Value></HeartRateBpm><Cadence>33</Cadence><Extensions><ns3:TPX><ns3:Speed>1.3700000047683716</ns3:Speed><ns3:Pace>0.72</ns3:Pace></ns3:TPX></Extensions></Trackpoint><Trackpoint><Time>2025-08-12T21:26:53Z</Time><Position><LatitudeDegrees>-8.04832787</LatitudeDegrees><LongitudeDegrees>-34.94983052</LongitudeDegrees></Position><HeartRateBpm><Value>125</Value></HeartRateBpm><Cadence>32</Cadence><Extensions><ns3:TPX><ns3:Speed>1.3799999952316284</ns3:Speed><ns3:Pace>0.72</ns3:Pace></ns3:TPX></Extensions></Trackpoint><Trackpoint><Time>2025-08-12T21:26:54Z</Time><Position><LatitudeDegrees>-8.04832787</LatitudeDegrees><LongitudeDegrees>-34.94984452</LongitudeDegrees></Position><HeartRateBpm><Value>125</Value></HeartRateBpm><Cadence>32</Cadence><Extensions><ns3:TPX><ns3:Speed>1.3799999952316284</ns3:Speed><ns3:Pace>0.71</ns3:Pace></ns3:TPX></Extensions></Trackpoint><Trackpoint><Time>2025-08-12T21:26:55Z</Time><Position><LatitudeDegrees>-8.0483272</LatitudeDegrees><LongitudeDegrees>-34.94985885</LongitudeDegrees></Position><HeartRateBpm><Value>125</Value></HeartRateBpm><Cadence>33</Cadence><Extensions><ns3:TPX><ns3:Speed>1.3899999856948853</ns3:Speed><ns3:Pace>0.71</ns3:Pace></ns3:TPX></Extensions></Trackpoint><Trackpoint><Time>2025-08-12T21:26:56Z</Time><Position><LatitudeDegrees>-8.0483252</LatitudeDegrees><LongitudeDegrees>-34.94987251</LongitudeDegrees></Position><HeartRateBpm><Value>125</Value></HeartRateBpm><Cadence>32</Cadence><Extensions><ns3:TPX><ns3:Speed>1.399999976158142</ns3:Speed><ns3:Pace>0.71</ns3:Pace></ns3:TPX></Extensions></Trackpoint><Trackpoint><Time>2025-08-12T21:26:57Z</Time><Position><LatitudeDegrees>-8.04832154</LatitudeDegrees><LongitudeDegrees>-34.94988417</LongitudeDegrees></Position><HeartRateBpm><Value>125</Value></HeartRateBpm><Cadence>32</Cadence><Extensions><ns3:TPX><ns3:Speed>1.399999976158142</ns3:Speed><ns3:Pace>0.71</ns3:Pace></ns3:TPX></Extensions></Trackpoint><Trackpoint><Time>2025-08-12T21:26:58Z</Time><Position><LatitudeDegrees>-8.04831755</LatitudeDegrees><LongitudeDegrees>-34.94989549</LongitudeDegrees></Position><HeartRateBpm><Value>126</Value></HeartRateBpm><Cadence>32</Cadence><Extensions><ns3:TPX><ns3:Speed>1.399999976158142</ns3:Speed><ns3:Pace>0.7</ns3:Pace></ns3:TPX></Extensions></Trackpoint><Trackpoint><Time>2025-08-12T21:26:59Z</Time><Position><LatitudeDegrees>-8.04831123</LatitudeDegrees><LongitudeDegrees>-34.94990849</LongitudeDegrees></Position><HeartRateBpm><Value>126</Value></HeartRateBpm><Cadence>32</Cadence><Extensions><ns3:TPX><ns3:Speed>1.409999966621399</ns3:Speed><ns3:Pace>0.7</ns3:Pace></ns3:TPX></Extensions></Trackpoint><Trackpoint><Time>2025-08-12T21:27:00Z</Time><Position><LatitudeDegrees>-8.04830356</LatitudeDegrees><LongitudeDegrees>-34.94992149</LongitudeDegrees></Position><HeartRateBpm><Value>125</Value></HeartRateBpm><Cadence>32</Cadence><Extensions><ns3:TPX><ns3:Speed>1.409999966621399</ns3:Speed><ns3:Pace>0.7</ns3:Pace></ns3:TPX></Extensions></Trackpoint><Trackpoint><Time>2025-08-12T21:27:01Z</Time><Position><LatitudeDegrees>-8.04829623</LatitudeDegrees><LongitudeDegrees>-34.94993448</LongitudeDegrees></Position><HeartRateBpm><Value>125</Value></HeartRateBpm><Cadence>32</Cadence><Extensions><ns3:TPX><ns3:Speed>1.409999966621399</ns3:Speed><ns3:Pace>0.7</ns3:Pace></ns3:TPX></Extensions></Trackpoint><Trackpoint><Time>2025-08-12T21:27:02Z</Time><Position><LatitudeDegrees>-8.04828891</LatitudeDegrees><LongitudeDegrees>-34.94994682</LongitudeDegrees></Position><HeartRateBpm><Value>125</Value></HeartRateBpm><Cadence>32</Cadence><Extensions><ns3:TPX><ns3:Speed>1.409999966621399</ns3:Speed><ns3:Pace>0.7</ns3:Pace></ns3:TPX></Extensions></Trackpoint><Trackpoint><Time>2025-08-12T21:27:03Z</Time><Position><LatitudeDegrees>-8.04828257</LatitudeDegrees><LongitudeDegrees>-34.94995981</LongitudeDegrees></Position><HeartRateBpm><Value>125</Value></HeartRateBpm><Cadence>32</Cadence><Extensions><ns3:TPX><ns3:Speed>1.4199999570846558</ns3:Speed><ns3:Pace>0.7</ns3:Pace></ns3:TPX></Extensions></Trackpoint><Trackpoint><Time>2025-08-12T21:27:04Z</Time><Position><LatitudeDegrees>-8.04827825</LatitudeDegrees><LongitudeDegrees>-34.94997413</LongitudeDegrees></Position><HeartRateBpm><Value>125</Value></HeartRateBpm><Cadence>32</Cadence><Extensions><ns3:TPX><ns3:Speed>1.4199999570846558</ns3:Speed><ns3:Pace>0.7</ns3:Pace></ns3:TPX></Extensions></Trackpoint><Trackpoint><Time>2025-08-12T21:27:05Z</Time><Position><LatitudeDegrees>-8.04827592</LatitudeDegrees><LongitudeDegrees>-34.94998845</LongitudeDegrees></Position><HeartRateBpm><Value>125</Value></HeartRateBpm><Cadence>32</Cadence><Extensions><ns3:TPX><ns3:Speed>1.4199999570846558</ns3:Speed><ns3:Pace>0.7</ns3:Pace></ns3:TPX></Extensions></Trackpoint><Trackpoint><Time>2025-08-12T21:27:06Z</Time><Position><LatitudeDegrees>-8.04827493</LatitudeDegrees><LongitudeDegrees>-34.95000212</LongitudeDegrees></Position><HeartRateBpm><Value>124</Value></HeartRateBpm><Cadence>32</Cadence><Extensions><ns3:TPX><ns3:Speed>1.4199999570846558</ns3:Speed><ns3:Pace>0.7</ns3:Pace></ns3:TPX></Extensions></Trackpoint><Trackpoint><Time>2025-08-12T21:27:07Z</Time><Position><LatitudeDegrees>-8.04827426</LatitudeDegrees><LongitudeDegrees>-34.95001512</LongitudeDegrees></Position><HeartRateBpm><Value>124</Value></HeartRateBpm><Cadence>32</Cadence><Extensions><ns3:TPX><ns3:Speed>1.4199999570846558</ns3:Speed><ns3:Pace>0.7</ns3:Pace></ns3:TPX></Extensions></Trackpoint><Trackpoint><Time>2025-08-12T21:27:08Z</Time><Position><LatitudeDegrees>-8.04827327</LatitudeDegrees><LongitudeDegrees>-34.95002812</LongitudeDegrees></Position><HeartRateBpm><Value>122</Value></HeartRateBpm><Cadence>32</Cadence><Extensions><ns3:TPX><ns3:Speed>1.4199999570846558</ns3:Speed><ns3:Pace>0.7</ns3:Pace></ns3:TPX></Extensions></Trackpoint><Trackpoint><Time>2025-08-12T21:27:09Z</Time><Position><LatitudeDegrees>-8.04827195</LatitudeDegrees><LongitudeDegrees>-34.95003978</LongitudeDegrees></Position><HeartRateBpm><Value>121</Value></HeartRateBpm><Cadence>31</Cadence><Extensions><ns3:TPX><ns3:Speed>1.4199999570846558</ns3:Speed><ns3:Pace>0.7</ns3:Pace></ns3:TPX></Extensions></Trackpoint><Trackpoint><Time>2025-08-12T21:27:10Z</Time><Position><LatitudeDegrees>-8.04826995</LatitudeDegrees><LongitudeDegrees>-34.95005243</LongitudeDegrees></Position><HeartRateBpm><Value>120</Value></HeartRateBpm><Cadence>32</Cadence><Extensions><ns3:TPX><ns3:Speed>1.4199999570846558</ns3:Speed><ns3:Pace>0.7</ns3:Pace></ns3:TPX></Extensions></Trackpoint><Trackpoint><Time>2025-08-12T21:27:11Z</Time><Position><LatitudeDegrees>-8.04826762</LatitudeDegrees><LongitudeDegrees>-34.95006643</LongitudeDegrees></Position><HeartRateBpm><Value>120</Value></HeartRateBpm><Cadence>32</Cadence><Extensions><ns3:TPX><ns3:Speed>1.4199999570846558</ns3:Speed><ns3:Pace>0.7</ns3:Pace></ns3:TPX></Extensions></Trackpoint><Trackpoint><Time>2025-08-12T21:27:12Z</Time><Position><LatitudeDegrees>-8.04826396</LatitudeDegrees><LongitudeDegrees>-34.95008177</LongitudeDegrees></Position><HeartRateBpm><Value>120</Value></HeartRateBpm><Cadence>32</Cadence><Extensions><ns3:TPX><ns3:Speed>1.4199999570846558</ns3:Speed><ns3:Pace>0.7</ns3:Pace></ns3:TPX></Extensions></Trackpoint><Trackpoint><Time>2025-08-12T21:27:13Z</Time><Position><LatitudeDegrees>-8.04825797</LatitudeDegrees><LongitudeDegrees>-34.95009709</LongitudeDegrees></Position><HeartRateBpm><Value>120</Value></HeartRateBpm><Cadence>32</Cadence><Extensions><ns3:TPX><ns3:Speed>1.4199999570846558</ns3:Speed><ns3:Pace>0.7</ns3:Pace></ns3:TPX></Extensions></Trackpoint><Trackpoint><Time>2025-08-12T21:27:14Z</Time><Position><LatitudeDegrees>-8.0482513</LatitudeDegrees><LongitudeDegrees>-34.95011109</LongitudeDegrees></Position><HeartRateBpm><Value>121</Value></HeartRateBpm><Cadence>32</Cadence><Extensions><ns3:TPX><ns3:Speed>1.4199999570846558</ns3:Speed><ns3:Pace>0.7</ns3:Pace></ns3:TPX></Extensions></Trackpoint><Trackpoint><Time>2025-08-12T21:27:15Z</Time><Position><LatitudeDegrees>-8.04824297</LatitudeDegrees><LongitudeDegrees>-34.95012442</LongitudeDegrees></Position><HeartRateBpm><Value>121</Value></HeartRateBpm><Cadence>32</Cadence><Extensions><ns3:TPX><ns3:Speed>1.4199999570846558</ns3:Speed><ns3:Pace>0.7</ns3:Pace></ns3:TPX></Extensions></Trackpoint><Trackpoint><Time>2025-08-12T21:27:16Z</Time><Position><LatitudeDegrees>-8.04823531</LatitudeDegrees><LongitudeDegrees>-34.95013608</LongitudeDegrees></Position><HeartRateBpm><Value>123</Value></HeartRateBpm><Cadence>32</Cadence><Extensions><ns3:TPX><ns3:Speed>1.4199999570846558</ns3:Speed><ns3:Pace>0.7</ns3:Pace></ns3:TPX></Extensions></Trackpoint><Trackpoint><Time>2025-08-12T21:27:17Z</Time><Position><LatitudeDegrees>-8.04822898</LatitudeDegrees><LongitudeDegrees>-34.95014708</LongitudeDegrees></Position><HeartRateBpm><Value>126</Value></HeartRateBpm><Cadence>32</Cadence><Extensions><ns3:TPX><ns3:Speed>1.4199999570846558</ns3:Speed><ns3:Pace>0.7</ns3:Pace></ns3:TPX></Extensions></Trackpoint><Trackpoint><Time>2025-08-12T21:27:18Z</Time><Position><LatitudeDegrees>-8.04822499</LatitudeDegrees><LongitudeDegrees>-34.95015907</LongitudeDegrees></Position><HeartRateBpm><Value>126</Value></HeartRateBpm><Cadence>32</Cadence><Extensions><ns3:TPX><ns3:Speed>1.4199999570846558</ns3:Speed><ns3:Pace>0.7</ns3:Pace></ns3:TPX></Extensions></Trackpoint><Trackpoint><Time>2025-08-12T21:27:19Z</Time><Position><LatitudeDegrees>-8.04822266</LatitudeDegrees><LongitudeDegrees>-34.95017174</LongitudeDegrees></Position><HeartRateBpm><Value>126</Value></HeartRateBpm><Cadence>32</Cadence><Extensions><ns3:TPX><ns3:Speed>1.4199999570846558</ns3:Speed><ns3:Pace>0.7</ns3:Pace></ns3:TPX></Extensions></Trackpoint><Trackpoint><Time>2025-08-12T21:27:20Z</Time><Position><LatitudeDegrees>-8.048222</LatitudeDegrees><LongitudeDegrees>-34.95018539</LongitudeDegrees></Position><HeartRateBpm><Value>127</Value></HeartRateBpm><Cadence>32</Cadence><Extensions><ns3:TPX><ns3:Speed>1.4199999570846558</ns3:Speed><ns3:Pace>0.7</ns3:Pace></ns3:TPX></Extensions></Trackpoint><Trackpoint><Time>2025-08-12T21:27:21Z</Time><Position><LatitudeDegrees>-8.04822333</LatitudeDegrees><LongitudeDegrees>-34.95019939</LongitudeDegrees></Position><HeartRateBpm><Value>127</Value></HeartRateBpm><Cadence>32</Cadence><Extensions><ns3:TPX><ns3:Speed>1.4199999570846558</ns3:Speed><ns3:Pace>0.7</ns3:Pace></ns3:TPX></Extensions></Trackpoint><Trackpoint><Time>2025-08-12T21:27:22Z</Time><Position><LatitudeDegrees>-8.04822799</LatitudeDegrees><LongitudeDegrees>-34.95021439</LongitudeDegrees></Position><HeartRateBpm><Value>127</Value></HeartRateBpm><Cadence>32</Cadence><Extensions><ns3:TPX><ns3:Speed>1.4199999570846558</ns3:Speed><ns3:Pace>0.7</ns3:Pace></ns3:TPX></Extensions></Trackpoint><Trackpoint><Time>2025-08-12T21:27:23Z</Time><Position><LatitudeDegrees>-8.04823199</LatitudeDegrees><LongitudeDegrees>-34.95022872</LongitudeDegrees></Position><HeartRateBpm><Value>126</Value></HeartRateBpm><Cadence>32</Cadence><Extensions><ns3:TPX><ns3:Speed>1.4199999570846558</ns3:Speed><ns3:Pace>0.7</ns3:Pace></ns3:TPX></Extensions></Trackpoint><Trackpoint><Time>2025-08-12T21:27:24Z</Time><Position><LatitudeDegrees>-8.04823598</LatitudeDegrees><LongitudeDegrees>-34.95024238</LongitudeDegrees></Position><HeartRateBpm><Value>126</Value></HeartRateBpm><Cadence>32</Cadence><Extensions><ns3:TPX><ns3:Speed>1.4199999570846558</ns3:Speed><ns3:Pace>0.7</ns3:Pace></ns3:TPX></Extensions></Trackpoint><Trackpoint><Time>2025-08-12T21:27:25Z</Time><Position><LatitudeDegrees>-8.04823998</LatitudeDegrees><LongitudeDegrees>-34.95025571</LongitudeDegrees></Position><HeartRateBpm><Value>126</Value></HeartRateBpm><Cadence>32</Cadence><Extensions><ns3:TPX><ns3:Speed>1.4199999570846558</ns3:Speed><ns3:Pace>0.69</ns3:Pace></ns3:TPX></Extensions></Trackpoint><Trackpoint><Time>2025-08-12T21:27:26Z</Time><Position><LatitudeDegrees>-8.0482413</LatitudeDegrees><LongitudeDegrees>-34.95027304</LongitudeDegrees></Position><HeartRateBpm><Value>126</Value></HeartRateBpm><Cadence>32</Cadence><Extensions><ns3:TPX><ns3:Speed>1.4299999475479126</ns3:Speed><ns3:Pace>0.69</ns3:Pace></ns3:TPX></Extensions></Trackpoint><Trackpoint><Time>2025-08-12T21:27:27Z</Time><Position><LatitudeDegrees>-8.04824197</LatitudeDegrees><LongitudeDegrees>-34.95029103</LongitudeDegrees></Position><HeartRateBpm><Value>127</Value></HeartRateBpm><Cadence>32</Cadence><Extensions><ns3:TPX><ns3:Speed>1.4299999475479126</ns3:Speed><ns3:Pace>0.69</ns3:Pace></ns3:TPX></Extensions></Trackpoint><Trackpoint><Time>2025-08-12T21:27:28Z</Time><Position><LatitudeDegrees>-8.04824063</LatitudeDegrees><LongitudeDegrees>-34.9503107</LongitudeDegrees></Position><HeartRateBpm><Value>126</Value></HeartRateBpm><Cadence>32</Cadence><Extensions><ns3:TPX><ns3:Speed>1.4299999475479126</ns3:Speed><ns3:Pace>0.69</ns3:Pace></ns3:TPX></Extensions></Trackpoint><Trackpoint><Time>2025-08-12T21:27:29Z</Time><Position><LatitudeDegrees>-8.04823798</LatitudeDegrees><LongitudeDegrees>-34.95033135</LongitudeDegrees></Position><HeartRateBpm><Value>127</Value></HeartRateBpm><Cadence>32</Cadence><Extensions><ns3:TPX><ns3:Speed>1.4299999475479126</ns3:Speed><ns3:Pace>0.69</ns3:Pace></ns3:TPX></Extensions></Trackpoint><Trackpoint><Time>2025-08-12T21:27:30Z</Time><Position><LatitudeDegrees>-8.04823632</LatitudeDegrees><LongitudeDegrees>-34.95035002</LongitudeDegrees></Position><HeartRateBpm><Value>127</Value></HeartRateBpm><Cadence>32</Cadence><Extensions><ns3:TPX><ns3:Speed>1.440000057220459</ns3:Speed><ns3:Pace>0.69</ns3:Pace></ns3:TPX></Extensions></Trackpoint><Trackpoint><Time>2025-08-12T21:27:31Z</Time><Position><LatitudeDegrees>-8.04823533</LatitudeDegrees><LongitudeDegrees>-34.95036701</LongitudeDegrees></Position><HeartRateBpm><Value>127</Value></HeartRateBpm><Cadence>32</Cadence><Extensions><ns3:TPX><ns3:Speed>1.440000057220459</ns3:Speed><ns3:Pace>0.68</ns3:Pace></ns3:TPX></Extensions></Trackpoint><Trackpoint><Time>2025-08-12T21:27:32Z</Time><Position><LatitudeDegrees>-8.04823433</LatitudeDegrees><LongitudeDegrees>-34.95038133</LongitudeDegrees></Position><HeartRateBpm><Value>127</Value></HeartRateBpm><Cadence>32</Cadence><Extensions><ns3:TPX><ns3:Speed>1.4500000476837158</ns3:Speed><ns3:Pace>0.68</ns3:Pace></ns3:TPX></Extensions></Trackpoint><Trackpoint><Time>2025-08-12T21:27:33Z</Time><Position><LatitudeDegrees>-8.04823334</LatitudeDegrees><LongitudeDegrees>-34.95039366</LongitudeDegrees></Position><HeartRateBpm><Value>128</Value></HeartRateBpm><Cadence>32</Cadence><Extensions><ns3:TPX><ns3:Speed>1.4600000381469727</ns3:Speed><ns3:Pace>0.68</ns3:Pace></ns3:TPX></Extensions></Trackpoint><Trackpoint><Time>2025-08-12T21:27:34Z</Time><Position><LatitudeDegrees>-8.04823168</LatitudeDegrees><LongitudeDegrees>-34.95040532</LongitudeDegrees></Position><HeartRateBpm><Value>127</Value></HeartRateBpm><Cadence>32</Cadence><Extensions><ns3:TPX><ns3:Speed>1.4700000286102295</ns3:Speed><ns3:Pace>0.67</ns3:Pace></ns3:TPX></Extensions></Trackpoint><Trackpoint><Time>2025-08-12T21:27:35Z</Time><Position><LatitudeDegrees>-8.04822868</LatitudeDegrees><LongitudeDegrees>-34.95041898</LongitudeDegrees></Position><HeartRateBpm><Value>127</Value></HeartRateBpm><Cadence>32</Cadence><Extensions><ns3:TPX><ns3:Speed>1.4700000286102295</ns3:Speed><ns3:Pace>0.67</ns3:Pace></ns3:TPX></Extensions></Trackpoint><Trackpoint><Time>2025-08-12T21:27:36Z</Time><Position><LatitudeDegrees>-8.04822636</LatitudeDegrees><LongitudeDegrees>-34.95043231</LongitudeDegrees></Position><HeartRateBpm><Value>128</Value></HeartRateBpm><Cadence>32</Cadence><Extensions><ns3:TPX><ns3:Speed>1.4800000190734863</ns3:Speed><ns3:Pace>0.67</ns3:Pace></ns3:TPX></Extensions></Trackpoint><Trackpoint><Time>2025-08-12T21:27:37Z</Time><Position><LatitudeDegrees>-8.0482247</LatitudeDegrees><LongitudeDegrees>-34.95044731</LongitudeDegrees></Position><HeartRateBpm><Value>128</Value></HeartRateBpm><Cadence>32</Cadence><Extensions><ns3:TPX><ns3:Speed>1.4800000190734863</ns3:Speed><ns3:Pace>0.67</ns3:Pace></ns3:TPX></Extensions></Trackpoint><Trackpoint><Time>2025-08-12T21:27:38Z</Time><Position><LatitudeDegrees>-8.04822037</LatitudeDegrees><LongitudeDegrees>-34.9504623</LongitudeDegrees></Position><HeartRateBpm><Value>130</Value></HeartRateBpm><Cadence>32</Cadence><Extensions><ns3:TPX><ns3:Speed>1.4800000190734863</ns3:Speed><ns3:Pace>0.67</ns3:Pace></ns3:TPX></Extensions></Trackpoint><Trackpoint><Time>2025-08-12T21:27:39Z</Time><Position><LatitudeDegrees>-8.04821605</LatitudeDegrees><LongitudeDegrees>-34.95047729</LongitudeDegrees></Position><HeartRateBpm><Value>130</Value></HeartRateBpm><Cadence>32</Cadence><Extensions><ns3:TPX><ns3:Speed>1.4800000190734863</ns3:Speed><ns3:Pace>0.67</ns3:Pace></ns3:TPX></Extensions></Trackpoint><Trackpoint><Time>2025-08-12T21:27:40Z</Time><Position><LatitudeDegrees>-8.04821338</LatitudeDegrees><LongitudeDegrees>-34.95049195</LongitudeDegrees></Position><HeartRateBpm><Value>130</Value></HeartRateBpm><Cadence>32</Cadence><Extensions><ns3:TPX><ns3:Speed>1.4800000190734863</ns3:Speed><ns3:Pace>0.67</ns3:Pace></ns3:TPX></Extensions></Trackpoint><Trackpoint><Time>2025-08-12T21:27:41Z</Time><Position><LatitudeDegrees>-8.04821106</LatitudeDegrees><LongitudeDegrees>-34.95050528</LongitudeDegrees></Position><HeartRateBpm><Value>129</Value></HeartRateBpm><Cadence>31</Cadence><Extensions><ns3:TPX><ns3:Speed>1.4800000190734863</ns3:Speed><ns3:Pace>0.67</ns3:Pace></ns3:TPX></Extensions></Trackpoint><Trackpoint><Time>2025-08-12T21:27:42Z</Time><Position><LatitudeDegrees>-8.04820906</LatitudeDegrees><LongitudeDegrees>-34.95051828</LongitudeDegrees></Position><HeartRateBpm><Value>129</Value></HeartRateBpm><Cadence>31</Cadence><Extensions><ns3:TPX><ns3:Speed>1.4800000190734863</ns3:Speed><ns3:Pace>0.67</ns3:Pace></ns3:TPX></Extensions></Trackpoint><Trackpoint><Time>2025-08-12T21:27:43Z</Time><Position><LatitudeDegrees>-8.04820706</LatitudeDegrees><LongitudeDegrees>-34.95053027</LongitudeDegrees></Position><HeartRateBpm><Value>129</Value></HeartRateBpm><Cadence>31</Cadence><Extensions><ns3:TPX><ns3:Speed>1.4800000190734863</ns3:Speed><ns3:Pace>0.67</ns3:Pace></ns3:TPX></Extensions></Trackpoint><Trackpoint><Time>2025-08-12T21:27:44Z</Time><Position><LatitudeDegrees>-8.04820173</LatitudeDegrees><LongitudeDegrees>-34.9505426</LongitudeDegrees></Position><HeartRateBpm><Value>129</Value></HeartRateBpm><Cadence>31</Cadence><Extensions><ns3:TPX><ns3:Speed>1.4800000190734863</ns3:Speed><ns3:Pace>0.67</ns3:Pace></ns3:TPX></Extensions></Trackpoint><Trackpoint><Time>2025-08-12T21:27:45Z</Time><Position><LatitudeDegrees>-8.04819174</LatitudeDegrees><LongitudeDegrees>-34.95055493</LongitudeDegrees></Position><HeartRateBpm><Value>129</Value></HeartRateBpm><Cadence>31</Cadence><Extensions><ns3:TPX><ns3:Speed>1.4900000095367432</ns3:Speed><ns3:Pace>0.65</ns3:Pace></ns3:TPX></Extensions></Trackpoint><Trackpoint><Time>2025-08-12T21:27:46Z</Time><Position><LatitudeDegrees>-8.04817641</LatitudeDegrees><LongitudeDegrees>-34.95056625</LongitudeDegrees></Position><HeartRateBpm><Value>130</Value></HeartRateBpm><Cadence>31</Cadence><Extensions><ns3:TPX><ns3:Speed>1.5099999904632568</ns3:Speed><ns3:Pace>0.64</ns3:Pace></ns3:TPX></Extensions></Trackpoint><Trackpoint><Time>2025-08-12T21:27:47Z</Time><Position><LatitudeDegrees>-8.04815674</LatitudeDegrees><LongitudeDegrees>-34.95057624</LongitudeDegrees></Position><HeartRateBpm><Value>128</Value></HeartRateBpm><Cadence>31</Cadence><Extensions><ns3:TPX><ns3:Speed>1.5399999618530273</ns3:Speed><ns3:Pace>0.64</ns3:Pace></ns3:TPX></Extensions></Trackpoint><Trackpoint><Time>2025-08-12T21:27:48Z</Time><Position><LatitudeDegrees>-8.04812541</LatitudeDegrees><LongitudeDegrees>-34.95058391</LongitudeDegrees></Position><HeartRateBpm><Value>127</Value></HeartRateBpm><Cadence>31</Cadence><Extensions><ns3:TPX><ns3:Speed>1.5499999523162842</ns3:Speed><ns3:Pace>0.64</ns3:Pace></ns3:TPX></Extensions></Trackpoint><Trackpoint><Time>2025-08-12T21:27:49Z</Time><Position><LatitudeDegrees>-8.04809108</LatitudeDegrees><LongitudeDegrees>-34.95059023</LongitudeDegrees></Position><HeartRateBpm><Value>127</Value></HeartRateBpm><Cadence>31</Cadence><Extensions><ns3:TPX><ns3:Speed>1.5499999523162842</ns3:Speed><ns3:Pace>0.62</ns3:Pace></ns3:TPX></Extensions></Trackpoint><Trackpoint><Time>2025-08-12T21:27:50Z</Time><Position><LatitudeDegrees>-8.04805842</LatitudeDegrees><LongitudeDegrees>-34.95059423</LongitudeDegrees></Position><HeartRateBpm><Value>125</Value></HeartRateBpm><Cadence>31</Cadence><Extensions><ns3:TPX><ns3:Speed>1.600000023841858</ns3:Speed><ns3:Pace>0.57</ns3:Pace></ns3:TPX></Extensions></Trackpoint><Trackpoint><Time>2025-08-12T21:27:51Z</Time><Position><LatitudeDegrees>-8.04802709</LatitudeDegrees><LongitudeDegrees>-34.95059556</LongitudeDegrees></Position><HeartRateBpm><Value>125</Value></HeartRateBpm><Cadence>31</Cadence><Extensions><ns3:TPX><ns3:Speed>1.75</ns3:Speed><ns3:Pace>0.49</ns3:Pace></ns3:TPX></Extensions></Trackpoint><Trackpoint><Time>2025-08-12T21:27:52Z</Time><Position><LatitudeDegrees>-8.0479991</LatitudeDegrees><LongitudeDegrees>-34.95059523</LongitudeDegrees></Position><HeartRateBpm><Value>125</Value></HeartRateBpm><Cadence>31</Cadence><Extensions><ns3:TPX><ns3:Speed>2.0399999618530273</ns3:Speed><ns3:Pace>0.42</ns3:Pace></ns3:TPX></Extensions></Trackpoint><Trackpoint><Time>2025-08-12T21:27:53Z</Time><Position><LatitudeDegrees>-8.0479731</LatitudeDegrees><LongitudeDegrees>-34.95059523</LongitudeDegrees></Position><HeartRateBpm><Value>125</Value></HeartRateBpm><Cadence>31</Cadence><Extensions><ns3:TPX><ns3:Speed>2.3299999237060547</ns3:Speed><ns3:Pace>0.39</ns3:Pace></ns3:TPX></Extensions></Trackpoint><Trackpoint><Time>2025-08-12T21:27:54Z</Time><Position><LatitudeDegrees>-8.0479471</LatitudeDegrees><LongitudeDegrees>-34.95059458</LongitudeDegrees></Position><HeartRateBpm><Value>124</Value></HeartRateBpm><Cadence>31</Cadence><Extensions><ns3:TPX><ns3:Speed>2.5299999713897705</ns3:Speed><ns3:Pace>0.39</ns3:Pace></ns3:TPX></Extensions></Trackpoint><Trackpoint><Time>2025-08-12T21:27:55Z</Time><Position><LatitudeDegrees>-8.0479201</LatitudeDegrees><LongitudeDegrees>-34.95059392</LongitudeDegrees></Position><HeartRateBpm><Value>124</Value></HeartRateBpm><Cadence>31</Cadence><Extensions><ns3:TPX><ns3:Speed>2.5299999713897705</ns3:Speed><ns3:Pace>0.38</ns3:Pace></ns3:TPX></Extensions></Trackpoint><Trackpoint><Time>2025-08-12T21:27:56Z</Time><Position><LatitudeDegrees>-8.04789543</LatitudeDegrees><LongitudeDegrees>-34.95059325</LongitudeDegrees></Position><HeartRateBpm><Value>124</Value></HeartRateBpm><Cadence>31</Cadence><Extensions><ns3:TPX><ns3:Speed>2.609999895095825</ns3:Speed><ns3:Pace>0.38</ns3:Pace></ns3:TPX></Extensions></Trackpoint><Trackpoint><Time>2025-08-12T21:27:57Z</Time><Position><LatitudeDegrees>-8.04787111</LatitudeDegrees><LongitudeDegrees>-34.9505926</LongitudeDegrees></Position><HeartRateBpm><Value>124</Value></HeartRateBpm><Cadence>31</Cadence><Extensions><ns3:TPX><ns3:Speed>2.609999895095825</ns3:Speed><ns3:Pace>0.38</ns3:Pace></ns3:TPX></Extensions></Trackpoint><Trackpoint><Time>2025-08-12T21:27:58Z</Time><Position><LatitudeDegrees>-8.04784477</LatitudeDegrees><LongitudeDegrees>-34.95059227</LongitudeDegrees></Position><HeartRateBpm><Value>125</Value></HeartRateBpm><Cadence>31</Cadence><Extensions><ns3:TPX><ns3:Speed>2.569999933242798</ns3:Speed><ns3:Pace>0.39</ns3:Pace></ns3:TPX></Extensions></Trackpoint><Trackpoint><Time>2025-08-12T21:27:59Z</Time><Position><LatitudeDegrees>-8.04781812</LatitudeDegrees><LongitudeDegrees>-34.9505926</LongitudeDegrees></Position><HeartRateBpm><Value>125</Value></HeartRateBpm><Cadence>31</Cadence><Extensions><ns3:TPX><ns3:Speed>2.559999942779541</ns3:Speed><ns3:Pace>0.38</ns3:Pace></ns3:TPX></Extensions></Trackpoint><Trackpoint><Time>2025-08-12T21:28:00Z</Time><Position><LatitudeDegrees>-8.04779012</LatitudeDegrees><LongitudeDegrees>-34.95059161</LongitudeDegrees></Position><HeartRateBpm><Value>125</Value></HeartRateBpm><Cadence>31</Cadence><Extensions><ns3:TPX><ns3:Speed>2.569999933242798</ns3:Speed><ns3:Pace>0.38</ns3:Pace></ns3:TPX></Extensions></Trackpoint><Trackpoint><Time>2025-08-12T21:28:01Z</Time><Position><LatitudeDegrees>-8.04776313</LatitudeDegrees><LongitudeDegrees>-34.95059161</LongitudeDegrees></Position><HeartRateBpm><Value>125</Value></HeartRateBpm><Cadence>31</Cadence><Extensions><ns3:TPX><ns3:Speed>2.569999933242798</ns3:Speed><ns3:Pace>0.38</ns3:Pace></ns3:TPX></Extensions></Trackpoint><Trackpoint><Time>2025-08-12T21:28:02Z</Time><Position><LatitudeDegrees>-8.04773814</LatitudeDegrees><LongitudeDegrees>-34.95059161</LongitudeDegrees></Position><HeartRateBpm><Value>126</Value></HeartRateBpm><Cadence>31</Cadence><Extensions><ns3:TPX><ns3:Speed>2.569999933242798</ns3:Speed><ns3:Pace>0.38</ns3:Pace></ns3:TPX></Extensions></Trackpoint><Trackpoint><Time>2025-08-12T21:28:03Z</Time><Position><LatitudeDegrees>-8.0477118</LatitudeDegrees><LongitudeDegrees>-34.95059095</LongitudeDegrees></Position><HeartRateBpm><Value>126</Value></HeartRateBpm><Cadence>88</Cadence><Extensions><ns3:TPX><ns3:Speed>2.5899999141693115</ns3:Speed><ns3:Pace>0.38</ns3:Pace></ns3:TPX></Extensions></Trackpoint><Trackpoint><Time>2025-08-12T21:28:04Z</Time><Position><LatitudeDegrees>-8.0476858</LatitudeDegrees><LongitudeDegrees>-34.95058495</LongitudeDegrees></Position><HeartRateBpm><Value>126</Value></HeartRateBpm><Cadence>87</Cadence><Extensions><ns3:TPX><ns3:Speed>2.609999895095825</ns3:Speed><ns3:Pace>0.38</ns3:Pace></ns3:TPX></Extensions></Trackpoint><Trackpoint><Time>2025-08-12T21:28:05Z</Time><Position><LatitudeDegrees>-8.04766348</LatitudeDegrees><LongitudeDegrees>-34.95057629</LongitudeDegrees></Position><HeartRateBpm><Value>126</Value></HeartRateBpm><Cadence>88</Cadence><Extensions><ns3:TPX><ns3:Speed>2.630000114440918</ns3:Speed><ns3:Pace>0.37</ns3:Pace></ns3:TPX></Extensions></Trackpoint><Trackpoint><Time>2025-08-12T21:28:06Z</Time><Position><LatitudeDegrees>-8.04764415</LatitudeDegrees><LongitudeDegrees>-34.9505683</LongitudeDegrees></Position><HeartRateBpm><Value>126</Value></HeartRateBpm><Cadence>88</Cadence><Extensions><ns3:TPX><ns3:Speed>2.640000104904175</ns3:Speed><ns3:Pace>0.37</ns3:Pace></ns3:TPX></Extensions></Trackpoint><Trackpoint><Time>2025-08-12T21:28:07Z</Time><Position><LatitudeDegrees>-8.04762581</LatitudeDegrees><LongitudeDegrees>-34.95056264</LongitudeDegrees></Position><HeartRateBpm><Value>126</Value></HeartRateBpm><Cadence>88</Cadence><Extensions><ns3:TPX><ns3:Speed>2.640000104904175</ns3:Speed><ns3:Pace>0.37</ns3:Pace></ns3:TPX></Extensions></Trackpoint><Trackpoint><Time>2025-08-12T21:28:08Z</Time><Position><LatitudeDegrees>-8.04760848</LatitudeDegrees><LongitudeDegrees>-34.95055798</LongitudeDegrees></Position><HeartRateBpm><Value>127</Value></HeartRateBpm><Cadence>88</Cadence><Extensions><ns3:TPX><ns3:Speed>2.630000114440918</ns3:Speed><ns3:Pace>0.38</ns3:Pace></ns3:TPX></Extensions></Trackpoint><Trackpoint><Time>2025-08-12T21:28:09Z</Time><Position><LatitudeDegrees>-8.04759081</LatitudeDegrees><LongitudeDegrees>-34.95055365</LongitudeDegrees></Position><HeartRateBpm><Value>128</Value></HeartRateBpm><Cadence>88</Cadence><Extensions><ns3:TPX><ns3:Speed>2.5999999046325684</ns3:Speed><ns3:Pace>0.4</ns3:Pace></ns3:TPX></Extensions></Trackpoint><Trackpoint><Time>2025-08-12T21:28:10Z</Time><Position><LatitudeDegrees>-8.04756982</LatitudeDegrees><LongitudeDegrees>-34.95054966</LongitudeDegrees></Position><HeartRateBpm><Value>128</Value></HeartRateBpm><Cadence>87</Cadence><Extensions><ns3:TPX><ns3:Speed>2.4800000190734863</ns3:Speed><ns3:Pace>0.42</ns3:Pace></ns3:TPX></Extensions></Trackpoint><Trackpoint><Time>2025-08-12T21:28:11Z</Time><Position><LatitudeDegrees>-8.04754716</LatitudeDegrees><LongitudeDegrees>-34.95054633</LongitudeDegrees></Position><HeartRateBpm><Value>128</Value></HeartRateBpm><Cadence>87</Cadence><Extensions><ns3:TPX><ns3:Speed>2.3399999141693115</ns3:Speed><ns3:Pace>0.44</ns3:Pace></ns3:TPX></Extensions></Trackpoint><Trackpoint><Time>2025-08-12T21:28:12Z</Time><Position><LatitudeDegrees>-8.04752249</LatitudeDegrees><LongitudeDegrees>-34.95054433</LongitudeDegrees></Position><HeartRateBpm><Value>128</Value></HeartRateBpm><Cadence>87</Cadence><Extensions><ns3:TPX><ns3:Speed>2.2699999809265137</ns3:Speed><ns3:Pace>0.44</ns3:Pace></ns3:TPX></Extensions></Trackpoint><Trackpoint><Time>2025-08-12T21:28:13Z</Time><Position><LatitudeDegrees>-8.04749649</LatitudeDegrees><LongitudeDegrees>-34.95054401</LongitudeDegrees></Position><HeartRateBpm><Value>128</Value></HeartRateBpm><Cadence>87</Cadence><Extensions><ns3:TPX><ns3:Speed>2.2699999809265137</ns3:Speed><ns3:Pace>0.44</ns3:Pace></ns3:TPX></Extensions></Trackpoint><Trackpoint><Time>2025-08-12T21:28:14Z</Time><Position><LatitudeDegrees>-8.04747017</LatitudeDegrees><LongitudeDegrees>-34.95054302</LongitudeDegrees></Position><HeartRateBpm><Value>128</Value></HeartRateBpm><Cadence>87</Cadence><Extensions><ns3:TPX><ns3:Speed>2.240000009536743</ns3:Speed><ns3:Pace>0.44</ns3:Pace></ns3:TPX></Extensions></Trackpoint><Trackpoint><Time>2025-08-12T21:28:15Z</Time><Position><LatitudeDegrees>-8.0474425</LatitudeDegrees><LongitudeDegrees>-34.95054135</LongitudeDegrees></Position><HeartRateBpm><Value>127</Value></HeartRateBpm><Cadence>86</Cadence><Extensions><ns3:TPX><ns3:Speed>2.240000009536743</ns3:Speed><ns3:Pace>0.42</ns3:Pace></ns3:TPX></Extensions></Trackpoint><Trackpoint><Time>2025-08-12T21:28:16Z</Time><Position><LatitudeDegrees>-8.04741551</LatitudeDegrees><LongitudeDegrees>-34.95053935</LongitudeDegrees></Position><HeartRateBpm><Value>127</Value></HeartRateBpm><Cadence>86</Cadence><Extensions><ns3:TPX><ns3:Speed>2.3299999237060547</ns3:Speed><ns3:Pace>0.4</ns3:Pace></ns3:TPX></Extensions></Trackpoint><Trackpoint><Time>2025-08-12T21:28:17Z</Time><Position><LatitudeDegrees>-8.04739118</LatitudeDegrees><LongitudeDegrees>-34.95053803</LongitudeDegrees></Position><HeartRateBpm><Value>127</Value></HeartRateBpm><Cadence>86</Cadence><Extensions><ns3:TPX><ns3:Speed>2.4600000381469727</ns3:Speed><ns3:Pace>0.39</ns3:Pace></ns3:TPX></Extensions></Trackpoint><Trackpoint><Time>2025-08-12T21:28:18Z</Time><Position><LatitudeDegrees>-8.04736952</LatitudeDegrees><LongitudeDegrees>-34.95053636</LongitudeDegrees></Position><HeartRateBpm><Value>127</Value></HeartRateBpm><Cadence>86</Cadence><Extensions><ns3:TPX><ns3:Speed>2.5299999713897705</ns3:Speed><ns3:Pace>0.39</ns3:Pace></ns3:TPX></Extensions></Trackpoint><Trackpoint><Time>2025-08-12T21:28:19Z</Time><Position><LatitudeDegrees>-8.04734652</LatitudeDegrees><LongitudeDegrees>-34.95053304</LongitudeDegrees></Position><HeartRateBpm><Value>127</Value></HeartRateBpm><Cadence>86</Cadence><Extensions><ns3:TPX><ns3:Speed>2.5299999713897705</ns3:Speed><ns3:Pace>0.39</ns3:Pace></ns3:TPX></Extensions></Trackpoint><Trackpoint><Time>2025-08-12T21:28:20Z</Time><Position><LatitudeDegrees>-8.04732286</LatitudeDegrees><LongitudeDegrees>-34.95053037</LongitudeDegrees></Position><HeartRateBpm><Value>127</Value></HeartRateBpm><Cadence>87</Cadence><Extensions><ns3:TPX><ns3:Speed>2.559999942779541</ns3:Speed><ns3:Pace>0.39</ns3:Pace></ns3:TPX></Extensions></Trackpoint><Trackpoint><Time>2025-08-12T21:28:21Z</Time><Position><LatitudeDegrees>-8.04729953</LatitudeDegrees><LongitudeDegrees>-34.95052738</LongitudeDegrees></Position><HeartRateBpm><Value>128</Value></HeartRateBpm><Cadence>88</Cadence><Extensions><ns3:TPX><ns3:Speed>2.559999942779541</ns3:Speed><ns3:Pace>0.38</ns3:Pace></ns3:TPX></Extensions></Trackpoint><Trackpoint><Time>2025-08-12T21:28:22Z</Time><Position><LatitudeDegrees>-8.04727554</LatitudeDegrees><LongitudeDegrees>-34.95052339</LongitudeDegrees></Position><HeartRateBpm><Value>128</Value></HeartRateBpm><Cadence>88</Cadence><Extensions><ns3:TPX><ns3:Speed>2.569999933242798</ns3:Speed><ns3:Pace>0.38</ns3:Pace></ns3:TPX></Extensions></Trackpoint><Trackpoint><Time>2025-08-12T21:28:23Z</Time><Position><LatitudeDegrees>-8.04725022</LatitudeDegrees><LongitudeDegrees>-34.95052239</LongitudeDegrees></Position><HeartRateBpm><Value>128</Value></HeartRateBpm><Cadence>87</Cadence><Extensions><ns3:TPX><ns3:Speed>2.569999933242798</ns3:Speed><ns3:Pace>0.38</ns3:Pace></ns3:TPX></Extensions></Trackpoint><Trackpoint><Time>2025-08-12T21:28:24Z</Time><Position><LatitudeDegrees>-8.04722655</LatitudeDegrees><LongitudeDegrees>-34.9505204</LongitudeDegrees></Position><HeartRateBpm><Value>128</Value></HeartRateBpm><Cadence>87</Cadence><Extensions><ns3:TPX><ns3:Speed>2.569999933242798</ns3:Speed><ns3:Pace>0.38</ns3:Pace></ns3:TPX></Extensions></Trackpoint><Trackpoint><Time>2025-08-12T21:28:25Z</Time><Position><LatitudeDegrees>-8.04720356</LatitudeDegrees><LongitudeDegrees>-34.95051874</LongitudeDegrees></Position><HeartRateBpm><Value>128</Value></HeartRateBpm><Cadence>87</Cadence><Extensions><ns3:TPX><ns3:Speed>2.569999933242798</ns3:Speed><ns3:Pace>0.38</ns3:Pace></ns3:TPX></Extensions></Trackpoint><Trackpoint><Time>2025-08-12T21:28:26Z</Time><Position><LatitudeDegrees>-8.04718256</LatitudeDegrees><LongitudeDegrees>-34.95051575</LongitudeDegrees></Position><HeartRateBpm><Value>127</Value></HeartRateBpm><Cadence>87</Cadence><Extensions><ns3:TPX><ns3:Speed>2.569999933242798</ns3:Speed><ns3:Pace>0.38</ns3:Pace></ns3:TPX></Extensions></Trackpoint><Trackpoint><Time>2025-08-12T21:28:27Z</Time><Position><LatitudeDegrees>-8.04715857</LatitudeDegrees><LongitudeDegrees>-34.95051607</LongitudeDegrees></Position><HeartRateBpm><Value>127</Value></HeartRateBpm><Cadence>88</Cadence><Extensions><ns3:TPX><ns3:Speed>2.569999933242798</ns3:Speed><ns3:Pace>0.38</ns3:Pace></ns3:TPX></Extensions></Trackpoint><Trackpoint><Time>2025-08-12T21:28:28Z</Time><Position><LatitudeDegrees>-8.04713157</LatitudeDegrees><LongitudeDegrees>-34.95051739</LongitudeDegrees></Position><HeartRateBpm><Value>127</Value></HeartRateBpm><Cadence>88</Cadence><Extensions><ns3:TPX><ns3:Speed>2.5799999237060547</ns3:Speed><ns3:Pace>0.38</ns3:Pace></ns3:TPX></Extensions></Trackpoint><Trackpoint><Time>2025-08-12T21:28:29Z</Time><Position><LatitudeDegrees>-8.04710858</LatitudeDegrees><LongitudeDegrees>-34.95051806</LongitudeDegrees></Position><HeartRateBpm><Value>127</Value></HeartRateBpm><Cadence>88</Cadence><Extensions><ns3:TPX><ns3:Speed>2.5899999141693115</ns3:Speed><ns3:Pace>0.38</ns3:Pace></ns3:TPX></Extensions></Trackpoint><Trackpoint><Time>2025-08-12T21:28:30Z</Time><Position><LatitudeDegrees>-8.04708725</LatitudeDegrees><LongitudeDegrees>-34.95051806</LongitudeDegrees></Position><HeartRateBpm><Value>128</Value></HeartRateBpm><Cadence>87</Cadence><Extensions><ns3:TPX><ns3:Speed>2.5999999046325684</ns3:Speed><ns3:Pace>0.38</ns3:Pace></ns3:TPX></Extensions></Trackpoint><Trackpoint><Time>2025-08-12T21:28:31Z</Time><Position><LatitudeDegrees>-8.04706559</LatitudeDegrees><LongitudeDegrees>-34.95051606</LongitudeDegrees></Position><HeartRateBpm><Value>128</Value></HeartRateBpm><Cadence>87</Cadence><Extensions><ns3:TPX><ns3:Speed>2.5999999046325684</ns3:Speed><ns3:Pace>0.38</ns3:Pace></ns3:TPX></Extensions></Trackpoint><Trackpoint><Time>2025-08-12T21:28:32Z</Time><Position><LatitudeDegrees>-8.0470466</LatitudeDegrees><LongitudeDegrees>-34.95051339</LongitudeDegrees></Position><HeartRateBpm><Value>129</Value></HeartRateBpm><Cadence>87</Cadence><Extensions><ns3:TPX><ns3:Speed>2.5999999046325684</ns3:Speed><ns3:Pace>0.38</ns3:Pace></ns3:TPX></Extensions></Trackpoint><Trackpoint><Time>2025-08-12T21:28:33Z</Time><Position><LatitudeDegrees>-8.04702693</LatitudeDegrees><LongitudeDegrees>-34.95051007</LongitudeDegrees></Position><HeartRateBpm><Value>129</Value></HeartRateBpm><Cadence>87</Cadence><Extensions><ns3:TPX><ns3:Speed>2.5999999046325684</ns3:Speed><ns3:Pace>0.38</ns3:Pace></ns3:TPX></Extensions></Trackpoint><Trackpoint><Time>2025-08-12T21:28:34Z</Time><Position><LatitudeDegrees>-8.04700728</LatitudeDegrees><LongitudeDegrees>-34.95050675</LongitudeDegrees></Position><HeartRateBpm><Value>129</Value></HeartRateBpm><Cadence>88</Cadence><Extensions><ns3:TPX><ns3:Speed>2.5899999141693115</ns3:Speed><ns3:Pace>0.38</ns3:Pace></ns3:TPX></Extensions></Trackpoint><Trackpoint><Time>2025-08-12T21:28:35Z</Time><Position><LatitudeDegrees>-8.04698661</LatitudeDegrees><LongitudeDegrees>-34.95050341</LongitudeDegrees></Position><HeartRateBpm><Value>129</Value></HeartRateBpm><Cadence>89</Cadence><Extensions><ns3:TPX><ns3:Speed>2.5799999237060547</ns3:Speed><ns3:Pace>0.38</ns3:Pace></ns3:TPX></Extensions></Trackpoint><Trackpoint><Time>2025-08-12T21:28:36Z</Time><Position><LatitudeDegrees>-8.04696595</LatitudeDegrees><LongitudeDegrees>-34.95050009</LongitudeDegrees></Position><HeartRateBpm><Value>129</Value></HeartRateBpm><Cadence>88</Cadence><Extensions><ns3:TPX><ns3:Speed>2.569999933242798</ns3:Speed><ns3:Pace>0.38</ns3:Pace></ns3:TPX></Extensions></Trackpoint><Trackpoint><Time>2025-08-12T21:28:37Z</Time><Position><LatitudeDegrees>-8.04694463</LatitudeDegrees><LongitudeDegrees>-34.95049677</LongitudeDegrees></Position><HeartRateBpm><Value>129</Value></HeartRateBpm><Cadence>88</Cadence><Extensions><ns3:TPX><ns3:Speed>2.569999933242798</ns3:Speed><ns3:Pace>0.39</ns3:Pace></ns3:TPX></Extensions></Trackpoint><Trackpoint><Time>2025-08-12T21:28:38Z</Time><Position><LatitudeDegrees>-8.04692296</LatitudeDegrees><LongitudeDegrees>-34.9504941</LongitudeDegrees></Position><HeartRateBpm><Value>129</Value></HeartRateBpm><Cadence>88</Cadence><Extensions><ns3:TPX><ns3:Speed>2.549999952316284</ns3:Speed><ns3:Pace>0.39</ns3:Pace></ns3:TPX></Extensions></Trackpoint><Trackpoint><Time>2025-08-12T21:28:39Z</Time><Position><LatitudeDegrees>-8.04690063</LatitudeDegrees><LongitudeDegrees>-34.95049143</LongitudeDegrees></Position><HeartRateBpm><Value>129</Value></HeartRateBpm><Cadence>88</Cadence><Extensions><ns3:TPX><ns3:Speed>2.549999952316284</ns3:Speed><ns3:Pace>0.39</ns3:Pace></ns3:TPX></Extensions></Trackpoint><Trackpoint><Time>2025-08-12T21:28:40Z</Time><Position><LatitudeDegrees>-8.04687997</LatitudeDegrees><LongitudeDegrees>-34.95049011</LongitudeDegrees></Position><HeartRateBpm><Value>130</Value></HeartRateBpm><Cadence>88</Cadence><Extensions><ns3:TPX><ns3:Speed>2.5299999713897705</ns3:Speed><ns3:Pace>0.39</ns3:Pace></ns3:TPX></Extensions></Trackpoint><Trackpoint><Time>2025-08-12T21:28:41Z</Time><Position><LatitudeDegrees>-8.04685864</LatitudeDegrees><LongitudeDegrees>-34.95048878</LongitudeDegrees></Position><HeartRateBpm><Value>131</Value></HeartRateBpm><Cadence>87</Cadence><Extensions><ns3:TPX><ns3:Speed>2.5199999809265137</ns3:Speed><ns3:Pace>0.39</ns3:Pace></ns3:TPX></Extensions></Trackpoint><Trackpoint><Time>2025-08-12T21:28:42Z</Time><Position><LatitudeDegrees>-8.04683765</LatitudeDegrees><LongitudeDegrees>-34.95048812</LongitudeDegrees></Position><HeartRateBpm><Value>133</Value></HeartRateBpm><Cadence>87</Cadence><Extensions><ns3:TPX><ns3:Speed>2.509999990463257</ns3:Speed><ns3:Pace>0.39</ns3:Pace></ns3:TPX></Extensions></Trackpoint><Trackpoint><Time>2025-08-12T21:28:43Z</Time><Position><LatitudeDegrees>-8.04681665</LatitudeDegrees><LongitudeDegrees>-34.95048645</LongitudeDegrees></Position><HeartRateBpm><Value>133</Value></HeartRateBpm><Cadence>87</Cadence><Extensions><ns3:TPX><ns3:Speed>2.509999990463257</ns3:Speed><ns3:Pace>0.39</ns3:Pace></ns3:TPX></Extensions></Trackpoint><Trackpoint><Time>2025-08-12T21:28:44Z</Time><Position><LatitudeDegrees>-8.04679532</LatitudeDegrees><LongitudeDegrees>-34.95048546</LongitudeDegrees></Position><HeartRateBpm><Value>133</Value></HeartRateBpm><Cadence>88</Cadence><Extensions><ns3:TPX><ns3:Speed>2.509999990463257</ns3:Speed><ns3:Pace>0.39</ns3:Pace></ns3:TPX></Extensions></Trackpoint><Trackpoint><Time>2025-08-12T21:28:45Z</Time><Position><LatitudeDegrees>-8.04677432</LatitudeDegrees><LongitudeDegrees>-34.95048579</LongitudeDegrees></Position><HeartRateBpm><Value>134</Value></HeartRateBpm><Cadence>88</Cadence><Extensions><ns3:TPX><ns3:Speed>2.5</ns3:Speed><ns3:Pace>0.4</ns3:Pace></ns3:TPX></Extensions></Trackpoint><Trackpoint><Time>2025-08-12T21:28:46Z</Time><Position><LatitudeDegrees>-8.04675333</LatitudeDegrees><LongitudeDegrees>-34.95048611</LongitudeDegrees></Position><HeartRateBpm><Value>134</Value></HeartRateBpm><Cadence>87</Cadence><Extensions><ns3:TPX><ns3:Speed>2.5</ns3:Speed><ns3:Pace>0.4</ns3:Pace></ns3:TPX></Extensions></Trackpoint><Trackpoint><Time>2025-08-12T21:28:47Z</Time><Position><LatitudeDegrees>-8.04673366</LatitudeDegrees><LongitudeDegrees>-34.95048579</LongitudeDegrees></Position><HeartRateBpm><Value>135</Value></HeartRateBpm><Cadence>87</Cadence><Extensions><ns3:TPX><ns3:Speed>2.490000009536743</ns3:Speed><ns3:Pace>0.4</ns3:Pace></ns3:TPX></Extensions></Trackpoint><Trackpoint><Time>2025-08-12T21:28:48Z</Time><Position><LatitudeDegrees>-8.04671199</LatitudeDegrees><LongitudeDegrees>-34.95048712</LongitudeDegrees></Position><HeartRateBpm><Value>136</Value></HeartRateBpm><Cadence>87</Cadence><Extensions><ns3:TPX><ns3:Speed>2.490000009536743</ns3:Speed><ns3:Pace>0.4</ns3:Pace></ns3:TPX></Extensions></Trackpoint><Trackpoint><Time>2025-08-12T21:28:49Z</Time><Position><LatitudeDegrees>-8.04669067</LatitudeDegrees><LongitudeDegrees>-34.95048744</LongitudeDegrees></Position><HeartRateBpm><Value>135</Value></HeartRateBpm><Cadence>87</Cadence><Extensions><ns3:TPX><ns3:Speed>2.4800000190734863</ns3:Speed><ns3:Pace>0.4</ns3:Pace></ns3:TPX></Extensions></Trackpoint><Trackpoint><Time>2025-08-12T21:28:50Z</Time><Position><LatitudeDegrees>-8.04666967</LatitudeDegrees><LongitudeDegrees>-34.95048877</LongitudeDegrees></Position><HeartRateBpm><Value>135</Value></HeartRateBpm><Cadence>87</Cadence><Extensions><ns3:TPX><ns3:Speed>2.4800000190734863</ns3:Speed><ns3:Pace>0.4</ns3:Pace></ns3:TPX></Extensions></Trackpoint><Trackpoint><Time>2025-08-12T21:28:51Z</Time><Position><LatitudeDegrees>-8.04665268</LatitudeDegrees><LongitudeDegrees>-34.95049142</LongitudeDegrees></Position><HeartRateBpm><Value>135</Value></HeartRateBpm><Cadence>85</Cadence><Extensions><ns3:TPX><ns3:Speed>2.4800000190734863</ns3:Speed><ns3:Pace>0.4</ns3:Pace></ns3:TPX></Extensions></Trackpoint><Trackpoint><Time>2025-08-12T21:28:52Z</Time><Position><LatitudeDegrees>-8.04663936</LatitudeDegrees><LongitudeDegrees>-34.95049642</LongitudeDegrees></Position><HeartRateBpm><Value>135</Value></HeartRateBpm><Cadence>85</Cadence><Extensions><ns3:TPX><ns3:Speed>2.4700000286102295</ns3:Speed><ns3:Pace>0.4</ns3:Pace></ns3:TPX></Extensions></Trackpoint><Trackpoint><Time>2025-08-12T21:28:53Z</Time><Position><LatitudeDegrees>-8.04662636</LatitudeDegrees><LongitudeDegrees>-34.95050341</LongitudeDegrees></Position><HeartRateBpm><Value>137</Value></HeartRateBpm><Cadence>85</Cadence><Extensions><ns3:TPX><ns3:Speed>2.4600000381469727</ns3:Speed><ns3:Pace>0.4</ns3:Pace></ns3:TPX></Extensions></Trackpoint><Trackpoint><Time>2025-08-12T21:28:54Z</Time><Position><LatitudeDegrees>-8.04661603</LatitudeDegrees><LongitudeDegrees>-34.95051175</LongitudeDegrees></Position><HeartRateBpm><Value>137</Value></HeartRateBpm><Cadence>86</Cadence><Extensions><ns3:TPX><ns3:Speed>2.4600000381469727</ns3:Speed><ns3:Pace>0.4</ns3:Pace></ns3:TPX></Extensions></Trackpoint><Trackpoint><Time>2025-08-12T21:28:55Z</Time><Position><LatitudeDegrees>-8.04661137</LatitudeDegrees><LongitudeDegrees>-34.95051941</LongitudeDegrees></Position><HeartRateBpm><Value>137</Value></HeartRateBpm><Cadence>86</Cadence><Extensions><ns3:TPX><ns3:Speed>2.440000057220459</ns3:Speed><ns3:Pace>0.4</ns3:Pace></ns3:TPX></Extensions></Trackpoint><Trackpoint><Time>2025-08-12T21:28:56Z</Time><Position><LatitudeDegrees>-8.04661236</LatitudeDegrees><LongitudeDegrees>-34.95052375</LongitudeDegrees></Position><HeartRateBpm><Value>137</Value></HeartRateBpm><Cadence>86</Cadence><Extensions><ns3:TPX><ns3:Speed>2.440000057220459</ns3:Speed><ns3:Pace>0.41</ns3:Pace></ns3:TPX></Extensions></Trackpoint><Trackpoint><Time>2025-08-12T21:28:57Z</Time><Position><LatitudeDegrees>-8.04661868</LatitudeDegrees><LongitudeDegrees>-34.95052707</LongitudeDegrees></Position><HeartRateBpm><Value>137</Value></HeartRateBpm><Cadence>86</Cadence><Extensions><ns3:TPX><ns3:Speed>2.4100000858306885</ns3:Speed><ns3:Pace>0.52</ns3:Pace></ns3:TPX></Extensions></Trackpoint><Trackpoint><Time>2025-08-12T21:28:58Z</Time><Position><LatitudeDegrees>-8.04663001</LatitudeDegrees><LongitudeDegrees>-34.95052675</LongitudeDegrees></Position><HeartRateBpm><Value>137</Value></HeartRateBpm><Cadence>87</Cadence><Extensions><ns3:TPX><ns3:Speed>1.909999966621399</ns3:Speed><ns3:Pace>0.69</ns3:Pace></ns3:TPX></Extensions></Trackpoint><Trackpoint><Time>2025-08-12T21:28:59Z</Time><Position><LatitudeDegrees>-8.04664534</LatitudeDegrees><LongitudeDegrees>-34.95052575</LongitudeDegrees></Position><HeartRateBpm><Value>137</Value></HeartRateBpm><Cadence>87</Cadence><Extensions><ns3:TPX><ns3:Speed>1.4299999475479126</ns3:Speed><ns3:Pace>0.7</ns3:Pace></ns3:TPX></Extensions></Trackpoint><Trackpoint><Time>2025-08-12T21:29:00Z</Time><Position><LatitudeDegrees>-8.04666299</LatitudeDegrees><LongitudeDegrees>-34.95052476</LongitudeDegrees></Position><HeartRateBpm><Value>136</Value></HeartRateBpm><Cadence>88</Cadence><Extensions><ns3:TPX><ns3:Speed>1.4199999570846558</ns3:Speed><ns3:Pace>0.7</ns3:Pace></ns3:TPX></Extensions></Trackpoint><Trackpoint><Time>2025-08-12T21:29:01Z</Time><Position><LatitudeDegrees>-8.04668432</LatitudeDegrees><LongitudeDegrees>-34.95052276</LongitudeDegrees></Position><HeartRateBpm><Value>136</Value></HeartRateBpm><Cadence>88</Cadence><Extensions><ns3:TPX><ns3:Speed>1.4199999570846558</ns3:Speed><ns3:Pace>0.7</ns3:Pace></ns3:TPX></Extensions></Trackpoint><Trackpoint><Time>2025-08-12T21:29:02Z</Time><Position><LatitudeDegrees>-8.04670698</LatitudeDegrees><LongitudeDegrees>-34.9505191</LongitudeDegrees></Position><HeartRateBpm><Value>136</Value></HeartRateBpm><Cadence>88</Cadence><Extensions><ns3:TPX><ns3:Speed>1.4199999570846558</ns3:Speed><ns3:Pace>0.68</ns3:Pace></ns3:TPX></Extensions></Trackpoint><Trackpoint><Time>2025-08-12T21:29:03Z</Time><Position><LatitudeDegrees>-8.04673097</LatitudeDegrees><LongitudeDegrees>-34.95051377</LongitudeDegrees></Position><HeartRateBpm><Value>137</Value></HeartRateBpm><Cadence>88</Cadence><Extensions><ns3:TPX><ns3:Speed>1.4600000381469727</ns3:Speed><ns3:Pace>0.62</ns3:Pace></ns3:TPX></Extensions></Trackpoint><Trackpoint><Time>2025-08-12T21:29:04Z</Time><Position><LatitudeDegrees>-8.04675496</LatitudeDegrees><LongitudeDegrees>-34.95050778</LongitudeDegrees></Position><HeartRateBpm><Value>139</Value></HeartRateBpm><Cadence>88</Cadence><Extensions><ns3:TPX><ns3:Speed>1.6100000143051147</ns3:Speed><ns3:Pace>0.55</ns3:Pace></ns3:TPX></Extensions></Trackpoint><Trackpoint><Time>2025-08-12T21:29:05Z</Time><Position><LatitudeDegrees>-8.04677963</LatitudeDegrees><LongitudeDegrees>-34.95050145</LongitudeDegrees></Position><HeartRateBpm><Value>141</Value></HeartRateBpm><Cadence>88</Cadence><Extensions><ns3:TPX><ns3:Speed>1.809999942779541</ns3:Speed><ns3:Pace>0.5</ns3:Pace></ns3:TPX></Extensions></Trackpoint><Trackpoint><Time>2025-08-12T21:29:06Z</Time><Position><LatitudeDegrees>-8.04680596</LatitudeDegrees><LongitudeDegrees>-34.95049546</LongitudeDegrees></Position><HeartRateBpm><Value>142</Value></HeartRateBpm><Cadence>87</Cadence><Extensions><ns3:TPX><ns3:Speed>1.9800000190734863</ns3:Speed><ns3:Pace>0.5</ns3:Pace></ns3:TPX></Extensions></Trackpoint><Trackpoint><Time>2025-08-12T21:29:07Z</Time><Position><LatitudeDegrees>-8.04683396</LatitudeDegrees><LongitudeDegrees>-34.95048981</LongitudeDegrees></Position><HeartRateBpm><Value>142</Value></HeartRateBpm><Cadence>87</Cadence><Extensions><ns3:TPX><ns3:Speed>1.9800000190734863</ns3:Speed><ns3:Pace>0.46</ns3:Pace></ns3:TPX></Extensions></Trackpoint><Trackpoint><Time>2025-08-12T21:29:08Z</Time><Position><LatitudeDegrees>-8.04686162</LatitudeDegrees><LongitudeDegrees>-34.95048614</LongitudeDegrees></Position><HeartRateBpm><Value>142</Value></HeartRateBpm><Cadence>88</Cadence><Extensions><ns3:TPX><ns3:Speed>2.140000104904175</ns3:Speed><ns3:Pace>0.44</ns3:Pace></ns3:TPX></Extensions></Trackpoint><Trackpoint><Time>2025-08-12T21:29:09Z</Time><Position><LatitudeDegrees>-8.04688994</LatitudeDegrees><LongitudeDegrees>-34.95048248</LongitudeDegrees></Position><HeartRateBpm><Value>142</Value></HeartRateBpm><Cadence>87</Cadence><Extensions><ns3:TPX><ns3:Speed>2.25</ns3:Speed><ns3:Pace>0.42</ns3:Pace></ns3:TPX></Extensions></Trackpoint><Trackpoint><Time>2025-08-12T21:29:10Z</Time><Position><LatitudeDegrees>-8.04691828</LatitudeDegrees><LongitudeDegrees>-34.95047883</LongitudeDegrees></Position><HeartRateBpm><Value>141</Value></HeartRateBpm><Cadence>86</Cadence><Extensions><ns3:TPX><ns3:Speed>2.3399999141693115</ns3:Speed><ns3:Pace>0.4</ns3:Pace></ns3:TPX></Extensions></Trackpoint><Trackpoint><Time>2025-08-12T21:29:11Z</Time><Position><LatitudeDegrees>-8.04694727</LatitudeDegrees><LongitudeDegrees>-34.9504755</LongitudeDegrees></Position><HeartRateBpm><Value>143</Value></HeartRateBpm><Cadence>86</Cadence><Extensions><ns3:TPX><ns3:Speed>2.4600000381469727</ns3:Speed><ns3:Pace>0.38</ns3:Pace></ns3:TPX></Extensions></Trackpoint><Trackpoint><Time>2025-08-12T21:29:12Z</Time><Position><LatitudeDegrees>-8.04697427</LatitudeDegrees><LongitudeDegrees>-34.9504725</LongitudeDegrees></Position><HeartRateBpm><Value>143</Value></HeartRateBpm><Cadence>87</Cadence><Extensions><ns3:TPX><ns3:Speed>2.5899999141693115</ns3:Speed><ns3:Pace>0.37</ns3:Pace></ns3:TPX></Extensions></Trackpoint><Trackpoint><Time>2025-08-12T21:29:13Z</Time><Position><LatitudeDegrees>-8.04700027</LatitudeDegrees><LongitudeDegrees>-34.95046885</LongitudeDegrees></Position><HeartRateBpm><Value>143</Value></HeartRateBpm><Cadence>87</Cadence><Extensions><ns3:TPX><ns3:Speed>2.6500000953674316</ns3:Speed><ns3:Pace>0.37</ns3:Pace></ns3:TPX></Extensions></Trackpoint><Trackpoint><Time>2025-08-12T21:29:14Z</Time><Position><LatitudeDegrees>-8.04702627</LatitudeDegrees><LongitudeDegrees>-34.95046885</LongitudeDegrees></Position><HeartRateBpm><Value>143</Value></HeartRateBpm><Cadence>87</Cadence><Extensions><ns3:TPX><ns3:Speed>2.6500000953674316</ns3:Speed><ns3:Pace>0.37</ns3:Pace></ns3:TPX></Extensions></Trackpoint><Trackpoint><Time>2025-08-12T21:29:15Z</Time><Position><LatitudeDegrees>-8.04705026</LatitudeDegrees><LongitudeDegrees>-34.95046917</LongitudeDegrees></Position><HeartRateBpm><Value>143</Value></HeartRateBpm><Cadence>87</Cadence><Extensions><ns3:TPX><ns3:Speed>2.6500000953674316</ns3:Speed><ns3:Pace>0.37</ns3:Pace></ns3:TPX></Extensions></Trackpoint><Trackpoint><Time>2025-08-12T21:29:16Z</Time><Position><LatitudeDegrees>-8.04707259</LatitudeDegrees><LongitudeDegrees>-34.95047117</LongitudeDegrees></Position><HeartRateBpm><Value>143</Value></HeartRateBpm><Cadence>87</Cadence><Extensions><ns3:TPX><ns3:Speed>2.680000066757202</ns3:Speed><ns3:Pace>0.37</ns3:Pace></ns3:TPX></Extensions></Trackpoint><Trackpoint><Time>2025-08-12T21:29:17Z</Time><Position><LatitudeDegrees>-8.04709291</LatitudeDegrees><LongitudeDegrees>-34.95047449</LongitudeDegrees></Position><HeartRateBpm><Value>145</Value></HeartRateBpm><Cadence>88</Cadence><Extensions><ns3:TPX><ns3:Speed>2.680000066757202</ns3:Speed><ns3:Pace>0.37</ns3:Pace></ns3:TPX></Extensions></Trackpoint><Trackpoint><Time>2025-08-12T21:29:18Z</Time><Position><LatitudeDegrees>-8.04711524</LatitudeDegrees><LongitudeDegrees>-34.95047916</LongitudeDegrees></Position><HeartRateBpm><Value>146</Value></HeartRateBpm><Cadence>89</Cadence><Extensions><ns3:TPX><ns3:Speed>2.6500000953674316</ns3:Speed><ns3:Pace>0.38</ns3:Pace></ns3:TPX></Extensions></Trackpoint><Trackpoint><Time>2025-08-12T21:29:19Z</Time><Position><LatitudeDegrees>-8.0471429</LatitudeDegrees><LongitudeDegrees>-34.95048416</LongitudeDegrees></Position><HeartRateBpm><Value>147</Value></HeartRateBpm><Cadence>88</Cadence><Extensions><ns3:TPX><ns3:Speed>2.609999895095825</ns3:Speed><ns3:Pace>0.38</ns3:Pace></ns3:TPX></Extensions></Trackpoint><Trackpoint><Time>2025-08-12T21:29:20Z</Time><Position><LatitudeDegrees>-8.04717324</LatitudeDegrees><LongitudeDegrees>-34.95049048</LongitudeDegrees></Position><HeartRateBpm><Value>147</Value></HeartRateBpm><Cadence>88</Cadence><Extensions><ns3:TPX><ns3:Speed>2.609999895095825</ns3:Speed><ns3:Pace>0.38</ns3:Pace></ns3:TPX></Extensions></Trackpoint><Trackpoint><Time>2025-08-12T21:29:21Z</Time><Position><LatitudeDegrees>-8.04720089</LatitudeDegrees><LongitudeDegrees>-34.95049582</LongitudeDegrees></Position><HeartRateBpm><Value>148</Value></HeartRateBpm><Cadence>87</Cadence><Extensions><ns3:TPX><ns3:Speed>2.5899999141693115</ns3:Speed><ns3:Pace>0.38</ns3:Pace></ns3:TPX></Extensions></Trackpoint><Trackpoint><Time>2025-08-12T21:29:22Z</Time><Position><LatitudeDegrees>-8.04722722</LatitudeDegrees><LongitudeDegrees>-34.95049981</LongitudeDegrees></Position><HeartRateBpm><Value>148</Value></HeartRateBpm><Cadence>87</Cadence><Extensions><ns3:TPX><ns3:Speed>2.5899999141693115</ns3:Speed><ns3:Pace>0.38</ns3:Pace></ns3:TPX></Extensions></Trackpoint><Trackpoint><Time>2025-08-12T21:29:23Z</Time><Position><LatitudeDegrees>-8.04725322</LatitudeDegrees><LongitudeDegrees>-34.95050381</LongitudeDegrees></Position><HeartRateBpm><Value>148</Value></HeartRateBpm><Cadence>88</Cadence><Extensions><ns3:TPX><ns3:Speed>2.5899999141693115</ns3:Speed><ns3:Pace>0.38</ns3:Pace></ns3:TPX></Extensions></Trackpoint><Trackpoint><Time>2025-08-12T21:29:24Z</Time><Position><LatitudeDegrees>-8.04727888</LatitudeDegrees><LongitudeDegrees>-34.9505048</LongitudeDegrees></Position><HeartRateBpm><Value>149</Value></HeartRateBpm><Cadence>89</Cadence><Extensions><ns3:TPX><ns3:Speed>2.619999885559082</ns3:Speed><ns3:Pace>0.37</ns3:Pace></ns3:TPX></Extensions></Trackpoint><Trackpoint><Time>2025-08-12T21:29:25Z</Time><Position><LatitudeDegrees>-8.04730422</LatitudeDegrees><LongitudeDegrees>-34.9505048</LongitudeDegrees></Position><HeartRateBpm><Value>150</Value></HeartRateBpm><Cadence>89</Cadence><Extensions><ns3:TPX><ns3:Speed>2.690000057220459</ns3:Speed><ns3:Pace>0.37</ns3:Pace></ns3:TPX></Extensions></Trackpoint><Trackpoint><Time>2025-08-12T21:29:26Z</Time><Position><LatitudeDegrees>-8.04732788</LatitudeDegrees><LongitudeDegrees>-34.95050313</LongitudeDegrees></Position><HeartRateBpm><Value>150</Value></HeartRateBpm><Cadence>89</Cadence><Extensions><ns3:TPX><ns3:Speed>2.690000057220459</ns3:Speed><ns3:Pace>0.36</ns3:Pace></ns3:TPX></Extensions></Trackpoint><Trackpoint><Time>2025-08-12T21:29:27Z</Time><Position><LatitudeDegrees>-8.04734821</LatitudeDegrees><LongitudeDegrees>-34.95049981</LongitudeDegrees></Position><HeartRateBpm><Value>150</Value></HeartRateBpm><Cadence>89</Cadence><Extensions><ns3:TPX><ns3:Speed>2.7200000286102295</ns3:Speed><ns3:Pace>0.36</ns3:Pace></ns3:TPX></Extensions></Trackpoint><Trackpoint><Time>2025-08-12T21:29:28Z</Time><Position><LatitudeDegrees>-8.04736621</LatitudeDegrees><LongitudeDegrees>-34.95049682</LongitudeDegrees></Position><HeartRateBpm><Value>150</Value></HeartRateBpm><Cadence>88</Cadence><Extensions><ns3:TPX><ns3:Speed>2.7200000286102295</ns3:Speed><ns3:Pace>0.36</ns3:Pace></ns3:TPX></Extensions></Trackpoint><Trackpoint><Time>2025-08-12T21:29:29Z</Time><Position><LatitudeDegrees>-8.0473852</LatitudeDegrees><LongitudeDegrees>-34.95049515</LongitudeDegrees></Position><HeartRateBpm><Value>149</Value></HeartRateBpm><Cadence>87</Cadence><Extensions><ns3:TPX><ns3:Speed>2.7100000381469727</ns3:Speed><ns3:Pace>0.37</ns3:Pace></ns3:TPX></Extensions></Trackpoint><Trackpoint><Time>2025-08-12T21:29:30Z</Time><Position><LatitudeDegrees>-8.04740586</LatitudeDegrees><LongitudeDegrees>-34.95049383</LongitudeDegrees></Position><HeartRateBpm><Value>148</Value></HeartRateBpm><Cadence>87</Cadence><Extensions><ns3:TPX><ns3:Speed>2.640000104904175</ns3:Speed><ns3:Pace>0.38</ns3:Pace></ns3:TPX></Extensions></Trackpoint><Trackpoint><Time>2025-08-12T21:29:31Z</Time><Position><LatitudeDegrees>-8.04742785</LatitudeDegrees><LongitudeDegrees>-34.95049415</LongitudeDegrees></Position><HeartRateBpm><Value>148</Value></HeartRateBpm><Cadence>87</Cadence><Extensions><ns3:TPX><ns3:Speed>2.569999933242798</ns3:Speed><ns3:Pace>0.38</ns3:Pace></ns3:TPX></Extensions></Trackpoint><Trackpoint><Time>2025-08-12T21:29:32Z</Time><Position><LatitudeDegrees>-8.04744984</LatitudeDegrees><LongitudeDegrees>-34.95049682</LongitudeDegrees></Position><HeartRateBpm><Value>148</Value></HeartRateBpm><Cadence>87</Cadence><Extensions><ns3:TPX><ns3:Speed>2.569999933242798</ns3:Speed><ns3:Pace>0.39</ns3:Pace></ns3:TPX></Extensions></Trackpoint><Trackpoint><Time>2025-08-12T21:29:33Z</Time><Position><LatitudeDegrees>-8.04747151</LatitudeDegrees><LongitudeDegrees>-34.95050148</LongitudeDegrees></Position><HeartRateBpm><Value>148</Value></HeartRateBpm><Cadence>87</Cadence><Extensions><ns3:TPX><ns3:Speed>2.5</ns3:Speed><ns3:Pace>0.4</ns3:Pace></ns3:TPX></Extensions></Trackpoint><Trackpoint><Time>2025-08-12T21:29:34Z</Time><Position><LatitudeDegrees>-8.0474935</LatitudeDegrees><LongitudeDegrees>-34.95050715</LongitudeDegrees></Position><HeartRateBpm><Value>147</Value></HeartRateBpm><Cadence>87</Cadence><Extensions><ns3:TPX><ns3:Speed>2.4600000381469727</ns3:Speed><ns3:Pace>0.4</ns3:Pace></ns3:TPX></Extensions></Trackpoint><Trackpoint><Time>2025-08-12T21:29:35Z</Time><Position><LatitudeDegrees>-8.0475145</LatitudeDegrees><LongitudeDegrees>-34.95051282</LongitudeDegrees></Position><HeartRateBpm><Value>147</Value></HeartRateBpm><Cadence>87</Cadence><Extensions><ns3:TPX><ns3:Speed>2.4600000381469727</ns3:Speed><ns3:Pace>0.4</ns3:Pace></ns3:TPX></Extensions></Trackpoint><Trackpoint><Time>2025-08-12T21:29:36Z</Time><Position><LatitudeDegrees>-8.04753917</LatitudeDegrees><LongitudeDegrees>-34.95052181</LongitudeDegrees></Position><HeartRateBpm><Value>147</Value></HeartRateBpm><Cadence>87</Cadence><Extensions><ns3:TPX><ns3:Speed>2.4600000381469727</ns3:Speed><ns3:Pace>0.4</ns3:Pace></ns3:TPX></Extensions></Trackpoint><Trackpoint><Time>2025-08-12T21:29:37Z</Time><Position><LatitudeDegrees>-8.04756517</LatitudeDegrees><LongitudeDegrees>-34.95053113</LongitudeDegrees></Position><HeartRateBpm><Value>147</Value></HeartRateBpm><Cadence>87</Cadence><Extensions><ns3:TPX><ns3:Speed>2.4600000381469727</ns3:Speed><ns3:Pace>0.4</ns3:Pace></ns3:TPX></Extensions></Trackpoint><Trackpoint><Time>2025-08-12T21:29:38Z</Time><Position><LatitudeDegrees>-8.04759016</LatitudeDegrees><LongitudeDegrees>-34.95053846</LongitudeDegrees></Position><HeartRateBpm><Value>147</Value></HeartRateBpm><Cadence>87</Cadence><Extensions><ns3:TPX><ns3:Speed>2.4600000381469727</ns3:Speed><ns3:Pace>0.4</ns3:Pace></ns3:TPX></Extensions></Trackpoint><Trackpoint><Time>2025-08-12T21:29:39Z</Time><Position><LatitudeDegrees>-8.04761382</LatitudeDegrees><LongitudeDegrees>-34.95054545</LongitudeDegrees></Position><HeartRateBpm><Value>148</Value></HeartRateBpm><Cadence>87</Cadence><Extensions><ns3:TPX><ns3:Speed>2.4600000381469727</ns3:Speed><ns3:Pace>0.4</ns3:Pace></ns3:TPX></Extensions></Trackpoint><Trackpoint><Time>2025-08-12T21:29:40Z</Time><Position><LatitudeDegrees>-8.04763716</LatitudeDegrees><LongitudeDegrees>-34.95055112</LongitudeDegrees></Position><HeartRateBpm><Value>148</Value></HeartRateBpm><Cadence>87</Cadence><Extensions><ns3:TPX><ns3:Speed>2.4700000286102295</ns3:Speed><ns3:Pace>0.4</ns3:Pace></ns3:TPX></Extensions></Trackpoint><Trackpoint><Time>2025-08-12T21:29:41Z</Time><Position><LatitudeDegrees>-8.04766048</LatitudeDegrees><LongitudeDegrees>-34.95055645</LongitudeDegrees></Position><HeartRateBpm><Value>149</Value></HeartRateBpm><Cadence>87</Cadence><Extensions><ns3:TPX><ns3:Speed>2.4800000190734863</ns3:Speed><ns3:Pace>0.4</ns3:Pace></ns3:TPX></Extensions></Trackpoint><Trackpoint><Time>2025-08-12T21:29:42Z</Time><Position><LatitudeDegrees>-8.04768348</LatitudeDegrees><LongitudeDegrees>-34.95056079</LongitudeDegrees></Position><HeartRateBpm><Value>149</Value></HeartRateBpm><Cadence>87</Cadence><Extensions><ns3:TPX><ns3:Speed>2.4800000190734863</ns3:Speed><ns3:Pace>0.4</ns3:Pace></ns3:TPX></Extensions></Trackpoint><Trackpoint><Time>2025-08-12T21:29:43Z</Time><Position><LatitudeDegrees>-8.0477068</LatitudeDegrees><LongitudeDegrees>-34.95056545</LongitudeDegrees></Position><HeartRateBpm><Value>149</Value></HeartRateBpm><Cadence>87</Cadence><Extensions><ns3:TPX><ns3:Speed>2.490000009536743</ns3:Speed><ns3:Pace>0.4</ns3:Pace></ns3:TPX></Extensions></Trackpoint><Trackpoint><Time>2025-08-12T21:29:44Z</Time><Position><LatitudeDegrees>-8.0477298</LatitudeDegrees><LongitudeDegrees>-34.95056911</LongitudeDegrees></Position><HeartRateBpm><Value>149</Value></HeartRateBpm><Cadence>87</Cadence><Extensions><ns3:TPX><ns3:Speed>2.490000009536743</ns3:Speed><ns3:Pace>0.4</ns3:Pace></ns3:TPX></Extensions></Trackpoint><Trackpoint><Time>2025-08-12T21:29:45Z</Time><Position><LatitudeDegrees>-8.04775246</LatitudeDegrees><LongitudeDegrees>-34.95057277</LongitudeDegrees></Position><HeartRateBpm><Value>150</Value></HeartRateBpm><Cadence>87</Cadence><Extensions><ns3:TPX><ns3:Speed>2.5</ns3:Speed><ns3:Pace>0.39</ns3:Pace></ns3:TPX></Extensions></Trackpoint><Trackpoint><Time>2025-08-12T21:29:46Z</Time><Position><LatitudeDegrees>-8.04777445</LatitudeDegrees><LongitudeDegrees>-34.95057542</LongitudeDegrees></Position><HeartRateBpm><Value>150</Value></HeartRateBpm><Cadence>87</Cadence><Extensions><ns3:TPX><ns3:Speed>2.5</ns3:Speed><ns3:Pace>0.39</ns3:Pace></ns3:TPX></Extensions></Trackpoint><Trackpoint><Time>2025-08-12T21:29:47Z</Time><Position><LatitudeDegrees>-8.04779578</LatitudeDegrees><LongitudeDegrees>-34.95057908</LongitudeDegrees></Position><HeartRateBpm><Value>150</Value></HeartRateBpm><Cadence>88</Cadence><Extensions><ns3:TPX><ns3:Speed>2.509999990463257</ns3:Speed><ns3:Pace>0.39</ns3:Pace></ns3:TPX></Extensions></Trackpoint><Trackpoint><Time>2025-08-12T21:29:48Z</Time><Position><LatitudeDegrees>-8.04781744</LatitudeDegrees><LongitudeDegrees>-34.95058308</LongitudeDegrees></Position><HeartRateBpm><Value>152</Value></HeartRateBpm><Cadence>88</Cadence><Extensions><ns3:TPX><ns3:Speed>2.509999990463257</ns3:Speed><ns3:Pace>0.39</ns3:Pace></ns3:TPX></Extensions></Trackpoint><Trackpoint><Time>2025-08-12T21:29:49Z</Time><Position><LatitudeDegrees>-8.04783844</LatitudeDegrees><LongitudeDegrees>-34.95058541</LongitudeDegrees></Position><HeartRateBpm><Value>152</Value></HeartRateBpm><Cadence>88</Cadence><Extensions><ns3:TPX><ns3:Speed>2.509999990463257</ns3:Speed><ns3:Pace>0.39</ns3:Pace></ns3:TPX></Extensions></Trackpoint><Trackpoint><Time>2025-08-12T21:29:50Z</Time><Position><LatitudeDegrees>-8.04786011</LatitudeDegrees><LongitudeDegrees>-34.9505874</LongitudeDegrees></Position><HeartRateBpm><Value>152</Value></HeartRateBpm><Cadence>88</Cadence><Extensions><ns3:TPX><ns3:Speed>2.509999990463257</ns3:Speed><ns3:Pace>0.39</ns3:Pace></ns3:TPX></Extensions></Trackpoint><Trackpoint><Time>2025-08-12T21:29:51Z</Time><Position><LatitudeDegrees>-8.04788444</LatitudeDegrees><LongitudeDegrees>-34.9505884</LongitudeDegrees></Position><HeartRateBpm><Value>152</Value></HeartRateBpm><Cadence>88</Cadence><Extensions><ns3:TPX><ns3:Speed>2.509999990463257</ns3:Speed><ns3:Pace>0.39</ns3:Pace></ns3:TPX></Extensions></Trackpoint><Trackpoint><Time>2025-08-12T21:29:52Z</Time><Position><LatitudeDegrees>-8.04790843</LatitudeDegrees><LongitudeDegrees>-34.95058707</LongitudeDegrees></Position><HeartRateBpm><Value>152</Value></HeartRateBpm><Cadence>87</Cadence><Extensions><ns3:TPX><ns3:Speed>2.509999990463257</ns3:Speed><ns3:Pace>0.39</ns3:Pace></ns3:TPX></Extensions></Trackpoint><Trackpoint><Time>2025-08-12T21:29:53Z</Time><Position><LatitudeDegrees>-8.04793242</LatitudeDegrees><LongitudeDegrees>-34.95058575</LongitudeDegrees></Position><HeartRateBpm><Value>152</Value></HeartRateBpm><Cadence>87</Cadence><Extensions><ns3:TPX><ns3:Speed>2.509999990463257</ns3:Speed><ns3:Pace>0.39</ns3:Pace></ns3:TPX></Extensions></Trackpoint><Trackpoint><Time>2025-08-12T21:29:54Z</Time><Position><LatitudeDegrees>-8.04795675</LatitudeDegrees><LongitudeDegrees>-34.95058441</LongitudeDegrees></Position><HeartRateBpm><Value>152</Value></HeartRateBpm><Cadence>88</Cadence><Extensions><ns3:TPX><ns3:Speed>2.509999990463257</ns3:Speed><ns3:Pace>0.39</ns3:Pace></ns3:TPX></Extensions></Trackpoint><Trackpoint><Time>2025-08-12T21:29:56Z</Time><Position><LatitudeDegrees>-8.04805308</LatitudeDegrees><LongitudeDegrees>-34.95057842</LongitudeDegrees></Position><HeartRateBpm><Value>152</Value></HeartRateBpm><Cadence>88</Cadence><Extensions><ns3:TPX><ns3:Speed>2.5199999809265137</ns3:Speed><ns3:Pace>0.39</ns3:Pace></ns3:TPX></Extensions></Trackpoint><Trackpoint><Time>2025-08-12T21:29:57Z</Time><Position><LatitudeDegrees>-8.04805874</LatitudeDegrees><LongitudeDegrees>-34.95057842</LongitudeDegrees></Position><HeartRateBpm><Value>153</Value></HeartRateBpm><Cadence>88</Cadence><Extensions><ns3:TPX><ns3:Speed>2.5199999809265137</ns3:Speed><ns3:Pace>0.39</ns3:Pace></ns3:TPX></Extensions></Trackpoint><Trackpoint><Time>2025-08-12T21:29:58Z</Time><Position><LatitudeDegrees>-8.0480704</LatitudeDegrees><LongitudeDegrees>-34.95057875</LongitudeDegrees></Position><HeartRateBpm><Value>153</Value></HeartRateBpm><Cadence>88</Cadence><Extensions><ns3:TPX><ns3:Speed>2.5299999713897705</ns3:Speed><ns3:Pace>0.39</ns3:Pace></ns3:TPX></Extensions></Trackpoint><Trackpoint><Time>2025-08-12T21:29:59Z</Time><Position><LatitudeDegrees>-8.04808707</LatitudeDegrees><LongitudeDegrees>-34.95057842</LongitudeDegrees></Position><HeartRateBpm><Value>153</Value></HeartRateBpm><Cadence>89</Cadence><Extensions><ns3:TPX><ns3:Speed>2.5299999713897705</ns3:Speed><ns3:Pace>0.39</ns3:Pace></ns3:TPX></Extensions></Trackpoint><Trackpoint><Time>2025-08-12T21:30:00Z</Time><Position><LatitudeDegrees>-8.04810706</LatitudeDegrees><LongitudeDegrees>-34.9505781</LongitudeDegrees></Position><HeartRateBpm><Value>153</Value></HeartRateBpm><Cadence>88</Cadence><Extensions><ns3:TPX><ns3:Speed>2.5299999713897705</ns3:Speed><ns3:Pace>0.39</ns3:Pace></ns3:TPX></Extensions></Trackpoint><Trackpoint><Time>2025-08-12T21:30:01Z</Time><Position><LatitudeDegrees>-8.04812806</LatitudeDegrees><LongitudeDegrees>-34.95057711</LongitudeDegrees></Position><HeartRateBpm><Value>154</Value></HeartRateBpm><Cadence>87</Cadence><Extensions><ns3:TPX><ns3:Speed>2.5299999713897705</ns3:Speed><ns3:Pace>0.39</ns3:Pace></ns3:TPX></Extensions></Trackpoint><Trackpoint><Time>2025-08-12T21:30:02Z</Time><Position><LatitudeDegrees>-8.04814971</LatitudeDegrees><LongitudeDegrees>-34.95057511</LongitudeDegrees></Position><HeartRateBpm><Value>154</Value></HeartRateBpm><Cadence>87</Cadence><Extensions><ns3:TPX><ns3:Speed>2.5299999713897705</ns3:Speed><ns3:Pace>0.39</ns3:Pace></ns3:TPX></Extensions></Trackpoint><Trackpoint><Time>2025-08-12T21:30:03Z</Time><Position><LatitudeDegrees>-8.04817071</LatitudeDegrees><LongitudeDegrees>-34.95057244</LongitudeDegrees></Position><HeartRateBpm><Value>154</Value></HeartRateBpm><Cadence>86</Cadence><Extensions><ns3:TPX><ns3:Speed>2.5199999809265137</ns3:Speed><ns3:Pace>0.39</ns3:Pace></ns3:TPX></Extensions></Trackpoint><Trackpoint><Time>2025-08-12T21:30:04Z</Time><Position><LatitudeDegrees>-8.0481927</LatitudeDegrees><LongitudeDegrees>-34.95057011</LongitudeDegrees></Position><HeartRateBpm><Value>154</Value></HeartRateBpm><Cadence>87</Cadence><Extensions><ns3:TPX><ns3:Speed>2.5199999809265137</ns3:Speed><ns3:Pace>0.39</ns3:Pace></ns3:TPX></Extensions></Trackpoint><Trackpoint><Time>2025-08-12T21:30:05Z</Time><Position><LatitudeDegrees>-8.04821403</LatitudeDegrees><LongitudeDegrees>-34.95056945</LongitudeDegrees></Position><HeartRateBpm><Value>154</Value></HeartRateBpm><Cadence>88</Cadence><Extensions><ns3:TPX><ns3:Speed>2.509999990463257</ns3:Speed><ns3:Pace>0.39</ns3:Pace></ns3:TPX></Extensions></Trackpoint><Trackpoint><Time>2025-08-12T21:30:06Z</Time><Position><LatitudeDegrees>-8.04823568</LatitudeDegrees><LongitudeDegrees>-34.95057011</LongitudeDegrees></Position><HeartRateBpm><Value>154</Value></HeartRateBpm><Cadence>88</Cadence><Extensions><ns3:TPX><ns3:Speed>2.509999990463257</ns3:Speed><ns3:Pace>0.39</ns3:Pace></ns3:TPX></Extensions></Trackpoint><Trackpoint><Time>2025-08-12T21:30:07Z</Time><Position><LatitudeDegrees>-8.04825701</LatitudeDegrees><LongitudeDegrees>-34.95057077</LongitudeDegrees></Position><HeartRateBpm><Value>155</Value></HeartRateBpm><Cadence>88</Cadence><Extensions><ns3:TPX><ns3:Speed>2.509999990463257</ns3:Speed><ns3:Pace>0.39</ns3:Pace></ns3:TPX></Extensions></Trackpoint><Trackpoint><Time>2025-08-12T21:30:08Z</Time><Position><LatitudeDegrees>-8.04828134</LatitudeDegrees><LongitudeDegrees>-34.9505721</LongitudeDegrees></Position><HeartRateBpm><Value>155</Value></HeartRateBpm><Cadence>88</Cadence><Extensions><ns3:TPX><ns3:Speed>2.509999990463257</ns3:Speed><ns3:Pace>0.39</ns3:Pace></ns3:TPX></Extensions></Trackpoint><Trackpoint><Time>2025-08-12T21:30:09Z</Time><Position><LatitudeDegrees>-8.048307</LatitudeDegrees><LongitudeDegrees>-34.9505741</LongitudeDegrees></Position><HeartRateBpm><Value>154</Value></HeartRateBpm><Cadence>88</Cadence><Extensions><ns3:TPX><ns3:Speed>2.509999990463257</ns3:Speed><ns3:Pace>0.39</ns3:Pace></ns3:TPX></Extensions></Trackpoint><Trackpoint><Time>2025-08-12T21:30:10Z</Time><Position><LatitudeDegrees>-8.04833232</LatitudeDegrees><LongitudeDegrees>-34.95057609</LongitudeDegrees></Position><HeartRateBpm><Value>153</Value></HeartRateBpm><Cadence>88</Cadence><Extensions><ns3:TPX><ns3:Speed>2.509999990463257</ns3:Speed><ns3:Pace>0.39</ns3:Pace></ns3:TPX></Extensions></Trackpoint><Trackpoint><Time>2025-08-12T21:30:11Z</Time><Position><LatitudeDegrees>-8.04835699</LatitudeDegrees><LongitudeDegrees>-34.95057742</LongitudeDegrees></Position><HeartRateBpm><Value>153</Value></HeartRateBpm><Cadence>88</Cadence><Extensions><ns3:TPX><ns3:Speed>2.509999990463257</ns3:Speed><ns3:Pace>0.39</ns3:Pace></ns3:TPX></Extensions></Trackpoint><Trackpoint><Time>2025-08-12T21:30:12Z</Time><Position><LatitudeDegrees>-8.04838532</LatitudeDegrees><LongitudeDegrees>-34.95058208</LongitudeDegrees></Position><HeartRateBpm><Value>153</Value></HeartRateBpm><Cadence>88</Cadence><Extensions><ns3:TPX><ns3:Speed>2.509999990463257</ns3:Speed><ns3:Pace>0.39</ns3:Pace></ns3:TPX></Extensions></Trackpoint><Trackpoint><Time>2025-08-12T21:30:13Z</Time><Position><LatitudeDegrees>-8.04841298</LatitudeDegrees><LongitudeDegrees>-34.95058441</LongitudeDegrees></Position><HeartRateBpm><Value>153</Value></HeartRateBpm><Cadence>87</Cadence><Extensions><ns3:TPX><ns3:Speed>2.509999990463257</ns3:Speed><ns3:Pace>0.39</ns3:Pace></ns3:TPX></Extensions></Trackpoint><Trackpoint><Time>2025-08-12T21:30:14Z</Time><Position><LatitudeDegrees>-8.0484403</LatitudeDegrees><LongitudeDegrees>-34.95058675</LongitudeDegrees></Position><HeartRateBpm><Value>153</Value></HeartRateBpm><Cadence>87</Cadence><Extensions><ns3:TPX><ns3:Speed>2.509999990463257</ns3:Speed><ns3:Pace>0.39</ns3:Pace></ns3:TPX></Extensions></Trackpoint><Trackpoint><Time>2025-08-12T21:30:15Z</Time><Position><LatitudeDegrees>-8.04846663</LatitudeDegrees><LongitudeDegrees>-34.95058841</LongitudeDegrees></Position><HeartRateBpm><Value>153</Value></HeartRateBpm><Cadence>88</Cadence><Extensions><ns3:TPX><ns3:Speed>2.5199999809265137</ns3:Speed><ns3:Pace>0.39</ns3:Pace></ns3:TPX></Extensions></Trackpoint><Trackpoint><Time>2025-08-12T21:30:16Z</Time><Position><LatitudeDegrees>-8.04849162</LatitudeDegrees><LongitudeDegrees>-34.9505894</LongitudeDegrees></Position><HeartRateBpm><Value>152</Value></HeartRateBpm><Cadence>87</Cadence><Extensions><ns3:TPX><ns3:Speed>2.5199999809265137</ns3:Speed><ns3:Pace>0.39</ns3:Pace></ns3:TPX></Extensions></Trackpoint><Trackpoint><Time>2025-08-12T21:30:17Z</Time><Position><LatitudeDegrees>-8.04851295</LatitudeDegrees><LongitudeDegrees>-34.95059006</LongitudeDegrees></Position><HeartRateBpm><Value>152</Value></HeartRateBpm><Cadence>84</Cadence><Extensions><ns3:TPX><ns3:Speed>2.5299999713897705</ns3:Speed><ns3:Pace>0.39</ns3:Pace></ns3:TPX></Extensions></Trackpoint><Trackpoint><Time>2025-08-12T21:30:18Z</Time><Position><LatitudeDegrees>-8.04853095</LatitudeDegrees><LongitudeDegrees>-34.95059006</LongitudeDegrees></Position><HeartRateBpm><Value>154</Value></HeartRateBpm><Cadence>84</Cadence><Extensions><ns3:TPX><ns3:Speed>2.5299999713897705</ns3:Speed><ns3:Pace>0.39</ns3:Pace></ns3:TPX></Extensions></Trackpoint><Trackpoint><Time>2025-08-12T21:30:19Z</Time><Position><LatitudeDegrees>-8.0485446</LatitudeDegrees><LongitudeDegrees>-34.95059206</LongitudeDegrees></Position><HeartRateBpm><Value>154</Value></HeartRateBpm><Cadence>81</Cadence><Extensions><ns3:TPX><ns3:Speed>2.5299999713897705</ns3:Speed><ns3:Pace>0.39</ns3:Pace></ns3:TPX></Extensions></Trackpoint><Trackpoint><Time>2025-08-12T21:30:20Z</Time><Position><LatitudeDegrees>-8.04855659</LatitudeDegrees><LongitudeDegrees>-34.95059905</LongitudeDegrees></Position><HeartRateBpm><Value>154</Value></HeartRateBpm><Cadence>81</Cadence><Extensions><ns3:TPX><ns3:Speed>2.5299999713897705</ns3:Speed><ns3:Pace>0.39</ns3:Pace></ns3:TPX></Extensions></Trackpoint><Trackpoint><Time>2025-08-12T21:30:21Z</Time><Position><LatitudeDegrees>-8.04856993</LatitudeDegrees><LongitudeDegrees>-34.95061072</LongitudeDegrees></Position><HeartRateBpm><Value>155</Value></HeartRateBpm><Cadence>81</Cadence><Extensions><ns3:TPX><ns3:Speed>2.5299999713897705</ns3:Speed><ns3:Pace>0.39</ns3:Pace></ns3:TPX></Extensions></Trackpoint><Trackpoint><Time>2025-08-12T21:30:22Z</Time><Position><LatitudeDegrees>-8.04858125</LatitudeDegrees><LongitudeDegrees>-34.95062304</LongitudeDegrees></Position><HeartRateBpm><Value>155</Value></HeartRateBpm><Cadence>79</Cadence><Extensions><ns3:TPX><ns3:Speed>2.5299999713897705</ns3:Speed><ns3:Pace>0.39</ns3:Pace></ns3:TPX></Extensions></Trackpoint><Trackpoint><Time>2025-08-12T21:30:23Z</Time><Position><LatitudeDegrees>-8.04859225</LatitudeDegrees><LongitudeDegrees>-34.95063736</LongitudeDegrees></Position><HeartRateBpm><Value>155</Value></HeartRateBpm><Cadence>78</Cadence><Extensions><ns3:TPX><ns3:Speed>2.5199999809265137</ns3:Speed><ns3:Pace>0.39</ns3:Pace></ns3:TPX></Extensions></Trackpoint><Trackpoint><Time>2025-08-12T21:30:24Z</Time><Position><LatitudeDegrees>-8.04860224</LatitudeDegrees><LongitudeDegrees>-34.95065235</LongitudeDegrees></Position><HeartRateBpm><Value>155</Value></HeartRateBpm><Cadence>79</Cadence><Extensions><ns3:TPX><ns3:Speed>2.5</ns3:Speed><ns3:Pace>0.4</ns3:Pace></ns3:TPX></Extensions></Trackpoint><Trackpoint><Time>2025-08-12T21:30:25Z</Time><Position><LatitudeDegrees>-8.04861057</LatitudeDegrees><LongitudeDegrees>-34.95066735</LongitudeDegrees></Position><HeartRateBpm><Value>156</Value></HeartRateBpm><Cadence>79</Cadence><Extensions><ns3:TPX><ns3:Speed>2.4800000190734863</ns3:Speed><ns3:Pace>0.49</ns3:Pace></ns3:TPX></Extensions></Trackpoint><Trackpoint><Time>2025-08-12T21:30:26Z</Time><Position><LatitudeDegrees>-8.04861891</LatitudeDegrees><LongitudeDegrees>-34.95068402</LongitudeDegrees></Position><HeartRateBpm><Value>156</Value></HeartRateBpm><Cadence>79</Cadence><Extensions><ns3:TPX><ns3:Speed>2.0</ns3:Speed><ns3:Pace>0.49</ns3:Pace></ns3:TPX></Extensions></Trackpoint><Trackpoint><Time>2025-08-12T21:30:27Z</Time><Position><LatitudeDegrees>-8.04862557</LatitudeDegrees><LongitudeDegrees>-34.95070168</LongitudeDegrees></Position><HeartRateBpm><Value>156</Value></HeartRateBpm><Cadence>79</Cadence><Extensions><ns3:TPX><ns3:Speed>2.0</ns3:Speed><ns3:Pace>0.64</ns3:Pace></ns3:TPX></Extensions></Trackpoint><Trackpoint><Time>2025-08-12T21:30:28Z</Time><Position><LatitudeDegrees>-8.04862956</LatitudeDegrees><LongitudeDegrees>-34.95071967</LongitudeDegrees></Position><HeartRateBpm><Value>157</Value></HeartRateBpm><Cadence>79</Cadence><Extensions><ns3:TPX><ns3:Speed>1.5399999618530273</ns3:Speed><ns3:Pace>0.64</ns3:Pace></ns3:TPX></Extensions></Trackpoint><Trackpoint><Time>2025-08-12T21:30:29Z</Time><Position><LatitudeDegrees>-8.0486329</LatitudeDegrees><LongitudeDegrees>-34.95073932</LongitudeDegrees></Position><HeartRateBpm><Value>158</Value></HeartRateBpm><Cadence>79</Cadence><Extensions><ns3:TPX><ns3:Speed>1.5399999618530273</ns3:Speed><ns3:Pace>0.64</ns3:Pace></ns3:TPX></Extensions></Trackpoint><Trackpoint><Time>2025-08-12T21:30:30Z</Time><Position><LatitudeDegrees>-8.04863722</LatitudeDegrees><LongitudeDegrees>-34.95076198</LongitudeDegrees></Position><HeartRateBpm><Value>161</Value></HeartRateBpm><Cadence>79</Cadence><Extensions><ns3:TPX><ns3:Speed>1.559999942779541</ns3:Speed><ns3:Pace>0.61</ns3:Pace></ns3:TPX></Extensions></Trackpoint><Trackpoint><Time>2025-08-12T21:30:31Z</Time><Position><LatitudeDegrees>-8.04864122</LatitudeDegrees><LongitudeDegrees>-34.95078631</LongitudeDegrees></Position><HeartRateBpm><Value>163</Value></HeartRateBpm><Cadence>79</Cadence><Extensions><ns3:TPX><ns3:Speed>1.6100000143051147</ns3:Speed><ns3:Pace>0.57</ns3:Pace></ns3:TPX></Extensions></Trackpoint><Trackpoint><Time>2025-08-12T21:30:32Z</Time><Position><LatitudeDegrees>-8.04864321</LatitudeDegrees><LongitudeDegrees>-34.95081098</LongitudeDegrees></Position><HeartRateBpm><Value>163</Value></HeartRateBpm><Cadence>79</Cadence><Extensions><ns3:TPX><ns3:Speed>1.7200000286102295</ns3:Speed><ns3:Pace>0.57</ns3:Pace></ns3:TPX></Extensions></Trackpoint><Trackpoint><Time>2025-08-12T21:30:33Z</Time><Position><LatitudeDegrees>-8.04864488</LatitudeDegrees><LongitudeDegrees>-34.9508373</LongitudeDegrees></Position><HeartRateBpm><Value>163</Value></HeartRateBpm><Cadence>79</Cadence><Extensions><ns3:TPX><ns3:Speed>1.7200000286102295</ns3:Speed><ns3:Pace>0.53</ns3:Pace></ns3:TPX></Extensions></Trackpoint><Trackpoint><Time>2025-08-12T21:30:34Z</Time><Position><LatitudeDegrees>-8.0486472</LatitudeDegrees><LongitudeDegrees>-34.95086397</LongitudeDegrees></Position><HeartRateBpm><Value>164</Value></HeartRateBpm><Cadence>79</Cadence><Extensions><ns3:TPX><ns3:Speed>1.8799999952316284</ns3:Speed><ns3:Pace>0.47</ns3:Pace></ns3:TPX></Extensions></Trackpoint><Trackpoint><Time>2025-08-12T21:30:35Z</Time><Position><LatitudeDegrees>-8.04865019</LatitudeDegrees><LongitudeDegrees>-34.95088863</LongitudeDegrees></Position><HeartRateBpm><Value>172</Value></HeartRateBpm><Cadence>79</Cadence><Extensions><ns3:TPX><ns3:Speed>2.119999885559082</ns3:Speed><ns3:Pace>0.41</ns3:Pace></ns3:TPX></Extensions></Trackpoint><Trackpoint><Time>2025-08-12T21:30:36Z</Time><Position><LatitudeDegrees>-8.04865086</LatitudeDegrees><LongitudeDegrees>-34.95091263</LongitudeDegrees></Position><HeartRateBpm><Value>181</Value></HeartRateBpm><Cadence>79</Cadence><Extensions><ns3:TPX><ns3:Speed>2.380000114440918</ns3:Speed><ns3:Pace>0.39</ns3:Pace></ns3:TPX></Extensions></Trackpoint><Trackpoint><Time>2025-08-12T21:30:37Z</Time><Position><LatitudeDegrees>-8.04864953</LatitudeDegrees><LongitudeDegrees>-34.95095495</LongitudeDegrees></Position><HeartRateBpm><Value>183</Value></HeartRateBpm><Cadence>87</Cadence><Extensions><ns3:TPX><ns3:Speed>2.5299999713897705</ns3:Speed><ns3:Pace>0.39</ns3:Pace></ns3:TPX></Extensions></Trackpoint><Trackpoint><Time>2025-08-12T21:30:38Z</Time><Position><LatitudeDegrees>-8.04864454</LatitudeDegrees><LongitudeDegrees>-34.95097462</LongitudeDegrees></Position><HeartRateBpm><Value>183</Value></HeartRateBpm><Cadence>87</Cadence><Extensions><ns3:TPX><ns3:Speed>2.5299999713897705</ns3:Speed><ns3:Pace>0.39</ns3:Pace></ns3:TPX></Extensions></Trackpoint><Trackpoint><Time>2025-08-12T21:30:39Z</Time><Position><LatitudeDegrees>-8.04863954</LatitudeDegrees><LongitudeDegrees>-34.95099561</LongitudeDegrees></Position><HeartRateBpm><Value>184</Value></HeartRateBpm><Cadence>87</Cadence><Extensions><ns3:TPX><ns3:Speed>2.5299999713897705</ns3:Speed><ns3:Pace>0.4</ns3:Pace></ns3:TPX></Extensions></Trackpoint><Trackpoint><Time>2025-08-12T21:30:40Z</Time><Position><LatitudeDegrees>-8.04863289</LatitudeDegrees><LongitudeDegrees>-34.95101594</LongitudeDegrees></Position><HeartRateBpm><Value>185</Value></HeartRateBpm><Cadence>87</Cadence><Extensions><ns3:TPX><ns3:Speed>2.5</ns3:Speed><ns3:Pace>0.4</ns3:Pace></ns3:TPX></Extensions></Trackpoint><Trackpoint><Time>2025-08-12T21:30:41Z</Time><Position><LatitudeDegrees>-8.04862689</LatitudeDegrees><LongitudeDegrees>-34.95103793</LongitudeDegrees></Position><HeartRateBpm><Value>185</Value></HeartRateBpm><Cadence>87</Cadence><Extensions><ns3:TPX><ns3:Speed>2.450000047683716</ns3:Speed><ns3:Pace>0.41</ns3:Pace></ns3:TPX></Extensions></Trackpoint><Trackpoint><Time>2025-08-12T21:30:42Z</Time><Position><LatitudeDegrees>-8.04862156</LatitudeDegrees><LongitudeDegrees>-34.95106059</LongitudeDegrees></Position><HeartRateBpm><Value>184</Value></HeartRateBpm><Cadence>87</Cadence><Extensions><ns3:TPX><ns3:Speed>2.4100000858306885</ns3:Speed><ns3:Pace>0.41</ns3:Pace></ns3:TPX></Extensions></Trackpoint><Trackpoint><Time>2025-08-12T21:30:43Z</Time><Position><LatitudeDegrees>-8.0486159</LatitudeDegrees><LongitudeDegrees>-34.95108259</LongitudeDegrees></Position><HeartRateBpm><Value>183</Value></HeartRateBpm><Cadence>88</Cadence><Extensions><ns3:TPX><ns3:Speed>2.4000000953674316</ns3:Speed><ns3:Pace>0.41</ns3:Pace></ns3:TPX></Extensions></Trackpoint><Trackpoint><Time>2025-08-12T21:30:44Z</Time><Position><LatitudeDegrees>-8.04861291</LatitudeDegrees><LongitudeDegrees>-34.95110524</LongitudeDegrees></Position><HeartRateBpm><Value>183</Value></HeartRateBpm><Cadence>88</Cadence><Extensions><ns3:TPX><ns3:Speed>2.4000000953674316</ns3:Speed><ns3:Pace>0.41</ns3:Pace></ns3:TPX></Extensions></Trackpoint><Trackpoint><Time>2025-08-12T21:30:45Z</Time><Position><LatitudeDegrees>-8.04861125</LatitudeDegrees><LongitudeDegrees>-34.95112858</LongitudeDegrees></Position><HeartRateBpm><Value>183</Value></HeartRateBpm><Cadence>88</Cadence><Extensions><ns3:TPX><ns3:Speed>2.4000000953674316</ns3:Speed><ns3:Pace>0.41</ns3:Pace></ns3:TPX></Extensions></Trackpoint><Trackpoint><Time>2025-08-12T21:30:46Z</Time><Position><LatitudeDegrees>-8.04860993</LatitudeDegrees><LongitudeDegrees>-34.95115123</LongitudeDegrees></Position><HeartRateBpm><Value>183</Value></HeartRateBpm><Cadence>88</Cadence><Extensions><ns3:TPX><ns3:Speed>2.4000000953674316</ns3:Speed><ns3:Pace>0.41</ns3:Pace></ns3:TPX></Extensions></Trackpoint><Trackpoint><Time>2025-08-12T21:30:47Z</Time><Position><LatitudeDegrees>-8.04861026</LatitudeDegrees><LongitudeDegrees>-34.95117589</LongitudeDegrees></Position><HeartRateBpm><Value>183</Value></HeartRateBpm><Cadence>89</Cadence><Extensions><ns3:TPX><ns3:Speed>2.4100000858306885</ns3:Speed><ns3:Pace>0.41</ns3:Pace></ns3:TPX></Extensions></Trackpoint><Trackpoint><Time>2025-08-12T21:30:48Z</Time><Position><LatitudeDegrees>-8.04860693</LatitudeDegrees><LongitudeDegrees>-34.95119956</LongitudeDegrees></Position><HeartRateBpm><Value>182</Value></HeartRateBpm><Cadence>87</Cadence><Extensions><ns3:TPX><ns3:Speed>2.4100000858306885</ns3:Speed><ns3:Pace>0.41</ns3:Pace></ns3:TPX></Extensions></Trackpoint><Trackpoint><Time>2025-08-12T21:30:49Z</Time><Position><LatitudeDegrees>-8.04860259</LatitudeDegrees><LongitudeDegrees>-34.95122189</LongitudeDegrees></Position><HeartRateBpm><Value>181</Value></HeartRateBpm><Cadence>87</Cadence><Extensions><ns3:TPX><ns3:Speed>2.430000066757202</ns3:Speed><ns3:Pace>0.41</ns3:Pace></ns3:TPX></Extensions></Trackpoint><Trackpoint><Time>2025-08-12T21:30:50Z</Time><Position><LatitudeDegrees>-8.04860326</LatitudeDegrees><LongitudeDegrees>-34.95124422</LongitudeDegrees></Position><HeartRateBpm><Value>181</Value></HeartRateBpm><Cadence>87</Cadence><Extensions><ns3:TPX><ns3:Speed>2.430000066757202</ns3:Speed><ns3:Pace>0.41</ns3:Pace></ns3:TPX></Extensions></Trackpoint><Trackpoint><Time>2025-08-12T21:30:51Z</Time><Position><LatitudeDegrees>-8.04860592</LatitudeDegrees><LongitudeDegrees>-34.95126688</LongitudeDegrees></Position><HeartRateBpm><Value>181</Value></HeartRateBpm><Cadence>87</Cadence><Extensions><ns3:TPX><ns3:Speed>2.430000066757202</ns3:Speed><ns3:Pace>0.41</ns3:Pace></ns3:TPX></Extensions></Trackpoint><Trackpoint><Time>2025-08-12T21:30:52Z</Time><Position><LatitudeDegrees>-8.04860758</LatitudeDegrees><LongitudeDegrees>-34.95128921</LongitudeDegrees></Position><HeartRateBpm><Value>181</Value></HeartRateBpm><Cadence>87</Cadence><Extensions><ns3:TPX><ns3:Speed>2.430000066757202</ns3:Speed><ns3:Pace>0.4</ns3:Pace></ns3:TPX></Extensions></Trackpoint><Trackpoint><Time>2025-08-12T21:30:53Z</Time><Position><LatitudeDegrees>-8.04860924</LatitudeDegrees><LongitudeDegrees>-34.95131054</LongitudeDegrees></Position><HeartRateBpm><Value>181</Value></HeartRateBpm><Cadence>87</Cadence><Extensions><ns3:TPX><ns3:Speed>2.440000057220459</ns3:Speed><ns3:Pace>0.41</ns3:Pace></ns3:TPX></Extensions></Trackpoint><Trackpoint><Time>2025-08-12T21:30:54Z</Time><Position><LatitudeDegrees>-8.04861324</LatitudeDegrees><LongitudeDegrees>-34.95133053</LongitudeDegrees></Position><HeartRateBpm><Value>182</Value></HeartRateBpm><Cadence>87</Cadence><Extensions><ns3:TPX><ns3:Speed>2.430000066757202</ns3:Speed><ns3:Pace>0.41</ns3:Pace></ns3:TPX></Extensions></Trackpoint><Trackpoint><Time>2025-08-12T21:30:55Z</Time><Position><LatitudeDegrees>-8.04861423</LatitudeDegrees><LongitudeDegrees>-34.95135153</LongitudeDegrees></Position><HeartRateBpm><Value>182</Value></HeartRateBpm><Cadence>87</Cadence><Extensions><ns3:TPX><ns3:Speed>2.430000066757202</ns3:Speed><ns3:Pace>0.41</ns3:Pace></ns3:TPX></Extensions></Trackpoint><Trackpoint><Time>2025-08-12T21:30:56Z</Time><Position><LatitudeDegrees>-8.04861423</LatitudeDegrees><LongitudeDegrees>-34.95137053</LongitudeDegrees></Position><HeartRateBpm><Value>182</Value></HeartRateBpm><Cadence>87</Cadence><Extensions><ns3:TPX><ns3:Speed>2.430000066757202</ns3:Speed><ns3:Pace>0.4</ns3:Pace></ns3:TPX></Extensions></Trackpoint><Trackpoint><Time>2025-08-12T21:30:57Z</Time><Position><LatitudeDegrees>-8.04861423</LatitudeDegrees><LongitudeDegrees>-34.95138818</LongitudeDegrees></Position><HeartRateBpm><Value>182</Value></HeartRateBpm><Cadence>87</Cadence><Extensions><ns3:TPX><ns3:Speed>2.450000047683716</ns3:Speed><ns3:Pace>0.41</ns3:Pace></ns3:TPX></Extensions></Trackpoint><Trackpoint><Time>2025-08-12T21:30:58Z</Time><Position><LatitudeDegrees>-8.04861423</LatitudeDegrees><LongitudeDegrees>-34.95140418</LongitudeDegrees></Position><HeartRateBpm><Value>182</Value></HeartRateBpm><Cadence>87</Cadence><Extensions><ns3:TPX><ns3:Speed>2.4100000858306885</ns3:Speed><ns3:Pace>0.42</ns3:Pace></ns3:TPX></Extensions></Trackpoint><Trackpoint><Time>2025-08-12T21:30:59Z</Time><Position><LatitudeDegrees>-8.04861423</LatitudeDegrees><LongitudeDegrees>-34.95141784</LongitudeDegrees></Position><HeartRateBpm><Value>183</Value></HeartRateBpm><Cadence>87</Cadence><Extensions><ns3:TPX><ns3:Speed>2.3499999046325684</ns3:Speed><ns3:Pace>0.44</ns3:Pace></ns3:TPX></Extensions></Trackpoint><Trackpoint><Time>2025-08-12T21:31:00Z</Time><Position><LatitudeDegrees>-8.0486149</LatitudeDegrees><LongitudeDegrees>-34.95143051</LongitudeDegrees></Position><HeartRateBpm><Value>184</Value></HeartRateBpm><Cadence>87</Cadence><Extensions><ns3:TPX><ns3:Speed>2.259999990463257</ns3:Speed><ns3:Pace>0.47</ns3:Pace></ns3:TPX></Extensions></Trackpoint><Trackpoint><Time>2025-08-12T21:31:01Z</Time><Position><LatitudeDegrees>-8.04861523</LatitudeDegrees><LongitudeDegrees>-34.95144183</LongitudeDegrees></Position><HeartRateBpm><Value>183</Value></HeartRateBpm><Cadence>87</Cadence><Extensions><ns3:TPX><ns3:Speed>2.119999885559082</ns3:Speed><ns3:Pace>0.47</ns3:Pace></ns3:TPX></Extensions></Trackpoint><Trackpoint><Time>2025-08-12T21:31:02Z</Time><Position><LatitudeDegrees>-8.0486149</LatitudeDegrees><LongitudeDegrees>-34.95145183</LongitudeDegrees></Position><HeartRateBpm><Value>183</Value></HeartRateBpm><Cadence>87</Cadence><Extensions><ns3:TPX><ns3:Speed>2.119999885559082</ns3:Speed><ns3:Pace>0.54</ns3:Pace></ns3:TPX></Extensions></Trackpoint><Trackpoint><Time>2025-08-12T21:31:03Z</Time><Position><LatitudeDegrees>-8.0486149</LatitudeDegrees><LongitudeDegrees>-34.95146149</LongitudeDegrees></Position><HeartRateBpm><Value>182</Value></HeartRateBpm><Cadence>87</Cadence><Extensions><ns3:TPX><ns3:Speed>1.840000033378601</ns3:Speed><ns3:Pace>0.65</ns3:Pace></ns3:TPX></Extensions></Trackpoint><Trackpoint><Time>2025-08-12T21:31:04Z</Time><Position><LatitudeDegrees>-8.04861457</LatitudeDegrees><LongitudeDegrees>-34.95147182</LongitudeDegrees></Position><HeartRateBpm><Value>181</Value></HeartRateBpm><Cadence>87</Cadence><Extensions><ns3:TPX><ns3:Speed>1.5099999904632568</ns3:Speed><ns3:Pace>0.76</ns3:Pace></ns3:TPX></Extensions></Trackpoint><Trackpoint><Time>2025-08-12T21:31:05Z</Time><Position><LatitudeDegrees>-8.04861457</LatitudeDegrees><LongitudeDegrees>-34.95148248</LongitudeDegrees></Position><HeartRateBpm><Value>180</Value></HeartRateBpm><Cadence>87</Cadence><Extensions><ns3:TPX><ns3:Speed>1.309999942779541</ns3:Speed><ns3:Pace>0.8</ns3:Pace></ns3:TPX></Extensions></Trackpoint><Trackpoint><Time>2025-08-12T21:31:06Z</Time><Position><LatitudeDegrees>-8.04861457</LatitudeDegrees><LongitudeDegrees>-34.95149481</LongitudeDegrees></Position><HeartRateBpm><Value>179</Value></HeartRateBpm><Cadence>87</Cadence><Extensions><ns3:TPX><ns3:Speed>1.2300000190734863</ns3:Speed><ns3:Pace>0.81</ns3:Pace></ns3:TPX></Extensions></Trackpoint><Trackpoint><Time>2025-08-12T21:31:07Z</Time><Position><LatitudeDegrees>-8.04861392</LatitudeDegrees><LongitudeDegrees>-34.95150713</LongitudeDegrees></Position><HeartRateBpm><Value>178</Value></HeartRateBpm><Cadence>87</Cadence><Extensions><ns3:TPX><ns3:Speed>1.2300000190734863</ns3:Speed><ns3:Pace>0.81</ns3:Pace></ns3:TPX></Extensions></Trackpoint><Trackpoint><Time>2025-08-12T21:31:08Z</Time><Position><LatitudeDegrees>-8.04861292</LatitudeDegrees><LongitudeDegrees>-34.95152013</LongitudeDegrees></Position><HeartRateBpm><Value>178</Value></HeartRateBpm><Cadence>87</Cadence><Extensions><ns3:TPX><ns3:Speed>1.2300000190734863</ns3:Speed><ns3:Pace>0.8</ns3:Pace></ns3:TPX></Extensions></Trackpoint><Trackpoint><Time>2025-08-12T21:31:09Z</Time><Position><LatitudeDegrees>-8.04861225</LatitudeDegrees><LongitudeDegrees>-34.95153347</LongitudeDegrees></Position><HeartRateBpm><Value>177</Value></HeartRateBpm><Cadence>87</Cadence><Extensions><ns3:TPX><ns3:Speed>1.2400000095367432</ns3:Speed><ns3:Pace>0.8</ns3:Pace></ns3:TPX></Extensions></Trackpoint><Trackpoint><Time>2025-08-12T21:31:10Z</Time><Position><LatitudeDegrees>-8.04861093</LatitudeDegrees><LongitudeDegrees>-34.95154579</LongitudeDegrees></Position><HeartRateBpm><Value>175</Value></HeartRateBpm><Cadence>63</Cadence><Extensions><ns3:TPX><ns3:Speed>1.2400000095367432</ns3:Speed><ns3:Pace>0.8</ns3:Pace></ns3:TPX></Extensions></Trackpoint><Trackpoint><Time>2025-08-12T21:31:11Z</Time><Position><LatitudeDegrees>-8.04860927</LatitudeDegrees><LongitudeDegrees>-34.95155879</LongitudeDegrees></Position><HeartRateBpm><Value>175</Value></HeartRateBpm><Cadence>65</Cadence><Extensions><ns3:TPX><ns3:Speed>1.2400000095367432</ns3:Speed><ns3:Pace>0.78</ns3:Pace></ns3:TPX></Extensions></Trackpoint><Trackpoint><Time>2025-08-12T21:31:12Z</Time><Position><LatitudeDegrees>-8.04860727</LatitudeDegrees><LongitudeDegrees>-34.95157111</LongitudeDegrees></Position><HeartRateBpm><Value>175</Value></HeartRateBpm><Cadence>65</Cadence><Extensions><ns3:TPX><ns3:Speed>1.2699999809265137</ns3:Speed><ns3:Pace>0.76</ns3:Pace></ns3:TPX></Extensions></Trackpoint><Trackpoint><Time>2025-08-12T21:31:13Z</Time><Position><LatitudeDegrees>-8.04860461</LatitudeDegrees><LongitudeDegrees>-34.9515831</LongitudeDegrees></Position><HeartRateBpm><Value>174</Value></HeartRateBpm><Cadence>65</Cadence><Extensions><ns3:TPX><ns3:Speed>1.2999999523162842</ns3:Speed><ns3:Pace>0.76</ns3:Pace></ns3:TPX></Extensions></Trackpoint><Trackpoint><Time>2025-08-12T21:31:14Z</Time><Position><LatitudeDegrees>-8.04860196</LatitudeDegrees><LongitudeDegrees>-34.95159444</LongitudeDegrees></Position><HeartRateBpm><Value>174</Value></HeartRateBpm><Cadence>65</Cadence><Extensions><ns3:TPX><ns3:Speed>1.2999999523162842</ns3:Speed><ns3:Pace>0.76</ns3:Pace></ns3:TPX></Extensions></Trackpoint><Trackpoint><Time>2025-08-12T21:31:15Z</Time><Position><LatitudeDegrees>-8.04859896</LatitudeDegrees><LongitudeDegrees>-34.95160643</LongitudeDegrees></Position><HeartRateBpm><Value>173</Value></HeartRateBpm><Cadence>65</Cadence><Extensions><ns3:TPX><ns3:Speed>1.309999942779541</ns3:Speed><ns3:Pace>0.76</ns3:Pace></ns3:TPX></Extensions></Trackpoint><Trackpoint><Time>2025-08-12T21:31:16Z</Time><Position><LatitudeDegrees>-8.04859462</LatitudeDegrees><LongitudeDegrees>-34.95161843</LongitudeDegrees></Position><HeartRateBpm><Value>173</Value></HeartRateBpm><Cadence>65</Cadence><Extensions><ns3:TPX><ns3:Speed>1.309999942779541</ns3:Speed><ns3:Pace>0.75</ns3:Pace></ns3:TPX></Extensions></Trackpoint><Trackpoint><Time>2025-08-12T21:31:17Z</Time><Position><LatitudeDegrees>-8.04859097</LatitudeDegrees><LongitudeDegrees>-34.95163075</LongitudeDegrees></Position><HeartRateBpm><Value>172</Value></HeartRateBpm><Cadence>65</Cadence><Extensions><ns3:TPX><ns3:Speed>1.3200000524520874</ns3:Speed><ns3:Pace>0.75</ns3:Pace></ns3:TPX></Extensions></Trackpoint><Trackpoint><Time>2025-08-12T21:31:18Z</Time><Position><LatitudeDegrees>-8.04858763</LatitudeDegrees><LongitudeDegrees>-34.95164408</LongitudeDegrees></Position><HeartRateBpm><Value>165</Value></HeartRateBpm><Cadence>65</Cadence><Extensions><ns3:TPX><ns3:Speed>1.3300000429153442</ns3:Speed><ns3:Pace>0.74</ns3:Pace></ns3:TPX></Extensions></Trackpoint><Trackpoint><Time>2025-08-12T21:31:19Z</Time><Position><LatitudeDegrees>-8.04858564</LatitudeDegrees><LongitudeDegrees>-34.95165742</LongitudeDegrees></Position><HeartRateBpm><Value>165</Value></HeartRateBpm><Cadence>64</Cadence><Extensions><ns3:TPX><ns3:Speed>1.3300000429153442</ns3:Speed><ns3:Pace>0.74</ns3:Pace></ns3:TPX></Extensions></Trackpoint><Trackpoint><Time>2025-08-12T21:31:20Z</Time><Position><LatitudeDegrees>-8.04858299</LatitudeDegrees><LongitudeDegrees>-34.95167108</LongitudeDegrees></Position><HeartRateBpm><Value>165</Value></HeartRateBpm><Cadence>64</Cadence><Extensions><ns3:TPX><ns3:Speed>1.3300000429153442</ns3:Speed><ns3:Pace>0.74</ns3:Pace></ns3:TPX></Extensions></Trackpoint><Trackpoint><Time>2025-08-12T21:31:21Z</Time><Position><LatitudeDegrees>-8.04858132</LatitudeDegrees><LongitudeDegrees>-34.95168441</LongitudeDegrees></Position><HeartRateBpm><Value>164</Value></HeartRateBpm><Cadence>63</Cadence><Extensions><ns3:TPX><ns3:Speed>1.340000033378601</ns3:Speed><ns3:Pace>0.73</ns3:Pace></ns3:TPX></Extensions></Trackpoint><Trackpoint><Time>2025-08-12T21:31:22Z</Time><Position><LatitudeDegrees>-8.04858066</LatitudeDegrees><LongitudeDegrees>-34.9516964</LongitudeDegrees></Position><HeartRateBpm><Value>163</Value></HeartRateBpm><Cadence>63</Cadence><Extensions><ns3:TPX><ns3:Speed>1.350000023841858</ns3:Speed><ns3:Pace>0.73</ns3:Pace></ns3:TPX></Extensions></Trackpoint><Trackpoint><Time>2025-08-12T21:31:23Z</Time><Position><LatitudeDegrees>-8.04858199</LatitudeDegrees><LongitudeDegrees>-34.9517084</LongitudeDegrees></Position><HeartRateBpm><Value>163</Value></HeartRateBpm><Cadence>63</Cadence><Extensions><ns3:TPX><ns3:Speed>1.3600000143051147</ns3:Speed><ns3:Pace>0.73</ns3:Pace></ns3:TPX></Extensions></Trackpoint><Trackpoint><Time>2025-08-12T21:31:24Z</Time><Position><LatitudeDegrees>-8.04858331</LatitudeDegrees><LongitudeDegrees>-34.95171872</LongitudeDegrees></Position><HeartRateBpm><Value>164</Value></HeartRateBpm><Cadence>63</Cadence><Extensions><ns3:TPX><ns3:Speed>1.3600000143051147</ns3:Speed><ns3:Pace>0.73</ns3:Pace></ns3:TPX></Extensions></Trackpoint><Trackpoint><Time>2025-08-12T21:31:25Z</Time><Position><LatitudeDegrees>-8.04858431</LatitudeDegrees><LongitudeDegrees>-34.95172939</LongitudeDegrees></Position><HeartRateBpm><Value>164</Value></HeartRateBpm><Cadence>63</Cadence><Extensions><ns3:TPX><ns3:Speed>1.3600000143051147</ns3:Speed><ns3:Pace>0.73</ns3:Pace></ns3:TPX></Extensions></Trackpoint><Trackpoint><Time>2025-08-12T21:31:26Z</Time><Position><LatitudeDegrees>-8.04858697</LatitudeDegrees><LongitudeDegrees>-34.95174071</LongitudeDegrees></Position><HeartRateBpm><Value>164</Value></HeartRateBpm><Cadence>63</Cadence><Extensions><ns3:TPX><ns3:Speed>1.3600000143051147</ns3:Speed><ns3:Pace>0.73</ns3:Pace></ns3:TPX></Extensions></Trackpoint><Trackpoint><Time>2025-08-12T21:31:27Z</Time><Position><LatitudeDegrees>-8.04858897</LatitudeDegrees><LongitudeDegrees>-34.95175338</LongitudeDegrees></Position><HeartRateBpm><Value>164</Value></HeartRateBpm><Cadence>63</Cadence><Extensions><ns3:TPX><ns3:Speed>1.3600000143051147</ns3:Speed><ns3:Pace>0.74</ns3:Pace></ns3:TPX></Extensions></Trackpoint><Trackpoint><Time>2025-08-12T21:31:28Z</Time><Position><LatitudeDegrees>-8.04859063</LatitudeDegrees><LongitudeDegrees>-34.95176704</LongitudeDegrees></Position><HeartRateBpm><Value>165</Value></HeartRateBpm><Cadence>63</Cadence><Extensions><ns3:TPX><ns3:Speed>1.350000023841858</ns3:Speed><ns3:Pace>0.74</ns3:Pace></ns3:TPX></Extensions></Trackpoint><Trackpoint><Time>2025-08-12T21:31:29Z</Time><Position><LatitudeDegrees>-8.04859196</LatitudeDegrees><LongitudeDegrees>-34.95178104</LongitudeDegrees></Position><HeartRateBpm><Value>162</Value></HeartRateBpm><Cadence>63</Cadence><Extensions><ns3:TPX><ns3:Speed>1.340000033378601</ns3:Speed><ns3:Pace>0.74</ns3:Pace></ns3:TPX></Extensions></Trackpoint><Trackpoint><Time>2025-08-12T21:31:30Z</Time><Position><LatitudeDegrees>-8.04859063</LatitudeDegrees><LongitudeDegrees>-34.9517947</LongitudeDegrees></Position><HeartRateBpm><Value>160</Value></HeartRateBpm><Cadence>31</Cadence><Extensions><ns3:TPX><ns3:Speed>1.340000033378601</ns3:Speed><ns3:Pace>0.73</ns3:Pace></ns3:TPX></Extensions></Trackpoint><Trackpoint><Time>2025-08-12T21:31:31Z</Time><Position><LatitudeDegrees>-8.04858463</LatitudeDegrees><LongitudeDegrees>-34.9518077</LongitudeDegrees></Position><HeartRateBpm><Value>158</Value></HeartRateBpm><Cadence>31</Cadence><Extensions><ns3:TPX><ns3:Speed>1.3600000143051147</ns3:Speed><ns3:Pace>0.73</ns3:Pace></ns3:TPX></Extensions></Trackpoint><Trackpoint><Time>2025-08-12T21:31:32Z</Time><Position><LatitudeDegrees>-8.0485793</LatitudeDegrees><LongitudeDegrees>-34.95182103</LongitudeDegrees></Position><HeartRateBpm><Value>158</Value></HeartRateBpm><Cadence>31</Cadence><Extensions><ns3:TPX><ns3:Speed>1.3600000143051147</ns3:Speed><ns3:Pace>0.72</ns3:Pace></ns3:TPX></Extensions></Trackpoint><Trackpoint><Time>2025-08-12T21:31:33Z</Time><Position><LatitudeDegrees>-8.04857431</LatitudeDegrees><LongitudeDegrees>-34.95183369</LongitudeDegrees></Position><HeartRateBpm><Value>155</Value></HeartRateBpm><Cadence>31</Cadence><Extensions><ns3:TPX><ns3:Speed>1.3700000047683716</ns3:Speed><ns3:Pace>0.72</ns3:Pace></ns3:TPX></Extensions></Trackpoint><Trackpoint><Time>2025-08-12T21:31:34Z</Time><Position><LatitudeDegrees>-8.04856965</LatitudeDegrees><LongitudeDegrees>-34.95184602</LongitudeDegrees></Position><HeartRateBpm><Value>153</Value></HeartRateBpm><Cadence>31</Cadence><Extensions><ns3:TPX><ns3:Speed>1.3799999952316284</ns3:Speed><ns3:Pace>0.72</ns3:Pace></ns3:TPX></Extensions></Trackpoint><Trackpoint><Time>2025-08-12T21:31:35Z</Time><Position><LatitudeDegrees>-8.04856632</LatitudeDegrees><LongitudeDegrees>-34.95185801</LongitudeDegrees></Position><HeartRateBpm><Value>151</Value></HeartRateBpm><Cadence>31</Cadence><Extensions><ns3:TPX><ns3:Speed>1.3799999952316284</ns3:Speed><ns3:Pace>0.72</ns3:Pace></ns3:TPX></Extensions></Trackpoint><Trackpoint><Time>2025-08-12T21:31:36Z</Time><Position><LatitudeDegrees>-8.04856299</LatitudeDegrees><LongitudeDegrees>-34.95186901</LongitudeDegrees></Position><HeartRateBpm><Value>149</Value></HeartRateBpm><Cadence>31</Cadence><Extensions><ns3:TPX><ns3:Speed>1.3799999952316284</ns3:Speed><ns3:Pace>0.72</ns3:Pace></ns3:TPX></Extensions></Trackpoint><Trackpoint><Time>2025-08-12T21:31:37Z</Time><Position><LatitudeDegrees>-8.04855732</LatitudeDegrees><LongitudeDegrees>-34.951879</LongitudeDegrees></Position><HeartRateBpm><Value>145</Value></HeartRateBpm><Cadence>31</Cadence><Extensions><ns3:TPX><ns3:Speed>1.3799999952316284</ns3:Speed><ns3:Pace>0.72</ns3:Pace></ns3:TPX></Extensions></Trackpoint><Trackpoint><Time>2025-08-12T21:31:38Z</Time><Position><LatitudeDegrees>-8.04855165</LatitudeDegrees><LongitudeDegrees>-34.95188834</LongitudeDegrees></Position><HeartRateBpm><Value>145</Value></HeartRateBpm><Cadence>31</Cadence><Extensions><ns3:TPX><ns3:Speed>1.3799999952316284</ns3:Speed><ns3:Pace>0.71</ns3:Pace></ns3:TPX></Extensions></Trackpoint><Trackpoint><Time>2025-08-12T21:31:39Z</Time><Position><LatitudeDegrees>-8.048548</LatitudeDegrees><LongitudeDegrees>-34.951899</LongitudeDegrees></Position><HeartRateBpm><Value>141</Value></HeartRateBpm><Cadence>31</Cadence><Extensions><ns3:TPX><ns3:Speed>1.3899999856948853</ns3:Speed><ns3:Pace>0.72</ns3:Pace></ns3:TPX></Extensions></Trackpoint><Trackpoint><Time>2025-08-12T21:31:40Z</Time><Position><LatitudeDegrees>-8.04854865</LatitudeDegrees><LongitudeDegrees>-34.95191066</LongitudeDegrees></Position><HeartRateBpm><Value>139</Value></HeartRateBpm><Cadence>31</Cadence><Extensions><ns3:TPX><ns3:Speed>1.3799999952316284</ns3:Speed><ns3:Pace>0.72</ns3:Pace></ns3:TPX></Extensions></Trackpoint><Trackpoint><Time>2025-08-12T21:31:41Z</Time><Position><LatitudeDegrees>-8.04854932</LatitudeDegrees><LongitudeDegrees>-34.95192332</LongitudeDegrees></Position><HeartRateBpm><Value>137</Value></HeartRateBpm><Cadence>30</Cadence><Extensions><ns3:TPX><ns3:Speed>1.3799999952316284</ns3:Speed><ns3:Pace>0.72</ns3:Pace></ns3:TPX></Extensions></Trackpoint><Trackpoint><Time>2025-08-12T21:31:42Z</Time><Position><LatitudeDegrees>-8.04854766</LatitudeDegrees><LongitudeDegrees>-34.95193698</LongitudeDegrees></Position><HeartRateBpm><Value>132</Value></HeartRateBpm><Cadence>31</Cadence><Extensions><ns3:TPX><ns3:Speed>1.3799999952316284</ns3:Speed><ns3:Pace>0.72</ns3:Pace></ns3:TPX></Extensions></Trackpoint><Trackpoint><Time>2025-08-12T21:31:43Z</Time><Position><LatitudeDegrees>-8.04854634</LatitudeDegrees><LongitudeDegrees>-34.95194964</LongitudeDegrees></Position><HeartRateBpm><Value>131</Value></HeartRateBpm><Cadence>31</Cadence><Extensions><ns3:TPX><ns3:Speed>1.3700000047683716</ns3:Speed><ns3:Pace>0.72</ns3:Pace></ns3:TPX></Extensions></Trackpoint><Trackpoint><Time>2025-08-12T21:31:44Z</Time><Position><LatitudeDegrees>-8.04854502</LatitudeDegrees><LongitudeDegrees>-34.95196231</LongitudeDegrees></Position><HeartRateBpm><Value>131</Value></HeartRateBpm><Cadence>31</Cadence><Extensions><ns3:TPX><ns3:Speed>1.3700000047683716</ns3:Speed><ns3:Pace>0.73</ns3:Pace></ns3:TPX></Extensions></Trackpoint><Trackpoint><Time>2025-08-12T21:31:45Z</Time><Position><LatitudeDegrees>-8.04854502</LatitudeDegrees><LongitudeDegrees>-34.9519743</LongitudeDegrees></Position><HeartRateBpm><Value>130</Value></HeartRateBpm><Cadence>32</Cadence><Extensions><ns3:TPX><ns3:Speed>1.3600000143051147</ns3:Speed><ns3:Pace>0.73</ns3:Pace></ns3:TPX></Extensions></Trackpoint><Trackpoint><Time>2025-08-12T21:31:46Z</Time><Position><LatitudeDegrees>-8.04854302</LatitudeDegrees><LongitudeDegrees>-34.95198595</LongitudeDegrees></Position><HeartRateBpm><Value>130</Value></HeartRateBpm><Cadence>31</Cadence><Extensions><ns3:TPX><ns3:Speed>1.3600000143051147</ns3:Speed><ns3:Pace>0.73</ns3:Pace></ns3:TPX></Extensions></Trackpoint><Trackpoint><Time>2025-08-12T21:31:47Z</Time><Position><LatitudeDegrees>-8.04854035</LatitudeDegrees><LongitudeDegrees>-34.95199629</LongitudeDegrees></Position><HeartRateBpm><Value>129</Value></HeartRateBpm><Cadence>31</Cadence><Extensions><ns3:TPX><ns3:Speed>1.3600000143051147</ns3:Speed><ns3:Pace>0.73</ns3:Pace></ns3:TPX></Extensions></Trackpoint><Trackpoint><Time>2025-08-12T21:31:48Z</Time><Position><LatitudeDegrees>-8.04853736</LatitudeDegrees><LongitudeDegrees>-34.95200662</LongitudeDegrees></Position><HeartRateBpm><Value>128</Value></HeartRateBpm><Cadence>31</Cadence><Extensions><ns3:TPX><ns3:Speed>1.350000023841858</ns3:Speed><ns3:Pace>0.74</ns3:Pace></ns3:TPX></Extensions></Trackpoint><Trackpoint><Time>2025-08-12T21:31:49Z</Time><Position><LatitudeDegrees>-8.04853469</LatitudeDegrees><LongitudeDegrees>-34.95201728</LongitudeDegrees></Position><HeartRateBpm><Value>128</Value></HeartRateBpm><Cadence>31</Cadence><Extensions><ns3:TPX><ns3:Speed>1.350000023841858</ns3:Speed><ns3:Pace>0.74</ns3:Pace></ns3:TPX></Extensions></Trackpoint><Trackpoint><Time>2025-08-12T21:31:50Z</Time><Position><LatitudeDegrees>-8.04853303</LatitudeDegrees><LongitudeDegrees>-34.95202894</LongitudeDegrees></Position><HeartRateBpm><Value>126</Value></HeartRateBpm><Cadence>31</Cadence><Extensions><ns3:TPX><ns3:Speed>1.340000033378601</ns3:Speed><ns3:Pace>0.74</ns3:Pace></ns3:TPX></Extensions></Trackpoint><Trackpoint><Time>2025-08-12T21:31:51Z</Time><Position><LatitudeDegrees>-8.04853137</LatitudeDegrees><LongitudeDegrees>-34.9520416</LongitudeDegrees></Position><HeartRateBpm><Value>126</Value></HeartRateBpm><Cadence>31</Cadence><Extensions><ns3:TPX><ns3:Speed>1.340000033378601</ns3:Speed><ns3:Pace>0.74</ns3:Pace></ns3:TPX></Extensions></Trackpoint><Trackpoint><Time>2025-08-12T21:31:52Z</Time><Position><LatitudeDegrees>-8.04852971</LatitudeDegrees><LongitudeDegrees>-34.95205527</LongitudeDegrees></Position><HeartRateBpm><Value>125</Value></HeartRateBpm><Cadence>31</Cadence><Extensions><ns3:TPX><ns3:Speed>1.340000033378601</ns3:Speed><ns3:Pace>0.74</ns3:Pace></ns3:TPX></Extensions></Trackpoint><Trackpoint><Time>2025-08-12T21:31:53Z</Time><Position><LatitudeDegrees>-8.04852839</LatitudeDegrees><LongitudeDegrees>-34.95206793</LongitudeDegrees></Position><HeartRateBpm><Value>125</Value></HeartRateBpm><Cadence>31</Cadence><Extensions><ns3:TPX><ns3:Speed>1.3300000429153442</ns3:Speed><ns3:Pace>0.75</ns3:Pace></ns3:TPX></Extensions></Trackpoint><Trackpoint><Time>2025-08-12T21:31:54Z</Time><Position><LatitudeDegrees>-8.04852673</LatitudeDegrees><LongitudeDegrees>-34.95207826</LongitudeDegrees></Position><HeartRateBpm><Value>123</Value></HeartRateBpm><Cadence>31</Cadence><Extensions><ns3:TPX><ns3:Speed>1.3300000429153442</ns3:Speed><ns3:Pace>0.75</ns3:Pace></ns3:TPX></Extensions></Trackpoint><Trackpoint><Time>2025-08-12T21:31:55Z</Time><Position><LatitudeDegrees>-8.0485244</LatitudeDegrees><LongitudeDegrees>-34.95208626</LongitudeDegrees></Position><HeartRateBpm><Value>125</Value></HeartRateBpm><Cadence>31</Cadence><Extensions><ns3:TPX><ns3:Speed>1.3200000524520874</ns3:Speed><ns3:Pace>0.75</ns3:Pace></ns3:TPX></Extensions></Trackpoint><Trackpoint><Time>2025-08-12T21:31:56Z</Time><Position><LatitudeDegrees>-8.04852174</LatitudeDegrees><LongitudeDegrees>-34.95209491</LongitudeDegrees></Position><HeartRateBpm><Value>125</Value></HeartRateBpm><Cadence>31</Cadence><Extensions><ns3:TPX><ns3:Speed>1.3200000524520874</ns3:Speed><ns3:Pace>0.75</ns3:Pace></ns3:TPX></Extensions></Trackpoint><Trackpoint><Time>2025-08-12T21:31:57Z</Time><Position><LatitudeDegrees>-8.04851774</LatitudeDegrees><LongitudeDegrees>-34.95210458</LongitudeDegrees></Position><HeartRateBpm><Value>125</Value></HeartRateBpm><Cadence>31</Cadence><Extensions><ns3:TPX><ns3:Speed>1.3200000524520874</ns3:Speed><ns3:Pace>0.75</ns3:Pace></ns3:TPX></Extensions></Trackpoint><Trackpoint><Time>2025-08-12T21:31:58Z</Time><Position><LatitudeDegrees>-8.04851408</LatitudeDegrees><LongitudeDegrees>-34.95211424</LongitudeDegrees></Position><HeartRateBpm><Value>126</Value></HeartRateBpm><Cadence>31</Cadence><Extensions><ns3:TPX><ns3:Speed>1.3200000524520874</ns3:Speed><ns3:Pace>0.75</ns3:Pace></ns3:TPX></Extensions></Trackpoint><Trackpoint><Time>2025-08-12T21:31:59Z</Time><Position><LatitudeDegrees>-8.04851142</LatitudeDegrees><LongitudeDegrees>-34.95212424</LongitudeDegrees></Position><HeartRateBpm><Value>127</Value></HeartRateBpm><Cadence>31</Cadence><Extensions><ns3:TPX><ns3:Speed>1.309999942779541</ns3:Speed><ns3:Pace>0.76</ns3:Pace></ns3:TPX></Extensions></Trackpoint><Trackpoint><Time>2025-08-12T21:32:00Z</Time><Position><LatitudeDegrees>-8.04851042</LatitudeDegrees><LongitudeDegrees>-34.95213456</LongitudeDegrees></Position><HeartRateBpm><Value>126</Value></HeartRateBpm><Cadence>31</Cadence><Extensions><ns3:TPX><ns3:Speed>1.309999942779541</ns3:Speed><ns3:Pace>0.76</ns3:Pace></ns3:TPX></Extensions></Trackpoint><Trackpoint><Time>2025-08-12T21:32:01Z</Time><Position><LatitudeDegrees>-8.04850776</LatitudeDegrees><LongitudeDegrees>-34.95214456</LongitudeDegrees></Position><HeartRateBpm><Value>122</Value></HeartRateBpm><Cadence>31</Cadence><Extensions><ns3:TPX><ns3:Speed>1.2999999523162842</ns3:Speed><ns3:Pace>0.77</ns3:Pace></ns3:TPX></Extensions></Trackpoint><Trackpoint><Time>2025-08-12T21:32:02Z</Time><Position><LatitudeDegrees>-8.04850511</LatitudeDegrees><LongitudeDegrees>-34.95215422</LongitudeDegrees></Position><HeartRateBpm><Value>122</Value></HeartRateBpm><Cadence>31</Cadence><Extensions><ns3:TPX><ns3:Speed>1.2899999618530273</ns3:Speed><ns3:Pace>0.77</ns3:Pace></ns3:TPX></Extensions></Trackpoint><Trackpoint><Time>2025-08-12T21:32:03Z</Time><Position><LatitudeDegrees>-8.04850211</LatitudeDegrees><LongitudeDegrees>-34.95216455</LongitudeDegrees></Position><HeartRateBpm><Value>122</Value></HeartRateBpm><Cadence>31</Cadence><Extensions><ns3:TPX><ns3:Speed>1.2899999618530273</ns3:Speed><ns3:Pace>0.77</ns3:Pace></ns3:TPX></Extensions></Trackpoint><Trackpoint><Time>2025-08-12T21:32:04Z</Time><Position><LatitudeDegrees>-8.04849978</LatitudeDegrees><LongitudeDegrees>-34.95217621</LongitudeDegrees></Position><HeartRateBpm><Value>124</Value></HeartRateBpm><Cadence>31</Cadence><Extensions><ns3:TPX><ns3:Speed>1.2799999713897705</ns3:Speed><ns3:Pace>0.78</ns3:Pace></ns3:TPX></Extensions></Trackpoint><Trackpoint><Time>2025-08-12T21:32:05Z</Time><Position><LatitudeDegrees>-8.04849713</LatitudeDegrees><LongitudeDegrees>-34.95218753</LongitudeDegrees></Position><HeartRateBpm><Value>126</Value></HeartRateBpm><Cadence>31</Cadence><Extensions><ns3:TPX><ns3:Speed>1.2799999713897705</ns3:Speed><ns3:Pace>0.78</ns3:Pace></ns3:TPX></Extensions></Trackpoint><Trackpoint><Time>2025-08-12T21:32:06Z</Time><Position><LatitudeDegrees>-8.04849447</LatitudeDegrees><LongitudeDegrees>-34.95219952</LongitudeDegrees></Position><HeartRateBpm><Value>127</Value></HeartRateBpm><Cadence>31</Cadence><Extensions><ns3:TPX><ns3:Speed>1.2699999809265137</ns3:Speed><ns3:Pace>0.79</ns3:Pace></ns3:TPX></Extensions></Trackpoint><Trackpoint><Time>2025-08-12T21:32:07Z</Time><Position><LatitudeDegrees>-8.04849147</LatitudeDegrees><LongitudeDegrees>-34.95221384</LongitudeDegrees></Position><HeartRateBpm><Value>127</Value></HeartRateBpm><Cadence>31</Cadence><Extensions><ns3:TPX><ns3:Speed>1.2599999904632568</ns3:Speed><ns3:Pace>0.83</ns3:Pace></ns3:TPX></Extensions></Trackpoint><Trackpoint><Time>2025-08-12T21:32:08Z</Time><Position><LatitudeDegrees>-8.04848748</LatitudeDegrees><LongitudeDegrees>-34.95222918</LongitudeDegrees></Position><HeartRateBpm><Value>127</Value></HeartRateBpm><Cadence>31</Cadence><Extensions><ns3:TPX><ns3:Speed>1.190000057220459</ns3:Speed><ns3:Pace>0.83</ns3:Pace></ns3:TPX></Extensions></Trackpoint><Trackpoint><Time>2025-08-12T21:32:09Z</Time><Position><LatitudeDegrees>-8.04848281</LatitudeDegrees><LongitudeDegrees>-34.95224683</LongitudeDegrees></Position><HeartRateBpm><Value>127</Value></HeartRateBpm><Cadence>31</Cadence><Extensions><ns3:TPX><ns3:Speed>1.190000057220459</ns3:Speed><ns3:Pace>0.84</ns3:Pace></ns3:TPX></Extensions></Trackpoint><Trackpoint><Time>2025-08-12T21:32:10Z</Time><Position><LatitudeDegrees>-8.04847849</LatitudeDegrees><LongitudeDegrees>-34.95226617</LongitudeDegrees></Position><HeartRateBpm><Value>127</Value></HeartRateBpm><Cadence>31</Cadence><Extensions><ns3:TPX><ns3:Speed>1.190000057220459</ns3:Speed><ns3:Pace>0.77</ns3:Pace></ns3:TPX></Extensions></Trackpoint><Trackpoint><Time>2025-08-12T21:32:11Z</Time><Position><LatitudeDegrees>-8.04847449</LatitudeDegrees><LongitudeDegrees>-34.95228783</LongitudeDegrees></Position><HeartRateBpm><Value>127</Value></HeartRateBpm><Cadence>31</Cadence><Extensions><ns3:TPX><ns3:Speed>1.2899999618530273</ns3:Speed><ns3:Pace>0.67</ns3:Pace></ns3:TPX></Extensions></Trackpoint><Trackpoint><Time>2025-08-12T21:32:12Z</Time><Position><LatitudeDegrees>-8.04847116</LatitudeDegrees><LongitudeDegrees>-34.95231182</LongitudeDegrees></Position><HeartRateBpm><Value>126</Value></HeartRateBpm><Cadence>31</Cadence><Extensions><ns3:TPX><ns3:Speed>1.4700000286102295</ns3:Speed><ns3:Pace>0.57</ns3:Pace></ns3:TPX></Extensions></Trackpoint><Trackpoint><Time>2025-08-12T21:32:13Z</Time><Position><LatitudeDegrees>-8.04846683</LatitudeDegrees><LongitudeDegrees>-34.95233782</LongitudeDegrees></Position><HeartRateBpm><Value>125</Value></HeartRateBpm><Cadence>31</Cadence><Extensions><ns3:TPX><ns3:Speed>1.7300000190734863</ns3:Speed><ns3:Pace>0.49</ns3:Pace></ns3:TPX></Extensions></Trackpoint><Trackpoint><Time>2025-08-12T21:32:14Z</Time><Position><LatitudeDegrees>-8.0484635</LatitudeDegrees><LongitudeDegrees>-34.95236415</LongitudeDegrees></Position><HeartRateBpm><Value>124</Value></HeartRateBpm><Cadence>31</Cadence><Extensions><ns3:TPX><ns3:Speed>2.0199999809265137</ns3:Speed><ns3:Pace>0.49</ns3:Pace></ns3:TPX></Extensions></Trackpoint><Trackpoint><Time>2025-08-12T21:32:15Z</Time><Position><LatitudeDegrees>-8.0484605</LatitudeDegrees><LongitudeDegrees>-34.9523908</LongitudeDegrees></Position><HeartRateBpm><Value>124</Value></HeartRateBpm><Cadence>31</Cadence><Extensions><ns3:TPX><ns3:Speed>2.0199999809265137</ns3:Speed><ns3:Pace>0.43</ns3:Pace></ns3:TPX></Extensions></Trackpoint><Trackpoint><Time>2025-08-12T21:32:16Z</Time><Position><LatitudeDegrees>-8.04845651</LatitudeDegrees><LongitudeDegrees>-34.9524198</LongitudeDegrees></Position><HeartRateBpm><Value>125</Value></HeartRateBpm><Cadence>87</Cadence><Extensions><ns3:TPX><ns3:Speed>2.319999933242798</ns3:Speed><ns3:Pace>0.38</ns3:Pace></ns3:TPX></Extensions></Trackpoint><Trackpoint><Time>2025-08-12T21:32:17Z</Time><Position><LatitudeDegrees>-8.04845484</LatitudeDegrees><LongitudeDegrees>-34.95245013</LongitudeDegrees></Position><HeartRateBpm><Value>126</Value></HeartRateBpm><Cadence>87</Cadence><Extensions><ns3:TPX><ns3:Speed>2.5799999237060547</ns3:Speed><ns3:Pace>0.36</ns3:Pace></ns3:TPX></Extensions></Trackpoint><Trackpoint><Time>2025-08-12T21:32:18Z</Time><Position><LatitudeDegrees>-8.04845584</LatitudeDegrees><LongitudeDegrees>-34.95248179</LongitudeDegrees></Position><HeartRateBpm><Value>127</Value></HeartRateBpm><Cadence>87</Cadence><Extensions><ns3:TPX><ns3:Speed>2.740000009536743</ns3:Speed><ns3:Pace>0.35</ns3:Pace></ns3:TPX></Extensions></Trackpoint><Trackpoint><Time>2025-08-12T21:32:19Z</Time><Position><LatitudeDegrees>-8.04845883</LatitudeDegrees><LongitudeDegrees>-34.95251312</LongitudeDegrees></Position><HeartRateBpm><Value>127</Value></HeartRateBpm><Cadence>87</Cadence><Extensions><ns3:TPX><ns3:Speed>2.8299999237060547</ns3:Speed><ns3:Pace>0.34</ns3:Pace></ns3:TPX></Extensions></Trackpoint><Trackpoint><Time>2025-08-12T21:32:20Z</Time><Position><LatitudeDegrees>-8.04846116</LatitudeDegrees><LongitudeDegrees>-34.95254477</LongitudeDegrees></Position><HeartRateBpm><Value>126</Value></HeartRateBpm><Cadence>87</Cadence><Extensions><ns3:TPX><ns3:Speed>2.869999885559082</ns3:Speed><ns3:Pace>0.33</ns3:Pace></ns3:TPX></Extensions></Trackpoint><Trackpoint><Time>2025-08-12T21:32:21Z</Time><Position><LatitudeDegrees>-8.04846282</LatitudeDegrees><LongitudeDegrees>-34.95257511</LongitudeDegrees></Position><HeartRateBpm><Value>124</Value></HeartRateBpm><Cadence>87</Cadence><Extensions><ns3:TPX><ns3:Speed>2.950000047683716</ns3:Speed><ns3:Pace>0.33</ns3:Pace></ns3:TPX></Extensions></Trackpoint><Trackpoint><Time>2025-08-12T21:32:22Z</Time><Position><LatitudeDegrees>-8.04846249</LatitudeDegrees><LongitudeDegrees>-34.95260443</LongitudeDegrees></Position><HeartRateBpm><Value>124</Value></HeartRateBpm><Cadence>87</Cadence><Extensions><ns3:TPX><ns3:Speed>2.950000047683716</ns3:Speed><ns3:Pace>0.32</ns3:Pace></ns3:TPX></Extensions></Trackpoint><Trackpoint><Time>2025-08-12T21:32:23Z</Time><Position><LatitudeDegrees>-8.04846083</LatitudeDegrees><LongitudeDegrees>-34.95263343</LongitudeDegrees></Position><HeartRateBpm><Value>124</Value></HeartRateBpm><Cadence>86</Cadence><Extensions><ns3:TPX><ns3:Speed>3.0399999618530273</ns3:Speed><ns3:Pace>0.32</ns3:Pace></ns3:TPX></Extensions></Trackpoint><Trackpoint><Time>2025-08-12T21:32:24Z</Time><Position><LatitudeDegrees>-8.04846116</LatitudeDegrees><LongitudeDegrees>-34.95266042</LongitudeDegrees></Position><HeartRateBpm><Value>125</Value></HeartRateBpm><Cadence>86</Cadence><Extensions><ns3:TPX><ns3:Speed>3.049999952316284</ns3:Speed><ns3:Pace>0.32</ns3:Pace></ns3:TPX></Extensions></Trackpoint><Trackpoint><Time>2025-08-12T21:32:25Z</Time><Position><LatitudeDegrees>-8.04846282</LatitudeDegrees><LongitudeDegrees>-34.95268608</LongitudeDegrees></Position><HeartRateBpm><Value>127</Value></HeartRateBpm><Cadence>87</Cadence><Extensions><ns3:TPX><ns3:Speed>3.049999952316284</ns3:Speed><ns3:Pace>0.32</ns3:Pace></ns3:TPX></Extensions></Trackpoint><Trackpoint><Time>2025-08-12T21:32:26Z</Time><Position><LatitudeDegrees>-8.04846682</LatitudeDegrees><LongitudeDegrees>-34.9527114</LongitudeDegrees></Position><HeartRateBpm><Value>131</Value></HeartRateBpm><Cadence>87</Cadence><Extensions><ns3:TPX><ns3:Speed>3.059999942779541</ns3:Speed><ns3:Pace>0.32</ns3:Pace></ns3:TPX></Extensions></Trackpoint><Trackpoint><Time>2025-08-12T21:32:27Z</Time><Position><LatitudeDegrees>-8.04847315</LatitudeDegrees><LongitudeDegrees>-34.95273672</LongitudeDegrees></Position><HeartRateBpm><Value>132</Value></HeartRateBpm><Cadence>87</Cadence><Extensions><ns3:TPX><ns3:Speed>3.0299999713897705</ns3:Speed><ns3:Pace>0.32</ns3:Pace></ns3:TPX></Extensions></Trackpoint><Trackpoint><Time>2025-08-12T21:32:28Z</Time><Position><LatitudeDegrees>-8.04848181</LatitudeDegrees><LongitudeDegrees>-34.95276106</LongitudeDegrees></Position><HeartRateBpm><Value>132</Value></HeartRateBpm><Cadence>87</Cadence><Extensions><ns3:TPX><ns3:Speed>3.0299999713897705</ns3:Speed><ns3:Pace>0.34</ns3:Pace></ns3:TPX></Extensions></Trackpoint><Trackpoint><Time>2025-08-12T21:32:29Z</Time><Position><LatitudeDegrees>-8.04849247</LatitudeDegrees><LongitudeDegrees>-34.95278505</LongitudeDegrees></Position><HeartRateBpm><Value>131</Value></HeartRateBpm><Cadence>87</Cadence><Extensions><ns3:TPX><ns3:Speed>2.940000057220459</ns3:Speed><ns3:Pace>0.35</ns3:Pace></ns3:TPX></Extensions></Trackpoint><Trackpoint><Time>2025-08-12T21:32:30Z</Time><Position><LatitudeDegrees>-8.04850413</LatitudeDegrees><LongitudeDegrees>-34.95280771</LongitudeDegrees></Position><HeartRateBpm><Value>131</Value></HeartRateBpm><Cadence>87</Cadence><Extensions><ns3:TPX><ns3:Speed>2.8399999141693115</ns3:Speed><ns3:Pace>0.35</ns3:Pace></ns3:TPX></Extensions></Trackpoint><Trackpoint><Time>2025-08-12T21:32:31Z</Time><Position><LatitudeDegrees>-8.04851646</LatitudeDegrees><LongitudeDegrees>-34.95282937</LongitudeDegrees></Position><HeartRateBpm><Value>132</Value></HeartRateBpm><Cadence>88</Cadence><Extensions><ns3:TPX><ns3:Speed>2.809999942779541</ns3:Speed><ns3:Pace>0.35</ns3:Pace></ns3:TPX></Extensions></Trackpoint><Trackpoint><Time>2025-08-12T21:32:32Z</Time><Position><LatitudeDegrees>-8.04853113</LatitudeDegrees><LongitudeDegrees>-34.95284804</LongitudeDegrees></Position><HeartRateBpm><Value>132</Value></HeartRateBpm><Cadence>88</Cadence><Extensions><ns3:TPX><ns3:Speed>2.799999952316284</ns3:Speed><ns3:Pace>0.35</ns3:Pace></ns3:TPX></Extensions></Trackpoint><Trackpoint><Time>2025-08-12T21:32:33Z</Time><Position><LatitudeDegrees>-8.04854878</LatitudeDegrees><LongitudeDegrees>-34.9528647</LongitudeDegrees></Position><HeartRateBpm><Value>132</Value></HeartRateBpm><Cadence>88</Cadence><Extensions><ns3:TPX><ns3:Speed>2.809999942779541</ns3:Speed><ns3:Pace>0.35</ns3:Pace></ns3:TPX></Extensions></Trackpoint><Trackpoint><Time>2025-08-12T21:32:34Z</Time><Position><LatitudeDegrees>-8.04856877</LatitudeDegrees><LongitudeDegrees>-34.95288036</LongitudeDegrees></Position><HeartRateBpm><Value>132</Value></HeartRateBpm><Cadence>88</Cadence><Extensions><ns3:TPX><ns3:Speed>2.809999942779541</ns3:Speed><ns3:Pace>0.35</ns3:Pace></ns3:TPX></Extensions></Trackpoint><Trackpoint><Time>2025-08-12T21:32:35Z</Time><Position><LatitudeDegrees>-8.04859244</LatitudeDegrees><LongitudeDegrees>-34.95289436</LongitudeDegrees></Position><HeartRateBpm><Value>132</Value></HeartRateBpm><Cadence>87</Cadence><Extensions><ns3:TPX><ns3:Speed>2.799999952316284</ns3:Speed><ns3:Pace>0.35</ns3:Pace></ns3:TPX></Extensions></Trackpoint><Trackpoint><Time>2025-08-12T21:32:36Z</Time><Position><LatitudeDegrees>-8.04861443</LatitudeDegrees><LongitudeDegrees>-34.95290836</LongitudeDegrees></Position><HeartRateBpm><Value>131</Value></HeartRateBpm><Cadence>88</Cadence><Extensions><ns3:TPX><ns3:Speed>2.7899999618530273</ns3:Speed><ns3:Pace>0.35</ns3:Pace></ns3:TPX></Extensions></Trackpoint><Trackpoint><Time>2025-08-12T21:32:37Z</Time><Position><LatitudeDegrees>-8.04863576</LatitudeDegrees><LongitudeDegrees>-34.95292469</LongitudeDegrees></Position><HeartRateBpm><Value>130</Value></HeartRateBpm><Cadence>88</Cadence><Extensions><ns3:TPX><ns3:Speed>2.7799999713897705</ns3:Speed><ns3:Pace>0.36</ns3:Pace></ns3:TPX></Extensions></Trackpoint><Trackpoint><Time>2025-08-12T21:32:38Z</Time><Position><LatitudeDegrees>-8.04865742</LatitudeDegrees><LongitudeDegrees>-34.95294403</LongitudeDegrees></Position><HeartRateBpm><Value>130</Value></HeartRateBpm><Cadence>88</Cadence><Extensions><ns3:TPX><ns3:Speed>2.7699999809265137</ns3:Speed><ns3:Pace>0.35</ns3:Pace></ns3:TPX></Extensions></Trackpoint><Trackpoint><Time>2025-08-12T21:32:39Z</Time><Position><LatitudeDegrees>-8.04867609</LatitudeDegrees><LongitudeDegrees>-34.95296202</LongitudeDegrees></Position><HeartRateBpm><Value>130</Value></HeartRateBpm><Cadence>88</Cadence><Extensions><ns3:TPX><ns3:Speed>2.7799999713897705</ns3:Speed><ns3:Pace>0.35</ns3:Pace></ns3:TPX></Extensions></Trackpoint><Trackpoint><Time>2025-08-12T21:32:40Z</Time><Position><LatitudeDegrees>-8.04869208</LatitudeDegrees><LongitudeDegrees>-34.95297634</LongitudeDegrees></Position><HeartRateBpm><Value>130</Value></HeartRateBpm><Cadence>88</Cadence><Extensions><ns3:TPX><ns3:Speed>2.7799999713897705</ns3:Speed><ns3:Pace>0.36</ns3:Pace></ns3:TPX></Extensions></Trackpoint><Trackpoint><Time>2025-08-12T21:32:41Z</Time><Position><LatitudeDegrees>-8.04870608</LatitudeDegrees><LongitudeDegrees>-34.95299267</LongitudeDegrees></Position><HeartRateBpm><Value>131</Value></HeartRateBpm><Cadence>88</Cadence><Extensions><ns3:TPX><ns3:Speed>2.7699999809265137</ns3:Speed><ns3:Pace>0.36</ns3:Pace></ns3:TPX></Extensions></Trackpoint><Trackpoint><Time>2025-08-12T21:32:42Z</Time><Position><LatitudeDegrees>-8.04871908</LatitudeDegrees><LongitudeDegrees>-34.95300667</LongitudeDegrees></Position><HeartRateBpm><Value>131</Value></HeartRateBpm><Cadence>88</Cadence><Extensions><ns3:TPX><ns3:Speed>2.759999990463257</ns3:Speed><ns3:Pace>0.36</ns3:Pace></ns3:TPX></Extensions></Trackpoint><Trackpoint><Time>2025-08-12T21:32:43Z</Time><Position><LatitudeDegrees>-8.04873173</LatitudeDegrees><LongitudeDegrees>-34.95301866</LongitudeDegrees></Position><HeartRateBpm><Value>132</Value></HeartRateBpm><Cadence>88</Cadence><Extensions><ns3:TPX><ns3:Speed>2.7300000190734863</ns3:Speed><ns3:Pace>0.37</ns3:Pace></ns3:TPX></Extensions></Trackpoint><Trackpoint><Time>2025-08-12T21:32:44Z</Time><Position><LatitudeDegrees>-8.04874739</LatitudeDegrees><LongitudeDegrees>-34.953029</LongitudeDegrees></Position><HeartRateBpm><Value>132</Value></HeartRateBpm><Cadence>87</Cadence><Extensions><ns3:TPX><ns3:Speed>2.6500000953674316</ns3:Speed><ns3:Pace>0.39</ns3:Pace></ns3:TPX></Extensions></Trackpoint><Trackpoint><Time>2025-08-12T21:32:45Z</Time><Position><LatitudeDegrees>-8.04876172</LatitudeDegrees><LongitudeDegrees>-34.95303666</LongitudeDegrees></Position><HeartRateBpm><Value>132</Value></HeartRateBpm><Cadence>87</Cadence><Extensions><ns3:TPX><ns3:Speed>2.5399999618530273</ns3:Speed><ns3:Pace>0.39</ns3:Pace></ns3:TPX></Extensions></Trackpoint><Trackpoint><Time>2025-08-12T21:32:46Z</Time><Position><LatitudeDegrees>-8.04877538</LatitudeDegrees><LongitudeDegrees>-34.95304466</LongitudeDegrees></Position><HeartRateBpm><Value>132</Value></HeartRateBpm><Cadence>87</Cadence><Extensions><ns3:TPX><ns3:Speed>2.5399999618530273</ns3:Speed><ns3:Pace>0.41</ns3:Pace></ns3:TPX></Extensions></Trackpoint><Trackpoint><Time>2025-08-12T21:32:47Z</Time><HeartRateBpm><Value>135</Value></HeartRateBpm><Cadence>87</Cadence><Extensions><ns3:TPX><ns3:Speed>2.4000000953674316</ns3:Speed></ns3:TPX></Extensions></Trackpoint><Trackpoint><Time>2025-08-12T21:32:48Z</Time><Position><LatitudeDegrees>-8.04881304</LatitudeDegrees><LongitudeDegrees>-34.95305099</LongitudeDegrees></Position><HeartRateBpm><Value>135</Value></HeartRateBpm><Cadence>87</Cadence><Extensions><ns3:TPX><ns3:Speed>2.4000000953674316</ns3:Speed><ns3:Pace>0.43</ns3:Pace></ns3:TPX></Extensions></Trackpoint><Trackpoint><Time>2025-08-12T21:32:49Z</Time><Position><LatitudeDegrees>-8.04881404</LatitudeDegrees><LongitudeDegrees>-34.95304665</LongitudeDegrees></Position><HeartRateBpm><Value>134</Value></HeartRateBpm><Cadence>87</Cadence><Extensions><ns3:TPX><ns3:Speed>2.319999933242798</ns3:Speed><ns3:Pace>0.43</ns3:Pace></ns3:TPX></Extensions></Trackpoint><Trackpoint><Time>2025-08-12T21:32:50Z</Time><Position><LatitudeDegrees>-8.0488187</LatitudeDegrees><LongitudeDegrees>-34.95304366</LongitudeDegrees></Position><HeartRateBpm><Value>133</Value></HeartRateBpm><Cadence>88</Cadence><Extensions><ns3:TPX><ns3:Speed>2.319999933242798</ns3:Speed><ns3:Pace>0.43</ns3:Pace></ns3:TPX></Extensions></Trackpoint><Trackpoint><Time>2025-08-12T21:32:51Z</Time><Position><LatitudeDegrees>-8.04882903</LatitudeDegrees><LongitudeDegrees>-34.95303967</LongitudeDegrees></Position><HeartRateBpm><Value>133</Value></HeartRateBpm><Cadence>88</Cadence><Extensions><ns3:TPX><ns3:Speed>2.299999952316284</ns3:Speed><ns3:Pace>0.43</ns3:Pace></ns3:TPX></Extensions></Trackpoint><Trackpoint><Time>2025-08-12T21:32:52Z</Time><Position><LatitudeDegrees>-8.04884368</LatitudeDegrees><LongitudeDegrees>-34.95303801</LongitudeDegrees></Position><HeartRateBpm><Value>133</Value></HeartRateBpm><Cadence>88</Cadence><Extensions><ns3:TPX><ns3:Speed>2.299999952316284</ns3:Speed><ns3:Pace>0.43</ns3:Pace></ns3:TPX></Extensions></Trackpoint><Trackpoint><Time>2025-08-12T21:32:53Z</Time><Position><LatitudeDegrees>-8.04885902</LatitudeDegrees><LongitudeDegrees>-34.95303668</LongitudeDegrees></Position><HeartRateBpm><Value>133</Value></HeartRateBpm><Cadence>87</Cadence><Extensions><ns3:TPX><ns3:Speed>2.2899999618530273</ns3:Speed><ns3:Pace>0.43</ns3:Pace></ns3:TPX></Extensions></Trackpoint><Trackpoint><Time>2025-08-12T21:32:54Z</Time><Position><LatitudeDegrees>-8.04887435</LatitudeDegrees><LongitudeDegrees>-34.95303435</LongitudeDegrees></Position><HeartRateBpm><Value>133</Value></HeartRateBpm><Cadence>88</Cadence><Extensions><ns3:TPX><ns3:Speed>2.2699999809265137</ns3:Speed><ns3:Pace>0.44</ns3:Pace></ns3:TPX></Extensions></Trackpoint><Trackpoint><Time>2025-08-12T21:32:55Z</Time><Position><LatitudeDegrees>-8.04889234</LatitudeDegrees><LongitudeDegrees>-34.95303002</LongitudeDegrees></Position><HeartRateBpm><Value>133</Value></HeartRateBpm><Cadence>87</Cadence><Extensions><ns3:TPX><ns3:Speed>2.259999990463257</ns3:Speed><ns3:Pace>0.44</ns3:Pace></ns3:TPX></Extensions></Trackpoint><Trackpoint><Time>2025-08-12T21:32:56Z</Time><Position><LatitudeDegrees>-8.04891334</LatitudeDegrees><LongitudeDegrees>-34.95302703</LongitudeDegrees></Position><HeartRateBpm><Value>133</Value></HeartRateBpm><Cadence>87</Cadence><Extensions><ns3:TPX><ns3:Speed>2.25</ns3:Speed><ns3:Pace>0.44</ns3:Pace></ns3:TPX></Extensions></Trackpoint><Trackpoint><Time>2025-08-12T21:32:57Z</Time><Position><LatitudeDegrees>-8.04893567</LatitudeDegrees><LongitudeDegrees>-34.95302604</LongitudeDegrees></Position><HeartRateBpm><Value>133</Value></HeartRateBpm><Cadence>87</Cadence><Extensions><ns3:TPX><ns3:Speed>2.240000009536743</ns3:Speed><ns3:Pace>0.44</ns3:Pace></ns3:TPX></Extensions></Trackpoint><Trackpoint><Time>2025-08-12T21:32:58Z</Time><Position><LatitudeDegrees>-8.04895867</LatitudeDegrees><LongitudeDegrees>-34.95303104</LongitudeDegrees></Position><HeartRateBpm><Value>133</Value></HeartRateBpm><Cadence>88</Cadence><Extensions><ns3:TPX><ns3:Speed>2.2300000190734863</ns3:Speed><ns3:Pace>0.44</ns3:Pace></ns3:TPX></Extensions></Trackpoint><Trackpoint><Time>2025-08-12T21:32:59Z</Time><Position><LatitudeDegrees>-8.04898901</LatitudeDegrees><LongitudeDegrees>-34.95303637</LongitudeDegrees></Position><HeartRateBpm><Value>133</Value></HeartRateBpm><Cadence>88</Cadence><Extensions><ns3:TPX><ns3:Speed>2.2300000190734863</ns3:Speed><ns3:Pace>0.44</ns3:Pace></ns3:TPX></Extensions></Trackpoint><Trackpoint><Time>2025-08-12T21:33:00Z</Time><Position><LatitudeDegrees>-8.04901866</LatitudeDegrees><LongitudeDegrees>-34.95304236</LongitudeDegrees></Position><HeartRateBpm><Value>134</Value></HeartRateBpm><Cadence>88</Cadence><Extensions><ns3:TPX><ns3:Speed>2.240000009536743</ns3:Speed><ns3:Pace>0.44</ns3:Pace></ns3:TPX></Extensions></Trackpoint><Trackpoint><Time>2025-08-12T21:33:01Z</Time><Position><LatitudeDegrees>-8.04904733</LatitudeDegrees><LongitudeDegrees>-34.95304402</LongitudeDegrees></Position><HeartRateBpm><Value>134</Value></HeartRateBpm><Cadence>88</Cadence><Extensions><ns3:TPX><ns3:Speed>2.240000009536743</ns3:Speed><ns3:Pace>0.44</ns3:Pace></ns3:TPX></Extensions></Trackpoint><Trackpoint><Time>2025-08-12T21:33:02Z</Time><Position><LatitudeDegrees>-8.04907699</LatitudeDegrees><LongitudeDegrees>-34.95304502</LongitudeDegrees></Position><HeartRateBpm><Value>134</Value></HeartRateBpm><Cadence>88</Cadence><Extensions><ns3:TPX><ns3:Speed>2.259999990463257</ns3:Speed><ns3:Pace>0.43</ns3:Pace></ns3:TPX></Extensions></Trackpoint><Trackpoint><Time>2025-08-12T21:33:03Z</Time><Position><LatitudeDegrees>-8.04910531</LatitudeDegrees><LongitudeDegrees>-34.95304534</LongitudeDegrees></Position><HeartRateBpm><Value>134</Value></HeartRateBpm><Cadence>88</Cadence><Extensions><ns3:TPX><ns3:Speed>2.2799999713897705</ns3:Speed><ns3:Pace>0.43</ns3:Pace></ns3:TPX></Extensions></Trackpoint><Trackpoint><Time>2025-08-12T21:33:04Z</Time><Position><LatitudeDegrees>-8.04913164</LatitudeDegrees><LongitudeDegrees>-34.95304401</LongitudeDegrees></Position><HeartRateBpm><Value>134</Value></HeartRateBpm><Cadence>88</Cadence><Extensions><ns3:TPX><ns3:Speed>2.309999942779541</ns3:Speed><ns3:Pace>0.43</ns3:Pace></ns3:TPX></Extensions></Trackpoint><Trackpoint><Time>2025-08-12T21:33:05Z</Time><Position><LatitudeDegrees>-8.0491583</LatitudeDegrees><LongitudeDegrees>-34.95304135</LongitudeDegrees></Position><HeartRateBpm><Value>134</Value></HeartRateBpm><Cadence>88</Cadence><Extensions><ns3:TPX><ns3:Speed>2.309999942779541</ns3:Speed><ns3:Pace>0.42</ns3:Pace></ns3:TPX></Extensions></Trackpoint><Trackpoint><Time>2025-08-12T21:33:06Z</Time><Position><LatitudeDegrees>-8.0491823</LatitudeDegrees><LongitudeDegrees>-34.95303668</LongitudeDegrees></Position><HeartRateBpm><Value>134</Value></HeartRateBpm><Cadence>88</Cadence><Extensions><ns3:TPX><ns3:Speed>2.3399999141693115</ns3:Speed><ns3:Pace>0.38</ns3:Pace></ns3:TPX></Extensions></Trackpoint><Trackpoint><Time>2025-08-12T21:33:07Z</Time><Position><LatitudeDegrees>-8.04920362</LatitudeDegrees><LongitudeDegrees>-34.95303767</LongitudeDegrees></Position><HeartRateBpm><Value>134</Value></HeartRateBpm><Cadence>87</Cadence><Extensions><ns3:TPX><ns3:Speed>2.5999999046325684</ns3:Speed><ns3:Pace>0.35</ns3:Pace></ns3:TPX></Extensions></Trackpoint><Trackpoint><Time>2025-08-12T21:33:08Z</Time><Position><LatitudeDegrees>-8.04922462</LatitudeDegrees><LongitudeDegrees>-34.95304066</LongitudeDegrees></Position><HeartRateBpm><Value>133</Value></HeartRateBpm><Cadence>88</Cadence><Extensions><ns3:TPX><ns3:Speed>2.8399999141693115</ns3:Speed><ns3:Pace>0.35</ns3:Pace></ns3:TPX></Extensions></Trackpoint><Trackpoint><Time>2025-08-12T21:33:09Z</Time><Position><LatitudeDegrees>-8.04924595</LatitudeDegrees><LongitudeDegrees>-34.95304833</LongitudeDegrees></Position><HeartRateBpm><Value>133</Value></HeartRateBpm><Cadence>88</Cadence><Extensions><ns3:TPX><ns3:Speed>2.7899999618530273</ns3:Speed><ns3:Pace>0.36</ns3:Pace></ns3:TPX></Extensions></Trackpoint><Trackpoint><Time>2025-08-12T21:33:10Z</Time><Position><LatitudeDegrees>-8.04926794</LatitudeDegrees><LongitudeDegrees>-34.953051</LongitudeDegrees></Position><HeartRateBpm><Value>133</Value></HeartRateBpm><Cadence>88</Cadence><Extensions><ns3:TPX><ns3:Speed>2.7300000190734863</ns3:Speed><ns3:Pace>0.36</ns3:Pace></ns3:TPX></Extensions></Trackpoint><Trackpoint><Time>2025-08-12T21:33:11Z</Time><Position><LatitudeDegrees>-8.04929193</LatitudeDegrees><LongitudeDegrees>-34.953051</LongitudeDegrees></Position><HeartRateBpm><Value>133</Value></HeartRateBpm><Cadence>88</Cadence><Extensions><ns3:TPX><ns3:Speed>2.7300000190734863</ns3:Speed><ns3:Pace>0.37</ns3:Pace></ns3:TPX></Extensions></Trackpoint><Trackpoint><Time>2025-08-12T21:33:12Z</Time><Position><LatitudeDegrees>-8.04931393</LatitudeDegrees><LongitudeDegrees>-34.95304767</LongitudeDegrees></Position><HeartRateBpm><Value>132</Value></HeartRateBpm><Cadence>88</Cadence><Extensions><ns3:TPX><ns3:Speed>2.6500000953674316</ns3:Speed><ns3:Pace>0.38</ns3:Pace></ns3:TPX></Extensions></Trackpoint><Trackpoint><Time>2025-08-12T21:33:13Z</Time><Position><LatitudeDegrees>-8.04933725</LatitudeDegrees><LongitudeDegrees>-34.95304334</LongitudeDegrees></Position><HeartRateBpm><Value>131</Value></HeartRateBpm><Cadence>88</Cadence><Extensions><ns3:TPX><ns3:Speed>2.609999895095825</ns3:Speed><ns3:Pace>0.38</ns3:Pace></ns3:TPX></Extensions></Trackpoint><Trackpoint><Time>2025-08-12T21:33:14Z</Time><Position><LatitudeDegrees>-8.04936124</LatitudeDegrees><LongitudeDegrees>-34.95303868</LongitudeDegrees></Position><HeartRateBpm><Value>130</Value></HeartRateBpm><Cadence>88</Cadence><Extensions><ns3:TPX><ns3:Speed>2.5999999046325684</ns3:Speed><ns3:Pace>0.38</ns3:Pace></ns3:TPX></Extensions></Trackpoint><Trackpoint><Time>2025-08-12T21:33:15Z</Time><Position><LatitudeDegrees>-8.04938623</LatitudeDegrees><LongitudeDegrees>-34.95303435</LongitudeDegrees></Position><HeartRateBpm><Value>129</Value></HeartRateBpm><Cadence>88</Cadence><Extensions><ns3:TPX><ns3:Speed>2.5999999046325684</ns3:Speed><ns3:Pace>0.38</ns3:Pace></ns3:TPX></Extensions></Trackpoint><Trackpoint><Time>2025-08-12T21:33:16Z</Time><Position><LatitudeDegrees>-8.0494099</LatitudeDegrees><LongitudeDegrees>-34.95303369</LongitudeDegrees></Position><HeartRateBpm><Value>128</Value></HeartRateBpm><Cadence>88</Cadence><Extensions><ns3:TPX><ns3:Speed>2.609999895095825</ns3:Speed><ns3:Pace>0.38</ns3:Pace></ns3:TPX></Extensions></Trackpoint><Trackpoint><Time>2025-08-12T21:33:17Z</Time><Position><LatitudeDegrees>-8.04943322</LatitudeDegrees><LongitudeDegrees>-34.95303435</LongitudeDegrees></Position><HeartRateBpm><Value>128</Value></HeartRateBpm><Cadence>88</Cadence><Extensions><ns3:TPX><ns3:Speed>2.609999895095825</ns3:Speed><ns3:Pace>0.38</ns3:Pace></ns3:TPX></Extensions></Trackpoint><Trackpoint><Time>2025-08-12T21:33:18Z</Time><Position><LatitudeDegrees>-8.04945755</LatitudeDegrees><LongitudeDegrees>-34.95303501</LongitudeDegrees></Position><HeartRateBpm><Value>128</Value></HeartRateBpm><Cadence>88</Cadence><Extensions><ns3:TPX><ns3:Speed>2.630000114440918</ns3:Speed><ns3:Pace>0.37</ns3:Pace></ns3:TPX></Extensions></Trackpoint><Trackpoint><Time>2025-08-12T21:33:19Z</Time><Position><LatitudeDegrees>-8.04948555</LatitudeDegrees><LongitudeDegrees>-34.95304001</LongitudeDegrees></Position><HeartRateBpm><Value>128</Value></HeartRateBpm><Cadence>88</Cadence><Extensions><ns3:TPX><ns3:Speed>2.630000114440918</ns3:Speed><ns3:Pace>0.37</ns3:Pace></ns3:TPX></Extensions></Trackpoint><Trackpoint><Time>2025-08-12T21:33:20Z</Time><Position><LatitudeDegrees>-8.04951355</LatitudeDegrees><LongitudeDegrees>-34.95304866</LongitudeDegrees></Position><HeartRateBpm><Value>129</Value></HeartRateBpm><Cadence>88</Cadence><Extensions><ns3:TPX><ns3:Speed>2.6600000858306885</ns3:Speed><ns3:Pace>0.37</ns3:Pace></ns3:TPX></Extensions></Trackpoint><Trackpoint><Time>2025-08-12T21:33:21Z</Time><Position><LatitudeDegrees>-8.04954154</LatitudeDegrees><LongitudeDegrees>-34.953053</LongitudeDegrees></Position><HeartRateBpm><Value>130</Value></HeartRateBpm><Cadence>88</Cadence><Extensions><ns3:TPX><ns3:Speed>2.700000047683716</ns3:Speed><ns3:Pace>0.36</ns3:Pace></ns3:TPX></Extensions></Trackpoint><Trackpoint><Time>2025-08-12T21:33:22Z</Time><Position><LatitudeDegrees>-8.04956821</LatitudeDegrees><LongitudeDegrees>-34.953053</LongitudeDegrees></Position><HeartRateBpm><Value>130</Value></HeartRateBpm><Cadence>89</Cadence><Extensions><ns3:TPX><ns3:Speed>2.75</ns3:Speed><ns3:Pace>0.36</ns3:Pace></ns3:TPX></Extensions></Trackpoint><Trackpoint><Time>2025-08-12T21:33:23Z</Time><Position><LatitudeDegrees>-8.0495922</LatitudeDegrees><LongitudeDegrees>-34.95305066</LongitudeDegrees></Position><HeartRateBpm><Value>130</Value></HeartRateBpm><Cadence>89</Cadence><Extensions><ns3:TPX><ns3:Speed>2.75</ns3:Speed><ns3:Pace>0.35</ns3:Pace></ns3:TPX></Extensions></Trackpoint><Trackpoint><Time>2025-08-12T21:33:24Z</Time><Position><LatitudeDegrees>-8.0496152</LatitudeDegrees><LongitudeDegrees>-34.95305165</LongitudeDegrees></Position><HeartRateBpm><Value>130</Value></HeartRateBpm><Cadence>88</Cadence><Extensions><ns3:TPX><ns3:Speed>2.7799999713897705</ns3:Speed><ns3:Pace>0.36</ns3:Pace></ns3:TPX></Extensions></Trackpoint><Trackpoint><Time>2025-08-12T21:33:25Z</Time><Position><LatitudeDegrees>-8.0496362</LatitudeDegrees><LongitudeDegrees>-34.95305265</LongitudeDegrees></Position><HeartRateBpm><Value>130</Value></HeartRateBpm><Cadence>88</Cadence><Extensions><ns3:TPX><ns3:Speed>2.759999990463257</ns3:Speed><ns3:Pace>0.36</ns3:Pace></ns3:TPX></Extensions></Trackpoint><Trackpoint><Time>2025-08-12T21:33:26Z</Time><Position><LatitudeDegrees>-8.04965587</LatitudeDegrees><LongitudeDegrees>-34.95305364</LongitudeDegrees></Position><HeartRateBpm><Value>130</Value></HeartRateBpm><Cadence>88</Cadence><Extensions><ns3:TPX><ns3:Speed>2.740000009536743</ns3:Speed><ns3:Pace>0.36</ns3:Pace></ns3:TPX></Extensions></Trackpoint><Trackpoint><Time>2025-08-12T21:33:27Z</Time><Position><LatitudeDegrees>-8.04967719</LatitudeDegrees><LongitudeDegrees>-34.95305497</LongitudeDegrees></Position><HeartRateBpm><Value>131</Value></HeartRateBpm><Cadence>88</Cadence><Extensions><ns3:TPX><ns3:Speed>2.7300000190734863</ns3:Speed><ns3:Pace>0.37</ns3:Pace></ns3:TPX></Extensions></Trackpoint><Trackpoint><Time>2025-08-12T21:33:28Z</Time><Position><LatitudeDegrees>-8.04970186</LatitudeDegrees><LongitudeDegrees>-34.95305697</LongitudeDegrees></Position><HeartRateBpm><Value>130</Value></HeartRateBpm><Cadence>88</Cadence><Extensions><ns3:TPX><ns3:Speed>2.680000066757202</ns3:Speed><ns3:Pace>0.37</ns3:Pace></ns3:TPX></Extensions></Trackpoint><Trackpoint><Time>2025-08-12T21:33:29Z</Time><Position><LatitudeDegrees>-8.04972952</LatitudeDegrees><LongitudeDegrees>-34.95306096</LongitudeDegrees></Position><HeartRateBpm><Value>130</Value></HeartRateBpm><Cadence>88</Cadence><Extensions><ns3:TPX><ns3:Speed>2.680000066757202</ns3:Speed><ns3:Pace>0.37</ns3:Pace></ns3:TPX></Extensions></Trackpoint><Trackpoint><Time>2025-08-12T21:33:30Z</Time><Position><LatitudeDegrees>-8.04975851</LatitudeDegrees><LongitudeDegrees>-34.95306729</LongitudeDegrees></Position><HeartRateBpm><Value>129</Value></HeartRateBpm><Cadence>89</Cadence><Extensions><ns3:TPX><ns3:Speed>2.640000104904175</ns3:Speed><ns3:Pace>0.37</ns3:Pace></ns3:TPX></Extensions></Trackpoint><Trackpoint><Time>2025-08-12T21:33:31Z</Time><Position><LatitudeDegrees>-8.0497855</LatitudeDegrees><LongitudeDegrees>-34.95307395</LongitudeDegrees></Position><HeartRateBpm><Value>128</Value></HeartRateBpm><Cadence>88</Cadence><Extensions><ns3:TPX><ns3:Speed>2.640000104904175</ns3:Speed><ns3:Pace>0.37</ns3:Pace></ns3:TPX></Extensions></Trackpoint><Trackpoint><Time>2025-08-12T21:33:32Z</Time><Position><LatitudeDegrees>-8.0498125</LatitudeDegrees><LongitudeDegrees>-34.95307828</LongitudeDegrees></Position><HeartRateBpm><Value>128</Value></HeartRateBpm><Cadence>88</Cadence><Extensions><ns3:TPX><ns3:Speed>2.6500000953674316</ns3:Speed><ns3:Pace>0.37</ns3:Pace></ns3:TPX></Extensions></Trackpoint><Trackpoint><Time>2025-08-12T21:33:33Z</Time><Position><LatitudeDegrees>-8.04983883</LatitudeDegrees><LongitudeDegrees>-34.95308194</LongitudeDegrees></Position><HeartRateBpm><Value>129</Value></HeartRateBpm><Cadence>88</Cadence><Extensions><ns3:TPX><ns3:Speed>2.700000047683716</ns3:Speed><ns3:Pace>0.36</ns3:Pace></ns3:TPX></Extensions></Trackpoint><Trackpoint><Time>2025-08-12T21:33:34Z</Time><Position><LatitudeDegrees>-8.04986282</LatitudeDegrees><LongitudeDegrees>-34.95308259</LongitudeDegrees></Position><HeartRateBpm><Value>128</Value></HeartRateBpm><Cadence>88</Cadence><Extensions><ns3:TPX><ns3:Speed>2.7699999809265137</ns3:Speed><ns3:Pace>0.36</ns3:Pace></ns3:TPX></Extensions></Trackpoint><Trackpoint><Time>2025-08-12T21:33:35Z</Time><Position><LatitudeDegrees>-8.04988648</LatitudeDegrees><LongitudeDegrees>-34.95308259</LongitudeDegrees></Position><HeartRateBpm><Value>128</Value></HeartRateBpm><Cadence>88</Cadence><Extensions><ns3:TPX><ns3:Speed>2.7699999809265137</ns3:Speed><ns3:Pace>0.35</ns3:Pace></ns3:TPX></Extensions></Trackpoint><Trackpoint><Time>2025-08-12T21:33:36Z</Time><Position><LatitudeDegrees>-8.04991081</LatitudeDegrees><LongitudeDegrees>-34.95308426</LongitudeDegrees></Position><HeartRateBpm><Value>127</Value></HeartRateBpm><Cadence>88</Cadence><Extensions><ns3:TPX><ns3:Speed>2.799999952316284</ns3:Speed><ns3:Pace>0.35</ns3:Pace></ns3:TPX></Extensions></Trackpoint><Trackpoint><Time>2025-08-12T21:33:37Z</Time><Position><LatitudeDegrees>-8.04993546</LatitudeDegrees><LongitudeDegrees>-34.95308693</LongitudeDegrees></Position><HeartRateBpm><Value>127</Value></HeartRateBpm><Cadence>88</Cadence><Extensions><ns3:TPX><ns3:Speed>2.799999952316284</ns3:Speed><ns3:Pace>0.35</ns3:Pace></ns3:TPX></Extensions></Trackpoint><Trackpoint><Time>2025-08-12T21:33:38Z</Time><Position><LatitudeDegrees>-8.04996013</LatitudeDegrees><LongitudeDegrees>-34.95309125</LongitudeDegrees></Position><HeartRateBpm><Value>127</Value></HeartRateBpm><Cadence>88</Cadence><Extensions><ns3:TPX><ns3:Speed>2.799999952316284</ns3:Speed><ns3:Pace>0.35</ns3:Pace></ns3:TPX></Extensions></Trackpoint><Trackpoint><Time>2025-08-12T21:33:39Z</Time><Position><LatitudeDegrees>-8.04998346</LatitudeDegrees><LongitudeDegrees>-34.95309724</LongitudeDegrees></Position><HeartRateBpm><Value>127</Value></HeartRateBpm><Cadence>88</Cadence><Extensions><ns3:TPX><ns3:Speed>2.799999952316284</ns3:Speed><ns3:Pace>0.36</ns3:Pace></ns3:TPX></Extensions></Trackpoint><Trackpoint><Time>2025-08-12T21:33:40Z</Time><Position><LatitudeDegrees>-8.05000445</LatitudeDegrees><LongitudeDegrees>-34.95310224</LongitudeDegrees></Position><HeartRateBpm><Value>127</Value></HeartRateBpm><Cadence>88</Cadence><Extensions><ns3:TPX><ns3:Speed>2.7699999809265137</ns3:Speed><ns3:Pace>0.36</ns3:Pace></ns3:TPX></Extensions></Trackpoint><Trackpoint><Time>2025-08-12T21:33:41Z</Time><Position><LatitudeDegrees>-8.05002479</LatitudeDegrees><LongitudeDegrees>-34.95310823</LongitudeDegrees></Position><HeartRateBpm><Value>127</Value></HeartRateBpm><Cadence>88</Cadence><Extensions><ns3:TPX><ns3:Speed>2.7699999809265137</ns3:Speed><ns3:Pace>0.36</ns3:Pace></ns3:TPX></Extensions></Trackpoint><Trackpoint><Time>2025-08-12T21:33:42Z</Time><Position><LatitudeDegrees>-8.05004412</LatitudeDegrees><LongitudeDegrees>-34.9531129</LongitudeDegrees></Position><HeartRateBpm><Value>127</Value></HeartRateBpm><Cadence>89</Cadence><Extensions><ns3:TPX><ns3:Speed>2.740000009536743</ns3:Speed><ns3:Pace>0.36</ns3:Pace></ns3:TPX></Extensions></Trackpoint><Trackpoint><Time>2025-08-12T21:33:43Z</Time><Position><LatitudeDegrees>-8.05006379</LatitudeDegrees><LongitudeDegrees>-34.95311922</LongitudeDegrees></Position><HeartRateBpm><Value>128</Value></HeartRateBpm><Cadence>89</Cadence><Extensions><ns3:TPX><ns3:Speed>2.7300000190734863</ns3:Speed><ns3:Pace>0.36</ns3:Pace></ns3:TPX></Extensions></Trackpoint><Trackpoint><Time>2025-08-12T21:33:44Z</Time><Position><LatitudeDegrees>-8.05008378</LatitudeDegrees><LongitudeDegrees>-34.95312455</LongitudeDegrees></Position><HeartRateBpm><Value>129</Value></HeartRateBpm><Cadence>88</Cadence><Extensions><ns3:TPX><ns3:Speed>2.7300000190734863</ns3:Speed><ns3:Pace>0.36</ns3:Pace></ns3:TPX></Extensions></Trackpoint><Trackpoint><Time>2025-08-12T21:33:45Z</Time><Position><LatitudeDegrees>-8.05010478</LatitudeDegrees><LongitudeDegrees>-34.95312955</LongitudeDegrees></Position><HeartRateBpm><Value>130</Value></HeartRateBpm><Cadence>88</Cadence><Extensions><ns3:TPX><ns3:Speed>2.7100000381469727</ns3:Speed><ns3:Pace>0.37</ns3:Pace></ns3:TPX></Extensions></Trackpoint><Trackpoint><Time>2025-08-12T21:33:46Z</Time><Position><LatitudeDegrees>-8.05012643</LatitudeDegrees><LongitudeDegrees>-34.95313354</LongitudeDegrees></Position><HeartRateBpm><Value>130</Value></HeartRateBpm><Cadence>88</Cadence><Extensions><ns3:TPX><ns3:Speed>2.700000047683716</ns3:Speed><ns3:Pace>0.37</ns3:Pace></ns3:TPX></Extensions></Trackpoint><Trackpoint><Time>2025-08-12T21:33:47Z</Time><Position><LatitudeDegrees>-8.05014977</LatitudeDegrees><LongitudeDegrees>-34.95313988</LongitudeDegrees></Position><HeartRateBpm><Value>130</Value></HeartRateBpm><Cadence>88</Cadence><Extensions><ns3:TPX><ns3:Speed>2.700000047683716</ns3:Speed><ns3:Pace>0.37</ns3:Pace></ns3:TPX></Extensions></Trackpoint><Trackpoint><Time>2025-08-12T21:33:48Z</Time><Position><LatitudeDegrees>-8.05017309</LatitudeDegrees><LongitudeDegrees>-34.95314387</LongitudeDegrees></Position><HeartRateBpm><Value>130</Value></HeartRateBpm><Cadence>89</Cadence><Extensions><ns3:TPX><ns3:Speed>2.680000066757202</ns3:Speed><ns3:Pace>0.37</ns3:Pace></ns3:TPX></Extensions></Trackpoint><Trackpoint><Time>2025-08-12T21:33:49Z</Time><Position><LatitudeDegrees>-8.05019742</LatitudeDegrees><LongitudeDegrees>-34.95314786</LongitudeDegrees></Position><HeartRateBpm><Value>130</Value></HeartRateBpm><Cadence>89</Cadence><Extensions><ns3:TPX><ns3:Speed>2.6700000762939453</ns3:Speed><ns3:Pace>0.37</ns3:Pace></ns3:TPX></Extensions></Trackpoint><Trackpoint><Time>2025-08-12T21:33:50Z</Time><Position><LatitudeDegrees>-8.05022108</LatitudeDegrees><LongitudeDegrees>-34.95314986</LongitudeDegrees></Position><HeartRateBpm><Value>130</Value></HeartRateBpm><Cadence>88</Cadence><Extensions><ns3:TPX><ns3:Speed>2.6600000858306885</ns3:Speed><ns3:Pace>0.37</ns3:Pace></ns3:TPX></Extensions></Trackpoint><Trackpoint><Time>2025-08-12T21:33:51Z</Time><Position><LatitudeDegrees>-8.05024575</LatitudeDegrees><LongitudeDegrees>-34.95315119</LongitudeDegrees></Position><HeartRateBpm><Value>130</Value></HeartRateBpm><Cadence>88</Cadence><Extensions><ns3:TPX><ns3:Speed>2.6500000953674316</ns3:Speed><ns3:Pace>0.37</ns3:Pace></ns3:TPX></Extensions></Trackpoint><Trackpoint><Time>2025-08-12T21:33:52Z</Time><Position><LatitudeDegrees>-8.0502724</LatitudeDegrees><LongitudeDegrees>-34.95315485</LongitudeDegrees></Position><HeartRateBpm><Value>130</Value></HeartRateBpm><Cadence>88</Cadence><Extensions><ns3:TPX><ns3:Speed>2.6500000953674316</ns3:Speed><ns3:Pace>0.37</ns3:Pace></ns3:TPX></Extensions></Trackpoint><Trackpoint><Time>2025-08-12T21:33:53Z</Time><Position><LatitudeDegrees>-8.05030107</LatitudeDegrees><LongitudeDegrees>-34.9531605</LongitudeDegrees></Position><HeartRateBpm><Value>130</Value></HeartRateBpm><Cadence>88</Cadence><Extensions><ns3:TPX><ns3:Speed>2.6500000953674316</ns3:Speed><ns3:Pace>0.37</ns3:Pace></ns3:TPX></Extensions></Trackpoint><Trackpoint><Time>2025-08-12T21:33:54Z</Time><Position><LatitudeDegrees>-8.05032974</LatitudeDegrees><LongitudeDegrees>-34.95316649</LongitudeDegrees></Position><HeartRateBpm><Value>130</Value></HeartRateBpm><Cadence>88</Cadence><Extensions><ns3:TPX><ns3:Speed>2.6500000953674316</ns3:Speed><ns3:Pace>0.37</ns3:Pace></ns3:TPX></Extensions></Trackpoint><Trackpoint><Time>2025-08-12T21:33:55Z</Time><Position><LatitudeDegrees>-8.05035739</LatitudeDegrees><LongitudeDegrees>-34.95317183</LongitudeDegrees></Position><HeartRateBpm><Value>130</Value></HeartRateBpm><Cadence>88</Cadence><Extensions><ns3:TPX><ns3:Speed>2.6500000953674316</ns3:Speed><ns3:Pace>0.37</ns3:Pace></ns3:TPX></Extensions></Trackpoint><Trackpoint><Time>2025-08-12T21:33:56Z</Time><Position><LatitudeDegrees>-8.05038539</LatitudeDegrees><LongitudeDegrees>-34.95317615</LongitudeDegrees></Position><HeartRateBpm><Value>130</Value></HeartRateBpm><Cadence>88</Cadence><Extensions><ns3:TPX><ns3:Speed>2.6500000953674316</ns3:Speed><ns3:Pace>0.37</ns3:Pace></ns3:TPX></Extensions></Trackpoint><Trackpoint><Time>2025-08-12T21:33:57Z</Time><Position><LatitudeDegrees>-8.05041139</LatitudeDegrees><LongitudeDegrees>-34.95317982</LongitudeDegrees></Position><HeartRateBpm><Value>131</Value></HeartRateBpm><Cadence>88</Cadence><Extensions><ns3:TPX><ns3:Speed>2.6600000858306885</ns3:Speed><ns3:Pace>0.37</ns3:Pace></ns3:TPX></Extensions></Trackpoint><Trackpoint><Time>2025-08-12T21:33:58Z</Time><Position><LatitudeDegrees>-8.05043638</LatitudeDegrees><LongitudeDegrees>-34.95318347</LongitudeDegrees></Position><HeartRateBpm><Value>131</Value></HeartRateBpm><Cadence>88</Cadence><Extensions><ns3:TPX><ns3:Speed>2.6700000762939453</ns3:Speed><ns3:Pace>0.37</ns3:Pace></ns3:TPX></Extensions></Trackpoint><Trackpoint><Time>2025-08-12T21:33:59Z</Time><Position><LatitudeDegrees>-8.05046072</LatitudeDegrees><LongitudeDegrees>-34.95318646</LongitudeDegrees></Position><HeartRateBpm><Value>131</Value></HeartRateBpm><Cadence>88</Cadence><Extensions><ns3:TPX><ns3:Speed>2.6700000762939453</ns3:Speed><ns3:Pace>0.37</ns3:Pace></ns3:TPX></Extensions></Trackpoint><Trackpoint><Time>2025-08-12T21:34:00Z</Time><Position><LatitudeDegrees>-8.05048471</LatitudeDegrees><LongitudeDegrees>-34.95318813</LongitudeDegrees></Position><HeartRateBpm><Value>131</Value></HeartRateBpm><Cadence>88</Cadence><Extensions><ns3:TPX><ns3:Speed>2.680000066757202</ns3:Speed><ns3:Pace>0.37</ns3:Pace></ns3:TPX></Extensions></Trackpoint><Trackpoint><Time>2025-08-12T21:34:01Z</Time><Position><LatitudeDegrees>-8.0505087</LatitudeDegrees><LongitudeDegrees>-34.95318945</LongitudeDegrees></Position><HeartRateBpm><Value>132</Value></HeartRateBpm><Cadence>88</Cadence><Extensions><ns3:TPX><ns3:Speed>2.680000066757202</ns3:Speed><ns3:Pace>0.37</ns3:Pace></ns3:TPX></Extensions></Trackpoint><Trackpoint><Time>2025-08-12T21:34:02Z</Time><Position><LatitudeDegrees>-8.05053303</LatitudeDegrees><LongitudeDegrees>-34.95318945</LongitudeDegrees></Position><HeartRateBpm><Value>131</Value></HeartRateBpm><Cadence>87</Cadence><Extensions><ns3:TPX><ns3:Speed>2.690000057220459</ns3:Speed><ns3:Pace>0.37</ns3:Pace></ns3:TPX></Extensions></Trackpoint><Trackpoint><Time>2025-08-12T21:34:03Z</Time><Position><LatitudeDegrees>-8.05055735</LatitudeDegrees><LongitudeDegrees>-34.9531888</LongitudeDegrees></Position><HeartRateBpm><Value>130</Value></HeartRateBpm><Cadence>88</Cadence><Extensions><ns3:TPX><ns3:Speed>2.690000057220459</ns3:Speed><ns3:Pace>0.37</ns3:Pace></ns3:TPX></Extensions></Trackpoint><Trackpoint><Time>2025-08-12T21:34:04Z</Time><Position><LatitudeDegrees>-8.05058269</LatitudeDegrees><LongitudeDegrees>-34.95318814</LongitudeDegrees></Position><HeartRateBpm><Value>130</Value></HeartRateBpm><Cadence>88</Cadence><Extensions><ns3:TPX><ns3:Speed>2.690000057220459</ns3:Speed><ns3:Pace>0.37</ns3:Pace></ns3:TPX></Extensions></Trackpoint><Trackpoint><Time>2025-08-12T21:34:05Z</Time><Position><LatitudeDegrees>-8.05060668</LatitudeDegrees><LongitudeDegrees>-34.95318748</LongitudeDegrees></Position><HeartRateBpm><Value>129</Value></HeartRateBpm><Cadence>88</Cadence><Extensions><ns3:TPX><ns3:Speed>2.690000057220459</ns3:Speed><ns3:Pace>0.37</ns3:Pace></ns3:TPX></Extensions></Trackpoint><Trackpoint><Time>2025-08-12T21:34:06Z</Time><Position><LatitudeDegrees>-8.05063034</LatitudeDegrees><LongitudeDegrees>-34.95318615</LongitudeDegrees></Position><HeartRateBpm><Value>129</Value></HeartRateBpm><Cadence>88</Cadence><Extensions><ns3:TPX><ns3:Speed>2.690000057220459</ns3:Speed><ns3:Pace>0.37</ns3:Pace></ns3:TPX></Extensions></Trackpoint><Trackpoint><Time>2025-08-12T21:34:07Z</Time><Position><LatitudeDegrees>-8.05065234</LatitudeDegrees><LongitudeDegrees>-34.95318283</LongitudeDegrees></Position><HeartRateBpm><Value>128</Value></HeartRateBpm><Cadence>88</Cadence><Extensions><ns3:TPX><ns3:Speed>2.690000057220459</ns3:Speed><ns3:Pace>0.37</ns3:Pace></ns3:TPX></Extensions></Trackpoint><Trackpoint><Time>2025-08-12T21:34:08Z</Time><Position><LatitudeDegrees>-8.05067333</LatitudeDegrees><LongitudeDegrees>-34.9531765</LongitudeDegrees></Position><HeartRateBpm><Value>128</Value></HeartRateBpm><Cadence>89</Cadence><Extensions><ns3:TPX><ns3:Speed>2.690000057220459</ns3:Speed><ns3:Pace>0.37</ns3:Pace></ns3:TPX></Extensions></Trackpoint><Trackpoint><Time>2025-08-12T21:34:09Z</Time><Position><LatitudeDegrees>-8.05069167</LatitudeDegrees><LongitudeDegrees>-34.95317017</LongitudeDegrees></Position><HeartRateBpm><Value>127</Value></HeartRateBpm><Cadence>88</Cadence><Extensions><ns3:TPX><ns3:Speed>2.690000057220459</ns3:Speed><ns3:Pace>0.37</ns3:Pace></ns3:TPX></Extensions></Trackpoint><Trackpoint><Time>2025-08-12T21:34:10Z</Time><Position><LatitudeDegrees>-8.05071167</LatitudeDegrees><LongitudeDegrees>-34.95316484</LongitudeDegrees></Position><HeartRateBpm><Value>128</Value></HeartRateBpm><Cadence>88</Cadence><Extensions><ns3:TPX><ns3:Speed>2.690000057220459</ns3:Speed><ns3:Pace>0.37</ns3:Pace></ns3:TPX></Extensions></Trackpoint><Trackpoint><Time>2025-08-12T21:34:11Z</Time><Position><LatitudeDegrees>-8.05073199</LatitudeDegrees><LongitudeDegrees>-34.95316185</LongitudeDegrees></Position><HeartRateBpm><Value>128</Value></HeartRateBpm><Cadence>88</Cadence><Extensions><ns3:TPX><ns3:Speed>2.690000057220459</ns3:Speed><ns3:Pace>0.37</ns3:Pace></ns3:TPX></Extensions></Trackpoint><Trackpoint><Time>2025-08-12T21:34:12Z</Time><Position><LatitudeDegrees>-8.05075465</LatitudeDegrees><LongitudeDegrees>-34.95316152</LongitudeDegrees></Position><HeartRateBpm><Value>128</Value></HeartRateBpm><Cadence>88</Cadence><Extensions><ns3:TPX><ns3:Speed>2.690000057220459</ns3:Speed><ns3:Pace>0.37</ns3:Pace></ns3:TPX></Extensions></Trackpoint><Trackpoint><Time>2025-08-12T21:34:13Z</Time><Position><LatitudeDegrees>-8.05077864</LatitudeDegrees><LongitudeDegrees>-34.95316286</LongitudeDegrees></Position><HeartRateBpm><Value>128</Value></HeartRateBpm><Cadence>88</Cadence><Extensions><ns3:TPX><ns3:Speed>2.680000066757202</ns3:Speed><ns3:Pace>0.37</ns3:Pace></ns3:TPX></Extensions></Trackpoint><Trackpoint><Time>2025-08-12T21:34:14Z</Time><Position><LatitudeDegrees>-8.05080329</LatitudeDegrees><LongitudeDegrees>-34.95316585</LongitudeDegrees></Position><HeartRateBpm><Value>128</Value></HeartRateBpm><Cadence>89</Cadence><Extensions><ns3:TPX><ns3:Speed>2.680000066757202</ns3:Speed><ns3:Pace>0.37</ns3:Pace></ns3:TPX></Extensions></Trackpoint><Trackpoint><Time>2025-08-12T21:34:15Z</Time><Position><LatitudeDegrees>-8.05082929</LatitudeDegrees><LongitudeDegrees>-34.95316917</LongitudeDegrees></Position><HeartRateBpm><Value>128</Value></HeartRateBpm><Cadence>88</Cadence><Extensions><ns3:TPX><ns3:Speed>2.680000066757202</ns3:Speed><ns3:Pace>0.37</ns3:Pace></ns3:TPX></Extensions></Trackpoint><Trackpoint><Time>2025-08-12T21:34:16Z</Time><Position><LatitudeDegrees>-8.05085596</LatitudeDegrees><LongitudeDegrees>-34.9531745</LongitudeDegrees></Position><HeartRateBpm><Value>128</Value></HeartRateBpm><Cadence>89</Cadence><Extensions><ns3:TPX><ns3:Speed>2.680000066757202</ns3:Speed><ns3:Pace>0.37</ns3:Pace></ns3:TPX></Extensions></Trackpoint><Trackpoint><Time>2025-08-12T21:34:17Z</Time><Position><LatitudeDegrees>-8.05088328</LatitudeDegrees><LongitudeDegrees>-34.95317717</LongitudeDegrees></Position><HeartRateBpm><Value>128</Value></HeartRateBpm><Cadence>88</Cadence><Extensions><ns3:TPX><ns3:Speed>2.680000066757202</ns3:Speed><ns3:Pace>0.37</ns3:Pace></ns3:TPX></Extensions></Trackpoint><Trackpoint><Time>2025-08-12T21:34:18Z</Time><Position><LatitudeDegrees>-8.05091027</LatitudeDegrees><LongitudeDegrees>-34.95318116</LongitudeDegrees></Position><HeartRateBpm><Value>128</Value></HeartRateBpm><Cadence>88</Cadence><Extensions><ns3:TPX><ns3:Speed>2.680000066757202</ns3:Speed><ns3:Pace>0.37</ns3:Pace></ns3:TPX></Extensions></Trackpoint><Trackpoint><Time>2025-08-12T21:34:19Z</Time><Position><LatitudeDegrees>-8.0509366</LatitudeDegrees><LongitudeDegrees>-34.95318516</LongitudeDegrees></Position><HeartRateBpm><Value>128</Value></HeartRateBpm><Cadence>88</Cadence><Extensions><ns3:TPX><ns3:Speed>2.680000066757202</ns3:Speed><ns3:Pace>0.37</ns3:Pace></ns3:TPX></Extensions></Trackpoint><Trackpoint><Time>2025-08-12T21:34:20Z</Time><Position><LatitudeDegrees>-8.0509616</LatitudeDegrees><LongitudeDegrees>-34.95319015</LongitudeDegrees></Position><HeartRateBpm><Value>128</Value></HeartRateBpm><Cadence>88</Cadence><Extensions><ns3:TPX><ns3:Speed>2.680000066757202</ns3:Speed><ns3:Pace>0.37</ns3:Pace></ns3:TPX></Extensions></Trackpoint><Trackpoint><Time>2025-08-12T21:34:21Z</Time><Position><LatitudeDegrees>-8.05098593</LatitudeDegrees><LongitudeDegrees>-34.95319482</LongitudeDegrees></Position><HeartRateBpm><Value>128</Value></HeartRateBpm><Cadence>88</Cadence><Extensions><ns3:TPX><ns3:Speed>2.680000066757202</ns3:Speed><ns3:Pace>0.37</ns3:Pace></ns3:TPX></Extensions></Trackpoint><Trackpoint><Time>2025-08-12T21:34:22Z</Time><Position><LatitudeDegrees>-8.05100892</LatitudeDegrees><LongitudeDegrees>-34.95319781</LongitudeDegrees></Position><HeartRateBpm><Value>128</Value></HeartRateBpm><Cadence>89</Cadence><Extensions><ns3:TPX><ns3:Speed>2.680000066757202</ns3:Speed><ns3:Pace>0.37</ns3:Pace></ns3:TPX></Extensions></Trackpoint><Trackpoint><Time>2025-08-12T21:34:23Z</Time><Position><LatitudeDegrees>-8.05103225</LatitudeDegrees><LongitudeDegrees>-34.95319914</LongitudeDegrees></Position><HeartRateBpm><Value>128</Value></HeartRateBpm><Cadence>88</Cadence><Extensions><ns3:TPX><ns3:Speed>2.680000066757202</ns3:Speed><ns3:Pace>0.37</ns3:Pace></ns3:TPX></Extensions></Trackpoint><Trackpoint><Time>2025-08-12T21:34:24Z</Time><Position><LatitudeDegrees>-8.05105524</LatitudeDegrees><LongitudeDegrees>-34.9531998</LongitudeDegrees></Position><HeartRateBpm><Value>128</Value></HeartRateBpm><Cadence>88</Cadence><Extensions><ns3:TPX><ns3:Speed>2.680000066757202</ns3:Speed><ns3:Pace>0.37</ns3:Pace></ns3:TPX></Extensions></Trackpoint><Trackpoint><Time>2025-08-12T21:34:25Z</Time><Position><LatitudeDegrees>-8.05107891</LatitudeDegrees><LongitudeDegrees>-34.95320012</LongitudeDegrees></Position><HeartRateBpm><Value>128</Value></HeartRateBpm><Cadence>88</Cadence><Extensions><ns3:TPX><ns3:Speed>2.690000057220459</ns3:Speed><ns3:Pace>0.37</ns3:Pace></ns3:TPX></Extensions></Trackpoint><Trackpoint><Time>2025-08-12T21:34:26Z</Time><Position><LatitudeDegrees>-8.0511029</LatitudeDegrees><LongitudeDegrees>-34.95320078</LongitudeDegrees></Position><HeartRateBpm><Value>128</Value></HeartRateBpm><Cadence>88</Cadence><Extensions><ns3:TPX><ns3:Speed>2.690000057220459</ns3:Speed><ns3:Pace>0.37</ns3:Pace></ns3:TPX></Extensions></Trackpoint><Trackpoint><Time>2025-08-12T21:34:27Z</Time><Position><LatitudeDegrees>-8.05112757</LatitudeDegrees><LongitudeDegrees>-34.95320244</LongitudeDegrees></Position><HeartRateBpm><Value>129</Value></HeartRateBpm><Cadence>89</Cadence><Extensions><ns3:TPX><ns3:Speed>2.690000057220459</ns3:Speed><ns3:Pace>0.37</ns3:Pace></ns3:TPX></Extensions></Trackpoint><Trackpoint><Time>2025-08-12T21:34:28Z</Time><Position><LatitudeDegrees>-8.0511519</LatitudeDegrees><LongitudeDegrees>-34.95320511</LongitudeDegrees></Position><HeartRateBpm><Value>129</Value></HeartRateBpm><Cadence>88</Cadence><Extensions><ns3:TPX><ns3:Speed>2.690000057220459</ns3:Speed><ns3:Pace>0.37</ns3:Pace></ns3:TPX></Extensions></Trackpoint><Trackpoint><Time>2025-08-12T21:34:29Z</Time><Position><LatitudeDegrees>-8.05117622</LatitudeDegrees><LongitudeDegrees>-34.95320744</LongitudeDegrees></Position><HeartRateBpm><Value>129</Value></HeartRateBpm><Cadence>88</Cadence><Extensions><ns3:TPX><ns3:Speed>2.690000057220459</ns3:Speed><ns3:Pace>0.37</ns3:Pace></ns3:TPX></Extensions></Trackpoint><Trackpoint><Time>2025-08-12T21:34:30Z</Time><Position><LatitudeDegrees>-8.05120021</LatitudeDegrees><LongitudeDegrees>-34.9532091</LongitudeDegrees></Position><HeartRateBpm><Value>129</Value></HeartRateBpm><Cadence>88</Cadence><Extensions><ns3:TPX><ns3:Speed>2.690000057220459</ns3:Speed><ns3:Pace>0.37</ns3:Pace></ns3:TPX></Extensions></Trackpoint><Trackpoint><Time>2025-08-12T21:34:31Z</Time><Position><LatitudeDegrees>-8.05122388</LatitudeDegrees><LongitudeDegrees>-34.95321077</LongitudeDegrees></Position><HeartRateBpm><Value>129</Value></HeartRateBpm><Cadence>88</Cadence><Extensions><ns3:TPX><ns3:Speed>2.690000057220459</ns3:Speed><ns3:Pace>0.37</ns3:Pace></ns3:TPX></Extensions></Trackpoint><Trackpoint><Time>2025-08-12T21:34:32Z</Time><Position><LatitudeDegrees>-8.0512472</LatitudeDegrees><LongitudeDegrees>-34.95321176</LongitudeDegrees></Position><HeartRateBpm><Value>129</Value></HeartRateBpm><Cadence>88</Cadence><Extensions><ns3:TPX><ns3:Speed>2.690000057220459</ns3:Speed><ns3:Pace>0.37</ns3:Pace></ns3:TPX></Extensions></Trackpoint><Trackpoint><Time>2025-08-12T21:34:33Z</Time><Position><LatitudeDegrees>-8.05127087</LatitudeDegrees><LongitudeDegrees>-34.95321342</LongitudeDegrees></Position><HeartRateBpm><Value>129</Value></HeartRateBpm><Cadence>88</Cadence><Extensions><ns3:TPX><ns3:Speed>2.700000047683716</ns3:Speed><ns3:Pace>0.37</ns3:Pace></ns3:TPX></Extensions></Trackpoint><Trackpoint><Time>2025-08-12T21:34:34Z</Time><Position><LatitudeDegrees>-8.05129386</LatitudeDegrees><LongitudeDegrees>-34.95321708</LongitudeDegrees></Position><HeartRateBpm><Value>129</Value></HeartRateBpm><Cadence>88</Cadence><Extensions><ns3:TPX><ns3:Speed>2.700000047683716</ns3:Speed><ns3:Pace>0.37</ns3:Pace></ns3:TPX></Extensions></Trackpoint><Trackpoint><Time>2025-08-12T21:34:35Z</Time><Position><LatitudeDegrees>-8.05131686</LatitudeDegrees><LongitudeDegrees>-34.95322307</LongitudeDegrees></Position><HeartRateBpm><Value>130</Value></HeartRateBpm><Cadence>88</Cadence><Extensions><ns3:TPX><ns3:Speed>2.700000047683716</ns3:Speed><ns3:Pace>0.37</ns3:Pace></ns3:TPX></Extensions></Trackpoint><Trackpoint><Time>2025-08-12T21:34:36Z</Time><Position><LatitudeDegrees>-8.05133885</LatitudeDegrees><LongitudeDegrees>-34.95323107</LongitudeDegrees></Position><HeartRateBpm><Value>130</Value></HeartRateBpm><Cadence>88</Cadence><Extensions><ns3:TPX><ns3:Speed>2.700000047683716</ns3:Speed><ns3:Pace>0.37</ns3:Pace></ns3:TPX></Extensions></Trackpoint><Trackpoint><Time>2025-08-12T21:34:37Z</Time><Position><LatitudeDegrees>-8.05136085</LatitudeDegrees><LongitudeDegrees>-34.95323907</LongitudeDegrees></Position><HeartRateBpm><Value>131</Value></HeartRateBpm><Cadence>89</Cadence><Extensions><ns3:TPX><ns3:Speed>2.700000047683716</ns3:Speed><ns3:Pace>0.37</ns3:Pace></ns3:TPX></Extensions></Trackpoint><Trackpoint><Time>2025-08-12T21:34:38Z</Time><Position><LatitudeDegrees>-8.05138251</LatitudeDegrees><LongitudeDegrees>-34.95324707</LongitudeDegrees></Position><HeartRateBpm><Value>132</Value></HeartRateBpm><Cadence>89</Cadence><Extensions><ns3:TPX><ns3:Speed>2.700000047683716</ns3:Speed><ns3:Pace>0.37</ns3:Pace></ns3:TPX></Extensions></Trackpoint><Trackpoint><Time>2025-08-12T21:34:39Z</Time><Position><LatitudeDegrees>-8.05140551</LatitudeDegrees><LongitudeDegrees>-34.95325473</LongitudeDegrees></Position><HeartRateBpm><Value>132</Value></HeartRateBpm><Cadence>89</Cadence><Extensions><ns3:TPX><ns3:Speed>2.700000047683716</ns3:Speed><ns3:Pace>0.37</ns3:Pace></ns3:TPX></Extensions></Trackpoint><Trackpoint><Time>2025-08-12T21:34:40Z</Time><Position><LatitudeDegrees>-8.05142851</LatitudeDegrees><LongitudeDegrees>-34.95326173</LongitudeDegrees></Position><HeartRateBpm><Value>132</Value></HeartRateBpm><Cadence>88</Cadence><Extensions><ns3:TPX><ns3:Speed>2.690000057220459</ns3:Speed><ns3:Pace>0.37</ns3:Pace></ns3:TPX></Extensions></Trackpoint><Trackpoint><Time>2025-08-12T21:34:41Z</Time><Position><LatitudeDegrees>-8.05144983</LatitudeDegrees><LongitudeDegrees>-34.95326939</LongitudeDegrees></Position><HeartRateBpm><Value>132</Value></HeartRateBpm><Cadence>88</Cadence><Extensions><ns3:TPX><ns3:Speed>2.690000057220459</ns3:Speed><ns3:Pace>0.37</ns3:Pace></ns3:TPX></Extensions></Trackpoint><Trackpoint><Time>2025-08-12T21:34:42Z</Time><Position><LatitudeDegrees>-8.05147083</LatitudeDegrees><LongitudeDegrees>-34.95327872</LongitudeDegrees></Position><HeartRateBpm><Value>132</Value></HeartRateBpm><Cadence>88</Cadence><Extensions><ns3:TPX><ns3:Speed>2.690000057220459</ns3:Speed><ns3:Pace>0.37</ns3:Pace></ns3:TPX></Extensions></Trackpoint><Trackpoint><Time>2025-08-12T21:34:43Z</Time><Position><LatitudeDegrees>-8.05149149</LatitudeDegrees><LongitudeDegrees>-34.95328804</LongitudeDegrees></Position><HeartRateBpm><Value>132</Value></HeartRateBpm><Cadence>88</Cadence><Extensions><ns3:TPX><ns3:Speed>2.690000057220459</ns3:Speed><ns3:Pace>0.37</ns3:Pace></ns3:TPX></Extensions></Trackpoint><Trackpoint><Time>2025-08-12T21:34:44Z</Time><Position><LatitudeDegrees>-8.05151149</LatitudeDegrees><LongitudeDegrees>-34.95329604</LongitudeDegrees></Position><HeartRateBpm><Value>132</Value></HeartRateBpm><Cadence>88</Cadence><Extensions><ns3:TPX><ns3:Speed>2.690000057220459</ns3:Speed><ns3:Pace>0.37</ns3:Pace></ns3:TPX></Extensions></Trackpoint><Trackpoint><Time>2025-08-12T21:34:45Z</Time><Position><LatitudeDegrees>-8.05153148</LatitudeDegrees><LongitudeDegrees>-34.95330304</LongitudeDegrees></Position><HeartRateBpm><Value>132</Value></HeartRateBpm><Cadence>88</Cadence><Extensions><ns3:TPX><ns3:Speed>2.690000057220459</ns3:Speed><ns3:Pace>0.37</ns3:Pace></ns3:TPX></Extensions></Trackpoint><Trackpoint><Time>2025-08-12T21:34:46Z</Time><Position><LatitudeDegrees>-8.05155248</LatitudeDegrees><LongitudeDegrees>-34.95330871</LongitudeDegrees></Position><HeartRateBpm><Value>130</Value></HeartRateBpm><Cadence>88</Cadence><Extensions><ns3:TPX><ns3:Speed>2.690000057220459</ns3:Speed><ns3:Pace>0.37</ns3:Pace></ns3:TPX></Extensions></Trackpoint><Trackpoint><Time>2025-08-12T21:34:47Z</Time><Position><LatitudeDegrees>-8.05157481</LatitudeDegrees><LongitudeDegrees>-34.9533137</LongitudeDegrees></Position><HeartRateBpm><Value>129</Value></HeartRateBpm><Cadence>88</Cadence><Extensions><ns3:TPX><ns3:Speed>2.690000057220459</ns3:Speed><ns3:Pace>0.37</ns3:Pace></ns3:TPX></Extensions></Trackpoint><Trackpoint><Time>2025-08-12T21:34:48Z</Time><Position><LatitudeDegrees>-8.05159813</LatitudeDegrees><LongitudeDegrees>-34.9533177</LongitudeDegrees></Position><HeartRateBpm><Value>129</Value></HeartRateBpm><Cadence>88</Cadence><Extensions><ns3:TPX><ns3:Speed>2.690000057220459</ns3:Speed><ns3:Pace>0.37</ns3:Pace></ns3:TPX></Extensions></Trackpoint><Trackpoint><Time>2025-08-12T21:34:49Z</Time><Position><LatitudeDegrees>-8.05162147</LatitudeDegrees><LongitudeDegrees>-34.95332135</LongitudeDegrees></Position><HeartRateBpm><Value>128</Value></HeartRateBpm><Cadence>88</Cadence><Extensions><ns3:TPX><ns3:Speed>2.680000066757202</ns3:Speed><ns3:Pace>0.37</ns3:Pace></ns3:TPX></Extensions></Trackpoint><Trackpoint><Time>2025-08-12T21:34:50Z</Time><Position><LatitudeDegrees>-8.05164447</LatitudeDegrees><LongitudeDegrees>-34.95332369</LongitudeDegrees></Position><HeartRateBpm><Value>128</Value></HeartRateBpm><Cadence>89</Cadence><Extensions><ns3:TPX><ns3:Speed>2.680000066757202</ns3:Speed><ns3:Pace>0.37</ns3:Pace></ns3:TPX></Extensions></Trackpoint><Trackpoint><Time>2025-08-12T21:34:51Z</Time><Position><LatitudeDegrees>-8.05166779</LatitudeDegrees><LongitudeDegrees>-34.95332535</LongitudeDegrees></Position><HeartRateBpm><Value>128</Value></HeartRateBpm><Cadence>89</Cadence><Extensions><ns3:TPX><ns3:Speed>2.680000066757202</ns3:Speed><ns3:Pace>0.37</ns3:Pace></ns3:TPX></Extensions></Trackpoint><Trackpoint><Time>2025-08-12T21:34:52Z</Time><Position><LatitudeDegrees>-8.05171611</LatitudeDegrees><LongitudeDegrees>-34.95332767</LongitudeDegrees></Position><HeartRateBpm><Value>128</Value></HeartRateBpm><Cadence>88</Cadence><Extensions><ns3:TPX><ns3:Speed>2.680000066757202</ns3:Speed><ns3:Pace>0.37</ns3:Pace></ns3:TPX></Extensions></Trackpoint><Trackpoint><Time>2025-08-12T21:34:53Z</Time><Position><LatitudeDegrees>-8.05173977</LatitudeDegrees><LongitudeDegrees>-34.953329</LongitudeDegrees></Position><HeartRateBpm><Value>128</Value></HeartRateBpm><Cadence>88</Cadence><Extensions><ns3:TPX><ns3:Speed>2.680000066757202</ns3:Speed><ns3:Pace>0.37</ns3:Pace></ns3:TPX></Extensions></Trackpoint><Trackpoint><Time>2025-08-12T21:34:54Z</Time><Position><LatitudeDegrees>-8.0517641</LatitudeDegrees><LongitudeDegrees>-34.95333066</LongitudeDegrees></Position><HeartRateBpm><Value>128</Value></HeartRateBpm><Cadence>88</Cadence><Extensions><ns3:TPX><ns3:Speed>2.6700000762939453</ns3:Speed><ns3:Pace>0.37</ns3:Pace></ns3:TPX></Extensions></Trackpoint><Trackpoint><Time>2025-08-12T21:34:55Z</Time><Position><LatitudeDegrees>-8.0517891</LatitudeDegrees><LongitudeDegrees>-34.95333232</LongitudeDegrees></Position><HeartRateBpm><Value>128</Value></HeartRateBpm><Cadence>88</Cadence><Extensions><ns3:TPX><ns3:Speed>2.6700000762939453</ns3:Speed><ns3:Pace>0.37</ns3:Pace></ns3:TPX></Extensions></Trackpoint><Trackpoint><Time>2025-08-12T21:34:56Z</Time><Position><LatitudeDegrees>-8.05181443</LatitudeDegrees><LongitudeDegrees>-34.95333432</LongitudeDegrees></Position><HeartRateBpm><Value>128</Value></HeartRateBpm><Cadence>88</Cadence><Extensions><ns3:TPX><ns3:Speed>2.6700000762939453</ns3:Speed><ns3:Pace>0.37</ns3:Pace></ns3:TPX></Extensions></Trackpoint><Trackpoint><Time>2025-08-12T21:34:57Z</Time><Position><LatitudeDegrees>-8.05183809</LatitudeDegrees><LongitudeDegrees>-34.95333598</LongitudeDegrees></Position><HeartRateBpm><Value>127</Value></HeartRateBpm><Cadence>88</Cadence><Extensions><ns3:TPX><ns3:Speed>2.6700000762939453</ns3:Speed><ns3:Pace>0.37</ns3:Pace></ns3:TPX></Extensions></Trackpoint><Trackpoint><Time>2025-08-12T21:34:58Z</Time><Position><LatitudeDegrees>-8.05186143</LatitudeDegrees><LongitudeDegrees>-34.95333698</LongitudeDegrees></Position><HeartRateBpm><Value>127</Value></HeartRateBpm><Cadence>88</Cadence><Extensions><ns3:TPX><ns3:Speed>2.6700000762939453</ns3:Speed><ns3:Pace>0.37</ns3:Pace></ns3:TPX></Extensions></Trackpoint><Trackpoint><Time>2025-08-12T21:34:59Z</Time><Position><LatitudeDegrees>-8.05188243</LatitudeDegrees><LongitudeDegrees>-34.9533373</LongitudeDegrees></Position><HeartRateBpm><Value>127</Value></HeartRateBpm><Cadence>88</Cadence><Extensions><ns3:TPX><ns3:Speed>2.6700000762939453</ns3:Speed><ns3:Pace>0.37</ns3:Pace></ns3:TPX></Extensions></Trackpoint><Trackpoint><Time>2025-08-12T21:35:00Z</Time><Position><LatitudeDegrees>-8.05190543</LatitudeDegrees><LongitudeDegrees>-34.95333796</LongitudeDegrees></Position><HeartRateBpm><Value>127</Value></HeartRateBpm><Cadence>88</Cadence><Extensions><ns3:TPX><ns3:Speed>2.6700000762939453</ns3:Speed><ns3:Pace>0.37</ns3:Pace></ns3:TPX></Extensions></Trackpoint><Trackpoint><Time>2025-08-12T21:35:01Z</Time><Position><LatitudeDegrees>-8.05192875</LatitudeDegrees><LongitudeDegrees>-34.95333828</LongitudeDegrees></Position><HeartRateBpm><Value>127</Value></HeartRateBpm><Cadence>88</Cadence><Extensions><ns3:TPX><ns3:Speed>2.680000066757202</ns3:Speed><ns3:Pace>0.37</ns3:Pace></ns3:TPX></Extensions></Trackpoint><Trackpoint><Time>2025-08-12T21:35:02Z</Time><Position><LatitudeDegrees>-8.05195308</LatitudeDegrees><LongitudeDegrees>-34.95333828</LongitudeDegrees></Position><HeartRateBpm><Value>127</Value></HeartRateBpm><Cadence>88</Cadence><Extensions><ns3:TPX><ns3:Speed>2.680000066757202</ns3:Speed><ns3:Pace>0.37</ns3:Pace></ns3:TPX></Extensions></Trackpoint><Trackpoint><Time>2025-08-12T21:35:03Z</Time><Position><LatitudeDegrees>-8.05197674</LatitudeDegrees><LongitudeDegrees>-34.95333962</LongitudeDegrees></Position><HeartRateBpm><Value>126</Value></HeartRateBpm><Cadence>89</Cadence><Extensions><ns3:TPX><ns3:Speed>2.680000066757202</ns3:Speed><ns3:Pace>0.37</ns3:Pace></ns3:TPX></Extensions></Trackpoint><Trackpoint><Time>2025-08-12T21:35:04Z</Time><Position><LatitudeDegrees>-8.05200041</LatitudeDegrees><LongitudeDegrees>-34.95334094</LongitudeDegrees></Position><HeartRateBpm><Value>126</Value></HeartRateBpm><Cadence>89</Cadence><Extensions><ns3:TPX><ns3:Speed>2.680000066757202</ns3:Speed><ns3:Pace>0.37</ns3:Pace></ns3:TPX></Extensions></Trackpoint><Trackpoint><Time>2025-08-12T21:35:05Z</Time><Position><LatitudeDegrees>-8.0520234</LatitudeDegrees><LongitudeDegrees>-34.95334361</LongitudeDegrees></Position><HeartRateBpm><Value>126</Value></HeartRateBpm><Cadence>89</Cadence><Extensions><ns3:TPX><ns3:Speed>2.680000066757202</ns3:Speed><ns3:Pace>0.37</ns3:Pace></ns3:TPX></Extensions></Trackpoint><Trackpoint><Time>2025-08-12T21:35:06Z</Time><Position><LatitudeDegrees>-8.05204706</LatitudeDegrees><LongitudeDegrees>-34.9533446</LongitudeDegrees></Position><HeartRateBpm><Value>126</Value></HeartRateBpm><Cadence>89</Cadence><Extensions><ns3:TPX><ns3:Speed>2.680000066757202</ns3:Speed><ns3:Pace>0.37</ns3:Pace></ns3:TPX></Extensions></Trackpoint><Trackpoint><Time>2025-08-12T21:35:07Z</Time><Position><LatitudeDegrees>-8.05207073</LatitudeDegrees><LongitudeDegrees>-34.95334493</LongitudeDegrees></Position><HeartRateBpm><Value>125</Value></HeartRateBpm><Cadence>89</Cadence><Extensions><ns3:TPX><ns3:Speed>2.680000066757202</ns3:Speed><ns3:Pace>0.37</ns3:Pace></ns3:TPX></Extensions></Trackpoint><Trackpoint><Time>2025-08-12T21:35:08Z</Time><Position><LatitudeDegrees>-8.05209405</LatitudeDegrees><LongitudeDegrees>-34.9533446</LongitudeDegrees></Position><HeartRateBpm><Value>125</Value></HeartRateBpm><Cadence>89</Cadence><Extensions><ns3:TPX><ns3:Speed>2.6700000762939453</ns3:Speed><ns3:Pace>0.37</ns3:Pace></ns3:TPX></Extensions></Trackpoint><Trackpoint><Time>2025-08-12T21:35:09Z</Time><Position><LatitudeDegrees>-8.05211739</LatitudeDegrees><LongitudeDegrees>-34.95334427</LongitudeDegrees></Position><HeartRateBpm><Value>125</Value></HeartRateBpm><Cadence>88</Cadence><Extensions><ns3:TPX><ns3:Speed>2.6700000762939453</ns3:Speed><ns3:Pace>0.37</ns3:Pace></ns3:TPX></Extensions></Trackpoint><Trackpoint><Time>2025-08-12T21:35:10Z</Time><Position><LatitudeDegrees>-8.05213972</LatitudeDegrees><LongitudeDegrees>-34.95334194</LongitudeDegrees></Position><HeartRateBpm><Value>125</Value></HeartRateBpm><Cadence>88</Cadence><Extensions><ns3:TPX><ns3:Speed>2.6700000762939453</ns3:Speed><ns3:Pace>0.37</ns3:Pace></ns3:TPX></Extensions></Trackpoint><Trackpoint><Time>2025-08-12T21:35:11Z</Time><Position><LatitudeDegrees>-8.05216205</LatitudeDegrees><LongitudeDegrees>-34.95333995</LongitudeDegrees></Position><HeartRateBpm><Value>125</Value></HeartRateBpm><Cadence>88</Cadence><Extensions><ns3:TPX><ns3:Speed>2.6700000762939453</ns3:Speed><ns3:Pace>0.37</ns3:Pace></ns3:TPX></Extensions></Trackpoint><Trackpoint><Time>2025-08-12T21:35:12Z</Time><Position><LatitudeDegrees>-8.05218438</LatitudeDegrees><LongitudeDegrees>-34.95333895</LongitudeDegrees></Position><HeartRateBpm><Value>125</Value></HeartRateBpm><Cadence>88</Cadence><Extensions><ns3:TPX><ns3:Speed>2.6700000762939453</ns3:Speed><ns3:Pace>0.37</ns3:Pace></ns3:TPX></Extensions></Trackpoint><Trackpoint><Time>2025-08-12T21:35:13Z</Time><Position><LatitudeDegrees>-8.05220704</LatitudeDegrees><LongitudeDegrees>-34.95333895</LongitudeDegrees></Position><HeartRateBpm><Value>125</Value></HeartRateBpm><Cadence>88</Cadence><Extensions><ns3:TPX><ns3:Speed>2.6700000762939453</ns3:Speed><ns3:Pace>0.37</ns3:Pace></ns3:TPX></Extensions></Trackpoint><Trackpoint><Time>2025-08-12T21:35:14Z</Time><Position><LatitudeDegrees>-8.0522307</LatitudeDegrees><LongitudeDegrees>-34.95334062</LongitudeDegrees></Position><HeartRateBpm><Value>124</Value></HeartRateBpm><Cadence>88</Cadence><Extensions><ns3:TPX><ns3:Speed>2.6700000762939453</ns3:Speed><ns3:Pace>0.37</ns3:Pace></ns3:TPX></Extensions></Trackpoint><Trackpoint><Time>2025-08-12T21:35:15Z</Time><Position><LatitudeDegrees>-8.05225402</LatitudeDegrees><LongitudeDegrees>-34.95334161</LongitudeDegrees></Position><HeartRateBpm><Value>123</Value></HeartRateBpm><Cadence>88</Cadence><Extensions><ns3:TPX><ns3:Speed>2.6700000762939453</ns3:Speed><ns3:Pace>0.37</ns3:Pace></ns3:TPX></Extensions></Trackpoint><Trackpoint><Time>2025-08-12T21:35:16Z</Time><Position><LatitudeDegrees>-8.05227802</LatitudeDegrees><LongitudeDegrees>-34.95334294</LongitudeDegrees></Position><HeartRateBpm><Value>122</Value></HeartRateBpm><Cadence>89</Cadence><Extensions><ns3:TPX><ns3:Speed>2.6600000858306885</ns3:Speed><ns3:Pace>0.37</ns3:Pace></ns3:TPX></Extensions></Trackpoint><Trackpoint><Time>2025-08-12T21:35:17Z</Time><Position><LatitudeDegrees>-8.05230235</LatitudeDegrees><LongitudeDegrees>-34.9533436</LongitudeDegrees></Position><HeartRateBpm><Value>122</Value></HeartRateBpm><Cadence>89</Cadence><Extensions><ns3:TPX><ns3:Speed>2.6600000858306885</ns3:Speed><ns3:Pace>0.37</ns3:Pace></ns3:TPX></Extensions></Trackpoint><Trackpoint><Time>2025-08-12T21:35:18Z</Time><Position><LatitudeDegrees>-8.052327</LatitudeDegrees><LongitudeDegrees>-34.95334526</LongitudeDegrees></Position><HeartRateBpm><Value>122</Value></HeartRateBpm><Cadence>88</Cadence><Extensions><ns3:TPX><ns3:Speed>2.6600000858306885</ns3:Speed><ns3:Pace>0.37</ns3:Pace></ns3:TPX></Extensions></Trackpoint><Trackpoint><Time>2025-08-12T21:35:19Z</Time><Position><LatitudeDegrees>-8.05235167</LatitudeDegrees><LongitudeDegrees>-34.95334692</LongitudeDegrees></Position><HeartRateBpm><Value>122</Value></HeartRateBpm><Cadence>89</Cadence><Extensions><ns3:TPX><ns3:Speed>2.6600000858306885</ns3:Speed><ns3:Pace>0.37</ns3:Pace></ns3:TPX></Extensions></Trackpoint><Trackpoint><Time>2025-08-12T21:35:20Z</Time><Position><LatitudeDegrees>-8.05237634</LatitudeDegrees><LongitudeDegrees>-34.95334825</LongitudeDegrees></Position><HeartRateBpm><Value>122</Value></HeartRateBpm><Cadence>89</Cadence><Extensions><ns3:TPX><ns3:Speed>2.6600000858306885</ns3:Speed><ns3:Pace>0.37</ns3:Pace></ns3:TPX></Extensions></Trackpoint><Trackpoint><Time>2025-08-12T21:35:21Z</Time><Position><LatitudeDegrees>-8.05240134</LatitudeDegrees><LongitudeDegrees>-34.95334891</LongitudeDegrees></Position><HeartRateBpm><Value>121</Value></HeartRateBpm><Cadence>89</Cadence><Extensions><ns3:TPX><ns3:Speed>2.6600000858306885</ns3:Speed><ns3:Pace>0.37</ns3:Pace></ns3:TPX></Extensions></Trackpoint><Trackpoint><Time>2025-08-12T21:35:22Z</Time><Position><LatitudeDegrees>-8.05242599</LatitudeDegrees><LongitudeDegrees>-34.95334891</LongitudeDegrees></Position><HeartRateBpm><Value>121</Value></HeartRateBpm><Cadence>89</Cadence><Extensions><ns3:TPX><ns3:Speed>2.6600000858306885</ns3:Speed><ns3:Pace>0.37</ns3:Pace></ns3:TPX></Extensions></Trackpoint><Trackpoint><Time>2025-08-12T21:35:23Z</Time><Position><LatitudeDegrees>-8.05245066</LatitudeDegrees><LongitudeDegrees>-34.9533499</LongitudeDegrees></Position><HeartRateBpm><Value>121</Value></HeartRateBpm><Cadence>89</Cadence><Extensions><ns3:TPX><ns3:Speed>2.6600000858306885</ns3:Speed><ns3:Pace>0.37</ns3:Pace></ns3:TPX></Extensions></Trackpoint><Trackpoint><Time>2025-08-12T21:35:24Z</Time><Position><LatitudeDegrees>-8.05247465</LatitudeDegrees><LongitudeDegrees>-34.95335157</LongitudeDegrees></Position><HeartRateBpm><Value>121</Value></HeartRateBpm><Cadence>89</Cadence><Extensions><ns3:TPX><ns3:Speed>2.6600000858306885</ns3:Speed><ns3:Pace>0.37</ns3:Pace></ns3:TPX></Extensions></Trackpoint><Trackpoint><Time>2025-08-12T21:35:25Z</Time><Position><LatitudeDegrees>-8.05249898</LatitudeDegrees><LongitudeDegrees>-34.95335357</LongitudeDegrees></Position><HeartRateBpm><Value>121</Value></HeartRateBpm><Cadence>89</Cadence><Extensions><ns3:TPX><ns3:Speed>2.6600000858306885</ns3:Speed><ns3:Pace>0.37</ns3:Pace></ns3:TPX></Extensions></Trackpoint><Trackpoint><Time>2025-08-12T21:35:26Z</Time><Position><LatitudeDegrees>-8.05252397</LatitudeDegrees><LongitudeDegrees>-34.95335556</LongitudeDegrees></Position><HeartRateBpm><Value>121</Value></HeartRateBpm><Cadence>89</Cadence><Extensions><ns3:TPX><ns3:Speed>2.6700000762939453</ns3:Speed><ns3:Pace>0.37</ns3:Pace></ns3:TPX></Extensions></Trackpoint><Trackpoint><Time>2025-08-12T21:35:27Z</Time><Position><LatitudeDegrees>-8.05254964</LatitudeDegrees><LongitudeDegrees>-34.95335789</LongitudeDegrees></Position><HeartRateBpm><Value>122</Value></HeartRateBpm><Cadence>89</Cadence><Extensions><ns3:TPX><ns3:Speed>2.6700000762939453</ns3:Speed><ns3:Pace>0.37</ns3:Pace></ns3:TPX></Extensions></Trackpoint><Trackpoint><Time>2025-08-12T21:35:28Z</Time><Position><LatitudeDegrees>-8.05257596</LatitudeDegrees><LongitudeDegrees>-34.95335922</LongitudeDegrees></Position><HeartRateBpm><Value>122</Value></HeartRateBpm><Cadence>89</Cadence><Extensions><ns3:TPX><ns3:Speed>2.6700000762939453</ns3:Speed><ns3:Pace>0.37</ns3:Pace></ns3:TPX></Extensions></Trackpoint><Trackpoint><Time>2025-08-12T21:35:29Z</Time><Position><LatitudeDegrees>-8.05260229</LatitudeDegrees><LongitudeDegrees>-34.95336021</LongitudeDegrees></Position><HeartRateBpm><Value>122</Value></HeartRateBpm><Cadence>89</Cadence><Extensions><ns3:TPX><ns3:Speed>2.6700000762939453</ns3:Speed><ns3:Pace>0.37</ns3:Pace></ns3:TPX></Extensions></Trackpoint><Trackpoint><Time>2025-08-12T21:35:30Z</Time><Position><LatitudeDegrees>-8.05262662</LatitudeDegrees><LongitudeDegrees>-34.9533612</LongitudeDegrees></Position><HeartRateBpm><Value>123</Value></HeartRateBpm><Cadence>89</Cadence><Extensions><ns3:TPX><ns3:Speed>2.680000066757202</ns3:Speed><ns3:Pace>0.37</ns3:Pace></ns3:TPX></Extensions></Trackpoint><Trackpoint><Time>2025-08-12T21:35:31Z</Time><Position><LatitudeDegrees>-8.05265028</LatitudeDegrees><LongitudeDegrees>-34.95336387</LongitudeDegrees></Position><HeartRateBpm><Value>123</Value></HeartRateBpm><Cadence>88</Cadence><Extensions><ns3:TPX><ns3:Speed>2.680000066757202</ns3:Speed><ns3:Pace>0.37</ns3:Pace></ns3:TPX></Extensions></Trackpoint><Trackpoint><Time>2025-08-12T21:35:32Z</Time><Position><LatitudeDegrees>-8.05267328</LatitudeDegrees><LongitudeDegrees>-34.95336587</LongitudeDegrees></Position><HeartRateBpm><Value>124</Value></HeartRateBpm><Cadence>88</Cadence><Extensions><ns3:TPX><ns3:Speed>2.680000066757202</ns3:Speed><ns3:Pace>0.37</ns3:Pace></ns3:TPX></Extensions></Trackpoint><Trackpoint><Time>2025-08-12T21:35:33Z</Time><Position><LatitudeDegrees>-8.05269594</LatitudeDegrees><LongitudeDegrees>-34.95336787</LongitudeDegrees></Position><HeartRateBpm><Value>124</Value></HeartRateBpm><Cadence>88</Cadence><Extensions><ns3:TPX><ns3:Speed>2.680000066757202</ns3:Speed><ns3:Pace>0.37</ns3:Pace></ns3:TPX></Extensions></Trackpoint><Trackpoint><Time>2025-08-12T21:35:34Z</Time><Position><LatitudeDegrees>-8.0527186</LatitudeDegrees><LongitudeDegrees>-34.9533702</LongitudeDegrees></Position><HeartRateBpm><Value>124</Value></HeartRateBpm><Cadence>88</Cadence><Extensions><ns3:TPX><ns3:Speed>2.680000066757202</ns3:Speed><ns3:Pace>0.37</ns3:Pace></ns3:TPX></Extensions></Trackpoint><Trackpoint><Time>2025-08-12T21:35:35Z</Time><Position><LatitudeDegrees>-8.05274126</LatitudeDegrees><LongitudeDegrees>-34.95337186</LongitudeDegrees></Position><HeartRateBpm><Value>124</Value></HeartRateBpm><Cadence>88</Cadence><Extensions><ns3:TPX><ns3:Speed>2.680000066757202</ns3:Speed><ns3:Pace>0.37</ns3:Pace></ns3:TPX></Extensions></Trackpoint><Trackpoint><Time>2025-08-12T21:35:36Z</Time><Position><LatitudeDegrees>-8.05276325</LatitudeDegrees><LongitudeDegrees>-34.95337485</LongitudeDegrees></Position><HeartRateBpm><Value>124</Value></HeartRateBpm><Cadence>88</Cadence><Extensions><ns3:TPX><ns3:Speed>2.690000057220459</ns3:Speed><ns3:Pace>0.37</ns3:Pace></ns3:TPX></Extensions></Trackpoint><Trackpoint><Time>2025-08-12T21:35:37Z</Time><Position><LatitudeDegrees>-8.05278524</LatitudeDegrees><LongitudeDegrees>-34.95337817</LongitudeDegrees></Position><HeartRateBpm><Value>125</Value></HeartRateBpm><Cadence>88</Cadence><Extensions><ns3:TPX><ns3:Speed>2.690000057220459</ns3:Speed><ns3:Pace>0.37</ns3:Pace></ns3:TPX></Extensions></Trackpoint><Trackpoint><Time>2025-08-12T21:35:38Z</Time><Position><LatitudeDegrees>-8.05280657</LatitudeDegrees><LongitudeDegrees>-34.95337984</LongitudeDegrees></Position><HeartRateBpm><Value>125</Value></HeartRateBpm><Cadence>87</Cadence><Extensions><ns3:TPX><ns3:Speed>2.680000066757202</ns3:Speed><ns3:Pace>0.37</ns3:Pace></ns3:TPX></Extensions></Trackpoint><Trackpoint><Time>2025-08-12T21:35:39Z</Time><Position><LatitudeDegrees>-8.05282757</LatitudeDegrees><LongitudeDegrees>-34.95338116</LongitudeDegrees></Position><HeartRateBpm><Value>126</Value></HeartRateBpm><Cadence>88</Cadence><Extensions><ns3:TPX><ns3:Speed>2.680000066757202</ns3:Speed><ns3:Pace>0.37</ns3:Pace></ns3:TPX></Extensions></Trackpoint><Trackpoint><Time>2025-08-12T21:35:40Z</Time><Position><LatitudeDegrees>-8.05284856</LatitudeDegrees><LongitudeDegrees>-34.95338216</LongitudeDegrees></Position><HeartRateBpm><Value>126</Value></HeartRateBpm><Cadence>88</Cadence><Extensions><ns3:TPX><ns3:Speed>2.680000066757202</ns3:Speed><ns3:Pace>0.37</ns3:Pace></ns3:TPX></Extensions></Trackpoint><Trackpoint><Time>2025-08-12T21:35:41Z</Time><Position><LatitudeDegrees>-8.05287056</LatitudeDegrees><LongitudeDegrees>-34.95338216</LongitudeDegrees></Position><HeartRateBpm><Value>126</Value></HeartRateBpm><Cadence>88</Cadence><Extensions><ns3:TPX><ns3:Speed>2.680000066757202</ns3:Speed><ns3:Pace>0.37</ns3:Pace></ns3:TPX></Extensions></Trackpoint><Trackpoint><Time>2025-08-12T21:35:42Z</Time><Position><LatitudeDegrees>-8.05289289</LatitudeDegrees><LongitudeDegrees>-34.95338249</LongitudeDegrees></Position><HeartRateBpm><Value>126</Value></HeartRateBpm><Cadence>88</Cadence><Extensions><ns3:TPX><ns3:Speed>2.680000066757202</ns3:Speed><ns3:Pace>0.37</ns3:Pace></ns3:TPX></Extensions></Trackpoint><Trackpoint><Time>2025-08-12T21:35:43Z</Time><Position><LatitudeDegrees>-8.05291623</LatitudeDegrees><LongitudeDegrees>-34.95338348</LongitudeDegrees></Position><HeartRateBpm><Value>126</Value></HeartRateBpm><Cadence>88</Cadence><Extensions><ns3:TPX><ns3:Speed>2.6700000762939453</ns3:Speed><ns3:Pace>0.37</ns3:Pace></ns3:TPX></Extensions></Trackpoint><Trackpoint><Time>2025-08-12T21:35:44Z</Time><Position><LatitudeDegrees>-8.05293955</LatitudeDegrees><LongitudeDegrees>-34.95338581</LongitudeDegrees></Position><HeartRateBpm><Value>126</Value></HeartRateBpm><Cadence>88</Cadence><Extensions><ns3:TPX><ns3:Speed>2.6700000762939453</ns3:Speed><ns3:Pace>0.37</ns3:Pace></ns3:TPX></Extensions></Trackpoint><Trackpoint><Time>2025-08-12T21:35:45Z</Time><Position><LatitudeDegrees>-8.05296221</LatitudeDegrees><LongitudeDegrees>-34.95338981</LongitudeDegrees></Position><HeartRateBpm><Value>127</Value></HeartRateBpm><Cadence>89</Cadence><Extensions><ns3:TPX><ns3:Speed>2.6600000858306885</ns3:Speed><ns3:Pace>0.37</ns3:Pace></ns3:TPX></Extensions></Trackpoint><Trackpoint><Time>2025-08-12T21:35:46Z</Time><Position><LatitudeDegrees>-8.05298454</LatitudeDegrees><LongitudeDegrees>-34.95339447</LongitudeDegrees></Position><HeartRateBpm><Value>127</Value></HeartRateBpm><Cadence>88</Cadence><Extensions><ns3:TPX><ns3:Speed>2.6500000953674316</ns3:Speed><ns3:Pace>0.37</ns3:Pace></ns3:TPX></Extensions></Trackpoint><Trackpoint><Time>2025-08-12T21:35:47Z</Time><Position><LatitudeDegrees>-8.05300653</LatitudeDegrees><LongitudeDegrees>-34.95339913</LongitudeDegrees></Position><HeartRateBpm><Value>127</Value></HeartRateBpm><Cadence>88</Cadence><Extensions><ns3:TPX><ns3:Speed>2.6500000953674316</ns3:Speed><ns3:Pace>0.37</ns3:Pace></ns3:TPX></Extensions></Trackpoint><Trackpoint><Time>2025-08-12T21:35:48Z</Time><Position><LatitudeDegrees>-8.05302852</LatitudeDegrees><LongitudeDegrees>-34.95340447</LongitudeDegrees></Position><HeartRateBpm><Value>127</Value></HeartRateBpm><Cadence>88</Cadence><Extensions><ns3:TPX><ns3:Speed>2.6500000953674316</ns3:Speed><ns3:Pace>0.37</ns3:Pace></ns3:TPX></Extensions></Trackpoint><Trackpoint><Time>2025-08-12T21:35:49Z</Time><Position><LatitudeDegrees>-8.05305118</LatitudeDegrees><LongitudeDegrees>-34.95341079</LongitudeDegrees></Position><HeartRateBpm><Value>127</Value></HeartRateBpm><Cadence>89</Cadence><Extensions><ns3:TPX><ns3:Speed>2.6500000953674316</ns3:Speed><ns3:Pace>0.37</ns3:Pace></ns3:TPX></Extensions></Trackpoint><Trackpoint><Time>2025-08-12T21:35:50Z</Time><Position><LatitudeDegrees>-8.05307651</LatitudeDegrees><LongitudeDegrees>-34.95341778</LongitudeDegrees></Position><HeartRateBpm><Value>127</Value></HeartRateBpm><Cadence>88</Cadence><Extensions><ns3:TPX><ns3:Speed>2.640000104904175</ns3:Speed><ns3:Pace>0.37</ns3:Pace></ns3:TPX></Extensions></Trackpoint><Trackpoint><Time>2025-08-12T21:35:51Z</Time><Position><LatitudeDegrees>-8.05310183</LatitudeDegrees><LongitudeDegrees>-34.95342411</LongitudeDegrees></Position><HeartRateBpm><Value>127</Value></HeartRateBpm><Cadence>88</Cadence><Extensions><ns3:TPX><ns3:Speed>2.640000104904175</ns3:Speed><ns3:Pace>0.37</ns3:Pace></ns3:TPX></Extensions></Trackpoint><Trackpoint><Time>2025-08-12T21:35:52Z</Time><Position><LatitudeDegrees>-8.05312816</LatitudeDegrees><LongitudeDegrees>-34.95342978</LongitudeDegrees></Position><HeartRateBpm><Value>128</Value></HeartRateBpm><Cadence>88</Cadence><Extensions><ns3:TPX><ns3:Speed>2.640000104904175</ns3:Speed><ns3:Pace>0.37</ns3:Pace></ns3:TPX></Extensions></Trackpoint><Trackpoint><Time>2025-08-12T21:35:53Z</Time><Position><LatitudeDegrees>-8.05315448</LatitudeDegrees><LongitudeDegrees>-34.95343277</LongitudeDegrees></Position><HeartRateBpm><Value>128</Value></HeartRateBpm><Cadence>88</Cadence><Extensions><ns3:TPX><ns3:Speed>2.630000114440918</ns3:Speed><ns3:Pace>0.37</ns3:Pace></ns3:TPX></Extensions></Trackpoint><Trackpoint><Time>2025-08-12T21:35:54Z</Time><Position><LatitudeDegrees>-8.05318248</LatitudeDegrees><LongitudeDegrees>-34.95343643</LongitudeDegrees></Position><HeartRateBpm><Value>128</Value></HeartRateBpm><Cadence>88</Cadence><Extensions><ns3:TPX><ns3:Speed>2.630000114440918</ns3:Speed><ns3:Pace>0.37</ns3:Pace></ns3:TPX></Extensions></Trackpoint><Trackpoint><Time>2025-08-12T21:35:55Z</Time><Position><LatitudeDegrees>-8.05320915</LatitudeDegrees><LongitudeDegrees>-34.95343708</LongitudeDegrees></Position><HeartRateBpm><Value>128</Value></HeartRateBpm><Cadence>89</Cadence><Extensions><ns3:TPX><ns3:Speed>2.640000104904175</ns3:Speed><ns3:Pace>0.37</ns3:Pace></ns3:TPX></Extensions></Trackpoint><Trackpoint><Time>2025-08-12T21:35:56Z</Time><Position><LatitudeDegrees>-8.05323481</LatitudeDegrees><LongitudeDegrees>-34.95343708</LongitudeDegrees></Position><HeartRateBpm><Value>128</Value></HeartRateBpm><Cadence>89</Cadence><Extensions><ns3:TPX><ns3:Speed>2.640000104904175</ns3:Speed><ns3:Pace>0.37</ns3:Pace></ns3:TPX></Extensions></Trackpoint><Trackpoint><Time>2025-08-12T21:35:57Z</Time><Position><LatitudeDegrees>-8.05325948</LatitudeDegrees><LongitudeDegrees>-34.95343908</LongitudeDegrees></Position><HeartRateBpm><Value>129</Value></HeartRateBpm><Cadence>89</Cadence><Extensions><ns3:TPX><ns3:Speed>2.6500000953674316</ns3:Speed><ns3:Pace>0.37</ns3:Pace></ns3:TPX></Extensions></Trackpoint><Trackpoint><Time>2025-08-12T21:35:58Z</Time><Position><LatitudeDegrees>-8.05328447</LatitudeDegrees><LongitudeDegrees>-34.95344175</LongitudeDegrees></Position><HeartRateBpm><Value>129</Value></HeartRateBpm><Cadence>88</Cadence><Extensions><ns3:TPX><ns3:Speed>2.6500000953674316</ns3:Speed><ns3:Pace>0.37</ns3:Pace></ns3:TPX></Extensions></Trackpoint><Trackpoint><Time>2025-08-12T21:35:59Z</Time><Position><LatitudeDegrees>-8.05330914</LatitudeDegrees><LongitudeDegrees>-34.95344507</LongitudeDegrees></Position><HeartRateBpm><Value>129</Value></HeartRateBpm><Cadence>88</Cadence><Extensions><ns3:TPX><ns3:Speed>2.6500000953674316</ns3:Speed><ns3:Pace>0.37</ns3:Pace></ns3:TPX></Extensions></Trackpoint><Trackpoint><Time>2025-08-12T21:36:00Z</Time><Position><LatitudeDegrees>-8.05333379</LatitudeDegrees><LongitudeDegrees>-34.95344741</LongitudeDegrees></Position><HeartRateBpm><Value>129</Value></HeartRateBpm><Cadence>88</Cadence><Extensions><ns3:TPX><ns3:Speed>2.6500000953674316</ns3:Speed><ns3:Pace>0.37</ns3:Pace></ns3:TPX></Extensions></Trackpoint><Trackpoint><Time>2025-08-12T21:36:01Z</Time><Position><LatitudeDegrees>-8.05335713</LatitudeDegrees><LongitudeDegrees>-34.95344873</LongitudeDegrees></Position><HeartRateBpm><Value>129</Value></HeartRateBpm><Cadence>88</Cadence><Extensions><ns3:TPX><ns3:Speed>2.6600000858306885</ns3:Speed><ns3:Pace>0.37</ns3:Pace></ns3:TPX></Extensions></Trackpoint><Trackpoint><Time>2025-08-12T21:36:02Z</Time><Position><LatitudeDegrees>-8.05338112</LatitudeDegrees><LongitudeDegrees>-34.95344973</LongitudeDegrees></Position><HeartRateBpm><Value>129</Value></HeartRateBpm><Cadence>88</Cadence><Extensions><ns3:TPX><ns3:Speed>2.6600000858306885</ns3:Speed><ns3:Pace>0.37</ns3:Pace></ns3:TPX></Extensions></Trackpoint><Trackpoint><Time>2025-08-12T21:36:03Z</Time><Position><LatitudeDegrees>-8.05340545</LatitudeDegrees><LongitudeDegrees>-34.95345005</LongitudeDegrees></Position><HeartRateBpm><Value>130</Value></HeartRateBpm><Cadence>89</Cadence><Extensions><ns3:TPX><ns3:Speed>2.6600000858306885</ns3:Speed><ns3:Pace>0.37</ns3:Pace></ns3:TPX></Extensions></Trackpoint><Trackpoint><Time>2025-08-12T21:36:04Z</Time><Position><LatitudeDegrees>-8.05342944</LatitudeDegrees><LongitudeDegrees>-34.9534494</LongitudeDegrees></Position><HeartRateBpm><Value>130</Value></HeartRateBpm><Cadence>89</Cadence><Extensions><ns3:TPX><ns3:Speed>2.6700000762939453</ns3:Speed><ns3:Pace>0.37</ns3:Pace></ns3:TPX></Extensions></Trackpoint><Trackpoint><Time>2025-08-12T21:36:05Z</Time><Position><LatitudeDegrees>-8.05345277</LatitudeDegrees><LongitudeDegrees>-34.95344907</LongitudeDegrees></Position><HeartRateBpm><Value>130</Value></HeartRateBpm><Cadence>89</Cadence><Extensions><ns3:TPX><ns3:Speed>2.6700000762939453</ns3:Speed><ns3:Pace>0.37</ns3:Pace></ns3:TPX></Extensions></Trackpoint><Trackpoint><Time>2025-08-12T21:36:06Z</Time><Position><LatitudeDegrees>-8.05347543</LatitudeDegrees><LongitudeDegrees>-34.95344907</LongitudeDegrees></Position><HeartRateBpm><Value>130</Value></HeartRateBpm><Cadence>88</Cadence><Extensions><ns3:TPX><ns3:Speed>2.6700000762939453</ns3:Speed><ns3:Pace>0.37</ns3:Pace></ns3:TPX></Extensions></Trackpoint><Trackpoint><Time>2025-08-12T21:36:07Z</Time><Position><LatitudeDegrees>-8.05349842</LatitudeDegrees><LongitudeDegrees>-34.9534494</LongitudeDegrees></Position><HeartRateBpm><Value>131</Value></HeartRateBpm><Cadence>88</Cadence><Extensions><ns3:TPX><ns3:Speed>2.6700000762939453</ns3:Speed><ns3:Pace>0.37</ns3:Pace></ns3:TPX></Extensions></Trackpoint><Trackpoint><Time>2025-08-12T21:36:08Z</Time><Position><LatitudeDegrees>-8.05352142</LatitudeDegrees><LongitudeDegrees>-34.95345072</LongitudeDegrees></Position><HeartRateBpm><Value>131</Value></HeartRateBpm><Cadence>88</Cadence><Extensions><ns3:TPX><ns3:Speed>2.6700000762939453</ns3:Speed><ns3:Pace>0.37</ns3:Pace></ns3:TPX></Extensions></Trackpoint><Trackpoint><Time>2025-08-12T21:36:09Z</Time><Position><LatitudeDegrees>-8.05354442</LatitudeDegrees><LongitudeDegrees>-34.95345172</LongitudeDegrees></Position><HeartRateBpm><Value>130</Value></HeartRateBpm><Cadence>88</Cadence><Extensions><ns3:TPX><ns3:Speed>2.6700000762939453</ns3:Speed><ns3:Pace>0.37</ns3:Pace></ns3:TPX></Extensions></Trackpoint><Trackpoint><Time>2025-08-12T21:36:10Z</Time><Position><LatitudeDegrees>-8.05356708</LatitudeDegrees><LongitudeDegrees>-34.95345238</LongitudeDegrees></Position><HeartRateBpm><Value>130</Value></HeartRateBpm><Cadence>88</Cadence><Extensions><ns3:TPX><ns3:Speed>2.6700000762939453</ns3:Speed><ns3:Pace>0.37</ns3:Pace></ns3:TPX></Extensions></Trackpoint><Trackpoint><Time>2025-08-12T21:36:11Z</Time><Position><LatitudeDegrees>-8.05359007</LatitudeDegrees><LongitudeDegrees>-34.9534527</LongitudeDegrees></Position><HeartRateBpm><Value>130</Value></HeartRateBpm><Cadence>88</Cadence><Extensions><ns3:TPX><ns3:Speed>2.6700000762939453</ns3:Speed><ns3:Pace>0.37</ns3:Pace></ns3:TPX></Extensions></Trackpoint><Trackpoint><Time>2025-08-12T21:36:12Z</Time><Position><LatitudeDegrees>-8.0536124</LatitudeDegrees><LongitudeDegrees>-34.95345302</LongitudeDegrees></Position><HeartRateBpm><Value>129</Value></HeartRateBpm><Cadence>89</Cadence><Extensions><ns3:TPX><ns3:Speed>2.6600000858306885</ns3:Speed><ns3:Pace>0.37</ns3:Pace></ns3:TPX></Extensions></Trackpoint><Trackpoint><Time>2025-08-12T21:36:13Z</Time><Position><LatitudeDegrees>-8.05363307</LatitudeDegrees><LongitudeDegrees>-34.9534527</LongitudeDegrees></Position><HeartRateBpm><Value>129</Value></HeartRateBpm><Cadence>88</Cadence><Extensions><ns3:TPX><ns3:Speed>2.6600000858306885</ns3:Speed><ns3:Pace>0.37</ns3:Pace></ns3:TPX></Extensions></Trackpoint><Trackpoint><Time>2025-08-12T21:36:14Z</Time><Position><LatitudeDegrees>-8.05365439</LatitudeDegrees><LongitudeDegrees>-34.95345238</LongitudeDegrees></Position><HeartRateBpm><Value>129</Value></HeartRateBpm><Cadence>89</Cadence><Extensions><ns3:TPX><ns3:Speed>2.6600000858306885</ns3:Speed><ns3:Pace>0.37</ns3:Pace></ns3:TPX></Extensions></Trackpoint><Trackpoint><Time>2025-08-12T21:36:15Z</Time><Position><LatitudeDegrees>-8.05367771</LatitudeDegrees><LongitudeDegrees>-34.9534537</LongitudeDegrees></Position><HeartRateBpm><Value>130</Value></HeartRateBpm><Cadence>89</Cadence><Extensions><ns3:TPX><ns3:Speed>2.6600000858306885</ns3:Speed><ns3:Pace>0.37</ns3:Pace></ns3:TPX></Extensions></Trackpoint><Trackpoint><Time>2025-08-12T21:36:16Z</Time><Position><LatitudeDegrees>-8.05370205</LatitudeDegrees><LongitudeDegrees>-34.95345702</LongitudeDegrees></Position><HeartRateBpm><Value>130</Value></HeartRateBpm><Cadence>89</Cadence><Extensions><ns3:TPX><ns3:Speed>2.6500000953674316</ns3:Speed><ns3:Pace>0.37</ns3:Pace></ns3:TPX></Extensions></Trackpoint><Trackpoint><Time>2025-08-12T21:36:17Z</Time><Position><LatitudeDegrees>-8.0537277</LatitudeDegrees><LongitudeDegrees>-34.95346136</LongitudeDegrees></Position><HeartRateBpm><Value>130</Value></HeartRateBpm><Cadence>89</Cadence><Extensions><ns3:TPX><ns3:Speed>2.6500000953674316</ns3:Speed><ns3:Pace>0.37</ns3:Pace></ns3:TPX></Extensions></Trackpoint><Trackpoint><Time>2025-08-12T21:36:18Z</Time><Position><LatitudeDegrees>-8.0537527</LatitudeDegrees><LongitudeDegrees>-34.95346636</LongitudeDegrees></Position><HeartRateBpm><Value>131</Value></HeartRateBpm><Cadence>88</Cadence><Extensions><ns3:TPX><ns3:Speed>2.6500000953674316</ns3:Speed><ns3:Pace>0.37</ns3:Pace></ns3:TPX></Extensions></Trackpoint><Trackpoint><Time>2025-08-12T21:36:19Z</Time><Position><LatitudeDegrees>-8.05377737</LatitudeDegrees><LongitudeDegrees>-34.95347268</LongitudeDegrees></Position><HeartRateBpm><Value>133</Value></HeartRateBpm><Cadence>88</Cadence><Extensions><ns3:TPX><ns3:Speed>2.6500000953674316</ns3:Speed><ns3:Pace>0.37</ns3:Pace></ns3:TPX></Extensions></Trackpoint><Trackpoint><Time>2025-08-12T21:36:20Z</Time><Position><LatitudeDegrees>-8.05380069</LatitudeDegrees><LongitudeDegrees>-34.95347835</LongitudeDegrees></Position><HeartRateBpm><Value>134</Value></HeartRateBpm><Cadence>88</Cadence><Extensions><ns3:TPX><ns3:Speed>2.6500000953674316</ns3:Speed><ns3:Pace>0.37</ns3:Pace></ns3:TPX></Extensions></Trackpoint><Trackpoint><Time>2025-08-12T21:36:21Z</Time><Position><LatitudeDegrees>-8.05382236</LatitudeDegrees><LongitudeDegrees>-34.95348268</LongitudeDegrees></Position><HeartRateBpm><Value>135</Value></HeartRateBpm><Cadence>88</Cadence><Extensions><ns3:TPX><ns3:Speed>2.6500000953674316</ns3:Speed><ns3:Pace>0.37</ns3:Pace></ns3:TPX></Extensions></Trackpoint><Trackpoint><Time>2025-08-12T21:36:22Z</Time><Position><LatitudeDegrees>-8.05384402</LatitudeDegrees><LongitudeDegrees>-34.95348567</LongitudeDegrees></Position><HeartRateBpm><Value>135</Value></HeartRateBpm><Cadence>88</Cadence><Extensions><ns3:TPX><ns3:Speed>2.6500000953674316</ns3:Speed><ns3:Pace>0.37</ns3:Pace></ns3:TPX></Extensions></Trackpoint><Trackpoint><Time>2025-08-12T21:36:23Z</Time><Position><LatitudeDegrees>-8.05386702</LatitudeDegrees><LongitudeDegrees>-34.95348766</LongitudeDegrees></Position><HeartRateBpm><Value>135</Value></HeartRateBpm><Cadence>88</Cadence><Extensions><ns3:TPX><ns3:Speed>2.6500000953674316</ns3:Speed><ns3:Pace>0.37</ns3:Pace></ns3:TPX></Extensions></Trackpoint><Trackpoint><Time>2025-08-12T21:36:24Z</Time><Position><LatitudeDegrees>-8.05388968</LatitudeDegrees><LongitudeDegrees>-34.95348966</LongitudeDegrees></Position><HeartRateBpm><Value>135</Value></HeartRateBpm><Cadence>88</Cadence><Extensions><ns3:TPX><ns3:Speed>2.6500000953674316</ns3:Speed><ns3:Pace>0.37</ns3:Pace></ns3:TPX></Extensions></Trackpoint><Trackpoint><Time>2025-08-12T21:36:25Z</Time><Position><LatitudeDegrees>-8.05391234</LatitudeDegrees><LongitudeDegrees>-34.95349199</LongitudeDegrees></Position><HeartRateBpm><Value>135</Value></HeartRateBpm><Cadence>88</Cadence><Extensions><ns3:TPX><ns3:Speed>2.6500000953674316</ns3:Speed><ns3:Pace>0.37</ns3:Pace></ns3:TPX></Extensions></Trackpoint><Trackpoint><Time>2025-08-12T21:36:26Z</Time><Position><LatitudeDegrees>-8.05393467</LatitudeDegrees><LongitudeDegrees>-34.95349632</LongitudeDegrees></Position><HeartRateBpm><Value>135</Value></HeartRateBpm><Cadence>89</Cadence><Extensions><ns3:TPX><ns3:Speed>2.6500000953674316</ns3:Speed><ns3:Pace>0.37</ns3:Pace></ns3:TPX></Extensions></Trackpoint><Trackpoint><Time>2025-08-12T21:36:27Z</Time><Position><LatitudeDegrees>-8.05395766</LatitudeDegrees><LongitudeDegrees>-34.95350398</LongitudeDegrees></Position><HeartRateBpm><Value>135</Value></HeartRateBpm><Cadence>89</Cadence><Extensions><ns3:TPX><ns3:Speed>2.640000104904175</ns3:Speed><ns3:Pace>0.37</ns3:Pace></ns3:TPX></Extensions></Trackpoint><Trackpoint><Time>2025-08-12T21:36:28Z</Time><Position><LatitudeDegrees>-8.05398133</LatitudeDegrees><LongitudeDegrees>-34.95351331</LongitudeDegrees></Position><HeartRateBpm><Value>135</Value></HeartRateBpm><Cadence>89</Cadence><Extensions><ns3:TPX><ns3:Speed>2.640000104904175</ns3:Speed><ns3:Pace>0.37</ns3:Pace></ns3:TPX></Extensions></Trackpoint><Trackpoint><Time>2025-08-12T21:36:29Z</Time><Position><LatitudeDegrees>-8.05400665</LatitudeDegrees><LongitudeDegrees>-34.95352197</LongitudeDegrees></Position><HeartRateBpm><Value>133</Value></HeartRateBpm><Cadence>89</Cadence><Extensions><ns3:TPX><ns3:Speed>2.640000104904175</ns3:Speed><ns3:Pace>0.37</ns3:Pace></ns3:TPX></Extensions></Trackpoint><Trackpoint><Time>2025-08-12T21:36:30Z</Time><Position><LatitudeDegrees>-8.05403199</LatitudeDegrees><LongitudeDegrees>-34.95353063</LongitudeDegrees></Position><HeartRateBpm><Value>133</Value></HeartRateBpm><Cadence>89</Cadence><Extensions><ns3:TPX><ns3:Speed>2.640000104904175</ns3:Speed><ns3:Pace>0.37</ns3:Pace></ns3:TPX></Extensions></Trackpoint><Trackpoint><Time>2025-08-12T21:36:31Z</Time><Position><LatitudeDegrees>-8.05405598</LatitudeDegrees><LongitudeDegrees>-34.95353829</LongitudeDegrees></Position><HeartRateBpm><Value>132</Value></HeartRateBpm><Cadence>89</Cadence><Extensions><ns3:TPX><ns3:Speed>2.630000114440918</ns3:Speed><ns3:Pace>0.37</ns3:Pace></ns3:TPX></Extensions></Trackpoint><Trackpoint><Time>2025-08-12T21:36:32Z</Time><Position><LatitudeDegrees>-8.05407964</LatitudeDegrees><LongitudeDegrees>-34.95354529</LongitudeDegrees></Position><HeartRateBpm><Value>132</Value></HeartRateBpm><Cadence>89</Cadence><Extensions><ns3:TPX><ns3:Speed>2.630000114440918</ns3:Speed><ns3:Pace>0.37</ns3:Pace></ns3:TPX></Extensions></Trackpoint><Trackpoint><Time>2025-08-12T21:36:33Z</Time><Position><LatitudeDegrees>-8.0541013</LatitudeDegrees><LongitudeDegrees>-34.95355128</LongitudeDegrees></Position><HeartRateBpm><Value>133</Value></HeartRateBpm><Cadence>90</Cadence><Extensions><ns3:TPX><ns3:Speed>2.630000114440918</ns3:Speed><ns3:Pace>0.37</ns3:Pace></ns3:TPX></Extensions></Trackpoint><Trackpoint><Time>2025-08-12T21:36:34Z</Time><Position><LatitudeDegrees>-8.0541243</LatitudeDegrees><LongitudeDegrees>-34.95355693</LongitudeDegrees></Position><HeartRateBpm><Value>133</Value></HeartRateBpm><Cadence>90</Cadence><Extensions><ns3:TPX><ns3:Speed>2.630000114440918</ns3:Speed><ns3:Pace>0.37</ns3:Pace></ns3:TPX></Extensions></Trackpoint><Trackpoint><Time>2025-08-12T21:36:35Z</Time><Position><LatitudeDegrees>-8.05414797</LatitudeDegrees><LongitudeDegrees>-34.95356193</LongitudeDegrees></Position><HeartRateBpm><Value>133</Value></HeartRateBpm><Cadence>89</Cadence><Extensions><ns3:TPX><ns3:Speed>2.640000104904175</ns3:Speed><ns3:Pace>0.37</ns3:Pace></ns3:TPX></Extensions></Trackpoint><Trackpoint><Time>2025-08-12T21:36:36Z</Time><Position><LatitudeDegrees>-8.05417163</LatitudeDegrees><LongitudeDegrees>-34.95356492</LongitudeDegrees></Position><HeartRateBpm><Value>133</Value></HeartRateBpm><Cadence>89</Cadence><Extensions><ns3:TPX><ns3:Speed>2.640000104904175</ns3:Speed><ns3:Pace>0.37</ns3:Pace></ns3:TPX></Extensions></Trackpoint><Trackpoint><Time>2025-08-12T21:36:37Z</Time><Position><LatitudeDegrees>-8.05419529</LatitudeDegrees><LongitudeDegrees>-34.95356791</LongitudeDegrees></Position><HeartRateBpm><Value>133</Value></HeartRateBpm><Cadence>89</Cadence><Extensions><ns3:TPX><ns3:Speed>2.640000104904175</ns3:Speed><ns3:Pace>0.37</ns3:Pace></ns3:TPX></Extensions></Trackpoint><Trackpoint><Time>2025-08-12T21:36:38Z</Time><Position><LatitudeDegrees>-8.05421696</LatitudeDegrees><LongitudeDegrees>-34.95357025</LongitudeDegrees></Position><HeartRateBpm><Value>133</Value></HeartRateBpm><Cadence>89</Cadence><Extensions><ns3:TPX><ns3:Speed>2.640000104904175</ns3:Speed><ns3:Pace>0.37</ns3:Pace></ns3:TPX></Extensions></Trackpoint><Trackpoint><Time>2025-08-12T21:36:39Z</Time><Position><LatitudeDegrees>-8.05423761</LatitudeDegrees><LongitudeDegrees>-34.95357224</LongitudeDegrees></Position><HeartRateBpm><Value>133</Value></HeartRateBpm><Cadence>88</Cadence><Extensions><ns3:TPX><ns3:Speed>2.640000104904175</ns3:Speed><ns3:Pace>0.37</ns3:Pace></ns3:TPX></Extensions></Trackpoint><Trackpoint><Time>2025-08-12T21:36:40Z</Time><Position><LatitudeDegrees>-8.05425928</LatitudeDegrees><LongitudeDegrees>-34.9535759</LongitudeDegrees></Position><HeartRateBpm><Value>133</Value></HeartRateBpm><Cadence>88</Cadence><Extensions><ns3:TPX><ns3:Speed>2.640000104904175</ns3:Speed><ns3:Pace>0.37</ns3:Pace></ns3:TPX></Extensions></Trackpoint><Trackpoint><Time>2025-08-12T21:36:41Z</Time><Position><LatitudeDegrees>-8.05428127</LatitudeDegrees><LongitudeDegrees>-34.95358056</LongitudeDegrees></Position><HeartRateBpm><Value>134</Value></HeartRateBpm><Cadence>88</Cadence><Extensions><ns3:TPX><ns3:Speed>2.640000104904175</ns3:Speed><ns3:Pace>0.37</ns3:Pace></ns3:TPX></Extensions></Trackpoint><Trackpoint><Time>2025-08-12T21:36:42Z</Time><Position><LatitudeDegrees>-8.05430227</LatitudeDegrees><LongitudeDegrees>-34.95358189</LongitudeDegrees></Position><HeartRateBpm><Value>134</Value></HeartRateBpm><Cadence>88</Cadence><Extensions><ns3:TPX><ns3:Speed>2.640000104904175</ns3:Speed><ns3:Pace>0.37</ns3:Pace></ns3:TPX></Extensions></Trackpoint><Trackpoint><Time>2025-08-12T21:36:43Z</Time><Position><LatitudeDegrees>-8.05432394</LatitudeDegrees><LongitudeDegrees>-34.95358423</LongitudeDegrees></Position><HeartRateBpm><Value>134</Value></HeartRateBpm><Cadence>88</Cadence><Extensions><ns3:TPX><ns3:Speed>2.640000104904175</ns3:Speed><ns3:Pace>0.37</ns3:Pace></ns3:TPX></Extensions></Trackpoint><Trackpoint><Time>2025-08-12T21:36:44Z</Time><Position><LatitudeDegrees>-8.05434627</LatitudeDegrees><LongitudeDegrees>-34.95358722</LongitudeDegrees></Position><HeartRateBpm><Value>133</Value></HeartRateBpm><Cadence>88</Cadence><Extensions><ns3:TPX><ns3:Speed>2.630000114440918</ns3:Speed><ns3:Pace>0.37</ns3:Pace></ns3:TPX></Extensions></Trackpoint><Trackpoint><Time>2025-08-12T21:36:45Z</Time><Position><LatitudeDegrees>-8.05436893</LatitudeDegrees><LongitudeDegrees>-34.95359154</LongitudeDegrees></Position><HeartRateBpm><Value>133</Value></HeartRateBpm><Cadence>88</Cadence><Extensions><ns3:TPX><ns3:Speed>2.630000114440918</ns3:Speed><ns3:Pace>0.38</ns3:Pace></ns3:TPX></Extensions></Trackpoint><Trackpoint><Time>2025-08-12T21:36:46Z</Time><Position><LatitudeDegrees>-8.05439058</LatitudeDegrees><LongitudeDegrees>-34.95359487</LongitudeDegrees></Position><HeartRateBpm><Value>133</Value></HeartRateBpm><Cadence>88</Cadence><Extensions><ns3:TPX><ns3:Speed>2.630000114440918</ns3:Speed><ns3:Pace>0.38</ns3:Pace></ns3:TPX></Extensions></Trackpoint><Trackpoint><Time>2025-08-12T21:36:47Z</Time><Position><LatitudeDegrees>-8.05441224</LatitudeDegrees><LongitudeDegrees>-34.95359853</LongitudeDegrees></Position><HeartRateBpm><Value>133</Value></HeartRateBpm><Cadence>89</Cadence><Extensions><ns3:TPX><ns3:Speed>2.630000114440918</ns3:Speed><ns3:Pace>0.38</ns3:Pace></ns3:TPX></Extensions></Trackpoint><Trackpoint><Time>2025-08-12T21:36:48Z</Time><Position><LatitudeDegrees>-8.05443324</LatitudeDegrees><LongitudeDegrees>-34.9536012</LongitudeDegrees></Position><HeartRateBpm><Value>133</Value></HeartRateBpm><Cadence>89</Cadence><Extensions><ns3:TPX><ns3:Speed>2.630000114440918</ns3:Speed><ns3:Pace>0.38</ns3:Pace></ns3:TPX></Extensions></Trackpoint><Trackpoint><Time>2025-08-12T21:36:49Z</Time><Position><LatitudeDegrees>-8.05445424</LatitudeDegrees><LongitudeDegrees>-34.95360319</LongitudeDegrees></Position><HeartRateBpm><Value>134</Value></HeartRateBpm><Cadence>88</Cadence><Extensions><ns3:TPX><ns3:Speed>2.619999885559082</ns3:Speed><ns3:Pace>0.38</ns3:Pace></ns3:TPX></Extensions></Trackpoint><Trackpoint><Time>2025-08-12T21:36:50Z</Time><Position><LatitudeDegrees>-8.05447456</LatitudeDegrees><LongitudeDegrees>-34.95360253</LongitudeDegrees></Position><HeartRateBpm><Value>135</Value></HeartRateBpm><Cadence>88</Cadence><Extensions><ns3:TPX><ns3:Speed>2.619999885559082</ns3:Speed><ns3:Pace>0.38</ns3:Pace></ns3:TPX></Extensions></Trackpoint><Trackpoint><Time>2025-08-12T21:36:51Z</Time><Position><LatitudeDegrees>-8.05449655</LatitudeDegrees><LongitudeDegrees>-34.95360285</LongitudeDegrees></Position><HeartRateBpm><Value>136</Value></HeartRateBpm><Cadence>88</Cadence><Extensions><ns3:TPX><ns3:Speed>2.619999885559082</ns3:Speed><ns3:Pace>0.38</ns3:Pace></ns3:TPX></Extensions></Trackpoint><Trackpoint><Time>2025-08-12T21:36:52Z</Time><Position><LatitudeDegrees>-8.05452089</LatitudeDegrees><LongitudeDegrees>-34.95360186</LongitudeDegrees></Position><HeartRateBpm><Value>138</Value></HeartRateBpm><Cadence>88</Cadence><Extensions><ns3:TPX><ns3:Speed>2.609999895095825</ns3:Speed><ns3:Pace>0.38</ns3:Pace></ns3:TPX></Extensions></Trackpoint><Trackpoint><Time>2025-08-12T21:36:53Z</Time><Position><LatitudeDegrees>-8.05454554</LatitudeDegrees><LongitudeDegrees>-34.9536002</LongitudeDegrees></Position><HeartRateBpm><Value>138</Value></HeartRateBpm><Cadence>88</Cadence><Extensions><ns3:TPX><ns3:Speed>2.609999895095825</ns3:Speed><ns3:Pace>0.38</ns3:Pace></ns3:TPX></Extensions></Trackpoint><Trackpoint><Time>2025-08-12T21:36:54Z</Time><Position><LatitudeDegrees>-8.05456987</LatitudeDegrees><LongitudeDegrees>-34.95359921</LongitudeDegrees></Position><HeartRateBpm><Value>138</Value></HeartRateBpm><Cadence>88</Cadence><Extensions><ns3:TPX><ns3:Speed>2.609999895095825</ns3:Speed><ns3:Pace>0.38</ns3:Pace></ns3:TPX></Extensions></Trackpoint><Trackpoint><Time>2025-08-12T21:36:55Z</Time><Position><LatitudeDegrees>-8.05459353</LatitudeDegrees><LongitudeDegrees>-34.95359822</LongitudeDegrees></Position><HeartRateBpm><Value>138</Value></HeartRateBpm><Cadence>88</Cadence><Extensions><ns3:TPX><ns3:Speed>2.609999895095825</ns3:Speed><ns3:Pace>0.38</ns3:Pace></ns3:TPX></Extensions></Trackpoint><Trackpoint><Time>2025-08-12T21:36:56Z</Time><Position><LatitudeDegrees>-8.05461486</LatitudeDegrees><LongitudeDegrees>-34.95359789</LongitudeDegrees></Position><HeartRateBpm><Value>139</Value></HeartRateBpm><Cadence>89</Cadence><Extensions><ns3:TPX><ns3:Speed>2.609999895095825</ns3:Speed><ns3:Pace>0.38</ns3:Pace></ns3:TPX></Extensions></Trackpoint><Trackpoint><Time>2025-08-12T21:36:57Z</Time><Position><LatitudeDegrees>-8.05463719</LatitudeDegrees><LongitudeDegrees>-34.95359524</LongitudeDegrees></Position><HeartRateBpm><Value>139</Value></HeartRateBpm><Cadence>88</Cadence><Extensions><ns3:TPX><ns3:Speed>2.5999999046325684</ns3:Speed><ns3:Pace>0.38</ns3:Pace></ns3:TPX></Extensions></Trackpoint><Trackpoint><Time>2025-08-12T21:36:58Z</Time><Position><LatitudeDegrees>-8.05465886</LatitudeDegrees><LongitudeDegrees>-34.95359124</LongitudeDegrees></Position><HeartRateBpm><Value>139</Value></HeartRateBpm><Cadence>88</Cadence><Extensions><ns3:TPX><ns3:Speed>2.5999999046325684</ns3:Speed><ns3:Pace>0.38</ns3:Pace></ns3:TPX></Extensions></Trackpoint><Trackpoint><Time>2025-08-12T21:36:59Z</Time><Position><LatitudeDegrees>-8.05468018</LatitudeDegrees><LongitudeDegrees>-34.95358725</LongitudeDegrees></Position><HeartRateBpm><Value>139</Value></HeartRateBpm><Cadence>88</Cadence><Extensions><ns3:TPX><ns3:Speed>2.5999999046325684</ns3:Speed><ns3:Pace>0.38</ns3:Pace></ns3:TPX></Extensions></Trackpoint><Trackpoint><Time>2025-08-12T21:37:00Z</Time><Position><LatitudeDegrees>-8.05470251</LatitudeDegrees><LongitudeDegrees>-34.95358258</LongitudeDegrees></Position><HeartRateBpm><Value>139</Value></HeartRateBpm><Cadence>88</Cadence><Extensions><ns3:TPX><ns3:Speed>2.5999999046325684</ns3:Speed><ns3:Pace>0.38</ns3:Pace></ns3:TPX></Extensions></Trackpoint><Trackpoint><Time>2025-08-12T21:37:01Z</Time><Position><LatitudeDegrees>-8.05472517</LatitudeDegrees><LongitudeDegrees>-34.95357758</LongitudeDegrees></Position><HeartRateBpm><Value>138</Value></HeartRateBpm><Cadence>89</Cadence><Extensions><ns3:TPX><ns3:Speed>2.5999999046325684</ns3:Speed><ns3:Pace>0.38</ns3:Pace></ns3:TPX></Extensions></Trackpoint><Trackpoint><Time>2025-08-12T21:37:02Z</Time><Position><LatitudeDegrees>-8.05474817</LatitudeDegrees><LongitudeDegrees>-34.95357392</LongitudeDegrees></Position><HeartRateBpm><Value>138</Value></HeartRateBpm><Cadence>88</Cadence><Extensions><ns3:TPX><ns3:Speed>2.5899999141693115</ns3:Speed><ns3:Pace>0.38</ns3:Pace></ns3:TPX></Extensions></Trackpoint><Trackpoint><Time>2025-08-12T21:37:03Z</Time><Position><LatitudeDegrees>-8.05477016</LatitudeDegrees><LongitudeDegrees>-34.95357327</LongitudeDegrees></Position><HeartRateBpm><Value>137</Value></HeartRateBpm><Cadence>88</Cadence><Extensions><ns3:TPX><ns3:Speed>2.5899999141693115</ns3:Speed><ns3:Pace>0.38</ns3:Pace></ns3:TPX></Extensions></Trackpoint><Trackpoint><Time>2025-08-12T21:37:04Z</Time><Position><LatitudeDegrees>-8.05479282</LatitudeDegrees><LongitudeDegrees>-34.9535706</LongitudeDegrees></Position><HeartRateBpm><Value>137</Value></HeartRateBpm><Cadence>88</Cadence><Extensions><ns3:TPX><ns3:Speed>2.5899999141693115</ns3:Speed><ns3:Pace>0.38</ns3:Pace></ns3:TPX></Extensions></Trackpoint><Trackpoint><Time>2025-08-12T21:37:05Z</Time><Position><LatitudeDegrees>-8.05481615</LatitudeDegrees><LongitudeDegrees>-34.95356927</LongitudeDegrees></Position><HeartRateBpm><Value>136</Value></HeartRateBpm><Cadence>88</Cadence><Extensions><ns3:TPX><ns3:Speed>2.5899999141693115</ns3:Speed><ns3:Pace>0.38</ns3:Pace></ns3:TPX></Extensions></Trackpoint><Trackpoint><Time>2025-08-12T21:37:06Z</Time><Position><LatitudeDegrees>-8.05483914</LatitudeDegrees><LongitudeDegrees>-34.9535706</LongitudeDegrees></Position><HeartRateBpm><Value>136</Value></HeartRateBpm><Cadence>88</Cadence><Extensions><ns3:TPX><ns3:Speed>2.5899999141693115</ns3:Speed><ns3:Pace>0.38</ns3:Pace></ns3:TPX></Extensions></Trackpoint><Trackpoint><Time>2025-08-12T21:37:07Z</Time><Position><LatitudeDegrees>-8.0548618</LatitudeDegrees><LongitudeDegrees>-34.9535726</LongitudeDegrees></Position><HeartRateBpm><Value>135</Value></HeartRateBpm><Cadence>89</Cadence><Extensions><ns3:TPX><ns3:Speed>2.5899999141693115</ns3:Speed><ns3:Pace>0.38</ns3:Pace></ns3:TPX></Extensions></Trackpoint><Trackpoint><Time>2025-08-12T21:37:08Z</Time><Position><LatitudeDegrees>-8.05488513</LatitudeDegrees><LongitudeDegrees>-34.95357459</LongitudeDegrees></Position><HeartRateBpm><Value>135</Value></HeartRateBpm><Cadence>88</Cadence><Extensions><ns3:TPX><ns3:Speed>2.5899999141693115</ns3:Speed><ns3:Pace>0.38</ns3:Pace></ns3:TPX></Extensions></Trackpoint><Trackpoint><Time>2025-08-12T21:37:09Z</Time><Position><LatitudeDegrees>-8.05490879</LatitudeDegrees><LongitudeDegrees>-34.95357626</LongitudeDegrees></Position><HeartRateBpm><Value>135</Value></HeartRateBpm><Cadence>88</Cadence><Extensions><ns3:TPX><ns3:Speed>2.5899999141693115</ns3:Speed><ns3:Pace>0.38</ns3:Pace></ns3:TPX></Extensions></Trackpoint><Trackpoint><Time>2025-08-12T21:37:10Z</Time><Position><LatitudeDegrees>-8.05493212</LatitudeDegrees><LongitudeDegrees>-34.95357925</LongitudeDegrees></Position><HeartRateBpm><Value>134</Value></HeartRateBpm><Cadence>88</Cadence><Extensions><ns3:TPX><ns3:Speed>2.5899999141693115</ns3:Speed><ns3:Pace>0.38</ns3:Pace></ns3:TPX></Extensions></Trackpoint><Trackpoint><Time>2025-08-12T21:37:11Z</Time><Position><LatitudeDegrees>-8.05495544</LatitudeDegrees><LongitudeDegrees>-34.95358158</LongitudeDegrees></Position><HeartRateBpm><Value>135</Value></HeartRateBpm><Cadence>88</Cadence><Extensions><ns3:TPX><ns3:Speed>2.5899999141693115</ns3:Speed><ns3:Pace>0.38</ns3:Pace></ns3:TPX></Extensions></Trackpoint><Trackpoint><Time>2025-08-12T21:37:12Z</Time><Position><LatitudeDegrees>-8.05497943</LatitudeDegrees><LongitudeDegrees>-34.95358457</LongitudeDegrees></Position><HeartRateBpm><Value>135</Value></HeartRateBpm><Cadence>88</Cadence><Extensions><ns3:TPX><ns3:Speed>2.5899999141693115</ns3:Speed><ns3:Pace>0.38</ns3:Pace></ns3:TPX></Extensions></Trackpoint><Trackpoint><Time>2025-08-12T21:37:13Z</Time><Position><LatitudeDegrees>-8.05500309</LatitudeDegrees><LongitudeDegrees>-34.95358789</LongitudeDegrees></Position><HeartRateBpm><Value>136</Value></HeartRateBpm><Cadence>88</Cadence><Extensions><ns3:TPX><ns3:Speed>2.5899999141693115</ns3:Speed><ns3:Pace>0.38</ns3:Pace></ns3:TPX></Extensions></Trackpoint><Trackpoint><Time>2025-08-12T21:37:14Z</Time><Position><LatitudeDegrees>-8.05502642</LatitudeDegrees><LongitudeDegrees>-34.95359188</LongitudeDegrees></Position><HeartRateBpm><Value>136</Value></HeartRateBpm><Cadence>88</Cadence><Extensions><ns3:TPX><ns3:Speed>2.5999999046325684</ns3:Speed><ns3:Pace>0.38</ns3:Pace></ns3:TPX></Extensions></Trackpoint><Trackpoint><Time>2025-08-12T21:37:15Z</Time><Position><LatitudeDegrees>-8.05505109</LatitudeDegrees><LongitudeDegrees>-34.95359555</LongitudeDegrees></Position><HeartRateBpm><Value>137</Value></HeartRateBpm><Cadence>88</Cadence><Extensions><ns3:TPX><ns3:Speed>2.5999999046325684</ns3:Speed><ns3:Pace>0.38</ns3:Pace></ns3:TPX></Extensions></Trackpoint><Trackpoint><Time>2025-08-12T21:37:16Z</Time><Position><LatitudeDegrees>-8.05507475</LatitudeDegrees><LongitudeDegrees>-34.95359921</LongitudeDegrees></Position><HeartRateBpm><Value>137</Value></HeartRateBpm><Cadence>88</Cadence><Extensions><ns3:TPX><ns3:Speed>2.5999999046325684</ns3:Speed><ns3:Pace>0.38</ns3:Pace></ns3:TPX></Extensions></Trackpoint><Trackpoint><Time>2025-08-12T21:37:17Z</Time><Position><LatitudeDegrees>-8.05510007</LatitudeDegrees><LongitudeDegrees>-34.9536032</LongitudeDegrees></Position><HeartRateBpm><Value>137</Value></HeartRateBpm><Cadence>89</Cadence><Extensions><ns3:TPX><ns3:Speed>2.609999895095825</ns3:Speed><ns3:Pace>0.38</ns3:Pace></ns3:TPX></Extensions></Trackpoint><Trackpoint><Time>2025-08-12T21:37:18Z</Time><Position><LatitudeDegrees>-8.05512406</LatitudeDegrees><LongitudeDegrees>-34.95360786</LongitudeDegrees></Position><HeartRateBpm><Value>137</Value></HeartRateBpm><Cadence>89</Cadence><Extensions><ns3:TPX><ns3:Speed>2.609999895095825</ns3:Speed><ns3:Pace>0.38</ns3:Pace></ns3:TPX></Extensions></Trackpoint><Trackpoint><Time>2025-08-12T21:37:19Z</Time><Position><LatitudeDegrees>-8.05514739</LatitudeDegrees><LongitudeDegrees>-34.95361119</LongitudeDegrees></Position><HeartRateBpm><Value>137</Value></HeartRateBpm><Cadence>89</Cadence><Extensions><ns3:TPX><ns3:Speed>2.609999895095825</ns3:Speed><ns3:Pace>0.38</ns3:Pace></ns3:TPX></Extensions></Trackpoint><Trackpoint><Time>2025-08-12T21:37:20Z</Time><Position><LatitudeDegrees>-8.05517005</LatitudeDegrees><LongitudeDegrees>-34.95361418</LongitudeDegrees></Position><HeartRateBpm><Value>137</Value></HeartRateBpm><Cadence>88</Cadence><Extensions><ns3:TPX><ns3:Speed>2.609999895095825</ns3:Speed><ns3:Pace>0.38</ns3:Pace></ns3:TPX></Extensions></Trackpoint><Trackpoint><Time>2025-08-12T21:37:21Z</Time><Position><LatitudeDegrees>-8.05519304</LatitudeDegrees><LongitudeDegrees>-34.95361717</LongitudeDegrees></Position><HeartRateBpm><Value>137</Value></HeartRateBpm><Cadence>88</Cadence><Extensions><ns3:TPX><ns3:Speed>2.609999895095825</ns3:Speed><ns3:Pace>0.38</ns3:Pace></ns3:TPX></Extensions></Trackpoint><Trackpoint><Time>2025-08-12T21:37:22Z</Time><Position><LatitudeDegrees>-8.05521537</LatitudeDegrees><LongitudeDegrees>-34.95361982</LongitudeDegrees></Position><HeartRateBpm><Value>137</Value></HeartRateBpm><Cadence>88</Cadence><Extensions><ns3:TPX><ns3:Speed>2.609999895095825</ns3:Speed><ns3:Pace>0.38</ns3:Pace></ns3:TPX></Extensions></Trackpoint><Trackpoint><Time>2025-08-12T21:37:23Z</Time><Position><LatitudeDegrees>-8.05523771</LatitudeDegrees><LongitudeDegrees>-34.95362182</LongitudeDegrees></Position><HeartRateBpm><Value>137</Value></HeartRateBpm><Cadence>88</Cadence><Extensions><ns3:TPX><ns3:Speed>2.609999895095825</ns3:Speed><ns3:Pace>0.38</ns3:Pace></ns3:TPX></Extensions></Trackpoint><Trackpoint><Time>2025-08-12T21:37:24Z</Time><Position><LatitudeDegrees>-8.05526036</LatitudeDegrees><LongitudeDegrees>-34.95362416</LongitudeDegrees></Position><HeartRateBpm><Value>137</Value></HeartRateBpm><Cadence>88</Cadence><Extensions><ns3:TPX><ns3:Speed>2.609999895095825</ns3:Speed><ns3:Pace>0.38</ns3:Pace></ns3:TPX></Extensions></Trackpoint><Trackpoint><Time>2025-08-12T21:37:25Z</Time><Position><LatitudeDegrees>-8.05528302</LatitudeDegrees><LongitudeDegrees>-34.95362616</LongitudeDegrees></Position><HeartRateBpm><Value>137</Value></HeartRateBpm><Cadence>88</Cadence><Extensions><ns3:TPX><ns3:Speed>2.609999895095825</ns3:Speed><ns3:Pace>0.38</ns3:Pace></ns3:TPX></Extensions></Trackpoint><Trackpoint><Time>2025-08-12T21:37:26Z</Time><Position><LatitudeDegrees>-8.05530535</LatitudeDegrees><LongitudeDegrees>-34.95362881</LongitudeDegrees></Position><HeartRateBpm><Value>137</Value></HeartRateBpm><Cadence>88</Cadence><Extensions><ns3:TPX><ns3:Speed>2.609999895095825</ns3:Speed><ns3:Pace>0.38</ns3:Pace></ns3:TPX></Extensions></Trackpoint><Trackpoint><Time>2025-08-12T21:37:27Z</Time><Position><LatitudeDegrees>-8.05532835</LatitudeDegrees><LongitudeDegrees>-34.95363214</LongitudeDegrees></Position><HeartRateBpm><Value>137</Value></HeartRateBpm><Cadence>88</Cadence><Extensions><ns3:TPX><ns3:Speed>2.609999895095825</ns3:Speed><ns3:Pace>0.38</ns3:Pace></ns3:TPX></Extensions></Trackpoint><Trackpoint><Time>2025-08-12T21:37:28Z</Time><Position><LatitudeDegrees>-8.05535068</LatitudeDegrees><LongitudeDegrees>-34.95363413</LongitudeDegrees></Position><HeartRateBpm><Value>140</Value></HeartRateBpm><Cadence>88</Cadence><Extensions><ns3:TPX><ns3:Speed>2.609999895095825</ns3:Speed><ns3:Pace>0.38</ns3:Pace></ns3:TPX></Extensions></Trackpoint><Trackpoint><Time>2025-08-12T21:37:29Z</Time><Position><LatitudeDegrees>-8.05537268</LatitudeDegrees><LongitudeDegrees>-34.95363446</LongitudeDegrees></Position><HeartRateBpm><Value>140</Value></HeartRateBpm><Cadence>88</Cadence><Extensions><ns3:TPX><ns3:Speed>2.609999895095825</ns3:Speed><ns3:Pace>0.38</ns3:Pace></ns3:TPX></Extensions></Trackpoint><Trackpoint><Time>2025-08-12T21:37:30Z</Time><Position><LatitudeDegrees>-8.05539433</LatitudeDegrees><LongitudeDegrees>-34.95363512</LongitudeDegrees></Position><HeartRateBpm><Value>140</Value></HeartRateBpm><Cadence>88</Cadence><Extensions><ns3:TPX><ns3:Speed>2.609999895095825</ns3:Speed><ns3:Pace>0.38</ns3:Pace></ns3:TPX></Extensions></Trackpoint><Trackpoint><Time>2025-08-12T21:37:31Z</Time><Position><LatitudeDegrees>-8.05541632</LatitudeDegrees><LongitudeDegrees>-34.95363611</LongitudeDegrees></Position><HeartRateBpm><Value>140</Value></HeartRateBpm><Cadence>87</Cadence><Extensions><ns3:TPX><ns3:Speed>2.609999895095825</ns3:Speed><ns3:Pace>0.38</ns3:Pace></ns3:TPX></Extensions></Trackpoint><Trackpoint><Time>2025-08-12T21:37:32Z</Time><Position><LatitudeDegrees>-8.05543831</LatitudeDegrees><LongitudeDegrees>-34.95363744</LongitudeDegrees></Position><HeartRateBpm><Value>140</Value></HeartRateBpm><Cadence>87</Cadence><Extensions><ns3:TPX><ns3:Speed>2.609999895095825</ns3:Speed><ns3:Pace>0.38</ns3:Pace></ns3:TPX></Extensions></Trackpoint><Trackpoint><Time>2025-08-12T21:37:33Z</Time><Position><LatitudeDegrees>-8.05546065</LatitudeDegrees><LongitudeDegrees>-34.95363977</LongitudeDegrees></Position><HeartRateBpm><Value>139</Value></HeartRateBpm><Cadence>88</Cadence><Extensions><ns3:TPX><ns3:Speed>2.609999895095825</ns3:Speed><ns3:Pace>0.38</ns3:Pace></ns3:TPX></Extensions></Trackpoint><Trackpoint><Time>2025-08-12T21:37:34Z</Time><Position><LatitudeDegrees>-8.05548264</LatitudeDegrees><LongitudeDegrees>-34.9536431</LongitudeDegrees></Position><HeartRateBpm><Value>140</Value></HeartRateBpm><Cadence>88</Cadence><Extensions><ns3:TPX><ns3:Speed>2.609999895095825</ns3:Speed><ns3:Pace>0.38</ns3:Pace></ns3:TPX></Extensions></Trackpoint><Trackpoint><Time>2025-08-12T21:37:35Z</Time><Position><LatitudeDegrees>-8.05550463</LatitudeDegrees><LongitudeDegrees>-34.95364875</LongitudeDegrees></Position><HeartRateBpm><Value>141</Value></HeartRateBpm><Cadence>88</Cadence><Extensions><ns3:TPX><ns3:Speed>2.5999999046325684</ns3:Speed><ns3:Pace>0.38</ns3:Pace></ns3:TPX></Extensions></Trackpoint><Trackpoint><Time>2025-08-12T21:37:36Z</Time><Position><LatitudeDegrees>-8.05552596</LatitudeDegrees><LongitudeDegrees>-34.95365741</LongitudeDegrees></Position><HeartRateBpm><Value>141</Value></HeartRateBpm><Cadence>88</Cadence><Extensions><ns3:TPX><ns3:Speed>2.5999999046325684</ns3:Speed><ns3:Pace>0.38</ns3:Pace></ns3:TPX></Extensions></Trackpoint><Trackpoint><Time>2025-08-12T21:37:37Z</Time><Position><LatitudeDegrees>-8.05554528</LatitudeDegrees><LongitudeDegrees>-34.95366973</LongitudeDegrees></Position><HeartRateBpm><Value>141</Value></HeartRateBpm><Cadence>88</Cadence><Extensions><ns3:TPX><ns3:Speed>2.5999999046325684</ns3:Speed><ns3:Pace>0.38</ns3:Pace></ns3:TPX></Extensions></Trackpoint><Trackpoint><Time>2025-08-12T21:37:38Z</Time><Position><LatitudeDegrees>-8.05556262</LatitudeDegrees><LongitudeDegrees>-34.95368507</LongitudeDegrees></Position><HeartRateBpm><Value>141</Value></HeartRateBpm><Cadence>88</Cadence><Extensions><ns3:TPX><ns3:Speed>2.5999999046325684</ns3:Speed><ns3:Pace>0.38</ns3:Pace></ns3:TPX></Extensions></Trackpoint><Trackpoint><Time>2025-08-12T21:37:39Z</Time><Position><LatitudeDegrees>-8.05557761</LatitudeDegrees><LongitudeDegrees>-34.95370239</LongitudeDegrees></Position><HeartRateBpm><Value>140</Value></HeartRateBpm><Cadence>87</Cadence><Extensions><ns3:TPX><ns3:Speed>2.5899999141693115</ns3:Speed><ns3:Pace>0.38</ns3:Pace></ns3:TPX></Extensions></Trackpoint><Trackpoint><Time>2025-08-12T21:37:40Z</Time><Position><LatitudeDegrees>-8.05559026</LatitudeDegrees><LongitudeDegrees>-34.95372739</LongitudeDegrees></Position><HeartRateBpm><Value>141</Value></HeartRateBpm><Cadence>88</Cadence><Extensions><ns3:TPX><ns3:Speed>2.5899999141693115</ns3:Speed><ns3:Pace>0.38</ns3:Pace></ns3:TPX></Extensions></Trackpoint><Trackpoint><Time>2025-08-12T21:37:41Z</Time><Position><LatitudeDegrees>-8.05559993</LatitudeDegrees><LongitudeDegrees>-34.95375338</LongitudeDegrees></Position><HeartRateBpm><Value>142</Value></HeartRateBpm><Cadence>88</Cadence><Extensions><ns3:TPX><ns3:Speed>2.5899999141693115</ns3:Speed><ns3:Pace>0.38</ns3:Pace></ns3:TPX></Extensions></Trackpoint><Trackpoint><Time>2025-08-12T21:37:42Z</Time><Position><LatitudeDegrees>-8.05560659</LatitudeDegrees><LongitudeDegrees>-34.95377904</LongitudeDegrees></Position><HeartRateBpm><Value>142</Value></HeartRateBpm><Cadence>88</Cadence><Extensions><ns3:TPX><ns3:Speed>2.5899999141693115</ns3:Speed><ns3:Pace>0.38</ns3:Pace></ns3:TPX></Extensions></Trackpoint><Trackpoint><Time>2025-08-12T21:37:43Z</Time><Position><LatitudeDegrees>-8.05560959</LatitudeDegrees><LongitudeDegrees>-34.95380436</LongitudeDegrees></Position><HeartRateBpm><Value>142</Value></HeartRateBpm><Cadence>88</Cadence><Extensions><ns3:TPX><ns3:Speed>2.5899999141693115</ns3:Speed><ns3:Pace>0.38</ns3:Pace></ns3:TPX></Extensions></Trackpoint><Trackpoint><Time>2025-08-12T21:37:44Z</Time><Position><LatitudeDegrees>-8.05561191</LatitudeDegrees><LongitudeDegrees>-34.95382869</LongitudeDegrees></Position><HeartRateBpm><Value>143</Value></HeartRateBpm><Cadence>88</Cadence><Extensions><ns3:TPX><ns3:Speed>2.5899999141693115</ns3:Speed><ns3:Pace>0.38</ns3:Pace></ns3:TPX></Extensions></Trackpoint><Trackpoint><Time>2025-08-12T21:37:45Z</Time><Position><LatitudeDegrees>-8.0556129</LatitudeDegrees><LongitudeDegrees>-34.95385235</LongitudeDegrees></Position><HeartRateBpm><Value>144</Value></HeartRateBpm><Cadence>88</Cadence><Extensions><ns3:TPX><ns3:Speed>2.5899999141693115</ns3:Speed><ns3:Pace>0.38</ns3:Pace></ns3:TPX></Extensions></Trackpoint><Trackpoint><Time>2025-08-12T21:37:46Z</Time><Position><LatitudeDegrees>-8.05561656</LatitudeDegrees><LongitudeDegrees>-34.95387735</LongitudeDegrees></Position><HeartRateBpm><Value>144</Value></HeartRateBpm><Cadence>88</Cadence><Extensions><ns3:TPX><ns3:Speed>2.5899999141693115</ns3:Speed><ns3:Pace>0.38</ns3:Pace></ns3:TPX></Extensions></Trackpoint><Trackpoint><Time>2025-08-12T21:37:47Z</Time><Position><LatitudeDegrees>-8.05561756</LatitudeDegrees><LongitudeDegrees>-34.95390001</LongitudeDegrees></Position><HeartRateBpm><Value>145</Value></HeartRateBpm><Cadence>88</Cadence><Extensions><ns3:TPX><ns3:Speed>2.5899999141693115</ns3:Speed><ns3:Pace>0.38</ns3:Pace></ns3:TPX></Extensions></Trackpoint><Trackpoint><Time>2025-08-12T21:37:48Z</Time><Position><LatitudeDegrees>-8.05561622</LatitudeDegrees><LongitudeDegrees>-34.95391901</LongitudeDegrees></Position><HeartRateBpm><Value>145</Value></HeartRateBpm><Cadence>88</Cadence><Extensions><ns3:TPX><ns3:Speed>2.5899999141693115</ns3:Speed><ns3:Pace>0.38</ns3:Pace></ns3:TPX></Extensions></Trackpoint><Trackpoint><Time>2025-08-12T21:37:49Z</Time><Position><LatitudeDegrees>-8.05561689</LatitudeDegrees><LongitudeDegrees>-34.95393733</LongitudeDegrees></Position><HeartRateBpm><Value>145</Value></HeartRateBpm><Cadence>88</Cadence><Extensions><ns3:TPX><ns3:Speed>2.5999999046325684</ns3:Speed><ns3:Pace>0.38</ns3:Pace></ns3:TPX></Extensions></Trackpoint><Trackpoint><Time>2025-08-12T21:37:50Z</Time><Position><LatitudeDegrees>-8.05561656</LatitudeDegrees><LongitudeDegrees>-34.95395333</LongitudeDegrees></Position><HeartRateBpm><Value>145</Value></HeartRateBpm><Cadence>88</Cadence><Extensions><ns3:TPX><ns3:Speed>2.5799999237060547</ns3:Speed><ns3:Pace>0.41</ns3:Pace></ns3:TPX></Extensions></Trackpoint><Trackpoint><Time>2025-08-12T21:37:51Z</Time><Position><LatitudeDegrees>-8.05561722</LatitudeDegrees><LongitudeDegrees>-34.95397032</LongitudeDegrees></Position><HeartRateBpm><Value>145</Value></HeartRateBpm><Cadence>88</Cadence><Extensions><ns3:TPX><ns3:Speed>2.4200000762939453</ns3:Speed><ns3:Pace>0.47</ns3:Pace></ns3:TPX></Extensions></Trackpoint><Trackpoint><Time>2025-08-12T21:37:52Z</Time><Position><LatitudeDegrees>-8.05561689</LatitudeDegrees><LongitudeDegrees>-34.95398531</LongitudeDegrees></Position><HeartRateBpm><Value>145</Value></HeartRateBpm><Cadence>88</Cadence><Extensions><ns3:TPX><ns3:Speed>2.109999895095825</ns3:Speed><ns3:Pace>0.55</ns3:Pace></ns3:TPX></Extensions></Trackpoint><Trackpoint><Time>2025-08-12T21:37:53Z</Time><Position><LatitudeDegrees>-8.05561557</LatitudeDegrees><LongitudeDegrees>-34.95399898</LongitudeDegrees></Position><HeartRateBpm><Value>146</Value></HeartRateBpm><Cadence>88</Cadence><Extensions><ns3:TPX><ns3:Speed>1.7899999618530273</ns3:Speed><ns3:Pace>0.55</ns3:Pace></ns3:TPX></Extensions></Trackpoint><Trackpoint><Time>2025-08-12T21:37:54Z</Time><Position><LatitudeDegrees>-8.05561357</LatitudeDegrees><LongitudeDegrees>-34.95401131</LongitudeDegrees></Position><HeartRateBpm><Value>146</Value></HeartRateBpm><Cadence>88</Cadence><Extensions><ns3:TPX><ns3:Speed>1.7899999618530273</ns3:Speed><ns3:Pace>0.64</ns3:Pace></ns3:TPX></Extensions></Trackpoint><Trackpoint><Time>2025-08-12T21:37:55Z</Time><Position><LatitudeDegrees>-8.05561191</LatitudeDegrees><LongitudeDegrees>-34.9540233</LongitudeDegrees></Position><HeartRateBpm><Value>146</Value></HeartRateBpm><Cadence>88</Cadence><Extensions><ns3:TPX><ns3:Speed>1.5399999618530273</ns3:Speed><ns3:Pace>0.68</ns3:Pace></ns3:TPX></Extensions></Trackpoint><Trackpoint><Time>2025-08-12T21:37:56Z</Time><Position><LatitudeDegrees>-8.05560959</LatitudeDegrees><LongitudeDegrees>-34.95403629</LongitudeDegrees></Position><HeartRateBpm><Value>147</Value></HeartRateBpm><Cadence>88</Cadence><Extensions><ns3:TPX><ns3:Speed>1.4500000476837158</ns3:Speed><ns3:Pace>0.7</ns3:Pace></ns3:TPX></Extensions></Trackpoint><Trackpoint><Time>2025-08-12T21:37:57Z</Time><Position><LatitudeDegrees>-8.05560792</LatitudeDegrees><LongitudeDegrees>-34.95404996</LongitudeDegrees></Position><HeartRateBpm><Value>148</Value></HeartRateBpm><Cadence>88</Cadence><Extensions><ns3:TPX><ns3:Speed>1.4199999570846558</ns3:Speed><ns3:Pace>0.71</ns3:Pace></ns3:TPX></Extensions></Trackpoint><Trackpoint><Time>2025-08-12T21:37:58Z</Time><Position><LatitudeDegrees>-8.05560459</LatitudeDegrees><LongitudeDegrees>-34.95406296</LongitudeDegrees></Position><HeartRateBpm><Value>148</Value></HeartRateBpm><Cadence>88</Cadence><Extensions><ns3:TPX><ns3:Speed>1.399999976158142</ns3:Speed><ns3:Pace>0.72</ns3:Pace></ns3:TPX></Extensions></Trackpoint><Trackpoint><Time>2025-08-12T21:37:59Z</Time><Position><LatitudeDegrees>-8.05560026</LatitudeDegrees><LongitudeDegrees>-34.95407495</LongitudeDegrees></Position><HeartRateBpm><Value>148</Value></HeartRateBpm><Cadence>88</Cadence><Extensions><ns3:TPX><ns3:Speed>1.3799999952316284</ns3:Speed><ns3:Pace>0.74</ns3:Pace></ns3:TPX></Extensions></Trackpoint><Trackpoint><Time>2025-08-12T21:38:00Z</Time><Position><LatitudeDegrees>-8.05559526</LatitudeDegrees><LongitudeDegrees>-34.95408595</LongitudeDegrees></Position><HeartRateBpm><Value>148</Value></HeartRateBpm><Cadence>88</Cadence><Extensions><ns3:TPX><ns3:Speed>1.340000033378601</ns3:Speed><ns3:Pace>0.74</ns3:Pace></ns3:TPX></Extensions></Trackpoint><Trackpoint><Time>2025-08-12T21:38:01Z</Time><Position><LatitudeDegrees>-8.05559027</LatitudeDegrees><LongitudeDegrees>-34.95409695</LongitudeDegrees></Position><HeartRateBpm><Value>148</Value></HeartRateBpm><Cadence>88</Cadence><Extensions><ns3:TPX><ns3:Speed>1.340000033378601</ns3:Speed><ns3:Pace>0.74</ns3:Pace></ns3:TPX></Extensions></Trackpoint><Trackpoint><Time>2025-08-12T21:38:02Z</Time><Position><LatitudeDegrees>-8.05558728</LatitudeDegrees><LongitudeDegrees>-34.95410827</LongitudeDegrees></Position><HeartRateBpm><Value>148</Value></HeartRateBpm><Cadence>88</Cadence><Extensions><ns3:TPX><ns3:Speed>1.3300000429153442</ns3:Speed><ns3:Pace>0.75</ns3:Pace></ns3:TPX></Extensions></Trackpoint><Trackpoint><Time>2025-08-12T21:38:03Z</Time><Position><LatitudeDegrees>-8.05558363</LatitudeDegrees><LongitudeDegrees>-34.9541186</LongitudeDegrees></Position><HeartRateBpm><Value>147</Value></HeartRateBpm><Cadence>88</Cadence><Extensions><ns3:TPX><ns3:Speed>1.3200000524520874</ns3:Speed><ns3:Pace>0.76</ns3:Pace></ns3:TPX></Extensions></Trackpoint><Trackpoint><Time>2025-08-12T21:38:04Z</Time><Position><LatitudeDegrees>-8.05558029</LatitudeDegrees><LongitudeDegrees>-34.95412926</LongitudeDegrees></Position><HeartRateBpm><Value>144</Value></HeartRateBpm><Cadence>66</Cadence><Extensions><ns3:TPX><ns3:Speed>1.2999999523162842</ns3:Speed><ns3:Pace>0.77</ns3:Pace></ns3:TPX></Extensions></Trackpoint><Trackpoint><Time>2025-08-12T21:38:05Z</Time><Position><LatitudeDegrees>-8.05557696</LatitudeDegrees><LongitudeDegrees>-34.95414093</LongitudeDegrees></Position><HeartRateBpm><Value>144</Value></HeartRateBpm><Cadence>66</Cadence><Extensions><ns3:TPX><ns3:Speed>1.2799999713897705</ns3:Speed><ns3:Pace>0.79</ns3:Pace></ns3:TPX></Extensions></Trackpoint><Trackpoint><Time>2025-08-12T21:38:06Z</Time><Position><LatitudeDegrees>-8.05557464</LatitudeDegrees><LongitudeDegrees>-34.95415258</LongitudeDegrees></Position><HeartRateBpm><Value>143</Value></HeartRateBpm><Cadence>66</Cadence><Extensions><ns3:TPX><ns3:Speed>1.2599999904632568</ns3:Speed><ns3:Pace>0.79</ns3:Pace></ns3:TPX></Extensions></Trackpoint><Trackpoint><Time>2025-08-12T21:38:07Z</Time><Position><LatitudeDegrees>-8.05557298</LatitudeDegrees><LongitudeDegrees>-34.95416491</LongitudeDegrees></Position><HeartRateBpm><Value>143</Value></HeartRateBpm><Cadence>66</Cadence><Extensions><ns3:TPX><ns3:Speed>1.2599999904632568</ns3:Speed><ns3:Pace>0.79</ns3:Pace></ns3:TPX></Extensions></Trackpoint><Trackpoint><Time>2025-08-12T21:38:08Z</Time><Position><LatitudeDegrees>-8.05557131</LatitudeDegrees><LongitudeDegrees>-34.95417791</LongitudeDegrees></Position><HeartRateBpm><Value>142</Value></HeartRateBpm><Cadence>66</Cadence><Extensions><ns3:TPX><ns3:Speed>1.2599999904632568</ns3:Speed><ns3:Pace>0.79</ns3:Pace></ns3:TPX></Extensions></Trackpoint><Trackpoint><Time>2025-08-12T21:38:09Z</Time><Position><LatitudeDegrees>-8.05557032</LatitudeDegrees><LongitudeDegrees>-34.95419157</LongitudeDegrees></Position><HeartRateBpm><Value>141</Value></HeartRateBpm><Cadence>66</Cadence><Extensions><ns3:TPX><ns3:Speed>1.2599999904632568</ns3:Speed><ns3:Pace>0.79</ns3:Pace></ns3:TPX></Extensions></Trackpoint><Trackpoint><Time>2025-08-12T21:38:10Z</Time><Position><LatitudeDegrees>-8.05556799</LatitudeDegrees><LongitudeDegrees>-34.9542059</LongitudeDegrees></Position><HeartRateBpm><Value>139</Value></HeartRateBpm><Cadence>66</Cadence><Extensions><ns3:TPX><ns3:Speed>1.25</ns3:Speed><ns3:Pace>0.79</ns3:Pace></ns3:TPX></Extensions></Trackpoint><Trackpoint><Time>2025-08-12T21:38:11Z</Time><Position><LatitudeDegrees>-8.05556467</LatitudeDegrees><LongitudeDegrees>-34.95421956</LongitudeDegrees></Position><HeartRateBpm><Value>140</Value></HeartRateBpm><Cadence>66</Cadence><Extensions><ns3:TPX><ns3:Speed>1.2599999904632568</ns3:Speed><ns3:Pace>0.77</ns3:Pace></ns3:TPX></Extensions></Trackpoint><Trackpoint><Time>2025-08-12T21:38:12Z</Time><Position><LatitudeDegrees>-8.05556367</LatitudeDegrees><LongitudeDegrees>-34.95423455</LongitudeDegrees></Position><HeartRateBpm><Value>140</Value></HeartRateBpm><Cadence>63</Cadence><Extensions><ns3:TPX><ns3:Speed>1.2799999713897705</ns3:Speed><ns3:Pace>0.77</ns3:Pace></ns3:TPX></Extensions></Trackpoint><Trackpoint><Time>2025-08-12T21:38:13Z</Time><Position><LatitudeDegrees>-8.05556234</LatitudeDegrees><LongitudeDegrees>-34.95424855</LongitudeDegrees></Position><HeartRateBpm><Value>140</Value></HeartRateBpm><Cadence>63</Cadence><Extensions><ns3:TPX><ns3:Speed>1.2799999713897705</ns3:Speed><ns3:Pace>0.75</ns3:Pace></ns3:TPX></Extensions></Trackpoint><Trackpoint><Time>2025-08-12T21:38:14Z</Time><Position><LatitudeDegrees>-8.05556001</LatitudeDegrees><LongitudeDegrees>-34.95426388</LongitudeDegrees></Position><HeartRateBpm><Value>139</Value></HeartRateBpm><Cadence>61</Cadence><Extensions><ns3:TPX><ns3:Speed>1.3200000524520874</ns3:Speed><ns3:Pace>0.72</ns3:Pace></ns3:TPX></Extensions></Trackpoint><Trackpoint><Time>2025-08-12T21:38:15Z</Time><Position><LatitudeDegrees>-8.05555769</LatitudeDegrees><LongitudeDegrees>-34.95427888</LongitudeDegrees></Position><HeartRateBpm><Value>138</Value></HeartRateBpm><Cadence>61</Cadence><Extensions><ns3:TPX><ns3:Speed>1.3700000047683716</ns3:Speed><ns3:Pace>0.7</ns3:Pace></ns3:TPX></Extensions></Trackpoint><Trackpoint><Time>2025-08-12T21:38:16Z</Time><Position><LatitudeDegrees>-8.05555502</LatitudeDegrees><LongitudeDegrees>-34.9542932</LongitudeDegrees></Position><HeartRateBpm><Value>138</Value></HeartRateBpm><Cadence>61</Cadence><Extensions><ns3:TPX><ns3:Speed>1.4199999570846558</ns3:Speed><ns3:Pace>0.68</ns3:Pace></ns3:TPX></Extensions></Trackpoint><Trackpoint><Time>2025-08-12T21:38:17Z</Time><Position><LatitudeDegrees>-8.05555169</LatitudeDegrees><LongitudeDegrees>-34.95430752</LongitudeDegrees></Position><HeartRateBpm><Value>141</Value></HeartRateBpm><Cadence>61</Cadence><Extensions><ns3:TPX><ns3:Speed>1.4600000381469727</ns3:Speed><ns3:Pace>0.66</ns3:Pace></ns3:TPX></Extensions></Trackpoint><Trackpoint><Time>2025-08-12T21:38:18Z</Time><Position><LatitudeDegrees>-8.05554902</LatitudeDegrees><LongitudeDegrees>-34.95432119</LongitudeDegrees></Position><HeartRateBpm><Value>145</Value></HeartRateBpm><Cadence>61</Cadence><Extensions><ns3:TPX><ns3:Speed>1.5</ns3:Speed><ns3:Pace>0.66</ns3:Pace></ns3:TPX></Extensions></Trackpoint><Trackpoint><Time>2025-08-12T21:38:19Z</Time><Position><LatitudeDegrees>-8.05554536</LatitudeDegrees><LongitudeDegrees>-34.95433385</LongitudeDegrees></Position><HeartRateBpm><Value>145</Value></HeartRateBpm><Cadence>61</Cadence><Extensions><ns3:TPX><ns3:Speed>1.5</ns3:Speed><ns3:Pace>0.65</ns3:Pace></ns3:TPX></Extensions></Trackpoint><Trackpoint><Time>2025-08-12T21:38:20Z</Time><Position><LatitudeDegrees>-8.05554304</LatitudeDegrees><LongitudeDegrees>-34.95434618</LongitudeDegrees></Position><HeartRateBpm><Value>139</Value></HeartRateBpm><Cadence>61</Cadence><Extensions><ns3:TPX><ns3:Speed>1.5199999809265137</ns3:Speed><ns3:Pace>0.65</ns3:Pace></ns3:TPX></Extensions></Trackpoint><Trackpoint><Time>2025-08-12T21:38:21Z</Time><Position><LatitudeDegrees>-8.05554138</LatitudeDegrees><LongitudeDegrees>-34.95435717</LongitudeDegrees></Position><HeartRateBpm><Value>138</Value></HeartRateBpm><Cadence>61</Cadence><Extensions><ns3:TPX><ns3:Speed>1.5199999809265137</ns3:Speed><ns3:Pace>0.66</ns3:Pace></ns3:TPX></Extensions></Trackpoint><Trackpoint><Time>2025-08-12T21:38:22Z</Time><Position><LatitudeDegrees>-8.05554105</LatitudeDegrees><LongitudeDegrees>-34.95436717</LongitudeDegrees></Position><HeartRateBpm><Value>137</Value></HeartRateBpm><Cadence>60</Cadence><Extensions><ns3:TPX><ns3:Speed>1.5099999904632568</ns3:Speed><ns3:Pace>0.67</ns3:Pace></ns3:TPX></Extensions></Trackpoint><Trackpoint><Time>2025-08-12T21:38:23Z</Time><Position><LatitudeDegrees>-8.05554006</LatitudeDegrees><LongitudeDegrees>-34.9543775</LongitudeDegrees></Position><HeartRateBpm><Value>137</Value></HeartRateBpm><Cadence>60</Cadence><Extensions><ns3:TPX><ns3:Speed>1.4800000190734863</ns3:Speed><ns3:Pace>0.69</ns3:Pace></ns3:TPX></Extensions></Trackpoint><Trackpoint><Time>2025-08-12T21:38:24Z</Time><Position><LatitudeDegrees>-8.05554038</LatitudeDegrees><LongitudeDegrees>-34.95438749</LongitudeDegrees></Position><HeartRateBpm><Value>136</Value></HeartRateBpm><Cadence>60</Cadence><Extensions><ns3:TPX><ns3:Speed>1.440000057220459</ns3:Speed><ns3:Pace>0.69</ns3:Pace></ns3:TPX></Extensions></Trackpoint><Trackpoint><Time>2025-08-12T21:38:25Z</Time><Position><LatitudeDegrees>-8.05554205</LatitudeDegrees><LongitudeDegrees>-34.95439749</LongitudeDegrees></Position><HeartRateBpm><Value>136</Value></HeartRateBpm><Cadence>60</Cadence><Extensions><ns3:TPX><ns3:Speed>1.440000057220459</ns3:Speed><ns3:Pace>0.71</ns3:Pace></ns3:TPX></Extensions></Trackpoint><Trackpoint><Time>2025-08-12T21:38:26Z</Time><Position><LatitudeDegrees>-8.05554337</LatitudeDegrees><LongitudeDegrees>-34.95440682</LongitudeDegrees></Position><HeartRateBpm><Value>135</Value></HeartRateBpm><Cadence>60</Cadence><Extensions><ns3:TPX><ns3:Speed>1.399999976158142</ns3:Speed><ns3:Pace>0.72</ns3:Pace></ns3:TPX></Extensions></Trackpoint><Trackpoint><Time>2025-08-12T21:38:27Z</Time><Position><LatitudeDegrees>-8.05554403</LatitudeDegrees><LongitudeDegrees>-34.95441648</LongitudeDegrees></Position><HeartRateBpm><Value>135</Value></HeartRateBpm><Cadence>60</Cadence><Extensions><ns3:TPX><ns3:Speed>1.3799999952316284</ns3:Speed><ns3:Pace>0.73</ns3:Pace></ns3:TPX></Extensions></Trackpoint><Trackpoint><Time>2025-08-12T21:38:28Z</Time><Position><LatitudeDegrees>-8.0555447</LatitudeDegrees><LongitudeDegrees>-34.95442748</LongitudeDegrees></Position><HeartRateBpm><Value>134</Value></HeartRateBpm><Cadence>60</Cadence><Extensions><ns3:TPX><ns3:Speed>1.3600000143051147</ns3:Speed><ns3:Pace>0.74</ns3:Pace></ns3:TPX></Extensions></Trackpoint><Trackpoint><Time>2025-08-12T21:38:29Z</Time><Position><LatitudeDegrees>-8.0555447</LatitudeDegrees><LongitudeDegrees>-34.95443781</LongitudeDegrees></Position><HeartRateBpm><Value>132</Value></HeartRateBpm><Cadence>60</Cadence><Extensions><ns3:TPX><ns3:Speed>1.340000033378601</ns3:Speed><ns3:Pace>0.75</ns3:Pace></ns3:TPX></Extensions></Trackpoint><Trackpoint><Time>2025-08-12T21:38:30Z</Time><Position><LatitudeDegrees>-8.05554535</LatitudeDegrees><LongitudeDegrees>-34.95445014</LongitudeDegrees></Position><HeartRateBpm><Value>131</Value></HeartRateBpm><Cadence>60</Cadence><Extensions><ns3:TPX><ns3:Speed>1.3300000429153442</ns3:Speed><ns3:Pace>0.75</ns3:Pace></ns3:TPX></Extensions></Trackpoint><Trackpoint><Time>2025-08-12T21:38:31Z</Time><Position><LatitudeDegrees>-8.05554535</LatitudeDegrees><LongitudeDegrees>-34.95446313</LongitudeDegrees></Position><HeartRateBpm><Value>131</Value></HeartRateBpm><Cadence>60</Cadence><Extensions><ns3:TPX><ns3:Speed>1.3300000429153442</ns3:Speed><ns3:Pace>0.75</ns3:Pace></ns3:TPX></Extensions></Trackpoint><Trackpoint><Time>2025-08-12T21:38:32Z</Time><Position><LatitudeDegrees>-8.05554336</LatitudeDegrees><LongitudeDegrees>-34.9544768</LongitudeDegrees></Position><HeartRateBpm><Value>131</Value></HeartRateBpm><Cadence>60</Cadence><Extensions><ns3:TPX><ns3:Speed>1.309999942779541</ns3:Speed><ns3:Pace>0.76</ns3:Pace></ns3:TPX></Extensions></Trackpoint><Trackpoint><Time>2025-08-12T21:38:33Z</Time><Position><LatitudeDegrees>-8.0555407</LatitudeDegrees><LongitudeDegrees>-34.95449112</LongitudeDegrees></Position><HeartRateBpm><Value>134</Value></HeartRateBpm><Cadence>61</Cadence><Extensions><ns3:TPX><ns3:Speed>1.2999999523162842</ns3:Speed><ns3:Pace>0.77</ns3:Pace></ns3:TPX></Extensions></Trackpoint><Trackpoint><Time>2025-08-12T21:38:34Z</Time><Position><LatitudeDegrees>-8.05553871</LatitudeDegrees><LongitudeDegrees>-34.95450645</LongitudeDegrees></Position><HeartRateBpm><Value>134</Value></HeartRateBpm><Cadence>61</Cadence><Extensions><ns3:TPX><ns3:Speed>1.2899999618530273</ns3:Speed><ns3:Pace>0.77</ns3:Pace></ns3:TPX></Extensions></Trackpoint><Trackpoint><Time>2025-08-12T21:38:35Z</Time><Position><LatitudeDegrees>-8.05553704</LatitudeDegrees><LongitudeDegrees>-34.95452178</LongitudeDegrees></Position><HeartRateBpm><Value>132</Value></HeartRateBpm><Cadence>61</Cadence><Extensions><ns3:TPX><ns3:Speed>1.2899999618530273</ns3:Speed><ns3:Pace>0.76</ns3:Pace></ns3:TPX></Extensions></Trackpoint><Trackpoint><Time>2025-08-12T21:38:36Z</Time><Position><LatitudeDegrees>-8.05553505</LatitudeDegrees><LongitudeDegrees>-34.95453643</LongitudeDegrees></Position><HeartRateBpm><Value>130</Value></HeartRateBpm><Cadence>61</Cadence><Extensions><ns3:TPX><ns3:Speed>1.2999999523162842</ns3:Speed><ns3:Pace>0.76</ns3:Pace></ns3:TPX></Extensions></Trackpoint><Trackpoint><Time>2025-08-12T21:38:37Z</Time><Position><LatitudeDegrees>-8.05553405</LatitudeDegrees><LongitudeDegrees>-34.95454943</LongitudeDegrees></Position><HeartRateBpm><Value>129</Value></HeartRateBpm><Cadence>61</Cadence><Extensions><ns3:TPX><ns3:Speed>1.2999999523162842</ns3:Speed><ns3:Pace>0.76</ns3:Pace></ns3:TPX></Extensions></Trackpoint><Trackpoint><Time>2025-08-12T21:38:38Z</Time><Position><LatitudeDegrees>-8.05553373</LatitudeDegrees><LongitudeDegrees>-34.95456209</LongitudeDegrees></Position><HeartRateBpm><Value>129</Value></HeartRateBpm><Cadence>61</Cadence><Extensions><ns3:TPX><ns3:Speed>1.2999999523162842</ns3:Speed><ns3:Pace>0.75</ns3:Pace></ns3:TPX></Extensions></Trackpoint><Trackpoint><Time>2025-08-12T21:38:39Z</Time><Position><LatitudeDegrees>-8.05553472</LatitudeDegrees><LongitudeDegrees>-34.95457542</LongitudeDegrees></Position><HeartRateBpm><Value>129</Value></HeartRateBpm><Cadence>61</Cadence><Extensions><ns3:TPX><ns3:Speed>1.309999942779541</ns3:Speed><ns3:Pace>0.75</ns3:Pace></ns3:TPX></Extensions></Trackpoint><Trackpoint><Time>2025-08-12T21:38:40Z</Time><Position><LatitudeDegrees>-8.05553638</LatitudeDegrees><LongitudeDegrees>-34.95458876</LongitudeDegrees></Position><HeartRateBpm><Value>130</Value></HeartRateBpm><Cadence>61</Cadence><Extensions><ns3:TPX><ns3:Speed>1.3200000524520874</ns3:Speed><ns3:Pace>0.74</ns3:Pace></ns3:TPX></Extensions></Trackpoint><Trackpoint><Time>2025-08-12T21:38:41Z</Time><Position><LatitudeDegrees>-8.05553804</LatitudeDegrees><LongitudeDegrees>-34.95460276</LongitudeDegrees></Position><HeartRateBpm><Value>128</Value></HeartRateBpm><Cadence>61</Cadence><Extensions><ns3:TPX><ns3:Speed>1.3300000429153442</ns3:Speed><ns3:Pace>0.74</ns3:Pace></ns3:TPX></Extensions></Trackpoint><Trackpoint><Time>2025-08-12T21:38:42Z</Time><Position><LatitudeDegrees>-8.05553903</LatitudeDegrees><LongitudeDegrees>-34.95461642</LongitudeDegrees></Position><HeartRateBpm><Value>127</Value></HeartRateBpm><Cadence>60</Cadence><Extensions><ns3:TPX><ns3:Speed>1.340000033378601</ns3:Speed><ns3:Pace>0.73</ns3:Pace></ns3:TPX></Extensions></Trackpoint><Trackpoint><Time>2025-08-12T21:38:43Z</Time><Position><LatitudeDegrees>-8.05553936</LatitudeDegrees><LongitudeDegrees>-34.95462908</LongitudeDegrees></Position><HeartRateBpm><Value>126</Value></HeartRateBpm><Cadence>60</Cadence><Extensions><ns3:TPX><ns3:Speed>1.350000023841858</ns3:Speed><ns3:Pace>0.73</ns3:Pace></ns3:TPX></Extensions></Trackpoint><Trackpoint><Time>2025-08-12T21:38:44Z</Time><Position><LatitudeDegrees>-8.05553903</LatitudeDegrees><LongitudeDegrees>-34.95464107</LongitudeDegrees></Position><HeartRateBpm><Value>126</Value></HeartRateBpm><Cadence>60</Cadence><Extensions><ns3:TPX><ns3:Speed>1.350000023841858</ns3:Speed><ns3:Pace>0.73</ns3:Pace></ns3:TPX></Extensions></Trackpoint><Trackpoint><Time>2025-08-12T21:38:45Z</Time><Position><LatitudeDegrees>-8.05553771</LatitudeDegrees><LongitudeDegrees>-34.95465273</LongitudeDegrees></Position><HeartRateBpm><Value>122</Value></HeartRateBpm><Cadence>61</Cadence><Extensions><ns3:TPX><ns3:Speed>1.3600000143051147</ns3:Speed><ns3:Pace>0.73</ns3:Pace></ns3:TPX></Extensions></Trackpoint><Trackpoint><Time>2025-08-12T21:38:46Z</Time><Position><LatitudeDegrees>-8.05553405</LatitudeDegrees><LongitudeDegrees>-34.95466273</LongitudeDegrees></Position><HeartRateBpm><Value>118</Value></HeartRateBpm><Cadence>61</Cadence><Extensions><ns3:TPX><ns3:Speed>1.3600000143051147</ns3:Speed><ns3:Pace>0.72</ns3:Pace></ns3:TPX></Extensions></Trackpoint><Trackpoint><Time>2025-08-12T21:38:47Z</Time><Position><LatitudeDegrees>-8.05552939</LatitudeDegrees><LongitudeDegrees>-34.95467239</LongitudeDegrees></Position><HeartRateBpm><Value>118</Value></HeartRateBpm><Cadence>61</Cadence><Extensions><ns3:TPX><ns3:Speed>1.3700000047683716</ns3:Speed><ns3:Pace>0.72</ns3:Pace></ns3:TPX></Extensions></Trackpoint><Trackpoint><Time>2025-08-12T21:38:48Z</Time><Position><LatitudeDegrees>-8.05552639</LatitudeDegrees><LongitudeDegrees>-34.95468305</LongitudeDegrees></Position><HeartRateBpm><Value>115</Value></HeartRateBpm><Cadence>62</Cadence><Extensions><ns3:TPX><ns3:Speed>1.3700000047683716</ns3:Speed><ns3:Pace>0.72</ns3:Pace></ns3:TPX></Extensions></Trackpoint><Trackpoint><Time>2025-08-12T21:38:49Z</Time><Position><LatitudeDegrees>-8.05552739</LatitudeDegrees><LongitudeDegrees>-34.95469505</LongitudeDegrees></Position><HeartRateBpm><Value>113</Value></HeartRateBpm><Cadence>62</Cadence><Extensions><ns3:TPX><ns3:Speed>1.3700000047683716</ns3:Speed><ns3:Pace>0.72</ns3:Pace></ns3:TPX></Extensions></Trackpoint><Trackpoint><Time>2025-08-12T21:38:50Z</Time><Position><LatitudeDegrees>-8.05552706</LatitudeDegrees><LongitudeDegrees>-34.95470804</LongitudeDegrees></Position><HeartRateBpm><Value>113</Value></HeartRateBpm><Cadence>62</Cadence><Extensions><ns3:TPX><ns3:Speed>1.3700000047683716</ns3:Speed><ns3:Pace>0.73</ns3:Pace></ns3:TPX></Extensions></Trackpoint><Trackpoint><Time>2025-08-12T21:38:51Z</Time><Position><LatitudeDegrees>-8.05552739</LatitudeDegrees><LongitudeDegrees>-34.95472104</LongitudeDegrees></Position><HeartRateBpm><Value>110</Value></HeartRateBpm><Cadence>62</Cadence><Extensions><ns3:TPX><ns3:Speed>1.3600000143051147</ns3:Speed><ns3:Pace>0.73</ns3:Pace></ns3:TPX></Extensions></Trackpoint><Trackpoint><Time>2025-08-12T21:38:52Z</Time><Position><LatitudeDegrees>-8.05552674</LatitudeDegrees><LongitudeDegrees>-34.95473437</LongitudeDegrees></Position><HeartRateBpm><Value>108</Value></HeartRateBpm><Cadence>62</Cadence><Extensions><ns3:TPX><ns3:Speed>1.3600000143051147</ns3:Speed><ns3:Pace>0.73</ns3:Pace></ns3:TPX></Extensions></Trackpoint><Trackpoint><Time>2025-08-12T21:38:53Z</Time><Position><LatitudeDegrees>-8.0555234</LatitudeDegrees><LongitudeDegrees>-34.95474736</LongitudeDegrees></Position><HeartRateBpm><Value>106</Value></HeartRateBpm><Cadence>62</Cadence><Extensions><ns3:TPX><ns3:Speed>1.3600000143051147</ns3:Speed><ns3:Pace>0.73</ns3:Pace></ns3:TPX></Extensions></Trackpoint><Trackpoint><Time>2025-08-12T21:38:54Z</Time><Position><LatitudeDegrees>-8.0555194</LatitudeDegrees><LongitudeDegrees>-34.95475803</LongitudeDegrees></Position><HeartRateBpm><Value>107</Value></HeartRateBpm><Cadence>62</Cadence><Extensions><ns3:TPX><ns3:Speed>1.350000023841858</ns3:Speed><ns3:Pace>0.73</ns3:Pace></ns3:TPX></Extensions></Trackpoint><Trackpoint><Time>2025-08-12T21:38:55Z</Time><Position><LatitudeDegrees>-8.05551641</LatitudeDegrees><LongitudeDegrees>-34.95476836</LongitudeDegrees></Position><HeartRateBpm><Value>106</Value></HeartRateBpm><Cadence>62</Cadence><Extensions><ns3:TPX><ns3:Speed>1.350000023841858</ns3:Speed><ns3:Pace>0.73</ns3:Pace></ns3:TPX></Extensions></Trackpoint><Trackpoint><Time>2025-08-12T21:38:56Z</Time><Position><LatitudeDegrees>-8.05551276</LatitudeDegrees><LongitudeDegrees>-34.95477869</LongitudeDegrees></Position><HeartRateBpm><Value>106</Value></HeartRateBpm><Cadence>62</Cadence><Extensions><ns3:TPX><ns3:Speed>1.350000023841858</ns3:Speed><ns3:Pace>0.74</ns3:Pace></ns3:TPX></Extensions></Trackpoint><Trackpoint><Time>2025-08-12T21:38:57Z</Time><Position><LatitudeDegrees>-8.05551009</LatitudeDegrees><LongitudeDegrees>-34.95478969</LongitudeDegrees></Position><HeartRateBpm><Value>105</Value></HeartRateBpm><Cadence>62</Cadence><Extensions><ns3:TPX><ns3:Speed>1.350000023841858</ns3:Speed><ns3:Pace>0.74</ns3:Pace></ns3:TPX></Extensions></Trackpoint><Trackpoint><Time>2025-08-12T21:38:58Z</Time><Position><LatitudeDegrees>-8.05550843</LatitudeDegrees><LongitudeDegrees>-34.95480235</LongitudeDegrees></Position><HeartRateBpm><Value>105</Value></HeartRateBpm><Cadence>62</Cadence><Extensions><ns3:TPX><ns3:Speed>1.340000033378601</ns3:Speed><ns3:Pace>0.76</ns3:Pace></ns3:TPX></Extensions></Trackpoint><Trackpoint><Time>2025-08-12T21:38:59Z</Time><Position><LatitudeDegrees>-8.05550677</LatitudeDegrees><LongitudeDegrees>-34.95481734</LongitudeDegrees></Position><HeartRateBpm><Value>105</Value></HeartRateBpm><Cadence>62</Cadence><Extensions><ns3:TPX><ns3:Speed>1.2999999523162842</ns3:Speed><ns3:Pace>0.79</ns3:Pace></ns3:TPX></Extensions></Trackpoint><Trackpoint><Time>2025-08-12T21:39:00Z</Time><Position><LatitudeDegrees>-8.05550444</LatitudeDegrees><LongitudeDegrees>-34.95483368</LongitudeDegrees></Position><HeartRateBpm><Value>106</Value></HeartRateBpm><Cadence>62</Cadence><Extensions><ns3:TPX><ns3:Speed>1.2599999904632568</ns3:Speed><ns3:Pace>0.79</ns3:Pace></ns3:TPX></Extensions></Trackpoint><Trackpoint><Time>2025-08-12T21:39:01Z</Time><Position><LatitudeDegrees>-8.05550244</LatitudeDegrees><LongitudeDegrees>-34.95485268</LongitudeDegrees></Position><HeartRateBpm><Value>107</Value></HeartRateBpm><Cadence>62</Cadence><Extensions><ns3:TPX><ns3:Speed>1.2599999904632568</ns3:Speed><ns3:Pace>0.79</ns3:Pace></ns3:TPX></Extensions></Trackpoint><Trackpoint><Time>2025-08-12T21:39:02Z</Time><Position><LatitudeDegrees>-8.05550012</LatitudeDegrees><LongitudeDegrees>-34.954873</LongitudeDegrees></Position><HeartRateBpm><Value>107</Value></HeartRateBpm><Cadence>62</Cadence><Extensions><ns3:TPX><ns3:Speed>1.2599999904632568</ns3:Speed><ns3:Pace>0.74</ns3:Pace></ns3:TPX></Extensions></Trackpoint><Trackpoint><Time>2025-08-12T21:39:03Z</Time><Position><LatitudeDegrees>-8.05549779</LatitudeDegrees><LongitudeDegrees>-34.95489466</LongitudeDegrees></Position><HeartRateBpm><Value>108</Value></HeartRateBpm><Cadence>62</Cadence><Extensions><ns3:TPX><ns3:Speed>1.340000033378601</ns3:Speed><ns3:Pace>0.63</ns3:Pace></ns3:TPX></Extensions></Trackpoint><Trackpoint><Time>2025-08-12T21:39:04Z</Time><Position><LatitudeDegrees>-8.05549746</LatitudeDegrees><LongitudeDegrees>-34.95491699</LongitudeDegrees></Position><HeartRateBpm><Value>107</Value></HeartRateBpm><Cadence>62</Cadence><Extensions><ns3:TPX><ns3:Speed>1.559999942779541</ns3:Speed><ns3:Pace>0.52</ns3:Pace></ns3:TPX></Extensions></Trackpoint><Trackpoint><Time>2025-08-12T21:39:05Z</Time><Position><LatitudeDegrees>-8.05549614</LatitudeDegrees><LongitudeDegrees>-34.95494032</LongitudeDegrees></Position><HeartRateBpm><Value>107</Value></HeartRateBpm><Cadence>62</Cadence><Extensions><ns3:TPX><ns3:Speed>1.909999966621399</ns3:Speed><ns3:Pace>0.44</ns3:Pace></ns3:TPX></Extensions></Trackpoint><Trackpoint><Time>2025-08-12T21:39:06Z</Time><Position><LatitudeDegrees>-8.05549448</LatitudeDegrees><LongitudeDegrees>-34.95496365</LongitudeDegrees></Position><HeartRateBpm><Value>109</Value></HeartRateBpm><Cadence>62</Cadence><Extensions><ns3:TPX><ns3:Speed>2.2300000190734863</ns3:Speed><ns3:Pace>0.42</ns3:Pace></ns3:TPX></Extensions></Trackpoint><Trackpoint><Time>2025-08-12T21:39:07Z</Time><Position><LatitudeDegrees>-8.05548848</LatitudeDegrees><LongitudeDegrees>-34.9550103</LongitudeDegrees></Position><HeartRateBpm><Value>111</Value></HeartRateBpm><Cadence>88</Cadence><Extensions><ns3:TPX><ns3:Speed>2.380000114440918</ns3:Speed><ns3:Pace>0.41</ns3:Pace></ns3:TPX></Extensions></Trackpoint><Trackpoint><Time>2025-08-12T21:39:08Z</Time><Position><LatitudeDegrees>-8.05548449</LatitudeDegrees><LongitudeDegrees>-34.95503296</LongitudeDegrees></Position><HeartRateBpm><Value>118</Value></HeartRateBpm><Cadence>88</Cadence><Extensions><ns3:TPX><ns3:Speed>2.430000066757202</ns3:Speed><ns3:Pace>0.4</ns3:Pace></ns3:TPX></Extensions></Trackpoint><Trackpoint><Time>2025-08-12T21:39:09Z</Time><Position><LatitudeDegrees>-8.05548083</LatitudeDegrees><LongitudeDegrees>-34.95505529</LongitudeDegrees></Position><HeartRateBpm><Value>125</Value></HeartRateBpm><Cadence>88</Cadence><Extensions><ns3:TPX><ns3:Speed>2.4600000381469727</ns3:Speed><ns3:Pace>0.39</ns3:Pace></ns3:TPX></Extensions></Trackpoint><Trackpoint><Time>2025-08-12T21:39:10Z</Time><Position><LatitudeDegrees>-8.05547683</LatitudeDegrees><LongitudeDegrees>-34.95507763</LongitudeDegrees></Position><HeartRateBpm><Value>130</Value></HeartRateBpm><Cadence>88</Cadence><Extensions><ns3:TPX><ns3:Speed>2.5</ns3:Speed><ns3:Pace>0.39</ns3:Pace></ns3:TPX></Extensions></Trackpoint><Trackpoint><Time>2025-08-12T21:39:11Z</Time><Position><LatitudeDegrees>-8.05547284</LatitudeDegrees><LongitudeDegrees>-34.95509928</LongitudeDegrees></Position><HeartRateBpm><Value>131</Value></HeartRateBpm><Cadence>88</Cadence><Extensions><ns3:TPX><ns3:Speed>2.5299999713897705</ns3:Speed><ns3:Pace>0.39</ns3:Pace></ns3:TPX></Extensions></Trackpoint><Trackpoint><Time>2025-08-12T21:39:12Z</Time><Position><LatitudeDegrees>-8.05546985</LatitudeDegrees><LongitudeDegrees>-34.95512128</LongitudeDegrees></Position><HeartRateBpm><Value>131</Value></HeartRateBpm><Cadence>88</Cadence><Extensions><ns3:TPX><ns3:Speed>2.5299999713897705</ns3:Speed><ns3:Pace>0.39</ns3:Pace></ns3:TPX></Extensions></Trackpoint><Trackpoint><Time>2025-08-12T21:39:13Z</Time><Position><LatitudeDegrees>-8.05546718</LatitudeDegrees><LongitudeDegrees>-34.95514362</LongitudeDegrees></Position><HeartRateBpm><Value>131</Value></HeartRateBpm><Cadence>88</Cadence><Extensions><ns3:TPX><ns3:Speed>2.5299999713897705</ns3:Speed><ns3:Pace>0.39</ns3:Pace></ns3:TPX></Extensions></Trackpoint><Trackpoint><Time>2025-08-12T21:39:14Z</Time><Position><LatitudeDegrees>-8.05546485</LatitudeDegrees><LongitudeDegrees>-34.95516627</LongitudeDegrees></Position><HeartRateBpm><Value>132</Value></HeartRateBpm><Cadence>88</Cadence><Extensions><ns3:TPX><ns3:Speed>2.549999952316284</ns3:Speed><ns3:Pace>0.38</ns3:Pace></ns3:TPX></Extensions></Trackpoint><Trackpoint><Time>2025-08-12T21:39:15Z</Time><Position><LatitudeDegrees>-8.05546419</LatitudeDegrees><LongitudeDegrees>-34.95518926</LongitudeDegrees></Position><HeartRateBpm><Value>132</Value></HeartRateBpm><Cadence>88</Cadence><Extensions><ns3:TPX><ns3:Speed>2.569999933242798</ns3:Speed><ns3:Pace>0.38</ns3:Pace></ns3:TPX></Extensions></Trackpoint><Trackpoint><Time>2025-08-12T21:39:16Z</Time><Position><LatitudeDegrees>-8.05546518</LatitudeDegrees><LongitudeDegrees>-34.95521293</LongitudeDegrees></Position><HeartRateBpm><Value>132</Value></HeartRateBpm><Cadence>88</Cadence><Extensions><ns3:TPX><ns3:Speed>2.569999933242798</ns3:Speed><ns3:Pace>0.38</ns3:Pace></ns3:TPX></Extensions></Trackpoint><Trackpoint><Time>2025-08-12T21:39:17Z</Time><Position><LatitudeDegrees>-8.05546551</LatitudeDegrees><LongitudeDegrees>-34.95523559</LongitudeDegrees></Position><HeartRateBpm><Value>132</Value></HeartRateBpm><Cadence>88</Cadence><Extensions><ns3:TPX><ns3:Speed>2.569999933242798</ns3:Speed><ns3:Pace>0.38</ns3:Pace></ns3:TPX></Extensions></Trackpoint><Trackpoint><Time>2025-08-12T21:39:18Z</Time><Position><LatitudeDegrees>-8.05546551</LatitudeDegrees><LongitudeDegrees>-34.95525924</LongitudeDegrees></Position><HeartRateBpm><Value>133</Value></HeartRateBpm><Cadence>88</Cadence><Extensions><ns3:TPX><ns3:Speed>2.569999933242798</ns3:Speed><ns3:Pace>0.39</ns3:Pace></ns3:TPX></Extensions></Trackpoint><Trackpoint><Time>2025-08-12T21:39:19Z</Time><Position><LatitudeDegrees>-8.05546419</LatitudeDegrees><LongitudeDegrees>-34.9552819</LongitudeDegrees></Position><HeartRateBpm><Value>133</Value></HeartRateBpm><Cadence>88</Cadence><Extensions><ns3:TPX><ns3:Speed>2.549999952316284</ns3:Speed><ns3:Pace>0.39</ns3:Pace></ns3:TPX></Extensions></Trackpoint><Trackpoint><Time>2025-08-12T21:39:20Z</Time><Position><LatitudeDegrees>-8.05546186</LatitudeDegrees><LongitudeDegrees>-34.95530489</LongitudeDegrees></Position><HeartRateBpm><Value>133</Value></HeartRateBpm><Cadence>88</Cadence><Extensions><ns3:TPX><ns3:Speed>2.549999952316284</ns3:Speed><ns3:Pace>0.39</ns3:Pace></ns3:TPX></Extensions></Trackpoint><Trackpoint><Time>2025-08-12T21:39:21Z</Time><Position><LatitudeDegrees>-8.05545853</LatitudeDegrees><LongitudeDegrees>-34.95533089</LongitudeDegrees></Position><HeartRateBpm><Value>133</Value></HeartRateBpm><Cadence>89</Cadence><Extensions><ns3:TPX><ns3:Speed>2.559999942779541</ns3:Speed><ns3:Pace>0.38</ns3:Pace></ns3:TPX></Extensions></Trackpoint><Trackpoint><Time>2025-08-12T21:39:22Z</Time><Position><LatitudeDegrees>-8.05545354</LatitudeDegrees><LongitudeDegrees>-34.95535688</LongitudeDegrees></Position><HeartRateBpm><Value>134</Value></HeartRateBpm><Cadence>88</Cadence><Extensions><ns3:TPX><ns3:Speed>2.5799999237060547</ns3:Speed><ns3:Pace>0.38</ns3:Pace></ns3:TPX></Extensions></Trackpoint><Trackpoint><Time>2025-08-12T21:39:23Z</Time><Position><LatitudeDegrees>-8.05544754</LatitudeDegrees><LongitudeDegrees>-34.95538054</LongitudeDegrees></Position><HeartRateBpm><Value>135</Value></HeartRateBpm><Cadence>88</Cadence><Extensions><ns3:TPX><ns3:Speed>2.5899999141693115</ns3:Speed><ns3:Pace>0.38</ns3:Pace></ns3:TPX></Extensions></Trackpoint><Trackpoint><Time>2025-08-12T21:39:24Z</Time><Position><LatitudeDegrees>-8.05543955</LatitudeDegrees><LongitudeDegrees>-34.9554052</LongitudeDegrees></Position><HeartRateBpm><Value>136</Value></HeartRateBpm><Cadence>88</Cadence><Extensions><ns3:TPX><ns3:Speed>2.609999895095825</ns3:Speed><ns3:Pace>0.37</ns3:Pace></ns3:TPX></Extensions></Trackpoint><Trackpoint><Time>2025-08-12T21:39:25Z</Time><Position><LatitudeDegrees>-8.05543155</LatitudeDegrees><LongitudeDegrees>-34.9554292</LongitudeDegrees></Position><HeartRateBpm><Value>136</Value></HeartRateBpm><Cadence>88</Cadence><Extensions><ns3:TPX><ns3:Speed>2.6500000953674316</ns3:Speed><ns3:Pace>0.37</ns3:Pace></ns3:TPX></Extensions></Trackpoint><Trackpoint><Time>2025-08-12T21:39:26Z</Time><Position><LatitudeDegrees>-8.0554239</LatitudeDegrees><LongitudeDegrees>-34.95545319</LongitudeDegrees></Position><HeartRateBpm><Value>136</Value></HeartRateBpm><Cadence>88</Cadence><Extensions><ns3:TPX><ns3:Speed>2.6500000953674316</ns3:Speed><ns3:Pace>0.37</ns3:Pace></ns3:TPX></Extensions></Trackpoint><Trackpoint><Time>2025-08-12T21:39:27Z</Time><Position><LatitudeDegrees>-8.05541623</LatitudeDegrees><LongitudeDegrees>-34.95547753</LongitudeDegrees></Position><HeartRateBpm><Value>137</Value></HeartRateBpm><Cadence>87</Cadence><Extensions><ns3:TPX><ns3:Speed>2.680000066757202</ns3:Speed><ns3:Pace>0.36</ns3:Pace></ns3:TPX></Extensions></Trackpoint><Trackpoint><Time>2025-08-12T21:39:28Z</Time><Position><LatitudeDegrees>-8.05540991</LatitudeDegrees><LongitudeDegrees>-34.95550285</LongitudeDegrees></Position><HeartRateBpm><Value>137</Value></HeartRateBpm><Cadence>88</Cadence><Extensions><ns3:TPX><ns3:Speed>2.7100000381469727</ns3:Speed><ns3:Pace>0.36</ns3:Pace></ns3:TPX></Extensions></Trackpoint><Trackpoint><Time>2025-08-12T21:39:29Z</Time><Position><LatitudeDegrees>-8.05540424</LatitudeDegrees><LongitudeDegrees>-34.95552717</LongitudeDegrees></Position><HeartRateBpm><Value>137</Value></HeartRateBpm><Cadence>88</Cadence><Extensions><ns3:TPX><ns3:Speed>2.7300000190734863</ns3:Speed><ns3:Pace>0.36</ns3:Pace></ns3:TPX></Extensions></Trackpoint><Trackpoint><Time>2025-08-12T21:39:30Z</Time><Position><LatitudeDegrees>-8.05539958</LatitudeDegrees><LongitudeDegrees>-34.95555217</LongitudeDegrees></Position><HeartRateBpm><Value>137</Value></HeartRateBpm><Cadence>88</Cadence><Extensions><ns3:TPX><ns3:Speed>2.7300000190734863</ns3:Speed><ns3:Pace>0.36</ns3:Pace></ns3:TPX></Extensions></Trackpoint><Trackpoint><Time>2025-08-12T21:39:31Z</Time><Position><LatitudeDegrees>-8.05539558</LatitudeDegrees><LongitudeDegrees>-34.95557684</LongitudeDegrees></Position><HeartRateBpm><Value>137</Value></HeartRateBpm><Cadence>88</Cadence><Extensions><ns3:TPX><ns3:Speed>2.7100000381469727</ns3:Speed><ns3:Pace>0.36</ns3:Pace></ns3:TPX></Extensions></Trackpoint><Trackpoint><Time>2025-08-12T21:39:32Z</Time><Position><LatitudeDegrees>-8.05539092</LatitudeDegrees><LongitudeDegrees>-34.95560184</LongitudeDegrees></Position><HeartRateBpm><Value>137</Value></HeartRateBpm><Cadence>88</Cadence><Extensions><ns3:TPX><ns3:Speed>2.7100000381469727</ns3:Speed><ns3:Pace>0.36</ns3:Pace></ns3:TPX></Extensions></Trackpoint><Trackpoint><Time>2025-08-12T21:39:33Z</Time><Position><LatitudeDegrees>-8.05538793</LatitudeDegrees><LongitudeDegrees>-34.95562716</LongitudeDegrees></Position><HeartRateBpm><Value>137</Value></HeartRateBpm><Cadence>88</Cadence><Extensions><ns3:TPX><ns3:Speed>2.7100000381469727</ns3:Speed><ns3:Pace>0.36</ns3:Pace></ns3:TPX></Extensions></Trackpoint><Trackpoint><Time>2025-08-12T21:39:34Z</Time><Position><LatitudeDegrees>-8.05538593</LatitudeDegrees><LongitudeDegrees>-34.95565315</LongitudeDegrees></Position><HeartRateBpm><Value>137</Value></HeartRateBpm><Cadence>88</Cadence><Extensions><ns3:TPX><ns3:Speed>2.7200000286102295</ns3:Speed><ns3:Pace>0.36</ns3:Pace></ns3:TPX></Extensions></Trackpoint><Trackpoint><Time>2025-08-12T21:39:35Z</Time><Position><LatitudeDegrees>-8.0553846</LatitudeDegrees><LongitudeDegrees>-34.95567749</LongitudeDegrees></Position><HeartRateBpm><Value>137</Value></HeartRateBpm><Cadence>88</Cadence><Extensions><ns3:TPX><ns3:Speed>2.7300000190734863</ns3:Speed><ns3:Pace>0.36</ns3:Pace></ns3:TPX></Extensions></Trackpoint><Trackpoint><Time>2025-08-12T21:39:36Z</Time><Position><LatitudeDegrees>-8.0553826</LatitudeDegrees><LongitudeDegrees>-34.95570381</LongitudeDegrees></Position><HeartRateBpm><Value>137</Value></HeartRateBpm><Cadence>88</Cadence><Extensions><ns3:TPX><ns3:Speed>2.7300000190734863</ns3:Speed><ns3:Pace>0.36</ns3:Pace></ns3:TPX></Extensions></Trackpoint><Trackpoint><Time>2025-08-12T21:39:37Z</Time><Position><LatitudeDegrees>-8.0553806</LatitudeDegrees><LongitudeDegrees>-34.95573013</LongitudeDegrees></Position><HeartRateBpm><Value>137</Value></HeartRateBpm><Cadence>88</Cadence><Extensions><ns3:TPX><ns3:Speed>2.7200000286102295</ns3:Speed><ns3:Pace>0.36</ns3:Pace></ns3:TPX></Extensions></Trackpoint><Trackpoint><Time>2025-08-12T21:39:38Z</Time><Position><LatitudeDegrees>-8.05537995</LatitudeDegrees><LongitudeDegrees>-34.95575547</LongitudeDegrees></Position><HeartRateBpm><Value>137</Value></HeartRateBpm><Cadence>88</Cadence><Extensions><ns3:TPX><ns3:Speed>2.7200000286102295</ns3:Speed><ns3:Pace>0.36</ns3:Pace></ns3:TPX></Extensions></Trackpoint><Trackpoint><Time>2025-08-12T21:39:39Z</Time><Position><LatitudeDegrees>-8.05537795</LatitudeDegrees><LongitudeDegrees>-34.9557798</LongitudeDegrees></Position><HeartRateBpm><Value>137</Value></HeartRateBpm><Cadence>88</Cadence><Extensions><ns3:TPX><ns3:Speed>2.7200000286102295</ns3:Speed><ns3:Pace>0.36</ns3:Pace></ns3:TPX></Extensions></Trackpoint><Trackpoint><Time>2025-08-12T21:39:40Z</Time><Position><LatitudeDegrees>-8.05537795</LatitudeDegrees><LongitudeDegrees>-34.95580312</LongitudeDegrees></Position><HeartRateBpm><Value>137</Value></HeartRateBpm><Cadence>88</Cadence><Extensions><ns3:TPX><ns3:Speed>2.7300000190734863</ns3:Speed><ns3:Pace>0.36</ns3:Pace></ns3:TPX></Extensions></Trackpoint><Trackpoint><Time>2025-08-12T21:39:41Z</Time><Position><LatitudeDegrees>-8.05537827</LatitudeDegrees><LongitudeDegrees>-34.95582546</LongitudeDegrees></Position><HeartRateBpm><Value>139</Value></HeartRateBpm><Cadence>88</Cadence><Extensions><ns3:TPX><ns3:Speed>2.7300000190734863</ns3:Speed><ns3:Pace>0.36</ns3:Pace></ns3:TPX></Extensions></Trackpoint><Trackpoint><Time>2025-08-12T21:39:42Z</Time><Position><LatitudeDegrees>-8.05537827</LatitudeDegrees><LongitudeDegrees>-34.95584746</LongitudeDegrees></Position><HeartRateBpm><Value>139</Value></HeartRateBpm><Cadence>87</Cadence><Extensions><ns3:TPX><ns3:Speed>2.7300000190734863</ns3:Speed><ns3:Pace>0.36</ns3:Pace></ns3:TPX></Extensions></Trackpoint><Trackpoint><Time>2025-08-12T21:39:43Z</Time><Position><LatitudeDegrees>-8.05537761</LatitudeDegrees><LongitudeDegrees>-34.95586979</LongitudeDegrees></Position><HeartRateBpm><Value>139</Value></HeartRateBpm><Cadence>87</Cadence><Extensions><ns3:TPX><ns3:Speed>2.7300000190734863</ns3:Speed><ns3:Pace>0.36</ns3:Pace></ns3:TPX></Extensions></Trackpoint><Trackpoint><Time>2025-08-12T21:39:44Z</Time><Position><LatitudeDegrees>-8.05537595</LatitudeDegrees><LongitudeDegrees>-34.95588946</LongitudeDegrees></Position><HeartRateBpm><Value>139</Value></HeartRateBpm><Cadence>87</Cadence><Extensions><ns3:TPX><ns3:Speed>2.7300000190734863</ns3:Speed><ns3:Pace>0.36</ns3:Pace></ns3:TPX></Extensions></Trackpoint><Trackpoint><Time>2025-08-12T21:39:45Z</Time><Position><LatitudeDegrees>-8.05537496</LatitudeDegrees><LongitudeDegrees>-34.95590346</LongitudeDegrees></Position><HeartRateBpm><Value>139</Value></HeartRateBpm><Cadence>84</Cadence><Extensions><ns3:TPX><ns3:Speed>2.7200000286102295</ns3:Speed><ns3:Pace>0.36</ns3:Pace></ns3:TPX></Extensions></Trackpoint><Trackpoint><Time>2025-08-12T21:39:46Z</Time><Position><LatitudeDegrees>-8.05537462</LatitudeDegrees><LongitudeDegrees>-34.95591146</LongitudeDegrees></Position><HeartRateBpm><Value>139</Value></HeartRateBpm><Cadence>84</Cadence><Extensions><ns3:TPX><ns3:Speed>2.7100000381469727</ns3:Speed><ns3:Pace>0.36</ns3:Pace></ns3:TPX></Extensions></Trackpoint><Trackpoint><Time>2025-08-12T21:39:47Z</Time><Position><LatitudeDegrees>-8.05537263</LatitudeDegrees><LongitudeDegrees>-34.9559108</LongitudeDegrees></Position><HeartRateBpm><Value>139</Value></HeartRateBpm><Cadence>84</Cadence><Extensions><ns3:TPX><ns3:Speed>2.7100000381469727</ns3:Speed><ns3:Pace>0.37</ns3:Pace></ns3:TPX></Extensions></Trackpoint><Trackpoint><Time>2025-08-12T21:39:48Z</Time><Position><LatitudeDegrees>-8.05536997</LatitudeDegrees><LongitudeDegrees>-34.9559038</LongitudeDegrees></Position><HeartRateBpm><Value>138</Value></HeartRateBpm><Cadence>86</Cadence><Extensions><ns3:TPX><ns3:Speed>2.680000066757202</ns3:Speed><ns3:Pace>0.37</ns3:Pace></ns3:TPX></Extensions></Trackpoint><Trackpoint><Time>2025-08-12T21:39:49Z</Time><Position><LatitudeDegrees>-8.05536997</LatitudeDegrees><LongitudeDegrees>-34.95589248</LongitudeDegrees></Position><HeartRateBpm><Value>138</Value></HeartRateBpm><Cadence>88</Cadence><Extensions><ns3:TPX><ns3:Speed>2.640000104904175</ns3:Speed><ns3:Pace>0.37</ns3:Pace></ns3:TPX></Extensions></Trackpoint><Trackpoint><Time>2025-08-12T21:39:50Z</Time><Position><LatitudeDegrees>-8.05537063</LatitudeDegrees><LongitudeDegrees>-34.95587715</LongitudeDegrees></Position><HeartRateBpm><Value>138</Value></HeartRateBpm><Cadence>88</Cadence><Extensions><ns3:TPX><ns3:Speed>2.640000104904175</ns3:Speed><ns3:Pace>0.48</ns3:Pace></ns3:TPX></Extensions></Trackpoint><Trackpoint><Time>2025-08-12T21:39:51Z</Time><Position><LatitudeDegrees>-8.05537229</LatitudeDegrees><LongitudeDegrees>-34.95585949</LongitudeDegrees></Position><HeartRateBpm><Value>138</Value></HeartRateBpm><Cadence>88</Cadence><Extensions><ns3:TPX><ns3:Speed>2.0399999618530273</ns3:Speed><ns3:Pace>0.68</ns3:Pace></ns3:TPX></Extensions></Trackpoint><Trackpoint><Time>2025-08-12T21:39:52Z</Time><Position><LatitudeDegrees>-8.05537461</LatitudeDegrees><LongitudeDegrees>-34.95584016</LongitudeDegrees></Position><HeartRateBpm><Value>137</Value></HeartRateBpm><Cadence>88</Cadence><Extensions><ns3:TPX><ns3:Speed>1.4600000381469727</ns3:Speed><ns3:Pace>0.68</ns3:Pace></ns3:TPX></Extensions></Trackpoint><Trackpoint><Time>2025-08-12T21:39:53Z</Time><Position><LatitudeDegrees>-8.05537827</LatitudeDegrees><LongitudeDegrees>-34.95581983</LongitudeDegrees></Position><HeartRateBpm><Value>138</Value></HeartRateBpm><Cadence>88</Cadence><Extensions><ns3:TPX><ns3:Speed>1.4600000381469727</ns3:Speed><ns3:Pace>0.63</ns3:Pace></ns3:TPX></Extensions></Trackpoint><Trackpoint><Time>2025-08-12T21:39:54Z</Time><Position><LatitudeDegrees>-8.05537994</LatitudeDegrees><LongitudeDegrees>-34.95579717</LongitudeDegrees></Position><HeartRateBpm><Value>138</Value></HeartRateBpm><Cadence>87</Cadence><Extensions><ns3:TPX><ns3:Speed>1.559999942779541</ns3:Speed><ns3:Pace>0.54</ns3:Pace></ns3:TPX></Extensions></Trackpoint><Trackpoint><Time>2025-08-12T21:39:55Z</Time><Position><LatitudeDegrees>-8.05538259</LatitudeDegrees><LongitudeDegrees>-34.95577385</LongitudeDegrees></Position><HeartRateBpm><Value>138</Value></HeartRateBpm><Cadence>87</Cadence><Extensions><ns3:TPX><ns3:Speed>1.840000033378601</ns3:Speed><ns3:Pace>0.54</ns3:Pace></ns3:TPX></Extensions></Trackpoint><Trackpoint><Time>2025-08-12T21:39:56Z</Time><Position><LatitudeDegrees>-8.05538459</LatitudeDegrees><LongitudeDegrees>-34.95575053</LongitudeDegrees></Position><HeartRateBpm><Value>138</Value></HeartRateBpm><Cadence>87</Cadence><Extensions><ns3:TPX><ns3:Speed>1.840000033378601</ns3:Speed><ns3:Pace>0.47</ns3:Pace></ns3:TPX></Extensions></Trackpoint><Trackpoint><Time>2025-08-12T21:39:57Z</Time><Position><LatitudeDegrees>-8.05538625</LatitudeDegrees><LongitudeDegrees>-34.95572886</LongitudeDegrees></Position><HeartRateBpm><Value>139</Value></HeartRateBpm><Cadence>87</Cadence><Extensions><ns3:TPX><ns3:Speed>2.109999895095825</ns3:Speed><ns3:Pace>0.44</ns3:Pace></ns3:TPX></Extensions></Trackpoint><Trackpoint><Time>2025-08-12T21:39:58Z</Time><Position><LatitudeDegrees>-8.05538757</LatitudeDegrees><LongitudeDegrees>-34.95570753</LongitudeDegrees></Position><HeartRateBpm><Value>140</Value></HeartRateBpm><Cadence>88</Cadence><Extensions><ns3:TPX><ns3:Speed>2.25</ns3:Speed><ns3:Pace>0.42</ns3:Pace></ns3:TPX></Extensions></Trackpoint><Trackpoint><Time>2025-08-12T21:39:59Z</Time><Position><LatitudeDegrees>-8.0553899</LatitudeDegrees><LongitudeDegrees>-34.95568654</LongitudeDegrees></Position><HeartRateBpm><Value>141</Value></HeartRateBpm><Cadence>88</Cadence><Extensions><ns3:TPX><ns3:Speed>2.3299999237060547</ns3:Speed><ns3:Pace>0.41</ns3:Pace></ns3:TPX></Extensions></Trackpoint><Trackpoint><Time>2025-08-12T21:40:00Z</Time><Position><LatitudeDegrees>-8.05538691</LatitudeDegrees><LongitudeDegrees>-34.95566055</LongitudeDegrees></Position><HeartRateBpm><Value>141</Value></HeartRateBpm><Cadence>88</Cadence><Extensions><ns3:TPX><ns3:Speed>2.380000114440918</ns3:Speed><ns3:Pace>0.41</ns3:Pace></ns3:TPX></Extensions></Trackpoint><Trackpoint><Time>2025-08-12T21:40:01Z</Time><Position><LatitudeDegrees>-8.05538291</LatitudeDegrees><LongitudeDegrees>-34.95563355</LongitudeDegrees></Position><HeartRateBpm><Value>141</Value></HeartRateBpm><Cadence>88</Cadence><Extensions><ns3:TPX><ns3:Speed>2.4000000953674316</ns3:Speed><ns3:Pace>0.41</ns3:Pace></ns3:TPX></Extensions></Trackpoint><Trackpoint><Time>2025-08-12T21:40:02Z</Time><Position><LatitudeDegrees>-8.05537857</LatitudeDegrees><LongitudeDegrees>-34.95560655</LongitudeDegrees></Position><HeartRateBpm><Value>141</Value></HeartRateBpm><Cadence>88</Cadence><Extensions><ns3:TPX><ns3:Speed>2.4000000953674316</ns3:Speed><ns3:Pace>0.41</ns3:Pace></ns3:TPX></Extensions></Trackpoint><Trackpoint><Time>2025-08-12T21:40:03Z</Time><Position><LatitudeDegrees>-8.05537758</LatitudeDegrees><LongitudeDegrees>-34.95557889</LongitudeDegrees></Position><HeartRateBpm><Value>140</Value></HeartRateBpm><Cadence>88</Cadence><Extensions><ns3:TPX><ns3:Speed>2.4200000762939453</ns3:Speed><ns3:Pace>0.4</ns3:Pace></ns3:TPX></Extensions></Trackpoint><Trackpoint><Time>2025-08-12T21:40:04Z</Time><Position><LatitudeDegrees>-8.05537725</LatitudeDegrees><LongitudeDegrees>-34.95555389</LongitudeDegrees></Position><HeartRateBpm><Value>139</Value></HeartRateBpm><Cadence>88</Cadence><Extensions><ns3:TPX><ns3:Speed>2.490000009536743</ns3:Speed><ns3:Pace>0.39</ns3:Pace></ns3:TPX></Extensions></Trackpoint><Trackpoint><Time>2025-08-12T21:40:05Z</Time><Position><LatitudeDegrees>-8.05537857</LatitudeDegrees><LongitudeDegrees>-34.95553056</LongitudeDegrees></Position><HeartRateBpm><Value>139</Value></HeartRateBpm><Cadence>89</Cadence><Extensions><ns3:TPX><ns3:Speed>2.549999952316284</ns3:Speed><ns3:Pace>0.38</ns3:Pace></ns3:TPX></Extensions></Trackpoint><Trackpoint><Time>2025-08-12T21:40:06Z</Time><Position><LatitudeDegrees>-8.05537857</LatitudeDegrees><LongitudeDegrees>-34.95550623</LongitudeDegrees></Position><HeartRateBpm><Value>139</Value></HeartRateBpm><Cadence>88</Cadence><Extensions><ns3:TPX><ns3:Speed>2.619999885559082</ns3:Speed><ns3:Pace>0.37</ns3:Pace></ns3:TPX></Extensions></Trackpoint><Trackpoint><Time>2025-08-12T21:40:07Z</Time><Position><LatitudeDegrees>-8.05537792</LatitudeDegrees><LongitudeDegrees>-34.95547991</LongitudeDegrees></Position><HeartRateBpm><Value>139</Value></HeartRateBpm><Cadence>88</Cadence><Extensions><ns3:TPX><ns3:Speed>2.6500000953674316</ns3:Speed><ns3:Pace>0.37</ns3:Pace></ns3:TPX></Extensions></Trackpoint><Trackpoint><Time>2025-08-12T21:40:08Z</Time><Position><LatitudeDegrees>-8.05537759</LatitudeDegrees><LongitudeDegrees>-34.95545391</LongitudeDegrees></Position><HeartRateBpm><Value>139</Value></HeartRateBpm><Cadence>88</Cadence><Extensions><ns3:TPX><ns3:Speed>2.6500000953674316</ns3:Speed><ns3:Pace>0.37</ns3:Pace></ns3:TPX></Extensions></Trackpoint><Trackpoint><Time>2025-08-12T21:40:09Z</Time><Position><LatitudeDegrees>-8.05538158</LatitudeDegrees><LongitudeDegrees>-34.95542959</LongitudeDegrees></Position><HeartRateBpm><Value>139</Value></HeartRateBpm><Cadence>88</Cadence><Extensions><ns3:TPX><ns3:Speed>2.680000066757202</ns3:Speed><ns3:Pace>0.36</ns3:Pace></ns3:TPX></Extensions></Trackpoint><Trackpoint><Time>2025-08-12T21:40:10Z</Time><Position><LatitudeDegrees>-8.05538657</LatitudeDegrees><LongitudeDegrees>-34.95540492</LongitudeDegrees></Position><HeartRateBpm><Value>138</Value></HeartRateBpm><Cadence>89</Cadence><Extensions><ns3:TPX><ns3:Speed>2.7100000381469727</ns3:Speed><ns3:Pace>0.37</ns3:Pace></ns3:TPX></Extensions></Trackpoint><Trackpoint><Time>2025-08-12T21:40:11Z</Time><Position><LatitudeDegrees>-8.05539057</LatitudeDegrees><LongitudeDegrees>-34.95538125</LongitudeDegrees></Position><HeartRateBpm><Value>138</Value></HeartRateBpm><Cadence>88</Cadence><Extensions><ns3:TPX><ns3:Speed>2.680000066757202</ns3:Speed><ns3:Pace>0.37</ns3:Pace></ns3:TPX></Extensions></Trackpoint><Trackpoint><Time>2025-08-12T21:40:12Z</Time><Position><LatitudeDegrees>-8.05539524</LatitudeDegrees><LongitudeDegrees>-34.95535826</LongitudeDegrees></Position><HeartRateBpm><Value>139</Value></HeartRateBpm><Cadence>88</Cadence><Extensions><ns3:TPX><ns3:Speed>2.6600000858306885</ns3:Speed><ns3:Pace>0.37</ns3:Pace></ns3:TPX></Extensions></Trackpoint><Trackpoint><Time>2025-08-12T21:40:13Z</Time><Position><LatitudeDegrees>-8.05539956</LatitudeDegrees><LongitudeDegrees>-34.95533561</LongitudeDegrees></Position><HeartRateBpm><Value>139</Value></HeartRateBpm><Cadence>88</Cadence><Extensions><ns3:TPX><ns3:Speed>2.6600000858306885</ns3:Speed><ns3:Pace>0.37</ns3:Pace></ns3:TPX></Extensions></Trackpoint><Trackpoint><Time>2025-08-12T21:40:14Z</Time><Position><LatitudeDegrees>-8.05540356</LatitudeDegrees><LongitudeDegrees>-34.95531462</LongitudeDegrees></Position><HeartRateBpm><Value>139</Value></HeartRateBpm><Cadence>88</Cadence><Extensions><ns3:TPX><ns3:Speed>2.6600000858306885</ns3:Speed><ns3:Pace>0.37</ns3:Pace></ns3:TPX></Extensions></Trackpoint><Trackpoint><Time>2025-08-12T21:40:15Z</Time><Position><LatitudeDegrees>-8.05540622</LatitudeDegrees><LongitudeDegrees>-34.95529328</LongitudeDegrees></Position><HeartRateBpm><Value>139</Value></HeartRateBpm><Cadence>88</Cadence><Extensions><ns3:TPX><ns3:Speed>2.6600000858306885</ns3:Speed><ns3:Pace>0.37</ns3:Pace></ns3:TPX></Extensions></Trackpoint><Trackpoint><Time>2025-08-12T21:40:16Z</Time><Position><LatitudeDegrees>-8.05540788</LatitudeDegrees><LongitudeDegrees>-34.95527296</LongitudeDegrees></Position><HeartRateBpm><Value>138</Value></HeartRateBpm><Cadence>89</Cadence><Extensions><ns3:TPX><ns3:Speed>2.6500000953674316</ns3:Speed><ns3:Pace>0.38</ns3:Pace></ns3:TPX></Extensions></Trackpoint><Trackpoint><Time>2025-08-12T21:40:17Z</Time><Position><LatitudeDegrees>-8.05541021</LatitudeDegrees><LongitudeDegrees>-34.95525329</LongitudeDegrees></Position><HeartRateBpm><Value>138</Value></HeartRateBpm><Cadence>88</Cadence><Extensions><ns3:TPX><ns3:Speed>2.5899999141693115</ns3:Speed><ns3:Pace>0.39</ns3:Pace></ns3:TPX></Extensions></Trackpoint><Trackpoint><Time>2025-08-12T21:40:18Z</Time><Position><LatitudeDegrees>-8.05541354</LatitudeDegrees><LongitudeDegrees>-34.9552323</LongitudeDegrees></Position><HeartRateBpm><Value>138</Value></HeartRateBpm><Cadence>88</Cadence><Extensions><ns3:TPX><ns3:Speed>2.509999990463257</ns3:Speed><ns3:Pace>0.4</ns3:Pace></ns3:TPX></Extensions></Trackpoint><Trackpoint><Time>2025-08-12T21:40:19Z</Time><Position><LatitudeDegrees>-8.05541687</LatitudeDegrees><LongitudeDegrees>-34.95521064</LongitudeDegrees></Position><HeartRateBpm><Value>138</Value></HeartRateBpm><Cadence>88</Cadence><Extensions><ns3:TPX><ns3:Speed>2.450000047683716</ns3:Speed><ns3:Pace>0.4</ns3:Pace></ns3:TPX></Extensions></Trackpoint><Trackpoint><Time>2025-08-12T21:40:20Z</Time><Position><LatitudeDegrees>-8.05541986</LatitudeDegrees><LongitudeDegrees>-34.95518731</LongitudeDegrees></Position><HeartRateBpm><Value>138</Value></HeartRateBpm><Cadence>88</Cadence><Extensions><ns3:TPX><ns3:Speed>2.450000047683716</ns3:Speed><ns3:Pace>0.41</ns3:Pace></ns3:TPX></Extensions></Trackpoint><Trackpoint><Time>2025-08-12T21:40:21Z</Time><Position><LatitudeDegrees>-8.05542452</LatitudeDegrees><LongitudeDegrees>-34.95516331</LongitudeDegrees></Position><HeartRateBpm><Value>139</Value></HeartRateBpm><Cadence>88</Cadence><Extensions><ns3:TPX><ns3:Speed>2.4100000858306885</ns3:Speed><ns3:Pace>0.41</ns3:Pace></ns3:TPX></Extensions></Trackpoint><Trackpoint><Time>2025-08-12T21:40:22Z</Time><Position><LatitudeDegrees>-8.05542886</LatitudeDegrees><LongitudeDegrees>-34.95514066</LongitudeDegrees></Position><HeartRateBpm><Value>140</Value></HeartRateBpm><Cadence>88</Cadence><Extensions><ns3:TPX><ns3:Speed>2.4100000858306885</ns3:Speed><ns3:Pace>0.41</ns3:Pace></ns3:TPX></Extensions></Trackpoint><Trackpoint><Time>2025-08-12T21:40:23Z</Time><Position><LatitudeDegrees>-8.05543486</LatitudeDegrees><LongitudeDegrees>-34.95512033</LongitudeDegrees></Position><HeartRateBpm><Value>141</Value></HeartRateBpm><Cadence>88</Cadence><Extensions><ns3:TPX><ns3:Speed>2.4000000953674316</ns3:Speed><ns3:Pace>0.41</ns3:Pace></ns3:TPX></Extensions></Trackpoint><Trackpoint><Time>2025-08-12T21:40:24Z</Time><Position><LatitudeDegrees>-8.05543985</LatitudeDegrees><LongitudeDegrees>-34.95509933</LongitudeDegrees></Position><HeartRateBpm><Value>141</Value></HeartRateBpm><Cadence>88</Cadence><Extensions><ns3:TPX><ns3:Speed>2.390000104904175</ns3:Speed><ns3:Pace>0.41</ns3:Pace></ns3:TPX></Extensions></Trackpoint><Trackpoint><Time>2025-08-12T21:40:25Z</Time><Position><LatitudeDegrees>-8.05544484</LatitudeDegrees><LongitudeDegrees>-34.95507901</LongitudeDegrees></Position><HeartRateBpm><Value>141</Value></HeartRateBpm><Cadence>88</Cadence><Extensions><ns3:TPX><ns3:Speed>2.380000114440918</ns3:Speed><ns3:Pace>0.41</ns3:Pace></ns3:TPX></Extensions></Trackpoint><Trackpoint><Time>2025-08-12T21:40:26Z</Time><Position><LatitudeDegrees>-8.0554485</LatitudeDegrees><LongitudeDegrees>-34.95505802</LongitudeDegrees></Position><HeartRateBpm><Value>141</Value></HeartRateBpm><Cadence>88</Cadence><Extensions><ns3:TPX><ns3:Speed>2.380000114440918</ns3:Speed><ns3:Pace>0.41</ns3:Pace></ns3:TPX></Extensions></Trackpoint><Trackpoint><Time>2025-08-12T21:40:27Z</Time><Position><LatitudeDegrees>-8.05545116</LatitudeDegrees><LongitudeDegrees>-34.95503602</LongitudeDegrees></Position><HeartRateBpm><Value>141</Value></HeartRateBpm><Cadence>88</Cadence><Extensions><ns3:TPX><ns3:Speed>2.390000104904175</ns3:Speed><ns3:Pace>0.41</ns3:Pace></ns3:TPX></Extensions></Trackpoint><Trackpoint><Time>2025-08-12T21:40:28Z</Time><Position><LatitudeDegrees>-8.05545349</LatitudeDegrees><LongitudeDegrees>-34.95501269</LongitudeDegrees></Position><HeartRateBpm><Value>139</Value></HeartRateBpm><Cadence>88</Cadence><Extensions><ns3:TPX><ns3:Speed>2.390000104904175</ns3:Speed><ns3:Pace>0.41</ns3:Pace></ns3:TPX></Extensions></Trackpoint><Trackpoint><Time>2025-08-12T21:40:29Z</Time><Position><LatitudeDegrees>-8.05545515</LatitudeDegrees><LongitudeDegrees>-34.9549887</LongitudeDegrees></Position><HeartRateBpm><Value>139</Value></HeartRateBpm><Cadence>88</Cadence><Extensions><ns3:TPX><ns3:Speed>2.390000104904175</ns3:Speed><ns3:Pace>0.41</ns3:Pace></ns3:TPX></Extensions></Trackpoint><Trackpoint><Time>2025-08-12T21:40:30Z</Time><Position><LatitudeDegrees>-8.05545715</LatitudeDegrees><LongitudeDegrees>-34.95496436</LongitudeDegrees></Position><HeartRateBpm><Value>139</Value></HeartRateBpm><Cadence>88</Cadence><Extensions><ns3:TPX><ns3:Speed>2.390000104904175</ns3:Speed><ns3:Pace>0.41</ns3:Pace></ns3:TPX></Extensions></Trackpoint><Trackpoint><Time>2025-08-12T21:40:31Z</Time><Position><LatitudeDegrees>-8.05546048</LatitudeDegrees><LongitudeDegrees>-34.95494137</LongitudeDegrees></Position><HeartRateBpm><Value>140</Value></HeartRateBpm><Cadence>88</Cadence><Extensions><ns3:TPX><ns3:Speed>2.390000104904175</ns3:Speed><ns3:Pace>0.41</ns3:Pace></ns3:TPX></Extensions></Trackpoint><Trackpoint><Time>2025-08-12T21:40:32Z</Time><Position><LatitudeDegrees>-8.05546414</LatitudeDegrees><LongitudeDegrees>-34.95491838</LongitudeDegrees></Position><HeartRateBpm><Value>140</Value></HeartRateBpm><Cadence>88</Cadence><Extensions><ns3:TPX><ns3:Speed>2.390000104904175</ns3:Speed><ns3:Pace>0.41</ns3:Pace></ns3:TPX></Extensions></Trackpoint><Trackpoint><Time>2025-08-12T21:40:33Z</Time><Position><LatitudeDegrees>-8.05546813</LatitudeDegrees><LongitudeDegrees>-34.95489638</LongitudeDegrees></Position><HeartRateBpm><Value>140</Value></HeartRateBpm><Cadence>88</Cadence><Extensions><ns3:TPX><ns3:Speed>2.4000000953674316</ns3:Speed><ns3:Pace>0.41</ns3:Pace></ns3:TPX></Extensions></Trackpoint><Trackpoint><Time>2025-08-12T21:40:34Z</Time><Position><LatitudeDegrees>-8.0554738</LatitudeDegrees><LongitudeDegrees>-34.95487438</LongitudeDegrees></Position><HeartRateBpm><Value>140</Value></HeartRateBpm><Cadence>88</Cadence><Extensions><ns3:TPX><ns3:Speed>2.4000000953674316</ns3:Speed><ns3:Pace>0.41</ns3:Pace></ns3:TPX></Extensions></Trackpoint><Trackpoint><Time>2025-08-12T21:40:35Z</Time><Position><LatitudeDegrees>-8.05547746</LatitudeDegrees><LongitudeDegrees>-34.95485139</LongitudeDegrees></Position><HeartRateBpm><Value>141</Value></HeartRateBpm><Cadence>88</Cadence><Extensions><ns3:TPX><ns3:Speed>2.4100000858306885</ns3:Speed><ns3:Pace>0.41</ns3:Pace></ns3:TPX></Extensions></Trackpoint><Trackpoint><Time>2025-08-12T21:40:36Z</Time><Position><LatitudeDegrees>-8.05547979</LatitudeDegrees><LongitudeDegrees>-34.95482673</LongitudeDegrees></Position><HeartRateBpm><Value>141</Value></HeartRateBpm><Cadence>88</Cadence><Extensions><ns3:TPX><ns3:Speed>2.4200000762939453</ns3:Speed><ns3:Pace>0.41</ns3:Pace></ns3:TPX></Extensions></Trackpoint><Trackpoint><Time>2025-08-12T21:40:37Z</Time><Position><LatitudeDegrees>-8.05548244</LatitudeDegrees><LongitudeDegrees>-34.95480307</LongitudeDegrees></Position><HeartRateBpm><Value>141</Value></HeartRateBpm><Cadence>88</Cadence><Extensions><ns3:TPX><ns3:Speed>2.4200000762939453</ns3:Speed><ns3:Pace>0.41</ns3:Pace></ns3:TPX></Extensions></Trackpoint><Trackpoint><Time>2025-08-12T21:40:38Z</Time><Position><LatitudeDegrees>-8.05548543</LatitudeDegrees><LongitudeDegrees>-34.95477975</LongitudeDegrees></Position><HeartRateBpm><Value>141</Value></HeartRateBpm><Cadence>89</Cadence><Extensions><ns3:TPX><ns3:Speed>2.430000066757202</ns3:Speed><ns3:Pace>0.41</ns3:Pace></ns3:TPX></Extensions></Trackpoint><Trackpoint><Time>2025-08-12T21:40:39Z</Time><Position><LatitudeDegrees>-8.0554881</LatitudeDegrees><LongitudeDegrees>-34.95475608</LongitudeDegrees></Position><HeartRateBpm><Value>141</Value></HeartRateBpm><Cadence>89</Cadence><Extensions><ns3:TPX><ns3:Speed>2.430000066757202</ns3:Speed><ns3:Pace>0.41</ns3:Pace></ns3:TPX></Extensions></Trackpoint><Trackpoint><Time>2025-08-12T21:40:40Z</Time><Position><LatitudeDegrees>-8.05549042</LatitudeDegrees><LongitudeDegrees>-34.95473209</LongitudeDegrees></Position><HeartRateBpm><Value>142</Value></HeartRateBpm><Cadence>88</Cadence><Extensions><ns3:TPX><ns3:Speed>2.430000066757202</ns3:Speed><ns3:Pace>0.4</ns3:Pace></ns3:TPX></Extensions></Trackpoint><Trackpoint><Time>2025-08-12T21:40:41Z</Time><Position><LatitudeDegrees>-8.05549176</LatitudeDegrees><LongitudeDegrees>-34.95470842</LongitudeDegrees></Position><HeartRateBpm><Value>142</Value></HeartRateBpm><Cadence>89</Cadence><Extensions><ns3:TPX><ns3:Speed>2.440000057220459</ns3:Speed><ns3:Pace>0.4</ns3:Pace></ns3:TPX></Extensions></Trackpoint><Trackpoint><Time>2025-08-12T21:40:42Z</Time><Position><LatitudeDegrees>-8.05549408</LatitudeDegrees><LongitudeDegrees>-34.95468477</LongitudeDegrees></Position><HeartRateBpm><Value>143</Value></HeartRateBpm><Cadence>89</Cadence><Extensions><ns3:TPX><ns3:Speed>2.450000047683716</ns3:Speed><ns3:Pace>0.4</ns3:Pace></ns3:TPX></Extensions></Trackpoint><Trackpoint><Time>2025-08-12T21:40:43Z</Time><Position><LatitudeDegrees>-8.0554954</LatitudeDegrees><LongitudeDegrees>-34.9546611</LongitudeDegrees></Position><HeartRateBpm><Value>143</Value></HeartRateBpm><Cadence>88</Cadence><Extensions><ns3:TPX><ns3:Speed>2.450000047683716</ns3:Speed><ns3:Pace>0.4</ns3:Pace></ns3:TPX></Extensions></Trackpoint><Trackpoint><Time>2025-08-12T21:40:44Z</Time><Position><LatitudeDegrees>-8.05549674</LatitudeDegrees><LongitudeDegrees>-34.95463811</LongitudeDegrees></Position><HeartRateBpm><Value>143</Value></HeartRateBpm><Cadence>88</Cadence><Extensions><ns3:TPX><ns3:Speed>2.450000047683716</ns3:Speed><ns3:Pace>0.4</ns3:Pace></ns3:TPX></Extensions></Trackpoint><Trackpoint><Time>2025-08-12T21:40:45Z</Time><Position><LatitudeDegrees>-8.05549739</LatitudeDegrees><LongitudeDegrees>-34.95461512</LongitudeDegrees></Position><HeartRateBpm><Value>143</Value></HeartRateBpm><Cadence>88</Cadence><Extensions><ns3:TPX><ns3:Speed>2.450000047683716</ns3:Speed><ns3:Pace>0.4</ns3:Pace></ns3:TPX></Extensions></Trackpoint><Trackpoint><Time>2025-08-12T21:40:46Z</Time><Position><LatitudeDegrees>-8.05549806</LatitudeDegrees><LongitudeDegrees>-34.95459146</LongitudeDegrees></Position><HeartRateBpm><Value>144</Value></HeartRateBpm><Cadence>88</Cadence><Extensions><ns3:TPX><ns3:Speed>2.4600000381469727</ns3:Speed><ns3:Pace>0.4</ns3:Pace></ns3:TPX></Extensions></Trackpoint><Trackpoint><Time>2025-08-12T21:40:47Z</Time><Position><LatitudeDegrees>-8.05549873</LatitudeDegrees><LongitudeDegrees>-34.9545678</LongitudeDegrees></Position><HeartRateBpm><Value>145</Value></HeartRateBpm><Cadence>88</Cadence><Extensions><ns3:TPX><ns3:Speed>2.4600000381469727</ns3:Speed><ns3:Pace>0.4</ns3:Pace></ns3:TPX></Extensions></Trackpoint><Trackpoint><Time>2025-08-12T21:40:48Z</Time><Position><LatitudeDegrees>-8.05550005</LatitudeDegrees><LongitudeDegrees>-34.95454381</LongitudeDegrees></Position><HeartRateBpm><Value>146</Value></HeartRateBpm><Cadence>88</Cadence><Extensions><ns3:TPX><ns3:Speed>2.4600000381469727</ns3:Speed><ns3:Pace>0.4</ns3:Pace></ns3:TPX></Extensions></Trackpoint><Trackpoint><Time>2025-08-12T21:40:49Z</Time><Position><LatitudeDegrees>-8.05550005</LatitudeDegrees><LongitudeDegrees>-34.95451947</LongitudeDegrees></Position><HeartRateBpm><Value>146</Value></HeartRateBpm><Cadence>88</Cadence><Extensions><ns3:TPX><ns3:Speed>2.4700000286102295</ns3:Speed><ns3:Pace>0.4</ns3:Pace></ns3:TPX></Extensions></Trackpoint><Trackpoint><Time>2025-08-12T21:40:50Z</Time><Position><LatitudeDegrees>-8.05549938</LatitudeDegrees><LongitudeDegrees>-34.95449447</LongitudeDegrees></Position><HeartRateBpm><Value>147</Value></HeartRateBpm><Cadence>88</Cadence><Extensions><ns3:TPX><ns3:Speed>2.4700000286102295</ns3:Speed><ns3:Pace>0.4</ns3:Pace></ns3:TPX></Extensions></Trackpoint><Trackpoint><Time>2025-08-12T21:40:51Z</Time><Position><LatitudeDegrees>-8.05549971</LatitudeDegrees><LongitudeDegrees>-34.95446981</LongitudeDegrees></Position><HeartRateBpm><Value>147</Value></HeartRateBpm><Cadence>88</Cadence><Extensions><ns3:TPX><ns3:Speed>2.4700000286102295</ns3:Speed><ns3:Pace>0.4</ns3:Pace></ns3:TPX></Extensions></Trackpoint><Trackpoint><Time>2025-08-12T21:40:52Z</Time><Position><LatitudeDegrees>-8.05550036</LatitudeDegrees><LongitudeDegrees>-34.95444582</LongitudeDegrees></Position><HeartRateBpm><Value>147</Value></HeartRateBpm><Cadence>88</Cadence><Extensions><ns3:TPX><ns3:Speed>2.4800000190734863</ns3:Speed><ns3:Pace>0.4</ns3:Pace></ns3:TPX></Extensions></Trackpoint><Trackpoint><Time>2025-08-12T21:40:53Z</Time><Position><LatitudeDegrees>-8.0555007</LatitudeDegrees><LongitudeDegrees>-34.95442182</LongitudeDegrees></Position><HeartRateBpm><Value>147</Value></HeartRateBpm><Cadence>88</Cadence><Extensions><ns3:TPX><ns3:Speed>2.4800000190734863</ns3:Speed><ns3:Pace>0.4</ns3:Pace></ns3:TPX></Extensions></Trackpoint><Trackpoint><Time>2025-08-12T21:40:54Z</Time><Position><LatitudeDegrees>-8.05550135</LatitudeDegrees><LongitudeDegrees>-34.95439816</LongitudeDegrees></Position><HeartRateBpm><Value>147</Value></HeartRateBpm><Cadence>88</Cadence><Extensions><ns3:TPX><ns3:Speed>2.4800000190734863</ns3:Speed><ns3:Pace>0.4</ns3:Pace></ns3:TPX></Extensions></Trackpoint><Trackpoint><Time>2025-08-12T21:40:55Z</Time><Position><LatitudeDegrees>-8.05550202</LatitudeDegrees><LongitudeDegrees>-34.95437417</LongitudeDegrees></Position><HeartRateBpm><Value>147</Value></HeartRateBpm><Cadence>88</Cadence><Extensions><ns3:TPX><ns3:Speed>2.490000009536743</ns3:Speed><ns3:Pace>0.4</ns3:Pace></ns3:TPX></Extensions></Trackpoint><Trackpoint><Time>2025-08-12T21:40:56Z</Time><Position><LatitudeDegrees>-8.05550402</LatitudeDegrees><LongitudeDegrees>-34.95435084</LongitudeDegrees></Position><HeartRateBpm><Value>148</Value></HeartRateBpm><Cadence>87</Cadence><Extensions><ns3:TPX><ns3:Speed>2.5</ns3:Speed><ns3:Pace>0.4</ns3:Pace></ns3:TPX></Extensions></Trackpoint><Trackpoint><Time>2025-08-12T21:40:57Z</Time><Position><LatitudeDegrees>-8.05550768</LatitudeDegrees><LongitudeDegrees>-34.95432751</LongitudeDegrees></Position><HeartRateBpm><Value>148</Value></HeartRateBpm><Cadence>87</Cadence><Extensions><ns3:TPX><ns3:Speed>2.5</ns3:Speed><ns3:Pace>0.4</ns3:Pace></ns3:TPX></Extensions></Trackpoint><Trackpoint><Time>2025-08-12T21:40:58Z</Time><Position><LatitudeDegrees>-8.05551067</LatitudeDegrees><LongitudeDegrees>-34.95430419</LongitudeDegrees></Position><HeartRateBpm><Value>149</Value></HeartRateBpm><Cadence>88</Cadence><Extensions><ns3:TPX><ns3:Speed>2.5</ns3:Speed><ns3:Pace>0.39</ns3:Pace></ns3:TPX></Extensions></Trackpoint><Trackpoint><Time>2025-08-12T21:40:59Z</Time><Position><LatitudeDegrees>-8.05551299</LatitudeDegrees><LongitudeDegrees>-34.95428153</LongitudeDegrees></Position><HeartRateBpm><Value>149</Value></HeartRateBpm><Cadence>88</Cadence><Extensions><ns3:TPX><ns3:Speed>2.5</ns3:Speed><ns3:Pace>0.39</ns3:Pace></ns3:TPX></Extensions></Trackpoint><Trackpoint><Time>2025-08-12T21:41:00Z</Time><Position><LatitudeDegrees>-8.05551466</LatitudeDegrees><LongitudeDegrees>-34.95425887</LongitudeDegrees></Position><HeartRateBpm><Value>149</Value></HeartRateBpm><Cadence>87</Cadence><Extensions><ns3:TPX><ns3:Speed>2.509999990463257</ns3:Speed><ns3:Pace>0.39</ns3:Pace></ns3:TPX></Extensions></Trackpoint><Trackpoint><Time>2025-08-12T21:41:01Z</Time><Position><LatitudeDegrees>-8.05551698</LatitudeDegrees><LongitudeDegrees>-34.95423688</LongitudeDegrees></Position><HeartRateBpm><Value>149</Value></HeartRateBpm><Cadence>88</Cadence><Extensions><ns3:TPX><ns3:Speed>2.509999990463257</ns3:Speed><ns3:Pace>0.39</ns3:Pace></ns3:TPX></Extensions></Trackpoint><Trackpoint><Time>2025-08-12T21:41:02Z</Time><Position><LatitudeDegrees>-8.05551898</LatitudeDegrees><LongitudeDegrees>-34.95421488</LongitudeDegrees></Position><HeartRateBpm><Value>149</Value></HeartRateBpm><Cadence>88</Cadence><Extensions><ns3:TPX><ns3:Speed>2.509999990463257</ns3:Speed><ns3:Pace>0.39</ns3:Pace></ns3:TPX></Extensions></Trackpoint><Trackpoint><Time>2025-08-12T21:41:03Z</Time><Position><LatitudeDegrees>-8.0555203</LatitudeDegrees><LongitudeDegrees>-34.95419222</LongitudeDegrees></Position><HeartRateBpm><Value>149</Value></HeartRateBpm><Cadence>88</Cadence><Extensions><ns3:TPX><ns3:Speed>2.509999990463257</ns3:Speed><ns3:Pace>0.39</ns3:Pace></ns3:TPX></Extensions></Trackpoint><Trackpoint><Time>2025-08-12T21:41:04Z</Time><Position><LatitudeDegrees>-8.05552163</LatitudeDegrees><LongitudeDegrees>-34.95416956</LongitudeDegrees></Position><HeartRateBpm><Value>151</Value></HeartRateBpm><Cadence>88</Cadence><Extensions><ns3:TPX><ns3:Speed>2.509999990463257</ns3:Speed><ns3:Pace>0.39</ns3:Pace></ns3:TPX></Extensions></Trackpoint><Trackpoint><Time>2025-08-12T21:41:05Z</Time><Position><LatitudeDegrees>-8.05552263</LatitudeDegrees><LongitudeDegrees>-34.95414657</LongitudeDegrees></Position><HeartRateBpm><Value>152</Value></HeartRateBpm><Cadence>89</Cadence><Extensions><ns3:TPX><ns3:Speed>2.509999990463257</ns3:Speed><ns3:Pace>0.39</ns3:Pace></ns3:TPX></Extensions></Trackpoint><Trackpoint><Time>2025-08-12T21:41:06Z</Time><Position><LatitudeDegrees>-8.05552628</LatitudeDegrees><LongitudeDegrees>-34.95412324</LongitudeDegrees></Position><HeartRateBpm><Value>153</Value></HeartRateBpm><Cadence>89</Cadence><Extensions><ns3:TPX><ns3:Speed>2.509999990463257</ns3:Speed><ns3:Pace>0.39</ns3:Pace></ns3:TPX></Extensions></Trackpoint><Trackpoint><Time>2025-08-12T21:41:07Z</Time><Position><LatitudeDegrees>-8.05553128</LatitudeDegrees><LongitudeDegrees>-34.95409758</LongitudeDegrees></Position><HeartRateBpm><Value>154</Value></HeartRateBpm><Cadence>88</Cadence><Extensions><ns3:TPX><ns3:Speed>2.509999990463257</ns3:Speed><ns3:Pace>0.39</ns3:Pace></ns3:TPX></Extensions></Trackpoint><Trackpoint><Time>2025-08-12T21:41:08Z</Time><Position><LatitudeDegrees>-8.05553461</LatitudeDegrees><LongitudeDegrees>-34.95407025</LongitudeDegrees></Position><HeartRateBpm><Value>155</Value></HeartRateBpm><Cadence>88</Cadence><Extensions><ns3:TPX><ns3:Speed>2.509999990463257</ns3:Speed><ns3:Pace>0.39</ns3:Pace></ns3:TPX></Extensions></Trackpoint><Trackpoint><Time>2025-08-12T21:41:09Z</Time><Position><LatitudeDegrees>-8.05553726</LatitudeDegrees><LongitudeDegrees>-34.95404493</LongitudeDegrees></Position><HeartRateBpm><Value>155</Value></HeartRateBpm><Cadence>88</Cadence><Extensions><ns3:TPX><ns3:Speed>2.509999990463257</ns3:Speed><ns3:Pace>0.39</ns3:Pace></ns3:TPX></Extensions></Trackpoint><Trackpoint><Time>2025-08-12T21:41:10Z</Time><Position><LatitudeDegrees>-8.05554025</LatitudeDegrees><LongitudeDegrees>-34.95402094</LongitudeDegrees></Position><HeartRateBpm><Value>156</Value></HeartRateBpm><Cadence>88</Cadence><Extensions><ns3:TPX><ns3:Speed>2.509999990463257</ns3:Speed><ns3:Pace>0.39</ns3:Pace></ns3:TPX></Extensions></Trackpoint><Trackpoint><Time>2025-08-12T21:41:11Z</Time><Position><LatitudeDegrees>-8.05554292</LatitudeDegrees><LongitudeDegrees>-34.9539966</LongitudeDegrees></Position><HeartRateBpm><Value>156</Value></HeartRateBpm><Cadence>88</Cadence><Extensions><ns3:TPX><ns3:Speed>2.509999990463257</ns3:Speed><ns3:Pace>0.39</ns3:Pace></ns3:TPX></Extensions></Trackpoint><Trackpoint><Time>2025-08-12T21:41:12Z</Time><Position><LatitudeDegrees>-8.05554458</LatitudeDegrees><LongitudeDegrees>-34.95397195</LongitudeDegrees></Position><HeartRateBpm><Value>157</Value></HeartRateBpm><Cadence>88</Cadence><Extensions><ns3:TPX><ns3:Speed>2.509999990463257</ns3:Speed><ns3:Pace>0.39</ns3:Pace></ns3:TPX></Extensions></Trackpoint><Trackpoint><Time>2025-08-12T21:41:13Z</Time><Position><LatitudeDegrees>-8.05554558</LatitudeDegrees><LongitudeDegrees>-34.95394728</LongitudeDegrees></Position><HeartRateBpm><Value>157</Value></HeartRateBpm><Cadence>88</Cadence><Extensions><ns3:TPX><ns3:Speed>2.5199999809265137</ns3:Speed><ns3:Pace>0.39</ns3:Pace></ns3:TPX></Extensions></Trackpoint><Trackpoint><Time>2025-08-12T21:41:14Z</Time><Position><LatitudeDegrees>-8.0555459</LatitudeDegrees><LongitudeDegrees>-34.95392328</LongitudeDegrees></Position><HeartRateBpm><Value>156</Value></HeartRateBpm><Cadence>88</Cadence><Extensions><ns3:TPX><ns3:Speed>2.5199999809265137</ns3:Speed><ns3:Pace>0.39</ns3:Pace></ns3:TPX></Extensions></Trackpoint><Trackpoint><Time>2025-08-12T21:41:15Z</Time><Position><LatitudeDegrees>-8.05554558</LatitudeDegrees><LongitudeDegrees>-34.95390162</LongitudeDegrees></Position><HeartRateBpm><Value>156</Value></HeartRateBpm><Cadence>88</Cadence><Extensions><ns3:TPX><ns3:Speed>2.5199999809265137</ns3:Speed><ns3:Pace>0.39</ns3:Pace></ns3:TPX></Extensions></Trackpoint><Trackpoint><Time>2025-08-12T21:41:16Z</Time><Position><LatitudeDegrees>-8.05554358</LatitudeDegrees><LongitudeDegrees>-34.95388062</LongitudeDegrees></Position><HeartRateBpm><Value>156</Value></HeartRateBpm><Cadence>88</Cadence><Extensions><ns3:TPX><ns3:Speed>2.5299999713897705</ns3:Speed><ns3:Pace>0.39</ns3:Pace></ns3:TPX></Extensions></Trackpoint><Trackpoint><Time>2025-08-12T21:41:17Z</Time><Position><LatitudeDegrees>-8.05553859</LatitudeDegrees><LongitudeDegrees>-34.95386129</LongitudeDegrees></Position><HeartRateBpm><Value>156</Value></HeartRateBpm><Cadence>87</Cadence><Extensions><ns3:TPX><ns3:Speed>2.5299999713897705</ns3:Speed><ns3:Pace>0.39</ns3:Pace></ns3:TPX></Extensions></Trackpoint><Trackpoint><Time>2025-08-12T21:41:18Z</Time><Position><LatitudeDegrees>-8.05553025</LatitudeDegrees><LongitudeDegrees>-34.9538433</LongitudeDegrees></Position><HeartRateBpm><Value>156</Value></HeartRateBpm><Cadence>88</Cadence><Extensions><ns3:TPX><ns3:Speed>2.5299999713897705</ns3:Speed><ns3:Pace>0.39</ns3:Pace></ns3:TPX></Extensions></Trackpoint><Trackpoint><Time>2025-08-12T21:41:19Z</Time><Position><LatitudeDegrees>-8.05551925</LatitudeDegrees><LongitudeDegrees>-34.9538273</LongitudeDegrees></Position><HeartRateBpm><Value>156</Value></HeartRateBpm><Cadence>88</Cadence><Extensions><ns3:TPX><ns3:Speed>2.5299999713897705</ns3:Speed><ns3:Pace>0.39</ns3:Pace></ns3:TPX></Extensions></Trackpoint><Trackpoint><Time>2025-08-12T21:41:20Z</Time><Position><LatitudeDegrees>-8.0555056</LatitudeDegrees><LongitudeDegrees>-34.95381397</LongitudeDegrees></Position><HeartRateBpm><Value>156</Value></HeartRateBpm><Cadence>87</Cadence><Extensions><ns3:TPX><ns3:Speed>2.5299999713897705</ns3:Speed><ns3:Pace>0.39</ns3:Pace></ns3:TPX></Extensions></Trackpoint><Trackpoint><Time>2025-08-12T21:41:21Z</Time><Position><LatitudeDegrees>-8.05548994</LatitudeDegrees><LongitudeDegrees>-34.95380231</LongitudeDegrees></Position><HeartRateBpm><Value>156</Value></HeartRateBpm><Cadence>87</Cadence><Extensions><ns3:TPX><ns3:Speed>2.5299999713897705</ns3:Speed><ns3:Pace>0.39</ns3:Pace></ns3:TPX></Extensions></Trackpoint><Trackpoint><Time>2025-08-12T21:41:22Z</Time><Position><LatitudeDegrees>-8.05547361</LatitudeDegrees><LongitudeDegrees>-34.95379265</LongitudeDegrees></Position><HeartRateBpm><Value>157</Value></HeartRateBpm><Cadence>88</Cadence><Extensions><ns3:TPX><ns3:Speed>2.5299999713897705</ns3:Speed><ns3:Pace>0.39</ns3:Pace></ns3:TPX></Extensions></Trackpoint><Trackpoint><Time>2025-08-12T21:41:23Z</Time><Position><LatitudeDegrees>-8.05545594</LatitudeDegrees><LongitudeDegrees>-34.953784</LongitudeDegrees></Position><HeartRateBpm><Value>157</Value></HeartRateBpm><Cadence>88</Cadence><Extensions><ns3:TPX><ns3:Speed>2.5299999713897705</ns3:Speed><ns3:Pace>0.39</ns3:Pace></ns3:TPX></Extensions></Trackpoint><Trackpoint><Time>2025-08-12T21:41:24Z</Time><Position><LatitudeDegrees>-8.05543695</LatitudeDegrees><LongitudeDegrees>-34.95377733</LongitudeDegrees></Position><HeartRateBpm><Value>158</Value></HeartRateBpm><Cadence>88</Cadence><Extensions><ns3:TPX><ns3:Speed>2.5199999809265137</ns3:Speed><ns3:Pace>0.39</ns3:Pace></ns3:TPX></Extensions></Trackpoint><Trackpoint><Time>2025-08-12T21:41:25Z</Time><Position><LatitudeDegrees>-8.05541829</LatitudeDegrees><LongitudeDegrees>-34.95376867</LongitudeDegrees></Position><HeartRateBpm><Value>158</Value></HeartRateBpm><Cadence>88</Cadence><Extensions><ns3:TPX><ns3:Speed>2.509999990463257</ns3:Speed><ns3:Pace>0.39</ns3:Pace></ns3:TPX></Extensions></Trackpoint><Trackpoint><Time>2025-08-12T21:41:26Z</Time><Position><LatitudeDegrees>-8.05539896</LatitudeDegrees><LongitudeDegrees>-34.95376268</LongitudeDegrees></Position><HeartRateBpm><Value>158</Value></HeartRateBpm><Cadence>88</Cadence><Extensions><ns3:TPX><ns3:Speed>2.509999990463257</ns3:Speed><ns3:Pace>0.39</ns3:Pace></ns3:TPX></Extensions></Trackpoint><Trackpoint><Time>2025-08-12T21:41:27Z</Time><Position><LatitudeDegrees>-8.05537864</LatitudeDegrees><LongitudeDegrees>-34.95375936</LongitudeDegrees></Position><HeartRateBpm><Value>158</Value></HeartRateBpm><Cadence>88</Cadence><Extensions><ns3:TPX><ns3:Speed>2.509999990463257</ns3:Speed><ns3:Pace>0.39</ns3:Pace></ns3:TPX></Extensions></Trackpoint><Trackpoint><Time>2025-08-12T21:41:28Z</Time><Position><LatitudeDegrees>-8.05535831</LatitudeDegrees><LongitudeDegrees>-34.9537587</LongitudeDegrees></Position><HeartRateBpm><Value>158</Value></HeartRateBpm><Cadence>88</Cadence><Extensions><ns3:TPX><ns3:Speed>2.5</ns3:Speed><ns3:Pace>0.4</ns3:Pace></ns3:TPX></Extensions></Trackpoint><Trackpoint><Time>2025-08-12T21:41:29Z</Time><Position><LatitudeDegrees>-8.05533731</LatitudeDegrees><LongitudeDegrees>-34.95375637</LongitudeDegrees></Position><HeartRateBpm><Value>157</Value></HeartRateBpm><Cadence>88</Cadence><Extensions><ns3:TPX><ns3:Speed>2.5</ns3:Speed><ns3:Pace>0.4</ns3:Pace></ns3:TPX></Extensions></Trackpoint><Trackpoint><Time>2025-08-12T21:41:30Z</Time><Position><LatitudeDegrees>-8.05531631</LatitudeDegrees><LongitudeDegrees>-34.95375404</LongitudeDegrees></Position><HeartRateBpm><Value>157</Value></HeartRateBpm><Cadence>88</Cadence><Extensions><ns3:TPX><ns3:Speed>2.490000009536743</ns3:Speed><ns3:Pace>0.4</ns3:Pace></ns3:TPX></Extensions></Trackpoint><Trackpoint><Time>2025-08-12T21:41:31Z</Time><Position><LatitudeDegrees>-8.05529498</LatitudeDegrees><LongitudeDegrees>-34.95375238</LongitudeDegrees></Position><HeartRateBpm><Value>156</Value></HeartRateBpm><Cadence>89</Cadence><Extensions><ns3:TPX><ns3:Speed>2.490000009536743</ns3:Speed><ns3:Pace>0.4</ns3:Pace></ns3:TPX></Extensions></Trackpoint><Trackpoint><Time>2025-08-12T21:41:32Z</Time><Position><LatitudeDegrees>-8.05527366</LatitudeDegrees><LongitudeDegrees>-34.95374938</LongitudeDegrees></Position><HeartRateBpm><Value>156</Value></HeartRateBpm><Cadence>87</Cadence><Extensions><ns3:TPX><ns3:Speed>2.4800000190734863</ns3:Speed><ns3:Pace>0.4</ns3:Pace></ns3:TPX></Extensions></Trackpoint><Trackpoint><Time>2025-08-12T21:41:33Z</Time><Position><LatitudeDegrees>-8.05525233</LatitudeDegrees><LongitudeDegrees>-34.95374572</LongitudeDegrees></Position><HeartRateBpm><Value>156</Value></HeartRateBpm><Cadence>87</Cadence><Extensions><ns3:TPX><ns3:Speed>2.4800000190734863</ns3:Speed><ns3:Pace>0.4</ns3:Pace></ns3:TPX></Extensions></Trackpoint><Trackpoint><Time>2025-08-12T21:41:34Z</Time><Position><LatitudeDegrees>-8.05523133</LatitudeDegrees><LongitudeDegrees>-34.95374307</LongitudeDegrees></Position><HeartRateBpm><Value>156</Value></HeartRateBpm><Cadence>88</Cadence><Extensions><ns3:TPX><ns3:Speed>2.4800000190734863</ns3:Speed><ns3:Pace>0.4</ns3:Pace></ns3:TPX></Extensions></Trackpoint><Trackpoint><Time>2025-08-12T21:41:35Z</Time><Position><LatitudeDegrees>-8.05520934</LatitudeDegrees><LongitudeDegrees>-34.95374174</LongitudeDegrees></Position><HeartRateBpm><Value>156</Value></HeartRateBpm><Cadence>88</Cadence><Extensions><ns3:TPX><ns3:Speed>2.4800000190734863</ns3:Speed><ns3:Pace>0.4</ns3:Pace></ns3:TPX></Extensions></Trackpoint><Trackpoint><Time>2025-08-12T21:41:36Z</Time><Position><LatitudeDegrees>-8.05518701</LatitudeDegrees><LongitudeDegrees>-34.95374041</LongitudeDegrees></Position><HeartRateBpm><Value>156</Value></HeartRateBpm><Cadence>88</Cadence><Extensions><ns3:TPX><ns3:Speed>2.4800000190734863</ns3:Speed><ns3:Pace>0.4</ns3:Pace></ns3:TPX></Extensions></Trackpoint><Trackpoint><Time>2025-08-12T21:41:37Z</Time><Position><LatitudeDegrees>-8.05516468</LatitudeDegrees><LongitudeDegrees>-34.95374041</LongitudeDegrees></Position><HeartRateBpm><Value>156</Value></HeartRateBpm><Cadence>88</Cadence><Extensions><ns3:TPX><ns3:Speed>2.4800000190734863</ns3:Speed><ns3:Pace>0.4</ns3:Pace></ns3:TPX></Extensions></Trackpoint><Trackpoint><Time>2025-08-12T21:41:38Z</Time><Position><LatitudeDegrees>-8.05514168</LatitudeDegrees><LongitudeDegrees>-34.95374009</LongitudeDegrees></Position><HeartRateBpm><Value>156</Value></HeartRateBpm><Cadence>87</Cadence><Extensions><ns3:TPX><ns3:Speed>2.4800000190734863</ns3:Speed><ns3:Pace>0.4</ns3:Pace></ns3:TPX></Extensions></Trackpoint><Trackpoint><Time>2025-08-12T21:41:39Z</Time><Position><LatitudeDegrees>-8.05511802</LatitudeDegrees><LongitudeDegrees>-34.95374009</LongitudeDegrees></Position><HeartRateBpm><Value>156</Value></HeartRateBpm><Cadence>87</Cadence><Extensions><ns3:TPX><ns3:Speed>2.4800000190734863</ns3:Speed><ns3:Pace>0.4</ns3:Pace></ns3:TPX></Extensions></Trackpoint><Trackpoint><Time>2025-08-12T21:41:40Z</Time><Position><LatitudeDegrees>-8.05509569</LatitudeDegrees><LongitudeDegrees>-34.95374009</LongitudeDegrees></Position><HeartRateBpm><Value>156</Value></HeartRateBpm><Cadence>88</Cadence><Extensions><ns3:TPX><ns3:Speed>2.4800000190734863</ns3:Speed><ns3:Pace>0.4</ns3:Pace></ns3:TPX></Extensions></Trackpoint><Trackpoint><Time>2025-08-12T21:41:41Z</Time><Position><LatitudeDegrees>-8.05507402</LatitudeDegrees><LongitudeDegrees>-34.95374041</LongitudeDegrees></Position><HeartRateBpm><Value>155</Value></HeartRateBpm><Cadence>88</Cadence><Extensions><ns3:TPX><ns3:Speed>2.4800000190734863</ns3:Speed><ns3:Pace>0.4</ns3:Pace></ns3:TPX></Extensions></Trackpoint><Trackpoint><Time>2025-08-12T21:41:42Z</Time><Position><LatitudeDegrees>-8.05505236</LatitudeDegrees><LongitudeDegrees>-34.95373975</LongitudeDegrees></Position><HeartRateBpm><Value>155</Value></HeartRateBpm><Cadence>88</Cadence><Extensions><ns3:TPX><ns3:Speed>2.490000009536743</ns3:Speed><ns3:Pace>0.4</ns3:Pace></ns3:TPX></Extensions></Trackpoint><Trackpoint><Time>2025-08-12T21:41:43Z</Time><Position><LatitudeDegrees>-8.05502936</LatitudeDegrees><LongitudeDegrees>-34.95373643</LongitudeDegrees></Position><HeartRateBpm><Value>155</Value></HeartRateBpm><Cadence>88</Cadence><Extensions><ns3:TPX><ns3:Speed>2.490000009536743</ns3:Speed><ns3:Pace>0.4</ns3:Pace></ns3:TPX></Extensions></Trackpoint><Trackpoint><Time>2025-08-12T21:41:44Z</Time><Position><LatitudeDegrees>-8.05500703</LatitudeDegrees><LongitudeDegrees>-34.95373011</LongitudeDegrees></Position><HeartRateBpm><Value>155</Value></HeartRateBpm><Cadence>88</Cadence><Extensions><ns3:TPX><ns3:Speed>2.490000009536743</ns3:Speed><ns3:Pace>0.4</ns3:Pace></ns3:TPX></Extensions></Trackpoint><Trackpoint><Time>2025-08-12T21:41:45Z</Time><Position><LatitudeDegrees>-8.05498571</LatitudeDegrees><LongitudeDegrees>-34.95372177</LongitudeDegrees></Position><HeartRateBpm><Value>155</Value></HeartRateBpm><Cadence>88</Cadence><Extensions><ns3:TPX><ns3:Speed>2.490000009536743</ns3:Speed><ns3:Pace>0.4</ns3:Pace></ns3:TPX></Extensions></Trackpoint><Trackpoint><Time>2025-08-12T21:41:46Z</Time><Position><LatitudeDegrees>-8.05496404</LatitudeDegrees><LongitudeDegrees>-34.95371344</LongitudeDegrees></Position><HeartRateBpm><Value>155</Value></HeartRateBpm><Cadence>89</Cadence><Extensions><ns3:TPX><ns3:Speed>2.5</ns3:Speed><ns3:Pace>0.4</ns3:Pace></ns3:TPX></Extensions></Trackpoint><Trackpoint><Time>2025-08-12T21:41:47Z</Time><Position><LatitudeDegrees>-8.05494205</LatitudeDegrees><LongitudeDegrees>-34.95370577</LongitudeDegrees></Position><HeartRateBpm><Value>155</Value></HeartRateBpm><Cadence>88</Cadence><Extensions><ns3:TPX><ns3:Speed>2.5</ns3:Speed><ns3:Pace>0.39</ns3:Pace></ns3:TPX></Extensions></Trackpoint><Trackpoint><Time>2025-08-12T21:41:48Z</Time><Position><LatitudeDegrees>-8.05492005</LatitudeDegrees><LongitudeDegrees>-34.95369844</LongitudeDegrees></Position><HeartRateBpm><Value>155</Value></HeartRateBpm><Cadence>88</Cadence><Extensions><ns3:TPX><ns3:Speed>2.5</ns3:Speed><ns3:Pace>0.39</ns3:Pace></ns3:TPX></Extensions></Trackpoint><Trackpoint><Time>2025-08-12T21:41:49Z</Time><Position><LatitudeDegrees>-8.05489873</LatitudeDegrees><LongitudeDegrees>-34.95369245</LongitudeDegrees></Position><HeartRateBpm><Value>156</Value></HeartRateBpm><Cadence>88</Cadence><Extensions><ns3:TPX><ns3:Speed>2.509999990463257</ns3:Speed><ns3:Pace>0.39</ns3:Pace></ns3:TPX></Extensions></Trackpoint><Trackpoint><Time>2025-08-12T21:41:50Z</Time><Position><LatitudeDegrees>-8.05487706</LatitudeDegrees><LongitudeDegrees>-34.95368779</LongitudeDegrees></Position><HeartRateBpm><Value>157</Value></HeartRateBpm><Cadence>88</Cadence><Extensions><ns3:TPX><ns3:Speed>2.509999990463257</ns3:Speed><ns3:Pace>0.39</ns3:Pace></ns3:TPX></Extensions></Trackpoint><Trackpoint><Time>2025-08-12T21:41:51Z</Time><Position><LatitudeDegrees>-8.05485507</LatitudeDegrees><LongitudeDegrees>-34.95368413</LongitudeDegrees></Position><HeartRateBpm><Value>157</Value></HeartRateBpm><Cadence>88</Cadence><Extensions><ns3:TPX><ns3:Speed>2.509999990463257</ns3:Speed><ns3:Pace>0.39</ns3:Pace></ns3:TPX></Extensions></Trackpoint><Trackpoint><Time>2025-08-12T21:41:52Z</Time><HeartRateBpm><Value>163</Value></HeartRateBpm><Cadence>88</Cadence><Extensions><ns3:TPX><ns3:Speed>2.509999990463257</ns3:Speed></ns3:TPX></Extensions></Trackpoint><Trackpoint><Time>2025-08-12T21:41:53Z</Time><Position><LatitudeDegrees>-8.05476674</LatitudeDegrees><LongitudeDegrees>-34.95367846</LongitudeDegrees></Position><HeartRateBpm><Value>163</Value></HeartRateBpm><Cadence>88</Cadence><Extensions><ns3:TPX><ns3:Speed>2.509999990463257</ns3:Speed><ns3:Pace>0.39</ns3:Pace></ns3:TPX></Extensions></Trackpoint><Trackpoint><Time>2025-08-12T21:41:54Z</Time><Position><LatitudeDegrees>-8.05476075</LatitudeDegrees><LongitudeDegrees>-34.95367912</LongitudeDegrees></Position><HeartRateBpm><Value>164</Value></HeartRateBpm><Cadence>88</Cadence><Extensions><ns3:TPX><ns3:Speed>2.5199999809265137</ns3:Speed><ns3:Pace>0.39</ns3:Pace></ns3:TPX></Extensions></Trackpoint><Trackpoint><Time>2025-08-12T21:41:55Z</Time><Position><LatitudeDegrees>-8.05474842</LatitudeDegrees><LongitudeDegrees>-34.95368112</LongitudeDegrees></Position><HeartRateBpm><Value>164</Value></HeartRateBpm><Cadence>88</Cadence><Extensions><ns3:TPX><ns3:Speed>2.5199999809265137</ns3:Speed><ns3:Pace>0.39</ns3:Pace></ns3:TPX></Extensions></Trackpoint><Trackpoint><Time>2025-08-12T21:41:56Z</Time><Position><LatitudeDegrees>-8.05473209</LatitudeDegrees><LongitudeDegrees>-34.95368411</LongitudeDegrees></Position><HeartRateBpm><Value>165</Value></HeartRateBpm><Cadence>88</Cadence><Extensions><ns3:TPX><ns3:Speed>2.5299999713897705</ns3:Speed><ns3:Pace>0.39</ns3:Pace></ns3:TPX></Extensions></Trackpoint><Trackpoint><Time>2025-08-12T21:41:57Z</Time><Position><LatitudeDegrees>-8.05471377</LatitudeDegrees><LongitudeDegrees>-34.95368644</LongitudeDegrees></Position><HeartRateBpm><Value>165</Value></HeartRateBpm><Cadence>88</Cadence><Extensions><ns3:TPX><ns3:Speed>2.5299999713897705</ns3:Speed><ns3:Pace>0.39</ns3:Pace></ns3:TPX></Extensions></Trackpoint><Trackpoint><Time>2025-08-12T21:41:58Z</Time><Position><LatitudeDegrees>-8.05469478</LatitudeDegrees><LongitudeDegrees>-34.95369077</LongitudeDegrees></Position><HeartRateBpm><Value>165</Value></HeartRateBpm><Cadence>88</Cadence><Extensions><ns3:TPX><ns3:Speed>2.5299999713897705</ns3:Speed><ns3:Pace>0.39</ns3:Pace></ns3:TPX></Extensions></Trackpoint><Trackpoint><Time>2025-08-12T21:41:59Z</Time><Position><LatitudeDegrees>-8.05467579</LatitudeDegrees><LongitudeDegrees>-34.95369644</LongitudeDegrees></Position><HeartRateBpm><Value>165</Value></HeartRateBpm><Cadence>89</Cadence><Extensions><ns3:TPX><ns3:Speed>2.5199999809265137</ns3:Speed><ns3:Pace>0.39</ns3:Pace></ns3:TPX></Extensions></Trackpoint><Trackpoint><Time>2025-08-12T21:42:00Z</Time><Position><LatitudeDegrees>-8.0546558</LatitudeDegrees><LongitudeDegrees>-34.9537031</LongitudeDegrees></Position><HeartRateBpm><Value>166</Value></HeartRateBpm><Cadence>89</Cadence><Extensions><ns3:TPX><ns3:Speed>2.509999990463257</ns3:Speed><ns3:Pace>0.39</ns3:Pace></ns3:TPX></Extensions></Trackpoint><Trackpoint><Time>2025-08-12T21:42:01Z</Time><Position><LatitudeDegrees>-8.0546348</LatitudeDegrees><LongitudeDegrees>-34.95370909</LongitudeDegrees></Position><HeartRateBpm><Value>167</Value></HeartRateBpm><Cadence>88</Cadence><Extensions><ns3:TPX><ns3:Speed>2.5</ns3:Speed><ns3:Pace>0.4</ns3:Pace></ns3:TPX></Extensions></Trackpoint><Trackpoint><Time>2025-08-12T21:42:02Z</Time><Position><LatitudeDegrees>-8.05461313</LatitudeDegrees><LongitudeDegrees>-34.95371308</LongitudeDegrees></Position><HeartRateBpm><Value>167</Value></HeartRateBpm><Cadence>88</Cadence><Extensions><ns3:TPX><ns3:Speed>2.5</ns3:Speed><ns3:Pace>0.4</ns3:Pace></ns3:TPX></Extensions></Trackpoint><Trackpoint><Time>2025-08-12T21:42:03Z</Time><Position><LatitudeDegrees>-8.05459114</LatitudeDegrees><LongitudeDegrees>-34.95371608</LongitudeDegrees></Position><HeartRateBpm><Value>167</Value></HeartRateBpm><Cadence>88</Cadence><Extensions><ns3:TPX><ns3:Speed>2.5</ns3:Speed><ns3:Pace>0.4</ns3:Pace></ns3:TPX></Extensions></Trackpoint><Trackpoint><Time>2025-08-12T21:42:04Z</Time><Position><LatitudeDegrees>-8.05456947</LatitudeDegrees><LongitudeDegrees>-34.95371773</LongitudeDegrees></Position><HeartRateBpm><Value>167</Value></HeartRateBpm><Cadence>88</Cadence><Extensions><ns3:TPX><ns3:Speed>2.490000009536743</ns3:Speed><ns3:Pace>0.4</ns3:Pace></ns3:TPX></Extensions></Trackpoint><Trackpoint><Time>2025-08-12T21:42:05Z</Time><Position><LatitudeDegrees>-8.05454714</LatitudeDegrees><LongitudeDegrees>-34.95371907</LongitudeDegrees></Position><HeartRateBpm><Value>166</Value></HeartRateBpm><Cadence>88</Cadence><Extensions><ns3:TPX><ns3:Speed>2.4800000190734863</ns3:Speed><ns3:Pace>0.4</ns3:Pace></ns3:TPX></Extensions></Trackpoint><Trackpoint><Time>2025-08-12T21:42:06Z</Time><Position><LatitudeDegrees>-8.05452481</LatitudeDegrees><LongitudeDegrees>-34.95371939</LongitudeDegrees></Position><HeartRateBpm><Value>166</Value></HeartRateBpm><Cadence>88</Cadence><Extensions><ns3:TPX><ns3:Speed>2.4800000190734863</ns3:Speed><ns3:Pace>0.4</ns3:Pace></ns3:TPX></Extensions></Trackpoint><Trackpoint><Time>2025-08-12T21:42:07Z</Time><Position><LatitudeDegrees>-8.05450282</LatitudeDegrees><LongitudeDegrees>-34.95371939</LongitudeDegrees></Position><HeartRateBpm><Value>167</Value></HeartRateBpm><Cadence>88</Cadence><Extensions><ns3:TPX><ns3:Speed>2.4800000190734863</ns3:Speed><ns3:Pace>0.4</ns3:Pace></ns3:TPX></Extensions></Trackpoint><Trackpoint><Time>2025-08-12T21:42:08Z</Time><Position><LatitudeDegrees>-8.05448049</LatitudeDegrees><LongitudeDegrees>-34.95372005</LongitudeDegrees></Position><HeartRateBpm><Value>167</Value></HeartRateBpm><Cadence>88</Cadence><Extensions><ns3:TPX><ns3:Speed>2.4800000190734863</ns3:Speed><ns3:Pace>0.4</ns3:Pace></ns3:TPX></Extensions></Trackpoint><Trackpoint><Time>2025-08-12T21:42:09Z</Time><Position><LatitudeDegrees>-8.05446017</LatitudeDegrees><LongitudeDegrees>-34.95372005</LongitudeDegrees></Position><HeartRateBpm><Value>167</Value></HeartRateBpm><Cadence>88</Cadence><Extensions><ns3:TPX><ns3:Speed>2.4800000190734863</ns3:Speed><ns3:Pace>0.4</ns3:Pace></ns3:TPX></Extensions></Trackpoint><Trackpoint><Time>2025-08-12T21:42:10Z</Time><Position><LatitudeDegrees>-8.05443817</LatitudeDegrees><LongitudeDegrees>-34.9537207</LongitudeDegrees></Position><HeartRateBpm><Value>168</Value></HeartRateBpm><Cadence>88</Cadence><Extensions><ns3:TPX><ns3:Speed>2.4800000190734863</ns3:Speed><ns3:Pace>0.4</ns3:Pace></ns3:TPX></Extensions></Trackpoint><Trackpoint><Time>2025-08-12T21:42:11Z</Time><Position><LatitudeDegrees>-8.05441584</LatitudeDegrees><LongitudeDegrees>-34.9537207</LongitudeDegrees></Position><HeartRateBpm><Value>168</Value></HeartRateBpm><Cadence>88</Cadence><Extensions><ns3:TPX><ns3:Speed>2.4800000190734863</ns3:Speed><ns3:Pace>0.4</ns3:Pace></ns3:TPX></Extensions></Trackpoint><Trackpoint><Time>2025-08-12T21:42:12Z</Time><Position><LatitudeDegrees>-8.05439251</LatitudeDegrees><LongitudeDegrees>-34.9537207</LongitudeDegrees></Position><HeartRateBpm><Value>168</Value></HeartRateBpm><Cadence>88</Cadence><Extensions><ns3:TPX><ns3:Speed>2.4800000190734863</ns3:Speed><ns3:Pace>0.4</ns3:Pace></ns3:TPX></Extensions></Trackpoint><Trackpoint><Time>2025-08-12T21:42:13Z</Time><Position><LatitudeDegrees>-8.05436885</LatitudeDegrees><LongitudeDegrees>-34.95371971</LongitudeDegrees></Position><HeartRateBpm><Value>169</Value></HeartRateBpm><Cadence>88</Cadence><Extensions><ns3:TPX><ns3:Speed>2.4800000190734863</ns3:Speed><ns3:Pace>0.4</ns3:Pace></ns3:TPX></Extensions></Trackpoint><Trackpoint><Time>2025-08-12T21:42:14Z</Time><Position><LatitudeDegrees>-8.05434585</LatitudeDegrees><LongitudeDegrees>-34.95371872</LongitudeDegrees></Position><HeartRateBpm><Value>170</Value></HeartRateBpm><Cadence>88</Cadence><Extensions><ns3:TPX><ns3:Speed>2.4800000190734863</ns3:Speed><ns3:Pace>0.4</ns3:Pace></ns3:TPX></Extensions></Trackpoint><Trackpoint><Time>2025-08-12T21:42:15Z</Time><Position><LatitudeDegrees>-8.05432251</LatitudeDegrees><LongitudeDegrees>-34.95371639</LongitudeDegrees></Position><HeartRateBpm><Value>170</Value></HeartRateBpm><Cadence>88</Cadence><Extensions><ns3:TPX><ns3:Speed>2.4800000190734863</ns3:Speed><ns3:Pace>0.4</ns3:Pace></ns3:TPX></Extensions></Trackpoint><Trackpoint><Time>2025-08-12T21:42:16Z</Time><Position><LatitudeDegrees>-8.05429986</LatitudeDegrees><LongitudeDegrees>-34.95371272</LongitudeDegrees></Position><HeartRateBpm><Value>171</Value></HeartRateBpm><Cadence>89</Cadence><Extensions><ns3:TPX><ns3:Speed>2.4800000190734863</ns3:Speed><ns3:Pace>0.4</ns3:Pace></ns3:TPX></Extensions></Trackpoint><Trackpoint><Time>2025-08-12T21:42:17Z</Time><Position><LatitudeDegrees>-8.05427853</LatitudeDegrees><LongitudeDegrees>-34.95370807</LongitudeDegrees></Position><HeartRateBpm><Value>171</Value></HeartRateBpm><Cadence>88</Cadence><Extensions><ns3:TPX><ns3:Speed>2.4800000190734863</ns3:Speed><ns3:Pace>0.4</ns3:Pace></ns3:TPX></Extensions></Trackpoint><Trackpoint><Time>2025-08-12T21:42:18Z</Time><Position><LatitudeDegrees>-8.05425987</LatitudeDegrees><LongitudeDegrees>-34.9537064</LongitudeDegrees></Position><HeartRateBpm><Value>171</Value></HeartRateBpm><Cadence>88</Cadence><Extensions><ns3:TPX><ns3:Speed>2.4800000190734863</ns3:Speed><ns3:Pace>0.4</ns3:Pace></ns3:TPX></Extensions></Trackpoint><Trackpoint><Time>2025-08-12T21:42:19Z</Time><Position><LatitudeDegrees>-8.05424187</LatitudeDegrees><LongitudeDegrees>-34.95370574</LongitudeDegrees></Position><HeartRateBpm><Value>171</Value></HeartRateBpm><Cadence>88</Cadence><Extensions><ns3:TPX><ns3:Speed>2.4800000190734863</ns3:Speed><ns3:Pace>0.4</ns3:Pace></ns3:TPX></Extensions></Trackpoint><Trackpoint><Time>2025-08-12T21:42:20Z</Time><Position><LatitudeDegrees>-8.0542222</LatitudeDegrees><LongitudeDegrees>-34.95370542</LongitudeDegrees></Position><HeartRateBpm><Value>171</Value></HeartRateBpm><Cadence>88</Cadence><Extensions><ns3:TPX><ns3:Speed>2.4800000190734863</ns3:Speed><ns3:Pace>0.4</ns3:Pace></ns3:TPX></Extensions></Trackpoint><Trackpoint><Time>2025-08-12T21:42:21Z</Time><Position><LatitudeDegrees>-8.05420188</LatitudeDegrees><LongitudeDegrees>-34.95370476</LongitudeDegrees></Position><HeartRateBpm><Value>171</Value></HeartRateBpm><Cadence>88</Cadence><Extensions><ns3:TPX><ns3:Speed>2.4800000190734863</ns3:Speed><ns3:Pace>0.4</ns3:Pace></ns3:TPX></Extensions></Trackpoint><Trackpoint><Time>2025-08-12T21:42:22Z</Time><Position><LatitudeDegrees>-8.05417889</LatitudeDegrees><LongitudeDegrees>-34.95370443</LongitudeDegrees></Position><HeartRateBpm><Value>171</Value></HeartRateBpm><Cadence>88</Cadence><Extensions><ns3:TPX><ns3:Speed>2.4800000190734863</ns3:Speed><ns3:Pace>0.4</ns3:Pace></ns3:TPX></Extensions></Trackpoint><Trackpoint><Time>2025-08-12T21:42:23Z</Time><Position><LatitudeDegrees>-8.05415455</LatitudeDegrees><LongitudeDegrees>-34.95370344</LongitudeDegrees></Position><HeartRateBpm><Value>172</Value></HeartRateBpm><Cadence>88</Cadence><Extensions><ns3:TPX><ns3:Speed>2.4800000190734863</ns3:Speed><ns3:Pace>0.4</ns3:Pace></ns3:TPX></Extensions></Trackpoint><Trackpoint><Time>2025-08-12T21:42:24Z</Time><Position><LatitudeDegrees>-8.05412855</LatitudeDegrees><LongitudeDegrees>-34.95370012</LongitudeDegrees></Position><HeartRateBpm><Value>172</Value></HeartRateBpm><Cadence>88</Cadence><Extensions><ns3:TPX><ns3:Speed>2.4700000286102295</ns3:Speed><ns3:Pace>0.4</ns3:Pace></ns3:TPX></Extensions></Trackpoint><Trackpoint><Time>2025-08-12T21:42:25Z</Time><Position><LatitudeDegrees>-8.05410056</LatitudeDegrees><LongitudeDegrees>-34.95369578</LongitudeDegrees></Position><HeartRateBpm><Value>173</Value></HeartRateBpm><Cadence>88</Cadence><Extensions><ns3:TPX><ns3:Speed>2.4700000286102295</ns3:Speed><ns3:Pace>0.4</ns3:Pace></ns3:TPX></Extensions></Trackpoint><Trackpoint><Time>2025-08-12T21:42:26Z</Time><Position><LatitudeDegrees>-8.05407423</LatitudeDegrees><LongitudeDegrees>-34.95369213</LongitudeDegrees></Position><HeartRateBpm><Value>175</Value></HeartRateBpm><Cadence>88</Cadence><Extensions><ns3:TPX><ns3:Speed>2.4700000286102295</ns3:Speed><ns3:Pace>0.4</ns3:Pace></ns3:TPX></Extensions></Trackpoint><Trackpoint><Time>2025-08-12T21:42:27Z</Time><Position><LatitudeDegrees>-8.05404923</LatitudeDegrees><LongitudeDegrees>-34.95369046</LongitudeDegrees></Position><HeartRateBpm><Value>175</Value></HeartRateBpm><Cadence>88</Cadence><Extensions><ns3:TPX><ns3:Speed>2.4700000286102295</ns3:Speed><ns3:Pace>0.4</ns3:Pace></ns3:TPX></Extensions></Trackpoint><Trackpoint><Time>2025-08-12T21:42:28Z</Time><Position><LatitudeDegrees>-8.05402557</LatitudeDegrees><LongitudeDegrees>-34.9536898</LongitudeDegrees></Position><HeartRateBpm><Value>176</Value></HeartRateBpm><Cadence>88</Cadence><Extensions><ns3:TPX><ns3:Speed>2.4800000190734863</ns3:Speed><ns3:Pace>0.4</ns3:Pace></ns3:TPX></Extensions></Trackpoint><Trackpoint><Time>2025-08-12T21:42:29Z</Time><Position><LatitudeDegrees>-8.05400291</LatitudeDegrees><LongitudeDegrees>-34.95368881</LongitudeDegrees></Position><HeartRateBpm><Value>176</Value></HeartRateBpm><Cadence>88</Cadence><Extensions><ns3:TPX><ns3:Speed>2.4800000190734863</ns3:Speed><ns3:Pace>0.4</ns3:Pace></ns3:TPX></Extensions></Trackpoint><Trackpoint><Time>2025-08-12T21:42:30Z</Time><Position><LatitudeDegrees>-8.05398225</LatitudeDegrees><LongitudeDegrees>-34.95368816</LongitudeDegrees></Position><HeartRateBpm><Value>176</Value></HeartRateBpm><Cadence>88</Cadence><Extensions><ns3:TPX><ns3:Speed>2.4800000190734863</ns3:Speed><ns3:Pace>0.4</ns3:Pace></ns3:TPX></Extensions></Trackpoint><Trackpoint><Time>2025-08-12T21:42:31Z</Time><Position><LatitudeDegrees>-8.05396193</LatitudeDegrees><LongitudeDegrees>-34.95368716</LongitudeDegrees></Position><HeartRateBpm><Value>176</Value></HeartRateBpm><Cadence>88</Cadence><Extensions><ns3:TPX><ns3:Speed>2.490000009536743</ns3:Speed><ns3:Pace>0.4</ns3:Pace></ns3:TPX></Extensions></Trackpoint><Trackpoint><Time>2025-08-12T21:42:32Z</Time><Position><LatitudeDegrees>-8.0539416</LatitudeDegrees><LongitudeDegrees>-34.95368517</LongitudeDegrees></Position><HeartRateBpm><Value>175</Value></HeartRateBpm><Cadence>88</Cadence><Extensions><ns3:TPX><ns3:Speed>2.5</ns3:Speed><ns3:Pace>0.4</ns3:Pace></ns3:TPX></Extensions></Trackpoint><Trackpoint><Time>2025-08-12T21:42:33Z</Time><Position><LatitudeDegrees>-8.05392094</LatitudeDegrees><LongitudeDegrees>-34.9536835</LongitudeDegrees></Position><HeartRateBpm><Value>175</Value></HeartRateBpm><Cadence>88</Cadence><Extensions><ns3:TPX><ns3:Speed>2.5</ns3:Speed><ns3:Pace>0.39</ns3:Pace></ns3:TPX></Extensions></Trackpoint><Trackpoint><Time>2025-08-12T21:42:34Z</Time><Position><LatitudeDegrees>-8.0539006</LatitudeDegrees><LongitudeDegrees>-34.95368018</LongitudeDegrees></Position><HeartRateBpm><Value>174</Value></HeartRateBpm><Cadence>88</Cadence><Extensions><ns3:TPX><ns3:Speed>2.5</ns3:Speed><ns3:Pace>0.39</ns3:Pace></ns3:TPX></Extensions></Trackpoint><Trackpoint><Time>2025-08-12T21:42:35Z</Time><Position><LatitudeDegrees>-8.05388028</LatitudeDegrees><LongitudeDegrees>-34.95367685</LongitudeDegrees></Position><HeartRateBpm><Value>171</Value></HeartRateBpm><Cadence>89</Cadence><Extensions><ns3:TPX><ns3:Speed>2.5</ns3:Speed><ns3:Pace>0.4</ns3:Pace></ns3:TPX></Extensions></Trackpoint><Trackpoint><Time>2025-08-12T21:42:36Z</Time><Position><LatitudeDegrees>-8.05385896</LatitudeDegrees><LongitudeDegrees>-34.95367352</LongitudeDegrees></Position><HeartRateBpm><Value>171</Value></HeartRateBpm><Cadence>88</Cadence><Extensions><ns3:TPX><ns3:Speed>2.5</ns3:Speed><ns3:Pace>0.4</ns3:Pace></ns3:TPX></Extensions></Trackpoint><Trackpoint><Time>2025-08-12T21:42:37Z</Time><Position><LatitudeDegrees>-8.05383729</LatitudeDegrees><LongitudeDegrees>-34.9536712</LongitudeDegrees></Position><HeartRateBpm><Value>171</Value></HeartRateBpm><Cadence>88</Cadence><Extensions><ns3:TPX><ns3:Speed>2.490000009536743</ns3:Speed><ns3:Pace>0.4</ns3:Pace></ns3:TPX></Extensions></Trackpoint><Trackpoint><Time>2025-08-12T21:42:38Z</Time><Position><LatitudeDegrees>-8.0538153</LatitudeDegrees><LongitudeDegrees>-34.95367087</LongitudeDegrees></Position><HeartRateBpm><Value>172</Value></HeartRateBpm><Cadence>88</Cadence><Extensions><ns3:TPX><ns3:Speed>2.490000009536743</ns3:Speed><ns3:Pace>0.4</ns3:Pace></ns3:TPX></Extensions></Trackpoint><Trackpoint><Time>2025-08-12T21:42:39Z</Time><Position><LatitudeDegrees>-8.05379397</LatitudeDegrees><LongitudeDegrees>-34.95367054</LongitudeDegrees></Position><HeartRateBpm><Value>172</Value></HeartRateBpm><Cadence>88</Cadence><Extensions><ns3:TPX><ns3:Speed>2.490000009536743</ns3:Speed><ns3:Pace>0.4</ns3:Pace></ns3:TPX></Extensions></Trackpoint><Trackpoint><Time>2025-08-12T21:42:40Z</Time><Position><LatitudeDegrees>-8.05377264</LatitudeDegrees><LongitudeDegrees>-34.95366988</LongitudeDegrees></Position><HeartRateBpm><Value>172</Value></HeartRateBpm><Cadence>88</Cadence><Extensions><ns3:TPX><ns3:Speed>2.4800000190734863</ns3:Speed><ns3:Pace>0.4</ns3:Pace></ns3:TPX></Extensions></Trackpoint><Trackpoint><Time>2025-08-12T21:42:41Z</Time><Position><LatitudeDegrees>-8.05375099</LatitudeDegrees><LongitudeDegrees>-34.95366889</LongitudeDegrees></Position><HeartRateBpm><Value>173</Value></HeartRateBpm><Cadence>88</Cadence><Extensions><ns3:TPX><ns3:Speed>2.4800000190734863</ns3:Speed><ns3:Pace>0.4</ns3:Pace></ns3:TPX></Extensions></Trackpoint><Trackpoint><Time>2025-08-12T21:42:42Z</Time><Position><LatitudeDegrees>-8.05372833</LatitudeDegrees><LongitudeDegrees>-34.95366656</LongitudeDegrees></Position><HeartRateBpm><Value>174</Value></HeartRateBpm><Cadence>88</Cadence><Extensions><ns3:TPX><ns3:Speed>2.4800000190734863</ns3:Speed><ns3:Pace>0.4</ns3:Pace></ns3:TPX></Extensions></Trackpoint><Trackpoint><Time>2025-08-12T21:42:43Z</Time><Position><LatitudeDegrees>-8.053706</LatitudeDegrees><LongitudeDegrees>-34.95366223</LongitudeDegrees></Position><HeartRateBpm><Value>174</Value></HeartRateBpm><Cadence>88</Cadence><Extensions><ns3:TPX><ns3:Speed>2.4700000286102295</ns3:Speed><ns3:Pace>0.4</ns3:Pace></ns3:TPX></Extensions></Trackpoint><Trackpoint><Time>2025-08-12T21:42:44Z</Time><Position><LatitudeDegrees>-8.05368501</LatitudeDegrees><LongitudeDegrees>-34.95365724</LongitudeDegrees></Position><HeartRateBpm><Value>174</Value></HeartRateBpm><Cadence>88</Cadence><Extensions><ns3:TPX><ns3:Speed>2.4700000286102295</ns3:Speed><ns3:Pace>0.4</ns3:Pace></ns3:TPX></Extensions></Trackpoint><Trackpoint><Time>2025-08-12T21:42:45Z</Time><Position><LatitudeDegrees>-8.05366267</LatitudeDegrees><LongitudeDegrees>-34.95365157</LongitudeDegrees></Position><HeartRateBpm><Value>174</Value></HeartRateBpm><Cadence>88</Cadence><Extensions><ns3:TPX><ns3:Speed>2.4700000286102295</ns3:Speed><ns3:Pace>0.4</ns3:Pace></ns3:TPX></Extensions></Trackpoint><Trackpoint><Time>2025-08-12T21:42:46Z</Time><Position><LatitudeDegrees>-8.05363935</LatitudeDegrees><LongitudeDegrees>-34.95364457</LongitudeDegrees></Position><HeartRateBpm><Value>174</Value></HeartRateBpm><Cadence>88</Cadence><Extensions><ns3:TPX><ns3:Speed>2.4700000286102295</ns3:Speed><ns3:Pace>0.4</ns3:Pace></ns3:TPX></Extensions></Trackpoint><Trackpoint><Time>2025-08-12T21:42:47Z</Time><Position><LatitudeDegrees>-8.05361602</LatitudeDegrees><LongitudeDegrees>-34.95363758</LongitudeDegrees></Position><HeartRateBpm><Value>174</Value></HeartRateBpm><Cadence>88</Cadence><Extensions><ns3:TPX><ns3:Speed>2.4600000381469727</ns3:Speed><ns3:Pace>0.4</ns3:Pace></ns3:TPX></Extensions></Trackpoint><Trackpoint><Time>2025-08-12T21:42:48Z</Time><Position><LatitudeDegrees>-8.05359336</LatitudeDegrees><LongitudeDegrees>-34.95363291</LongitudeDegrees></Position><HeartRateBpm><Value>173</Value></HeartRateBpm><Cadence>88</Cadence><Extensions><ns3:TPX><ns3:Speed>2.4600000381469727</ns3:Speed><ns3:Pace>0.4</ns3:Pace></ns3:TPX></Extensions></Trackpoint><Trackpoint><Time>2025-08-12T21:42:49Z</Time><Position><LatitudeDegrees>-8.05357103</LatitudeDegrees><LongitudeDegrees>-34.95363026</LongitudeDegrees></Position><HeartRateBpm><Value>173</Value></HeartRateBpm><Cadence>88</Cadence><Extensions><ns3:TPX><ns3:Speed>2.4600000381469727</ns3:Speed><ns3:Pace>0.4</ns3:Pace></ns3:TPX></Extensions></Trackpoint><Trackpoint><Time>2025-08-12T21:42:50Z</Time><Position><LatitudeDegrees>-8.05354837</LatitudeDegrees><LongitudeDegrees>-34.95362859</LongitudeDegrees></Position><HeartRateBpm><Value>173</Value></HeartRateBpm><Cadence>88</Cadence><Extensions><ns3:TPX><ns3:Speed>2.4600000381469727</ns3:Speed><ns3:Pace>0.4</ns3:Pace></ns3:TPX></Extensions></Trackpoint><Trackpoint><Time>2025-08-12T21:42:51Z</Time><Position><LatitudeDegrees>-8.05352505</LatitudeDegrees><LongitudeDegrees>-34.95362693</LongitudeDegrees></Position><HeartRateBpm><Value>173</Value></HeartRateBpm><Cadence>88</Cadence><Extensions><ns3:TPX><ns3:Speed>2.4600000381469727</ns3:Speed><ns3:Pace>0.4</ns3:Pace></ns3:TPX></Extensions></Trackpoint><Trackpoint><Time>2025-08-12T21:42:52Z</Time><Position><LatitudeDegrees>-8.05350106</LatitudeDegrees><LongitudeDegrees>-34.9536246</LongitudeDegrees></Position><HeartRateBpm><Value>173</Value></HeartRateBpm><Cadence>88</Cadence><Extensions><ns3:TPX><ns3:Speed>2.4600000381469727</ns3:Speed><ns3:Pace>0.4</ns3:Pace></ns3:TPX></Extensions></Trackpoint><Trackpoint><Time>2025-08-12T21:42:53Z</Time><Position><LatitudeDegrees>-8.0534784</LatitudeDegrees><LongitudeDegrees>-34.95362161</LongitudeDegrees></Position><HeartRateBpm><Value>172</Value></HeartRateBpm><Cadence>89</Cadence><Extensions><ns3:TPX><ns3:Speed>2.4700000286102295</ns3:Speed><ns3:Pace>0.4</ns3:Pace></ns3:TPX></Extensions></Trackpoint><Trackpoint><Time>2025-08-12T21:42:54Z</Time><Position><LatitudeDegrees>-8.05345707</LatitudeDegrees><LongitudeDegrees>-34.95361961</LongitudeDegrees></Position><HeartRateBpm><Value>172</Value></HeartRateBpm><Cadence>88</Cadence><Extensions><ns3:TPX><ns3:Speed>2.4700000286102295</ns3:Speed><ns3:Pace>0.4</ns3:Pace></ns3:TPX></Extensions></Trackpoint><Trackpoint><Time>2025-08-12T21:42:55Z</Time><Position><LatitudeDegrees>-8.05343674</LatitudeDegrees><LongitudeDegrees>-34.95361862</LongitudeDegrees></Position><HeartRateBpm><Value>171</Value></HeartRateBpm><Cadence>88</Cadence><Extensions><ns3:TPX><ns3:Speed>2.4800000190734863</ns3:Speed><ns3:Pace>0.4</ns3:Pace></ns3:TPX></Extensions></Trackpoint><Trackpoint><Time>2025-08-12T21:42:56Z</Time><Position><LatitudeDegrees>-8.05341842</LatitudeDegrees><LongitudeDegrees>-34.95361894</LongitudeDegrees></Position><HeartRateBpm><Value>171</Value></HeartRateBpm><Cadence>88</Cadence><Extensions><ns3:TPX><ns3:Speed>2.4800000190734863</ns3:Speed><ns3:Pace>0.4</ns3:Pace></ns3:TPX></Extensions></Trackpoint><Trackpoint><Time>2025-08-12T21:42:57Z</Time><Position><LatitudeDegrees>-8.05339975</LatitudeDegrees><LongitudeDegrees>-34.95361927</LongitudeDegrees></Position><HeartRateBpm><Value>171</Value></HeartRateBpm><Cadence>88</Cadence><Extensions><ns3:TPX><ns3:Speed>2.4800000190734863</ns3:Speed><ns3:Pace>0.4</ns3:Pace></ns3:TPX></Extensions></Trackpoint><Trackpoint><Time>2025-08-12T21:42:58Z</Time><Position><LatitudeDegrees>-8.05338143</LatitudeDegrees><LongitudeDegrees>-34.95361894</LongitudeDegrees></Position><HeartRateBpm><Value>170</Value></HeartRateBpm><Cadence>88</Cadence><Extensions><ns3:TPX><ns3:Speed>2.4800000190734863</ns3:Speed><ns3:Pace>0.4</ns3:Pace></ns3:TPX></Extensions></Trackpoint><Trackpoint><Time>2025-08-12T21:42:59Z</Time><Position><LatitudeDegrees>-8.05336176</LatitudeDegrees><LongitudeDegrees>-34.95361728</LongitudeDegrees></Position><HeartRateBpm><Value>170</Value></HeartRateBpm><Cadence>88</Cadence><Extensions><ns3:TPX><ns3:Speed>2.4800000190734863</ns3:Speed><ns3:Pace>0.4</ns3:Pace></ns3:TPX></Extensions></Trackpoint><Trackpoint><Time>2025-08-12T21:43:00Z</Time><Position><LatitudeDegrees>-8.05334211</LatitudeDegrees><LongitudeDegrees>-34.95361495</LongitudeDegrees></Position><HeartRateBpm><Value>169</Value></HeartRateBpm><Cadence>88</Cadence><Extensions><ns3:TPX><ns3:Speed>2.4800000190734863</ns3:Speed><ns3:Pace>0.4</ns3:Pace></ns3:TPX></Extensions></Trackpoint><Trackpoint><Time>2025-08-12T21:43:01Z</Time><Position><LatitudeDegrees>-8.05332177</LatitudeDegrees><LongitudeDegrees>-34.95361329</LongitudeDegrees></Position><HeartRateBpm><Value>169</Value></HeartRateBpm><Cadence>89</Cadence><Extensions><ns3:TPX><ns3:Speed>2.4800000190734863</ns3:Speed><ns3:Pace>0.4</ns3:Pace></ns3:TPX></Extensions></Trackpoint><Trackpoint><Time>2025-08-12T21:43:02Z</Time><Position><LatitudeDegrees>-8.05330112</LatitudeDegrees><LongitudeDegrees>-34.95361296</LongitudeDegrees></Position><HeartRateBpm><Value>169</Value></HeartRateBpm><Cadence>88</Cadence><Extensions><ns3:TPX><ns3:Speed>2.4700000286102295</ns3:Speed><ns3:Pace>0.4</ns3:Pace></ns3:TPX></Extensions></Trackpoint><Trackpoint><Time>2025-08-12T21:43:03Z</Time><Position><LatitudeDegrees>-8.05327945</LatitudeDegrees><LongitudeDegrees>-34.95361197</LongitudeDegrees></Position><HeartRateBpm><Value>169</Value></HeartRateBpm><Cadence>88</Cadence><Extensions><ns3:TPX><ns3:Speed>2.4700000286102295</ns3:Speed><ns3:Pace>0.4</ns3:Pace></ns3:TPX></Extensions></Trackpoint><Trackpoint><Time>2025-08-12T21:43:04Z</Time><Position><LatitudeDegrees>-8.05325778</LatitudeDegrees><LongitudeDegrees>-34.95361131</LongitudeDegrees></Position><HeartRateBpm><Value>171</Value></HeartRateBpm><Cadence>88</Cadence><Extensions><ns3:TPX><ns3:Speed>2.4700000286102295</ns3:Speed><ns3:Pace>0.4</ns3:Pace></ns3:TPX></Extensions></Trackpoint><Trackpoint><Time>2025-08-12T21:43:05Z</Time><Position><LatitudeDegrees>-8.05323646</LatitudeDegrees><LongitudeDegrees>-34.95360998</LongitudeDegrees></Position><HeartRateBpm><Value>172</Value></HeartRateBpm><Cadence>88</Cadence><Extensions><ns3:TPX><ns3:Speed>2.4600000381469727</ns3:Speed><ns3:Pace>0.4</ns3:Pace></ns3:TPX></Extensions></Trackpoint><Trackpoint><Time>2025-08-12T21:43:06Z</Time><Position><LatitudeDegrees>-8.05321314</LatitudeDegrees><LongitudeDegrees>-34.95360733</LongitudeDegrees></Position><HeartRateBpm><Value>172</Value></HeartRateBpm><Cadence>88</Cadence><Extensions><ns3:TPX><ns3:Speed>2.4600000381469727</ns3:Speed><ns3:Pace>0.4</ns3:Pace></ns3:TPX></Extensions></Trackpoint><Trackpoint><Time>2025-08-12T21:43:07Z</Time><Position><LatitudeDegrees>-8.05318915</LatitudeDegrees><LongitudeDegrees>-34.95360266</LongitudeDegrees></Position><HeartRateBpm><Value>171</Value></HeartRateBpm><Cadence>89</Cadence><Extensions><ns3:TPX><ns3:Speed>2.4600000381469727</ns3:Speed><ns3:Pace>0.4</ns3:Pace></ns3:TPX></Extensions></Trackpoint><Trackpoint><Time>2025-08-12T21:43:08Z</Time><Position><LatitudeDegrees>-8.05316448</LatitudeDegrees><LongitudeDegrees>-34.95359867</LongitudeDegrees></Position><HeartRateBpm><Value>171</Value></HeartRateBpm><Cadence>88</Cadence><Extensions><ns3:TPX><ns3:Speed>2.450000047683716</ns3:Speed><ns3:Pace>0.4</ns3:Pace></ns3:TPX></Extensions></Trackpoint><Trackpoint><Time>2025-08-12T21:43:09Z</Time><Position><LatitudeDegrees>-8.05313948</LatitudeDegrees><LongitudeDegrees>-34.953596</LongitudeDegrees></Position><HeartRateBpm><Value>171</Value></HeartRateBpm><Cadence>88</Cadence><Extensions><ns3:TPX><ns3:Speed>2.450000047683716</ns3:Speed><ns3:Pace>0.4</ns3:Pace></ns3:TPX></Extensions></Trackpoint><Trackpoint><Time>2025-08-12T21:43:10Z</Time><Position><LatitudeDegrees>-8.05311582</LatitudeDegrees><LongitudeDegrees>-34.95359467</LongitudeDegrees></Position><HeartRateBpm><Value>171</Value></HeartRateBpm><Cadence>88</Cadence><Extensions><ns3:TPX><ns3:Speed>2.450000047683716</ns3:Speed><ns3:Pace>0.4</ns3:Pace></ns3:TPX></Extensions></Trackpoint><Trackpoint><Time>2025-08-12T21:43:11Z</Time><Position><LatitudeDegrees>-8.05309149</LatitudeDegrees><LongitudeDegrees>-34.95359435</LongitudeDegrees></Position><HeartRateBpm><Value>171</Value></HeartRateBpm><Cadence>88</Cadence><Extensions><ns3:TPX><ns3:Speed>2.450000047683716</ns3:Speed><ns3:Pace>0.4</ns3:Pace></ns3:TPX></Extensions></Trackpoint><Trackpoint><Time>2025-08-12T21:43:12Z</Time><Position><LatitudeDegrees>-8.05306716</LatitudeDegrees><LongitudeDegrees>-34.95359467</LongitudeDegrees></Position><HeartRateBpm><Value>171</Value></HeartRateBpm><Cadence>88</Cadence><Extensions><ns3:TPX><ns3:Speed>2.450000047683716</ns3:Speed><ns3:Pace>0.4</ns3:Pace></ns3:TPX></Extensions></Trackpoint><Trackpoint><Time>2025-08-12T21:43:13Z</Time><Position><LatitudeDegrees>-8.05304317</LatitudeDegrees><LongitudeDegrees>-34.95359368</LongitudeDegrees></Position><HeartRateBpm><Value>171</Value></HeartRateBpm><Cadence>88</Cadence><Extensions><ns3:TPX><ns3:Speed>2.450000047683716</ns3:Speed><ns3:Pace>0.4</ns3:Pace></ns3:TPX></Extensions></Trackpoint><Trackpoint><Time>2025-08-12T21:43:14Z</Time><Position><LatitudeDegrees>-8.0530185</LatitudeDegrees><LongitudeDegrees>-34.95359201</LongitudeDegrees></Position><HeartRateBpm><Value>171</Value></HeartRateBpm><Cadence>89</Cadence><Extensions><ns3:TPX><ns3:Speed>2.450000047683716</ns3:Speed><ns3:Pace>0.4</ns3:Pace></ns3:TPX></Extensions></Trackpoint><Trackpoint><Time>2025-08-12T21:43:15Z</Time><Position><LatitudeDegrees>-8.05299451</LatitudeDegrees><LongitudeDegrees>-34.95358969</LongitudeDegrees></Position><HeartRateBpm><Value>171</Value></HeartRateBpm><Cadence>89</Cadence><Extensions><ns3:TPX><ns3:Speed>2.450000047683716</ns3:Speed><ns3:Pace>0.4</ns3:Pace></ns3:TPX></Extensions></Trackpoint><Trackpoint><Time>2025-08-12T21:43:16Z</Time><Position><LatitudeDegrees>-8.05297185</LatitudeDegrees><LongitudeDegrees>-34.9535867</LongitudeDegrees></Position><HeartRateBpm><Value>172</Value></HeartRateBpm><Cadence>89</Cadence><Extensions><ns3:TPX><ns3:Speed>2.450000047683716</ns3:Speed><ns3:Pace>0.4</ns3:Pace></ns3:TPX></Extensions></Trackpoint><Trackpoint><Time>2025-08-12T21:43:17Z</Time><Position><LatitudeDegrees>-8.05294952</LatitudeDegrees><LongitudeDegrees>-34.95358303</LongitudeDegrees></Position><HeartRateBpm><Value>172</Value></HeartRateBpm><Cadence>88</Cadence><Extensions><ns3:TPX><ns3:Speed>2.4600000381469727</ns3:Speed><ns3:Pace>0.4</ns3:Pace></ns3:TPX></Extensions></Trackpoint><Trackpoint><Time>2025-08-12T21:43:18Z</Time><Position><LatitudeDegrees>-8.05292753</LatitudeDegrees><LongitudeDegrees>-34.95357871</LongitudeDegrees></Position><HeartRateBpm><Value>172</Value></HeartRateBpm><Cadence>88</Cadence><Extensions><ns3:TPX><ns3:Speed>2.4600000381469727</ns3:Speed><ns3:Pace>0.4</ns3:Pace></ns3:TPX></Extensions></Trackpoint><Trackpoint><Time>2025-08-12T21:43:19Z</Time><Position><LatitudeDegrees>-8.05290487</LatitudeDegrees><LongitudeDegrees>-34.95357438</LongitudeDegrees></Position><HeartRateBpm><Value>172</Value></HeartRateBpm><Cadence>88</Cadence><Extensions><ns3:TPX><ns3:Speed>2.4600000381469727</ns3:Speed><ns3:Pace>0.4</ns3:Pace></ns3:TPX></Extensions></Trackpoint><Trackpoint><Time>2025-08-12T21:43:20Z</Time><Position><LatitudeDegrees>-8.05288054</LatitudeDegrees><LongitudeDegrees>-34.95356805</LongitudeDegrees></Position><HeartRateBpm><Value>172</Value></HeartRateBpm><Cadence>88</Cadence><Extensions><ns3:TPX><ns3:Speed>2.4600000381469727</ns3:Speed><ns3:Pace>0.4</ns3:Pace></ns3:TPX></Extensions></Trackpoint><Trackpoint><Time>2025-08-12T21:43:21Z</Time><Position><LatitudeDegrees>-8.05285488</LatitudeDegrees><LongitudeDegrees>-34.95356072</LongitudeDegrees></Position><HeartRateBpm><Value>172</Value></HeartRateBpm><Cadence>87</Cadence><Extensions><ns3:TPX><ns3:Speed>2.4600000381469727</ns3:Speed><ns3:Pace>0.4</ns3:Pace></ns3:TPX></Extensions></Trackpoint><Trackpoint><Time>2025-08-12T21:43:22Z</Time><Position><LatitudeDegrees>-8.05280589</LatitudeDegrees><LongitudeDegrees>-34.95354873</LongitudeDegrees></Position><HeartRateBpm><Value>172</Value></HeartRateBpm><Cadence>88</Cadence><Extensions><ns3:TPX><ns3:Speed>2.4600000381469727</ns3:Speed><ns3:Pace>0.4</ns3:Pace></ns3:TPX></Extensions></Trackpoint><Trackpoint><Time>2025-08-12T21:43:23Z</Time><Position><LatitudeDegrees>-8.05278289</LatitudeDegrees><LongitudeDegrees>-34.95354306</LongitudeDegrees></Position><HeartRateBpm><Value>172</Value></HeartRateBpm><Cadence>88</Cadence><Extensions><ns3:TPX><ns3:Speed>2.4600000381469727</ns3:Speed><ns3:Pace>0.4</ns3:Pace></ns3:TPX></Extensions></Trackpoint><Trackpoint><Time>2025-08-12T21:43:24Z</Time><Position><LatitudeDegrees>-8.05275957</LatitudeDegrees><LongitudeDegrees>-34.95353907</LongitudeDegrees></Position><HeartRateBpm><Value>172</Value></HeartRateBpm><Cadence>88</Cadence><Extensions><ns3:TPX><ns3:Speed>2.4600000381469727</ns3:Speed><ns3:Pace>0.4</ns3:Pace></ns3:TPX></Extensions></Trackpoint><Trackpoint><Time>2025-08-12T21:43:25Z</Time><Position><LatitudeDegrees>-8.05273691</LatitudeDegrees><LongitudeDegrees>-34.95353441</LongitudeDegrees></Position><HeartRateBpm><Value>172</Value></HeartRateBpm><Cadence>88</Cadence><Extensions><ns3:TPX><ns3:Speed>2.4700000286102295</ns3:Speed><ns3:Pace>0.4</ns3:Pace></ns3:TPX></Extensions></Trackpoint><Trackpoint><Time>2025-08-12T21:43:26Z</Time><Position><LatitudeDegrees>-8.05271391</LatitudeDegrees><LongitudeDegrees>-34.95352974</LongitudeDegrees></Position><HeartRateBpm><Value>171</Value></HeartRateBpm><Cadence>88</Cadence><Extensions><ns3:TPX><ns3:Speed>2.4700000286102295</ns3:Speed><ns3:Pace>0.4</ns3:Pace></ns3:TPX></Extensions></Trackpoint><Trackpoint><Time>2025-08-12T21:43:27Z</Time><Position><LatitudeDegrees>-8.05269059</LatitudeDegrees><LongitudeDegrees>-34.95352608</LongitudeDegrees></Position><HeartRateBpm><Value>171</Value></HeartRateBpm><Cadence>88</Cadence><Extensions><ns3:TPX><ns3:Speed>2.4700000286102295</ns3:Speed><ns3:Pace>0.4</ns3:Pace></ns3:TPX></Extensions></Trackpoint><Trackpoint><Time>2025-08-12T21:43:28Z</Time><Position><LatitudeDegrees>-8.05266692</LatitudeDegrees><LongitudeDegrees>-34.95352309</LongitudeDegrees></Position><HeartRateBpm><Value>169</Value></HeartRateBpm><Cadence>88</Cadence><Extensions><ns3:TPX><ns3:Speed>2.4800000190734863</ns3:Speed><ns3:Pace>0.4</ns3:Pace></ns3:TPX></Extensions></Trackpoint><Trackpoint><Time>2025-08-12T21:43:29Z</Time><Position><LatitudeDegrees>-8.05264293</LatitudeDegrees><LongitudeDegrees>-34.9535201</LongitudeDegrees></Position><HeartRateBpm><Value>168</Value></HeartRateBpm><Cadence>88</Cadence><Extensions><ns3:TPX><ns3:Speed>2.4800000190734863</ns3:Speed><ns3:Pace>0.4</ns3:Pace></ns3:TPX></Extensions></Trackpoint><Trackpoint><Time>2025-08-12T21:43:30Z</Time><Position><LatitudeDegrees>-8.05261927</LatitudeDegrees><LongitudeDegrees>-34.95351577</LongitudeDegrees></Position><HeartRateBpm><Value>168</Value></HeartRateBpm><Cadence>88</Cadence><Extensions><ns3:TPX><ns3:Speed>2.4800000190734863</ns3:Speed><ns3:Pace>0.4</ns3:Pace></ns3:TPX></Extensions></Trackpoint><Trackpoint><Time>2025-08-12T21:43:31Z</Time><Position><LatitudeDegrees>-8.05259494</LatitudeDegrees><LongitudeDegrees>-34.95351078</LongitudeDegrees></Position><HeartRateBpm><Value>168</Value></HeartRateBpm><Cadence>88</Cadence><Extensions><ns3:TPX><ns3:Speed>2.4800000190734863</ns3:Speed><ns3:Pace>0.4</ns3:Pace></ns3:TPX></Extensions></Trackpoint><Trackpoint><Time>2025-08-12T21:43:32Z</Time><Position><LatitudeDegrees>-8.05257061</LatitudeDegrees><LongitudeDegrees>-34.95350611</LongitudeDegrees></Position><HeartRateBpm><Value>169</Value></HeartRateBpm><Cadence>88</Cadence><Extensions><ns3:TPX><ns3:Speed>2.4800000190734863</ns3:Speed><ns3:Pace>0.4</ns3:Pace></ns3:TPX></Extensions></Trackpoint><Trackpoint><Time>2025-08-12T21:43:33Z</Time><Position><LatitudeDegrees>-8.05254429</LatitudeDegrees><LongitudeDegrees>-34.95349611</LongitudeDegrees></Position><HeartRateBpm><Value>169</Value></HeartRateBpm><Cadence>88</Cadence><Extensions><ns3:TPX><ns3:Speed>2.4800000190734863</ns3:Speed><ns3:Pace>0.4</ns3:Pace></ns3:TPX></Extensions></Trackpoint><Trackpoint><Time>2025-08-12T21:43:34Z</Time><Position><LatitudeDegrees>-8.05251629</LatitudeDegrees><LongitudeDegrees>-34.95348545</LongitudeDegrees></Position><HeartRateBpm><Value>169</Value></HeartRateBpm><Cadence>88</Cadence><Extensions><ns3:TPX><ns3:Speed>2.4800000190734863</ns3:Speed><ns3:Pace>0.4</ns3:Pace></ns3:TPX></Extensions></Trackpoint><Trackpoint><Time>2025-08-12T21:43:35Z</Time><Position><LatitudeDegrees>-8.05248762</LatitudeDegrees><LongitudeDegrees>-34.95347779</LongitudeDegrees></Position><HeartRateBpm><Value>169</Value></HeartRateBpm><Cadence>88</Cadence><Extensions><ns3:TPX><ns3:Speed>2.490000009536743</ns3:Speed><ns3:Pace>0.4</ns3:Pace></ns3:TPX></Extensions></Trackpoint><Trackpoint><Time>2025-08-12T21:43:36Z</Time><Position><LatitudeDegrees>-8.05246162</LatitudeDegrees><LongitudeDegrees>-34.95347379</LongitudeDegrees></Position><HeartRateBpm><Value>169</Value></HeartRateBpm><Cadence>88</Cadence><Extensions><ns3:TPX><ns3:Speed>2.5</ns3:Speed><ns3:Pace>0.39</ns3:Pace></ns3:TPX></Extensions></Trackpoint><Trackpoint><Time>2025-08-12T21:43:37Z</Time><Position><LatitudeDegrees>-8.05243663</LatitudeDegrees><LongitudeDegrees>-34.95347047</LongitudeDegrees></Position><HeartRateBpm><Value>169</Value></HeartRateBpm><Cadence>88</Cadence><Extensions><ns3:TPX><ns3:Speed>2.5</ns3:Speed><ns3:Pace>0.39</ns3:Pace></ns3:TPX></Extensions></Trackpoint><Trackpoint><Time>2025-08-12T21:43:38Z</Time><Position><LatitudeDegrees>-8.05241163</LatitudeDegrees><LongitudeDegrees>-34.95346813</LongitudeDegrees></Position><HeartRateBpm><Value>169</Value></HeartRateBpm><Cadence>89</Cadence><Extensions><ns3:TPX><ns3:Speed>2.509999990463257</ns3:Speed><ns3:Pace>0.39</ns3:Pace></ns3:TPX></Extensions></Trackpoint><Trackpoint><Time>2025-08-12T21:43:39Z</Time><Position><LatitudeDegrees>-8.05238664</LatitudeDegrees><LongitudeDegrees>-34.95346514</LongitudeDegrees></Position><HeartRateBpm><Value>169</Value></HeartRateBpm><Cadence>89</Cadence><Extensions><ns3:TPX><ns3:Speed>2.509999990463257</ns3:Speed><ns3:Pace>0.39</ns3:Pace></ns3:TPX></Extensions></Trackpoint><Trackpoint><Time>2025-08-12T21:43:40Z</Time><Position><LatitudeDegrees>-8.05236231</LatitudeDegrees><LongitudeDegrees>-34.95346182</LongitudeDegrees></Position><HeartRateBpm><Value>169</Value></HeartRateBpm><Cadence>88</Cadence><Extensions><ns3:TPX><ns3:Speed>2.509999990463257</ns3:Speed><ns3:Pace>0.39</ns3:Pace></ns3:TPX></Extensions></Trackpoint><Trackpoint><Time>2025-08-12T21:43:41Z</Time><Position><LatitudeDegrees>-8.05233832</LatitudeDegrees><LongitudeDegrees>-34.9534585</LongitudeDegrees></Position><HeartRateBpm><Value>171</Value></HeartRateBpm><Cadence>89</Cadence><Extensions><ns3:TPX><ns3:Speed>2.5199999809265137</ns3:Speed><ns3:Pace>0.39</ns3:Pace></ns3:TPX></Extensions></Trackpoint><Trackpoint><Time>2025-08-12T21:43:42Z</Time><Position><LatitudeDegrees>-8.05231332</LatitudeDegrees><LongitudeDegrees>-34.95345484</LongitudeDegrees></Position><HeartRateBpm><Value>172</Value></HeartRateBpm><Cadence>89</Cadence><Extensions><ns3:TPX><ns3:Speed>2.5299999713897705</ns3:Speed><ns3:Pace>0.39</ns3:Pace></ns3:TPX></Extensions></Trackpoint><Trackpoint><Time>2025-08-12T21:43:43Z</Time><Position><LatitudeDegrees>-8.05228833</LatitudeDegrees><LongitudeDegrees>-34.95345185</LongitudeDegrees></Position><HeartRateBpm><Value>171</Value></HeartRateBpm><Cadence>89</Cadence><Extensions><ns3:TPX><ns3:Speed>2.5299999713897705</ns3:Speed><ns3:Pace>0.39</ns3:Pace></ns3:TPX></Extensions></Trackpoint><Trackpoint><Time>2025-08-12T21:43:44Z</Time><Position><LatitudeDegrees>-8.05226333</LatitudeDegrees><LongitudeDegrees>-34.95344852</LongitudeDegrees></Position><HeartRateBpm><Value>171</Value></HeartRateBpm><Cadence>89</Cadence><Extensions><ns3:TPX><ns3:Speed>2.5399999618530273</ns3:Speed><ns3:Pace>0.39</ns3:Pace></ns3:TPX></Extensions></Trackpoint><Trackpoint><Time>2025-08-12T21:43:45Z</Time><Position><LatitudeDegrees>-8.05223834</LatitudeDegrees><LongitudeDegrees>-34.95344519</LongitudeDegrees></Position><HeartRateBpm><Value>171</Value></HeartRateBpm><Cadence>89</Cadence><Extensions><ns3:TPX><ns3:Speed>2.5399999618530273</ns3:Speed><ns3:Pace>0.39</ns3:Pace></ns3:TPX></Extensions></Trackpoint><Trackpoint><Time>2025-08-12T21:43:46Z</Time><Position><LatitudeDegrees>-8.05221268</LatitudeDegrees><LongitudeDegrees>-34.95344154</LongitudeDegrees></Position><HeartRateBpm><Value>171</Value></HeartRateBpm><Cadence>89</Cadence><Extensions><ns3:TPX><ns3:Speed>2.549999952316284</ns3:Speed><ns3:Pace>0.39</ns3:Pace></ns3:TPX></Extensions></Trackpoint><Trackpoint><Time>2025-08-12T21:43:47Z</Time><Position><LatitudeDegrees>-8.05218801</LatitudeDegrees><LongitudeDegrees>-34.95343954</LongitudeDegrees></Position><HeartRateBpm><Value>171</Value></HeartRateBpm><Cadence>89</Cadence><Extensions><ns3:TPX><ns3:Speed>2.549999952316284</ns3:Speed><ns3:Pace>0.39</ns3:Pace></ns3:TPX></Extensions></Trackpoint><Trackpoint><Time>2025-08-12T21:43:48Z</Time><Position><LatitudeDegrees>-8.05216301</LatitudeDegrees><LongitudeDegrees>-34.95343821</LongitudeDegrees></Position><HeartRateBpm><Value>171</Value></HeartRateBpm><Cadence>89</Cadence><Extensions><ns3:TPX><ns3:Speed>2.559999942779541</ns3:Speed><ns3:Pace>0.39</ns3:Pace></ns3:TPX></Extensions></Trackpoint><Trackpoint><Time>2025-08-12T21:43:49Z</Time><Position><LatitudeDegrees>-8.05213836</LatitudeDegrees><LongitudeDegrees>-34.95343821</LongitudeDegrees></Position><HeartRateBpm><Value>170</Value></HeartRateBpm><Cadence>88</Cadence><Extensions><ns3:TPX><ns3:Speed>2.559999942779541</ns3:Speed><ns3:Pace>0.38</ns3:Pace></ns3:TPX></Extensions></Trackpoint><Trackpoint><Time>2025-08-12T21:43:50Z</Time><Position><LatitudeDegrees>-8.05211402</LatitudeDegrees><LongitudeDegrees>-34.95343854</LongitudeDegrees></Position><HeartRateBpm><Value>170</Value></HeartRateBpm><Cadence>88</Cadence><Extensions><ns3:TPX><ns3:Speed>2.569999933242798</ns3:Speed><ns3:Pace>0.38</ns3:Pace></ns3:TPX></Extensions></Trackpoint><Trackpoint><Time>2025-08-12T21:43:51Z</Time><Position><LatitudeDegrees>-8.0520897</LatitudeDegrees><LongitudeDegrees>-34.95343919</LongitudeDegrees></Position><HeartRateBpm><Value>170</Value></HeartRateBpm><Cadence>88</Cadence><Extensions><ns3:TPX><ns3:Speed>2.569999933242798</ns3:Speed><ns3:Pace>0.38</ns3:Pace></ns3:TPX></Extensions></Trackpoint><Trackpoint><Time>2025-08-12T21:43:52Z</Time><Position><LatitudeDegrees>-8.05206537</LatitudeDegrees><LongitudeDegrees>-34.95343887</LongitudeDegrees></Position><HeartRateBpm><Value>170</Value></HeartRateBpm><Cadence>88</Cadence><Extensions><ns3:TPX><ns3:Speed>2.569999933242798</ns3:Speed><ns3:Pace>0.38</ns3:Pace></ns3:TPX></Extensions></Trackpoint><Trackpoint><Time>2025-08-12T21:43:53Z</Time><Position><LatitudeDegrees>-8.05204203</LatitudeDegrees><LongitudeDegrees>-34.95343887</LongitudeDegrees></Position><HeartRateBpm><Value>171</Value></HeartRateBpm><Cadence>89</Cadence><Extensions><ns3:TPX><ns3:Speed>2.5799999237060547</ns3:Speed><ns3:Pace>0.38</ns3:Pace></ns3:TPX></Extensions></Trackpoint><Trackpoint><Time>2025-08-12T21:43:54Z</Time><Position><LatitudeDegrees>-8.05201903</LatitudeDegrees><LongitudeDegrees>-34.95343821</LongitudeDegrees></Position><HeartRateBpm><Value>171</Value></HeartRateBpm><Cadence>89</Cadence><Extensions><ns3:TPX><ns3:Speed>2.5799999237060547</ns3:Speed><ns3:Pace>0.38</ns3:Pace></ns3:TPX></Extensions></Trackpoint><Trackpoint><Time>2025-08-12T21:43:55Z</Time><Position><LatitudeDegrees>-8.05199671</LatitudeDegrees><LongitudeDegrees>-34.95343789</LongitudeDegrees></Position><HeartRateBpm><Value>171</Value></HeartRateBpm><Cadence>89</Cadence><Extensions><ns3:TPX><ns3:Speed>2.5899999141693115</ns3:Speed><ns3:Pace>0.38</ns3:Pace></ns3:TPX></Extensions></Trackpoint><Trackpoint><Time>2025-08-12T21:43:56Z</Time><Position><LatitudeDegrees>-8.05197438</LatitudeDegrees><LongitudeDegrees>-34.95343722</LongitudeDegrees></Position><HeartRateBpm><Value>171</Value></HeartRateBpm><Cadence>89</Cadence><Extensions><ns3:TPX><ns3:Speed>2.5899999141693115</ns3:Speed><ns3:Pace>0.38</ns3:Pace></ns3:TPX></Extensions></Trackpoint><Trackpoint><Time>2025-08-12T21:43:57Z</Time><Position><LatitudeDegrees>-8.05195138</LatitudeDegrees><LongitudeDegrees>-34.9534359</LongitudeDegrees></Position><HeartRateBpm><Value>171</Value></HeartRateBpm><Cadence>89</Cadence><Extensions><ns3:TPX><ns3:Speed>2.5899999141693115</ns3:Speed><ns3:Pace>0.38</ns3:Pace></ns3:TPX></Extensions></Trackpoint><Trackpoint><Time>2025-08-12T21:43:58Z</Time><Position><LatitudeDegrees>-8.05192872</LatitudeDegrees><LongitudeDegrees>-34.95343524</LongitudeDegrees></Position><HeartRateBpm><Value>171</Value></HeartRateBpm><Cadence>89</Cadence><Extensions><ns3:TPX><ns3:Speed>2.5899999141693115</ns3:Speed><ns3:Pace>0.38</ns3:Pace></ns3:TPX></Extensions></Trackpoint><Trackpoint><Time>2025-08-12T21:43:59Z</Time><Position><LatitudeDegrees>-8.05190572</LatitudeDegrees><LongitudeDegrees>-34.95343358</LongitudeDegrees></Position><HeartRateBpm><Value>171</Value></HeartRateBpm><Cadence>88</Cadence><Extensions><ns3:TPX><ns3:Speed>2.5899999141693115</ns3:Speed><ns3:Pace>0.38</ns3:Pace></ns3:TPX></Extensions></Trackpoint><Trackpoint><Time>2025-08-12T21:44:00Z</Time><Position><LatitudeDegrees>-8.05188206</LatitudeDegrees><LongitudeDegrees>-34.95343259</LongitudeDegrees></Position><HeartRateBpm><Value>169</Value></HeartRateBpm><Cadence>88</Cadence><Extensions><ns3:TPX><ns3:Speed>2.5899999141693115</ns3:Speed><ns3:Pace>0.38</ns3:Pace></ns3:TPX></Extensions></Trackpoint><Trackpoint><Time>2025-08-12T21:44:01Z</Time><Position><LatitudeDegrees>-8.05185807</LatitudeDegrees><LongitudeDegrees>-34.95343192</LongitudeDegrees></Position><HeartRateBpm><Value>169</Value></HeartRateBpm><Cadence>88</Cadence><Extensions><ns3:TPX><ns3:Speed>2.5899999141693115</ns3:Speed><ns3:Pace>0.38</ns3:Pace></ns3:TPX></Extensions></Trackpoint><Trackpoint><Time>2025-08-12T21:44:02Z</Time><Position><LatitudeDegrees>-8.05183374</LatitudeDegrees><LongitudeDegrees>-34.95343093</LongitudeDegrees></Position><HeartRateBpm><Value>170</Value></HeartRateBpm><Cadence>88</Cadence><Extensions><ns3:TPX><ns3:Speed>2.5899999141693115</ns3:Speed><ns3:Pace>0.38</ns3:Pace></ns3:TPX></Extensions></Trackpoint><Trackpoint><Time>2025-08-12T21:44:03Z</Time><Position><LatitudeDegrees>-8.05180941</LatitudeDegrees><LongitudeDegrees>-34.95343027</LongitudeDegrees></Position><HeartRateBpm><Value>170</Value></HeartRateBpm><Cadence>88</Cadence><Extensions><ns3:TPX><ns3:Speed>2.5899999141693115</ns3:Speed><ns3:Pace>0.38</ns3:Pace></ns3:TPX></Extensions></Trackpoint><Trackpoint><Time>2025-08-12T21:44:04Z</Time><Position><LatitudeDegrees>-8.05178575</LatitudeDegrees><LongitudeDegrees>-34.95343027</LongitudeDegrees></Position><HeartRateBpm><Value>170</Value></HeartRateBpm><Cadence>89</Cadence><Extensions><ns3:TPX><ns3:Speed>2.5899999141693115</ns3:Speed><ns3:Pace>0.38</ns3:Pace></ns3:TPX></Extensions></Trackpoint><Trackpoint><Time>2025-08-12T21:44:05Z</Time><Position><LatitudeDegrees>-8.05176208</LatitudeDegrees><LongitudeDegrees>-34.95343126</LongitudeDegrees></Position><HeartRateBpm><Value>170</Value></HeartRateBpm><Cadence>88</Cadence><Extensions><ns3:TPX><ns3:Speed>2.5899999141693115</ns3:Speed><ns3:Pace>0.38</ns3:Pace></ns3:TPX></Extensions></Trackpoint><Trackpoint><Time>2025-08-12T21:44:06Z</Time><Position><LatitudeDegrees>-8.05173876</LatitudeDegrees><LongitudeDegrees>-34.95343425</LongitudeDegrees></Position><HeartRateBpm><Value>170</Value></HeartRateBpm><Cadence>88</Cadence><Extensions><ns3:TPX><ns3:Speed>2.5899999141693115</ns3:Speed><ns3:Pace>0.38</ns3:Pace></ns3:TPX></Extensions></Trackpoint><Trackpoint><Time>2025-08-12T21:44:07Z</Time><Position><LatitudeDegrees>-8.05171509</LatitudeDegrees><LongitudeDegrees>-34.95343758</LongitudeDegrees></Position><HeartRateBpm><Value>170</Value></HeartRateBpm><Cadence>88</Cadence><Extensions><ns3:TPX><ns3:Speed>2.5899999141693115</ns3:Speed><ns3:Pace>0.38</ns3:Pace></ns3:TPX></Extensions></Trackpoint><Trackpoint><Time>2025-08-12T21:44:08Z</Time><Position><LatitudeDegrees>-8.05169244</LatitudeDegrees><LongitudeDegrees>-34.95343991</LongitudeDegrees></Position><HeartRateBpm><Value>170</Value></HeartRateBpm><Cadence>88</Cadence><Extensions><ns3:TPX><ns3:Speed>2.5899999141693115</ns3:Speed><ns3:Pace>0.38</ns3:Pace></ns3:TPX></Extensions></Trackpoint><Trackpoint><Time>2025-08-12T21:44:09Z</Time><Position><LatitudeDegrees>-8.05166944</LatitudeDegrees><LongitudeDegrees>-34.95344124</LongitudeDegrees></Position><HeartRateBpm><Value>170</Value></HeartRateBpm><Cadence>88</Cadence><Extensions><ns3:TPX><ns3:Speed>2.5899999141693115</ns3:Speed><ns3:Pace>0.38</ns3:Pace></ns3:TPX></Extensions></Trackpoint><Trackpoint><Time>2025-08-12T21:44:10Z</Time><Position><LatitudeDegrees>-8.05164678</LatitudeDegrees><LongitudeDegrees>-34.95344257</LongitudeDegrees></Position><HeartRateBpm><Value>170</Value></HeartRateBpm><Cadence>89</Cadence><Extensions><ns3:TPX><ns3:Speed>2.5999999046325684</ns3:Speed><ns3:Pace>0.38</ns3:Pace></ns3:TPX></Extensions></Trackpoint><Trackpoint><Time>2025-08-12T21:44:11Z</Time><Position><LatitudeDegrees>-8.05162412</LatitudeDegrees><LongitudeDegrees>-34.95344357</LongitudeDegrees></Position><HeartRateBpm><Value>170</Value></HeartRateBpm><Cadence>88</Cadence><Extensions><ns3:TPX><ns3:Speed>2.5999999046325684</ns3:Speed><ns3:Pace>0.38</ns3:Pace></ns3:TPX></Extensions></Trackpoint><Trackpoint><Time>2025-08-12T21:44:12Z</Time><Position><LatitudeDegrees>-8.05160112</LatitudeDegrees><LongitudeDegrees>-34.95344357</LongitudeDegrees></Position><HeartRateBpm><Value>171</Value></HeartRateBpm><Cadence>89</Cadence><Extensions><ns3:TPX><ns3:Speed>2.5999999046325684</ns3:Speed><ns3:Pace>0.38</ns3:Pace></ns3:TPX></Extensions></Trackpoint><Trackpoint><Time>2025-08-12T21:44:13Z</Time><Position><LatitudeDegrees>-8.05157813</LatitudeDegrees><LongitudeDegrees>-34.95344324</LongitudeDegrees></Position><HeartRateBpm><Value>170</Value></HeartRateBpm><Cadence>89</Cadence><Extensions><ns3:TPX><ns3:Speed>2.5999999046325684</ns3:Speed><ns3:Pace>0.38</ns3:Pace></ns3:TPX></Extensions></Trackpoint><Trackpoint><Time>2025-08-12T21:44:14Z</Time><Position><LatitudeDegrees>-8.0515538</LatitudeDegrees><LongitudeDegrees>-34.95344291</LongitudeDegrees></Position><HeartRateBpm><Value>169</Value></HeartRateBpm><Cadence>89</Cadence><Extensions><ns3:TPX><ns3:Speed>2.5999999046325684</ns3:Speed><ns3:Pace>0.38</ns3:Pace></ns3:TPX></Extensions></Trackpoint><Trackpoint><Time>2025-08-12T21:44:15Z</Time><Position><LatitudeDegrees>-8.0515288</LatitudeDegrees><LongitudeDegrees>-34.95344192</LongitudeDegrees></Position><HeartRateBpm><Value>169</Value></HeartRateBpm><Cadence>89</Cadence><Extensions><ns3:TPX><ns3:Speed>2.5999999046325684</ns3:Speed><ns3:Pace>0.38</ns3:Pace></ns3:TPX></Extensions></Trackpoint><Trackpoint><Time>2025-08-12T21:44:16Z</Time><Position><LatitudeDegrees>-8.05150314</LatitudeDegrees><LongitudeDegrees>-34.95344093</LongitudeDegrees></Position><HeartRateBpm><Value>169</Value></HeartRateBpm><Cadence>88</Cadence><Extensions><ns3:TPX><ns3:Speed>2.5999999046325684</ns3:Speed><ns3:Pace>0.38</ns3:Pace></ns3:TPX></Extensions></Trackpoint><Trackpoint><Time>2025-08-12T21:44:17Z</Time><Position><LatitudeDegrees>-8.05147714</LatitudeDegrees><LongitudeDegrees>-34.95343794</LongitudeDegrees></Position><HeartRateBpm><Value>169</Value></HeartRateBpm><Cadence>88</Cadence><Extensions><ns3:TPX><ns3:Speed>2.5999999046325684</ns3:Speed><ns3:Pace>0.38</ns3:Pace></ns3:TPX></Extensions></Trackpoint><Trackpoint><Time>2025-08-12T21:44:18Z</Time><Position><LatitudeDegrees>-8.05145082</LatitudeDegrees><LongitudeDegrees>-34.95343561</LongitudeDegrees></Position><HeartRateBpm><Value>170</Value></HeartRateBpm><Cadence>88</Cadence><Extensions><ns3:TPX><ns3:Speed>2.5999999046325684</ns3:Speed><ns3:Pace>0.38</ns3:Pace></ns3:TPX></Extensions></Trackpoint><Trackpoint><Time>2025-08-12T21:44:19Z</Time><Position><LatitudeDegrees>-8.05142515</LatitudeDegrees><LongitudeDegrees>-34.95343161</LongitudeDegrees></Position><HeartRateBpm><Value>170</Value></HeartRateBpm><Cadence>89</Cadence><Extensions><ns3:TPX><ns3:Speed>2.609999895095825</ns3:Speed><ns3:Pace>0.38</ns3:Pace></ns3:TPX></Extensions></Trackpoint><Trackpoint><Time>2025-08-12T21:44:20Z</Time><Position><LatitudeDegrees>-8.0513985</LatitudeDegrees><LongitudeDegrees>-34.95342462</LongitudeDegrees></Position><HeartRateBpm><Value>172</Value></HeartRateBpm><Cadence>89</Cadence><Extensions><ns3:TPX><ns3:Speed>2.609999895095825</ns3:Speed><ns3:Pace>0.38</ns3:Pace></ns3:TPX></Extensions></Trackpoint><Trackpoint><Time>2025-08-12T21:44:21Z</Time><Position><LatitudeDegrees>-8.05137316</LatitudeDegrees><LongitudeDegrees>-34.95341563</LongitudeDegrees></Position><HeartRateBpm><Value>172</Value></HeartRateBpm><Cadence>89</Cadence><Extensions><ns3:TPX><ns3:Speed>2.609999895095825</ns3:Speed><ns3:Pace>0.38</ns3:Pace></ns3:TPX></Extensions></Trackpoint><Trackpoint><Time>2025-08-12T21:44:22Z</Time><Position><LatitudeDegrees>-8.05134651</LatitudeDegrees><LongitudeDegrees>-34.95340529</LongitudeDegrees></Position><HeartRateBpm><Value>173</Value></HeartRateBpm><Cadence>89</Cadence><Extensions><ns3:TPX><ns3:Speed>2.609999895095825</ns3:Speed><ns3:Pace>0.38</ns3:Pace></ns3:TPX></Extensions></Trackpoint><Trackpoint><Time>2025-08-12T21:44:23Z</Time><Position><LatitudeDegrees>-8.05132218</LatitudeDegrees><LongitudeDegrees>-34.95339696</LongitudeDegrees></Position><HeartRateBpm><Value>174</Value></HeartRateBpm><Cadence>88</Cadence><Extensions><ns3:TPX><ns3:Speed>2.619999885559082</ns3:Speed><ns3:Pace>0.38</ns3:Pace></ns3:TPX></Extensions></Trackpoint><Trackpoint><Time>2025-08-12T21:44:24Z</Time><Position><LatitudeDegrees>-8.05130053</LatitudeDegrees><LongitudeDegrees>-34.95338997</LongitudeDegrees></Position><HeartRateBpm><Value>174</Value></HeartRateBpm><Cadence>88</Cadence><Extensions><ns3:TPX><ns3:Speed>2.630000114440918</ns3:Speed><ns3:Pace>0.37</ns3:Pace></ns3:TPX></Extensions></Trackpoint><Trackpoint><Time>2025-08-12T21:44:25Z</Time><Position><LatitudeDegrees>-8.05127819</LatitudeDegrees><LongitudeDegrees>-34.95338197</LongitudeDegrees></Position><HeartRateBpm><Value>174</Value></HeartRateBpm><Cadence>88</Cadence><Extensions><ns3:TPX><ns3:Speed>2.630000114440918</ns3:Speed><ns3:Pace>0.37</ns3:Pace></ns3:TPX></Extensions></Trackpoint><Trackpoint><Time>2025-08-12T21:44:26Z</Time><Position><LatitudeDegrees>-8.05125487</LatitudeDegrees><LongitudeDegrees>-34.9533743</LongitudeDegrees></Position><HeartRateBpm><Value>173</Value></HeartRateBpm><Cadence>88</Cadence><Extensions><ns3:TPX><ns3:Speed>2.640000104904175</ns3:Speed><ns3:Pace>0.37</ns3:Pace></ns3:TPX></Extensions></Trackpoint><Trackpoint><Time>2025-08-12T21:44:27Z</Time><Position><LatitudeDegrees>-8.05123221</LatitudeDegrees><LongitudeDegrees>-34.95336697</LongitudeDegrees></Position><HeartRateBpm><Value>173</Value></HeartRateBpm><Cadence>88</Cadence><Extensions><ns3:TPX><ns3:Speed>2.640000104904175</ns3:Speed><ns3:Pace>0.37</ns3:Pace></ns3:TPX></Extensions></Trackpoint><Trackpoint><Time>2025-08-12T21:44:28Z</Time><Position><LatitudeDegrees>-8.05120988</LatitudeDegrees><LongitudeDegrees>-34.95336065</LongitudeDegrees></Position><HeartRateBpm><Value>173</Value></HeartRateBpm><Cadence>88</Cadence><Extensions><ns3:TPX><ns3:Speed>2.6500000953674316</ns3:Speed><ns3:Pace>0.37</ns3:Pace></ns3:TPX></Extensions></Trackpoint><Trackpoint><Time>2025-08-12T21:44:29Z</Time><Position><LatitudeDegrees>-8.05118722</LatitudeDegrees><LongitudeDegrees>-34.95335466</LongitudeDegrees></Position><HeartRateBpm><Value>171</Value></HeartRateBpm><Cadence>88</Cadence><Extensions><ns3:TPX><ns3:Speed>2.6500000953674316</ns3:Speed><ns3:Pace>0.37</ns3:Pace></ns3:TPX></Extensions></Trackpoint><Trackpoint><Time>2025-08-12T21:44:30Z</Time><Position><LatitudeDegrees>-8.0511639</LatitudeDegrees><LongitudeDegrees>-34.95334932</LongitudeDegrees></Position><HeartRateBpm><Value>171</Value></HeartRateBpm><Cadence>88</Cadence><Extensions><ns3:TPX><ns3:Speed>2.6500000953674316</ns3:Speed><ns3:Pace>0.37</ns3:Pace></ns3:TPX></Extensions></Trackpoint><Trackpoint><Time>2025-08-12T21:44:31Z</Time><Position><LatitudeDegrees>-8.05114023</LatitudeDegrees><LongitudeDegrees>-34.95334533</LongitudeDegrees></Position><HeartRateBpm><Value>171</Value></HeartRateBpm><Cadence>88</Cadence><Extensions><ns3:TPX><ns3:Speed>2.6500000953674316</ns3:Speed><ns3:Pace>0.37</ns3:Pace></ns3:TPX></Extensions></Trackpoint><Trackpoint><Time>2025-08-12T21:44:32Z</Time><Position><LatitudeDegrees>-8.05111758</LatitudeDegrees><LongitudeDegrees>-34.95334367</LongitudeDegrees></Position><HeartRateBpm><Value>171</Value></HeartRateBpm><Cadence>88</Cadence><Extensions><ns3:TPX><ns3:Speed>2.6500000953674316</ns3:Speed><ns3:Pace>0.37</ns3:Pace></ns3:TPX></Extensions></Trackpoint><Trackpoint><Time>2025-08-12T21:44:33Z</Time><Position><LatitudeDegrees>-8.05109558</LatitudeDegrees><LongitudeDegrees>-34.95334334</LongitudeDegrees></Position><HeartRateBpm><Value>171</Value></HeartRateBpm><Cadence>88</Cadence><Extensions><ns3:TPX><ns3:Speed>2.6500000953674316</ns3:Speed><ns3:Pace>0.37</ns3:Pace></ns3:TPX></Extensions></Trackpoint><Trackpoint><Time>2025-08-12T21:44:34Z</Time><Position><LatitudeDegrees>-8.05107392</LatitudeDegrees><LongitudeDegrees>-34.95334235</LongitudeDegrees></Position><HeartRateBpm><Value>171</Value></HeartRateBpm><Cadence>88</Cadence><Extensions><ns3:TPX><ns3:Speed>2.6500000953674316</ns3:Speed><ns3:Pace>0.37</ns3:Pace></ns3:TPX></Extensions></Trackpoint><Trackpoint><Time>2025-08-12T21:44:35Z</Time><Position><LatitudeDegrees>-8.05105025</LatitudeDegrees><LongitudeDegrees>-34.95334135</LongitudeDegrees></Position><HeartRateBpm><Value>171</Value></HeartRateBpm><Cadence>87</Cadence><Extensions><ns3:TPX><ns3:Speed>2.6600000858306885</ns3:Speed><ns3:Pace>0.37</ns3:Pace></ns3:TPX></Extensions></Trackpoint><Trackpoint><Time>2025-08-12T21:44:36Z</Time><Position><LatitudeDegrees>-8.05102693</LatitudeDegrees><LongitudeDegrees>-34.9533387</LongitudeDegrees></Position><HeartRateBpm><Value>171</Value></HeartRateBpm><Cadence>88</Cadence><Extensions><ns3:TPX><ns3:Speed>2.6600000858306885</ns3:Speed><ns3:Pace>0.37</ns3:Pace></ns3:TPX></Extensions></Trackpoint><Trackpoint><Time>2025-08-12T21:44:37Z</Time><Position><LatitudeDegrees>-8.05100326</LatitudeDegrees><LongitudeDegrees>-34.95333671</LongitudeDegrees></Position><HeartRateBpm><Value>171</Value></HeartRateBpm><Cadence>88</Cadence><Extensions><ns3:TPX><ns3:Speed>2.6600000858306885</ns3:Speed><ns3:Pace>0.37</ns3:Pace></ns3:TPX></Extensions></Trackpoint><Trackpoint><Time>2025-08-12T21:44:38Z</Time><Position><LatitudeDegrees>-8.05097894</LatitudeDegrees><LongitudeDegrees>-34.95333637</LongitudeDegrees></Position><HeartRateBpm><Value>171</Value></HeartRateBpm><Cadence>87</Cadence><Extensions><ns3:TPX><ns3:Speed>2.6600000858306885</ns3:Speed><ns3:Pace>0.37</ns3:Pace></ns3:TPX></Extensions></Trackpoint><Trackpoint><Time>2025-08-12T21:44:39Z</Time><Position><LatitudeDegrees>-8.05095527</LatitudeDegrees><LongitudeDegrees>-34.95333671</LongitudeDegrees></Position><HeartRateBpm><Value>171</Value></HeartRateBpm><Cadence>88</Cadence><Extensions><ns3:TPX><ns3:Speed>2.6600000858306885</ns3:Speed><ns3:Pace>0.37</ns3:Pace></ns3:TPX></Extensions></Trackpoint><Trackpoint><Time>2025-08-12T21:44:40Z</Time><Position><LatitudeDegrees>-8.05093195</LatitudeDegrees><LongitudeDegrees>-34.95333803</LongitudeDegrees></Position><HeartRateBpm><Value>171</Value></HeartRateBpm><Cadence>88</Cadence><Extensions><ns3:TPX><ns3:Speed>2.6600000858306885</ns3:Speed><ns3:Pace>0.37</ns3:Pace></ns3:TPX></Extensions></Trackpoint><Trackpoint><Time>2025-08-12T21:44:41Z</Time><Position><LatitudeDegrees>-8.05090929</LatitudeDegrees><LongitudeDegrees>-34.95333936</LongitudeDegrees></Position><HeartRateBpm><Value>172</Value></HeartRateBpm><Cadence>88</Cadence><Extensions><ns3:TPX><ns3:Speed>2.6600000858306885</ns3:Speed><ns3:Pace>0.37</ns3:Pace></ns3:TPX></Extensions></Trackpoint><Trackpoint><Time>2025-08-12T21:44:42Z</Time><Position><LatitudeDegrees>-8.05088796</LatitudeDegrees><LongitudeDegrees>-34.95334035</LongitudeDegrees></Position><HeartRateBpm><Value>172</Value></HeartRateBpm><Cadence>88</Cadence><Extensions><ns3:TPX><ns3:Speed>2.6500000953674316</ns3:Speed><ns3:Pace>0.37</ns3:Pace></ns3:TPX></Extensions></Trackpoint><Trackpoint><Time>2025-08-12T21:44:43Z</Time><Position><LatitudeDegrees>-8.0508663</LatitudeDegrees><LongitudeDegrees>-34.95334101</LongitudeDegrees></Position><HeartRateBpm><Value>172</Value></HeartRateBpm><Cadence>88</Cadence><Extensions><ns3:TPX><ns3:Speed>2.6500000953674316</ns3:Speed><ns3:Pace>0.37</ns3:Pace></ns3:TPX></Extensions></Trackpoint><Trackpoint><Time>2025-08-12T21:44:44Z</Time><Position><LatitudeDegrees>-8.0508453</LatitudeDegrees><LongitudeDegrees>-34.95334035</LongitudeDegrees></Position><HeartRateBpm><Value>171</Value></HeartRateBpm><Cadence>88</Cadence><Extensions><ns3:TPX><ns3:Speed>2.6500000953674316</ns3:Speed><ns3:Pace>0.37</ns3:Pace></ns3:TPX></Extensions></Trackpoint><Trackpoint><Time>2025-08-12T21:44:45Z</Time><Position><LatitudeDegrees>-8.05082498</LatitudeDegrees><LongitudeDegrees>-34.95333869</LongitudeDegrees></Position><HeartRateBpm><Value>171</Value></HeartRateBpm><Cadence>88</Cadence><Extensions><ns3:TPX><ns3:Speed>2.6500000953674316</ns3:Speed><ns3:Pace>0.37</ns3:Pace></ns3:TPX></Extensions></Trackpoint><Trackpoint><Time>2025-08-12T21:44:46Z</Time><Position><LatitudeDegrees>-8.05080432</LatitudeDegrees><LongitudeDegrees>-34.9533367</LongitudeDegrees></Position><HeartRateBpm><Value>171</Value></HeartRateBpm><Cadence>88</Cadence><Extensions><ns3:TPX><ns3:Speed>2.6500000953674316</ns3:Speed><ns3:Pace>0.37</ns3:Pace></ns3:TPX></Extensions></Trackpoint><Trackpoint><Time>2025-08-12T21:44:47Z</Time><Position><LatitudeDegrees>-8.05078366</LatitudeDegrees><LongitudeDegrees>-34.95333336</LongitudeDegrees></Position><HeartRateBpm><Value>173</Value></HeartRateBpm><Cadence>88</Cadence><Extensions><ns3:TPX><ns3:Speed>2.6500000953674316</ns3:Speed><ns3:Pace>0.37</ns3:Pace></ns3:TPX></Extensions></Trackpoint><Trackpoint><Time>2025-08-12T21:44:48Z</Time><Position><LatitudeDegrees>-8.05076233</LatitudeDegrees><LongitudeDegrees>-34.95332937</LongitudeDegrees></Position><HeartRateBpm><Value>173</Value></HeartRateBpm><Cadence>88</Cadence><Extensions><ns3:TPX><ns3:Speed>2.6500000953674316</ns3:Speed><ns3:Pace>0.37</ns3:Pace></ns3:TPX></Extensions></Trackpoint><Trackpoint><Time>2025-08-12T21:44:49Z</Time><Position><LatitudeDegrees>-8.05074068</LatitudeDegrees><LongitudeDegrees>-34.95332404</LongitudeDegrees></Position><HeartRateBpm><Value>173</Value></HeartRateBpm><Cadence>88</Cadence><Extensions><ns3:TPX><ns3:Speed>2.640000104904175</ns3:Speed><ns3:Pace>0.37</ns3:Pace></ns3:TPX></Extensions></Trackpoint><Trackpoint><Time>2025-08-12T21:44:50Z</Time><Position><LatitudeDegrees>-8.05071868</LatitudeDegrees><LongitudeDegrees>-34.95332038</LongitudeDegrees></Position><HeartRateBpm><Value>173</Value></HeartRateBpm><Cadence>88</Cadence><Extensions><ns3:TPX><ns3:Speed>2.640000104904175</ns3:Speed><ns3:Pace>0.37</ns3:Pace></ns3:TPX></Extensions></Trackpoint><Trackpoint><Time>2025-08-12T21:44:51Z</Time><Position><LatitudeDegrees>-8.05069669</LatitudeDegrees><LongitudeDegrees>-34.95331773</LongitudeDegrees></Position><HeartRateBpm><Value>174</Value></HeartRateBpm><Cadence>88</Cadence><Extensions><ns3:TPX><ns3:Speed>2.630000114440918</ns3:Speed><ns3:Pace>0.37</ns3:Pace></ns3:TPX></Extensions></Trackpoint><Trackpoint><Time>2025-08-12T21:44:52Z</Time><Position><LatitudeDegrees>-8.05067335</LatitudeDegrees><LongitudeDegrees>-34.95331474</LongitudeDegrees></Position><HeartRateBpm><Value>174</Value></HeartRateBpm><Cadence>88</Cadence><Extensions><ns3:TPX><ns3:Speed>2.630000114440918</ns3:Speed><ns3:Pace>0.37</ns3:Pace></ns3:TPX></Extensions></Trackpoint><Trackpoint><Time>2025-08-12T21:44:53Z</Time><Position><LatitudeDegrees>-8.05065136</LatitudeDegrees><LongitudeDegrees>-34.95331274</LongitudeDegrees></Position><HeartRateBpm><Value>174</Value></HeartRateBpm><Cadence>88</Cadence><Extensions><ns3:TPX><ns3:Speed>2.630000114440918</ns3:Speed><ns3:Pace>0.38</ns3:Pace></ns3:TPX></Extensions></Trackpoint><Trackpoint><Time>2025-08-12T21:44:54Z</Time><Position><LatitudeDegrees>-8.05062871</LatitudeDegrees><LongitudeDegrees>-34.9533104</LongitudeDegrees></Position><HeartRateBpm><Value>173</Value></HeartRateBpm><Cadence>86</Cadence><Extensions><ns3:TPX><ns3:Speed>2.630000114440918</ns3:Speed><ns3:Pace>0.38</ns3:Pace></ns3:TPX></Extensions></Trackpoint><Trackpoint><Time>2025-08-12T21:44:55Z</Time><Position><LatitudeDegrees>-8.05060637</LatitudeDegrees><LongitudeDegrees>-34.95330841</LongitudeDegrees></Position><HeartRateBpm><Value>174</Value></HeartRateBpm><Cadence>86</Cadence><Extensions><ns3:TPX><ns3:Speed>2.619999885559082</ns3:Speed><ns3:Pace>0.39</ns3:Pace></ns3:TPX></Extensions></Trackpoint><Trackpoint><Time>2025-08-12T21:44:56Z</Time><Position><LatitudeDegrees>-8.05058605</LatitudeDegrees><LongitudeDegrees>-34.95330576</LongitudeDegrees></Position><HeartRateBpm><Value>174</Value></HeartRateBpm><Cadence>86</Cadence><Extensions><ns3:TPX><ns3:Speed>2.549999952316284</ns3:Speed><ns3:Pace>0.4</ns3:Pace></ns3:TPX></Extensions></Trackpoint><Trackpoint><Time>2025-08-12T21:44:57Z</Time><Position><LatitudeDegrees>-8.05056906</LatitudeDegrees><LongitudeDegrees>-34.95330409</LongitudeDegrees></Position><HeartRateBpm><Value>174</Value></HeartRateBpm><Cadence>86</Cadence><Extensions><ns3:TPX><ns3:Speed>2.490000009536743</ns3:Speed><ns3:Pace>0.4</ns3:Pace></ns3:TPX></Extensions></Trackpoint><Trackpoint><Time>2025-08-12T21:44:58Z</Time><Position><LatitudeDegrees>-8.05055439</LatitudeDegrees><LongitudeDegrees>-34.9533031</LongitudeDegrees></Position><HeartRateBpm><Value>174</Value></HeartRateBpm><Cadence>86</Cadence><Extensions><ns3:TPX><ns3:Speed>2.490000009536743</ns3:Speed><ns3:Pace>0.4</ns3:Pace></ns3:TPX></Extensions></Trackpoint><Trackpoint><Time>2025-08-12T21:44:59Z</Time><Position><LatitudeDegrees>-8.05054174</LatitudeDegrees><LongitudeDegrees>-34.95330277</LongitudeDegrees></Position><HeartRateBpm><Value>173</Value></HeartRateBpm><Cadence>86</Cadence><Extensions><ns3:TPX><ns3:Speed>2.4800000190734863</ns3:Speed><ns3:Pace>0.4</ns3:Pace></ns3:TPX></Extensions></Trackpoint><Trackpoint><Time>2025-08-12T21:45:00Z</Time><Position><LatitudeDegrees>-8.05052907</LatitudeDegrees><LongitudeDegrees>-34.9533031</LongitudeDegrees></Position><HeartRateBpm><Value>173</Value></HeartRateBpm><Cadence>86</Cadence><Extensions><ns3:TPX><ns3:Speed>2.440000057220459</ns3:Speed><ns3:Pace>0.45</ns3:Pace></ns3:TPX></Extensions></Trackpoint><Trackpoint><Time>2025-08-12T21:45:01Z</Time><Position><LatitudeDegrees>-8.0505164</LatitudeDegrees><LongitudeDegrees>-34.95330442</LongitudeDegrees></Position><HeartRateBpm><Value>172</Value></HeartRateBpm><Cadence>86</Cadence><Extensions><ns3:TPX><ns3:Speed>2.2100000381469727</ns3:Speed><ns3:Pace>0.53</ns3:Pace></ns3:TPX></Extensions></Trackpoint><Trackpoint><Time>2025-08-12T21:45:02Z</Time><Position><LatitudeDegrees>-8.05050541</LatitudeDegrees><LongitudeDegrees>-34.95330642</LongitudeDegrees></Position><HeartRateBpm><Value>173</Value></HeartRateBpm><Cadence>86</Cadence><Extensions><ns3:TPX><ns3:Speed>1.8700000047683716</ns3:Speed><ns3:Pace>0.63</ns3:Pace></ns3:TPX></Extensions></Trackpoint><Trackpoint><Time>2025-08-12T21:45:03Z</Time><Position><LatitudeDegrees>-8.05049475</LatitudeDegrees><LongitudeDegrees>-34.95330842</LongitudeDegrees></Position><HeartRateBpm><Value>172</Value></HeartRateBpm><Cadence>86</Cadence><Extensions><ns3:TPX><ns3:Speed>1.5800000429153442</ns3:Speed><ns3:Pace>0.63</ns3:Pace></ns3:TPX></Extensions></Trackpoint><Trackpoint><Time>2025-08-12T21:45:04Z</Time><Position><LatitudeDegrees>-8.05048409</LatitudeDegrees><LongitudeDegrees>-34.95330842</LongitudeDegrees></Position><HeartRateBpm><Value>172</Value></HeartRateBpm><Cadence>86</Cadence><Extensions><ns3:TPX><ns3:Speed>1.5800000429153442</ns3:Speed><ns3:Pace>0.72</ns3:Pace></ns3:TPX></Extensions></Trackpoint><Trackpoint><Time>2025-08-12T21:45:05Z</Time><Position><LatitudeDegrees>-8.05047477</LatitudeDegrees><LongitudeDegrees>-34.95330642</LongitudeDegrees></Position><HeartRateBpm><Value>172</Value></HeartRateBpm><Cadence>86</Cadence><Extensions><ns3:TPX><ns3:Speed>1.3799999952316284</ns3:Speed><ns3:Pace>0.76</ns3:Pace></ns3:TPX></Extensions></Trackpoint><Trackpoint><Time>2025-08-12T21:45:06Z</Time><Position><LatitudeDegrees>-8.05046744</LatitudeDegrees><LongitudeDegrees>-34.95330442</LongitudeDegrees></Position><HeartRateBpm><Value>172</Value></HeartRateBpm><Cadence>86</Cadence><Extensions><ns3:TPX><ns3:Speed>1.2999999523162842</ns3:Speed><ns3:Pace>0.79</ns3:Pace></ns3:TPX></Extensions></Trackpoint><Trackpoint><Time>2025-08-12T21:45:07Z</Time><Position><LatitudeDegrees>-8.05045978</LatitudeDegrees><LongitudeDegrees>-34.95330442</LongitudeDegrees></Position><HeartRateBpm><Value>172</Value></HeartRateBpm><Cadence>86</Cadence><Extensions><ns3:TPX><ns3:Speed>1.2599999904632568</ns3:Speed><ns3:Pace>0.81</ns3:Pace></ns3:TPX></Extensions></Trackpoint><Trackpoint><Time>2025-08-12T21:45:08Z</Time><Position><LatitudeDegrees>-8.05045278</LatitudeDegrees><LongitudeDegrees>-34.95330576</LongitudeDegrees></Position><HeartRateBpm><Value>173</Value></HeartRateBpm><Cadence>86</Cadence><Extensions><ns3:TPX><ns3:Speed>1.2200000286102295</ns3:Speed><ns3:Pace>0.86</ns3:Pace></ns3:TPX></Extensions></Trackpoint><Trackpoint><Time>2025-08-12T21:45:09Z</Time><Position><LatitudeDegrees>-8.05044379</LatitudeDegrees><LongitudeDegrees>-34.95330808</LongitudeDegrees></Position><HeartRateBpm><Value>173</Value></HeartRateBpm><Cadence>86</Cadence><Extensions><ns3:TPX><ns3:Speed>1.149999976158142</ns3:Speed><ns3:Pace>0.86</ns3:Pace></ns3:TPX></Extensions></Trackpoint><Trackpoint><Time>2025-08-12T21:45:10Z</Time><Position><LatitudeDegrees>-8.05043479</LatitudeDegrees><LongitudeDegrees>-34.95330841</LongitudeDegrees></Position><HeartRateBpm><Value>173</Value></HeartRateBpm><Cadence>86</Cadence><Extensions><ns3:TPX><ns3:Speed>1.149999976158142</ns3:Speed><ns3:Pace>0.92</ns3:Pace></ns3:TPX></Extensions></Trackpoint><Trackpoint><Time>2025-08-12T21:45:11Z</Time><Position><LatitudeDegrees>-8.0504248</LatitudeDegrees><LongitudeDegrees>-34.95330508</LongitudeDegrees></Position><HeartRateBpm><Value>173</Value></HeartRateBpm><Cadence>86</Cadence><Extensions><ns3:TPX><ns3:Speed>1.0700000524520874</ns3:Speed><ns3:Pace>0.96</ns3:Pace></ns3:TPX></Extensions></Trackpoint><Trackpoint><Time>2025-08-12T21:45:12Z</Time><Position><LatitudeDegrees>-8.0504148</LatitudeDegrees><LongitudeDegrees>-34.95330209</LongitudeDegrees></Position><HeartRateBpm><Value>173</Value></HeartRateBpm><Cadence>86</Cadence><Extensions><ns3:TPX><ns3:Speed>1.0399999618530273</ns3:Speed><ns3:Pace>0.96</ns3:Pace></ns3:TPX></Extensions></Trackpoint><Trackpoint><Time>2025-08-12T21:45:13Z</Time><Position><LatitudeDegrees>-8.05040414</LatitudeDegrees><LongitudeDegrees>-34.95330043</LongitudeDegrees></Position><HeartRateBpm><Value>173</Value></HeartRateBpm><Cadence>65</Cadence><Extensions><ns3:TPX><ns3:Speed>1.0399999618530273</ns3:Speed><ns3:Pace>0.95</ns3:Pace></ns3:TPX></Extensions></Trackpoint><Trackpoint><Time>2025-08-12T21:45:14Z</Time><Position><LatitudeDegrees>-8.05039348</LatitudeDegrees><LongitudeDegrees>-34.95329843</LongitudeDegrees></Position><HeartRateBpm><Value>173</Value></HeartRateBpm><Cadence>65</Cadence><Extensions><ns3:TPX><ns3:Speed>1.0399999618530273</ns3:Speed><ns3:Pace>0.94</ns3:Pace></ns3:TPX></Extensions></Trackpoint><Trackpoint><Time>2025-08-12T21:45:15Z</Time><Position><LatitudeDegrees>-8.05038216</LatitudeDegrees><LongitudeDegrees>-34.95329643</LongitudeDegrees></Position><HeartRateBpm><Value>173</Value></HeartRateBpm><Cadence>65</Cadence><Extensions><ns3:TPX><ns3:Speed>1.059999942779541</ns3:Speed><ns3:Pace>0.94</ns3:Pace></ns3:TPX></Extensions></Trackpoint><Trackpoint><Time>2025-08-12T21:45:16Z</Time><Position><LatitudeDegrees>-8.05037084</LatitudeDegrees><LongitudeDegrees>-34.95329444</LongitudeDegrees></Position><HeartRateBpm><Value>173</Value></HeartRateBpm><Cadence>65</Cadence><Extensions><ns3:TPX><ns3:Speed>1.059999942779541</ns3:Speed><ns3:Pace>0.89</ns3:Pace></ns3:TPX></Extensions></Trackpoint><Trackpoint><Time>2025-08-12T21:45:17Z</Time><Position><LatitudeDegrees>-8.0503595</LatitudeDegrees><LongitudeDegrees>-34.95329211</LongitudeDegrees></Position><HeartRateBpm><Value>174</Value></HeartRateBpm><Cadence>65</Cadence><Extensions><ns3:TPX><ns3:Speed>1.1100000143051147</ns3:Speed><ns3:Pace>0.84</ns3:Pace></ns3:TPX></Extensions></Trackpoint><Trackpoint><Time>2025-08-12T21:45:18Z</Time><Position><LatitudeDegrees>-8.05034751</LatitudeDegrees><LongitudeDegrees>-34.95329011</LongitudeDegrees></Position><HeartRateBpm><Value>174</Value></HeartRateBpm><Cadence>65</Cadence><Extensions><ns3:TPX><ns3:Speed>1.1799999475479126</ns3:Speed><ns3:Pace>0.81</ns3:Pace></ns3:TPX></Extensions></Trackpoint><Trackpoint><Time>2025-08-12T21:45:19Z</Time><Position><LatitudeDegrees>-8.05033651</LatitudeDegrees><LongitudeDegrees>-34.95328645</LongitudeDegrees></Position><HeartRateBpm><Value>175</Value></HeartRateBpm><Cadence>65</Cadence><Extensions><ns3:TPX><ns3:Speed>1.2300000190734863</ns3:Speed><ns3:Pace>0.79</ns3:Pace></ns3:TPX></Extensions></Trackpoint><Trackpoint><Time>2025-08-12T21:45:20Z</Time><Position><LatitudeDegrees>-8.05032485</LatitudeDegrees><LongitudeDegrees>-34.95328346</LongitudeDegrees></Position><HeartRateBpm><Value>175</Value></HeartRateBpm><Cadence>65</Cadence><Extensions><ns3:TPX><ns3:Speed>1.2599999904632568</ns3:Speed><ns3:Pace>0.78</ns3:Pace></ns3:TPX></Extensions></Trackpoint><Trackpoint><Time>2025-08-12T21:45:21Z</Time><Position><LatitudeDegrees>-8.05031219</LatitudeDegrees><LongitudeDegrees>-34.95328047</LongitudeDegrees></Position><HeartRateBpm><Value>177</Value></HeartRateBpm><Cadence>65</Cadence><Extensions><ns3:TPX><ns3:Speed>1.2699999809265137</ns3:Speed><ns3:Pace>0.78</ns3:Pace></ns3:TPX></Extensions></Trackpoint><Trackpoint><Time>2025-08-12T21:45:22Z</Time><Position><LatitudeDegrees>-8.05029919</LatitudeDegrees><LongitudeDegrees>-34.95327714</LongitudeDegrees></Position><HeartRateBpm><Value>177</Value></HeartRateBpm><Cadence>65</Cadence><Extensions><ns3:TPX><ns3:Speed>1.2699999809265137</ns3:Speed><ns3:Pace>0.77</ns3:Pace></ns3:TPX></Extensions></Trackpoint><Trackpoint><Time>2025-08-12T21:45:23Z</Time><Position><LatitudeDegrees>-8.05028686</LatitudeDegrees><LongitudeDegrees>-34.95327382</LongitudeDegrees></Position><HeartRateBpm><Value>179</Value></HeartRateBpm><Cadence>65</Cadence><Extensions><ns3:TPX><ns3:Speed>1.2899999618530273</ns3:Speed><ns3:Pace>0.75</ns3:Pace></ns3:TPX></Extensions></Trackpoint><Trackpoint><Time>2025-08-12T21:45:24Z</Time><Position><LatitudeDegrees>-8.05027453</LatitudeDegrees><LongitudeDegrees>-34.95327216</LongitudeDegrees></Position><HeartRateBpm><Value>180</Value></HeartRateBpm><Cadence>65</Cadence><Extensions><ns3:TPX><ns3:Speed>1.309999942779541</ns3:Speed><ns3:Pace>0.74</ns3:Pace></ns3:TPX></Extensions></Trackpoint><Trackpoint><Time>2025-08-12T21:45:25Z</Time><Position><LatitudeDegrees>-8.05026287</LatitudeDegrees><LongitudeDegrees>-34.95327083</LongitudeDegrees></Position><HeartRateBpm><Value>179</Value></HeartRateBpm><Cadence>65</Cadence><Extensions><ns3:TPX><ns3:Speed>1.3300000429153442</ns3:Speed><ns3:Pace>0.74</ns3:Pace></ns3:TPX></Extensions></Trackpoint><Trackpoint><Time>2025-08-12T21:45:26Z</Time><Position><LatitudeDegrees>-8.05025254</LatitudeDegrees><LongitudeDegrees>-34.95326849</LongitudeDegrees></Position><HeartRateBpm><Value>179</Value></HeartRateBpm><Cadence>65</Cadence><Extensions><ns3:TPX><ns3:Speed>1.350000023841858</ns3:Speed><ns3:Pace>0.73</ns3:Pace></ns3:TPX></Extensions></Trackpoint><Trackpoint><Time>2025-08-12T21:45:27Z</Time><Position><LatitudeDegrees>-8.05024221</LatitudeDegrees><LongitudeDegrees>-34.9532665</LongitudeDegrees></Position><HeartRateBpm><Value>179</Value></HeartRateBpm><Cadence>65</Cadence><Extensions><ns3:TPX><ns3:Speed>1.350000023841858</ns3:Speed><ns3:Pace>0.73</ns3:Pace></ns3:TPX></Extensions></Trackpoint><Trackpoint><Time>2025-08-12T21:45:28Z</Time><Position><LatitudeDegrees>-8.05023155</LatitudeDegrees><LongitudeDegrees>-34.95326517</LongitudeDegrees></Position><HeartRateBpm><Value>179</Value></HeartRateBpm><Cadence>65</Cadence><Extensions><ns3:TPX><ns3:Speed>1.350000023841858</ns3:Speed><ns3:Pace>0.73</ns3:Pace></ns3:TPX></Extensions></Trackpoint><Trackpoint><Time>2025-08-12T21:45:29Z</Time><Position><LatitudeDegrees>-8.05022023</LatitudeDegrees><LongitudeDegrees>-34.95326351</LongitudeDegrees></Position><HeartRateBpm><Value>179</Value></HeartRateBpm><Cadence>62</Cadence><Extensions><ns3:TPX><ns3:Speed>1.350000023841858</ns3:Speed><ns3:Pace>0.74</ns3:Pace></ns3:TPX></Extensions></Trackpoint><Trackpoint><Time>2025-08-12T21:45:30Z</Time><Position><LatitudeDegrees>-8.05020923</LatitudeDegrees><LongitudeDegrees>-34.95326218</LongitudeDegrees></Position><HeartRateBpm><Value>178</Value></HeartRateBpm><Cadence>62</Cadence><Extensions><ns3:TPX><ns3:Speed>1.340000033378601</ns3:Speed><ns3:Pace>0.77</ns3:Pace></ns3:TPX></Extensions></Trackpoint><Trackpoint><Time>2025-08-12T21:45:31Z</Time><Position><LatitudeDegrees>-8.05019791</LatitudeDegrees><LongitudeDegrees>-34.95326152</LongitudeDegrees></Position><HeartRateBpm><Value>177</Value></HeartRateBpm><Cadence>62</Cadence><Extensions><ns3:TPX><ns3:Speed>1.2899999618530273</ns3:Speed><ns3:Pace>0.79</ns3:Pace></ns3:TPX></Extensions></Trackpoint><Trackpoint><Time>2025-08-12T21:45:32Z</Time><Position><LatitudeDegrees>-8.05018691</LatitudeDegrees><LongitudeDegrees>-34.9532612</LongitudeDegrees></Position><HeartRateBpm><Value>176</Value></HeartRateBpm><Cadence>61</Cadence><Extensions><ns3:TPX><ns3:Speed>1.25</ns3:Speed><ns3:Pace>0.8</ns3:Pace></ns3:TPX></Extensions></Trackpoint><Trackpoint><Time>2025-08-12T21:45:33Z</Time><Position><LatitudeDegrees>-8.05017525</LatitudeDegrees><LongitudeDegrees>-34.95326053</LongitudeDegrees></Position><HeartRateBpm><Value>175</Value></HeartRateBpm><Cadence>61</Cadence><Extensions><ns3:TPX><ns3:Speed>1.2300000190734863</ns3:Speed><ns3:Pace>0.81</ns3:Pace></ns3:TPX></Extensions></Trackpoint><Trackpoint><Time>2025-08-12T21:45:34Z</Time><Position><LatitudeDegrees>-8.05016326</LatitudeDegrees><LongitudeDegrees>-34.95325954</LongitudeDegrees></Position><HeartRateBpm><Value>174</Value></HeartRateBpm><Cadence>61</Cadence><Extensions><ns3:TPX><ns3:Speed>1.2300000190734863</ns3:Speed><ns3:Pace>0.81</ns3:Pace></ns3:TPX></Extensions></Trackpoint><Trackpoint><Time>2025-08-12T21:45:35Z</Time><Position><LatitudeDegrees>-8.05015059</LatitudeDegrees><LongitudeDegrees>-34.95325889</LongitudeDegrees></Position><HeartRateBpm><Value>174</Value></HeartRateBpm><Cadence>61</Cadence><Extensions><ns3:TPX><ns3:Speed>1.2300000190734863</ns3:Speed><ns3:Pace>0.81</ns3:Pace></ns3:TPX></Extensions></Trackpoint><Trackpoint><Time>2025-08-12T21:45:36Z</Time><Position><LatitudeDegrees>-8.05013826</LatitudeDegrees><LongitudeDegrees>-34.95325889</LongitudeDegrees></Position><HeartRateBpm><Value>174</Value></HeartRateBpm><Cadence>61</Cadence><Extensions><ns3:TPX><ns3:Speed>1.2300000190734863</ns3:Speed><ns3:Pace>0.81</ns3:Pace></ns3:TPX></Extensions></Trackpoint><Trackpoint><Time>2025-08-12T21:45:37Z</Time><Position><LatitudeDegrees>-8.05012559</LatitudeDegrees><LongitudeDegrees>-34.95325988</LongitudeDegrees></Position><HeartRateBpm><Value>175</Value></HeartRateBpm><Cadence>61</Cadence><Extensions><ns3:TPX><ns3:Speed>1.2300000190734863</ns3:Speed><ns3:Pace>0.8</ns3:Pace></ns3:TPX></Extensions></Trackpoint><Trackpoint><Time>2025-08-12T21:45:38Z</Time><Position><LatitudeDegrees>-8.05011194</LatitudeDegrees><LongitudeDegrees>-34.95326188</LongitudeDegrees></Position><HeartRateBpm><Value>175</Value></HeartRateBpm><Cadence>61</Cadence><Extensions><ns3:TPX><ns3:Speed>1.2300000190734863</ns3:Speed><ns3:Pace>0.8</ns3:Pace></ns3:TPX></Extensions></Trackpoint><Trackpoint><Time>2025-08-12T21:45:39Z</Time><Position><LatitudeDegrees>-8.05009794</LatitudeDegrees><LongitudeDegrees>-34.95326253</LongitudeDegrees></Position><HeartRateBpm><Value>175</Value></HeartRateBpm><Cadence>61</Cadence><Extensions><ns3:TPX><ns3:Speed>1.2300000190734863</ns3:Speed><ns3:Pace>0.8</ns3:Pace></ns3:TPX></Extensions></Trackpoint><Trackpoint><Time>2025-08-12T21:45:40Z</Time><Position><LatitudeDegrees>-8.05008527</LatitudeDegrees><LongitudeDegrees>-34.95326319</LongitudeDegrees></Position><HeartRateBpm><Value>174</Value></HeartRateBpm><Cadence>62</Cadence><Extensions><ns3:TPX><ns3:Speed>1.2400000095367432</ns3:Speed><ns3:Pace>0.8</ns3:Pace></ns3:TPX></Extensions></Trackpoint><Trackpoint><Time>2025-08-12T21:45:41Z</Time><Position><LatitudeDegrees>-8.05007461</LatitudeDegrees><LongitudeDegrees>-34.9532622</LongitudeDegrees></Position><HeartRateBpm><Value>174</Value></HeartRateBpm><Cadence>62</Cadence><Extensions><ns3:TPX><ns3:Speed>1.2400000095367432</ns3:Speed><ns3:Pace>0.8</ns3:Pace></ns3:TPX></Extensions></Trackpoint><Trackpoint><Time>2025-08-12T21:45:42Z</Time><Position><LatitudeDegrees>-8.05006496</LatitudeDegrees><LongitudeDegrees>-34.95326188</LongitudeDegrees></Position><HeartRateBpm><Value>173</Value></HeartRateBpm><Cadence>61</Cadence><Extensions><ns3:TPX><ns3:Speed>1.25</ns3:Speed><ns3:Pace>0.79</ns3:Pace></ns3:TPX></Extensions></Trackpoint><Trackpoint><Time>2025-08-12T21:45:43Z</Time><Position><LatitudeDegrees>-8.05005596</LatitudeDegrees><LongitudeDegrees>-34.95326188</LongitudeDegrees></Position><HeartRateBpm><Value>173</Value></HeartRateBpm><Cadence>61</Cadence><Extensions><ns3:TPX><ns3:Speed>1.25</ns3:Speed><ns3:Pace>0.79</ns3:Pace></ns3:TPX></Extensions></Trackpoint><Trackpoint><Time>2025-08-12T21:45:44Z</Time><Position><LatitudeDegrees>-8.0500473</LatitudeDegrees><LongitudeDegrees>-34.95326253</LongitudeDegrees></Position><HeartRateBpm><Value>173</Value></HeartRateBpm><Cadence>61</Cadence><Extensions><ns3:TPX><ns3:Speed>1.25</ns3:Speed><ns3:Pace>0.79</ns3:Pace></ns3:TPX></Extensions></Trackpoint><Trackpoint><Time>2025-08-12T21:45:45Z</Time><Position><LatitudeDegrees>-8.05003931</LatitudeDegrees><LongitudeDegrees>-34.9532642</LongitudeDegrees></Position><HeartRateBpm><Value>173</Value></HeartRateBpm><Cadence>61</Cadence><Extensions><ns3:TPX><ns3:Speed>1.2599999904632568</ns3:Speed><ns3:Pace>0.79</ns3:Pace></ns3:TPX></Extensions></Trackpoint><Trackpoint><Time>2025-08-12T21:45:46Z</Time><Position><LatitudeDegrees>-8.05003098</LatitudeDegrees><LongitudeDegrees>-34.95326519</LongitudeDegrees></Position><HeartRateBpm><Value>173</Value></HeartRateBpm><Cadence>61</Cadence><Extensions><ns3:TPX><ns3:Speed>1.2599999904632568</ns3:Speed><ns3:Pace>0.79</ns3:Pace></ns3:TPX></Extensions></Trackpoint><Trackpoint><Time>2025-08-12T21:45:47Z</Time><Position><LatitudeDegrees>-8.05002298</LatitudeDegrees><LongitudeDegrees>-34.95326652</LongitudeDegrees></Position><HeartRateBpm><Value>173</Value></HeartRateBpm><Cadence>61</Cadence><Extensions><ns3:TPX><ns3:Speed>1.2599999904632568</ns3:Speed><ns3:Pace>0.79</ns3:Pace></ns3:TPX></Extensions></Trackpoint><Trackpoint><Time>2025-08-12T21:45:48Z</Time><Position><LatitudeDegrees>-8.05001432</LatitudeDegrees><LongitudeDegrees>-34.95326718</LongitudeDegrees></Position><HeartRateBpm><Value>174</Value></HeartRateBpm><Cadence>61</Cadence><Extensions><ns3:TPX><ns3:Speed>1.2599999904632568</ns3:Speed><ns3:Pace>0.79</ns3:Pace></ns3:TPX></Extensions></Trackpoint><Trackpoint><Time>2025-08-12T21:45:49Z</Time><Position><LatitudeDegrees>-8.05000433</LatitudeDegrees><LongitudeDegrees>-34.95326686</LongitudeDegrees></Position><HeartRateBpm><Value>174</Value></HeartRateBpm><Cadence>60</Cadence><Extensions><ns3:TPX><ns3:Speed>1.25</ns3:Speed><ns3:Pace>0.8</ns3:Pace></ns3:TPX></Extensions></Trackpoint><Trackpoint><Time>2025-08-12T21:45:50Z</Time><Position><LatitudeDegrees>-8.049994</LatitudeDegrees><LongitudeDegrees>-34.95326653</LongitudeDegrees></Position><HeartRateBpm><Value>174</Value></HeartRateBpm><Cadence>60</Cadence><Extensions><ns3:TPX><ns3:Speed>1.25</ns3:Speed><ns3:Pace>0.8</ns3:Pace></ns3:TPX></Extensions></Trackpoint><Trackpoint><Time>2025-08-12T21:45:51Z</Time><Position><LatitudeDegrees>-8.04998266</LatitudeDegrees><LongitudeDegrees>-34.95326453</LongitudeDegrees></Position><HeartRateBpm><Value>173</Value></HeartRateBpm><Cadence>60</Cadence><Extensions><ns3:TPX><ns3:Speed>1.2400000095367432</ns3:Speed><ns3:Pace>0.81</ns3:Pace></ns3:TPX></Extensions></Trackpoint><Trackpoint><Time>2025-08-12T21:45:52Z</Time><Position><LatitudeDegrees>-8.04997067</LatitudeDegrees><LongitudeDegrees>-34.9532622</LongitudeDegrees></Position><HeartRateBpm><Value>172</Value></HeartRateBpm><Cadence>60</Cadence><Extensions><ns3:TPX><ns3:Speed>1.2300000190734863</ns3:Speed><ns3:Pace>0.81</ns3:Pace></ns3:TPX></Extensions></Trackpoint><Trackpoint><Time>2025-08-12T21:45:53Z</Time><Position><LatitudeDegrees>-8.04995901</LatitudeDegrees><LongitudeDegrees>-34.95325953</LongitudeDegrees></Position><HeartRateBpm><Value>172</Value></HeartRateBpm><Cadence>60</Cadence><Extensions><ns3:TPX><ns3:Speed>1.2300000190734863</ns3:Speed><ns3:Pace>0.81</ns3:Pace></ns3:TPX></Extensions></Trackpoint><Trackpoint><Time>2025-08-12T21:45:54Z</Time><Position><LatitudeDegrees>-8.04994767</LatitudeDegrees><LongitudeDegrees>-34.9532572</LongitudeDegrees></Position><HeartRateBpm><Value>170</Value></HeartRateBpm><Cadence>60</Cadence><Extensions><ns3:TPX><ns3:Speed>1.2200000286102295</ns3:Speed><ns3:Pace>0.82</ns3:Pace></ns3:TPX></Extensions></Trackpoint><Trackpoint><Time>2025-08-12T21:45:55Z</Time><Position><LatitudeDegrees>-8.04993502</LatitudeDegrees><LongitudeDegrees>-34.95325388</LongitudeDegrees></Position><HeartRateBpm><Value>170</Value></HeartRateBpm><Cadence>60</Cadence><Extensions><ns3:TPX><ns3:Speed>1.2100000381469727</ns3:Speed><ns3:Pace>0.82</ns3:Pace></ns3:TPX></Extensions></Trackpoint><Trackpoint><Time>2025-08-12T21:45:56Z</Time><Position><LatitudeDegrees>-8.04992136</LatitudeDegrees><LongitudeDegrees>-34.95325121</LongitudeDegrees></Position><HeartRateBpm><Value>171</Value></HeartRateBpm><Cadence>60</Cadence><Extensions><ns3:TPX><ns3:Speed>1.2100000381469727</ns3:Speed><ns3:Pace>0.82</ns3:Pace></ns3:TPX></Extensions></Trackpoint><Trackpoint><Time>2025-08-12T21:45:57Z</Time><Position><LatitudeDegrees>-8.0499077</LatitudeDegrees><LongitudeDegrees>-34.95324789</LongitudeDegrees></Position><HeartRateBpm><Value>171</Value></HeartRateBpm><Cadence>61</Cadence><Extensions><ns3:TPX><ns3:Speed>1.2100000381469727</ns3:Speed><ns3:Pace>0.82</ns3:Pace></ns3:TPX></Extensions></Trackpoint><Trackpoint><Time>2025-08-12T21:45:58Z</Time><Position><LatitudeDegrees>-8.04989337</LatitudeDegrees><LongitudeDegrees>-34.95324389</LongitudeDegrees></Position><HeartRateBpm><Value>171</Value></HeartRateBpm><Cadence>61</Cadence><Extensions><ns3:TPX><ns3:Speed>1.2100000381469727</ns3:Speed><ns3:Pace>0.82</ns3:Pace></ns3:TPX></Extensions></Trackpoint><Trackpoint><Time>2025-08-12T21:45:59Z</Time><Position><LatitudeDegrees>-8.0498807</LatitudeDegrees><LongitudeDegrees>-34.95324023</LongitudeDegrees></Position><HeartRateBpm><Value>171</Value></HeartRateBpm><Cadence>61</Cadence><Extensions><ns3:TPX><ns3:Speed>1.2100000381469727</ns3:Speed><ns3:Pace>0.82</ns3:Pace></ns3:TPX></Extensions></Trackpoint><Trackpoint><Time>2025-08-12T21:46:00Z</Time><Position><LatitudeDegrees>-8.04986771</LatitudeDegrees><LongitudeDegrees>-34.95323691</LongitudeDegrees></Position><HeartRateBpm><Value>170</Value></HeartRateBpm><Cadence>61</Cadence><Extensions><ns3:TPX><ns3:Speed>1.2100000381469727</ns3:Speed><ns3:Pace>0.82</ns3:Pace></ns3:TPX></Extensions></Trackpoint><Trackpoint><Time>2025-08-12T21:46:01Z</Time><Position><LatitudeDegrees>-8.04985538</LatitudeDegrees><LongitudeDegrees>-34.95323592</LongitudeDegrees></Position><HeartRateBpm><Value>170</Value></HeartRateBpm><Cadence>61</Cadence><Extensions><ns3:TPX><ns3:Speed>1.2100000381469727</ns3:Speed><ns3:Pace>0.81</ns3:Pace></ns3:TPX></Extensions></Trackpoint><Trackpoint><Time>2025-08-12T21:46:02Z</Time><Position><LatitudeDegrees>-8.04984339</LatitudeDegrees><LongitudeDegrees>-34.95323657</LongitudeDegrees></Position><HeartRateBpm><Value>170</Value></HeartRateBpm><Cadence>61</Cadence><Extensions><ns3:TPX><ns3:Speed>1.2200000286102295</ns3:Speed><ns3:Pace>0.81</ns3:Pace></ns3:TPX></Extensions></Trackpoint><Trackpoint><Time>2025-08-12T21:46:03Z</Time><Position><LatitudeDegrees>-8.04983239</LatitudeDegrees><LongitudeDegrees>-34.95323723</LongitudeDegrees></Position><HeartRateBpm><Value>170</Value></HeartRateBpm><Cadence>61</Cadence><Extensions><ns3:TPX><ns3:Speed>1.2200000286102295</ns3:Speed><ns3:Pace>0.81</ns3:Pace></ns3:TPX></Extensions></Trackpoint><Trackpoint><Time>2025-08-12T21:46:04Z</Time><Position><LatitudeDegrees>-8.04982107</LatitudeDegrees><LongitudeDegrees>-34.95323723</LongitudeDegrees></Position><HeartRateBpm><Value>170</Value></HeartRateBpm><Cadence>61</Cadence><Extensions><ns3:TPX><ns3:Speed>1.2300000190734863</ns3:Speed><ns3:Pace>0.81</ns3:Pace></ns3:TPX></Extensions></Trackpoint><Trackpoint><Time>2025-08-12T21:46:05Z</Time><Position><LatitudeDegrees>-8.04981008</LatitudeDegrees><LongitudeDegrees>-34.95323723</LongitudeDegrees></Position><HeartRateBpm><Value>170</Value></HeartRateBpm><Cadence>61</Cadence><Extensions><ns3:TPX><ns3:Speed>1.2300000190734863</ns3:Speed><ns3:Pace>0.81</ns3:Pace></ns3:TPX></Extensions></Trackpoint><Trackpoint><Time>2025-08-12T21:46:06Z</Time><Position><LatitudeDegrees>-8.04980008</LatitudeDegrees><LongitudeDegrees>-34.95323789</LongitudeDegrees></Position><HeartRateBpm><Value>170</Value></HeartRateBpm><Cadence>61</Cadence><Extensions><ns3:TPX><ns3:Speed>1.2300000190734863</ns3:Speed><ns3:Pace>0.8</ns3:Pace></ns3:TPX></Extensions></Trackpoint><Trackpoint><Time>2025-08-12T21:46:07Z</Time><Position><LatitudeDegrees>-8.04979009</LatitudeDegrees><LongitudeDegrees>-34.95323889</LongitudeDegrees></Position><HeartRateBpm><Value>170</Value></HeartRateBpm><Cadence>61</Cadence><Extensions><ns3:TPX><ns3:Speed>1.2300000190734863</ns3:Speed><ns3:Pace>0.8</ns3:Pace></ns3:TPX></Extensions></Trackpoint><Trackpoint><Time>2025-08-12T21:46:08Z</Time><Position><LatitudeDegrees>-8.04977943</LatitudeDegrees><LongitudeDegrees>-34.95323954</LongitudeDegrees></Position><HeartRateBpm><Value>171</Value></HeartRateBpm><Cadence>61</Cadence><Extensions><ns3:TPX><ns3:Speed>1.2300000190734863</ns3:Speed><ns3:Pace>0.8</ns3:Pace></ns3:TPX></Extensions></Trackpoint><Trackpoint><Time>2025-08-12T21:46:09Z</Time><Position><LatitudeDegrees>-8.04976976</LatitudeDegrees><LongitudeDegrees>-34.95324087</LongitudeDegrees></Position><HeartRateBpm><Value>173</Value></HeartRateBpm><Cadence>61</Cadence><Extensions><ns3:TPX><ns3:Speed>1.2300000190734863</ns3:Speed><ns3:Pace>0.8</ns3:Pace></ns3:TPX></Extensions></Trackpoint><Trackpoint><Time>2025-08-12T21:46:10Z</Time><Position><LatitudeDegrees>-8.04975944</LatitudeDegrees><LongitudeDegrees>-34.95324187</LongitudeDegrees></Position><HeartRateBpm><Value>174</Value></HeartRateBpm><Cadence>61</Cadence><Extensions><ns3:TPX><ns3:Speed>1.2300000190734863</ns3:Speed><ns3:Pace>0.8</ns3:Pace></ns3:TPX></Extensions></Trackpoint><Trackpoint><Time>2025-08-12T21:46:11Z</Time><Position><LatitudeDegrees>-8.04974844</LatitudeDegrees><LongitudeDegrees>-34.95324386</LongitudeDegrees></Position><HeartRateBpm><Value>174</Value></HeartRateBpm><Cadence>61</Cadence><Extensions><ns3:TPX><ns3:Speed>1.2300000190734863</ns3:Speed><ns3:Pace>0.8</ns3:Pace></ns3:TPX></Extensions></Trackpoint><Trackpoint><Time>2025-08-12T21:46:12Z</Time><Position><LatitudeDegrees>-8.04973678</LatitudeDegrees><LongitudeDegrees>-34.95324586</LongitudeDegrees></Position><HeartRateBpm><Value>174</Value></HeartRateBpm><Cadence>61</Cadence><Extensions><ns3:TPX><ns3:Speed>1.2300000190734863</ns3:Speed><ns3:Pace>0.81</ns3:Pace></ns3:TPX></Extensions></Trackpoint><Trackpoint><Time>2025-08-12T21:46:13Z</Time><Position><LatitudeDegrees>-8.04972479</LatitudeDegrees><LongitudeDegrees>-34.95324851</LongitudeDegrees></Position><HeartRateBpm><Value>173</Value></HeartRateBpm><Cadence>61</Cadence><Extensions><ns3:TPX><ns3:Speed>1.2300000190734863</ns3:Speed><ns3:Pace>0.81</ns3:Pace></ns3:TPX></Extensions></Trackpoint><Trackpoint><Time>2025-08-12T21:46:14Z</Time><Position><LatitudeDegrees>-8.04971046</LatitudeDegrees><LongitudeDegrees>-34.95325051</LongitudeDegrees></Position><HeartRateBpm><Value>174</Value></HeartRateBpm><Cadence>61</Cadence><Extensions><ns3:TPX><ns3:Speed>1.2300000190734863</ns3:Speed><ns3:Pace>0.81</ns3:Pace></ns3:TPX></Extensions></Trackpoint><Trackpoint><Time>2025-08-12T21:46:15Z</Time><Position><LatitudeDegrees>-8.04969547</LatitudeDegrees><LongitudeDegrees>-34.95325417</LongitudeDegrees></Position><HeartRateBpm><Value>174</Value></HeartRateBpm><Cadence>61</Cadence><Extensions><ns3:TPX><ns3:Speed>1.2200000286102295</ns3:Speed><ns3:Pace>0.81</ns3:Pace></ns3:TPX></Extensions></Trackpoint><Trackpoint><Time>2025-08-12T21:46:16Z</Time><Position><LatitudeDegrees>-8.0496808</LatitudeDegrees><LongitudeDegrees>-34.9532585</LongitudeDegrees></Position><HeartRateBpm><Value>176</Value></HeartRateBpm><Cadence>61</Cadence><Extensions><ns3:TPX><ns3:Speed>1.2200000286102295</ns3:Speed><ns3:Pace>0.81</ns3:Pace></ns3:TPX></Extensions></Trackpoint><Trackpoint><Time>2025-08-12T21:46:17Z</Time><Position><LatitudeDegrees>-8.04966581</LatitudeDegrees><LongitudeDegrees>-34.95326084</LongitudeDegrees></Position><HeartRateBpm><Value>176</Value></HeartRateBpm><Cadence>61</Cadence><Extensions><ns3:TPX><ns3:Speed>1.2200000286102295</ns3:Speed><ns3:Pace>0.81</ns3:Pace></ns3:TPX></Extensions></Trackpoint><Trackpoint><Time>2025-08-12T21:46:18Z</Time><Position><LatitudeDegrees>-8.04964948</LatitudeDegrees><LongitudeDegrees>-34.95325584</LongitudeDegrees></Position><HeartRateBpm><Value>175</Value></HeartRateBpm><Cadence>61</Cadence><Extensions><ns3:TPX><ns3:Speed>1.2200000286102295</ns3:Speed><ns3:Pace>0.81</ns3:Pace></ns3:TPX></Extensions></Trackpoint><Trackpoint><Time>2025-08-12T21:46:19Z</Time><Position><LatitudeDegrees>-8.04963316</LatitudeDegrees><LongitudeDegrees>-34.95325217</LongitudeDegrees></Position><HeartRateBpm><Value>174</Value></HeartRateBpm><Cadence>61</Cadence><Extensions><ns3:TPX><ns3:Speed>1.2300000190734863</ns3:Speed><ns3:Pace>0.8</ns3:Pace></ns3:TPX></Extensions></Trackpoint><Trackpoint><Time>2025-08-12T21:46:20Z</Time><Position><LatitudeDegrees>-8.04961617</LatitudeDegrees><LongitudeDegrees>-34.95324985</LongitudeDegrees></Position><HeartRateBpm><Value>174</Value></HeartRateBpm><Cadence>61</Cadence><Extensions><ns3:TPX><ns3:Speed>1.2300000190734863</ns3:Speed><ns3:Pace>0.8</ns3:Pace></ns3:TPX></Extensions></Trackpoint><Trackpoint><Time>2025-08-12T21:46:21Z</Time><Position><LatitudeDegrees>-8.04960051</LatitudeDegrees><LongitudeDegrees>-34.95324751</LongitudeDegrees></Position><HeartRateBpm><Value>173</Value></HeartRateBpm><Cadence>62</Cadence><Extensions><ns3:TPX><ns3:Speed>1.2400000095367432</ns3:Speed><ns3:Pace>0.79</ns3:Pace></ns3:TPX></Extensions></Trackpoint><Trackpoint><Time>2025-08-12T21:46:22Z</Time><Position><LatitudeDegrees>-8.04958719</LatitudeDegrees><LongitudeDegrees>-34.95324686</LongitudeDegrees></Position><HeartRateBpm><Value>173</Value></HeartRateBpm><Cadence>62</Cadence><Extensions><ns3:TPX><ns3:Speed>1.25</ns3:Speed><ns3:Pace>0.79</ns3:Pace></ns3:TPX></Extensions></Trackpoint><Trackpoint><Time>2025-08-12T21:46:23Z</Time><Position><LatitudeDegrees>-8.04957519</LatitudeDegrees><LongitudeDegrees>-34.95324486</LongitudeDegrees></Position><HeartRateBpm><Value>173</Value></HeartRateBpm><Cadence>62</Cadence><Extensions><ns3:TPX><ns3:Speed>1.25</ns3:Speed><ns3:Pace>0.78</ns3:Pace></ns3:TPX></Extensions></Trackpoint><Trackpoint><Time>2025-08-12T21:46:24Z</Time><Position><LatitudeDegrees>-8.04956486</LatitudeDegrees><LongitudeDegrees>-34.95323952</LongitudeDegrees></Position><HeartRateBpm><Value>173</Value></HeartRateBpm><Cadence>62</Cadence><Extensions><ns3:TPX><ns3:Speed>1.2599999904632568</ns3:Speed><ns3:Pace>0.78</ns3:Pace></ns3:TPX></Extensions></Trackpoint><Trackpoint><Time>2025-08-12T21:46:25Z</Time><Position><LatitudeDegrees>-8.04955386</LatitudeDegrees><LongitudeDegrees>-34.95323353</LongitudeDegrees></Position><HeartRateBpm><Value>174</Value></HeartRateBpm><Cadence>61</Cadence><Extensions><ns3:TPX><ns3:Speed>1.2699999809265137</ns3:Speed><ns3:Pace>0.77</ns3:Pace></ns3:TPX></Extensions></Trackpoint><Trackpoint><Time>2025-08-12T21:46:26Z</Time><Position><LatitudeDegrees>-8.04954487</LatitudeDegrees><LongitudeDegrees>-34.9532282</LongitudeDegrees></Position><HeartRateBpm><Value>176</Value></HeartRateBpm><Cadence>60</Cadence><Extensions><ns3:TPX><ns3:Speed>1.2799999713897705</ns3:Speed><ns3:Pace>0.77</ns3:Pace></ns3:TPX></Extensions></Trackpoint><Trackpoint><Time>2025-08-12T21:46:27Z</Time><Position><LatitudeDegrees>-8.04953554</LatitudeDegrees><LongitudeDegrees>-34.95322353</LongitudeDegrees></Position><HeartRateBpm><Value>177</Value></HeartRateBpm><Cadence>61</Cadence><Extensions><ns3:TPX><ns3:Speed>1.2899999618530273</ns3:Speed><ns3:Pace>0.77</ns3:Pace></ns3:TPX></Extensions></Trackpoint><Trackpoint><Time>2025-08-12T21:46:28Z</Time><Position><LatitudeDegrees>-8.04952654</LatitudeDegrees><LongitudeDegrees>-34.95321921</LongitudeDegrees></Position><HeartRateBpm><Value>177</Value></HeartRateBpm><Cadence>61</Cadence><Extensions><ns3:TPX><ns3:Speed>1.2899999618530273</ns3:Speed><ns3:Pace>0.77</ns3:Pace></ns3:TPX></Extensions></Trackpoint><Trackpoint><Time>2025-08-12T21:46:29Z</Time><Position><LatitudeDegrees>-8.04951722</LatitudeDegrees><LongitudeDegrees>-34.95321721</LongitudeDegrees></Position><HeartRateBpm><Value>177</Value></HeartRateBpm><Cadence>61</Cadence><Extensions><ns3:TPX><ns3:Speed>1.2899999618530273</ns3:Speed><ns3:Pace>0.77</ns3:Pace></ns3:TPX></Extensions></Trackpoint><Trackpoint><Time>2025-08-12T21:46:30Z</Time><Position><LatitudeDegrees>-8.04950723</LatitudeDegrees><LongitudeDegrees>-34.95321622</LongitudeDegrees></Position><HeartRateBpm><Value>177</Value></HeartRateBpm><Cadence>61</Cadence><Extensions><ns3:TPX><ns3:Speed>1.2899999618530273</ns3:Speed><ns3:Pace>0.77</ns3:Pace></ns3:TPX></Extensions></Trackpoint><Trackpoint><Time>2025-08-12T21:46:31Z</Time><Position><LatitudeDegrees>-8.04949689</LatitudeDegrees><LongitudeDegrees>-34.95321855</LongitudeDegrees></Position><HeartRateBpm><Value>177</Value></HeartRateBpm><Cadence>61</Cadence><Extensions><ns3:TPX><ns3:Speed>1.2899999618530273</ns3:Speed><ns3:Pace>0.77</ns3:Pace></ns3:TPX></Extensions></Trackpoint><Trackpoint><Time>2025-08-12T21:46:32Z</Time><Position><LatitudeDegrees>-8.04948524</LatitudeDegrees><LongitudeDegrees>-34.95322388</LongitudeDegrees></Position><HeartRateBpm><Value>177</Value></HeartRateBpm><Cadence>61</Cadence><Extensions><ns3:TPX><ns3:Speed>1.2899999618530273</ns3:Speed><ns3:Pace>0.77</ns3:Pace></ns3:TPX></Extensions></Trackpoint><Trackpoint><Time>2025-08-12T21:46:33Z</Time><Position><LatitudeDegrees>-8.04947357</LatitudeDegrees><LongitudeDegrees>-34.95322488</LongitudeDegrees></Position><HeartRateBpm><Value>177</Value></HeartRateBpm><Cadence>61</Cadence><Extensions><ns3:TPX><ns3:Speed>1.2899999618530273</ns3:Speed><ns3:Pace>0.8</ns3:Pace></ns3:TPX></Extensions></Trackpoint><Trackpoint><Time>2025-08-12T21:46:34Z</Time><Position><LatitudeDegrees>-8.04945991</LatitudeDegrees><LongitudeDegrees>-34.95322088</LongitudeDegrees></Position><HeartRateBpm><Value>176</Value></HeartRateBpm><Cadence>61</Cadence><Extensions><ns3:TPX><ns3:Speed>1.2400000095367432</ns3:Speed><ns3:Pace>0.8</ns3:Pace></ns3:TPX></Extensions></Trackpoint><Trackpoint><Time>2025-08-12T21:46:35Z</Time><Position><LatitudeDegrees>-8.04944391</LatitudeDegrees><LongitudeDegrees>-34.95321521</LongitudeDegrees></Position><HeartRateBpm><Value>176</Value></HeartRateBpm><Cadence>61</Cadence><Extensions><ns3:TPX><ns3:Speed>1.2400000095367432</ns3:Speed><ns3:Pace>0.82</ns3:Pace></ns3:TPX></Extensions></Trackpoint><Trackpoint><Time>2025-08-12T21:46:36Z</Time><Position><LatitudeDegrees>-8.04942658</LatitudeDegrees><LongitudeDegrees>-34.95321254</LongitudeDegrees></Position><HeartRateBpm><Value>176</Value></HeartRateBpm><Cadence>61</Cadence><Extensions><ns3:TPX><ns3:Speed>1.2000000476837158</ns3:Speed><ns3:Pace>0.81</ns3:Pace></ns3:TPX></Extensions></Trackpoint><Trackpoint><Time>2025-08-12T21:46:37Z</Time><Position><LatitudeDegrees>-8.04940592</LatitudeDegrees><LongitudeDegrees>-34.95320655</LongitudeDegrees></Position><HeartRateBpm><Value>178</Value></HeartRateBpm><Cadence>61</Cadence><Extensions><ns3:TPX><ns3:Speed>1.2200000286102295</ns3:Speed><ns3:Pace>0.73</ns3:Pace></ns3:TPX></Extensions></Trackpoint><Trackpoint><Time>2025-08-12T21:46:38Z</Time><Position><LatitudeDegrees>-8.04938327</LatitudeDegrees><LongitudeDegrees>-34.95320356</LongitudeDegrees></Position><HeartRateBpm><Value>178</Value></HeartRateBpm><Cadence>61</Cadence><Extensions><ns3:TPX><ns3:Speed>1.3600000143051147</ns3:Speed><ns3:Pace>0.61</ns3:Pace></ns3:TPX></Extensions></Trackpoint><Trackpoint><Time>2025-08-12T21:46:39Z</Time><Position><LatitudeDegrees>-8.04935893</LatitudeDegrees><LongitudeDegrees>-34.95320157</LongitudeDegrees></Position><HeartRateBpm><Value>176</Value></HeartRateBpm><Cadence>61</Cadence><Extensions><ns3:TPX><ns3:Speed>1.6200000047683716</ns3:Speed><ns3:Pace>0.51</ns3:Pace></ns3:TPX></Extensions></Trackpoint><Trackpoint><Time>2025-08-12T21:46:40Z</Time><Position><LatitudeDegrees>-8.04933428</LatitudeDegrees><LongitudeDegrees>-34.95319957</LongitudeDegrees></Position><HeartRateBpm><Value>176</Value></HeartRateBpm><Cadence>61</Cadence><Extensions><ns3:TPX><ns3:Speed>1.9299999475479126</ns3:Speed><ns3:Pace>0.51</ns3:Pace></ns3:TPX></Extensions></Trackpoint><Trackpoint><Time>2025-08-12T21:46:41Z</Time><Position><LatitudeDegrees>-8.04931029</LatitudeDegrees><LongitudeDegrees>-34.95319824</LongitudeDegrees></Position><HeartRateBpm><Value>176</Value></HeartRateBpm><Cadence>61</Cadence><Extensions><ns3:TPX><ns3:Speed>1.9299999475479126</ns3:Speed><ns3:Pace>0.44</ns3:Pace></ns3:TPX></Extensions></Trackpoint><Trackpoint><Time>2025-08-12T21:46:42Z</Time><Position><LatitudeDegrees>-8.04928729</LatitudeDegrees><LongitudeDegrees>-34.95319792</LongitudeDegrees></Position><HeartRateBpm><Value>176</Value></HeartRateBpm><Cadence>61</Cadence><Extensions><ns3:TPX><ns3:Speed>2.240000009536743</ns3:Speed><ns3:Pace>0.4</ns3:Pace></ns3:TPX></Extensions></Trackpoint><Trackpoint><Time>2025-08-12T21:46:43Z</Time><Position><LatitudeDegrees>-8.04926463</LatitudeDegrees><LongitudeDegrees>-34.95319792</LongitudeDegrees></Position><HeartRateBpm><Value>176</Value></HeartRateBpm><Cadence>61</Cadence><Extensions><ns3:TPX><ns3:Speed>2.440000057220459</ns3:Speed><ns3:Pace>0.39</ns3:Pace></ns3:TPX></Extensions></Trackpoint><Trackpoint><Time>2025-08-12T21:46:44Z</Time><Position><LatitudeDegrees>-8.04924264</LatitudeDegrees><LongitudeDegrees>-34.95319726</LongitudeDegrees></Position><HeartRateBpm><Value>176</Value></HeartRateBpm><Cadence>61</Cadence><Extensions><ns3:TPX><ns3:Speed>2.5</ns3:Speed><ns3:Pace>0.39</ns3:Pace></ns3:TPX></Extensions></Trackpoint><Trackpoint><Time>2025-08-12T21:46:45Z</Time><Position><LatitudeDegrees>-8.04921998</LatitudeDegrees><LongitudeDegrees>-34.95319627</LongitudeDegrees></Position><HeartRateBpm><Value>176</Value></HeartRateBpm><Cadence>88</Cadence><Extensions><ns3:TPX><ns3:Speed>2.509999990463257</ns3:Speed><ns3:Pace>0.39</ns3:Pace></ns3:TPX></Extensions></Trackpoint><Trackpoint><Time>2025-08-12T21:46:46Z</Time><Position><LatitudeDegrees>-8.04919765</LatitudeDegrees><LongitudeDegrees>-34.95319427</LongitudeDegrees></Position><HeartRateBpm><Value>176</Value></HeartRateBpm><Cadence>87</Cadence><Extensions><ns3:TPX><ns3:Speed>2.509999990463257</ns3:Speed><ns3:Pace>0.39</ns3:Pace></ns3:TPX></Extensions></Trackpoint><Trackpoint><Time>2025-08-12T21:46:47Z</Time><Position><LatitudeDegrees>-8.04917632</LatitudeDegrees><LongitudeDegrees>-34.95319328</LongitudeDegrees></Position><HeartRateBpm><Value>176</Value></HeartRateBpm><Cadence>87</Cadence><Extensions><ns3:TPX><ns3:Speed>2.509999990463257</ns3:Speed><ns3:Pace>0.4</ns3:Pace></ns3:TPX></Extensions></Trackpoint><Trackpoint><Time>2025-08-12T21:46:48Z</Time><Position><LatitudeDegrees>-8.04915499</LatitudeDegrees><LongitudeDegrees>-34.95319095</LongitudeDegrees></Position><HeartRateBpm><Value>176</Value></HeartRateBpm><Cadence>88</Cadence><Extensions><ns3:TPX><ns3:Speed>2.490000009536743</ns3:Speed><ns3:Pace>0.4</ns3:Pace></ns3:TPX></Extensions></Trackpoint><Trackpoint><Time>2025-08-12T21:46:49Z</Time><Position><LatitudeDegrees>-8.04913334</LatitudeDegrees><LongitudeDegrees>-34.95318695</LongitudeDegrees></Position><HeartRateBpm><Value>176</Value></HeartRateBpm><Cadence>88</Cadence><Extensions><ns3:TPX><ns3:Speed>2.450000047683716</ns3:Speed><ns3:Pace>0.41</ns3:Pace></ns3:TPX></Extensions></Trackpoint><Trackpoint><Time>2025-08-12T21:46:50Z</Time><Position><LatitudeDegrees>-8.04910901</LatitudeDegrees><LongitudeDegrees>-34.95318161</LongitudeDegrees></Position><HeartRateBpm><Value>176</Value></HeartRateBpm><Cadence>88</Cadence><Extensions><ns3:TPX><ns3:Speed>2.4200000762939453</ns3:Speed><ns3:Pace>0.41</ns3:Pace></ns3:TPX></Extensions></Trackpoint><Trackpoint><Time>2025-08-12T21:46:51Z</Time><Position><LatitudeDegrees>-8.04908369</LatitudeDegrees><LongitudeDegrees>-34.95317529</LongitudeDegrees></Position><HeartRateBpm><Value>177</Value></HeartRateBpm><Cadence>88</Cadence><Extensions><ns3:TPX><ns3:Speed>2.4000000953674316</ns3:Speed><ns3:Pace>0.41</ns3:Pace></ns3:TPX></Extensions></Trackpoint><Trackpoint><Time>2025-08-12T21:46:52Z</Time><Position><LatitudeDegrees>-8.04905902</LatitudeDegrees><LongitudeDegrees>-34.95316729</LongitudeDegrees></Position><HeartRateBpm><Value>179</Value></HeartRateBpm><Cadence>88</Cadence><Extensions><ns3:TPX><ns3:Speed>2.4000000953674316</ns3:Speed><ns3:Pace>0.41</ns3:Pace></ns3:TPX></Extensions></Trackpoint><Trackpoint><Time>2025-08-12T21:46:53Z</Time><Position><LatitudeDegrees>-8.04903402</LatitudeDegrees><LongitudeDegrees>-34.95315929</LongitudeDegrees></Position><HeartRateBpm><Value>179</Value></HeartRateBpm><Cadence>88</Cadence><Extensions><ns3:TPX><ns3:Speed>2.4000000953674316</ns3:Speed><ns3:Pace>0.41</ns3:Pace></ns3:TPX></Extensions></Trackpoint><Trackpoint><Time>2025-08-12T21:46:54Z</Time><Position><LatitudeDegrees>-8.0490087</LatitudeDegrees><LongitudeDegrees>-34.9531533</LongitudeDegrees></Position><HeartRateBpm><Value>180</Value></HeartRateBpm><Cadence>88</Cadence><Extensions><ns3:TPX><ns3:Speed>2.4200000762939453</ns3:Speed><ns3:Pace>0.4</ns3:Pace></ns3:TPX></Extensions></Trackpoint><Trackpoint><Time>2025-08-12T21:46:55Z</Time><Position><LatitudeDegrees>-8.0489827</LatitudeDegrees><LongitudeDegrees>-34.95314731</LongitudeDegrees></Position><HeartRateBpm><Value>181</Value></HeartRateBpm><Cadence>88</Cadence><Extensions><ns3:TPX><ns3:Speed>2.4600000381469727</ns3:Speed><ns3:Pace>0.39</ns3:Pace></ns3:TPX></Extensions></Trackpoint><Trackpoint><Time>2025-08-12T21:46:56Z</Time><Position><LatitudeDegrees>-8.04895738</LatitudeDegrees><LongitudeDegrees>-34.95314265</LongitudeDegrees></Position><HeartRateBpm><Value>181</Value></HeartRateBpm><Cadence>88</Cadence><Extensions><ns3:TPX><ns3:Speed>2.549999952316284</ns3:Speed><ns3:Pace>0.38</ns3:Pace></ns3:TPX></Extensions></Trackpoint><Trackpoint><Time>2025-08-12T21:46:57Z</Time><Position><LatitudeDegrees>-8.04893138</LatitudeDegrees><LongitudeDegrees>-34.95313832</LongitudeDegrees></Position><HeartRateBpm><Value>181</Value></HeartRateBpm><Cadence>88</Cadence><Extensions><ns3:TPX><ns3:Speed>2.630000114440918</ns3:Speed><ns3:Pace>0.37</ns3:Pace></ns3:TPX></Extensions></Trackpoint><Trackpoint><Time>2025-08-12T21:46:58Z</Time><Position><LatitudeDegrees>-8.04890505</LatitudeDegrees><LongitudeDegrees>-34.95313533</LongitudeDegrees></Position><HeartRateBpm><Value>181</Value></HeartRateBpm><Cadence>88</Cadence><Extensions><ns3:TPX><ns3:Speed>2.630000114440918</ns3:Speed><ns3:Pace>0.37</ns3:Pace></ns3:TPX></Extensions></Trackpoint><Trackpoint><Time>2025-08-12T21:46:59Z</Time><Position><LatitudeDegrees>-8.04888006</LatitudeDegrees><LongitudeDegrees>-34.95313434</LongitudeDegrees></Position><HeartRateBpm><Value>181</Value></HeartRateBpm><Cadence>88</Cadence><Extensions><ns3:TPX><ns3:Speed>2.630000114440918</ns3:Speed><ns3:Pace>0.38</ns3:Pace></ns3:TPX></Extensions></Trackpoint><Trackpoint><Time>2025-08-12T21:47:00Z</Time><Position><LatitudeDegrees>-8.0488544</LatitudeDegrees><LongitudeDegrees>-34.95313434</LongitudeDegrees></Position><HeartRateBpm><Value>181</Value></HeartRateBpm><Cadence>88</Cadence><Extensions><ns3:TPX><ns3:Speed>2.609999895095825</ns3:Speed><ns3:Pace>0.37</ns3:Pace></ns3:TPX></Extensions></Trackpoint><Trackpoint><Time>2025-08-12T21:47:01Z</Time><Position><LatitudeDegrees>-8.04882706</LatitudeDegrees><LongitudeDegrees>-34.95313434</LongitudeDegrees></Position><HeartRateBpm><Value>181</Value></HeartRateBpm><Cadence>88</Cadence><Extensions><ns3:TPX><ns3:Speed>2.640000104904175</ns3:Speed><ns3:Pace>0.37</ns3:Pace></ns3:TPX></Extensions></Trackpoint><Trackpoint><Time>2025-08-12T21:47:02Z</Time><Position><LatitudeDegrees>-8.04880074</LatitudeDegrees><LongitudeDegrees>-34.95313367</LongitudeDegrees></Position><HeartRateBpm><Value>182</Value></HeartRateBpm><Cadence>88</Cadence><Extensions><ns3:TPX><ns3:Speed>2.700000047683716</ns3:Speed><ns3:Pace>0.36</ns3:Pace></ns3:TPX></Extensions></Trackpoint><Trackpoint><Time>2025-08-12T21:47:03Z</Time><Position><LatitudeDegrees>-8.04877374</LatitudeDegrees><LongitudeDegrees>-34.95313235</LongitudeDegrees></Position><HeartRateBpm><Value>182</Value></HeartRateBpm><Cadence>88</Cadence><Extensions><ns3:TPX><ns3:Speed>2.759999990463257</ns3:Speed><ns3:Pace>0.35</ns3:Pace></ns3:TPX></Extensions></Trackpoint><Trackpoint><Time>2025-08-12T21:47:04Z</Time><Position><LatitudeDegrees>-8.04874774</LatitudeDegrees><LongitudeDegrees>-34.95312968</LongitudeDegrees></Position><HeartRateBpm><Value>182</Value></HeartRateBpm><Cadence>88</Cadence><Extensions><ns3:TPX><ns3:Speed>2.7799999713897705</ns3:Speed><ns3:Pace>0.35</ns3:Pace></ns3:TPX></Extensions></Trackpoint><Trackpoint><Time>2025-08-12T21:47:05Z</Time><Position><LatitudeDegrees>-8.04872242</LatitudeDegrees><LongitudeDegrees>-34.95312569</LongitudeDegrees></Position><HeartRateBpm><Value>182</Value></HeartRateBpm><Cadence>88</Cadence><Extensions><ns3:TPX><ns3:Speed>2.7799999713897705</ns3:Speed><ns3:Pace>0.35</ns3:Pace></ns3:TPX></Extensions></Trackpoint><Trackpoint><Time>2025-08-12T21:47:06Z</Time><Position><LatitudeDegrees>-8.04869708</LatitudeDegrees><LongitudeDegrees>-34.95311969</LongitudeDegrees></Position><HeartRateBpm><Value>182</Value></HeartRateBpm><Cadence>87</Cadence><Extensions><ns3:TPX><ns3:Speed>2.7799999713897705</ns3:Speed><ns3:Pace>0.35</ns3:Pace></ns3:TPX></Extensions></Trackpoint><Trackpoint><Time>2025-08-12T21:47:07Z</Time><Position><LatitudeDegrees>-8.04867209</LatitudeDegrees><LongitudeDegrees>-34.95311136</LongitudeDegrees></Position><HeartRateBpm><Value>182</Value></HeartRateBpm><Cadence>88</Cadence><Extensions><ns3:TPX><ns3:Speed>2.7799999713897705</ns3:Speed><ns3:Pace>0.35</ns3:Pace></ns3:TPX></Extensions></Trackpoint><Trackpoint><Time>2025-08-12T21:47:08Z</Time><Position><LatitudeDegrees>-8.04864909</LatitudeDegrees><LongitudeDegrees>-34.95310204</LongitudeDegrees></Position><HeartRateBpm><Value>181</Value></HeartRateBpm><Cadence>88</Cadence><Extensions><ns3:TPX><ns3:Speed>2.7899999618530273</ns3:Speed><ns3:Pace>0.35</ns3:Pace></ns3:TPX></Extensions></Trackpoint><Trackpoint><Time>2025-08-12T21:47:09Z</Time><Position><LatitudeDegrees>-8.0486271</LatitudeDegrees><LongitudeDegrees>-34.95309238</LongitudeDegrees></Position><HeartRateBpm><Value>181</Value></HeartRateBpm><Cadence>88</Cadence><Extensions><ns3:TPX><ns3:Speed>2.799999952316284</ns3:Speed><ns3:Pace>0.35</ns3:Pace></ns3:TPX></Extensions></Trackpoint><Trackpoint><Time>2025-08-12T21:47:10Z</Time><Position><LatitudeDegrees>-8.0486061</LatitudeDegrees><LongitudeDegrees>-34.95308205</LongitudeDegrees></Position><HeartRateBpm><Value>181</Value></HeartRateBpm><Cadence>88</Cadence><Extensions><ns3:TPX><ns3:Speed>2.799999952316284</ns3:Speed><ns3:Pace>0.35</ns3:Pace></ns3:TPX></Extensions></Trackpoint><Trackpoint><Time>2025-08-12T21:47:11Z</Time><Position><LatitudeDegrees>-8.04858544</LatitudeDegrees><LongitudeDegrees>-34.95307071</LongitudeDegrees></Position><HeartRateBpm><Value>181</Value></HeartRateBpm><Cadence>88</Cadence><Extensions><ns3:TPX><ns3:Speed>2.799999952316284</ns3:Speed><ns3:Pace>0.35</ns3:Pace></ns3:TPX></Extensions></Trackpoint><Trackpoint><Time>2025-08-12T21:47:12Z</Time><Position><LatitudeDegrees>-8.04856445</LatitudeDegrees><LongitudeDegrees>-34.95305771</LongitudeDegrees></Position><HeartRateBpm><Value>180</Value></HeartRateBpm><Cadence>88</Cadence><Extensions><ns3:TPX><ns3:Speed>2.7799999713897705</ns3:Speed><ns3:Pace>0.36</ns3:Pace></ns3:TPX></Extensions></Trackpoint><Trackpoint><Time>2025-08-12T21:47:13Z</Time><Position><LatitudeDegrees>-8.04854345</LatitudeDegrees><LongitudeDegrees>-34.95304405</LongitudeDegrees></Position><HeartRateBpm><Value>178</Value></HeartRateBpm><Cadence>88</Cadence><Extensions><ns3:TPX><ns3:Speed>2.740000009536743</ns3:Speed><ns3:Pace>0.37</ns3:Pace></ns3:TPX></Extensions></Trackpoint><Trackpoint><Time>2025-08-12T21:47:14Z</Time><Position><LatitudeDegrees>-8.04852212</LatitudeDegrees><LongitudeDegrees>-34.95302939</LongitudeDegrees></Position><HeartRateBpm><Value>177</Value></HeartRateBpm><Cadence>88</Cadence><Extensions><ns3:TPX><ns3:Speed>2.690000057220459</ns3:Speed><ns3:Pace>0.37</ns3:Pace></ns3:TPX></Extensions></Trackpoint><Trackpoint><Time>2025-08-12T21:47:15Z</Time><Position><LatitudeDegrees>-8.04850047</LatitudeDegrees><LongitudeDegrees>-34.9530134</LongitudeDegrees></Position><HeartRateBpm><Value>176</Value></HeartRateBpm><Cadence>88</Cadence><Extensions><ns3:TPX><ns3:Speed>2.6500000953674316</ns3:Speed><ns3:Pace>0.37</ns3:Pace></ns3:TPX></Extensions></Trackpoint><Trackpoint><Time>2025-08-12T21:47:16Z</Time><Position><LatitudeDegrees>-8.04848113</LatitudeDegrees><LongitudeDegrees>-34.95299673</LongitudeDegrees></Position><HeartRateBpm><Value>176</Value></HeartRateBpm><Cadence>88</Cadence><Extensions><ns3:TPX><ns3:Speed>2.6500000953674316</ns3:Speed><ns3:Pace>0.37</ns3:Pace></ns3:TPX></Extensions></Trackpoint><Trackpoint><Time>2025-08-12T21:47:17Z</Time><Position><LatitudeDegrees>-8.04846348</LatitudeDegrees><LongitudeDegrees>-34.95297907</LongitudeDegrees></Position><HeartRateBpm><Value>176</Value></HeartRateBpm><Cadence>87</Cadence><Extensions><ns3:TPX><ns3:Speed>2.6500000953674316</ns3:Speed><ns3:Pace>0.37</ns3:Pace></ns3:TPX></Extensions></Trackpoint><Trackpoint><Time>2025-08-12T21:47:18Z</Time><Position><LatitudeDegrees>-8.04844649</LatitudeDegrees><LongitudeDegrees>-34.95296041</LongitudeDegrees></Position><HeartRateBpm><Value>176</Value></HeartRateBpm><Cadence>87</Cadence><Extensions><ns3:TPX><ns3:Speed>2.6500000953674316</ns3:Speed><ns3:Pace>0.37</ns3:Pace></ns3:TPX></Extensions></Trackpoint><Trackpoint><Time>2025-08-12T21:47:19Z</Time><Position><LatitudeDegrees>-8.04843216</LatitudeDegrees><LongitudeDegrees>-34.95294208</LongitudeDegrees></Position><HeartRateBpm><Value>176</Value></HeartRateBpm><Cadence>87</Cadence><Extensions><ns3:TPX><ns3:Speed>2.6500000953674316</ns3:Speed><ns3:Pace>0.37</ns3:Pace></ns3:TPX></Extensions></Trackpoint><Trackpoint><Time>2025-08-12T21:47:20Z</Time><Position><LatitudeDegrees>-8.04841583</LatitudeDegrees><LongitudeDegrees>-34.95292308</LongitudeDegrees></Position><HeartRateBpm><Value>176</Value></HeartRateBpm><Cadence>87</Cadence><Extensions><ns3:TPX><ns3:Speed>2.6500000953674316</ns3:Speed><ns3:Pace>0.37</ns3:Pace></ns3:TPX></Extensions></Trackpoint><Trackpoint><Time>2025-08-12T21:47:21Z</Time><Position><LatitudeDegrees>-8.04840184</LatitudeDegrees><LongitudeDegrees>-34.95290341</LongitudeDegrees></Position><HeartRateBpm><Value>176</Value></HeartRateBpm><Cadence>88</Cadence><Extensions><ns3:TPX><ns3:Speed>2.6500000953674316</ns3:Speed><ns3:Pace>0.37</ns3:Pace></ns3:TPX></Extensions></Trackpoint><Trackpoint><Time>2025-08-12T21:47:22Z</Time><Position><LatitudeDegrees>-8.04838851</LatitudeDegrees><LongitudeDegrees>-34.95288108</LongitudeDegrees></Position><HeartRateBpm><Value>177</Value></HeartRateBpm><Cadence>88</Cadence><Extensions><ns3:TPX><ns3:Speed>2.6500000953674316</ns3:Speed><ns3:Pace>0.37</ns3:Pace></ns3:TPX></Extensions></Trackpoint><Trackpoint><Time>2025-08-12T21:47:23Z</Time><Position><LatitudeDegrees>-8.04837552</LatitudeDegrees><LongitudeDegrees>-34.95285709</LongitudeDegrees></Position><HeartRateBpm><Value>177</Value></HeartRateBpm><Cadence>88</Cadence><Extensions><ns3:TPX><ns3:Speed>2.6500000953674316</ns3:Speed><ns3:Pace>0.37</ns3:Pace></ns3:TPX></Extensions></Trackpoint><Trackpoint><Time>2025-08-12T21:47:24Z</Time><Position><LatitudeDegrees>-8.04836319</LatitudeDegrees><LongitudeDegrees>-34.95283275</LongitudeDegrees></Position><HeartRateBpm><Value>177</Value></HeartRateBpm><Cadence>88</Cadence><Extensions><ns3:TPX><ns3:Speed>2.6500000953674316</ns3:Speed><ns3:Pace>0.37</ns3:Pace></ns3:TPX></Extensions></Trackpoint><Trackpoint><Time>2025-08-12T21:47:25Z</Time><Position><LatitudeDegrees>-8.04835286</LatitudeDegrees><LongitudeDegrees>-34.9528091</LongitudeDegrees></Position><HeartRateBpm><Value>177</Value></HeartRateBpm><Cadence>87</Cadence><Extensions><ns3:TPX><ns3:Speed>2.6500000953674316</ns3:Speed><ns3:Pace>0.37</ns3:Pace></ns3:TPX></Extensions></Trackpoint><Trackpoint><Time>2025-08-12T21:47:26Z</Time><Position><LatitudeDegrees>-8.0483442</LatitudeDegrees><LongitudeDegrees>-34.95278577</LongitudeDegrees></Position><HeartRateBpm><Value>177</Value></HeartRateBpm><Cadence>88</Cadence><Extensions><ns3:TPX><ns3:Speed>2.6500000953674316</ns3:Speed><ns3:Pace>0.37</ns3:Pace></ns3:TPX></Extensions></Trackpoint><Trackpoint><Time>2025-08-12T21:47:27Z</Time><Position><LatitudeDegrees>-8.04833788</LatitudeDegrees><LongitudeDegrees>-34.95276111</LongitudeDegrees></Position><HeartRateBpm><Value>177</Value></HeartRateBpm><Cadence>88</Cadence><Extensions><ns3:TPX><ns3:Speed>2.6500000953674316</ns3:Speed><ns3:Pace>0.37</ns3:Pace></ns3:TPX></Extensions></Trackpoint><Trackpoint><Time>2025-08-12T21:47:28Z</Time><Position><LatitudeDegrees>-8.04833221</LatitudeDegrees><LongitudeDegrees>-34.95273478</LongitudeDegrees></Position><HeartRateBpm><Value>177</Value></HeartRateBpm><Cadence>88</Cadence><Extensions><ns3:TPX><ns3:Speed>2.6500000953674316</ns3:Speed><ns3:Pace>0.37</ns3:Pace></ns3:TPX></Extensions></Trackpoint><Trackpoint><Time>2025-08-12T21:47:29Z</Time><Position><LatitudeDegrees>-8.04832821</LatitudeDegrees><LongitudeDegrees>-34.95270745</LongitudeDegrees></Position><HeartRateBpm><Value>177</Value></HeartRateBpm><Cadence>87</Cadence><Extensions><ns3:TPX><ns3:Speed>2.6500000953674316</ns3:Speed><ns3:Pace>0.37</ns3:Pace></ns3:TPX></Extensions></Trackpoint><Trackpoint><Time>2025-08-12T21:47:30Z</Time><Position><LatitudeDegrees>-8.04832556</LatitudeDegrees><LongitudeDegrees>-34.95268012</LongitudeDegrees></Position><HeartRateBpm><Value>177</Value></HeartRateBpm><Cadence>87</Cadence><Extensions><ns3:TPX><ns3:Speed>2.6500000953674316</ns3:Speed><ns3:Pace>0.37</ns3:Pace></ns3:TPX></Extensions></Trackpoint><Trackpoint><Time>2025-08-12T21:47:31Z</Time><Position><LatitudeDegrees>-8.04832523</LatitudeDegrees><LongitudeDegrees>-34.95265346</LongitudeDegrees></Position><HeartRateBpm><Value>176</Value></HeartRateBpm><Cadence>88</Cadence><Extensions><ns3:TPX><ns3:Speed>2.6500000953674316</ns3:Speed><ns3:Pace>0.37</ns3:Pace></ns3:TPX></Extensions></Trackpoint><Trackpoint><Time>2025-08-12T21:47:32Z</Time><Position><LatitudeDegrees>-8.04832756</LatitudeDegrees><LongitudeDegrees>-34.95262713</LongitudeDegrees></Position><HeartRateBpm><Value>176</Value></HeartRateBpm><Cadence>88</Cadence><Extensions><ns3:TPX><ns3:Speed>2.6600000858306885</ns3:Speed><ns3:Pace>0.37</ns3:Pace></ns3:TPX></Extensions></Trackpoint><Trackpoint><Time>2025-08-12T21:47:33Z</Time><Position><LatitudeDegrees>-8.04832956</LatitudeDegrees><LongitudeDegrees>-34.95259946</LongitudeDegrees></Position><HeartRateBpm><Value>176</Value></HeartRateBpm><Cadence>88</Cadence><Extensions><ns3:TPX><ns3:Speed>2.6600000858306885</ns3:Speed><ns3:Pace>0.37</ns3:Pace></ns3:TPX></Extensions></Trackpoint><Trackpoint><Time>2025-08-12T21:47:34Z</Time><Position><LatitudeDegrees>-8.04833288</LatitudeDegrees><LongitudeDegrees>-34.9525708</LongitudeDegrees></Position><HeartRateBpm><Value>176</Value></HeartRateBpm><Cadence>88</Cadence><Extensions><ns3:TPX><ns3:Speed>2.6600000858306885</ns3:Speed><ns3:Pace>0.37</ns3:Pace></ns3:TPX></Extensions></Trackpoint><Trackpoint><Time>2025-08-12T21:47:35Z</Time><Position><LatitudeDegrees>-8.04833288</LatitudeDegrees><LongitudeDegrees>-34.95254081</LongitudeDegrees></Position><HeartRateBpm><Value>177</Value></HeartRateBpm><Cadence>88</Cadence><Extensions><ns3:TPX><ns3:Speed>2.6600000858306885</ns3:Speed><ns3:Pace>0.37</ns3:Pace></ns3:TPX></Extensions></Trackpoint><Trackpoint><Time>2025-08-12T21:47:36Z</Time><Position><LatitudeDegrees>-8.04833222</LatitudeDegrees><LongitudeDegrees>-34.95251148</LongitudeDegrees></Position><HeartRateBpm><Value>177</Value></HeartRateBpm><Cadence>88</Cadence><Extensions><ns3:TPX><ns3:Speed>2.6600000858306885</ns3:Speed><ns3:Pace>0.37</ns3:Pace></ns3:TPX></Extensions></Trackpoint><Trackpoint><Time>2025-08-12T21:47:37Z</Time><Position><LatitudeDegrees>-8.04833455</LatitudeDegrees><LongitudeDegrees>-34.95245516</LongitudeDegrees></Position><HeartRateBpm><Value>177</Value></HeartRateBpm><Cadence>88</Cadence><Extensions><ns3:TPX><ns3:Speed>2.6700000762939453</ns3:Speed><ns3:Pace>0.37</ns3:Pace></ns3:TPX></Extensions></Trackpoint><Trackpoint><Time>2025-08-12T21:47:38Z</Time><Position><LatitudeDegrees>-8.04833854</LatitudeDegrees><LongitudeDegrees>-34.9524285</LongitudeDegrees></Position><HeartRateBpm><Value>178</Value></HeartRateBpm><Cadence>88</Cadence><Extensions><ns3:TPX><ns3:Speed>2.680000066757202</ns3:Speed><ns3:Pace>0.37</ns3:Pace></ns3:TPX></Extensions></Trackpoint><Trackpoint><Time>2025-08-12T21:47:39Z</Time><Position><LatitudeDegrees>-8.0483422</LatitudeDegrees><LongitudeDegrees>-34.95240383</LongitudeDegrees></Position><HeartRateBpm><Value>178</Value></HeartRateBpm><Cadence>88</Cadence><Extensions><ns3:TPX><ns3:Speed>2.680000066757202</ns3:Speed><ns3:Pace>0.37</ns3:Pace></ns3:TPX></Extensions></Trackpoint><Trackpoint><Time>2025-08-12T21:47:40Z</Time><Position><LatitudeDegrees>-8.04834519</LatitudeDegrees><LongitudeDegrees>-34.95237917</LongitudeDegrees></Position><HeartRateBpm><Value>178</Value></HeartRateBpm><Cadence>88</Cadence><Extensions><ns3:TPX><ns3:Speed>2.680000066757202</ns3:Speed><ns3:Pace>0.37</ns3:Pace></ns3:TPX></Extensions></Trackpoint><Trackpoint><Time>2025-08-12T21:47:41Z</Time><Position><LatitudeDegrees>-8.04834685</LatitudeDegrees><LongitudeDegrees>-34.95235518</LongitudeDegrees></Position><HeartRateBpm><Value>178</Value></HeartRateBpm><Cadence>88</Cadence><Extensions><ns3:TPX><ns3:Speed>2.680000066757202</ns3:Speed><ns3:Pace>0.37</ns3:Pace></ns3:TPX></Extensions></Trackpoint><Trackpoint><Time>2025-08-12T21:47:42Z</Time><Position><LatitudeDegrees>-8.04834685</LatitudeDegrees><LongitudeDegrees>-34.95233151</LongitudeDegrees></Position><HeartRateBpm><Value>179</Value></HeartRateBpm><Cadence>88</Cadence><Extensions><ns3:TPX><ns3:Speed>2.690000057220459</ns3:Speed><ns3:Pace>0.37</ns3:Pace></ns3:TPX></Extensions></Trackpoint><Trackpoint><Time>2025-08-12T21:47:43Z</Time><Position><LatitudeDegrees>-8.04834419</LatitudeDegrees><LongitudeDegrees>-34.95230452</LongitudeDegrees></Position><HeartRateBpm><Value>178</Value></HeartRateBpm><Cadence>88</Cadence><Extensions><ns3:TPX><ns3:Speed>2.700000047683716</ns3:Speed><ns3:Pace>0.36</ns3:Pace></ns3:TPX></Extensions></Trackpoint><Trackpoint><Time>2025-08-12T21:47:44Z</Time><Position><LatitudeDegrees>-8.04834053</LatitudeDegrees><LongitudeDegrees>-34.95227552</LongitudeDegrees></Position><HeartRateBpm><Value>178</Value></HeartRateBpm><Cadence>88</Cadence><Extensions><ns3:TPX><ns3:Speed>2.7100000381469727</ns3:Speed><ns3:Pace>0.36</ns3:Pace></ns3:TPX></Extensions></Trackpoint><Trackpoint><Time>2025-08-12T21:47:45Z</Time><Position><LatitudeDegrees>-8.0483382</LatitudeDegrees><LongitudeDegrees>-34.9522452</LongitudeDegrees></Position><HeartRateBpm><Value>179</Value></HeartRateBpm><Cadence>88</Cadence><Extensions><ns3:TPX><ns3:Speed>2.7100000381469727</ns3:Speed><ns3:Pace>0.36</ns3:Pace></ns3:TPX></Extensions></Trackpoint><Trackpoint><Time>2025-08-12T21:47:46Z</Time><Position><LatitudeDegrees>-8.04833788</LatitudeDegrees><LongitudeDegrees>-34.9522152</LongitudeDegrees></Position><HeartRateBpm><Value>179</Value></HeartRateBpm><Cadence>88</Cadence><Extensions><ns3:TPX><ns3:Speed>2.7100000381469727</ns3:Speed><ns3:Pace>0.36</ns3:Pace></ns3:TPX></Extensions></Trackpoint><Trackpoint><Time>2025-08-12T21:47:47Z</Time><Position><LatitudeDegrees>-8.04833788</LatitudeDegrees><LongitudeDegrees>-34.95219086</LongitudeDegrees></Position><HeartRateBpm><Value>179</Value></HeartRateBpm><Cadence>88</Cadence><Extensions><ns3:TPX><ns3:Speed>2.7100000381469727</ns3:Speed><ns3:Pace>0.36</ns3:Pace></ns3:TPX></Extensions></Trackpoint><Trackpoint><Time>2025-08-12T21:47:48Z</Time><Position><LatitudeDegrees>-8.04833987</LatitudeDegrees><LongitudeDegrees>-34.95216954</LongitudeDegrees></Position><HeartRateBpm><Value>179</Value></HeartRateBpm><Cadence>88</Cadence><Extensions><ns3:TPX><ns3:Speed>2.7100000381469727</ns3:Speed><ns3:Pace>0.36</ns3:Pace></ns3:TPX></Extensions></Trackpoint><Trackpoint><Time>2025-08-12T21:47:49Z</Time><Position><LatitudeDegrees>-8.04834087</LatitudeDegrees><LongitudeDegrees>-34.95214921</LongitudeDegrees></Position><HeartRateBpm><Value>179</Value></HeartRateBpm><Cadence>88</Cadence><Extensions><ns3:TPX><ns3:Speed>2.7100000381469727</ns3:Speed><ns3:Pace>0.36</ns3:Pace></ns3:TPX></Extensions></Trackpoint><Trackpoint><Time>2025-08-12T21:47:50Z</Time><Position><LatitudeDegrees>-8.04834186</LatitudeDegrees><LongitudeDegrees>-34.95212954</LongitudeDegrees></Position><HeartRateBpm><Value>179</Value></HeartRateBpm><Cadence>88</Cadence><Extensions><ns3:TPX><ns3:Speed>2.7100000381469727</ns3:Speed><ns3:Pace>0.36</ns3:Pace></ns3:TPX></Extensions></Trackpoint><Trackpoint><Time>2025-08-12T21:47:51Z</Time><Position><LatitudeDegrees>-8.04834318</LatitudeDegrees><LongitudeDegrees>-34.95210987</LongitudeDegrees></Position><HeartRateBpm><Value>179</Value></HeartRateBpm><Cadence>88</Cadence><Extensions><ns3:TPX><ns3:Speed>2.7100000381469727</ns3:Speed><ns3:Pace>0.37</ns3:Pace></ns3:TPX></Extensions></Trackpoint><Trackpoint><Time>2025-08-12T21:47:53Z</Time><Position><LatitudeDegrees>-8.04834618</LatitudeDegrees><LongitudeDegrees>-34.95208955</LongitudeDegrees></Position><HeartRateBpm><Value>179</Value></HeartRateBpm><Cadence>89</Cadence><Extensions><ns3:TPX><ns3:Speed>2.680000066757202</ns3:Speed><ns3:Pace>0.37</ns3:Pace></ns3:TPX></Extensions></Trackpoint><Trackpoint><Time>2025-08-12T21:47:54Z</Time><Position><LatitudeDegrees>-8.0483525</LatitudeDegrees><LongitudeDegrees>-34.95204557</LongitudeDegrees></Position><HeartRateBpm><Value>179</Value></HeartRateBpm><Cadence>87</Cadence><Extensions><ns3:TPX><ns3:Speed>2.6600000858306885</ns3:Speed><ns3:Pace>0.43</ns3:Pace></ns3:TPX></Extensions></Trackpoint><Trackpoint><Time>2025-08-12T21:47:55Z</Time><Position><LatitudeDegrees>-8.04835616</LatitudeDegrees><LongitudeDegrees>-34.95202224</LongitudeDegrees></Position><HeartRateBpm><Value>178</Value></HeartRateBpm><Cadence>88</Cadence><Extensions><ns3:TPX><ns3:Speed>2.319999933242798</ns3:Speed><ns3:Pace>0.5</ns3:Pace></ns3:TPX></Extensions></Trackpoint><Trackpoint><Time>2025-08-12T21:47:56Z</Time><Position><LatitudeDegrees>-8.04835915</LatitudeDegrees><LongitudeDegrees>-34.95199791</LongitudeDegrees></Position><HeartRateBpm><Value>176</Value></HeartRateBpm><Cadence>88</Cadence><Extensions><ns3:TPX><ns3:Speed>1.9900000095367432</ns3:Speed><ns3:Pace>0.48</ns3:Pace></ns3:TPX></Extensions></Trackpoint><Trackpoint><Time>2025-08-12T21:47:57Z</Time><Position><LatitudeDegrees>-8.04836214</LatitudeDegrees><LongitudeDegrees>-34.95197158</LongitudeDegrees></Position><HeartRateBpm><Value>175</Value></HeartRateBpm><Cadence>88</Cadence><Extensions><ns3:TPX><ns3:Speed>2.069999933242798</ns3:Speed><ns3:Pace>0.44</ns3:Pace></ns3:TPX></Extensions></Trackpoint><Trackpoint><Time>2025-08-12T21:47:58Z</Time><Position><LatitudeDegrees>-8.04836514</LatitudeDegrees><LongitudeDegrees>-34.95194192</LongitudeDegrees></Position><HeartRateBpm><Value>174</Value></HeartRateBpm><Cadence>89</Cadence><Extensions><ns3:TPX><ns3:Speed>2.25</ns3:Speed><ns3:Pace>0.44</ns3:Pace></ns3:TPX></Extensions></Trackpoint><Trackpoint><Time>2025-08-12T21:47:59Z</Time><Position><LatitudeDegrees>-8.0483678</LatitudeDegrees><LongitudeDegrees>-34.95191159</LongitudeDegrees></Position><HeartRateBpm><Value>174</Value></HeartRateBpm><Cadence>89</Cadence><Extensions><ns3:TPX><ns3:Speed>2.25</ns3:Speed><ns3:Pace>0.41</ns3:Pace></ns3:TPX></Extensions></Trackpoint><Trackpoint><Time>2025-08-12T21:48:00Z</Time><Position><LatitudeDegrees>-8.04837079</LatitudeDegrees><LongitudeDegrees>-34.95188092</LongitudeDegrees></Position><HeartRateBpm><Value>174</Value></HeartRateBpm><Cadence>89</Cadence><Extensions><ns3:TPX><ns3:Speed>2.380000114440918</ns3:Speed><ns3:Pace>0.4</ns3:Pace></ns3:TPX></Extensions></Trackpoint><Trackpoint><Time>2025-08-12T21:48:01Z</Time><Position><LatitudeDegrees>-8.04837479</LatitudeDegrees><LongitudeDegrees>-34.95185193</LongitudeDegrees></Position><HeartRateBpm><Value>173</Value></HeartRateBpm><Cadence>88</Cadence><Extensions><ns3:TPX><ns3:Speed>2.450000047683716</ns3:Speed><ns3:Pace>0.39</ns3:Pace></ns3:TPX></Extensions></Trackpoint><Trackpoint><Time>2025-08-12T21:48:02Z</Time><Position><LatitudeDegrees>-8.04837911</LatitudeDegrees><LongitudeDegrees>-34.95182328</LongitudeDegrees></Position><HeartRateBpm><Value>173</Value></HeartRateBpm><Cadence>88</Cadence><Extensions><ns3:TPX><ns3:Speed>2.549999952316284</ns3:Speed><ns3:Pace>0.37</ns3:Pace></ns3:TPX></Extensions></Trackpoint><Trackpoint><Time>2025-08-12T21:48:03Z</Time><Position><LatitudeDegrees>-8.04838211</LatitudeDegrees><LongitudeDegrees>-34.95179361</LongitudeDegrees></Position><HeartRateBpm><Value>173</Value></HeartRateBpm><Cadence>88</Cadence><Extensions><ns3:TPX><ns3:Speed>2.6700000762939453</ns3:Speed><ns3:Pace>0.35</ns3:Pace></ns3:TPX></Extensions></Trackpoint><Trackpoint><Time>2025-08-12T21:48:04Z</Time><Position><LatitudeDegrees>-8.04838677</LatitudeDegrees><LongitudeDegrees>-34.95176395</LongitudeDegrees></Position><HeartRateBpm><Value>173</Value></HeartRateBpm><Cadence>87</Cadence><Extensions><ns3:TPX><ns3:Speed>2.7899999618530273</ns3:Speed><ns3:Pace>0.35</ns3:Pace></ns3:TPX></Extensions></Trackpoint><Trackpoint><Time>2025-08-12T21:48:05Z</Time><Position><LatitudeDegrees>-8.0483901</LatitudeDegrees><LongitudeDegrees>-34.95173296</LongitudeDegrees></Position><HeartRateBpm><Value>173</Value></HeartRateBpm><Cadence>87</Cadence><Extensions><ns3:TPX><ns3:Speed>2.7899999618530273</ns3:Speed><ns3:Pace>0.34</ns3:Pace></ns3:TPX></Extensions></Trackpoint><Trackpoint><Time>2025-08-12T21:48:06Z</Time><Position><LatitudeDegrees>-8.0483921</LatitudeDegrees><LongitudeDegrees>-34.95170396</LongitudeDegrees></Position><HeartRateBpm><Value>172</Value></HeartRateBpm><Cadence>88</Cadence><Extensions><ns3:TPX><ns3:Speed>2.859999895095825</ns3:Speed><ns3:Pace>0.34</ns3:Pace></ns3:TPX></Extensions></Trackpoint><Trackpoint><Time>2025-08-12T21:48:07Z</Time><Position><LatitudeDegrees>-8.04839477</LatitudeDegrees><LongitudeDegrees>-34.9516763</LongitudeDegrees></Position><HeartRateBpm><Value>171</Value></HeartRateBpm><Cadence>88</Cadence><Extensions><ns3:TPX><ns3:Speed>2.869999885559082</ns3:Speed><ns3:Pace>0.34</ns3:Pace></ns3:TPX></Extensions></Trackpoint><Trackpoint><Time>2025-08-12T21:48:08Z</Time><Position><LatitudeDegrees>-8.04839709</LatitudeDegrees><LongitudeDegrees>-34.95165064</LongitudeDegrees></Position><HeartRateBpm><Value>171</Value></HeartRateBpm><Cadence>88</Cadence><Extensions><ns3:TPX><ns3:Speed>2.880000114440918</ns3:Speed><ns3:Pace>0.35</ns3:Pace></ns3:TPX></Extensions></Trackpoint><Trackpoint><Time>2025-08-12T21:48:09Z</Time><Position><LatitudeDegrees>-8.04840075</LatitudeDegrees><LongitudeDegrees>-34.95162465</LongitudeDegrees></Position><HeartRateBpm><Value>171</Value></HeartRateBpm><Cadence>89</Cadence><Extensions><ns3:TPX><ns3:Speed>2.8499999046325684</ns3:Speed><ns3:Pace>0.35</ns3:Pace></ns3:TPX></Extensions></Trackpoint><Trackpoint><Time>2025-08-12T21:48:10Z</Time><Position><LatitudeDegrees>-8.04840441</LatitudeDegrees><LongitudeDegrees>-34.95159933</LongitudeDegrees></Position><HeartRateBpm><Value>171</Value></HeartRateBpm><Cadence>89</Cadence><Extensions><ns3:TPX><ns3:Speed>2.8399999141693115</ns3:Speed><ns3:Pace>0.35</ns3:Pace></ns3:TPX></Extensions></Trackpoint><Trackpoint><Time>2025-08-12T21:48:11Z</Time><Position><LatitudeDegrees>-8.04840706</LatitudeDegrees><LongitudeDegrees>-34.95157433</LongitudeDegrees></Position><HeartRateBpm><Value>171</Value></HeartRateBpm><Cadence>89</Cadence><Extensions><ns3:TPX><ns3:Speed>2.8399999141693115</ns3:Speed><ns3:Pace>0.34</ns3:Pace></ns3:TPX></Extensions></Trackpoint><Trackpoint><Time>2025-08-12T21:48:12Z</Time><Position><LatitudeDegrees>-8.0484104</LatitudeDegrees><LongitudeDegrees>-34.95154966</LongitudeDegrees></Position><HeartRateBpm><Value>172</Value></HeartRateBpm><Cadence>88</Cadence><Extensions><ns3:TPX><ns3:Speed>2.859999895095825</ns3:Speed><ns3:Pace>0.35</ns3:Pace></ns3:TPX></Extensions></Trackpoint><Trackpoint><Time>2025-08-12T21:48:13Z</Time><Position><LatitudeDegrees>-8.04841272</LatitudeDegrees><LongitudeDegrees>-34.95152466</LongitudeDegrees></Position><HeartRateBpm><Value>173</Value></HeartRateBpm><Cadence>88</Cadence><Extensions><ns3:TPX><ns3:Speed>2.8399999141693115</ns3:Speed><ns3:Pace>0.35</ns3:Pace></ns3:TPX></Extensions></Trackpoint><Trackpoint><Time>2025-08-12T21:48:14Z</Time><Position><LatitudeDegrees>-8.04841571</LatitudeDegrees><LongitudeDegrees>-34.95149867</LongitudeDegrees></Position><HeartRateBpm><Value>176</Value></HeartRateBpm><Cadence>88</Cadence><Extensions><ns3:TPX><ns3:Speed>2.799999952316284</ns3:Speed><ns3:Pace>0.36</ns3:Pace></ns3:TPX></Extensions></Trackpoint><Trackpoint><Time>2025-08-12T21:48:15Z</Time><Position><LatitudeDegrees>-8.04841871</LatitudeDegrees><LongitudeDegrees>-34.95147401</LongitudeDegrees></Position><HeartRateBpm><Value>177</Value></HeartRateBpm><Cadence>88</Cadence><Extensions><ns3:TPX><ns3:Speed>2.7699999809265137</ns3:Speed><ns3:Pace>0.36</ns3:Pace></ns3:TPX></Extensions></Trackpoint><Trackpoint><Time>2025-08-12T21:48:16Z</Time><Position><LatitudeDegrees>-8.04842237</LatitudeDegrees><LongitudeDegrees>-34.95145001</LongitudeDegrees></Position><HeartRateBpm><Value>178</Value></HeartRateBpm><Cadence>88</Cadence><Extensions><ns3:TPX><ns3:Speed>2.759999990463257</ns3:Speed><ns3:Pace>0.36</ns3:Pace></ns3:TPX></Extensions></Trackpoint><Trackpoint><Time>2025-08-12T21:48:17Z</Time><Position><LatitudeDegrees>-8.04842636</LatitudeDegrees><LongitudeDegrees>-34.95142736</LongitudeDegrees></Position><HeartRateBpm><Value>178</Value></HeartRateBpm><Cadence>88</Cadence><Extensions><ns3:TPX><ns3:Speed>2.759999990463257</ns3:Speed><ns3:Pace>0.36</ns3:Pace></ns3:TPX></Extensions></Trackpoint><Trackpoint><Time>2025-08-12T21:48:18Z</Time><Position><LatitudeDegrees>-8.04843036</LatitudeDegrees><LongitudeDegrees>-34.9514047</LongitudeDegrees></Position><HeartRateBpm><Value>178</Value></HeartRateBpm><Cadence>88</Cadence><Extensions><ns3:TPX><ns3:Speed>2.740000009536743</ns3:Speed><ns3:Pace>0.36</ns3:Pace></ns3:TPX></Extensions></Trackpoint><Trackpoint><Time>2025-08-12T21:48:19Z</Time><Position><LatitudeDegrees>-8.04843236</LatitudeDegrees><LongitudeDegrees>-34.95138103</LongitudeDegrees></Position><HeartRateBpm><Value>178</Value></HeartRateBpm><Cadence>88</Cadence><Extensions><ns3:TPX><ns3:Speed>2.7300000190734863</ns3:Speed><ns3:Pace>0.36</ns3:Pace></ns3:TPX></Extensions></Trackpoint><Trackpoint><Time>2025-08-12T21:48:20Z</Time><Position><LatitudeDegrees>-8.04843436</LatitudeDegrees><LongitudeDegrees>-34.95135771</LongitudeDegrees></Position><HeartRateBpm><Value>178</Value></HeartRateBpm><Cadence>88</Cadence><Extensions><ns3:TPX><ns3:Speed>2.7100000381469727</ns3:Speed><ns3:Pace>0.37</ns3:Pace></ns3:TPX></Extensions></Trackpoint><Trackpoint><Time>2025-08-12T21:48:21Z</Time><Position><LatitudeDegrees>-8.04843568</LatitudeDegrees><LongitudeDegrees>-34.95133372</LongitudeDegrees></Position><HeartRateBpm><Value>178</Value></HeartRateBpm><Cadence>88</Cadence><Extensions><ns3:TPX><ns3:Speed>2.6700000762939453</ns3:Speed><ns3:Pace>0.37</ns3:Pace></ns3:TPX></Extensions></Trackpoint><Trackpoint><Time>2025-08-12T21:48:22Z</Time><Position><LatitudeDegrees>-8.048438</LatitudeDegrees><LongitudeDegrees>-34.95131005</LongitudeDegrees></Position><HeartRateBpm><Value>177</Value></HeartRateBpm><Cadence>88</Cadence><Extensions><ns3:TPX><ns3:Speed>2.630000114440918</ns3:Speed><ns3:Pace>0.37</ns3:Pace></ns3:TPX></Extensions></Trackpoint><Trackpoint><Time>2025-08-12T21:48:23Z</Time><Position><LatitudeDegrees>-8.04844134</LatitudeDegrees><LongitudeDegrees>-34.9512864</LongitudeDegrees></Position><HeartRateBpm><Value>177</Value></HeartRateBpm><Cadence>88</Cadence><Extensions><ns3:TPX><ns3:Speed>2.630000114440918</ns3:Speed><ns3:Pace>0.38</ns3:Pace></ns3:TPX></Extensions></Trackpoint><Trackpoint><Time>2025-08-12T21:48:24Z</Time><Position><LatitudeDegrees>-8.04844467</LatitudeDegrees><LongitudeDegrees>-34.95126273</LongitudeDegrees></Position><HeartRateBpm><Value>177</Value></HeartRateBpm><Cadence>88</Cadence><Extensions><ns3:TPX><ns3:Speed>2.630000114440918</ns3:Speed><ns3:Pace>0.38</ns3:Pace></ns3:TPX></Extensions></Trackpoint><Trackpoint><Time>2025-08-12T21:48:25Z</Time><Position><LatitudeDegrees>-8.048448</LatitudeDegrees><LongitudeDegrees>-34.95123974</LongitudeDegrees></Position><HeartRateBpm><Value>175</Value></HeartRateBpm><Cadence>88</Cadence><Extensions><ns3:TPX><ns3:Speed>2.619999885559082</ns3:Speed><ns3:Pace>0.38</ns3:Pace></ns3:TPX></Extensions></Trackpoint><Trackpoint><Time>2025-08-12T21:48:26Z</Time><Position><LatitudeDegrees>-8.04845133</LatitudeDegrees><LongitudeDegrees>-34.95121675</LongitudeDegrees></Position><HeartRateBpm><Value>175</Value></HeartRateBpm><Cadence>89</Cadence><Extensions><ns3:TPX><ns3:Speed>2.619999885559082</ns3:Speed><ns3:Pace>0.38</ns3:Pace></ns3:TPX></Extensions></Trackpoint><Trackpoint><Time>2025-08-12T21:48:27Z</Time><Position><LatitudeDegrees>-8.04845365</LatitudeDegrees><LongitudeDegrees>-34.95119409</LongitudeDegrees></Position><HeartRateBpm><Value>175</Value></HeartRateBpm><Cadence>88</Cadence><Extensions><ns3:TPX><ns3:Speed>2.609999895095825</ns3:Speed><ns3:Pace>0.38</ns3:Pace></ns3:TPX></Extensions></Trackpoint><Trackpoint><Time>2025-08-12T21:48:28Z</Time><Position><LatitudeDegrees>-8.04845497</LatitudeDegrees><LongitudeDegrees>-34.95117144</LongitudeDegrees></Position><HeartRateBpm><Value>173</Value></HeartRateBpm><Cadence>88</Cadence><Extensions><ns3:TPX><ns3:Speed>2.5999999046325684</ns3:Speed><ns3:Pace>0.38</ns3:Pace></ns3:TPX></Extensions></Trackpoint><Trackpoint><Time>2025-08-12T21:48:29Z</Time><Position><LatitudeDegrees>-8.04845564</LatitudeDegrees><LongitudeDegrees>-34.95114845</LongitudeDegrees></Position><HeartRateBpm><Value>173</Value></HeartRateBpm><Cadence>88</Cadence><Extensions><ns3:TPX><ns3:Speed>2.5999999046325684</ns3:Speed><ns3:Pace>0.38</ns3:Pace></ns3:TPX></Extensions></Trackpoint><Trackpoint><Time>2025-08-12T21:48:30Z</Time><Position><LatitudeDegrees>-8.04845631</LatitudeDegrees><LongitudeDegrees>-34.95112411</LongitudeDegrees></Position><HeartRateBpm><Value>172</Value></HeartRateBpm><Cadence>88</Cadence><Extensions><ns3:TPX><ns3:Speed>2.5799999237060547</ns3:Speed><ns3:Pace>0.38</ns3:Pace></ns3:TPX></Extensions></Trackpoint><Trackpoint><Time>2025-08-12T21:48:31Z</Time><Position><LatitudeDegrees>-8.04845763</LatitudeDegrees><LongitudeDegrees>-34.95110046</LongitudeDegrees></Position><HeartRateBpm><Value>172</Value></HeartRateBpm><Cadence>88</Cadence><Extensions><ns3:TPX><ns3:Speed>2.569999933242798</ns3:Speed><ns3:Pace>0.38</ns3:Pace></ns3:TPX></Extensions></Trackpoint><Trackpoint><Time>2025-08-12T21:48:32Z</Time><Position><LatitudeDegrees>-8.04845863</LatitudeDegrees><LongitudeDegrees>-34.95107646</LongitudeDegrees></Position><HeartRateBpm><Value>172</Value></HeartRateBpm><Cadence>88</Cadence><Extensions><ns3:TPX><ns3:Speed>2.569999933242798</ns3:Speed><ns3:Pace>0.38</ns3:Pace></ns3:TPX></Extensions></Trackpoint><Trackpoint><Time>2025-08-12T21:48:33Z</Time><Position><LatitudeDegrees>-8.04845962</LatitudeDegrees><LongitudeDegrees>-34.95105313</LongitudeDegrees></Position><HeartRateBpm><Value>172</Value></HeartRateBpm><Cadence>88</Cadence><Extensions><ns3:TPX><ns3:Speed>2.569999933242798</ns3:Speed><ns3:Pace>0.38</ns3:Pace></ns3:TPX></Extensions></Trackpoint><Trackpoint><Time>2025-08-12T21:48:34Z</Time><Position><LatitudeDegrees>-8.04846128</LatitudeDegrees><LongitudeDegrees>-34.9510288</LongitudeDegrees></Position><HeartRateBpm><Value>172</Value></HeartRateBpm><Cadence>88</Cadence><Extensions><ns3:TPX><ns3:Speed>2.569999933242798</ns3:Speed><ns3:Pace>0.38</ns3:Pace></ns3:TPX></Extensions></Trackpoint><Trackpoint><Time>2025-08-12T21:48:35Z</Time><Position><LatitudeDegrees>-8.04846361</LatitudeDegrees><LongitudeDegrees>-34.95100514</LongitudeDegrees></Position><HeartRateBpm><Value>172</Value></HeartRateBpm><Cadence>88</Cadence><Extensions><ns3:TPX><ns3:Speed>2.569999933242798</ns3:Speed><ns3:Pace>0.38</ns3:Pace></ns3:TPX></Extensions></Trackpoint><Trackpoint><Time>2025-08-12T21:48:36Z</Time><Position><LatitudeDegrees>-8.0484656</LatitudeDegrees><LongitudeDegrees>-34.95098081</LongitudeDegrees></Position><HeartRateBpm><Value>172</Value></HeartRateBpm><Cadence>88</Cadence><Extensions><ns3:TPX><ns3:Speed>2.569999933242798</ns3:Speed><ns3:Pace>0.38</ns3:Pace></ns3:TPX></Extensions></Trackpoint><Trackpoint><Time>2025-08-12T21:48:37Z</Time><Position><LatitudeDegrees>-8.0484676</LatitudeDegrees><LongitudeDegrees>-34.95095648</LongitudeDegrees></Position><HeartRateBpm><Value>172</Value></HeartRateBpm><Cadence>88</Cadence><Extensions><ns3:TPX><ns3:Speed>2.569999933242798</ns3:Speed><ns3:Pace>0.38</ns3:Pace></ns3:TPX></Extensions></Trackpoint><Trackpoint><Time>2025-08-12T21:48:38Z</Time><Position><LatitudeDegrees>-8.04846892</LatitudeDegrees><LongitudeDegrees>-34.95093249</LongitudeDegrees></Position><HeartRateBpm><Value>171</Value></HeartRateBpm><Cadence>88</Cadence><Extensions><ns3:TPX><ns3:Speed>2.569999933242798</ns3:Speed><ns3:Pace>0.38</ns3:Pace></ns3:TPX></Extensions></Trackpoint><Trackpoint><Time>2025-08-12T21:48:39Z</Time><Position><LatitudeDegrees>-8.04846926</LatitudeDegrees><LongitudeDegrees>-34.95091015</LongitudeDegrees></Position><HeartRateBpm><Value>170</Value></HeartRateBpm><Cadence>88</Cadence><Extensions><ns3:TPX><ns3:Speed>2.569999933242798</ns3:Speed><ns3:Pace>0.38</ns3:Pace></ns3:TPX></Extensions></Trackpoint><Trackpoint><Time>2025-08-12T21:48:40Z</Time><Position><LatitudeDegrees>-8.04846991</LatitudeDegrees><LongitudeDegrees>-34.9508865</LongitudeDegrees></Position><HeartRateBpm><Value>169</Value></HeartRateBpm><Cadence>88</Cadence><Extensions><ns3:TPX><ns3:Speed>2.569999933242798</ns3:Speed><ns3:Pace>0.38</ns3:Pace></ns3:TPX></Extensions></Trackpoint><Trackpoint><Time>2025-08-12T21:48:41Z</Time><Position><LatitudeDegrees>-8.04846758</LatitudeDegrees><LongitudeDegrees>-34.9508625</LongitudeDegrees></Position><HeartRateBpm><Value>169</Value></HeartRateBpm><Cadence>88</Cadence><Extensions><ns3:TPX><ns3:Speed>2.569999933242798</ns3:Speed><ns3:Pace>0.38</ns3:Pace></ns3:TPX></Extensions></Trackpoint><Trackpoint><Time>2025-08-12T21:48:42Z</Time><Position><LatitudeDegrees>-8.04846292</LatitudeDegrees><LongitudeDegrees>-34.95083651</LongitudeDegrees></Position><HeartRateBpm><Value>169</Value></HeartRateBpm><Cadence>87</Cadence><Extensions><ns3:TPX><ns3:Speed>2.5799999237060547</ns3:Speed><ns3:Pace>0.38</ns3:Pace></ns3:TPX></Extensions></Trackpoint><Trackpoint><Time>2025-08-12T21:48:43Z</Time><Position><LatitudeDegrees>-8.04845959</LatitudeDegrees><LongitudeDegrees>-34.95080951</LongitudeDegrees></Position><HeartRateBpm><Value>168</Value></HeartRateBpm><Cadence>87</Cadence><Extensions><ns3:TPX><ns3:Speed>2.5799999237060547</ns3:Speed><ns3:Pace>0.38</ns3:Pace></ns3:TPX></Extensions></Trackpoint><Trackpoint><Time>2025-08-12T21:48:44Z</Time><Position><LatitudeDegrees>-8.0484586</LatitudeDegrees><LongitudeDegrees>-34.95078352</LongitudeDegrees></Position><HeartRateBpm><Value>168</Value></HeartRateBpm><Cadence>88</Cadence><Extensions><ns3:TPX><ns3:Speed>2.5799999237060547</ns3:Speed><ns3:Pace>0.38</ns3:Pace></ns3:TPX></Extensions></Trackpoint><Trackpoint><Time>2025-08-12T21:48:45Z</Time><Position><LatitudeDegrees>-8.04845892</LatitudeDegrees><LongitudeDegrees>-34.95076086</LongitudeDegrees></Position><HeartRateBpm><Value>169</Value></HeartRateBpm><Cadence>88</Cadence><Extensions><ns3:TPX><ns3:Speed>2.5899999141693115</ns3:Speed><ns3:Pace>0.38</ns3:Pace></ns3:TPX></Extensions></Trackpoint><Trackpoint><Time>2025-08-12T21:48:46Z</Time><Position><LatitudeDegrees>-8.04845992</LatitudeDegrees><LongitudeDegrees>-34.95073987</LongitudeDegrees></Position><HeartRateBpm><Value>169</Value></HeartRateBpm><Cadence>88</Cadence><Extensions><ns3:TPX><ns3:Speed>2.5899999141693115</ns3:Speed><ns3:Pace>0.38</ns3:Pace></ns3:TPX></Extensions></Trackpoint><Trackpoint><Time>2025-08-12T21:48:47Z</Time><Position><LatitudeDegrees>-8.04845826</LatitudeDegrees><LongitudeDegrees>-34.95072054</LongitudeDegrees></Position><HeartRateBpm><Value>169</Value></HeartRateBpm><Cadence>88</Cadence><Extensions><ns3:TPX><ns3:Speed>2.5899999141693115</ns3:Speed><ns3:Pace>0.38</ns3:Pace></ns3:TPX></Extensions></Trackpoint><Trackpoint><Time>2025-08-12T21:48:48Z</Time><Position><LatitudeDegrees>-8.04845327</LatitudeDegrees><LongitudeDegrees>-34.95070454</LongitudeDegrees></Position><HeartRateBpm><Value>169</Value></HeartRateBpm><Cadence>88</Cadence><Extensions><ns3:TPX><ns3:Speed>2.5899999141693115</ns3:Speed><ns3:Pace>0.38</ns3:Pace></ns3:TPX></Extensions></Trackpoint><Trackpoint><Time>2025-08-12T21:48:49Z</Time><Position><LatitudeDegrees>-8.04844393</LatitudeDegrees><LongitudeDegrees>-34.95069255</LongitudeDegrees></Position><HeartRateBpm><Value>167</Value></HeartRateBpm><Cadence>88</Cadence><Extensions><ns3:TPX><ns3:Speed>2.5899999141693115</ns3:Speed><ns3:Pace>0.38</ns3:Pace></ns3:TPX></Extensions></Trackpoint><Trackpoint><Time>2025-08-12T21:48:50Z</Time><Position><LatitudeDegrees>-8.04843093</LatitudeDegrees><LongitudeDegrees>-34.95068488</LongitudeDegrees></Position><HeartRateBpm><Value>167</Value></HeartRateBpm><Cadence>87</Cadence><Extensions><ns3:TPX><ns3:Speed>2.5899999141693115</ns3:Speed><ns3:Pace>0.38</ns3:Pace></ns3:TPX></Extensions></Trackpoint><Trackpoint><Time>2025-08-12T21:48:51Z</Time><Position><LatitudeDegrees>-8.04841494</LatitudeDegrees><LongitudeDegrees>-34.95067988</LongitudeDegrees></Position><HeartRateBpm><Value>167</Value></HeartRateBpm><Cadence>87</Cadence><Extensions><ns3:TPX><ns3:Speed>2.5799999237060547</ns3:Speed><ns3:Pace>0.38</ns3:Pace></ns3:TPX></Extensions></Trackpoint><Trackpoint><Time>2025-08-12T21:48:52Z</Time><Position><LatitudeDegrees>-8.04839661</LatitudeDegrees><LongitudeDegrees>-34.95067622</LongitudeDegrees></Position><HeartRateBpm><Value>167</Value></HeartRateBpm><Cadence>87</Cadence><Extensions><ns3:TPX><ns3:Speed>2.569999933242798</ns3:Speed><ns3:Pace>0.38</ns3:Pace></ns3:TPX></Extensions></Trackpoint><Trackpoint><Time>2025-08-12T21:48:53Z</Time><Position><LatitudeDegrees>-8.04837795</LatitudeDegrees><LongitudeDegrees>-34.95067357</LongitudeDegrees></Position><HeartRateBpm><Value>167</Value></HeartRateBpm><Cadence>87</Cadence><Extensions><ns3:TPX><ns3:Speed>2.569999933242798</ns3:Speed><ns3:Pace>0.39</ns3:Pace></ns3:TPX></Extensions></Trackpoint><Trackpoint><Time>2025-08-12T21:48:54Z</Time><Position><LatitudeDegrees>-8.04835896</LatitudeDegrees><LongitudeDegrees>-34.95067224</LongitudeDegrees></Position><HeartRateBpm><Value>167</Value></HeartRateBpm><Cadence>88</Cadence><Extensions><ns3:TPX><ns3:Speed>2.549999952316284</ns3:Speed><ns3:Pace>0.39</ns3:Pace></ns3:TPX></Extensions></Trackpoint><Trackpoint><Time>2025-08-12T21:48:55Z</Time><Position><LatitudeDegrees>-8.04833997</LatitudeDegrees><LongitudeDegrees>-34.9506729</LongitudeDegrees></Position><HeartRateBpm><Value>170</Value></HeartRateBpm><Cadence>88</Cadence><Extensions><ns3:TPX><ns3:Speed>2.5299999713897705</ns3:Speed><ns3:Pace>0.39</ns3:Pace></ns3:TPX></Extensions></Trackpoint><Trackpoint><Time>2025-08-12T21:48:56Z</Time><Position><LatitudeDegrees>-8.04832098</LatitudeDegrees><LongitudeDegrees>-34.95067456</LongitudeDegrees></Position><HeartRateBpm><Value>171</Value></HeartRateBpm><Cadence>88</Cadence><Extensions><ns3:TPX><ns3:Speed>2.5199999809265137</ns3:Speed><ns3:Pace>0.39</ns3:Pace></ns3:TPX></Extensions></Trackpoint><Trackpoint><Time>2025-08-12T21:48:57Z</Time><Position><LatitudeDegrees>-8.04829966</LatitudeDegrees><LongitudeDegrees>-34.95067755</LongitudeDegrees></Position><HeartRateBpm><Value>171</Value></HeartRateBpm><Cadence>87</Cadence><Extensions><ns3:TPX><ns3:Speed>2.509999990463257</ns3:Speed><ns3:Pace>0.4</ns3:Pace></ns3:TPX></Extensions></Trackpoint><Trackpoint><Time>2025-08-12T21:48:58Z</Time><Position><LatitudeDegrees>-8.04827799</LatitudeDegrees><LongitudeDegrees>-34.95067888</LongitudeDegrees></Position><HeartRateBpm><Value>171</Value></HeartRateBpm><Cadence>88</Cadence><Extensions><ns3:TPX><ns3:Speed>2.5</ns3:Speed><ns3:Pace>0.4</ns3:Pace></ns3:TPX></Extensions></Trackpoint><Trackpoint><Time>2025-08-12T21:48:59Z</Time><Position><LatitudeDegrees>-8.04825467</LatitudeDegrees><LongitudeDegrees>-34.95067789</LongitudeDegrees></Position><HeartRateBpm><Value>171</Value></HeartRateBpm><Cadence>88</Cadence><Extensions><ns3:TPX><ns3:Speed>2.5</ns3:Speed><ns3:Pace>0.4</ns3:Pace></ns3:TPX></Extensions></Trackpoint><Trackpoint><Time>2025-08-12T21:49:00Z</Time><Position><LatitudeDegrees>-8.04823167</LatitudeDegrees><LongitudeDegrees>-34.95067456</LongitudeDegrees></Position><HeartRateBpm><Value>171</Value></HeartRateBpm><Cadence>87</Cadence><Extensions><ns3:TPX><ns3:Speed>2.4800000190734863</ns3:Speed><ns3:Pace>0.4</ns3:Pace></ns3:TPX></Extensions></Trackpoint><Trackpoint><Time>2025-08-12T21:49:01Z</Time><Position><LatitudeDegrees>-8.04820934</LatitudeDegrees><LongitudeDegrees>-34.9506709</LongitudeDegrees></Position><HeartRateBpm><Value>171</Value></HeartRateBpm><Cadence>87</Cadence><Extensions><ns3:TPX><ns3:Speed>2.4800000190734863</ns3:Speed><ns3:Pace>0.4</ns3:Pace></ns3:TPX></Extensions></Trackpoint><Trackpoint><Time>2025-08-12T21:49:02Z</Time><Position><LatitudeDegrees>-8.04818767</LatitudeDegrees><LongitudeDegrees>-34.95066557</LongitudeDegrees></Position><HeartRateBpm><Value>170</Value></HeartRateBpm><Cadence>88</Cadence><Extensions><ns3:TPX><ns3:Speed>2.4700000286102295</ns3:Speed><ns3:Pace>0.4</ns3:Pace></ns3:TPX></Extensions></Trackpoint><Trackpoint><Time>2025-08-12T21:49:03Z</Time><Position><LatitudeDegrees>-8.04816601</LatitudeDegrees><LongitudeDegrees>-34.95066023</LongitudeDegrees></Position><HeartRateBpm><Value>170</Value></HeartRateBpm><Cadence>87</Cadence><Extensions><ns3:TPX><ns3:Speed>2.4700000286102295</ns3:Speed><ns3:Pace>0.4</ns3:Pace></ns3:TPX></Extensions></Trackpoint><Trackpoint><Time>2025-08-12T21:49:04Z</Time><Position><LatitudeDegrees>-8.04814436</LatitudeDegrees><LongitudeDegrees>-34.95065358</LongitudeDegrees></Position><HeartRateBpm><Value>170</Value></HeartRateBpm><Cadence>87</Cadence><Extensions><ns3:TPX><ns3:Speed>2.4700000286102295</ns3:Speed><ns3:Pace>0.4</ns3:Pace></ns3:TPX></Extensions></Trackpoint><Trackpoint><Time>2025-08-12T21:49:05Z</Time><Position><LatitudeDegrees>-8.04812202</LatitudeDegrees><LongitudeDegrees>-34.95064624</LongitudeDegrees></Position><HeartRateBpm><Value>170</Value></HeartRateBpm><Cadence>87</Cadence><Extensions><ns3:TPX><ns3:Speed>2.4700000286102295</ns3:Speed><ns3:Pace>0.4</ns3:Pace></ns3:TPX></Extensions></Trackpoint><Trackpoint><Time>2025-08-12T21:49:06Z</Time><Position><LatitudeDegrees>-8.04809769</LatitudeDegrees><LongitudeDegrees>-34.95063925</LongitudeDegrees></Position><HeartRateBpm><Value>169</Value></HeartRateBpm><Cadence>88</Cadence><Extensions><ns3:TPX><ns3:Speed>2.4800000190734863</ns3:Speed><ns3:Pace>0.4</ns3:Pace></ns3:TPX></Extensions></Trackpoint><Trackpoint><Time>2025-08-12T21:49:07Z</Time><Position><LatitudeDegrees>-8.0480727</LatitudeDegrees><LongitudeDegrees>-34.95063326</LongitudeDegrees></Position><HeartRateBpm><Value>166</Value></HeartRateBpm><Cadence>88</Cadence><Extensions><ns3:TPX><ns3:Speed>2.4800000190734863</ns3:Speed><ns3:Pace>0.4</ns3:Pace></ns3:TPX></Extensions></Trackpoint><Trackpoint><Time>2025-08-12T21:49:08Z</Time><Position><LatitudeDegrees>-8.0480477</LatitudeDegrees><LongitudeDegrees>-34.95062893</LongitudeDegrees></Position><HeartRateBpm><Value>165</Value></HeartRateBpm><Cadence>87</Cadence><Extensions><ns3:TPX><ns3:Speed>2.4800000190734863</ns3:Speed><ns3:Pace>0.4</ns3:Pace></ns3:TPX></Extensions></Trackpoint><Trackpoint><Time>2025-08-12T21:49:09Z</Time><Position><LatitudeDegrees>-8.04802338</LatitudeDegrees><LongitudeDegrees>-34.95062426</LongitudeDegrees></Position><HeartRateBpm><Value>165</Value></HeartRateBpm><Cadence>87</Cadence><Extensions><ns3:TPX><ns3:Speed>2.4800000190734863</ns3:Speed><ns3:Pace>0.4</ns3:Pace></ns3:TPX></Extensions></Trackpoint><Trackpoint><Time>2025-08-12T21:49:10Z</Time><Position><LatitudeDegrees>-8.04799939</LatitudeDegrees><LongitudeDegrees>-34.95062127</LongitudeDegrees></Position><HeartRateBpm><Value>165</Value></HeartRateBpm><Cadence>87</Cadence><Extensions><ns3:TPX><ns3:Speed>2.490000009536743</ns3:Speed><ns3:Pace>0.39</ns3:Pace></ns3:TPX></Extensions></Trackpoint><Trackpoint><Time>2025-08-12T21:49:11Z</Time><Position><LatitudeDegrees>-8.04797605</LatitudeDegrees><LongitudeDegrees>-34.95062028</LongitudeDegrees></Position><HeartRateBpm><Value>165</Value></HeartRateBpm><Cadence>86</Cadence><Extensions><ns3:TPX><ns3:Speed>2.5</ns3:Speed><ns3:Pace>0.39</ns3:Pace></ns3:TPX></Extensions></Trackpoint><Trackpoint><Time>2025-08-12T21:49:12Z</Time><Position><LatitudeDegrees>-8.0479544</LatitudeDegrees><LongitudeDegrees>-34.95062127</LongitudeDegrees></Position><HeartRateBpm><Value>165</Value></HeartRateBpm><Cadence>86</Cadence><Extensions><ns3:TPX><ns3:Speed>2.5</ns3:Speed><ns3:Pace>0.39</ns3:Pace></ns3:TPX></Extensions></Trackpoint><Trackpoint><Time>2025-08-12T21:49:13Z</Time><Position><LatitudeDegrees>-8.04793307</LatitudeDegrees><LongitudeDegrees>-34.95062227</LongitudeDegrees></Position><HeartRateBpm><Value>166</Value></HeartRateBpm><Cadence>87</Cadence><Extensions><ns3:TPX><ns3:Speed>2.509999990463257</ns3:Speed><ns3:Pace>0.39</ns3:Pace></ns3:TPX></Extensions></Trackpoint><Trackpoint><Time>2025-08-12T21:49:14Z</Time><Position><LatitudeDegrees>-8.04791241</LatitudeDegrees><LongitudeDegrees>-34.9506236</LongitudeDegrees></Position><HeartRateBpm><Value>167</Value></HeartRateBpm><Cadence>87</Cadence><Extensions><ns3:TPX><ns3:Speed>2.509999990463257</ns3:Speed><ns3:Pace>0.39</ns3:Pace></ns3:TPX></Extensions></Trackpoint><Trackpoint><Time>2025-08-12T21:49:15Z</Time><Position><LatitudeDegrees>-8.04789141</LatitudeDegrees><LongitudeDegrees>-34.9506236</LongitudeDegrees></Position><HeartRateBpm><Value>168</Value></HeartRateBpm><Cadence>87</Cadence><Extensions><ns3:TPX><ns3:Speed>2.5199999809265137</ns3:Speed><ns3:Pace>0.39</ns3:Pace></ns3:TPX></Extensions></Trackpoint><Trackpoint><Time>2025-08-12T21:49:16Z</Time><Position><LatitudeDegrees>-8.04787008</LatitudeDegrees><LongitudeDegrees>-34.95062392</LongitudeDegrees></Position><HeartRateBpm><Value>168</Value></HeartRateBpm><Cadence>88</Cadence><Extensions><ns3:TPX><ns3:Speed>2.5299999713897705</ns3:Speed><ns3:Pace>0.39</ns3:Pace></ns3:TPX></Extensions></Trackpoint><Trackpoint><Time>2025-08-12T21:49:17Z</Time><Position><LatitudeDegrees>-8.04784775</LatitudeDegrees><LongitudeDegrees>-34.9506236</LongitudeDegrees></Position><HeartRateBpm><Value>168</Value></HeartRateBpm><Cadence>87</Cadence><Extensions><ns3:TPX><ns3:Speed>2.5299999713897705</ns3:Speed><ns3:Pace>0.39</ns3:Pace></ns3:TPX></Extensions></Trackpoint><Trackpoint><Time>2025-08-12T21:49:18Z</Time><Position><LatitudeDegrees>-8.04782443</LatitudeDegrees><LongitudeDegrees>-34.95062294</LongitudeDegrees></Position><HeartRateBpm><Value>168</Value></HeartRateBpm><Cadence>87</Cadence><Extensions><ns3:TPX><ns3:Speed>2.5299999713897705</ns3:Speed><ns3:Pace>0.39</ns3:Pace></ns3:TPX></Extensions></Trackpoint><Trackpoint><Time>2025-08-12T21:49:19Z</Time><Position><LatitudeDegrees>-8.04780177</LatitudeDegrees><LongitudeDegrees>-34.95062228</LongitudeDegrees></Position><HeartRateBpm><Value>168</Value></HeartRateBpm><Cadence>88</Cadence><Extensions><ns3:TPX><ns3:Speed>2.5299999713897705</ns3:Speed><ns3:Pace>0.39</ns3:Pace></ns3:TPX></Extensions></Trackpoint><Trackpoint><Time>2025-08-12T21:49:20Z</Time><Position><LatitudeDegrees>-8.04777911</LatitudeDegrees><LongitudeDegrees>-34.95062162</LongitudeDegrees></Position><HeartRateBpm><Value>166</Value></HeartRateBpm><Cadence>88</Cadence><Extensions><ns3:TPX><ns3:Speed>2.5299999713897705</ns3:Speed><ns3:Pace>0.39</ns3:Pace></ns3:TPX></Extensions></Trackpoint><Trackpoint><Time>2025-08-12T21:49:21Z</Time><Position><LatitudeDegrees>-8.04775746</LatitudeDegrees><LongitudeDegrees>-34.95061996</LongitudeDegrees></Position><HeartRateBpm><Value>165</Value></HeartRateBpm><Cadence>87</Cadence><Extensions><ns3:TPX><ns3:Speed>2.5299999713897705</ns3:Speed><ns3:Pace>0.39</ns3:Pace></ns3:TPX></Extensions></Trackpoint><Trackpoint><Time>2025-08-12T21:49:22Z</Time><Position><LatitudeDegrees>-8.04773613</LatitudeDegrees><LongitudeDegrees>-34.95061863</LongitudeDegrees></Position><HeartRateBpm><Value>165</Value></HeartRateBpm><Cadence>88</Cadence><Extensions><ns3:TPX><ns3:Speed>2.5299999713897705</ns3:Speed><ns3:Pace>0.39</ns3:Pace></ns3:TPX></Extensions></Trackpoint><Trackpoint><Time>2025-08-12T21:49:23Z</Time><Position><LatitudeDegrees>-8.0477138</LatitudeDegrees><LongitudeDegrees>-34.95061797</LongitudeDegrees></Position><HeartRateBpm><Value>165</Value></HeartRateBpm><Cadence>87</Cadence><Extensions><ns3:TPX><ns3:Speed>2.5299999713897705</ns3:Speed><ns3:Pace>0.39</ns3:Pace></ns3:TPX></Extensions></Trackpoint><Trackpoint><Time>2025-08-12T21:49:24Z</Time><Position><LatitudeDegrees>-8.0476918</LatitudeDegrees><LongitudeDegrees>-34.95061863</LongitudeDegrees></Position><HeartRateBpm><Value>165</Value></HeartRateBpm><Cadence>87</Cadence><Extensions><ns3:TPX><ns3:Speed>2.5299999713897705</ns3:Speed><ns3:Pace>0.39</ns3:Pace></ns3:TPX></Extensions></Trackpoint><Trackpoint><Time>2025-08-12T21:49:25Z</Time><Position><LatitudeDegrees>-8.04766947</LatitudeDegrees><LongitudeDegrees>-34.95061963</LongitudeDegrees></Position><HeartRateBpm><Value>165</Value></HeartRateBpm><Cadence>87</Cadence><Extensions><ns3:TPX><ns3:Speed>2.5299999713897705</ns3:Speed><ns3:Pace>0.39</ns3:Pace></ns3:TPX></Extensions></Trackpoint><Trackpoint><Time>2025-08-12T21:49:26Z</Time><Position><LatitudeDegrees>-8.04764648</LatitudeDegrees><LongitudeDegrees>-34.95061963</LongitudeDegrees></Position><HeartRateBpm><Value>165</Value></HeartRateBpm><Cadence>88</Cadence><Extensions><ns3:TPX><ns3:Speed>2.5299999713897705</ns3:Speed><ns3:Pace>0.39</ns3:Pace></ns3:TPX></Extensions></Trackpoint><Trackpoint><Time>2025-08-12T21:49:27Z</Time><Position><LatitudeDegrees>-8.04762382</LatitudeDegrees><LongitudeDegrees>-34.9506163</LongitudeDegrees></Position><HeartRateBpm><Value>166</Value></HeartRateBpm><Cadence>87</Cadence><Extensions><ns3:TPX><ns3:Speed>2.5299999713897705</ns3:Speed><ns3:Pace>0.39</ns3:Pace></ns3:TPX></Extensions></Trackpoint><Trackpoint><Time>2025-08-12T21:49:28Z</Time><Position><LatitudeDegrees>-8.04760116</LatitudeDegrees><LongitudeDegrees>-34.95061331</LongitudeDegrees></Position><HeartRateBpm><Value>166</Value></HeartRateBpm><Cadence>87</Cadence><Extensions><ns3:TPX><ns3:Speed>2.5299999713897705</ns3:Speed><ns3:Pace>0.39</ns3:Pace></ns3:TPX></Extensions></Trackpoint><Trackpoint><Time>2025-08-12T21:49:29Z</Time><Position><LatitudeDegrees>-8.04757951</LatitudeDegrees><LongitudeDegrees>-34.95060931</LongitudeDegrees></Position><HeartRateBpm><Value>166</Value></HeartRateBpm><Cadence>87</Cadence><Extensions><ns3:TPX><ns3:Speed>2.5299999713897705</ns3:Speed><ns3:Pace>0.39</ns3:Pace></ns3:TPX></Extensions></Trackpoint><Trackpoint><Time>2025-08-12T21:49:30Z</Time><Position><LatitudeDegrees>-8.04755717</LatitudeDegrees><LongitudeDegrees>-34.95060465</LongitudeDegrees></Position><HeartRateBpm><Value>166</Value></HeartRateBpm><Cadence>87</Cadence><Extensions><ns3:TPX><ns3:Speed>2.5299999713897705</ns3:Speed><ns3:Pace>0.39</ns3:Pace></ns3:TPX></Extensions></Trackpoint><Trackpoint><Time>2025-08-12T21:49:31Z</Time><Position><LatitudeDegrees>-8.04753452</LatitudeDegrees><LongitudeDegrees>-34.95060032</LongitudeDegrees></Position><HeartRateBpm><Value>167</Value></HeartRateBpm><Cadence>87</Cadence><Extensions><ns3:TPX><ns3:Speed>2.5299999713897705</ns3:Speed><ns3:Pace>0.39</ns3:Pace></ns3:TPX></Extensions></Trackpoint><Trackpoint><Time>2025-08-12T21:49:32Z</Time><Position><LatitudeDegrees>-8.04751252</LatitudeDegrees><LongitudeDegrees>-34.95059566</LongitudeDegrees></Position><HeartRateBpm><Value>167</Value></HeartRateBpm><Cadence>87</Cadence><Extensions><ns3:TPX><ns3:Speed>2.5299999713897705</ns3:Speed><ns3:Pace>0.39</ns3:Pace></ns3:TPX></Extensions></Trackpoint><Trackpoint><Time>2025-08-12T21:49:33Z</Time><Position><LatitudeDegrees>-8.04749086</LatitudeDegrees><LongitudeDegrees>-34.95059066</LongitudeDegrees></Position><HeartRateBpm><Value>168</Value></HeartRateBpm><Cadence>88</Cadence><Extensions><ns3:TPX><ns3:Speed>2.5299999713897705</ns3:Speed><ns3:Pace>0.39</ns3:Pace></ns3:TPX></Extensions></Trackpoint><Trackpoint><Time>2025-08-12T21:49:34Z</Time><Position><LatitudeDegrees>-8.04746919</LatitudeDegrees><LongitudeDegrees>-34.95058533</LongitudeDegrees></Position><HeartRateBpm><Value>167</Value></HeartRateBpm><Cadence>87</Cadence><Extensions><ns3:TPX><ns3:Speed>2.5299999713897705</ns3:Speed><ns3:Pace>0.39</ns3:Pace></ns3:TPX></Extensions></Trackpoint><Trackpoint><Time>2025-08-12T21:49:35Z</Time><Position><LatitudeDegrees>-8.04744754</LatitudeDegrees><LongitudeDegrees>-34.950582</LongitudeDegrees></Position><HeartRateBpm><Value>167</Value></HeartRateBpm><Cadence>87</Cadence><Extensions><ns3:TPX><ns3:Speed>2.5299999713897705</ns3:Speed><ns3:Pace>0.39</ns3:Pace></ns3:TPX></Extensions></Trackpoint><Trackpoint><Time>2025-08-12T21:49:36Z</Time><Position><LatitudeDegrees>-8.04742587</LatitudeDegrees><LongitudeDegrees>-34.95057901</LongitudeDegrees></Position><HeartRateBpm><Value>167</Value></HeartRateBpm><Cadence>87</Cadence><Extensions><ns3:TPX><ns3:Speed>2.5299999713897705</ns3:Speed><ns3:Pace>0.39</ns3:Pace></ns3:TPX></Extensions></Trackpoint><Trackpoint><Time>2025-08-12T21:49:37Z</Time><Position><LatitudeDegrees>-8.04740455</LatitudeDegrees><LongitudeDegrees>-34.95057668</LongitudeDegrees></Position><HeartRateBpm><Value>167</Value></HeartRateBpm><Cadence>86</Cadence><Extensions><ns3:TPX><ns3:Speed>2.5299999713897705</ns3:Speed><ns3:Pace>0.39</ns3:Pace></ns3:TPX></Extensions></Trackpoint><Trackpoint><Time>2025-08-12T21:49:38Z</Time><Position><LatitudeDegrees>-8.04738221</LatitudeDegrees><LongitudeDegrees>-34.95057502</LongitudeDegrees></Position><HeartRateBpm><Value>168</Value></HeartRateBpm><Cadence>86</Cadence><Extensions><ns3:TPX><ns3:Speed>2.5299999713897705</ns3:Speed><ns3:Pace>0.39</ns3:Pace></ns3:TPX></Extensions></Trackpoint><Trackpoint><Time>2025-08-12T21:49:39Z</Time><Position><LatitudeDegrees>-8.04735956</LatitudeDegrees><LongitudeDegrees>-34.95057069</LongitudeDegrees></Position><HeartRateBpm><Value>169</Value></HeartRateBpm><Cadence>85</Cadence><Extensions><ns3:TPX><ns3:Speed>2.5299999713897705</ns3:Speed><ns3:Pace>0.39</ns3:Pace></ns3:TPX></Extensions></Trackpoint><Trackpoint><Time>2025-08-12T21:49:40Z</Time><Position><LatitudeDegrees>-8.0473389</LatitudeDegrees><LongitudeDegrees>-34.9505677</LongitudeDegrees></Position><HeartRateBpm><Value>169</Value></HeartRateBpm><Cadence>86</Cadence><Extensions><ns3:TPX><ns3:Speed>2.5299999713897705</ns3:Speed><ns3:Pace>0.39</ns3:Pace></ns3:TPX></Extensions></Trackpoint><Trackpoint><Time>2025-08-12T21:49:41Z</Time><Position><LatitudeDegrees>-8.04731923</LatitudeDegrees><LongitudeDegrees>-34.95056571</LongitudeDegrees></Position><HeartRateBpm><Value>168</Value></HeartRateBpm><Cadence>87</Cadence><Extensions><ns3:TPX><ns3:Speed>2.5299999713897705</ns3:Speed><ns3:Pace>0.39</ns3:Pace></ns3:TPX></Extensions></Trackpoint><Trackpoint><Time>2025-08-12T21:49:42Z</Time><Position><LatitudeDegrees>-8.04729857</LatitudeDegrees><LongitudeDegrees>-34.95056271</LongitudeDegrees></Position><HeartRateBpm><Value>168</Value></HeartRateBpm><Cadence>87</Cadence><Extensions><ns3:TPX><ns3:Speed>2.5299999713897705</ns3:Speed><ns3:Pace>0.39</ns3:Pace></ns3:TPX></Extensions></Trackpoint><Trackpoint><Time>2025-08-12T21:49:43Z</Time><Position><LatitudeDegrees>-8.04727824</LatitudeDegrees><LongitudeDegrees>-34.95055972</LongitudeDegrees></Position><HeartRateBpm><Value>168</Value></HeartRateBpm><Cadence>87</Cadence><Extensions><ns3:TPX><ns3:Speed>2.5299999713897705</ns3:Speed><ns3:Pace>0.39</ns3:Pace></ns3:TPX></Extensions></Trackpoint><Trackpoint><Time>2025-08-12T21:49:44Z</Time><Position><LatitudeDegrees>-8.04725758</LatitudeDegrees><LongitudeDegrees>-34.95055706</LongitudeDegrees></Position><HeartRateBpm><Value>169</Value></HeartRateBpm><Cadence>88</Cadence><Extensions><ns3:TPX><ns3:Speed>2.5199999809265137</ns3:Speed><ns3:Pace>0.39</ns3:Pace></ns3:TPX></Extensions></Trackpoint><Trackpoint><Time>2025-08-12T21:49:45Z</Time><Position><LatitudeDegrees>-8.04723591</LatitudeDegrees><LongitudeDegrees>-34.95055506</LongitudeDegrees></Position><HeartRateBpm><Value>169</Value></HeartRateBpm><Cadence>88</Cadence><Extensions><ns3:TPX><ns3:Speed>2.5199999809265137</ns3:Speed><ns3:Pace>0.39</ns3:Pace></ns3:TPX></Extensions></Trackpoint><Trackpoint><Time>2025-08-12T21:49:46Z</Time><Position><LatitudeDegrees>-8.04721392</LatitudeDegrees><LongitudeDegrees>-34.95055406</LongitudeDegrees></Position><HeartRateBpm><Value>169</Value></HeartRateBpm><Cadence>87</Cadence><Extensions><ns3:TPX><ns3:Speed>2.509999990463257</ns3:Speed><ns3:Pace>0.39</ns3:Pace></ns3:TPX></Extensions></Trackpoint><Trackpoint><Time>2025-08-12T21:49:47Z</Time><Position><LatitudeDegrees>-8.04719193</LatitudeDegrees><LongitudeDegrees>-34.95055207</LongitudeDegrees></Position><HeartRateBpm><Value>169</Value></HeartRateBpm><Cadence>88</Cadence><Extensions><ns3:TPX><ns3:Speed>2.509999990463257</ns3:Speed><ns3:Pace>0.39</ns3:Pace></ns3:TPX></Extensions></Trackpoint><Trackpoint><Time>2025-08-12T21:49:48Z</Time><Position><LatitudeDegrees>-8.04716893</LatitudeDegrees><LongitudeDegrees>-34.9505504</LongitudeDegrees></Position><HeartRateBpm><Value>169</Value></HeartRateBpm><Cadence>88</Cadence><Extensions><ns3:TPX><ns3:Speed>2.509999990463257</ns3:Speed><ns3:Pace>0.39</ns3:Pace></ns3:TPX></Extensions></Trackpoint><Trackpoint><Time>2025-08-12T21:49:49Z</Time><Position><LatitudeDegrees>-8.04714593</LatitudeDegrees><LongitudeDegrees>-34.9505484</LongitudeDegrees></Position><HeartRateBpm><Value>168</Value></HeartRateBpm><Cadence>88</Cadence><Extensions><ns3:TPX><ns3:Speed>2.5</ns3:Speed><ns3:Pace>0.39</ns3:Pace></ns3:TPX></Extensions></Trackpoint><Trackpoint><Time>2025-08-12T21:49:50Z</Time><Position><LatitudeDegrees>-8.04712261</LatitudeDegrees><LongitudeDegrees>-34.95054675</LongitudeDegrees></Position><HeartRateBpm><Value>167</Value></HeartRateBpm><Cadence>88</Cadence><Extensions><ns3:TPX><ns3:Speed>2.5</ns3:Speed><ns3:Pace>0.4</ns3:Pace></ns3:TPX></Extensions></Trackpoint><Trackpoint><Time>2025-08-12T21:49:51Z</Time><Position><LatitudeDegrees>-8.04709995</LatitudeDegrees><LongitudeDegrees>-34.95054441</LongitudeDegrees></Position><HeartRateBpm><Value>167</Value></HeartRateBpm><Cadence>88</Cadence><Extensions><ns3:TPX><ns3:Speed>2.5</ns3:Speed><ns3:Pace>0.4</ns3:Pace></ns3:TPX></Extensions></Trackpoint><Trackpoint><Time>2025-08-12T21:49:52Z</Time><Position><LatitudeDegrees>-8.04707695</LatitudeDegrees><LongitudeDegrees>-34.95054241</LongitudeDegrees></Position><HeartRateBpm><Value>167</Value></HeartRateBpm><Cadence>88</Cadence><Extensions><ns3:TPX><ns3:Speed>2.5</ns3:Speed><ns3:Pace>0.4</ns3:Pace></ns3:TPX></Extensions></Trackpoint><Trackpoint><Time>2025-08-12T21:49:53Z</Time><Position><LatitudeDegrees>-8.04705462</LatitudeDegrees><LongitudeDegrees>-34.95054008</LongitudeDegrees></Position><HeartRateBpm><Value>167</Value></HeartRateBpm><Cadence>88</Cadence><Extensions><ns3:TPX><ns3:Speed>2.5</ns3:Speed><ns3:Pace>0.4</ns3:Pace></ns3:TPX></Extensions></Trackpoint><Trackpoint><Time>2025-08-12T21:49:54Z</Time><Position><LatitudeDegrees>-8.04703163</LatitudeDegrees><LongitudeDegrees>-34.95053709</LongitudeDegrees></Position><HeartRateBpm><Value>167</Value></HeartRateBpm><Cadence>88</Cadence><Extensions><ns3:TPX><ns3:Speed>2.5</ns3:Speed><ns3:Pace>0.4</ns3:Pace></ns3:TPX></Extensions></Trackpoint><Trackpoint><Time>2025-08-12T21:49:55Z</Time><Position><LatitudeDegrees>-8.04700929</LatitudeDegrees><LongitudeDegrees>-34.95053543</LongitudeDegrees></Position><HeartRateBpm><Value>167</Value></HeartRateBpm><Cadence>88</Cadence><Extensions><ns3:TPX><ns3:Speed>2.5</ns3:Speed><ns3:Pace>0.39</ns3:Pace></ns3:TPX></Extensions></Trackpoint><Trackpoint><Time>2025-08-12T21:49:56Z</Time><Position><LatitudeDegrees>-8.04698664</LatitudeDegrees><LongitudeDegrees>-34.9505341</LongitudeDegrees></Position><HeartRateBpm><Value>165</Value></HeartRateBpm><Cadence>87</Cadence><Extensions><ns3:TPX><ns3:Speed>2.5</ns3:Speed><ns3:Pace>0.39</ns3:Pace></ns3:TPX></Extensions></Trackpoint><Trackpoint><Time>2025-08-12T21:49:57Z</Time><Position><LatitudeDegrees>-8.04696364</LatitudeDegrees><LongitudeDegrees>-34.95053278</LongitudeDegrees></Position><HeartRateBpm><Value>165</Value></HeartRateBpm><Cadence>87</Cadence><Extensions><ns3:TPX><ns3:Speed>2.5</ns3:Speed><ns3:Pace>0.39</ns3:Pace></ns3:TPX></Extensions></Trackpoint><Trackpoint><Time>2025-08-12T21:49:58Z</Time><Position><LatitudeDegrees>-8.04694131</LatitudeDegrees><LongitudeDegrees>-34.95053144</LongitudeDegrees></Position><HeartRateBpm><Value>165</Value></HeartRateBpm><Cadence>87</Cadence><Extensions><ns3:TPX><ns3:Speed>2.5</ns3:Speed><ns3:Pace>0.39</ns3:Pace></ns3:TPX></Extensions></Trackpoint><Trackpoint><Time>2025-08-12T21:49:59Z</Time><Position><LatitudeDegrees>-8.04691865</LatitudeDegrees><LongitudeDegrees>-34.95052979</LongitudeDegrees></Position><HeartRateBpm><Value>164</Value></HeartRateBpm><Cadence>88</Cadence><Extensions><ns3:TPX><ns3:Speed>2.5</ns3:Speed><ns3:Pace>0.39</ns3:Pace></ns3:TPX></Extensions></Trackpoint><Trackpoint><Time>2025-08-12T21:50:00Z</Time><Position><LatitudeDegrees>-8.04689666</LatitudeDegrees><LongitudeDegrees>-34.95052779</LongitudeDegrees></Position><HeartRateBpm><Value>164</Value></HeartRateBpm><Cadence>88</Cadence><Extensions><ns3:TPX><ns3:Speed>2.5</ns3:Speed><ns3:Pace>0.39</ns3:Pace></ns3:TPX></Extensions></Trackpoint><Trackpoint><Time>2025-08-12T21:50:01Z</Time><Position><LatitudeDegrees>-8.04687432</LatitudeDegrees><LongitudeDegrees>-34.95052579</LongitudeDegrees></Position><HeartRateBpm><Value>163</Value></HeartRateBpm><Cadence>88</Cadence><Extensions><ns3:TPX><ns3:Speed>2.5</ns3:Speed><ns3:Pace>0.39</ns3:Pace></ns3:TPX></Extensions></Trackpoint><Trackpoint><Time>2025-08-12T21:50:02Z</Time><Position><LatitudeDegrees>-8.046851</LatitudeDegrees><LongitudeDegrees>-34.95052446</LongitudeDegrees></Position><HeartRateBpm><Value>163</Value></HeartRateBpm><Cadence>88</Cadence><Extensions><ns3:TPX><ns3:Speed>2.5</ns3:Speed><ns3:Pace>0.39</ns3:Pace></ns3:TPX></Extensions></Trackpoint><Trackpoint><Time>2025-08-12T21:50:03Z</Time><Position><LatitudeDegrees>-8.04682834</LatitudeDegrees><LongitudeDegrees>-34.95052181</LongitudeDegrees></Position><HeartRateBpm><Value>163</Value></HeartRateBpm><Cadence>88</Cadence><Extensions><ns3:TPX><ns3:Speed>2.5</ns3:Speed><ns3:Pace>0.39</ns3:Pace></ns3:TPX></Extensions></Trackpoint><Trackpoint><Time>2025-08-12T21:50:04Z</Time><Position><LatitudeDegrees>-8.04680669</LatitudeDegrees><LongitudeDegrees>-34.95052014</LongitudeDegrees></Position><HeartRateBpm><Value>164</Value></HeartRateBpm><Cadence>88</Cadence><Extensions><ns3:TPX><ns3:Speed>2.5</ns3:Speed><ns3:Pace>0.39</ns3:Pace></ns3:TPX></Extensions></Trackpoint><Trackpoint><Time>2025-08-12T21:50:05Z</Time><Position><LatitudeDegrees>-8.0467847</LatitudeDegrees><LongitudeDegrees>-34.95051782</LongitudeDegrees></Position><HeartRateBpm><Value>166</Value></HeartRateBpm><Cadence>88</Cadence><Extensions><ns3:TPX><ns3:Speed>2.5</ns3:Speed><ns3:Pace>0.39</ns3:Pace></ns3:TPX></Extensions></Trackpoint><Trackpoint><Time>2025-08-12T21:50:06Z</Time><Position><LatitudeDegrees>-8.0467627</LatitudeDegrees><LongitudeDegrees>-34.95051382</LongitudeDegrees></Position><HeartRateBpm><Value>166</Value></HeartRateBpm><Cadence>88</Cadence><Extensions><ns3:TPX><ns3:Speed>2.5</ns3:Speed><ns3:Pace>0.39</ns3:Pace></ns3:TPX></Extensions></Trackpoint><Trackpoint><Time>2025-08-12T21:50:07Z</Time><Position><LatitudeDegrees>-8.04673936</LatitudeDegrees><LongitudeDegrees>-34.95050915</LongitudeDegrees></Position><HeartRateBpm><Value>167</Value></HeartRateBpm><Cadence>87</Cadence><Extensions><ns3:TPX><ns3:Speed>2.5</ns3:Speed><ns3:Pace>0.39</ns3:Pace></ns3:TPX></Extensions></Trackpoint><Trackpoint><Time>2025-08-12T21:50:08Z</Time><Position><LatitudeDegrees>-8.04671671</LatitudeDegrees><LongitudeDegrees>-34.95050383</LongitudeDegrees></Position><HeartRateBpm><Value>168</Value></HeartRateBpm><Cadence>88</Cadence><Extensions><ns3:TPX><ns3:Speed>2.5</ns3:Speed><ns3:Pace>0.39</ns3:Pace></ns3:TPX></Extensions></Trackpoint><Trackpoint><Time>2025-08-12T21:50:09Z</Time><Position><LatitudeDegrees>-8.04669371</LatitudeDegrees><LongitudeDegrees>-34.95049883</LongitudeDegrees></Position><HeartRateBpm><Value>170</Value></HeartRateBpm><Cadence>87</Cadence><Extensions><ns3:TPX><ns3:Speed>2.5</ns3:Speed><ns3:Pace>0.39</ns3:Pace></ns3:TPX></Extensions></Trackpoint><Trackpoint><Time>2025-08-12T21:50:10Z</Time><Position><LatitudeDegrees>-8.04667172</LatitudeDegrees><LongitudeDegrees>-34.95049416</LongitudeDegrees></Position><HeartRateBpm><Value>170</Value></HeartRateBpm><Cadence>87</Cadence><Extensions><ns3:TPX><ns3:Speed>2.509999990463257</ns3:Speed><ns3:Pace>0.39</ns3:Pace></ns3:TPX></Extensions></Trackpoint><Trackpoint><Time>2025-08-12T21:50:11Z</Time><Position><LatitudeDegrees>-8.04665106</LatitudeDegrees><LongitudeDegrees>-34.95049084</LongitudeDegrees></Position><HeartRateBpm><Value>171</Value></HeartRateBpm><Cadence>87</Cadence><Extensions><ns3:TPX><ns3:Speed>2.509999990463257</ns3:Speed><ns3:Pace>0.39</ns3:Pace></ns3:TPX></Extensions></Trackpoint><Trackpoint><Time>2025-08-12T21:50:12Z</Time><Position><LatitudeDegrees>-8.04663439</LatitudeDegrees><LongitudeDegrees>-34.95048951</LongitudeDegrees></Position><HeartRateBpm><Value>171</Value></HeartRateBpm><Cadence>87</Cadence><Extensions><ns3:TPX><ns3:Speed>2.509999990463257</ns3:Speed><ns3:Pace>0.39</ns3:Pace></ns3:TPX></Extensions></Trackpoint><Trackpoint><Time>2025-08-12T21:50:13Z</Time><Position><LatitudeDegrees>-8.04662374</LatitudeDegrees><LongitudeDegrees>-34.95049084</LongitudeDegrees></Position><HeartRateBpm><Value>171</Value></HeartRateBpm><Cadence>87</Cadence><Extensions><ns3:TPX><ns3:Speed>2.5299999713897705</ns3:Speed><ns3:Pace>0.39</ns3:Pace></ns3:TPX></Extensions></Trackpoint><Trackpoint><Time>2025-08-12T21:50:14Z</Time><Position><LatitudeDegrees>-8.04661807</LatitudeDegrees><LongitudeDegrees>-34.95049416</LongitudeDegrees></Position><HeartRateBpm><Value>170</Value></HeartRateBpm><Cadence>87</Cadence><Extensions><ns3:TPX><ns3:Speed>2.549999952316284</ns3:Speed><ns3:Pace>0.41</ns3:Pace></ns3:TPX></Extensions></Trackpoint><Trackpoint><Time>2025-08-12T21:50:15Z</Time><Position><LatitudeDegrees>-8.04661774</LatitudeDegrees><LongitudeDegrees>-34.95049683</LongitudeDegrees></Position><HeartRateBpm><Value>169</Value></HeartRateBpm><Cadence>87</Cadence><Extensions><ns3:TPX><ns3:Speed>2.4000000953674316</ns3:Speed><ns3:Pace>0.49</ns3:Pace></ns3:TPX></Extensions></Trackpoint><Trackpoint><Time>2025-08-12T21:50:16Z</Time><Position><LatitudeDegrees>-8.04662074</LatitudeDegrees><LongitudeDegrees>-34.95049816</LongitudeDegrees></Position><HeartRateBpm><Value>169</Value></HeartRateBpm><Cadence>87</Cadence><Extensions><ns3:TPX><ns3:Speed>2.0199999809265137</ns3:Speed><ns3:Pace>0.66</ns3:Pace></ns3:TPX></Extensions></Trackpoint><Trackpoint><Time>2025-08-12T21:50:17Z</Time><Position><LatitudeDegrees>-8.04662706</LatitudeDegrees><LongitudeDegrees>-34.95049816</LongitudeDegrees></Position><HeartRateBpm><Value>170</Value></HeartRateBpm><Cadence>87</Cadence><Extensions><ns3:TPX><ns3:Speed>1.5</ns3:Speed><ns3:Pace>0.66</ns3:Pace></ns3:TPX></Extensions></Trackpoint><Trackpoint><Time>2025-08-12T21:50:18Z</Time><Position><LatitudeDegrees>-8.04663539</LatitudeDegrees><LongitudeDegrees>-34.95049516</LongitudeDegrees></Position><HeartRateBpm><Value>170</Value></HeartRateBpm><Cadence>87</Cadence><Extensions><ns3:TPX><ns3:Speed>1.5</ns3:Speed><ns3:Pace>0.96</ns3:Pace></ns3:TPX></Extensions></Trackpoint><Trackpoint><Time>2025-08-12T21:50:19Z</Time><Position><LatitudeDegrees>-8.04664572</LatitudeDegrees><LongitudeDegrees>-34.9504905</LongitudeDegrees></Position><HeartRateBpm><Value>170</Value></HeartRateBpm><Cadence>87</Cadence><Extensions><ns3:TPX><ns3:Speed>1.0399999618530273</ns3:Speed><ns3:Pace>1.16</ns3:Pace></ns3:TPX></Extensions></Trackpoint><Trackpoint><Time>2025-08-12T21:50:20Z</Time><Position><LatitudeDegrees>-8.04665904</LatitudeDegrees><LongitudeDegrees>-34.95048485</LongitudeDegrees></Position><HeartRateBpm><Value>170</Value></HeartRateBpm><Cadence>87</Cadence><Extensions><ns3:TPX><ns3:Speed>0.8500000238418579</ns3:Speed><ns3:Pace>1.16</ns3:Pace></ns3:TPX></Extensions></Trackpoint><Trackpoint><Time>2025-08-12T21:50:21Z</Time><Position><LatitudeDegrees>-8.0466747</LatitudeDegrees><LongitudeDegrees>-34.95047951</LongitudeDegrees></Position><HeartRateBpm><Value>170</Value></HeartRateBpm><Cadence>88</Cadence><Extensions><ns3:TPX><ns3:Speed>0.8500000238418579</ns3:Speed><ns3:Pace>1.11</ns3:Pace></ns3:TPX></Extensions></Trackpoint><Trackpoint><Time>2025-08-12T21:50:22Z</Time><Position><LatitudeDegrees>-8.04669302</LatitudeDegrees><LongitudeDegrees>-34.95047485</LongitudeDegrees></Position><HeartRateBpm><Value>170</Value></HeartRateBpm><Cadence>88</Cadence><Extensions><ns3:TPX><ns3:Speed>0.8999999761581421</ns3:Speed><ns3:Pace>0.91</ns3:Pace></ns3:TPX></Extensions></Trackpoint><Trackpoint><Time>2025-08-12T21:50:23Z</Time><Position><LatitudeDegrees>-8.04671269</LatitudeDegrees><LongitudeDegrees>-34.95047119</LongitudeDegrees></Position><HeartRateBpm><Value>171</Value></HeartRateBpm><Cadence>88</Cadence><Extensions><ns3:TPX><ns3:Speed>1.0800000429153442</ns3:Speed><ns3:Pace>0.91</ns3:Pace></ns3:TPX></Extensions></Trackpoint><Trackpoint><Time>2025-08-12T21:50:24Z</Time><Position><LatitudeDegrees>-8.04673502</LatitudeDegrees><LongitudeDegrees>-34.95046919</LongitudeDegrees></Position><HeartRateBpm><Value>171</Value></HeartRateBpm><Cadence>88</Cadence><Extensions><ns3:TPX><ns3:Speed>1.0800000429153442</ns3:Speed><ns3:Pace>0.7</ns3:Pace></ns3:TPX></Extensions></Trackpoint><Trackpoint><Time>2025-08-12T21:50:25Z</Time><Position><LatitudeDegrees>-8.04675802</LatitudeDegrees><LongitudeDegrees>-34.9504682</LongitudeDegrees></Position><HeartRateBpm><Value>172</Value></HeartRateBpm><Cadence>88</Cadence><Extensions><ns3:TPX><ns3:Speed>1.409999966621399</ns3:Speed><ns3:Pace>0.57</ns3:Pace></ns3:TPX></Extensions></Trackpoint><Trackpoint><Time>2025-08-12T21:50:26Z</Time><Position><LatitudeDegrees>-8.04678102</LatitudeDegrees><LongitudeDegrees>-34.95046721</LongitudeDegrees></Position><HeartRateBpm><Value>172</Value></HeartRateBpm><Cadence>89</Cadence><Extensions><ns3:TPX><ns3:Speed>1.7400000095367432</ns3:Speed><ns3:Pace>0.48</ns3:Pace></ns3:TPX></Extensions></Trackpoint><Trackpoint><Time>2025-08-12T21:50:27Z</Time><Position><LatitudeDegrees>-8.04680534</LatitudeDegrees><LongitudeDegrees>-34.95046554</LongitudeDegrees></Position><HeartRateBpm><Value>172</Value></HeartRateBpm><Cadence>88</Cadence><Extensions><ns3:TPX><ns3:Speed>2.0399999618530273</ns3:Speed><ns3:Pace>0.43</ns3:Pace></ns3:TPX></Extensions></Trackpoint><Trackpoint><Time>2025-08-12T21:50:28Z</Time><Position><LatitudeDegrees>-8.04683001</LatitudeDegrees><LongitudeDegrees>-34.95046321</LongitudeDegrees></Position><HeartRateBpm><Value>172</Value></HeartRateBpm><Cadence>88</Cadence><Extensions><ns3:TPX><ns3:Speed>2.2799999713897705</ns3:Speed><ns3:Pace>0.41</ns3:Pace></ns3:TPX></Extensions></Trackpoint><Trackpoint><Time>2025-08-12T21:50:29Z</Time><Position><LatitudeDegrees>-8.04685568</LatitudeDegrees><LongitudeDegrees>-34.95046088</LongitudeDegrees></Position><HeartRateBpm><Value>172</Value></HeartRateBpm><Cadence>88</Cadence><Extensions><ns3:TPX><ns3:Speed>2.430000066757202</ns3:Speed><ns3:Pace>0.41</ns3:Pace></ns3:TPX></Extensions></Trackpoint><Trackpoint><Time>2025-08-12T21:50:30Z</Time><Position><LatitudeDegrees>-8.04688167</LatitudeDegrees><LongitudeDegrees>-34.95045955</LongitudeDegrees></Position><HeartRateBpm><Value>172</Value></HeartRateBpm><Cadence>88</Cadence><Extensions><ns3:TPX><ns3:Speed>2.430000066757202</ns3:Speed><ns3:Pace>0.39</ns3:Pace></ns3:TPX></Extensions></Trackpoint><Trackpoint><Time>2025-08-12T21:50:31Z</Time><Position><LatitudeDegrees>-8.04690867</LatitudeDegrees><LongitudeDegrees>-34.95046021</LongitudeDegrees></Position><HeartRateBpm><Value>174</Value></HeartRateBpm><Cadence>88</Cadence><Extensions><ns3:TPX><ns3:Speed>2.509999990463257</ns3:Speed><ns3:Pace>0.39</ns3:Pace></ns3:TPX></Extensions></Trackpoint><Trackpoint><Time>2025-08-12T21:50:32Z</Time><Position><LatitudeDegrees>-8.04693366</LatitudeDegrees><LongitudeDegrees>-34.95046353</LongitudeDegrees></Position><HeartRateBpm><Value>174</Value></HeartRateBpm><Cadence>89</Cadence><Extensions><ns3:TPX><ns3:Speed>2.509999990463257</ns3:Speed><ns3:Pace>0.39</ns3:Pace></ns3:TPX></Extensions></Trackpoint><Trackpoint><Time>2025-08-12T21:50:33Z</Time><Position><LatitudeDegrees>-8.04696032</LatitudeDegrees><LongitudeDegrees>-34.95046686</LongitudeDegrees></Position><HeartRateBpm><Value>174</Value></HeartRateBpm><Cadence>88</Cadence><Extensions><ns3:TPX><ns3:Speed>2.5299999713897705</ns3:Speed><ns3:Pace>0.38</ns3:Pace></ns3:TPX></Extensions></Trackpoint><Trackpoint><Time>2025-08-12T21:50:34Z</Time><Position><LatitudeDegrees>-8.04698665</LatitudeDegrees><LongitudeDegrees>-34.95046951</LongitudeDegrees></Position><HeartRateBpm><Value>174</Value></HeartRateBpm><Cadence>88</Cadence><Extensions><ns3:TPX><ns3:Speed>2.5799999237060547</ns3:Speed><ns3:Pace>0.37</ns3:Pace></ns3:TPX></Extensions></Trackpoint><Trackpoint><Time>2025-08-12T21:50:35Z</Time><Position><LatitudeDegrees>-8.04701231</LatitudeDegrees><LongitudeDegrees>-34.9504725</LongitudeDegrees></Position><HeartRateBpm><Value>174</Value></HeartRateBpm><Cadence>88</Cadence><Extensions><ns3:TPX><ns3:Speed>2.6500000953674316</ns3:Speed><ns3:Pace>0.37</ns3:Pace></ns3:TPX></Extensions></Trackpoint><Trackpoint><Time>2025-08-12T21:50:36Z</Time><Position><LatitudeDegrees>-8.04703664</LatitudeDegrees><LongitudeDegrees>-34.95047584</LongitudeDegrees></Position><HeartRateBpm><Value>174</Value></HeartRateBpm><Cadence>88</Cadence><Extensions><ns3:TPX><ns3:Speed>2.6500000953674316</ns3:Speed><ns3:Pace>0.37</ns3:Pace></ns3:TPX></Extensions></Trackpoint><Trackpoint><Time>2025-08-12T21:50:37Z</Time><Position><LatitudeDegrees>-8.04706097</LatitudeDegrees><LongitudeDegrees>-34.95047883</LongitudeDegrees></Position><HeartRateBpm><Value>174</Value></HeartRateBpm><Cadence>88</Cadence><Extensions><ns3:TPX><ns3:Speed>2.690000057220459</ns3:Speed><ns3:Pace>0.37</ns3:Pace></ns3:TPX></Extensions></Trackpoint><Trackpoint><Time>2025-08-12T21:50:38Z</Time><Position><LatitudeDegrees>-8.04708529</LatitudeDegrees><LongitudeDegrees>-34.95048248</LongitudeDegrees></Position><HeartRateBpm><Value>173</Value></HeartRateBpm><Cadence>88</Cadence><Extensions><ns3:TPX><ns3:Speed>2.690000057220459</ns3:Speed><ns3:Pace>0.36</ns3:Pace></ns3:TPX></Extensions></Trackpoint><Trackpoint><Time>2025-08-12T21:50:39Z</Time><Position><LatitudeDegrees>-8.04710863</LatitudeDegrees><LongitudeDegrees>-34.95048614</LongitudeDegrees></Position><HeartRateBpm><Value>173</Value></HeartRateBpm><Cadence>88</Cadence><Extensions><ns3:TPX><ns3:Speed>2.7100000381469727</ns3:Speed><ns3:Pace>0.36</ns3:Pace></ns3:TPX></Extensions></Trackpoint><Trackpoint><Time>2025-08-12T21:50:40Z</Time><Position><LatitudeDegrees>-8.04713195</LatitudeDegrees><LongitudeDegrees>-34.95048847</LongitudeDegrees></Position><HeartRateBpm><Value>172</Value></HeartRateBpm><Cadence>88</Cadence><Extensions><ns3:TPX><ns3:Speed>2.7100000381469727</ns3:Speed><ns3:Pace>0.36</ns3:Pace></ns3:TPX></Extensions></Trackpoint><Trackpoint><Time>2025-08-12T21:50:41Z</Time><Position><LatitudeDegrees>-8.04715562</LatitudeDegrees><LongitudeDegrees>-34.95049213</LongitudeDegrees></Position><HeartRateBpm><Value>172</Value></HeartRateBpm><Cadence>88</Cadence><Extensions><ns3:TPX><ns3:Speed>2.7100000381469727</ns3:Speed><ns3:Pace>0.36</ns3:Pace></ns3:TPX></Extensions></Trackpoint><Trackpoint><Time>2025-08-12T21:50:42Z</Time><Position><LatitudeDegrees>-8.04717827</LatitudeDegrees><LongitudeDegrees>-34.95049546</LongitudeDegrees></Position><HeartRateBpm><Value>172</Value></HeartRateBpm><Cadence>88</Cadence><Extensions><ns3:TPX><ns3:Speed>2.7100000381469727</ns3:Speed><ns3:Pace>0.37</ns3:Pace></ns3:TPX></Extensions></Trackpoint><Trackpoint><Time>2025-08-12T21:50:43Z</Time><Position><LatitudeDegrees>-8.04720194</LatitudeDegrees><LongitudeDegrees>-34.95050012</LongitudeDegrees></Position><HeartRateBpm><Value>171</Value></HeartRateBpm><Cadence>88</Cadence><Extensions><ns3:TPX><ns3:Speed>2.680000066757202</ns3:Speed><ns3:Pace>0.37</ns3:Pace></ns3:TPX></Extensions></Trackpoint><Trackpoint><Time>2025-08-12T21:50:44Z</Time><Position><LatitudeDegrees>-8.04722593</LatitudeDegrees><LongitudeDegrees>-34.95050279</LongitudeDegrees></Position><HeartRateBpm><Value>168</Value></HeartRateBpm><Cadence>87</Cadence><Extensions><ns3:TPX><ns3:Speed>2.6500000953674316</ns3:Speed><ns3:Pace>0.37</ns3:Pace></ns3:TPX></Extensions></Trackpoint><Trackpoint><Time>2025-08-12T21:50:45Z</Time><Position><LatitudeDegrees>-8.04725026</LatitudeDegrees><LongitudeDegrees>-34.95050512</LongitudeDegrees></Position><HeartRateBpm><Value>166</Value></HeartRateBpm><Cadence>87</Cadence><Extensions><ns3:TPX><ns3:Speed>2.630000114440918</ns3:Speed><ns3:Pace>0.38</ns3:Pace></ns3:TPX></Extensions></Trackpoint><Trackpoint><Time>2025-08-12T21:50:46Z</Time><Position><LatitudeDegrees>-8.04727325</LatitudeDegrees><LongitudeDegrees>-34.95050712</LongitudeDegrees></Position><HeartRateBpm><Value>166</Value></HeartRateBpm><Cadence>86</Cadence><Extensions><ns3:TPX><ns3:Speed>2.630000114440918</ns3:Speed><ns3:Pace>0.38</ns3:Pace></ns3:TPX></Extensions></Trackpoint><Trackpoint><Time>2025-08-12T21:50:47Z</Time><Position><LatitudeDegrees>-8.04729492</LatitudeDegrees><LongitudeDegrees>-34.95050911</LongitudeDegrees></Position><HeartRateBpm><Value>165</Value></HeartRateBpm><Cadence>87</Cadence><Extensions><ns3:TPX><ns3:Speed>2.619999885559082</ns3:Speed><ns3:Pace>0.38</ns3:Pace></ns3:TPX></Extensions></Trackpoint><Trackpoint><Time>2025-08-12T21:50:48Z</Time><Position><LatitudeDegrees>-8.04731691</LatitudeDegrees><LongitudeDegrees>-34.95051044</LongitudeDegrees></Position><HeartRateBpm><Value>165</Value></HeartRateBpm><Cadence>87</Cadence><Extensions><ns3:TPX><ns3:Speed>2.619999885559082</ns3:Speed><ns3:Pace>0.38</ns3:Pace></ns3:TPX></Extensions></Trackpoint><Trackpoint><Time>2025-08-12T21:50:49Z</Time><Position><LatitudeDegrees>-8.04733824</LatitudeDegrees><LongitudeDegrees>-34.95050979</LongitudeDegrees></Position><HeartRateBpm><Value>164</Value></HeartRateBpm><Cadence>86</Cadence><Extensions><ns3:TPX><ns3:Speed>2.609999895095825</ns3:Speed><ns3:Pace>0.38</ns3:Pace></ns3:TPX></Extensions></Trackpoint><Trackpoint><Time>2025-08-12T21:50:50Z</Time><Position><LatitudeDegrees>-8.04735957</LatitudeDegrees><LongitudeDegrees>-34.95050779</LongitudeDegrees></Position><HeartRateBpm><Value>164</Value></HeartRateBpm><Cadence>86</Cadence><Extensions><ns3:TPX><ns3:Speed>2.5899999141693115</ns3:Speed><ns3:Pace>0.39</ns3:Pace></ns3:TPX></Extensions></Trackpoint><Trackpoint><Time>2025-08-12T21:50:51Z</Time><Position><LatitudeDegrees>-8.04737956</LatitudeDegrees><LongitudeDegrees>-34.95050579</LongitudeDegrees></Position><HeartRateBpm><Value>164</Value></HeartRateBpm><Cadence>87</Cadence><Extensions><ns3:TPX><ns3:Speed>2.549999952316284</ns3:Speed><ns3:Pace>0.4</ns3:Pace></ns3:TPX></Extensions></Trackpoint><Trackpoint><Time>2025-08-12T21:50:52Z</Time><Position><LatitudeDegrees>-8.04740089</LatitudeDegrees><LongitudeDegrees>-34.95050312</LongitudeDegrees></Position><HeartRateBpm><Value>164</Value></HeartRateBpm><Cadence>88</Cadence><Extensions><ns3:TPX><ns3:Speed>2.490000009536743</ns3:Speed><ns3:Pace>0.41</ns3:Pace></ns3:TPX></Extensions></Trackpoint><Trackpoint><Time>2025-08-12T21:50:53Z</Time><Position><LatitudeDegrees>-8.04742255</LatitudeDegrees><LongitudeDegrees>-34.9505018</LongitudeDegrees></Position><HeartRateBpm><Value>164</Value></HeartRateBpm><Cadence>88</Cadence><Extensions><ns3:TPX><ns3:Speed>2.430000066757202</ns3:Speed><ns3:Pace>0.41</ns3:Pace></ns3:TPX></Extensions></Trackpoint><Trackpoint><Time>2025-08-12T21:50:54Z</Time><Position><LatitudeDegrees>-8.04744421</LatitudeDegrees><LongitudeDegrees>-34.95050046</LongitudeDegrees></Position><HeartRateBpm><Value>164</Value></HeartRateBpm><Cadence>88</Cadence><Extensions><ns3:TPX><ns3:Speed>2.430000066757202</ns3:Speed><ns3:Pace>0.41</ns3:Pace></ns3:TPX></Extensions></Trackpoint><Trackpoint><Time>2025-08-12T21:50:55Z</Time><Position><LatitudeDegrees>-8.0474642</LatitudeDegrees><LongitudeDegrees>-34.95049914</LongitudeDegrees></Position><HeartRateBpm><Value>164</Value></HeartRateBpm><Cadence>88</Cadence><Extensions><ns3:TPX><ns3:Speed>2.4000000953674316</ns3:Speed><ns3:Pace>0.41</ns3:Pace></ns3:TPX></Extensions></Trackpoint><Trackpoint><Time>2025-08-12T21:50:56Z</Time><Position><LatitudeDegrees>-8.0474852</LatitudeDegrees><LongitudeDegrees>-34.95049848</LongitudeDegrees></Position><HeartRateBpm><Value>165</Value></HeartRateBpm><Cadence>88</Cadence><Extensions><ns3:TPX><ns3:Speed>2.390000104904175</ns3:Speed><ns3:Pace>0.41</ns3:Pace></ns3:TPX></Extensions></Trackpoint><Trackpoint><Time>2025-08-12T21:50:57Z</Time><Position><LatitudeDegrees>-8.04750854</LatitudeDegrees><LongitudeDegrees>-34.95049881</LongitudeDegrees></Position><HeartRateBpm><Value>166</Value></HeartRateBpm><Cadence>87</Cadence><Extensions><ns3:TPX><ns3:Speed>2.390000104904175</ns3:Speed><ns3:Pace>0.41</ns3:Pace></ns3:TPX></Extensions></Trackpoint><Trackpoint><Time>2025-08-12T21:50:58Z</Time><Position><LatitudeDegrees>-8.0475322</LatitudeDegrees><LongitudeDegrees>-34.95049913</LongitudeDegrees></Position><HeartRateBpm><Value>165</Value></HeartRateBpm><Cadence>88</Cadence><Extensions><ns3:TPX><ns3:Speed>2.390000104904175</ns3:Speed><ns3:Pace>0.41</ns3:Pace></ns3:TPX></Extensions></Trackpoint><Trackpoint><Time>2025-08-12T21:50:59Z</Time><Position><LatitudeDegrees>-8.04755653</LatitudeDegrees><LongitudeDegrees>-34.95049847</LongitudeDegrees></Position><HeartRateBpm><Value>165</Value></HeartRateBpm><Cadence>88</Cadence><Extensions><ns3:TPX><ns3:Speed>2.390000104904175</ns3:Speed><ns3:Pace>0.41</ns3:Pace></ns3:TPX></Extensions></Trackpoint><Trackpoint><Time>2025-08-12T21:51:00Z</Time><Position><LatitudeDegrees>-8.04758118</LatitudeDegrees><LongitudeDegrees>-34.95049714</LongitudeDegrees></Position><HeartRateBpm><Value>165</Value></HeartRateBpm><Cadence>88</Cadence><Extensions><ns3:TPX><ns3:Speed>2.390000104904175</ns3:Speed><ns3:Pace>0.41</ns3:Pace></ns3:TPX></Extensions></Trackpoint><Trackpoint><Time>2025-08-12T21:51:01Z</Time><Position><LatitudeDegrees>-8.04760485</LatitudeDegrees><LongitudeDegrees>-34.95049548</LongitudeDegrees></Position><HeartRateBpm><Value>165</Value></HeartRateBpm><Cadence>88</Cadence><Extensions><ns3:TPX><ns3:Speed>2.390000104904175</ns3:Speed><ns3:Pace>0.41</ns3:Pace></ns3:TPX></Extensions></Trackpoint><Trackpoint><Time>2025-08-12T21:51:02Z</Time><Position><LatitudeDegrees>-8.04762851</LatitudeDegrees><LongitudeDegrees>-34.95049482</LongitudeDegrees></Position><HeartRateBpm><Value>166</Value></HeartRateBpm><Cadence>87</Cadence><Extensions><ns3:TPX><ns3:Speed>2.390000104904175</ns3:Speed><ns3:Pace>0.41</ns3:Pace></ns3:TPX></Extensions></Trackpoint><Trackpoint><Time>2025-08-12T21:51:03Z</Time><Position><LatitudeDegrees>-8.04765184</LatitudeDegrees><LongitudeDegrees>-34.95049548</LongitudeDegrees></Position><HeartRateBpm><Value>166</Value></HeartRateBpm><Cadence>86</Cadence><Extensions><ns3:TPX><ns3:Speed>2.4000000953674316</ns3:Speed><ns3:Pace>0.41</ns3:Pace></ns3:TPX></Extensions></Trackpoint><Trackpoint><Time>2025-08-12T21:51:04Z</Time><Position><LatitudeDegrees>-8.04767483</LatitudeDegrees><LongitudeDegrees>-34.95049747</LongitudeDegrees></Position><HeartRateBpm><Value>166</Value></HeartRateBpm><Cadence>86</Cadence><Extensions><ns3:TPX><ns3:Speed>2.4100000858306885</ns3:Speed><ns3:Pace>0.41</ns3:Pace></ns3:TPX></Extensions></Trackpoint><Trackpoint><Time>2025-08-12T21:51:05Z</Time><Position><LatitudeDegrees>-8.04769716</LatitudeDegrees><LongitudeDegrees>-34.95050114</LongitudeDegrees></Position><HeartRateBpm><Value>166</Value></HeartRateBpm><Cadence>86</Cadence><Extensions><ns3:TPX><ns3:Speed>2.4200000762939453</ns3:Speed><ns3:Pace>0.41</ns3:Pace></ns3:TPX></Extensions></Trackpoint><Trackpoint><Time>2025-08-12T21:51:06Z</Time><Position><LatitudeDegrees>-8.04772016</LatitudeDegrees><LongitudeDegrees>-34.95050446</LongitudeDegrees></Position><HeartRateBpm><Value>166</Value></HeartRateBpm><Cadence>86</Cadence><Extensions><ns3:TPX><ns3:Speed>2.4200000762939453</ns3:Speed><ns3:Pace>0.41</ns3:Pace></ns3:TPX></Extensions></Trackpoint><Trackpoint><Time>2025-08-12T21:51:07Z</Time><Position><LatitudeDegrees>-8.04774249</LatitudeDegrees><LongitudeDegrees>-34.95050745</LongitudeDegrees></Position><HeartRateBpm><Value>166</Value></HeartRateBpm><Cadence>86</Cadence><Extensions><ns3:TPX><ns3:Speed>2.430000066757202</ns3:Speed><ns3:Pace>0.41</ns3:Pace></ns3:TPX></Extensions></Trackpoint><Trackpoint><Time>2025-08-12T21:51:08Z</Time><Position><LatitudeDegrees>-8.04776414</LatitudeDegrees><LongitudeDegrees>-34.95050979</LongitudeDegrees></Position><HeartRateBpm><Value>167</Value></HeartRateBpm><Cadence>86</Cadence><Extensions><ns3:TPX><ns3:Speed>2.430000066757202</ns3:Speed><ns3:Pace>0.4</ns3:Pace></ns3:TPX></Extensions></Trackpoint><Trackpoint><Time>2025-08-12T21:51:09Z</Time><Position><LatitudeDegrees>-8.04778614</LatitudeDegrees><LongitudeDegrees>-34.95051212</LongitudeDegrees></Position><HeartRateBpm><Value>167</Value></HeartRateBpm><Cadence>87</Cadence><Extensions><ns3:TPX><ns3:Speed>2.450000047683716</ns3:Speed><ns3:Pace>0.4</ns3:Pace></ns3:TPX></Extensions></Trackpoint><Trackpoint><Time>2025-08-12T21:51:10Z</Time><Position><LatitudeDegrees>-8.04780813</LatitudeDegrees><LongitudeDegrees>-34.95051411</LongitudeDegrees></Position><HeartRateBpm><Value>167</Value></HeartRateBpm><Cadence>87</Cadence><Extensions><ns3:TPX><ns3:Speed>2.450000047683716</ns3:Speed><ns3:Pace>0.4</ns3:Pace></ns3:TPX></Extensions></Trackpoint><Trackpoint><Time>2025-08-12T21:51:11Z</Time><Position><LatitudeDegrees>-8.04783012</LatitudeDegrees><LongitudeDegrees>-34.95051544</LongitudeDegrees></Position><HeartRateBpm><Value>167</Value></HeartRateBpm><Cadence>88</Cadence><Extensions><ns3:TPX><ns3:Speed>2.4600000381469727</ns3:Speed><ns3:Pace>0.4</ns3:Pace></ns3:TPX></Extensions></Trackpoint><Trackpoint><Time>2025-08-12T21:51:12Z</Time><Position><LatitudeDegrees>-8.04785246</LatitudeDegrees><LongitudeDegrees>-34.95051577</LongitudeDegrees></Position><HeartRateBpm><Value>167</Value></HeartRateBpm><Cadence>88</Cadence><Extensions><ns3:TPX><ns3:Speed>2.4600000381469727</ns3:Speed><ns3:Pace>0.4</ns3:Pace></ns3:TPX></Extensions></Trackpoint><Trackpoint><Time>2025-08-12T21:51:13Z</Time><Position><LatitudeDegrees>-8.04787511</LatitudeDegrees><LongitudeDegrees>-34.95051709</LongitudeDegrees></Position><HeartRateBpm><Value>167</Value></HeartRateBpm><Cadence>88</Cadence><Extensions><ns3:TPX><ns3:Speed>2.4600000381469727</ns3:Speed><ns3:Pace>0.4</ns3:Pace></ns3:TPX></Extensions></Trackpoint><Trackpoint><Time>2025-08-12T21:51:14Z</Time><Position><LatitudeDegrees>-8.04789811</LatitudeDegrees><LongitudeDegrees>-34.95052142</LongitudeDegrees></Position><HeartRateBpm><Value>167</Value></HeartRateBpm><Cadence>87</Cadence><Extensions><ns3:TPX><ns3:Speed>2.4600000381469727</ns3:Speed><ns3:Pace>0.4</ns3:Pace></ns3:TPX></Extensions></Trackpoint><Trackpoint><Time>2025-08-12T21:51:15Z</Time><Position><LatitudeDegrees>-8.04792044</LatitudeDegrees><LongitudeDegrees>-34.95052575</LongitudeDegrees></Position><HeartRateBpm><Value>168</Value></HeartRateBpm><Cadence>85</Cadence><Extensions><ns3:TPX><ns3:Speed>2.4700000286102295</ns3:Speed><ns3:Pace>0.4</ns3:Pace></ns3:TPX></Extensions></Trackpoint><Trackpoint><Time>2025-08-12T21:51:16Z</Time><Position><LatitudeDegrees>-8.04794277</LatitudeDegrees><LongitudeDegrees>-34.95052874</LongitudeDegrees></Position><HeartRateBpm><Value>169</Value></HeartRateBpm><Cadence>84</Cadence><Extensions><ns3:TPX><ns3:Speed>2.4700000286102295</ns3:Speed><ns3:Pace>0.4</ns3:Pace></ns3:TPX></Extensions></Trackpoint><Trackpoint><Time>2025-08-12T21:51:17Z</Time><Position><LatitudeDegrees>-8.04796377</LatitudeDegrees><LongitudeDegrees>-34.95053074</LongitudeDegrees></Position><HeartRateBpm><Value>169</Value></HeartRateBpm><Cadence>84</Cadence><Extensions><ns3:TPX><ns3:Speed>2.4800000190734863</ns3:Speed><ns3:Pace>0.4</ns3:Pace></ns3:TPX></Extensions></Trackpoint><Trackpoint><Time>2025-08-12T21:51:18Z</Time><Position><LatitudeDegrees>-8.04798477</LatitudeDegrees><LongitudeDegrees>-34.95053274</LongitudeDegrees></Position><HeartRateBpm><Value>169</Value></HeartRateBpm><Cadence>84</Cadence><Extensions><ns3:TPX><ns3:Speed>2.4800000190734863</ns3:Speed><ns3:Pace>0.4</ns3:Pace></ns3:TPX></Extensions></Trackpoint><Trackpoint><Time>2025-08-12T21:51:19Z</Time><Position><LatitudeDegrees>-8.04800409</LatitudeDegrees><LongitudeDegrees>-34.95053339</LongitudeDegrees></Position><HeartRateBpm><Value>169</Value></HeartRateBpm><Cadence>85</Cadence><Extensions><ns3:TPX><ns3:Speed>2.4800000190734863</ns3:Speed><ns3:Pace>0.4</ns3:Pace></ns3:TPX></Extensions></Trackpoint><Trackpoint><Time>2025-08-12T21:51:20Z</Time><Position><LatitudeDegrees>-8.04802443</LatitudeDegrees><LongitudeDegrees>-34.95053372</LongitudeDegrees></Position><HeartRateBpm><Value>169</Value></HeartRateBpm><Cadence>86</Cadence><Extensions><ns3:TPX><ns3:Speed>2.4800000190734863</ns3:Speed><ns3:Pace>0.4</ns3:Pace></ns3:TPX></Extensions></Trackpoint><Trackpoint><Time>2025-08-12T21:51:21Z</Time><Position><LatitudeDegrees>-8.04804642</LatitudeDegrees><LongitudeDegrees>-34.95053472</LongitudeDegrees></Position><HeartRateBpm><Value>169</Value></HeartRateBpm><Cadence>87</Cadence><Extensions><ns3:TPX><ns3:Speed>2.4800000190734863</ns3:Speed><ns3:Pace>0.4</ns3:Pace></ns3:TPX></Extensions></Trackpoint><Trackpoint><Time>2025-08-12T21:51:22Z</Time><Position><LatitudeDegrees>-8.04806842</LatitudeDegrees><LongitudeDegrees>-34.95053604</LongitudeDegrees></Position><HeartRateBpm><Value>169</Value></HeartRateBpm><Cadence>88</Cadence><Extensions><ns3:TPX><ns3:Speed>2.4800000190734863</ns3:Speed><ns3:Pace>0.4</ns3:Pace></ns3:TPX></Extensions></Trackpoint><Trackpoint><Time>2025-08-12T21:51:23Z</Time><Position><LatitudeDegrees>-8.04809007</LatitudeDegrees><LongitudeDegrees>-34.9505367</LongitudeDegrees></Position><HeartRateBpm><Value>169</Value></HeartRateBpm><Cadence>88</Cadence><Extensions><ns3:TPX><ns3:Speed>2.4800000190734863</ns3:Speed><ns3:Pace>0.4</ns3:Pace></ns3:TPX></Extensions></Trackpoint><Trackpoint><Time>2025-08-12T21:51:24Z</Time><Position><LatitudeDegrees>-8.04811206</LatitudeDegrees><LongitudeDegrees>-34.95053836</LongitudeDegrees></Position><HeartRateBpm><Value>169</Value></HeartRateBpm><Cadence>88</Cadence><Extensions><ns3:TPX><ns3:Speed>2.4800000190734863</ns3:Speed><ns3:Pace>0.4</ns3:Pace></ns3:TPX></Extensions></Trackpoint><Trackpoint><Time>2025-08-12T21:51:25Z</Time><Position><LatitudeDegrees>-8.04813306</LatitudeDegrees><LongitudeDegrees>-34.95054103</LongitudeDegrees></Position><HeartRateBpm><Value>169</Value></HeartRateBpm><Cadence>87</Cadence><Extensions><ns3:TPX><ns3:Speed>2.4800000190734863</ns3:Speed><ns3:Pace>0.4</ns3:Pace></ns3:TPX></Extensions></Trackpoint><Trackpoint><Time>2025-08-12T21:51:26Z</Time><Position><LatitudeDegrees>-8.04815406</LatitudeDegrees><LongitudeDegrees>-34.95054269</LongitudeDegrees></Position><HeartRateBpm><Value>170</Value></HeartRateBpm><Cadence>87</Cadence><Extensions><ns3:TPX><ns3:Speed>2.4800000190734863</ns3:Speed><ns3:Pace>0.4</ns3:Pace></ns3:TPX></Extensions></Trackpoint><Trackpoint><Time>2025-08-12T21:51:27Z</Time><Position><LatitudeDegrees>-8.04817505</LatitudeDegrees><LongitudeDegrees>-34.95054469</LongitudeDegrees></Position><HeartRateBpm><Value>170</Value></HeartRateBpm><Cadence>87</Cadence><Extensions><ns3:TPX><ns3:Speed>2.4800000190734863</ns3:Speed><ns3:Pace>0.4</ns3:Pace></ns3:TPX></Extensions></Trackpoint><Trackpoint><Time>2025-08-12T21:51:28Z</Time><Position><LatitudeDegrees>-8.04819572</LatitudeDegrees><LongitudeDegrees>-34.95054801</LongitudeDegrees></Position><HeartRateBpm><Value>170</Value></HeartRateBpm><Cadence>88</Cadence><Extensions><ns3:TPX><ns3:Speed>2.4800000190734863</ns3:Speed><ns3:Pace>0.4</ns3:Pace></ns3:TPX></Extensions></Trackpoint><Trackpoint><Time>2025-08-12T21:51:29Z</Time><Position><LatitudeDegrees>-8.04821672</LatitudeDegrees><LongitudeDegrees>-34.95055234</LongitudeDegrees></Position><HeartRateBpm><Value>171</Value></HeartRateBpm><Cadence>88</Cadence><Extensions><ns3:TPX><ns3:Speed>2.4800000190734863</ns3:Speed><ns3:Pace>0.4</ns3:Pace></ns3:TPX></Extensions></Trackpoint><Trackpoint><Time>2025-08-12T21:51:30Z</Time><Position><LatitudeDegrees>-8.04823738</LatitudeDegrees><LongitudeDegrees>-34.95055967</LongitudeDegrees></Position><HeartRateBpm><Value>171</Value></HeartRateBpm><Cadence>88</Cadence><Extensions><ns3:TPX><ns3:Speed>2.4800000190734863</ns3:Speed><ns3:Pace>0.4</ns3:Pace></ns3:TPX></Extensions></Trackpoint><Trackpoint><Time>2025-08-12T21:51:31Z</Time><Position><LatitudeDegrees>-8.04825903</LatitudeDegrees><LongitudeDegrees>-34.95056633</LongitudeDegrees></Position><HeartRateBpm><Value>171</Value></HeartRateBpm><Cadence>88</Cadence><Extensions><ns3:TPX><ns3:Speed>2.4800000190734863</ns3:Speed><ns3:Pace>0.4</ns3:Pace></ns3:TPX></Extensions></Trackpoint><Trackpoint><Time>2025-08-12T21:51:32Z</Time><Position><LatitudeDegrees>-8.04828102</LatitudeDegrees><LongitudeDegrees>-34.95057133</LongitudeDegrees></Position><HeartRateBpm><Value>171</Value></HeartRateBpm><Cadence>87</Cadence><Extensions><ns3:TPX><ns3:Speed>2.4800000190734863</ns3:Speed><ns3:Pace>0.4</ns3:Pace></ns3:TPX></Extensions></Trackpoint><Trackpoint><Time>2025-08-12T21:51:33Z</Time><Position><LatitudeDegrees>-8.04830136</LatitudeDegrees><LongitudeDegrees>-34.95057466</LongitudeDegrees></Position><HeartRateBpm><Value>171</Value></HeartRateBpm><Cadence>88</Cadence><Extensions><ns3:TPX><ns3:Speed>2.4800000190734863</ns3:Speed><ns3:Pace>0.4</ns3:Pace></ns3:TPX></Extensions></Trackpoint><Trackpoint><Time>2025-08-12T21:51:34Z</Time><Position><LatitudeDegrees>-8.04832335</LatitudeDegrees><LongitudeDegrees>-34.95057798</LongitudeDegrees></Position><HeartRateBpm><Value>171</Value></HeartRateBpm><Cadence>88</Cadence><Extensions><ns3:TPX><ns3:Speed>2.4700000286102295</ns3:Speed><ns3:Pace>0.4</ns3:Pace></ns3:TPX></Extensions></Trackpoint><Trackpoint><Time>2025-08-12T21:51:35Z</Time><Position><LatitudeDegrees>-8.04834467</LatitudeDegrees><LongitudeDegrees>-34.95058065</LongitudeDegrees></Position><HeartRateBpm><Value>171</Value></HeartRateBpm><Cadence>88</Cadence><Extensions><ns3:TPX><ns3:Speed>2.4700000286102295</ns3:Speed><ns3:Pace>0.4</ns3:Pace></ns3:TPX></Extensions></Trackpoint><Trackpoint><Time>2025-08-12T21:51:36Z</Time><Position><LatitudeDegrees>-8.04836534</LatitudeDegrees><LongitudeDegrees>-34.95058364</LongitudeDegrees></Position><HeartRateBpm><Value>171</Value></HeartRateBpm><Cadence>87</Cadence><Extensions><ns3:TPX><ns3:Speed>2.4700000286102295</ns3:Speed><ns3:Pace>0.4</ns3:Pace></ns3:TPX></Extensions></Trackpoint><Trackpoint><Time>2025-08-12T21:51:37Z</Time><Position><LatitudeDegrees>-8.04838599</LatitudeDegrees><LongitudeDegrees>-34.95058696</LongitudeDegrees></Position><HeartRateBpm><Value>171</Value></HeartRateBpm><Cadence>87</Cadence><Extensions><ns3:TPX><ns3:Speed>2.4700000286102295</ns3:Speed><ns3:Pace>0.4</ns3:Pace></ns3:TPX></Extensions></Trackpoint><Trackpoint><Time>2025-08-12T21:51:38Z</Time><Position><LatitudeDegrees>-8.04840466</LatitudeDegrees><LongitudeDegrees>-34.95058929</LongitudeDegrees></Position><HeartRateBpm><Value>171</Value></HeartRateBpm><Cadence>87</Cadence><Extensions><ns3:TPX><ns3:Speed>2.4700000286102295</ns3:Speed><ns3:Pace>0.4</ns3:Pace></ns3:TPX></Extensions></Trackpoint><Trackpoint><Time>2025-08-12T21:51:39Z</Time><Position><LatitudeDegrees>-8.04842498</LatitudeDegrees><LongitudeDegrees>-34.95059163</LongitudeDegrees></Position><HeartRateBpm><Value>170</Value></HeartRateBpm><Cadence>87</Cadence><Extensions><ns3:TPX><ns3:Speed>2.4600000381469727</ns3:Speed><ns3:Pace>0.4</ns3:Pace></ns3:TPX></Extensions></Trackpoint><Trackpoint><Time>2025-08-12T21:51:40Z</Time><Position><LatitudeDegrees>-8.04844397</LatitudeDegrees><LongitudeDegrees>-34.95059428</LongitudeDegrees></Position><HeartRateBpm><Value>170</Value></HeartRateBpm><Cadence>88</Cadence><Extensions><ns3:TPX><ns3:Speed>2.4600000381469727</ns3:Speed><ns3:Pace>0.4</ns3:Pace></ns3:TPX></Extensions></Trackpoint><Trackpoint><Time>2025-08-12T21:51:41Z</Time><Position><LatitudeDegrees>-8.04846296</LatitudeDegrees><LongitudeDegrees>-34.95059662</LongitudeDegrees></Position><HeartRateBpm><Value>170</Value></HeartRateBpm><Cadence>88</Cadence><Extensions><ns3:TPX><ns3:Speed>2.4600000381469727</ns3:Speed><ns3:Pace>0.4</ns3:Pace></ns3:TPX></Extensions></Trackpoint><Trackpoint><Time>2025-08-12T21:51:42Z</Time><Position><LatitudeDegrees>-8.04848195</LatitudeDegrees><LongitudeDegrees>-34.95059927</LongitudeDegrees></Position><HeartRateBpm><Value>169</Value></HeartRateBpm><Cadence>88</Cadence><Extensions><ns3:TPX><ns3:Speed>2.450000047683716</ns3:Speed><ns3:Pace>0.4</ns3:Pace></ns3:TPX></Extensions></Trackpoint><Trackpoint><Time>2025-08-12T21:51:43Z</Time><Position><LatitudeDegrees>-8.04850029</LatitudeDegrees><LongitudeDegrees>-34.9506016</LongitudeDegrees></Position><HeartRateBpm><Value>169</Value></HeartRateBpm><Cadence>88</Cadence><Extensions><ns3:TPX><ns3:Speed>2.450000047683716</ns3:Speed><ns3:Pace>0.4</ns3:Pace></ns3:TPX></Extensions></Trackpoint><Trackpoint><Time>2025-08-12T21:51:44Z</Time><Position><LatitudeDegrees>-8.04851894</LatitudeDegrees><LongitudeDegrees>-34.95060425</LongitudeDegrees></Position><HeartRateBpm><Value>169</Value></HeartRateBpm><Cadence>88</Cadence><Extensions><ns3:TPX><ns3:Speed>2.450000047683716</ns3:Speed><ns3:Pace>0.41</ns3:Pace></ns3:TPX></Extensions></Trackpoint><Trackpoint><Time>2025-08-12T21:51:45Z</Time><Position><LatitudeDegrees>-8.04853761</LatitudeDegrees><LongitudeDegrees>-34.95060724</LongitudeDegrees></Position><HeartRateBpm><Value>170</Value></HeartRateBpm><Cadence>87</Cadence><Extensions><ns3:TPX><ns3:Speed>2.430000066757202</ns3:Speed><ns3:Pace>0.41</ns3:Pace></ns3:TPX></Extensions></Trackpoint><Trackpoint><Time>2025-08-12T21:51:46Z</Time><Position><LatitudeDegrees>-8.04855693</LatitudeDegrees><LongitudeDegrees>-34.95060958</LongitudeDegrees></Position><HeartRateBpm><Value>170</Value></HeartRateBpm><Cadence>84</Cadence><Extensions><ns3:TPX><ns3:Speed>2.4200000762939453</ns3:Speed><ns3:Pace>0.41</ns3:Pace></ns3:TPX></Extensions></Trackpoint><Trackpoint><Time>2025-08-12T21:51:47Z</Time><Position><LatitudeDegrees>-8.04857527</LatitudeDegrees><LongitudeDegrees>-34.95061091</LongitudeDegrees></Position><HeartRateBpm><Value>170</Value></HeartRateBpm><Cadence>84</Cadence><Extensions><ns3:TPX><ns3:Speed>2.4100000858306885</ns3:Speed><ns3:Pace>0.41</ns3:Pace></ns3:TPX></Extensions></Trackpoint><Trackpoint><Time>2025-08-12T21:51:48Z</Time><Position><LatitudeDegrees>-8.04859093</LatitudeDegrees><LongitudeDegrees>-34.95060991</LongitudeDegrees></Position><HeartRateBpm><Value>170</Value></HeartRateBpm><Cadence>83</Cadence><Extensions><ns3:TPX><ns3:Speed>2.4000000953674316</ns3:Speed><ns3:Pace>0.41</ns3:Pace></ns3:TPX></Extensions></Trackpoint><Trackpoint><Time>2025-08-12T21:51:49Z</Time><Position><LatitudeDegrees>-8.04860326</LatitudeDegrees><LongitudeDegrees>-34.95060559</LongitudeDegrees></Position><HeartRateBpm><Value>170</Value></HeartRateBpm><Cadence>83</Cadence><Extensions><ns3:TPX><ns3:Speed>2.4000000953674316</ns3:Speed><ns3:Pace>0.41</ns3:Pace></ns3:TPX></Extensions></Trackpoint><Trackpoint><Time>2025-08-12T21:51:50Z</Time><Position><LatitudeDegrees>-8.04861192</LatitudeDegrees><LongitudeDegrees>-34.95059759</LongitudeDegrees></Position><HeartRateBpm><Value>170</Value></HeartRateBpm><Cadence>83</Cadence><Extensions><ns3:TPX><ns3:Speed>2.390000104904175</ns3:Speed><ns3:Pace>0.41</ns3:Pace></ns3:TPX></Extensions></Trackpoint><Trackpoint><Time>2025-08-12T21:51:51Z</Time><Position><LatitudeDegrees>-8.04861725</LatitudeDegrees><LongitudeDegrees>-34.95058625</LongitudeDegrees></Position><HeartRateBpm><Value>170</Value></HeartRateBpm><Cadence>86</Cadence><Extensions><ns3:TPX><ns3:Speed>2.380000114440918</ns3:Speed><ns3:Pace>0.42</ns3:Pace></ns3:TPX></Extensions></Trackpoint><Trackpoint><Time>2025-08-12T21:51:52Z</Time><Position><LatitudeDegrees>-8.04862457</LatitudeDegrees><LongitudeDegrees>-34.95055426</LongitudeDegrees></Position><HeartRateBpm><Value>170</Value></HeartRateBpm><Cadence>86</Cadence><Extensions><ns3:TPX><ns3:Speed>2.3499999046325684</ns3:Speed><ns3:Pace>0.42</ns3:Pace></ns3:TPX></Extensions></Trackpoint><Trackpoint><Time>2025-08-12T21:51:53Z</Time><Position><LatitudeDegrees>-8.04862624</LatitudeDegrees><LongitudeDegrees>-34.9505366</LongitudeDegrees></Position><HeartRateBpm><Value>169</Value></HeartRateBpm><Cadence>85</Cadence><Extensions><ns3:TPX><ns3:Speed>2.3399999141693115</ns3:Speed><ns3:Pace>0.42</ns3:Pace></ns3:TPX></Extensions></Trackpoint><Trackpoint><Time>2025-08-12T21:51:54Z</Time><Position><LatitudeDegrees>-8.04862957</LatitudeDegrees><LongitudeDegrees>-34.95051827</LongitudeDegrees></Position><HeartRateBpm><Value>169</Value></HeartRateBpm><Cadence>85</Cadence><Extensions><ns3:TPX><ns3:Speed>2.3399999141693115</ns3:Speed><ns3:Pace>0.42</ns3:Pace></ns3:TPX></Extensions></Trackpoint><Trackpoint><Time>2025-08-12T21:51:55Z</Time><Position><LatitudeDegrees>-8.04863456</LatitudeDegrees><LongitudeDegrees>-34.95050095</LongitudeDegrees></Position><HeartRateBpm><Value>168</Value></HeartRateBpm><Cadence>85</Cadence><Extensions><ns3:TPX><ns3:Speed>2.3299999237060547</ns3:Speed><ns3:Pace>0.43</ns3:Pace></ns3:TPX></Extensions></Trackpoint><Trackpoint><Time>2025-08-12T21:51:56Z</Time><Position><LatitudeDegrees>-8.04863888</LatitudeDegrees><LongitudeDegrees>-34.95048195</LongitudeDegrees></Position><HeartRateBpm><Value>168</Value></HeartRateBpm><Cadence>85</Cadence><Extensions><ns3:TPX><ns3:Speed>2.319999933242798</ns3:Speed><ns3:Pace>0.43</ns3:Pace></ns3:TPX></Extensions></Trackpoint><Trackpoint><Time>2025-08-12T21:51:57Z</Time><Position><LatitudeDegrees>-8.04864288</LatitudeDegrees><LongitudeDegrees>-34.95046062</LongitudeDegrees></Position><HeartRateBpm><Value>168</Value></HeartRateBpm><Cadence>86</Cadence><Extensions><ns3:TPX><ns3:Speed>2.309999942779541</ns3:Speed><ns3:Pace>0.43</ns3:Pace></ns3:TPX></Extensions></Trackpoint><Trackpoint><Time>2025-08-12T21:51:58Z</Time><Position><LatitudeDegrees>-8.04864787</LatitudeDegrees><LongitudeDegrees>-34.95043896</LongitudeDegrees></Position><HeartRateBpm><Value>168</Value></HeartRateBpm><Cadence>88</Cadence><Extensions><ns3:TPX><ns3:Speed>2.299999952316284</ns3:Speed><ns3:Pace>0.43</ns3:Pace></ns3:TPX></Extensions></Trackpoint><Trackpoint><Time>2025-08-12T21:51:59Z</Time><Position><LatitudeDegrees>-8.04865554</LatitudeDegrees><LongitudeDegrees>-34.95041829</LongitudeDegrees></Position><HeartRateBpm><Value>168</Value></HeartRateBpm><Cadence>88</Cadence><Extensions><ns3:TPX><ns3:Speed>2.2899999618530273</ns3:Speed><ns3:Pace>0.43</ns3:Pace></ns3:TPX></Extensions></Trackpoint><Trackpoint><Time>2025-08-12T21:52:00Z</Time><Position><LatitudeDegrees>-8.0486652</LatitudeDegrees><LongitudeDegrees>-34.95039864</LongitudeDegrees></Position><HeartRateBpm><Value>168</Value></HeartRateBpm><Cadence>88</Cadence><Extensions><ns3:TPX><ns3:Speed>2.2899999618530273</ns3:Speed><ns3:Pace>0.43</ns3:Pace></ns3:TPX></Extensions></Trackpoint><Trackpoint><Time>2025-08-12T21:52:01Z</Time><Position><LatitudeDegrees>-8.04867852</LatitudeDegrees><LongitudeDegrees>-34.95038098</LongitudeDegrees></Position><HeartRateBpm><Value>167</Value></HeartRateBpm><Cadence>88</Cadence><Extensions><ns3:TPX><ns3:Speed>2.2899999618530273</ns3:Speed><ns3:Pace>0.43</ns3:Pace></ns3:TPX></Extensions></Trackpoint><Trackpoint><Time>2025-08-12T21:52:02Z</Time><Position><LatitudeDegrees>-8.04869585</LatitudeDegrees><LongitudeDegrees>-34.95036599</LongitudeDegrees></Position><HeartRateBpm><Value>167</Value></HeartRateBpm><Cadence>87</Cadence><Extensions><ns3:TPX><ns3:Speed>2.2899999618530273</ns3:Speed><ns3:Pace>0.43</ns3:Pace></ns3:TPX></Extensions></Trackpoint><Trackpoint><Time>2025-08-12T21:52:03Z</Time><Position><LatitudeDegrees>-8.04871451</LatitudeDegrees><LongitudeDegrees>-34.95035199</LongitudeDegrees></Position><HeartRateBpm><Value>168</Value></HeartRateBpm><Cadence>86</Cadence><Extensions><ns3:TPX><ns3:Speed>2.2899999618530273</ns3:Speed><ns3:Pace>0.43</ns3:Pace></ns3:TPX></Extensions></Trackpoint><Trackpoint><Time>2025-08-12T21:52:04Z</Time><Position><LatitudeDegrees>-8.04873284</LatitudeDegrees><LongitudeDegrees>-34.95033799</LongitudeDegrees></Position><HeartRateBpm><Value>169</Value></HeartRateBpm><Cadence>84</Cadence><Extensions><ns3:TPX><ns3:Speed>2.2899999618530273</ns3:Speed><ns3:Pace>0.43</ns3:Pace></ns3:TPX></Extensions></Trackpoint><Trackpoint><Time>2025-08-12T21:52:05Z</Time><Position><LatitudeDegrees>-8.04875017</LatitudeDegrees><LongitudeDegrees>-34.95032333</LongitudeDegrees></Position><HeartRateBpm><Value>169</Value></HeartRateBpm><Cadence>84</Cadence><Extensions><ns3:TPX><ns3:Speed>2.2899999618530273</ns3:Speed><ns3:Pace>0.43</ns3:Pace></ns3:TPX></Extensions></Trackpoint><Trackpoint><Time>2025-08-12T21:52:06Z</Time><Position><LatitudeDegrees>-8.0487675</LatitudeDegrees><LongitudeDegrees>-34.95030867</LongitudeDegrees></Position><HeartRateBpm><Value>169</Value></HeartRateBpm><Cadence>84</Cadence><Extensions><ns3:TPX><ns3:Speed>2.2899999618530273</ns3:Speed><ns3:Pace>0.43</ns3:Pace></ns3:TPX></Extensions></Trackpoint><Trackpoint><Time>2025-08-12T21:52:07Z</Time><Position><LatitudeDegrees>-8.04878449</LatitudeDegrees><LongitudeDegrees>-34.95029534</LongitudeDegrees></Position><HeartRateBpm><Value>170</Value></HeartRateBpm><Cadence>85</Cadence><Extensions><ns3:TPX><ns3:Speed>2.2899999618530273</ns3:Speed><ns3:Pace>0.43</ns3:Pace></ns3:TPX></Extensions></Trackpoint><Trackpoint><Time>2025-08-12T21:52:08Z</Time><Position><LatitudeDegrees>-8.04880148</LatitudeDegrees><LongitudeDegrees>-34.95028134</LongitudeDegrees></Position><HeartRateBpm><Value>171</Value></HeartRateBpm><Cadence>86</Cadence><Extensions><ns3:TPX><ns3:Speed>2.2899999618530273</ns3:Speed><ns3:Pace>0.43</ns3:Pace></ns3:TPX></Extensions></Trackpoint><Trackpoint><Time>2025-08-12T21:52:09Z</Time><Position><LatitudeDegrees>-8.04882115</LatitudeDegrees><LongitudeDegrees>-34.95026934</LongitudeDegrees></Position><HeartRateBpm><Value>171</Value></HeartRateBpm><Cadence>86</Cadence><Extensions><ns3:TPX><ns3:Speed>2.299999952316284</ns3:Speed><ns3:Pace>0.43</ns3:Pace></ns3:TPX></Extensions></Trackpoint><Trackpoint><Time>2025-08-12T21:52:10Z</Time><Position><LatitudeDegrees>-8.04884314</LatitudeDegrees><LongitudeDegrees>-34.95025935</LongitudeDegrees></Position><HeartRateBpm><Value>170</Value></HeartRateBpm><Cadence>86</Cadence><Extensions><ns3:TPX><ns3:Speed>2.299999952316284</ns3:Speed><ns3:Pace>0.42</ns3:Pace></ns3:TPX></Extensions></Trackpoint><Trackpoint><Time>2025-08-12T21:52:11Z</Time><Position><LatitudeDegrees>-8.04886447</LatitudeDegrees><LongitudeDegrees>-34.9502507</LongitudeDegrees></Position><HeartRateBpm><Value>170</Value></HeartRateBpm><Cadence>86</Cadence><Extensions><ns3:TPX><ns3:Speed>2.3499999046325684</ns3:Speed><ns3:Pace>0.42</ns3:Pace></ns3:TPX></Extensions></Trackpoint><Trackpoint><Time>2025-08-12T21:52:12Z</Time><Position><LatitudeDegrees>-8.04888346</LatitudeDegrees><LongitudeDegrees>-34.95024536</LongitudeDegrees></Position><HeartRateBpm><Value>170</Value></HeartRateBpm><Cadence>86</Cadence><Extensions><ns3:TPX><ns3:Speed>2.3499999046325684</ns3:Speed><ns3:Pace>0.41</ns3:Pace></ns3:TPX></Extensions></Trackpoint><Trackpoint><Time>2025-08-12T21:52:13Z</Time><Position><LatitudeDegrees>-8.04890245</LatitudeDegrees><LongitudeDegrees>-34.95024271</LongitudeDegrees></Position><HeartRateBpm><Value>170</Value></HeartRateBpm><Cadence>86</Cadence><Extensions><ns3:TPX><ns3:Speed>2.4000000953674316</ns3:Speed><ns3:Pace>0.41</ns3:Pace></ns3:TPX></Extensions></Trackpoint><Trackpoint><Time>2025-08-12T21:52:14Z</Time><Position><LatitudeDegrees>-8.04891944</LatitudeDegrees><LongitudeDegrees>-34.95024171</LongitudeDegrees></Position><HeartRateBpm><Value>170</Value></HeartRateBpm><Cadence>86</Cadence><Extensions><ns3:TPX><ns3:Speed>2.390000104904175</ns3:Speed><ns3:Pace>0.43</ns3:Pace></ns3:TPX></Extensions></Trackpoint><Trackpoint><Time>2025-08-12T21:52:15Z</Time><Position><LatitudeDegrees>-8.04893477</LatitudeDegrees><LongitudeDegrees>-34.95024271</LongitudeDegrees></Position><HeartRateBpm><Value>170</Value></HeartRateBpm><Cadence>86</Cadence><Extensions><ns3:TPX><ns3:Speed>2.309999942779541</ns3:Speed><ns3:Pace>0.46</ns3:Pace></ns3:TPX></Extensions></Trackpoint><Trackpoint><Time>2025-08-12T21:52:16Z</Time><Position><LatitudeDegrees>-8.04894943</LatitudeDegrees><LongitudeDegrees>-34.95024436</LongitudeDegrees></Position><HeartRateBpm><Value>170</Value></HeartRateBpm><Cadence>86</Cadence><Extensions><ns3:TPX><ns3:Speed>2.1500000953674316</ns3:Speed><ns3:Pace>0.51</ns3:Pace></ns3:TPX></Extensions></Trackpoint><Trackpoint><Time>2025-08-12T21:52:17Z</Time><Position><LatitudeDegrees>-8.0489631</LatitudeDegrees><LongitudeDegrees>-34.95024636</LongitudeDegrees></Position><HeartRateBpm><Value>171</Value></HeartRateBpm><Cadence>86</Cadence><Extensions><ns3:TPX><ns3:Speed>1.940000057220459</ns3:Speed><ns3:Pace>0.51</ns3:Pace></ns3:TPX></Extensions></Trackpoint><Trackpoint><Time>2025-08-12T21:52:18Z</Time><Position><LatitudeDegrees>-8.04897575</LatitudeDegrees><LongitudeDegrees>-34.95024702</LongitudeDegrees></Position><HeartRateBpm><Value>171</Value></HeartRateBpm><Cadence>86</Cadence><Extensions><ns3:TPX><ns3:Speed>1.940000057220459</ns3:Speed><ns3:Pace>0.57</ns3:Pace></ns3:TPX></Extensions></Trackpoint><Trackpoint><Time>2025-08-12T21:52:19Z</Time><Position><LatitudeDegrees>-8.04898675</LatitudeDegrees><LongitudeDegrees>-34.95024835</LongitudeDegrees></Position><HeartRateBpm><Value>170</Value></HeartRateBpm><Cadence>86</Cadence><Extensions><ns3:TPX><ns3:Speed>1.7200000286102295</ns3:Speed><ns3:Pace>0.62</ns3:Pace></ns3:TPX></Extensions></Trackpoint><Trackpoint><Time>2025-08-12T21:52:20Z</Time><Position><LatitudeDegrees>-8.04899741</LatitudeDegrees><LongitudeDegrees>-34.95025069</LongitudeDegrees></Position><HeartRateBpm><Value>170</Value></HeartRateBpm><Cadence>86</Cadence><Extensions><ns3:TPX><ns3:Speed>1.6100000143051147</ns3:Speed><ns3:Pace>0.64</ns3:Pace></ns3:TPX></Extensions></Trackpoint><Trackpoint><Time>2025-08-12T21:52:21Z</Time><Position><LatitudeDegrees>-8.0490074</LatitudeDegrees><LongitudeDegrees>-34.95025368</LongitudeDegrees></Position><HeartRateBpm><Value>170</Value></HeartRateBpm><Cadence>86</Cadence><Extensions><ns3:TPX><ns3:Speed>1.5499999523162842</ns3:Speed><ns3:Pace>0.67</ns3:Pace></ns3:TPX></Extensions></Trackpoint><Trackpoint><Time>2025-08-12T21:52:22Z</Time><Position><LatitudeDegrees>-8.04901739</LatitudeDegrees><LongitudeDegrees>-34.95025767</LongitudeDegrees></Position><HeartRateBpm><Value>169</Value></HeartRateBpm><Cadence>62</Cadence><Extensions><ns3:TPX><ns3:Speed>1.4800000190734863</ns3:Speed><ns3:Pace>0.71</ns3:Pace></ns3:TPX></Extensions></Trackpoint><Trackpoint><Time>2025-08-12T21:52:23Z</Time><Position><LatitudeDegrees>-8.04902671</LatitudeDegrees><LongitudeDegrees>-34.95026233</LongitudeDegrees></Position><HeartRateBpm><Value>169</Value></HeartRateBpm><Cadence>62</Cadence><Extensions><ns3:TPX><ns3:Speed>1.3899999856948853</ns3:Speed><ns3:Pace>0.71</ns3:Pace></ns3:TPX></Extensions></Trackpoint><Trackpoint><Time>2025-08-12T21:52:24Z</Time><Position><LatitudeDegrees>-8.04903705</LatitudeDegrees><LongitudeDegrees>-34.95026699</LongitudeDegrees></Position><HeartRateBpm><Value>169</Value></HeartRateBpm><Cadence>62</Cadence><Extensions><ns3:TPX><ns3:Speed>1.3899999856948853</ns3:Speed><ns3:Pace>0.77</ns3:Pace></ns3:TPX></Extensions></Trackpoint><Trackpoint><Time>2025-08-12T21:52:25Z</Time><Position><LatitudeDegrees>-8.04904704</LatitudeDegrees><LongitudeDegrees>-34.95027132</LongitudeDegrees></Position><HeartRateBpm><Value>170</Value></HeartRateBpm><Cadence>62</Cadence><Extensions><ns3:TPX><ns3:Speed>1.2799999713897705</ns3:Speed><ns3:Pace>0.82</ns3:Pace></ns3:TPX></Extensions></Trackpoint><Trackpoint><Time>2025-08-12T21:52:26Z</Time><Position><LatitudeDegrees>-8.0490577</LatitudeDegrees><LongitudeDegrees>-34.95027498</LongitudeDegrees></Position><HeartRateBpm><Value>171</Value></HeartRateBpm><Cadence>62</Cadence><Extensions><ns3:TPX><ns3:Speed>1.2000000476837158</ns3:Speed><ns3:Pace>0.84</ns3:Pace></ns3:TPX></Extensions></Trackpoint><Trackpoint><Time>2025-08-12T21:52:27Z</Time><Position><LatitudeDegrees>-8.04906803</LatitudeDegrees><LongitudeDegrees>-34.95027731</LongitudeDegrees></Position><HeartRateBpm><Value>171</Value></HeartRateBpm><Cadence>61</Cadence><Extensions><ns3:TPX><ns3:Speed>1.1799999475479126</ns3:Speed><ns3:Pace>0.85</ns3:Pace></ns3:TPX></Extensions></Trackpoint><Trackpoint><Time>2025-08-12T21:52:28Z</Time><Position><LatitudeDegrees>-8.04907969</LatitudeDegrees><LongitudeDegrees>-34.95027865</LongitudeDegrees></Position><HeartRateBpm><Value>171</Value></HeartRateBpm><Cadence>61</Cadence><Extensions><ns3:TPX><ns3:Speed>1.159999966621399</ns3:Speed><ns3:Pace>0.86</ns3:Pace></ns3:TPX></Extensions></Trackpoint><Trackpoint><Time>2025-08-12T21:52:29Z</Time><Position><LatitudeDegrees>-8.04909202</LatitudeDegrees><LongitudeDegrees>-34.95028064</LongitudeDegrees></Position><HeartRateBpm><Value>171</Value></HeartRateBpm><Cadence>65</Cadence><Extensions><ns3:TPX><ns3:Speed>1.149999976158142</ns3:Speed><ns3:Pace>0.86</ns3:Pace></ns3:TPX></Extensions></Trackpoint><Trackpoint><Time>2025-08-12T21:52:30Z</Time><Position><LatitudeDegrees>-8.04910501</LatitudeDegrees><LongitudeDegrees>-34.95028264</LongitudeDegrees></Position><HeartRateBpm><Value>171</Value></HeartRateBpm><Cadence>65</Cadence><Extensions><ns3:TPX><ns3:Speed>1.149999976158142</ns3:Speed><ns3:Pace>0.87</ns3:Pace></ns3:TPX></Extensions></Trackpoint><Trackpoint><Time>2025-08-12T21:52:31Z</Time><Position><LatitudeDegrees>-8.04911801</LatitudeDegrees><LongitudeDegrees>-34.95028497</LongitudeDegrees></Position><HeartRateBpm><Value>171</Value></HeartRateBpm><Cadence>67</Cadence><Extensions><ns3:TPX><ns3:Speed>1.1399999856948853</ns3:Speed><ns3:Pace>0.86</ns3:Pace></ns3:TPX></Extensions></Trackpoint><Trackpoint><Time>2025-08-12T21:52:32Z</Time><Position><LatitudeDegrees>-8.04913034</LatitudeDegrees><LongitudeDegrees>-34.95028663</LongitudeDegrees></Position><HeartRateBpm><Value>170</Value></HeartRateBpm><Cadence>67</Cadence><Extensions><ns3:TPX><ns3:Speed>1.159999966621399</ns3:Speed><ns3:Pace>0.83</ns3:Pace></ns3:TPX></Extensions></Trackpoint><Trackpoint><Time>2025-08-12T21:52:33Z</Time><Position><LatitudeDegrees>-8.04914166</LatitudeDegrees><LongitudeDegrees>-34.95028829</LongitudeDegrees></Position><HeartRateBpm><Value>170</Value></HeartRateBpm><Cadence>63</Cadence><Extensions><ns3:TPX><ns3:Speed>1.2000000476837158</ns3:Speed><ns3:Pace>0.8</ns3:Pace></ns3:TPX></Extensions></Trackpoint><Trackpoint><Time>2025-08-12T21:52:34Z</Time><Position><LatitudeDegrees>-8.049153</LatitudeDegrees><LongitudeDegrees>-34.95028862</LongitudeDegrees></Position><HeartRateBpm><Value>170</Value></HeartRateBpm><Cadence>60</Cadence><Extensions><ns3:TPX><ns3:Speed>1.2400000095367432</ns3:Speed><ns3:Pace>0.79</ns3:Pace></ns3:TPX></Extensions></Trackpoint><Trackpoint><Time>2025-08-12T21:52:35Z</Time><Position><LatitudeDegrees>-8.04916499</LatitudeDegrees><LongitudeDegrees>-34.95028894</LongitudeDegrees></Position><HeartRateBpm><Value>169</Value></HeartRateBpm><Cadence>60</Cadence><Extensions><ns3:TPX><ns3:Speed>1.2599999904632568</ns3:Speed><ns3:Pace>0.79</ns3:Pace></ns3:TPX></Extensions></Trackpoint><Trackpoint><Time>2025-08-12T21:52:36Z</Time><Position><LatitudeDegrees>-8.04917665</LatitudeDegrees><LongitudeDegrees>-34.95028926</LongitudeDegrees></Position><HeartRateBpm><Value>169</Value></HeartRateBpm><Cadence>60</Cadence><Extensions><ns3:TPX><ns3:Speed>1.2599999904632568</ns3:Speed><ns3:Pace>0.78</ns3:Pace></ns3:TPX></Extensions></Trackpoint><Trackpoint><Time>2025-08-12T21:52:37Z</Time><Position><LatitudeDegrees>-8.04918864</LatitudeDegrees><LongitudeDegrees>-34.95028926</LongitudeDegrees></Position><HeartRateBpm><Value>165</Value></HeartRateBpm><Cadence>61</Cadence><Extensions><ns3:TPX><ns3:Speed>1.2599999904632568</ns3:Speed><ns3:Pace>0.78</ns3:Pace></ns3:TPX></Extensions></Trackpoint><Trackpoint><Time>2025-08-12T21:52:38Z</Time><Position><LatitudeDegrees>-8.0492003</LatitudeDegrees><LongitudeDegrees>-34.95028959</LongitudeDegrees></Position><HeartRateBpm><Value>162</Value></HeartRateBpm><Cadence>61</Cadence><Extensions><ns3:TPX><ns3:Speed>1.2799999713897705</ns3:Speed><ns3:Pace>0.77</ns3:Pace></ns3:TPX></Extensions></Trackpoint><Trackpoint><Time>2025-08-12T21:52:39Z</Time><Position><LatitudeDegrees>-8.04921263</LatitudeDegrees><LongitudeDegrees>-34.95029059</LongitudeDegrees></Position><HeartRateBpm><Value>164</Value></HeartRateBpm><Cadence>62</Cadence><Extensions><ns3:TPX><ns3:Speed>1.2799999713897705</ns3:Speed><ns3:Pace>0.77</ns3:Pace></ns3:TPX></Extensions></Trackpoint><Trackpoint><Time>2025-08-12T21:52:40Z</Time><Position><LatitudeDegrees>-8.04922429</LatitudeDegrees><LongitudeDegrees>-34.95029259</LongitudeDegrees></Position><HeartRateBpm><Value>166</Value></HeartRateBpm><Cadence>62</Cadence><Extensions><ns3:TPX><ns3:Speed>1.2799999713897705</ns3:Speed><ns3:Pace>0.78</ns3:Pace></ns3:TPX></Extensions></Trackpoint><Trackpoint><Time>2025-08-12T21:52:41Z</Time><Position><LatitudeDegrees>-8.04923529</LatitudeDegrees><LongitudeDegrees>-34.95029491</LongitudeDegrees></Position><HeartRateBpm><Value>167</Value></HeartRateBpm><Cadence>62</Cadence><Extensions><ns3:TPX><ns3:Speed>1.2699999809265137</ns3:Speed><ns3:Pace>0.78</ns3:Pace></ns3:TPX></Extensions></Trackpoint><Trackpoint><Time>2025-08-12T21:52:42Z</Time><Position><LatitudeDegrees>-8.04924695</LatitudeDegrees><LongitudeDegrees>-34.95029691</LongitudeDegrees></Position><HeartRateBpm><Value>167</Value></HeartRateBpm><Cadence>62</Cadence><Extensions><ns3:TPX><ns3:Speed>1.2699999809265137</ns3:Speed><ns3:Pace>0.79</ns3:Pace></ns3:TPX></Extensions></Trackpoint><Trackpoint><Time>2025-08-12T21:52:43Z</Time><Position><LatitudeDegrees>-8.04925995</LatitudeDegrees><LongitudeDegrees>-34.95030023</LongitudeDegrees></Position><HeartRateBpm><Value>167</Value></HeartRateBpm><Cadence>62</Cadence><Extensions><ns3:TPX><ns3:Speed>1.25</ns3:Speed><ns3:Pace>0.79</ns3:Pace></ns3:TPX></Extensions></Trackpoint><Trackpoint><Time>2025-08-12T21:52:44Z</Time><Position><LatitudeDegrees>-8.04927294</LatitudeDegrees><LongitudeDegrees>-34.95030157</LongitudeDegrees></Position><HeartRateBpm><Value>167</Value></HeartRateBpm><Cadence>62</Cadence><Extensions><ns3:TPX><ns3:Speed>1.2599999904632568</ns3:Speed><ns3:Pace>0.78</ns3:Pace></ns3:TPX></Extensions></Trackpoint><Trackpoint><Time>2025-08-12T21:52:45Z</Time><Position><LatitudeDegrees>-8.04928594</LatitudeDegrees><LongitudeDegrees>-34.95030322</LongitudeDegrees></Position><HeartRateBpm><Value>168</Value></HeartRateBpm><Cadence>62</Cadence><Extensions><ns3:TPX><ns3:Speed>1.2599999904632568</ns3:Speed><ns3:Pace>0.78</ns3:Pace></ns3:TPX></Extensions></Trackpoint><Trackpoint><Time>2025-08-12T21:52:46Z</Time><Position><LatitudeDegrees>-8.04929959</LatitudeDegrees><LongitudeDegrees>-34.95030589</LongitudeDegrees></Position><HeartRateBpm><Value>169</Value></HeartRateBpm><Cadence>62</Cadence><Extensions><ns3:TPX><ns3:Speed>1.2799999713897705</ns3:Speed><ns3:Pace>0.76</ns3:Pace></ns3:TPX></Extensions></Trackpoint><Trackpoint><Time>2025-08-12T21:52:47Z</Time><Position><LatitudeDegrees>-8.04931426</LatitudeDegrees><LongitudeDegrees>-34.95030822</LongitudeDegrees></Position><HeartRateBpm><Value>167</Value></HeartRateBpm><Cadence>64</Cadence><Extensions><ns3:TPX><ns3:Speed>1.309999942779541</ns3:Speed><ns3:Pace>0.76</ns3:Pace></ns3:TPX></Extensions></Trackpoint><Trackpoint><Time>2025-08-12T21:52:48Z</Time><Position><LatitudeDegrees>-8.04932792</LatitudeDegrees><LongitudeDegrees>-34.95030989</LongitudeDegrees></Position><HeartRateBpm><Value>167</Value></HeartRateBpm><Cadence>64</Cadence><Extensions><ns3:TPX><ns3:Speed>1.309999942779541</ns3:Speed><ns3:Pace>0.74</ns3:Pace></ns3:TPX></Extensions></Trackpoint><Trackpoint><Time>2025-08-12T21:52:49Z</Time><Position><LatitudeDegrees>-8.04934058</LatitudeDegrees><LongitudeDegrees>-34.95030989</LongitudeDegrees></Position><HeartRateBpm><Value>167</Value></HeartRateBpm><Cadence>64</Cadence><Extensions><ns3:TPX><ns3:Speed>1.340000033378601</ns3:Speed><ns3:Pace>0.73</ns3:Pace></ns3:TPX></Extensions></Trackpoint><Trackpoint><Time>2025-08-12T21:52:50Z</Time><Position><LatitudeDegrees>-8.04935224</LatitudeDegrees><LongitudeDegrees>-34.95030923</LongitudeDegrees></Position><HeartRateBpm><Value>168</Value></HeartRateBpm><Cadence>64</Cadence><Extensions><ns3:TPX><ns3:Speed>1.350000023841858</ns3:Speed><ns3:Pace>0.73</ns3:Pace></ns3:TPX></Extensions></Trackpoint><Trackpoint><Time>2025-08-12T21:52:51Z</Time><Position><LatitudeDegrees>-8.04936324</LatitudeDegrees><LongitudeDegrees>-34.9503089</LongitudeDegrees></Position><HeartRateBpm><Value>168</Value></HeartRateBpm><Cadence>64</Cadence><Extensions><ns3:TPX><ns3:Speed>1.350000023841858</ns3:Speed><ns3:Pace>0.73</ns3:Pace></ns3:TPX></Extensions></Trackpoint><Trackpoint><Time>2025-08-12T21:52:52Z</Time><Position><LatitudeDegrees>-8.0493739</LatitudeDegrees><LongitudeDegrees>-34.95030858</LongitudeDegrees></Position><HeartRateBpm><Value>167</Value></HeartRateBpm><Cadence>64</Cadence><Extensions><ns3:TPX><ns3:Speed>1.350000023841858</ns3:Speed><ns3:Pace>0.73</ns3:Pace></ns3:TPX></Extensions></Trackpoint><Trackpoint><Time>2025-08-12T21:52:53Z</Time><Position><LatitudeDegrees>-8.04938355</LatitudeDegrees><LongitudeDegrees>-34.95030792</LongitudeDegrees></Position><HeartRateBpm><Value>166</Value></HeartRateBpm><Cadence>64</Cadence><Extensions><ns3:TPX><ns3:Speed>1.350000023841858</ns3:Speed><ns3:Pace>0.73</ns3:Pace></ns3:TPX></Extensions></Trackpoint><Trackpoint><Time>2025-08-12T21:52:54Z</Time><Position><LatitudeDegrees>-8.04939354</LatitudeDegrees><LongitudeDegrees>-34.95030792</LongitudeDegrees></Position><HeartRateBpm><Value>166</Value></HeartRateBpm><Cadence>64</Cadence><Extensions><ns3:TPX><ns3:Speed>1.350000023841858</ns3:Speed><ns3:Pace>0.73</ns3:Pace></ns3:TPX></Extensions></Trackpoint><Trackpoint><Time>2025-08-12T21:52:55Z</Time><Position><LatitudeDegrees>-8.04940654</LatitudeDegrees><LongitudeDegrees>-34.95030959</LongitudeDegrees></Position><HeartRateBpm><Value>166</Value></HeartRateBpm><Cadence>64</Cadence><Extensions><ns3:TPX><ns3:Speed>1.350000023841858</ns3:Speed><ns3:Pace>0.73</ns3:Pace></ns3:TPX></Extensions></Trackpoint><Trackpoint><Time>2025-08-12T21:52:56Z</Time><Position><LatitudeDegrees>-8.04942253</LatitudeDegrees><LongitudeDegrees>-34.95031224</LongitudeDegrees></Position><HeartRateBpm><Value>170</Value></HeartRateBpm><Cadence>64</Cadence><Extensions><ns3:TPX><ns3:Speed>1.350000023841858</ns3:Speed><ns3:Pace>0.74</ns3:Pace></ns3:TPX></Extensions></Trackpoint><Trackpoint><Time>2025-08-12T21:52:57Z</Time><Position><LatitudeDegrees>-8.04943853</LatitudeDegrees><LongitudeDegrees>-34.95031657</LongitudeDegrees></Position><HeartRateBpm><Value>169</Value></HeartRateBpm><Cadence>64</Cadence><Extensions><ns3:TPX><ns3:Speed>1.350000023841858</ns3:Speed><ns3:Pace>0.74</ns3:Pace></ns3:TPX></Extensions></Trackpoint><Trackpoint><Time>2025-08-12T21:52:58Z</Time><Position><LatitudeDegrees>-8.04945286</LatitudeDegrees><LongitudeDegrees>-34.9503209</LongitudeDegrees></Position><HeartRateBpm><Value>168</Value></HeartRateBpm><Cadence>64</Cadence><Extensions><ns3:TPX><ns3:Speed>1.340000033378601</ns3:Speed><ns3:Pace>0.74</ns3:Pace></ns3:TPX></Extensions></Trackpoint><Trackpoint><Time>2025-08-12T21:52:59Z</Time><Position><LatitudeDegrees>-8.04946652</LatitudeDegrees><LongitudeDegrees>-34.95032489</LongitudeDegrees></Position><HeartRateBpm><Value>168</Value></HeartRateBpm><Cadence>64</Cadence><Extensions><ns3:TPX><ns3:Speed>1.340000033378601</ns3:Speed><ns3:Pace>0.74</ns3:Pace></ns3:TPX></Extensions></Trackpoint><Trackpoint><Time>2025-08-12T21:53:00Z</Time><Position><LatitudeDegrees>-8.04948052</LatitudeDegrees><LongitudeDegrees>-34.95032855</LongitudeDegrees></Position><HeartRateBpm><Value>168</Value></HeartRateBpm><Cadence>64</Cadence><Extensions><ns3:TPX><ns3:Speed>1.340000033378601</ns3:Speed><ns3:Pace>0.74</ns3:Pace></ns3:TPX></Extensions></Trackpoint><Trackpoint><Time>2025-08-12T21:53:01Z</Time><Position><LatitudeDegrees>-8.04949452</LatitudeDegrees><LongitudeDegrees>-34.95033154</LongitudeDegrees></Position><HeartRateBpm><Value>166</Value></HeartRateBpm><Cadence>64</Cadence><Extensions><ns3:TPX><ns3:Speed>1.350000023841858</ns3:Speed><ns3:Pace>0.73</ns3:Pace></ns3:TPX></Extensions></Trackpoint><Trackpoint><Time>2025-08-12T21:53:02Z</Time><Position><LatitudeDegrees>-8.04950852</LatitudeDegrees><LongitudeDegrees>-34.9503332</LongitudeDegrees></Position><HeartRateBpm><Value>162</Value></HeartRateBpm><Cadence>64</Cadence><Extensions><ns3:TPX><ns3:Speed>1.350000023841858</ns3:Speed><ns3:Pace>0.73</ns3:Pace></ns3:TPX></Extensions></Trackpoint><Trackpoint><Time>2025-08-12T21:53:03Z</Time><Position><LatitudeDegrees>-8.04952251</LatitudeDegrees><LongitudeDegrees>-34.95033386</LongitudeDegrees></Position><HeartRateBpm><Value>162</Value></HeartRateBpm><Cadence>64</Cadence><Extensions><ns3:TPX><ns3:Speed>1.3600000143051147</ns3:Speed><ns3:Pace>0.72</ns3:Pace></ns3:TPX></Extensions></Trackpoint><Trackpoint><Time>2025-08-12T21:53:04Z</Time><Position><LatitudeDegrees>-8.04953684</LatitudeDegrees><LongitudeDegrees>-34.95033452</LongitudeDegrees></Position><HeartRateBpm><Value>162</Value></HeartRateBpm><Cadence>64</Cadence><Extensions><ns3:TPX><ns3:Speed>1.3700000047683716</ns3:Speed><ns3:Pace>0.69</ns3:Pace></ns3:TPX></Extensions></Trackpoint><Trackpoint><Time>2025-08-12T21:53:05Z</Time><Position><LatitudeDegrees>-8.04955017</LatitudeDegrees><LongitudeDegrees>-34.95033718</LongitudeDegrees></Position><HeartRateBpm><Value>163</Value></HeartRateBpm><Cadence>64</Cadence><Extensions><ns3:TPX><ns3:Speed>1.440000057220459</ns3:Speed><ns3:Pace>0.69</ns3:Pace></ns3:TPX></Extensions></Trackpoint><Trackpoint><Time>2025-08-12T21:53:06Z</Time><Position><LatitudeDegrees>-8.04956349</LatitudeDegrees><LongitudeDegrees>-34.95034417</LongitudeDegrees></Position><HeartRateBpm><Value>163</Value></HeartRateBpm><Cadence>64</Cadence><Extensions><ns3:TPX><ns3:Speed>1.440000057220459</ns3:Speed><ns3:Pace>0.66</ns3:Pace></ns3:TPX></Extensions></Trackpoint><Trackpoint><Time>2025-08-12T21:53:07Z</Time><Position><LatitudeDegrees>-8.04957749</LatitudeDegrees><LongitudeDegrees>-34.95035316</LongitudeDegrees></Position><HeartRateBpm><Value>164</Value></HeartRateBpm><Cadence>64</Cadence><Extensions><ns3:TPX><ns3:Speed>1.5</ns3:Speed><ns3:Pace>0.66</ns3:Pace></ns3:TPX></Extensions></Trackpoint><Trackpoint><Time>2025-08-12T21:53:08Z</Time><Position><LatitudeDegrees>-8.04959382</LatitudeDegrees><LongitudeDegrees>-34.95036283</LongitudeDegrees></Position><HeartRateBpm><Value>164</Value></HeartRateBpm><Cadence>64</Cadence><Extensions><ns3:TPX><ns3:Speed>1.5</ns3:Speed><ns3:Pace>0.66</ns3:Pace></ns3:TPX></Extensions></Trackpoint><Trackpoint><Time>2025-08-12T21:53:09Z</Time><Position><LatitudeDegrees>-8.04961248</LatitudeDegrees><LongitudeDegrees>-34.95037382</LongitudeDegrees></Position><HeartRateBpm><Value>164</Value></HeartRateBpm><Cadence>64</Cadence><Extensions><ns3:TPX><ns3:Speed>1.5</ns3:Speed><ns3:Pace>0.65</ns3:Pace></ns3:TPX></Extensions></Trackpoint><Trackpoint><Time>2025-08-12T21:53:10Z</Time><Position><LatitudeDegrees>-8.04963348</LatitudeDegrees><LongitudeDegrees>-34.95038449</LongitudeDegrees></Position><HeartRateBpm><Value>164</Value></HeartRateBpm><Cadence>64</Cadence><Extensions><ns3:TPX><ns3:Speed>1.5299999713897705</ns3:Speed><ns3:Pace>0.6</ns3:Pace></ns3:TPX></Extensions></Trackpoint><Trackpoint><Time>2025-08-12T21:53:11Z</Time><Position><LatitudeDegrees>-8.04965614</LatitudeDegrees><LongitudeDegrees>-34.95039314</LongitudeDegrees></Position><HeartRateBpm><Value>166</Value></HeartRateBpm><Cadence>64</Cadence><Extensions><ns3:TPX><ns3:Speed>1.659999966621399</ns3:Speed><ns3:Pace>0.6</ns3:Pace></ns3:TPX></Extensions></Trackpoint><Trackpoint><Time>2025-08-12T21:53:12Z</Time><Position><LatitudeDegrees>-8.04968081</LatitudeDegrees><LongitudeDegrees>-34.95040014</LongitudeDegrees></Position><HeartRateBpm><Value>166</Value></HeartRateBpm><Cadence>64</Cadence><Extensions><ns3:TPX><ns3:Speed>1.659999966621399</ns3:Speed><ns3:Pace>0.51</ns3:Pace></ns3:TPX></Extensions></Trackpoint><Trackpoint><Time>2025-08-12T21:53:13Z</Time><Position><LatitudeDegrees>-8.04970547</LatitudeDegrees><LongitudeDegrees>-34.95040514</LongitudeDegrees></Position><HeartRateBpm><Value>168</Value></HeartRateBpm><Cadence>64</Cadence><Extensions><ns3:TPX><ns3:Speed>1.9299999475479126</ns3:Speed><ns3:Pace>0.44</ns3:Pace></ns3:TPX></Extensions></Trackpoint><Trackpoint><Time>2025-08-12T21:53:14Z</Time><Position><LatitudeDegrees>-8.04973013</LatitudeDegrees><LongitudeDegrees>-34.95040913</LongitudeDegrees></Position><HeartRateBpm><Value>169</Value></HeartRateBpm><Cadence>64</Cadence><Extensions><ns3:TPX><ns3:Speed>2.25</ns3:Speed><ns3:Pace>0.39</ns3:Pace></ns3:TPX></Extensions></Trackpoint><Trackpoint><Time>2025-08-12T21:53:15Z</Time><Position><LatitudeDegrees>-8.04975446</LatitudeDegrees><LongitudeDegrees>-34.9504138</LongitudeDegrees></Position><HeartRateBpm><Value>168</Value></HeartRateBpm><Cadence>64</Cadence><Extensions><ns3:TPX><ns3:Speed>2.5199999809265137</ns3:Speed><ns3:Pace>0.37</ns3:Pace></ns3:TPX></Extensions></Trackpoint><Trackpoint><Time>2025-08-12T21:53:16Z</Time><Position><LatitudeDegrees>-8.04977845</LatitudeDegrees><LongitudeDegrees>-34.95041846</LongitudeDegrees></Position><HeartRateBpm><Value>168</Value></HeartRateBpm><Cadence>88</Cadence><Extensions><ns3:TPX><ns3:Speed>2.680000066757202</ns3:Speed><ns3:Pace>0.36</ns3:Pace></ns3:TPX></Extensions></Trackpoint><Trackpoint><Time>2025-08-12T21:53:17Z</Time><Position><LatitudeDegrees>-8.04980279</LatitudeDegrees><LongitudeDegrees>-34.95042212</LongitudeDegrees></Position><HeartRateBpm><Value>168</Value></HeartRateBpm><Cadence>88</Cadence><Extensions><ns3:TPX><ns3:Speed>2.7300000190734863</ns3:Speed><ns3:Pace>0.36</ns3:Pace></ns3:TPX></Extensions></Trackpoint><Trackpoint><Time>2025-08-12T21:53:18Z</Time><Position><LatitudeDegrees>-8.04982678</LatitudeDegrees><LongitudeDegrees>-34.95042445</LongitudeDegrees></Position><HeartRateBpm><Value>168</Value></HeartRateBpm><Cadence>88</Cadence><Extensions><ns3:TPX><ns3:Speed>2.7300000190734863</ns3:Speed><ns3:Pace>0.36</ns3:Pace></ns3:TPX></Extensions></Trackpoint><Trackpoint><Time>2025-08-12T21:53:19Z</Time><Position><LatitudeDegrees>-8.0498521</LatitudeDegrees><LongitudeDegrees>-34.95042611</LongitudeDegrees></Position><HeartRateBpm><Value>168</Value></HeartRateBpm><Cadence>87</Cadence><Extensions><ns3:TPX><ns3:Speed>2.7300000190734863</ns3:Speed><ns3:Pace>0.36</ns3:Pace></ns3:TPX></Extensions></Trackpoint><Trackpoint><Time>2025-08-12T21:53:20Z</Time><Position><LatitudeDegrees>-8.04987842</LatitudeDegrees><LongitudeDegrees>-34.95043111</LongitudeDegrees></Position><HeartRateBpm><Value>168</Value></HeartRateBpm><Cadence>88</Cadence><Extensions><ns3:TPX><ns3:Speed>2.7300000190734863</ns3:Speed><ns3:Pace>0.36</ns3:Pace></ns3:TPX></Extensions></Trackpoint><Trackpoint><Time>2025-08-12T21:53:21Z</Time><Position><LatitudeDegrees>-8.04990442</LatitudeDegrees><LongitudeDegrees>-34.9504371</LongitudeDegrees></Position><HeartRateBpm><Value>168</Value></HeartRateBpm><Cadence>88</Cadence><Extensions><ns3:TPX><ns3:Speed>2.7100000381469727</ns3:Speed><ns3:Pace>0.36</ns3:Pace></ns3:TPX></Extensions></Trackpoint><Trackpoint><Time>2025-08-12T21:53:22Z</Time><Position><LatitudeDegrees>-8.04992841</LatitudeDegrees><LongitudeDegrees>-34.95043843</LongitudeDegrees></Position><HeartRateBpm><Value>168</Value></HeartRateBpm><Cadence>87</Cadence><Extensions><ns3:TPX><ns3:Speed>2.7100000381469727</ns3:Speed><ns3:Pace>0.36</ns3:Pace></ns3:TPX></Extensions></Trackpoint><Trackpoint><Time>2025-08-12T21:53:23Z</Time><Position><LatitudeDegrees>-8.04995208</LatitudeDegrees><LongitudeDegrees>-34.95043843</LongitudeDegrees></Position><HeartRateBpm><Value>168</Value></HeartRateBpm><Cadence>88</Cadence><Extensions><ns3:TPX><ns3:Speed>2.740000009536743</ns3:Speed><ns3:Pace>0.36</ns3:Pace></ns3:TPX></Extensions></Trackpoint><Trackpoint><Time>2025-08-12T21:53:24Z</Time><Position><LatitudeDegrees>-8.04997641</LatitudeDegrees><LongitudeDegrees>-34.95044142</LongitudeDegrees></Position><HeartRateBpm><Value>168</Value></HeartRateBpm><Cadence>88</Cadence><Extensions><ns3:TPX><ns3:Speed>2.75</ns3:Speed><ns3:Pace>0.36</ns3:Pace></ns3:TPX></Extensions></Trackpoint><Trackpoint><Time>2025-08-12T21:53:25Z</Time><Position><LatitudeDegrees>-8.0500004</LatitudeDegrees><LongitudeDegrees>-34.95044408</LongitudeDegrees></Position><HeartRateBpm><Value>168</Value></HeartRateBpm><Cadence>88</Cadence><Extensions><ns3:TPX><ns3:Speed>2.75</ns3:Speed><ns3:Pace>0.36</ns3:Pace></ns3:TPX></Extensions></Trackpoint><Trackpoint><Time>2025-08-12T21:53:26Z</Time><Position><LatitudeDegrees>-8.05002406</LatitudeDegrees><LongitudeDegrees>-34.95044707</LongitudeDegrees></Position><HeartRateBpm><Value>169</Value></HeartRateBpm><Cadence>88</Cadence><Extensions><ns3:TPX><ns3:Speed>2.759999990463257</ns3:Speed><ns3:Pace>0.36</ns3:Pace></ns3:TPX></Extensions></Trackpoint><Trackpoint><Time>2025-08-12T21:53:27Z</Time><Position><LatitudeDegrees>-8.05004739</LatitudeDegrees><LongitudeDegrees>-34.95045006</LongitudeDegrees></Position><HeartRateBpm><Value>170</Value></HeartRateBpm><Cadence>88</Cadence><Extensions><ns3:TPX><ns3:Speed>2.759999990463257</ns3:Speed><ns3:Pace>0.36</ns3:Pace></ns3:TPX></Extensions></Trackpoint><Trackpoint><Time>2025-08-12T21:53:28Z</Time><Position><LatitudeDegrees>-8.05007105</LatitudeDegrees><LongitudeDegrees>-34.95045472</LongitudeDegrees></Position><HeartRateBpm><Value>172</Value></HeartRateBpm><Cadence>87</Cadence><Extensions><ns3:TPX><ns3:Speed>2.740000009536743</ns3:Speed><ns3:Pace>0.36</ns3:Pace></ns3:TPX></Extensions></Trackpoint><Trackpoint><Time>2025-08-12T21:53:29Z</Time><Position><LatitudeDegrees>-8.05009605</LatitudeDegrees><LongitudeDegrees>-34.95046139</LongitudeDegrees></Position><HeartRateBpm><Value>172</Value></HeartRateBpm><Cadence>87</Cadence><Extensions><ns3:TPX><ns3:Speed>2.7300000190734863</ns3:Speed><ns3:Pace>0.36</ns3:Pace></ns3:TPX></Extensions></Trackpoint><Trackpoint><Time>2025-08-12T21:53:30Z</Time><Position><LatitudeDegrees>-8.05012171</LatitudeDegrees><LongitudeDegrees>-34.95046771</LongitudeDegrees></Position><HeartRateBpm><Value>171</Value></HeartRateBpm><Cadence>87</Cadence><Extensions><ns3:TPX><ns3:Speed>2.7300000190734863</ns3:Speed><ns3:Pace>0.36</ns3:Pace></ns3:TPX></Extensions></Trackpoint><Trackpoint><Time>2025-08-12T21:53:31Z</Time><Position><LatitudeDegrees>-8.05014771</LatitudeDegrees><LongitudeDegrees>-34.95047203</LongitudeDegrees></Position><HeartRateBpm><Value>171</Value></HeartRateBpm><Cadence>87</Cadence><Extensions><ns3:TPX><ns3:Speed>2.7300000190734863</ns3:Speed><ns3:Pace>0.36</ns3:Pace></ns3:TPX></Extensions></Trackpoint><Trackpoint><Time>2025-08-12T21:53:32Z</Time><Position><LatitudeDegrees>-8.0501727</LatitudeDegrees><LongitudeDegrees>-34.9504757</LongitudeDegrees></Position><HeartRateBpm><Value>170</Value></HeartRateBpm><Cadence>87</Cadence><Extensions><ns3:TPX><ns3:Speed>2.7300000190734863</ns3:Speed><ns3:Pace>0.36</ns3:Pace></ns3:TPX></Extensions></Trackpoint><Trackpoint><Time>2025-08-12T21:53:33Z</Time><Position><LatitudeDegrees>-8.05019736</LatitudeDegrees><LongitudeDegrees>-34.95047869</LongitudeDegrees></Position><HeartRateBpm><Value>169</Value></HeartRateBpm><Cadence>87</Cadence><Extensions><ns3:TPX><ns3:Speed>2.75</ns3:Speed><ns3:Pace>0.35</ns3:Pace></ns3:TPX></Extensions></Trackpoint><Trackpoint><Time>2025-08-12T21:53:34Z</Time><Position><LatitudeDegrees>-8.05022235</LatitudeDegrees><LongitudeDegrees>-34.95048168</LongitudeDegrees></Position><HeartRateBpm><Value>169</Value></HeartRateBpm><Cadence>87</Cadence><Extensions><ns3:TPX><ns3:Speed>2.7799999713897705</ns3:Speed><ns3:Pace>0.35</ns3:Pace></ns3:TPX></Extensions></Trackpoint><Trackpoint><Time>2025-08-12T21:53:35Z</Time><Position><LatitudeDegrees>-8.05024702</LatitudeDegrees><LongitudeDegrees>-34.95048267</LongitudeDegrees></Position><HeartRateBpm><Value>169</Value></HeartRateBpm><Cadence>87</Cadence><Extensions><ns3:TPX><ns3:Speed>2.799999952316284</ns3:Speed><ns3:Pace>0.35</ns3:Pace></ns3:TPX></Extensions></Trackpoint><Trackpoint><Time>2025-08-12T21:53:36Z</Time><Position><LatitudeDegrees>-8.05027169</LatitudeDegrees><LongitudeDegrees>-34.95048434</LongitudeDegrees></Position><HeartRateBpm><Value>169</Value></HeartRateBpm><Cadence>87</Cadence><Extensions><ns3:TPX><ns3:Speed>2.819999933242798</ns3:Speed><ns3:Pace>0.35</ns3:Pace></ns3:TPX></Extensions></Trackpoint><Trackpoint><Time>2025-08-12T21:53:37Z</Time><Position><LatitudeDegrees>-8.05029602</LatitudeDegrees><LongitudeDegrees>-34.95048599</LongitudeDegrees></Position><HeartRateBpm><Value>169</Value></HeartRateBpm><Cadence>87</Cadence><Extensions><ns3:TPX><ns3:Speed>2.819999933242798</ns3:Speed><ns3:Pace>0.35</ns3:Pace></ns3:TPX></Extensions></Trackpoint><Trackpoint><Time>2025-08-12T21:53:38Z</Time><Position><LatitudeDegrees>-8.05032001</LatitudeDegrees><LongitudeDegrees>-34.95048766</LongitudeDegrees></Position><HeartRateBpm><Value>169</Value></HeartRateBpm><Cadence>88</Cadence><Extensions><ns3:TPX><ns3:Speed>2.819999933242798</ns3:Speed><ns3:Pace>0.35</ns3:Pace></ns3:TPX></Extensions></Trackpoint><Trackpoint><Time>2025-08-12T21:53:39Z</Time><Position><LatitudeDegrees>-8.05034434</LatitudeDegrees><LongitudeDegrees>-34.95048865</LongitudeDegrees></Position><HeartRateBpm><Value>169</Value></HeartRateBpm><Cadence>88</Cadence><Extensions><ns3:TPX><ns3:Speed>2.819999933242798</ns3:Speed><ns3:Pace>0.35</ns3:Pace></ns3:TPX></Extensions></Trackpoint><Trackpoint><Time>2025-08-12T21:53:40Z</Time><Position><LatitudeDegrees>-8.05036901</LatitudeDegrees><LongitudeDegrees>-34.95048998</LongitudeDegrees></Position><HeartRateBpm><Value>170</Value></HeartRateBpm><Cadence>88</Cadence><Extensions><ns3:TPX><ns3:Speed>2.799999952316284</ns3:Speed><ns3:Pace>0.35</ns3:Pace></ns3:TPX></Extensions></Trackpoint><Trackpoint><Time>2025-08-12T21:53:41Z</Time><Position><LatitudeDegrees>-8.05039368</LatitudeDegrees><LongitudeDegrees>-34.95049031</LongitudeDegrees></Position><HeartRateBpm><Value>170</Value></HeartRateBpm><Cadence>87</Cadence><Extensions><ns3:TPX><ns3:Speed>2.7899999618530273</ns3:Speed><ns3:Pace>0.35</ns3:Pace></ns3:TPX></Extensions></Trackpoint><Trackpoint><Time>2025-08-12T21:53:42Z</Time><Position><LatitudeDegrees>-8.05041767</LatitudeDegrees><LongitudeDegrees>-34.95048998</LongitudeDegrees></Position><HeartRateBpm><Value>170</Value></HeartRateBpm><Cadence>87</Cadence><Extensions><ns3:TPX><ns3:Speed>2.7799999713897705</ns3:Speed><ns3:Pace>0.35</ns3:Pace></ns3:TPX></Extensions></Trackpoint><Trackpoint><Time>2025-08-12T21:53:43Z</Time><Position><LatitudeDegrees>-8.05044232</LatitudeDegrees><LongitudeDegrees>-34.95048933</LongitudeDegrees></Position><HeartRateBpm><Value>170</Value></HeartRateBpm><Cadence>87</Cadence><Extensions><ns3:TPX><ns3:Speed>2.7799999713897705</ns3:Speed><ns3:Pace>0.36</ns3:Pace></ns3:TPX></Extensions></Trackpoint><Trackpoint><Time>2025-08-12T21:53:44Z</Time><Position><LatitudeDegrees>-8.05046766</LatitudeDegrees><LongitudeDegrees>-34.950489</LongitudeDegrees></Position><HeartRateBpm><Value>171</Value></HeartRateBpm><Cadence>87</Cadence><Extensions><ns3:TPX><ns3:Speed>2.7699999809265137</ns3:Speed><ns3:Pace>0.36</ns3:Pace></ns3:TPX></Extensions></Trackpoint><Trackpoint><Time>2025-08-12T21:53:45Z</Time><Position><LatitudeDegrees>-8.05049165</LatitudeDegrees><LongitudeDegrees>-34.950489</LongitudeDegrees></Position><HeartRateBpm><Value>171</Value></HeartRateBpm><Cadence>87</Cadence><Extensions><ns3:TPX><ns3:Speed>2.7699999809265137</ns3:Speed><ns3:Pace>0.36</ns3:Pace></ns3:TPX></Extensions></Trackpoint><Trackpoint><Time>2025-08-12T21:53:46Z</Time><Position><LatitudeDegrees>-8.05051765</LatitudeDegrees><LongitudeDegrees>-34.95048966</LongitudeDegrees></Position><HeartRateBpm><Value>171</Value></HeartRateBpm><Cadence>86</Cadence><Extensions><ns3:TPX><ns3:Speed>2.7699999809265137</ns3:Speed><ns3:Pace>0.36</ns3:Pace></ns3:TPX></Extensions></Trackpoint><Trackpoint><Time>2025-08-12T21:53:47Z</Time><Position><LatitudeDegrees>-8.05054264</LatitudeDegrees><LongitudeDegrees>-34.95049065</LongitudeDegrees></Position><HeartRateBpm><Value>172</Value></HeartRateBpm><Cadence>86</Cadence><Extensions><ns3:TPX><ns3:Speed>2.7699999809265137</ns3:Speed><ns3:Pace>0.36</ns3:Pace></ns3:TPX></Extensions></Trackpoint><Trackpoint><Time>2025-08-12T21:53:48Z</Time><Position><LatitudeDegrees>-8.05057097</LatitudeDegrees><LongitudeDegrees>-34.95049198</LongitudeDegrees></Position><HeartRateBpm><Value>173</Value></HeartRateBpm><Cadence>86</Cadence><Extensions><ns3:TPX><ns3:Speed>2.7699999809265137</ns3:Speed><ns3:Pace>0.36</ns3:Pace></ns3:TPX></Extensions></Trackpoint><Trackpoint><Time>2025-08-12T21:53:49Z</Time><Position><LatitudeDegrees>-8.05059996</LatitudeDegrees><LongitudeDegrees>-34.95049331</LongitudeDegrees></Position><HeartRateBpm><Value>173</Value></HeartRateBpm><Cadence>86</Cadence><Extensions><ns3:TPX><ns3:Speed>2.7699999809265137</ns3:Speed><ns3:Pace>0.36</ns3:Pace></ns3:TPX></Extensions></Trackpoint><Trackpoint><Time>2025-08-12T21:53:50Z</Time><Position><LatitudeDegrees>-8.05062796</LatitudeDegrees><LongitudeDegrees>-34.95049531</LongitudeDegrees></Position><HeartRateBpm><Value>173</Value></HeartRateBpm><Cadence>87</Cadence><Extensions><ns3:TPX><ns3:Speed>2.7699999809265137</ns3:Speed><ns3:Pace>0.36</ns3:Pace></ns3:TPX></Extensions></Trackpoint><Trackpoint><Time>2025-08-12T21:53:51Z</Time><Position><LatitudeDegrees>-8.05065463</LatitudeDegrees><LongitudeDegrees>-34.9504973</LongitudeDegrees></Position><HeartRateBpm><Value>173</Value></HeartRateBpm><Cadence>88</Cadence><Extensions><ns3:TPX><ns3:Speed>2.7699999809265137</ns3:Speed><ns3:Pace>0.35</ns3:Pace></ns3:TPX></Extensions></Trackpoint><Trackpoint><Time>2025-08-12T21:53:52Z</Time><Position><LatitudeDegrees>-8.05067962</LatitudeDegrees><LongitudeDegrees>-34.95049896</LongitudeDegrees></Position><HeartRateBpm><Value>172</Value></HeartRateBpm><Cadence>88</Cadence><Extensions><ns3:TPX><ns3:Speed>2.7799999713897705</ns3:Speed><ns3:Pace>0.35</ns3:Pace></ns3:TPX></Extensions></Trackpoint><Trackpoint><Time>2025-08-12T21:53:53Z</Time><Position><LatitudeDegrees>-8.05070294</LatitudeDegrees><LongitudeDegrees>-34.95049864</LongitudeDegrees></Position><HeartRateBpm><Value>172</Value></HeartRateBpm><Cadence>88</Cadence><Extensions><ns3:TPX><ns3:Speed>2.7899999618530273</ns3:Speed><ns3:Pace>0.35</ns3:Pace></ns3:TPX></Extensions></Trackpoint><Trackpoint><Time>2025-08-12T21:53:54Z</Time><Position><LatitudeDegrees>-8.0507256</LatitudeDegrees><LongitudeDegrees>-34.95049731</LongitudeDegrees></Position><HeartRateBpm><Value>172</Value></HeartRateBpm><Cadence>87</Cadence><Extensions><ns3:TPX><ns3:Speed>2.799999952316284</ns3:Speed><ns3:Pace>0.35</ns3:Pace></ns3:TPX></Extensions></Trackpoint><Trackpoint><Time>2025-08-12T21:53:55Z</Time><Position><LatitudeDegrees>-8.0507486</LatitudeDegrees><LongitudeDegrees>-34.95049432</LongitudeDegrees></Position><HeartRateBpm><Value>172</Value></HeartRateBpm><Cadence>87</Cadence><Extensions><ns3:TPX><ns3:Speed>2.799999952316284</ns3:Speed><ns3:Pace>0.35</ns3:Pace></ns3:TPX></Extensions></Trackpoint><Trackpoint><Time>2025-08-12T21:53:56Z</Time><Position><LatitudeDegrees>-8.05077293</LatitudeDegrees><LongitudeDegrees>-34.95049199</LongitudeDegrees></Position><HeartRateBpm><Value>172</Value></HeartRateBpm><Cadence>88</Cadence><Extensions><ns3:TPX><ns3:Speed>2.799999952316284</ns3:Speed><ns3:Pace>0.35</ns3:Pace></ns3:TPX></Extensions></Trackpoint><Trackpoint><Time>2025-08-12T21:53:57Z</Time><Position><LatitudeDegrees>-8.05079692</LatitudeDegrees><LongitudeDegrees>-34.95049166</LongitudeDegrees></Position><HeartRateBpm><Value>172</Value></HeartRateBpm><Cadence>88</Cadence><Extensions><ns3:TPX><ns3:Speed>2.809999942779541</ns3:Speed><ns3:Pace>0.35</ns3:Pace></ns3:TPX></Extensions></Trackpoint><Trackpoint><Time>2025-08-12T21:53:58Z</Time><Position><LatitudeDegrees>-8.05082091</LatitudeDegrees><LongitudeDegrees>-34.95049366</LongitudeDegrees></Position><HeartRateBpm><Value>172</Value></HeartRateBpm><Cadence>88</Cadence><Extensions><ns3:TPX><ns3:Speed>2.809999942779541</ns3:Speed><ns3:Pace>0.35</ns3:Pace></ns3:TPX></Extensions></Trackpoint><Trackpoint><Time>2025-08-12T21:53:59Z</Time><Position><LatitudeDegrees>-8.0508449</LatitudeDegrees><LongitudeDegrees>-34.95049633</LongitudeDegrees></Position><HeartRateBpm><Value>171</Value></HeartRateBpm><Cadence>88</Cadence><Extensions><ns3:TPX><ns3:Speed>2.819999933242798</ns3:Speed><ns3:Pace>0.35</ns3:Pace></ns3:TPX></Extensions></Trackpoint><Trackpoint><Time>2025-08-12T21:54:00Z</Time><Position><LatitudeDegrees>-8.05086857</LatitudeDegrees><LongitudeDegrees>-34.95049932</LongitudeDegrees></Position><HeartRateBpm><Value>170</Value></HeartRateBpm><Cadence>88</Cadence><Extensions><ns3:TPX><ns3:Speed>2.809999942779541</ns3:Speed><ns3:Pace>0.35</ns3:Pace></ns3:TPX></Extensions></Trackpoint><Trackpoint><Time>2025-08-12T21:54:01Z</Time><Position><LatitudeDegrees>-8.05089389</LatitudeDegrees><LongitudeDegrees>-34.95050598</LongitudeDegrees></Position><HeartRateBpm><Value>170</Value></HeartRateBpm><Cadence>88</Cadence><Extensions><ns3:TPX><ns3:Speed>2.809999942779541</ns3:Speed><ns3:Pace>0.35</ns3:Pace></ns3:TPX></Extensions></Trackpoint><Trackpoint><Time>2025-08-12T21:54:02Z</Time><Position><LatitudeDegrees>-8.05091755</LatitudeDegrees><LongitudeDegrees>-34.95051197</LongitudeDegrees></Position><HeartRateBpm><Value>169</Value></HeartRateBpm><Cadence>88</Cadence><Extensions><ns3:TPX><ns3:Speed>2.809999942779541</ns3:Speed><ns3:Pace>0.35</ns3:Pace></ns3:TPX></Extensions></Trackpoint><Trackpoint><Time>2025-08-12T21:54:03Z</Time><Position><LatitudeDegrees>-8.0509392</LatitudeDegrees><LongitudeDegrees>-34.95051731</LongitudeDegrees></Position><HeartRateBpm><Value>169</Value></HeartRateBpm><Cadence>88</Cadence><Extensions><ns3:TPX><ns3:Speed>2.809999942779541</ns3:Speed><ns3:Pace>0.35</ns3:Pace></ns3:TPX></Extensions></Trackpoint><Trackpoint><Time>2025-08-12T21:54:04Z</Time><Position><LatitudeDegrees>-8.0509612</LatitudeDegrees><LongitudeDegrees>-34.95052063</LongitudeDegrees></Position><HeartRateBpm><Value>169</Value></HeartRateBpm><Cadence>89</Cadence><Extensions><ns3:TPX><ns3:Speed>2.809999942779541</ns3:Speed><ns3:Pace>0.35</ns3:Pace></ns3:TPX></Extensions></Trackpoint><Trackpoint><Time>2025-08-12T21:54:05Z</Time><Position><LatitudeDegrees>-8.05098286</LatitudeDegrees><LongitudeDegrees>-34.95052462</LongitudeDegrees></Position><HeartRateBpm><Value>169</Value></HeartRateBpm><Cadence>87</Cadence><Extensions><ns3:TPX><ns3:Speed>2.809999942779541</ns3:Speed><ns3:Pace>0.35</ns3:Pace></ns3:TPX></Extensions></Trackpoint><Trackpoint><Time>2025-08-12T21:54:06Z</Time><Position><LatitudeDegrees>-8.05100286</LatitudeDegrees><LongitudeDegrees>-34.95052828</LongitudeDegrees></Position><HeartRateBpm><Value>169</Value></HeartRateBpm><Cadence>87</Cadence><Extensions><ns3:TPX><ns3:Speed>2.809999942779541</ns3:Speed><ns3:Pace>0.35</ns3:Pace></ns3:TPX></Extensions></Trackpoint><Trackpoint><Time>2025-08-12T21:54:07Z</Time><Position><LatitudeDegrees>-8.05102552</LatitudeDegrees><LongitudeDegrees>-34.95053428</LongitudeDegrees></Position><HeartRateBpm><Value>169</Value></HeartRateBpm><Cadence>87</Cadence><Extensions><ns3:TPX><ns3:Speed>2.809999942779541</ns3:Speed><ns3:Pace>0.35</ns3:Pace></ns3:TPX></Extensions></Trackpoint><Trackpoint><Time>2025-08-12T21:54:08Z</Time><Position><LatitudeDegrees>-8.05104852</LatitudeDegrees><LongitudeDegrees>-34.9505386</LongitudeDegrees></Position><HeartRateBpm><Value>170</Value></HeartRateBpm><Cadence>87</Cadence><Extensions><ns3:TPX><ns3:Speed>2.799999952316284</ns3:Speed><ns3:Pace>0.35</ns3:Pace></ns3:TPX></Extensions></Trackpoint><Trackpoint><Time>2025-08-12T21:54:09Z</Time><Position><LatitudeDegrees>-8.05107184</LatitudeDegrees><LongitudeDegrees>-34.95053892</LongitudeDegrees></Position><HeartRateBpm><Value>170</Value></HeartRateBpm><Cadence>87</Cadence><Extensions><ns3:TPX><ns3:Speed>2.799999952316284</ns3:Speed><ns3:Pace>0.35</ns3:Pace></ns3:TPX></Extensions></Trackpoint><Trackpoint><Time>2025-08-12T21:54:10Z</Time><Position><LatitudeDegrees>-8.05109284</LatitudeDegrees><LongitudeDegrees>-34.95053593</LongitudeDegrees></Position><HeartRateBpm><Value>172</Value></HeartRateBpm><Cadence>88</Cadence><Extensions><ns3:TPX><ns3:Speed>2.7899999618530273</ns3:Speed><ns3:Pace>0.35</ns3:Pace></ns3:TPX></Extensions></Trackpoint><Trackpoint><Time>2025-08-12T21:54:11Z</Time><Position><LatitudeDegrees>-8.0511165</LatitudeDegrees><LongitudeDegrees>-34.95053693</LongitudeDegrees></Position><HeartRateBpm><Value>171</Value></HeartRateBpm><Cadence>88</Cadence><Extensions><ns3:TPX><ns3:Speed>2.7899999618530273</ns3:Speed><ns3:Pace>0.35</ns3:Pace></ns3:TPX></Extensions></Trackpoint><Trackpoint><Time>2025-08-12T21:54:12Z</Time><Position><LatitudeDegrees>-8.05114049</LatitudeDegrees><LongitudeDegrees>-34.95053892</LongitudeDegrees></Position><HeartRateBpm><Value>171</Value></HeartRateBpm><Cadence>89</Cadence><Extensions><ns3:TPX><ns3:Speed>2.7799999713897705</ns3:Speed><ns3:Pace>0.35</ns3:Pace></ns3:TPX></Extensions></Trackpoint><Trackpoint><Time>2025-08-12T21:54:13Z</Time><Position><LatitudeDegrees>-8.05116349</LatitudeDegrees><LongitudeDegrees>-34.95053892</LongitudeDegrees></Position><HeartRateBpm><Value>171</Value></HeartRateBpm><Cadence>89</Cadence><Extensions><ns3:TPX><ns3:Speed>2.7799999713897705</ns3:Speed><ns3:Pace>0.36</ns3:Pace></ns3:TPX></Extensions></Trackpoint><Trackpoint><Time>2025-08-12T21:54:14Z</Time><Position><LatitudeDegrees>-8.05118649</LatitudeDegrees><LongitudeDegrees>-34.95054092</LongitudeDegrees></Position><HeartRateBpm><Value>172</Value></HeartRateBpm><Cadence>88</Cadence><Extensions><ns3:TPX><ns3:Speed>2.7699999809265137</ns3:Speed><ns3:Pace>0.36</ns3:Pace></ns3:TPX></Extensions></Trackpoint><Trackpoint><Time>2025-08-12T21:54:15Z</Time><Position><LatitudeDegrees>-8.05120914</LatitudeDegrees><LongitudeDegrees>-34.95054326</LongitudeDegrees></Position><HeartRateBpm><Value>172</Value></HeartRateBpm><Cadence>88</Cadence><Extensions><ns3:TPX><ns3:Speed>2.7699999809265137</ns3:Speed><ns3:Pace>0.36</ns3:Pace></ns3:TPX></Extensions></Trackpoint><Trackpoint><Time>2025-08-12T21:54:16Z</Time><Position><LatitudeDegrees>-8.05123214</LatitudeDegrees><LongitudeDegrees>-34.95054625</LongitudeDegrees></Position><HeartRateBpm><Value>171</Value></HeartRateBpm><Cadence>88</Cadence><Extensions><ns3:TPX><ns3:Speed>2.7699999809265137</ns3:Speed><ns3:Pace>0.36</ns3:Pace></ns3:TPX></Extensions></Trackpoint><Trackpoint><Time>2025-08-12T21:54:17Z</Time><Position><LatitudeDegrees>-8.05125681</LatitudeDegrees><LongitudeDegrees>-34.95055158</LongitudeDegrees></Position><HeartRateBpm><Value>171</Value></HeartRateBpm><Cadence>87</Cadence><Extensions><ns3:TPX><ns3:Speed>2.759999990463257</ns3:Speed><ns3:Pace>0.36</ns3:Pace></ns3:TPX></Extensions></Trackpoint><Trackpoint><Time>2025-08-12T21:54:18Z</Time><Position><LatitudeDegrees>-8.05128247</LatitudeDegrees><LongitudeDegrees>-34.95056024</LongitudeDegrees></Position><HeartRateBpm><Value>172</Value></HeartRateBpm><Cadence>87</Cadence><Extensions><ns3:TPX><ns3:Speed>2.759999990463257</ns3:Speed><ns3:Pace>0.36</ns3:Pace></ns3:TPX></Extensions></Trackpoint><Trackpoint><Time>2025-08-12T21:54:19Z</Time><Position><LatitudeDegrees>-8.05130779</LatitudeDegrees><LongitudeDegrees>-34.95056923</LongitudeDegrees></Position><HeartRateBpm><Value>172</Value></HeartRateBpm><Cadence>87</Cadence><Extensions><ns3:TPX><ns3:Speed>2.759999990463257</ns3:Speed><ns3:Pace>0.36</ns3:Pace></ns3:TPX></Extensions></Trackpoint><Trackpoint><Time>2025-08-12T21:54:20Z</Time><Position><LatitudeDegrees>-8.05133045</LatitudeDegrees><LongitudeDegrees>-34.95057855</LongitudeDegrees></Position><HeartRateBpm><Value>172</Value></HeartRateBpm><Cadence>87</Cadence><Extensions><ns3:TPX><ns3:Speed>2.75</ns3:Speed><ns3:Pace>0.36</ns3:Pace></ns3:TPX></Extensions></Trackpoint><Trackpoint><Time>2025-08-12T21:54:21Z</Time><Position><LatitudeDegrees>-8.05135178</LatitudeDegrees><LongitudeDegrees>-34.95058922</LongitudeDegrees></Position><HeartRateBpm><Value>172</Value></HeartRateBpm><Cadence>87</Cadence><Extensions><ns3:TPX><ns3:Speed>2.75</ns3:Speed><ns3:Pace>0.36</ns3:Pace></ns3:TPX></Extensions></Trackpoint><Trackpoint><Time>2025-08-12T21:54:22Z</Time><Position><LatitudeDegrees>-8.05137611</LatitudeDegrees><LongitudeDegrees>-34.95060387</LongitudeDegrees></Position><HeartRateBpm><Value>172</Value></HeartRateBpm><Cadence>87</Cadence><Extensions><ns3:TPX><ns3:Speed>2.75</ns3:Speed><ns3:Pace>0.36</ns3:Pace></ns3:TPX></Extensions></Trackpoint><Trackpoint><Time>2025-08-12T21:54:23Z</Time><Position><LatitudeDegrees>-8.05139877</LatitudeDegrees><LongitudeDegrees>-34.9506212</LongitudeDegrees></Position><HeartRateBpm><Value>172</Value></HeartRateBpm><Cadence>88</Cadence><Extensions><ns3:TPX><ns3:Speed>2.740000009536743</ns3:Speed><ns3:Pace>0.36</ns3:Pace></ns3:TPX></Extensions></Trackpoint><Trackpoint><Time>2025-08-12T21:54:24Z</Time><Position><LatitudeDegrees>-8.05141843</LatitudeDegrees><LongitudeDegrees>-34.95064186</LongitudeDegrees></Position><HeartRateBpm><Value>173</Value></HeartRateBpm><Cadence>88</Cadence><Extensions><ns3:TPX><ns3:Speed>2.75</ns3:Speed><ns3:Pace>0.36</ns3:Pace></ns3:TPX></Extensions></Trackpoint><Trackpoint><Time>2025-08-12T21:54:25Z</Time><Position><LatitudeDegrees>-8.05143243</LatitudeDegrees><LongitudeDegrees>-34.95066452</LongitudeDegrees></Position><HeartRateBpm><Value>173</Value></HeartRateBpm><Cadence>88</Cadence><Extensions><ns3:TPX><ns3:Speed>2.75</ns3:Speed><ns3:Pace>0.36</ns3:Pace></ns3:TPX></Extensions></Trackpoint><Trackpoint><Time>2025-08-12T21:54:26Z</Time><Position><LatitudeDegrees>-8.05144309</LatitudeDegrees><LongitudeDegrees>-34.95069018</LongitudeDegrees></Position><HeartRateBpm><Value>173</Value></HeartRateBpm><Cadence>86</Cadence><Extensions><ns3:TPX><ns3:Speed>2.75</ns3:Speed><ns3:Pace>0.36</ns3:Pace></ns3:TPX></Extensions></Trackpoint><Trackpoint><Time>2025-08-12T21:54:27Z</Time><Position><LatitudeDegrees>-8.05145042</LatitudeDegrees><LongitudeDegrees>-34.9507155</LongitudeDegrees></Position><HeartRateBpm><Value>173</Value></HeartRateBpm><Cadence>86</Cadence><Extensions><ns3:TPX><ns3:Speed>2.759999990463257</ns3:Speed><ns3:Pace>0.36</ns3:Pace></ns3:TPX></Extensions></Trackpoint><Trackpoint><Time>2025-08-12T21:54:28Z</Time><Position><LatitudeDegrees>-8.05145641</LatitudeDegrees><LongitudeDegrees>-34.95073983</LongitudeDegrees></Position><HeartRateBpm><Value>173</Value></HeartRateBpm><Cadence>84</Cadence><Extensions><ns3:TPX><ns3:Speed>2.759999990463257</ns3:Speed><ns3:Pace>0.36</ns3:Pace></ns3:TPX></Extensions></Trackpoint><Trackpoint><Time>2025-08-12T21:54:29Z</Time><Position><LatitudeDegrees>-8.05146507</LatitudeDegrees><LongitudeDegrees>-34.95076349</LongitudeDegrees></Position><HeartRateBpm><Value>173</Value></HeartRateBpm><Cadence>85</Cadence><Extensions><ns3:TPX><ns3:Speed>2.7699999809265137</ns3:Speed><ns3:Pace>0.36</ns3:Pace></ns3:TPX></Extensions></Trackpoint><Trackpoint><Time>2025-08-12T21:54:30Z</Time><Position><LatitudeDegrees>-8.0514754</LatitudeDegrees><LongitudeDegrees>-34.95078516</LongitudeDegrees></Position><HeartRateBpm><Value>173</Value></HeartRateBpm><Cadence>86</Cadence><Extensions><ns3:TPX><ns3:Speed>2.7699999809265137</ns3:Speed><ns3:Pace>0.36</ns3:Pace></ns3:TPX></Extensions></Trackpoint><Trackpoint><Time>2025-08-12T21:54:31Z</Time><Position><LatitudeDegrees>-8.05148973</LatitudeDegrees><LongitudeDegrees>-34.95080581</LongitudeDegrees></Position><HeartRateBpm><Value>172</Value></HeartRateBpm><Cadence>87</Cadence><Extensions><ns3:TPX><ns3:Speed>2.7699999809265137</ns3:Speed><ns3:Pace>0.36</ns3:Pace></ns3:TPX></Extensions></Trackpoint><Trackpoint><Time>2025-08-12T21:54:32Z</Time><Position><LatitudeDegrees>-8.05150706</LatitudeDegrees><LongitudeDegrees>-34.95082481</LongitudeDegrees></Position><HeartRateBpm><Value>172</Value></HeartRateBpm><Cadence>87</Cadence><Extensions><ns3:TPX><ns3:Speed>2.7699999809265137</ns3:Speed><ns3:Pace>0.36</ns3:Pace></ns3:TPX></Extensions></Trackpoint><Trackpoint><Time>2025-08-12T21:54:33Z</Time><Position><LatitudeDegrees>-8.05152439</LatitudeDegrees><LongitudeDegrees>-34.95084547</LongitudeDegrees></Position><HeartRateBpm><Value>173</Value></HeartRateBpm><Cadence>88</Cadence><Extensions><ns3:TPX><ns3:Speed>2.7699999809265137</ns3:Speed><ns3:Pace>0.36</ns3:Pace></ns3:TPX></Extensions></Trackpoint><Trackpoint><Time>2025-08-12T21:54:34Z</Time><Position><LatitudeDegrees>-8.05154138</LatitudeDegrees><LongitudeDegrees>-34.95086546</LongitudeDegrees></Position><HeartRateBpm><Value>172</Value></HeartRateBpm><Cadence>88</Cadence><Extensions><ns3:TPX><ns3:Speed>2.7699999809265137</ns3:Speed><ns3:Pace>0.36</ns3:Pace></ns3:TPX></Extensions></Trackpoint><Trackpoint><Time>2025-08-12T21:54:35Z</Time><Position><LatitudeDegrees>-8.05155738</LatitudeDegrees><LongitudeDegrees>-34.95088179</LongitudeDegrees></Position><HeartRateBpm><Value>172</Value></HeartRateBpm><Cadence>88</Cadence><Extensions><ns3:TPX><ns3:Speed>2.7699999809265137</ns3:Speed><ns3:Pace>0.36</ns3:Pace></ns3:TPX></Extensions></Trackpoint><Trackpoint><Time>2025-08-12T21:54:36Z</Time><Position><LatitudeDegrees>-8.05157604</LatitudeDegrees><LongitudeDegrees>-34.95089513</LongitudeDegrees></Position><HeartRateBpm><Value>172</Value></HeartRateBpm><Cadence>87</Cadence><Extensions><ns3:TPX><ns3:Speed>2.7699999809265137</ns3:Speed><ns3:Pace>0.36</ns3:Pace></ns3:TPX></Extensions></Trackpoint><Trackpoint><Time>2025-08-12T21:54:37Z</Time><Position><LatitudeDegrees>-8.05159537</LatitudeDegrees><LongitudeDegrees>-34.95090712</LongitudeDegrees></Position><HeartRateBpm><Value>172</Value></HeartRateBpm><Cadence>87</Cadence><Extensions><ns3:TPX><ns3:Speed>2.759999990463257</ns3:Speed><ns3:Pace>0.36</ns3:Pace></ns3:TPX></Extensions></Trackpoint><Trackpoint><Time>2025-08-12T21:54:38Z</Time><Position><LatitudeDegrees>-8.0516147</LatitudeDegrees><LongitudeDegrees>-34.95091545</LongitudeDegrees></Position><HeartRateBpm><Value>172</Value></HeartRateBpm><Cadence>87</Cadence><Extensions><ns3:TPX><ns3:Speed>2.759999990463257</ns3:Speed><ns3:Pace>0.36</ns3:Pace></ns3:TPX></Extensions></Trackpoint><Trackpoint><Time>2025-08-12T21:54:39Z</Time><Position><LatitudeDegrees>-8.05163336</LatitudeDegrees><LongitudeDegrees>-34.95091778</LongitudeDegrees></Position><HeartRateBpm><Value>172</Value></HeartRateBpm><Cadence>87</Cadence><Extensions><ns3:TPX><ns3:Speed>2.759999990463257</ns3:Speed><ns3:Pace>0.36</ns3:Pace></ns3:TPX></Extensions></Trackpoint><Trackpoint><Time>2025-08-12T21:54:40Z</Time><Position><LatitudeDegrees>-8.05165168</LatitudeDegrees><LongitudeDegrees>-34.95091713</LongitudeDegrees></Position><HeartRateBpm><Value>172</Value></HeartRateBpm><Cadence>87</Cadence><Extensions><ns3:TPX><ns3:Speed>2.75</ns3:Speed><ns3:Pace>0.36</ns3:Pace></ns3:TPX></Extensions></Trackpoint><Trackpoint><Time>2025-08-12T21:54:41Z</Time><Position><LatitudeDegrees>-8.05166935</LatitudeDegrees><LongitudeDegrees>-34.95091745</LongitudeDegrees></Position><HeartRateBpm><Value>172</Value></HeartRateBpm><Cadence>87</Cadence><Extensions><ns3:TPX><ns3:Speed>2.7300000190734863</ns3:Speed><ns3:Pace>0.36</ns3:Pace></ns3:TPX></Extensions></Trackpoint><Trackpoint><Time>2025-08-12T21:54:42Z</Time><Position><LatitudeDegrees>-8.05169035</LatitudeDegrees><LongitudeDegrees>-34.95091844</LongitudeDegrees></Position><HeartRateBpm><Value>171</Value></HeartRateBpm><Cadence>87</Cadence><Extensions><ns3:TPX><ns3:Speed>2.7300000190734863</ns3:Speed><ns3:Pace>0.36</ns3:Pace></ns3:TPX></Extensions></Trackpoint><Trackpoint><Time>2025-08-12T21:54:43Z</Time><Position><LatitudeDegrees>-8.05171</LatitudeDegrees><LongitudeDegrees>-34.95092143</LongitudeDegrees></Position><HeartRateBpm><Value>171</Value></HeartRateBpm><Cadence>87</Cadence><Extensions><ns3:TPX><ns3:Speed>2.7100000381469727</ns3:Speed><ns3:Pace>0.36</ns3:Pace></ns3:TPX></Extensions></Trackpoint><Trackpoint><Time>2025-08-12T21:54:44Z</Time><Position><LatitudeDegrees>-8.05173</LatitudeDegrees><LongitudeDegrees>-34.95092509</LongitudeDegrees></Position><HeartRateBpm><Value>171</Value></HeartRateBpm><Cadence>87</Cadence><Extensions><ns3:TPX><ns3:Speed>2.7100000381469727</ns3:Speed><ns3:Pace>0.37</ns3:Pace></ns3:TPX></Extensions></Trackpoint><Trackpoint><Time>2025-08-12T21:54:45Z</Time><Position><LatitudeDegrees>-8.05175199</LatitudeDegrees><LongitudeDegrees>-34.95092742</LongitudeDegrees></Position><HeartRateBpm><Value>171</Value></HeartRateBpm><Cadence>87</Cadence><Extensions><ns3:TPX><ns3:Speed>2.700000047683716</ns3:Speed><ns3:Pace>0.37</ns3:Pace></ns3:TPX></Extensions></Trackpoint><Trackpoint><Time>2025-08-12T21:54:46Z</Time><Position><LatitudeDegrees>-8.05177233</LatitudeDegrees><LongitudeDegrees>-34.95093142</LongitudeDegrees></Position><HeartRateBpm><Value>171</Value></HeartRateBpm><Cadence>87</Cadence><Extensions><ns3:TPX><ns3:Speed>2.690000057220459</ns3:Speed><ns3:Pace>0.37</ns3:Pace></ns3:TPX></Extensions></Trackpoint><Trackpoint><Time>2025-08-12T21:54:47Z</Time><Position><LatitudeDegrees>-8.05179532</LatitudeDegrees><LongitudeDegrees>-34.95093409</LongitudeDegrees></Position><HeartRateBpm><Value>171</Value></HeartRateBpm><Cadence>87</Cadence><Extensions><ns3:TPX><ns3:Speed>2.680000066757202</ns3:Speed><ns3:Pace>0.37</ns3:Pace></ns3:TPX></Extensions></Trackpoint><Trackpoint><Time>2025-08-12T21:54:48Z</Time><Position><LatitudeDegrees>-8.05181832</LatitudeDegrees><LongitudeDegrees>-34.95093574</LongitudeDegrees></Position><HeartRateBpm><Value>170</Value></HeartRateBpm><Cadence>87</Cadence><Extensions><ns3:TPX><ns3:Speed>2.6700000762939453</ns3:Speed><ns3:Pace>0.37</ns3:Pace></ns3:TPX></Extensions></Trackpoint><Trackpoint><Time>2025-08-12T21:54:49Z</Time><Position><LatitudeDegrees>-8.05184031</LatitudeDegrees><LongitudeDegrees>-34.95093574</LongitudeDegrees></Position><HeartRateBpm><Value>170</Value></HeartRateBpm><Cadence>87</Cadence><Extensions><ns3:TPX><ns3:Speed>2.6600000858306885</ns3:Speed><ns3:Pace>0.37</ns3:Pace></ns3:TPX></Extensions></Trackpoint><Trackpoint><Time>2025-08-12T21:54:50Z</Time><Position><LatitudeDegrees>-8.05186164</LatitudeDegrees><LongitudeDegrees>-34.95093574</LongitudeDegrees></Position><HeartRateBpm><Value>170</Value></HeartRateBpm><Cadence>87</Cadence><Extensions><ns3:TPX><ns3:Speed>2.6600000858306885</ns3:Speed><ns3:Pace>0.37</ns3:Pace></ns3:TPX></Extensions></Trackpoint><Trackpoint><Time>2025-08-12T21:54:51Z</Time><Position><LatitudeDegrees>-8.05188296</LatitudeDegrees><LongitudeDegrees>-34.95093475</LongitudeDegrees></Position><HeartRateBpm><Value>169</Value></HeartRateBpm><Cadence>87</Cadence><Extensions><ns3:TPX><ns3:Speed>2.6600000858306885</ns3:Speed><ns3:Pace>0.37</ns3:Pace></ns3:TPX></Extensions></Trackpoint><Trackpoint><Time>2025-08-12T21:54:52Z</Time><Position><LatitudeDegrees>-8.05190463</LatitudeDegrees><LongitudeDegrees>-34.95093309</LongitudeDegrees></Position><HeartRateBpm><Value>168</Value></HeartRateBpm><Cadence>87</Cadence><Extensions><ns3:TPX><ns3:Speed>2.6500000953674316</ns3:Speed><ns3:Pace>0.37</ns3:Pace></ns3:TPX></Extensions></Trackpoint><Trackpoint><Time>2025-08-12T21:54:53Z</Time><Position><LatitudeDegrees>-8.05192462</LatitudeDegrees><LongitudeDegrees>-34.9509301</LongitudeDegrees></Position><HeartRateBpm><Value>168</Value></HeartRateBpm><Cadence>87</Cadence><Extensions><ns3:TPX><ns3:Speed>2.6500000953674316</ns3:Speed><ns3:Pace>0.37</ns3:Pace></ns3:TPX></Extensions></Trackpoint><Trackpoint><Time>2025-08-12T21:54:54Z</Time><Position><LatitudeDegrees>-8.05194294</LatitudeDegrees><LongitudeDegrees>-34.95092944</LongitudeDegrees></Position><HeartRateBpm><Value>169</Value></HeartRateBpm><Cadence>87</Cadence><Extensions><ns3:TPX><ns3:Speed>2.6500000953674316</ns3:Speed><ns3:Pace>0.37</ns3:Pace></ns3:TPX></Extensions></Trackpoint><Trackpoint><Time>2025-08-12T21:54:55Z</Time><Position><LatitudeDegrees>-8.05195861</LatitudeDegrees><LongitudeDegrees>-34.95093243</LongitudeDegrees></Position><HeartRateBpm><Value>169</Value></HeartRateBpm><Cadence>87</Cadence><Extensions><ns3:TPX><ns3:Speed>2.640000104904175</ns3:Speed><ns3:Pace>0.37</ns3:Pace></ns3:TPX></Extensions></Trackpoint><Trackpoint><Time>2025-08-12T21:54:56Z</Time><Position><LatitudeDegrees>-8.05197393</LatitudeDegrees><LongitudeDegrees>-34.95093476</LongitudeDegrees></Position><HeartRateBpm><Value>169</Value></HeartRateBpm><Cadence>87</Cadence><Extensions><ns3:TPX><ns3:Speed>2.640000104904175</ns3:Speed><ns3:Pace>0.38</ns3:Pace></ns3:TPX></Extensions></Trackpoint><Trackpoint><Time>2025-08-12T21:54:57Z</Time><Position><LatitudeDegrees>-8.0519876</LatitudeDegrees><LongitudeDegrees>-34.95093676</LongitudeDegrees></Position><HeartRateBpm><Value>171</Value></HeartRateBpm><Cadence>87</Cadence><Extensions><ns3:TPX><ns3:Speed>2.569999933242798</ns3:Speed><ns3:Pace>0.4</ns3:Pace></ns3:TPX></Extensions></Trackpoint><Trackpoint><Time>2025-08-12T21:54:58Z</Time><Position><LatitudeDegrees>-8.05199892</LatitudeDegrees><LongitudeDegrees>-34.95093742</LongitudeDegrees></Position><HeartRateBpm><Value>171</Value></HeartRateBpm><Cadence>87</Cadence><Extensions><ns3:TPX><ns3:Speed>2.450000047683716</ns3:Speed><ns3:Pace>0.43</ns3:Pace></ns3:TPX></Extensions></Trackpoint><Trackpoint><Time>2025-08-12T21:54:59Z</Time><Position><LatitudeDegrees>-8.05200758</LatitudeDegrees><LongitudeDegrees>-34.9509371</LongitudeDegrees></Position><HeartRateBpm><Value>171</Value></HeartRateBpm><Cadence>87</Cadence><Extensions><ns3:TPX><ns3:Speed>2.2899999618530273</ns3:Speed><ns3:Pace>0.48</ns3:Pace></ns3:TPX></Extensions></Trackpoint><Trackpoint><Time>2025-08-12T21:55:00Z</Time><Position><LatitudeDegrees>-8.05200958</LatitudeDegrees><LongitudeDegrees>-34.9509361</LongitudeDegrees></Position><HeartRateBpm><Value>171</Value></HeartRateBpm><Cadence>87</Cadence><Extensions><ns3:TPX><ns3:Speed>2.049999952316284</ns3:Speed><ns3:Pace>0.56</ns3:Pace></ns3:TPX></Extensions></Trackpoint><Trackpoint><Time>2025-08-12T21:55:01Z</Time><Position><LatitudeDegrees>-8.05200558</LatitudeDegrees><LongitudeDegrees>-34.95093377</LongitudeDegrees></Position><HeartRateBpm><Value>170</Value></HeartRateBpm><Cadence>87</Cadence><Extensions><ns3:TPX><ns3:Speed>1.7799999713897705</ns3:Speed><ns3:Pace>0.56</ns3:Pace></ns3:TPX></Extensions></Trackpoint><Trackpoint><Time>2025-08-12T21:55:02Z</Time><Position><LatitudeDegrees>-8.05200159</LatitudeDegrees><LongitudeDegrees>-34.95092744</LongitudeDegrees></Position><HeartRateBpm><Value>170</Value></HeartRateBpm><Cadence>87</Cadence><Extensions><ns3:TPX><ns3:Speed>1.7799999713897705</ns3:Speed><ns3:Pace>0.67</ns3:Pace></ns3:TPX></Extensions></Trackpoint><Trackpoint><Time>2025-08-12T21:55:03Z</Time><Position><LatitudeDegrees>-8.05200027</LatitudeDegrees><LongitudeDegrees>-34.95092145</LongitudeDegrees></Position><HeartRateBpm><Value>170</Value></HeartRateBpm><Cadence>87</Cadence><Extensions><ns3:TPX><ns3:Speed>1.4700000286102295</ns3:Speed><ns3:Pace>0.81</ns3:Pace></ns3:TPX></Extensions></Trackpoint><Trackpoint><Time>2025-08-12T21:55:04Z</Time><Position><LatitudeDegrees>-8.0519996</LatitudeDegrees><LongitudeDegrees>-34.95091213</LongitudeDegrees></Position><HeartRateBpm><Value>171</Value></HeartRateBpm><Cadence>87</Cadence><Extensions><ns3:TPX><ns3:Speed>1.2200000286102295</ns3:Speed><ns3:Pace>0.89</ns3:Pace></ns3:TPX></Extensions></Trackpoint><Trackpoint><Time>2025-08-12T21:55:05Z</Time><Position><LatitudeDegrees>-8.05199992</LatitudeDegrees><LongitudeDegrees>-34.95090014</LongitudeDegrees></Position><HeartRateBpm><Value>171</Value></HeartRateBpm><Cadence>87</Cadence><Extensions><ns3:TPX><ns3:Speed>1.1100000143051147</ns3:Speed><ns3:Pace>0.9</ns3:Pace></ns3:TPX></Extensions></Trackpoint><Trackpoint><Time>2025-08-12T21:55:06Z</Time><Position><LatitudeDegrees>-8.05199893</LatitudeDegrees><LongitudeDegrees>-34.95088847</LongitudeDegrees></Position><HeartRateBpm><Value>171</Value></HeartRateBpm><Cadence>87</Cadence><Extensions><ns3:TPX><ns3:Speed>1.100000023841858</ns3:Speed><ns3:Pace>0.9</ns3:Pace></ns3:TPX></Extensions></Trackpoint><Trackpoint><Time>2025-08-12T21:55:07Z</Time><Position><LatitudeDegrees>-8.05199661</LatitudeDegrees><LongitudeDegrees>-34.95087615</LongitudeDegrees></Position><HeartRateBpm><Value>171</Value></HeartRateBpm><Cadence>87</Cadence><Extensions><ns3:TPX><ns3:Speed>1.100000023841858</ns3:Speed><ns3:Pace>0.9</ns3:Pace></ns3:TPX></Extensions></Trackpoint><Trackpoint><Time>2025-08-12T21:55:08Z</Time><Position><LatitudeDegrees>-8.05199428</LatitudeDegrees><LongitudeDegrees>-34.95086315</LongitudeDegrees></Position><HeartRateBpm><Value>171</Value></HeartRateBpm><Cadence>87</Cadence><Extensions><ns3:TPX><ns3:Speed>1.100000023841858</ns3:Speed><ns3:Pace>0.86</ns3:Pace></ns3:TPX></Extensions></Trackpoint><Trackpoint><Time>2025-08-12T21:55:09Z</Time><Position><LatitudeDegrees>-8.05199228</LatitudeDegrees><LongitudeDegrees>-34.95085082</LongitudeDegrees></Position><HeartRateBpm><Value>171</Value></HeartRateBpm><Cadence>87</Cadence><Extensions><ns3:TPX><ns3:Speed>1.149999976158142</ns3:Speed><ns3:Pace>0.79</ns3:Pace></ns3:TPX></Extensions></Trackpoint><Trackpoint><Time>2025-08-12T21:55:10Z</Time><Position><LatitudeDegrees>-8.05199129</LatitudeDegrees><LongitudeDegrees>-34.9508385</LongitudeDegrees></Position><HeartRateBpm><Value>170</Value></HeartRateBpm><Cadence>87</Cadence><Extensions><ns3:TPX><ns3:Speed>1.2599999904632568</ns3:Speed><ns3:Pace>0.74</ns3:Pace></ns3:TPX></Extensions></Trackpoint><Trackpoint><Time>2025-08-12T21:55:11Z</Time><Position><LatitudeDegrees>-8.05199029</LatitudeDegrees><LongitudeDegrees>-34.95082617</LongitudeDegrees></Position><HeartRateBpm><Value>170</Value></HeartRateBpm><Cadence>87</Cadence><Extensions><ns3:TPX><ns3:Speed>1.340000033378601</ns3:Speed><ns3:Pace>0.72</ns3:Pace></ns3:TPX></Extensions></Trackpoint><Trackpoint><Time>2025-08-12T21:55:12Z</Time><Position><LatitudeDegrees>-8.05198996</LatitudeDegrees><LongitudeDegrees>-34.95081451</LongitudeDegrees></Position><HeartRateBpm><Value>171</Value></HeartRateBpm><Cadence>61</Cadence><Extensions><ns3:TPX><ns3:Speed>1.3700000047683716</ns3:Speed><ns3:Pace>0.72</ns3:Pace></ns3:TPX></Extensions></Trackpoint><Trackpoint><Time>2025-08-12T21:55:13Z</Time><Position><LatitudeDegrees>-8.05198996</LatitudeDegrees><LongitudeDegrees>-34.95080485</LongitudeDegrees></Position><HeartRateBpm><Value>171</Value></HeartRateBpm><Cadence>61</Cadence><Extensions><ns3:TPX><ns3:Speed>1.3799999952316284</ns3:Speed><ns3:Pace>0.72</ns3:Pace></ns3:TPX></Extensions></Trackpoint><Trackpoint><Time>2025-08-12T21:55:14Z</Time><Position><LatitudeDegrees>-8.0519913</LatitudeDegrees><LongitudeDegrees>-34.95079586</LongitudeDegrees></Position><HeartRateBpm><Value>171</Value></HeartRateBpm><Cadence>61</Cadence><Extensions><ns3:TPX><ns3:Speed>1.3799999952316284</ns3:Speed><ns3:Pace>0.72</ns3:Pace></ns3:TPX></Extensions></Trackpoint><Trackpoint><Time>2025-08-12T21:55:15Z</Time><Position><LatitudeDegrees>-8.05199262</LatitudeDegrees><LongitudeDegrees>-34.9507872</LongitudeDegrees></Position><HeartRateBpm><Value>170</Value></HeartRateBpm><Cadence>61</Cadence><Extensions><ns3:TPX><ns3:Speed>1.3799999952316284</ns3:Speed><ns3:Pace>0.72</ns3:Pace></ns3:TPX></Extensions></Trackpoint><Trackpoint><Time>2025-08-12T21:55:16Z</Time><Position><LatitudeDegrees>-8.05199361</LatitudeDegrees><LongitudeDegrees>-34.95077754</LongitudeDegrees></Position><HeartRateBpm><Value>169</Value></HeartRateBpm><Cadence>62</Cadence><Extensions><ns3:TPX><ns3:Speed>1.3700000047683716</ns3:Speed><ns3:Pace>0.75</ns3:Pace></ns3:TPX></Extensions></Trackpoint><Trackpoint><Time>2025-08-12T21:55:17Z</Time><Position><LatitudeDegrees>-8.05199428</LatitudeDegrees><LongitudeDegrees>-34.95076654</LongitudeDegrees></Position><HeartRateBpm><Value>168</Value></HeartRateBpm><Cadence>62</Cadence><Extensions><ns3:TPX><ns3:Speed>1.3300000429153442</ns3:Speed><ns3:Pace>0.79</ns3:Pace></ns3:TPX></Extensions></Trackpoint><Trackpoint><Time>2025-08-12T21:55:18Z</Time><Position><LatitudeDegrees>-8.05199461</LatitudeDegrees><LongitudeDegrees>-34.95075621</LongitudeDegrees></Position><HeartRateBpm><Value>168</Value></HeartRateBpm><Cadence>62</Cadence><Extensions><ns3:TPX><ns3:Speed>1.2599999904632568</ns3:Speed><ns3:Pace>0.83</ns3:Pace></ns3:TPX></Extensions></Trackpoint><Trackpoint><Time>2025-08-12T21:55:19Z</Time><Position><LatitudeDegrees>-8.05199493</LatitudeDegrees><LongitudeDegrees>-34.95074555</LongitudeDegrees></Position><HeartRateBpm><Value>168</Value></HeartRateBpm><Cadence>59</Cadence><Extensions><ns3:TPX><ns3:Speed>1.190000057220459</ns3:Speed><ns3:Pace>0.83</ns3:Pace></ns3:TPX></Extensions></Trackpoint><Trackpoint><Time>2025-08-12T21:55:20Z</Time><Position><LatitudeDegrees>-8.05199493</LatitudeDegrees><LongitudeDegrees>-34.95073555</LongitudeDegrees></Position><HeartRateBpm><Value>168</Value></HeartRateBpm><Cadence>59</Cadence><Extensions><ns3:TPX><ns3:Speed>1.190000057220459</ns3:Speed><ns3:Pace>0.87</ns3:Pace></ns3:TPX></Extensions></Trackpoint><Trackpoint><Time>2025-08-12T21:55:21Z</Time><Position><LatitudeDegrees>-8.05199627</LatitudeDegrees><LongitudeDegrees>-34.95072522</LongitudeDegrees></Position><HeartRateBpm><Value>167</Value></HeartRateBpm><Cadence>59</Cadence><Extensions><ns3:TPX><ns3:Speed>1.1399999856948853</ns3:Speed><ns3:Pace>0.88</ns3:Pace></ns3:TPX></Extensions></Trackpoint><Trackpoint><Time>2025-08-12T21:55:22Z</Time><Position><LatitudeDegrees>-8.05199759</LatitudeDegrees><LongitudeDegrees>-34.95071388</LongitudeDegrees></Position><HeartRateBpm><Value>167</Value></HeartRateBpm><Cadence>59</Cadence><Extensions><ns3:TPX><ns3:Speed>1.1299999952316284</ns3:Speed><ns3:Pace>0.88</ns3:Pace></ns3:TPX></Extensions></Trackpoint><Trackpoint><Time>2025-08-12T21:55:23Z</Time><Position><LatitudeDegrees>-8.05199858</LatitudeDegrees><LongitudeDegrees>-34.95070089</LongitudeDegrees></Position><HeartRateBpm><Value>167</Value></HeartRateBpm><Cadence>59</Cadence><Extensions><ns3:TPX><ns3:Speed>1.1200000047683716</ns3:Speed><ns3:Pace>0.88</ns3:Pace></ns3:TPX></Extensions></Trackpoint><Trackpoint><Time>2025-08-12T21:55:24Z</Time><Position><LatitudeDegrees>-8.05200025</LatitudeDegrees><LongitudeDegrees>-34.95068789</LongitudeDegrees></Position><HeartRateBpm><Value>167</Value></HeartRateBpm><Cadence>59</Cadence><Extensions><ns3:TPX><ns3:Speed>1.1200000047683716</ns3:Speed><ns3:Pace>0.86</ns3:Pace></ns3:TPX></Extensions></Trackpoint><Trackpoint><Time>2025-08-12T21:55:25Z</Time><Position><LatitudeDegrees>-8.05200025</LatitudeDegrees><LongitudeDegrees>-34.9506749</LongitudeDegrees></Position><HeartRateBpm><Value>166</Value></HeartRateBpm><Cadence>60</Cadence><Extensions><ns3:TPX><ns3:Speed>1.149999976158142</ns3:Speed><ns3:Pace>0.86</ns3:Pace></ns3:TPX></Extensions></Trackpoint><Trackpoint><Time>2025-08-12T21:55:26Z</Time><Position><LatitudeDegrees>-8.05199991</LatitudeDegrees><LongitudeDegrees>-34.9506609</LongitudeDegrees></Position><HeartRateBpm><Value>166</Value></HeartRateBpm><Cadence>60</Cadence><Extensions><ns3:TPX><ns3:Speed>1.149999976158142</ns3:Speed><ns3:Pace>0.83</ns3:Pace></ns3:TPX></Extensions></Trackpoint><Trackpoint><Time>2025-08-12T21:55:27Z</Time><Position><LatitudeDegrees>-8.05199991</LatitudeDegrees><LongitudeDegrees>-34.9506479</LongitudeDegrees></Position><HeartRateBpm><Value>166</Value></HeartRateBpm><Cadence>60</Cadence><Extensions><ns3:TPX><ns3:Speed>1.190000057220459</ns3:Speed><ns3:Pace>0.78</ns3:Pace></ns3:TPX></Extensions></Trackpoint><Trackpoint><Time>2025-08-12T21:55:28Z</Time><Position><LatitudeDegrees>-8.05200058</LatitudeDegrees><LongitudeDegrees>-34.95063625</LongitudeDegrees></Position><HeartRateBpm><Value>165</Value></HeartRateBpm><Cadence>61</Cadence><Extensions><ns3:TPX><ns3:Speed>1.2699999809265137</ns3:Speed><ns3:Pace>0.74</ns3:Pace></ns3:TPX></Extensions></Trackpoint><Trackpoint><Time>2025-08-12T21:55:29Z</Time><Position><LatitudeDegrees>-8.05200158</LatitudeDegrees><LongitudeDegrees>-34.95062759</LongitudeDegrees></Position><HeartRateBpm><Value>165</Value></HeartRateBpm><Cadence>61</Cadence><Extensions><ns3:TPX><ns3:Speed>1.340000033378601</ns3:Speed><ns3:Pace>0.72</ns3:Pace></ns3:TPX></Extensions></Trackpoint><Trackpoint><Time>2025-08-12T21:55:30Z</Time><Position><LatitudeDegrees>-8.05200224</LatitudeDegrees><LongitudeDegrees>-34.95061792</LongitudeDegrees></Position><HeartRateBpm><Value>165</Value></HeartRateBpm><Cadence>61</Cadence><Extensions><ns3:TPX><ns3:Speed>1.3700000047683716</ns3:Speed><ns3:Pace>0.72</ns3:Pace></ns3:TPX></Extensions></Trackpoint><Trackpoint><Time>2025-08-12T21:55:31Z</Time><Position><LatitudeDegrees>-8.05200324</LatitudeDegrees><LongitudeDegrees>-34.95060726</LongitudeDegrees></Position><HeartRateBpm><Value>165</Value></HeartRateBpm><Cadence>61</Cadence><Extensions><ns3:TPX><ns3:Speed>1.3700000047683716</ns3:Speed><ns3:Pace>0.72</ns3:Pace></ns3:TPX></Extensions></Trackpoint><Trackpoint><Time>2025-08-12T21:55:32Z</Time><Position><LatitudeDegrees>-8.05200556</LatitudeDegrees><LongitudeDegrees>-34.95059727</LongitudeDegrees></Position><HeartRateBpm><Value>165</Value></HeartRateBpm><Cadence>61</Cadence><Extensions><ns3:TPX><ns3:Speed>1.3700000047683716</ns3:Speed><ns3:Pace>0.74</ns3:Pace></ns3:TPX></Extensions></Trackpoint><Trackpoint><Time>2025-08-12T21:55:33Z</Time><Position><LatitudeDegrees>-8.05201156</LatitudeDegrees><LongitudeDegrees>-34.95058627</LongitudeDegrees></Position><HeartRateBpm><Value>164</Value></HeartRateBpm><Cadence>61</Cadence><Extensions><ns3:TPX><ns3:Speed>1.350000023841858</ns3:Speed><ns3:Pace>0.74</ns3:Pace></ns3:TPX></Extensions></Trackpoint><Trackpoint><Time>2025-08-12T21:55:34Z</Time><Position><LatitudeDegrees>-8.05201923</LatitudeDegrees><LongitudeDegrees>-34.95057428</LongitudeDegrees></Position><HeartRateBpm><Value>164</Value></HeartRateBpm><Cadence>61</Cadence><Extensions><ns3:TPX><ns3:Speed>1.3300000429153442</ns3:Speed><ns3:Pace>0.74</ns3:Pace></ns3:TPX></Extensions></Trackpoint><Trackpoint><Time>2025-08-12T21:55:35Z</Time><Position><LatitudeDegrees>-8.05202855</LatitudeDegrees><LongitudeDegrees>-34.95056294</LongitudeDegrees></Position><HeartRateBpm><Value>164</Value></HeartRateBpm><Cadence>61</Cadence><Extensions><ns3:TPX><ns3:Speed>1.340000033378601</ns3:Speed><ns3:Pace>0.74</ns3:Pace></ns3:TPX></Extensions></Trackpoint><Trackpoint><Time>2025-08-12T21:55:36Z</Time><Position><LatitudeDegrees>-8.05203688</LatitudeDegrees><LongitudeDegrees>-34.95055395</LongitudeDegrees></Position><HeartRateBpm><Value>164</Value></HeartRateBpm><Cadence>61</Cadence><Extensions><ns3:TPX><ns3:Speed>1.340000033378601</ns3:Speed><ns3:Pace>0.74</ns3:Pace></ns3:TPX></Extensions></Trackpoint><Trackpoint><Time>2025-08-12T21:55:37Z</Time><Position><LatitudeDegrees>-8.05204455</LatitudeDegrees><LongitudeDegrees>-34.95054662</LongitudeDegrees></Position><HeartRateBpm><Value>164</Value></HeartRateBpm><Cadence>61</Cadence><Extensions><ns3:TPX><ns3:Speed>1.340000033378601</ns3:Speed><ns3:Pace>0.74</ns3:Pace></ns3:TPX></Extensions></Trackpoint><Trackpoint><Time>2025-08-12T21:55:38Z</Time><Position><LatitudeDegrees>-8.05205121</LatitudeDegrees><LongitudeDegrees>-34.9505403</LongitudeDegrees></Position><HeartRateBpm><Value>164</Value></HeartRateBpm><Cadence>61</Cadence><Extensions><ns3:TPX><ns3:Speed>1.340000033378601</ns3:Speed><ns3:Pace>0.74</ns3:Pace></ns3:TPX></Extensions></Trackpoint><Trackpoint><Time>2025-08-12T21:55:39Z</Time><Position><LatitudeDegrees>-8.05205753</LatitudeDegrees><LongitudeDegrees>-34.95053397</LongitudeDegrees></Position><HeartRateBpm><Value>164</Value></HeartRateBpm><Cadence>61</Cadence><Extensions><ns3:TPX><ns3:Speed>1.3300000429153442</ns3:Speed><ns3:Pace>0.74</ns3:Pace></ns3:TPX></Extensions></Trackpoint><Trackpoint><Time>2025-08-12T21:55:40Z</Time><Position><LatitudeDegrees>-8.05206186</LatitudeDegrees><LongitudeDegrees>-34.95052697</LongitudeDegrees></Position><HeartRateBpm><Value>164</Value></HeartRateBpm><Cadence>62</Cadence><Extensions><ns3:TPX><ns3:Speed>1.3300000429153442</ns3:Speed><ns3:Pace>0.75</ns3:Pace></ns3:TPX></Extensions></Trackpoint><Trackpoint><Time>2025-08-12T21:55:41Z</Time><Position><LatitudeDegrees>-8.05206552</LatitudeDegrees><LongitudeDegrees>-34.95051864</LongitudeDegrees></Position><HeartRateBpm><Value>165</Value></HeartRateBpm><Cadence>62</Cadence><Extensions><ns3:TPX><ns3:Speed>1.3300000429153442</ns3:Speed><ns3:Pace>0.75</ns3:Pace></ns3:TPX></Extensions></Trackpoint><Trackpoint><Time>2025-08-12T21:55:42Z</Time><Position><LatitudeDegrees>-8.05206818</LatitudeDegrees><LongitudeDegrees>-34.95050797</LongitudeDegrees></Position><HeartRateBpm><Value>164</Value></HeartRateBpm><Cadence>61</Cadence><Extensions><ns3:TPX><ns3:Speed>1.3200000524520874</ns3:Speed><ns3:Pace>0.76</ns3:Pace></ns3:TPX></Extensions></Trackpoint><Trackpoint><Time>2025-08-12T21:55:43Z</Time><Position><LatitudeDegrees>-8.05207018</LatitudeDegrees><LongitudeDegrees>-34.95049598</LongitudeDegrees></Position><HeartRateBpm><Value>164</Value></HeartRateBpm><Cadence>62</Cadence><Extensions><ns3:TPX><ns3:Speed>1.309999942779541</ns3:Speed><ns3:Pace>0.76</ns3:Pace></ns3:TPX></Extensions></Trackpoint><Trackpoint><Time>2025-08-12T21:55:44Z</Time><Position><LatitudeDegrees>-8.05207018</LatitudeDegrees><LongitudeDegrees>-34.95048399</LongitudeDegrees></Position><HeartRateBpm><Value>164</Value></HeartRateBpm><Cadence>62</Cadence><Extensions><ns3:TPX><ns3:Speed>1.309999942779541</ns3:Speed><ns3:Pace>0.76</ns3:Pace></ns3:TPX></Extensions></Trackpoint><Trackpoint><Time>2025-08-12T21:55:45Z</Time><Position><LatitudeDegrees>-8.05206919</LatitudeDegrees><LongitudeDegrees>-34.95047166</LongitudeDegrees></Position><HeartRateBpm><Value>165</Value></HeartRateBpm><Cadence>62</Cadence><Extensions><ns3:TPX><ns3:Speed>1.2999999523162842</ns3:Speed><ns3:Pace>0.77</ns3:Pace></ns3:TPX></Extensions></Trackpoint><Trackpoint><Time>2025-08-12T21:55:46Z</Time><Position><LatitudeDegrees>-8.05206852</LatitudeDegrees><LongitudeDegrees>-34.95046</LongitudeDegrees></Position><HeartRateBpm><Value>164</Value></HeartRateBpm><Cadence>62</Cadence><Extensions><ns3:TPX><ns3:Speed>1.2899999618530273</ns3:Speed><ns3:Pace>0.79</ns3:Pace></ns3:TPX></Extensions></Trackpoint><Trackpoint><Time>2025-08-12T21:55:47Z</Time><Position><LatitudeDegrees>-8.05206752</LatitudeDegrees><LongitudeDegrees>-34.95044735</LongitudeDegrees></Position><HeartRateBpm><Value>164</Value></HeartRateBpm><Cadence>62</Cadence><Extensions><ns3:TPX><ns3:Speed>1.25</ns3:Speed><ns3:Pace>0.78</ns3:Pace></ns3:TPX></Extensions></Trackpoint><Trackpoint><Time>2025-08-12T21:55:48Z</Time><Position><LatitudeDegrees>-8.0520662</LatitudeDegrees><LongitudeDegrees>-34.95043268</LongitudeDegrees></Position><HeartRateBpm><Value>165</Value></HeartRateBpm><Cadence>62</Cadence><Extensions><ns3:TPX><ns3:Speed>1.2799999713897705</ns3:Speed><ns3:Pace>0.72</ns3:Pace></ns3:TPX></Extensions></Trackpoint><Trackpoint><Time>2025-08-12T21:55:49Z</Time><Position><LatitudeDegrees>-8.05206554</LatitudeDegrees><LongitudeDegrees>-34.95041736</LongitudeDegrees></Position><HeartRateBpm><Value>164</Value></HeartRateBpm><Cadence>62</Cadence><Extensions><ns3:TPX><ns3:Speed>1.3700000047683716</ns3:Speed><ns3:Pace>0.7</ns3:Pace></ns3:TPX></Extensions></Trackpoint><Trackpoint><Time>2025-08-12T21:55:50Z</Time><Position><LatitudeDegrees>-8.05206686</LatitudeDegrees><LongitudeDegrees>-34.9504027</LongitudeDegrees></Position><HeartRateBpm><Value>164</Value></HeartRateBpm><Cadence>62</Cadence><Extensions><ns3:TPX><ns3:Speed>1.4199999570846558</ns3:Speed><ns3:Pace>0.7</ns3:Pace></ns3:TPX></Extensions></Trackpoint><Trackpoint><Time>2025-08-12T21:55:51Z</Time><Position><LatitudeDegrees>-8.05207085</LatitudeDegrees><LongitudeDegrees>-34.95038637</LongitudeDegrees></Position><HeartRateBpm><Value>164</Value></HeartRateBpm><Cadence>62</Cadence><Extensions><ns3:TPX><ns3:Speed>1.4199999570846558</ns3:Speed><ns3:Pace>0.67</ns3:Pace></ns3:TPX></Extensions></Trackpoint><Trackpoint><Time>2025-08-12T21:55:52Z</Time><Position><LatitudeDegrees>-8.05207685</LatitudeDegrees><LongitudeDegrees>-34.95036838</LongitudeDegrees></Position><HeartRateBpm><Value>165</Value></HeartRateBpm><Cadence>62</Cadence><Extensions><ns3:TPX><ns3:Speed>1.4700000286102295</ns3:Speed><ns3:Pace>0.64</ns3:Pace></ns3:TPX></Extensions></Trackpoint><Trackpoint><Time>2025-08-12T21:55:53Z</Time><Position><LatitudeDegrees>-8.05208351</LatitudeDegrees><LongitudeDegrees>-34.95034904</LongitudeDegrees></Position><HeartRateBpm><Value>165</Value></HeartRateBpm><Cadence>62</Cadence><Extensions><ns3:TPX><ns3:Speed>1.559999942779541</ns3:Speed><ns3:Pace>0.6</ns3:Pace></ns3:TPX></Extensions></Trackpoint><Trackpoint><Time>2025-08-12T21:55:54Z</Time><Position><LatitudeDegrees>-8.05208951</LatitudeDegrees><LongitudeDegrees>-34.95032804</LongitudeDegrees></Position><HeartRateBpm><Value>166</Value></HeartRateBpm><Cadence>62</Cadence><Extensions><ns3:TPX><ns3:Speed>1.649999976158142</ns3:Speed><ns3:Pace>0.55</ns3:Pace></ns3:TPX></Extensions></Trackpoint><Trackpoint><Time>2025-08-12T21:55:55Z</Time><Position><LatitudeDegrees>-8.05209683</LatitudeDegrees><LongitudeDegrees>-34.95030705</LongitudeDegrees></Position><HeartRateBpm><Value>166</Value></HeartRateBpm><Cadence>62</Cadence><Extensions><ns3:TPX><ns3:Speed>1.7899999618530273</ns3:Speed><ns3:Pace>0.51</ns3:Pace></ns3:TPX></Extensions></Trackpoint><Trackpoint><Time>2025-08-12T21:55:56Z</Time><Position><LatitudeDegrees>-8.0521045</LatitudeDegrees><LongitudeDegrees>-34.95028539</LongitudeDegrees></Position><HeartRateBpm><Value>165</Value></HeartRateBpm><Cadence>62</Cadence><Extensions><ns3:TPX><ns3:Speed>1.9500000476837158</ns3:Speed><ns3:Pace>0.51</ns3:Pace></ns3:TPX></Extensions></Trackpoint><Trackpoint><Time>2025-08-12T21:55:57Z</Time><Position><LatitudeDegrees>-8.05211249</LatitudeDegrees><LongitudeDegrees>-34.95026105</LongitudeDegrees></Position><HeartRateBpm><Value>165</Value></HeartRateBpm><Cadence>62</Cadence><Extensions><ns3:TPX><ns3:Speed>1.9500000476837158</ns3:Speed><ns3:Pace>0.46</ns3:Pace></ns3:TPX></Extensions></Trackpoint><Trackpoint><Time>2025-08-12T21:55:58Z</Time><Position><LatitudeDegrees>-8.05211949</LatitudeDegrees><LongitudeDegrees>-34.95023606</LongitudeDegrees></Position><HeartRateBpm><Value>165</Value></HeartRateBpm><Cadence>62</Cadence><Extensions><ns3:TPX><ns3:Speed>2.140000104904175</ns3:Speed><ns3:Pace>0.43</ns3:Pace></ns3:TPX></Extensions></Trackpoint><Trackpoint><Time>2025-08-12T21:55:59Z</Time><Position><LatitudeDegrees>-8.05212448</LatitudeDegrees><LongitudeDegrees>-34.9502094</LongitudeDegrees></Position><HeartRateBpm><Value>166</Value></HeartRateBpm><Cadence>62</Cadence><Extensions><ns3:TPX><ns3:Speed>2.2899999618530273</ns3:Speed><ns3:Pace>0.41</ns3:Pace></ns3:TPX></Extensions></Trackpoint><Trackpoint><Time>2025-08-12T21:56:00Z</Time><Position><LatitudeDegrees>-8.05213015</LatitudeDegrees><LongitudeDegrees>-34.95018307</LongitudeDegrees></Position><HeartRateBpm><Value>166</Value></HeartRateBpm><Cadence>62</Cadence><Extensions><ns3:TPX><ns3:Speed>2.390000104904175</ns3:Speed><ns3:Pace>0.4</ns3:Pace></ns3:TPX></Extensions></Trackpoint><Trackpoint><Time>2025-08-12T21:56:01Z</Time><Position><LatitudeDegrees>-8.05213581</LatitudeDegrees><LongitudeDegrees>-34.95015742</LongitudeDegrees></Position><HeartRateBpm><Value>166</Value></HeartRateBpm><Cadence>62</Cadence><Extensions><ns3:TPX><ns3:Speed>2.4800000190734863</ns3:Speed><ns3:Pace>0.39</ns3:Pace></ns3:TPX></Extensions></Trackpoint><Trackpoint><Time>2025-08-12T21:56:02Z</Time><Position><LatitudeDegrees>-8.05214047</LatitudeDegrees><LongitudeDegrees>-34.95013075</LongitudeDegrees></Position><HeartRateBpm><Value>166</Value></HeartRateBpm><Cadence>62</Cadence><Extensions><ns3:TPX><ns3:Speed>2.549999952316284</ns3:Speed><ns3:Pace>0.39</ns3:Pace></ns3:TPX></Extensions></Trackpoint><Trackpoint><Time>2025-08-12T21:56:03Z</Time><Position><LatitudeDegrees>-8.0521448</LatitudeDegrees><LongitudeDegrees>-34.95010476</LongitudeDegrees></Position><HeartRateBpm><Value>166</Value></HeartRateBpm><Cadence>62</Cadence><Extensions><ns3:TPX><ns3:Speed>2.549999952316284</ns3:Speed><ns3:Pace>0.37</ns3:Pace></ns3:TPX></Extensions></Trackpoint><Trackpoint><Time>2025-08-12T21:56:04Z</Time><Position><LatitudeDegrees>-8.05215046</LatitudeDegrees><LongitudeDegrees>-34.95008243</LongitudeDegrees></Position><HeartRateBpm><Value>166</Value></HeartRateBpm><Cadence>62</Cadence><Extensions><ns3:TPX><ns3:Speed>2.630000114440918</ns3:Speed><ns3:Pace>0.37</ns3:Pace></ns3:TPX></Extensions></Trackpoint><Trackpoint><Time>2025-08-12T21:56:05Z</Time><Position><LatitudeDegrees>-8.05215646</LatitudeDegrees><LongitudeDegrees>-34.95006009</LongitudeDegrees></Position><HeartRateBpm><Value>166</Value></HeartRateBpm><Cadence>89</Cadence><Extensions><ns3:TPX><ns3:Speed>2.680000066757202</ns3:Speed><ns3:Pace>0.37</ns3:Pace></ns3:TPX></Extensions></Trackpoint><Trackpoint><Time>2025-08-12T21:56:06Z</Time><Position><LatitudeDegrees>-8.05216245</LatitudeDegrees><LongitudeDegrees>-34.95003809</LongitudeDegrees></Position><HeartRateBpm><Value>167</Value></HeartRateBpm><Cadence>89</Cadence><Extensions><ns3:TPX><ns3:Speed>2.680000066757202</ns3:Speed><ns3:Pace>0.37</ns3:Pace></ns3:TPX></Extensions></Trackpoint><Trackpoint><Time>2025-08-12T21:56:07Z</Time><Position><LatitudeDegrees>-8.05217612</LatitudeDegrees><LongitudeDegrees>-34.94999277</LongitudeDegrees></Position><HeartRateBpm><Value>168</Value></HeartRateBpm><Cadence>88</Cadence><Extensions><ns3:TPX><ns3:Speed>2.630000114440918</ns3:Speed><ns3:Pace>0.38</ns3:Pace></ns3:TPX></Extensions></Trackpoint><Trackpoint><Time>2025-08-12T21:56:08Z</Time><Position><LatitudeDegrees>-8.05218144</LatitudeDegrees><LongitudeDegrees>-34.94997144</LongitudeDegrees></Position><HeartRateBpm><Value>168</Value></HeartRateBpm><Cadence>88</Cadence><Extensions><ns3:TPX><ns3:Speed>2.630000114440918</ns3:Speed><ns3:Pace>0.38</ns3:Pace></ns3:TPX></Extensions></Trackpoint><Trackpoint><Time>2025-08-12T21:56:09Z</Time><Position><LatitudeDegrees>-8.05218577</LatitudeDegrees><LongitudeDegrees>-34.94995078</LongitudeDegrees></Position><HeartRateBpm><Value>168</Value></HeartRateBpm><Cadence>89</Cadence><Extensions><ns3:TPX><ns3:Speed>2.569999933242798</ns3:Speed><ns3:Pace>0.39</ns3:Pace></ns3:TPX></Extensions></Trackpoint><Trackpoint><Time>2025-08-12T21:56:10Z</Time><Position><LatitudeDegrees>-8.05218943</LatitudeDegrees><LongitudeDegrees>-34.94992946</LongitudeDegrees></Position><HeartRateBpm><Value>168</Value></HeartRateBpm><Cadence>88</Cadence><Extensions><ns3:TPX><ns3:Speed>2.509999990463257</ns3:Speed><ns3:Pace>0.4</ns3:Pace></ns3:TPX></Extensions></Trackpoint><Trackpoint><Time>2025-08-12T21:56:11Z</Time><Position><LatitudeDegrees>-8.05219209</LatitudeDegrees><LongitudeDegrees>-34.94990779</LongitudeDegrees></Position><HeartRateBpm><Value>168</Value></HeartRateBpm><Cadence>88</Cadence><Extensions><ns3:TPX><ns3:Speed>2.490000009536743</ns3:Speed><ns3:Pace>0.4</ns3:Pace></ns3:TPX></Extensions></Trackpoint><Trackpoint><Time>2025-08-12T21:56:12Z</Time><Position><LatitudeDegrees>-8.05219309</LatitudeDegrees><LongitudeDegrees>-34.94988579</LongitudeDegrees></Position><HeartRateBpm><Value>169</Value></HeartRateBpm><Cadence>88</Cadence><Extensions><ns3:TPX><ns3:Speed>2.4600000381469727</ns3:Speed><ns3:Pace>0.41</ns3:Pace></ns3:TPX></Extensions></Trackpoint><Trackpoint><Time>2025-08-12T21:56:13Z</Time><Position><LatitudeDegrees>-8.05219374</LatitudeDegrees><LongitudeDegrees>-34.94986513</LongitudeDegrees></Position><HeartRateBpm><Value>169</Value></HeartRateBpm><Cadence>88</Cadence><Extensions><ns3:TPX><ns3:Speed>2.430000066757202</ns3:Speed><ns3:Pace>0.41</ns3:Pace></ns3:TPX></Extensions></Trackpoint><Trackpoint><Time>2025-08-12T21:56:14Z</Time><Position><LatitudeDegrees>-8.05219374</LatitudeDegrees><LongitudeDegrees>-34.9498428</LongitudeDegrees></Position><HeartRateBpm><Value>169</Value></HeartRateBpm><Cadence>88</Cadence><Extensions><ns3:TPX><ns3:Speed>2.430000066757202</ns3:Speed><ns3:Pace>0.41</ns3:Pace></ns3:TPX></Extensions></Trackpoint><Trackpoint><Time>2025-08-12T21:56:15Z</Time><Position><LatitudeDegrees>-8.05219309</LatitudeDegrees><LongitudeDegrees>-34.9498208</LongitudeDegrees></Position><HeartRateBpm><Value>169</Value></HeartRateBpm><Cadence>87</Cadence><Extensions><ns3:TPX><ns3:Speed>2.4100000858306885</ns3:Speed><ns3:Pace>0.41</ns3:Pace></ns3:TPX></Extensions></Trackpoint><Trackpoint><Time>2025-08-12T21:56:16Z</Time><Position><LatitudeDegrees>-8.05219175</LatitudeDegrees><LongitudeDegrees>-34.94980014</LongitudeDegrees></Position><HeartRateBpm><Value>168</Value></HeartRateBpm><Cadence>87</Cadence><Extensions><ns3:TPX><ns3:Speed>2.4000000953674316</ns3:Speed><ns3:Pace>0.41</ns3:Pace></ns3:TPX></Extensions></Trackpoint><Trackpoint><Time>2025-08-12T21:56:17Z</Time><Position><LatitudeDegrees>-8.0521891</LatitudeDegrees><LongitudeDegrees>-34.94978148</LongitudeDegrees></Position><HeartRateBpm><Value>167</Value></HeartRateBpm><Cadence>86</Cadence><Extensions><ns3:TPX><ns3:Speed>2.390000104904175</ns3:Speed><ns3:Pace>0.41</ns3:Pace></ns3:TPX></Extensions></Trackpoint><Trackpoint><Time>2025-08-12T21:56:18Z</Time><Position><LatitudeDegrees>-8.05218544</LatitudeDegrees><LongitudeDegrees>-34.94976349</LongitudeDegrees></Position><HeartRateBpm><Value>167</Value></HeartRateBpm><Cadence>87</Cadence><Extensions><ns3:TPX><ns3:Speed>2.390000104904175</ns3:Speed><ns3:Pace>0.41</ns3:Pace></ns3:TPX></Extensions></Trackpoint><Trackpoint><Time>2025-08-12T21:56:19Z</Time><Position><LatitudeDegrees>-8.05218278</LatitudeDegrees><LongitudeDegrees>-34.94974482</LongitudeDegrees></Position><HeartRateBpm><Value>168</Value></HeartRateBpm><Cadence>87</Cadence><Extensions><ns3:TPX><ns3:Speed>2.380000114440918</ns3:Speed><ns3:Pace>0.41</ns3:Pace></ns3:TPX></Extensions></Trackpoint><Trackpoint><Time>2025-08-12T21:56:20Z</Time><Position><LatitudeDegrees>-8.05217978</LatitudeDegrees><LongitudeDegrees>-34.94972383</LongitudeDegrees></Position><HeartRateBpm><Value>168</Value></HeartRateBpm><Cadence>87</Cadence><Extensions><ns3:TPX><ns3:Speed>2.380000114440918</ns3:Speed><ns3:Pace>0.42</ns3:Pace></ns3:TPX></Extensions></Trackpoint><Trackpoint><Time>2025-08-12T21:56:21Z</Time><Position><LatitudeDegrees>-8.05217679</LatitudeDegrees><LongitudeDegrees>-34.94970283</LongitudeDegrees></Position><HeartRateBpm><Value>168</Value></HeartRateBpm><Cadence>87</Cadence><Extensions><ns3:TPX><ns3:Speed>2.369999885559082</ns3:Speed><ns3:Pace>0.42</ns3:Pace></ns3:TPX></Extensions></Trackpoint><Trackpoint><Time>2025-08-12T21:56:22Z</Time><Position><LatitudeDegrees>-8.05217414</LatitudeDegrees><LongitudeDegrees>-34.9496815</LongitudeDegrees></Position><HeartRateBpm><Value>169</Value></HeartRateBpm><Cadence>88</Cadence><Extensions><ns3:TPX><ns3:Speed>2.3499999046325684</ns3:Speed><ns3:Pace>0.42</ns3:Pace></ns3:TPX></Extensions></Trackpoint><Trackpoint><Time>2025-08-12T21:56:23Z</Time><Position><LatitudeDegrees>-8.0521728</LatitudeDegrees><LongitudeDegrees>-34.94965851</LongitudeDegrees></Position><HeartRateBpm><Value>169</Value></HeartRateBpm><Cadence>88</Cadence><Extensions><ns3:TPX><ns3:Speed>2.3499999046325684</ns3:Speed><ns3:Pace>0.42</ns3:Pace></ns3:TPX></Extensions></Trackpoint><Trackpoint><Time>2025-08-12T21:56:24Z</Time><Position><LatitudeDegrees>-8.05217148</LatitudeDegrees><LongitudeDegrees>-34.94963752</LongitudeDegrees></Position><HeartRateBpm><Value>170</Value></HeartRateBpm><Cadence>88</Cadence><Extensions><ns3:TPX><ns3:Speed>2.3499999046325684</ns3:Speed><ns3:Pace>0.42</ns3:Pace></ns3:TPX></Extensions></Trackpoint><Trackpoint><Time>2025-08-12T21:56:25Z</Time><Position><LatitudeDegrees>-8.05217049</LatitudeDegrees><LongitudeDegrees>-34.94961518</LongitudeDegrees></Position><HeartRateBpm><Value>170</Value></HeartRateBpm><Cadence>88</Cadence><Extensions><ns3:TPX><ns3:Speed>2.3499999046325684</ns3:Speed><ns3:Pace>0.42</ns3:Pace></ns3:TPX></Extensions></Trackpoint><Trackpoint><Time>2025-08-12T21:56:26Z</Time><Position><LatitudeDegrees>-8.05217049</LatitudeDegrees><LongitudeDegrees>-34.94959219</LongitudeDegrees></Position><HeartRateBpm><Value>170</Value></HeartRateBpm><Cadence>88</Cadence><Extensions><ns3:TPX><ns3:Speed>2.3499999046325684</ns3:Speed><ns3:Pace>0.42</ns3:Pace></ns3:TPX></Extensions></Trackpoint><Trackpoint><Time>2025-08-12T21:56:27Z</Time><Position><LatitudeDegrees>-8.05217049</LatitudeDegrees><LongitudeDegrees>-34.94957019</LongitudeDegrees></Position><HeartRateBpm><Value>169</Value></HeartRateBpm><Cadence>87</Cadence><Extensions><ns3:TPX><ns3:Speed>2.3499999046325684</ns3:Speed><ns3:Pace>0.42</ns3:Pace></ns3:TPX></Extensions></Trackpoint><Trackpoint><Time>2025-08-12T21:56:28Z</Time><Position><LatitudeDegrees>-8.05217081</LatitudeDegrees><LongitudeDegrees>-34.94954853</LongitudeDegrees></Position><HeartRateBpm><Value>168</Value></HeartRateBpm><Cadence>87</Cadence><Extensions><ns3:TPX><ns3:Speed>2.3499999046325684</ns3:Speed><ns3:Pace>0.42</ns3:Pace></ns3:TPX></Extensions></Trackpoint><Trackpoint><Time>2025-08-12T21:56:29Z</Time><Position><LatitudeDegrees>-8.05217115</LatitudeDegrees><LongitudeDegrees>-34.94952886</LongitudeDegrees></Position><HeartRateBpm><Value>168</Value></HeartRateBpm><Cadence>88</Cadence><Extensions><ns3:TPX><ns3:Speed>2.3499999046325684</ns3:Speed><ns3:Pace>0.42</ns3:Pace></ns3:TPX></Extensions></Trackpoint><Trackpoint><Time>2025-08-12T21:56:30Z</Time><Position><LatitudeDegrees>-8.05216981</LatitudeDegrees><LongitudeDegrees>-34.94950953</LongitudeDegrees></Position><HeartRateBpm><Value>167</Value></HeartRateBpm><Cadence>88</Cadence><Extensions><ns3:TPX><ns3:Speed>2.359999895095825</ns3:Speed><ns3:Pace>0.42</ns3:Pace></ns3:TPX></Extensions></Trackpoint><Trackpoint><Time>2025-08-12T21:56:31Z</Time><Position><LatitudeDegrees>-8.05216948</LatitudeDegrees><LongitudeDegrees>-34.94948986</LongitudeDegrees></Position><HeartRateBpm><Value>167</Value></HeartRateBpm><Cadence>88</Cadence><Extensions><ns3:TPX><ns3:Speed>2.359999895095825</ns3:Speed><ns3:Pace>0.42</ns3:Pace></ns3:TPX></Extensions></Trackpoint><Trackpoint><Time>2025-08-12T21:56:32Z</Time><Position><LatitudeDegrees>-8.05216916</LatitudeDegrees><LongitudeDegrees>-34.94947019</LongitudeDegrees></Position><HeartRateBpm><Value>167</Value></HeartRateBpm><Cadence>88</Cadence><Extensions><ns3:TPX><ns3:Speed>2.359999895095825</ns3:Speed><ns3:Pace>0.42</ns3:Pace></ns3:TPX></Extensions></Trackpoint><Trackpoint><Time>2025-08-12T21:56:33Z</Time><Position><LatitudeDegrees>-8.05216948</LatitudeDegrees><LongitudeDegrees>-34.94945087</LongitudeDegrees></Position><HeartRateBpm><Value>166</Value></HeartRateBpm><Cadence>89</Cadence><Extensions><ns3:TPX><ns3:Speed>2.359999895095825</ns3:Speed><ns3:Pace>0.42</ns3:Pace></ns3:TPX></Extensions></Trackpoint><Trackpoint><Time>2025-08-12T21:56:34Z</Time><Position><LatitudeDegrees>-8.05217048</LatitudeDegrees><LongitudeDegrees>-34.94943087</LongitudeDegrees></Position><HeartRateBpm><Value>166</Value></HeartRateBpm><Cadence>88</Cadence><Extensions><ns3:TPX><ns3:Speed>2.359999895095825</ns3:Speed><ns3:Pace>0.42</ns3:Pace></ns3:TPX></Extensions></Trackpoint><Trackpoint><Time>2025-08-12T21:56:35Z</Time><Position><LatitudeDegrees>-8.05217048</LatitudeDegrees><LongitudeDegrees>-34.94940788</LongitudeDegrees></Position><HeartRateBpm><Value>167</Value></HeartRateBpm><Cadence>88</Cadence><Extensions><ns3:TPX><ns3:Speed>2.359999895095825</ns3:Speed><ns3:Pace>0.42</ns3:Pace></ns3:TPX></Extensions></Trackpoint><Trackpoint><Time>2025-08-12T21:56:36Z</Time><Position><LatitudeDegrees>-8.05217048</LatitudeDegrees><LongitudeDegrees>-34.94938456</LongitudeDegrees></Position><HeartRateBpm><Value>168</Value></HeartRateBpm><Cadence>88</Cadence><Extensions><ns3:TPX><ns3:Speed>2.3499999046325684</ns3:Speed><ns3:Pace>0.42</ns3:Pace></ns3:TPX></Extensions></Trackpoint><Trackpoint><Time>2025-08-12T21:56:37Z</Time><Position><LatitudeDegrees>-8.05216981</LatitudeDegrees><LongitudeDegrees>-34.94936056</LongitudeDegrees></Position><HeartRateBpm><Value>169</Value></HeartRateBpm><Cadence>88</Cadence><Extensions><ns3:TPX><ns3:Speed>2.3499999046325684</ns3:Speed><ns3:Pace>0.42</ns3:Pace></ns3:TPX></Extensions></Trackpoint><Trackpoint><Time>2025-08-12T21:56:38Z</Time><Position><LatitudeDegrees>-8.05217147</LatitudeDegrees><LongitudeDegrees>-34.94933623</LongitudeDegrees></Position><HeartRateBpm><Value>169</Value></HeartRateBpm><Cadence>88</Cadence><Extensions><ns3:TPX><ns3:Speed>2.3499999046325684</ns3:Speed><ns3:Pace>0.42</ns3:Pace></ns3:TPX></Extensions></Trackpoint><Trackpoint><Time>2025-08-12T21:56:39Z</Time><Position><LatitudeDegrees>-8.05217447</LatitudeDegrees><LongitudeDegrees>-34.94931457</LongitudeDegrees></Position><HeartRateBpm><Value>169</Value></HeartRateBpm><Cadence>88</Cadence><Extensions><ns3:TPX><ns3:Speed>2.3499999046325684</ns3:Speed><ns3:Pace>0.42</ns3:Pace></ns3:TPX></Extensions></Trackpoint><Trackpoint><Time>2025-08-12T21:56:40Z</Time><Position><LatitudeDegrees>-8.05217414</LatitudeDegrees><LongitudeDegrees>-34.94929091</LongitudeDegrees></Position><HeartRateBpm><Value>168</Value></HeartRateBpm><Cadence>89</Cadence><Extensions><ns3:TPX><ns3:Speed>2.3499999046325684</ns3:Speed><ns3:Pace>0.42</ns3:Pace></ns3:TPX></Extensions></Trackpoint><Trackpoint><Time>2025-08-12T21:56:41Z</Time><Position><LatitudeDegrees>-8.0521708</LatitudeDegrees><LongitudeDegrees>-34.94926825</LongitudeDegrees></Position><HeartRateBpm><Value>168</Value></HeartRateBpm><Cadence>88</Cadence><Extensions><ns3:TPX><ns3:Speed>2.3499999046325684</ns3:Speed><ns3:Pace>0.42</ns3:Pace></ns3:TPX></Extensions></Trackpoint><Trackpoint><Time>2025-08-12T21:56:42Z</Time><Position><LatitudeDegrees>-8.05216615</LatitudeDegrees><LongitudeDegrees>-34.94924459</LongitudeDegrees></Position><HeartRateBpm><Value>168</Value></HeartRateBpm><Cadence>88</Cadence><Extensions><ns3:TPX><ns3:Speed>2.3499999046325684</ns3:Speed><ns3:Pace>0.42</ns3:Pace></ns3:TPX></Extensions></Trackpoint><Trackpoint><Time>2025-08-12T21:56:43Z</Time><Position><LatitudeDegrees>-8.05216248</LatitudeDegrees><LongitudeDegrees>-34.94922293</LongitudeDegrees></Position><HeartRateBpm><Value>168</Value></HeartRateBpm><Cadence>89</Cadence><Extensions><ns3:TPX><ns3:Speed>2.3499999046325684</ns3:Speed><ns3:Pace>0.42</ns3:Pace></ns3:TPX></Extensions></Trackpoint><Trackpoint><Time>2025-08-12T21:56:44Z</Time><Position><LatitudeDegrees>-8.05215849</LatitudeDegrees><LongitudeDegrees>-34.94919993</LongitudeDegrees></Position><HeartRateBpm><Value>168</Value></HeartRateBpm><Cadence>89</Cadence><Extensions><ns3:TPX><ns3:Speed>2.3499999046325684</ns3:Speed><ns3:Pace>0.42</ns3:Pace></ns3:TPX></Extensions></Trackpoint><Trackpoint><Time>2025-08-12T21:56:45Z</Time><Position><LatitudeDegrees>-8.05215416</LatitudeDegrees><LongitudeDegrees>-34.94917594</LongitudeDegrees></Position><HeartRateBpm><Value>168</Value></HeartRateBpm><Cadence>88</Cadence><Extensions><ns3:TPX><ns3:Speed>2.359999895095825</ns3:Speed><ns3:Pace>0.42</ns3:Pace></ns3:TPX></Extensions></Trackpoint><Trackpoint><Time>2025-08-12T21:56:46Z</Time><Position><LatitudeDegrees>-8.05214983</LatitudeDegrees><LongitudeDegrees>-34.94915261</LongitudeDegrees></Position><HeartRateBpm><Value>169</Value></HeartRateBpm><Cadence>88</Cadence><Extensions><ns3:TPX><ns3:Speed>2.359999895095825</ns3:Speed><ns3:Pace>0.42</ns3:Pace></ns3:TPX></Extensions></Trackpoint><Trackpoint><Time>2025-08-12T21:56:47Z</Time><Position><LatitudeDegrees>-8.0521465</LatitudeDegrees><LongitudeDegrees>-34.94913028</LongitudeDegrees></Position><HeartRateBpm><Value>170</Value></HeartRateBpm><Cadence>88</Cadence><Extensions><ns3:TPX><ns3:Speed>2.359999895095825</ns3:Speed><ns3:Pace>0.42</ns3:Pace></ns3:TPX></Extensions></Trackpoint><Trackpoint><Time>2025-08-12T21:56:48Z</Time><Position><LatitudeDegrees>-8.05214183</LatitudeDegrees><LongitudeDegrees>-34.94910462</LongitudeDegrees></Position><HeartRateBpm><Value>170</Value></HeartRateBpm><Cadence>88</Cadence><Extensions><ns3:TPX><ns3:Speed>2.369999885559082</ns3:Speed><ns3:Pace>0.42</ns3:Pace></ns3:TPX></Extensions></Trackpoint><Trackpoint><Time>2025-08-12T21:56:49Z</Time><Position><LatitudeDegrees>-8.05213751</LatitudeDegrees><LongitudeDegrees>-34.94907563</LongitudeDegrees></Position><HeartRateBpm><Value>170</Value></HeartRateBpm><Cadence>89</Cadence><Extensions><ns3:TPX><ns3:Speed>2.369999885559082</ns3:Speed><ns3:Pace>0.42</ns3:Pace></ns3:TPX></Extensions></Trackpoint><Trackpoint><Time>2025-08-12T21:56:50Z</Time><Position><LatitudeDegrees>-8.05213418</LatitudeDegrees><LongitudeDegrees>-34.94904864</LongitudeDegrees></Position><HeartRateBpm><Value>170</Value></HeartRateBpm><Cadence>89</Cadence><Extensions><ns3:TPX><ns3:Speed>2.369999885559082</ns3:Speed><ns3:Pace>0.42</ns3:Pace></ns3:TPX></Extensions></Trackpoint><Trackpoint><Time>2025-08-12T21:56:51Z</Time><Position><LatitudeDegrees>-8.05213385</LatitudeDegrees><LongitudeDegrees>-34.94902264</LongitudeDegrees></Position><HeartRateBpm><Value>170</Value></HeartRateBpm><Cadence>89</Cadence><Extensions><ns3:TPX><ns3:Speed>2.380000114440918</ns3:Speed><ns3:Pace>0.41</ns3:Pace></ns3:TPX></Extensions></Trackpoint><Trackpoint><Time>2025-08-12T21:56:52Z</Time><Position><LatitudeDegrees>-8.05213551</LatitudeDegrees><LongitudeDegrees>-34.94899931</LongitudeDegrees></Position><HeartRateBpm><Value>169</Value></HeartRateBpm><Cadence>89</Cadence><Extensions><ns3:TPX><ns3:Speed>2.380000114440918</ns3:Speed><ns3:Pace>0.41</ns3:Pace></ns3:TPX></Extensions></Trackpoint><Trackpoint><Time>2025-08-12T21:56:53Z</Time><Position><LatitudeDegrees>-8.05213751</LatitudeDegrees><LongitudeDegrees>-34.94897532</LongitudeDegrees></Position><HeartRateBpm><Value>169</Value></HeartRateBpm><Cadence>88</Cadence><Extensions><ns3:TPX><ns3:Speed>2.390000104904175</ns3:Speed><ns3:Pace>0.41</ns3:Pace></ns3:TPX></Extensions></Trackpoint><Trackpoint><Time>2025-08-12T21:56:54Z</Time><Position><LatitudeDegrees>-8.05213951</LatitudeDegrees><LongitudeDegrees>-34.94895332</LongitudeDegrees></Position><HeartRateBpm><Value>169</Value></HeartRateBpm><Cadence>88</Cadence><Extensions><ns3:TPX><ns3:Speed>2.4000000953674316</ns3:Speed><ns3:Pace>0.41</ns3:Pace></ns3:TPX></Extensions></Trackpoint><Trackpoint><Time>2025-08-12T21:56:55Z</Time><Position><LatitudeDegrees>-8.05213983</LatitudeDegrees><LongitudeDegrees>-34.94893099</LongitudeDegrees></Position><HeartRateBpm><Value>169</Value></HeartRateBpm><Cadence>88</Cadence><Extensions><ns3:TPX><ns3:Speed>2.4000000953674316</ns3:Speed><ns3:Pace>0.41</ns3:Pace></ns3:TPX></Extensions></Trackpoint><Trackpoint><Time>2025-08-12T21:56:56Z</Time><Position><LatitudeDegrees>-8.05214017</LatitudeDegrees><LongitudeDegrees>-34.94890932</LongitudeDegrees></Position><HeartRateBpm><Value>169</Value></HeartRateBpm><Cadence>88</Cadence><Extensions><ns3:TPX><ns3:Speed>2.4000000953674316</ns3:Speed><ns3:Pace>0.41</ns3:Pace></ns3:TPX></Extensions></Trackpoint><Trackpoint><Time>2025-08-12T21:56:57Z</Time><Position><LatitudeDegrees>-8.05213917</LatitudeDegrees><LongitudeDegrees>-34.948886</LongitudeDegrees></Position><HeartRateBpm><Value>168</Value></HeartRateBpm><Cadence>88</Cadence><Extensions><ns3:TPX><ns3:Speed>2.4100000858306885</ns3:Speed><ns3:Pace>0.41</ns3:Pace></ns3:TPX></Extensions></Trackpoint><Trackpoint><Time>2025-08-12T21:56:58Z</Time><Position><LatitudeDegrees>-8.05213884</LatitudeDegrees><LongitudeDegrees>-34.948862</LongitudeDegrees></Position><HeartRateBpm><Value>167</Value></HeartRateBpm><Cadence>87</Cadence><Extensions><ns3:TPX><ns3:Speed>2.4200000762939453</ns3:Speed><ns3:Pace>0.41</ns3:Pace></ns3:TPX></Extensions></Trackpoint><Trackpoint><Time>2025-08-12T21:56:59Z</Time><Position><LatitudeDegrees>-8.0521405</LatitudeDegrees><LongitudeDegrees>-34.94883834</LongitudeDegrees></Position><HeartRateBpm><Value>167</Value></HeartRateBpm><Cadence>88</Cadence><Extensions><ns3:TPX><ns3:Speed>2.4200000762939453</ns3:Speed><ns3:Pace>0.41</ns3:Pace></ns3:TPX></Extensions></Trackpoint><Trackpoint><Time>2025-08-12T21:57:00Z</Time><Position><LatitudeDegrees>-8.05214317</LatitudeDegrees><LongitudeDegrees>-34.94881535</LongitudeDegrees></Position><HeartRateBpm><Value>167</Value></HeartRateBpm><Cadence>88</Cadence><Extensions><ns3:TPX><ns3:Speed>2.430000066757202</ns3:Speed><ns3:Pace>0.41</ns3:Pace></ns3:TPX></Extensions></Trackpoint><Trackpoint><Time>2025-08-12T21:57:01Z</Time><Position><LatitudeDegrees>-8.05214549</LatitudeDegrees><LongitudeDegrees>-34.94879102</LongitudeDegrees></Position><HeartRateBpm><Value>166</Value></HeartRateBpm><Cadence>88</Cadence><Extensions><ns3:TPX><ns3:Speed>2.430000066757202</ns3:Speed><ns3:Pace>0.41</ns3:Pace></ns3:TPX></Extensions></Trackpoint><Trackpoint><Time>2025-08-12T21:57:02Z</Time><Position><LatitudeDegrees>-8.05214915</LatitudeDegrees><LongitudeDegrees>-34.94876935</LongitudeDegrees></Position><HeartRateBpm><Value>166</Value></HeartRateBpm><Cadence>88</Cadence><Extensions><ns3:TPX><ns3:Speed>2.430000066757202</ns3:Speed><ns3:Pace>0.4</ns3:Pace></ns3:TPX></Extensions></Trackpoint><Trackpoint><Time>2025-08-12T21:57:03Z</Time><Position><LatitudeDegrees>-8.05215348</LatitudeDegrees><LongitudeDegrees>-34.94874603</LongitudeDegrees></Position><HeartRateBpm><Value>165</Value></HeartRateBpm><Cadence>88</Cadence><Extensions><ns3:TPX><ns3:Speed>2.440000057220459</ns3:Speed><ns3:Pace>0.4</ns3:Pace></ns3:TPX></Extensions></Trackpoint><Trackpoint><Time>2025-08-12T21:57:04Z</Time><Position><LatitudeDegrees>-8.05215614</LatitudeDegrees><LongitudeDegrees>-34.94871903</LongitudeDegrees></Position><HeartRateBpm><Value>164</Value></HeartRateBpm><Cadence>89</Cadence><Extensions><ns3:TPX><ns3:Speed>2.450000047683716</ns3:Speed><ns3:Pace>0.4</ns3:Pace></ns3:TPX></Extensions></Trackpoint><Trackpoint><Time>2025-08-12T21:57:05Z</Time><Position><LatitudeDegrees>-8.0521598</LatitudeDegrees><LongitudeDegrees>-34.94869237</LongitudeDegrees></Position><HeartRateBpm><Value>163</Value></HeartRateBpm><Cadence>89</Cadence><Extensions><ns3:TPX><ns3:Speed>2.450000047683716</ns3:Speed><ns3:Pace>0.4</ns3:Pace></ns3:TPX></Extensions></Trackpoint><Trackpoint><Time>2025-08-12T21:57:06Z</Time><Position><LatitudeDegrees>-8.05216279</LatitudeDegrees><LongitudeDegrees>-34.94866705</LongitudeDegrees></Position><HeartRateBpm><Value>163</Value></HeartRateBpm><Cadence>89</Cadence><Extensions><ns3:TPX><ns3:Speed>2.4600000381469727</ns3:Speed><ns3:Pace>0.4</ns3:Pace></ns3:TPX></Extensions></Trackpoint><Trackpoint><Time>2025-08-12T21:57:07Z</Time><Position><LatitudeDegrees>-8.05216613</LatitudeDegrees><LongitudeDegrees>-34.94864272</LongitudeDegrees></Position><HeartRateBpm><Value>163</Value></HeartRateBpm><Cadence>88</Cadence><Extensions><ns3:TPX><ns3:Speed>2.4600000381469727</ns3:Speed><ns3:Pace>0.4</ns3:Pace></ns3:TPX></Extensions></Trackpoint><Trackpoint><Time>2025-08-12T21:57:08Z</Time><Position><LatitudeDegrees>-8.05216912</LatitudeDegrees><LongitudeDegrees>-34.94862038</LongitudeDegrees></Position><HeartRateBpm><Value>163</Value></HeartRateBpm><Cadence>88</Cadence><Extensions><ns3:TPX><ns3:Speed>2.4600000381469727</ns3:Speed><ns3:Pace>0.4</ns3:Pace></ns3:TPX></Extensions></Trackpoint><Trackpoint><Time>2025-08-12T21:57:09Z</Time><Position><LatitudeDegrees>-8.05217112</LatitudeDegrees><LongitudeDegrees>-34.94859339</LongitudeDegrees></Position><HeartRateBpm><Value>163</Value></HeartRateBpm><Cadence>88</Cadence><Extensions><ns3:TPX><ns3:Speed>2.4700000286102295</ns3:Speed><ns3:Pace>0.4</ns3:Pace></ns3:TPX></Extensions></Trackpoint><Trackpoint><Time>2025-08-12T21:57:10Z</Time><Position><LatitudeDegrees>-8.05217311</LatitudeDegrees><LongitudeDegrees>-34.94856774</LongitudeDegrees></Position><HeartRateBpm><Value>163</Value></HeartRateBpm><Cadence>88</Cadence><Extensions><ns3:TPX><ns3:Speed>2.4800000190734863</ns3:Speed><ns3:Pace>0.4</ns3:Pace></ns3:TPX></Extensions></Trackpoint><Trackpoint><Time>2025-08-12T21:57:11Z</Time><Position><LatitudeDegrees>-8.05217444</LatitudeDegrees><LongitudeDegrees>-34.94854508</LongitudeDegrees></Position><HeartRateBpm><Value>163</Value></HeartRateBpm><Cadence>88</Cadence><Extensions><ns3:TPX><ns3:Speed>2.4800000190734863</ns3:Speed><ns3:Pace>0.4</ns3:Pace></ns3:TPX></Extensions></Trackpoint><Trackpoint><Time>2025-08-12T21:57:12Z</Time><Position><LatitudeDegrees>-8.05217576</LatitudeDegrees><LongitudeDegrees>-34.94852375</LongitudeDegrees></Position><HeartRateBpm><Value>163</Value></HeartRateBpm><Cadence>88</Cadence><Extensions><ns3:TPX><ns3:Speed>2.5</ns3:Speed><ns3:Pace>0.39</ns3:Pace></ns3:TPX></Extensions></Trackpoint><Trackpoint><Time>2025-08-12T21:57:13Z</Time><Position><LatitudeDegrees>-8.05217842</LatitudeDegrees><LongitudeDegrees>-34.94850276</LongitudeDegrees></Position><HeartRateBpm><Value>162</Value></HeartRateBpm><Cadence>88</Cadence><Extensions><ns3:TPX><ns3:Speed>2.5</ns3:Speed><ns3:Pace>0.39</ns3:Pace></ns3:TPX></Extensions></Trackpoint><Trackpoint><Time>2025-08-12T21:57:14Z</Time><Position><LatitudeDegrees>-8.05218175</LatitudeDegrees><LongitudeDegrees>-34.94847876</LongitudeDegrees></Position><HeartRateBpm><Value>162</Value></HeartRateBpm><Cadence>88</Cadence><Extensions><ns3:TPX><ns3:Speed>2.5</ns3:Speed><ns3:Pace>0.39</ns3:Pace></ns3:TPX></Extensions></Trackpoint><Trackpoint><Time>2025-08-12T21:57:15Z</Time><Position><LatitudeDegrees>-8.05218609</LatitudeDegrees><LongitudeDegrees>-34.9484551</LongitudeDegrees></Position><HeartRateBpm><Value>162</Value></HeartRateBpm><Cadence>88</Cadence><Extensions><ns3:TPX><ns3:Speed>2.509999990463257</ns3:Speed><ns3:Pace>0.39</ns3:Pace></ns3:TPX></Extensions></Trackpoint><Trackpoint><Time>2025-08-12T21:57:16Z</Time><Position><LatitudeDegrees>-8.05218908</LatitudeDegrees><LongitudeDegrees>-34.9484321</LongitudeDegrees></Position><HeartRateBpm><Value>164</Value></HeartRateBpm><Cadence>88</Cadence><Extensions><ns3:TPX><ns3:Speed>2.509999990463257</ns3:Speed><ns3:Pace>0.39</ns3:Pace></ns3:TPX></Extensions></Trackpoint><Trackpoint><Time>2025-08-12T21:57:17Z</Time><Position><LatitudeDegrees>-8.05219173</LatitudeDegrees><LongitudeDegrees>-34.94840778</LongitudeDegrees></Position><HeartRateBpm><Value>164</Value></HeartRateBpm><Cadence>89</Cadence><Extensions><ns3:TPX><ns3:Speed>2.509999990463257</ns3:Speed><ns3:Pace>0.39</ns3:Pace></ns3:TPX></Extensions></Trackpoint><Trackpoint><Time>2025-08-12T21:57:18Z</Time><Position><LatitudeDegrees>-8.0521944</LatitudeDegrees><LongitudeDegrees>-34.94838244</LongitudeDegrees></Position><HeartRateBpm><Value>164</Value></HeartRateBpm><Cadence>88</Cadence><Extensions><ns3:TPX><ns3:Speed>2.509999990463257</ns3:Speed><ns3:Pace>0.39</ns3:Pace></ns3:TPX></Extensions></Trackpoint><Trackpoint><Time>2025-08-12T21:57:19Z</Time><Position><LatitudeDegrees>-8.05220072</LatitudeDegrees><LongitudeDegrees>-34.94835844</LongitudeDegrees></Position><HeartRateBpm><Value>165</Value></HeartRateBpm><Cadence>89</Cadence><Extensions><ns3:TPX><ns3:Speed>2.509999990463257</ns3:Speed><ns3:Pace>0.39</ns3:Pace></ns3:TPX></Extensions></Trackpoint><Trackpoint><Time>2025-08-12T21:57:20Z</Time><Position><LatitudeDegrees>-8.05220706</LatitudeDegrees><LongitudeDegrees>-34.94833712</LongitudeDegrees></Position><HeartRateBpm><Value>165</Value></HeartRateBpm><Cadence>89</Cadence><Extensions><ns3:TPX><ns3:Speed>2.509999990463257</ns3:Speed><ns3:Pace>0.39</ns3:Pace></ns3:TPX></Extensions></Trackpoint><Trackpoint><Time>2025-08-12T21:57:21Z</Time><Position><LatitudeDegrees>-8.05221406</LatitudeDegrees><LongitudeDegrees>-34.94831612</LongitudeDegrees></Position><HeartRateBpm><Value>165</Value></HeartRateBpm><Cadence>89</Cadence><Extensions><ns3:TPX><ns3:Speed>2.509999990463257</ns3:Speed><ns3:Pace>0.39</ns3:Pace></ns3:TPX></Extensions></Trackpoint><Trackpoint><Time>2025-08-12T21:57:22Z</Time><Position><LatitudeDegrees>-8.05221872</LatitudeDegrees><LongitudeDegrees>-34.94829246</LongitudeDegrees></Position><HeartRateBpm><Value>165</Value></HeartRateBpm><Cadence>89</Cadence><Extensions><ns3:TPX><ns3:Speed>2.5199999809265137</ns3:Speed><ns3:Pace>0.39</ns3:Pace></ns3:TPX></Extensions></Trackpoint><Trackpoint><Time>2025-08-12T21:57:23Z</Time><Position><LatitudeDegrees>-8.05222271</LatitudeDegrees><LongitudeDegrees>-34.94826813</LongitudeDegrees></Position><HeartRateBpm><Value>165</Value></HeartRateBpm><Cadence>89</Cadence><Extensions><ns3:TPX><ns3:Speed>2.5199999809265137</ns3:Speed><ns3:Pace>0.39</ns3:Pace></ns3:TPX></Extensions></Trackpoint><Trackpoint><Time>2025-08-12T21:57:24Z</Time><Position><LatitudeDegrees>-8.05222571</LatitudeDegrees><LongitudeDegrees>-34.94824514</LongitudeDegrees></Position><HeartRateBpm><Value>165</Value></HeartRateBpm><Cadence>88</Cadence><Extensions><ns3:TPX><ns3:Speed>2.5199999809265137</ns3:Speed><ns3:Pace>0.39</ns3:Pace></ns3:TPX></Extensions></Trackpoint><Trackpoint><Time>2025-08-12T21:57:25Z</Time><Position><LatitudeDegrees>-8.0522277</LatitudeDegrees><LongitudeDegrees>-34.94822215</LongitudeDegrees></Position><HeartRateBpm><Value>165</Value></HeartRateBpm><Cadence>88</Cadence><Extensions><ns3:TPX><ns3:Speed>2.5299999713897705</ns3:Speed><ns3:Pace>0.39</ns3:Pace></ns3:TPX></Extensions></Trackpoint><Trackpoint><Time>2025-08-12T21:57:26Z</Time><Position><LatitudeDegrees>-8.0522307</LatitudeDegrees><LongitudeDegrees>-34.94819782</LongitudeDegrees></Position><HeartRateBpm><Value>164</Value></HeartRateBpm><Cadence>89</Cadence><Extensions><ns3:TPX><ns3:Speed>2.5299999713897705</ns3:Speed><ns3:Pace>0.39</ns3:Pace></ns3:TPX></Extensions></Trackpoint><Trackpoint><Time>2025-08-12T21:57:27Z</Time><Position><LatitudeDegrees>-8.05223436</LatitudeDegrees><LongitudeDegrees>-34.94817582</LongitudeDegrees></Position><HeartRateBpm><Value>164</Value></HeartRateBpm><Cadence>89</Cadence><Extensions><ns3:TPX><ns3:Speed>2.5299999713897705</ns3:Speed><ns3:Pace>0.39</ns3:Pace></ns3:TPX></Extensions></Trackpoint><Trackpoint><Time>2025-08-12T21:57:28Z</Time><Position><LatitudeDegrees>-8.05223668</LatitudeDegrees><LongitudeDegrees>-34.94815183</LongitudeDegrees></Position><HeartRateBpm><Value>165</Value></HeartRateBpm><Cadence>88</Cadence><Extensions><ns3:TPX><ns3:Speed>2.5299999713897705</ns3:Speed><ns3:Pace>0.39</ns3:Pace></ns3:TPX></Extensions></Trackpoint><Trackpoint><Time>2025-08-12T21:57:29Z</Time><Position><LatitudeDegrees>-8.05223802</LatitudeDegrees><LongitudeDegrees>-34.94812716</LongitudeDegrees></Position><HeartRateBpm><Value>165</Value></HeartRateBpm><Cadence>88</Cadence><Extensions><ns3:TPX><ns3:Speed>2.5299999713897705</ns3:Speed><ns3:Pace>0.39</ns3:Pace></ns3:TPX></Extensions></Trackpoint><Trackpoint><Time>2025-08-12T21:57:30Z</Time><Position><LatitudeDegrees>-8.05223934</LatitudeDegrees><LongitudeDegrees>-34.94810317</LongitudeDegrees></Position><HeartRateBpm><Value>166</Value></HeartRateBpm><Cadence>88</Cadence><Extensions><ns3:TPX><ns3:Speed>2.5399999618530273</ns3:Speed><ns3:Pace>0.39</ns3:Pace></ns3:TPX></Extensions></Trackpoint><Trackpoint><Time>2025-08-12T21:57:31Z</Time><Position><LatitudeDegrees>-8.05224066</LatitudeDegrees><LongitudeDegrees>-34.9480795</LongitudeDegrees></Position><HeartRateBpm><Value>167</Value></HeartRateBpm><Cadence>88</Cadence><Extensions><ns3:TPX><ns3:Speed>2.549999952316284</ns3:Speed><ns3:Pace>0.39</ns3:Pace></ns3:TPX></Extensions></Trackpoint><Trackpoint><Time>2025-08-12T21:57:32Z</Time><Position><LatitudeDegrees>-8.05224165</LatitudeDegrees><LongitudeDegrees>-34.94805585</LongitudeDegrees></Position><HeartRateBpm><Value>167</Value></HeartRateBpm><Cadence>88</Cadence><Extensions><ns3:TPX><ns3:Speed>2.549999952316284</ns3:Speed><ns3:Pace>0.39</ns3:Pace></ns3:TPX></Extensions></Trackpoint><Trackpoint><Time>2025-08-12T21:57:33Z</Time><Position><LatitudeDegrees>-8.05224265</LatitudeDegrees><LongitudeDegrees>-34.94803151</LongitudeDegrees></Position><HeartRateBpm><Value>167</Value></HeartRateBpm><Cadence>88</Cadence><Extensions><ns3:TPX><ns3:Speed>2.549999952316284</ns3:Speed><ns3:Pace>0.39</ns3:Pace></ns3:TPX></Extensions></Trackpoint><Trackpoint><Time>2025-08-12T21:57:34Z</Time><Position><LatitudeDegrees>-8.05224232</LatitudeDegrees><LongitudeDegrees>-34.94800852</LongitudeDegrees></Position><HeartRateBpm><Value>168</Value></HeartRateBpm><Cadence>88</Cadence><Extensions><ns3:TPX><ns3:Speed>2.549999952316284</ns3:Speed><ns3:Pace>0.39</ns3:Pace></ns3:TPX></Extensions></Trackpoint><Trackpoint><Time>2025-08-12T21:57:35Z</Time><Position><LatitudeDegrees>-8.05224066</LatitudeDegrees><LongitudeDegrees>-34.94798553</LongitudeDegrees></Position><HeartRateBpm><Value>168</Value></HeartRateBpm><Cadence>88</Cadence><Extensions><ns3:TPX><ns3:Speed>2.549999952316284</ns3:Speed><ns3:Pace>0.39</ns3:Pace></ns3:TPX></Extensions></Trackpoint><Trackpoint><Time>2025-08-12T21:57:36Z</Time><Position><LatitudeDegrees>-8.05223934</LatitudeDegrees><LongitudeDegrees>-34.94796288</LongitudeDegrees></Position><HeartRateBpm><Value>168</Value></HeartRateBpm><Cadence>88</Cadence><Extensions><ns3:TPX><ns3:Speed>2.559999942779541</ns3:Speed><ns3:Pace>0.39</ns3:Pace></ns3:TPX></Extensions></Trackpoint><Trackpoint><Time>2025-08-12T21:57:37Z</Time><Position><LatitudeDegrees>-8.05223901</LatitudeDegrees><LongitudeDegrees>-34.94793954</LongitudeDegrees></Position><HeartRateBpm><Value>168</Value></HeartRateBpm><Cadence>89</Cadence><Extensions><ns3:TPX><ns3:Speed>2.559999942779541</ns3:Speed><ns3:Pace>0.39</ns3:Pace></ns3:TPX></Extensions></Trackpoint><Trackpoint><Time>2025-08-12T21:57:38Z</Time><Position><LatitudeDegrees>-8.05224001</LatitudeDegrees><LongitudeDegrees>-34.94791622</LongitudeDegrees></Position><HeartRateBpm><Value>168</Value></HeartRateBpm><Cadence>89</Cadence><Extensions><ns3:TPX><ns3:Speed>2.559999942779541</ns3:Speed><ns3:Pace>0.39</ns3:Pace></ns3:TPX></Extensions></Trackpoint><Trackpoint><Time>2025-08-12T21:57:39Z</Time><Position><LatitudeDegrees>-8.052241</LatitudeDegrees><LongitudeDegrees>-34.94789223</LongitudeDegrees></Position><HeartRateBpm><Value>168</Value></HeartRateBpm><Cadence>89</Cadence><Extensions><ns3:TPX><ns3:Speed>2.559999942779541</ns3:Speed><ns3:Pace>0.38</ns3:Pace></ns3:TPX></Extensions></Trackpoint><Trackpoint><Time>2025-08-12T21:57:40Z</Time><Position><LatitudeDegrees>-8.052242</LatitudeDegrees><LongitudeDegrees>-34.9478699</LongitudeDegrees></Position><HeartRateBpm><Value>170</Value></HeartRateBpm><Cadence>88</Cadence><Extensions><ns3:TPX><ns3:Speed>2.569999933242798</ns3:Speed><ns3:Pace>0.38</ns3:Pace></ns3:TPX></Extensions></Trackpoint><Trackpoint><Time>2025-08-12T21:57:41Z</Time><Position><LatitudeDegrees>-8.05224399</LatitudeDegrees><LongitudeDegrees>-34.9478459</LongitudeDegrees></Position><HeartRateBpm><Value>170</Value></HeartRateBpm><Cadence>88</Cadence><Extensions><ns3:TPX><ns3:Speed>2.569999933242798</ns3:Speed><ns3:Pace>0.38</ns3:Pace></ns3:TPX></Extensions></Trackpoint><Trackpoint><Time>2025-08-12T21:57:42Z</Time><Position><LatitudeDegrees>-8.05224499</LatitudeDegrees><LongitudeDegrees>-34.94782324</LongitudeDegrees></Position><HeartRateBpm><Value>168</Value></HeartRateBpm><Cadence>88</Cadence><Extensions><ns3:TPX><ns3:Speed>2.569999933242798</ns3:Speed><ns3:Pace>0.38</ns3:Pace></ns3:TPX></Extensions></Trackpoint><Trackpoint><Time>2025-08-12T21:57:43Z</Time><Position><LatitudeDegrees>-8.05224333</LatitudeDegrees><LongitudeDegrees>-34.94780191</LongitudeDegrees></Position><HeartRateBpm><Value>168</Value></HeartRateBpm><Cadence>88</Cadence><Extensions><ns3:TPX><ns3:Speed>2.569999933242798</ns3:Speed><ns3:Pace>0.38</ns3:Pace></ns3:TPX></Extensions></Trackpoint><Trackpoint><Time>2025-08-12T21:57:44Z</Time><Position><LatitudeDegrees>-8.05223866</LatitudeDegrees><LongitudeDegrees>-34.94778325</LongitudeDegrees></Position><HeartRateBpm><Value>168</Value></HeartRateBpm><Cadence>88</Cadence><Extensions><ns3:TPX><ns3:Speed>2.569999933242798</ns3:Speed><ns3:Pace>0.38</ns3:Pace></ns3:TPX></Extensions></Trackpoint><Trackpoint><Time>2025-08-12T21:57:45Z</Time><Position><LatitudeDegrees>-8.05223234</LatitudeDegrees><LongitudeDegrees>-34.94776492</LongitudeDegrees></Position><HeartRateBpm><Value>168</Value></HeartRateBpm><Cadence>88</Cadence><Extensions><ns3:TPX><ns3:Speed>2.569999933242798</ns3:Speed><ns3:Pace>0.38</ns3:Pace></ns3:TPX></Extensions></Trackpoint><Trackpoint><Time>2025-08-12T21:57:46Z</Time><Position><LatitudeDegrees>-8.05222568</LatitudeDegrees><LongitudeDegrees>-34.94774626</LongitudeDegrees></Position><HeartRateBpm><Value>168</Value></HeartRateBpm><Cadence>88</Cadence><Extensions><ns3:TPX><ns3:Speed>2.569999933242798</ns3:Speed><ns3:Pace>0.38</ns3:Pace></ns3:TPX></Extensions></Trackpoint><Trackpoint><Time>2025-08-12T21:57:47Z</Time><Position><LatitudeDegrees>-8.05221735</LatitudeDegrees><LongitudeDegrees>-34.94772826</LongitudeDegrees></Position><HeartRateBpm><Value>169</Value></HeartRateBpm><Cadence>87</Cadence><Extensions><ns3:TPX><ns3:Speed>2.569999933242798</ns3:Speed><ns3:Pace>0.39</ns3:Pace></ns3:TPX></Extensions></Trackpoint><Trackpoint><Time>2025-08-12T21:57:48Z</Time><Position><LatitudeDegrees>-8.05220968</LatitudeDegrees><LongitudeDegrees>-34.94770994</LongitudeDegrees></Position><HeartRateBpm><Value>169</Value></HeartRateBpm><Cadence>88</Cadence><Extensions><ns3:TPX><ns3:Speed>2.559999942779541</ns3:Speed><ns3:Pace>0.39</ns3:Pace></ns3:TPX></Extensions></Trackpoint><Trackpoint><Time>2025-08-12T21:57:49Z</Time><Position><LatitudeDegrees>-8.05220368</LatitudeDegrees><LongitudeDegrees>-34.94768961</LongitudeDegrees></Position><HeartRateBpm><Value>169</Value></HeartRateBpm><Cadence>88</Cadence><Extensions><ns3:TPX><ns3:Speed>2.549999952316284</ns3:Speed><ns3:Pace>0.39</ns3:Pace></ns3:TPX></Extensions></Trackpoint><Trackpoint><Time>2025-08-12T21:57:51Z</Time><Position><LatitudeDegrees>-8.05219969</LatitudeDegrees><LongitudeDegrees>-34.94766961</LongitudeDegrees></Position><HeartRateBpm><Value>168</Value></HeartRateBpm><Cadence>88</Cadence><Extensions><ns3:TPX><ns3:Speed>2.549999952316284</ns3:Speed><ns3:Pace>0.39</ns3:Pace></ns3:TPX></Extensions></Trackpoint><Trackpoint><Time>2025-08-12T21:57:52Z</Time><Position><LatitudeDegrees>-8.0521947</LatitudeDegrees><LongitudeDegrees>-34.9476243</LongitudeDegrees></Position><HeartRateBpm><Value>168</Value></HeartRateBpm><Cadence>88</Cadence><Extensions><ns3:TPX><ns3:Speed>2.5399999618530273</ns3:Speed><ns3:Pace>0.39</ns3:Pace></ns3:TPX></Extensions></Trackpoint><Trackpoint><Time>2025-08-12T21:57:53Z</Time><Position><LatitudeDegrees>-8.05218937</LatitudeDegrees><LongitudeDegrees>-34.94760264</LongitudeDegrees></Position><HeartRateBpm><Value>167</Value></HeartRateBpm><Cadence>88</Cadence><Extensions><ns3:TPX><ns3:Speed>2.5299999713897705</ns3:Speed><ns3:Pace>0.39</ns3:Pace></ns3:TPX></Extensions></Trackpoint><Trackpoint><Time>2025-08-12T21:57:54Z</Time><Position><LatitudeDegrees>-8.05218305</LatitudeDegrees><LongitudeDegrees>-34.94758231</LongitudeDegrees></Position><HeartRateBpm><Value>166</Value></HeartRateBpm><Cadence>87</Cadence><Extensions><ns3:TPX><ns3:Speed>2.5299999713897705</ns3:Speed><ns3:Pace>0.39</ns3:Pace></ns3:TPX></Extensions></Trackpoint><Trackpoint><Time>2025-08-12T21:57:55Z</Time><Position><LatitudeDegrees>-8.05217505</LatitudeDegrees><LongitudeDegrees>-34.94756365</LongitudeDegrees></Position><HeartRateBpm><Value>166</Value></HeartRateBpm><Cadence>87</Cadence><Extensions><ns3:TPX><ns3:Speed>2.5199999809265137</ns3:Speed><ns3:Pace>0.39</ns3:Pace></ns3:TPX></Extensions></Trackpoint><Trackpoint><Time>2025-08-12T21:57:56Z</Time><Position><LatitudeDegrees>-8.05216372</LatitudeDegrees><LongitudeDegrees>-34.94754666</LongitudeDegrees></Position><HeartRateBpm><Value>166</Value></HeartRateBpm><Cadence>87</Cadence><Extensions><ns3:TPX><ns3:Speed>2.5199999809265137</ns3:Speed><ns3:Pace>0.39</ns3:Pace></ns3:TPX></Extensions></Trackpoint><Trackpoint><Time>2025-08-12T21:57:57Z</Time><Position><LatitudeDegrees>-8.05214939</LatitudeDegrees><LongitudeDegrees>-34.947532</LongitudeDegrees></Position><HeartRateBpm><Value>166</Value></HeartRateBpm><Cadence>87</Cadence><Extensions><ns3:TPX><ns3:Speed>2.5199999809265137</ns3:Speed><ns3:Pace>0.39</ns3:Pace></ns3:TPX></Extensions></Trackpoint><Trackpoint><Time>2025-08-12T21:57:58Z</Time><Position><LatitudeDegrees>-8.05213339</LatitudeDegrees><LongitudeDegrees>-34.94752001</LongitudeDegrees></Position><HeartRateBpm><Value>168</Value></HeartRateBpm><Cadence>87</Cadence><Extensions><ns3:TPX><ns3:Speed>2.509999990463257</ns3:Speed><ns3:Pace>0.39</ns3:Pace></ns3:TPX></Extensions></Trackpoint><Trackpoint><Time>2025-08-12T21:57:59Z</Time><Position><LatitudeDegrees>-8.0521154</LatitudeDegrees><LongitudeDegrees>-34.94751302</LongitudeDegrees></Position><HeartRateBpm><Value>168</Value></HeartRateBpm><Cadence>87</Cadence><Extensions><ns3:TPX><ns3:Speed>2.509999990463257</ns3:Speed><ns3:Pace>0.39</ns3:Pace></ns3:TPX></Extensions></Trackpoint><Trackpoint><Time>2025-08-12T21:58:00Z</Time><Position><LatitudeDegrees>-8.05209673</LatitudeDegrees><LongitudeDegrees>-34.94751035</LongitudeDegrees></Position><HeartRateBpm><Value>169</Value></HeartRateBpm><Cadence>87</Cadence><Extensions><ns3:TPX><ns3:Speed>2.509999990463257</ns3:Speed><ns3:Pace>0.39</ns3:Pace></ns3:TPX></Extensions></Trackpoint><Trackpoint><Time>2025-08-12T21:58:01Z</Time><Position><LatitudeDegrees>-8.05208108</LatitudeDegrees><LongitudeDegrees>-34.94751302</LongitudeDegrees></Position><HeartRateBpm><Value>169</Value></HeartRateBpm><Cadence>86</Cadence><Extensions><ns3:TPX><ns3:Speed>2.5</ns3:Speed><ns3:Pace>0.4</ns3:Pace></ns3:TPX></Extensions></Trackpoint><Trackpoint><Time>2025-08-12T21:58:02Z</Time><Position><LatitudeDegrees>-8.05206641</LatitudeDegrees><LongitudeDegrees>-34.94752201</LongitudeDegrees></Position><HeartRateBpm><Value>169</Value></HeartRateBpm><Cadence>86</Cadence><Extensions><ns3:TPX><ns3:Speed>2.5</ns3:Speed><ns3:Pace>0.4</ns3:Pace></ns3:TPX></Extensions></Trackpoint><Trackpoint><Time>2025-08-12T21:58:03Z</Time><Position><LatitudeDegrees>-8.05205241</LatitudeDegrees><LongitudeDegrees>-34.94753267</LongitudeDegrees></Position><HeartRateBpm><Value>169</Value></HeartRateBpm><Cadence>86</Cadence><Extensions><ns3:TPX><ns3:Speed>2.5</ns3:Speed><ns3:Pace>0.4</ns3:Pace></ns3:TPX></Extensions></Trackpoint><Trackpoint><Time>2025-08-12T21:58:04Z</Time><Position><LatitudeDegrees>-8.05203909</LatitudeDegrees><LongitudeDegrees>-34.947545</LongitudeDegrees></Position><HeartRateBpm><Value>169</Value></HeartRateBpm><Cadence>87</Cadence><Extensions><ns3:TPX><ns3:Speed>2.490000009536743</ns3:Speed><ns3:Pace>0.4</ns3:Pace></ns3:TPX></Extensions></Trackpoint><Trackpoint><Time>2025-08-12T21:58:05Z</Time><Position><LatitudeDegrees>-8.05202975</LatitudeDegrees><LongitudeDegrees>-34.94755833</LongitudeDegrees></Position><HeartRateBpm><Value>170</Value></HeartRateBpm><Cadence>88</Cadence><Extensions><ns3:TPX><ns3:Speed>2.4800000190734863</ns3:Speed><ns3:Pace>0.4</ns3:Pace></ns3:TPX></Extensions></Trackpoint><Trackpoint><Time>2025-08-12T21:58:06Z</Time><Position><LatitudeDegrees>-8.05202176</LatitudeDegrees><LongitudeDegrees>-34.94757466</LongitudeDegrees></Position><HeartRateBpm><Value>170</Value></HeartRateBpm><Cadence>88</Cadence><Extensions><ns3:TPX><ns3:Speed>2.4700000286102295</ns3:Speed><ns3:Pace>0.4</ns3:Pace></ns3:TPX></Extensions></Trackpoint><Trackpoint><Time>2025-08-12T21:58:07Z</Time><Position><LatitudeDegrees>-8.05201476</LatitudeDegrees><LongitudeDegrees>-34.94759299</LongitudeDegrees></Position><HeartRateBpm><Value>170</Value></HeartRateBpm><Cadence>88</Cadence><Extensions><ns3:TPX><ns3:Speed>2.4600000381469727</ns3:Speed><ns3:Pace>0.4</ns3:Pace></ns3:TPX></Extensions></Trackpoint><Trackpoint><Time>2025-08-12T21:58:08Z</Time><Position><LatitudeDegrees>-8.0520101</LatitudeDegrees><LongitudeDegrees>-34.94761232</LongitudeDegrees></Position><HeartRateBpm><Value>170</Value></HeartRateBpm><Cadence>87</Cadence><Extensions><ns3:TPX><ns3:Speed>2.450000047683716</ns3:Speed><ns3:Pace>0.4</ns3:Pace></ns3:TPX></Extensions></Trackpoint><Trackpoint><Time>2025-08-12T21:58:09Z</Time><Position><LatitudeDegrees>-8.0520061</LatitudeDegrees><LongitudeDegrees>-34.94763231</LongitudeDegrees></Position><HeartRateBpm><Value>170</Value></HeartRateBpm><Cadence>87</Cadence><Extensions><ns3:TPX><ns3:Speed>2.450000047683716</ns3:Speed><ns3:Pace>0.4</ns3:Pace></ns3:TPX></Extensions></Trackpoint><Trackpoint><Time>2025-08-12T21:58:10Z</Time><Position><LatitudeDegrees>-8.05200577</LatitudeDegrees><LongitudeDegrees>-34.94765564</LongitudeDegrees></Position><HeartRateBpm><Value>170</Value></HeartRateBpm><Cadence>87</Cadence><Extensions><ns3:TPX><ns3:Speed>2.440000057220459</ns3:Speed><ns3:Pace>0.41</ns3:Pace></ns3:TPX></Extensions></Trackpoint><Trackpoint><Time>2025-08-12T21:58:11Z</Time><Position><LatitudeDegrees>-8.05200512</LatitudeDegrees><LongitudeDegrees>-34.94767897</LongitudeDegrees></Position><HeartRateBpm><Value>170</Value></HeartRateBpm><Cadence>87</Cadence><Extensions><ns3:TPX><ns3:Speed>2.430000066757202</ns3:Speed><ns3:Pace>0.41</ns3:Pace></ns3:TPX></Extensions></Trackpoint><Trackpoint><Time>2025-08-12T21:58:12Z</Time><Position><LatitudeDegrees>-8.05200245</LatitudeDegrees><LongitudeDegrees>-34.94770329</LongitudeDegrees></Position><HeartRateBpm><Value>171</Value></HeartRateBpm><Cadence>88</Cadence><Extensions><ns3:TPX><ns3:Speed>2.4200000762939453</ns3:Speed><ns3:Pace>0.41</ns3:Pace></ns3:TPX></Extensions></Trackpoint><Trackpoint><Time>2025-08-12T21:58:13Z</Time><Position><LatitudeDegrees>-8.05199912</LatitudeDegrees><LongitudeDegrees>-34.94772796</LongitudeDegrees></Position><HeartRateBpm><Value>172</Value></HeartRateBpm><Cadence>88</Cadence><Extensions><ns3:TPX><ns3:Speed>2.4200000762939453</ns3:Speed><ns3:Pace>0.41</ns3:Pace></ns3:TPX></Extensions></Trackpoint><Trackpoint><Time>2025-08-12T21:58:14Z</Time><Position><LatitudeDegrees>-8.05199779</LatitudeDegrees><LongitudeDegrees>-34.94775162</LongitudeDegrees></Position><HeartRateBpm><Value>172</Value></HeartRateBpm><Cadence>88</Cadence><Extensions><ns3:TPX><ns3:Speed>2.4200000762939453</ns3:Speed><ns3:Pace>0.41</ns3:Pace></ns3:TPX></Extensions></Trackpoint><Trackpoint><Time>2025-08-12T21:58:15Z</Time><Position><LatitudeDegrees>-8.05199812</LatitudeDegrees><LongitudeDegrees>-34.94777628</LongitudeDegrees></Position><HeartRateBpm><Value>172</Value></HeartRateBpm><Cadence>88</Cadence><Extensions><ns3:TPX><ns3:Speed>2.4200000762939453</ns3:Speed><ns3:Pace>0.41</ns3:Pace></ns3:TPX></Extensions></Trackpoint><Trackpoint><Time>2025-08-12T21:58:16Z</Time><Position><LatitudeDegrees>-8.05199944</LatitudeDegrees><LongitudeDegrees>-34.94779995</LongitudeDegrees></Position><HeartRateBpm><Value>172</Value></HeartRateBpm><Cadence>87</Cadence><Extensions><ns3:TPX><ns3:Speed>2.4200000762939453</ns3:Speed><ns3:Pace>0.41</ns3:Pace></ns3:TPX></Extensions></Trackpoint><Trackpoint><Time>2025-08-12T21:58:17Z</Time><Position><LatitudeDegrees>-8.05200011</LatitudeDegrees><LongitudeDegrees>-34.9478236</LongitudeDegrees></Position><HeartRateBpm><Value>172</Value></HeartRateBpm><Cadence>88</Cadence><Extensions><ns3:TPX><ns3:Speed>2.4200000762939453</ns3:Speed><ns3:Pace>0.41</ns3:Pace></ns3:TPX></Extensions></Trackpoint><Trackpoint><Time>2025-08-12T21:58:18Z</Time><Position><LatitudeDegrees>-8.05200011</LatitudeDegrees><LongitudeDegrees>-34.94784594</LongitudeDegrees></Position><HeartRateBpm><Value>173</Value></HeartRateBpm><Cadence>88</Cadence><Extensions><ns3:TPX><ns3:Speed>2.4200000762939453</ns3:Speed><ns3:Pace>0.41</ns3:Pace></ns3:TPX></Extensions></Trackpoint><Trackpoint><Time>2025-08-12T21:58:19Z</Time><Position><LatitudeDegrees>-8.05199977</LatitudeDegrees><LongitudeDegrees>-34.94786859</LongitudeDegrees></Position><HeartRateBpm><Value>173</Value></HeartRateBpm><Cadence>88</Cadence><Extensions><ns3:TPX><ns3:Speed>2.4200000762939453</ns3:Speed><ns3:Pace>0.41</ns3:Pace></ns3:TPX></Extensions></Trackpoint><Trackpoint><Time>2025-08-12T21:58:20Z</Time><Position><LatitudeDegrees>-8.05199878</LatitudeDegrees><LongitudeDegrees>-34.94789259</LongitudeDegrees></Position><HeartRateBpm><Value>174</Value></HeartRateBpm><Cadence>89</Cadence><Extensions><ns3:TPX><ns3:Speed>2.430000066757202</ns3:Speed><ns3:Pace>0.41</ns3:Pace></ns3:TPX></Extensions></Trackpoint><Trackpoint><Time>2025-08-12T21:58:21Z</Time><Position><LatitudeDegrees>-8.05199646</LatitudeDegrees><LongitudeDegrees>-34.94791625</LongitudeDegrees></Position><HeartRateBpm><Value>174</Value></HeartRateBpm><Cadence>89</Cadence><Extensions><ns3:TPX><ns3:Speed>2.430000066757202</ns3:Speed><ns3:Pace>0.41</ns3:Pace></ns3:TPX></Extensions></Trackpoint><Trackpoint><Time>2025-08-12T21:58:22Z</Time><Position><LatitudeDegrees>-8.05199379</LatitudeDegrees><LongitudeDegrees>-34.94793991</LongitudeDegrees></Position><HeartRateBpm><Value>174</Value></HeartRateBpm><Cadence>89</Cadence><Extensions><ns3:TPX><ns3:Speed>2.430000066757202</ns3:Speed><ns3:Pace>0.41</ns3:Pace></ns3:TPX></Extensions></Trackpoint><Trackpoint><Time>2025-08-12T21:58:23Z</Time><Position><LatitudeDegrees>-8.05199114</LatitudeDegrees><LongitudeDegrees>-34.94796391</LongitudeDegrees></Position><HeartRateBpm><Value>173</Value></HeartRateBpm><Cadence>88</Cadence><Extensions><ns3:TPX><ns3:Speed>2.430000066757202</ns3:Speed><ns3:Pace>0.41</ns3:Pace></ns3:TPX></Extensions></Trackpoint><Trackpoint><Time>2025-08-12T21:58:24Z</Time><Position><LatitudeDegrees>-8.05198714</LatitudeDegrees><LongitudeDegrees>-34.94798791</LongitudeDegrees></Position><HeartRateBpm><Value>173</Value></HeartRateBpm><Cadence>88</Cadence><Extensions><ns3:TPX><ns3:Speed>2.430000066757202</ns3:Speed><ns3:Pace>0.4</ns3:Pace></ns3:TPX></Extensions></Trackpoint><Trackpoint><Time>2025-08-12T21:58:25Z</Time><Position><LatitudeDegrees>-8.05198215</LatitudeDegrees><LongitudeDegrees>-34.94801056</LongitudeDegrees></Position><HeartRateBpm><Value>173</Value></HeartRateBpm><Cadence>88</Cadence><Extensions><ns3:TPX><ns3:Speed>2.440000057220459</ns3:Speed><ns3:Pace>0.4</ns3:Pace></ns3:TPX></Extensions></Trackpoint><Trackpoint><Time>2025-08-12T21:58:26Z</Time><Position><LatitudeDegrees>-8.05197716</LatitudeDegrees><LongitudeDegrees>-34.9480329</LongitudeDegrees></Position><HeartRateBpm><Value>173</Value></HeartRateBpm><Cadence>89</Cadence><Extensions><ns3:TPX><ns3:Speed>2.450000047683716</ns3:Speed><ns3:Pace>0.4</ns3:Pace></ns3:TPX></Extensions></Trackpoint><Trackpoint><Time>2025-08-12T21:58:27Z</Time><Position><LatitudeDegrees>-8.05197282</LatitudeDegrees><LongitudeDegrees>-34.94805422</LongitudeDegrees></Position><HeartRateBpm><Value>173</Value></HeartRateBpm><Cadence>89</Cadence><Extensions><ns3:TPX><ns3:Speed>2.450000047683716</ns3:Speed><ns3:Pace>0.4</ns3:Pace></ns3:TPX></Extensions></Trackpoint><Trackpoint><Time>2025-08-12T21:58:28Z</Time><Position><LatitudeDegrees>-8.05196816</LatitudeDegrees><LongitudeDegrees>-34.94807488</LongitudeDegrees></Position><HeartRateBpm><Value>173</Value></HeartRateBpm><Cadence>89</Cadence><Extensions><ns3:TPX><ns3:Speed>2.450000047683716</ns3:Speed><ns3:Pace>0.4</ns3:Pace></ns3:TPX></Extensions></Trackpoint><Trackpoint><Time>2025-08-12T21:58:29Z</Time><Position><LatitudeDegrees>-8.0519645</LatitudeDegrees><LongitudeDegrees>-34.94809521</LongitudeDegrees></Position><HeartRateBpm><Value>173</Value></HeartRateBpm><Cadence>89</Cadence><Extensions><ns3:TPX><ns3:Speed>2.450000047683716</ns3:Speed><ns3:Pace>0.4</ns3:Pace></ns3:TPX></Extensions></Trackpoint><Trackpoint><Time>2025-08-12T21:58:30Z</Time><Position><LatitudeDegrees>-8.0519605</LatitudeDegrees><LongitudeDegrees>-34.94811787</LongitudeDegrees></Position><HeartRateBpm><Value>174</Value></HeartRateBpm><Cadence>88</Cadence><Extensions><ns3:TPX><ns3:Speed>2.450000047683716</ns3:Speed><ns3:Pace>0.4</ns3:Pace></ns3:TPX></Extensions></Trackpoint><Trackpoint><Time>2025-08-12T21:58:31Z</Time><Position><LatitudeDegrees>-8.05195818</LatitudeDegrees><LongitudeDegrees>-34.94814152</LongitudeDegrees></Position><HeartRateBpm><Value>176</Value></HeartRateBpm><Cadence>88</Cadence><Extensions><ns3:TPX><ns3:Speed>2.4600000381469727</ns3:Speed><ns3:Pace>0.4</ns3:Pace></ns3:TPX></Extensions></Trackpoint><Trackpoint><Time>2025-08-12T21:58:32Z</Time><Position><LatitudeDegrees>-8.05195618</LatitudeDegrees><LongitudeDegrees>-34.94816852</LongitudeDegrees></Position><HeartRateBpm><Value>178</Value></HeartRateBpm><Cadence>88</Cadence><Extensions><ns3:TPX><ns3:Speed>2.4600000381469727</ns3:Speed><ns3:Pace>0.4</ns3:Pace></ns3:TPX></Extensions></Trackpoint><Trackpoint><Time>2025-08-12T21:58:33Z</Time><Position><LatitudeDegrees>-8.0519575</LatitudeDegrees><LongitudeDegrees>-34.94819518</LongitudeDegrees></Position><HeartRateBpm><Value>178</Value></HeartRateBpm><Cadence>88</Cadence><Extensions><ns3:TPX><ns3:Speed>2.4600000381469727</ns3:Speed><ns3:Pace>0.4</ns3:Pace></ns3:TPX></Extensions></Trackpoint><Trackpoint><Time>2025-08-12T21:58:34Z</Time><Position><LatitudeDegrees>-8.05195882</LatitudeDegrees><LongitudeDegrees>-34.94821985</LongitudeDegrees></Position><HeartRateBpm><Value>179</Value></HeartRateBpm><Cadence>88</Cadence><Extensions><ns3:TPX><ns3:Speed>2.4600000381469727</ns3:Speed><ns3:Pace>0.4</ns3:Pace></ns3:TPX></Extensions></Trackpoint><Trackpoint><Time>2025-08-12T21:58:35Z</Time><Position><LatitudeDegrees>-8.05196048</LatitudeDegrees><LongitudeDegrees>-34.94824651</LongitudeDegrees></Position><HeartRateBpm><Value>180</Value></HeartRateBpm><Cadence>88</Cadence><Extensions><ns3:TPX><ns3:Speed>2.4600000381469727</ns3:Speed><ns3:Pace>0.4</ns3:Pace></ns3:TPX></Extensions></Trackpoint><Trackpoint><Time>2025-08-12T21:58:36Z</Time><Position><LatitudeDegrees>-8.05196215</LatitudeDegrees><LongitudeDegrees>-34.94827284</LongitudeDegrees></Position><HeartRateBpm><Value>180</Value></HeartRateBpm><Cadence>88</Cadence><Extensions><ns3:TPX><ns3:Speed>2.4600000381469727</ns3:Speed><ns3:Pace>0.4</ns3:Pace></ns3:TPX></Extensions></Trackpoint><Trackpoint><Time>2025-08-12T21:58:37Z</Time><Position><LatitudeDegrees>-8.05196215</LatitudeDegrees><LongitudeDegrees>-34.9482975</LongitudeDegrees></Position><HeartRateBpm><Value>180</Value></HeartRateBpm><Cadence>89</Cadence><Extensions><ns3:TPX><ns3:Speed>2.4700000286102295</ns3:Speed><ns3:Pace>0.4</ns3:Pace></ns3:TPX></Extensions></Trackpoint><Trackpoint><Time>2025-08-12T21:58:38Z</Time><Position><LatitudeDegrees>-8.05196148</LatitudeDegrees><LongitudeDegrees>-34.94832284</LongitudeDegrees></Position><HeartRateBpm><Value>180</Value></HeartRateBpm><Cadence>89</Cadence><Extensions><ns3:TPX><ns3:Speed>2.4700000286102295</ns3:Speed><ns3:Pace>0.4</ns3:Pace></ns3:TPX></Extensions></Trackpoint><Trackpoint><Time>2025-08-12T21:58:39Z</Time><Position><LatitudeDegrees>-8.05196115</LatitudeDegrees><LongitudeDegrees>-34.94834549</LongitudeDegrees></Position><HeartRateBpm><Value>180</Value></HeartRateBpm><Cadence>89</Cadence><Extensions><ns3:TPX><ns3:Speed>2.4700000286102295</ns3:Speed><ns3:Pace>0.4</ns3:Pace></ns3:TPX></Extensions></Trackpoint><Trackpoint><Time>2025-08-12T21:58:40Z</Time><Position><LatitudeDegrees>-8.05196016</LatitudeDegrees><LongitudeDegrees>-34.94836882</LongitudeDegrees></Position><HeartRateBpm><Value>179</Value></HeartRateBpm><Cadence>89</Cadence><Extensions><ns3:TPX><ns3:Speed>2.4800000190734863</ns3:Speed><ns3:Pace>0.4</ns3:Pace></ns3:TPX></Extensions></Trackpoint><Trackpoint><Time>2025-08-12T21:58:41Z</Time><Position><LatitudeDegrees>-8.05195816</LatitudeDegrees><LongitudeDegrees>-34.94839147</LongitudeDegrees></Position><HeartRateBpm><Value>178</Value></HeartRateBpm><Cadence>89</Cadence><Extensions><ns3:TPX><ns3:Speed>2.4800000190734863</ns3:Speed><ns3:Pace>0.4</ns3:Pace></ns3:TPX></Extensions></Trackpoint><Trackpoint><Time>2025-08-12T21:58:42Z</Time><Position><LatitudeDegrees>-8.05195549</LatitudeDegrees><LongitudeDegrees>-34.94841446</LongitudeDegrees></Position><HeartRateBpm><Value>178</Value></HeartRateBpm><Cadence>88</Cadence><Extensions><ns3:TPX><ns3:Speed>2.490000009536743</ns3:Speed><ns3:Pace>0.4</ns3:Pace></ns3:TPX></Extensions></Trackpoint><Trackpoint><Time>2025-08-12T21:58:43Z</Time><Position><LatitudeDegrees>-8.05195017</LatitudeDegrees><LongitudeDegrees>-34.94843479</LongitudeDegrees></Position><HeartRateBpm><Value>178</Value></HeartRateBpm><Cadence>88</Cadence><Extensions><ns3:TPX><ns3:Speed>2.5</ns3:Speed><ns3:Pace>0.4</ns3:Pace></ns3:TPX></Extensions></Trackpoint><Trackpoint><Time>2025-08-12T21:58:44Z</Time><Position><LatitudeDegrees>-8.0519445</LatitudeDegrees><LongitudeDegrees>-34.94845612</LongitudeDegrees></Position><HeartRateBpm><Value>179</Value></HeartRateBpm><Cadence>89</Cadence><Extensions><ns3:TPX><ns3:Speed>2.5</ns3:Speed><ns3:Pace>0.4</ns3:Pace></ns3:TPX></Extensions></Trackpoint><Trackpoint><Time>2025-08-12T21:58:45Z</Time><Position><LatitudeDegrees>-8.05193817</LatitudeDegrees><LongitudeDegrees>-34.94847779</LongitudeDegrees></Position><HeartRateBpm><Value>179</Value></HeartRateBpm><Cadence>89</Cadence><Extensions><ns3:TPX><ns3:Speed>2.5</ns3:Speed><ns3:Pace>0.4</ns3:Pace></ns3:TPX></Extensions></Trackpoint><Trackpoint><Time>2025-08-12T21:58:46Z</Time><Position><LatitudeDegrees>-8.05193284</LatitudeDegrees><LongitudeDegrees>-34.94849811</LongitudeDegrees></Position><HeartRateBpm><Value>180</Value></HeartRateBpm><Cadence>89</Cadence><Extensions><ns3:TPX><ns3:Speed>2.5</ns3:Speed><ns3:Pace>0.39</ns3:Pace></ns3:TPX></Extensions></Trackpoint><Trackpoint><Time>2025-08-12T21:58:47Z</Time><Position><LatitudeDegrees>-8.05192652</LatitudeDegrees><LongitudeDegrees>-34.9485211</LongitudeDegrees></Position><HeartRateBpm><Value>180</Value></HeartRateBpm><Cadence>89</Cadence><Extensions><ns3:TPX><ns3:Speed>2.5</ns3:Speed><ns3:Pace>0.39</ns3:Pace></ns3:TPX></Extensions></Trackpoint><Trackpoint><Time>2025-08-12T21:58:48Z</Time><Position><LatitudeDegrees>-8.05192119</LatitudeDegrees><LongitudeDegrees>-34.94854376</LongitudeDegrees></Position><HeartRateBpm><Value>180</Value></HeartRateBpm><Cadence>88</Cadence><Extensions><ns3:TPX><ns3:Speed>2.5</ns3:Speed><ns3:Pace>0.39</ns3:Pace></ns3:TPX></Extensions></Trackpoint><Trackpoint><Time>2025-08-12T21:58:49Z</Time><Position><LatitudeDegrees>-8.0519162</LatitudeDegrees><LongitudeDegrees>-34.94856609</LongitudeDegrees></Position><HeartRateBpm><Value>180</Value></HeartRateBpm><Cadence>88</Cadence><Extensions><ns3:TPX><ns3:Speed>2.5</ns3:Speed><ns3:Pace>0.39</ns3:Pace></ns3:TPX></Extensions></Trackpoint><Trackpoint><Time>2025-08-12T21:58:50Z</Time><Position><LatitudeDegrees>-8.05191186</LatitudeDegrees><LongitudeDegrees>-34.94858809</LongitudeDegrees></Position><HeartRateBpm><Value>180</Value></HeartRateBpm><Cadence>88</Cadence><Extensions><ns3:TPX><ns3:Speed>2.5</ns3:Speed><ns3:Pace>0.39</ns3:Pace></ns3:TPX></Extensions></Trackpoint><Trackpoint><Time>2025-08-12T21:58:51Z</Time><Position><LatitudeDegrees>-8.05190887</LatitudeDegrees><LongitudeDegrees>-34.94861042</LongitudeDegrees></Position><HeartRateBpm><Value>180</Value></HeartRateBpm><Cadence>88</Cadence><Extensions><ns3:TPX><ns3:Speed>2.5</ns3:Speed><ns3:Pace>0.39</ns3:Pace></ns3:TPX></Extensions></Trackpoint><Trackpoint><Time>2025-08-12T21:58:52Z</Time><Position><LatitudeDegrees>-8.05190588</LatitudeDegrees><LongitudeDegrees>-34.94863375</LongitudeDegrees></Position><HeartRateBpm><Value>181</Value></HeartRateBpm><Cadence>89</Cadence><Extensions><ns3:TPX><ns3:Speed>2.5</ns3:Speed><ns3:Pace>0.39</ns3:Pace></ns3:TPX></Extensions></Trackpoint><Trackpoint><Time>2025-08-12T21:58:53Z</Time><Position><LatitudeDegrees>-8.05190323</LatitudeDegrees><LongitudeDegrees>-34.9486564</LongitudeDegrees></Position><HeartRateBpm><Value>181</Value></HeartRateBpm><Cadence>88</Cadence><Extensions><ns3:TPX><ns3:Speed>2.5</ns3:Speed><ns3:Pace>0.39</ns3:Pace></ns3:TPX></Extensions></Trackpoint><Trackpoint><Time>2025-08-12T21:58:54Z</Time><Position><LatitudeDegrees>-8.05189889</LatitudeDegrees><LongitudeDegrees>-34.94867906</LongitudeDegrees></Position><HeartRateBpm><Value>182</Value></HeartRateBpm><Cadence>87</Cadence><Extensions><ns3:TPX><ns3:Speed>2.5</ns3:Speed><ns3:Pace>0.39</ns3:Pace></ns3:TPX></Extensions></Trackpoint><Trackpoint><Time>2025-08-12T21:58:55Z</Time><Position><LatitudeDegrees>-8.0518939</LatitudeDegrees><LongitudeDegrees>-34.94870073</LongitudeDegrees></Position><HeartRateBpm><Value>182</Value></HeartRateBpm><Cadence>88</Cadence><Extensions><ns3:TPX><ns3:Speed>2.5</ns3:Speed><ns3:Pace>0.39</ns3:Pace></ns3:TPX></Extensions></Trackpoint><Trackpoint><Time>2025-08-12T21:58:56Z</Time><Position><LatitudeDegrees>-8.0518899</LatitudeDegrees><LongitudeDegrees>-34.94872205</LongitudeDegrees></Position><HeartRateBpm><Value>181</Value></HeartRateBpm><Cadence>88</Cadence><Extensions><ns3:TPX><ns3:Speed>2.5</ns3:Speed><ns3:Pace>0.39</ns3:Pace></ns3:TPX></Extensions></Trackpoint><Trackpoint><Time>2025-08-12T21:58:57Z</Time><Position><LatitudeDegrees>-8.05188691</LatitudeDegrees><LongitudeDegrees>-34.94874505</LongitudeDegrees></Position><HeartRateBpm><Value>181</Value></HeartRateBpm><Cadence>88</Cadence><Extensions><ns3:TPX><ns3:Speed>2.5</ns3:Speed><ns3:Pace>0.39</ns3:Pace></ns3:TPX></Extensions></Trackpoint><Trackpoint><Time>2025-08-12T21:58:58Z</Time><Position><LatitudeDegrees>-8.05188358</LatitudeDegrees><LongitudeDegrees>-34.94876771</LongitudeDegrees></Position><HeartRateBpm><Value>180</Value></HeartRateBpm><Cadence>89</Cadence><Extensions><ns3:TPX><ns3:Speed>2.5</ns3:Speed><ns3:Pace>0.39</ns3:Pace></ns3:TPX></Extensions></Trackpoint><Trackpoint><Time>2025-08-12T21:58:59Z</Time><Position><LatitudeDegrees>-8.05187926</LatitudeDegrees><LongitudeDegrees>-34.94879036</LongitudeDegrees></Position><HeartRateBpm><Value>179</Value></HeartRateBpm><Cadence>88</Cadence><Extensions><ns3:TPX><ns3:Speed>2.5</ns3:Speed><ns3:Pace>0.39</ns3:Pace></ns3:TPX></Extensions></Trackpoint><Trackpoint><Time>2025-08-12T21:59:00Z</Time><Position><LatitudeDegrees>-8.05187592</LatitudeDegrees><LongitudeDegrees>-34.9488127</LongitudeDegrees></Position><HeartRateBpm><Value>178</Value></HeartRateBpm><Cadence>88</Cadence><Extensions><ns3:TPX><ns3:Speed>2.5</ns3:Speed><ns3:Pace>0.39</ns3:Pace></ns3:TPX></Extensions></Trackpoint><Trackpoint><Time>2025-08-12T21:59:01Z</Time><Position><LatitudeDegrees>-8.05187193</LatitudeDegrees><LongitudeDegrees>-34.94883402</LongitudeDegrees></Position><HeartRateBpm><Value>178</Value></HeartRateBpm><Cadence>88</Cadence><Extensions><ns3:TPX><ns3:Speed>2.5</ns3:Speed><ns3:Pace>0.39</ns3:Pace></ns3:TPX></Extensions></Trackpoint><Trackpoint><Time>2025-08-12T21:59:02Z</Time><Position><LatitudeDegrees>-8.0518676</LatitudeDegrees><LongitudeDegrees>-34.94885502</LongitudeDegrees></Position><HeartRateBpm><Value>177</Value></HeartRateBpm><Cadence>88</Cadence><Extensions><ns3:TPX><ns3:Speed>2.5</ns3:Speed><ns3:Pace>0.39</ns3:Pace></ns3:TPX></Extensions></Trackpoint><Trackpoint><Time>2025-08-12T21:59:03Z</Time><Position><LatitudeDegrees>-8.05186294</LatitudeDegrees><LongitudeDegrees>-34.94887568</LongitudeDegrees></Position><HeartRateBpm><Value>177</Value></HeartRateBpm><Cadence>88</Cadence><Extensions><ns3:TPX><ns3:Speed>2.5</ns3:Speed><ns3:Pace>0.39</ns3:Pace></ns3:TPX></Extensions></Trackpoint><Trackpoint><Time>2025-08-12T21:59:04Z</Time><Position><LatitudeDegrees>-8.05185662</LatitudeDegrees><LongitudeDegrees>-34.94889633</LongitudeDegrees></Position><HeartRateBpm><Value>177</Value></HeartRateBpm><Cadence>88</Cadence><Extensions><ns3:TPX><ns3:Speed>2.5</ns3:Speed><ns3:Pace>0.4</ns3:Pace></ns3:TPX></Extensions></Trackpoint><Trackpoint><Time>2025-08-12T21:59:05Z</Time><Position><LatitudeDegrees>-8.05184962</LatitudeDegrees><LongitudeDegrees>-34.948916</LongitudeDegrees></Position><HeartRateBpm><Value>177</Value></HeartRateBpm><Cadence>88</Cadence><Extensions><ns3:TPX><ns3:Speed>2.5</ns3:Speed><ns3:Pace>0.4</ns3:Pace></ns3:TPX></Extensions></Trackpoint><Trackpoint><Time>2025-08-12T21:59:06Z</Time><Position><LatitudeDegrees>-8.05184229</LatitudeDegrees><LongitudeDegrees>-34.948936</LongitudeDegrees></Position><HeartRateBpm><Value>177</Value></HeartRateBpm><Cadence>88</Cadence><Extensions><ns3:TPX><ns3:Speed>2.5</ns3:Speed><ns3:Pace>0.4</ns3:Pace></ns3:TPX></Extensions></Trackpoint><Trackpoint><Time>2025-08-12T21:59:07Z</Time><Position><LatitudeDegrees>-8.05183696</LatitudeDegrees><LongitudeDegrees>-34.94895632</LongitudeDegrees></Position><HeartRateBpm><Value>177</Value></HeartRateBpm><Cadence>88</Cadence><Extensions><ns3:TPX><ns3:Speed>2.5</ns3:Speed><ns3:Pace>0.4</ns3:Pace></ns3:TPX></Extensions></Trackpoint><Trackpoint><Time>2025-08-12T21:59:08Z</Time><Position><LatitudeDegrees>-8.05183363</LatitudeDegrees><LongitudeDegrees>-34.94897765</LongitudeDegrees></Position><HeartRateBpm><Value>177</Value></HeartRateBpm><Cadence>88</Cadence><Extensions><ns3:TPX><ns3:Speed>2.490000009536743</ns3:Speed><ns3:Pace>0.4</ns3:Pace></ns3:TPX></Extensions></Trackpoint><Trackpoint><Time>2025-08-12T21:59:09Z</Time><Position><LatitudeDegrees>-8.05183197</LatitudeDegrees><LongitudeDegrees>-34.94899965</LongitudeDegrees></Position><HeartRateBpm><Value>177</Value></HeartRateBpm><Cadence>88</Cadence><Extensions><ns3:TPX><ns3:Speed>2.490000009536743</ns3:Speed><ns3:Pace>0.4</ns3:Pace></ns3:TPX></Extensions></Trackpoint><Trackpoint><Time>2025-08-12T21:59:10Z</Time><Position><LatitudeDegrees>-8.05183263</LatitudeDegrees><LongitudeDegrees>-34.94902165</LongitudeDegrees></Position><HeartRateBpm><Value>176</Value></HeartRateBpm><Cadence>88</Cadence><Extensions><ns3:TPX><ns3:Speed>2.490000009536743</ns3:Speed><ns3:Pace>0.4</ns3:Pace></ns3:TPX></Extensions></Trackpoint><Trackpoint><Time>2025-08-12T21:59:11Z</Time><Position><LatitudeDegrees>-8.0518353</LatitudeDegrees><LongitudeDegrees>-34.94904298</LongitudeDegrees></Position><HeartRateBpm><Value>176</Value></HeartRateBpm><Cadence>88</Cadence><Extensions><ns3:TPX><ns3:Speed>2.4800000190734863</ns3:Speed><ns3:Pace>0.4</ns3:Pace></ns3:TPX></Extensions></Trackpoint><Trackpoint><Time>2025-08-12T21:59:12Z</Time><Position><LatitudeDegrees>-8.05184063</LatitudeDegrees><LongitudeDegrees>-34.94906265</LongitudeDegrees></Position><HeartRateBpm><Value>176</Value></HeartRateBpm><Cadence>88</Cadence><Extensions><ns3:TPX><ns3:Speed>2.4800000190734863</ns3:Speed><ns3:Pace>0.4</ns3:Pace></ns3:TPX></Extensions></Trackpoint><Trackpoint><Time>2025-08-12T21:59:13Z</Time><Position><LatitudeDegrees>-8.05184929</LatitudeDegrees><LongitudeDegrees>-34.94908097</LongitudeDegrees></Position><HeartRateBpm><Value>176</Value></HeartRateBpm><Cadence>88</Cadence><Extensions><ns3:TPX><ns3:Speed>2.4800000190734863</ns3:Speed><ns3:Pace>0.4</ns3:Pace></ns3:TPX></Extensions></Trackpoint><Trackpoint><Time>2025-08-12T21:59:14Z</Time><Position><LatitudeDegrees>-8.05186128</LatitudeDegrees><LongitudeDegrees>-34.94909697</LongitudeDegrees></Position><HeartRateBpm><Value>175</Value></HeartRateBpm><Cadence>88</Cadence><Extensions><ns3:TPX><ns3:Speed>2.4800000190734863</ns3:Speed><ns3:Pace>0.4</ns3:Pace></ns3:TPX></Extensions></Trackpoint><Trackpoint><Time>2025-08-12T21:59:15Z</Time><Position><LatitudeDegrees>-8.05187361</LatitudeDegrees><LongitudeDegrees>-34.94910829</LongitudeDegrees></Position><HeartRateBpm><Value>175</Value></HeartRateBpm><Cadence>88</Cadence><Extensions><ns3:TPX><ns3:Speed>2.4800000190734863</ns3:Speed><ns3:Pace>0.4</ns3:Pace></ns3:TPX></Extensions></Trackpoint><Trackpoint><Time>2025-08-12T21:59:16Z</Time><Position><LatitudeDegrees>-8.05188827</LatitudeDegrees><LongitudeDegrees>-34.94911862</LongitudeDegrees></Position><HeartRateBpm><Value>174</Value></HeartRateBpm><Cadence>89</Cadence><Extensions><ns3:TPX><ns3:Speed>2.4800000190734863</ns3:Speed><ns3:Pace>0.4</ns3:Pace></ns3:TPX></Extensions></Trackpoint><Trackpoint><Time>2025-08-12T21:59:17Z</Time><Position><LatitudeDegrees>-8.05190393</LatitudeDegrees><LongitudeDegrees>-34.94912828</LongitudeDegrees></Position><HeartRateBpm><Value>173</Value></HeartRateBpm><Cadence>88</Cadence><Extensions><ns3:TPX><ns3:Speed>2.4700000286102295</ns3:Speed><ns3:Pace>0.4</ns3:Pace></ns3:TPX></Extensions></Trackpoint><Trackpoint><Time>2025-08-12T21:59:18Z</Time><Position><LatitudeDegrees>-8.05191892</LatitudeDegrees><LongitudeDegrees>-34.94913694</LongitudeDegrees></Position><HeartRateBpm><Value>173</Value></HeartRateBpm><Cadence>88</Cadence><Extensions><ns3:TPX><ns3:Speed>2.4600000381469727</ns3:Speed><ns3:Pace>0.4</ns3:Pace></ns3:TPX></Extensions></Trackpoint><Trackpoint><Time>2025-08-12T21:59:19Z</Time><Position><LatitudeDegrees>-8.05193492</LatitudeDegrees><LongitudeDegrees>-34.94914326</LongitudeDegrees></Position><HeartRateBpm><Value>173</Value></HeartRateBpm><Cadence>88</Cadence><Extensions><ns3:TPX><ns3:Speed>2.4600000381469727</ns3:Speed><ns3:Pace>0.4</ns3:Pace></ns3:TPX></Extensions></Trackpoint><Trackpoint><Time>2025-08-12T21:59:20Z</Time><Position><LatitudeDegrees>-8.05195191</LatitudeDegrees><LongitudeDegrees>-34.94914693</LongitudeDegrees></Position><HeartRateBpm><Value>173</Value></HeartRateBpm><Cadence>88</Cadence><Extensions><ns3:TPX><ns3:Speed>2.450000047683716</ns3:Speed><ns3:Pace>0.4</ns3:Pace></ns3:TPX></Extensions></Trackpoint><Trackpoint><Time>2025-08-12T21:59:21Z</Time><Position><LatitudeDegrees>-8.05197124</LatitudeDegrees><LongitudeDegrees>-34.94914892</LongitudeDegrees></Position><HeartRateBpm><Value>173</Value></HeartRateBpm><Cadence>88</Cadence><Extensions><ns3:TPX><ns3:Speed>2.450000047683716</ns3:Speed><ns3:Pace>0.4</ns3:Pace></ns3:TPX></Extensions></Trackpoint><Trackpoint><Time>2025-08-12T21:59:22Z</Time><Position><LatitudeDegrees>-8.0519899</LatitudeDegrees><LongitudeDegrees>-34.94914726</LongitudeDegrees></Position><HeartRateBpm><Value>173</Value></HeartRateBpm><Cadence>85</Cadence><Extensions><ns3:TPX><ns3:Speed>2.440000057220459</ns3:Speed><ns3:Pace>0.41</ns3:Pace></ns3:TPX></Extensions></Trackpoint><Trackpoint><Time>2025-08-12T21:59:23Z</Time><Position><LatitudeDegrees>-8.05200824</LatitudeDegrees><LongitudeDegrees>-34.94914193</LongitudeDegrees></Position><HeartRateBpm><Value>171</Value></HeartRateBpm><Cadence>84</Cadence><Extensions><ns3:TPX><ns3:Speed>2.430000066757202</ns3:Speed><ns3:Pace>0.41</ns3:Pace></ns3:TPX></Extensions></Trackpoint><Trackpoint><Time>2025-08-12T21:59:24Z</Time><Position><LatitudeDegrees>-8.05202523</LatitudeDegrees><LongitudeDegrees>-34.94913426</LongitudeDegrees></Position><HeartRateBpm><Value>171</Value></HeartRateBpm><Cadence>84</Cadence><Extensions><ns3:TPX><ns3:Speed>2.430000066757202</ns3:Speed><ns3:Pace>0.41</ns3:Pace></ns3:TPX></Extensions></Trackpoint><Trackpoint><Time>2025-08-12T21:59:25Z</Time><Position><LatitudeDegrees>-8.05204123</LatitudeDegrees><LongitudeDegrees>-34.94912461</LongitudeDegrees></Position><HeartRateBpm><Value>171</Value></HeartRateBpm><Cadence>86</Cadence><Extensions><ns3:TPX><ns3:Speed>2.4200000762939453</ns3:Speed><ns3:Pace>0.41</ns3:Pace></ns3:TPX></Extensions></Trackpoint><Trackpoint><Time>2025-08-12T21:59:26Z</Time><Position><LatitudeDegrees>-8.05205555</LatitudeDegrees><LongitudeDegrees>-34.94911327</LongitudeDegrees></Position><HeartRateBpm><Value>171</Value></HeartRateBpm><Cadence>87</Cadence><Extensions><ns3:TPX><ns3:Speed>2.4100000858306885</ns3:Speed><ns3:Pace>0.41</ns3:Pace></ns3:TPX></Extensions></Trackpoint><Trackpoint><Time>2025-08-12T21:59:27Z</Time><Position><LatitudeDegrees>-8.05206922</LatitudeDegrees><LongitudeDegrees>-34.94910061</LongitudeDegrees></Position><HeartRateBpm><Value>171</Value></HeartRateBpm><Cadence>88</Cadence><Extensions><ns3:TPX><ns3:Speed>2.4000000953674316</ns3:Speed><ns3:Pace>0.41</ns3:Pace></ns3:TPX></Extensions></Trackpoint><Trackpoint><Time>2025-08-12T21:59:28Z</Time><Position><LatitudeDegrees>-8.05208054</LatitudeDegrees><LongitudeDegrees>-34.94908661</LongitudeDegrees></Position><HeartRateBpm><Value>171</Value></HeartRateBpm><Cadence>88</Cadence><Extensions><ns3:TPX><ns3:Speed>2.4000000953674316</ns3:Speed><ns3:Pace>0.41</ns3:Pace></ns3:TPX></Extensions></Trackpoint><Trackpoint><Time>2025-08-12T21:59:29Z</Time><Position><LatitudeDegrees>-8.05209087</LatitudeDegrees><LongitudeDegrees>-34.94907195</LongitudeDegrees></Position><HeartRateBpm><Value>170</Value></HeartRateBpm><Cadence>87</Cadence><Extensions><ns3:TPX><ns3:Speed>2.390000104904175</ns3:Speed><ns3:Pace>0.41</ns3:Pace></ns3:TPX></Extensions></Trackpoint><Trackpoint><Time>2025-08-12T21:59:30Z</Time><Position><LatitudeDegrees>-8.05209987</LatitudeDegrees><LongitudeDegrees>-34.94905595</LongitudeDegrees></Position><HeartRateBpm><Value>170</Value></HeartRateBpm><Cadence>87</Cadence><Extensions><ns3:TPX><ns3:Speed>2.390000104904175</ns3:Speed><ns3:Pace>0.42</ns3:Pace></ns3:TPX></Extensions></Trackpoint><Trackpoint><Time>2025-08-12T21:59:31Z</Time><Position><LatitudeDegrees>-8.0521082</LatitudeDegrees><LongitudeDegrees>-34.94903896</LongitudeDegrees></Position><HeartRateBpm><Value>169</Value></HeartRateBpm><Cadence>86</Cadence><Extensions><ns3:TPX><ns3:Speed>2.380000114440918</ns3:Speed><ns3:Pace>0.42</ns3:Pace></ns3:TPX></Extensions></Trackpoint><Trackpoint><Time>2025-08-12T21:59:32Z</Time><Position><LatitudeDegrees>-8.05211119</LatitudeDegrees><LongitudeDegrees>-34.94902296</LongitudeDegrees></Position><HeartRateBpm><Value>170</Value></HeartRateBpm><Cadence>87</Cadence><Extensions><ns3:TPX><ns3:Speed>2.369999885559082</ns3:Speed><ns3:Pace>0.42</ns3:Pace></ns3:TPX></Extensions></Trackpoint><Trackpoint><Time>2025-08-12T21:59:33Z</Time><Position><LatitudeDegrees>-8.05211485</LatitudeDegrees><LongitudeDegrees>-34.94900597</LongitudeDegrees></Position><HeartRateBpm><Value>170</Value></HeartRateBpm><Cadence>89</Cadence><Extensions><ns3:TPX><ns3:Speed>2.359999895095825</ns3:Speed><ns3:Pace>0.42</ns3:Pace></ns3:TPX></Extensions></Trackpoint><Trackpoint><Time>2025-08-12T21:59:34Z</Time><Position><LatitudeDegrees>-8.05211885</LatitudeDegrees><LongitudeDegrees>-34.94898831</LongitudeDegrees></Position><HeartRateBpm><Value>170</Value></HeartRateBpm><Cadence>89</Cadence><Extensions><ns3:TPX><ns3:Speed>2.359999895095825</ns3:Speed><ns3:Pace>0.42</ns3:Pace></ns3:TPX></Extensions></Trackpoint><Trackpoint><Time>2025-08-12T21:59:35Z</Time><Position><LatitudeDegrees>-8.05212051</LatitudeDegrees><LongitudeDegrees>-34.94896965</LongitudeDegrees></Position><HeartRateBpm><Value>171</Value></HeartRateBpm><Cadence>89</Cadence><Extensions><ns3:TPX><ns3:Speed>2.3499999046325684</ns3:Speed><ns3:Pace>0.42</ns3:Pace></ns3:TPX></Extensions></Trackpoint><Trackpoint><Time>2025-08-12T21:59:36Z</Time><Position><LatitudeDegrees>-8.05211752</LatitudeDegrees><LongitudeDegrees>-34.94895266</LongitudeDegrees></Position><HeartRateBpm><Value>171</Value></HeartRateBpm><Cadence>89</Cadence><Extensions><ns3:TPX><ns3:Speed>2.3499999046325684</ns3:Speed><ns3:Pace>0.42</ns3:Pace></ns3:TPX></Extensions></Trackpoint><Trackpoint><Time>2025-08-12T21:59:37Z</Time><Position><LatitudeDegrees>-8.05211352</LatitudeDegrees><LongitudeDegrees>-34.948936</LongitudeDegrees></Position><HeartRateBpm><Value>171</Value></HeartRateBpm><Cadence>88</Cadence><Extensions><ns3:TPX><ns3:Speed>2.3399999141693115</ns3:Speed><ns3:Pace>0.42</ns3:Pace></ns3:TPX></Extensions></Trackpoint><Trackpoint><Time>2025-08-12T21:59:38Z</Time><Position><LatitudeDegrees>-8.05211085</LatitudeDegrees><LongitudeDegrees>-34.948918</LongitudeDegrees></Position><HeartRateBpm><Value>171</Value></HeartRateBpm><Cadence>88</Cadence><Extensions><ns3:TPX><ns3:Speed>2.3299999237060547</ns3:Speed><ns3:Pace>0.42</ns3:Pace></ns3:TPX></Extensions></Trackpoint><Trackpoint><Time>2025-08-12T21:59:39Z</Time><Position><LatitudeDegrees>-8.05210853</LatitudeDegrees><LongitudeDegrees>-34.94890133</LongitudeDegrees></Position><HeartRateBpm><Value>171</Value></HeartRateBpm><Cadence>88</Cadence><Extensions><ns3:TPX><ns3:Speed>2.3299999237060547</ns3:Speed><ns3:Pace>0.42</ns3:Pace></ns3:TPX></Extensions></Trackpoint><Trackpoint><Time>2025-08-12T21:59:40Z</Time><Position><LatitudeDegrees>-8.05210586</LatitudeDegrees><LongitudeDegrees>-34.94888668</LongitudeDegrees></Position><HeartRateBpm><Value>171</Value></HeartRateBpm><Cadence>88</Cadence><Extensions><ns3:TPX><ns3:Speed>2.3299999237060547</ns3:Speed><ns3:Pace>0.45</ns3:Pace></ns3:TPX></Extensions></Trackpoint><Trackpoint><Time>2025-08-12T21:59:41Z</Time><Position><LatitudeDegrees>-8.0521042</LatitudeDegrees><LongitudeDegrees>-34.94887435</LongitudeDegrees></Position><HeartRateBpm><Value>171</Value></HeartRateBpm><Cadence>88</Cadence><Extensions><ns3:TPX><ns3:Speed>2.200000047683716</ns3:Speed><ns3:Pace>0.48</ns3:Pace></ns3:TPX></Extensions></Trackpoint><Trackpoint><Time>2025-08-12T21:59:42Z</Time><Position><LatitudeDegrees>-8.05210354</LatitudeDegrees><LongitudeDegrees>-34.94886369</LongitudeDegrees></Position><HeartRateBpm><Value>171</Value></HeartRateBpm><Cadence>88</Cadence><Extensions><ns3:TPX><ns3:Speed>2.0799999237060547</ns3:Speed><ns3:Pace>0.48</ns3:Pace></ns3:TPX></Extensions></Trackpoint><Trackpoint><Time>2025-08-12T21:59:43Z</Time><Position><LatitudeDegrees>-8.05210254</LatitudeDegrees><LongitudeDegrees>-34.94885269</LongitudeDegrees></Position><HeartRateBpm><Value>171</Value></HeartRateBpm><Cadence>88</Cadence><Extensions><ns3:TPX><ns3:Speed>2.059999942779541</ns3:Speed><ns3:Pace>0.51</ns3:Pace></ns3:TPX></Extensions></Trackpoint><Trackpoint><Time>2025-08-12T21:59:44Z</Time><Position><LatitudeDegrees>-8.05210222</LatitudeDegrees><LongitudeDegrees>-34.94884036</LongitudeDegrees></Position><HeartRateBpm><Value>171</Value></HeartRateBpm><Cadence>88</Cadence><Extensions><ns3:TPX><ns3:Speed>1.9299999475479126</ns3:Speed><ns3:Pace>0.58</ns3:Pace></ns3:TPX></Extensions></Trackpoint><Trackpoint><Time>2025-08-12T21:59:45Z</Time><Position><LatitudeDegrees>-8.05210287</LatitudeDegrees><LongitudeDegrees>-34.94882703</LongitudeDegrees></Position><HeartRateBpm><Value>171</Value></HeartRateBpm><Cadence>88</Cadence><Extensions><ns3:TPX><ns3:Speed>1.7200000286102295</ns3:Speed><ns3:Pace>0.58</ns3:Pace></ns3:TPX></Extensions></Trackpoint><Trackpoint><Time>2025-08-12T21:59:46Z</Time><Position><LatitudeDegrees>-8.05210354</LatitudeDegrees><LongitudeDegrees>-34.94881303</LongitudeDegrees></Position><HeartRateBpm><Value>171</Value></HeartRateBpm><Cadence>88</Cadence><Extensions><ns3:TPX><ns3:Speed>1.7200000286102295</ns3:Speed><ns3:Pace>0.65</ns3:Pace></ns3:TPX></Extensions></Trackpoint><Trackpoint><Time>2025-08-12T21:59:47Z</Time><Position><LatitudeDegrees>-8.05210321</LatitudeDegrees><LongitudeDegrees>-34.94879903</LongitudeDegrees></Position><HeartRateBpm><Value>171</Value></HeartRateBpm><Cadence>88</Cadence><Extensions><ns3:TPX><ns3:Speed>1.5299999713897705</ns3:Speed><ns3:Pace>0.68</ns3:Pace></ns3:TPX></Extensions></Trackpoint><Trackpoint><Time>2025-08-12T21:59:48Z</Time><Position><LatitudeDegrees>-8.05210288</LatitudeDegrees><LongitudeDegrees>-34.94878603</LongitudeDegrees></Position><HeartRateBpm><Value>171</Value></HeartRateBpm><Cadence>88</Cadence><Extensions><ns3:TPX><ns3:Speed>1.4600000381469727</ns3:Speed><ns3:Pace>0.7</ns3:Pace></ns3:TPX></Extensions></Trackpoint><Trackpoint><Time>2025-08-12T21:59:49Z</Time><Position><LatitudeDegrees>-8.05210321</LatitudeDegrees><LongitudeDegrees>-34.94877471</LongitudeDegrees></Position><HeartRateBpm><Value>172</Value></HeartRateBpm><Cadence>88</Cadence><Extensions><ns3:TPX><ns3:Speed>1.4199999570846558</ns3:Speed><ns3:Pace>0.73</ns3:Pace></ns3:TPX></Extensions></Trackpoint><Trackpoint><Time>2025-08-12T21:59:50Z</Time><Position><LatitudeDegrees>-8.05210321</LatitudeDegrees><LongitudeDegrees>-34.94876272</LongitudeDegrees></Position><HeartRateBpm><Value>173</Value></HeartRateBpm><Cadence>88</Cadence><Extensions><ns3:TPX><ns3:Speed>1.350000023841858</ns3:Speed><ns3:Pace>0.74</ns3:Pace></ns3:TPX></Extensions></Trackpoint><Trackpoint><Time>2025-08-12T21:59:51Z</Time><Position><LatitudeDegrees>-8.05210453</LatitudeDegrees><LongitudeDegrees>-34.94874972</LongitudeDegrees></Position><HeartRateBpm><Value>174</Value></HeartRateBpm><Cadence>88</Cadence><Extensions><ns3:TPX><ns3:Speed>1.340000033378601</ns3:Speed><ns3:Pace>0.74</ns3:Pace></ns3:TPX></Extensions></Trackpoint><Trackpoint><Time>2025-08-12T21:59:52Z</Time><Position><LatitudeDegrees>-8.05210686</LatitudeDegrees><LongitudeDegrees>-34.94873673</LongitudeDegrees></Position><HeartRateBpm><Value>174</Value></HeartRateBpm><Cadence>88</Cadence><Extensions><ns3:TPX><ns3:Speed>1.340000033378601</ns3:Speed><ns3:Pace>0.74</ns3:Pace></ns3:TPX></Extensions></Trackpoint><Trackpoint><Time>2025-08-12T21:59:53Z</Time><Position><LatitudeDegrees>-8.05211185</LatitudeDegrees><LongitudeDegrees>-34.94872306</LongitudeDegrees></Position><HeartRateBpm><Value>174</Value></HeartRateBpm><Cadence>88</Cadence><Extensions><ns3:TPX><ns3:Speed>1.340000033378601</ns3:Speed><ns3:Pace>0.71</ns3:Pace></ns3:TPX></Extensions></Trackpoint><Trackpoint><Time>2025-08-12T21:59:54Z</Time><Position><LatitudeDegrees>-8.05211684</LatitudeDegrees><LongitudeDegrees>-34.9487084</LongitudeDegrees></Position><HeartRateBpm><Value>173</Value></HeartRateBpm><Cadence>88</Cadence><Extensions><ns3:TPX><ns3:Speed>1.3899999856948853</ns3:Speed><ns3:Pace>0.71</ns3:Pace></ns3:TPX></Extensions></Trackpoint><Trackpoint><Time>2025-08-12T21:59:55Z</Time><Cadence>88</Cadence><Extensions><ns3:TPX><ns3:Speed>1.3899999856948853</ns3:Speed></ns3:TPX></Extensions></Trackpoint></Track></Lap></Activity></Activities></TrainingCenterDatabase>