<?xml version="1.0" encoding="UTF-8"?><TrainingCenterDatabase xmlns="http://www.garmin.com/xmlschemas/TrainingCenterDatabase/v2" xmlns:ns2="http://www.garmin.com/xmlschemas/UserProfile/v2" xmlns:ns3="http://www.garmin.com/xmlschemas/ActivityExtension/v2" xmlns:ns5="http://www.garmin.com/xmlschemas/ActivityGoals/v1" xmlns:xsi="http://www.w3.org/2001/XMLSchema-instance" xsi:schemaLocation="http://www.garmin.com/xmlschemas/TrainingCenterDatabase/v2 http://www.garmin.com/xmlschemas/TrainingCenterDatabasev2.xsd"><Activities><Activity Sport="Run"><Id>2025-08-17T21:10:24Z</Id><Creator><Name>Amazfit Bip U Pro</Name></Creator><Lap StartTime="2025-08-17T21:10:24Z"><Calories>412.0</Calories><DistanceMeters>5021.0</DistanceMeters><TotalTimeSeconds>2059</TotalTimeSeconds><AverageHeartRateBpm><Value>149</Value></AverageHeartRateBpm><Extensions><ns3:LX><ns3:AvgSpeed>0.41</ns3:AvgSpeed></ns3:LX></Extensions><Track><Trackpoint><Time>2025-08-17T21:10:24Z</Time></Trackpoint><Trackpoint><Time>2025-08-17T21:10:35Z</Time><Cadence>87</Cadence><Extensions><ns3:TPX><ns3:Speed>0.0</ns3:Speed></ns3:TPX></Extensions></Trackpoint><Trackpoint><Time>2025-08-17T21:10:41Z</Time><HeartRateBpm><Value>100</Value></HeartRateBpm><Cadence>87</Cadence><Extensions><ns3:TPX><ns3:Speed>0.0</ns3:Speed></ns3:TPX></Extensions></Trackpoint><Trackpoint><Time>2025-08-17T21:10:42Z</Time><HeartRateBpm><Value>99</Value></HeartRateBpm><Cadence>87</Cadence><Extensions><ns3:TPX><ns3:Speed>0.0</ns3:Speed></ns3:TPX></Extensions></Trackpoint><Trackpoint><Time>2025-08-17T21:10:45Z</Time><Position><LatitudeDegrees>-8.05571667</LatitudeDegrees><LongitudeDegrees>-34.95553167</LongitudeDegrees></Position><HeartRateBpm><Value>101</Value></HeartRateBpm><Cadence>86</Cadence><Extensions><ns3:TPX><ns3:Speed>0.0</ns3:Speed></ns3:TPX></Extensions></Trackpoint><Trackpoint><Time>2025-08-17T21:10:46Z</Time><Position><LatitudeDegrees>-8.05571333</LatitudeDegrees><LongitudeDegrees>-34.95551968</LongitudeDegrees></Position><HeartRateBpm><Value>101</Value></HeartRateBpm><Cadence>87</Cadence><Extensions><ns3:TPX><ns3:Speed>0.0</ns3:Speed></ns3:TPX></Extensions></Trackpoint><Trackpoint><Time>2025-08-17T21:10:47Z</Time><Position><LatitudeDegrees>-8.05569068</LatitudeDegrees><LongitudeDegrees>-34.95549335</LongitudeDegrees></Position><HeartRateBpm><Value>102</Value></HeartRateBpm><Cadence>87</Cadence><Extensions><ns3:TPX><ns3:Speed>0.0</ns3:Speed></ns3:TPX></Extensions></Trackpoint><Trackpoint><Time>2025-08-17T21:10:48Z</Time><Position><LatitudeDegrees>-8.05566334</LatitudeDegrees><LongitudeDegrees>-34.95546169</LongitudeDegrees></Position><HeartRateBpm><Value>103</Value></HeartRateBpm><Cadence>87</Cadence><Extensions><ns3:TPX><ns3:Speed>0.0</ns3:Speed></ns3:TPX></Extensions></Trackpoint><Trackpoint><Time>2025-08-17T21:10:49Z</Time><Position><LatitudeDegrees>-8.05563635</LatitudeDegrees><LongitudeDegrees>-34.95542603</LongitudeDegrees></Position><HeartRateBpm><Value>103</Value></HeartRateBpm><Cadence>87</Cadence><Extensions><ns3:TPX><ns3:Speed>0.0</ns3:Speed><ns3:Pace>1.49</ns3:Pace></ns3:TPX></Extensions></Trackpoint><Trackpoint><Time>2025-08-17T21:10:50Z</Time><Position><LatitudeDegrees>-8.05561035</LatitudeDegrees><LongitudeDegrees>-34.95538936</LongitudeDegrees></Position><HeartRateBpm><Value>107</Value></HeartRateBpm><Cadence>88</Cadence><Extensions><ns3:TPX><ns3:Speed>0.6600000262260437</ns3:Speed><ns3:Pace>0.64</ns3:Pace></ns3:TPX></Extensions></Trackpoint><Trackpoint><Time>2025-08-17T21:10:51Z</Time><Position><LatitudeDegrees>-8.05558636</LatitudeDegrees><LongitudeDegrees>-34.95535436</LongitudeDegrees></Position><HeartRateBpm><Value>113</Value></HeartRateBpm><Cadence>88</Cadence><Extensions><ns3:TPX><ns3:Speed>1.5399999618530273</ns3:Speed><ns3:Pace>0.45</ns3:Pace></ns3:TPX></Extensions></Trackpoint><Trackpoint><Time>2025-08-17T21:10:52Z</Time><Position><LatitudeDegrees>-8.05556836</LatitudeDegrees><LongitudeDegrees>-34.95532237</LongitudeDegrees></Position><HeartRateBpm><Value>116</Value></HeartRateBpm><Cadence>88</Cadence><Extensions><ns3:TPX><ns3:Speed>2.180000066757202</ns3:Speed><ns3:Pace>0.33</ns3:Pace></ns3:TPX></Extensions></Trackpoint><Trackpoint><Time>2025-08-17T21:10:53Z</Time><Position><LatitudeDegrees>-8.05555571</LatitudeDegrees><LongitudeDegrees>-34.95529405</LongitudeDegrees></Position><HeartRateBpm><Value>118</Value></HeartRateBpm><Cadence>88</Cadence><Extensions><ns3:TPX><ns3:Speed>2.9800000190734863</ns3:Speed><ns3:Pace>0.29</ns3:Pace></ns3:TPX></Extensions></Trackpoint><Trackpoint><Time>2025-08-17T21:10:54Z</Time><Position><LatitudeDegrees>-8.05554671</LatitudeDegrees><LongitudeDegrees>-34.95526605</LongitudeDegrees></Position><HeartRateBpm><Value>119</Value></HeartRateBpm><Cadence>88</Cadence><Extensions><ns3:TPX><ns3:Speed>3.3499999046325684</ns3:Speed><ns3:Pace>0.29</ns3:Pace></ns3:TPX></Extensions></Trackpoint><Trackpoint><Time>2025-08-17T21:10:55Z</Time><Position><LatitudeDegrees>-8.05553837</LatitudeDegrees><LongitudeDegrees>-34.95523773</LongitudeDegrees></Position><HeartRateBpm><Value>119</Value></HeartRateBpm><Cadence>88</Cadence><Extensions><ns3:TPX><ns3:Speed>3.3499999046325684</ns3:Speed><ns3:Pace>0.29</ns3:Pace></ns3:TPX></Extensions></Trackpoint><Trackpoint><Time>2025-08-17T21:10:56Z</Time><Position><LatitudeDegrees>-8.05553305</LatitudeDegrees><LongitudeDegrees>-34.95521073</LongitudeDegrees></Position><HeartRateBpm><Value>120</Value></HeartRateBpm><Cadence>88</Cadence><Extensions><ns3:TPX><ns3:Speed>3.3499999046325684</ns3:Speed><ns3:Pace>0.3</ns3:Pace></ns3:TPX></Extensions></Trackpoint><Trackpoint><Time>2025-08-17T21:10:57Z</Time><Position><LatitudeDegrees>-8.05552972</LatitudeDegrees><LongitudeDegrees>-34.95518239</LongitudeDegrees></Position><HeartRateBpm><Value>117</Value></HeartRateBpm><Cadence>88</Cadence><Extensions><ns3:TPX><ns3:Speed>3.299999952316284</ns3:Speed><ns3:Pace>0.32</ns3:Pace></ns3:TPX></Extensions></Trackpoint><Trackpoint><Time>2025-08-17T21:10:58Z</Time><Position><LatitudeDegrees>-8.05552939</LatitudeDegrees><LongitudeDegrees>-34.95515439</LongitudeDegrees></Position><HeartRateBpm><Value>116</Value></HeartRateBpm><Cadence>87</Cadence><Extensions><ns3:TPX><ns3:Speed>3.0999999046325684</ns3:Speed><ns3:Pace>0.34</ns3:Pace></ns3:TPX></Extensions></Trackpoint><Trackpoint><Time>2025-08-17T21:10:59Z</Time><Position><LatitudeDegrees>-8.05553005</LatitudeDegrees><LongitudeDegrees>-34.95512939</LongitudeDegrees></Position><HeartRateBpm><Value>115</Value></HeartRateBpm><Cadence>87</Cadence><Extensions><ns3:TPX><ns3:Speed>2.890000104904175</ns3:Speed><ns3:Pace>0.35</ns3:Pace></ns3:TPX></Extensions></Trackpoint><Trackpoint><Time>2025-08-17T21:11:00Z</Time><Position><LatitudeDegrees>-8.05553105</LatitudeDegrees><LongitudeDegrees>-34.9551054</LongitudeDegrees></Position><HeartRateBpm><Value>115</Value></HeartRateBpm><Cadence>87</Cadence><Extensions><ns3:TPX><ns3:Speed>2.809999942779541</ns3:Speed><ns3:Pace>0.35</ns3:Pace></ns3:TPX></Extensions></Trackpoint><Trackpoint><Time>2025-08-17T21:11:01Z</Time><Position><LatitudeDegrees>-8.05553337</LatitudeDegrees><LongitudeDegrees>-34.9550844</LongitudeDegrees></Position><HeartRateBpm><Value>115</Value></HeartRateBpm><Cadence>87</Cadence><Extensions><ns3:TPX><ns3:Speed>2.809999942779541</ns3:Speed><ns3:Pace>0.36</ns3:Pace></ns3:TPX></Extensions></Trackpoint><Trackpoint><Time>2025-08-17T21:11:02Z</Time><Position><LatitudeDegrees>-8.05553703</LatitudeDegrees><LongitudeDegrees>-34.9550654</LongitudeDegrees></Position><HeartRateBpm><Value>115</Value></HeartRateBpm><Cadence>88</Cadence><Extensions><ns3:TPX><ns3:Speed>2.7699999809265137</ns3:Speed><ns3:Pace>0.36</ns3:Pace></ns3:TPX></Extensions></Trackpoint><Trackpoint><Time>2025-08-17T21:11:03Z</Time><Position><LatitudeDegrees>-8.05554303</LatitudeDegrees><LongitudeDegrees>-34.95504608</LongitudeDegrees></Position><HeartRateBpm><Value>115</Value></HeartRateBpm><Cadence>88</Cadence><Extensions><ns3:TPX><ns3:Speed>2.7200000286102295</ns3:Speed><ns3:Pace>0.38</ns3:Pace></ns3:TPX></Extensions></Trackpoint><Trackpoint><Time>2025-08-17T21:11:04Z</Time><Position><LatitudeDegrees>-8.05554303</LatitudeDegrees><LongitudeDegrees>-34.95502241</LongitudeDegrees></Position><HeartRateBpm><Value>114</Value></HeartRateBpm><Cadence>87</Cadence><Extensions><ns3:TPX><ns3:Speed>2.619999885559082</ns3:Speed><ns3:Pace>0.39</ns3:Pace></ns3:TPX></Extensions></Trackpoint><Trackpoint><Time>2025-08-17T21:11:05Z</Time><Position><LatitudeDegrees>-8.0555437</LatitudeDegrees><LongitudeDegrees>-34.95499842</LongitudeDegrees></Position><HeartRateBpm><Value>113</Value></HeartRateBpm><Cadence>88</Cadence><Extensions><ns3:TPX><ns3:Speed>2.5299999713897705</ns3:Speed><ns3:Pace>0.39</ns3:Pace></ns3:TPX></Extensions></Trackpoint><Trackpoint><Time>2025-08-17T21:11:06Z</Time><Position><LatitudeDegrees>-8.05554303</LatitudeDegrees><LongitudeDegrees>-34.95497376</LongitudeDegrees></Position><HeartRateBpm><Value>111</Value></HeartRateBpm><Cadence>88</Cadence><Extensions><ns3:TPX><ns3:Speed>2.509999990463257</ns3:Speed><ns3:Pace>0.39</ns3:Pace></ns3:TPX></Extensions></Trackpoint><Trackpoint><Time>2025-08-17T21:11:07Z</Time><Position><LatitudeDegrees>-8.05554204</LatitudeDegrees><LongitudeDegrees>-34.95495009</LongitudeDegrees></Position><HeartRateBpm><Value>111</Value></HeartRateBpm><Cadence>88</Cadence><Extensions><ns3:TPX><ns3:Speed>2.509999990463257</ns3:Speed><ns3:Pace>0.39</ns3:Pace></ns3:TPX></Extensions></Trackpoint><Trackpoint><Time>2025-08-17T21:11:08Z</Time><Position><LatitudeDegrees>-8.05553904</LatitudeDegrees><LongitudeDegrees>-34.95492377</LongitudeDegrees></Position><HeartRateBpm><Value>111</Value></HeartRateBpm><Cadence>88</Cadence><Extensions><ns3:TPX><ns3:Speed>2.509999990463257</ns3:Speed><ns3:Pace>0.39</ns3:Pace></ns3:TPX></Extensions></Trackpoint><Trackpoint><Time>2025-08-17T21:11:09Z</Time><Position><LatitudeDegrees>-8.05553605</LatitudeDegrees><LongitudeDegrees>-34.95489811</LongitudeDegrees></Position><HeartRateBpm><Value>111</Value></HeartRateBpm><Cadence>87</Cadence><Extensions><ns3:TPX><ns3:Speed>2.509999990463257</ns3:Speed><ns3:Pace>0.39</ns3:Pace></ns3:TPX></Extensions></Trackpoint><Trackpoint><Time>2025-08-17T21:11:10Z</Time><Position><LatitudeDegrees>-8.05553572</LatitudeDegrees><LongitudeDegrees>-34.95487078</LongitudeDegrees></Position><HeartRateBpm><Value>111</Value></HeartRateBpm><Cadence>88</Cadence><Extensions><ns3:TPX><ns3:Speed>2.549999952316284</ns3:Speed><ns3:Pace>0.38</ns3:Pace></ns3:TPX></Extensions></Trackpoint><Trackpoint><Time>2025-08-17T21:11:11Z</Time><Position><LatitudeDegrees>-8.05553539</LatitudeDegrees><LongitudeDegrees>-34.95484544</LongitudeDegrees></Position><HeartRateBpm><Value>110</Value></HeartRateBpm><Cadence>88</Cadence><Extensions><ns3:TPX><ns3:Speed>2.5899999141693115</ns3:Speed><ns3:Pace>0.38</ns3:Pace></ns3:TPX></Extensions></Trackpoint><Trackpoint><Time>2025-08-17T21:11:12Z</Time><Position><LatitudeDegrees>-8.05553639</LatitudeDegrees><LongitudeDegrees>-34.95482012</LongitudeDegrees></Position><HeartRateBpm><Value>110</Value></HeartRateBpm><Cadence>88</Cadence><Extensions><ns3:TPX><ns3:Speed>2.619999885559082</ns3:Speed><ns3:Pace>0.38</ns3:Pace></ns3:TPX></Extensions></Trackpoint><Trackpoint><Time>2025-08-17T21:11:13Z</Time><Position><LatitudeDegrees>-8.05553805</LatitudeDegrees><LongitudeDegrees>-34.95479546</LongitudeDegrees></Position><HeartRateBpm><Value>110</Value></HeartRateBpm><Cadence>88</Cadence><Extensions><ns3:TPX><ns3:Speed>2.619999885559082</ns3:Speed><ns3:Pace>0.37</ns3:Pace></ns3:TPX></Extensions></Trackpoint><Trackpoint><Time>2025-08-17T21:11:14Z</Time><Position><LatitudeDegrees>-8.05553971</LatitudeDegrees><LongitudeDegrees>-34.9547718</LongitudeDegrees></Position><HeartRateBpm><Value>110</Value></HeartRateBpm><Cadence>87</Cadence><Extensions><ns3:TPX><ns3:Speed>2.6500000953674316</ns3:Speed><ns3:Pace>0.37</ns3:Pace></ns3:TPX></Extensions></Trackpoint><Trackpoint><Time>2025-08-17T21:11:15Z</Time><Position><LatitudeDegrees>-8.05554137</LatitudeDegrees><LongitudeDegrees>-34.95474881</LongitudeDegrees></Position><HeartRateBpm><Value>110</Value></HeartRateBpm><Cadence>87</Cadence><Extensions><ns3:TPX><ns3:Speed>2.6600000858306885</ns3:Speed><ns3:Pace>0.37</ns3:Pace></ns3:TPX></Extensions></Trackpoint><Trackpoint><Time>2025-08-17T21:11:16Z</Time><Position><LatitudeDegrees>-8.0555437</LatitudeDegrees><LongitudeDegrees>-34.95472447</LongitudeDegrees></Position><HeartRateBpm><Value>111</Value></HeartRateBpm><Cadence>87</Cadence><Extensions><ns3:TPX><ns3:Speed>2.6600000858306885</ns3:Speed><ns3:Pace>0.37</ns3:Pace></ns3:TPX></Extensions></Trackpoint><Trackpoint><Time>2025-08-17T21:11:17Z</Time><Position><LatitudeDegrees>-8.05554469</LatitudeDegrees><LongitudeDegrees>-34.95470115</LongitudeDegrees></Position><HeartRateBpm><Value>112</Value></HeartRateBpm><Cadence>87</Cadence><Extensions><ns3:TPX><ns3:Speed>2.6600000858306885</ns3:Speed><ns3:Pace>0.37</ns3:Pace></ns3:TPX></Extensions></Trackpoint><Trackpoint><Time>2025-08-17T21:11:18Z</Time><Position><LatitudeDegrees>-8.05554469</LatitudeDegrees><LongitudeDegrees>-34.95467715</LongitudeDegrees></Position><HeartRateBpm><Value>112</Value></HeartRateBpm><Cadence>88</Cadence><Extensions><ns3:TPX><ns3:Speed>2.6600000858306885</ns3:Speed><ns3:Pace>0.37</ns3:Pace></ns3:TPX></Extensions></Trackpoint><Trackpoint><Time>2025-08-17T21:11:19Z</Time><Position><LatitudeDegrees>-8.05554534</LatitudeDegrees><LongitudeDegrees>-34.95465316</LongitudeDegrees></Position><HeartRateBpm><Value>112</Value></HeartRateBpm><Cadence>88</Cadence><Extensions><ns3:TPX><ns3:Speed>2.6600000858306885</ns3:Speed><ns3:Pace>0.37</ns3:Pace></ns3:TPX></Extensions></Trackpoint><Trackpoint><Time>2025-08-17T21:11:20Z</Time><Position><LatitudeDegrees>-8.05554668</LatitudeDegrees><LongitudeDegrees>-34.95462916</LongitudeDegrees></Position><HeartRateBpm><Value>112</Value></HeartRateBpm><Cadence>88</Cadence><Extensions><ns3:TPX><ns3:Speed>2.640000104904175</ns3:Speed><ns3:Pace>0.38</ns3:Pace></ns3:TPX></Extensions></Trackpoint><Trackpoint><Time>2025-08-17T21:11:21Z</Time><Position><LatitudeDegrees>-8.05554834</LatitudeDegrees><LongitudeDegrees>-34.95460484</LongitudeDegrees></Position><HeartRateBpm><Value>112</Value></HeartRateBpm><Cadence>87</Cadence><Extensions><ns3:TPX><ns3:Speed>2.619999885559082</ns3:Speed><ns3:Pace>0.38</ns3:Pace></ns3:TPX></Extensions></Trackpoint><Trackpoint><Time>2025-08-17T21:11:22Z</Time><Position><LatitudeDegrees>-8.05554867</LatitudeDegrees><LongitudeDegrees>-34.95458017</LongitudeDegrees></Position><HeartRateBpm><Value>112</Value></HeartRateBpm><Cadence>88</Cadence><Extensions><ns3:TPX><ns3:Speed>2.619999885559082</ns3:Speed><ns3:Pace>0.38</ns3:Pace></ns3:TPX></Extensions></Trackpoint><Trackpoint><Time>2025-08-17T21:11:23Z</Time><Position><LatitudeDegrees>-8.05554701</LatitudeDegrees><LongitudeDegrees>-34.95455451</LongitudeDegrees></Position><HeartRateBpm><Value>112</Value></HeartRateBpm><Cadence>88</Cadence><Extensions><ns3:TPX><ns3:Speed>2.619999885559082</ns3:Speed><ns3:Pace>0.37</ns3:Pace></ns3:TPX></Extensions></Trackpoint><Trackpoint><Time>2025-08-17T21:11:24Z</Time><Position><LatitudeDegrees>-8.05554634</LatitudeDegrees><LongitudeDegrees>-34.95452785</LongitudeDegrees></Position><HeartRateBpm><Value>111</Value></HeartRateBpm><Cadence>88</Cadence><Extensions><ns3:TPX><ns3:Speed>2.640000104904175</ns3:Speed><ns3:Pace>0.37</ns3:Pace></ns3:TPX></Extensions></Trackpoint><Trackpoint><Time>2025-08-17T21:11:25Z</Time><Position><LatitudeDegrees>-8.05554534</LatitudeDegrees><LongitudeDegrees>-34.95450186</LongitudeDegrees></Position><HeartRateBpm><Value>111</Value></HeartRateBpm><Cadence>88</Cadence><Extensions><ns3:TPX><ns3:Speed>2.640000104904175</ns3:Speed><ns3:Pace>0.37</ns3:Pace></ns3:TPX></Extensions></Trackpoint><Trackpoint><Time>2025-08-17T21:11:26Z</Time><Position><LatitudeDegrees>-8.05554402</LatitudeDegrees><LongitudeDegrees>-34.95447452</LongitudeDegrees></Position><HeartRateBpm><Value>111</Value></HeartRateBpm><Cadence>88</Cadence><Extensions><ns3:TPX><ns3:Speed>2.6500000953674316</ns3:Speed><ns3:Pace>0.37</ns3:Pace></ns3:TPX></Extensions></Trackpoint><Trackpoint><Time>2025-08-17T21:11:27Z</Time><Position><LatitudeDegrees>-8.05554435</LatitudeDegrees><LongitudeDegrees>-34.95444787</LongitudeDegrees></Position><HeartRateBpm><Value>112</Value></HeartRateBpm><Cadence>88</Cadence><Extensions><ns3:TPX><ns3:Speed>2.6500000953674316</ns3:Speed><ns3:Pace>0.37</ns3:Pace></ns3:TPX></Extensions></Trackpoint><Trackpoint><Time>2025-08-17T21:11:28Z</Time><Position><LatitudeDegrees>-8.05554402</LatitudeDegrees><LongitudeDegrees>-34.95441921</LongitudeDegrees></Position><HeartRateBpm><Value>112</Value></HeartRateBpm><Cadence>88</Cadence><Extensions><ns3:TPX><ns3:Speed>2.6500000953674316</ns3:Speed><ns3:Pace>0.37</ns3:Pace></ns3:TPX></Extensions></Trackpoint><Trackpoint><Time>2025-08-17T21:11:29Z</Time><Position><LatitudeDegrees>-8.0555427</LatitudeDegrees><LongitudeDegrees>-34.95438988</LongitudeDegrees></Position><HeartRateBpm><Value>112</Value></HeartRateBpm><Cadence>88</Cadence><Extensions><ns3:TPX><ns3:Speed>2.6500000953674316</ns3:Speed><ns3:Pace>0.37</ns3:Pace></ns3:TPX></Extensions></Trackpoint><Trackpoint><Time>2025-08-17T21:11:30Z</Time><Position><LatitudeDegrees>-8.0555427</LatitudeDegrees><LongitudeDegrees>-34.95436222</LongitudeDegrees></Position><HeartRateBpm><Value>112</Value></HeartRateBpm><Cadence>88</Cadence><Extensions><ns3:TPX><ns3:Speed>2.6600000858306885</ns3:Speed><ns3:Pace>0.37</ns3:Pace></ns3:TPX></Extensions></Trackpoint><Trackpoint><Time>2025-08-17T21:11:31Z</Time><Position><LatitudeDegrees>-8.05554303</LatitudeDegrees><LongitudeDegrees>-34.95433455</LongitudeDegrees></Position><HeartRateBpm><Value>112</Value></HeartRateBpm><Cadence>88</Cadence><Extensions><ns3:TPX><ns3:Speed>2.6600000858306885</ns3:Speed><ns3:Pace>0.37</ns3:Pace></ns3:TPX></Extensions></Trackpoint><Trackpoint><Time>2025-08-17T21:11:32Z</Time><Position><LatitudeDegrees>-8.0555437</LatitudeDegrees><LongitudeDegrees>-34.95430789</LongitudeDegrees></Position><HeartRateBpm><Value>112</Value></HeartRateBpm><Cadence>88</Cadence><Extensions><ns3:TPX><ns3:Speed>2.6700000762939453</ns3:Speed><ns3:Pace>0.37</ns3:Pace></ns3:TPX></Extensions></Trackpoint><Trackpoint><Time>2025-08-17T21:11:33Z</Time><Position><LatitudeDegrees>-8.05554402</LatitudeDegrees><LongitudeDegrees>-34.95428255</LongitudeDegrees></Position><HeartRateBpm><Value>113</Value></HeartRateBpm><Cadence>88</Cadence><Extensions><ns3:TPX><ns3:Speed>2.680000066757202</ns3:Speed><ns3:Pace>0.37</ns3:Pace></ns3:TPX></Extensions></Trackpoint><Trackpoint><Time>2025-08-17T21:11:34Z</Time><Position><LatitudeDegrees>-8.05554435</LatitudeDegrees><LongitudeDegrees>-34.95425656</LongitudeDegrees></Position><HeartRateBpm><Value>113</Value></HeartRateBpm><Cadence>87</Cadence><Extensions><ns3:TPX><ns3:Speed>2.680000066757202</ns3:Speed><ns3:Pace>0.37</ns3:Pace></ns3:TPX></Extensions></Trackpoint><Trackpoint><Time>2025-08-17T21:11:35Z</Time><Position><LatitudeDegrees>-8.05554668</LatitudeDegrees><LongitudeDegrees>-34.95423156</LongitudeDegrees></Position><HeartRateBpm><Value>114</Value></HeartRateBpm><Cadence>88</Cadence><Extensions><ns3:TPX><ns3:Speed>2.690000057220459</ns3:Speed><ns3:Pace>0.37</ns3:Pace></ns3:TPX></Extensions></Trackpoint><Trackpoint><Time>2025-08-17T21:11:36Z</Time><Position><LatitudeDegrees>-8.05555001</LatitudeDegrees><LongitudeDegrees>-34.95420591</LongitudeDegrees></Position><HeartRateBpm><Value>115</Value></HeartRateBpm><Cadence>88</Cadence><Extensions><ns3:TPX><ns3:Speed>2.690000057220459</ns3:Speed><ns3:Pace>0.37</ns3:Pace></ns3:TPX></Extensions></Trackpoint><Trackpoint><Time>2025-08-17T21:11:37Z</Time><Position><LatitudeDegrees>-8.05555433</LatitudeDegrees><LongitudeDegrees>-34.95418091</LongitudeDegrees></Position><HeartRateBpm><Value>115</Value></HeartRateBpm><Cadence>88</Cadence><Extensions><ns3:TPX><ns3:Speed>2.690000057220459</ns3:Speed><ns3:Pace>0.37</ns3:Pace></ns3:TPX></Extensions></Trackpoint><Trackpoint><Time>2025-08-17T21:11:38Z</Time><Position><LatitudeDegrees>-8.055557</LatitudeDegrees><LongitudeDegrees>-34.95415557</LongitudeDegrees></Position><HeartRateBpm><Value>115</Value></HeartRateBpm><Cadence>88</Cadence><Extensions><ns3:TPX><ns3:Speed>2.700000047683716</ns3:Speed><ns3:Pace>0.37</ns3:Pace></ns3:TPX></Extensions></Trackpoint><Trackpoint><Time>2025-08-17T21:11:39Z</Time><Position><LatitudeDegrees>-8.05555799</LatitudeDegrees><LongitudeDegrees>-34.95413124</LongitudeDegrees></Position><HeartRateBpm><Value>115</Value></HeartRateBpm><Cadence>88</Cadence><Extensions><ns3:TPX><ns3:Speed>2.700000047683716</ns3:Speed><ns3:Pace>0.37</ns3:Pace></ns3:TPX></Extensions></Trackpoint><Trackpoint><Time>2025-08-17T21:11:40Z</Time><Position><LatitudeDegrees>-8.05555767</LatitudeDegrees><LongitudeDegrees>-34.95410758</LongitudeDegrees></Position><HeartRateBpm><Value>115</Value></HeartRateBpm><Cadence>88</Cadence><Extensions><ns3:TPX><ns3:Speed>2.700000047683716</ns3:Speed><ns3:Pace>0.37</ns3:Pace></ns3:TPX></Extensions></Trackpoint><Trackpoint><Time>2025-08-17T21:11:41Z</Time><Position><LatitudeDegrees>-8.05555932</LatitudeDegrees><LongitudeDegrees>-34.95408359</LongitudeDegrees></Position><HeartRateBpm><Value>116</Value></HeartRateBpm><Cadence>88</Cadence><Extensions><ns3:TPX><ns3:Speed>2.700000047683716</ns3:Speed><ns3:Pace>0.37</ns3:Pace></ns3:TPX></Extensions></Trackpoint><Trackpoint><Time>2025-08-17T21:11:42Z</Time><Position><LatitudeDegrees>-8.05556232</LatitudeDegrees><LongitudeDegrees>-34.95406026</LongitudeDegrees></Position><HeartRateBpm><Value>117</Value></HeartRateBpm><Cadence>88</Cadence><Extensions><ns3:TPX><ns3:Speed>2.700000047683716</ns3:Speed><ns3:Pace>0.37</ns3:Pace></ns3:TPX></Extensions></Trackpoint><Trackpoint><Time>2025-08-17T21:11:43Z</Time><Position><LatitudeDegrees>-8.05556431</LatitudeDegrees><LongitudeDegrees>-34.95403494</LongitudeDegrees></Position><HeartRateBpm><Value>117</Value></HeartRateBpm><Cadence>88</Cadence><Extensions><ns3:TPX><ns3:Speed>2.700000047683716</ns3:Speed><ns3:Pace>0.37</ns3:Pace></ns3:TPX></Extensions></Trackpoint><Trackpoint><Time>2025-08-17T21:11:44Z</Time><Position><LatitudeDegrees>-8.05556698</LatitudeDegrees><LongitudeDegrees>-34.95401027</LongitudeDegrees></Position><HeartRateBpm><Value>117</Value></HeartRateBpm><Cadence>88</Cadence><Extensions><ns3:TPX><ns3:Speed>2.700000047683716</ns3:Speed><ns3:Pace>0.37</ns3:Pace></ns3:TPX></Extensions></Trackpoint><Trackpoint><Time>2025-08-17T21:11:45Z</Time><Position><LatitudeDegrees>-8.05556864</LatitudeDegrees><LongitudeDegrees>-34.95398628</LongitudeDegrees></Position><HeartRateBpm><Value>117</Value></HeartRateBpm><Cadence>88</Cadence><Extensions><ns3:TPX><ns3:Speed>2.700000047683716</ns3:Speed><ns3:Pace>0.37</ns3:Pace></ns3:TPX></Extensions></Trackpoint><Trackpoint><Time>2025-08-17T21:11:46Z</Time><Position><LatitudeDegrees>-8.05556797</LatitudeDegrees><LongitudeDegrees>-34.95396195</LongitudeDegrees></Position><HeartRateBpm><Value>117</Value></HeartRateBpm><Cadence>88</Cadence><Extensions><ns3:TPX><ns3:Speed>2.690000057220459</ns3:Speed><ns3:Pace>0.37</ns3:Pace></ns3:TPX></Extensions></Trackpoint><Trackpoint><Time>2025-08-17T21:11:47Z</Time><Position><LatitudeDegrees>-8.05556797</LatitudeDegrees><LongitudeDegrees>-34.95393929</LongitudeDegrees></Position><HeartRateBpm><Value>117</Value></HeartRateBpm><Cadence>88</Cadence><Extensions><ns3:TPX><ns3:Speed>2.690000057220459</ns3:Speed><ns3:Pace>0.37</ns3:Pace></ns3:TPX></Extensions></Trackpoint><Trackpoint><Time>2025-08-17T21:11:48Z</Time><Position><LatitudeDegrees>-8.05556631</LatitudeDegrees><LongitudeDegrees>-34.9539183</LongitudeDegrees></Position><HeartRateBpm><Value>117</Value></HeartRateBpm><Cadence>87</Cadence><Extensions><ns3:TPX><ns3:Speed>2.690000057220459</ns3:Speed><ns3:Pace>0.37</ns3:Pace></ns3:TPX></Extensions></Trackpoint><Trackpoint><Time>2025-08-17T21:11:49Z</Time><Position><LatitudeDegrees>-8.05556199</LatitudeDegrees><LongitudeDegrees>-34.95389863</LongitudeDegrees></Position><HeartRateBpm><Value>118</Value></HeartRateBpm><Cadence>87</Cadence><Extensions><ns3:TPX><ns3:Speed>2.680000066757202</ns3:Speed><ns3:Pace>0.37</ns3:Pace></ns3:TPX></Extensions></Trackpoint><Trackpoint><Time>2025-08-17T21:11:50Z</Time><Position><LatitudeDegrees>-8.05555366</LatitudeDegrees><LongitudeDegrees>-34.95387997</LongitudeDegrees></Position><HeartRateBpm><Value>118</Value></HeartRateBpm><Cadence>87</Cadence><Extensions><ns3:TPX><ns3:Speed>2.680000066757202</ns3:Speed><ns3:Pace>0.37</ns3:Pace></ns3:TPX></Extensions></Trackpoint><Trackpoint><Time>2025-08-17T21:11:51Z</Time><Position><LatitudeDegrees>-8.05554099</LatitudeDegrees><LongitudeDegrees>-34.9538633</LongitudeDegrees></Position><HeartRateBpm><Value>118</Value></HeartRateBpm><Cadence>87</Cadence><Extensions><ns3:TPX><ns3:Speed>2.680000066757202</ns3:Speed><ns3:Pace>0.37</ns3:Pace></ns3:TPX></Extensions></Trackpoint><Trackpoint><Time>2025-08-17T21:11:52Z</Time><Position><LatitudeDegrees>-8.05552467</LatitudeDegrees><LongitudeDegrees>-34.95384963</LongitudeDegrees></Position><HeartRateBpm><Value>118</Value></HeartRateBpm><Cadence>88</Cadence><Extensions><ns3:TPX><ns3:Speed>2.680000066757202</ns3:Speed><ns3:Pace>0.37</ns3:Pace></ns3:TPX></Extensions></Trackpoint><Trackpoint><Time>2025-08-17T21:11:53Z</Time><Position><LatitudeDegrees>-8.05550768</LatitudeDegrees><LongitudeDegrees>-34.95383998</LongitudeDegrees></Position><HeartRateBpm><Value>118</Value></HeartRateBpm><Cadence>88</Cadence><Extensions><ns3:TPX><ns3:Speed>2.680000066757202</ns3:Speed><ns3:Pace>0.37</ns3:Pace></ns3:TPX></Extensions></Trackpoint><Trackpoint><Time>2025-08-17T21:11:54Z</Time><Position><LatitudeDegrees>-8.05549001</LatitudeDegrees><LongitudeDegrees>-34.95383164</LongitudeDegrees></Position><HeartRateBpm><Value>117</Value></HeartRateBpm><Cadence>88</Cadence><Extensions><ns3:TPX><ns3:Speed>2.6700000762939453</ns3:Speed><ns3:Pace>0.37</ns3:Pace></ns3:TPX></Extensions></Trackpoint><Trackpoint><Time>2025-08-17T21:11:55Z</Time><Position><LatitudeDegrees>-8.05547234</LatitudeDegrees><LongitudeDegrees>-34.95382465</LongitudeDegrees></Position><HeartRateBpm><Value>117</Value></HeartRateBpm><Cadence>88</Cadence><Extensions><ns3:TPX><ns3:Speed>2.6600000858306885</ns3:Speed><ns3:Pace>0.37</ns3:Pace></ns3:TPX></Extensions></Trackpoint><Trackpoint><Time>2025-08-17T21:11:56Z</Time><Position><LatitudeDegrees>-8.05545368</LatitudeDegrees><LongitudeDegrees>-34.95381932</LongitudeDegrees></Position><HeartRateBpm><Value>117</Value></HeartRateBpm><Cadence>88</Cadence><Extensions><ns3:TPX><ns3:Speed>2.6600000858306885</ns3:Speed><ns3:Pace>0.37</ns3:Pace></ns3:TPX></Extensions></Trackpoint><Trackpoint><Time>2025-08-17T21:11:57Z</Time><Position><LatitudeDegrees>-8.05543534</LatitudeDegrees><LongitudeDegrees>-34.95381565</LongitudeDegrees></Position><HeartRateBpm><Value>117</Value></HeartRateBpm><Cadence>88</Cadence><Extensions><ns3:TPX><ns3:Speed>2.6500000953674316</ns3:Speed><ns3:Pace>0.37</ns3:Pace></ns3:TPX></Extensions></Trackpoint><Trackpoint><Time>2025-08-17T21:11:58Z</Time><Position><LatitudeDegrees>-8.05541668</LatitudeDegrees><LongitudeDegrees>-34.953813</LongitudeDegrees></Position><HeartRateBpm><Value>117</Value></HeartRateBpm><Cadence>88</Cadence><Extensions><ns3:TPX><ns3:Speed>2.640000104904175</ns3:Speed><ns3:Pace>0.37</ns3:Pace></ns3:TPX></Extensions></Trackpoint><Trackpoint><Time>2025-08-17T21:11:59Z</Time><Position><LatitudeDegrees>-8.05539568</LatitudeDegrees><LongitudeDegrees>-34.953813</LongitudeDegrees></Position><HeartRateBpm><Value>117</Value></HeartRateBpm><Cadence>89</Cadence><Extensions><ns3:TPX><ns3:Speed>2.630000114440918</ns3:Speed><ns3:Pace>0.38</ns3:Pace></ns3:TPX></Extensions></Trackpoint><Trackpoint><Time>2025-08-17T21:12:00Z</Time><Position><LatitudeDegrees>-8.05537469</LatitudeDegrees><LongitudeDegrees>-34.95381366</LongitudeDegrees></Position><HeartRateBpm><Value>117</Value></HeartRateBpm><Cadence>89</Cadence><Extensions><ns3:TPX><ns3:Speed>2.630000114440918</ns3:Speed><ns3:Pace>0.38</ns3:Pace></ns3:TPX></Extensions></Trackpoint><Trackpoint><Time>2025-08-17T21:12:01Z</Time><Position><LatitudeDegrees>-8.05535302</LatitudeDegrees><LongitudeDegrees>-34.95381465</LongitudeDegrees></Position><HeartRateBpm><Value>117</Value></HeartRateBpm><Cadence>89</Cadence><Extensions><ns3:TPX><ns3:Speed>2.630000114440918</ns3:Speed><ns3:Pace>0.38</ns3:Pace></ns3:TPX></Extensions></Trackpoint><Trackpoint><Time>2025-08-17T21:12:02Z</Time><Position><LatitudeDegrees>-8.05533069</LatitudeDegrees><LongitudeDegrees>-34.95381498</LongitudeDegrees></Position><HeartRateBpm><Value>117</Value></HeartRateBpm><Cadence>88</Cadence><Extensions><ns3:TPX><ns3:Speed>2.609999895095825</ns3:Speed><ns3:Pace>0.38</ns3:Pace></ns3:TPX></Extensions></Trackpoint><Trackpoint><Time>2025-08-17T21:12:03Z</Time><Position><LatitudeDegrees>-8.05530735</LatitudeDegrees><LongitudeDegrees>-34.95381432</LongitudeDegrees></Position><HeartRateBpm><Value>117</Value></HeartRateBpm><Cadence>88</Cadence><Extensions><ns3:TPX><ns3:Speed>2.609999895095825</ns3:Speed><ns3:Pace>0.38</ns3:Pace></ns3:TPX></Extensions></Trackpoint><Trackpoint><Time>2025-08-17T21:12:04Z</Time><Position><LatitudeDegrees>-8.05528403</LatitudeDegrees><LongitudeDegrees>-34.953811</LongitudeDegrees></Position><HeartRateBpm><Value>117</Value></HeartRateBpm><Cadence>88</Cadence><Extensions><ns3:TPX><ns3:Speed>2.5999999046325684</ns3:Speed><ns3:Pace>0.38</ns3:Pace></ns3:TPX></Extensions></Trackpoint><Trackpoint><Time>2025-08-17T21:12:05Z</Time><Position><LatitudeDegrees>-8.05526103</LatitudeDegrees><LongitudeDegrees>-34.95380733</LongitudeDegrees></Position><HeartRateBpm><Value>116</Value></HeartRateBpm><Cadence>87</Cadence><Extensions><ns3:TPX><ns3:Speed>2.5899999141693115</ns3:Speed><ns3:Pace>0.38</ns3:Pace></ns3:TPX></Extensions></Trackpoint><Trackpoint><Time>2025-08-17T21:12:06Z</Time><Position><LatitudeDegrees>-8.05523704</LatitudeDegrees><LongitudeDegrees>-34.95380567</LongitudeDegrees></Position><HeartRateBpm><Value>116</Value></HeartRateBpm><Cadence>88</Cadence><Extensions><ns3:TPX><ns3:Speed>2.5899999141693115</ns3:Speed><ns3:Pace>0.38</ns3:Pace></ns3:TPX></Extensions></Trackpoint><Trackpoint><Time>2025-08-17T21:12:07Z</Time><Position><LatitudeDegrees>-8.05521104</LatitudeDegrees><LongitudeDegrees>-34.95380535</LongitudeDegrees></Position><HeartRateBpm><Value>116</Value></HeartRateBpm><Cadence>88</Cadence><Extensions><ns3:TPX><ns3:Speed>2.5899999141693115</ns3:Speed><ns3:Pace>0.38</ns3:Pace></ns3:TPX></Extensions></Trackpoint><Trackpoint><Time>2025-08-17T21:12:08Z</Time><Position><LatitudeDegrees>-8.05518572</LatitudeDegrees><LongitudeDegrees>-34.95380601</LongitudeDegrees></Position><HeartRateBpm><Value>116</Value></HeartRateBpm><Cadence>87</Cadence><Extensions><ns3:TPX><ns3:Speed>2.5899999141693115</ns3:Speed><ns3:Pace>0.38</ns3:Pace></ns3:TPX></Extensions></Trackpoint><Trackpoint><Time>2025-08-17T21:12:09Z</Time><Position><LatitudeDegrees>-8.05516238</LatitudeDegrees><LongitudeDegrees>-34.95380666</LongitudeDegrees></Position><HeartRateBpm><Value>116</Value></HeartRateBpm><Cadence>88</Cadence><Extensions><ns3:TPX><ns3:Speed>2.5899999141693115</ns3:Speed><ns3:Pace>0.38</ns3:Pace></ns3:TPX></Extensions></Trackpoint><Trackpoint><Time>2025-08-17T21:12:10Z</Time><Position><LatitudeDegrees>-8.05513872</LatitudeDegrees><LongitudeDegrees>-34.953805</LongitudeDegrees></Position><HeartRateBpm><Value>116</Value></HeartRateBpm><Cadence>88</Cadence><Extensions><ns3:TPX><ns3:Speed>2.5899999141693115</ns3:Speed><ns3:Pace>0.38</ns3:Pace></ns3:TPX></Extensions></Trackpoint><Trackpoint><Time>2025-08-17T21:12:11Z</Time><Position><LatitudeDegrees>-8.05511338</LatitudeDegrees><LongitudeDegrees>-34.95380201</LongitudeDegrees></Position><HeartRateBpm><Value>116</Value></HeartRateBpm><Cadence>87</Cadence><Extensions><ns3:TPX><ns3:Speed>2.5899999141693115</ns3:Speed><ns3:Pace>0.38</ns3:Pace></ns3:TPX></Extensions></Trackpoint><Trackpoint><Time>2025-08-17T21:12:12Z</Time><Position><LatitudeDegrees>-8.05508806</LatitudeDegrees><LongitudeDegrees>-34.95379634</LongitudeDegrees></Position><HeartRateBpm><Value>116</Value></HeartRateBpm><Cadence>88</Cadence><Extensions><ns3:TPX><ns3:Speed>2.5899999141693115</ns3:Speed><ns3:Pace>0.38</ns3:Pace></ns3:TPX></Extensions></Trackpoint><Trackpoint><Time>2025-08-17T21:12:13Z</Time><Position><LatitudeDegrees>-8.05506139</LatitudeDegrees><LongitudeDegrees>-34.95378935</LongitudeDegrees></Position><HeartRateBpm><Value>116</Value></HeartRateBpm><Cadence>88</Cadence><Extensions><ns3:TPX><ns3:Speed>2.5899999141693115</ns3:Speed><ns3:Pace>0.38</ns3:Pace></ns3:TPX></Extensions></Trackpoint><Trackpoint><Time>2025-08-17T21:12:14Z</Time><Position><LatitudeDegrees>-8.0550354</LatitudeDegrees><LongitudeDegrees>-34.95378102</LongitudeDegrees></Position><HeartRateBpm><Value>116</Value></HeartRateBpm><Cadence>88</Cadence><Extensions><ns3:TPX><ns3:Speed>2.5899999141693115</ns3:Speed><ns3:Pace>0.38</ns3:Pace></ns3:TPX></Extensions></Trackpoint><Trackpoint><Time>2025-08-17T21:12:15Z</Time><Position><LatitudeDegrees>-8.05501174</LatitudeDegrees><LongitudeDegrees>-34.95377535</LongitudeDegrees></Position><HeartRateBpm><Value>116</Value></HeartRateBpm><Cadence>88</Cadence><Extensions><ns3:TPX><ns3:Speed>2.5999999046325684</ns3:Speed><ns3:Pace>0.38</ns3:Pace></ns3:TPX></Extensions></Trackpoint><Trackpoint><Time>2025-08-17T21:12:16Z</Time><Position><LatitudeDegrees>-8.05498807</LatitudeDegrees><LongitudeDegrees>-34.95377136</LongitudeDegrees></Position><HeartRateBpm><Value>116</Value></HeartRateBpm><Cadence>88</Cadence><Extensions><ns3:TPX><ns3:Speed>2.5999999046325684</ns3:Speed><ns3:Pace>0.38</ns3:Pace></ns3:TPX></Extensions></Trackpoint><Trackpoint><Time>2025-08-17T21:12:17Z</Time><Position><LatitudeDegrees>-8.05496507</LatitudeDegrees><LongitudeDegrees>-34.95377003</LongitudeDegrees></Position><HeartRateBpm><Value>116</Value></HeartRateBpm><Cadence>88</Cadence><Extensions><ns3:TPX><ns3:Speed>2.609999895095825</ns3:Speed><ns3:Pace>0.38</ns3:Pace></ns3:TPX></Extensions></Trackpoint><Trackpoint><Time>2025-08-17T21:12:18Z</Time><Position><LatitudeDegrees>-8.05494208</LatitudeDegrees><LongitudeDegrees>-34.95376836</LongitudeDegrees></Position><HeartRateBpm><Value>116</Value></HeartRateBpm><Cadence>88</Cadence><Extensions><ns3:TPX><ns3:Speed>2.609999895095825</ns3:Speed><ns3:Pace>0.38</ns3:Pace></ns3:TPX></Extensions></Trackpoint><Trackpoint><Time>2025-08-17T21:12:19Z</Time><Position><LatitudeDegrees>-8.05491841</LatitudeDegrees><LongitudeDegrees>-34.95376804</LongitudeDegrees></Position><HeartRateBpm><Value>116</Value></HeartRateBpm><Cadence>88</Cadence><Extensions><ns3:TPX><ns3:Speed>2.609999895095825</ns3:Speed><ns3:Pace>0.38</ns3:Pace></ns3:TPX></Extensions></Trackpoint><Trackpoint><Time>2025-08-17T21:12:20Z</Time><Position><LatitudeDegrees>-8.05489376</LatitudeDegrees><LongitudeDegrees>-34.95376605</LongitudeDegrees></Position><HeartRateBpm><Value>116</Value></HeartRateBpm><Cadence>88</Cadence><Extensions><ns3:TPX><ns3:Speed>2.609999895095825</ns3:Speed><ns3:Pace>0.38</ns3:Pace></ns3:TPX></Extensions></Trackpoint><Trackpoint><Time>2025-08-17T21:12:21Z</Time><Position><LatitudeDegrees>-8.05486909</LatitudeDegrees><LongitudeDegrees>-34.95376405</LongitudeDegrees></Position><HeartRateBpm><Value>117</Value></HeartRateBpm><Cadence>88</Cadence><Extensions><ns3:TPX><ns3:Speed>2.609999895095825</ns3:Speed><ns3:Pace>0.38</ns3:Pace></ns3:TPX></Extensions></Trackpoint><Trackpoint><Time>2025-08-17T21:12:22Z</Time><Position><LatitudeDegrees>-8.05484542</LatitudeDegrees><LongitudeDegrees>-34.95376339</LongitudeDegrees></Position><HeartRateBpm><Value>118</Value></HeartRateBpm><Cadence>88</Cadence><Extensions><ns3:TPX><ns3:Speed>2.609999895095825</ns3:Speed><ns3:Pace>0.38</ns3:Pace></ns3:TPX></Extensions></Trackpoint><Trackpoint><Time>2025-08-17T21:12:23Z</Time><Position><LatitudeDegrees>-8.0548211</LatitudeDegrees><LongitudeDegrees>-34.95376172</LongitudeDegrees></Position><HeartRateBpm><Value>118</Value></HeartRateBpm><Cadence>88</Cadence><Extensions><ns3:TPX><ns3:Speed>2.609999895095825</ns3:Speed><ns3:Pace>0.38</ns3:Pace></ns3:TPX></Extensions></Trackpoint><Trackpoint><Time>2025-08-17T21:12:24Z</Time><Position><LatitudeDegrees>-8.05479844</LatitudeDegrees><LongitudeDegrees>-34.95376006</LongitudeDegrees></Position><HeartRateBpm><Value>119</Value></HeartRateBpm><Cadence>88</Cadence><Extensions><ns3:TPX><ns3:Speed>2.609999895095825</ns3:Speed><ns3:Pace>0.38</ns3:Pace></ns3:TPX></Extensions></Trackpoint><Trackpoint><Time>2025-08-17T21:12:25Z</Time><Position><LatitudeDegrees>-8.05477644</LatitudeDegrees><LongitudeDegrees>-34.95375973</LongitudeDegrees></Position><HeartRateBpm><Value>120</Value></HeartRateBpm><Cadence>88</Cadence><Extensions><ns3:TPX><ns3:Speed>2.619999885559082</ns3:Speed><ns3:Pace>0.38</ns3:Pace></ns3:TPX></Extensions></Trackpoint><Trackpoint><Time>2025-08-17T21:12:26Z</Time><Position><LatitudeDegrees>-8.05475412</LatitudeDegrees><LongitudeDegrees>-34.9537604</LongitudeDegrees></Position><HeartRateBpm><Value>120</Value></HeartRateBpm><Cadence>88</Cadence><Extensions><ns3:TPX><ns3:Speed>2.619999885559082</ns3:Speed><ns3:Pace>0.38</ns3:Pace></ns3:TPX></Extensions></Trackpoint><Trackpoint><Time>2025-08-17T21:12:27Z</Time><Position><LatitudeDegrees>-8.05473212</LatitudeDegrees><LongitudeDegrees>-34.95376307</LongitudeDegrees></Position><HeartRateBpm><Value>121</Value></HeartRateBpm><Cadence>88</Cadence><Extensions><ns3:TPX><ns3:Speed>2.619999885559082</ns3:Speed><ns3:Pace>0.38</ns3:Pace></ns3:TPX></Extensions></Trackpoint><Trackpoint><Time>2025-08-17T21:12:28Z</Time><Position><LatitudeDegrees>-8.05471013</LatitudeDegrees><LongitudeDegrees>-34.95376706</LongitudeDegrees></Position><HeartRateBpm><Value>122</Value></HeartRateBpm><Cadence>89</Cadence><Extensions><ns3:TPX><ns3:Speed>2.619999885559082</ns3:Speed><ns3:Pace>0.38</ns3:Pace></ns3:TPX></Extensions></Trackpoint><Trackpoint><Time>2025-08-17T21:12:29Z</Time><Position><LatitudeDegrees>-8.05468646</LatitudeDegrees><LongitudeDegrees>-34.95377139</LongitudeDegrees></Position><HeartRateBpm><Value>122</Value></HeartRateBpm><Cadence>88</Cadence><Extensions><ns3:TPX><ns3:Speed>2.609999895095825</ns3:Speed><ns3:Pace>0.38</ns3:Pace></ns3:TPX></Extensions></Trackpoint><Trackpoint><Time>2025-08-17T21:12:30Z</Time><Position><LatitudeDegrees>-8.05466181</LatitudeDegrees><LongitudeDegrees>-34.95377538</LongitudeDegrees></Position><HeartRateBpm><Value>122</Value></HeartRateBpm><Cadence>88</Cadence><Extensions><ns3:TPX><ns3:Speed>2.609999895095825</ns3:Speed><ns3:Pace>0.38</ns3:Pace></ns3:TPX></Extensions></Trackpoint><Trackpoint><Time>2025-08-17T21:12:31Z</Time><Position><LatitudeDegrees>-8.05463714</LatitudeDegrees><LongitudeDegrees>-34.9537787</LongitudeDegrees></Position><HeartRateBpm><Value>122</Value></HeartRateBpm><Cadence>88</Cadence><Extensions><ns3:TPX><ns3:Speed>2.609999895095825</ns3:Speed><ns3:Pace>0.38</ns3:Pace></ns3:TPX></Extensions></Trackpoint><Trackpoint><Time>2025-08-17T21:12:32Z</Time><Position><LatitudeDegrees>-8.05461315</LatitudeDegrees><LongitudeDegrees>-34.95378304</LongitudeDegrees></Position><HeartRateBpm><Value>122</Value></HeartRateBpm><Cadence>88</Cadence><Extensions><ns3:TPX><ns3:Speed>2.609999895095825</ns3:Speed><ns3:Pace>0.38</ns3:Pace></ns3:TPX></Extensions></Trackpoint><Trackpoint><Time>2025-08-17T21:12:33Z</Time><Position><LatitudeDegrees>-8.05459082</LatitudeDegrees><LongitudeDegrees>-34.95378903</LongitudeDegrees></Position><HeartRateBpm><Value>122</Value></HeartRateBpm><Cadence>88</Cadence><Extensions><ns3:TPX><ns3:Speed>2.609999895095825</ns3:Speed><ns3:Pace>0.38</ns3:Pace></ns3:TPX></Extensions></Trackpoint><Trackpoint><Time>2025-08-17T21:12:34Z</Time><Position><LatitudeDegrees>-8.05457016</LatitudeDegrees><LongitudeDegrees>-34.95379835</LongitudeDegrees></Position><HeartRateBpm><Value>122</Value></HeartRateBpm><Cadence>88</Cadence><Extensions><ns3:TPX><ns3:Speed>2.609999895095825</ns3:Speed><ns3:Pace>0.38</ns3:Pace></ns3:TPX></Extensions></Trackpoint><Trackpoint><Time>2025-08-17T21:12:35Z</Time><Position><LatitudeDegrees>-8.05455216</LatitudeDegrees><LongitudeDegrees>-34.95380935</LongitudeDegrees></Position><HeartRateBpm><Value>122</Value></HeartRateBpm><Cadence>89</Cadence><Extensions><ns3:TPX><ns3:Speed>2.609999895095825</ns3:Speed><ns3:Pace>0.38</ns3:Pace></ns3:TPX></Extensions></Trackpoint><Trackpoint><Time>2025-08-17T21:12:36Z</Time><Position><LatitudeDegrees>-8.05453517</LatitudeDegrees><LongitudeDegrees>-34.95382167</LongitudeDegrees></Position><HeartRateBpm><Value>122</Value></HeartRateBpm><Cadence>89</Cadence><Extensions><ns3:TPX><ns3:Speed>2.609999895095825</ns3:Speed><ns3:Pace>0.38</ns3:Pace></ns3:TPX></Extensions></Trackpoint><Trackpoint><Time>2025-08-17T21:12:37Z</Time><Position><LatitudeDegrees>-8.05451918</LatitudeDegrees><LongitudeDegrees>-34.953836</LongitudeDegrees></Position><HeartRateBpm><Value>122</Value></HeartRateBpm><Cadence>88</Cadence><Extensions><ns3:TPX><ns3:Speed>2.609999895095825</ns3:Speed><ns3:Pace>0.38</ns3:Pace></ns3:TPX></Extensions></Trackpoint><Trackpoint><Time>2025-08-17T21:12:38Z</Time><Position><LatitudeDegrees>-8.05450585</LatitudeDegrees><LongitudeDegrees>-34.95385133</LongitudeDegrees></Position><HeartRateBpm><Value>122</Value></HeartRateBpm><Cadence>88</Cadence><Extensions><ns3:TPX><ns3:Speed>2.609999895095825</ns3:Speed><ns3:Pace>0.38</ns3:Pace></ns3:TPX></Extensions></Trackpoint><Trackpoint><Time>2025-08-17T21:12:39Z</Time><Position><LatitudeDegrees>-8.05449452</LatitudeDegrees><LongitudeDegrees>-34.95386899</LongitudeDegrees></Position><HeartRateBpm><Value>122</Value></HeartRateBpm><Cadence>88</Cadence><Extensions><ns3:TPX><ns3:Speed>2.609999895095825</ns3:Speed><ns3:Pace>0.38</ns3:Pace></ns3:TPX></Extensions></Trackpoint><Trackpoint><Time>2025-08-17T21:12:40Z</Time><Position><LatitudeDegrees>-8.05448552</LatitudeDegrees><LongitudeDegrees>-34.95388699</LongitudeDegrees></Position><HeartRateBpm><Value>123</Value></HeartRateBpm><Cadence>88</Cadence><Extensions><ns3:TPX><ns3:Speed>2.5999999046325684</ns3:Speed><ns3:Pace>0.38</ns3:Pace></ns3:TPX></Extensions></Trackpoint><Trackpoint><Time>2025-08-17T21:12:41Z</Time><Position><LatitudeDegrees>-8.05447986</LatitudeDegrees><LongitudeDegrees>-34.95390498</LongitudeDegrees></Position><HeartRateBpm><Value>123</Value></HeartRateBpm><Cadence>89</Cadence><Extensions><ns3:TPX><ns3:Speed>2.5899999141693115</ns3:Speed><ns3:Pace>0.38</ns3:Pace></ns3:TPX></Extensions></Trackpoint><Trackpoint><Time>2025-08-17T21:12:42Z</Time><Position><LatitudeDegrees>-8.0544772</LatitudeDegrees><LongitudeDegrees>-34.95392297</LongitudeDegrees></Position><HeartRateBpm><Value>123</Value></HeartRateBpm><Cadence>89</Cadence><Extensions><ns3:TPX><ns3:Speed>2.5899999141693115</ns3:Speed><ns3:Pace>0.38</ns3:Pace></ns3:TPX></Extensions></Trackpoint><Trackpoint><Time>2025-08-17T21:12:43Z</Time><Position><LatitudeDegrees>-8.05447653</LatitudeDegrees><LongitudeDegrees>-34.95394163</LongitudeDegrees></Position><HeartRateBpm><Value>123</Value></HeartRateBpm><Cadence>88</Cadence><Extensions><ns3:TPX><ns3:Speed>2.5899999141693115</ns3:Speed><ns3:Pace>0.38</ns3:Pace></ns3:TPX></Extensions></Trackpoint><Trackpoint><Time>2025-08-17T21:12:44Z</Time><Position><LatitudeDegrees>-8.05447653</LatitudeDegrees><LongitudeDegrees>-34.9539603</LongitudeDegrees></Position><HeartRateBpm><Value>123</Value></HeartRateBpm><Cadence>88</Cadence><Extensions><ns3:TPX><ns3:Speed>2.5899999141693115</ns3:Speed><ns3:Pace>0.38</ns3:Pace></ns3:TPX></Extensions></Trackpoint><Trackpoint><Time>2025-08-17T21:12:45Z</Time><Position><LatitudeDegrees>-8.05447752</LatitudeDegrees><LongitudeDegrees>-34.95398162</LongitudeDegrees></Position><HeartRateBpm><Value>123</Value></HeartRateBpm><Cadence>88</Cadence><Extensions><ns3:TPX><ns3:Speed>2.569999933242798</ns3:Speed><ns3:Pace>0.38</ns3:Pace></ns3:TPX></Extensions></Trackpoint><Trackpoint><Time>2025-08-17T21:12:46Z</Time><Position><LatitudeDegrees>-8.05447752</LatitudeDegrees><LongitudeDegrees>-34.95400396</LongitudeDegrees></Position><HeartRateBpm><Value>123</Value></HeartRateBpm><Cadence>87</Cadence><Extensions><ns3:TPX><ns3:Speed>2.569999933242798</ns3:Speed><ns3:Pace>0.39</ns3:Pace></ns3:TPX></Extensions></Trackpoint><Trackpoint><Time>2025-08-17T21:12:47Z</Time><Position><LatitudeDegrees>-8.0544772</LatitudeDegrees><LongitudeDegrees>-34.95402629</LongitudeDegrees></Position><HeartRateBpm><Value>124</Value></HeartRateBpm><Cadence>88</Cadence><Extensions><ns3:TPX><ns3:Speed>2.559999942779541</ns3:Speed><ns3:Pace>0.39</ns3:Pace></ns3:TPX></Extensions></Trackpoint><Trackpoint><Time>2025-08-17T21:12:48Z</Time><Position><LatitudeDegrees>-8.05447588</LatitudeDegrees><LongitudeDegrees>-34.95404829</LongitudeDegrees></Position><HeartRateBpm><Value>124</Value></HeartRateBpm><Cadence>88</Cadence><Extensions><ns3:TPX><ns3:Speed>2.549999952316284</ns3:Speed><ns3:Pace>0.39</ns3:Pace></ns3:TPX></Extensions></Trackpoint><Trackpoint><Time>2025-08-17T21:12:49Z</Time><Position><LatitudeDegrees>-8.05447454</LatitudeDegrees><LongitudeDegrees>-34.95406962</LongitudeDegrees></Position><HeartRateBpm><Value>124</Value></HeartRateBpm><Cadence>88</Cadence><Extensions><ns3:TPX><ns3:Speed>2.549999952316284</ns3:Speed><ns3:Pace>0.39</ns3:Pace></ns3:TPX></Extensions></Trackpoint><Trackpoint><Time>2025-08-17T21:12:50Z</Time><Position><LatitudeDegrees>-8.05447422</LatitudeDegrees><LongitudeDegrees>-34.95409061</LongitudeDegrees></Position><HeartRateBpm><Value>124</Value></HeartRateBpm><Cadence>88</Cadence><Extensions><ns3:TPX><ns3:Speed>2.549999952316284</ns3:Speed><ns3:Pace>0.39</ns3:Pace></ns3:TPX></Extensions></Trackpoint><Trackpoint><Time>2025-08-17T21:12:51Z</Time><Position><LatitudeDegrees>-8.05447654</LatitudeDegrees><LongitudeDegrees>-34.95410961</LongitudeDegrees></Position><HeartRateBpm><Value>124</Value></HeartRateBpm><Cadence>88</Cadence><Extensions><ns3:TPX><ns3:Speed>2.549999952316284</ns3:Speed><ns3:Pace>0.39</ns3:Pace></ns3:TPX></Extensions></Trackpoint><Trackpoint><Time>2025-08-17T21:12:52Z</Time><Position><LatitudeDegrees>-8.05448254</LatitudeDegrees><LongitudeDegrees>-34.95412827</LongitudeDegrees></Position><HeartRateBpm><Value>124</Value></HeartRateBpm><Cadence>87</Cadence><Extensions><ns3:TPX><ns3:Speed>2.5399999618530273</ns3:Speed><ns3:Pace>0.39</ns3:Pace></ns3:TPX></Extensions></Trackpoint><Trackpoint><Time>2025-08-17T21:12:53Z</Time><Position><LatitudeDegrees>-8.0544932</LatitudeDegrees><LongitudeDegrees>-34.95414427</LongitudeDegrees></Position><HeartRateBpm><Value>124</Value></HeartRateBpm><Cadence>87</Cadence><Extensions><ns3:TPX><ns3:Speed>2.5299999713897705</ns3:Speed><ns3:Pace>0.39</ns3:Pace></ns3:TPX></Extensions></Trackpoint><Trackpoint><Time>2025-08-17T21:12:54Z</Time><Position><LatitudeDegrees>-8.05450752</LatitudeDegrees><LongitudeDegrees>-34.9541566</LongitudeDegrees></Position><HeartRateBpm><Value>124</Value></HeartRateBpm><Cadence>87</Cadence><Extensions><ns3:TPX><ns3:Speed>2.5299999713897705</ns3:Speed><ns3:Pace>0.39</ns3:Pace></ns3:TPX></Extensions></Trackpoint><Trackpoint><Time>2025-08-17T21:12:55Z</Time><Position><LatitudeDegrees>-8.05452485</LatitudeDegrees><LongitudeDegrees>-34.95416493</LongitudeDegrees></Position><HeartRateBpm><Value>124</Value></HeartRateBpm><Cadence>86</Cadence><Extensions><ns3:TPX><ns3:Speed>2.5199999809265137</ns3:Speed><ns3:Pace>0.39</ns3:Pace></ns3:TPX></Extensions></Trackpoint><Trackpoint><Time>2025-08-17T21:12:56Z</Time><Position><LatitudeDegrees>-8.05454351</LatitudeDegrees><LongitudeDegrees>-34.95416859</LongitudeDegrees></Position><HeartRateBpm><Value>124</Value></HeartRateBpm><Cadence>86</Cadence><Extensions><ns3:TPX><ns3:Speed>2.5199999809265137</ns3:Speed><ns3:Pace>0.39</ns3:Pace></ns3:TPX></Extensions></Trackpoint><Trackpoint><Time>2025-08-17T21:12:57Z</Time><Position><LatitudeDegrees>-8.05456351</LatitudeDegrees><LongitudeDegrees>-34.95417192</LongitudeDegrees></Position><HeartRateBpm><Value>125</Value></HeartRateBpm><Cadence>86</Cadence><Extensions><ns3:TPX><ns3:Speed>2.509999990463257</ns3:Speed><ns3:Pace>0.39</ns3:Pace></ns3:TPX></Extensions></Trackpoint><Trackpoint><Time>2025-08-17T21:12:58Z</Time><Position><LatitudeDegrees>-8.0545855</LatitudeDegrees><LongitudeDegrees>-34.95417291</LongitudeDegrees></Position><HeartRateBpm><Value>124</Value></HeartRateBpm><Cadence>87</Cadence><Extensions><ns3:TPX><ns3:Speed>2.5</ns3:Speed><ns3:Pace>0.4</ns3:Pace></ns3:TPX></Extensions></Trackpoint><Trackpoint><Time>2025-08-17T21:12:59Z</Time><Position><LatitudeDegrees>-8.05461049</LatitudeDegrees><LongitudeDegrees>-34.95417192</LongitudeDegrees></Position><HeartRateBpm><Value>125</Value></HeartRateBpm><Cadence>87</Cadence><Extensions><ns3:TPX><ns3:Speed>2.5</ns3:Speed><ns3:Pace>0.4</ns3:Pace></ns3:TPX></Extensions></Trackpoint><Trackpoint><Time>2025-08-17T21:13:00Z</Time><Position><LatitudeDegrees>-8.05463816</LatitudeDegrees><LongitudeDegrees>-34.95417126</LongitudeDegrees></Position><HeartRateBpm><Value>125</Value></HeartRateBpm><Cadence>87</Cadence><Extensions><ns3:TPX><ns3:Speed>2.4800000190734863</ns3:Speed><ns3:Pace>0.4</ns3:Pace></ns3:TPX></Extensions></Trackpoint><Trackpoint><Time>2025-08-17T21:13:01Z</Time><Position><LatitudeDegrees>-8.05466782</LatitudeDegrees><LongitudeDegrees>-34.95417192</LongitudeDegrees></Position><HeartRateBpm><Value>125</Value></HeartRateBpm><Cadence>88</Cadence><Extensions><ns3:TPX><ns3:Speed>2.4800000190734863</ns3:Speed><ns3:Pace>0.4</ns3:Pace></ns3:TPX></Extensions></Trackpoint><Trackpoint><Time>2025-08-17T21:13:02Z</Time><Position><LatitudeDegrees>-8.05469747</LatitudeDegrees><LongitudeDegrees>-34.95417591</LongitudeDegrees></Position><HeartRateBpm><Value>125</Value></HeartRateBpm><Cadence>88</Cadence><Extensions><ns3:TPX><ns3:Speed>2.4800000190734863</ns3:Speed><ns3:Pace>0.4</ns3:Pace></ns3:TPX></Extensions></Trackpoint><Trackpoint><Time>2025-08-17T21:13:03Z</Time><Position><LatitudeDegrees>-8.05472681</LatitudeDegrees><LongitudeDegrees>-34.95418156</LongitudeDegrees></Position><HeartRateBpm><Value>124</Value></HeartRateBpm><Cadence>88</Cadence><Extensions><ns3:TPX><ns3:Speed>2.4700000286102295</ns3:Speed><ns3:Pace>0.4</ns3:Pace></ns3:TPX></Extensions></Trackpoint><Trackpoint><Time>2025-08-17T21:13:04Z</Time><Position><LatitudeDegrees>-8.05475546</LatitudeDegrees><LongitudeDegrees>-34.95418923</LongitudeDegrees></Position><HeartRateBpm><Value>124</Value></HeartRateBpm><Cadence>88</Cadence><Extensions><ns3:TPX><ns3:Speed>2.4800000190734863</ns3:Speed><ns3:Pace>0.4</ns3:Pace></ns3:TPX></Extensions></Trackpoint><Trackpoint><Time>2025-08-17T21:13:05Z</Time><Position><LatitudeDegrees>-8.05478279</LatitudeDegrees><LongitudeDegrees>-34.95419723</LongitudeDegrees></Position><HeartRateBpm><Value>124</Value></HeartRateBpm><Cadence>87</Cadence><Extensions><ns3:TPX><ns3:Speed>2.490000009536743</ns3:Speed><ns3:Pace>0.39</ns3:Pace></ns3:TPX></Extensions></Trackpoint><Trackpoint><Time>2025-08-17T21:13:06Z</Time><Position><LatitudeDegrees>-8.05480811</LatitudeDegrees><LongitudeDegrees>-34.95420456</LongitudeDegrees></Position><HeartRateBpm><Value>124</Value></HeartRateBpm><Cadence>88</Cadence><Extensions><ns3:TPX><ns3:Speed>2.5</ns3:Speed><ns3:Pace>0.39</ns3:Pace></ns3:TPX></Extensions></Trackpoint><Trackpoint><Time>2025-08-17T21:13:07Z</Time><Position><LatitudeDegrees>-8.05483111</LatitudeDegrees><LongitudeDegrees>-34.95421455</LongitudeDegrees></Position><HeartRateBpm><Value>124</Value></HeartRateBpm><Cadence>88</Cadence><Extensions><ns3:TPX><ns3:Speed>2.5199999809265137</ns3:Speed><ns3:Pace>0.39</ns3:Pace></ns3:TPX></Extensions></Trackpoint><Trackpoint><Time>2025-08-17T21:13:08Z</Time><Position><LatitudeDegrees>-8.05485078</LatitudeDegrees><LongitudeDegrees>-34.95422888</LongitudeDegrees></Position><HeartRateBpm><Value>124</Value></HeartRateBpm><Cadence>88</Cadence><Extensions><ns3:TPX><ns3:Speed>2.5199999809265137</ns3:Speed><ns3:Pace>0.35</ns3:Pace></ns3:TPX></Extensions></Trackpoint><Trackpoint><Time>2025-08-17T21:13:09Z</Time><Position><LatitudeDegrees>-8.05486744</LatitudeDegrees><LongitudeDegrees>-34.95424454</LongitudeDegrees></Position><HeartRateBpm><Value>124</Value></HeartRateBpm><Cadence>88</Cadence><Extensions><ns3:TPX><ns3:Speed>2.799999952316284</ns3:Speed><ns3:Pace>0.32</ns3:Pace></ns3:TPX></Extensions></Trackpoint><Trackpoint><Time>2025-08-17T21:13:10Z</Time><Position><LatitudeDegrees>-8.0548791</LatitudeDegrees><LongitudeDegrees>-34.95426287</LongitudeDegrees></Position><HeartRateBpm><Value>125</Value></HeartRateBpm><Cadence>87</Cadence><Extensions><ns3:TPX><ns3:Speed>3.0299999713897705</ns3:Speed><ns3:Pace>0.33</ns3:Pace></ns3:TPX></Extensions></Trackpoint><Trackpoint><Time>2025-08-17T21:13:11Z</Time><Position><LatitudeDegrees>-8.05488776</LatitudeDegrees><LongitudeDegrees>-34.95428319</LongitudeDegrees></Position><HeartRateBpm><Value>126</Value></HeartRateBpm><Cadence>86</Cadence><Extensions><ns3:TPX><ns3:Speed>2.950000047683716</ns3:Speed><ns3:Pace>0.35</ns3:Pace></ns3:TPX></Extensions></Trackpoint><Trackpoint><Time>2025-08-17T21:13:12Z</Time><Position><LatitudeDegrees>-8.05488942</LatitudeDegrees><LongitudeDegrees>-34.95430352</LongitudeDegrees></Position><HeartRateBpm><Value>126</Value></HeartRateBpm><Cadence>85</Cadence><Extensions><ns3:TPX><ns3:Speed>2.8499999046325684</ns3:Speed><ns3:Pace>0.36</ns3:Pace></ns3:TPX></Extensions></Trackpoint><Trackpoint><Time>2025-08-17T21:13:13Z</Time><Position><LatitudeDegrees>-8.05488542</LatitudeDegrees><LongitudeDegrees>-34.95432518</LongitudeDegrees></Position><HeartRateBpm><Value>127</Value></HeartRateBpm><Cadence>85</Cadence><Extensions><ns3:TPX><ns3:Speed>2.759999990463257</ns3:Speed><ns3:Pace>0.36</ns3:Pace></ns3:TPX></Extensions></Trackpoint><Trackpoint><Time>2025-08-17T21:13:14Z</Time><Position><LatitudeDegrees>-8.0548781</LatitudeDegrees><LongitudeDegrees>-34.95434918</LongitudeDegrees></Position><HeartRateBpm><Value>127</Value></HeartRateBpm><Cadence>85</Cadence><Extensions><ns3:TPX><ns3:Speed>2.759999990463257</ns3:Speed><ns3:Pace>0.37</ns3:Pace></ns3:TPX></Extensions></Trackpoint><Trackpoint><Time>2025-08-17T21:13:15Z</Time><Position><LatitudeDegrees>-8.05487143</LatitudeDegrees><LongitudeDegrees>-34.9543745</LongitudeDegrees></Position><HeartRateBpm><Value>126</Value></HeartRateBpm><Cadence>86</Cadence><Extensions><ns3:TPX><ns3:Speed>2.6500000953674316</ns3:Speed><ns3:Pace>0.38</ns3:Pace></ns3:TPX></Extensions></Trackpoint><Trackpoint><Time>2025-08-17T21:13:16Z</Time><Position><LatitudeDegrees>-8.05486677</LatitudeDegrees><LongitudeDegrees>-34.95440049</LongitudeDegrees></Position><HeartRateBpm><Value>125</Value></HeartRateBpm><Cadence>86</Cadence><Extensions><ns3:TPX><ns3:Speed>2.609999895095825</ns3:Speed><ns3:Pace>0.38</ns3:Pace></ns3:TPX></Extensions></Trackpoint><Trackpoint><Time>2025-08-17T21:13:17Z</Time><Position><LatitudeDegrees>-8.05486278</LatitudeDegrees><LongitudeDegrees>-34.95442648</LongitudeDegrees></Position><HeartRateBpm><Value>125</Value></HeartRateBpm><Cadence>87</Cadence><Extensions><ns3:TPX><ns3:Speed>2.609999895095825</ns3:Speed><ns3:Pace>0.38</ns3:Pace></ns3:TPX></Extensions></Trackpoint><Trackpoint><Time>2025-08-17T21:13:18Z</Time><Position><LatitudeDegrees>-8.05485979</LatitudeDegrees><LongitudeDegrees>-34.95445215</LongitudeDegrees></Position><HeartRateBpm><Value>124</Value></HeartRateBpm><Cadence>87</Cadence><Extensions><ns3:TPX><ns3:Speed>2.5899999141693115</ns3:Speed><ns3:Pace>0.38</ns3:Pace></ns3:TPX></Extensions></Trackpoint><Trackpoint><Time>2025-08-17T21:13:19Z</Time><Position><LatitudeDegrees>-8.05485612</LatitudeDegrees><LongitudeDegrees>-34.95447814</LongitudeDegrees></Position><HeartRateBpm><Value>124</Value></HeartRateBpm><Cadence>87</Cadence><Extensions><ns3:TPX><ns3:Speed>2.5899999141693115</ns3:Speed><ns3:Pace>0.38</ns3:Pace></ns3:TPX></Extensions></Trackpoint><Trackpoint><Time>2025-08-17T21:13:20Z</Time><Position><LatitudeDegrees>-8.05485346</LatitudeDegrees><LongitudeDegrees>-34.95450446</LongitudeDegrees></Position><HeartRateBpm><Value>124</Value></HeartRateBpm><Cadence>87</Cadence><Extensions><ns3:TPX><ns3:Speed>2.5899999141693115</ns3:Speed><ns3:Pace>0.37</ns3:Pace></ns3:TPX></Extensions></Trackpoint><Trackpoint><Time>2025-08-17T21:13:21Z</Time><Position><LatitudeDegrees>-8.05485113</LatitudeDegrees><LongitudeDegrees>-34.95453079</LongitudeDegrees></Position><HeartRateBpm><Value>125</Value></HeartRateBpm><Cadence>86</Cadence><Extensions><ns3:TPX><ns3:Speed>2.640000104904175</ns3:Speed><ns3:Pace>0.37</ns3:Pace></ns3:TPX></Extensions></Trackpoint><Trackpoint><Time>2025-08-17T21:13:22Z</Time><Position><LatitudeDegrees>-8.05484814</LatitudeDegrees><LongitudeDegrees>-34.95455779</LongitudeDegrees></Position><HeartRateBpm><Value>126</Value></HeartRateBpm><Cadence>87</Cadence><Extensions><ns3:TPX><ns3:Speed>2.700000047683716</ns3:Speed><ns3:Pace>0.36</ns3:Pace></ns3:TPX></Extensions></Trackpoint><Trackpoint><Time>2025-08-17T21:13:23Z</Time><Position><LatitudeDegrees>-8.05484481</LatitudeDegrees><LongitudeDegrees>-34.95458545</LongitudeDegrees></Position><HeartRateBpm><Value>126</Value></HeartRateBpm><Cadence>87</Cadence><Extensions><ns3:TPX><ns3:Speed>2.7200000286102295</ns3:Speed><ns3:Pace>0.36</ns3:Pace></ns3:TPX></Extensions></Trackpoint><Trackpoint><Time>2025-08-17T21:13:24Z</Time><Position><LatitudeDegrees>-8.05484215</LatitudeDegrees><LongitudeDegrees>-34.95461245</LongitudeDegrees></Position><HeartRateBpm><Value>127</Value></HeartRateBpm><Cadence>87</Cadence><Extensions><ns3:TPX><ns3:Speed>2.740000009536743</ns3:Speed><ns3:Pace>0.35</ns3:Pace></ns3:TPX></Extensions></Trackpoint><Trackpoint><Time>2025-08-17T21:13:25Z</Time><Position><LatitudeDegrees>-8.05484048</LatitudeDegrees><LongitudeDegrees>-34.95463844</LongitudeDegrees></Position><HeartRateBpm><Value>127</Value></HeartRateBpm><Cadence>87</Cadence><Extensions><ns3:TPX><ns3:Speed>2.7799999713897705</ns3:Speed><ns3:Pace>0.35</ns3:Pace></ns3:TPX></Extensions></Trackpoint><Trackpoint><Time>2025-08-17T21:13:26Z</Time><Position><LatitudeDegrees>-8.05484182</LatitudeDegrees><LongitudeDegrees>-34.9546641</LongitudeDegrees></Position><HeartRateBpm><Value>127</Value></HeartRateBpm><Cadence>87</Cadence><Extensions><ns3:TPX><ns3:Speed>2.7799999713897705</ns3:Speed><ns3:Pace>0.35</ns3:Pace></ns3:TPX></Extensions></Trackpoint><Trackpoint><Time>2025-08-17T21:13:27Z</Time><Position><LatitudeDegrees>-8.05484247</LatitudeDegrees><LongitudeDegrees>-34.95468577</LongitudeDegrees></Position><HeartRateBpm><Value>127</Value></HeartRateBpm><Cadence>87</Cadence><Extensions><ns3:TPX><ns3:Speed>2.799999952316284</ns3:Speed><ns3:Pace>0.35</ns3:Pace></ns3:TPX></Extensions></Trackpoint><Trackpoint><Time>2025-08-17T21:13:28Z</Time><Position><LatitudeDegrees>-8.05484413</LatitudeDegrees><LongitudeDegrees>-34.95470442</LongitudeDegrees></Position><HeartRateBpm><Value>127</Value></HeartRateBpm><Cadence>87</Cadence><Extensions><ns3:TPX><ns3:Speed>2.799999952316284</ns3:Speed><ns3:Pace>0.35</ns3:Pace></ns3:TPX></Extensions></Trackpoint><Trackpoint><Time>2025-08-17T21:13:29Z</Time><HeartRateBpm><Value>127</Value></HeartRateBpm><Cadence>87</Cadence><Extensions><ns3:TPX><ns3:Speed>2.799999952316284</ns3:Speed></ns3:TPX></Extensions></Trackpoint><Trackpoint><Time>2025-08-17T21:13:31Z</Time><HeartRateBpm><Value>128</Value></HeartRateBpm><Cadence>87</Cadence><Extensions><ns3:TPX><ns3:Speed>2.799999952316284</ns3:Speed></ns3:TPX></Extensions></Trackpoint><Trackpoint><Time>2025-08-17T21:13:34Z</Time><HeartRateBpm><Value>127</Value></HeartRateBpm><Cadence>87</Cadence><Extensions><ns3:TPX><ns3:Speed>2.799999952316284</ns3:Speed></ns3:TPX></Extensions></Trackpoint><Trackpoint><Time>2025-08-17T21:13:36Z</Time><HeartRateBpm><Value>128</Value></HeartRateBpm><Cadence>87</Cadence><Extensions><ns3:TPX><ns3:Speed>2.799999952316284</ns3:Speed></ns3:TPX></Extensions></Trackpoint><Trackpoint><Time>2025-08-17T21:13:41Z</Time><HeartRateBpm><Value>128</Value></HeartRateBpm><Cadence>87</Cadence><Extensions><ns3:TPX><ns3:Speed>2.799999952316284</ns3:Speed></ns3:TPX></Extensions></Trackpoint><Trackpoint><Time>2025-08-17T21:13:46Z</Time><HeartRateBpm><Value>127</Value></HeartRateBpm><Cadence>87</Cadence><Extensions><ns3:TPX><ns3:Speed>2.799999952316284</ns3:Speed></ns3:TPX></Extensions></Trackpoint><Trackpoint><Time>2025-08-17T21:13:47Z</Time><HeartRateBpm><Value>128</Value></HeartRateBpm><Cadence>87</Cadence><Extensions><ns3:TPX><ns3:Speed>2.799999952316284</ns3:Speed></ns3:TPX></Extensions></Trackpoint><Trackpoint><Time>2025-08-17T21:13:49Z</Time><HeartRateBpm><Value>133</Value></HeartRateBpm><Cadence>87</Cadence><Extensions><ns3:TPX><ns3:Speed>2.799999952316284</ns3:Speed></ns3:TPX></Extensions></Trackpoint><Trackpoint><Time>2025-08-17T21:13:50Z</Time><HeartRateBpm><Value>140</Value></HeartRateBpm><Cadence>87</Cadence><Extensions><ns3:TPX><ns3:Speed>2.799999952316284</ns3:Speed></ns3:TPX></Extensions></Trackpoint><Trackpoint><Time>2025-08-17T21:13:52Z</Time><HeartRateBpm><Value>143</Value></HeartRateBpm><Cadence>87</Cadence><Extensions><ns3:TPX><ns3:Speed>2.799999952316284</ns3:Speed></ns3:TPX></Extensions></Trackpoint><Trackpoint><Time>2025-08-17T21:13:53Z</Time><HeartRateBpm><Value>137</Value></HeartRateBpm><Cadence>87</Cadence><Extensions><ns3:TPX><ns3:Speed>2.799999952316284</ns3:Speed></ns3:TPX></Extensions></Trackpoint><Trackpoint><Time>2025-08-17T21:13:54Z</Time><HeartRateBpm><Value>140</Value></HeartRateBpm><Cadence>87</Cadence><Extensions><ns3:TPX><ns3:Speed>2.799999952316284</ns3:Speed></ns3:TPX></Extensions></Trackpoint><Trackpoint><Time>2025-08-17T21:13:55Z</Time><HeartRateBpm><Value>138</Value></HeartRateBpm><Cadence>87</Cadence><Extensions><ns3:TPX><ns3:Speed>2.799999952316284</ns3:Speed></ns3:TPX></Extensions></Trackpoint><Trackpoint><Time>2025-08-17T21:13:56Z</Time><HeartRateBpm><Value>136</Value></HeartRateBpm><Cadence>87</Cadence><Extensions><ns3:TPX><ns3:Speed>2.799999952316284</ns3:Speed></ns3:TPX></Extensions></Trackpoint><Trackpoint><Time>2025-08-17T21:14:00Z</Time><HeartRateBpm><Value>138</Value></HeartRateBpm><Cadence>87</Cadence><Extensions><ns3:TPX><ns3:Speed>2.799999952316284</ns3:Speed></ns3:TPX></Extensions></Trackpoint><Trackpoint><Time>2025-08-17T21:14:01Z</Time><HeartRateBpm><Value>139</Value></HeartRateBpm><Cadence>87</Cadence><Extensions><ns3:TPX><ns3:Speed>2.799999952316284</ns3:Speed></ns3:TPX></Extensions></Trackpoint><Trackpoint><Time>2025-08-17T21:14:04Z</Time><HeartRateBpm><Value>138</Value></HeartRateBpm><Cadence>87</Cadence><Extensions><ns3:TPX><ns3:Speed>2.799999952316284</ns3:Speed></ns3:TPX></Extensions></Trackpoint><Trackpoint><Time>2025-08-17T21:14:05Z</Time><HeartRateBpm><Value>135</Value></HeartRateBpm><Cadence>87</Cadence><Extensions><ns3:TPX><ns3:Speed>2.799999952316284</ns3:Speed></ns3:TPX></Extensions></Trackpoint><Trackpoint><Time>2025-08-17T21:14:06Z</Time><HeartRateBpm><Value>133</Value></HeartRateBpm><Cadence>87</Cadence><Extensions><ns3:TPX><ns3:Speed>2.799999952316284</ns3:Speed></ns3:TPX></Extensions></Trackpoint><Trackpoint><Time>2025-08-17T21:14:07Z</Time><HeartRateBpm><Value>131</Value></HeartRateBpm><Cadence>87</Cadence><Extensions><ns3:TPX><ns3:Speed>2.799999952316284</ns3:Speed></ns3:TPX></Extensions></Trackpoint><Trackpoint><Time>2025-08-17T21:14:10Z</Time><HeartRateBpm><Value>130</Value></HeartRateBpm><Cadence>87</Cadence><Extensions><ns3:TPX><ns3:Speed>2.799999952316284</ns3:Speed></ns3:TPX></Extensions></Trackpoint><Trackpoint><Time>2025-08-17T21:14:16Z</Time><HeartRateBpm><Value>133</Value></HeartRateBpm><Cadence>87</Cadence><Extensions><ns3:TPX><ns3:Speed>2.799999952316284</ns3:Speed></ns3:TPX></Extensions></Trackpoint><Trackpoint><Time>2025-08-17T21:14:19Z</Time><HeartRateBpm><Value>132</Value></HeartRateBpm><Cadence>87</Cadence><Extensions><ns3:TPX><ns3:Speed>2.799999952316284</ns3:Speed></ns3:TPX></Extensions></Trackpoint><Trackpoint><Time>2025-08-17T21:14:20Z</Time><HeartRateBpm><Value>131</Value></HeartRateBpm><Cadence>87</Cadence><Extensions><ns3:TPX><ns3:Speed>2.799999952316284</ns3:Speed></ns3:TPX></Extensions></Trackpoint><Trackpoint><Time>2025-08-17T21:14:21Z</Time><HeartRateBpm><Value>130</Value></HeartRateBpm><Cadence>87</Cadence><Extensions><ns3:TPX><ns3:Speed>2.799999952316284</ns3:Speed></ns3:TPX></Extensions></Trackpoint><Trackpoint><Time>2025-08-17T21:14:23Z</Time><HeartRateBpm><Value>129</Value></HeartRateBpm><Cadence>87</Cadence><Extensions><ns3:TPX><ns3:Speed>2.799999952316284</ns3:Speed></ns3:TPX></Extensions></Trackpoint><Trackpoint><Time>2025-08-17T21:14:25Z</Time><Position><LatitudeDegrees>-8.05479181</LatitudeDegrees><LongitudeDegrees>-34.95445843</LongitudeDegrees></Position><HeartRateBpm><Value>128</Value></HeartRateBpm><Cadence>87</Cadence><Extensions><ns3:TPX><ns3:Speed>2.799999952316284</ns3:Speed><ns3:Pace>0.35</ns3:Pace></ns3:TPX></Extensions></Trackpoint><Trackpoint><Time>2025-08-17T21:14:26Z</Time><Position><LatitudeDegrees>-8.05479246</LatitudeDegrees><LongitudeDegrees>-34.95445544</LongitudeDegrees></Position><HeartRateBpm><Value>128</Value></HeartRateBpm><Extensions><ns3:TPX><ns3:Speed>2.799999952316284</ns3:Speed><ns3:Pace>0.35</ns3:Pace></ns3:TPX></Extensions></Trackpoint><Trackpoint><Time>2025-08-17T21:14:27Z</Time><Position><LatitudeDegrees>-8.05479513</LatitudeDegrees><LongitudeDegrees>-34.95444945</LongitudeDegrees></Position><HeartRateBpm><Value>128</Value></HeartRateBpm><Extensions><ns3:TPX><ns3:Speed>2.799999952316284</ns3:Speed><ns3:Pace>0.35</ns3:Pace></ns3:TPX></Extensions></Trackpoint><Trackpoint><Time>2025-08-17T21:14:28Z</Time><Position><LatitudeDegrees>-8.05479713</LatitudeDegrees><LongitudeDegrees>-34.95444045</LongitudeDegrees></Position><HeartRateBpm><Value>128</Value></HeartRateBpm><Extensions><ns3:TPX><ns3:Speed>2.799999952316284</ns3:Speed></ns3:TPX></Extensions></Trackpoint><Trackpoint><Time>2025-08-17T21:14:29Z</Time><Position><LatitudeDegrees>-8.05479745</LatitudeDegrees><LongitudeDegrees>-34.95442645</LongitudeDegrees></Position><HeartRateBpm><Value>129</Value></HeartRateBpm><Extensions><ns3:TPX><ns3:Speed>0.0</ns3:Speed></ns3:TPX></Extensions></Trackpoint><Trackpoint><Time>2025-08-17T21:14:30Z</Time><Position><LatitudeDegrees>-8.05479879</LatitudeDegrees><LongitudeDegrees>-34.95441013</LongitudeDegrees></Position><HeartRateBpm><Value>129</Value></HeartRateBpm><Extensions><ns3:TPX><ns3:Speed>0.0</ns3:Speed></ns3:TPX></Extensions></Trackpoint><Trackpoint><Time>2025-08-17T21:14:31Z</Time><Position><LatitudeDegrees>-8.05480345</LatitudeDegrees><LongitudeDegrees>-34.9543928</LongitudeDegrees></Position><HeartRateBpm><Value>129</Value></HeartRateBpm><Extensions><ns3:TPX><ns3:Speed>0.0</ns3:Speed></ns3:TPX></Extensions></Trackpoint><Trackpoint><Time>2025-08-17T21:14:32Z</Time><Position><LatitudeDegrees>-8.05481444</LatitudeDegrees><LongitudeDegrees>-34.95437614</LongitudeDegrees></Position><HeartRateBpm><Value>129</Value></HeartRateBpm><Extensions><ns3:TPX><ns3:Speed>0.0</ns3:Speed></ns3:TPX></Extensions></Trackpoint><Trackpoint><Time>2025-08-17T21:14:33Z</Time><Position><LatitudeDegrees>-8.05483378</LatitudeDegrees><LongitudeDegrees>-34.95436147</LongitudeDegrees></Position><HeartRateBpm><Value>129</Value></HeartRateBpm><Extensions><ns3:TPX><ns3:Speed>0.0</ns3:Speed></ns3:TPX></Extensions></Trackpoint><Trackpoint><Time>2025-08-17T21:14:34Z</Time><Position><LatitudeDegrees>-8.0548591</LatitudeDegrees><LongitudeDegrees>-34.95434948</LongitudeDegrees></Position><HeartRateBpm><Value>128</Value></HeartRateBpm><Extensions><ns3:TPX><ns3:Speed>0.0</ns3:Speed></ns3:TPX></Extensions></Trackpoint><Trackpoint><Time>2025-08-17T21:14:35Z</Time><Position><LatitudeDegrees>-8.05488742</LatitudeDegrees><LongitudeDegrees>-34.95434083</LongitudeDegrees></Position><HeartRateBpm><Value>127</Value></HeartRateBpm><Extensions><ns3:TPX><ns3:Speed>0.0</ns3:Speed><ns3:Pace>0.85</ns3:Pace></ns3:TPX></Extensions></Trackpoint><Trackpoint><Time>2025-08-17T21:14:36Z</Time><Position><LatitudeDegrees>-8.05491708</LatitudeDegrees><LongitudeDegrees>-34.9543345</LongitudeDegrees></Position><HeartRateBpm><Value>127</Value></HeartRateBpm><Cadence>89</Cadence><Extensions><ns3:TPX><ns3:Speed>1.159999966621399</ns3:Speed><ns3:Pace>0.4</ns3:Pace></ns3:TPX></Extensions></Trackpoint><Trackpoint><Time>2025-08-17T21:14:37Z</Time><Position><LatitudeDegrees>-8.05494641</LatitudeDegrees><LongitudeDegrees>-34.9543305</LongitudeDegrees></Position><HeartRateBpm><Value>127</Value></HeartRateBpm><Cadence>89</Cadence><Extensions><ns3:TPX><ns3:Speed>2.450000047683716</ns3:Speed><ns3:Pace>0.37</ns3:Pace></ns3:TPX></Extensions></Trackpoint><Trackpoint><Time>2025-08-17T21:14:38Z</Time><Position><LatitudeDegrees>-8.0549754</LatitudeDegrees><LongitudeDegrees>-34.95432751</LongitudeDegrees></Position><HeartRateBpm><Value>127</Value></HeartRateBpm><Cadence>88</Cadence><Extensions><ns3:TPX><ns3:Speed>2.6700000762939453</ns3:Speed><ns3:Pace>0.37</ns3:Pace></ns3:TPX></Extensions></Trackpoint><Trackpoint><Time>2025-08-17T21:14:39Z</Time><Position><LatitudeDegrees>-8.05500407</LatitudeDegrees><LongitudeDegrees>-34.95432686</LongitudeDegrees></Position><HeartRateBpm><Value>127</Value></HeartRateBpm><Cadence>88</Cadence><Extensions><ns3:TPX><ns3:Speed>2.6700000762939453</ns3:Speed><ns3:Pace>0.34</ns3:Pace></ns3:TPX></Extensions></Trackpoint><Trackpoint><Time>2025-08-17T21:14:40Z</Time><Position><LatitudeDegrees>-8.05506039</LatitudeDegrees><LongitudeDegrees>-34.95433084</LongitudeDegrees></Position><HeartRateBpm><Value>127</Value></HeartRateBpm><Cadence>88</Cadence><Extensions><ns3:TPX><ns3:Speed>2.950000047683716</ns3:Speed><ns3:Pace>0.33</ns3:Pace></ns3:TPX></Extensions></Trackpoint><Trackpoint><Time>2025-08-17T21:14:41Z</Time><Position><LatitudeDegrees>-8.05508938</LatitudeDegrees><LongitudeDegrees>-34.9543355</LongitudeDegrees></Position><HeartRateBpm><Value>126</Value></HeartRateBpm><Cadence>88</Cadence><Extensions><ns3:TPX><ns3:Speed>2.940000057220459</ns3:Speed><ns3:Pace>0.33</ns3:Pace></ns3:TPX></Extensions></Trackpoint><Trackpoint><Time>2025-08-17T21:14:42Z</Time><Position><LatitudeDegrees>-8.05511904</LatitudeDegrees><LongitudeDegrees>-34.95434117</LongitudeDegrees></Position><HeartRateBpm><Value>126</Value></HeartRateBpm><Cadence>88</Cadence><Extensions><ns3:TPX><ns3:Speed>2.950000047683716</ns3:Speed><ns3:Pace>0.33</ns3:Pace></ns3:TPX></Extensions></Trackpoint><Trackpoint><Time>2025-08-17T21:14:43Z</Time><Position><LatitudeDegrees>-8.0551487</LatitudeDegrees><LongitudeDegrees>-34.9543495</LongitudeDegrees></Position><HeartRateBpm><Value>125</Value></HeartRateBpm><Cadence>88</Cadence><Extensions><ns3:TPX><ns3:Speed>2.9700000286102295</ns3:Speed><ns3:Pace>0.33</ns3:Pace></ns3:TPX></Extensions></Trackpoint><Trackpoint><Time>2025-08-17T21:14:44Z</Time><Position><LatitudeDegrees>-8.0551777</LatitudeDegrees><LongitudeDegrees>-34.95435849</LongitudeDegrees></Position><HeartRateBpm><Value>125</Value></HeartRateBpm><Cadence>88</Cadence><Extensions><ns3:TPX><ns3:Speed>2.9700000286102295</ns3:Speed><ns3:Pace>0.33</ns3:Pace></ns3:TPX></Extensions></Trackpoint><Trackpoint><Time>2025-08-17T21:14:45Z</Time><Position><LatitudeDegrees>-8.05520469</LatitudeDegrees><LongitudeDegrees>-34.95436783</LongitudeDegrees></Position><HeartRateBpm><Value>125</Value></HeartRateBpm><Cadence>88</Cadence><Extensions><ns3:TPX><ns3:Speed>2.9700000286102295</ns3:Speed><ns3:Pace>0.33</ns3:Pace></ns3:TPX></Extensions></Trackpoint><Trackpoint><Time>2025-08-17T21:14:46Z</Time><Position><LatitudeDegrees>-8.05523035</LatitudeDegrees><LongitudeDegrees>-34.95437782</LongitudeDegrees></Position><HeartRateBpm><Value>125</Value></HeartRateBpm><Cadence>88</Cadence><Extensions><ns3:TPX><ns3:Speed>2.9700000286102295</ns3:Speed><ns3:Pace>0.33</ns3:Pace></ns3:TPX></Extensions></Trackpoint><Trackpoint><Time>2025-08-17T21:14:47Z</Time><Position><LatitudeDegrees>-8.05525601</LatitudeDegrees><LongitudeDegrees>-34.95438815</LongitudeDegrees></Position><HeartRateBpm><Value>124</Value></HeartRateBpm><Cadence>88</Cadence><Extensions><ns3:TPX><ns3:Speed>2.9700000286102295</ns3:Speed><ns3:Pace>0.33</ns3:Pace></ns3:TPX></Extensions></Trackpoint><Trackpoint><Time>2025-08-17T21:14:48Z</Time><Position><LatitudeDegrees>-8.05528068</LatitudeDegrees><LongitudeDegrees>-34.95439915</LongitudeDegrees></Position><HeartRateBpm><Value>124</Value></HeartRateBpm><Cadence>88</Cadence><Extensions><ns3:TPX><ns3:Speed>2.9700000286102295</ns3:Speed><ns3:Pace>0.33</ns3:Pace></ns3:TPX></Extensions></Trackpoint><Trackpoint><Time>2025-08-17T21:14:49Z</Time><Position><LatitudeDegrees>-8.05530267</LatitudeDegrees><LongitudeDegrees>-34.95440947</LongitudeDegrees></Position><HeartRateBpm><Value>124</Value></HeartRateBpm><Cadence>88</Cadence><Extensions><ns3:TPX><ns3:Speed>2.9700000286102295</ns3:Speed><ns3:Pace>0.33</ns3:Pace></ns3:TPX></Extensions></Trackpoint><Trackpoint><Time>2025-08-17T21:14:50Z</Time><Position><LatitudeDegrees>-8.05532533</LatitudeDegrees><LongitudeDegrees>-34.95442047</LongitudeDegrees></Position><HeartRateBpm><Value>124</Value></HeartRateBpm><Cadence>88</Cadence><Extensions><ns3:TPX><ns3:Speed>2.9600000381469727</ns3:Speed><ns3:Pace>0.34</ns3:Pace></ns3:TPX></Extensions></Trackpoint><Trackpoint><Time>2025-08-17T21:14:51Z</Time><Position><LatitudeDegrees>-8.05534867</LatitudeDegrees><LongitudeDegrees>-34.95443181</LongitudeDegrees></Position><HeartRateBpm><Value>124</Value></HeartRateBpm><Cadence>88</Cadence><Extensions><ns3:TPX><ns3:Speed>2.940000057220459</ns3:Speed><ns3:Pace>0.34</ns3:Pace></ns3:TPX></Extensions></Trackpoint><Trackpoint><Time>2025-08-17T21:14:52Z</Time><Position><LatitudeDegrees>-8.05537266</LatitudeDegrees><LongitudeDegrees>-34.95444281</LongitudeDegrees></Position><HeartRateBpm><Value>124</Value></HeartRateBpm><Cadence>88</Cadence><Extensions><ns3:TPX><ns3:Speed>2.9100000858306885</ns3:Speed><ns3:Pace>0.34</ns3:Pace></ns3:TPX></Extensions></Trackpoint><Trackpoint><Time>2025-08-17T21:14:53Z</Time><Position><LatitudeDegrees>-8.05539731</LatitudeDegrees><LongitudeDegrees>-34.9544548</LongitudeDegrees></Position><HeartRateBpm><Value>124</Value></HeartRateBpm><Cadence>88</Cadence><Extensions><ns3:TPX><ns3:Speed>2.9000000953674316</ns3:Speed><ns3:Pace>0.34</ns3:Pace></ns3:TPX></Extensions></Trackpoint><Trackpoint><Time>2025-08-17T21:14:54Z</Time><Position><LatitudeDegrees>-8.05542164</LatitudeDegrees><LongitudeDegrees>-34.95447013</LongitudeDegrees></Position><HeartRateBpm><Value>124</Value></HeartRateBpm><Cadence>88</Cadence><Extensions><ns3:TPX><ns3:Speed>2.9000000953674316</ns3:Speed><ns3:Pace>0.34</ns3:Pace></ns3:TPX></Extensions></Trackpoint><Trackpoint><Time>2025-08-17T21:14:55Z</Time><Position><LatitudeDegrees>-8.05544297</LatitudeDegrees><LongitudeDegrees>-34.95448745</LongitudeDegrees></Position><HeartRateBpm><Value>124</Value></HeartRateBpm><Cadence>88</Cadence><Extensions><ns3:TPX><ns3:Speed>2.9100000858306885</ns3:Speed><ns3:Pace>0.34</ns3:Pace></ns3:TPX></Extensions></Trackpoint><Trackpoint><Time>2025-08-17T21:14:56Z</Time><Position><LatitudeDegrees>-8.0554603</LatitudeDegrees><LongitudeDegrees>-34.95450579</LongitudeDegrees></Position><HeartRateBpm><Value>124</Value></HeartRateBpm><Cadence>88</Cadence><Extensions><ns3:TPX><ns3:Speed>2.9100000858306885</ns3:Speed><ns3:Pace>0.34</ns3:Pace></ns3:TPX></Extensions></Trackpoint><Trackpoint><Time>2025-08-17T21:14:57Z</Time><Position><LatitudeDegrees>-8.05547429</LatitudeDegrees><LongitudeDegrees>-34.95452511</LongitudeDegrees></Position><HeartRateBpm><Value>124</Value></HeartRateBpm><Cadence>87</Cadence><Extensions><ns3:TPX><ns3:Speed>2.890000104904175</ns3:Speed><ns3:Pace>0.34</ns3:Pace></ns3:TPX></Extensions></Trackpoint><Trackpoint><Time>2025-08-17T21:14:58Z</Time><Position><LatitudeDegrees>-8.05548596</LatitudeDegrees><LongitudeDegrees>-34.95454644</LongitudeDegrees></Position><HeartRateBpm><Value>125</Value></HeartRateBpm><Cadence>86</Cadence><Extensions><ns3:TPX><ns3:Speed>2.869999885559082</ns3:Speed><ns3:Pace>0.34</ns3:Pace></ns3:TPX></Extensions></Trackpoint><Trackpoint><Time>2025-08-17T21:14:59Z</Time><Position><LatitudeDegrees>-8.05549662</LatitudeDegrees><LongitudeDegrees>-34.95456878</LongitudeDegrees></Position><HeartRateBpm><Value>125</Value></HeartRateBpm><Cadence>87</Cadence><Extensions><ns3:TPX><ns3:Speed>2.869999885559082</ns3:Speed><ns3:Pace>0.34</ns3:Pace></ns3:TPX></Extensions></Trackpoint><Trackpoint><Time>2025-08-17T21:15:00Z</Time><Position><LatitudeDegrees>-8.05550695</LatitudeDegrees><LongitudeDegrees>-34.95459277</LongitudeDegrees></Position><HeartRateBpm><Value>125</Value></HeartRateBpm><Cadence>87</Cadence><Extensions><ns3:TPX><ns3:Speed>2.869999885559082</ns3:Speed><ns3:Pace>0.34</ns3:Pace></ns3:TPX></Extensions></Trackpoint><Trackpoint><Time>2025-08-17T21:15:01Z</Time><Position><LatitudeDegrees>-8.05551561</LatitudeDegrees><LongitudeDegrees>-34.95461743</LongitudeDegrees></Position><HeartRateBpm><Value>125</Value></HeartRateBpm><Cadence>88</Cadence><Extensions><ns3:TPX><ns3:Speed>2.869999885559082</ns3:Speed><ns3:Pace>0.35</ns3:Pace></ns3:TPX></Extensions></Trackpoint><Trackpoint><Time>2025-08-17T21:15:02Z</Time><Position><LatitudeDegrees>-8.05552126</LatitudeDegrees><LongitudeDegrees>-34.95464277</LongitudeDegrees></Position><HeartRateBpm><Value>125</Value></HeartRateBpm><Cadence>88</Cadence><Extensions><ns3:TPX><ns3:Speed>2.8399999141693115</ns3:Speed><ns3:Pace>0.35</ns3:Pace></ns3:TPX></Extensions></Trackpoint><Trackpoint><Time>2025-08-17T21:15:03Z</Time><Position><LatitudeDegrees>-8.0555246</LatitudeDegrees><LongitudeDegrees>-34.95466876</LongitudeDegrees></Position><HeartRateBpm><Value>125</Value></HeartRateBpm><Cadence>89</Cadence><Extensions><ns3:TPX><ns3:Speed>2.8399999141693115</ns3:Speed><ns3:Pace>0.35</ns3:Pace></ns3:TPX></Extensions></Trackpoint><Trackpoint><Time>2025-08-17T21:15:04Z</Time><Position><LatitudeDegrees>-8.05552692</LatitudeDegrees><LongitudeDegrees>-34.95469542</LongitudeDegrees></Position><HeartRateBpm><Value>125</Value></HeartRateBpm><Cadence>88</Cadence><Extensions><ns3:TPX><ns3:Speed>2.8399999141693115</ns3:Speed><ns3:Pace>0.35</ns3:Pace></ns3:TPX></Extensions></Trackpoint><Trackpoint><Time>2025-08-17T21:15:05Z</Time><Position><LatitudeDegrees>-8.05552792</LatitudeDegrees><LongitudeDegrees>-34.95472208</LongitudeDegrees></Position><HeartRateBpm><Value>125</Value></HeartRateBpm><Cadence>88</Cadence><Extensions><ns3:TPX><ns3:Speed>2.8399999141693115</ns3:Speed><ns3:Pace>0.35</ns3:Pace></ns3:TPX></Extensions></Trackpoint><Trackpoint><Time>2025-08-17T21:15:06Z</Time><Position><LatitudeDegrees>-8.05552792</LatitudeDegrees><LongitudeDegrees>-34.95474975</LongitudeDegrees></Position><HeartRateBpm><Value>125</Value></HeartRateBpm><Cadence>88</Cadence><Extensions><ns3:TPX><ns3:Speed>2.8399999141693115</ns3:Speed><ns3:Pace>0.35</ns3:Pace></ns3:TPX></Extensions></Trackpoint><Trackpoint><Time>2025-08-17T21:15:07Z</Time><Position><LatitudeDegrees>-8.05552792</LatitudeDegrees><LongitudeDegrees>-34.95477775</LongitudeDegrees></Position><HeartRateBpm><Value>126</Value></HeartRateBpm><Cadence>88</Cadence><Extensions><ns3:TPX><ns3:Speed>2.8399999141693115</ns3:Speed><ns3:Pace>0.35</ns3:Pace></ns3:TPX></Extensions></Trackpoint><Trackpoint><Time>2025-08-17T21:15:08Z</Time><Position><LatitudeDegrees>-8.05552792</LatitudeDegrees><LongitudeDegrees>-34.95480675</LongitudeDegrees></Position><HeartRateBpm><Value>126</Value></HeartRateBpm><Cadence>88</Cadence><Extensions><ns3:TPX><ns3:Speed>2.8499999046325684</ns3:Speed><ns3:Pace>0.34</ns3:Pace></ns3:TPX></Extensions></Trackpoint><Trackpoint><Time>2025-08-17T21:15:09Z</Time><Position><LatitudeDegrees>-8.05552792</LatitudeDegrees><LongitudeDegrees>-34.95483474</LongitudeDegrees></Position><HeartRateBpm><Value>126</Value></HeartRateBpm><Cadence>88</Cadence><Extensions><ns3:TPX><ns3:Speed>2.869999885559082</ns3:Speed><ns3:Pace>0.34</ns3:Pace></ns3:TPX></Extensions></Trackpoint><Trackpoint><Time>2025-08-17T21:15:10Z</Time><Position><LatitudeDegrees>-8.05552692</LatitudeDegrees><LongitudeDegrees>-34.95486274</LongitudeDegrees></Position><HeartRateBpm><Value>127</Value></HeartRateBpm><Cadence>89</Cadence><Extensions><ns3:TPX><ns3:Speed>2.890000104904175</ns3:Speed><ns3:Pace>0.34</ns3:Pace></ns3:TPX></Extensions></Trackpoint><Trackpoint><Time>2025-08-17T21:15:11Z</Time><Position><LatitudeDegrees>-8.05552393</LatitudeDegrees><LongitudeDegrees>-34.95488974</LongitudeDegrees></Position><HeartRateBpm><Value>128</Value></HeartRateBpm><Cadence>88</Cadence><Extensions><ns3:TPX><ns3:Speed>2.9100000858306885</ns3:Speed><ns3:Pace>0.34</ns3:Pace></ns3:TPX></Extensions></Trackpoint><Trackpoint><Time>2025-08-17T21:15:12Z</Time><Position><LatitudeDegrees>-8.0555206</LatitudeDegrees><LongitudeDegrees>-34.95491606</LongitudeDegrees></Position><HeartRateBpm><Value>128</Value></HeartRateBpm><Cadence>88</Cadence><Extensions><ns3:TPX><ns3:Speed>2.9100000858306885</ns3:Speed><ns3:Pace>0.34</ns3:Pace></ns3:TPX></Extensions></Trackpoint><Trackpoint><Time>2025-08-17T21:15:13Z</Time><Position><LatitudeDegrees>-8.05551761</LatitudeDegrees><LongitudeDegrees>-34.95494138</LongitudeDegrees></Position><HeartRateBpm><Value>129</Value></HeartRateBpm><Cadence>89</Cadence><Extensions><ns3:TPX><ns3:Speed>2.9100000858306885</ns3:Speed><ns3:Pace>0.34</ns3:Pace></ns3:TPX></Extensions></Trackpoint><Trackpoint><Time>2025-08-17T21:15:14Z</Time><Position><LatitudeDegrees>-8.05551595</LatitudeDegrees><LongitudeDegrees>-34.95496705</LongitudeDegrees></Position><HeartRateBpm><Value>129</Value></HeartRateBpm><Cadence>89</Cadence><Extensions><ns3:TPX><ns3:Speed>2.9100000858306885</ns3:Speed><ns3:Pace>0.34</ns3:Pace></ns3:TPX></Extensions></Trackpoint><Trackpoint><Time>2025-08-17T21:15:15Z</Time><Position><LatitudeDegrees>-8.05551395</LatitudeDegrees><LongitudeDegrees>-34.95499304</LongitudeDegrees></Position><HeartRateBpm><Value>129</Value></HeartRateBpm><Cadence>89</Cadence><Extensions><ns3:TPX><ns3:Speed>2.9100000858306885</ns3:Speed><ns3:Pace>0.34</ns3:Pace></ns3:TPX></Extensions></Trackpoint><Trackpoint><Time>2025-08-17T21:15:16Z</Time><Position><LatitudeDegrees>-8.05551162</LatitudeDegrees><LongitudeDegrees>-34.95501836</LongitudeDegrees></Position><HeartRateBpm><Value>129</Value></HeartRateBpm><Cadence>88</Cadence><Extensions><ns3:TPX><ns3:Speed>2.9100000858306885</ns3:Speed><ns3:Pace>0.34</ns3:Pace></ns3:TPX></Extensions></Trackpoint><Trackpoint><Time>2025-08-17T21:15:17Z</Time><Position><LatitudeDegrees>-8.05550996</LatitudeDegrees><LongitudeDegrees>-34.95504269</LongitudeDegrees></Position><HeartRateBpm><Value>129</Value></HeartRateBpm><Cadence>88</Cadence><Extensions><ns3:TPX><ns3:Speed>2.9100000858306885</ns3:Speed><ns3:Pace>0.34</ns3:Pace></ns3:TPX></Extensions></Trackpoint><Trackpoint><Time>2025-08-17T21:15:18Z</Time><Position><LatitudeDegrees>-8.05550764</LatitudeDegrees><LongitudeDegrees>-34.95506769</LongitudeDegrees></Position><HeartRateBpm><Value>129</Value></HeartRateBpm><Cadence>88</Cadence><Extensions><ns3:TPX><ns3:Speed>2.9100000858306885</ns3:Speed><ns3:Pace>0.34</ns3:Pace></ns3:TPX></Extensions></Trackpoint><Trackpoint><Time>2025-08-17T21:15:19Z</Time><Position><LatitudeDegrees>-8.0555063</LatitudeDegrees><LongitudeDegrees>-34.95509334</LongitudeDegrees></Position><HeartRateBpm><Value>130</Value></HeartRateBpm><Cadence>88</Cadence><Extensions><ns3:TPX><ns3:Speed>2.9100000858306885</ns3:Speed><ns3:Pace>0.34</ns3:Pace></ns3:TPX></Extensions></Trackpoint><Trackpoint><Time>2025-08-17T21:15:20Z</Time><Position><LatitudeDegrees>-8.05550565</LatitudeDegrees><LongitudeDegrees>-34.95511968</LongitudeDegrees></Position><HeartRateBpm><Value>130</Value></HeartRateBpm><Cadence>88</Cadence><Extensions><ns3:TPX><ns3:Speed>2.9000000953674316</ns3:Speed><ns3:Pace>0.34</ns3:Pace></ns3:TPX></Extensions></Trackpoint><Trackpoint><Time>2025-08-17T21:15:21Z</Time><Position><LatitudeDegrees>-8.05550664</LatitudeDegrees><LongitudeDegrees>-34.95514633</LongitudeDegrees></Position><HeartRateBpm><Value>130</Value></HeartRateBpm><Cadence>88</Cadence><Extensions><ns3:TPX><ns3:Speed>2.9000000953674316</ns3:Speed><ns3:Pace>0.34</ns3:Pace></ns3:TPX></Extensions></Trackpoint><Trackpoint><Time>2025-08-17T21:15:22Z</Time><Position><LatitudeDegrees>-8.05550697</LatitudeDegrees><LongitudeDegrees>-34.95517167</LongitudeDegrees></Position><HeartRateBpm><Value>130</Value></HeartRateBpm><Cadence>88</Cadence><Extensions><ns3:TPX><ns3:Speed>2.890000104904175</ns3:Speed><ns3:Pace>0.34</ns3:Pace></ns3:TPX></Extensions></Trackpoint><Trackpoint><Time>2025-08-17T21:15:23Z</Time><Position><LatitudeDegrees>-8.05550565</LatitudeDegrees><LongitudeDegrees>-34.95519667</LongitudeDegrees></Position><HeartRateBpm><Value>130</Value></HeartRateBpm><Cadence>88</Cadence><Extensions><ns3:TPX><ns3:Speed>2.890000104904175</ns3:Speed><ns3:Pace>0.34</ns3:Pace></ns3:TPX></Extensions></Trackpoint><Trackpoint><Time>2025-08-17T21:15:24Z</Time><Position><LatitudeDegrees>-8.05550431</LatitudeDegrees><LongitudeDegrees>-34.95521966</LongitudeDegrees></Position><HeartRateBpm><Value>130</Value></HeartRateBpm><Cadence>88</Cadence><Extensions><ns3:TPX><ns3:Speed>2.890000104904175</ns3:Speed><ns3:Pace>0.34</ns3:Pace></ns3:TPX></Extensions></Trackpoint><Trackpoint><Time>2025-08-17T21:15:25Z</Time><Position><LatitudeDegrees>-8.05550166</LatitudeDegrees><LongitudeDegrees>-34.95524199</LongitudeDegrees></Position><HeartRateBpm><Value>130</Value></HeartRateBpm><Cadence>89</Cadence><Extensions><ns3:TPX><ns3:Speed>2.890000104904175</ns3:Speed><ns3:Pace>0.34</ns3:Pace></ns3:TPX></Extensions></Trackpoint><Trackpoint><Time>2025-08-17T21:15:26Z</Time><Position><LatitudeDegrees>-8.05549833</LatitudeDegrees><LongitudeDegrees>-34.95526432</LongitudeDegrees></Position><HeartRateBpm><Value>130</Value></HeartRateBpm><Cadence>89</Cadence><Extensions><ns3:TPX><ns3:Speed>2.890000104904175</ns3:Speed><ns3:Pace>0.34</ns3:Pace></ns3:TPX></Extensions></Trackpoint><Trackpoint><Time>2025-08-17T21:15:27Z</Time><Position><LatitudeDegrees>-8.05549333</LatitudeDegrees><LongitudeDegrees>-34.95528731</LongitudeDegrees></Position><HeartRateBpm><Value>130</Value></HeartRateBpm><Cadence>89</Cadence><Extensions><ns3:TPX><ns3:Speed>2.880000114440918</ns3:Speed><ns3:Pace>0.34</ns3:Pace></ns3:TPX></Extensions></Trackpoint><Trackpoint><Time>2025-08-17T21:15:28Z</Time><Position><LatitudeDegrees>-8.05548734</LatitudeDegrees><LongitudeDegrees>-34.95531065</LongitudeDegrees></Position><HeartRateBpm><Value>130</Value></HeartRateBpm><Cadence>88</Cadence><Extensions><ns3:TPX><ns3:Speed>2.869999885559082</ns3:Speed><ns3:Pace>0.34</ns3:Pace></ns3:TPX></Extensions></Trackpoint><Trackpoint><Time>2025-08-17T21:15:29Z</Time><Position><LatitudeDegrees>-8.05547935</LatitudeDegrees><LongitudeDegrees>-34.95533397</LongitudeDegrees></Position><HeartRateBpm><Value>130</Value></HeartRateBpm><Cadence>88</Cadence><Extensions><ns3:TPX><ns3:Speed>2.869999885559082</ns3:Speed><ns3:Pace>0.34</ns3:Pace></ns3:TPX></Extensions></Trackpoint><Trackpoint><Time>2025-08-17T21:15:30Z</Time><Position><LatitudeDegrees>-8.05547235</LatitudeDegrees><LongitudeDegrees>-34.95535763</LongitudeDegrees></Position><HeartRateBpm><Value>130</Value></HeartRateBpm><Cadence>88</Cadence><Extensions><ns3:TPX><ns3:Speed>2.869999885559082</ns3:Speed><ns3:Pace>0.34</ns3:Pace></ns3:TPX></Extensions></Trackpoint><Trackpoint><Time>2025-08-17T21:15:31Z</Time><Position><LatitudeDegrees>-8.05546402</LatitudeDegrees><LongitudeDegrees>-34.95538196</LongitudeDegrees></Position><HeartRateBpm><Value>130</Value></HeartRateBpm><Cadence>88</Cadence><Extensions><ns3:TPX><ns3:Speed>2.859999895095825</ns3:Speed><ns3:Pace>0.35</ns3:Pace></ns3:TPX></Extensions></Trackpoint><Trackpoint><Time>2025-08-17T21:15:32Z</Time><Position><LatitudeDegrees>-8.05545669</LatitudeDegrees><LongitudeDegrees>-34.95540696</LongitudeDegrees></Position><HeartRateBpm><Value>130</Value></HeartRateBpm><Cadence>88</Cadence><Extensions><ns3:TPX><ns3:Speed>2.8499999046325684</ns3:Speed><ns3:Pace>0.35</ns3:Pace></ns3:TPX></Extensions></Trackpoint><Trackpoint><Time>2025-08-17T21:15:33Z</Time><Position><LatitudeDegrees>-8.05545003</LatitudeDegrees><LongitudeDegrees>-34.95543129</LongitudeDegrees></Position><HeartRateBpm><Value>130</Value></HeartRateBpm><Cadence>89</Cadence><Extensions><ns3:TPX><ns3:Speed>2.8399999141693115</ns3:Speed><ns3:Pace>0.35</ns3:Pace></ns3:TPX></Extensions></Trackpoint><Trackpoint><Time>2025-08-17T21:15:34Z</Time><Position><LatitudeDegrees>-8.05544436</LatitudeDegrees><LongitudeDegrees>-34.95545595</LongitudeDegrees></Position><HeartRateBpm><Value>131</Value></HeartRateBpm><Cadence>88</Cadence><Extensions><ns3:TPX><ns3:Speed>2.8399999141693115</ns3:Speed><ns3:Pace>0.35</ns3:Pace></ns3:TPX></Extensions></Trackpoint><Trackpoint><Time>2025-08-17T21:15:35Z</Time><Position><LatitudeDegrees>-8.05543903</LatitudeDegrees><LongitudeDegrees>-34.95548127</LongitudeDegrees></Position><HeartRateBpm><Value>132</Value></HeartRateBpm><Cadence>88</Cadence><Extensions><ns3:TPX><ns3:Speed>2.8399999141693115</ns3:Speed><ns3:Pace>0.35</ns3:Pace></ns3:TPX></Extensions></Trackpoint><Trackpoint><Time>2025-08-17T21:15:36Z</Time><Position><LatitudeDegrees>-8.05543404</LatitudeDegrees><LongitudeDegrees>-34.95550693</LongitudeDegrees></Position><HeartRateBpm><Value>132</Value></HeartRateBpm><Cadence>88</Cadence><Extensions><ns3:TPX><ns3:Speed>2.8399999141693115</ns3:Speed><ns3:Pace>0.35</ns3:Pace></ns3:TPX></Extensions></Trackpoint><Trackpoint><Time>2025-08-17T21:15:37Z</Time><Position><LatitudeDegrees>-8.05542871</LatitudeDegrees><LongitudeDegrees>-34.95553259</LongitudeDegrees></Position><HeartRateBpm><Value>132</Value></HeartRateBpm><Cadence>88</Cadence><Extensions><ns3:TPX><ns3:Speed>2.8299999237060547</ns3:Speed><ns3:Pace>0.35</ns3:Pace></ns3:TPX></Extensions></Trackpoint><Trackpoint><Time>2025-08-17T21:15:38Z</Time><Position><LatitudeDegrees>-8.05542372</LatitudeDegrees><LongitudeDegrees>-34.95555892</LongitudeDegrees></Position><HeartRateBpm><Value>131</Value></HeartRateBpm><Cadence>88</Cadence><Extensions><ns3:TPX><ns3:Speed>2.8299999237060547</ns3:Speed><ns3:Pace>0.35</ns3:Pace></ns3:TPX></Extensions></Trackpoint><Trackpoint><Time>2025-08-17T21:15:39Z</Time><Position><LatitudeDegrees>-8.05541972</LatitudeDegrees><LongitudeDegrees>-34.95558424</LongitudeDegrees></Position><HeartRateBpm><Value>131</Value></HeartRateBpm><Cadence>89</Cadence><Extensions><ns3:TPX><ns3:Speed>2.8299999237060547</ns3:Speed><ns3:Pace>0.35</ns3:Pace></ns3:TPX></Extensions></Trackpoint><Trackpoint><Time>2025-08-17T21:15:40Z</Time><Position><LatitudeDegrees>-8.05541706</LatitudeDegrees><LongitudeDegrees>-34.95561057</LongitudeDegrees></Position><HeartRateBpm><Value>129</Value></HeartRateBpm><Cadence>89</Cadence><Extensions><ns3:TPX><ns3:Speed>2.8299999237060547</ns3:Speed><ns3:Pace>0.35</ns3:Pace></ns3:TPX></Extensions></Trackpoint><Trackpoint><Time>2025-08-17T21:15:41Z</Time><Position><LatitudeDegrees>-8.0554154</LatitudeDegrees><LongitudeDegrees>-34.95563656</LongitudeDegrees></Position><HeartRateBpm><Value>128</Value></HeartRateBpm><Cadence>90</Cadence><Extensions><ns3:TPX><ns3:Speed>2.8299999237060547</ns3:Speed><ns3:Pace>0.35</ns3:Pace></ns3:TPX></Extensions></Trackpoint><Trackpoint><Time>2025-08-17T21:15:42Z</Time><Position><LatitudeDegrees>-8.05541474</LatitudeDegrees><LongitudeDegrees>-34.95566322</LongitudeDegrees></Position><HeartRateBpm><Value>128</Value></HeartRateBpm><Cadence>90</Cadence><Extensions><ns3:TPX><ns3:Speed>2.8299999237060547</ns3:Speed><ns3:Pace>0.35</ns3:Pace></ns3:TPX></Extensions></Trackpoint><Trackpoint><Time>2025-08-17T21:15:43Z</Time><Position><LatitudeDegrees>-8.05541308</LatitudeDegrees><LongitudeDegrees>-34.95569056</LongitudeDegrees></Position><HeartRateBpm><Value>128</Value></HeartRateBpm><Cadence>90</Cadence><Extensions><ns3:TPX><ns3:Speed>2.8299999237060547</ns3:Speed><ns3:Pace>0.35</ns3:Pace></ns3:TPX></Extensions></Trackpoint><Trackpoint><Time>2025-08-17T21:15:44Z</Time><Position><LatitudeDegrees>-8.05541241</LatitudeDegrees><LongitudeDegrees>-34.95571755</LongitudeDegrees></Position><HeartRateBpm><Value>128</Value></HeartRateBpm><Cadence>90</Cadence><Extensions><ns3:TPX><ns3:Speed>2.8299999237060547</ns3:Speed><ns3:Pace>0.35</ns3:Pace></ns3:TPX></Extensions></Trackpoint><Trackpoint><Time>2025-08-17T21:15:45Z</Time><Position><LatitudeDegrees>-8.05541076</LatitudeDegrees><LongitudeDegrees>-34.95574287</LongitudeDegrees></Position><HeartRateBpm><Value>128</Value></HeartRateBpm><Cadence>90</Cadence><Extensions><ns3:TPX><ns3:Speed>2.8299999237060547</ns3:Speed><ns3:Pace>0.35</ns3:Pace></ns3:TPX></Extensions></Trackpoint><Trackpoint><Time>2025-08-17T21:15:46Z</Time><Position><LatitudeDegrees>-8.05540809</LatitudeDegrees><LongitudeDegrees>-34.95576754</LongitudeDegrees></Position><HeartRateBpm><Value>128</Value></HeartRateBpm><Cadence>89</Cadence><Extensions><ns3:TPX><ns3:Speed>2.8299999237060547</ns3:Speed><ns3:Pace>0.35</ns3:Pace></ns3:TPX></Extensions></Trackpoint><Trackpoint><Time>2025-08-17T21:15:47Z</Time><Position><LatitudeDegrees>-8.05540643</LatitudeDegrees><LongitudeDegrees>-34.95579187</LongitudeDegrees></Position><HeartRateBpm><Value>127</Value></HeartRateBpm><Cadence>88</Cadence><Extensions><ns3:TPX><ns3:Speed>2.8399999141693115</ns3:Speed><ns3:Pace>0.35</ns3:Pace></ns3:TPX></Extensions></Trackpoint><Trackpoint><Time>2025-08-17T21:15:48Z</Time><Position><LatitudeDegrees>-8.05540511</LatitudeDegrees><LongitudeDegrees>-34.95581619</LongitudeDegrees></Position><HeartRateBpm><Value>127</Value></HeartRateBpm><Cadence>88</Cadence><Extensions><ns3:TPX><ns3:Speed>2.8399999141693115</ns3:Speed><ns3:Pace>0.35</ns3:Pace></ns3:TPX></Extensions></Trackpoint><Trackpoint><Time>2025-08-17T21:15:49Z</Time><Position><LatitudeDegrees>-8.05540278</LatitudeDegrees><LongitudeDegrees>-34.95584086</LongitudeDegrees></Position><HeartRateBpm><Value>128</Value></HeartRateBpm><Cadence>88</Cadence><Extensions><ns3:TPX><ns3:Speed>2.8399999141693115</ns3:Speed><ns3:Pace>0.35</ns3:Pace></ns3:TPX></Extensions></Trackpoint><Trackpoint><Time>2025-08-17T21:15:50Z</Time><Position><LatitudeDegrees>-8.05540078</LatitudeDegrees><LongitudeDegrees>-34.95586385</LongitudeDegrees></Position><HeartRateBpm><Value>127</Value></HeartRateBpm><Cadence>87</Cadence><Extensions><ns3:TPX><ns3:Speed>2.8399999141693115</ns3:Speed><ns3:Pace>0.35</ns3:Pace></ns3:TPX></Extensions></Trackpoint><Trackpoint><Time>2025-08-17T21:15:51Z</Time><Position><LatitudeDegrees>-8.05540144</LatitudeDegrees><LongitudeDegrees>-34.95588318</LongitudeDegrees></Position><HeartRateBpm><Value>126</Value></HeartRateBpm><Cadence>86</Cadence><Extensions><ns3:TPX><ns3:Speed>2.8299999237060547</ns3:Speed><ns3:Pace>0.35</ns3:Pace></ns3:TPX></Extensions></Trackpoint><Trackpoint><Time>2025-08-17T21:15:52Z</Time><Position><LatitudeDegrees>-8.05540477</LatitudeDegrees><LongitudeDegrees>-34.95589751</LongitudeDegrees></Position><HeartRateBpm><Value>126</Value></HeartRateBpm><Cadence>86</Cadence><Extensions><ns3:TPX><ns3:Speed>2.8299999237060547</ns3:Speed><ns3:Pace>0.35</ns3:Pace></ns3:TPX></Extensions></Trackpoint><Trackpoint><Time>2025-08-17T21:15:53Z</Time><Position><LatitudeDegrees>-8.0554081</LatitudeDegrees><LongitudeDegrees>-34.95590517</LongitudeDegrees></Position><HeartRateBpm><Value>125</Value></HeartRateBpm><Cadence>86</Cadence><Extensions><ns3:TPX><ns3:Speed>2.8299999237060547</ns3:Speed><ns3:Pace>0.35</ns3:Pace></ns3:TPX></Extensions></Trackpoint><Trackpoint><Time>2025-08-17T21:15:54Z</Time><Position><LatitudeDegrees>-8.05540976</LatitudeDegrees><LongitudeDegrees>-34.9559055</LongitudeDegrees></Position><HeartRateBpm><Value>125</Value></HeartRateBpm><Cadence>86</Cadence><Extensions><ns3:TPX><ns3:Speed>2.8299999237060547</ns3:Speed><ns3:Pace>0.35</ns3:Pace></ns3:TPX></Extensions></Trackpoint><Trackpoint><Time>2025-08-17T21:15:55Z</Time><Position><LatitudeDegrees>-8.0554071</LatitudeDegrees><LongitudeDegrees>-34.95589617</LongitudeDegrees></Position><HeartRateBpm><Value>125</Value></HeartRateBpm><Cadence>87</Cadence><Extensions><ns3:TPX><ns3:Speed>2.819999933242798</ns3:Speed><ns3:Pace>0.35</ns3:Pace></ns3:TPX></Extensions></Trackpoint><Trackpoint><Time>2025-08-17T21:15:56Z</Time><Position><LatitudeDegrees>-8.05540477</LatitudeDegrees><LongitudeDegrees>-34.95588017</LongitudeDegrees></Position><HeartRateBpm><Value>124</Value></HeartRateBpm><Cadence>88</Cadence><Extensions><ns3:TPX><ns3:Speed>2.799999952316284</ns3:Speed><ns3:Pace>0.36</ns3:Pace></ns3:TPX></Extensions></Trackpoint><Trackpoint><Time>2025-08-17T21:15:57Z</Time><Position><LatitudeDegrees>-8.05540144</LatitudeDegrees><LongitudeDegrees>-34.95586052</LongitudeDegrees></Position><HeartRateBpm><Value>124</Value></HeartRateBpm><Cadence>88</Cadence><Extensions><ns3:TPX><ns3:Speed>2.7699999809265137</ns3:Speed><ns3:Pace>0.43</ns3:Pace></ns3:TPX></Extensions></Trackpoint><Trackpoint><Time>2025-08-17T21:15:58Z</Time><Position><LatitudeDegrees>-8.05539844</LatitudeDegrees><LongitudeDegrees>-34.95583618</LongitudeDegrees></Position><HeartRateBpm><Value>125</Value></HeartRateBpm><Cadence>88</Cadence><Extensions><ns3:TPX><ns3:Speed>2.309999942779541</ns3:Speed><ns3:Pace>0.53</ns3:Pace></ns3:TPX></Extensions></Trackpoint><Trackpoint><Time>2025-08-17T21:15:59Z</Time><Position><LatitudeDegrees>-8.05539512</LatitudeDegrees><LongitudeDegrees>-34.95581153</LongitudeDegrees></Position><HeartRateBpm><Value>125</Value></HeartRateBpm><Cadence>88</Cadence><Extensions><ns3:TPX><ns3:Speed>1.8600000143051147</ns3:Speed><ns3:Pace>0.53</ns3:Pace></ns3:TPX></Extensions></Trackpoint><Trackpoint><Time>2025-08-17T21:16:00Z</Time><Position><LatitudeDegrees>-8.05539079</LatitudeDegrees><LongitudeDegrees>-34.95578653</LongitudeDegrees></Position><HeartRateBpm><Value>125</Value></HeartRateBpm><Cadence>88</Cadence><Extensions><ns3:TPX><ns3:Speed>1.8600000143051147</ns3:Speed><ns3:Pace>0.53</ns3:Pace></ns3:TPX></Extensions></Trackpoint><Trackpoint><Time>2025-08-17T21:16:01Z</Time><Position><LatitudeDegrees>-8.05538645</LatitudeDegrees><LongitudeDegrees>-34.95576119</LongitudeDegrees></Position><HeartRateBpm><Value>126</Value></HeartRateBpm><Cadence>88</Cadence><Extensions><ns3:TPX><ns3:Speed>1.8700000047683716</ns3:Speed><ns3:Pace>0.47</ns3:Pace></ns3:TPX></Extensions></Trackpoint><Trackpoint><Time>2025-08-17T21:16:02Z</Time><Position><LatitudeDegrees>-8.05538613</LatitudeDegrees><LongitudeDegrees>-34.95573619</LongitudeDegrees></Position><HeartRateBpm><Value>126</Value></HeartRateBpm><Cadence>88</Cadence><Extensions><ns3:TPX><ns3:Speed>2.0999999046325684</ns3:Speed><ns3:Pace>0.41</ns3:Pace></ns3:TPX></Extensions></Trackpoint><Trackpoint><Time>2025-08-17T21:16:03Z</Time><Position><LatitudeDegrees>-8.05538613</LatitudeDegrees><LongitudeDegrees>-34.95570987</LongitudeDegrees></Position><HeartRateBpm><Value>126</Value></HeartRateBpm><Cadence>88</Cadence><Extensions><ns3:TPX><ns3:Speed>2.4000000953674316</ns3:Speed><ns3:Pace>0.39</ns3:Pace></ns3:TPX></Extensions></Trackpoint><Trackpoint><Time>2025-08-17T21:16:04Z</Time><Position><LatitudeDegrees>-8.0553868</LatitudeDegrees><LongitudeDegrees>-34.95568487</LongitudeDegrees></Position><HeartRateBpm><Value>128</Value></HeartRateBpm><Cadence>88</Cadence><Extensions><ns3:TPX><ns3:Speed>2.549999952316284</ns3:Speed><ns3:Pace>0.38</ns3:Pace></ns3:TPX></Extensions></Trackpoint><Trackpoint><Time>2025-08-17T21:16:05Z</Time><Position><LatitudeDegrees>-8.05538845</LatitudeDegrees><LongitudeDegrees>-34.95565921</LongitudeDegrees></Position><HeartRateBpm><Value>127</Value></HeartRateBpm><Cadence>88</Cadence><Extensions><ns3:TPX><ns3:Speed>2.609999895095825</ns3:Speed><ns3:Pace>0.38</ns3:Pace></ns3:TPX></Extensions></Trackpoint><Trackpoint><Time>2025-08-17T21:16:06Z</Time><Position><LatitudeDegrees>-8.05539045</LatitudeDegrees><LongitudeDegrees>-34.95563355</LongitudeDegrees></Position><HeartRateBpm><Value>127</Value></HeartRateBpm><Cadence>88</Cadence><Extensions><ns3:TPX><ns3:Speed>2.609999895095825</ns3:Speed><ns3:Pace>0.37</ns3:Pace></ns3:TPX></Extensions></Trackpoint><Trackpoint><Time>2025-08-17T21:16:07Z</Time><Position><LatitudeDegrees>-8.05539211</LatitudeDegrees><LongitudeDegrees>-34.95560656</LongitudeDegrees></Position><HeartRateBpm><Value>127</Value></HeartRateBpm><Cadence>88</Cadence><Extensions><ns3:TPX><ns3:Speed>2.640000104904175</ns3:Speed><ns3:Pace>0.37</ns3:Pace></ns3:TPX></Extensions></Trackpoint><Trackpoint><Time>2025-08-17T21:16:08Z</Time><Position><LatitudeDegrees>-8.05539411</LatitudeDegrees><LongitudeDegrees>-34.9555809</LongitudeDegrees></Position><HeartRateBpm><Value>128</Value></HeartRateBpm><Cadence>88</Cadence><Extensions><ns3:TPX><ns3:Speed>2.6600000858306885</ns3:Speed><ns3:Pace>0.36</ns3:Pace></ns3:TPX></Extensions></Trackpoint><Trackpoint><Time>2025-08-17T21:16:09Z</Time><Position><LatitudeDegrees>-8.05539777</LatitudeDegrees><LongitudeDegrees>-34.9555549</LongitudeDegrees></Position><HeartRateBpm><Value>129</Value></HeartRateBpm><Cadence>88</Cadence><Extensions><ns3:TPX><ns3:Speed>2.7100000381469727</ns3:Speed><ns3:Pace>0.36</ns3:Pace></ns3:TPX></Extensions></Trackpoint><Trackpoint><Time>2025-08-17T21:16:10Z</Time><Position><LatitudeDegrees>-8.05540177</LatitudeDegrees><LongitudeDegrees>-34.95552758</LongitudeDegrees></Position><HeartRateBpm><Value>129</Value></HeartRateBpm><Cadence>88</Cadence><Extensions><ns3:TPX><ns3:Speed>2.7699999809265137</ns3:Speed><ns3:Pace>0.35</ns3:Pace></ns3:TPX></Extensions></Trackpoint><Trackpoint><Time>2025-08-17T21:16:11Z</Time><Position><LatitudeDegrees>-8.05540377</LatitudeDegrees><LongitudeDegrees>-34.95549991</LongitudeDegrees></Position><HeartRateBpm><Value>128</Value></HeartRateBpm><Cadence>88</Cadence><Extensions><ns3:TPX><ns3:Speed>2.7899999618530273</ns3:Speed><ns3:Pace>0.35</ns3:Pace></ns3:TPX></Extensions></Trackpoint><Trackpoint><Time>2025-08-17T21:16:12Z</Time><Position><LatitudeDegrees>-8.05540742</LatitudeDegrees><LongitudeDegrees>-34.95547524</LongitudeDegrees></Position><HeartRateBpm><Value>128</Value></HeartRateBpm><Cadence>88</Cadence><Extensions><ns3:TPX><ns3:Speed>2.7899999618530273</ns3:Speed><ns3:Pace>0.35</ns3:Pace></ns3:TPX></Extensions></Trackpoint><Trackpoint><Time>2025-08-17T21:16:13Z</Time><Position><LatitudeDegrees>-8.05541276</LatitudeDegrees><LongitudeDegrees>-34.95545324</LongitudeDegrees></Position><HeartRateBpm><Value>128</Value></HeartRateBpm><Cadence>88</Cadence><Extensions><ns3:TPX><ns3:Speed>2.7899999618530273</ns3:Speed><ns3:Pace>0.35</ns3:Pace></ns3:TPX></Extensions></Trackpoint><Trackpoint><Time>2025-08-17T21:16:14Z</Time><Position><LatitudeDegrees>-8.05541775</LatitudeDegrees><LongitudeDegrees>-34.95543192</LongitudeDegrees></Position><HeartRateBpm><Value>128</Value></HeartRateBpm><Cadence>88</Cadence><Extensions><ns3:TPX><ns3:Speed>2.799999952316284</ns3:Speed><ns3:Pace>0.35</ns3:Pace></ns3:TPX></Extensions></Trackpoint><Trackpoint><Time>2025-08-17T21:16:15Z</Time><Position><LatitudeDegrees>-8.05542407</LatitudeDegrees><LongitudeDegrees>-34.95540992</LongitudeDegrees></Position><HeartRateBpm><Value>128</Value></HeartRateBpm><Cadence>89</Cadence><Extensions><ns3:TPX><ns3:Speed>2.799999952316284</ns3:Speed><ns3:Pace>0.36</ns3:Pace></ns3:TPX></Extensions></Trackpoint><Trackpoint><Time>2025-08-17T21:16:16Z</Time><Position><LatitudeDegrees>-8.05542974</LatitudeDegrees><LongitudeDegrees>-34.95538792</LongitudeDegrees></Position><HeartRateBpm><Value>127</Value></HeartRateBpm><Cadence>89</Cadence><Extensions><ns3:TPX><ns3:Speed>2.7699999809265137</ns3:Speed><ns3:Pace>0.37</ns3:Pace></ns3:TPX></Extensions></Trackpoint><Trackpoint><Time>2025-08-17T21:16:17Z</Time><Position><LatitudeDegrees>-8.05543506</LatitudeDegrees><LongitudeDegrees>-34.95536659</LongitudeDegrees></Position><HeartRateBpm><Value>127</Value></HeartRateBpm><Cadence>89</Cadence><Extensions><ns3:TPX><ns3:Speed>2.700000047683716</ns3:Speed><ns3:Pace>0.38</ns3:Pace></ns3:TPX></Extensions></Trackpoint><Trackpoint><Time>2025-08-17T21:16:18Z</Time><Position><LatitudeDegrees>-8.05543906</LatitudeDegrees><LongitudeDegrees>-34.95534626</LongitudeDegrees></Position><HeartRateBpm><Value>127</Value></HeartRateBpm><Cadence>88</Cadence><Extensions><ns3:TPX><ns3:Speed>2.619999885559082</ns3:Speed><ns3:Pace>0.38</ns3:Pace></ns3:TPX></Extensions></Trackpoint><Trackpoint><Time>2025-08-17T21:16:19Z</Time><Position><LatitudeDegrees>-8.05544038</LatitudeDegrees><LongitudeDegrees>-34.95531894</LongitudeDegrees></Position><HeartRateBpm><Value>127</Value></HeartRateBpm><Cadence>88</Cadence><Extensions><ns3:TPX><ns3:Speed>2.619999885559082</ns3:Speed><ns3:Pace>0.38</ns3:Pace></ns3:TPX></Extensions></Trackpoint><Trackpoint><Time>2025-08-17T21:16:20Z</Time><Position><LatitudeDegrees>-8.05544305</LatitudeDegrees><LongitudeDegrees>-34.95529294</LongitudeDegrees></Position><HeartRateBpm><Value>126</Value></HeartRateBpm><Cadence>89</Cadence><Extensions><ns3:TPX><ns3:Speed>2.5799999237060547</ns3:Speed><ns3:Pace>0.38</ns3:Pace></ns3:TPX></Extensions></Trackpoint><Trackpoint><Time>2025-08-17T21:16:21Z</Time><Position><LatitudeDegrees>-8.05544638</LatitudeDegrees><LongitudeDegrees>-34.95526528</LongitudeDegrees></Position><HeartRateBpm><Value>126</Value></HeartRateBpm><Cadence>88</Cadence><Extensions><ns3:TPX><ns3:Speed>2.5799999237060547</ns3:Speed><ns3:Pace>0.38</ns3:Pace></ns3:TPX></Extensions></Trackpoint><Trackpoint><Time>2025-08-17T21:16:22Z</Time><Position><LatitudeDegrees>-8.05544871</LatitudeDegrees><LongitudeDegrees>-34.95523662</LongitudeDegrees></Position><HeartRateBpm><Value>125</Value></HeartRateBpm><Cadence>88</Cadence><Extensions><ns3:TPX><ns3:Speed>2.5999999046325684</ns3:Speed><ns3:Pace>0.37</ns3:Pace></ns3:TPX></Extensions></Trackpoint><Trackpoint><Time>2025-08-17T21:16:23Z</Time><Position><LatitudeDegrees>-8.05545003</LatitudeDegrees><LongitudeDegrees>-34.95520696</LongitudeDegrees></Position><HeartRateBpm><Value>125</Value></HeartRateBpm><Cadence>88</Cadence><Extensions><ns3:TPX><ns3:Speed>2.6500000953674316</ns3:Speed><ns3:Pace>0.36</ns3:Pace></ns3:TPX></Extensions></Trackpoint><Trackpoint><Time>2025-08-17T21:16:24Z</Time><Position><LatitudeDegrees>-8.0554507</LatitudeDegrees><LongitudeDegrees>-34.95517896</LongitudeDegrees></Position><HeartRateBpm><Value>125</Value></HeartRateBpm><Cadence>88</Cadence><Extensions><ns3:TPX><ns3:Speed>2.7100000381469727</ns3:Speed><ns3:Pace>0.36</ns3:Pace></ns3:TPX></Extensions></Trackpoint><Trackpoint><Time>2025-08-17T21:16:25Z</Time><Position><LatitudeDegrees>-8.05545202</LatitudeDegrees><LongitudeDegrees>-34.9551503</LongitudeDegrees></Position><HeartRateBpm><Value>125</Value></HeartRateBpm><Cadence>88</Cadence><Extensions><ns3:TPX><ns3:Speed>2.7100000381469727</ns3:Speed><ns3:Pace>0.35</ns3:Pace></ns3:TPX></Extensions></Trackpoint><Trackpoint><Time>2025-08-17T21:16:26Z</Time><Position><LatitudeDegrees>-8.05545468</LatitudeDegrees><LongitudeDegrees>-34.95512397</LongitudeDegrees></Position><HeartRateBpm><Value>125</Value></HeartRateBpm><Cadence>88</Cadence><Extensions><ns3:TPX><ns3:Speed>2.799999952316284</ns3:Speed><ns3:Pace>0.34</ns3:Pace></ns3:TPX></Extensions></Trackpoint><Trackpoint><Time>2025-08-17T21:16:27Z</Time><Position><LatitudeDegrees>-8.05545668</LatitudeDegrees><LongitudeDegrees>-34.95509897</LongitudeDegrees></Position><HeartRateBpm><Value>125</Value></HeartRateBpm><Cadence>88</Cadence><Extensions><ns3:TPX><ns3:Speed>2.869999885559082</ns3:Speed><ns3:Pace>0.34</ns3:Pace></ns3:TPX></Extensions></Trackpoint><Trackpoint><Time>2025-08-17T21:16:28Z</Time><Position><LatitudeDegrees>-8.05545901</LatitudeDegrees><LongitudeDegrees>-34.95507465</LongitudeDegrees></Position><HeartRateBpm><Value>124</Value></HeartRateBpm><Cadence>89</Cadence><Extensions><ns3:TPX><ns3:Speed>2.869999885559082</ns3:Speed><ns3:Pace>0.34</ns3:Pace></ns3:TPX></Extensions></Trackpoint><Trackpoint><Time>2025-08-17T21:16:29Z</Time><Position><LatitudeDegrees>-8.05546133</LatitudeDegrees><LongitudeDegrees>-34.95505166</LongitudeDegrees></Position><HeartRateBpm><Value>123</Value></HeartRateBpm><Cadence>88</Cadence><Extensions><ns3:TPX><ns3:Speed>2.869999885559082</ns3:Speed><ns3:Pace>0.35</ns3:Pace></ns3:TPX></Extensions></Trackpoint><Trackpoint><Time>2025-08-17T21:16:30Z</Time><Position><LatitudeDegrees>-8.05546366</LatitudeDegrees><LongitudeDegrees>-34.95502866</LongitudeDegrees></Position><HeartRateBpm><Value>122</Value></HeartRateBpm><Cadence>87</Cadence><Extensions><ns3:TPX><ns3:Speed>2.8499999046325684</ns3:Speed><ns3:Pace>0.35</ns3:Pace></ns3:TPX></Extensions></Trackpoint><Trackpoint><Time>2025-08-17T21:16:31Z</Time><Position><LatitudeDegrees>-8.05546465</LatitudeDegrees><LongitudeDegrees>-34.955006</LongitudeDegrees></Position><HeartRateBpm><Value>122</Value></HeartRateBpm><Cadence>87</Cadence><Extensions><ns3:TPX><ns3:Speed>2.8499999046325684</ns3:Speed><ns3:Pace>0.35</ns3:Pace></ns3:TPX></Extensions></Trackpoint><Trackpoint><Time>2025-08-17T21:16:32Z</Time><Position><LatitudeDegrees>-8.05546465</LatitudeDegrees><LongitudeDegrees>-34.95498268</LongitudeDegrees></Position><HeartRateBpm><Value>122</Value></HeartRateBpm><Cadence>88</Cadence><Extensions><ns3:TPX><ns3:Speed>2.7899999618530273</ns3:Speed><ns3:Pace>0.36</ns3:Pace></ns3:TPX></Extensions></Trackpoint><Trackpoint><Time>2025-08-17T21:16:33Z</Time><Position><LatitudeDegrees>-8.05546465</LatitudeDegrees><LongitudeDegrees>-34.95495935</LongitudeDegrees></Position><HeartRateBpm><Value>121</Value></HeartRateBpm><Cadence>88</Cadence><Extensions><ns3:TPX><ns3:Speed>2.7200000286102295</ns3:Speed><ns3:Pace>0.37</ns3:Pace></ns3:TPX></Extensions></Trackpoint><Trackpoint><Time>2025-08-17T21:16:34Z</Time><Position><LatitudeDegrees>-8.05546465</LatitudeDegrees><LongitudeDegrees>-34.95493535</LongitudeDegrees></Position><HeartRateBpm><Value>121</Value></HeartRateBpm><Cadence>87</Cadence><Extensions><ns3:TPX><ns3:Speed>2.700000047683716</ns3:Speed><ns3:Pace>0.37</ns3:Pace></ns3:TPX></Extensions></Trackpoint><Trackpoint><Time>2025-08-17T21:16:35Z</Time><Position><LatitudeDegrees>-8.05546465</LatitudeDegrees><LongitudeDegrees>-34.9549117</LongitudeDegrees></Position><HeartRateBpm><Value>121</Value></HeartRateBpm><Cadence>88</Cadence><Extensions><ns3:TPX><ns3:Speed>2.690000057220459</ns3:Speed><ns3:Pace>0.37</ns3:Pace></ns3:TPX></Extensions></Trackpoint><Trackpoint><Time>2025-08-17T21:16:36Z</Time><Position><LatitudeDegrees>-8.05546531</LatitudeDegrees><LongitudeDegrees>-34.95488703</LongitudeDegrees></Position><HeartRateBpm><Value>121</Value></HeartRateBpm><Cadence>88</Cadence><Extensions><ns3:TPX><ns3:Speed>2.690000057220459</ns3:Speed><ns3:Pace>0.37</ns3:Pace></ns3:TPX></Extensions></Trackpoint><Trackpoint><Time>2025-08-17T21:16:37Z</Time><Position><LatitudeDegrees>-8.05546797</LatitudeDegrees><LongitudeDegrees>-34.95486337</LongitudeDegrees></Position><HeartRateBpm><Value>121</Value></HeartRateBpm><Cadence>88</Cadence><Extensions><ns3:TPX><ns3:Speed>2.690000057220459</ns3:Speed><ns3:Pace>0.37</ns3:Pace></ns3:TPX></Extensions></Trackpoint><Trackpoint><Time>2025-08-17T21:16:38Z</Time><Position><LatitudeDegrees>-8.0554723</LatitudeDegrees><LongitudeDegrees>-34.95483971</LongitudeDegrees></Position><HeartRateBpm><Value>121</Value></HeartRateBpm><Cadence>89</Cadence><Extensions><ns3:TPX><ns3:Speed>2.680000066757202</ns3:Speed><ns3:Pace>0.37</ns3:Pace></ns3:TPX></Extensions></Trackpoint><Trackpoint><Time>2025-08-17T21:16:39Z</Time><Position><LatitudeDegrees>-8.05547696</LatitudeDegrees><LongitudeDegrees>-34.95481638</LongitudeDegrees></Position><HeartRateBpm><Value>121</Value></HeartRateBpm><Cadence>88</Cadence><Extensions><ns3:TPX><ns3:Speed>2.680000066757202</ns3:Speed><ns3:Pace>0.37</ns3:Pace></ns3:TPX></Extensions></Trackpoint><Trackpoint><Time>2025-08-17T21:16:40Z</Time><Position><LatitudeDegrees>-8.05548062</LatitudeDegrees><LongitudeDegrees>-34.95479238</LongitudeDegrees></Position><HeartRateBpm><Value>122</Value></HeartRateBpm><Cadence>88</Cadence><Extensions><ns3:TPX><ns3:Speed>2.680000066757202</ns3:Speed><ns3:Pace>0.37</ns3:Pace></ns3:TPX></Extensions></Trackpoint><Trackpoint><Time>2025-08-17T21:16:41Z</Time><Position><LatitudeDegrees>-8.05548361</LatitudeDegrees><LongitudeDegrees>-34.95476906</LongitudeDegrees></Position><HeartRateBpm><Value>123</Value></HeartRateBpm><Cadence>89</Cadence><Extensions><ns3:TPX><ns3:Speed>2.680000066757202</ns3:Speed><ns3:Pace>0.37</ns3:Pace></ns3:TPX></Extensions></Trackpoint><Trackpoint><Time>2025-08-17T21:16:42Z</Time><Position><LatitudeDegrees>-8.05548794</LatitudeDegrees><LongitudeDegrees>-34.95474607</LongitudeDegrees></Position><HeartRateBpm><Value>123</Value></HeartRateBpm><Cadence>88</Cadence><Extensions><ns3:TPX><ns3:Speed>2.680000066757202</ns3:Speed><ns3:Pace>0.37</ns3:Pace></ns3:TPX></Extensions></Trackpoint><Trackpoint><Time>2025-08-17T21:16:43Z</Time><Position><LatitudeDegrees>-8.0554916</LatitudeDegrees><LongitudeDegrees>-34.95472308</LongitudeDegrees></Position><HeartRateBpm><Value>123</Value></HeartRateBpm><Cadence>88</Cadence><Extensions><ns3:TPX><ns3:Speed>2.680000066757202</ns3:Speed><ns3:Pace>0.37</ns3:Pace></ns3:TPX></Extensions></Trackpoint><Trackpoint><Time>2025-08-17T21:16:44Z</Time><Position><LatitudeDegrees>-8.0554956</LatitudeDegrees><LongitudeDegrees>-34.95470042</LongitudeDegrees></Position><HeartRateBpm><Value>124</Value></HeartRateBpm><Cadence>89</Cadence><Extensions><ns3:TPX><ns3:Speed>2.6700000762939453</ns3:Speed><ns3:Pace>0.37</ns3:Pace></ns3:TPX></Extensions></Trackpoint><Trackpoint><Time>2025-08-17T21:16:45Z</Time><Position><LatitudeDegrees>-8.05549859</LatitudeDegrees><LongitudeDegrees>-34.95467676</LongitudeDegrees></Position><HeartRateBpm><Value>125</Value></HeartRateBpm><Cadence>88</Cadence><Extensions><ns3:TPX><ns3:Speed>2.6700000762939453</ns3:Speed><ns3:Pace>0.37</ns3:Pace></ns3:TPX></Extensions></Trackpoint><Trackpoint><Time>2025-08-17T21:16:46Z</Time><Position><LatitudeDegrees>-8.05550224</LatitudeDegrees><LongitudeDegrees>-34.95465243</LongitudeDegrees></Position><HeartRateBpm><Value>126</Value></HeartRateBpm><Cadence>88</Cadence><Extensions><ns3:TPX><ns3:Speed>2.6700000762939453</ns3:Speed><ns3:Pace>0.37</ns3:Pace></ns3:TPX></Extensions></Trackpoint><Trackpoint><Time>2025-08-17T21:16:47Z</Time><Position><LatitudeDegrees>-8.0555059</LatitudeDegrees><LongitudeDegrees>-34.95462777</LongitudeDegrees></Position><HeartRateBpm><Value>127</Value></HeartRateBpm><Cadence>88</Cadence><Extensions><ns3:TPX><ns3:Speed>2.6700000762939453</ns3:Speed><ns3:Pace>0.37</ns3:Pace></ns3:TPX></Extensions></Trackpoint><Trackpoint><Time>2025-08-17T21:16:48Z</Time><Position><LatitudeDegrees>-8.05550857</LatitudeDegrees><LongitudeDegrees>-34.95460343</LongitudeDegrees></Position><HeartRateBpm><Value>127</Value></HeartRateBpm><Cadence>88</Cadence><Extensions><ns3:TPX><ns3:Speed>2.6700000762939453</ns3:Speed><ns3:Pace>0.37</ns3:Pace></ns3:TPX></Extensions></Trackpoint><Trackpoint><Time>2025-08-17T21:16:49Z</Time><Position><LatitudeDegrees>-8.05551122</LatitudeDegrees><LongitudeDegrees>-34.95457911</LongitudeDegrees></Position><HeartRateBpm><Value>127</Value></HeartRateBpm><Cadence>88</Cadence><Extensions><ns3:TPX><ns3:Speed>2.6700000762939453</ns3:Speed><ns3:Pace>0.37</ns3:Pace></ns3:TPX></Extensions></Trackpoint><Trackpoint><Time>2025-08-17T21:16:50Z</Time><Position><LatitudeDegrees>-8.05551456</LatitudeDegrees><LongitudeDegrees>-34.95455478</LongitudeDegrees></Position><HeartRateBpm><Value>128</Value></HeartRateBpm><Cadence>88</Cadence><Extensions><ns3:TPX><ns3:Speed>2.6700000762939453</ns3:Speed><ns3:Pace>0.37</ns3:Pace></ns3:TPX></Extensions></Trackpoint><Trackpoint><Time>2025-08-17T21:16:51Z</Time><Position><LatitudeDegrees>-8.05551688</LatitudeDegrees><LongitudeDegrees>-34.95453044</LongitudeDegrees></Position><HeartRateBpm><Value>129</Value></HeartRateBpm><Cadence>88</Cadence><Extensions><ns3:TPX><ns3:Speed>2.6700000762939453</ns3:Speed><ns3:Pace>0.37</ns3:Pace></ns3:TPX></Extensions></Trackpoint><Trackpoint><Time>2025-08-17T21:16:52Z</Time><Position><LatitudeDegrees>-8.05551888</LatitudeDegrees><LongitudeDegrees>-34.95450545</LongitudeDegrees></Position><HeartRateBpm><Value>131</Value></HeartRateBpm><Cadence>89</Cadence><Extensions><ns3:TPX><ns3:Speed>2.6700000762939453</ns3:Speed><ns3:Pace>0.37</ns3:Pace></ns3:TPX></Extensions></Trackpoint><Trackpoint><Time>2025-08-17T21:16:53Z</Time><Position><LatitudeDegrees>-8.05551855</LatitudeDegrees><LongitudeDegrees>-34.95447979</LongitudeDegrees></Position><HeartRateBpm><Value>131</Value></HeartRateBpm><Cadence>87</Cadence><Extensions><ns3:TPX><ns3:Speed>2.680000066757202</ns3:Speed><ns3:Pace>0.37</ns3:Pace></ns3:TPX></Extensions></Trackpoint><Trackpoint><Time>2025-08-17T21:16:54Z</Time><Position><LatitudeDegrees>-8.05551788</LatitudeDegrees><LongitudeDegrees>-34.95445513</LongitudeDegrees></Position><HeartRateBpm><Value>130</Value></HeartRateBpm><Cadence>88</Cadence><Extensions><ns3:TPX><ns3:Speed>2.680000066757202</ns3:Speed><ns3:Pace>0.37</ns3:Pace></ns3:TPX></Extensions></Trackpoint><Trackpoint><Time>2025-08-17T21:16:55Z</Time><Position><LatitudeDegrees>-8.05551722</LatitudeDegrees><LongitudeDegrees>-34.95443046</LongitudeDegrees></Position><HeartRateBpm><Value>130</Value></HeartRateBpm><Cadence>88</Cadence><Extensions><ns3:TPX><ns3:Speed>2.680000066757202</ns3:Speed><ns3:Pace>0.37</ns3:Pace></ns3:TPX></Extensions></Trackpoint><Trackpoint><Time>2025-08-17T21:16:56Z</Time><Position><LatitudeDegrees>-8.05551722</LatitudeDegrees><LongitudeDegrees>-34.95440613</LongitudeDegrees></Position><HeartRateBpm><Value>130</Value></HeartRateBpm><Cadence>89</Cadence><Extensions><ns3:TPX><ns3:Speed>2.680000066757202</ns3:Speed><ns3:Pace>0.37</ns3:Pace></ns3:TPX></Extensions></Trackpoint><Trackpoint><Time>2025-08-17T21:16:57Z</Time><Position><LatitudeDegrees>-8.05551689</LatitudeDegrees><LongitudeDegrees>-34.9543818</LongitudeDegrees></Position><HeartRateBpm><Value>129</Value></HeartRateBpm><Cadence>88</Cadence><Extensions><ns3:TPX><ns3:Speed>2.680000066757202</ns3:Speed><ns3:Pace>0.37</ns3:Pace></ns3:TPX></Extensions></Trackpoint><Trackpoint><Time>2025-08-17T21:16:58Z</Time><Position><LatitudeDegrees>-8.05551788</LatitudeDegrees><LongitudeDegrees>-34.95435714</LongitudeDegrees></Position><HeartRateBpm><Value>129</Value></HeartRateBpm><Cadence>88</Cadence><Extensions><ns3:TPX><ns3:Speed>2.680000066757202</ns3:Speed><ns3:Pace>0.37</ns3:Pace></ns3:TPX></Extensions></Trackpoint><Trackpoint><Time>2025-08-17T21:16:59Z</Time><Position><LatitudeDegrees>-8.05551955</LatitudeDegrees><LongitudeDegrees>-34.95433182</LongitudeDegrees></Position><HeartRateBpm><Value>129</Value></HeartRateBpm><Cadence>89</Cadence><Extensions><ns3:TPX><ns3:Speed>2.680000066757202</ns3:Speed><ns3:Pace>0.37</ns3:Pace></ns3:TPX></Extensions></Trackpoint><Trackpoint><Time>2025-08-17T21:17:00Z</Time><Position><LatitudeDegrees>-8.0555212</LatitudeDegrees><LongitudeDegrees>-34.95430682</LongitudeDegrees></Position><HeartRateBpm><Value>129</Value></HeartRateBpm><Cadence>89</Cadence><Extensions><ns3:TPX><ns3:Speed>2.680000066757202</ns3:Speed><ns3:Pace>0.37</ns3:Pace></ns3:TPX></Extensions></Trackpoint><Trackpoint><Time>2025-08-17T21:17:01Z</Time><Position><LatitudeDegrees>-8.05552287</LatitudeDegrees><LongitudeDegrees>-34.95428148</LongitudeDegrees></Position><HeartRateBpm><Value>129</Value></HeartRateBpm><Cadence>89</Cadence><Extensions><ns3:TPX><ns3:Speed>2.680000066757202</ns3:Speed><ns3:Pace>0.37</ns3:Pace></ns3:TPX></Extensions></Trackpoint><Trackpoint><Time>2025-08-17T21:17:02Z</Time><Position><LatitudeDegrees>-8.05552453</LatitudeDegrees><LongitudeDegrees>-34.95425648</LongitudeDegrees></Position><HeartRateBpm><Value>129</Value></HeartRateBpm><Cadence>88</Cadence><Extensions><ns3:TPX><ns3:Speed>2.680000066757202</ns3:Speed><ns3:Pace>0.37</ns3:Pace></ns3:TPX></Extensions></Trackpoint><Trackpoint><Time>2025-08-17T21:17:03Z</Time><Position><LatitudeDegrees>-8.05552718</LatitudeDegrees><LongitudeDegrees>-34.95423182</LongitudeDegrees></Position><HeartRateBpm><Value>129</Value></HeartRateBpm><Cadence>88</Cadence><Extensions><ns3:TPX><ns3:Speed>2.680000066757202</ns3:Speed><ns3:Pace>0.37</ns3:Pace></ns3:TPX></Extensions></Trackpoint><Trackpoint><Time>2025-08-17T21:17:04Z</Time><Position><LatitudeDegrees>-8.05552918</LatitudeDegrees><LongitudeDegrees>-34.95420715</LongitudeDegrees></Position><HeartRateBpm><Value>129</Value></HeartRateBpm><Cadence>88</Cadence><Extensions><ns3:TPX><ns3:Speed>2.680000066757202</ns3:Speed><ns3:Pace>0.37</ns3:Pace></ns3:TPX></Extensions></Trackpoint><Trackpoint><Time>2025-08-17T21:17:05Z</Time><Position><LatitudeDegrees>-8.05553051</LatitudeDegrees><LongitudeDegrees>-34.95418316</LongitudeDegrees></Position><HeartRateBpm><Value>129</Value></HeartRateBpm><Cadence>88</Cadence><Extensions><ns3:TPX><ns3:Speed>2.680000066757202</ns3:Speed><ns3:Pace>0.37</ns3:Pace></ns3:TPX></Extensions></Trackpoint><Trackpoint><Time>2025-08-17T21:17:06Z</Time><Position><LatitudeDegrees>-8.05553084</LatitudeDegrees><LongitudeDegrees>-34.95415849</LongitudeDegrees></Position><HeartRateBpm><Value>129</Value></HeartRateBpm><Cadence>89</Cadence><Extensions><ns3:TPX><ns3:Speed>2.680000066757202</ns3:Speed><ns3:Pace>0.37</ns3:Pace></ns3:TPX></Extensions></Trackpoint><Trackpoint><Time>2025-08-17T21:17:07Z</Time><Position><LatitudeDegrees>-8.05553084</LatitudeDegrees><LongitudeDegrees>-34.9541345</LongitudeDegrees></Position><HeartRateBpm><Value>129</Value></HeartRateBpm><Cadence>89</Cadence><Extensions><ns3:TPX><ns3:Speed>2.680000066757202</ns3:Speed><ns3:Pace>0.37</ns3:Pace></ns3:TPX></Extensions></Trackpoint><Trackpoint><Time>2025-08-17T21:17:08Z</Time><Position><LatitudeDegrees>-8.05553117</LatitudeDegrees><LongitudeDegrees>-34.95411017</LongitudeDegrees></Position><HeartRateBpm><Value>128</Value></HeartRateBpm><Cadence>89</Cadence><Extensions><ns3:TPX><ns3:Speed>2.680000066757202</ns3:Speed><ns3:Pace>0.37</ns3:Pace></ns3:TPX></Extensions></Trackpoint><Trackpoint><Time>2025-08-17T21:17:09Z</Time><Position><LatitudeDegrees>-8.05553216</LatitudeDegrees><LongitudeDegrees>-34.95408584</LongitudeDegrees></Position><HeartRateBpm><Value>127</Value></HeartRateBpm><Cadence>88</Cadence><Extensions><ns3:TPX><ns3:Speed>2.680000066757202</ns3:Speed><ns3:Pace>0.37</ns3:Pace></ns3:TPX></Extensions></Trackpoint><Trackpoint><Time>2025-08-17T21:17:10Z</Time><Position><LatitudeDegrees>-8.05553416</LatitudeDegrees><LongitudeDegrees>-34.95406151</LongitudeDegrees></Position><HeartRateBpm><Value>127</Value></HeartRateBpm><Cadence>88</Cadence><Extensions><ns3:TPX><ns3:Speed>2.680000066757202</ns3:Speed><ns3:Pace>0.37</ns3:Pace></ns3:TPX></Extensions></Trackpoint><Trackpoint><Time>2025-08-17T21:17:11Z</Time><Position><LatitudeDegrees>-8.05553749</LatitudeDegrees><LongitudeDegrees>-34.95403751</LongitudeDegrees></Position><HeartRateBpm><Value>127</Value></HeartRateBpm><Cadence>88</Cadence><Extensions><ns3:TPX><ns3:Speed>2.680000066757202</ns3:Speed><ns3:Pace>0.37</ns3:Pace></ns3:TPX></Extensions></Trackpoint><Trackpoint><Time>2025-08-17T21:17:12Z</Time><Position><LatitudeDegrees>-8.05554048</LatitudeDegrees><LongitudeDegrees>-34.95401386</LongitudeDegrees></Position><HeartRateBpm><Value>127</Value></HeartRateBpm><Cadence>88</Cadence><Extensions><ns3:TPX><ns3:Speed>2.680000066757202</ns3:Speed><ns3:Pace>0.37</ns3:Pace></ns3:TPX></Extensions></Trackpoint><Trackpoint><Time>2025-08-17T21:17:13Z</Time><Position><LatitudeDegrees>-8.05554281</LatitudeDegrees><LongitudeDegrees>-34.95399087</LongitudeDegrees></Position><HeartRateBpm><Value>127</Value></HeartRateBpm><Cadence>88</Cadence><Extensions><ns3:TPX><ns3:Speed>2.680000066757202</ns3:Speed><ns3:Pace>0.37</ns3:Pace></ns3:TPX></Extensions></Trackpoint><Trackpoint><Time>2025-08-17T21:17:14Z</Time><Position><LatitudeDegrees>-8.05554614</LatitudeDegrees><LongitudeDegrees>-34.95396821</LongitudeDegrees></Position><HeartRateBpm><Value>127</Value></HeartRateBpm><Cadence>88</Cadence><Extensions><ns3:TPX><ns3:Speed>2.680000066757202</ns3:Speed><ns3:Pace>0.37</ns3:Pace></ns3:TPX></Extensions></Trackpoint><Trackpoint><Time>2025-08-17T21:17:15Z</Time><Position><LatitudeDegrees>-8.05554847</LatitudeDegrees><LongitudeDegrees>-34.95394621</LongitudeDegrees></Position><HeartRateBpm><Value>127</Value></HeartRateBpm><Cadence>88</Cadence><Extensions><ns3:TPX><ns3:Speed>2.6700000762939453</ns3:Speed><ns3:Pace>0.37</ns3:Pace></ns3:TPX></Extensions></Trackpoint><Trackpoint><Time>2025-08-17T21:17:16Z</Time><Position><LatitudeDegrees>-8.05554979</LatitudeDegrees><LongitudeDegrees>-34.95392521</LongitudeDegrees></Position><HeartRateBpm><Value>127</Value></HeartRateBpm><Cadence>88</Cadence><Extensions><ns3:TPX><ns3:Speed>2.6700000762939453</ns3:Speed><ns3:Pace>0.37</ns3:Pace></ns3:TPX></Extensions></Trackpoint><Trackpoint><Time>2025-08-17T21:17:17Z</Time><Position><LatitudeDegrees>-8.05554979</LatitudeDegrees><LongitudeDegrees>-34.95390554</LongitudeDegrees></Position><HeartRateBpm><Value>128</Value></HeartRateBpm><Cadence>88</Cadence><Extensions><ns3:TPX><ns3:Speed>2.6700000762939453</ns3:Speed><ns3:Pace>0.37</ns3:Pace></ns3:TPX></Extensions></Trackpoint><Trackpoint><Time>2025-08-17T21:17:18Z</Time><Position><LatitudeDegrees>-8.05554746</LatitudeDegrees><LongitudeDegrees>-34.95388621</LongitudeDegrees></Position><HeartRateBpm><Value>128</Value></HeartRateBpm><Cadence>88</Cadence><Extensions><ns3:TPX><ns3:Speed>2.6700000762939453</ns3:Speed><ns3:Pace>0.37</ns3:Pace></ns3:TPX></Extensions></Trackpoint><Trackpoint><Time>2025-08-17T21:17:19Z</Time><Position><LatitudeDegrees>-8.05554347</LatitudeDegrees><LongitudeDegrees>-34.95386889</LongitudeDegrees></Position><HeartRateBpm><Value>128</Value></HeartRateBpm><Cadence>88</Cadence><Extensions><ns3:TPX><ns3:Speed>2.6700000762939453</ns3:Speed><ns3:Pace>0.37</ns3:Pace></ns3:TPX></Extensions></Trackpoint><Trackpoint><Time>2025-08-17T21:17:20Z</Time><Position><LatitudeDegrees>-8.05553547</LatitudeDegrees><LongitudeDegrees>-34.95385356</LongitudeDegrees></Position><HeartRateBpm><Value>129</Value></HeartRateBpm><Cadence>88</Cadence><Extensions><ns3:TPX><ns3:Speed>2.6600000858306885</ns3:Speed><ns3:Pace>0.37</ns3:Pace></ns3:TPX></Extensions></Trackpoint><Trackpoint><Time>2025-08-17T21:17:21Z</Time><Position><LatitudeDegrees>-8.05552481</LatitudeDegrees><LongitudeDegrees>-34.95384023</LongitudeDegrees></Position><HeartRateBpm><Value>130</Value></HeartRateBpm><Cadence>88</Cadence><Extensions><ns3:TPX><ns3:Speed>2.6500000953674316</ns3:Speed><ns3:Pace>0.37</ns3:Pace></ns3:TPX></Extensions></Trackpoint><Trackpoint><Time>2025-08-17T21:17:22Z</Time><Position><LatitudeDegrees>-8.05551215</LatitudeDegrees><LongitudeDegrees>-34.9538299</LongitudeDegrees></Position><HeartRateBpm><Value>130</Value></HeartRateBpm><Cadence>88</Cadence><Extensions><ns3:TPX><ns3:Speed>2.6500000953674316</ns3:Speed><ns3:Pace>0.37</ns3:Pace></ns3:TPX></Extensions></Trackpoint><Trackpoint><Time>2025-08-17T21:17:23Z</Time><Position><LatitudeDegrees>-8.05549949</LatitudeDegrees><LongitudeDegrees>-34.95382156</LongitudeDegrees></Position><HeartRateBpm><Value>130</Value></HeartRateBpm><Cadence>88</Cadence><Extensions><ns3:TPX><ns3:Speed>2.640000104904175</ns3:Speed><ns3:Pace>0.38</ns3:Pace></ns3:TPX></Extensions></Trackpoint><Trackpoint><Time>2025-08-17T21:17:24Z</Time><Position><LatitudeDegrees>-8.05548516</LatitudeDegrees><LongitudeDegrees>-34.95381524</LongitudeDegrees></Position><HeartRateBpm><Value>130</Value></HeartRateBpm><Cadence>88</Cadence><Extensions><ns3:TPX><ns3:Speed>2.630000114440918</ns3:Speed><ns3:Pace>0.38</ns3:Pace></ns3:TPX></Extensions></Trackpoint><Trackpoint><Time>2025-08-17T21:17:25Z</Time><Position><LatitudeDegrees>-8.05546983</LatitudeDegrees><LongitudeDegrees>-34.95381092</LongitudeDegrees></Position><HeartRateBpm><Value>130</Value></HeartRateBpm><Cadence>88</Cadence><Extensions><ns3:TPX><ns3:Speed>2.630000114440918</ns3:Speed><ns3:Pace>0.38</ns3:Pace></ns3:TPX></Extensions></Trackpoint><Trackpoint><Time>2025-08-17T21:17:26Z</Time><Position><LatitudeDegrees>-8.05545216</LatitudeDegrees><LongitudeDegrees>-34.95380793</LongitudeDegrees></Position><HeartRateBpm><Value>130</Value></HeartRateBpm><Cadence>88</Cadence><Extensions><ns3:TPX><ns3:Speed>2.609999895095825</ns3:Speed><ns3:Pace>0.38</ns3:Pace></ns3:TPX></Extensions></Trackpoint><Trackpoint><Time>2025-08-17T21:17:27Z</Time><Position><LatitudeDegrees>-8.05543284</LatitudeDegrees><LongitudeDegrees>-34.95380626</LongitudeDegrees></Position><HeartRateBpm><Value>130</Value></HeartRateBpm><Cadence>88</Cadence><Extensions><ns3:TPX><ns3:Speed>2.5999999046325684</ns3:Speed><ns3:Pace>0.38</ns3:Pace></ns3:TPX></Extensions></Trackpoint><Trackpoint><Time>2025-08-17T21:17:28Z</Time><Position><LatitudeDegrees>-8.05541151</LatitudeDegrees><LongitudeDegrees>-34.95380527</LongitudeDegrees></Position><HeartRateBpm><Value>130</Value></HeartRateBpm><Cadence>88</Cadence><Extensions><ns3:TPX><ns3:Speed>2.5899999141693115</ns3:Speed><ns3:Pace>0.38</ns3:Pace></ns3:TPX></Extensions></Trackpoint><Trackpoint><Time>2025-08-17T21:17:29Z</Time><Position><LatitudeDegrees>-8.05538918</LatitudeDegrees><LongitudeDegrees>-34.9538036</LongitudeDegrees></Position><HeartRateBpm><Value>131</Value></HeartRateBpm><Cadence>88</Cadence><Extensions><ns3:TPX><ns3:Speed>2.5799999237060547</ns3:Speed><ns3:Pace>0.38</ns3:Pace></ns3:TPX></Extensions></Trackpoint><Trackpoint><Time>2025-08-17T21:17:30Z</Time><Position><LatitudeDegrees>-8.05536618</LatitudeDegrees><LongitudeDegrees>-34.95380194</LongitudeDegrees></Position><HeartRateBpm><Value>131</Value></HeartRateBpm><Cadence>88</Cadence><Extensions><ns3:TPX><ns3:Speed>2.569999933242798</ns3:Speed><ns3:Pace>0.38</ns3:Pace></ns3:TPX></Extensions></Trackpoint><Trackpoint><Time>2025-08-17T21:17:31Z</Time><Position><LatitudeDegrees>-8.05534385</LatitudeDegrees><LongitudeDegrees>-34.95380028</LongitudeDegrees></Position><HeartRateBpm><Value>131</Value></HeartRateBpm><Cadence>88</Cadence><Extensions><ns3:TPX><ns3:Speed>2.569999933242798</ns3:Speed><ns3:Pace>0.39</ns3:Pace></ns3:TPX></Extensions></Trackpoint><Trackpoint><Time>2025-08-17T21:17:32Z</Time><Position><LatitudeDegrees>-8.05532186</LatitudeDegrees><LongitudeDegrees>-34.95379962</LongitudeDegrees></Position><HeartRateBpm><Value>131</Value></HeartRateBpm><Cadence>88</Cadence><Extensions><ns3:TPX><ns3:Speed>2.559999942779541</ns3:Speed><ns3:Pace>0.39</ns3:Pace></ns3:TPX></Extensions></Trackpoint><Trackpoint><Time>2025-08-17T21:17:33Z</Time><Position><LatitudeDegrees>-8.0552992</LatitudeDegrees><LongitudeDegrees>-34.95379929</LongitudeDegrees></Position><HeartRateBpm><Value>132</Value></HeartRateBpm><Cadence>88</Cadence><Extensions><ns3:TPX><ns3:Speed>2.549999952316284</ns3:Speed><ns3:Pace>0.39</ns3:Pace></ns3:TPX></Extensions></Trackpoint><Trackpoint><Time>2025-08-17T21:17:34Z</Time><Position><LatitudeDegrees>-8.05527687</LatitudeDegrees><LongitudeDegrees>-34.95379897</LongitudeDegrees></Position><HeartRateBpm><Value>131</Value></HeartRateBpm><Cadence>87</Cadence><Extensions><ns3:TPX><ns3:Speed>2.549999952316284</ns3:Speed><ns3:Pace>0.39</ns3:Pace></ns3:TPX></Extensions></Trackpoint><Trackpoint><Time>2025-08-17T21:17:35Z</Time><Position><LatitudeDegrees>-8.05525454</LatitudeDegrees><LongitudeDegrees>-34.95379831</LongitudeDegrees></Position><HeartRateBpm><Value>131</Value></HeartRateBpm><Cadence>87</Cadence><Extensions><ns3:TPX><ns3:Speed>2.549999952316284</ns3:Speed><ns3:Pace>0.39</ns3:Pace></ns3:TPX></Extensions></Trackpoint><Trackpoint><Time>2025-08-17T21:17:36Z</Time><Position><LatitudeDegrees>-8.05523087</LatitudeDegrees><LongitudeDegrees>-34.95379631</LongitudeDegrees></Position><HeartRateBpm><Value>130</Value></HeartRateBpm><Cadence>87</Cadence><Extensions><ns3:TPX><ns3:Speed>2.549999952316284</ns3:Speed><ns3:Pace>0.39</ns3:Pace></ns3:TPX></Extensions></Trackpoint><Trackpoint><Time>2025-08-17T21:17:37Z</Time><Position><LatitudeDegrees>-8.05520755</LatitudeDegrees><LongitudeDegrees>-34.95379432</LongitudeDegrees></Position><HeartRateBpm><Value>130</Value></HeartRateBpm><Cadence>87</Cadence><Extensions><ns3:TPX><ns3:Speed>2.549999952316284</ns3:Speed><ns3:Pace>0.39</ns3:Pace></ns3:TPX></Extensions></Trackpoint><Trackpoint><Time>2025-08-17T21:17:38Z</Time><Position><LatitudeDegrees>-8.05518356</LatitudeDegrees><LongitudeDegrees>-34.95379232</LongitudeDegrees></Position><HeartRateBpm><Value>130</Value></HeartRateBpm><Cadence>88</Cadence><Extensions><ns3:TPX><ns3:Speed>2.549999952316284</ns3:Speed><ns3:Pace>0.39</ns3:Pace></ns3:TPX></Extensions></Trackpoint><Trackpoint><Time>2025-08-17T21:17:39Z</Time><Position><LatitudeDegrees>-8.05515889</LatitudeDegrees><LongitudeDegrees>-34.95378933</LongitudeDegrees></Position><HeartRateBpm><Value>130</Value></HeartRateBpm><Cadence>88</Cadence><Extensions><ns3:TPX><ns3:Speed>2.549999952316284</ns3:Speed><ns3:Pace>0.39</ns3:Pace></ns3:TPX></Extensions></Trackpoint><Trackpoint><Time>2025-08-17T21:17:40Z</Time><Position><LatitudeDegrees>-8.05513456</LatitudeDegrees><LongitudeDegrees>-34.953787</LongitudeDegrees></Position><HeartRateBpm><Value>130</Value></HeartRateBpm><Cadence>88</Cadence><Extensions><ns3:TPX><ns3:Speed>2.549999952316284</ns3:Speed><ns3:Pace>0.39</ns3:Pace></ns3:TPX></Extensions></Trackpoint><Trackpoint><Time>2025-08-17T21:17:41Z</Time><Position><LatitudeDegrees>-8.05511057</LatitudeDegrees><LongitudeDegrees>-34.95378466</LongitudeDegrees></Position><HeartRateBpm><Value>130</Value></HeartRateBpm><Cadence>89</Cadence><Extensions><ns3:TPX><ns3:Speed>2.549999952316284</ns3:Speed><ns3:Pace>0.39</ns3:Pace></ns3:TPX></Extensions></Trackpoint><Trackpoint><Time>2025-08-17T21:17:42Z</Time><Position><LatitudeDegrees>-8.05508791</LatitudeDegrees><LongitudeDegrees>-34.95378334</LongitudeDegrees></Position><HeartRateBpm><Value>130</Value></HeartRateBpm><Cadence>88</Cadence><Extensions><ns3:TPX><ns3:Speed>2.549999952316284</ns3:Speed><ns3:Pace>0.39</ns3:Pace></ns3:TPX></Extensions></Trackpoint><Trackpoint><Time>2025-08-17T21:17:43Z</Time><Position><LatitudeDegrees>-8.05506625</LatitudeDegrees><LongitudeDegrees>-34.95378101</LongitudeDegrees></Position><HeartRateBpm><Value>130</Value></HeartRateBpm><Cadence>88</Cadence><Extensions><ns3:TPX><ns3:Speed>2.549999952316284</ns3:Speed><ns3:Pace>0.39</ns3:Pace></ns3:TPX></Extensions></Trackpoint><Trackpoint><Time>2025-08-17T21:17:44Z</Time><Position><LatitudeDegrees>-8.05504492</LatitudeDegrees><LongitudeDegrees>-34.95377802</LongitudeDegrees></Position><HeartRateBpm><Value>131</Value></HeartRateBpm><Cadence>89</Cadence><Extensions><ns3:TPX><ns3:Speed>2.549999952316284</ns3:Speed><ns3:Pace>0.39</ns3:Pace></ns3:TPX></Extensions></Trackpoint><Trackpoint><Time>2025-08-17T21:17:45Z</Time><Position><LatitudeDegrees>-8.05502525</LatitudeDegrees><LongitudeDegrees>-34.95377503</LongitudeDegrees></Position><HeartRateBpm><Value>131</Value></HeartRateBpm><Cadence>89</Cadence><Extensions><ns3:TPX><ns3:Speed>2.549999952316284</ns3:Speed><ns3:Pace>0.39</ns3:Pace></ns3:TPX></Extensions></Trackpoint><Trackpoint><Time>2025-08-17T21:17:46Z</Time><Position><LatitudeDegrees>-8.05500493</LatitudeDegrees><LongitudeDegrees>-34.95377236</LongitudeDegrees></Position><HeartRateBpm><Value>131</Value></HeartRateBpm><Cadence>89</Cadence><Extensions><ns3:TPX><ns3:Speed>2.559999942779541</ns3:Speed><ns3:Pace>0.39</ns3:Pace></ns3:TPX></Extensions></Trackpoint><Trackpoint><Time>2025-08-17T21:17:47Z</Time><Position><LatitudeDegrees>-8.05498393</LatitudeDegrees><LongitudeDegrees>-34.95376937</LongitudeDegrees></Position><HeartRateBpm><Value>131</Value></HeartRateBpm><Cadence>89</Cadence><Extensions><ns3:TPX><ns3:Speed>2.559999942779541</ns3:Speed><ns3:Pace>0.39</ns3:Pace></ns3:TPX></Extensions></Trackpoint><Trackpoint><Time>2025-08-17T21:17:48Z</Time><Position><LatitudeDegrees>-8.05496127</LatitudeDegrees><LongitudeDegrees>-34.95376704</LongitudeDegrees></Position><HeartRateBpm><Value>131</Value></HeartRateBpm><Cadence>89</Cadence><Extensions><ns3:TPX><ns3:Speed>2.559999942779541</ns3:Speed><ns3:Pace>0.39</ns3:Pace></ns3:TPX></Extensions></Trackpoint><Trackpoint><Time>2025-08-17T21:17:49Z</Time><Position><LatitudeDegrees>-8.05493795</LatitudeDegrees><LongitudeDegrees>-34.9537647</LongitudeDegrees></Position><HeartRateBpm><Value>131</Value></HeartRateBpm><Cadence>89</Cadence><Extensions><ns3:TPX><ns3:Speed>2.559999942779541</ns3:Speed><ns3:Pace>0.39</ns3:Pace></ns3:TPX></Extensions></Trackpoint><Trackpoint><Time>2025-08-17T21:17:50Z</Time><Position><LatitudeDegrees>-8.05491463</LatitudeDegrees><LongitudeDegrees>-34.95376271</LongitudeDegrees></Position><HeartRateBpm><Value>131</Value></HeartRateBpm><Cadence>89</Cadence><Extensions><ns3:TPX><ns3:Speed>2.559999942779541</ns3:Speed><ns3:Pace>0.39</ns3:Pace></ns3:TPX></Extensions></Trackpoint><Trackpoint><Time>2025-08-17T21:17:51Z</Time><Position><LatitudeDegrees>-8.05488996</LatitudeDegrees><LongitudeDegrees>-34.95376205</LongitudeDegrees></Position><HeartRateBpm><Value>131</Value></HeartRateBpm><Cadence>89</Cadence><Extensions><ns3:TPX><ns3:Speed>2.559999942779541</ns3:Speed><ns3:Pace>0.39</ns3:Pace></ns3:TPX></Extensions></Trackpoint><Trackpoint><Time>2025-08-17T21:17:52Z</Time><Position><LatitudeDegrees>-8.05486763</LatitudeDegrees><LongitudeDegrees>-34.95376338</LongitudeDegrees></Position><HeartRateBpm><Value>132</Value></HeartRateBpm><Cadence>89</Cadence><Extensions><ns3:TPX><ns3:Speed>2.559999942779541</ns3:Speed><ns3:Pace>0.39</ns3:Pace></ns3:TPX></Extensions></Trackpoint><Trackpoint><Time>2025-08-17T21:17:53Z</Time><Position><LatitudeDegrees>-8.05484596</LatitudeDegrees><LongitudeDegrees>-34.9537647</LongitudeDegrees></Position><HeartRateBpm><Value>132</Value></HeartRateBpm><Cadence>89</Cadence><Extensions><ns3:TPX><ns3:Speed>2.549999952316284</ns3:Speed><ns3:Pace>0.39</ns3:Pace></ns3:TPX></Extensions></Trackpoint><Trackpoint><Time>2025-08-17T21:17:54Z</Time><Position><LatitudeDegrees>-8.05482597</LatitudeDegrees><LongitudeDegrees>-34.95376536</LongitudeDegrees></Position><HeartRateBpm><Value>134</Value></HeartRateBpm><Cadence>89</Cadence><Extensions><ns3:TPX><ns3:Speed>2.549999952316284</ns3:Speed><ns3:Pace>0.39</ns3:Pace></ns3:TPX></Extensions></Trackpoint><Trackpoint><Time>2025-08-17T21:17:55Z</Time><Position><LatitudeDegrees>-8.0548043</LatitudeDegrees><LongitudeDegrees>-34.95376569</LongitudeDegrees></Position><HeartRateBpm><Value>136</Value></HeartRateBpm><Cadence>88</Cadence><Extensions><ns3:TPX><ns3:Speed>2.549999952316284</ns3:Speed><ns3:Pace>0.39</ns3:Pace></ns3:TPX></Extensions></Trackpoint><Trackpoint><Time>2025-08-17T21:17:56Z</Time><Position><LatitudeDegrees>-8.05478098</LatitudeDegrees><LongitudeDegrees>-34.95376602</LongitudeDegrees></Position><HeartRateBpm><Value>136</Value></HeartRateBpm><Cadence>88</Cadence><Extensions><ns3:TPX><ns3:Speed>2.549999952316284</ns3:Speed><ns3:Pace>0.39</ns3:Pace></ns3:TPX></Extensions></Trackpoint><Trackpoint><Time>2025-08-17T21:17:57Z</Time><Position><LatitudeDegrees>-8.05475798</LatitudeDegrees><LongitudeDegrees>-34.95376569</LongitudeDegrees></Position><HeartRateBpm><Value>137</Value></HeartRateBpm><Cadence>89</Cadence><Extensions><ns3:TPX><ns3:Speed>2.549999952316284</ns3:Speed><ns3:Pace>0.39</ns3:Pace></ns3:TPX></Extensions></Trackpoint><Trackpoint><Time>2025-08-17T21:17:58Z</Time><Position><LatitudeDegrees>-8.05473732</LatitudeDegrees><LongitudeDegrees>-34.95376735</LongitudeDegrees></Position><HeartRateBpm><Value>137</Value></HeartRateBpm><Cadence>89</Cadence><Extensions><ns3:TPX><ns3:Speed>2.549999952316284</ns3:Speed><ns3:Pace>0.39</ns3:Pace></ns3:TPX></Extensions></Trackpoint><Trackpoint><Time>2025-08-17T21:17:59Z</Time><Position><LatitudeDegrees>-8.05471799</LatitudeDegrees><LongitudeDegrees>-34.95377002</LongitudeDegrees></Position><HeartRateBpm><Value>136</Value></HeartRateBpm><Cadence>89</Cadence><Extensions><ns3:TPX><ns3:Speed>2.549999952316284</ns3:Speed><ns3:Pace>0.39</ns3:Pace></ns3:TPX></Extensions></Trackpoint><Trackpoint><Time>2025-08-17T21:18:00Z</Time><Position><LatitudeDegrees>-8.05469933</LatitudeDegrees><LongitudeDegrees>-34.95377267</LongitudeDegrees></Position><HeartRateBpm><Value>136</Value></HeartRateBpm><Cadence>89</Cadence><Extensions><ns3:TPX><ns3:Speed>2.509999990463257</ns3:Speed><ns3:Pace>0.4</ns3:Pace></ns3:TPX></Extensions></Trackpoint><Trackpoint><Time>2025-08-17T21:18:01Z</Time><Position><LatitudeDegrees>-8.05468267</LatitudeDegrees><LongitudeDegrees>-34.95377501</LongitudeDegrees></Position><HeartRateBpm><Value>137</Value></HeartRateBpm><Cadence>89</Cadence><Extensions><ns3:TPX><ns3:Speed>2.450000047683716</ns3:Speed><ns3:Pace>0.4</ns3:Pace></ns3:TPX></Extensions></Trackpoint><Trackpoint><Time>2025-08-17T21:18:02Z</Time><Position><LatitudeDegrees>-8.05466701</LatitudeDegrees><LongitudeDegrees>-34.95377666</LongitudeDegrees></Position><HeartRateBpm><Value>137</Value></HeartRateBpm><Cadence>89</Cadence><Extensions><ns3:TPX><ns3:Speed>2.450000047683716</ns3:Speed><ns3:Pace>0.41</ns3:Pace></ns3:TPX></Extensions></Trackpoint><Trackpoint><Time>2025-08-17T21:18:03Z</Time><Position><LatitudeDegrees>-8.05465202</LatitudeDegrees><LongitudeDegrees>-34.95377733</LongitudeDegrees></Position><HeartRateBpm><Value>138</Value></HeartRateBpm><Cadence>89</Cadence><Extensions><ns3:TPX><ns3:Speed>2.4000000953674316</ns3:Speed><ns3:Pace>0.43</ns3:Pace></ns3:TPX></Extensions></Trackpoint><Trackpoint><Time>2025-08-17T21:18:04Z</Time><Position><LatitudeDegrees>-8.05463835</LatitudeDegrees><LongitudeDegrees>-34.95377832</LongitudeDegrees></Position><HeartRateBpm><Value>138</Value></HeartRateBpm><Cadence>89</Cadence><Extensions><ns3:TPX><ns3:Speed>2.319999933242798</ns3:Speed><ns3:Pace>0.47</ns3:Pace></ns3:TPX></Extensions></Trackpoint><Trackpoint><Time>2025-08-17T21:18:05Z</Time><Position><LatitudeDegrees>-8.05462503</LatitudeDegrees><LongitudeDegrees>-34.95377999</LongitudeDegrees></Position><HeartRateBpm><Value>138</Value></HeartRateBpm><Cadence>89</Cadence><Extensions><ns3:TPX><ns3:Speed>2.0999999046325684</ns3:Speed><ns3:Pace>0.54</ns3:Pace></ns3:TPX></Extensions></Trackpoint><Trackpoint><Time>2025-08-17T21:18:06Z</Time><Position><LatitudeDegrees>-8.05461304</LatitudeDegrees><LongitudeDegrees>-34.95378164</LongitudeDegrees></Position><HeartRateBpm><Value>138</Value></HeartRateBpm><Cadence>89</Cadence><Extensions><ns3:TPX><ns3:Speed>1.8200000524520874</ns3:Speed><ns3:Pace>0.62</ns3:Pace></ns3:TPX></Extensions></Trackpoint><Trackpoint><Time>2025-08-17T21:18:07Z</Time><Position><LatitudeDegrees>-8.05460037</LatitudeDegrees><LongitudeDegrees>-34.9537823</LongitudeDegrees></Position><HeartRateBpm><Value>138</Value></HeartRateBpm><Cadence>89</Cadence><Extensions><ns3:TPX><ns3:Speed>1.6100000143051147</ns3:Speed><ns3:Pace>0.62</ns3:Pace></ns3:TPX></Extensions></Trackpoint><Trackpoint><Time>2025-08-17T21:18:08Z</Time><Position><LatitudeDegrees>-8.05458871</LatitudeDegrees><LongitudeDegrees>-34.95378263</LongitudeDegrees></Position><HeartRateBpm><Value>138</Value></HeartRateBpm><Cadence>89</Cadence><Extensions><ns3:TPX><ns3:Speed>1.6100000143051147</ns3:Speed><ns3:Pace>0.66</ns3:Pace></ns3:TPX></Extensions></Trackpoint><Trackpoint><Time>2025-08-17T21:18:09Z</Time><Position><LatitudeDegrees>-8.05457705</LatitudeDegrees><LongitudeDegrees>-34.9537823</LongitudeDegrees></Position><HeartRateBpm><Value>138</Value></HeartRateBpm><Cadence>89</Cadence><Extensions><ns3:TPX><ns3:Speed>1.5</ns3:Speed><ns3:Pace>0.68</ns3:Pace></ns3:TPX></Extensions></Trackpoint><Trackpoint><Time>2025-08-17T21:18:10Z</Time><Position><LatitudeDegrees>-8.05456605</LatitudeDegrees><LongitudeDegrees>-34.95378098</LongitudeDegrees></Position><HeartRateBpm><Value>138</Value></HeartRateBpm><Cadence>89</Cadence><Extensions><ns3:TPX><ns3:Speed>1.4500000476837158</ns3:Speed><ns3:Pace>0.7</ns3:Pace></ns3:TPX></Extensions></Trackpoint><Trackpoint><Time>2025-08-17T21:18:11Z</Time><Position><LatitudeDegrees>-8.05455539</LatitudeDegrees><LongitudeDegrees>-34.95377864</LongitudeDegrees></Position><HeartRateBpm><Value>138</Value></HeartRateBpm><Cadence>89</Cadence><Extensions><ns3:TPX><ns3:Speed>1.4199999570846558</ns3:Speed><ns3:Pace>0.71</ns3:Pace></ns3:TPX></Extensions></Trackpoint><Trackpoint><Time>2025-08-17T21:18:12Z</Time><Position><LatitudeDegrees>-8.0545454</LatitudeDegrees><LongitudeDegrees>-34.95377631</LongitudeDegrees></Position><HeartRateBpm><Value>138</Value></HeartRateBpm><Cadence>89</Cadence><Extensions><ns3:TPX><ns3:Speed>1.3899999856948853</ns3:Speed><ns3:Pace>0.74</ns3:Pace></ns3:TPX></Extensions></Trackpoint><Trackpoint><Time>2025-08-17T21:18:13Z</Time><Position><LatitudeDegrees>-8.05453707</LatitudeDegrees><LongitudeDegrees>-34.95377364</LongitudeDegrees></Position><HeartRateBpm><Value>138</Value></HeartRateBpm><Cadence>89</Cadence><Extensions><ns3:TPX><ns3:Speed>1.340000033378601</ns3:Speed><ns3:Pace>0.74</ns3:Pace></ns3:TPX></Extensions></Trackpoint><Trackpoint><Time>2025-08-17T21:18:14Z</Time><Position><LatitudeDegrees>-8.05452641</LatitudeDegrees><LongitudeDegrees>-34.95377032</LongitudeDegrees></Position><HeartRateBpm><Value>138</Value></HeartRateBpm><Cadence>89</Cadence><Extensions><ns3:TPX><ns3:Speed>1.340000033378601</ns3:Speed><ns3:Pace>0.76</ns3:Pace></ns3:TPX></Extensions></Trackpoint><Trackpoint><Time>2025-08-17T21:18:15Z</Time><Position><LatitudeDegrees>-8.05451342</LatitudeDegrees><LongitudeDegrees>-34.95376532</LongitudeDegrees></Position><HeartRateBpm><Value>137</Value></HeartRateBpm><Cadence>89</Cadence><Extensions><ns3:TPX><ns3:Speed>1.309999942779541</ns3:Speed><ns3:Pace>0.77</ns3:Pace></ns3:TPX></Extensions></Trackpoint><Trackpoint><Time>2025-08-17T21:18:16Z</Time><Position><LatitudeDegrees>-8.05449909</LatitudeDegrees><LongitudeDegrees>-34.95375866</LongitudeDegrees></Position><HeartRateBpm><Value>137</Value></HeartRateBpm><Cadence>89</Cadence><Extensions><ns3:TPX><ns3:Speed>1.2799999713897705</ns3:Speed><ns3:Pace>0.77</ns3:Pace></ns3:TPX></Extensions></Trackpoint><Trackpoint><Time>2025-08-17T21:18:17Z</Time><Position><LatitudeDegrees>-8.0544841</LatitudeDegrees><LongitudeDegrees>-34.95375167</LongitudeDegrees></Position><HeartRateBpm><Value>136</Value></HeartRateBpm><Cadence>64</Cadence><Extensions><ns3:TPX><ns3:Speed>1.2799999713897705</ns3:Speed><ns3:Pace>0.77</ns3:Pace></ns3:TPX></Extensions></Trackpoint><Trackpoint><Time>2025-08-17T21:18:18Z</Time><Position><LatitudeDegrees>-8.05446844</LatitudeDegrees><LongitudeDegrees>-34.95374334</LongitudeDegrees></Position><HeartRateBpm><Value>136</Value></HeartRateBpm><Cadence>64</Cadence><Extensions><ns3:TPX><ns3:Speed>1.2899999618530273</ns3:Speed><ns3:Pace>0.73</ns3:Pace></ns3:TPX></Extensions></Trackpoint><Trackpoint><Time>2025-08-17T21:18:19Z</Time><Position><LatitudeDegrees>-8.05445311</LatitudeDegrees><LongitudeDegrees>-34.95373634</LongitudeDegrees></Position><HeartRateBpm><Value>135</Value></HeartRateBpm><Cadence>62</Cadence><Extensions><ns3:TPX><ns3:Speed>1.350000023841858</ns3:Speed><ns3:Pace>0.73</ns3:Pace></ns3:TPX></Extensions></Trackpoint><Trackpoint><Time>2025-08-17T21:18:20Z</Time><Position><LatitudeDegrees>-8.05443844</LatitudeDegrees><LongitudeDegrees>-34.95373101</LongitudeDegrees></Position><HeartRateBpm><Value>135</Value></HeartRateBpm><Cadence>62</Cadence><Extensions><ns3:TPX><ns3:Speed>1.350000023841858</ns3:Speed><ns3:Pace>0.68</ns3:Pace></ns3:TPX></Extensions></Trackpoint><Trackpoint><Time>2025-08-17T21:18:21Z</Time><Position><LatitudeDegrees>-8.05442411</LatitudeDegrees><LongitudeDegrees>-34.95372867</LongitudeDegrees></Position><HeartRateBpm><Value>135</Value></HeartRateBpm><Cadence>62</Cadence><Extensions><ns3:TPX><ns3:Speed>1.4700000286102295</ns3:Speed><ns3:Pace>0.64</ns3:Pace></ns3:TPX></Extensions></Trackpoint><Trackpoint><Time>2025-08-17T21:18:22Z</Time><Position><LatitudeDegrees>-8.05441079</LatitudeDegrees><LongitudeDegrees>-34.95372802</LongitudeDegrees></Position><HeartRateBpm><Value>134</Value></HeartRateBpm><Cadence>62</Cadence><Extensions><ns3:TPX><ns3:Speed>1.559999942779541</ns3:Speed><ns3:Pace>0.63</ns3:Pace></ns3:TPX></Extensions></Trackpoint><Trackpoint><Time>2025-08-17T21:18:23Z</Time><Position><LatitudeDegrees>-8.05439746</LatitudeDegrees><LongitudeDegrees>-34.95372968</LongitudeDegrees></Position><HeartRateBpm><Value>131</Value></HeartRateBpm><Cadence>62</Cadence><Extensions><ns3:TPX><ns3:Speed>1.5800000429153442</ns3:Speed><ns3:Pace>0.63</ns3:Pace></ns3:TPX></Extensions></Trackpoint><Trackpoint><Time>2025-08-17T21:18:24Z</Time><Position><LatitudeDegrees>-8.05438513</LatitudeDegrees><LongitudeDegrees>-34.95373267</LongitudeDegrees></Position><HeartRateBpm><Value>128</Value></HeartRateBpm><Cadence>62</Cadence><Extensions><ns3:TPX><ns3:Speed>1.5800000429153442</ns3:Speed><ns3:Pace>0.63</ns3:Pace></ns3:TPX></Extensions></Trackpoint><Trackpoint><Time>2025-08-17T21:18:25Z</Time><Position><LatitudeDegrees>-8.05437181</LatitudeDegrees><LongitudeDegrees>-34.953734</LongitudeDegrees></Position><HeartRateBpm><Value>126</Value></HeartRateBpm><Cadence>62</Cadence><Extensions><ns3:TPX><ns3:Speed>1.5700000524520874</ns3:Speed><ns3:Pace>0.63</ns3:Pace></ns3:TPX></Extensions></Trackpoint><Trackpoint><Time>2025-08-17T21:18:26Z</Time><Position><LatitudeDegrees>-8.05436047</LatitudeDegrees><LongitudeDegrees>-34.95373432</LongitudeDegrees></Position><HeartRateBpm><Value>126</Value></HeartRateBpm><Cadence>62</Cadence><Extensions><ns3:TPX><ns3:Speed>1.5700000524520874</ns3:Speed><ns3:Pace>0.65</ns3:Pace></ns3:TPX></Extensions></Trackpoint><Trackpoint><Time>2025-08-17T21:18:27Z</Time><Position><LatitudeDegrees>-8.05434948</LatitudeDegrees><LongitudeDegrees>-34.953734</LongitudeDegrees></Position><HeartRateBpm><Value>125</Value></HeartRateBpm><Cadence>62</Cadence><Extensions><ns3:TPX><ns3:Speed>1.5199999809265137</ns3:Speed><ns3:Pace>0.67</ns3:Pace></ns3:TPX></Extensions></Trackpoint><Trackpoint><Time>2025-08-17T21:18:28Z</Time><Position><LatitudeDegrees>-8.05433815</LatitudeDegrees><LongitudeDegrees>-34.95373267</LongitudeDegrees></Position><HeartRateBpm><Value>124</Value></HeartRateBpm><Cadence>62</Cadence><Extensions><ns3:TPX><ns3:Speed>1.4700000286102295</ns3:Speed><ns3:Pace>0.7</ns3:Pace></ns3:TPX></Extensions></Trackpoint><Trackpoint><Time>2025-08-17T21:18:29Z</Time><Position><LatitudeDegrees>-8.05432616</LatitudeDegrees><LongitudeDegrees>-34.95373235</LongitudeDegrees></Position><HeartRateBpm><Value>124</Value></HeartRateBpm><Cadence>62</Cadence><Extensions><ns3:TPX><ns3:Speed>1.409999966621399</ns3:Speed><ns3:Pace>0.74</ns3:Pace></ns3:TPX></Extensions></Trackpoint><Trackpoint><Time>2025-08-17T21:18:30Z</Time><Position><LatitudeDegrees>-8.05431384</LatitudeDegrees><LongitudeDegrees>-34.95373235</LongitudeDegrees></Position><HeartRateBpm><Value>124</Value></HeartRateBpm><Cadence>62</Cadence><Extensions><ns3:TPX><ns3:Speed>1.340000033378601</ns3:Speed><ns3:Pace>0.77</ns3:Pace></ns3:TPX></Extensions></Trackpoint><Trackpoint><Time>2025-08-17T21:18:31Z</Time><Position><LatitudeDegrees>-8.05430217</LatitudeDegrees><LongitudeDegrees>-34.95373035</LongitudeDegrees></Position><HeartRateBpm><Value>124</Value></HeartRateBpm><Cadence>62</Cadence><Extensions><ns3:TPX><ns3:Speed>1.2899999618530273</ns3:Speed><ns3:Pace>0.77</ns3:Pace></ns3:TPX></Extensions></Trackpoint><Trackpoint><Time>2025-08-17T21:18:32Z</Time><Position><LatitudeDegrees>-8.0542895</LatitudeDegrees><LongitudeDegrees>-34.95372835</LongitudeDegrees></Position><HeartRateBpm><Value>124</Value></HeartRateBpm><Cadence>62</Cadence><Extensions><ns3:TPX><ns3:Speed>1.2899999618530273</ns3:Speed><ns3:Pace>0.79</ns3:Pace></ns3:TPX></Extensions></Trackpoint><Trackpoint><Time>2025-08-17T21:18:33Z</Time><Position><LatitudeDegrees>-8.0542755</LatitudeDegrees><LongitudeDegrees>-34.95372436</LongitudeDegrees></Position><HeartRateBpm><Value>124</Value></HeartRateBpm><Cadence>62</Cadence><Extensions><ns3:TPX><ns3:Speed>1.2599999904632568</ns3:Speed><ns3:Pace>0.79</ns3:Pace></ns3:TPX></Extensions></Trackpoint><Trackpoint><Time>2025-08-17T21:18:34Z</Time><HeartRateBpm><Value>120</Value></HeartRateBpm><Cadence>62</Cadence><Extensions><ns3:TPX><ns3:Speed>1.2599999904632568</ns3:Speed></ns3:TPX></Extensions></Trackpoint><Trackpoint><Time>2025-08-17T21:18:35Z</Time><Position><LatitudeDegrees>-8.05421517</LatitudeDegrees><LongitudeDegrees>-34.9537037</LongitudeDegrees></Position><HeartRateBpm><Value>120</Value></HeartRateBpm><Cadence>62</Cadence><Extensions><ns3:TPX><ns3:Speed>1.2599999904632568</ns3:Speed><ns3:Pace>0.79</ns3:Pace></ns3:TPX></Extensions></Trackpoint><Trackpoint><Time>2025-08-17T21:18:36Z</Time><Position><LatitudeDegrees>-8.05421218</LatitudeDegrees><LongitudeDegrees>-34.95370304</LongitudeDegrees></Position><HeartRateBpm><Value>118</Value></HeartRateBpm><Cadence>62</Cadence><Extensions><ns3:TPX><ns3:Speed>1.2599999904632568</ns3:Speed><ns3:Pace>0.79</ns3:Pace></ns3:TPX></Extensions></Trackpoint><Trackpoint><Time>2025-08-17T21:18:37Z</Time><Position><LatitudeDegrees>-8.05420518</LatitudeDegrees><LongitudeDegrees>-34.95370238</LongitudeDegrees></Position><HeartRateBpm><Value>115</Value></HeartRateBpm><Cadence>62</Cadence><Extensions><ns3:TPX><ns3:Speed>1.2599999904632568</ns3:Speed><ns3:Pace>0.79</ns3:Pace></ns3:TPX></Extensions></Trackpoint><Trackpoint><Time>2025-08-17T21:18:38Z</Time><Position><LatitudeDegrees>-8.05419586</LatitudeDegrees><LongitudeDegrees>-34.9537027</LongitudeDegrees></Position><HeartRateBpm><Value>114</Value></HeartRateBpm><Cadence>62</Cadence><Extensions><ns3:TPX><ns3:Speed>1.2599999904632568</ns3:Speed><ns3:Pace>0.79</ns3:Pace></ns3:TPX></Extensions></Trackpoint><Trackpoint><Time>2025-08-17T21:18:39Z</Time><Position><LatitudeDegrees>-8.05418186</LatitudeDegrees><LongitudeDegrees>-34.95370404</LongitudeDegrees></Position><HeartRateBpm><Value>114</Value></HeartRateBpm><Cadence>62</Cadence><Extensions><ns3:TPX><ns3:Speed>1.2599999904632568</ns3:Speed><ns3:Pace>0.78</ns3:Pace></ns3:TPX></Extensions></Trackpoint><Trackpoint><Time>2025-08-17T21:18:40Z</Time><Position><LatitudeDegrees>-8.05416287</LatitudeDegrees><LongitudeDegrees>-34.95370603</LongitudeDegrees></Position><HeartRateBpm><Value>115</Value></HeartRateBpm><Cadence>62</Cadence><Extensions><ns3:TPX><ns3:Speed>1.2699999809265137</ns3:Speed><ns3:Pace>0.77</ns3:Pace></ns3:TPX></Extensions></Trackpoint><Trackpoint><Time>2025-08-17T21:18:41Z</Time><Position><LatitudeDegrees>-8.0541412</LatitudeDegrees><LongitudeDegrees>-34.95370803</LongitudeDegrees></Position><HeartRateBpm><Value>116</Value></HeartRateBpm><Cadence>62</Cadence><Extensions><ns3:TPX><ns3:Speed>1.2899999618530273</ns3:Speed><ns3:Pace>0.7</ns3:Pace></ns3:TPX></Extensions></Trackpoint><Trackpoint><Time>2025-08-17T21:18:42Z</Time><Position><LatitudeDegrees>-8.05411754</LatitudeDegrees><LongitudeDegrees>-34.95370868</LongitudeDegrees></Position><HeartRateBpm><Value>117</Value></HeartRateBpm><Cadence>62</Cadence><Extensions><ns3:TPX><ns3:Speed>1.409999966621399</ns3:Speed><ns3:Pace>0.59</ns3:Pace></ns3:TPX></Extensions></Trackpoint><Trackpoint><Time>2025-08-17T21:18:43Z</Time><Position><LatitudeDegrees>-8.05409254</LatitudeDegrees><LongitudeDegrees>-34.95371035</LongitudeDegrees></Position><HeartRateBpm><Value>117</Value></HeartRateBpm><Cadence>88</Cadence><Extensions><ns3:TPX><ns3:Speed>1.6699999570846558</ns3:Speed><ns3:Pace>0.54</ns3:Pace></ns3:TPX></Extensions></Trackpoint><Trackpoint><Time>2025-08-17T21:18:44Z</Time><Position><LatitudeDegrees>-8.05406722</LatitudeDegrees><LongitudeDegrees>-34.95371134</LongitudeDegrees></Position><HeartRateBpm><Value>117</Value></HeartRateBpm><Cadence>88</Cadence><Extensions><ns3:TPX><ns3:Speed>1.8200000524520874</ns3:Speed><ns3:Pace>0.54</ns3:Pace></ns3:TPX></Extensions></Trackpoint><Trackpoint><Time>2025-08-17T21:18:45Z</Time><Position><LatitudeDegrees>-8.0540419</LatitudeDegrees><LongitudeDegrees>-34.95371134</LongitudeDegrees></Position><HeartRateBpm><Value>117</Value></HeartRateBpm><Cadence>88</Cadence><Extensions><ns3:TPX><ns3:Speed>1.8200000524520874</ns3:Speed><ns3:Pace>0.48</ns3:Pace></ns3:TPX></Extensions></Trackpoint><Trackpoint><Time>2025-08-17T21:18:46Z</Time><Position><LatitudeDegrees>-8.05401723</LatitudeDegrees><LongitudeDegrees>-34.953712</LongitudeDegrees></Position><HeartRateBpm><Value>116</Value></HeartRateBpm><Cadence>88</Cadence><Extensions><ns3:TPX><ns3:Speed>2.069999933242798</ns3:Speed><ns3:Pace>0.41</ns3:Pace></ns3:TPX></Extensions></Trackpoint><Trackpoint><Time>2025-08-17T21:18:47Z</Time><Position><LatitudeDegrees>-8.05399256</LatitudeDegrees><LongitudeDegrees>-34.953713</LongitudeDegrees></Position><HeartRateBpm><Value>118</Value></HeartRateBpm><Cadence>88</Cadence><Extensions><ns3:TPX><ns3:Speed>2.4200000762939453</ns3:Speed><ns3:Pace>0.38</ns3:Pace></ns3:TPX></Extensions></Trackpoint><Trackpoint><Time>2025-08-17T21:18:48Z</Time><Position><LatitudeDegrees>-8.0539689</LatitudeDegrees><LongitudeDegrees>-34.95371166</LongitudeDegrees></Position><HeartRateBpm><Value>120</Value></HeartRateBpm><Cadence>87</Cadence><Extensions><ns3:TPX><ns3:Speed>2.569999933242798</ns3:Speed><ns3:Pace>0.38</ns3:Pace></ns3:TPX></Extensions></Trackpoint><Trackpoint><Time>2025-08-17T21:18:49Z</Time><Position><LatitudeDegrees>-8.05394624</LatitudeDegrees><LongitudeDegrees>-34.95370667</LongitudeDegrees></Position><HeartRateBpm><Value>122</Value></HeartRateBpm><Cadence>87</Cadence><Extensions><ns3:TPX><ns3:Speed>2.630000114440918</ns3:Speed><ns3:Pace>0.38</ns3:Pace></ns3:TPX></Extensions></Trackpoint><Trackpoint><Time>2025-08-17T21:18:50Z</Time><Position><LatitudeDegrees>-8.05392391</LatitudeDegrees><LongitudeDegrees>-34.95369967</LongitudeDegrees></Position><HeartRateBpm><Value>123</Value></HeartRateBpm><Cadence>88</Cadence><Extensions><ns3:TPX><ns3:Speed>2.630000114440918</ns3:Speed><ns3:Pace>0.38</ns3:Pace></ns3:TPX></Extensions></Trackpoint><Trackpoint><Time>2025-08-17T21:18:51Z</Time><Position><LatitudeDegrees>-8.05390258</LatitudeDegrees><LongitudeDegrees>-34.95369268</LongitudeDegrees></Position><HeartRateBpm><Value>123</Value></HeartRateBpm><Cadence>88</Cadence><Extensions><ns3:TPX><ns3:Speed>2.630000114440918</ns3:Speed><ns3:Pace>0.38</ns3:Pace></ns3:TPX></Extensions></Trackpoint><Trackpoint><Time>2025-08-17T21:18:52Z</Time><Position><LatitudeDegrees>-8.05388158</LatitudeDegrees><LongitudeDegrees>-34.95368768</LongitudeDegrees></Position><HeartRateBpm><Value>123</Value></HeartRateBpm><Cadence>88</Cadence><Extensions><ns3:TPX><ns3:Speed>2.630000114440918</ns3:Speed><ns3:Pace>0.38</ns3:Pace></ns3:TPX></Extensions></Trackpoint><Trackpoint><Time>2025-08-17T21:18:53Z</Time><Position><LatitudeDegrees>-8.05385859</LatitudeDegrees><LongitudeDegrees>-34.95368335</LongitudeDegrees></Position><HeartRateBpm><Value>123</Value></HeartRateBpm><Cadence>88</Cadence><Extensions><ns3:TPX><ns3:Speed>2.609999895095825</ns3:Speed><ns3:Pace>0.38</ns3:Pace></ns3:TPX></Extensions></Trackpoint><Trackpoint><Time>2025-08-17T21:18:54Z</Time><Position><LatitudeDegrees>-8.05383659</LatitudeDegrees><LongitudeDegrees>-34.95368068</LongitudeDegrees></Position><HeartRateBpm><Value>123</Value></HeartRateBpm><Cadence>87</Cadence><Extensions><ns3:TPX><ns3:Speed>2.5899999141693115</ns3:Speed><ns3:Pace>0.39</ns3:Pace></ns3:TPX></Extensions></Trackpoint><Trackpoint><Time>2025-08-17T21:18:55Z</Time><Position><LatitudeDegrees>-8.05378961</LatitudeDegrees><LongitudeDegrees>-34.95367836</LongitudeDegrees></Position><HeartRateBpm><Value>123</Value></HeartRateBpm><Cadence>88</Cadence><Extensions><ns3:TPX><ns3:Speed>2.5299999713897705</ns3:Speed><ns3:Pace>0.39</ns3:Pace></ns3:TPX></Extensions></Trackpoint><Trackpoint><Time>2025-08-17T21:18:56Z</Time><Position><LatitudeDegrees>-8.05376528</LatitudeDegrees><LongitudeDegrees>-34.9536777</LongitudeDegrees></Position><HeartRateBpm><Value>123</Value></HeartRateBpm><Cadence>88</Cadence><Extensions><ns3:TPX><ns3:Speed>2.5299999713897705</ns3:Speed><ns3:Pace>0.39</ns3:Pace></ns3:TPX></Extensions></Trackpoint><Trackpoint><Time>2025-08-17T21:18:57Z</Time><Position><LatitudeDegrees>-8.05374129</LatitudeDegrees><LongitudeDegrees>-34.95367738</LongitudeDegrees></Position><HeartRateBpm><Value>122</Value></HeartRateBpm><Cadence>89</Cadence><Extensions><ns3:TPX><ns3:Speed>2.5299999713897705</ns3:Speed><ns3:Pace>0.39</ns3:Pace></ns3:TPX></Extensions></Trackpoint><Trackpoint><Time>2025-08-17T21:18:58Z</Time><Position><LatitudeDegrees>-8.0537173</LatitudeDegrees><LongitudeDegrees>-34.95367606</LongitudeDegrees></Position><HeartRateBpm><Value>122</Value></HeartRateBpm><Cadence>88</Cadence><Extensions><ns3:TPX><ns3:Speed>2.5199999809265137</ns3:Speed><ns3:Pace>0.39</ns3:Pace></ns3:TPX></Extensions></Trackpoint><Trackpoint><Time>2025-08-17T21:18:59Z</Time><Position><LatitudeDegrees>-8.0536943</LatitudeDegrees><LongitudeDegrees>-34.95367439</LongitudeDegrees></Position><HeartRateBpm><Value>122</Value></HeartRateBpm><Cadence>89</Cadence><Extensions><ns3:TPX><ns3:Speed>2.5299999713897705</ns3:Speed><ns3:Pace>0.39</ns3:Pace></ns3:TPX></Extensions></Trackpoint><Trackpoint><Time>2025-08-17T21:19:00Z</Time><Position><LatitudeDegrees>-8.05367098</LatitudeDegrees><LongitudeDegrees>-34.9536714</LongitudeDegrees></Position><HeartRateBpm><Value>123</Value></HeartRateBpm><Cadence>88</Cadence><Extensions><ns3:TPX><ns3:Speed>2.5399999618530273</ns3:Speed><ns3:Pace>0.39</ns3:Pace></ns3:TPX></Extensions></Trackpoint><Trackpoint><Time>2025-08-17T21:19:01Z</Time><Position><LatitudeDegrees>-8.05364764</LatitudeDegrees><LongitudeDegrees>-34.95366808</LongitudeDegrees></Position><HeartRateBpm><Value>123</Value></HeartRateBpm><Cadence>89</Cadence><Extensions><ns3:TPX><ns3:Speed>2.549999952316284</ns3:Speed><ns3:Pace>0.39</ns3:Pace></ns3:TPX></Extensions></Trackpoint><Trackpoint><Time>2025-08-17T21:19:02Z</Time><Position><LatitudeDegrees>-8.05362464</LatitudeDegrees><LongitudeDegrees>-34.95366442</LongitudeDegrees></Position><HeartRateBpm><Value>123</Value></HeartRateBpm><Cadence>89</Cadence><Extensions><ns3:TPX><ns3:Speed>2.549999952316284</ns3:Speed><ns3:Pace>0.39</ns3:Pace></ns3:TPX></Extensions></Trackpoint><Trackpoint><Time>2025-08-17T21:19:03Z</Time><Position><LatitudeDegrees>-8.05360132</LatitudeDegrees><LongitudeDegrees>-34.95366109</LongitudeDegrees></Position><HeartRateBpm><Value>124</Value></HeartRateBpm><Cadence>89</Cadence><Extensions><ns3:TPX><ns3:Speed>2.549999952316284</ns3:Speed><ns3:Pace>0.39</ns3:Pace></ns3:TPX></Extensions></Trackpoint><Trackpoint><Time>2025-08-17T21:19:04Z</Time><Position><LatitudeDegrees>-8.05357799</LatitudeDegrees><LongitudeDegrees>-34.95365743</LongitudeDegrees></Position><HeartRateBpm><Value>125</Value></HeartRateBpm><Cadence>88</Cadence><Extensions><ns3:TPX><ns3:Speed>2.559999942779541</ns3:Speed><ns3:Pace>0.39</ns3:Pace></ns3:TPX></Extensions></Trackpoint><Trackpoint><Time>2025-08-17T21:19:05Z</Time><Position><LatitudeDegrees>-8.053555</LatitudeDegrees><LongitudeDegrees>-34.95365444</LongitudeDegrees></Position><HeartRateBpm><Value>125</Value></HeartRateBpm><Cadence>88</Cadence><Extensions><ns3:TPX><ns3:Speed>2.559999942779541</ns3:Speed><ns3:Pace>0.39</ns3:Pace></ns3:TPX></Extensions></Trackpoint><Trackpoint><Time>2025-08-17T21:19:06Z</Time><Position><LatitudeDegrees>-8.05353266</LatitudeDegrees><LongitudeDegrees>-34.95365112</LongitudeDegrees></Position><HeartRateBpm><Value>126</Value></HeartRateBpm><Cadence>89</Cadence><Extensions><ns3:TPX><ns3:Speed>2.559999942779541</ns3:Speed><ns3:Pace>0.39</ns3:Pace></ns3:TPX></Extensions></Trackpoint><Trackpoint><Time>2025-08-17T21:19:07Z</Time><Position><LatitudeDegrees>-8.05350934</LatitudeDegrees><LongitudeDegrees>-34.95364745</LongitudeDegrees></Position><HeartRateBpm><Value>126</Value></HeartRateBpm><Cadence>89</Cadence><Extensions><ns3:TPX><ns3:Speed>2.559999942779541</ns3:Speed><ns3:Pace>0.39</ns3:Pace></ns3:TPX></Extensions></Trackpoint><Trackpoint><Time>2025-08-17T21:19:08Z</Time><Position><LatitudeDegrees>-8.05348501</LatitudeDegrees><LongitudeDegrees>-34.95364446</LongitudeDegrees></Position><HeartRateBpm><Value>126</Value></HeartRateBpm><Cadence>89</Cadence><Extensions><ns3:TPX><ns3:Speed>2.559999942779541</ns3:Speed><ns3:Pace>0.39</ns3:Pace></ns3:TPX></Extensions></Trackpoint><Trackpoint><Time>2025-08-17T21:19:09Z</Time><Position><LatitudeDegrees>-8.05346235</LatitudeDegrees><LongitudeDegrees>-34.95364247</LongitudeDegrees></Position><HeartRateBpm><Value>127</Value></HeartRateBpm><Cadence>88</Cadence><Extensions><ns3:TPX><ns3:Speed>2.559999942779541</ns3:Speed><ns3:Pace>0.39</ns3:Pace></ns3:TPX></Extensions></Trackpoint><Trackpoint><Time>2025-08-17T21:19:10Z</Time><Position><LatitudeDegrees>-8.05344036</LatitudeDegrees><LongitudeDegrees>-34.95364147</LongitudeDegrees></Position><HeartRateBpm><Value>128</Value></HeartRateBpm><Cadence>88</Cadence><Extensions><ns3:TPX><ns3:Speed>2.559999942779541</ns3:Speed><ns3:Pace>0.39</ns3:Pace></ns3:TPX></Extensions></Trackpoint><Trackpoint><Time>2025-08-17T21:19:11Z</Time><Position><LatitudeDegrees>-8.0534177</LatitudeDegrees><LongitudeDegrees>-34.95363948</LongitudeDegrees></Position><HeartRateBpm><Value>128</Value></HeartRateBpm><Cadence>88</Cadence><Extensions><ns3:TPX><ns3:Speed>2.5399999618530273</ns3:Speed><ns3:Pace>0.39</ns3:Pace></ns3:TPX></Extensions></Trackpoint><Trackpoint><Time>2025-08-17T21:19:12Z</Time><Position><LatitudeDegrees>-8.05339504</LatitudeDegrees><LongitudeDegrees>-34.95363681</LongitudeDegrees></Position><HeartRateBpm><Value>127</Value></HeartRateBpm><Cadence>88</Cadence><Extensions><ns3:TPX><ns3:Speed>2.509999990463257</ns3:Speed><ns3:Pace>0.4</ns3:Pace></ns3:TPX></Extensions></Trackpoint><Trackpoint><Time>2025-08-17T21:19:13Z</Time><Position><LatitudeDegrees>-8.05337271</LatitudeDegrees><LongitudeDegrees>-34.95363481</LongitudeDegrees></Position><HeartRateBpm><Value>127</Value></HeartRateBpm><Cadence>88</Cadence><Extensions><ns3:TPX><ns3:Speed>2.4800000190734863</ns3:Speed><ns3:Pace>0.4</ns3:Pace></ns3:TPX></Extensions></Trackpoint><Trackpoint><Time>2025-08-17T21:19:14Z</Time><Position><LatitudeDegrees>-8.05335005</LatitudeDegrees><LongitudeDegrees>-34.95363315</LongitudeDegrees></Position><HeartRateBpm><Value>127</Value></HeartRateBpm><Cadence>88</Cadence><Extensions><ns3:TPX><ns3:Speed>2.4800000190734863</ns3:Speed><ns3:Pace>0.4</ns3:Pace></ns3:TPX></Extensions></Trackpoint><Trackpoint><Time>2025-08-17T21:19:15Z</Time><Position><LatitudeDegrees>-8.05332606</LatitudeDegrees><LongitudeDegrees>-34.95363249</LongitudeDegrees></Position><HeartRateBpm><Value>126</Value></HeartRateBpm><Cadence>88</Cadence><Extensions><ns3:TPX><ns3:Speed>2.4800000190734863</ns3:Speed><ns3:Pace>0.4</ns3:Pace></ns3:TPX></Extensions></Trackpoint><Trackpoint><Time>2025-08-17T21:19:16Z</Time><Position><LatitudeDegrees>-8.05330107</LatitudeDegrees><LongitudeDegrees>-34.95363281</LongitudeDegrees></Position><HeartRateBpm><Value>126</Value></HeartRateBpm><Cadence>88</Cadence><Extensions><ns3:TPX><ns3:Speed>2.4800000190734863</ns3:Speed><ns3:Pace>0.4</ns3:Pace></ns3:TPX></Extensions></Trackpoint><Trackpoint><Time>2025-08-17T21:19:17Z</Time><Position><LatitudeDegrees>-8.0532764</LatitudeDegrees><LongitudeDegrees>-34.95363314</LongitudeDegrees></Position><HeartRateBpm><Value>126</Value></HeartRateBpm><Cadence>89</Cadence><Extensions><ns3:TPX><ns3:Speed>2.4800000190734863</ns3:Speed><ns3:Pace>0.4</ns3:Pace></ns3:TPX></Extensions></Trackpoint><Trackpoint><Time>2025-08-17T21:19:18Z</Time><Position><LatitudeDegrees>-8.0532514</LatitudeDegrees><LongitudeDegrees>-34.95363281</LongitudeDegrees></Position><HeartRateBpm><Value>126</Value></HeartRateBpm><Cadence>89</Cadence><Extensions><ns3:TPX><ns3:Speed>2.4800000190734863</ns3:Speed><ns3:Pace>0.4</ns3:Pace></ns3:TPX></Extensions></Trackpoint><Trackpoint><Time>2025-08-17T21:19:19Z</Time><Position><LatitudeDegrees>-8.05322708</LatitudeDegrees><LongitudeDegrees>-34.95363249</LongitudeDegrees></Position><HeartRateBpm><Value>126</Value></HeartRateBpm><Cadence>89</Cadence><Extensions><ns3:TPX><ns3:Speed>2.4800000190734863</ns3:Speed><ns3:Pace>0.4</ns3:Pace></ns3:TPX></Extensions></Trackpoint><Trackpoint><Time>2025-08-17T21:19:20Z</Time><Position><LatitudeDegrees>-8.05320174</LatitudeDegrees><LongitudeDegrees>-34.95363281</LongitudeDegrees></Position><HeartRateBpm><Value>126</Value></HeartRateBpm><Cadence>89</Cadence><Extensions><ns3:TPX><ns3:Speed>2.4800000190734863</ns3:Speed><ns3:Pace>0.4</ns3:Pace></ns3:TPX></Extensions></Trackpoint><Trackpoint><Time>2025-08-17T21:19:21Z</Time><Position><LatitudeDegrees>-8.05317708</LatitudeDegrees><LongitudeDegrees>-34.95363314</LongitudeDegrees></Position><HeartRateBpm><Value>126</Value></HeartRateBpm><Cadence>89</Cadence><Extensions><ns3:TPX><ns3:Speed>2.4800000190734863</ns3:Speed><ns3:Pace>0.4</ns3:Pace></ns3:TPX></Extensions></Trackpoint><Trackpoint><Time>2025-08-17T21:19:22Z</Time><Position><LatitudeDegrees>-8.05315309</LatitudeDegrees><LongitudeDegrees>-34.95363281</LongitudeDegrees></Position><HeartRateBpm><Value>126</Value></HeartRateBpm><Cadence>89</Cadence><Extensions><ns3:TPX><ns3:Speed>2.5</ns3:Speed><ns3:Pace>0.39</ns3:Pace></ns3:TPX></Extensions></Trackpoint><Trackpoint><Time>2025-08-17T21:19:23Z</Time><Position><LatitudeDegrees>-8.0531281</LatitudeDegrees><LongitudeDegrees>-34.95363082</LongitudeDegrees></Position><HeartRateBpm><Value>125</Value></HeartRateBpm><Cadence>88</Cadence><Extensions><ns3:TPX><ns3:Speed>2.5</ns3:Speed><ns3:Pace>0.39</ns3:Pace></ns3:TPX></Extensions></Trackpoint><Trackpoint><Time>2025-08-17T21:19:24Z</Time><Position><LatitudeDegrees>-8.05310411</LatitudeDegrees><LongitudeDegrees>-34.95362849</LongitudeDegrees></Position><HeartRateBpm><Value>125</Value></HeartRateBpm><Cadence>88</Cadence><Extensions><ns3:TPX><ns3:Speed>2.509999990463257</ns3:Speed><ns3:Pace>0.39</ns3:Pace></ns3:TPX></Extensions></Trackpoint><Trackpoint><Time>2025-08-17T21:19:25Z</Time><Position><LatitudeDegrees>-8.05308111</LatitudeDegrees><LongitudeDegrees>-34.95362682</LongitudeDegrees></Position><HeartRateBpm><Value>125</Value></HeartRateBpm><Cadence>89</Cadence><Extensions><ns3:TPX><ns3:Speed>2.509999990463257</ns3:Speed><ns3:Pace>0.39</ns3:Pace></ns3:TPX></Extensions></Trackpoint><Trackpoint><Time>2025-08-17T21:19:26Z</Time><Position><LatitudeDegrees>-8.05305845</LatitudeDegrees><LongitudeDegrees>-34.95362816</LongitudeDegrees></Position><HeartRateBpm><Value>125</Value></HeartRateBpm><Cadence>89</Cadence><Extensions><ns3:TPX><ns3:Speed>2.509999990463257</ns3:Speed><ns3:Pace>0.39</ns3:Pace></ns3:TPX></Extensions></Trackpoint><Trackpoint><Time>2025-08-17T21:19:27Z</Time><Position><LatitudeDegrees>-8.05303513</LatitudeDegrees><LongitudeDegrees>-34.95362881</LongitudeDegrees></Position><HeartRateBpm><Value>125</Value></HeartRateBpm><Cadence>88</Cadence><Extensions><ns3:TPX><ns3:Speed>2.5199999809265137</ns3:Speed><ns3:Pace>0.39</ns3:Pace></ns3:TPX></Extensions></Trackpoint><Trackpoint><Time>2025-08-17T21:19:28Z</Time><Position><LatitudeDegrees>-8.05301146</LatitudeDegrees><LongitudeDegrees>-34.95362881</LongitudeDegrees></Position><HeartRateBpm><Value>124</Value></HeartRateBpm><Cadence>89</Cadence><Extensions><ns3:TPX><ns3:Speed>2.5299999713897705</ns3:Speed><ns3:Pace>0.39</ns3:Pace></ns3:TPX></Extensions></Trackpoint><Trackpoint><Time>2025-08-17T21:19:29Z</Time><Position><LatitudeDegrees>-8.0529878</LatitudeDegrees><LongitudeDegrees>-34.95362715</LongitudeDegrees></Position><HeartRateBpm><Value>124</Value></HeartRateBpm><Cadence>88</Cadence><Extensions><ns3:TPX><ns3:Speed>2.5299999713897705</ns3:Speed><ns3:Pace>0.39</ns3:Pace></ns3:TPX></Extensions></Trackpoint><Trackpoint><Time>2025-08-17T21:19:30Z</Time><Position><LatitudeDegrees>-8.05296347</LatitudeDegrees><LongitudeDegrees>-34.95362416</LongitudeDegrees></Position><HeartRateBpm><Value>124</Value></HeartRateBpm><Cadence>88</Cadence><Extensions><ns3:TPX><ns3:Speed>2.5299999713897705</ns3:Speed><ns3:Pace>0.39</ns3:Pace></ns3:TPX></Extensions></Trackpoint><Trackpoint><Time>2025-08-17T21:19:31Z</Time><Position><LatitudeDegrees>-8.05293948</LatitudeDegrees><LongitudeDegrees>-34.95362149</LongitudeDegrees></Position><HeartRateBpm><Value>124</Value></HeartRateBpm><Cadence>88</Cadence><Extensions><ns3:TPX><ns3:Speed>2.5399999618530273</ns3:Speed><ns3:Pace>0.39</ns3:Pace></ns3:TPX></Extensions></Trackpoint><Trackpoint><Time>2025-08-17T21:19:32Z</Time><Position><LatitudeDegrees>-8.05291515</LatitudeDegrees><LongitudeDegrees>-34.95361649</LongitudeDegrees></Position><HeartRateBpm><Value>124</Value></HeartRateBpm><Cadence>88</Cadence><Extensions><ns3:TPX><ns3:Speed>2.5399999618530273</ns3:Speed><ns3:Pace>0.39</ns3:Pace></ns3:TPX></Extensions></Trackpoint><Trackpoint><Time>2025-08-17T21:19:33Z</Time><Position><LatitudeDegrees>-8.05289048</LatitudeDegrees><LongitudeDegrees>-34.95361117</LongitudeDegrees></Position><HeartRateBpm><Value>124</Value></HeartRateBpm><Cadence>89</Cadence><Extensions><ns3:TPX><ns3:Speed>2.5399999618530273</ns3:Speed><ns3:Pace>0.39</ns3:Pace></ns3:TPX></Extensions></Trackpoint><Trackpoint><Time>2025-08-17T21:19:34Z</Time><Position><LatitudeDegrees>-8.05286581</LatitudeDegrees><LongitudeDegrees>-34.9536055</LongitudeDegrees></Position><HeartRateBpm><Value>123</Value></HeartRateBpm><Cadence>89</Cadence><Extensions><ns3:TPX><ns3:Speed>2.549999952316284</ns3:Speed><ns3:Pace>0.39</ns3:Pace></ns3:TPX></Extensions></Trackpoint><Trackpoint><Time>2025-08-17T21:19:35Z</Time><Position><LatitudeDegrees>-8.05284182</LatitudeDegrees><LongitudeDegrees>-34.95359883</LongitudeDegrees></Position><HeartRateBpm><Value>124</Value></HeartRateBpm><Cadence>88</Cadence><Extensions><ns3:TPX><ns3:Speed>2.549999952316284</ns3:Speed><ns3:Pace>0.39</ns3:Pace></ns3:TPX></Extensions></Trackpoint><Trackpoint><Time>2025-08-17T21:19:36Z</Time><Position><LatitudeDegrees>-8.05281717</LatitudeDegrees><LongitudeDegrees>-34.95359284</LongitudeDegrees></Position><HeartRateBpm><Value>125</Value></HeartRateBpm><Cadence>88</Cadence><Extensions><ns3:TPX><ns3:Speed>2.549999952316284</ns3:Speed><ns3:Pace>0.39</ns3:Pace></ns3:TPX></Extensions></Trackpoint><Trackpoint><Time>2025-08-17T21:19:37Z</Time><Position><LatitudeDegrees>-8.05279318</LatitudeDegrees><LongitudeDegrees>-34.95358751</LongitudeDegrees></Position><HeartRateBpm><Value>126</Value></HeartRateBpm><Cadence>88</Cadence><Extensions><ns3:TPX><ns3:Speed>2.559999942779541</ns3:Speed><ns3:Pace>0.39</ns3:Pace></ns3:TPX></Extensions></Trackpoint><Trackpoint><Time>2025-08-17T21:19:38Z</Time><Position><LatitudeDegrees>-8.05276884</LatitudeDegrees><LongitudeDegrees>-34.95358352</LongitudeDegrees></Position><HeartRateBpm><Value>126</Value></HeartRateBpm><Cadence>88</Cadence><Extensions><ns3:TPX><ns3:Speed>2.559999942779541</ns3:Speed><ns3:Pace>0.38</ns3:Pace></ns3:TPX></Extensions></Trackpoint><Trackpoint><Time>2025-08-17T21:19:39Z</Time><Position><LatitudeDegrees>-8.05274419</LatitudeDegrees><LongitudeDegrees>-34.95358053</LongitudeDegrees></Position><HeartRateBpm><Value>127</Value></HeartRateBpm><Cadence>89</Cadence><Extensions><ns3:TPX><ns3:Speed>2.569999933242798</ns3:Speed><ns3:Pace>0.38</ns3:Pace></ns3:TPX></Extensions></Trackpoint><Trackpoint><Time>2025-08-17T21:19:40Z</Time><Position><LatitudeDegrees>-8.05271952</LatitudeDegrees><LongitudeDegrees>-34.9535772</LongitudeDegrees></Position><HeartRateBpm><Value>128</Value></HeartRateBpm><Cadence>89</Cadence><Extensions><ns3:TPX><ns3:Speed>2.569999933242798</ns3:Speed><ns3:Pace>0.38</ns3:Pace></ns3:TPX></Extensions></Trackpoint><Trackpoint><Time>2025-08-17T21:19:41Z</Time><Position><LatitudeDegrees>-8.05269386</LatitudeDegrees><LongitudeDegrees>-34.95357387</LongitudeDegrees></Position><HeartRateBpm><Value>126</Value></HeartRateBpm><Cadence>89</Cadence><Extensions><ns3:TPX><ns3:Speed>2.569999933242798</ns3:Speed><ns3:Pace>0.38</ns3:Pace></ns3:TPX></Extensions></Trackpoint><Trackpoint><Time>2025-08-17T21:19:42Z</Time><Position><LatitudeDegrees>-8.0526682</LatitudeDegrees><LongitudeDegrees>-34.95357055</LongitudeDegrees></Position><HeartRateBpm><Value>126</Value></HeartRateBpm><Cadence>89</Cadence><Extensions><ns3:TPX><ns3:Speed>2.5799999237060547</ns3:Speed><ns3:Pace>0.38</ns3:Pace></ns3:TPX></Extensions></Trackpoint><Trackpoint><Time>2025-08-17T21:19:43Z</Time><Position><LatitudeDegrees>-8.05264254</LatitudeDegrees><LongitudeDegrees>-34.95356723</LongitudeDegrees></Position><HeartRateBpm><Value>126</Value></HeartRateBpm><Cadence>89</Cadence><Extensions><ns3:TPX><ns3:Speed>2.5899999141693115</ns3:Speed><ns3:Pace>0.38</ns3:Pace></ns3:TPX></Extensions></Trackpoint><Trackpoint><Time>2025-08-17T21:19:44Z</Time><Position><LatitudeDegrees>-8.05261722</LatitudeDegrees><LongitudeDegrees>-34.95356323</LongitudeDegrees></Position><HeartRateBpm><Value>126</Value></HeartRateBpm><Cadence>89</Cadence><Extensions><ns3:TPX><ns3:Speed>2.5899999141693115</ns3:Speed><ns3:Pace>0.38</ns3:Pace></ns3:TPX></Extensions></Trackpoint><Trackpoint><Time>2025-08-17T21:19:45Z</Time><Position><LatitudeDegrees>-8.05259155</LatitudeDegrees><LongitudeDegrees>-34.95355957</LongitudeDegrees></Position><HeartRateBpm><Value>126</Value></HeartRateBpm><Cadence>89</Cadence><Extensions><ns3:TPX><ns3:Speed>2.5899999141693115</ns3:Speed><ns3:Pace>0.38</ns3:Pace></ns3:TPX></Extensions></Trackpoint><Trackpoint><Time>2025-08-17T21:19:46Z</Time><Position><LatitudeDegrees>-8.05256555</LatitudeDegrees><LongitudeDegrees>-34.95355558</LongitudeDegrees></Position><HeartRateBpm><Value>126</Value></HeartRateBpm><Cadence>89</Cadence><Extensions><ns3:TPX><ns3:Speed>2.5999999046325684</ns3:Speed><ns3:Pace>0.38</ns3:Pace></ns3:TPX></Extensions></Trackpoint><Trackpoint><Time>2025-08-17T21:19:47Z</Time><Position><LatitudeDegrees>-8.05253856</LatitudeDegrees><LongitudeDegrees>-34.95355158</LongitudeDegrees></Position><HeartRateBpm><Value>128</Value></HeartRateBpm><Cadence>89</Cadence><Extensions><ns3:TPX><ns3:Speed>2.609999895095825</ns3:Speed><ns3:Pace>0.38</ns3:Pace></ns3:TPX></Extensions></Trackpoint><Trackpoint><Time>2025-08-17T21:19:48Z</Time><Position><LatitudeDegrees>-8.05251356</LatitudeDegrees><LongitudeDegrees>-34.95354859</LongitudeDegrees></Position><HeartRateBpm><Value>130</Value></HeartRateBpm><Cadence>89</Cadence><Extensions><ns3:TPX><ns3:Speed>2.609999895095825</ns3:Speed><ns3:Pace>0.38</ns3:Pace></ns3:TPX></Extensions></Trackpoint><Trackpoint><Time>2025-08-17T21:19:49Z</Time><Position><LatitudeDegrees>-8.05248889</LatitudeDegrees><LongitudeDegrees>-34.95354493</LongitudeDegrees></Position><HeartRateBpm><Value>130</Value></HeartRateBpm><Cadence>89</Cadence><Extensions><ns3:TPX><ns3:Speed>2.619999885559082</ns3:Speed><ns3:Pace>0.38</ns3:Pace></ns3:TPX></Extensions></Trackpoint><Trackpoint><Time>2025-08-17T21:19:50Z</Time><Position><LatitudeDegrees>-8.05246557</LatitudeDegrees><LongitudeDegrees>-34.95354128</LongitudeDegrees></Position><HeartRateBpm><Value>130</Value></HeartRateBpm><Cadence>89</Cadence><Extensions><ns3:TPX><ns3:Speed>2.619999885559082</ns3:Speed><ns3:Pace>0.38</ns3:Pace></ns3:TPX></Extensions></Trackpoint><Trackpoint><Time>2025-08-17T21:19:51Z</Time><Position><LatitudeDegrees>-8.05244124</LatitudeDegrees><LongitudeDegrees>-34.95353829</LongitudeDegrees></Position><HeartRateBpm><Value>130</Value></HeartRateBpm><Cadence>90</Cadence><Extensions><ns3:TPX><ns3:Speed>2.630000114440918</ns3:Speed><ns3:Pace>0.37</ns3:Pace></ns3:TPX></Extensions></Trackpoint><Trackpoint><Time>2025-08-17T21:19:52Z</Time><Position><LatitudeDegrees>-8.05241758</LatitudeDegrees><LongitudeDegrees>-34.95353729</LongitudeDegrees></Position><HeartRateBpm><Value>130</Value></HeartRateBpm><Cadence>89</Cadence><Extensions><ns3:TPX><ns3:Speed>2.630000114440918</ns3:Speed><ns3:Pace>0.37</ns3:Pace></ns3:TPX></Extensions></Trackpoint><Trackpoint><Time>2025-08-17T21:19:53Z</Time><Position><LatitudeDegrees>-8.05239291</LatitudeDegrees><LongitudeDegrees>-34.95353729</LongitudeDegrees></Position><HeartRateBpm><Value>130</Value></HeartRateBpm><Cadence>89</Cadence><Extensions><ns3:TPX><ns3:Speed>2.640000104904175</ns3:Speed><ns3:Pace>0.37</ns3:Pace></ns3:TPX></Extensions></Trackpoint><Trackpoint><Time>2025-08-17T21:19:54Z</Time><Position><LatitudeDegrees>-8.05236759</LatitudeDegrees><LongitudeDegrees>-34.95353663</LongitudeDegrees></Position><HeartRateBpm><Value>130</Value></HeartRateBpm><Cadence>90</Cadence><Extensions><ns3:TPX><ns3:Speed>2.640000104904175</ns3:Speed><ns3:Pace>0.37</ns3:Pace></ns3:TPX></Extensions></Trackpoint><Trackpoint><Time>2025-08-17T21:19:55Z</Time><Position><LatitudeDegrees>-8.05234227</LatitudeDegrees><LongitudeDegrees>-34.95353564</LongitudeDegrees></Position><HeartRateBpm><Value>130</Value></HeartRateBpm><Cadence>90</Cadence><Extensions><ns3:TPX><ns3:Speed>2.6500000953674316</ns3:Speed><ns3:Pace>0.37</ns3:Pace></ns3:TPX></Extensions></Trackpoint><Trackpoint><Time>2025-08-17T21:19:56Z</Time><Position><LatitudeDegrees>-8.0523166</LatitudeDegrees><LongitudeDegrees>-34.95353464</LongitudeDegrees></Position><HeartRateBpm><Value>130</Value></HeartRateBpm><Cadence>90</Cadence><Extensions><ns3:TPX><ns3:Speed>2.6500000953674316</ns3:Speed><ns3:Pace>0.37</ns3:Pace></ns3:TPX></Extensions></Trackpoint><Trackpoint><Time>2025-08-17T21:19:57Z</Time><Position><LatitudeDegrees>-8.05229094</LatitudeDegrees><LongitudeDegrees>-34.95353332</LongitudeDegrees></Position><HeartRateBpm><Value>131</Value></HeartRateBpm><Cadence>90</Cadence><Extensions><ns3:TPX><ns3:Speed>2.6500000953674316</ns3:Speed><ns3:Pace>0.37</ns3:Pace></ns3:TPX></Extensions></Trackpoint><Trackpoint><Time>2025-08-17T21:19:58Z</Time><Position><LatitudeDegrees>-8.05226562</LatitudeDegrees><LongitudeDegrees>-34.95353065</LongitudeDegrees></Position><HeartRateBpm><Value>131</Value></HeartRateBpm><Cadence>90</Cadence><Extensions><ns3:TPX><ns3:Speed>2.6500000953674316</ns3:Speed><ns3:Pace>0.37</ns3:Pace></ns3:TPX></Extensions></Trackpoint><Trackpoint><Time>2025-08-17T21:19:59Z</Time><Position><LatitudeDegrees>-8.05223996</LatitudeDegrees><LongitudeDegrees>-34.95352898</LongitudeDegrees></Position><HeartRateBpm><Value>131</Value></HeartRateBpm><Cadence>90</Cadence><Extensions><ns3:TPX><ns3:Speed>2.6500000953674316</ns3:Speed><ns3:Pace>0.37</ns3:Pace></ns3:TPX></Extensions></Trackpoint><Trackpoint><Time>2025-08-17T21:20:00Z</Time><Position><LatitudeDegrees>-8.0522143</LatitudeDegrees><LongitudeDegrees>-34.95352665</LongitudeDegrees></Position><HeartRateBpm><Value>131</Value></HeartRateBpm><Cadence>90</Cadence><Extensions><ns3:TPX><ns3:Speed>2.6600000858306885</ns3:Speed><ns3:Pace>0.37</ns3:Pace></ns3:TPX></Extensions></Trackpoint><Trackpoint><Time>2025-08-17T21:20:01Z</Time><Position><LatitudeDegrees>-8.05218863</LatitudeDegrees><LongitudeDegrees>-34.95352299</LongitudeDegrees></Position><HeartRateBpm><Value>131</Value></HeartRateBpm><Cadence>90</Cadence><Extensions><ns3:TPX><ns3:Speed>2.6700000762939453</ns3:Speed><ns3:Pace>0.37</ns3:Pace></ns3:TPX></Extensions></Trackpoint><Trackpoint><Time>2025-08-17T21:20:02Z</Time><Position><LatitudeDegrees>-8.05216231</LatitudeDegrees><LongitudeDegrees>-34.953519</LongitudeDegrees></Position><HeartRateBpm><Value>131</Value></HeartRateBpm><Cadence>90</Cadence><Extensions><ns3:TPX><ns3:Speed>2.6700000762939453</ns3:Speed><ns3:Pace>0.37</ns3:Pace></ns3:TPX></Extensions></Trackpoint><Trackpoint><Time>2025-08-17T21:20:03Z</Time><Position><LatitudeDegrees>-8.05213598</LatitudeDegrees><LongitudeDegrees>-34.953515</LongitudeDegrees></Position><HeartRateBpm><Value>131</Value></HeartRateBpm><Cadence>90</Cadence><Extensions><ns3:TPX><ns3:Speed>2.6700000762939453</ns3:Speed><ns3:Pace>0.37</ns3:Pace></ns3:TPX></Extensions></Trackpoint><Trackpoint><Time>2025-08-17T21:20:04Z</Time><Position><LatitudeDegrees>-8.05211032</LatitudeDegrees><LongitudeDegrees>-34.95351135</LongitudeDegrees></Position><HeartRateBpm><Value>131</Value></HeartRateBpm><Cadence>90</Cadence><Extensions><ns3:TPX><ns3:Speed>2.680000066757202</ns3:Speed><ns3:Pace>0.37</ns3:Pace></ns3:TPX></Extensions></Trackpoint><Trackpoint><Time>2025-08-17T21:20:05Z</Time><Position><LatitudeDegrees>-8.05208532</LatitudeDegrees><LongitudeDegrees>-34.95350901</LongitudeDegrees></Position><HeartRateBpm><Value>133</Value></HeartRateBpm><Cadence>89</Cadence><Extensions><ns3:TPX><ns3:Speed>2.680000066757202</ns3:Speed><ns3:Pace>0.37</ns3:Pace></ns3:TPX></Extensions></Trackpoint><Trackpoint><Time>2025-08-17T21:20:06Z</Time><Position><LatitudeDegrees>-8.05205999</LatitudeDegrees><LongitudeDegrees>-34.95350769</LongitudeDegrees></Position><HeartRateBpm><Value>134</Value></HeartRateBpm><Cadence>90</Cadence><Extensions><ns3:TPX><ns3:Speed>2.680000066757202</ns3:Speed><ns3:Pace>0.37</ns3:Pace></ns3:TPX></Extensions></Trackpoint><Trackpoint><Time>2025-08-17T21:20:07Z</Time><Position><LatitudeDegrees>-8.05203467</LatitudeDegrees><LongitudeDegrees>-34.95350703</LongitudeDegrees></Position><HeartRateBpm><Value>135</Value></HeartRateBpm><Cadence>90</Cadence><Extensions><ns3:TPX><ns3:Speed>2.690000057220459</ns3:Speed><ns3:Pace>0.37</ns3:Pace></ns3:TPX></Extensions></Trackpoint><Trackpoint><Time>2025-08-17T21:20:08Z</Time><Position><LatitudeDegrees>-8.05200967</LatitudeDegrees><LongitudeDegrees>-34.95350603</LongitudeDegrees></Position><HeartRateBpm><Value>135</Value></HeartRateBpm><Cadence>90</Cadence><Extensions><ns3:TPX><ns3:Speed>2.690000057220459</ns3:Speed><ns3:Pace>0.37</ns3:Pace></ns3:TPX></Extensions></Trackpoint><Trackpoint><Time>2025-08-17T21:20:09Z</Time><Position><LatitudeDegrees>-8.051985</LatitudeDegrees><LongitudeDegrees>-34.95350471</LongitudeDegrees></Position><HeartRateBpm><Value>135</Value></HeartRateBpm><Cadence>90</Cadence><Extensions><ns3:TPX><ns3:Speed>2.690000057220459</ns3:Speed><ns3:Pace>0.37</ns3:Pace></ns3:TPX></Extensions></Trackpoint><Trackpoint><Time>2025-08-17T21:20:10Z</Time><Position><LatitudeDegrees>-8.05196001</LatitudeDegrees><LongitudeDegrees>-34.95350338</LongitudeDegrees></Position><HeartRateBpm><Value>136</Value></HeartRateBpm><Cadence>90</Cadence><Extensions><ns3:TPX><ns3:Speed>2.700000047683716</ns3:Speed><ns3:Pace>0.36</ns3:Pace></ns3:TPX></Extensions></Trackpoint><Trackpoint><Time>2025-08-17T21:20:11Z</Time><Position><LatitudeDegrees>-8.05193335</LatitudeDegrees><LongitudeDegrees>-34.95350239</LongitudeDegrees></Position><HeartRateBpm><Value>136</Value></HeartRateBpm><Cadence>90</Cadence><Extensions><ns3:TPX><ns3:Speed>2.7100000381469727</ns3:Speed><ns3:Pace>0.36</ns3:Pace></ns3:TPX></Extensions></Trackpoint><Trackpoint><Time>2025-08-17T21:20:12Z</Time><Position><LatitudeDegrees>-8.05190636</LatitudeDegrees><LongitudeDegrees>-34.95350139</LongitudeDegrees></Position><HeartRateBpm><Value>137</Value></HeartRateBpm><Cadence>90</Cadence><Extensions><ns3:TPX><ns3:Speed>2.7100000381469727</ns3:Speed><ns3:Pace>0.36</ns3:Pace></ns3:TPX></Extensions></Trackpoint><Trackpoint><Time>2025-08-17T21:20:13Z</Time><Position><LatitudeDegrees>-8.05187937</LatitudeDegrees><LongitudeDegrees>-34.9535004</LongitudeDegrees></Position><HeartRateBpm><Value>138</Value></HeartRateBpm><Cadence>90</Cadence><Extensions><ns3:TPX><ns3:Speed>2.7100000381469727</ns3:Speed><ns3:Pace>0.36</ns3:Pace></ns3:TPX></Extensions></Trackpoint><Trackpoint><Time>2025-08-17T21:20:14Z</Time><Position><LatitudeDegrees>-8.05185237</LatitudeDegrees><LongitudeDegrees>-34.95349741</LongitudeDegrees></Position><HeartRateBpm><Value>138</Value></HeartRateBpm><Cadence>90</Cadence><Extensions><ns3:TPX><ns3:Speed>2.7100000381469727</ns3:Speed><ns3:Pace>0.36</ns3:Pace></ns3:TPX></Extensions></Trackpoint><Trackpoint><Time>2025-08-17T21:20:15Z</Time><Position><LatitudeDegrees>-8.05182538</LatitudeDegrees><LongitudeDegrees>-34.95349274</LongitudeDegrees></Position><HeartRateBpm><Value>139</Value></HeartRateBpm><Cadence>90</Cadence><Extensions><ns3:TPX><ns3:Speed>2.7100000381469727</ns3:Speed><ns3:Pace>0.36</ns3:Pace></ns3:TPX></Extensions></Trackpoint><Trackpoint><Time>2025-08-17T21:20:16Z</Time><Position><LatitudeDegrees>-8.05179938</LatitudeDegrees><LongitudeDegrees>-34.95348942</LongitudeDegrees></Position><HeartRateBpm><Value>139</Value></HeartRateBpm><Cadence>89</Cadence><Extensions><ns3:TPX><ns3:Speed>2.7200000286102295</ns3:Speed><ns3:Pace>0.36</ns3:Pace></ns3:TPX></Extensions></Trackpoint><Trackpoint><Time>2025-08-17T21:20:17Z</Time><Position><LatitudeDegrees>-8.05177338</LatitudeDegrees><LongitudeDegrees>-34.95348708</LongitudeDegrees></Position><HeartRateBpm><Value>141</Value></HeartRateBpm><Cadence>89</Cadence><Extensions><ns3:TPX><ns3:Speed>2.7200000286102295</ns3:Speed><ns3:Pace>0.36</ns3:Pace></ns3:TPX></Extensions></Trackpoint><Trackpoint><Time>2025-08-17T21:20:18Z</Time><Position><LatitudeDegrees>-8.05174804</LatitudeDegrees><LongitudeDegrees>-34.95348543</LongitudeDegrees></Position><HeartRateBpm><Value>142</Value></HeartRateBpm><Cadence>88</Cadence><Extensions><ns3:TPX><ns3:Speed>2.7300000190734863</ns3:Speed><ns3:Pace>0.36</ns3:Pace></ns3:TPX></Extensions></Trackpoint><Trackpoint><Time>2025-08-17T21:20:19Z</Time><Position><LatitudeDegrees>-8.05172238</LatitudeDegrees><LongitudeDegrees>-34.95348376</LongitudeDegrees></Position><HeartRateBpm><Value>142</Value></HeartRateBpm><Cadence>89</Cadence><Extensions><ns3:TPX><ns3:Speed>2.7300000190734863</ns3:Speed><ns3:Pace>0.36</ns3:Pace></ns3:TPX></Extensions></Trackpoint><Trackpoint><Time>2025-08-17T21:20:20Z</Time><Position><LatitudeDegrees>-8.05169739</LatitudeDegrees><LongitudeDegrees>-34.95348176</LongitudeDegrees></Position><HeartRateBpm><Value>142</Value></HeartRateBpm><Cadence>89</Cadence><Extensions><ns3:TPX><ns3:Speed>2.7300000190734863</ns3:Speed><ns3:Pace>0.36</ns3:Pace></ns3:TPX></Extensions></Trackpoint><Trackpoint><Time>2025-08-17T21:20:21Z</Time><Position><LatitudeDegrees>-8.05167272</LatitudeDegrees><LongitudeDegrees>-34.9534791</LongitudeDegrees></Position><HeartRateBpm><Value>143</Value></HeartRateBpm><Cadence>90</Cadence><Extensions><ns3:TPX><ns3:Speed>2.7300000190734863</ns3:Speed><ns3:Pace>0.36</ns3:Pace></ns3:TPX></Extensions></Trackpoint><Trackpoint><Time>2025-08-17T21:20:22Z</Time><Position><LatitudeDegrees>-8.05164805</LatitudeDegrees><LongitudeDegrees>-34.95347645</LongitudeDegrees></Position><HeartRateBpm><Value>143</Value></HeartRateBpm><Cadence>90</Cadence><Extensions><ns3:TPX><ns3:Speed>2.740000009536743</ns3:Speed><ns3:Pace>0.36</ns3:Pace></ns3:TPX></Extensions></Trackpoint><Trackpoint><Time>2025-08-17T21:20:23Z</Time><Position><LatitudeDegrees>-8.05162372</LatitudeDegrees><LongitudeDegrees>-34.95347445</LongitudeDegrees></Position><HeartRateBpm><Value>143</Value></HeartRateBpm><Cadence>90</Cadence><Extensions><ns3:TPX><ns3:Speed>2.740000009536743</ns3:Speed><ns3:Pace>0.36</ns3:Pace></ns3:TPX></Extensions></Trackpoint><Trackpoint><Time>2025-08-17T21:20:24Z</Time><Position><LatitudeDegrees>-8.05159973</LatitudeDegrees><LongitudeDegrees>-34.95347311</LongitudeDegrees></Position><HeartRateBpm><Value>143</Value></HeartRateBpm><Cadence>89</Cadence><Extensions><ns3:TPX><ns3:Speed>2.75</ns3:Speed><ns3:Pace>0.36</ns3:Pace></ns3:TPX></Extensions></Trackpoint><Trackpoint><Time>2025-08-17T21:20:25Z</Time><Position><LatitudeDegrees>-8.05157641</LatitudeDegrees><LongitudeDegrees>-34.95347179</LongitudeDegrees></Position><HeartRateBpm><Value>143</Value></HeartRateBpm><Cadence>89</Cadence><Extensions><ns3:TPX><ns3:Speed>2.75</ns3:Speed><ns3:Pace>0.36</ns3:Pace></ns3:TPX></Extensions></Trackpoint><Trackpoint><Time>2025-08-17T21:20:26Z</Time><Position><LatitudeDegrees>-8.05155307</LatitudeDegrees><LongitudeDegrees>-34.95346912</LongitudeDegrees></Position><HeartRateBpm><Value>143</Value></HeartRateBpm><Cadence>89</Cadence><Extensions><ns3:TPX><ns3:Speed>2.75</ns3:Speed><ns3:Pace>0.36</ns3:Pace></ns3:TPX></Extensions></Trackpoint><Trackpoint><Time>2025-08-17T21:20:27Z</Time><Position><LatitudeDegrees>-8.05152941</LatitudeDegrees><LongitudeDegrees>-34.9534658</LongitudeDegrees></Position><HeartRateBpm><Value>143</Value></HeartRateBpm><Cadence>89</Cadence><Extensions><ns3:TPX><ns3:Speed>2.75</ns3:Speed><ns3:Pace>0.36</ns3:Pace></ns3:TPX></Extensions></Trackpoint><Trackpoint><Time>2025-08-17T21:20:28Z</Time><Position><LatitudeDegrees>-8.05150641</LatitudeDegrees><LongitudeDegrees>-34.95346214</LongitudeDegrees></Position><HeartRateBpm><Value>144</Value></HeartRateBpm><Cadence>89</Cadence><Extensions><ns3:TPX><ns3:Speed>2.75</ns3:Speed><ns3:Pace>0.36</ns3:Pace></ns3:TPX></Extensions></Trackpoint><Trackpoint><Time>2025-08-17T21:20:29Z</Time><Position><LatitudeDegrees>-8.05148242</LatitudeDegrees><LongitudeDegrees>-34.95345714</LongitudeDegrees></Position><HeartRateBpm><Value>144</Value></HeartRateBpm><Cadence>89</Cadence><Extensions><ns3:TPX><ns3:Speed>2.75</ns3:Speed><ns3:Pace>0.36</ns3:Pace></ns3:TPX></Extensions></Trackpoint><Trackpoint><Time>2025-08-17T21:20:30Z</Time><Position><LatitudeDegrees>-8.05145843</LatitudeDegrees><LongitudeDegrees>-34.95345281</LongitudeDegrees></Position><HeartRateBpm><Value>145</Value></HeartRateBpm><Cadence>89</Cadence><Extensions><ns3:TPX><ns3:Speed>2.75</ns3:Speed><ns3:Pace>0.36</ns3:Pace></ns3:TPX></Extensions></Trackpoint><Trackpoint><Time>2025-08-17T21:20:31Z</Time><Position><LatitudeDegrees>-8.05143344</LatitudeDegrees><LongitudeDegrees>-34.95344882</LongitudeDegrees></Position><HeartRateBpm><Value>145</Value></HeartRateBpm><Cadence>89</Cadence><Extensions><ns3:TPX><ns3:Speed>2.75</ns3:Speed><ns3:Pace>0.36</ns3:Pace></ns3:TPX></Extensions></Trackpoint><Trackpoint><Time>2025-08-17T21:20:32Z</Time><Position><LatitudeDegrees>-8.05140777</LatitudeDegrees><LongitudeDegrees>-34.9534455</LongitudeDegrees></Position><HeartRateBpm><Value>145</Value></HeartRateBpm><Cadence>89</Cadence><Extensions><ns3:TPX><ns3:Speed>2.75</ns3:Speed><ns3:Pace>0.36</ns3:Pace></ns3:TPX></Extensions></Trackpoint><Trackpoint><Time>2025-08-17T21:20:33Z</Time><Position><LatitudeDegrees>-8.05138245</LatitudeDegrees><LongitudeDegrees>-34.95344283</LongitudeDegrees></Position><HeartRateBpm><Value>145</Value></HeartRateBpm><Cadence>89</Cadence><Extensions><ns3:TPX><ns3:Speed>2.740000009536743</ns3:Speed><ns3:Pace>0.36</ns3:Pace></ns3:TPX></Extensions></Trackpoint><Trackpoint><Time>2025-08-17T21:20:34Z</Time><Position><LatitudeDegrees>-8.05135746</LatitudeDegrees><LongitudeDegrees>-34.95344116</LongitudeDegrees></Position><HeartRateBpm><Value>145</Value></HeartRateBpm><Cadence>90</Cadence><Extensions><ns3:TPX><ns3:Speed>2.740000009536743</ns3:Speed><ns3:Pace>0.36</ns3:Pace></ns3:TPX></Extensions></Trackpoint><Trackpoint><Time>2025-08-17T21:20:35Z</Time><Position><LatitudeDegrees>-8.05133113</LatitudeDegrees><LongitudeDegrees>-34.95343883</LongitudeDegrees></Position><HeartRateBpm><Value>144</Value></HeartRateBpm><Cadence>89</Cadence><Extensions><ns3:TPX><ns3:Speed>2.740000009536743</ns3:Speed><ns3:Pace>0.36</ns3:Pace></ns3:TPX></Extensions></Trackpoint><Trackpoint><Time>2025-08-17T21:20:36Z</Time><Position><LatitudeDegrees>-8.05130513</LatitudeDegrees><LongitudeDegrees>-34.95343551</LongitudeDegrees></Position><HeartRateBpm><Value>143</Value></HeartRateBpm><Cadence>89</Cadence><Extensions><ns3:TPX><ns3:Speed>2.740000009536743</ns3:Speed><ns3:Pace>0.36</ns3:Pace></ns3:TPX></Extensions></Trackpoint><Trackpoint><Time>2025-08-17T21:20:37Z</Time><Position><LatitudeDegrees>-8.05128013</LatitudeDegrees><LongitudeDegrees>-34.95343118</LongitudeDegrees></Position><HeartRateBpm><Value>143</Value></HeartRateBpm><Cadence>89</Cadence><Extensions><ns3:TPX><ns3:Speed>2.740000009536743</ns3:Speed><ns3:Pace>0.36</ns3:Pace></ns3:TPX></Extensions></Trackpoint><Trackpoint><Time>2025-08-17T21:20:38Z</Time><Position><LatitudeDegrees>-8.0512558</LatitudeDegrees><LongitudeDegrees>-34.95342618</LongitudeDegrees></Position><HeartRateBpm><Value>143</Value></HeartRateBpm><Cadence>89</Cadence><Extensions><ns3:TPX><ns3:Speed>2.740000009536743</ns3:Speed><ns3:Pace>0.36</ns3:Pace></ns3:TPX></Extensions></Trackpoint><Trackpoint><Time>2025-08-17T21:20:39Z</Time><Position><LatitudeDegrees>-8.05123113</LatitudeDegrees><LongitudeDegrees>-34.95342152</LongitudeDegrees></Position><HeartRateBpm><Value>142</Value></HeartRateBpm><Cadence>90</Cadence><Extensions><ns3:TPX><ns3:Speed>2.75</ns3:Speed><ns3:Pace>0.36</ns3:Pace></ns3:TPX></Extensions></Trackpoint><Trackpoint><Time>2025-08-17T21:20:40Z</Time><Position><LatitudeDegrees>-8.05120681</LatitudeDegrees><LongitudeDegrees>-34.95341853</LongitudeDegrees></Position><HeartRateBpm><Value>142</Value></HeartRateBpm><Cadence>90</Cadence><Extensions><ns3:TPX><ns3:Speed>2.75</ns3:Speed><ns3:Pace>0.36</ns3:Pace></ns3:TPX></Extensions></Trackpoint><Trackpoint><Time>2025-08-17T21:20:41Z</Time><Position><LatitudeDegrees>-8.05118314</LatitudeDegrees><LongitudeDegrees>-34.9534172</LongitudeDegrees></Position><HeartRateBpm><Value>142</Value></HeartRateBpm><Cadence>90</Cadence><Extensions><ns3:TPX><ns3:Speed>2.75</ns3:Speed><ns3:Pace>0.36</ns3:Pace></ns3:TPX></Extensions></Trackpoint><Trackpoint><Time>2025-08-17T21:20:42Z</Time><Position><LatitudeDegrees>-8.05115815</LatitudeDegrees><LongitudeDegrees>-34.95341786</LongitudeDegrees></Position><HeartRateBpm><Value>142</Value></HeartRateBpm><Cadence>90</Cadence><Extensions><ns3:TPX><ns3:Speed>2.75</ns3:Speed><ns3:Pace>0.36</ns3:Pace></ns3:TPX></Extensions></Trackpoint><Trackpoint><Time>2025-08-17T21:20:43Z</Time><Position><LatitudeDegrees>-8.05113315</LatitudeDegrees><LongitudeDegrees>-34.95341918</LongitudeDegrees></Position><HeartRateBpm><Value>142</Value></HeartRateBpm><Cadence>89</Cadence><Extensions><ns3:TPX><ns3:Speed>2.75</ns3:Speed><ns3:Pace>0.36</ns3:Pace></ns3:TPX></Extensions></Trackpoint><Trackpoint><Time>2025-08-17T21:20:44Z</Time><Position><LatitudeDegrees>-8.05110783</LatitudeDegrees><LongitudeDegrees>-34.95342018</LongitudeDegrees></Position><HeartRateBpm><Value>142</Value></HeartRateBpm><Cadence>89</Cadence><Extensions><ns3:TPX><ns3:Speed>2.75</ns3:Speed><ns3:Pace>0.36</ns3:Pace></ns3:TPX></Extensions></Trackpoint><Trackpoint><Time>2025-08-17T21:20:45Z</Time><Position><LatitudeDegrees>-8.05108251</LatitudeDegrees><LongitudeDegrees>-34.95342084</LongitudeDegrees></Position><HeartRateBpm><Value>141</Value></HeartRateBpm><Cadence>89</Cadence><Extensions><ns3:TPX><ns3:Speed>2.75</ns3:Speed><ns3:Pace>0.36</ns3:Pace></ns3:TPX></Extensions></Trackpoint><Trackpoint><Time>2025-08-17T21:20:46Z</Time><Position><LatitudeDegrees>-8.05105751</LatitudeDegrees><LongitudeDegrees>-34.95342084</LongitudeDegrees></Position><HeartRateBpm><Value>141</Value></HeartRateBpm><Cadence>88</Cadence><Extensions><ns3:TPX><ns3:Speed>2.75</ns3:Speed><ns3:Pace>0.36</ns3:Pace></ns3:TPX></Extensions></Trackpoint><Trackpoint><Time>2025-08-17T21:20:47Z</Time><Position><LatitudeDegrees>-8.05103218</LatitudeDegrees><LongitudeDegrees>-34.95341984</LongitudeDegrees></Position><HeartRateBpm><Value>142</Value></HeartRateBpm><Cadence>88</Cadence><Extensions><ns3:TPX><ns3:Speed>2.759999990463257</ns3:Speed><ns3:Pace>0.36</ns3:Pace></ns3:TPX></Extensions></Trackpoint><Trackpoint><Time>2025-08-17T21:20:48Z</Time><Position><LatitudeDegrees>-8.05100752</LatitudeDegrees><LongitudeDegrees>-34.95341685</LongitudeDegrees></Position><HeartRateBpm><Value>143</Value></HeartRateBpm><Cadence>89</Cadence><Extensions><ns3:TPX><ns3:Speed>2.759999990463257</ns3:Speed><ns3:Pace>0.36</ns3:Pace></ns3:TPX></Extensions></Trackpoint><Trackpoint><Time>2025-08-17T21:20:49Z</Time><Position><LatitudeDegrees>-8.05098353</LatitudeDegrees><LongitudeDegrees>-34.95341353</LongitudeDegrees></Position><HeartRateBpm><Value>143</Value></HeartRateBpm><Cadence>89</Cadence><Extensions><ns3:TPX><ns3:Speed>2.759999990463257</ns3:Speed><ns3:Pace>0.36</ns3:Pace></ns3:TPX></Extensions></Trackpoint><Trackpoint><Time>2025-08-17T21:20:50Z</Time><Position><LatitudeDegrees>-8.05095954</LatitudeDegrees><LongitudeDegrees>-34.95341054</LongitudeDegrees></Position><HeartRateBpm><Value>143</Value></HeartRateBpm><Cadence>89</Cadence><Extensions><ns3:TPX><ns3:Speed>2.759999990463257</ns3:Speed><ns3:Pace>0.36</ns3:Pace></ns3:TPX></Extensions></Trackpoint><Trackpoint><Time>2025-08-17T21:20:51Z</Time><Position><LatitudeDegrees>-8.05093588</LatitudeDegrees><LongitudeDegrees>-34.95340787</LongitudeDegrees></Position><HeartRateBpm><Value>144</Value></HeartRateBpm><Cadence>89</Cadence><Extensions><ns3:TPX><ns3:Speed>2.759999990463257</ns3:Speed><ns3:Pace>0.36</ns3:Pace></ns3:TPX></Extensions></Trackpoint><Trackpoint><Time>2025-08-17T21:20:52Z</Time><Position><LatitudeDegrees>-8.05091221</LatitudeDegrees><LongitudeDegrees>-34.95340488</LongitudeDegrees></Position><HeartRateBpm><Value>145</Value></HeartRateBpm><Cadence>89</Cadence><Extensions><ns3:TPX><ns3:Speed>2.759999990463257</ns3:Speed><ns3:Pace>0.36</ns3:Pace></ns3:TPX></Extensions></Trackpoint><Trackpoint><Time>2025-08-17T21:20:53Z</Time><Position><LatitudeDegrees>-8.05088889</LatitudeDegrees><LongitudeDegrees>-34.95340189</LongitudeDegrees></Position><HeartRateBpm><Value>145</Value></HeartRateBpm><Cadence>89</Cadence><Extensions><ns3:TPX><ns3:Speed>2.759999990463257</ns3:Speed><ns3:Pace>0.36</ns3:Pace></ns3:TPX></Extensions></Trackpoint><Trackpoint><Time>2025-08-17T21:20:54Z</Time><Position><LatitudeDegrees>-8.05086656</LatitudeDegrees><LongitudeDegrees>-34.95339989</LongitudeDegrees></Position><HeartRateBpm><Value>145</Value></HeartRateBpm><Cadence>89</Cadence><Extensions><ns3:TPX><ns3:Speed>2.759999990463257</ns3:Speed><ns3:Pace>0.36</ns3:Pace></ns3:TPX></Extensions></Trackpoint><Trackpoint><Time>2025-08-17T21:20:55Z</Time><Position><LatitudeDegrees>-8.05084457</LatitudeDegrees><LongitudeDegrees>-34.95339857</LongitudeDegrees></Position><HeartRateBpm><Value>145</Value></HeartRateBpm><Cadence>90</Cadence><Extensions><ns3:TPX><ns3:Speed>2.759999990463257</ns3:Speed><ns3:Pace>0.36</ns3:Pace></ns3:TPX></Extensions></Trackpoint><Trackpoint><Time>2025-08-17T21:20:56Z</Time><Position><LatitudeDegrees>-8.0508229</LatitudeDegrees><LongitudeDegrees>-34.95339757</LongitudeDegrees></Position><HeartRateBpm><Value>145</Value></HeartRateBpm><Cadence>90</Cadence><Extensions><ns3:TPX><ns3:Speed>2.759999990463257</ns3:Speed><ns3:Pace>0.36</ns3:Pace></ns3:TPX></Extensions></Trackpoint><Trackpoint><Time>2025-08-17T21:20:57Z</Time><Position><LatitudeDegrees>-8.05080157</LatitudeDegrees><LongitudeDegrees>-34.95339658</LongitudeDegrees></Position><HeartRateBpm><Value>145</Value></HeartRateBpm><Cadence>89</Cadence><Extensions><ns3:TPX><ns3:Speed>2.759999990463257</ns3:Speed><ns3:Pace>0.36</ns3:Pace></ns3:TPX></Extensions></Trackpoint><Trackpoint><Time>2025-08-17T21:20:58Z</Time><Position><LatitudeDegrees>-8.05078058</LatitudeDegrees><LongitudeDegrees>-34.95339292</LongitudeDegrees></Position><HeartRateBpm><Value>145</Value></HeartRateBpm><Cadence>89</Cadence><Extensions><ns3:TPX><ns3:Speed>2.75</ns3:Speed><ns3:Pace>0.36</ns3:Pace></ns3:TPX></Extensions></Trackpoint><Trackpoint><Time>2025-08-17T21:20:59Z</Time><Position><LatitudeDegrees>-8.05075824</LatitudeDegrees><LongitudeDegrees>-34.95338792</LongitudeDegrees></Position><HeartRateBpm><Value>146</Value></HeartRateBpm><Cadence>89</Cadence><Extensions><ns3:TPX><ns3:Speed>2.75</ns3:Speed><ns3:Pace>0.36</ns3:Pace></ns3:TPX></Extensions></Trackpoint><Trackpoint><Time>2025-08-17T21:21:00Z</Time><Position><LatitudeDegrees>-8.05073591</LatitudeDegrees><LongitudeDegrees>-34.95338225</LongitudeDegrees></Position><HeartRateBpm><Value>146</Value></HeartRateBpm><Cadence>89</Cadence><Extensions><ns3:TPX><ns3:Speed>2.740000009536743</ns3:Speed><ns3:Pace>0.36</ns3:Pace></ns3:TPX></Extensions></Trackpoint><Trackpoint><Time>2025-08-17T21:21:01Z</Time><Position><LatitudeDegrees>-8.05071425</LatitudeDegrees><LongitudeDegrees>-34.95337692</LongitudeDegrees></Position><HeartRateBpm><Value>146</Value></HeartRateBpm><Cadence>90</Cadence><Extensions><ns3:TPX><ns3:Speed>2.7300000190734863</ns3:Speed><ns3:Pace>0.36</ns3:Pace></ns3:TPX></Extensions></Trackpoint><Trackpoint><Time>2025-08-17T21:21:02Z</Time><Position><LatitudeDegrees>-8.05069225</LatitudeDegrees><LongitudeDegrees>-34.95337226</LongitudeDegrees></Position><HeartRateBpm><Value>146</Value></HeartRateBpm><Cadence>90</Cadence><Extensions><ns3:TPX><ns3:Speed>2.7300000190734863</ns3:Speed><ns3:Pace>0.36</ns3:Pace></ns3:TPX></Extensions></Trackpoint><Trackpoint><Time>2025-08-17T21:21:03Z</Time><Position><LatitudeDegrees>-8.0506706</LatitudeDegrees><LongitudeDegrees>-34.95336793</LongitudeDegrees></Position><HeartRateBpm><Value>146</Value></HeartRateBpm><Cadence>91</Cadence><Extensions><ns3:TPX><ns3:Speed>2.7300000190734863</ns3:Speed><ns3:Pace>0.36</ns3:Pace></ns3:TPX></Extensions></Trackpoint><Trackpoint><Time>2025-08-17T21:21:04Z</Time><Position><LatitudeDegrees>-8.05064827</LatitudeDegrees><LongitudeDegrees>-34.95336394</LongitudeDegrees></Position><HeartRateBpm><Value>145</Value></HeartRateBpm><Cadence>90</Cadence><Extensions><ns3:TPX><ns3:Speed>2.7300000190734863</ns3:Speed><ns3:Pace>0.36</ns3:Pace></ns3:TPX></Extensions></Trackpoint><Trackpoint><Time>2025-08-17T21:21:05Z</Time><Position><LatitudeDegrees>-8.05062494</LatitudeDegrees><LongitudeDegrees>-34.95336061</LongitudeDegrees></Position><HeartRateBpm><Value>144</Value></HeartRateBpm><Cadence>89</Cadence><Extensions><ns3:TPX><ns3:Speed>2.7200000286102295</ns3:Speed><ns3:Pace>0.36</ns3:Pace></ns3:TPX></Extensions></Trackpoint><Trackpoint><Time>2025-08-17T21:21:06Z</Time><Position><LatitudeDegrees>-8.05060128</LatitudeDegrees><LongitudeDegrees>-34.95335695</LongitudeDegrees></Position><HeartRateBpm><Value>144</Value></HeartRateBpm><Cadence>88</Cadence><Extensions><ns3:TPX><ns3:Speed>2.7100000381469727</ns3:Speed><ns3:Pace>0.36</ns3:Pace></ns3:TPX></Extensions></Trackpoint><Trackpoint><Time>2025-08-17T21:21:07Z</Time><Position><LatitudeDegrees>-8.05057695</LatitudeDegrees><LongitudeDegrees>-34.95335162</LongitudeDegrees></Position><HeartRateBpm><Value>143</Value></HeartRateBpm><Cadence>88</Cadence><Extensions><ns3:TPX><ns3:Speed>2.7100000381469727</ns3:Speed><ns3:Pace>0.36</ns3:Pace></ns3:TPX></Extensions></Trackpoint><Trackpoint><Time>2025-08-17T21:21:08Z</Time><Position><LatitudeDegrees>-8.05055263</LatitudeDegrees><LongitudeDegrees>-34.95334529</LongitudeDegrees></Position><HeartRateBpm><Value>143</Value></HeartRateBpm><Cadence>88</Cadence><Extensions><ns3:TPX><ns3:Speed>2.7100000381469727</ns3:Speed><ns3:Pace>0.36</ns3:Pace></ns3:TPX></Extensions></Trackpoint><Trackpoint><Time>2025-08-17T21:21:09Z</Time><Position><LatitudeDegrees>-8.05052963</LatitudeDegrees><LongitudeDegrees>-34.95333996</LongitudeDegrees></Position><HeartRateBpm><Value>143</Value></HeartRateBpm><Cadence>88</Cadence><Extensions><ns3:TPX><ns3:Speed>2.7100000381469727</ns3:Speed><ns3:Pace>0.37</ns3:Pace></ns3:TPX></Extensions></Trackpoint><Trackpoint><Time>2025-08-17T21:21:10Z</Time><Position><LatitudeDegrees>-8.05050663</LatitudeDegrees><LongitudeDegrees>-34.95333597</LongitudeDegrees></Position><HeartRateBpm><Value>142</Value></HeartRateBpm><Cadence>88</Cadence><Extensions><ns3:TPX><ns3:Speed>2.700000047683716</ns3:Speed><ns3:Pace>0.37</ns3:Pace></ns3:TPX></Extensions></Trackpoint><Trackpoint><Time>2025-08-17T21:21:11Z</Time><Position><LatitudeDegrees>-8.05048329</LatitudeDegrees><LongitudeDegrees>-34.95333264</LongitudeDegrees></Position><HeartRateBpm><Value>142</Value></HeartRateBpm><Cadence>88</Cadence><Extensions><ns3:TPX><ns3:Speed>2.700000047683716</ns3:Speed><ns3:Pace>0.37</ns3:Pace></ns3:TPX></Extensions></Trackpoint><Trackpoint><Time>2025-08-17T21:21:12Z</Time><Position><LatitudeDegrees>-8.05045997</LatitudeDegrees><LongitudeDegrees>-34.95332931</LongitudeDegrees></Position><HeartRateBpm><Value>142</Value></HeartRateBpm><Cadence>89</Cadence><Extensions><ns3:TPX><ns3:Speed>2.690000057220459</ns3:Speed><ns3:Pace>0.37</ns3:Pace></ns3:TPX></Extensions></Trackpoint><Trackpoint><Time>2025-08-17T21:21:13Z</Time><Position><LatitudeDegrees>-8.05043697</LatitudeDegrees><LongitudeDegrees>-34.95332666</LongitudeDegrees></Position><HeartRateBpm><Value>142</Value></HeartRateBpm><Cadence>88</Cadence><Extensions><ns3:TPX><ns3:Speed>2.680000066757202</ns3:Speed><ns3:Pace>0.37</ns3:Pace></ns3:TPX></Extensions></Trackpoint><Trackpoint><Time>2025-08-17T21:21:14Z</Time><Position><LatitudeDegrees>-8.05041531</LatitudeDegrees><LongitudeDegrees>-34.95332233</LongitudeDegrees></Position><HeartRateBpm><Value>142</Value></HeartRateBpm><Cadence>88</Cadence><Extensions><ns3:TPX><ns3:Speed>2.680000066757202</ns3:Speed><ns3:Pace>0.37</ns3:Pace></ns3:TPX></Extensions></Trackpoint><Trackpoint><Time>2025-08-17T21:21:15Z</Time><Position><LatitudeDegrees>-8.05039398</LatitudeDegrees><LongitudeDegrees>-34.953318</LongitudeDegrees></Position><HeartRateBpm><Value>142</Value></HeartRateBpm><Cadence>88</Cadence><Extensions><ns3:TPX><ns3:Speed>2.680000066757202</ns3:Speed><ns3:Pace>0.37</ns3:Pace></ns3:TPX></Extensions></Trackpoint><Trackpoint><Time>2025-08-17T21:21:16Z</Time><Position><LatitudeDegrees>-8.05037098</LatitudeDegrees><LongitudeDegrees>-34.95331201</LongitudeDegrees></Position><HeartRateBpm><Value>142</Value></HeartRateBpm><Cadence>88</Cadence><Extensions><ns3:TPX><ns3:Speed>2.680000066757202</ns3:Speed><ns3:Pace>0.37</ns3:Pace></ns3:TPX></Extensions></Trackpoint><Trackpoint><Time>2025-08-17T21:21:17Z</Time><Position><LatitudeDegrees>-8.05034699</LatitudeDegrees><LongitudeDegrees>-34.95330734</LongitudeDegrees></Position><HeartRateBpm><Value>142</Value></HeartRateBpm><Cadence>88</Cadence><Extensions><ns3:TPX><ns3:Speed>2.6700000762939453</ns3:Speed><ns3:Pace>0.37</ns3:Pace></ns3:TPX></Extensions></Trackpoint><Trackpoint><Time>2025-08-17T21:21:18Z</Time><Position><LatitudeDegrees>-8.050322</LatitudeDegrees><LongitudeDegrees>-34.95330469</LongitudeDegrees></Position><HeartRateBpm><Value>142</Value></HeartRateBpm><Cadence>88</Cadence><Extensions><ns3:TPX><ns3:Speed>2.6700000762939453</ns3:Speed><ns3:Pace>0.37</ns3:Pace></ns3:TPX></Extensions></Trackpoint><Trackpoint><Time>2025-08-17T21:21:19Z</Time><Position><LatitudeDegrees>-8.050297</LatitudeDegrees><LongitudeDegrees>-34.95330236</LongitudeDegrees></Position><HeartRateBpm><Value>142</Value></HeartRateBpm><Cadence>88</Cadence><Extensions><ns3:TPX><ns3:Speed>2.6600000858306885</ns3:Speed><ns3:Pace>0.37</ns3:Pace></ns3:TPX></Extensions></Trackpoint><Trackpoint><Time>2025-08-17T21:21:20Z</Time><Position><LatitudeDegrees>-8.05027201</LatitudeDegrees><LongitudeDegrees>-34.95329903</LongitudeDegrees></Position><HeartRateBpm><Value>142</Value></HeartRateBpm><Cadence>88</Cadence><Extensions><ns3:TPX><ns3:Speed>2.6600000858306885</ns3:Speed><ns3:Pace>0.37</ns3:Pace></ns3:TPX></Extensions></Trackpoint><Trackpoint><Time>2025-08-17T21:21:21Z</Time><Position><LatitudeDegrees>-8.05024768</LatitudeDegrees><LongitudeDegrees>-34.95329637</LongitudeDegrees></Position><HeartRateBpm><Value>142</Value></HeartRateBpm><Cadence>89</Cadence><Extensions><ns3:TPX><ns3:Speed>2.6600000858306885</ns3:Speed><ns3:Pace>0.37</ns3:Pace></ns3:TPX></Extensions></Trackpoint><Trackpoint><Time>2025-08-17T21:21:22Z</Time><Position><LatitudeDegrees>-8.05022402</LatitudeDegrees><LongitudeDegrees>-34.95329304</LongitudeDegrees></Position><HeartRateBpm><Value>142</Value></HeartRateBpm><Cadence>89</Cadence><Extensions><ns3:TPX><ns3:Speed>2.6500000953674316</ns3:Speed><ns3:Pace>0.37</ns3:Pace></ns3:TPX></Extensions></Trackpoint><Trackpoint><Time>2025-08-17T21:21:23Z</Time><Position><LatitudeDegrees>-8.05019902</LatitudeDegrees><LongitudeDegrees>-34.95328905</LongitudeDegrees></Position><HeartRateBpm><Value>142</Value></HeartRateBpm><Cadence>88</Cadence><Extensions><ns3:TPX><ns3:Speed>2.6500000953674316</ns3:Speed><ns3:Pace>0.37</ns3:Pace></ns3:TPX></Extensions></Trackpoint><Trackpoint><Time>2025-08-17T21:21:24Z</Time><Position><LatitudeDegrees>-8.0501757</LatitudeDegrees><LongitudeDegrees>-34.95328405</LongitudeDegrees></Position><HeartRateBpm><Value>144</Value></HeartRateBpm><Cadence>89</Cadence><Extensions><ns3:TPX><ns3:Speed>2.6500000953674316</ns3:Speed><ns3:Pace>0.37</ns3:Pace></ns3:TPX></Extensions></Trackpoint><Trackpoint><Time>2025-08-17T21:21:25Z</Time><Position><LatitudeDegrees>-8.05015171</LatitudeDegrees><LongitudeDegrees>-34.95327872</LongitudeDegrees></Position><HeartRateBpm><Value>145</Value></HeartRateBpm><Cadence>88</Cadence><Extensions><ns3:TPX><ns3:Speed>2.6500000953674316</ns3:Speed><ns3:Pace>0.37</ns3:Pace></ns3:TPX></Extensions></Trackpoint><Trackpoint><Time>2025-08-17T21:21:26Z</Time><Position><LatitudeDegrees>-8.05012804</LatitudeDegrees><LongitudeDegrees>-34.95327273</LongitudeDegrees></Position><HeartRateBpm><Value>146</Value></HeartRateBpm><Cadence>88</Cadence><Extensions><ns3:TPX><ns3:Speed>2.6600000858306885</ns3:Speed><ns3:Pace>0.37</ns3:Pace></ns3:TPX></Extensions></Trackpoint><Trackpoint><Time>2025-08-17T21:21:27Z</Time><Position><LatitudeDegrees>-8.05010438</LatitudeDegrees><LongitudeDegrees>-34.95326607</LongitudeDegrees></Position><HeartRateBpm><Value>146</Value></HeartRateBpm><Cadence>88</Cadence><Extensions><ns3:TPX><ns3:Speed>2.6600000858306885</ns3:Speed><ns3:Pace>0.37</ns3:Pace></ns3:TPX></Extensions></Trackpoint><Trackpoint><Time>2025-08-17T21:21:28Z</Time><Position><LatitudeDegrees>-8.05008005</LatitudeDegrees><LongitudeDegrees>-34.9532594</LongitudeDegrees></Position><HeartRateBpm><Value>146</Value></HeartRateBpm><Cadence>89</Cadence><Extensions><ns3:TPX><ns3:Speed>2.6600000858306885</ns3:Speed><ns3:Pace>0.37</ns3:Pace></ns3:TPX></Extensions></Trackpoint><Trackpoint><Time>2025-08-17T21:21:29Z</Time><Position><LatitudeDegrees>-8.05005572</LatitudeDegrees><LongitudeDegrees>-34.95325341</LongitudeDegrees></Position><HeartRateBpm><Value>146</Value></HeartRateBpm><Cadence>88</Cadence><Extensions><ns3:TPX><ns3:Speed>2.6600000858306885</ns3:Speed><ns3:Pace>0.37</ns3:Pace></ns3:TPX></Extensions></Trackpoint><Trackpoint><Time>2025-08-17T21:21:30Z</Time><Position><LatitudeDegrees>-8.05003238</LatitudeDegrees><LongitudeDegrees>-34.95324776</LongitudeDegrees></Position><HeartRateBpm><Value>146</Value></HeartRateBpm><Cadence>88</Cadence><Extensions><ns3:TPX><ns3:Speed>2.6600000858306885</ns3:Speed><ns3:Pace>0.37</ns3:Pace></ns3:TPX></Extensions></Trackpoint><Trackpoint><Time>2025-08-17T21:21:31Z</Time><Position><LatitudeDegrees>-8.05000939</LatitudeDegrees><LongitudeDegrees>-34.95324276</LongitudeDegrees></Position><HeartRateBpm><Value>146</Value></HeartRateBpm><Cadence>89</Cadence><Extensions><ns3:TPX><ns3:Speed>2.6700000762939453</ns3:Speed><ns3:Pace>0.37</ns3:Pace></ns3:TPX></Extensions></Trackpoint><Trackpoint><Time>2025-08-17T21:21:32Z</Time><Position><LatitudeDegrees>-8.04998706</LatitudeDegrees><LongitudeDegrees>-34.95323843</LongitudeDegrees></Position><HeartRateBpm><Value>146</Value></HeartRateBpm><Cadence>88</Cadence><Extensions><ns3:TPX><ns3:Speed>2.6700000762939453</ns3:Speed><ns3:Pace>0.37</ns3:Pace></ns3:TPX></Extensions></Trackpoint><Trackpoint><Time>2025-08-17T21:21:33Z</Time><Position><LatitudeDegrees>-8.04996539</LatitudeDegrees><LongitudeDegrees>-34.95323744</LongitudeDegrees></Position><HeartRateBpm><Value>146</Value></HeartRateBpm><Cadence>88</Cadence><Extensions><ns3:TPX><ns3:Speed>2.6700000762939453</ns3:Speed><ns3:Pace>0.37</ns3:Pace></ns3:TPX></Extensions></Trackpoint><Trackpoint><Time>2025-08-17T21:21:34Z</Time><Position><LatitudeDegrees>-8.04994407</LatitudeDegrees><LongitudeDegrees>-34.95324043</LongitudeDegrees></Position><HeartRateBpm><Value>146</Value></HeartRateBpm><Cadence>88</Cadence><Extensions><ns3:TPX><ns3:Speed>2.6700000762939453</ns3:Speed><ns3:Pace>0.37</ns3:Pace></ns3:TPX></Extensions></Trackpoint><Trackpoint><Time>2025-08-17T21:21:35Z</Time><Position><LatitudeDegrees>-8.0499234</LatitudeDegrees><LongitudeDegrees>-34.95324476</LongitudeDegrees></Position><HeartRateBpm><Value>146</Value></HeartRateBpm><Cadence>89</Cadence><Extensions><ns3:TPX><ns3:Speed>2.680000066757202</ns3:Speed><ns3:Pace>0.37</ns3:Pace></ns3:TPX></Extensions></Trackpoint><Trackpoint><Time>2025-08-17T21:21:36Z</Time><Position><LatitudeDegrees>-8.04990308</LatitudeDegrees><LongitudeDegrees>-34.95325108</LongitudeDegrees></Position><HeartRateBpm><Value>146</Value></HeartRateBpm><Cadence>88</Cadence><Extensions><ns3:TPX><ns3:Speed>2.6700000762939453</ns3:Speed><ns3:Pace>0.37</ns3:Pace></ns3:TPX></Extensions></Trackpoint><Trackpoint><Time>2025-08-17T21:21:37Z</Time><Position><LatitudeDegrees>-8.04988309</LatitudeDegrees><LongitudeDegrees>-34.95325808</LongitudeDegrees></Position><HeartRateBpm><Value>147</Value></HeartRateBpm><Cadence>88</Cadence><Extensions><ns3:TPX><ns3:Speed>2.6700000762939453</ns3:Speed><ns3:Pace>0.37</ns3:Pace></ns3:TPX></Extensions></Trackpoint><Trackpoint><Time>2025-08-17T21:21:38Z</Time><Position><LatitudeDegrees>-8.0498611</LatitudeDegrees><LongitudeDegrees>-34.95326341</LongitudeDegrees></Position><HeartRateBpm><Value>148</Value></HeartRateBpm><Cadence>88</Cadence><Extensions><ns3:TPX><ns3:Speed>2.6700000762939453</ns3:Speed><ns3:Pace>0.37</ns3:Pace></ns3:TPX></Extensions></Trackpoint><Trackpoint><Time>2025-08-17T21:21:39Z</Time><Position><LatitudeDegrees>-8.04983977</LatitudeDegrees><LongitudeDegrees>-34.95326474</LongitudeDegrees></Position><HeartRateBpm><Value>148</Value></HeartRateBpm><Cadence>88</Cadence><Extensions><ns3:TPX><ns3:Speed>2.6700000762939453</ns3:Speed><ns3:Pace>0.37</ns3:Pace></ns3:TPX></Extensions></Trackpoint><Trackpoint><Time>2025-08-17T21:21:40Z</Time><Position><LatitudeDegrees>-8.04981711</LatitudeDegrees><LongitudeDegrees>-34.95326408</LongitudeDegrees></Position><HeartRateBpm><Value>149</Value></HeartRateBpm><Cadence>89</Cadence><Extensions><ns3:TPX><ns3:Speed>2.6600000858306885</ns3:Speed><ns3:Pace>0.37</ns3:Pace></ns3:TPX></Extensions></Trackpoint><Trackpoint><Time>2025-08-17T21:21:41Z</Time><Position><LatitudeDegrees>-8.04979212</LatitudeDegrees><LongitudeDegrees>-34.95326208</LongitudeDegrees></Position><HeartRateBpm><Value>150</Value></HeartRateBpm><Cadence>89</Cadence><Extensions><ns3:TPX><ns3:Speed>2.6600000858306885</ns3:Speed><ns3:Pace>0.37</ns3:Pace></ns3:TPX></Extensions></Trackpoint><Trackpoint><Time>2025-08-17T21:21:42Z</Time><Position><LatitudeDegrees>-8.04976779</LatitudeDegrees><LongitudeDegrees>-34.95326042</LongitudeDegrees></Position><HeartRateBpm><Value>150</Value></HeartRateBpm><Cadence>89</Cadence><Extensions><ns3:TPX><ns3:Speed>2.6500000953674316</ns3:Speed><ns3:Pace>0.37</ns3:Pace></ns3:TPX></Extensions></Trackpoint><Trackpoint><Time>2025-08-17T21:21:43Z</Time><Position><LatitudeDegrees>-8.04974212</LatitudeDegrees><LongitudeDegrees>-34.95325909</LongitudeDegrees></Position><HeartRateBpm><Value>150</Value></HeartRateBpm><Cadence>89</Cadence><Extensions><ns3:TPX><ns3:Speed>2.6500000953674316</ns3:Speed><ns3:Pace>0.37</ns3:Pace></ns3:TPX></Extensions></Trackpoint><Trackpoint><Time>2025-08-17T21:21:44Z</Time><Position><LatitudeDegrees>-8.04971713</LatitudeDegrees><LongitudeDegrees>-34.95325843</LongitudeDegrees></Position><HeartRateBpm><Value>150</Value></HeartRateBpm><Cadence>89</Cadence><Extensions><ns3:TPX><ns3:Speed>2.6500000953674316</ns3:Speed><ns3:Pace>0.37</ns3:Pace></ns3:TPX></Extensions></Trackpoint><Trackpoint><Time>2025-08-17T21:21:45Z</Time><Position><LatitudeDegrees>-8.0496928</LatitudeDegrees><LongitudeDegrees>-34.95325778</LongitudeDegrees></Position><HeartRateBpm><Value>150</Value></HeartRateBpm><Cadence>89</Cadence><Extensions><ns3:TPX><ns3:Speed>2.6500000953674316</ns3:Speed><ns3:Pace>0.37</ns3:Pace></ns3:TPX></Extensions></Trackpoint><Trackpoint><Time>2025-08-17T21:21:46Z</Time><Position><LatitudeDegrees>-8.04966847</LatitudeDegrees><LongitudeDegrees>-34.95325644</LongitudeDegrees></Position><HeartRateBpm><Value>150</Value></HeartRateBpm><Cadence>89</Cadence><Extensions><ns3:TPX><ns3:Speed>2.6500000953674316</ns3:Speed><ns3:Pace>0.37</ns3:Pace></ns3:TPX></Extensions></Trackpoint><Trackpoint><Time>2025-08-17T21:21:47Z</Time><Position><LatitudeDegrees>-8.04964547</LatitudeDegrees><LongitudeDegrees>-34.95325579</LongitudeDegrees></Position><HeartRateBpm><Value>152</Value></HeartRateBpm><Cadence>89</Cadence><Extensions><ns3:TPX><ns3:Speed>2.6500000953674316</ns3:Speed><ns3:Pace>0.37</ns3:Pace></ns3:TPX></Extensions></Trackpoint><Trackpoint><Time>2025-08-17T21:21:48Z</Time><Position><LatitudeDegrees>-8.04962248</LatitudeDegrees><LongitudeDegrees>-34.95325546</LongitudeDegrees></Position><HeartRateBpm><Value>153</Value></HeartRateBpm><Cadence>88</Cadence><Extensions><ns3:TPX><ns3:Speed>2.6500000953674316</ns3:Speed><ns3:Pace>0.37</ns3:Pace></ns3:TPX></Extensions></Trackpoint><Trackpoint><Time>2025-08-17T21:21:49Z</Time><Position><LatitudeDegrees>-8.04959982</LatitudeDegrees><LongitudeDegrees>-34.95325447</LongitudeDegrees></Position><HeartRateBpm><Value>153</Value></HeartRateBpm><Cadence>88</Cadence><Extensions><ns3:TPX><ns3:Speed>2.6500000953674316</ns3:Speed><ns3:Pace>0.37</ns3:Pace></ns3:TPX></Extensions></Trackpoint><Trackpoint><Time>2025-08-17T21:21:50Z</Time><Position><LatitudeDegrees>-8.04957616</LatitudeDegrees><LongitudeDegrees>-34.95325347</LongitudeDegrees></Position><HeartRateBpm><Value>154</Value></HeartRateBpm><Cadence>89</Cadence><Extensions><ns3:TPX><ns3:Speed>2.6500000953674316</ns3:Speed><ns3:Pace>0.37</ns3:Pace></ns3:TPX></Extensions></Trackpoint><Trackpoint><Time>2025-08-17T21:21:51Z</Time><Position><LatitudeDegrees>-8.04955183</LatitudeDegrees><LongitudeDegrees>-34.95325082</LongitudeDegrees></Position><HeartRateBpm><Value>154</Value></HeartRateBpm><Cadence>89</Cadence><Extensions><ns3:TPX><ns3:Speed>2.6500000953674316</ns3:Speed><ns3:Pace>0.37</ns3:Pace></ns3:TPX></Extensions></Trackpoint><Trackpoint><Time>2025-08-17T21:21:52Z</Time><Position><LatitudeDegrees>-8.0495275</LatitudeDegrees><LongitudeDegrees>-34.95324783</LongitudeDegrees></Position><HeartRateBpm><Value>154</Value></HeartRateBpm><Cadence>89</Cadence><Extensions><ns3:TPX><ns3:Speed>2.6500000953674316</ns3:Speed><ns3:Pace>0.37</ns3:Pace></ns3:TPX></Extensions></Trackpoint><Trackpoint><Time>2025-08-17T21:21:53Z</Time><Position><LatitudeDegrees>-8.0495035</LatitudeDegrees><LongitudeDegrees>-34.95324317</LongitudeDegrees></Position><HeartRateBpm><Value>155</Value></HeartRateBpm><Cadence>89</Cadence><Extensions><ns3:TPX><ns3:Speed>2.6500000953674316</ns3:Speed><ns3:Pace>0.37</ns3:Pace></ns3:TPX></Extensions></Trackpoint><Trackpoint><Time>2025-08-17T21:21:54Z</Time><Position><LatitudeDegrees>-8.04947984</LatitudeDegrees><LongitudeDegrees>-34.95323884</LongitudeDegrees></Position><HeartRateBpm><Value>156</Value></HeartRateBpm><Cadence>89</Cadence><Extensions><ns3:TPX><ns3:Speed>2.6500000953674316</ns3:Speed><ns3:Pace>0.37</ns3:Pace></ns3:TPX></Extensions></Trackpoint><Trackpoint><Time>2025-08-17T21:21:55Z</Time><Position><LatitudeDegrees>-8.04945351</LatitudeDegrees><LongitudeDegrees>-34.95323451</LongitudeDegrees></Position><HeartRateBpm><Value>157</Value></HeartRateBpm><Cadence>89</Cadence><Extensions><ns3:TPX><ns3:Speed>2.6500000953674316</ns3:Speed><ns3:Pace>0.37</ns3:Pace></ns3:TPX></Extensions></Trackpoint><Trackpoint><Time>2025-08-17T21:21:56Z</Time><Position><LatitudeDegrees>-8.04942919</LatitudeDegrees><LongitudeDegrees>-34.95323051</LongitudeDegrees></Position><HeartRateBpm><Value>157</Value></HeartRateBpm><Cadence>89</Cadence><Extensions><ns3:TPX><ns3:Speed>2.6500000953674316</ns3:Speed><ns3:Pace>0.37</ns3:Pace></ns3:TPX></Extensions></Trackpoint><Trackpoint><Time>2025-08-17T21:21:57Z</Time><Position><LatitudeDegrees>-8.04940519</LatitudeDegrees><LongitudeDegrees>-34.95322752</LongitudeDegrees></Position><HeartRateBpm><Value>157</Value></HeartRateBpm><Cadence>89</Cadence><Extensions><ns3:TPX><ns3:Speed>2.6500000953674316</ns3:Speed><ns3:Pace>0.37</ns3:Pace></ns3:TPX></Extensions></Trackpoint><Trackpoint><Time>2025-08-17T21:21:58Z</Time><Position><LatitudeDegrees>-8.04937987</LatitudeDegrees><LongitudeDegrees>-34.95322387</LongitudeDegrees></Position><HeartRateBpm><Value>158</Value></HeartRateBpm><Cadence>89</Cadence><Extensions><ns3:TPX><ns3:Speed>2.6500000953674316</ns3:Speed><ns3:Pace>0.37</ns3:Pace></ns3:TPX></Extensions></Trackpoint><Trackpoint><Time>2025-08-17T21:21:59Z</Time><Position><LatitudeDegrees>-8.04935653</LatitudeDegrees><LongitudeDegrees>-34.95322054</LongitudeDegrees></Position><HeartRateBpm><Value>159</Value></HeartRateBpm><Cadence>89</Cadence><Extensions><ns3:TPX><ns3:Speed>2.6500000953674316</ns3:Speed><ns3:Pace>0.37</ns3:Pace></ns3:TPX></Extensions></Trackpoint><Trackpoint><Time>2025-08-17T21:22:00Z</Time><Position><LatitudeDegrees>-8.04933288</LatitudeDegrees><LongitudeDegrees>-34.95321821</LongitudeDegrees></Position><HeartRateBpm><Value>159</Value></HeartRateBpm><Cadence>90</Cadence><Extensions><ns3:TPX><ns3:Speed>2.6500000953674316</ns3:Speed><ns3:Pace>0.37</ns3:Pace></ns3:TPX></Extensions></Trackpoint><Trackpoint><Time>2025-08-17T21:22:01Z</Time><Position><LatitudeDegrees>-8.04930888</LatitudeDegrees><LongitudeDegrees>-34.95321454</LongitudeDegrees></Position><HeartRateBpm><Value>159</Value></HeartRateBpm><Cadence>89</Cadence><Extensions><ns3:TPX><ns3:Speed>2.6500000953674316</ns3:Speed><ns3:Pace>0.37</ns3:Pace></ns3:TPX></Extensions></Trackpoint><Trackpoint><Time>2025-08-17T21:22:02Z</Time><Position><LatitudeDegrees>-8.04928555</LatitudeDegrees><LongitudeDegrees>-34.95321289</LongitudeDegrees></Position><HeartRateBpm><Value>159</Value></HeartRateBpm><Cadence>89</Cadence><Extensions><ns3:TPX><ns3:Speed>2.6500000953674316</ns3:Speed><ns3:Pace>0.37</ns3:Pace></ns3:TPX></Extensions></Trackpoint><Trackpoint><Time>2025-08-17T21:22:03Z</Time><Position><LatitudeDegrees>-8.04926289</LatitudeDegrees><LongitudeDegrees>-34.95321289</LongitudeDegrees></Position><HeartRateBpm><Value>159</Value></HeartRateBpm><Cadence>89</Cadence><Extensions><ns3:TPX><ns3:Speed>2.6500000953674316</ns3:Speed><ns3:Pace>0.37</ns3:Pace></ns3:TPX></Extensions></Trackpoint><Trackpoint><Time>2025-08-17T21:22:04Z</Time><Position><LatitudeDegrees>-8.04923989</LatitudeDegrees><LongitudeDegrees>-34.95321321</LongitudeDegrees></Position><HeartRateBpm><Value>159</Value></HeartRateBpm><Cadence>89</Cadence><Extensions><ns3:TPX><ns3:Speed>2.6500000953674316</ns3:Speed><ns3:Pace>0.37</ns3:Pace></ns3:TPX></Extensions></Trackpoint><Trackpoint><Time>2025-08-17T21:22:05Z</Time><Position><LatitudeDegrees>-8.04921655</LatitudeDegrees><LongitudeDegrees>-34.9532142</LongitudeDegrees></Position><HeartRateBpm><Value>161</Value></HeartRateBpm><Cadence>89</Cadence><Extensions><ns3:TPX><ns3:Speed>2.6500000953674316</ns3:Speed><ns3:Pace>0.37</ns3:Pace></ns3:TPX></Extensions></Trackpoint><Trackpoint><Time>2025-08-17T21:22:06Z</Time><Position><LatitudeDegrees>-8.04919456</LatitudeDegrees><LongitudeDegrees>-34.95321388</LongitudeDegrees></Position><HeartRateBpm><Value>162</Value></HeartRateBpm><Cadence>89</Cadence><Extensions><ns3:TPX><ns3:Speed>2.6500000953674316</ns3:Speed><ns3:Pace>0.37</ns3:Pace></ns3:TPX></Extensions></Trackpoint><Trackpoint><Time>2025-08-17T21:22:07Z</Time><Position><LatitudeDegrees>-8.04917324</LatitudeDegrees><LongitudeDegrees>-34.95321355</LongitudeDegrees></Position><HeartRateBpm><Value>162</Value></HeartRateBpm><Cadence>88</Cadence><Extensions><ns3:TPX><ns3:Speed>2.6500000953674316</ns3:Speed><ns3:Pace>0.37</ns3:Pace></ns3:TPX></Extensions></Trackpoint><Trackpoint><Time>2025-08-17T21:22:08Z</Time><Position><LatitudeDegrees>-8.04915224</LatitudeDegrees><LongitudeDegrees>-34.95321323</LongitudeDegrees></Position><HeartRateBpm><Value>163</Value></HeartRateBpm><Cadence>88</Cadence><Extensions><ns3:TPX><ns3:Speed>2.6500000953674316</ns3:Speed><ns3:Pace>0.37</ns3:Pace></ns3:TPX></Extensions></Trackpoint><Trackpoint><Time>2025-08-17T21:22:09Z</Time><Position><LatitudeDegrees>-8.04913124</LatitudeDegrees><LongitudeDegrees>-34.95321355</LongitudeDegrees></Position><HeartRateBpm><Value>163</Value></HeartRateBpm><Cadence>88</Cadence><Extensions><ns3:TPX><ns3:Speed>2.6500000953674316</ns3:Speed><ns3:Pace>0.37</ns3:Pace></ns3:TPX></Extensions></Trackpoint><Trackpoint><Time>2025-08-17T21:22:10Z</Time><Position><LatitudeDegrees>-8.04911024</LatitudeDegrees><LongitudeDegrees>-34.9532129</LongitudeDegrees></Position><HeartRateBpm><Value>164</Value></HeartRateBpm><Cadence>88</Cadence><Extensions><ns3:TPX><ns3:Speed>2.640000104904175</ns3:Speed><ns3:Pace>0.37</ns3:Pace></ns3:TPX></Extensions></Trackpoint><Trackpoint><Time>2025-08-17T21:22:11Z</Time><Position><LatitudeDegrees>-8.04908992</LatitudeDegrees><LongitudeDegrees>-34.95320957</LongitudeDegrees></Position><HeartRateBpm><Value>164</Value></HeartRateBpm><Cadence>88</Cadence><Extensions><ns3:TPX><ns3:Speed>2.640000104904175</ns3:Speed><ns3:Pace>0.37</ns3:Pace></ns3:TPX></Extensions></Trackpoint><Trackpoint><Time>2025-08-17T21:22:12Z</Time><Position><LatitudeDegrees>-8.04906892</LatitudeDegrees><LongitudeDegrees>-34.95320392</LongitudeDegrees></Position><HeartRateBpm><Value>164</Value></HeartRateBpm><Cadence>88</Cadence><Extensions><ns3:TPX><ns3:Speed>2.630000114440918</ns3:Speed><ns3:Pace>0.38</ns3:Pace></ns3:TPX></Extensions></Trackpoint><Trackpoint><Time>2025-08-17T21:22:13Z</Time><Position><LatitudeDegrees>-8.04904792</LatitudeDegrees><LongitudeDegrees>-34.95319925</LongitudeDegrees></Position><HeartRateBpm><Value>164</Value></HeartRateBpm><Cadence>89</Cadence><Extensions><ns3:TPX><ns3:Speed>2.630000114440918</ns3:Speed><ns3:Pace>0.38</ns3:Pace></ns3:TPX></Extensions></Trackpoint><Trackpoint><Time>2025-08-17T21:22:14Z</Time><Position><LatitudeDegrees>-8.04902593</LatitudeDegrees><LongitudeDegrees>-34.95319559</LongitudeDegrees></Position><HeartRateBpm><Value>164</Value></HeartRateBpm><Cadence>89</Cadence><Extensions><ns3:TPX><ns3:Speed>2.619999885559082</ns3:Speed><ns3:Pace>0.38</ns3:Pace></ns3:TPX></Extensions></Trackpoint><Trackpoint><Time>2025-08-17T21:22:15Z</Time><Position><LatitudeDegrees>-8.0490036</LatitudeDegrees><LongitudeDegrees>-34.95319226</LongitudeDegrees></Position><HeartRateBpm><Value>164</Value></HeartRateBpm><Cadence>89</Cadence><Extensions><ns3:TPX><ns3:Speed>2.619999885559082</ns3:Speed><ns3:Pace>0.38</ns3:Pace></ns3:TPX></Extensions></Trackpoint><Trackpoint><Time>2025-08-17T21:22:16Z</Time><Position><LatitudeDegrees>-8.04898027</LatitudeDegrees><LongitudeDegrees>-34.95319027</LongitudeDegrees></Position><HeartRateBpm><Value>164</Value></HeartRateBpm><Cadence>89</Cadence><Extensions><ns3:TPX><ns3:Speed>2.609999895095825</ns3:Speed><ns3:Pace>0.38</ns3:Pace></ns3:TPX></Extensions></Trackpoint><Trackpoint><Time>2025-08-17T21:22:17Z</Time><Position><LatitudeDegrees>-8.04895695</LatitudeDegrees><LongitudeDegrees>-34.95318961</LongitudeDegrees></Position><HeartRateBpm><Value>163</Value></HeartRateBpm><Cadence>89</Cadence><Extensions><ns3:TPX><ns3:Speed>2.5999999046325684</ns3:Speed><ns3:Pace>0.38</ns3:Pace></ns3:TPX></Extensions></Trackpoint><Trackpoint><Time>2025-08-17T21:22:18Z</Time><Position><LatitudeDegrees>-8.04893329</LatitudeDegrees><LongitudeDegrees>-34.9531906</LongitudeDegrees></Position><HeartRateBpm><Value>162</Value></HeartRateBpm><Cadence>89</Cadence><Extensions><ns3:TPX><ns3:Speed>2.5899999141693115</ns3:Speed><ns3:Pace>0.38</ns3:Pace></ns3:TPX></Extensions></Trackpoint><Trackpoint><Time>2025-08-17T21:22:19Z</Time><Position><LatitudeDegrees>-8.04890896</LatitudeDegrees><LongitudeDegrees>-34.95319226</LongitudeDegrees></Position><HeartRateBpm><Value>162</Value></HeartRateBpm><Cadence>89</Cadence><Extensions><ns3:TPX><ns3:Speed>2.5899999141693115</ns3:Speed><ns3:Pace>0.38</ns3:Pace></ns3:TPX></Extensions></Trackpoint><Trackpoint><Time>2025-08-17T21:22:20Z</Time><Position><LatitudeDegrees>-8.04888362</LatitudeDegrees><LongitudeDegrees>-34.95319426</LongitudeDegrees></Position><HeartRateBpm><Value>162</Value></HeartRateBpm><Cadence>89</Cadence><Extensions><ns3:TPX><ns3:Speed>2.5799999237060547</ns3:Speed><ns3:Pace>0.38</ns3:Pace></ns3:TPX></Extensions></Trackpoint><Trackpoint><Time>2025-08-17T21:22:21Z</Time><Position><LatitudeDegrees>-8.04885762</LatitudeDegrees><LongitudeDegrees>-34.95319492</LongitudeDegrees></Position><HeartRateBpm><Value>162</Value></HeartRateBpm><Cadence>89</Cadence><Extensions><ns3:TPX><ns3:Speed>2.5799999237060547</ns3:Speed><ns3:Pace>0.38</ns3:Pace></ns3:TPX></Extensions></Trackpoint><Trackpoint><Time>2025-08-17T21:22:22Z</Time><Position><LatitudeDegrees>-8.04882829</LatitudeDegrees><LongitudeDegrees>-34.95319293</LongitudeDegrees></Position><HeartRateBpm><Value>163</Value></HeartRateBpm><Cadence>89</Cadence><Extensions><ns3:TPX><ns3:Speed>2.5799999237060547</ns3:Speed><ns3:Pace>0.38</ns3:Pace></ns3:TPX></Extensions></Trackpoint><Trackpoint><Time>2025-08-17T21:22:23Z</Time><Position><LatitudeDegrees>-8.04879563</LatitudeDegrees><LongitudeDegrees>-34.95318926</LongitudeDegrees></Position><HeartRateBpm><Value>162</Value></HeartRateBpm><Cadence>89</Cadence><Extensions><ns3:TPX><ns3:Speed>2.569999933242798</ns3:Speed><ns3:Pace>0.38</ns3:Pace></ns3:TPX></Extensions></Trackpoint><Trackpoint><Time>2025-08-17T21:22:24Z</Time><Position><LatitudeDegrees>-8.04876531</LatitudeDegrees><LongitudeDegrees>-34.95318926</LongitudeDegrees></Position><HeartRateBpm><Value>161</Value></HeartRateBpm><Cadence>89</Cadence><Extensions><ns3:TPX><ns3:Speed>2.569999933242798</ns3:Speed><ns3:Pace>0.38</ns3:Pace></ns3:TPX></Extensions></Trackpoint><Trackpoint><Time>2025-08-17T21:22:25Z</Time><Position><LatitudeDegrees>-8.04873598</LatitudeDegrees><LongitudeDegrees>-34.95319093</LongitudeDegrees></Position><HeartRateBpm><Value>160</Value></HeartRateBpm><Cadence>89</Cadence><Extensions><ns3:TPX><ns3:Speed>2.569999933242798</ns3:Speed><ns3:Pace>0.38</ns3:Pace></ns3:TPX></Extensions></Trackpoint><Trackpoint><Time>2025-08-17T21:22:26Z</Time><Position><LatitudeDegrees>-8.04871298</LatitudeDegrees><LongitudeDegrees>-34.95318994</LongitudeDegrees></Position><HeartRateBpm><Value>160</Value></HeartRateBpm><Cadence>89</Cadence><Extensions><ns3:TPX><ns3:Speed>2.569999933242798</ns3:Speed><ns3:Pace>0.38</ns3:Pace></ns3:TPX></Extensions></Trackpoint><Trackpoint><Time>2025-08-17T21:22:27Z</Time><Position><LatitudeDegrees>-8.04869165</LatitudeDegrees><LongitudeDegrees>-34.95318695</LongitudeDegrees></Position><HeartRateBpm><Value>160</Value></HeartRateBpm><Cadence>89</Cadence><Extensions><ns3:TPX><ns3:Speed>2.569999933242798</ns3:Speed><ns3:Pace>0.38</ns3:Pace></ns3:TPX></Extensions></Trackpoint><Trackpoint><Time>2025-08-17T21:22:28Z</Time><Position><LatitudeDegrees>-8.04867133</LatitudeDegrees><LongitudeDegrees>-34.95318228</LongitudeDegrees></Position><HeartRateBpm><Value>159</Value></HeartRateBpm><Cadence>89</Cadence><Extensions><ns3:TPX><ns3:Speed>2.5799999237060547</ns3:Speed><ns3:Pace>0.38</ns3:Pace></ns3:TPX></Extensions></Trackpoint><Trackpoint><Time>2025-08-17T21:22:29Z</Time><Position><LatitudeDegrees>-8.04865067</LatitudeDegrees><LongitudeDegrees>-34.95317596</LongitudeDegrees></Position><HeartRateBpm><Value>160</Value></HeartRateBpm><Cadence>89</Cadence><Extensions><ns3:TPX><ns3:Speed>2.5899999141693115</ns3:Speed><ns3:Pace>0.38</ns3:Pace></ns3:TPX></Extensions></Trackpoint><Trackpoint><Time>2025-08-17T21:22:30Z</Time><Position><LatitudeDegrees>-8.04863001</LatitudeDegrees><LongitudeDegrees>-34.9531673</LongitudeDegrees></Position><HeartRateBpm><Value>160</Value></HeartRateBpm><Cadence>89</Cadence><Extensions><ns3:TPX><ns3:Speed>2.5899999141693115</ns3:Speed><ns3:Pace>0.38</ns3:Pace></ns3:TPX></Extensions></Trackpoint><Trackpoint><Time>2025-08-17T21:22:31Z</Time><Position><LatitudeDegrees>-8.04860835</LatitudeDegrees><LongitudeDegrees>-34.95315497</LongitudeDegrees></Position><HeartRateBpm><Value>160</Value></HeartRateBpm><Cadence>89</Cadence><Extensions><ns3:TPX><ns3:Speed>2.5899999141693115</ns3:Speed><ns3:Pace>0.38</ns3:Pace></ns3:TPX></Extensions></Trackpoint><Trackpoint><Time>2025-08-17T21:22:32Z</Time><Position><LatitudeDegrees>-8.04858602</LatitudeDegrees><LongitudeDegrees>-34.95314163</LongitudeDegrees></Position><HeartRateBpm><Value>160</Value></HeartRateBpm><Cadence>90</Cadence><Extensions><ns3:TPX><ns3:Speed>2.5899999141693115</ns3:Speed><ns3:Pace>0.38</ns3:Pace></ns3:TPX></Extensions></Trackpoint><Trackpoint><Time>2025-08-17T21:22:33Z</Time><Position><LatitudeDegrees>-8.04856403</LatitudeDegrees><LongitudeDegrees>-34.95312764</LongitudeDegrees></Position><HeartRateBpm><Value>160</Value></HeartRateBpm><Cadence>90</Cadence><Extensions><ns3:TPX><ns3:Speed>2.5899999141693115</ns3:Speed><ns3:Pace>0.38</ns3:Pace></ns3:TPX></Extensions></Trackpoint><Trackpoint><Time>2025-08-17T21:22:34Z</Time><Position><LatitudeDegrees>-8.04854336</LatitudeDegrees><LongitudeDegrees>-34.95311131</LongitudeDegrees></Position><HeartRateBpm><Value>160</Value></HeartRateBpm><Cadence>89</Cadence><Extensions><ns3:TPX><ns3:Speed>2.5899999141693115</ns3:Speed><ns3:Pace>0.38</ns3:Pace></ns3:TPX></Extensions></Trackpoint><Trackpoint><Time>2025-08-17T21:22:35Z</Time><Position><LatitudeDegrees>-8.04852137</LatitudeDegrees><LongitudeDegrees>-34.95309398</LongitudeDegrees></Position><HeartRateBpm><Value>160</Value></HeartRateBpm><Cadence>89</Cadence><Extensions><ns3:TPX><ns3:Speed>2.5899999141693115</ns3:Speed><ns3:Pace>0.38</ns3:Pace></ns3:TPX></Extensions></Trackpoint><Trackpoint><Time>2025-08-17T21:22:36Z</Time><Position><LatitudeDegrees>-8.04850071</LatitudeDegrees><LongitudeDegrees>-34.95307599</LongitudeDegrees></Position><HeartRateBpm><Value>160</Value></HeartRateBpm><Cadence>89</Cadence><Extensions><ns3:TPX><ns3:Speed>2.5899999141693115</ns3:Speed><ns3:Pace>0.38</ns3:Pace></ns3:TPX></Extensions></Trackpoint><Trackpoint><Time>2025-08-17T21:22:37Z</Time><Position><LatitudeDegrees>-8.04848106</LatitudeDegrees><LongitudeDegrees>-34.95305699</LongitudeDegrees></Position><HeartRateBpm><Value>159</Value></HeartRateBpm><Cadence>89</Cadence><Extensions><ns3:TPX><ns3:Speed>2.5899999141693115</ns3:Speed><ns3:Pace>0.38</ns3:Pace></ns3:TPX></Extensions></Trackpoint><Trackpoint><Time>2025-08-17T21:22:38Z</Time><Position><LatitudeDegrees>-8.04846139</LatitudeDegrees><LongitudeDegrees>-34.95303633</LongitudeDegrees></Position><HeartRateBpm><Value>158</Value></HeartRateBpm><Cadence>89</Cadence><Extensions><ns3:TPX><ns3:Speed>2.5899999141693115</ns3:Speed><ns3:Pace>0.38</ns3:Pace></ns3:TPX></Extensions></Trackpoint><Trackpoint><Time>2025-08-17T21:22:39Z</Time><Position><LatitudeDegrees>-8.0484444</LatitudeDegrees><LongitudeDegrees>-34.95301301</LongitudeDegrees></Position><HeartRateBpm><Value>158</Value></HeartRateBpm><Cadence>89</Cadence><Extensions><ns3:TPX><ns3:Speed>2.5899999141693115</ns3:Speed><ns3:Pace>0.38</ns3:Pace></ns3:TPX></Extensions></Trackpoint><Trackpoint><Time>2025-08-17T21:22:40Z</Time><Position><LatitudeDegrees>-8.04843073</LatitudeDegrees><LongitudeDegrees>-34.95299002</LongitudeDegrees></Position><HeartRateBpm><Value>157</Value></HeartRateBpm><Cadence>89</Cadence><Extensions><ns3:TPX><ns3:Speed>2.5899999141693115</ns3:Speed><ns3:Pace>0.38</ns3:Pace></ns3:TPX></Extensions></Trackpoint><Trackpoint><Time>2025-08-17T21:22:41Z</Time><Position><LatitudeDegrees>-8.04841941</LatitudeDegrees><LongitudeDegrees>-34.95296635</LongitudeDegrees></Position><HeartRateBpm><Value>157</Value></HeartRateBpm><Cadence>89</Cadence><Extensions><ns3:TPX><ns3:Speed>2.5899999141693115</ns3:Speed><ns3:Pace>0.38</ns3:Pace></ns3:TPX></Extensions></Trackpoint><Trackpoint><Time>2025-08-17T21:22:42Z</Time><Position><LatitudeDegrees>-8.04840975</LatitudeDegrees><LongitudeDegrees>-34.95294336</LongitudeDegrees></Position><HeartRateBpm><Value>154</Value></HeartRateBpm><Cadence>88</Cadence><Extensions><ns3:TPX><ns3:Speed>2.5999999046325684</ns3:Speed><ns3:Pace>0.38</ns3:Pace></ns3:TPX></Extensions></Trackpoint><Trackpoint><Time>2025-08-17T21:22:43Z</Time><Position><LatitudeDegrees>-8.04840242</LatitudeDegrees><LongitudeDegrees>-34.95292037</LongitudeDegrees></Position><HeartRateBpm><Value>154</Value></HeartRateBpm><Cadence>88</Cadence><Extensions><ns3:TPX><ns3:Speed>2.5999999046325684</ns3:Speed><ns3:Pace>0.38</ns3:Pace></ns3:TPX></Extensions></Trackpoint><Trackpoint><Time>2025-08-17T21:22:44Z</Time><Position><LatitudeDegrees>-8.04839775</LatitudeDegrees><LongitudeDegrees>-34.9528997</LongitudeDegrees></Position><HeartRateBpm><Value>153</Value></HeartRateBpm><Cadence>88</Cadence><Extensions><ns3:TPX><ns3:Speed>2.5999999046325684</ns3:Speed><ns3:Pace>0.38</ns3:Pace></ns3:TPX></Extensions></Trackpoint><Trackpoint><Time>2025-08-17T21:22:45Z</Time><Position><LatitudeDegrees>-8.04839276</LatitudeDegrees><LongitudeDegrees>-34.95287905</LongitudeDegrees></Position><HeartRateBpm><Value>153</Value></HeartRateBpm><Cadence>88</Cadence><Extensions><ns3:TPX><ns3:Speed>2.5999999046325684</ns3:Speed><ns3:Pace>0.38</ns3:Pace></ns3:TPX></Extensions></Trackpoint><Trackpoint><Time>2025-08-17T21:22:46Z</Time><Position><LatitudeDegrees>-8.04838677</LatitudeDegrees><LongitudeDegrees>-34.95285438</LongitudeDegrees></Position><HeartRateBpm><Value>153</Value></HeartRateBpm><Cadence>88</Cadence><Extensions><ns3:TPX><ns3:Speed>2.609999895095825</ns3:Speed><ns3:Pace>0.38</ns3:Pace></ns3:TPX></Extensions></Trackpoint><Trackpoint><Time>2025-08-17T21:22:47Z</Time><Position><LatitudeDegrees>-8.04838077</LatitudeDegrees><LongitudeDegrees>-34.95283106</LongitudeDegrees></Position><HeartRateBpm><Value>154</Value></HeartRateBpm><Cadence>89</Cadence><Extensions><ns3:TPX><ns3:Speed>2.609999895095825</ns3:Speed><ns3:Pace>0.38</ns3:Pace></ns3:TPX></Extensions></Trackpoint><Trackpoint><Time>2025-08-17T21:22:48Z</Time><Position><LatitudeDegrees>-8.04837611</LatitudeDegrees><LongitudeDegrees>-34.95280773</LongitudeDegrees></Position><HeartRateBpm><Value>152</Value></HeartRateBpm><Cadence>88</Cadence><Extensions><ns3:TPX><ns3:Speed>2.5999999046325684</ns3:Speed><ns3:Pace>0.38</ns3:Pace></ns3:TPX></Extensions></Trackpoint><Trackpoint><Time>2025-08-17T21:22:49Z</Time><Position><LatitudeDegrees>-8.04837278</LatitudeDegrees><LongitudeDegrees>-34.95278474</LongitudeDegrees></Position><HeartRateBpm><Value>152</Value></HeartRateBpm><Cadence>88</Cadence><Extensions><ns3:TPX><ns3:Speed>2.5999999046325684</ns3:Speed><ns3:Pace>0.38</ns3:Pace></ns3:TPX></Extensions></Trackpoint><Trackpoint><Time>2025-08-17T21:22:50Z</Time><Position><LatitudeDegrees>-8.04837245</LatitudeDegrees><LongitudeDegrees>-34.95276108</LongitudeDegrees></Position><HeartRateBpm><Value>152</Value></HeartRateBpm><Cadence>88</Cadence><Extensions><ns3:TPX><ns3:Speed>2.5999999046325684</ns3:Speed><ns3:Pace>0.38</ns3:Pace></ns3:TPX></Extensions></Trackpoint><Trackpoint><Time>2025-08-17T21:22:51Z</Time><Position><LatitudeDegrees>-8.04837312</LatitudeDegrees><LongitudeDegrees>-34.95273608</LongitudeDegrees></Position><HeartRateBpm><Value>152</Value></HeartRateBpm><Cadence>88</Cadence><Extensions><ns3:TPX><ns3:Speed>2.5999999046325684</ns3:Speed><ns3:Pace>0.38</ns3:Pace></ns3:TPX></Extensions></Trackpoint><Trackpoint><Time>2025-08-17T21:22:52Z</Time><Position><LatitudeDegrees>-8.04837411</LatitudeDegrees><LongitudeDegrees>-34.95270774</LongitudeDegrees></Position><HeartRateBpm><Value>152</Value></HeartRateBpm><Cadence>89</Cadence><Extensions><ns3:TPX><ns3:Speed>2.5899999141693115</ns3:Speed><ns3:Pace>0.38</ns3:Pace></ns3:TPX></Extensions></Trackpoint><Trackpoint><Time>2025-08-17T21:22:53Z</Time><Position><LatitudeDegrees>-8.04837544</LatitudeDegrees><LongitudeDegrees>-34.95267974</LongitudeDegrees></Position><HeartRateBpm><Value>152</Value></HeartRateBpm><Cadence>89</Cadence><Extensions><ns3:TPX><ns3:Speed>2.5899999141693115</ns3:Speed><ns3:Pace>0.38</ns3:Pace></ns3:TPX></Extensions></Trackpoint><Trackpoint><Time>2025-08-17T21:22:54Z</Time><Position><LatitudeDegrees>-8.04837776</LatitudeDegrees><LongitudeDegrees>-34.95265342</LongitudeDegrees></Position><HeartRateBpm><Value>152</Value></HeartRateBpm><Cadence>89</Cadence><Extensions><ns3:TPX><ns3:Speed>2.5899999141693115</ns3:Speed><ns3:Pace>0.38</ns3:Pace></ns3:TPX></Extensions></Trackpoint><Trackpoint><Time>2025-08-17T21:22:55Z</Time><Position><LatitudeDegrees>-8.04838075</LatitudeDegrees><LongitudeDegrees>-34.9526281</LongitudeDegrees></Position><HeartRateBpm><Value>152</Value></HeartRateBpm><Cadence>89</Cadence><Extensions><ns3:TPX><ns3:Speed>2.5899999141693115</ns3:Speed><ns3:Pace>0.38</ns3:Pace></ns3:TPX></Extensions></Trackpoint><Trackpoint><Time>2025-08-17T21:22:56Z</Time><Position><LatitudeDegrees>-8.04838308</LatitudeDegrees><LongitudeDegrees>-34.9526041</LongitudeDegrees></Position><HeartRateBpm><Value>152</Value></HeartRateBpm><Cadence>89</Cadence><Extensions><ns3:TPX><ns3:Speed>2.5899999141693115</ns3:Speed><ns3:Pace>0.38</ns3:Pace></ns3:TPX></Extensions></Trackpoint><Trackpoint><Time>2025-08-17T21:22:57Z</Time><Position><LatitudeDegrees>-8.04838474</LatitudeDegrees><LongitudeDegrees>-34.95258077</LongitudeDegrees></Position><HeartRateBpm><Value>152</Value></HeartRateBpm><Cadence>89</Cadence><Extensions><ns3:TPX><ns3:Speed>2.5899999141693115</ns3:Speed><ns3:Pace>0.38</ns3:Pace></ns3:TPX></Extensions></Trackpoint><Trackpoint><Time>2025-08-17T21:22:58Z</Time><Position><LatitudeDegrees>-8.04838573</LatitudeDegrees><LongitudeDegrees>-34.95255844</LongitudeDegrees></Position><HeartRateBpm><Value>152</Value></HeartRateBpm><Cadence>89</Cadence><Extensions><ns3:TPX><ns3:Speed>2.5899999141693115</ns3:Speed><ns3:Pace>0.38</ns3:Pace></ns3:TPX></Extensions></Trackpoint><Trackpoint><Time>2025-08-17T21:22:59Z</Time><Position><LatitudeDegrees>-8.0483874</LatitudeDegrees><LongitudeDegrees>-34.95253644</LongitudeDegrees></Position><HeartRateBpm><Value>152</Value></HeartRateBpm><Cadence>89</Cadence><Extensions><ns3:TPX><ns3:Speed>2.5899999141693115</ns3:Speed><ns3:Pace>0.38</ns3:Pace></ns3:TPX></Extensions></Trackpoint><Trackpoint><Time>2025-08-17T21:23:00Z</Time><Position><LatitudeDegrees>-8.04838939</LatitudeDegrees><LongitudeDegrees>-34.95251445</LongitudeDegrees></Position><HeartRateBpm><Value>153</Value></HeartRateBpm><Cadence>89</Cadence><Extensions><ns3:TPX><ns3:Speed>2.5899999141693115</ns3:Speed><ns3:Pace>0.38</ns3:Pace></ns3:TPX></Extensions></Trackpoint><Trackpoint><Time>2025-08-17T21:23:01Z</Time><Position><LatitudeDegrees>-8.04839106</LatitudeDegrees><LongitudeDegrees>-34.95249112</LongitudeDegrees></Position><HeartRateBpm><Value>153</Value></HeartRateBpm><Cadence>89</Cadence><Extensions><ns3:TPX><ns3:Speed>2.5799999237060547</ns3:Speed><ns3:Pace>0.38</ns3:Pace></ns3:TPX></Extensions></Trackpoint><Trackpoint><Time>2025-08-17T21:23:02Z</Time><Position><LatitudeDegrees>-8.04839271</LatitudeDegrees><LongitudeDegrees>-34.95246713</LongitudeDegrees></Position><HeartRateBpm><Value>152</Value></HeartRateBpm><Cadence>89</Cadence><Extensions><ns3:TPX><ns3:Speed>2.5799999237060547</ns3:Speed><ns3:Pace>0.38</ns3:Pace></ns3:TPX></Extensions></Trackpoint><Trackpoint><Time>2025-08-17T21:23:03Z</Time><Position><LatitudeDegrees>-8.04839438</LatitudeDegrees><LongitudeDegrees>-34.95244379</LongitudeDegrees></Position><HeartRateBpm><Value>152</Value></HeartRateBpm><Cadence>89</Cadence><Extensions><ns3:TPX><ns3:Speed>2.5799999237060547</ns3:Speed><ns3:Pace>0.38</ns3:Pace></ns3:TPX></Extensions></Trackpoint><Trackpoint><Time>2025-08-17T21:23:04Z</Time><Position><LatitudeDegrees>-8.04839604</LatitudeDegrees><LongitudeDegrees>-34.95242114</LongitudeDegrees></Position><HeartRateBpm><Value>152</Value></HeartRateBpm><Cadence>89</Cadence><Extensions><ns3:TPX><ns3:Speed>2.569999933242798</ns3:Speed><ns3:Pace>0.38</ns3:Pace></ns3:TPX></Extensions></Trackpoint><Trackpoint><Time>2025-08-17T21:23:05Z</Time><Position><LatitudeDegrees>-8.04839669</LatitudeDegrees><LongitudeDegrees>-34.95239781</LongitudeDegrees></Position><HeartRateBpm><Value>152</Value></HeartRateBpm><Cadence>89</Cadence><Extensions><ns3:TPX><ns3:Speed>2.569999933242798</ns3:Speed><ns3:Pace>0.38</ns3:Pace></ns3:TPX></Extensions></Trackpoint><Trackpoint><Time>2025-08-17T21:23:06Z</Time><Position><LatitudeDegrees>-8.04839636</LatitudeDegrees><LongitudeDegrees>-34.95237315</LongitudeDegrees></Position><HeartRateBpm><Value>151</Value></HeartRateBpm><Cadence>89</Cadence><Extensions><ns3:TPX><ns3:Speed>2.569999933242798</ns3:Speed><ns3:Pace>0.39</ns3:Pace></ns3:TPX></Extensions></Trackpoint><Trackpoint><Time>2025-08-17T21:23:07Z</Time><Position><LatitudeDegrees>-8.04839537</LatitudeDegrees><LongitudeDegrees>-34.95234481</LongitudeDegrees></Position><HeartRateBpm><Value>152</Value></HeartRateBpm><Cadence>89</Cadence><Extensions><ns3:TPX><ns3:Speed>2.559999942779541</ns3:Speed><ns3:Pace>0.39</ns3:Pace></ns3:TPX></Extensions></Trackpoint><Trackpoint><Time>2025-08-17T21:23:08Z</Time><Position><LatitudeDegrees>-8.04839438</LatitudeDegrees><LongitudeDegrees>-34.95231681</LongitudeDegrees></Position><HeartRateBpm><Value>151</Value></HeartRateBpm><Cadence>89</Cadence><Extensions><ns3:TPX><ns3:Speed>2.549999952316284</ns3:Speed><ns3:Pace>0.39</ns3:Pace></ns3:TPX></Extensions></Trackpoint><Trackpoint><Time>2025-08-17T21:23:09Z</Time><Position><LatitudeDegrees>-8.04839504</LatitudeDegrees><LongitudeDegrees>-34.95228782</LongitudeDegrees></Position><HeartRateBpm><Value>151</Value></HeartRateBpm><Cadence>89</Cadence><Extensions><ns3:TPX><ns3:Speed>2.549999952316284</ns3:Speed><ns3:Pace>0.39</ns3:Pace></ns3:TPX></Extensions></Trackpoint><Trackpoint><Time>2025-08-17T21:23:10Z</Time><Position><LatitudeDegrees>-8.04839903</LatitudeDegrees><LongitudeDegrees>-34.95223516</LongitudeDegrees></Position><HeartRateBpm><Value>153</Value></HeartRateBpm><Cadence>89</Cadence><Extensions><ns3:TPX><ns3:Speed>2.549999952316284</ns3:Speed><ns3:Pace>0.39</ns3:Pace></ns3:TPX></Extensions></Trackpoint><Trackpoint><Time>2025-08-17T21:23:11Z</Time><Position><LatitudeDegrees>-8.04840369</LatitudeDegrees><LongitudeDegrees>-34.9522115</LongitudeDegrees></Position><HeartRateBpm><Value>153</Value></HeartRateBpm><Cadence>88</Cadence><Extensions><ns3:TPX><ns3:Speed>2.549999952316284</ns3:Speed><ns3:Pace>0.39</ns3:Pace></ns3:TPX></Extensions></Trackpoint><Trackpoint><Time>2025-08-17T21:23:12Z</Time><Position><LatitudeDegrees>-8.04840835</LatitudeDegrees><LongitudeDegrees>-34.95218851</LongitudeDegrees></Position><HeartRateBpm><Value>154</Value></HeartRateBpm><Cadence>88</Cadence><Extensions><ns3:TPX><ns3:Speed>2.559999942779541</ns3:Speed><ns3:Pace>0.39</ns3:Pace></ns3:TPX></Extensions></Trackpoint><Trackpoint><Time>2025-08-17T21:23:13Z</Time><Position><LatitudeDegrees>-8.04841302</LatitudeDegrees><LongitudeDegrees>-34.95216418</LongitudeDegrees></Position><HeartRateBpm><Value>155</Value></HeartRateBpm><Cadence>89</Cadence><Extensions><ns3:TPX><ns3:Speed>2.559999942779541</ns3:Speed><ns3:Pace>0.39</ns3:Pace></ns3:TPX></Extensions></Trackpoint><Trackpoint><Time>2025-08-17T21:23:14Z</Time><Position><LatitudeDegrees>-8.04841801</LatitudeDegrees><LongitudeDegrees>-34.95213984</LongitudeDegrees></Position><HeartRateBpm><Value>155</Value></HeartRateBpm><Cadence>89</Cadence><Extensions><ns3:TPX><ns3:Speed>2.559999942779541</ns3:Speed><ns3:Pace>0.38</ns3:Pace></ns3:TPX></Extensions></Trackpoint><Trackpoint><Time>2025-08-17T21:23:15Z</Time><Position><LatitudeDegrees>-8.04842433</LatitudeDegrees><LongitudeDegrees>-34.95211519</LongitudeDegrees></Position><HeartRateBpm><Value>154</Value></HeartRateBpm><Cadence>89</Cadence><Extensions><ns3:TPX><ns3:Speed>2.569999933242798</ns3:Speed><ns3:Pace>0.39</ns3:Pace></ns3:TPX></Extensions></Trackpoint><Trackpoint><Time>2025-08-17T21:23:16Z</Time><Position><LatitudeDegrees>-8.048432</LatitudeDegrees><LongitudeDegrees>-34.95208885</LongitudeDegrees></Position><HeartRateBpm><Value>154</Value></HeartRateBpm><Cadence>88</Cadence><Extensions><ns3:TPX><ns3:Speed>2.559999942779541</ns3:Speed><ns3:Pace>0.39</ns3:Pace></ns3:TPX></Extensions></Trackpoint><Trackpoint><Time>2025-08-17T21:23:17Z</Time><Position><LatitudeDegrees>-8.048439</LatitudeDegrees><LongitudeDegrees>-34.95206353</LongitudeDegrees></Position><HeartRateBpm><Value>153</Value></HeartRateBpm><Cadence>89</Cadence><Extensions><ns3:TPX><ns3:Speed>2.559999942779541</ns3:Speed><ns3:Pace>0.39</ns3:Pace></ns3:TPX></Extensions></Trackpoint><Trackpoint><Time>2025-08-17T21:23:18Z</Time><Position><LatitudeDegrees>-8.04844499</LatitudeDegrees><LongitudeDegrees>-34.95203853</LongitudeDegrees></Position><HeartRateBpm><Value>154</Value></HeartRateBpm><Cadence>89</Cadence><Extensions><ns3:TPX><ns3:Speed>2.559999942779541</ns3:Speed><ns3:Pace>0.39</ns3:Pace></ns3:TPX></Extensions></Trackpoint><Trackpoint><Time>2025-08-17T21:23:19Z</Time><Position><LatitudeDegrees>-8.04844965</LatitudeDegrees><LongitudeDegrees>-34.95201454</LongitudeDegrees></Position><HeartRateBpm><Value>155</Value></HeartRateBpm><Cadence>89</Cadence><Extensions><ns3:TPX><ns3:Speed>2.549999952316284</ns3:Speed><ns3:Pace>0.39</ns3:Pace></ns3:TPX></Extensions></Trackpoint><Trackpoint><Time>2025-08-17T21:23:20Z</Time><Position><LatitudeDegrees>-8.04845399</LatitudeDegrees><LongitudeDegrees>-34.95199088</LongitudeDegrees></Position><HeartRateBpm><Value>155</Value></HeartRateBpm><Cadence>89</Cadence><Extensions><ns3:TPX><ns3:Speed>2.549999952316284</ns3:Speed><ns3:Pace>0.39</ns3:Pace></ns3:TPX></Extensions></Trackpoint><Trackpoint><Time>2025-08-17T21:23:21Z</Time><Position><LatitudeDegrees>-8.04845765</LatitudeDegrees><LongitudeDegrees>-34.95196888</LongitudeDegrees></Position><HeartRateBpm><Value>155</Value></HeartRateBpm><Cadence>89</Cadence><Extensions><ns3:TPX><ns3:Speed>2.549999952316284</ns3:Speed><ns3:Pace>0.39</ns3:Pace></ns3:TPX></Extensions></Trackpoint><Trackpoint><Time>2025-08-17T21:23:22Z</Time><Position><LatitudeDegrees>-8.04846098</LatitudeDegrees><LongitudeDegrees>-34.95194722</LongitudeDegrees></Position><HeartRateBpm><Value>155</Value></HeartRateBpm><Cadence>89</Cadence><Extensions><ns3:TPX><ns3:Speed>2.549999952316284</ns3:Speed><ns3:Pace>0.39</ns3:Pace></ns3:TPX></Extensions></Trackpoint><Trackpoint><Time>2025-08-17T21:23:23Z</Time><Position><LatitudeDegrees>-8.04846163</LatitudeDegrees><LongitudeDegrees>-34.95192456</LongitudeDegrees></Position><HeartRateBpm><Value>155</Value></HeartRateBpm><Cadence>89</Cadence><Extensions><ns3:TPX><ns3:Speed>2.5399999618530273</ns3:Speed><ns3:Pace>0.39</ns3:Pace></ns3:TPX></Extensions></Trackpoint><Trackpoint><Time>2025-08-17T21:23:24Z</Time><Position><LatitudeDegrees>-8.04846131</LatitudeDegrees><LongitudeDegrees>-34.95190056</LongitudeDegrees></Position><HeartRateBpm><Value>155</Value></HeartRateBpm><Cadence>88</Cadence><Extensions><ns3:TPX><ns3:Speed>2.5299999713897705</ns3:Speed><ns3:Pace>0.39</ns3:Pace></ns3:TPX></Extensions></Trackpoint><Trackpoint><Time>2025-08-17T21:23:25Z</Time><Position><LatitudeDegrees>-8.04846031</LatitudeDegrees><LongitudeDegrees>-34.95187624</LongitudeDegrees></Position><HeartRateBpm><Value>156</Value></HeartRateBpm><Cadence>89</Cadence><Extensions><ns3:TPX><ns3:Speed>2.5299999713897705</ns3:Speed><ns3:Pace>0.39</ns3:Pace></ns3:TPX></Extensions></Trackpoint><Trackpoint><Time>2025-08-17T21:23:26Z</Time><Position><LatitudeDegrees>-8.04845899</LatitudeDegrees><LongitudeDegrees>-34.9518529</LongitudeDegrees></Position><HeartRateBpm><Value>156</Value></HeartRateBpm><Cadence>89</Cadence><Extensions><ns3:TPX><ns3:Speed>2.5299999713897705</ns3:Speed><ns3:Pace>0.39</ns3:Pace></ns3:TPX></Extensions></Trackpoint><Trackpoint><Time>2025-08-17T21:23:27Z</Time><Position><LatitudeDegrees>-8.04845633</LatitudeDegrees><LongitudeDegrees>-34.95183057</LongitudeDegrees></Position><HeartRateBpm><Value>157</Value></HeartRateBpm><Cadence>89</Cadence><Extensions><ns3:TPX><ns3:Speed>2.5299999713897705</ns3:Speed><ns3:Pace>0.39</ns3:Pace></ns3:TPX></Extensions></Trackpoint><Trackpoint><Time>2025-08-17T21:23:28Z</Time><Position><LatitudeDegrees>-8.048454</LatitudeDegrees><LongitudeDegrees>-34.95180891</LongitudeDegrees></Position><HeartRateBpm><Value>157</Value></HeartRateBpm><Cadence>89</Cadence><Extensions><ns3:TPX><ns3:Speed>2.5199999809265137</ns3:Speed><ns3:Pace>0.39</ns3:Pace></ns3:TPX></Extensions></Trackpoint><Trackpoint><Time>2025-08-17T21:23:29Z</Time><Position><LatitudeDegrees>-8.04845101</LatitudeDegrees><LongitudeDegrees>-34.95178791</LongitudeDegrees></Position><HeartRateBpm><Value>157</Value></HeartRateBpm><Cadence>89</Cadence><Extensions><ns3:TPX><ns3:Speed>2.5199999809265137</ns3:Speed><ns3:Pace>0.39</ns3:Pace></ns3:TPX></Extensions></Trackpoint><Trackpoint><Time>2025-08-17T21:23:30Z</Time><Position><LatitudeDegrees>-8.04844768</LatitudeDegrees><LongitudeDegrees>-34.95176626</LongitudeDegrees></Position><HeartRateBpm><Value>156</Value></HeartRateBpm><Cadence>89</Cadence><Extensions><ns3:TPX><ns3:Speed>2.509999990463257</ns3:Speed><ns3:Pace>0.39</ns3:Pace></ns3:TPX></Extensions></Trackpoint><Trackpoint><Time>2025-08-17T21:23:31Z</Time><Position><LatitudeDegrees>-8.04844235</LatitudeDegrees><LongitudeDegrees>-34.95174326</LongitudeDegrees></Position><HeartRateBpm><Value>155</Value></HeartRateBpm><Cadence>89</Cadence><Extensions><ns3:TPX><ns3:Speed>2.509999990463257</ns3:Speed><ns3:Pace>0.39</ns3:Pace></ns3:TPX></Extensions></Trackpoint><Trackpoint><Time>2025-08-17T21:23:32Z</Time><Position><LatitudeDegrees>-8.04843468</LatitudeDegrees><LongitudeDegrees>-34.95171927</LongitudeDegrees></Position><HeartRateBpm><Value>155</Value></HeartRateBpm><Cadence>89</Cadence><Extensions><ns3:TPX><ns3:Speed>2.509999990463257</ns3:Speed><ns3:Pace>0.39</ns3:Pace></ns3:TPX></Extensions></Trackpoint><Trackpoint><Time>2025-08-17T21:23:33Z</Time><Position><LatitudeDegrees>-8.04842802</LatitudeDegrees><LongitudeDegrees>-34.95169527</LongitudeDegrees></Position><HeartRateBpm><Value>154</Value></HeartRateBpm><Cadence>89</Cadence><Extensions><ns3:TPX><ns3:Speed>2.5</ns3:Speed><ns3:Pace>0.39</ns3:Pace></ns3:TPX></Extensions></Trackpoint><Trackpoint><Time>2025-08-17T21:23:34Z</Time><Position><LatitudeDegrees>-8.04842436</LatitudeDegrees><LongitudeDegrees>-34.95167161</LongitudeDegrees></Position><HeartRateBpm><Value>154</Value></HeartRateBpm><Cadence>88</Cadence><Extensions><ns3:TPX><ns3:Speed>2.5</ns3:Speed><ns3:Pace>0.4</ns3:Pace></ns3:TPX></Extensions></Trackpoint><Trackpoint><Time>2025-08-17T21:23:35Z</Time><Position><LatitudeDegrees>-8.0484227</LatitudeDegrees><LongitudeDegrees>-34.95164761</LongitudeDegrees></Position><HeartRateBpm><Value>154</Value></HeartRateBpm><Cadence>88</Cadence><Extensions><ns3:TPX><ns3:Speed>2.5</ns3:Speed><ns3:Pace>0.4</ns3:Pace></ns3:TPX></Extensions></Trackpoint><Trackpoint><Time>2025-08-17T21:23:36Z</Time><Position><LatitudeDegrees>-8.0484227</LatitudeDegrees><LongitudeDegrees>-34.95162462</LongitudeDegrees></Position><HeartRateBpm><Value>155</Value></HeartRateBpm><Cadence>88</Cadence><Extensions><ns3:TPX><ns3:Speed>2.5</ns3:Speed><ns3:Pace>0.4</ns3:Pace></ns3:TPX></Extensions></Trackpoint><Trackpoint><Time>2025-08-17T21:23:37Z</Time><Position><LatitudeDegrees>-8.04842337</LatitudeDegrees><LongitudeDegrees>-34.95160363</LongitudeDegrees></Position><HeartRateBpm><Value>157</Value></HeartRateBpm><Cadence>88</Cadence><Extensions><ns3:TPX><ns3:Speed>2.5</ns3:Speed><ns3:Pace>0.4</ns3:Pace></ns3:TPX></Extensions></Trackpoint><Trackpoint><Time>2025-08-17T21:23:38Z</Time><Position><LatitudeDegrees>-8.04842469</LatitudeDegrees><LongitudeDegrees>-34.95158263</LongitudeDegrees></Position><HeartRateBpm><Value>157</Value></HeartRateBpm><Cadence>88</Cadence><Extensions><ns3:TPX><ns3:Speed>2.5</ns3:Speed><ns3:Pace>0.4</ns3:Pace></ns3:TPX></Extensions></Trackpoint><Trackpoint><Time>2025-08-17T21:23:39Z</Time><Position><LatitudeDegrees>-8.04842568</LatitudeDegrees><LongitudeDegrees>-34.95156131</LongitudeDegrees></Position><HeartRateBpm><Value>158</Value></HeartRateBpm><Cadence>88</Cadence><Extensions><ns3:TPX><ns3:Speed>2.490000009536743</ns3:Speed><ns3:Pace>0.4</ns3:Pace></ns3:TPX></Extensions></Trackpoint><Trackpoint><Time>2025-08-17T21:23:40Z</Time><Position><LatitudeDegrees>-8.04842801</LatitudeDegrees><LongitudeDegrees>-34.95154031</LongitudeDegrees></Position><HeartRateBpm><Value>158</Value></HeartRateBpm><Cadence>88</Cadence><Extensions><ns3:TPX><ns3:Speed>2.490000009536743</ns3:Speed><ns3:Pace>0.4</ns3:Pace></ns3:TPX></Extensions></Trackpoint><Trackpoint><Time>2025-08-17T21:23:41Z</Time><Position><LatitudeDegrees>-8.04843334</LatitudeDegrees><LongitudeDegrees>-34.95151865</LongitudeDegrees></Position><HeartRateBpm><Value>159</Value></HeartRateBpm><Cadence>89</Cadence><Extensions><ns3:TPX><ns3:Speed>2.490000009536743</ns3:Speed><ns3:Pace>0.4</ns3:Pace></ns3:TPX></Extensions></Trackpoint><Trackpoint><Time>2025-08-17T21:23:42Z</Time><Position><LatitudeDegrees>-8.04843766</LatitudeDegrees><LongitudeDegrees>-34.95149498</LongitudeDegrees></Position><HeartRateBpm><Value>159</Value></HeartRateBpm><Cadence>89</Cadence><Extensions><ns3:TPX><ns3:Speed>2.4800000190734863</ns3:Speed><ns3:Pace>0.4</ns3:Pace></ns3:TPX></Extensions></Trackpoint><Trackpoint><Time>2025-08-17T21:23:43Z</Time><Position><LatitudeDegrees>-8.04843933</LatitudeDegrees><LongitudeDegrees>-34.95147032</LongitudeDegrees></Position><HeartRateBpm><Value>159</Value></HeartRateBpm><Cadence>89</Cadence><Extensions><ns3:TPX><ns3:Speed>2.4800000190734863</ns3:Speed><ns3:Pace>0.4</ns3:Pace></ns3:TPX></Extensions></Trackpoint><Trackpoint><Time>2025-08-17T21:23:44Z</Time><Position><LatitudeDegrees>-8.04843999</LatitudeDegrees><LongitudeDegrees>-34.95144466</LongitudeDegrees></Position><HeartRateBpm><Value>159</Value></HeartRateBpm><Cadence>89</Cadence><Extensions><ns3:TPX><ns3:Speed>2.4800000190734863</ns3:Speed><ns3:Pace>0.4</ns3:Pace></ns3:TPX></Extensions></Trackpoint><Trackpoint><Time>2025-08-17T21:23:45Z</Time><Position><LatitudeDegrees>-8.04844032</LatitudeDegrees><LongitudeDegrees>-34.95141834</LongitudeDegrees></Position><HeartRateBpm><Value>158</Value></HeartRateBpm><Cadence>89</Cadence><Extensions><ns3:TPX><ns3:Speed>2.4700000286102295</ns3:Speed><ns3:Pace>0.4</ns3:Pace></ns3:TPX></Extensions></Trackpoint><Trackpoint><Time>2025-08-17T21:23:46Z</Time><Position><LatitudeDegrees>-8.04844164</LatitudeDegrees><LongitudeDegrees>-34.95139367</LongitudeDegrees></Position><HeartRateBpm><Value>158</Value></HeartRateBpm><Cadence>89</Cadence><Extensions><ns3:TPX><ns3:Speed>2.4700000286102295</ns3:Speed><ns3:Pace>0.4</ns3:Pace></ns3:TPX></Extensions></Trackpoint><Trackpoint><Time>2025-08-17T21:23:47Z</Time><Position><LatitudeDegrees>-8.04844197</LatitudeDegrees><LongitudeDegrees>-34.95137101</LongitudeDegrees></Position><HeartRateBpm><Value>158</Value></HeartRateBpm><Cadence>89</Cadence><Extensions><ns3:TPX><ns3:Speed>2.4600000381469727</ns3:Speed><ns3:Pace>0.4</ns3:Pace></ns3:TPX></Extensions></Trackpoint><Trackpoint><Time>2025-08-17T21:23:48Z</Time><Position><LatitudeDegrees>-8.0484423</LatitudeDegrees><LongitudeDegrees>-34.95134901</LongitudeDegrees></Position><HeartRateBpm><Value>158</Value></HeartRateBpm><Cadence>89</Cadence><Extensions><ns3:TPX><ns3:Speed>2.4600000381469727</ns3:Speed><ns3:Pace>0.4</ns3:Pace></ns3:TPX></Extensions></Trackpoint><Trackpoint><Time>2025-08-17T21:23:49Z</Time><Position><LatitudeDegrees>-8.04844362</LatitudeDegrees><LongitudeDegrees>-34.95132636</LongitudeDegrees></Position><HeartRateBpm><Value>158</Value></HeartRateBpm><Cadence>89</Cadence><Extensions><ns3:TPX><ns3:Speed>2.4600000381469727</ns3:Speed><ns3:Pace>0.4</ns3:Pace></ns3:TPX></Extensions></Trackpoint><Trackpoint><Time>2025-08-17T21:23:50Z</Time><Position><LatitudeDegrees>-8.04844329</LatitudeDegrees><LongitudeDegrees>-34.95130402</LongitudeDegrees></Position><HeartRateBpm><Value>158</Value></HeartRateBpm><Cadence>88</Cadence><Extensions><ns3:TPX><ns3:Speed>2.450000047683716</ns3:Speed><ns3:Pace>0.4</ns3:Pace></ns3:TPX></Extensions></Trackpoint><Trackpoint><Time>2025-08-17T21:23:51Z</Time><Position><LatitudeDegrees>-8.04844362</LatitudeDegrees><LongitudeDegrees>-34.95128137</LongitudeDegrees></Position><HeartRateBpm><Value>158</Value></HeartRateBpm><Cadence>88</Cadence><Extensions><ns3:TPX><ns3:Speed>2.450000047683716</ns3:Speed><ns3:Pace>0.4</ns3:Pace></ns3:TPX></Extensions></Trackpoint><Trackpoint><Time>2025-08-17T21:23:52Z</Time><Position><LatitudeDegrees>-8.04844395</LatitudeDegrees><LongitudeDegrees>-34.95125771</LongitudeDegrees></Position><HeartRateBpm><Value>158</Value></HeartRateBpm><Cadence>88</Cadence><Extensions><ns3:TPX><ns3:Speed>2.450000047683716</ns3:Speed><ns3:Pace>0.4</ns3:Pace></ns3:TPX></Extensions></Trackpoint><Trackpoint><Time>2025-08-17T21:23:53Z</Time><Position><LatitudeDegrees>-8.04844296</LatitudeDegrees><LongitudeDegrees>-34.95123505</LongitudeDegrees></Position><HeartRateBpm><Value>158</Value></HeartRateBpm><Cadence>88</Cadence><Extensions><ns3:TPX><ns3:Speed>2.450000047683716</ns3:Speed><ns3:Pace>0.4</ns3:Pace></ns3:TPX></Extensions></Trackpoint><Trackpoint><Time>2025-08-17T21:23:54Z</Time><Position><LatitudeDegrees>-8.04844063</LatitudeDegrees><LongitudeDegrees>-34.95121206</LongitudeDegrees></Position><HeartRateBpm><Value>158</Value></HeartRateBpm><Cadence>88</Cadence><Extensions><ns3:TPX><ns3:Speed>2.450000047683716</ns3:Speed><ns3:Pace>0.4</ns3:Pace></ns3:TPX></Extensions></Trackpoint><Trackpoint><Time>2025-08-17T21:23:55Z</Time><Position><LatitudeDegrees>-8.04843697</LatitudeDegrees><LongitudeDegrees>-34.95118941</LongitudeDegrees></Position><HeartRateBpm><Value>158</Value></HeartRateBpm><Cadence>88</Cadence><Extensions><ns3:TPX><ns3:Speed>2.450000047683716</ns3:Speed><ns3:Pace>0.4</ns3:Pace></ns3:TPX></Extensions></Trackpoint><Trackpoint><Time>2025-08-17T21:23:56Z</Time><Position><LatitudeDegrees>-8.04843198</LatitudeDegrees><LongitudeDegrees>-34.95116707</LongitudeDegrees></Position><HeartRateBpm><Value>158</Value></HeartRateBpm><Cadence>88</Cadence><Extensions><ns3:TPX><ns3:Speed>2.450000047683716</ns3:Speed><ns3:Pace>0.4</ns3:Pace></ns3:TPX></Extensions></Trackpoint><Trackpoint><Time>2025-08-17T21:23:57Z</Time><Position><LatitudeDegrees>-8.04842665</LatitudeDegrees><LongitudeDegrees>-34.95114474</LongitudeDegrees></Position><HeartRateBpm><Value>158</Value></HeartRateBpm><Cadence>89</Cadence><Extensions><ns3:TPX><ns3:Speed>2.440000057220459</ns3:Speed><ns3:Pace>0.4</ns3:Pace></ns3:TPX></Extensions></Trackpoint><Trackpoint><Time>2025-08-17T21:23:58Z</Time><Position><LatitudeDegrees>-8.04842265</LatitudeDegrees><LongitudeDegrees>-34.95112274</LongitudeDegrees></Position><HeartRateBpm><Value>158</Value></HeartRateBpm><Cadence>89</Cadence><Extensions><ns3:TPX><ns3:Speed>2.440000057220459</ns3:Speed><ns3:Pace>0.4</ns3:Pace></ns3:TPX></Extensions></Trackpoint><Trackpoint><Time>2025-08-17T21:23:59Z</Time><Position><LatitudeDegrees>-8.04842065</LatitudeDegrees><LongitudeDegrees>-34.95110275</LongitudeDegrees></Position><HeartRateBpm><Value>157</Value></HeartRateBpm><Cadence>89</Cadence><Extensions><ns3:TPX><ns3:Speed>2.440000057220459</ns3:Speed><ns3:Pace>0.4</ns3:Pace></ns3:TPX></Extensions></Trackpoint><Trackpoint><Time>2025-08-17T21:24:00Z</Time><Position><LatitudeDegrees>-8.04841966</LatitudeDegrees><LongitudeDegrees>-34.95108276</LongitudeDegrees></Position><HeartRateBpm><Value>157</Value></HeartRateBpm><Cadence>89</Cadence><Extensions><ns3:TPX><ns3:Speed>2.440000057220459</ns3:Speed><ns3:Pace>0.4</ns3:Pace></ns3:TPX></Extensions></Trackpoint><Trackpoint><Time>2025-08-17T21:24:01Z</Time><Position><LatitudeDegrees>-8.04842065</LatitudeDegrees><LongitudeDegrees>-34.95106277</LongitudeDegrees></Position><HeartRateBpm><Value>157</Value></HeartRateBpm><Cadence>88</Cadence><Extensions><ns3:TPX><ns3:Speed>2.440000057220459</ns3:Speed><ns3:Pace>0.4</ns3:Pace></ns3:TPX></Extensions></Trackpoint><Trackpoint><Time>2025-08-17T21:24:02Z</Time><Position><LatitudeDegrees>-8.04842231</LatitudeDegrees><LongitudeDegrees>-34.95104144</LongitudeDegrees></Position><HeartRateBpm><Value>157</Value></HeartRateBpm><Cadence>88</Cadence><Extensions><ns3:TPX><ns3:Speed>2.440000057220459</ns3:Speed><ns3:Pace>0.4</ns3:Pace></ns3:TPX></Extensions></Trackpoint><Trackpoint><Time>2025-08-17T21:24:03Z</Time><Position><LatitudeDegrees>-8.04842531</LatitudeDegrees><LongitudeDegrees>-34.95101578</LongitudeDegrees></Position><HeartRateBpm><Value>158</Value></HeartRateBpm><Cadence>88</Cadence><Extensions><ns3:TPX><ns3:Speed>2.440000057220459</ns3:Speed><ns3:Pace>0.4</ns3:Pace></ns3:TPX></Extensions></Trackpoint><Trackpoint><Time>2025-08-17T21:24:04Z</Time><Position><LatitudeDegrees>-8.04842897</LatitudeDegrees><LongitudeDegrees>-34.95098979</LongitudeDegrees></Position><HeartRateBpm><Value>158</Value></HeartRateBpm><Cadence>88</Cadence><Extensions><ns3:TPX><ns3:Speed>2.440000057220459</ns3:Speed><ns3:Pace>0.41</ns3:Pace></ns3:TPX></Extensions></Trackpoint><Trackpoint><Time>2025-08-17T21:24:05Z</Time><Position><LatitudeDegrees>-8.04843329</LatitudeDegrees><LongitudeDegrees>-34.95096579</LongitudeDegrees></Position><HeartRateBpm><Value>158</Value></HeartRateBpm><Cadence>88</Cadence><Extensions><ns3:TPX><ns3:Speed>2.430000066757202</ns3:Speed><ns3:Pace>0.41</ns3:Pace></ns3:TPX></Extensions></Trackpoint><Trackpoint><Time>2025-08-17T21:24:06Z</Time><Position><LatitudeDegrees>-8.04843495</LatitudeDegrees><LongitudeDegrees>-34.95094047</LongitudeDegrees></Position><HeartRateBpm><Value>158</Value></HeartRateBpm><Cadence>88</Cadence><Extensions><ns3:TPX><ns3:Speed>2.430000066757202</ns3:Speed><ns3:Pace>0.41</ns3:Pace></ns3:TPX></Extensions></Trackpoint><Trackpoint><Time>2025-08-17T21:24:07Z</Time><Position><LatitudeDegrees>-8.04843428</LatitudeDegrees><LongitudeDegrees>-34.9509158</LongitudeDegrees></Position><HeartRateBpm><Value>158</Value></HeartRateBpm><Cadence>88</Cadence><Extensions><ns3:TPX><ns3:Speed>2.430000066757202</ns3:Speed><ns3:Pace>0.41</ns3:Pace></ns3:TPX></Extensions></Trackpoint><Trackpoint><Time>2025-08-17T21:24:08Z</Time><Position><LatitudeDegrees>-8.04843362</LatitudeDegrees><LongitudeDegrees>-34.95089248</LongitudeDegrees></Position><HeartRateBpm><Value>158</Value></HeartRateBpm><Cadence>88</Cadence><Extensions><ns3:TPX><ns3:Speed>2.430000066757202</ns3:Speed><ns3:Pace>0.4</ns3:Pace></ns3:TPX></Extensions></Trackpoint><Trackpoint><Time>2025-08-17T21:24:09Z</Time><Position><LatitudeDegrees>-8.04843329</LatitudeDegrees><LongitudeDegrees>-34.95087048</LongitudeDegrees></Position><HeartRateBpm><Value>157</Value></HeartRateBpm><Cadence>88</Cadence><Extensions><ns3:TPX><ns3:Speed>2.440000057220459</ns3:Speed><ns3:Pace>0.4</ns3:Pace></ns3:TPX></Extensions></Trackpoint><Trackpoint><Time>2025-08-17T21:24:10Z</Time><Position><LatitudeDegrees>-8.04843428</LatitudeDegrees><LongitudeDegrees>-34.95084949</LongitudeDegrees></Position><HeartRateBpm><Value>157</Value></HeartRateBpm><Cadence>88</Cadence><Extensions><ns3:TPX><ns3:Speed>2.440000057220459</ns3:Speed><ns3:Pace>0.4</ns3:Pace></ns3:TPX></Extensions></Trackpoint><Trackpoint><Time>2025-08-17T21:24:11Z</Time><Position><LatitudeDegrees>-8.04843495</LatitudeDegrees><LongitudeDegrees>-34.95082882</LongitudeDegrees></Position><HeartRateBpm><Value>157</Value></HeartRateBpm><Cadence>88</Cadence><Extensions><ns3:TPX><ns3:Speed>2.450000047683716</ns3:Speed><ns3:Pace>0.4</ns3:Pace></ns3:TPX></Extensions></Trackpoint><Trackpoint><Time>2025-08-17T21:24:12Z</Time><Position><LatitudeDegrees>-8.04843695</LatitudeDegrees><LongitudeDegrees>-34.95080616</LongitudeDegrees></Position><HeartRateBpm><Value>157</Value></HeartRateBpm><Cadence>88</Cadence><Extensions><ns3:TPX><ns3:Speed>2.450000047683716</ns3:Speed><ns3:Pace>0.4</ns3:Pace></ns3:TPX></Extensions></Trackpoint><Trackpoint><Time>2025-08-17T21:24:13Z</Time><Position><LatitudeDegrees>-8.04844095</LatitudeDegrees><LongitudeDegrees>-34.95078251</LongitudeDegrees></Position><HeartRateBpm><Value>157</Value></HeartRateBpm><Cadence>87</Cadence><Extensions><ns3:TPX><ns3:Speed>2.450000047683716</ns3:Speed><ns3:Pace>0.4</ns3:Pace></ns3:TPX></Extensions></Trackpoint><Trackpoint><Time>2025-08-17T21:24:14Z</Time><Position><LatitudeDegrees>-8.04844594</LatitudeDegrees><LongitudeDegrees>-34.95075985</LongitudeDegrees></Position><HeartRateBpm><Value>157</Value></HeartRateBpm><Cadence>87</Cadence><Extensions><ns3:TPX><ns3:Speed>2.450000047683716</ns3:Speed><ns3:Pace>0.4</ns3:Pace></ns3:TPX></Extensions></Trackpoint><Trackpoint><Time>2025-08-17T21:24:15Z</Time><Position><LatitudeDegrees>-8.04844726</LatitudeDegrees><LongitudeDegrees>-34.95073919</LongitudeDegrees></Position><HeartRateBpm><Value>157</Value></HeartRateBpm><Cadence>87</Cadence><Extensions><ns3:TPX><ns3:Speed>2.450000047683716</ns3:Speed><ns3:Pace>0.4</ns3:Pace></ns3:TPX></Extensions></Trackpoint><Trackpoint><Time>2025-08-17T21:24:16Z</Time><Position><LatitudeDegrees>-8.04844393</LatitudeDegrees><LongitudeDegrees>-34.95072253</LongitudeDegrees></Position><HeartRateBpm><Value>157</Value></HeartRateBpm><Cadence>87</Cadence><Extensions><ns3:TPX><ns3:Speed>2.450000047683716</ns3:Speed><ns3:Pace>0.4</ns3:Pace></ns3:TPX></Extensions></Trackpoint><Trackpoint><Time>2025-08-17T21:24:17Z</Time><Position><LatitudeDegrees>-8.04843693</LatitudeDegrees><LongitudeDegrees>-34.95071119</LongitudeDegrees></Position><HeartRateBpm><Value>158</Value></HeartRateBpm><Cadence>88</Cadence><Extensions><ns3:TPX><ns3:Speed>2.440000057220459</ns3:Speed><ns3:Pace>0.4</ns3:Pace></ns3:TPX></Extensions></Trackpoint><Trackpoint><Time>2025-08-17T21:24:18Z</Time><Position><LatitudeDegrees>-8.04842759</LatitudeDegrees><LongitudeDegrees>-34.95070554</LongitudeDegrees></Position><HeartRateBpm><Value>158</Value></HeartRateBpm><Cadence>88</Cadence><Extensions><ns3:TPX><ns3:Speed>2.440000057220459</ns3:Speed><ns3:Pace>0.41</ns3:Pace></ns3:TPX></Extensions></Trackpoint><Trackpoint><Time>2025-08-17T21:24:19Z</Time><Position><LatitudeDegrees>-8.04841593</LatitudeDegrees><LongitudeDegrees>-34.95070521</LongitudeDegrees></Position><HeartRateBpm><Value>158</Value></HeartRateBpm><Cadence>88</Cadence><Extensions><ns3:TPX><ns3:Speed>2.430000066757202</ns3:Speed><ns3:Pace>0.41</ns3:Pace></ns3:TPX></Extensions></Trackpoint><Trackpoint><Time>2025-08-17T21:24:20Z</Time><Position><LatitudeDegrees>-8.04840294</LatitudeDegrees><LongitudeDegrees>-34.95070687</LongitudeDegrees></Position><HeartRateBpm><Value>158</Value></HeartRateBpm><Cadence>88</Cadence><Extensions><ns3:TPX><ns3:Speed>2.430000066757202</ns3:Speed><ns3:Pace>0.41</ns3:Pace></ns3:TPX></Extensions></Trackpoint><Trackpoint><Time>2025-08-17T21:24:21Z</Time><Position><LatitudeDegrees>-8.04838827</LatitudeDegrees><LongitudeDegrees>-34.95070954</LongitudeDegrees></Position><HeartRateBpm><Value>158</Value></HeartRateBpm><Cadence>88</Cadence><Extensions><ns3:TPX><ns3:Speed>2.430000066757202</ns3:Speed><ns3:Pace>0.41</ns3:Pace></ns3:TPX></Extensions></Trackpoint><Trackpoint><Time>2025-08-17T21:24:22Z</Time><Position><LatitudeDegrees>-8.04837261</LatitudeDegrees><LongitudeDegrees>-34.9507112</LongitudeDegrees></Position><HeartRateBpm><Value>157</Value></HeartRateBpm><Cadence>88</Cadence><Extensions><ns3:TPX><ns3:Speed>2.4200000762939453</ns3:Speed><ns3:Pace>0.41</ns3:Pace></ns3:TPX></Extensions></Trackpoint><Trackpoint><Time>2025-08-17T21:24:23Z</Time><Position><LatitudeDegrees>-8.04835728</LatitudeDegrees><LongitudeDegrees>-34.95071319</LongitudeDegrees></Position><HeartRateBpm><Value>156</Value></HeartRateBpm><Cadence>88</Cadence><Extensions><ns3:TPX><ns3:Speed>2.4000000953674316</ns3:Speed><ns3:Pace>0.41</ns3:Pace></ns3:TPX></Extensions></Trackpoint><Trackpoint><Time>2025-08-17T21:24:24Z</Time><Position><LatitudeDegrees>-8.04834229</LatitudeDegrees><LongitudeDegrees>-34.95071419</LongitudeDegrees></Position><HeartRateBpm><Value>156</Value></HeartRateBpm><Cadence>88</Cadence><Extensions><ns3:TPX><ns3:Speed>2.390000104904175</ns3:Speed><ns3:Pace>0.42</ns3:Pace></ns3:TPX></Extensions></Trackpoint><Trackpoint><Time>2025-08-17T21:24:25Z</Time><Position><LatitudeDegrees>-8.04832596</LatitudeDegrees><LongitudeDegrees>-34.95071452</LongitudeDegrees></Position><HeartRateBpm><Value>156</Value></HeartRateBpm><Cadence>88</Cadence><Extensions><ns3:TPX><ns3:Speed>2.380000114440918</ns3:Speed><ns3:Pace>0.42</ns3:Pace></ns3:TPX></Extensions></Trackpoint><Trackpoint><Time>2025-08-17T21:24:26Z</Time><Position><LatitudeDegrees>-8.0483093</LatitudeDegrees><LongitudeDegrees>-34.95071517</LongitudeDegrees></Position><HeartRateBpm><Value>157</Value></HeartRateBpm><Cadence>88</Cadence><Extensions><ns3:TPX><ns3:Speed>2.359999895095825</ns3:Speed><ns3:Pace>0.42</ns3:Pace></ns3:TPX></Extensions></Trackpoint><Trackpoint><Time>2025-08-17T21:24:27Z</Time><Position><LatitudeDegrees>-8.04829297</LatitudeDegrees><LongitudeDegrees>-34.95071684</LongitudeDegrees></Position><HeartRateBpm><Value>157</Value></HeartRateBpm><Cadence>88</Cadence><Extensions><ns3:TPX><ns3:Speed>2.359999895095825</ns3:Speed><ns3:Pace>0.42</ns3:Pace></ns3:TPX></Extensions></Trackpoint><Trackpoint><Time>2025-08-17T21:24:28Z</Time><Position><LatitudeDegrees>-8.04827631</LatitudeDegrees><LongitudeDegrees>-34.9507185</LongitudeDegrees></Position><HeartRateBpm><Value>158</Value></HeartRateBpm><Cadence>88</Cadence><Extensions><ns3:TPX><ns3:Speed>2.3499999046325684</ns3:Speed><ns3:Pace>0.42</ns3:Pace></ns3:TPX></Extensions></Trackpoint><Trackpoint><Time>2025-08-17T21:24:29Z</Time><Position><LatitudeDegrees>-8.04826065</LatitudeDegrees><LongitudeDegrees>-34.95072016</LongitudeDegrees></Position><HeartRateBpm><Value>159</Value></HeartRateBpm><Cadence>88</Cadence><Extensions><ns3:TPX><ns3:Speed>2.3399999141693115</ns3:Speed><ns3:Pace>0.42</ns3:Pace></ns3:TPX></Extensions></Trackpoint><Trackpoint><Time>2025-08-17T21:24:30Z</Time><Position><LatitudeDegrees>-8.04824432</LatitudeDegrees><LongitudeDegrees>-34.95071883</LongitudeDegrees></Position><HeartRateBpm><Value>159</Value></HeartRateBpm><Cadence>88</Cadence><Extensions><ns3:TPX><ns3:Speed>2.3299999237060547</ns3:Speed><ns3:Pace>0.42</ns3:Pace></ns3:TPX></Extensions></Trackpoint><Trackpoint><Time>2025-08-17T21:24:31Z</Time><Position><LatitudeDegrees>-8.04822866</LatitudeDegrees><LongitudeDegrees>-34.95071551</LongitudeDegrees></Position><HeartRateBpm><Value>160</Value></HeartRateBpm><Cadence>88</Cadence><Extensions><ns3:TPX><ns3:Speed>2.3299999237060547</ns3:Speed><ns3:Pace>0.45</ns3:Pace></ns3:TPX></Extensions></Trackpoint><Trackpoint><Time>2025-08-17T21:24:32Z</Time><Position><LatitudeDegrees>-8.04821301</LatitudeDegrees><LongitudeDegrees>-34.95070984</LongitudeDegrees></Position><HeartRateBpm><Value>160</Value></HeartRateBpm><Cadence>88</Cadence><Extensions><ns3:TPX><ns3:Speed>2.190000057220459</ns3:Speed><ns3:Pace>0.45</ns3:Pace></ns3:TPX></Extensions></Trackpoint><Trackpoint><Time>2025-08-17T21:24:33Z</Time><Position><LatitudeDegrees>-8.04819868</LatitudeDegrees><LongitudeDegrees>-34.95070217</LongitudeDegrees></Position><HeartRateBpm><Value>160</Value></HeartRateBpm><Cadence>88</Cadence><Extensions><ns3:TPX><ns3:Speed>2.190000057220459</ns3:Speed><ns3:Pace>0.49</ns3:Pace></ns3:TPX></Extensions></Trackpoint><Trackpoint><Time>2025-08-17T21:24:34Z</Time><Position><LatitudeDegrees>-8.04818535</LatitudeDegrees><LongitudeDegrees>-34.95069318</LongitudeDegrees></Position><HeartRateBpm><Value>160</Value></HeartRateBpm><Cadence>88</Cadence><Extensions><ns3:TPX><ns3:Speed>2.0</ns3:Speed><ns3:Pace>0.53</ns3:Pace></ns3:TPX></Extensions></Trackpoint><Trackpoint><Time>2025-08-17T21:24:35Z</Time><Position><LatitudeDegrees>-8.04817203</LatitudeDegrees><LongitudeDegrees>-34.95068252</LongitudeDegrees></Position><HeartRateBpm><Value>161</Value></HeartRateBpm><Cadence>88</Cadence><Extensions><ns3:TPX><ns3:Speed>1.8700000047683716</ns3:Speed><ns3:Pace>0.55</ns3:Pace></ns3:TPX></Extensions></Trackpoint><Trackpoint><Time>2025-08-17T21:24:36Z</Time><Position><LatitudeDegrees>-8.0481587</LatitudeDegrees><LongitudeDegrees>-34.95067286</LongitudeDegrees></Position><HeartRateBpm><Value>161</Value></HeartRateBpm><Cadence>88</Cadence><Extensions><ns3:TPX><ns3:Speed>1.7999999523162842</ns3:Speed><ns3:Pace>0.56</ns3:Pace></ns3:TPX></Extensions></Trackpoint><Trackpoint><Time>2025-08-17T21:24:37Z</Time><Position><LatitudeDegrees>-8.04814637</LatitudeDegrees><LongitudeDegrees>-34.95066587</LongitudeDegrees></Position><HeartRateBpm><Value>161</Value></HeartRateBpm><Cadence>88</Cadence><Extensions><ns3:TPX><ns3:Speed>1.7699999809265137</ns3:Speed><ns3:Pace>0.57</ns3:Pace></ns3:TPX></Extensions></Trackpoint><Trackpoint><Time>2025-08-17T21:24:38Z</Time><Position><LatitudeDegrees>-8.04813271</LatitudeDegrees><LongitudeDegrees>-34.95066087</LongitudeDegrees></Position><HeartRateBpm><Value>161</Value></HeartRateBpm><Cadence>88</Cadence><Extensions><ns3:TPX><ns3:Speed>1.75</ns3:Speed><ns3:Pace>0.57</ns3:Pace></ns3:TPX></Extensions></Trackpoint><Trackpoint><Time>2025-08-17T21:24:39Z</Time><Position><LatitudeDegrees>-8.04811838</LatitudeDegrees><LongitudeDegrees>-34.95065788</LongitudeDegrees></Position><HeartRateBpm><Value>161</Value></HeartRateBpm><Cadence>88</Cadence><Extensions><ns3:TPX><ns3:Speed>1.75</ns3:Speed><ns3:Pace>0.57</ns3:Pace></ns3:TPX></Extensions></Trackpoint><Trackpoint><Time>2025-08-17T21:24:40Z</Time><Position><LatitudeDegrees>-8.04810372</LatitudeDegrees><LongitudeDegrees>-34.95065588</LongitudeDegrees></Position><HeartRateBpm><Value>161</Value></HeartRateBpm><Cadence>88</Cadence><Extensions><ns3:TPX><ns3:Speed>1.7400000095367432</ns3:Speed><ns3:Pace>0.6</ns3:Pace></ns3:TPX></Extensions></Trackpoint><Trackpoint><Time>2025-08-17T21:24:41Z</Time><Position><LatitudeDegrees>-8.04808872</LatitudeDegrees><LongitudeDegrees>-34.95065388</LongitudeDegrees></Position><HeartRateBpm><Value>162</Value></HeartRateBpm><Cadence>88</Cadence><Extensions><ns3:TPX><ns3:Speed>1.659999966621399</ns3:Speed><ns3:Pace>0.62</ns3:Pace></ns3:TPX></Extensions></Trackpoint><Trackpoint><Time>2025-08-17T21:24:42Z</Time><Position><LatitudeDegrees>-8.04807407</LatitudeDegrees><LongitudeDegrees>-34.95065155</LongitudeDegrees></Position><HeartRateBpm><Value>162</Value></HeartRateBpm><Cadence>88</Cadence><Extensions><ns3:TPX><ns3:Speed>1.590000033378601</ns3:Speed><ns3:Pace>0.62</ns3:Pace></ns3:TPX></Extensions></Trackpoint><Trackpoint><Time>2025-08-17T21:24:43Z</Time><Position><LatitudeDegrees>-8.04806073</LatitudeDegrees><LongitudeDegrees>-34.95064989</LongitudeDegrees></Position><HeartRateBpm><Value>162</Value></HeartRateBpm><Cadence>88</Cadence><Extensions><ns3:TPX><ns3:Speed>1.5800000429153442</ns3:Speed><ns3:Pace>0.63</ns3:Pace></ns3:TPX></Extensions></Trackpoint><Trackpoint><Time>2025-08-17T21:24:44Z</Time><Position><LatitudeDegrees>-8.04804841</LatitudeDegrees><LongitudeDegrees>-34.95064889</LongitudeDegrees></Position><HeartRateBpm><Value>162</Value></HeartRateBpm><Cadence>88</Cadence><Extensions><ns3:TPX><ns3:Speed>1.5700000524520874</ns3:Speed><ns3:Pace>0.63</ns3:Pace></ns3:TPX></Extensions></Trackpoint><Trackpoint><Time>2025-08-17T21:24:45Z</Time><Position><LatitudeDegrees>-8.04803608</LatitudeDegrees><LongitudeDegrees>-34.95064823</LongitudeDegrees></Position><HeartRateBpm><Value>162</Value></HeartRateBpm><Cadence>88</Cadence><Extensions><ns3:TPX><ns3:Speed>1.5700000524520874</ns3:Speed><ns3:Pace>0.63</ns3:Pace></ns3:TPX></Extensions></Trackpoint><Trackpoint><Time>2025-08-17T21:24:46Z</Time><Position><LatitudeDegrees>-8.04802375</LatitudeDegrees><LongitudeDegrees>-34.95064758</LongitudeDegrees></Position><HeartRateBpm><Value>162</Value></HeartRateBpm><Cadence>88</Cadence><Extensions><ns3:TPX><ns3:Speed>1.5800000429153442</ns3:Speed><ns3:Pace>0.63</ns3:Pace></ns3:TPX></Extensions></Trackpoint><Trackpoint><Time>2025-08-17T21:24:47Z</Time><Position><LatitudeDegrees>-8.04801075</LatitudeDegrees><LongitudeDegrees>-34.95064725</LongitudeDegrees></Position><HeartRateBpm><Value>162</Value></HeartRateBpm><Cadence>88</Cadence><Extensions><ns3:TPX><ns3:Speed>1.559999942779541</ns3:Speed><ns3:Pace>0.65</ns3:Pace></ns3:TPX></Extensions></Trackpoint><Trackpoint><Time>2025-08-17T21:24:48Z</Time><Position><LatitudeDegrees>-8.0479991</LatitudeDegrees><LongitudeDegrees>-34.95064725</LongitudeDegrees></Position><HeartRateBpm><Value>162</Value></HeartRateBpm><Cadence>88</Cadence><Extensions><ns3:TPX><ns3:Speed>1.5199999809265137</ns3:Speed><ns3:Pace>0.68</ns3:Pace></ns3:TPX></Extensions></Trackpoint><Trackpoint><Time>2025-08-17T21:24:49Z</Time><Position><LatitudeDegrees>-8.04798643</LatitudeDegrees><LongitudeDegrees>-34.95064693</LongitudeDegrees></Position><HeartRateBpm><Value>161</Value></HeartRateBpm><Cadence>88</Cadence><Extensions><ns3:TPX><ns3:Speed>1.4600000381469727</ns3:Speed><ns3:Pace>0.69</ns3:Pace></ns3:TPX></Extensions></Trackpoint><Trackpoint><Time>2025-08-17T21:24:50Z</Time><Position><LatitudeDegrees>-8.04797376</LatitudeDegrees><LongitudeDegrees>-34.95064792</LongitudeDegrees></Position><HeartRateBpm><Value>161</Value></HeartRateBpm><Cadence>88</Cadence><Extensions><ns3:TPX><ns3:Speed>1.4299999475479126</ns3:Speed><ns3:Pace>0.69</ns3:Pace></ns3:TPX></Extensions></Trackpoint><Trackpoint><Time>2025-08-17T21:24:51Z</Time><Position><LatitudeDegrees>-8.04796044</LatitudeDegrees><LongitudeDegrees>-34.95065025</LongitudeDegrees></Position><HeartRateBpm><Value>161</Value></HeartRateBpm><Cadence>88</Cadence><Extensions><ns3:TPX><ns3:Speed>1.4299999475479126</ns3:Speed><ns3:Pace>0.69</ns3:Pace></ns3:TPX></Extensions></Trackpoint><Trackpoint><Time>2025-08-17T21:24:52Z</Time><Position><LatitudeDegrees>-8.04794777</LatitudeDegrees><LongitudeDegrees>-34.95065192</LongitudeDegrees></Position><HeartRateBpm><Value>161</Value></HeartRateBpm><Cadence>88</Cadence><Extensions><ns3:TPX><ns3:Speed>1.4299999475479126</ns3:Speed><ns3:Pace>0.7</ns3:Pace></ns3:TPX></Extensions></Trackpoint><Trackpoint><Time>2025-08-17T21:24:53Z</Time><Position><LatitudeDegrees>-8.04793477</LatitudeDegrees><LongitudeDegrees>-34.95065291</LongitudeDegrees></Position><HeartRateBpm><Value>161</Value></HeartRateBpm><Cadence>63</Cadence><Extensions><ns3:TPX><ns3:Speed>1.4199999570846558</ns3:Speed><ns3:Pace>0.7</ns3:Pace></ns3:TPX></Extensions></Trackpoint><Trackpoint><Time>2025-08-17T21:24:54Z</Time><Position><LatitudeDegrees>-8.04792212</LatitudeDegrees><LongitudeDegrees>-34.95065357</LongitudeDegrees></Position><HeartRateBpm><Value>160</Value></HeartRateBpm><Cadence>63</Cadence><Extensions><ns3:TPX><ns3:Speed>1.4199999570846558</ns3:Speed><ns3:Pace>0.69</ns3:Pace></ns3:TPX></Extensions></Trackpoint><Trackpoint><Time>2025-08-17T21:24:55Z</Time><Position><LatitudeDegrees>-8.04791046</LatitudeDegrees><LongitudeDegrees>-34.95065523</LongitudeDegrees></Position><HeartRateBpm><Value>160</Value></HeartRateBpm><Cadence>63</Cadence><Extensions><ns3:TPX><ns3:Speed>1.4299999475479126</ns3:Speed><ns3:Pace>0.7</ns3:Pace></ns3:TPX></Extensions></Trackpoint><Trackpoint><Time>2025-08-17T21:24:56Z</Time><Position><LatitudeDegrees>-8.04789913</LatitudeDegrees><LongitudeDegrees>-34.95065722</LongitudeDegrees></Position><HeartRateBpm><Value>160</Value></HeartRateBpm><Cadence>63</Cadence><Extensions><ns3:TPX><ns3:Speed>1.4199999570846558</ns3:Speed><ns3:Pace>0.7</ns3:Pace></ns3:TPX></Extensions></Trackpoint><Trackpoint><Time>2025-08-17T21:24:57Z</Time><Position><LatitudeDegrees>-8.0478868</LatitudeDegrees><LongitudeDegrees>-34.95065989</LongitudeDegrees></Position><HeartRateBpm><Value>160</Value></HeartRateBpm><Cadence>63</Cadence><Extensions><ns3:TPX><ns3:Speed>1.4199999570846558</ns3:Speed><ns3:Pace>0.7</ns3:Pace></ns3:TPX></Extensions></Trackpoint><Trackpoint><Time>2025-08-17T21:24:58Z</Time><Position><LatitudeDegrees>-8.04787514</LatitudeDegrees><LongitudeDegrees>-34.95066322</LongitudeDegrees></Position><HeartRateBpm><Value>160</Value></HeartRateBpm><Cadence>63</Cadence><Extensions><ns3:TPX><ns3:Speed>1.409999966621399</ns3:Speed><ns3:Pace>0.71</ns3:Pace></ns3:TPX></Extensions></Trackpoint><Trackpoint><Time>2025-08-17T21:24:59Z</Time><Position><LatitudeDegrees>-8.04786348</LatitudeDegrees><LongitudeDegrees>-34.95066589</LongitudeDegrees></Position><HeartRateBpm><Value>160</Value></HeartRateBpm><Cadence>63</Cadence><Extensions><ns3:TPX><ns3:Speed>1.3899999856948853</ns3:Speed><ns3:Pace>0.73</ns3:Pace></ns3:TPX></Extensions></Trackpoint><Trackpoint><Time>2025-08-17T21:25:00Z</Time><Position><LatitudeDegrees>-8.04785115</LatitudeDegrees><LongitudeDegrees>-34.95066855</LongitudeDegrees></Position><HeartRateBpm><Value>161</Value></HeartRateBpm><Cadence>63</Cadence><Extensions><ns3:TPX><ns3:Speed>1.3600000143051147</ns3:Speed><ns3:Pace>0.73</ns3:Pace></ns3:TPX></Extensions></Trackpoint><Trackpoint><Time>2025-08-17T21:25:01Z</Time><Position><LatitudeDegrees>-8.04783882</LatitudeDegrees><LongitudeDegrees>-34.95066988</LongitudeDegrees></Position><HeartRateBpm><Value>161</Value></HeartRateBpm><Cadence>63</Cadence><Extensions><ns3:TPX><ns3:Speed>1.3600000143051147</ns3:Speed><ns3:Pace>0.73</ns3:Pace></ns3:TPX></Extensions></Trackpoint><Trackpoint><Time>2025-08-17T21:25:02Z</Time><Position><LatitudeDegrees>-8.0478255</LatitudeDegrees><LongitudeDegrees>-34.9506712</LongitudeDegrees></Position><HeartRateBpm><Value>162</Value></HeartRateBpm><Cadence>61</Cadence><Extensions><ns3:TPX><ns3:Speed>1.3600000143051147</ns3:Speed><ns3:Pace>0.73</ns3:Pace></ns3:TPX></Extensions></Trackpoint><Trackpoint><Time>2025-08-17T21:25:03Z</Time><Position><LatitudeDegrees>-8.04781083</LatitudeDegrees><LongitudeDegrees>-34.95067254</LongitudeDegrees></Position><HeartRateBpm><Value>163</Value></HeartRateBpm><Cadence>61</Cadence><Extensions><ns3:TPX><ns3:Speed>1.350000023841858</ns3:Speed><ns3:Pace>0.73</ns3:Pace></ns3:TPX></Extensions></Trackpoint><Trackpoint><Time>2025-08-17T21:25:04Z</Time><Position><LatitudeDegrees>-8.04779784</LatitudeDegrees><LongitudeDegrees>-34.95067386</LongitudeDegrees></Position><HeartRateBpm><Value>163</Value></HeartRateBpm><Cadence>61</Cadence><Extensions><ns3:TPX><ns3:Speed>1.350000023841858</ns3:Speed><ns3:Pace>0.73</ns3:Pace></ns3:TPX></Extensions></Trackpoint><Trackpoint><Time>2025-08-17T21:25:05Z</Time><Position><LatitudeDegrees>-8.04778551</LatitudeDegrees><LongitudeDegrees>-34.95067486</LongitudeDegrees></Position><HeartRateBpm><Value>163</Value></HeartRateBpm><Cadence>61</Cadence><Extensions><ns3:TPX><ns3:Speed>1.3600000143051147</ns3:Speed><ns3:Pace>0.72</ns3:Pace></ns3:TPX></Extensions></Trackpoint><Trackpoint><Time>2025-08-17T21:25:06Z</Time><Position><LatitudeDegrees>-8.04777318</LatitudeDegrees><LongitudeDegrees>-34.95067552</LongitudeDegrees></Position><HeartRateBpm><Value>163</Value></HeartRateBpm><Cadence>61</Cadence><Extensions><ns3:TPX><ns3:Speed>1.3700000047683716</ns3:Speed><ns3:Pace>0.72</ns3:Pace></ns3:TPX></Extensions></Trackpoint><Trackpoint><Time>2025-08-17T21:25:07Z</Time><Position><LatitudeDegrees>-8.04776119</LatitudeDegrees><LongitudeDegrees>-34.95067584</LongitudeDegrees></Position><HeartRateBpm><Value>163</Value></HeartRateBpm><Cadence>62</Cadence><Extensions><ns3:TPX><ns3:Speed>1.3700000047683716</ns3:Speed><ns3:Pace>0.72</ns3:Pace></ns3:TPX></Extensions></Trackpoint><Trackpoint><Time>2025-08-17T21:25:08Z</Time><Position><LatitudeDegrees>-8.04774985</LatitudeDegrees><LongitudeDegrees>-34.95067552</LongitudeDegrees></Position><HeartRateBpm><Value>163</Value></HeartRateBpm><Cadence>62</Cadence><Extensions><ns3:TPX><ns3:Speed>1.3700000047683716</ns3:Speed><ns3:Pace>0.72</ns3:Pace></ns3:TPX></Extensions></Trackpoint><Trackpoint><Time>2025-08-17T21:25:09Z</Time><Position><LatitudeDegrees>-8.0477382</LatitudeDegrees><LongitudeDegrees>-34.95067552</LongitudeDegrees></Position><HeartRateBpm><Value>163</Value></HeartRateBpm><Cadence>61</Cadence><Extensions><ns3:TPX><ns3:Speed>1.3700000047683716</ns3:Speed><ns3:Pace>0.72</ns3:Pace></ns3:TPX></Extensions></Trackpoint><Trackpoint><Time>2025-08-17T21:25:10Z</Time><Position><LatitudeDegrees>-8.04772653</LatitudeDegrees><LongitudeDegrees>-34.95067584</LongitudeDegrees></Position><HeartRateBpm><Value>163</Value></HeartRateBpm><Cadence>61</Cadence><Extensions><ns3:TPX><ns3:Speed>1.3700000047683716</ns3:Speed><ns3:Pace>0.72</ns3:Pace></ns3:TPX></Extensions></Trackpoint><Trackpoint><Time>2025-08-17T21:25:11Z</Time><Position><LatitudeDegrees>-8.04771521</LatitudeDegrees><LongitudeDegrees>-34.95067717</LongitudeDegrees></Position><HeartRateBpm><Value>163</Value></HeartRateBpm><Cadence>62</Cadence><Extensions><ns3:TPX><ns3:Speed>1.3700000047683716</ns3:Speed><ns3:Pace>0.72</ns3:Pace></ns3:TPX></Extensions></Trackpoint><Trackpoint><Time>2025-08-17T21:25:12Z</Time><Position><LatitudeDegrees>-8.04770354</LatitudeDegrees><LongitudeDegrees>-34.95067816</LongitudeDegrees></Position><HeartRateBpm><Value>163</Value></HeartRateBpm><Cadence>61</Cadence><Extensions><ns3:TPX><ns3:Speed>1.3700000047683716</ns3:Speed><ns3:Pace>0.72</ns3:Pace></ns3:TPX></Extensions></Trackpoint><Trackpoint><Time>2025-08-17T21:25:13Z</Time><Position><LatitudeDegrees>-8.04769188</LatitudeDegrees><LongitudeDegrees>-34.95067816</LongitudeDegrees></Position><HeartRateBpm><Value>164</Value></HeartRateBpm><Cadence>60</Cadence><Extensions><ns3:TPX><ns3:Speed>1.3700000047683716</ns3:Speed><ns3:Pace>0.72</ns3:Pace></ns3:TPX></Extensions></Trackpoint><Trackpoint><Time>2025-08-17T21:25:14Z</Time><Position><LatitudeDegrees>-8.04768123</LatitudeDegrees><LongitudeDegrees>-34.9506765</LongitudeDegrees></Position><HeartRateBpm><Value>164</Value></HeartRateBpm><Cadence>60</Cadence><Extensions><ns3:TPX><ns3:Speed>1.3700000047683716</ns3:Speed><ns3:Pace>0.73</ns3:Pace></ns3:TPX></Extensions></Trackpoint><Trackpoint><Time>2025-08-17T21:25:15Z</Time><Position><LatitudeDegrees>-8.04767057</LatitudeDegrees><LongitudeDegrees>-34.95067484</LongitudeDegrees></Position><HeartRateBpm><Value>164</Value></HeartRateBpm><Cadence>62</Cadence><Extensions><ns3:TPX><ns3:Speed>1.3600000143051147</ns3:Speed><ns3:Pace>0.73</ns3:Pace></ns3:TPX></Extensions></Trackpoint><Trackpoint><Time>2025-08-17T21:25:16Z</Time><Position><LatitudeDegrees>-8.04765924</LatitudeDegrees><LongitudeDegrees>-34.95067351</LongitudeDegrees></Position><HeartRateBpm><Value>164</Value></HeartRateBpm><Cadence>62</Cadence><Extensions><ns3:TPX><ns3:Speed>1.3600000143051147</ns3:Speed><ns3:Pace>0.73</ns3:Pace></ns3:TPX></Extensions></Trackpoint><Trackpoint><Time>2025-08-17T21:25:17Z</Time><Position><LatitudeDegrees>-8.04764891</LatitudeDegrees><LongitudeDegrees>-34.95067218</LongitudeDegrees></Position><HeartRateBpm><Value>164</Value></HeartRateBpm><Cadence>62</Cadence><Extensions><ns3:TPX><ns3:Speed>1.3600000143051147</ns3:Speed><ns3:Pace>0.73</ns3:Pace></ns3:TPX></Extensions></Trackpoint><Trackpoint><Time>2025-08-17T21:25:18Z</Time><Position><LatitudeDegrees>-8.04763825</LatitudeDegrees><LongitudeDegrees>-34.95067085</LongitudeDegrees></Position><HeartRateBpm><Value>160</Value></HeartRateBpm><Cadence>61</Cadence><Extensions><ns3:TPX><ns3:Speed>1.3600000143051147</ns3:Speed><ns3:Pace>0.73</ns3:Pace></ns3:TPX></Extensions></Trackpoint><Trackpoint><Time>2025-08-17T21:25:19Z</Time><Position><LatitudeDegrees>-8.04762726</LatitudeDegrees><LongitudeDegrees>-34.95066953</LongitudeDegrees></Position><HeartRateBpm><Value>159</Value></HeartRateBpm><Cadence>61</Cadence><Extensions><ns3:TPX><ns3:Speed>1.350000023841858</ns3:Speed><ns3:Pace>0.74</ns3:Pace></ns3:TPX></Extensions></Trackpoint><Trackpoint><Time>2025-08-17T21:25:20Z</Time><Position><LatitudeDegrees>-8.04761559</LatitudeDegrees><LongitudeDegrees>-34.95066654</LongitudeDegrees></Position><HeartRateBpm><Value>159</Value></HeartRateBpm><Cadence>61</Cadence><Extensions><ns3:TPX><ns3:Speed>1.340000033378601</ns3:Speed><ns3:Pace>0.74</ns3:Pace></ns3:TPX></Extensions></Trackpoint><Trackpoint><Time>2025-08-17T21:25:21Z</Time><Position><LatitudeDegrees>-8.04760427</LatitudeDegrees><LongitudeDegrees>-34.9506622</LongitudeDegrees></Position><HeartRateBpm><Value>159</Value></HeartRateBpm><Cadence>61</Cadence><Extensions><ns3:TPX><ns3:Speed>1.340000033378601</ns3:Speed><ns3:Pace>0.74</ns3:Pace></ns3:TPX></Extensions></Trackpoint><Trackpoint><Time>2025-08-17T21:25:22Z</Time><Position><LatitudeDegrees>-8.04759361</LatitudeDegrees><LongitudeDegrees>-34.95065888</LongitudeDegrees></Position><HeartRateBpm><Value>159</Value></HeartRateBpm><Cadence>61</Cadence><Extensions><ns3:TPX><ns3:Speed>1.340000033378601</ns3:Speed><ns3:Pace>0.74</ns3:Pace></ns3:TPX></Extensions></Trackpoint><Trackpoint><Time>2025-08-17T21:25:23Z</Time><Position><LatitudeDegrees>-8.04758261</LatitudeDegrees><LongitudeDegrees>-34.95065655</LongitudeDegrees></Position><HeartRateBpm><Value>159</Value></HeartRateBpm><Cadence>61</Cadence><Extensions><ns3:TPX><ns3:Speed>1.340000033378601</ns3:Speed><ns3:Pace>0.74</ns3:Pace></ns3:TPX></Extensions></Trackpoint><Trackpoint><Time>2025-08-17T21:25:24Z</Time><Position><LatitudeDegrees>-8.04757129</LatitudeDegrees><LongitudeDegrees>-34.95065556</LongitudeDegrees></Position><HeartRateBpm><Value>159</Value></HeartRateBpm><Cadence>61</Cadence><Extensions><ns3:TPX><ns3:Speed>1.3300000429153442</ns3:Speed><ns3:Pace>0.75</ns3:Pace></ns3:TPX></Extensions></Trackpoint><Trackpoint><Time>2025-08-17T21:25:25Z</Time><Position><LatitudeDegrees>-8.0475603</LatitudeDegrees><LongitudeDegrees>-34.95065422</LongitudeDegrees></Position><HeartRateBpm><Value>157</Value></HeartRateBpm><Cadence>61</Cadence><Extensions><ns3:TPX><ns3:Speed>1.3200000524520874</ns3:Speed><ns3:Pace>0.75</ns3:Pace></ns3:TPX></Extensions></Trackpoint><Trackpoint><Time>2025-08-17T21:25:26Z</Time><Position><LatitudeDegrees>-8.04754996</LatitudeDegrees><LongitudeDegrees>-34.95065223</LongitudeDegrees></Position><HeartRateBpm><Value>156</Value></HeartRateBpm><Cadence>61</Cadence><Extensions><ns3:TPX><ns3:Speed>1.3200000524520874</ns3:Speed><ns3:Pace>0.75</ns3:Pace></ns3:TPX></Extensions></Trackpoint><Trackpoint><Time>2025-08-17T21:25:27Z</Time><Position><LatitudeDegrees>-8.0475383</LatitudeDegrees><LongitudeDegrees>-34.9506499</LongitudeDegrees></Position><HeartRateBpm><Value>156</Value></HeartRateBpm><Cadence>28</Cadence><Extensions><ns3:TPX><ns3:Speed>1.309999942779541</ns3:Speed><ns3:Pace>0.75</ns3:Pace></ns3:TPX></Extensions></Trackpoint><Trackpoint><Time>2025-08-17T21:25:28Z</Time><Position><LatitudeDegrees>-8.04752731</LatitudeDegrees><LongitudeDegrees>-34.9506479</LongitudeDegrees></Position><HeartRateBpm><Value>156</Value></HeartRateBpm><Cadence>28</Cadence><Extensions><ns3:TPX><ns3:Speed>1.309999942779541</ns3:Speed><ns3:Pace>0.76</ns3:Pace></ns3:TPX></Extensions></Trackpoint><Trackpoint><Time>2025-08-17T21:25:29Z</Time><Position><LatitudeDegrees>-8.04751497</LatitudeDegrees><LongitudeDegrees>-34.95064424</LongitudeDegrees></Position><HeartRateBpm><Value>156</Value></HeartRateBpm><Cadence>28</Cadence><Extensions><ns3:TPX><ns3:Speed>1.309999942779541</ns3:Speed><ns3:Pace>0.76</ns3:Pace></ns3:TPX></Extensions></Trackpoint><Trackpoint><Time>2025-08-17T21:25:30Z</Time><Position><LatitudeDegrees>-8.04750198</LatitudeDegrees><LongitudeDegrees>-34.95063958</LongitudeDegrees></Position><HeartRateBpm><Value>156</Value></HeartRateBpm><Cadence>28</Cadence><Extensions><ns3:TPX><ns3:Speed>1.309999942779541</ns3:Speed><ns3:Pace>0.76</ns3:Pace></ns3:TPX></Extensions></Trackpoint><Trackpoint><Time>2025-08-17T21:25:31Z</Time><Position><LatitudeDegrees>-8.04748933</LatitudeDegrees><LongitudeDegrees>-34.95063492</LongitudeDegrees></Position><HeartRateBpm><Value>155</Value></HeartRateBpm><Cadence>28</Cadence><Extensions><ns3:TPX><ns3:Speed>1.2999999523162842</ns3:Speed><ns3:Pace>0.76</ns3:Pace></ns3:TPX></Extensions></Trackpoint><Trackpoint><Time>2025-08-17T21:25:32Z</Time><Position><LatitudeDegrees>-8.04747566</LatitudeDegrees><LongitudeDegrees>-34.95062959</LongitudeDegrees></Position><HeartRateBpm><Value>154</Value></HeartRateBpm><Cadence>28</Cadence><Extensions><ns3:TPX><ns3:Speed>1.2999999523162842</ns3:Speed><ns3:Pace>0.76</ns3:Pace></ns3:TPX></Extensions></Trackpoint><Trackpoint><Time>2025-08-17T21:25:33Z</Time><Position><LatitudeDegrees>-8.04746234</LatitudeDegrees><LongitudeDegrees>-34.95062459</LongitudeDegrees></Position><HeartRateBpm><Value>152</Value></HeartRateBpm><Cadence>28</Cadence><Extensions><ns3:TPX><ns3:Speed>1.2999999523162842</ns3:Speed><ns3:Pace>0.76</ns3:Pace></ns3:TPX></Extensions></Trackpoint><Trackpoint><Time>2025-08-17T21:25:34Z</Time><Position><LatitudeDegrees>-8.04744935</LatitudeDegrees><LongitudeDegrees>-34.95062059</LongitudeDegrees></Position><HeartRateBpm><Value>152</Value></HeartRateBpm><Cadence>28</Cadence><Extensions><ns3:TPX><ns3:Speed>1.2999999523162842</ns3:Speed><ns3:Pace>0.75</ns3:Pace></ns3:TPX></Extensions></Trackpoint><Trackpoint><Time>2025-08-17T21:25:35Z</Time><Position><LatitudeDegrees>-8.04743601</LatitudeDegrees><LongitudeDegrees>-34.9506176</LongitudeDegrees></Position><HeartRateBpm><Value>151</Value></HeartRateBpm><Cadence>28</Cadence><Extensions><ns3:TPX><ns3:Speed>1.3200000524520874</ns3:Speed><ns3:Pace>0.72</ns3:Pace></ns3:TPX></Extensions></Trackpoint><Trackpoint><Time>2025-08-17T21:25:36Z</Time><Position><LatitudeDegrees>-8.04742136</LatitudeDegrees><LongitudeDegrees>-34.95061561</LongitudeDegrees></Position><HeartRateBpm><Value>151</Value></HeartRateBpm><Cadence>28</Cadence><Extensions><ns3:TPX><ns3:Speed>1.3700000047683716</ns3:Speed><ns3:Pace>0.71</ns3:Pace></ns3:TPX></Extensions></Trackpoint><Trackpoint><Time>2025-08-17T21:25:37Z</Time><Position><LatitudeDegrees>-8.04740437</LatitudeDegrees><LongitudeDegrees>-34.95061394</LongitudeDegrees></Position><HeartRateBpm><Value>153</Value></HeartRateBpm><Cadence>28</Cadence><Extensions><ns3:TPX><ns3:Speed>1.399999976158142</ns3:Speed><ns3:Pace>0.71</ns3:Pace></ns3:TPX></Extensions></Trackpoint><Trackpoint><Time>2025-08-17T21:25:38Z</Time><Position><LatitudeDegrees>-8.04738337</LatitudeDegrees><LongitudeDegrees>-34.95061328</LongitudeDegrees></Position><HeartRateBpm><Value>154</Value></HeartRateBpm><Cadence>28</Cadence><Extensions><ns3:TPX><ns3:Speed>1.399999976158142</ns3:Speed><ns3:Pace>0.69</ns3:Pace></ns3:TPX></Extensions></Trackpoint><Trackpoint><Time>2025-08-17T21:25:39Z</Time><Position><LatitudeDegrees>-8.0473597</LatitudeDegrees><LongitudeDegrees>-34.95061095</LongitudeDegrees></Position><HeartRateBpm><Value>154</Value></HeartRateBpm><Cadence>28</Cadence><Extensions><ns3:TPX><ns3:Speed>1.4299999475479126</ns3:Speed><ns3:Pace>0.69</ns3:Pace></ns3:TPX></Extensions></Trackpoint><Trackpoint><Time>2025-08-17T21:25:40Z</Time><Position><LatitudeDegrees>-8.04733571</LatitudeDegrees><LongitudeDegrees>-34.95060928</LongitudeDegrees></Position><HeartRateBpm><Value>154</Value></HeartRateBpm><Cadence>28</Cadence><Extensions><ns3:TPX><ns3:Speed>1.4299999475479126</ns3:Speed><ns3:Pace>0.65</ns3:Pace></ns3:TPX></Extensions></Trackpoint><Trackpoint><Time>2025-08-17T21:25:41Z</Time><Position><LatitudeDegrees>-8.04731039</LatitudeDegrees><LongitudeDegrees>-34.95060729</LongitudeDegrees></Position><HeartRateBpm><Value>154</Value></HeartRateBpm><Cadence>28</Cadence><Extensions><ns3:TPX><ns3:Speed>1.5299999713897705</ns3:Speed><ns3:Pace>0.55</ns3:Pace></ns3:TPX></Extensions></Trackpoint><Trackpoint><Time>2025-08-17T21:25:42Z</Time><Position><LatitudeDegrees>-8.04728406</LatitudeDegrees><LongitudeDegrees>-34.95060596</LongitudeDegrees></Position><HeartRateBpm><Value>154</Value></HeartRateBpm><Cadence>28</Cadence><Extensions><ns3:TPX><ns3:Speed>1.7899999618530273</ns3:Speed><ns3:Pace>0.45</ns3:Pace></ns3:TPX></Extensions></Trackpoint><Trackpoint><Time>2025-08-17T21:25:43Z</Time><Position><LatitudeDegrees>-8.04725741</LatitudeDegrees><LongitudeDegrees>-34.9506053</LongitudeDegrees></Position><HeartRateBpm><Value>156</Value></HeartRateBpm><Cadence>28</Cadence><Extensions><ns3:TPX><ns3:Speed>2.180000066757202</ns3:Speed><ns3:Pace>0.39</ns3:Pace></ns3:TPX></Extensions></Trackpoint><Trackpoint><Time>2025-08-17T21:25:44Z</Time><Position><LatitudeDegrees>-8.04723108</LatitudeDegrees><LongitudeDegrees>-34.95060398</LongitudeDegrees></Position><HeartRateBpm><Value>158</Value></HeartRateBpm><Cadence>90</Cadence><Extensions><ns3:TPX><ns3:Speed>2.549999952316284</ns3:Speed><ns3:Pace>0.36</ns3:Pace></ns3:TPX></Extensions></Trackpoint><Trackpoint><Time>2025-08-17T21:25:45Z</Time><Position><LatitudeDegrees>-8.04720376</LatitudeDegrees><LongitudeDegrees>-34.95060398</LongitudeDegrees></Position><HeartRateBpm><Value>159</Value></HeartRateBpm><Cadence>90</Cadence><Extensions><ns3:TPX><ns3:Speed>2.740000009536743</ns3:Speed><ns3:Pace>0.36</ns3:Pace></ns3:TPX></Extensions></Trackpoint><Trackpoint><Time>2025-08-17T21:25:46Z</Time><Position><LatitudeDegrees>-8.04717676</LatitudeDegrees><LongitudeDegrees>-34.95060198</LongitudeDegrees></Position><HeartRateBpm><Value>159</Value></HeartRateBpm><Cadence>90</Cadence><Extensions><ns3:TPX><ns3:Speed>2.740000009536743</ns3:Speed><ns3:Pace>0.35</ns3:Pace></ns3:TPX></Extensions></Trackpoint><Trackpoint><Time>2025-08-17T21:25:47Z</Time><Position><LatitudeDegrees>-8.0471501</LatitudeDegrees><LongitudeDegrees>-34.95059832</LongitudeDegrees></Position><HeartRateBpm><Value>160</Value></HeartRateBpm><Cadence>90</Cadence><Extensions><ns3:TPX><ns3:Speed>2.809999942779541</ns3:Speed><ns3:Pace>0.35</ns3:Pace></ns3:TPX></Extensions></Trackpoint><Trackpoint><Time>2025-08-17T21:25:48Z</Time><Position><LatitudeDegrees>-8.0471221</LatitudeDegrees><LongitudeDegrees>-34.95059166</LongitudeDegrees></Position><HeartRateBpm><Value>161</Value></HeartRateBpm><Cadence>90</Cadence><Extensions><ns3:TPX><ns3:Speed>2.809999942779541</ns3:Speed><ns3:Pace>0.35</ns3:Pace></ns3:TPX></Extensions></Trackpoint><Trackpoint><Time>2025-08-17T21:25:49Z</Time><Position><LatitudeDegrees>-8.0470951</LatitudeDegrees><LongitudeDegrees>-34.95058699</LongitudeDegrees></Position><HeartRateBpm><Value>161</Value></HeartRateBpm><Cadence>90</Cadence><Extensions><ns3:TPX><ns3:Speed>2.819999933242798</ns3:Speed><ns3:Pace>0.34</ns3:Pace></ns3:TPX></Extensions></Trackpoint><Trackpoint><Time>2025-08-17T21:25:50Z</Time><Position><LatitudeDegrees>-8.04706845</LatitudeDegrees><LongitudeDegrees>-34.950583</LongitudeDegrees></Position><HeartRateBpm><Value>160</Value></HeartRateBpm><Cadence>90</Cadence><Extensions><ns3:TPX><ns3:Speed>2.869999885559082</ns3:Speed><ns3:Pace>0.34</ns3:Pace></ns3:TPX></Extensions></Trackpoint><Trackpoint><Time>2025-08-17T21:25:51Z</Time><Position><LatitudeDegrees>-8.04704212</LatitudeDegrees><LongitudeDegrees>-34.95058033</LongitudeDegrees></Position><HeartRateBpm><Value>160</Value></HeartRateBpm><Cadence>90</Cadence><Extensions><ns3:TPX><ns3:Speed>2.9100000858306885</ns3:Speed><ns3:Pace>0.34</ns3:Pace></ns3:TPX></Extensions></Trackpoint><Trackpoint><Time>2025-08-17T21:25:52Z</Time><Position><LatitudeDegrees>-8.04701513</LatitudeDegrees><LongitudeDegrees>-34.95057833</LongitudeDegrees></Position><HeartRateBpm><Value>160</Value></HeartRateBpm><Cadence>90</Cadence><Extensions><ns3:TPX><ns3:Speed>2.9100000858306885</ns3:Speed><ns3:Pace>0.34</ns3:Pace></ns3:TPX></Extensions></Trackpoint><Trackpoint><Time>2025-08-17T21:25:53Z</Time><Position><LatitudeDegrees>-8.04698848</LatitudeDegrees><LongitudeDegrees>-34.95057501</LongitudeDegrees></Position><HeartRateBpm><Value>160</Value></HeartRateBpm><Cadence>90</Cadence><Extensions><ns3:TPX><ns3:Speed>2.930000066757202</ns3:Speed><ns3:Pace>0.34</ns3:Pace></ns3:TPX></Extensions></Trackpoint><Trackpoint><Time>2025-08-17T21:25:54Z</Time><Position><LatitudeDegrees>-8.04696148</LatitudeDegrees><LongitudeDegrees>-34.95057069</LongitudeDegrees></Position><HeartRateBpm><Value>159</Value></HeartRateBpm><Cadence>89</Cadence><Extensions><ns3:TPX><ns3:Speed>2.930000066757202</ns3:Speed><ns3:Pace>0.34</ns3:Pace></ns3:TPX></Extensions></Trackpoint><Trackpoint><Time>2025-08-17T21:25:55Z</Time><Position><LatitudeDegrees>-8.04693415</LatitudeDegrees><LongitudeDegrees>-34.95056602</LongitudeDegrees></Position><HeartRateBpm><Value>159</Value></HeartRateBpm><Cadence>89</Cadence><Extensions><ns3:TPX><ns3:Speed>2.940000057220459</ns3:Speed><ns3:Pace>0.33</ns3:Pace></ns3:TPX></Extensions></Trackpoint><Trackpoint><Time>2025-08-17T21:25:56Z</Time><Position><LatitudeDegrees>-8.04690715</LatitudeDegrees><LongitudeDegrees>-34.95056135</LongitudeDegrees></Position><HeartRateBpm><Value>160</Value></HeartRateBpm><Cadence>89</Cadence><Extensions><ns3:TPX><ns3:Speed>2.950000047683716</ns3:Speed><ns3:Pace>0.33</ns3:Pace></ns3:TPX></Extensions></Trackpoint><Trackpoint><Time>2025-08-17T21:25:57Z</Time><Position><LatitudeDegrees>-8.0468785</LatitudeDegrees><LongitudeDegrees>-34.95055602</LongitudeDegrees></Position><HeartRateBpm><Value>160</Value></HeartRateBpm><Cadence>89</Cadence><Extensions><ns3:TPX><ns3:Speed>2.9700000286102295</ns3:Speed><ns3:Pace>0.33</ns3:Pace></ns3:TPX></Extensions></Trackpoint><Trackpoint><Time>2025-08-17T21:25:58Z</Time><Position><LatitudeDegrees>-8.0468505</LatitudeDegrees><LongitudeDegrees>-34.95055203</LongitudeDegrees></Position><HeartRateBpm><Value>160</Value></HeartRateBpm><Cadence>89</Cadence><Extensions><ns3:TPX><ns3:Speed>2.9800000190734863</ns3:Speed><ns3:Pace>0.33</ns3:Pace></ns3:TPX></Extensions></Trackpoint><Trackpoint><Time>2025-08-17T21:25:59Z</Time><Position><LatitudeDegrees>-8.04682251</LatitudeDegrees><LongitudeDegrees>-34.95054871</LongitudeDegrees></Position><HeartRateBpm><Value>160</Value></HeartRateBpm><Cadence>89</Cadence><Extensions><ns3:TPX><ns3:Speed>2.9800000190734863</ns3:Speed><ns3:Pace>0.33</ns3:Pace></ns3:TPX></Extensions></Trackpoint><Trackpoint><Time>2025-08-17T21:26:00Z</Time><Position><LatitudeDegrees>-8.04679451</LatitudeDegrees><LongitudeDegrees>-34.95054538</LongitudeDegrees></Position><HeartRateBpm><Value>160</Value></HeartRateBpm><Cadence>89</Cadence><Extensions><ns3:TPX><ns3:Speed>3.0</ns3:Speed><ns3:Pace>0.33</ns3:Pace></ns3:TPX></Extensions></Trackpoint><Trackpoint><Time>2025-08-17T21:26:01Z</Time><Position><LatitudeDegrees>-8.04676717</LatitudeDegrees><LongitudeDegrees>-34.95054205</LongitudeDegrees></Position><HeartRateBpm><Value>159</Value></HeartRateBpm><Cadence>89</Cadence><Extensions><ns3:TPX><ns3:Speed>3.0299999713897705</ns3:Speed><ns3:Pace>0.32</ns3:Pace></ns3:TPX></Extensions></Trackpoint><Trackpoint><Time>2025-08-17T21:26:02Z</Time><Position><LatitudeDegrees>-8.04674151</LatitudeDegrees><LongitudeDegrees>-34.95053973</LongitudeDegrees></Position><HeartRateBpm><Value>160</Value></HeartRateBpm><Cadence>88</Cadence><Extensions><ns3:TPX><ns3:Speed>3.0399999618530273</ns3:Speed><ns3:Pace>0.32</ns3:Pace></ns3:TPX></Extensions></Trackpoint><Trackpoint><Time>2025-08-17T21:26:03Z</Time><Position><LatitudeDegrees>-8.04671585</LatitudeDegrees><LongitudeDegrees>-34.95053773</LongitudeDegrees></Position><HeartRateBpm><Value>160</Value></HeartRateBpm><Cadence>88</Cadence><Extensions><ns3:TPX><ns3:Speed>3.0399999618530273</ns3:Speed><ns3:Pace>0.32</ns3:Pace></ns3:TPX></Extensions></Trackpoint><Trackpoint><Time>2025-08-17T21:26:04Z</Time><Position><LatitudeDegrees>-8.04669152</LatitudeDegrees><LongitudeDegrees>-34.95053573</LongitudeDegrees></Position><HeartRateBpm><Value>160</Value></HeartRateBpm><Cadence>88</Cadence><Extensions><ns3:TPX><ns3:Speed>3.049999952316284</ns3:Speed><ns3:Pace>0.32</ns3:Pace></ns3:TPX></Extensions></Trackpoint><Trackpoint><Time>2025-08-17T21:26:05Z</Time><Position><LatitudeDegrees>-8.04667086</LatitudeDegrees><LongitudeDegrees>-34.95053507</LongitudeDegrees></Position><HeartRateBpm><Value>160</Value></HeartRateBpm><Cadence>88</Cadence><Extensions><ns3:TPX><ns3:Speed>3.049999952316284</ns3:Speed><ns3:Pace>0.32</ns3:Pace></ns3:TPX></Extensions></Trackpoint><Trackpoint><Time>2025-08-17T21:26:06Z</Time><Position><LatitudeDegrees>-8.0466562</LatitudeDegrees><LongitudeDegrees>-34.9505364</LongitudeDegrees></Position><HeartRateBpm><Value>160</Value></HeartRateBpm><Cadence>88</Cadence><Extensions><ns3:TPX><ns3:Speed>3.0299999713897705</ns3:Speed><ns3:Pace>0.33</ns3:Pace></ns3:TPX></Extensions></Trackpoint><Trackpoint><Time>2025-08-17T21:26:07Z</Time><Position><LatitudeDegrees>-8.04664887</LatitudeDegrees><LongitudeDegrees>-34.95053906</LongitudeDegrees></Position><HeartRateBpm><Value>160</Value></HeartRateBpm><Cadence>88</Cadence><Extensions><ns3:TPX><ns3:Speed>3.0</ns3:Speed><ns3:Pace>0.35</ns3:Pace></ns3:TPX></Extensions></Trackpoint><Trackpoint><Time>2025-08-17T21:26:08Z</Time><Position><LatitudeDegrees>-8.04664755</LatitudeDegrees><LongitudeDegrees>-34.95054239</LongitudeDegrees></Position><HeartRateBpm><Value>160</Value></HeartRateBpm><Cadence>88</Cadence><Extensions><ns3:TPX><ns3:Speed>2.8499999046325684</ns3:Speed><ns3:Pace>0.39</ns3:Pace></ns3:TPX></Extensions></Trackpoint><Trackpoint><Time>2025-08-17T21:26:09Z</Time><Position><LatitudeDegrees>-8.0466532</LatitudeDegrees><LongitudeDegrees>-34.95054472</LongitudeDegrees></Position><HeartRateBpm><Value>160</Value></HeartRateBpm><Cadence>88</Cadence><Extensions><ns3:TPX><ns3:Speed>2.5</ns3:Speed><ns3:Pace>0.49</ns3:Pace></ns3:TPX></Extensions></Trackpoint><Trackpoint><Time>2025-08-17T21:26:10Z</Time><Position><LatitudeDegrees>-8.04666519</LatitudeDegrees><LongitudeDegrees>-34.95054705</LongitudeDegrees></Position><HeartRateBpm><Value>160</Value></HeartRateBpm><Cadence>88</Cadence><Extensions><ns3:TPX><ns3:Speed>2.0</ns3:Speed><ns3:Pace>0.49</ns3:Pace></ns3:TPX></Extensions></Trackpoint><Trackpoint><Time>2025-08-17T21:26:11Z</Time><Position><LatitudeDegrees>-8.04668218</LatitudeDegrees><LongitudeDegrees>-34.95054972</LongitudeDegrees></Position><HeartRateBpm><Value>160</Value></HeartRateBpm><Cadence>88</Cadence><Extensions><ns3:TPX><ns3:Speed>2.0</ns3:Speed><ns3:Pace>0.61</ns3:Pace></ns3:TPX></Extensions></Trackpoint><Trackpoint><Time>2025-08-17T21:26:12Z</Time><Position><LatitudeDegrees>-8.04670218</LatitudeDegrees><LongitudeDegrees>-34.95055205</LongitudeDegrees></Position><HeartRateBpm><Value>160</Value></HeartRateBpm><Cadence>89</Cadence><Extensions><ns3:TPX><ns3:Speed>1.6200000047683716</ns3:Speed><ns3:Pace>0.66</ns3:Pace></ns3:TPX></Extensions></Trackpoint><Trackpoint><Time>2025-08-17T21:26:13Z</Time><Position><LatitudeDegrees>-8.04672451</LatitudeDegrees><LongitudeDegrees>-34.95055304</LongitudeDegrees></Position><HeartRateBpm><Value>160</Value></HeartRateBpm><Cadence>89</Cadence><Extensions><ns3:TPX><ns3:Speed>1.5099999904632568</ns3:Speed><ns3:Pace>0.66</ns3:Pace></ns3:TPX></Extensions></Trackpoint><Trackpoint><Time>2025-08-17T21:26:14Z</Time><Position><LatitudeDegrees>-8.04674817</LatitudeDegrees><LongitudeDegrees>-34.95055337</LongitudeDegrees></Position><HeartRateBpm><Value>161</Value></HeartRateBpm><Cadence>89</Cadence><Extensions><ns3:TPX><ns3:Speed>1.5099999904632568</ns3:Speed><ns3:Pace>0.65</ns3:Pace></ns3:TPX></Extensions></Trackpoint><Trackpoint><Time>2025-08-17T21:26:15Z</Time><Position><LatitudeDegrees>-8.04677351</LatitudeDegrees><LongitudeDegrees>-34.95055271</LongitudeDegrees></Position><HeartRateBpm><Value>160</Value></HeartRateBpm><Cadence>89</Cadence><Extensions><ns3:TPX><ns3:Speed>1.5199999809265137</ns3:Speed><ns3:Pace>0.64</ns3:Pace></ns3:TPX></Extensions></Trackpoint><Trackpoint><Time>2025-08-17T21:26:16Z</Time><Position><LatitudeDegrees>-8.04679951</LatitudeDegrees><LongitudeDegrees>-34.95055205</LongitudeDegrees></Position><HeartRateBpm><Value>160</Value></HeartRateBpm><Cadence>89</Cadence><Extensions><ns3:TPX><ns3:Speed>1.559999942779541</ns3:Speed><ns3:Pace>0.64</ns3:Pace></ns3:TPX></Extensions></Trackpoint><Trackpoint><Time>2025-08-17T21:26:17Z</Time><Position><LatitudeDegrees>-8.04682584</LatitudeDegrees><LongitudeDegrees>-34.95055139</LongitudeDegrees></Position><HeartRateBpm><Value>160</Value></HeartRateBpm><Cadence>89</Cadence><Extensions><ns3:TPX><ns3:Speed>1.559999942779541</ns3:Speed><ns3:Pace>0.61</ns3:Pace></ns3:TPX></Extensions></Trackpoint><Trackpoint><Time>2025-08-17T21:26:18Z</Time><Position><LatitudeDegrees>-8.0468525</LatitudeDegrees><LongitudeDegrees>-34.95055039</LongitudeDegrees></Position><HeartRateBpm><Value>160</Value></HeartRateBpm><Cadence>89</Cadence><Extensions><ns3:TPX><ns3:Speed>1.6100000143051147</ns3:Speed><ns3:Pace>0.47</ns3:Pace></ns3:TPX></Extensions></Trackpoint><Trackpoint><Time>2025-08-17T21:26:19Z</Time><Position><LatitudeDegrees>-8.04687782</LatitudeDegrees><LongitudeDegrees>-34.9505494</LongitudeDegrees></Position><HeartRateBpm><Value>160</Value></HeartRateBpm><Cadence>89</Cadence><Extensions><ns3:TPX><ns3:Speed>2.0999999046325684</ns3:Speed><ns3:Pace>0.38</ns3:Pace></ns3:TPX></Extensions></Trackpoint><Trackpoint><Time>2025-08-17T21:26:20Z</Time><Position><LatitudeDegrees>-8.04690249</LatitudeDegrees><LongitudeDegrees>-34.95054808</LongitudeDegrees></Position><HeartRateBpm><Value>160</Value></HeartRateBpm><Cadence>89</Cadence><Extensions><ns3:TPX><ns3:Speed>2.609999895095825</ns3:Speed><ns3:Pace>0.36</ns3:Pace></ns3:TPX></Extensions></Trackpoint><Trackpoint><Time>2025-08-17T21:26:21Z</Time><Position><LatitudeDegrees>-8.04692749</LatitudeDegrees><LongitudeDegrees>-34.95054608</LongitudeDegrees></Position><HeartRateBpm><Value>161</Value></HeartRateBpm><Cadence>89</Cadence><Extensions><ns3:TPX><ns3:Speed>2.7100000381469727</ns3:Speed><ns3:Pace>0.36</ns3:Pace></ns3:TPX></Extensions></Trackpoint><Trackpoint><Time>2025-08-17T21:26:22Z</Time><Position><LatitudeDegrees>-8.04695281</LatitudeDegrees><LongitudeDegrees>-34.95054475</LongitudeDegrees></Position><HeartRateBpm><Value>161</Value></HeartRateBpm><Cadence>89</Cadence><Extensions><ns3:TPX><ns3:Speed>2.75</ns3:Speed><ns3:Pace>0.36</ns3:Pace></ns3:TPX></Extensions></Trackpoint><Trackpoint><Time>2025-08-17T21:26:23Z</Time><Position><LatitudeDegrees>-8.04697748</LatitudeDegrees><LongitudeDegrees>-34.95054376</LongitudeDegrees></Position><HeartRateBpm><Value>161</Value></HeartRateBpm><Cadence>89</Cadence><Extensions><ns3:TPX><ns3:Speed>2.75</ns3:Speed><ns3:Pace>0.36</ns3:Pace></ns3:TPX></Extensions></Trackpoint><Trackpoint><Time>2025-08-17T21:26:24Z</Time><Position><LatitudeDegrees>-8.04700181</LatitudeDegrees><LongitudeDegrees>-34.9505431</LongitudeDegrees></Position><HeartRateBpm><Value>161</Value></HeartRateBpm><Cadence>90</Cadence><Extensions><ns3:TPX><ns3:Speed>2.75</ns3:Speed><ns3:Pace>0.36</ns3:Pace></ns3:TPX></Extensions></Trackpoint><Trackpoint><Time>2025-08-17T21:26:25Z</Time><Position><LatitudeDegrees>-8.0470258</LatitudeDegrees><LongitudeDegrees>-34.95054342</LongitudeDegrees></Position><HeartRateBpm><Value>161</Value></HeartRateBpm><Cadence>90</Cadence><Extensions><ns3:TPX><ns3:Speed>2.7699999809265137</ns3:Speed><ns3:Pace>0.36</ns3:Pace></ns3:TPX></Extensions></Trackpoint><Trackpoint><Time>2025-08-17T21:26:26Z</Time><Position><LatitudeDegrees>-8.04705079</LatitudeDegrees><LongitudeDegrees>-34.95054408</LongitudeDegrees></Position><HeartRateBpm><Value>161</Value></HeartRateBpm><Cadence>90</Cadence><Extensions><ns3:TPX><ns3:Speed>2.7699999809265137</ns3:Speed><ns3:Pace>0.36</ns3:Pace></ns3:TPX></Extensions></Trackpoint><Trackpoint><Time>2025-08-17T21:26:27Z</Time><Position><LatitudeDegrees>-8.04707611</LatitudeDegrees><LongitudeDegrees>-34.95054608</LongitudeDegrees></Position><HeartRateBpm><Value>161</Value></HeartRateBpm><Cadence>89</Cadence><Extensions><ns3:TPX><ns3:Speed>2.759999990463257</ns3:Speed><ns3:Pace>0.36</ns3:Pace></ns3:TPX></Extensions></Trackpoint><Trackpoint><Time>2025-08-17T21:26:28Z</Time><Position><LatitudeDegrees>-8.04710311</LatitudeDegrees><LongitudeDegrees>-34.9505474</LongitudeDegrees></Position><HeartRateBpm><Value>162</Value></HeartRateBpm><Cadence>89</Cadence><Extensions><ns3:TPX><ns3:Speed>2.75</ns3:Speed><ns3:Pace>0.36</ns3:Pace></ns3:TPX></Extensions></Trackpoint><Trackpoint><Time>2025-08-17T21:26:29Z</Time><Position><LatitudeDegrees>-8.04712978</LatitudeDegrees><LongitudeDegrees>-34.95054773</LongitudeDegrees></Position><HeartRateBpm><Value>162</Value></HeartRateBpm><Cadence>89</Cadence><Extensions><ns3:TPX><ns3:Speed>2.75</ns3:Speed><ns3:Pace>0.36</ns3:Pace></ns3:TPX></Extensions></Trackpoint><Trackpoint><Time>2025-08-17T21:26:30Z</Time><Position><LatitudeDegrees>-8.0471571</LatitudeDegrees><LongitudeDegrees>-34.95054806</LongitudeDegrees></Position><HeartRateBpm><Value>163</Value></HeartRateBpm><Cadence>89</Cadence><Extensions><ns3:TPX><ns3:Speed>2.75</ns3:Speed><ns3:Pace>0.36</ns3:Pace></ns3:TPX></Extensions></Trackpoint><Trackpoint><Time>2025-08-17T21:26:31Z</Time><Position><LatitudeDegrees>-8.04718443</LatitudeDegrees><LongitudeDegrees>-34.95054773</LongitudeDegrees></Position><HeartRateBpm><Value>163</Value></HeartRateBpm><Cadence>89</Cadence><Extensions><ns3:TPX><ns3:Speed>2.75</ns3:Speed><ns3:Pace>0.36</ns3:Pace></ns3:TPX></Extensions></Trackpoint><Trackpoint><Time>2025-08-17T21:26:32Z</Time><Position><LatitudeDegrees>-8.04721175</LatitudeDegrees><LongitudeDegrees>-34.9505474</LongitudeDegrees></Position><HeartRateBpm><Value>162</Value></HeartRateBpm><Cadence>89</Cadence><Extensions><ns3:TPX><ns3:Speed>2.7699999809265137</ns3:Speed><ns3:Pace>0.35</ns3:Pace></ns3:TPX></Extensions></Trackpoint><Trackpoint><Time>2025-08-17T21:26:33Z</Time><Position><LatitudeDegrees>-8.04724008</LatitudeDegrees><LongitudeDegrees>-34.9505484</LongitudeDegrees></Position><HeartRateBpm><Value>162</Value></HeartRateBpm><Cadence>89</Cadence><Extensions><ns3:TPX><ns3:Speed>2.799999952316284</ns3:Speed><ns3:Pace>0.35</ns3:Pace></ns3:TPX></Extensions></Trackpoint><Trackpoint><Time>2025-08-17T21:26:34Z</Time><Position><LatitudeDegrees>-8.04726807</LatitudeDegrees><LongitudeDegrees>-34.95054906</LongitudeDegrees></Position><HeartRateBpm><Value>162</Value></HeartRateBpm><Cadence>89</Cadence><Extensions><ns3:TPX><ns3:Speed>2.8499999046325684</ns3:Speed><ns3:Pace>0.35</ns3:Pace></ns3:TPX></Extensions></Trackpoint><Trackpoint><Time>2025-08-17T21:26:35Z</Time><Position><LatitudeDegrees>-8.04729607</LatitudeDegrees><LongitudeDegrees>-34.95055005</LongitudeDegrees></Position><HeartRateBpm><Value>162</Value></HeartRateBpm><Cadence>89</Cadence><Extensions><ns3:TPX><ns3:Speed>2.8499999046325684</ns3:Speed><ns3:Pace>0.34</ns3:Pace></ns3:TPX></Extensions></Trackpoint><Trackpoint><Time>2025-08-17T21:26:36Z</Time><Position><LatitudeDegrees>-8.04732173</LatitudeDegrees><LongitudeDegrees>-34.95054906</LongitudeDegrees></Position><HeartRateBpm><Value>163</Value></HeartRateBpm><Cadence>89</Cadence><Extensions><ns3:TPX><ns3:Speed>2.880000114440918</ns3:Speed><ns3:Pace>0.34</ns3:Pace></ns3:TPX></Extensions></Trackpoint><Trackpoint><Time>2025-08-17T21:26:37Z</Time><Position><LatitudeDegrees>-8.04734673</LatitudeDegrees><LongitudeDegrees>-34.95054773</LongitudeDegrees></Position><HeartRateBpm><Value>163</Value></HeartRateBpm><Cadence>89</Cadence><Extensions><ns3:TPX><ns3:Speed>2.890000104904175</ns3:Speed><ns3:Pace>0.34</ns3:Pace></ns3:TPX></Extensions></Trackpoint><Trackpoint><Time>2025-08-17T21:26:38Z</Time><Position><LatitudeDegrees>-8.04737205</LatitudeDegrees><LongitudeDegrees>-34.95054707</LongitudeDegrees></Position><HeartRateBpm><Value>165</Value></HeartRateBpm><Cadence>89</Cadence><Extensions><ns3:TPX><ns3:Speed>2.890000104904175</ns3:Speed><ns3:Pace>0.34</ns3:Pace></ns3:TPX></Extensions></Trackpoint><Trackpoint><Time>2025-08-17T21:26:39Z</Time><Position><LatitudeDegrees>-8.04739705</LatitudeDegrees><LongitudeDegrees>-34.95054575</LongitudeDegrees></Position><HeartRateBpm><Value>166</Value></HeartRateBpm><Cadence>89</Cadence><Extensions><ns3:TPX><ns3:Speed>2.869999885559082</ns3:Speed><ns3:Pace>0.35</ns3:Pace></ns3:TPX></Extensions></Trackpoint><Trackpoint><Time>2025-08-17T21:26:40Z</Time><Position><LatitudeDegrees>-8.04742204</LatitudeDegrees><LongitudeDegrees>-34.95054441</LongitudeDegrees></Position><HeartRateBpm><Value>166</Value></HeartRateBpm><Cadence>89</Cadence><Extensions><ns3:TPX><ns3:Speed>2.8399999141693115</ns3:Speed><ns3:Pace>0.35</ns3:Pace></ns3:TPX></Extensions></Trackpoint><Trackpoint><Time>2025-08-17T21:26:41Z</Time><Position><LatitudeDegrees>-8.04744738</LatitudeDegrees><LongitudeDegrees>-34.95054309</LongitudeDegrees></Position><HeartRateBpm><Value>166</Value></HeartRateBpm><Cadence>89</Cadence><Extensions><ns3:TPX><ns3:Speed>2.8399999141693115</ns3:Speed><ns3:Pace>0.35</ns3:Pace></ns3:TPX></Extensions></Trackpoint><Trackpoint><Time>2025-08-17T21:26:42Z</Time><Position><LatitudeDegrees>-8.04747237</LatitudeDegrees><LongitudeDegrees>-34.95054209</LongitudeDegrees></Position><HeartRateBpm><Value>167</Value></HeartRateBpm><Cadence>88</Cadence><Extensions><ns3:TPX><ns3:Speed>2.799999952316284</ns3:Speed><ns3:Pace>0.36</ns3:Pace></ns3:TPX></Extensions></Trackpoint><Trackpoint><Time>2025-08-17T21:26:43Z</Time><Position><LatitudeDegrees>-8.0474977</LatitudeDegrees><LongitudeDegrees>-34.95054209</LongitudeDegrees></Position><HeartRateBpm><Value>167</Value></HeartRateBpm><Cadence>88</Cadence><Extensions><ns3:TPX><ns3:Speed>2.7699999809265137</ns3:Speed><ns3:Pace>0.36</ns3:Pace></ns3:TPX></Extensions></Trackpoint><Trackpoint><Time>2025-08-17T21:26:44Z</Time><Position><LatitudeDegrees>-8.04752302</LatitudeDegrees><LongitudeDegrees>-34.95054376</LongitudeDegrees></Position><HeartRateBpm><Value>168</Value></HeartRateBpm><Cadence>89</Cadence><Extensions><ns3:TPX><ns3:Speed>2.7699999809265137</ns3:Speed><ns3:Pace>0.36</ns3:Pace></ns3:TPX></Extensions></Trackpoint><Trackpoint><Time>2025-08-17T21:26:45Z</Time><Position><LatitudeDegrees>-8.04754835</LatitudeDegrees><LongitudeDegrees>-34.95054741</LongitudeDegrees></Position><HeartRateBpm><Value>168</Value></HeartRateBpm><Cadence>89</Cadence><Extensions><ns3:TPX><ns3:Speed>2.7699999809265137</ns3:Speed><ns3:Pace>0.36</ns3:Pace></ns3:TPX></Extensions></Trackpoint><Trackpoint><Time>2025-08-17T21:26:46Z</Time><Position><LatitudeDegrees>-8.04757268</LatitudeDegrees><LongitudeDegrees>-34.95055275</LongitudeDegrees></Position><HeartRateBpm><Value>168</Value></HeartRateBpm><Cadence>90</Cadence><Extensions><ns3:TPX><ns3:Speed>2.7699999809265137</ns3:Speed><ns3:Pace>0.36</ns3:Pace></ns3:TPX></Extensions></Trackpoint><Trackpoint><Time>2025-08-17T21:26:47Z</Time><Position><LatitudeDegrees>-8.04759768</LatitudeDegrees><LongitudeDegrees>-34.9505584</LongitudeDegrees></Position><HeartRateBpm><Value>168</Value></HeartRateBpm><Cadence>90</Cadence><Extensions><ns3:TPX><ns3:Speed>2.7699999809265137</ns3:Speed><ns3:Pace>0.36</ns3:Pace></ns3:TPX></Extensions></Trackpoint><Trackpoint><Time>2025-08-17T21:26:48Z</Time><Position><LatitudeDegrees>-8.047623</LatitudeDegrees><LongitudeDegrees>-34.95056274</LongitudeDegrees></Position><HeartRateBpm><Value>167</Value></HeartRateBpm><Cadence>90</Cadence><Extensions><ns3:TPX><ns3:Speed>2.75</ns3:Speed><ns3:Pace>0.36</ns3:Pace></ns3:TPX></Extensions></Trackpoint><Trackpoint><Time>2025-08-17T21:26:49Z</Time><Position><LatitudeDegrees>-8.04764933</LatitudeDegrees><LongitudeDegrees>-34.95056706</LongitudeDegrees></Position><HeartRateBpm><Value>167</Value></HeartRateBpm><Cadence>89</Cadence><Extensions><ns3:TPX><ns3:Speed>2.7300000190734863</ns3:Speed><ns3:Pace>0.36</ns3:Pace></ns3:TPX></Extensions></Trackpoint><Trackpoint><Time>2025-08-17T21:26:50Z</Time><Position><LatitudeDegrees>-8.04767632</LatitudeDegrees><LongitudeDegrees>-34.95057005</LongitudeDegrees></Position><HeartRateBpm><Value>166</Value></HeartRateBpm><Cadence>89</Cadence><Extensions><ns3:TPX><ns3:Speed>2.7300000190734863</ns3:Speed><ns3:Pace>0.36</ns3:Pace></ns3:TPX></Extensions></Trackpoint><Trackpoint><Time>2025-08-17T21:26:51Z</Time><Position><LatitudeDegrees>-8.04770532</LatitudeDegrees><LongitudeDegrees>-34.95057172</LongitudeDegrees></Position><HeartRateBpm><Value>166</Value></HeartRateBpm><Cadence>89</Cadence><Extensions><ns3:TPX><ns3:Speed>2.7300000190734863</ns3:Speed><ns3:Pace>0.36</ns3:Pace></ns3:TPX></Extensions></Trackpoint><Trackpoint><Time>2025-08-17T21:26:52Z</Time><Position><LatitudeDegrees>-8.04773397</LatitudeDegrees><LongitudeDegrees>-34.95057338</LongitudeDegrees></Position><HeartRateBpm><Value>166</Value></HeartRateBpm><Cadence>89</Cadence><Extensions><ns3:TPX><ns3:Speed>2.740000009536743</ns3:Speed><ns3:Pace>0.36</ns3:Pace></ns3:TPX></Extensions></Trackpoint><Trackpoint><Time>2025-08-17T21:26:53Z</Time><Position><LatitudeDegrees>-8.04776163</LatitudeDegrees><LongitudeDegrees>-34.95057404</LongitudeDegrees></Position><HeartRateBpm><Value>166</Value></HeartRateBpm><Cadence>89</Cadence><Extensions><ns3:TPX><ns3:Speed>2.740000009536743</ns3:Speed><ns3:Pace>0.35</ns3:Pace></ns3:TPX></Extensions></Trackpoint><Trackpoint><Time>2025-08-17T21:26:54Z</Time><Position><LatitudeDegrees>-8.04778895</LatitudeDegrees><LongitudeDegrees>-34.95057436</LongitudeDegrees></Position><HeartRateBpm><Value>166</Value></HeartRateBpm><Cadence>89</Cadence><Extensions><ns3:TPX><ns3:Speed>2.7799999713897705</ns3:Speed><ns3:Pace>0.35</ns3:Pace></ns3:TPX></Extensions></Trackpoint><Trackpoint><Time>2025-08-17T21:26:55Z</Time><Position><LatitudeDegrees>-8.04781528</LatitudeDegrees><LongitudeDegrees>-34.95057404</LongitudeDegrees></Position><HeartRateBpm><Value>167</Value></HeartRateBpm><Cadence>89</Cadence><Extensions><ns3:TPX><ns3:Speed>2.809999942779541</ns3:Speed><ns3:Pace>0.35</ns3:Pace></ns3:TPX></Extensions></Trackpoint><Trackpoint><Time>2025-08-17T21:26:56Z</Time><Position><LatitudeDegrees>-8.0478436</LatitudeDegrees><LongitudeDegrees>-34.95057338</LongitudeDegrees></Position><HeartRateBpm><Value>168</Value></HeartRateBpm><Cadence>89</Cadence><Extensions><ns3:TPX><ns3:Speed>2.819999933242798</ns3:Speed><ns3:Pace>0.35</ns3:Pace></ns3:TPX></Extensions></Trackpoint><Trackpoint><Time>2025-08-17T21:26:57Z</Time><Position><LatitudeDegrees>-8.0478686</LatitudeDegrees><LongitudeDegrees>-34.95057305</LongitudeDegrees></Position><HeartRateBpm><Value>169</Value></HeartRateBpm><Cadence>90</Cadence><Extensions><ns3:TPX><ns3:Speed>2.8299999237060547</ns3:Speed><ns3:Pace>0.35</ns3:Pace></ns3:TPX></Extensions></Trackpoint><Trackpoint><Time>2025-08-17T21:26:58Z</Time><Position><LatitudeDegrees>-8.0478946</LatitudeDegrees><LongitudeDegrees>-34.95057638</LongitudeDegrees></Position><HeartRateBpm><Value>170</Value></HeartRateBpm><Cadence>89</Cadence><Extensions><ns3:TPX><ns3:Speed>2.8399999141693115</ns3:Speed><ns3:Pace>0.35</ns3:Pace></ns3:TPX></Extensions></Trackpoint><Trackpoint><Time>2025-08-17T21:26:59Z</Time><Position><LatitudeDegrees>-8.04792159</LatitudeDegrees><LongitudeDegrees>-34.95058104</LongitudeDegrees></Position><HeartRateBpm><Value>170</Value></HeartRateBpm><Cadence>89</Cadence><Extensions><ns3:TPX><ns3:Speed>2.8399999141693115</ns3:Speed><ns3:Pace>0.35</ns3:Pace></ns3:TPX></Extensions></Trackpoint><Trackpoint><Time>2025-08-17T21:27:00Z</Time><Position><LatitudeDegrees>-8.04795192</LatitudeDegrees><LongitudeDegrees>-34.95058271</LongitudeDegrees></Position><HeartRateBpm><Value>170</Value></HeartRateBpm><Cadence>89</Cadence><Extensions><ns3:TPX><ns3:Speed>2.8399999141693115</ns3:Speed><ns3:Pace>0.35</ns3:Pace></ns3:TPX></Extensions></Trackpoint><Trackpoint><Time>2025-08-17T21:27:01Z</Time><Position><LatitudeDegrees>-8.04798091</LatitudeDegrees><LongitudeDegrees>-34.95057972</LongitudeDegrees></Position><HeartRateBpm><Value>170</Value></HeartRateBpm><Cadence>90</Cadence><Extensions><ns3:TPX><ns3:Speed>2.8399999141693115</ns3:Speed><ns3:Pace>0.35</ns3:Pace></ns3:TPX></Extensions></Trackpoint><Trackpoint><Time>2025-08-17T21:27:02Z</Time><Position><LatitudeDegrees>-8.04800824</LatitudeDegrees><LongitudeDegrees>-34.95057738</LongitudeDegrees></Position><HeartRateBpm><Value>171</Value></HeartRateBpm><Cadence>90</Cadence><Extensions><ns3:TPX><ns3:Speed>2.8499999046325684</ns3:Speed><ns3:Pace>0.34</ns3:Pace></ns3:TPX></Extensions></Trackpoint><Trackpoint><Time>2025-08-17T21:27:03Z</Time><Position><LatitudeDegrees>-8.04803556</LatitudeDegrees><LongitudeDegrees>-34.95057673</LongitudeDegrees></Position><HeartRateBpm><Value>172</Value></HeartRateBpm><Cadence>90</Cadence><Extensions><ns3:TPX><ns3:Speed>2.859999895095825</ns3:Speed><ns3:Pace>0.34</ns3:Pace></ns3:TPX></Extensions></Trackpoint><Trackpoint><Time>2025-08-17T21:27:04Z</Time><Position><LatitudeDegrees>-8.04806256</LatitudeDegrees><LongitudeDegrees>-34.95057673</LongitudeDegrees></Position><HeartRateBpm><Value>172</Value></HeartRateBpm><Cadence>89</Cadence><Extensions><ns3:TPX><ns3:Speed>2.869999885559082</ns3:Speed><ns3:Pace>0.34</ns3:Pace></ns3:TPX></Extensions></Trackpoint><Trackpoint><Time>2025-08-17T21:27:05Z</Time><Position><LatitudeDegrees>-8.04808955</LatitudeDegrees><LongitudeDegrees>-34.95057738</LongitudeDegrees></Position><HeartRateBpm><Value>172</Value></HeartRateBpm><Cadence>88</Cadence><Extensions><ns3:TPX><ns3:Speed>2.880000114440918</ns3:Speed><ns3:Pace>0.34</ns3:Pace></ns3:TPX></Extensions></Trackpoint><Trackpoint><Time>2025-08-17T21:27:06Z</Time><Position><LatitudeDegrees>-8.04811521</LatitudeDegrees><LongitudeDegrees>-34.95057771</LongitudeDegrees></Position><HeartRateBpm><Value>172</Value></HeartRateBpm><Cadence>88</Cadence><Extensions><ns3:TPX><ns3:Speed>2.880000114440918</ns3:Speed><ns3:Pace>0.34</ns3:Pace></ns3:TPX></Extensions></Trackpoint><Trackpoint><Time>2025-08-17T21:27:07Z</Time><Position><LatitudeDegrees>-8.04813954</LatitudeDegrees><LongitudeDegrees>-34.95057803</LongitudeDegrees></Position><HeartRateBpm><Value>172</Value></HeartRateBpm><Cadence>88</Cadence><Extensions><ns3:TPX><ns3:Speed>2.890000104904175</ns3:Speed><ns3:Pace>0.34</ns3:Pace></ns3:TPX></Extensions></Trackpoint><Trackpoint><Time>2025-08-17T21:27:08Z</Time><Position><LatitudeDegrees>-8.04816387</LatitudeDegrees><LongitudeDegrees>-34.95057869</LongitudeDegrees></Position><HeartRateBpm><Value>173</Value></HeartRateBpm><Cadence>88</Cadence><Extensions><ns3:TPX><ns3:Speed>2.890000104904175</ns3:Speed><ns3:Pace>0.34</ns3:Pace></ns3:TPX></Extensions></Trackpoint><Trackpoint><Time>2025-08-17T21:27:09Z</Time><Position><LatitudeDegrees>-8.04818687</LatitudeDegrees><LongitudeDegrees>-34.95057869</LongitudeDegrees></Position><HeartRateBpm><Value>173</Value></HeartRateBpm><Cadence>88</Cadence><Extensions><ns3:TPX><ns3:Speed>2.890000104904175</ns3:Speed><ns3:Pace>0.34</ns3:Pace></ns3:TPX></Extensions></Trackpoint><Trackpoint><Time>2025-08-17T21:27:10Z</Time><Position><LatitudeDegrees>-8.0482092</LatitudeDegrees><LongitudeDegrees>-34.95057869</LongitudeDegrees></Position><HeartRateBpm><Value>173</Value></HeartRateBpm><Cadence>88</Cadence><Extensions><ns3:TPX><ns3:Speed>2.890000104904175</ns3:Speed><ns3:Pace>0.34</ns3:Pace></ns3:TPX></Extensions></Trackpoint><Trackpoint><Time>2025-08-17T21:27:11Z</Time><Position><LatitudeDegrees>-8.04823186</LatitudeDegrees><LongitudeDegrees>-34.95057869</LongitudeDegrees></Position><HeartRateBpm><Value>173</Value></HeartRateBpm><Cadence>89</Cadence><Extensions><ns3:TPX><ns3:Speed>2.890000104904175</ns3:Speed><ns3:Pace>0.34</ns3:Pace></ns3:TPX></Extensions></Trackpoint><Trackpoint><Time>2025-08-17T21:27:12Z</Time><Position><LatitudeDegrees>-8.04825519</LatitudeDegrees><LongitudeDegrees>-34.95057803</LongitudeDegrees></Position><HeartRateBpm><Value>173</Value></HeartRateBpm><Cadence>89</Cadence><Extensions><ns3:TPX><ns3:Speed>2.890000104904175</ns3:Speed><ns3:Pace>0.34</ns3:Pace></ns3:TPX></Extensions></Trackpoint><Trackpoint><Time>2025-08-17T21:27:13Z</Time><Position><LatitudeDegrees>-8.04827918</LatitudeDegrees><LongitudeDegrees>-34.95057704</LongitudeDegrees></Position><HeartRateBpm><Value>174</Value></HeartRateBpm><Cadence>89</Cadence><Extensions><ns3:TPX><ns3:Speed>2.890000104904175</ns3:Speed><ns3:Pace>0.34</ns3:Pace></ns3:TPX></Extensions></Trackpoint><Trackpoint><Time>2025-08-17T21:27:14Z</Time><Position><LatitudeDegrees>-8.04830318</LatitudeDegrees><LongitudeDegrees>-34.95057537</LongitudeDegrees></Position><HeartRateBpm><Value>175</Value></HeartRateBpm><Cadence>89</Cadence><Extensions><ns3:TPX><ns3:Speed>2.890000104904175</ns3:Speed><ns3:Pace>0.34</ns3:Pace></ns3:TPX></Extensions></Trackpoint><Trackpoint><Time>2025-08-17T21:27:15Z</Time><Position><LatitudeDegrees>-8.04832783</LatitudeDegrees><LongitudeDegrees>-34.95057304</LongitudeDegrees></Position><HeartRateBpm><Value>175</Value></HeartRateBpm><Cadence>89</Cadence><Extensions><ns3:TPX><ns3:Speed>2.880000114440918</ns3:Speed><ns3:Pace>0.34</ns3:Pace></ns3:TPX></Extensions></Trackpoint><Trackpoint><Time>2025-08-17T21:27:16Z</Time><Position><LatitudeDegrees>-8.04835282</LatitudeDegrees><LongitudeDegrees>-34.95057205</LongitudeDegrees></Position><HeartRateBpm><Value>175</Value></HeartRateBpm><Cadence>89</Cadence><Extensions><ns3:TPX><ns3:Speed>2.859999895095825</ns3:Speed><ns3:Pace>0.35</ns3:Pace></ns3:TPX></Extensions></Trackpoint><Trackpoint><Time>2025-08-17T21:27:17Z</Time><Position><LatitudeDegrees>-8.04837816</LatitudeDegrees><LongitudeDegrees>-34.95057139</LongitudeDegrees></Position><HeartRateBpm><Value>174</Value></HeartRateBpm><Cadence>89</Cadence><Extensions><ns3:TPX><ns3:Speed>2.8499999046325684</ns3:Speed><ns3:Pace>0.35</ns3:Pace></ns3:TPX></Extensions></Trackpoint><Trackpoint><Time>2025-08-17T21:27:18Z</Time><Position><LatitudeDegrees>-8.04840282</LatitudeDegrees><LongitudeDegrees>-34.95057107</LongitudeDegrees></Position><HeartRateBpm><Value>174</Value></HeartRateBpm><Cadence>89</Cadence><Extensions><ns3:TPX><ns3:Speed>2.8499999046325684</ns3:Speed><ns3:Pace>0.35</ns3:Pace></ns3:TPX></Extensions></Trackpoint><Trackpoint><Time>2025-08-17T21:27:19Z</Time><Position><LatitudeDegrees>-8.04842748</LatitudeDegrees><LongitudeDegrees>-34.95057239</LongitudeDegrees></Position><HeartRateBpm><Value>174</Value></HeartRateBpm><Cadence>89</Cadence><Extensions><ns3:TPX><ns3:Speed>2.8399999141693115</ns3:Speed><ns3:Pace>0.35</ns3:Pace></ns3:TPX></Extensions></Trackpoint><Trackpoint><Time>2025-08-17T21:27:20Z</Time><Position><LatitudeDegrees>-8.04845115</LatitudeDegrees><LongitudeDegrees>-34.95057339</LongitudeDegrees></Position><HeartRateBpm><Value>174</Value></HeartRateBpm><Cadence>89</Cadence><Extensions><ns3:TPX><ns3:Speed>2.8399999141693115</ns3:Speed><ns3:Pace>0.35</ns3:Pace></ns3:TPX></Extensions></Trackpoint><Trackpoint><Time>2025-08-17T21:27:21Z</Time><Position><LatitudeDegrees>-8.04847348</LatitudeDegrees><LongitudeDegrees>-34.95057572</LongitudeDegrees></Position><HeartRateBpm><Value>172</Value></HeartRateBpm><Cadence>89</Cadence><Extensions><ns3:TPX><ns3:Speed>2.8399999141693115</ns3:Speed><ns3:Pace>0.35</ns3:Pace></ns3:TPX></Extensions></Trackpoint><Trackpoint><Time>2025-08-17T21:27:22Z</Time><Position><LatitudeDegrees>-8.04849581</LatitudeDegrees><LongitudeDegrees>-34.95057805</LongitudeDegrees></Position><HeartRateBpm><Value>172</Value></HeartRateBpm><Cadence>89</Cadence><Extensions><ns3:TPX><ns3:Speed>2.8299999237060547</ns3:Speed><ns3:Pace>0.35</ns3:Pace></ns3:TPX></Extensions></Trackpoint><Trackpoint><Time>2025-08-17T21:27:23Z</Time><Position><LatitudeDegrees>-8.04851847</LatitudeDegrees><LongitudeDegrees>-34.95058272</LongitudeDegrees></Position><HeartRateBpm><Value>172</Value></HeartRateBpm><Cadence>89</Cadence><Extensions><ns3:TPX><ns3:Speed>2.819999933242798</ns3:Speed><ns3:Pace>0.35</ns3:Pace></ns3:TPX></Extensions></Trackpoint><Trackpoint><Time>2025-08-17T21:27:24Z</Time><Position><LatitudeDegrees>-8.04854113</LatitudeDegrees><LongitudeDegrees>-34.95059105</LongitudeDegrees></Position><HeartRateBpm><Value>172</Value></HeartRateBpm><Cadence>89</Cadence><Extensions><ns3:TPX><ns3:Speed>2.819999933242798</ns3:Speed><ns3:Pace>0.35</ns3:Pace></ns3:TPX></Extensions></Trackpoint><Trackpoint><Time>2025-08-17T21:27:25Z</Time><Position><LatitudeDegrees>-8.04857278</LatitudeDegrees><LongitudeDegrees>-34.95062304</LongitudeDegrees></Position><HeartRateBpm><Value>172</Value></HeartRateBpm><Cadence>89</Cadence><Extensions><ns3:TPX><ns3:Speed>2.809999942779541</ns3:Speed><ns3:Pace>0.35</ns3:Pace></ns3:TPX></Extensions></Trackpoint><Trackpoint><Time>2025-08-17T21:27:26Z</Time><Position><LatitudeDegrees>-8.04858045</LatitudeDegrees><LongitudeDegrees>-34.95064404</LongitudeDegrees></Position><HeartRateBpm><Value>173</Value></HeartRateBpm><Cadence>89</Cadence><Extensions><ns3:TPX><ns3:Speed>2.809999942779541</ns3:Speed><ns3:Pace>0.35</ns3:Pace></ns3:TPX></Extensions></Trackpoint><Trackpoint><Time>2025-08-17T21:27:27Z</Time><Position><LatitudeDegrees>-8.04858445</LatitudeDegrees><LongitudeDegrees>-34.9506657</LongitudeDegrees></Position><HeartRateBpm><Value>172</Value></HeartRateBpm><Cadence>90</Cadence><Extensions><ns3:TPX><ns3:Speed>2.799999952316284</ns3:Speed><ns3:Pace>0.35</ns3:Pace></ns3:TPX></Extensions></Trackpoint><Trackpoint><Time>2025-08-17T21:27:28Z</Time><Position><LatitudeDegrees>-8.04858577</LatitudeDegrees><LongitudeDegrees>-34.95068903</LongitudeDegrees></Position><HeartRateBpm><Value>172</Value></HeartRateBpm><Cadence>89</Cadence><Extensions><ns3:TPX><ns3:Speed>2.799999952316284</ns3:Speed><ns3:Pace>0.35</ns3:Pace></ns3:TPX></Extensions></Trackpoint><Trackpoint><Time>2025-08-17T21:27:29Z</Time><Position><LatitudeDegrees>-8.04858544</LatitudeDegrees><LongitudeDegrees>-34.95071335</LongitudeDegrees></Position><HeartRateBpm><Value>172</Value></HeartRateBpm><Cadence>89</Cadence><Extensions><ns3:TPX><ns3:Speed>2.799999952316284</ns3:Speed><ns3:Pace>0.35</ns3:Pace></ns3:TPX></Extensions></Trackpoint><Trackpoint><Time>2025-08-17T21:27:30Z</Time><Position><LatitudeDegrees>-8.04858344</LatitudeDegrees><LongitudeDegrees>-34.95073901</LongitudeDegrees></Position><HeartRateBpm><Value>172</Value></HeartRateBpm><Cadence>89</Cadence><Extensions><ns3:TPX><ns3:Speed>2.7899999618530273</ns3:Speed><ns3:Pace>0.35</ns3:Pace></ns3:TPX></Extensions></Trackpoint><Trackpoint><Time>2025-08-17T21:27:31Z</Time><Position><LatitudeDegrees>-8.04857878</LatitudeDegrees><LongitudeDegrees>-34.95076468</LongitudeDegrees></Position><HeartRateBpm><Value>173</Value></HeartRateBpm><Cadence>89</Cadence><Extensions><ns3:TPX><ns3:Speed>2.7899999618530273</ns3:Speed><ns3:Pace>0.35</ns3:Pace></ns3:TPX></Extensions></Trackpoint><Trackpoint><Time>2025-08-17T21:27:32Z</Time><Position><LatitudeDegrees>-8.04857145</LatitudeDegrees><LongitudeDegrees>-34.95079</LongitudeDegrees></Position><HeartRateBpm><Value>174</Value></HeartRateBpm><Cadence>89</Cadence><Extensions><ns3:TPX><ns3:Speed>2.7799999713897705</ns3:Speed><ns3:Pace>0.36</ns3:Pace></ns3:TPX></Extensions></Trackpoint><Trackpoint><Time>2025-08-17T21:27:33Z</Time><Position><LatitudeDegrees>-8.04856378</LatitudeDegrees><LongitudeDegrees>-34.95081499</LongitudeDegrees></Position><HeartRateBpm><Value>174</Value></HeartRateBpm><Cadence>89</Cadence><Extensions><ns3:TPX><ns3:Speed>2.7699999809265137</ns3:Speed><ns3:Pace>0.36</ns3:Pace></ns3:TPX></Extensions></Trackpoint><Trackpoint><Time>2025-08-17T21:27:34Z</Time><Position><LatitudeDegrees>-8.04855678</LatitudeDegrees><LongitudeDegrees>-34.95083966</LongitudeDegrees></Position><HeartRateBpm><Value>174</Value></HeartRateBpm><Cadence>90</Cadence><Extensions><ns3:TPX><ns3:Speed>2.7699999809265137</ns3:Speed><ns3:Pace>0.36</ns3:Pace></ns3:TPX></Extensions></Trackpoint><Trackpoint><Time>2025-08-17T21:27:35Z</Time><Position><LatitudeDegrees>-8.04855013</LatitudeDegrees><LongitudeDegrees>-34.95086432</LongitudeDegrees></Position><HeartRateBpm><Value>174</Value></HeartRateBpm><Cadence>90</Cadence><Extensions><ns3:TPX><ns3:Speed>2.7699999809265137</ns3:Speed><ns3:Pace>0.36</ns3:Pace></ns3:TPX></Extensions></Trackpoint><Trackpoint><Time>2025-08-17T21:27:36Z</Time><Position><LatitudeDegrees>-8.04854679</LatitudeDegrees><LongitudeDegrees>-34.95088932</LongitudeDegrees></Position><HeartRateBpm><Value>174</Value></HeartRateBpm><Cadence>90</Cadence><Extensions><ns3:TPX><ns3:Speed>2.7699999809265137</ns3:Speed><ns3:Pace>0.36</ns3:Pace></ns3:TPX></Extensions></Trackpoint><Trackpoint><Time>2025-08-17T21:27:37Z</Time><Position><LatitudeDegrees>-8.04854712</LatitudeDegrees><LongitudeDegrees>-34.95091432</LongitudeDegrees></Position><HeartRateBpm><Value>174</Value></HeartRateBpm><Cadence>90</Cadence><Extensions><ns3:TPX><ns3:Speed>2.7699999809265137</ns3:Speed><ns3:Pace>0.36</ns3:Pace></ns3:TPX></Extensions></Trackpoint><Trackpoint><Time>2025-08-17T21:27:38Z</Time><Position><LatitudeDegrees>-8.04855078</LatitudeDegrees><LongitudeDegrees>-34.95094065</LongitudeDegrees></Position><HeartRateBpm><Value>174</Value></HeartRateBpm><Cadence>91</Cadence><Extensions><ns3:TPX><ns3:Speed>2.7699999809265137</ns3:Speed><ns3:Pace>0.36</ns3:Pace></ns3:TPX></Extensions></Trackpoint><Trackpoint><Time>2025-08-17T21:27:39Z</Time><Position><LatitudeDegrees>-8.04855512</LatitudeDegrees><LongitudeDegrees>-34.95096831</LongitudeDegrees></Position><HeartRateBpm><Value>175</Value></HeartRateBpm><Cadence>91</Cadence><Extensions><ns3:TPX><ns3:Speed>2.7699999809265137</ns3:Speed><ns3:Pace>0.36</ns3:Pace></ns3:TPX></Extensions></Trackpoint><Trackpoint><Time>2025-08-17T21:27:40Z</Time><Position><LatitudeDegrees>-8.04855877</LatitudeDegrees><LongitudeDegrees>-34.9509973</LongitudeDegrees></Position><HeartRateBpm><Value>176</Value></HeartRateBpm><Cadence>90</Cadence><Extensions><ns3:TPX><ns3:Speed>2.7699999809265137</ns3:Speed><ns3:Pace>0.36</ns3:Pace></ns3:TPX></Extensions></Trackpoint><Trackpoint><Time>2025-08-17T21:27:41Z</Time><Position><LatitudeDegrees>-8.04855845</LatitudeDegrees><LongitudeDegrees>-34.9510273</LongitudeDegrees></Position><HeartRateBpm><Value>176</Value></HeartRateBpm><Cadence>90</Cadence><Extensions><ns3:TPX><ns3:Speed>2.7699999809265137</ns3:Speed><ns3:Pace>0.36</ns3:Pace></ns3:TPX></Extensions></Trackpoint><Trackpoint><Time>2025-08-17T21:27:42Z</Time><Position><LatitudeDegrees>-8.04855612</LatitudeDegrees><LongitudeDegrees>-34.95105596</LongitudeDegrees></Position><HeartRateBpm><Value>176</Value></HeartRateBpm><Cadence>90</Cadence><Extensions><ns3:TPX><ns3:Speed>2.7699999809265137</ns3:Speed><ns3:Pace>0.36</ns3:Pace></ns3:TPX></Extensions></Trackpoint><Trackpoint><Time>2025-08-17T21:27:43Z</Time><Position><LatitudeDegrees>-8.04855178</LatitudeDegrees><LongitudeDegrees>-34.95108296</LongitudeDegrees></Position><HeartRateBpm><Value>176</Value></HeartRateBpm><Cadence>89</Cadence><Extensions><ns3:TPX><ns3:Speed>2.7699999809265137</ns3:Speed><ns3:Pace>0.36</ns3:Pace></ns3:TPX></Extensions></Trackpoint><Trackpoint><Time>2025-08-17T21:27:44Z</Time><Position><LatitudeDegrees>-8.04854746</LatitudeDegrees><LongitudeDegrees>-34.95110995</LongitudeDegrees></Position><HeartRateBpm><Value>178</Value></HeartRateBpm><Cadence>90</Cadence><Extensions><ns3:TPX><ns3:Speed>2.7699999809265137</ns3:Speed><ns3:Pace>0.36</ns3:Pace></ns3:TPX></Extensions></Trackpoint><Trackpoint><Time>2025-08-17T21:27:45Z</Time><Position><LatitudeDegrees>-8.0485438</LatitudeDegrees><LongitudeDegrees>-34.95113527</LongitudeDegrees></Position><HeartRateBpm><Value>179</Value></HeartRateBpm><Cadence>90</Cadence><Extensions><ns3:TPX><ns3:Speed>2.7699999809265137</ns3:Speed><ns3:Pace>0.36</ns3:Pace></ns3:TPX></Extensions></Trackpoint><Trackpoint><Time>2025-08-17T21:27:46Z</Time><Position><LatitudeDegrees>-8.04854115</LatitudeDegrees><LongitudeDegrees>-34.95115961</LongitudeDegrees></Position><HeartRateBpm><Value>179</Value></HeartRateBpm><Cadence>90</Cadence><Extensions><ns3:TPX><ns3:Speed>2.7699999809265137</ns3:Speed><ns3:Pace>0.36</ns3:Pace></ns3:TPX></Extensions></Trackpoint><Trackpoint><Time>2025-08-17T21:27:47Z</Time><Position><LatitudeDegrees>-8.04853915</LatitudeDegrees><LongitudeDegrees>-34.95118394</LongitudeDegrees></Position><HeartRateBpm><Value>179</Value></HeartRateBpm><Cadence>90</Cadence><Extensions><ns3:TPX><ns3:Speed>2.7699999809265137</ns3:Speed><ns3:Pace>0.36</ns3:Pace></ns3:TPX></Extensions></Trackpoint><Trackpoint><Time>2025-08-17T21:27:48Z</Time><Position><LatitudeDegrees>-8.04853648</LatitudeDegrees><LongitudeDegrees>-34.9512066</LongitudeDegrees></Position><HeartRateBpm><Value>179</Value></HeartRateBpm><Cadence>90</Cadence><Extensions><ns3:TPX><ns3:Speed>2.7699999809265137</ns3:Speed><ns3:Pace>0.36</ns3:Pace></ns3:TPX></Extensions></Trackpoint><Trackpoint><Time>2025-08-17T21:27:49Z</Time><Position><LatitudeDegrees>-8.04853482</LatitudeDegrees><LongitudeDegrees>-34.95122859</LongitudeDegrees></Position><HeartRateBpm><Value>178</Value></HeartRateBpm><Cadence>90</Cadence><Extensions><ns3:TPX><ns3:Speed>2.7699999809265137</ns3:Speed><ns3:Pace>0.36</ns3:Pace></ns3:TPX></Extensions></Trackpoint><Trackpoint><Time>2025-08-17T21:27:50Z</Time><Position><LatitudeDegrees>-8.04853549</LatitudeDegrees><LongitudeDegrees>-34.95124925</LongitudeDegrees></Position><HeartRateBpm><Value>178</Value></HeartRateBpm><Cadence>90</Cadence><Extensions><ns3:TPX><ns3:Speed>2.759999990463257</ns3:Speed><ns3:Pace>0.36</ns3:Pace></ns3:TPX></Extensions></Trackpoint><Trackpoint><Time>2025-08-17T21:27:51Z</Time><Position><LatitudeDegrees>-8.04853681</LatitudeDegrees><LongitudeDegrees>-34.95126859</LongitudeDegrees></Position><HeartRateBpm><Value>179</Value></HeartRateBpm><Cadence>89</Cadence><Extensions><ns3:TPX><ns3:Speed>2.759999990463257</ns3:Speed><ns3:Pace>0.36</ns3:Pace></ns3:TPX></Extensions></Trackpoint><Trackpoint><Time>2025-08-17T21:27:52Z</Time><Position><LatitudeDegrees>-8.0485398</LatitudeDegrees><LongitudeDegrees>-34.95128891</LongitudeDegrees></Position><HeartRateBpm><Value>179</Value></HeartRateBpm><Cadence>90</Cadence><Extensions><ns3:TPX><ns3:Speed>2.75</ns3:Speed><ns3:Pace>0.36</ns3:Pace></ns3:TPX></Extensions></Trackpoint><Trackpoint><Time>2025-08-17T21:27:53Z</Time><Position><LatitudeDegrees>-8.04854414</LatitudeDegrees><LongitudeDegrees>-34.95130957</LongitudeDegrees></Position><HeartRateBpm><Value>178</Value></HeartRateBpm><Cadence>90</Cadence><Extensions><ns3:TPX><ns3:Speed>2.740000009536743</ns3:Speed><ns3:Pace>0.36</ns3:Pace></ns3:TPX></Extensions></Trackpoint><Trackpoint><Time>2025-08-17T21:27:54Z</Time><Position><LatitudeDegrees>-8.04854747</LatitudeDegrees><LongitudeDegrees>-34.95133057</LongitudeDegrees></Position><HeartRateBpm><Value>178</Value></HeartRateBpm><Cadence>90</Cadence><Extensions><ns3:TPX><ns3:Speed>2.740000009536743</ns3:Speed><ns3:Pace>0.36</ns3:Pace></ns3:TPX></Extensions></Trackpoint><Trackpoint><Time>2025-08-17T21:27:55Z</Time><Position><LatitudeDegrees>-8.04854879</LatitudeDegrees><LongitudeDegrees>-34.95135089</LongitudeDegrees></Position><HeartRateBpm><Value>178</Value></HeartRateBpm><Cadence>90</Cadence><Extensions><ns3:TPX><ns3:Speed>2.7300000190734863</ns3:Speed><ns3:Pace>0.36</ns3:Pace></ns3:TPX></Extensions></Trackpoint><Trackpoint><Time>2025-08-17T21:27:56Z</Time><Position><LatitudeDegrees>-8.04854846</LatitudeDegrees><LongitudeDegrees>-34.95137188</LongitudeDegrees></Position><HeartRateBpm><Value>178</Value></HeartRateBpm><Cadence>90</Cadence><Extensions><ns3:TPX><ns3:Speed>2.7300000190734863</ns3:Speed><ns3:Pace>0.36</ns3:Pace></ns3:TPX></Extensions></Trackpoint><Trackpoint><Time>2025-08-17T21:27:57Z</Time><Position><LatitudeDegrees>-8.0485478</LatitudeDegrees><LongitudeDegrees>-34.95140021</LongitudeDegrees></Position><HeartRateBpm><Value>178</Value></HeartRateBpm><Cadence>90</Cadence><Extensions><ns3:TPX><ns3:Speed>2.7100000381469727</ns3:Speed><ns3:Pace>0.36</ns3:Pace></ns3:TPX></Extensions></Trackpoint><Trackpoint><Time>2025-08-17T21:27:58Z</Time><Position><LatitudeDegrees>-8.04854614</LatitudeDegrees><LongitudeDegrees>-34.95142754</LongitudeDegrees></Position><HeartRateBpm><Value>178</Value></HeartRateBpm><Cadence>90</Cadence><Extensions><ns3:TPX><ns3:Speed>2.7100000381469727</ns3:Speed><ns3:Pace>0.37</ns3:Pace></ns3:TPX></Extensions></Trackpoint><Trackpoint><Time>2025-08-17T21:27:59Z</Time><Position><LatitudeDegrees>-8.04854414</LatitudeDegrees><LongitudeDegrees>-34.95145286</LongitudeDegrees></Position><HeartRateBpm><Value>178</Value></HeartRateBpm><Cadence>89</Cadence><Extensions><ns3:TPX><ns3:Speed>2.700000047683716</ns3:Speed><ns3:Pace>0.37</ns3:Pace></ns3:TPX></Extensions></Trackpoint><Trackpoint><Time>2025-08-17T21:28:00Z</Time><Position><LatitudeDegrees>-8.04854214</LatitudeDegrees><LongitudeDegrees>-34.95147719</LongitudeDegrees></Position><HeartRateBpm><Value>178</Value></HeartRateBpm><Cadence>89</Cadence><Extensions><ns3:TPX><ns3:Speed>2.700000047683716</ns3:Speed><ns3:Pace>0.37</ns3:Pace></ns3:TPX></Extensions></Trackpoint><Trackpoint><Time>2025-08-17T21:28:01Z</Time><Position><LatitudeDegrees>-8.04854014</LatitudeDegrees><LongitudeDegrees>-34.95150152</LongitudeDegrees></Position><HeartRateBpm><Value>178</Value></HeartRateBpm><Cadence>89</Cadence><Extensions><ns3:TPX><ns3:Speed>2.690000057220459</ns3:Speed><ns3:Pace>0.37</ns3:Pace></ns3:TPX></Extensions></Trackpoint><Trackpoint><Time>2025-08-17T21:28:02Z</Time><Position><LatitudeDegrees>-8.04853881</LatitudeDegrees><LongitudeDegrees>-34.95152518</LongitudeDegrees></Position><HeartRateBpm><Value>177</Value></HeartRateBpm><Cadence>89</Cadence><Extensions><ns3:TPX><ns3:Speed>2.680000066757202</ns3:Speed><ns3:Pace>0.37</ns3:Pace></ns3:TPX></Extensions></Trackpoint><Trackpoint><Time>2025-08-17T21:28:03Z</Time><Position><LatitudeDegrees>-8.04853749</LatitudeDegrees><LongitudeDegrees>-34.95154817</LongitudeDegrees></Position><HeartRateBpm><Value>176</Value></HeartRateBpm><Cadence>89</Cadence><Extensions><ns3:TPX><ns3:Speed>2.680000066757202</ns3:Speed><ns3:Pace>0.37</ns3:Pace></ns3:TPX></Extensions></Trackpoint><Trackpoint><Time>2025-08-17T21:28:04Z</Time><Position><LatitudeDegrees>-8.04853617</LatitudeDegrees><LongitudeDegrees>-34.95156984</LongitudeDegrees></Position><HeartRateBpm><Value>176</Value></HeartRateBpm><Cadence>90</Cadence><Extensions><ns3:TPX><ns3:Speed>2.680000066757202</ns3:Speed><ns3:Pace>0.37</ns3:Pace></ns3:TPX></Extensions></Trackpoint><Trackpoint><Time>2025-08-17T21:28:05Z</Time><Position><LatitudeDegrees>-8.04853384</LatitudeDegrees><LongitudeDegrees>-34.95159184</LongitudeDegrees></Position><HeartRateBpm><Value>175</Value></HeartRateBpm><Cadence>90</Cadence><Extensions><ns3:TPX><ns3:Speed>2.680000066757202</ns3:Speed><ns3:Pace>0.37</ns3:Pace></ns3:TPX></Extensions></Trackpoint><Trackpoint><Time>2025-08-17T21:28:06Z</Time><Position><LatitudeDegrees>-8.04853151</LatitudeDegrees><LongitudeDegrees>-34.95161483</LongitudeDegrees></Position><HeartRateBpm><Value>175</Value></HeartRateBpm><Cadence>90</Cadence><Extensions><ns3:TPX><ns3:Speed>2.680000066757202</ns3:Speed><ns3:Pace>0.37</ns3:Pace></ns3:TPX></Extensions></Trackpoint><Trackpoint><Time>2025-08-17T21:28:07Z</Time><Position><LatitudeDegrees>-8.04852919</LatitudeDegrees><LongitudeDegrees>-34.95163782</LongitudeDegrees></Position><HeartRateBpm><Value>175</Value></HeartRateBpm><Cadence>90</Cadence><Extensions><ns3:TPX><ns3:Speed>2.6700000762939453</ns3:Speed><ns3:Pace>0.37</ns3:Pace></ns3:TPX></Extensions></Trackpoint><Trackpoint><Time>2025-08-17T21:28:08Z</Time><Position><LatitudeDegrees>-8.04852652</LatitudeDegrees><LongitudeDegrees>-34.95166081</LongitudeDegrees></Position><HeartRateBpm><Value>175</Value></HeartRateBpm><Cadence>90</Cadence><Extensions><ns3:TPX><ns3:Speed>2.6700000762939453</ns3:Speed><ns3:Pace>0.37</ns3:Pace></ns3:TPX></Extensions></Trackpoint><Trackpoint><Time>2025-08-17T21:28:09Z</Time><Position><LatitudeDegrees>-8.04852486</LatitudeDegrees><LongitudeDegrees>-34.95168413</LongitudeDegrees></Position><HeartRateBpm><Value>175</Value></HeartRateBpm><Cadence>90</Cadence><Extensions><ns3:TPX><ns3:Speed>2.6600000858306885</ns3:Speed><ns3:Pace>0.37</ns3:Pace></ns3:TPX></Extensions></Trackpoint><Trackpoint><Time>2025-08-17T21:28:10Z</Time><Position><LatitudeDegrees>-8.04852387</LatitudeDegrees><LongitudeDegrees>-34.95170747</LongitudeDegrees></Position><HeartRateBpm><Value>175</Value></HeartRateBpm><Cadence>90</Cadence><Extensions><ns3:TPX><ns3:Speed>2.6600000858306885</ns3:Speed><ns3:Pace>0.37</ns3:Pace></ns3:TPX></Extensions></Trackpoint><Trackpoint><Time>2025-08-17T21:28:11Z</Time><Position><LatitudeDegrees>-8.04852187</LatitudeDegrees><LongitudeDegrees>-34.95173046</LongitudeDegrees></Position><HeartRateBpm><Value>174</Value></HeartRateBpm><Cadence>90</Cadence><Extensions><ns3:TPX><ns3:Speed>2.6500000953674316</ns3:Speed><ns3:Pace>0.37</ns3:Pace></ns3:TPX></Extensions></Trackpoint><Trackpoint><Time>2025-08-17T21:28:12Z</Time><Position><LatitudeDegrees>-8.04852021</LatitudeDegrees><LongitudeDegrees>-34.95175378</LongitudeDegrees></Position><HeartRateBpm><Value>174</Value></HeartRateBpm><Cadence>90</Cadence><Extensions><ns3:TPX><ns3:Speed>2.6500000953674316</ns3:Speed><ns3:Pace>0.37</ns3:Pace></ns3:TPX></Extensions></Trackpoint><Trackpoint><Time>2025-08-17T21:28:13Z</Time><Position><LatitudeDegrees>-8.04851722</LatitudeDegrees><LongitudeDegrees>-34.95177677</LongitudeDegrees></Position><HeartRateBpm><Value>173</Value></HeartRateBpm><Cadence>90</Cadence><Extensions><ns3:TPX><ns3:Speed>2.6500000953674316</ns3:Speed><ns3:Pace>0.37</ns3:Pace></ns3:TPX></Extensions></Trackpoint><Trackpoint><Time>2025-08-17T21:28:14Z</Time><Position><LatitudeDegrees>-8.04851356</LatitudeDegrees><LongitudeDegrees>-34.95179943</LongitudeDegrees></Position><HeartRateBpm><Value>173</Value></HeartRateBpm><Cadence>90</Cadence><Extensions><ns3:TPX><ns3:Speed>2.6500000953674316</ns3:Speed><ns3:Pace>0.37</ns3:Pace></ns3:TPX></Extensions></Trackpoint><Trackpoint><Time>2025-08-17T21:28:15Z</Time><Position><LatitudeDegrees>-8.04850923</LatitudeDegrees><LongitudeDegrees>-34.95182276</LongitudeDegrees></Position><HeartRateBpm><Value>172</Value></HeartRateBpm><Cadence>90</Cadence><Extensions><ns3:TPX><ns3:Speed>2.640000104904175</ns3:Speed><ns3:Pace>0.37</ns3:Pace></ns3:TPX></Extensions></Trackpoint><Trackpoint><Time>2025-08-17T21:28:16Z</Time><Position><LatitudeDegrees>-8.0485039</LatitudeDegrees><LongitudeDegrees>-34.95184509</LongitudeDegrees></Position><HeartRateBpm><Value>173</Value></HeartRateBpm><Cadence>90</Cadence><Extensions><ns3:TPX><ns3:Speed>2.640000104904175</ns3:Speed><ns3:Pace>0.37</ns3:Pace></ns3:TPX></Extensions></Trackpoint><Trackpoint><Time>2025-08-17T21:28:17Z</Time><Position><LatitudeDegrees>-8.04849758</LatitudeDegrees><LongitudeDegrees>-34.95186908</LongitudeDegrees></Position><HeartRateBpm><Value>173</Value></HeartRateBpm><Cadence>89</Cadence><Extensions><ns3:TPX><ns3:Speed>2.630000114440918</ns3:Speed><ns3:Pace>0.37</ns3:Pace></ns3:TPX></Extensions></Trackpoint><Trackpoint><Time>2025-08-17T21:28:18Z</Time><Position><LatitudeDegrees>-8.04849058</LatitudeDegrees><LongitudeDegrees>-34.95189174</LongitudeDegrees></Position><HeartRateBpm><Value>173</Value></HeartRateBpm><Cadence>89</Cadence><Extensions><ns3:TPX><ns3:Speed>2.630000114440918</ns3:Speed><ns3:Pace>0.37</ns3:Pace></ns3:TPX></Extensions></Trackpoint><Trackpoint><Time>2025-08-17T21:28:19Z</Time><Position><LatitudeDegrees>-8.04848491</LatitudeDegrees><LongitudeDegrees>-34.95191541</LongitudeDegrees></Position><HeartRateBpm><Value>173</Value></HeartRateBpm><Cadence>88</Cadence><Extensions><ns3:TPX><ns3:Speed>2.630000114440918</ns3:Speed><ns3:Pace>0.38</ns3:Pace></ns3:TPX></Extensions></Trackpoint><Trackpoint><Time>2025-08-17T21:28:20Z</Time><Position><LatitudeDegrees>-8.04847892</LatitudeDegrees><LongitudeDegrees>-34.9519374</LongitudeDegrees></Position><HeartRateBpm><Value>172</Value></HeartRateBpm><Cadence>88</Cadence><Extensions><ns3:TPX><ns3:Speed>2.630000114440918</ns3:Speed><ns3:Pace>0.38</ns3:Pace></ns3:TPX></Extensions></Trackpoint><Trackpoint><Time>2025-08-17T21:28:21Z</Time><Position><LatitudeDegrees>-8.04847326</LatitudeDegrees><LongitudeDegrees>-34.9519584</LongitudeDegrees></Position><HeartRateBpm><Value>172</Value></HeartRateBpm><Cadence>88</Cadence><Extensions><ns3:TPX><ns3:Speed>2.630000114440918</ns3:Speed><ns3:Pace>0.38</ns3:Pace></ns3:TPX></Extensions></Trackpoint><Trackpoint><Time>2025-08-17T21:28:22Z</Time><Position><LatitudeDegrees>-8.04846759</LatitudeDegrees><LongitudeDegrees>-34.95197972</LongitudeDegrees></Position><HeartRateBpm><Value>172</Value></HeartRateBpm><Cadence>89</Cadence><Extensions><ns3:TPX><ns3:Speed>2.619999885559082</ns3:Speed><ns3:Pace>0.38</ns3:Pace></ns3:TPX></Extensions></Trackpoint><Trackpoint><Time>2025-08-17T21:28:23Z</Time><Position><LatitudeDegrees>-8.04846327</LatitudeDegrees><LongitudeDegrees>-34.95200205</LongitudeDegrees></Position><HeartRateBpm><Value>171</Value></HeartRateBpm><Cadence>90</Cadence><Extensions><ns3:TPX><ns3:Speed>2.619999885559082</ns3:Speed><ns3:Pace>0.38</ns3:Pace></ns3:TPX></Extensions></Trackpoint><Trackpoint><Time>2025-08-17T21:28:24Z</Time><Position><LatitudeDegrees>-8.0484606</LatitudeDegrees><LongitudeDegrees>-34.95202605</LongitudeDegrees></Position><HeartRateBpm><Value>171</Value></HeartRateBpm><Cadence>90</Cadence><Extensions><ns3:TPX><ns3:Speed>2.619999885559082</ns3:Speed><ns3:Pace>0.38</ns3:Pace></ns3:TPX></Extensions></Trackpoint><Trackpoint><Time>2025-08-17T21:28:25Z</Time><Position><LatitudeDegrees>-8.04845861</LatitudeDegrees><LongitudeDegrees>-34.95205072</LongitudeDegrees></Position><HeartRateBpm><Value>171</Value></HeartRateBpm><Cadence>90</Cadence><Extensions><ns3:TPX><ns3:Speed>2.609999895095825</ns3:Speed><ns3:Pace>0.38</ns3:Pace></ns3:TPX></Extensions></Trackpoint><Trackpoint><Time>2025-08-17T21:28:26Z</Time><Position><LatitudeDegrees>-8.04845794</LatitudeDegrees><LongitudeDegrees>-34.95207572</LongitudeDegrees></Position><HeartRateBpm><Value>170</Value></HeartRateBpm><Cadence>90</Cadence><Extensions><ns3:TPX><ns3:Speed>2.609999895095825</ns3:Speed><ns3:Pace>0.38</ns3:Pace></ns3:TPX></Extensions></Trackpoint><Trackpoint><Time>2025-08-17T21:28:27Z</Time><Position><LatitudeDegrees>-8.0484596</LatitudeDegrees><LongitudeDegrees>-34.95210004</LongitudeDegrees></Position><HeartRateBpm><Value>169</Value></HeartRateBpm><Cadence>90</Cadence><Extensions><ns3:TPX><ns3:Speed>2.609999895095825</ns3:Speed><ns3:Pace>0.38</ns3:Pace></ns3:TPX></Extensions></Trackpoint><Trackpoint><Time>2025-08-17T21:28:28Z</Time><Position><LatitudeDegrees>-8.04846192</LatitudeDegrees><LongitudeDegrees>-34.95212404</LongitudeDegrees></Position><HeartRateBpm><Value>169</Value></HeartRateBpm><Cadence>90</Cadence><Extensions><ns3:TPX><ns3:Speed>2.609999895095825</ns3:Speed><ns3:Pace>0.38</ns3:Pace></ns3:TPX></Extensions></Trackpoint><Trackpoint><Time>2025-08-17T21:28:29Z</Time><Position><LatitudeDegrees>-8.04846292</LatitudeDegrees><LongitudeDegrees>-34.95214837</LongitudeDegrees></Position><HeartRateBpm><Value>168</Value></HeartRateBpm><Cadence>90</Cadence><Extensions><ns3:TPX><ns3:Speed>2.5999999046325684</ns3:Speed><ns3:Pace>0.38</ns3:Pace></ns3:TPX></Extensions></Trackpoint><Trackpoint><Time>2025-08-17T21:28:30Z</Time><Position><LatitudeDegrees>-8.04846359</LatitudeDegrees><LongitudeDegrees>-34.95217303</LongitudeDegrees></Position><HeartRateBpm><Value>168</Value></HeartRateBpm><Cadence>90</Cadence><Extensions><ns3:TPX><ns3:Speed>2.5999999046325684</ns3:Speed><ns3:Pace>0.38</ns3:Pace></ns3:TPX></Extensions></Trackpoint><Trackpoint><Time>2025-08-17T21:28:31Z</Time><Position><LatitudeDegrees>-8.04846391</LatitudeDegrees><LongitudeDegrees>-34.95219803</LongitudeDegrees></Position><HeartRateBpm><Value>168</Value></HeartRateBpm><Cadence>90</Cadence><Extensions><ns3:TPX><ns3:Speed>2.5999999046325684</ns3:Speed><ns3:Pace>0.38</ns3:Pace></ns3:TPX></Extensions></Trackpoint><Trackpoint><Time>2025-08-17T21:28:32Z</Time><Position><LatitudeDegrees>-8.04846259</LatitudeDegrees><LongitudeDegrees>-34.95222369</LongitudeDegrees></Position><HeartRateBpm><Value>167</Value></HeartRateBpm><Cadence>90</Cadence><Extensions><ns3:TPX><ns3:Speed>2.5999999046325684</ns3:Speed><ns3:Pace>0.38</ns3:Pace></ns3:TPX></Extensions></Trackpoint><Trackpoint><Time>2025-08-17T21:28:33Z</Time><Position><LatitudeDegrees>-8.04846059</LatitudeDegrees><LongitudeDegrees>-34.95224968</LongitudeDegrees></Position><HeartRateBpm><Value>167</Value></HeartRateBpm><Cadence>90</Cadence><Extensions><ns3:TPX><ns3:Speed>2.5999999046325684</ns3:Speed><ns3:Pace>0.38</ns3:Pace></ns3:TPX></Extensions></Trackpoint><Trackpoint><Time>2025-08-17T21:28:34Z</Time><Position><LatitudeDegrees>-8.0484576</LatitudeDegrees><LongitudeDegrees>-34.95227601</LongitudeDegrees></Position><HeartRateBpm><Value>167</Value></HeartRateBpm><Cadence>90</Cadence><Extensions><ns3:TPX><ns3:Speed>2.5999999046325684</ns3:Speed><ns3:Pace>0.38</ns3:Pace></ns3:TPX></Extensions></Trackpoint><Trackpoint><Time>2025-08-17T21:28:35Z</Time><Position><LatitudeDegrees>-8.04845394</LatitudeDegrees><LongitudeDegrees>-34.952302</LongitudeDegrees></Position><HeartRateBpm><Value>166</Value></HeartRateBpm><Cadence>90</Cadence><Extensions><ns3:TPX><ns3:Speed>2.609999895095825</ns3:Speed><ns3:Pace>0.38</ns3:Pace></ns3:TPX></Extensions></Trackpoint><Trackpoint><Time>2025-08-17T21:28:36Z</Time><Position><LatitudeDegrees>-8.04844928</LatitudeDegrees><LongitudeDegrees>-34.952327</LongitudeDegrees></Position><HeartRateBpm><Value>166</Value></HeartRateBpm><Cadence>90</Cadence><Extensions><ns3:TPX><ns3:Speed>2.609999895095825</ns3:Speed><ns3:Pace>0.38</ns3:Pace></ns3:TPX></Extensions></Trackpoint><Trackpoint><Time>2025-08-17T21:28:37Z</Time><Position><LatitudeDegrees>-8.04844462</LatitudeDegrees><LongitudeDegrees>-34.952352</LongitudeDegrees></Position><HeartRateBpm><Value>167</Value></HeartRateBpm><Cadence>90</Cadence><Extensions><ns3:TPX><ns3:Speed>2.609999895095825</ns3:Speed><ns3:Pace>0.38</ns3:Pace></ns3:TPX></Extensions></Trackpoint><Trackpoint><Time>2025-08-17T21:28:38Z</Time><Position><LatitudeDegrees>-8.04844096</LatitudeDegrees><LongitudeDegrees>-34.952377</LongitudeDegrees></Position><HeartRateBpm><Value>167</Value></HeartRateBpm><Cadence>90</Cadence><Extensions><ns3:TPX><ns3:Speed>2.609999895095825</ns3:Speed><ns3:Pace>0.38</ns3:Pace></ns3:TPX></Extensions></Trackpoint><Trackpoint><Time>2025-08-17T21:28:39Z</Time><Position><LatitudeDegrees>-8.0484383</LatitudeDegrees><LongitudeDegrees>-34.95240234</LongitudeDegrees></Position><HeartRateBpm><Value>167</Value></HeartRateBpm><Cadence>90</Cadence><Extensions><ns3:TPX><ns3:Speed>2.609999895095825</ns3:Speed><ns3:Pace>0.38</ns3:Pace></ns3:TPX></Extensions></Trackpoint><Trackpoint><Time>2025-08-17T21:28:40Z</Time><Position><LatitudeDegrees>-8.04843597</LatitudeDegrees><LongitudeDegrees>-34.95242799</LongitudeDegrees></Position><HeartRateBpm><Value>167</Value></HeartRateBpm><Cadence>90</Cadence><Extensions><ns3:TPX><ns3:Speed>2.609999895095825</ns3:Speed><ns3:Pace>0.38</ns3:Pace></ns3:TPX></Extensions></Trackpoint><Trackpoint><Time>2025-08-17T21:28:41Z</Time><Position><LatitudeDegrees>-8.04843465</LatitudeDegrees><LongitudeDegrees>-34.95245266</LongitudeDegrees></Position><HeartRateBpm><Value>166</Value></HeartRateBpm><Cadence>90</Cadence><Extensions><ns3:TPX><ns3:Speed>2.609999895095825</ns3:Speed><ns3:Pace>0.38</ns3:Pace></ns3:TPX></Extensions></Trackpoint><Trackpoint><Time>2025-08-17T21:28:42Z</Time><Position><LatitudeDegrees>-8.04843366</LatitudeDegrees><LongitudeDegrees>-34.95247665</LongitudeDegrees></Position><HeartRateBpm><Value>166</Value></HeartRateBpm><Cadence>90</Cadence><Extensions><ns3:TPX><ns3:Speed>2.609999895095825</ns3:Speed><ns3:Pace>0.38</ns3:Pace></ns3:TPX></Extensions></Trackpoint><Trackpoint><Time>2025-08-17T21:28:43Z</Time><Position><LatitudeDegrees>-8.04843234</LatitudeDegrees><LongitudeDegrees>-34.95250031</LongitudeDegrees></Position><HeartRateBpm><Value>166</Value></HeartRateBpm><Cadence>90</Cadence><Extensions><ns3:TPX><ns3:Speed>2.609999895095825</ns3:Speed><ns3:Pace>0.38</ns3:Pace></ns3:TPX></Extensions></Trackpoint><Trackpoint><Time>2025-08-17T21:28:44Z</Time><Position><LatitudeDegrees>-8.04843034</LatitudeDegrees><LongitudeDegrees>-34.95252397</LongitudeDegrees></Position><HeartRateBpm><Value>166</Value></HeartRateBpm><Cadence>90</Cadence><Extensions><ns3:TPX><ns3:Speed>2.619999885559082</ns3:Speed><ns3:Pace>0.38</ns3:Pace></ns3:TPX></Extensions></Trackpoint><Trackpoint><Time>2025-08-17T21:28:45Z</Time><Position><LatitudeDegrees>-8.04842801</LatitudeDegrees><LongitudeDegrees>-34.95254796</LongitudeDegrees></Position><HeartRateBpm><Value>165</Value></HeartRateBpm><Cadence>90</Cadence><Extensions><ns3:TPX><ns3:Speed>2.619999885559082</ns3:Speed><ns3:Pace>0.38</ns3:Pace></ns3:TPX></Extensions></Trackpoint><Trackpoint><Time>2025-08-17T21:28:46Z</Time><Position><LatitudeDegrees>-8.04842601</LatitudeDegrees><LongitudeDegrees>-34.95257263</LongitudeDegrees></Position><HeartRateBpm><Value>166</Value></HeartRateBpm><Cadence>90</Cadence><Extensions><ns3:TPX><ns3:Speed>2.619999885559082</ns3:Speed><ns3:Pace>0.38</ns3:Pace></ns3:TPX></Extensions></Trackpoint><Trackpoint><Time>2025-08-17T21:28:47Z</Time><Position><LatitudeDegrees>-8.04842502</LatitudeDegrees><LongitudeDegrees>-34.9525973</LongitudeDegrees></Position><HeartRateBpm><Value>168</Value></HeartRateBpm><Cadence>91</Cadence><Extensions><ns3:TPX><ns3:Speed>2.619999885559082</ns3:Speed><ns3:Pace>0.38</ns3:Pace></ns3:TPX></Extensions></Trackpoint><Trackpoint><Time>2025-08-17T21:28:48Z</Time><Position><LatitudeDegrees>-8.04842502</LatitudeDegrees><LongitudeDegrees>-34.95262163</LongitudeDegrees></Position><HeartRateBpm><Value>167</Value></HeartRateBpm><Cadence>91</Cadence><Extensions><ns3:TPX><ns3:Speed>2.619999885559082</ns3:Speed><ns3:Pace>0.38</ns3:Pace></ns3:TPX></Extensions></Trackpoint><Trackpoint><Time>2025-08-17T21:28:49Z</Time><Position><LatitudeDegrees>-8.04842668</LatitudeDegrees><LongitudeDegrees>-34.95264495</LongitudeDegrees></Position><HeartRateBpm><Value>167</Value></HeartRateBpm><Cadence>91</Cadence><Extensions><ns3:TPX><ns3:Speed>2.619999885559082</ns3:Speed><ns3:Pace>0.38</ns3:Pace></ns3:TPX></Extensions></Trackpoint><Trackpoint><Time>2025-08-17T21:28:50Z</Time><Position><LatitudeDegrees>-8.04843034</LatitudeDegrees><LongitudeDegrees>-34.95266861</LongitudeDegrees></Position><HeartRateBpm><Value>168</Value></HeartRateBpm><Cadence>90</Cadence><Extensions><ns3:TPX><ns3:Speed>2.619999885559082</ns3:Speed><ns3:Pace>0.38</ns3:Pace></ns3:TPX></Extensions></Trackpoint><Trackpoint><Time>2025-08-17T21:28:51Z</Time><Position><LatitudeDegrees>-8.04843466</LatitudeDegrees><LongitudeDegrees>-34.95269061</LongitudeDegrees></Position><HeartRateBpm><Value>167</Value></HeartRateBpm><Cadence>90</Cadence><Extensions><ns3:TPX><ns3:Speed>2.619999885559082</ns3:Speed><ns3:Pace>0.38</ns3:Pace></ns3:TPX></Extensions></Trackpoint><Trackpoint><Time>2025-08-17T21:28:52Z</Time><Position><LatitudeDegrees>-8.04844066</LatitudeDegrees><LongitudeDegrees>-34.95271228</LongitudeDegrees></Position><HeartRateBpm><Value>167</Value></HeartRateBpm><Cadence>90</Cadence><Extensions><ns3:TPX><ns3:Speed>2.619999885559082</ns3:Speed><ns3:Pace>0.38</ns3:Pace></ns3:TPX></Extensions></Trackpoint><Trackpoint><Time>2025-08-17T21:28:53Z</Time><Position><LatitudeDegrees>-8.04844899</LatitudeDegrees><LongitudeDegrees>-34.95273327</LongitudeDegrees></Position><HeartRateBpm><Value>167</Value></HeartRateBpm><Cadence>90</Cadence><Extensions><ns3:TPX><ns3:Speed>2.619999885559082</ns3:Speed><ns3:Pace>0.38</ns3:Pace></ns3:TPX></Extensions></Trackpoint><Trackpoint><Time>2025-08-17T21:28:54Z</Time><Position><LatitudeDegrees>-8.04846033</LatitudeDegrees><LongitudeDegrees>-34.95275393</LongitudeDegrees></Position><HeartRateBpm><Value>167</Value></HeartRateBpm><Cadence>90</Cadence><Extensions><ns3:TPX><ns3:Speed>2.609999895095825</ns3:Speed><ns3:Pace>0.38</ns3:Pace></ns3:TPX></Extensions></Trackpoint><Trackpoint><Time>2025-08-17T21:28:55Z</Time><Position><LatitudeDegrees>-8.04847365</LatitudeDegrees><LongitudeDegrees>-34.95277392</LongitudeDegrees></Position><HeartRateBpm><Value>167</Value></HeartRateBpm><Cadence>90</Cadence><Extensions><ns3:TPX><ns3:Speed>2.609999895095825</ns3:Speed><ns3:Pace>0.38</ns3:Pace></ns3:TPX></Extensions></Trackpoint><Trackpoint><Time>2025-08-17T21:28:56Z</Time><Position><LatitudeDegrees>-8.04848832</LatitudeDegrees><LongitudeDegrees>-34.95279425</LongitudeDegrees></Position><HeartRateBpm><Value>167</Value></HeartRateBpm><Cadence>90</Cadence><Extensions><ns3:TPX><ns3:Speed>2.609999895095825</ns3:Speed><ns3:Pace>0.38</ns3:Pace></ns3:TPX></Extensions></Trackpoint><Trackpoint><Time>2025-08-17T21:28:57Z</Time><Position><LatitudeDegrees>-8.04850264</LatitudeDegrees><LongitudeDegrees>-34.95281591</LongitudeDegrees></Position><HeartRateBpm><Value>167</Value></HeartRateBpm><Cadence>90</Cadence><Extensions><ns3:TPX><ns3:Speed>2.609999895095825</ns3:Speed><ns3:Pace>0.38</ns3:Pace></ns3:TPX></Extensions></Trackpoint><Trackpoint><Time>2025-08-17T21:28:58Z</Time><Position><LatitudeDegrees>-8.04851596</LatitudeDegrees><LongitudeDegrees>-34.9528379</LongitudeDegrees></Position><HeartRateBpm><Value>169</Value></HeartRateBpm><Cadence>91</Cadence><Extensions><ns3:TPX><ns3:Speed>2.609999895095825</ns3:Speed><ns3:Pace>0.38</ns3:Pace></ns3:TPX></Extensions></Trackpoint><Trackpoint><Time>2025-08-17T21:28:59Z</Time><Position><LatitudeDegrees>-8.04852795</LatitudeDegrees><LongitudeDegrees>-34.9528599</LongitudeDegrees></Position><HeartRateBpm><Value>170</Value></HeartRateBpm><Cadence>91</Cadence><Extensions><ns3:TPX><ns3:Speed>2.609999895095825</ns3:Speed><ns3:Pace>0.38</ns3:Pace></ns3:TPX></Extensions></Trackpoint><Trackpoint><Time>2025-08-17T21:29:00Z</Time><Position><LatitudeDegrees>-8.04854161</LatitudeDegrees><LongitudeDegrees>-34.95287989</LongitudeDegrees></Position><HeartRateBpm><Value>170</Value></HeartRateBpm><Cadence>91</Cadence><Extensions><ns3:TPX><ns3:Speed>2.609999895095825</ns3:Speed><ns3:Pace>0.38</ns3:Pace></ns3:TPX></Extensions></Trackpoint><Trackpoint><Time>2025-08-17T21:29:01Z</Time><Position><LatitudeDegrees>-8.04855761</LatitudeDegrees><LongitudeDegrees>-34.95289856</LongitudeDegrees></Position><HeartRateBpm><Value>170</Value></HeartRateBpm><Cadence>91</Cadence><Extensions><ns3:TPX><ns3:Speed>2.609999895095825</ns3:Speed><ns3:Pace>0.38</ns3:Pace></ns3:TPX></Extensions></Trackpoint><Trackpoint><Time>2025-08-17T21:29:02Z</Time><Position><LatitudeDegrees>-8.04857394</LatitudeDegrees><LongitudeDegrees>-34.95291423</LongitudeDegrees></Position><HeartRateBpm><Value>169</Value></HeartRateBpm><Cadence>91</Cadence><Extensions><ns3:TPX><ns3:Speed>2.609999895095825</ns3:Speed><ns3:Pace>0.38</ns3:Pace></ns3:TPX></Extensions></Trackpoint><Trackpoint><Time>2025-08-17T21:29:03Z</Time><Position><LatitudeDegrees>-8.04859027</LatitudeDegrees><LongitudeDegrees>-34.95292922</LongitudeDegrees></Position><HeartRateBpm><Value>169</Value></HeartRateBpm><Cadence>90</Cadence><Extensions><ns3:TPX><ns3:Speed>2.609999895095825</ns3:Speed><ns3:Pace>0.38</ns3:Pace></ns3:TPX></Extensions></Trackpoint><Trackpoint><Time>2025-08-17T21:29:04Z</Time><Position><LatitudeDegrees>-8.04860493</LatitudeDegrees><LongitudeDegrees>-34.95294621</LongitudeDegrees></Position><HeartRateBpm><Value>169</Value></HeartRateBpm><Cadence>91</Cadence><Extensions><ns3:TPX><ns3:Speed>2.619999885559082</ns3:Speed><ns3:Pace>0.38</ns3:Pace></ns3:TPX></Extensions></Trackpoint><Trackpoint><Time>2025-08-17T21:29:05Z</Time><Position><LatitudeDegrees>-8.04862127</LatitudeDegrees><LongitudeDegrees>-34.95296554</LongitudeDegrees></Position><HeartRateBpm><Value>169</Value></HeartRateBpm><Cadence>90</Cadence><Extensions><ns3:TPX><ns3:Speed>2.619999885559082</ns3:Speed><ns3:Pace>0.38</ns3:Pace></ns3:TPX></Extensions></Trackpoint><Trackpoint><Time>2025-08-17T21:29:06Z</Time><Position><LatitudeDegrees>-8.04863826</LatitudeDegrees><LongitudeDegrees>-34.95298487</LongitudeDegrees></Position><HeartRateBpm><Value>170</Value></HeartRateBpm><Cadence>91</Cadence><Extensions><ns3:TPX><ns3:Speed>2.630000114440918</ns3:Speed><ns3:Pace>0.38</ns3:Pace></ns3:TPX></Extensions></Trackpoint><Trackpoint><Time>2025-08-17T21:29:07Z</Time><Position><LatitudeDegrees>-8.04865625</LatitudeDegrees><LongitudeDegrees>-34.9530022</LongitudeDegrees></Position><HeartRateBpm><Value>170</Value></HeartRateBpm><Cadence>91</Cadence><Extensions><ns3:TPX><ns3:Speed>2.630000114440918</ns3:Speed><ns3:Pace>0.38</ns3:Pace></ns3:TPX></Extensions></Trackpoint><Trackpoint><Time>2025-08-17T21:29:08Z</Time><Position><LatitudeDegrees>-8.04867425</LatitudeDegrees><LongitudeDegrees>-34.95301853</LongitudeDegrees></Position><HeartRateBpm><Value>171</Value></HeartRateBpm><Cadence>91</Cadence><Extensions><ns3:TPX><ns3:Speed>2.630000114440918</ns3:Speed><ns3:Pace>0.38</ns3:Pace></ns3:TPX></Extensions></Trackpoint><Trackpoint><Time>2025-08-17T21:29:09Z</Time><Position><LatitudeDegrees>-8.04869424</LatitudeDegrees><LongitudeDegrees>-34.95303352</LongitudeDegrees></Position><HeartRateBpm><Value>171</Value></HeartRateBpm><Cadence>90</Cadence><Extensions><ns3:TPX><ns3:Speed>2.630000114440918</ns3:Speed><ns3:Pace>0.38</ns3:Pace></ns3:TPX></Extensions></Trackpoint><Trackpoint><Time>2025-08-17T21:29:10Z</Time><Position><LatitudeDegrees>-8.04871456</LatitudeDegrees><LongitudeDegrees>-34.95304584</LongitudeDegrees></Position><HeartRateBpm><Value>172</Value></HeartRateBpm><Cadence>90</Cadence><Extensions><ns3:TPX><ns3:Speed>2.630000114440918</ns3:Speed><ns3:Pace>0.38</ns3:Pace></ns3:TPX></Extensions></Trackpoint><Trackpoint><Time>2025-08-17T21:29:11Z</Time><Position><LatitudeDegrees>-8.04873523</LatitudeDegrees><LongitudeDegrees>-34.95305684</LongitudeDegrees></Position><HeartRateBpm><Value>172</Value></HeartRateBpm><Cadence>90</Cadence><Extensions><ns3:TPX><ns3:Speed>2.630000114440918</ns3:Speed><ns3:Pace>0.38</ns3:Pace></ns3:TPX></Extensions></Trackpoint><Trackpoint><Time>2025-08-17T21:29:12Z</Time><Position><LatitudeDegrees>-8.04875588</LatitudeDegrees><LongitudeDegrees>-34.95306718</LongitudeDegrees></Position><HeartRateBpm><Value>172</Value></HeartRateBpm><Cadence>90</Cadence><Extensions><ns3:TPX><ns3:Speed>2.630000114440918</ns3:Speed><ns3:Pace>0.38</ns3:Pace></ns3:TPX></Extensions></Trackpoint><Trackpoint><Time>2025-08-17T21:29:13Z</Time><Position><LatitudeDegrees>-8.04877721</LatitudeDegrees><LongitudeDegrees>-34.95307518</LongitudeDegrees></Position><HeartRateBpm><Value>172</Value></HeartRateBpm><Cadence>90</Cadence><Extensions><ns3:TPX><ns3:Speed>2.630000114440918</ns3:Speed><ns3:Pace>0.38</ns3:Pace></ns3:TPX></Extensions></Trackpoint><Trackpoint><Time>2025-08-17T21:29:14Z</Time><Position><LatitudeDegrees>-8.04879687</LatitudeDegrees><LongitudeDegrees>-34.95307983</LongitudeDegrees></Position><HeartRateBpm><Value>172</Value></HeartRateBpm><Cadence>90</Cadence><Extensions><ns3:TPX><ns3:Speed>2.630000114440918</ns3:Speed><ns3:Pace>0.38</ns3:Pace></ns3:TPX></Extensions></Trackpoint><Trackpoint><Time>2025-08-17T21:29:15Z</Time><Position><LatitudeDegrees>-8.0488152</LatitudeDegrees><LongitudeDegrees>-34.95308317</LongitudeDegrees></Position><HeartRateBpm><Value>172</Value></HeartRateBpm><Cadence>90</Cadence><Extensions><ns3:TPX><ns3:Speed>2.630000114440918</ns3:Speed><ns3:Pace>0.38</ns3:Pace></ns3:TPX></Extensions></Trackpoint><Trackpoint><Time>2025-08-17T21:29:16Z</Time><Position><LatitudeDegrees>-8.04883186</LatitudeDegrees><LongitudeDegrees>-34.95308349</LongitudeDegrees></Position><HeartRateBpm><Value>171</Value></HeartRateBpm><Cadence>90</Cadence><Extensions><ns3:TPX><ns3:Speed>2.630000114440918</ns3:Speed><ns3:Pace>0.38</ns3:Pace></ns3:TPX></Extensions></Trackpoint><Trackpoint><Time>2025-08-17T21:29:17Z</Time><Position><LatitudeDegrees>-8.0488482</LatitudeDegrees><LongitudeDegrees>-34.95308283</LongitudeDegrees></Position><HeartRateBpm><Value>171</Value></HeartRateBpm><Cadence>90</Cadence><Extensions><ns3:TPX><ns3:Speed>2.630000114440918</ns3:Speed><ns3:Pace>0.38</ns3:Pace></ns3:TPX></Extensions></Trackpoint><Trackpoint><Time>2025-08-17T21:29:18Z</Time><Position><LatitudeDegrees>-8.04886519</LatitudeDegrees><LongitudeDegrees>-34.95308283</LongitudeDegrees></Position><HeartRateBpm><Value>171</Value></HeartRateBpm><Cadence>91</Cadence><Extensions><ns3:TPX><ns3:Speed>2.619999885559082</ns3:Speed><ns3:Pace>0.38</ns3:Pace></ns3:TPX></Extensions></Trackpoint><Trackpoint><Time>2025-08-17T21:29:19Z</Time><Position><LatitudeDegrees>-8.04888285</LatitudeDegrees><LongitudeDegrees>-34.9530825</LongitudeDegrees></Position><HeartRateBpm><Value>171</Value></HeartRateBpm><Cadence>91</Cadence><Extensions><ns3:TPX><ns3:Speed>2.619999885559082</ns3:Speed><ns3:Pace>0.38</ns3:Pace></ns3:TPX></Extensions></Trackpoint><Trackpoint><Time>2025-08-17T21:29:20Z</Time><Position><LatitudeDegrees>-8.04890252</LatitudeDegrees><LongitudeDegrees>-34.95308218</LongitudeDegrees></Position><HeartRateBpm><Value>171</Value></HeartRateBpm><Cadence>90</Cadence><Extensions><ns3:TPX><ns3:Speed>2.609999895095825</ns3:Speed><ns3:Pace>0.38</ns3:Pace></ns3:TPX></Extensions></Trackpoint><Trackpoint><Time>2025-08-17T21:29:21Z</Time><Position><LatitudeDegrees>-8.04892418</LatitudeDegrees><LongitudeDegrees>-34.95308185</LongitudeDegrees></Position><HeartRateBpm><Value>170</Value></HeartRateBpm><Cadence>90</Cadence><Extensions><ns3:TPX><ns3:Speed>2.5899999141693115</ns3:Speed><ns3:Pace>0.38</ns3:Pace></ns3:TPX></Extensions></Trackpoint><Trackpoint><Time>2025-08-17T21:29:22Z</Time><Position><LatitudeDegrees>-8.04894684</LatitudeDegrees><LongitudeDegrees>-34.95308319</LongitudeDegrees></Position><HeartRateBpm><Value>171</Value></HeartRateBpm><Cadence>90</Cadence><Extensions><ns3:TPX><ns3:Speed>2.5799999237060547</ns3:Speed><ns3:Pace>0.38</ns3:Pace></ns3:TPX></Extensions></Trackpoint><Trackpoint><Time>2025-08-17T21:29:23Z</Time><Position><LatitudeDegrees>-8.04897284</LatitudeDegrees><LongitudeDegrees>-34.95308851</LongitudeDegrees></Position><HeartRateBpm><Value>171</Value></HeartRateBpm><Cadence>90</Cadence><Extensions><ns3:TPX><ns3:Speed>2.569999933242798</ns3:Speed><ns3:Pace>0.39</ns3:Pace></ns3:TPX></Extensions></Trackpoint><Trackpoint><Time>2025-08-17T21:29:24Z</Time><Position><LatitudeDegrees>-8.04899817</LatitudeDegrees><LongitudeDegrees>-34.95309518</LongitudeDegrees></Position><HeartRateBpm><Value>171</Value></HeartRateBpm><Cadence>90</Cadence><Extensions><ns3:TPX><ns3:Speed>2.559999942779541</ns3:Speed><ns3:Pace>0.39</ns3:Pace></ns3:TPX></Extensions></Trackpoint><Trackpoint><Time>2025-08-17T21:29:25Z</Time><Position><LatitudeDegrees>-8.04902383</LatitudeDegrees><LongitudeDegrees>-34.95310183</LongitudeDegrees></Position><HeartRateBpm><Value>171</Value></HeartRateBpm><Cadence>90</Cadence><Extensions><ns3:TPX><ns3:Speed>2.559999942779541</ns3:Speed><ns3:Pace>0.39</ns3:Pace></ns3:TPX></Extensions></Trackpoint><Trackpoint><Time>2025-08-17T21:29:26Z</Time><Position><LatitudeDegrees>-8.04904983</LatitudeDegrees><LongitudeDegrees>-34.95310983</LongitudeDegrees></Position><HeartRateBpm><Value>171</Value></HeartRateBpm><Cadence>90</Cadence><Extensions><ns3:TPX><ns3:Speed>2.549999952316284</ns3:Speed><ns3:Pace>0.39</ns3:Pace></ns3:TPX></Extensions></Trackpoint><Trackpoint><Time>2025-08-17T21:29:27Z</Time><Position><LatitudeDegrees>-8.0490765</LatitudeDegrees><LongitudeDegrees>-34.95311817</LongitudeDegrees></Position><HeartRateBpm><Value>171</Value></HeartRateBpm><Cadence>89</Cadence><Extensions><ns3:TPX><ns3:Speed>2.549999952316284</ns3:Speed><ns3:Pace>0.39</ns3:Pace></ns3:TPX></Extensions></Trackpoint><Trackpoint><Time>2025-08-17T21:29:28Z</Time><Position><LatitudeDegrees>-8.04910317</LatitudeDegrees><LongitudeDegrees>-34.95312583</LongitudeDegrees></Position><HeartRateBpm><Value>172</Value></HeartRateBpm><Cadence>89</Cadence><Extensions><ns3:TPX><ns3:Speed>2.5399999618530273</ns3:Speed><ns3:Pace>0.39</ns3:Pace></ns3:TPX></Extensions></Trackpoint><Trackpoint><Time>2025-08-17T21:29:29Z</Time><Position><LatitudeDegrees>-8.04913049</LatitudeDegrees><LongitudeDegrees>-34.95313316</LongitudeDegrees></Position><HeartRateBpm><Value>173</Value></HeartRateBpm><Cadence>89</Cadence><Extensions><ns3:TPX><ns3:Speed>2.549999952316284</ns3:Speed><ns3:Pace>0.39</ns3:Pace></ns3:TPX></Extensions></Trackpoint><Trackpoint><Time>2025-08-17T21:29:30Z</Time><Position><LatitudeDegrees>-8.04915649</LatitudeDegrees><LongitudeDegrees>-34.95313915</LongitudeDegrees></Position><HeartRateBpm><Value>174</Value></HeartRateBpm><Cadence>89</Cadence><Extensions><ns3:TPX><ns3:Speed>2.549999952316284</ns3:Speed><ns3:Pace>0.39</ns3:Pace></ns3:TPX></Extensions></Trackpoint><Trackpoint><Time>2025-08-17T21:29:31Z</Time><Position><LatitudeDegrees>-8.04918048</LatitudeDegrees><LongitudeDegrees>-34.95314348</LongitudeDegrees></Position><HeartRateBpm><Value>175</Value></HeartRateBpm><Cadence>90</Cadence><Extensions><ns3:TPX><ns3:Speed>2.549999952316284</ns3:Speed><ns3:Pace>0.39</ns3:Pace></ns3:TPX></Extensions></Trackpoint><Trackpoint><Time>2025-08-17T21:29:32Z</Time><Position><LatitudeDegrees>-8.04920214</LatitudeDegrees><LongitudeDegrees>-34.95314714</LongitudeDegrees></Position><HeartRateBpm><Value>175</Value></HeartRateBpm><Cadence>90</Cadence><Extensions><ns3:TPX><ns3:Speed>2.549999952316284</ns3:Speed><ns3:Pace>0.39</ns3:Pace></ns3:TPX></Extensions></Trackpoint><Trackpoint><Time>2025-08-17T21:29:33Z</Time><Position><LatitudeDegrees>-8.04922379</LatitudeDegrees><LongitudeDegrees>-34.95314979</LongitudeDegrees></Position><HeartRateBpm><Value>175</Value></HeartRateBpm><Cadence>90</Cadence><Extensions><ns3:TPX><ns3:Speed>2.559999942779541</ns3:Speed><ns3:Pace>0.39</ns3:Pace></ns3:TPX></Extensions></Trackpoint><Trackpoint><Time>2025-08-17T21:29:34Z</Time><Position><LatitudeDegrees>-8.04924646</LatitudeDegrees><LongitudeDegrees>-34.95315179</LongitudeDegrees></Position><HeartRateBpm><Value>175</Value></HeartRateBpm><Cadence>91</Cadence><Extensions><ns3:TPX><ns3:Speed>2.559999942779541</ns3:Speed><ns3:Pace>0.38</ns3:Pace></ns3:TPX></Extensions></Trackpoint><Trackpoint><Time>2025-08-17T21:29:35Z</Time><Position><LatitudeDegrees>-8.04927078</LatitudeDegrees><LongitudeDegrees>-34.95315179</LongitudeDegrees></Position><HeartRateBpm><Value>175</Value></HeartRateBpm><Cadence>91</Cadence><Extensions><ns3:TPX><ns3:Speed>2.569999933242798</ns3:Speed><ns3:Pace>0.38</ns3:Pace></ns3:TPX></Extensions></Trackpoint><Trackpoint><Time>2025-08-17T21:29:36Z</Time><Position><LatitudeDegrees>-8.04929711</LatitudeDegrees><LongitudeDegrees>-34.95315147</LongitudeDegrees></Position><HeartRateBpm><Value>175</Value></HeartRateBpm><Cadence>91</Cadence><Extensions><ns3:TPX><ns3:Speed>2.569999933242798</ns3:Speed><ns3:Pace>0.38</ns3:Pace></ns3:TPX></Extensions></Trackpoint><Trackpoint><Time>2025-08-17T21:29:37Z</Time><Position><LatitudeDegrees>-8.04932411</LatitudeDegrees><LongitudeDegrees>-34.9531538</LongitudeDegrees></Position><HeartRateBpm><Value>175</Value></HeartRateBpm><Cadence>91</Cadence><Extensions><ns3:TPX><ns3:Speed>2.569999933242798</ns3:Speed><ns3:Pace>0.38</ns3:Pace></ns3:TPX></Extensions></Trackpoint><Trackpoint><Time>2025-08-17T21:29:38Z</Time><Position><LatitudeDegrees>-8.0493511</LatitudeDegrees><LongitudeDegrees>-34.95315679</LongitudeDegrees></Position><HeartRateBpm><Value>175</Value></HeartRateBpm><Cadence>91</Cadence><Extensions><ns3:TPX><ns3:Speed>2.569999933242798</ns3:Speed><ns3:Pace>0.38</ns3:Pace></ns3:TPX></Extensions></Trackpoint><Trackpoint><Time>2025-08-17T21:29:39Z</Time><Position><LatitudeDegrees>-8.04937809</LatitudeDegrees><LongitudeDegrees>-34.95315946</LongitudeDegrees></Position><HeartRateBpm><Value>174</Value></HeartRateBpm><Cadence>91</Cadence><Extensions><ns3:TPX><ns3:Speed>2.569999933242798</ns3:Speed><ns3:Pace>0.38</ns3:Pace></ns3:TPX></Extensions></Trackpoint><Trackpoint><Time>2025-08-17T21:29:40Z</Time><Position><LatitudeDegrees>-8.04940409</LatitudeDegrees><LongitudeDegrees>-34.95315978</LongitudeDegrees></Position><HeartRateBpm><Value>173</Value></HeartRateBpm><Cadence>90</Cadence><Extensions><ns3:TPX><ns3:Speed>2.569999933242798</ns3:Speed><ns3:Pace>0.38</ns3:Pace></ns3:TPX></Extensions></Trackpoint><Trackpoint><Time>2025-08-17T21:29:41Z</Time><Position><LatitudeDegrees>-8.04942842</LatitudeDegrees><LongitudeDegrees>-34.95316044</LongitudeDegrees></Position><HeartRateBpm><Value>173</Value></HeartRateBpm><Cadence>90</Cadence><Extensions><ns3:TPX><ns3:Speed>2.569999933242798</ns3:Speed><ns3:Pace>0.38</ns3:Pace></ns3:TPX></Extensions></Trackpoint><Trackpoint><Time>2025-08-17T21:29:42Z</Time><Position><LatitudeDegrees>-8.04945241</LatitudeDegrees><LongitudeDegrees>-34.95316076</LongitudeDegrees></Position><HeartRateBpm><Value>173</Value></HeartRateBpm><Cadence>90</Cadence><Extensions><ns3:TPX><ns3:Speed>2.569999933242798</ns3:Speed><ns3:Pace>0.38</ns3:Pace></ns3:TPX></Extensions></Trackpoint><Trackpoint><Time>2025-08-17T21:29:43Z</Time><Position><LatitudeDegrees>-8.0494764</LatitudeDegrees><LongitudeDegrees>-34.95316076</LongitudeDegrees></Position><HeartRateBpm><Value>172</Value></HeartRateBpm><Cadence>90</Cadence><Extensions><ns3:TPX><ns3:Speed>2.569999933242798</ns3:Speed><ns3:Pace>0.38</ns3:Pace></ns3:TPX></Extensions></Trackpoint><Trackpoint><Time>2025-08-17T21:29:44Z</Time><Position><LatitudeDegrees>-8.0495004</LatitudeDegrees><LongitudeDegrees>-34.95315944</LongitudeDegrees></Position><HeartRateBpm><Value>172</Value></HeartRateBpm><Cadence>90</Cadence><Extensions><ns3:TPX><ns3:Speed>2.569999933242798</ns3:Speed><ns3:Pace>0.38</ns3:Pace></ns3:TPX></Extensions></Trackpoint><Trackpoint><Time>2025-08-17T21:29:45Z</Time><Position><LatitudeDegrees>-8.04952472</LatitudeDegrees><LongitudeDegrees>-34.95315878</LongitudeDegrees></Position><HeartRateBpm><Value>172</Value></HeartRateBpm><Cadence>90</Cadence><Extensions><ns3:TPX><ns3:Speed>2.569999933242798</ns3:Speed><ns3:Pace>0.38</ns3:Pace></ns3:TPX></Extensions></Trackpoint><Trackpoint><Time>2025-08-17T21:29:46Z</Time><Position><LatitudeDegrees>-8.04954871</LatitudeDegrees><LongitudeDegrees>-34.95315812</LongitudeDegrees></Position><HeartRateBpm><Value>171</Value></HeartRateBpm><Cadence>91</Cadence><Extensions><ns3:TPX><ns3:Speed>2.5799999237060547</ns3:Speed><ns3:Pace>0.38</ns3:Pace></ns3:TPX></Extensions></Trackpoint><Trackpoint><Time>2025-08-17T21:29:47Z</Time><Position><LatitudeDegrees>-8.04957371</LatitudeDegrees><LongitudeDegrees>-34.95315746</LongitudeDegrees></Position><HeartRateBpm><Value>171</Value></HeartRateBpm><Cadence>91</Cadence><Extensions><ns3:TPX><ns3:Speed>2.5799999237060547</ns3:Speed><ns3:Pace>0.38</ns3:Pace></ns3:TPX></Extensions></Trackpoint><Trackpoint><Time>2025-08-17T21:29:48Z</Time><Position><LatitudeDegrees>-8.04959971</LatitudeDegrees><LongitudeDegrees>-34.95315714</LongitudeDegrees></Position><HeartRateBpm><Value>172</Value></HeartRateBpm><Cadence>90</Cadence><Extensions><ns3:TPX><ns3:Speed>2.5799999237060547</ns3:Speed><ns3:Pace>0.38</ns3:Pace></ns3:TPX></Extensions></Trackpoint><Trackpoint><Time>2025-08-17T21:29:49Z</Time><Position><LatitudeDegrees>-8.04962571</LatitudeDegrees><LongitudeDegrees>-34.95315615</LongitudeDegrees></Position><HeartRateBpm><Value>172</Value></HeartRateBpm><Cadence>90</Cadence><Extensions><ns3:TPX><ns3:Speed>2.5799999237060547</ns3:Speed><ns3:Pace>0.38</ns3:Pace></ns3:TPX></Extensions></Trackpoint><Trackpoint><Time>2025-08-17T21:29:50Z</Time><Position><LatitudeDegrees>-8.04965171</LatitudeDegrees><LongitudeDegrees>-34.95315515</LongitudeDegrees></Position><HeartRateBpm><Value>172</Value></HeartRateBpm><Cadence>90</Cadence><Extensions><ns3:TPX><ns3:Speed>2.5799999237060547</ns3:Speed><ns3:Pace>0.38</ns3:Pace></ns3:TPX></Extensions></Trackpoint><Trackpoint><Time>2025-08-17T21:29:51Z</Time><Position><LatitudeDegrees>-8.0496767</LatitudeDegrees><LongitudeDegrees>-34.95315449</LongitudeDegrees></Position><HeartRateBpm><Value>173</Value></HeartRateBpm><Cadence>90</Cadence><Extensions><ns3:TPX><ns3:Speed>2.5799999237060547</ns3:Speed><ns3:Pace>0.38</ns3:Pace></ns3:TPX></Extensions></Trackpoint><Trackpoint><Time>2025-08-17T21:29:52Z</Time><Position><LatitudeDegrees>-8.04970204</LatitudeDegrees><LongitudeDegrees>-34.95315515</LongitudeDegrees></Position><HeartRateBpm><Value>175</Value></HeartRateBpm><Cadence>90</Cadence><Extensions><ns3:TPX><ns3:Speed>2.5899999141693115</ns3:Speed><ns3:Pace>0.38</ns3:Pace></ns3:TPX></Extensions></Trackpoint><Trackpoint><Time>2025-08-17T21:29:53Z</Time><Position><LatitudeDegrees>-8.0497277</LatitudeDegrees><LongitudeDegrees>-34.95315648</LongitudeDegrees></Position><HeartRateBpm><Value>178</Value></HeartRateBpm><Cadence>90</Cadence><Extensions><ns3:TPX><ns3:Speed>2.5899999141693115</ns3:Speed><ns3:Pace>0.38</ns3:Pace></ns3:TPX></Extensions></Trackpoint><Trackpoint><Time>2025-08-17T21:29:54Z</Time><Position><LatitudeDegrees>-8.04975237</LatitudeDegrees><LongitudeDegrees>-34.95315915</LongitudeDegrees></Position><HeartRateBpm><Value>178</Value></HeartRateBpm><Cadence>91</Cadence><Extensions><ns3:TPX><ns3:Speed>2.5899999141693115</ns3:Speed><ns3:Pace>0.38</ns3:Pace></ns3:TPX></Extensions></Trackpoint><Trackpoint><Time>2025-08-17T21:29:55Z</Time><Position><LatitudeDegrees>-8.04977603</LatitudeDegrees><LongitudeDegrees>-34.95316147</LongitudeDegrees></Position><HeartRateBpm><Value>179</Value></HeartRateBpm><Cadence>90</Cadence><Extensions><ns3:TPX><ns3:Speed>2.5999999046325684</ns3:Speed><ns3:Pace>0.38</ns3:Pace></ns3:TPX></Extensions></Trackpoint><Trackpoint><Time>2025-08-17T21:29:56Z</Time><Position><LatitudeDegrees>-8.04979935</LatitudeDegrees><LongitudeDegrees>-34.95316314</LongitudeDegrees></Position><HeartRateBpm><Value>179</Value></HeartRateBpm><Cadence>90</Cadence><Extensions><ns3:TPX><ns3:Speed>2.609999895095825</ns3:Speed><ns3:Pace>0.38</ns3:Pace></ns3:TPX></Extensions></Trackpoint><Trackpoint><Time>2025-08-17T21:29:57Z</Time><Position><LatitudeDegrees>-8.04982302</LatitudeDegrees><LongitudeDegrees>-34.95316314</LongitudeDegrees></Position><HeartRateBpm><Value>179</Value></HeartRateBpm><Cadence>90</Cadence><Extensions><ns3:TPX><ns3:Speed>2.609999895095825</ns3:Speed><ns3:Pace>0.38</ns3:Pace></ns3:TPX></Extensions></Trackpoint><Trackpoint><Time>2025-08-17T21:29:58Z</Time><Position><LatitudeDegrees>-8.04984634</LatitudeDegrees><LongitudeDegrees>-34.95316147</LongitudeDegrees></Position><HeartRateBpm><Value>179</Value></HeartRateBpm><Cadence>90</Cadence><Extensions><ns3:TPX><ns3:Speed>2.609999895095825</ns3:Speed><ns3:Pace>0.38</ns3:Pace></ns3:TPX></Extensions></Trackpoint><Trackpoint><Time>2025-08-17T21:29:59Z</Time><Position><LatitudeDegrees>-8.04987001</LatitudeDegrees><LongitudeDegrees>-34.95315848</LongitudeDegrees></Position><HeartRateBpm><Value>179</Value></HeartRateBpm><Cadence>90</Cadence><Extensions><ns3:TPX><ns3:Speed>2.619999885559082</ns3:Speed><ns3:Pace>0.38</ns3:Pace></ns3:TPX></Extensions></Trackpoint><Trackpoint><Time>2025-08-17T21:30:00Z</Time><Position><LatitudeDegrees>-8.04989367</LatitudeDegrees><LongitudeDegrees>-34.95315616</LongitudeDegrees></Position><HeartRateBpm><Value>178</Value></HeartRateBpm><Cadence>90</Cadence><Extensions><ns3:TPX><ns3:Speed>2.630000114440918</ns3:Speed><ns3:Pace>0.38</ns3:Pace></ns3:TPX></Extensions></Trackpoint><Trackpoint><Time>2025-08-17T21:30:01Z</Time><Position><LatitudeDegrees>-8.049918</LatitudeDegrees><LongitudeDegrees>-34.95315449</LongitudeDegrees></Position><HeartRateBpm><Value>178</Value></HeartRateBpm><Cadence>90</Cadence><Extensions><ns3:TPX><ns3:Speed>2.630000114440918</ns3:Speed><ns3:Pace>0.37</ns3:Pace></ns3:TPX></Extensions></Trackpoint><Trackpoint><Time>2025-08-17T21:30:02Z</Time><Position><LatitudeDegrees>-8.04994265</LatitudeDegrees><LongitudeDegrees>-34.95315316</LongitudeDegrees></Position><HeartRateBpm><Value>178</Value></HeartRateBpm><Cadence>90</Cadence><Extensions><ns3:TPX><ns3:Speed>2.630000114440918</ns3:Speed><ns3:Pace>0.37</ns3:Pace></ns3:TPX></Extensions></Trackpoint><Trackpoint><Time>2025-08-17T21:30:03Z</Time><Position><LatitudeDegrees>-8.04996664</LatitudeDegrees><LongitudeDegrees>-34.95315183</LongitudeDegrees></Position><HeartRateBpm><Value>178</Value></HeartRateBpm><Cadence>90</Cadence><Extensions><ns3:TPX><ns3:Speed>2.630000114440918</ns3:Speed><ns3:Pace>0.37</ns3:Pace></ns3:TPX></Extensions></Trackpoint><Trackpoint><Time>2025-08-17T21:30:04Z</Time><Position><LatitudeDegrees>-8.04999064</LatitudeDegrees><LongitudeDegrees>-34.95315183</LongitudeDegrees></Position><HeartRateBpm><Value>178</Value></HeartRateBpm><Cadence>90</Cadence><Extensions><ns3:TPX><ns3:Speed>2.630000114440918</ns3:Speed><ns3:Pace>0.37</ns3:Pace></ns3:TPX></Extensions></Trackpoint><Trackpoint><Time>2025-08-17T21:30:05Z</Time><Position><LatitudeDegrees>-8.0500143</LatitudeDegrees><LongitudeDegrees>-34.95315282</LongitudeDegrees></Position><HeartRateBpm><Value>177</Value></HeartRateBpm><Cadence>90</Cadence><Extensions><ns3:TPX><ns3:Speed>2.630000114440918</ns3:Speed><ns3:Pace>0.37</ns3:Pace></ns3:TPX></Extensions></Trackpoint><Trackpoint><Time>2025-08-17T21:30:06Z</Time><Position><LatitudeDegrees>-8.0500373</LatitudeDegrees><LongitudeDegrees>-34.95315549</LongitudeDegrees></Position><HeartRateBpm><Value>176</Value></HeartRateBpm><Cadence>90</Cadence><Extensions><ns3:TPX><ns3:Speed>2.630000114440918</ns3:Speed><ns3:Pace>0.37</ns3:Pace></ns3:TPX></Extensions></Trackpoint><Trackpoint><Time>2025-08-17T21:30:07Z</Time><Position><LatitudeDegrees>-8.05006029</LatitudeDegrees><LongitudeDegrees>-34.95315848</LongitudeDegrees></Position><HeartRateBpm><Value>176</Value></HeartRateBpm><Cadence>90</Cadence><Extensions><ns3:TPX><ns3:Speed>2.640000104904175</ns3:Speed><ns3:Pace>0.37</ns3:Pace></ns3:TPX></Extensions></Trackpoint><Trackpoint><Time>2025-08-17T21:30:08Z</Time><Position><LatitudeDegrees>-8.05008296</LatitudeDegrees><LongitudeDegrees>-34.95316281</LongitudeDegrees></Position><HeartRateBpm><Value>176</Value></HeartRateBpm><Cadence>90</Cadence><Extensions><ns3:TPX><ns3:Speed>2.640000104904175</ns3:Speed><ns3:Pace>0.37</ns3:Pace></ns3:TPX></Extensions></Trackpoint><Trackpoint><Time>2025-08-17T21:30:09Z</Time><Position><LatitudeDegrees>-8.05010528</LatitudeDegrees><LongitudeDegrees>-34.95316647</LongitudeDegrees></Position><HeartRateBpm><Value>176</Value></HeartRateBpm><Cadence>90</Cadence><Extensions><ns3:TPX><ns3:Speed>2.640000104904175</ns3:Speed><ns3:Pace>0.37</ns3:Pace></ns3:TPX></Extensions></Trackpoint><Trackpoint><Time>2025-08-17T21:30:10Z</Time><Position><LatitudeDegrees>-8.05012794</LatitudeDegrees><LongitudeDegrees>-34.95316914</LongitudeDegrees></Position><HeartRateBpm><Value>176</Value></HeartRateBpm><Cadence>90</Cadence><Extensions><ns3:TPX><ns3:Speed>2.640000104904175</ns3:Speed><ns3:Pace>0.37</ns3:Pace></ns3:TPX></Extensions></Trackpoint><Trackpoint><Time>2025-08-17T21:30:11Z</Time><Position><LatitudeDegrees>-8.05015127</LatitudeDegrees><LongitudeDegrees>-34.95316979</LongitudeDegrees></Position><HeartRateBpm><Value>176</Value></HeartRateBpm><Cadence>90</Cadence><Extensions><ns3:TPX><ns3:Speed>2.640000104904175</ns3:Speed><ns3:Pace>0.37</ns3:Pace></ns3:TPX></Extensions></Trackpoint><Trackpoint><Time>2025-08-17T21:30:12Z</Time><Position><LatitudeDegrees>-8.05017526</LatitudeDegrees><LongitudeDegrees>-34.95316914</LongitudeDegrees></Position><HeartRateBpm><Value>177</Value></HeartRateBpm><Cadence>90</Cadence><Extensions><ns3:TPX><ns3:Speed>2.640000104904175</ns3:Speed><ns3:Pace>0.37</ns3:Pace></ns3:TPX></Extensions></Trackpoint><Trackpoint><Time>2025-08-17T21:30:13Z</Time><Position><LatitudeDegrees>-8.05019858</LatitudeDegrees><LongitudeDegrees>-34.95316781</LongitudeDegrees></Position><HeartRateBpm><Value>176</Value></HeartRateBpm><Cadence>90</Cadence><Extensions><ns3:TPX><ns3:Speed>2.640000104904175</ns3:Speed><ns3:Pace>0.37</ns3:Pace></ns3:TPX></Extensions></Trackpoint><Trackpoint><Time>2025-08-17T21:30:14Z</Time><Position><LatitudeDegrees>-8.05022124</LatitudeDegrees><LongitudeDegrees>-34.95316681</LongitudeDegrees></Position><HeartRateBpm><Value>176</Value></HeartRateBpm><Cadence>90</Cadence><Extensions><ns3:TPX><ns3:Speed>2.640000104904175</ns3:Speed><ns3:Pace>0.37</ns3:Pace></ns3:TPX></Extensions></Trackpoint><Trackpoint><Time>2025-08-17T21:30:15Z</Time><Position><LatitudeDegrees>-8.05024357</LatitudeDegrees><LongitudeDegrees>-34.95316549</LongitudeDegrees></Position><HeartRateBpm><Value>176</Value></HeartRateBpm><Cadence>90</Cadence><Extensions><ns3:TPX><ns3:Speed>2.640000104904175</ns3:Speed><ns3:Pace>0.37</ns3:Pace></ns3:TPX></Extensions></Trackpoint><Trackpoint><Time>2025-08-17T21:30:16Z</Time><Position><LatitudeDegrees>-8.05026623</LatitudeDegrees><LongitudeDegrees>-34.95316483</LongitudeDegrees></Position><HeartRateBpm><Value>176</Value></HeartRateBpm><Cadence>90</Cadence><Extensions><ns3:TPX><ns3:Speed>2.640000104904175</ns3:Speed><ns3:Pace>0.37</ns3:Pace></ns3:TPX></Extensions></Trackpoint><Trackpoint><Time>2025-08-17T21:30:17Z</Time><Position><LatitudeDegrees>-8.05029022</LatitudeDegrees><LongitudeDegrees>-34.95316417</LongitudeDegrees></Position><HeartRateBpm><Value>177</Value></HeartRateBpm><Cadence>90</Cadence><Extensions><ns3:TPX><ns3:Speed>2.640000104904175</ns3:Speed><ns3:Pace>0.37</ns3:Pace></ns3:TPX></Extensions></Trackpoint><Trackpoint><Time>2025-08-17T21:30:18Z</Time><Position><LatitudeDegrees>-8.05031522</LatitudeDegrees><LongitudeDegrees>-34.95316417</LongitudeDegrees></Position><HeartRateBpm><Value>179</Value></HeartRateBpm><Cadence>90</Cadence><Extensions><ns3:TPX><ns3:Speed>2.640000104904175</ns3:Speed><ns3:Pace>0.37</ns3:Pace></ns3:TPX></Extensions></Trackpoint><Trackpoint><Time>2025-08-17T21:30:19Z</Time><Position><LatitudeDegrees>-8.05034122</LatitudeDegrees><LongitudeDegrees>-34.95316783</LongitudeDegrees></Position><HeartRateBpm><Value>179</Value></HeartRateBpm><Cadence>91</Cadence><Extensions><ns3:TPX><ns3:Speed>2.640000104904175</ns3:Speed><ns3:Pace>0.37</ns3:Pace></ns3:TPX></Extensions></Trackpoint><Trackpoint><Time>2025-08-17T21:30:20Z</Time><Position><LatitudeDegrees>-8.05036722</LatitudeDegrees><LongitudeDegrees>-34.95317283</LongitudeDegrees></Position><HeartRateBpm><Value>179</Value></HeartRateBpm><Cadence>91</Cadence><Extensions><ns3:TPX><ns3:Speed>2.640000104904175</ns3:Speed><ns3:Pace>0.37</ns3:Pace></ns3:TPX></Extensions></Trackpoint><Trackpoint><Time>2025-08-17T21:30:21Z</Time><Position><LatitudeDegrees>-8.05039322</LatitudeDegrees><LongitudeDegrees>-34.95317949</LongitudeDegrees></Position><HeartRateBpm><Value>179</Value></HeartRateBpm><Cadence>91</Cadence><Extensions><ns3:TPX><ns3:Speed>2.640000104904175</ns3:Speed><ns3:Pace>0.37</ns3:Pace></ns3:TPX></Extensions></Trackpoint><Trackpoint><Time>2025-08-17T21:30:22Z</Time><Position><LatitudeDegrees>-8.05041821</LatitudeDegrees><LongitudeDegrees>-34.95318548</LongitudeDegrees></Position><HeartRateBpm><Value>179</Value></HeartRateBpm><Cadence>91</Cadence><Extensions><ns3:TPX><ns3:Speed>2.640000104904175</ns3:Speed><ns3:Pace>0.37</ns3:Pace></ns3:TPX></Extensions></Trackpoint><Trackpoint><Time>2025-08-17T21:30:23Z</Time><Position><LatitudeDegrees>-8.05044054</LatitudeDegrees><LongitudeDegrees>-34.95319081</LongitudeDegrees></Position><HeartRateBpm><Value>179</Value></HeartRateBpm><Cadence>90</Cadence><Extensions><ns3:TPX><ns3:Speed>2.6500000953674316</ns3:Speed><ns3:Pace>0.37</ns3:Pace></ns3:TPX></Extensions></Trackpoint><Trackpoint><Time>2025-08-17T21:30:24Z</Time><Position><LatitudeDegrees>-8.05046288</LatitudeDegrees><LongitudeDegrees>-34.95319348</LongitudeDegrees></Position><HeartRateBpm><Value>179</Value></HeartRateBpm><Cadence>90</Cadence><Extensions><ns3:TPX><ns3:Speed>2.6500000953674316</ns3:Speed><ns3:Pace>0.37</ns3:Pace></ns3:TPX></Extensions></Trackpoint><Trackpoint><Time>2025-08-17T21:30:25Z</Time><Position><LatitudeDegrees>-8.05048654</LatitudeDegrees><LongitudeDegrees>-34.95319548</LongitudeDegrees></Position><HeartRateBpm><Value>179</Value></HeartRateBpm><Cadence>90</Cadence><Extensions><ns3:TPX><ns3:Speed>2.6500000953674316</ns3:Speed><ns3:Pace>0.37</ns3:Pace></ns3:TPX></Extensions></Trackpoint><Trackpoint><Time>2025-08-17T21:30:26Z</Time><Position><LatitudeDegrees>-8.0505102</LatitudeDegrees><LongitudeDegrees>-34.9531968</LongitudeDegrees></Position><HeartRateBpm><Value>179</Value></HeartRateBpm><Cadence>91</Cadence><Extensions><ns3:TPX><ns3:Speed>2.6500000953674316</ns3:Speed><ns3:Pace>0.37</ns3:Pace></ns3:TPX></Extensions></Trackpoint><Trackpoint><Time>2025-08-17T21:30:27Z</Time><Position><LatitudeDegrees>-8.05053419</LatitudeDegrees><LongitudeDegrees>-34.9531988</LongitudeDegrees></Position><HeartRateBpm><Value>179</Value></HeartRateBpm><Cadence>91</Cadence><Extensions><ns3:TPX><ns3:Speed>2.6500000953674316</ns3:Speed><ns3:Pace>0.37</ns3:Pace></ns3:TPX></Extensions></Trackpoint><Trackpoint><Time>2025-08-17T21:30:28Z</Time><Position><LatitudeDegrees>-8.05055751</LatitudeDegrees><LongitudeDegrees>-34.95319979</LongitudeDegrees></Position><HeartRateBpm><Value>179</Value></HeartRateBpm><Cadence>91</Cadence><Extensions><ns3:TPX><ns3:Speed>2.6600000858306885</ns3:Speed><ns3:Pace>0.37</ns3:Pace></ns3:TPX></Extensions></Trackpoint><Trackpoint><Time>2025-08-17T21:30:29Z</Time><Position><LatitudeDegrees>-8.05058051</LatitudeDegrees><LongitudeDegrees>-34.95320078</LongitudeDegrees></Position><HeartRateBpm><Value>179</Value></HeartRateBpm><Cadence>91</Cadence><Extensions><ns3:TPX><ns3:Speed>2.6700000762939453</ns3:Speed><ns3:Pace>0.37</ns3:Pace></ns3:TPX></Extensions></Trackpoint><Trackpoint><Time>2025-08-17T21:30:30Z</Time><Position><LatitudeDegrees>-8.05060484</LatitudeDegrees><LongitudeDegrees>-34.95320212</LongitudeDegrees></Position><HeartRateBpm><Value>178</Value></HeartRateBpm><Cadence>91</Cadence><Extensions><ns3:TPX><ns3:Speed>2.6700000762939453</ns3:Speed><ns3:Pace>0.37</ns3:Pace></ns3:TPX></Extensions></Trackpoint><Trackpoint><Time>2025-08-17T21:30:31Z</Time><Position><LatitudeDegrees>-8.05063017</LatitudeDegrees><LongitudeDegrees>-34.95320277</LongitudeDegrees></Position><HeartRateBpm><Value>177</Value></HeartRateBpm><Cadence>91</Cadence><Extensions><ns3:TPX><ns3:Speed>2.6700000762939453</ns3:Speed><ns3:Pace>0.37</ns3:Pace></ns3:TPX></Extensions></Trackpoint><Trackpoint><Time>2025-08-17T21:30:32Z</Time><Position><LatitudeDegrees>-8.05065683</LatitudeDegrees><LongitudeDegrees>-34.95320343</LongitudeDegrees></Position><HeartRateBpm><Value>177</Value></HeartRateBpm><Cadence>91</Cadence><Extensions><ns3:TPX><ns3:Speed>2.6700000762939453</ns3:Speed><ns3:Pace>0.37</ns3:Pace></ns3:TPX></Extensions></Trackpoint><Trackpoint><Time>2025-08-17T21:30:33Z</Time><Position><LatitudeDegrees>-8.05068383</LatitudeDegrees><LongitudeDegrees>-34.95320476</LongitudeDegrees></Position><HeartRateBpm><Value>177</Value></HeartRateBpm><Cadence>91</Cadence><Extensions><ns3:TPX><ns3:Speed>2.6700000762939453</ns3:Speed><ns3:Pace>0.37</ns3:Pace></ns3:TPX></Extensions></Trackpoint><Trackpoint><Time>2025-08-17T21:30:34Z</Time><Position><LatitudeDegrees>-8.05070915</LatitudeDegrees><LongitudeDegrees>-34.9532071</LongitudeDegrees></Position><HeartRateBpm><Value>177</Value></HeartRateBpm><Cadence>91</Cadence><Extensions><ns3:TPX><ns3:Speed>2.680000066757202</ns3:Speed><ns3:Pace>0.37</ns3:Pace></ns3:TPX></Extensions></Trackpoint><Trackpoint><Time>2025-08-17T21:30:35Z</Time><Position><LatitudeDegrees>-8.05073481</LatitudeDegrees><LongitudeDegrees>-34.95321009</LongitudeDegrees></Position><HeartRateBpm><Value>177</Value></HeartRateBpm><Cadence>91</Cadence><Extensions><ns3:TPX><ns3:Speed>2.680000066757202</ns3:Speed><ns3:Pace>0.37</ns3:Pace></ns3:TPX></Extensions></Trackpoint><Trackpoint><Time>2025-08-17T21:30:36Z</Time><Position><LatitudeDegrees>-8.0507588</LatitudeDegrees><LongitudeDegrees>-34.95321408</LongitudeDegrees></Position><HeartRateBpm><Value>179</Value></HeartRateBpm><Cadence>91</Cadence><Extensions><ns3:TPX><ns3:Speed>2.680000066757202</ns3:Speed><ns3:Pace>0.37</ns3:Pace></ns3:TPX></Extensions></Trackpoint><Trackpoint><Time>2025-08-17T21:30:37Z</Time><Position><LatitudeDegrees>-8.0507818</LatitudeDegrees><LongitudeDegrees>-34.95321808</LongitudeDegrees></Position><HeartRateBpm><Value>178</Value></HeartRateBpm><Cadence>91</Cadence><Extensions><ns3:TPX><ns3:Speed>2.680000066757202</ns3:Speed><ns3:Pace>0.37</ns3:Pace></ns3:TPX></Extensions></Trackpoint><Trackpoint><Time>2025-08-17T21:30:38Z</Time><Position><LatitudeDegrees>-8.05080613</LatitudeDegrees><LongitudeDegrees>-34.95322207</LongitudeDegrees></Position><HeartRateBpm><Value>178</Value></HeartRateBpm><Cadence>91</Cadence><Extensions><ns3:TPX><ns3:Speed>2.690000057220459</ns3:Speed><ns3:Pace>0.37</ns3:Pace></ns3:TPX></Extensions></Trackpoint><Trackpoint><Time>2025-08-17T21:30:39Z</Time><Position><LatitudeDegrees>-8.05083179</LatitudeDegrees><LongitudeDegrees>-34.95322539</LongitudeDegrees></Position><HeartRateBpm><Value>178</Value></HeartRateBpm><Cadence>91</Cadence><Extensions><ns3:TPX><ns3:Speed>2.690000057220459</ns3:Speed><ns3:Pace>0.37</ns3:Pace></ns3:TPX></Extensions></Trackpoint><Trackpoint><Time>2025-08-17T21:30:40Z</Time><Position><LatitudeDegrees>-8.05085711</LatitudeDegrees><LongitudeDegrees>-34.95322806</LongitudeDegrees></Position><HeartRateBpm><Value>178</Value></HeartRateBpm><Cadence>91</Cadence><Extensions><ns3:TPX><ns3:Speed>2.700000047683716</ns3:Speed><ns3:Pace>0.37</ns3:Pace></ns3:TPX></Extensions></Trackpoint><Trackpoint><Time>2025-08-17T21:30:41Z</Time><Position><LatitudeDegrees>-8.05088144</LatitudeDegrees><LongitudeDegrees>-34.95322939</LongitudeDegrees></Position><HeartRateBpm><Value>177</Value></HeartRateBpm><Cadence>90</Cadence><Extensions><ns3:TPX><ns3:Speed>2.700000047683716</ns3:Speed><ns3:Pace>0.36</ns3:Pace></ns3:TPX></Extensions></Trackpoint><Trackpoint><Time>2025-08-17T21:30:42Z</Time><Position><LatitudeDegrees>-8.05090577</LatitudeDegrees><LongitudeDegrees>-34.95323005</LongitudeDegrees></Position><HeartRateBpm><Value>177</Value></HeartRateBpm><Cadence>90</Cadence><Extensions><ns3:TPX><ns3:Speed>2.7100000381469727</ns3:Speed><ns3:Pace>0.36</ns3:Pace></ns3:TPX></Extensions></Trackpoint><Trackpoint><Time>2025-08-17T21:30:43Z</Time><Position><LatitudeDegrees>-8.05092976</LatitudeDegrees><LongitudeDegrees>-34.9532317</LongitudeDegrees></Position><HeartRateBpm><Value>177</Value></HeartRateBpm><Cadence>89</Cadence><Extensions><ns3:TPX><ns3:Speed>2.7100000381469727</ns3:Speed><ns3:Pace>0.36</ns3:Pace></ns3:TPX></Extensions></Trackpoint><Trackpoint><Time>2025-08-17T21:30:44Z</Time><Position><LatitudeDegrees>-8.05095442</LatitudeDegrees><LongitudeDegrees>-34.95323304</LongitudeDegrees></Position><HeartRateBpm><Value>176</Value></HeartRateBpm><Cadence>89</Cadence><Extensions><ns3:TPX><ns3:Speed>2.7100000381469727</ns3:Speed><ns3:Pace>0.36</ns3:Pace></ns3:TPX></Extensions></Trackpoint><Trackpoint><Time>2025-08-17T21:30:45Z</Time><Position><LatitudeDegrees>-8.05097708</LatitudeDegrees><LongitudeDegrees>-34.95323504</LongitudeDegrees></Position><HeartRateBpm><Value>176</Value></HeartRateBpm><Cadence>89</Cadence><Extensions><ns3:TPX><ns3:Speed>2.7100000381469727</ns3:Speed><ns3:Pace>0.36</ns3:Pace></ns3:TPX></Extensions></Trackpoint><Trackpoint><Time>2025-08-17T21:30:46Z</Time><Position><LatitudeDegrees>-8.05099874</LatitudeDegrees><LongitudeDegrees>-34.95323703</LongitudeDegrees></Position><HeartRateBpm><Value>175</Value></HeartRateBpm><Cadence>89</Cadence><Extensions><ns3:TPX><ns3:Speed>2.7200000286102295</ns3:Speed><ns3:Pace>0.36</ns3:Pace></ns3:TPX></Extensions></Trackpoint><Trackpoint><Time>2025-08-17T21:30:47Z</Time><Position><LatitudeDegrees>-8.05101974</LatitudeDegrees><LongitudeDegrees>-34.95324069</LongitudeDegrees></Position><HeartRateBpm><Value>174</Value></HeartRateBpm><Cadence>89</Cadence><Extensions><ns3:TPX><ns3:Speed>2.7200000286102295</ns3:Speed><ns3:Pace>0.36</ns3:Pace></ns3:TPX></Extensions></Trackpoint><Trackpoint><Time>2025-08-17T21:30:48Z</Time><Position><LatitudeDegrees>-8.05104074</LatitudeDegrees><LongitudeDegrees>-34.95324535</LongitudeDegrees></Position><HeartRateBpm><Value>175</Value></HeartRateBpm><Cadence>90</Cadence><Extensions><ns3:TPX><ns3:Speed>2.7200000286102295</ns3:Speed><ns3:Pace>0.36</ns3:Pace></ns3:TPX></Extensions></Trackpoint><Trackpoint><Time>2025-08-17T21:30:49Z</Time><Position><LatitudeDegrees>-8.05106273</LatitudeDegrees><LongitudeDegrees>-34.95325035</LongitudeDegrees></Position><HeartRateBpm><Value>175</Value></HeartRateBpm><Cadence>90</Cadence><Extensions><ns3:TPX><ns3:Speed>2.7200000286102295</ns3:Speed><ns3:Pace>0.36</ns3:Pace></ns3:TPX></Extensions></Trackpoint><Trackpoint><Time>2025-08-17T21:30:50Z</Time><Position><LatitudeDegrees>-8.05108506</LatitudeDegrees><LongitudeDegrees>-34.95325502</LongitudeDegrees></Position><HeartRateBpm><Value>175</Value></HeartRateBpm><Cadence>90</Cadence><Extensions><ns3:TPX><ns3:Speed>2.7200000286102295</ns3:Speed><ns3:Pace>0.36</ns3:Pace></ns3:TPX></Extensions></Trackpoint><Trackpoint><Time>2025-08-17T21:30:51Z</Time><Position><LatitudeDegrees>-8.05110772</LatitudeDegrees><LongitudeDegrees>-34.95325934</LongitudeDegrees></Position><HeartRateBpm><Value>175</Value></HeartRateBpm><Cadence>90</Cadence><Extensions><ns3:TPX><ns3:Speed>2.7200000286102295</ns3:Speed><ns3:Pace>0.36</ns3:Pace></ns3:TPX></Extensions></Trackpoint><Trackpoint><Time>2025-08-17T21:30:52Z</Time><Position><LatitudeDegrees>-8.05113072</LatitudeDegrees><LongitudeDegrees>-34.95326301</LongitudeDegrees></Position><HeartRateBpm><Value>175</Value></HeartRateBpm><Cadence>90</Cadence><Extensions><ns3:TPX><ns3:Speed>2.7200000286102295</ns3:Speed><ns3:Pace>0.36</ns3:Pace></ns3:TPX></Extensions></Trackpoint><Trackpoint><Time>2025-08-17T21:30:53Z</Time><Position><LatitudeDegrees>-8.05115537</LatitudeDegrees><LongitudeDegrees>-34.95326566</LongitudeDegrees></Position><HeartRateBpm><Value>174</Value></HeartRateBpm><Cadence>90</Cadence><Extensions><ns3:TPX><ns3:Speed>2.7100000381469727</ns3:Speed><ns3:Pace>0.36</ns3:Pace></ns3:TPX></Extensions></Trackpoint><Trackpoint><Time>2025-08-17T21:30:54Z</Time><Position><LatitudeDegrees>-8.05117803</LatitudeDegrees><LongitudeDegrees>-34.95326799</LongitudeDegrees></Position><HeartRateBpm><Value>174</Value></HeartRateBpm><Cadence>90</Cadence><Extensions><ns3:TPX><ns3:Speed>2.7100000381469727</ns3:Speed><ns3:Pace>0.36</ns3:Pace></ns3:TPX></Extensions></Trackpoint><Trackpoint><Time>2025-08-17T21:30:55Z</Time><Position><LatitudeDegrees>-8.0512007</LatitudeDegrees><LongitudeDegrees>-34.95326965</LongitudeDegrees></Position><HeartRateBpm><Value>174</Value></HeartRateBpm><Cadence>90</Cadence><Extensions><ns3:TPX><ns3:Speed>2.7100000381469727</ns3:Speed><ns3:Pace>0.36</ns3:Pace></ns3:TPX></Extensions></Trackpoint><Trackpoint><Time>2025-08-17T21:30:56Z</Time><Position><LatitudeDegrees>-8.05122435</LatitudeDegrees><LongitudeDegrees>-34.95327132</LongitudeDegrees></Position><HeartRateBpm><Value>174</Value></HeartRateBpm><Cadence>90</Cadence><Extensions><ns3:TPX><ns3:Speed>2.7100000381469727</ns3:Speed><ns3:Pace>0.36</ns3:Pace></ns3:TPX></Extensions></Trackpoint><Trackpoint><Time>2025-08-17T21:30:57Z</Time><Position><LatitudeDegrees>-8.05124769</LatitudeDegrees><LongitudeDegrees>-34.95327298</LongitudeDegrees></Position><HeartRateBpm><Value>174</Value></HeartRateBpm><Cadence>90</Cadence><Extensions><ns3:TPX><ns3:Speed>2.7100000381469727</ns3:Speed><ns3:Pace>0.36</ns3:Pace></ns3:TPX></Extensions></Trackpoint><Trackpoint><Time>2025-08-17T21:30:58Z</Time><Position><LatitudeDegrees>-8.05127168</LatitudeDegrees><LongitudeDegrees>-34.95327431</LongitudeDegrees></Position><HeartRateBpm><Value>174</Value></HeartRateBpm><Cadence>90</Cadence><Extensions><ns3:TPX><ns3:Speed>2.7100000381469727</ns3:Speed><ns3:Pace>0.37</ns3:Pace></ns3:TPX></Extensions></Trackpoint><Trackpoint><Time>2025-08-17T21:30:59Z</Time><Position><LatitudeDegrees>-8.05129534</LatitudeDegrees><LongitudeDegrees>-34.95327597</LongitudeDegrees></Position><HeartRateBpm><Value>174</Value></HeartRateBpm><Cadence>90</Cadence><Extensions><ns3:TPX><ns3:Speed>2.700000047683716</ns3:Speed><ns3:Pace>0.37</ns3:Pace></ns3:TPX></Extensions></Trackpoint><Trackpoint><Time>2025-08-17T21:31:00Z</Time><Position><LatitudeDegrees>-8.05132034</LatitudeDegrees><LongitudeDegrees>-34.95327763</LongitudeDegrees></Position><HeartRateBpm><Value>174</Value></HeartRateBpm><Cadence>91</Cadence><Extensions><ns3:TPX><ns3:Speed>2.700000047683716</ns3:Speed><ns3:Pace>0.37</ns3:Pace></ns3:TPX></Extensions></Trackpoint><Trackpoint><Time>2025-08-17T21:31:01Z</Time><Position><LatitudeDegrees>-8.05134433</LatitudeDegrees><LongitudeDegrees>-34.95327997</LongitudeDegrees></Position><HeartRateBpm><Value>174</Value></HeartRateBpm><Cadence>90</Cadence><Extensions><ns3:TPX><ns3:Speed>2.700000047683716</ns3:Speed><ns3:Pace>0.37</ns3:Pace></ns3:TPX></Extensions></Trackpoint><Trackpoint><Time>2025-08-17T21:31:02Z</Time><Position><LatitudeDegrees>-8.051369</LatitudeDegrees><LongitudeDegrees>-34.95328296</LongitudeDegrees></Position><HeartRateBpm><Value>173</Value></HeartRateBpm><Cadence>90</Cadence><Extensions><ns3:TPX><ns3:Speed>2.700000047683716</ns3:Speed><ns3:Pace>0.37</ns3:Pace></ns3:TPX></Extensions></Trackpoint><Trackpoint><Time>2025-08-17T21:31:03Z</Time><Position><LatitudeDegrees>-8.05139399</LatitudeDegrees><LongitudeDegrees>-34.95328628</LongitudeDegrees></Position><HeartRateBpm><Value>173</Value></HeartRateBpm><Cadence>90</Cadence><Extensions><ns3:TPX><ns3:Speed>2.700000047683716</ns3:Speed><ns3:Pace>0.37</ns3:Pace></ns3:TPX></Extensions></Trackpoint><Trackpoint><Time>2025-08-17T21:31:04Z</Time><Position><LatitudeDegrees>-8.05141932</LatitudeDegrees><LongitudeDegrees>-34.95328994</LongitudeDegrees></Position><HeartRateBpm><Value>172</Value></HeartRateBpm><Cadence>90</Cadence><Extensions><ns3:TPX><ns3:Speed>2.700000047683716</ns3:Speed><ns3:Pace>0.37</ns3:Pace></ns3:TPX></Extensions></Trackpoint><Trackpoint><Time>2025-08-17T21:31:05Z</Time><Position><LatitudeDegrees>-8.05144331</LatitudeDegrees><LongitudeDegrees>-34.9532946</LongitudeDegrees></Position><HeartRateBpm><Value>172</Value></HeartRateBpm><Cadence>90</Cadence><Extensions><ns3:TPX><ns3:Speed>2.700000047683716</ns3:Speed><ns3:Pace>0.37</ns3:Pace></ns3:TPX></Extensions></Trackpoint><Trackpoint><Time>2025-08-17T21:31:06Z</Time><Position><LatitudeDegrees>-8.05146665</LatitudeDegrees><LongitudeDegrees>-34.95330027</LongitudeDegrees></Position><HeartRateBpm><Value>172</Value></HeartRateBpm><Cadence>90</Cadence><Extensions><ns3:TPX><ns3:Speed>2.700000047683716</ns3:Speed><ns3:Pace>0.37</ns3:Pace></ns3:TPX></Extensions></Trackpoint><Trackpoint><Time>2025-08-17T21:31:07Z</Time><Position><LatitudeDegrees>-8.05148964</LatitudeDegrees><LongitudeDegrees>-34.95330493</LongitudeDegrees></Position><HeartRateBpm><Value>172</Value></HeartRateBpm><Cadence>90</Cadence><Extensions><ns3:TPX><ns3:Speed>2.700000047683716</ns3:Speed><ns3:Pace>0.36</ns3:Pace></ns3:TPX></Extensions></Trackpoint><Trackpoint><Time>2025-08-17T21:31:08Z</Time><Position><LatitudeDegrees>-8.05151297</LatitudeDegrees><LongitudeDegrees>-34.95330859</LongitudeDegrees></Position><HeartRateBpm><Value>171</Value></HeartRateBpm><Cadence>90</Cadence><Extensions><ns3:TPX><ns3:Speed>2.7100000381469727</ns3:Speed><ns3:Pace>0.36</ns3:Pace></ns3:TPX></Extensions></Trackpoint><Trackpoint><Time>2025-08-17T21:31:09Z</Time><Position><LatitudeDegrees>-8.05153696</LatitudeDegrees><LongitudeDegrees>-34.95331093</LongitudeDegrees></Position><HeartRateBpm><Value>171</Value></HeartRateBpm><Cadence>90</Cadence><Extensions><ns3:TPX><ns3:Speed>2.7100000381469727</ns3:Speed><ns3:Pace>0.36</ns3:Pace></ns3:TPX></Extensions></Trackpoint><Trackpoint><Time>2025-08-17T21:31:10Z</Time><Position><LatitudeDegrees>-8.05155962</LatitudeDegrees><LongitudeDegrees>-34.95331325</LongitudeDegrees></Position><HeartRateBpm><Value>170</Value></HeartRateBpm><Cadence>90</Cadence><Extensions><ns3:TPX><ns3:Speed>2.7100000381469727</ns3:Speed><ns3:Pace>0.36</ns3:Pace></ns3:TPX></Extensions></Trackpoint><Trackpoint><Time>2025-08-17T21:31:11Z</Time><Position><LatitudeDegrees>-8.05158294</LatitudeDegrees><LongitudeDegrees>-34.95331592</LongitudeDegrees></Position><HeartRateBpm><Value>170</Value></HeartRateBpm><Cadence>90</Cadence><Extensions><ns3:TPX><ns3:Speed>2.7100000381469727</ns3:Speed><ns3:Pace>0.36</ns3:Pace></ns3:TPX></Extensions></Trackpoint><Trackpoint><Time>2025-08-17T21:31:12Z</Time><Position><LatitudeDegrees>-8.05160661</LatitudeDegrees><LongitudeDegrees>-34.95331792</LongitudeDegrees></Position><HeartRateBpm><Value>172</Value></HeartRateBpm><Cadence>90</Cadence><Extensions><ns3:TPX><ns3:Speed>2.7100000381469727</ns3:Speed><ns3:Pace>0.36</ns3:Pace></ns3:TPX></Extensions></Trackpoint><Trackpoint><Time>2025-08-17T21:31:13Z</Time><Position><LatitudeDegrees>-8.05162993</LatitudeDegrees><LongitudeDegrees>-34.95332124</LongitudeDegrees></Position><HeartRateBpm><Value>173</Value></HeartRateBpm><Cadence>90</Cadence><Extensions><ns3:TPX><ns3:Speed>2.7100000381469727</ns3:Speed><ns3:Pace>0.36</ns3:Pace></ns3:TPX></Extensions></Trackpoint><Trackpoint><Time>2025-08-17T21:31:14Z</Time><Position><LatitudeDegrees>-8.05165192</LatitudeDegrees><LongitudeDegrees>-34.95332491</LongitudeDegrees></Position><HeartRateBpm><Value>172</Value></HeartRateBpm><Cadence>90</Cadence><Extensions><ns3:TPX><ns3:Speed>2.7100000381469727</ns3:Speed><ns3:Pace>0.36</ns3:Pace></ns3:TPX></Extensions></Trackpoint><Trackpoint><Time>2025-08-17T21:31:15Z</Time><Position><LatitudeDegrees>-8.05167125</LatitudeDegrees><LongitudeDegrees>-34.95332923</LongitudeDegrees></Position><HeartRateBpm><Value>172</Value></HeartRateBpm><Cadence>90</Cadence><Extensions><ns3:TPX><ns3:Speed>2.7100000381469727</ns3:Speed><ns3:Pace>0.36</ns3:Pace></ns3:TPX></Extensions></Trackpoint><Trackpoint><Time>2025-08-17T21:31:16Z</Time><Position><LatitudeDegrees>-8.05168791</LatitudeDegrees><LongitudeDegrees>-34.95333323</LongitudeDegrees></Position><HeartRateBpm><Value>171</Value></HeartRateBpm><Cadence>90</Cadence><Extensions><ns3:TPX><ns3:Speed>2.7200000286102295</ns3:Speed><ns3:Pace>0.36</ns3:Pace></ns3:TPX></Extensions></Trackpoint><Trackpoint><Time>2025-08-17T21:31:17Z</Time><Position><LatitudeDegrees>-8.05170324</LatitudeDegrees><LongitudeDegrees>-34.95333555</LongitudeDegrees></Position><HeartRateBpm><Value>171</Value></HeartRateBpm><Cadence>90</Cadence><Extensions><ns3:TPX><ns3:Speed>2.7100000381469727</ns3:Speed><ns3:Pace>0.38</ns3:Pace></ns3:TPX></Extensions></Trackpoint><Trackpoint><Time>2025-08-17T21:31:18Z</Time><Position><LatitudeDegrees>-8.05171558</LatitudeDegrees><LongitudeDegrees>-34.95333789</LongitudeDegrees></Position><HeartRateBpm><Value>170</Value></HeartRateBpm><Cadence>90</Cadence><Extensions><ns3:TPX><ns3:Speed>2.609999895095825</ns3:Speed><ns3:Pace>0.41</ns3:Pace></ns3:TPX></Extensions></Trackpoint><Trackpoint><Time>2025-08-17T21:31:19Z</Time><Position><LatitudeDegrees>-8.0517259</LatitudeDegrees><LongitudeDegrees>-34.95334022</LongitudeDegrees></Position><HeartRateBpm><Value>171</Value></HeartRateBpm><Cadence>90</Cadence><Extensions><ns3:TPX><ns3:Speed>2.390000104904175</ns3:Speed><ns3:Pace>0.48</ns3:Pace></ns3:TPX></Extensions></Trackpoint><Trackpoint><Time>2025-08-17T21:31:20Z</Time><Position><LatitudeDegrees>-8.05173623</LatitudeDegrees><LongitudeDegrees>-34.95334255</LongitudeDegrees></Position><HeartRateBpm><Value>171</Value></HeartRateBpm><Cadence>90</Cadence><Extensions><ns3:TPX><ns3:Speed>2.069999933242798</ns3:Speed><ns3:Pace>0.48</ns3:Pace></ns3:TPX></Extensions></Trackpoint><Trackpoint><Time>2025-08-17T21:31:21Z</Time><Position><LatitudeDegrees>-8.05174657</LatitudeDegrees><LongitudeDegrees>-34.95334522</LongitudeDegrees></Position><HeartRateBpm><Value>171</Value></HeartRateBpm><Cadence>90</Cadence><Extensions><ns3:TPX><ns3:Speed>2.069999933242798</ns3:Speed><ns3:Pace>0.57</ns3:Pace></ns3:TPX></Extensions></Trackpoint><Trackpoint><Time>2025-08-17T21:31:22Z</Time><Position><LatitudeDegrees>-8.05175656</LatitudeDegrees><LongitudeDegrees>-34.95334789</LongitudeDegrees></Position><HeartRateBpm><Value>171</Value></HeartRateBpm><Cadence>90</Cadence><Extensions><ns3:TPX><ns3:Speed>1.75</ns3:Speed><ns3:Pace>0.66</ns3:Pace></ns3:TPX></Extensions></Trackpoint><Trackpoint><Time>2025-08-17T21:31:23Z</Time><Position><LatitudeDegrees>-8.05176721</LatitudeDegrees><LongitudeDegrees>-34.95335054</LongitudeDegrees></Position><HeartRateBpm><Value>172</Value></HeartRateBpm><Cadence>90</Cadence><Extensions><ns3:TPX><ns3:Speed>1.5099999904632568</ns3:Speed><ns3:Pace>0.71</ns3:Pace></ns3:TPX></Extensions></Trackpoint><Trackpoint><Time>2025-08-17T21:31:24Z</Time><Position><LatitudeDegrees>-8.05177888</LatitudeDegrees><LongitudeDegrees>-34.95335387</LongitudeDegrees></Position><HeartRateBpm><Value>173</Value></HeartRateBpm><Cadence>90</Cadence><Extensions><ns3:TPX><ns3:Speed>1.399999976158142</ns3:Speed><ns3:Pace>0.73</ns3:Pace></ns3:TPX></Extensions></Trackpoint><Trackpoint><Time>2025-08-17T21:31:25Z</Time><Position><LatitudeDegrees>-8.05179087</LatitudeDegrees><LongitudeDegrees>-34.95335786</LongitudeDegrees></Position><HeartRateBpm><Value>173</Value></HeartRateBpm><Cadence>90</Cadence><Extensions><ns3:TPX><ns3:Speed>1.3600000143051147</ns3:Speed><ns3:Pace>0.73</ns3:Pace></ns3:TPX></Extensions></Trackpoint><Trackpoint><Time>2025-08-17T21:31:26Z</Time><Position><LatitudeDegrees>-8.05180354</LatitudeDegrees><LongitudeDegrees>-34.95336051</LongitudeDegrees></Position><HeartRateBpm><Value>174</Value></HeartRateBpm><Cadence>90</Cadence><Extensions><ns3:TPX><ns3:Speed>1.350000023841858</ns3:Speed><ns3:Pace>0.73</ns3:Pace></ns3:TPX></Extensions></Trackpoint><Trackpoint><Time>2025-08-17T21:31:27Z</Time><Position><LatitudeDegrees>-8.05181553</LatitudeDegrees><LongitudeDegrees>-34.95336285</LongitudeDegrees></Position><HeartRateBpm><Value>174</Value></HeartRateBpm><Cadence>90</Cadence><Extensions><ns3:TPX><ns3:Speed>1.350000023841858</ns3:Speed><ns3:Pace>0.73</ns3:Pace></ns3:TPX></Extensions></Trackpoint><Trackpoint><Time>2025-08-17T21:31:28Z</Time><Position><LatitudeDegrees>-8.05182719</LatitudeDegrees><LongitudeDegrees>-34.9533655</LongitudeDegrees></Position><HeartRateBpm><Value>175</Value></HeartRateBpm><Cadence>90</Cadence><Extensions><ns3:TPX><ns3:Speed>1.350000023841858</ns3:Speed><ns3:Pace>0.73</ns3:Pace></ns3:TPX></Extensions></Trackpoint><Trackpoint><Time>2025-08-17T21:31:29Z</Time><Position><LatitudeDegrees>-8.05183852</LatitudeDegrees><LongitudeDegrees>-34.95336849</LongitudeDegrees></Position><HeartRateBpm><Value>174</Value></HeartRateBpm><Cadence>90</Cadence><Extensions><ns3:TPX><ns3:Speed>1.3600000143051147</ns3:Speed><ns3:Pace>0.72</ns3:Pace></ns3:TPX></Extensions></Trackpoint><Trackpoint><Time>2025-08-17T21:31:30Z</Time><Position><LatitudeDegrees>-8.05184985</LatitudeDegrees><LongitudeDegrees>-34.95337083</LongitudeDegrees></Position><HeartRateBpm><Value>173</Value></HeartRateBpm><Cadence>90</Cadence><Extensions><ns3:TPX><ns3:Speed>1.3799999952316284</ns3:Speed><ns3:Pace>0.72</ns3:Pace></ns3:TPX></Extensions></Trackpoint><Trackpoint><Time>2025-08-17T21:31:31Z</Time><Position><LatitudeDegrees>-8.05185984</LatitudeDegrees><LongitudeDegrees>-34.95337249</LongitudeDegrees></Position><HeartRateBpm><Value>172</Value></HeartRateBpm><Cadence>90</Cadence><Extensions><ns3:TPX><ns3:Speed>1.3799999952316284</ns3:Speed><ns3:Pace>0.72</ns3:Pace></ns3:TPX></Extensions></Trackpoint><Trackpoint><Time>2025-08-17T21:31:32Z</Time><Position><LatitudeDegrees>-8.05186884</LatitudeDegrees><LongitudeDegrees>-34.95337315</LongitudeDegrees></Position><HeartRateBpm><Value>171</Value></HeartRateBpm><Cadence>90</Cadence><Extensions><ns3:TPX><ns3:Speed>1.3799999952316284</ns3:Speed><ns3:Pace>0.72</ns3:Pace></ns3:TPX></Extensions></Trackpoint><Trackpoint><Time>2025-08-17T21:31:33Z</Time><Position><LatitudeDegrees>-8.05187883</LatitudeDegrees><LongitudeDegrees>-34.95337283</LongitudeDegrees></Position><HeartRateBpm><Value>171</Value></HeartRateBpm><Cadence>90</Cadence><Extensions><ns3:TPX><ns3:Speed>1.3799999952316284</ns3:Speed><ns3:Pace>0.72</ns3:Pace></ns3:TPX></Extensions></Trackpoint><Trackpoint><Time>2025-08-17T21:31:34Z</Time><Position><LatitudeDegrees>-8.05188916</LatitudeDegrees><LongitudeDegrees>-34.95337283</LongitudeDegrees></Position><HeartRateBpm><Value>170</Value></HeartRateBpm><Cadence>61</Cadence><Extensions><ns3:TPX><ns3:Speed>1.3700000047683716</ns3:Speed><ns3:Pace>0.74</ns3:Pace></ns3:TPX></Extensions></Trackpoint><Trackpoint><Time>2025-08-17T21:31:35Z</Time><Position><LatitudeDegrees>-8.05190015</LatitudeDegrees><LongitudeDegrees>-34.95337348</LongitudeDegrees></Position><HeartRateBpm><Value>170</Value></HeartRateBpm><Cadence>61</Cadence><Extensions><ns3:TPX><ns3:Speed>1.3300000429153442</ns3:Speed><ns3:Pace>0.77</ns3:Pace></ns3:TPX></Extensions></Trackpoint><Trackpoint><Time>2025-08-17T21:31:36Z</Time><Position><LatitudeDegrees>-8.05191049</LatitudeDegrees><LongitudeDegrees>-34.95337316</LongitudeDegrees></Position><HeartRateBpm><Value>174</Value></HeartRateBpm><Cadence>60</Cadence><Extensions><ns3:TPX><ns3:Speed>1.2899999618530273</ns3:Speed><ns3:Pace>0.79</ns3:Pace></ns3:TPX></Extensions></Trackpoint><Trackpoint><Time>2025-08-17T21:31:37Z</Time><Position><LatitudeDegrees>-8.05192148</LatitudeDegrees><LongitudeDegrees>-34.9533725</LongitudeDegrees></Position><HeartRateBpm><Value>176</Value></HeartRateBpm><Cadence>60</Cadence><Extensions><ns3:TPX><ns3:Speed>1.25</ns3:Speed><ns3:Pace>0.81</ns3:Pace></ns3:TPX></Extensions></Trackpoint><Trackpoint><Time>2025-08-17T21:31:38Z</Time><Position><LatitudeDegrees>-8.05193314</LatitudeDegrees><LongitudeDegrees>-34.95337184</LongitudeDegrees></Position><HeartRateBpm><Value>176</Value></HeartRateBpm><Cadence>60</Cadence><Extensions><ns3:TPX><ns3:Speed>1.2300000190734863</ns3:Speed><ns3:Pace>0.81</ns3:Pace></ns3:TPX></Extensions></Trackpoint><Trackpoint><Time>2025-08-17T21:31:39Z</Time><Position><LatitudeDegrees>-8.05194614</LatitudeDegrees><LongitudeDegrees>-34.95337151</LongitudeDegrees></Position><HeartRateBpm><Value>175</Value></HeartRateBpm><Cadence>62</Cadence><Extensions><ns3:TPX><ns3:Speed>1.2300000190734863</ns3:Speed><ns3:Pace>0.81</ns3:Pace></ns3:TPX></Extensions></Trackpoint><Trackpoint><Time>2025-08-17T21:31:40Z</Time><Position><LatitudeDegrees>-8.05197347</LatitudeDegrees><LongitudeDegrees>-34.95337119</LongitudeDegrees></Position><HeartRateBpm><Value>173</Value></HeartRateBpm><Cadence>62</Cadence><Extensions><ns3:TPX><ns3:Speed>1.2300000190734863</ns3:Speed><ns3:Pace>0.79</ns3:Pace></ns3:TPX></Extensions></Trackpoint><Trackpoint><Time>2025-08-17T21:31:41Z</Time><Position><LatitudeDegrees>-8.05198747</LatitudeDegrees><LongitudeDegrees>-34.95337185</LongitudeDegrees></Position><HeartRateBpm><Value>170</Value></HeartRateBpm><Cadence>62</Cadence><Extensions><ns3:TPX><ns3:Speed>1.25</ns3:Speed><ns3:Pace>0.77</ns3:Pace></ns3:TPX></Extensions></Trackpoint><Trackpoint><Time>2025-08-17T21:31:42Z</Time><Position><LatitudeDegrees>-8.05200113</LatitudeDegrees><LongitudeDegrees>-34.95337318</LongitudeDegrees></Position><HeartRateBpm><Value>168</Value></HeartRateBpm><Cadence>62</Cadence><Extensions><ns3:TPX><ns3:Speed>1.2899999618530273</ns3:Speed><ns3:Pace>0.73</ns3:Pace></ns3:TPX></Extensions></Trackpoint><Trackpoint><Time>2025-08-17T21:31:43Z</Time><Position><LatitudeDegrees>-8.05201446</LatitudeDegrees><LongitudeDegrees>-34.9533745</LongitudeDegrees></Position><HeartRateBpm><Value>168</Value></HeartRateBpm><Cadence>60</Cadence><Extensions><ns3:TPX><ns3:Speed>1.3600000143051147</ns3:Speed><ns3:Pace>0.69</ns3:Pace></ns3:TPX></Extensions></Trackpoint><Trackpoint><Time>2025-08-17T21:31:44Z</Time><Position><LatitudeDegrees>-8.05202812</LatitudeDegrees><LongitudeDegrees>-34.95337617</LongitudeDegrees></Position><HeartRateBpm><Value>168</Value></HeartRateBpm><Cadence>61</Cadence><Extensions><ns3:TPX><ns3:Speed>1.440000057220459</ns3:Speed><ns3:Pace>0.69</ns3:Pace></ns3:TPX></Extensions></Trackpoint><Trackpoint><Time>2025-08-17T21:31:45Z</Time><Position><LatitudeDegrees>-8.05204146</LatitudeDegrees><LongitudeDegrees>-34.95337716</LongitudeDegrees></Position><HeartRateBpm><Value>168</Value></HeartRateBpm><Cadence>61</Cadence><Extensions><ns3:TPX><ns3:Speed>1.440000057220459</ns3:Speed><ns3:Pace>0.66</ns3:Pace></ns3:TPX></Extensions></Trackpoint><Trackpoint><Time>2025-08-17T21:31:46Z</Time><Position><LatitudeDegrees>-8.05205379</LatitudeDegrees><LongitudeDegrees>-34.95337782</LongitudeDegrees></Position><HeartRateBpm><Value>168</Value></HeartRateBpm><Cadence>60</Cadence><Extensions><ns3:TPX><ns3:Speed>1.5099999904632568</ns3:Speed><ns3:Pace>0.64</ns3:Pace></ns3:TPX></Extensions></Trackpoint><Trackpoint><Time>2025-08-17T21:31:47Z</Time><Position><LatitudeDegrees>-8.05206578</LatitudeDegrees><LongitudeDegrees>-34.95337948</LongitudeDegrees></Position><HeartRateBpm><Value>163</Value></HeartRateBpm><Cadence>60</Cadence><Extensions><ns3:TPX><ns3:Speed>1.5399999618530273</ns3:Speed><ns3:Pace>0.64</ns3:Pace></ns3:TPX></Extensions></Trackpoint><Trackpoint><Time>2025-08-17T21:31:48Z</Time><Position><LatitudeDegrees>-8.05207777</LatitudeDegrees><LongitudeDegrees>-34.95338215</LongitudeDegrees></Position><HeartRateBpm><Value>161</Value></HeartRateBpm><Cadence>60</Cadence><Extensions><ns3:TPX><ns3:Speed>1.5399999618530273</ns3:Speed><ns3:Pace>0.65</ns3:Pace></ns3:TPX></Extensions></Trackpoint><Trackpoint><Time>2025-08-17T21:31:49Z</Time><Position><LatitudeDegrees>-8.05208909</LatitudeDegrees><LongitudeDegrees>-34.95338514</LongitudeDegrees></Position><HeartRateBpm><Value>161</Value></HeartRateBpm><Cadence>60</Cadence><Extensions><ns3:TPX><ns3:Speed>1.5299999713897705</ns3:Speed><ns3:Pace>0.66</ns3:Pace></ns3:TPX></Extensions></Trackpoint><Trackpoint><Time>2025-08-17T21:31:50Z</Time><Position><LatitudeDegrees>-8.05210009</LatitudeDegrees><LongitudeDegrees>-34.95338747</LongitudeDegrees></Position><HeartRateBpm><Value>160</Value></HeartRateBpm><Cadence>60</Cadence><Extensions><ns3:TPX><ns3:Speed>1.5099999904632568</ns3:Speed><ns3:Pace>0.66</ns3:Pace></ns3:TPX></Extensions></Trackpoint><Trackpoint><Time>2025-08-17T21:31:51Z</Time><Position><LatitudeDegrees>-8.05211042</LatitudeDegrees><LongitudeDegrees>-34.95338981</LongitudeDegrees></Position><HeartRateBpm><Value>160</Value></HeartRateBpm><Cadence>60</Cadence><Extensions><ns3:TPX><ns3:Speed>1.5099999904632568</ns3:Speed><ns3:Pace>0.67</ns3:Pace></ns3:TPX></Extensions></Trackpoint><Trackpoint><Time>2025-08-17T21:31:52Z</Time><Position><LatitudeDegrees>-8.05212107</LatitudeDegrees><LongitudeDegrees>-34.9533908</LongitudeDegrees></Position><HeartRateBpm><Value>158</Value></HeartRateBpm><Cadence>60</Cadence><Extensions><ns3:TPX><ns3:Speed>1.4800000190734863</ns3:Speed><ns3:Pace>0.67</ns3:Pace></ns3:TPX></Extensions></Trackpoint><Trackpoint><Time>2025-08-17T21:31:53Z</Time><Position><LatitudeDegrees>-8.05213173</LatitudeDegrees><LongitudeDegrees>-34.95339145</LongitudeDegrees></Position><HeartRateBpm><Value>154</Value></HeartRateBpm><Cadence>60</Cadence><Extensions><ns3:TPX><ns3:Speed>1.4700000286102295</ns3:Speed><ns3:Pace>0.68</ns3:Pace></ns3:TPX></Extensions></Trackpoint><Trackpoint><Time>2025-08-17T21:31:54Z</Time><Position><LatitudeDegrees>-8.05214273</LatitudeDegrees><LongitudeDegrees>-34.9533908</LongitudeDegrees></Position><HeartRateBpm><Value>152</Value></HeartRateBpm><Cadence>60</Cadence><Extensions><ns3:TPX><ns3:Speed>1.4600000381469727</ns3:Speed><ns3:Pace>0.68</ns3:Pace></ns3:TPX></Extensions></Trackpoint><Trackpoint><Time>2025-08-17T21:31:55Z</Time><Position><LatitudeDegrees>-8.05215306</LatitudeDegrees><LongitudeDegrees>-34.95339014</LongitudeDegrees></Position><HeartRateBpm><Value>152</Value></HeartRateBpm><Cadence>60</Cadence><Extensions><ns3:TPX><ns3:Speed>1.4500000476837158</ns3:Speed><ns3:Pace>0.68</ns3:Pace></ns3:TPX></Extensions></Trackpoint><Trackpoint><Time>2025-08-17T21:31:56Z</Time><Position><LatitudeDegrees>-8.05216372</LatitudeDegrees><LongitudeDegrees>-34.95339046</LongitudeDegrees></Position><HeartRateBpm><Value>152</Value></HeartRateBpm><Cadence>60</Cadence><Extensions><ns3:TPX><ns3:Speed>1.4500000476837158</ns3:Speed><ns3:Pace>0.69</ns3:Pace></ns3:TPX></Extensions></Trackpoint><Trackpoint><Time>2025-08-17T21:31:57Z</Time><Position><LatitudeDegrees>-8.05217538</LatitudeDegrees><LongitudeDegrees>-34.95339112</LongitudeDegrees></Position><HeartRateBpm><Value>155</Value></HeartRateBpm><Cadence>60</Cadence><Extensions><ns3:TPX><ns3:Speed>1.440000057220459</ns3:Speed><ns3:Pace>0.69</ns3:Pace></ns3:TPX></Extensions></Trackpoint><Trackpoint><Time>2025-08-17T21:31:58Z</Time><Position><LatitudeDegrees>-8.05218838</LatitudeDegrees><LongitudeDegrees>-34.95339178</LongitudeDegrees></Position><HeartRateBpm><Value>156</Value></HeartRateBpm><Cadence>60</Cadence><Extensions><ns3:TPX><ns3:Speed>1.4299999475479126</ns3:Speed><ns3:Pace>0.7</ns3:Pace></ns3:TPX></Extensions></Trackpoint><Trackpoint><Time>2025-08-17T21:31:59Z</Time><Position><LatitudeDegrees>-8.05220238</LatitudeDegrees><LongitudeDegrees>-34.95339145</LongitudeDegrees></Position><HeartRateBpm><Value>156</Value></HeartRateBpm><Cadence>61</Cadence><Extensions><ns3:TPX><ns3:Speed>1.4199999570846558</ns3:Speed><ns3:Pace>0.7</ns3:Pace></ns3:TPX></Extensions></Trackpoint><Trackpoint><Time>2025-08-17T21:32:00Z</Time><Position><LatitudeDegrees>-8.05221638</LatitudeDegrees><LongitudeDegrees>-34.95339013</LongitudeDegrees></Position><HeartRateBpm><Value>153</Value></HeartRateBpm><Cadence>61</Cadence><Extensions><ns3:TPX><ns3:Speed>1.409999966621399</ns3:Speed><ns3:Pace>0.71</ns3:Pace></ns3:TPX></Extensions></Trackpoint><Trackpoint><Time>2025-08-17T21:32:01Z</Time><Position><LatitudeDegrees>-8.05223103</LatitudeDegrees><LongitudeDegrees>-34.9533888</LongitudeDegrees></Position><HeartRateBpm><Value>151</Value></HeartRateBpm><Cadence>62</Cadence><Extensions><ns3:TPX><ns3:Speed>1.399999976158142</ns3:Speed><ns3:Pace>0.71</ns3:Pace></ns3:TPX></Extensions></Trackpoint><Trackpoint><Time>2025-08-17T21:32:02Z</Time><Position><LatitudeDegrees>-8.05224436</LatitudeDegrees><LongitudeDegrees>-34.95338747</LongitudeDegrees></Position><HeartRateBpm><Value>150</Value></HeartRateBpm><Cadence>62</Cadence><Extensions><ns3:TPX><ns3:Speed>1.399999976158142</ns3:Speed><ns3:Pace>0.71</ns3:Pace></ns3:TPX></Extensions></Trackpoint><Trackpoint><Time>2025-08-17T21:32:03Z</Time><Position><LatitudeDegrees>-8.05225635</LatitudeDegrees><LongitudeDegrees>-34.95338648</LongitudeDegrees></Position><HeartRateBpm><Value>150</Value></HeartRateBpm><Cadence>62</Cadence><Extensions><ns3:TPX><ns3:Speed>1.399999976158142</ns3:Speed><ns3:Pace>0.71</ns3:Pace></ns3:TPX></Extensions></Trackpoint><Trackpoint><Time>2025-08-17T21:32:04Z</Time><Position><LatitudeDegrees>-8.05226801</LatitudeDegrees><LongitudeDegrees>-34.95338615</LongitudeDegrees></Position><HeartRateBpm><Value>150</Value></HeartRateBpm><Cadence>62</Cadence><Extensions><ns3:TPX><ns3:Speed>1.3899999856948853</ns3:Speed><ns3:Pace>0.71</ns3:Pace></ns3:TPX></Extensions></Trackpoint><Trackpoint><Time>2025-08-17T21:32:05Z</Time><Position><LatitudeDegrees>-8.05228035</LatitudeDegrees><LongitudeDegrees>-34.95338615</LongitudeDegrees></Position><HeartRateBpm><Value>150</Value></HeartRateBpm><Cadence>62</Cadence><Extensions><ns3:TPX><ns3:Speed>1.3899999856948853</ns3:Speed><ns3:Pace>0.71</ns3:Pace></ns3:TPX></Extensions></Trackpoint><Trackpoint><Time>2025-08-17T21:32:06Z</Time><Position><LatitudeDegrees>-8.05229234</LatitudeDegrees><LongitudeDegrees>-34.95338715</LongitudeDegrees></Position><HeartRateBpm><Value>150</Value></HeartRateBpm><Cadence>62</Cadence><Extensions><ns3:TPX><ns3:Speed>1.3899999856948853</ns3:Speed><ns3:Pace>0.71</ns3:Pace></ns3:TPX></Extensions></Trackpoint><Trackpoint><Time>2025-08-17T21:32:07Z</Time><Position><LatitudeDegrees>-8.05230533</LatitudeDegrees><LongitudeDegrees>-34.95338747</LongitudeDegrees></Position><HeartRateBpm><Value>150</Value></HeartRateBpm><Cadence>62</Cadence><Extensions><ns3:TPX><ns3:Speed>1.399999976158142</ns3:Speed><ns3:Pace>0.71</ns3:Pace></ns3:TPX></Extensions></Trackpoint><Trackpoint><Time>2025-08-17T21:32:08Z</Time><Position><LatitudeDegrees>-8.05231865</LatitudeDegrees><LongitudeDegrees>-34.95338846</LongitudeDegrees></Position><HeartRateBpm><Value>149</Value></HeartRateBpm><Cadence>61</Cadence><Extensions><ns3:TPX><ns3:Speed>1.399999976158142</ns3:Speed><ns3:Pace>0.71</ns3:Pace></ns3:TPX></Extensions></Trackpoint><Trackpoint><Time>2025-08-17T21:32:09Z</Time><Position><LatitudeDegrees>-8.05233165</LatitudeDegrees><LongitudeDegrees>-34.95338946</LongitudeDegrees></Position><HeartRateBpm><Value>149</Value></HeartRateBpm><Cadence>61</Cadence><Extensions><ns3:TPX><ns3:Speed>1.399999976158142</ns3:Speed><ns3:Pace>0.71</ns3:Pace></ns3:TPX></Extensions></Trackpoint><Trackpoint><Time>2025-08-17T21:32:10Z</Time><Position><LatitudeDegrees>-8.05234497</LatitudeDegrees><LongitudeDegrees>-34.95338946</LongitudeDegrees></Position><HeartRateBpm><Value>148</Value></HeartRateBpm><Cadence>61</Cadence><Extensions><ns3:TPX><ns3:Speed>1.399999976158142</ns3:Speed><ns3:Pace>0.71</ns3:Pace></ns3:TPX></Extensions></Trackpoint><Trackpoint><Time>2025-08-17T21:32:11Z</Time><Position><LatitudeDegrees>-8.0523583</LatitudeDegrees><LongitudeDegrees>-34.95338813</LongitudeDegrees></Position><HeartRateBpm><Value>147</Value></HeartRateBpm><Cadence>62</Cadence><Extensions><ns3:TPX><ns3:Speed>1.399999976158142</ns3:Speed><ns3:Pace>0.7</ns3:Pace></ns3:TPX></Extensions></Trackpoint><Trackpoint><Time>2025-08-17T21:32:12Z</Time><Position><LatitudeDegrees>-8.05237163</LatitudeDegrees><LongitudeDegrees>-34.95338681</LongitudeDegrees></Position><HeartRateBpm><Value>147</Value></HeartRateBpm><Cadence>61</Cadence><Extensions><ns3:TPX><ns3:Speed>1.409999966621399</ns3:Speed><ns3:Pace>0.7</ns3:Pace></ns3:TPX></Extensions></Trackpoint><Trackpoint><Time>2025-08-17T21:32:13Z</Time><Position><LatitudeDegrees>-8.05238529</LatitudeDegrees><LongitudeDegrees>-34.95338547</LongitudeDegrees></Position><HeartRateBpm><Value>147</Value></HeartRateBpm><Cadence>61</Cadence><Extensions><ns3:TPX><ns3:Speed>1.409999966621399</ns3:Speed><ns3:Pace>0.7</ns3:Pace></ns3:TPX></Extensions></Trackpoint><Trackpoint><Time>2025-08-17T21:32:14Z</Time><Position><LatitudeDegrees>-8.05239961</LatitudeDegrees><LongitudeDegrees>-34.95338282</LongitudeDegrees></Position><HeartRateBpm><Value>142</Value></HeartRateBpm><Cadence>61</Cadence><Extensions><ns3:TPX><ns3:Speed>1.4199999570846558</ns3:Speed><ns3:Pace>0.7</ns3:Pace></ns3:TPX></Extensions></Trackpoint><Trackpoint><Time>2025-08-17T21:32:15Z</Time><Position><LatitudeDegrees>-8.05241361</LatitudeDegrees><LongitudeDegrees>-34.95338116</LongitudeDegrees></Position><HeartRateBpm><Value>142</Value></HeartRateBpm><Cadence>61</Cadence><Extensions><ns3:TPX><ns3:Speed>1.4199999570846558</ns3:Speed><ns3:Pace>0.7</ns3:Pace></ns3:TPX></Extensions></Trackpoint><Trackpoint><Time>2025-08-17T21:32:16Z</Time><Position><LatitudeDegrees>-8.05242794</LatitudeDegrees><LongitudeDegrees>-34.95338049</LongitudeDegrees></Position><HeartRateBpm><Value>138</Value></HeartRateBpm><Cadence>61</Cadence><Extensions><ns3:TPX><ns3:Speed>1.4199999570846558</ns3:Speed><ns3:Pace>0.7</ns3:Pace></ns3:TPX></Extensions></Trackpoint><Trackpoint><Time>2025-08-17T21:32:17Z</Time><Position><LatitudeDegrees>-8.05244194</LatitudeDegrees><LongitudeDegrees>-34.95338082</LongitudeDegrees></Position><HeartRateBpm><Value>138</Value></HeartRateBpm><Cadence>61</Cadence><Extensions><ns3:TPX><ns3:Speed>1.4199999570846558</ns3:Speed><ns3:Pace>0.69</ns3:Pace></ns3:TPX></Extensions></Trackpoint><Trackpoint><Time>2025-08-17T21:32:18Z</Time><Position><LatitudeDegrees>-8.05245493</LatitudeDegrees><LongitudeDegrees>-34.95338182</LongitudeDegrees></Position><HeartRateBpm><Value>139</Value></HeartRateBpm><Cadence>61</Cadence><Extensions><ns3:TPX><ns3:Speed>1.4299999475479126</ns3:Speed><ns3:Pace>0.69</ns3:Pace></ns3:TPX></Extensions></Trackpoint><Trackpoint><Time>2025-08-17T21:32:19Z</Time><Position><LatitudeDegrees>-8.05246726</LatitudeDegrees><LongitudeDegrees>-34.95338382</LongitudeDegrees></Position><HeartRateBpm><Value>139</Value></HeartRateBpm><Cadence>61</Cadence><Extensions><ns3:TPX><ns3:Speed>1.4299999475479126</ns3:Speed><ns3:Pace>0.69</ns3:Pace></ns3:TPX></Extensions></Trackpoint><Trackpoint><Time>2025-08-17T21:32:20Z</Time><Position><LatitudeDegrees>-8.05247925</LatitudeDegrees><LongitudeDegrees>-34.95338681</LongitudeDegrees></Position><HeartRateBpm><Value>139</Value></HeartRateBpm><Cadence>61</Cadence><Extensions><ns3:TPX><ns3:Speed>1.440000057220459</ns3:Speed><ns3:Pace>0.69</ns3:Pace></ns3:TPX></Extensions></Trackpoint><Trackpoint><Time>2025-08-17T21:32:21Z</Time><Position><LatitudeDegrees>-8.05249225</LatitudeDegrees><LongitudeDegrees>-34.9533898</LongitudeDegrees></Position><HeartRateBpm><Value>139</Value></HeartRateBpm><Cadence>61</Cadence><Extensions><ns3:TPX><ns3:Speed>1.440000057220459</ns3:Speed><ns3:Pace>0.69</ns3:Pace></ns3:TPX></Extensions></Trackpoint><Trackpoint><Time>2025-08-17T21:32:22Z</Time><Position><LatitudeDegrees>-8.05250524</LatitudeDegrees><LongitudeDegrees>-34.95339279</LongitudeDegrees></Position><HeartRateBpm><Value>137</Value></HeartRateBpm><Cadence>61</Cadence><Extensions><ns3:TPX><ns3:Speed>1.440000057220459</ns3:Speed><ns3:Pace>0.68</ns3:Pace></ns3:TPX></Extensions></Trackpoint><Trackpoint><Time>2025-08-17T21:32:23Z</Time><Position><LatitudeDegrees>-8.05251824</LatitudeDegrees><LongitudeDegrees>-34.95339644</LongitudeDegrees></Position><HeartRateBpm><Value>135</Value></HeartRateBpm><Cadence>61</Cadence><Extensions><ns3:TPX><ns3:Speed>1.4500000476837158</ns3:Speed><ns3:Pace>0.68</ns3:Pace></ns3:TPX></Extensions></Trackpoint><Trackpoint><Time>2025-08-17T21:32:24Z</Time><Position><LatitudeDegrees>-8.05253156</LatitudeDegrees><LongitudeDegrees>-34.9534001</LongitudeDegrees></Position><HeartRateBpm><Value>135</Value></HeartRateBpm><Cadence>31</Cadence><Extensions><ns3:TPX><ns3:Speed>1.4500000476837158</ns3:Speed><ns3:Pace>0.68</ns3:Pace></ns3:TPX></Extensions></Trackpoint><Trackpoint><Time>2025-08-17T21:32:25Z</Time><Position><LatitudeDegrees>-8.05254256</LatitudeDegrees><LongitudeDegrees>-34.95340309</LongitudeDegrees></Position><HeartRateBpm><Value>129</Value></HeartRateBpm><Cadence>31</Cadence><Extensions><ns3:TPX><ns3:Speed>1.4600000381469727</ns3:Speed><ns3:Pace>0.68</ns3:Pace></ns3:TPX></Extensions></Trackpoint><Trackpoint><Time>2025-08-17T21:32:26Z</Time><Position><LatitudeDegrees>-8.05255222</LatitudeDegrees><LongitudeDegrees>-34.95340576</LongitudeDegrees></Position><HeartRateBpm><Value>126</Value></HeartRateBpm><Cadence>31</Cadence><Extensions><ns3:TPX><ns3:Speed>1.4700000286102295</ns3:Speed><ns3:Pace>0.68</ns3:Pace></ns3:TPX></Extensions></Trackpoint><Trackpoint><Time>2025-08-17T21:32:27Z</Time><Position><LatitudeDegrees>-8.05256221</LatitudeDegrees><LongitudeDegrees>-34.95340841</LongitudeDegrees></Position><HeartRateBpm><Value>126</Value></HeartRateBpm><Cadence>31</Cadence><Extensions><ns3:TPX><ns3:Speed>1.4700000286102295</ns3:Speed><ns3:Pace>0.67</ns3:Pace></ns3:TPX></Extensions></Trackpoint><Trackpoint><Time>2025-08-17T21:32:28Z</Time><Position><LatitudeDegrees>-8.05257287</LatitudeDegrees><LongitudeDegrees>-34.95341208</LongitudeDegrees></Position><HeartRateBpm><Value>125</Value></HeartRateBpm><Cadence>31</Cadence><Extensions><ns3:TPX><ns3:Speed>1.4700000286102295</ns3:Speed><ns3:Pace>0.67</ns3:Pace></ns3:TPX></Extensions></Trackpoint><Trackpoint><Time>2025-08-17T21:32:29Z</Time><Position><LatitudeDegrees>-8.05258453</LatitudeDegrees><LongitudeDegrees>-34.95341507</LongitudeDegrees></Position><HeartRateBpm><Value>124</Value></HeartRateBpm><Cadence>31</Cadence><Extensions><ns3:TPX><ns3:Speed>1.4700000286102295</ns3:Speed><ns3:Pace>0.67</ns3:Pace></ns3:TPX></Extensions></Trackpoint><Trackpoint><Time>2025-08-17T21:32:30Z</Time><Position><LatitudeDegrees>-8.05259686</LatitudeDegrees><LongitudeDegrees>-34.9534174</LongitudeDegrees></Position><HeartRateBpm><Value>123</Value></HeartRateBpm><Cadence>31</Cadence><Extensions><ns3:TPX><ns3:Speed>1.4700000286102295</ns3:Speed><ns3:Pace>0.67</ns3:Pace></ns3:TPX></Extensions></Trackpoint><Trackpoint><Time>2025-08-17T21:32:31Z</Time><Position><LatitudeDegrees>-8.05260852</LatitudeDegrees><LongitudeDegrees>-34.95341906</LongitudeDegrees></Position><HeartRateBpm><Value>123</Value></HeartRateBpm><Cadence>30</Cadence><Extensions><ns3:TPX><ns3:Speed>1.4700000286102295</ns3:Speed><ns3:Pace>0.67</ns3:Pace></ns3:TPX></Extensions></Trackpoint><Trackpoint><Time>2025-08-17T21:32:32Z</Time><Position><LatitudeDegrees>-8.05261952</LatitudeDegrees><LongitudeDegrees>-34.95341972</LongitudeDegrees></Position><HeartRateBpm><Value>123</Value></HeartRateBpm><Cadence>30</Cadence><Extensions><ns3:TPX><ns3:Speed>1.4700000286102295</ns3:Speed><ns3:Pace>0.67</ns3:Pace></ns3:TPX></Extensions></Trackpoint><Trackpoint><Time>2025-08-17T21:32:33Z</Time><Position><LatitudeDegrees>-8.05263185</LatitudeDegrees><LongitudeDegrees>-34.95342072</LongitudeDegrees></Position><HeartRateBpm><Value>123</Value></HeartRateBpm><Cadence>30</Cadence><Extensions><ns3:TPX><ns3:Speed>1.4700000286102295</ns3:Speed><ns3:Pace>0.67</ns3:Pace></ns3:TPX></Extensions></Trackpoint><Trackpoint><Time>2025-08-17T21:32:34Z</Time><Position><LatitudeDegrees>-8.05264384</LatitudeDegrees><LongitudeDegrees>-34.95342171</LongitudeDegrees></Position><HeartRateBpm><Value>122</Value></HeartRateBpm><Cadence>30</Cadence><Extensions><ns3:TPX><ns3:Speed>1.4700000286102295</ns3:Speed><ns3:Pace>0.67</ns3:Pace></ns3:TPX></Extensions></Trackpoint><Trackpoint><Time>2025-08-17T21:32:35Z</Time><Position><LatitudeDegrees>-8.05265651</LatitudeDegrees><LongitudeDegrees>-34.95342203</LongitudeDegrees></Position><HeartRateBpm><Value>121</Value></HeartRateBpm><Cadence>31</Cadence><Extensions><ns3:TPX><ns3:Speed>1.4700000286102295</ns3:Speed><ns3:Pace>0.68</ns3:Pace></ns3:TPX></Extensions></Trackpoint><Trackpoint><Time>2025-08-17T21:32:36Z</Time><Position><LatitudeDegrees>-8.0526685</LatitudeDegrees><LongitudeDegrees>-34.95342269</LongitudeDegrees></Position><HeartRateBpm><Value>121</Value></HeartRateBpm><Cadence>31</Cadence><Extensions><ns3:TPX><ns3:Speed>1.4700000286102295</ns3:Speed><ns3:Pace>0.68</ns3:Pace></ns3:TPX></Extensions></Trackpoint><Trackpoint><Time>2025-08-17T21:32:37Z</Time><Position><LatitudeDegrees>-8.05268049</LatitudeDegrees><LongitudeDegrees>-34.95342469</LongitudeDegrees></Position><HeartRateBpm><Value>121</Value></HeartRateBpm><Cadence>31</Cadence><Extensions><ns3:TPX><ns3:Speed>1.4600000381469727</ns3:Speed><ns3:Pace>0.68</ns3:Pace></ns3:TPX></Extensions></Trackpoint><Trackpoint><Time>2025-08-17T21:32:38Z</Time><Position><LatitudeDegrees>-8.05269248</LatitudeDegrees><LongitudeDegrees>-34.95342801</LongitudeDegrees></Position><HeartRateBpm><Value>122</Value></HeartRateBpm><Cadence>31</Cadence><Extensions><ns3:TPX><ns3:Speed>1.4600000381469727</ns3:Speed><ns3:Pace>0.68</ns3:Pace></ns3:TPX></Extensions></Trackpoint><Trackpoint><Time>2025-08-17T21:32:39Z</Time><Position><LatitudeDegrees>-8.05270447</LatitudeDegrees><LongitudeDegrees>-34.953431</LongitudeDegrees></Position><HeartRateBpm><Value>122</Value></HeartRateBpm><Cadence>31</Cadence><Extensions><ns3:TPX><ns3:Speed>1.4600000381469727</ns3:Speed><ns3:Pace>0.68</ns3:Pace></ns3:TPX></Extensions></Trackpoint><Trackpoint><Time>2025-08-17T21:32:40Z</Time><Position><LatitudeDegrees>-8.05271546</LatitudeDegrees><LongitudeDegrees>-34.953433</LongitudeDegrees></Position><HeartRateBpm><Value>122</Value></HeartRateBpm><Cadence>31</Cadence><Extensions><ns3:TPX><ns3:Speed>1.4600000381469727</ns3:Speed><ns3:Pace>0.68</ns3:Pace></ns3:TPX></Extensions></Trackpoint><Trackpoint><Time>2025-08-17T21:32:41Z</Time><Position><LatitudeDegrees>-8.05272813</LatitudeDegrees><LongitudeDegrees>-34.95343399</LongitudeDegrees></Position><HeartRateBpm><Value>122</Value></HeartRateBpm><Cadence>31</Cadence><Extensions><ns3:TPX><ns3:Speed>1.4500000476837158</ns3:Speed><ns3:Pace>0.68</ns3:Pace></ns3:TPX></Extensions></Trackpoint><Trackpoint><Time>2025-08-17T21:32:42Z</Time><Position><LatitudeDegrees>-8.05274012</LatitudeDegrees><LongitudeDegrees>-34.95343466</LongitudeDegrees></Position><HeartRateBpm><Value>122</Value></HeartRateBpm><Cadence>31</Cadence><Extensions><ns3:TPX><ns3:Speed>1.4500000476837158</ns3:Speed><ns3:Pace>0.68</ns3:Pace></ns3:TPX></Extensions></Trackpoint><Trackpoint><Time>2025-08-17T21:32:43Z</Time><Position><LatitudeDegrees>-8.05275245</LatitudeDegrees><LongitudeDegrees>-34.95343498</LongitudeDegrees></Position><HeartRateBpm><Value>123</Value></HeartRateBpm><Cadence>31</Cadence><Extensions><ns3:TPX><ns3:Speed>1.4500000476837158</ns3:Speed><ns3:Pace>0.68</ns3:Pace></ns3:TPX></Extensions></Trackpoint><Trackpoint><Time>2025-08-17T21:32:44Z</Time><Position><LatitudeDegrees>-8.05276545</LatitudeDegrees><LongitudeDegrees>-34.95343597</LongitudeDegrees></Position><HeartRateBpm><Value>122</Value></HeartRateBpm><Cadence>31</Cadence><Extensions><ns3:TPX><ns3:Speed>1.4500000476837158</ns3:Speed><ns3:Pace>0.68</ns3:Pace></ns3:TPX></Extensions></Trackpoint><Trackpoint><Time>2025-08-17T21:32:45Z</Time><Position><LatitudeDegrees>-8.05277911</LatitudeDegrees><LongitudeDegrees>-34.95343697</LongitudeDegrees></Position><HeartRateBpm><Value>122</Value></HeartRateBpm><Cadence>31</Cadence><Extensions><ns3:TPX><ns3:Speed>1.4500000476837158</ns3:Speed><ns3:Pace>0.68</ns3:Pace></ns3:TPX></Extensions></Trackpoint><Trackpoint><Time>2025-08-17T21:32:46Z</Time><Position><LatitudeDegrees>-8.05279343</LatitudeDegrees><LongitudeDegrees>-34.95343697</LongitudeDegrees></Position><HeartRateBpm><Value>122</Value></HeartRateBpm><Cadence>31</Cadence><Extensions><ns3:TPX><ns3:Speed>1.4500000476837158</ns3:Speed><ns3:Pace>0.68</ns3:Pace></ns3:TPX></Extensions></Trackpoint><Trackpoint><Time>2025-08-17T21:32:47Z</Time><Position><LatitudeDegrees>-8.0528101</LatitudeDegrees><LongitudeDegrees>-34.95343829</LongitudeDegrees></Position><HeartRateBpm><Value>122</Value></HeartRateBpm><Cadence>31</Cadence><Extensions><ns3:TPX><ns3:Speed>1.4500000476837158</ns3:Speed><ns3:Pace>0.68</ns3:Pace></ns3:TPX></Extensions></Trackpoint><Trackpoint><Time>2025-08-17T21:32:48Z</Time><Position><LatitudeDegrees>-8.05282709</LatitudeDegrees><LongitudeDegrees>-34.95343962</LongitudeDegrees></Position><HeartRateBpm><Value>121</Value></HeartRateBpm><Cadence>31</Cadence><Extensions><ns3:TPX><ns3:Speed>1.4500000476837158</ns3:Speed><ns3:Pace>0.68</ns3:Pace></ns3:TPX></Extensions></Trackpoint><Trackpoint><Time>2025-08-17T21:32:49Z</Time><Position><LatitudeDegrees>-8.05284408</LatitudeDegrees><LongitudeDegrees>-34.95343995</LongitudeDegrees></Position><HeartRateBpm><Value>120</Value></HeartRateBpm><Cadence>31</Cadence><Extensions><ns3:TPX><ns3:Speed>1.4500000476837158</ns3:Speed><ns3:Pace>0.68</ns3:Pace></ns3:TPX></Extensions></Trackpoint><Trackpoint><Time>2025-08-17T21:32:50Z</Time><Position><LatitudeDegrees>-8.05286074</LatitudeDegrees><LongitudeDegrees>-34.95344127</LongitudeDegrees></Position><HeartRateBpm><Value>119</Value></HeartRateBpm><Cadence>32</Cadence><Extensions><ns3:TPX><ns3:Speed>1.4500000476837158</ns3:Speed><ns3:Pace>0.68</ns3:Pace></ns3:TPX></Extensions></Trackpoint><Trackpoint><Time>2025-08-17T21:32:51Z</Time><Position><LatitudeDegrees>-8.05287708</LatitudeDegrees><LongitudeDegrees>-34.95344327</LongitudeDegrees></Position><HeartRateBpm><Value>119</Value></HeartRateBpm><Cadence>32</Cadence><Extensions><ns3:TPX><ns3:Speed>1.4500000476837158</ns3:Speed><ns3:Pace>0.68</ns3:Pace></ns3:TPX></Extensions></Trackpoint><Trackpoint><Time>2025-08-17T21:32:52Z</Time><Position><LatitudeDegrees>-8.05289241</LatitudeDegrees><LongitudeDegrees>-34.9534446</LongitudeDegrees></Position><HeartRateBpm><Value>118</Value></HeartRateBpm><Cadence>32</Cadence><Extensions><ns3:TPX><ns3:Speed>1.4500000476837158</ns3:Speed><ns3:Pace>0.68</ns3:Pace></ns3:TPX></Extensions></Trackpoint><Trackpoint><Time>2025-08-17T21:32:53Z</Time><Position><LatitudeDegrees>-8.05290641</LatitudeDegrees><LongitudeDegrees>-34.9534456</LongitudeDegrees></Position><HeartRateBpm><Value>117</Value></HeartRateBpm><Cadence>31</Cadence><Extensions><ns3:TPX><ns3:Speed>1.4600000381469727</ns3:Speed><ns3:Pace>0.68</ns3:Pace></ns3:TPX></Extensions></Trackpoint><Trackpoint><Time>2025-08-17T21:32:54Z</Time><Position><LatitudeDegrees>-8.05291973</LatitudeDegrees><LongitudeDegrees>-34.95344725</LongitudeDegrees></Position><HeartRateBpm><Value>117</Value></HeartRateBpm><Cadence>31</Cadence><Extensions><ns3:TPX><ns3:Speed>1.4700000286102295</ns3:Speed><ns3:Pace>0.67</ns3:Pace></ns3:TPX></Extensions></Trackpoint><Trackpoint><Time>2025-08-17T21:32:55Z</Time><Position><LatitudeDegrees>-8.05293073</LatitudeDegrees><LongitudeDegrees>-34.95344992</LongitudeDegrees></Position><HeartRateBpm><Value>118</Value></HeartRateBpm><Cadence>29</Cadence><Extensions><ns3:TPX><ns3:Speed>1.4700000286102295</ns3:Speed><ns3:Pace>0.67</ns3:Pace></ns3:TPX></Extensions></Trackpoint><Trackpoint><Time>2025-08-17T21:32:56Z</Time><Position><LatitudeDegrees>-8.05294039</LatitudeDegrees><LongitudeDegrees>-34.95345291</LongitudeDegrees></Position><HeartRateBpm><Value>119</Value></HeartRateBpm><Cadence>31</Cadence><Extensions><ns3:TPX><ns3:Speed>1.4800000190734863</ns3:Speed><ns3:Pace>0.67</ns3:Pace></ns3:TPX></Extensions></Trackpoint><Trackpoint><Time>2025-08-17T21:32:57Z</Time><Position><LatitudeDegrees>-8.05294972</LatitudeDegrees><LongitudeDegrees>-34.95345657</LongitudeDegrees></Position><HeartRateBpm><Value>119</Value></HeartRateBpm><Cadence>31</Cadence><Extensions><ns3:TPX><ns3:Speed>1.4800000190734863</ns3:Speed><ns3:Pace>0.67</ns3:Pace></ns3:TPX></Extensions></Trackpoint><Trackpoint><Time>2025-08-17T21:32:58Z</Time><Position><LatitudeDegrees>-8.05295906</LatitudeDegrees><LongitudeDegrees>-34.95346023</LongitudeDegrees></Position><HeartRateBpm><Value>120</Value></HeartRateBpm><Cadence>31</Cadence><Extensions><ns3:TPX><ns3:Speed>1.4900000095367432</ns3:Speed><ns3:Pace>0.66</ns3:Pace></ns3:TPX></Extensions></Trackpoint><Trackpoint><Time>2025-08-17T21:32:59Z</Time><Position><LatitudeDegrees>-8.05296838</LatitudeDegrees><LongitudeDegrees>-34.95346189</LongitudeDegrees></Position><HeartRateBpm><Value>121</Value></HeartRateBpm><Cadence>31</Cadence><Extensions><ns3:TPX><ns3:Speed>1.4900000095367432</ns3:Speed><ns3:Pace>0.66</ns3:Pace></ns3:TPX></Extensions></Trackpoint><Trackpoint><Time>2025-08-17T21:33:00Z</Time><Position><LatitudeDegrees>-8.0529777</LatitudeDegrees><LongitudeDegrees>-34.95346322</LongitudeDegrees></Position><HeartRateBpm><Value>121</Value></HeartRateBpm><Cadence>31</Cadence><Extensions><ns3:TPX><ns3:Speed>1.4900000095367432</ns3:Speed><ns3:Pace>0.67</ns3:Pace></ns3:TPX></Extensions></Trackpoint><Trackpoint><Time>2025-08-17T21:33:01Z</Time><Position><LatitudeDegrees>-8.0529887</LatitudeDegrees><LongitudeDegrees>-34.95346455</LongitudeDegrees></Position><HeartRateBpm><Value>121</Value></HeartRateBpm><Cadence>31</Cadence><Extensions><ns3:TPX><ns3:Speed>1.4900000095367432</ns3:Speed><ns3:Pace>0.67</ns3:Pace></ns3:TPX></Extensions></Trackpoint><Trackpoint><Time>2025-08-17T21:33:02Z</Time><Position><LatitudeDegrees>-8.05300037</LatitudeDegrees><LongitudeDegrees>-34.95346588</LongitudeDegrees></Position><HeartRateBpm><Value>121</Value></HeartRateBpm><Cadence>31</Cadence><Extensions><ns3:TPX><ns3:Speed>1.4800000190734863</ns3:Speed><ns3:Pace>0.67</ns3:Pace></ns3:TPX></Extensions></Trackpoint><Trackpoint><Time>2025-08-17T21:33:03Z</Time><Position><LatitudeDegrees>-8.05301069</LatitudeDegrees><LongitudeDegrees>-34.95346687</LongitudeDegrees></Position><HeartRateBpm><Value>121</Value></HeartRateBpm><Cadence>31</Cadence><Extensions><ns3:TPX><ns3:Speed>1.4800000190734863</ns3:Speed><ns3:Pace>0.67</ns3:Pace></ns3:TPX></Extensions></Trackpoint><Trackpoint><Time>2025-08-17T21:33:04Z</Time><Position><LatitudeDegrees>-8.05302069</LatitudeDegrees><LongitudeDegrees>-34.9534682</LongitudeDegrees></Position><HeartRateBpm><Value>121</Value></HeartRateBpm><Cadence>31</Cadence><Extensions><ns3:TPX><ns3:Speed>1.4700000286102295</ns3:Speed><ns3:Pace>0.68</ns3:Pace></ns3:TPX></Extensions></Trackpoint><Trackpoint><Time>2025-08-17T21:33:05Z</Time><Position><LatitudeDegrees>-8.05303202</LatitudeDegrees><LongitudeDegrees>-34.95347053</LongitudeDegrees></Position><HeartRateBpm><Value>122</Value></HeartRateBpm><Cadence>31</Cadence><Extensions><ns3:TPX><ns3:Speed>1.4700000286102295</ns3:Speed><ns3:Pace>0.68</ns3:Pace></ns3:TPX></Extensions></Trackpoint><Trackpoint><Time>2025-08-17T21:33:06Z</Time><Position><LatitudeDegrees>-8.05304335</LatitudeDegrees><LongitudeDegrees>-34.95347352</LongitudeDegrees></Position><HeartRateBpm><Value>122</Value></HeartRateBpm><Cadence>61</Cadence><Extensions><ns3:TPX><ns3:Speed>1.4600000381469727</ns3:Speed><ns3:Pace>0.68</ns3:Pace></ns3:TPX></Extensions></Trackpoint><Trackpoint><Time>2025-08-17T21:33:07Z</Time><Position><LatitudeDegrees>-8.05305434</LatitudeDegrees><LongitudeDegrees>-34.95347752</LongitudeDegrees></Position><HeartRateBpm><Value>123</Value></HeartRateBpm><Cadence>61</Cadence><Extensions><ns3:TPX><ns3:Speed>1.4500000476837158</ns3:Speed><ns3:Pace>0.69</ns3:Pace></ns3:TPX></Extensions></Trackpoint><Trackpoint><Time>2025-08-17T21:33:08Z</Time><Position><LatitudeDegrees>-8.05306601</LatitudeDegrees><LongitudeDegrees>-34.95348184</LongitudeDegrees></Position><HeartRateBpm><Value>123</Value></HeartRateBpm><Cadence>61</Cadence><Extensions><ns3:TPX><ns3:Speed>1.440000057220459</ns3:Speed><ns3:Pace>0.69</ns3:Pace></ns3:TPX></Extensions></Trackpoint><Trackpoint><Time>2025-08-17T21:33:09Z</Time><Position><LatitudeDegrees>-8.053079</LatitudeDegrees><LongitudeDegrees>-34.95348684</LongitudeDegrees></Position><HeartRateBpm><Value>123</Value></HeartRateBpm><Cadence>61</Cadence><Extensions><ns3:TPX><ns3:Speed>1.440000057220459</ns3:Speed><ns3:Pace>0.69</ns3:Pace></ns3:TPX></Extensions></Trackpoint><Trackpoint><Time>2025-08-17T21:33:10Z</Time><Position><LatitudeDegrees>-8.05309232</LatitudeDegrees><LongitudeDegrees>-34.95349317</LongitudeDegrees></Position><HeartRateBpm><Value>123</Value></HeartRateBpm><Cadence>61</Cadence><Extensions><ns3:TPX><ns3:Speed>1.4299999475479126</ns3:Speed><ns3:Pace>0.69</ns3:Pace></ns3:TPX></Extensions></Trackpoint><Trackpoint><Time>2025-08-17T21:33:11Z</Time><Position><LatitudeDegrees>-8.05310465</LatitudeDegrees><LongitudeDegrees>-34.95349884</LongitudeDegrees></Position><HeartRateBpm><Value>123</Value></HeartRateBpm><Cadence>61</Cadence><Extensions><ns3:TPX><ns3:Speed>1.4299999475479126</ns3:Speed><ns3:Pace>0.69</ns3:Pace></ns3:TPX></Extensions></Trackpoint><Trackpoint><Time>2025-08-17T21:33:12Z</Time><Position><LatitudeDegrees>-8.05311698</LatitudeDegrees><LongitudeDegrees>-34.95350451</LongitudeDegrees></Position><HeartRateBpm><Value>123</Value></HeartRateBpm><Cadence>61</Cadence><Extensions><ns3:TPX><ns3:Speed>1.4299999475479126</ns3:Speed><ns3:Pace>0.7</ns3:Pace></ns3:TPX></Extensions></Trackpoint><Trackpoint><Time>2025-08-17T21:33:13Z</Time><Position><LatitudeDegrees>-8.05312798</LatitudeDegrees><LongitudeDegrees>-34.9535075</LongitudeDegrees></Position><HeartRateBpm><Value>122</Value></HeartRateBpm><Cadence>61</Cadence><Extensions><ns3:TPX><ns3:Speed>1.4199999570846558</ns3:Speed><ns3:Pace>0.7</ns3:Pace></ns3:TPX></Extensions></Trackpoint><Trackpoint><Time>2025-08-17T21:33:14Z</Time><Position><LatitudeDegrees>-8.05313964</LatitudeDegrees><LongitudeDegrees>-34.95351015</LongitudeDegrees></Position><HeartRateBpm><Value>122</Value></HeartRateBpm><Cadence>61</Cadence><Extensions><ns3:TPX><ns3:Speed>1.4199999570846558</ns3:Speed><ns3:Pace>0.7</ns3:Pace></ns3:TPX></Extensions></Trackpoint><Trackpoint><Time>2025-08-17T21:33:15Z</Time><Position><LatitudeDegrees>-8.05315163</LatitudeDegrees><LongitudeDegrees>-34.95351314</LongitudeDegrees></Position><HeartRateBpm><Value>122</Value></HeartRateBpm><Cadence>61</Cadence><Extensions><ns3:TPX><ns3:Speed>1.4199999570846558</ns3:Speed><ns3:Pace>0.7</ns3:Pace></ns3:TPX></Extensions></Trackpoint><Trackpoint><Time>2025-08-17T21:33:16Z</Time><Position><LatitudeDegrees>-8.05316329</LatitudeDegrees><LongitudeDegrees>-34.95351613</LongitudeDegrees></Position><HeartRateBpm><Value>122</Value></HeartRateBpm><Cadence>61</Cadence><Extensions><ns3:TPX><ns3:Speed>1.4199999570846558</ns3:Speed><ns3:Pace>0.7</ns3:Pace></ns3:TPX></Extensions></Trackpoint><Trackpoint><Time>2025-08-17T21:33:17Z</Time><Position><LatitudeDegrees>-8.05317461</LatitudeDegrees><LongitudeDegrees>-34.95351746</LongitudeDegrees></Position><HeartRateBpm><Value>122</Value></HeartRateBpm><Cadence>61</Cadence><Extensions><ns3:TPX><ns3:Speed>1.4199999570846558</ns3:Speed><ns3:Pace>0.7</ns3:Pace></ns3:TPX></Extensions></Trackpoint><Trackpoint><Time>2025-08-17T21:33:18Z</Time><Position><LatitudeDegrees>-8.05318695</LatitudeDegrees><LongitudeDegrees>-34.95351746</LongitudeDegrees></Position><HeartRateBpm><Value>122</Value></HeartRateBpm><Cadence>61</Cadence><Extensions><ns3:TPX><ns3:Speed>1.4199999570846558</ns3:Speed><ns3:Pace>0.7</ns3:Pace></ns3:TPX></Extensions></Trackpoint><Trackpoint><Time>2025-08-17T21:33:19Z</Time><Position><LatitudeDegrees>-8.0532006</LatitudeDegrees><LongitudeDegrees>-34.9535168</LongitudeDegrees></Position><HeartRateBpm><Value>122</Value></HeartRateBpm><Cadence>61</Cadence><Extensions><ns3:TPX><ns3:Speed>1.4199999570846558</ns3:Speed><ns3:Pace>0.7</ns3:Pace></ns3:TPX></Extensions></Trackpoint><Trackpoint><Time>2025-08-17T21:33:20Z</Time><Position><LatitudeDegrees>-8.05321294</LatitudeDegrees><LongitudeDegrees>-34.9535148</LongitudeDegrees></Position><HeartRateBpm><Value>122</Value></HeartRateBpm><Cadence>61</Cadence><Extensions><ns3:TPX><ns3:Speed>1.409999966621399</ns3:Speed><ns3:Pace>0.7</ns3:Pace></ns3:TPX></Extensions></Trackpoint><Trackpoint><Time>2025-08-17T21:33:21Z</Time><Position><LatitudeDegrees>-8.05322559</LatitudeDegrees><LongitudeDegrees>-34.95351348</LongitudeDegrees></Position><HeartRateBpm><Value>122</Value></HeartRateBpm><Cadence>61</Cadence><Extensions><ns3:TPX><ns3:Speed>1.409999966621399</ns3:Speed><ns3:Pace>0.7</ns3:Pace></ns3:TPX></Extensions></Trackpoint><Trackpoint><Time>2025-08-17T21:33:22Z</Time><Position><LatitudeDegrees>-8.05323925</LatitudeDegrees><LongitudeDegrees>-34.95351315</LongitudeDegrees></Position><HeartRateBpm><Value>122</Value></HeartRateBpm><Cadence>61</Cadence><Extensions><ns3:TPX><ns3:Speed>1.409999966621399</ns3:Speed><ns3:Pace>0.73</ns3:Pace></ns3:TPX></Extensions></Trackpoint><Trackpoint><Time>2025-08-17T21:33:23Z</Time><Position><LatitudeDegrees>-8.05325358</LatitudeDegrees><LongitudeDegrees>-34.95351283</LongitudeDegrees></Position><HeartRateBpm><Value>122</Value></HeartRateBpm><Cadence>61</Cadence><Extensions><ns3:TPX><ns3:Speed>1.3600000143051147</ns3:Speed><ns3:Pace>0.74</ns3:Pace></ns3:TPX></Extensions></Trackpoint><Trackpoint><Time>2025-08-17T21:33:24Z</Time><Position><LatitudeDegrees>-8.05327057</LatitudeDegrees><LongitudeDegrees>-34.95351216</LongitudeDegrees></Position><HeartRateBpm><Value>122</Value></HeartRateBpm><Cadence>61</Cadence><Extensions><ns3:TPX><ns3:Speed>1.340000033378601</ns3:Speed><ns3:Pace>0.72</ns3:Pace></ns3:TPX></Extensions></Trackpoint><Trackpoint><Time>2025-08-17T21:33:25Z</Time><Position><LatitudeDegrees>-8.05328891</LatitudeDegrees><LongitudeDegrees>-34.95351051</LongitudeDegrees></Position><HeartRateBpm><Value>123</Value></HeartRateBpm><Cadence>61</Cadence><Extensions><ns3:TPX><ns3:Speed>1.3700000047683716</ns3:Speed><ns3:Pace>0.7</ns3:Pace></ns3:TPX></Extensions></Trackpoint><Trackpoint><Time>2025-08-17T21:33:26Z</Time><Position><LatitudeDegrees>-8.05330956</LatitudeDegrees><LongitudeDegrees>-34.95351018</LongitudeDegrees></Position><HeartRateBpm><Value>125</Value></HeartRateBpm><Cadence>61</Cadence><Extensions><ns3:TPX><ns3:Speed>1.4199999570846558</ns3:Speed><ns3:Pace>0.7</ns3:Pace></ns3:TPX></Extensions></Trackpoint><Trackpoint><Time>2025-08-17T21:33:27Z</Time><Position><LatitudeDegrees>-8.05333156</LatitudeDegrees><LongitudeDegrees>-34.95351084</LongitudeDegrees></Position><HeartRateBpm><Value>125</Value></HeartRateBpm><Cadence>61</Cadence><Extensions><ns3:TPX><ns3:Speed>1.4199999570846558</ns3:Speed><ns3:Pace>0.63</ns3:Pace></ns3:TPX></Extensions></Trackpoint><Trackpoint><Time>2025-08-17T21:33:28Z</Time><Position><LatitudeDegrees>-8.05335522</LatitudeDegrees><LongitudeDegrees>-34.95351416</LongitudeDegrees></Position><HeartRateBpm><Value>126</Value></HeartRateBpm><Cadence>61</Cadence><Extensions><ns3:TPX><ns3:Speed>1.5700000524520874</ns3:Speed><ns3:Pace>0.54</ns3:Pace></ns3:TPX></Extensions></Trackpoint><Trackpoint><Time>2025-08-17T21:33:29Z</Time><Position><LatitudeDegrees>-8.05337955</LatitudeDegrees><LongitudeDegrees>-34.95351849</LongitudeDegrees></Position><HeartRateBpm><Value>127</Value></HeartRateBpm><Cadence>61</Cadence><Extensions><ns3:TPX><ns3:Speed>1.8200000524520874</ns3:Speed><ns3:Pace>0.46</ns3:Pace></ns3:TPX></Extensions></Trackpoint><Trackpoint><Time>2025-08-17T21:33:30Z</Time><Position><LatitudeDegrees>-8.05340555</LatitudeDegrees><LongitudeDegrees>-34.95352282</LongitudeDegrees></Position><HeartRateBpm><Value>127</Value></HeartRateBpm><Cadence>61</Cadence><Extensions><ns3:TPX><ns3:Speed>2.1500000953674316</ns3:Speed><ns3:Pace>0.41</ns3:Pace></ns3:TPX></Extensions></Trackpoint><Trackpoint><Time>2025-08-17T21:33:31Z</Time><Position><LatitudeDegrees>-8.05343222</LatitudeDegrees><LongitudeDegrees>-34.95352648</LongitudeDegrees></Position><HeartRateBpm><Value>128</Value></HeartRateBpm><Cadence>61</Cadence><Extensions><ns3:TPX><ns3:Speed>2.430000066757202</ns3:Speed><ns3:Pace>0.38</ns3:Pace></ns3:TPX></Extensions></Trackpoint><Trackpoint><Time>2025-08-17T21:33:32Z</Time><Position><LatitudeDegrees>-8.05345821</LatitudeDegrees><LongitudeDegrees>-34.95352913</LongitudeDegrees></Position><HeartRateBpm><Value>128</Value></HeartRateBpm><Cadence>61</Cadence><Extensions><ns3:TPX><ns3:Speed>2.569999933242798</ns3:Speed><ns3:Pace>0.38</ns3:Pace></ns3:TPX></Extensions></Trackpoint><Trackpoint><Time>2025-08-17T21:33:33Z</Time><Position><LatitudeDegrees>-8.05348354</LatitudeDegrees><LongitudeDegrees>-34.95353047</LongitudeDegrees></Position><HeartRateBpm><Value>128</Value></HeartRateBpm><Cadence>61</Cadence><Extensions><ns3:TPX><ns3:Speed>2.569999933242798</ns3:Speed><ns3:Pace>0.37</ns3:Pace></ns3:TPX></Extensions></Trackpoint><Trackpoint><Time>2025-08-17T21:33:34Z</Time><Position><LatitudeDegrees>-8.05350853</LatitudeDegrees><LongitudeDegrees>-34.9535328</LongitudeDegrees></Position><HeartRateBpm><Value>128</Value></HeartRateBpm><Cadence>61</Cadence><Extensions><ns3:TPX><ns3:Speed>2.680000066757202</ns3:Speed><ns3:Pace>0.36</ns3:Pace></ns3:TPX></Extensions></Trackpoint><Trackpoint><Time>2025-08-17T21:33:35Z</Time><Position><LatitudeDegrees>-8.0535332</LatitudeDegrees><LongitudeDegrees>-34.95353479</LongitudeDegrees></Position><HeartRateBpm><Value>127</Value></HeartRateBpm><Cadence>89</Cadence><Extensions><ns3:TPX><ns3:Speed>2.7300000190734863</ns3:Speed><ns3:Pace>0.36</ns3:Pace></ns3:TPX></Extensions></Trackpoint><Trackpoint><Time>2025-08-17T21:33:36Z</Time><Position><LatitudeDegrees>-8.05355453</LatitudeDegrees><LongitudeDegrees>-34.95353679</LongitudeDegrees></Position><HeartRateBpm><Value>127</Value></HeartRateBpm><Cadence>89</Cadence><Extensions><ns3:TPX><ns3:Speed>2.7699999809265137</ns3:Speed><ns3:Pace>0.35</ns3:Pace></ns3:TPX></Extensions></Trackpoint><Trackpoint><Time>2025-08-17T21:33:37Z</Time><Position><LatitudeDegrees>-8.05357552</LatitudeDegrees><LongitudeDegrees>-34.95353647</LongitudeDegrees></Position><HeartRateBpm><Value>126</Value></HeartRateBpm><Cadence>88</Cadence><Extensions><ns3:TPX><ns3:Speed>2.799999952316284</ns3:Speed><ns3:Pace>0.35</ns3:Pace></ns3:TPX></Extensions></Trackpoint><Trackpoint><Time>2025-08-17T21:33:38Z</Time><Position><LatitudeDegrees>-8.05359786</LatitudeDegrees><LongitudeDegrees>-34.95353614</LongitudeDegrees></Position><HeartRateBpm><Value>126</Value></HeartRateBpm><Cadence>88</Cadence><Extensions><ns3:TPX><ns3:Speed>2.799999952316284</ns3:Speed><ns3:Pace>0.35</ns3:Pace></ns3:TPX></Extensions></Trackpoint><Trackpoint><Time>2025-08-17T21:33:39Z</Time><Position><LatitudeDegrees>-8.05362251</LatitudeDegrees><LongitudeDegrees>-34.95353713</LongitudeDegrees></Position><HeartRateBpm><Value>126</Value></HeartRateBpm><Cadence>88</Cadence><Extensions><ns3:TPX><ns3:Speed>2.799999952316284</ns3:Speed><ns3:Pace>0.36</ns3:Pace></ns3:TPX></Extensions></Trackpoint><Trackpoint><Time>2025-08-17T21:33:40Z</Time><Position><LatitudeDegrees>-8.05364951</LatitudeDegrees><LongitudeDegrees>-34.95353813</LongitudeDegrees></Position><HeartRateBpm><Value>126</Value></HeartRateBpm><Cadence>88</Cadence><Extensions><ns3:TPX><ns3:Speed>2.7699999809265137</ns3:Speed><ns3:Pace>0.36</ns3:Pace></ns3:TPX></Extensions></Trackpoint><Trackpoint><Time>2025-08-17T21:33:41Z</Time><Position><LatitudeDegrees>-8.0536775</LatitudeDegrees><LongitudeDegrees>-34.95353946</LongitudeDegrees></Position><HeartRateBpm><Value>127</Value></HeartRateBpm><Cadence>88</Cadence><Extensions><ns3:TPX><ns3:Speed>2.7300000190734863</ns3:Speed><ns3:Pace>0.36</ns3:Pace></ns3:TPX></Extensions></Trackpoint><Trackpoint><Time>2025-08-17T21:33:42Z</Time><Position><LatitudeDegrees>-8.05370517</LatitudeDegrees><LongitudeDegrees>-34.95353978</LongitudeDegrees></Position><HeartRateBpm><Value>128</Value></HeartRateBpm><Cadence>88</Cadence><Extensions><ns3:TPX><ns3:Speed>2.7300000190734863</ns3:Speed><ns3:Pace>0.36</ns3:Pace></ns3:TPX></Extensions></Trackpoint><Trackpoint><Time>2025-08-17T21:33:43Z</Time><Position><LatitudeDegrees>-8.05373117</LatitudeDegrees><LongitudeDegrees>-34.95354077</LongitudeDegrees></Position><HeartRateBpm><Value>128</Value></HeartRateBpm><Cadence>89</Cadence><Extensions><ns3:TPX><ns3:Speed>2.740000009536743</ns3:Speed><ns3:Pace>0.36</ns3:Pace></ns3:TPX></Extensions></Trackpoint><Trackpoint><Time>2025-08-17T21:33:44Z</Time><Position><LatitudeDegrees>-8.05375616</LatitudeDegrees><LongitudeDegrees>-34.95354177</LongitudeDegrees></Position><HeartRateBpm><Value>128</Value></HeartRateBpm><Cadence>89</Cadence><Extensions><ns3:TPX><ns3:Speed>2.740000009536743</ns3:Speed><ns3:Pace>0.36</ns3:Pace></ns3:TPX></Extensions></Trackpoint><Trackpoint><Time>2025-08-17T21:33:45Z</Time><Position><LatitudeDegrees>-8.05377983</LatitudeDegrees><LongitudeDegrees>-34.9535441</LongitudeDegrees></Position><HeartRateBpm><Value>128</Value></HeartRateBpm><Cadence>89</Cadence><Extensions><ns3:TPX><ns3:Speed>2.740000009536743</ns3:Speed><ns3:Pace>0.36</ns3:Pace></ns3:TPX></Extensions></Trackpoint><Trackpoint><Time>2025-08-17T21:33:46Z</Time><Position><LatitudeDegrees>-8.05380315</LatitudeDegrees><LongitudeDegrees>-34.95354776</LongitudeDegrees></Position><HeartRateBpm><Value>128</Value></HeartRateBpm><Cadence>88</Cadence><Extensions><ns3:TPX><ns3:Speed>2.7300000190734863</ns3:Speed><ns3:Pace>0.36</ns3:Pace></ns3:TPX></Extensions></Trackpoint><Trackpoint><Time>2025-08-17T21:33:47Z</Time><Position><LatitudeDegrees>-8.05382782</LatitudeDegrees><LongitudeDegrees>-34.95355243</LongitudeDegrees></Position><HeartRateBpm><Value>128</Value></HeartRateBpm><Cadence>89</Cadence><Extensions><ns3:TPX><ns3:Speed>2.740000009536743</ns3:Speed><ns3:Pace>0.36</ns3:Pace></ns3:TPX></Extensions></Trackpoint><Trackpoint><Time>2025-08-17T21:33:48Z</Time><Position><LatitudeDegrees>-8.05385214</LatitudeDegrees><LongitudeDegrees>-34.95355742</LongitudeDegrees></Position><HeartRateBpm><Value>128</Value></HeartRateBpm><Cadence>89</Cadence><Extensions><ns3:TPX><ns3:Speed>2.7699999809265137</ns3:Speed><ns3:Pace>0.36</ns3:Pace></ns3:TPX></Extensions></Trackpoint><Trackpoint><Time>2025-08-17T21:33:49Z</Time><Position><LatitudeDegrees>-8.05387747</LatitudeDegrees><LongitudeDegrees>-34.95356341</LongitudeDegrees></Position><HeartRateBpm><Value>129</Value></HeartRateBpm><Cadence>88</Cadence><Extensions><ns3:TPX><ns3:Speed>2.7699999809265137</ns3:Speed><ns3:Pace>0.36</ns3:Pace></ns3:TPX></Extensions></Trackpoint><Trackpoint><Time>2025-08-17T21:33:50Z</Time><Position><LatitudeDegrees>-8.0539018</LatitudeDegrees><LongitudeDegrees>-34.95356641</LongitudeDegrees></Position><HeartRateBpm><Value>128</Value></HeartRateBpm><Cadence>88</Cadence><Extensions><ns3:TPX><ns3:Speed>2.7699999809265137</ns3:Speed><ns3:Pace>0.36</ns3:Pace></ns3:TPX></Extensions></Trackpoint><Trackpoint><Time>2025-08-17T21:33:51Z</Time><Position><LatitudeDegrees>-8.05392912</LatitudeDegrees><LongitudeDegrees>-34.95356673</LongitudeDegrees></Position><HeartRateBpm><Value>128</Value></HeartRateBpm><Cadence>88</Cadence><Extensions><ns3:TPX><ns3:Speed>2.7699999809265137</ns3:Speed><ns3:Pace>0.35</ns3:Pace></ns3:TPX></Extensions></Trackpoint><Trackpoint><Time>2025-08-17T21:33:52Z</Time><Position><LatitudeDegrees>-8.05395611</LatitudeDegrees><LongitudeDegrees>-34.95356573</LongitudeDegrees></Position><HeartRateBpm><Value>126</Value></HeartRateBpm><Cadence>88</Cadence><Extensions><ns3:TPX><ns3:Speed>2.7799999713897705</ns3:Speed><ns3:Pace>0.35</ns3:Pace></ns3:TPX></Extensions></Trackpoint><Trackpoint><Time>2025-08-17T21:33:53Z</Time><Position><LatitudeDegrees>-8.05398377</LatitudeDegrees><LongitudeDegrees>-34.95356441</LongitudeDegrees></Position><HeartRateBpm><Value>125</Value></HeartRateBpm><Cadence>88</Cadence><Extensions><ns3:TPX><ns3:Speed>2.7799999713897705</ns3:Speed><ns3:Pace>0.35</ns3:Pace></ns3:TPX></Extensions></Trackpoint><Trackpoint><Time>2025-08-17T21:33:54Z</Time><Position><LatitudeDegrees>-8.05401177</LatitudeDegrees><LongitudeDegrees>-34.95356441</LongitudeDegrees></Position><HeartRateBpm><Value>125</Value></HeartRateBpm><Cadence>88</Cadence><Extensions><ns3:TPX><ns3:Speed>2.7899999618530273</ns3:Speed><ns3:Pace>0.35</ns3:Pace></ns3:TPX></Extensions></Trackpoint><Trackpoint><Time>2025-08-17T21:33:55Z</Time><Position><LatitudeDegrees>-8.05403909</LatitudeDegrees><LongitudeDegrees>-34.95356473</LongitudeDegrees></Position><HeartRateBpm><Value>125</Value></HeartRateBpm><Cadence>89</Cadence><Extensions><ns3:TPX><ns3:Speed>2.809999942779541</ns3:Speed><ns3:Pace>0.35</ns3:Pace></ns3:TPX></Extensions></Trackpoint><Trackpoint><Time>2025-08-17T21:33:56Z</Time><Position><LatitudeDegrees>-8.05406609</LatitudeDegrees><LongitudeDegrees>-34.95356606</LongitudeDegrees></Position><HeartRateBpm><Value>124</Value></HeartRateBpm><Cadence>89</Cadence><Extensions><ns3:TPX><ns3:Speed>2.8499999046325684</ns3:Speed><ns3:Pace>0.35</ns3:Pace></ns3:TPX></Extensions></Trackpoint><Trackpoint><Time>2025-08-17T21:33:57Z</Time><Position><LatitudeDegrees>-8.05409375</LatitudeDegrees><LongitudeDegrees>-34.95356905</LongitudeDegrees></Position><HeartRateBpm><Value>124</Value></HeartRateBpm><Cadence>89</Cadence><Extensions><ns3:TPX><ns3:Speed>2.8499999046325684</ns3:Speed><ns3:Pace>0.34</ns3:Pace></ns3:TPX></Extensions></Trackpoint><Trackpoint><Time>2025-08-17T21:33:58Z</Time><Position><LatitudeDegrees>-8.05412074</LatitudeDegrees><LongitudeDegrees>-34.95357304</LongitudeDegrees></Position><HeartRateBpm><Value>124</Value></HeartRateBpm><Cadence>89</Cadence><Extensions><ns3:TPX><ns3:Speed>2.890000104904175</ns3:Speed><ns3:Pace>0.34</ns3:Pace></ns3:TPX></Extensions></Trackpoint><Trackpoint><Time>2025-08-17T21:33:59Z</Time><Position><LatitudeDegrees>-8.05414739</LatitudeDegrees><LongitudeDegrees>-34.95357771</LongitudeDegrees></Position><HeartRateBpm><Value>126</Value></HeartRateBpm><Cadence>88</Cadence><Extensions><ns3:TPX><ns3:Speed>2.890000104904175</ns3:Speed><ns3:Pace>0.34</ns3:Pace></ns3:TPX></Extensions></Trackpoint><Trackpoint><Time>2025-08-17T21:34:00Z</Time><Position><LatitudeDegrees>-8.05417339</LatitudeDegrees><LongitudeDegrees>-34.95358237</LongitudeDegrees></Position><HeartRateBpm><Value>126</Value></HeartRateBpm><Cadence>88</Cadence><Extensions><ns3:TPX><ns3:Speed>2.890000104904175</ns3:Speed><ns3:Pace>0.34</ns3:Pace></ns3:TPX></Extensions></Trackpoint><Trackpoint><Time>2025-08-17T21:34:01Z</Time><Position><LatitudeDegrees>-8.05419839</LatitudeDegrees><LongitudeDegrees>-34.95358737</LongitudeDegrees></Position><HeartRateBpm><Value>127</Value></HeartRateBpm><Cadence>88</Cadence><Extensions><ns3:TPX><ns3:Speed>2.890000104904175</ns3:Speed><ns3:Pace>0.34</ns3:Pace></ns3:TPX></Extensions></Trackpoint><Trackpoint><Time>2025-08-17T21:34:02Z</Time><Position><LatitudeDegrees>-8.05422238</LatitudeDegrees><LongitudeDegrees>-34.95359203</LongitudeDegrees></Position><HeartRateBpm><Value>127</Value></HeartRateBpm><Cadence>89</Cadence><Extensions><ns3:TPX><ns3:Speed>2.890000104904175</ns3:Speed><ns3:Pace>0.34</ns3:Pace></ns3:TPX></Extensions></Trackpoint><Trackpoint><Time>2025-08-17T21:34:03Z</Time><Position><LatitudeDegrees>-8.05424504</LatitudeDegrees><LongitudeDegrees>-34.95359669</LongitudeDegrees></Position><HeartRateBpm><Value>127</Value></HeartRateBpm><Cadence>89</Cadence><Extensions><ns3:TPX><ns3:Speed>2.890000104904175</ns3:Speed><ns3:Pace>0.34</ns3:Pace></ns3:TPX></Extensions></Trackpoint><Trackpoint><Time>2025-08-17T21:34:04Z</Time><Position><LatitudeDegrees>-8.05426804</LatitudeDegrees><LongitudeDegrees>-34.95360069</LongitudeDegrees></Position><HeartRateBpm><Value>127</Value></HeartRateBpm><Cadence>89</Cadence><Extensions><ns3:TPX><ns3:Speed>2.890000104904175</ns3:Speed><ns3:Pace>0.34</ns3:Pace></ns3:TPX></Extensions></Trackpoint><Trackpoint><Time>2025-08-17T21:34:05Z</Time><Position><LatitudeDegrees>-8.05429136</LatitudeDegrees><LongitudeDegrees>-34.95360435</LongitudeDegrees></Position><HeartRateBpm><Value>128</Value></HeartRateBpm><Cadence>89</Cadence><Extensions><ns3:TPX><ns3:Speed>2.890000104904175</ns3:Speed><ns3:Pace>0.34</ns3:Pace></ns3:TPX></Extensions></Trackpoint><Trackpoint><Time>2025-08-17T21:34:06Z</Time><Position><LatitudeDegrees>-8.0543167</LatitudeDegrees><LongitudeDegrees>-34.95361034</LongitudeDegrees></Position><HeartRateBpm><Value>130</Value></HeartRateBpm><Cadence>89</Cadence><Extensions><ns3:TPX><ns3:Speed>2.880000114440918</ns3:Speed><ns3:Pace>0.34</ns3:Pace></ns3:TPX></Extensions></Trackpoint><Trackpoint><Time>2025-08-17T21:34:07Z</Time><Position><LatitudeDegrees>-8.05434236</LatitudeDegrees><LongitudeDegrees>-34.95361734</LongitudeDegrees></Position><HeartRateBpm><Value>130</Value></HeartRateBpm><Cadence>89</Cadence><Extensions><ns3:TPX><ns3:Speed>2.869999885559082</ns3:Speed><ns3:Pace>0.34</ns3:Pace></ns3:TPX></Extensions></Trackpoint><Trackpoint><Time>2025-08-17T21:34:08Z</Time><Position><LatitudeDegrees>-8.05436769</LatitudeDegrees><LongitudeDegrees>-34.95362333</LongitudeDegrees></Position><HeartRateBpm><Value>130</Value></HeartRateBpm><Cadence>88</Cadence><Extensions><ns3:TPX><ns3:Speed>2.859999895095825</ns3:Speed><ns3:Pace>0.34</ns3:Pace></ns3:TPX></Extensions></Trackpoint><Trackpoint><Time>2025-08-17T21:34:09Z</Time><Position><LatitudeDegrees>-8.05439369</LatitudeDegrees><LongitudeDegrees>-34.95362799</LongitudeDegrees></Position><HeartRateBpm><Value>130</Value></HeartRateBpm><Cadence>88</Cadence><Extensions><ns3:TPX><ns3:Speed>2.859999895095825</ns3:Speed><ns3:Pace>0.34</ns3:Pace></ns3:TPX></Extensions></Trackpoint><Trackpoint><Time>2025-08-17T21:34:10Z</Time><Position><LatitudeDegrees>-8.05441869</LatitudeDegrees><LongitudeDegrees>-34.95363198</LongitudeDegrees></Position><HeartRateBpm><Value>130</Value></HeartRateBpm><Cadence>89</Cadence><Extensions><ns3:TPX><ns3:Speed>2.859999895095825</ns3:Speed><ns3:Pace>0.35</ns3:Pace></ns3:TPX></Extensions></Trackpoint><Trackpoint><Time>2025-08-17T21:34:11Z</Time><Position><LatitudeDegrees>-8.05444401</LatitudeDegrees><LongitudeDegrees>-34.95363531</LongitudeDegrees></Position><HeartRateBpm><Value>131</Value></HeartRateBpm><Cadence>89</Cadence><Extensions><ns3:TPX><ns3:Speed>2.8499999046325684</ns3:Speed><ns3:Pace>0.35</ns3:Pace></ns3:TPX></Extensions></Trackpoint><Trackpoint><Time>2025-08-17T21:34:12Z</Time><Position><LatitudeDegrees>-8.05447068</LatitudeDegrees><LongitudeDegrees>-34.95363796</LongitudeDegrees></Position><HeartRateBpm><Value>131</Value></HeartRateBpm><Cadence>89</Cadence><Extensions><ns3:TPX><ns3:Speed>2.8399999141693115</ns3:Speed><ns3:Pace>0.35</ns3:Pace></ns3:TPX></Extensions></Trackpoint><Trackpoint><Time>2025-08-17T21:34:13Z</Time><Position><LatitudeDegrees>-8.05449867</LatitudeDegrees><LongitudeDegrees>-34.95364063</LongitudeDegrees></Position><HeartRateBpm><Value>132</Value></HeartRateBpm><Cadence>89</Cadence><Extensions><ns3:TPX><ns3:Speed>2.8399999141693115</ns3:Speed><ns3:Pace>0.35</ns3:Pace></ns3:TPX></Extensions></Trackpoint><Trackpoint><Time>2025-08-17T21:34:14Z</Time><Position><LatitudeDegrees>-8.05452767</LatitudeDegrees><LongitudeDegrees>-34.95364429</LongitudeDegrees></Position><HeartRateBpm><Value>131</Value></HeartRateBpm><Cadence>89</Cadence><Extensions><ns3:TPX><ns3:Speed>2.8399999141693115</ns3:Speed><ns3:Pace>0.35</ns3:Pace></ns3:TPX></Extensions></Trackpoint><Trackpoint><Time>2025-08-17T21:34:15Z</Time><Position><LatitudeDegrees>-8.05455566</LatitudeDegrees><LongitudeDegrees>-34.95364795</LongitudeDegrees></Position><HeartRateBpm><Value>131</Value></HeartRateBpm><Cadence>89</Cadence><Extensions><ns3:TPX><ns3:Speed>2.8399999141693115</ns3:Speed><ns3:Pace>0.35</ns3:Pace></ns3:TPX></Extensions></Trackpoint><Trackpoint><Time>2025-08-17T21:34:16Z</Time><Position><LatitudeDegrees>-8.05458266</LatitudeDegrees><LongitudeDegrees>-34.95365161</LongitudeDegrees></Position><HeartRateBpm><Value>131</Value></HeartRateBpm><Cadence>89</Cadence><Extensions><ns3:TPX><ns3:Speed>2.8499999046325684</ns3:Speed><ns3:Pace>0.35</ns3:Pace></ns3:TPX></Extensions></Trackpoint><Trackpoint><Time>2025-08-17T21:34:17Z</Time><Position><LatitudeDegrees>-8.05460898</LatitudeDegrees><LongitudeDegrees>-34.95365428</LongitudeDegrees></Position><HeartRateBpm><Value>131</Value></HeartRateBpm><Cadence>89</Cadence><Extensions><ns3:TPX><ns3:Speed>2.8499999046325684</ns3:Speed><ns3:Pace>0.34</ns3:Pace></ns3:TPX></Extensions></Trackpoint><Trackpoint><Time>2025-08-17T21:34:18Z</Time><Position><LatitudeDegrees>-8.05463498</LatitudeDegrees><LongitudeDegrees>-34.9536576</LongitudeDegrees></Position><HeartRateBpm><Value>131</Value></HeartRateBpm><Cadence>90</Cadence><Extensions><ns3:TPX><ns3:Speed>2.859999895095825</ns3:Speed><ns3:Pace>0.34</ns3:Pace></ns3:TPX></Extensions></Trackpoint><Trackpoint><Time>2025-08-17T21:34:19Z</Time><Position><LatitudeDegrees>-8.05466131</LatitudeDegrees><LongitudeDegrees>-34.95365893</LongitudeDegrees></Position><HeartRateBpm><Value>132</Value></HeartRateBpm><Cadence>90</Cadence><Extensions><ns3:TPX><ns3:Speed>2.869999885559082</ns3:Speed><ns3:Pace>0.34</ns3:Pace></ns3:TPX></Extensions></Trackpoint><Trackpoint><Time>2025-08-17T21:34:20Z</Time><Position><LatitudeDegrees>-8.05468697</LatitudeDegrees><LongitudeDegrees>-34.95365793</LongitudeDegrees></Position><HeartRateBpm><Value>133</Value></HeartRateBpm><Cadence>89</Cadence><Extensions><ns3:TPX><ns3:Speed>2.869999885559082</ns3:Speed><ns3:Pace>0.34</ns3:Pace></ns3:TPX></Extensions></Trackpoint><Trackpoint><Time>2025-08-17T21:34:21Z</Time><Position><LatitudeDegrees>-8.05471197</LatitudeDegrees><LongitudeDegrees>-34.95365494</LongitudeDegrees></Position><HeartRateBpm><Value>133</Value></HeartRateBpm><Cadence>89</Cadence><Extensions><ns3:TPX><ns3:Speed>2.869999885559082</ns3:Speed><ns3:Pace>0.34</ns3:Pace></ns3:TPX></Extensions></Trackpoint><Trackpoint><Time>2025-08-17T21:34:22Z</Time><Position><LatitudeDegrees>-8.05473696</LatitudeDegrees><LongitudeDegrees>-34.95365129</LongitudeDegrees></Position><HeartRateBpm><Value>133</Value></HeartRateBpm><Cadence>89</Cadence><Extensions><ns3:TPX><ns3:Speed>2.880000114440918</ns3:Speed><ns3:Pace>0.34</ns3:Pace></ns3:TPX></Extensions></Trackpoint><Trackpoint><Time>2025-08-17T21:34:23Z</Time><Position><LatitudeDegrees>-8.05476229</LatitudeDegrees><LongitudeDegrees>-34.95364895</LongitudeDegrees></Position><HeartRateBpm><Value>133</Value></HeartRateBpm><Cadence>89</Cadence><Extensions><ns3:TPX><ns3:Speed>2.880000114440918</ns3:Speed><ns3:Pace>0.34</ns3:Pace></ns3:TPX></Extensions></Trackpoint><Trackpoint><Time>2025-08-17T21:34:24Z</Time><Position><LatitudeDegrees>-8.05478828</LatitudeDegrees><LongitudeDegrees>-34.95364662</LongitudeDegrees></Position><HeartRateBpm><Value>133</Value></HeartRateBpm><Cadence>89</Cadence><Extensions><ns3:TPX><ns3:Speed>2.890000104904175</ns3:Speed><ns3:Pace>0.34</ns3:Pace></ns3:TPX></Extensions></Trackpoint><Trackpoint><Time>2025-08-17T21:34:25Z</Time><Position><LatitudeDegrees>-8.05481495</LatitudeDegrees><LongitudeDegrees>-34.95364395</LongitudeDegrees></Position><HeartRateBpm><Value>133</Value></HeartRateBpm><Cadence>90</Cadence><Extensions><ns3:TPX><ns3:Speed>2.890000104904175</ns3:Speed><ns3:Pace>0.34</ns3:Pace></ns3:TPX></Extensions></Trackpoint><Trackpoint><Time>2025-08-17T21:34:26Z</Time><Position><LatitudeDegrees>-8.05484162</LatitudeDegrees><LongitudeDegrees>-34.9536423</LongitudeDegrees></Position><HeartRateBpm><Value>133</Value></HeartRateBpm><Cadence>90</Cadence><Extensions><ns3:TPX><ns3:Speed>2.890000104904175</ns3:Speed><ns3:Pace>0.34</ns3:Pace></ns3:TPX></Extensions></Trackpoint><Trackpoint><Time>2025-08-17T21:34:27Z</Time><Position><LatitudeDegrees>-8.05486827</LatitudeDegrees><LongitudeDegrees>-34.9536413</LongitudeDegrees></Position><HeartRateBpm><Value>133</Value></HeartRateBpm><Cadence>90</Cadence><Extensions><ns3:TPX><ns3:Speed>2.890000104904175</ns3:Speed><ns3:Pace>0.34</ns3:Pace></ns3:TPX></Extensions></Trackpoint><Trackpoint><Time>2025-08-17T21:34:28Z</Time><Position><LatitudeDegrees>-8.0548946</LatitudeDegrees><LongitudeDegrees>-34.95364097</LongitudeDegrees></Position><HeartRateBpm><Value>133</Value></HeartRateBpm><Cadence>90</Cadence><Extensions><ns3:TPX><ns3:Speed>2.890000104904175</ns3:Speed><ns3:Pace>0.34</ns3:Pace></ns3:TPX></Extensions></Trackpoint><Trackpoint><Time>2025-08-17T21:34:29Z</Time><Position><LatitudeDegrees>-8.05492093</LatitudeDegrees><LongitudeDegrees>-34.95364197</LongitudeDegrees></Position><HeartRateBpm><Value>133</Value></HeartRateBpm><Cadence>90</Cadence><Extensions><ns3:TPX><ns3:Speed>2.890000104904175</ns3:Speed><ns3:Pace>0.34</ns3:Pace></ns3:TPX></Extensions></Trackpoint><Trackpoint><Time>2025-08-17T21:34:30Z</Time><Position><LatitudeDegrees>-8.05494725</LatitudeDegrees><LongitudeDegrees>-34.95364296</LongitudeDegrees></Position><HeartRateBpm><Value>133</Value></HeartRateBpm><Cadence>89</Cadence><Extensions><ns3:TPX><ns3:Speed>2.890000104904175</ns3:Speed><ns3:Pace>0.34</ns3:Pace></ns3:TPX></Extensions></Trackpoint><Trackpoint><Time>2025-08-17T21:34:31Z</Time><Position><LatitudeDegrees>-8.05497392</LatitudeDegrees><LongitudeDegrees>-34.95364395</LongitudeDegrees></Position><HeartRateBpm><Value>133</Value></HeartRateBpm><Cadence>89</Cadence><Extensions><ns3:TPX><ns3:Speed>2.890000104904175</ns3:Speed><ns3:Pace>0.34</ns3:Pace></ns3:TPX></Extensions></Trackpoint><Trackpoint><Time>2025-08-17T21:34:32Z</Time><Position><LatitudeDegrees>-8.05500092</LatitudeDegrees><LongitudeDegrees>-34.95364428</LongitudeDegrees></Position><HeartRateBpm><Value>134</Value></HeartRateBpm><Cadence>89</Cadence><Extensions><ns3:TPX><ns3:Speed>2.9000000953674316</ns3:Speed><ns3:Pace>0.34</ns3:Pace></ns3:TPX></Extensions></Trackpoint><Trackpoint><Time>2025-08-17T21:34:33Z</Time><Position><LatitudeDegrees>-8.05502791</LatitudeDegrees><LongitudeDegrees>-34.95364594</LongitudeDegrees></Position><HeartRateBpm><Value>134</Value></HeartRateBpm><Cadence>89</Cadence><Extensions><ns3:TPX><ns3:Speed>2.9000000953674316</ns3:Speed><ns3:Pace>0.34</ns3:Pace></ns3:TPX></Extensions></Trackpoint><Trackpoint><Time>2025-08-17T21:34:34Z</Time><Position><LatitudeDegrees>-8.05505424</LatitudeDegrees><LongitudeDegrees>-34.95364727</LongitudeDegrees></Position><HeartRateBpm><Value>135</Value></HeartRateBpm><Cadence>89</Cadence><Extensions><ns3:TPX><ns3:Speed>2.9000000953674316</ns3:Speed><ns3:Pace>0.34</ns3:Pace></ns3:TPX></Extensions></Trackpoint><Trackpoint><Time>2025-08-17T21:34:35Z</Time><Position><LatitudeDegrees>-8.05508057</LatitudeDegrees><LongitudeDegrees>-34.95364927</LongitudeDegrees></Position><HeartRateBpm><Value>134</Value></HeartRateBpm><Cadence>89</Cadence><Extensions><ns3:TPX><ns3:Speed>2.9000000953674316</ns3:Speed><ns3:Pace>0.34</ns3:Pace></ns3:TPX></Extensions></Trackpoint><Trackpoint><Time>2025-08-17T21:34:36Z</Time><Position><LatitudeDegrees>-8.05510657</LatitudeDegrees><LongitudeDegrees>-34.95365259</LongitudeDegrees></Position><HeartRateBpm><Value>134</Value></HeartRateBpm><Cadence>89</Cadence><Extensions><ns3:TPX><ns3:Speed>2.9000000953674316</ns3:Speed><ns3:Pace>0.34</ns3:Pace></ns3:TPX></Extensions></Trackpoint><Trackpoint><Time>2025-08-17T21:34:37Z</Time><Position><LatitudeDegrees>-8.05513122</LatitudeDegrees><LongitudeDegrees>-34.95365558</LongitudeDegrees></Position><HeartRateBpm><Value>134</Value></HeartRateBpm><Cadence>89</Cadence><Extensions><ns3:TPX><ns3:Speed>2.9100000858306885</ns3:Speed><ns3:Pace>0.34</ns3:Pace></ns3:TPX></Extensions></Trackpoint><Trackpoint><Time>2025-08-17T21:34:38Z</Time><Position><LatitudeDegrees>-8.05515521</LatitudeDegrees><LongitudeDegrees>-34.95365891</LongitudeDegrees></Position><HeartRateBpm><Value>134</Value></HeartRateBpm><Cadence>88</Cadence><Extensions><ns3:TPX><ns3:Speed>2.9100000858306885</ns3:Speed><ns3:Pace>0.34</ns3:Pace></ns3:TPX></Extensions></Trackpoint><Trackpoint><Time>2025-08-17T21:34:39Z</Time><Position><LatitudeDegrees>-8.05517855</LatitudeDegrees><LongitudeDegrees>-34.95366157</LongitudeDegrees></Position><HeartRateBpm><Value>134</Value></HeartRateBpm><Cadence>88</Cadence><Extensions><ns3:TPX><ns3:Speed>2.9100000858306885</ns3:Speed><ns3:Pace>0.34</ns3:Pace></ns3:TPX></Extensions></Trackpoint><Trackpoint><Time>2025-08-17T21:34:40Z</Time><Position><LatitudeDegrees>-8.05520288</LatitudeDegrees><LongitudeDegrees>-34.9536639</LongitudeDegrees></Position><HeartRateBpm><Value>134</Value></HeartRateBpm><Cadence>88</Cadence><Extensions><ns3:TPX><ns3:Speed>2.9100000858306885</ns3:Speed><ns3:Pace>0.34</ns3:Pace></ns3:TPX></Extensions></Trackpoint><Trackpoint><Time>2025-08-17T21:34:41Z</Time><Position><LatitudeDegrees>-8.0552272</LatitudeDegrees><LongitudeDegrees>-34.95366657</LongitudeDegrees></Position><HeartRateBpm><Value>134</Value></HeartRateBpm><Cadence>88</Cadence><Extensions><ns3:TPX><ns3:Speed>2.9100000858306885</ns3:Speed><ns3:Pace>0.34</ns3:Pace></ns3:TPX></Extensions></Trackpoint><Trackpoint><Time>2025-08-17T21:34:42Z</Time><Position><LatitudeDegrees>-8.05525154</LatitudeDegrees><LongitudeDegrees>-34.95366956</LongitudeDegrees></Position><HeartRateBpm><Value>134</Value></HeartRateBpm><Cadence>89</Cadence><Extensions><ns3:TPX><ns3:Speed>2.9100000858306885</ns3:Speed><ns3:Pace>0.34</ns3:Pace></ns3:TPX></Extensions></Trackpoint><Trackpoint><Time>2025-08-17T21:34:43Z</Time><Position><LatitudeDegrees>-8.05527553</LatitudeDegrees><LongitudeDegrees>-34.95367255</LongitudeDegrees></Position><HeartRateBpm><Value>133</Value></HeartRateBpm><Cadence>89</Cadence><Extensions><ns3:TPX><ns3:Speed>2.9000000953674316</ns3:Speed><ns3:Pace>0.34</ns3:Pace></ns3:TPX></Extensions></Trackpoint><Trackpoint><Time>2025-08-17T21:34:44Z</Time><Position><LatitudeDegrees>-8.05529986</LatitudeDegrees><LongitudeDegrees>-34.95367554</LongitudeDegrees></Position><HeartRateBpm><Value>133</Value></HeartRateBpm><Cadence>89</Cadence><Extensions><ns3:TPX><ns3:Speed>2.9000000953674316</ns3:Speed><ns3:Pace>0.34</ns3:Pace></ns3:TPX></Extensions></Trackpoint><Trackpoint><Time>2025-08-17T21:34:45Z</Time><Position><LatitudeDegrees>-8.05532418</LatitudeDegrees><LongitudeDegrees>-34.95367821</LongitudeDegrees></Position><HeartRateBpm><Value>132</Value></HeartRateBpm><Cadence>90</Cadence><Extensions><ns3:TPX><ns3:Speed>2.890000104904175</ns3:Speed><ns3:Pace>0.34</ns3:Pace></ns3:TPX></Extensions></Trackpoint><Trackpoint><Time>2025-08-17T21:34:46Z</Time><Position><LatitudeDegrees>-8.05534952</LatitudeDegrees><LongitudeDegrees>-34.9536812</LongitudeDegrees></Position><HeartRateBpm><Value>132</Value></HeartRateBpm><Cadence>90</Cadence><Extensions><ns3:TPX><ns3:Speed>2.890000104904175</ns3:Speed><ns3:Pace>0.34</ns3:Pace></ns3:TPX></Extensions></Trackpoint><Trackpoint><Time>2025-08-17T21:34:47Z</Time><Position><LatitudeDegrees>-8.05537484</LatitudeDegrees><LongitudeDegrees>-34.95368419</LongitudeDegrees></Position><HeartRateBpm><Value>131</Value></HeartRateBpm><Cadence>90</Cadence><Extensions><ns3:TPX><ns3:Speed>2.890000104904175</ns3:Speed><ns3:Pace>0.34</ns3:Pace></ns3:TPX></Extensions></Trackpoint><Trackpoint><Time>2025-08-17T21:34:48Z</Time><Position><LatitudeDegrees>-8.05539984</LatitudeDegrees><LongitudeDegrees>-34.95368619</LongitudeDegrees></Position><HeartRateBpm><Value>131</Value></HeartRateBpm><Cadence>90</Cadence><Extensions><ns3:TPX><ns3:Speed>2.890000104904175</ns3:Speed><ns3:Pace>0.34</ns3:Pace></ns3:TPX></Extensions></Trackpoint><Trackpoint><Time>2025-08-17T21:34:49Z</Time><Position><LatitudeDegrees>-8.0554255</LatitudeDegrees><LongitudeDegrees>-34.95368852</LongitudeDegrees></Position><HeartRateBpm><Value>131</Value></HeartRateBpm><Cadence>90</Cadence><Extensions><ns3:TPX><ns3:Speed>2.880000114440918</ns3:Speed><ns3:Pace>0.34</ns3:Pace></ns3:TPX></Extensions></Trackpoint><Trackpoint><Time>2025-08-17T21:34:50Z</Time><Position><LatitudeDegrees>-8.0554515</LatitudeDegrees><LongitudeDegrees>-34.95369151</LongitudeDegrees></Position><HeartRateBpm><Value>131</Value></HeartRateBpm><Cadence>89</Cadence><Extensions><ns3:TPX><ns3:Speed>2.869999885559082</ns3:Speed><ns3:Pace>0.34</ns3:Pace></ns3:TPX></Extensions></Trackpoint><Trackpoint><Time>2025-08-17T21:34:51Z</Time><Position><LatitudeDegrees>-8.0554775</LatitudeDegrees><LongitudeDegrees>-34.95369418</LongitudeDegrees></Position><HeartRateBpm><Value>130</Value></HeartRateBpm><Cadence>89</Cadence><Extensions><ns3:TPX><ns3:Speed>2.869999885559082</ns3:Speed><ns3:Pace>0.34</ns3:Pace></ns3:TPX></Extensions></Trackpoint><Trackpoint><Time>2025-08-17T21:34:52Z</Time><Position><LatitudeDegrees>-8.0555035</LatitudeDegrees><LongitudeDegrees>-34.95369783</LongitudeDegrees></Position><HeartRateBpm><Value>130</Value></HeartRateBpm><Cadence>89</Cadence><Extensions><ns3:TPX><ns3:Speed>2.869999885559082</ns3:Speed><ns3:Pace>0.34</ns3:Pace></ns3:TPX></Extensions></Trackpoint><Trackpoint><Time>2025-08-17T21:34:53Z</Time><Position><LatitudeDegrees>-8.05552882</LatitudeDegrees><LongitudeDegrees>-34.9537025</LongitudeDegrees></Position><HeartRateBpm><Value>130</Value></HeartRateBpm><Cadence>89</Cadence><Extensions><ns3:TPX><ns3:Speed>2.869999885559082</ns3:Speed><ns3:Pace>0.34</ns3:Pace></ns3:TPX></Extensions></Trackpoint><Trackpoint><Time>2025-08-17T21:34:54Z</Time><Position><LatitudeDegrees>-8.05555214</LatitudeDegrees><LongitudeDegrees>-34.95371017</LongitudeDegrees></Position><HeartRateBpm><Value>129</Value></HeartRateBpm><Cadence>89</Cadence><Extensions><ns3:TPX><ns3:Speed>2.869999885559082</ns3:Speed><ns3:Pace>0.34</ns3:Pace></ns3:TPX></Extensions></Trackpoint><Trackpoint><Time>2025-08-17T21:34:55Z</Time><Position><LatitudeDegrees>-8.0555748</LatitudeDegrees><LongitudeDegrees>-34.95372049</LongitudeDegrees></Position><HeartRateBpm><Value>128</Value></HeartRateBpm><Cadence>88</Cadence><Extensions><ns3:TPX><ns3:Speed>2.859999895095825</ns3:Speed><ns3:Pace>0.34</ns3:Pace></ns3:TPX></Extensions></Trackpoint><Trackpoint><Time>2025-08-17T21:34:56Z</Time><Position><LatitudeDegrees>-8.05559547</LatitudeDegrees><LongitudeDegrees>-34.95373349</LongitudeDegrees></Position><HeartRateBpm><Value>128</Value></HeartRateBpm><Cadence>88</Cadence><Extensions><ns3:TPX><ns3:Speed>2.859999895095825</ns3:Speed><ns3:Pace>0.34</ns3:Pace></ns3:TPX></Extensions></Trackpoint><Trackpoint><Time>2025-08-17T21:34:57Z</Time><Position><LatitudeDegrees>-8.05561546</LatitudeDegrees><LongitudeDegrees>-34.95374882</LongitudeDegrees></Position><HeartRateBpm><Value>128</Value></HeartRateBpm><Cadence>88</Cadence><Extensions><ns3:TPX><ns3:Speed>2.859999895095825</ns3:Speed><ns3:Pace>0.34</ns3:Pace></ns3:TPX></Extensions></Trackpoint><Trackpoint><Time>2025-08-17T21:34:58Z</Time><Position><LatitudeDegrees>-8.05563212</LatitudeDegrees><LongitudeDegrees>-34.95376581</LongitudeDegrees></Position><HeartRateBpm><Value>128</Value></HeartRateBpm><Cadence>88</Cadence><Extensions><ns3:TPX><ns3:Speed>2.859999895095825</ns3:Speed><ns3:Pace>0.34</ns3:Pace></ns3:TPX></Extensions></Trackpoint><Trackpoint><Time>2025-08-17T21:34:59Z</Time><Position><LatitudeDegrees>-8.05564612</LatitudeDegrees><LongitudeDegrees>-34.9537858</LongitudeDegrees></Position><HeartRateBpm><Value>127</Value></HeartRateBpm><Cadence>89</Cadence><Extensions><ns3:TPX><ns3:Speed>2.859999895095825</ns3:Speed><ns3:Pace>0.34</ns3:Pace></ns3:TPX></Extensions></Trackpoint><Trackpoint><Time>2025-08-17T21:35:00Z</Time><Position><LatitudeDegrees>-8.05565746</LatitudeDegrees><LongitudeDegrees>-34.95380814</LongitudeDegrees></Position><HeartRateBpm><Value>127</Value></HeartRateBpm><Cadence>88</Cadence><Extensions><ns3:TPX><ns3:Speed>2.859999895095825</ns3:Speed><ns3:Pace>0.35</ns3:Pace></ns3:TPX></Extensions></Trackpoint><Trackpoint><Time>2025-08-17T21:35:01Z</Time><Position><LatitudeDegrees>-8.05566545</LatitudeDegrees><LongitudeDegrees>-34.95383213</LongitudeDegrees></Position><HeartRateBpm><Value>127</Value></HeartRateBpm><Cadence>89</Cadence><Extensions><ns3:TPX><ns3:Speed>2.8499999046325684</ns3:Speed><ns3:Pace>0.35</ns3:Pace></ns3:TPX></Extensions></Trackpoint><Trackpoint><Time>2025-08-17T21:35:02Z</Time><Position><LatitudeDegrees>-8.0556711</LatitudeDegrees><LongitudeDegrees>-34.95385745</LongitudeDegrees></Position><HeartRateBpm><Value>127</Value></HeartRateBpm><Cadence>89</Cadence><Extensions><ns3:TPX><ns3:Speed>2.8499999046325684</ns3:Speed><ns3:Pace>0.35</ns3:Pace></ns3:TPX></Extensions></Trackpoint><Trackpoint><Time>2025-08-17T21:35:03Z</Time><Position><LatitudeDegrees>-8.05567343</LatitudeDegrees><LongitudeDegrees>-34.95388245</LongitudeDegrees></Position><HeartRateBpm><Value>127</Value></HeartRateBpm><Cadence>88</Cadence><Extensions><ns3:TPX><ns3:Speed>2.8399999141693115</ns3:Speed><ns3:Pace>0.35</ns3:Pace></ns3:TPX></Extensions></Trackpoint><Trackpoint><Time>2025-08-17T21:35:04Z</Time><Position><LatitudeDegrees>-8.0556731</LatitudeDegrees><LongitudeDegrees>-34.95390745</LongitudeDegrees></Position><HeartRateBpm><Value>127</Value></HeartRateBpm><Cadence>88</Cadence><Extensions><ns3:TPX><ns3:Speed>2.8399999141693115</ns3:Speed><ns3:Pace>0.35</ns3:Pace></ns3:TPX></Extensions></Trackpoint><Trackpoint><Time>2025-08-17T21:35:05Z</Time><Position><LatitudeDegrees>-8.05567211</LatitudeDegrees><LongitudeDegrees>-34.95393277</LongitudeDegrees></Position><HeartRateBpm><Value>127</Value></HeartRateBpm><Cadence>89</Cadence><Extensions><ns3:TPX><ns3:Speed>2.8399999141693115</ns3:Speed><ns3:Pace>0.35</ns3:Pace></ns3:TPX></Extensions></Trackpoint><Trackpoint><Time>2025-08-17T21:35:06Z</Time><Position><LatitudeDegrees>-8.05566946</LatitudeDegrees><LongitudeDegrees>-34.95395876</LongitudeDegrees></Position><HeartRateBpm><Value>127</Value></HeartRateBpm><Cadence>89</Cadence><Extensions><ns3:TPX><ns3:Speed>2.8399999141693115</ns3:Speed><ns3:Pace>0.35</ns3:Pace></ns3:TPX></Extensions></Trackpoint><Trackpoint><Time>2025-08-17T21:35:07Z</Time><Position><LatitudeDegrees>-8.0556658</LatitudeDegrees><LongitudeDegrees>-34.95398442</LongitudeDegrees></Position><HeartRateBpm><Value>128</Value></HeartRateBpm><Cadence>89</Cadence><Extensions><ns3:TPX><ns3:Speed>2.8399999141693115</ns3:Speed><ns3:Pace>0.35</ns3:Pace></ns3:TPX></Extensions></Trackpoint><Trackpoint><Time>2025-08-17T21:35:08Z</Time><Position><LatitudeDegrees>-8.05566147</LatitudeDegrees><LongitudeDegrees>-34.95400775</LongitudeDegrees></Position><HeartRateBpm><Value>129</Value></HeartRateBpm><Cadence>89</Cadence><Extensions><ns3:TPX><ns3:Speed>2.8399999141693115</ns3:Speed><ns3:Pace>0.35</ns3:Pace></ns3:TPX></Extensions></Trackpoint><Trackpoint><Time>2025-08-17T21:35:09Z</Time><Position><LatitudeDegrees>-8.05565648</LatitudeDegrees><LongitudeDegrees>-34.95403241</LongitudeDegrees></Position><HeartRateBpm><Value>130</Value></HeartRateBpm><Cadence>89</Cadence><Extensions><ns3:TPX><ns3:Speed>2.8299999237060547</ns3:Speed><ns3:Pace>0.35</ns3:Pace></ns3:TPX></Extensions></Trackpoint><Trackpoint><Time>2025-08-17T21:35:10Z</Time><Position><LatitudeDegrees>-8.05565149</LatitudeDegrees><LongitudeDegrees>-34.95405807</LongitudeDegrees></Position><HeartRateBpm><Value>130</Value></HeartRateBpm><Cadence>89</Cadence><Extensions><ns3:TPX><ns3:Speed>2.8299999237060547</ns3:Speed><ns3:Pace>0.35</ns3:Pace></ns3:TPX></Extensions></Trackpoint><Trackpoint><Time>2025-08-17T21:35:11Z</Time><Position><LatitudeDegrees>-8.0556455</LatitudeDegrees><LongitudeDegrees>-34.9540824</LongitudeDegrees></Position><HeartRateBpm><Value>130</Value></HeartRateBpm><Cadence>89</Cadence><Extensions><ns3:TPX><ns3:Speed>2.8299999237060547</ns3:Speed><ns3:Pace>0.35</ns3:Pace></ns3:TPX></Extensions></Trackpoint><Trackpoint><Time>2025-08-17T21:35:12Z</Time><Position><LatitudeDegrees>-8.05564083</LatitudeDegrees><LongitudeDegrees>-34.9541044</LongitudeDegrees></Position><HeartRateBpm><Value>130</Value></HeartRateBpm><Cadence>89</Cadence><Extensions><ns3:TPX><ns3:Speed>2.819999933242798</ns3:Speed><ns3:Pace>0.35</ns3:Pace></ns3:TPX></Extensions></Trackpoint><Trackpoint><Time>2025-08-17T21:35:13Z</Time><Position><LatitudeDegrees>-8.05563617</LatitudeDegrees><LongitudeDegrees>-34.95412873</LongitudeDegrees></Position><HeartRateBpm><Value>130</Value></HeartRateBpm><Cadence>89</Cadence><Extensions><ns3:TPX><ns3:Speed>2.819999933242798</ns3:Speed><ns3:Pace>0.35</ns3:Pace></ns3:TPX></Extensions></Trackpoint><Trackpoint><Time>2025-08-17T21:35:14Z</Time><Position><LatitudeDegrees>-8.05563084</LatitudeDegrees><LongitudeDegrees>-34.95415339</LongitudeDegrees></Position><HeartRateBpm><Value>132</Value></HeartRateBpm><Cadence>89</Cadence><Extensions><ns3:TPX><ns3:Speed>2.809999942779541</ns3:Speed><ns3:Pace>0.35</ns3:Pace></ns3:TPX></Extensions></Trackpoint><Trackpoint><Time>2025-08-17T21:35:15Z</Time><Position><LatitudeDegrees>-8.05562551</LatitudeDegrees><LongitudeDegrees>-34.95417739</LongitudeDegrees></Position><HeartRateBpm><Value>132</Value></HeartRateBpm><Cadence>89</Cadence><Extensions><ns3:TPX><ns3:Speed>2.809999942779541</ns3:Speed><ns3:Pace>0.35</ns3:Pace></ns3:TPX></Extensions></Trackpoint><Trackpoint><Time>2025-08-17T21:35:16Z</Time><Position><LatitudeDegrees>-8.05561984</LatitudeDegrees><LongitudeDegrees>-34.95420171</LongitudeDegrees></Position><HeartRateBpm><Value>132</Value></HeartRateBpm><Cadence>89</Cadence><Extensions><ns3:TPX><ns3:Speed>2.809999942779541</ns3:Speed><ns3:Pace>0.35</ns3:Pace></ns3:TPX></Extensions></Trackpoint><Trackpoint><Time>2025-08-17T21:35:17Z</Time><Position><LatitudeDegrees>-8.05561485</LatitudeDegrees><LongitudeDegrees>-34.95422638</LongitudeDegrees></Position><HeartRateBpm><Value>130</Value></HeartRateBpm><Cadence>89</Cadence><Extensions><ns3:TPX><ns3:Speed>2.799999952316284</ns3:Speed><ns3:Pace>0.35</ns3:Pace></ns3:TPX></Extensions></Trackpoint><Trackpoint><Time>2025-08-17T21:35:18Z</Time><Position><LatitudeDegrees>-8.05561053</LatitudeDegrees><LongitudeDegrees>-34.95425105</LongitudeDegrees></Position><HeartRateBpm><Value>130</Value></HeartRateBpm><Cadence>89</Cadence><Extensions><ns3:TPX><ns3:Speed>2.799999952316284</ns3:Speed><ns3:Pace>0.35</ns3:Pace></ns3:TPX></Extensions></Trackpoint><Trackpoint><Time>2025-08-17T21:35:19Z</Time><Position><LatitudeDegrees>-8.05560586</LatitudeDegrees><LongitudeDegrees>-34.95427605</LongitudeDegrees></Position><HeartRateBpm><Value>130</Value></HeartRateBpm><Cadence>89</Cadence><Extensions><ns3:TPX><ns3:Speed>2.799999952316284</ns3:Speed><ns3:Pace>0.35</ns3:Pace></ns3:TPX></Extensions></Trackpoint><Trackpoint><Time>2025-08-17T21:35:20Z</Time><Position><LatitudeDegrees>-8.05560154</LatitudeDegrees><LongitudeDegrees>-34.95430038</LongitudeDegrees></Position><HeartRateBpm><Value>130</Value></HeartRateBpm><Cadence>90</Cadence><Extensions><ns3:TPX><ns3:Speed>2.7899999618530273</ns3:Speed><ns3:Pace>0.35</ns3:Pace></ns3:TPX></Extensions></Trackpoint><Trackpoint><Time>2025-08-17T21:35:21Z</Time><Position><LatitudeDegrees>-8.05559821</LatitudeDegrees><LongitudeDegrees>-34.95432504</LongitudeDegrees></Position><HeartRateBpm><Value>129</Value></HeartRateBpm><Cadence>90</Cadence><Extensions><ns3:TPX><ns3:Speed>2.7799999713897705</ns3:Speed><ns3:Pace>0.35</ns3:Pace></ns3:TPX></Extensions></Trackpoint><Trackpoint><Time>2025-08-17T21:35:22Z</Time><Position><LatitudeDegrees>-8.05559588</LatitudeDegrees><LongitudeDegrees>-34.9543497</LongitudeDegrees></Position><HeartRateBpm><Value>129</Value></HeartRateBpm><Cadence>90</Cadence><Extensions><ns3:TPX><ns3:Speed>2.7799999713897705</ns3:Speed><ns3:Pace>0.35</ns3:Pace></ns3:TPX></Extensions></Trackpoint><Trackpoint><Time>2025-08-17T21:35:23Z</Time><Position><LatitudeDegrees>-8.05559356</LatitudeDegrees><LongitudeDegrees>-34.95437504</LongitudeDegrees></Position><HeartRateBpm><Value>130</Value></HeartRateBpm><Cadence>90</Cadence><Extensions><ns3:TPX><ns3:Speed>2.7799999713897705</ns3:Speed><ns3:Pace>0.36</ns3:Pace></ns3:TPX></Extensions></Trackpoint><Trackpoint><Time>2025-08-17T21:35:24Z</Time><Position><LatitudeDegrees>-8.05558956</LatitudeDegrees><LongitudeDegrees>-34.95440004</LongitudeDegrees></Position><HeartRateBpm><Value>130</Value></HeartRateBpm><Cadence>90</Cadence><Extensions><ns3:TPX><ns3:Speed>2.7699999809265137</ns3:Speed><ns3:Pace>0.36</ns3:Pace></ns3:TPX></Extensions></Trackpoint><Trackpoint><Time>2025-08-17T21:35:25Z</Time><Position><LatitudeDegrees>-8.05558457</LatitudeDegrees><LongitudeDegrees>-34.9544247</LongitudeDegrees></Position><HeartRateBpm><Value>129</Value></HeartRateBpm><Cadence>90</Cadence><Extensions><ns3:TPX><ns3:Speed>2.7699999809265137</ns3:Speed><ns3:Pace>0.36</ns3:Pace></ns3:TPX></Extensions></Trackpoint><Trackpoint><Time>2025-08-17T21:35:26Z</Time><Position><LatitudeDegrees>-8.05558023</LatitudeDegrees><LongitudeDegrees>-34.95444836</LongitudeDegrees></Position><HeartRateBpm><Value>129</Value></HeartRateBpm><Cadence>89</Cadence><Extensions><ns3:TPX><ns3:Speed>2.7699999809265137</ns3:Speed><ns3:Pace>0.36</ns3:Pace></ns3:TPX></Extensions></Trackpoint><Trackpoint><Time>2025-08-17T21:35:27Z</Time><Position><LatitudeDegrees>-8.05557591</LatitudeDegrees><LongitudeDegrees>-34.95447368</LongitudeDegrees></Position><HeartRateBpm><Value>130</Value></HeartRateBpm><Cadence>90</Cadence><Extensions><ns3:TPX><ns3:Speed>2.7699999809265137</ns3:Speed><ns3:Pace>0.36</ns3:Pace></ns3:TPX></Extensions></Trackpoint><Trackpoint><Time>2025-08-17T21:35:28Z</Time><Position><LatitudeDegrees>-8.05557225</LatitudeDegrees><LongitudeDegrees>-34.95449768</LongitudeDegrees></Position><HeartRateBpm><Value>130</Value></HeartRateBpm><Cadence>90</Cadence><Extensions><ns3:TPX><ns3:Speed>2.7699999809265137</ns3:Speed><ns3:Pace>0.36</ns3:Pace></ns3:TPX></Extensions></Trackpoint><Trackpoint><Time>2025-08-17T21:35:29Z</Time><Position><LatitudeDegrees>-8.05556926</LatitudeDegrees><LongitudeDegrees>-34.95452134</LongitudeDegrees></Position><HeartRateBpm><Value>129</Value></HeartRateBpm><Cadence>90</Cadence><Extensions><ns3:TPX><ns3:Speed>2.759999990463257</ns3:Speed><ns3:Pace>0.36</ns3:Pace></ns3:TPX></Extensions></Trackpoint><Trackpoint><Time>2025-08-17T21:35:30Z</Time><Position><LatitudeDegrees>-8.0555666</LatitudeDegrees><LongitudeDegrees>-34.95454567</LongitudeDegrees></Position><HeartRateBpm><Value>129</Value></HeartRateBpm><Cadence>90</Cadence><Extensions><ns3:TPX><ns3:Speed>2.759999990463257</ns3:Speed><ns3:Pace>0.36</ns3:Pace></ns3:TPX></Extensions></Trackpoint><Trackpoint><Time>2025-08-17T21:35:31Z</Time><Position><LatitudeDegrees>-8.05556561</LatitudeDegrees><LongitudeDegrees>-34.95457067</LongitudeDegrees></Position><HeartRateBpm><Value>129</Value></HeartRateBpm><Cadence>90</Cadence><Extensions><ns3:TPX><ns3:Speed>2.75</ns3:Speed><ns3:Pace>0.36</ns3:Pace></ns3:TPX></Extensions></Trackpoint><Trackpoint><Time>2025-08-17T21:35:32Z</Time><Position><LatitudeDegrees>-8.05556528</LatitudeDegrees><LongitudeDegrees>-34.95459666</LongitudeDegrees></Position><HeartRateBpm><Value>131</Value></HeartRateBpm><Cadence>89</Cadence><Extensions><ns3:TPX><ns3:Speed>2.75</ns3:Speed><ns3:Pace>0.36</ns3:Pace></ns3:TPX></Extensions></Trackpoint><Trackpoint><Time>2025-08-17T21:35:33Z</Time><Position><LatitudeDegrees>-8.05556396</LatitudeDegrees><LongitudeDegrees>-34.95462299</LongitudeDegrees></Position><HeartRateBpm><Value>132</Value></HeartRateBpm><Cadence>89</Cadence><Extensions><ns3:TPX><ns3:Speed>2.740000009536743</ns3:Speed><ns3:Pace>0.36</ns3:Pace></ns3:TPX></Extensions></Trackpoint><Trackpoint><Time>2025-08-17T21:35:34Z</Time><Position><LatitudeDegrees>-8.05556196</LatitudeDegrees><LongitudeDegrees>-34.95464831</LongitudeDegrees></Position><HeartRateBpm><Value>132</Value></HeartRateBpm><Cadence>89</Cadence><Extensions><ns3:TPX><ns3:Speed>2.740000009536743</ns3:Speed><ns3:Pace>0.36</ns3:Pace></ns3:TPX></Extensions></Trackpoint><Trackpoint><Time>2025-08-17T21:35:35Z</Time><Position><LatitudeDegrees>-8.05556064</LatitudeDegrees><LongitudeDegrees>-34.95467298</LongitudeDegrees></Position><HeartRateBpm><Value>132</Value></HeartRateBpm><Cadence>89</Cadence><Extensions><ns3:TPX><ns3:Speed>2.740000009536743</ns3:Speed><ns3:Pace>0.36</ns3:Pace></ns3:TPX></Extensions></Trackpoint><Trackpoint><Time>2025-08-17T21:35:36Z</Time><Position><LatitudeDegrees>-8.05555997</LatitudeDegrees><LongitudeDegrees>-34.95469764</LongitudeDegrees></Position><HeartRateBpm><Value>132</Value></HeartRateBpm><Cadence>89</Cadence><Extensions><ns3:TPX><ns3:Speed>2.740000009536743</ns3:Speed><ns3:Pace>0.36</ns3:Pace></ns3:TPX></Extensions></Trackpoint><Trackpoint><Time>2025-08-17T21:35:37Z</Time><Position><LatitudeDegrees>-8.05555831</LatitudeDegrees><LongitudeDegrees>-34.9547213</LongitudeDegrees></Position><HeartRateBpm><Value>133</Value></HeartRateBpm><Cadence>89</Cadence><Extensions><ns3:TPX><ns3:Speed>2.7300000190734863</ns3:Speed><ns3:Pace>0.36</ns3:Pace></ns3:TPX></Extensions></Trackpoint><Trackpoint><Time>2025-08-17T21:35:38Z</Time><Position><LatitudeDegrees>-8.05555566</LatitudeDegrees><LongitudeDegrees>-34.95474496</LongitudeDegrees></Position><HeartRateBpm><Value>134</Value></HeartRateBpm><Cadence>89</Cadence><Extensions><ns3:TPX><ns3:Speed>2.7300000190734863</ns3:Speed><ns3:Pace>0.36</ns3:Pace></ns3:TPX></Extensions></Trackpoint><Trackpoint><Time>2025-08-17T21:35:39Z</Time><Position><LatitudeDegrees>-8.05555267</LatitudeDegrees><LongitudeDegrees>-34.95476929</LongitudeDegrees></Position><HeartRateBpm><Value>134</Value></HeartRateBpm><Cadence>89</Cadence><Extensions><ns3:TPX><ns3:Speed>2.7300000190734863</ns3:Speed><ns3:Pace>0.36</ns3:Pace></ns3:TPX></Extensions></Trackpoint><Trackpoint><Time>2025-08-17T21:35:40Z</Time><Position><LatitudeDegrees>-8.055549</LatitudeDegrees><LongitudeDegrees>-34.95479296</LongitudeDegrees></Position><HeartRateBpm><Value>134</Value></HeartRateBpm><Cadence>89</Cadence><Extensions><ns3:TPX><ns3:Speed>2.7300000190734863</ns3:Speed><ns3:Pace>0.36</ns3:Pace></ns3:TPX></Extensions></Trackpoint><Trackpoint><Time>2025-08-17T21:35:41Z</Time><Position><LatitudeDegrees>-8.05554634</LatitudeDegrees><LongitudeDegrees>-34.95481728</LongitudeDegrees></Position><HeartRateBpm><Value>136</Value></HeartRateBpm><Cadence>89</Cadence><Extensions><ns3:TPX><ns3:Speed>2.7300000190734863</ns3:Speed><ns3:Pace>0.36</ns3:Pace></ns3:TPX></Extensions></Trackpoint><Trackpoint><Time>2025-08-17T21:35:42Z</Time><Position><LatitudeDegrees>-8.05554502</LatitudeDegrees><LongitudeDegrees>-34.9548426</LongitudeDegrees></Position><HeartRateBpm><Value>136</Value></HeartRateBpm><Cadence>89</Cadence><Extensions><ns3:TPX><ns3:Speed>2.7300000190734863</ns3:Speed><ns3:Pace>0.36</ns3:Pace></ns3:TPX></Extensions></Trackpoint><Trackpoint><Time>2025-08-17T21:35:43Z</Time><Position><LatitudeDegrees>-8.05554269</LatitudeDegrees><LongitudeDegrees>-34.95486859</LongitudeDegrees></Position><HeartRateBpm><Value>136</Value></HeartRateBpm><Cadence>89</Cadence><Extensions><ns3:TPX><ns3:Speed>2.7300000190734863</ns3:Speed><ns3:Pace>0.36</ns3:Pace></ns3:TPX></Extensions></Trackpoint><Trackpoint><Time>2025-08-17T21:35:44Z</Time><Position><LatitudeDegrees>-8.0555417</LatitudeDegrees><LongitudeDegrees>-34.95489426</LongitudeDegrees></Position><HeartRateBpm><Value>135</Value></HeartRateBpm><Cadence>89</Cadence><Extensions><ns3:TPX><ns3:Speed>2.7300000190734863</ns3:Speed><ns3:Pace>0.36</ns3:Pace></ns3:TPX></Extensions></Trackpoint><Trackpoint><Time>2025-08-17T21:35:45Z</Time><Position><LatitudeDegrees>-8.05554235</LatitudeDegrees><LongitudeDegrees>-34.95491858</LongitudeDegrees></Position><HeartRateBpm><Value>135</Value></HeartRateBpm><Cadence>89</Cadence><Extensions><ns3:TPX><ns3:Speed>2.7200000286102295</ns3:Speed><ns3:Pace>0.36</ns3:Pace></ns3:TPX></Extensions></Trackpoint><Trackpoint><Time>2025-08-17T21:35:46Z</Time><Position><LatitudeDegrees>-8.05554369</LatitudeDegrees><LongitudeDegrees>-34.95494592</LongitudeDegrees></Position><HeartRateBpm><Value>135</Value></HeartRateBpm><Cadence>89</Cadence><Extensions><ns3:TPX><ns3:Speed>2.7200000286102295</ns3:Speed><ns3:Pace>0.36</ns3:Pace></ns3:TPX></Extensions></Trackpoint><Trackpoint><Time>2025-08-17T21:35:47Z</Time><Position><LatitudeDegrees>-8.05554336</LatitudeDegrees><LongitudeDegrees>-34.95497191</LongitudeDegrees></Position><HeartRateBpm><Value>135</Value></HeartRateBpm><Cadence>89</Cadence><Extensions><ns3:TPX><ns3:Speed>2.7200000286102295</ns3:Speed><ns3:Pace>0.36</ns3:Pace></ns3:TPX></Extensions></Trackpoint><Trackpoint><Time>2025-08-17T21:35:48Z</Time><Position><LatitudeDegrees>-8.05554236</LatitudeDegrees><LongitudeDegrees>-34.95499691</LongitudeDegrees></Position><HeartRateBpm><Value>134</Value></HeartRateBpm><Cadence>89</Cadence><Extensions><ns3:TPX><ns3:Speed>2.7200000286102295</ns3:Speed><ns3:Pace>0.36</ns3:Pace></ns3:TPX></Extensions></Trackpoint><Trackpoint><Time>2025-08-17T21:35:49Z</Time><Position><LatitudeDegrees>-8.05554036</LatitudeDegrees><LongitudeDegrees>-34.95502157</LongitudeDegrees></Position><HeartRateBpm><Value>134</Value></HeartRateBpm><Cadence>88</Cadence><Extensions><ns3:TPX><ns3:Speed>2.7200000286102295</ns3:Speed><ns3:Pace>0.36</ns3:Pace></ns3:TPX></Extensions></Trackpoint><Trackpoint><Time>2025-08-17T21:35:50Z</Time><Position><LatitudeDegrees>-8.05553737</LatitudeDegrees><LongitudeDegrees>-34.95504556</LongitudeDegrees></Position><HeartRateBpm><Value>134</Value></HeartRateBpm><Cadence>88</Cadence><Extensions><ns3:TPX><ns3:Speed>2.7200000286102295</ns3:Speed><ns3:Pace>0.36</ns3:Pace></ns3:TPX></Extensions></Trackpoint><Trackpoint><Time>2025-08-17T21:35:51Z</Time><Position><LatitudeDegrees>-8.05553271</LatitudeDegrees><LongitudeDegrees>-34.9550689</LongitudeDegrees></Position><HeartRateBpm><Value>135</Value></HeartRateBpm><Cadence>88</Cadence><Extensions><ns3:TPX><ns3:Speed>2.7200000286102295</ns3:Speed><ns3:Pace>0.36</ns3:Pace></ns3:TPX></Extensions></Trackpoint><Trackpoint><Time>2025-08-17T21:35:52Z</Time><Position><LatitudeDegrees>-8.05552738</LatitudeDegrees><LongitudeDegrees>-34.95509123</LongitudeDegrees></Position><HeartRateBpm><Value>135</Value></HeartRateBpm><Cadence>88</Cadence><Extensions><ns3:TPX><ns3:Speed>2.7200000286102295</ns3:Speed><ns3:Pace>0.36</ns3:Pace></ns3:TPX></Extensions></Trackpoint><Trackpoint><Time>2025-08-17T21:35:53Z</Time><Position><LatitudeDegrees>-8.05552172</LatitudeDegrees><LongitudeDegrees>-34.95511389</LongitudeDegrees></Position><HeartRateBpm><Value>135</Value></HeartRateBpm><Cadence>89</Cadence><Extensions><ns3:TPX><ns3:Speed>2.7200000286102295</ns3:Speed><ns3:Pace>0.36</ns3:Pace></ns3:TPX></Extensions></Trackpoint><Trackpoint><Time>2025-08-17T21:35:54Z</Time><Position><LatitudeDegrees>-8.05551673</LatitudeDegrees><LongitudeDegrees>-34.95513654</LongitudeDegrees></Position><HeartRateBpm><Value>135</Value></HeartRateBpm><Cadence>89</Cadence><Extensions><ns3:TPX><ns3:Speed>2.7100000381469727</ns3:Speed><ns3:Pace>0.36</ns3:Pace></ns3:TPX></Extensions></Trackpoint><Trackpoint><Time>2025-08-17T21:35:55Z</Time><Position><LatitudeDegrees>-8.05550874</LatitudeDegrees><LongitudeDegrees>-34.95518252</LongitudeDegrees></Position><HeartRateBpm><Value>133</Value></HeartRateBpm><Cadence>89</Cadence><Extensions><ns3:TPX><ns3:Speed>2.7100000381469727</ns3:Speed><ns3:Pace>0.36</ns3:Pace></ns3:TPX></Extensions></Trackpoint><Trackpoint><Time>2025-08-17T21:35:56Z</Time><Position><LatitudeDegrees>-8.05550474</LatitudeDegrees><LongitudeDegrees>-34.95520518</LongitudeDegrees></Position><HeartRateBpm><Value>133</Value></HeartRateBpm><Cadence>89</Cadence><Extensions><ns3:TPX><ns3:Speed>2.7100000381469727</ns3:Speed><ns3:Pace>0.36</ns3:Pace></ns3:TPX></Extensions></Trackpoint><Trackpoint><Time>2025-08-17T21:35:57Z</Time><Position><LatitudeDegrees>-8.0555004</LatitudeDegrees><LongitudeDegrees>-34.95522718</LongitudeDegrees></Position><HeartRateBpm><Value>133</Value></HeartRateBpm><Cadence>89</Cadence><Extensions><ns3:TPX><ns3:Speed>2.7100000381469727</ns3:Speed><ns3:Pace>0.36</ns3:Pace></ns3:TPX></Extensions></Trackpoint><Trackpoint><Time>2025-08-17T21:35:58Z</Time><Position><LatitudeDegrees>-8.05549641</LatitudeDegrees><LongitudeDegrees>-34.95524918</LongitudeDegrees></Position><HeartRateBpm><Value>133</Value></HeartRateBpm><Cadence>89</Cadence><Extensions><ns3:TPX><ns3:Speed>2.7100000381469727</ns3:Speed><ns3:Pace>0.37</ns3:Pace></ns3:TPX></Extensions></Trackpoint><Trackpoint><Time>2025-08-17T21:35:59Z</Time><Position><LatitudeDegrees>-8.05549275</LatitudeDegrees><LongitudeDegrees>-34.95527317</LongitudeDegrees></Position><HeartRateBpm><Value>133</Value></HeartRateBpm><Cadence>89</Cadence><Extensions><ns3:TPX><ns3:Speed>2.700000047683716</ns3:Speed><ns3:Pace>0.37</ns3:Pace></ns3:TPX></Extensions></Trackpoint><Trackpoint><Time>2025-08-17T21:36:00Z</Time><Position><LatitudeDegrees>-8.05548841</LatitudeDegrees><LongitudeDegrees>-34.95529717</LongitudeDegrees></Position><HeartRateBpm><Value>133</Value></HeartRateBpm><Cadence>89</Cadence><Extensions><ns3:TPX><ns3:Speed>2.700000047683716</ns3:Speed><ns3:Pace>0.37</ns3:Pace></ns3:TPX></Extensions></Trackpoint><Trackpoint><Time>2025-08-17T21:36:01Z</Time><Position><LatitudeDegrees>-8.05548342</LatitudeDegrees><LongitudeDegrees>-34.95532149</LongitudeDegrees></Position><HeartRateBpm><Value>133</Value></HeartRateBpm><Cadence>89</Cadence><Extensions><ns3:TPX><ns3:Speed>2.690000057220459</ns3:Speed><ns3:Pace>0.37</ns3:Pace></ns3:TPX></Extensions></Trackpoint><Trackpoint><Time>2025-08-17T21:36:02Z</Time><Position><LatitudeDegrees>-8.05547743</LatitudeDegrees><LongitudeDegrees>-34.95534583</LongitudeDegrees></Position><HeartRateBpm><Value>133</Value></HeartRateBpm><Cadence>89</Cadence><Extensions><ns3:TPX><ns3:Speed>2.690000057220459</ns3:Speed><ns3:Pace>0.37</ns3:Pace></ns3:TPX></Extensions></Trackpoint><Trackpoint><Time>2025-08-17T21:36:03Z</Time><Position><LatitudeDegrees>-8.05547043</LatitudeDegrees><LongitudeDegrees>-34.95536949</LongitudeDegrees></Position><HeartRateBpm><Value>133</Value></HeartRateBpm><Cadence>89</Cadence><Extensions><ns3:TPX><ns3:Speed>2.690000057220459</ns3:Speed><ns3:Pace>0.37</ns3:Pace></ns3:TPX></Extensions></Trackpoint><Trackpoint><Time>2025-08-17T21:36:04Z</Time><Position><LatitudeDegrees>-8.05546377</LatitudeDegrees><LongitudeDegrees>-34.95539248</LongitudeDegrees></Position><HeartRateBpm><Value>133</Value></HeartRateBpm><Cadence>89</Cadence><Extensions><ns3:TPX><ns3:Speed>2.680000066757202</ns3:Speed><ns3:Pace>0.37</ns3:Pace></ns3:TPX></Extensions></Trackpoint><Trackpoint><Time>2025-08-17T21:36:05Z</Time><Position><LatitudeDegrees>-8.05545777</LatitudeDegrees><LongitudeDegrees>-34.95541647</LongitudeDegrees></Position><HeartRateBpm><Value>133</Value></HeartRateBpm><Cadence>90</Cadence><Extensions><ns3:TPX><ns3:Speed>2.680000066757202</ns3:Speed><ns3:Pace>0.37</ns3:Pace></ns3:TPX></Extensions></Trackpoint><Trackpoint><Time>2025-08-17T21:36:06Z</Time><Position><LatitudeDegrees>-8.05545278</LatitudeDegrees><LongitudeDegrees>-34.95544047</LongitudeDegrees></Position><HeartRateBpm><Value>133</Value></HeartRateBpm><Cadence>90</Cadence><Extensions><ns3:TPX><ns3:Speed>2.680000066757202</ns3:Speed><ns3:Pace>0.37</ns3:Pace></ns3:TPX></Extensions></Trackpoint><Trackpoint><Time>2025-08-17T21:36:07Z</Time><Position><LatitudeDegrees>-8.05544812</LatitudeDegrees><LongitudeDegrees>-34.95546313</LongitudeDegrees></Position><HeartRateBpm><Value>133</Value></HeartRateBpm><Cadence>90</Cadence><Extensions><ns3:TPX><ns3:Speed>2.680000066757202</ns3:Speed><ns3:Pace>0.37</ns3:Pace></ns3:TPX></Extensions></Trackpoint><Trackpoint><Time>2025-08-17T21:36:08Z</Time><Position><LatitudeDegrees>-8.05544313</LatitudeDegrees><LongitudeDegrees>-34.95548679</LongitudeDegrees></Position><HeartRateBpm><Value>134</Value></HeartRateBpm><Cadence>89</Cadence><Extensions><ns3:TPX><ns3:Speed>2.680000066757202</ns3:Speed><ns3:Pace>0.37</ns3:Pace></ns3:TPX></Extensions></Trackpoint><Trackpoint><Time>2025-08-17T21:36:09Z</Time><Position><LatitudeDegrees>-8.05543846</LatitudeDegrees><LongitudeDegrees>-34.95551011</LongitudeDegrees></Position><HeartRateBpm><Value>134</Value></HeartRateBpm><Cadence>89</Cadence><Extensions><ns3:TPX><ns3:Speed>2.680000066757202</ns3:Speed><ns3:Pace>0.37</ns3:Pace></ns3:TPX></Extensions></Trackpoint><Trackpoint><Time>2025-08-17T21:36:10Z</Time><Position><LatitudeDegrees>-8.05543547</LatitudeDegrees><LongitudeDegrees>-34.95553311</LongitudeDegrees></Position><HeartRateBpm><Value>134</Value></HeartRateBpm><Cadence>89</Cadence><Extensions><ns3:TPX><ns3:Speed>2.680000066757202</ns3:Speed><ns3:Pace>0.37</ns3:Pace></ns3:TPX></Extensions></Trackpoint><Trackpoint><Time>2025-08-17T21:36:11Z</Time><Position><LatitudeDegrees>-8.05543381</LatitudeDegrees><LongitudeDegrees>-34.95555544</LongitudeDegrees></Position><HeartRateBpm><Value>134</Value></HeartRateBpm><Cadence>89</Cadence><Extensions><ns3:TPX><ns3:Speed>2.680000066757202</ns3:Speed><ns3:Pace>0.37</ns3:Pace></ns3:TPX></Extensions></Trackpoint><Trackpoint><Time>2025-08-17T21:36:12Z</Time><Position><LatitudeDegrees>-8.05543148</LatitudeDegrees><LongitudeDegrees>-34.95557877</LongitudeDegrees></Position><HeartRateBpm><Value>135</Value></HeartRateBpm><Cadence>89</Cadence><Extensions><ns3:TPX><ns3:Speed>2.680000066757202</ns3:Speed><ns3:Pace>0.37</ns3:Pace></ns3:TPX></Extensions></Trackpoint><Trackpoint><Time>2025-08-17T21:36:13Z</Time><Position><LatitudeDegrees>-8.05542883</LatitudeDegrees><LongitudeDegrees>-34.95560176</LongitudeDegrees></Position><HeartRateBpm><Value>135</Value></HeartRateBpm><Cadence>89</Cadence><Extensions><ns3:TPX><ns3:Speed>2.680000066757202</ns3:Speed><ns3:Pace>0.37</ns3:Pace></ns3:TPX></Extensions></Trackpoint><Trackpoint><Time>2025-08-17T21:36:14Z</Time><Position><LatitudeDegrees>-8.0554265</LatitudeDegrees><LongitudeDegrees>-34.95562241</LongitudeDegrees></Position><HeartRateBpm><Value>134</Value></HeartRateBpm><Cadence>89</Cadence><Extensions><ns3:TPX><ns3:Speed>2.680000066757202</ns3:Speed><ns3:Pace>0.37</ns3:Pace></ns3:TPX></Extensions></Trackpoint><Trackpoint><Time>2025-08-17T21:36:15Z</Time><Position><LatitudeDegrees>-8.05542385</LatitudeDegrees><LongitudeDegrees>-34.95564341</LongitudeDegrees></Position><HeartRateBpm><Value>134</Value></HeartRateBpm><Cadence>89</Cadence><Extensions><ns3:TPX><ns3:Speed>2.680000066757202</ns3:Speed><ns3:Pace>0.37</ns3:Pace></ns3:TPX></Extensions></Trackpoint><Trackpoint><Time>2025-08-17T21:36:16Z</Time><Position><LatitudeDegrees>-8.05541985</LatitudeDegrees><LongitudeDegrees>-34.9556664</LongitudeDegrees></Position><HeartRateBpm><Value>134</Value></HeartRateBpm><Cadence>89</Cadence><Extensions><ns3:TPX><ns3:Speed>2.6700000762939453</ns3:Speed><ns3:Pace>0.37</ns3:Pace></ns3:TPX></Extensions></Trackpoint><Trackpoint><Time>2025-08-17T21:36:17Z</Time><Position><LatitudeDegrees>-8.05541619</LatitudeDegrees><LongitudeDegrees>-34.95568973</LongitudeDegrees></Position><HeartRateBpm><Value>134</Value></HeartRateBpm><Cadence>89</Cadence><Extensions><ns3:TPX><ns3:Speed>2.6700000762939453</ns3:Speed><ns3:Pace>0.37</ns3:Pace></ns3:TPX></Extensions></Trackpoint><Trackpoint><Time>2025-08-17T21:36:18Z</Time><Position><LatitudeDegrees>-8.05541287</LatitudeDegrees><LongitudeDegrees>-34.95571339</LongitudeDegrees></Position><HeartRateBpm><Value>135</Value></HeartRateBpm><Cadence>89</Cadence><Extensions><ns3:TPX><ns3:Speed>2.6600000858306885</ns3:Speed><ns3:Pace>0.37</ns3:Pace></ns3:TPX></Extensions></Trackpoint><Trackpoint><Time>2025-08-17T21:36:19Z</Time><Position><LatitudeDegrees>-8.05541153</LatitudeDegrees><LongitudeDegrees>-34.95573672</LongitudeDegrees></Position><HeartRateBpm><Value>136</Value></HeartRateBpm><Cadence>89</Cadence><Extensions><ns3:TPX><ns3:Speed>2.6600000858306885</ns3:Speed><ns3:Pace>0.37</ns3:Pace></ns3:TPX></Extensions></Trackpoint><Trackpoint><Time>2025-08-17T21:36:20Z</Time><Position><LatitudeDegrees>-8.05541054</LatitudeDegrees><LongitudeDegrees>-34.95576037</LongitudeDegrees></Position><HeartRateBpm><Value>136</Value></HeartRateBpm><Cadence>89</Cadence><Extensions><ns3:TPX><ns3:Speed>2.6500000953674316</ns3:Speed><ns3:Pace>0.37</ns3:Pace></ns3:TPX></Extensions></Trackpoint><Trackpoint><Time>2025-08-17T21:36:21Z</Time><Position><LatitudeDegrees>-8.05540988</LatitudeDegrees><LongitudeDegrees>-34.95578303</LongitudeDegrees></Position><HeartRateBpm><Value>136</Value></HeartRateBpm><Cadence>89</Cadence><Extensions><ns3:TPX><ns3:Speed>2.6500000953674316</ns3:Speed><ns3:Pace>0.37</ns3:Pace></ns3:TPX></Extensions></Trackpoint><Trackpoint><Time>2025-08-17T21:36:22Z</Time><Position><LatitudeDegrees>-8.05540921</LatitudeDegrees><LongitudeDegrees>-34.95580603</LongitudeDegrees></Position><HeartRateBpm><Value>136</Value></HeartRateBpm><Cadence>89</Cadence><Extensions><ns3:TPX><ns3:Speed>2.6500000953674316</ns3:Speed><ns3:Pace>0.37</ns3:Pace></ns3:TPX></Extensions></Trackpoint><Trackpoint><Time>2025-08-17T21:36:23Z</Time><Position><LatitudeDegrees>-8.05540789</LatitudeDegrees><LongitudeDegrees>-34.95582902</LongitudeDegrees></Position><HeartRateBpm><Value>137</Value></HeartRateBpm><Cadence>88</Cadence><Extensions><ns3:TPX><ns3:Speed>2.6500000953674316</ns3:Speed><ns3:Pace>0.37</ns3:Pace></ns3:TPX></Extensions></Trackpoint><Trackpoint><Time>2025-08-17T21:36:24Z</Time><Position><LatitudeDegrees>-8.0554069</LatitudeDegrees><LongitudeDegrees>-34.95585068</LongitudeDegrees></Position><HeartRateBpm><Value>137</Value></HeartRateBpm><Cadence>87</Cadence><Extensions><ns3:TPX><ns3:Speed>2.6500000953674316</ns3:Speed><ns3:Pace>0.37</ns3:Pace></ns3:TPX></Extensions></Trackpoint><Trackpoint><Time>2025-08-17T21:36:25Z</Time><Position><LatitudeDegrees>-8.05540789</LatitudeDegrees><LongitudeDegrees>-34.95586968</LongitudeDegrees></Position><HeartRateBpm><Value>138</Value></HeartRateBpm><Cadence>85</Cadence><Extensions><ns3:TPX><ns3:Speed>2.640000104904175</ns3:Speed><ns3:Pace>0.37</ns3:Pace></ns3:TPX></Extensions></Trackpoint><Trackpoint><Time>2025-08-17T21:36:26Z</Time><Position><LatitudeDegrees>-8.05541089</LatitudeDegrees><LongitudeDegrees>-34.95588434</LongitudeDegrees></Position><HeartRateBpm><Value>138</Value></HeartRateBpm><Cadence>85</Cadence><Extensions><ns3:TPX><ns3:Speed>2.640000104904175</ns3:Speed><ns3:Pace>0.37</ns3:Pace></ns3:TPX></Extensions></Trackpoint><Trackpoint><Time>2025-08-17T21:36:27Z</Time><Position><LatitudeDegrees>-8.05541289</LatitudeDegrees><LongitudeDegrees>-34.95589333</LongitudeDegrees></Position><HeartRateBpm><Value>138</Value></HeartRateBpm><Cadence>86</Cadence><Extensions><ns3:TPX><ns3:Speed>2.630000114440918</ns3:Speed><ns3:Pace>0.37</ns3:Pace></ns3:TPX></Extensions></Trackpoint><Trackpoint><Time>2025-08-17T21:36:28Z</Time><Position><LatitudeDegrees>-8.05541421</LatitudeDegrees><LongitudeDegrees>-34.955896</LongitudeDegrees></Position><HeartRateBpm><Value>138</Value></HeartRateBpm><Cadence>86</Cadence><Extensions><ns3:TPX><ns3:Speed>2.630000114440918</ns3:Speed><ns3:Pace>0.38</ns3:Pace></ns3:TPX></Extensions></Trackpoint><Trackpoint><Time>2025-08-17T21:36:29Z</Time><Position><LatitudeDegrees>-8.05541453</LatitudeDegrees><LongitudeDegrees>-34.955894</LongitudeDegrees></Position><HeartRateBpm><Value>138</Value></HeartRateBpm><Cadence>88</Cadence><Extensions><ns3:TPX><ns3:Speed>2.630000114440918</ns3:Speed><ns3:Pace>0.38</ns3:Pace></ns3:TPX></Extensions></Trackpoint><Trackpoint><Time>2025-08-17T21:36:30Z</Time><Position><LatitudeDegrees>-8.05541253</LatitudeDegrees><LongitudeDegrees>-34.95588501</LongitudeDegrees></Position><HeartRateBpm><Value>138</Value></HeartRateBpm><Cadence>88</Cadence><Extensions><ns3:TPX><ns3:Speed>2.609999895095825</ns3:Speed><ns3:Pace>0.38</ns3:Pace></ns3:TPX></Extensions></Trackpoint><Trackpoint><Time>2025-08-17T21:36:31Z</Time><Position><LatitudeDegrees>-8.05540988</LatitudeDegrees><LongitudeDegrees>-34.95587134</LongitudeDegrees></Position><HeartRateBpm><Value>139</Value></HeartRateBpm><Cadence>89</Cadence><Extensions><ns3:TPX><ns3:Speed>2.5899999141693115</ns3:Speed><ns3:Pace>0.48</ns3:Pace></ns3:TPX></Extensions></Trackpoint><Trackpoint><Time>2025-08-17T21:36:32Z</Time><Position><LatitudeDegrees>-8.05540788</LatitudeDegrees><LongitudeDegrees>-34.95585334</LongitudeDegrees></Position><HeartRateBpm><Value>139</Value></HeartRateBpm><Cadence>89</Cadence><Extensions><ns3:TPX><ns3:Speed>2.049999952316284</ns3:Speed><ns3:Pace>0.65</ns3:Pace></ns3:TPX></Extensions></Trackpoint><Trackpoint><Time>2025-08-17T21:36:33Z</Time><Position><LatitudeDegrees>-8.05540622</LatitudeDegrees><LongitudeDegrees>-34.95583302</LongitudeDegrees></Position><HeartRateBpm><Value>140</Value></HeartRateBpm><Cadence>90</Cadence><Extensions><ns3:TPX><ns3:Speed>1.5299999713897705</ns3:Speed><ns3:Pace>0.65</ns3:Pace></ns3:TPX></Extensions></Trackpoint><Trackpoint><Time>2025-08-17T21:36:34Z</Time><Position><LatitudeDegrees>-8.05540555</LatitudeDegrees><LongitudeDegrees>-34.95581136</LongitudeDegrees></Position><HeartRateBpm><Value>140</Value></HeartRateBpm><Cadence>90</Cadence><Extensions><ns3:TPX><ns3:Speed>1.5299999713897705</ns3:Speed><ns3:Pace>0.65</ns3:Pace></ns3:TPX></Extensions></Trackpoint><Trackpoint><Time>2025-08-17T21:36:35Z</Time><Position><LatitudeDegrees>-8.0554049</LatitudeDegrees><LongitudeDegrees>-34.95578903</LongitudeDegrees></Position><HeartRateBpm><Value>140</Value></HeartRateBpm><Cadence>90</Cadence><Extensions><ns3:TPX><ns3:Speed>1.5299999713897705</ns3:Speed><ns3:Pace>0.6</ns3:Pace></ns3:TPX></Extensions></Trackpoint><Trackpoint><Time>2025-08-17T21:36:36Z</Time><Position><LatitudeDegrees>-8.0554049</LatitudeDegrees><LongitudeDegrees>-34.95576136</LongitudeDegrees></Position><HeartRateBpm><Value>139</Value></HeartRateBpm><Cadence>89</Cadence><Extensions><ns3:TPX><ns3:Speed>1.659999966621399</ns3:Speed><ns3:Pace>0.5</ns3:Pace></ns3:TPX></Extensions></Trackpoint><Trackpoint><Time>2025-08-17T21:36:37Z</Time><Position><LatitudeDegrees>-8.05540656</LatitudeDegrees><LongitudeDegrees>-34.9557337</LongitudeDegrees></Position><HeartRateBpm><Value>139</Value></HeartRateBpm><Cadence>89</Cadence><Extensions><ns3:TPX><ns3:Speed>1.9700000286102295</ns3:Speed><ns3:Pace>0.45</ns3:Pace></ns3:TPX></Extensions></Trackpoint><Trackpoint><Time>2025-08-17T21:36:38Z</Time><Position><LatitudeDegrees>-8.05540822</LatitudeDegrees><LongitudeDegrees>-34.95570737</LongitudeDegrees></Position><HeartRateBpm><Value>139</Value></HeartRateBpm><Cadence>89</Cadence><Extensions><ns3:TPX><ns3:Speed>2.190000057220459</ns3:Speed><ns3:Pace>0.43</ns3:Pace></ns3:TPX></Extensions></Trackpoint><Trackpoint><Time>2025-08-17T21:36:39Z</Time><Position><LatitudeDegrees>-8.05540656</LatitudeDegrees><LongitudeDegrees>-34.95567971</LongitudeDegrees></Position><HeartRateBpm><Value>139</Value></HeartRateBpm><Cadence>89</Cadence><Extensions><ns3:TPX><ns3:Speed>2.319999933242798</ns3:Speed><ns3:Pace>0.43</ns3:Pace></ns3:TPX></Extensions></Trackpoint><Trackpoint><Time>2025-08-17T21:36:40Z</Time><Position><LatitudeDegrees>-8.05540391</LatitudeDegrees><LongitudeDegrees>-34.95565037</LongitudeDegrees></Position><HeartRateBpm><Value>139</Value></HeartRateBpm><Cadence>89</Cadence><Extensions><ns3:TPX><ns3:Speed>2.319999933242798</ns3:Speed><ns3:Pace>0.39</ns3:Pace></ns3:TPX></Extensions></Trackpoint><Trackpoint><Time>2025-08-17T21:36:41Z</Time><Position><LatitudeDegrees>-8.05540423</LatitudeDegrees><LongitudeDegrees>-34.95562172</LongitudeDegrees></Position><HeartRateBpm><Value>139</Value></HeartRateBpm><Cadence>89</Cadence><Extensions><ns3:TPX><ns3:Speed>2.5</ns3:Speed><ns3:Pace>0.37</ns3:Pace></ns3:TPX></Extensions></Trackpoint><Trackpoint><Time>2025-08-17T21:36:42Z</Time><Position><LatitudeDegrees>-8.05540555</LatitudeDegrees><LongitudeDegrees>-34.95559438</LongitudeDegrees></Position><HeartRateBpm><Value>140</Value></HeartRateBpm><Cadence>89</Cadence><Extensions><ns3:TPX><ns3:Speed>2.6700000762939453</ns3:Speed><ns3:Pace>0.36</ns3:Pace></ns3:TPX></Extensions></Trackpoint><Trackpoint><Time>2025-08-17T21:36:43Z</Time><Position><LatitudeDegrees>-8.05540722</LatitudeDegrees><LongitudeDegrees>-34.95556606</LongitudeDegrees></Position><HeartRateBpm><Value>140</Value></HeartRateBpm><Cadence>90</Cadence><Extensions><ns3:TPX><ns3:Speed>2.75</ns3:Speed><ns3:Pace>0.36</ns3:Pace></ns3:TPX></Extensions></Trackpoint><Trackpoint><Time>2025-08-17T21:36:44Z</Time><Position><LatitudeDegrees>-8.05540655</LatitudeDegrees><LongitudeDegrees>-34.95554106</LongitudeDegrees></Position><HeartRateBpm><Value>141</Value></HeartRateBpm><Cadence>90</Cadence><Extensions><ns3:TPX><ns3:Speed>2.7699999809265137</ns3:Speed><ns3:Pace>0.35</ns3:Pace></ns3:TPX></Extensions></Trackpoint><Trackpoint><Time>2025-08-17T21:36:45Z</Time><Position><LatitudeDegrees>-8.05540555</LatitudeDegrees><LongitudeDegrees>-34.95551674</LongitudeDegrees></Position><HeartRateBpm><Value>141</Value></HeartRateBpm><Cadence>90</Cadence><Extensions><ns3:TPX><ns3:Speed>2.7899999618530273</ns3:Speed><ns3:Pace>0.35</ns3:Pace></ns3:TPX></Extensions></Trackpoint><Trackpoint><Time>2025-08-17T21:36:46Z</Time><Position><LatitudeDegrees>-8.05540523</LatitudeDegrees><LongitudeDegrees>-34.95549207</LongitudeDegrees></Position><HeartRateBpm><Value>141</Value></HeartRateBpm><Cadence>90</Cadence><Extensions><ns3:TPX><ns3:Speed>2.7899999618530273</ns3:Speed><ns3:Pace>0.35</ns3:Pace></ns3:TPX></Extensions></Trackpoint><Trackpoint><Time>2025-08-17T21:36:47Z</Time><Position><LatitudeDegrees>-8.05540523</LatitudeDegrees><LongitudeDegrees>-34.95546774</LongitudeDegrees></Position><HeartRateBpm><Value>143</Value></HeartRateBpm><Cadence>90</Cadence><Extensions><ns3:TPX><ns3:Speed>2.7899999618530273</ns3:Speed><ns3:Pace>0.36</ns3:Pace></ns3:TPX></Extensions></Trackpoint><Trackpoint><Time>2025-08-17T21:36:48Z</Time><Position><LatitudeDegrees>-8.05540555</LatitudeDegrees><LongitudeDegrees>-34.95544408</LongitudeDegrees></Position><HeartRateBpm><Value>144</Value></HeartRateBpm><Cadence>90</Cadence><Extensions><ns3:TPX><ns3:Speed>2.7699999809265137</ns3:Speed><ns3:Pace>0.36</ns3:Pace></ns3:TPX></Extensions></Trackpoint><Trackpoint><Time>2025-08-17T21:36:49Z</Time><Position><LatitudeDegrees>-8.05540822</LatitudeDegrees><LongitudeDegrees>-34.95542008</LongitudeDegrees></Position><HeartRateBpm><Value>145</Value></HeartRateBpm><Cadence>90</Cadence><Extensions><ns3:TPX><ns3:Speed>2.7200000286102295</ns3:Speed><ns3:Pace>0.37</ns3:Pace></ns3:TPX></Extensions></Trackpoint><Trackpoint><Time>2025-08-17T21:36:50Z</Time><Position><LatitudeDegrees>-8.05541321</LatitudeDegrees><LongitudeDegrees>-34.95539676</LongitudeDegrees></Position><HeartRateBpm><Value>146</Value></HeartRateBpm><Cadence>90</Cadence><Extensions><ns3:TPX><ns3:Speed>2.6500000953674316</ns3:Speed><ns3:Pace>0.37</ns3:Pace></ns3:TPX></Extensions></Trackpoint><Trackpoint><Time>2025-08-17T21:36:51Z</Time><Position><LatitudeDegrees>-8.05541921</LatitudeDegrees><LongitudeDegrees>-34.9553741</LongitudeDegrees></Position><HeartRateBpm><Value>146</Value></HeartRateBpm><Cadence>89</Cadence><Extensions><ns3:TPX><ns3:Speed>2.630000114440918</ns3:Speed><ns3:Pace>0.37</ns3:Pace></ns3:TPX></Extensions></Trackpoint><Trackpoint><Time>2025-08-17T21:36:52Z</Time><Position><LatitudeDegrees>-8.05542621</LatitudeDegrees><LongitudeDegrees>-34.9553521</LongitudeDegrees></Position><HeartRateBpm><Value>146</Value></HeartRateBpm><Cadence>89</Cadence><Extensions><ns3:TPX><ns3:Speed>2.630000114440918</ns3:Speed><ns3:Pace>0.37</ns3:Pace></ns3:TPX></Extensions></Trackpoint><Trackpoint><Time>2025-08-17T21:36:53Z</Time><Position><LatitudeDegrees>-8.05543188</LatitudeDegrees><LongitudeDegrees>-34.9553301</LongitudeDegrees></Position><HeartRateBpm><Value>146</Value></HeartRateBpm><Cadence>89</Cadence><Extensions><ns3:TPX><ns3:Speed>2.630000114440918</ns3:Speed><ns3:Pace>0.38</ns3:Pace></ns3:TPX></Extensions></Trackpoint><Trackpoint><Time>2025-08-17T21:36:54Z</Time><Position><LatitudeDegrees>-8.0554362</LatitudeDegrees><LongitudeDegrees>-34.95530878</LongitudeDegrees></Position><HeartRateBpm><Value>146</Value></HeartRateBpm><Cadence>88</Cadence><Extensions><ns3:TPX><ns3:Speed>2.630000114440918</ns3:Speed><ns3:Pace>0.38</ns3:Pace></ns3:TPX></Extensions></Trackpoint><Trackpoint><Time>2025-08-17T21:36:55Z</Time><Position><LatitudeDegrees>-8.05543953</LatitudeDegrees><LongitudeDegrees>-34.95528711</LongitudeDegrees></Position><HeartRateBpm><Value>148</Value></HeartRateBpm><Cadence>89</Cadence><Extensions><ns3:TPX><ns3:Speed>2.5999999046325684</ns3:Speed><ns3:Pace>0.38</ns3:Pace></ns3:TPX></Extensions></Trackpoint><Trackpoint><Time>2025-08-17T21:36:56Z</Time><Position><LatitudeDegrees>-8.05544119</LatitudeDegrees><LongitudeDegrees>-34.95526511</LongitudeDegrees></Position><HeartRateBpm><Value>149</Value></HeartRateBpm><Cadence>89</Cadence><Extensions><ns3:TPX><ns3:Speed>2.569999933242798</ns3:Speed><ns3:Pace>0.39</ns3:Pace></ns3:TPX></Extensions></Trackpoint><Trackpoint><Time>2025-08-17T21:36:57Z</Time><Position><LatitudeDegrees>-8.05544351</LatitudeDegrees><LongitudeDegrees>-34.95524312</LongitudeDegrees></Position><HeartRateBpm><Value>149</Value></HeartRateBpm><Cadence>89</Cadence><Extensions><ns3:TPX><ns3:Speed>2.549999952316284</ns3:Speed><ns3:Pace>0.39</ns3:Pace></ns3:TPX></Extensions></Trackpoint><Trackpoint><Time>2025-08-17T21:36:58Z</Time><Position><LatitudeDegrees>-8.05544518</LatitudeDegrees><LongitudeDegrees>-34.95522179</LongitudeDegrees></Position><HeartRateBpm><Value>149</Value></HeartRateBpm><Cadence>89</Cadence><Extensions><ns3:TPX><ns3:Speed>2.549999952316284</ns3:Speed><ns3:Pace>0.39</ns3:Pace></ns3:TPX></Extensions></Trackpoint><Trackpoint><Time>2025-08-17T21:36:59Z</Time><Position><LatitudeDegrees>-8.05544617</LatitudeDegrees><LongitudeDegrees>-34.95520045</LongitudeDegrees></Position><HeartRateBpm><Value>151</Value></HeartRateBpm><Cadence>89</Cadence><Extensions><ns3:TPX><ns3:Speed>2.509999990463257</ns3:Speed><ns3:Pace>0.4</ns3:Pace></ns3:TPX></Extensions></Trackpoint><Trackpoint><Time>2025-08-17T21:37:00Z</Time><Position><LatitudeDegrees>-8.05544684</LatitudeDegrees><LongitudeDegrees>-34.9551808</LongitudeDegrees></Position><HeartRateBpm><Value>152</Value></HeartRateBpm><Cadence>89</Cadence><Extensions><ns3:TPX><ns3:Speed>2.490000009536743</ns3:Speed><ns3:Pace>0.4</ns3:Pace></ns3:TPX></Extensions></Trackpoint><Trackpoint><Time>2025-08-17T21:37:01Z</Time><Position><LatitudeDegrees>-8.05544749</LatitudeDegrees><LongitudeDegrees>-34.95516014</LongitudeDegrees></Position><HeartRateBpm><Value>154</Value></HeartRateBpm><Cadence>89</Cadence><Extensions><ns3:TPX><ns3:Speed>2.4800000190734863</ns3:Speed><ns3:Pace>0.4</ns3:Pace></ns3:TPX></Extensions></Trackpoint><Trackpoint><Time>2025-08-17T21:37:02Z</Time><Position><LatitudeDegrees>-8.05544782</LatitudeDegrees><LongitudeDegrees>-34.95513814</LongitudeDegrees></Position><HeartRateBpm><Value>155</Value></HeartRateBpm><Cadence>89</Cadence><Extensions><ns3:TPX><ns3:Speed>2.4700000286102295</ns3:Speed><ns3:Pace>0.4</ns3:Pace></ns3:TPX></Extensions></Trackpoint><Trackpoint><Time>2025-08-17T21:37:03Z</Time><Position><LatitudeDegrees>-8.05544782</LatitudeDegrees><LongitudeDegrees>-34.95511581</LongitudeDegrees></Position><HeartRateBpm><Value>155</Value></HeartRateBpm><Cadence>89</Cadence><Extensions><ns3:TPX><ns3:Speed>2.4600000381469727</ns3:Speed><ns3:Pace>0.4</ns3:Pace></ns3:TPX></Extensions></Trackpoint><Trackpoint><Time>2025-08-17T21:37:04Z</Time><Position><LatitudeDegrees>-8.05544815</LatitudeDegrees><LongitudeDegrees>-34.95509415</LongitudeDegrees></Position><HeartRateBpm><Value>155</Value></HeartRateBpm><Cadence>89</Cadence><Extensions><ns3:TPX><ns3:Speed>2.4600000381469727</ns3:Speed><ns3:Pace>0.4</ns3:Pace></ns3:TPX></Extensions></Trackpoint><Trackpoint><Time>2025-08-17T21:37:05Z</Time><Position><LatitudeDegrees>-8.05544748</LatitudeDegrees><LongitudeDegrees>-34.95507382</LongitudeDegrees></Position><HeartRateBpm><Value>156</Value></HeartRateBpm><Cadence>88</Cadence><Extensions><ns3:TPX><ns3:Speed>2.4600000381469727</ns3:Speed><ns3:Pace>0.4</ns3:Pace></ns3:TPX></Extensions></Trackpoint><Trackpoint><Time>2025-08-17T21:37:06Z</Time><Position><LatitudeDegrees>-8.05544781</LatitudeDegrees><LongitudeDegrees>-34.95505349</LongitudeDegrees></Position><HeartRateBpm><Value>157</Value></HeartRateBpm><Cadence>88</Cadence><Extensions><ns3:TPX><ns3:Speed>2.450000047683716</ns3:Speed><ns3:Pace>0.41</ns3:Pace></ns3:TPX></Extensions></Trackpoint><Trackpoint><Time>2025-08-17T21:37:07Z</Time><Position><LatitudeDegrees>-8.05545014</LatitudeDegrees><LongitudeDegrees>-34.9550325</LongitudeDegrees></Position><HeartRateBpm><Value>157</Value></HeartRateBpm><Cadence>88</Cadence><Extensions><ns3:TPX><ns3:Speed>2.4100000858306885</ns3:Speed><ns3:Pace>0.41</ns3:Pace></ns3:TPX></Extensions></Trackpoint><Trackpoint><Time>2025-08-17T21:37:08Z</Time><Position><LatitudeDegrees>-8.05545214</LatitudeDegrees><LongitudeDegrees>-34.95501084</LongitudeDegrees></Position><HeartRateBpm><Value>158</Value></HeartRateBpm><Cadence>89</Cadence><Extensions><ns3:TPX><ns3:Speed>2.380000114440918</ns3:Speed><ns3:Pace>0.42</ns3:Pace></ns3:TPX></Extensions></Trackpoint><Trackpoint><Time>2025-08-17T21:37:09Z</Time><Position><LatitudeDegrees>-8.0554548</LatitudeDegrees><LongitudeDegrees>-34.95498884</LongitudeDegrees></Position><HeartRateBpm><Value>158</Value></HeartRateBpm><Cadence>89</Cadence><Extensions><ns3:TPX><ns3:Speed>2.380000114440918</ns3:Speed><ns3:Pace>0.42</ns3:Pace></ns3:TPX></Extensions></Trackpoint><Trackpoint><Time>2025-08-17T21:37:10Z</Time><Position><LatitudeDegrees>-8.05545813</LatitudeDegrees><LongitudeDegrees>-34.95496684</LongitudeDegrees></Position><HeartRateBpm><Value>158</Value></HeartRateBpm><Cadence>89</Cadence><Extensions><ns3:TPX><ns3:Speed>2.380000114440918</ns3:Speed><ns3:Pace>0.41</ns3:Pace></ns3:TPX></Extensions></Trackpoint><Trackpoint><Time>2025-08-17T21:37:11Z</Time><Position><LatitudeDegrees>-8.0554608</LatitudeDegrees><LongitudeDegrees>-34.9549445</LongitudeDegrees></Position><HeartRateBpm><Value>157</Value></HeartRateBpm><Cadence>89</Cadence><Extensions><ns3:TPX><ns3:Speed>2.380000114440918</ns3:Speed><ns3:Pace>0.41</ns3:Pace></ns3:TPX></Extensions></Trackpoint><Trackpoint><Time>2025-08-17T21:37:12Z</Time><Position><LatitudeDegrees>-8.05546379</LatitudeDegrees><LongitudeDegrees>-34.95492051</LongitudeDegrees></Position><HeartRateBpm><Value>157</Value></HeartRateBpm><Cadence>89</Cadence><Extensions><ns3:TPX><ns3:Speed>2.380000114440918</ns3:Speed><ns3:Pace>0.41</ns3:Pace></ns3:TPX></Extensions></Trackpoint><Trackpoint><Time>2025-08-17T21:37:13Z</Time><Position><LatitudeDegrees>-8.05546745</LatitudeDegrees><LongitudeDegrees>-34.95489786</LongitudeDegrees></Position><HeartRateBpm><Value>157</Value></HeartRateBpm><Cadence>89</Cadence><Extensions><ns3:TPX><ns3:Speed>2.380000114440918</ns3:Speed><ns3:Pace>0.41</ns3:Pace></ns3:TPX></Extensions></Trackpoint><Trackpoint><Time>2025-08-17T21:37:14Z</Time><Position><LatitudeDegrees>-8.05547044</LatitudeDegrees><LongitudeDegrees>-34.9548772</LongitudeDegrees></Position><HeartRateBpm><Value>157</Value></HeartRateBpm><Cadence>89</Cadence><Extensions><ns3:TPX><ns3:Speed>2.390000104904175</ns3:Speed><ns3:Pace>0.41</ns3:Pace></ns3:TPX></Extensions></Trackpoint><Trackpoint><Time>2025-08-17T21:37:15Z</Time><Position><LatitudeDegrees>-8.0554731</LatitudeDegrees><LongitudeDegrees>-34.95485487</LongitudeDegrees></Position><HeartRateBpm><Value>157</Value></HeartRateBpm><Cadence>89</Cadence><Extensions><ns3:TPX><ns3:Speed>2.390000104904175</ns3:Speed><ns3:Pace>0.41</ns3:Pace></ns3:TPX></Extensions></Trackpoint><Trackpoint><Time>2025-08-17T21:37:16Z</Time><Position><LatitudeDegrees>-8.05547543</LatitudeDegrees><LongitudeDegrees>-34.95483187</LongitudeDegrees></Position><HeartRateBpm><Value>157</Value></HeartRateBpm><Cadence>89</Cadence><Extensions><ns3:TPX><ns3:Speed>2.390000104904175</ns3:Speed><ns3:Pace>0.41</ns3:Pace></ns3:TPX></Extensions></Trackpoint><Trackpoint><Time>2025-08-17T21:37:17Z</Time><Position><LatitudeDegrees>-8.05547743</LatitudeDegrees><LongitudeDegrees>-34.95480988</LongitudeDegrees></Position><HeartRateBpm><Value>157</Value></HeartRateBpm><Cadence>89</Cadence><Extensions><ns3:TPX><ns3:Speed>2.390000104904175</ns3:Speed><ns3:Pace>0.41</ns3:Pace></ns3:TPX></Extensions></Trackpoint><Trackpoint><Time>2025-08-17T21:37:18Z</Time><Position><LatitudeDegrees>-8.05547943</LatitudeDegrees><LongitudeDegrees>-34.95478821</LongitudeDegrees></Position><HeartRateBpm><Value>157</Value></HeartRateBpm><Cadence>90</Cadence><Extensions><ns3:TPX><ns3:Speed>2.4000000953674316</ns3:Speed><ns3:Pace>0.41</ns3:Pace></ns3:TPX></Extensions></Trackpoint><Trackpoint><Time>2025-08-17T21:37:19Z</Time><Position><LatitudeDegrees>-8.05548176</LatitudeDegrees><LongitudeDegrees>-34.95476588</LongitudeDegrees></Position><HeartRateBpm><Value>158</Value></HeartRateBpm><Cadence>90</Cadence><Extensions><ns3:TPX><ns3:Speed>2.4100000858306885</ns3:Speed><ns3:Pace>0.41</ns3:Pace></ns3:TPX></Extensions></Trackpoint><Trackpoint><Time>2025-08-17T21:37:20Z</Time><Position><LatitudeDegrees>-8.05548375</LatitudeDegrees><LongitudeDegrees>-34.95474322</LongitudeDegrees></Position><HeartRateBpm><Value>159</Value></HeartRateBpm><Cadence>90</Cadence><Extensions><ns3:TPX><ns3:Speed>2.4200000762939453</ns3:Speed><ns3:Pace>0.41</ns3:Pace></ns3:TPX></Extensions></Trackpoint><Trackpoint><Time>2025-08-17T21:37:21Z</Time><Position><LatitudeDegrees>-8.05548541</LatitudeDegrees><LongitudeDegrees>-34.95472089</LongitudeDegrees></Position><HeartRateBpm><Value>160</Value></HeartRateBpm><Cadence>90</Cadence><Extensions><ns3:TPX><ns3:Speed>2.4200000762939453</ns3:Speed><ns3:Pace>0.41</ns3:Pace></ns3:TPX></Extensions></Trackpoint><Trackpoint><Time>2025-08-17T21:37:22Z</Time><Position><LatitudeDegrees>-8.05548574</LatitudeDegrees><LongitudeDegrees>-34.95469823</LongitudeDegrees></Position><HeartRateBpm><Value>160</Value></HeartRateBpm><Cadence>90</Cadence><Extensions><ns3:TPX><ns3:Speed>2.4200000762939453</ns3:Speed><ns3:Pace>0.41</ns3:Pace></ns3:TPX></Extensions></Trackpoint><Trackpoint><Time>2025-08-17T21:37:23Z</Time><Position><LatitudeDegrees>-8.05548374</LatitudeDegrees><LongitudeDegrees>-34.95467491</LongitudeDegrees></Position><HeartRateBpm><Value>160</Value></HeartRateBpm><Cadence>90</Cadence><Extensions><ns3:TPX><ns3:Speed>2.430000066757202</ns3:Speed><ns3:Pace>0.41</ns3:Pace></ns3:TPX></Extensions></Trackpoint><Trackpoint><Time>2025-08-17T21:37:24Z</Time><Position><LatitudeDegrees>-8.05548041</LatitudeDegrees><LongitudeDegrees>-34.95464957</LongitudeDegrees></Position><HeartRateBpm><Value>160</Value></HeartRateBpm><Cadence>90</Cadence><Extensions><ns3:TPX><ns3:Speed>2.430000066757202</ns3:Speed><ns3:Pace>0.4</ns3:Pace></ns3:TPX></Extensions></Trackpoint><Trackpoint><Time>2025-08-17T21:37:25Z</Time><Position><LatitudeDegrees>-8.05547708</LatitudeDegrees><LongitudeDegrees>-34.95462425</LongitudeDegrees></Position><HeartRateBpm><Value>160</Value></HeartRateBpm><Cadence>90</Cadence><Extensions><ns3:TPX><ns3:Speed>2.440000057220459</ns3:Speed><ns3:Pace>0.4</ns3:Pace></ns3:TPX></Extensions></Trackpoint><Trackpoint><Time>2025-08-17T21:37:26Z</Time><Position><LatitudeDegrees>-8.05547576</LatitudeDegrees><LongitudeDegrees>-34.95459992</LongitudeDegrees></Position><HeartRateBpm><Value>160</Value></HeartRateBpm><Cadence>89</Cadence><Extensions><ns3:TPX><ns3:Speed>2.450000047683716</ns3:Speed><ns3:Pace>0.4</ns3:Pace></ns3:TPX></Extensions></Trackpoint><Trackpoint><Time>2025-08-17T21:37:27Z</Time><Position><LatitudeDegrees>-8.05547708</LatitudeDegrees><LongitudeDegrees>-34.95457858</LongitudeDegrees></Position><HeartRateBpm><Value>161</Value></HeartRateBpm><Cadence>90</Cadence><Extensions><ns3:TPX><ns3:Speed>2.450000047683716</ns3:Speed><ns3:Pace>0.4</ns3:Pace></ns3:TPX></Extensions></Trackpoint><Trackpoint><Time>2025-08-17T21:37:28Z</Time><Position><LatitudeDegrees>-8.05547908</LatitudeDegrees><LongitudeDegrees>-34.95455793</LongitudeDegrees></Position><HeartRateBpm><Value>161</Value></HeartRateBpm><Cadence>90</Cadence><Extensions><ns3:TPX><ns3:Speed>2.450000047683716</ns3:Speed><ns3:Pace>0.4</ns3:Pace></ns3:TPX></Extensions></Trackpoint><Trackpoint><Time>2025-08-17T21:37:29Z</Time><Position><LatitudeDegrees>-8.0554804</LatitudeDegrees><LongitudeDegrees>-34.95453626</LongitudeDegrees></Position><HeartRateBpm><Value>161</Value></HeartRateBpm><Cadence>90</Cadence><Extensions><ns3:TPX><ns3:Speed>2.4600000381469727</ns3:Speed><ns3:Pace>0.4</ns3:Pace></ns3:TPX></Extensions></Trackpoint><Trackpoint><Time>2025-08-17T21:37:30Z</Time><Position><LatitudeDegrees>-8.05548139</LatitudeDegrees><LongitudeDegrees>-34.9545146</LongitudeDegrees></Position><HeartRateBpm><Value>161</Value></HeartRateBpm><Cadence>89</Cadence><Extensions><ns3:TPX><ns3:Speed>2.4600000381469727</ns3:Speed><ns3:Pace>0.4</ns3:Pace></ns3:TPX></Extensions></Trackpoint><Trackpoint><Time>2025-08-17T21:37:31Z</Time><Position><LatitudeDegrees>-8.05548306</LatitudeDegrees><LongitudeDegrees>-34.95449394</LongitudeDegrees></Position><HeartRateBpm><Value>161</Value></HeartRateBpm><Cadence>90</Cadence><Extensions><ns3:TPX><ns3:Speed>2.4700000286102295</ns3:Speed><ns3:Pace>0.4</ns3:Pace></ns3:TPX></Extensions></Trackpoint><Trackpoint><Time>2025-08-17T21:37:32Z</Time><Position><LatitudeDegrees>-8.05548538</LatitudeDegrees><LongitudeDegrees>-34.95447361</LongitudeDegrees></Position><HeartRateBpm><Value>161</Value></HeartRateBpm><Cadence>90</Cadence><Extensions><ns3:TPX><ns3:Speed>2.4800000190734863</ns3:Speed><ns3:Pace>0.4</ns3:Pace></ns3:TPX></Extensions></Trackpoint><Trackpoint><Time>2025-08-17T21:37:33Z</Time><Position><LatitudeDegrees>-8.05548837</LatitudeDegrees><LongitudeDegrees>-34.95445396</LongitudeDegrees></Position><HeartRateBpm><Value>160</Value></HeartRateBpm><Cadence>89</Cadence><Extensions><ns3:TPX><ns3:Speed>2.4800000190734863</ns3:Speed><ns3:Pace>0.4</ns3:Pace></ns3:TPX></Extensions></Trackpoint><Trackpoint><Time>2025-08-17T21:37:34Z</Time><Position><LatitudeDegrees>-8.05549171</LatitudeDegrees><LongitudeDegrees>-34.95443229</LongitudeDegrees></Position><HeartRateBpm><Value>160</Value></HeartRateBpm><Cadence>89</Cadence><Extensions><ns3:TPX><ns3:Speed>2.4800000190734863</ns3:Speed><ns3:Pace>0.4</ns3:Pace></ns3:TPX></Extensions></Trackpoint><Trackpoint><Time>2025-08-17T21:37:35Z</Time><Position><LatitudeDegrees>-8.05549436</LatitudeDegrees><LongitudeDegrees>-34.9544113</LongitudeDegrees></Position><HeartRateBpm><Value>159</Value></HeartRateBpm><Cadence>89</Cadence><Extensions><ns3:TPX><ns3:Speed>2.4800000190734863</ns3:Speed><ns3:Pace>0.4</ns3:Pace></ns3:TPX></Extensions></Trackpoint><Trackpoint><Time>2025-08-17T21:37:36Z</Time><Position><LatitudeDegrees>-8.05549735</LatitudeDegrees><LongitudeDegrees>-34.9543903</LongitudeDegrees></Position><HeartRateBpm><Value>159</Value></HeartRateBpm><Cadence>89</Cadence><Extensions><ns3:TPX><ns3:Speed>2.4800000190734863</ns3:Speed><ns3:Pace>0.4</ns3:Pace></ns3:TPX></Extensions></Trackpoint><Trackpoint><Time>2025-08-17T21:37:37Z</Time><Position><LatitudeDegrees>-8.05550034</LatitudeDegrees><LongitudeDegrees>-34.95436898</LongitudeDegrees></Position><HeartRateBpm><Value>160</Value></HeartRateBpm><Cadence>89</Cadence><Extensions><ns3:TPX><ns3:Speed>2.4800000190734863</ns3:Speed><ns3:Pace>0.4</ns3:Pace></ns3:TPX></Extensions></Trackpoint><Trackpoint><Time>2025-08-17T21:37:38Z</Time><Position><LatitudeDegrees>-8.05550301</LatitudeDegrees><LongitudeDegrees>-34.95434899</LongitudeDegrees></Position><HeartRateBpm><Value>162</Value></HeartRateBpm><Cadence>90</Cadence><Extensions><ns3:TPX><ns3:Speed>2.4700000286102295</ns3:Speed><ns3:Pace>0.4</ns3:Pace></ns3:TPX></Extensions></Trackpoint><Trackpoint><Time>2025-08-17T21:37:39Z</Time><Position><LatitudeDegrees>-8.05550501</LatitudeDegrees><LongitudeDegrees>-34.95432799</LongitudeDegrees></Position><HeartRateBpm><Value>162</Value></HeartRateBpm><Cadence>90</Cadence><Extensions><ns3:TPX><ns3:Speed>2.4700000286102295</ns3:Speed><ns3:Pace>0.4</ns3:Pace></ns3:TPX></Extensions></Trackpoint><Trackpoint><Time>2025-08-17T21:37:40Z</Time><Position><LatitudeDegrees>-8.055506</LatitudeDegrees><LongitudeDegrees>-34.95430633</LongitudeDegrees></Position><HeartRateBpm><Value>163</Value></HeartRateBpm><Cadence>90</Cadence><Extensions><ns3:TPX><ns3:Speed>2.4600000381469727</ns3:Speed><ns3:Pace>0.4</ns3:Pace></ns3:TPX></Extensions></Trackpoint><Trackpoint><Time>2025-08-17T21:37:41Z</Time><Position><LatitudeDegrees>-8.05550667</LatitudeDegrees><LongitudeDegrees>-34.954284</LongitudeDegrees></Position><HeartRateBpm><Value>163</Value></HeartRateBpm><Cadence>90</Cadence><Extensions><ns3:TPX><ns3:Speed>2.4600000381469727</ns3:Speed><ns3:Pace>0.4</ns3:Pace></ns3:TPX></Extensions></Trackpoint><Trackpoint><Time>2025-08-17T21:37:42Z</Time><Position><LatitudeDegrees>-8.05550767</LatitudeDegrees><LongitudeDegrees>-34.95426166</LongitudeDegrees></Position><HeartRateBpm><Value>163</Value></HeartRateBpm><Cadence>89</Cadence><Extensions><ns3:TPX><ns3:Speed>2.4600000381469727</ns3:Speed><ns3:Pace>0.4</ns3:Pace></ns3:TPX></Extensions></Trackpoint><Trackpoint><Time>2025-08-17T21:37:43Z</Time><Position><LatitudeDegrees>-8.05550966</LatitudeDegrees><LongitudeDegrees>-34.95423867</LongitudeDegrees></Position><HeartRateBpm><Value>165</Value></HeartRateBpm><Cadence>89</Cadence><Extensions><ns3:TPX><ns3:Speed>2.4600000381469727</ns3:Speed><ns3:Pace>0.4</ns3:Pace></ns3:TPX></Extensions></Trackpoint><Trackpoint><Time>2025-08-17T21:37:44Z</Time><Position><LatitudeDegrees>-8.05551299</LatitudeDegrees><LongitudeDegrees>-34.95421567</LongitudeDegrees></Position><HeartRateBpm><Value>166</Value></HeartRateBpm><Cadence>89</Cadence><Extensions><ns3:TPX><ns3:Speed>2.4600000381469727</ns3:Speed><ns3:Pace>0.4</ns3:Pace></ns3:TPX></Extensions></Trackpoint><Trackpoint><Time>2025-08-17T21:37:45Z</Time><Position><LatitudeDegrees>-8.05551732</LatitudeDegrees><LongitudeDegrees>-34.95419268</LongitudeDegrees></Position><HeartRateBpm><Value>166</Value></HeartRateBpm><Cadence>89</Cadence><Extensions><ns3:TPX><ns3:Speed>2.4600000381469727</ns3:Speed><ns3:Pace>0.4</ns3:Pace></ns3:TPX></Extensions></Trackpoint><Trackpoint><Time>2025-08-17T21:37:46Z</Time><Position><LatitudeDegrees>-8.05552131</LatitudeDegrees><LongitudeDegrees>-34.95417035</LongitudeDegrees></Position><HeartRateBpm><Value>166</Value></HeartRateBpm><Cadence>89</Cadence><Extensions><ns3:TPX><ns3:Speed>2.4600000381469727</ns3:Speed><ns3:Pace>0.4</ns3:Pace></ns3:TPX></Extensions></Trackpoint><Trackpoint><Time>2025-08-17T21:37:47Z</Time><Position><LatitudeDegrees>-8.05552465</LatitudeDegrees><LongitudeDegrees>-34.95414802</LongitudeDegrees></Position><HeartRateBpm><Value>166</Value></HeartRateBpm><Cadence>89</Cadence><Extensions><ns3:TPX><ns3:Speed>2.4600000381469727</ns3:Speed><ns3:Pace>0.4</ns3:Pace></ns3:TPX></Extensions></Trackpoint><Trackpoint><Time>2025-08-17T21:37:48Z</Time><Position><LatitudeDegrees>-8.05552764</LatitudeDegrees><LongitudeDegrees>-34.95412469</LongitudeDegrees></Position><HeartRateBpm><Value>165</Value></HeartRateBpm><Cadence>89</Cadence><Extensions><ns3:TPX><ns3:Speed>2.4600000381469727</ns3:Speed><ns3:Pace>0.4</ns3:Pace></ns3:TPX></Extensions></Trackpoint><Trackpoint><Time>2025-08-17T21:37:49Z</Time><Position><LatitudeDegrees>-8.0555293</LatitudeDegrees><LongitudeDegrees>-34.9541007</LongitudeDegrees></Position><HeartRateBpm><Value>165</Value></HeartRateBpm><Cadence>89</Cadence><Extensions><ns3:TPX><ns3:Speed>2.4600000381469727</ns3:Speed><ns3:Pace>0.4</ns3:Pace></ns3:TPX></Extensions></Trackpoint><Trackpoint><Time>2025-08-17T21:37:50Z</Time><Position><LatitudeDegrees>-8.05553096</LatitudeDegrees><LongitudeDegrees>-34.9540767</LongitudeDegrees></Position><HeartRateBpm><Value>165</Value></HeartRateBpm><Cadence>89</Cadence><Extensions><ns3:TPX><ns3:Speed>2.4600000381469727</ns3:Speed><ns3:Pace>0.4</ns3:Pace></ns3:TPX></Extensions></Trackpoint><Trackpoint><Time>2025-08-17T21:37:51Z</Time><Position><LatitudeDegrees>-8.05553296</LatitudeDegrees><LongitudeDegrees>-34.95405204</LongitudeDegrees></Position><HeartRateBpm><Value>165</Value></HeartRateBpm><Cadence>89</Cadence><Extensions><ns3:TPX><ns3:Speed>2.4600000381469727</ns3:Speed><ns3:Pace>0.4</ns3:Pace></ns3:TPX></Extensions></Trackpoint><Trackpoint><Time>2025-08-17T21:37:52Z</Time><Position><LatitudeDegrees>-8.05553528</LatitudeDegrees><LongitudeDegrees>-34.95402738</LongitudeDegrees></Position><HeartRateBpm><Value>164</Value></HeartRateBpm><Cadence>89</Cadence><Extensions><ns3:TPX><ns3:Speed>2.4600000381469727</ns3:Speed><ns3:Pace>0.4</ns3:Pace></ns3:TPX></Extensions></Trackpoint><Trackpoint><Time>2025-08-17T21:37:53Z</Time><Position><LatitudeDegrees>-8.05553761</LatitudeDegrees><LongitudeDegrees>-34.95400271</LongitudeDegrees></Position><HeartRateBpm><Value>164</Value></HeartRateBpm><Cadence>89</Cadence><Extensions><ns3:TPX><ns3:Speed>2.4600000381469727</ns3:Speed><ns3:Pace>0.4</ns3:Pace></ns3:TPX></Extensions></Trackpoint><Trackpoint><Time>2025-08-17T21:37:54Z</Time><Position><LatitudeDegrees>-8.05553961</LatitudeDegrees><LongitudeDegrees>-34.95397905</LongitudeDegrees></Position><HeartRateBpm><Value>164</Value></HeartRateBpm><Cadence>89</Cadence><Extensions><ns3:TPX><ns3:Speed>2.4700000286102295</ns3:Speed><ns3:Pace>0.4</ns3:Pace></ns3:TPX></Extensions></Trackpoint><Trackpoint><Time>2025-08-17T21:37:55Z</Time><Position><LatitudeDegrees>-8.0555406</LatitudeDegrees><LongitudeDegrees>-34.95395539</LongitudeDegrees></Position><HeartRateBpm><Value>164</Value></HeartRateBpm><Cadence>89</Cadence><Extensions><ns3:TPX><ns3:Speed>2.4700000286102295</ns3:Speed><ns3:Pace>0.4</ns3:Pace></ns3:TPX></Extensions></Trackpoint><Trackpoint><Time>2025-08-17T21:37:56Z</Time><Position><LatitudeDegrees>-8.05554027</LatitudeDegrees><LongitudeDegrees>-34.95393173</LongitudeDegrees></Position><HeartRateBpm><Value>165</Value></HeartRateBpm><Cadence>89</Cadence><Extensions><ns3:TPX><ns3:Speed>2.4800000190734863</ns3:Speed><ns3:Pace>0.4</ns3:Pace></ns3:TPX></Extensions></Trackpoint><Trackpoint><Time>2025-08-17T21:37:57Z</Time><Position><LatitudeDegrees>-8.05553895</LatitudeDegrees><LongitudeDegrees>-34.95390873</LongitudeDegrees></Position><HeartRateBpm><Value>165</Value></HeartRateBpm><Cadence>89</Cadence><Extensions><ns3:TPX><ns3:Speed>2.4800000190734863</ns3:Speed><ns3:Pace>0.4</ns3:Pace></ns3:TPX></Extensions></Trackpoint><Trackpoint><Time>2025-08-17T21:37:58Z</Time><Position><LatitudeDegrees>-8.05553596</LatitudeDegrees><LongitudeDegrees>-34.95388741</LongitudeDegrees></Position><HeartRateBpm><Value>165</Value></HeartRateBpm><Cadence>89</Cadence><Extensions><ns3:TPX><ns3:Speed>2.4800000190734863</ns3:Speed><ns3:Pace>0.4</ns3:Pace></ns3:TPX></Extensions></Trackpoint><Trackpoint><Time>2025-08-17T21:37:59Z</Time><Position><LatitudeDegrees>-8.0555313</LatitudeDegrees><LongitudeDegrees>-34.95386808</LongitudeDegrees></Position><HeartRateBpm><Value>165</Value></HeartRateBpm><Cadence>89</Cadence><Extensions><ns3:TPX><ns3:Speed>2.4800000190734863</ns3:Speed><ns3:Pace>0.4</ns3:Pace></ns3:TPX></Extensions></Trackpoint><Trackpoint><Time>2025-08-17T21:38:00Z</Time><Position><LatitudeDegrees>-8.0555243</LatitudeDegrees><LongitudeDegrees>-34.95385075</LongitudeDegrees></Position><HeartRateBpm><Value>165</Value></HeartRateBpm><Cadence>89</Cadence><Extensions><ns3:TPX><ns3:Speed>2.4800000190734863</ns3:Speed><ns3:Pace>0.4</ns3:Pace></ns3:TPX></Extensions></Trackpoint><Trackpoint><Time>2025-08-17T21:38:01Z</Time><Position><LatitudeDegrees>-8.05551397</LatitudeDegrees><LongitudeDegrees>-34.95383709</LongitudeDegrees></Position><HeartRateBpm><Value>165</Value></HeartRateBpm><Cadence>88</Cadence><Extensions><ns3:TPX><ns3:Speed>2.490000009536743</ns3:Speed><ns3:Pace>0.4</ns3:Pace></ns3:TPX></Extensions></Trackpoint><Trackpoint><Time>2025-08-17T21:38:02Z</Time><Position><LatitudeDegrees>-8.0555013</LatitudeDegrees><LongitudeDegrees>-34.95382543</LongitudeDegrees></Position><HeartRateBpm><Value>167</Value></HeartRateBpm><Cadence>88</Cadence><Extensions><ns3:TPX><ns3:Speed>2.490000009536743</ns3:Speed><ns3:Pace>0.4</ns3:Pace></ns3:TPX></Extensions></Trackpoint><Trackpoint><Time>2025-08-17T21:38:03Z</Time><Position><LatitudeDegrees>-8.05548665</LatitudeDegrees><LongitudeDegrees>-34.95381543</LongitudeDegrees></Position><HeartRateBpm><Value>167</Value></HeartRateBpm><Cadence>88</Cadence><Extensions><ns3:TPX><ns3:Speed>2.490000009536743</ns3:Speed><ns3:Pace>0.4</ns3:Pace></ns3:TPX></Extensions></Trackpoint><Trackpoint><Time>2025-08-17T21:38:04Z</Time><Position><LatitudeDegrees>-8.05547131</LatitudeDegrees><LongitudeDegrees>-34.95381111</LongitudeDegrees></Position><HeartRateBpm><Value>167</Value></HeartRateBpm><Cadence>88</Cadence><Extensions><ns3:TPX><ns3:Speed>2.490000009536743</ns3:Speed><ns3:Pace>0.4</ns3:Pace></ns3:TPX></Extensions></Trackpoint><Trackpoint><Time>2025-08-17T21:38:05Z</Time><Position><LatitudeDegrees>-8.05545832</LatitudeDegrees><LongitudeDegrees>-34.95380977</LongitudeDegrees></Position><HeartRateBpm><Value>167</Value></HeartRateBpm><Cadence>88</Cadence><Extensions><ns3:TPX><ns3:Speed>2.490000009536743</ns3:Speed><ns3:Pace>0.4</ns3:Pace></ns3:TPX></Extensions></Trackpoint><Trackpoint><Time>2025-08-17T21:38:06Z</Time><Position><LatitudeDegrees>-8.05544566</LatitudeDegrees><LongitudeDegrees>-34.95380345</LongitudeDegrees></Position><HeartRateBpm><Value>167</Value></HeartRateBpm><Cadence>88</Cadence><Extensions><ns3:TPX><ns3:Speed>2.4800000190734863</ns3:Speed><ns3:Pace>0.4</ns3:Pace></ns3:TPX></Extensions></Trackpoint><Trackpoint><Time>2025-08-17T21:38:07Z</Time><Position><LatitudeDegrees>-8.055434</LatitudeDegrees><LongitudeDegrees>-34.95378913</LongitudeDegrees></Position><HeartRateBpm><Value>167</Value></HeartRateBpm><Cadence>89</Cadence><Extensions><ns3:TPX><ns3:Speed>2.4700000286102295</ns3:Speed><ns3:Pace>0.4</ns3:Pace></ns3:TPX></Extensions></Trackpoint><Trackpoint><Time>2025-08-17T21:38:08Z</Time><Position><LatitudeDegrees>-8.05542268</LatitudeDegrees><LongitudeDegrees>-34.95377113</LongitudeDegrees></Position><HeartRateBpm><Value>168</Value></HeartRateBpm><Cadence>89</Cadence><Extensions><ns3:TPX><ns3:Speed>2.4600000381469727</ns3:Speed><ns3:Pace>0.4</ns3:Pace></ns3:TPX></Extensions></Trackpoint><Trackpoint><Time>2025-08-17T21:38:09Z</Time><Position><LatitudeDegrees>-8.05541202</LatitudeDegrees><LongitudeDegrees>-34.95375114</LongitudeDegrees></Position><HeartRateBpm><Value>171</Value></HeartRateBpm><Cadence>89</Cadence><Extensions><ns3:TPX><ns3:Speed>2.450000047683716</ns3:Speed><ns3:Pace>0.4</ns3:Pace></ns3:TPX></Extensions></Trackpoint><Trackpoint><Time>2025-08-17T21:38:10Z</Time><Position><LatitudeDegrees>-8.05540102</LatitudeDegrees><LongitudeDegrees>-34.95373115</LongitudeDegrees></Position><HeartRateBpm><Value>171</Value></HeartRateBpm><Cadence>89</Cadence><Extensions><ns3:TPX><ns3:Speed>2.440000057220459</ns3:Speed><ns3:Pace>0.4</ns3:Pace></ns3:TPX></Extensions></Trackpoint><Trackpoint><Time>2025-08-17T21:38:11Z</Time><Position><LatitudeDegrees>-8.05538869</LatitudeDegrees><LongitudeDegrees>-34.95371382</LongitudeDegrees></Position><HeartRateBpm><Value>171</Value></HeartRateBpm><Cadence>89</Cadence><Extensions><ns3:TPX><ns3:Speed>2.440000057220459</ns3:Speed><ns3:Pace>0.41</ns3:Pace></ns3:TPX></Extensions></Trackpoint><Trackpoint><Time>2025-08-17T21:38:12Z</Time><Position><LatitudeDegrees>-8.05537436</LatitudeDegrees><LongitudeDegrees>-34.95369917</LongitudeDegrees></Position><HeartRateBpm><Value>171</Value></HeartRateBpm><Cadence>90</Cadence><Extensions><ns3:TPX><ns3:Speed>2.430000066757202</ns3:Speed><ns3:Pace>0.41</ns3:Pace></ns3:TPX></Extensions></Trackpoint><Trackpoint><Time>2025-08-17T21:38:13Z</Time><Position><LatitudeDegrees>-8.05535737</LatitudeDegrees><LongitudeDegrees>-34.9536865</LongitudeDegrees></Position><HeartRateBpm><Value>170</Value></HeartRateBpm><Cadence>91</Cadence><Extensions><ns3:TPX><ns3:Speed>2.430000066757202</ns3:Speed><ns3:Pace>0.41</ns3:Pace></ns3:TPX></Extensions></Trackpoint><Trackpoint><Time>2025-08-17T21:38:14Z</Time><Position><LatitudeDegrees>-8.05533905</LatitudeDegrees><LongitudeDegrees>-34.95367518</LongitudeDegrees></Position><HeartRateBpm><Value>170</Value></HeartRateBpm><Cadence>90</Cadence><Extensions><ns3:TPX><ns3:Speed>2.4200000762939453</ns3:Speed><ns3:Pace>0.41</ns3:Pace></ns3:TPX></Extensions></Trackpoint><Trackpoint><Time>2025-08-17T21:38:15Z</Time><Position><LatitudeDegrees>-8.05532039</LatitudeDegrees><LongitudeDegrees>-34.95366252</LongitudeDegrees></Position><HeartRateBpm><Value>169</Value></HeartRateBpm><Cadence>89</Cadence><Extensions><ns3:TPX><ns3:Speed>2.4200000762939453</ns3:Speed><ns3:Pace>0.41</ns3:Pace></ns3:TPX></Extensions></Trackpoint><Trackpoint><Time>2025-08-17T21:38:16Z</Time><Position><LatitudeDegrees>-8.05530206</LatitudeDegrees><LongitudeDegrees>-34.95364919</LongitudeDegrees></Position><HeartRateBpm><Value>169</Value></HeartRateBpm><Cadence>89</Cadence><Extensions><ns3:TPX><ns3:Speed>2.4200000762939453</ns3:Speed><ns3:Pace>0.41</ns3:Pace></ns3:TPX></Extensions></Trackpoint><Trackpoint><Time>2025-08-17T21:38:17Z</Time><Position><LatitudeDegrees>-8.05528439</LatitudeDegrees><LongitudeDegrees>-34.95363386</LongitudeDegrees></Position><HeartRateBpm><Value>169</Value></HeartRateBpm><Cadence>89</Cadence><Extensions><ns3:TPX><ns3:Speed>2.4200000762939453</ns3:Speed><ns3:Pace>0.41</ns3:Pace></ns3:TPX></Extensions></Trackpoint><Trackpoint><Time>2025-08-17T21:38:18Z</Time><Position><LatitudeDegrees>-8.05526707</LatitudeDegrees><LongitudeDegrees>-34.95361586</LongitudeDegrees></Position><HeartRateBpm><Value>169</Value></HeartRateBpm><Cadence>89</Cadence><Extensions><ns3:TPX><ns3:Speed>2.4200000762939453</ns3:Speed><ns3:Pace>0.41</ns3:Pace></ns3:TPX></Extensions></Trackpoint><Trackpoint><Time>2025-08-17T21:38:19Z</Time><Position><LatitudeDegrees>-8.05525174</LatitudeDegrees><LongitudeDegrees>-34.95359487</LongitudeDegrees></Position><HeartRateBpm><Value>169</Value></HeartRateBpm><Cadence>89</Cadence><Extensions><ns3:TPX><ns3:Speed>2.4200000762939453</ns3:Speed><ns3:Pace>0.41</ns3:Pace></ns3:TPX></Extensions></Trackpoint><Trackpoint><Time>2025-08-17T21:38:20Z</Time><Position><LatitudeDegrees>-8.05524007</LatitudeDegrees><LongitudeDegrees>-34.95357054</LongitudeDegrees></Position><HeartRateBpm><Value>169</Value></HeartRateBpm><Cadence>90</Cadence><Extensions><ns3:TPX><ns3:Speed>2.4200000762939453</ns3:Speed><ns3:Pace>0.41</ns3:Pace></ns3:TPX></Extensions></Trackpoint><Trackpoint><Time>2025-08-17T21:38:21Z</Time><Position><LatitudeDegrees>-8.05523307</LatitudeDegrees><LongitudeDegrees>-34.95354488</LongitudeDegrees></Position><HeartRateBpm><Value>169</Value></HeartRateBpm><Cadence>90</Cadence><Extensions><ns3:TPX><ns3:Speed>2.430000066757202</ns3:Speed><ns3:Pace>0.41</ns3:Pace></ns3:TPX></Extensions></Trackpoint><Trackpoint><Time>2025-08-17T21:38:22Z</Time><Position><LatitudeDegrees>-8.05522641</LatitudeDegrees><LongitudeDegrees>-34.95351923</LongitudeDegrees></Position><HeartRateBpm><Value>169</Value></HeartRateBpm><Cadence>90</Cadence><Extensions><ns3:TPX><ns3:Speed>2.430000066757202</ns3:Speed><ns3:Pace>0.41</ns3:Pace></ns3:TPX></Extensions></Trackpoint><Trackpoint><Time>2025-08-17T21:38:23Z</Time><Position><LatitudeDegrees>-8.05522275</LatitudeDegrees><LongitudeDegrees>-34.95349357</LongitudeDegrees></Position><HeartRateBpm><Value>169</Value></HeartRateBpm><Cadence>90</Cadence><Extensions><ns3:TPX><ns3:Speed>2.430000066757202</ns3:Speed><ns3:Pace>0.4</ns3:Pace></ns3:TPX></Extensions></Trackpoint><Trackpoint><Time>2025-08-17T21:38:24Z</Time><Position><LatitudeDegrees>-8.05521909</LatitudeDegrees><LongitudeDegrees>-34.9534669</LongitudeDegrees></Position><HeartRateBpm><Value>169</Value></HeartRateBpm><Cadence>90</Cadence><Extensions><ns3:TPX><ns3:Speed>2.440000057220459</ns3:Speed><ns3:Pace>0.4</ns3:Pace></ns3:TPX></Extensions></Trackpoint><Trackpoint><Time>2025-08-17T21:38:25Z</Time><Position><LatitudeDegrees>-8.05521377</LatitudeDegrees><LongitudeDegrees>-34.95343991</LongitudeDegrees></Position><HeartRateBpm><Value>168</Value></HeartRateBpm><Cadence>89</Cadence><Extensions><ns3:TPX><ns3:Speed>2.450000047683716</ns3:Speed><ns3:Pace>0.4</ns3:Pace></ns3:TPX></Extensions></Trackpoint><Trackpoint><Time>2025-08-17T21:38:26Z</Time><Position><LatitudeDegrees>-8.0552081</LatitudeDegrees><LongitudeDegrees>-34.95341459</LongitudeDegrees></Position><HeartRateBpm><Value>167</Value></HeartRateBpm><Cadence>89</Cadence><Extensions><ns3:TPX><ns3:Speed>2.4600000381469727</ns3:Speed><ns3:Pace>0.4</ns3:Pace></ns3:TPX></Extensions></Trackpoint><Trackpoint><Time>2025-08-17T21:38:27Z</Time><Position><LatitudeDegrees>-8.05520178</LatitudeDegrees><LongitudeDegrees>-34.95338959</LongitudeDegrees></Position><HeartRateBpm><Value>167</Value></HeartRateBpm><Cadence>89</Cadence><Extensions><ns3:TPX><ns3:Speed>2.4700000286102295</ns3:Speed><ns3:Pace>0.4</ns3:Pace></ns3:TPX></Extensions></Trackpoint><Trackpoint><Time>2025-08-17T21:38:28Z</Time><Position><LatitudeDegrees>-8.05519511</LatitudeDegrees><LongitudeDegrees>-34.95336492</LongitudeDegrees></Position><HeartRateBpm><Value>167</Value></HeartRateBpm><Cadence>89</Cadence><Extensions><ns3:TPX><ns3:Speed>2.4800000190734863</ns3:Speed><ns3:Pace>0.4</ns3:Pace></ns3:TPX></Extensions></Trackpoint><Trackpoint><Time>2025-08-17T21:38:29Z</Time><Position><LatitudeDegrees>-8.05518745</LatitudeDegrees><LongitudeDegrees>-34.95334093</LongitudeDegrees></Position><HeartRateBpm><Value>167</Value></HeartRateBpm><Cadence>89</Cadence><Extensions><ns3:TPX><ns3:Speed>2.4800000190734863</ns3:Speed><ns3:Pace>0.4</ns3:Pace></ns3:TPX></Extensions></Trackpoint><Trackpoint><Time>2025-08-17T21:38:30Z</Time><Position><LatitudeDegrees>-8.05518045</LatitudeDegrees><LongitudeDegrees>-34.95331627</LongitudeDegrees></Position><HeartRateBpm><Value>167</Value></HeartRateBpm><Cadence>89</Cadence><Extensions><ns3:TPX><ns3:Speed>2.5</ns3:Speed><ns3:Pace>0.39</ns3:Pace></ns3:TPX></Extensions></Trackpoint><Trackpoint><Time>2025-08-17T21:38:31Z</Time><Position><LatitudeDegrees>-8.05517312</LatitudeDegrees><LongitudeDegrees>-34.95329127</LongitudeDegrees></Position><HeartRateBpm><Value>169</Value></HeartRateBpm><Cadence>89</Cadence><Extensions><ns3:TPX><ns3:Speed>2.509999990463257</ns3:Speed><ns3:Pace>0.39</ns3:Pace></ns3:TPX></Extensions></Trackpoint><Trackpoint><Time>2025-08-17T21:38:32Z</Time><Position><LatitudeDegrees>-8.05516412</LatitudeDegrees><LongitudeDegrees>-34.9532696</LongitudeDegrees></Position><HeartRateBpm><Value>169</Value></HeartRateBpm><Cadence>89</Cadence><Extensions><ns3:TPX><ns3:Speed>2.509999990463257</ns3:Speed><ns3:Pace>0.39</ns3:Pace></ns3:TPX></Extensions></Trackpoint><Trackpoint><Time>2025-08-17T21:38:33Z</Time><Position><LatitudeDegrees>-8.05515446</LatitudeDegrees><LongitudeDegrees>-34.95325094</LongitudeDegrees></Position><HeartRateBpm><Value>170</Value></HeartRateBpm><Cadence>89</Cadence><Extensions><ns3:TPX><ns3:Speed>2.5199999809265137</ns3:Speed><ns3:Pace>0.39</ns3:Pace></ns3:TPX></Extensions></Trackpoint><Trackpoint><Time>2025-08-17T21:38:34Z</Time><Position><LatitudeDegrees>-8.05514814</LatitudeDegrees><LongitudeDegrees>-34.95323261</LongitudeDegrees></Position><HeartRateBpm><Value>171</Value></HeartRateBpm><Cadence>89</Cadence><Extensions><ns3:TPX><ns3:Speed>2.5299999713897705</ns3:Speed><ns3:Pace>0.39</ns3:Pace></ns3:TPX></Extensions></Trackpoint><Trackpoint><Time>2025-08-17T21:38:35Z</Time><Position><LatitudeDegrees>-8.05514447</LatitudeDegrees><LongitudeDegrees>-34.95321562</LongitudeDegrees></Position><HeartRateBpm><Value>171</Value></HeartRateBpm><Cadence>89</Cadence><Extensions><ns3:TPX><ns3:Speed>2.5299999713897705</ns3:Speed><ns3:Pace>0.39</ns3:Pace></ns3:TPX></Extensions></Trackpoint><Trackpoint><Time>2025-08-17T21:38:36Z</Time><Position><LatitudeDegrees>-8.05514015</LatitudeDegrees><LongitudeDegrees>-34.95319962</LongitudeDegrees></Position><HeartRateBpm><Value>171</Value></HeartRateBpm><Cadence>89</Cadence><Extensions><ns3:TPX><ns3:Speed>2.5399999618530273</ns3:Speed><ns3:Pace>0.38</ns3:Pace></ns3:TPX></Extensions></Trackpoint><Trackpoint><Time>2025-08-17T21:38:37Z</Time><Position><LatitudeDegrees>-8.05513849</LatitudeDegrees><LongitudeDegrees>-34.95318562</LongitudeDegrees></Position><HeartRateBpm><Value>172</Value></HeartRateBpm><Cadence>89</Cadence><Extensions><ns3:TPX><ns3:Speed>2.5999999046325684</ns3:Speed><ns3:Pace>0.39</ns3:Pace></ns3:TPX></Extensions></Trackpoint><Trackpoint><Time>2025-08-17T21:38:38Z</Time><Position><LatitudeDegrees>-8.05513849</LatitudeDegrees><LongitudeDegrees>-34.95316863</LongitudeDegrees></Position><HeartRateBpm><Value>172</Value></HeartRateBpm><Cadence>89</Cadence><Extensions><ns3:TPX><ns3:Speed>2.509999990463257</ns3:Speed><ns3:Pace>0.44</ns3:Pace></ns3:TPX></Extensions></Trackpoint><Trackpoint><Time>2025-08-17T21:38:39Z</Time><Position><LatitudeDegrees>-8.05513882</LatitudeDegrees><LongitudeDegrees>-34.9531523</LongitudeDegrees></Position><HeartRateBpm><Value>172</Value></HeartRateBpm><Cadence>89</Cadence><Extensions><ns3:TPX><ns3:Speed>2.2300000190734863</ns3:Speed><ns3:Pace>0.49</ns3:Pace></ns3:TPX></Extensions></Trackpoint><Trackpoint><Time>2025-08-17T21:38:40Z</Time><Position><LatitudeDegrees>-8.05513982</LatitudeDegrees><LongitudeDegrees>-34.95313631</LongitudeDegrees></Position><HeartRateBpm><Value>172</Value></HeartRateBpm><Cadence>89</Cadence><Extensions><ns3:TPX><ns3:Speed>2.0199999809265137</ns3:Speed><ns3:Pace>0.49</ns3:Pace></ns3:TPX></Extensions></Trackpoint><Trackpoint><Time>2025-08-17T21:38:41Z</Time><Position><LatitudeDegrees>-8.05514247</LatitudeDegrees><LongitudeDegrees>-34.95312231</LongitudeDegrees></Position><HeartRateBpm><Value>172</Value></HeartRateBpm><Cadence>89</Cadence><Extensions><ns3:TPX><ns3:Speed>2.0199999809265137</ns3:Speed><ns3:Pace>0.53</ns3:Pace></ns3:TPX></Extensions></Trackpoint><Trackpoint><Time>2025-08-17T21:38:42Z</Time><Position><LatitudeDegrees>-8.05514613</LatitudeDegrees><LongitudeDegrees>-34.95310664</LongitudeDegrees></Position><HeartRateBpm><Value>172</Value></HeartRateBpm><Cadence>89</Cadence><Extensions><ns3:TPX><ns3:Speed>1.850000023841858</ns3:Speed><ns3:Pace>0.56</ns3:Pace></ns3:TPX></Extensions></Trackpoint><Trackpoint><Time>2025-08-17T21:38:43Z</Time><Position><LatitudeDegrees>-8.05514912</LatitudeDegrees><LongitudeDegrees>-34.95309132</LongitudeDegrees></Position><HeartRateBpm><Value>172</Value></HeartRateBpm><Cadence>89</Cadence><Extensions><ns3:TPX><ns3:Speed>1.7699999809265137</ns3:Speed><ns3:Pace>0.57</ns3:Pace></ns3:TPX></Extensions></Trackpoint><Trackpoint><Time>2025-08-17T21:38:44Z</Time><Position><LatitudeDegrees>-8.05515211</LatitudeDegrees><LongitudeDegrees>-34.95307732</LongitudeDegrees></Position><HeartRateBpm><Value>172</Value></HeartRateBpm><Cadence>89</Cadence><Extensions><ns3:TPX><ns3:Speed>1.7300000190734863</ns3:Speed><ns3:Pace>0.59</ns3:Pace></ns3:TPX></Extensions></Trackpoint><Trackpoint><Time>2025-08-17T21:38:45Z</Time><Position><LatitudeDegrees>-8.05515343</LatitudeDegrees><LongitudeDegrees>-34.95306266</LongitudeDegrees></Position><HeartRateBpm><Value>171</Value></HeartRateBpm><Cadence>89</Cadence><Extensions><ns3:TPX><ns3:Speed>1.6799999475479126</ns3:Speed><ns3:Pace>0.59</ns3:Pace></ns3:TPX></Extensions></Trackpoint><Trackpoint><Time>2025-08-17T21:38:46Z</Time><Position><LatitudeDegrees>-8.05515343</LatitudeDegrees><LongitudeDegrees>-34.95304866</LongitudeDegrees></Position><HeartRateBpm><Value>171</Value></HeartRateBpm><Cadence>89</Cadence><Extensions><ns3:TPX><ns3:Speed>1.6799999475479126</ns3:Speed><ns3:Pace>0.59</ns3:Pace></ns3:TPX></Extensions></Trackpoint><Trackpoint><Time>2025-08-17T21:38:47Z</Time><Position><LatitudeDegrees>-8.05515343</LatitudeDegrees><LongitudeDegrees>-34.95303466</LongitudeDegrees></Position><HeartRateBpm><Value>171</Value></HeartRateBpm><Cadence>89</Cadence><Extensions><ns3:TPX><ns3:Speed>1.6799999475479126</ns3:Speed><ns3:Pace>0.6</ns3:Pace></ns3:TPX></Extensions></Trackpoint><Trackpoint><Time>2025-08-17T21:38:48Z</Time><Position><LatitudeDegrees>-8.05515278</LatitudeDegrees><LongitudeDegrees>-34.95302066</LongitudeDegrees></Position><HeartRateBpm><Value>172</Value></HeartRateBpm><Cadence>31</Cadence><Extensions><ns3:TPX><ns3:Speed>1.649999976158142</ns3:Speed><ns3:Pace>0.61</ns3:Pace></ns3:TPX></Extensions></Trackpoint><Trackpoint><Time>2025-08-17T21:38:49Z</Time><Position><LatitudeDegrees>-8.05515179</LatitudeDegrees><LongitudeDegrees>-34.95300766</LongitudeDegrees></Position><HeartRateBpm><Value>172</Value></HeartRateBpm><Cadence>31</Cadence><Extensions><ns3:TPX><ns3:Speed>1.6200000047683716</ns3:Speed><ns3:Pace>0.63</ns3:Pace></ns3:TPX></Extensions></Trackpoint><Trackpoint><Time>2025-08-17T21:38:50Z</Time><Position><LatitudeDegrees>-8.05514845</LatitudeDegrees><LongitudeDegrees>-34.95299466</LongitudeDegrees></Position><HeartRateBpm><Value>172</Value></HeartRateBpm><Cadence>31</Cadence><Extensions><ns3:TPX><ns3:Speed>1.5700000524520874</ns3:Speed><ns3:Pace>0.65</ns3:Pace></ns3:TPX></Extensions></Trackpoint><Trackpoint><Time>2025-08-17T21:38:51Z</Time><Position><LatitudeDegrees>-8.05514445</LatitudeDegrees><LongitudeDegrees>-34.95298234</LongitudeDegrees></Position><HeartRateBpm><Value>170</Value></HeartRateBpm><Cadence>31</Cadence><Extensions><ns3:TPX><ns3:Speed>1.5199999809265137</ns3:Speed><ns3:Pace>0.67</ns3:Pace></ns3:TPX></Extensions></Trackpoint><Trackpoint><Time>2025-08-17T21:38:52Z</Time><Position><LatitudeDegrees>-8.05514146</LatitudeDegrees><LongitudeDegrees>-34.952971</LongitudeDegrees></Position><HeartRateBpm><Value>170</Value></HeartRateBpm><Cadence>31</Cadence><Extensions><ns3:TPX><ns3:Speed>1.4800000190734863</ns3:Speed><ns3:Pace>0.67</ns3:Pace></ns3:TPX></Extensions></Trackpoint><Trackpoint><Time>2025-08-17T21:38:53Z</Time><Position><LatitudeDegrees>-8.05513813</LatitudeDegrees><LongitudeDegrees>-34.95296034</LongitudeDegrees></Position><HeartRateBpm><Value>170</Value></HeartRateBpm><Cadence>31</Cadence><Extensions><ns3:TPX><ns3:Speed>1.4800000190734863</ns3:Speed><ns3:Pace>0.69</ns3:Pace></ns3:TPX></Extensions></Trackpoint><Trackpoint><Time>2025-08-17T21:38:54Z</Time><Position><LatitudeDegrees>-8.05513647</LatitudeDegrees><LongitudeDegrees>-34.95295068</LongitudeDegrees></Position><HeartRateBpm><Value>168</Value></HeartRateBpm><Cadence>31</Cadence><Extensions><ns3:TPX><ns3:Speed>1.4299999475479126</ns3:Speed><ns3:Pace>0.71</ns3:Pace></ns3:TPX></Extensions></Trackpoint><Trackpoint><Time>2025-08-17T21:38:55Z</Time><Position><LatitudeDegrees>-8.05513548</LatitudeDegrees><LongitudeDegrees>-34.95294135</LongitudeDegrees></Position><HeartRateBpm><Value>167</Value></HeartRateBpm><Cadence>31</Cadence><Extensions><ns3:TPX><ns3:Speed>1.399999976158142</ns3:Speed><ns3:Pace>0.74</ns3:Pace></ns3:TPX></Extensions></Trackpoint><Trackpoint><Time>2025-08-17T21:38:56Z</Time><Position><LatitudeDegrees>-8.05513248</LatitudeDegrees><LongitudeDegrees>-34.95293136</LongitudeDegrees></Position><HeartRateBpm><Value>168</Value></HeartRateBpm><Cadence>31</Cadence><Extensions><ns3:TPX><ns3:Speed>1.350000023841858</ns3:Speed><ns3:Pace>0.76</ns3:Pace></ns3:TPX></Extensions></Trackpoint><Trackpoint><Time>2025-08-17T21:38:57Z</Time><Position><LatitudeDegrees>-8.05512849</LatitudeDegrees><LongitudeDegrees>-34.95292069</LongitudeDegrees></Position><HeartRateBpm><Value>167</Value></HeartRateBpm><Cadence>31</Cadence><Extensions><ns3:TPX><ns3:Speed>1.2999999523162842</ns3:Speed><ns3:Pace>0.78</ns3:Pace></ns3:TPX></Extensions></Trackpoint><Trackpoint><Time>2025-08-17T21:38:58Z</Time><Position><LatitudeDegrees>-8.05512516</LatitudeDegrees><LongitudeDegrees>-34.95290969</LongitudeDegrees></Position><HeartRateBpm><Value>165</Value></HeartRateBpm><Cadence>31</Cadence><Extensions><ns3:TPX><ns3:Speed>1.2699999809265137</ns3:Speed><ns3:Pace>0.78</ns3:Pace></ns3:TPX></Extensions></Trackpoint><Trackpoint><Time>2025-08-17T21:38:59Z</Time><Position><LatitudeDegrees>-8.05512249</LatitudeDegrees><LongitudeDegrees>-34.95289737</LongitudeDegrees></Position><HeartRateBpm><Value>165</Value></HeartRateBpm><Cadence>31</Cadence><Extensions><ns3:TPX><ns3:Speed>1.2699999809265137</ns3:Speed><ns3:Pace>0.79</ns3:Pace></ns3:TPX></Extensions></Trackpoint><Trackpoint><Time>2025-08-17T21:39:00Z</Time><Position><LatitudeDegrees>-8.05511884</LatitudeDegrees><LongitudeDegrees>-34.95288538</LongitudeDegrees></Position><HeartRateBpm><Value>163</Value></HeartRateBpm><Cadence>31</Cadence><Extensions><ns3:TPX><ns3:Speed>1.2599999904632568</ns3:Speed><ns3:Pace>0.79</ns3:Pace></ns3:TPX></Extensions></Trackpoint><Trackpoint><Time>2025-08-17T21:39:01Z</Time><Position><LatitudeDegrees>-8.0551155</LatitudeDegrees><LongitudeDegrees>-34.95287604</LongitudeDegrees></Position><HeartRateBpm><Value>165</Value></HeartRateBpm><Cadence>31</Cadence><Extensions><ns3:TPX><ns3:Speed>1.2599999904632568</ns3:Speed><ns3:Pace>0.8</ns3:Pace></ns3:TPX></Extensions></Trackpoint><Trackpoint><Time>2025-08-17T21:39:02Z</Time><Position><LatitudeDegrees>-8.05511151</LatitudeDegrees><LongitudeDegrees>-34.95286439</LongitudeDegrees></Position><HeartRateBpm><Value>166</Value></HeartRateBpm><Cadence>31</Cadence><Extensions><ns3:TPX><ns3:Speed>1.2400000095367432</ns3:Speed><ns3:Pace>0.8</ns3:Pace></ns3:TPX></Extensions></Trackpoint><Trackpoint><Time>2025-08-17T21:39:03Z</Time><Position><LatitudeDegrees>-8.05510785</LatitudeDegrees><LongitudeDegrees>-34.95285072</LongitudeDegrees></Position><HeartRateBpm><Value>163</Value></HeartRateBpm><Cadence>31</Cadence><Extensions><ns3:TPX><ns3:Speed>1.25</ns3:Speed><ns3:Pace>0.77</ns3:Pace></ns3:TPX></Extensions></Trackpoint><Trackpoint><Time>2025-08-17T21:39:04Z</Time><Position><LatitudeDegrees>-8.05510518</LatitudeDegrees><LongitudeDegrees>-34.95283806</LongitudeDegrees></Position><HeartRateBpm><Value>159</Value></HeartRateBpm><Cadence>31</Cadence><Extensions><ns3:TPX><ns3:Speed>1.2799999713897705</ns3:Speed><ns3:Pace>0.77</ns3:Pace></ns3:TPX></Extensions></Trackpoint><Trackpoint><Time>2025-08-17T21:39:05Z</Time><Position><LatitudeDegrees>-8.05510452</LatitudeDegrees><LongitudeDegrees>-34.95282806</LongitudeDegrees></Position><HeartRateBpm><Value>159</Value></HeartRateBpm><Cadence>31</Cadence><Extensions><ns3:TPX><ns3:Speed>1.2799999713897705</ns3:Speed><ns3:Pace>0.77</ns3:Pace></ns3:TPX></Extensions></Trackpoint><Trackpoint><Time>2025-08-17T21:39:06Z</Time><Position><LatitudeDegrees>-8.05510419</LatitudeDegrees><LongitudeDegrees>-34.95281574</LongitudeDegrees></Position><HeartRateBpm><Value>158</Value></HeartRateBpm><Cadence>31</Cadence><Extensions><ns3:TPX><ns3:Speed>1.2799999713897705</ns3:Speed><ns3:Pace>0.77</ns3:Pace></ns3:TPX></Extensions></Trackpoint><Trackpoint><Time>2025-08-17T21:39:07Z</Time><Position><LatitudeDegrees>-8.05510551</LatitudeDegrees><LongitudeDegrees>-34.95279974</LongitudeDegrees></Position><HeartRateBpm><Value>157</Value></HeartRateBpm><Cadence>31</Cadence><Extensions><ns3:TPX><ns3:Speed>1.2899999618530273</ns3:Speed><ns3:Pace>0.75</ns3:Pace></ns3:TPX></Extensions></Trackpoint><Trackpoint><Time>2025-08-17T21:39:08Z</Time><Position><LatitudeDegrees>-8.05511018</LatitudeDegrees><LongitudeDegrees>-34.95278475</LongitudeDegrees></Position><HeartRateBpm><Value>156</Value></HeartRateBpm><Cadence>32</Cadence><Extensions><ns3:TPX><ns3:Speed>1.3200000524520874</ns3:Speed><ns3:Pace>0.74</ns3:Pace></ns3:TPX></Extensions></Trackpoint><Trackpoint><Time>2025-08-17T21:39:09Z</Time><Position><LatitudeDegrees>-8.0551195</LatitudeDegrees><LongitudeDegrees>-34.95276976</LongitudeDegrees></Position><HeartRateBpm><Value>158</Value></HeartRateBpm><Cadence>32</Cadence><Extensions><ns3:TPX><ns3:Speed>1.340000033378601</ns3:Speed><ns3:Pace>0.71</ns3:Pace></ns3:TPX></Extensions></Trackpoint><Trackpoint><Time>2025-08-17T21:39:10Z</Time><Position><LatitudeDegrees>-8.05513616</LatitudeDegrees><LongitudeDegrees>-34.95275309</LongitudeDegrees></Position><HeartRateBpm><Value>158</Value></HeartRateBpm><Cadence>31</Cadence><Extensions><ns3:TPX><ns3:Speed>1.3899999856948853</ns3:Speed><ns3:Pace>0.71</ns3:Pace></ns3:TPX></Extensions></Trackpoint><Trackpoint><Time>2025-08-17T21:39:11Z</Time><Position><LatitudeDegrees>-8.05515249</LatitudeDegrees><LongitudeDegrees>-34.95273576</LongitudeDegrees></Position><HeartRateBpm><Value>158</Value></HeartRateBpm><Cadence>31</Cadence><Extensions><ns3:TPX><ns3:Speed>1.3899999856948853</ns3:Speed><ns3:Pace>0.68</ns3:Pace></ns3:TPX></Extensions></Trackpoint><Trackpoint><Time>2025-08-17T21:39:12Z</Time><Position><LatitudeDegrees>-8.05515982</LatitudeDegrees><LongitudeDegrees>-34.95271877</LongitudeDegrees></Position><HeartRateBpm><Value>159</Value></HeartRateBpm><Cadence>31</Cadence><Extensions><ns3:TPX><ns3:Speed>1.4700000286102295</ns3:Speed><ns3:Pace>0.64</ns3:Pace></ns3:TPX></Extensions></Trackpoint><Trackpoint><Time>2025-08-17T21:39:13Z</Time><Position><LatitudeDegrees>-8.05516382</LatitudeDegrees><LongitudeDegrees>-34.95270245</LongitudeDegrees></Position><HeartRateBpm><Value>162</Value></HeartRateBpm><Cadence>31</Cadence><Extensions><ns3:TPX><ns3:Speed>1.5499999523162842</ns3:Speed><ns3:Pace>0.63</ns3:Pace></ns3:TPX></Extensions></Trackpoint><Trackpoint><Time>2025-08-17T21:39:14Z</Time><Position><LatitudeDegrees>-8.05516947</LatitudeDegrees><LongitudeDegrees>-34.95268645</LongitudeDegrees></Position><HeartRateBpm><Value>163</Value></HeartRateBpm><Cadence>31</Cadence><Extensions><ns3:TPX><ns3:Speed>1.559999942779541</ns3:Speed><ns3:Pace>0.66</ns3:Pace></ns3:TPX></Extensions></Trackpoint><Trackpoint><Time>2025-08-17T21:39:15Z</Time><Position><LatitudeDegrees>-8.05517514</LatitudeDegrees><LongitudeDegrees>-34.95266946</LongitudeDegrees></Position><HeartRateBpm><Value>161</Value></HeartRateBpm><Cadence>32</Cadence><Extensions><ns3:TPX><ns3:Speed>1.5</ns3:Speed><ns3:Pace>0.67</ns3:Pace></ns3:TPX></Extensions></Trackpoint><Trackpoint><Time>2025-08-17T21:39:16Z</Time><Position><LatitudeDegrees>-8.05517946</LatitudeDegrees><LongitudeDegrees>-34.95265112</LongitudeDegrees></Position><HeartRateBpm><Value>160</Value></HeartRateBpm><Cadence>31</Cadence><Extensions><ns3:TPX><ns3:Speed>1.4700000286102295</ns3:Speed><ns3:Pace>0.67</ns3:Pace></ns3:TPX></Extensions></Trackpoint><Trackpoint><Time>2025-08-17T21:39:17Z</Time><Position><LatitudeDegrees>-8.05518179</LatitudeDegrees><LongitudeDegrees>-34.9526358</LongitudeDegrees></Position><HeartRateBpm><Value>160</Value></HeartRateBpm><Cadence>31</Cadence><Extensions><ns3:TPX><ns3:Speed>1.4700000286102295</ns3:Speed><ns3:Pace>0.67</ns3:Pace></ns3:TPX></Extensions></Trackpoint><Trackpoint><Time>2025-08-17T21:39:18Z</Time><Position><LatitudeDegrees>-8.05518279</LatitudeDegrees><LongitudeDegrees>-34.95262247</LongitudeDegrees></Position><HeartRateBpm><Value>160</Value></HeartRateBpm><Cadence>31</Cadence><Extensions><ns3:TPX><ns3:Speed>1.4800000190734863</ns3:Speed><ns3:Pace>0.66</ns3:Pace></ns3:TPX></Extensions></Trackpoint><Trackpoint><Time>2025-08-17T21:39:19Z</Time><Position><LatitudeDegrees>-8.05518411</LatitudeDegrees><LongitudeDegrees>-34.95261314</LongitudeDegrees></Position><HeartRateBpm><Value>162</Value></HeartRateBpm><Cadence>31</Cadence><Extensions><ns3:TPX><ns3:Speed>1.4900000095367432</ns3:Speed><ns3:Pace>0.66</ns3:Pace></ns3:TPX></Extensions></Trackpoint><Trackpoint><Time>2025-08-17T21:39:20Z</Time><Position><LatitudeDegrees>-8.05518978</LatitudeDegrees><LongitudeDegrees>-34.95260648</LongitudeDegrees></Position><HeartRateBpm><Value>163</Value></HeartRateBpm><Cadence>31</Cadence><Extensions><ns3:TPX><ns3:Speed>1.4900000095367432</ns3:Speed><ns3:Pace>0.66</ns3:Pace></ns3:TPX></Extensions></Trackpoint><Trackpoint><Time>2025-08-17T21:39:21Z</Time><Position><LatitudeDegrees>-8.05520077</LatitudeDegrees><LongitudeDegrees>-34.95260081</LongitudeDegrees></Position><HeartRateBpm><Value>160</Value></HeartRateBpm><Cadence>31</Cadence><Extensions><ns3:TPX><ns3:Speed>1.4900000095367432</ns3:Speed><ns3:Pace>0.67</ns3:Pace></ns3:TPX></Extensions></Trackpoint><Trackpoint><Time>2025-08-17T21:39:22Z</Time><Position><LatitudeDegrees>-8.05520977</LatitudeDegrees><LongitudeDegrees>-34.95259082</LongitudeDegrees></Position><HeartRateBpm><Value>160</Value></HeartRateBpm><Cadence>31</Cadence><Extensions><ns3:TPX><ns3:Speed>1.4800000190734863</ns3:Speed><ns3:Pace>0.67</ns3:Pace></ns3:TPX></Extensions></Trackpoint><Trackpoint><Time>2025-08-17T21:39:23Z</Time><Position><LatitudeDegrees>-8.05521643</LatitudeDegrees><LongitudeDegrees>-34.95257715</LongitudeDegrees></Position><HeartRateBpm><Value>160</Value></HeartRateBpm><Cadence>31</Cadence><Extensions><ns3:TPX><ns3:Speed>1.4800000190734863</ns3:Speed><ns3:Pace>0.67</ns3:Pace></ns3:TPX></Extensions></Trackpoint><Trackpoint><Time>2025-08-17T21:39:24Z</Time><Position><LatitudeDegrees>-8.05521976</LatitudeDegrees><LongitudeDegrees>-34.95255815</LongitudeDegrees></Position><HeartRateBpm><Value>160</Value></HeartRateBpm><Cadence>33</Cadence><Extensions><ns3:TPX><ns3:Speed>1.4700000286102295</ns3:Speed><ns3:Pace>0.67</ns3:Pace></ns3:TPX></Extensions></Trackpoint><Trackpoint><Time>2025-08-17T21:39:25Z</Time><Position><LatitudeDegrees>-8.05522142</LatitudeDegrees><LongitudeDegrees>-34.95254083</LongitudeDegrees></Position><HeartRateBpm><Value>159</Value></HeartRateBpm><Cadence>32</Cadence><Extensions><ns3:TPX><ns3:Speed>1.4700000286102295</ns3:Speed><ns3:Pace>0.68</ns3:Pace></ns3:TPX></Extensions></Trackpoint><Trackpoint><Time>2025-08-17T21:39:26Z</Time><Position><LatitudeDegrees>-8.05522042</LatitudeDegrees><LongitudeDegrees>-34.95252483</LongitudeDegrees></Position><HeartRateBpm><Value>158</Value></HeartRateBpm><Cadence>31</Cadence><Extensions><ns3:TPX><ns3:Speed>1.4600000381469727</ns3:Speed><ns3:Pace>0.68</ns3:Pace></ns3:TPX></Extensions></Trackpoint><Trackpoint><Time>2025-08-17T21:39:27Z</Time><Position><LatitudeDegrees>-8.05521643</LatitudeDegrees><LongitudeDegrees>-34.95251217</LongitudeDegrees></Position><HeartRateBpm><Value>156</Value></HeartRateBpm><Cadence>31</Cadence><Extensions><ns3:TPX><ns3:Speed>1.4600000381469727</ns3:Speed><ns3:Pace>0.68</ns3:Pace></ns3:TPX></Extensions></Trackpoint><Trackpoint><Time>2025-08-17T21:39:28Z</Time><Position><LatitudeDegrees>-8.05521144</LatitudeDegrees><LongitudeDegrees>-34.95249851</LongitudeDegrees></Position><HeartRateBpm><Value>155</Value></HeartRateBpm><Cadence>31</Cadence><Extensions><ns3:TPX><ns3:Speed>1.4500000476837158</ns3:Speed><ns3:Pace>0.68</ns3:Pace></ns3:TPX></Extensions></Trackpoint><Trackpoint><Time>2025-08-17T21:39:29Z</Time><Position><LatitudeDegrees>-8.05520678</LatitudeDegrees><LongitudeDegrees>-34.95248385</LongitudeDegrees></Position><HeartRateBpm><Value>154</Value></HeartRateBpm><Cadence>31</Cadence><Extensions><ns3:TPX><ns3:Speed>1.4500000476837158</ns3:Speed><ns3:Pace>0.68</ns3:Pace></ns3:TPX></Extensions></Trackpoint><Trackpoint><Time>2025-08-17T21:39:30Z</Time><Position><LatitudeDegrees>-8.05520211</LatitudeDegrees><LongitudeDegrees>-34.95246818</LongitudeDegrees></Position><HeartRateBpm><Value>154</Value></HeartRateBpm><Cadence>31</Cadence><Extensions><ns3:TPX><ns3:Speed>1.4500000476837158</ns3:Speed><ns3:Pace>0.68</ns3:Pace></ns3:TPX></Extensions></Trackpoint><Trackpoint><Time>2025-08-17T21:39:31Z</Time><Position><LatitudeDegrees>-8.05519779</LatitudeDegrees><LongitudeDegrees>-34.95245253</LongitudeDegrees></Position><HeartRateBpm><Value>154</Value></HeartRateBpm><Cadence>32</Cadence><Extensions><ns3:TPX><ns3:Speed>1.4500000476837158</ns3:Speed><ns3:Pace>0.68</ns3:Pace></ns3:TPX></Extensions></Trackpoint><Trackpoint><Time>2025-08-17T21:39:32Z</Time><Position><LatitudeDegrees>-8.05519746</LatitudeDegrees><LongitudeDegrees>-34.95243486</LongitudeDegrees></Position><HeartRateBpm><Value>155</Value></HeartRateBpm><Cadence>31</Cadence><Extensions><ns3:TPX><ns3:Speed>1.4600000381469727</ns3:Speed><ns3:Pace>0.68</ns3:Pace></ns3:TPX></Extensions></Trackpoint><Trackpoint><Time>2025-08-17T21:39:33Z</Time><Position><LatitudeDegrees>-8.05520079</LatitudeDegrees><LongitudeDegrees>-34.9524182</LongitudeDegrees></Position><HeartRateBpm><Value>155</Value></HeartRateBpm><Cadence>31</Cadence><Extensions><ns3:TPX><ns3:Speed>1.4600000381469727</ns3:Speed><ns3:Pace>0.67</ns3:Pace></ns3:TPX></Extensions></Trackpoint><Trackpoint><Time>2025-08-17T21:39:34Z</Time><Position><LatitudeDegrees>-8.05520545</LatitudeDegrees><LongitudeDegrees>-34.95240154</LongitudeDegrees></Position><HeartRateBpm><Value>158</Value></HeartRateBpm><Cadence>31</Cadence><Extensions><ns3:TPX><ns3:Speed>1.4700000286102295</ns3:Speed><ns3:Pace>0.67</ns3:Pace></ns3:TPX></Extensions></Trackpoint><Trackpoint><Time>2025-08-17T21:39:35Z</Time><Position><LatitudeDegrees>-8.05520812</LatitudeDegrees><LongitudeDegrees>-34.95238587</LongitudeDegrees></Position><HeartRateBpm><Value>161</Value></HeartRateBpm><Cadence>31</Cadence><Extensions><ns3:TPX><ns3:Speed>1.4700000286102295</ns3:Speed><ns3:Pace>0.67</ns3:Pace></ns3:TPX></Extensions></Trackpoint><Trackpoint><Time>2025-08-17T21:39:36Z</Time><Position><LatitudeDegrees>-8.05521044</LatitudeDegrees><LongitudeDegrees>-34.95237388</LongitudeDegrees></Position><HeartRateBpm><Value>161</Value></HeartRateBpm><Cadence>31</Cadence><Extensions><ns3:TPX><ns3:Speed>1.4700000286102295</ns3:Speed><ns3:Pace>0.67</ns3:Pace></ns3:TPX></Extensions></Trackpoint><Trackpoint><Time>2025-08-17T21:39:37Z</Time><Position><LatitudeDegrees>-8.05521344</LatitudeDegrees><LongitudeDegrees>-34.95236355</LongitudeDegrees></Position><HeartRateBpm><Value>167</Value></HeartRateBpm><Cadence>31</Cadence><Extensions><ns3:TPX><ns3:Speed>1.4800000190734863</ns3:Speed><ns3:Pace>0.67</ns3:Pace></ns3:TPX></Extensions></Trackpoint><Trackpoint><Time>2025-08-17T21:39:38Z</Time><Position><LatitudeDegrees>-8.05521777</LatitudeDegrees><LongitudeDegrees>-34.95235389</LongitudeDegrees></Position><HeartRateBpm><Value>159</Value></HeartRateBpm><Cadence>31</Cadence><Extensions><ns3:TPX><ns3:Speed>1.4800000190734863</ns3:Speed><ns3:Pace>0.67</ns3:Pace></ns3:TPX></Extensions></Trackpoint><Trackpoint><Time>2025-08-17T21:39:39Z</Time><Position><LatitudeDegrees>-8.05522276</LatitudeDegrees><LongitudeDegrees>-34.95234523</LongitudeDegrees></Position><HeartRateBpm><Value>158</Value></HeartRateBpm><Cadence>32</Cadence><Extensions><ns3:TPX><ns3:Speed>1.4900000095367432</ns3:Speed><ns3:Pace>0.66</ns3:Pace></ns3:TPX></Extensions></Trackpoint><Trackpoint><Time>2025-08-17T21:39:40Z</Time><Position><LatitudeDegrees>-8.05522842</LatitudeDegrees><LongitudeDegrees>-34.95233657</LongitudeDegrees></Position><HeartRateBpm><Value>158</Value></HeartRateBpm><Cadence>32</Cadence><Extensions><ns3:TPX><ns3:Speed>1.4900000095367432</ns3:Speed><ns3:Pace>0.67</ns3:Pace></ns3:TPX></Extensions></Trackpoint><Trackpoint><Time>2025-08-17T21:39:41Z</Time><Position><LatitudeDegrees>-8.05523375</LatitudeDegrees><LongitudeDegrees>-34.95232824</LongitudeDegrees></Position><HeartRateBpm><Value>156</Value></HeartRateBpm><Cadence>32</Cadence><Extensions><ns3:TPX><ns3:Speed>1.4900000095367432</ns3:Speed><ns3:Pace>0.67</ns3:Pace></ns3:TPX></Extensions></Trackpoint><Trackpoint><Time>2025-08-17T21:39:42Z</Time><Position><LatitudeDegrees>-8.05523807</LatitudeDegrees><LongitudeDegrees>-34.95231858</LongitudeDegrees></Position><HeartRateBpm><Value>156</Value></HeartRateBpm><Cadence>32</Cadence><Extensions><ns3:TPX><ns3:Speed>1.4900000095367432</ns3:Speed><ns3:Pace>0.67</ns3:Pace></ns3:TPX></Extensions></Trackpoint><Trackpoint><Time>2025-08-17T21:39:43Z</Time><Position><LatitudeDegrees>-8.0552414</LatitudeDegrees><LongitudeDegrees>-34.95230625</LongitudeDegrees></Position><HeartRateBpm><Value>155</Value></HeartRateBpm><Cadence>31</Cadence><Extensions><ns3:TPX><ns3:Speed>1.4800000190734863</ns3:Speed><ns3:Pace>0.67</ns3:Pace></ns3:TPX></Extensions></Trackpoint><Trackpoint><Time>2025-08-17T21:39:44Z</Time><Position><LatitudeDegrees>-8.05524373</LatitudeDegrees><LongitudeDegrees>-34.95229359</LongitudeDegrees></Position><HeartRateBpm><Value>155</Value></HeartRateBpm><Cadence>31</Cadence><Extensions><ns3:TPX><ns3:Speed>1.4700000286102295</ns3:Speed><ns3:Pace>0.67</ns3:Pace></ns3:TPX></Extensions></Trackpoint><Trackpoint><Time>2025-08-17T21:39:45Z</Time><Position><LatitudeDegrees>-8.05524573</LatitudeDegrees><LongitudeDegrees>-34.9522816</LongitudeDegrees></Position><HeartRateBpm><Value>155</Value></HeartRateBpm><Cadence>31</Cadence><Extensions><ns3:TPX><ns3:Speed>1.4700000286102295</ns3:Speed><ns3:Pace>0.68</ns3:Pace></ns3:TPX></Extensions></Trackpoint><Trackpoint><Time>2025-08-17T21:39:46Z</Time><Position><LatitudeDegrees>-8.05524705</LatitudeDegrees><LongitudeDegrees>-34.9522706</LongitudeDegrees></Position><HeartRateBpm><Value>157</Value></HeartRateBpm><Cadence>31</Cadence><Extensions><ns3:TPX><ns3:Speed>1.4600000381469727</ns3:Speed><ns3:Pace>0.68</ns3:Pace></ns3:TPX></Extensions></Trackpoint><Trackpoint><Time>2025-08-17T21:39:47Z</Time><Position><LatitudeDegrees>-8.05524905</LatitudeDegrees><LongitudeDegrees>-34.9522596</LongitudeDegrees></Position><HeartRateBpm><Value>158</Value></HeartRateBpm><Cadence>31</Cadence><Extensions><ns3:TPX><ns3:Speed>1.4500000476837158</ns3:Speed><ns3:Pace>0.68</ns3:Pace></ns3:TPX></Extensions></Trackpoint><Trackpoint><Time>2025-08-17T21:39:48Z</Time><Position><LatitudeDegrees>-8.05525204</LatitudeDegrees><LongitudeDegrees>-34.9522486</LongitudeDegrees></Position><HeartRateBpm><Value>158</Value></HeartRateBpm><Cadence>31</Cadence><Extensions><ns3:TPX><ns3:Speed>1.4500000476837158</ns3:Speed><ns3:Pace>0.68</ns3:Pace></ns3:TPX></Extensions></Trackpoint><Trackpoint><Time>2025-08-17T21:39:49Z</Time><Position><LatitudeDegrees>-8.05525504</LatitudeDegrees><LongitudeDegrees>-34.95223627</LongitudeDegrees></Position><HeartRateBpm><Value>159</Value></HeartRateBpm><Cadence>31</Cadence><Extensions><ns3:TPX><ns3:Speed>1.4500000476837158</ns3:Speed><ns3:Pace>0.69</ns3:Pace></ns3:TPX></Extensions></Trackpoint><Trackpoint><Time>2025-08-17T21:39:50Z</Time><Position><LatitudeDegrees>-8.05526003</LatitudeDegrees><LongitudeDegrees>-34.95222195</LongitudeDegrees></Position><HeartRateBpm><Value>158</Value></HeartRateBpm><Cadence>31</Cadence><Extensions><ns3:TPX><ns3:Speed>1.440000057220459</ns3:Speed><ns3:Pace>0.69</ns3:Pace></ns3:TPX></Extensions></Trackpoint><Trackpoint><Time>2025-08-17T21:39:51Z</Time><Position><LatitudeDegrees>-8.05526703</LatitudeDegrees><LongitudeDegrees>-34.95220628</LongitudeDegrees></Position><HeartRateBpm><Value>158</Value></HeartRateBpm><Cadence>31</Cadence><Extensions><ns3:TPX><ns3:Speed>1.440000057220459</ns3:Speed><ns3:Pace>0.69</ns3:Pace></ns3:TPX></Extensions></Trackpoint><Trackpoint><Time>2025-08-17T21:39:52Z</Time><Position><LatitudeDegrees>-8.05527435</LatitudeDegrees><LongitudeDegrees>-34.95219295</LongitudeDegrees></Position><HeartRateBpm><Value>158</Value></HeartRateBpm><Cadence>31</Cadence><Extensions><ns3:TPX><ns3:Speed>1.440000057220459</ns3:Speed><ns3:Pace>0.69</ns3:Pace></ns3:TPX></Extensions></Trackpoint><Trackpoint><Time>2025-08-17T21:39:53Z</Time><Position><LatitudeDegrees>-8.05528335</LatitudeDegrees><LongitudeDegrees>-34.95218229</LongitudeDegrees></Position><HeartRateBpm><Value>158</Value></HeartRateBpm><Cadence>32</Cadence><Extensions><ns3:TPX><ns3:Speed>1.440000057220459</ns3:Speed><ns3:Pace>0.69</ns3:Pace></ns3:TPX></Extensions></Trackpoint><Trackpoint><Time>2025-08-17T21:39:54Z</Time><Position><LatitudeDegrees>-8.05529302</LatitudeDegrees><LongitudeDegrees>-34.95217364</LongitudeDegrees></Position><HeartRateBpm><Value>158</Value></HeartRateBpm><Cadence>32</Cadence><Extensions><ns3:TPX><ns3:Speed>1.440000057220459</ns3:Speed><ns3:Pace>0.69</ns3:Pace></ns3:TPX></Extensions></Trackpoint><Trackpoint><Time>2025-08-17T21:39:55Z</Time><Position><LatitudeDegrees>-8.05530201</LatitudeDegrees><LongitudeDegrees>-34.95216498</LongitudeDegrees></Position><HeartRateBpm><Value>157</Value></HeartRateBpm><Cadence>30</Cadence><Extensions><ns3:TPX><ns3:Speed>1.440000057220459</ns3:Speed><ns3:Pace>0.69</ns3:Pace></ns3:TPX></Extensions></Trackpoint><Trackpoint><Time>2025-08-17T21:39:56Z</Time><Position><LatitudeDegrees>-8.05530601</LatitudeDegrees><LongitudeDegrees>-34.95215398</LongitudeDegrees></Position><HeartRateBpm><Value>158</Value></HeartRateBpm><Cadence>30</Cadence><Extensions><ns3:TPX><ns3:Speed>1.440000057220459</ns3:Speed><ns3:Pace>0.69</ns3:Pace></ns3:TPX></Extensions></Trackpoint><Trackpoint><Time>2025-08-17T21:39:57Z</Time><Position><LatitudeDegrees>-8.05531001</LatitudeDegrees><LongitudeDegrees>-34.95214098</LongitudeDegrees></Position><HeartRateBpm><Value>159</Value></HeartRateBpm><Cadence>30</Cadence><Extensions><ns3:TPX><ns3:Speed>1.440000057220459</ns3:Speed><ns3:Pace>0.69</ns3:Pace></ns3:TPX></Extensions></Trackpoint><Trackpoint><Time>2025-08-17T21:39:58Z</Time><Position><LatitudeDegrees>-8.05531267</LatitudeDegrees><LongitudeDegrees>-34.95212498</LongitudeDegrees></Position><HeartRateBpm><Value>159</Value></HeartRateBpm><Cadence>30</Cadence><Extensions><ns3:TPX><ns3:Speed>1.440000057220459</ns3:Speed><ns3:Pace>0.69</ns3:Pace></ns3:TPX></Extensions></Trackpoint><Trackpoint><Time>2025-08-17T21:39:59Z</Time><Position><LatitudeDegrees>-8.055316</LatitudeDegrees><LongitudeDegrees>-34.95211066</LongitudeDegrees></Position><HeartRateBpm><Value>159</Value></HeartRateBpm><Cadence>30</Cadence><Extensions><ns3:TPX><ns3:Speed>1.440000057220459</ns3:Speed><ns3:Pace>0.69</ns3:Pace></ns3:TPX></Extensions></Trackpoint><Trackpoint><Time>2025-08-17T21:40:00Z</Time><Position><LatitudeDegrees>-8.055319</LatitudeDegrees><LongitudeDegrees>-34.952096</LongitudeDegrees></Position><HeartRateBpm><Value>159</Value></HeartRateBpm><Cadence>30</Cadence><Extensions><ns3:TPX><ns3:Speed>1.440000057220459</ns3:Speed><ns3:Pace>0.69</ns3:Pace></ns3:TPX></Extensions></Trackpoint><Trackpoint><Time>2025-08-17T21:40:01Z</Time><Position><LatitudeDegrees>-8.05532099</LatitudeDegrees><LongitudeDegrees>-34.95207933</LongitudeDegrees></Position><HeartRateBpm><Value>159</Value></HeartRateBpm><Cadence>30</Cadence><Extensions><ns3:TPX><ns3:Speed>1.440000057220459</ns3:Speed><ns3:Pace>0.68</ns3:Pace></ns3:TPX></Extensions></Trackpoint><Trackpoint><Time>2025-08-17T21:40:02Z</Time><Position><LatitudeDegrees>-8.05532231</LatitudeDegrees><LongitudeDegrees>-34.95206067</LongitudeDegrees></Position><HeartRateBpm><Value>159</Value></HeartRateBpm><Cadence>30</Cadence><Extensions><ns3:TPX><ns3:Speed>1.4500000476837158</ns3:Speed><ns3:Pace>0.67</ns3:Pace></ns3:TPX></Extensions></Trackpoint><Trackpoint><Time>2025-08-17T21:40:03Z</Time><Position><LatitudeDegrees>-8.05532398</LatitudeDegrees><LongitudeDegrees>-34.95204234</LongitudeDegrees></Position><HeartRateBpm><Value>159</Value></HeartRateBpm><Cadence>30</Cadence><Extensions><ns3:TPX><ns3:Speed>1.4800000190734863</ns3:Speed><ns3:Pace>0.63</ns3:Pace></ns3:TPX></Extensions></Trackpoint><Trackpoint><Time>2025-08-17T21:40:04Z</Time><Position><LatitudeDegrees>-8.05532497</LatitudeDegrees><LongitudeDegrees>-34.95202334</LongitudeDegrees></Position><HeartRateBpm><Value>159</Value></HeartRateBpm><Cadence>30</Cadence><Extensions><ns3:TPX><ns3:Speed>1.5700000524520874</ns3:Speed><ns3:Pace>0.56</ns3:Pace></ns3:TPX></Extensions></Trackpoint><Trackpoint><Time>2025-08-17T21:40:05Z</Time><Position><LatitudeDegrees>-8.05532365</LatitudeDegrees><LongitudeDegrees>-34.95200535</LongitudeDegrees></Position><HeartRateBpm><Value>160</Value></HeartRateBpm><Cadence>30</Cadence><Extensions><ns3:TPX><ns3:Speed>1.7699999809265137</ns3:Speed><ns3:Pace>0.56</ns3:Pace></ns3:TPX></Extensions></Trackpoint><Trackpoint><Time>2025-08-17T21:40:06Z</Time><Position><LatitudeDegrees>-8.05532032</LatitudeDegrees><LongitudeDegrees>-34.95198869</LongitudeDegrees></Position><HeartRateBpm><Value>160</Value></HeartRateBpm><Cadence>30</Cadence><Extensions><ns3:TPX><ns3:Speed>1.7699999809265137</ns3:Speed><ns3:Pace>0.49</ns3:Pace></ns3:TPX></Extensions></Trackpoint><Trackpoint><Time>2025-08-17T21:40:07Z</Time><Position><LatitudeDegrees>-8.05531399</LatitudeDegrees><LongitudeDegrees>-34.95196969</LongitudeDegrees></Position><HeartRateBpm><Value>162</Value></HeartRateBpm><Cadence>30</Cadence><Extensions><ns3:TPX><ns3:Speed>2.0399999618530273</ns3:Speed><ns3:Pace>0.44</ns3:Pace></ns3:TPX></Extensions></Trackpoint><Trackpoint><Time>2025-08-17T21:40:08Z</Time><Position><LatitudeDegrees>-8.05530933</LatitudeDegrees><LongitudeDegrees>-34.95194836</LongitudeDegrees></Position><HeartRateBpm><Value>163</Value></HeartRateBpm><Cadence>30</Cadence><Extensions><ns3:TPX><ns3:Speed>2.2300000190734863</ns3:Speed><ns3:Pace>0.43</ns3:Pace></ns3:TPX></Extensions></Trackpoint><Trackpoint><Time>2025-08-17T21:40:09Z</Time><Position><LatitudeDegrees>-8.05530533</LatitudeDegrees><LongitudeDegrees>-34.95192503</LongitudeDegrees></Position><HeartRateBpm><Value>165</Value></HeartRateBpm><Cadence>30</Cadence><Extensions><ns3:TPX><ns3:Speed>2.2799999713897705</ns3:Speed><ns3:Pace>0.43</ns3:Pace></ns3:TPX></Extensions></Trackpoint><Trackpoint><Time>2025-08-17T21:40:10Z</Time><Position><LatitudeDegrees>-8.05529801</LatitudeDegrees><LongitudeDegrees>-34.95187704</LongitudeDegrees></Position><HeartRateBpm><Value>166</Value></HeartRateBpm><Cadence>30</Cadence><Extensions><ns3:TPX><ns3:Speed>2.3399999141693115</ns3:Speed><ns3:Pace>0.42</ns3:Pace></ns3:TPX></Extensions></Trackpoint><Trackpoint><Time>2025-08-17T21:40:11Z</Time><Position><LatitudeDegrees>-8.05529534</LatitudeDegrees><LongitudeDegrees>-34.95185272</LongitudeDegrees></Position><HeartRateBpm><Value>166</Value></HeartRateBpm><Cadence>30</Cadence><Extensions><ns3:TPX><ns3:Speed>2.3399999141693115</ns3:Speed><ns3:Pace>0.4</ns3:Pace></ns3:TPX></Extensions></Trackpoint><Trackpoint><Time>2025-08-17T21:40:12Z</Time><Position><LatitudeDegrees>-8.05529302</LatitudeDegrees><LongitudeDegrees>-34.95182738</LongitudeDegrees></Position><HeartRateBpm><Value>166</Value></HeartRateBpm><Cadence>88</Cadence><Extensions><ns3:TPX><ns3:Speed>2.4600000381469727</ns3:Speed><ns3:Pace>0.38</ns3:Pace></ns3:TPX></Extensions></Trackpoint><Trackpoint><Time>2025-08-17T21:40:13Z</Time><Position><LatitudeDegrees>-8.05529135</LatitudeDegrees><LongitudeDegrees>-34.95180238</LongitudeDegrees></Position><HeartRateBpm><Value>165</Value></HeartRateBpm><Cadence>89</Cadence><Extensions><ns3:TPX><ns3:Speed>2.5899999141693115</ns3:Speed><ns3:Pace>0.36</ns3:Pace></ns3:TPX></Extensions></Trackpoint><Trackpoint><Time>2025-08-17T21:40:14Z</Time><Position><LatitudeDegrees>-8.05529036</LatitudeDegrees><LongitudeDegrees>-34.95177738</LongitudeDegrees></Position><HeartRateBpm><Value>166</Value></HeartRateBpm><Cadence>89</Cadence><Extensions><ns3:TPX><ns3:Speed>2.7100000381469727</ns3:Speed><ns3:Pace>0.35</ns3:Pace></ns3:TPX></Extensions></Trackpoint><Trackpoint><Time>2025-08-17T21:40:15Z</Time><Position><LatitudeDegrees>-8.05528904</LatitudeDegrees><LongitudeDegrees>-34.95175272</LongitudeDegrees></Position><HeartRateBpm><Value>167</Value></HeartRateBpm><Cadence>89</Cadence><Extensions><ns3:TPX><ns3:Speed>2.7799999713897705</ns3:Speed><ns3:Pace>0.35</ns3:Pace></ns3:TPX></Extensions></Trackpoint><Trackpoint><Time>2025-08-17T21:40:16Z</Time><Position><LatitudeDegrees>-8.05528837</LatitudeDegrees><LongitudeDegrees>-34.95172805</LongitudeDegrees></Position><HeartRateBpm><Value>168</Value></HeartRateBpm><Cadence>90</Cadence><Extensions><ns3:TPX><ns3:Speed>2.799999952316284</ns3:Speed><ns3:Pace>0.35</ns3:Pace></ns3:TPX></Extensions></Trackpoint><Trackpoint><Time>2025-08-17T21:40:17Z</Time><Position><LatitudeDegrees>-8.05528772</LatitudeDegrees><LongitudeDegrees>-34.95170339</LongitudeDegrees></Position><HeartRateBpm><Value>168</Value></HeartRateBpm><Cadence>90</Cadence><Extensions><ns3:TPX><ns3:Speed>2.799999952316284</ns3:Speed><ns3:Pace>0.35</ns3:Pace></ns3:TPX></Extensions></Trackpoint><Trackpoint><Time>2025-08-17T21:40:18Z</Time><Position><LatitudeDegrees>-8.05528505</LatitudeDegrees><LongitudeDegrees>-34.95167806</LongitudeDegrees></Position><HeartRateBpm><Value>168</Value></HeartRateBpm><Cadence>89</Cadence><Extensions><ns3:TPX><ns3:Speed>2.799999952316284</ns3:Speed><ns3:Pace>0.35</ns3:Pace></ns3:TPX></Extensions></Trackpoint><Trackpoint><Time>2025-08-17T21:40:19Z</Time><Position><LatitudeDegrees>-8.05527972</LatitudeDegrees><LongitudeDegrees>-34.95165207</LongitudeDegrees></Position><HeartRateBpm><Value>168</Value></HeartRateBpm><Cadence>89</Cadence><Extensions><ns3:TPX><ns3:Speed>2.809999942779541</ns3:Speed><ns3:Pace>0.35</ns3:Pace></ns3:TPX></Extensions></Trackpoint><Trackpoint><Time>2025-08-17T21:40:20Z</Time><Position><LatitudeDegrees>-8.05527439</LatitudeDegrees><LongitudeDegrees>-34.95162541</LongitudeDegrees></Position><HeartRateBpm><Value>168</Value></HeartRateBpm><Cadence>89</Cadence><Extensions><ns3:TPX><ns3:Speed>2.8299999237060547</ns3:Speed><ns3:Pace>0.35</ns3:Pace></ns3:TPX></Extensions></Trackpoint><Trackpoint><Time>2025-08-17T21:40:21Z</Time><Position><LatitudeDegrees>-8.05527106</LatitudeDegrees><LongitudeDegrees>-34.95159942</LongitudeDegrees></Position><HeartRateBpm><Value>168</Value></HeartRateBpm><Cadence>89</Cadence><Extensions><ns3:TPX><ns3:Speed>2.8399999141693115</ns3:Speed><ns3:Pace>0.35</ns3:Pace></ns3:TPX></Extensions></Trackpoint><Trackpoint><Time>2025-08-17T21:40:22Z</Time><Position><LatitudeDegrees>-8.05527007</LatitudeDegrees><LongitudeDegrees>-34.95157476</LongitudeDegrees></Position><HeartRateBpm><Value>168</Value></HeartRateBpm><Cadence>89</Cadence><Extensions><ns3:TPX><ns3:Speed>2.8399999141693115</ns3:Speed><ns3:Pace>0.35</ns3:Pace></ns3:TPX></Extensions></Trackpoint><Trackpoint><Time>2025-08-17T21:40:23Z</Time><Position><LatitudeDegrees>-8.05527007</LatitudeDegrees><LongitudeDegrees>-34.95155009</LongitudeDegrees></Position><HeartRateBpm><Value>168</Value></HeartRateBpm><Cadence>89</Cadence><Extensions><ns3:TPX><ns3:Speed>2.8399999141693115</ns3:Speed><ns3:Pace>0.35</ns3:Pace></ns3:TPX></Extensions></Trackpoint><Trackpoint><Time>2025-08-17T21:40:24Z</Time><Position><LatitudeDegrees>-8.05527007</LatitudeDegrees><LongitudeDegrees>-34.95152576</LongitudeDegrees></Position><HeartRateBpm><Value>168</Value></HeartRateBpm><Cadence>89</Cadence><Extensions><ns3:TPX><ns3:Speed>2.8499999046325684</ns3:Speed><ns3:Pace>0.35</ns3:Pace></ns3:TPX></Extensions></Trackpoint><Trackpoint><Time>2025-08-17T21:40:25Z</Time><Position><LatitudeDegrees>-8.05527007</LatitudeDegrees><LongitudeDegrees>-34.95150076</LongitudeDegrees></Position><HeartRateBpm><Value>168</Value></HeartRateBpm><Cadence>89</Cadence><Extensions><ns3:TPX><ns3:Speed>2.8399999141693115</ns3:Speed><ns3:Pace>0.35</ns3:Pace></ns3:TPX></Extensions></Trackpoint><Trackpoint><Time>2025-08-17T21:40:26Z</Time><Position><LatitudeDegrees>-8.05527007</LatitudeDegrees><LongitudeDegrees>-34.95147577</LongitudeDegrees></Position><HeartRateBpm><Value>168</Value></HeartRateBpm><Cadence>89</Cadence><Extensions><ns3:TPX><ns3:Speed>2.8499999046325684</ns3:Speed><ns3:Pace>0.34</ns3:Pace></ns3:TPX></Extensions></Trackpoint><Trackpoint><Time>2025-08-17T21:40:27Z</Time><Position><LatitudeDegrees>-8.05527007</LatitudeDegrees><LongitudeDegrees>-34.95144943</LongitudeDegrees></Position><HeartRateBpm><Value>168</Value></HeartRateBpm><Cadence>89</Cadence><Extensions><ns3:TPX><ns3:Speed>2.859999895095825</ns3:Speed><ns3:Pace>0.34</ns3:Pace></ns3:TPX></Extensions></Trackpoint><Trackpoint><Time>2025-08-17T21:40:28Z</Time><Position><LatitudeDegrees>-8.05527007</LatitudeDegrees><LongitudeDegrees>-34.95142311</LongitudeDegrees></Position><HeartRateBpm><Value>167</Value></HeartRateBpm><Cadence>89</Cadence><Extensions><ns3:TPX><ns3:Speed>2.859999895095825</ns3:Speed><ns3:Pace>0.34</ns3:Pace></ns3:TPX></Extensions></Trackpoint><Trackpoint><Time>2025-08-17T21:40:29Z</Time><Position><LatitudeDegrees>-8.05527007</LatitudeDegrees><LongitudeDegrees>-34.95139779</LongitudeDegrees></Position><HeartRateBpm><Value>167</Value></HeartRateBpm><Cadence>89</Cadence><Extensions><ns3:TPX><ns3:Speed>2.859999895095825</ns3:Speed><ns3:Pace>0.35</ns3:Pace></ns3:TPX></Extensions></Trackpoint><Trackpoint><Time>2025-08-17T21:40:30Z</Time><Position><LatitudeDegrees>-8.0552694</LatitudeDegrees><LongitudeDegrees>-34.95137379</LongitudeDegrees></Position><HeartRateBpm><Value>167</Value></HeartRateBpm><Cadence>89</Cadence><Extensions><ns3:TPX><ns3:Speed>2.8499999046325684</ns3:Speed><ns3:Pace>0.35</ns3:Pace></ns3:TPX></Extensions></Trackpoint><Trackpoint><Time>2025-08-17T21:40:31Z</Time><Position><LatitudeDegrees>-8.0552674</LatitudeDegrees><LongitudeDegrees>-34.95134946</LongitudeDegrees></Position><HeartRateBpm><Value>167</Value></HeartRateBpm><Cadence>89</Cadence><Extensions><ns3:TPX><ns3:Speed>2.8299999237060547</ns3:Speed><ns3:Pace>0.35</ns3:Pace></ns3:TPX></Extensions></Trackpoint><Trackpoint><Time>2025-08-17T21:40:32Z</Time><Position><LatitudeDegrees>-8.05526375</LatitudeDegrees><LongitudeDegrees>-34.95132513</LongitudeDegrees></Position><HeartRateBpm><Value>167</Value></HeartRateBpm><Cadence>89</Cadence><Extensions><ns3:TPX><ns3:Speed>2.809999942779541</ns3:Speed><ns3:Pace>0.35</ns3:Pace></ns3:TPX></Extensions></Trackpoint><Trackpoint><Time>2025-08-17T21:40:33Z</Time><Position><LatitudeDegrees>-8.05526041</LatitudeDegrees><LongitudeDegrees>-34.9513008</LongitudeDegrees></Position><HeartRateBpm><Value>167</Value></HeartRateBpm><Cadence>90</Cadence><Extensions><ns3:TPX><ns3:Speed>2.799999952316284</ns3:Speed><ns3:Pace>0.35</ns3:Pace></ns3:TPX></Extensions></Trackpoint><Trackpoint><Time>2025-08-17T21:40:34Z</Time><Position><LatitudeDegrees>-8.05525841</LatitudeDegrees><LongitudeDegrees>-34.95127647</LongitudeDegrees></Position><HeartRateBpm><Value>166</Value></HeartRateBpm><Cadence>90</Cadence><Extensions><ns3:TPX><ns3:Speed>2.799999952316284</ns3:Speed><ns3:Pace>0.35</ns3:Pace></ns3:TPX></Extensions></Trackpoint><Trackpoint><Time>2025-08-17T21:40:35Z</Time><Position><LatitudeDegrees>-8.05525841</LatitudeDegrees><LongitudeDegrees>-34.95125115</LongitudeDegrees></Position><HeartRateBpm><Value>166</Value></HeartRateBpm><Cadence>90</Cadence><Extensions><ns3:TPX><ns3:Speed>2.799999952316284</ns3:Speed><ns3:Pace>0.35</ns3:Pace></ns3:TPX></Extensions></Trackpoint><Trackpoint><Time>2025-08-17T21:40:36Z</Time><Position><LatitudeDegrees>-8.05526074</LatitudeDegrees><LongitudeDegrees>-34.95122715</LongitudeDegrees></Position><HeartRateBpm><Value>165</Value></HeartRateBpm><Cadence>90</Cadence><Extensions><ns3:TPX><ns3:Speed>2.799999952316284</ns3:Speed><ns3:Pace>0.35</ns3:Pace></ns3:TPX></Extensions></Trackpoint><Trackpoint><Time>2025-08-17T21:40:37Z</Time><Position><LatitudeDegrees>-8.05526474</LatitudeDegrees><LongitudeDegrees>-34.95120383</LongitudeDegrees></Position><HeartRateBpm><Value>165</Value></HeartRateBpm><Cadence>89</Cadence><Extensions><ns3:TPX><ns3:Speed>2.7899999618530273</ns3:Speed><ns3:Pace>0.36</ns3:Pace></ns3:TPX></Extensions></Trackpoint><Trackpoint><Time>2025-08-17T21:40:38Z</Time><Position><LatitudeDegrees>-8.05526874</LatitudeDegrees><LongitudeDegrees>-34.95117983</LongitudeDegrees></Position><HeartRateBpm><Value>166</Value></HeartRateBpm><Cadence>89</Cadence><Extensions><ns3:TPX><ns3:Speed>2.7699999809265137</ns3:Speed><ns3:Pace>0.35</ns3:Pace></ns3:TPX></Extensions></Trackpoint><Trackpoint><Time>2025-08-17T21:40:39Z</Time><Position><LatitudeDegrees>-8.0552734</LatitudeDegrees><LongitudeDegrees>-34.95115684</LongitudeDegrees></Position><HeartRateBpm><Value>166</Value></HeartRateBpm><Cadence>89</Cadence><Extensions><ns3:TPX><ns3:Speed>2.7799999713897705</ns3:Speed><ns3:Pace>0.35</ns3:Pace></ns3:TPX></Extensions></Trackpoint><Trackpoint><Time>2025-08-17T21:40:40Z</Time><Position><LatitudeDegrees>-8.05527673</LatitudeDegrees><LongitudeDegrees>-34.95113418</LongitudeDegrees></Position><HeartRateBpm><Value>166</Value></HeartRateBpm><Cadence>89</Cadence><Extensions><ns3:TPX><ns3:Speed>2.7799999713897705</ns3:Speed><ns3:Pace>0.35</ns3:Pace></ns3:TPX></Extensions></Trackpoint><Trackpoint><Time>2025-08-17T21:40:41Z</Time><Position><LatitudeDegrees>-8.05527839</LatitudeDegrees><LongitudeDegrees>-34.95110951</LongitudeDegrees></Position><HeartRateBpm><Value>166</Value></HeartRateBpm><Cadence>89</Cadence><Extensions><ns3:TPX><ns3:Speed>2.7799999713897705</ns3:Speed><ns3:Pace>0.35</ns3:Pace></ns3:TPX></Extensions></Trackpoint><Trackpoint><Time>2025-08-17T21:40:42Z</Time><Position><LatitudeDegrees>-8.05527839</LatitudeDegrees><LongitudeDegrees>-34.95108452</LongitudeDegrees></Position><HeartRateBpm><Value>166</Value></HeartRateBpm><Cadence>89</Cadence><Extensions><ns3:TPX><ns3:Speed>2.7799999713897705</ns3:Speed><ns3:Pace>0.35</ns3:Pace></ns3:TPX></Extensions></Trackpoint><Trackpoint><Time>2025-08-17T21:40:43Z</Time><Position><LatitudeDegrees>-8.05527774</LatitudeDegrees><LongitudeDegrees>-34.95105852</LongitudeDegrees></Position><HeartRateBpm><Value>166</Value></HeartRateBpm><Cadence>89</Cadence><Extensions><ns3:TPX><ns3:Speed>2.7799999713897705</ns3:Speed><ns3:Pace>0.35</ns3:Pace></ns3:TPX></Extensions></Trackpoint><Trackpoint><Time>2025-08-17T21:40:44Z</Time><Position><LatitudeDegrees>-8.05527839</LatitudeDegrees><LongitudeDegrees>-34.9510322</LongitudeDegrees></Position><HeartRateBpm><Value>165</Value></HeartRateBpm><Cadence>90</Cadence><Extensions><ns3:TPX><ns3:Speed>2.7799999713897705</ns3:Speed><ns3:Pace>0.35</ns3:Pace></ns3:TPX></Extensions></Trackpoint><Trackpoint><Time>2025-08-17T21:40:45Z</Time><Position><LatitudeDegrees>-8.05528005</LatitudeDegrees><LongitudeDegrees>-34.95100487</LongitudeDegrees></Position><HeartRateBpm><Value>164</Value></HeartRateBpm><Cadence>90</Cadence><Extensions><ns3:TPX><ns3:Speed>2.7799999713897705</ns3:Speed><ns3:Pace>0.35</ns3:Pace></ns3:TPX></Extensions></Trackpoint><Trackpoint><Time>2025-08-17T21:40:46Z</Time><Position><LatitudeDegrees>-8.05528371</LatitudeDegrees><LongitudeDegrees>-34.95097687</LongitudeDegrees></Position><HeartRateBpm><Value>164</Value></HeartRateBpm><Cadence>90</Cadence><Extensions><ns3:TPX><ns3:Speed>2.7899999618530273</ns3:Speed><ns3:Pace>0.35</ns3:Pace></ns3:TPX></Extensions></Trackpoint><Trackpoint><Time>2025-08-17T21:40:47Z</Time><Position><LatitudeDegrees>-8.05529671</LatitudeDegrees><LongitudeDegrees>-34.9509492</LongitudeDegrees></Position><HeartRateBpm><Value>164</Value></HeartRateBpm><Cadence>90</Cadence><Extensions><ns3:TPX><ns3:Speed>2.7899999618530273</ns3:Speed><ns3:Pace>0.35</ns3:Pace></ns3:TPX></Extensions></Trackpoint><Trackpoint><Time>2025-08-17T21:40:48Z</Time><Position><LatitudeDegrees>-8.05531136</LatitudeDegrees><LongitudeDegrees>-34.95092321</LongitudeDegrees></Position><HeartRateBpm><Value>164</Value></HeartRateBpm><Cadence>90</Cadence><Extensions><ns3:TPX><ns3:Speed>2.7899999618530273</ns3:Speed><ns3:Pace>0.35</ns3:Pace></ns3:TPX></Extensions></Trackpoint><Trackpoint><Time>2025-08-17T21:40:49Z</Time><Position><LatitudeDegrees>-8.05532335</LatitudeDegrees><LongitudeDegrees>-34.95089622</LongitudeDegrees></Position><HeartRateBpm><Value>164</Value></HeartRateBpm><Cadence>90</Cadence><Extensions><ns3:TPX><ns3:Speed>2.799999952316284</ns3:Speed><ns3:Pace>0.35</ns3:Pace></ns3:TPX></Extensions></Trackpoint><Trackpoint><Time>2025-08-17T21:40:50Z</Time><Position><LatitudeDegrees>-8.05533334</LatitudeDegrees><LongitudeDegrees>-34.95086822</LongitudeDegrees></Position><HeartRateBpm><Value>165</Value></HeartRateBpm><Cadence>90</Cadence><Extensions><ns3:TPX><ns3:Speed>2.809999942779541</ns3:Speed><ns3:Pace>0.35</ns3:Pace></ns3:TPX></Extensions></Trackpoint><Trackpoint><Time>2025-08-17T21:40:51Z</Time><Position><LatitudeDegrees>-8.05534133</LatitudeDegrees><LongitudeDegrees>-34.95083956</LongitudeDegrees></Position><HeartRateBpm><Value>166</Value></HeartRateBpm><Cadence>89</Cadence><Extensions><ns3:TPX><ns3:Speed>2.8299999237060547</ns3:Speed><ns3:Pace>0.35</ns3:Pace></ns3:TPX></Extensions></Trackpoint><Trackpoint><Time>2025-08-17T21:40:52Z</Time><Position><LatitudeDegrees>-8.05534867</LatitudeDegrees><LongitudeDegrees>-34.95081023</LongitudeDegrees></Position><HeartRateBpm><Value>166</Value></HeartRateBpm><Cadence>89</Cadence><Extensions><ns3:TPX><ns3:Speed>2.8399999141693115</ns3:Speed><ns3:Pace>0.35</ns3:Pace></ns3:TPX></Extensions></Trackpoint><Trackpoint><Time>2025-08-17T21:40:53Z</Time><Position><LatitudeDegrees>-8.05535666</LatitudeDegrees><LongitudeDegrees>-34.95078091</LongitudeDegrees></Position><HeartRateBpm><Value>166</Value></HeartRateBpm><Cadence>89</Cadence><Extensions><ns3:TPX><ns3:Speed>2.8399999141693115</ns3:Speed><ns3:Pace>0.34</ns3:Pace></ns3:TPX></Extensions></Trackpoint><Trackpoint><Time>2025-08-17T21:40:54Z</Time><Position><LatitudeDegrees>-8.05536431</LatitudeDegrees><LongitudeDegrees>-34.95075257</LongitudeDegrees></Position><HeartRateBpm><Value>166</Value></HeartRateBpm><Cadence>89</Cadence><Extensions><ns3:TPX><ns3:Speed>2.859999895095825</ns3:Speed><ns3:Pace>0.34</ns3:Pace></ns3:TPX></Extensions></Trackpoint><Trackpoint><Time>2025-08-17T21:40:55Z</Time><Position><LatitudeDegrees>-8.05537198</LatitudeDegrees><LongitudeDegrees>-34.95072524</LongitudeDegrees></Position><HeartRateBpm><Value>166</Value></HeartRateBpm><Cadence>89</Cadence><Extensions><ns3:TPX><ns3:Speed>2.880000114440918</ns3:Speed><ns3:Pace>0.34</ns3:Pace></ns3:TPX></Extensions></Trackpoint><Trackpoint><Time>2025-08-17T21:40:56Z</Time><Position><LatitudeDegrees>-8.05537965</LatitudeDegrees><LongitudeDegrees>-34.95069824</LongitudeDegrees></Position><HeartRateBpm><Value>166</Value></HeartRateBpm><Cadence>89</Cadence><Extensions><ns3:TPX><ns3:Speed>2.890000104904175</ns3:Speed><ns3:Pace>0.34</ns3:Pace></ns3:TPX></Extensions></Trackpoint><Trackpoint><Time>2025-08-17T21:40:57Z</Time><Position><LatitudeDegrees>-8.0553863</LatitudeDegrees><LongitudeDegrees>-34.95067057</LongitudeDegrees></Position><HeartRateBpm><Value>168</Value></HeartRateBpm><Cadence>88</Cadence><Extensions><ns3:TPX><ns3:Speed>2.9000000953674316</ns3:Speed><ns3:Pace>0.34</ns3:Pace></ns3:TPX></Extensions></Trackpoint><Trackpoint><Time>2025-08-17T21:40:58Z</Time><Position><LatitudeDegrees>-8.05539164</LatitudeDegrees><LongitudeDegrees>-34.95064358</LongitudeDegrees></Position><HeartRateBpm><Value>170</Value></HeartRateBpm><Cadence>88</Cadence><Extensions><ns3:TPX><ns3:Speed>2.9100000858306885</ns3:Speed><ns3:Pace>0.34</ns3:Pace></ns3:TPX></Extensions></Trackpoint><Trackpoint><Time>2025-08-17T21:40:59Z</Time><Position><LatitudeDegrees>-8.05539596</LatitudeDegrees><LongitudeDegrees>-34.95061759</LongitudeDegrees></Position><HeartRateBpm><Value>170</Value></HeartRateBpm><Cadence>88</Cadence><Extensions><ns3:TPX><ns3:Speed>2.9100000858306885</ns3:Speed><ns3:Pace>0.34</ns3:Pace></ns3:TPX></Extensions></Trackpoint><Trackpoint><Time>2025-08-17T21:41:00Z</Time><Position><LatitudeDegrees>-8.05539895</LatitudeDegrees><LongitudeDegrees>-34.95059126</LongitudeDegrees></Position><HeartRateBpm><Value>171</Value></HeartRateBpm><Cadence>89</Cadence><Extensions><ns3:TPX><ns3:Speed>2.9200000762939453</ns3:Speed><ns3:Pace>0.34</ns3:Pace></ns3:TPX></Extensions></Trackpoint><Trackpoint><Time>2025-08-17T21:41:01Z</Time><Position><LatitudeDegrees>-8.05540128</LatitudeDegrees><LongitudeDegrees>-34.95056494</LongitudeDegrees></Position><HeartRateBpm><Value>172</Value></HeartRateBpm><Cadence>89</Cadence><Extensions><ns3:TPX><ns3:Speed>2.9200000762939453</ns3:Speed><ns3:Pace>0.34</ns3:Pace></ns3:TPX></Extensions></Trackpoint><Trackpoint><Time>2025-08-17T21:41:02Z</Time><Position><LatitudeDegrees>-8.05540361</LatitudeDegrees><LongitudeDegrees>-34.9505396</LongitudeDegrees></Position><HeartRateBpm><Value>172</Value></HeartRateBpm><Cadence>90</Cadence><Extensions><ns3:TPX><ns3:Speed>2.930000066757202</ns3:Speed><ns3:Pace>0.34</ns3:Pace></ns3:TPX></Extensions></Trackpoint><Trackpoint><Time>2025-08-17T21:41:03Z</Time><Position><LatitudeDegrees>-8.05540626</LatitudeDegrees><LongitudeDegrees>-34.9505156</LongitudeDegrees></Position><HeartRateBpm><Value>169</Value></HeartRateBpm><Cadence>90</Cadence><Extensions><ns3:TPX><ns3:Speed>2.930000066757202</ns3:Speed><ns3:Pace>0.34</ns3:Pace></ns3:TPX></Extensions></Trackpoint><Trackpoint><Time>2025-08-17T21:41:04Z</Time><Position><LatitudeDegrees>-8.05540792</LatitudeDegrees><LongitudeDegrees>-34.95049228</LongitudeDegrees></Position><HeartRateBpm><Value>168</Value></HeartRateBpm><Cadence>89</Cadence><Extensions><ns3:TPX><ns3:Speed>2.930000066757202</ns3:Speed><ns3:Pace>0.34</ns3:Pace></ns3:TPX></Extensions></Trackpoint><Trackpoint><Time>2025-08-17T21:41:05Z</Time><Position><LatitudeDegrees>-8.05540792</LatitudeDegrees><LongitudeDegrees>-34.95046995</LongitudeDegrees></Position><HeartRateBpm><Value>168</Value></HeartRateBpm><Cadence>89</Cadence><Extensions><ns3:TPX><ns3:Speed>2.930000066757202</ns3:Speed><ns3:Pace>0.34</ns3:Pace></ns3:TPX></Extensions></Trackpoint><Trackpoint><Time>2025-08-17T21:41:06Z</Time><Position><LatitudeDegrees>-8.05540792</LatitudeDegrees><LongitudeDegrees>-34.95044596</LongitudeDegrees></Position><HeartRateBpm><Value>168</Value></HeartRateBpm><Cadence>90</Cadence><Extensions><ns3:TPX><ns3:Speed>2.930000066757202</ns3:Speed><ns3:Pace>0.34</ns3:Pace></ns3:TPX></Extensions></Trackpoint><Trackpoint><Time>2025-08-17T21:41:07Z</Time><Position><LatitudeDegrees>-8.05540626</LatitudeDegrees><LongitudeDegrees>-34.95042029</LongitudeDegrees></Position><HeartRateBpm><Value>168</Value></HeartRateBpm><Cadence>89</Cadence><Extensions><ns3:TPX><ns3:Speed>2.930000066757202</ns3:Speed><ns3:Pace>0.34</ns3:Pace></ns3:TPX></Extensions></Trackpoint><Trackpoint><Time>2025-08-17T21:41:08Z</Time><Position><LatitudeDegrees>-8.05540426</LatitudeDegrees><LongitudeDegrees>-34.95039497</LongitudeDegrees></Position><HeartRateBpm><Value>168</Value></HeartRateBpm><Cadence>90</Cadence><Extensions><ns3:TPX><ns3:Speed>2.9200000762939453</ns3:Speed><ns3:Pace>0.34</ns3:Pace></ns3:TPX></Extensions></Trackpoint><Trackpoint><Time>2025-08-17T21:41:09Z</Time><Position><LatitudeDegrees>-8.0554006</LatitudeDegrees><LongitudeDegrees>-34.95036964</LongitudeDegrees></Position><HeartRateBpm><Value>166</Value></HeartRateBpm><Cadence>89</Cadence><Extensions><ns3:TPX><ns3:Speed>2.9200000762939453</ns3:Speed><ns3:Pace>0.34</ns3:Pace></ns3:TPX></Extensions></Trackpoint><Trackpoint><Time>2025-08-17T21:41:10Z</Time><Position><LatitudeDegrees>-8.05539661</LatitudeDegrees><LongitudeDegrees>-34.95034598</LongitudeDegrees></Position><HeartRateBpm><Value>166</Value></HeartRateBpm><Cadence>89</Cadence><Extensions><ns3:TPX><ns3:Speed>2.9100000858306885</ns3:Speed><ns3:Pace>0.34</ns3:Pace></ns3:TPX></Extensions></Trackpoint><Trackpoint><Time>2025-08-17T21:41:11Z</Time><Position><LatitudeDegrees>-8.05539162</LatitudeDegrees><LongitudeDegrees>-34.95032265</LongitudeDegrees></Position><HeartRateBpm><Value>166</Value></HeartRateBpm><Cadence>89</Cadence><Extensions><ns3:TPX><ns3:Speed>2.9100000858306885</ns3:Speed><ns3:Pace>0.34</ns3:Pace></ns3:TPX></Extensions></Trackpoint><Trackpoint><Time>2025-08-17T21:41:12Z</Time><Position><LatitudeDegrees>-8.05538595</LatitudeDegrees><LongitudeDegrees>-34.95029966</LongitudeDegrees></Position><HeartRateBpm><Value>166</Value></HeartRateBpm><Cadence>90</Cadence><Extensions><ns3:TPX><ns3:Speed>2.9000000953674316</ns3:Speed><ns3:Pace>0.34</ns3:Pace></ns3:TPX></Extensions></Trackpoint><Trackpoint><Time>2025-08-17T21:41:13Z</Time><Position><LatitudeDegrees>-8.05537963</LatitudeDegrees><LongitudeDegrees>-34.95027666</LongitudeDegrees></Position><HeartRateBpm><Value>167</Value></HeartRateBpm><Cadence>90</Cadence><Extensions><ns3:TPX><ns3:Speed>2.890000104904175</ns3:Speed><ns3:Pace>0.34</ns3:Pace></ns3:TPX></Extensions></Trackpoint><Trackpoint><Time>2025-08-17T21:41:14Z</Time><Position><LatitudeDegrees>-8.05537329</LatitudeDegrees><LongitudeDegrees>-34.95025401</LongitudeDegrees></Position><HeartRateBpm><Value>167</Value></HeartRateBpm><Cadence>90</Cadence><Extensions><ns3:TPX><ns3:Speed>2.890000104904175</ns3:Speed><ns3:Pace>0.34</ns3:Pace></ns3:TPX></Extensions></Trackpoint><Trackpoint><Time>2025-08-17T21:41:15Z</Time><Position><LatitudeDegrees>-8.05536564</LatitudeDegrees><LongitudeDegrees>-34.95023135</LongitudeDegrees></Position><HeartRateBpm><Value>167</Value></HeartRateBpm><Cadence>90</Cadence><Extensions><ns3:TPX><ns3:Speed>2.880000114440918</ns3:Speed><ns3:Pace>0.34</ns3:Pace></ns3:TPX></Extensions></Trackpoint><Trackpoint><Time>2025-08-17T21:41:16Z</Time><Position><LatitudeDegrees>-8.05535764</LatitudeDegrees><LongitudeDegrees>-34.95020902</LongitudeDegrees></Position><HeartRateBpm><Value>167</Value></HeartRateBpm><Cadence>90</Cadence><Extensions><ns3:TPX><ns3:Speed>2.880000114440918</ns3:Speed><ns3:Pace>0.34</ns3:Pace></ns3:TPX></Extensions></Trackpoint><Trackpoint><Time>2025-08-17T21:41:17Z</Time><Position><LatitudeDegrees>-8.05534965</LatitudeDegrees><LongitudeDegrees>-34.95018736</LongitudeDegrees></Position><HeartRateBpm><Value>167</Value></HeartRateBpm><Cadence>90</Cadence><Extensions><ns3:TPX><ns3:Speed>2.880000114440918</ns3:Speed><ns3:Pace>0.34</ns3:Pace></ns3:TPX></Extensions></Trackpoint><Trackpoint><Time>2025-08-17T21:41:18Z</Time><Position><LatitudeDegrees>-8.05534198</LatitudeDegrees><LongitudeDegrees>-34.95016603</LongitudeDegrees></Position><HeartRateBpm><Value>167</Value></HeartRateBpm><Cadence>90</Cadence><Extensions><ns3:TPX><ns3:Speed>2.869999885559082</ns3:Speed><ns3:Pace>0.34</ns3:Pace></ns3:TPX></Extensions></Trackpoint><Trackpoint><Time>2025-08-17T21:41:19Z</Time><Position><LatitudeDegrees>-8.05533432</LatitudeDegrees><LongitudeDegrees>-34.95014537</LongitudeDegrees></Position><HeartRateBpm><Value>166</Value></HeartRateBpm><Cadence>90</Cadence><Extensions><ns3:TPX><ns3:Speed>2.859999895095825</ns3:Speed><ns3:Pace>0.35</ns3:Pace></ns3:TPX></Extensions></Trackpoint><Trackpoint><Time>2025-08-17T21:41:20Z</Time><Position><LatitudeDegrees>-8.05532632</LatitudeDegrees><LongitudeDegrees>-34.95012437</LongitudeDegrees></Position><HeartRateBpm><Value>166</Value></HeartRateBpm><Cadence>90</Cadence><Extensions><ns3:TPX><ns3:Speed>2.8499999046325684</ns3:Speed><ns3:Pace>0.35</ns3:Pace></ns3:TPX></Extensions></Trackpoint><Trackpoint><Time>2025-08-17T21:41:21Z</Time><Position><LatitudeDegrees>-8.05531932</LatitudeDegrees><LongitudeDegrees>-34.95010371</LongitudeDegrees></Position><HeartRateBpm><Value>166</Value></HeartRateBpm><Cadence>90</Cadence><Extensions><ns3:TPX><ns3:Speed>2.8399999141693115</ns3:Speed><ns3:Pace>0.35</ns3:Pace></ns3:TPX></Extensions></Trackpoint><Trackpoint><Time>2025-08-17T21:41:22Z</Time><Position><LatitudeDegrees>-8.055313</LatitudeDegrees><LongitudeDegrees>-34.95008106</LongitudeDegrees></Position><HeartRateBpm><Value>167</Value></HeartRateBpm><Cadence>90</Cadence><Extensions><ns3:TPX><ns3:Speed>2.8399999141693115</ns3:Speed><ns3:Pace>0.35</ns3:Pace></ns3:TPX></Extensions></Trackpoint><Trackpoint><Time>2025-08-17T21:41:23Z</Time><Position><LatitudeDegrees>-8.05530701</LatitudeDegrees><LongitudeDegrees>-34.95005872</LongitudeDegrees></Position><HeartRateBpm><Value>167</Value></HeartRateBpm><Cadence>90</Cadence><Extensions><ns3:TPX><ns3:Speed>2.8299999237060547</ns3:Speed><ns3:Pace>0.35</ns3:Pace></ns3:TPX></Extensions></Trackpoint><Trackpoint><Time>2025-08-17T21:41:24Z</Time><Position><LatitudeDegrees>-8.05530034</LatitudeDegrees><LongitudeDegrees>-34.95003706</LongitudeDegrees></Position><HeartRateBpm><Value>167</Value></HeartRateBpm><Cadence>90</Cadence><Extensions><ns3:TPX><ns3:Speed>2.8299999237060547</ns3:Speed><ns3:Pace>0.35</ns3:Pace></ns3:TPX></Extensions></Trackpoint><Trackpoint><Time>2025-08-17T21:41:25Z</Time><Position><LatitudeDegrees>-8.05529201</LatitudeDegrees><LongitudeDegrees>-34.9500184</LongitudeDegrees></Position><HeartRateBpm><Value>167</Value></HeartRateBpm><Cadence>90</Cadence><Extensions><ns3:TPX><ns3:Speed>2.819999933242798</ns3:Speed><ns3:Pace>0.35</ns3:Pace></ns3:TPX></Extensions></Trackpoint><Trackpoint><Time>2025-08-17T21:41:26Z</Time><Position><LatitudeDegrees>-8.05528102</LatitudeDegrees><LongitudeDegrees>-34.9500024</LongitudeDegrees></Position><HeartRateBpm><Value>167</Value></HeartRateBpm><Cadence>90</Cadence><Extensions><ns3:TPX><ns3:Speed>2.809999942779541</ns3:Speed><ns3:Pace>0.35</ns3:Pace></ns3:TPX></Extensions></Trackpoint><Trackpoint><Time>2025-08-17T21:41:27Z</Time><Position><LatitudeDegrees>-8.05526635</LatitudeDegrees><LongitudeDegrees>-34.94999274</LongitudeDegrees></Position><HeartRateBpm><Value>168</Value></HeartRateBpm><Cadence>89</Cadence><Extensions><ns3:TPX><ns3:Speed>2.799999952316284</ns3:Speed><ns3:Pace>0.35</ns3:Pace></ns3:TPX></Extensions></Trackpoint><Trackpoint><Time>2025-08-17T21:41:28Z</Time><Position><LatitudeDegrees>-8.05524835</LatitudeDegrees><LongitudeDegrees>-34.94998741</LongitudeDegrees></Position><HeartRateBpm><Value>168</Value></HeartRateBpm><Cadence>89</Cadence><Extensions><ns3:TPX><ns3:Speed>2.799999952316284</ns3:Speed><ns3:Pace>0.35</ns3:Pace></ns3:TPX></Extensions></Trackpoint><Trackpoint><Time>2025-08-17T21:41:29Z</Time><Position><LatitudeDegrees>-8.05522903</LatitudeDegrees><LongitudeDegrees>-34.94998308</LongitudeDegrees></Position><HeartRateBpm><Value>169</Value></HeartRateBpm><Cadence>89</Cadence><Extensions><ns3:TPX><ns3:Speed>2.7899999618530273</ns3:Speed><ns3:Pace>0.35</ns3:Pace></ns3:TPX></Extensions></Trackpoint><Trackpoint><Time>2025-08-17T21:41:30Z</Time><Position><LatitudeDegrees>-8.0552097</LatitudeDegrees><LongitudeDegrees>-34.94997808</LongitudeDegrees></Position><HeartRateBpm><Value>169</Value></HeartRateBpm><Cadence>89</Cadence><Extensions><ns3:TPX><ns3:Speed>2.7899999618530273</ns3:Speed><ns3:Pace>0.36</ns3:Pace></ns3:TPX></Extensions></Trackpoint><Trackpoint><Time>2025-08-17T21:41:31Z</Time><Position><LatitudeDegrees>-8.05518904</LatitudeDegrees><LongitudeDegrees>-34.94997209</LongitudeDegrees></Position><HeartRateBpm><Value>170</Value></HeartRateBpm><Cadence>89</Cadence><Extensions><ns3:TPX><ns3:Speed>2.7699999809265137</ns3:Speed><ns3:Pace>0.36</ns3:Pace></ns3:TPX></Extensions></Trackpoint><Trackpoint><Time>2025-08-17T21:41:32Z</Time><Position><LatitudeDegrees>-8.05516904</LatitudeDegrees><LongitudeDegrees>-34.94996409</LongitudeDegrees></Position><HeartRateBpm><Value>170</Value></HeartRateBpm><Cadence>90</Cadence><Extensions><ns3:TPX><ns3:Speed>2.7699999809265137</ns3:Speed><ns3:Pace>0.36</ns3:Pace></ns3:TPX></Extensions></Trackpoint><Trackpoint><Time>2025-08-17T21:41:33Z</Time><Position><LatitudeDegrees>-8.05515038</LatitudeDegrees><LongitudeDegrees>-34.94995543</LongitudeDegrees></Position><HeartRateBpm><Value>172</Value></HeartRateBpm><Cadence>90</Cadence><Extensions><ns3:TPX><ns3:Speed>2.75</ns3:Speed><ns3:Pace>0.36</ns3:Pace></ns3:TPX></Extensions></Trackpoint><Trackpoint><Time>2025-08-17T21:41:34Z</Time><Position><LatitudeDegrees>-8.05513105</LatitudeDegrees><LongitudeDegrees>-34.94994811</LongitudeDegrees></Position><HeartRateBpm><Value>172</Value></HeartRateBpm><Cadence>90</Cadence><Extensions><ns3:TPX><ns3:Speed>2.740000009536743</ns3:Speed><ns3:Pace>0.36</ns3:Pace></ns3:TPX></Extensions></Trackpoint><Trackpoint><Time>2025-08-17T21:41:35Z</Time><Position><LatitudeDegrees>-8.05511039</LatitudeDegrees><LongitudeDegrees>-34.94993945</LongitudeDegrees></Position><HeartRateBpm><Value>171</Value></HeartRateBpm><Cadence>90</Cadence><Extensions><ns3:TPX><ns3:Speed>2.7300000190734863</ns3:Speed><ns3:Pace>0.36</ns3:Pace></ns3:TPX></Extensions></Trackpoint><Trackpoint><Time>2025-08-17T21:41:36Z</Time><Position><LatitudeDegrees>-8.05508939</LatitudeDegrees><LongitudeDegrees>-34.94993012</LongitudeDegrees></Position><HeartRateBpm><Value>171</Value></HeartRateBpm><Cadence>90</Cadence><Extensions><ns3:TPX><ns3:Speed>2.7300000190734863</ns3:Speed><ns3:Pace>0.36</ns3:Pace></ns3:TPX></Extensions></Trackpoint><Trackpoint><Time>2025-08-17T21:41:37Z</Time><Position><LatitudeDegrees>-8.05506774</LatitudeDegrees><LongitudeDegrees>-34.94992178</LongitudeDegrees></Position><HeartRateBpm><Value>170</Value></HeartRateBpm><Cadence>89</Cadence><Extensions><ns3:TPX><ns3:Speed>2.7200000286102295</ns3:Speed><ns3:Pace>0.36</ns3:Pace></ns3:TPX></Extensions></Trackpoint><Trackpoint><Time>2025-08-17T21:41:38Z</Time><Position><LatitudeDegrees>-8.05504541</LatitudeDegrees><LongitudeDegrees>-34.94991446</LongitudeDegrees></Position><HeartRateBpm><Value>170</Value></HeartRateBpm><Cadence>88</Cadence><Extensions><ns3:TPX><ns3:Speed>2.7100000381469727</ns3:Speed><ns3:Pace>0.36</ns3:Pace></ns3:TPX></Extensions></Trackpoint><Trackpoint><Time>2025-08-17T21:41:39Z</Time><Position><LatitudeDegrees>-8.05502241</LatitudeDegrees><LongitudeDegrees>-34.94990746</LongitudeDegrees></Position><HeartRateBpm><Value>170</Value></HeartRateBpm><Cadence>88</Cadence><Extensions><ns3:TPX><ns3:Speed>2.7100000381469727</ns3:Speed><ns3:Pace>0.36</ns3:Pace></ns3:TPX></Extensions></Trackpoint><Trackpoint><Time>2025-08-17T21:41:40Z</Time><Position><LatitudeDegrees>-8.05500008</LatitudeDegrees><LongitudeDegrees>-34.94990114</LongitudeDegrees></Position><HeartRateBpm><Value>169</Value></HeartRateBpm><Cadence>89</Cadence><Extensions><ns3:TPX><ns3:Speed>2.7100000381469727</ns3:Speed><ns3:Pace>0.37</ns3:Pace></ns3:TPX></Extensions></Trackpoint><Trackpoint><Time>2025-08-17T21:41:41Z</Time><Position><LatitudeDegrees>-8.05497708</LatitudeDegrees><LongitudeDegrees>-34.9498928</LongitudeDegrees></Position><HeartRateBpm><Value>168</Value></HeartRateBpm><Cadence>89</Cadence><Extensions><ns3:TPX><ns3:Speed>2.700000047683716</ns3:Speed><ns3:Pace>0.37</ns3:Pace></ns3:TPX></Extensions></Trackpoint><Trackpoint><Time>2025-08-17T21:41:42Z</Time><Position><LatitudeDegrees>-8.05495242</LatitudeDegrees><LongitudeDegrees>-34.94988381</LongitudeDegrees></Position><HeartRateBpm><Value>168</Value></HeartRateBpm><Cadence>89</Cadence><Extensions><ns3:TPX><ns3:Speed>2.700000047683716</ns3:Speed><ns3:Pace>0.37</ns3:Pace></ns3:TPX></Extensions></Trackpoint><Trackpoint><Time>2025-08-17T21:41:43Z</Time><Position><LatitudeDegrees>-8.05492909</LatitudeDegrees><LongitudeDegrees>-34.94987415</LongitudeDegrees></Position><HeartRateBpm><Value>167</Value></HeartRateBpm><Cadence>90</Cadence><Extensions><ns3:TPX><ns3:Speed>2.700000047683716</ns3:Speed><ns3:Pace>0.37</ns3:Pace></ns3:TPX></Extensions></Trackpoint><Trackpoint><Time>2025-08-17T21:41:44Z</Time><Position><LatitudeDegrees>-8.05490643</LatitudeDegrees><LongitudeDegrees>-34.94986449</LongitudeDegrees></Position><HeartRateBpm><Value>167</Value></HeartRateBpm><Cadence>90</Cadence><Extensions><ns3:TPX><ns3:Speed>2.700000047683716</ns3:Speed><ns3:Pace>0.37</ns3:Pace></ns3:TPX></Extensions></Trackpoint><Trackpoint><Time>2025-08-17T21:41:45Z</Time><Position><LatitudeDegrees>-8.05488511</LatitudeDegrees><LongitudeDegrees>-34.94985317</LongitudeDegrees></Position><HeartRateBpm><Value>167</Value></HeartRateBpm><Cadence>90</Cadence><Extensions><ns3:TPX><ns3:Speed>2.700000047683716</ns3:Speed><ns3:Pace>0.37</ns3:Pace></ns3:TPX></Extensions></Trackpoint><Trackpoint><Time>2025-08-17T21:41:46Z</Time><Position><LatitudeDegrees>-8.05486711</LatitudeDegrees><LongitudeDegrees>-34.94984118</LongitudeDegrees></Position><HeartRateBpm><Value>168</Value></HeartRateBpm><Cadence>89</Cadence><Extensions><ns3:TPX><ns3:Speed>2.700000047683716</ns3:Speed><ns3:Pace>0.37</ns3:Pace></ns3:TPX></Extensions></Trackpoint><Trackpoint><Time>2025-08-17T21:41:47Z</Time><Position><LatitudeDegrees>-8.05484845</LatitudeDegrees><LongitudeDegrees>-34.94982918</LongitudeDegrees></Position><HeartRateBpm><Value>169</Value></HeartRateBpm><Cadence>90</Cadence><Extensions><ns3:TPX><ns3:Speed>2.690000057220459</ns3:Speed><ns3:Pace>0.37</ns3:Pace></ns3:TPX></Extensions></Trackpoint><Trackpoint><Time>2025-08-17T21:41:48Z</Time><Position><LatitudeDegrees>-8.05483146</LatitudeDegrees><LongitudeDegrees>-34.94981552</LongitudeDegrees></Position><HeartRateBpm><Value>169</Value></HeartRateBpm><Cadence>90</Cadence><Extensions><ns3:TPX><ns3:Speed>2.690000057220459</ns3:Speed><ns3:Pace>0.37</ns3:Pace></ns3:TPX></Extensions></Trackpoint><Trackpoint><Time>2025-08-17T21:41:49Z</Time><Position><LatitudeDegrees>-8.05481446</LatitudeDegrees><LongitudeDegrees>-34.94980052</LongitudeDegrees></Position><HeartRateBpm><Value>170</Value></HeartRateBpm><Cadence>90</Cadence><Extensions><ns3:TPX><ns3:Speed>2.690000057220459</ns3:Speed><ns3:Pace>0.37</ns3:Pace></ns3:TPX></Extensions></Trackpoint><Trackpoint><Time>2025-08-17T21:41:50Z</Time><Position><LatitudeDegrees>-8.05479681</LatitudeDegrees><LongitudeDegrees>-34.94978452</LongitudeDegrees></Position><HeartRateBpm><Value>170</Value></HeartRateBpm><Cadence>90</Cadence><Extensions><ns3:TPX><ns3:Speed>2.690000057220459</ns3:Speed><ns3:Pace>0.37</ns3:Pace></ns3:TPX></Extensions></Trackpoint><Trackpoint><Time>2025-08-17T21:41:51Z</Time><Position><LatitudeDegrees>-8.05477748</LatitudeDegrees><LongitudeDegrees>-34.94976653</LongitudeDegrees></Position><HeartRateBpm><Value>170</Value></HeartRateBpm><Cadence>90</Cadence><Extensions><ns3:TPX><ns3:Speed>2.690000057220459</ns3:Speed><ns3:Pace>0.37</ns3:Pace></ns3:TPX></Extensions></Trackpoint><Trackpoint><Time>2025-08-17T21:41:52Z</Time><Position><LatitudeDegrees>-8.05475916</LatitudeDegrees><LongitudeDegrees>-34.94974887</LongitudeDegrees></Position><HeartRateBpm><Value>170</Value></HeartRateBpm><Cadence>90</Cadence><Extensions><ns3:TPX><ns3:Speed>2.680000066757202</ns3:Speed><ns3:Pace>0.37</ns3:Pace></ns3:TPX></Extensions></Trackpoint><Trackpoint><Time>2025-08-17T21:41:53Z</Time><Position><LatitudeDegrees>-8.05473983</LatitudeDegrees><LongitudeDegrees>-34.94973287</LongitudeDegrees></Position><HeartRateBpm><Value>170</Value></HeartRateBpm><Cadence>89</Cadence><Extensions><ns3:TPX><ns3:Speed>2.680000066757202</ns3:Speed><ns3:Pace>0.37</ns3:Pace></ns3:TPX></Extensions></Trackpoint><Trackpoint><Time>2025-08-17T21:41:54Z</Time><Position><LatitudeDegrees>-8.05471917</LatitudeDegrees><LongitudeDegrees>-34.94971855</LongitudeDegrees></Position><HeartRateBpm><Value>170</Value></HeartRateBpm><Cadence>89</Cadence><Extensions><ns3:TPX><ns3:Speed>2.680000066757202</ns3:Speed><ns3:Pace>0.37</ns3:Pace></ns3:TPX></Extensions></Trackpoint><Trackpoint><Time>2025-08-17T21:41:55Z</Time><Position><LatitudeDegrees>-8.05469817</LatitudeDegrees><LongitudeDegrees>-34.94970522</LongitudeDegrees></Position><HeartRateBpm><Value>171</Value></HeartRateBpm><Cadence>89</Cadence><Extensions><ns3:TPX><ns3:Speed>2.680000066757202</ns3:Speed><ns3:Pace>0.37</ns3:Pace></ns3:TPX></Extensions></Trackpoint><Trackpoint><Time>2025-08-17T21:41:56Z</Time><Position><LatitudeDegrees>-8.05467618</LatitudeDegrees><LongitudeDegrees>-34.94969422</LongitudeDegrees></Position><HeartRateBpm><Value>171</Value></HeartRateBpm><Cadence>89</Cadence><Extensions><ns3:TPX><ns3:Speed>2.680000066757202</ns3:Speed><ns3:Pace>0.37</ns3:Pace></ns3:TPX></Extensions></Trackpoint><Trackpoint><Time>2025-08-17T21:41:57Z</Time><Position><LatitudeDegrees>-8.05465451</LatitudeDegrees><LongitudeDegrees>-34.94968389</LongitudeDegrees></Position><HeartRateBpm><Value>171</Value></HeartRateBpm><Cadence>89</Cadence><Extensions><ns3:TPX><ns3:Speed>2.680000066757202</ns3:Speed><ns3:Pace>0.37</ns3:Pace></ns3:TPX></Extensions></Trackpoint><Trackpoint><Time>2025-08-17T21:41:58Z</Time><Position><LatitudeDegrees>-8.05463351</LatitudeDegrees><LongitudeDegrees>-34.94967456</LongitudeDegrees></Position><HeartRateBpm><Value>170</Value></HeartRateBpm><Cadence>89</Cadence><Extensions><ns3:TPX><ns3:Speed>2.680000066757202</ns3:Speed><ns3:Pace>0.37</ns3:Pace></ns3:TPX></Extensions></Trackpoint><Trackpoint><Time>2025-08-17T21:41:59Z</Time><Position><LatitudeDegrees>-8.05461419</LatitudeDegrees><LongitudeDegrees>-34.94966524</LongitudeDegrees></Position><HeartRateBpm><Value>170</Value></HeartRateBpm><Cadence>90</Cadence><Extensions><ns3:TPX><ns3:Speed>2.680000066757202</ns3:Speed><ns3:Pace>0.37</ns3:Pace></ns3:TPX></Extensions></Trackpoint><Trackpoint><Time>2025-08-17T21:42:00Z</Time><Position><LatitudeDegrees>-8.05459719</LatitudeDegrees><LongitudeDegrees>-34.94965757</LongitudeDegrees></Position><HeartRateBpm><Value>170</Value></HeartRateBpm><Cadence>90</Cadence><Extensions><ns3:TPX><ns3:Speed>2.680000066757202</ns3:Speed><ns3:Pace>0.37</ns3:Pace></ns3:TPX></Extensions></Trackpoint><Trackpoint><Time>2025-08-17T21:42:01Z</Time><Position><LatitudeDegrees>-8.05458053</LatitudeDegrees><LongitudeDegrees>-34.94964958</LongitudeDegrees></Position><HeartRateBpm><Value>170</Value></HeartRateBpm><Cadence>90</Cadence><Extensions><ns3:TPX><ns3:Speed>2.680000066757202</ns3:Speed><ns3:Pace>0.37</ns3:Pace></ns3:TPX></Extensions></Trackpoint><Trackpoint><Time>2025-08-17T21:42:02Z</Time><Position><LatitudeDegrees>-8.05456287</LatitudeDegrees><LongitudeDegrees>-34.94964025</LongitudeDegrees></Position><HeartRateBpm><Value>170</Value></HeartRateBpm><Cadence>90</Cadence><Extensions><ns3:TPX><ns3:Speed>2.680000066757202</ns3:Speed><ns3:Pace>0.37</ns3:Pace></ns3:TPX></Extensions></Trackpoint><Trackpoint><Time>2025-08-17T21:42:03Z</Time><Position><LatitudeDegrees>-8.05454488</LatitudeDegrees><LongitudeDegrees>-34.94962925</LongitudeDegrees></Position><HeartRateBpm><Value>172</Value></HeartRateBpm><Cadence>90</Cadence><Extensions><ns3:TPX><ns3:Speed>2.6700000762939453</ns3:Speed><ns3:Pace>0.37</ns3:Pace></ns3:TPX></Extensions></Trackpoint><Trackpoint><Time>2025-08-17T21:42:04Z</Time><Position><LatitudeDegrees>-8.05452654</LatitudeDegrees><LongitudeDegrees>-34.94961791</LongitudeDegrees></Position><HeartRateBpm><Value>173</Value></HeartRateBpm><Cadence>90</Cadence><Extensions><ns3:TPX><ns3:Speed>2.6600000858306885</ns3:Speed><ns3:Pace>0.37</ns3:Pace></ns3:TPX></Extensions></Trackpoint><Trackpoint><Time>2025-08-17T21:42:05Z</Time><Position><LatitudeDegrees>-8.05450755</LatitudeDegrees><LongitudeDegrees>-34.94960659</LongitudeDegrees></Position><HeartRateBpm><Value>173</Value></HeartRateBpm><Cadence>90</Cadence><Extensions><ns3:TPX><ns3:Speed>2.6600000858306885</ns3:Speed><ns3:Pace>0.37</ns3:Pace></ns3:TPX></Extensions></Trackpoint><Trackpoint><Time>2025-08-17T21:42:06Z</Time><Position><LatitudeDegrees>-8.05448689</LatitudeDegrees><LongitudeDegrees>-34.94959326</LongitudeDegrees></Position><HeartRateBpm><Value>173</Value></HeartRateBpm><Cadence>90</Cadence><Extensions><ns3:TPX><ns3:Speed>2.6600000858306885</ns3:Speed><ns3:Pace>0.37</ns3:Pace></ns3:TPX></Extensions></Trackpoint><Trackpoint><Time>2025-08-17T21:42:07Z</Time><Position><LatitudeDegrees>-8.05446723</LatitudeDegrees><LongitudeDegrees>-34.94958127</LongitudeDegrees></Position><HeartRateBpm><Value>174</Value></HeartRateBpm><Cadence>90</Cadence><Extensions><ns3:TPX><ns3:Speed>2.6500000953674316</ns3:Speed><ns3:Pace>0.37</ns3:Pace></ns3:TPX></Extensions></Trackpoint><Trackpoint><Time>2025-08-17T21:42:08Z</Time><Position><LatitudeDegrees>-8.0544459</LatitudeDegrees><LongitudeDegrees>-34.94956828</LongitudeDegrees></Position><HeartRateBpm><Value>174</Value></HeartRateBpm><Cadence>90</Cadence><Extensions><ns3:TPX><ns3:Speed>2.6500000953674316</ns3:Speed><ns3:Pace>0.37</ns3:Pace></ns3:TPX></Extensions></Trackpoint><Trackpoint><Time>2025-08-17T21:42:09Z</Time><Position><LatitudeDegrees>-8.05442423</LatitudeDegrees><LongitudeDegrees>-34.94955561</LongitudeDegrees></Position><HeartRateBpm><Value>173</Value></HeartRateBpm><Cadence>90</Cadence><Extensions><ns3:TPX><ns3:Speed>2.640000104904175</ns3:Speed><ns3:Pace>0.37</ns3:Pace></ns3:TPX></Extensions></Trackpoint><Trackpoint><Time>2025-08-17T21:42:10Z</Time><Position><LatitudeDegrees>-8.05440357</LatitudeDegrees><LongitudeDegrees>-34.94954262</LongitudeDegrees></Position><HeartRateBpm><Value>173</Value></HeartRateBpm><Cadence>90</Cadence><Extensions><ns3:TPX><ns3:Speed>2.630000114440918</ns3:Speed><ns3:Pace>0.37</ns3:Pace></ns3:TPX></Extensions></Trackpoint><Trackpoint><Time>2025-08-17T21:42:11Z</Time><Position><LatitudeDegrees>-8.05438325</LatitudeDegrees><LongitudeDegrees>-34.94953029</LongitudeDegrees></Position><HeartRateBpm><Value>172</Value></HeartRateBpm><Cadence>90</Cadence><Extensions><ns3:TPX><ns3:Speed>2.630000114440918</ns3:Speed><ns3:Pace>0.37</ns3:Pace></ns3:TPX></Extensions></Trackpoint><Trackpoint><Time>2025-08-17T21:42:12Z</Time><Position><LatitudeDegrees>-8.05436358</LatitudeDegrees><LongitudeDegrees>-34.94951763</LongitudeDegrees></Position><HeartRateBpm><Value>172</Value></HeartRateBpm><Cadence>90</Cadence><Extensions><ns3:TPX><ns3:Speed>2.630000114440918</ns3:Speed><ns3:Pace>0.37</ns3:Pace></ns3:TPX></Extensions></Trackpoint><Trackpoint><Time>2025-08-17T21:42:13Z</Time><Position><LatitudeDegrees>-8.05434393</LatitudeDegrees><LongitudeDegrees>-34.9495053</LongitudeDegrees></Position><HeartRateBpm><Value>172</Value></HeartRateBpm><Cadence>90</Cadence><Extensions><ns3:TPX><ns3:Speed>2.630000114440918</ns3:Speed><ns3:Pace>0.37</ns3:Pace></ns3:TPX></Extensions></Trackpoint><Trackpoint><Time>2025-08-17T21:42:14Z</Time><Position><LatitudeDegrees>-8.05432426</LatitudeDegrees><LongitudeDegrees>-34.94949364</LongitudeDegrees></Position><HeartRateBpm><Value>171</Value></HeartRateBpm><Cadence>90</Cadence><Extensions><ns3:TPX><ns3:Speed>2.630000114440918</ns3:Speed><ns3:Pace>0.38</ns3:Pace></ns3:TPX></Extensions></Trackpoint><Trackpoint><Time>2025-08-17T21:42:15Z</Time><Position><LatitudeDegrees>-8.05430427</LatitudeDegrees><LongitudeDegrees>-34.94948264</LongitudeDegrees></Position><HeartRateBpm><Value>171</Value></HeartRateBpm><Cadence>90</Cadence><Extensions><ns3:TPX><ns3:Speed>2.630000114440918</ns3:Speed><ns3:Pace>0.38</ns3:Pace></ns3:TPX></Extensions></Trackpoint><Trackpoint><Time>2025-08-17T21:42:16Z</Time><Position><LatitudeDegrees>-8.05428528</LatitudeDegrees><LongitudeDegrees>-34.94947164</LongitudeDegrees></Position><HeartRateBpm><Value>171</Value></HeartRateBpm><Cadence>90</Cadence><Extensions><ns3:TPX><ns3:Speed>2.630000114440918</ns3:Speed><ns3:Pace>0.38</ns3:Pace></ns3:TPX></Extensions></Trackpoint><Trackpoint><Time>2025-08-17T21:42:17Z</Time><Position><LatitudeDegrees>-8.05426662</LatitudeDegrees><LongitudeDegrees>-34.94946132</LongitudeDegrees></Position><HeartRateBpm><Value>171</Value></HeartRateBpm><Cadence>90</Cadence><Extensions><ns3:TPX><ns3:Speed>2.630000114440918</ns3:Speed><ns3:Pace>0.38</ns3:Pace></ns3:TPX></Extensions></Trackpoint><Trackpoint><Time>2025-08-17T21:42:18Z</Time><Position><LatitudeDegrees>-8.05424696</LatitudeDegrees><LongitudeDegrees>-34.94945198</LongitudeDegrees></Position><HeartRateBpm><Value>171</Value></HeartRateBpm><Cadence>90</Cadence><Extensions><ns3:TPX><ns3:Speed>2.630000114440918</ns3:Speed><ns3:Pace>0.38</ns3:Pace></ns3:TPX></Extensions></Trackpoint><Trackpoint><Time>2025-08-17T21:42:19Z</Time><Position><LatitudeDegrees>-8.05422497</LatitudeDegrees><LongitudeDegrees>-34.94944266</LongitudeDegrees></Position><HeartRateBpm><Value>170</Value></HeartRateBpm><Cadence>90</Cadence><Extensions><ns3:TPX><ns3:Speed>2.630000114440918</ns3:Speed><ns3:Pace>0.38</ns3:Pace></ns3:TPX></Extensions></Trackpoint><Trackpoint><Time>2025-08-17T21:42:20Z</Time><Position><LatitudeDegrees>-8.05420397</LatitudeDegrees><LongitudeDegrees>-34.94943034</LongitudeDegrees></Position><HeartRateBpm><Value>170</Value></HeartRateBpm><Cadence>90</Cadence><Extensions><ns3:TPX><ns3:Speed>2.630000114440918</ns3:Speed><ns3:Pace>0.38</ns3:Pace></ns3:TPX></Extensions></Trackpoint><Trackpoint><Time>2025-08-17T21:42:21Z</Time><Position><LatitudeDegrees>-8.05418464</LatitudeDegrees><LongitudeDegrees>-34.94941534</LongitudeDegrees></Position><HeartRateBpm><Value>170</Value></HeartRateBpm><Cadence>90</Cadence><Extensions><ns3:TPX><ns3:Speed>2.630000114440918</ns3:Speed><ns3:Pace>0.38</ns3:Pace></ns3:TPX></Extensions></Trackpoint><Trackpoint><Time>2025-08-17T21:42:22Z</Time><Position><LatitudeDegrees>-8.05416565</LatitudeDegrees><LongitudeDegrees>-34.94939835</LongitudeDegrees></Position><HeartRateBpm><Value>170</Value></HeartRateBpm><Cadence>89</Cadence><Extensions><ns3:TPX><ns3:Speed>2.630000114440918</ns3:Speed><ns3:Pace>0.38</ns3:Pace></ns3:TPX></Extensions></Trackpoint><Trackpoint><Time>2025-08-17T21:42:23Z</Time><Position><LatitudeDegrees>-8.05414699</LatitudeDegrees><LongitudeDegrees>-34.94938136</LongitudeDegrees></Position><HeartRateBpm><Value>170</Value></HeartRateBpm><Cadence>89</Cadence><Extensions><ns3:TPX><ns3:Speed>2.630000114440918</ns3:Speed><ns3:Pace>0.38</ns3:Pace></ns3:TPX></Extensions></Trackpoint><Trackpoint><Time>2025-08-17T21:42:24Z</Time><Position><LatitudeDegrees>-8.05412766</LatitudeDegrees><LongitudeDegrees>-34.94936603</LongitudeDegrees></Position><HeartRateBpm><Value>170</Value></HeartRateBpm><Cadence>89</Cadence><Extensions><ns3:TPX><ns3:Speed>2.630000114440918</ns3:Speed><ns3:Pace>0.38</ns3:Pace></ns3:TPX></Extensions></Trackpoint><Trackpoint><Time>2025-08-17T21:42:25Z</Time><Position><LatitudeDegrees>-8.05410934</LatitudeDegrees><LongitudeDegrees>-34.9493527</LongitudeDegrees></Position><HeartRateBpm><Value>170</Value></HeartRateBpm><Cadence>90</Cadence><Extensions><ns3:TPX><ns3:Speed>2.630000114440918</ns3:Speed><ns3:Pace>0.38</ns3:Pace></ns3:TPX></Extensions></Trackpoint><Trackpoint><Time>2025-08-17T21:42:26Z</Time><Position><LatitudeDegrees>-8.05409067</LatitudeDegrees><LongitudeDegrees>-34.94933903</LongitudeDegrees></Position><HeartRateBpm><Value>170</Value></HeartRateBpm><Cadence>90</Cadence><Extensions><ns3:TPX><ns3:Speed>2.630000114440918</ns3:Speed><ns3:Pace>0.38</ns3:Pace></ns3:TPX></Extensions></Trackpoint><Trackpoint><Time>2025-08-17T21:42:27Z</Time><Position><LatitudeDegrees>-8.05407168</LatitudeDegrees><LongitudeDegrees>-34.9493257</LongitudeDegrees></Position><HeartRateBpm><Value>170</Value></HeartRateBpm><Cadence>90</Cadence><Extensions><ns3:TPX><ns3:Speed>2.630000114440918</ns3:Speed><ns3:Pace>0.38</ns3:Pace></ns3:TPX></Extensions></Trackpoint><Trackpoint><Time>2025-08-17T21:42:28Z</Time><Position><LatitudeDegrees>-8.05405203</LatitudeDegrees><LongitudeDegrees>-34.94931238</LongitudeDegrees></Position><HeartRateBpm><Value>170</Value></HeartRateBpm><Cadence>90</Cadence><Extensions><ns3:TPX><ns3:Speed>2.630000114440918</ns3:Speed><ns3:Pace>0.38</ns3:Pace></ns3:TPX></Extensions></Trackpoint><Trackpoint><Time>2025-08-17T21:42:29Z</Time><Position><LatitudeDegrees>-8.05403137</LatitudeDegrees><LongitudeDegrees>-34.94929904</LongitudeDegrees></Position><HeartRateBpm><Value>170</Value></HeartRateBpm><Cadence>90</Cadence><Extensions><ns3:TPX><ns3:Speed>2.630000114440918</ns3:Speed><ns3:Pace>0.38</ns3:Pace></ns3:TPX></Extensions></Trackpoint><Trackpoint><Time>2025-08-17T21:42:30Z</Time><Position><LatitudeDegrees>-8.05401004</LatitudeDegrees><LongitudeDegrees>-34.94928739</LongitudeDegrees></Position><HeartRateBpm><Value>170</Value></HeartRateBpm><Cadence>90</Cadence><Extensions><ns3:TPX><ns3:Speed>2.630000114440918</ns3:Speed><ns3:Pace>0.38</ns3:Pace></ns3:TPX></Extensions></Trackpoint><Trackpoint><Time>2025-08-17T21:42:31Z</Time><Position><LatitudeDegrees>-8.05398905</LatitudeDegrees><LongitudeDegrees>-34.94927605</LongitudeDegrees></Position><HeartRateBpm><Value>169</Value></HeartRateBpm><Cadence>90</Cadence><Extensions><ns3:TPX><ns3:Speed>2.630000114440918</ns3:Speed><ns3:Pace>0.38</ns3:Pace></ns3:TPX></Extensions></Trackpoint><Trackpoint><Time>2025-08-17T21:42:32Z</Time><Position><LatitudeDegrees>-8.05396805</LatitudeDegrees><LongitudeDegrees>-34.94926639</LongitudeDegrees></Position><HeartRateBpm><Value>169</Value></HeartRateBpm><Cadence>90</Cadence><Extensions><ns3:TPX><ns3:Speed>2.630000114440918</ns3:Speed><ns3:Pace>0.38</ns3:Pace></ns3:TPX></Extensions></Trackpoint><Trackpoint><Time>2025-08-17T21:42:33Z</Time><Position><LatitudeDegrees>-8.05394739</LatitudeDegrees><LongitudeDegrees>-34.94925706</LongitudeDegrees></Position><HeartRateBpm><Value>169</Value></HeartRateBpm><Cadence>90</Cadence><Extensions><ns3:TPX><ns3:Speed>2.630000114440918</ns3:Speed><ns3:Pace>0.38</ns3:Pace></ns3:TPX></Extensions></Trackpoint><Trackpoint><Time>2025-08-17T21:42:34Z</Time><Position><LatitudeDegrees>-8.05392706</LatitudeDegrees><LongitudeDegrees>-34.94924673</LongitudeDegrees></Position><HeartRateBpm><Value>169</Value></HeartRateBpm><Cadence>90</Cadence><Extensions><ns3:TPX><ns3:Speed>2.630000114440918</ns3:Speed><ns3:Pace>0.38</ns3:Pace></ns3:TPX></Extensions></Trackpoint><Trackpoint><Time>2025-08-17T21:42:35Z</Time><Position><LatitudeDegrees>-8.0539074</LatitudeDegrees><LongitudeDegrees>-34.94923573</LongitudeDegrees></Position><HeartRateBpm><Value>169</Value></HeartRateBpm><Cadence>90</Cadence><Extensions><ns3:TPX><ns3:Speed>2.630000114440918</ns3:Speed><ns3:Pace>0.38</ns3:Pace></ns3:TPX></Extensions></Trackpoint><Trackpoint><Time>2025-08-17T21:42:36Z</Time><Position><LatitudeDegrees>-8.0538874</LatitudeDegrees><LongitudeDegrees>-34.94922441</LongitudeDegrees></Position><HeartRateBpm><Value>169</Value></HeartRateBpm><Cadence>90</Cadence><Extensions><ns3:TPX><ns3:Speed>2.630000114440918</ns3:Speed><ns3:Pace>0.38</ns3:Pace></ns3:TPX></Extensions></Trackpoint><Trackpoint><Time>2025-08-17T21:42:37Z</Time><Position><LatitudeDegrees>-8.0538664</LatitudeDegrees><LongitudeDegrees>-34.94921375</LongitudeDegrees></Position><HeartRateBpm><Value>169</Value></HeartRateBpm><Cadence>90</Cadence><Extensions><ns3:TPX><ns3:Speed>2.630000114440918</ns3:Speed><ns3:Pace>0.38</ns3:Pace></ns3:TPX></Extensions></Trackpoint><Trackpoint><Time>2025-08-17T21:42:38Z</Time><Position><LatitudeDegrees>-8.05384541</LatitudeDegrees><LongitudeDegrees>-34.94920275</LongitudeDegrees></Position><HeartRateBpm><Value>169</Value></HeartRateBpm><Cadence>90</Cadence><Extensions><ns3:TPX><ns3:Speed>2.630000114440918</ns3:Speed><ns3:Pace>0.38</ns3:Pace></ns3:TPX></Extensions></Trackpoint><Trackpoint><Time>2025-08-17T21:42:39Z</Time><Position><LatitudeDegrees>-8.05382441</LatitudeDegrees><LongitudeDegrees>-34.94919175</LongitudeDegrees></Position><HeartRateBpm><Value>169</Value></HeartRateBpm><Cadence>90</Cadence><Extensions><ns3:TPX><ns3:Speed>2.630000114440918</ns3:Speed><ns3:Pace>0.38</ns3:Pace></ns3:TPX></Extensions></Trackpoint><Trackpoint><Time>2025-08-17T21:42:40Z</Time><Position><LatitudeDegrees>-8.05380409</LatitudeDegrees><LongitudeDegrees>-34.94918075</LongitudeDegrees></Position><HeartRateBpm><Value>169</Value></HeartRateBpm><Cadence>90</Cadence><Extensions><ns3:TPX><ns3:Speed>2.630000114440918</ns3:Speed><ns3:Pace>0.38</ns3:Pace></ns3:TPX></Extensions></Trackpoint><Trackpoint><Time>2025-08-17T21:42:41Z</Time><Position><LatitudeDegrees>-8.05378375</LatitudeDegrees><LongitudeDegrees>-34.94916975</LongitudeDegrees></Position><HeartRateBpm><Value>169</Value></HeartRateBpm><Cadence>89</Cadence><Extensions><ns3:TPX><ns3:Speed>2.619999885559082</ns3:Speed><ns3:Pace>0.38</ns3:Pace></ns3:TPX></Extensions></Trackpoint><Trackpoint><Time>2025-08-17T21:42:42Z</Time><Position><LatitudeDegrees>-8.05376343</LatitudeDegrees><LongitudeDegrees>-34.94915875</LongitudeDegrees></Position><HeartRateBpm><Value>169</Value></HeartRateBpm><Cadence>89</Cadence><Extensions><ns3:TPX><ns3:Speed>2.619999885559082</ns3:Speed><ns3:Pace>0.38</ns3:Pace></ns3:TPX></Extensions></Trackpoint><Trackpoint><Time>2025-08-17T21:42:43Z</Time><Position><LatitudeDegrees>-8.05374277</LatitudeDegrees><LongitudeDegrees>-34.94914876</LongitudeDegrees></Position><HeartRateBpm><Value>169</Value></HeartRateBpm><Cadence>90</Cadence><Extensions><ns3:TPX><ns3:Speed>2.619999885559082</ns3:Speed><ns3:Pace>0.38</ns3:Pace></ns3:TPX></Extensions></Trackpoint><Trackpoint><Time>2025-08-17T21:42:44Z</Time><Position><LatitudeDegrees>-8.05372211</LatitudeDegrees><LongitudeDegrees>-34.94913943</LongitudeDegrees></Position><HeartRateBpm><Value>169</Value></HeartRateBpm><Cadence>90</Cadence><Extensions><ns3:TPX><ns3:Speed>2.619999885559082</ns3:Speed><ns3:Pace>0.38</ns3:Pace></ns3:TPX></Extensions></Trackpoint><Trackpoint><Time>2025-08-17T21:42:45Z</Time><Position><LatitudeDegrees>-8.05370145</LatitudeDegrees><LongitudeDegrees>-34.9491301</LongitudeDegrees></Position><HeartRateBpm><Value>168</Value></HeartRateBpm><Cadence>90</Cadence><Extensions><ns3:TPX><ns3:Speed>2.619999885559082</ns3:Speed><ns3:Pace>0.38</ns3:Pace></ns3:TPX></Extensions></Trackpoint><Trackpoint><Time>2025-08-17T21:42:46Z</Time><Position><LatitudeDegrees>-8.05368079</LatitudeDegrees><LongitudeDegrees>-34.94912078</LongitudeDegrees></Position><HeartRateBpm><Value>168</Value></HeartRateBpm><Cadence>90</Cadence><Extensions><ns3:TPX><ns3:Speed>2.609999895095825</ns3:Speed><ns3:Pace>0.38</ns3:Pace></ns3:TPX></Extensions></Trackpoint><Trackpoint><Time>2025-08-17T21:42:47Z</Time><Position><LatitudeDegrees>-8.05365979</LatitudeDegrees><LongitudeDegrees>-34.94911111</LongitudeDegrees></Position><HeartRateBpm><Value>168</Value></HeartRateBpm><Cadence>91</Cadence><Extensions><ns3:TPX><ns3:Speed>2.609999895095825</ns3:Speed><ns3:Pace>0.38</ns3:Pace></ns3:TPX></Extensions></Trackpoint><Trackpoint><Time>2025-08-17T21:42:48Z</Time><Position><LatitudeDegrees>-8.05363913</LatitudeDegrees><LongitudeDegrees>-34.94910045</LongitudeDegrees></Position><HeartRateBpm><Value>168</Value></HeartRateBpm><Cadence>91</Cadence><Extensions><ns3:TPX><ns3:Speed>2.609999895095825</ns3:Speed><ns3:Pace>0.38</ns3:Pace></ns3:TPX></Extensions></Trackpoint><Trackpoint><Time>2025-08-17T21:42:49Z</Time><Position><LatitudeDegrees>-8.0536188</LatitudeDegrees><LongitudeDegrees>-34.94908812</LongitudeDegrees></Position><HeartRateBpm><Value>168</Value></HeartRateBpm><Cadence>91</Cadence><Extensions><ns3:TPX><ns3:Speed>2.609999895095825</ns3:Speed><ns3:Pace>0.38</ns3:Pace></ns3:TPX></Extensions></Trackpoint><Trackpoint><Time>2025-08-17T21:42:50Z</Time><Position><LatitudeDegrees>-8.05359847</LatitudeDegrees><LongitudeDegrees>-34.9490758</LongitudeDegrees></Position><HeartRateBpm><Value>168</Value></HeartRateBpm><Cadence>90</Cadence><Extensions><ns3:TPX><ns3:Speed>2.609999895095825</ns3:Speed><ns3:Pace>0.38</ns3:Pace></ns3:TPX></Extensions></Trackpoint><Trackpoint><Time>2025-08-17T21:42:51Z</Time><Position><LatitudeDegrees>-8.05357715</LatitudeDegrees><LongitudeDegrees>-34.9490628</LongitudeDegrees></Position><HeartRateBpm><Value>167</Value></HeartRateBpm><Cadence>90</Cadence><Extensions><ns3:TPX><ns3:Speed>2.609999895095825</ns3:Speed><ns3:Pace>0.38</ns3:Pace></ns3:TPX></Extensions></Trackpoint><Trackpoint><Time>2025-08-17T21:42:52Z</Time><Position><LatitudeDegrees>-8.05355649</LatitudeDegrees><LongitudeDegrees>-34.94905114</LongitudeDegrees></Position><HeartRateBpm><Value>167</Value></HeartRateBpm><Cadence>90</Cadence><Extensions><ns3:TPX><ns3:Speed>2.609999895095825</ns3:Speed><ns3:Pace>0.38</ns3:Pace></ns3:TPX></Extensions></Trackpoint><Trackpoint><Time>2025-08-17T21:42:53Z</Time><Position><LatitudeDegrees>-8.05353583</LatitudeDegrees><LongitudeDegrees>-34.94903915</LongitudeDegrees></Position><HeartRateBpm><Value>167</Value></HeartRateBpm><Cadence>90</Cadence><Extensions><ns3:TPX><ns3:Speed>2.609999895095825</ns3:Speed><ns3:Pace>0.38</ns3:Pace></ns3:TPX></Extensions></Trackpoint><Trackpoint><Time>2025-08-17T21:42:54Z</Time><Position><LatitudeDegrees>-8.05351483</LatitudeDegrees><LongitudeDegrees>-34.94902749</LongitudeDegrees></Position><HeartRateBpm><Value>167</Value></HeartRateBpm><Cadence>90</Cadence><Extensions><ns3:TPX><ns3:Speed>2.609999895095825</ns3:Speed><ns3:Pace>0.38</ns3:Pace></ns3:TPX></Extensions></Trackpoint><Trackpoint><Time>2025-08-17T21:42:55Z</Time><HeartRateBpm><Value>168</Value></HeartRateBpm><Cadence>90</Cadence><Extensions><ns3:TPX><ns3:Speed>2.609999895095825</ns3:Speed></ns3:TPX></Extensions></Trackpoint><Trackpoint><Time>2025-08-17T21:42:56Z</Time><Position><LatitudeDegrees>-8.0534955</LatitudeDegrees><LongitudeDegrees>-34.94901416</LongitudeDegrees></Position><HeartRateBpm><Value>168</Value></HeartRateBpm><Cadence>90</Cadence><Extensions><ns3:TPX><ns3:Speed>2.609999895095825</ns3:Speed><ns3:Pace>0.38</ns3:Pace></ns3:TPX></Extensions></Trackpoint><Trackpoint><Time>2025-08-17T21:42:57Z</Time><Position><LatitudeDegrees>-8.05347284</LatitudeDegrees><LongitudeDegrees>-34.94898884</LongitudeDegrees></Position><HeartRateBpm><Value>169</Value></HeartRateBpm><Cadence>90</Cadence><Extensions><ns3:TPX><ns3:Speed>2.609999895095825</ns3:Speed><ns3:Pace>0.38</ns3:Pace></ns3:TPX></Extensions></Trackpoint><Trackpoint><Time>2025-08-17T21:42:58Z</Time><Position><LatitudeDegrees>-8.05345351</LatitudeDegrees><LongitudeDegrees>-34.94896451</LongitudeDegrees></Position><HeartRateBpm><Value>169</Value></HeartRateBpm><Cadence>90</Cadence><Extensions><ns3:TPX><ns3:Speed>2.609999895095825</ns3:Speed><ns3:Pace>0.38</ns3:Pace></ns3:TPX></Extensions></Trackpoint><Trackpoint><Time>2025-08-17T21:42:59Z</Time><Position><LatitudeDegrees>-8.05343619</LatitudeDegrees><LongitudeDegrees>-34.94894517</LongitudeDegrees></Position><HeartRateBpm><Value>170</Value></HeartRateBpm><Cadence>90</Cadence><Extensions><ns3:TPX><ns3:Speed>2.609999895095825</ns3:Speed><ns3:Pace>0.38</ns3:Pace></ns3:TPX></Extensions></Trackpoint><Trackpoint><Time>2025-08-17T21:43:00Z</Time><Position><LatitudeDegrees>-8.0534172</LatitudeDegrees><LongitudeDegrees>-34.94892685</LongitudeDegrees></Position><HeartRateBpm><Value>170</Value></HeartRateBpm><Cadence>90</Cadence><Extensions><ns3:TPX><ns3:Speed>2.609999895095825</ns3:Speed><ns3:Pace>0.38</ns3:Pace></ns3:TPX></Extensions></Trackpoint><Trackpoint><Time>2025-08-17T21:43:01Z</Time><Position><LatitudeDegrees>-8.05339753</LatitudeDegrees><LongitudeDegrees>-34.94891118</LongitudeDegrees></Position><HeartRateBpm><Value>171</Value></HeartRateBpm><Cadence>90</Cadence><Extensions><ns3:TPX><ns3:Speed>2.609999895095825</ns3:Speed><ns3:Pace>0.38</ns3:Pace></ns3:TPX></Extensions></Trackpoint><Trackpoint><Time>2025-08-17T21:43:02Z</Time><Position><LatitudeDegrees>-8.05337721</LatitudeDegrees><LongitudeDegrees>-34.94889653</LongitudeDegrees></Position><HeartRateBpm><Value>170</Value></HeartRateBpm><Cadence>90</Cadence><Extensions><ns3:TPX><ns3:Speed>2.609999895095825</ns3:Speed><ns3:Pace>0.38</ns3:Pace></ns3:TPX></Extensions></Trackpoint><Trackpoint><Time>2025-08-17T21:43:03Z</Time><Position><LatitudeDegrees>-8.05335687</LatitudeDegrees><LongitudeDegrees>-34.94888386</LongitudeDegrees></Position><HeartRateBpm><Value>170</Value></HeartRateBpm><Cadence>90</Cadence><Extensions><ns3:TPX><ns3:Speed>2.619999885559082</ns3:Speed><ns3:Pace>0.38</ns3:Pace></ns3:TPX></Extensions></Trackpoint><Trackpoint><Time>2025-08-17T21:43:04Z</Time><Position><LatitudeDegrees>-8.05333555</LatitudeDegrees><LongitudeDegrees>-34.94887387</LongitudeDegrees></Position><HeartRateBpm><Value>170</Value></HeartRateBpm><Cadence>90</Cadence><Extensions><ns3:TPX><ns3:Speed>2.619999885559082</ns3:Speed><ns3:Pace>0.38</ns3:Pace></ns3:TPX></Extensions></Trackpoint><Trackpoint><Time>2025-08-17T21:43:05Z</Time><Position><LatitudeDegrees>-8.05331422</LatitudeDegrees><LongitudeDegrees>-34.9488672</LongitudeDegrees></Position><HeartRateBpm><Value>170</Value></HeartRateBpm><Cadence>90</Cadence><Extensions><ns3:TPX><ns3:Speed>2.630000114440918</ns3:Speed><ns3:Pace>0.38</ns3:Pace></ns3:TPX></Extensions></Trackpoint><Trackpoint><Time>2025-08-17T21:43:06Z</Time><Position><LatitudeDegrees>-8.05329223</LatitudeDegrees><LongitudeDegrees>-34.94886255</LongitudeDegrees></Position><HeartRateBpm><Value>170</Value></HeartRateBpm><Cadence>90</Cadence><Extensions><ns3:TPX><ns3:Speed>2.630000114440918</ns3:Speed><ns3:Pace>0.38</ns3:Pace></ns3:TPX></Extensions></Trackpoint><Trackpoint><Time>2025-08-17T21:43:07Z</Time><Position><LatitudeDegrees>-8.05326989</LatitudeDegrees><LongitudeDegrees>-34.94885922</LongitudeDegrees></Position><HeartRateBpm><Value>170</Value></HeartRateBpm><Cadence>90</Cadence><Extensions><ns3:TPX><ns3:Speed>2.630000114440918</ns3:Speed><ns3:Pace>0.38</ns3:Pace></ns3:TPX></Extensions></Trackpoint><Trackpoint><Time>2025-08-17T21:43:08Z</Time><Position><LatitudeDegrees>-8.05324924</LatitudeDegrees><LongitudeDegrees>-34.94885456</LongitudeDegrees></Position><HeartRateBpm><Value>170</Value></HeartRateBpm><Cadence>90</Cadence><Extensions><ns3:TPX><ns3:Speed>2.630000114440918</ns3:Speed><ns3:Pace>0.38</ns3:Pace></ns3:TPX></Extensions></Trackpoint><Trackpoint><Time>2025-08-17T21:43:09Z</Time><Position><LatitudeDegrees>-8.05322725</LatitudeDegrees><LongitudeDegrees>-34.94884922</LongitudeDegrees></Position><HeartRateBpm><Value>170</Value></HeartRateBpm><Cadence>90</Cadence><Extensions><ns3:TPX><ns3:Speed>2.630000114440918</ns3:Speed><ns3:Pace>0.38</ns3:Pace></ns3:TPX></Extensions></Trackpoint><Trackpoint><Time>2025-08-17T21:43:10Z</Time><Position><LatitudeDegrees>-8.05320625</LatitudeDegrees><LongitudeDegrees>-34.94884223</LongitudeDegrees></Position><HeartRateBpm><Value>170</Value></HeartRateBpm><Cadence>90</Cadence><Extensions><ns3:TPX><ns3:Speed>2.630000114440918</ns3:Speed><ns3:Pace>0.38</ns3:Pace></ns3:TPX></Extensions></Trackpoint><Trackpoint><Time>2025-08-17T21:43:11Z</Time><Position><LatitudeDegrees>-8.05318625</LatitudeDegrees><LongitudeDegrees>-34.94883657</LongitudeDegrees></Position><HeartRateBpm><Value>169</Value></HeartRateBpm><Cadence>90</Cadence><Extensions><ns3:TPX><ns3:Speed>2.630000114440918</ns3:Speed><ns3:Pace>0.38</ns3:Pace></ns3:TPX></Extensions></Trackpoint><Trackpoint><Time>2025-08-17T21:43:12Z</Time><Position><LatitudeDegrees>-8.05316492</LatitudeDegrees><LongitudeDegrees>-34.94882958</LongitudeDegrees></Position><HeartRateBpm><Value>169</Value></HeartRateBpm><Cadence>90</Cadence><Extensions><ns3:TPX><ns3:Speed>2.630000114440918</ns3:Speed><ns3:Pace>0.38</ns3:Pace></ns3:TPX></Extensions></Trackpoint><Trackpoint><Time>2025-08-17T21:43:13Z</Time><Position><LatitudeDegrees>-8.05314427</LatitudeDegrees><LongitudeDegrees>-34.94882059</LongitudeDegrees></Position><HeartRateBpm><Value>169</Value></HeartRateBpm><Cadence>89</Cadence><Extensions><ns3:TPX><ns3:Speed>2.630000114440918</ns3:Speed><ns3:Pace>0.38</ns3:Pace></ns3:TPX></Extensions></Trackpoint><Trackpoint><Time>2025-08-17T21:43:14Z</Time><Position><LatitudeDegrees>-8.05312493</LatitudeDegrees><LongitudeDegrees>-34.94881059</LongitudeDegrees></Position><HeartRateBpm><Value>169</Value></HeartRateBpm><Cadence>89</Cadence><Extensions><ns3:TPX><ns3:Speed>2.619999885559082</ns3:Speed><ns3:Pace>0.38</ns3:Pace></ns3:TPX></Extensions></Trackpoint><Trackpoint><Time>2025-08-17T21:43:15Z</Time><Position><LatitudeDegrees>-8.05310528</LatitudeDegrees><LongitudeDegrees>-34.9488006</LongitudeDegrees></Position><HeartRateBpm><Value>168</Value></HeartRateBpm><Cadence>90</Cadence><Extensions><ns3:TPX><ns3:Speed>2.619999885559082</ns3:Speed><ns3:Pace>0.38</ns3:Pace></ns3:TPX></Extensions></Trackpoint><Trackpoint><Time>2025-08-17T21:43:16Z</Time><Position><LatitudeDegrees>-8.05308529</LatitudeDegrees><LongitudeDegrees>-34.94878993</LongitudeDegrees></Position><HeartRateBpm><Value>167</Value></HeartRateBpm><Cadence>90</Cadence><Extensions><ns3:TPX><ns3:Speed>2.609999895095825</ns3:Speed><ns3:Pace>0.38</ns3:Pace></ns3:TPX></Extensions></Trackpoint><Trackpoint><Time>2025-08-17T21:43:17Z</Time><Position><LatitudeDegrees>-8.05306396</LatitudeDegrees><LongitudeDegrees>-34.94878027</LongitudeDegrees></Position><HeartRateBpm><Value>166</Value></HeartRateBpm><Cadence>90</Cadence><Extensions><ns3:TPX><ns3:Speed>2.609999895095825</ns3:Speed><ns3:Pace>0.38</ns3:Pace></ns3:TPX></Extensions></Trackpoint><Trackpoint><Time>2025-08-17T21:43:18Z</Time><Position><LatitudeDegrees>-8.05304196</LatitudeDegrees><LongitudeDegrees>-34.94877094</LongitudeDegrees></Position><HeartRateBpm><Value>166</Value></HeartRateBpm><Cadence>90</Cadence><Extensions><ns3:TPX><ns3:Speed>2.609999895095825</ns3:Speed><ns3:Pace>0.38</ns3:Pace></ns3:TPX></Extensions></Trackpoint><Trackpoint><Time>2025-08-17T21:43:19Z</Time><Position><LatitudeDegrees>-8.05302064</LatitudeDegrees><LongitudeDegrees>-34.94876195</LongitudeDegrees></Position><HeartRateBpm><Value>166</Value></HeartRateBpm><Cadence>90</Cadence><Extensions><ns3:TPX><ns3:Speed>2.609999895095825</ns3:Speed><ns3:Pace>0.38</ns3:Pace></ns3:TPX></Extensions></Trackpoint><Trackpoint><Time>2025-08-17T21:43:20Z</Time><Position><LatitudeDegrees>-8.05299931</LatitudeDegrees><LongitudeDegrees>-34.94875162</LongitudeDegrees></Position><HeartRateBpm><Value>166</Value></HeartRateBpm><Cadence>90</Cadence><Extensions><ns3:TPX><ns3:Speed>2.609999895095825</ns3:Speed><ns3:Pace>0.38</ns3:Pace></ns3:TPX></Extensions></Trackpoint><Trackpoint><Time>2025-08-17T21:43:21Z</Time><Position><LatitudeDegrees>-8.05297732</LatitudeDegrees><LongitudeDegrees>-34.94873963</LongitudeDegrees></Position><HeartRateBpm><Value>166</Value></HeartRateBpm><Cadence>90</Cadence><Extensions><ns3:TPX><ns3:Speed>2.609999895095825</ns3:Speed><ns3:Pace>0.38</ns3:Pace></ns3:TPX></Extensions></Trackpoint><Trackpoint><Time>2025-08-17T21:43:22Z</Time><Position><LatitudeDegrees>-8.05295699</LatitudeDegrees><LongitudeDegrees>-34.94872829</LongitudeDegrees></Position><HeartRateBpm><Value>167</Value></HeartRateBpm><Cadence>90</Cadence><Extensions><ns3:TPX><ns3:Speed>2.5999999046325684</ns3:Speed><ns3:Pace>0.38</ns3:Pace></ns3:TPX></Extensions></Trackpoint><Trackpoint><Time>2025-08-17T21:43:23Z</Time><Position><LatitudeDegrees>-8.05293566</LatitudeDegrees><LongitudeDegrees>-34.9487163</LongitudeDegrees></Position><HeartRateBpm><Value>168</Value></HeartRateBpm><Cadence>90</Cadence><Extensions><ns3:TPX><ns3:Speed>2.5999999046325684</ns3:Speed><ns3:Pace>0.38</ns3:Pace></ns3:TPX></Extensions></Trackpoint><Trackpoint><Time>2025-08-17T21:43:24Z</Time><Position><LatitudeDegrees>-8.05291434</LatitudeDegrees><LongitudeDegrees>-34.94870498</LongitudeDegrees></Position><HeartRateBpm><Value>168</Value></HeartRateBpm><Cadence>90</Cadence><Extensions><ns3:TPX><ns3:Speed>2.5999999046325684</ns3:Speed><ns3:Pace>0.38</ns3:Pace></ns3:TPX></Extensions></Trackpoint><Trackpoint><Time>2025-08-17T21:43:25Z</Time><Position><LatitudeDegrees>-8.05289234</LatitudeDegrees><LongitudeDegrees>-34.94869366</LongitudeDegrees></Position><HeartRateBpm><Value>168</Value></HeartRateBpm><Cadence>90</Cadence><Extensions><ns3:TPX><ns3:Speed>2.5999999046325684</ns3:Speed><ns3:Pace>0.38</ns3:Pace></ns3:TPX></Extensions></Trackpoint><Trackpoint><Time>2025-08-17T21:43:26Z</Time><Position><LatitudeDegrees>-8.05287035</LatitudeDegrees><LongitudeDegrees>-34.94868266</LongitudeDegrees></Position><HeartRateBpm><Value>168</Value></HeartRateBpm><Cadence>90</Cadence><Extensions><ns3:TPX><ns3:Speed>2.5899999141693115</ns3:Speed><ns3:Pace>0.38</ns3:Pace></ns3:TPX></Extensions></Trackpoint><Trackpoint><Time>2025-08-17T21:43:27Z</Time><Position><LatitudeDegrees>-8.05285068</LatitudeDegrees><LongitudeDegrees>-34.94867299</LongitudeDegrees></Position><HeartRateBpm><Value>168</Value></HeartRateBpm><Cadence>90</Cadence><Extensions><ns3:TPX><ns3:Speed>2.5999999046325684</ns3:Speed><ns3:Pace>0.38</ns3:Pace></ns3:TPX></Extensions></Trackpoint><Trackpoint><Time>2025-08-17T21:43:28Z</Time><Position><LatitudeDegrees>-8.05282936</LatitudeDegrees><LongitudeDegrees>-34.94866233</LongitudeDegrees></Position><HeartRateBpm><Value>168</Value></HeartRateBpm><Cadence>90</Cadence><Extensions><ns3:TPX><ns3:Speed>2.5999999046325684</ns3:Speed><ns3:Pace>0.38</ns3:Pace></ns3:TPX></Extensions></Trackpoint><Trackpoint><Time>2025-08-17T21:43:29Z</Time><Position><LatitudeDegrees>-8.05280803</LatitudeDegrees><LongitudeDegrees>-34.94865167</LongitudeDegrees></Position><HeartRateBpm><Value>168</Value></HeartRateBpm><Cadence>90</Cadence><Extensions><ns3:TPX><ns3:Speed>2.5999999046325684</ns3:Speed><ns3:Pace>0.38</ns3:Pace></ns3:TPX></Extensions></Trackpoint><Trackpoint><Time>2025-08-17T21:43:30Z</Time><Position><LatitudeDegrees>-8.05278638</LatitudeDegrees><LongitudeDegrees>-34.94864133</LongitudeDegrees></Position><HeartRateBpm><Value>168</Value></HeartRateBpm><Cadence>90</Cadence><Extensions><ns3:TPX><ns3:Speed>2.5999999046325684</ns3:Speed><ns3:Pace>0.38</ns3:Pace></ns3:TPX></Extensions></Trackpoint><Trackpoint><Time>2025-08-17T21:43:31Z</Time><Position><LatitudeDegrees>-8.05276604</LatitudeDegrees><LongitudeDegrees>-34.948631</LongitudeDegrees></Position><HeartRateBpm><Value>168</Value></HeartRateBpm><Cadence>90</Cadence><Extensions><ns3:TPX><ns3:Speed>2.5999999046325684</ns3:Speed><ns3:Pace>0.38</ns3:Pace></ns3:TPX></Extensions></Trackpoint><Trackpoint><Time>2025-08-17T21:43:32Z</Time><Position><LatitudeDegrees>-8.05274405</LatitudeDegrees><LongitudeDegrees>-34.94862101</LongitudeDegrees></Position><HeartRateBpm><Value>168</Value></HeartRateBpm><Cadence>90</Cadence><Extensions><ns3:TPX><ns3:Speed>2.609999895095825</ns3:Speed><ns3:Pace>0.38</ns3:Pace></ns3:TPX></Extensions></Trackpoint><Trackpoint><Time>2025-08-17T21:43:33Z</Time><Position><LatitudeDegrees>-8.05272139</LatitudeDegrees><LongitudeDegrees>-34.94861134</LongitudeDegrees></Position><HeartRateBpm><Value>168</Value></HeartRateBpm><Cadence>90</Cadence><Extensions><ns3:TPX><ns3:Speed>2.609999895095825</ns3:Speed><ns3:Pace>0.38</ns3:Pace></ns3:TPX></Extensions></Trackpoint><Trackpoint><Time>2025-08-17T21:43:34Z</Time><Position><LatitudeDegrees>-8.0526994</LatitudeDegrees><LongitudeDegrees>-34.94860169</LongitudeDegrees></Position><HeartRateBpm><Value>168</Value></HeartRateBpm><Cadence>90</Cadence><Extensions><ns3:TPX><ns3:Speed>2.609999895095825</ns3:Speed><ns3:Pace>0.38</ns3:Pace></ns3:TPX></Extensions></Trackpoint><Trackpoint><Time>2025-08-17T21:43:35Z</Time><Position><LatitudeDegrees>-8.05267773</LatitudeDegrees><LongitudeDegrees>-34.94859135</LongitudeDegrees></Position><HeartRateBpm><Value>168</Value></HeartRateBpm><Cadence>90</Cadence><Extensions><ns3:TPX><ns3:Speed>2.609999895095825</ns3:Speed><ns3:Pace>0.38</ns3:Pace></ns3:TPX></Extensions></Trackpoint><Trackpoint><Time>2025-08-17T21:43:36Z</Time><Position><LatitudeDegrees>-8.05265907</LatitudeDegrees><LongitudeDegrees>-34.94858103</LongitudeDegrees></Position><HeartRateBpm><Value>168</Value></HeartRateBpm><Cadence>90</Cadence><Extensions><ns3:TPX><ns3:Speed>2.609999895095825</ns3:Speed><ns3:Pace>0.38</ns3:Pace></ns3:TPX></Extensions></Trackpoint><Trackpoint><Time>2025-08-17T21:43:37Z</Time><Position><LatitudeDegrees>-8.05263875</LatitudeDegrees><LongitudeDegrees>-34.9485687</LongitudeDegrees></Position><HeartRateBpm><Value>168</Value></HeartRateBpm><Cadence>90</Cadence><Extensions><ns3:TPX><ns3:Speed>2.609999895095825</ns3:Speed><ns3:Pace>0.38</ns3:Pace></ns3:TPX></Extensions></Trackpoint><Trackpoint><Time>2025-08-17T21:43:38Z</Time><Position><LatitudeDegrees>-8.05261876</LatitudeDegrees><LongitudeDegrees>-34.94855604</LongitudeDegrees></Position><HeartRateBpm><Value>168</Value></HeartRateBpm><Cadence>90</Cadence><Extensions><ns3:TPX><ns3:Speed>2.609999895095825</ns3:Speed><ns3:Pace>0.38</ns3:Pace></ns3:TPX></Extensions></Trackpoint><Trackpoint><Time>2025-08-17T21:43:39Z</Time><Position><LatitudeDegrees>-8.05259909</LatitudeDegrees><LongitudeDegrees>-34.94854371</LongitudeDegrees></Position><HeartRateBpm><Value>168</Value></HeartRateBpm><Cadence>89</Cadence><Extensions><ns3:TPX><ns3:Speed>2.609999895095825</ns3:Speed><ns3:Pace>0.38</ns3:Pace></ns3:TPX></Extensions></Trackpoint><Trackpoint><Time>2025-08-17T21:43:40Z</Time><Position><LatitudeDegrees>-8.05258043</LatitudeDegrees><LongitudeDegrees>-34.94853271</LongitudeDegrees></Position><HeartRateBpm><Value>168</Value></HeartRateBpm><Cadence>89</Cadence><Extensions><ns3:TPX><ns3:Speed>2.609999895095825</ns3:Speed><ns3:Pace>0.38</ns3:Pace></ns3:TPX></Extensions></Trackpoint><Trackpoint><Time>2025-08-17T21:43:41Z</Time><Position><LatitudeDegrees>-8.05256144</LatitudeDegrees><LongitudeDegrees>-34.94852272</LongitudeDegrees></Position><HeartRateBpm><Value>168</Value></HeartRateBpm><Cadence>90</Cadence><Extensions><ns3:TPX><ns3:Speed>2.609999895095825</ns3:Speed><ns3:Pace>0.38</ns3:Pace></ns3:TPX></Extensions></Trackpoint><Trackpoint><Time>2025-08-17T21:43:42Z</Time><Position><LatitudeDegrees>-8.05254044</LatitudeDegrees><LongitudeDegrees>-34.94851205</LongitudeDegrees></Position><HeartRateBpm><Value>169</Value></HeartRateBpm><Cadence>89</Cadence><Extensions><ns3:TPX><ns3:Speed>2.609999895095825</ns3:Speed><ns3:Pace>0.38</ns3:Pace></ns3:TPX></Extensions></Trackpoint><Trackpoint><Time>2025-08-17T21:43:43Z</Time><Position><LatitudeDegrees>-8.05252011</LatitudeDegrees><LongitudeDegrees>-34.94850105</LongitudeDegrees></Position><HeartRateBpm><Value>169</Value></HeartRateBpm><Cadence>89</Cadence><Extensions><ns3:TPX><ns3:Speed>2.609999895095825</ns3:Speed><ns3:Pace>0.38</ns3:Pace></ns3:TPX></Extensions></Trackpoint><Trackpoint><Time>2025-08-17T21:43:44Z</Time><Position><LatitudeDegrees>-8.05249911</LatitudeDegrees><LongitudeDegrees>-34.94849139</LongitudeDegrees></Position><HeartRateBpm><Value>169</Value></HeartRateBpm><Cadence>89</Cadence><Extensions><ns3:TPX><ns3:Speed>2.609999895095825</ns3:Speed><ns3:Pace>0.38</ns3:Pace></ns3:TPX></Extensions></Trackpoint><Trackpoint><Time>2025-08-17T21:43:45Z</Time><Position><LatitudeDegrees>-8.05247711</LatitudeDegrees><LongitudeDegrees>-34.9484824</LongitudeDegrees></Position><HeartRateBpm><Value>169</Value></HeartRateBpm><Cadence>89</Cadence><Extensions><ns3:TPX><ns3:Speed>2.609999895095825</ns3:Speed><ns3:Pace>0.38</ns3:Pace></ns3:TPX></Extensions></Trackpoint><Trackpoint><Time>2025-08-17T21:43:46Z</Time><Position><LatitudeDegrees>-8.05245478</LatitudeDegrees><LongitudeDegrees>-34.9484734</LongitudeDegrees></Position><HeartRateBpm><Value>169</Value></HeartRateBpm><Cadence>89</Cadence><Extensions><ns3:TPX><ns3:Speed>2.609999895095825</ns3:Speed><ns3:Pace>0.38</ns3:Pace></ns3:TPX></Extensions></Trackpoint><Trackpoint><Time>2025-08-17T21:43:47Z</Time><Position><LatitudeDegrees>-8.05243146</LatitudeDegrees><LongitudeDegrees>-34.94846308</LongitudeDegrees></Position><HeartRateBpm><Value>169</Value></HeartRateBpm><Cadence>89</Cadence><Extensions><ns3:TPX><ns3:Speed>2.609999895095825</ns3:Speed><ns3:Pace>0.38</ns3:Pace></ns3:TPX></Extensions></Trackpoint><Trackpoint><Time>2025-08-17T21:43:48Z</Time><Position><LatitudeDegrees>-8.05240947</LatitudeDegrees><LongitudeDegrees>-34.94845176</LongitudeDegrees></Position><HeartRateBpm><Value>169</Value></HeartRateBpm><Cadence>89</Cadence><Extensions><ns3:TPX><ns3:Speed>2.609999895095825</ns3:Speed><ns3:Pace>0.38</ns3:Pace></ns3:TPX></Extensions></Trackpoint><Trackpoint><Time>2025-08-17T21:43:49Z</Time><Position><LatitudeDegrees>-8.05238913</LatitudeDegrees><LongitudeDegrees>-34.94843809</LongitudeDegrees></Position><HeartRateBpm><Value>169</Value></HeartRateBpm><Cadence>89</Cadence><Extensions><ns3:TPX><ns3:Speed>2.609999895095825</ns3:Speed><ns3:Pace>0.38</ns3:Pace></ns3:TPX></Extensions></Trackpoint><Trackpoint><Time>2025-08-17T21:43:50Z</Time><Position><LatitudeDegrees>-8.05237047</LatitudeDegrees><LongitudeDegrees>-34.94842242</LongitudeDegrees></Position><HeartRateBpm><Value>169</Value></HeartRateBpm><Cadence>89</Cadence><Extensions><ns3:TPX><ns3:Speed>2.5999999046325684</ns3:Speed><ns3:Pace>0.38</ns3:Pace></ns3:TPX></Extensions></Trackpoint><Trackpoint><Time>2025-08-17T21:43:51Z</Time><Position><LatitudeDegrees>-8.05235414</LatitudeDegrees><LongitudeDegrees>-34.94840543</LongitudeDegrees></Position><HeartRateBpm><Value>170</Value></HeartRateBpm><Cadence>90</Cadence><Extensions><ns3:TPX><ns3:Speed>2.5999999046325684</ns3:Speed><ns3:Pace>0.38</ns3:Pace></ns3:TPX></Extensions></Trackpoint><Trackpoint><Time>2025-08-17T21:43:52Z</Time><Position><LatitudeDegrees>-8.05233948</LatitudeDegrees><LongitudeDegrees>-34.94838778</LongitudeDegrees></Position><HeartRateBpm><Value>170</Value></HeartRateBpm><Cadence>89</Cadence><Extensions><ns3:TPX><ns3:Speed>2.5999999046325684</ns3:Speed><ns3:Pace>0.38</ns3:Pace></ns3:TPX></Extensions></Trackpoint><Trackpoint><Time>2025-08-17T21:43:53Z</Time><Position><LatitudeDegrees>-8.05232649</LatitudeDegrees><LongitudeDegrees>-34.94836911</LongitudeDegrees></Position><HeartRateBpm><Value>170</Value></HeartRateBpm><Cadence>89</Cadence><Extensions><ns3:TPX><ns3:Speed>2.5999999046325684</ns3:Speed><ns3:Pace>0.38</ns3:Pace></ns3:TPX></Extensions></Trackpoint><Trackpoint><Time>2025-08-17T21:43:54Z</Time><Position><LatitudeDegrees>-8.05231483</LatitudeDegrees><LongitudeDegrees>-34.94835079</LongitudeDegrees></Position><HeartRateBpm><Value>170</Value></HeartRateBpm><Cadence>89</Cadence><Extensions><ns3:TPX><ns3:Speed>2.5999999046325684</ns3:Speed><ns3:Pace>0.38</ns3:Pace></ns3:TPX></Extensions></Trackpoint><Trackpoint><Time>2025-08-17T21:43:55Z</Time><Position><LatitudeDegrees>-8.05230216</LatitudeDegrees><LongitudeDegrees>-34.94833112</LongitudeDegrees></Position><HeartRateBpm><Value>170</Value></HeartRateBpm><Cadence>89</Cadence><Extensions><ns3:TPX><ns3:Speed>2.5999999046325684</ns3:Speed><ns3:Pace>0.38</ns3:Pace></ns3:TPX></Extensions></Trackpoint><Trackpoint><Time>2025-08-17T21:43:56Z</Time><Position><LatitudeDegrees>-8.05228884</LatitudeDegrees><LongitudeDegrees>-34.94831212</LongitudeDegrees></Position><HeartRateBpm><Value>170</Value></HeartRateBpm><Cadence>89</Cadence><Extensions><ns3:TPX><ns3:Speed>2.5999999046325684</ns3:Speed><ns3:Pace>0.38</ns3:Pace></ns3:TPX></Extensions></Trackpoint><Trackpoint><Time>2025-08-17T21:43:57Z</Time><Position><LatitudeDegrees>-8.05227651</LatitudeDegrees><LongitudeDegrees>-34.94829312</LongitudeDegrees></Position><HeartRateBpm><Value>170</Value></HeartRateBpm><Cadence>89</Cadence><Extensions><ns3:TPX><ns3:Speed>2.5999999046325684</ns3:Speed><ns3:Pace>0.38</ns3:Pace></ns3:TPX></Extensions></Trackpoint><Trackpoint><Time>2025-08-17T21:43:58Z</Time><Position><LatitudeDegrees>-8.05226351</LatitudeDegrees><LongitudeDegrees>-34.94827345</LongitudeDegrees></Position><HeartRateBpm><Value>170</Value></HeartRateBpm><Cadence>89</Cadence><Extensions><ns3:TPX><ns3:Speed>2.5999999046325684</ns3:Speed><ns3:Pace>0.38</ns3:Pace></ns3:TPX></Extensions></Trackpoint><Trackpoint><Time>2025-08-17T21:43:59Z</Time><Position><LatitudeDegrees>-8.05225118</LatitudeDegrees><LongitudeDegrees>-34.94825446</LongitudeDegrees></Position><HeartRateBpm><Value>170</Value></HeartRateBpm><Cadence>90</Cadence><Extensions><ns3:TPX><ns3:Speed>2.5999999046325684</ns3:Speed><ns3:Pace>0.38</ns3:Pace></ns3:TPX></Extensions></Trackpoint><Trackpoint><Time>2025-08-17T21:44:00Z</Time><Position><LatitudeDegrees>-8.05223786</LatitudeDegrees><LongitudeDegrees>-34.94823346</LongitudeDegrees></Position><HeartRateBpm><Value>170</Value></HeartRateBpm><Cadence>90</Cadence><Extensions><ns3:TPX><ns3:Speed>2.5999999046325684</ns3:Speed><ns3:Pace>0.38</ns3:Pace></ns3:TPX></Extensions></Trackpoint><Trackpoint><Time>2025-08-17T21:44:01Z</Time><Position><LatitudeDegrees>-8.05222519</LatitudeDegrees><LongitudeDegrees>-34.94821314</LongitudeDegrees></Position><HeartRateBpm><Value>170</Value></HeartRateBpm><Cadence>90</Cadence><Extensions><ns3:TPX><ns3:Speed>2.5999999046325684</ns3:Speed><ns3:Pace>0.38</ns3:Pace></ns3:TPX></Extensions></Trackpoint><Trackpoint><Time>2025-08-17T21:44:02Z</Time><Position><LatitudeDegrees>-8.0522122</LatitudeDegrees><LongitudeDegrees>-34.94819147</LongitudeDegrees></Position><HeartRateBpm><Value>172</Value></HeartRateBpm><Cadence>91</Cadence><Extensions><ns3:TPX><ns3:Speed>2.5999999046325684</ns3:Speed><ns3:Pace>0.38</ns3:Pace></ns3:TPX></Extensions></Trackpoint><Trackpoint><Time>2025-08-17T21:44:03Z</Time><Position><LatitudeDegrees>-8.0522012</LatitudeDegrees><LongitudeDegrees>-34.94816882</LongitudeDegrees></Position><HeartRateBpm><Value>172</Value></HeartRateBpm><Cadence>91</Cadence><Extensions><ns3:TPX><ns3:Speed>2.5899999141693115</ns3:Speed><ns3:Pace>0.38</ns3:Pace></ns3:TPX></Extensions></Trackpoint><Trackpoint><Time>2025-08-17T21:44:04Z</Time><Position><LatitudeDegrees>-8.05219287</LatitudeDegrees><LongitudeDegrees>-34.94814483</LongitudeDegrees></Position><HeartRateBpm><Value>172</Value></HeartRateBpm><Cadence>90</Cadence><Extensions><ns3:TPX><ns3:Speed>2.5899999141693115</ns3:Speed><ns3:Pace>0.38</ns3:Pace></ns3:TPX></Extensions></Trackpoint><Trackpoint><Time>2025-08-17T21:44:05Z</Time><Position><LatitudeDegrees>-8.05218621</LatitudeDegrees><LongitudeDegrees>-34.94811983</LongitudeDegrees></Position><HeartRateBpm><Value>172</Value></HeartRateBpm><Cadence>90</Cadence><Extensions><ns3:TPX><ns3:Speed>2.5899999141693115</ns3:Speed><ns3:Pace>0.38</ns3:Pace></ns3:TPX></Extensions></Trackpoint><Trackpoint><Time>2025-08-17T21:44:06Z</Time><Position><LatitudeDegrees>-8.05218155</LatitudeDegrees><LongitudeDegrees>-34.94809383</LongitudeDegrees></Position><HeartRateBpm><Value>172</Value></HeartRateBpm><Cadence>91</Cadence><Extensions><ns3:TPX><ns3:Speed>2.5899999141693115</ns3:Speed><ns3:Pace>0.38</ns3:Pace></ns3:TPX></Extensions></Trackpoint><Trackpoint><Time>2025-08-17T21:44:07Z</Time><Position><LatitudeDegrees>-8.05217856</LatitudeDegrees><LongitudeDegrees>-34.9480675</LongitudeDegrees></Position><HeartRateBpm><Value>172</Value></HeartRateBpm><Cadence>91</Cadence><Extensions><ns3:TPX><ns3:Speed>2.5899999141693115</ns3:Speed><ns3:Pace>0.38</ns3:Pace></ns3:TPX></Extensions></Trackpoint><Trackpoint><Time>2025-08-17T21:44:08Z</Time><Position><LatitudeDegrees>-8.05217722</LatitudeDegrees><LongitudeDegrees>-34.94804151</LongitudeDegrees></Position><HeartRateBpm><Value>172</Value></HeartRateBpm><Cadence>91</Cadence><Extensions><ns3:TPX><ns3:Speed>2.5899999141693115</ns3:Speed><ns3:Pace>0.38</ns3:Pace></ns3:TPX></Extensions></Trackpoint><Trackpoint><Time>2025-08-17T21:44:09Z</Time><Position><LatitudeDegrees>-8.05217623</LatitudeDegrees><LongitudeDegrees>-34.94801286</LongitudeDegrees></Position><HeartRateBpm><Value>173</Value></HeartRateBpm><Cadence>90</Cadence><Extensions><ns3:TPX><ns3:Speed>2.5999999046325684</ns3:Speed><ns3:Pace>0.38</ns3:Pace></ns3:TPX></Extensions></Trackpoint><Trackpoint><Time>2025-08-17T21:44:10Z</Time><Position><LatitudeDegrees>-8.05217557</LatitudeDegrees><LongitudeDegrees>-34.94798452</LongitudeDegrees></Position><HeartRateBpm><Value>174</Value></HeartRateBpm><Cadence>90</Cadence><Extensions><ns3:TPX><ns3:Speed>2.5999999046325684</ns3:Speed><ns3:Pace>0.38</ns3:Pace></ns3:TPX></Extensions></Trackpoint><Trackpoint><Time>2025-08-17T21:44:11Z</Time><Position><LatitudeDegrees>-8.05217491</LatitudeDegrees><LongitudeDegrees>-34.94795719</LongitudeDegrees></Position><HeartRateBpm><Value>174</Value></HeartRateBpm><Cadence>90</Cadence><Extensions><ns3:TPX><ns3:Speed>2.609999895095825</ns3:Speed><ns3:Pace>0.38</ns3:Pace></ns3:TPX></Extensions></Trackpoint><Trackpoint><Time>2025-08-17T21:44:12Z</Time><Position><LatitudeDegrees>-8.05217523</LatitudeDegrees><LongitudeDegrees>-34.94793187</LongitudeDegrees></Position><HeartRateBpm><Value>176</Value></HeartRateBpm><Cadence>89</Cadence><Extensions><ns3:TPX><ns3:Speed>2.609999895095825</ns3:Speed><ns3:Pace>0.38</ns3:Pace></ns3:TPX></Extensions></Trackpoint><Trackpoint><Time>2025-08-17T21:44:13Z</Time><Position><LatitudeDegrees>-8.0521759</LatitudeDegrees><LongitudeDegrees>-34.94790621</LongitudeDegrees></Position><HeartRateBpm><Value>176</Value></HeartRateBpm><Cadence>89</Cadence><Extensions><ns3:TPX><ns3:Speed>2.609999895095825</ns3:Speed><ns3:Pace>0.38</ns3:Pace></ns3:TPX></Extensions></Trackpoint><Trackpoint><Time>2025-08-17T21:44:14Z</Time><Position><LatitudeDegrees>-8.05217523</LatitudeDegrees><LongitudeDegrees>-34.94787821</LongitudeDegrees></Position><HeartRateBpm><Value>176</Value></HeartRateBpm><Cadence>90</Cadence><Extensions><ns3:TPX><ns3:Speed>2.619999885559082</ns3:Speed><ns3:Pace>0.38</ns3:Pace></ns3:TPX></Extensions></Trackpoint><Trackpoint><Time>2025-08-17T21:44:15Z</Time><Position><LatitudeDegrees>-8.05217491</LatitudeDegrees><LongitudeDegrees>-34.94784989</LongitudeDegrees></Position><HeartRateBpm><Value>176</Value></HeartRateBpm><Cadence>90</Cadence><Extensions><ns3:TPX><ns3:Speed>2.630000114440918</ns3:Speed><ns3:Pace>0.37</ns3:Pace></ns3:TPX></Extensions></Trackpoint><Trackpoint><Time>2025-08-17T21:44:16Z</Time><Position><LatitudeDegrees>-8.05217557</LatitudeDegrees><LongitudeDegrees>-34.94782222</LongitudeDegrees></Position><HeartRateBpm><Value>176</Value></HeartRateBpm><Cadence>90</Cadence><Extensions><ns3:TPX><ns3:Speed>2.640000104904175</ns3:Speed><ns3:Pace>0.37</ns3:Pace></ns3:TPX></Extensions></Trackpoint><Trackpoint><Time>2025-08-17T21:44:17Z</Time><Position><LatitudeDegrees>-8.05217723</LatitudeDegrees><LongitudeDegrees>-34.94779656</LongitudeDegrees></Position><HeartRateBpm><Value>177</Value></HeartRateBpm><Cadence>90</Cadence><Extensions><ns3:TPX><ns3:Speed>2.6500000953674316</ns3:Speed><ns3:Pace>0.37</ns3:Pace></ns3:TPX></Extensions></Trackpoint><Trackpoint><Time>2025-08-17T21:44:18Z</Time><Position><LatitudeDegrees>-8.05217956</LatitudeDegrees><LongitudeDegrees>-34.94777057</LongitudeDegrees></Position><HeartRateBpm><Value>177</Value></HeartRateBpm><Cadence>90</Cadence><Extensions><ns3:TPX><ns3:Speed>2.6500000953674316</ns3:Speed><ns3:Pace>0.37</ns3:Pace></ns3:TPX></Extensions></Trackpoint><Trackpoint><Time>2025-08-17T21:44:19Z</Time><Position><LatitudeDegrees>-8.05218055</LatitudeDegrees><LongitudeDegrees>-34.94774257</LongitudeDegrees></Position><HeartRateBpm><Value>178</Value></HeartRateBpm><Cadence>89</Cadence><Extensions><ns3:TPX><ns3:Speed>2.6600000858306885</ns3:Speed><ns3:Pace>0.37</ns3:Pace></ns3:TPX></Extensions></Trackpoint><Trackpoint><Time>2025-08-17T21:44:20Z</Time><Position><LatitudeDegrees>-8.05218055</LatitudeDegrees><LongitudeDegrees>-34.94771491</LongitudeDegrees></Position><HeartRateBpm><Value>178</Value></HeartRateBpm><Cadence>89</Cadence><Extensions><ns3:TPX><ns3:Speed>2.6600000858306885</ns3:Speed><ns3:Pace>0.37</ns3:Pace></ns3:TPX></Extensions></Trackpoint><Trackpoint><Time>2025-08-17T21:44:21Z</Time><Position><LatitudeDegrees>-8.05218022</LatitudeDegrees><LongitudeDegrees>-34.94768991</LongitudeDegrees></Position><HeartRateBpm><Value>178</Value></HeartRateBpm><Cadence>89</Cadence><Extensions><ns3:TPX><ns3:Speed>2.6700000762939453</ns3:Speed><ns3:Pace>0.37</ns3:Pace></ns3:TPX></Extensions></Trackpoint><Trackpoint><Time>2025-08-17T21:44:22Z</Time><Position><LatitudeDegrees>-8.0521799</LatitudeDegrees><LongitudeDegrees>-34.94766491</LongitudeDegrees></Position><HeartRateBpm><Value>178</Value></HeartRateBpm><Cadence>89</Cadence><Extensions><ns3:TPX><ns3:Speed>2.680000066757202</ns3:Speed><ns3:Pace>0.37</ns3:Pace></ns3:TPX></Extensions></Trackpoint><Trackpoint><Time>2025-08-17T21:44:23Z</Time><Position><LatitudeDegrees>-8.05217723</LatitudeDegrees><LongitudeDegrees>-34.94764057</LongitudeDegrees></Position><HeartRateBpm><Value>179</Value></HeartRateBpm><Cadence>89</Cadence><Extensions><ns3:TPX><ns3:Speed>2.680000066757202</ns3:Speed><ns3:Pace>0.37</ns3:Pace></ns3:TPX></Extensions></Trackpoint><Trackpoint><Time>2025-08-17T21:44:24Z</Time><Position><LatitudeDegrees>-8.05217291</LatitudeDegrees><LongitudeDegrees>-34.94761692</LongitudeDegrees></Position><HeartRateBpm><Value>179</Value></HeartRateBpm><Cadence>88</Cadence><Extensions><ns3:TPX><ns3:Speed>2.690000057220459</ns3:Speed><ns3:Pace>0.37</ns3:Pace></ns3:TPX></Extensions></Trackpoint><Trackpoint><Time>2025-08-17T21:44:25Z</Time><Position><LatitudeDegrees>-8.05215825</LatitudeDegrees><LongitudeDegrees>-34.94757626</LongitudeDegrees></Position><HeartRateBpm><Value>179</Value></HeartRateBpm><Cadence>89</Cadence><Extensions><ns3:TPX><ns3:Speed>2.690000057220459</ns3:Speed><ns3:Pace>0.37</ns3:Pace></ns3:TPX></Extensions></Trackpoint><Trackpoint><Time>2025-08-17T21:44:26Z</Time><Position><LatitudeDegrees>-8.0521476</LatitudeDegrees><LongitudeDegrees>-34.94755993</LongitudeDegrees></Position><HeartRateBpm><Value>179</Value></HeartRateBpm><Cadence>88</Cadence><Extensions><ns3:TPX><ns3:Speed>2.700000047683716</ns3:Speed><ns3:Pace>0.37</ns3:Pace></ns3:TPX></Extensions></Trackpoint><Trackpoint><Time>2025-08-17T21:44:27Z</Time><Position><LatitudeDegrees>-8.0521346</LatitudeDegrees><LongitudeDegrees>-34.94754759</LongitudeDegrees></Position><HeartRateBpm><Value>180</Value></HeartRateBpm><Cadence>88</Cadence><Extensions><ns3:TPX><ns3:Speed>2.700000047683716</ns3:Speed><ns3:Pace>0.37</ns3:Pace></ns3:TPX></Extensions></Trackpoint><Trackpoint><Time>2025-08-17T21:44:28Z</Time><Position><LatitudeDegrees>-8.05211894</LatitudeDegrees><LongitudeDegrees>-34.9475386</LongitudeDegrees></Position><HeartRateBpm><Value>180</Value></HeartRateBpm><Cadence>89</Cadence><Extensions><ns3:TPX><ns3:Speed>2.700000047683716</ns3:Speed><ns3:Pace>0.37</ns3:Pace></ns3:TPX></Extensions></Trackpoint><Trackpoint><Time>2025-08-17T21:44:29Z</Time><Position><LatitudeDegrees>-8.05210262</LatitudeDegrees><LongitudeDegrees>-34.94753327</LongitudeDegrees></Position><HeartRateBpm><Value>180</Value></HeartRateBpm><Cadence>89</Cadence><Extensions><ns3:TPX><ns3:Speed>2.700000047683716</ns3:Speed><ns3:Pace>0.37</ns3:Pace></ns3:TPX></Extensions></Trackpoint><Trackpoint><Time>2025-08-17T21:44:30Z</Time><Position><LatitudeDegrees>-8.05208395</LatitudeDegrees><LongitudeDegrees>-34.94753128</LongitudeDegrees></Position><HeartRateBpm><Value>180</Value></HeartRateBpm><Cadence>88</Cadence><Extensions><ns3:TPX><ns3:Speed>2.690000057220459</ns3:Speed><ns3:Pace>0.37</ns3:Pace></ns3:TPX></Extensions></Trackpoint><Trackpoint><Time>2025-08-17T21:44:31Z</Time><Position><LatitudeDegrees>-8.05206596</LatitudeDegrees><LongitudeDegrees>-34.9475326</LongitudeDegrees></Position><HeartRateBpm><Value>180</Value></HeartRateBpm><Cadence>88</Cadence><Extensions><ns3:TPX><ns3:Speed>2.690000057220459</ns3:Speed><ns3:Pace>0.37</ns3:Pace></ns3:TPX></Extensions></Trackpoint><Trackpoint><Time>2025-08-17T21:44:32Z</Time><Position><LatitudeDegrees>-8.05204564</LatitudeDegrees><LongitudeDegrees>-34.94753794</LongitudeDegrees></Position><HeartRateBpm><Value>180</Value></HeartRateBpm><Cadence>88</Cadence><Extensions><ns3:TPX><ns3:Speed>2.680000066757202</ns3:Speed><ns3:Pace>0.37</ns3:Pace></ns3:TPX></Extensions></Trackpoint><Trackpoint><Time>2025-08-17T21:44:33Z</Time><Position><LatitudeDegrees>-8.05202665</LatitudeDegrees><LongitudeDegrees>-34.94754594</LongitudeDegrees></Position><HeartRateBpm><Value>181</Value></HeartRateBpm><Cadence>88</Cadence><Extensions><ns3:TPX><ns3:Speed>2.6700000762939453</ns3:Speed><ns3:Pace>0.37</ns3:Pace></ns3:TPX></Extensions></Trackpoint><Trackpoint><Time>2025-08-17T21:44:34Z</Time><Position><LatitudeDegrees>-8.05200931</LatitudeDegrees><LongitudeDegrees>-34.9475566</LongitudeDegrees></Position><HeartRateBpm><Value>180</Value></HeartRateBpm><Cadence>88</Cadence><Extensions><ns3:TPX><ns3:Speed>2.6500000953674316</ns3:Speed><ns3:Pace>0.37</ns3:Pace></ns3:TPX></Extensions></Trackpoint><Trackpoint><Time>2025-08-17T21:44:35Z</Time><Position><LatitudeDegrees>-8.05199499</LatitudeDegrees><LongitudeDegrees>-34.94756926</LongitudeDegrees></Position><HeartRateBpm><Value>179</Value></HeartRateBpm><Cadence>88</Cadence><Extensions><ns3:TPX><ns3:Speed>2.640000104904175</ns3:Speed><ns3:Pace>0.37</ns3:Pace></ns3:TPX></Extensions></Trackpoint><Trackpoint><Time>2025-08-17T21:44:36Z</Time><Position><LatitudeDegrees>-8.05198332</LatitudeDegrees><LongitudeDegrees>-34.94758559</LongitudeDegrees></Position><HeartRateBpm><Value>178</Value></HeartRateBpm><Cadence>88</Cadence><Extensions><ns3:TPX><ns3:Speed>2.630000114440918</ns3:Speed><ns3:Pace>0.37</ns3:Pace></ns3:TPX></Extensions></Trackpoint><Trackpoint><Time>2025-08-17T21:44:37Z</Time><Position><LatitudeDegrees>-8.05197367</LatitudeDegrees><LongitudeDegrees>-34.94760558</LongitudeDegrees></Position><HeartRateBpm><Value>178</Value></HeartRateBpm><Cadence>88</Cadence><Extensions><ns3:TPX><ns3:Speed>2.630000114440918</ns3:Speed><ns3:Pace>0.38</ns3:Pace></ns3:TPX></Extensions></Trackpoint><Trackpoint><Time>2025-08-17T21:44:38Z</Time><Position><LatitudeDegrees>-8.05196467</LatitudeDegrees><LongitudeDegrees>-34.94762624</LongitudeDegrees></Position><HeartRateBpm><Value>177</Value></HeartRateBpm><Cadence>89</Cadence><Extensions><ns3:TPX><ns3:Speed>2.619999885559082</ns3:Speed><ns3:Pace>0.38</ns3:Pace></ns3:TPX></Extensions></Trackpoint><Trackpoint><Time>2025-08-17T21:44:39Z</Time><Position><LatitudeDegrees>-8.05195533</LatitudeDegrees><LongitudeDegrees>-34.94764691</LongitudeDegrees></Position><HeartRateBpm><Value>177</Value></HeartRateBpm><Cadence>89</Cadence><Extensions><ns3:TPX><ns3:Speed>2.609999895095825</ns3:Speed><ns3:Pace>0.38</ns3:Pace></ns3:TPX></Extensions></Trackpoint><Trackpoint><Time>2025-08-17T21:44:40Z</Time><Position><LatitudeDegrees>-8.05194568</LatitudeDegrees><LongitudeDegrees>-34.94766556</LongitudeDegrees></Position><HeartRateBpm><Value>177</Value></HeartRateBpm><Cadence>88</Cadence><Extensions><ns3:TPX><ns3:Speed>2.609999895095825</ns3:Speed><ns3:Pace>0.38</ns3:Pace></ns3:TPX></Extensions></Trackpoint><Trackpoint><Time>2025-08-17T21:44:41Z</Time><Position><LatitudeDegrees>-8.05193435</LatitudeDegrees><LongitudeDegrees>-34.9476839</LongitudeDegrees></Position><HeartRateBpm><Value>179</Value></HeartRateBpm><Cadence>88</Cadence><Extensions><ns3:TPX><ns3:Speed>2.5999999046325684</ns3:Speed><ns3:Pace>0.38</ns3:Pace></ns3:TPX></Extensions></Trackpoint><Trackpoint><Time>2025-08-17T21:44:42Z</Time><Position><LatitudeDegrees>-8.05191935</LatitudeDegrees><LongitudeDegrees>-34.94770256</LongitudeDegrees></Position><HeartRateBpm><Value>178</Value></HeartRateBpm><Cadence>88</Cadence><Extensions><ns3:TPX><ns3:Speed>2.5899999141693115</ns3:Speed><ns3:Pace>0.38</ns3:Pace></ns3:TPX></Extensions></Trackpoint><Trackpoint><Time>2025-08-17T21:44:43Z</Time><Position><LatitudeDegrees>-8.05190303</LatitudeDegrees><LongitudeDegrees>-34.94771889</LongitudeDegrees></Position><HeartRateBpm><Value>178</Value></HeartRateBpm><Cadence>88</Cadence><Extensions><ns3:TPX><ns3:Speed>2.5899999141693115</ns3:Speed><ns3:Pace>0.38</ns3:Pace></ns3:TPX></Extensions></Trackpoint><Trackpoint><Time>2025-08-17T21:44:44Z</Time><Position><LatitudeDegrees>-8.05188536</LatitudeDegrees><LongitudeDegrees>-34.94773122</LongitudeDegrees></Position><HeartRateBpm><Value>178</Value></HeartRateBpm><Cadence>89</Cadence><Extensions><ns3:TPX><ns3:Speed>2.5899999141693115</ns3:Speed><ns3:Pace>0.38</ns3:Pace></ns3:TPX></Extensions></Trackpoint><Trackpoint><Time>2025-08-17T21:44:45Z</Time><Position><LatitudeDegrees>-8.05186537</LatitudeDegrees><LongitudeDegrees>-34.94773988</LongitudeDegrees></Position><HeartRateBpm><Value>179</Value></HeartRateBpm><Cadence>88</Cadence><Extensions><ns3:TPX><ns3:Speed>2.5899999141693115</ns3:Speed><ns3:Pace>0.38</ns3:Pace></ns3:TPX></Extensions></Trackpoint><Trackpoint><Time>2025-08-17T21:44:46Z</Time><Position><LatitudeDegrees>-8.05184304</LatitudeDegrees><LongitudeDegrees>-34.94774587</LongitudeDegrees></Position><HeartRateBpm><Value>180</Value></HeartRateBpm><Cadence>89</Cadence><Extensions><ns3:TPX><ns3:Speed>2.5899999141693115</ns3:Speed><ns3:Pace>0.38</ns3:Pace></ns3:TPX></Extensions></Trackpoint><Trackpoint><Time>2025-08-17T21:44:47Z</Time><Position><LatitudeDegrees>-8.05181871</LatitudeDegrees><LongitudeDegrees>-34.94775019</LongitudeDegrees></Position><HeartRateBpm><Value>181</Value></HeartRateBpm><Cadence>89</Cadence><Extensions><ns3:TPX><ns3:Speed>2.5799999237060547</ns3:Speed><ns3:Pace>0.38</ns3:Pace></ns3:TPX></Extensions></Trackpoint><Trackpoint><Time>2025-08-17T21:44:48Z</Time><Position><LatitudeDegrees>-8.05179504</LatitudeDegrees><LongitudeDegrees>-34.94775286</LongitudeDegrees></Position><HeartRateBpm><Value>182</Value></HeartRateBpm><Cadence>89</Cadence><Extensions><ns3:TPX><ns3:Speed>2.5799999237060547</ns3:Speed><ns3:Pace>0.38</ns3:Pace></ns3:TPX></Extensions></Trackpoint><Trackpoint><Time>2025-08-17T21:44:49Z</Time><Position><LatitudeDegrees>-8.05177072</LatitudeDegrees><LongitudeDegrees>-34.94775486</LongitudeDegrees></Position><HeartRateBpm><Value>182</Value></HeartRateBpm><Cadence>89</Cadence><Extensions><ns3:TPX><ns3:Speed>2.5799999237060547</ns3:Speed><ns3:Pace>0.38</ns3:Pace></ns3:TPX></Extensions></Trackpoint><Trackpoint><Time>2025-08-17T21:44:50Z</Time><Position><LatitudeDegrees>-8.05174673</LatitudeDegrees><LongitudeDegrees>-34.94775619</LongitudeDegrees></Position><HeartRateBpm><Value>181</Value></HeartRateBpm><Cadence>89</Cadence><Extensions><ns3:TPX><ns3:Speed>2.5799999237060547</ns3:Speed><ns3:Pace>0.38</ns3:Pace></ns3:TPX></Extensions></Trackpoint><Trackpoint><Time>2025-08-17T21:44:51Z</Time><Position><LatitudeDegrees>-8.05172239</LatitudeDegrees><LongitudeDegrees>-34.94775586</LongitudeDegrees></Position><HeartRateBpm><Value>181</Value></HeartRateBpm><Cadence>89</Cadence><Extensions><ns3:TPX><ns3:Speed>2.5799999237060547</ns3:Speed><ns3:Pace>0.38</ns3:Pace></ns3:TPX></Extensions></Trackpoint><Trackpoint><Time>2025-08-17T21:44:52Z</Time><Position><LatitudeDegrees>-8.05169907</LatitudeDegrees><LongitudeDegrees>-34.9477552</LongitudeDegrees></Position><HeartRateBpm><Value>181</Value></HeartRateBpm><Cadence>89</Cadence><Extensions><ns3:TPX><ns3:Speed>2.5799999237060547</ns3:Speed><ns3:Pace>0.38</ns3:Pace></ns3:TPX></Extensions></Trackpoint><Trackpoint><Time>2025-08-17T21:44:53Z</Time><Position><LatitudeDegrees>-8.05167607</LatitudeDegrees><LongitudeDegrees>-34.94775421</LongitudeDegrees></Position><HeartRateBpm><Value>182</Value></HeartRateBpm><Cadence>89</Cadence><Extensions><ns3:TPX><ns3:Speed>2.5799999237060547</ns3:Speed><ns3:Pace>0.38</ns3:Pace></ns3:TPX></Extensions></Trackpoint><Trackpoint><Time>2025-08-17T21:44:54Z</Time><Position><LatitudeDegrees>-8.05165408</LatitudeDegrees><LongitudeDegrees>-34.94775288</LongitudeDegrees></Position><HeartRateBpm><Value>181</Value></HeartRateBpm><Cadence>89</Cadence><Extensions><ns3:TPX><ns3:Speed>2.5799999237060547</ns3:Speed><ns3:Pace>0.38</ns3:Pace></ns3:TPX></Extensions></Trackpoint><Trackpoint><Time>2025-08-17T21:44:55Z</Time><Position><LatitudeDegrees>-8.05163441</LatitudeDegrees><LongitudeDegrees>-34.94775222</LongitudeDegrees></Position><HeartRateBpm><Value>181</Value></HeartRateBpm><Cadence>89</Cadence><Extensions><ns3:TPX><ns3:Speed>2.5799999237060547</ns3:Speed><ns3:Pace>0.38</ns3:Pace></ns3:TPX></Extensions></Trackpoint><Trackpoint><Time>2025-08-17T21:44:56Z</Time><Position><LatitudeDegrees>-8.05161309</LatitudeDegrees><LongitudeDegrees>-34.94775056</LongitudeDegrees></Position><HeartRateBpm><Value>180</Value></HeartRateBpm><Cadence>89</Cadence><Extensions><ns3:TPX><ns3:Speed>2.5799999237060547</ns3:Speed><ns3:Pace>0.38</ns3:Pace></ns3:TPX></Extensions></Trackpoint><Trackpoint><Time>2025-08-17T21:44:57Z</Time><Position><LatitudeDegrees>-8.05159209</LatitudeDegrees><LongitudeDegrees>-34.94774823</LongitudeDegrees></Position><HeartRateBpm><Value>180</Value></HeartRateBpm><Cadence>89</Cadence><Extensions><ns3:TPX><ns3:Speed>2.5799999237060547</ns3:Speed><ns3:Pace>0.38</ns3:Pace></ns3:TPX></Extensions></Trackpoint><Trackpoint><Time>2025-08-17T21:44:58Z</Time><Position><LatitudeDegrees>-8.05157143</LatitudeDegrees><LongitudeDegrees>-34.94774623</LongitudeDegrees></Position><HeartRateBpm><Value>180</Value></HeartRateBpm><Cadence>89</Cadence><Extensions><ns3:TPX><ns3:Speed>2.5799999237060547</ns3:Speed><ns3:Pace>0.38</ns3:Pace></ns3:TPX></Extensions></Trackpoint><Trackpoint><Time>2025-08-17T21:44:59Z</Time><Position><LatitudeDegrees>-8.05155177</LatitudeDegrees><LongitudeDegrees>-34.9477439</LongitudeDegrees></Position><HeartRateBpm><Value>187</Value></HeartRateBpm><Cadence>89</Cadence><Extensions><ns3:TPX><ns3:Speed>2.5799999237060547</ns3:Speed><ns3:Pace>0.38</ns3:Pace></ns3:TPX></Extensions></Trackpoint><Trackpoint><Time>2025-08-17T21:45:00Z</Time><Position><LatitudeDegrees>-8.05153278</LatitudeDegrees><LongitudeDegrees>-34.94773923</LongitudeDegrees></Position><HeartRateBpm><Value>189</Value></HeartRateBpm><Cadence>89</Cadence><Extensions><ns3:TPX><ns3:Speed>2.569999933242798</ns3:Speed><ns3:Pace>0.38</ns3:Pace></ns3:TPX></Extensions></Trackpoint><Trackpoint><Time>2025-08-17T21:45:01Z</Time><Position><LatitudeDegrees>-8.05151379</LatitudeDegrees><LongitudeDegrees>-34.94773424</LongitudeDegrees></Position><HeartRateBpm><Value>189</Value></HeartRateBpm><Cadence>89</Cadence><Extensions><ns3:TPX><ns3:Speed>2.569999933242798</ns3:Speed><ns3:Pace>0.38</ns3:Pace></ns3:TPX></Extensions></Trackpoint><Trackpoint><Time>2025-08-17T21:45:02Z</Time><Position><LatitudeDegrees>-8.05149413</LatitudeDegrees><LongitudeDegrees>-34.94772924</LongitudeDegrees></Position><HeartRateBpm><Value>189</Value></HeartRateBpm><Cadence>88</Cadence><Extensions><ns3:TPX><ns3:Speed>2.569999933242798</ns3:Speed><ns3:Pace>0.39</ns3:Pace></ns3:TPX></Extensions></Trackpoint><Trackpoint><Time>2025-08-17T21:45:03Z</Time><Position><LatitudeDegrees>-8.05147514</LatitudeDegrees><LongitudeDegrees>-34.94772457</LongitudeDegrees></Position><HeartRateBpm><Value>189</Value></HeartRateBpm><Cadence>88</Cadence><Extensions><ns3:TPX><ns3:Speed>2.559999942779541</ns3:Speed><ns3:Pace>0.39</ns3:Pace></ns3:TPX></Extensions></Trackpoint><Trackpoint><Time>2025-08-17T21:45:04Z</Time><Position><LatitudeDegrees>-8.05145347</LatitudeDegrees><LongitudeDegrees>-34.94772058</LongitudeDegrees></Position><HeartRateBpm><Value>189</Value></HeartRateBpm><Cadence>89</Cadence><Extensions><ns3:TPX><ns3:Speed>2.549999952316284</ns3:Speed><ns3:Pace>0.39</ns3:Pace></ns3:TPX></Extensions></Trackpoint><Trackpoint><Time>2025-08-17T21:45:05Z</Time><Position><LatitudeDegrees>-8.05143182</LatitudeDegrees><LongitudeDegrees>-34.94771726</LongitudeDegrees></Position><HeartRateBpm><Value>189</Value></HeartRateBpm><Cadence>88</Cadence><Extensions><ns3:TPX><ns3:Speed>2.549999952316284</ns3:Speed><ns3:Pace>0.39</ns3:Pace></ns3:TPX></Extensions></Trackpoint><Trackpoint><Time>2025-08-17T21:45:06Z</Time><Position><LatitudeDegrees>-8.05141082</LatitudeDegrees><LongitudeDegrees>-34.94771393</LongitudeDegrees></Position><HeartRateBpm><Value>189</Value></HeartRateBpm><Cadence>88</Cadence><Extensions><ns3:TPX><ns3:Speed>2.5399999618530273</ns3:Speed><ns3:Pace>0.39</ns3:Pace></ns3:TPX></Extensions></Trackpoint><Trackpoint><Time>2025-08-17T21:45:07Z</Time><Position><LatitudeDegrees>-8.05139016</LatitudeDegrees><LongitudeDegrees>-34.94770994</LongitudeDegrees></Position><HeartRateBpm><Value>189</Value></HeartRateBpm><Cadence>88</Cadence><Extensions><ns3:TPX><ns3:Speed>2.5399999618530273</ns3:Speed><ns3:Pace>0.39</ns3:Pace></ns3:TPX></Extensions></Trackpoint><Trackpoint><Time>2025-08-17T21:45:08Z</Time><Position><LatitudeDegrees>-8.05136849</LatitudeDegrees><LongitudeDegrees>-34.94770628</LongitudeDegrees></Position><HeartRateBpm><Value>190</Value></HeartRateBpm><Cadence>88</Cadence><Extensions><ns3:TPX><ns3:Speed>2.5299999713897705</ns3:Speed><ns3:Pace>0.39</ns3:Pace></ns3:TPX></Extensions></Trackpoint><Trackpoint><Time>2025-08-17T21:45:09Z</Time><Position><LatitudeDegrees>-8.0513465</LatitudeDegrees><LongitudeDegrees>-34.94770262</LongitudeDegrees></Position><HeartRateBpm><Value>190</Value></HeartRateBpm><Cadence>88</Cadence><Extensions><ns3:TPX><ns3:Speed>2.5199999809265137</ns3:Speed><ns3:Pace>0.39</ns3:Pace></ns3:TPX></Extensions></Trackpoint><Trackpoint><Time>2025-08-17T21:45:10Z</Time><Position><LatitudeDegrees>-8.05132384</LatitudeDegrees><LongitudeDegrees>-34.94769929</LongitudeDegrees></Position><HeartRateBpm><Value>190</Value></HeartRateBpm><Cadence>88</Cadence><Extensions><ns3:TPX><ns3:Speed>2.509999990463257</ns3:Speed><ns3:Pace>0.39</ns3:Pace></ns3:TPX></Extensions></Trackpoint><Trackpoint><Time>2025-08-17T21:45:11Z</Time><Position><LatitudeDegrees>-8.05130118</LatitudeDegrees><LongitudeDegrees>-34.94769597</LongitudeDegrees></Position><HeartRateBpm><Value>189</Value></HeartRateBpm><Cadence>88</Cadence><Extensions><ns3:TPX><ns3:Speed>2.509999990463257</ns3:Speed><ns3:Pace>0.39</ns3:Pace></ns3:TPX></Extensions></Trackpoint><Trackpoint><Time>2025-08-17T21:45:12Z</Time><Position><LatitudeDegrees>-8.05127986</LatitudeDegrees><LongitudeDegrees>-34.94769231</LongitudeDegrees></Position><HeartRateBpm><Value>188</Value></HeartRateBpm><Cadence>88</Cadence><Extensions><ns3:TPX><ns3:Speed>2.5</ns3:Speed><ns3:Pace>0.39</ns3:Pace></ns3:TPX></Extensions></Trackpoint><Trackpoint><Time>2025-08-17T21:45:13Z</Time><Position><LatitudeDegrees>-8.0512572</LatitudeDegrees><LongitudeDegrees>-34.94768964</LongitudeDegrees></Position><HeartRateBpm><Value>188</Value></HeartRateBpm><Cadence>88</Cadence><Extensions><ns3:TPX><ns3:Speed>2.5</ns3:Speed><ns3:Pace>0.39</ns3:Pace></ns3:TPX></Extensions></Trackpoint><Trackpoint><Time>2025-08-17T21:45:14Z</Time><Position><LatitudeDegrees>-8.05123387</LatitudeDegrees><LongitudeDegrees>-34.94768665</LongitudeDegrees></Position><HeartRateBpm><Value>186</Value></HeartRateBpm><Cadence>89</Cadence><Extensions><ns3:TPX><ns3:Speed>2.5</ns3:Speed><ns3:Pace>0.4</ns3:Pace></ns3:TPX></Extensions></Trackpoint><Trackpoint><Time>2025-08-17T21:45:15Z</Time><Position><LatitudeDegrees>-8.05120988</LatitudeDegrees><LongitudeDegrees>-34.94768465</LongitudeDegrees></Position><HeartRateBpm><Value>185</Value></HeartRateBpm><Cadence>88</Cadence><Extensions><ns3:TPX><ns3:Speed>2.5</ns3:Speed><ns3:Pace>0.4</ns3:Pace></ns3:TPX></Extensions></Trackpoint><Trackpoint><Time>2025-08-17T21:45:16Z</Time><Position><LatitudeDegrees>-8.05118622</LatitudeDegrees><LongitudeDegrees>-34.94768333</LongitudeDegrees></Position><HeartRateBpm><Value>184</Value></HeartRateBpm><Cadence>88</Cadence><Extensions><ns3:TPX><ns3:Speed>2.5</ns3:Speed><ns3:Pace>0.4</ns3:Pace></ns3:TPX></Extensions></Trackpoint><Trackpoint><Time>2025-08-17T21:45:17Z</Time><Position><LatitudeDegrees>-8.05116322</LatitudeDegrees><LongitudeDegrees>-34.94768233</LongitudeDegrees></Position><HeartRateBpm><Value>182</Value></HeartRateBpm><Cadence>88</Cadence><Extensions><ns3:TPX><ns3:Speed>2.5</ns3:Speed><ns3:Pace>0.4</ns3:Pace></ns3:TPX></Extensions></Trackpoint><Trackpoint><Time>2025-08-17T21:45:18Z</Time><Position><LatitudeDegrees>-8.05113855</LatitudeDegrees><LongitudeDegrees>-34.94768167</LongitudeDegrees></Position><HeartRateBpm><Value>182</Value></HeartRateBpm><Cadence>88</Cadence><Extensions><ns3:TPX><ns3:Speed>2.5</ns3:Speed><ns3:Pace>0.4</ns3:Pace></ns3:TPX></Extensions></Trackpoint><Trackpoint><Time>2025-08-17T21:45:19Z</Time><Position><LatitudeDegrees>-8.05111356</LatitudeDegrees><LongitudeDegrees>-34.94768035</LongitudeDegrees></Position><HeartRateBpm><Value>182</Value></HeartRateBpm><Cadence>88</Cadence><Extensions><ns3:TPX><ns3:Speed>2.5</ns3:Speed><ns3:Pace>0.4</ns3:Pace></ns3:TPX></Extensions></Trackpoint><Trackpoint><Time>2025-08-17T21:45:20Z</Time><Position><LatitudeDegrees>-8.05108923</LatitudeDegrees><LongitudeDegrees>-34.94767868</LongitudeDegrees></Position><HeartRateBpm><Value>183</Value></HeartRateBpm><Cadence>88</Cadence><Extensions><ns3:TPX><ns3:Speed>2.5</ns3:Speed><ns3:Pace>0.4</ns3:Pace></ns3:TPX></Extensions></Trackpoint><Trackpoint><Time>2025-08-17T21:45:21Z</Time><Position><LatitudeDegrees>-8.05106524</LatitudeDegrees><LongitudeDegrees>-34.94767769</LongitudeDegrees></Position><HeartRateBpm><Value>183</Value></HeartRateBpm><Cadence>88</Cadence><Extensions><ns3:TPX><ns3:Speed>2.5</ns3:Speed><ns3:Pace>0.4</ns3:Pace></ns3:TPX></Extensions></Trackpoint><Trackpoint><Time>2025-08-17T21:45:22Z</Time><Position><LatitudeDegrees>-8.05104325</LatitudeDegrees><LongitudeDegrees>-34.94767603</LongitudeDegrees></Position><HeartRateBpm><Value>183</Value></HeartRateBpm><Cadence>88</Cadence><Extensions><ns3:TPX><ns3:Speed>2.5</ns3:Speed><ns3:Pace>0.4</ns3:Pace></ns3:TPX></Extensions></Trackpoint><Trackpoint><Time>2025-08-17T21:45:23Z</Time><Position><LatitudeDegrees>-8.05102225</LatitudeDegrees><LongitudeDegrees>-34.94767069</LongitudeDegrees></Position><HeartRateBpm><Value>182</Value></HeartRateBpm><Cadence>88</Cadence><Extensions><ns3:TPX><ns3:Speed>2.5</ns3:Speed><ns3:Pace>0.39</ns3:Pace></ns3:TPX></Extensions></Trackpoint><Trackpoint><Time>2025-08-17T21:45:24Z</Time><Position><LatitudeDegrees>-8.05100225</LatitudeDegrees><LongitudeDegrees>-34.94766869</LongitudeDegrees></Position><HeartRateBpm><Value>182</Value></HeartRateBpm><Cadence>88</Cadence><Extensions><ns3:TPX><ns3:Speed>2.5</ns3:Speed><ns3:Pace>0.39</ns3:Pace></ns3:TPX></Extensions></Trackpoint><Trackpoint><Time>2025-08-17T21:45:25Z</Time><Position><LatitudeDegrees>-8.05098093</LatitudeDegrees><LongitudeDegrees>-34.9476677</LongitudeDegrees></Position><HeartRateBpm><Value>182</Value></HeartRateBpm><Cadence>88</Cadence><Extensions><ns3:TPX><ns3:Speed>2.5</ns3:Speed><ns3:Pace>0.39</ns3:Pace></ns3:TPX></Extensions></Trackpoint><Trackpoint><Time>2025-08-17T21:45:26Z</Time><Position><LatitudeDegrees>-8.05095827</LatitudeDegrees><LongitudeDegrees>-34.9476657</LongitudeDegrees></Position><HeartRateBpm><Value>182</Value></HeartRateBpm><Cadence>88</Cadence><Extensions><ns3:TPX><ns3:Speed>2.5</ns3:Speed><ns3:Pace>0.39</ns3:Pace></ns3:TPX></Extensions></Trackpoint><Trackpoint><Time>2025-08-17T21:45:27Z</Time><Position><LatitudeDegrees>-8.05093327</LatitudeDegrees><LongitudeDegrees>-34.94766471</LongitudeDegrees></Position><HeartRateBpm><Value>182</Value></HeartRateBpm><Cadence>88</Cadence><Extensions><ns3:TPX><ns3:Speed>2.5</ns3:Speed><ns3:Pace>0.39</ns3:Pace></ns3:TPX></Extensions></Trackpoint><Trackpoint><Time>2025-08-17T21:45:28Z</Time><Position><LatitudeDegrees>-8.05090761</LatitudeDegrees><LongitudeDegrees>-34.94766372</LongitudeDegrees></Position><HeartRateBpm><Value>181</Value></HeartRateBpm><Cadence>89</Cadence><Extensions><ns3:TPX><ns3:Speed>2.5</ns3:Speed><ns3:Pace>0.39</ns3:Pace></ns3:TPX></Extensions></Trackpoint><Trackpoint><Time>2025-08-17T21:45:29Z</Time><Position><LatitudeDegrees>-8.05088195</LatitudeDegrees><LongitudeDegrees>-34.94766438</LongitudeDegrees></Position><HeartRateBpm><Value>181</Value></HeartRateBpm><Cadence>89</Cadence><Extensions><ns3:TPX><ns3:Speed>2.5</ns3:Speed><ns3:Pace>0.39</ns3:Pace></ns3:TPX></Extensions></Trackpoint><Trackpoint><Time>2025-08-17T21:45:30Z</Time><Position><LatitudeDegrees>-8.05085829</LatitudeDegrees><LongitudeDegrees>-34.94766705</LongitudeDegrees></Position><HeartRateBpm><Value>181</Value></HeartRateBpm><Cadence>89</Cadence><Extensions><ns3:TPX><ns3:Speed>2.509999990463257</ns3:Speed><ns3:Pace>0.39</ns3:Pace></ns3:TPX></Extensions></Trackpoint><Trackpoint><Time>2025-08-17T21:45:31Z</Time><Position><LatitudeDegrees>-8.05083729</LatitudeDegrees><LongitudeDegrees>-34.9476707</LongitudeDegrees></Position><HeartRateBpm><Value>181</Value></HeartRateBpm><Cadence>89</Cadence><Extensions><ns3:TPX><ns3:Speed>2.509999990463257</ns3:Speed><ns3:Pace>0.39</ns3:Pace></ns3:TPX></Extensions></Trackpoint><Trackpoint><Time>2025-08-17T21:45:32Z</Time><Position><LatitudeDegrees>-8.05081996</LatitudeDegrees><LongitudeDegrees>-34.94767504</LongitudeDegrees></Position><HeartRateBpm><Value>181</Value></HeartRateBpm><Cadence>89</Cadence><Extensions><ns3:TPX><ns3:Speed>2.509999990463257</ns3:Speed><ns3:Pace>0.39</ns3:Pace></ns3:TPX></Extensions></Trackpoint><Trackpoint><Time>2025-08-17T21:45:33Z</Time><Position><LatitudeDegrees>-8.05080329</LatitudeDegrees><LongitudeDegrees>-34.94767869</LongitudeDegrees></Position><HeartRateBpm><Value>181</Value></HeartRateBpm><Cadence>89</Cadence><Extensions><ns3:TPX><ns3:Speed>2.5199999809265137</ns3:Speed><ns3:Pace>0.39</ns3:Pace></ns3:TPX></Extensions></Trackpoint></Track></Lap></Activity></Activities></TrainingCenterDatabase>