<?xml version="1.0" encoding="UTF-8"?><TrainingCenterDatabase xmlns="http://www.garmin.com/xmlschemas/TrainingCenterDatabase/v2" xmlns:ns2="http://www.garmin.com/xmlschemas/UserProfile/v2" xmlns:ns3="http://www.garmin.com/xmlschemas/ActivityExtension/v2" xmlns:ns5="http://www.garmin.com/xmlschemas/ActivityGoals/v1" xmlns:xsi="http://www.w3.org/2001/XMLSchema-instance" xsi:schemaLocation="http://www.garmin.com/xmlschemas/TrainingCenterDatabase/v2 http://www.garmin.com/xmlschemas/TrainingCenterDatabasev2.xsd"><Activities><Activity Sport="Workout"><Id>2026-01-05T15:47:16Z</Id><Creator><Name>Amazfit Bip U Pro</Name></Creator><Lap StartTime="2026-01-05T15:47:16Z"><Calories>378.0</Calories><DistanceMeters>0.0</DistanceMeters><TotalTimeSeconds>3390</TotalTimeSeconds><AverageHeartRateBpm><Value>105</Value></AverageHeartRateBpm><Track><Trackpoint><Time>2026-01-05T15:47:16Z</Time></Trackpoint><Trackpoint><Time>2026-01-05T15:47:27Z</Time><Extensions><ns3:TPX><ns3:Speed>0.0</ns3:Speed></ns3:TPX></Extensions></Trackpoint><Trackpoint><Time>2026-01-05T15:47:33Z</Time><HeartRateBpm><Value>61</Value></HeartRateBpm><Extensions><ns3:TPX><ns3:Speed>0.0</ns3:Speed></ns3:TPX></Extensions></Trackpoint><Trackpoint><Time>2026-01-05T15:47:39Z</Time><HeartRateBpm><Value>61</Value></HeartRateBpm><Extensions><ns3:TPX><ns3:Speed>0.0</ns3:Speed></ns3:TPX></Extensions></Trackpoint><Trackpoint><Time>2026-01-05T15:47:40Z</Time><HeartRateBpm><Value>59</Value></HeartRateBpm><Extensions><ns3:TPX><ns3:Speed>0.0</ns3:Speed></ns3:TPX></Extensions></Trackpoint><Trackpoint><Time>2026-01-05T15:47:41Z</Time><HeartRateBpm><Value>58</Value></HeartRateBpm><Extensions><ns3:TPX><ns3:Speed>0.0</ns3:Speed></ns3:TPX></Extensions></Trackpoint><Trackpoint><Time>2026-01-05T15:47:42Z</Time><HeartRateBpm><Value>57</Value></HeartRateBpm><Extensions><ns3:TPX><ns3:Speed>0.0</ns3:Speed></ns3:TPX></Extensions></Trackpoint><Trackpoint><Time>2026-01-05T15:47:45Z</Time><HeartRateBpm><Value>56</Value></HeartRateBpm><Extensions><ns3:TPX><ns3:Speed>0.0</ns3:Speed></ns3:TPX></Extensions></Trackpoint><Trackpoint><Time>2026-01-05T15:47:46Z</Time><HeartRateBpm><Value>57</Value></HeartRateBpm><Extensions><ns3:TPX><ns3:Speed>0.0</ns3:Speed></ns3:TPX></Extensions></Trackpoint><Trackpoint><Time>2026-01-05T15:47:47Z</Time><HeartRateBpm><Value>58</Value></HeartRateBpm><Extensions><ns3:TPX><ns3:Speed>0.0</ns3:Speed></ns3:TPX></Extensions></Trackpoint><Trackpoint><Time>2026-01-05T15:47:49Z</Time><HeartRateBpm><Value>59</Value></HeartRateBpm><Extensions><ns3:TPX><ns3:Speed>0.0</ns3:Speed></ns3:TPX></Extensions></Trackpoint><Trackpoint><Time>2026-01-05T15:47:51Z</Time><HeartRateBpm><Value>58</Value></HeartRateBpm><Extensions><ns3:TPX><ns3:Speed>0.0</ns3:Speed></ns3:TPX></Extensions></Trackpoint><Trackpoint><Time>2026-01-05T15:47:57Z</Time><HeartRateBpm><Value>62</Value></HeartRateBpm><Extensions><ns3:TPX><ns3:Speed>0.0</ns3:Speed></ns3:TPX></Extensions></Trackpoint><Trackpoint><Time>2026-01-05T15:47:58Z</Time><HeartRateBpm><Value>63</Value></HeartRateBpm><Extensions><ns3:TPX><ns3:Speed>0.0</ns3:Speed></ns3:TPX></Extensions></Trackpoint><Trackpoint><Time>2026-01-05T15:47:59Z</Time><HeartRateBpm><Value>62</Value></HeartRateBpm><Extensions><ns3:TPX><ns3:Speed>0.0</ns3:Speed></ns3:TPX></Extensions></Trackpoint><Trackpoint><Time>2026-01-05T15:48:01Z</Time><HeartRateBpm><Value>63</Value></HeartRateBpm><Extensions><ns3:TPX><ns3:Speed>0.0</ns3:Speed></ns3:TPX></Extensions></Trackpoint><Trackpoint><Time>2026-01-05T15:48:03Z</Time><HeartRateBpm><Value>66</Value></HeartRateBpm><Extensions><ns3:TPX><ns3:Speed>0.0</ns3:Speed></ns3:TPX></Extensions></Trackpoint><Trackpoint><Time>2026-01-05T15:48:04Z</Time><HeartRateBpm><Value>70</Value></HeartRateBpm><Extensions><ns3:TPX><ns3:Speed>0.0</ns3:Speed></ns3:TPX></Extensions></Trackpoint><Trackpoint><Time>2026-01-05T15:48:05Z</Time><HeartRateBpm><Value>74</Value></HeartRateBpm><Extensions><ns3:TPX><ns3:Speed>0.0</ns3:Speed></ns3:TPX></Extensions></Trackpoint><Trackpoint><Time>2026-01-05T15:48:06Z</Time><HeartRateBpm><Value>75</Value></HeartRateBpm><Extensions><ns3:TPX><ns3:Speed>0.0</ns3:Speed></ns3:TPX></Extensions></Trackpoint><Trackpoint><Time>2026-01-05T15:48:09Z</Time><HeartRateBpm><Value>74</Value></HeartRateBpm><Extensions><ns3:TPX><ns3:Speed>0.0</ns3:Speed></ns3:TPX></Extensions></Trackpoint><Trackpoint><Time>2026-01-05T15:48:12Z</Time><HeartRateBpm><Value>75</Value></HeartRateBpm><Extensions><ns3:TPX><ns3:Speed>0.0</ns3:Speed></ns3:TPX></Extensions></Trackpoint><Trackpoint><Time>2026-01-05T15:48:13Z</Time><HeartRateBpm><Value>78</Value></HeartRateBpm><Extensions><ns3:TPX><ns3:Speed>0.0</ns3:Speed></ns3:TPX></Extensions></Trackpoint><Trackpoint><Time>2026-01-05T15:48:15Z</Time><HeartRateBpm><Value>82</Value></HeartRateBpm><Extensions><ns3:TPX><ns3:Speed>0.0</ns3:Speed></ns3:TPX></Extensions></Trackpoint><Trackpoint><Time>2026-01-05T15:48:16Z</Time><HeartRateBpm><Value>83</Value></HeartRateBpm><Extensions><ns3:TPX><ns3:Speed>0.0</ns3:Speed></ns3:TPX></Extensions></Trackpoint><Trackpoint><Time>2026-01-05T15:48:17Z</Time><HeartRateBpm><Value>85</Value></HeartRateBpm><Extensions><ns3:TPX><ns3:Speed>0.0</ns3:Speed></ns3:TPX></Extensions></Trackpoint><Trackpoint><Time>2026-01-05T15:48:18Z</Time><HeartRateBpm><Value>87</Value></HeartRateBpm><Extensions><ns3:TPX><ns3:Speed>0.0</ns3:Speed></ns3:TPX></Extensions></Trackpoint><Trackpoint><Time>2026-01-05T15:48:19Z</Time><HeartRateBpm><Value>88</Value></HeartRateBpm><Extensions><ns3:TPX><ns3:Speed>0.0</ns3:Speed></ns3:TPX></Extensions></Trackpoint><Trackpoint><Time>2026-01-05T15:48:21Z</Time><HeartRateBpm><Value>81</Value></HeartRateBpm><Extensions><ns3:TPX><ns3:Speed>0.0</ns3:Speed></ns3:TPX></Extensions></Trackpoint><Trackpoint><Time>2026-01-05T15:48:22Z</Time><HeartRateBpm><Value>74</Value></HeartRateBpm><Extensions><ns3:TPX><ns3:Speed>0.0</ns3:Speed></ns3:TPX></Extensions></Trackpoint><Trackpoint><Time>2026-01-05T15:48:25Z</Time><HeartRateBpm><Value>69</Value></HeartRateBpm><Extensions><ns3:TPX><ns3:Speed>0.0</ns3:Speed></ns3:TPX></Extensions></Trackpoint><Trackpoint><Time>2026-01-05T15:48:27Z</Time><HeartRateBpm><Value>70</Value></HeartRateBpm><Extensions><ns3:TPX><ns3:Speed>0.0</ns3:Speed></ns3:TPX></Extensions></Trackpoint><Trackpoint><Time>2026-01-05T15:48:29Z</Time><HeartRateBpm><Value>71</Value></HeartRateBpm><Extensions><ns3:TPX><ns3:Speed>0.0</ns3:Speed></ns3:TPX></Extensions></Trackpoint><Trackpoint><Time>2026-01-05T15:48:34Z</Time><HeartRateBpm><Value>73</Value></HeartRateBpm><Extensions><ns3:TPX><ns3:Speed>0.0</ns3:Speed></ns3:TPX></Extensions></Trackpoint><Trackpoint><Time>2026-01-05T15:48:35Z</Time><HeartRateBpm><Value>74</Value></HeartRateBpm><Extensions><ns3:TPX><ns3:Speed>0.0</ns3:Speed></ns3:TPX></Extensions></Trackpoint><Trackpoint><Time>2026-01-05T15:48:40Z</Time><HeartRateBpm><Value>74</Value></HeartRateBpm><Extensions><ns3:TPX><ns3:Speed>0.0</ns3:Speed></ns3:TPX></Extensions></Trackpoint><Trackpoint><Time>2026-01-05T15:48:41Z</Time><HeartRateBpm><Value>76</Value></HeartRateBpm><Extensions><ns3:TPX><ns3:Speed>0.0</ns3:Speed></ns3:TPX></Extensions></Trackpoint><Trackpoint><Time>2026-01-05T15:48:42Z</Time><HeartRateBpm><Value>77</Value></HeartRateBpm><Extensions><ns3:TPX><ns3:Speed>0.0</ns3:Speed></ns3:TPX></Extensions></Trackpoint><Trackpoint><Time>2026-01-05T15:48:47Z</Time><HeartRateBpm><Value>77</Value></HeartRateBpm><Extensions><ns3:TPX><ns3:Speed>0.0</ns3:Speed></ns3:TPX></Extensions></Trackpoint><Trackpoint><Time>2026-01-05T15:48:48Z</Time><HeartRateBpm><Value>78</Value></HeartRateBpm><Extensions><ns3:TPX><ns3:Speed>0.0</ns3:Speed></ns3:TPX></Extensions></Trackpoint><Trackpoint><Time>2026-01-05T15:48:52Z</Time><HeartRateBpm><Value>77</Value></HeartRateBpm><Extensions><ns3:TPX><ns3:Speed>0.0</ns3:Speed></ns3:TPX></Extensions></Trackpoint><Trackpoint><Time>2026-01-05T15:48:55Z</Time><HeartRateBpm><Value>78</Value></HeartRateBpm><Extensions><ns3:TPX><ns3:Speed>0.0</ns3:Speed></ns3:TPX></Extensions></Trackpoint><Trackpoint><Time>2026-01-05T15:49:00Z</Time><HeartRateBpm><Value>78</Value></HeartRateBpm><Extensions><ns3:TPX><ns3:Speed>0.0</ns3:Speed></ns3:TPX></Extensions></Trackpoint><Trackpoint><Time>2026-01-05T15:49:02Z</Time><HeartRateBpm><Value>77</Value></HeartRateBpm><Extensions><ns3:TPX><ns3:Speed>0.0</ns3:Speed></ns3:TPX></Extensions></Trackpoint><Trackpoint><Time>2026-01-05T15:49:04Z</Time><HeartRateBpm><Value>76</Value></HeartRateBpm><Extensions><ns3:TPX><ns3:Speed>0.0</ns3:Speed></ns3:TPX></Extensions></Trackpoint><Trackpoint><Time>2026-01-05T15:49:07Z</Time><HeartRateBpm><Value>77</Value></HeartRateBpm><Extensions><ns3:TPX><ns3:Speed>0.0</ns3:Speed></ns3:TPX></Extensions></Trackpoint><Trackpoint><Time>2026-01-05T15:49:11Z</Time><HeartRateBpm><Value>78</Value></HeartRateBpm><Extensions><ns3:TPX><ns3:Speed>0.0</ns3:Speed></ns3:TPX></Extensions></Trackpoint><Trackpoint><Time>2026-01-05T15:49:16Z</Time><HeartRateBpm><Value>78</Value></HeartRateBpm><Extensions><ns3:TPX><ns3:Speed>0.0</ns3:Speed></ns3:TPX></Extensions></Trackpoint><Trackpoint><Time>2026-01-05T15:49:17Z</Time><HeartRateBpm><Value>79</Value></HeartRateBpm><Extensions><ns3:TPX><ns3:Speed>0.0</ns3:Speed></ns3:TPX></Extensions></Trackpoint><Trackpoint><Time>2026-01-05T15:49:18Z</Time><HeartRateBpm><Value>80</Value></HeartRateBpm><Extensions><ns3:TPX><ns3:Speed>0.0</ns3:Speed></ns3:TPX></Extensions></Trackpoint><Trackpoint><Time>2026-01-05T15:49:19Z</Time><HeartRateBpm><Value>81</Value></HeartRateBpm><Extensions><ns3:TPX><ns3:Speed>0.0</ns3:Speed></ns3:TPX></Extensions></Trackpoint><Trackpoint><Time>2026-01-05T15:49:24Z</Time><HeartRateBpm><Value>81</Value></HeartRateBpm><Extensions><ns3:TPX><ns3:Speed>0.0</ns3:Speed></ns3:TPX></Extensions></Trackpoint><Trackpoint><Time>2026-01-05T15:49:28Z</Time><HeartRateBpm><Value>82</Value></HeartRateBpm><Extensions><ns3:TPX><ns3:Speed>0.0</ns3:Speed></ns3:TPX></Extensions></Trackpoint><Trackpoint><Time>2026-01-05T15:49:29Z</Time><HeartRateBpm><Value>85</Value></HeartRateBpm><Extensions><ns3:TPX><ns3:Speed>0.0</ns3:Speed></ns3:TPX></Extensions></Trackpoint><Trackpoint><Time>2026-01-05T15:49:30Z</Time><HeartRateBpm><Value>82</Value></HeartRateBpm><Extensions><ns3:TPX><ns3:Speed>0.0</ns3:Speed></ns3:TPX></Extensions></Trackpoint><Trackpoint><Time>2026-01-05T15:49:31Z</Time><HeartRateBpm><Value>85</Value></HeartRateBpm><Extensions><ns3:TPX><ns3:Speed>0.0</ns3:Speed></ns3:TPX></Extensions></Trackpoint><Trackpoint><Time>2026-01-05T15:49:32Z</Time><HeartRateBpm><Value>83</Value></HeartRateBpm><Extensions><ns3:TPX><ns3:Speed>0.0</ns3:Speed></ns3:TPX></Extensions></Trackpoint><Trackpoint><Time>2026-01-05T15:49:34Z</Time><HeartRateBpm><Value>82</Value></HeartRateBpm><Extensions><ns3:TPX><ns3:Speed>0.0</ns3:Speed></ns3:TPX></Extensions></Trackpoint><Trackpoint><Time>2026-01-05T15:49:35Z</Time><HeartRateBpm><Value>81</Value></HeartRateBpm><Extensions><ns3:TPX><ns3:Speed>0.0</ns3:Speed></ns3:TPX></Extensions></Trackpoint><Trackpoint><Time>2026-01-05T15:49:36Z</Time><HeartRateBpm><Value>79</Value></HeartRateBpm><Extensions><ns3:TPX><ns3:Speed>0.0</ns3:Speed></ns3:TPX></Extensions></Trackpoint><Trackpoint><Time>2026-01-05T15:49:37Z</Time><HeartRateBpm><Value>77</Value></HeartRateBpm><Extensions><ns3:TPX><ns3:Speed>0.0</ns3:Speed></ns3:TPX></Extensions></Trackpoint><Trackpoint><Time>2026-01-05T15:49:40Z</Time><HeartRateBpm><Value>76</Value></HeartRateBpm><Extensions><ns3:TPX><ns3:Speed>0.0</ns3:Speed></ns3:TPX></Extensions></Trackpoint><Trackpoint><Time>2026-01-05T15:49:41Z</Time><HeartRateBpm><Value>74</Value></HeartRateBpm><Extensions><ns3:TPX><ns3:Speed>0.0</ns3:Speed></ns3:TPX></Extensions></Trackpoint><Trackpoint><Time>2026-01-05T15:49:46Z</Time><HeartRateBpm><Value>75</Value></HeartRateBpm><Extensions><ns3:TPX><ns3:Speed>0.0</ns3:Speed></ns3:TPX></Extensions></Trackpoint><Trackpoint><Time>2026-01-05T15:49:50Z</Time><HeartRateBpm><Value>76</Value></HeartRateBpm><Extensions><ns3:TPX><ns3:Speed>0.0</ns3:Speed></ns3:TPX></Extensions></Trackpoint><Trackpoint><Time>2026-01-05T15:49:55Z</Time><HeartRateBpm><Value>76</Value></HeartRateBpm><Extensions><ns3:TPX><ns3:Speed>0.0</ns3:Speed></ns3:TPX></Extensions></Trackpoint><Trackpoint><Time>2026-01-05T15:49:57Z</Time><HeartRateBpm><Value>77</Value></HeartRateBpm><Extensions><ns3:TPX><ns3:Speed>0.0</ns3:Speed></ns3:TPX></Extensions></Trackpoint><Trackpoint><Time>2026-01-05T15:49:59Z</Time><HeartRateBpm><Value>78</Value></HeartRateBpm><Extensions><ns3:TPX><ns3:Speed>0.0</ns3:Speed></ns3:TPX></Extensions></Trackpoint><Trackpoint><Time>2026-01-05T15:50:01Z</Time><HeartRateBpm><Value>77</Value></HeartRateBpm><Extensions><ns3:TPX><ns3:Speed>0.0</ns3:Speed></ns3:TPX></Extensions></Trackpoint><Trackpoint><Time>2026-01-05T15:50:03Z</Time><HeartRateBpm><Value>78</Value></HeartRateBpm><Extensions><ns3:TPX><ns3:Speed>0.0</ns3:Speed></ns3:TPX></Extensions></Trackpoint><Trackpoint><Time>2026-01-05T15:50:05Z</Time><HeartRateBpm><Value>77</Value></HeartRateBpm><Extensions><ns3:TPX><ns3:Speed>0.0</ns3:Speed></ns3:TPX></Extensions></Trackpoint><Trackpoint><Time>2026-01-05T15:50:11Z</Time><HeartRateBpm><Value>78</Value></HeartRateBpm><Extensions><ns3:TPX><ns3:Speed>0.0</ns3:Speed></ns3:TPX></Extensions></Trackpoint><Trackpoint><Time>2026-01-05T15:50:12Z</Time><HeartRateBpm><Value>79</Value></HeartRateBpm><Extensions><ns3:TPX><ns3:Speed>0.0</ns3:Speed></ns3:TPX></Extensions></Trackpoint><Trackpoint><Time>2026-01-05T15:50:17Z</Time><HeartRateBpm><Value>79</Value></HeartRateBpm><Extensions><ns3:TPX><ns3:Speed>0.0</ns3:Speed></ns3:TPX></Extensions></Trackpoint><Trackpoint><Time>2026-01-05T15:50:18Z</Time><HeartRateBpm><Value>81</Value></HeartRateBpm><Extensions><ns3:TPX><ns3:Speed>0.0</ns3:Speed></ns3:TPX></Extensions></Trackpoint><Trackpoint><Time>2026-01-05T15:50:20Z</Time><HeartRateBpm><Value>80</Value></HeartRateBpm><Extensions><ns3:TPX><ns3:Speed>0.0</ns3:Speed></ns3:TPX></Extensions></Trackpoint><Trackpoint><Time>2026-01-05T15:50:24Z</Time><HeartRateBpm><Value>79</Value></HeartRateBpm><Extensions><ns3:TPX><ns3:Speed>0.0</ns3:Speed></ns3:TPX></Extensions></Trackpoint><Trackpoint><Time>2026-01-05T15:50:25Z</Time><HeartRateBpm><Value>76</Value></HeartRateBpm><Extensions><ns3:TPX><ns3:Speed>0.0</ns3:Speed></ns3:TPX></Extensions></Trackpoint><Trackpoint><Time>2026-01-05T15:50:27Z</Time><HeartRateBpm><Value>75</Value></HeartRateBpm><Extensions><ns3:TPX><ns3:Speed>0.0</ns3:Speed></ns3:TPX></Extensions></Trackpoint><Trackpoint><Time>2026-01-05T15:50:28Z</Time><HeartRateBpm><Value>74</Value></HeartRateBpm><Extensions><ns3:TPX><ns3:Speed>0.0</ns3:Speed></ns3:TPX></Extensions></Trackpoint><Trackpoint><Time>2026-01-05T15:50:30Z</Time><HeartRateBpm><Value>72</Value></HeartRateBpm><Extensions><ns3:TPX><ns3:Speed>0.0</ns3:Speed></ns3:TPX></Extensions></Trackpoint><Trackpoint><Time>2026-01-05T15:50:31Z</Time><HeartRateBpm><Value>71</Value></HeartRateBpm><Extensions><ns3:TPX><ns3:Speed>0.0</ns3:Speed></ns3:TPX></Extensions></Trackpoint><Trackpoint><Time>2026-01-05T15:50:36Z</Time><HeartRateBpm><Value>73</Value></HeartRateBpm><Extensions><ns3:TPX><ns3:Speed>0.0</ns3:Speed></ns3:TPX></Extensions></Trackpoint><Trackpoint><Time>2026-01-05T15:50:37Z</Time><HeartRateBpm><Value>74</Value></HeartRateBpm><Extensions><ns3:TPX><ns3:Speed>0.0</ns3:Speed></ns3:TPX></Extensions></Trackpoint><Trackpoint><Time>2026-01-05T15:50:38Z</Time><HeartRateBpm><Value>75</Value></HeartRateBpm><Extensions><ns3:TPX><ns3:Speed>0.0</ns3:Speed></ns3:TPX></Extensions></Trackpoint><Trackpoint><Time>2026-01-05T15:50:39Z</Time><HeartRateBpm><Value>76</Value></HeartRateBpm><Extensions><ns3:TPX><ns3:Speed>0.0</ns3:Speed></ns3:TPX></Extensions></Trackpoint><Trackpoint><Time>2026-01-05T15:50:40Z</Time><HeartRateBpm><Value>77</Value></HeartRateBpm><Extensions><ns3:TPX><ns3:Speed>0.0</ns3:Speed></ns3:TPX></Extensions></Trackpoint><Trackpoint><Time>2026-01-05T15:50:42Z</Time><HeartRateBpm><Value>78</Value></HeartRateBpm><Extensions><ns3:TPX><ns3:Speed>0.0</ns3:Speed></ns3:TPX></Extensions></Trackpoint><Trackpoint><Time>2026-01-05T15:50:48Z</Time><HeartRateBpm><Value>79</Value></HeartRateBpm><Extensions><ns3:TPX><ns3:Speed>0.0</ns3:Speed></ns3:TPX></Extensions></Trackpoint><Trackpoint><Time>2026-01-05T15:50:49Z</Time><HeartRateBpm><Value>80</Value></HeartRateBpm><Extensions><ns3:TPX><ns3:Speed>0.0</ns3:Speed></ns3:TPX></Extensions></Trackpoint><Trackpoint><Time>2026-01-05T15:50:54Z</Time><HeartRateBpm><Value>80</Value></HeartRateBpm><Extensions><ns3:TPX><ns3:Speed>0.0</ns3:Speed></ns3:TPX></Extensions></Trackpoint><Trackpoint><Time>2026-01-05T15:50:55Z</Time><HeartRateBpm><Value>81</Value></HeartRateBpm><Extensions><ns3:TPX><ns3:Speed>0.0</ns3:Speed></ns3:TPX></Extensions></Trackpoint><Trackpoint><Time>2026-01-05T15:50:56Z</Time><HeartRateBpm><Value>82</Value></HeartRateBpm><Extensions><ns3:TPX><ns3:Speed>0.0</ns3:Speed></ns3:TPX></Extensions></Trackpoint><Trackpoint><Time>2026-01-05T15:50:57Z</Time><HeartRateBpm><Value>83</Value></HeartRateBpm><Extensions><ns3:TPX><ns3:Speed>0.0</ns3:Speed></ns3:TPX></Extensions></Trackpoint><Trackpoint><Time>2026-01-05T15:50:59Z</Time><HeartRateBpm><Value>84</Value></HeartRateBpm><Extensions><ns3:TPX><ns3:Speed>0.0</ns3:Speed></ns3:TPX></Extensions></Trackpoint><Trackpoint><Time>2026-01-05T15:51:03Z</Time><HeartRateBpm><Value>84</Value></HeartRateBpm><Extensions><ns3:TPX><ns3:Speed>0.0</ns3:Speed></ns3:TPX></Extensions></Trackpoint><Trackpoint><Time>2026-01-05T15:51:04Z</Time><HeartRateBpm><Value>85</Value></HeartRateBpm><Extensions><ns3:TPX><ns3:Speed>0.0</ns3:Speed></ns3:TPX></Extensions></Trackpoint><Trackpoint><Time>2026-01-05T15:51:09Z</Time><HeartRateBpm><Value>84</Value></HeartRateBpm><Extensions><ns3:TPX><ns3:Speed>0.0</ns3:Speed></ns3:TPX></Extensions></Trackpoint><Trackpoint><Time>2026-01-05T15:51:14Z</Time><HeartRateBpm><Value>84</Value></HeartRateBpm><Extensions><ns3:TPX><ns3:Speed>0.0</ns3:Speed></ns3:TPX></Extensions></Trackpoint><Trackpoint><Time>2026-01-05T15:51:15Z</Time><HeartRateBpm><Value>85</Value></HeartRateBpm><Extensions><ns3:TPX><ns3:Speed>0.0</ns3:Speed></ns3:TPX></Extensions></Trackpoint><Trackpoint><Time>2026-01-05T15:51:16Z</Time><HeartRateBpm><Value>86</Value></HeartRateBpm><Extensions><ns3:TPX><ns3:Speed>0.0</ns3:Speed></ns3:TPX></Extensions></Trackpoint><Trackpoint><Time>2026-01-05T15:51:17Z</Time><HeartRateBpm><Value>88</Value></HeartRateBpm><Extensions><ns3:TPX><ns3:Speed>0.0</ns3:Speed></ns3:TPX></Extensions></Trackpoint><Trackpoint><Time>2026-01-05T15:51:21Z</Time><HeartRateBpm><Value>87</Value></HeartRateBpm><Extensions><ns3:TPX><ns3:Speed>0.0</ns3:Speed></ns3:TPX></Extensions></Trackpoint><Trackpoint><Time>2026-01-05T15:51:23Z</Time><HeartRateBpm><Value>89</Value></HeartRateBpm><Extensions><ns3:TPX><ns3:Speed>0.0</ns3:Speed></ns3:TPX></Extensions></Trackpoint><Trackpoint><Time>2026-01-05T15:51:26Z</Time><HeartRateBpm><Value>88</Value></HeartRateBpm><Extensions><ns3:TPX><ns3:Speed>0.0</ns3:Speed></ns3:TPX></Extensions></Trackpoint><Trackpoint><Time>2026-01-05T15:51:28Z</Time><HeartRateBpm><Value>89</Value></HeartRateBpm><Extensions><ns3:TPX><ns3:Speed>0.0</ns3:Speed></ns3:TPX></Extensions></Trackpoint><Trackpoint><Time>2026-01-05T15:51:29Z</Time><HeartRateBpm><Value>90</Value></HeartRateBpm><Extensions><ns3:TPX><ns3:Speed>0.0</ns3:Speed></ns3:TPX></Extensions></Trackpoint><Trackpoint><Time>2026-01-05T15:51:31Z</Time><HeartRateBpm><Value>91</Value></HeartRateBpm><Extensions><ns3:TPX><ns3:Speed>0.0</ns3:Speed></ns3:TPX></Extensions></Trackpoint><Trackpoint><Time>2026-01-05T15:51:36Z</Time><HeartRateBpm><Value>92</Value></HeartRateBpm><Extensions><ns3:TPX><ns3:Speed>0.0</ns3:Speed></ns3:TPX></Extensions></Trackpoint><Trackpoint><Time>2026-01-05T15:51:39Z</Time><HeartRateBpm><Value>93</Value></HeartRateBpm><Extensions><ns3:TPX><ns3:Speed>0.0</ns3:Speed></ns3:TPX></Extensions></Trackpoint><Trackpoint><Time>2026-01-05T15:51:40Z</Time><HeartRateBpm><Value>94</Value></HeartRateBpm><Extensions><ns3:TPX><ns3:Speed>0.0</ns3:Speed></ns3:TPX></Extensions></Trackpoint><Trackpoint><Time>2026-01-05T15:51:42Z</Time><HeartRateBpm><Value>93</Value></HeartRateBpm><Extensions><ns3:TPX><ns3:Speed>0.0</ns3:Speed></ns3:TPX></Extensions></Trackpoint><Trackpoint><Time>2026-01-05T15:51:48Z</Time><HeartRateBpm><Value>93</Value></HeartRateBpm><Extensions><ns3:TPX><ns3:Speed>0.0</ns3:Speed></ns3:TPX></Extensions></Trackpoint><Trackpoint><Time>2026-01-05T15:51:51Z</Time><HeartRateBpm><Value>94</Value></HeartRateBpm><Extensions><ns3:TPX><ns3:Speed>0.0</ns3:Speed></ns3:TPX></Extensions></Trackpoint><Trackpoint><Time>2026-01-05T15:51:52Z</Time><HeartRateBpm><Value>95</Value></HeartRateBpm><Extensions><ns3:TPX><ns3:Speed>0.0</ns3:Speed></ns3:TPX></Extensions></Trackpoint><Trackpoint><Time>2026-01-05T15:51:53Z</Time><HeartRateBpm><Value>92</Value></HeartRateBpm><Extensions><ns3:TPX><ns3:Speed>0.0</ns3:Speed></ns3:TPX></Extensions></Trackpoint><Trackpoint><Time>2026-01-05T15:51:55Z</Time><HeartRateBpm><Value>90</Value></HeartRateBpm><Extensions><ns3:TPX><ns3:Speed>0.0</ns3:Speed></ns3:TPX></Extensions></Trackpoint><Trackpoint><Time>2026-01-05T15:52:00Z</Time><HeartRateBpm><Value>91</Value></HeartRateBpm><Extensions><ns3:TPX><ns3:Speed>0.0</ns3:Speed></ns3:TPX></Extensions></Trackpoint><Trackpoint><Time>2026-01-05T15:52:01Z</Time><HeartRateBpm><Value>92</Value></HeartRateBpm><Extensions><ns3:TPX><ns3:Speed>0.0</ns3:Speed></ns3:TPX></Extensions></Trackpoint><Trackpoint><Time>2026-01-05T15:52:02Z</Time><HeartRateBpm><Value>91</Value></HeartRateBpm><Extensions><ns3:TPX><ns3:Speed>0.0</ns3:Speed></ns3:TPX></Extensions></Trackpoint><Trackpoint><Time>2026-01-05T15:52:03Z</Time><HeartRateBpm><Value>90</Value></HeartRateBpm><Extensions><ns3:TPX><ns3:Speed>0.0</ns3:Speed></ns3:TPX></Extensions></Trackpoint><Trackpoint><Time>2026-01-05T15:52:06Z</Time><HeartRateBpm><Value>92</Value></HeartRateBpm><Extensions><ns3:TPX><ns3:Speed>0.0</ns3:Speed></ns3:TPX></Extensions></Trackpoint><Trackpoint><Time>2026-01-05T15:52:10Z</Time><HeartRateBpm><Value>93</Value></HeartRateBpm><Extensions><ns3:TPX><ns3:Speed>0.0</ns3:Speed></ns3:TPX></Extensions></Trackpoint><Trackpoint><Time>2026-01-05T15:52:12Z</Time><HeartRateBpm><Value>94</Value></HeartRateBpm><Extensions><ns3:TPX><ns3:Speed>0.0</ns3:Speed></ns3:TPX></Extensions></Trackpoint><Trackpoint><Time>2026-01-05T15:52:14Z</Time><HeartRateBpm><Value>93</Value></HeartRateBpm><Extensions><ns3:TPX><ns3:Speed>0.0</ns3:Speed></ns3:TPX></Extensions></Trackpoint><Trackpoint><Time>2026-01-05T15:52:19Z</Time><HeartRateBpm><Value>92</Value></HeartRateBpm><Extensions><ns3:TPX><ns3:Speed>0.0</ns3:Speed></ns3:TPX></Extensions></Trackpoint><Trackpoint><Time>2026-01-05T15:52:21Z</Time><HeartRateBpm><Value>91</Value></HeartRateBpm><Extensions><ns3:TPX><ns3:Speed>0.0</ns3:Speed></ns3:TPX></Extensions></Trackpoint><Trackpoint><Time>2026-01-05T15:52:23Z</Time><HeartRateBpm><Value>93</Value></HeartRateBpm><Extensions><ns3:TPX><ns3:Speed>0.0</ns3:Speed></ns3:TPX></Extensions></Trackpoint><Trackpoint><Time>2026-01-05T15:52:25Z</Time><HeartRateBpm><Value>94</Value></HeartRateBpm><Extensions><ns3:TPX><ns3:Speed>0.0</ns3:Speed></ns3:TPX></Extensions></Trackpoint><Trackpoint><Time>2026-01-05T15:52:29Z</Time><HeartRateBpm><Value>96</Value></HeartRateBpm><Extensions><ns3:TPX><ns3:Speed>0.0</ns3:Speed></ns3:TPX></Extensions></Trackpoint><Trackpoint><Time>2026-01-05T15:52:31Z</Time><HeartRateBpm><Value>97</Value></HeartRateBpm><Extensions><ns3:TPX><ns3:Speed>0.0</ns3:Speed></ns3:TPX></Extensions></Trackpoint><Trackpoint><Time>2026-01-05T15:52:37Z</Time><HeartRateBpm><Value>97</Value></HeartRateBpm><Extensions><ns3:TPX><ns3:Speed>0.0</ns3:Speed></ns3:TPX></Extensions></Trackpoint><Trackpoint><Time>2026-01-05T15:52:43Z</Time><HeartRateBpm><Value>95</Value></HeartRateBpm><Extensions><ns3:TPX><ns3:Speed>0.0</ns3:Speed></ns3:TPX></Extensions></Trackpoint><Trackpoint><Time>2026-01-05T15:52:44Z</Time><HeartRateBpm><Value>92</Value></HeartRateBpm><Extensions><ns3:TPX><ns3:Speed>0.0</ns3:Speed></ns3:TPX></Extensions></Trackpoint><Trackpoint><Time>2026-01-05T15:52:45Z</Time><HeartRateBpm><Value>90</Value></HeartRateBpm><Extensions><ns3:TPX><ns3:Speed>0.0</ns3:Speed></ns3:TPX></Extensions></Trackpoint><Trackpoint><Time>2026-01-05T15:52:46Z</Time><HeartRateBpm><Value>89</Value></HeartRateBpm><Extensions><ns3:TPX><ns3:Speed>0.0</ns3:Speed></ns3:TPX></Extensions></Trackpoint><Trackpoint><Time>2026-01-05T15:52:50Z</Time><HeartRateBpm><Value>90</Value></HeartRateBpm><Extensions><ns3:TPX><ns3:Speed>0.0</ns3:Speed></ns3:TPX></Extensions></Trackpoint><Trackpoint><Time>2026-01-05T15:52:55Z</Time><HeartRateBpm><Value>90</Value></HeartRateBpm><Extensions><ns3:TPX><ns3:Speed>0.0</ns3:Speed></ns3:TPX></Extensions></Trackpoint><Trackpoint><Time>2026-01-05T15:52:56Z</Time><HeartRateBpm><Value>89</Value></HeartRateBpm><Extensions><ns3:TPX><ns3:Speed>0.0</ns3:Speed></ns3:TPX></Extensions></Trackpoint><Trackpoint><Time>2026-01-05T15:53:01Z</Time><HeartRateBpm><Value>89</Value></HeartRateBpm><Extensions><ns3:TPX><ns3:Speed>0.0</ns3:Speed></ns3:TPX></Extensions></Trackpoint><Trackpoint><Time>2026-01-05T15:53:03Z</Time><HeartRateBpm><Value>90</Value></HeartRateBpm><Extensions><ns3:TPX><ns3:Speed>0.0</ns3:Speed></ns3:TPX></Extensions></Trackpoint><Trackpoint><Time>2026-01-05T15:53:08Z</Time><HeartRateBpm><Value>90</Value></HeartRateBpm><Extensions><ns3:TPX><ns3:Speed>0.0</ns3:Speed></ns3:TPX></Extensions></Trackpoint><Trackpoint><Time>2026-01-05T15:53:12Z</Time><HeartRateBpm><Value>92</Value></HeartRateBpm><Extensions><ns3:TPX><ns3:Speed>0.0</ns3:Speed></ns3:TPX></Extensions></Trackpoint><Trackpoint><Time>2026-01-05T15:53:15Z</Time><HeartRateBpm><Value>93</Value></HeartRateBpm><Extensions><ns3:TPX><ns3:Speed>0.0</ns3:Speed></ns3:TPX></Extensions></Trackpoint><Trackpoint><Time>2026-01-05T15:53:18Z</Time><HeartRateBpm><Value>95</Value></HeartRateBpm><Extensions><ns3:TPX><ns3:Speed>0.0</ns3:Speed></ns3:TPX></Extensions></Trackpoint><Trackpoint><Time>2026-01-05T15:53:20Z</Time><HeartRateBpm><Value>96</Value></HeartRateBpm><Extensions><ns3:TPX><ns3:Speed>0.0</ns3:Speed></ns3:TPX></Extensions></Trackpoint><Trackpoint><Time>2026-01-05T15:53:21Z</Time><HeartRateBpm><Value>97</Value></HeartRateBpm><Extensions><ns3:TPX><ns3:Speed>0.0</ns3:Speed></ns3:TPX></Extensions></Trackpoint><Trackpoint><Time>2026-01-05T15:53:22Z</Time><HeartRateBpm><Value>98</Value></HeartRateBpm><Extensions><ns3:TPX><ns3:Speed>0.0</ns3:Speed></ns3:TPX></Extensions></Trackpoint><Trackpoint><Time>2026-01-05T15:53:23Z</Time><HeartRateBpm><Value>99</Value></HeartRateBpm><Extensions><ns3:TPX><ns3:Speed>0.0</ns3:Speed></ns3:TPX></Extensions></Trackpoint><Trackpoint><Time>2026-01-05T15:53:24Z</Time><HeartRateBpm><Value>100</Value></HeartRateBpm><Extensions><ns3:TPX><ns3:Speed>0.0</ns3:Speed></ns3:TPX></Extensions></Trackpoint><Trackpoint><Time>2026-01-05T15:53:26Z</Time><HeartRateBpm><Value>103</Value></HeartRateBpm><Extensions><ns3:TPX><ns3:Speed>0.0</ns3:Speed></ns3:TPX></Extensions></Trackpoint><Trackpoint><Time>2026-01-05T15:53:27Z</Time><HeartRateBpm><Value>105</Value></HeartRateBpm><Extensions><ns3:TPX><ns3:Speed>0.0</ns3:Speed></ns3:TPX></Extensions></Trackpoint><Trackpoint><Time>2026-01-05T15:53:28Z</Time><HeartRateBpm><Value>106</Value></HeartRateBpm><Extensions><ns3:TPX><ns3:Speed>0.0</ns3:Speed></ns3:TPX></Extensions></Trackpoint><Trackpoint><Time>2026-01-05T15:53:29Z</Time><HeartRateBpm><Value>102</Value></HeartRateBpm><Extensions><ns3:TPX><ns3:Speed>0.0</ns3:Speed></ns3:TPX></Extensions></Trackpoint><Trackpoint><Time>2026-01-05T15:53:30Z</Time><HeartRateBpm><Value>98</Value></HeartRateBpm><Extensions><ns3:TPX><ns3:Speed>0.0</ns3:Speed></ns3:TPX></Extensions></Trackpoint><Trackpoint><Time>2026-01-05T15:53:32Z</Time><HeartRateBpm><Value>96</Value></HeartRateBpm><Extensions><ns3:TPX><ns3:Speed>0.0</ns3:Speed></ns3:TPX></Extensions></Trackpoint><Trackpoint><Time>2026-01-05T15:53:34Z</Time><HeartRateBpm><Value>97</Value></HeartRateBpm><Extensions><ns3:TPX><ns3:Speed>0.0</ns3:Speed></ns3:TPX></Extensions></Trackpoint><Trackpoint><Time>2026-01-05T15:53:35Z</Time><HeartRateBpm><Value>98</Value></HeartRateBpm><Extensions><ns3:TPX><ns3:Speed>0.0</ns3:Speed></ns3:TPX></Extensions></Trackpoint><Trackpoint><Time>2026-01-05T15:53:36Z</Time><HeartRateBpm><Value>99</Value></HeartRateBpm><Extensions><ns3:TPX><ns3:Speed>0.0</ns3:Speed></ns3:TPX></Extensions></Trackpoint><Trackpoint><Time>2026-01-05T15:53:41Z</Time><HeartRateBpm><Value>100</Value></HeartRateBpm><Extensions><ns3:TPX><ns3:Speed>0.0</ns3:Speed></ns3:TPX></Extensions></Trackpoint><Trackpoint><Time>2026-01-05T15:53:42Z</Time><HeartRateBpm><Value>98</Value></HeartRateBpm><Extensions><ns3:TPX><ns3:Speed>0.0</ns3:Speed></ns3:TPX></Extensions></Trackpoint><Trackpoint><Time>2026-01-05T15:53:45Z</Time><HeartRateBpm><Value>97</Value></HeartRateBpm><Extensions><ns3:TPX><ns3:Speed>0.0</ns3:Speed></ns3:TPX></Extensions></Trackpoint><Trackpoint><Time>2026-01-05T15:53:48Z</Time><HeartRateBpm><Value>98</Value></HeartRateBpm><Extensions><ns3:TPX><ns3:Speed>0.0</ns3:Speed></ns3:TPX></Extensions></Trackpoint><Trackpoint><Time>2026-01-05T15:53:50Z</Time><HeartRateBpm><Value>100</Value></HeartRateBpm><Extensions><ns3:TPX><ns3:Speed>0.0</ns3:Speed></ns3:TPX></Extensions></Trackpoint><Trackpoint><Time>2026-01-05T15:53:52Z</Time><HeartRateBpm><Value>101</Value></HeartRateBpm><Extensions><ns3:TPX><ns3:Speed>0.0</ns3:Speed></ns3:TPX></Extensions></Trackpoint><Trackpoint><Time>2026-01-05T15:53:57Z</Time><HeartRateBpm><Value>100</Value></HeartRateBpm><Extensions><ns3:TPX><ns3:Speed>0.0</ns3:Speed></ns3:TPX></Extensions></Trackpoint><Trackpoint><Time>2026-01-05T15:54:01Z</Time><HeartRateBpm><Value>99</Value></HeartRateBpm><Extensions><ns3:TPX><ns3:Speed>0.0</ns3:Speed></ns3:TPX></Extensions></Trackpoint><Trackpoint><Time>2026-01-05T15:54:03Z</Time><HeartRateBpm><Value>100</Value></HeartRateBpm><Extensions><ns3:TPX><ns3:Speed>0.0</ns3:Speed></ns3:TPX></Extensions></Trackpoint><Trackpoint><Time>2026-01-05T15:54:04Z</Time><HeartRateBpm><Value>101</Value></HeartRateBpm><Extensions><ns3:TPX><ns3:Speed>0.0</ns3:Speed></ns3:TPX></Extensions></Trackpoint><Trackpoint><Time>2026-01-05T15:54:09Z</Time><HeartRateBpm><Value>100</Value></HeartRateBpm><Extensions><ns3:TPX><ns3:Speed>0.0</ns3:Speed></ns3:TPX></Extensions></Trackpoint><Trackpoint><Time>2026-01-05T15:54:12Z</Time><HeartRateBpm><Value>99</Value></HeartRateBpm><Extensions><ns3:TPX><ns3:Speed>0.0</ns3:Speed></ns3:TPX></Extensions></Trackpoint><Trackpoint><Time>2026-01-05T15:54:15Z</Time><HeartRateBpm><Value>98</Value></HeartRateBpm><Extensions><ns3:TPX><ns3:Speed>0.0</ns3:Speed></ns3:TPX></Extensions></Trackpoint><Trackpoint><Time>2026-01-05T15:54:19Z</Time><HeartRateBpm><Value>99</Value></HeartRateBpm><Extensions><ns3:TPX><ns3:Speed>0.0</ns3:Speed></ns3:TPX></Extensions></Trackpoint><Trackpoint><Time>2026-01-05T15:54:23Z</Time><HeartRateBpm><Value>100</Value></HeartRateBpm><Extensions><ns3:TPX><ns3:Speed>0.0</ns3:Speed></ns3:TPX></Extensions></Trackpoint><Trackpoint><Time>2026-01-05T15:54:25Z</Time><HeartRateBpm><Value>101</Value></HeartRateBpm><Extensions><ns3:TPX><ns3:Speed>0.0</ns3:Speed></ns3:TPX></Extensions></Trackpoint><Trackpoint><Time>2026-01-05T15:54:30Z</Time><HeartRateBpm><Value>100</Value></HeartRateBpm><Extensions><ns3:TPX><ns3:Speed>0.0</ns3:Speed></ns3:TPX></Extensions></Trackpoint><Trackpoint><Time>2026-01-05T15:54:33Z</Time><HeartRateBpm><Value>101</Value></HeartRateBpm><Extensions><ns3:TPX><ns3:Speed>0.0</ns3:Speed></ns3:TPX></Extensions></Trackpoint><Trackpoint><Time>2026-01-05T15:54:34Z</Time><HeartRateBpm><Value>102</Value></HeartRateBpm><Extensions><ns3:TPX><ns3:Speed>0.0</ns3:Speed></ns3:TPX></Extensions></Trackpoint><Trackpoint><Time>2026-01-05T15:54:36Z</Time><HeartRateBpm><Value>101</Value></HeartRateBpm><Extensions><ns3:TPX><ns3:Speed>0.0</ns3:Speed></ns3:TPX></Extensions></Trackpoint><Trackpoint><Time>2026-01-05T15:54:37Z</Time><HeartRateBpm><Value>102</Value></HeartRateBpm><Extensions><ns3:TPX><ns3:Speed>0.0</ns3:Speed></ns3:TPX></Extensions></Trackpoint><Trackpoint><Time>2026-01-05T15:54:40Z</Time><HeartRateBpm><Value>103</Value></HeartRateBpm><Extensions><ns3:TPX><ns3:Speed>0.0</ns3:Speed></ns3:TPX></Extensions></Trackpoint><Trackpoint><Time>2026-01-05T15:54:42Z</Time><HeartRateBpm><Value>102</Value></HeartRateBpm><Extensions><ns3:TPX><ns3:Speed>0.0</ns3:Speed></ns3:TPX></Extensions></Trackpoint><Trackpoint><Time>2026-01-05T15:54:43Z</Time><HeartRateBpm><Value>101</Value></HeartRateBpm><Extensions><ns3:TPX><ns3:Speed>0.0</ns3:Speed></ns3:TPX></Extensions></Trackpoint><Trackpoint><Time>2026-01-05T15:54:45Z</Time><HeartRateBpm><Value>99</Value></HeartRateBpm><Extensions><ns3:TPX><ns3:Speed>0.0</ns3:Speed></ns3:TPX></Extensions></Trackpoint><Trackpoint><Time>2026-01-05T15:54:51Z</Time><HeartRateBpm><Value>99</Value></HeartRateBpm><Extensions><ns3:TPX><ns3:Speed>0.0</ns3:Speed></ns3:TPX></Extensions></Trackpoint><Trackpoint><Time>2026-01-05T15:54:55Z</Time><HeartRateBpm><Value>99</Value></HeartRateBpm><Extensions><ns3:TPX><ns3:Speed>0.0</ns3:Speed></ns3:TPX></Extensions></Trackpoint><Trackpoint><Time>2026-01-05T15:54:56Z</Time><HeartRateBpm><Value>101</Value></HeartRateBpm><Extensions><ns3:TPX><ns3:Speed>0.0</ns3:Speed></ns3:TPX></Extensions></Trackpoint><Trackpoint><Time>2026-01-05T15:54:58Z</Time><HeartRateBpm><Value>100</Value></HeartRateBpm><Extensions><ns3:TPX><ns3:Speed>0.0</ns3:Speed></ns3:TPX></Extensions></Trackpoint><Trackpoint><Time>2026-01-05T15:54:59Z</Time><HeartRateBpm><Value>98</Value></HeartRateBpm><Extensions><ns3:TPX><ns3:Speed>0.0</ns3:Speed></ns3:TPX></Extensions></Trackpoint><Trackpoint><Time>2026-01-05T15:55:01Z</Time><HeartRateBpm><Value>99</Value></HeartRateBpm><Extensions><ns3:TPX><ns3:Speed>0.0</ns3:Speed></ns3:TPX></Extensions></Trackpoint><Trackpoint><Time>2026-01-05T15:55:03Z</Time><HeartRateBpm><Value>100</Value></HeartRateBpm><Extensions><ns3:TPX><ns3:Speed>0.0</ns3:Speed></ns3:TPX></Extensions></Trackpoint><Trackpoint><Time>2026-01-05T15:55:04Z</Time><HeartRateBpm><Value>99</Value></HeartRateBpm><Extensions><ns3:TPX><ns3:Speed>0.0</ns3:Speed></ns3:TPX></Extensions></Trackpoint><Trackpoint><Time>2026-01-05T15:55:06Z</Time><HeartRateBpm><Value>97</Value></HeartRateBpm><Extensions><ns3:TPX><ns3:Speed>0.0</ns3:Speed></ns3:TPX></Extensions></Trackpoint><Trackpoint><Time>2026-01-05T15:55:07Z</Time><HeartRateBpm><Value>96</Value></HeartRateBpm><Extensions><ns3:TPX><ns3:Speed>0.0</ns3:Speed></ns3:TPX></Extensions></Trackpoint><Trackpoint><Time>2026-01-05T15:55:09Z</Time><HeartRateBpm><Value>95</Value></HeartRateBpm><Extensions><ns3:TPX><ns3:Speed>0.0</ns3:Speed></ns3:TPX></Extensions></Trackpoint><Trackpoint><Time>2026-01-05T15:55:13Z</Time><HeartRateBpm><Value>96</Value></HeartRateBpm><Extensions><ns3:TPX><ns3:Speed>0.0</ns3:Speed></ns3:TPX></Extensions></Trackpoint><Trackpoint><Time>2026-01-05T15:55:14Z</Time><HeartRateBpm><Value>97</Value></HeartRateBpm><Extensions><ns3:TPX><ns3:Speed>0.0</ns3:Speed></ns3:TPX></Extensions></Trackpoint><Trackpoint><Time>2026-01-05T15:55:19Z</Time><HeartRateBpm><Value>98</Value></HeartRateBpm><Extensions><ns3:TPX><ns3:Speed>0.0</ns3:Speed></ns3:TPX></Extensions></Trackpoint><Trackpoint><Time>2026-01-05T15:55:24Z</Time><HeartRateBpm><Value>98</Value></HeartRateBpm><Extensions><ns3:TPX><ns3:Speed>0.0</ns3:Speed></ns3:TPX></Extensions></Trackpoint><Trackpoint><Time>2026-01-05T15:55:29Z</Time><HeartRateBpm><Value>97</Value></HeartRateBpm><Extensions><ns3:TPX><ns3:Speed>0.0</ns3:Speed></ns3:TPX></Extensions></Trackpoint><Trackpoint><Time>2026-01-05T15:55:32Z</Time><HeartRateBpm><Value>96</Value></HeartRateBpm><Extensions><ns3:TPX><ns3:Speed>0.0</ns3:Speed></ns3:TPX></Extensions></Trackpoint><Trackpoint><Time>2026-01-05T15:55:37Z</Time><HeartRateBpm><Value>97</Value></HeartRateBpm><Extensions><ns3:TPX><ns3:Speed>0.0</ns3:Speed></ns3:TPX></Extensions></Trackpoint><Trackpoint><Time>2026-01-05T15:55:42Z</Time><HeartRateBpm><Value>97</Value></HeartRateBpm><Extensions><ns3:TPX><ns3:Speed>0.0</ns3:Speed></ns3:TPX></Extensions></Trackpoint><Trackpoint><Time>2026-01-05T15:55:46Z</Time><HeartRateBpm><Value>97</Value></HeartRateBpm><Extensions><ns3:TPX><ns3:Speed>0.0</ns3:Speed></ns3:TPX></Extensions></Trackpoint><Trackpoint><Time>2026-01-05T15:55:49Z</Time><HeartRateBpm><Value>100</Value></HeartRateBpm><Extensions><ns3:TPX><ns3:Speed>0.0</ns3:Speed></ns3:TPX></Extensions></Trackpoint><Trackpoint><Time>2026-01-05T15:55:51Z</Time><HeartRateBpm><Value>102</Value></HeartRateBpm><Extensions><ns3:TPX><ns3:Speed>0.0</ns3:Speed></ns3:TPX></Extensions></Trackpoint><Trackpoint><Time>2026-01-05T15:55:52Z</Time><HeartRateBpm><Value>104</Value></HeartRateBpm><Extensions><ns3:TPX><ns3:Speed>0.0</ns3:Speed></ns3:TPX></Extensions></Trackpoint><Trackpoint><Time>2026-01-05T15:55:53Z</Time><HeartRateBpm><Value>106</Value></HeartRateBpm><Extensions><ns3:TPX><ns3:Speed>0.0</ns3:Speed></ns3:TPX></Extensions></Trackpoint><Trackpoint><Time>2026-01-05T15:55:54Z</Time><HeartRateBpm><Value>107</Value></HeartRateBpm><Extensions><ns3:TPX><ns3:Speed>0.0</ns3:Speed></ns3:TPX></Extensions></Trackpoint><Trackpoint><Time>2026-01-05T15:55:55Z</Time><HeartRateBpm><Value>106</Value></HeartRateBpm><Extensions><ns3:TPX><ns3:Speed>0.0</ns3:Speed></ns3:TPX></Extensions></Trackpoint><Trackpoint><Time>2026-01-05T15:55:57Z</Time><HeartRateBpm><Value>109</Value></HeartRateBpm><Extensions><ns3:TPX><ns3:Speed>0.0</ns3:Speed></ns3:TPX></Extensions></Trackpoint><Trackpoint><Time>2026-01-05T15:55:59Z</Time><HeartRateBpm><Value>110</Value></HeartRateBpm><Extensions><ns3:TPX><ns3:Speed>0.0</ns3:Speed></ns3:TPX></Extensions></Trackpoint><Trackpoint><Time>2026-01-05T15:56:00Z</Time><HeartRateBpm><Value>104</Value></HeartRateBpm><Extensions><ns3:TPX><ns3:Speed>0.0</ns3:Speed></ns3:TPX></Extensions></Trackpoint><Trackpoint><Time>2026-01-05T15:56:01Z</Time><HeartRateBpm><Value>105</Value></HeartRateBpm><Extensions><ns3:TPX><ns3:Speed>0.0</ns3:Speed></ns3:TPX></Extensions></Trackpoint><Trackpoint><Time>2026-01-05T15:56:03Z</Time><HeartRateBpm><Value>104</Value></HeartRateBpm><Extensions><ns3:TPX><ns3:Speed>0.0</ns3:Speed></ns3:TPX></Extensions></Trackpoint><Trackpoint><Time>2026-01-05T15:56:05Z</Time><HeartRateBpm><Value>108</Value></HeartRateBpm><Extensions><ns3:TPX><ns3:Speed>0.0</ns3:Speed></ns3:TPX></Extensions></Trackpoint><Trackpoint><Time>2026-01-05T15:56:06Z</Time><HeartRateBpm><Value>109</Value></HeartRateBpm><Extensions><ns3:TPX><ns3:Speed>0.0</ns3:Speed></ns3:TPX></Extensions></Trackpoint><Trackpoint><Time>2026-01-05T15:56:07Z</Time><HeartRateBpm><Value>111</Value></HeartRateBpm><Extensions><ns3:TPX><ns3:Speed>0.0</ns3:Speed></ns3:TPX></Extensions></Trackpoint><Trackpoint><Time>2026-01-05T15:56:18Z</Time><Extensions><ns3:TPX><ns3:Speed>0.0</ns3:Speed></ns3:TPX></Extensions></Trackpoint><Trackpoint><Time>2026-01-05T15:56:20Z</Time><HeartRateBpm><Value>135</Value></HeartRateBpm><Extensions><ns3:TPX><ns3:Speed>0.0</ns3:Speed></ns3:TPX></Extensions></Trackpoint><Trackpoint><Time>2026-01-05T15:56:23Z</Time><HeartRateBpm><Value>134</Value></HeartRateBpm><Extensions><ns3:TPX><ns3:Speed>0.0</ns3:Speed></ns3:TPX></Extensions></Trackpoint><Trackpoint><Time>2026-01-05T15:56:24Z</Time><HeartRateBpm><Value>133</Value></HeartRateBpm><Extensions><ns3:TPX><ns3:Speed>0.0</ns3:Speed></ns3:TPX></Extensions></Trackpoint><Trackpoint><Time>2026-01-05T15:56:26Z</Time><HeartRateBpm><Value>134</Value></HeartRateBpm><Extensions><ns3:TPX><ns3:Speed>0.0</ns3:Speed></ns3:TPX></Extensions></Trackpoint><Trackpoint><Time>2026-01-05T15:56:31Z</Time><HeartRateBpm><Value>134</Value></HeartRateBpm><Extensions><ns3:TPX><ns3:Speed>0.0</ns3:Speed></ns3:TPX></Extensions></Trackpoint><Trackpoint><Time>2026-01-05T15:56:32Z</Time><HeartRateBpm><Value>135</Value></HeartRateBpm><Extensions><ns3:TPX><ns3:Speed>0.0</ns3:Speed></ns3:TPX></Extensions></Trackpoint><Trackpoint><Time>2026-01-05T15:56:37Z</Time><HeartRateBpm><Value>135</Value></HeartRateBpm><Extensions><ns3:TPX><ns3:Speed>0.0</ns3:Speed></ns3:TPX></Extensions></Trackpoint><Trackpoint><Time>2026-01-05T15:56:41Z</Time><HeartRateBpm><Value>136</Value></HeartRateBpm><Extensions><ns3:TPX><ns3:Speed>0.0</ns3:Speed></ns3:TPX></Extensions></Trackpoint><Trackpoint><Time>2026-01-05T15:56:42Z</Time><HeartRateBpm><Value>137</Value></HeartRateBpm><Extensions><ns3:TPX><ns3:Speed>0.0</ns3:Speed></ns3:TPX></Extensions></Trackpoint><Trackpoint><Time>2026-01-05T15:56:46Z</Time><HeartRateBpm><Value>138</Value></HeartRateBpm><Extensions><ns3:TPX><ns3:Speed>0.0</ns3:Speed></ns3:TPX></Extensions></Trackpoint><Trackpoint><Time>2026-01-05T15:56:47Z</Time><HeartRateBpm><Value>139</Value></HeartRateBpm><Extensions><ns3:TPX><ns3:Speed>0.0</ns3:Speed></ns3:TPX></Extensions></Trackpoint><Trackpoint><Time>2026-01-05T15:56:48Z</Time><HeartRateBpm><Value>140</Value></HeartRateBpm><Extensions><ns3:TPX><ns3:Speed>0.0</ns3:Speed></ns3:TPX></Extensions></Trackpoint><Trackpoint><Time>2026-01-05T15:56:49Z</Time><HeartRateBpm><Value>141</Value></HeartRateBpm><Extensions><ns3:TPX><ns3:Speed>0.0</ns3:Speed></ns3:TPX></Extensions></Trackpoint><Trackpoint><Time>2026-01-05T15:56:50Z</Time><HeartRateBpm><Value>142</Value></HeartRateBpm><Extensions><ns3:TPX><ns3:Speed>0.0</ns3:Speed></ns3:TPX></Extensions></Trackpoint><Trackpoint><Time>2026-01-05T15:56:55Z</Time><HeartRateBpm><Value>142</Value></HeartRateBpm><Extensions><ns3:TPX><ns3:Speed>0.0</ns3:Speed></ns3:TPX></Extensions></Trackpoint><Trackpoint><Time>2026-01-05T15:57:00Z</Time><HeartRateBpm><Value>141</Value></HeartRateBpm><Extensions><ns3:TPX><ns3:Speed>0.0</ns3:Speed></ns3:TPX></Extensions></Trackpoint><Trackpoint><Time>2026-01-05T15:57:02Z</Time><HeartRateBpm><Value>139</Value></HeartRateBpm><Extensions><ns3:TPX><ns3:Speed>0.0</ns3:Speed></ns3:TPX></Extensions></Trackpoint><Trackpoint><Time>2026-01-05T15:57:04Z</Time><HeartRateBpm><Value>138</Value></HeartRateBpm><Extensions><ns3:TPX><ns3:Speed>0.0</ns3:Speed></ns3:TPX></Extensions></Trackpoint><Trackpoint><Time>2026-01-05T15:57:05Z</Time><HeartRateBpm><Value>139</Value></HeartRateBpm><Extensions><ns3:TPX><ns3:Speed>0.0</ns3:Speed></ns3:TPX></Extensions></Trackpoint><Trackpoint><Time>2026-01-05T15:57:08Z</Time><HeartRateBpm><Value>140</Value></HeartRateBpm><Extensions><ns3:TPX><ns3:Speed>0.0</ns3:Speed></ns3:TPX></Extensions></Trackpoint><Trackpoint><Time>2026-01-05T15:57:13Z</Time><HeartRateBpm><Value>139</Value></HeartRateBpm><Extensions><ns3:TPX><ns3:Speed>0.0</ns3:Speed></ns3:TPX></Extensions></Trackpoint><Trackpoint><Time>2026-01-05T15:57:14Z</Time><HeartRateBpm><Value>137</Value></HeartRateBpm><Extensions><ns3:TPX><ns3:Speed>0.0</ns3:Speed></ns3:TPX></Extensions></Trackpoint><Trackpoint><Time>2026-01-05T15:57:16Z</Time><HeartRateBpm><Value>135</Value></HeartRateBpm><Extensions><ns3:TPX><ns3:Speed>0.0</ns3:Speed></ns3:TPX></Extensions></Trackpoint><Trackpoint><Time>2026-01-05T15:57:17Z</Time><HeartRateBpm><Value>134</Value></HeartRateBpm><Extensions><ns3:TPX><ns3:Speed>0.0</ns3:Speed></ns3:TPX></Extensions></Trackpoint><Trackpoint><Time>2026-01-05T15:57:20Z</Time><HeartRateBpm><Value>133</Value></HeartRateBpm><Extensions><ns3:TPX><ns3:Speed>0.0</ns3:Speed></ns3:TPX></Extensions></Trackpoint><Trackpoint><Time>2026-01-05T15:57:22Z</Time><HeartRateBpm><Value>132</Value></HeartRateBpm><Extensions><ns3:TPX><ns3:Speed>0.0</ns3:Speed></ns3:TPX></Extensions></Trackpoint><Trackpoint><Time>2026-01-05T15:57:25Z</Time><HeartRateBpm><Value>131</Value></HeartRateBpm><Extensions><ns3:TPX><ns3:Speed>0.0</ns3:Speed></ns3:TPX></Extensions></Trackpoint><Trackpoint><Time>2026-01-05T15:57:26Z</Time><HeartRateBpm><Value>132</Value></HeartRateBpm><Extensions><ns3:TPX><ns3:Speed>0.0</ns3:Speed></ns3:TPX></Extensions></Trackpoint><Trackpoint><Time>2026-01-05T15:57:28Z</Time><HeartRateBpm><Value>133</Value></HeartRateBpm><Extensions><ns3:TPX><ns3:Speed>0.0</ns3:Speed></ns3:TPX></Extensions></Trackpoint><Trackpoint><Time>2026-01-05T15:57:29Z</Time><HeartRateBpm><Value>132</Value></HeartRateBpm><Extensions><ns3:TPX><ns3:Speed>0.0</ns3:Speed></ns3:TPX></Extensions></Trackpoint><Trackpoint><Time>2026-01-05T15:57:30Z</Time><HeartRateBpm><Value>131</Value></HeartRateBpm><Extensions><ns3:TPX><ns3:Speed>0.0</ns3:Speed></ns3:TPX></Extensions></Trackpoint><Trackpoint><Time>2026-01-05T15:57:32Z</Time><HeartRateBpm><Value>132</Value></HeartRateBpm><Extensions><ns3:TPX><ns3:Speed>0.0</ns3:Speed></ns3:TPX></Extensions></Trackpoint><Trackpoint><Time>2026-01-05T15:57:37Z</Time><HeartRateBpm><Value>132</Value></HeartRateBpm><Extensions><ns3:TPX><ns3:Speed>0.0</ns3:Speed></ns3:TPX></Extensions></Trackpoint><Trackpoint><Time>2026-01-05T15:57:41Z</Time><HeartRateBpm><Value>131</Value></HeartRateBpm><Extensions><ns3:TPX><ns3:Speed>0.0</ns3:Speed></ns3:TPX></Extensions></Trackpoint><Trackpoint><Time>2026-01-05T15:57:47Z</Time><HeartRateBpm><Value>131</Value></HeartRateBpm><Extensions><ns3:TPX><ns3:Speed>0.0</ns3:Speed></ns3:TPX></Extensions></Trackpoint><Trackpoint><Time>2026-01-05T15:57:49Z</Time><HeartRateBpm><Value>132</Value></HeartRateBpm><Extensions><ns3:TPX><ns3:Speed>0.0</ns3:Speed></ns3:TPX></Extensions></Trackpoint><Trackpoint><Time>2026-01-05T15:57:50Z</Time><HeartRateBpm><Value>131</Value></HeartRateBpm><Extensions><ns3:TPX><ns3:Speed>0.0</ns3:Speed></ns3:TPX></Extensions></Trackpoint><Trackpoint><Time>2026-01-05T15:57:55Z</Time><HeartRateBpm><Value>129</Value></HeartRateBpm><Extensions><ns3:TPX><ns3:Speed>0.0</ns3:Speed></ns3:TPX></Extensions></Trackpoint><Trackpoint><Time>2026-01-05T15:57:57Z</Time><HeartRateBpm><Value>128</Value></HeartRateBpm><Extensions><ns3:TPX><ns3:Speed>0.0</ns3:Speed></ns3:TPX></Extensions></Trackpoint><Trackpoint><Time>2026-01-05T15:57:58Z</Time><HeartRateBpm><Value>127</Value></HeartRateBpm><Extensions><ns3:TPX><ns3:Speed>0.0</ns3:Speed></ns3:TPX></Extensions></Trackpoint><Trackpoint><Time>2026-01-05T15:57:59Z</Time><HeartRateBpm><Value>126</Value></HeartRateBpm><Extensions><ns3:TPX><ns3:Speed>0.0</ns3:Speed></ns3:TPX></Extensions></Trackpoint><Trackpoint><Time>2026-01-05T15:58:02Z</Time><HeartRateBpm><Value>125</Value></HeartRateBpm><Extensions><ns3:TPX><ns3:Speed>0.0</ns3:Speed></ns3:TPX></Extensions></Trackpoint><Trackpoint><Time>2026-01-05T15:58:03Z</Time><HeartRateBpm><Value>124</Value></HeartRateBpm><Extensions><ns3:TPX><ns3:Speed>0.0</ns3:Speed></ns3:TPX></Extensions></Trackpoint><Trackpoint><Time>2026-01-05T15:58:05Z</Time><HeartRateBpm><Value>123</Value></HeartRateBpm><Extensions><ns3:TPX><ns3:Speed>0.0</ns3:Speed></ns3:TPX></Extensions></Trackpoint><Trackpoint><Time>2026-01-05T15:58:07Z</Time><HeartRateBpm><Value>122</Value></HeartRateBpm><Extensions><ns3:TPX><ns3:Speed>0.0</ns3:Speed></ns3:TPX></Extensions></Trackpoint><Trackpoint><Time>2026-01-05T15:58:09Z</Time><HeartRateBpm><Value>121</Value></HeartRateBpm><Extensions><ns3:TPX><ns3:Speed>0.0</ns3:Speed></ns3:TPX></Extensions></Trackpoint><Trackpoint><Time>2026-01-05T15:58:11Z</Time><HeartRateBpm><Value>118</Value></HeartRateBpm><Extensions><ns3:TPX><ns3:Speed>0.0</ns3:Speed></ns3:TPX></Extensions></Trackpoint><Trackpoint><Time>2026-01-05T15:58:12Z</Time><HeartRateBpm><Value>117</Value></HeartRateBpm><Extensions><ns3:TPX><ns3:Speed>0.0</ns3:Speed></ns3:TPX></Extensions></Trackpoint><Trackpoint><Time>2026-01-05T15:58:13Z</Time><HeartRateBpm><Value>116</Value></HeartRateBpm><Extensions><ns3:TPX><ns3:Speed>0.0</ns3:Speed></ns3:TPX></Extensions></Trackpoint><Trackpoint><Time>2026-01-05T15:58:15Z</Time><HeartRateBpm><Value>115</Value></HeartRateBpm><Extensions><ns3:TPX><ns3:Speed>0.0</ns3:Speed></ns3:TPX></Extensions></Trackpoint><Trackpoint><Time>2026-01-05T15:58:18Z</Time><HeartRateBpm><Value>117</Value></HeartRateBpm><Extensions><ns3:TPX><ns3:Speed>0.0</ns3:Speed></ns3:TPX></Extensions></Trackpoint><Trackpoint><Time>2026-01-05T15:58:19Z</Time><HeartRateBpm><Value>119</Value></HeartRateBpm><Extensions><ns3:TPX><ns3:Speed>0.0</ns3:Speed></ns3:TPX></Extensions></Trackpoint><Trackpoint><Time>2026-01-05T15:58:21Z</Time><HeartRateBpm><Value>118</Value></HeartRateBpm><Extensions><ns3:TPX><ns3:Speed>0.0</ns3:Speed></ns3:TPX></Extensions></Trackpoint><Trackpoint><Time>2026-01-05T15:58:23Z</Time><HeartRateBpm><Value>117</Value></HeartRateBpm><Extensions><ns3:TPX><ns3:Speed>0.0</ns3:Speed></ns3:TPX></Extensions></Trackpoint><Trackpoint><Time>2026-01-05T15:58:24Z</Time><HeartRateBpm><Value>119</Value></HeartRateBpm><Extensions><ns3:TPX><ns3:Speed>0.0</ns3:Speed></ns3:TPX></Extensions></Trackpoint><Trackpoint><Time>2026-01-05T15:58:25Z</Time><HeartRateBpm><Value>121</Value></HeartRateBpm><Extensions><ns3:TPX><ns3:Speed>0.0</ns3:Speed></ns3:TPX></Extensions></Trackpoint><Trackpoint><Time>2026-01-05T15:58:26Z</Time><HeartRateBpm><Value>120</Value></HeartRateBpm><Extensions><ns3:TPX><ns3:Speed>0.0</ns3:Speed></ns3:TPX></Extensions></Trackpoint><Trackpoint><Time>2026-01-05T15:58:27Z</Time><HeartRateBpm><Value>116</Value></HeartRateBpm><Extensions><ns3:TPX><ns3:Speed>0.0</ns3:Speed></ns3:TPX></Extensions></Trackpoint><Trackpoint><Time>2026-01-05T15:58:29Z</Time><HeartRateBpm><Value>114</Value></HeartRateBpm><Extensions><ns3:TPX><ns3:Speed>0.0</ns3:Speed></ns3:TPX></Extensions></Trackpoint><Trackpoint><Time>2026-01-05T15:58:30Z</Time><HeartRateBpm><Value>113</Value></HeartRateBpm><Extensions><ns3:TPX><ns3:Speed>0.0</ns3:Speed></ns3:TPX></Extensions></Trackpoint><Trackpoint><Time>2026-01-05T15:58:31Z</Time><HeartRateBpm><Value>111</Value></HeartRateBpm><Extensions><ns3:TPX><ns3:Speed>0.0</ns3:Speed></ns3:TPX></Extensions></Trackpoint><Trackpoint><Time>2026-01-05T15:58:32Z</Time><HeartRateBpm><Value>108</Value></HeartRateBpm><Extensions><ns3:TPX><ns3:Speed>0.0</ns3:Speed></ns3:TPX></Extensions></Trackpoint><Trackpoint><Time>2026-01-05T15:58:33Z</Time><HeartRateBpm><Value>107</Value></HeartRateBpm><Extensions><ns3:TPX><ns3:Speed>0.0</ns3:Speed></ns3:TPX></Extensions></Trackpoint><Trackpoint><Time>2026-01-05T15:58:35Z</Time><HeartRateBpm><Value>106</Value></HeartRateBpm><Extensions><ns3:TPX><ns3:Speed>0.0</ns3:Speed></ns3:TPX></Extensions></Trackpoint><Trackpoint><Time>2026-01-05T15:58:36Z</Time><HeartRateBpm><Value>107</Value></HeartRateBpm><Extensions><ns3:TPX><ns3:Speed>0.0</ns3:Speed></ns3:TPX></Extensions></Trackpoint><Trackpoint><Time>2026-01-05T15:58:38Z</Time><HeartRateBpm><Value>105</Value></HeartRateBpm><Extensions><ns3:TPX><ns3:Speed>0.0</ns3:Speed></ns3:TPX></Extensions></Trackpoint><Trackpoint><Time>2026-01-05T15:58:39Z</Time><HeartRateBpm><Value>104</Value></HeartRateBpm><Extensions><ns3:TPX><ns3:Speed>0.0</ns3:Speed></ns3:TPX></Extensions></Trackpoint><Trackpoint><Time>2026-01-05T15:58:41Z</Time><HeartRateBpm><Value>103</Value></HeartRateBpm><Extensions><ns3:TPX><ns3:Speed>0.0</ns3:Speed></ns3:TPX></Extensions></Trackpoint><Trackpoint><Time>2026-01-05T15:58:43Z</Time><HeartRateBpm><Value>104</Value></HeartRateBpm><Extensions><ns3:TPX><ns3:Speed>0.0</ns3:Speed></ns3:TPX></Extensions></Trackpoint><Trackpoint><Time>2026-01-05T15:58:45Z</Time><HeartRateBpm><Value>100</Value></HeartRateBpm><Extensions><ns3:TPX><ns3:Speed>0.0</ns3:Speed></ns3:TPX></Extensions></Trackpoint><Trackpoint><Time>2026-01-05T15:58:47Z</Time><HeartRateBpm><Value>99</Value></HeartRateBpm><Extensions><ns3:TPX><ns3:Speed>0.0</ns3:Speed></ns3:TPX></Extensions></Trackpoint><Trackpoint><Time>2026-01-05T15:58:48Z</Time><HeartRateBpm><Value>97</Value></HeartRateBpm><Extensions><ns3:TPX><ns3:Speed>0.0</ns3:Speed></ns3:TPX></Extensions></Trackpoint><Trackpoint><Time>2026-01-05T15:58:50Z</Time><HeartRateBpm><Value>96</Value></HeartRateBpm><Extensions><ns3:TPX><ns3:Speed>0.0</ns3:Speed></ns3:TPX></Extensions></Trackpoint><Trackpoint><Time>2026-01-05T15:58:53Z</Time><HeartRateBpm><Value>93</Value></HeartRateBpm><Extensions><ns3:TPX><ns3:Speed>0.0</ns3:Speed></ns3:TPX></Extensions></Trackpoint><Trackpoint><Time>2026-01-05T15:58:55Z</Time><HeartRateBpm><Value>91</Value></HeartRateBpm><Extensions><ns3:TPX><ns3:Speed>0.0</ns3:Speed></ns3:TPX></Extensions></Trackpoint><Trackpoint><Time>2026-01-05T15:58:56Z</Time><HeartRateBpm><Value>90</Value></HeartRateBpm><Extensions><ns3:TPX><ns3:Speed>0.0</ns3:Speed></ns3:TPX></Extensions></Trackpoint><Trackpoint><Time>2026-01-05T15:58:57Z</Time><HeartRateBpm><Value>89</Value></HeartRateBpm><Extensions><ns3:TPX><ns3:Speed>0.0</ns3:Speed></ns3:TPX></Extensions></Trackpoint><Trackpoint><Time>2026-01-05T15:58:58Z</Time><HeartRateBpm><Value>84</Value></HeartRateBpm><Extensions><ns3:TPX><ns3:Speed>0.0</ns3:Speed></ns3:TPX></Extensions></Trackpoint><Trackpoint><Time>2026-01-05T15:59:00Z</Time><HeartRateBpm><Value>83</Value></HeartRateBpm><Extensions><ns3:TPX><ns3:Speed>0.0</ns3:Speed></ns3:TPX></Extensions></Trackpoint><Trackpoint><Time>2026-01-05T15:59:03Z</Time><HeartRateBpm><Value>82</Value></HeartRateBpm><Extensions><ns3:TPX><ns3:Speed>0.0</ns3:Speed></ns3:TPX></Extensions></Trackpoint><Trackpoint><Time>2026-01-05T15:59:04Z</Time><HeartRateBpm><Value>84</Value></HeartRateBpm><Extensions><ns3:TPX><ns3:Speed>0.0</ns3:Speed></ns3:TPX></Extensions></Trackpoint><Trackpoint><Time>2026-01-05T15:59:08Z</Time><HeartRateBpm><Value>85</Value></HeartRateBpm><Extensions><ns3:TPX><ns3:Speed>0.0</ns3:Speed></ns3:TPX></Extensions></Trackpoint><Trackpoint><Time>2026-01-05T15:59:09Z</Time><HeartRateBpm><Value>86</Value></HeartRateBpm><Extensions><ns3:TPX><ns3:Speed>0.0</ns3:Speed></ns3:TPX></Extensions></Trackpoint><Trackpoint><Time>2026-01-05T15:59:10Z</Time><HeartRateBpm><Value>89</Value></HeartRateBpm><Extensions><ns3:TPX><ns3:Speed>0.0</ns3:Speed></ns3:TPX></Extensions></Trackpoint><Trackpoint><Time>2026-01-05T15:59:12Z</Time><HeartRateBpm><Value>91</Value></HeartRateBpm><Extensions><ns3:TPX><ns3:Speed>0.0</ns3:Speed></ns3:TPX></Extensions></Trackpoint><Trackpoint><Time>2026-01-05T15:59:13Z</Time><HeartRateBpm><Value>93</Value></HeartRateBpm><Extensions><ns3:TPX><ns3:Speed>0.0</ns3:Speed></ns3:TPX></Extensions></Trackpoint><Trackpoint><Time>2026-01-05T15:59:14Z</Time><HeartRateBpm><Value>94</Value></HeartRateBpm><Extensions><ns3:TPX><ns3:Speed>0.0</ns3:Speed></ns3:TPX></Extensions></Trackpoint><Trackpoint><Time>2026-01-05T15:59:15Z</Time><HeartRateBpm><Value>95</Value></HeartRateBpm><Extensions><ns3:TPX><ns3:Speed>0.0</ns3:Speed></ns3:TPX></Extensions></Trackpoint><Trackpoint><Time>2026-01-05T15:59:16Z</Time><HeartRateBpm><Value>101</Value></HeartRateBpm><Extensions><ns3:TPX><ns3:Speed>0.0</ns3:Speed></ns3:TPX></Extensions></Trackpoint><Trackpoint><Time>2026-01-05T15:59:18Z</Time><HeartRateBpm><Value>96</Value></HeartRateBpm><Extensions><ns3:TPX><ns3:Speed>0.0</ns3:Speed></ns3:TPX></Extensions></Trackpoint><Trackpoint><Time>2026-01-05T15:59:19Z</Time><HeartRateBpm><Value>98</Value></HeartRateBpm><Extensions><ns3:TPX><ns3:Speed>0.0</ns3:Speed></ns3:TPX></Extensions></Trackpoint><Trackpoint><Time>2026-01-05T15:59:20Z</Time><HeartRateBpm><Value>94</Value></HeartRateBpm><Extensions><ns3:TPX><ns3:Speed>0.0</ns3:Speed></ns3:TPX></Extensions></Trackpoint><Trackpoint><Time>2026-01-05T15:59:22Z</Time><HeartRateBpm><Value>92</Value></HeartRateBpm><Extensions><ns3:TPX><ns3:Speed>0.0</ns3:Speed></ns3:TPX></Extensions></Trackpoint><Trackpoint><Time>2026-01-05T15:59:24Z</Time><HeartRateBpm><Value>95</Value></HeartRateBpm><Extensions><ns3:TPX><ns3:Speed>0.0</ns3:Speed></ns3:TPX></Extensions></Trackpoint><Trackpoint><Time>2026-01-05T15:59:25Z</Time><HeartRateBpm><Value>91</Value></HeartRateBpm><Extensions><ns3:TPX><ns3:Speed>0.0</ns3:Speed></ns3:TPX></Extensions></Trackpoint><Trackpoint><Time>2026-01-05T15:59:26Z</Time><HeartRateBpm><Value>89</Value></HeartRateBpm><Extensions><ns3:TPX><ns3:Speed>0.0</ns3:Speed></ns3:TPX></Extensions></Trackpoint><Trackpoint><Time>2026-01-05T15:59:27Z</Time><HeartRateBpm><Value>90</Value></HeartRateBpm><Extensions><ns3:TPX><ns3:Speed>0.0</ns3:Speed></ns3:TPX></Extensions></Trackpoint><Trackpoint><Time>2026-01-05T15:59:28Z</Time><HeartRateBpm><Value>98</Value></HeartRateBpm><Extensions><ns3:TPX><ns3:Speed>0.0</ns3:Speed></ns3:TPX></Extensions></Trackpoint><Trackpoint><Time>2026-01-05T15:59:30Z</Time><HeartRateBpm><Value>100</Value></HeartRateBpm><Extensions><ns3:TPX><ns3:Speed>0.0</ns3:Speed></ns3:TPX></Extensions></Trackpoint><Trackpoint><Time>2026-01-05T15:59:31Z</Time><HeartRateBpm><Value>99</Value></HeartRateBpm><Extensions><ns3:TPX><ns3:Speed>0.0</ns3:Speed></ns3:TPX></Extensions></Trackpoint><Trackpoint><Time>2026-01-05T15:59:32Z</Time><HeartRateBpm><Value>98</Value></HeartRateBpm><Extensions><ns3:TPX><ns3:Speed>0.0</ns3:Speed></ns3:TPX></Extensions></Trackpoint><Trackpoint><Time>2026-01-05T15:59:37Z</Time><HeartRateBpm><Value>98</Value></HeartRateBpm><Extensions><ns3:TPX><ns3:Speed>0.0</ns3:Speed></ns3:TPX></Extensions></Trackpoint><Trackpoint><Time>2026-01-05T15:59:42Z</Time><HeartRateBpm><Value>98</Value></HeartRateBpm><Extensions><ns3:TPX><ns3:Speed>0.0</ns3:Speed></ns3:TPX></Extensions></Trackpoint><Trackpoint><Time>2026-01-05T15:59:43Z</Time><HeartRateBpm><Value>99</Value></HeartRateBpm><Extensions><ns3:TPX><ns3:Speed>0.0</ns3:Speed></ns3:TPX></Extensions></Trackpoint><Trackpoint><Time>2026-01-05T15:59:44Z</Time><HeartRateBpm><Value>101</Value></HeartRateBpm><Extensions><ns3:TPX><ns3:Speed>0.0</ns3:Speed></ns3:TPX></Extensions></Trackpoint><Trackpoint><Time>2026-01-05T15:59:45Z</Time><HeartRateBpm><Value>103</Value></HeartRateBpm><Extensions><ns3:TPX><ns3:Speed>0.0</ns3:Speed></ns3:TPX></Extensions></Trackpoint><Trackpoint><Time>2026-01-05T15:59:46Z</Time><HeartRateBpm><Value>104</Value></HeartRateBpm><Extensions><ns3:TPX><ns3:Speed>0.0</ns3:Speed></ns3:TPX></Extensions></Trackpoint><Trackpoint><Time>2026-01-05T15:59:48Z</Time><HeartRateBpm><Value>99</Value></HeartRateBpm><Extensions><ns3:TPX><ns3:Speed>0.0</ns3:Speed></ns3:TPX></Extensions></Trackpoint><Trackpoint><Time>2026-01-05T15:59:49Z</Time><HeartRateBpm><Value>102</Value></HeartRateBpm><Extensions><ns3:TPX><ns3:Speed>0.0</ns3:Speed></ns3:TPX></Extensions></Trackpoint><Trackpoint><Time>2026-01-05T15:59:50Z</Time><HeartRateBpm><Value>99</Value></HeartRateBpm><Extensions><ns3:TPX><ns3:Speed>0.0</ns3:Speed></ns3:TPX></Extensions></Trackpoint><Trackpoint><Time>2026-01-05T15:59:51Z</Time><HeartRateBpm><Value>97</Value></HeartRateBpm><Extensions><ns3:TPX><ns3:Speed>0.0</ns3:Speed></ns3:TPX></Extensions></Trackpoint><Trackpoint><Time>2026-01-05T15:59:52Z</Time><HeartRateBpm><Value>96</Value></HeartRateBpm><Extensions><ns3:TPX><ns3:Speed>0.0</ns3:Speed></ns3:TPX></Extensions></Trackpoint><Trackpoint><Time>2026-01-05T15:59:53Z</Time><HeartRateBpm><Value>94</Value></HeartRateBpm><Extensions><ns3:TPX><ns3:Speed>0.0</ns3:Speed></ns3:TPX></Extensions></Trackpoint><Trackpoint><Time>2026-01-05T15:59:55Z</Time><HeartRateBpm><Value>93</Value></HeartRateBpm><Extensions><ns3:TPX><ns3:Speed>0.0</ns3:Speed></ns3:TPX></Extensions></Trackpoint><Trackpoint><Time>2026-01-05T15:59:56Z</Time><HeartRateBpm><Value>92</Value></HeartRateBpm><Extensions><ns3:TPX><ns3:Speed>0.0</ns3:Speed></ns3:TPX></Extensions></Trackpoint><Trackpoint><Time>2026-01-05T15:59:57Z</Time><HeartRateBpm><Value>91</Value></HeartRateBpm><Extensions><ns3:TPX><ns3:Speed>0.0</ns3:Speed></ns3:TPX></Extensions></Trackpoint><Trackpoint><Time>2026-01-05T15:59:58Z</Time><HeartRateBpm><Value>89</Value></HeartRateBpm><Extensions><ns3:TPX><ns3:Speed>0.0</ns3:Speed></ns3:TPX></Extensions></Trackpoint><Trackpoint><Time>2026-01-05T15:59:59Z</Time><HeartRateBpm><Value>86</Value></HeartRateBpm><Extensions><ns3:TPX><ns3:Speed>0.0</ns3:Speed></ns3:TPX></Extensions></Trackpoint><Trackpoint><Time>2026-01-05T16:00:01Z</Time><HeartRateBpm><Value>85</Value></HeartRateBpm><Extensions><ns3:TPX><ns3:Speed>0.0</ns3:Speed></ns3:TPX></Extensions></Trackpoint><Trackpoint><Time>2026-01-05T16:00:02Z</Time><HeartRateBpm><Value>84</Value></HeartRateBpm><Extensions><ns3:TPX><ns3:Speed>0.0</ns3:Speed></ns3:TPX></Extensions></Trackpoint><Trackpoint><Time>2026-01-05T16:00:06Z</Time><HeartRateBpm><Value>83</Value></HeartRateBpm><Extensions><ns3:TPX><ns3:Speed>0.0</ns3:Speed></ns3:TPX></Extensions></Trackpoint><Trackpoint><Time>2026-01-05T16:00:07Z</Time><HeartRateBpm><Value>82</Value></HeartRateBpm><Extensions><ns3:TPX><ns3:Speed>0.0</ns3:Speed></ns3:TPX></Extensions></Trackpoint><Trackpoint><Time>2026-01-05T16:00:08Z</Time><HeartRateBpm><Value>81</Value></HeartRateBpm><Extensions><ns3:TPX><ns3:Speed>0.0</ns3:Speed></ns3:TPX></Extensions></Trackpoint><Trackpoint><Time>2026-01-05T16:00:10Z</Time><HeartRateBpm><Value>79</Value></HeartRateBpm><Extensions><ns3:TPX><ns3:Speed>0.0</ns3:Speed></ns3:TPX></Extensions></Trackpoint><Trackpoint><Time>2026-01-05T16:00:15Z</Time><HeartRateBpm><Value>79</Value></HeartRateBpm><Extensions><ns3:TPX><ns3:Speed>0.0</ns3:Speed></ns3:TPX></Extensions></Trackpoint><Trackpoint><Time>2026-01-05T16:00:16Z</Time><HeartRateBpm><Value>80</Value></HeartRateBpm><Extensions><ns3:TPX><ns3:Speed>0.0</ns3:Speed></ns3:TPX></Extensions></Trackpoint><Trackpoint><Time>2026-01-05T16:00:18Z</Time><HeartRateBpm><Value>81</Value></HeartRateBpm><Extensions><ns3:TPX><ns3:Speed>0.0</ns3:Speed></ns3:TPX></Extensions></Trackpoint><Trackpoint><Time>2026-01-05T16:00:19Z</Time><HeartRateBpm><Value>82</Value></HeartRateBpm><Extensions><ns3:TPX><ns3:Speed>0.0</ns3:Speed></ns3:TPX></Extensions></Trackpoint><Trackpoint><Time>2026-01-05T16:00:24Z</Time><HeartRateBpm><Value>82</Value></HeartRateBpm><Extensions><ns3:TPX><ns3:Speed>0.0</ns3:Speed></ns3:TPX></Extensions></Trackpoint><Trackpoint><Time>2026-01-05T16:00:26Z</Time><HeartRateBpm><Value>83</Value></HeartRateBpm><Extensions><ns3:TPX><ns3:Speed>0.0</ns3:Speed></ns3:TPX></Extensions></Trackpoint><Trackpoint><Time>2026-01-05T16:00:27Z</Time><HeartRateBpm><Value>86</Value></HeartRateBpm><Extensions><ns3:TPX><ns3:Speed>0.0</ns3:Speed></ns3:TPX></Extensions></Trackpoint><Trackpoint><Time>2026-01-05T16:00:28Z</Time><HeartRateBpm><Value>91</Value></HeartRateBpm><Extensions><ns3:TPX><ns3:Speed>0.0</ns3:Speed></ns3:TPX></Extensions></Trackpoint><Trackpoint><Time>2026-01-05T16:00:30Z</Time><HeartRateBpm><Value>92</Value></HeartRateBpm><Extensions><ns3:TPX><ns3:Speed>0.0</ns3:Speed></ns3:TPX></Extensions></Trackpoint><Trackpoint><Time>2026-01-05T16:00:31Z</Time><HeartRateBpm><Value>94</Value></HeartRateBpm><Extensions><ns3:TPX><ns3:Speed>0.0</ns3:Speed></ns3:TPX></Extensions></Trackpoint><Trackpoint><Time>2026-01-05T16:00:32Z</Time><HeartRateBpm><Value>93</Value></HeartRateBpm><Extensions><ns3:TPX><ns3:Speed>0.0</ns3:Speed></ns3:TPX></Extensions></Trackpoint><Trackpoint><Time>2026-01-05T16:00:33Z</Time><HeartRateBpm><Value>92</Value></HeartRateBpm><Extensions><ns3:TPX><ns3:Speed>0.0</ns3:Speed></ns3:TPX></Extensions></Trackpoint><Trackpoint><Time>2026-01-05T16:00:34Z</Time><HeartRateBpm><Value>88</Value></HeartRateBpm><Extensions><ns3:TPX><ns3:Speed>0.0</ns3:Speed></ns3:TPX></Extensions></Trackpoint><Trackpoint><Time>2026-01-05T16:00:36Z</Time><HeartRateBpm><Value>83</Value></HeartRateBpm><Extensions><ns3:TPX><ns3:Speed>0.0</ns3:Speed></ns3:TPX></Extensions></Trackpoint><Trackpoint><Time>2026-01-05T16:00:37Z</Time><HeartRateBpm><Value>81</Value></HeartRateBpm><Extensions><ns3:TPX><ns3:Speed>0.0</ns3:Speed></ns3:TPX></Extensions></Trackpoint><Trackpoint><Time>2026-01-05T16:00:39Z</Time><HeartRateBpm><Value>82</Value></HeartRateBpm><Extensions><ns3:TPX><ns3:Speed>0.0</ns3:Speed></ns3:TPX></Extensions></Trackpoint><Trackpoint><Time>2026-01-05T16:00:40Z</Time><HeartRateBpm><Value>83</Value></HeartRateBpm><Extensions><ns3:TPX><ns3:Speed>0.0</ns3:Speed></ns3:TPX></Extensions></Trackpoint><Trackpoint><Time>2026-01-05T16:00:44Z</Time><HeartRateBpm><Value>85</Value></HeartRateBpm><Extensions><ns3:TPX><ns3:Speed>0.0</ns3:Speed></ns3:TPX></Extensions></Trackpoint><Trackpoint><Time>2026-01-05T16:00:45Z</Time><HeartRateBpm><Value>86</Value></HeartRateBpm><Extensions><ns3:TPX><ns3:Speed>0.0</ns3:Speed></ns3:TPX></Extensions></Trackpoint><Trackpoint><Time>2026-01-05T16:00:48Z</Time><HeartRateBpm><Value>89</Value></HeartRateBpm><Extensions><ns3:TPX><ns3:Speed>0.0</ns3:Speed></ns3:TPX></Extensions></Trackpoint><Trackpoint><Time>2026-01-05T16:00:49Z</Time><HeartRateBpm><Value>90</Value></HeartRateBpm><Extensions><ns3:TPX><ns3:Speed>0.0</ns3:Speed></ns3:TPX></Extensions></Trackpoint><Trackpoint><Time>2026-01-05T16:00:50Z</Time><HeartRateBpm><Value>92</Value></HeartRateBpm><Extensions><ns3:TPX><ns3:Speed>0.0</ns3:Speed></ns3:TPX></Extensions></Trackpoint><Trackpoint><Time>2026-01-05T16:00:51Z</Time><HeartRateBpm><Value>93</Value></HeartRateBpm><Extensions><ns3:TPX><ns3:Speed>0.0</ns3:Speed></ns3:TPX></Extensions></Trackpoint><Trackpoint><Time>2026-01-05T16:00:52Z</Time><HeartRateBpm><Value>94</Value></HeartRateBpm><Extensions><ns3:TPX><ns3:Speed>0.0</ns3:Speed></ns3:TPX></Extensions></Trackpoint><Trackpoint><Time>2026-01-05T16:00:55Z</Time><HeartRateBpm><Value>92</Value></HeartRateBpm><Extensions><ns3:TPX><ns3:Speed>0.0</ns3:Speed></ns3:TPX></Extensions></Trackpoint><Trackpoint><Time>2026-01-05T16:00:56Z</Time><HeartRateBpm><Value>91</Value></HeartRateBpm><Extensions><ns3:TPX><ns3:Speed>0.0</ns3:Speed></ns3:TPX></Extensions></Trackpoint><Trackpoint><Time>2026-01-05T16:00:59Z</Time><HeartRateBpm><Value>90</Value></HeartRateBpm><Extensions><ns3:TPX><ns3:Speed>0.0</ns3:Speed></ns3:TPX></Extensions></Trackpoint><Trackpoint><Time>2026-01-05T16:01:02Z</Time><HeartRateBpm><Value>91</Value></HeartRateBpm><Extensions><ns3:TPX><ns3:Speed>0.0</ns3:Speed></ns3:TPX></Extensions></Trackpoint><Trackpoint><Time>2026-01-05T16:01:07Z</Time><HeartRateBpm><Value>92</Value></HeartRateBpm><Extensions><ns3:TPX><ns3:Speed>0.0</ns3:Speed></ns3:TPX></Extensions></Trackpoint><Trackpoint><Time>2026-01-05T16:01:13Z</Time><HeartRateBpm><Value>93</Value></HeartRateBpm><Extensions><ns3:TPX><ns3:Speed>0.0</ns3:Speed></ns3:TPX></Extensions></Trackpoint><Trackpoint><Time>2026-01-05T16:01:14Z</Time><HeartRateBpm><Value>94</Value></HeartRateBpm><Extensions><ns3:TPX><ns3:Speed>0.0</ns3:Speed></ns3:TPX></Extensions></Trackpoint><Trackpoint><Time>2026-01-05T16:01:19Z</Time><HeartRateBpm><Value>94</Value></HeartRateBpm><Extensions><ns3:TPX><ns3:Speed>0.0</ns3:Speed></ns3:TPX></Extensions></Trackpoint><Trackpoint><Time>2026-01-05T16:01:21Z</Time><HeartRateBpm><Value>95</Value></HeartRateBpm><Extensions><ns3:TPX><ns3:Speed>0.0</ns3:Speed></ns3:TPX></Extensions></Trackpoint><Trackpoint><Time>2026-01-05T16:01:23Z</Time><HeartRateBpm><Value>97</Value></HeartRateBpm><Extensions><ns3:TPX><ns3:Speed>0.0</ns3:Speed></ns3:TPX></Extensions></Trackpoint><Trackpoint><Time>2026-01-05T16:01:26Z</Time><HeartRateBpm><Value>98</Value></HeartRateBpm><Extensions><ns3:TPX><ns3:Speed>0.0</ns3:Speed></ns3:TPX></Extensions></Trackpoint><Trackpoint><Time>2026-01-05T16:01:31Z</Time><HeartRateBpm><Value>97</Value></HeartRateBpm><Extensions><ns3:TPX><ns3:Speed>0.0</ns3:Speed></ns3:TPX></Extensions></Trackpoint><Trackpoint><Time>2026-01-05T16:01:32Z</Time><HeartRateBpm><Value>96</Value></HeartRateBpm><Extensions><ns3:TPX><ns3:Speed>0.0</ns3:Speed></ns3:TPX></Extensions></Trackpoint><Trackpoint><Time>2026-01-05T16:01:34Z</Time><HeartRateBpm><Value>97</Value></HeartRateBpm><Extensions><ns3:TPX><ns3:Speed>0.0</ns3:Speed></ns3:TPX></Extensions></Trackpoint><Trackpoint><Time>2026-01-05T16:01:37Z</Time><HeartRateBpm><Value>96</Value></HeartRateBpm><Extensions><ns3:TPX><ns3:Speed>0.0</ns3:Speed></ns3:TPX></Extensions></Trackpoint><Trackpoint><Time>2026-01-05T16:01:41Z</Time><HeartRateBpm><Value>97</Value></HeartRateBpm><Extensions><ns3:TPX><ns3:Speed>0.0</ns3:Speed></ns3:TPX></Extensions></Trackpoint><Trackpoint><Time>2026-01-05T16:01:43Z</Time><HeartRateBpm><Value>96</Value></HeartRateBpm><Extensions><ns3:TPX><ns3:Speed>0.0</ns3:Speed></ns3:TPX></Extensions></Trackpoint><Trackpoint><Time>2026-01-05T16:01:46Z</Time><HeartRateBpm><Value>98</Value></HeartRateBpm><Extensions><ns3:TPX><ns3:Speed>0.0</ns3:Speed></ns3:TPX></Extensions></Trackpoint><Trackpoint><Time>2026-01-05T16:01:47Z</Time><HeartRateBpm><Value>99</Value></HeartRateBpm><Extensions><ns3:TPX><ns3:Speed>0.0</ns3:Speed></ns3:TPX></Extensions></Trackpoint><Trackpoint><Time>2026-01-05T16:01:52Z</Time><HeartRateBpm><Value>99</Value></HeartRateBpm><Extensions><ns3:TPX><ns3:Speed>0.0</ns3:Speed></ns3:TPX></Extensions></Trackpoint><Trackpoint><Time>2026-01-05T16:01:54Z</Time><HeartRateBpm><Value>100</Value></HeartRateBpm><Extensions><ns3:TPX><ns3:Speed>0.0</ns3:Speed></ns3:TPX></Extensions></Trackpoint><Trackpoint><Time>2026-01-05T16:01:59Z</Time><HeartRateBpm><Value>100</Value></HeartRateBpm><Extensions><ns3:TPX><ns3:Speed>0.0</ns3:Speed></ns3:TPX></Extensions></Trackpoint><Trackpoint><Time>2026-01-05T16:02:01Z</Time><HeartRateBpm><Value>102</Value></HeartRateBpm><Extensions><ns3:TPX><ns3:Speed>0.0</ns3:Speed></ns3:TPX></Extensions></Trackpoint><Trackpoint><Time>2026-01-05T16:02:03Z</Time><HeartRateBpm><Value>104</Value></HeartRateBpm><Extensions><ns3:TPX><ns3:Speed>0.0</ns3:Speed></ns3:TPX></Extensions></Trackpoint><Trackpoint><Time>2026-01-05T16:02:04Z</Time><HeartRateBpm><Value>106</Value></HeartRateBpm><Extensions><ns3:TPX><ns3:Speed>0.0</ns3:Speed></ns3:TPX></Extensions></Trackpoint><Trackpoint><Time>2026-01-05T16:02:05Z</Time><HeartRateBpm><Value>107</Value></HeartRateBpm><Extensions><ns3:TPX><ns3:Speed>0.0</ns3:Speed></ns3:TPX></Extensions></Trackpoint><Trackpoint><Time>2026-01-05T16:02:07Z</Time><HeartRateBpm><Value>108</Value></HeartRateBpm><Extensions><ns3:TPX><ns3:Speed>0.0</ns3:Speed></ns3:TPX></Extensions></Trackpoint><Trackpoint><Time>2026-01-05T16:02:11Z</Time><HeartRateBpm><Value>109</Value></HeartRateBpm><Extensions><ns3:TPX><ns3:Speed>0.0</ns3:Speed></ns3:TPX></Extensions></Trackpoint><Trackpoint><Time>2026-01-05T16:02:12Z</Time><HeartRateBpm><Value>108</Value></HeartRateBpm><Extensions><ns3:TPX><ns3:Speed>0.0</ns3:Speed></ns3:TPX></Extensions></Trackpoint><Trackpoint><Time>2026-01-05T16:02:14Z</Time><HeartRateBpm><Value>105</Value></HeartRateBpm><Extensions><ns3:TPX><ns3:Speed>0.0</ns3:Speed></ns3:TPX></Extensions></Trackpoint><Trackpoint><Time>2026-01-05T16:02:15Z</Time><HeartRateBpm><Value>104</Value></HeartRateBpm><Extensions><ns3:TPX><ns3:Speed>0.0</ns3:Speed></ns3:TPX></Extensions></Trackpoint><Trackpoint><Time>2026-01-05T16:02:18Z</Time><HeartRateBpm><Value>103</Value></HeartRateBpm><Extensions><ns3:TPX><ns3:Speed>0.0</ns3:Speed></ns3:TPX></Extensions></Trackpoint><Trackpoint><Time>2026-01-05T16:02:21Z</Time><HeartRateBpm><Value>102</Value></HeartRateBpm><Extensions><ns3:TPX><ns3:Speed>0.0</ns3:Speed></ns3:TPX></Extensions></Trackpoint><Trackpoint><Time>2026-01-05T16:02:23Z</Time><HeartRateBpm><Value>103</Value></HeartRateBpm><Extensions><ns3:TPX><ns3:Speed>0.0</ns3:Speed></ns3:TPX></Extensions></Trackpoint><Trackpoint><Time>2026-01-05T16:02:24Z</Time><HeartRateBpm><Value>105</Value></HeartRateBpm><Extensions><ns3:TPX><ns3:Speed>0.0</ns3:Speed></ns3:TPX></Extensions></Trackpoint><Trackpoint><Time>2026-01-05T16:02:27Z</Time><HeartRateBpm><Value>106</Value></HeartRateBpm><Extensions><ns3:TPX><ns3:Speed>0.0</ns3:Speed></ns3:TPX></Extensions></Trackpoint><Trackpoint><Time>2026-01-05T16:02:29Z</Time><HeartRateBpm><Value>107</Value></HeartRateBpm><Extensions><ns3:TPX><ns3:Speed>0.0</ns3:Speed></ns3:TPX></Extensions></Trackpoint><Trackpoint><Time>2026-01-05T16:02:32Z</Time><HeartRateBpm><Value>108</Value></HeartRateBpm><Extensions><ns3:TPX><ns3:Speed>0.0</ns3:Speed></ns3:TPX></Extensions></Trackpoint><Trackpoint><Time>2026-01-05T16:02:36Z</Time><HeartRateBpm><Value>107</Value></HeartRateBpm><Extensions><ns3:TPX><ns3:Speed>0.0</ns3:Speed></ns3:TPX></Extensions></Trackpoint><Trackpoint><Time>2026-01-05T16:02:41Z</Time><HeartRateBpm><Value>107</Value></HeartRateBpm><Extensions><ns3:TPX><ns3:Speed>0.0</ns3:Speed></ns3:TPX></Extensions></Trackpoint><Trackpoint><Time>2026-01-05T16:02:42Z</Time><HeartRateBpm><Value>108</Value></HeartRateBpm><Extensions><ns3:TPX><ns3:Speed>0.0</ns3:Speed></ns3:TPX></Extensions></Trackpoint><Trackpoint><Time>2026-01-05T16:02:44Z</Time><HeartRateBpm><Value>109</Value></HeartRateBpm><Extensions><ns3:TPX><ns3:Speed>0.0</ns3:Speed></ns3:TPX></Extensions></Trackpoint><Trackpoint><Time>2026-01-05T16:02:50Z</Time><HeartRateBpm><Value>109</Value></HeartRateBpm><Extensions><ns3:TPX><ns3:Speed>0.0</ns3:Speed></ns3:TPX></Extensions></Trackpoint><Trackpoint><Time>2026-01-05T16:02:53Z</Time><HeartRateBpm><Value>110</Value></HeartRateBpm><Extensions><ns3:TPX><ns3:Speed>0.0</ns3:Speed></ns3:TPX></Extensions></Trackpoint><Trackpoint><Time>2026-01-05T16:02:54Z</Time><HeartRateBpm><Value>111</Value></HeartRateBpm><Extensions><ns3:TPX><ns3:Speed>0.0</ns3:Speed></ns3:TPX></Extensions></Trackpoint><Trackpoint><Time>2026-01-05T16:02:59Z</Time><HeartRateBpm><Value>112</Value></HeartRateBpm><Extensions><ns3:TPX><ns3:Speed>0.0</ns3:Speed></ns3:TPX></Extensions></Trackpoint><Trackpoint><Time>2026-01-05T16:03:02Z</Time><HeartRateBpm><Value>113</Value></HeartRateBpm><Extensions><ns3:TPX><ns3:Speed>0.0</ns3:Speed></ns3:TPX></Extensions></Trackpoint><Trackpoint><Time>2026-01-05T16:03:03Z</Time><HeartRateBpm><Value>115</Value></HeartRateBpm><Extensions><ns3:TPX><ns3:Speed>0.0</ns3:Speed></ns3:TPX></Extensions></Trackpoint><Trackpoint><Time>2026-01-05T16:03:04Z</Time><HeartRateBpm><Value>119</Value></HeartRateBpm><Extensions><ns3:TPX><ns3:Speed>0.0</ns3:Speed></ns3:TPX></Extensions></Trackpoint><Trackpoint><Time>2026-01-05T16:03:05Z</Time><HeartRateBpm><Value>120</Value></HeartRateBpm><Extensions><ns3:TPX><ns3:Speed>0.0</ns3:Speed></ns3:TPX></Extensions></Trackpoint><Trackpoint><Time>2026-01-05T16:03:08Z</Time><HeartRateBpm><Value>121</Value></HeartRateBpm><Extensions><ns3:TPX><ns3:Speed>0.0</ns3:Speed></ns3:TPX></Extensions></Trackpoint><Trackpoint><Time>2026-01-05T16:03:09Z</Time><HeartRateBpm><Value>122</Value></HeartRateBpm><Extensions><ns3:TPX><ns3:Speed>0.0</ns3:Speed></ns3:TPX></Extensions></Trackpoint><Trackpoint><Time>2026-01-05T16:03:10Z</Time><HeartRateBpm><Value>121</Value></HeartRateBpm><Extensions><ns3:TPX><ns3:Speed>0.0</ns3:Speed></ns3:TPX></Extensions></Trackpoint><Trackpoint><Time>2026-01-05T16:03:11Z</Time><HeartRateBpm><Value>115</Value></HeartRateBpm><Extensions><ns3:TPX><ns3:Speed>0.0</ns3:Speed></ns3:TPX></Extensions></Trackpoint><Trackpoint><Time>2026-01-05T16:03:12Z</Time><HeartRateBpm><Value>119</Value></HeartRateBpm><Extensions><ns3:TPX><ns3:Speed>0.0</ns3:Speed></ns3:TPX></Extensions></Trackpoint><Trackpoint><Time>2026-01-05T16:03:14Z</Time><HeartRateBpm><Value>118</Value></HeartRateBpm><Extensions><ns3:TPX><ns3:Speed>0.0</ns3:Speed></ns3:TPX></Extensions></Trackpoint><Trackpoint><Time>2026-01-05T16:03:20Z</Time><HeartRateBpm><Value>119</Value></HeartRateBpm><Extensions><ns3:TPX><ns3:Speed>0.0</ns3:Speed></ns3:TPX></Extensions></Trackpoint><Trackpoint><Time>2026-01-05T16:03:23Z</Time><HeartRateBpm><Value>120</Value></HeartRateBpm><Extensions><ns3:TPX><ns3:Speed>0.0</ns3:Speed></ns3:TPX></Extensions></Trackpoint><Trackpoint><Time>2026-01-05T16:03:24Z</Time><HeartRateBpm><Value>122</Value></HeartRateBpm><Extensions><ns3:TPX><ns3:Speed>0.0</ns3:Speed></ns3:TPX></Extensions></Trackpoint><Trackpoint><Time>2026-01-05T16:03:25Z</Time><HeartRateBpm><Value>123</Value></HeartRateBpm><Extensions><ns3:TPX><ns3:Speed>0.0</ns3:Speed></ns3:TPX></Extensions></Trackpoint><Trackpoint><Time>2026-01-05T16:03:30Z</Time><HeartRateBpm><Value>123</Value></HeartRateBpm><Extensions><ns3:TPX><ns3:Speed>0.0</ns3:Speed></ns3:TPX></Extensions></Trackpoint><Trackpoint><Time>2026-01-05T16:03:34Z</Time><HeartRateBpm><Value>124</Value></HeartRateBpm><Extensions><ns3:TPX><ns3:Speed>0.0</ns3:Speed></ns3:TPX></Extensions></Trackpoint><Trackpoint><Time>2026-01-05T16:03:37Z</Time><HeartRateBpm><Value>125</Value></HeartRateBpm><Extensions><ns3:TPX><ns3:Speed>0.0</ns3:Speed></ns3:TPX></Extensions></Trackpoint><Trackpoint><Time>2026-01-05T16:03:42Z</Time><HeartRateBpm><Value>125</Value></HeartRateBpm><Extensions><ns3:TPX><ns3:Speed>0.0</ns3:Speed></ns3:TPX></Extensions></Trackpoint><Trackpoint><Time>2026-01-05T16:03:43Z</Time><HeartRateBpm><Value>126</Value></HeartRateBpm><Extensions><ns3:TPX><ns3:Speed>0.0</ns3:Speed></ns3:TPX></Extensions></Trackpoint><Trackpoint><Time>2026-01-05T16:03:47Z</Time><HeartRateBpm><Value>127</Value></HeartRateBpm><Extensions><ns3:TPX><ns3:Speed>0.0</ns3:Speed></ns3:TPX></Extensions></Trackpoint><Trackpoint><Time>2026-01-05T16:03:51Z</Time><HeartRateBpm><Value>128</Value></HeartRateBpm><Extensions><ns3:TPX><ns3:Speed>0.0</ns3:Speed></ns3:TPX></Extensions></Trackpoint><Trackpoint><Time>2026-01-05T16:03:52Z</Time><HeartRateBpm><Value>129</Value></HeartRateBpm><Extensions><ns3:TPX><ns3:Speed>0.0</ns3:Speed></ns3:TPX></Extensions></Trackpoint><Trackpoint><Time>2026-01-05T16:03:54Z</Time><HeartRateBpm><Value>128</Value></HeartRateBpm><Extensions><ns3:TPX><ns3:Speed>0.0</ns3:Speed></ns3:TPX></Extensions></Trackpoint><Trackpoint><Time>2026-01-05T16:03:56Z</Time><HeartRateBpm><Value>129</Value></HeartRateBpm><Extensions><ns3:TPX><ns3:Speed>0.0</ns3:Speed></ns3:TPX></Extensions></Trackpoint><Trackpoint><Time>2026-01-05T16:04:00Z</Time><HeartRateBpm><Value>129</Value></HeartRateBpm><Extensions><ns3:TPX><ns3:Speed>0.0</ns3:Speed></ns3:TPX></Extensions></Trackpoint><Trackpoint><Time>2026-01-05T16:04:01Z</Time><HeartRateBpm><Value>130</Value></HeartRateBpm><Extensions><ns3:TPX><ns3:Speed>0.0</ns3:Speed></ns3:TPX></Extensions></Trackpoint><Trackpoint><Time>2026-01-05T16:04:03Z</Time><HeartRateBpm><Value>129</Value></HeartRateBpm><Extensions><ns3:TPX><ns3:Speed>0.0</ns3:Speed></ns3:TPX></Extensions></Trackpoint><Trackpoint><Time>2026-01-05T16:04:04Z</Time><HeartRateBpm><Value>128</Value></HeartRateBpm><Extensions><ns3:TPX><ns3:Speed>0.0</ns3:Speed></ns3:TPX></Extensions></Trackpoint><Trackpoint><Time>2026-01-05T16:04:09Z</Time><HeartRateBpm><Value>128</Value></HeartRateBpm><Extensions><ns3:TPX><ns3:Speed>0.0</ns3:Speed></ns3:TPX></Extensions></Trackpoint><Trackpoint><Time>2026-01-05T16:04:10Z</Time><HeartRateBpm><Value>129</Value></HeartRateBpm><Extensions><ns3:TPX><ns3:Speed>0.0</ns3:Speed></ns3:TPX></Extensions></Trackpoint><Trackpoint><Time>2026-01-05T16:04:11Z</Time><HeartRateBpm><Value>130</Value></HeartRateBpm><Extensions><ns3:TPX><ns3:Speed>0.0</ns3:Speed></ns3:TPX></Extensions></Trackpoint><Trackpoint><Time>2026-01-05T16:04:16Z</Time><HeartRateBpm><Value>130</Value></HeartRateBpm><Extensions><ns3:TPX><ns3:Speed>0.0</ns3:Speed></ns3:TPX></Extensions></Trackpoint><Trackpoint><Time>2026-01-05T16:04:17Z</Time><HeartRateBpm><Value>129</Value></HeartRateBpm><Extensions><ns3:TPX><ns3:Speed>0.0</ns3:Speed></ns3:TPX></Extensions></Trackpoint><Trackpoint><Time>2026-01-05T16:04:18Z</Time><HeartRateBpm><Value>128</Value></HeartRateBpm><Extensions><ns3:TPX><ns3:Speed>0.0</ns3:Speed></ns3:TPX></Extensions></Trackpoint><Trackpoint><Time>2026-01-05T16:04:21Z</Time><HeartRateBpm><Value>127</Value></HeartRateBpm><Extensions><ns3:TPX><ns3:Speed>0.0</ns3:Speed></ns3:TPX></Extensions></Trackpoint><Trackpoint><Time>2026-01-05T16:04:26Z</Time><HeartRateBpm><Value>128</Value></HeartRateBpm><Extensions><ns3:TPX><ns3:Speed>0.0</ns3:Speed></ns3:TPX></Extensions></Trackpoint><Trackpoint><Time>2026-01-05T16:04:30Z</Time><HeartRateBpm><Value>127</Value></HeartRateBpm><Extensions><ns3:TPX><ns3:Speed>0.0</ns3:Speed></ns3:TPX></Extensions></Trackpoint><Trackpoint><Time>2026-01-05T16:04:32Z</Time><HeartRateBpm><Value>125</Value></HeartRateBpm><Extensions><ns3:TPX><ns3:Speed>0.0</ns3:Speed></ns3:TPX></Extensions></Trackpoint><Trackpoint><Time>2026-01-05T16:04:34Z</Time><HeartRateBpm><Value>124</Value></HeartRateBpm><Extensions><ns3:TPX><ns3:Speed>0.0</ns3:Speed></ns3:TPX></Extensions></Trackpoint><Trackpoint><Time>2026-01-05T16:04:35Z</Time><HeartRateBpm><Value>123</Value></HeartRateBpm><Extensions><ns3:TPX><ns3:Speed>0.0</ns3:Speed></ns3:TPX></Extensions></Trackpoint><Trackpoint><Time>2026-01-05T16:04:40Z</Time><HeartRateBpm><Value>123</Value></HeartRateBpm><Extensions><ns3:TPX><ns3:Speed>0.0</ns3:Speed></ns3:TPX></Extensions></Trackpoint><Trackpoint><Time>2026-01-05T16:04:45Z</Time><HeartRateBpm><Value>123</Value></HeartRateBpm><Extensions><ns3:TPX><ns3:Speed>0.0</ns3:Speed></ns3:TPX></Extensions></Trackpoint><Trackpoint><Time>2026-01-05T16:04:47Z</Time><HeartRateBpm><Value>124</Value></HeartRateBpm><Extensions><ns3:TPX><ns3:Speed>0.0</ns3:Speed></ns3:TPX></Extensions></Trackpoint><Trackpoint><Time>2026-01-05T16:04:49Z</Time><HeartRateBpm><Value>126</Value></HeartRateBpm><Extensions><ns3:TPX><ns3:Speed>0.0</ns3:Speed></ns3:TPX></Extensions></Trackpoint><Trackpoint><Time>2026-01-05T16:04:51Z</Time><HeartRateBpm><Value>124</Value></HeartRateBpm><Extensions><ns3:TPX><ns3:Speed>0.0</ns3:Speed></ns3:TPX></Extensions></Trackpoint><Trackpoint><Time>2026-01-05T16:04:56Z</Time><HeartRateBpm><Value>124</Value></HeartRateBpm><Extensions><ns3:TPX><ns3:Speed>0.0</ns3:Speed></ns3:TPX></Extensions></Trackpoint><Trackpoint><Time>2026-01-05T16:05:01Z</Time><HeartRateBpm><Value>124</Value></HeartRateBpm><Extensions><ns3:TPX><ns3:Speed>0.0</ns3:Speed></ns3:TPX></Extensions></Trackpoint><Trackpoint><Time>2026-01-05T16:05:04Z</Time><HeartRateBpm><Value>125</Value></HeartRateBpm><Extensions><ns3:TPX><ns3:Speed>0.0</ns3:Speed></ns3:TPX></Extensions></Trackpoint><Trackpoint><Time>2026-01-05T16:05:09Z</Time><HeartRateBpm><Value>126</Value></HeartRateBpm><Extensions><ns3:TPX><ns3:Speed>0.0</ns3:Speed></ns3:TPX></Extensions></Trackpoint><Trackpoint><Time>2026-01-05T16:05:10Z</Time><HeartRateBpm><Value>125</Value></HeartRateBpm><Extensions><ns3:TPX><ns3:Speed>0.0</ns3:Speed></ns3:TPX></Extensions></Trackpoint><Trackpoint><Time>2026-01-05T16:05:12Z</Time><HeartRateBpm><Value>124</Value></HeartRateBpm><Extensions><ns3:TPX><ns3:Speed>0.0</ns3:Speed></ns3:TPX></Extensions></Trackpoint><Trackpoint><Time>2026-01-05T16:05:13Z</Time><HeartRateBpm><Value>122</Value></HeartRateBpm><Extensions><ns3:TPX><ns3:Speed>0.0</ns3:Speed></ns3:TPX></Extensions></Trackpoint><Trackpoint><Time>2026-01-05T16:05:18Z</Time><HeartRateBpm><Value>122</Value></HeartRateBpm><Extensions><ns3:TPX><ns3:Speed>0.0</ns3:Speed></ns3:TPX></Extensions></Trackpoint><Trackpoint><Time>2026-01-05T16:05:22Z</Time><HeartRateBpm><Value>121</Value></HeartRateBpm><Extensions><ns3:TPX><ns3:Speed>0.0</ns3:Speed></ns3:TPX></Extensions></Trackpoint><Trackpoint><Time>2026-01-05T16:05:27Z</Time><HeartRateBpm><Value>124</Value></HeartRateBpm><Extensions><ns3:TPX><ns3:Speed>0.0</ns3:Speed></ns3:TPX></Extensions></Trackpoint><Trackpoint><Time>2026-01-05T16:05:28Z</Time><HeartRateBpm><Value>127</Value></HeartRateBpm><Extensions><ns3:TPX><ns3:Speed>0.0</ns3:Speed></ns3:TPX></Extensions></Trackpoint><Trackpoint><Time>2026-01-05T16:05:29Z</Time><HeartRateBpm><Value>128</Value></HeartRateBpm><Extensions><ns3:TPX><ns3:Speed>0.0</ns3:Speed></ns3:TPX></Extensions></Trackpoint><Trackpoint><Time>2026-01-05T16:05:33Z</Time><HeartRateBpm><Value>127</Value></HeartRateBpm><Extensions><ns3:TPX><ns3:Speed>0.0</ns3:Speed></ns3:TPX></Extensions></Trackpoint><Trackpoint><Time>2026-01-05T16:05:35Z</Time><HeartRateBpm><Value>126</Value></HeartRateBpm><Extensions><ns3:TPX><ns3:Speed>0.0</ns3:Speed></ns3:TPX></Extensions></Trackpoint><Trackpoint><Time>2026-01-05T16:05:36Z</Time><HeartRateBpm><Value>124</Value></HeartRateBpm><Extensions><ns3:TPX><ns3:Speed>0.0</ns3:Speed></ns3:TPX></Extensions></Trackpoint><Trackpoint><Time>2026-01-05T16:05:41Z</Time><HeartRateBpm><Value>123</Value></HeartRateBpm><Extensions><ns3:TPX><ns3:Speed>0.0</ns3:Speed></ns3:TPX></Extensions></Trackpoint><Trackpoint><Time>2026-01-05T16:05:42Z</Time><HeartRateBpm><Value>122</Value></HeartRateBpm><Extensions><ns3:TPX><ns3:Speed>0.0</ns3:Speed></ns3:TPX></Extensions></Trackpoint><Trackpoint><Time>2026-01-05T16:05:43Z</Time><HeartRateBpm><Value>121</Value></HeartRateBpm><Extensions><ns3:TPX><ns3:Speed>0.0</ns3:Speed></ns3:TPX></Extensions></Trackpoint><Trackpoint><Time>2026-01-05T16:05:48Z</Time><HeartRateBpm><Value>120</Value></HeartRateBpm><Extensions><ns3:TPX><ns3:Speed>0.0</ns3:Speed></ns3:TPX></Extensions></Trackpoint><Trackpoint><Time>2026-01-05T16:05:51Z</Time><HeartRateBpm><Value>119</Value></HeartRateBpm><Extensions><ns3:TPX><ns3:Speed>0.0</ns3:Speed></ns3:TPX></Extensions></Trackpoint><Trackpoint><Time>2026-01-05T16:05:52Z</Time><HeartRateBpm><Value>118</Value></HeartRateBpm><Extensions><ns3:TPX><ns3:Speed>0.0</ns3:Speed></ns3:TPX></Extensions></Trackpoint><Trackpoint><Time>2026-01-05T16:05:58Z</Time><HeartRateBpm><Value>118</Value></HeartRateBpm><Extensions><ns3:TPX><ns3:Speed>0.0</ns3:Speed></ns3:TPX></Extensions></Trackpoint><Trackpoint><Time>2026-01-05T16:05:59Z</Time><HeartRateBpm><Value>119</Value></HeartRateBpm><Extensions><ns3:TPX><ns3:Speed>0.0</ns3:Speed></ns3:TPX></Extensions></Trackpoint><Trackpoint><Time>2026-01-05T16:06:00Z</Time><HeartRateBpm><Value>120</Value></HeartRateBpm><Extensions><ns3:TPX><ns3:Speed>0.0</ns3:Speed></ns3:TPX></Extensions></Trackpoint><Trackpoint><Time>2026-01-05T16:06:01Z</Time><HeartRateBpm><Value>121</Value></HeartRateBpm><Extensions><ns3:TPX><ns3:Speed>0.0</ns3:Speed></ns3:TPX></Extensions></Trackpoint><Trackpoint><Time>2026-01-05T16:06:02Z</Time><HeartRateBpm><Value>122</Value></HeartRateBpm><Extensions><ns3:TPX><ns3:Speed>0.0</ns3:Speed></ns3:TPX></Extensions></Trackpoint><Trackpoint><Time>2026-01-05T16:06:04Z</Time><HeartRateBpm><Value>123</Value></HeartRateBpm><Extensions><ns3:TPX><ns3:Speed>0.0</ns3:Speed></ns3:TPX></Extensions></Trackpoint><Trackpoint><Time>2026-01-05T16:06:06Z</Time><HeartRateBpm><Value>124</Value></HeartRateBpm><Extensions><ns3:TPX><ns3:Speed>0.0</ns3:Speed></ns3:TPX></Extensions></Trackpoint><Trackpoint><Time>2026-01-05T16:06:08Z</Time><HeartRateBpm><Value>125</Value></HeartRateBpm><Extensions><ns3:TPX><ns3:Speed>0.0</ns3:Speed></ns3:TPX></Extensions></Trackpoint><Trackpoint><Time>2026-01-05T16:06:11Z</Time><HeartRateBpm><Value>126</Value></HeartRateBpm><Extensions><ns3:TPX><ns3:Speed>0.0</ns3:Speed></ns3:TPX></Extensions></Trackpoint><Trackpoint><Time>2026-01-05T16:06:12Z</Time><HeartRateBpm><Value>125</Value></HeartRateBpm><Extensions><ns3:TPX><ns3:Speed>0.0</ns3:Speed></ns3:TPX></Extensions></Trackpoint><Trackpoint><Time>2026-01-05T16:06:14Z</Time><HeartRateBpm><Value>126</Value></HeartRateBpm><Extensions><ns3:TPX><ns3:Speed>0.0</ns3:Speed></ns3:TPX></Extensions></Trackpoint><Trackpoint><Time>2026-01-05T16:06:19Z</Time><HeartRateBpm><Value>125</Value></HeartRateBpm><Extensions><ns3:TPX><ns3:Speed>0.0</ns3:Speed></ns3:TPX></Extensions></Trackpoint><Trackpoint><Time>2026-01-05T16:06:20Z</Time><HeartRateBpm><Value>126</Value></HeartRateBpm><Extensions><ns3:TPX><ns3:Speed>0.0</ns3:Speed></ns3:TPX></Extensions></Trackpoint><Trackpoint><Time>2026-01-05T16:06:22Z</Time><HeartRateBpm><Value>127</Value></HeartRateBpm><Extensions><ns3:TPX><ns3:Speed>0.0</ns3:Speed></ns3:TPX></Extensions></Trackpoint><Trackpoint><Time>2026-01-05T16:06:26Z</Time><HeartRateBpm><Value>128</Value></HeartRateBpm><Extensions><ns3:TPX><ns3:Speed>0.0</ns3:Speed></ns3:TPX></Extensions></Trackpoint><Trackpoint><Time>2026-01-05T16:06:29Z</Time><HeartRateBpm><Value>129</Value></HeartRateBpm><Extensions><ns3:TPX><ns3:Speed>0.0</ns3:Speed></ns3:TPX></Extensions></Trackpoint><Trackpoint><Time>2026-01-05T16:06:30Z</Time><HeartRateBpm><Value>130</Value></HeartRateBpm><Extensions><ns3:TPX><ns3:Speed>0.0</ns3:Speed></ns3:TPX></Extensions></Trackpoint><Trackpoint><Time>2026-01-05T16:06:35Z</Time><HeartRateBpm><Value>131</Value></HeartRateBpm><Extensions><ns3:TPX><ns3:Speed>0.0</ns3:Speed></ns3:TPX></Extensions></Trackpoint><Trackpoint><Time>2026-01-05T16:06:38Z</Time><HeartRateBpm><Value>132</Value></HeartRateBpm><Extensions><ns3:TPX><ns3:Speed>0.0</ns3:Speed></ns3:TPX></Extensions></Trackpoint><Trackpoint><Time>2026-01-05T16:06:40Z</Time><HeartRateBpm><Value>133</Value></HeartRateBpm><Extensions><ns3:TPX><ns3:Speed>0.0</ns3:Speed></ns3:TPX></Extensions></Trackpoint><Trackpoint><Time>2026-01-05T16:06:43Z</Time><HeartRateBpm><Value>132</Value></HeartRateBpm><Extensions><ns3:TPX><ns3:Speed>0.0</ns3:Speed></ns3:TPX></Extensions></Trackpoint><Trackpoint><Time>2026-01-05T16:06:44Z</Time><HeartRateBpm><Value>131</Value></HeartRateBpm><Extensions><ns3:TPX><ns3:Speed>0.0</ns3:Speed></ns3:TPX></Extensions></Trackpoint><Trackpoint><Time>2026-01-05T16:06:46Z</Time><HeartRateBpm><Value>132</Value></HeartRateBpm><Extensions><ns3:TPX><ns3:Speed>0.0</ns3:Speed></ns3:TPX></Extensions></Trackpoint><Trackpoint><Time>2026-01-05T16:06:49Z</Time><HeartRateBpm><Value>131</Value></HeartRateBpm><Extensions><ns3:TPX><ns3:Speed>0.0</ns3:Speed></ns3:TPX></Extensions></Trackpoint><Trackpoint><Time>2026-01-05T16:06:52Z</Time><HeartRateBpm><Value>130</Value></HeartRateBpm><Extensions><ns3:TPX><ns3:Speed>0.0</ns3:Speed></ns3:TPX></Extensions></Trackpoint><Trackpoint><Time>2026-01-05T16:06:58Z</Time><HeartRateBpm><Value>131</Value></HeartRateBpm><Extensions><ns3:TPX><ns3:Speed>0.0</ns3:Speed></ns3:TPX></Extensions></Trackpoint><Trackpoint><Time>2026-01-05T16:06:59Z</Time><HeartRateBpm><Value>132</Value></HeartRateBpm><Extensions><ns3:TPX><ns3:Speed>0.0</ns3:Speed></ns3:TPX></Extensions></Trackpoint><Trackpoint><Time>2026-01-05T16:07:00Z</Time><HeartRateBpm><Value>133</Value></HeartRateBpm><Extensions><ns3:TPX><ns3:Speed>0.0</ns3:Speed></ns3:TPX></Extensions></Trackpoint><Trackpoint><Time>2026-01-05T16:07:01Z</Time><HeartRateBpm><Value>132</Value></HeartRateBpm><Extensions><ns3:TPX><ns3:Speed>0.0</ns3:Speed></ns3:TPX></Extensions></Trackpoint><Trackpoint><Time>2026-01-05T16:07:06Z</Time><HeartRateBpm><Value>131</Value></HeartRateBpm><Extensions><ns3:TPX><ns3:Speed>0.0</ns3:Speed></ns3:TPX></Extensions></Trackpoint><Trackpoint><Time>2026-01-05T16:07:07Z</Time><HeartRateBpm><Value>130</Value></HeartRateBpm><Extensions><ns3:TPX><ns3:Speed>0.0</ns3:Speed></ns3:TPX></Extensions></Trackpoint><Trackpoint><Time>2026-01-05T16:07:12Z</Time><HeartRateBpm><Value>129</Value></HeartRateBpm><Extensions><ns3:TPX><ns3:Speed>0.0</ns3:Speed></ns3:TPX></Extensions></Trackpoint><Trackpoint><Time>2026-01-05T16:07:13Z</Time><HeartRateBpm><Value>127</Value></HeartRateBpm><Extensions><ns3:TPX><ns3:Speed>0.0</ns3:Speed></ns3:TPX></Extensions></Trackpoint><Trackpoint><Time>2026-01-05T16:07:16Z</Time><HeartRateBpm><Value>124</Value></HeartRateBpm><Extensions><ns3:TPX><ns3:Speed>0.0</ns3:Speed></ns3:TPX></Extensions></Trackpoint><Trackpoint><Time>2026-01-05T16:07:17Z</Time><HeartRateBpm><Value>123</Value></HeartRateBpm><Extensions><ns3:TPX><ns3:Speed>0.0</ns3:Speed></ns3:TPX></Extensions></Trackpoint><Trackpoint><Time>2026-01-05T16:07:18Z</Time><HeartRateBpm><Value>122</Value></HeartRateBpm><Extensions><ns3:TPX><ns3:Speed>0.0</ns3:Speed></ns3:TPX></Extensions></Trackpoint><Trackpoint><Time>2026-01-05T16:07:23Z</Time><HeartRateBpm><Value>122</Value></HeartRateBpm><Extensions><ns3:TPX><ns3:Speed>0.0</ns3:Speed></ns3:TPX></Extensions></Trackpoint><Trackpoint><Time>2026-01-05T16:07:29Z</Time><HeartRateBpm><Value>122</Value></HeartRateBpm><Extensions><ns3:TPX><ns3:Speed>0.0</ns3:Speed></ns3:TPX></Extensions></Trackpoint><Trackpoint><Time>2026-01-05T16:07:31Z</Time><HeartRateBpm><Value>123</Value></HeartRateBpm><Extensions><ns3:TPX><ns3:Speed>0.0</ns3:Speed></ns3:TPX></Extensions></Trackpoint><Trackpoint><Time>2026-01-05T16:07:36Z</Time><HeartRateBpm><Value>123</Value></HeartRateBpm><Extensions><ns3:TPX><ns3:Speed>0.0</ns3:Speed></ns3:TPX></Extensions></Trackpoint><Trackpoint><Time>2026-01-05T16:07:41Z</Time><HeartRateBpm><Value>123</Value></HeartRateBpm><Extensions><ns3:TPX><ns3:Speed>0.0</ns3:Speed></ns3:TPX></Extensions></Trackpoint><Trackpoint><Time>2026-01-05T16:07:42Z</Time><HeartRateBpm><Value>122</Value></HeartRateBpm><Extensions><ns3:TPX><ns3:Speed>0.0</ns3:Speed></ns3:TPX></Extensions></Trackpoint><Trackpoint><Time>2026-01-05T16:07:43Z</Time><HeartRateBpm><Value>121</Value></HeartRateBpm><Extensions><ns3:TPX><ns3:Speed>0.0</ns3:Speed></ns3:TPX></Extensions></Trackpoint><Trackpoint><Time>2026-01-05T16:07:45Z</Time><HeartRateBpm><Value>119</Value></HeartRateBpm><Extensions><ns3:TPX><ns3:Speed>0.0</ns3:Speed></ns3:TPX></Extensions></Trackpoint><Trackpoint><Time>2026-01-05T16:07:49Z</Time><HeartRateBpm><Value>120</Value></HeartRateBpm><Extensions><ns3:TPX><ns3:Speed>0.0</ns3:Speed></ns3:TPX></Extensions></Trackpoint><Trackpoint><Time>2026-01-05T16:07:51Z</Time><HeartRateBpm><Value>121</Value></HeartRateBpm><Extensions><ns3:TPX><ns3:Speed>0.0</ns3:Speed></ns3:TPX></Extensions></Trackpoint><Trackpoint><Time>2026-01-05T16:07:54Z</Time><HeartRateBpm><Value>119</Value></HeartRateBpm><Extensions><ns3:TPX><ns3:Speed>0.0</ns3:Speed></ns3:TPX></Extensions></Trackpoint><Trackpoint><Time>2026-01-05T16:07:57Z</Time><HeartRateBpm><Value>116</Value></HeartRateBpm><Extensions><ns3:TPX><ns3:Speed>0.0</ns3:Speed></ns3:TPX></Extensions></Trackpoint><Trackpoint><Time>2026-01-05T16:08:02Z</Time><HeartRateBpm><Value>116</Value></HeartRateBpm><Extensions><ns3:TPX><ns3:Speed>0.0</ns3:Speed></ns3:TPX></Extensions></Trackpoint><Trackpoint><Time>2026-01-05T16:08:07Z</Time><HeartRateBpm><Value>116</Value></HeartRateBpm><Extensions><ns3:TPX><ns3:Speed>0.0</ns3:Speed></ns3:TPX></Extensions></Trackpoint><Trackpoint><Time>2026-01-05T16:08:11Z</Time><HeartRateBpm><Value>115</Value></HeartRateBpm><Extensions><ns3:TPX><ns3:Speed>0.0</ns3:Speed></ns3:TPX></Extensions></Trackpoint><Trackpoint><Time>2026-01-05T16:08:13Z</Time><HeartRateBpm><Value>114</Value></HeartRateBpm><Extensions><ns3:TPX><ns3:Speed>0.0</ns3:Speed></ns3:TPX></Extensions></Trackpoint><Trackpoint><Time>2026-01-05T16:08:14Z</Time><HeartRateBpm><Value>113</Value></HeartRateBpm><Extensions><ns3:TPX><ns3:Speed>0.0</ns3:Speed></ns3:TPX></Extensions></Trackpoint><Trackpoint><Time>2026-01-05T16:08:15Z</Time><HeartRateBpm><Value>114</Value></HeartRateBpm><Extensions><ns3:TPX><ns3:Speed>0.0</ns3:Speed></ns3:TPX></Extensions></Trackpoint><Trackpoint><Time>2026-01-05T16:08:19Z</Time><HeartRateBpm><Value>113</Value></HeartRateBpm><Extensions><ns3:TPX><ns3:Speed>0.0</ns3:Speed></ns3:TPX></Extensions></Trackpoint><Trackpoint><Time>2026-01-05T16:08:20Z</Time><HeartRateBpm><Value>112</Value></HeartRateBpm><Extensions><ns3:TPX><ns3:Speed>0.0</ns3:Speed></ns3:TPX></Extensions></Trackpoint><Trackpoint><Time>2026-01-05T16:08:23Z</Time><HeartRateBpm><Value>114</Value></HeartRateBpm><Extensions><ns3:TPX><ns3:Speed>0.0</ns3:Speed></ns3:TPX></Extensions></Trackpoint><Trackpoint><Time>2026-01-05T16:08:24Z</Time><HeartRateBpm><Value>115</Value></HeartRateBpm><Extensions><ns3:TPX><ns3:Speed>0.0</ns3:Speed></ns3:TPX></Extensions></Trackpoint><Trackpoint><Time>2026-01-05T16:08:29Z</Time><HeartRateBpm><Value>116</Value></HeartRateBpm><Extensions><ns3:TPX><ns3:Speed>0.0</ns3:Speed></ns3:TPX></Extensions></Trackpoint><Trackpoint><Time>2026-01-05T16:08:31Z</Time><HeartRateBpm><Value>115</Value></HeartRateBpm><Extensions><ns3:TPX><ns3:Speed>0.0</ns3:Speed></ns3:TPX></Extensions></Trackpoint><Trackpoint><Time>2026-01-05T16:08:33Z</Time><HeartRateBpm><Value>114</Value></HeartRateBpm><Extensions><ns3:TPX><ns3:Speed>0.0</ns3:Speed></ns3:TPX></Extensions></Trackpoint><Trackpoint><Time>2026-01-05T16:08:35Z</Time><HeartRateBpm><Value>113</Value></HeartRateBpm><Extensions><ns3:TPX><ns3:Speed>0.0</ns3:Speed></ns3:TPX></Extensions></Trackpoint><Trackpoint><Time>2026-01-05T16:08:41Z</Time><HeartRateBpm><Value>113</Value></HeartRateBpm><Extensions><ns3:TPX><ns3:Speed>0.0</ns3:Speed></ns3:TPX></Extensions></Trackpoint><Trackpoint><Time>2026-01-05T16:08:44Z</Time><HeartRateBpm><Value>112</Value></HeartRateBpm><Extensions><ns3:TPX><ns3:Speed>0.0</ns3:Speed></ns3:TPX></Extensions></Trackpoint><Trackpoint><Time>2026-01-05T16:08:49Z</Time><HeartRateBpm><Value>112</Value></HeartRateBpm><Extensions><ns3:TPX><ns3:Speed>0.0</ns3:Speed></ns3:TPX></Extensions></Trackpoint><Trackpoint><Time>2026-01-05T16:08:50Z</Time><HeartRateBpm><Value>113</Value></HeartRateBpm><Extensions><ns3:TPX><ns3:Speed>0.0</ns3:Speed></ns3:TPX></Extensions></Trackpoint><Trackpoint><Time>2026-01-05T16:08:53Z</Time><HeartRateBpm><Value>114</Value></HeartRateBpm><Extensions><ns3:TPX><ns3:Speed>0.0</ns3:Speed></ns3:TPX></Extensions></Trackpoint><Trackpoint><Time>2026-01-05T16:08:57Z</Time><HeartRateBpm><Value>115</Value></HeartRateBpm><Extensions><ns3:TPX><ns3:Speed>0.0</ns3:Speed></ns3:TPX></Extensions></Trackpoint><Trackpoint><Time>2026-01-05T16:08:59Z</Time><HeartRateBpm><Value>116</Value></HeartRateBpm><Extensions><ns3:TPX><ns3:Speed>0.0</ns3:Speed></ns3:TPX></Extensions></Trackpoint><Trackpoint><Time>2026-01-05T16:09:00Z</Time><HeartRateBpm><Value>117</Value></HeartRateBpm><Extensions><ns3:TPX><ns3:Speed>0.0</ns3:Speed></ns3:TPX></Extensions></Trackpoint><Trackpoint><Time>2026-01-05T16:09:01Z</Time><HeartRateBpm><Value>118</Value></HeartRateBpm><Extensions><ns3:TPX><ns3:Speed>0.0</ns3:Speed></ns3:TPX></Extensions></Trackpoint><Trackpoint><Time>2026-01-05T16:09:06Z</Time><HeartRateBpm><Value>118</Value></HeartRateBpm><Extensions><ns3:TPX><ns3:Speed>0.0</ns3:Speed></ns3:TPX></Extensions></Trackpoint><Trackpoint><Time>2026-01-05T16:09:07Z</Time><HeartRateBpm><Value>119</Value></HeartRateBpm><Extensions><ns3:TPX><ns3:Speed>0.0</ns3:Speed></ns3:TPX></Extensions></Trackpoint><Trackpoint><Time>2026-01-05T16:09:11Z</Time><HeartRateBpm><Value>120</Value></HeartRateBpm><Extensions><ns3:TPX><ns3:Speed>0.0</ns3:Speed></ns3:TPX></Extensions></Trackpoint><Trackpoint><Time>2026-01-05T16:09:17Z</Time><HeartRateBpm><Value>121</Value></HeartRateBpm><Extensions><ns3:TPX><ns3:Speed>0.0</ns3:Speed></ns3:TPX></Extensions></Trackpoint><Trackpoint><Time>2026-01-05T16:09:23Z</Time><HeartRateBpm><Value>122</Value></HeartRateBpm><Extensions><ns3:TPX><ns3:Speed>0.0</ns3:Speed></ns3:TPX></Extensions></Trackpoint><Trackpoint><Time>2026-01-05T16:09:25Z</Time><HeartRateBpm><Value>123</Value></HeartRateBpm><Extensions><ns3:TPX><ns3:Speed>0.0</ns3:Speed></ns3:TPX></Extensions></Trackpoint><Trackpoint><Time>2026-01-05T16:09:26Z</Time><HeartRateBpm><Value>124</Value></HeartRateBpm><Extensions><ns3:TPX><ns3:Speed>0.0</ns3:Speed></ns3:TPX></Extensions></Trackpoint><Trackpoint><Time>2026-01-05T16:09:27Z</Time><HeartRateBpm><Value>126</Value></HeartRateBpm><Extensions><ns3:TPX><ns3:Speed>0.0</ns3:Speed></ns3:TPX></Extensions></Trackpoint><Trackpoint><Time>2026-01-05T16:09:30Z</Time><HeartRateBpm><Value>127</Value></HeartRateBpm><Extensions><ns3:TPX><ns3:Speed>0.0</ns3:Speed></ns3:TPX></Extensions></Trackpoint><Trackpoint><Time>2026-01-05T16:09:31Z</Time><HeartRateBpm><Value>128</Value></HeartRateBpm><Extensions><ns3:TPX><ns3:Speed>0.0</ns3:Speed></ns3:TPX></Extensions></Trackpoint><Trackpoint><Time>2026-01-05T16:09:35Z</Time><HeartRateBpm><Value>129</Value></HeartRateBpm><Extensions><ns3:TPX><ns3:Speed>0.0</ns3:Speed></ns3:TPX></Extensions></Trackpoint><Trackpoint><Time>2026-01-05T16:09:36Z</Time><HeartRateBpm><Value>130</Value></HeartRateBpm><Extensions><ns3:TPX><ns3:Speed>0.0</ns3:Speed></ns3:TPX></Extensions></Trackpoint><Trackpoint><Time>2026-01-05T16:09:42Z</Time><HeartRateBpm><Value>130</Value></HeartRateBpm><Extensions><ns3:TPX><ns3:Speed>0.0</ns3:Speed></ns3:TPX></Extensions></Trackpoint><Trackpoint><Time>2026-01-05T16:09:46Z</Time><HeartRateBpm><Value>129</Value></HeartRateBpm><Extensions><ns3:TPX><ns3:Speed>0.0</ns3:Speed></ns3:TPX></Extensions></Trackpoint><Trackpoint><Time>2026-01-05T16:09:50Z</Time><HeartRateBpm><Value>128</Value></HeartRateBpm><Extensions><ns3:TPX><ns3:Speed>0.0</ns3:Speed></ns3:TPX></Extensions></Trackpoint><Trackpoint><Time>2026-01-05T16:09:55Z</Time><HeartRateBpm><Value>127</Value></HeartRateBpm><Extensions><ns3:TPX><ns3:Speed>0.0</ns3:Speed></ns3:TPX></Extensions></Trackpoint><Trackpoint><Time>2026-01-05T16:09:58Z</Time><HeartRateBpm><Value>126</Value></HeartRateBpm><Extensions><ns3:TPX><ns3:Speed>0.0</ns3:Speed></ns3:TPX></Extensions></Trackpoint><Trackpoint><Time>2026-01-05T16:10:00Z</Time><HeartRateBpm><Value>125</Value></HeartRateBpm><Extensions><ns3:TPX><ns3:Speed>0.0</ns3:Speed></ns3:TPX></Extensions></Trackpoint><Trackpoint><Time>2026-01-05T16:10:01Z</Time><HeartRateBpm><Value>123</Value></HeartRateBpm><Extensions><ns3:TPX><ns3:Speed>0.0</ns3:Speed></ns3:TPX></Extensions></Trackpoint><Trackpoint><Time>2026-01-05T16:10:02Z</Time><HeartRateBpm><Value>122</Value></HeartRateBpm><Extensions><ns3:TPX><ns3:Speed>0.0</ns3:Speed></ns3:TPX></Extensions></Trackpoint><Trackpoint><Time>2026-01-05T16:10:03Z</Time><HeartRateBpm><Value>121</Value></HeartRateBpm><Extensions><ns3:TPX><ns3:Speed>0.0</ns3:Speed></ns3:TPX></Extensions></Trackpoint><Trackpoint><Time>2026-01-05T16:10:04Z</Time><HeartRateBpm><Value>120</Value></HeartRateBpm><Extensions><ns3:TPX><ns3:Speed>0.0</ns3:Speed></ns3:TPX></Extensions></Trackpoint><Trackpoint><Time>2026-01-05T16:10:07Z</Time><HeartRateBpm><Value>121</Value></HeartRateBpm><Extensions><ns3:TPX><ns3:Speed>0.0</ns3:Speed></ns3:TPX></Extensions></Trackpoint><Trackpoint><Time>2026-01-05T16:10:08Z</Time><HeartRateBpm><Value>122</Value></HeartRateBpm><Extensions><ns3:TPX><ns3:Speed>0.0</ns3:Speed></ns3:TPX></Extensions></Trackpoint><Trackpoint><Time>2026-01-05T16:10:09Z</Time><HeartRateBpm><Value>123</Value></HeartRateBpm><Extensions><ns3:TPX><ns3:Speed>0.0</ns3:Speed></ns3:TPX></Extensions></Trackpoint><Trackpoint><Time>2026-01-05T16:10:13Z</Time><HeartRateBpm><Value>122</Value></HeartRateBpm><Extensions><ns3:TPX><ns3:Speed>0.0</ns3:Speed></ns3:TPX></Extensions></Trackpoint><Trackpoint><Time>2026-01-05T16:10:16Z</Time><HeartRateBpm><Value>120</Value></HeartRateBpm><Extensions><ns3:TPX><ns3:Speed>0.0</ns3:Speed></ns3:TPX></Extensions></Trackpoint><Trackpoint><Time>2026-01-05T16:10:20Z</Time><HeartRateBpm><Value>119</Value></HeartRateBpm><Extensions><ns3:TPX><ns3:Speed>0.0</ns3:Speed></ns3:TPX></Extensions></Trackpoint><Trackpoint><Time>2026-01-05T16:10:25Z</Time><HeartRateBpm><Value>120</Value></HeartRateBpm><Extensions><ns3:TPX><ns3:Speed>0.0</ns3:Speed></ns3:TPX></Extensions></Trackpoint><Trackpoint><Time>2026-01-05T16:10:26Z</Time><HeartRateBpm><Value>121</Value></HeartRateBpm><Extensions><ns3:TPX><ns3:Speed>0.0</ns3:Speed></ns3:TPX></Extensions></Trackpoint><Trackpoint><Time>2026-01-05T16:10:28Z</Time><HeartRateBpm><Value>122</Value></HeartRateBpm><Extensions><ns3:TPX><ns3:Speed>0.0</ns3:Speed></ns3:TPX></Extensions></Trackpoint><Trackpoint><Time>2026-01-05T16:10:30Z</Time><HeartRateBpm><Value>123</Value></HeartRateBpm><Extensions><ns3:TPX><ns3:Speed>0.0</ns3:Speed></ns3:TPX></Extensions></Trackpoint><Trackpoint><Time>2026-01-05T16:10:32Z</Time><HeartRateBpm><Value>124</Value></HeartRateBpm><Extensions><ns3:TPX><ns3:Speed>0.0</ns3:Speed></ns3:TPX></Extensions></Trackpoint><Trackpoint><Time>2026-01-05T16:10:33Z</Time><HeartRateBpm><Value>123</Value></HeartRateBpm><Extensions><ns3:TPX><ns3:Speed>0.0</ns3:Speed></ns3:TPX></Extensions></Trackpoint><Trackpoint><Time>2026-01-05T16:10:35Z</Time><HeartRateBpm><Value>124</Value></HeartRateBpm><Extensions><ns3:TPX><ns3:Speed>0.0</ns3:Speed></ns3:TPX></Extensions></Trackpoint><Trackpoint><Time>2026-01-05T16:10:40Z</Time><HeartRateBpm><Value>124</Value></HeartRateBpm><Extensions><ns3:TPX><ns3:Speed>0.0</ns3:Speed></ns3:TPX></Extensions></Trackpoint><Trackpoint><Time>2026-01-05T16:10:43Z</Time><HeartRateBpm><Value>125</Value></HeartRateBpm><Extensions><ns3:TPX><ns3:Speed>0.0</ns3:Speed></ns3:TPX></Extensions></Trackpoint><Trackpoint><Time>2026-01-05T16:10:44Z</Time><HeartRateBpm><Value>127</Value></HeartRateBpm><Extensions><ns3:TPX><ns3:Speed>0.0</ns3:Speed></ns3:TPX></Extensions></Trackpoint><Trackpoint><Time>2026-01-05T16:10:45Z</Time><HeartRateBpm><Value>128</Value></HeartRateBpm><Extensions><ns3:TPX><ns3:Speed>0.0</ns3:Speed></ns3:TPX></Extensions></Trackpoint><Trackpoint><Time>2026-01-05T16:10:50Z</Time><HeartRateBpm><Value>128</Value></HeartRateBpm><Extensions><ns3:TPX><ns3:Speed>0.0</ns3:Speed></ns3:TPX></Extensions></Trackpoint><Trackpoint><Time>2026-01-05T16:10:55Z</Time><HeartRateBpm><Value>128</Value></HeartRateBpm><Extensions><ns3:TPX><ns3:Speed>0.0</ns3:Speed></ns3:TPX></Extensions></Trackpoint><Trackpoint><Time>2026-01-05T16:10:56Z</Time><HeartRateBpm><Value>126</Value></HeartRateBpm><Extensions><ns3:TPX><ns3:Speed>0.0</ns3:Speed></ns3:TPX></Extensions></Trackpoint><Trackpoint><Time>2026-01-05T16:10:57Z</Time><HeartRateBpm><Value>125</Value></HeartRateBpm><Extensions><ns3:TPX><ns3:Speed>0.0</ns3:Speed></ns3:TPX></Extensions></Trackpoint><Trackpoint><Time>2026-01-05T16:10:58Z</Time><HeartRateBpm><Value>124</Value></HeartRateBpm><Extensions><ns3:TPX><ns3:Speed>0.0</ns3:Speed></ns3:TPX></Extensions></Trackpoint><Trackpoint><Time>2026-01-05T16:10:59Z</Time><HeartRateBpm><Value>123</Value></HeartRateBpm><Extensions><ns3:TPX><ns3:Speed>0.0</ns3:Speed></ns3:TPX></Extensions></Trackpoint><Trackpoint><Time>2026-01-05T16:11:04Z</Time><HeartRateBpm><Value>123</Value></HeartRateBpm><Extensions><ns3:TPX><ns3:Speed>0.0</ns3:Speed></ns3:TPX></Extensions></Trackpoint><Trackpoint><Time>2026-01-05T16:11:07Z</Time><HeartRateBpm><Value>125</Value></HeartRateBpm><Extensions><ns3:TPX><ns3:Speed>0.0</ns3:Speed></ns3:TPX></Extensions></Trackpoint><Trackpoint><Time>2026-01-05T16:11:08Z</Time><HeartRateBpm><Value>126</Value></HeartRateBpm><Extensions><ns3:TPX><ns3:Speed>0.0</ns3:Speed></ns3:TPX></Extensions></Trackpoint><Trackpoint><Time>2026-01-05T16:11:11Z</Time><HeartRateBpm><Value>125</Value></HeartRateBpm><Extensions><ns3:TPX><ns3:Speed>0.0</ns3:Speed></ns3:TPX></Extensions></Trackpoint><Trackpoint><Time>2026-01-05T16:11:16Z</Time><HeartRateBpm><Value>125</Value></HeartRateBpm><Extensions><ns3:TPX><ns3:Speed>0.0</ns3:Speed></ns3:TPX></Extensions></Trackpoint><Trackpoint><Time>2026-01-05T16:11:21Z</Time><HeartRateBpm><Value>124</Value></HeartRateBpm><Extensions><ns3:TPX><ns3:Speed>0.0</ns3:Speed></ns3:TPX></Extensions></Trackpoint><Trackpoint><Time>2026-01-05T16:11:26Z</Time><HeartRateBpm><Value>124</Value></HeartRateBpm><Extensions><ns3:TPX><ns3:Speed>0.0</ns3:Speed></ns3:TPX></Extensions></Trackpoint><Trackpoint><Time>2026-01-05T16:11:27Z</Time><HeartRateBpm><Value>123</Value></HeartRateBpm><Extensions><ns3:TPX><ns3:Speed>0.0</ns3:Speed></ns3:TPX></Extensions></Trackpoint><Trackpoint><Time>2026-01-05T16:11:30Z</Time><HeartRateBpm><Value>125</Value></HeartRateBpm><Extensions><ns3:TPX><ns3:Speed>0.0</ns3:Speed></ns3:TPX></Extensions></Trackpoint><Trackpoint><Time>2026-01-05T16:11:35Z</Time><HeartRateBpm><Value>125</Value></HeartRateBpm><Extensions><ns3:TPX><ns3:Speed>0.0</ns3:Speed></ns3:TPX></Extensions></Trackpoint><Trackpoint><Time>2026-01-05T16:11:38Z</Time><HeartRateBpm><Value>126</Value></HeartRateBpm><Extensions><ns3:TPX><ns3:Speed>0.0</ns3:Speed></ns3:TPX></Extensions></Trackpoint><Trackpoint><Time>2026-01-05T16:11:39Z</Time><HeartRateBpm><Value>125</Value></HeartRateBpm><Extensions><ns3:TPX><ns3:Speed>0.0</ns3:Speed></ns3:TPX></Extensions></Trackpoint><Trackpoint><Time>2026-01-05T16:11:40Z</Time><HeartRateBpm><Value>126</Value></HeartRateBpm><Extensions><ns3:TPX><ns3:Speed>0.0</ns3:Speed></ns3:TPX></Extensions></Trackpoint><Trackpoint><Time>2026-01-05T16:11:41Z</Time><HeartRateBpm><Value>127</Value></HeartRateBpm><Extensions><ns3:TPX><ns3:Speed>0.0</ns3:Speed></ns3:TPX></Extensions></Trackpoint><Trackpoint><Time>2026-01-05T16:11:46Z</Time><HeartRateBpm><Value>128</Value></HeartRateBpm><Extensions><ns3:TPX><ns3:Speed>0.0</ns3:Speed></ns3:TPX></Extensions></Trackpoint><Trackpoint><Time>2026-01-05T16:11:47Z</Time><HeartRateBpm><Value>129</Value></HeartRateBpm><Extensions><ns3:TPX><ns3:Speed>0.0</ns3:Speed></ns3:TPX></Extensions></Trackpoint><Trackpoint><Time>2026-01-05T16:11:50Z</Time><HeartRateBpm><Value>130</Value></HeartRateBpm><Extensions><ns3:TPX><ns3:Speed>0.0</ns3:Speed></ns3:TPX></Extensions></Trackpoint><Trackpoint><Time>2026-01-05T16:11:51Z</Time><HeartRateBpm><Value>131</Value></HeartRateBpm><Extensions><ns3:TPX><ns3:Speed>0.0</ns3:Speed></ns3:TPX></Extensions></Trackpoint><Trackpoint><Time>2026-01-05T16:11:53Z</Time><HeartRateBpm><Value>132</Value></HeartRateBpm><Extensions><ns3:TPX><ns3:Speed>0.0</ns3:Speed></ns3:TPX></Extensions></Trackpoint><Trackpoint><Time>2026-01-05T16:11:57Z</Time><HeartRateBpm><Value>133</Value></HeartRateBpm><Extensions><ns3:TPX><ns3:Speed>0.0</ns3:Speed></ns3:TPX></Extensions></Trackpoint><Trackpoint><Time>2026-01-05T16:11:58Z</Time><HeartRateBpm><Value>134</Value></HeartRateBpm><Extensions><ns3:TPX><ns3:Speed>0.0</ns3:Speed></ns3:TPX></Extensions></Trackpoint><Trackpoint><Time>2026-01-05T16:12:03Z</Time><HeartRateBpm><Value>134</Value></HeartRateBpm><Extensions><ns3:TPX><ns3:Speed>0.0</ns3:Speed></ns3:TPX></Extensions></Trackpoint><Trackpoint><Time>2026-01-05T16:12:06Z</Time><HeartRateBpm><Value>135</Value></HeartRateBpm><Extensions><ns3:TPX><ns3:Speed>0.0</ns3:Speed></ns3:TPX></Extensions></Trackpoint><Trackpoint><Time>2026-01-05T16:12:11Z</Time><HeartRateBpm><Value>135</Value></HeartRateBpm><Extensions><ns3:TPX><ns3:Speed>0.0</ns3:Speed></ns3:TPX></Extensions></Trackpoint><Trackpoint><Time>2026-01-05T16:12:12Z</Time><HeartRateBpm><Value>136</Value></HeartRateBpm><Extensions><ns3:TPX><ns3:Speed>0.0</ns3:Speed></ns3:TPX></Extensions></Trackpoint><Trackpoint><Time>2026-01-05T16:12:17Z</Time><HeartRateBpm><Value>136</Value></HeartRateBpm><Extensions><ns3:TPX><ns3:Speed>0.0</ns3:Speed></ns3:TPX></Extensions></Trackpoint><Trackpoint><Time>2026-01-05T16:12:18Z</Time><HeartRateBpm><Value>137</Value></HeartRateBpm><Extensions><ns3:TPX><ns3:Speed>0.0</ns3:Speed></ns3:TPX></Extensions></Trackpoint><Trackpoint><Time>2026-01-05T16:12:19Z</Time><HeartRateBpm><Value>136</Value></HeartRateBpm><Extensions><ns3:TPX><ns3:Speed>0.0</ns3:Speed></ns3:TPX></Extensions></Trackpoint><Trackpoint><Time>2026-01-05T16:12:22Z</Time><HeartRateBpm><Value>135</Value></HeartRateBpm><Extensions><ns3:TPX><ns3:Speed>0.0</ns3:Speed></ns3:TPX></Extensions></Trackpoint><Trackpoint><Time>2026-01-05T16:12:25Z</Time><HeartRateBpm><Value>134</Value></HeartRateBpm><Extensions><ns3:TPX><ns3:Speed>0.0</ns3:Speed></ns3:TPX></Extensions></Trackpoint><Trackpoint><Time>2026-01-05T16:12:27Z</Time><HeartRateBpm><Value>133</Value></HeartRateBpm><Extensions><ns3:TPX><ns3:Speed>0.0</ns3:Speed></ns3:TPX></Extensions></Trackpoint><Trackpoint><Time>2026-01-05T16:12:29Z</Time><HeartRateBpm><Value>132</Value></HeartRateBpm><Extensions><ns3:TPX><ns3:Speed>0.0</ns3:Speed></ns3:TPX></Extensions></Trackpoint><Trackpoint><Time>2026-01-05T16:12:33Z</Time><HeartRateBpm><Value>131</Value></HeartRateBpm><Extensions><ns3:TPX><ns3:Speed>0.0</ns3:Speed></ns3:TPX></Extensions></Trackpoint><Trackpoint><Time>2026-01-05T16:12:34Z</Time><HeartRateBpm><Value>129</Value></HeartRateBpm><Extensions><ns3:TPX><ns3:Speed>0.0</ns3:Speed></ns3:TPX></Extensions></Trackpoint><Trackpoint><Time>2026-01-05T16:12:35Z</Time><HeartRateBpm><Value>126</Value></HeartRateBpm><Extensions><ns3:TPX><ns3:Speed>0.0</ns3:Speed></ns3:TPX></Extensions></Trackpoint><Trackpoint><Time>2026-01-05T16:12:36Z</Time><HeartRateBpm><Value>125</Value></HeartRateBpm><Extensions><ns3:TPX><ns3:Speed>0.0</ns3:Speed></ns3:TPX></Extensions></Trackpoint><Trackpoint><Time>2026-01-05T16:12:37Z</Time><HeartRateBpm><Value>123</Value></HeartRateBpm><Extensions><ns3:TPX><ns3:Speed>0.0</ns3:Speed></ns3:TPX></Extensions></Trackpoint><Trackpoint><Time>2026-01-05T16:12:39Z</Time><HeartRateBpm><Value>122</Value></HeartRateBpm><Extensions><ns3:TPX><ns3:Speed>0.0</ns3:Speed></ns3:TPX></Extensions></Trackpoint><Trackpoint><Time>2026-01-05T16:12:42Z</Time><HeartRateBpm><Value>121</Value></HeartRateBpm><Extensions><ns3:TPX><ns3:Speed>0.0</ns3:Speed></ns3:TPX></Extensions></Trackpoint><Trackpoint><Time>2026-01-05T16:12:43Z</Time><HeartRateBpm><Value>120</Value></HeartRateBpm><Extensions><ns3:TPX><ns3:Speed>0.0</ns3:Speed></ns3:TPX></Extensions></Trackpoint><Trackpoint><Time>2026-01-05T16:12:46Z</Time><HeartRateBpm><Value>119</Value></HeartRateBpm><Extensions><ns3:TPX><ns3:Speed>0.0</ns3:Speed></ns3:TPX></Extensions></Trackpoint><Trackpoint><Time>2026-01-05T16:12:47Z</Time><HeartRateBpm><Value>114</Value></HeartRateBpm><Extensions><ns3:TPX><ns3:Speed>0.0</ns3:Speed></ns3:TPX></Extensions></Trackpoint><Trackpoint><Time>2026-01-05T16:12:48Z</Time><HeartRateBpm><Value>111</Value></HeartRateBpm><Extensions><ns3:TPX><ns3:Speed>0.0</ns3:Speed></ns3:TPX></Extensions></Trackpoint><Trackpoint><Time>2026-01-05T16:12:50Z</Time><HeartRateBpm><Value>114</Value></HeartRateBpm><Extensions><ns3:TPX><ns3:Speed>0.0</ns3:Speed></ns3:TPX></Extensions></Trackpoint><Trackpoint><Time>2026-01-05T16:12:51Z</Time><HeartRateBpm><Value>117</Value></HeartRateBpm><Extensions><ns3:TPX><ns3:Speed>0.0</ns3:Speed></ns3:TPX></Extensions></Trackpoint><Trackpoint><Time>2026-01-05T16:12:52Z</Time><HeartRateBpm><Value>119</Value></HeartRateBpm><Extensions><ns3:TPX><ns3:Speed>0.0</ns3:Speed></ns3:TPX></Extensions></Trackpoint><Trackpoint><Time>2026-01-05T16:12:54Z</Time><HeartRateBpm><Value>118</Value></HeartRateBpm><Extensions><ns3:TPX><ns3:Speed>0.0</ns3:Speed></ns3:TPX></Extensions></Trackpoint><Trackpoint><Time>2026-01-05T16:12:56Z</Time><HeartRateBpm><Value>117</Value></HeartRateBpm><Extensions><ns3:TPX><ns3:Speed>0.0</ns3:Speed></ns3:TPX></Extensions></Trackpoint><Trackpoint><Time>2026-01-05T16:12:57Z</Time><HeartRateBpm><Value>116</Value></HeartRateBpm><Extensions><ns3:TPX><ns3:Speed>0.0</ns3:Speed></ns3:TPX></Extensions></Trackpoint><Trackpoint><Time>2026-01-05T16:12:58Z</Time><HeartRateBpm><Value>114</Value></HeartRateBpm><Extensions><ns3:TPX><ns3:Speed>0.0</ns3:Speed></ns3:TPX></Extensions></Trackpoint><Trackpoint><Time>2026-01-05T16:12:59Z</Time><HeartRateBpm><Value>112</Value></HeartRateBpm><Extensions><ns3:TPX><ns3:Speed>0.0</ns3:Speed></ns3:TPX></Extensions></Trackpoint><Trackpoint><Time>2026-01-05T16:13:02Z</Time><HeartRateBpm><Value>111</Value></HeartRateBpm><Extensions><ns3:TPX><ns3:Speed>0.0</ns3:Speed></ns3:TPX></Extensions></Trackpoint><Trackpoint><Time>2026-01-05T16:13:03Z</Time><HeartRateBpm><Value>108</Value></HeartRateBpm><Extensions><ns3:TPX><ns3:Speed>0.0</ns3:Speed></ns3:TPX></Extensions></Trackpoint><Trackpoint><Time>2026-01-05T16:13:04Z</Time><HeartRateBpm><Value>106</Value></HeartRateBpm><Extensions><ns3:TPX><ns3:Speed>0.0</ns3:Speed></ns3:TPX></Extensions></Trackpoint><Trackpoint><Time>2026-01-05T16:13:05Z</Time><HeartRateBpm><Value>103</Value></HeartRateBpm><Extensions><ns3:TPX><ns3:Speed>0.0</ns3:Speed></ns3:TPX></Extensions></Trackpoint><Trackpoint><Time>2026-01-05T16:13:06Z</Time><HeartRateBpm><Value>101</Value></HeartRateBpm><Extensions><ns3:TPX><ns3:Speed>0.0</ns3:Speed></ns3:TPX></Extensions></Trackpoint><Trackpoint><Time>2026-01-05T16:13:08Z</Time><HeartRateBpm><Value>103</Value></HeartRateBpm><Extensions><ns3:TPX><ns3:Speed>0.0</ns3:Speed></ns3:TPX></Extensions></Trackpoint><Trackpoint><Time>2026-01-05T16:13:09Z</Time><HeartRateBpm><Value>102</Value></HeartRateBpm><Extensions><ns3:TPX><ns3:Speed>0.0</ns3:Speed></ns3:TPX></Extensions></Trackpoint><Trackpoint><Time>2026-01-05T16:13:10Z</Time><HeartRateBpm><Value>101</Value></HeartRateBpm><Extensions><ns3:TPX><ns3:Speed>0.0</ns3:Speed></ns3:TPX></Extensions></Trackpoint><Trackpoint><Time>2026-01-05T16:13:11Z</Time><HeartRateBpm><Value>98</Value></HeartRateBpm><Extensions><ns3:TPX><ns3:Speed>0.0</ns3:Speed></ns3:TPX></Extensions></Trackpoint><Trackpoint><Time>2026-01-05T16:13:12Z</Time><HeartRateBpm><Value>97</Value></HeartRateBpm><Extensions><ns3:TPX><ns3:Speed>0.0</ns3:Speed></ns3:TPX></Extensions></Trackpoint><Trackpoint><Time>2026-01-05T16:13:13Z</Time><HeartRateBpm><Value>95</Value></HeartRateBpm><Extensions><ns3:TPX><ns3:Speed>0.0</ns3:Speed></ns3:TPX></Extensions></Trackpoint><Trackpoint><Time>2026-01-05T16:13:18Z</Time><HeartRateBpm><Value>95</Value></HeartRateBpm><Extensions><ns3:TPX><ns3:Speed>0.0</ns3:Speed></ns3:TPX></Extensions></Trackpoint><Trackpoint><Time>2026-01-05T16:13:19Z</Time><HeartRateBpm><Value>96</Value></HeartRateBpm><Extensions><ns3:TPX><ns3:Speed>0.0</ns3:Speed></ns3:TPX></Extensions></Trackpoint><Trackpoint><Time>2026-01-05T16:13:24Z</Time><HeartRateBpm><Value>95</Value></HeartRateBpm><Extensions><ns3:TPX><ns3:Speed>0.0</ns3:Speed></ns3:TPX></Extensions></Trackpoint><Trackpoint><Time>2026-01-05T16:13:29Z</Time><HeartRateBpm><Value>95</Value></HeartRateBpm><Extensions><ns3:TPX><ns3:Speed>0.0</ns3:Speed></ns3:TPX></Extensions></Trackpoint><Trackpoint><Time>2026-01-05T16:13:31Z</Time><HeartRateBpm><Value>92</Value></HeartRateBpm><Extensions><ns3:TPX><ns3:Speed>0.0</ns3:Speed></ns3:TPX></Extensions></Trackpoint><Trackpoint><Time>2026-01-05T16:13:33Z</Time><HeartRateBpm><Value>90</Value></HeartRateBpm><Extensions><ns3:TPX><ns3:Speed>0.0</ns3:Speed></ns3:TPX></Extensions></Trackpoint><Trackpoint><Time>2026-01-05T16:13:34Z</Time><HeartRateBpm><Value>89</Value></HeartRateBpm><Extensions><ns3:TPX><ns3:Speed>0.0</ns3:Speed></ns3:TPX></Extensions></Trackpoint><Trackpoint><Time>2026-01-05T16:13:39Z</Time><HeartRateBpm><Value>89</Value></HeartRateBpm><Extensions><ns3:TPX><ns3:Speed>0.0</ns3:Speed></ns3:TPX></Extensions></Trackpoint><Trackpoint><Time>2026-01-05T16:13:41Z</Time><HeartRateBpm><Value>90</Value></HeartRateBpm><Extensions><ns3:TPX><ns3:Speed>0.0</ns3:Speed></ns3:TPX></Extensions></Trackpoint><Trackpoint><Time>2026-01-05T16:13:42Z</Time><HeartRateBpm><Value>89</Value></HeartRateBpm><Extensions><ns3:TPX><ns3:Speed>0.0</ns3:Speed></ns3:TPX></Extensions></Trackpoint><Trackpoint><Time>2026-01-05T16:13:47Z</Time><HeartRateBpm><Value>89</Value></HeartRateBpm><Extensions><ns3:TPX><ns3:Speed>0.0</ns3:Speed></ns3:TPX></Extensions></Trackpoint><Trackpoint><Time>2026-01-05T16:13:52Z</Time><HeartRateBpm><Value>90</Value></HeartRateBpm><Extensions><ns3:TPX><ns3:Speed>0.0</ns3:Speed></ns3:TPX></Extensions></Trackpoint><Trackpoint><Time>2026-01-05T16:13:55Z</Time><HeartRateBpm><Value>89</Value></HeartRateBpm><Extensions><ns3:TPX><ns3:Speed>0.0</ns3:Speed></ns3:TPX></Extensions></Trackpoint><Trackpoint><Time>2026-01-05T16:14:00Z</Time><HeartRateBpm><Value>88</Value></HeartRateBpm><Extensions><ns3:TPX><ns3:Speed>0.0</ns3:Speed></ns3:TPX></Extensions></Trackpoint><Trackpoint><Time>2026-01-05T16:14:03Z</Time><HeartRateBpm><Value>89</Value></HeartRateBpm><Extensions><ns3:TPX><ns3:Speed>0.0</ns3:Speed></ns3:TPX></Extensions></Trackpoint><Trackpoint><Time>2026-01-05T16:14:05Z</Time><HeartRateBpm><Value>88</Value></HeartRateBpm><Extensions><ns3:TPX><ns3:Speed>0.0</ns3:Speed></ns3:TPX></Extensions></Trackpoint><Trackpoint><Time>2026-01-05T16:14:08Z</Time><HeartRateBpm><Value>85</Value></HeartRateBpm><Extensions><ns3:TPX><ns3:Speed>0.0</ns3:Speed></ns3:TPX></Extensions></Trackpoint><Trackpoint><Time>2026-01-05T16:14:10Z</Time><HeartRateBpm><Value>84</Value></HeartRateBpm><Extensions><ns3:TPX><ns3:Speed>0.0</ns3:Speed></ns3:TPX></Extensions></Trackpoint><Trackpoint><Time>2026-01-05T16:14:14Z</Time><HeartRateBpm><Value>85</Value></HeartRateBpm><Extensions><ns3:TPX><ns3:Speed>0.0</ns3:Speed></ns3:TPX></Extensions></Trackpoint><Trackpoint><Time>2026-01-05T16:14:16Z</Time><HeartRateBpm><Value>84</Value></HeartRateBpm><Extensions><ns3:TPX><ns3:Speed>0.0</ns3:Speed></ns3:TPX></Extensions></Trackpoint><Trackpoint><Time>2026-01-05T16:14:22Z</Time><HeartRateBpm><Value>83</Value></HeartRateBpm><Extensions><ns3:TPX><ns3:Speed>0.0</ns3:Speed></ns3:TPX></Extensions></Trackpoint><Trackpoint><Time>2026-01-05T16:14:23Z</Time><HeartRateBpm><Value>82</Value></HeartRateBpm><Extensions><ns3:TPX><ns3:Speed>0.0</ns3:Speed></ns3:TPX></Extensions></Trackpoint><Trackpoint><Time>2026-01-05T16:14:28Z</Time><HeartRateBpm><Value>83</Value></HeartRateBpm><Extensions><ns3:TPX><ns3:Speed>0.0</ns3:Speed></ns3:TPX></Extensions></Trackpoint><Trackpoint><Time>2026-01-05T16:14:31Z</Time><HeartRateBpm><Value>84</Value></HeartRateBpm><Extensions><ns3:TPX><ns3:Speed>0.0</ns3:Speed></ns3:TPX></Extensions></Trackpoint><Trackpoint><Time>2026-01-05T16:14:34Z</Time><HeartRateBpm><Value>85</Value></HeartRateBpm><Extensions><ns3:TPX><ns3:Speed>0.0</ns3:Speed></ns3:TPX></Extensions></Trackpoint><Trackpoint><Time>2026-01-05T16:14:35Z</Time><HeartRateBpm><Value>84</Value></HeartRateBpm><Extensions><ns3:TPX><ns3:Speed>0.0</ns3:Speed></ns3:TPX></Extensions></Trackpoint><Trackpoint><Time>2026-01-05T16:14:38Z</Time><HeartRateBpm><Value>85</Value></HeartRateBpm><Extensions><ns3:TPX><ns3:Speed>0.0</ns3:Speed></ns3:TPX></Extensions></Trackpoint><Trackpoint><Time>2026-01-05T16:14:40Z</Time><HeartRateBpm><Value>87</Value></HeartRateBpm><Extensions><ns3:TPX><ns3:Speed>0.0</ns3:Speed></ns3:TPX></Extensions></Trackpoint><Trackpoint><Time>2026-01-05T16:14:41Z</Time><HeartRateBpm><Value>88</Value></HeartRateBpm><Extensions><ns3:TPX><ns3:Speed>0.0</ns3:Speed></ns3:TPX></Extensions></Trackpoint><Trackpoint><Time>2026-01-05T16:14:42Z</Time><HeartRateBpm><Value>89</Value></HeartRateBpm><Extensions><ns3:TPX><ns3:Speed>0.0</ns3:Speed></ns3:TPX></Extensions></Trackpoint><Trackpoint><Time>2026-01-05T16:14:43Z</Time><HeartRateBpm><Value>90</Value></HeartRateBpm><Extensions><ns3:TPX><ns3:Speed>0.0</ns3:Speed></ns3:TPX></Extensions></Trackpoint><Trackpoint><Time>2026-01-05T16:14:44Z</Time><HeartRateBpm><Value>89</Value></HeartRateBpm><Extensions><ns3:TPX><ns3:Speed>0.0</ns3:Speed></ns3:TPX></Extensions></Trackpoint><Trackpoint><Time>2026-01-05T16:14:48Z</Time><HeartRateBpm><Value>90</Value></HeartRateBpm><Extensions><ns3:TPX><ns3:Speed>0.0</ns3:Speed></ns3:TPX></Extensions></Trackpoint><Trackpoint><Time>2026-01-05T16:14:49Z</Time><HeartRateBpm><Value>91</Value></HeartRateBpm><Extensions><ns3:TPX><ns3:Speed>0.0</ns3:Speed></ns3:TPX></Extensions></Trackpoint><Trackpoint><Time>2026-01-05T16:14:50Z</Time><HeartRateBpm><Value>90</Value></HeartRateBpm><Extensions><ns3:TPX><ns3:Speed>0.0</ns3:Speed></ns3:TPX></Extensions></Trackpoint><Trackpoint><Time>2026-01-05T16:14:54Z</Time><HeartRateBpm><Value>91</Value></HeartRateBpm><Extensions><ns3:TPX><ns3:Speed>0.0</ns3:Speed></ns3:TPX></Extensions></Trackpoint><Trackpoint><Time>2026-01-05T16:14:55Z</Time><HeartRateBpm><Value>90</Value></HeartRateBpm><Extensions><ns3:TPX><ns3:Speed>0.0</ns3:Speed></ns3:TPX></Extensions></Trackpoint><Trackpoint><Time>2026-01-05T16:15:00Z</Time><HeartRateBpm><Value>90</Value></HeartRateBpm><Extensions><ns3:TPX><ns3:Speed>0.0</ns3:Speed></ns3:TPX></Extensions></Trackpoint><Trackpoint><Time>2026-01-05T16:15:03Z</Time><HeartRateBpm><Value>91</Value></HeartRateBpm><Extensions><ns3:TPX><ns3:Speed>0.0</ns3:Speed></ns3:TPX></Extensions></Trackpoint><Trackpoint><Time>2026-01-05T16:15:08Z</Time><HeartRateBpm><Value>92</Value></HeartRateBpm><Extensions><ns3:TPX><ns3:Speed>0.0</ns3:Speed></ns3:TPX></Extensions></Trackpoint><Trackpoint><Time>2026-01-05T16:15:09Z</Time><HeartRateBpm><Value>93</Value></HeartRateBpm><Extensions><ns3:TPX><ns3:Speed>0.0</ns3:Speed></ns3:TPX></Extensions></Trackpoint><Trackpoint><Time>2026-01-05T16:15:14Z</Time><HeartRateBpm><Value>93</Value></HeartRateBpm><Extensions><ns3:TPX><ns3:Speed>0.0</ns3:Speed></ns3:TPX></Extensions></Trackpoint><Trackpoint><Time>2026-01-05T16:15:15Z</Time><HeartRateBpm><Value>96</Value></HeartRateBpm><Extensions><ns3:TPX><ns3:Speed>0.0</ns3:Speed></ns3:TPX></Extensions></Trackpoint><Trackpoint><Time>2026-01-05T16:15:18Z</Time><HeartRateBpm><Value>95</Value></HeartRateBpm><Extensions><ns3:TPX><ns3:Speed>0.0</ns3:Speed></ns3:TPX></Extensions></Trackpoint><Trackpoint><Time>2026-01-05T16:15:23Z</Time><HeartRateBpm><Value>95</Value></HeartRateBpm><Extensions><ns3:TPX><ns3:Speed>0.0</ns3:Speed></ns3:TPX></Extensions></Trackpoint><Trackpoint><Time>2026-01-05T16:15:24Z</Time><HeartRateBpm><Value>94</Value></HeartRateBpm><Extensions><ns3:TPX><ns3:Speed>0.0</ns3:Speed></ns3:TPX></Extensions></Trackpoint><Trackpoint><Time>2026-01-05T16:15:29Z</Time><HeartRateBpm><Value>94</Value></HeartRateBpm><Extensions><ns3:TPX><ns3:Speed>0.0</ns3:Speed></ns3:TPX></Extensions></Trackpoint><Trackpoint><Time>2026-01-05T16:15:31Z</Time><HeartRateBpm><Value>95</Value></HeartRateBpm><Extensions><ns3:TPX><ns3:Speed>0.0</ns3:Speed></ns3:TPX></Extensions></Trackpoint><Trackpoint><Time>2026-01-05T16:15:33Z</Time><HeartRateBpm><Value>96</Value></HeartRateBpm><Extensions><ns3:TPX><ns3:Speed>0.0</ns3:Speed></ns3:TPX></Extensions></Trackpoint><Trackpoint><Time>2026-01-05T16:15:36Z</Time><HeartRateBpm><Value>97</Value></HeartRateBpm><Extensions><ns3:TPX><ns3:Speed>0.0</ns3:Speed></ns3:TPX></Extensions></Trackpoint><Trackpoint><Time>2026-01-05T16:15:41Z</Time><HeartRateBpm><Value>97</Value></HeartRateBpm><Extensions><ns3:TPX><ns3:Speed>0.0</ns3:Speed></ns3:TPX></Extensions></Trackpoint><Trackpoint><Time>2026-01-05T16:15:42Z</Time><HeartRateBpm><Value>99</Value></HeartRateBpm><Extensions><ns3:TPX><ns3:Speed>0.0</ns3:Speed></ns3:TPX></Extensions></Trackpoint><Trackpoint><Time>2026-01-05T16:15:43Z</Time><HeartRateBpm><Value>100</Value></HeartRateBpm><Extensions><ns3:TPX><ns3:Speed>0.0</ns3:Speed></ns3:TPX></Extensions></Trackpoint><Trackpoint><Time>2026-01-05T16:15:44Z</Time><HeartRateBpm><Value>101</Value></HeartRateBpm><Extensions><ns3:TPX><ns3:Speed>0.0</ns3:Speed></ns3:TPX></Extensions></Trackpoint><Trackpoint><Time>2026-01-05T16:15:49Z</Time><HeartRateBpm><Value>101</Value></HeartRateBpm><Extensions><ns3:TPX><ns3:Speed>0.0</ns3:Speed></ns3:TPX></Extensions></Trackpoint><Trackpoint><Time>2026-01-05T16:15:54Z</Time><HeartRateBpm><Value>101</Value></HeartRateBpm><Extensions><ns3:TPX><ns3:Speed>0.0</ns3:Speed></ns3:TPX></Extensions></Trackpoint><Trackpoint><Time>2026-01-05T16:15:57Z</Time><HeartRateBpm><Value>103</Value></HeartRateBpm><Extensions><ns3:TPX><ns3:Speed>0.0</ns3:Speed></ns3:TPX></Extensions></Trackpoint><Trackpoint><Time>2026-01-05T16:15:58Z</Time><HeartRateBpm><Value>102</Value></HeartRateBpm><Extensions><ns3:TPX><ns3:Speed>0.0</ns3:Speed></ns3:TPX></Extensions></Trackpoint><Trackpoint><Time>2026-01-05T16:16:02Z</Time><HeartRateBpm><Value>101</Value></HeartRateBpm><Extensions><ns3:TPX><ns3:Speed>0.0</ns3:Speed></ns3:TPX></Extensions></Trackpoint><Trackpoint><Time>2026-01-05T16:16:03Z</Time><HeartRateBpm><Value>99</Value></HeartRateBpm><Extensions><ns3:TPX><ns3:Speed>0.0</ns3:Speed></ns3:TPX></Extensions></Trackpoint><Trackpoint><Time>2026-01-05T16:16:04Z</Time><HeartRateBpm><Value>98</Value></HeartRateBpm><Extensions><ns3:TPX><ns3:Speed>0.0</ns3:Speed></ns3:TPX></Extensions></Trackpoint><Trackpoint><Time>2026-01-05T16:16:09Z</Time><HeartRateBpm><Value>96</Value></HeartRateBpm><Extensions><ns3:TPX><ns3:Speed>0.0</ns3:Speed></ns3:TPX></Extensions></Trackpoint><Trackpoint><Time>2026-01-05T16:16:10Z</Time><HeartRateBpm><Value>95</Value></HeartRateBpm><Extensions><ns3:TPX><ns3:Speed>0.0</ns3:Speed></ns3:TPX></Extensions></Trackpoint><Trackpoint><Time>2026-01-05T16:16:12Z</Time><HeartRateBpm><Value>94</Value></HeartRateBpm><Extensions><ns3:TPX><ns3:Speed>0.0</ns3:Speed></ns3:TPX></Extensions></Trackpoint><Trackpoint><Time>2026-01-05T16:16:14Z</Time><HeartRateBpm><Value>95</Value></HeartRateBpm><Extensions><ns3:TPX><ns3:Speed>0.0</ns3:Speed></ns3:TPX></Extensions></Trackpoint><Trackpoint><Time>2026-01-05T16:16:15Z</Time><HeartRateBpm><Value>96</Value></HeartRateBpm><Extensions><ns3:TPX><ns3:Speed>0.0</ns3:Speed></ns3:TPX></Extensions></Trackpoint><Trackpoint><Time>2026-01-05T16:16:16Z</Time><HeartRateBpm><Value>97</Value></HeartRateBpm><Extensions><ns3:TPX><ns3:Speed>0.0</ns3:Speed></ns3:TPX></Extensions></Trackpoint><Trackpoint><Time>2026-01-05T16:16:19Z</Time><HeartRateBpm><Value>96</Value></HeartRateBpm><Extensions><ns3:TPX><ns3:Speed>0.0</ns3:Speed></ns3:TPX></Extensions></Trackpoint><Trackpoint><Time>2026-01-05T16:16:24Z</Time><HeartRateBpm><Value>95</Value></HeartRateBpm><Extensions><ns3:TPX><ns3:Speed>0.0</ns3:Speed></ns3:TPX></Extensions></Trackpoint><Trackpoint><Time>2026-01-05T16:16:28Z</Time><HeartRateBpm><Value>94</Value></HeartRateBpm><Extensions><ns3:TPX><ns3:Speed>0.0</ns3:Speed></ns3:TPX></Extensions></Trackpoint><Trackpoint><Time>2026-01-05T16:16:29Z</Time><HeartRateBpm><Value>93</Value></HeartRateBpm><Extensions><ns3:TPX><ns3:Speed>0.0</ns3:Speed></ns3:TPX></Extensions></Trackpoint><Trackpoint><Time>2026-01-05T16:16:33Z</Time><HeartRateBpm><Value>94</Value></HeartRateBpm><Extensions><ns3:TPX><ns3:Speed>0.0</ns3:Speed></ns3:TPX></Extensions></Trackpoint><Trackpoint><Time>2026-01-05T16:16:34Z</Time><HeartRateBpm><Value>95</Value></HeartRateBpm><Extensions><ns3:TPX><ns3:Speed>0.0</ns3:Speed></ns3:TPX></Extensions></Trackpoint><Trackpoint><Time>2026-01-05T16:16:35Z</Time><HeartRateBpm><Value>97</Value></HeartRateBpm><Extensions><ns3:TPX><ns3:Speed>0.0</ns3:Speed></ns3:TPX></Extensions></Trackpoint><Trackpoint><Time>2026-01-05T16:16:37Z</Time><HeartRateBpm><Value>99</Value></HeartRateBpm><Extensions><ns3:TPX><ns3:Speed>0.0</ns3:Speed></ns3:TPX></Extensions></Trackpoint><Trackpoint><Time>2026-01-05T16:16:38Z</Time><HeartRateBpm><Value>100</Value></HeartRateBpm><Extensions><ns3:TPX><ns3:Speed>0.0</ns3:Speed></ns3:TPX></Extensions></Trackpoint><Trackpoint><Time>2026-01-05T16:16:39Z</Time><HeartRateBpm><Value>101</Value></HeartRateBpm><Extensions><ns3:TPX><ns3:Speed>0.0</ns3:Speed></ns3:TPX></Extensions></Trackpoint><Trackpoint><Time>2026-01-05T16:16:41Z</Time><HeartRateBpm><Value>100</Value></HeartRateBpm><Extensions><ns3:TPX><ns3:Speed>0.0</ns3:Speed></ns3:TPX></Extensions></Trackpoint><Trackpoint><Time>2026-01-05T16:16:43Z</Time><HeartRateBpm><Value>98</Value></HeartRateBpm><Extensions><ns3:TPX><ns3:Speed>0.0</ns3:Speed></ns3:TPX></Extensions></Trackpoint><Trackpoint><Time>2026-01-05T16:16:44Z</Time><HeartRateBpm><Value>97</Value></HeartRateBpm><Extensions><ns3:TPX><ns3:Speed>0.0</ns3:Speed></ns3:TPX></Extensions></Trackpoint><Trackpoint><Time>2026-01-05T16:16:45Z</Time><HeartRateBpm><Value>96</Value></HeartRateBpm><Extensions><ns3:TPX><ns3:Speed>0.0</ns3:Speed></ns3:TPX></Extensions></Trackpoint><Trackpoint><Time>2026-01-05T16:16:47Z</Time><HeartRateBpm><Value>95</Value></HeartRateBpm><Extensions><ns3:TPX><ns3:Speed>0.0</ns3:Speed></ns3:TPX></Extensions></Trackpoint><Trackpoint><Time>2026-01-05T16:16:49Z</Time><HeartRateBpm><Value>94</Value></HeartRateBpm><Extensions><ns3:TPX><ns3:Speed>0.0</ns3:Speed></ns3:TPX></Extensions></Trackpoint><Trackpoint><Time>2026-01-05T16:16:51Z</Time><HeartRateBpm><Value>93</Value></HeartRateBpm><Extensions><ns3:TPX><ns3:Speed>0.0</ns3:Speed></ns3:TPX></Extensions></Trackpoint><Trackpoint><Time>2026-01-05T16:16:52Z</Time><HeartRateBpm><Value>92</Value></HeartRateBpm><Extensions><ns3:TPX><ns3:Speed>0.0</ns3:Speed></ns3:TPX></Extensions></Trackpoint><Trackpoint><Time>2026-01-05T16:16:53Z</Time><HeartRateBpm><Value>91</Value></HeartRateBpm><Extensions><ns3:TPX><ns3:Speed>0.0</ns3:Speed></ns3:TPX></Extensions></Trackpoint><Trackpoint><Time>2026-01-05T16:16:57Z</Time><HeartRateBpm><Value>92</Value></HeartRateBpm><Extensions><ns3:TPX><ns3:Speed>0.0</ns3:Speed></ns3:TPX></Extensions></Trackpoint><Trackpoint><Time>2026-01-05T16:16:58Z</Time><HeartRateBpm><Value>94</Value></HeartRateBpm><Extensions><ns3:TPX><ns3:Speed>0.0</ns3:Speed></ns3:TPX></Extensions></Trackpoint><Trackpoint><Time>2026-01-05T16:16:59Z</Time><HeartRateBpm><Value>95</Value></HeartRateBpm><Extensions><ns3:TPX><ns3:Speed>0.0</ns3:Speed></ns3:TPX></Extensions></Trackpoint><Trackpoint><Time>2026-01-05T16:17:01Z</Time><HeartRateBpm><Value>94</Value></HeartRateBpm><Extensions><ns3:TPX><ns3:Speed>0.0</ns3:Speed></ns3:TPX></Extensions></Trackpoint><Trackpoint><Time>2026-01-05T16:17:03Z</Time><HeartRateBpm><Value>97</Value></HeartRateBpm><Extensions><ns3:TPX><ns3:Speed>0.0</ns3:Speed></ns3:TPX></Extensions></Trackpoint><Trackpoint><Time>2026-01-05T16:17:08Z</Time><HeartRateBpm><Value>98</Value></HeartRateBpm><Extensions><ns3:TPX><ns3:Speed>0.0</ns3:Speed></ns3:TPX></Extensions></Trackpoint><Trackpoint><Time>2026-01-05T16:17:12Z</Time><HeartRateBpm><Value>97</Value></HeartRateBpm><Extensions><ns3:TPX><ns3:Speed>0.0</ns3:Speed></ns3:TPX></Extensions></Trackpoint><Trackpoint><Time>2026-01-05T16:17:13Z</Time><HeartRateBpm><Value>96</Value></HeartRateBpm><Extensions><ns3:TPX><ns3:Speed>0.0</ns3:Speed></ns3:TPX></Extensions></Trackpoint><Trackpoint><Time>2026-01-05T16:17:18Z</Time><HeartRateBpm><Value>95</Value></HeartRateBpm><Extensions><ns3:TPX><ns3:Speed>0.0</ns3:Speed></ns3:TPX></Extensions></Trackpoint><Trackpoint><Time>2026-01-05T16:17:20Z</Time><HeartRateBpm><Value>96</Value></HeartRateBpm><Extensions><ns3:TPX><ns3:Speed>0.0</ns3:Speed></ns3:TPX></Extensions></Trackpoint><Trackpoint><Time>2026-01-05T16:17:24Z</Time><HeartRateBpm><Value>97</Value></HeartRateBpm><Extensions><ns3:TPX><ns3:Speed>0.0</ns3:Speed></ns3:TPX></Extensions></Trackpoint><Trackpoint><Time>2026-01-05T16:17:26Z</Time><HeartRateBpm><Value>98</Value></HeartRateBpm><Extensions><ns3:TPX><ns3:Speed>0.0</ns3:Speed></ns3:TPX></Extensions></Trackpoint><Trackpoint><Time>2026-01-05T16:17:28Z</Time><HeartRateBpm><Value>95</Value></HeartRateBpm><Extensions><ns3:TPX><ns3:Speed>0.0</ns3:Speed></ns3:TPX></Extensions></Trackpoint><Trackpoint><Time>2026-01-05T16:17:29Z</Time><HeartRateBpm><Value>94</Value></HeartRateBpm><Extensions><ns3:TPX><ns3:Speed>0.0</ns3:Speed></ns3:TPX></Extensions></Trackpoint><Trackpoint><Time>2026-01-05T16:17:34Z</Time><HeartRateBpm><Value>94</Value></HeartRateBpm><Extensions><ns3:TPX><ns3:Speed>0.0</ns3:Speed></ns3:TPX></Extensions></Trackpoint><Trackpoint><Time>2026-01-05T16:17:39Z</Time><HeartRateBpm><Value>94</Value></HeartRateBpm><Extensions><ns3:TPX><ns3:Speed>0.0</ns3:Speed></ns3:TPX></Extensions></Trackpoint><Trackpoint><Time>2026-01-05T16:17:44Z</Time><HeartRateBpm><Value>93</Value></HeartRateBpm><Extensions><ns3:TPX><ns3:Speed>0.0</ns3:Speed></ns3:TPX></Extensions></Trackpoint><Trackpoint><Time>2026-01-05T16:17:45Z</Time><HeartRateBpm><Value>91</Value></HeartRateBpm><Extensions><ns3:TPX><ns3:Speed>0.0</ns3:Speed></ns3:TPX></Extensions></Trackpoint><Trackpoint><Time>2026-01-05T16:17:47Z</Time><HeartRateBpm><Value>92</Value></HeartRateBpm><Extensions><ns3:TPX><ns3:Speed>0.0</ns3:Speed></ns3:TPX></Extensions></Trackpoint><Trackpoint><Time>2026-01-05T16:17:49Z</Time><HeartRateBpm><Value>93</Value></HeartRateBpm><Extensions><ns3:TPX><ns3:Speed>0.0</ns3:Speed></ns3:TPX></Extensions></Trackpoint><Trackpoint><Time>2026-01-05T16:17:52Z</Time><HeartRateBpm><Value>94</Value></HeartRateBpm><Extensions><ns3:TPX><ns3:Speed>0.0</ns3:Speed></ns3:TPX></Extensions></Trackpoint><Trackpoint><Time>2026-01-05T16:17:56Z</Time><HeartRateBpm><Value>93</Value></HeartRateBpm><Extensions><ns3:TPX><ns3:Speed>0.0</ns3:Speed></ns3:TPX></Extensions></Trackpoint><Trackpoint><Time>2026-01-05T16:17:58Z</Time><HeartRateBpm><Value>92</Value></HeartRateBpm><Extensions><ns3:TPX><ns3:Speed>0.0</ns3:Speed></ns3:TPX></Extensions></Trackpoint><Trackpoint><Time>2026-01-05T16:18:02Z</Time><HeartRateBpm><Value>93</Value></HeartRateBpm><Extensions><ns3:TPX><ns3:Speed>0.0</ns3:Speed></ns3:TPX></Extensions></Trackpoint><Trackpoint><Time>2026-01-05T16:18:03Z</Time><HeartRateBpm><Value>94</Value></HeartRateBpm><Extensions><ns3:TPX><ns3:Speed>0.0</ns3:Speed></ns3:TPX></Extensions></Trackpoint><Trackpoint><Time>2026-01-05T16:18:04Z</Time><HeartRateBpm><Value>95</Value></HeartRateBpm><Extensions><ns3:TPX><ns3:Speed>0.0</ns3:Speed></ns3:TPX></Extensions></Trackpoint><Trackpoint><Time>2026-01-05T16:18:07Z</Time><HeartRateBpm><Value>94</Value></HeartRateBpm><Extensions><ns3:TPX><ns3:Speed>0.0</ns3:Speed></ns3:TPX></Extensions></Trackpoint><Trackpoint><Time>2026-01-05T16:18:08Z</Time><HeartRateBpm><Value>95</Value></HeartRateBpm><Extensions><ns3:TPX><ns3:Speed>0.0</ns3:Speed></ns3:TPX></Extensions></Trackpoint><Trackpoint><Time>2026-01-05T16:18:13Z</Time><HeartRateBpm><Value>95</Value></HeartRateBpm><Extensions><ns3:TPX><ns3:Speed>0.0</ns3:Speed></ns3:TPX></Extensions></Trackpoint><Trackpoint><Time>2026-01-05T16:18:14Z</Time><HeartRateBpm><Value>96</Value></HeartRateBpm><Extensions><ns3:TPX><ns3:Speed>0.0</ns3:Speed></ns3:TPX></Extensions></Trackpoint><Trackpoint><Time>2026-01-05T16:18:15Z</Time><HeartRateBpm><Value>97</Value></HeartRateBpm><Extensions><ns3:TPX><ns3:Speed>0.0</ns3:Speed></ns3:TPX></Extensions></Trackpoint><Trackpoint><Time>2026-01-05T16:18:20Z</Time><HeartRateBpm><Value>96</Value></HeartRateBpm><Extensions><ns3:TPX><ns3:Speed>0.0</ns3:Speed></ns3:TPX></Extensions></Trackpoint><Trackpoint><Time>2026-01-05T16:18:21Z</Time><HeartRateBpm><Value>95</Value></HeartRateBpm><Extensions><ns3:TPX><ns3:Speed>0.0</ns3:Speed></ns3:TPX></Extensions></Trackpoint><Trackpoint><Time>2026-01-05T16:18:23Z</Time><HeartRateBpm><Value>96</Value></HeartRateBpm><Extensions><ns3:TPX><ns3:Speed>0.0</ns3:Speed></ns3:TPX></Extensions></Trackpoint><Trackpoint><Time>2026-01-05T16:18:27Z</Time><HeartRateBpm><Value>95</Value></HeartRateBpm><Extensions><ns3:TPX><ns3:Speed>0.0</ns3:Speed></ns3:TPX></Extensions></Trackpoint><Trackpoint><Time>2026-01-05T16:18:29Z</Time><HeartRateBpm><Value>94</Value></HeartRateBpm><Extensions><ns3:TPX><ns3:Speed>0.0</ns3:Speed></ns3:TPX></Extensions></Trackpoint><Trackpoint><Time>2026-01-05T16:18:30Z</Time><HeartRateBpm><Value>93</Value></HeartRateBpm><Extensions><ns3:TPX><ns3:Speed>0.0</ns3:Speed></ns3:TPX></Extensions></Trackpoint><Trackpoint><Time>2026-01-05T16:18:32Z</Time><HeartRateBpm><Value>91</Value></HeartRateBpm><Extensions><ns3:TPX><ns3:Speed>0.0</ns3:Speed></ns3:TPX></Extensions></Trackpoint><Trackpoint><Time>2026-01-05T16:18:38Z</Time><HeartRateBpm><Value>91</Value></HeartRateBpm><Extensions><ns3:TPX><ns3:Speed>0.0</ns3:Speed></ns3:TPX></Extensions></Trackpoint><Trackpoint><Time>2026-01-05T16:18:39Z</Time><HeartRateBpm><Value>92</Value></HeartRateBpm><Extensions><ns3:TPX><ns3:Speed>0.0</ns3:Speed></ns3:TPX></Extensions></Trackpoint><Trackpoint><Time>2026-01-05T16:18:42Z</Time><HeartRateBpm><Value>91</Value></HeartRateBpm><Extensions><ns3:TPX><ns3:Speed>0.0</ns3:Speed></ns3:TPX></Extensions></Trackpoint><Trackpoint><Time>2026-01-05T16:18:45Z</Time><HeartRateBpm><Value>90</Value></HeartRateBpm><Extensions><ns3:TPX><ns3:Speed>0.0</ns3:Speed></ns3:TPX></Extensions></Trackpoint><Trackpoint><Time>2026-01-05T16:18:48Z</Time><HeartRateBpm><Value>89</Value></HeartRateBpm><Extensions><ns3:TPX><ns3:Speed>0.0</ns3:Speed></ns3:TPX></Extensions></Trackpoint><Trackpoint><Time>2026-01-05T16:18:52Z</Time><HeartRateBpm><Value>88</Value></HeartRateBpm><Extensions><ns3:TPX><ns3:Speed>0.0</ns3:Speed></ns3:TPX></Extensions></Trackpoint><Trackpoint><Time>2026-01-05T16:18:54Z</Time><HeartRateBpm><Value>89</Value></HeartRateBpm><Extensions><ns3:TPX><ns3:Speed>0.0</ns3:Speed></ns3:TPX></Extensions></Trackpoint><Trackpoint><Time>2026-01-05T16:18:57Z</Time><HeartRateBpm><Value>88</Value></HeartRateBpm><Extensions><ns3:TPX><ns3:Speed>0.0</ns3:Speed></ns3:TPX></Extensions></Trackpoint><Trackpoint><Time>2026-01-05T16:18:59Z</Time><HeartRateBpm><Value>87</Value></HeartRateBpm><Extensions><ns3:TPX><ns3:Speed>0.0</ns3:Speed></ns3:TPX></Extensions></Trackpoint><Trackpoint><Time>2026-01-05T16:19:00Z</Time><HeartRateBpm><Value>86</Value></HeartRateBpm><Extensions><ns3:TPX><ns3:Speed>0.0</ns3:Speed></ns3:TPX></Extensions></Trackpoint><Trackpoint><Time>2026-01-05T16:19:02Z</Time><HeartRateBpm><Value>85</Value></HeartRateBpm><Extensions><ns3:TPX><ns3:Speed>0.0</ns3:Speed></ns3:TPX></Extensions></Trackpoint><Trackpoint><Time>2026-01-05T16:19:08Z</Time><HeartRateBpm><Value>85</Value></HeartRateBpm><Extensions><ns3:TPX><ns3:Speed>0.0</ns3:Speed></ns3:TPX></Extensions></Trackpoint><Trackpoint><Time>2026-01-05T16:19:14Z</Time><HeartRateBpm><Value>85</Value></HeartRateBpm><Extensions><ns3:TPX><ns3:Speed>0.0</ns3:Speed></ns3:TPX></Extensions></Trackpoint><Trackpoint><Time>2026-01-05T16:19:16Z</Time><HeartRateBpm><Value>86</Value></HeartRateBpm><Extensions><ns3:TPX><ns3:Speed>0.0</ns3:Speed></ns3:TPX></Extensions></Trackpoint><Trackpoint><Time>2026-01-05T16:19:17Z</Time><HeartRateBpm><Value>87</Value></HeartRateBpm><Extensions><ns3:TPX><ns3:Speed>0.0</ns3:Speed></ns3:TPX></Extensions></Trackpoint><Trackpoint><Time>2026-01-05T16:19:18Z</Time><HeartRateBpm><Value>89</Value></HeartRateBpm><Extensions><ns3:TPX><ns3:Speed>0.0</ns3:Speed></ns3:TPX></Extensions></Trackpoint><Trackpoint><Time>2026-01-05T16:19:21Z</Time><HeartRateBpm><Value>90</Value></HeartRateBpm><Extensions><ns3:TPX><ns3:Speed>0.0</ns3:Speed></ns3:TPX></Extensions></Trackpoint><Trackpoint><Time>2026-01-05T16:19:22Z</Time><HeartRateBpm><Value>91</Value></HeartRateBpm><Extensions><ns3:TPX><ns3:Speed>0.0</ns3:Speed></ns3:TPX></Extensions></Trackpoint><Trackpoint><Time>2026-01-05T16:19:27Z</Time><HeartRateBpm><Value>91</Value></HeartRateBpm><Extensions><ns3:TPX><ns3:Speed>0.0</ns3:Speed></ns3:TPX></Extensions></Trackpoint><Trackpoint><Time>2026-01-05T16:19:29Z</Time><HeartRateBpm><Value>92</Value></HeartRateBpm><Extensions><ns3:TPX><ns3:Speed>0.0</ns3:Speed></ns3:TPX></Extensions></Trackpoint><Trackpoint><Time>2026-01-05T16:19:30Z</Time><HeartRateBpm><Value>94</Value></HeartRateBpm><Extensions><ns3:TPX><ns3:Speed>0.0</ns3:Speed></ns3:TPX></Extensions></Trackpoint><Trackpoint><Time>2026-01-05T16:19:33Z</Time><HeartRateBpm><Value>95</Value></HeartRateBpm><Extensions><ns3:TPX><ns3:Speed>0.0</ns3:Speed></ns3:TPX></Extensions></Trackpoint><Trackpoint><Time>2026-01-05T16:19:34Z</Time><HeartRateBpm><Value>96</Value></HeartRateBpm><Extensions><ns3:TPX><ns3:Speed>0.0</ns3:Speed></ns3:TPX></Extensions></Trackpoint><Trackpoint><Time>2026-01-05T16:19:35Z</Time><HeartRateBpm><Value>97</Value></HeartRateBpm><Extensions><ns3:TPX><ns3:Speed>0.0</ns3:Speed></ns3:TPX></Extensions></Trackpoint><Trackpoint><Time>2026-01-05T16:19:36Z</Time><HeartRateBpm><Value>99</Value></HeartRateBpm><Extensions><ns3:TPX><ns3:Speed>0.0</ns3:Speed></ns3:TPX></Extensions></Trackpoint><Trackpoint><Time>2026-01-05T16:19:37Z</Time><HeartRateBpm><Value>93</Value></HeartRateBpm><Extensions><ns3:TPX><ns3:Speed>0.0</ns3:Speed></ns3:TPX></Extensions></Trackpoint><Trackpoint><Time>2026-01-05T16:19:39Z</Time><HeartRateBpm><Value>96</Value></HeartRateBpm><Extensions><ns3:TPX><ns3:Speed>0.0</ns3:Speed></ns3:TPX></Extensions></Trackpoint><Trackpoint><Time>2026-01-05T16:19:40Z</Time><HeartRateBpm><Value>93</Value></HeartRateBpm><Extensions><ns3:TPX><ns3:Speed>0.0</ns3:Speed></ns3:TPX></Extensions></Trackpoint><Trackpoint><Time>2026-01-05T16:19:41Z</Time><HeartRateBpm><Value>92</Value></HeartRateBpm><Extensions><ns3:TPX><ns3:Speed>0.0</ns3:Speed></ns3:TPX></Extensions></Trackpoint><Trackpoint><Time>2026-01-05T16:19:42Z</Time><HeartRateBpm><Value>91</Value></HeartRateBpm><Extensions><ns3:TPX><ns3:Speed>0.0</ns3:Speed></ns3:TPX></Extensions></Trackpoint><Trackpoint><Time>2026-01-05T16:19:43Z</Time><HeartRateBpm><Value>90</Value></HeartRateBpm><Extensions><ns3:TPX><ns3:Speed>0.0</ns3:Speed></ns3:TPX></Extensions></Trackpoint><Trackpoint><Time>2026-01-05T16:19:45Z</Time><HeartRateBpm><Value>89</Value></HeartRateBpm><Extensions><ns3:TPX><ns3:Speed>0.0</ns3:Speed></ns3:TPX></Extensions></Trackpoint><Trackpoint><Time>2026-01-05T16:19:49Z</Time><HeartRateBpm><Value>90</Value></HeartRateBpm><Extensions><ns3:TPX><ns3:Speed>0.0</ns3:Speed></ns3:TPX></Extensions></Trackpoint><Trackpoint><Time>2026-01-05T16:19:53Z</Time><HeartRateBpm><Value>89</Value></HeartRateBpm><Extensions><ns3:TPX><ns3:Speed>0.0</ns3:Speed></ns3:TPX></Extensions></Trackpoint><Trackpoint><Time>2026-01-05T16:19:54Z</Time><HeartRateBpm><Value>90</Value></HeartRateBpm><Extensions><ns3:TPX><ns3:Speed>0.0</ns3:Speed></ns3:TPX></Extensions></Trackpoint><Trackpoint><Time>2026-01-05T16:19:59Z</Time><HeartRateBpm><Value>89</Value></HeartRateBpm><Extensions><ns3:TPX><ns3:Speed>0.0</ns3:Speed></ns3:TPX></Extensions></Trackpoint><Trackpoint><Time>2026-01-05T16:20:00Z</Time><HeartRateBpm><Value>88</Value></HeartRateBpm><Extensions><ns3:TPX><ns3:Speed>0.0</ns3:Speed></ns3:TPX></Extensions></Trackpoint><Trackpoint><Time>2026-01-05T16:20:02Z</Time><HeartRateBpm><Value>89</Value></HeartRateBpm><Extensions><ns3:TPX><ns3:Speed>0.0</ns3:Speed></ns3:TPX></Extensions></Trackpoint><Trackpoint><Time>2026-01-05T16:20:04Z</Time><HeartRateBpm><Value>90</Value></HeartRateBpm><Extensions><ns3:TPX><ns3:Speed>0.0</ns3:Speed></ns3:TPX></Extensions></Trackpoint><Trackpoint><Time>2026-01-05T16:20:08Z</Time><HeartRateBpm><Value>91</Value></HeartRateBpm><Extensions><ns3:TPX><ns3:Speed>0.0</ns3:Speed></ns3:TPX></Extensions></Trackpoint><Trackpoint><Time>2026-01-05T16:20:10Z</Time><HeartRateBpm><Value>92</Value></HeartRateBpm><Extensions><ns3:TPX><ns3:Speed>0.0</ns3:Speed></ns3:TPX></Extensions></Trackpoint><Trackpoint><Time>2026-01-05T16:20:11Z</Time><HeartRateBpm><Value>93</Value></HeartRateBpm><Extensions><ns3:TPX><ns3:Speed>0.0</ns3:Speed></ns3:TPX></Extensions></Trackpoint><Trackpoint><Time>2026-01-05T16:20:16Z</Time><HeartRateBpm><Value>93</Value></HeartRateBpm><Extensions><ns3:TPX><ns3:Speed>0.0</ns3:Speed></ns3:TPX></Extensions></Trackpoint><Trackpoint><Time>2026-01-05T16:20:19Z</Time><HeartRateBpm><Value>94</Value></HeartRateBpm><Extensions><ns3:TPX><ns3:Speed>0.0</ns3:Speed></ns3:TPX></Extensions></Trackpoint><Trackpoint><Time>2026-01-05T16:20:20Z</Time><HeartRateBpm><Value>95</Value></HeartRateBpm><Extensions><ns3:TPX><ns3:Speed>0.0</ns3:Speed></ns3:TPX></Extensions></Trackpoint><Trackpoint><Time>2026-01-05T16:20:24Z</Time><HeartRateBpm><Value>96</Value></HeartRateBpm><Extensions><ns3:TPX><ns3:Speed>0.0</ns3:Speed></ns3:TPX></Extensions></Trackpoint><Trackpoint><Time>2026-01-05T16:20:25Z</Time><HeartRateBpm><Value>95</Value></HeartRateBpm><Extensions><ns3:TPX><ns3:Speed>0.0</ns3:Speed></ns3:TPX></Extensions></Trackpoint><Trackpoint><Time>2026-01-05T16:20:26Z</Time><HeartRateBpm><Value>94</Value></HeartRateBpm><Extensions><ns3:TPX><ns3:Speed>0.0</ns3:Speed></ns3:TPX></Extensions></Trackpoint><Trackpoint><Time>2026-01-05T16:20:31Z</Time><HeartRateBpm><Value>93</Value></HeartRateBpm><Extensions><ns3:TPX><ns3:Speed>0.0</ns3:Speed></ns3:TPX></Extensions></Trackpoint><Trackpoint><Time>2026-01-05T16:20:36Z</Time><HeartRateBpm><Value>93</Value></HeartRateBpm><Extensions><ns3:TPX><ns3:Speed>0.0</ns3:Speed></ns3:TPX></Extensions></Trackpoint><Trackpoint><Time>2026-01-05T16:20:41Z</Time><HeartRateBpm><Value>93</Value></HeartRateBpm><Extensions><ns3:TPX><ns3:Speed>0.0</ns3:Speed></ns3:TPX></Extensions></Trackpoint><Trackpoint><Time>2026-01-05T16:20:45Z</Time><HeartRateBpm><Value>94</Value></HeartRateBpm><Extensions><ns3:TPX><ns3:Speed>0.0</ns3:Speed></ns3:TPX></Extensions></Trackpoint><Trackpoint><Time>2026-01-05T16:20:49Z</Time><HeartRateBpm><Value>96</Value></HeartRateBpm><Extensions><ns3:TPX><ns3:Speed>0.0</ns3:Speed></ns3:TPX></Extensions></Trackpoint><Trackpoint><Time>2026-01-05T16:20:50Z</Time><HeartRateBpm><Value>97</Value></HeartRateBpm><Extensions><ns3:TPX><ns3:Speed>0.0</ns3:Speed></ns3:TPX></Extensions></Trackpoint><Trackpoint><Time>2026-01-05T16:20:53Z</Time><HeartRateBpm><Value>98</Value></HeartRateBpm><Extensions><ns3:TPX><ns3:Speed>0.0</ns3:Speed></ns3:TPX></Extensions></Trackpoint><Trackpoint><Time>2026-01-05T16:20:58Z</Time><HeartRateBpm><Value>99</Value></HeartRateBpm><Extensions><ns3:TPX><ns3:Speed>0.0</ns3:Speed></ns3:TPX></Extensions></Trackpoint><Trackpoint><Time>2026-01-05T16:21:01Z</Time><HeartRateBpm><Value>101</Value></HeartRateBpm><Extensions><ns3:TPX><ns3:Speed>0.0</ns3:Speed></ns3:TPX></Extensions></Trackpoint><Trackpoint><Time>2026-01-05T16:21:02Z</Time><HeartRateBpm><Value>102</Value></HeartRateBpm><Extensions><ns3:TPX><ns3:Speed>0.0</ns3:Speed></ns3:TPX></Extensions></Trackpoint><Trackpoint><Time>2026-01-05T16:21:03Z</Time><HeartRateBpm><Value>103</Value></HeartRateBpm><Extensions><ns3:TPX><ns3:Speed>0.0</ns3:Speed></ns3:TPX></Extensions></Trackpoint><Trackpoint><Time>2026-01-05T16:21:07Z</Time><HeartRateBpm><Value>104</Value></HeartRateBpm><Extensions><ns3:TPX><ns3:Speed>0.0</ns3:Speed></ns3:TPX></Extensions></Trackpoint><Trackpoint><Time>2026-01-05T16:21:11Z</Time><HeartRateBpm><Value>105</Value></HeartRateBpm><Extensions><ns3:TPX><ns3:Speed>0.0</ns3:Speed></ns3:TPX></Extensions></Trackpoint><Trackpoint><Time>2026-01-05T16:21:16Z</Time><HeartRateBpm><Value>105</Value></HeartRateBpm><Extensions><ns3:TPX><ns3:Speed>0.0</ns3:Speed></ns3:TPX></Extensions></Trackpoint><Trackpoint><Time>2026-01-05T16:21:18Z</Time><HeartRateBpm><Value>104</Value></HeartRateBpm><Extensions><ns3:TPX><ns3:Speed>0.0</ns3:Speed></ns3:TPX></Extensions></Trackpoint><Trackpoint><Time>2026-01-05T16:21:23Z</Time><HeartRateBpm><Value>104</Value></HeartRateBpm><Extensions><ns3:TPX><ns3:Speed>0.0</ns3:Speed></ns3:TPX></Extensions></Trackpoint><Trackpoint><Time>2026-01-05T16:21:28Z</Time><HeartRateBpm><Value>104</Value></HeartRateBpm><Extensions><ns3:TPX><ns3:Speed>0.0</ns3:Speed></ns3:TPX></Extensions></Trackpoint><Trackpoint><Time>2026-01-05T16:21:34Z</Time><HeartRateBpm><Value>104</Value></HeartRateBpm><Extensions><ns3:TPX><ns3:Speed>0.0</ns3:Speed></ns3:TPX></Extensions></Trackpoint><Trackpoint><Time>2026-01-05T16:21:35Z</Time><HeartRateBpm><Value>103</Value></HeartRateBpm><Extensions><ns3:TPX><ns3:Speed>0.0</ns3:Speed></ns3:TPX></Extensions></Trackpoint><Trackpoint><Time>2026-01-05T16:21:36Z</Time><HeartRateBpm><Value>104</Value></HeartRateBpm><Extensions><ns3:TPX><ns3:Speed>0.0</ns3:Speed></ns3:TPX></Extensions></Trackpoint><Trackpoint><Time>2026-01-05T16:21:41Z</Time><HeartRateBpm><Value>105</Value></HeartRateBpm><Extensions><ns3:TPX><ns3:Speed>0.0</ns3:Speed></ns3:TPX></Extensions></Trackpoint><Trackpoint><Time>2026-01-05T16:21:46Z</Time><HeartRateBpm><Value>106</Value></HeartRateBpm><Extensions><ns3:TPX><ns3:Speed>0.0</ns3:Speed></ns3:TPX></Extensions></Trackpoint><Trackpoint><Time>2026-01-05T16:21:47Z</Time><HeartRateBpm><Value>107</Value></HeartRateBpm><Extensions><ns3:TPX><ns3:Speed>0.0</ns3:Speed></ns3:TPX></Extensions></Trackpoint><Trackpoint><Time>2026-01-05T16:21:48Z</Time><HeartRateBpm><Value>108</Value></HeartRateBpm><Extensions><ns3:TPX><ns3:Speed>0.0</ns3:Speed></ns3:TPX></Extensions></Trackpoint><Trackpoint><Time>2026-01-05T16:21:49Z</Time><HeartRateBpm><Value>109</Value></HeartRateBpm><Extensions><ns3:TPX><ns3:Speed>0.0</ns3:Speed></ns3:TPX></Extensions></Trackpoint><Trackpoint><Time>2026-01-05T16:21:53Z</Time><HeartRateBpm><Value>110</Value></HeartRateBpm><Extensions><ns3:TPX><ns3:Speed>0.0</ns3:Speed></ns3:TPX></Extensions></Trackpoint><Trackpoint><Time>2026-01-05T16:21:55Z</Time><HeartRateBpm><Value>109</Value></HeartRateBpm><Extensions><ns3:TPX><ns3:Speed>0.0</ns3:Speed></ns3:TPX></Extensions></Trackpoint><Trackpoint><Time>2026-01-05T16:21:56Z</Time><HeartRateBpm><Value>108</Value></HeartRateBpm><Extensions><ns3:TPX><ns3:Speed>0.0</ns3:Speed></ns3:TPX></Extensions></Trackpoint><Trackpoint><Time>2026-01-05T16:22:00Z</Time><HeartRateBpm><Value>109</Value></HeartRateBpm><Extensions><ns3:TPX><ns3:Speed>0.0</ns3:Speed></ns3:TPX></Extensions></Trackpoint><Trackpoint><Time>2026-01-05T16:22:01Z</Time><HeartRateBpm><Value>107</Value></HeartRateBpm><Extensions><ns3:TPX><ns3:Speed>0.0</ns3:Speed></ns3:TPX></Extensions></Trackpoint><Trackpoint><Time>2026-01-05T16:22:02Z</Time><HeartRateBpm><Value>106</Value></HeartRateBpm><Extensions><ns3:TPX><ns3:Speed>0.0</ns3:Speed></ns3:TPX></Extensions></Trackpoint><Trackpoint><Time>2026-01-05T16:22:07Z</Time><HeartRateBpm><Value>104</Value></HeartRateBpm><Extensions><ns3:TPX><ns3:Speed>0.0</ns3:Speed></ns3:TPX></Extensions></Trackpoint><Trackpoint><Time>2026-01-05T16:22:08Z</Time><HeartRateBpm><Value>103</Value></HeartRateBpm><Extensions><ns3:TPX><ns3:Speed>0.0</ns3:Speed></ns3:TPX></Extensions></Trackpoint><Trackpoint><Time>2026-01-05T16:22:13Z</Time><HeartRateBpm><Value>103</Value></HeartRateBpm><Extensions><ns3:TPX><ns3:Speed>0.0</ns3:Speed></ns3:TPX></Extensions></Trackpoint><Trackpoint><Time>2026-01-05T16:22:18Z</Time><HeartRateBpm><Value>103</Value></HeartRateBpm><Extensions><ns3:TPX><ns3:Speed>0.0</ns3:Speed></ns3:TPX></Extensions></Trackpoint><Trackpoint><Time>2026-01-05T16:22:19Z</Time><HeartRateBpm><Value>104</Value></HeartRateBpm><Extensions><ns3:TPX><ns3:Speed>0.0</ns3:Speed></ns3:TPX></Extensions></Trackpoint><Trackpoint><Time>2026-01-05T16:22:20Z</Time><HeartRateBpm><Value>105</Value></HeartRateBpm><Extensions><ns3:TPX><ns3:Speed>0.0</ns3:Speed></ns3:TPX></Extensions></Trackpoint><Trackpoint><Time>2026-01-05T16:22:21Z</Time><HeartRateBpm><Value>106</Value></HeartRateBpm><Extensions><ns3:TPX><ns3:Speed>0.0</ns3:Speed></ns3:TPX></Extensions></Trackpoint><Trackpoint><Time>2026-01-05T16:22:26Z</Time><HeartRateBpm><Value>106</Value></HeartRateBpm><Extensions><ns3:TPX><ns3:Speed>0.0</ns3:Speed></ns3:TPX></Extensions></Trackpoint><Trackpoint><Time>2026-01-05T16:22:31Z</Time><HeartRateBpm><Value>107</Value></HeartRateBpm><Extensions><ns3:TPX><ns3:Speed>0.0</ns3:Speed></ns3:TPX></Extensions></Trackpoint><Trackpoint><Time>2026-01-05T16:22:32Z</Time><HeartRateBpm><Value>108</Value></HeartRateBpm><Extensions><ns3:TPX><ns3:Speed>0.0</ns3:Speed></ns3:TPX></Extensions></Trackpoint><Trackpoint><Time>2026-01-05T16:22:33Z</Time><HeartRateBpm><Value>109</Value></HeartRateBpm><Extensions><ns3:TPX><ns3:Speed>0.0</ns3:Speed></ns3:TPX></Extensions></Trackpoint><Trackpoint><Time>2026-01-05T16:22:36Z</Time><HeartRateBpm><Value>108</Value></HeartRateBpm><Extensions><ns3:TPX><ns3:Speed>0.0</ns3:Speed></ns3:TPX></Extensions></Trackpoint><Trackpoint><Time>2026-01-05T16:22:41Z</Time><HeartRateBpm><Value>108</Value></HeartRateBpm><Extensions><ns3:TPX><ns3:Speed>0.0</ns3:Speed></ns3:TPX></Extensions></Trackpoint><Trackpoint><Time>2026-01-05T16:22:43Z</Time><HeartRateBpm><Value>109</Value></HeartRateBpm><Extensions><ns3:TPX><ns3:Speed>0.0</ns3:Speed></ns3:TPX></Extensions></Trackpoint><Trackpoint><Time>2026-01-05T16:22:45Z</Time><HeartRateBpm><Value>110</Value></HeartRateBpm><Extensions><ns3:TPX><ns3:Speed>0.0</ns3:Speed></ns3:TPX></Extensions></Trackpoint><Trackpoint><Time>2026-01-05T16:22:47Z</Time><HeartRateBpm><Value>109</Value></HeartRateBpm><Extensions><ns3:TPX><ns3:Speed>0.0</ns3:Speed></ns3:TPX></Extensions></Trackpoint><Trackpoint><Time>2026-01-05T16:22:49Z</Time><HeartRateBpm><Value>110</Value></HeartRateBpm><Extensions><ns3:TPX><ns3:Speed>0.0</ns3:Speed></ns3:TPX></Extensions></Trackpoint><Trackpoint><Time>2026-01-05T16:22:51Z</Time><HeartRateBpm><Value>109</Value></HeartRateBpm><Extensions><ns3:TPX><ns3:Speed>0.0</ns3:Speed></ns3:TPX></Extensions></Trackpoint><Trackpoint><Time>2026-01-05T16:22:54Z</Time><HeartRateBpm><Value>110</Value></HeartRateBpm><Extensions><ns3:TPX><ns3:Speed>0.0</ns3:Speed></ns3:TPX></Extensions></Trackpoint><Trackpoint><Time>2026-01-05T16:23:00Z</Time><HeartRateBpm><Value>110</Value></HeartRateBpm><Extensions><ns3:TPX><ns3:Speed>0.0</ns3:Speed></ns3:TPX></Extensions></Trackpoint><Trackpoint><Time>2026-01-05T16:23:02Z</Time><HeartRateBpm><Value>111</Value></HeartRateBpm><Extensions><ns3:TPX><ns3:Speed>0.0</ns3:Speed></ns3:TPX></Extensions></Trackpoint><Trackpoint><Time>2026-01-05T16:23:03Z</Time><HeartRateBpm><Value>112</Value></HeartRateBpm><Extensions><ns3:TPX><ns3:Speed>0.0</ns3:Speed></ns3:TPX></Extensions></Trackpoint><Trackpoint><Time>2026-01-05T16:23:04Z</Time><HeartRateBpm><Value>113</Value></HeartRateBpm><Extensions><ns3:TPX><ns3:Speed>0.0</ns3:Speed></ns3:TPX></Extensions></Trackpoint><Trackpoint><Time>2026-01-05T16:23:08Z</Time><HeartRateBpm><Value>114</Value></HeartRateBpm><Extensions><ns3:TPX><ns3:Speed>0.0</ns3:Speed></ns3:TPX></Extensions></Trackpoint><Trackpoint><Time>2026-01-05T16:23:10Z</Time><HeartRateBpm><Value>115</Value></HeartRateBpm><Extensions><ns3:TPX><ns3:Speed>0.0</ns3:Speed></ns3:TPX></Extensions></Trackpoint><Trackpoint><Time>2026-01-05T16:23:14Z</Time><HeartRateBpm><Value>113</Value></HeartRateBpm><Extensions><ns3:TPX><ns3:Speed>0.0</ns3:Speed></ns3:TPX></Extensions></Trackpoint><Trackpoint><Time>2026-01-05T16:23:19Z</Time><HeartRateBpm><Value>114</Value></HeartRateBpm><Extensions><ns3:TPX><ns3:Speed>0.0</ns3:Speed></ns3:TPX></Extensions></Trackpoint><Trackpoint><Time>2026-01-05T16:23:20Z</Time><HeartRateBpm><Value>117</Value></HeartRateBpm><Extensions><ns3:TPX><ns3:Speed>0.0</ns3:Speed></ns3:TPX></Extensions></Trackpoint><Trackpoint><Time>2026-01-05T16:23:25Z</Time><HeartRateBpm><Value>117</Value></HeartRateBpm><Extensions><ns3:TPX><ns3:Speed>0.0</ns3:Speed></ns3:TPX></Extensions></Trackpoint><Trackpoint><Time>2026-01-05T16:23:31Z</Time><HeartRateBpm><Value>117</Value></HeartRateBpm><Extensions><ns3:TPX><ns3:Speed>0.0</ns3:Speed></ns3:TPX></Extensions></Trackpoint><Trackpoint><Time>2026-01-05T16:23:33Z</Time><HeartRateBpm><Value>116</Value></HeartRateBpm><Extensions><ns3:TPX><ns3:Speed>0.0</ns3:Speed></ns3:TPX></Extensions></Trackpoint><Trackpoint><Time>2026-01-05T16:23:34Z</Time><HeartRateBpm><Value>115</Value></HeartRateBpm><Extensions><ns3:TPX><ns3:Speed>0.0</ns3:Speed></ns3:TPX></Extensions></Trackpoint><Trackpoint><Time>2026-01-05T16:23:37Z</Time><HeartRateBpm><Value>114</Value></HeartRateBpm><Extensions><ns3:TPX><ns3:Speed>0.0</ns3:Speed></ns3:TPX></Extensions></Trackpoint><Trackpoint><Time>2026-01-05T16:23:43Z</Time><HeartRateBpm><Value>114</Value></HeartRateBpm><Extensions><ns3:TPX><ns3:Speed>0.0</ns3:Speed></ns3:TPX></Extensions></Trackpoint><Trackpoint><Time>2026-01-05T16:23:46Z</Time><HeartRateBpm><Value>115</Value></HeartRateBpm><Extensions><ns3:TPX><ns3:Speed>0.0</ns3:Speed></ns3:TPX></Extensions></Trackpoint><Trackpoint><Time>2026-01-05T16:23:51Z</Time><HeartRateBpm><Value>116</Value></HeartRateBpm><Extensions><ns3:TPX><ns3:Speed>0.0</ns3:Speed></ns3:TPX></Extensions></Trackpoint><Trackpoint><Time>2026-01-05T16:23:55Z</Time><HeartRateBpm><Value>117</Value></HeartRateBpm><Extensions><ns3:TPX><ns3:Speed>0.0</ns3:Speed></ns3:TPX></Extensions></Trackpoint><Trackpoint><Time>2026-01-05T16:23:57Z</Time><HeartRateBpm><Value>118</Value></HeartRateBpm><Extensions><ns3:TPX><ns3:Speed>0.0</ns3:Speed></ns3:TPX></Extensions></Trackpoint><Trackpoint><Time>2026-01-05T16:24:02Z</Time><HeartRateBpm><Value>118</Value></HeartRateBpm><Extensions><ns3:TPX><ns3:Speed>0.0</ns3:Speed></ns3:TPX></Extensions></Trackpoint><Trackpoint><Time>2026-01-05T16:24:07Z</Time><HeartRateBpm><Value>118</Value></HeartRateBpm><Extensions><ns3:TPX><ns3:Speed>0.0</ns3:Speed></ns3:TPX></Extensions></Trackpoint><Trackpoint><Time>2026-01-05T16:24:08Z</Time><HeartRateBpm><Value>119</Value></HeartRateBpm><Extensions><ns3:TPX><ns3:Speed>0.0</ns3:Speed></ns3:TPX></Extensions></Trackpoint><Trackpoint><Time>2026-01-05T16:24:10Z</Time><HeartRateBpm><Value>118</Value></HeartRateBpm><Extensions><ns3:TPX><ns3:Speed>0.0</ns3:Speed></ns3:TPX></Extensions></Trackpoint><Trackpoint><Time>2026-01-05T16:24:11Z</Time><HeartRateBpm><Value>117</Value></HeartRateBpm><Extensions><ns3:TPX><ns3:Speed>0.0</ns3:Speed></ns3:TPX></Extensions></Trackpoint><Trackpoint><Time>2026-01-05T16:24:14Z</Time><HeartRateBpm><Value>116</Value></HeartRateBpm><Extensions><ns3:TPX><ns3:Speed>0.0</ns3:Speed></ns3:TPX></Extensions></Trackpoint><Trackpoint><Time>2026-01-05T16:24:19Z</Time><HeartRateBpm><Value>115</Value></HeartRateBpm><Extensions><ns3:TPX><ns3:Speed>0.0</ns3:Speed></ns3:TPX></Extensions></Trackpoint><Trackpoint><Time>2026-01-05T16:24:21Z</Time><HeartRateBpm><Value>114</Value></HeartRateBpm><Extensions><ns3:TPX><ns3:Speed>0.0</ns3:Speed></ns3:TPX></Extensions></Trackpoint><Trackpoint><Time>2026-01-05T16:24:22Z</Time><HeartRateBpm><Value>112</Value></HeartRateBpm><Extensions><ns3:TPX><ns3:Speed>0.0</ns3:Speed></ns3:TPX></Extensions></Trackpoint><Trackpoint><Time>2026-01-05T16:24:23Z</Time><HeartRateBpm><Value>111</Value></HeartRateBpm><Extensions><ns3:TPX><ns3:Speed>0.0</ns3:Speed></ns3:TPX></Extensions></Trackpoint><Trackpoint><Time>2026-01-05T16:24:25Z</Time><HeartRateBpm><Value>110</Value></HeartRateBpm><Extensions><ns3:TPX><ns3:Speed>0.0</ns3:Speed></ns3:TPX></Extensions></Trackpoint><Trackpoint><Time>2026-01-05T16:24:26Z</Time><HeartRateBpm><Value>109</Value></HeartRateBpm><Extensions><ns3:TPX><ns3:Speed>0.0</ns3:Speed></ns3:TPX></Extensions></Trackpoint><Trackpoint><Time>2026-01-05T16:24:27Z</Time><HeartRateBpm><Value>108</Value></HeartRateBpm><Extensions><ns3:TPX><ns3:Speed>0.0</ns3:Speed></ns3:TPX></Extensions></Trackpoint><Trackpoint><Time>2026-01-05T16:24:30Z</Time><HeartRateBpm><Value>107</Value></HeartRateBpm><Extensions><ns3:TPX><ns3:Speed>0.0</ns3:Speed></ns3:TPX></Extensions></Trackpoint><Trackpoint><Time>2026-01-05T16:24:33Z</Time><HeartRateBpm><Value>105</Value></HeartRateBpm><Extensions><ns3:TPX><ns3:Speed>0.0</ns3:Speed></ns3:TPX></Extensions></Trackpoint><Trackpoint><Time>2026-01-05T16:24:35Z</Time><HeartRateBpm><Value>104</Value></HeartRateBpm><Extensions><ns3:TPX><ns3:Speed>0.0</ns3:Speed></ns3:TPX></Extensions></Trackpoint><Trackpoint><Time>2026-01-05T16:24:36Z</Time><HeartRateBpm><Value>103</Value></HeartRateBpm><Extensions><ns3:TPX><ns3:Speed>0.0</ns3:Speed></ns3:TPX></Extensions></Trackpoint><Trackpoint><Time>2026-01-05T16:24:39Z</Time><HeartRateBpm><Value>104</Value></HeartRateBpm><Extensions><ns3:TPX><ns3:Speed>0.0</ns3:Speed></ns3:TPX></Extensions></Trackpoint><Trackpoint><Time>2026-01-05T16:24:42Z</Time><HeartRateBpm><Value>105</Value></HeartRateBpm><Extensions><ns3:TPX><ns3:Speed>0.0</ns3:Speed></ns3:TPX></Extensions></Trackpoint><Trackpoint><Time>2026-01-05T16:24:44Z</Time><HeartRateBpm><Value>106</Value></HeartRateBpm><Extensions><ns3:TPX><ns3:Speed>0.0</ns3:Speed></ns3:TPX></Extensions></Trackpoint><Trackpoint><Time>2026-01-05T16:24:45Z</Time><HeartRateBpm><Value>107</Value></HeartRateBpm><Extensions><ns3:TPX><ns3:Speed>0.0</ns3:Speed></ns3:TPX></Extensions></Trackpoint><Trackpoint><Time>2026-01-05T16:24:47Z</Time><HeartRateBpm><Value>108</Value></HeartRateBpm><Extensions><ns3:TPX><ns3:Speed>0.0</ns3:Speed></ns3:TPX></Extensions></Trackpoint><Trackpoint><Time>2026-01-05T16:24:50Z</Time><HeartRateBpm><Value>109</Value></HeartRateBpm><Extensions><ns3:TPX><ns3:Speed>0.0</ns3:Speed></ns3:TPX></Extensions></Trackpoint><Trackpoint><Time>2026-01-05T16:24:51Z</Time><HeartRateBpm><Value>110</Value></HeartRateBpm><Extensions><ns3:TPX><ns3:Speed>0.0</ns3:Speed></ns3:TPX></Extensions></Trackpoint><Trackpoint><Time>2026-01-05T16:24:56Z</Time><HeartRateBpm><Value>110</Value></HeartRateBpm><Extensions><ns3:TPX><ns3:Speed>0.0</ns3:Speed></ns3:TPX></Extensions></Trackpoint><Trackpoint><Time>2026-01-05T16:24:57Z</Time><HeartRateBpm><Value>112</Value></HeartRateBpm><Extensions><ns3:TPX><ns3:Speed>0.0</ns3:Speed></ns3:TPX></Extensions></Trackpoint><Trackpoint><Time>2026-01-05T16:25:02Z</Time><HeartRateBpm><Value>113</Value></HeartRateBpm><Extensions><ns3:TPX><ns3:Speed>0.0</ns3:Speed></ns3:TPX></Extensions></Trackpoint><Trackpoint><Time>2026-01-05T16:25:04Z</Time><HeartRateBpm><Value>115</Value></HeartRateBpm><Extensions><ns3:TPX><ns3:Speed>0.0</ns3:Speed></ns3:TPX></Extensions></Trackpoint><Trackpoint><Time>2026-01-05T16:25:05Z</Time><HeartRateBpm><Value>117</Value></HeartRateBpm><Extensions><ns3:TPX><ns3:Speed>0.0</ns3:Speed></ns3:TPX></Extensions></Trackpoint><Trackpoint><Time>2026-01-05T16:25:06Z</Time><HeartRateBpm><Value>113</Value></HeartRateBpm><Extensions><ns3:TPX><ns3:Speed>0.0</ns3:Speed></ns3:TPX></Extensions></Trackpoint><Trackpoint><Time>2026-01-05T16:25:08Z</Time><HeartRateBpm><Value>117</Value></HeartRateBpm><Extensions><ns3:TPX><ns3:Speed>0.0</ns3:Speed></ns3:TPX></Extensions></Trackpoint><Trackpoint><Time>2026-01-05T16:25:09Z</Time><HeartRateBpm><Value>114</Value></HeartRateBpm><Extensions><ns3:TPX><ns3:Speed>0.0</ns3:Speed></ns3:TPX></Extensions></Trackpoint><Trackpoint><Time>2026-01-05T16:25:10Z</Time><HeartRateBpm><Value>113</Value></HeartRateBpm><Extensions><ns3:TPX><ns3:Speed>0.0</ns3:Speed></ns3:TPX></Extensions></Trackpoint><Trackpoint><Time>2026-01-05T16:25:15Z</Time><HeartRateBpm><Value>113</Value></HeartRateBpm><Extensions><ns3:TPX><ns3:Speed>0.0</ns3:Speed></ns3:TPX></Extensions></Trackpoint><Trackpoint><Time>2026-01-05T16:25:17Z</Time><HeartRateBpm><Value>114</Value></HeartRateBpm><Extensions><ns3:TPX><ns3:Speed>0.0</ns3:Speed></ns3:TPX></Extensions></Trackpoint><Trackpoint><Time>2026-01-05T16:25:20Z</Time><HeartRateBpm><Value>115</Value></HeartRateBpm><Extensions><ns3:TPX><ns3:Speed>0.0</ns3:Speed></ns3:TPX></Extensions></Trackpoint><Trackpoint><Time>2026-01-05T16:25:21Z</Time><HeartRateBpm><Value>116</Value></HeartRateBpm><Extensions><ns3:TPX><ns3:Speed>0.0</ns3:Speed></ns3:TPX></Extensions></Trackpoint><Trackpoint><Time>2026-01-05T16:25:22Z</Time><HeartRateBpm><Value>117</Value></HeartRateBpm><Extensions><ns3:TPX><ns3:Speed>0.0</ns3:Speed></ns3:TPX></Extensions></Trackpoint><Trackpoint><Time>2026-01-05T16:25:25Z</Time><HeartRateBpm><Value>119</Value></HeartRateBpm><Extensions><ns3:TPX><ns3:Speed>0.0</ns3:Speed></ns3:TPX></Extensions></Trackpoint><Trackpoint><Time>2026-01-05T16:25:27Z</Time><HeartRateBpm><Value>118</Value></HeartRateBpm><Extensions><ns3:TPX><ns3:Speed>0.0</ns3:Speed></ns3:TPX></Extensions></Trackpoint><Trackpoint><Time>2026-01-05T16:25:28Z</Time><HeartRateBpm><Value>117</Value></HeartRateBpm><Extensions><ns3:TPX><ns3:Speed>0.0</ns3:Speed></ns3:TPX></Extensions></Trackpoint><Trackpoint><Time>2026-01-05T16:25:32Z</Time><HeartRateBpm><Value>117</Value></HeartRateBpm><Extensions><ns3:TPX><ns3:Speed>0.0</ns3:Speed></ns3:TPX></Extensions></Trackpoint><Trackpoint><Time>2026-01-05T16:25:33Z</Time><HeartRateBpm><Value>116</Value></HeartRateBpm><Extensions><ns3:TPX><ns3:Speed>0.0</ns3:Speed></ns3:TPX></Extensions></Trackpoint><Trackpoint><Time>2026-01-05T16:25:34Z</Time><HeartRateBpm><Value>115</Value></HeartRateBpm><Extensions><ns3:TPX><ns3:Speed>0.0</ns3:Speed></ns3:TPX></Extensions></Trackpoint><Trackpoint><Time>2026-01-05T16:25:36Z</Time><HeartRateBpm><Value>114</Value></HeartRateBpm><Extensions><ns3:TPX><ns3:Speed>0.0</ns3:Speed></ns3:TPX></Extensions></Trackpoint><Trackpoint><Time>2026-01-05T16:25:39Z</Time><HeartRateBpm><Value>115</Value></HeartRateBpm><Extensions><ns3:TPX><ns3:Speed>0.0</ns3:Speed></ns3:TPX></Extensions></Trackpoint><Trackpoint><Time>2026-01-05T16:25:40Z</Time><HeartRateBpm><Value>114</Value></HeartRateBpm><Extensions><ns3:TPX><ns3:Speed>0.0</ns3:Speed></ns3:TPX></Extensions></Trackpoint><Trackpoint><Time>2026-01-05T16:25:45Z</Time><HeartRateBpm><Value>115</Value></HeartRateBpm><Extensions><ns3:TPX><ns3:Speed>0.0</ns3:Speed></ns3:TPX></Extensions></Trackpoint><Trackpoint><Time>2026-01-05T16:25:46Z</Time><HeartRateBpm><Value>116</Value></HeartRateBpm><Extensions><ns3:TPX><ns3:Speed>0.0</ns3:Speed></ns3:TPX></Extensions></Trackpoint><Trackpoint><Time>2026-01-05T16:25:48Z</Time><HeartRateBpm><Value>115</Value></HeartRateBpm><Extensions><ns3:TPX><ns3:Speed>0.0</ns3:Speed></ns3:TPX></Extensions></Trackpoint><Trackpoint><Time>2026-01-05T16:25:51Z</Time><HeartRateBpm><Value>117</Value></HeartRateBpm><Extensions><ns3:TPX><ns3:Speed>0.0</ns3:Speed></ns3:TPX></Extensions></Trackpoint><Trackpoint><Time>2026-01-05T16:25:54Z</Time><HeartRateBpm><Value>116</Value></HeartRateBpm><Extensions><ns3:TPX><ns3:Speed>0.0</ns3:Speed></ns3:TPX></Extensions></Trackpoint><Trackpoint><Time>2026-01-05T16:25:57Z</Time><HeartRateBpm><Value>114</Value></HeartRateBpm><Extensions><ns3:TPX><ns3:Speed>0.0</ns3:Speed></ns3:TPX></Extensions></Trackpoint><Trackpoint><Time>2026-01-05T16:26:02Z</Time><HeartRateBpm><Value>114</Value></HeartRateBpm><Extensions><ns3:TPX><ns3:Speed>0.0</ns3:Speed></ns3:TPX></Extensions></Trackpoint><Trackpoint><Time>2026-01-05T16:26:03Z</Time><HeartRateBpm><Value>113</Value></HeartRateBpm><Extensions><ns3:TPX><ns3:Speed>0.0</ns3:Speed></ns3:TPX></Extensions></Trackpoint><Trackpoint><Time>2026-01-05T16:26:04Z</Time><HeartRateBpm><Value>112</Value></HeartRateBpm><Extensions><ns3:TPX><ns3:Speed>0.0</ns3:Speed></ns3:TPX></Extensions></Trackpoint><Trackpoint><Time>2026-01-05T16:26:08Z</Time><HeartRateBpm><Value>113</Value></HeartRateBpm><Extensions><ns3:TPX><ns3:Speed>0.0</ns3:Speed></ns3:TPX></Extensions></Trackpoint><Trackpoint><Time>2026-01-05T16:26:09Z</Time><HeartRateBpm><Value>114</Value></HeartRateBpm><Extensions><ns3:TPX><ns3:Speed>0.0</ns3:Speed></ns3:TPX></Extensions></Trackpoint><Trackpoint><Time>2026-01-05T16:26:10Z</Time><HeartRateBpm><Value>120</Value></HeartRateBpm><Extensions><ns3:TPX><ns3:Speed>0.0</ns3:Speed></ns3:TPX></Extensions></Trackpoint><Trackpoint><Time>2026-01-05T16:26:11Z</Time><HeartRateBpm><Value>121</Value></HeartRateBpm><Extensions><ns3:TPX><ns3:Speed>0.0</ns3:Speed></ns3:TPX></Extensions></Trackpoint><Trackpoint><Time>2026-01-05T16:26:12Z</Time><HeartRateBpm><Value>122</Value></HeartRateBpm><Extensions><ns3:TPX><ns3:Speed>0.0</ns3:Speed></ns3:TPX></Extensions></Trackpoint><Trackpoint><Time>2026-01-05T16:26:16Z</Time><HeartRateBpm><Value>123</Value></HeartRateBpm><Extensions><ns3:TPX><ns3:Speed>0.0</ns3:Speed></ns3:TPX></Extensions></Trackpoint><Trackpoint><Time>2026-01-05T16:26:21Z</Time><HeartRateBpm><Value>124</Value></HeartRateBpm><Extensions><ns3:TPX><ns3:Speed>0.0</ns3:Speed></ns3:TPX></Extensions></Trackpoint><Trackpoint><Time>2026-01-05T16:26:22Z</Time><HeartRateBpm><Value>127</Value></HeartRateBpm><Extensions><ns3:TPX><ns3:Speed>0.0</ns3:Speed></ns3:TPX></Extensions></Trackpoint><Trackpoint><Time>2026-01-05T16:26:23Z</Time><HeartRateBpm><Value>128</Value></HeartRateBpm><Extensions><ns3:TPX><ns3:Speed>0.0</ns3:Speed></ns3:TPX></Extensions></Trackpoint><Trackpoint><Time>2026-01-05T16:26:24Z</Time><HeartRateBpm><Value>129</Value></HeartRateBpm><Extensions><ns3:TPX><ns3:Speed>0.0</ns3:Speed></ns3:TPX></Extensions></Trackpoint><Trackpoint><Time>2026-01-05T16:26:27Z</Time><HeartRateBpm><Value>130</Value></HeartRateBpm><Extensions><ns3:TPX><ns3:Speed>0.0</ns3:Speed></ns3:TPX></Extensions></Trackpoint><Trackpoint><Time>2026-01-05T16:26:28Z</Time><HeartRateBpm><Value>124</Value></HeartRateBpm><Extensions><ns3:TPX><ns3:Speed>0.0</ns3:Speed></ns3:TPX></Extensions></Trackpoint><Trackpoint><Time>2026-01-05T16:26:29Z</Time><HeartRateBpm><Value>122</Value></HeartRateBpm><Extensions><ns3:TPX><ns3:Speed>0.0</ns3:Speed></ns3:TPX></Extensions></Trackpoint><Trackpoint><Time>2026-01-05T16:26:30Z</Time><HeartRateBpm><Value>120</Value></HeartRateBpm><Extensions><ns3:TPX><ns3:Speed>0.0</ns3:Speed></ns3:TPX></Extensions></Trackpoint><Trackpoint><Time>2026-01-05T16:26:31Z</Time><HeartRateBpm><Value>118</Value></HeartRateBpm><Extensions><ns3:TPX><ns3:Speed>0.0</ns3:Speed></ns3:TPX></Extensions></Trackpoint><Trackpoint><Time>2026-01-05T16:26:36Z</Time><HeartRateBpm><Value>118</Value></HeartRateBpm><Extensions><ns3:TPX><ns3:Speed>0.0</ns3:Speed></ns3:TPX></Extensions></Trackpoint><Trackpoint><Time>2026-01-05T16:26:37Z</Time><HeartRateBpm><Value>119</Value></HeartRateBpm><Extensions><ns3:TPX><ns3:Speed>0.0</ns3:Speed></ns3:TPX></Extensions></Trackpoint><Trackpoint><Time>2026-01-05T16:26:42Z</Time><HeartRateBpm><Value>119</Value></HeartRateBpm><Extensions><ns3:TPX><ns3:Speed>0.0</ns3:Speed></ns3:TPX></Extensions></Trackpoint><Trackpoint><Time>2026-01-05T16:26:46Z</Time><HeartRateBpm><Value>118</Value></HeartRateBpm><Extensions><ns3:TPX><ns3:Speed>0.0</ns3:Speed></ns3:TPX></Extensions></Trackpoint><Trackpoint><Time>2026-01-05T16:26:50Z</Time><HeartRateBpm><Value>117</Value></HeartRateBpm><Extensions><ns3:TPX><ns3:Speed>0.0</ns3:Speed></ns3:TPX></Extensions></Trackpoint><Trackpoint><Time>2026-01-05T16:26:54Z</Time><HeartRateBpm><Value>118</Value></HeartRateBpm><Extensions><ns3:TPX><ns3:Speed>0.0</ns3:Speed></ns3:TPX></Extensions></Trackpoint><Trackpoint><Time>2026-01-05T16:26:55Z</Time><HeartRateBpm><Value>119</Value></HeartRateBpm><Extensions><ns3:TPX><ns3:Speed>0.0</ns3:Speed></ns3:TPX></Extensions></Trackpoint><Trackpoint><Time>2026-01-05T16:26:56Z</Time><HeartRateBpm><Value>120</Value></HeartRateBpm><Extensions><ns3:TPX><ns3:Speed>0.0</ns3:Speed></ns3:TPX></Extensions></Trackpoint><Trackpoint><Time>2026-01-05T16:27:01Z</Time><HeartRateBpm><Value>121</Value></HeartRateBpm><Extensions><ns3:TPX><ns3:Speed>0.0</ns3:Speed></ns3:TPX></Extensions></Trackpoint><Trackpoint><Time>2026-01-05T16:27:06Z</Time><HeartRateBpm><Value>120</Value></HeartRateBpm><Extensions><ns3:TPX><ns3:Speed>0.0</ns3:Speed></ns3:TPX></Extensions></Trackpoint><Trackpoint><Time>2026-01-05T16:27:11Z</Time><HeartRateBpm><Value>121</Value></HeartRateBpm><Extensions><ns3:TPX><ns3:Speed>0.0</ns3:Speed></ns3:TPX></Extensions></Trackpoint><Trackpoint><Time>2026-01-05T16:27:13Z</Time><HeartRateBpm><Value>120</Value></HeartRateBpm><Extensions><ns3:TPX><ns3:Speed>0.0</ns3:Speed></ns3:TPX></Extensions></Trackpoint><Trackpoint><Time>2026-01-05T16:27:17Z</Time><HeartRateBpm><Value>123</Value></HeartRateBpm><Extensions><ns3:TPX><ns3:Speed>0.0</ns3:Speed></ns3:TPX></Extensions></Trackpoint><Trackpoint><Time>2026-01-05T16:27:18Z</Time><HeartRateBpm><Value>124</Value></HeartRateBpm><Extensions><ns3:TPX><ns3:Speed>0.0</ns3:Speed></ns3:TPX></Extensions></Trackpoint><Trackpoint><Time>2026-01-05T16:27:20Z</Time><HeartRateBpm><Value>126</Value></HeartRateBpm><Extensions><ns3:TPX><ns3:Speed>0.0</ns3:Speed></ns3:TPX></Extensions></Trackpoint><Trackpoint><Time>2026-01-05T16:27:22Z</Time><HeartRateBpm><Value>127</Value></HeartRateBpm><Extensions><ns3:TPX><ns3:Speed>0.0</ns3:Speed></ns3:TPX></Extensions></Trackpoint><Trackpoint><Time>2026-01-05T16:27:28Z</Time><HeartRateBpm><Value>127</Value></HeartRateBpm><Extensions><ns3:TPX><ns3:Speed>0.0</ns3:Speed></ns3:TPX></Extensions></Trackpoint><Trackpoint><Time>2026-01-05T16:27:34Z</Time><HeartRateBpm><Value>127</Value></HeartRateBpm><Extensions><ns3:TPX><ns3:Speed>0.0</ns3:Speed></ns3:TPX></Extensions></Trackpoint><Trackpoint><Time>2026-01-05T16:27:38Z</Time><HeartRateBpm><Value>129</Value></HeartRateBpm><Extensions><ns3:TPX><ns3:Speed>0.0</ns3:Speed></ns3:TPX></Extensions></Trackpoint><Trackpoint><Time>2026-01-05T16:27:39Z</Time><HeartRateBpm><Value>130</Value></HeartRateBpm><Extensions><ns3:TPX><ns3:Speed>0.0</ns3:Speed></ns3:TPX></Extensions></Trackpoint><Trackpoint><Time>2026-01-05T16:27:43Z</Time><HeartRateBpm><Value>129</Value></HeartRateBpm><Extensions><ns3:TPX><ns3:Speed>0.0</ns3:Speed></ns3:TPX></Extensions></Trackpoint><Trackpoint><Time>2026-01-05T16:27:47Z</Time><HeartRateBpm><Value>128</Value></HeartRateBpm><Extensions><ns3:TPX><ns3:Speed>0.0</ns3:Speed></ns3:TPX></Extensions></Trackpoint><Trackpoint><Time>2026-01-05T16:27:48Z</Time><HeartRateBpm><Value>130</Value></HeartRateBpm><Extensions><ns3:TPX><ns3:Speed>0.0</ns3:Speed></ns3:TPX></Extensions></Trackpoint><Trackpoint><Time>2026-01-05T16:27:50Z</Time><HeartRateBpm><Value>131</Value></HeartRateBpm><Extensions><ns3:TPX><ns3:Speed>0.0</ns3:Speed></ns3:TPX></Extensions></Trackpoint><Trackpoint><Time>2026-01-05T16:27:55Z</Time><HeartRateBpm><Value>131</Value></HeartRateBpm><Extensions><ns3:TPX><ns3:Speed>0.0</ns3:Speed></ns3:TPX></Extensions></Trackpoint><Trackpoint><Time>2026-01-05T16:27:56Z</Time><HeartRateBpm><Value>130</Value></HeartRateBpm><Extensions><ns3:TPX><ns3:Speed>0.0</ns3:Speed></ns3:TPX></Extensions></Trackpoint><Trackpoint><Time>2026-01-05T16:28:00Z</Time><HeartRateBpm><Value>128</Value></HeartRateBpm><Extensions><ns3:TPX><ns3:Speed>0.0</ns3:Speed></ns3:TPX></Extensions></Trackpoint><Trackpoint><Time>2026-01-05T16:28:01Z</Time><HeartRateBpm><Value>127</Value></HeartRateBpm><Extensions><ns3:TPX><ns3:Speed>0.0</ns3:Speed></ns3:TPX></Extensions></Trackpoint><Trackpoint><Time>2026-01-05T16:28:02Z</Time><HeartRateBpm><Value>126</Value></HeartRateBpm><Extensions><ns3:TPX><ns3:Speed>0.0</ns3:Speed></ns3:TPX></Extensions></Trackpoint><Trackpoint><Time>2026-01-05T16:28:07Z</Time><HeartRateBpm><Value>126</Value></HeartRateBpm><Extensions><ns3:TPX><ns3:Speed>0.0</ns3:Speed></ns3:TPX></Extensions></Trackpoint><Trackpoint><Time>2026-01-05T16:28:11Z</Time><HeartRateBpm><Value>127</Value></HeartRateBpm><Extensions><ns3:TPX><ns3:Speed>0.0</ns3:Speed></ns3:TPX></Extensions></Trackpoint><Trackpoint><Time>2026-01-05T16:28:12Z</Time><HeartRateBpm><Value>129</Value></HeartRateBpm><Extensions><ns3:TPX><ns3:Speed>0.0</ns3:Speed></ns3:TPX></Extensions></Trackpoint><Trackpoint><Time>2026-01-05T16:28:17Z</Time><HeartRateBpm><Value>129</Value></HeartRateBpm><Extensions><ns3:TPX><ns3:Speed>0.0</ns3:Speed></ns3:TPX></Extensions></Trackpoint><Trackpoint><Time>2026-01-05T16:28:18Z</Time><HeartRateBpm><Value>130</Value></HeartRateBpm><Extensions><ns3:TPX><ns3:Speed>0.0</ns3:Speed></ns3:TPX></Extensions></Trackpoint><Trackpoint><Time>2026-01-05T16:28:21Z</Time><HeartRateBpm><Value>131</Value></HeartRateBpm><Extensions><ns3:TPX><ns3:Speed>0.0</ns3:Speed></ns3:TPX></Extensions></Trackpoint><Trackpoint><Time>2026-01-05T16:28:26Z</Time><HeartRateBpm><Value>131</Value></HeartRateBpm><Extensions><ns3:TPX><ns3:Speed>0.0</ns3:Speed></ns3:TPX></Extensions></Trackpoint><Trackpoint><Time>2026-01-05T16:28:29Z</Time><HeartRateBpm><Value>132</Value></HeartRateBpm><Extensions><ns3:TPX><ns3:Speed>0.0</ns3:Speed></ns3:TPX></Extensions></Trackpoint><Trackpoint><Time>2026-01-05T16:28:32Z</Time><HeartRateBpm><Value>133</Value></HeartRateBpm><Extensions><ns3:TPX><ns3:Speed>0.0</ns3:Speed></ns3:TPX></Extensions></Trackpoint><Trackpoint><Time>2026-01-05T16:28:35Z</Time><HeartRateBpm><Value>134</Value></HeartRateBpm><Extensions><ns3:TPX><ns3:Speed>0.0</ns3:Speed></ns3:TPX></Extensions></Trackpoint><Trackpoint><Time>2026-01-05T16:28:39Z</Time><HeartRateBpm><Value>134</Value></HeartRateBpm><Extensions><ns3:TPX><ns3:Speed>0.0</ns3:Speed></ns3:TPX></Extensions></Trackpoint><Trackpoint><Time>2026-01-05T16:28:40Z</Time><HeartRateBpm><Value>132</Value></HeartRateBpm><Extensions><ns3:TPX><ns3:Speed>0.0</ns3:Speed></ns3:TPX></Extensions></Trackpoint><Trackpoint><Time>2026-01-05T16:28:42Z</Time><HeartRateBpm><Value>131</Value></HeartRateBpm><Extensions><ns3:TPX><ns3:Speed>0.0</ns3:Speed></ns3:TPX></Extensions></Trackpoint><Trackpoint><Time>2026-01-05T16:28:43Z</Time><HeartRateBpm><Value>129</Value></HeartRateBpm><Extensions><ns3:TPX><ns3:Speed>0.0</ns3:Speed></ns3:TPX></Extensions></Trackpoint><Trackpoint><Time>2026-01-05T16:28:48Z</Time><HeartRateBpm><Value>129</Value></HeartRateBpm><Extensions><ns3:TPX><ns3:Speed>0.0</ns3:Speed></ns3:TPX></Extensions></Trackpoint><Trackpoint><Time>2026-01-05T16:28:49Z</Time><HeartRateBpm><Value>128</Value></HeartRateBpm><Extensions><ns3:TPX><ns3:Speed>0.0</ns3:Speed></ns3:TPX></Extensions></Trackpoint><Trackpoint><Time>2026-01-05T16:28:50Z</Time><HeartRateBpm><Value>127</Value></HeartRateBpm><Extensions><ns3:TPX><ns3:Speed>0.0</ns3:Speed></ns3:TPX></Extensions></Trackpoint><Trackpoint><Time>2026-01-05T16:28:55Z</Time><HeartRateBpm><Value>127</Value></HeartRateBpm><Extensions><ns3:TPX><ns3:Speed>0.0</ns3:Speed></ns3:TPX></Extensions></Trackpoint><Trackpoint><Time>2026-01-05T16:29:00Z</Time><HeartRateBpm><Value>127</Value></HeartRateBpm><Extensions><ns3:TPX><ns3:Speed>0.0</ns3:Speed></ns3:TPX></Extensions></Trackpoint><Trackpoint><Time>2026-01-05T16:29:01Z</Time><HeartRateBpm><Value>124</Value></HeartRateBpm><Extensions><ns3:TPX><ns3:Speed>0.0</ns3:Speed></ns3:TPX></Extensions></Trackpoint><Trackpoint><Time>2026-01-05T16:29:03Z</Time><HeartRateBpm><Value>123</Value></HeartRateBpm><Extensions><ns3:TPX><ns3:Speed>0.0</ns3:Speed></ns3:TPX></Extensions></Trackpoint><Trackpoint><Time>2026-01-05T16:29:06Z</Time><HeartRateBpm><Value>124</Value></HeartRateBpm><Extensions><ns3:TPX><ns3:Speed>0.0</ns3:Speed></ns3:TPX></Extensions></Trackpoint><Trackpoint><Time>2026-01-05T16:29:12Z</Time><HeartRateBpm><Value>125</Value></HeartRateBpm><Extensions><ns3:TPX><ns3:Speed>0.0</ns3:Speed></ns3:TPX></Extensions></Trackpoint><Trackpoint><Time>2026-01-05T16:29:13Z</Time><HeartRateBpm><Value>124</Value></HeartRateBpm><Extensions><ns3:TPX><ns3:Speed>0.0</ns3:Speed></ns3:TPX></Extensions></Trackpoint><Trackpoint><Time>2026-01-05T16:29:18Z</Time><HeartRateBpm><Value>123</Value></HeartRateBpm><Extensions><ns3:TPX><ns3:Speed>0.0</ns3:Speed></ns3:TPX></Extensions></Trackpoint><Trackpoint><Time>2026-01-05T16:29:19Z</Time><HeartRateBpm><Value>121</Value></HeartRateBpm><Extensions><ns3:TPX><ns3:Speed>0.0</ns3:Speed></ns3:TPX></Extensions></Trackpoint><Trackpoint><Time>2026-01-05T16:29:20Z</Time><HeartRateBpm><Value>118</Value></HeartRateBpm><Extensions><ns3:TPX><ns3:Speed>0.0</ns3:Speed></ns3:TPX></Extensions></Trackpoint><Trackpoint><Time>2026-01-05T16:29:22Z</Time><HeartRateBpm><Value>119</Value></HeartRateBpm><Extensions><ns3:TPX><ns3:Speed>0.0</ns3:Speed></ns3:TPX></Extensions></Trackpoint><Trackpoint><Time>2026-01-05T16:29:27Z</Time><HeartRateBpm><Value>118</Value></HeartRateBpm><Extensions><ns3:TPX><ns3:Speed>0.0</ns3:Speed></ns3:TPX></Extensions></Trackpoint><Trackpoint><Time>2026-01-05T16:29:32Z</Time><HeartRateBpm><Value>119</Value></HeartRateBpm><Extensions><ns3:TPX><ns3:Speed>0.0</ns3:Speed></ns3:TPX></Extensions></Trackpoint><Trackpoint><Time>2026-01-05T16:29:33Z</Time><HeartRateBpm><Value>118</Value></HeartRateBpm><Extensions><ns3:TPX><ns3:Speed>0.0</ns3:Speed></ns3:TPX></Extensions></Trackpoint><Trackpoint><Time>2026-01-05T16:29:38Z</Time><HeartRateBpm><Value>117</Value></HeartRateBpm><Extensions><ns3:TPX><ns3:Speed>0.0</ns3:Speed></ns3:TPX></Extensions></Trackpoint><Trackpoint><Time>2026-01-05T16:29:41Z</Time><HeartRateBpm><Value>116</Value></HeartRateBpm><Extensions><ns3:TPX><ns3:Speed>0.0</ns3:Speed></ns3:TPX></Extensions></Trackpoint><Trackpoint><Time>2026-01-05T16:29:44Z</Time><HeartRateBpm><Value>115</Value></HeartRateBpm><Extensions><ns3:TPX><ns3:Speed>0.0</ns3:Speed></ns3:TPX></Extensions></Trackpoint><Trackpoint><Time>2026-01-05T16:29:46Z</Time><HeartRateBpm><Value>114</Value></HeartRateBpm><Extensions><ns3:TPX><ns3:Speed>0.0</ns3:Speed></ns3:TPX></Extensions></Trackpoint><Trackpoint><Time>2026-01-05T16:29:50Z</Time><HeartRateBpm><Value>114</Value></HeartRateBpm><Extensions><ns3:TPX><ns3:Speed>0.0</ns3:Speed></ns3:TPX></Extensions></Trackpoint><Trackpoint><Time>2026-01-05T16:29:51Z</Time><HeartRateBpm><Value>113</Value></HeartRateBpm><Extensions><ns3:TPX><ns3:Speed>0.0</ns3:Speed></ns3:TPX></Extensions></Trackpoint><Trackpoint><Time>2026-01-05T16:29:55Z</Time><HeartRateBpm><Value>114</Value></HeartRateBpm><Extensions><ns3:TPX><ns3:Speed>0.0</ns3:Speed></ns3:TPX></Extensions></Trackpoint><Trackpoint><Time>2026-01-05T16:29:56Z</Time><HeartRateBpm><Value>115</Value></HeartRateBpm><Extensions><ns3:TPX><ns3:Speed>0.0</ns3:Speed></ns3:TPX></Extensions></Trackpoint><Trackpoint><Time>2026-01-05T16:29:57Z</Time><HeartRateBpm><Value>114</Value></HeartRateBpm><Extensions><ns3:TPX><ns3:Speed>0.0</ns3:Speed></ns3:TPX></Extensions></Trackpoint><Trackpoint><Time>2026-01-05T16:29:58Z</Time><HeartRateBpm><Value>113</Value></HeartRateBpm><Extensions><ns3:TPX><ns3:Speed>0.0</ns3:Speed></ns3:TPX></Extensions></Trackpoint><Trackpoint><Time>2026-01-05T16:30:00Z</Time><HeartRateBpm><Value>112</Value></HeartRateBpm><Extensions><ns3:TPX><ns3:Speed>0.0</ns3:Speed></ns3:TPX></Extensions></Trackpoint><Trackpoint><Time>2026-01-05T16:30:01Z</Time><HeartRateBpm><Value>111</Value></HeartRateBpm><Extensions><ns3:TPX><ns3:Speed>0.0</ns3:Speed></ns3:TPX></Extensions></Trackpoint><Trackpoint><Time>2026-01-05T16:30:06Z</Time><HeartRateBpm><Value>111</Value></HeartRateBpm><Extensions><ns3:TPX><ns3:Speed>0.0</ns3:Speed></ns3:TPX></Extensions></Trackpoint><Trackpoint><Time>2026-01-05T16:30:07Z</Time><HeartRateBpm><Value>110</Value></HeartRateBpm><Extensions><ns3:TPX><ns3:Speed>0.0</ns3:Speed></ns3:TPX></Extensions></Trackpoint><Trackpoint><Time>2026-01-05T16:30:08Z</Time><HeartRateBpm><Value>109</Value></HeartRateBpm><Extensions><ns3:TPX><ns3:Speed>0.0</ns3:Speed></ns3:TPX></Extensions></Trackpoint><Trackpoint><Time>2026-01-05T16:30:13Z</Time><HeartRateBpm><Value>109</Value></HeartRateBpm><Extensions><ns3:TPX><ns3:Speed>0.0</ns3:Speed></ns3:TPX></Extensions></Trackpoint><Trackpoint><Time>2026-01-05T16:30:14Z</Time><HeartRateBpm><Value>110</Value></HeartRateBpm><Extensions><ns3:TPX><ns3:Speed>0.0</ns3:Speed></ns3:TPX></Extensions></Trackpoint><Trackpoint><Time>2026-01-05T16:30:18Z</Time><HeartRateBpm><Value>109</Value></HeartRateBpm><Extensions><ns3:TPX><ns3:Speed>0.0</ns3:Speed></ns3:TPX></Extensions></Trackpoint><Trackpoint><Time>2026-01-05T16:30:19Z</Time><HeartRateBpm><Value>110</Value></HeartRateBpm><Extensions><ns3:TPX><ns3:Speed>0.0</ns3:Speed></ns3:TPX></Extensions></Trackpoint><Trackpoint><Time>2026-01-05T16:30:24Z</Time><HeartRateBpm><Value>110</Value></HeartRateBpm><Extensions><ns3:TPX><ns3:Speed>0.0</ns3:Speed></ns3:TPX></Extensions></Trackpoint><Trackpoint><Time>2026-01-05T16:30:27Z</Time><HeartRateBpm><Value>111</Value></HeartRateBpm><Extensions><ns3:TPX><ns3:Speed>0.0</ns3:Speed></ns3:TPX></Extensions></Trackpoint><Trackpoint><Time>2026-01-05T16:30:28Z</Time><HeartRateBpm><Value>112</Value></HeartRateBpm><Extensions><ns3:TPX><ns3:Speed>0.0</ns3:Speed></ns3:TPX></Extensions></Trackpoint><Trackpoint><Time>2026-01-05T16:30:31Z</Time><HeartRateBpm><Value>111</Value></HeartRateBpm><Extensions><ns3:TPX><ns3:Speed>0.0</ns3:Speed></ns3:TPX></Extensions></Trackpoint><Trackpoint><Time>2026-01-05T16:30:32Z</Time><HeartRateBpm><Value>112</Value></HeartRateBpm><Extensions><ns3:TPX><ns3:Speed>0.0</ns3:Speed></ns3:TPX></Extensions></Trackpoint><Trackpoint><Time>2026-01-05T16:30:37Z</Time><HeartRateBpm><Value>112</Value></HeartRateBpm><Extensions><ns3:TPX><ns3:Speed>0.0</ns3:Speed></ns3:TPX></Extensions></Trackpoint><Trackpoint><Time>2026-01-05T16:30:43Z</Time><HeartRateBpm><Value>113</Value></HeartRateBpm><Extensions><ns3:TPX><ns3:Speed>0.0</ns3:Speed></ns3:TPX></Extensions></Trackpoint><Trackpoint><Time>2026-01-05T16:30:49Z</Time><HeartRateBpm><Value>112</Value></HeartRateBpm><Extensions><ns3:TPX><ns3:Speed>0.0</ns3:Speed></ns3:TPX></Extensions></Trackpoint><Trackpoint><Time>2026-01-05T16:30:54Z</Time><HeartRateBpm><Value>112</Value></HeartRateBpm><Extensions><ns3:TPX><ns3:Speed>0.0</ns3:Speed></ns3:TPX></Extensions></Trackpoint><Trackpoint><Time>2026-01-05T16:30:55Z</Time><HeartRateBpm><Value>113</Value></HeartRateBpm><Extensions><ns3:TPX><ns3:Speed>0.0</ns3:Speed></ns3:TPX></Extensions></Trackpoint><Trackpoint><Time>2026-01-05T16:30:57Z</Time><HeartRateBpm><Value>114</Value></HeartRateBpm><Extensions><ns3:TPX><ns3:Speed>0.0</ns3:Speed></ns3:TPX></Extensions></Trackpoint><Trackpoint><Time>2026-01-05T16:30:58Z</Time><HeartRateBpm><Value>115</Value></HeartRateBpm><Extensions><ns3:TPX><ns3:Speed>0.0</ns3:Speed></ns3:TPX></Extensions></Trackpoint><Trackpoint><Time>2026-01-05T16:31:01Z</Time><HeartRateBpm><Value>114</Value></HeartRateBpm><Extensions><ns3:TPX><ns3:Speed>0.0</ns3:Speed></ns3:TPX></Extensions></Trackpoint><Trackpoint><Time>2026-01-05T16:31:07Z</Time><HeartRateBpm><Value>114</Value></HeartRateBpm><Extensions><ns3:TPX><ns3:Speed>0.0</ns3:Speed></ns3:TPX></Extensions></Trackpoint><Trackpoint><Time>2026-01-05T16:31:13Z</Time><HeartRateBpm><Value>114</Value></HeartRateBpm><Extensions><ns3:TPX><ns3:Speed>0.0</ns3:Speed></ns3:TPX></Extensions></Trackpoint><Trackpoint><Time>2026-01-05T16:31:19Z</Time><HeartRateBpm><Value>114</Value></HeartRateBpm><Extensions><ns3:TPX><ns3:Speed>0.0</ns3:Speed></ns3:TPX></Extensions></Trackpoint><Trackpoint><Time>2026-01-05T16:31:21Z</Time><HeartRateBpm><Value>113</Value></HeartRateBpm><Extensions><ns3:TPX><ns3:Speed>0.0</ns3:Speed></ns3:TPX></Extensions></Trackpoint><Trackpoint><Time>2026-01-05T16:31:23Z</Time><HeartRateBpm><Value>112</Value></HeartRateBpm><Extensions><ns3:TPX><ns3:Speed>0.0</ns3:Speed></ns3:TPX></Extensions></Trackpoint><Trackpoint><Time>2026-01-05T16:31:25Z</Time><HeartRateBpm><Value>110</Value></HeartRateBpm><Extensions><ns3:TPX><ns3:Speed>0.0</ns3:Speed></ns3:TPX></Extensions></Trackpoint><Trackpoint><Time>2026-01-05T16:31:27Z</Time><HeartRateBpm><Value>111</Value></HeartRateBpm><Extensions><ns3:TPX><ns3:Speed>0.0</ns3:Speed></ns3:TPX></Extensions></Trackpoint><Trackpoint><Time>2026-01-05T16:31:32Z</Time><HeartRateBpm><Value>110</Value></HeartRateBpm><Extensions><ns3:TPX><ns3:Speed>0.0</ns3:Speed></ns3:TPX></Extensions></Trackpoint><Trackpoint><Time>2026-01-05T16:31:35Z</Time><HeartRateBpm><Value>109</Value></HeartRateBpm><Extensions><ns3:TPX><ns3:Speed>0.0</ns3:Speed></ns3:TPX></Extensions></Trackpoint><Trackpoint><Time>2026-01-05T16:31:37Z</Time><HeartRateBpm><Value>108</Value></HeartRateBpm><Extensions><ns3:TPX><ns3:Speed>0.0</ns3:Speed></ns3:TPX></Extensions></Trackpoint><Trackpoint><Time>2026-01-05T16:31:43Z</Time><HeartRateBpm><Value>107</Value></HeartRateBpm><Extensions><ns3:TPX><ns3:Speed>0.0</ns3:Speed></ns3:TPX></Extensions></Trackpoint><Trackpoint><Time>2026-01-05T16:31:49Z</Time><HeartRateBpm><Value>107</Value></HeartRateBpm><Extensions><ns3:TPX><ns3:Speed>0.0</ns3:Speed></ns3:TPX></Extensions></Trackpoint><Trackpoint><Time>2026-01-05T16:31:51Z</Time><HeartRateBpm><Value>108</Value></HeartRateBpm><Extensions><ns3:TPX><ns3:Speed>0.0</ns3:Speed></ns3:TPX></Extensions></Trackpoint><Trackpoint><Time>2026-01-05T16:31:56Z</Time><HeartRateBpm><Value>108</Value></HeartRateBpm><Extensions><ns3:TPX><ns3:Speed>0.0</ns3:Speed></ns3:TPX></Extensions></Trackpoint><Trackpoint><Time>2026-01-05T16:31:57Z</Time><HeartRateBpm><Value>109</Value></HeartRateBpm><Extensions><ns3:TPX><ns3:Speed>0.0</ns3:Speed></ns3:TPX></Extensions></Trackpoint><Trackpoint><Time>2026-01-05T16:31:58Z</Time><HeartRateBpm><Value>110</Value></HeartRateBpm><Extensions><ns3:TPX><ns3:Speed>0.0</ns3:Speed></ns3:TPX></Extensions></Trackpoint><Trackpoint><Time>2026-01-05T16:32:01Z</Time><HeartRateBpm><Value>111</Value></HeartRateBpm><Extensions><ns3:TPX><ns3:Speed>0.0</ns3:Speed></ns3:TPX></Extensions></Trackpoint><Trackpoint><Time>2026-01-05T16:32:07Z</Time><HeartRateBpm><Value>110</Value></HeartRateBpm><Extensions><ns3:TPX><ns3:Speed>0.0</ns3:Speed></ns3:TPX></Extensions></Trackpoint><Trackpoint><Time>2026-01-05T16:32:08Z</Time><HeartRateBpm><Value>109</Value></HeartRateBpm><Extensions><ns3:TPX><ns3:Speed>0.0</ns3:Speed></ns3:TPX></Extensions></Trackpoint><Trackpoint><Time>2026-01-05T16:32:11Z</Time><HeartRateBpm><Value>108</Value></HeartRateBpm><Extensions><ns3:TPX><ns3:Speed>0.0</ns3:Speed></ns3:TPX></Extensions></Trackpoint><Trackpoint><Time>2026-01-05T16:32:14Z</Time><HeartRateBpm><Value>107</Value></HeartRateBpm><Extensions><ns3:TPX><ns3:Speed>0.0</ns3:Speed></ns3:TPX></Extensions></Trackpoint><Trackpoint><Time>2026-01-05T16:32:20Z</Time><HeartRateBpm><Value>107</Value></HeartRateBpm><Extensions><ns3:TPX><ns3:Speed>0.0</ns3:Speed></ns3:TPX></Extensions></Trackpoint><Trackpoint><Time>2026-01-05T16:32:21Z</Time><HeartRateBpm><Value>108</Value></HeartRateBpm><Extensions><ns3:TPX><ns3:Speed>0.0</ns3:Speed></ns3:TPX></Extensions></Trackpoint><Trackpoint><Time>2026-01-05T16:32:23Z</Time><HeartRateBpm><Value>107</Value></HeartRateBpm><Extensions><ns3:TPX><ns3:Speed>0.0</ns3:Speed></ns3:TPX></Extensions></Trackpoint><Trackpoint><Time>2026-01-05T16:32:24Z</Time><HeartRateBpm><Value>106</Value></HeartRateBpm><Extensions><ns3:TPX><ns3:Speed>0.0</ns3:Speed></ns3:TPX></Extensions></Trackpoint><Trackpoint><Time>2026-01-05T16:32:29Z</Time><HeartRateBpm><Value>105</Value></HeartRateBpm><Extensions><ns3:TPX><ns3:Speed>0.0</ns3:Speed></ns3:TPX></Extensions></Trackpoint><Trackpoint><Time>2026-01-05T16:32:30Z</Time><HeartRateBpm><Value>104</Value></HeartRateBpm><Extensions><ns3:TPX><ns3:Speed>0.0</ns3:Speed></ns3:TPX></Extensions></Trackpoint><Trackpoint><Time>2026-01-05T16:32:35Z</Time><HeartRateBpm><Value>104</Value></HeartRateBpm><Extensions><ns3:TPX><ns3:Speed>0.0</ns3:Speed></ns3:TPX></Extensions></Trackpoint><Trackpoint><Time>2026-01-05T16:32:36Z</Time><HeartRateBpm><Value>102</Value></HeartRateBpm><Extensions><ns3:TPX><ns3:Speed>0.0</ns3:Speed></ns3:TPX></Extensions></Trackpoint><Trackpoint><Time>2026-01-05T16:32:41Z</Time><HeartRateBpm><Value>102</Value></HeartRateBpm><Extensions><ns3:TPX><ns3:Speed>0.0</ns3:Speed></ns3:TPX></Extensions></Trackpoint><Trackpoint><Time>2026-01-05T16:32:46Z</Time><HeartRateBpm><Value>103</Value></HeartRateBpm><Extensions><ns3:TPX><ns3:Speed>0.0</ns3:Speed></ns3:TPX></Extensions></Trackpoint><Trackpoint><Time>2026-01-05T16:32:47Z</Time><HeartRateBpm><Value>104</Value></HeartRateBpm><Extensions><ns3:TPX><ns3:Speed>0.0</ns3:Speed></ns3:TPX></Extensions></Trackpoint><Trackpoint><Time>2026-01-05T16:32:49Z</Time><HeartRateBpm><Value>105</Value></HeartRateBpm><Extensions><ns3:TPX><ns3:Speed>0.0</ns3:Speed></ns3:TPX></Extensions></Trackpoint><Trackpoint><Time>2026-01-05T16:32:51Z</Time><HeartRateBpm><Value>106</Value></HeartRateBpm><Extensions><ns3:TPX><ns3:Speed>0.0</ns3:Speed></ns3:TPX></Extensions></Trackpoint><Trackpoint><Time>2026-01-05T16:32:52Z</Time><HeartRateBpm><Value>107</Value></HeartRateBpm><Extensions><ns3:TPX><ns3:Speed>0.0</ns3:Speed></ns3:TPX></Extensions></Trackpoint><Trackpoint><Time>2026-01-05T16:32:57Z</Time><HeartRateBpm><Value>107</Value></HeartRateBpm><Extensions><ns3:TPX><ns3:Speed>0.0</ns3:Speed></ns3:TPX></Extensions></Trackpoint><Trackpoint><Time>2026-01-05T16:33:02Z</Time><HeartRateBpm><Value>107</Value></HeartRateBpm><Extensions><ns3:TPX><ns3:Speed>0.0</ns3:Speed></ns3:TPX></Extensions></Trackpoint><Trackpoint><Time>2026-01-05T16:33:03Z</Time><HeartRateBpm><Value>106</Value></HeartRateBpm><Extensions><ns3:TPX><ns3:Speed>0.0</ns3:Speed></ns3:TPX></Extensions></Trackpoint><Trackpoint><Time>2026-01-05T16:33:08Z</Time><HeartRateBpm><Value>106</Value></HeartRateBpm><Extensions><ns3:TPX><ns3:Speed>0.0</ns3:Speed></ns3:TPX></Extensions></Trackpoint><Trackpoint><Time>2026-01-05T16:33:09Z</Time><HeartRateBpm><Value>105</Value></HeartRateBpm><Extensions><ns3:TPX><ns3:Speed>0.0</ns3:Speed></ns3:TPX></Extensions></Trackpoint><Trackpoint><Time>2026-01-05T16:33:14Z</Time><HeartRateBpm><Value>105</Value></HeartRateBpm><Extensions><ns3:TPX><ns3:Speed>0.0</ns3:Speed></ns3:TPX></Extensions></Trackpoint><Trackpoint><Time>2026-01-05T16:33:20Z</Time><HeartRateBpm><Value>104</Value></HeartRateBpm><Extensions><ns3:TPX><ns3:Speed>0.0</ns3:Speed></ns3:TPX></Extensions></Trackpoint><Trackpoint><Time>2026-01-05T16:33:23Z</Time><HeartRateBpm><Value>105</Value></HeartRateBpm><Extensions><ns3:TPX><ns3:Speed>0.0</ns3:Speed></ns3:TPX></Extensions></Trackpoint><Trackpoint><Time>2026-01-05T16:33:24Z</Time><HeartRateBpm><Value>104</Value></HeartRateBpm><Extensions><ns3:TPX><ns3:Speed>0.0</ns3:Speed></ns3:TPX></Extensions></Trackpoint><Trackpoint><Time>2026-01-05T16:33:25Z</Time><HeartRateBpm><Value>103</Value></HeartRateBpm><Extensions><ns3:TPX><ns3:Speed>0.0</ns3:Speed></ns3:TPX></Extensions></Trackpoint><Trackpoint><Time>2026-01-05T16:33:29Z</Time><HeartRateBpm><Value>102</Value></HeartRateBpm><Extensions><ns3:TPX><ns3:Speed>0.0</ns3:Speed></ns3:TPX></Extensions></Trackpoint><Trackpoint><Time>2026-01-05T16:33:30Z</Time><HeartRateBpm><Value>101</Value></HeartRateBpm><Extensions><ns3:TPX><ns3:Speed>0.0</ns3:Speed></ns3:TPX></Extensions></Trackpoint><Trackpoint><Time>2026-01-05T16:33:31Z</Time><HeartRateBpm><Value>100</Value></HeartRateBpm><Extensions><ns3:TPX><ns3:Speed>0.0</ns3:Speed></ns3:TPX></Extensions></Trackpoint><Trackpoint><Time>2026-01-05T16:33:36Z</Time><HeartRateBpm><Value>100</Value></HeartRateBpm><Extensions><ns3:TPX><ns3:Speed>0.0</ns3:Speed></ns3:TPX></Extensions></Trackpoint><Trackpoint><Time>2026-01-05T16:33:40Z</Time><HeartRateBpm><Value>101</Value></HeartRateBpm><Extensions><ns3:TPX><ns3:Speed>0.0</ns3:Speed></ns3:TPX></Extensions></Trackpoint><Trackpoint><Time>2026-01-05T16:33:41Z</Time><HeartRateBpm><Value>102</Value></HeartRateBpm><Extensions><ns3:TPX><ns3:Speed>0.0</ns3:Speed></ns3:TPX></Extensions></Trackpoint><Trackpoint><Time>2026-01-05T16:33:42Z</Time><HeartRateBpm><Value>103</Value></HeartRateBpm><Extensions><ns3:TPX><ns3:Speed>0.0</ns3:Speed></ns3:TPX></Extensions></Trackpoint><Trackpoint><Time>2026-01-05T16:33:43Z</Time><HeartRateBpm><Value>104</Value></HeartRateBpm><Extensions><ns3:TPX><ns3:Speed>0.0</ns3:Speed></ns3:TPX></Extensions></Trackpoint><Trackpoint><Time>2026-01-05T16:33:49Z</Time><HeartRateBpm><Value>104</Value></HeartRateBpm><Extensions><ns3:TPX><ns3:Speed>0.0</ns3:Speed></ns3:TPX></Extensions></Trackpoint><Trackpoint><Time>2026-01-05T16:33:53Z</Time><HeartRateBpm><Value>105</Value></HeartRateBpm><Extensions><ns3:TPX><ns3:Speed>0.0</ns3:Speed></ns3:TPX></Extensions></Trackpoint><Trackpoint><Time>2026-01-05T16:33:55Z</Time><HeartRateBpm><Value>104</Value></HeartRateBpm><Extensions><ns3:TPX><ns3:Speed>0.0</ns3:Speed></ns3:TPX></Extensions></Trackpoint><Trackpoint><Time>2026-01-05T16:33:59Z</Time><HeartRateBpm><Value>103</Value></HeartRateBpm><Extensions><ns3:TPX><ns3:Speed>0.0</ns3:Speed></ns3:TPX></Extensions></Trackpoint><Trackpoint><Time>2026-01-05T16:34:01Z</Time><HeartRateBpm><Value>102</Value></HeartRateBpm><Extensions><ns3:TPX><ns3:Speed>0.0</ns3:Speed></ns3:TPX></Extensions></Trackpoint><Trackpoint><Time>2026-01-05T16:34:02Z</Time><HeartRateBpm><Value>100</Value></HeartRateBpm><Extensions><ns3:TPX><ns3:Speed>0.0</ns3:Speed></ns3:TPX></Extensions></Trackpoint><Trackpoint><Time>2026-01-05T16:34:03Z</Time><HeartRateBpm><Value>97</Value></HeartRateBpm><Extensions><ns3:TPX><ns3:Speed>0.0</ns3:Speed></ns3:TPX></Extensions></Trackpoint><Trackpoint><Time>2026-01-05T16:34:04Z</Time><HeartRateBpm><Value>96</Value></HeartRateBpm><Extensions><ns3:TPX><ns3:Speed>0.0</ns3:Speed></ns3:TPX></Extensions></Trackpoint><Trackpoint><Time>2026-01-05T16:34:09Z</Time><HeartRateBpm><Value>95</Value></HeartRateBpm><Extensions><ns3:TPX><ns3:Speed>0.0</ns3:Speed></ns3:TPX></Extensions></Trackpoint><Trackpoint><Time>2026-01-05T16:34:11Z</Time><HeartRateBpm><Value>94</Value></HeartRateBpm><Extensions><ns3:TPX><ns3:Speed>0.0</ns3:Speed></ns3:TPX></Extensions></Trackpoint><Trackpoint><Time>2026-01-05T16:34:12Z</Time><HeartRateBpm><Value>93</Value></HeartRateBpm><Extensions><ns3:TPX><ns3:Speed>0.0</ns3:Speed></ns3:TPX></Extensions></Trackpoint><Trackpoint><Time>2026-01-05T16:34:14Z</Time><HeartRateBpm><Value>92</Value></HeartRateBpm><Extensions><ns3:TPX><ns3:Speed>0.0</ns3:Speed></ns3:TPX></Extensions></Trackpoint><Trackpoint><Time>2026-01-05T16:34:15Z</Time><HeartRateBpm><Value>91</Value></HeartRateBpm><Extensions><ns3:TPX><ns3:Speed>0.0</ns3:Speed></ns3:TPX></Extensions></Trackpoint><Trackpoint><Time>2026-01-05T16:34:20Z</Time><HeartRateBpm><Value>90</Value></HeartRateBpm><Extensions><ns3:TPX><ns3:Speed>0.0</ns3:Speed></ns3:TPX></Extensions></Trackpoint><Trackpoint><Time>2026-01-05T16:34:21Z</Time><HeartRateBpm><Value>89</Value></HeartRateBpm><Extensions><ns3:TPX><ns3:Speed>0.0</ns3:Speed></ns3:TPX></Extensions></Trackpoint><Trackpoint><Time>2026-01-05T16:34:23Z</Time><HeartRateBpm><Value>88</Value></HeartRateBpm><Extensions><ns3:TPX><ns3:Speed>0.0</ns3:Speed></ns3:TPX></Extensions></Trackpoint><Trackpoint><Time>2026-01-05T16:34:28Z</Time><HeartRateBpm><Value>89</Value></HeartRateBpm><Extensions><ns3:TPX><ns3:Speed>0.0</ns3:Speed></ns3:TPX></Extensions></Trackpoint><Trackpoint><Time>2026-01-05T16:34:29Z</Time><HeartRateBpm><Value>91</Value></HeartRateBpm><Extensions><ns3:TPX><ns3:Speed>0.0</ns3:Speed></ns3:TPX></Extensions></Trackpoint><Trackpoint><Time>2026-01-05T16:34:30Z</Time><HeartRateBpm><Value>92</Value></HeartRateBpm><Extensions><ns3:TPX><ns3:Speed>0.0</ns3:Speed></ns3:TPX></Extensions></Trackpoint><Trackpoint><Time>2026-01-05T16:34:31Z</Time><HeartRateBpm><Value>91</Value></HeartRateBpm><Extensions><ns3:TPX><ns3:Speed>0.0</ns3:Speed></ns3:TPX></Extensions></Trackpoint><Trackpoint><Time>2026-01-05T16:34:36Z</Time><HeartRateBpm><Value>91</Value></HeartRateBpm><Extensions><ns3:TPX><ns3:Speed>0.0</ns3:Speed></ns3:TPX></Extensions></Trackpoint><Trackpoint><Time>2026-01-05T16:34:39Z</Time><HeartRateBpm><Value>92</Value></HeartRateBpm><Extensions><ns3:TPX><ns3:Speed>0.0</ns3:Speed></ns3:TPX></Extensions></Trackpoint><Trackpoint><Time>2026-01-05T16:34:40Z</Time><HeartRateBpm><Value>91</Value></HeartRateBpm><Extensions><ns3:TPX><ns3:Speed>0.0</ns3:Speed></ns3:TPX></Extensions></Trackpoint><Trackpoint><Time>2026-01-05T16:34:43Z</Time><HeartRateBpm><Value>92</Value></HeartRateBpm><Extensions><ns3:TPX><ns3:Speed>0.0</ns3:Speed></ns3:TPX></Extensions></Trackpoint><Trackpoint><Time>2026-01-05T16:34:48Z</Time><HeartRateBpm><Value>92</Value></HeartRateBpm><Extensions><ns3:TPX><ns3:Speed>0.0</ns3:Speed></ns3:TPX></Extensions></Trackpoint><Trackpoint><Time>2026-01-05T16:34:52Z</Time><HeartRateBpm><Value>91</Value></HeartRateBpm><Extensions><ns3:TPX><ns3:Speed>0.0</ns3:Speed></ns3:TPX></Extensions></Trackpoint><Trackpoint><Time>2026-01-05T16:34:54Z</Time><HeartRateBpm><Value>90</Value></HeartRateBpm><Extensions><ns3:TPX><ns3:Speed>0.0</ns3:Speed></ns3:TPX></Extensions></Trackpoint><Trackpoint><Time>2026-01-05T16:34:56Z</Time><HeartRateBpm><Value>89</Value></HeartRateBpm><Extensions><ns3:TPX><ns3:Speed>0.0</ns3:Speed></ns3:TPX></Extensions></Trackpoint><Trackpoint><Time>2026-01-05T16:34:58Z</Time><HeartRateBpm><Value>90</Value></HeartRateBpm><Extensions><ns3:TPX><ns3:Speed>0.0</ns3:Speed></ns3:TPX></Extensions></Trackpoint><Trackpoint><Time>2026-01-05T16:35:00Z</Time><HeartRateBpm><Value>91</Value></HeartRateBpm><Extensions><ns3:TPX><ns3:Speed>0.0</ns3:Speed></ns3:TPX></Extensions></Trackpoint><Trackpoint><Time>2026-01-05T16:35:03Z</Time><HeartRateBpm><Value>92</Value></HeartRateBpm><Extensions><ns3:TPX><ns3:Speed>0.0</ns3:Speed></ns3:TPX></Extensions></Trackpoint><Trackpoint><Time>2026-01-05T16:35:05Z</Time><HeartRateBpm><Value>93</Value></HeartRateBpm><Extensions><ns3:TPX><ns3:Speed>0.0</ns3:Speed></ns3:TPX></Extensions></Trackpoint><Trackpoint><Time>2026-01-05T16:35:10Z</Time><HeartRateBpm><Value>93</Value></HeartRateBpm><Extensions><ns3:TPX><ns3:Speed>0.0</ns3:Speed></ns3:TPX></Extensions></Trackpoint><Trackpoint><Time>2026-01-05T16:35:15Z</Time><HeartRateBpm><Value>93</Value></HeartRateBpm><Extensions><ns3:TPX><ns3:Speed>0.0</ns3:Speed></ns3:TPX></Extensions></Trackpoint><Trackpoint><Time>2026-01-05T16:35:16Z</Time><HeartRateBpm><Value>92</Value></HeartRateBpm><Extensions><ns3:TPX><ns3:Speed>0.0</ns3:Speed></ns3:TPX></Extensions></Trackpoint><Trackpoint><Time>2026-01-05T16:35:21Z</Time><HeartRateBpm><Value>92</Value></HeartRateBpm><Extensions><ns3:TPX><ns3:Speed>0.0</ns3:Speed></ns3:TPX></Extensions></Trackpoint><Trackpoint><Time>2026-01-05T16:35:22Z</Time><HeartRateBpm><Value>91</Value></HeartRateBpm><Extensions><ns3:TPX><ns3:Speed>0.0</ns3:Speed></ns3:TPX></Extensions></Trackpoint><Trackpoint><Time>2026-01-05T16:35:23Z</Time><HeartRateBpm><Value>90</Value></HeartRateBpm><Extensions><ns3:TPX><ns3:Speed>0.0</ns3:Speed></ns3:TPX></Extensions></Trackpoint><Trackpoint><Time>2026-01-05T16:35:24Z</Time><HeartRateBpm><Value>87</Value></HeartRateBpm><Extensions><ns3:TPX><ns3:Speed>0.0</ns3:Speed></ns3:TPX></Extensions></Trackpoint><Trackpoint><Time>2026-01-05T16:35:25Z</Time><HeartRateBpm><Value>86</Value></HeartRateBpm><Extensions><ns3:TPX><ns3:Speed>0.0</ns3:Speed></ns3:TPX></Extensions></Trackpoint><Trackpoint><Time>2026-01-05T16:35:27Z</Time><HeartRateBpm><Value>85</Value></HeartRateBpm><Extensions><ns3:TPX><ns3:Speed>0.0</ns3:Speed></ns3:TPX></Extensions></Trackpoint><Trackpoint><Time>2026-01-05T16:35:29Z</Time><HeartRateBpm><Value>86</Value></HeartRateBpm><Extensions><ns3:TPX><ns3:Speed>0.0</ns3:Speed></ns3:TPX></Extensions></Trackpoint><Trackpoint><Time>2026-01-05T16:35:30Z</Time><HeartRateBpm><Value>87</Value></HeartRateBpm><Extensions><ns3:TPX><ns3:Speed>0.0</ns3:Speed></ns3:TPX></Extensions></Trackpoint><Trackpoint><Time>2026-01-05T16:35:31Z</Time><HeartRateBpm><Value>88</Value></HeartRateBpm><Extensions><ns3:TPX><ns3:Speed>0.0</ns3:Speed></ns3:TPX></Extensions></Trackpoint><Trackpoint><Time>2026-01-05T16:35:36Z</Time><HeartRateBpm><Value>87</Value></HeartRateBpm><Extensions><ns3:TPX><ns3:Speed>0.0</ns3:Speed></ns3:TPX></Extensions></Trackpoint><Trackpoint><Time>2026-01-05T16:35:41Z</Time><HeartRateBpm><Value>87</Value></HeartRateBpm><Extensions><ns3:TPX><ns3:Speed>0.0</ns3:Speed></ns3:TPX></Extensions></Trackpoint><Trackpoint><Time>2026-01-05T16:35:43Z</Time><HeartRateBpm><Value>86</Value></HeartRateBpm><Extensions><ns3:TPX><ns3:Speed>0.0</ns3:Speed></ns3:TPX></Extensions></Trackpoint><Trackpoint><Time>2026-01-05T16:35:46Z</Time><HeartRateBpm><Value>85</Value></HeartRateBpm><Extensions><ns3:TPX><ns3:Speed>0.0</ns3:Speed></ns3:TPX></Extensions></Trackpoint><Trackpoint><Time>2026-01-05T16:35:47Z</Time><HeartRateBpm><Value>84</Value></HeartRateBpm><Extensions><ns3:TPX><ns3:Speed>0.0</ns3:Speed></ns3:TPX></Extensions></Trackpoint><Trackpoint><Time>2026-01-05T16:35:52Z</Time><HeartRateBpm><Value>84</Value></HeartRateBpm><Extensions><ns3:TPX><ns3:Speed>0.0</ns3:Speed></ns3:TPX></Extensions></Trackpoint><Trackpoint><Time>2026-01-05T16:35:56Z</Time><HeartRateBpm><Value>85</Value></HeartRateBpm><Extensions><ns3:TPX><ns3:Speed>0.0</ns3:Speed></ns3:TPX></Extensions></Trackpoint><Trackpoint><Time>2026-01-05T16:35:58Z</Time><HeartRateBpm><Value>86</Value></HeartRateBpm><Extensions><ns3:TPX><ns3:Speed>0.0</ns3:Speed></ns3:TPX></Extensions></Trackpoint><Trackpoint><Time>2026-01-05T16:35:59Z</Time><HeartRateBpm><Value>88</Value></HeartRateBpm><Extensions><ns3:TPX><ns3:Speed>0.0</ns3:Speed></ns3:TPX></Extensions></Trackpoint><Trackpoint><Time>2026-01-05T16:36:04Z</Time><HeartRateBpm><Value>88</Value></HeartRateBpm><Extensions><ns3:TPX><ns3:Speed>0.0</ns3:Speed></ns3:TPX></Extensions></Trackpoint><Trackpoint><Time>2026-01-05T16:36:07Z</Time><HeartRateBpm><Value>87</Value></HeartRateBpm><Extensions><ns3:TPX><ns3:Speed>0.0</ns3:Speed></ns3:TPX></Extensions></Trackpoint><Trackpoint><Time>2026-01-05T16:36:12Z</Time><HeartRateBpm><Value>85</Value></HeartRateBpm><Extensions><ns3:TPX><ns3:Speed>0.0</ns3:Speed></ns3:TPX></Extensions></Trackpoint><Trackpoint><Time>2026-01-05T16:36:13Z</Time><HeartRateBpm><Value>84</Value></HeartRateBpm><Extensions><ns3:TPX><ns3:Speed>0.0</ns3:Speed></ns3:TPX></Extensions></Trackpoint><Trackpoint><Time>2026-01-05T16:36:16Z</Time><HeartRateBpm><Value>85</Value></HeartRateBpm><Extensions><ns3:TPX><ns3:Speed>0.0</ns3:Speed></ns3:TPX></Extensions></Trackpoint><Trackpoint><Time>2026-01-05T16:36:17Z</Time><HeartRateBpm><Value>86</Value></HeartRateBpm><Extensions><ns3:TPX><ns3:Speed>0.0</ns3:Speed></ns3:TPX></Extensions></Trackpoint><Trackpoint><Time>2026-01-05T16:36:22Z</Time><HeartRateBpm><Value>86</Value></HeartRateBpm><Extensions><ns3:TPX><ns3:Speed>0.0</ns3:Speed></ns3:TPX></Extensions></Trackpoint><Trackpoint><Time>2026-01-05T16:36:23Z</Time><HeartRateBpm><Value>87</Value></HeartRateBpm><Extensions><ns3:TPX><ns3:Speed>0.0</ns3:Speed></ns3:TPX></Extensions></Trackpoint><Trackpoint><Time>2026-01-05T16:36:26Z</Time><HeartRateBpm><Value>88</Value></HeartRateBpm><Extensions><ns3:TPX><ns3:Speed>0.0</ns3:Speed></ns3:TPX></Extensions></Trackpoint><Trackpoint><Time>2026-01-05T16:36:31Z</Time><HeartRateBpm><Value>89</Value></HeartRateBpm><Extensions><ns3:TPX><ns3:Speed>0.0</ns3:Speed></ns3:TPX></Extensions></Trackpoint><Trackpoint><Time>2026-01-05T16:36:32Z</Time><HeartRateBpm><Value>90</Value></HeartRateBpm><Extensions><ns3:TPX><ns3:Speed>0.0</ns3:Speed></ns3:TPX></Extensions></Trackpoint><Trackpoint><Time>2026-01-05T16:36:34Z</Time><HeartRateBpm><Value>91</Value></HeartRateBpm><Extensions><ns3:TPX><ns3:Speed>0.0</ns3:Speed></ns3:TPX></Extensions></Trackpoint><Trackpoint><Time>2026-01-05T16:36:40Z</Time><HeartRateBpm><Value>92</Value></HeartRateBpm><Extensions><ns3:TPX><ns3:Speed>0.0</ns3:Speed></ns3:TPX></Extensions></Trackpoint><Trackpoint><Time>2026-01-05T16:36:42Z</Time><HeartRateBpm><Value>90</Value></HeartRateBpm><Extensions><ns3:TPX><ns3:Speed>0.0</ns3:Speed></ns3:TPX></Extensions></Trackpoint><Trackpoint><Time>2026-01-05T16:36:46Z</Time><HeartRateBpm><Value>89</Value></HeartRateBpm><Extensions><ns3:TPX><ns3:Speed>0.0</ns3:Speed></ns3:TPX></Extensions></Trackpoint><Trackpoint><Time>2026-01-05T16:36:48Z</Time><HeartRateBpm><Value>88</Value></HeartRateBpm><Extensions><ns3:TPX><ns3:Speed>0.0</ns3:Speed></ns3:TPX></Extensions></Trackpoint><Trackpoint><Time>2026-01-05T16:36:53Z</Time><HeartRateBpm><Value>88</Value></HeartRateBpm><Extensions><ns3:TPX><ns3:Speed>0.0</ns3:Speed></ns3:TPX></Extensions></Trackpoint><Trackpoint><Time>2026-01-05T16:36:56Z</Time><HeartRateBpm><Value>87</Value></HeartRateBpm><Extensions><ns3:TPX><ns3:Speed>0.0</ns3:Speed></ns3:TPX></Extensions></Trackpoint><Trackpoint><Time>2026-01-05T16:36:59Z</Time><HeartRateBpm><Value>88</Value></HeartRateBpm><Extensions><ns3:TPX><ns3:Speed>0.0</ns3:Speed></ns3:TPX></Extensions></Trackpoint><Trackpoint><Time>2026-01-05T16:37:00Z</Time><HeartRateBpm><Value>90</Value></HeartRateBpm><Extensions><ns3:TPX><ns3:Speed>0.0</ns3:Speed></ns3:TPX></Extensions></Trackpoint><Trackpoint><Time>2026-01-05T16:37:04Z</Time><HeartRateBpm><Value>91</Value></HeartRateBpm><Extensions><ns3:TPX><ns3:Speed>0.0</ns3:Speed></ns3:TPX></Extensions></Trackpoint><Trackpoint><Time>2026-01-05T16:37:08Z</Time><HeartRateBpm><Value>91</Value></HeartRateBpm><Extensions><ns3:TPX><ns3:Speed>0.0</ns3:Speed></ns3:TPX></Extensions></Trackpoint><Trackpoint><Time>2026-01-05T16:37:12Z</Time><HeartRateBpm><Value>90</Value></HeartRateBpm><Extensions><ns3:TPX><ns3:Speed>0.0</ns3:Speed></ns3:TPX></Extensions></Trackpoint><Trackpoint><Time>2026-01-05T16:37:13Z</Time><HeartRateBpm><Value>89</Value></HeartRateBpm><Extensions><ns3:TPX><ns3:Speed>0.0</ns3:Speed></ns3:TPX></Extensions></Trackpoint><Trackpoint><Time>2026-01-05T16:37:14Z</Time><HeartRateBpm><Value>88</Value></HeartRateBpm><Extensions><ns3:TPX><ns3:Speed>0.0</ns3:Speed></ns3:TPX></Extensions></Trackpoint><Trackpoint><Time>2026-01-05T16:37:17Z</Time><HeartRateBpm><Value>86</Value></HeartRateBpm><Extensions><ns3:TPX><ns3:Speed>0.0</ns3:Speed></ns3:TPX></Extensions></Trackpoint><Trackpoint><Time>2026-01-05T16:37:23Z</Time><HeartRateBpm><Value>86</Value></HeartRateBpm><Extensions><ns3:TPX><ns3:Speed>0.0</ns3:Speed></ns3:TPX></Extensions></Trackpoint><Trackpoint><Time>2026-01-05T16:37:25Z</Time><HeartRateBpm><Value>84</Value></HeartRateBpm><Extensions><ns3:TPX><ns3:Speed>0.0</ns3:Speed></ns3:TPX></Extensions></Trackpoint><Trackpoint><Time>2026-01-05T16:37:30Z</Time><HeartRateBpm><Value>84</Value></HeartRateBpm><Extensions><ns3:TPX><ns3:Speed>0.0</ns3:Speed></ns3:TPX></Extensions></Trackpoint><Trackpoint><Time>2026-01-05T16:37:35Z</Time><HeartRateBpm><Value>84</Value></HeartRateBpm><Extensions><ns3:TPX><ns3:Speed>0.0</ns3:Speed></ns3:TPX></Extensions></Trackpoint><Trackpoint><Time>2026-01-05T16:37:38Z</Time><HeartRateBpm><Value>85</Value></HeartRateBpm><Extensions><ns3:TPX><ns3:Speed>0.0</ns3:Speed></ns3:TPX></Extensions></Trackpoint><Trackpoint><Time>2026-01-05T16:37:42Z</Time><HeartRateBpm><Value>86</Value></HeartRateBpm><Extensions><ns3:TPX><ns3:Speed>0.0</ns3:Speed></ns3:TPX></Extensions></Trackpoint><Trackpoint><Time>2026-01-05T16:37:44Z</Time><HeartRateBpm><Value>85</Value></HeartRateBpm><Extensions><ns3:TPX><ns3:Speed>0.0</ns3:Speed></ns3:TPX></Extensions></Trackpoint><Trackpoint><Time>2026-01-05T16:37:45Z</Time><HeartRateBpm><Value>84</Value></HeartRateBpm><Extensions><ns3:TPX><ns3:Speed>0.0</ns3:Speed></ns3:TPX></Extensions></Trackpoint><Trackpoint><Time>2026-01-05T16:37:47Z</Time><HeartRateBpm><Value>85</Value></HeartRateBpm><Extensions><ns3:TPX><ns3:Speed>0.0</ns3:Speed></ns3:TPX></Extensions></Trackpoint><Trackpoint><Time>2026-01-05T16:37:49Z</Time><HeartRateBpm><Value>86</Value></HeartRateBpm><Extensions><ns3:TPX><ns3:Speed>0.0</ns3:Speed></ns3:TPX></Extensions></Trackpoint><Trackpoint><Time>2026-01-05T16:37:50Z</Time><HeartRateBpm><Value>87</Value></HeartRateBpm><Extensions><ns3:TPX><ns3:Speed>0.0</ns3:Speed></ns3:TPX></Extensions></Trackpoint><Trackpoint><Time>2026-01-05T16:37:51Z</Time><HeartRateBpm><Value>88</Value></HeartRateBpm><Extensions><ns3:TPX><ns3:Speed>0.0</ns3:Speed></ns3:TPX></Extensions></Trackpoint><Trackpoint><Time>2026-01-05T16:37:54Z</Time><HeartRateBpm><Value>89</Value></HeartRateBpm><Extensions><ns3:TPX><ns3:Speed>0.0</ns3:Speed></ns3:TPX></Extensions></Trackpoint><Trackpoint><Time>2026-01-05T16:37:57Z</Time><HeartRateBpm><Value>90</Value></HeartRateBpm><Extensions><ns3:TPX><ns3:Speed>0.0</ns3:Speed></ns3:TPX></Extensions></Trackpoint><Trackpoint><Time>2026-01-05T16:38:00Z</Time><HeartRateBpm><Value>91</Value></HeartRateBpm><Extensions><ns3:TPX><ns3:Speed>0.0</ns3:Speed></ns3:TPX></Extensions></Trackpoint><Trackpoint><Time>2026-01-05T16:38:01Z</Time><HeartRateBpm><Value>92</Value></HeartRateBpm><Extensions><ns3:TPX><ns3:Speed>0.0</ns3:Speed></ns3:TPX></Extensions></Trackpoint><Trackpoint><Time>2026-01-05T16:38:05Z</Time><HeartRateBpm><Value>93</Value></HeartRateBpm><Extensions><ns3:TPX><ns3:Speed>0.0</ns3:Speed></ns3:TPX></Extensions></Trackpoint><Trackpoint><Time>2026-01-05T16:38:11Z</Time><HeartRateBpm><Value>95</Value></HeartRateBpm><Extensions><ns3:TPX><ns3:Speed>0.0</ns3:Speed></ns3:TPX></Extensions></Trackpoint><Trackpoint><Time>2026-01-05T16:38:12Z</Time><HeartRateBpm><Value>99</Value></HeartRateBpm><Extensions><ns3:TPX><ns3:Speed>0.0</ns3:Speed></ns3:TPX></Extensions></Trackpoint><Trackpoint><Time>2026-01-05T16:38:13Z</Time><HeartRateBpm><Value>102</Value></HeartRateBpm><Extensions><ns3:TPX><ns3:Speed>0.0</ns3:Speed></ns3:TPX></Extensions></Trackpoint><Trackpoint><Time>2026-01-05T16:38:15Z</Time><HeartRateBpm><Value>103</Value></HeartRateBpm><Extensions><ns3:TPX><ns3:Speed>0.0</ns3:Speed></ns3:TPX></Extensions></Trackpoint><Trackpoint><Time>2026-01-05T16:38:16Z</Time><HeartRateBpm><Value>104</Value></HeartRateBpm><Extensions><ns3:TPX><ns3:Speed>0.0</ns3:Speed></ns3:TPX></Extensions></Trackpoint><Trackpoint><Time>2026-01-05T16:38:17Z</Time><HeartRateBpm><Value>105</Value></HeartRateBpm><Extensions><ns3:TPX><ns3:Speed>0.0</ns3:Speed></ns3:TPX></Extensions></Trackpoint><Trackpoint><Time>2026-01-05T16:38:18Z</Time><HeartRateBpm><Value>101</Value></HeartRateBpm><Extensions><ns3:TPX><ns3:Speed>0.0</ns3:Speed></ns3:TPX></Extensions></Trackpoint><Trackpoint><Time>2026-01-05T16:38:19Z</Time><HeartRateBpm><Value>102</Value></HeartRateBpm><Extensions><ns3:TPX><ns3:Speed>0.0</ns3:Speed></ns3:TPX></Extensions></Trackpoint><Trackpoint><Time>2026-01-05T16:38:20Z</Time><HeartRateBpm><Value>100</Value></HeartRateBpm><Extensions><ns3:TPX><ns3:Speed>0.0</ns3:Speed></ns3:TPX></Extensions></Trackpoint><Trackpoint><Time>2026-01-05T16:38:21Z</Time><HeartRateBpm><Value>99</Value></HeartRateBpm><Extensions><ns3:TPX><ns3:Speed>0.0</ns3:Speed></ns3:TPX></Extensions></Trackpoint><Trackpoint><Time>2026-01-05T16:38:24Z</Time><HeartRateBpm><Value>100</Value></HeartRateBpm><Extensions><ns3:TPX><ns3:Speed>0.0</ns3:Speed></ns3:TPX></Extensions></Trackpoint><Trackpoint><Time>2026-01-05T16:38:25Z</Time><HeartRateBpm><Value>101</Value></HeartRateBpm><Extensions><ns3:TPX><ns3:Speed>0.0</ns3:Speed></ns3:TPX></Extensions></Trackpoint><Trackpoint><Time>2026-01-05T16:38:26Z</Time><HeartRateBpm><Value>102</Value></HeartRateBpm><Extensions><ns3:TPX><ns3:Speed>0.0</ns3:Speed></ns3:TPX></Extensions></Trackpoint><Trackpoint><Time>2026-01-05T16:38:29Z</Time><HeartRateBpm><Value>101</Value></HeartRateBpm><Extensions><ns3:TPX><ns3:Speed>0.0</ns3:Speed></ns3:TPX></Extensions></Trackpoint><Trackpoint><Time>2026-01-05T16:38:30Z</Time><HeartRateBpm><Value>99</Value></HeartRateBpm><Extensions><ns3:TPX><ns3:Speed>0.0</ns3:Speed></ns3:TPX></Extensions></Trackpoint><Trackpoint><Time>2026-01-05T16:38:31Z</Time><HeartRateBpm><Value>98</Value></HeartRateBpm><Extensions><ns3:TPX><ns3:Speed>0.0</ns3:Speed></ns3:TPX></Extensions></Trackpoint><Trackpoint><Time>2026-01-05T16:38:35Z</Time><HeartRateBpm><Value>99</Value></HeartRateBpm><Extensions><ns3:TPX><ns3:Speed>0.0</ns3:Speed></ns3:TPX></Extensions></Trackpoint><Trackpoint><Time>2026-01-05T16:38:38Z</Time><HeartRateBpm><Value>100</Value></HeartRateBpm><Extensions><ns3:TPX><ns3:Speed>0.0</ns3:Speed></ns3:TPX></Extensions></Trackpoint><Trackpoint><Time>2026-01-05T16:38:39Z</Time><HeartRateBpm><Value>101</Value></HeartRateBpm><Extensions><ns3:TPX><ns3:Speed>0.0</ns3:Speed></ns3:TPX></Extensions></Trackpoint><Trackpoint><Time>2026-01-05T16:38:42Z</Time><HeartRateBpm><Value>102</Value></HeartRateBpm><Extensions><ns3:TPX><ns3:Speed>0.0</ns3:Speed></ns3:TPX></Extensions></Trackpoint><Trackpoint><Time>2026-01-05T16:38:43Z</Time><HeartRateBpm><Value>104</Value></HeartRateBpm><Extensions><ns3:TPX><ns3:Speed>0.0</ns3:Speed></ns3:TPX></Extensions></Trackpoint><Trackpoint><Time>2026-01-05T16:38:44Z</Time><HeartRateBpm><Value>105</Value></HeartRateBpm><Extensions><ns3:TPX><ns3:Speed>0.0</ns3:Speed></ns3:TPX></Extensions></Trackpoint><Trackpoint><Time>2026-01-05T16:38:45Z</Time><HeartRateBpm><Value>106</Value></HeartRateBpm><Extensions><ns3:TPX><ns3:Speed>0.0</ns3:Speed></ns3:TPX></Extensions></Trackpoint><Trackpoint><Time>2026-01-05T16:38:47Z</Time><HeartRateBpm><Value>107</Value></HeartRateBpm><Extensions><ns3:TPX><ns3:Speed>0.0</ns3:Speed></ns3:TPX></Extensions></Trackpoint><Trackpoint><Time>2026-01-05T16:38:48Z</Time><HeartRateBpm><Value>109</Value></HeartRateBpm><Extensions><ns3:TPX><ns3:Speed>0.0</ns3:Speed></ns3:TPX></Extensions></Trackpoint><Trackpoint><Time>2026-01-05T16:38:53Z</Time><HeartRateBpm><Value>109</Value></HeartRateBpm><Extensions><ns3:TPX><ns3:Speed>0.0</ns3:Speed></ns3:TPX></Extensions></Trackpoint><Trackpoint><Time>2026-01-05T16:38:55Z</Time><HeartRateBpm><Value>110</Value></HeartRateBpm><Extensions><ns3:TPX><ns3:Speed>0.0</ns3:Speed></ns3:TPX></Extensions></Trackpoint><Trackpoint><Time>2026-01-05T16:38:56Z</Time><HeartRateBpm><Value>111</Value></HeartRateBpm><Extensions><ns3:TPX><ns3:Speed>0.0</ns3:Speed></ns3:TPX></Extensions></Trackpoint><Trackpoint><Time>2026-01-05T16:38:59Z</Time><HeartRateBpm><Value>107</Value></HeartRateBpm><Extensions><ns3:TPX><ns3:Speed>0.0</ns3:Speed></ns3:TPX></Extensions></Trackpoint><Trackpoint><Time>2026-01-05T16:39:00Z</Time><HeartRateBpm><Value>106</Value></HeartRateBpm><Extensions><ns3:TPX><ns3:Speed>0.0</ns3:Speed></ns3:TPX></Extensions></Trackpoint><Trackpoint><Time>2026-01-05T16:39:01Z</Time><HeartRateBpm><Value>105</Value></HeartRateBpm><Extensions><ns3:TPX><ns3:Speed>0.0</ns3:Speed></ns3:TPX></Extensions></Trackpoint><Trackpoint><Time>2026-01-05T16:39:05Z</Time><HeartRateBpm><Value>104</Value></HeartRateBpm><Extensions><ns3:TPX><ns3:Speed>0.0</ns3:Speed></ns3:TPX></Extensions></Trackpoint><Trackpoint><Time>2026-01-05T16:39:07Z</Time><HeartRateBpm><Value>103</Value></HeartRateBpm><Extensions><ns3:TPX><ns3:Speed>0.0</ns3:Speed></ns3:TPX></Extensions></Trackpoint><Trackpoint><Time>2026-01-05T16:39:11Z</Time><HeartRateBpm><Value>104</Value></HeartRateBpm><Extensions><ns3:TPX><ns3:Speed>0.0</ns3:Speed></ns3:TPX></Extensions></Trackpoint><Trackpoint><Time>2026-01-05T16:39:14Z</Time><HeartRateBpm><Value>105</Value></HeartRateBpm><Extensions><ns3:TPX><ns3:Speed>0.0</ns3:Speed></ns3:TPX></Extensions></Trackpoint><Trackpoint><Time>2026-01-05T16:39:17Z</Time><HeartRateBpm><Value>106</Value></HeartRateBpm><Extensions><ns3:TPX><ns3:Speed>0.0</ns3:Speed></ns3:TPX></Extensions></Trackpoint><Trackpoint><Time>2026-01-05T16:39:18Z</Time><HeartRateBpm><Value>105</Value></HeartRateBpm><Extensions><ns3:TPX><ns3:Speed>0.0</ns3:Speed></ns3:TPX></Extensions></Trackpoint><Trackpoint><Time>2026-01-05T16:39:21Z</Time><HeartRateBpm><Value>104</Value></HeartRateBpm><Extensions><ns3:TPX><ns3:Speed>0.0</ns3:Speed></ns3:TPX></Extensions></Trackpoint><Trackpoint><Time>2026-01-05T16:39:26Z</Time><HeartRateBpm><Value>105</Value></HeartRateBpm><Extensions><ns3:TPX><ns3:Speed>0.0</ns3:Speed></ns3:TPX></Extensions></Trackpoint><Trackpoint><Time>2026-01-05T16:39:31Z</Time><HeartRateBpm><Value>105</Value></HeartRateBpm><Extensions><ns3:TPX><ns3:Speed>0.0</ns3:Speed></ns3:TPX></Extensions></Trackpoint><Trackpoint><Time>2026-01-05T16:39:33Z</Time><HeartRateBpm><Value>104</Value></HeartRateBpm><Extensions><ns3:TPX><ns3:Speed>0.0</ns3:Speed></ns3:TPX></Extensions></Trackpoint><Trackpoint><Time>2026-01-05T16:39:37Z</Time><HeartRateBpm><Value>106</Value></HeartRateBpm><Extensions><ns3:TPX><ns3:Speed>0.0</ns3:Speed></ns3:TPX></Extensions></Trackpoint><Trackpoint><Time>2026-01-05T16:39:38Z</Time><HeartRateBpm><Value>107</Value></HeartRateBpm><Extensions><ns3:TPX><ns3:Speed>0.0</ns3:Speed></ns3:TPX></Extensions></Trackpoint><Trackpoint><Time>2026-01-05T16:39:39Z</Time><HeartRateBpm><Value>108</Value></HeartRateBpm><Extensions><ns3:TPX><ns3:Speed>0.0</ns3:Speed></ns3:TPX></Extensions></Trackpoint><Trackpoint><Time>2026-01-05T16:39:40Z</Time><HeartRateBpm><Value>109</Value></HeartRateBpm><Extensions><ns3:TPX><ns3:Speed>0.0</ns3:Speed></ns3:TPX></Extensions></Trackpoint><Trackpoint><Time>2026-01-05T16:39:42Z</Time><HeartRateBpm><Value>110</Value></HeartRateBpm><Extensions><ns3:TPX><ns3:Speed>0.0</ns3:Speed></ns3:TPX></Extensions></Trackpoint><Trackpoint><Time>2026-01-05T16:39:47Z</Time><HeartRateBpm><Value>109</Value></HeartRateBpm><Extensions><ns3:TPX><ns3:Speed>0.0</ns3:Speed></ns3:TPX></Extensions></Trackpoint><Trackpoint><Time>2026-01-05T16:39:51Z</Time><HeartRateBpm><Value>110</Value></HeartRateBpm><Extensions><ns3:TPX><ns3:Speed>0.0</ns3:Speed></ns3:TPX></Extensions></Trackpoint><Trackpoint><Time>2026-01-05T16:39:52Z</Time><HeartRateBpm><Value>112</Value></HeartRateBpm><Extensions><ns3:TPX><ns3:Speed>0.0</ns3:Speed></ns3:TPX></Extensions></Trackpoint><Trackpoint><Time>2026-01-05T16:39:54Z</Time><HeartRateBpm><Value>113</Value></HeartRateBpm><Extensions><ns3:TPX><ns3:Speed>0.0</ns3:Speed></ns3:TPX></Extensions></Trackpoint><Trackpoint><Time>2026-01-05T16:39:55Z</Time><HeartRateBpm><Value>114</Value></HeartRateBpm><Extensions><ns3:TPX><ns3:Speed>0.0</ns3:Speed></ns3:TPX></Extensions></Trackpoint><Trackpoint><Time>2026-01-05T16:39:58Z</Time><HeartRateBpm><Value>115</Value></HeartRateBpm><Extensions><ns3:TPX><ns3:Speed>0.0</ns3:Speed></ns3:TPX></Extensions></Trackpoint><Trackpoint><Time>2026-01-05T16:40:00Z</Time><HeartRateBpm><Value>116</Value></HeartRateBpm><Extensions><ns3:TPX><ns3:Speed>0.0</ns3:Speed></ns3:TPX></Extensions></Trackpoint><Trackpoint><Time>2026-01-05T16:40:01Z</Time><HeartRateBpm><Value>118</Value></HeartRateBpm><Extensions><ns3:TPX><ns3:Speed>0.0</ns3:Speed></ns3:TPX></Extensions></Trackpoint><Trackpoint><Time>2026-01-05T16:40:02Z</Time><HeartRateBpm><Value>119</Value></HeartRateBpm><Extensions><ns3:TPX><ns3:Speed>0.0</ns3:Speed></ns3:TPX></Extensions></Trackpoint><Trackpoint><Time>2026-01-05T16:40:03Z</Time><HeartRateBpm><Value>120</Value></HeartRateBpm><Extensions><ns3:TPX><ns3:Speed>0.0</ns3:Speed></ns3:TPX></Extensions></Trackpoint><Trackpoint><Time>2026-01-05T16:40:06Z</Time><HeartRateBpm><Value>119</Value></HeartRateBpm><Extensions><ns3:TPX><ns3:Speed>0.0</ns3:Speed></ns3:TPX></Extensions></Trackpoint><Trackpoint><Time>2026-01-05T16:40:07Z</Time><HeartRateBpm><Value>118</Value></HeartRateBpm><Extensions><ns3:TPX><ns3:Speed>0.0</ns3:Speed></ns3:TPX></Extensions></Trackpoint><Trackpoint><Time>2026-01-05T16:40:08Z</Time><HeartRateBpm><Value>117</Value></HeartRateBpm><Extensions><ns3:TPX><ns3:Speed>0.0</ns3:Speed></ns3:TPX></Extensions></Trackpoint><Trackpoint><Time>2026-01-05T16:40:13Z</Time><HeartRateBpm><Value>116</Value></HeartRateBpm><Extensions><ns3:TPX><ns3:Speed>0.0</ns3:Speed></ns3:TPX></Extensions></Trackpoint><Trackpoint><Time>2026-01-05T16:40:16Z</Time><HeartRateBpm><Value>115</Value></HeartRateBpm><Extensions><ns3:TPX><ns3:Speed>0.0</ns3:Speed></ns3:TPX></Extensions></Trackpoint><Trackpoint><Time>2026-01-05T16:40:21Z</Time><HeartRateBpm><Value>115</Value></HeartRateBpm><Extensions><ns3:TPX><ns3:Speed>0.0</ns3:Speed></ns3:TPX></Extensions></Trackpoint><Trackpoint><Time>2026-01-05T16:40:26Z</Time><HeartRateBpm><Value>115</Value></HeartRateBpm><Extensions><ns3:TPX><ns3:Speed>0.0</ns3:Speed></ns3:TPX></Extensions></Trackpoint><Trackpoint><Time>2026-01-05T16:40:30Z</Time><HeartRateBpm><Value>116</Value></HeartRateBpm><Extensions><ns3:TPX><ns3:Speed>0.0</ns3:Speed></ns3:TPX></Extensions></Trackpoint><Trackpoint><Time>2026-01-05T16:40:34Z</Time><HeartRateBpm><Value>117</Value></HeartRateBpm><Extensions><ns3:TPX><ns3:Speed>0.0</ns3:Speed></ns3:TPX></Extensions></Trackpoint><Trackpoint><Time>2026-01-05T16:40:37Z</Time><HeartRateBpm><Value>118</Value></HeartRateBpm><Extensions><ns3:TPX><ns3:Speed>0.0</ns3:Speed></ns3:TPX></Extensions></Trackpoint><Trackpoint><Time>2026-01-05T16:40:40Z</Time><HeartRateBpm><Value>117</Value></HeartRateBpm><Extensions><ns3:TPX><ns3:Speed>0.0</ns3:Speed></ns3:TPX></Extensions></Trackpoint><Trackpoint><Time>2026-01-05T16:40:41Z</Time><HeartRateBpm><Value>115</Value></HeartRateBpm><Extensions><ns3:TPX><ns3:Speed>0.0</ns3:Speed></ns3:TPX></Extensions></Trackpoint><Trackpoint><Time>2026-01-05T16:40:45Z</Time><HeartRateBpm><Value>117</Value></HeartRateBpm><Extensions><ns3:TPX><ns3:Speed>0.0</ns3:Speed></ns3:TPX></Extensions></Trackpoint><Trackpoint><Time>2026-01-05T16:40:47Z</Time><HeartRateBpm><Value>120</Value></HeartRateBpm><Extensions><ns3:TPX><ns3:Speed>0.0</ns3:Speed></ns3:TPX></Extensions></Trackpoint><Trackpoint><Time>2026-01-05T16:40:48Z</Time><HeartRateBpm><Value>122</Value></HeartRateBpm><Extensions><ns3:TPX><ns3:Speed>0.0</ns3:Speed></ns3:TPX></Extensions></Trackpoint><Trackpoint><Time>2026-01-05T16:40:49Z</Time><HeartRateBpm><Value>123</Value></HeartRateBpm><Extensions><ns3:TPX><ns3:Speed>0.0</ns3:Speed></ns3:TPX></Extensions></Trackpoint><Trackpoint><Time>2026-01-05T16:40:52Z</Time><HeartRateBpm><Value>122</Value></HeartRateBpm><Extensions><ns3:TPX><ns3:Speed>0.0</ns3:Speed></ns3:TPX></Extensions></Trackpoint><Trackpoint><Time>2026-01-05T16:40:56Z</Time><HeartRateBpm><Value>123</Value></HeartRateBpm><Extensions><ns3:TPX><ns3:Speed>0.0</ns3:Speed></ns3:TPX></Extensions></Trackpoint><Trackpoint><Time>2026-01-05T16:40:59Z</Time><HeartRateBpm><Value>124</Value></HeartRateBpm><Extensions><ns3:TPX><ns3:Speed>0.0</ns3:Speed></ns3:TPX></Extensions></Trackpoint><Trackpoint><Time>2026-01-05T16:41:04Z</Time><HeartRateBpm><Value>124</Value></HeartRateBpm><Extensions><ns3:TPX><ns3:Speed>0.0</ns3:Speed></ns3:TPX></Extensions></Trackpoint><Trackpoint><Time>2026-01-05T16:41:08Z</Time><HeartRateBpm><Value>123</Value></HeartRateBpm><Extensions><ns3:TPX><ns3:Speed>0.0</ns3:Speed></ns3:TPX></Extensions></Trackpoint><Trackpoint><Time>2026-01-05T16:41:13Z</Time><HeartRateBpm><Value>123</Value></HeartRateBpm><Extensions><ns3:TPX><ns3:Speed>0.0</ns3:Speed></ns3:TPX></Extensions></Trackpoint><Trackpoint><Time>2026-01-05T16:41:14Z</Time><HeartRateBpm><Value>121</Value></HeartRateBpm><Extensions><ns3:TPX><ns3:Speed>0.0</ns3:Speed></ns3:TPX></Extensions></Trackpoint><Trackpoint><Time>2026-01-05T16:41:17Z</Time><HeartRateBpm><Value>120</Value></HeartRateBpm><Extensions><ns3:TPX><ns3:Speed>0.0</ns3:Speed></ns3:TPX></Extensions></Trackpoint><Trackpoint><Time>2026-01-05T16:41:22Z</Time><HeartRateBpm><Value>120</Value></HeartRateBpm><Extensions><ns3:TPX><ns3:Speed>0.0</ns3:Speed></ns3:TPX></Extensions></Trackpoint><Trackpoint><Time>2026-01-05T16:41:27Z</Time><HeartRateBpm><Value>120</Value></HeartRateBpm><Extensions><ns3:TPX><ns3:Speed>0.0</ns3:Speed></ns3:TPX></Extensions></Trackpoint><Trackpoint><Time>2026-01-05T16:41:31Z</Time><HeartRateBpm><Value>123</Value></HeartRateBpm><Extensions><ns3:TPX><ns3:Speed>0.0</ns3:Speed></ns3:TPX></Extensions></Trackpoint><Trackpoint><Time>2026-01-05T16:41:32Z</Time><HeartRateBpm><Value>124</Value></HeartRateBpm><Extensions><ns3:TPX><ns3:Speed>0.0</ns3:Speed></ns3:TPX></Extensions></Trackpoint><Trackpoint><Time>2026-01-05T16:41:34Z</Time><HeartRateBpm><Value>123</Value></HeartRateBpm><Extensions><ns3:TPX><ns3:Speed>0.0</ns3:Speed></ns3:TPX></Extensions></Trackpoint><Trackpoint><Time>2026-01-05T16:41:35Z</Time><HeartRateBpm><Value>122</Value></HeartRateBpm><Extensions><ns3:TPX><ns3:Speed>0.0</ns3:Speed></ns3:TPX></Extensions></Trackpoint><Trackpoint><Time>2026-01-05T16:41:40Z</Time><HeartRateBpm><Value>122</Value></HeartRateBpm><Extensions><ns3:TPX><ns3:Speed>0.0</ns3:Speed></ns3:TPX></Extensions></Trackpoint><Trackpoint><Time>2026-01-05T16:41:45Z</Time><HeartRateBpm><Value>121</Value></HeartRateBpm><Extensions><ns3:TPX><ns3:Speed>0.0</ns3:Speed></ns3:TPX></Extensions></Trackpoint><Trackpoint><Time>2026-01-05T16:41:50Z</Time><HeartRateBpm><Value>120</Value></HeartRateBpm><Extensions><ns3:TPX><ns3:Speed>0.0</ns3:Speed></ns3:TPX></Extensions></Trackpoint><Trackpoint><Time>2026-01-05T16:41:53Z</Time><HeartRateBpm><Value>121</Value></HeartRateBpm><Extensions><ns3:TPX><ns3:Speed>0.0</ns3:Speed></ns3:TPX></Extensions></Trackpoint><Trackpoint><Time>2026-01-05T16:41:56Z</Time><HeartRateBpm><Value>123</Value></HeartRateBpm><Extensions><ns3:TPX><ns3:Speed>0.0</ns3:Speed></ns3:TPX></Extensions></Trackpoint><Trackpoint><Time>2026-01-05T16:41:59Z</Time><HeartRateBpm><Value>124</Value></HeartRateBpm><Extensions><ns3:TPX><ns3:Speed>0.0</ns3:Speed></ns3:TPX></Extensions></Trackpoint><Trackpoint><Time>2026-01-05T16:42:01Z</Time><HeartRateBpm><Value>125</Value></HeartRateBpm><Extensions><ns3:TPX><ns3:Speed>0.0</ns3:Speed></ns3:TPX></Extensions></Trackpoint><Trackpoint><Time>2026-01-05T16:42:02Z</Time><HeartRateBpm><Value>124</Value></HeartRateBpm><Extensions><ns3:TPX><ns3:Speed>0.0</ns3:Speed></ns3:TPX></Extensions></Trackpoint><Trackpoint><Time>2026-01-05T16:42:03Z</Time><HeartRateBpm><Value>123</Value></HeartRateBpm><Extensions><ns3:TPX><ns3:Speed>0.0</ns3:Speed></ns3:TPX></Extensions></Trackpoint><Trackpoint><Time>2026-01-05T16:42:04Z</Time><HeartRateBpm><Value>122</Value></HeartRateBpm><Extensions><ns3:TPX><ns3:Speed>0.0</ns3:Speed></ns3:TPX></Extensions></Trackpoint><Trackpoint><Time>2026-01-05T16:42:09Z</Time><HeartRateBpm><Value>121</Value></HeartRateBpm><Extensions><ns3:TPX><ns3:Speed>0.0</ns3:Speed></ns3:TPX></Extensions></Trackpoint><Trackpoint><Time>2026-01-05T16:42:13Z</Time><HeartRateBpm><Value>120</Value></HeartRateBpm><Extensions><ns3:TPX><ns3:Speed>0.0</ns3:Speed></ns3:TPX></Extensions></Trackpoint><Trackpoint><Time>2026-01-05T16:42:17Z</Time><HeartRateBpm><Value>120</Value></HeartRateBpm><Extensions><ns3:TPX><ns3:Speed>0.0</ns3:Speed></ns3:TPX></Extensions></Trackpoint><Trackpoint><Time>2026-01-05T16:42:22Z</Time><HeartRateBpm><Value>120</Value></HeartRateBpm><Extensions><ns3:TPX><ns3:Speed>0.0</ns3:Speed></ns3:TPX></Extensions></Trackpoint><Trackpoint><Time>2026-01-05T16:42:23Z</Time><HeartRateBpm><Value>121</Value></HeartRateBpm><Extensions><ns3:TPX><ns3:Speed>0.0</ns3:Speed></ns3:TPX></Extensions></Trackpoint><Trackpoint><Time>2026-01-05T16:42:24Z</Time><HeartRateBpm><Value>123</Value></HeartRateBpm><Extensions><ns3:TPX><ns3:Speed>0.0</ns3:Speed></ns3:TPX></Extensions></Trackpoint><Trackpoint><Time>2026-01-05T16:42:26Z</Time><HeartRateBpm><Value>124</Value></HeartRateBpm><Extensions><ns3:TPX><ns3:Speed>0.0</ns3:Speed></ns3:TPX></Extensions></Trackpoint><Trackpoint><Time>2026-01-05T16:42:27Z</Time><HeartRateBpm><Value>126</Value></HeartRateBpm><Extensions><ns3:TPX><ns3:Speed>0.0</ns3:Speed></ns3:TPX></Extensions></Trackpoint><Trackpoint><Time>2026-01-05T16:42:29Z</Time><HeartRateBpm><Value>128</Value></HeartRateBpm><Extensions><ns3:TPX><ns3:Speed>0.0</ns3:Speed></ns3:TPX></Extensions></Trackpoint><Trackpoint><Time>2026-01-05T16:42:30Z</Time><HeartRateBpm><Value>134</Value></HeartRateBpm><Extensions><ns3:TPX><ns3:Speed>0.0</ns3:Speed></ns3:TPX></Extensions></Trackpoint><Trackpoint><Time>2026-01-05T16:42:31Z</Time><HeartRateBpm><Value>136</Value></HeartRateBpm><Extensions><ns3:TPX><ns3:Speed>0.0</ns3:Speed></ns3:TPX></Extensions></Trackpoint><Trackpoint><Time>2026-01-05T16:42:32Z</Time><HeartRateBpm><Value>132</Value></HeartRateBpm><Extensions><ns3:TPX><ns3:Speed>0.0</ns3:Speed></ns3:TPX></Extensions></Trackpoint><Trackpoint><Time>2026-01-05T16:42:33Z</Time><HeartRateBpm><Value>126</Value></HeartRateBpm><Extensions><ns3:TPX><ns3:Speed>0.0</ns3:Speed></ns3:TPX></Extensions></Trackpoint><Trackpoint><Time>2026-01-05T16:42:34Z</Time><HeartRateBpm><Value>129</Value></HeartRateBpm><Extensions><ns3:TPX><ns3:Speed>0.0</ns3:Speed></ns3:TPX></Extensions></Trackpoint><Trackpoint><Time>2026-01-05T16:42:35Z</Time><HeartRateBpm><Value>127</Value></HeartRateBpm><Extensions><ns3:TPX><ns3:Speed>0.0</ns3:Speed></ns3:TPX></Extensions></Trackpoint><Trackpoint><Time>2026-01-05T16:42:37Z</Time><HeartRateBpm><Value>126</Value></HeartRateBpm><Extensions><ns3:TPX><ns3:Speed>0.0</ns3:Speed></ns3:TPX></Extensions></Trackpoint><Trackpoint><Time>2026-01-05T16:42:43Z</Time><HeartRateBpm><Value>126</Value></HeartRateBpm><Extensions><ns3:TPX><ns3:Speed>0.0</ns3:Speed></ns3:TPX></Extensions></Trackpoint><Trackpoint><Time>2026-01-05T16:42:45Z</Time><HeartRateBpm><Value>125</Value></HeartRateBpm><Extensions><ns3:TPX><ns3:Speed>0.0</ns3:Speed></ns3:TPX></Extensions></Trackpoint><Trackpoint><Time>2026-01-05T16:42:49Z</Time><HeartRateBpm><Value>122</Value></HeartRateBpm><Extensions><ns3:TPX><ns3:Speed>0.0</ns3:Speed></ns3:TPX></Extensions></Trackpoint><Trackpoint><Time>2026-01-05T16:42:50Z</Time><HeartRateBpm><Value>119</Value></HeartRateBpm><Extensions><ns3:TPX><ns3:Speed>0.0</ns3:Speed></ns3:TPX></Extensions></Trackpoint><Trackpoint><Time>2026-01-05T16:42:51Z</Time><HeartRateBpm><Value>118</Value></HeartRateBpm><Extensions><ns3:TPX><ns3:Speed>0.0</ns3:Speed></ns3:TPX></Extensions></Trackpoint><Trackpoint><Time>2026-01-05T16:42:52Z</Time><HeartRateBpm><Value>116</Value></HeartRateBpm><Extensions><ns3:TPX><ns3:Speed>0.0</ns3:Speed></ns3:TPX></Extensions></Trackpoint><Trackpoint><Time>2026-01-05T16:42:53Z</Time><HeartRateBpm><Value>115</Value></HeartRateBpm><Extensions><ns3:TPX><ns3:Speed>0.0</ns3:Speed></ns3:TPX></Extensions></Trackpoint><Trackpoint><Time>2026-01-05T16:42:58Z</Time><HeartRateBpm><Value>115</Value></HeartRateBpm><Extensions><ns3:TPX><ns3:Speed>0.0</ns3:Speed></ns3:TPX></Extensions></Trackpoint><Trackpoint><Time>2026-01-05T16:42:59Z</Time><HeartRateBpm><Value>116</Value></HeartRateBpm><Extensions><ns3:TPX><ns3:Speed>0.0</ns3:Speed></ns3:TPX></Extensions></Trackpoint><Trackpoint><Time>2026-01-05T16:43:03Z</Time><HeartRateBpm><Value>115</Value></HeartRateBpm><Extensions><ns3:TPX><ns3:Speed>0.0</ns3:Speed></ns3:TPX></Extensions></Trackpoint><Trackpoint><Time>2026-01-05T16:43:07Z</Time><HeartRateBpm><Value>114</Value></HeartRateBpm><Extensions><ns3:TPX><ns3:Speed>0.0</ns3:Speed></ns3:TPX></Extensions></Trackpoint><Trackpoint><Time>2026-01-05T16:43:11Z</Time><HeartRateBpm><Value>114</Value></HeartRateBpm><Extensions><ns3:TPX><ns3:Speed>0.0</ns3:Speed></ns3:TPX></Extensions></Trackpoint><Trackpoint><Time>2026-01-05T16:43:12Z</Time><HeartRateBpm><Value>113</Value></HeartRateBpm><Extensions><ns3:TPX><ns3:Speed>0.0</ns3:Speed></ns3:TPX></Extensions></Trackpoint><Trackpoint><Time>2026-01-05T16:43:14Z</Time><HeartRateBpm><Value>112</Value></HeartRateBpm><Extensions><ns3:TPX><ns3:Speed>0.0</ns3:Speed></ns3:TPX></Extensions></Trackpoint><Trackpoint><Time>2026-01-05T16:43:18Z</Time><HeartRateBpm><Value>111</Value></HeartRateBpm><Extensions><ns3:TPX><ns3:Speed>0.0</ns3:Speed></ns3:TPX></Extensions></Trackpoint><Trackpoint><Time>2026-01-05T16:43:21Z</Time><HeartRateBpm><Value>110</Value></HeartRateBpm><Extensions><ns3:TPX><ns3:Speed>0.0</ns3:Speed></ns3:TPX></Extensions></Trackpoint><Trackpoint><Time>2026-01-05T16:43:22Z</Time><HeartRateBpm><Value>109</Value></HeartRateBpm><Extensions><ns3:TPX><ns3:Speed>0.0</ns3:Speed></ns3:TPX></Extensions></Trackpoint><Trackpoint><Time>2026-01-05T16:43:24Z</Time><HeartRateBpm><Value>108</Value></HeartRateBpm><Extensions><ns3:TPX><ns3:Speed>0.0</ns3:Speed></ns3:TPX></Extensions></Trackpoint><Trackpoint><Time>2026-01-05T16:43:27Z</Time><HeartRateBpm><Value>107</Value></HeartRateBpm><Extensions><ns3:TPX><ns3:Speed>0.0</ns3:Speed></ns3:TPX></Extensions></Trackpoint><Trackpoint><Time>2026-01-05T16:43:29Z</Time><HeartRateBpm><Value>108</Value></HeartRateBpm><Extensions><ns3:TPX><ns3:Speed>0.0</ns3:Speed></ns3:TPX></Extensions></Trackpoint><Trackpoint><Time>2026-01-05T16:43:30Z</Time><HeartRateBpm><Value>107</Value></HeartRateBpm><Extensions><ns3:TPX><ns3:Speed>0.0</ns3:Speed></ns3:TPX></Extensions></Trackpoint><Trackpoint><Time>2026-01-05T16:43:32Z</Time><HeartRateBpm><Value>106</Value></HeartRateBpm><Extensions><ns3:TPX><ns3:Speed>0.0</ns3:Speed></ns3:TPX></Extensions></Trackpoint><Trackpoint><Time>2026-01-05T16:43:33Z</Time><HeartRateBpm><Value>104</Value></HeartRateBpm><Extensions><ns3:TPX><ns3:Speed>0.0</ns3:Speed></ns3:TPX></Extensions></Trackpoint><Trackpoint><Time>2026-01-05T16:43:34Z</Time><Extensions><ns3:TPX><ns3:Speed>0.0</ns3:Speed></ns3:TPX></Extensions></Trackpoint></Track></Lap></Activity></Activities></TrainingCenterDatabase>