<?xml version="1.0" encoding="UTF-8"?><TrainingCenterDatabase xmlns="http://www.garmin.com/xmlschemas/TrainingCenterDatabase/v2" xmlns:ns2="http://www.garmin.com/xmlschemas/UserProfile/v2" xmlns:ns3="http://www.garmin.com/xmlschemas/ActivityExtension/v2" xmlns:ns5="http://www.garmin.com/xmlschemas/ActivityGoals/v1" xmlns:xsi="http://www.w3.org/2001/XMLSchema-instance" xsi:schemaLocation="http://www.garmin.com/xmlschemas/TrainingCenterDatabase/v2 http://www.garmin.com/xmlschemas/TrainingCenterDatabasev2.xsd"><Activities><Activity Sport="Workout"><Id>2026-01-07T21:58:45Z</Id><Creator><Name>Amazfit Bip U Pro</Name></Creator><Lap StartTime="2026-01-07T21:58:45Z"><Calories>551.0</Calories><DistanceMeters>0.0</DistanceMeters><TotalTimeSeconds>4576</TotalTimeSeconds><AverageHeartRateBpm><Value>110</Value></AverageHeartRateBpm><Track><Trackpoint><Time>2026-01-07T21:58:45Z</Time></Trackpoint><Trackpoint><Time>2026-01-07T21:58:57Z</Time><Cadence>61</Cadence><Extensions><ns3:TPX><ns3:Speed>0.0</ns3:Speed></ns3:TPX></Extensions></Trackpoint><Trackpoint><Time>2026-01-07T21:59:00Z</Time><HeartRateBpm><Value>91</Value></HeartRateBpm><Cadence>61</Cadence><Extensions><ns3:TPX><ns3:Speed>0.0</ns3:Speed></ns3:TPX></Extensions></Trackpoint><Trackpoint><Time>2026-01-07T21:59:04Z</Time><HeartRateBpm><Value>90</Value></HeartRateBpm><Cadence>61</Cadence><Extensions><ns3:TPX><ns3:Speed>0.0</ns3:Speed></ns3:TPX></Extensions></Trackpoint><Trackpoint><Time>2026-01-07T21:59:09Z</Time><HeartRateBpm><Value>90</Value></HeartRateBpm><Cadence>61</Cadence><Extensions><ns3:TPX><ns3:Speed>0.0</ns3:Speed></ns3:TPX></Extensions></Trackpoint><Trackpoint><Time>2026-01-07T21:59:10Z</Time><HeartRateBpm><Value>91</Value></HeartRateBpm><Cadence>61</Cadence><Extensions><ns3:TPX><ns3:Speed>0.0</ns3:Speed></ns3:TPX></Extensions></Trackpoint><Trackpoint><Time>2026-01-07T21:59:11Z</Time><HeartRateBpm><Value>92</Value></HeartRateBpm><Cadence>61</Cadence><Extensions><ns3:TPX><ns3:Speed>0.0</ns3:Speed></ns3:TPX></Extensions></Trackpoint><Trackpoint><Time>2026-01-07T21:59:12Z</Time><HeartRateBpm><Value>91</Value></HeartRateBpm><Cadence>61</Cadence><Extensions><ns3:TPX><ns3:Speed>0.0</ns3:Speed></ns3:TPX></Extensions></Trackpoint><Trackpoint><Time>2026-01-07T21:59:16Z</Time><HeartRateBpm><Value>92</Value></HeartRateBpm><Cadence>61</Cadence><Extensions><ns3:TPX><ns3:Speed>0.0</ns3:Speed></ns3:TPX></Extensions></Trackpoint><Trackpoint><Time>2026-01-07T21:59:17Z</Time><HeartRateBpm><Value>93</Value></HeartRateBpm><Cadence>61</Cadence><Extensions><ns3:TPX><ns3:Speed>0.0</ns3:Speed></ns3:TPX></Extensions></Trackpoint><Trackpoint><Time>2026-01-07T21:59:18Z</Time><HeartRateBpm><Value>94</Value></HeartRateBpm><Cadence>61</Cadence><Extensions><ns3:TPX><ns3:Speed>0.0</ns3:Speed></ns3:TPX></Extensions></Trackpoint><Trackpoint><Time>2026-01-07T21:59:21Z</Time><HeartRateBpm><Value>96</Value></HeartRateBpm><Cadence>61</Cadence><Extensions><ns3:TPX><ns3:Speed>0.0</ns3:Speed></ns3:TPX></Extensions></Trackpoint><Trackpoint><Time>2026-01-07T21:59:22Z</Time><HeartRateBpm><Value>97</Value></HeartRateBpm><Cadence>61</Cadence><Extensions><ns3:TPX><ns3:Speed>0.0</ns3:Speed></ns3:TPX></Extensions></Trackpoint><Trackpoint><Time>2026-01-07T21:59:25Z</Time><HeartRateBpm><Value>98</Value></HeartRateBpm><Cadence>61</Cadence><Extensions><ns3:TPX><ns3:Speed>0.0</ns3:Speed></ns3:TPX></Extensions></Trackpoint><Trackpoint><Time>2026-01-07T21:59:28Z</Time><HeartRateBpm><Value>99</Value></HeartRateBpm><Cadence>61</Cadence><Extensions><ns3:TPX><ns3:Speed>0.0</ns3:Speed></ns3:TPX></Extensions></Trackpoint><Trackpoint><Time>2026-01-07T21:59:29Z</Time><HeartRateBpm><Value>100</Value></HeartRateBpm><Cadence>61</Cadence><Extensions><ns3:TPX><ns3:Speed>0.0</ns3:Speed></ns3:TPX></Extensions></Trackpoint><Trackpoint><Time>2026-01-07T21:59:34Z</Time><HeartRateBpm><Value>100</Value></HeartRateBpm><Cadence>61</Cadence><Extensions><ns3:TPX><ns3:Speed>0.0</ns3:Speed></ns3:TPX></Extensions></Trackpoint><Trackpoint><Time>2026-01-07T21:59:37Z</Time><HeartRateBpm><Value>101</Value></HeartRateBpm><Cadence>61</Cadence><Extensions><ns3:TPX><ns3:Speed>0.0</ns3:Speed></ns3:TPX></Extensions></Trackpoint><Trackpoint><Time>2026-01-07T21:59:40Z</Time><HeartRateBpm><Value>100</Value></HeartRateBpm><Cadence>61</Cadence><Extensions><ns3:TPX><ns3:Speed>0.0</ns3:Speed></ns3:TPX></Extensions></Trackpoint><Trackpoint><Time>2026-01-07T21:59:41Z</Time><HeartRateBpm><Value>99</Value></HeartRateBpm><Cadence>61</Cadence><Extensions><ns3:TPX><ns3:Speed>0.0</ns3:Speed></ns3:TPX></Extensions></Trackpoint><Trackpoint><Time>2026-01-07T21:59:46Z</Time><HeartRateBpm><Value>99</Value></HeartRateBpm><Cadence>61</Cadence><Extensions><ns3:TPX><ns3:Speed>0.0</ns3:Speed></ns3:TPX></Extensions></Trackpoint><Trackpoint><Time>2026-01-07T21:59:48Z</Time><HeartRateBpm><Value>100</Value></HeartRateBpm><Cadence>61</Cadence><Extensions><ns3:TPX><ns3:Speed>0.0</ns3:Speed></ns3:TPX></Extensions></Trackpoint><Trackpoint><Time>2026-01-07T21:59:53Z</Time><HeartRateBpm><Value>100</Value></HeartRateBpm><Cadence>61</Cadence><Extensions><ns3:TPX><ns3:Speed>0.0</ns3:Speed></ns3:TPX></Extensions></Trackpoint><Trackpoint><Time>2026-01-07T21:59:58Z</Time><HeartRateBpm><Value>101</Value></HeartRateBpm><Cadence>61</Cadence><Extensions><ns3:TPX><ns3:Speed>0.0</ns3:Speed></ns3:TPX></Extensions></Trackpoint><Trackpoint><Time>2026-01-07T21:59:59Z</Time><HeartRateBpm><Value>102</Value></HeartRateBpm><Cadence>61</Cadence><Extensions><ns3:TPX><ns3:Speed>0.0</ns3:Speed></ns3:TPX></Extensions></Trackpoint><Trackpoint><Time>2026-01-07T22:00:00Z</Time><HeartRateBpm><Value>103</Value></HeartRateBpm><Cadence>61</Cadence><Extensions><ns3:TPX><ns3:Speed>0.0</ns3:Speed></ns3:TPX></Extensions></Trackpoint><Trackpoint><Time>2026-01-07T22:00:01Z</Time><HeartRateBpm><Value>105</Value></HeartRateBpm><Cadence>61</Cadence><Extensions><ns3:TPX><ns3:Speed>0.0</ns3:Speed></ns3:TPX></Extensions></Trackpoint><Trackpoint><Time>2026-01-07T22:00:02Z</Time><HeartRateBpm><Value>104</Value></HeartRateBpm><Cadence>61</Cadence><Extensions><ns3:TPX><ns3:Speed>0.0</ns3:Speed></ns3:TPX></Extensions></Trackpoint><Trackpoint><Time>2026-01-07T22:00:05Z</Time><HeartRateBpm><Value>105</Value></HeartRateBpm><Cadence>61</Cadence><Extensions><ns3:TPX><ns3:Speed>0.0</ns3:Speed></ns3:TPX></Extensions></Trackpoint><Trackpoint><Time>2026-01-07T22:00:07Z</Time><HeartRateBpm><Value>106</Value></HeartRateBpm><Cadence>61</Cadence><Extensions><ns3:TPX><ns3:Speed>0.0</ns3:Speed></ns3:TPX></Extensions></Trackpoint><Trackpoint><Time>2026-01-07T22:00:11Z</Time><HeartRateBpm><Value>105</Value></HeartRateBpm><Cadence>61</Cadence><Extensions><ns3:TPX><ns3:Speed>0.0</ns3:Speed></ns3:TPX></Extensions></Trackpoint><Trackpoint><Time>2026-01-07T22:00:12Z</Time><HeartRateBpm><Value>104</Value></HeartRateBpm><Cadence>61</Cadence><Extensions><ns3:TPX><ns3:Speed>0.0</ns3:Speed></ns3:TPX></Extensions></Trackpoint><Trackpoint><Time>2026-01-07T22:00:13Z</Time><HeartRateBpm><Value>102</Value></HeartRateBpm><Cadence>61</Cadence><Extensions><ns3:TPX><ns3:Speed>0.0</ns3:Speed></ns3:TPX></Extensions></Trackpoint><Trackpoint><Time>2026-01-07T22:00:14Z</Time><HeartRateBpm><Value>101</Value></HeartRateBpm><Cadence>61</Cadence><Extensions><ns3:TPX><ns3:Speed>0.0</ns3:Speed></ns3:TPX></Extensions></Trackpoint><Trackpoint><Time>2026-01-07T22:00:16Z</Time><HeartRateBpm><Value>100</Value></HeartRateBpm><Cadence>61</Cadence><Extensions><ns3:TPX><ns3:Speed>0.0</ns3:Speed></ns3:TPX></Extensions></Trackpoint><Trackpoint><Time>2026-01-07T22:00:17Z</Time><HeartRateBpm><Value>99</Value></HeartRateBpm><Cadence>61</Cadence><Extensions><ns3:TPX><ns3:Speed>0.0</ns3:Speed></ns3:TPX></Extensions></Trackpoint><Trackpoint><Time>2026-01-07T22:00:18Z</Time><HeartRateBpm><Value>98</Value></HeartRateBpm><Cadence>61</Cadence><Extensions><ns3:TPX><ns3:Speed>0.0</ns3:Speed></ns3:TPX></Extensions></Trackpoint><Trackpoint><Time>2026-01-07T22:00:21Z</Time><HeartRateBpm><Value>99</Value></HeartRateBpm><Cadence>61</Cadence><Extensions><ns3:TPX><ns3:Speed>0.0</ns3:Speed></ns3:TPX></Extensions></Trackpoint><Trackpoint><Time>2026-01-07T22:00:23Z</Time><HeartRateBpm><Value>100</Value></HeartRateBpm><Cadence>61</Cadence><Extensions><ns3:TPX><ns3:Speed>0.0</ns3:Speed></ns3:TPX></Extensions></Trackpoint><Trackpoint><Time>2026-01-07T22:00:26Z</Time><HeartRateBpm><Value>101</Value></HeartRateBpm><Cadence>61</Cadence><Extensions><ns3:TPX><ns3:Speed>0.0</ns3:Speed></ns3:TPX></Extensions></Trackpoint><Trackpoint><Time>2026-01-07T22:00:27Z</Time><HeartRateBpm><Value>102</Value></HeartRateBpm><Cadence>61</Cadence><Extensions><ns3:TPX><ns3:Speed>0.0</ns3:Speed></ns3:TPX></Extensions></Trackpoint><Trackpoint><Time>2026-01-07T22:00:31Z</Time><HeartRateBpm><Value>100</Value></HeartRateBpm><Cadence>61</Cadence><Extensions><ns3:TPX><ns3:Speed>0.0</ns3:Speed></ns3:TPX></Extensions></Trackpoint><Trackpoint><Time>2026-01-07T22:00:32Z</Time><HeartRateBpm><Value>99</Value></HeartRateBpm><Cadence>61</Cadence><Extensions><ns3:TPX><ns3:Speed>0.0</ns3:Speed></ns3:TPX></Extensions></Trackpoint><Trackpoint><Time>2026-01-07T22:00:33Z</Time><HeartRateBpm><Value>98</Value></HeartRateBpm><Cadence>61</Cadence><Extensions><ns3:TPX><ns3:Speed>0.0</ns3:Speed></ns3:TPX></Extensions></Trackpoint><Trackpoint><Time>2026-01-07T22:00:35Z</Time><HeartRateBpm><Value>97</Value></HeartRateBpm><Cadence>61</Cadence><Extensions><ns3:TPX><ns3:Speed>0.0</ns3:Speed></ns3:TPX></Extensions></Trackpoint><Trackpoint><Time>2026-01-07T22:00:38Z</Time><HeartRateBpm><Value>96</Value></HeartRateBpm><Cadence>61</Cadence><Extensions><ns3:TPX><ns3:Speed>0.0</ns3:Speed></ns3:TPX></Extensions></Trackpoint><Trackpoint><Time>2026-01-07T22:00:43Z</Time><HeartRateBpm><Value>96</Value></HeartRateBpm><Cadence>61</Cadence><Extensions><ns3:TPX><ns3:Speed>0.0</ns3:Speed></ns3:TPX></Extensions></Trackpoint><Trackpoint><Time>2026-01-07T22:00:44Z</Time><HeartRateBpm><Value>97</Value></HeartRateBpm><Cadence>61</Cadence><Extensions><ns3:TPX><ns3:Speed>0.0</ns3:Speed></ns3:TPX></Extensions></Trackpoint><Trackpoint><Time>2026-01-07T22:00:47Z</Time><HeartRateBpm><Value>96</Value></HeartRateBpm><Cadence>61</Cadence><Extensions><ns3:TPX><ns3:Speed>0.0</ns3:Speed></ns3:TPX></Extensions></Trackpoint><Trackpoint><Time>2026-01-07T22:00:49Z</Time><HeartRateBpm><Value>95</Value></HeartRateBpm><Cadence>61</Cadence><Extensions><ns3:TPX><ns3:Speed>0.0</ns3:Speed></ns3:TPX></Extensions></Trackpoint><Trackpoint><Time>2026-01-07T22:00:53Z</Time><HeartRateBpm><Value>96</Value></HeartRateBpm><Cadence>61</Cadence><Extensions><ns3:TPX><ns3:Speed>0.0</ns3:Speed></ns3:TPX></Extensions></Trackpoint><Trackpoint><Time>2026-01-07T22:00:54Z</Time><HeartRateBpm><Value>97</Value></HeartRateBpm><Cadence>61</Cadence><Extensions><ns3:TPX><ns3:Speed>0.0</ns3:Speed></ns3:TPX></Extensions></Trackpoint><Trackpoint><Time>2026-01-07T22:00:59Z</Time><HeartRateBpm><Value>97</Value></HeartRateBpm><Cadence>61</Cadence><Extensions><ns3:TPX><ns3:Speed>0.0</ns3:Speed></ns3:TPX></Extensions></Trackpoint><Trackpoint><Time>2026-01-07T22:01:00Z</Time><HeartRateBpm><Value>98</Value></HeartRateBpm><Cadence>61</Cadence><Extensions><ns3:TPX><ns3:Speed>0.0</ns3:Speed></ns3:TPX></Extensions></Trackpoint><Trackpoint><Time>2026-01-07T22:01:01Z</Time><HeartRateBpm><Value>99</Value></HeartRateBpm><Cadence>61</Cadence><Extensions><ns3:TPX><ns3:Speed>0.0</ns3:Speed></ns3:TPX></Extensions></Trackpoint><Trackpoint><Time>2026-01-07T22:01:06Z</Time><HeartRateBpm><Value>99</Value></HeartRateBpm><Cadence>61</Cadence><Extensions><ns3:TPX><ns3:Speed>0.0</ns3:Speed></ns3:TPX></Extensions></Trackpoint><Trackpoint><Time>2026-01-07T22:01:08Z</Time><HeartRateBpm><Value>98</Value></HeartRateBpm><Cadence>61</Cadence><Extensions><ns3:TPX><ns3:Speed>0.0</ns3:Speed></ns3:TPX></Extensions></Trackpoint><Trackpoint><Time>2026-01-07T22:01:09Z</Time><HeartRateBpm><Value>99</Value></HeartRateBpm><Cadence>61</Cadence><Extensions><ns3:TPX><ns3:Speed>0.0</ns3:Speed></ns3:TPX></Extensions></Trackpoint><Trackpoint><Time>2026-01-07T22:01:12Z</Time><HeartRateBpm><Value>100</Value></HeartRateBpm><Cadence>61</Cadence><Extensions><ns3:TPX><ns3:Speed>0.0</ns3:Speed></ns3:TPX></Extensions></Trackpoint><Trackpoint><Time>2026-01-07T22:01:13Z</Time><HeartRateBpm><Value>99</Value></HeartRateBpm><Cadence>61</Cadence><Extensions><ns3:TPX><ns3:Speed>0.0</ns3:Speed></ns3:TPX></Extensions></Trackpoint><Trackpoint><Time>2026-01-07T22:01:14Z</Time><HeartRateBpm><Value>100</Value></HeartRateBpm><Cadence>61</Cadence><Extensions><ns3:TPX><ns3:Speed>0.0</ns3:Speed></ns3:TPX></Extensions></Trackpoint><Trackpoint><Time>2026-01-07T22:01:18Z</Time><HeartRateBpm><Value>101</Value></HeartRateBpm><Cadence>61</Cadence><Extensions><ns3:TPX><ns3:Speed>0.0</ns3:Speed></ns3:TPX></Extensions></Trackpoint><Trackpoint><Time>2026-01-07T22:01:20Z</Time><HeartRateBpm><Value>106</Value></HeartRateBpm><Cadence>61</Cadence><Extensions><ns3:TPX><ns3:Speed>0.0</ns3:Speed></ns3:TPX></Extensions></Trackpoint><Trackpoint><Time>2026-01-07T22:01:21Z</Time><HeartRateBpm><Value>107</Value></HeartRateBpm><Cadence>61</Cadence><Extensions><ns3:TPX><ns3:Speed>0.0</ns3:Speed></ns3:TPX></Extensions></Trackpoint><Trackpoint><Time>2026-01-07T22:01:24Z</Time><HeartRateBpm><Value>108</Value></HeartRateBpm><Cadence>61</Cadence><Extensions><ns3:TPX><ns3:Speed>0.0</ns3:Speed></ns3:TPX></Extensions></Trackpoint><Trackpoint><Time>2026-01-07T22:01:25Z</Time><HeartRateBpm><Value>109</Value></HeartRateBpm><Cadence>61</Cadence><Extensions><ns3:TPX><ns3:Speed>0.0</ns3:Speed></ns3:TPX></Extensions></Trackpoint><Trackpoint><Time>2026-01-07T22:01:26Z</Time><HeartRateBpm><Value>111</Value></HeartRateBpm><Cadence>61</Cadence><Extensions><ns3:TPX><ns3:Speed>0.0</ns3:Speed></ns3:TPX></Extensions></Trackpoint><Trackpoint><Time>2026-01-07T22:01:27Z</Time><HeartRateBpm><Value>105</Value></HeartRateBpm><Cadence>61</Cadence><Extensions><ns3:TPX><ns3:Speed>0.0</ns3:Speed></ns3:TPX></Extensions></Trackpoint><Trackpoint><Time>2026-01-07T22:01:29Z</Time><HeartRateBpm><Value>108</Value></HeartRateBpm><Cadence>61</Cadence><Extensions><ns3:TPX><ns3:Speed>0.0</ns3:Speed></ns3:TPX></Extensions></Trackpoint><Trackpoint><Time>2026-01-07T22:01:30Z</Time><HeartRateBpm><Value>105</Value></HeartRateBpm><Cadence>61</Cadence><Extensions><ns3:TPX><ns3:Speed>0.0</ns3:Speed></ns3:TPX></Extensions></Trackpoint><Trackpoint><Time>2026-01-07T22:01:31Z</Time><HeartRateBpm><Value>104</Value></HeartRateBpm><Cadence>61</Cadence><Extensions><ns3:TPX><ns3:Speed>0.0</ns3:Speed></ns3:TPX></Extensions></Trackpoint><Trackpoint><Time>2026-01-07T22:01:35Z</Time><HeartRateBpm><Value>105</Value></HeartRateBpm><Cadence>61</Cadence><Extensions><ns3:TPX><ns3:Speed>0.0</ns3:Speed></ns3:TPX></Extensions></Trackpoint><Trackpoint><Time>2026-01-07T22:01:37Z</Time><HeartRateBpm><Value>106</Value></HeartRateBpm><Cadence>61</Cadence><Extensions><ns3:TPX><ns3:Speed>0.0</ns3:Speed></ns3:TPX></Extensions></Trackpoint><Trackpoint><Time>2026-01-07T22:01:38Z</Time><HeartRateBpm><Value>107</Value></HeartRateBpm><Cadence>61</Cadence><Extensions><ns3:TPX><ns3:Speed>0.0</ns3:Speed></ns3:TPX></Extensions></Trackpoint><Trackpoint><Time>2026-01-07T22:01:39Z</Time><HeartRateBpm><Value>108</Value></HeartRateBpm><Cadence>61</Cadence><Extensions><ns3:TPX><ns3:Speed>0.0</ns3:Speed></ns3:TPX></Extensions></Trackpoint><Trackpoint><Time>2026-01-07T22:01:43Z</Time><HeartRateBpm><Value>109</Value></HeartRateBpm><Cadence>61</Cadence><Extensions><ns3:TPX><ns3:Speed>0.0</ns3:Speed></ns3:TPX></Extensions></Trackpoint><Trackpoint><Time>2026-01-07T22:01:45Z</Time><HeartRateBpm><Value>108</Value></HeartRateBpm><Cadence>61</Cadence><Extensions><ns3:TPX><ns3:Speed>0.0</ns3:Speed></ns3:TPX></Extensions></Trackpoint><Trackpoint><Time>2026-01-07T22:01:50Z</Time><HeartRateBpm><Value>108</Value></HeartRateBpm><Cadence>61</Cadence><Extensions><ns3:TPX><ns3:Speed>0.0</ns3:Speed></ns3:TPX></Extensions></Trackpoint><Trackpoint><Time>2026-01-07T22:01:55Z</Time><HeartRateBpm><Value>107</Value></HeartRateBpm><Cadence>61</Cadence><Extensions><ns3:TPX><ns3:Speed>0.0</ns3:Speed></ns3:TPX></Extensions></Trackpoint><Trackpoint><Time>2026-01-07T22:01:56Z</Time><HeartRateBpm><Value>106</Value></HeartRateBpm><Cadence>61</Cadence><Extensions><ns3:TPX><ns3:Speed>0.0</ns3:Speed></ns3:TPX></Extensions></Trackpoint><Trackpoint><Time>2026-01-07T22:01:57Z</Time><HeartRateBpm><Value>103</Value></HeartRateBpm><Cadence>61</Cadence><Extensions><ns3:TPX><ns3:Speed>0.0</ns3:Speed></ns3:TPX></Extensions></Trackpoint><Trackpoint><Time>2026-01-07T22:02:00Z</Time><HeartRateBpm><Value>102</Value></HeartRateBpm><Cadence>61</Cadence><Extensions><ns3:TPX><ns3:Speed>0.0</ns3:Speed></ns3:TPX></Extensions></Trackpoint><Trackpoint><Time>2026-01-07T22:02:01Z</Time><HeartRateBpm><Value>100</Value></HeartRateBpm><Cadence>61</Cadence><Extensions><ns3:TPX><ns3:Speed>0.0</ns3:Speed></ns3:TPX></Extensions></Trackpoint><Trackpoint><Time>2026-01-07T22:02:02Z</Time><HeartRateBpm><Value>99</Value></HeartRateBpm><Cadence>61</Cadence><Extensions><ns3:TPX><ns3:Speed>0.0</ns3:Speed></ns3:TPX></Extensions></Trackpoint><Trackpoint><Time>2026-01-07T22:02:04Z</Time><HeartRateBpm><Value>104</Value></HeartRateBpm><Cadence>61</Cadence><Extensions><ns3:TPX><ns3:Speed>0.0</ns3:Speed></ns3:TPX></Extensions></Trackpoint><Trackpoint><Time>2026-01-07T22:02:06Z</Time><HeartRateBpm><Value>108</Value></HeartRateBpm><Cadence>61</Cadence><Extensions><ns3:TPX><ns3:Speed>0.0</ns3:Speed></ns3:TPX></Extensions></Trackpoint><Trackpoint><Time>2026-01-07T22:02:07Z</Time><HeartRateBpm><Value>110</Value></HeartRateBpm><Cadence>61</Cadence><Extensions><ns3:TPX><ns3:Speed>0.0</ns3:Speed></ns3:TPX></Extensions></Trackpoint><Trackpoint><Time>2026-01-07T22:02:08Z</Time><HeartRateBpm><Value>111</Value></HeartRateBpm><Cadence>61</Cadence><Extensions><ns3:TPX><ns3:Speed>0.0</ns3:Speed></ns3:TPX></Extensions></Trackpoint><Trackpoint><Time>2026-01-07T22:02:10Z</Time><HeartRateBpm><Value>112</Value></HeartRateBpm><Cadence>61</Cadence><Extensions><ns3:TPX><ns3:Speed>0.0</ns3:Speed></ns3:TPX></Extensions></Trackpoint><Trackpoint><Time>2026-01-07T22:02:12Z</Time><HeartRateBpm><Value>113</Value></HeartRateBpm><Cadence>61</Cadence><Extensions><ns3:TPX><ns3:Speed>0.0</ns3:Speed></ns3:TPX></Extensions></Trackpoint><Trackpoint><Time>2026-01-07T22:02:13Z</Time><HeartRateBpm><Value>114</Value></HeartRateBpm><Cadence>61</Cadence><Extensions><ns3:TPX><ns3:Speed>0.0</ns3:Speed></ns3:TPX></Extensions></Trackpoint><Trackpoint><Time>2026-01-07T22:02:14Z</Time><HeartRateBpm><Value>115</Value></HeartRateBpm><Cadence>61</Cadence><Extensions><ns3:TPX><ns3:Speed>0.0</ns3:Speed></ns3:TPX></Extensions></Trackpoint><Trackpoint><Time>2026-01-07T22:02:16Z</Time><HeartRateBpm><Value>114</Value></HeartRateBpm><Cadence>61</Cadence><Extensions><ns3:TPX><ns3:Speed>0.0</ns3:Speed></ns3:TPX></Extensions></Trackpoint><Trackpoint><Time>2026-01-07T22:02:20Z</Time><HeartRateBpm><Value>113</Value></HeartRateBpm><Cadence>61</Cadence><Extensions><ns3:TPX><ns3:Speed>0.0</ns3:Speed></ns3:TPX></Extensions></Trackpoint><Trackpoint><Time>2026-01-07T22:02:25Z</Time><HeartRateBpm><Value>113</Value></HeartRateBpm><Cadence>61</Cadence><Extensions><ns3:TPX><ns3:Speed>0.0</ns3:Speed></ns3:TPX></Extensions></Trackpoint><Trackpoint><Time>2026-01-07T22:02:27Z</Time><HeartRateBpm><Value>104</Value></HeartRateBpm><Cadence>61</Cadence><Extensions><ns3:TPX><ns3:Speed>0.0</ns3:Speed></ns3:TPX></Extensions></Trackpoint><Trackpoint><Time>2026-01-07T22:02:32Z</Time><HeartRateBpm><Value>104</Value></HeartRateBpm><Cadence>61</Cadence><Extensions><ns3:TPX><ns3:Speed>0.0</ns3:Speed></ns3:TPX></Extensions></Trackpoint><Trackpoint><Time>2026-01-07T22:02:36Z</Time><HeartRateBpm><Value>105</Value></HeartRateBpm><Cadence>61</Cadence><Extensions><ns3:TPX><ns3:Speed>0.0</ns3:Speed></ns3:TPX></Extensions></Trackpoint><Trackpoint><Time>2026-01-07T22:02:38Z</Time><HeartRateBpm><Value>106</Value></HeartRateBpm><Cadence>61</Cadence><Extensions><ns3:TPX><ns3:Speed>0.0</ns3:Speed></ns3:TPX></Extensions></Trackpoint><Trackpoint><Time>2026-01-07T22:02:39Z</Time><HeartRateBpm><Value>107</Value></HeartRateBpm><Cadence>61</Cadence><Extensions><ns3:TPX><ns3:Speed>0.0</ns3:Speed></ns3:TPX></Extensions></Trackpoint><Trackpoint><Time>2026-01-07T22:02:44Z</Time><HeartRateBpm><Value>108</Value></HeartRateBpm><Cadence>61</Cadence><Extensions><ns3:TPX><ns3:Speed>0.0</ns3:Speed></ns3:TPX></Extensions></Trackpoint><Trackpoint><Time>2026-01-07T22:02:45Z</Time><HeartRateBpm><Value>109</Value></HeartRateBpm><Cadence>61</Cadence><Extensions><ns3:TPX><ns3:Speed>0.0</ns3:Speed></ns3:TPX></Extensions></Trackpoint><Trackpoint><Time>2026-01-07T22:02:50Z</Time><HeartRateBpm><Value>109</Value></HeartRateBpm><Cadence>61</Cadence><Extensions><ns3:TPX><ns3:Speed>0.0</ns3:Speed></ns3:TPX></Extensions></Trackpoint><Trackpoint><Time>2026-01-07T22:02:52Z</Time><HeartRateBpm><Value>108</Value></HeartRateBpm><Cadence>61</Cadence><Extensions><ns3:TPX><ns3:Speed>0.0</ns3:Speed></ns3:TPX></Extensions></Trackpoint><Trackpoint><Time>2026-01-07T22:02:54Z</Time><HeartRateBpm><Value>109</Value></HeartRateBpm><Cadence>61</Cadence><Extensions><ns3:TPX><ns3:Speed>0.0</ns3:Speed></ns3:TPX></Extensions></Trackpoint><Trackpoint><Time>2026-01-07T22:02:56Z</Time><HeartRateBpm><Value>110</Value></HeartRateBpm><Cadence>61</Cadence><Extensions><ns3:TPX><ns3:Speed>0.0</ns3:Speed></ns3:TPX></Extensions></Trackpoint><Trackpoint><Time>2026-01-07T22:03:00Z</Time><HeartRateBpm><Value>110</Value></HeartRateBpm><Cadence>61</Cadence><Extensions><ns3:TPX><ns3:Speed>0.0</ns3:Speed></ns3:TPX></Extensions></Trackpoint><Trackpoint><Time>2026-01-07T22:03:03Z</Time><HeartRateBpm><Value>111</Value></HeartRateBpm><Cadence>61</Cadence><Extensions><ns3:TPX><ns3:Speed>0.0</ns3:Speed></ns3:TPX></Extensions></Trackpoint><Trackpoint><Time>2026-01-07T22:03:08Z</Time><HeartRateBpm><Value>111</Value></HeartRateBpm><Cadence>61</Cadence><Extensions><ns3:TPX><ns3:Speed>0.0</ns3:Speed></ns3:TPX></Extensions></Trackpoint><Trackpoint><Time>2026-01-07T22:03:09Z</Time><HeartRateBpm><Value>112</Value></HeartRateBpm><Cadence>61</Cadence><Extensions><ns3:TPX><ns3:Speed>0.0</ns3:Speed></ns3:TPX></Extensions></Trackpoint><Trackpoint><Time>2026-01-07T22:03:10Z</Time><HeartRateBpm><Value>113</Value></HeartRateBpm><Cadence>61</Cadence><Extensions><ns3:TPX><ns3:Speed>0.0</ns3:Speed></ns3:TPX></Extensions></Trackpoint><Trackpoint><Time>2026-01-07T22:03:12Z</Time><HeartRateBpm><Value>112</Value></HeartRateBpm><Cadence>61</Cadence><Extensions><ns3:TPX><ns3:Speed>0.0</ns3:Speed></ns3:TPX></Extensions></Trackpoint><Trackpoint><Time>2026-01-07T22:03:18Z</Time><HeartRateBpm><Value>112</Value></HeartRateBpm><Cadence>61</Cadence><Extensions><ns3:TPX><ns3:Speed>0.0</ns3:Speed></ns3:TPX></Extensions></Trackpoint><Trackpoint><Time>2026-01-07T22:03:22Z</Time><HeartRateBpm><Value>113</Value></HeartRateBpm><Cadence>61</Cadence><Extensions><ns3:TPX><ns3:Speed>0.0</ns3:Speed></ns3:TPX></Extensions></Trackpoint><Trackpoint><Time>2026-01-07T22:03:27Z</Time><HeartRateBpm><Value>114</Value></HeartRateBpm><Cadence>61</Cadence><Extensions><ns3:TPX><ns3:Speed>0.0</ns3:Speed></ns3:TPX></Extensions></Trackpoint><Trackpoint><Time>2026-01-07T22:03:28Z</Time><HeartRateBpm><Value>115</Value></HeartRateBpm><Cadence>61</Cadence><Extensions><ns3:TPX><ns3:Speed>0.0</ns3:Speed></ns3:TPX></Extensions></Trackpoint><Trackpoint><Time>2026-01-07T22:03:29Z</Time><HeartRateBpm><Value>116</Value></HeartRateBpm><Cadence>61</Cadence><Extensions><ns3:TPX><ns3:Speed>0.0</ns3:Speed></ns3:TPX></Extensions></Trackpoint><Trackpoint><Time>2026-01-07T22:03:31Z</Time><HeartRateBpm><Value>117</Value></HeartRateBpm><Cadence>61</Cadence><Extensions><ns3:TPX><ns3:Speed>0.0</ns3:Speed></ns3:TPX></Extensions></Trackpoint><Trackpoint><Time>2026-01-07T22:03:32Z</Time><HeartRateBpm><Value>118</Value></HeartRateBpm><Cadence>61</Cadence><Extensions><ns3:TPX><ns3:Speed>0.0</ns3:Speed></ns3:TPX></Extensions></Trackpoint><Trackpoint><Time>2026-01-07T22:03:33Z</Time><HeartRateBpm><Value>117</Value></HeartRateBpm><Cadence>61</Cadence><Extensions><ns3:TPX><ns3:Speed>0.0</ns3:Speed></ns3:TPX></Extensions></Trackpoint><Trackpoint><Time>2026-01-07T22:03:37Z</Time><HeartRateBpm><Value>116</Value></HeartRateBpm><Cadence>61</Cadence><Extensions><ns3:TPX><ns3:Speed>0.0</ns3:Speed></ns3:TPX></Extensions></Trackpoint><Trackpoint><Time>2026-01-07T22:03:39Z</Time><HeartRateBpm><Value>112</Value></HeartRateBpm><Cadence>61</Cadence><Extensions><ns3:TPX><ns3:Speed>0.0</ns3:Speed></ns3:TPX></Extensions></Trackpoint><Trackpoint><Time>2026-01-07T22:03:40Z</Time><HeartRateBpm><Value>111</Value></HeartRateBpm><Cadence>61</Cadence><Extensions><ns3:TPX><ns3:Speed>0.0</ns3:Speed></ns3:TPX></Extensions></Trackpoint><Trackpoint><Time>2026-01-07T22:03:43Z</Time><HeartRateBpm><Value>110</Value></HeartRateBpm><Cadence>61</Cadence><Extensions><ns3:TPX><ns3:Speed>0.0</ns3:Speed></ns3:TPX></Extensions></Trackpoint><Trackpoint><Time>2026-01-07T22:03:47Z</Time><HeartRateBpm><Value>111</Value></HeartRateBpm><Cadence>61</Cadence><Extensions><ns3:TPX><ns3:Speed>0.0</ns3:Speed></ns3:TPX></Extensions></Trackpoint><Trackpoint><Time>2026-01-07T22:03:49Z</Time><HeartRateBpm><Value>113</Value></HeartRateBpm><Cadence>61</Cadence><Extensions><ns3:TPX><ns3:Speed>0.0</ns3:Speed></ns3:TPX></Extensions></Trackpoint><Trackpoint><Time>2026-01-07T22:03:50Z</Time><HeartRateBpm><Value>114</Value></HeartRateBpm><Cadence>61</Cadence><Extensions><ns3:TPX><ns3:Speed>0.0</ns3:Speed></ns3:TPX></Extensions></Trackpoint><Trackpoint><Time>2026-01-07T22:03:55Z</Time><HeartRateBpm><Value>114</Value></HeartRateBpm><Cadence>61</Cadence><Extensions><ns3:TPX><ns3:Speed>0.0</ns3:Speed></ns3:TPX></Extensions></Trackpoint><Trackpoint><Time>2026-01-07T22:03:57Z</Time><HeartRateBpm><Value>113</Value></HeartRateBpm><Cadence>61</Cadence><Extensions><ns3:TPX><ns3:Speed>0.0</ns3:Speed></ns3:TPX></Extensions></Trackpoint><Trackpoint><Time>2026-01-07T22:04:02Z</Time><HeartRateBpm><Value>113</Value></HeartRateBpm><Cadence>61</Cadence><Extensions><ns3:TPX><ns3:Speed>0.0</ns3:Speed></ns3:TPX></Extensions></Trackpoint><Trackpoint><Time>2026-01-07T22:04:03Z</Time><HeartRateBpm><Value>114</Value></HeartRateBpm><Cadence>61</Cadence><Extensions><ns3:TPX><ns3:Speed>0.0</ns3:Speed></ns3:TPX></Extensions></Trackpoint><Trackpoint><Time>2026-01-07T22:04:05Z</Time><HeartRateBpm><Value>115</Value></HeartRateBpm><Cadence>61</Cadence><Extensions><ns3:TPX><ns3:Speed>0.0</ns3:Speed></ns3:TPX></Extensions></Trackpoint><Trackpoint><Time>2026-01-07T22:04:07Z</Time><HeartRateBpm><Value>116</Value></HeartRateBpm><Cadence>61</Cadence><Extensions><ns3:TPX><ns3:Speed>0.0</ns3:Speed></ns3:TPX></Extensions></Trackpoint><Trackpoint><Time>2026-01-07T22:04:08Z</Time><HeartRateBpm><Value>117</Value></HeartRateBpm><Cadence>61</Cadence><Extensions><ns3:TPX><ns3:Speed>0.0</ns3:Speed></ns3:TPX></Extensions></Trackpoint><Trackpoint><Time>2026-01-07T22:04:09Z</Time><HeartRateBpm><Value>119</Value></HeartRateBpm><Cadence>61</Cadence><Extensions><ns3:TPX><ns3:Speed>0.0</ns3:Speed></ns3:TPX></Extensions></Trackpoint><Trackpoint><Time>2026-01-07T22:04:10Z</Time><HeartRateBpm><Value>121</Value></HeartRateBpm><Cadence>61</Cadence><Extensions><ns3:TPX><ns3:Speed>0.0</ns3:Speed></ns3:TPX></Extensions></Trackpoint><Trackpoint><Time>2026-01-07T22:04:14Z</Time><HeartRateBpm><Value>119</Value></HeartRateBpm><Cadence>61</Cadence><Extensions><ns3:TPX><ns3:Speed>0.0</ns3:Speed></ns3:TPX></Extensions></Trackpoint><Trackpoint><Time>2026-01-07T22:04:15Z</Time><HeartRateBpm><Value>118</Value></HeartRateBpm><Cadence>61</Cadence><Extensions><ns3:TPX><ns3:Speed>0.0</ns3:Speed></ns3:TPX></Extensions></Trackpoint><Trackpoint><Time>2026-01-07T22:04:16Z</Time><HeartRateBpm><Value>116</Value></HeartRateBpm><Cadence>61</Cadence><Extensions><ns3:TPX><ns3:Speed>0.0</ns3:Speed></ns3:TPX></Extensions></Trackpoint><Trackpoint><Time>2026-01-07T22:04:17Z</Time><HeartRateBpm><Value>115</Value></HeartRateBpm><Cadence>61</Cadence><Extensions><ns3:TPX><ns3:Speed>0.0</ns3:Speed></ns3:TPX></Extensions></Trackpoint><Trackpoint><Time>2026-01-07T22:04:20Z</Time><HeartRateBpm><Value>117</Value></HeartRateBpm><Cadence>61</Cadence><Extensions><ns3:TPX><ns3:Speed>0.0</ns3:Speed></ns3:TPX></Extensions></Trackpoint><Trackpoint><Time>2026-01-07T22:04:22Z</Time><HeartRateBpm><Value>118</Value></HeartRateBpm><Cadence>61</Cadence><Extensions><ns3:TPX><ns3:Speed>0.0</ns3:Speed></ns3:TPX></Extensions></Trackpoint><Trackpoint><Time>2026-01-07T22:04:25Z</Time><HeartRateBpm><Value>119</Value></HeartRateBpm><Cadence>61</Cadence><Extensions><ns3:TPX><ns3:Speed>0.0</ns3:Speed></ns3:TPX></Extensions></Trackpoint><Trackpoint><Time>2026-01-07T22:04:27Z</Time><HeartRateBpm><Value>120</Value></HeartRateBpm><Cadence>61</Cadence><Extensions><ns3:TPX><ns3:Speed>0.0</ns3:Speed></ns3:TPX></Extensions></Trackpoint><Trackpoint><Time>2026-01-07T22:04:32Z</Time><HeartRateBpm><Value>121</Value></HeartRateBpm><Cadence>61</Cadence><Extensions><ns3:TPX><ns3:Speed>0.0</ns3:Speed></ns3:TPX></Extensions></Trackpoint><Trackpoint><Time>2026-01-07T22:04:35Z</Time><HeartRateBpm><Value>122</Value></HeartRateBpm><Cadence>61</Cadence><Extensions><ns3:TPX><ns3:Speed>0.0</ns3:Speed></ns3:TPX></Extensions></Trackpoint><Trackpoint><Time>2026-01-07T22:04:37Z</Time><HeartRateBpm><Value>123</Value></HeartRateBpm><Cadence>61</Cadence><Extensions><ns3:TPX><ns3:Speed>0.0</ns3:Speed></ns3:TPX></Extensions></Trackpoint><Trackpoint><Time>2026-01-07T22:04:38Z</Time><HeartRateBpm><Value>124</Value></HeartRateBpm><Cadence>61</Cadence><Extensions><ns3:TPX><ns3:Speed>0.0</ns3:Speed></ns3:TPX></Extensions></Trackpoint><Trackpoint><Time>2026-01-07T22:04:40Z</Time><HeartRateBpm><Value>126</Value></HeartRateBpm><Cadence>61</Cadence><Extensions><ns3:TPX><ns3:Speed>0.0</ns3:Speed></ns3:TPX></Extensions></Trackpoint><Trackpoint><Time>2026-01-07T22:04:41Z</Time><HeartRateBpm><Value>127</Value></HeartRateBpm><Cadence>61</Cadence><Extensions><ns3:TPX><ns3:Speed>0.0</ns3:Speed></ns3:TPX></Extensions></Trackpoint><Trackpoint><Time>2026-01-07T22:04:45Z</Time><HeartRateBpm><Value>126</Value></HeartRateBpm><Cadence>61</Cadence><Extensions><ns3:TPX><ns3:Speed>0.0</ns3:Speed></ns3:TPX></Extensions></Trackpoint><Trackpoint><Time>2026-01-07T22:04:46Z</Time><HeartRateBpm><Value>125</Value></HeartRateBpm><Cadence>61</Cadence><Extensions><ns3:TPX><ns3:Speed>0.0</ns3:Speed></ns3:TPX></Extensions></Trackpoint><Trackpoint><Time>2026-01-07T22:04:48Z</Time><HeartRateBpm><Value>126</Value></HeartRateBpm><Cadence>61</Cadence><Extensions><ns3:TPX><ns3:Speed>0.0</ns3:Speed></ns3:TPX></Extensions></Trackpoint><Trackpoint><Time>2026-01-07T22:04:53Z</Time><HeartRateBpm><Value>126</Value></HeartRateBpm><Cadence>61</Cadence><Extensions><ns3:TPX><ns3:Speed>0.0</ns3:Speed></ns3:TPX></Extensions></Trackpoint><Trackpoint><Time>2026-01-07T22:04:58Z</Time><HeartRateBpm><Value>128</Value></HeartRateBpm><Cadence>61</Cadence><Extensions><ns3:TPX><ns3:Speed>0.0</ns3:Speed></ns3:TPX></Extensions></Trackpoint><Trackpoint><Time>2026-01-07T22:04:59Z</Time><HeartRateBpm><Value>129</Value></HeartRateBpm><Cadence>61</Cadence><Extensions><ns3:TPX><ns3:Speed>0.0</ns3:Speed></ns3:TPX></Extensions></Trackpoint><Trackpoint><Time>2026-01-07T22:05:00Z</Time><HeartRateBpm><Value>131</Value></HeartRateBpm><Cadence>61</Cadence><Extensions><ns3:TPX><ns3:Speed>0.0</ns3:Speed></ns3:TPX></Extensions></Trackpoint><Trackpoint><Time>2026-01-07T22:05:02Z</Time><HeartRateBpm><Value>132</Value></HeartRateBpm><Cadence>61</Cadence><Extensions><ns3:TPX><ns3:Speed>0.0</ns3:Speed></ns3:TPX></Extensions></Trackpoint><Trackpoint><Time>2026-01-07T22:05:08Z</Time><HeartRateBpm><Value>132</Value></HeartRateBpm><Cadence>61</Cadence><Extensions><ns3:TPX><ns3:Speed>0.0</ns3:Speed></ns3:TPX></Extensions></Trackpoint><Trackpoint><Time>2026-01-07T22:05:12Z</Time><HeartRateBpm><Value>131</Value></HeartRateBpm><Cadence>61</Cadence><Extensions><ns3:TPX><ns3:Speed>0.0</ns3:Speed></ns3:TPX></Extensions></Trackpoint><Trackpoint><Time>2026-01-07T22:05:14Z</Time><HeartRateBpm><Value>130</Value></HeartRateBpm><Cadence>61</Cadence><Extensions><ns3:TPX><ns3:Speed>0.0</ns3:Speed></ns3:TPX></Extensions></Trackpoint><Trackpoint><Time>2026-01-07T22:05:16Z</Time><HeartRateBpm><Value>129</Value></HeartRateBpm><Cadence>61</Cadence><Extensions><ns3:TPX><ns3:Speed>0.0</ns3:Speed></ns3:TPX></Extensions></Trackpoint><Trackpoint><Time>2026-01-07T22:05:21Z</Time><HeartRateBpm><Value>129</Value></HeartRateBpm><Cadence>61</Cadence><Extensions><ns3:TPX><ns3:Speed>0.0</ns3:Speed></ns3:TPX></Extensions></Trackpoint><Trackpoint><Time>2026-01-07T22:05:24Z</Time><HeartRateBpm><Value>130</Value></HeartRateBpm><Cadence>61</Cadence><Extensions><ns3:TPX><ns3:Speed>0.0</ns3:Speed></ns3:TPX></Extensions></Trackpoint><Trackpoint><Time>2026-01-07T22:05:29Z</Time><HeartRateBpm><Value>132</Value></HeartRateBpm><Cadence>61</Cadence><Extensions><ns3:TPX><ns3:Speed>0.0</ns3:Speed></ns3:TPX></Extensions></Trackpoint><Trackpoint><Time>2026-01-07T22:05:30Z</Time><HeartRateBpm><Value>133</Value></HeartRateBpm><Cadence>61</Cadence><Extensions><ns3:TPX><ns3:Speed>0.0</ns3:Speed></ns3:TPX></Extensions></Trackpoint><Trackpoint><Time>2026-01-07T22:05:35Z</Time><HeartRateBpm><Value>132</Value></HeartRateBpm><Cadence>61</Cadence><Extensions><ns3:TPX><ns3:Speed>0.0</ns3:Speed></ns3:TPX></Extensions></Trackpoint><Trackpoint><Time>2026-01-07T22:05:40Z</Time><HeartRateBpm><Value>132</Value></HeartRateBpm><Cadence>61</Cadence><Extensions><ns3:TPX><ns3:Speed>0.0</ns3:Speed></ns3:TPX></Extensions></Trackpoint><Trackpoint><Time>2026-01-07T22:05:41Z</Time><HeartRateBpm><Value>134</Value></HeartRateBpm><Cadence>61</Cadence><Extensions><ns3:TPX><ns3:Speed>0.0</ns3:Speed></ns3:TPX></Extensions></Trackpoint><Trackpoint><Time>2026-01-07T22:05:44Z</Time><HeartRateBpm><Value>133</Value></HeartRateBpm><Cadence>61</Cadence><Extensions><ns3:TPX><ns3:Speed>0.0</ns3:Speed></ns3:TPX></Extensions></Trackpoint><Trackpoint><Time>2026-01-07T22:05:45Z</Time><HeartRateBpm><Value>132</Value></HeartRateBpm><Cadence>61</Cadence><Extensions><ns3:TPX><ns3:Speed>0.0</ns3:Speed></ns3:TPX></Extensions></Trackpoint><Trackpoint><Time>2026-01-07T22:05:47Z</Time><HeartRateBpm><Value>131</Value></HeartRateBpm><Cadence>61</Cadence><Extensions><ns3:TPX><ns3:Speed>0.0</ns3:Speed></ns3:TPX></Extensions></Trackpoint><Trackpoint><Time>2026-01-07T22:05:48Z</Time><HeartRateBpm><Value>130</Value></HeartRateBpm><Cadence>61</Cadence><Extensions><ns3:TPX><ns3:Speed>0.0</ns3:Speed></ns3:TPX></Extensions></Trackpoint><Trackpoint><Time>2026-01-07T22:05:53Z</Time><HeartRateBpm><Value>132</Value></HeartRateBpm><Cadence>61</Cadence><Extensions><ns3:TPX><ns3:Speed>0.0</ns3:Speed></ns3:TPX></Extensions></Trackpoint><Trackpoint><Time>2026-01-07T22:05:58Z</Time><HeartRateBpm><Value>132</Value></HeartRateBpm><Cadence>61</Cadence><Extensions><ns3:TPX><ns3:Speed>0.0</ns3:Speed></ns3:TPX></Extensions></Trackpoint><Trackpoint><Time>2026-01-07T22:06:00Z</Time><HeartRateBpm><Value>133</Value></HeartRateBpm><Cadence>61</Cadence><Extensions><ns3:TPX><ns3:Speed>0.0</ns3:Speed></ns3:TPX></Extensions></Trackpoint><Trackpoint><Time>2026-01-07T22:06:02Z</Time><HeartRateBpm><Value>134</Value></HeartRateBpm><Cadence>61</Cadence><Extensions><ns3:TPX><ns3:Speed>0.0</ns3:Speed></ns3:TPX></Extensions></Trackpoint><Trackpoint><Time>2026-01-07T22:06:05Z</Time><HeartRateBpm><Value>133</Value></HeartRateBpm><Cadence>61</Cadence><Extensions><ns3:TPX><ns3:Speed>0.0</ns3:Speed></ns3:TPX></Extensions></Trackpoint><Trackpoint><Time>2026-01-07T22:06:06Z</Time><HeartRateBpm><Value>134</Value></HeartRateBpm><Cadence>61</Cadence><Extensions><ns3:TPX><ns3:Speed>0.0</ns3:Speed></ns3:TPX></Extensions></Trackpoint><Trackpoint><Time>2026-01-07T22:06:08Z</Time><HeartRateBpm><Value>135</Value></HeartRateBpm><Cadence>61</Cadence><Extensions><ns3:TPX><ns3:Speed>0.0</ns3:Speed></ns3:TPX></Extensions></Trackpoint><Trackpoint><Time>2026-01-07T22:06:09Z</Time><HeartRateBpm><Value>136</Value></HeartRateBpm><Cadence>61</Cadence><Extensions><ns3:TPX><ns3:Speed>0.0</ns3:Speed></ns3:TPX></Extensions></Trackpoint><Trackpoint><Time>2026-01-07T22:06:10Z</Time><HeartRateBpm><Value>137</Value></HeartRateBpm><Cadence>61</Cadence><Extensions><ns3:TPX><ns3:Speed>0.0</ns3:Speed></ns3:TPX></Extensions></Trackpoint><Trackpoint><Time>2026-01-07T22:06:11Z</Time><HeartRateBpm><Value>138</Value></HeartRateBpm><Cadence>61</Cadence><Extensions><ns3:TPX><ns3:Speed>0.0</ns3:Speed></ns3:TPX></Extensions></Trackpoint><Trackpoint><Time>2026-01-07T22:06:13Z</Time><HeartRateBpm><Value>137</Value></HeartRateBpm><Cadence>61</Cadence><Extensions><ns3:TPX><ns3:Speed>0.0</ns3:Speed></ns3:TPX></Extensions></Trackpoint><Trackpoint><Time>2026-01-07T22:06:15Z</Time><HeartRateBpm><Value>136</Value></HeartRateBpm><Cadence>61</Cadence><Extensions><ns3:TPX><ns3:Speed>0.0</ns3:Speed></ns3:TPX></Extensions></Trackpoint><Trackpoint><Time>2026-01-07T22:06:16Z</Time><HeartRateBpm><Value>135</Value></HeartRateBpm><Cadence>61</Cadence><Extensions><ns3:TPX><ns3:Speed>0.0</ns3:Speed></ns3:TPX></Extensions></Trackpoint><Trackpoint><Time>2026-01-07T22:06:17Z</Time><HeartRateBpm><Value>132</Value></HeartRateBpm><Cadence>61</Cadence><Extensions><ns3:TPX><ns3:Speed>0.0</ns3:Speed></ns3:TPX></Extensions></Trackpoint><Trackpoint><Time>2026-01-07T22:06:22Z</Time><HeartRateBpm><Value>131</Value></HeartRateBpm><Cadence>61</Cadence><Extensions><ns3:TPX><ns3:Speed>0.0</ns3:Speed></ns3:TPX></Extensions></Trackpoint><Trackpoint><Time>2026-01-07T22:06:23Z</Time><HeartRateBpm><Value>130</Value></HeartRateBpm><Cadence>61</Cadence><Extensions><ns3:TPX><ns3:Speed>0.0</ns3:Speed></ns3:TPX></Extensions></Trackpoint><Trackpoint><Time>2026-01-07T22:06:25Z</Time><HeartRateBpm><Value>129</Value></HeartRateBpm><Cadence>61</Cadence><Extensions><ns3:TPX><ns3:Speed>0.0</ns3:Speed></ns3:TPX></Extensions></Trackpoint><Trackpoint><Time>2026-01-07T22:06:27Z</Time><HeartRateBpm><Value>128</Value></HeartRateBpm><Cadence>61</Cadence><Extensions><ns3:TPX><ns3:Speed>0.0</ns3:Speed></ns3:TPX></Extensions></Trackpoint><Trackpoint><Time>2026-01-07T22:06:28Z</Time><HeartRateBpm><Value>127</Value></HeartRateBpm><Cadence>61</Cadence><Extensions><ns3:TPX><ns3:Speed>0.0</ns3:Speed></ns3:TPX></Extensions></Trackpoint><Trackpoint><Time>2026-01-07T22:06:30Z</Time><HeartRateBpm><Value>126</Value></HeartRateBpm><Cadence>61</Cadence><Extensions><ns3:TPX><ns3:Speed>0.0</ns3:Speed></ns3:TPX></Extensions></Trackpoint><Trackpoint><Time>2026-01-07T22:06:33Z</Time><HeartRateBpm><Value>125</Value></HeartRateBpm><Cadence>61</Cadence><Extensions><ns3:TPX><ns3:Speed>0.0</ns3:Speed></ns3:TPX></Extensions></Trackpoint><Trackpoint><Time>2026-01-07T22:06:34Z</Time><HeartRateBpm><Value>124</Value></HeartRateBpm><Cadence>61</Cadence><Extensions><ns3:TPX><ns3:Speed>0.0</ns3:Speed></ns3:TPX></Extensions></Trackpoint><Trackpoint><Time>2026-01-07T22:06:39Z</Time><HeartRateBpm><Value>124</Value></HeartRateBpm><Cadence>61</Cadence><Extensions><ns3:TPX><ns3:Speed>0.0</ns3:Speed></ns3:TPX></Extensions></Trackpoint><Trackpoint><Time>2026-01-07T22:06:40Z</Time><HeartRateBpm><Value>123</Value></HeartRateBpm><Cadence>61</Cadence><Extensions><ns3:TPX><ns3:Speed>0.0</ns3:Speed></ns3:TPX></Extensions></Trackpoint><Trackpoint><Time>2026-01-07T22:06:42Z</Time><HeartRateBpm><Value>122</Value></HeartRateBpm><Cadence>61</Cadence><Extensions><ns3:TPX><ns3:Speed>0.0</ns3:Speed></ns3:TPX></Extensions></Trackpoint><Trackpoint><Time>2026-01-07T22:06:47Z</Time><HeartRateBpm><Value>122</Value></HeartRateBpm><Cadence>61</Cadence><Extensions><ns3:TPX><ns3:Speed>0.0</ns3:Speed></ns3:TPX></Extensions></Trackpoint><Trackpoint><Time>2026-01-07T22:06:48Z</Time><HeartRateBpm><Value>121</Value></HeartRateBpm><Cadence>61</Cadence><Extensions><ns3:TPX><ns3:Speed>0.0</ns3:Speed></ns3:TPX></Extensions></Trackpoint><Trackpoint><Time>2026-01-07T22:06:49Z</Time><HeartRateBpm><Value>119</Value></HeartRateBpm><Cadence>61</Cadence><Extensions><ns3:TPX><ns3:Speed>0.0</ns3:Speed></ns3:TPX></Extensions></Trackpoint><Trackpoint><Time>2026-01-07T22:06:53Z</Time><HeartRateBpm><Value>118</Value></HeartRateBpm><Cadence>61</Cadence><Extensions><ns3:TPX><ns3:Speed>0.0</ns3:Speed></ns3:TPX></Extensions></Trackpoint><Trackpoint><Time>2026-01-07T22:06:58Z</Time><HeartRateBpm><Value>118</Value></HeartRateBpm><Cadence>61</Cadence><Extensions><ns3:TPX><ns3:Speed>0.0</ns3:Speed></ns3:TPX></Extensions></Trackpoint><Trackpoint><Time>2026-01-07T22:07:00Z</Time><HeartRateBpm><Value>117</Value></HeartRateBpm><Cadence>61</Cadence><Extensions><ns3:TPX><ns3:Speed>0.0</ns3:Speed></ns3:TPX></Extensions></Trackpoint><Trackpoint><Time>2026-01-07T22:07:01Z</Time><HeartRateBpm><Value>116</Value></HeartRateBpm><Cadence>61</Cadence><Extensions><ns3:TPX><ns3:Speed>0.0</ns3:Speed></ns3:TPX></Extensions></Trackpoint><Trackpoint><Time>2026-01-07T22:07:03Z</Time><HeartRateBpm><Value>114</Value></HeartRateBpm><Cadence>61</Cadence><Extensions><ns3:TPX><ns3:Speed>0.0</ns3:Speed></ns3:TPX></Extensions></Trackpoint><Trackpoint><Time>2026-01-07T22:07:06Z</Time><HeartRateBpm><Value>115</Value></HeartRateBpm><Cadence>61</Cadence><Extensions><ns3:TPX><ns3:Speed>0.0</ns3:Speed></ns3:TPX></Extensions></Trackpoint><Trackpoint><Time>2026-01-07T22:07:10Z</Time><HeartRateBpm><Value>114</Value></HeartRateBpm><Cadence>61</Cadence><Extensions><ns3:TPX><ns3:Speed>0.0</ns3:Speed></ns3:TPX></Extensions></Trackpoint><Trackpoint><Time>2026-01-07T22:07:13Z</Time><HeartRateBpm><Value>115</Value></HeartRateBpm><Cadence>61</Cadence><Extensions><ns3:TPX><ns3:Speed>0.0</ns3:Speed></ns3:TPX></Extensions></Trackpoint><Trackpoint><Time>2026-01-07T22:07:16Z</Time><HeartRateBpm><Value>116</Value></HeartRateBpm><Cadence>61</Cadence><Extensions><ns3:TPX><ns3:Speed>0.0</ns3:Speed></ns3:TPX></Extensions></Trackpoint><Trackpoint><Time>2026-01-07T22:07:17Z</Time><HeartRateBpm><Value>115</Value></HeartRateBpm><Cadence>61</Cadence><Extensions><ns3:TPX><ns3:Speed>0.0</ns3:Speed></ns3:TPX></Extensions></Trackpoint><Trackpoint><Time>2026-01-07T22:07:22Z</Time><HeartRateBpm><Value>114</Value></HeartRateBpm><Cadence>61</Cadence><Extensions><ns3:TPX><ns3:Speed>0.0</ns3:Speed></ns3:TPX></Extensions></Trackpoint><Trackpoint><Time>2026-01-07T22:07:23Z</Time><HeartRateBpm><Value>113</Value></HeartRateBpm><Cadence>61</Cadence><Extensions><ns3:TPX><ns3:Speed>0.0</ns3:Speed></ns3:TPX></Extensions></Trackpoint><Trackpoint><Time>2026-01-07T22:07:24Z</Time><HeartRateBpm><Value>112</Value></HeartRateBpm><Cadence>61</Cadence><Extensions><ns3:TPX><ns3:Speed>0.0</ns3:Speed></ns3:TPX></Extensions></Trackpoint><Trackpoint><Time>2026-01-07T22:07:27Z</Time><HeartRateBpm><Value>111</Value></HeartRateBpm><Cadence>61</Cadence><Extensions><ns3:TPX><ns3:Speed>0.0</ns3:Speed></ns3:TPX></Extensions></Trackpoint><Trackpoint><Time>2026-01-07T22:07:33Z</Time><HeartRateBpm><Value>111</Value></HeartRateBpm><Cadence>61</Cadence><Extensions><ns3:TPX><ns3:Speed>0.0</ns3:Speed></ns3:TPX></Extensions></Trackpoint><Trackpoint><Time>2026-01-07T22:07:39Z</Time><HeartRateBpm><Value>111</Value></HeartRateBpm><Cadence>61</Cadence><Extensions><ns3:TPX><ns3:Speed>0.0</ns3:Speed></ns3:TPX></Extensions></Trackpoint><Trackpoint><Time>2026-01-07T22:07:40Z</Time><HeartRateBpm><Value>110</Value></HeartRateBpm><Cadence>61</Cadence><Extensions><ns3:TPX><ns3:Speed>0.0</ns3:Speed></ns3:TPX></Extensions></Trackpoint><Trackpoint><Time>2026-01-07T22:07:42Z</Time><HeartRateBpm><Value>112</Value></HeartRateBpm><Cadence>61</Cadence><Extensions><ns3:TPX><ns3:Speed>0.0</ns3:Speed></ns3:TPX></Extensions></Trackpoint><Trackpoint><Time>2026-01-07T22:07:47Z</Time><HeartRateBpm><Value>111</Value></HeartRateBpm><Cadence>61</Cadence><Extensions><ns3:TPX><ns3:Speed>0.0</ns3:Speed></ns3:TPX></Extensions></Trackpoint><Trackpoint><Time>2026-01-07T22:07:48Z</Time><HeartRateBpm><Value>110</Value></HeartRateBpm><Cadence>61</Cadence><Extensions><ns3:TPX><ns3:Speed>0.0</ns3:Speed></ns3:TPX></Extensions></Trackpoint><Trackpoint><Time>2026-01-07T22:07:49Z</Time><HeartRateBpm><Value>111</Value></HeartRateBpm><Cadence>61</Cadence><Extensions><ns3:TPX><ns3:Speed>0.0</ns3:Speed></ns3:TPX></Extensions></Trackpoint><Trackpoint><Time>2026-01-07T22:07:52Z</Time><HeartRateBpm><Value>109</Value></HeartRateBpm><Cadence>61</Cadence><Extensions><ns3:TPX><ns3:Speed>0.0</ns3:Speed></ns3:TPX></Extensions></Trackpoint><Trackpoint><Time>2026-01-07T22:07:53Z</Time><HeartRateBpm><Value>108</Value></HeartRateBpm><Cadence>61</Cadence><Extensions><ns3:TPX><ns3:Speed>0.0</ns3:Speed></ns3:TPX></Extensions></Trackpoint><Trackpoint><Time>2026-01-07T22:07:54Z</Time><HeartRateBpm><Value>107</Value></HeartRateBpm><Cadence>61</Cadence><Extensions><ns3:TPX><ns3:Speed>0.0</ns3:Speed></ns3:TPX></Extensions></Trackpoint><Trackpoint><Time>2026-01-07T22:07:57Z</Time><HeartRateBpm><Value>106</Value></HeartRateBpm><Cadence>61</Cadence><Extensions><ns3:TPX><ns3:Speed>0.0</ns3:Speed></ns3:TPX></Extensions></Trackpoint><Trackpoint><Time>2026-01-07T22:07:59Z</Time><HeartRateBpm><Value>107</Value></HeartRateBpm><Cadence>61</Cadence><Extensions><ns3:TPX><ns3:Speed>0.0</ns3:Speed></ns3:TPX></Extensions></Trackpoint><Trackpoint><Time>2026-01-07T22:08:04Z</Time><HeartRateBpm><Value>107</Value></HeartRateBpm><Cadence>61</Cadence><Extensions><ns3:TPX><ns3:Speed>0.0</ns3:Speed></ns3:TPX></Extensions></Trackpoint><Trackpoint><Time>2026-01-07T22:08:06Z</Time><HeartRateBpm><Value>109</Value></HeartRateBpm><Cadence>61</Cadence><Extensions><ns3:TPX><ns3:Speed>0.0</ns3:Speed></ns3:TPX></Extensions></Trackpoint><Trackpoint><Time>2026-01-07T22:08:07Z</Time><HeartRateBpm><Value>110</Value></HeartRateBpm><Cadence>61</Cadence><Extensions><ns3:TPX><ns3:Speed>0.0</ns3:Speed></ns3:TPX></Extensions></Trackpoint><Trackpoint><Time>2026-01-07T22:08:11Z</Time><HeartRateBpm><Value>109</Value></HeartRateBpm><Cadence>61</Cadence><Extensions><ns3:TPX><ns3:Speed>0.0</ns3:Speed></ns3:TPX></Extensions></Trackpoint><Trackpoint><Time>2026-01-07T22:08:12Z</Time><HeartRateBpm><Value>107</Value></HeartRateBpm><Cadence>61</Cadence><Extensions><ns3:TPX><ns3:Speed>0.0</ns3:Speed></ns3:TPX></Extensions></Trackpoint><Trackpoint><Time>2026-01-07T22:08:17Z</Time><HeartRateBpm><Value>106</Value></HeartRateBpm><Cadence>61</Cadence><Extensions><ns3:TPX><ns3:Speed>0.0</ns3:Speed></ns3:TPX></Extensions></Trackpoint><Trackpoint><Time>2026-01-07T22:08:22Z</Time><HeartRateBpm><Value>108</Value></HeartRateBpm><Cadence>61</Cadence><Extensions><ns3:TPX><ns3:Speed>0.0</ns3:Speed></ns3:TPX></Extensions></Trackpoint><Trackpoint><Time>2026-01-07T22:08:23Z</Time><HeartRateBpm><Value>109</Value></HeartRateBpm><Cadence>61</Cadence><Extensions><ns3:TPX><ns3:Speed>0.0</ns3:Speed></ns3:TPX></Extensions></Trackpoint><Trackpoint><Time>2026-01-07T22:08:28Z</Time><HeartRateBpm><Value>109</Value></HeartRateBpm><Cadence>61</Cadence><Extensions><ns3:TPX><ns3:Speed>0.0</ns3:Speed></ns3:TPX></Extensions></Trackpoint><Trackpoint><Time>2026-01-07T22:08:34Z</Time><HeartRateBpm><Value>109</Value></HeartRateBpm><Cadence>61</Cadence><Extensions><ns3:TPX><ns3:Speed>0.0</ns3:Speed></ns3:TPX></Extensions></Trackpoint><Trackpoint><Time>2026-01-07T22:08:36Z</Time><HeartRateBpm><Value>108</Value></HeartRateBpm><Cadence>61</Cadence><Extensions><ns3:TPX><ns3:Speed>0.0</ns3:Speed></ns3:TPX></Extensions></Trackpoint><Trackpoint><Time>2026-01-07T22:08:38Z</Time><HeartRateBpm><Value>107</Value></HeartRateBpm><Cadence>61</Cadence><Extensions><ns3:TPX><ns3:Speed>0.0</ns3:Speed></ns3:TPX></Extensions></Trackpoint><Trackpoint><Time>2026-01-07T22:08:41Z</Time><HeartRateBpm><Value>108</Value></HeartRateBpm><Cadence>61</Cadence><Extensions><ns3:TPX><ns3:Speed>0.0</ns3:Speed></ns3:TPX></Extensions></Trackpoint><Trackpoint><Time>2026-01-07T22:08:43Z</Time><HeartRateBpm><Value>107</Value></HeartRateBpm><Cadence>61</Cadence><Extensions><ns3:TPX><ns3:Speed>0.0</ns3:Speed></ns3:TPX></Extensions></Trackpoint><Trackpoint><Time>2026-01-07T22:08:44Z</Time><HeartRateBpm><Value>106</Value></HeartRateBpm><Cadence>61</Cadence><Extensions><ns3:TPX><ns3:Speed>0.0</ns3:Speed></ns3:TPX></Extensions></Trackpoint><Trackpoint><Time>2026-01-07T22:08:47Z</Time><HeartRateBpm><Value>107</Value></HeartRateBpm><Cadence>61</Cadence><Extensions><ns3:TPX><ns3:Speed>0.0</ns3:Speed></ns3:TPX></Extensions></Trackpoint><Trackpoint><Time>2026-01-07T22:08:49Z</Time><HeartRateBpm><Value>109</Value></HeartRateBpm><Cadence>61</Cadence><Extensions><ns3:TPX><ns3:Speed>0.0</ns3:Speed></ns3:TPX></Extensions></Trackpoint><Trackpoint><Time>2026-01-07T22:08:54Z</Time><HeartRateBpm><Value>109</Value></HeartRateBpm><Cadence>61</Cadence><Extensions><ns3:TPX><ns3:Speed>0.0</ns3:Speed></ns3:TPX></Extensions></Trackpoint><Trackpoint><Time>2026-01-07T22:08:55Z</Time><HeartRateBpm><Value>108</Value></HeartRateBpm><Cadence>61</Cadence><Extensions><ns3:TPX><ns3:Speed>0.0</ns3:Speed></ns3:TPX></Extensions></Trackpoint><Trackpoint><Time>2026-01-07T22:09:00Z</Time><HeartRateBpm><Value>107</Value></HeartRateBpm><Cadence>61</Cadence><Extensions><ns3:TPX><ns3:Speed>0.0</ns3:Speed></ns3:TPX></Extensions></Trackpoint><Trackpoint><Time>2026-01-07T22:09:03Z</Time><HeartRateBpm><Value>106</Value></HeartRateBpm><Cadence>61</Cadence><Extensions><ns3:TPX><ns3:Speed>0.0</ns3:Speed></ns3:TPX></Extensions></Trackpoint><Trackpoint><Time>2026-01-07T22:09:07Z</Time><HeartRateBpm><Value>105</Value></HeartRateBpm><Cadence>61</Cadence><Extensions><ns3:TPX><ns3:Speed>0.0</ns3:Speed></ns3:TPX></Extensions></Trackpoint><Trackpoint><Time>2026-01-07T22:09:12Z</Time><HeartRateBpm><Value>105</Value></HeartRateBpm><Cadence>61</Cadence><Extensions><ns3:TPX><ns3:Speed>0.0</ns3:Speed></ns3:TPX></Extensions></Trackpoint><Trackpoint><Time>2026-01-07T22:09:17Z</Time><HeartRateBpm><Value>106</Value></HeartRateBpm><Cadence>61</Cadence><Extensions><ns3:TPX><ns3:Speed>0.0</ns3:Speed></ns3:TPX></Extensions></Trackpoint><Trackpoint><Time>2026-01-07T22:09:18Z</Time><HeartRateBpm><Value>107</Value></HeartRateBpm><Cadence>61</Cadence><Extensions><ns3:TPX><ns3:Speed>0.0</ns3:Speed></ns3:TPX></Extensions></Trackpoint><Trackpoint><Time>2026-01-07T22:09:20Z</Time><HeartRateBpm><Value>106</Value></HeartRateBpm><Cadence>61</Cadence><Extensions><ns3:TPX><ns3:Speed>0.0</ns3:Speed></ns3:TPX></Extensions></Trackpoint><Trackpoint><Time>2026-01-07T22:09:23Z</Time><HeartRateBpm><Value>105</Value></HeartRateBpm><Cadence>61</Cadence><Extensions><ns3:TPX><ns3:Speed>0.0</ns3:Speed></ns3:TPX></Extensions></Trackpoint><Trackpoint><Time>2026-01-07T22:09:25Z</Time><HeartRateBpm><Value>106</Value></HeartRateBpm><Cadence>61</Cadence><Extensions><ns3:TPX><ns3:Speed>0.0</ns3:Speed></ns3:TPX></Extensions></Trackpoint><Trackpoint><Time>2026-01-07T22:09:26Z</Time><HeartRateBpm><Value>108</Value></HeartRateBpm><Cadence>61</Cadence><Extensions><ns3:TPX><ns3:Speed>0.0</ns3:Speed></ns3:TPX></Extensions></Trackpoint><Trackpoint><Time>2026-01-07T22:09:27Z</Time><HeartRateBpm><Value>110</Value></HeartRateBpm><Cadence>61</Cadence><Extensions><ns3:TPX><ns3:Speed>0.0</ns3:Speed></ns3:TPX></Extensions></Trackpoint><Trackpoint><Time>2026-01-07T22:09:29Z</Time><HeartRateBpm><Value>111</Value></HeartRateBpm><Cadence>61</Cadence><Extensions><ns3:TPX><ns3:Speed>0.0</ns3:Speed></ns3:TPX></Extensions></Trackpoint><Trackpoint><Time>2026-01-07T22:09:31Z</Time><HeartRateBpm><Value>110</Value></HeartRateBpm><Cadence>61</Cadence><Extensions><ns3:TPX><ns3:Speed>0.0</ns3:Speed></ns3:TPX></Extensions></Trackpoint><Trackpoint><Time>2026-01-07T22:09:33Z</Time><HeartRateBpm><Value>109</Value></HeartRateBpm><Cadence>61</Cadence><Extensions><ns3:TPX><ns3:Speed>0.0</ns3:Speed></ns3:TPX></Extensions></Trackpoint><Trackpoint><Time>2026-01-07T22:09:35Z</Time><HeartRateBpm><Value>112</Value></HeartRateBpm><Cadence>61</Cadence><Extensions><ns3:TPX><ns3:Speed>0.0</ns3:Speed></ns3:TPX></Extensions></Trackpoint><Trackpoint><Time>2026-01-07T22:09:39Z</Time><HeartRateBpm><Value>112</Value></HeartRateBpm><Cadence>61</Cadence><Extensions><ns3:TPX><ns3:Speed>0.0</ns3:Speed></ns3:TPX></Extensions></Trackpoint><Trackpoint><Time>2026-01-07T22:09:43Z</Time><HeartRateBpm><Value>113</Value></HeartRateBpm><Cadence>61</Cadence><Extensions><ns3:TPX><ns3:Speed>0.0</ns3:Speed></ns3:TPX></Extensions></Trackpoint><Trackpoint><Time>2026-01-07T22:09:45Z</Time><HeartRateBpm><Value>114</Value></HeartRateBpm><Cadence>61</Cadence><Extensions><ns3:TPX><ns3:Speed>0.0</ns3:Speed></ns3:TPX></Extensions></Trackpoint><Trackpoint><Time>2026-01-07T22:09:48Z</Time><HeartRateBpm><Value>113</Value></HeartRateBpm><Cadence>61</Cadence><Extensions><ns3:TPX><ns3:Speed>0.0</ns3:Speed></ns3:TPX></Extensions></Trackpoint><Trackpoint><Time>2026-01-07T22:09:49Z</Time><HeartRateBpm><Value>110</Value></HeartRateBpm><Cadence>61</Cadence><Extensions><ns3:TPX><ns3:Speed>0.0</ns3:Speed></ns3:TPX></Extensions></Trackpoint><Trackpoint><Time>2026-01-07T22:09:50Z</Time><HeartRateBpm><Value>109</Value></HeartRateBpm><Cadence>61</Cadence><Extensions><ns3:TPX><ns3:Speed>0.0</ns3:Speed></ns3:TPX></Extensions></Trackpoint><Trackpoint><Time>2026-01-07T22:09:55Z</Time><HeartRateBpm><Value>109</Value></HeartRateBpm><Cadence>61</Cadence><Extensions><ns3:TPX><ns3:Speed>0.0</ns3:Speed></ns3:TPX></Extensions></Trackpoint><Trackpoint><Time>2026-01-07T22:09:58Z</Time><HeartRateBpm><Value>108</Value></HeartRateBpm><Cadence>61</Cadence><Extensions><ns3:TPX><ns3:Speed>0.0</ns3:Speed></ns3:TPX></Extensions></Trackpoint><Trackpoint><Time>2026-01-07T22:10:00Z</Time><HeartRateBpm><Value>107</Value></HeartRateBpm><Cadence>61</Cadence><Extensions><ns3:TPX><ns3:Speed>0.0</ns3:Speed></ns3:TPX></Extensions></Trackpoint><Trackpoint><Time>2026-01-07T22:10:04Z</Time><HeartRateBpm><Value>106</Value></HeartRateBpm><Cadence>61</Cadence><Extensions><ns3:TPX><ns3:Speed>0.0</ns3:Speed></ns3:TPX></Extensions></Trackpoint><Trackpoint><Time>2026-01-07T22:10:08Z</Time><HeartRateBpm><Value>107</Value></HeartRateBpm><Cadence>61</Cadence><Extensions><ns3:TPX><ns3:Speed>0.0</ns3:Speed></ns3:TPX></Extensions></Trackpoint><Trackpoint><Time>2026-01-07T22:10:09Z</Time><HeartRateBpm><Value>108</Value></HeartRateBpm><Cadence>61</Cadence><Extensions><ns3:TPX><ns3:Speed>0.0</ns3:Speed></ns3:TPX></Extensions></Trackpoint><Trackpoint><Time>2026-01-07T22:10:11Z</Time><HeartRateBpm><Value>109</Value></HeartRateBpm><Cadence>61</Cadence><Extensions><ns3:TPX><ns3:Speed>0.0</ns3:Speed></ns3:TPX></Extensions></Trackpoint><Trackpoint><Time>2026-01-07T22:10:16Z</Time><HeartRateBpm><Value>109</Value></HeartRateBpm><Cadence>61</Cadence><Extensions><ns3:TPX><ns3:Speed>0.0</ns3:Speed></ns3:TPX></Extensions></Trackpoint><Trackpoint><Time>2026-01-07T22:10:17Z</Time><HeartRateBpm><Value>108</Value></HeartRateBpm><Cadence>61</Cadence><Extensions><ns3:TPX><ns3:Speed>0.0</ns3:Speed></ns3:TPX></Extensions></Trackpoint><Trackpoint><Time>2026-01-07T22:10:20Z</Time><HeartRateBpm><Value>107</Value></HeartRateBpm><Cadence>61</Cadence><Extensions><ns3:TPX><ns3:Speed>0.0</ns3:Speed></ns3:TPX></Extensions></Trackpoint><Trackpoint><Time>2026-01-07T22:10:21Z</Time><HeartRateBpm><Value>106</Value></HeartRateBpm><Cadence>61</Cadence><Extensions><ns3:TPX><ns3:Speed>0.0</ns3:Speed></ns3:TPX></Extensions></Trackpoint><Trackpoint><Time>2026-01-07T22:10:22Z</Time><HeartRateBpm><Value>104</Value></HeartRateBpm><Cadence>61</Cadence><Extensions><ns3:TPX><ns3:Speed>0.0</ns3:Speed></ns3:TPX></Extensions></Trackpoint><Trackpoint><Time>2026-01-07T22:10:27Z</Time><HeartRateBpm><Value>104</Value></HeartRateBpm><Cadence>61</Cadence><Extensions><ns3:TPX><ns3:Speed>0.0</ns3:Speed></ns3:TPX></Extensions></Trackpoint><Trackpoint><Time>2026-01-07T22:10:31Z</Time><HeartRateBpm><Value>105</Value></HeartRateBpm><Cadence>61</Cadence><Extensions><ns3:TPX><ns3:Speed>0.0</ns3:Speed></ns3:TPX></Extensions></Trackpoint><Trackpoint><Time>2026-01-07T22:10:33Z</Time><HeartRateBpm><Value>107</Value></HeartRateBpm><Cadence>61</Cadence><Extensions><ns3:TPX><ns3:Speed>0.0</ns3:Speed></ns3:TPX></Extensions></Trackpoint><Trackpoint><Time>2026-01-07T22:10:35Z</Time><HeartRateBpm><Value>108</Value></HeartRateBpm><Cadence>61</Cadence><Extensions><ns3:TPX><ns3:Speed>0.0</ns3:Speed></ns3:TPX></Extensions></Trackpoint><Trackpoint><Time>2026-01-07T22:10:37Z</Time><HeartRateBpm><Value>110</Value></HeartRateBpm><Cadence>61</Cadence><Extensions><ns3:TPX><ns3:Speed>0.0</ns3:Speed></ns3:TPX></Extensions></Trackpoint><Trackpoint><Time>2026-01-07T22:10:38Z</Time><HeartRateBpm><Value>112</Value></HeartRateBpm><Cadence>61</Cadence><Extensions><ns3:TPX><ns3:Speed>0.0</ns3:Speed></ns3:TPX></Extensions></Trackpoint><Trackpoint><Time>2026-01-07T22:10:39Z</Time><HeartRateBpm><Value>113</Value></HeartRateBpm><Cadence>61</Cadence><Extensions><ns3:TPX><ns3:Speed>0.0</ns3:Speed></ns3:TPX></Extensions></Trackpoint><Trackpoint><Time>2026-01-07T22:10:43Z</Time><HeartRateBpm><Value>114</Value></HeartRateBpm><Cadence>61</Cadence><Extensions><ns3:TPX><ns3:Speed>0.0</ns3:Speed></ns3:TPX></Extensions></Trackpoint><Trackpoint><Time>2026-01-07T22:10:49Z</Time><HeartRateBpm><Value>114</Value></HeartRateBpm><Cadence>61</Cadence><Extensions><ns3:TPX><ns3:Speed>0.0</ns3:Speed></ns3:TPX></Extensions></Trackpoint><Trackpoint><Time>2026-01-07T22:10:55Z</Time><HeartRateBpm><Value>114</Value></HeartRateBpm><Cadence>61</Cadence><Extensions><ns3:TPX><ns3:Speed>0.0</ns3:Speed></ns3:TPX></Extensions></Trackpoint><Trackpoint><Time>2026-01-07T22:10:56Z</Time><HeartRateBpm><Value>115</Value></HeartRateBpm><Cadence>61</Cadence><Extensions><ns3:TPX><ns3:Speed>0.0</ns3:Speed></ns3:TPX></Extensions></Trackpoint><Trackpoint><Time>2026-01-07T22:10:57Z</Time><HeartRateBpm><Value>116</Value></HeartRateBpm><Cadence>61</Cadence><Extensions><ns3:TPX><ns3:Speed>0.0</ns3:Speed></ns3:TPX></Extensions></Trackpoint><Trackpoint><Time>2026-01-07T22:10:59Z</Time><HeartRateBpm><Value>117</Value></HeartRateBpm><Cadence>61</Cadence><Extensions><ns3:TPX><ns3:Speed>0.0</ns3:Speed></ns3:TPX></Extensions></Trackpoint><Trackpoint><Time>2026-01-07T22:11:04Z</Time><HeartRateBpm><Value>117</Value></HeartRateBpm><Cadence>61</Cadence><Extensions><ns3:TPX><ns3:Speed>0.0</ns3:Speed></ns3:TPX></Extensions></Trackpoint><Trackpoint><Time>2026-01-07T22:11:07Z</Time><HeartRateBpm><Value>118</Value></HeartRateBpm><Cadence>61</Cadence><Extensions><ns3:TPX><ns3:Speed>0.0</ns3:Speed></ns3:TPX></Extensions></Trackpoint><Trackpoint><Time>2026-01-07T22:11:11Z</Time><HeartRateBpm><Value>119</Value></HeartRateBpm><Cadence>61</Cadence><Extensions><ns3:TPX><ns3:Speed>0.0</ns3:Speed></ns3:TPX></Extensions></Trackpoint><Trackpoint><Time>2026-01-07T22:11:15Z</Time><HeartRateBpm><Value>120</Value></HeartRateBpm><Cadence>61</Cadence><Extensions><ns3:TPX><ns3:Speed>0.0</ns3:Speed></ns3:TPX></Extensions></Trackpoint><Trackpoint><Time>2026-01-07T22:11:17Z</Time><HeartRateBpm><Value>119</Value></HeartRateBpm><Cadence>61</Cadence><Extensions><ns3:TPX><ns3:Speed>0.0</ns3:Speed></ns3:TPX></Extensions></Trackpoint><Trackpoint><Time>2026-01-07T22:11:19Z</Time><HeartRateBpm><Value>118</Value></HeartRateBpm><Cadence>61</Cadence><Extensions><ns3:TPX><ns3:Speed>0.0</ns3:Speed></ns3:TPX></Extensions></Trackpoint><Trackpoint><Time>2026-01-07T22:11:20Z</Time><HeartRateBpm><Value>117</Value></HeartRateBpm><Cadence>61</Cadence><Extensions><ns3:TPX><ns3:Speed>0.0</ns3:Speed></ns3:TPX></Extensions></Trackpoint><Trackpoint><Time>2026-01-07T22:11:22Z</Time><HeartRateBpm><Value>116</Value></HeartRateBpm><Cadence>61</Cadence><Extensions><ns3:TPX><ns3:Speed>0.0</ns3:Speed></ns3:TPX></Extensions></Trackpoint><Trackpoint><Time>2026-01-07T22:11:23Z</Time><HeartRateBpm><Value>115</Value></HeartRateBpm><Cadence>61</Cadence><Extensions><ns3:TPX><ns3:Speed>0.0</ns3:Speed></ns3:TPX></Extensions></Trackpoint><Trackpoint><Time>2026-01-07T22:11:24Z</Time><HeartRateBpm><Value>113</Value></HeartRateBpm><Cadence>61</Cadence><Extensions><ns3:TPX><ns3:Speed>0.0</ns3:Speed></ns3:TPX></Extensions></Trackpoint><Trackpoint><Time>2026-01-07T22:11:26Z</Time><HeartRateBpm><Value>112</Value></HeartRateBpm><Cadence>61</Cadence><Extensions><ns3:TPX><ns3:Speed>0.0</ns3:Speed></ns3:TPX></Extensions></Trackpoint><Trackpoint><Time>2026-01-07T22:11:27Z</Time><HeartRateBpm><Value>111</Value></HeartRateBpm><Cadence>61</Cadence><Extensions><ns3:TPX><ns3:Speed>0.0</ns3:Speed></ns3:TPX></Extensions></Trackpoint><Trackpoint><Time>2026-01-07T22:11:31Z</Time><HeartRateBpm><Value>111</Value></HeartRateBpm><Cadence>61</Cadence><Extensions><ns3:TPX><ns3:Speed>0.0</ns3:Speed></ns3:TPX></Extensions></Trackpoint><Trackpoint><Time>2026-01-07T22:11:32Z</Time><HeartRateBpm><Value>112</Value></HeartRateBpm><Cadence>61</Cadence><Extensions><ns3:TPX><ns3:Speed>0.0</ns3:Speed></ns3:TPX></Extensions></Trackpoint><Trackpoint><Time>2026-01-07T22:11:33Z</Time><HeartRateBpm><Value>113</Value></HeartRateBpm><Cadence>61</Cadence><Extensions><ns3:TPX><ns3:Speed>0.0</ns3:Speed></ns3:TPX></Extensions></Trackpoint><Trackpoint><Time>2026-01-07T22:11:34Z</Time><HeartRateBpm><Value>112</Value></HeartRateBpm><Cadence>61</Cadence><Extensions><ns3:TPX><ns3:Speed>0.0</ns3:Speed></ns3:TPX></Extensions></Trackpoint><Trackpoint><Time>2026-01-07T22:11:35Z</Time><HeartRateBpm><Value>111</Value></HeartRateBpm><Cadence>61</Cadence><Extensions><ns3:TPX><ns3:Speed>0.0</ns3:Speed></ns3:TPX></Extensions></Trackpoint><Trackpoint><Time>2026-01-07T22:11:38Z</Time><HeartRateBpm><Value>112</Value></HeartRateBpm><Cadence>61</Cadence><Extensions><ns3:TPX><ns3:Speed>0.0</ns3:Speed></ns3:TPX></Extensions></Trackpoint><Trackpoint><Time>2026-01-07T22:11:43Z</Time><HeartRateBpm><Value>111</Value></HeartRateBpm><Cadence>61</Cadence><Extensions><ns3:TPX><ns3:Speed>0.0</ns3:Speed></ns3:TPX></Extensions></Trackpoint><Trackpoint><Time>2026-01-07T22:11:49Z</Time><HeartRateBpm><Value>111</Value></HeartRateBpm><Cadence>61</Cadence><Extensions><ns3:TPX><ns3:Speed>0.0</ns3:Speed></ns3:TPX></Extensions></Trackpoint><Trackpoint><Time>2026-01-07T22:11:51Z</Time><HeartRateBpm><Value>108</Value></HeartRateBpm><Cadence>61</Cadence><Extensions><ns3:TPX><ns3:Speed>0.0</ns3:Speed></ns3:TPX></Extensions></Trackpoint><Trackpoint><Time>2026-01-07T22:11:52Z</Time><HeartRateBpm><Value>107</Value></HeartRateBpm><Cadence>61</Cadence><Extensions><ns3:TPX><ns3:Speed>0.0</ns3:Speed></ns3:TPX></Extensions></Trackpoint><Trackpoint><Time>2026-01-07T22:11:55Z</Time><HeartRateBpm><Value>106</Value></HeartRateBpm><Cadence>61</Cadence><Extensions><ns3:TPX><ns3:Speed>0.0</ns3:Speed></ns3:TPX></Extensions></Trackpoint><Trackpoint><Time>2026-01-07T22:11:56Z</Time><HeartRateBpm><Value>105</Value></HeartRateBpm><Cadence>61</Cadence><Extensions><ns3:TPX><ns3:Speed>0.0</ns3:Speed></ns3:TPX></Extensions></Trackpoint><Trackpoint><Time>2026-01-07T22:12:01Z</Time><HeartRateBpm><Value>104</Value></HeartRateBpm><Cadence>61</Cadence><Extensions><ns3:TPX><ns3:Speed>0.0</ns3:Speed></ns3:TPX></Extensions></Trackpoint><Trackpoint><Time>2026-01-07T22:12:03Z</Time><HeartRateBpm><Value>105</Value></HeartRateBpm><Cadence>61</Cadence><Extensions><ns3:TPX><ns3:Speed>0.0</ns3:Speed></ns3:TPX></Extensions></Trackpoint><Trackpoint><Time>2026-01-07T22:12:08Z</Time><HeartRateBpm><Value>102</Value></HeartRateBpm><Cadence>61</Cadence><Extensions><ns3:TPX><ns3:Speed>0.0</ns3:Speed></ns3:TPX></Extensions></Trackpoint><Trackpoint><Time>2026-01-07T22:12:13Z</Time><HeartRateBpm><Value>101</Value></HeartRateBpm><Cadence>61</Cadence><Extensions><ns3:TPX><ns3:Speed>0.0</ns3:Speed></ns3:TPX></Extensions></Trackpoint><Trackpoint><Time>2026-01-07T22:12:14Z</Time><HeartRateBpm><Value>99</Value></HeartRateBpm><Cadence>61</Cadence><Extensions><ns3:TPX><ns3:Speed>0.0</ns3:Speed></ns3:TPX></Extensions></Trackpoint><Trackpoint><Time>2026-01-07T22:12:15Z</Time><HeartRateBpm><Value>93</Value></HeartRateBpm><Cadence>61</Cadence><Extensions><ns3:TPX><ns3:Speed>0.0</ns3:Speed></ns3:TPX></Extensions></Trackpoint><Trackpoint><Time>2026-01-07T22:12:16Z</Time><HeartRateBpm><Value>90</Value></HeartRateBpm><Cadence>61</Cadence><Extensions><ns3:TPX><ns3:Speed>0.0</ns3:Speed></ns3:TPX></Extensions></Trackpoint><Trackpoint><Time>2026-01-07T22:12:17Z</Time><HeartRateBpm><Value>87</Value></HeartRateBpm><Cadence>61</Cadence><Extensions><ns3:TPX><ns3:Speed>0.0</ns3:Speed></ns3:TPX></Extensions></Trackpoint><Trackpoint><Time>2026-01-07T22:12:19Z</Time><HeartRateBpm><Value>86</Value></HeartRateBpm><Cadence>61</Cadence><Extensions><ns3:TPX><ns3:Speed>0.0</ns3:Speed></ns3:TPX></Extensions></Trackpoint><Trackpoint><Time>2026-01-07T22:12:20Z</Time><HeartRateBpm><Value>85</Value></HeartRateBpm><Cadence>61</Cadence><Extensions><ns3:TPX><ns3:Speed>0.0</ns3:Speed></ns3:TPX></Extensions></Trackpoint><Trackpoint><Time>2026-01-07T22:12:23Z</Time><HeartRateBpm><Value>86</Value></HeartRateBpm><Cadence>61</Cadence><Extensions><ns3:TPX><ns3:Speed>0.0</ns3:Speed></ns3:TPX></Extensions></Trackpoint><Trackpoint><Time>2026-01-07T22:12:28Z</Time><HeartRateBpm><Value>86</Value></HeartRateBpm><Cadence>61</Cadence><Extensions><ns3:TPX><ns3:Speed>0.0</ns3:Speed></ns3:TPX></Extensions></Trackpoint><Trackpoint><Time>2026-01-07T22:12:33Z</Time><HeartRateBpm><Value>86</Value></HeartRateBpm><Cadence>61</Cadence><Extensions><ns3:TPX><ns3:Speed>0.0</ns3:Speed></ns3:TPX></Extensions></Trackpoint><Trackpoint><Time>2026-01-07T22:12:38Z</Time><HeartRateBpm><Value>86</Value></HeartRateBpm><Cadence>61</Cadence><Extensions><ns3:TPX><ns3:Speed>0.0</ns3:Speed></ns3:TPX></Extensions></Trackpoint><Trackpoint><Time>2026-01-07T22:12:39Z</Time><HeartRateBpm><Value>87</Value></HeartRateBpm><Cadence>61</Cadence><Extensions><ns3:TPX><ns3:Speed>0.0</ns3:Speed></ns3:TPX></Extensions></Trackpoint><Trackpoint><Time>2026-01-07T22:12:44Z</Time><HeartRateBpm><Value>87</Value></HeartRateBpm><Cadence>61</Cadence><Extensions><ns3:TPX><ns3:Speed>0.0</ns3:Speed></ns3:TPX></Extensions></Trackpoint><Trackpoint><Time>2026-01-07T22:12:50Z</Time><HeartRateBpm><Value>87</Value></HeartRateBpm><Cadence>61</Cadence><Extensions><ns3:TPX><ns3:Speed>0.0</ns3:Speed></ns3:TPX></Extensions></Trackpoint><Trackpoint><Time>2026-01-07T22:12:53Z</Time><HeartRateBpm><Value>88</Value></HeartRateBpm><Cadence>61</Cadence><Extensions><ns3:TPX><ns3:Speed>0.0</ns3:Speed></ns3:TPX></Extensions></Trackpoint><Trackpoint><Time>2026-01-07T22:12:56Z</Time><HeartRateBpm><Value>87</Value></HeartRateBpm><Cadence>61</Cadence><Extensions><ns3:TPX><ns3:Speed>0.0</ns3:Speed></ns3:TPX></Extensions></Trackpoint><Trackpoint><Time>2026-01-07T22:12:57Z</Time><HeartRateBpm><Value>86</Value></HeartRateBpm><Cadence>61</Cadence><Extensions><ns3:TPX><ns3:Speed>0.0</ns3:Speed></ns3:TPX></Extensions></Trackpoint><Trackpoint><Time>2026-01-07T22:12:58Z</Time><HeartRateBpm><Value>87</Value></HeartRateBpm><Cadence>61</Cadence><Extensions><ns3:TPX><ns3:Speed>0.0</ns3:Speed></ns3:TPX></Extensions></Trackpoint><Trackpoint><Time>2026-01-07T22:13:03Z</Time><HeartRateBpm><Value>88</Value></HeartRateBpm><Cadence>61</Cadence><Extensions><ns3:TPX><ns3:Speed>0.0</ns3:Speed></ns3:TPX></Extensions></Trackpoint><Trackpoint><Time>2026-01-07T22:13:05Z</Time><HeartRateBpm><Value>90</Value></HeartRateBpm><Cadence>61</Cadence><Extensions><ns3:TPX><ns3:Speed>0.0</ns3:Speed></ns3:TPX></Extensions></Trackpoint><Trackpoint><Time>2026-01-07T22:13:06Z</Time><HeartRateBpm><Value>91</Value></HeartRateBpm><Cadence>61</Cadence><Extensions><ns3:TPX><ns3:Speed>0.0</ns3:Speed></ns3:TPX></Extensions></Trackpoint><Trackpoint><Time>2026-01-07T22:13:08Z</Time><HeartRateBpm><Value>90</Value></HeartRateBpm><Cadence>61</Cadence><Extensions><ns3:TPX><ns3:Speed>0.0</ns3:Speed></ns3:TPX></Extensions></Trackpoint><Trackpoint><Time>2026-01-07T22:13:09Z</Time><HeartRateBpm><Value>89</Value></HeartRateBpm><Cadence>61</Cadence><Extensions><ns3:TPX><ns3:Speed>0.0</ns3:Speed></ns3:TPX></Extensions></Trackpoint><Trackpoint><Time>2026-01-07T22:13:11Z</Time><HeartRateBpm><Value>91</Value></HeartRateBpm><Cadence>61</Cadence><Extensions><ns3:TPX><ns3:Speed>0.0</ns3:Speed></ns3:TPX></Extensions></Trackpoint><Trackpoint><Time>2026-01-07T22:13:12Z</Time><HeartRateBpm><Value>92</Value></HeartRateBpm><Cadence>61</Cadence><Extensions><ns3:TPX><ns3:Speed>0.0</ns3:Speed></ns3:TPX></Extensions></Trackpoint><Trackpoint><Time>2026-01-07T22:13:14Z</Time><HeartRateBpm><Value>93</Value></HeartRateBpm><Cadence>61</Cadence><Extensions><ns3:TPX><ns3:Speed>0.0</ns3:Speed></ns3:TPX></Extensions></Trackpoint><Trackpoint><Time>2026-01-07T22:13:15Z</Time><HeartRateBpm><Value>92</Value></HeartRateBpm><Cadence>61</Cadence><Extensions><ns3:TPX><ns3:Speed>0.0</ns3:Speed></ns3:TPX></Extensions></Trackpoint><Trackpoint><Time>2026-01-07T22:13:17Z</Time><HeartRateBpm><Value>93</Value></HeartRateBpm><Cadence>61</Cadence><Extensions><ns3:TPX><ns3:Speed>0.0</ns3:Speed></ns3:TPX></Extensions></Trackpoint><Trackpoint><Time>2026-01-07T22:13:21Z</Time><HeartRateBpm><Value>92</Value></HeartRateBpm><Cadence>61</Cadence><Extensions><ns3:TPX><ns3:Speed>0.0</ns3:Speed></ns3:TPX></Extensions></Trackpoint><Trackpoint><Time>2026-01-07T22:13:26Z</Time><HeartRateBpm><Value>92</Value></HeartRateBpm><Cadence>61</Cadence><Extensions><ns3:TPX><ns3:Speed>0.0</ns3:Speed></ns3:TPX></Extensions></Trackpoint><Trackpoint><Time>2026-01-07T22:13:29Z</Time><HeartRateBpm><Value>93</Value></HeartRateBpm><Cadence>61</Cadence><Extensions><ns3:TPX><ns3:Speed>0.0</ns3:Speed></ns3:TPX></Extensions></Trackpoint><Trackpoint><Time>2026-01-07T22:13:34Z</Time><HeartRateBpm><Value>92</Value></HeartRateBpm><Cadence>61</Cadence><Extensions><ns3:TPX><ns3:Speed>0.0</ns3:Speed></ns3:TPX></Extensions></Trackpoint><Trackpoint><Time>2026-01-07T22:13:39Z</Time><HeartRateBpm><Value>92</Value></HeartRateBpm><Cadence>61</Cadence><Extensions><ns3:TPX><ns3:Speed>0.0</ns3:Speed></ns3:TPX></Extensions></Trackpoint><Trackpoint><Time>2026-01-07T22:13:40Z</Time><HeartRateBpm><Value>93</Value></HeartRateBpm><Cadence>61</Cadence><Extensions><ns3:TPX><ns3:Speed>0.0</ns3:Speed></ns3:TPX></Extensions></Trackpoint><Trackpoint><Time>2026-01-07T22:13:41Z</Time><HeartRateBpm><Value>95</Value></HeartRateBpm><Cadence>61</Cadence><Extensions><ns3:TPX><ns3:Speed>0.0</ns3:Speed></ns3:TPX></Extensions></Trackpoint><Trackpoint><Time>2026-01-07T22:13:44Z</Time><HeartRateBpm><Value>94</Value></HeartRateBpm><Cadence>61</Cadence><Extensions><ns3:TPX><ns3:Speed>0.0</ns3:Speed></ns3:TPX></Extensions></Trackpoint><Trackpoint><Time>2026-01-07T22:13:46Z</Time><HeartRateBpm><Value>97</Value></HeartRateBpm><Cadence>61</Cadence><Extensions><ns3:TPX><ns3:Speed>0.0</ns3:Speed></ns3:TPX></Extensions></Trackpoint><Trackpoint><Time>2026-01-07T22:13:51Z</Time><HeartRateBpm><Value>98</Value></HeartRateBpm><Cadence>61</Cadence><Extensions><ns3:TPX><ns3:Speed>0.0</ns3:Speed></ns3:TPX></Extensions></Trackpoint><Trackpoint><Time>2026-01-07T22:13:56Z</Time><HeartRateBpm><Value>97</Value></HeartRateBpm><Cadence>61</Cadence><Extensions><ns3:TPX><ns3:Speed>0.0</ns3:Speed></ns3:TPX></Extensions></Trackpoint><Trackpoint><Time>2026-01-07T22:14:00Z</Time><HeartRateBpm><Value>97</Value></HeartRateBpm><Cadence>61</Cadence><Extensions><ns3:TPX><ns3:Speed>0.0</ns3:Speed></ns3:TPX></Extensions></Trackpoint><Trackpoint><Time>2026-01-07T22:14:04Z</Time><HeartRateBpm><Value>98</Value></HeartRateBpm><Cadence>61</Cadence><Extensions><ns3:TPX><ns3:Speed>0.0</ns3:Speed></ns3:TPX></Extensions></Trackpoint><Trackpoint><Time>2026-01-07T22:14:05Z</Time><HeartRateBpm><Value>99</Value></HeartRateBpm><Cadence>61</Cadence><Extensions><ns3:TPX><ns3:Speed>0.0</ns3:Speed></ns3:TPX></Extensions></Trackpoint><Trackpoint><Time>2026-01-07T22:14:06Z</Time><HeartRateBpm><Value>100</Value></HeartRateBpm><Cadence>61</Cadence><Extensions><ns3:TPX><ns3:Speed>0.0</ns3:Speed></ns3:TPX></Extensions></Trackpoint><Trackpoint><Time>2026-01-07T22:14:09Z</Time><HeartRateBpm><Value>101</Value></HeartRateBpm><Cadence>61</Cadence><Extensions><ns3:TPX><ns3:Speed>0.0</ns3:Speed></ns3:TPX></Extensions></Trackpoint><Trackpoint><Time>2026-01-07T22:14:12Z</Time><HeartRateBpm><Value>100</Value></HeartRateBpm><Cadence>61</Cadence><Extensions><ns3:TPX><ns3:Speed>0.0</ns3:Speed></ns3:TPX></Extensions></Trackpoint><Trackpoint><Time>2026-01-07T22:14:17Z</Time><HeartRateBpm><Value>99</Value></HeartRateBpm><Cadence>61</Cadence><Extensions><ns3:TPX><ns3:Speed>0.0</ns3:Speed></ns3:TPX></Extensions></Trackpoint><Trackpoint><Time>2026-01-07T22:14:22Z</Time><HeartRateBpm><Value>99</Value></HeartRateBpm><Cadence>61</Cadence><Extensions><ns3:TPX><ns3:Speed>0.0</ns3:Speed></ns3:TPX></Extensions></Trackpoint><Trackpoint><Time>2026-01-07T22:14:23Z</Time><HeartRateBpm><Value>98</Value></HeartRateBpm><Cadence>61</Cadence><Extensions><ns3:TPX><ns3:Speed>0.0</ns3:Speed></ns3:TPX></Extensions></Trackpoint><Trackpoint><Time>2026-01-07T22:14:24Z</Time><HeartRateBpm><Value>96</Value></HeartRateBpm><Cadence>61</Cadence><Extensions><ns3:TPX><ns3:Speed>0.0</ns3:Speed></ns3:TPX></Extensions></Trackpoint><Trackpoint><Time>2026-01-07T22:14:25Z</Time><HeartRateBpm><Value>95</Value></HeartRateBpm><Cadence>61</Cadence><Extensions><ns3:TPX><ns3:Speed>0.0</ns3:Speed></ns3:TPX></Extensions></Trackpoint><Trackpoint><Time>2026-01-07T22:14:30Z</Time><HeartRateBpm><Value>95</Value></HeartRateBpm><Cadence>61</Cadence><Extensions><ns3:TPX><ns3:Speed>0.0</ns3:Speed></ns3:TPX></Extensions></Trackpoint><Trackpoint><Time>2026-01-07T22:14:31Z</Time><HeartRateBpm><Value>96</Value></HeartRateBpm><Cadence>61</Cadence><Extensions><ns3:TPX><ns3:Speed>0.0</ns3:Speed></ns3:TPX></Extensions></Trackpoint><Trackpoint><Time>2026-01-07T22:14:34Z</Time><HeartRateBpm><Value>97</Value></HeartRateBpm><Cadence>61</Cadence><Extensions><ns3:TPX><ns3:Speed>0.0</ns3:Speed></ns3:TPX></Extensions></Trackpoint><Trackpoint><Time>2026-01-07T22:14:39Z</Time><HeartRateBpm><Value>97</Value></HeartRateBpm><Cadence>61</Cadence><Extensions><ns3:TPX><ns3:Speed>0.0</ns3:Speed></ns3:TPX></Extensions></Trackpoint><Trackpoint><Time>2026-01-07T22:14:40Z</Time><HeartRateBpm><Value>96</Value></HeartRateBpm><Cadence>61</Cadence><Extensions><ns3:TPX><ns3:Speed>0.0</ns3:Speed></ns3:TPX></Extensions></Trackpoint><Trackpoint><Time>2026-01-07T22:14:41Z</Time><HeartRateBpm><Value>97</Value></HeartRateBpm><Cadence>61</Cadence><Extensions><ns3:TPX><ns3:Speed>0.0</ns3:Speed></ns3:TPX></Extensions></Trackpoint><Trackpoint><Time>2026-01-07T22:14:42Z</Time><HeartRateBpm><Value>98</Value></HeartRateBpm><Cadence>61</Cadence><Extensions><ns3:TPX><ns3:Speed>0.0</ns3:Speed></ns3:TPX></Extensions></Trackpoint><Trackpoint><Time>2026-01-07T22:14:45Z</Time><HeartRateBpm><Value>97</Value></HeartRateBpm><Cadence>61</Cadence><Extensions><ns3:TPX><ns3:Speed>0.0</ns3:Speed></ns3:TPX></Extensions></Trackpoint><Trackpoint><Time>2026-01-07T22:14:47Z</Time><HeartRateBpm><Value>98</Value></HeartRateBpm><Cadence>61</Cadence><Extensions><ns3:TPX><ns3:Speed>0.0</ns3:Speed></ns3:TPX></Extensions></Trackpoint><Trackpoint><Time>2026-01-07T22:14:51Z</Time><HeartRateBpm><Value>99</Value></HeartRateBpm><Cadence>61</Cadence><Extensions><ns3:TPX><ns3:Speed>0.0</ns3:Speed></ns3:TPX></Extensions></Trackpoint><Trackpoint><Time>2026-01-07T22:14:56Z</Time><HeartRateBpm><Value>100</Value></HeartRateBpm><Cadence>61</Cadence><Extensions><ns3:TPX><ns3:Speed>0.0</ns3:Speed></ns3:TPX></Extensions></Trackpoint><Trackpoint><Time>2026-01-07T22:14:58Z</Time><HeartRateBpm><Value>101</Value></HeartRateBpm><Cadence>61</Cadence><Extensions><ns3:TPX><ns3:Speed>0.0</ns3:Speed></ns3:TPX></Extensions></Trackpoint><Trackpoint><Time>2026-01-07T22:14:59Z</Time><HeartRateBpm><Value>102</Value></HeartRateBpm><Cadence>61</Cadence><Extensions><ns3:TPX><ns3:Speed>0.0</ns3:Speed></ns3:TPX></Extensions></Trackpoint><Trackpoint><Time>2026-01-07T22:15:03Z</Time><HeartRateBpm><Value>101</Value></HeartRateBpm><Cadence>61</Cadence><Extensions><ns3:TPX><ns3:Speed>0.0</ns3:Speed></ns3:TPX></Extensions></Trackpoint><Trackpoint><Time>2026-01-07T22:15:04Z</Time><HeartRateBpm><Value>100</Value></HeartRateBpm><Cadence>61</Cadence><Extensions><ns3:TPX><ns3:Speed>0.0</ns3:Speed></ns3:TPX></Extensions></Trackpoint><Trackpoint><Time>2026-01-07T22:15:05Z</Time><HeartRateBpm><Value>99</Value></HeartRateBpm><Cadence>61</Cadence><Extensions><ns3:TPX><ns3:Speed>0.0</ns3:Speed></ns3:TPX></Extensions></Trackpoint><Trackpoint><Time>2026-01-07T22:15:06Z</Time><HeartRateBpm><Value>98</Value></HeartRateBpm><Cadence>61</Cadence><Extensions><ns3:TPX><ns3:Speed>0.0</ns3:Speed></ns3:TPX></Extensions></Trackpoint><Trackpoint><Time>2026-01-07T22:15:09Z</Time><HeartRateBpm><Value>99</Value></HeartRateBpm><Cadence>61</Cadence><Extensions><ns3:TPX><ns3:Speed>0.0</ns3:Speed></ns3:TPX></Extensions></Trackpoint><Trackpoint><Time>2026-01-07T22:15:12Z</Time><HeartRateBpm><Value>101</Value></HeartRateBpm><Cadence>61</Cadence><Extensions><ns3:TPX><ns3:Speed>0.0</ns3:Speed></ns3:TPX></Extensions></Trackpoint><Trackpoint><Time>2026-01-07T22:15:13Z</Time><HeartRateBpm><Value>103</Value></HeartRateBpm><Cadence>61</Cadence><Extensions><ns3:TPX><ns3:Speed>0.0</ns3:Speed></ns3:TPX></Extensions></Trackpoint><Trackpoint><Time>2026-01-07T22:15:15Z</Time><HeartRateBpm><Value>104</Value></HeartRateBpm><Cadence>61</Cadence><Extensions><ns3:TPX><ns3:Speed>0.0</ns3:Speed></ns3:TPX></Extensions></Trackpoint><Trackpoint><Time>2026-01-07T22:15:17Z</Time><HeartRateBpm><Value>105</Value></HeartRateBpm><Cadence>61</Cadence><Extensions><ns3:TPX><ns3:Speed>0.0</ns3:Speed></ns3:TPX></Extensions></Trackpoint><Trackpoint><Time>2026-01-07T22:15:18Z</Time><HeartRateBpm><Value>106</Value></HeartRateBpm><Cadence>61</Cadence><Extensions><ns3:TPX><ns3:Speed>0.0</ns3:Speed></ns3:TPX></Extensions></Trackpoint><Trackpoint><Time>2026-01-07T22:15:23Z</Time><HeartRateBpm><Value>105</Value></HeartRateBpm><Cadence>61</Cadence><Extensions><ns3:TPX><ns3:Speed>0.0</ns3:Speed></ns3:TPX></Extensions></Trackpoint><Trackpoint><Time>2026-01-07T22:15:27Z</Time><HeartRateBpm><Value>107</Value></HeartRateBpm><Cadence>61</Cadence><Extensions><ns3:TPX><ns3:Speed>0.0</ns3:Speed></ns3:TPX></Extensions></Trackpoint><Trackpoint><Time>2026-01-07T22:15:28Z</Time><HeartRateBpm><Value>108</Value></HeartRateBpm><Cadence>61</Cadence><Extensions><ns3:TPX><ns3:Speed>0.0</ns3:Speed></ns3:TPX></Extensions></Trackpoint><Trackpoint><Time>2026-01-07T22:15:30Z</Time><HeartRateBpm><Value>109</Value></HeartRateBpm><Cadence>61</Cadence><Extensions><ns3:TPX><ns3:Speed>0.0</ns3:Speed></ns3:TPX></Extensions></Trackpoint><Trackpoint><Time>2026-01-07T22:15:31Z</Time><HeartRateBpm><Value>110</Value></HeartRateBpm><Cadence>61</Cadence><Extensions><ns3:TPX><ns3:Speed>0.0</ns3:Speed></ns3:TPX></Extensions></Trackpoint><Trackpoint><Time>2026-01-07T22:15:33Z</Time><HeartRateBpm><Value>111</Value></HeartRateBpm><Cadence>61</Cadence><Extensions><ns3:TPX><ns3:Speed>0.0</ns3:Speed></ns3:TPX></Extensions></Trackpoint><Trackpoint><Time>2026-01-07T22:15:37Z</Time><HeartRateBpm><Value>112</Value></HeartRateBpm><Cadence>61</Cadence><Extensions><ns3:TPX><ns3:Speed>0.0</ns3:Speed></ns3:TPX></Extensions></Trackpoint><Trackpoint><Time>2026-01-07T22:15:38Z</Time><HeartRateBpm><Value>113</Value></HeartRateBpm><Cadence>61</Cadence><Extensions><ns3:TPX><ns3:Speed>0.0</ns3:Speed></ns3:TPX></Extensions></Trackpoint><Trackpoint><Time>2026-01-07T22:15:40Z</Time><HeartRateBpm><Value>114</Value></HeartRateBpm><Cadence>61</Cadence><Extensions><ns3:TPX><ns3:Speed>0.0</ns3:Speed></ns3:TPX></Extensions></Trackpoint><Trackpoint><Time>2026-01-07T22:15:41Z</Time><HeartRateBpm><Value>113</Value></HeartRateBpm><Cadence>61</Cadence><Extensions><ns3:TPX><ns3:Speed>0.0</ns3:Speed></ns3:TPX></Extensions></Trackpoint><Trackpoint><Time>2026-01-07T22:15:43Z</Time><HeartRateBpm><Value>112</Value></HeartRateBpm><Cadence>61</Cadence><Extensions><ns3:TPX><ns3:Speed>0.0</ns3:Speed></ns3:TPX></Extensions></Trackpoint><Trackpoint><Time>2026-01-07T22:15:46Z</Time><HeartRateBpm><Value>113</Value></HeartRateBpm><Cadence>61</Cadence><Extensions><ns3:TPX><ns3:Speed>0.0</ns3:Speed></ns3:TPX></Extensions></Trackpoint><Trackpoint><Time>2026-01-07T22:15:47Z</Time><HeartRateBpm><Value>114</Value></HeartRateBpm><Cadence>61</Cadence><Extensions><ns3:TPX><ns3:Speed>0.0</ns3:Speed></ns3:TPX></Extensions></Trackpoint><Trackpoint><Time>2026-01-07T22:15:49Z</Time><HeartRateBpm><Value>115</Value></HeartRateBpm><Cadence>61</Cadence><Extensions><ns3:TPX><ns3:Speed>0.0</ns3:Speed></ns3:TPX></Extensions></Trackpoint><Trackpoint><Time>2026-01-07T22:15:52Z</Time><HeartRateBpm><Value>116</Value></HeartRateBpm><Cadence>61</Cadence><Extensions><ns3:TPX><ns3:Speed>0.0</ns3:Speed></ns3:TPX></Extensions></Trackpoint><Trackpoint><Time>2026-01-07T22:15:55Z</Time><HeartRateBpm><Value>115</Value></HeartRateBpm><Cadence>61</Cadence><Extensions><ns3:TPX><ns3:Speed>0.0</ns3:Speed></ns3:TPX></Extensions></Trackpoint><Trackpoint><Time>2026-01-07T22:15:58Z</Time><HeartRateBpm><Value>116</Value></HeartRateBpm><Cadence>61</Cadence><Extensions><ns3:TPX><ns3:Speed>0.0</ns3:Speed></ns3:TPX></Extensions></Trackpoint><Trackpoint><Time>2026-01-07T22:15:59Z</Time><HeartRateBpm><Value>119</Value></HeartRateBpm><Cadence>61</Cadence><Extensions><ns3:TPX><ns3:Speed>0.0</ns3:Speed></ns3:TPX></Extensions></Trackpoint><Trackpoint><Time>2026-01-07T22:16:04Z</Time><HeartRateBpm><Value>119</Value></HeartRateBpm><Cadence>61</Cadence><Extensions><ns3:TPX><ns3:Speed>0.0</ns3:Speed></ns3:TPX></Extensions></Trackpoint><Trackpoint><Time>2026-01-07T22:16:07Z</Time><HeartRateBpm><Value>118</Value></HeartRateBpm><Cadence>61</Cadence><Extensions><ns3:TPX><ns3:Speed>0.0</ns3:Speed></ns3:TPX></Extensions></Trackpoint><Trackpoint><Time>2026-01-07T22:16:12Z</Time><HeartRateBpm><Value>117</Value></HeartRateBpm><Cadence>61</Cadence><Extensions><ns3:TPX><ns3:Speed>0.0</ns3:Speed></ns3:TPX></Extensions></Trackpoint><Trackpoint><Time>2026-01-07T22:16:17Z</Time><HeartRateBpm><Value>118</Value></HeartRateBpm><Cadence>61</Cadence><Extensions><ns3:TPX><ns3:Speed>0.0</ns3:Speed></ns3:TPX></Extensions></Trackpoint><Trackpoint><Time>2026-01-07T22:16:18Z</Time><HeartRateBpm><Value>119</Value></HeartRateBpm><Cadence>61</Cadence><Extensions><ns3:TPX><ns3:Speed>0.0</ns3:Speed></ns3:TPX></Extensions></Trackpoint><Trackpoint><Time>2026-01-07T22:16:19Z</Time><HeartRateBpm><Value>117</Value></HeartRateBpm><Cadence>61</Cadence><Extensions><ns3:TPX><ns3:Speed>0.0</ns3:Speed></ns3:TPX></Extensions></Trackpoint><Trackpoint><Time>2026-01-07T22:16:22Z</Time><HeartRateBpm><Value>116</Value></HeartRateBpm><Cadence>61</Cadence><Extensions><ns3:TPX><ns3:Speed>0.0</ns3:Speed></ns3:TPX></Extensions></Trackpoint><Trackpoint><Time>2026-01-07T22:16:24Z</Time><HeartRateBpm><Value>117</Value></HeartRateBpm><Cadence>61</Cadence><Extensions><ns3:TPX><ns3:Speed>0.0</ns3:Speed></ns3:TPX></Extensions></Trackpoint><Trackpoint><Time>2026-01-07T22:16:25Z</Time><HeartRateBpm><Value>116</Value></HeartRateBpm><Cadence>61</Cadence><Extensions><ns3:TPX><ns3:Speed>0.0</ns3:Speed></ns3:TPX></Extensions></Trackpoint><Trackpoint><Time>2026-01-07T22:16:27Z</Time><HeartRateBpm><Value>115</Value></HeartRateBpm><Cadence>61</Cadence><Extensions><ns3:TPX><ns3:Speed>0.0</ns3:Speed></ns3:TPX></Extensions></Trackpoint><Trackpoint><Time>2026-01-07T22:16:28Z</Time><HeartRateBpm><Value>114</Value></HeartRateBpm><Cadence>61</Cadence><Extensions><ns3:TPX><ns3:Speed>0.0</ns3:Speed></ns3:TPX></Extensions></Trackpoint><Trackpoint><Time>2026-01-07T22:16:30Z</Time><HeartRateBpm><Value>113</Value></HeartRateBpm><Cadence>61</Cadence><Extensions><ns3:TPX><ns3:Speed>0.0</ns3:Speed></ns3:TPX></Extensions></Trackpoint><Trackpoint><Time>2026-01-07T22:16:35Z</Time><HeartRateBpm><Value>112</Value></HeartRateBpm><Cadence>61</Cadence><Extensions><ns3:TPX><ns3:Speed>0.0</ns3:Speed></ns3:TPX></Extensions></Trackpoint><Trackpoint><Time>2026-01-07T22:16:36Z</Time><HeartRateBpm><Value>111</Value></HeartRateBpm><Cadence>61</Cadence><Extensions><ns3:TPX><ns3:Speed>0.0</ns3:Speed></ns3:TPX></Extensions></Trackpoint><Trackpoint><Time>2026-01-07T22:16:37Z</Time><HeartRateBpm><Value>109</Value></HeartRateBpm><Cadence>61</Cadence><Extensions><ns3:TPX><ns3:Speed>0.0</ns3:Speed></ns3:TPX></Extensions></Trackpoint><Trackpoint><Time>2026-01-07T22:16:41Z</Time><HeartRateBpm><Value>107</Value></HeartRateBpm><Cadence>61</Cadence><Extensions><ns3:TPX><ns3:Speed>0.0</ns3:Speed></ns3:TPX></Extensions></Trackpoint><Trackpoint><Time>2026-01-07T22:16:42Z</Time><HeartRateBpm><Value>106</Value></HeartRateBpm><Cadence>61</Cadence><Extensions><ns3:TPX><ns3:Speed>0.0</ns3:Speed></ns3:TPX></Extensions></Trackpoint><Trackpoint><Time>2026-01-07T22:16:43Z</Time><HeartRateBpm><Value>105</Value></HeartRateBpm><Cadence>61</Cadence><Extensions><ns3:TPX><ns3:Speed>0.0</ns3:Speed></ns3:TPX></Extensions></Trackpoint><Trackpoint><Time>2026-01-07T22:16:47Z</Time><HeartRateBpm><Value>104</Value></HeartRateBpm><Cadence>61</Cadence><Extensions><ns3:TPX><ns3:Speed>0.0</ns3:Speed></ns3:TPX></Extensions></Trackpoint><Trackpoint><Time>2026-01-07T22:16:48Z</Time><HeartRateBpm><Value>103</Value></HeartRateBpm><Cadence>61</Cadence><Extensions><ns3:TPX><ns3:Speed>0.0</ns3:Speed></ns3:TPX></Extensions></Trackpoint><Trackpoint><Time>2026-01-07T22:16:53Z</Time><HeartRateBpm><Value>104</Value></HeartRateBpm><Cadence>61</Cadence><Extensions><ns3:TPX><ns3:Speed>0.0</ns3:Speed></ns3:TPX></Extensions></Trackpoint><Trackpoint><Time>2026-01-07T22:16:54Z</Time><HeartRateBpm><Value>105</Value></HeartRateBpm><Cadence>61</Cadence><Extensions><ns3:TPX><ns3:Speed>0.0</ns3:Speed></ns3:TPX></Extensions></Trackpoint><Trackpoint><Time>2026-01-07T22:16:55Z</Time><HeartRateBpm><Value>106</Value></HeartRateBpm><Cadence>61</Cadence><Extensions><ns3:TPX><ns3:Speed>0.0</ns3:Speed></ns3:TPX></Extensions></Trackpoint><Trackpoint><Time>2026-01-07T22:17:00Z</Time><HeartRateBpm><Value>107</Value></HeartRateBpm><Cadence>61</Cadence><Extensions><ns3:TPX><ns3:Speed>0.0</ns3:Speed></ns3:TPX></Extensions></Trackpoint><Trackpoint><Time>2026-01-07T22:17:02Z</Time><HeartRateBpm><Value>108</Value></HeartRateBpm><Cadence>61</Cadence><Extensions><ns3:TPX><ns3:Speed>0.0</ns3:Speed></ns3:TPX></Extensions></Trackpoint><Trackpoint><Time>2026-01-07T22:17:07Z</Time><HeartRateBpm><Value>109</Value></HeartRateBpm><Cadence>61</Cadence><Extensions><ns3:TPX><ns3:Speed>0.0</ns3:Speed></ns3:TPX></Extensions></Trackpoint><Trackpoint><Time>2026-01-07T22:17:08Z</Time><HeartRateBpm><Value>108</Value></HeartRateBpm><Cadence>61</Cadence><Extensions><ns3:TPX><ns3:Speed>0.0</ns3:Speed></ns3:TPX></Extensions></Trackpoint><Trackpoint><Time>2026-01-07T22:17:10Z</Time><HeartRateBpm><Value>109</Value></HeartRateBpm><Cadence>61</Cadence><Extensions><ns3:TPX><ns3:Speed>0.0</ns3:Speed></ns3:TPX></Extensions></Trackpoint><Trackpoint><Time>2026-01-07T22:17:14Z</Time><HeartRateBpm><Value>108</Value></HeartRateBpm><Cadence>61</Cadence><Extensions><ns3:TPX><ns3:Speed>0.0</ns3:Speed></ns3:TPX></Extensions></Trackpoint><Trackpoint><Time>2026-01-07T22:17:16Z</Time><HeartRateBpm><Value>107</Value></HeartRateBpm><Cadence>61</Cadence><Extensions><ns3:TPX><ns3:Speed>0.0</ns3:Speed></ns3:TPX></Extensions></Trackpoint><Trackpoint><Time>2026-01-07T22:17:17Z</Time><HeartRateBpm><Value>106</Value></HeartRateBpm><Cadence>61</Cadence><Extensions><ns3:TPX><ns3:Speed>0.0</ns3:Speed></ns3:TPX></Extensions></Trackpoint><Trackpoint><Time>2026-01-07T22:17:18Z</Time><HeartRateBpm><Value>105</Value></HeartRateBpm><Cadence>61</Cadence><Extensions><ns3:TPX><ns3:Speed>0.0</ns3:Speed></ns3:TPX></Extensions></Trackpoint><Trackpoint><Time>2026-01-07T22:17:23Z</Time><HeartRateBpm><Value>105</Value></HeartRateBpm><Cadence>61</Cadence><Extensions><ns3:TPX><ns3:Speed>0.0</ns3:Speed></ns3:TPX></Extensions></Trackpoint><Trackpoint><Time>2026-01-07T22:17:28Z</Time><HeartRateBpm><Value>106</Value></HeartRateBpm><Cadence>61</Cadence><Extensions><ns3:TPX><ns3:Speed>0.0</ns3:Speed></ns3:TPX></Extensions></Trackpoint><Trackpoint><Time>2026-01-07T22:17:29Z</Time><HeartRateBpm><Value>107</Value></HeartRateBpm><Cadence>61</Cadence><Extensions><ns3:TPX><ns3:Speed>0.0</ns3:Speed></ns3:TPX></Extensions></Trackpoint><Trackpoint><Time>2026-01-07T22:17:34Z</Time><HeartRateBpm><Value>108</Value></HeartRateBpm><Cadence>61</Cadence><Extensions><ns3:TPX><ns3:Speed>0.0</ns3:Speed></ns3:TPX></Extensions></Trackpoint><Trackpoint><Time>2026-01-07T22:17:37Z</Time><HeartRateBpm><Value>109</Value></HeartRateBpm><Cadence>61</Cadence><Extensions><ns3:TPX><ns3:Speed>0.0</ns3:Speed></ns3:TPX></Extensions></Trackpoint><Trackpoint><Time>2026-01-07T22:17:40Z</Time><HeartRateBpm><Value>110</Value></HeartRateBpm><Cadence>61</Cadence><Extensions><ns3:TPX><ns3:Speed>0.0</ns3:Speed></ns3:TPX></Extensions></Trackpoint><Trackpoint><Time>2026-01-07T22:17:44Z</Time><HeartRateBpm><Value>111</Value></HeartRateBpm><Cadence>61</Cadence><Extensions><ns3:TPX><ns3:Speed>0.0</ns3:Speed></ns3:TPX></Extensions></Trackpoint><Trackpoint><Time>2026-01-07T22:17:47Z</Time><HeartRateBpm><Value>112</Value></HeartRateBpm><Cadence>61</Cadence><Extensions><ns3:TPX><ns3:Speed>0.0</ns3:Speed></ns3:TPX></Extensions></Trackpoint><Trackpoint><Time>2026-01-07T22:17:51Z</Time><HeartRateBpm><Value>111</Value></HeartRateBpm><Cadence>61</Cadence><Extensions><ns3:TPX><ns3:Speed>0.0</ns3:Speed></ns3:TPX></Extensions></Trackpoint><Trackpoint><Time>2026-01-07T22:17:54Z</Time><HeartRateBpm><Value>112</Value></HeartRateBpm><Cadence>61</Cadence><Extensions><ns3:TPX><ns3:Speed>0.0</ns3:Speed></ns3:TPX></Extensions></Trackpoint><Trackpoint><Time>2026-01-07T22:17:56Z</Time><HeartRateBpm><Value>113</Value></HeartRateBpm><Cadence>61</Cadence><Extensions><ns3:TPX><ns3:Speed>0.0</ns3:Speed></ns3:TPX></Extensions></Trackpoint><Trackpoint><Time>2026-01-07T22:18:00Z</Time><HeartRateBpm><Value>114</Value></HeartRateBpm><Cadence>61</Cadence><Extensions><ns3:TPX><ns3:Speed>0.0</ns3:Speed></ns3:TPX></Extensions></Trackpoint><Trackpoint><Time>2026-01-07T22:18:01Z</Time><HeartRateBpm><Value>117</Value></HeartRateBpm><Cadence>61</Cadence><Extensions><ns3:TPX><ns3:Speed>0.0</ns3:Speed></ns3:TPX></Extensions></Trackpoint><Trackpoint><Time>2026-01-07T22:18:02Z</Time><HeartRateBpm><Value>118</Value></HeartRateBpm><Cadence>61</Cadence><Extensions><ns3:TPX><ns3:Speed>0.0</ns3:Speed></ns3:TPX></Extensions></Trackpoint><Trackpoint><Time>2026-01-07T22:18:03Z</Time><HeartRateBpm><Value>119</Value></HeartRateBpm><Cadence>61</Cadence><Extensions><ns3:TPX><ns3:Speed>0.0</ns3:Speed></ns3:TPX></Extensions></Trackpoint><Trackpoint><Time>2026-01-07T22:18:08Z</Time><HeartRateBpm><Value>118</Value></HeartRateBpm><Cadence>61</Cadence><Extensions><ns3:TPX><ns3:Speed>0.0</ns3:Speed></ns3:TPX></Extensions></Trackpoint><Trackpoint><Time>2026-01-07T22:18:13Z</Time><HeartRateBpm><Value>119</Value></HeartRateBpm><Cadence>61</Cadence><Extensions><ns3:TPX><ns3:Speed>0.0</ns3:Speed></ns3:TPX></Extensions></Trackpoint><Trackpoint><Time>2026-01-07T22:18:18Z</Time><HeartRateBpm><Value>121</Value></HeartRateBpm><Cadence>61</Cadence><Extensions><ns3:TPX><ns3:Speed>0.0</ns3:Speed></ns3:TPX></Extensions></Trackpoint><Trackpoint><Time>2026-01-07T22:18:23Z</Time><HeartRateBpm><Value>122</Value></HeartRateBpm><Cadence>61</Cadence><Extensions><ns3:TPX><ns3:Speed>0.0</ns3:Speed></ns3:TPX></Extensions></Trackpoint><Trackpoint><Time>2026-01-07T22:18:27Z</Time><HeartRateBpm><Value>123</Value></HeartRateBpm><Cadence>61</Cadence><Extensions><ns3:TPX><ns3:Speed>0.0</ns3:Speed></ns3:TPX></Extensions></Trackpoint><Trackpoint><Time>2026-01-07T22:18:30Z</Time><HeartRateBpm><Value>122</Value></HeartRateBpm><Cadence>61</Cadence><Extensions><ns3:TPX><ns3:Speed>0.0</ns3:Speed></ns3:TPX></Extensions></Trackpoint><Trackpoint><Time>2026-01-07T22:18:36Z</Time><HeartRateBpm><Value>122</Value></HeartRateBpm><Cadence>61</Cadence><Extensions><ns3:TPX><ns3:Speed>0.0</ns3:Speed></ns3:TPX></Extensions></Trackpoint><Trackpoint><Time>2026-01-07T22:18:37Z</Time><HeartRateBpm><Value>121</Value></HeartRateBpm><Cadence>61</Cadence><Extensions><ns3:TPX><ns3:Speed>0.0</ns3:Speed></ns3:TPX></Extensions></Trackpoint><Trackpoint><Time>2026-01-07T22:18:38Z</Time><HeartRateBpm><Value>120</Value></HeartRateBpm><Cadence>61</Cadence><Extensions><ns3:TPX><ns3:Speed>0.0</ns3:Speed></ns3:TPX></Extensions></Trackpoint><Trackpoint><Time>2026-01-07T22:18:43Z</Time><HeartRateBpm><Value>121</Value></HeartRateBpm><Cadence>61</Cadence><Extensions><ns3:TPX><ns3:Speed>0.0</ns3:Speed></ns3:TPX></Extensions></Trackpoint><Trackpoint><Time>2026-01-07T22:18:45Z</Time><HeartRateBpm><Value>122</Value></HeartRateBpm><Cadence>61</Cadence><Extensions><ns3:TPX><ns3:Speed>0.0</ns3:Speed></ns3:TPX></Extensions></Trackpoint><Trackpoint><Time>2026-01-07T22:18:48Z</Time><HeartRateBpm><Value>123</Value></HeartRateBpm><Cadence>61</Cadence><Extensions><ns3:TPX><ns3:Speed>0.0</ns3:Speed></ns3:TPX></Extensions></Trackpoint><Trackpoint><Time>2026-01-07T22:18:51Z</Time><HeartRateBpm><Value>124</Value></HeartRateBpm><Cadence>61</Cadence><Extensions><ns3:TPX><ns3:Speed>0.0</ns3:Speed></ns3:TPX></Extensions></Trackpoint><Trackpoint><Time>2026-01-07T22:18:54Z</Time><HeartRateBpm><Value>122</Value></HeartRateBpm><Cadence>61</Cadence><Extensions><ns3:TPX><ns3:Speed>0.0</ns3:Speed></ns3:TPX></Extensions></Trackpoint><Trackpoint><Time>2026-01-07T22:18:55Z</Time><HeartRateBpm><Value>121</Value></HeartRateBpm><Cadence>61</Cadence><Extensions><ns3:TPX><ns3:Speed>0.0</ns3:Speed></ns3:TPX></Extensions></Trackpoint><Trackpoint><Time>2026-01-07T22:18:56Z</Time><HeartRateBpm><Value>120</Value></HeartRateBpm><Cadence>61</Cadence><Extensions><ns3:TPX><ns3:Speed>0.0</ns3:Speed></ns3:TPX></Extensions></Trackpoint><Trackpoint><Time>2026-01-07T22:18:58Z</Time><HeartRateBpm><Value>121</Value></HeartRateBpm><Cadence>61</Cadence><Extensions><ns3:TPX><ns3:Speed>0.0</ns3:Speed></ns3:TPX></Extensions></Trackpoint><Trackpoint><Time>2026-01-07T22:19:00Z</Time><HeartRateBpm><Value>120</Value></HeartRateBpm><Cadence>61</Cadence><Extensions><ns3:TPX><ns3:Speed>0.0</ns3:Speed></ns3:TPX></Extensions></Trackpoint><Trackpoint><Time>2026-01-07T22:19:01Z</Time><HeartRateBpm><Value>119</Value></HeartRateBpm><Cadence>61</Cadence><Extensions><ns3:TPX><ns3:Speed>0.0</ns3:Speed></ns3:TPX></Extensions></Trackpoint><Trackpoint><Time>2026-01-07T22:19:02Z</Time><HeartRateBpm><Value>117</Value></HeartRateBpm><Cadence>61</Cadence><Extensions><ns3:TPX><ns3:Speed>0.0</ns3:Speed></ns3:TPX></Extensions></Trackpoint><Trackpoint><Time>2026-01-07T22:19:07Z</Time><HeartRateBpm><Value>117</Value></HeartRateBpm><Cadence>61</Cadence><Extensions><ns3:TPX><ns3:Speed>0.0</ns3:Speed></ns3:TPX></Extensions></Trackpoint><Trackpoint><Time>2026-01-07T22:19:09Z</Time><HeartRateBpm><Value>116</Value></HeartRateBpm><Cadence>61</Cadence><Extensions><ns3:TPX><ns3:Speed>0.0</ns3:Speed></ns3:TPX></Extensions></Trackpoint><Trackpoint><Time>2026-01-07T22:19:14Z</Time><HeartRateBpm><Value>117</Value></HeartRateBpm><Cadence>61</Cadence><Extensions><ns3:TPX><ns3:Speed>0.0</ns3:Speed></ns3:TPX></Extensions></Trackpoint><Trackpoint><Time>2026-01-07T22:19:15Z</Time><HeartRateBpm><Value>118</Value></HeartRateBpm><Cadence>61</Cadence><Extensions><ns3:TPX><ns3:Speed>0.0</ns3:Speed></ns3:TPX></Extensions></Trackpoint><Trackpoint><Time>2026-01-07T22:19:16Z</Time><HeartRateBpm><Value>119</Value></HeartRateBpm><Cadence>61</Cadence><Extensions><ns3:TPX><ns3:Speed>0.0</ns3:Speed></ns3:TPX></Extensions></Trackpoint><Trackpoint><Time>2026-01-07T22:19:18Z</Time><HeartRateBpm><Value>120</Value></HeartRateBpm><Cadence>61</Cadence><Extensions><ns3:TPX><ns3:Speed>0.0</ns3:Speed></ns3:TPX></Extensions></Trackpoint><Trackpoint><Time>2026-01-07T22:19:20Z</Time><HeartRateBpm><Value>119</Value></HeartRateBpm><Cadence>61</Cadence><Extensions><ns3:TPX><ns3:Speed>0.0</ns3:Speed></ns3:TPX></Extensions></Trackpoint><Trackpoint><Time>2026-01-07T22:19:25Z</Time><HeartRateBpm><Value>120</Value></HeartRateBpm><Cadence>61</Cadence><Extensions><ns3:TPX><ns3:Speed>0.0</ns3:Speed></ns3:TPX></Extensions></Trackpoint><Trackpoint><Time>2026-01-07T22:19:26Z</Time><HeartRateBpm><Value>122</Value></HeartRateBpm><Cadence>61</Cadence><Extensions><ns3:TPX><ns3:Speed>0.0</ns3:Speed></ns3:TPX></Extensions></Trackpoint><Trackpoint><Time>2026-01-07T22:19:27Z</Time><HeartRateBpm><Value>123</Value></HeartRateBpm><Cadence>61</Cadence><Extensions><ns3:TPX><ns3:Speed>0.0</ns3:Speed></ns3:TPX></Extensions></Trackpoint><Trackpoint><Time>2026-01-07T22:19:32Z</Time><HeartRateBpm><Value>122</Value></HeartRateBpm><Cadence>61</Cadence><Extensions><ns3:TPX><ns3:Speed>0.0</ns3:Speed></ns3:TPX></Extensions></Trackpoint><Trackpoint><Time>2026-01-07T22:19:33Z</Time><HeartRateBpm><Value>121</Value></HeartRateBpm><Cadence>61</Cadence><Extensions><ns3:TPX><ns3:Speed>0.0</ns3:Speed></ns3:TPX></Extensions></Trackpoint><Trackpoint><Time>2026-01-07T22:19:35Z</Time><HeartRateBpm><Value>120</Value></HeartRateBpm><Cadence>61</Cadence><Extensions><ns3:TPX><ns3:Speed>0.0</ns3:Speed></ns3:TPX></Extensions></Trackpoint><Trackpoint><Time>2026-01-07T22:19:40Z</Time><HeartRateBpm><Value>120</Value></HeartRateBpm><Cadence>61</Cadence><Extensions><ns3:TPX><ns3:Speed>0.0</ns3:Speed></ns3:TPX></Extensions></Trackpoint><Trackpoint><Time>2026-01-07T22:19:41Z</Time><HeartRateBpm><Value>121</Value></HeartRateBpm><Cadence>61</Cadence><Extensions><ns3:TPX><ns3:Speed>0.0</ns3:Speed></ns3:TPX></Extensions></Trackpoint><Trackpoint><Time>2026-01-07T22:19:46Z</Time><HeartRateBpm><Value>122</Value></HeartRateBpm><Cadence>61</Cadence><Extensions><ns3:TPX><ns3:Speed>0.0</ns3:Speed></ns3:TPX></Extensions></Trackpoint><Trackpoint><Time>2026-01-07T22:19:51Z</Time><HeartRateBpm><Value>125</Value></HeartRateBpm><Cadence>61</Cadence><Extensions><ns3:TPX><ns3:Speed>0.0</ns3:Speed></ns3:TPX></Extensions></Trackpoint><Trackpoint><Time>2026-01-07T22:19:52Z</Time><HeartRateBpm><Value>124</Value></HeartRateBpm><Cadence>61</Cadence><Extensions><ns3:TPX><ns3:Speed>0.0</ns3:Speed></ns3:TPX></Extensions></Trackpoint><Trackpoint><Time>2026-01-07T22:19:53Z</Time><HeartRateBpm><Value>123</Value></HeartRateBpm><Cadence>61</Cadence><Extensions><ns3:TPX><ns3:Speed>0.0</ns3:Speed></ns3:TPX></Extensions></Trackpoint><Trackpoint><Time>2026-01-07T22:19:55Z</Time><HeartRateBpm><Value>122</Value></HeartRateBpm><Cadence>61</Cadence><Extensions><ns3:TPX><ns3:Speed>0.0</ns3:Speed></ns3:TPX></Extensions></Trackpoint><Trackpoint><Time>2026-01-07T22:19:56Z</Time><HeartRateBpm><Value>121</Value></HeartRateBpm><Cadence>61</Cadence><Extensions><ns3:TPX><ns3:Speed>0.0</ns3:Speed></ns3:TPX></Extensions></Trackpoint><Trackpoint><Time>2026-01-07T22:19:57Z</Time><HeartRateBpm><Value>118</Value></HeartRateBpm><Cadence>61</Cadence><Extensions><ns3:TPX><ns3:Speed>0.0</ns3:Speed></ns3:TPX></Extensions></Trackpoint><Trackpoint><Time>2026-01-07T22:19:58Z</Time><HeartRateBpm><Value>117</Value></HeartRateBpm><Cadence>61</Cadence><Extensions><ns3:TPX><ns3:Speed>0.0</ns3:Speed></ns3:TPX></Extensions></Trackpoint><Trackpoint><Time>2026-01-07T22:19:59Z</Time><HeartRateBpm><Value>116</Value></HeartRateBpm><Cadence>61</Cadence><Extensions><ns3:TPX><ns3:Speed>0.0</ns3:Speed></ns3:TPX></Extensions></Trackpoint><Trackpoint><Time>2026-01-07T22:20:00Z</Time><HeartRateBpm><Value>114</Value></HeartRateBpm><Cadence>61</Cadence><Extensions><ns3:TPX><ns3:Speed>0.0</ns3:Speed></ns3:TPX></Extensions></Trackpoint><Trackpoint><Time>2026-01-07T22:20:01Z</Time><HeartRateBpm><Value>112</Value></HeartRateBpm><Cadence>61</Cadence><Extensions><ns3:TPX><ns3:Speed>0.0</ns3:Speed></ns3:TPX></Extensions></Trackpoint><Trackpoint><Time>2026-01-07T22:20:02Z</Time><HeartRateBpm><Value>110</Value></HeartRateBpm><Cadence>61</Cadence><Extensions><ns3:TPX><ns3:Speed>0.0</ns3:Speed></ns3:TPX></Extensions></Trackpoint><Trackpoint><Time>2026-01-07T22:20:06Z</Time><HeartRateBpm><Value>109</Value></HeartRateBpm><Cadence>61</Cadence><Extensions><ns3:TPX><ns3:Speed>0.0</ns3:Speed></ns3:TPX></Extensions></Trackpoint><Trackpoint><Time>2026-01-07T22:20:12Z</Time><HeartRateBpm><Value>109</Value></HeartRateBpm><Cadence>61</Cadence><Extensions><ns3:TPX><ns3:Speed>0.0</ns3:Speed></ns3:TPX></Extensions></Trackpoint><Trackpoint><Time>2026-01-07T22:20:13Z</Time><HeartRateBpm><Value>108</Value></HeartRateBpm><Cadence>61</Cadence><Extensions><ns3:TPX><ns3:Speed>0.0</ns3:Speed></ns3:TPX></Extensions></Trackpoint><Trackpoint><Time>2026-01-07T22:20:19Z</Time><HeartRateBpm><Value>108</Value></HeartRateBpm><Cadence>61</Cadence><Extensions><ns3:TPX><ns3:Speed>0.0</ns3:Speed></ns3:TPX></Extensions></Trackpoint><Trackpoint><Time>2026-01-07T22:20:20Z</Time><HeartRateBpm><Value>106</Value></HeartRateBpm><Cadence>61</Cadence><Extensions><ns3:TPX><ns3:Speed>0.0</ns3:Speed></ns3:TPX></Extensions></Trackpoint><Trackpoint><Time>2026-01-07T22:20:21Z</Time><HeartRateBpm><Value>105</Value></HeartRateBpm><Cadence>61</Cadence><Extensions><ns3:TPX><ns3:Speed>0.0</ns3:Speed></ns3:TPX></Extensions></Trackpoint><Trackpoint><Time>2026-01-07T22:20:26Z</Time><HeartRateBpm><Value>104</Value></HeartRateBpm><Cadence>61</Cadence><Extensions><ns3:TPX><ns3:Speed>0.0</ns3:Speed></ns3:TPX></Extensions></Trackpoint><Trackpoint><Time>2026-01-07T22:20:31Z</Time><HeartRateBpm><Value>104</Value></HeartRateBpm><Cadence>61</Cadence><Extensions><ns3:TPX><ns3:Speed>0.0</ns3:Speed></ns3:TPX></Extensions></Trackpoint><Trackpoint><Time>2026-01-07T22:20:32Z</Time><HeartRateBpm><Value>103</Value></HeartRateBpm><Cadence>61</Cadence><Extensions><ns3:TPX><ns3:Speed>0.0</ns3:Speed></ns3:TPX></Extensions></Trackpoint><Trackpoint><Time>2026-01-07T22:20:34Z</Time><HeartRateBpm><Value>101</Value></HeartRateBpm><Cadence>61</Cadence><Extensions><ns3:TPX><ns3:Speed>0.0</ns3:Speed></ns3:TPX></Extensions></Trackpoint><Trackpoint><Time>2026-01-07T22:20:37Z</Time><HeartRateBpm><Value>102</Value></HeartRateBpm><Cadence>61</Cadence><Extensions><ns3:TPX><ns3:Speed>0.0</ns3:Speed></ns3:TPX></Extensions></Trackpoint><Trackpoint><Time>2026-01-07T22:20:38Z</Time><HeartRateBpm><Value>104</Value></HeartRateBpm><Cadence>61</Cadence><Extensions><ns3:TPX><ns3:Speed>0.0</ns3:Speed></ns3:TPX></Extensions></Trackpoint><Trackpoint><Time>2026-01-07T22:20:41Z</Time><HeartRateBpm><Value>105</Value></HeartRateBpm><Cadence>61</Cadence><Extensions><ns3:TPX><ns3:Speed>0.0</ns3:Speed></ns3:TPX></Extensions></Trackpoint><Trackpoint><Time>2026-01-07T22:20:43Z</Time><HeartRateBpm><Value>107</Value></HeartRateBpm><Cadence>61</Cadence><Extensions><ns3:TPX><ns3:Speed>0.0</ns3:Speed></ns3:TPX></Extensions></Trackpoint><Trackpoint><Time>2026-01-07T22:20:45Z</Time><HeartRateBpm><Value>109</Value></HeartRateBpm><Cadence>61</Cadence><Extensions><ns3:TPX><ns3:Speed>0.0</ns3:Speed></ns3:TPX></Extensions></Trackpoint><Trackpoint><Time>2026-01-07T22:20:46Z</Time><HeartRateBpm><Value>110</Value></HeartRateBpm><Cadence>61</Cadence><Extensions><ns3:TPX><ns3:Speed>0.0</ns3:Speed></ns3:TPX></Extensions></Trackpoint><Trackpoint><Time>2026-01-07T22:20:51Z</Time><HeartRateBpm><Value>110</Value></HeartRateBpm><Cadence>61</Cadence><Extensions><ns3:TPX><ns3:Speed>0.0</ns3:Speed></ns3:TPX></Extensions></Trackpoint><Trackpoint><Time>2026-01-07T22:20:55Z</Time><HeartRateBpm><Value>109</Value></HeartRateBpm><Cadence>61</Cadence><Extensions><ns3:TPX><ns3:Speed>0.0</ns3:Speed></ns3:TPX></Extensions></Trackpoint><Trackpoint><Time>2026-01-07T22:20:56Z</Time><HeartRateBpm><Value>106</Value></HeartRateBpm><Cadence>61</Cadence><Extensions><ns3:TPX><ns3:Speed>0.0</ns3:Speed></ns3:TPX></Extensions></Trackpoint><Trackpoint><Time>2026-01-07T22:20:57Z</Time><HeartRateBpm><Value>103</Value></HeartRateBpm><Cadence>61</Cadence><Extensions><ns3:TPX><ns3:Speed>0.0</ns3:Speed></ns3:TPX></Extensions></Trackpoint><Trackpoint><Time>2026-01-07T22:20:59Z</Time><HeartRateBpm><Value>102</Value></HeartRateBpm><Cadence>61</Cadence><Extensions><ns3:TPX><ns3:Speed>0.0</ns3:Speed></ns3:TPX></Extensions></Trackpoint><Trackpoint><Time>2026-01-07T22:21:02Z</Time><HeartRateBpm><Value>103</Value></HeartRateBpm><Cadence>61</Cadence><Extensions><ns3:TPX><ns3:Speed>0.0</ns3:Speed></ns3:TPX></Extensions></Trackpoint><Trackpoint><Time>2026-01-07T22:21:03Z</Time><HeartRateBpm><Value>104</Value></HeartRateBpm><Cadence>61</Cadence><Extensions><ns3:TPX><ns3:Speed>0.0</ns3:Speed></ns3:TPX></Extensions></Trackpoint><Trackpoint><Time>2026-01-07T22:21:07Z</Time><HeartRateBpm><Value>106</Value></HeartRateBpm><Cadence>61</Cadence><Extensions><ns3:TPX><ns3:Speed>0.0</ns3:Speed></ns3:TPX></Extensions></Trackpoint><Trackpoint><Time>2026-01-07T22:21:13Z</Time><HeartRateBpm><Value>107</Value></HeartRateBpm><Cadence>61</Cadence><Extensions><ns3:TPX><ns3:Speed>0.0</ns3:Speed></ns3:TPX></Extensions></Trackpoint><Trackpoint><Time>2026-01-07T22:21:14Z</Time><HeartRateBpm><Value>109</Value></HeartRateBpm><Cadence>61</Cadence><Extensions><ns3:TPX><ns3:Speed>0.0</ns3:Speed></ns3:TPX></Extensions></Trackpoint><Trackpoint><Time>2026-01-07T22:21:15Z</Time><HeartRateBpm><Value>112</Value></HeartRateBpm><Cadence>61</Cadence><Extensions><ns3:TPX><ns3:Speed>0.0</ns3:Speed></ns3:TPX></Extensions></Trackpoint><Trackpoint><Time>2026-01-07T22:21:16Z</Time><HeartRateBpm><Value>113</Value></HeartRateBpm><Cadence>61</Cadence><Extensions><ns3:TPX><ns3:Speed>0.0</ns3:Speed></ns3:TPX></Extensions></Trackpoint><Trackpoint><Time>2026-01-07T22:21:18Z</Time><HeartRateBpm><Value>108</Value></HeartRateBpm><Cadence>61</Cadence><Extensions><ns3:TPX><ns3:Speed>0.0</ns3:Speed></ns3:TPX></Extensions></Trackpoint><Trackpoint><Time>2026-01-07T22:21:20Z</Time><HeartRateBpm><Value>111</Value></HeartRateBpm><Cadence>61</Cadence><Extensions><ns3:TPX><ns3:Speed>0.0</ns3:Speed></ns3:TPX></Extensions></Trackpoint><Trackpoint><Time>2026-01-07T22:21:21Z</Time><HeartRateBpm><Value>110</Value></HeartRateBpm><Cadence>61</Cadence><Extensions><ns3:TPX><ns3:Speed>0.0</ns3:Speed></ns3:TPX></Extensions></Trackpoint><Trackpoint><Time>2026-01-07T22:21:26Z</Time><HeartRateBpm><Value>111</Value></HeartRateBpm><Cadence>61</Cadence><Extensions><ns3:TPX><ns3:Speed>0.0</ns3:Speed></ns3:TPX></Extensions></Trackpoint><Trackpoint><Time>2026-01-07T22:21:27Z</Time><HeartRateBpm><Value>113</Value></HeartRateBpm><Cadence>61</Cadence><Extensions><ns3:TPX><ns3:Speed>0.0</ns3:Speed></ns3:TPX></Extensions></Trackpoint><Trackpoint><Time>2026-01-07T22:21:30Z</Time><HeartRateBpm><Value>112</Value></HeartRateBpm><Cadence>61</Cadence><Extensions><ns3:TPX><ns3:Speed>0.0</ns3:Speed></ns3:TPX></Extensions></Trackpoint><Trackpoint><Time>2026-01-07T22:21:33Z</Time><HeartRateBpm><Value>113</Value></HeartRateBpm><Cadence>61</Cadence><Extensions><ns3:TPX><ns3:Speed>0.0</ns3:Speed></ns3:TPX></Extensions></Trackpoint><Trackpoint><Time>2026-01-07T22:21:34Z</Time><HeartRateBpm><Value>114</Value></HeartRateBpm><Cadence>61</Cadence><Extensions><ns3:TPX><ns3:Speed>0.0</ns3:Speed></ns3:TPX></Extensions></Trackpoint><Trackpoint><Time>2026-01-07T22:21:35Z</Time><HeartRateBpm><Value>116</Value></HeartRateBpm><Cadence>61</Cadence><Extensions><ns3:TPX><ns3:Speed>0.0</ns3:Speed></ns3:TPX></Extensions></Trackpoint><Trackpoint><Time>2026-01-07T22:21:36Z</Time><HeartRateBpm><Value>117</Value></HeartRateBpm><Cadence>61</Cadence><Extensions><ns3:TPX><ns3:Speed>0.0</ns3:Speed></ns3:TPX></Extensions></Trackpoint><Trackpoint><Time>2026-01-07T22:21:38Z</Time><HeartRateBpm><Value>118</Value></HeartRateBpm><Cadence>61</Cadence><Extensions><ns3:TPX><ns3:Speed>0.0</ns3:Speed></ns3:TPX></Extensions></Trackpoint><Trackpoint><Time>2026-01-07T22:21:39Z</Time><HeartRateBpm><Value>117</Value></HeartRateBpm><Cadence>61</Cadence><Extensions><ns3:TPX><ns3:Speed>0.0</ns3:Speed></ns3:TPX></Extensions></Trackpoint><Trackpoint><Time>2026-01-07T22:21:40Z</Time><HeartRateBpm><Value>116</Value></HeartRateBpm><Cadence>61</Cadence><Extensions><ns3:TPX><ns3:Speed>0.0</ns3:Speed></ns3:TPX></Extensions></Trackpoint><Trackpoint><Time>2026-01-07T22:21:44Z</Time><HeartRateBpm><Value>115</Value></HeartRateBpm><Cadence>61</Cadence><Extensions><ns3:TPX><ns3:Speed>0.0</ns3:Speed></ns3:TPX></Extensions></Trackpoint><Trackpoint><Time>2026-01-07T22:21:46Z</Time><HeartRateBpm><Value>113</Value></HeartRateBpm><Cadence>61</Cadence><Extensions><ns3:TPX><ns3:Speed>0.0</ns3:Speed></ns3:TPX></Extensions></Trackpoint><Trackpoint><Time>2026-01-07T22:21:47Z</Time><HeartRateBpm><Value>112</Value></HeartRateBpm><Cadence>61</Cadence><Extensions><ns3:TPX><ns3:Speed>0.0</ns3:Speed></ns3:TPX></Extensions></Trackpoint><Trackpoint><Time>2026-01-07T22:21:51Z</Time><HeartRateBpm><Value>111</Value></HeartRateBpm><Cadence>61</Cadence><Extensions><ns3:TPX><ns3:Speed>0.0</ns3:Speed></ns3:TPX></Extensions></Trackpoint><Trackpoint><Time>2026-01-07T22:21:56Z</Time><HeartRateBpm><Value>112</Value></HeartRateBpm><Cadence>61</Cadence><Extensions><ns3:TPX><ns3:Speed>0.0</ns3:Speed></ns3:TPX></Extensions></Trackpoint><Trackpoint><Time>2026-01-07T22:21:57Z</Time><HeartRateBpm><Value>114</Value></HeartRateBpm><Cadence>61</Cadence><Extensions><ns3:TPX><ns3:Speed>0.0</ns3:Speed></ns3:TPX></Extensions></Trackpoint><Trackpoint><Time>2026-01-07T22:21:59Z</Time><HeartRateBpm><Value>115</Value></HeartRateBpm><Cadence>61</Cadence><Extensions><ns3:TPX><ns3:Speed>0.0</ns3:Speed></ns3:TPX></Extensions></Trackpoint><Trackpoint><Time>2026-01-07T22:22:04Z</Time><HeartRateBpm><Value>114</Value></HeartRateBpm><Cadence>61</Cadence><Extensions><ns3:TPX><ns3:Speed>0.0</ns3:Speed></ns3:TPX></Extensions></Trackpoint><Trackpoint><Time>2026-01-07T22:22:05Z</Time><HeartRateBpm><Value>113</Value></HeartRateBpm><Cadence>61</Cadence><Extensions><ns3:TPX><ns3:Speed>0.0</ns3:Speed></ns3:TPX></Extensions></Trackpoint><Trackpoint><Time>2026-01-07T22:22:07Z</Time><HeartRateBpm><Value>112</Value></HeartRateBpm><Cadence>61</Cadence><Extensions><ns3:TPX><ns3:Speed>0.0</ns3:Speed></ns3:TPX></Extensions></Trackpoint><Trackpoint><Time>2026-01-07T22:22:10Z</Time><HeartRateBpm><Value>110</Value></HeartRateBpm><Cadence>61</Cadence><Extensions><ns3:TPX><ns3:Speed>0.0</ns3:Speed></ns3:TPX></Extensions></Trackpoint><Trackpoint><Time>2026-01-07T22:22:13Z</Time><HeartRateBpm><Value>111</Value></HeartRateBpm><Cadence>61</Cadence><Extensions><ns3:TPX><ns3:Speed>0.0</ns3:Speed></ns3:TPX></Extensions></Trackpoint><Trackpoint><Time>2026-01-07T22:22:16Z</Time><HeartRateBpm><Value>112</Value></HeartRateBpm><Cadence>61</Cadence><Extensions><ns3:TPX><ns3:Speed>0.0</ns3:Speed></ns3:TPX></Extensions></Trackpoint><Trackpoint><Time>2026-01-07T22:22:20Z</Time><HeartRateBpm><Value>111</Value></HeartRateBpm><Cadence>61</Cadence><Extensions><ns3:TPX><ns3:Speed>0.0</ns3:Speed></ns3:TPX></Extensions></Trackpoint><Trackpoint><Time>2026-01-07T22:22:22Z</Time><HeartRateBpm><Value>110</Value></HeartRateBpm><Cadence>61</Cadence><Extensions><ns3:TPX><ns3:Speed>0.0</ns3:Speed></ns3:TPX></Extensions></Trackpoint><Trackpoint><Time>2026-01-07T22:22:25Z</Time><HeartRateBpm><Value>111</Value></HeartRateBpm><Cadence>61</Cadence><Extensions><ns3:TPX><ns3:Speed>0.0</ns3:Speed></ns3:TPX></Extensions></Trackpoint><Trackpoint><Time>2026-01-07T22:22:26Z</Time><HeartRateBpm><Value>112</Value></HeartRateBpm><Cadence>61</Cadence><Extensions><ns3:TPX><ns3:Speed>0.0</ns3:Speed></ns3:TPX></Extensions></Trackpoint><Trackpoint><Time>2026-01-07T22:22:27Z</Time><HeartRateBpm><Value>113</Value></HeartRateBpm><Cadence>61</Cadence><Extensions><ns3:TPX><ns3:Speed>0.0</ns3:Speed></ns3:TPX></Extensions></Trackpoint><Trackpoint><Time>2026-01-07T22:22:29Z</Time><HeartRateBpm><Value>112</Value></HeartRateBpm><Cadence>61</Cadence><Extensions><ns3:TPX><ns3:Speed>0.0</ns3:Speed></ns3:TPX></Extensions></Trackpoint><Trackpoint><Time>2026-01-07T22:22:34Z</Time><HeartRateBpm><Value>112</Value></HeartRateBpm><Cadence>61</Cadence><Extensions><ns3:TPX><ns3:Speed>0.0</ns3:Speed></ns3:TPX></Extensions></Trackpoint><Trackpoint><Time>2026-01-07T22:22:38Z</Time><HeartRateBpm><Value>114</Value></HeartRateBpm><Cadence>61</Cadence><Extensions><ns3:TPX><ns3:Speed>0.0</ns3:Speed></ns3:TPX></Extensions></Trackpoint><Trackpoint><Time>2026-01-07T22:22:39Z</Time><HeartRateBpm><Value>116</Value></HeartRateBpm><Cadence>61</Cadence><Extensions><ns3:TPX><ns3:Speed>0.0</ns3:Speed></ns3:TPX></Extensions></Trackpoint><Trackpoint><Time>2026-01-07T22:22:40Z</Time><HeartRateBpm><Value>120</Value></HeartRateBpm><Cadence>61</Cadence><Extensions><ns3:TPX><ns3:Speed>0.0</ns3:Speed></ns3:TPX></Extensions></Trackpoint><Trackpoint><Time>2026-01-07T22:22:41Z</Time><HeartRateBpm><Value>121</Value></HeartRateBpm><Cadence>61</Cadence><Extensions><ns3:TPX><ns3:Speed>0.0</ns3:Speed></ns3:TPX></Extensions></Trackpoint><Trackpoint><Time>2026-01-07T22:22:45Z</Time><HeartRateBpm><Value>115</Value></HeartRateBpm><Cadence>61</Cadence><Extensions><ns3:TPX><ns3:Speed>0.0</ns3:Speed></ns3:TPX></Extensions></Trackpoint><Trackpoint><Time>2026-01-07T22:22:46Z</Time><HeartRateBpm><Value>117</Value></HeartRateBpm><Cadence>61</Cadence><Extensions><ns3:TPX><ns3:Speed>0.0</ns3:Speed></ns3:TPX></Extensions></Trackpoint><Trackpoint><Time>2026-01-07T22:22:47Z</Time><HeartRateBpm><Value>116</Value></HeartRateBpm><Cadence>61</Cadence><Extensions><ns3:TPX><ns3:Speed>0.0</ns3:Speed></ns3:TPX></Extensions></Trackpoint><Trackpoint><Time>2026-01-07T22:22:48Z</Time><HeartRateBpm><Value>115</Value></HeartRateBpm><Cadence>61</Cadence><Extensions><ns3:TPX><ns3:Speed>0.0</ns3:Speed></ns3:TPX></Extensions></Trackpoint><Trackpoint><Time>2026-01-07T22:22:50Z</Time><HeartRateBpm><Value>114</Value></HeartRateBpm><Cadence>61</Cadence><Extensions><ns3:TPX><ns3:Speed>0.0</ns3:Speed></ns3:TPX></Extensions></Trackpoint><Trackpoint><Time>2026-01-07T22:22:55Z</Time><HeartRateBpm><Value>114</Value></HeartRateBpm><Cadence>61</Cadence><Extensions><ns3:TPX><ns3:Speed>0.0</ns3:Speed></ns3:TPX></Extensions></Trackpoint><Trackpoint><Time>2026-01-07T22:22:56Z</Time><HeartRateBpm><Value>115</Value></HeartRateBpm><Cadence>61</Cadence><Extensions><ns3:TPX><ns3:Speed>0.0</ns3:Speed></ns3:TPX></Extensions></Trackpoint><Trackpoint><Time>2026-01-07T22:23:01Z</Time><HeartRateBpm><Value>116</Value></HeartRateBpm><Cadence>61</Cadence><Extensions><ns3:TPX><ns3:Speed>0.0</ns3:Speed></ns3:TPX></Extensions></Trackpoint><Trackpoint><Time>2026-01-07T22:23:03Z</Time><HeartRateBpm><Value>115</Value></HeartRateBpm><Cadence>61</Cadence><Extensions><ns3:TPX><ns3:Speed>0.0</ns3:Speed></ns3:TPX></Extensions></Trackpoint><Trackpoint><Time>2026-01-07T22:23:04Z</Time><HeartRateBpm><Value>111</Value></HeartRateBpm><Cadence>61</Cadence><Extensions><ns3:TPX><ns3:Speed>0.0</ns3:Speed></ns3:TPX></Extensions></Trackpoint><Trackpoint><Time>2026-01-07T22:23:05Z</Time><HeartRateBpm><Value>110</Value></HeartRateBpm><Cadence>61</Cadence><Extensions><ns3:TPX><ns3:Speed>0.0</ns3:Speed></ns3:TPX></Extensions></Trackpoint><Trackpoint><Time>2026-01-07T22:23:08Z</Time><HeartRateBpm><Value>111</Value></HeartRateBpm><Cadence>61</Cadence><Extensions><ns3:TPX><ns3:Speed>0.0</ns3:Speed></ns3:TPX></Extensions></Trackpoint><Trackpoint><Time>2026-01-07T22:23:09Z</Time><HeartRateBpm><Value>112</Value></HeartRateBpm><Cadence>61</Cadence><Extensions><ns3:TPX><ns3:Speed>0.0</ns3:Speed></ns3:TPX></Extensions></Trackpoint><Trackpoint><Time>2026-01-07T22:23:10Z</Time><HeartRateBpm><Value>113</Value></HeartRateBpm><Cadence>61</Cadence><Extensions><ns3:TPX><ns3:Speed>0.0</ns3:Speed></ns3:TPX></Extensions></Trackpoint><Trackpoint><Time>2026-01-07T22:23:12Z</Time><HeartRateBpm><Value>115</Value></HeartRateBpm><Cadence>61</Cadence><Extensions><ns3:TPX><ns3:Speed>0.0</ns3:Speed></ns3:TPX></Extensions></Trackpoint><Trackpoint><Time>2026-01-07T22:23:14Z</Time><HeartRateBpm><Value>120</Value></HeartRateBpm><Cadence>61</Cadence><Extensions><ns3:TPX><ns3:Speed>0.0</ns3:Speed></ns3:TPX></Extensions></Trackpoint><Trackpoint><Time>2026-01-07T22:23:15Z</Time><HeartRateBpm><Value>123</Value></HeartRateBpm><Cadence>61</Cadence><Extensions><ns3:TPX><ns3:Speed>0.0</ns3:Speed></ns3:TPX></Extensions></Trackpoint><Trackpoint><Time>2026-01-07T22:23:16Z</Time><HeartRateBpm><Value>125</Value></HeartRateBpm><Cadence>61</Cadence><Extensions><ns3:TPX><ns3:Speed>0.0</ns3:Speed></ns3:TPX></Extensions></Trackpoint><Trackpoint><Time>2026-01-07T22:23:17Z</Time><HeartRateBpm><Value>120</Value></HeartRateBpm><Cadence>61</Cadence><Extensions><ns3:TPX><ns3:Speed>0.0</ns3:Speed></ns3:TPX></Extensions></Trackpoint><Trackpoint><Time>2026-01-07T22:23:18Z</Time><HeartRateBpm><Value>124</Value></HeartRateBpm><Cadence>61</Cadence><Extensions><ns3:TPX><ns3:Speed>0.0</ns3:Speed></ns3:TPX></Extensions></Trackpoint><Trackpoint><Time>2026-01-07T22:23:20Z</Time><HeartRateBpm><Value>122</Value></HeartRateBpm><Cadence>61</Cadence><Extensions><ns3:TPX><ns3:Speed>0.0</ns3:Speed></ns3:TPX></Extensions></Trackpoint><Trackpoint><Time>2026-01-07T22:23:21Z</Time><HeartRateBpm><Value>121</Value></HeartRateBpm><Cadence>61</Cadence><Extensions><ns3:TPX><ns3:Speed>0.0</ns3:Speed></ns3:TPX></Extensions></Trackpoint><Trackpoint><Time>2026-01-07T22:23:22Z</Time><HeartRateBpm><Value>120</Value></HeartRateBpm><Cadence>61</Cadence><Extensions><ns3:TPX><ns3:Speed>0.0</ns3:Speed></ns3:TPX></Extensions></Trackpoint><Trackpoint><Time>2026-01-07T22:23:24Z</Time><HeartRateBpm><Value>119</Value></HeartRateBpm><Cadence>61</Cadence><Extensions><ns3:TPX><ns3:Speed>0.0</ns3:Speed></ns3:TPX></Extensions></Trackpoint><Trackpoint><Time>2026-01-07T22:23:26Z</Time><HeartRateBpm><Value>118</Value></HeartRateBpm><Cadence>61</Cadence><Extensions><ns3:TPX><ns3:Speed>0.0</ns3:Speed></ns3:TPX></Extensions></Trackpoint><Trackpoint><Time>2026-01-07T22:23:29Z</Time><HeartRateBpm><Value>116</Value></HeartRateBpm><Cadence>61</Cadence><Extensions><ns3:TPX><ns3:Speed>0.0</ns3:Speed></ns3:TPX></Extensions></Trackpoint><Trackpoint><Time>2026-01-07T22:23:30Z</Time><HeartRateBpm><Value>115</Value></HeartRateBpm><Cadence>61</Cadence><Extensions><ns3:TPX><ns3:Speed>0.0</ns3:Speed></ns3:TPX></Extensions></Trackpoint><Trackpoint><Time>2026-01-07T22:23:32Z</Time><HeartRateBpm><Value>114</Value></HeartRateBpm><Cadence>61</Cadence><Extensions><ns3:TPX><ns3:Speed>0.0</ns3:Speed></ns3:TPX></Extensions></Trackpoint><Trackpoint><Time>2026-01-07T22:23:33Z</Time><HeartRateBpm><Value>113</Value></HeartRateBpm><Cadence>61</Cadence><Extensions><ns3:TPX><ns3:Speed>0.0</ns3:Speed></ns3:TPX></Extensions></Trackpoint><Trackpoint><Time>2026-01-07T22:23:35Z</Time><HeartRateBpm><Value>111</Value></HeartRateBpm><Cadence>61</Cadence><Extensions><ns3:TPX><ns3:Speed>0.0</ns3:Speed></ns3:TPX></Extensions></Trackpoint><Trackpoint><Time>2026-01-07T22:23:40Z</Time><HeartRateBpm><Value>111</Value></HeartRateBpm><Cadence>61</Cadence><Extensions><ns3:TPX><ns3:Speed>0.0</ns3:Speed></ns3:TPX></Extensions></Trackpoint><Trackpoint><Time>2026-01-07T22:23:42Z</Time><HeartRateBpm><Value>110</Value></HeartRateBpm><Cadence>61</Cadence><Extensions><ns3:TPX><ns3:Speed>0.0</ns3:Speed></ns3:TPX></Extensions></Trackpoint><Trackpoint><Time>2026-01-07T22:23:44Z</Time><HeartRateBpm><Value>108</Value></HeartRateBpm><Cadence>61</Cadence><Extensions><ns3:TPX><ns3:Speed>0.0</ns3:Speed></ns3:TPX></Extensions></Trackpoint><Trackpoint><Time>2026-01-07T22:23:50Z</Time><HeartRateBpm><Value>108</Value></HeartRateBpm><Cadence>61</Cadence><Extensions><ns3:TPX><ns3:Speed>0.0</ns3:Speed></ns3:TPX></Extensions></Trackpoint><Trackpoint><Time>2026-01-07T22:23:52Z</Time><HeartRateBpm><Value>109</Value></HeartRateBpm><Cadence>61</Cadence><Extensions><ns3:TPX><ns3:Speed>0.0</ns3:Speed></ns3:TPX></Extensions></Trackpoint><Trackpoint><Time>2026-01-07T22:23:54Z</Time><HeartRateBpm><Value>108</Value></HeartRateBpm><Cadence>61</Cadence><Extensions><ns3:TPX><ns3:Speed>0.0</ns3:Speed></ns3:TPX></Extensions></Trackpoint><Trackpoint><Time>2026-01-07T22:23:56Z</Time><HeartRateBpm><Value>107</Value></HeartRateBpm><Cadence>61</Cadence><Extensions><ns3:TPX><ns3:Speed>0.0</ns3:Speed></ns3:TPX></Extensions></Trackpoint><Trackpoint><Time>2026-01-07T22:23:57Z</Time><HeartRateBpm><Value>106</Value></HeartRateBpm><Cadence>61</Cadence><Extensions><ns3:TPX><ns3:Speed>0.0</ns3:Speed></ns3:TPX></Extensions></Trackpoint><Trackpoint><Time>2026-01-07T22:23:59Z</Time><HeartRateBpm><Value>107</Value></HeartRateBpm><Cadence>61</Cadence><Extensions><ns3:TPX><ns3:Speed>0.0</ns3:Speed></ns3:TPX></Extensions></Trackpoint><Trackpoint><Time>2026-01-07T22:24:02Z</Time><HeartRateBpm><Value>108</Value></HeartRateBpm><Cadence>61</Cadence><Extensions><ns3:TPX><ns3:Speed>0.0</ns3:Speed></ns3:TPX></Extensions></Trackpoint><Trackpoint><Time>2026-01-07T22:24:06Z</Time><HeartRateBpm><Value>108</Value></HeartRateBpm><Cadence>61</Cadence><Extensions><ns3:TPX><ns3:Speed>0.0</ns3:Speed></ns3:TPX></Extensions></Trackpoint><Trackpoint><Time>2026-01-07T22:24:10Z</Time><HeartRateBpm><Value>109</Value></HeartRateBpm><Cadence>61</Cadence><Extensions><ns3:TPX><ns3:Speed>0.0</ns3:Speed></ns3:TPX></Extensions></Trackpoint><Trackpoint><Time>2026-01-07T22:24:11Z</Time><HeartRateBpm><Value>108</Value></HeartRateBpm><Cadence>61</Cadence><Extensions><ns3:TPX><ns3:Speed>0.0</ns3:Speed></ns3:TPX></Extensions></Trackpoint><Trackpoint><Time>2026-01-07T22:24:12Z</Time><HeartRateBpm><Value>109</Value></HeartRateBpm><Cadence>61</Cadence><Extensions><ns3:TPX><ns3:Speed>0.0</ns3:Speed></ns3:TPX></Extensions></Trackpoint><Trackpoint><Time>2026-01-07T22:24:13Z</Time><HeartRateBpm><Value>110</Value></HeartRateBpm><Cadence>61</Cadence><Extensions><ns3:TPX><ns3:Speed>0.0</ns3:Speed></ns3:TPX></Extensions></Trackpoint><Trackpoint><Time>2026-01-07T22:24:15Z</Time><HeartRateBpm><Value>111</Value></HeartRateBpm><Cadence>61</Cadence><Extensions><ns3:TPX><ns3:Speed>0.0</ns3:Speed></ns3:TPX></Extensions></Trackpoint><Trackpoint><Time>2026-01-07T22:24:18Z</Time><HeartRateBpm><Value>111</Value></HeartRateBpm><Cadence>61</Cadence><Extensions><ns3:TPX><ns3:Speed>0.0</ns3:Speed></ns3:TPX></Extensions></Trackpoint><Trackpoint><Time>2026-01-07T22:24:20Z</Time><HeartRateBpm><Value>109</Value></HeartRateBpm><Cadence>61</Cadence><Extensions><ns3:TPX><ns3:Speed>0.0</ns3:Speed></ns3:TPX></Extensions></Trackpoint><Trackpoint><Time>2026-01-07T22:24:21Z</Time><HeartRateBpm><Value>108</Value></HeartRateBpm><Cadence>61</Cadence><Extensions><ns3:TPX><ns3:Speed>0.0</ns3:Speed></ns3:TPX></Extensions></Trackpoint><Trackpoint><Time>2026-01-07T22:24:26Z</Time><HeartRateBpm><Value>108</Value></HeartRateBpm><Cadence>61</Cadence><Extensions><ns3:TPX><ns3:Speed>0.0</ns3:Speed></ns3:TPX></Extensions></Trackpoint><Trackpoint><Time>2026-01-07T22:24:29Z</Time><HeartRateBpm><Value>106</Value></HeartRateBpm><Cadence>61</Cadence><Extensions><ns3:TPX><ns3:Speed>0.0</ns3:Speed></ns3:TPX></Extensions></Trackpoint><Trackpoint><Time>2026-01-07T22:24:33Z</Time><HeartRateBpm><Value>105</Value></HeartRateBpm><Cadence>61</Cadence><Extensions><ns3:TPX><ns3:Speed>0.0</ns3:Speed></ns3:TPX></Extensions></Trackpoint><Trackpoint><Time>2026-01-07T22:24:35Z</Time><HeartRateBpm><Value>104</Value></HeartRateBpm><Cadence>61</Cadence><Extensions><ns3:TPX><ns3:Speed>0.0</ns3:Speed></ns3:TPX></Extensions></Trackpoint><Trackpoint><Time>2026-01-07T22:24:40Z</Time><HeartRateBpm><Value>104</Value></HeartRateBpm><Cadence>61</Cadence><Extensions><ns3:TPX><ns3:Speed>0.0</ns3:Speed></ns3:TPX></Extensions></Trackpoint><Trackpoint><Time>2026-01-07T22:24:44Z</Time><HeartRateBpm><Value>103</Value></HeartRateBpm><Cadence>61</Cadence><Extensions><ns3:TPX><ns3:Speed>0.0</ns3:Speed></ns3:TPX></Extensions></Trackpoint><Trackpoint><Time>2026-01-07T22:24:45Z</Time><HeartRateBpm><Value>102</Value></HeartRateBpm><Cadence>61</Cadence><Extensions><ns3:TPX><ns3:Speed>0.0</ns3:Speed></ns3:TPX></Extensions></Trackpoint><Trackpoint><Time>2026-01-07T22:24:51Z</Time><HeartRateBpm><Value>102</Value></HeartRateBpm><Cadence>61</Cadence><Extensions><ns3:TPX><ns3:Speed>0.0</ns3:Speed></ns3:TPX></Extensions></Trackpoint><Trackpoint><Time>2026-01-07T22:24:52Z</Time><HeartRateBpm><Value>103</Value></HeartRateBpm><Cadence>61</Cadence><Extensions><ns3:TPX><ns3:Speed>0.0</ns3:Speed></ns3:TPX></Extensions></Trackpoint><Trackpoint><Time>2026-01-07T22:24:56Z</Time><HeartRateBpm><Value>104</Value></HeartRateBpm><Cadence>61</Cadence><Extensions><ns3:TPX><ns3:Speed>0.0</ns3:Speed></ns3:TPX></Extensions></Trackpoint><Trackpoint><Time>2026-01-07T22:25:02Z</Time><HeartRateBpm><Value>104</Value></HeartRateBpm><Cadence>61</Cadence><Extensions><ns3:TPX><ns3:Speed>0.0</ns3:Speed></ns3:TPX></Extensions></Trackpoint><Trackpoint><Time>2026-01-07T22:25:04Z</Time><HeartRateBpm><Value>105</Value></HeartRateBpm><Cadence>61</Cadence><Extensions><ns3:TPX><ns3:Speed>0.0</ns3:Speed></ns3:TPX></Extensions></Trackpoint><Trackpoint><Time>2026-01-07T22:25:06Z</Time><HeartRateBpm><Value>104</Value></HeartRateBpm><Cadence>61</Cadence><Extensions><ns3:TPX><ns3:Speed>0.0</ns3:Speed></ns3:TPX></Extensions></Trackpoint><Trackpoint><Time>2026-01-07T22:25:10Z</Time><HeartRateBpm><Value>103</Value></HeartRateBpm><Cadence>61</Cadence><Extensions><ns3:TPX><ns3:Speed>0.0</ns3:Speed></ns3:TPX></Extensions></Trackpoint><Trackpoint><Time>2026-01-07T22:25:11Z</Time><HeartRateBpm><Value>100</Value></HeartRateBpm><Cadence>61</Cadence><Extensions><ns3:TPX><ns3:Speed>0.0</ns3:Speed></ns3:TPX></Extensions></Trackpoint><Trackpoint><Time>2026-01-07T22:25:14Z</Time><HeartRateBpm><Value>98</Value></HeartRateBpm><Cadence>61</Cadence><Extensions><ns3:TPX><ns3:Speed>0.0</ns3:Speed></ns3:TPX></Extensions></Trackpoint><Trackpoint><Time>2026-01-07T22:25:17Z</Time><HeartRateBpm><Value>96</Value></HeartRateBpm><Cadence>61</Cadence><Extensions><ns3:TPX><ns3:Speed>0.0</ns3:Speed></ns3:TPX></Extensions></Trackpoint><Trackpoint><Time>2026-01-07T22:25:19Z</Time><HeartRateBpm><Value>95</Value></HeartRateBpm><Cadence>61</Cadence><Extensions><ns3:TPX><ns3:Speed>0.0</ns3:Speed></ns3:TPX></Extensions></Trackpoint><Trackpoint><Time>2026-01-07T22:25:23Z</Time><HeartRateBpm><Value>97</Value></HeartRateBpm><Cadence>61</Cadence><Extensions><ns3:TPX><ns3:Speed>0.0</ns3:Speed></ns3:TPX></Extensions></Trackpoint><Trackpoint><Time>2026-01-07T22:25:27Z</Time><HeartRateBpm><Value>96</Value></HeartRateBpm><Cadence>61</Cadence><Extensions><ns3:TPX><ns3:Speed>0.0</ns3:Speed></ns3:TPX></Extensions></Trackpoint><Trackpoint><Time>2026-01-07T22:25:33Z</Time><HeartRateBpm><Value>96</Value></HeartRateBpm><Cadence>61</Cadence><Extensions><ns3:TPX><ns3:Speed>0.0</ns3:Speed></ns3:TPX></Extensions></Trackpoint><Trackpoint><Time>2026-01-07T22:25:35Z</Time><HeartRateBpm><Value>97</Value></HeartRateBpm><Cadence>61</Cadence><Extensions><ns3:TPX><ns3:Speed>0.0</ns3:Speed></ns3:TPX></Extensions></Trackpoint><Trackpoint><Time>2026-01-07T22:25:40Z</Time><HeartRateBpm><Value>97</Value></HeartRateBpm><Cadence>61</Cadence><Extensions><ns3:TPX><ns3:Speed>0.0</ns3:Speed></ns3:TPX></Extensions></Trackpoint><Trackpoint><Time>2026-01-07T22:25:41Z</Time><HeartRateBpm><Value>96</Value></HeartRateBpm><Cadence>61</Cadence><Extensions><ns3:TPX><ns3:Speed>0.0</ns3:Speed></ns3:TPX></Extensions></Trackpoint><Trackpoint><Time>2026-01-07T22:25:42Z</Time><HeartRateBpm><Value>97</Value></HeartRateBpm><Cadence>61</Cadence><Extensions><ns3:TPX><ns3:Speed>0.0</ns3:Speed></ns3:TPX></Extensions></Trackpoint><Trackpoint><Time>2026-01-07T22:25:43Z</Time><HeartRateBpm><Value>96</Value></HeartRateBpm><Cadence>61</Cadence><Extensions><ns3:TPX><ns3:Speed>0.0</ns3:Speed></ns3:TPX></Extensions></Trackpoint><Trackpoint><Time>2026-01-07T22:25:47Z</Time><HeartRateBpm><Value>97</Value></HeartRateBpm><Cadence>61</Cadence><Extensions><ns3:TPX><ns3:Speed>0.0</ns3:Speed></ns3:TPX></Extensions></Trackpoint><Trackpoint><Time>2026-01-07T22:25:48Z</Time><HeartRateBpm><Value>100</Value></HeartRateBpm><Cadence>61</Cadence><Extensions><ns3:TPX><ns3:Speed>0.0</ns3:Speed></ns3:TPX></Extensions></Trackpoint><Trackpoint><Time>2026-01-07T22:25:49Z</Time><HeartRateBpm><Value>101</Value></HeartRateBpm><Cadence>61</Cadence><Extensions><ns3:TPX><ns3:Speed>0.0</ns3:Speed></ns3:TPX></Extensions></Trackpoint><Trackpoint><Time>2026-01-07T22:25:53Z</Time><HeartRateBpm><Value>100</Value></HeartRateBpm><Cadence>61</Cadence><Extensions><ns3:TPX><ns3:Speed>0.0</ns3:Speed></ns3:TPX></Extensions></Trackpoint><Trackpoint><Time>2026-01-07T22:25:55Z</Time><HeartRateBpm><Value>102</Value></HeartRateBpm><Cadence>61</Cadence><Extensions><ns3:TPX><ns3:Speed>0.0</ns3:Speed></ns3:TPX></Extensions></Trackpoint><Trackpoint><Time>2026-01-07T22:25:57Z</Time><HeartRateBpm><Value>103</Value></HeartRateBpm><Cadence>61</Cadence><Extensions><ns3:TPX><ns3:Speed>0.0</ns3:Speed></ns3:TPX></Extensions></Trackpoint><Trackpoint><Time>2026-01-07T22:26:00Z</Time><HeartRateBpm><Value>104</Value></HeartRateBpm><Cadence>61</Cadence><Extensions><ns3:TPX><ns3:Speed>0.0</ns3:Speed></ns3:TPX></Extensions></Trackpoint><Trackpoint><Time>2026-01-07T22:26:03Z</Time><HeartRateBpm><Value>101</Value></HeartRateBpm><Cadence>61</Cadence><Extensions><ns3:TPX><ns3:Speed>0.0</ns3:Speed></ns3:TPX></Extensions></Trackpoint><Trackpoint><Time>2026-01-07T22:26:04Z</Time><HeartRateBpm><Value>99</Value></HeartRateBpm><Cadence>61</Cadence><Extensions><ns3:TPX><ns3:Speed>0.0</ns3:Speed></ns3:TPX></Extensions></Trackpoint><Trackpoint><Time>2026-01-07T22:26:07Z</Time><HeartRateBpm><Value>98</Value></HeartRateBpm><Cadence>61</Cadence><Extensions><ns3:TPX><ns3:Speed>0.0</ns3:Speed></ns3:TPX></Extensions></Trackpoint><Trackpoint><Time>2026-01-07T22:26:12Z</Time><HeartRateBpm><Value>98</Value></HeartRateBpm><Cadence>61</Cadence><Extensions><ns3:TPX><ns3:Speed>0.0</ns3:Speed></ns3:TPX></Extensions></Trackpoint><Trackpoint><Time>2026-01-07T22:26:17Z</Time><HeartRateBpm><Value>99</Value></HeartRateBpm><Cadence>61</Cadence><Extensions><ns3:TPX><ns3:Speed>0.0</ns3:Speed></ns3:TPX></Extensions></Trackpoint><Trackpoint><Time>2026-01-07T22:26:18Z</Time><HeartRateBpm><Value>101</Value></HeartRateBpm><Cadence>61</Cadence><Extensions><ns3:TPX><ns3:Speed>0.0</ns3:Speed></ns3:TPX></Extensions></Trackpoint><Trackpoint><Time>2026-01-07T22:26:22Z</Time><HeartRateBpm><Value>102</Value></HeartRateBpm><Cadence>61</Cadence><Extensions><ns3:TPX><ns3:Speed>0.0</ns3:Speed></ns3:TPX></Extensions></Trackpoint><Trackpoint><Time>2026-01-07T22:26:24Z</Time><HeartRateBpm><Value>101</Value></HeartRateBpm><Cadence>61</Cadence><Extensions><ns3:TPX><ns3:Speed>0.0</ns3:Speed></ns3:TPX></Extensions></Trackpoint><Trackpoint><Time>2026-01-07T22:26:28Z</Time><HeartRateBpm><Value>102</Value></HeartRateBpm><Cadence>61</Cadence><Extensions><ns3:TPX><ns3:Speed>0.0</ns3:Speed></ns3:TPX></Extensions></Trackpoint><Trackpoint><Time>2026-01-07T22:26:30Z</Time><HeartRateBpm><Value>103</Value></HeartRateBpm><Cadence>61</Cadence><Extensions><ns3:TPX><ns3:Speed>0.0</ns3:Speed></ns3:TPX></Extensions></Trackpoint><Trackpoint><Time>2026-01-07T22:26:32Z</Time><HeartRateBpm><Value>104</Value></HeartRateBpm><Cadence>61</Cadence><Extensions><ns3:TPX><ns3:Speed>0.0</ns3:Speed></ns3:TPX></Extensions></Trackpoint><Trackpoint><Time>2026-01-07T22:26:34Z</Time><HeartRateBpm><Value>105</Value></HeartRateBpm><Cadence>61</Cadence><Extensions><ns3:TPX><ns3:Speed>0.0</ns3:Speed></ns3:TPX></Extensions></Trackpoint><Trackpoint><Time>2026-01-07T22:26:36Z</Time><HeartRateBpm><Value>104</Value></HeartRateBpm><Cadence>61</Cadence><Extensions><ns3:TPX><ns3:Speed>0.0</ns3:Speed></ns3:TPX></Extensions></Trackpoint><Trackpoint><Time>2026-01-07T22:26:40Z</Time><HeartRateBpm><Value>105</Value></HeartRateBpm><Cadence>61</Cadence><Extensions><ns3:TPX><ns3:Speed>0.0</ns3:Speed></ns3:TPX></Extensions></Trackpoint><Trackpoint><Time>2026-01-07T22:26:41Z</Time><HeartRateBpm><Value>103</Value></HeartRateBpm><Cadence>61</Cadence><Extensions><ns3:TPX><ns3:Speed>0.0</ns3:Speed></ns3:TPX></Extensions></Trackpoint><Trackpoint><Time>2026-01-07T22:26:46Z</Time><HeartRateBpm><Value>103</Value></HeartRateBpm><Cadence>61</Cadence><Extensions><ns3:TPX><ns3:Speed>0.0</ns3:Speed></ns3:TPX></Extensions></Trackpoint><Trackpoint><Time>2026-01-07T22:26:47Z</Time><HeartRateBpm><Value>104</Value></HeartRateBpm><Cadence>61</Cadence><Extensions><ns3:TPX><ns3:Speed>0.0</ns3:Speed></ns3:TPX></Extensions></Trackpoint><Trackpoint><Time>2026-01-07T22:26:52Z</Time><HeartRateBpm><Value>104</Value></HeartRateBpm><Cadence>61</Cadence><Extensions><ns3:TPX><ns3:Speed>0.0</ns3:Speed></ns3:TPX></Extensions></Trackpoint><Trackpoint><Time>2026-01-07T22:26:55Z</Time><HeartRateBpm><Value>105</Value></HeartRateBpm><Cadence>61</Cadence><Extensions><ns3:TPX><ns3:Speed>0.0</ns3:Speed></ns3:TPX></Extensions></Trackpoint><Trackpoint><Time>2026-01-07T22:26:56Z</Time><HeartRateBpm><Value>106</Value></HeartRateBpm><Cadence>61</Cadence><Extensions><ns3:TPX><ns3:Speed>0.0</ns3:Speed></ns3:TPX></Extensions></Trackpoint><Trackpoint><Time>2026-01-07T22:26:59Z</Time><HeartRateBpm><Value>105</Value></HeartRateBpm><Cadence>61</Cadence><Extensions><ns3:TPX><ns3:Speed>0.0</ns3:Speed></ns3:TPX></Extensions></Trackpoint><Trackpoint><Time>2026-01-07T22:27:01Z</Time><HeartRateBpm><Value>104</Value></HeartRateBpm><Cadence>61</Cadence><Extensions><ns3:TPX><ns3:Speed>0.0</ns3:Speed></ns3:TPX></Extensions></Trackpoint><Trackpoint><Time>2026-01-07T22:27:03Z</Time><HeartRateBpm><Value>105</Value></HeartRateBpm><Cadence>61</Cadence><Extensions><ns3:TPX><ns3:Speed>0.0</ns3:Speed></ns3:TPX></Extensions></Trackpoint><Trackpoint><Time>2026-01-07T22:27:05Z</Time><HeartRateBpm><Value>106</Value></HeartRateBpm><Cadence>61</Cadence><Extensions><ns3:TPX><ns3:Speed>0.0</ns3:Speed></ns3:TPX></Extensions></Trackpoint><Trackpoint><Time>2026-01-07T22:27:06Z</Time><HeartRateBpm><Value>107</Value></HeartRateBpm><Cadence>61</Cadence><Extensions><ns3:TPX><ns3:Speed>0.0</ns3:Speed></ns3:TPX></Extensions></Trackpoint><Trackpoint><Time>2026-01-07T22:27:11Z</Time><HeartRateBpm><Value>107</Value></HeartRateBpm><Cadence>61</Cadence><Extensions><ns3:TPX><ns3:Speed>0.0</ns3:Speed></ns3:TPX></Extensions></Trackpoint><Trackpoint><Time>2026-01-07T22:27:13Z</Time><HeartRateBpm><Value>108</Value></HeartRateBpm><Cadence>61</Cadence><Extensions><ns3:TPX><ns3:Speed>0.0</ns3:Speed></ns3:TPX></Extensions></Trackpoint><Trackpoint><Time>2026-01-07T22:27:15Z</Time><HeartRateBpm><Value>109</Value></HeartRateBpm><Cadence>61</Cadence><Extensions><ns3:TPX><ns3:Speed>0.0</ns3:Speed></ns3:TPX></Extensions></Trackpoint><Trackpoint><Time>2026-01-07T22:27:17Z</Time><HeartRateBpm><Value>110</Value></HeartRateBpm><Cadence>61</Cadence><Extensions><ns3:TPX><ns3:Speed>0.0</ns3:Speed></ns3:TPX></Extensions></Trackpoint><Trackpoint><Time>2026-01-07T22:27:18Z</Time><HeartRateBpm><Value>109</Value></HeartRateBpm><Cadence>61</Cadence><Extensions><ns3:TPX><ns3:Speed>0.0</ns3:Speed></ns3:TPX></Extensions></Trackpoint><Trackpoint><Time>2026-01-07T22:27:19Z</Time><HeartRateBpm><Value>110</Value></HeartRateBpm><Cadence>61</Cadence><Extensions><ns3:TPX><ns3:Speed>0.0</ns3:Speed></ns3:TPX></Extensions></Trackpoint><Trackpoint><Time>2026-01-07T22:27:24Z</Time><HeartRateBpm><Value>110</Value></HeartRateBpm><Cadence>61</Cadence><Extensions><ns3:TPX><ns3:Speed>0.0</ns3:Speed></ns3:TPX></Extensions></Trackpoint><Trackpoint><Time>2026-01-07T22:27:25Z</Time><HeartRateBpm><Value>109</Value></HeartRateBpm><Cadence>61</Cadence><Extensions><ns3:TPX><ns3:Speed>0.0</ns3:Speed></ns3:TPX></Extensions></Trackpoint><Trackpoint><Time>2026-01-07T22:27:26Z</Time><HeartRateBpm><Value>108</Value></HeartRateBpm><Cadence>61</Cadence><Extensions><ns3:TPX><ns3:Speed>0.0</ns3:Speed></ns3:TPX></Extensions></Trackpoint><Trackpoint><Time>2026-01-07T22:27:27Z</Time><HeartRateBpm><Value>107</Value></HeartRateBpm><Cadence>61</Cadence><Extensions><ns3:TPX><ns3:Speed>0.0</ns3:Speed></ns3:TPX></Extensions></Trackpoint><Trackpoint><Time>2026-01-07T22:27:29Z</Time><HeartRateBpm><Value>106</Value></HeartRateBpm><Cadence>61</Cadence><Extensions><ns3:TPX><ns3:Speed>0.0</ns3:Speed></ns3:TPX></Extensions></Trackpoint><Trackpoint><Time>2026-01-07T22:27:31Z</Time><HeartRateBpm><Value>105</Value></HeartRateBpm><Cadence>61</Cadence><Extensions><ns3:TPX><ns3:Speed>0.0</ns3:Speed></ns3:TPX></Extensions></Trackpoint><Trackpoint><Time>2026-01-07T22:27:33Z</Time><HeartRateBpm><Value>104</Value></HeartRateBpm><Cadence>61</Cadence><Extensions><ns3:TPX><ns3:Speed>0.0</ns3:Speed></ns3:TPX></Extensions></Trackpoint><Trackpoint><Time>2026-01-07T22:27:35Z</Time><HeartRateBpm><Value>103</Value></HeartRateBpm><Cadence>61</Cadence><Extensions><ns3:TPX><ns3:Speed>0.0</ns3:Speed></ns3:TPX></Extensions></Trackpoint><Trackpoint><Time>2026-01-07T22:27:36Z</Time><HeartRateBpm><Value>102</Value></HeartRateBpm><Cadence>61</Cadence><Extensions><ns3:TPX><ns3:Speed>0.0</ns3:Speed></ns3:TPX></Extensions></Trackpoint><Trackpoint><Time>2026-01-07T22:27:38Z</Time><HeartRateBpm><Value>101</Value></HeartRateBpm><Cadence>61</Cadence><Extensions><ns3:TPX><ns3:Speed>0.0</ns3:Speed></ns3:TPX></Extensions></Trackpoint><Trackpoint><Time>2026-01-07T22:27:43Z</Time><HeartRateBpm><Value>102</Value></HeartRateBpm><Cadence>61</Cadence><Extensions><ns3:TPX><ns3:Speed>0.0</ns3:Speed></ns3:TPX></Extensions></Trackpoint><Trackpoint><Time>2026-01-07T22:27:45Z</Time><HeartRateBpm><Value>103</Value></HeartRateBpm><Cadence>61</Cadence><Extensions><ns3:TPX><ns3:Speed>0.0</ns3:Speed></ns3:TPX></Extensions></Trackpoint><Trackpoint><Time>2026-01-07T22:27:46Z</Time><HeartRateBpm><Value>104</Value></HeartRateBpm><Cadence>61</Cadence><Extensions><ns3:TPX><ns3:Speed>0.0</ns3:Speed></ns3:TPX></Extensions></Trackpoint><Trackpoint><Time>2026-01-07T22:27:48Z</Time><HeartRateBpm><Value>105</Value></HeartRateBpm><Cadence>61</Cadence><Extensions><ns3:TPX><ns3:Speed>0.0</ns3:Speed></ns3:TPX></Extensions></Trackpoint><Trackpoint><Time>2026-01-07T22:27:49Z</Time><HeartRateBpm><Value>107</Value></HeartRateBpm><Cadence>61</Cadence><Extensions><ns3:TPX><ns3:Speed>0.0</ns3:Speed></ns3:TPX></Extensions></Trackpoint><Trackpoint><Time>2026-01-07T22:27:51Z</Time><HeartRateBpm><Value>106</Value></HeartRateBpm><Cadence>61</Cadence><Extensions><ns3:TPX><ns3:Speed>0.0</ns3:Speed></ns3:TPX></Extensions></Trackpoint><Trackpoint><Time>2026-01-07T22:27:54Z</Time><HeartRateBpm><Value>107</Value></HeartRateBpm><Cadence>61</Cadence><Extensions><ns3:TPX><ns3:Speed>0.0</ns3:Speed></ns3:TPX></Extensions></Trackpoint><Trackpoint><Time>2026-01-07T22:27:55Z</Time><HeartRateBpm><Value>108</Value></HeartRateBpm><Cadence>61</Cadence><Extensions><ns3:TPX><ns3:Speed>0.0</ns3:Speed></ns3:TPX></Extensions></Trackpoint><Trackpoint><Time>2026-01-07T22:28:00Z</Time><HeartRateBpm><Value>109</Value></HeartRateBpm><Cadence>61</Cadence><Extensions><ns3:TPX><ns3:Speed>0.0</ns3:Speed></ns3:TPX></Extensions></Trackpoint><Trackpoint><Time>2026-01-07T22:28:06Z</Time><HeartRateBpm><Value>109</Value></HeartRateBpm><Cadence>61</Cadence><Extensions><ns3:TPX><ns3:Speed>0.0</ns3:Speed></ns3:TPX></Extensions></Trackpoint><Trackpoint><Time>2026-01-07T22:28:10Z</Time><HeartRateBpm><Value>110</Value></HeartRateBpm><Cadence>61</Cadence><Extensions><ns3:TPX><ns3:Speed>0.0</ns3:Speed></ns3:TPX></Extensions></Trackpoint><Trackpoint><Time>2026-01-07T22:28:15Z</Time><HeartRateBpm><Value>110</Value></HeartRateBpm><Cadence>61</Cadence><Extensions><ns3:TPX><ns3:Speed>0.0</ns3:Speed></ns3:TPX></Extensions></Trackpoint><Trackpoint><Time>2026-01-07T22:28:16Z</Time><HeartRateBpm><Value>109</Value></HeartRateBpm><Cadence>61</Cadence><Extensions><ns3:TPX><ns3:Speed>0.0</ns3:Speed></ns3:TPX></Extensions></Trackpoint><Trackpoint><Time>2026-01-07T22:28:19Z</Time><HeartRateBpm><Value>108</Value></HeartRateBpm><Cadence>61</Cadence><Extensions><ns3:TPX><ns3:Speed>0.0</ns3:Speed></ns3:TPX></Extensions></Trackpoint><Trackpoint><Time>2026-01-07T22:28:20Z</Time><HeartRateBpm><Value>106</Value></HeartRateBpm><Cadence>61</Cadence><Extensions><ns3:TPX><ns3:Speed>0.0</ns3:Speed></ns3:TPX></Extensions></Trackpoint><Trackpoint><Time>2026-01-07T22:28:22Z</Time><HeartRateBpm><Value>108</Value></HeartRateBpm><Cadence>61</Cadence><Extensions><ns3:TPX><ns3:Speed>0.0</ns3:Speed></ns3:TPX></Extensions></Trackpoint><Trackpoint><Time>2026-01-07T22:28:24Z</Time><HeartRateBpm><Value>109</Value></HeartRateBpm><Cadence>61</Cadence><Extensions><ns3:TPX><ns3:Speed>0.0</ns3:Speed></ns3:TPX></Extensions></Trackpoint><Trackpoint><Time>2026-01-07T22:28:26Z</Time><HeartRateBpm><Value>110</Value></HeartRateBpm><Cadence>61</Cadence><Extensions><ns3:TPX><ns3:Speed>0.0</ns3:Speed></ns3:TPX></Extensions></Trackpoint><Trackpoint><Time>2026-01-07T22:28:30Z</Time><HeartRateBpm><Value>110</Value></HeartRateBpm><Cadence>61</Cadence><Extensions><ns3:TPX><ns3:Speed>0.0</ns3:Speed></ns3:TPX></Extensions></Trackpoint><Trackpoint><Time>2026-01-07T22:28:36Z</Time><HeartRateBpm><Value>109</Value></HeartRateBpm><Cadence>61</Cadence><Extensions><ns3:TPX><ns3:Speed>0.0</ns3:Speed></ns3:TPX></Extensions></Trackpoint><Trackpoint><Time>2026-01-07T22:28:37Z</Time><HeartRateBpm><Value>106</Value></HeartRateBpm><Cadence>61</Cadence><Extensions><ns3:TPX><ns3:Speed>0.0</ns3:Speed></ns3:TPX></Extensions></Trackpoint><Trackpoint><Time>2026-01-07T22:28:38Z</Time><HeartRateBpm><Value>105</Value></HeartRateBpm><Cadence>61</Cadence><Extensions><ns3:TPX><ns3:Speed>0.0</ns3:Speed></ns3:TPX></Extensions></Trackpoint><Trackpoint><Time>2026-01-07T22:28:42Z</Time><HeartRateBpm><Value>106</Value></HeartRateBpm><Cadence>61</Cadence><Extensions><ns3:TPX><ns3:Speed>0.0</ns3:Speed></ns3:TPX></Extensions></Trackpoint><Trackpoint><Time>2026-01-07T22:28:43Z</Time><HeartRateBpm><Value>107</Value></HeartRateBpm><Cadence>61</Cadence><Extensions><ns3:TPX><ns3:Speed>0.0</ns3:Speed></ns3:TPX></Extensions></Trackpoint><Trackpoint><Time>2026-01-07T22:28:45Z</Time><HeartRateBpm><Value>105</Value></HeartRateBpm><Cadence>61</Cadence><Extensions><ns3:TPX><ns3:Speed>0.0</ns3:Speed></ns3:TPX></Extensions></Trackpoint><Trackpoint><Time>2026-01-07T22:28:46Z</Time><HeartRateBpm><Value>104</Value></HeartRateBpm><Cadence>61</Cadence><Extensions><ns3:TPX><ns3:Speed>0.0</ns3:Speed></ns3:TPX></Extensions></Trackpoint><Trackpoint><Time>2026-01-07T22:28:48Z</Time><HeartRateBpm><Value>103</Value></HeartRateBpm><Cadence>61</Cadence><Extensions><ns3:TPX><ns3:Speed>0.0</ns3:Speed></ns3:TPX></Extensions></Trackpoint><Trackpoint><Time>2026-01-07T22:28:52Z</Time><HeartRateBpm><Value>102</Value></HeartRateBpm><Cadence>61</Cadence><Extensions><ns3:TPX><ns3:Speed>0.0</ns3:Speed></ns3:TPX></Extensions></Trackpoint><Trackpoint><Time>2026-01-07T22:28:57Z</Time><HeartRateBpm><Value>101</Value></HeartRateBpm><Cadence>61</Cadence><Extensions><ns3:TPX><ns3:Speed>0.0</ns3:Speed></ns3:TPX></Extensions></Trackpoint><Trackpoint><Time>2026-01-07T22:29:02Z</Time><HeartRateBpm><Value>101</Value></HeartRateBpm><Cadence>61</Cadence><Extensions><ns3:TPX><ns3:Speed>0.0</ns3:Speed></ns3:TPX></Extensions></Trackpoint><Trackpoint><Time>2026-01-07T22:29:03Z</Time><HeartRateBpm><Value>102</Value></HeartRateBpm><Cadence>61</Cadence><Extensions><ns3:TPX><ns3:Speed>0.0</ns3:Speed></ns3:TPX></Extensions></Trackpoint><Trackpoint><Time>2026-01-07T22:29:07Z</Time><HeartRateBpm><Value>103</Value></HeartRateBpm><Cadence>61</Cadence><Extensions><ns3:TPX><ns3:Speed>0.0</ns3:Speed></ns3:TPX></Extensions></Trackpoint><Trackpoint><Time>2026-01-07T22:29:08Z</Time><HeartRateBpm><Value>102</Value></HeartRateBpm><Cadence>61</Cadence><Extensions><ns3:TPX><ns3:Speed>0.0</ns3:Speed></ns3:TPX></Extensions></Trackpoint><Trackpoint><Time>2026-01-07T22:29:09Z</Time><HeartRateBpm><Value>101</Value></HeartRateBpm><Cadence>61</Cadence><Extensions><ns3:TPX><ns3:Speed>0.0</ns3:Speed></ns3:TPX></Extensions></Trackpoint><Trackpoint><Time>2026-01-07T22:29:10Z</Time><HeartRateBpm><Value>100</Value></HeartRateBpm><Cadence>61</Cadence><Extensions><ns3:TPX><ns3:Speed>0.0</ns3:Speed></ns3:TPX></Extensions></Trackpoint><Trackpoint><Time>2026-01-07T22:29:13Z</Time><HeartRateBpm><Value>101</Value></HeartRateBpm><Cadence>61</Cadence><Extensions><ns3:TPX><ns3:Speed>0.0</ns3:Speed></ns3:TPX></Extensions></Trackpoint><Trackpoint><Time>2026-01-07T22:29:15Z</Time><HeartRateBpm><Value>102</Value></HeartRateBpm><Cadence>61</Cadence><Extensions><ns3:TPX><ns3:Speed>0.0</ns3:Speed></ns3:TPX></Extensions></Trackpoint><Trackpoint><Time>2026-01-07T22:29:16Z</Time><HeartRateBpm><Value>103</Value></HeartRateBpm><Cadence>61</Cadence><Extensions><ns3:TPX><ns3:Speed>0.0</ns3:Speed></ns3:TPX></Extensions></Trackpoint><Trackpoint><Time>2026-01-07T22:29:17Z</Time><HeartRateBpm><Value>102</Value></HeartRateBpm><Cadence>61</Cadence><Extensions><ns3:TPX><ns3:Speed>0.0</ns3:Speed></ns3:TPX></Extensions></Trackpoint><Trackpoint><Time>2026-01-07T22:29:19Z</Time><HeartRateBpm><Value>101</Value></HeartRateBpm><Cadence>61</Cadence><Extensions><ns3:TPX><ns3:Speed>0.0</ns3:Speed></ns3:TPX></Extensions></Trackpoint><Trackpoint><Time>2026-01-07T22:29:21Z</Time><HeartRateBpm><Value>100</Value></HeartRateBpm><Cadence>61</Cadence><Extensions><ns3:TPX><ns3:Speed>0.0</ns3:Speed></ns3:TPX></Extensions></Trackpoint><Trackpoint><Time>2026-01-07T22:29:25Z</Time><HeartRateBpm><Value>102</Value></HeartRateBpm><Cadence>61</Cadence><Extensions><ns3:TPX><ns3:Speed>0.0</ns3:Speed></ns3:TPX></Extensions></Trackpoint><Trackpoint><Time>2026-01-07T22:29:26Z</Time><HeartRateBpm><Value>103</Value></HeartRateBpm><Cadence>61</Cadence><Extensions><ns3:TPX><ns3:Speed>0.0</ns3:Speed></ns3:TPX></Extensions></Trackpoint><Trackpoint><Time>2026-01-07T22:29:27Z</Time><HeartRateBpm><Value>104</Value></HeartRateBpm><Cadence>61</Cadence><Extensions><ns3:TPX><ns3:Speed>0.0</ns3:Speed></ns3:TPX></Extensions></Trackpoint><Trackpoint><Time>2026-01-07T22:29:28Z</Time><HeartRateBpm><Value>106</Value></HeartRateBpm><Cadence>61</Cadence><Extensions><ns3:TPX><ns3:Speed>0.0</ns3:Speed></ns3:TPX></Extensions></Trackpoint><Trackpoint><Time>2026-01-07T22:29:29Z</Time><HeartRateBpm><Value>107</Value></HeartRateBpm><Cadence>61</Cadence><Extensions><ns3:TPX><ns3:Speed>0.0</ns3:Speed></ns3:TPX></Extensions></Trackpoint><Trackpoint><Time>2026-01-07T22:29:34Z</Time><HeartRateBpm><Value>108</Value></HeartRateBpm><Cadence>61</Cadence><Extensions><ns3:TPX><ns3:Speed>0.0</ns3:Speed></ns3:TPX></Extensions></Trackpoint><Trackpoint><Time>2026-01-07T22:29:38Z</Time><HeartRateBpm><Value>109</Value></HeartRateBpm><Cadence>61</Cadence><Extensions><ns3:TPX><ns3:Speed>0.0</ns3:Speed></ns3:TPX></Extensions></Trackpoint><Trackpoint><Time>2026-01-07T22:29:39Z</Time><HeartRateBpm><Value>110</Value></HeartRateBpm><Cadence>61</Cadence><Extensions><ns3:TPX><ns3:Speed>0.0</ns3:Speed></ns3:TPX></Extensions></Trackpoint><Trackpoint><Time>2026-01-07T22:29:43Z</Time><HeartRateBpm><Value>111</Value></HeartRateBpm><Cadence>61</Cadence><Extensions><ns3:TPX><ns3:Speed>0.0</ns3:Speed></ns3:TPX></Extensions></Trackpoint><Trackpoint><Time>2026-01-07T22:29:44Z</Time><HeartRateBpm><Value>112</Value></HeartRateBpm><Cadence>61</Cadence><Extensions><ns3:TPX><ns3:Speed>0.0</ns3:Speed></ns3:TPX></Extensions></Trackpoint><Trackpoint><Time>2026-01-07T22:29:45Z</Time><HeartRateBpm><Value>108</Value></HeartRateBpm><Cadence>61</Cadence><Extensions><ns3:TPX><ns3:Speed>0.0</ns3:Speed></ns3:TPX></Extensions></Trackpoint><Trackpoint><Time>2026-01-07T22:29:46Z</Time><HeartRateBpm><Value>112</Value></HeartRateBpm><Cadence>61</Cadence><Extensions><ns3:TPX><ns3:Speed>0.0</ns3:Speed></ns3:TPX></Extensions></Trackpoint><Trackpoint><Time>2026-01-07T22:29:47Z</Time><HeartRateBpm><Value>109</Value></HeartRateBpm><Cadence>61</Cadence><Extensions><ns3:TPX><ns3:Speed>0.0</ns3:Speed></ns3:TPX></Extensions></Trackpoint><Trackpoint><Time>2026-01-07T22:29:49Z</Time><HeartRateBpm><Value>108</Value></HeartRateBpm><Cadence>61</Cadence><Extensions><ns3:TPX><ns3:Speed>0.0</ns3:Speed></ns3:TPX></Extensions></Trackpoint><Trackpoint><Time>2026-01-07T22:29:50Z</Time><HeartRateBpm><Value>107</Value></HeartRateBpm><Cadence>61</Cadence><Extensions><ns3:TPX><ns3:Speed>0.0</ns3:Speed></ns3:TPX></Extensions></Trackpoint><Trackpoint><Time>2026-01-07T22:29:55Z</Time><HeartRateBpm><Value>109</Value></HeartRateBpm><Cadence>61</Cadence><Extensions><ns3:TPX><ns3:Speed>0.0</ns3:Speed></ns3:TPX></Extensions></Trackpoint><Trackpoint><Time>2026-01-07T22:30:01Z</Time><HeartRateBpm><Value>109</Value></HeartRateBpm><Cadence>61</Cadence><Extensions><ns3:TPX><ns3:Speed>0.0</ns3:Speed></ns3:TPX></Extensions></Trackpoint><Trackpoint><Time>2026-01-07T22:30:02Z</Time><HeartRateBpm><Value>108</Value></HeartRateBpm><Cadence>61</Cadence><Extensions><ns3:TPX><ns3:Speed>0.0</ns3:Speed></ns3:TPX></Extensions></Trackpoint><Trackpoint><Time>2026-01-07T22:30:03Z</Time><HeartRateBpm><Value>107</Value></HeartRateBpm><Cadence>61</Cadence><Extensions><ns3:TPX><ns3:Speed>0.0</ns3:Speed></ns3:TPX></Extensions></Trackpoint><Trackpoint><Time>2026-01-07T22:30:04Z</Time><HeartRateBpm><Value>106</Value></HeartRateBpm><Cadence>61</Cadence><Extensions><ns3:TPX><ns3:Speed>0.0</ns3:Speed></ns3:TPX></Extensions></Trackpoint><Trackpoint><Time>2026-01-07T22:30:05Z</Time><HeartRateBpm><Value>105</Value></HeartRateBpm><Cadence>61</Cadence><Extensions><ns3:TPX><ns3:Speed>0.0</ns3:Speed></ns3:TPX></Extensions></Trackpoint><Trackpoint><Time>2026-01-07T22:30:07Z</Time><HeartRateBpm><Value>103</Value></HeartRateBpm><Cadence>61</Cadence><Extensions><ns3:TPX><ns3:Speed>0.0</ns3:Speed></ns3:TPX></Extensions></Trackpoint><Trackpoint><Time>2026-01-07T22:30:08Z</Time><HeartRateBpm><Value>104</Value></HeartRateBpm><Cadence>61</Cadence><Extensions><ns3:TPX><ns3:Speed>0.0</ns3:Speed></ns3:TPX></Extensions></Trackpoint><Trackpoint><Time>2026-01-07T22:30:09Z</Time><HeartRateBpm><Value>105</Value></HeartRateBpm><Cadence>61</Cadence><Extensions><ns3:TPX><ns3:Speed>0.0</ns3:Speed></ns3:TPX></Extensions></Trackpoint><Trackpoint><Time>2026-01-07T22:30:14Z</Time><HeartRateBpm><Value>105</Value></HeartRateBpm><Cadence>61</Cadence><Extensions><ns3:TPX><ns3:Speed>0.0</ns3:Speed></ns3:TPX></Extensions></Trackpoint><Trackpoint><Time>2026-01-07T22:30:17Z</Time><HeartRateBpm><Value>106</Value></HeartRateBpm><Cadence>61</Cadence><Extensions><ns3:TPX><ns3:Speed>0.0</ns3:Speed></ns3:TPX></Extensions></Trackpoint><Trackpoint><Time>2026-01-07T22:30:19Z</Time><HeartRateBpm><Value>105</Value></HeartRateBpm><Cadence>61</Cadence><Extensions><ns3:TPX><ns3:Speed>0.0</ns3:Speed></ns3:TPX></Extensions></Trackpoint><Trackpoint><Time>2026-01-07T22:30:21Z</Time><HeartRateBpm><Value>106</Value></HeartRateBpm><Cadence>61</Cadence><Extensions><ns3:TPX><ns3:Speed>0.0</ns3:Speed></ns3:TPX></Extensions></Trackpoint><Trackpoint><Time>2026-01-07T22:30:22Z</Time><HeartRateBpm><Value>107</Value></HeartRateBpm><Cadence>61</Cadence><Extensions><ns3:TPX><ns3:Speed>0.0</ns3:Speed></ns3:TPX></Extensions></Trackpoint><Trackpoint><Time>2026-01-07T22:30:25Z</Time><HeartRateBpm><Value>108</Value></HeartRateBpm><Cadence>61</Cadence><Extensions><ns3:TPX><ns3:Speed>0.0</ns3:Speed></ns3:TPX></Extensions></Trackpoint><Trackpoint><Time>2026-01-07T22:30:26Z</Time><HeartRateBpm><Value>111</Value></HeartRateBpm><Cadence>61</Cadence><Extensions><ns3:TPX><ns3:Speed>0.0</ns3:Speed></ns3:TPX></Extensions></Trackpoint><Trackpoint><Time>2026-01-07T22:30:29Z</Time><HeartRateBpm><Value>110</Value></HeartRateBpm><Cadence>61</Cadence><Extensions><ns3:TPX><ns3:Speed>0.0</ns3:Speed></ns3:TPX></Extensions></Trackpoint><Trackpoint><Time>2026-01-07T22:30:30Z</Time><HeartRateBpm><Value>109</Value></HeartRateBpm><Cadence>61</Cadence><Extensions><ns3:TPX><ns3:Speed>0.0</ns3:Speed></ns3:TPX></Extensions></Trackpoint><Trackpoint><Time>2026-01-07T22:30:33Z</Time><HeartRateBpm><Value>110</Value></HeartRateBpm><Cadence>61</Cadence><Extensions><ns3:TPX><ns3:Speed>0.0</ns3:Speed></ns3:TPX></Extensions></Trackpoint><Trackpoint><Time>2026-01-07T22:30:35Z</Time><HeartRateBpm><Value>111</Value></HeartRateBpm><Cadence>61</Cadence><Extensions><ns3:TPX><ns3:Speed>0.0</ns3:Speed></ns3:TPX></Extensions></Trackpoint><Trackpoint><Time>2026-01-07T22:30:40Z</Time><HeartRateBpm><Value>111</Value></HeartRateBpm><Cadence>61</Cadence><Extensions><ns3:TPX><ns3:Speed>0.0</ns3:Speed></ns3:TPX></Extensions></Trackpoint><Trackpoint><Time>2026-01-07T22:30:42Z</Time><HeartRateBpm><Value>110</Value></HeartRateBpm><Cadence>61</Cadence><Extensions><ns3:TPX><ns3:Speed>0.0</ns3:Speed></ns3:TPX></Extensions></Trackpoint><Trackpoint><Time>2026-01-07T22:30:44Z</Time><HeartRateBpm><Value>109</Value></HeartRateBpm><Cadence>61</Cadence><Extensions><ns3:TPX><ns3:Speed>0.0</ns3:Speed></ns3:TPX></Extensions></Trackpoint><Trackpoint><Time>2026-01-07T22:30:50Z</Time><HeartRateBpm><Value>109</Value></HeartRateBpm><Cadence>61</Cadence><Extensions><ns3:TPX><ns3:Speed>0.0</ns3:Speed></ns3:TPX></Extensions></Trackpoint><Trackpoint><Time>2026-01-07T22:30:52Z</Time><HeartRateBpm><Value>108</Value></HeartRateBpm><Cadence>61</Cadence><Extensions><ns3:TPX><ns3:Speed>0.0</ns3:Speed></ns3:TPX></Extensions></Trackpoint><Trackpoint><Time>2026-01-07T22:30:57Z</Time><HeartRateBpm><Value>108</Value></HeartRateBpm><Cadence>61</Cadence><Extensions><ns3:TPX><ns3:Speed>0.0</ns3:Speed></ns3:TPX></Extensions></Trackpoint><Trackpoint><Time>2026-01-07T22:30:58Z</Time><HeartRateBpm><Value>107</Value></HeartRateBpm><Cadence>61</Cadence><Extensions><ns3:TPX><ns3:Speed>0.0</ns3:Speed></ns3:TPX></Extensions></Trackpoint><Trackpoint><Time>2026-01-07T22:30:59Z</Time><HeartRateBpm><Value>106</Value></HeartRateBpm><Cadence>61</Cadence><Extensions><ns3:TPX><ns3:Speed>0.0</ns3:Speed></ns3:TPX></Extensions></Trackpoint><Trackpoint><Time>2026-01-07T22:31:01Z</Time><HeartRateBpm><Value>107</Value></HeartRateBpm><Cadence>61</Cadence><Extensions><ns3:TPX><ns3:Speed>0.0</ns3:Speed></ns3:TPX></Extensions></Trackpoint><Trackpoint><Time>2026-01-07T22:31:04Z</Time><HeartRateBpm><Value>106</Value></HeartRateBpm><Cadence>61</Cadence><Extensions><ns3:TPX><ns3:Speed>0.0</ns3:Speed></ns3:TPX></Extensions></Trackpoint><Trackpoint><Time>2026-01-07T22:31:09Z</Time><HeartRateBpm><Value>106</Value></HeartRateBpm><Cadence>61</Cadence><Extensions><ns3:TPX><ns3:Speed>0.0</ns3:Speed></ns3:TPX></Extensions></Trackpoint><Trackpoint><Time>2026-01-07T22:31:10Z</Time><HeartRateBpm><Value>107</Value></HeartRateBpm><Cadence>61</Cadence><Extensions><ns3:TPX><ns3:Speed>0.0</ns3:Speed></ns3:TPX></Extensions></Trackpoint><Trackpoint><Time>2026-01-07T22:31:11Z</Time><HeartRateBpm><Value>106</Value></HeartRateBpm><Cadence>61</Cadence><Extensions><ns3:TPX><ns3:Speed>0.0</ns3:Speed></ns3:TPX></Extensions></Trackpoint><Trackpoint><Time>2026-01-07T22:31:13Z</Time><HeartRateBpm><Value>104</Value></HeartRateBpm><Cadence>61</Cadence><Extensions><ns3:TPX><ns3:Speed>0.0</ns3:Speed></ns3:TPX></Extensions></Trackpoint><Trackpoint><Time>2026-01-07T22:31:15Z</Time><HeartRateBpm><Value>103</Value></HeartRateBpm><Cadence>61</Cadence><Extensions><ns3:TPX><ns3:Speed>0.0</ns3:Speed></ns3:TPX></Extensions></Trackpoint><Trackpoint><Time>2026-01-07T22:31:17Z</Time><HeartRateBpm><Value>102</Value></HeartRateBpm><Cadence>61</Cadence><Extensions><ns3:TPX><ns3:Speed>0.0</ns3:Speed></ns3:TPX></Extensions></Trackpoint><Trackpoint><Time>2026-01-07T22:31:21Z</Time><HeartRateBpm><Value>103</Value></HeartRateBpm><Cadence>61</Cadence><Extensions><ns3:TPX><ns3:Speed>0.0</ns3:Speed></ns3:TPX></Extensions></Trackpoint><Trackpoint><Time>2026-01-07T22:31:23Z</Time><HeartRateBpm><Value>104</Value></HeartRateBpm><Cadence>61</Cadence><Extensions><ns3:TPX><ns3:Speed>0.0</ns3:Speed></ns3:TPX></Extensions></Trackpoint><Trackpoint><Time>2026-01-07T22:31:28Z</Time><HeartRateBpm><Value>107</Value></HeartRateBpm><Cadence>61</Cadence><Extensions><ns3:TPX><ns3:Speed>0.0</ns3:Speed></ns3:TPX></Extensions></Trackpoint><Trackpoint><Time>2026-01-07T22:31:29Z</Time><HeartRateBpm><Value>108</Value></HeartRateBpm><Cadence>61</Cadence><Extensions><ns3:TPX><ns3:Speed>0.0</ns3:Speed></ns3:TPX></Extensions></Trackpoint><Trackpoint><Time>2026-01-07T22:31:31Z</Time><HeartRateBpm><Value>109</Value></HeartRateBpm><Cadence>61</Cadence><Extensions><ns3:TPX><ns3:Speed>0.0</ns3:Speed></ns3:TPX></Extensions></Trackpoint><Trackpoint><Time>2026-01-07T22:31:35Z</Time><HeartRateBpm><Value>108</Value></HeartRateBpm><Cadence>61</Cadence><Extensions><ns3:TPX><ns3:Speed>0.0</ns3:Speed></ns3:TPX></Extensions></Trackpoint><Trackpoint><Time>2026-01-07T22:31:37Z</Time><HeartRateBpm><Value>107</Value></HeartRateBpm><Cadence>61</Cadence><Extensions><ns3:TPX><ns3:Speed>0.0</ns3:Speed></ns3:TPX></Extensions></Trackpoint><Trackpoint><Time>2026-01-07T22:31:42Z</Time><HeartRateBpm><Value>107</Value></HeartRateBpm><Cadence>61</Cadence><Extensions><ns3:TPX><ns3:Speed>0.0</ns3:Speed></ns3:TPX></Extensions></Trackpoint><Trackpoint><Time>2026-01-07T22:31:45Z</Time><HeartRateBpm><Value>108</Value></HeartRateBpm><Cadence>61</Cadence><Extensions><ns3:TPX><ns3:Speed>0.0</ns3:Speed></ns3:TPX></Extensions></Trackpoint><Trackpoint><Time>2026-01-07T22:31:46Z</Time><HeartRateBpm><Value>109</Value></HeartRateBpm><Cadence>61</Cadence><Extensions><ns3:TPX><ns3:Speed>0.0</ns3:Speed></ns3:TPX></Extensions></Trackpoint><Trackpoint><Time>2026-01-07T22:31:49Z</Time><HeartRateBpm><Value>108</Value></HeartRateBpm><Cadence>61</Cadence><Extensions><ns3:TPX><ns3:Speed>0.0</ns3:Speed></ns3:TPX></Extensions></Trackpoint><Trackpoint><Time>2026-01-07T22:31:50Z</Time><HeartRateBpm><Value>107</Value></HeartRateBpm><Cadence>61</Cadence><Extensions><ns3:TPX><ns3:Speed>0.0</ns3:Speed></ns3:TPX></Extensions></Trackpoint><Trackpoint><Time>2026-01-07T22:31:52Z</Time><HeartRateBpm><Value>106</Value></HeartRateBpm><Cadence>61</Cadence><Extensions><ns3:TPX><ns3:Speed>0.0</ns3:Speed></ns3:TPX></Extensions></Trackpoint><Trackpoint><Time>2026-01-07T22:31:57Z</Time><HeartRateBpm><Value>107</Value></HeartRateBpm><Cadence>61</Cadence><Extensions><ns3:TPX><ns3:Speed>0.0</ns3:Speed></ns3:TPX></Extensions></Trackpoint><Trackpoint><Time>2026-01-07T22:32:00Z</Time><HeartRateBpm><Value>108</Value></HeartRateBpm><Cadence>61</Cadence><Extensions><ns3:TPX><ns3:Speed>0.0</ns3:Speed></ns3:TPX></Extensions></Trackpoint><Trackpoint><Time>2026-01-07T22:32:05Z</Time><HeartRateBpm><Value>108</Value></HeartRateBpm><Cadence>61</Cadence><Extensions><ns3:TPX><ns3:Speed>0.0</ns3:Speed></ns3:TPX></Extensions></Trackpoint><Trackpoint><Time>2026-01-07T22:32:07Z</Time><HeartRateBpm><Value>107</Value></HeartRateBpm><Cadence>61</Cadence><Extensions><ns3:TPX><ns3:Speed>0.0</ns3:Speed></ns3:TPX></Extensions></Trackpoint><Trackpoint><Time>2026-01-07T22:32:08Z</Time><HeartRateBpm><Value>106</Value></HeartRateBpm><Cadence>61</Cadence><Extensions><ns3:TPX><ns3:Speed>0.0</ns3:Speed></ns3:TPX></Extensions></Trackpoint><Trackpoint><Time>2026-01-07T22:32:10Z</Time><HeartRateBpm><Value>105</Value></HeartRateBpm><Cadence>61</Cadence><Extensions><ns3:TPX><ns3:Speed>0.0</ns3:Speed></ns3:TPX></Extensions></Trackpoint><Trackpoint><Time>2026-01-07T22:32:12Z</Time><HeartRateBpm><Value>104</Value></HeartRateBpm><Cadence>61</Cadence><Extensions><ns3:TPX><ns3:Speed>0.0</ns3:Speed></ns3:TPX></Extensions></Trackpoint><Trackpoint><Time>2026-01-07T22:32:14Z</Time><HeartRateBpm><Value>107</Value></HeartRateBpm><Cadence>61</Cadence><Extensions><ns3:TPX><ns3:Speed>0.0</ns3:Speed></ns3:TPX></Extensions></Trackpoint><Trackpoint><Time>2026-01-07T22:32:19Z</Time><HeartRateBpm><Value>106</Value></HeartRateBpm><Cadence>61</Cadence><Extensions><ns3:TPX><ns3:Speed>0.0</ns3:Speed></ns3:TPX></Extensions></Trackpoint><Trackpoint><Time>2026-01-07T22:32:20Z</Time><HeartRateBpm><Value>103</Value></HeartRateBpm><Cadence>61</Cadence><Extensions><ns3:TPX><ns3:Speed>0.0</ns3:Speed></ns3:TPX></Extensions></Trackpoint><Trackpoint><Time>2026-01-07T22:32:22Z</Time><HeartRateBpm><Value>102</Value></HeartRateBpm><Cadence>61</Cadence><Extensions><ns3:TPX><ns3:Speed>0.0</ns3:Speed></ns3:TPX></Extensions></Trackpoint><Trackpoint><Time>2026-01-07T22:32:28Z</Time><HeartRateBpm><Value>102</Value></HeartRateBpm><Cadence>61</Cadence><Extensions><ns3:TPX><ns3:Speed>0.0</ns3:Speed></ns3:TPX></Extensions></Trackpoint><Trackpoint><Time>2026-01-07T22:32:30Z</Time><HeartRateBpm><Value>103</Value></HeartRateBpm><Cadence>61</Cadence><Extensions><ns3:TPX><ns3:Speed>0.0</ns3:Speed></ns3:TPX></Extensions></Trackpoint><Trackpoint><Time>2026-01-07T22:32:35Z</Time><HeartRateBpm><Value>103</Value></HeartRateBpm><Cadence>61</Cadence><Extensions><ns3:TPX><ns3:Speed>0.0</ns3:Speed></ns3:TPX></Extensions></Trackpoint><Trackpoint><Time>2026-01-07T22:32:36Z</Time><HeartRateBpm><Value>102</Value></HeartRateBpm><Cadence>61</Cadence><Extensions><ns3:TPX><ns3:Speed>0.0</ns3:Speed></ns3:TPX></Extensions></Trackpoint><Trackpoint><Time>2026-01-07T22:32:41Z</Time><HeartRateBpm><Value>101</Value></HeartRateBpm><Cadence>61</Cadence><Extensions><ns3:TPX><ns3:Speed>0.0</ns3:Speed></ns3:TPX></Extensions></Trackpoint><Trackpoint><Time>2026-01-07T22:32:44Z</Time><HeartRateBpm><Value>102</Value></HeartRateBpm><Cadence>61</Cadence><Extensions><ns3:TPX><ns3:Speed>0.0</ns3:Speed></ns3:TPX></Extensions></Trackpoint><Trackpoint><Time>2026-01-07T22:32:48Z</Time><HeartRateBpm><Value>102</Value></HeartRateBpm><Cadence>61</Cadence><Extensions><ns3:TPX><ns3:Speed>0.0</ns3:Speed></ns3:TPX></Extensions></Trackpoint><Trackpoint><Time>2026-01-07T22:32:51Z</Time><HeartRateBpm><Value>101</Value></HeartRateBpm><Cadence>61</Cadence><Extensions><ns3:TPX><ns3:Speed>0.0</ns3:Speed></ns3:TPX></Extensions></Trackpoint><Trackpoint><Time>2026-01-07T22:32:54Z</Time><HeartRateBpm><Value>100</Value></HeartRateBpm><Cadence>61</Cadence><Extensions><ns3:TPX><ns3:Speed>0.0</ns3:Speed></ns3:TPX></Extensions></Trackpoint><Trackpoint><Time>2026-01-07T22:32:57Z</Time><HeartRateBpm><Value>102</Value></HeartRateBpm><Cadence>61</Cadence><Extensions><ns3:TPX><ns3:Speed>0.0</ns3:Speed></ns3:TPX></Extensions></Trackpoint><Trackpoint><Time>2026-01-07T22:32:58Z</Time><HeartRateBpm><Value>103</Value></HeartRateBpm><Cadence>61</Cadence><Extensions><ns3:TPX><ns3:Speed>0.0</ns3:Speed></ns3:TPX></Extensions></Trackpoint><Trackpoint><Time>2026-01-07T22:32:59Z</Time><HeartRateBpm><Value>105</Value></HeartRateBpm><Cadence>61</Cadence><Extensions><ns3:TPX><ns3:Speed>0.0</ns3:Speed></ns3:TPX></Extensions></Trackpoint><Trackpoint><Time>2026-01-07T22:33:02Z</Time><HeartRateBpm><Value>106</Value></HeartRateBpm><Cadence>61</Cadence><Extensions><ns3:TPX><ns3:Speed>0.0</ns3:Speed></ns3:TPX></Extensions></Trackpoint><Trackpoint><Time>2026-01-07T22:33:05Z</Time><HeartRateBpm><Value>105</Value></HeartRateBpm><Cadence>61</Cadence><Extensions><ns3:TPX><ns3:Speed>0.0</ns3:Speed></ns3:TPX></Extensions></Trackpoint><Trackpoint><Time>2026-01-07T22:33:10Z</Time><HeartRateBpm><Value>106</Value></HeartRateBpm><Cadence>61</Cadence><Extensions><ns3:TPX><ns3:Speed>0.0</ns3:Speed></ns3:TPX></Extensions></Trackpoint><Trackpoint><Time>2026-01-07T22:33:11Z</Time><HeartRateBpm><Value>107</Value></HeartRateBpm><Cadence>61</Cadence><Extensions><ns3:TPX><ns3:Speed>0.0</ns3:Speed></ns3:TPX></Extensions></Trackpoint><Trackpoint><Time>2026-01-07T22:33:12Z</Time><HeartRateBpm><Value>106</Value></HeartRateBpm><Cadence>61</Cadence><Extensions><ns3:TPX><ns3:Speed>0.0</ns3:Speed></ns3:TPX></Extensions></Trackpoint><Trackpoint><Time>2026-01-07T22:33:14Z</Time><HeartRateBpm><Value>105</Value></HeartRateBpm><Cadence>61</Cadence><Extensions><ns3:TPX><ns3:Speed>0.0</ns3:Speed></ns3:TPX></Extensions></Trackpoint><Trackpoint><Time>2026-01-07T22:33:16Z</Time><HeartRateBpm><Value>106</Value></HeartRateBpm><Cadence>61</Cadence><Extensions><ns3:TPX><ns3:Speed>0.0</ns3:Speed></ns3:TPX></Extensions></Trackpoint><Trackpoint><Time>2026-01-07T22:33:22Z</Time><HeartRateBpm><Value>106</Value></HeartRateBpm><Cadence>61</Cadence><Extensions><ns3:TPX><ns3:Speed>0.0</ns3:Speed></ns3:TPX></Extensions></Trackpoint><Trackpoint><Time>2026-01-07T22:33:28Z</Time><HeartRateBpm><Value>105</Value></HeartRateBpm><Cadence>61</Cadence><Extensions><ns3:TPX><ns3:Speed>0.0</ns3:Speed></ns3:TPX></Extensions></Trackpoint><Trackpoint><Time>2026-01-07T22:33:30Z</Time><HeartRateBpm><Value>104</Value></HeartRateBpm><Cadence>61</Cadence><Extensions><ns3:TPX><ns3:Speed>0.0</ns3:Speed></ns3:TPX></Extensions></Trackpoint><Trackpoint><Time>2026-01-07T22:33:31Z</Time><HeartRateBpm><Value>103</Value></HeartRateBpm><Cadence>61</Cadence><Extensions><ns3:TPX><ns3:Speed>0.0</ns3:Speed></ns3:TPX></Extensions></Trackpoint><Trackpoint><Time>2026-01-07T22:33:32Z</Time><HeartRateBpm><Value>102</Value></HeartRateBpm><Cadence>61</Cadence><Extensions><ns3:TPX><ns3:Speed>0.0</ns3:Speed></ns3:TPX></Extensions></Trackpoint><Trackpoint><Time>2026-01-07T22:33:35Z</Time><HeartRateBpm><Value>101</Value></HeartRateBpm><Cadence>61</Cadence><Extensions><ns3:TPX><ns3:Speed>0.0</ns3:Speed></ns3:TPX></Extensions></Trackpoint><Trackpoint><Time>2026-01-07T22:33:36Z</Time><HeartRateBpm><Value>100</Value></HeartRateBpm><Cadence>61</Cadence><Extensions><ns3:TPX><ns3:Speed>0.0</ns3:Speed></ns3:TPX></Extensions></Trackpoint><Trackpoint><Time>2026-01-07T22:33:41Z</Time><HeartRateBpm><Value>99</Value></HeartRateBpm><Cadence>61</Cadence><Extensions><ns3:TPX><ns3:Speed>0.0</ns3:Speed></ns3:TPX></Extensions></Trackpoint><Trackpoint><Time>2026-01-07T22:33:42Z</Time><HeartRateBpm><Value>98</Value></HeartRateBpm><Cadence>61</Cadence><Extensions><ns3:TPX><ns3:Speed>0.0</ns3:Speed></ns3:TPX></Extensions></Trackpoint><Trackpoint><Time>2026-01-07T22:33:44Z</Time><HeartRateBpm><Value>97</Value></HeartRateBpm><Cadence>61</Cadence><Extensions><ns3:TPX><ns3:Speed>0.0</ns3:Speed></ns3:TPX></Extensions></Trackpoint><Trackpoint><Time>2026-01-07T22:33:46Z</Time><HeartRateBpm><Value>95</Value></HeartRateBpm><Cadence>61</Cadence><Extensions><ns3:TPX><ns3:Speed>0.0</ns3:Speed></ns3:TPX></Extensions></Trackpoint><Trackpoint><Time>2026-01-07T22:33:50Z</Time><HeartRateBpm><Value>96</Value></HeartRateBpm><Cadence>61</Cadence><Extensions><ns3:TPX><ns3:Speed>0.0</ns3:Speed></ns3:TPX></Extensions></Trackpoint><Trackpoint><Time>2026-01-07T22:33:54Z</Time><HeartRateBpm><Value>98</Value></HeartRateBpm><Cadence>61</Cadence><Extensions><ns3:TPX><ns3:Speed>0.0</ns3:Speed></ns3:TPX></Extensions></Trackpoint><Trackpoint><Time>2026-01-07T22:33:55Z</Time><HeartRateBpm><Value>100</Value></HeartRateBpm><Cadence>61</Cadence><Extensions><ns3:TPX><ns3:Speed>0.0</ns3:Speed></ns3:TPX></Extensions></Trackpoint><Trackpoint><Time>2026-01-07T22:33:56Z</Time><HeartRateBpm><Value>101</Value></HeartRateBpm><Cadence>61</Cadence><Extensions><ns3:TPX><ns3:Speed>0.0</ns3:Speed></ns3:TPX></Extensions></Trackpoint><Trackpoint><Time>2026-01-07T22:33:57Z</Time><HeartRateBpm><Value>105</Value></HeartRateBpm><Cadence>61</Cadence><Extensions><ns3:TPX><ns3:Speed>0.0</ns3:Speed></ns3:TPX></Extensions></Trackpoint><Trackpoint><Time>2026-01-07T22:33:59Z</Time><HeartRateBpm><Value>107</Value></HeartRateBpm><Cadence>61</Cadence><Extensions><ns3:TPX><ns3:Speed>0.0</ns3:Speed></ns3:TPX></Extensions></Trackpoint><Trackpoint><Time>2026-01-07T22:34:00Z</Time><HeartRateBpm><Value>108</Value></HeartRateBpm><Cadence>61</Cadence><Extensions><ns3:TPX><ns3:Speed>0.0</ns3:Speed></ns3:TPX></Extensions></Trackpoint><Trackpoint><Time>2026-01-07T22:34:01Z</Time><HeartRateBpm><Value>110</Value></HeartRateBpm><Cadence>61</Cadence><Extensions><ns3:TPX><ns3:Speed>0.0</ns3:Speed></ns3:TPX></Extensions></Trackpoint><Trackpoint><Time>2026-01-07T22:34:06Z</Time><HeartRateBpm><Value>110</Value></HeartRateBpm><Cadence>61</Cadence><Extensions><ns3:TPX><ns3:Speed>0.0</ns3:Speed></ns3:TPX></Extensions></Trackpoint><Trackpoint><Time>2026-01-07T22:34:09Z</Time><HeartRateBpm><Value>106</Value></HeartRateBpm><Cadence>61</Cadence><Extensions><ns3:TPX><ns3:Speed>0.0</ns3:Speed></ns3:TPX></Extensions></Trackpoint><Trackpoint><Time>2026-01-07T22:34:11Z</Time><HeartRateBpm><Value>100</Value></HeartRateBpm><Cadence>61</Cadence><Extensions><ns3:TPX><ns3:Speed>0.0</ns3:Speed></ns3:TPX></Extensions></Trackpoint><Trackpoint><Time>2026-01-07T22:34:12Z</Time><HeartRateBpm><Value>95</Value></HeartRateBpm><Cadence>61</Cadence><Extensions><ns3:TPX><ns3:Speed>0.0</ns3:Speed></ns3:TPX></Extensions></Trackpoint><Trackpoint><Time>2026-01-07T22:34:13Z</Time><HeartRateBpm><Value>93</Value></HeartRateBpm><Cadence>61</Cadence><Extensions><ns3:TPX><ns3:Speed>0.0</ns3:Speed></ns3:TPX></Extensions></Trackpoint><Trackpoint><Time>2026-01-07T22:34:17Z</Time><HeartRateBpm><Value>94</Value></HeartRateBpm><Cadence>61</Cadence><Extensions><ns3:TPX><ns3:Speed>0.0</ns3:Speed></ns3:TPX></Extensions></Trackpoint><Trackpoint><Time>2026-01-07T22:34:18Z</Time><HeartRateBpm><Value>96</Value></HeartRateBpm><Cadence>61</Cadence><Extensions><ns3:TPX><ns3:Speed>0.0</ns3:Speed></ns3:TPX></Extensions></Trackpoint><Trackpoint><Time>2026-01-07T22:34:19Z</Time><HeartRateBpm><Value>99</Value></HeartRateBpm><Cadence>61</Cadence><Extensions><ns3:TPX><ns3:Speed>0.0</ns3:Speed></ns3:TPX></Extensions></Trackpoint><Trackpoint><Time>2026-01-07T22:34:20Z</Time><HeartRateBpm><Value>98</Value></HeartRateBpm><Cadence>61</Cadence><Extensions><ns3:TPX><ns3:Speed>0.0</ns3:Speed></ns3:TPX></Extensions></Trackpoint><Trackpoint><Time>2026-01-07T22:34:23Z</Time><HeartRateBpm><Value>101</Value></HeartRateBpm><Cadence>61</Cadence><Extensions><ns3:TPX><ns3:Speed>0.0</ns3:Speed></ns3:TPX></Extensions></Trackpoint><Trackpoint><Time>2026-01-07T22:34:24Z</Time><HeartRateBpm><Value>104</Value></HeartRateBpm><Cadence>61</Cadence><Extensions><ns3:TPX><ns3:Speed>0.0</ns3:Speed></ns3:TPX></Extensions></Trackpoint><Trackpoint><Time>2026-01-07T22:34:25Z</Time><HeartRateBpm><Value>107</Value></HeartRateBpm><Cadence>61</Cadence><Extensions><ns3:TPX><ns3:Speed>0.0</ns3:Speed></ns3:TPX></Extensions></Trackpoint><Trackpoint><Time>2026-01-07T22:34:26Z</Time><HeartRateBpm><Value>110</Value></HeartRateBpm><Cadence>61</Cadence><Extensions><ns3:TPX><ns3:Speed>0.0</ns3:Speed></ns3:TPX></Extensions></Trackpoint><Trackpoint><Time>2026-01-07T22:34:27Z</Time><HeartRateBpm><Value>111</Value></HeartRateBpm><Cadence>61</Cadence><Extensions><ns3:TPX><ns3:Speed>0.0</ns3:Speed></ns3:TPX></Extensions></Trackpoint><Trackpoint><Time>2026-01-07T22:34:29Z</Time><HeartRateBpm><Value>112</Value></HeartRateBpm><Cadence>61</Cadence><Extensions><ns3:TPX><ns3:Speed>0.0</ns3:Speed></ns3:TPX></Extensions></Trackpoint><Trackpoint><Time>2026-01-07T22:34:30Z</Time><HeartRateBpm><Value>114</Value></HeartRateBpm><Cadence>61</Cadence><Extensions><ns3:TPX><ns3:Speed>0.0</ns3:Speed></ns3:TPX></Extensions></Trackpoint><Trackpoint><Time>2026-01-07T22:34:31Z</Time><HeartRateBpm><Value>115</Value></HeartRateBpm><Cadence>61</Cadence><Extensions><ns3:TPX><ns3:Speed>0.0</ns3:Speed></ns3:TPX></Extensions></Trackpoint><Trackpoint><Time>2026-01-07T22:34:33Z</Time><HeartRateBpm><Value>114</Value></HeartRateBpm><Cadence>61</Cadence><Extensions><ns3:TPX><ns3:Speed>0.0</ns3:Speed></ns3:TPX></Extensions></Trackpoint><Trackpoint><Time>2026-01-07T22:34:35Z</Time><HeartRateBpm><Value>102</Value></HeartRateBpm><Cadence>61</Cadence><Extensions><ns3:TPX><ns3:Speed>0.0</ns3:Speed></ns3:TPX></Extensions></Trackpoint><Trackpoint><Time>2026-01-07T22:34:37Z</Time><HeartRateBpm><Value>99</Value></HeartRateBpm><Cadence>61</Cadence><Extensions><ns3:TPX><ns3:Speed>0.0</ns3:Speed></ns3:TPX></Extensions></Trackpoint><Trackpoint><Time>2026-01-07T22:34:39Z</Time><HeartRateBpm><Value>100</Value></HeartRateBpm><Cadence>61</Cadence><Extensions><ns3:TPX><ns3:Speed>0.0</ns3:Speed></ns3:TPX></Extensions></Trackpoint><Trackpoint><Time>2026-01-07T22:34:44Z</Time><HeartRateBpm><Value>101</Value></HeartRateBpm><Cadence>61</Cadence><Extensions><ns3:TPX><ns3:Speed>0.0</ns3:Speed></ns3:TPX></Extensions></Trackpoint><Trackpoint><Time>2026-01-07T22:34:49Z</Time><HeartRateBpm><Value>101</Value></HeartRateBpm><Cadence>61</Cadence><Extensions><ns3:TPX><ns3:Speed>0.0</ns3:Speed></ns3:TPX></Extensions></Trackpoint><Trackpoint><Time>2026-01-07T22:34:51Z</Time><HeartRateBpm><Value>100</Value></HeartRateBpm><Cadence>61</Cadence><Extensions><ns3:TPX><ns3:Speed>0.0</ns3:Speed></ns3:TPX></Extensions></Trackpoint><Trackpoint><Time>2026-01-07T22:34:53Z</Time><HeartRateBpm><Value>101</Value></HeartRateBpm><Cadence>61</Cadence><Extensions><ns3:TPX><ns3:Speed>0.0</ns3:Speed></ns3:TPX></Extensions></Trackpoint><Trackpoint><Time>2026-01-07T22:34:56Z</Time><HeartRateBpm><Value>100</Value></HeartRateBpm><Cadence>61</Cadence><Extensions><ns3:TPX><ns3:Speed>0.0</ns3:Speed></ns3:TPX></Extensions></Trackpoint><Trackpoint><Time>2026-01-07T22:34:59Z</Time><HeartRateBpm><Value>99</Value></HeartRateBpm><Cadence>61</Cadence><Extensions><ns3:TPX><ns3:Speed>0.0</ns3:Speed></ns3:TPX></Extensions></Trackpoint><Trackpoint><Time>2026-01-07T22:35:05Z</Time><HeartRateBpm><Value>98</Value></HeartRateBpm><Cadence>61</Cadence><Extensions><ns3:TPX><ns3:Speed>0.0</ns3:Speed></ns3:TPX></Extensions></Trackpoint><Trackpoint><Time>2026-01-07T22:35:08Z</Time><HeartRateBpm><Value>99</Value></HeartRateBpm><Cadence>61</Cadence><Extensions><ns3:TPX><ns3:Speed>0.0</ns3:Speed></ns3:TPX></Extensions></Trackpoint><Trackpoint><Time>2026-01-07T22:35:10Z</Time><HeartRateBpm><Value>102</Value></HeartRateBpm><Cadence>61</Cadence><Extensions><ns3:TPX><ns3:Speed>0.0</ns3:Speed></ns3:TPX></Extensions></Trackpoint><Trackpoint><Time>2026-01-07T22:35:12Z</Time><HeartRateBpm><Value>104</Value></HeartRateBpm><Cadence>61</Cadence><Extensions><ns3:TPX><ns3:Speed>0.0</ns3:Speed></ns3:TPX></Extensions></Trackpoint><Trackpoint><Time>2026-01-07T22:35:13Z</Time><HeartRateBpm><Value>105</Value></HeartRateBpm><Cadence>61</Cadence><Extensions><ns3:TPX><ns3:Speed>0.0</ns3:Speed></ns3:TPX></Extensions></Trackpoint><Trackpoint><Time>2026-01-07T22:35:16Z</Time><HeartRateBpm><Value>103</Value></HeartRateBpm><Cadence>61</Cadence><Extensions><ns3:TPX><ns3:Speed>0.0</ns3:Speed></ns3:TPX></Extensions></Trackpoint><Trackpoint><Time>2026-01-07T22:35:18Z</Time><HeartRateBpm><Value>102</Value></HeartRateBpm><Cadence>61</Cadence><Extensions><ns3:TPX><ns3:Speed>0.0</ns3:Speed></ns3:TPX></Extensions></Trackpoint><Trackpoint><Time>2026-01-07T22:35:20Z</Time><HeartRateBpm><Value>103</Value></HeartRateBpm><Cadence>61</Cadence><Extensions><ns3:TPX><ns3:Speed>0.0</ns3:Speed></ns3:TPX></Extensions></Trackpoint><Trackpoint><Time>2026-01-07T22:35:22Z</Time><HeartRateBpm><Value>102</Value></HeartRateBpm><Cadence>61</Cadence><Extensions><ns3:TPX><ns3:Speed>0.0</ns3:Speed></ns3:TPX></Extensions></Trackpoint><Trackpoint><Time>2026-01-07T22:35:27Z</Time><HeartRateBpm><Value>102</Value></HeartRateBpm><Cadence>61</Cadence><Extensions><ns3:TPX><ns3:Speed>0.0</ns3:Speed></ns3:TPX></Extensions></Trackpoint><Trackpoint><Time>2026-01-07T22:35:32Z</Time><HeartRateBpm><Value>101</Value></HeartRateBpm><Cadence>61</Cadence><Extensions><ns3:TPX><ns3:Speed>0.0</ns3:Speed></ns3:TPX></Extensions></Trackpoint><Trackpoint><Time>2026-01-07T22:35:36Z</Time><HeartRateBpm><Value>100</Value></HeartRateBpm><Cadence>61</Cadence><Extensions><ns3:TPX><ns3:Speed>0.0</ns3:Speed></ns3:TPX></Extensions></Trackpoint><Trackpoint><Time>2026-01-07T22:35:37Z</Time><HeartRateBpm><Value>101</Value></HeartRateBpm><Cadence>61</Cadence><Extensions><ns3:TPX><ns3:Speed>0.0</ns3:Speed></ns3:TPX></Extensions></Trackpoint><Trackpoint><Time>2026-01-07T22:35:42Z</Time><HeartRateBpm><Value>101</Value></HeartRateBpm><Cadence>61</Cadence><Extensions><ns3:TPX><ns3:Speed>0.0</ns3:Speed></ns3:TPX></Extensions></Trackpoint><Trackpoint><Time>2026-01-07T22:35:44Z</Time><HeartRateBpm><Value>100</Value></HeartRateBpm><Cadence>61</Cadence><Extensions><ns3:TPX><ns3:Speed>0.0</ns3:Speed></ns3:TPX></Extensions></Trackpoint><Trackpoint><Time>2026-01-07T22:35:49Z</Time><HeartRateBpm><Value>99</Value></HeartRateBpm><Cadence>61</Cadence><Extensions><ns3:TPX><ns3:Speed>0.0</ns3:Speed></ns3:TPX></Extensions></Trackpoint><Trackpoint><Time>2026-01-07T22:35:50Z</Time><HeartRateBpm><Value>98</Value></HeartRateBpm><Cadence>61</Cadence><Extensions><ns3:TPX><ns3:Speed>0.0</ns3:Speed></ns3:TPX></Extensions></Trackpoint><Trackpoint><Time>2026-01-07T22:35:54Z</Time><HeartRateBpm><Value>97</Value></HeartRateBpm><Cadence>61</Cadence><Extensions><ns3:TPX><ns3:Speed>0.0</ns3:Speed></ns3:TPX></Extensions></Trackpoint><Trackpoint><Time>2026-01-07T22:35:56Z</Time><HeartRateBpm><Value>99</Value></HeartRateBpm><Cadence>61</Cadence><Extensions><ns3:TPX><ns3:Speed>0.0</ns3:Speed></ns3:TPX></Extensions></Trackpoint><Trackpoint><Time>2026-01-07T22:36:01Z</Time><HeartRateBpm><Value>99</Value></HeartRateBpm><Cadence>61</Cadence><Extensions><ns3:TPX><ns3:Speed>0.0</ns3:Speed></ns3:TPX></Extensions></Trackpoint><Trackpoint><Time>2026-01-07T22:36:03Z</Time><HeartRateBpm><Value>98</Value></HeartRateBpm><Cadence>61</Cadence><Extensions><ns3:TPX><ns3:Speed>0.0</ns3:Speed></ns3:TPX></Extensions></Trackpoint><Trackpoint><Time>2026-01-07T22:36:08Z</Time><HeartRateBpm><Value>96</Value></HeartRateBpm><Cadence>61</Cadence><Extensions><ns3:TPX><ns3:Speed>0.0</ns3:Speed></ns3:TPX></Extensions></Trackpoint><Trackpoint><Time>2026-01-07T22:36:09Z</Time><HeartRateBpm><Value>95</Value></HeartRateBpm><Cadence>61</Cadence><Extensions><ns3:TPX><ns3:Speed>0.0</ns3:Speed></ns3:TPX></Extensions></Trackpoint><Trackpoint><Time>2026-01-07T22:36:13Z</Time><HeartRateBpm><Value>94</Value></HeartRateBpm><Cadence>61</Cadence><Extensions><ns3:TPX><ns3:Speed>0.0</ns3:Speed></ns3:TPX></Extensions></Trackpoint><Trackpoint><Time>2026-01-07T22:36:17Z</Time><HeartRateBpm><Value>92</Value></HeartRateBpm><Cadence>61</Cadence><Extensions><ns3:TPX><ns3:Speed>0.0</ns3:Speed></ns3:TPX></Extensions></Trackpoint><Trackpoint><Time>2026-01-07T22:36:19Z</Time><HeartRateBpm><Value>91</Value></HeartRateBpm><Cadence>61</Cadence><Extensions><ns3:TPX><ns3:Speed>0.0</ns3:Speed></ns3:TPX></Extensions></Trackpoint><Trackpoint><Time>2026-01-07T22:36:25Z</Time><HeartRateBpm><Value>90</Value></HeartRateBpm><Cadence>61</Cadence><Extensions><ns3:TPX><ns3:Speed>0.0</ns3:Speed></ns3:TPX></Extensions></Trackpoint><Trackpoint><Time>2026-01-07T22:36:29Z</Time><HeartRateBpm><Value>88</Value></HeartRateBpm><Cadence>61</Cadence><Extensions><ns3:TPX><ns3:Speed>0.0</ns3:Speed></ns3:TPX></Extensions></Trackpoint><Trackpoint><Time>2026-01-07T22:36:32Z</Time><HeartRateBpm><Value>89</Value></HeartRateBpm><Cadence>61</Cadence><Extensions><ns3:TPX><ns3:Speed>0.0</ns3:Speed></ns3:TPX></Extensions></Trackpoint><Trackpoint><Time>2026-01-07T22:36:33Z</Time><HeartRateBpm><Value>90</Value></HeartRateBpm><Cadence>61</Cadence><Extensions><ns3:TPX><ns3:Speed>0.0</ns3:Speed></ns3:TPX></Extensions></Trackpoint><Trackpoint><Time>2026-01-07T22:36:35Z</Time><HeartRateBpm><Value>89</Value></HeartRateBpm><Cadence>61</Cadence><Extensions><ns3:TPX><ns3:Speed>0.0</ns3:Speed></ns3:TPX></Extensions></Trackpoint><Trackpoint><Time>2026-01-07T22:36:37Z</Time><HeartRateBpm><Value>90</Value></HeartRateBpm><Cadence>61</Cadence><Extensions><ns3:TPX><ns3:Speed>0.0</ns3:Speed></ns3:TPX></Extensions></Trackpoint><Trackpoint><Time>2026-01-07T22:36:38Z</Time><HeartRateBpm><Value>91</Value></HeartRateBpm><Cadence>61</Cadence><Extensions><ns3:TPX><ns3:Speed>0.0</ns3:Speed></ns3:TPX></Extensions></Trackpoint><Trackpoint><Time>2026-01-07T22:36:39Z</Time><HeartRateBpm><Value>92</Value></HeartRateBpm><Cadence>61</Cadence><Extensions><ns3:TPX><ns3:Speed>0.0</ns3:Speed></ns3:TPX></Extensions></Trackpoint><Trackpoint><Time>2026-01-07T22:36:40Z</Time><HeartRateBpm><Value>93</Value></HeartRateBpm><Cadence>61</Cadence><Extensions><ns3:TPX><ns3:Speed>0.0</ns3:Speed></ns3:TPX></Extensions></Trackpoint><Trackpoint><Time>2026-01-07T22:36:45Z</Time><HeartRateBpm><Value>93</Value></HeartRateBpm><Cadence>61</Cadence><Extensions><ns3:TPX><ns3:Speed>0.0</ns3:Speed></ns3:TPX></Extensions></Trackpoint><Trackpoint><Time>2026-01-07T22:36:46Z</Time><HeartRateBpm><Value>92</Value></HeartRateBpm><Cadence>61</Cadence><Extensions><ns3:TPX><ns3:Speed>0.0</ns3:Speed></ns3:TPX></Extensions></Trackpoint><Trackpoint><Time>2026-01-07T22:36:47Z</Time><HeartRateBpm><Value>91</Value></HeartRateBpm><Cadence>61</Cadence><Extensions><ns3:TPX><ns3:Speed>0.0</ns3:Speed></ns3:TPX></Extensions></Trackpoint><Trackpoint><Time>2026-01-07T22:36:51Z</Time><HeartRateBpm><Value>90</Value></HeartRateBpm><Cadence>61</Cadence><Extensions><ns3:TPX><ns3:Speed>0.0</ns3:Speed></ns3:TPX></Extensions></Trackpoint><Trackpoint><Time>2026-01-07T22:36:53Z</Time><HeartRateBpm><Value>91</Value></HeartRateBpm><Cadence>61</Cadence><Extensions><ns3:TPX><ns3:Speed>0.0</ns3:Speed></ns3:TPX></Extensions></Trackpoint><Trackpoint><Time>2026-01-07T22:36:56Z</Time><HeartRateBpm><Value>90</Value></HeartRateBpm><Cadence>61</Cadence><Extensions><ns3:TPX><ns3:Speed>0.0</ns3:Speed></ns3:TPX></Extensions></Trackpoint><Trackpoint><Time>2026-01-07T22:36:57Z</Time><HeartRateBpm><Value>88</Value></HeartRateBpm><Cadence>61</Cadence><Extensions><ns3:TPX><ns3:Speed>0.0</ns3:Speed></ns3:TPX></Extensions></Trackpoint><Trackpoint><Time>2026-01-07T22:37:01Z</Time><HeartRateBpm><Value>88</Value></HeartRateBpm><Cadence>61</Cadence><Extensions><ns3:TPX><ns3:Speed>0.0</ns3:Speed></ns3:TPX></Extensions></Trackpoint><Trackpoint><Time>2026-01-07T22:37:04Z</Time><HeartRateBpm><Value>87</Value></HeartRateBpm><Cadence>61</Cadence><Extensions><ns3:TPX><ns3:Speed>0.0</ns3:Speed></ns3:TPX></Extensions></Trackpoint><Trackpoint><Time>2026-01-07T22:37:06Z</Time><HeartRateBpm><Value>85</Value></HeartRateBpm><Cadence>61</Cadence><Extensions><ns3:TPX><ns3:Speed>0.0</ns3:Speed></ns3:TPX></Extensions></Trackpoint><Trackpoint><Time>2026-01-07T22:37:07Z</Time><HeartRateBpm><Value>83</Value></HeartRateBpm><Cadence>61</Cadence><Extensions><ns3:TPX><ns3:Speed>0.0</ns3:Speed></ns3:TPX></Extensions></Trackpoint><Trackpoint><Time>2026-01-07T22:37:08Z</Time><HeartRateBpm><Value>82</Value></HeartRateBpm><Cadence>61</Cadence><Extensions><ns3:TPX><ns3:Speed>0.0</ns3:Speed></ns3:TPX></Extensions></Trackpoint><Trackpoint><Time>2026-01-07T22:37:09Z</Time><HeartRateBpm><Value>81</Value></HeartRateBpm><Cadence>61</Cadence><Extensions><ns3:TPX><ns3:Speed>0.0</ns3:Speed></ns3:TPX></Extensions></Trackpoint><Trackpoint><Time>2026-01-07T22:37:12Z</Time><HeartRateBpm><Value>80</Value></HeartRateBpm><Cadence>61</Cadence><Extensions><ns3:TPX><ns3:Speed>0.0</ns3:Speed></ns3:TPX></Extensions></Trackpoint><Trackpoint><Time>2026-01-07T22:37:13Z</Time><HeartRateBpm><Value>79</Value></HeartRateBpm><Cadence>61</Cadence><Extensions><ns3:TPX><ns3:Speed>0.0</ns3:Speed></ns3:TPX></Extensions></Trackpoint><Trackpoint><Time>2026-01-07T22:37:18Z</Time><HeartRateBpm><Value>83</Value></HeartRateBpm><Cadence>61</Cadence><Extensions><ns3:TPX><ns3:Speed>0.0</ns3:Speed></ns3:TPX></Extensions></Trackpoint><Trackpoint><Time>2026-01-07T22:37:19Z</Time><HeartRateBpm><Value>86</Value></HeartRateBpm><Cadence>61</Cadence><Extensions><ns3:TPX><ns3:Speed>0.0</ns3:Speed></ns3:TPX></Extensions></Trackpoint><Trackpoint><Time>2026-01-07T22:37:20Z</Time><HeartRateBpm><Value>88</Value></HeartRateBpm><Cadence>61</Cadence><Extensions><ns3:TPX><ns3:Speed>0.0</ns3:Speed></ns3:TPX></Extensions></Trackpoint><Trackpoint><Time>2026-01-07T22:37:21Z</Time><HeartRateBpm><Value>89</Value></HeartRateBpm><Cadence>61</Cadence><Extensions><ns3:TPX><ns3:Speed>0.0</ns3:Speed></ns3:TPX></Extensions></Trackpoint><Trackpoint><Time>2026-01-07T22:37:25Z</Time><HeartRateBpm><Value>90</Value></HeartRateBpm><Cadence>61</Cadence><Extensions><ns3:TPX><ns3:Speed>0.0</ns3:Speed></ns3:TPX></Extensions></Trackpoint><Trackpoint><Time>2026-01-07T22:37:29Z</Time><HeartRateBpm><Value>92</Value></HeartRateBpm><Cadence>61</Cadence><Extensions><ns3:TPX><ns3:Speed>0.0</ns3:Speed></ns3:TPX></Extensions></Trackpoint><Trackpoint><Time>2026-01-07T22:37:33Z</Time><HeartRateBpm><Value>87</Value></HeartRateBpm><Cadence>61</Cadence><Extensions><ns3:TPX><ns3:Speed>0.0</ns3:Speed></ns3:TPX></Extensions></Trackpoint><Trackpoint><Time>2026-01-07T22:37:34Z</Time><HeartRateBpm><Value>89</Value></HeartRateBpm><Cadence>61</Cadence><Extensions><ns3:TPX><ns3:Speed>0.0</ns3:Speed></ns3:TPX></Extensions></Trackpoint><Trackpoint><Time>2026-01-07T22:37:35Z</Time><HeartRateBpm><Value>83</Value></HeartRateBpm><Cadence>61</Cadence><Extensions><ns3:TPX><ns3:Speed>0.0</ns3:Speed></ns3:TPX></Extensions></Trackpoint><Trackpoint><Time>2026-01-07T22:37:39Z</Time><HeartRateBpm><Value>82</Value></HeartRateBpm><Cadence>61</Cadence><Extensions><ns3:TPX><ns3:Speed>0.0</ns3:Speed></ns3:TPX></Extensions></Trackpoint><Trackpoint><Time>2026-01-07T22:37:40Z</Time><HeartRateBpm><Value>83</Value></HeartRateBpm><Cadence>61</Cadence><Extensions><ns3:TPX><ns3:Speed>0.0</ns3:Speed></ns3:TPX></Extensions></Trackpoint><Trackpoint><Time>2026-01-07T22:37:41Z</Time><HeartRateBpm><Value>81</Value></HeartRateBpm><Cadence>61</Cadence><Extensions><ns3:TPX><ns3:Speed>0.0</ns3:Speed></ns3:TPX></Extensions></Trackpoint><Trackpoint><Time>2026-01-07T22:37:44Z</Time><HeartRateBpm><Value>80</Value></HeartRateBpm><Cadence>61</Cadence><Extensions><ns3:TPX><ns3:Speed>0.0</ns3:Speed></ns3:TPX></Extensions></Trackpoint><Trackpoint><Time>2026-01-07T22:37:45Z</Time><HeartRateBpm><Value>79</Value></HeartRateBpm><Cadence>61</Cadence><Extensions><ns3:TPX><ns3:Speed>0.0</ns3:Speed></ns3:TPX></Extensions></Trackpoint><Trackpoint><Time>2026-01-07T22:37:49Z</Time><HeartRateBpm><Value>78</Value></HeartRateBpm><Cadence>61</Cadence><Extensions><ns3:TPX><ns3:Speed>0.0</ns3:Speed></ns3:TPX></Extensions></Trackpoint><Trackpoint><Time>2026-01-07T22:37:51Z</Time><HeartRateBpm><Value>79</Value></HeartRateBpm><Cadence>61</Cadence><Extensions><ns3:TPX><ns3:Speed>0.0</ns3:Speed></ns3:TPX></Extensions></Trackpoint><Trackpoint><Time>2026-01-07T22:37:53Z</Time><HeartRateBpm><Value>81</Value></HeartRateBpm><Cadence>61</Cadence><Extensions><ns3:TPX><ns3:Speed>0.0</ns3:Speed></ns3:TPX></Extensions></Trackpoint><Trackpoint><Time>2026-01-07T22:37:55Z</Time><HeartRateBpm><Value>82</Value></HeartRateBpm><Cadence>61</Cadence><Extensions><ns3:TPX><ns3:Speed>0.0</ns3:Speed></ns3:TPX></Extensions></Trackpoint><Trackpoint><Time>2026-01-07T22:37:57Z</Time><HeartRateBpm><Value>84</Value></HeartRateBpm><Cadence>61</Cadence><Extensions><ns3:TPX><ns3:Speed>0.0</ns3:Speed></ns3:TPX></Extensions></Trackpoint><Trackpoint><Time>2026-01-07T22:37:58Z</Time><HeartRateBpm><Value>85</Value></HeartRateBpm><Cadence>61</Cadence><Extensions><ns3:TPX><ns3:Speed>0.0</ns3:Speed></ns3:TPX></Extensions></Trackpoint><Trackpoint><Time>2026-01-07T22:38:03Z</Time><HeartRateBpm><Value>85</Value></HeartRateBpm><Cadence>61</Cadence><Extensions><ns3:TPX><ns3:Speed>0.0</ns3:Speed></ns3:TPX></Extensions></Trackpoint><Trackpoint><Time>2026-01-07T22:38:08Z</Time><HeartRateBpm><Value>85</Value></HeartRateBpm><Cadence>61</Cadence><Extensions><ns3:TPX><ns3:Speed>0.0</ns3:Speed></ns3:TPX></Extensions></Trackpoint><Trackpoint><Time>2026-01-07T22:38:09Z</Time><HeartRateBpm><Value>86</Value></HeartRateBpm><Cadence>61</Cadence><Extensions><ns3:TPX><ns3:Speed>0.0</ns3:Speed></ns3:TPX></Extensions></Trackpoint><Trackpoint><Time>2026-01-07T22:38:10Z</Time><HeartRateBpm><Value>87</Value></HeartRateBpm><Cadence>61</Cadence><Extensions><ns3:TPX><ns3:Speed>0.0</ns3:Speed></ns3:TPX></Extensions></Trackpoint><Trackpoint><Time>2026-01-07T22:38:11Z</Time><HeartRateBpm><Value>88</Value></HeartRateBpm><Cadence>61</Cadence><Extensions><ns3:TPX><ns3:Speed>0.0</ns3:Speed></ns3:TPX></Extensions></Trackpoint><Trackpoint><Time>2026-01-07T22:38:13Z</Time><HeartRateBpm><Value>85</Value></HeartRateBpm><Cadence>61</Cadence><Extensions><ns3:TPX><ns3:Speed>0.0</ns3:Speed></ns3:TPX></Extensions></Trackpoint><Trackpoint><Time>2026-01-07T22:38:14Z</Time><HeartRateBpm><Value>89</Value></HeartRateBpm><Cadence>61</Cadence><Extensions><ns3:TPX><ns3:Speed>0.0</ns3:Speed></ns3:TPX></Extensions></Trackpoint><Trackpoint><Time>2026-01-07T22:38:15Z</Time><HeartRateBpm><Value>85</Value></HeartRateBpm><Cadence>61</Cadence><Extensions><ns3:TPX><ns3:Speed>0.0</ns3:Speed></ns3:TPX></Extensions></Trackpoint><Trackpoint><Time>2026-01-07T22:38:16Z</Time><HeartRateBpm><Value>83</Value></HeartRateBpm><Cadence>61</Cadence><Extensions><ns3:TPX><ns3:Speed>0.0</ns3:Speed></ns3:TPX></Extensions></Trackpoint><Trackpoint><Time>2026-01-07T22:38:21Z</Time><HeartRateBpm><Value>84</Value></HeartRateBpm><Cadence>61</Cadence><Extensions><ns3:TPX><ns3:Speed>0.0</ns3:Speed></ns3:TPX></Extensions></Trackpoint><Trackpoint><Time>2026-01-07T22:38:22Z</Time><HeartRateBpm><Value>85</Value></HeartRateBpm><Cadence>61</Cadence><Extensions><ns3:TPX><ns3:Speed>0.0</ns3:Speed></ns3:TPX></Extensions></Trackpoint><Trackpoint><Time>2026-01-07T22:38:25Z</Time><HeartRateBpm><Value>86</Value></HeartRateBpm><Cadence>61</Cadence><Extensions><ns3:TPX><ns3:Speed>0.0</ns3:Speed></ns3:TPX></Extensions></Trackpoint><Trackpoint><Time>2026-01-07T22:38:27Z</Time><HeartRateBpm><Value>85</Value></HeartRateBpm><Cadence>61</Cadence><Extensions><ns3:TPX><ns3:Speed>0.0</ns3:Speed></ns3:TPX></Extensions></Trackpoint><Trackpoint><Time>2026-01-07T22:38:29Z</Time><HeartRateBpm><Value>86</Value></HeartRateBpm><Cadence>61</Cadence><Extensions><ns3:TPX><ns3:Speed>0.0</ns3:Speed></ns3:TPX></Extensions></Trackpoint><Trackpoint><Time>2026-01-07T22:38:31Z</Time><HeartRateBpm><Value>87</Value></HeartRateBpm><Cadence>61</Cadence><Extensions><ns3:TPX><ns3:Speed>0.0</ns3:Speed></ns3:TPX></Extensions></Trackpoint><Trackpoint><Time>2026-01-07T22:38:35Z</Time><HeartRateBpm><Value>86</Value></HeartRateBpm><Cadence>61</Cadence><Extensions><ns3:TPX><ns3:Speed>0.0</ns3:Speed></ns3:TPX></Extensions></Trackpoint><Trackpoint><Time>2026-01-07T22:38:37Z</Time><HeartRateBpm><Value>85</Value></HeartRateBpm><Cadence>61</Cadence><Extensions><ns3:TPX><ns3:Speed>0.0</ns3:Speed></ns3:TPX></Extensions></Trackpoint><Trackpoint><Time>2026-01-07T22:38:41Z</Time><HeartRateBpm><Value>86</Value></HeartRateBpm><Cadence>61</Cadence><Extensions><ns3:TPX><ns3:Speed>0.0</ns3:Speed></ns3:TPX></Extensions></Trackpoint><Trackpoint><Time>2026-01-07T22:38:42Z</Time><HeartRateBpm><Value>89</Value></HeartRateBpm><Cadence>61</Cadence><Extensions><ns3:TPX><ns3:Speed>0.0</ns3:Speed></ns3:TPX></Extensions></Trackpoint><Trackpoint><Time>2026-01-07T22:38:45Z</Time><HeartRateBpm><Value>90</Value></HeartRateBpm><Cadence>61</Cadence><Extensions><ns3:TPX><ns3:Speed>0.0</ns3:Speed></ns3:TPX></Extensions></Trackpoint><Trackpoint><Time>2026-01-07T22:38:46Z</Time><HeartRateBpm><Value>91</Value></HeartRateBpm><Cadence>61</Cadence><Extensions><ns3:TPX><ns3:Speed>0.0</ns3:Speed></ns3:TPX></Extensions></Trackpoint><Trackpoint><Time>2026-01-07T22:38:47Z</Time><HeartRateBpm><Value>92</Value></HeartRateBpm><Cadence>61</Cadence><Extensions><ns3:TPX><ns3:Speed>0.0</ns3:Speed></ns3:TPX></Extensions></Trackpoint><Trackpoint><Time>2026-01-07T22:38:48Z</Time><HeartRateBpm><Value>93</Value></HeartRateBpm><Cadence>61</Cadence><Extensions><ns3:TPX><ns3:Speed>0.0</ns3:Speed></ns3:TPX></Extensions></Trackpoint><Trackpoint><Time>2026-01-07T22:38:51Z</Time><HeartRateBpm><Value>94</Value></HeartRateBpm><Cadence>61</Cadence><Extensions><ns3:TPX><ns3:Speed>0.0</ns3:Speed></ns3:TPX></Extensions></Trackpoint><Trackpoint><Time>2026-01-07T22:38:53Z</Time><HeartRateBpm><Value>95</Value></HeartRateBpm><Cadence>61</Cadence><Extensions><ns3:TPX><ns3:Speed>0.0</ns3:Speed></ns3:TPX></Extensions></Trackpoint><Trackpoint><Time>2026-01-07T22:38:54Z</Time><HeartRateBpm><Value>97</Value></HeartRateBpm><Cadence>61</Cadence><Extensions><ns3:TPX><ns3:Speed>0.0</ns3:Speed></ns3:TPX></Extensions></Trackpoint><Trackpoint><Time>2026-01-07T22:38:58Z</Time><HeartRateBpm><Value>91</Value></HeartRateBpm><Cadence>61</Cadence><Extensions><ns3:TPX><ns3:Speed>0.0</ns3:Speed></ns3:TPX></Extensions></Trackpoint><Trackpoint><Time>2026-01-07T22:38:59Z</Time><HeartRateBpm><Value>94</Value></HeartRateBpm><Cadence>61</Cadence><Extensions><ns3:TPX><ns3:Speed>0.0</ns3:Speed></ns3:TPX></Extensions></Trackpoint><Trackpoint><Time>2026-01-07T22:39:00Z</Time><HeartRateBpm><Value>93</Value></HeartRateBpm><Cadence>61</Cadence><Extensions><ns3:TPX><ns3:Speed>0.0</ns3:Speed></ns3:TPX></Extensions></Trackpoint><Trackpoint><Time>2026-01-07T22:39:02Z</Time><HeartRateBpm><Value>94</Value></HeartRateBpm><Cadence>61</Cadence><Extensions><ns3:TPX><ns3:Speed>0.0</ns3:Speed></ns3:TPX></Extensions></Trackpoint><Trackpoint><Time>2026-01-07T22:39:03Z</Time><HeartRateBpm><Value>95</Value></HeartRateBpm><Cadence>61</Cadence><Extensions><ns3:TPX><ns3:Speed>0.0</ns3:Speed></ns3:TPX></Extensions></Trackpoint><Trackpoint><Time>2026-01-07T22:39:08Z</Time><HeartRateBpm><Value>96</Value></HeartRateBpm><Cadence>61</Cadence><Extensions><ns3:TPX><ns3:Speed>0.0</ns3:Speed></ns3:TPX></Extensions></Trackpoint><Trackpoint><Time>2026-01-07T22:39:14Z</Time><HeartRateBpm><Value>96</Value></HeartRateBpm><Cadence>61</Cadence><Extensions><ns3:TPX><ns3:Speed>0.0</ns3:Speed></ns3:TPX></Extensions></Trackpoint><Trackpoint><Time>2026-01-07T22:39:20Z</Time><HeartRateBpm><Value>96</Value></HeartRateBpm><Cadence>61</Cadence><Extensions><ns3:TPX><ns3:Speed>0.0</ns3:Speed></ns3:TPX></Extensions></Trackpoint><Trackpoint><Time>2026-01-07T22:39:21Z</Time><HeartRateBpm><Value>95</Value></HeartRateBpm><Cadence>61</Cadence><Extensions><ns3:TPX><ns3:Speed>0.0</ns3:Speed></ns3:TPX></Extensions></Trackpoint><Trackpoint><Time>2026-01-07T22:39:23Z</Time><HeartRateBpm><Value>96</Value></HeartRateBpm><Cadence>61</Cadence><Extensions><ns3:TPX><ns3:Speed>0.0</ns3:Speed></ns3:TPX></Extensions></Trackpoint><Trackpoint><Time>2026-01-07T22:39:28Z</Time><HeartRateBpm><Value>97</Value></HeartRateBpm><Cadence>61</Cadence><Extensions><ns3:TPX><ns3:Speed>0.0</ns3:Speed></ns3:TPX></Extensions></Trackpoint><Trackpoint><Time>2026-01-07T22:39:32Z</Time><HeartRateBpm><Value>99</Value></HeartRateBpm><Cadence>61</Cadence><Extensions><ns3:TPX><ns3:Speed>0.0</ns3:Speed></ns3:TPX></Extensions></Trackpoint><Trackpoint><Time>2026-01-07T22:39:33Z</Time><HeartRateBpm><Value>100</Value></HeartRateBpm><Cadence>61</Cadence><Extensions><ns3:TPX><ns3:Speed>0.0</ns3:Speed></ns3:TPX></Extensions></Trackpoint><Trackpoint><Time>2026-01-07T22:39:34Z</Time><HeartRateBpm><Value>101</Value></HeartRateBpm><Cadence>61</Cadence><Extensions><ns3:TPX><ns3:Speed>0.0</ns3:Speed></ns3:TPX></Extensions></Trackpoint><Trackpoint><Time>2026-01-07T22:39:37Z</Time><HeartRateBpm><Value>105</Value></HeartRateBpm><Cadence>61</Cadence><Extensions><ns3:TPX><ns3:Speed>0.0</ns3:Speed></ns3:TPX></Extensions></Trackpoint><Trackpoint><Time>2026-01-07T22:39:39Z</Time><HeartRateBpm><Value>109</Value></HeartRateBpm><Cadence>61</Cadence><Extensions><ns3:TPX><ns3:Speed>0.0</ns3:Speed></ns3:TPX></Extensions></Trackpoint><Trackpoint><Time>2026-01-07T22:39:40Z</Time><HeartRateBpm><Value>114</Value></HeartRateBpm><Cadence>61</Cadence><Extensions><ns3:TPX><ns3:Speed>0.0</ns3:Speed></ns3:TPX></Extensions></Trackpoint><Trackpoint><Time>2026-01-07T22:39:41Z</Time><HeartRateBpm><Value>116</Value></HeartRateBpm><Cadence>61</Cadence><Extensions><ns3:TPX><ns3:Speed>0.0</ns3:Speed></ns3:TPX></Extensions></Trackpoint><Trackpoint><Time>2026-01-07T22:39:43Z</Time><HeartRateBpm><Value>103</Value></HeartRateBpm><Cadence>61</Cadence><Extensions><ns3:TPX><ns3:Speed>0.0</ns3:Speed></ns3:TPX></Extensions></Trackpoint><Trackpoint><Time>2026-01-07T22:39:45Z</Time><HeartRateBpm><Value>104</Value></HeartRateBpm><Cadence>61</Cadence><Extensions><ns3:TPX><ns3:Speed>0.0</ns3:Speed></ns3:TPX></Extensions></Trackpoint><Trackpoint><Time>2026-01-07T22:39:46Z</Time><HeartRateBpm><Value>102</Value></HeartRateBpm><Cadence>61</Cadence><Extensions><ns3:TPX><ns3:Speed>0.0</ns3:Speed></ns3:TPX></Extensions></Trackpoint><Trackpoint><Time>2026-01-07T22:39:50Z</Time><HeartRateBpm><Value>103</Value></HeartRateBpm><Cadence>61</Cadence><Extensions><ns3:TPX><ns3:Speed>0.0</ns3:Speed></ns3:TPX></Extensions></Trackpoint><Trackpoint><Time>2026-01-07T22:39:54Z</Time><HeartRateBpm><Value>103</Value></HeartRateBpm><Cadence>61</Cadence><Extensions><ns3:TPX><ns3:Speed>0.0</ns3:Speed></ns3:TPX></Extensions></Trackpoint><Trackpoint><Time>2026-01-07T22:39:57Z</Time><HeartRateBpm><Value>102</Value></HeartRateBpm><Cadence>61</Cadence><Extensions><ns3:TPX><ns3:Speed>0.0</ns3:Speed></ns3:TPX></Extensions></Trackpoint><Trackpoint><Time>2026-01-07T22:39:58Z</Time><HeartRateBpm><Value>100</Value></HeartRateBpm><Cadence>61</Cadence><Extensions><ns3:TPX><ns3:Speed>0.0</ns3:Speed></ns3:TPX></Extensions></Trackpoint><Trackpoint><Time>2026-01-07T22:40:04Z</Time><HeartRateBpm><Value>99</Value></HeartRateBpm><Cadence>61</Cadence><Extensions><ns3:TPX><ns3:Speed>0.0</ns3:Speed></ns3:TPX></Extensions></Trackpoint><Trackpoint><Time>2026-01-07T22:40:07Z</Time><HeartRateBpm><Value>98</Value></HeartRateBpm><Cadence>61</Cadence><Extensions><ns3:TPX><ns3:Speed>0.0</ns3:Speed></ns3:TPX></Extensions></Trackpoint><Trackpoint><Time>2026-01-07T22:40:08Z</Time><HeartRateBpm><Value>97</Value></HeartRateBpm><Cadence>61</Cadence><Extensions><ns3:TPX><ns3:Speed>0.0</ns3:Speed></ns3:TPX></Extensions></Trackpoint><Trackpoint><Time>2026-01-07T22:40:10Z</Time><HeartRateBpm><Value>96</Value></HeartRateBpm><Cadence>61</Cadence><Extensions><ns3:TPX><ns3:Speed>0.0</ns3:Speed></ns3:TPX></Extensions></Trackpoint><Trackpoint><Time>2026-01-07T22:40:13Z</Time><HeartRateBpm><Value>99</Value></HeartRateBpm><Cadence>61</Cadence><Extensions><ns3:TPX><ns3:Speed>0.0</ns3:Speed></ns3:TPX></Extensions></Trackpoint><Trackpoint><Time>2026-01-07T22:40:18Z</Time><HeartRateBpm><Value>99</Value></HeartRateBpm><Cadence>61</Cadence><Extensions><ns3:TPX><ns3:Speed>0.0</ns3:Speed></ns3:TPX></Extensions></Trackpoint><Trackpoint><Time>2026-01-07T22:40:22Z</Time><HeartRateBpm><Value>98</Value></HeartRateBpm><Cadence>61</Cadence><Extensions><ns3:TPX><ns3:Speed>0.0</ns3:Speed></ns3:TPX></Extensions></Trackpoint><Trackpoint><Time>2026-01-07T22:40:28Z</Time><HeartRateBpm><Value>99</Value></HeartRateBpm><Cadence>61</Cadence><Extensions><ns3:TPX><ns3:Speed>0.0</ns3:Speed></ns3:TPX></Extensions></Trackpoint><Trackpoint><Time>2026-01-07T22:40:29Z</Time><HeartRateBpm><Value>100</Value></HeartRateBpm><Cadence>61</Cadence><Extensions><ns3:TPX><ns3:Speed>0.0</ns3:Speed></ns3:TPX></Extensions></Trackpoint><Trackpoint><Time>2026-01-07T22:40:30Z</Time><HeartRateBpm><Value>101</Value></HeartRateBpm><Cadence>61</Cadence><Extensions><ns3:TPX><ns3:Speed>0.0</ns3:Speed></ns3:TPX></Extensions></Trackpoint><Trackpoint><Time>2026-01-07T22:40:35Z</Time><HeartRateBpm><Value>101</Value></HeartRateBpm><Cadence>61</Cadence><Extensions><ns3:TPX><ns3:Speed>0.0</ns3:Speed></ns3:TPX></Extensions></Trackpoint><Trackpoint><Time>2026-01-07T22:40:40Z</Time><HeartRateBpm><Value>101</Value></HeartRateBpm><Cadence>61</Cadence><Extensions><ns3:TPX><ns3:Speed>0.0</ns3:Speed></ns3:TPX></Extensions></Trackpoint><Trackpoint><Time>2026-01-07T22:40:44Z</Time><HeartRateBpm><Value>102</Value></HeartRateBpm><Cadence>61</Cadence><Extensions><ns3:TPX><ns3:Speed>0.0</ns3:Speed></ns3:TPX></Extensions></Trackpoint><Trackpoint><Time>2026-01-07T22:40:46Z</Time><HeartRateBpm><Value>103</Value></HeartRateBpm><Cadence>61</Cadence><Extensions><ns3:TPX><ns3:Speed>0.0</ns3:Speed></ns3:TPX></Extensions></Trackpoint><Trackpoint><Time>2026-01-07T22:40:47Z</Time><HeartRateBpm><Value>102</Value></HeartRateBpm><Cadence>61</Cadence><Extensions><ns3:TPX><ns3:Speed>0.0</ns3:Speed></ns3:TPX></Extensions></Trackpoint><Trackpoint><Time>2026-01-07T22:40:52Z</Time><HeartRateBpm><Value>102</Value></HeartRateBpm><Cadence>61</Cadence><Extensions><ns3:TPX><ns3:Speed>0.0</ns3:Speed></ns3:TPX></Extensions></Trackpoint><Trackpoint><Time>2026-01-07T22:40:53Z</Time><HeartRateBpm><Value>103</Value></HeartRateBpm><Cadence>61</Cadence><Extensions><ns3:TPX><ns3:Speed>0.0</ns3:Speed></ns3:TPX></Extensions></Trackpoint><Trackpoint><Time>2026-01-07T22:40:55Z</Time><HeartRateBpm><Value>102</Value></HeartRateBpm><Cadence>61</Cadence><Extensions><ns3:TPX><ns3:Speed>0.0</ns3:Speed></ns3:TPX></Extensions></Trackpoint><Trackpoint><Time>2026-01-07T22:40:59Z</Time><HeartRateBpm><Value>101</Value></HeartRateBpm><Cadence>61</Cadence><Extensions><ns3:TPX><ns3:Speed>0.0</ns3:Speed></ns3:TPX></Extensions></Trackpoint><Trackpoint><Time>2026-01-07T22:41:05Z</Time><HeartRateBpm><Value>102</Value></HeartRateBpm><Cadence>61</Cadence><Extensions><ns3:TPX><ns3:Speed>0.0</ns3:Speed></ns3:TPX></Extensions></Trackpoint><Trackpoint><Time>2026-01-07T22:41:06Z</Time><HeartRateBpm><Value>103</Value></HeartRateBpm><Cadence>61</Cadence><Extensions><ns3:TPX><ns3:Speed>0.0</ns3:Speed></ns3:TPX></Extensions></Trackpoint><Trackpoint><Time>2026-01-07T22:41:07Z</Time><HeartRateBpm><Value>102</Value></HeartRateBpm><Cadence>61</Cadence><Extensions><ns3:TPX><ns3:Speed>0.0</ns3:Speed></ns3:TPX></Extensions></Trackpoint><Trackpoint><Time>2026-01-07T22:41:12Z</Time><HeartRateBpm><Value>103</Value></HeartRateBpm><Cadence>61</Cadence><Extensions><ns3:TPX><ns3:Speed>0.0</ns3:Speed></ns3:TPX></Extensions></Trackpoint><Trackpoint><Time>2026-01-07T22:41:14Z</Time><HeartRateBpm><Value>102</Value></HeartRateBpm><Cadence>61</Cadence><Extensions><ns3:TPX><ns3:Speed>0.0</ns3:Speed></ns3:TPX></Extensions></Trackpoint><Trackpoint><Time>2026-01-07T22:41:15Z</Time><HeartRateBpm><Value>103</Value></HeartRateBpm><Cadence>61</Cadence><Extensions><ns3:TPX><ns3:Speed>0.0</ns3:Speed></ns3:TPX></Extensions></Trackpoint><Trackpoint><Time>2026-01-07T22:41:16Z</Time><HeartRateBpm><Value>104</Value></HeartRateBpm><Cadence>61</Cadence><Extensions><ns3:TPX><ns3:Speed>0.0</ns3:Speed></ns3:TPX></Extensions></Trackpoint><Trackpoint><Time>2026-01-07T22:41:20Z</Time><HeartRateBpm><Value>105</Value></HeartRateBpm><Cadence>61</Cadence><Extensions><ns3:TPX><ns3:Speed>0.0</ns3:Speed></ns3:TPX></Extensions></Trackpoint><Trackpoint><Time>2026-01-07T22:41:22Z</Time><HeartRateBpm><Value>107</Value></HeartRateBpm><Cadence>61</Cadence><Extensions><ns3:TPX><ns3:Speed>0.0</ns3:Speed></ns3:TPX></Extensions></Trackpoint><Trackpoint><Time>2026-01-07T22:41:24Z</Time><HeartRateBpm><Value>108</Value></HeartRateBpm><Cadence>61</Cadence><Extensions><ns3:TPX><ns3:Speed>0.0</ns3:Speed></ns3:TPX></Extensions></Trackpoint><Trackpoint><Time>2026-01-07T22:41:26Z</Time><HeartRateBpm><Value>109</Value></HeartRateBpm><Cadence>61</Cadence><Extensions><ns3:TPX><ns3:Speed>0.0</ns3:Speed></ns3:TPX></Extensions></Trackpoint><Trackpoint><Time>2026-01-07T22:41:28Z</Time><HeartRateBpm><Value>110</Value></HeartRateBpm><Cadence>61</Cadence><Extensions><ns3:TPX><ns3:Speed>0.0</ns3:Speed></ns3:TPX></Extensions></Trackpoint><Trackpoint><Time>2026-01-07T22:41:29Z</Time><HeartRateBpm><Value>111</Value></HeartRateBpm><Cadence>61</Cadence><Extensions><ns3:TPX><ns3:Speed>0.0</ns3:Speed></ns3:TPX></Extensions></Trackpoint><Trackpoint><Time>2026-01-07T22:41:32Z</Time><HeartRateBpm><Value>110</Value></HeartRateBpm><Cadence>61</Cadence><Extensions><ns3:TPX><ns3:Speed>0.0</ns3:Speed></ns3:TPX></Extensions></Trackpoint><Trackpoint><Time>2026-01-07T22:41:34Z</Time><HeartRateBpm><Value>109</Value></HeartRateBpm><Cadence>61</Cadence><Extensions><ns3:TPX><ns3:Speed>0.0</ns3:Speed></ns3:TPX></Extensions></Trackpoint><Trackpoint><Time>2026-01-07T22:41:35Z</Time><HeartRateBpm><Value>108</Value></HeartRateBpm><Cadence>61</Cadence><Extensions><ns3:TPX><ns3:Speed>0.0</ns3:Speed></ns3:TPX></Extensions></Trackpoint><Trackpoint><Time>2026-01-07T22:41:36Z</Time><HeartRateBpm><Value>107</Value></HeartRateBpm><Cadence>61</Cadence><Extensions><ns3:TPX><ns3:Speed>0.0</ns3:Speed></ns3:TPX></Extensions></Trackpoint><Trackpoint><Time>2026-01-07T22:41:40Z</Time><HeartRateBpm><Value>106</Value></HeartRateBpm><Cadence>61</Cadence><Extensions><ns3:TPX><ns3:Speed>0.0</ns3:Speed></ns3:TPX></Extensions></Trackpoint><Trackpoint><Time>2026-01-07T22:41:41Z</Time><HeartRateBpm><Value>105</Value></HeartRateBpm><Cadence>61</Cadence><Extensions><ns3:TPX><ns3:Speed>0.0</ns3:Speed></ns3:TPX></Extensions></Trackpoint><Trackpoint><Time>2026-01-07T22:41:42Z</Time><HeartRateBpm><Value>104</Value></HeartRateBpm><Cadence>61</Cadence><Extensions><ns3:TPX><ns3:Speed>0.0</ns3:Speed></ns3:TPX></Extensions></Trackpoint><Trackpoint><Time>2026-01-07T22:41:43Z</Time><HeartRateBpm><Value>105</Value></HeartRateBpm><Cadence>61</Cadence><Extensions><ns3:TPX><ns3:Speed>0.0</ns3:Speed></ns3:TPX></Extensions></Trackpoint><Trackpoint><Time>2026-01-07T22:41:47Z</Time><HeartRateBpm><Value>106</Value></HeartRateBpm><Cadence>61</Cadence><Extensions><ns3:TPX><ns3:Speed>0.0</ns3:Speed></ns3:TPX></Extensions></Trackpoint><Trackpoint><Time>2026-01-07T22:41:49Z</Time><HeartRateBpm><Value>105</Value></HeartRateBpm><Cadence>61</Cadence><Extensions><ns3:TPX><ns3:Speed>0.0</ns3:Speed></ns3:TPX></Extensions></Trackpoint><Trackpoint><Time>2026-01-07T22:41:50Z</Time><HeartRateBpm><Value>106</Value></HeartRateBpm><Cadence>61</Cadence><Extensions><ns3:TPX><ns3:Speed>0.0</ns3:Speed></ns3:TPX></Extensions></Trackpoint><Trackpoint><Time>2026-01-07T22:41:52Z</Time><HeartRateBpm><Value>107</Value></HeartRateBpm><Cadence>61</Cadence><Extensions><ns3:TPX><ns3:Speed>0.0</ns3:Speed></ns3:TPX></Extensions></Trackpoint><Trackpoint><Time>2026-01-07T22:41:53Z</Time><HeartRateBpm><Value>106</Value></HeartRateBpm><Cadence>61</Cadence><Extensions><ns3:TPX><ns3:Speed>0.0</ns3:Speed></ns3:TPX></Extensions></Trackpoint><Trackpoint><Time>2026-01-07T22:41:55Z</Time><HeartRateBpm><Value>105</Value></HeartRateBpm><Cadence>61</Cadence><Extensions><ns3:TPX><ns3:Speed>0.0</ns3:Speed></ns3:TPX></Extensions></Trackpoint><Trackpoint><Time>2026-01-07T22:42:00Z</Time><HeartRateBpm><Value>105</Value></HeartRateBpm><Cadence>61</Cadence><Extensions><ns3:TPX><ns3:Speed>0.0</ns3:Speed></ns3:TPX></Extensions></Trackpoint><Trackpoint><Time>2026-01-07T22:42:05Z</Time><HeartRateBpm><Value>105</Value></HeartRateBpm><Cadence>61</Cadence><Extensions><ns3:TPX><ns3:Speed>0.0</ns3:Speed></ns3:TPX></Extensions></Trackpoint><Trackpoint><Time>2026-01-07T22:42:09Z</Time><HeartRateBpm><Value>104</Value></HeartRateBpm><Cadence>61</Cadence><Extensions><ns3:TPX><ns3:Speed>0.0</ns3:Speed></ns3:TPX></Extensions></Trackpoint><Trackpoint><Time>2026-01-07T22:42:13Z</Time><HeartRateBpm><Value>103</Value></HeartRateBpm><Cadence>61</Cadence><Extensions><ns3:TPX><ns3:Speed>0.0</ns3:Speed></ns3:TPX></Extensions></Trackpoint><Trackpoint><Time>2026-01-07T22:42:14Z</Time><HeartRateBpm><Value>102</Value></HeartRateBpm><Cadence>61</Cadence><Extensions><ns3:TPX><ns3:Speed>0.0</ns3:Speed></ns3:TPX></Extensions></Trackpoint><Trackpoint><Time>2026-01-07T22:42:17Z</Time><HeartRateBpm><Value>100</Value></HeartRateBpm><Cadence>61</Cadence><Extensions><ns3:TPX><ns3:Speed>0.0</ns3:Speed></ns3:TPX></Extensions></Trackpoint><Trackpoint><Time>2026-01-07T22:42:19Z</Time><HeartRateBpm><Value>101</Value></HeartRateBpm><Cadence>61</Cadence><Extensions><ns3:TPX><ns3:Speed>0.0</ns3:Speed></ns3:TPX></Extensions></Trackpoint><Trackpoint><Time>2026-01-07T22:42:21Z</Time><HeartRateBpm><Value>102</Value></HeartRateBpm><Cadence>61</Cadence><Extensions><ns3:TPX><ns3:Speed>0.0</ns3:Speed></ns3:TPX></Extensions></Trackpoint><Trackpoint><Time>2026-01-07T22:42:26Z</Time><HeartRateBpm><Value>103</Value></HeartRateBpm><Cadence>61</Cadence><Extensions><ns3:TPX><ns3:Speed>0.0</ns3:Speed></ns3:TPX></Extensions></Trackpoint><Trackpoint><Time>2026-01-07T22:42:31Z</Time><HeartRateBpm><Value>103</Value></HeartRateBpm><Cadence>61</Cadence><Extensions><ns3:TPX><ns3:Speed>0.0</ns3:Speed></ns3:TPX></Extensions></Trackpoint><Trackpoint><Time>2026-01-07T22:42:36Z</Time><HeartRateBpm><Value>103</Value></HeartRateBpm><Cadence>61</Cadence><Extensions><ns3:TPX><ns3:Speed>0.0</ns3:Speed></ns3:TPX></Extensions></Trackpoint><Trackpoint><Time>2026-01-07T22:42:41Z</Time><HeartRateBpm><Value>103</Value></HeartRateBpm><Cadence>61</Cadence><Extensions><ns3:TPX><ns3:Speed>0.0</ns3:Speed></ns3:TPX></Extensions></Trackpoint><Trackpoint><Time>2026-01-07T22:42:43Z</Time><HeartRateBpm><Value>104</Value></HeartRateBpm><Cadence>61</Cadence><Extensions><ns3:TPX><ns3:Speed>0.0</ns3:Speed></ns3:TPX></Extensions></Trackpoint><Trackpoint><Time>2026-01-07T22:42:44Z</Time><HeartRateBpm><Value>105</Value></HeartRateBpm><Cadence>61</Cadence><Extensions><ns3:TPX><ns3:Speed>0.0</ns3:Speed></ns3:TPX></Extensions></Trackpoint><Trackpoint><Time>2026-01-07T22:42:45Z</Time><HeartRateBpm><Value>106</Value></HeartRateBpm><Cadence>61</Cadence><Extensions><ns3:TPX><ns3:Speed>0.0</ns3:Speed></ns3:TPX></Extensions></Trackpoint><Trackpoint><Time>2026-01-07T22:42:47Z</Time><HeartRateBpm><Value>107</Value></HeartRateBpm><Cadence>61</Cadence><Extensions><ns3:TPX><ns3:Speed>0.0</ns3:Speed></ns3:TPX></Extensions></Trackpoint><Trackpoint><Time>2026-01-07T22:42:48Z</Time><HeartRateBpm><Value>109</Value></HeartRateBpm><Cadence>61</Cadence><Extensions><ns3:TPX><ns3:Speed>0.0</ns3:Speed></ns3:TPX></Extensions></Trackpoint><Trackpoint><Time>2026-01-07T22:42:50Z</Time><HeartRateBpm><Value>110</Value></HeartRateBpm><Cadence>61</Cadence><Extensions><ns3:TPX><ns3:Speed>0.0</ns3:Speed></ns3:TPX></Extensions></Trackpoint><Trackpoint><Time>2026-01-07T22:42:51Z</Time><HeartRateBpm><Value>111</Value></HeartRateBpm><Cadence>61</Cadence><Extensions><ns3:TPX><ns3:Speed>0.0</ns3:Speed></ns3:TPX></Extensions></Trackpoint><Trackpoint><Time>2026-01-07T22:42:56Z</Time><HeartRateBpm><Value>111</Value></HeartRateBpm><Cadence>61</Cadence><Extensions><ns3:TPX><ns3:Speed>0.0</ns3:Speed></ns3:TPX></Extensions></Trackpoint><Trackpoint><Time>2026-01-07T22:43:01Z</Time><HeartRateBpm><Value>111</Value></HeartRateBpm><Cadence>61</Cadence><Extensions><ns3:TPX><ns3:Speed>0.0</ns3:Speed></ns3:TPX></Extensions></Trackpoint><Trackpoint><Time>2026-01-07T22:43:02Z</Time><HeartRateBpm><Value>110</Value></HeartRateBpm><Cadence>61</Cadence><Extensions><ns3:TPX><ns3:Speed>0.0</ns3:Speed></ns3:TPX></Extensions></Trackpoint><Trackpoint><Time>2026-01-07T22:43:04Z</Time><HeartRateBpm><Value>109</Value></HeartRateBpm><Cadence>61</Cadence><Extensions><ns3:TPX><ns3:Speed>0.0</ns3:Speed></ns3:TPX></Extensions></Trackpoint><Trackpoint><Time>2026-01-07T22:43:07Z</Time><HeartRateBpm><Value>108</Value></HeartRateBpm><Cadence>61</Cadence><Extensions><ns3:TPX><ns3:Speed>0.0</ns3:Speed></ns3:TPX></Extensions></Trackpoint><Trackpoint><Time>2026-01-07T22:43:08Z</Time><HeartRateBpm><Value>106</Value></HeartRateBpm><Cadence>61</Cadence><Extensions><ns3:TPX><ns3:Speed>0.0</ns3:Speed></ns3:TPX></Extensions></Trackpoint><Trackpoint><Time>2026-01-07T22:43:09Z</Time><HeartRateBpm><Value>105</Value></HeartRateBpm><Cadence>61</Cadence><Extensions><ns3:TPX><ns3:Speed>0.0</ns3:Speed></ns3:TPX></Extensions></Trackpoint><Trackpoint><Time>2026-01-07T22:43:12Z</Time><HeartRateBpm><Value>104</Value></HeartRateBpm><Cadence>61</Cadence><Extensions><ns3:TPX><ns3:Speed>0.0</ns3:Speed></ns3:TPX></Extensions></Trackpoint><Trackpoint><Time>2026-01-07T22:43:18Z</Time><HeartRateBpm><Value>104</Value></HeartRateBpm><Cadence>61</Cadence><Extensions><ns3:TPX><ns3:Speed>0.0</ns3:Speed></ns3:TPX></Extensions></Trackpoint><Trackpoint><Time>2026-01-07T22:43:21Z</Time><HeartRateBpm><Value>105</Value></HeartRateBpm><Cadence>61</Cadence><Extensions><ns3:TPX><ns3:Speed>0.0</ns3:Speed></ns3:TPX></Extensions></Trackpoint><Trackpoint><Time>2026-01-07T22:43:25Z</Time><HeartRateBpm><Value>106</Value></HeartRateBpm><Cadence>61</Cadence><Extensions><ns3:TPX><ns3:Speed>0.0</ns3:Speed></ns3:TPX></Extensions></Trackpoint><Trackpoint><Time>2026-01-07T22:43:30Z</Time><HeartRateBpm><Value>107</Value></HeartRateBpm><Cadence>61</Cadence><Extensions><ns3:TPX><ns3:Speed>0.0</ns3:Speed></ns3:TPX></Extensions></Trackpoint><Trackpoint><Time>2026-01-07T22:43:31Z</Time><HeartRateBpm><Value>108</Value></HeartRateBpm><Cadence>61</Cadence><Extensions><ns3:TPX><ns3:Speed>0.0</ns3:Speed></ns3:TPX></Extensions></Trackpoint><Trackpoint><Time>2026-01-07T22:43:36Z</Time><HeartRateBpm><Value>107</Value></HeartRateBpm><Cadence>61</Cadence><Extensions><ns3:TPX><ns3:Speed>0.0</ns3:Speed></ns3:TPX></Extensions></Trackpoint><Trackpoint><Time>2026-01-07T22:43:39Z</Time><HeartRateBpm><Value>105</Value></HeartRateBpm><Cadence>61</Cadence><Extensions><ns3:TPX><ns3:Speed>0.0</ns3:Speed></ns3:TPX></Extensions></Trackpoint><Trackpoint><Time>2026-01-07T22:43:40Z</Time><HeartRateBpm><Value>104</Value></HeartRateBpm><Cadence>61</Cadence><Extensions><ns3:TPX><ns3:Speed>0.0</ns3:Speed></ns3:TPX></Extensions></Trackpoint><Trackpoint><Time>2026-01-07T22:43:45Z</Time><HeartRateBpm><Value>104</Value></HeartRateBpm><Cadence>61</Cadence><Extensions><ns3:TPX><ns3:Speed>0.0</ns3:Speed></ns3:TPX></Extensions></Trackpoint><Trackpoint><Time>2026-01-07T22:43:46Z</Time><HeartRateBpm><Value>105</Value></HeartRateBpm><Cadence>61</Cadence><Extensions><ns3:TPX><ns3:Speed>0.0</ns3:Speed></ns3:TPX></Extensions></Trackpoint><Trackpoint><Time>2026-01-07T22:43:47Z</Time><HeartRateBpm><Value>106</Value></HeartRateBpm><Cadence>61</Cadence><Extensions><ns3:TPX><ns3:Speed>0.0</ns3:Speed></ns3:TPX></Extensions></Trackpoint><Trackpoint><Time>2026-01-07T22:43:51Z</Time><HeartRateBpm><Value>105</Value></HeartRateBpm><Cadence>61</Cadence><Extensions><ns3:TPX><ns3:Speed>0.0</ns3:Speed></ns3:TPX></Extensions></Trackpoint><Trackpoint><Time>2026-01-07T22:43:53Z</Time><HeartRateBpm><Value>106</Value></HeartRateBpm><Cadence>61</Cadence><Extensions><ns3:TPX><ns3:Speed>0.0</ns3:Speed></ns3:TPX></Extensions></Trackpoint><Trackpoint><Time>2026-01-07T22:43:56Z</Time><HeartRateBpm><Value>105</Value></HeartRateBpm><Cadence>61</Cadence><Extensions><ns3:TPX><ns3:Speed>0.0</ns3:Speed></ns3:TPX></Extensions></Trackpoint><Trackpoint><Time>2026-01-07T22:43:58Z</Time><HeartRateBpm><Value>109</Value></HeartRateBpm><Cadence>61</Cadence><Extensions><ns3:TPX><ns3:Speed>0.0</ns3:Speed></ns3:TPX></Extensions></Trackpoint><Trackpoint><Time>2026-01-07T22:43:59Z</Time><HeartRateBpm><Value>110</Value></HeartRateBpm><Cadence>61</Cadence><Extensions><ns3:TPX><ns3:Speed>0.0</ns3:Speed></ns3:TPX></Extensions></Trackpoint><Trackpoint><Time>2026-01-07T22:44:04Z</Time><HeartRateBpm><Value>109</Value></HeartRateBpm><Cadence>61</Cadence><Extensions><ns3:TPX><ns3:Speed>0.0</ns3:Speed></ns3:TPX></Extensions></Trackpoint><Trackpoint><Time>2026-01-07T22:44:05Z</Time><HeartRateBpm><Value>108</Value></HeartRateBpm><Cadence>61</Cadence><Extensions><ns3:TPX><ns3:Speed>0.0</ns3:Speed></ns3:TPX></Extensions></Trackpoint><Trackpoint><Time>2026-01-07T22:44:09Z</Time><HeartRateBpm><Value>109</Value></HeartRateBpm><Cadence>61</Cadence><Extensions><ns3:TPX><ns3:Speed>0.0</ns3:Speed></ns3:TPX></Extensions></Trackpoint><Trackpoint><Time>2026-01-07T22:44:10Z</Time><HeartRateBpm><Value>110</Value></HeartRateBpm><Cadence>61</Cadence><Extensions><ns3:TPX><ns3:Speed>0.0</ns3:Speed></ns3:TPX></Extensions></Trackpoint><Trackpoint><Time>2026-01-07T22:44:13Z</Time><HeartRateBpm><Value>109</Value></HeartRateBpm><Cadence>61</Cadence><Extensions><ns3:TPX><ns3:Speed>0.0</ns3:Speed></ns3:TPX></Extensions></Trackpoint><Trackpoint><Time>2026-01-07T22:44:19Z</Time><HeartRateBpm><Value>109</Value></HeartRateBpm><Cadence>61</Cadence><Extensions><ns3:TPX><ns3:Speed>0.0</ns3:Speed></ns3:TPX></Extensions></Trackpoint><Trackpoint><Time>2026-01-07T22:44:21Z</Time><HeartRateBpm><Value>108</Value></HeartRateBpm><Cadence>61</Cadence><Extensions><ns3:TPX><ns3:Speed>0.0</ns3:Speed></ns3:TPX></Extensions></Trackpoint><Trackpoint><Time>2026-01-07T22:44:22Z</Time><HeartRateBpm><Value>107</Value></HeartRateBpm><Cadence>61</Cadence><Extensions><ns3:TPX><ns3:Speed>0.0</ns3:Speed></ns3:TPX></Extensions></Trackpoint><Trackpoint><Time>2026-01-07T22:44:23Z</Time><HeartRateBpm><Value>104</Value></HeartRateBpm><Cadence>61</Cadence><Extensions><ns3:TPX><ns3:Speed>0.0</ns3:Speed></ns3:TPX></Extensions></Trackpoint><Trackpoint><Time>2026-01-07T22:44:28Z</Time><HeartRateBpm><Value>103</Value></HeartRateBpm><Cadence>61</Cadence><Extensions><ns3:TPX><ns3:Speed>0.0</ns3:Speed></ns3:TPX></Extensions></Trackpoint><Trackpoint><Time>2026-01-07T22:44:33Z</Time><HeartRateBpm><Value>103</Value></HeartRateBpm><Cadence>61</Cadence><Extensions><ns3:TPX><ns3:Speed>0.0</ns3:Speed></ns3:TPX></Extensions></Trackpoint><Trackpoint><Time>2026-01-07T22:44:35Z</Time><HeartRateBpm><Value>102</Value></HeartRateBpm><Cadence>61</Cadence><Extensions><ns3:TPX><ns3:Speed>0.0</ns3:Speed></ns3:TPX></Extensions></Trackpoint><Trackpoint><Time>2026-01-07T22:44:40Z</Time><HeartRateBpm><Value>103</Value></HeartRateBpm><Cadence>61</Cadence><Extensions><ns3:TPX><ns3:Speed>0.0</ns3:Speed></ns3:TPX></Extensions></Trackpoint><Trackpoint><Time>2026-01-07T22:44:44Z</Time><HeartRateBpm><Value>102</Value></HeartRateBpm><Cadence>61</Cadence><Extensions><ns3:TPX><ns3:Speed>0.0</ns3:Speed></ns3:TPX></Extensions></Trackpoint><Trackpoint><Time>2026-01-07T22:44:45Z</Time><HeartRateBpm><Value>101</Value></HeartRateBpm><Cadence>61</Cadence><Extensions><ns3:TPX><ns3:Speed>0.0</ns3:Speed></ns3:TPX></Extensions></Trackpoint><Trackpoint><Time>2026-01-07T22:44:50Z</Time><HeartRateBpm><Value>101</Value></HeartRateBpm><Cadence>61</Cadence><Extensions><ns3:TPX><ns3:Speed>0.0</ns3:Speed></ns3:TPX></Extensions></Trackpoint><Trackpoint><Time>2026-01-07T22:44:51Z</Time><HeartRateBpm><Value>102</Value></HeartRateBpm><Cadence>61</Cadence><Extensions><ns3:TPX><ns3:Speed>0.0</ns3:Speed></ns3:TPX></Extensions></Trackpoint><Trackpoint><Time>2026-01-07T22:44:54Z</Time><HeartRateBpm><Value>101</Value></HeartRateBpm><Cadence>61</Cadence><Extensions><ns3:TPX><ns3:Speed>0.0</ns3:Speed></ns3:TPX></Extensions></Trackpoint><Trackpoint><Time>2026-01-07T22:44:59Z</Time><HeartRateBpm><Value>102</Value></HeartRateBpm><Cadence>61</Cadence><Extensions><ns3:TPX><ns3:Speed>0.0</ns3:Speed></ns3:TPX></Extensions></Trackpoint><Trackpoint><Time>2026-01-07T22:45:04Z</Time><HeartRateBpm><Value>102</Value></HeartRateBpm><Cadence>61</Cadence><Extensions><ns3:TPX><ns3:Speed>0.0</ns3:Speed></ns3:TPX></Extensions></Trackpoint><Trackpoint><Time>2026-01-07T22:45:06Z</Time><HeartRateBpm><Value>103</Value></HeartRateBpm><Cadence>61</Cadence><Extensions><ns3:TPX><ns3:Speed>0.0</ns3:Speed></ns3:TPX></Extensions></Trackpoint><Trackpoint><Time>2026-01-07T22:45:08Z</Time><HeartRateBpm><Value>104</Value></HeartRateBpm><Cadence>61</Cadence><Extensions><ns3:TPX><ns3:Speed>0.0</ns3:Speed></ns3:TPX></Extensions></Trackpoint><Trackpoint><Time>2026-01-07T22:45:09Z</Time><HeartRateBpm><Value>106</Value></HeartRateBpm><Cadence>61</Cadence><Extensions><ns3:TPX><ns3:Speed>0.0</ns3:Speed></ns3:TPX></Extensions></Trackpoint><Trackpoint><Time>2026-01-07T22:45:10Z</Time><HeartRateBpm><Value>108</Value></HeartRateBpm><Cadence>61</Cadence><Extensions><ns3:TPX><ns3:Speed>0.0</ns3:Speed></ns3:TPX></Extensions></Trackpoint><Trackpoint><Time>2026-01-07T22:45:11Z</Time><HeartRateBpm><Value>109</Value></HeartRateBpm><Cadence>61</Cadence><Extensions><ns3:TPX><ns3:Speed>0.0</ns3:Speed></ns3:TPX></Extensions></Trackpoint><Trackpoint><Time>2026-01-07T22:45:12Z</Time><HeartRateBpm><Value>110</Value></HeartRateBpm><Cadence>61</Cadence><Extensions><ns3:TPX><ns3:Speed>0.0</ns3:Speed></ns3:TPX></Extensions></Trackpoint><Trackpoint><Time>2026-01-07T22:45:14Z</Time><HeartRateBpm><Value>109</Value></HeartRateBpm><Cadence>61</Cadence><Extensions><ns3:TPX><ns3:Speed>0.0</ns3:Speed></ns3:TPX></Extensions></Trackpoint><Trackpoint><Time>2026-01-07T22:45:20Z</Time><HeartRateBpm><Value>109</Value></HeartRateBpm><Cadence>61</Cadence><Extensions><ns3:TPX><ns3:Speed>0.0</ns3:Speed></ns3:TPX></Extensions></Trackpoint><Trackpoint><Time>2026-01-07T22:45:24Z</Time><HeartRateBpm><Value>109</Value></HeartRateBpm><Cadence>61</Cadence><Extensions><ns3:TPX><ns3:Speed>0.0</ns3:Speed></ns3:TPX></Extensions></Trackpoint><Trackpoint><Time>2026-01-07T22:45:25Z</Time><HeartRateBpm><Value>110</Value></HeartRateBpm><Cadence>61</Cadence><Extensions><ns3:TPX><ns3:Speed>0.0</ns3:Speed></ns3:TPX></Extensions></Trackpoint><Trackpoint><Time>2026-01-07T22:45:29Z</Time><HeartRateBpm><Value>109</Value></HeartRateBpm><Cadence>61</Cadence><Extensions><ns3:TPX><ns3:Speed>0.0</ns3:Speed></ns3:TPX></Extensions></Trackpoint><Trackpoint><Time>2026-01-07T22:45:30Z</Time><HeartRateBpm><Value>108</Value></HeartRateBpm><Cadence>61</Cadence><Extensions><ns3:TPX><ns3:Speed>0.0</ns3:Speed></ns3:TPX></Extensions></Trackpoint><Trackpoint><Time>2026-01-07T22:45:33Z</Time><HeartRateBpm><Value>109</Value></HeartRateBpm><Cadence>61</Cadence><Extensions><ns3:TPX><ns3:Speed>0.0</ns3:Speed></ns3:TPX></Extensions></Trackpoint><Trackpoint><Time>2026-01-07T22:45:34Z</Time><HeartRateBpm><Value>110</Value></HeartRateBpm><Cadence>61</Cadence><Extensions><ns3:TPX><ns3:Speed>0.0</ns3:Speed></ns3:TPX></Extensions></Trackpoint><Trackpoint><Time>2026-01-07T22:45:39Z</Time><HeartRateBpm><Value>109</Value></HeartRateBpm><Cadence>61</Cadence><Extensions><ns3:TPX><ns3:Speed>0.0</ns3:Speed></ns3:TPX></Extensions></Trackpoint><Trackpoint><Time>2026-01-07T22:45:41Z</Time><HeartRateBpm><Value>108</Value></HeartRateBpm><Cadence>61</Cadence><Extensions><ns3:TPX><ns3:Speed>0.0</ns3:Speed></ns3:TPX></Extensions></Trackpoint><Trackpoint><Time>2026-01-07T22:45:44Z</Time><HeartRateBpm><Value>107</Value></HeartRateBpm><Cadence>61</Cadence><Extensions><ns3:TPX><ns3:Speed>0.0</ns3:Speed></ns3:TPX></Extensions></Trackpoint><Trackpoint><Time>2026-01-07T22:45:45Z</Time><HeartRateBpm><Value>106</Value></HeartRateBpm><Cadence>61</Cadence><Extensions><ns3:TPX><ns3:Speed>0.0</ns3:Speed></ns3:TPX></Extensions></Trackpoint><Trackpoint><Time>2026-01-07T22:45:48Z</Time><HeartRateBpm><Value>105</Value></HeartRateBpm><Cadence>61</Cadence><Extensions><ns3:TPX><ns3:Speed>0.0</ns3:Speed></ns3:TPX></Extensions></Trackpoint><Trackpoint><Time>2026-01-07T22:45:50Z</Time><HeartRateBpm><Value>103</Value></HeartRateBpm><Cadence>61</Cadence><Extensions><ns3:TPX><ns3:Speed>0.0</ns3:Speed></ns3:TPX></Extensions></Trackpoint><Trackpoint><Time>2026-01-07T22:45:51Z</Time><HeartRateBpm><Value>102</Value></HeartRateBpm><Cadence>61</Cadence><Extensions><ns3:TPX><ns3:Speed>0.0</ns3:Speed></ns3:TPX></Extensions></Trackpoint><Trackpoint><Time>2026-01-07T22:45:57Z</Time><HeartRateBpm><Value>101</Value></HeartRateBpm><Cadence>61</Cadence><Extensions><ns3:TPX><ns3:Speed>0.0</ns3:Speed></ns3:TPX></Extensions></Trackpoint><Trackpoint><Time>2026-01-07T22:46:00Z</Time><HeartRateBpm><Value>103</Value></HeartRateBpm><Cadence>61</Cadence><Extensions><ns3:TPX><ns3:Speed>0.0</ns3:Speed></ns3:TPX></Extensions></Trackpoint><Trackpoint><Time>2026-01-07T22:46:04Z</Time><HeartRateBpm><Value>104</Value></HeartRateBpm><Cadence>61</Cadence><Extensions><ns3:TPX><ns3:Speed>0.0</ns3:Speed></ns3:TPX></Extensions></Trackpoint><Trackpoint><Time>2026-01-07T22:46:06Z</Time><HeartRateBpm><Value>105</Value></HeartRateBpm><Cadence>61</Cadence><Extensions><ns3:TPX><ns3:Speed>0.0</ns3:Speed></ns3:TPX></Extensions></Trackpoint><Trackpoint><Time>2026-01-07T22:46:07Z</Time><HeartRateBpm><Value>106</Value></HeartRateBpm><Cadence>61</Cadence><Extensions><ns3:TPX><ns3:Speed>0.0</ns3:Speed></ns3:TPX></Extensions></Trackpoint><Trackpoint><Time>2026-01-07T22:46:11Z</Time><HeartRateBpm><Value>107</Value></HeartRateBpm><Cadence>61</Cadence><Extensions><ns3:TPX><ns3:Speed>0.0</ns3:Speed></ns3:TPX></Extensions></Trackpoint><Trackpoint><Time>2026-01-07T22:46:12Z</Time><HeartRateBpm><Value>108</Value></HeartRateBpm><Cadence>61</Cadence><Extensions><ns3:TPX><ns3:Speed>0.0</ns3:Speed></ns3:TPX></Extensions></Trackpoint><Trackpoint><Time>2026-01-07T22:46:13Z</Time><HeartRateBpm><Value>109</Value></HeartRateBpm><Cadence>61</Cadence><Extensions><ns3:TPX><ns3:Speed>0.0</ns3:Speed></ns3:TPX></Extensions></Trackpoint><Trackpoint><Time>2026-01-07T22:46:15Z</Time><HeartRateBpm><Value>110</Value></HeartRateBpm><Cadence>61</Cadence><Extensions><ns3:TPX><ns3:Speed>0.0</ns3:Speed></ns3:TPX></Extensions></Trackpoint><Trackpoint><Time>2026-01-07T22:46:17Z</Time><HeartRateBpm><Value>111</Value></HeartRateBpm><Cadence>61</Cadence><Extensions><ns3:TPX><ns3:Speed>0.0</ns3:Speed></ns3:TPX></Extensions></Trackpoint><Trackpoint><Time>2026-01-07T22:46:19Z</Time><HeartRateBpm><Value>112</Value></HeartRateBpm><Cadence>61</Cadence><Extensions><ns3:TPX><ns3:Speed>0.0</ns3:Speed></ns3:TPX></Extensions></Trackpoint><Trackpoint><Time>2026-01-07T22:46:23Z</Time><HeartRateBpm><Value>111</Value></HeartRateBpm><Cadence>61</Cadence><Extensions><ns3:TPX><ns3:Speed>0.0</ns3:Speed></ns3:TPX></Extensions></Trackpoint><Trackpoint><Time>2026-01-07T22:46:25Z</Time><HeartRateBpm><Value>112</Value></HeartRateBpm><Cadence>61</Cadence><Extensions><ns3:TPX><ns3:Speed>0.0</ns3:Speed></ns3:TPX></Extensions></Trackpoint><Trackpoint><Time>2026-01-07T22:46:30Z</Time><HeartRateBpm><Value>112</Value></HeartRateBpm><Cadence>61</Cadence><Extensions><ns3:TPX><ns3:Speed>0.0</ns3:Speed></ns3:TPX></Extensions></Trackpoint><Trackpoint><Time>2026-01-07T22:46:34Z</Time><HeartRateBpm><Value>113</Value></HeartRateBpm><Cadence>61</Cadence><Extensions><ns3:TPX><ns3:Speed>0.0</ns3:Speed></ns3:TPX></Extensions></Trackpoint><Trackpoint><Time>2026-01-07T22:46:36Z</Time><HeartRateBpm><Value>112</Value></HeartRateBpm><Cadence>61</Cadence><Extensions><ns3:TPX><ns3:Speed>0.0</ns3:Speed></ns3:TPX></Extensions></Trackpoint><Trackpoint><Time>2026-01-07T22:46:37Z</Time><HeartRateBpm><Value>110</Value></HeartRateBpm><Cadence>61</Cadence><Extensions><ns3:TPX><ns3:Speed>0.0</ns3:Speed></ns3:TPX></Extensions></Trackpoint><Trackpoint><Time>2026-01-07T22:46:42Z</Time><HeartRateBpm><Value>109</Value></HeartRateBpm><Cadence>61</Cadence><Extensions><ns3:TPX><ns3:Speed>0.0</ns3:Speed></ns3:TPX></Extensions></Trackpoint><Trackpoint><Time>2026-01-07T22:46:43Z</Time><HeartRateBpm><Value>107</Value></HeartRateBpm><Cadence>61</Cadence><Extensions><ns3:TPX><ns3:Speed>0.0</ns3:Speed></ns3:TPX></Extensions></Trackpoint><Trackpoint><Time>2026-01-07T22:46:45Z</Time><HeartRateBpm><Value>106</Value></HeartRateBpm><Cadence>61</Cadence><Extensions><ns3:TPX><ns3:Speed>0.0</ns3:Speed></ns3:TPX></Extensions></Trackpoint><Trackpoint><Time>2026-01-07T22:46:46Z</Time><HeartRateBpm><Value>104</Value></HeartRateBpm><Cadence>61</Cadence><Extensions><ns3:TPX><ns3:Speed>0.0</ns3:Speed></ns3:TPX></Extensions></Trackpoint><Trackpoint><Time>2026-01-07T22:46:47Z</Time><HeartRateBpm><Value>103</Value></HeartRateBpm><Cadence>61</Cadence><Extensions><ns3:TPX><ns3:Speed>0.0</ns3:Speed></ns3:TPX></Extensions></Trackpoint><Trackpoint><Time>2026-01-07T22:46:48Z</Time><HeartRateBpm><Value>101</Value></HeartRateBpm><Cadence>61</Cadence><Extensions><ns3:TPX><ns3:Speed>0.0</ns3:Speed></ns3:TPX></Extensions></Trackpoint><Trackpoint><Time>2026-01-07T22:46:53Z</Time><HeartRateBpm><Value>101</Value></HeartRateBpm><Cadence>61</Cadence><Extensions><ns3:TPX><ns3:Speed>0.0</ns3:Speed></ns3:TPX></Extensions></Trackpoint><Trackpoint><Time>2026-01-07T22:46:58Z</Time><HeartRateBpm><Value>101</Value></HeartRateBpm><Cadence>61</Cadence><Extensions><ns3:TPX><ns3:Speed>0.0</ns3:Speed></ns3:TPX></Extensions></Trackpoint><Trackpoint><Time>2026-01-07T22:47:04Z</Time><HeartRateBpm><Value>101</Value></HeartRateBpm><Cadence>61</Cadence><Extensions><ns3:TPX><ns3:Speed>0.0</ns3:Speed></ns3:TPX></Extensions></Trackpoint><Trackpoint><Time>2026-01-07T22:47:10Z</Time><HeartRateBpm><Value>101</Value></HeartRateBpm><Cadence>61</Cadence><Extensions><ns3:TPX><ns3:Speed>0.0</ns3:Speed></ns3:TPX></Extensions></Trackpoint><Trackpoint><Time>2026-01-07T22:47:12Z</Time><HeartRateBpm><Value>102</Value></HeartRateBpm><Cadence>61</Cadence><Extensions><ns3:TPX><ns3:Speed>0.0</ns3:Speed></ns3:TPX></Extensions></Trackpoint><Trackpoint><Time>2026-01-07T22:47:17Z</Time><HeartRateBpm><Value>103</Value></HeartRateBpm><Cadence>61</Cadence><Extensions><ns3:TPX><ns3:Speed>0.0</ns3:Speed></ns3:TPX></Extensions></Trackpoint><Trackpoint><Time>2026-01-07T22:47:19Z</Time><HeartRateBpm><Value>104</Value></HeartRateBpm><Cadence>61</Cadence><Extensions><ns3:TPX><ns3:Speed>0.0</ns3:Speed></ns3:TPX></Extensions></Trackpoint><Trackpoint><Time>2026-01-07T22:47:22Z</Time><HeartRateBpm><Value>105</Value></HeartRateBpm><Cadence>61</Cadence><Extensions><ns3:TPX><ns3:Speed>0.0</ns3:Speed></ns3:TPX></Extensions></Trackpoint><Trackpoint><Time>2026-01-07T22:47:24Z</Time><HeartRateBpm><Value>106</Value></HeartRateBpm><Cadence>61</Cadence><Extensions><ns3:TPX><ns3:Speed>0.0</ns3:Speed></ns3:TPX></Extensions></Trackpoint><Trackpoint><Time>2026-01-07T22:47:25Z</Time><HeartRateBpm><Value>107</Value></HeartRateBpm><Cadence>61</Cadence><Extensions><ns3:TPX><ns3:Speed>0.0</ns3:Speed></ns3:TPX></Extensions></Trackpoint><Trackpoint><Time>2026-01-07T22:47:26Z</Time><HeartRateBpm><Value>109</Value></HeartRateBpm><Cadence>61</Cadence><Extensions><ns3:TPX><ns3:Speed>0.0</ns3:Speed></ns3:TPX></Extensions></Trackpoint><Trackpoint><Time>2026-01-07T22:47:31Z</Time><HeartRateBpm><Value>110</Value></HeartRateBpm><Cadence>61</Cadence><Extensions><ns3:TPX><ns3:Speed>0.0</ns3:Speed></ns3:TPX></Extensions></Trackpoint><Trackpoint><Time>2026-01-07T22:47:32Z</Time><HeartRateBpm><Value>109</Value></HeartRateBpm><Cadence>61</Cadence><Extensions><ns3:TPX><ns3:Speed>0.0</ns3:Speed></ns3:TPX></Extensions></Trackpoint><Trackpoint><Time>2026-01-07T22:47:36Z</Time><HeartRateBpm><Value>108</Value></HeartRateBpm><Cadence>61</Cadence><Extensions><ns3:TPX><ns3:Speed>0.0</ns3:Speed></ns3:TPX></Extensions></Trackpoint><Trackpoint><Time>2026-01-07T22:47:37Z</Time><HeartRateBpm><Value>106</Value></HeartRateBpm><Cadence>61</Cadence><Extensions><ns3:TPX><ns3:Speed>0.0</ns3:Speed></ns3:TPX></Extensions></Trackpoint><Trackpoint><Time>2026-01-07T22:47:38Z</Time><HeartRateBpm><Value>104</Value></HeartRateBpm><Cadence>61</Cadence><Extensions><ns3:TPX><ns3:Speed>0.0</ns3:Speed></ns3:TPX></Extensions></Trackpoint><Trackpoint><Time>2026-01-07T22:47:43Z</Time><HeartRateBpm><Value>104</Value></HeartRateBpm><Cadence>61</Cadence><Extensions><ns3:TPX><ns3:Speed>0.0</ns3:Speed></ns3:TPX></Extensions></Trackpoint><Trackpoint><Time>2026-01-07T22:47:44Z</Time><HeartRateBpm><Value>103</Value></HeartRateBpm><Cadence>61</Cadence><Extensions><ns3:TPX><ns3:Speed>0.0</ns3:Speed></ns3:TPX></Extensions></Trackpoint><Trackpoint><Time>2026-01-07T22:47:47Z</Time><HeartRateBpm><Value>102</Value></HeartRateBpm><Cadence>61</Cadence><Extensions><ns3:TPX><ns3:Speed>0.0</ns3:Speed></ns3:TPX></Extensions></Trackpoint><Trackpoint><Time>2026-01-07T22:47:48Z</Time><HeartRateBpm><Value>103</Value></HeartRateBpm><Cadence>61</Cadence><Extensions><ns3:TPX><ns3:Speed>0.0</ns3:Speed></ns3:TPX></Extensions></Trackpoint><Trackpoint><Time>2026-01-07T22:47:51Z</Time><HeartRateBpm><Value>104</Value></HeartRateBpm><Cadence>61</Cadence><Extensions><ns3:TPX><ns3:Speed>0.0</ns3:Speed></ns3:TPX></Extensions></Trackpoint><Trackpoint><Time>2026-01-07T22:47:56Z</Time><HeartRateBpm><Value>105</Value></HeartRateBpm><Cadence>61</Cadence><Extensions><ns3:TPX><ns3:Speed>0.0</ns3:Speed></ns3:TPX></Extensions></Trackpoint><Trackpoint><Time>2026-01-07T22:48:00Z</Time><HeartRateBpm><Value>103</Value></HeartRateBpm><Cadence>61</Cadence><Extensions><ns3:TPX><ns3:Speed>0.0</ns3:Speed></ns3:TPX></Extensions></Trackpoint><Trackpoint><Time>2026-01-07T22:48:01Z</Time><HeartRateBpm><Value>102</Value></HeartRateBpm><Cadence>61</Cadence><Extensions><ns3:TPX><ns3:Speed>0.0</ns3:Speed></ns3:TPX></Extensions></Trackpoint><Trackpoint><Time>2026-01-07T22:48:02Z</Time><HeartRateBpm><Value>101</Value></HeartRateBpm><Cadence>61</Cadence><Extensions><ns3:TPX><ns3:Speed>0.0</ns3:Speed></ns3:TPX></Extensions></Trackpoint><Trackpoint><Time>2026-01-07T22:48:03Z</Time><HeartRateBpm><Value>98</Value></HeartRateBpm><Cadence>61</Cadence><Extensions><ns3:TPX><ns3:Speed>0.0</ns3:Speed></ns3:TPX></Extensions></Trackpoint><Trackpoint><Time>2026-01-07T22:48:07Z</Time><HeartRateBpm><Value>99</Value></HeartRateBpm><Cadence>61</Cadence><Extensions><ns3:TPX><ns3:Speed>0.0</ns3:Speed></ns3:TPX></Extensions></Trackpoint><Trackpoint><Time>2026-01-07T22:48:09Z</Time><HeartRateBpm><Value>98</Value></HeartRateBpm><Cadence>61</Cadence><Extensions><ns3:TPX><ns3:Speed>0.0</ns3:Speed></ns3:TPX></Extensions></Trackpoint><Trackpoint><Time>2026-01-07T22:48:12Z</Time><HeartRateBpm><Value>97</Value></HeartRateBpm><Cadence>61</Cadence><Extensions><ns3:TPX><ns3:Speed>0.0</ns3:Speed></ns3:TPX></Extensions></Trackpoint><Trackpoint><Time>2026-01-07T22:48:14Z</Time><HeartRateBpm><Value>96</Value></HeartRateBpm><Cadence>61</Cadence><Extensions><ns3:TPX><ns3:Speed>0.0</ns3:Speed></ns3:TPX></Extensions></Trackpoint><Trackpoint><Time>2026-01-07T22:48:15Z</Time><HeartRateBpm><Value>95</Value></HeartRateBpm><Cadence>61</Cadence><Extensions><ns3:TPX><ns3:Speed>0.0</ns3:Speed></ns3:TPX></Extensions></Trackpoint><Trackpoint><Time>2026-01-07T22:48:20Z</Time><HeartRateBpm><Value>95</Value></HeartRateBpm><Cadence>61</Cadence><Extensions><ns3:TPX><ns3:Speed>0.0</ns3:Speed></ns3:TPX></Extensions></Trackpoint><Trackpoint><Time>2026-01-07T22:48:21Z</Time><HeartRateBpm><Value>93</Value></HeartRateBpm><Cadence>61</Cadence><Extensions><ns3:TPX><ns3:Speed>0.0</ns3:Speed></ns3:TPX></Extensions></Trackpoint><Trackpoint><Time>2026-01-07T22:48:23Z</Time><HeartRateBpm><Value>92</Value></HeartRateBpm><Cadence>61</Cadence><Extensions><ns3:TPX><ns3:Speed>0.0</ns3:Speed></ns3:TPX></Extensions></Trackpoint><Trackpoint><Time>2026-01-07T22:48:24Z</Time><HeartRateBpm><Value>91</Value></HeartRateBpm><Cadence>61</Cadence><Extensions><ns3:TPX><ns3:Speed>0.0</ns3:Speed></ns3:TPX></Extensions></Trackpoint><Trackpoint><Time>2026-01-07T22:48:30Z</Time><HeartRateBpm><Value>91</Value></HeartRateBpm><Cadence>61</Cadence><Extensions><ns3:TPX><ns3:Speed>0.0</ns3:Speed></ns3:TPX></Extensions></Trackpoint><Trackpoint><Time>2026-01-07T22:48:33Z</Time><HeartRateBpm><Value>92</Value></HeartRateBpm><Cadence>61</Cadence><Extensions><ns3:TPX><ns3:Speed>0.0</ns3:Speed></ns3:TPX></Extensions></Trackpoint><Trackpoint><Time>2026-01-07T22:48:38Z</Time><HeartRateBpm><Value>92</Value></HeartRateBpm><Cadence>61</Cadence><Extensions><ns3:TPX><ns3:Speed>0.0</ns3:Speed></ns3:TPX></Extensions></Trackpoint><Trackpoint><Time>2026-01-07T22:48:39Z</Time><HeartRateBpm><Value>93</Value></HeartRateBpm><Cadence>61</Cadence><Extensions><ns3:TPX><ns3:Speed>0.0</ns3:Speed></ns3:TPX></Extensions></Trackpoint><Trackpoint><Time>2026-01-07T22:48:40Z</Time><HeartRateBpm><Value>94</Value></HeartRateBpm><Cadence>61</Cadence><Extensions><ns3:TPX><ns3:Speed>0.0</ns3:Speed></ns3:TPX></Extensions></Trackpoint><Trackpoint><Time>2026-01-07T22:48:43Z</Time><HeartRateBpm><Value>93</Value></HeartRateBpm><Cadence>61</Cadence><Extensions><ns3:TPX><ns3:Speed>0.0</ns3:Speed></ns3:TPX></Extensions></Trackpoint><Trackpoint><Time>2026-01-07T22:48:48Z</Time><HeartRateBpm><Value>94</Value></HeartRateBpm><Cadence>61</Cadence><Extensions><ns3:TPX><ns3:Speed>0.0</ns3:Speed></ns3:TPX></Extensions></Trackpoint><Trackpoint><Time>2026-01-07T22:48:50Z</Time><HeartRateBpm><Value>95</Value></HeartRateBpm><Cadence>61</Cadence><Extensions><ns3:TPX><ns3:Speed>0.0</ns3:Speed></ns3:TPX></Extensions></Trackpoint><Trackpoint><Time>2026-01-07T22:48:51Z</Time><HeartRateBpm><Value>96</Value></HeartRateBpm><Cadence>61</Cadence><Extensions><ns3:TPX><ns3:Speed>0.0</ns3:Speed></ns3:TPX></Extensions></Trackpoint><Trackpoint><Time>2026-01-07T22:48:56Z</Time><HeartRateBpm><Value>96</Value></HeartRateBpm><Cadence>61</Cadence><Extensions><ns3:TPX><ns3:Speed>0.0</ns3:Speed></ns3:TPX></Extensions></Trackpoint><Trackpoint><Time>2026-01-07T22:49:01Z</Time><HeartRateBpm><Value>96</Value></HeartRateBpm><Cadence>61</Cadence><Extensions><ns3:TPX><ns3:Speed>0.0</ns3:Speed></ns3:TPX></Extensions></Trackpoint><Trackpoint><Time>2026-01-07T22:49:02Z</Time><HeartRateBpm><Value>95</Value></HeartRateBpm><Cadence>61</Cadence><Extensions><ns3:TPX><ns3:Speed>0.0</ns3:Speed></ns3:TPX></Extensions></Trackpoint><Trackpoint><Time>2026-01-07T22:49:03Z</Time><HeartRateBpm><Value>96</Value></HeartRateBpm><Cadence>61</Cadence><Extensions><ns3:TPX><ns3:Speed>0.0</ns3:Speed></ns3:TPX></Extensions></Trackpoint><Trackpoint><Time>2026-01-07T22:49:06Z</Time><HeartRateBpm><Value>95</Value></HeartRateBpm><Cadence>61</Cadence><Extensions><ns3:TPX><ns3:Speed>0.0</ns3:Speed></ns3:TPX></Extensions></Trackpoint><Trackpoint><Time>2026-01-07T22:49:08Z</Time><HeartRateBpm><Value>94</Value></HeartRateBpm><Cadence>61</Cadence><Extensions><ns3:TPX><ns3:Speed>0.0</ns3:Speed></ns3:TPX></Extensions></Trackpoint><Trackpoint><Time>2026-01-07T22:49:13Z</Time><HeartRateBpm><Value>94</Value></HeartRateBpm><Cadence>61</Cadence><Extensions><ns3:TPX><ns3:Speed>0.0</ns3:Speed></ns3:TPX></Extensions></Trackpoint><Trackpoint><Time>2026-01-07T22:49:15Z</Time><HeartRateBpm><Value>95</Value></HeartRateBpm><Cadence>61</Cadence><Extensions><ns3:TPX><ns3:Speed>0.0</ns3:Speed></ns3:TPX></Extensions></Trackpoint><Trackpoint><Time>2026-01-07T22:49:16Z</Time><HeartRateBpm><Value>97</Value></HeartRateBpm><Cadence>61</Cadence><Extensions><ns3:TPX><ns3:Speed>0.0</ns3:Speed></ns3:TPX></Extensions></Trackpoint><Trackpoint><Time>2026-01-07T22:49:18Z</Time><HeartRateBpm><Value>98</Value></HeartRateBpm><Cadence>61</Cadence><Extensions><ns3:TPX><ns3:Speed>0.0</ns3:Speed></ns3:TPX></Extensions></Trackpoint><Trackpoint><Time>2026-01-07T22:49:19Z</Time><HeartRateBpm><Value>99</Value></HeartRateBpm><Cadence>61</Cadence><Extensions><ns3:TPX><ns3:Speed>0.0</ns3:Speed></ns3:TPX></Extensions></Trackpoint><Trackpoint><Time>2026-01-07T22:49:20Z</Time><HeartRateBpm><Value>101</Value></HeartRateBpm><Cadence>61</Cadence><Extensions><ns3:TPX><ns3:Speed>0.0</ns3:Speed></ns3:TPX></Extensions></Trackpoint><Trackpoint><Time>2026-01-07T22:49:21Z</Time><HeartRateBpm><Value>102</Value></HeartRateBpm><Cadence>61</Cadence><Extensions><ns3:TPX><ns3:Speed>0.0</ns3:Speed></ns3:TPX></Extensions></Trackpoint><Trackpoint><Time>2026-01-07T22:49:22Z</Time><HeartRateBpm><Value>103</Value></HeartRateBpm><Cadence>61</Cadence><Extensions><ns3:TPX><ns3:Speed>0.0</ns3:Speed></ns3:TPX></Extensions></Trackpoint><Trackpoint><Time>2026-01-07T22:49:27Z</Time><HeartRateBpm><Value>103</Value></HeartRateBpm><Cadence>61</Cadence><Extensions><ns3:TPX><ns3:Speed>0.0</ns3:Speed></ns3:TPX></Extensions></Trackpoint><Trackpoint><Time>2026-01-07T22:49:30Z</Time><HeartRateBpm><Value>101</Value></HeartRateBpm><Cadence>61</Cadence><Extensions><ns3:TPX><ns3:Speed>0.0</ns3:Speed></ns3:TPX></Extensions></Trackpoint><Trackpoint><Time>2026-01-07T22:49:31Z</Time><HeartRateBpm><Value>100</Value></HeartRateBpm><Cadence>61</Cadence><Extensions><ns3:TPX><ns3:Speed>0.0</ns3:Speed></ns3:TPX></Extensions></Trackpoint><Trackpoint><Time>2026-01-07T22:49:32Z</Time><HeartRateBpm><Value>99</Value></HeartRateBpm><Cadence>61</Cadence><Extensions><ns3:TPX><ns3:Speed>0.0</ns3:Speed></ns3:TPX></Extensions></Trackpoint><Trackpoint><Time>2026-01-07T22:49:34Z</Time><HeartRateBpm><Value>98</Value></HeartRateBpm><Cadence>61</Cadence><Extensions><ns3:TPX><ns3:Speed>0.0</ns3:Speed></ns3:TPX></Extensions></Trackpoint><Trackpoint><Time>2026-01-07T22:49:39Z</Time><HeartRateBpm><Value>99</Value></HeartRateBpm><Cadence>61</Cadence><Extensions><ns3:TPX><ns3:Speed>0.0</ns3:Speed></ns3:TPX></Extensions></Trackpoint><Trackpoint><Time>2026-01-07T22:49:44Z</Time><HeartRateBpm><Value>99</Value></HeartRateBpm><Cadence>61</Cadence><Extensions><ns3:TPX><ns3:Speed>0.0</ns3:Speed></ns3:TPX></Extensions></Trackpoint><Trackpoint><Time>2026-01-07T22:49:45Z</Time><HeartRateBpm><Value>98</Value></HeartRateBpm><Cadence>61</Cadence><Extensions><ns3:TPX><ns3:Speed>0.0</ns3:Speed></ns3:TPX></Extensions></Trackpoint><Trackpoint><Time>2026-01-07T22:49:47Z</Time><HeartRateBpm><Value>97</Value></HeartRateBpm><Cadence>61</Cadence><Extensions><ns3:TPX><ns3:Speed>0.0</ns3:Speed></ns3:TPX></Extensions></Trackpoint><Trackpoint><Time>2026-01-07T22:49:49Z</Time><HeartRateBpm><Value>96</Value></HeartRateBpm><Cadence>61</Cadence><Extensions><ns3:TPX><ns3:Speed>0.0</ns3:Speed></ns3:TPX></Extensions></Trackpoint><Trackpoint><Time>2026-01-07T22:49:50Z</Time><HeartRateBpm><Value>95</Value></HeartRateBpm><Cadence>61</Cadence><Extensions><ns3:TPX><ns3:Speed>0.0</ns3:Speed></ns3:TPX></Extensions></Trackpoint><Trackpoint><Time>2026-01-07T22:49:51Z</Time><HeartRateBpm><Value>94</Value></HeartRateBpm><Cadence>61</Cadence><Extensions><ns3:TPX><ns3:Speed>0.0</ns3:Speed></ns3:TPX></Extensions></Trackpoint><Trackpoint><Time>2026-01-07T22:49:52Z</Time><HeartRateBpm><Value>95</Value></HeartRateBpm><Cadence>61</Cadence><Extensions><ns3:TPX><ns3:Speed>0.0</ns3:Speed></ns3:TPX></Extensions></Trackpoint><Trackpoint><Time>2026-01-07T22:49:54Z</Time><HeartRateBpm><Value>96</Value></HeartRateBpm><Cadence>61</Cadence><Extensions><ns3:TPX><ns3:Speed>0.0</ns3:Speed></ns3:TPX></Extensions></Trackpoint><Trackpoint><Time>2026-01-07T22:49:56Z</Time><HeartRateBpm><Value>97</Value></HeartRateBpm><Cadence>61</Cadence><Extensions><ns3:TPX><ns3:Speed>0.0</ns3:Speed></ns3:TPX></Extensions></Trackpoint><Trackpoint><Time>2026-01-07T22:49:58Z</Time><HeartRateBpm><Value>98</Value></HeartRateBpm><Cadence>61</Cadence><Extensions><ns3:TPX><ns3:Speed>0.0</ns3:Speed></ns3:TPX></Extensions></Trackpoint><Trackpoint><Time>2026-01-07T22:50:01Z</Time><HeartRateBpm><Value>97</Value></HeartRateBpm><Cadence>61</Cadence><Extensions><ns3:TPX><ns3:Speed>0.0</ns3:Speed></ns3:TPX></Extensions></Trackpoint><Trackpoint><Time>2026-01-07T22:50:04Z</Time><HeartRateBpm><Value>96</Value></HeartRateBpm><Cadence>61</Cadence><Extensions><ns3:TPX><ns3:Speed>0.0</ns3:Speed></ns3:TPX></Extensions></Trackpoint><Trackpoint><Time>2026-01-07T22:50:07Z</Time><HeartRateBpm><Value>97</Value></HeartRateBpm><Cadence>61</Cadence><Extensions><ns3:TPX><ns3:Speed>0.0</ns3:Speed></ns3:TPX></Extensions></Trackpoint><Trackpoint><Time>2026-01-07T22:50:08Z</Time><HeartRateBpm><Value>98</Value></HeartRateBpm><Cadence>61</Cadence><Extensions><ns3:TPX><ns3:Speed>0.0</ns3:Speed></ns3:TPX></Extensions></Trackpoint><Trackpoint><Time>2026-01-07T22:50:09Z</Time><HeartRateBpm><Value>99</Value></HeartRateBpm><Cadence>61</Cadence><Extensions><ns3:TPX><ns3:Speed>0.0</ns3:Speed></ns3:TPX></Extensions></Trackpoint><Trackpoint><Time>2026-01-07T22:50:14Z</Time><HeartRateBpm><Value>100</Value></HeartRateBpm><Cadence>61</Cadence><Extensions><ns3:TPX><ns3:Speed>0.0</ns3:Speed></ns3:TPX></Extensions></Trackpoint><Trackpoint><Time>2026-01-07T22:50:15Z</Time><HeartRateBpm><Value>101</Value></HeartRateBpm><Cadence>61</Cadence><Extensions><ns3:TPX><ns3:Speed>0.0</ns3:Speed></ns3:TPX></Extensions></Trackpoint><Trackpoint><Time>2026-01-07T22:50:16Z</Time><HeartRateBpm><Value>100</Value></HeartRateBpm><Cadence>61</Cadence><Extensions><ns3:TPX><ns3:Speed>0.0</ns3:Speed></ns3:TPX></Extensions></Trackpoint><Trackpoint><Time>2026-01-07T22:50:21Z</Time><HeartRateBpm><Value>100</Value></HeartRateBpm><Cadence>61</Cadence><Extensions><ns3:TPX><ns3:Speed>0.0</ns3:Speed></ns3:TPX></Extensions></Trackpoint><Trackpoint><Time>2026-01-07T22:50:22Z</Time><HeartRateBpm><Value>102</Value></HeartRateBpm><Cadence>61</Cadence><Extensions><ns3:TPX><ns3:Speed>0.0</ns3:Speed></ns3:TPX></Extensions></Trackpoint><Trackpoint><Time>2026-01-07T22:50:23Z</Time><HeartRateBpm><Value>103</Value></HeartRateBpm><Cadence>61</Cadence><Extensions><ns3:TPX><ns3:Speed>0.0</ns3:Speed></ns3:TPX></Extensions></Trackpoint><Trackpoint><Time>2026-01-07T22:50:25Z</Time><HeartRateBpm><Value>104</Value></HeartRateBpm><Cadence>61</Cadence><Extensions><ns3:TPX><ns3:Speed>0.0</ns3:Speed></ns3:TPX></Extensions></Trackpoint><Trackpoint><Time>2026-01-07T22:50:26Z</Time><HeartRateBpm><Value>106</Value></HeartRateBpm><Cadence>61</Cadence><Extensions><ns3:TPX><ns3:Speed>0.0</ns3:Speed></ns3:TPX></Extensions></Trackpoint><Trackpoint><Time>2026-01-07T22:50:28Z</Time><HeartRateBpm><Value>107</Value></HeartRateBpm><Cadence>61</Cadence><Extensions><ns3:TPX><ns3:Speed>0.0</ns3:Speed></ns3:TPX></Extensions></Trackpoint><Trackpoint><Time>2026-01-07T22:50:33Z</Time><HeartRateBpm><Value>108</Value></HeartRateBpm><Cadence>61</Cadence><Extensions><ns3:TPX><ns3:Speed>0.0</ns3:Speed></ns3:TPX></Extensions></Trackpoint><Trackpoint><Time>2026-01-07T22:50:34Z</Time><HeartRateBpm><Value>109</Value></HeartRateBpm><Cadence>61</Cadence><Extensions><ns3:TPX><ns3:Speed>0.0</ns3:Speed></ns3:TPX></Extensions></Trackpoint><Trackpoint><Time>2026-01-07T22:50:35Z</Time><HeartRateBpm><Value>112</Value></HeartRateBpm><Cadence>61</Cadence><Extensions><ns3:TPX><ns3:Speed>0.0</ns3:Speed></ns3:TPX></Extensions></Trackpoint><Trackpoint><Time>2026-01-07T22:50:37Z</Time><HeartRateBpm><Value>115</Value></HeartRateBpm><Cadence>61</Cadence><Extensions><ns3:TPX><ns3:Speed>0.0</ns3:Speed></ns3:TPX></Extensions></Trackpoint><Trackpoint><Time>2026-01-07T22:50:38Z</Time><HeartRateBpm><Value>107</Value></HeartRateBpm><Cadence>61</Cadence><Extensions><ns3:TPX><ns3:Speed>0.0</ns3:Speed></ns3:TPX></Extensions></Trackpoint><Trackpoint><Time>2026-01-07T22:50:39Z</Time><HeartRateBpm><Value>114</Value></HeartRateBpm><Cadence>61</Cadence><Extensions><ns3:TPX><ns3:Speed>0.0</ns3:Speed></ns3:TPX></Extensions></Trackpoint><Trackpoint><Time>2026-01-07T22:50:40Z</Time><HeartRateBpm><Value>110</Value></HeartRateBpm><Cadence>61</Cadence><Extensions><ns3:TPX><ns3:Speed>0.0</ns3:Speed></ns3:TPX></Extensions></Trackpoint><Trackpoint><Time>2026-01-07T22:50:41Z</Time><HeartRateBpm><Value>107</Value></HeartRateBpm><Cadence>61</Cadence><Extensions><ns3:TPX><ns3:Speed>0.0</ns3:Speed></ns3:TPX></Extensions></Trackpoint><Trackpoint><Time>2026-01-07T22:50:46Z</Time><HeartRateBpm><Value>107</Value></HeartRateBpm><Cadence>61</Cadence><Extensions><ns3:TPX><ns3:Speed>0.0</ns3:Speed></ns3:TPX></Extensions></Trackpoint><Trackpoint><Time>2026-01-07T22:50:47Z</Time><HeartRateBpm><Value>108</Value></HeartRateBpm><Cadence>61</Cadence><Extensions><ns3:TPX><ns3:Speed>0.0</ns3:Speed></ns3:TPX></Extensions></Trackpoint><Trackpoint><Time>2026-01-07T22:50:52Z</Time><HeartRateBpm><Value>108</Value></HeartRateBpm><Cadence>61</Cadence><Extensions><ns3:TPX><ns3:Speed>0.0</ns3:Speed></ns3:TPX></Extensions></Trackpoint><Trackpoint><Time>2026-01-07T22:50:56Z</Time><HeartRateBpm><Value>109</Value></HeartRateBpm><Cadence>61</Cadence><Extensions><ns3:TPX><ns3:Speed>0.0</ns3:Speed></ns3:TPX></Extensions></Trackpoint><Trackpoint><Time>2026-01-07T22:50:58Z</Time><HeartRateBpm><Value>110</Value></HeartRateBpm><Cadence>61</Cadence><Extensions><ns3:TPX><ns3:Speed>0.0</ns3:Speed></ns3:TPX></Extensions></Trackpoint><Trackpoint><Time>2026-01-07T22:50:59Z</Time><HeartRateBpm><Value>109</Value></HeartRateBpm><Cadence>61</Cadence><Extensions><ns3:TPX><ns3:Speed>0.0</ns3:Speed></ns3:TPX></Extensions></Trackpoint><Trackpoint><Time>2026-01-07T22:51:04Z</Time><HeartRateBpm><Value>109</Value></HeartRateBpm><Cadence>61</Cadence><Extensions><ns3:TPX><ns3:Speed>0.0</ns3:Speed></ns3:TPX></Extensions></Trackpoint><Trackpoint><Time>2026-01-07T22:51:05Z</Time><HeartRateBpm><Value>110</Value></HeartRateBpm><Cadence>61</Cadence><Extensions><ns3:TPX><ns3:Speed>0.0</ns3:Speed></ns3:TPX></Extensions></Trackpoint><Trackpoint><Time>2026-01-07T22:51:06Z</Time><HeartRateBpm><Value>111</Value></HeartRateBpm><Cadence>61</Cadence><Extensions><ns3:TPX><ns3:Speed>0.0</ns3:Speed></ns3:TPX></Extensions></Trackpoint><Trackpoint><Time>2026-01-07T22:51:11Z</Time><HeartRateBpm><Value>111</Value></HeartRateBpm><Cadence>61</Cadence><Extensions><ns3:TPX><ns3:Speed>0.0</ns3:Speed></ns3:TPX></Extensions></Trackpoint><Trackpoint><Time>2026-01-07T22:51:16Z</Time><HeartRateBpm><Value>111</Value></HeartRateBpm><Cadence>61</Cadence><Extensions><ns3:TPX><ns3:Speed>0.0</ns3:Speed></ns3:TPX></Extensions></Trackpoint><Trackpoint><Time>2026-01-07T22:51:17Z</Time><HeartRateBpm><Value>113</Value></HeartRateBpm><Cadence>61</Cadence><Extensions><ns3:TPX><ns3:Speed>0.0</ns3:Speed></ns3:TPX></Extensions></Trackpoint><Trackpoint><Time>2026-01-07T22:51:18Z</Time><HeartRateBpm><Value>114</Value></HeartRateBpm><Cadence>61</Cadence><Extensions><ns3:TPX><ns3:Speed>0.0</ns3:Speed></ns3:TPX></Extensions></Trackpoint><Trackpoint><Time>2026-01-07T22:51:21Z</Time><HeartRateBpm><Value>115</Value></HeartRateBpm><Cadence>61</Cadence><Extensions><ns3:TPX><ns3:Speed>0.0</ns3:Speed></ns3:TPX></Extensions></Trackpoint><Trackpoint><Time>2026-01-07T22:51:23Z</Time><HeartRateBpm><Value>114</Value></HeartRateBpm><Cadence>61</Cadence><Extensions><ns3:TPX><ns3:Speed>0.0</ns3:Speed></ns3:TPX></Extensions></Trackpoint><Trackpoint><Time>2026-01-07T22:51:27Z</Time><HeartRateBpm><Value>113</Value></HeartRateBpm><Cadence>61</Cadence><Extensions><ns3:TPX><ns3:Speed>0.0</ns3:Speed></ns3:TPX></Extensions></Trackpoint><Trackpoint><Time>2026-01-07T22:51:28Z</Time><HeartRateBpm><Value>112</Value></HeartRateBpm><Cadence>61</Cadence><Extensions><ns3:TPX><ns3:Speed>0.0</ns3:Speed></ns3:TPX></Extensions></Trackpoint><Trackpoint><Time>2026-01-07T22:51:29Z</Time><HeartRateBpm><Value>110</Value></HeartRateBpm><Cadence>61</Cadence><Extensions><ns3:TPX><ns3:Speed>0.0</ns3:Speed></ns3:TPX></Extensions></Trackpoint><Trackpoint><Time>2026-01-07T22:51:30Z</Time><HeartRateBpm><Value>109</Value></HeartRateBpm><Cadence>61</Cadence><Extensions><ns3:TPX><ns3:Speed>0.0</ns3:Speed></ns3:TPX></Extensions></Trackpoint><Trackpoint><Time>2026-01-07T22:51:34Z</Time><HeartRateBpm><Value>111</Value></HeartRateBpm><Cadence>61</Cadence><Extensions><ns3:TPX><ns3:Speed>0.0</ns3:Speed></ns3:TPX></Extensions></Trackpoint><Trackpoint><Time>2026-01-07T22:51:35Z</Time><HeartRateBpm><Value>112</Value></HeartRateBpm><Cadence>61</Cadence><Extensions><ns3:TPX><ns3:Speed>0.0</ns3:Speed></ns3:TPX></Extensions></Trackpoint><Trackpoint><Time>2026-01-07T22:51:40Z</Time><HeartRateBpm><Value>112</Value></HeartRateBpm><Cadence>61</Cadence><Extensions><ns3:TPX><ns3:Speed>0.0</ns3:Speed></ns3:TPX></Extensions></Trackpoint><Trackpoint><Time>2026-01-07T22:51:41Z</Time><HeartRateBpm><Value>111</Value></HeartRateBpm><Cadence>61</Cadence><Extensions><ns3:TPX><ns3:Speed>0.0</ns3:Speed></ns3:TPX></Extensions></Trackpoint><Trackpoint><Time>2026-01-07T22:51:44Z</Time><HeartRateBpm><Value>112</Value></HeartRateBpm><Cadence>61</Cadence><Extensions><ns3:TPX><ns3:Speed>0.0</ns3:Speed></ns3:TPX></Extensions></Trackpoint><Trackpoint><Time>2026-01-07T22:51:48Z</Time><HeartRateBpm><Value>113</Value></HeartRateBpm><Cadence>61</Cadence><Extensions><ns3:TPX><ns3:Speed>0.0</ns3:Speed></ns3:TPX></Extensions></Trackpoint><Trackpoint><Time>2026-01-07T22:51:51Z</Time><HeartRateBpm><Value>114</Value></HeartRateBpm><Cadence>61</Cadence><Extensions><ns3:TPX><ns3:Speed>0.0</ns3:Speed></ns3:TPX></Extensions></Trackpoint><Trackpoint><Time>2026-01-07T22:51:53Z</Time><HeartRateBpm><Value>112</Value></HeartRateBpm><Cadence>61</Cadence><Extensions><ns3:TPX><ns3:Speed>0.0</ns3:Speed></ns3:TPX></Extensions></Trackpoint><Trackpoint><Time>2026-01-07T22:51:58Z</Time><HeartRateBpm><Value>112</Value></HeartRateBpm><Cadence>61</Cadence><Extensions><ns3:TPX><ns3:Speed>0.0</ns3:Speed></ns3:TPX></Extensions></Trackpoint><Trackpoint><Time>2026-01-07T22:51:59Z</Time><HeartRateBpm><Value>113</Value></HeartRateBpm><Cadence>61</Cadence><Extensions><ns3:TPX><ns3:Speed>0.0</ns3:Speed></ns3:TPX></Extensions></Trackpoint><Trackpoint><Time>2026-01-07T22:52:03Z</Time><HeartRateBpm><Value>112</Value></HeartRateBpm><Cadence>61</Cadence><Extensions><ns3:TPX><ns3:Speed>0.0</ns3:Speed></ns3:TPX></Extensions></Trackpoint><Trackpoint><Time>2026-01-07T22:52:04Z</Time><HeartRateBpm><Value>113</Value></HeartRateBpm><Cadence>61</Cadence><Extensions><ns3:TPX><ns3:Speed>0.0</ns3:Speed></ns3:TPX></Extensions></Trackpoint><Trackpoint><Time>2026-01-07T22:52:05Z</Time><HeartRateBpm><Value>114</Value></HeartRateBpm><Cadence>61</Cadence><Extensions><ns3:TPX><ns3:Speed>0.0</ns3:Speed></ns3:TPX></Extensions></Trackpoint><Trackpoint><Time>2026-01-07T22:52:07Z</Time><HeartRateBpm><Value>116</Value></HeartRateBpm><Cadence>61</Cadence><Extensions><ns3:TPX><ns3:Speed>0.0</ns3:Speed></ns3:TPX></Extensions></Trackpoint><Trackpoint><Time>2026-01-07T22:52:09Z</Time><HeartRateBpm><Value>118</Value></HeartRateBpm><Cadence>61</Cadence><Extensions><ns3:TPX><ns3:Speed>0.0</ns3:Speed></ns3:TPX></Extensions></Trackpoint><Trackpoint><Time>2026-01-07T22:52:10Z</Time><HeartRateBpm><Value>119</Value></HeartRateBpm><Cadence>61</Cadence><Extensions><ns3:TPX><ns3:Speed>0.0</ns3:Speed></ns3:TPX></Extensions></Trackpoint><Trackpoint><Time>2026-01-07T22:52:12Z</Time><HeartRateBpm><Value>122</Value></HeartRateBpm><Cadence>61</Cadence><Extensions><ns3:TPX><ns3:Speed>0.0</ns3:Speed></ns3:TPX></Extensions></Trackpoint><Trackpoint><Time>2026-01-07T22:52:13Z</Time><HeartRateBpm><Value>123</Value></HeartRateBpm><Cadence>61</Cadence><Extensions><ns3:TPX><ns3:Speed>0.0</ns3:Speed></ns3:TPX></Extensions></Trackpoint><Trackpoint><Time>2026-01-07T22:52:15Z</Time><HeartRateBpm><Value>124</Value></HeartRateBpm><Cadence>61</Cadence><Extensions><ns3:TPX><ns3:Speed>0.0</ns3:Speed></ns3:TPX></Extensions></Trackpoint><Trackpoint><Time>2026-01-07T22:52:16Z</Time><HeartRateBpm><Value>119</Value></HeartRateBpm><Cadence>61</Cadence><Extensions><ns3:TPX><ns3:Speed>0.0</ns3:Speed></ns3:TPX></Extensions></Trackpoint><Trackpoint><Time>2026-01-07T22:52:17Z</Time><HeartRateBpm><Value>122</Value></HeartRateBpm><Cadence>61</Cadence><Extensions><ns3:TPX><ns3:Speed>0.0</ns3:Speed></ns3:TPX></Extensions></Trackpoint><Trackpoint><Time>2026-01-07T22:52:18Z</Time><HeartRateBpm><Value>119</Value></HeartRateBpm><Cadence>61</Cadence><Extensions><ns3:TPX><ns3:Speed>0.0</ns3:Speed></ns3:TPX></Extensions></Trackpoint><Trackpoint><Time>2026-01-07T22:52:21Z</Time><HeartRateBpm><Value>118</Value></HeartRateBpm><Cadence>61</Cadence><Extensions><ns3:TPX><ns3:Speed>0.0</ns3:Speed></ns3:TPX></Extensions></Trackpoint><Trackpoint><Time>2026-01-07T22:52:22Z</Time><HeartRateBpm><Value>117</Value></HeartRateBpm><Cadence>61</Cadence><Extensions><ns3:TPX><ns3:Speed>0.0</ns3:Speed></ns3:TPX></Extensions></Trackpoint><Trackpoint><Time>2026-01-07T22:52:25Z</Time><HeartRateBpm><Value>116</Value></HeartRateBpm><Cadence>61</Cadence><Extensions><ns3:TPX><ns3:Speed>0.0</ns3:Speed></ns3:TPX></Extensions></Trackpoint><Trackpoint><Time>2026-01-07T22:52:27Z</Time><HeartRateBpm><Value>117</Value></HeartRateBpm><Cadence>61</Cadence><Extensions><ns3:TPX><ns3:Speed>0.0</ns3:Speed></ns3:TPX></Extensions></Trackpoint><Trackpoint><Time>2026-01-07T22:52:28Z</Time><HeartRateBpm><Value>119</Value></HeartRateBpm><Cadence>61</Cadence><Extensions><ns3:TPX><ns3:Speed>0.0</ns3:Speed></ns3:TPX></Extensions></Trackpoint><Trackpoint><Time>2026-01-07T22:52:33Z</Time><HeartRateBpm><Value>119</Value></HeartRateBpm><Cadence>61</Cadence><Extensions><ns3:TPX><ns3:Speed>0.0</ns3:Speed></ns3:TPX></Extensions></Trackpoint><Trackpoint><Time>2026-01-07T22:52:39Z</Time><HeartRateBpm><Value>119</Value></HeartRateBpm><Cadence>61</Cadence><Extensions><ns3:TPX><ns3:Speed>0.0</ns3:Speed></ns3:TPX></Extensions></Trackpoint><Trackpoint><Time>2026-01-07T22:52:40Z</Time><HeartRateBpm><Value>118</Value></HeartRateBpm><Cadence>61</Cadence><Extensions><ns3:TPX><ns3:Speed>0.0</ns3:Speed></ns3:TPX></Extensions></Trackpoint><Trackpoint><Time>2026-01-07T22:52:42Z</Time><HeartRateBpm><Value>117</Value></HeartRateBpm><Cadence>61</Cadence><Extensions><ns3:TPX><ns3:Speed>0.0</ns3:Speed></ns3:TPX></Extensions></Trackpoint><Trackpoint><Time>2026-01-07T22:52:43Z</Time><HeartRateBpm><Value>116</Value></HeartRateBpm><Cadence>61</Cadence><Extensions><ns3:TPX><ns3:Speed>0.0</ns3:Speed></ns3:TPX></Extensions></Trackpoint><Trackpoint><Time>2026-01-07T22:52:47Z</Time><HeartRateBpm><Value>115</Value></HeartRateBpm><Cadence>61</Cadence><Extensions><ns3:TPX><ns3:Speed>0.0</ns3:Speed></ns3:TPX></Extensions></Trackpoint><Trackpoint><Time>2026-01-07T22:52:49Z</Time><HeartRateBpm><Value>114</Value></HeartRateBpm><Cadence>61</Cadence><Extensions><ns3:TPX><ns3:Speed>0.0</ns3:Speed></ns3:TPX></Extensions></Trackpoint><Trackpoint><Time>2026-01-07T22:52:51Z</Time><HeartRateBpm><Value>112</Value></HeartRateBpm><Cadence>61</Cadence><Extensions><ns3:TPX><ns3:Speed>0.0</ns3:Speed></ns3:TPX></Extensions></Trackpoint><Trackpoint><Time>2026-01-07T22:52:53Z</Time><HeartRateBpm><Value>111</Value></HeartRateBpm><Cadence>61</Cadence><Extensions><ns3:TPX><ns3:Speed>0.0</ns3:Speed></ns3:TPX></Extensions></Trackpoint><Trackpoint><Time>2026-01-07T22:52:58Z</Time><HeartRateBpm><Value>112</Value></HeartRateBpm><Cadence>61</Cadence><Extensions><ns3:TPX><ns3:Speed>0.0</ns3:Speed></ns3:TPX></Extensions></Trackpoint><Trackpoint><Time>2026-01-07T22:53:01Z</Time><HeartRateBpm><Value>113</Value></HeartRateBpm><Cadence>61</Cadence><Extensions><ns3:TPX><ns3:Speed>0.0</ns3:Speed></ns3:TPX></Extensions></Trackpoint><Trackpoint><Time>2026-01-07T22:53:06Z</Time><HeartRateBpm><Value>113</Value></HeartRateBpm><Cadence>61</Cadence><Extensions><ns3:TPX><ns3:Speed>0.0</ns3:Speed></ns3:TPX></Extensions></Trackpoint><Trackpoint><Time>2026-01-07T22:53:11Z</Time><HeartRateBpm><Value>113</Value></HeartRateBpm><Cadence>61</Cadence><Extensions><ns3:TPX><ns3:Speed>0.0</ns3:Speed></ns3:TPX></Extensions></Trackpoint><Trackpoint><Time>2026-01-07T22:53:14Z</Time><HeartRateBpm><Value>114</Value></HeartRateBpm><Cadence>61</Cadence><Extensions><ns3:TPX><ns3:Speed>0.0</ns3:Speed></ns3:TPX></Extensions></Trackpoint><Trackpoint><Time>2026-01-07T22:53:16Z</Time><HeartRateBpm><Value>115</Value></HeartRateBpm><Cadence>61</Cadence><Extensions><ns3:TPX><ns3:Speed>0.0</ns3:Speed></ns3:TPX></Extensions></Trackpoint><Trackpoint><Time>2026-01-07T22:53:22Z</Time><HeartRateBpm><Value>115</Value></HeartRateBpm><Cadence>61</Cadence><Extensions><ns3:TPX><ns3:Speed>0.0</ns3:Speed></ns3:TPX></Extensions></Trackpoint><Trackpoint><Time>2026-01-07T22:53:23Z</Time><HeartRateBpm><Value>114</Value></HeartRateBpm><Cadence>61</Cadence><Extensions><ns3:TPX><ns3:Speed>0.0</ns3:Speed></ns3:TPX></Extensions></Trackpoint><Trackpoint><Time>2026-01-07T22:53:25Z</Time><HeartRateBpm><Value>115</Value></HeartRateBpm><Cadence>61</Cadence><Extensions><ns3:TPX><ns3:Speed>0.0</ns3:Speed></ns3:TPX></Extensions></Trackpoint><Trackpoint><Time>2026-01-07T22:53:28Z</Time><HeartRateBpm><Value>116</Value></HeartRateBpm><Cadence>61</Cadence><Extensions><ns3:TPX><ns3:Speed>0.0</ns3:Speed></ns3:TPX></Extensions></Trackpoint><Trackpoint><Time>2026-01-07T22:53:34Z</Time><HeartRateBpm><Value>116</Value></HeartRateBpm><Cadence>61</Cadence><Extensions><ns3:TPX><ns3:Speed>0.0</ns3:Speed></ns3:TPX></Extensions></Trackpoint><Trackpoint><Time>2026-01-07T22:53:36Z</Time><HeartRateBpm><Value>117</Value></HeartRateBpm><Cadence>61</Cadence><Extensions><ns3:TPX><ns3:Speed>0.0</ns3:Speed></ns3:TPX></Extensions></Trackpoint><Trackpoint><Time>2026-01-07T22:53:37Z</Time><HeartRateBpm><Value>116</Value></HeartRateBpm><Cadence>61</Cadence><Extensions><ns3:TPX><ns3:Speed>0.0</ns3:Speed></ns3:TPX></Extensions></Trackpoint><Trackpoint><Time>2026-01-07T22:53:38Z</Time><HeartRateBpm><Value>117</Value></HeartRateBpm><Cadence>61</Cadence><Extensions><ns3:TPX><ns3:Speed>0.0</ns3:Speed></ns3:TPX></Extensions></Trackpoint><Trackpoint><Time>2026-01-07T22:53:41Z</Time><HeartRateBpm><Value>118</Value></HeartRateBpm><Cadence>61</Cadence><Extensions><ns3:TPX><ns3:Speed>0.0</ns3:Speed></ns3:TPX></Extensions></Trackpoint><Trackpoint><Time>2026-01-07T22:53:43Z</Time><HeartRateBpm><Value>117</Value></HeartRateBpm><Cadence>61</Cadence><Extensions><ns3:TPX><ns3:Speed>0.0</ns3:Speed></ns3:TPX></Extensions></Trackpoint><Trackpoint><Time>2026-01-07T22:53:44Z</Time><HeartRateBpm><Value>115</Value></HeartRateBpm><Cadence>61</Cadence><Extensions><ns3:TPX><ns3:Speed>0.0</ns3:Speed></ns3:TPX></Extensions></Trackpoint><Trackpoint><Time>2026-01-07T22:53:47Z</Time><HeartRateBpm><Value>114</Value></HeartRateBpm><Cadence>61</Cadence><Extensions><ns3:TPX><ns3:Speed>0.0</ns3:Speed></ns3:TPX></Extensions></Trackpoint><Trackpoint><Time>2026-01-07T22:53:48Z</Time><HeartRateBpm><Value>113</Value></HeartRateBpm><Cadence>61</Cadence><Extensions><ns3:TPX><ns3:Speed>0.0</ns3:Speed></ns3:TPX></Extensions></Trackpoint><Trackpoint><Time>2026-01-07T22:53:53Z</Time><HeartRateBpm><Value>113</Value></HeartRateBpm><Cadence>61</Cadence><Extensions><ns3:TPX><ns3:Speed>0.0</ns3:Speed></ns3:TPX></Extensions></Trackpoint><Trackpoint><Time>2026-01-07T22:53:55Z</Time><HeartRateBpm><Value>112</Value></HeartRateBpm><Cadence>61</Cadence><Extensions><ns3:TPX><ns3:Speed>0.0</ns3:Speed></ns3:TPX></Extensions></Trackpoint><Trackpoint><Time>2026-01-07T22:53:58Z</Time><HeartRateBpm><Value>113</Value></HeartRateBpm><Cadence>61</Cadence><Extensions><ns3:TPX><ns3:Speed>0.0</ns3:Speed></ns3:TPX></Extensions></Trackpoint><Trackpoint><Time>2026-01-07T22:53:59Z</Time><HeartRateBpm><Value>112</Value></HeartRateBpm><Cadence>61</Cadence><Extensions><ns3:TPX><ns3:Speed>0.0</ns3:Speed></ns3:TPX></Extensions></Trackpoint><Trackpoint><Time>2026-01-07T22:54:00Z</Time><HeartRateBpm><Value>111</Value></HeartRateBpm><Cadence>61</Cadence><Extensions><ns3:TPX><ns3:Speed>0.0</ns3:Speed></ns3:TPX></Extensions></Trackpoint><Trackpoint><Time>2026-01-07T22:54:01Z</Time><HeartRateBpm><Value>110</Value></HeartRateBpm><Cadence>61</Cadence><Extensions><ns3:TPX><ns3:Speed>0.0</ns3:Speed></ns3:TPX></Extensions></Trackpoint><Trackpoint><Time>2026-01-07T22:54:03Z</Time><HeartRateBpm><Value>111</Value></HeartRateBpm><Cadence>61</Cadence><Extensions><ns3:TPX><ns3:Speed>0.0</ns3:Speed></ns3:TPX></Extensions></Trackpoint><Trackpoint><Time>2026-01-07T22:54:04Z</Time><HeartRateBpm><Value>112</Value></HeartRateBpm><Cadence>61</Cadence><Extensions><ns3:TPX><ns3:Speed>0.0</ns3:Speed></ns3:TPX></Extensions></Trackpoint><Trackpoint><Time>2026-01-07T22:54:05Z</Time><HeartRateBpm><Value>113</Value></HeartRateBpm><Cadence>61</Cadence><Extensions><ns3:TPX><ns3:Speed>0.0</ns3:Speed></ns3:TPX></Extensions></Trackpoint><Trackpoint><Time>2026-01-07T22:54:07Z</Time><HeartRateBpm><Value>115</Value></HeartRateBpm><Cadence>61</Cadence><Extensions><ns3:TPX><ns3:Speed>0.0</ns3:Speed></ns3:TPX></Extensions></Trackpoint><Trackpoint><Time>2026-01-07T22:54:12Z</Time><HeartRateBpm><Value>115</Value></HeartRateBpm><Cadence>61</Cadence><Extensions><ns3:TPX><ns3:Speed>0.0</ns3:Speed></ns3:TPX></Extensions></Trackpoint><Trackpoint><Time>2026-01-07T22:54:13Z</Time><HeartRateBpm><Value>114</Value></HeartRateBpm><Cadence>61</Cadence><Extensions><ns3:TPX><ns3:Speed>0.0</ns3:Speed></ns3:TPX></Extensions></Trackpoint><Trackpoint><Time>2026-01-07T22:54:18Z</Time><HeartRateBpm><Value>114</Value></HeartRateBpm><Cadence>61</Cadence><Extensions><ns3:TPX><ns3:Speed>0.0</ns3:Speed></ns3:TPX></Extensions></Trackpoint><Trackpoint><Time>2026-01-07T22:54:19Z</Time><HeartRateBpm><Value>116</Value></HeartRateBpm><Cadence>61</Cadence><Extensions><ns3:TPX><ns3:Speed>0.0</ns3:Speed></ns3:TPX></Extensions></Trackpoint><Trackpoint><Time>2026-01-07T22:54:21Z</Time><HeartRateBpm><Value>115</Value></HeartRateBpm><Cadence>61</Cadence><Extensions><ns3:TPX><ns3:Speed>0.0</ns3:Speed></ns3:TPX></Extensions></Trackpoint><Trackpoint><Time>2026-01-07T22:54:23Z</Time><HeartRateBpm><Value>116</Value></HeartRateBpm><Cadence>61</Cadence><Extensions><ns3:TPX><ns3:Speed>0.0</ns3:Speed></ns3:TPX></Extensions></Trackpoint><Trackpoint><Time>2026-01-07T22:54:28Z</Time><HeartRateBpm><Value>116</Value></HeartRateBpm><Cadence>61</Cadence><Extensions><ns3:TPX><ns3:Speed>0.0</ns3:Speed></ns3:TPX></Extensions></Trackpoint><Trackpoint><Time>2026-01-07T22:54:32Z</Time><HeartRateBpm><Value>117</Value></HeartRateBpm><Cadence>61</Cadence><Extensions><ns3:TPX><ns3:Speed>0.0</ns3:Speed></ns3:TPX></Extensions></Trackpoint><Trackpoint><Time>2026-01-07T22:54:37Z</Time><HeartRateBpm><Value>119</Value></HeartRateBpm><Cadence>61</Cadence><Extensions><ns3:TPX><ns3:Speed>0.0</ns3:Speed></ns3:TPX></Extensions></Trackpoint><Trackpoint><Time>2026-01-07T22:54:38Z</Time><HeartRateBpm><Value>120</Value></HeartRateBpm><Cadence>61</Cadence><Extensions><ns3:TPX><ns3:Speed>0.0</ns3:Speed></ns3:TPX></Extensions></Trackpoint><Trackpoint><Time>2026-01-07T22:54:41Z</Time><HeartRateBpm><Value>121</Value></HeartRateBpm><Cadence>61</Cadence><Extensions><ns3:TPX><ns3:Speed>0.0</ns3:Speed></ns3:TPX></Extensions></Trackpoint><Trackpoint><Time>2026-01-07T22:54:42Z</Time><HeartRateBpm><Value>122</Value></HeartRateBpm><Cadence>61</Cadence><Extensions><ns3:TPX><ns3:Speed>0.0</ns3:Speed></ns3:TPX></Extensions></Trackpoint><Trackpoint><Time>2026-01-07T22:54:43Z</Time><HeartRateBpm><Value>121</Value></HeartRateBpm><Cadence>61</Cadence><Extensions><ns3:TPX><ns3:Speed>0.0</ns3:Speed></ns3:TPX></Extensions></Trackpoint><Trackpoint><Time>2026-01-07T22:54:48Z</Time><HeartRateBpm><Value>120</Value></HeartRateBpm><Cadence>61</Cadence><Extensions><ns3:TPX><ns3:Speed>0.0</ns3:Speed></ns3:TPX></Extensions></Trackpoint><Trackpoint><Time>2026-01-07T22:54:49Z</Time><HeartRateBpm><Value>119</Value></HeartRateBpm><Cadence>61</Cadence><Extensions><ns3:TPX><ns3:Speed>0.0</ns3:Speed></ns3:TPX></Extensions></Trackpoint><Trackpoint><Time>2026-01-07T22:54:53Z</Time><HeartRateBpm><Value>118</Value></HeartRateBpm><Cadence>61</Cadence><Extensions><ns3:TPX><ns3:Speed>0.0</ns3:Speed></ns3:TPX></Extensions></Trackpoint><Trackpoint><Time>2026-01-07T22:54:58Z</Time><HeartRateBpm><Value>119</Value></HeartRateBpm><Cadence>61</Cadence><Extensions><ns3:TPX><ns3:Speed>0.0</ns3:Speed></ns3:TPX></Extensions></Trackpoint><Trackpoint><Time>2026-01-07T22:54:59Z</Time><HeartRateBpm><Value>120</Value></HeartRateBpm><Cadence>61</Cadence><Extensions><ns3:TPX><ns3:Speed>0.0</ns3:Speed></ns3:TPX></Extensions></Trackpoint><Trackpoint><Time>2026-01-07T22:55:00Z</Time><HeartRateBpm><Value>121</Value></HeartRateBpm><Cadence>61</Cadence><Extensions><ns3:TPX><ns3:Speed>0.0</ns3:Speed></ns3:TPX></Extensions></Trackpoint><Trackpoint><Time>2026-01-07T22:55:02Z</Time><HeartRateBpm><Value>123</Value></HeartRateBpm><Cadence>61</Cadence><Extensions><ns3:TPX><ns3:Speed>0.0</ns3:Speed></ns3:TPX></Extensions></Trackpoint><Trackpoint><Time>2026-01-07T22:55:05Z</Time><HeartRateBpm><Value>122</Value></HeartRateBpm><Cadence>61</Cadence><Extensions><ns3:TPX><ns3:Speed>0.0</ns3:Speed></ns3:TPX></Extensions></Trackpoint><Trackpoint><Time>2026-01-07T22:55:06Z</Time><HeartRateBpm><Value>120</Value></HeartRateBpm><Cadence>61</Cadence><Extensions><ns3:TPX><ns3:Speed>0.0</ns3:Speed></ns3:TPX></Extensions></Trackpoint><Trackpoint><Time>2026-01-07T22:55:08Z</Time><HeartRateBpm><Value>119</Value></HeartRateBpm><Cadence>61</Cadence><Extensions><ns3:TPX><ns3:Speed>0.0</ns3:Speed></ns3:TPX></Extensions></Trackpoint><Trackpoint><Time>2026-01-07T22:55:10Z</Time><HeartRateBpm><Value>120</Value></HeartRateBpm><Cadence>61</Cadence><Extensions><ns3:TPX><ns3:Speed>0.0</ns3:Speed></ns3:TPX></Extensions></Trackpoint><Trackpoint><Time>2026-01-07T22:55:11Z</Time><HeartRateBpm><Value>121</Value></HeartRateBpm><Cadence>61</Cadence><Extensions><ns3:TPX><ns3:Speed>0.0</ns3:Speed></ns3:TPX></Extensions></Trackpoint><Trackpoint><Time>2026-01-07T22:55:14Z</Time><HeartRateBpm><Value>123</Value></HeartRateBpm><Cadence>61</Cadence><Extensions><ns3:TPX><ns3:Speed>0.0</ns3:Speed></ns3:TPX></Extensions></Trackpoint><Trackpoint><Time>2026-01-07T22:55:19Z</Time><HeartRateBpm><Value>124</Value></HeartRateBpm><Cadence>61</Cadence><Extensions><ns3:TPX><ns3:Speed>0.0</ns3:Speed></ns3:TPX></Extensions></Trackpoint><Trackpoint><Time>2026-01-07T22:55:24Z</Time><HeartRateBpm><Value>125</Value></HeartRateBpm><Cadence>61</Cadence><Extensions><ns3:TPX><ns3:Speed>0.0</ns3:Speed></ns3:TPX></Extensions></Trackpoint><Trackpoint><Time>2026-01-07T22:55:27Z</Time><HeartRateBpm><Value>124</Value></HeartRateBpm><Cadence>61</Cadence><Extensions><ns3:TPX><ns3:Speed>0.0</ns3:Speed></ns3:TPX></Extensions></Trackpoint><Trackpoint><Time>2026-01-07T22:55:32Z</Time><HeartRateBpm><Value>125</Value></HeartRateBpm><Cadence>61</Cadence><Extensions><ns3:TPX><ns3:Speed>0.0</ns3:Speed></ns3:TPX></Extensions></Trackpoint><Trackpoint><Time>2026-01-07T22:55:33Z</Time><HeartRateBpm><Value>124</Value></HeartRateBpm><Cadence>61</Cadence><Extensions><ns3:TPX><ns3:Speed>0.0</ns3:Speed></ns3:TPX></Extensions></Trackpoint><Trackpoint><Time>2026-01-07T22:55:37Z</Time><HeartRateBpm><Value>125</Value></HeartRateBpm><Cadence>61</Cadence><Extensions><ns3:TPX><ns3:Speed>0.0</ns3:Speed></ns3:TPX></Extensions></Trackpoint><Trackpoint><Time>2026-01-07T22:55:41Z</Time><HeartRateBpm><Value>126</Value></HeartRateBpm><Cadence>61</Cadence><Extensions><ns3:TPX><ns3:Speed>0.0</ns3:Speed></ns3:TPX></Extensions></Trackpoint><Trackpoint><Time>2026-01-07T22:55:44Z</Time><HeartRateBpm><Value>125</Value></HeartRateBpm><Cadence>61</Cadence><Extensions><ns3:TPX><ns3:Speed>0.0</ns3:Speed></ns3:TPX></Extensions></Trackpoint><Trackpoint><Time>2026-01-07T22:55:48Z</Time><HeartRateBpm><Value>126</Value></HeartRateBpm><Cadence>61</Cadence><Extensions><ns3:TPX><ns3:Speed>0.0</ns3:Speed></ns3:TPX></Extensions></Trackpoint><Trackpoint><Time>2026-01-07T22:55:51Z</Time><HeartRateBpm><Value>125</Value></HeartRateBpm><Cadence>61</Cadence><Extensions><ns3:TPX><ns3:Speed>0.0</ns3:Speed></ns3:TPX></Extensions></Trackpoint><Trackpoint><Time>2026-01-07T22:55:56Z</Time><HeartRateBpm><Value>125</Value></HeartRateBpm><Cadence>61</Cadence><Extensions><ns3:TPX><ns3:Speed>0.0</ns3:Speed></ns3:TPX></Extensions></Trackpoint><Trackpoint><Time>2026-01-07T22:55:59Z</Time><HeartRateBpm><Value>126</Value></HeartRateBpm><Cadence>61</Cadence><Extensions><ns3:TPX><ns3:Speed>0.0</ns3:Speed></ns3:TPX></Extensions></Trackpoint><Trackpoint><Time>2026-01-07T22:56:05Z</Time><HeartRateBpm><Value>126</Value></HeartRateBpm><Cadence>61</Cadence><Extensions><ns3:TPX><ns3:Speed>0.0</ns3:Speed></ns3:TPX></Extensions></Trackpoint><Trackpoint><Time>2026-01-07T22:56:06Z</Time><HeartRateBpm><Value>125</Value></HeartRateBpm><Cadence>61</Cadence><Extensions><ns3:TPX><ns3:Speed>0.0</ns3:Speed></ns3:TPX></Extensions></Trackpoint><Trackpoint><Time>2026-01-07T22:56:07Z</Time><HeartRateBpm><Value>126</Value></HeartRateBpm><Cadence>61</Cadence><Extensions><ns3:TPX><ns3:Speed>0.0</ns3:Speed></ns3:TPX></Extensions></Trackpoint><Trackpoint><Time>2026-01-07T22:56:09Z</Time><HeartRateBpm><Value>128</Value></HeartRateBpm><Cadence>61</Cadence><Extensions><ns3:TPX><ns3:Speed>0.0</ns3:Speed></ns3:TPX></Extensions></Trackpoint><Trackpoint><Time>2026-01-07T22:56:11Z</Time><HeartRateBpm><Value>129</Value></HeartRateBpm><Cadence>61</Cadence><Extensions><ns3:TPX><ns3:Speed>0.0</ns3:Speed></ns3:TPX></Extensions></Trackpoint><Trackpoint><Time>2026-01-07T22:56:12Z</Time><HeartRateBpm><Value>131</Value></HeartRateBpm><Cadence>61</Cadence><Extensions><ns3:TPX><ns3:Speed>0.0</ns3:Speed></ns3:TPX></Extensions></Trackpoint><Trackpoint><Time>2026-01-07T22:56:13Z</Time><HeartRateBpm><Value>129</Value></HeartRateBpm><Cadence>61</Cadence><Extensions><ns3:TPX><ns3:Speed>0.0</ns3:Speed></ns3:TPX></Extensions></Trackpoint><Trackpoint><Time>2026-01-07T22:56:15Z</Time><HeartRateBpm><Value>128</Value></HeartRateBpm><Cadence>61</Cadence><Extensions><ns3:TPX><ns3:Speed>0.0</ns3:Speed></ns3:TPX></Extensions></Trackpoint><Trackpoint><Time>2026-01-07T22:56:19Z</Time><HeartRateBpm><Value>127</Value></HeartRateBpm><Cadence>61</Cadence><Extensions><ns3:TPX><ns3:Speed>0.0</ns3:Speed></ns3:TPX></Extensions></Trackpoint><Trackpoint><Time>2026-01-07T22:56:21Z</Time><HeartRateBpm><Value>126</Value></HeartRateBpm><Cadence>61</Cadence><Extensions><ns3:TPX><ns3:Speed>0.0</ns3:Speed></ns3:TPX></Extensions></Trackpoint><Trackpoint><Time>2026-01-07T22:56:23Z</Time><HeartRateBpm><Value>125</Value></HeartRateBpm><Cadence>61</Cadence><Extensions><ns3:TPX><ns3:Speed>0.0</ns3:Speed></ns3:TPX></Extensions></Trackpoint><Trackpoint><Time>2026-01-07T22:56:27Z</Time><HeartRateBpm><Value>124</Value></HeartRateBpm><Cadence>61</Cadence><Extensions><ns3:TPX><ns3:Speed>0.0</ns3:Speed></ns3:TPX></Extensions></Trackpoint><Trackpoint><Time>2026-01-07T22:56:31Z</Time><HeartRateBpm><Value>125</Value></HeartRateBpm><Cadence>61</Cadence><Extensions><ns3:TPX><ns3:Speed>0.0</ns3:Speed></ns3:TPX></Extensions></Trackpoint><Trackpoint><Time>2026-01-07T22:56:36Z</Time><HeartRateBpm><Value>125</Value></HeartRateBpm><Cadence>61</Cadence><Extensions><ns3:TPX><ns3:Speed>0.0</ns3:Speed></ns3:TPX></Extensions></Trackpoint><Trackpoint><Time>2026-01-07T22:56:39Z</Time><HeartRateBpm><Value>124</Value></HeartRateBpm><Cadence>61</Cadence><Extensions><ns3:TPX><ns3:Speed>0.0</ns3:Speed></ns3:TPX></Extensions></Trackpoint><Trackpoint><Time>2026-01-07T22:56:40Z</Time><HeartRateBpm><Value>123</Value></HeartRateBpm><Cadence>61</Cadence><Extensions><ns3:TPX><ns3:Speed>0.0</ns3:Speed></ns3:TPX></Extensions></Trackpoint><Trackpoint><Time>2026-01-07T22:56:42Z</Time><HeartRateBpm><Value>122</Value></HeartRateBpm><Cadence>61</Cadence><Extensions><ns3:TPX><ns3:Speed>0.0</ns3:Speed></ns3:TPX></Extensions></Trackpoint><Trackpoint><Time>2026-01-07T22:56:46Z</Time><HeartRateBpm><Value>121</Value></HeartRateBpm><Cadence>61</Cadence><Extensions><ns3:TPX><ns3:Speed>0.0</ns3:Speed></ns3:TPX></Extensions></Trackpoint><Trackpoint><Time>2026-01-07T22:56:48Z</Time><HeartRateBpm><Value>120</Value></HeartRateBpm><Cadence>61</Cadence><Extensions><ns3:TPX><ns3:Speed>0.0</ns3:Speed></ns3:TPX></Extensions></Trackpoint><Trackpoint><Time>2026-01-07T22:56:54Z</Time><HeartRateBpm><Value>119</Value></HeartRateBpm><Cadence>61</Cadence><Extensions><ns3:TPX><ns3:Speed>0.0</ns3:Speed></ns3:TPX></Extensions></Trackpoint><Trackpoint><Time>2026-01-07T22:57:00Z</Time><HeartRateBpm><Value>119</Value></HeartRateBpm><Cadence>61</Cadence><Extensions><ns3:TPX><ns3:Speed>0.0</ns3:Speed></ns3:TPX></Extensions></Trackpoint><Trackpoint><Time>2026-01-07T22:57:06Z</Time><HeartRateBpm><Value>119</Value></HeartRateBpm><Cadence>61</Cadence><Extensions><ns3:TPX><ns3:Speed>0.0</ns3:Speed></ns3:TPX></Extensions></Trackpoint><Trackpoint><Time>2026-01-07T22:57:07Z</Time><HeartRateBpm><Value>121</Value></HeartRateBpm><Cadence>61</Cadence><Extensions><ns3:TPX><ns3:Speed>0.0</ns3:Speed></ns3:TPX></Extensions></Trackpoint><Trackpoint><Time>2026-01-07T22:57:08Z</Time><HeartRateBpm><Value>122</Value></HeartRateBpm><Cadence>61</Cadence><Extensions><ns3:TPX><ns3:Speed>0.0</ns3:Speed></ns3:TPX></Extensions></Trackpoint><Trackpoint><Time>2026-01-07T22:57:09Z</Time><HeartRateBpm><Value>121</Value></HeartRateBpm><Cadence>61</Cadence><Extensions><ns3:TPX><ns3:Speed>0.0</ns3:Speed></ns3:TPX></Extensions></Trackpoint><Trackpoint><Time>2026-01-07T22:57:10Z</Time><HeartRateBpm><Value>120</Value></HeartRateBpm><Cadence>61</Cadence><Extensions><ns3:TPX><ns3:Speed>0.0</ns3:Speed></ns3:TPX></Extensions></Trackpoint><Trackpoint><Time>2026-01-07T22:57:12Z</Time><HeartRateBpm><Value>119</Value></HeartRateBpm><Cadence>61</Cadence><Extensions><ns3:TPX><ns3:Speed>0.0</ns3:Speed></ns3:TPX></Extensions></Trackpoint><Trackpoint><Time>2026-01-07T22:57:14Z</Time><HeartRateBpm><Value>118</Value></HeartRateBpm><Cadence>61</Cadence><Extensions><ns3:TPX><ns3:Speed>0.0</ns3:Speed></ns3:TPX></Extensions></Trackpoint><Trackpoint><Time>2026-01-07T22:57:15Z</Time><HeartRateBpm><Value>117</Value></HeartRateBpm><Cadence>61</Cadence><Extensions><ns3:TPX><ns3:Speed>0.0</ns3:Speed></ns3:TPX></Extensions></Trackpoint><Trackpoint><Time>2026-01-07T22:57:20Z</Time><HeartRateBpm><Value>117</Value></HeartRateBpm><Cadence>61</Cadence><Extensions><ns3:TPX><ns3:Speed>0.0</ns3:Speed></ns3:TPX></Extensions></Trackpoint><Trackpoint><Time>2026-01-07T22:57:25Z</Time><HeartRateBpm><Value>116</Value></HeartRateBpm><Cadence>61</Cadence><Extensions><ns3:TPX><ns3:Speed>0.0</ns3:Speed></ns3:TPX></Extensions></Trackpoint><Trackpoint><Time>2026-01-07T22:57:26Z</Time><HeartRateBpm><Value>117</Value></HeartRateBpm><Cadence>61</Cadence><Extensions><ns3:TPX><ns3:Speed>0.0</ns3:Speed></ns3:TPX></Extensions></Trackpoint><Trackpoint><Time>2026-01-07T22:57:27Z</Time><HeartRateBpm><Value>118</Value></HeartRateBpm><Cadence>61</Cadence><Extensions><ns3:TPX><ns3:Speed>0.0</ns3:Speed></ns3:TPX></Extensions></Trackpoint><Trackpoint><Time>2026-01-07T22:57:28Z</Time><HeartRateBpm><Value>119</Value></HeartRateBpm><Cadence>61</Cadence><Extensions><ns3:TPX><ns3:Speed>0.0</ns3:Speed></ns3:TPX></Extensions></Trackpoint><Trackpoint><Time>2026-01-07T22:57:33Z</Time><HeartRateBpm><Value>120</Value></HeartRateBpm><Cadence>61</Cadence><Extensions><ns3:TPX><ns3:Speed>0.0</ns3:Speed></ns3:TPX></Extensions></Trackpoint><Trackpoint><Time>2026-01-07T22:57:38Z</Time><HeartRateBpm><Value>120</Value></HeartRateBpm><Cadence>61</Cadence><Extensions><ns3:TPX><ns3:Speed>0.0</ns3:Speed></ns3:TPX></Extensions></Trackpoint><Trackpoint><Time>2026-01-07T22:57:43Z</Time><HeartRateBpm><Value>121</Value></HeartRateBpm><Cadence>61</Cadence><Extensions><ns3:TPX><ns3:Speed>0.0</ns3:Speed></ns3:TPX></Extensions></Trackpoint><Trackpoint><Time>2026-01-07T22:57:44Z</Time><HeartRateBpm><Value>122</Value></HeartRateBpm><Cadence>61</Cadence><Extensions><ns3:TPX><ns3:Speed>0.0</ns3:Speed></ns3:TPX></Extensions></Trackpoint><Trackpoint><Time>2026-01-07T22:57:45Z</Time><HeartRateBpm><Value>123</Value></HeartRateBpm><Cadence>61</Cadence><Extensions><ns3:TPX><ns3:Speed>0.0</ns3:Speed></ns3:TPX></Extensions></Trackpoint><Trackpoint><Time>2026-01-07T22:57:49Z</Time><HeartRateBpm><Value>124</Value></HeartRateBpm><Cadence>61</Cadence><Extensions><ns3:TPX><ns3:Speed>0.0</ns3:Speed></ns3:TPX></Extensions></Trackpoint><Trackpoint><Time>2026-01-07T22:57:50Z</Time><HeartRateBpm><Value>123</Value></HeartRateBpm><Cadence>61</Cadence><Extensions><ns3:TPX><ns3:Speed>0.0</ns3:Speed></ns3:TPX></Extensions></Trackpoint><Trackpoint><Time>2026-01-07T22:57:53Z</Time><HeartRateBpm><Value>122</Value></HeartRateBpm><Cadence>61</Cadence><Extensions><ns3:TPX><ns3:Speed>0.0</ns3:Speed></ns3:TPX></Extensions></Trackpoint><Trackpoint><Time>2026-01-07T22:57:55Z</Time><HeartRateBpm><Value>123</Value></HeartRateBpm><Cadence>61</Cadence><Extensions><ns3:TPX><ns3:Speed>0.0</ns3:Speed></ns3:TPX></Extensions></Trackpoint><Trackpoint><Time>2026-01-07T22:57:56Z</Time><HeartRateBpm><Value>124</Value></HeartRateBpm><Cadence>61</Cadence><Extensions><ns3:TPX><ns3:Speed>0.0</ns3:Speed></ns3:TPX></Extensions></Trackpoint><Trackpoint><Time>2026-01-07T22:57:57Z</Time><HeartRateBpm><Value>123</Value></HeartRateBpm><Cadence>61</Cadence><Extensions><ns3:TPX><ns3:Speed>0.0</ns3:Speed></ns3:TPX></Extensions></Trackpoint><Trackpoint><Time>2026-01-07T22:58:02Z</Time><HeartRateBpm><Value>124</Value></HeartRateBpm><Cadence>61</Cadence><Extensions><ns3:TPX><ns3:Speed>0.0</ns3:Speed></ns3:TPX></Extensions></Trackpoint><Trackpoint><Time>2026-01-07T22:58:03Z</Time><HeartRateBpm><Value>125</Value></HeartRateBpm><Cadence>61</Cadence><Extensions><ns3:TPX><ns3:Speed>0.0</ns3:Speed></ns3:TPX></Extensions></Trackpoint><Trackpoint><Time>2026-01-07T22:58:04Z</Time><HeartRateBpm><Value>126</Value></HeartRateBpm><Cadence>61</Cadence><Extensions><ns3:TPX><ns3:Speed>0.0</ns3:Speed></ns3:TPX></Extensions></Trackpoint><Trackpoint><Time>2026-01-07T22:58:08Z</Time><HeartRateBpm><Value>127</Value></HeartRateBpm><Cadence>61</Cadence><Extensions><ns3:TPX><ns3:Speed>0.0</ns3:Speed></ns3:TPX></Extensions></Trackpoint><Trackpoint><Time>2026-01-07T22:58:09Z</Time><HeartRateBpm><Value>129</Value></HeartRateBpm><Cadence>61</Cadence><Extensions><ns3:TPX><ns3:Speed>0.0</ns3:Speed></ns3:TPX></Extensions></Trackpoint><Trackpoint><Time>2026-01-07T22:58:10Z</Time><HeartRateBpm><Value>131</Value></HeartRateBpm><Cadence>61</Cadence><Extensions><ns3:TPX><ns3:Speed>0.0</ns3:Speed></ns3:TPX></Extensions></Trackpoint><Trackpoint><Time>2026-01-07T22:58:11Z</Time><HeartRateBpm><Value>133</Value></HeartRateBpm><Cadence>61</Cadence><Extensions><ns3:TPX><ns3:Speed>0.0</ns3:Speed></ns3:TPX></Extensions></Trackpoint><Trackpoint><Time>2026-01-07T22:58:15Z</Time><HeartRateBpm><Value>134</Value></HeartRateBpm><Cadence>61</Cadence><Extensions><ns3:TPX><ns3:Speed>0.0</ns3:Speed></ns3:TPX></Extensions></Trackpoint><Trackpoint><Time>2026-01-07T22:58:16Z</Time><HeartRateBpm><Value>136</Value></HeartRateBpm><Cadence>61</Cadence><Extensions><ns3:TPX><ns3:Speed>0.0</ns3:Speed></ns3:TPX></Extensions></Trackpoint><Trackpoint><Time>2026-01-07T22:58:21Z</Time><HeartRateBpm><Value>136</Value></HeartRateBpm><Cadence>61</Cadence><Extensions><ns3:TPX><ns3:Speed>0.0</ns3:Speed></ns3:TPX></Extensions></Trackpoint><Trackpoint><Time>2026-01-07T22:58:22Z</Time><HeartRateBpm><Value>135</Value></HeartRateBpm><Cadence>61</Cadence><Extensions><ns3:TPX><ns3:Speed>0.0</ns3:Speed></ns3:TPX></Extensions></Trackpoint><Trackpoint><Time>2026-01-07T22:58:27Z</Time><HeartRateBpm><Value>135</Value></HeartRateBpm><Cadence>61</Cadence><Extensions><ns3:TPX><ns3:Speed>0.0</ns3:Speed></ns3:TPX></Extensions></Trackpoint><Trackpoint><Time>2026-01-07T22:58:31Z</Time><HeartRateBpm><Value>134</Value></HeartRateBpm><Cadence>61</Cadence><Extensions><ns3:TPX><ns3:Speed>0.0</ns3:Speed></ns3:TPX></Extensions></Trackpoint><Trackpoint><Time>2026-01-07T22:58:34Z</Time><HeartRateBpm><Value>135</Value></HeartRateBpm><Cadence>61</Cadence><Extensions><ns3:TPX><ns3:Speed>0.0</ns3:Speed></ns3:TPX></Extensions></Trackpoint><Trackpoint><Time>2026-01-07T22:58:39Z</Time><HeartRateBpm><Value>134</Value></HeartRateBpm><Cadence>61</Cadence><Extensions><ns3:TPX><ns3:Speed>0.0</ns3:Speed></ns3:TPX></Extensions></Trackpoint><Trackpoint><Time>2026-01-07T22:58:40Z</Time><HeartRateBpm><Value>133</Value></HeartRateBpm><Cadence>61</Cadence><Extensions><ns3:TPX><ns3:Speed>0.0</ns3:Speed></ns3:TPX></Extensions></Trackpoint><Trackpoint><Time>2026-01-07T22:58:45Z</Time><HeartRateBpm><Value>133</Value></HeartRateBpm><Cadence>61</Cadence><Extensions><ns3:TPX><ns3:Speed>0.0</ns3:Speed></ns3:TPX></Extensions></Trackpoint><Trackpoint><Time>2026-01-07T22:58:48Z</Time><HeartRateBpm><Value>134</Value></HeartRateBpm><Cadence>61</Cadence><Extensions><ns3:TPX><ns3:Speed>0.0</ns3:Speed></ns3:TPX></Extensions></Trackpoint><Trackpoint><Time>2026-01-07T22:58:51Z</Time><HeartRateBpm><Value>135</Value></HeartRateBpm><Cadence>61</Cadence><Extensions><ns3:TPX><ns3:Speed>0.0</ns3:Speed></ns3:TPX></Extensions></Trackpoint><Trackpoint><Time>2026-01-07T22:58:52Z</Time><HeartRateBpm><Value>137</Value></HeartRateBpm><Cadence>61</Cadence><Extensions><ns3:TPX><ns3:Speed>0.0</ns3:Speed></ns3:TPX></Extensions></Trackpoint><Trackpoint><Time>2026-01-07T22:58:56Z</Time><HeartRateBpm><Value>138</Value></HeartRateBpm><Cadence>61</Cadence><Extensions><ns3:TPX><ns3:Speed>0.0</ns3:Speed></ns3:TPX></Extensions></Trackpoint><Trackpoint><Time>2026-01-07T22:58:57Z</Time><HeartRateBpm><Value>139</Value></HeartRateBpm><Cadence>61</Cadence><Extensions><ns3:TPX><ns3:Speed>0.0</ns3:Speed></ns3:TPX></Extensions></Trackpoint><Trackpoint><Time>2026-01-07T22:58:58Z</Time><HeartRateBpm><Value>141</Value></HeartRateBpm><Cadence>61</Cadence><Extensions><ns3:TPX><ns3:Speed>0.0</ns3:Speed></ns3:TPX></Extensions></Trackpoint><Trackpoint><Time>2026-01-07T22:58:59Z</Time><HeartRateBpm><Value>143</Value></HeartRateBpm><Cadence>61</Cadence><Extensions><ns3:TPX><ns3:Speed>0.0</ns3:Speed></ns3:TPX></Extensions></Trackpoint><Trackpoint><Time>2026-01-07T22:59:01Z</Time><HeartRateBpm><Value>146</Value></HeartRateBpm><Cadence>61</Cadence><Extensions><ns3:TPX><ns3:Speed>0.0</ns3:Speed></ns3:TPX></Extensions></Trackpoint><Trackpoint><Time>2026-01-07T22:59:02Z</Time><HeartRateBpm><Value>147</Value></HeartRateBpm><Cadence>61</Cadence><Extensions><ns3:TPX><ns3:Speed>0.0</ns3:Speed></ns3:TPX></Extensions></Trackpoint><Trackpoint><Time>2026-01-07T22:59:03Z</Time><HeartRateBpm><Value>148</Value></HeartRateBpm><Cadence>61</Cadence><Extensions><ns3:TPX><ns3:Speed>0.0</ns3:Speed></ns3:TPX></Extensions></Trackpoint><Trackpoint><Time>2026-01-07T22:59:04Z</Time><HeartRateBpm><Value>145</Value></HeartRateBpm><Cadence>61</Cadence><Extensions><ns3:TPX><ns3:Speed>0.0</ns3:Speed></ns3:TPX></Extensions></Trackpoint><Trackpoint><Time>2026-01-07T22:59:05Z</Time><HeartRateBpm><Value>142</Value></HeartRateBpm><Cadence>61</Cadence><Extensions><ns3:TPX><ns3:Speed>0.0</ns3:Speed></ns3:TPX></Extensions></Trackpoint><Trackpoint><Time>2026-01-07T22:59:07Z</Time><HeartRateBpm><Value>145</Value></HeartRateBpm><Cadence>61</Cadence><Extensions><ns3:TPX><ns3:Speed>0.0</ns3:Speed></ns3:TPX></Extensions></Trackpoint><Trackpoint><Time>2026-01-07T22:59:08Z</Time><HeartRateBpm><Value>147</Value></HeartRateBpm><Cadence>61</Cadence><Extensions><ns3:TPX><ns3:Speed>0.0</ns3:Speed></ns3:TPX></Extensions></Trackpoint><Trackpoint><Time>2026-01-07T22:59:09Z</Time><HeartRateBpm><Value>148</Value></HeartRateBpm><Cadence>61</Cadence><Extensions><ns3:TPX><ns3:Speed>0.0</ns3:Speed></ns3:TPX></Extensions></Trackpoint><Trackpoint><Time>2026-01-07T22:59:11Z</Time><HeartRateBpm><Value>142</Value></HeartRateBpm><Cadence>61</Cadence><Extensions><ns3:TPX><ns3:Speed>0.0</ns3:Speed></ns3:TPX></Extensions></Trackpoint><Trackpoint><Time>2026-01-07T22:59:13Z</Time><HeartRateBpm><Value>145</Value></HeartRateBpm><Cadence>61</Cadence><Extensions><ns3:TPX><ns3:Speed>0.0</ns3:Speed></ns3:TPX></Extensions></Trackpoint><Trackpoint><Time>2026-01-07T22:59:14Z</Time><HeartRateBpm><Value>141</Value></HeartRateBpm><Cadence>61</Cadence><Extensions><ns3:TPX><ns3:Speed>0.0</ns3:Speed></ns3:TPX></Extensions></Trackpoint><Trackpoint><Time>2026-01-07T22:59:15Z</Time><HeartRateBpm><Value>140</Value></HeartRateBpm><Cadence>61</Cadence><Extensions><ns3:TPX><ns3:Speed>0.0</ns3:Speed></ns3:TPX></Extensions></Trackpoint><Trackpoint><Time>2026-01-07T22:59:17Z</Time><HeartRateBpm><Value>141</Value></HeartRateBpm><Cadence>61</Cadence><Extensions><ns3:TPX><ns3:Speed>0.0</ns3:Speed></ns3:TPX></Extensions></Trackpoint><Trackpoint><Time>2026-01-07T22:59:22Z</Time><HeartRateBpm><Value>142</Value></HeartRateBpm><Cadence>61</Cadence><Extensions><ns3:TPX><ns3:Speed>0.0</ns3:Speed></ns3:TPX></Extensions></Trackpoint><Trackpoint><Time>2026-01-07T22:59:27Z</Time><HeartRateBpm><Value>142</Value></HeartRateBpm><Cadence>61</Cadence><Extensions><ns3:TPX><ns3:Speed>0.0</ns3:Speed></ns3:TPX></Extensions></Trackpoint><Trackpoint><Time>2026-01-07T22:59:28Z</Time><HeartRateBpm><Value>143</Value></HeartRateBpm><Cadence>61</Cadence><Extensions><ns3:TPX><ns3:Speed>0.0</ns3:Speed></ns3:TPX></Extensions></Trackpoint><Trackpoint><Time>2026-01-07T22:59:29Z</Time><HeartRateBpm><Value>142</Value></HeartRateBpm><Cadence>61</Cadence><Extensions><ns3:TPX><ns3:Speed>0.0</ns3:Speed></ns3:TPX></Extensions></Trackpoint><Trackpoint><Time>2026-01-07T22:59:33Z</Time><HeartRateBpm><Value>141</Value></HeartRateBpm><Cadence>61</Cadence><Extensions><ns3:TPX><ns3:Speed>0.0</ns3:Speed></ns3:TPX></Extensions></Trackpoint><Trackpoint><Time>2026-01-07T22:59:38Z</Time><HeartRateBpm><Value>141</Value></HeartRateBpm><Cadence>61</Cadence><Extensions><ns3:TPX><ns3:Speed>0.0</ns3:Speed></ns3:TPX></Extensions></Trackpoint><Trackpoint><Time>2026-01-07T22:59:43Z</Time><HeartRateBpm><Value>140</Value></HeartRateBpm><Cadence>61</Cadence><Extensions><ns3:TPX><ns3:Speed>0.0</ns3:Speed></ns3:TPX></Extensions></Trackpoint><Trackpoint><Time>2026-01-07T22:59:47Z</Time><HeartRateBpm><Value>139</Value></HeartRateBpm><Cadence>61</Cadence><Extensions><ns3:TPX><ns3:Speed>0.0</ns3:Speed></ns3:TPX></Extensions></Trackpoint><Trackpoint><Time>2026-01-07T22:59:52Z</Time><HeartRateBpm><Value>139</Value></HeartRateBpm><Cadence>61</Cadence><Extensions><ns3:TPX><ns3:Speed>0.0</ns3:Speed></ns3:TPX></Extensions></Trackpoint><Trackpoint><Time>2026-01-07T22:59:53Z</Time><HeartRateBpm><Value>137</Value></HeartRateBpm><Cadence>61</Cadence><Extensions><ns3:TPX><ns3:Speed>0.0</ns3:Speed></ns3:TPX></Extensions></Trackpoint><Trackpoint><Time>2026-01-07T22:59:54Z</Time><HeartRateBpm><Value>136</Value></HeartRateBpm><Cadence>61</Cadence><Extensions><ns3:TPX><ns3:Speed>0.0</ns3:Speed></ns3:TPX></Extensions></Trackpoint><Trackpoint><Time>2026-01-07T22:59:59Z</Time><HeartRateBpm><Value>136</Value></HeartRateBpm><Cadence>61</Cadence><Extensions><ns3:TPX><ns3:Speed>0.0</ns3:Speed></ns3:TPX></Extensions></Trackpoint><Trackpoint><Time>2026-01-07T23:00:04Z</Time><HeartRateBpm><Value>135</Value></HeartRateBpm><Cadence>61</Cadence><Extensions><ns3:TPX><ns3:Speed>0.0</ns3:Speed></ns3:TPX></Extensions></Trackpoint><Trackpoint><Time>2026-01-07T23:00:09Z</Time><HeartRateBpm><Value>135</Value></HeartRateBpm><Cadence>61</Cadence><Extensions><ns3:TPX><ns3:Speed>0.0</ns3:Speed></ns3:TPX></Extensions></Trackpoint><Trackpoint><Time>2026-01-07T23:00:12Z</Time><HeartRateBpm><Value>134</Value></HeartRateBpm><Cadence>61</Cadence><Extensions><ns3:TPX><ns3:Speed>0.0</ns3:Speed></ns3:TPX></Extensions></Trackpoint><Trackpoint><Time>2026-01-07T23:00:14Z</Time><HeartRateBpm><Value>133</Value></HeartRateBpm><Cadence>61</Cadence><Extensions><ns3:TPX><ns3:Speed>0.0</ns3:Speed></ns3:TPX></Extensions></Trackpoint><Trackpoint><Time>2026-01-07T23:00:15Z</Time><HeartRateBpm><Value>132</Value></HeartRateBpm><Cadence>61</Cadence><Extensions><ns3:TPX><ns3:Speed>0.0</ns3:Speed></ns3:TPX></Extensions></Trackpoint><Trackpoint><Time>2026-01-07T23:00:20Z</Time><HeartRateBpm><Value>133</Value></HeartRateBpm><Cadence>61</Cadence><Extensions><ns3:TPX><ns3:Speed>0.0</ns3:Speed></ns3:TPX></Extensions></Trackpoint><Trackpoint><Time>2026-01-07T23:00:23Z</Time><HeartRateBpm><Value>132</Value></HeartRateBpm><Cadence>61</Cadence><Extensions><ns3:TPX><ns3:Speed>0.0</ns3:Speed></ns3:TPX></Extensions></Trackpoint><Trackpoint><Time>2026-01-07T23:00:25Z</Time><HeartRateBpm><Value>131</Value></HeartRateBpm><Cadence>61</Cadence><Extensions><ns3:TPX><ns3:Speed>0.0</ns3:Speed></ns3:TPX></Extensions></Trackpoint><Trackpoint><Time>2026-01-07T23:00:27Z</Time><HeartRateBpm><Value>129</Value></HeartRateBpm><Cadence>61</Cadence><Extensions><ns3:TPX><ns3:Speed>0.0</ns3:Speed></ns3:TPX></Extensions></Trackpoint><Trackpoint><Time>2026-01-07T23:00:28Z</Time><HeartRateBpm><Value>128</Value></HeartRateBpm><Cadence>61</Cadence><Extensions><ns3:TPX><ns3:Speed>0.0</ns3:Speed></ns3:TPX></Extensions></Trackpoint><Trackpoint><Time>2026-01-07T23:00:31Z</Time><HeartRateBpm><Value>129</Value></HeartRateBpm><Cadence>61</Cadence><Extensions><ns3:TPX><ns3:Speed>0.0</ns3:Speed></ns3:TPX></Extensions></Trackpoint><Trackpoint><Time>2026-01-07T23:00:35Z</Time><HeartRateBpm><Value>130</Value></HeartRateBpm><Cadence>61</Cadence><Extensions><ns3:TPX><ns3:Speed>0.0</ns3:Speed></ns3:TPX></Extensions></Trackpoint><Trackpoint><Time>2026-01-07T23:00:37Z</Time><HeartRateBpm><Value>129</Value></HeartRateBpm><Cadence>61</Cadence><Extensions><ns3:TPX><ns3:Speed>0.0</ns3:Speed></ns3:TPX></Extensions></Trackpoint><Trackpoint><Time>2026-01-07T23:00:42Z</Time><HeartRateBpm><Value>129</Value></HeartRateBpm><Cadence>61</Cadence><Extensions><ns3:TPX><ns3:Speed>0.0</ns3:Speed></ns3:TPX></Extensions></Trackpoint><Trackpoint><Time>2026-01-07T23:00:43Z</Time><HeartRateBpm><Value>128</Value></HeartRateBpm><Cadence>61</Cadence><Extensions><ns3:TPX><ns3:Speed>0.0</ns3:Speed></ns3:TPX></Extensions></Trackpoint><Trackpoint><Time>2026-01-07T23:00:45Z</Time><HeartRateBpm><Value>127</Value></HeartRateBpm><Cadence>61</Cadence><Extensions><ns3:TPX><ns3:Speed>0.0</ns3:Speed></ns3:TPX></Extensions></Trackpoint><Trackpoint><Time>2026-01-07T23:00:48Z</Time><HeartRateBpm><Value>125</Value></HeartRateBpm><Cadence>61</Cadence><Extensions><ns3:TPX><ns3:Speed>0.0</ns3:Speed></ns3:TPX></Extensions></Trackpoint><Trackpoint><Time>2026-01-07T23:00:51Z</Time><HeartRateBpm><Value>124</Value></HeartRateBpm><Cadence>61</Cadence><Extensions><ns3:TPX><ns3:Speed>0.0</ns3:Speed></ns3:TPX></Extensions></Trackpoint><Trackpoint><Time>2026-01-07T23:00:52Z</Time><HeartRateBpm><Value>123</Value></HeartRateBpm><Cadence>61</Cadence><Extensions><ns3:TPX><ns3:Speed>0.0</ns3:Speed></ns3:TPX></Extensions></Trackpoint><Trackpoint><Time>2026-01-07T23:00:53Z</Time><HeartRateBpm><Value>122</Value></HeartRateBpm><Cadence>61</Cadence><Extensions><ns3:TPX><ns3:Speed>0.0</ns3:Speed></ns3:TPX></Extensions></Trackpoint><Trackpoint><Time>2026-01-07T23:00:54Z</Time><HeartRateBpm><Value>121</Value></HeartRateBpm><Cadence>61</Cadence><Extensions><ns3:TPX><ns3:Speed>0.0</ns3:Speed></ns3:TPX></Extensions></Trackpoint><Trackpoint><Time>2026-01-07T23:00:57Z</Time><HeartRateBpm><Value>122</Value></HeartRateBpm><Cadence>61</Cadence><Extensions><ns3:TPX><ns3:Speed>0.0</ns3:Speed></ns3:TPX></Extensions></Trackpoint><Trackpoint><Time>2026-01-07T23:01:00Z</Time><HeartRateBpm><Value>121</Value></HeartRateBpm><Cadence>61</Cadence><Extensions><ns3:TPX><ns3:Speed>0.0</ns3:Speed></ns3:TPX></Extensions></Trackpoint><Trackpoint><Time>2026-01-07T23:01:04Z</Time><HeartRateBpm><Value>120</Value></HeartRateBpm><Cadence>61</Cadence><Extensions><ns3:TPX><ns3:Speed>0.0</ns3:Speed></ns3:TPX></Extensions></Trackpoint><Trackpoint><Time>2026-01-07T23:01:06Z</Time><HeartRateBpm><Value>119</Value></HeartRateBpm><Cadence>61</Cadence><Extensions><ns3:TPX><ns3:Speed>0.0</ns3:Speed></ns3:TPX></Extensions></Trackpoint><Trackpoint><Time>2026-01-07T23:01:09Z</Time><HeartRateBpm><Value>120</Value></HeartRateBpm><Cadence>61</Cadence><Extensions><ns3:TPX><ns3:Speed>0.0</ns3:Speed></ns3:TPX></Extensions></Trackpoint><Trackpoint><Time>2026-01-07T23:01:15Z</Time><HeartRateBpm><Value>120</Value></HeartRateBpm><Cadence>61</Cadence><Extensions><ns3:TPX><ns3:Speed>0.0</ns3:Speed></ns3:TPX></Extensions></Trackpoint><Trackpoint><Time>2026-01-07T23:01:18Z</Time><HeartRateBpm><Value>123</Value></HeartRateBpm><Cadence>61</Cadence><Extensions><ns3:TPX><ns3:Speed>0.0</ns3:Speed></ns3:TPX></Extensions></Trackpoint><Trackpoint><Time>2026-01-07T23:01:19Z</Time><HeartRateBpm><Value>124</Value></HeartRateBpm><Cadence>61</Cadence><Extensions><ns3:TPX><ns3:Speed>0.0</ns3:Speed></ns3:TPX></Extensions></Trackpoint><Trackpoint><Time>2026-01-07T23:01:22Z</Time><HeartRateBpm><Value>125</Value></HeartRateBpm><Cadence>61</Cadence><Extensions><ns3:TPX><ns3:Speed>0.0</ns3:Speed></ns3:TPX></Extensions></Trackpoint><Trackpoint><Time>2026-01-07T23:01:23Z</Time><HeartRateBpm><Value>126</Value></HeartRateBpm><Cadence>61</Cadence><Extensions><ns3:TPX><ns3:Speed>0.0</ns3:Speed></ns3:TPX></Extensions></Trackpoint><Trackpoint><Time>2026-01-07T23:01:25Z</Time><HeartRateBpm><Value>127</Value></HeartRateBpm><Cadence>61</Cadence><Extensions><ns3:TPX><ns3:Speed>0.0</ns3:Speed></ns3:TPX></Extensions></Trackpoint><Trackpoint><Time>2026-01-07T23:01:26Z</Time><HeartRateBpm><Value>130</Value></HeartRateBpm><Cadence>61</Cadence><Extensions><ns3:TPX><ns3:Speed>0.0</ns3:Speed></ns3:TPX></Extensions></Trackpoint><Trackpoint><Time>2026-01-07T23:01:28Z</Time><HeartRateBpm><Value>134</Value></HeartRateBpm><Cadence>61</Cadence><Extensions><ns3:TPX><ns3:Speed>0.0</ns3:Speed></ns3:TPX></Extensions></Trackpoint><Trackpoint><Time>2026-01-07T23:01:29Z</Time><HeartRateBpm><Value>137</Value></HeartRateBpm><Cadence>61</Cadence><Extensions><ns3:TPX><ns3:Speed>0.0</ns3:Speed></ns3:TPX></Extensions></Trackpoint><Trackpoint><Time>2026-01-07T23:01:30Z</Time><HeartRateBpm><Value>125</Value></HeartRateBpm><Cadence>61</Cadence><Extensions><ns3:TPX><ns3:Speed>0.0</ns3:Speed></ns3:TPX></Extensions></Trackpoint><Trackpoint><Time>2026-01-07T23:01:31Z</Time><HeartRateBpm><Value>129</Value></HeartRateBpm><Cadence>61</Cadence><Extensions><ns3:TPX><ns3:Speed>0.0</ns3:Speed></ns3:TPX></Extensions></Trackpoint><Trackpoint><Time>2026-01-07T23:01:32Z</Time><HeartRateBpm><Value>127</Value></HeartRateBpm><Cadence>61</Cadence><Extensions><ns3:TPX><ns3:Speed>0.0</ns3:Speed></ns3:TPX></Extensions></Trackpoint><Trackpoint><Time>2026-01-07T23:01:34Z</Time><HeartRateBpm><Value>126</Value></HeartRateBpm><Cadence>61</Cadence><Extensions><ns3:TPX><ns3:Speed>0.0</ns3:Speed></ns3:TPX></Extensions></Trackpoint><Trackpoint><Time>2026-01-07T23:01:36Z</Time><HeartRateBpm><Value>127</Value></HeartRateBpm><Cadence>61</Cadence><Extensions><ns3:TPX><ns3:Speed>0.0</ns3:Speed></ns3:TPX></Extensions></Trackpoint><Trackpoint><Time>2026-01-07T23:01:37Z</Time><HeartRateBpm><Value>129</Value></HeartRateBpm><Cadence>61</Cadence><Extensions><ns3:TPX><ns3:Speed>0.0</ns3:Speed></ns3:TPX></Extensions></Trackpoint><Trackpoint><Time>2026-01-07T23:01:38Z</Time><HeartRateBpm><Value>132</Value></HeartRateBpm><Cadence>61</Cadence><Extensions><ns3:TPX><ns3:Speed>0.0</ns3:Speed></ns3:TPX></Extensions></Trackpoint><Trackpoint><Time>2026-01-07T23:01:40Z</Time><HeartRateBpm><Value>133</Value></HeartRateBpm><Cadence>61</Cadence><Extensions><ns3:TPX><ns3:Speed>0.0</ns3:Speed></ns3:TPX></Extensions></Trackpoint><Trackpoint><Time>2026-01-07T23:01:41Z</Time><HeartRateBpm><Value>134</Value></HeartRateBpm><Cadence>61</Cadence><Extensions><ns3:TPX><ns3:Speed>0.0</ns3:Speed></ns3:TPX></Extensions></Trackpoint><Trackpoint><Time>2026-01-07T23:01:42Z</Time><HeartRateBpm><Value>133</Value></HeartRateBpm><Cadence>61</Cadence><Extensions><ns3:TPX><ns3:Speed>0.0</ns3:Speed></ns3:TPX></Extensions></Trackpoint><Trackpoint><Time>2026-01-07T23:01:43Z</Time><HeartRateBpm><Value>132</Value></HeartRateBpm><Cadence>61</Cadence><Extensions><ns3:TPX><ns3:Speed>0.0</ns3:Speed></ns3:TPX></Extensions></Trackpoint><Trackpoint><Time>2026-01-07T23:01:47Z</Time><HeartRateBpm><Value>133</Value></HeartRateBpm><Cadence>61</Cadence><Extensions><ns3:TPX><ns3:Speed>0.0</ns3:Speed></ns3:TPX></Extensions></Trackpoint><Trackpoint><Time>2026-01-07T23:01:48Z</Time><HeartRateBpm><Value>135</Value></HeartRateBpm><Cadence>61</Cadence><Extensions><ns3:TPX><ns3:Speed>0.0</ns3:Speed></ns3:TPX></Extensions></Trackpoint><Trackpoint><Time>2026-01-07T23:01:52Z</Time><HeartRateBpm><Value>137</Value></HeartRateBpm><Cadence>61</Cadence><Extensions><ns3:TPX><ns3:Speed>0.0</ns3:Speed></ns3:TPX></Extensions></Trackpoint><Trackpoint><Time>2026-01-07T23:01:53Z</Time><HeartRateBpm><Value>138</Value></HeartRateBpm><Cadence>61</Cadence><Extensions><ns3:TPX><ns3:Speed>0.0</ns3:Speed></ns3:TPX></Extensions></Trackpoint><Trackpoint><Time>2026-01-07T23:01:54Z</Time><HeartRateBpm><Value>140</Value></HeartRateBpm><Cadence>61</Cadence><Extensions><ns3:TPX><ns3:Speed>0.0</ns3:Speed></ns3:TPX></Extensions></Trackpoint><Trackpoint><Time>2026-01-07T23:01:56Z</Time><HeartRateBpm><Value>139</Value></HeartRateBpm><Cadence>61</Cadence><Extensions><ns3:TPX><ns3:Speed>0.0</ns3:Speed></ns3:TPX></Extensions></Trackpoint><Trackpoint><Time>2026-01-07T23:01:58Z</Time><HeartRateBpm><Value>140</Value></HeartRateBpm><Cadence>61</Cadence><Extensions><ns3:TPX><ns3:Speed>0.0</ns3:Speed></ns3:TPX></Extensions></Trackpoint><Trackpoint><Time>2026-01-07T23:02:00Z</Time><HeartRateBpm><Value>142</Value></HeartRateBpm><Cadence>61</Cadence><Extensions><ns3:TPX><ns3:Speed>0.0</ns3:Speed></ns3:TPX></Extensions></Trackpoint><Trackpoint><Time>2026-01-07T23:02:01Z</Time><HeartRateBpm><Value>143</Value></HeartRateBpm><Cadence>61</Cadence><Extensions><ns3:TPX><ns3:Speed>0.0</ns3:Speed></ns3:TPX></Extensions></Trackpoint><Trackpoint><Time>2026-01-07T23:02:04Z</Time><HeartRateBpm><Value>144</Value></HeartRateBpm><Cadence>61</Cadence><Extensions><ns3:TPX><ns3:Speed>0.0</ns3:Speed></ns3:TPX></Extensions></Trackpoint><Trackpoint><Time>2026-01-07T23:02:10Z</Time><HeartRateBpm><Value>144</Value></HeartRateBpm><Cadence>61</Cadence><Extensions><ns3:TPX><ns3:Speed>0.0</ns3:Speed></ns3:TPX></Extensions></Trackpoint><Trackpoint><Time>2026-01-07T23:02:12Z</Time><HeartRateBpm><Value>145</Value></HeartRateBpm><Cadence>61</Cadence><Extensions><ns3:TPX><ns3:Speed>0.0</ns3:Speed></ns3:TPX></Extensions></Trackpoint><Trackpoint><Time>2026-01-07T23:02:17Z</Time><HeartRateBpm><Value>145</Value></HeartRateBpm><Cadence>61</Cadence><Extensions><ns3:TPX><ns3:Speed>0.0</ns3:Speed></ns3:TPX></Extensions></Trackpoint><Trackpoint><Time>2026-01-07T23:02:18Z</Time><HeartRateBpm><Value>146</Value></HeartRateBpm><Cadence>61</Cadence><Extensions><ns3:TPX><ns3:Speed>0.0</ns3:Speed></ns3:TPX></Extensions></Trackpoint><Trackpoint><Time>2026-01-07T23:02:23Z</Time><HeartRateBpm><Value>147</Value></HeartRateBpm><Cadence>61</Cadence><Extensions><ns3:TPX><ns3:Speed>0.0</ns3:Speed></ns3:TPX></Extensions></Trackpoint><Trackpoint><Time>2026-01-07T23:02:24Z</Time><HeartRateBpm><Value>146</Value></HeartRateBpm><Cadence>61</Cadence><Extensions><ns3:TPX><ns3:Speed>0.0</ns3:Speed></ns3:TPX></Extensions></Trackpoint><Trackpoint><Time>2026-01-07T23:02:29Z</Time><HeartRateBpm><Value>146</Value></HeartRateBpm><Cadence>61</Cadence><Extensions><ns3:TPX><ns3:Speed>0.0</ns3:Speed></ns3:TPX></Extensions></Trackpoint><Trackpoint><Time>2026-01-07T23:02:30Z</Time><HeartRateBpm><Value>147</Value></HeartRateBpm><Cadence>61</Cadence><Extensions><ns3:TPX><ns3:Speed>0.0</ns3:Speed></ns3:TPX></Extensions></Trackpoint><Trackpoint><Time>2026-01-07T23:02:31Z</Time><HeartRateBpm><Value>148</Value></HeartRateBpm><Cadence>61</Cadence><Extensions><ns3:TPX><ns3:Speed>0.0</ns3:Speed></ns3:TPX></Extensions></Trackpoint><Trackpoint><Time>2026-01-07T23:02:33Z</Time><HeartRateBpm><Value>147</Value></HeartRateBpm><Cadence>61</Cadence><Extensions><ns3:TPX><ns3:Speed>0.0</ns3:Speed></ns3:TPX></Extensions></Trackpoint><Trackpoint><Time>2026-01-07T23:02:34Z</Time><HeartRateBpm><Value>148</Value></HeartRateBpm><Cadence>61</Cadence><Extensions><ns3:TPX><ns3:Speed>0.0</ns3:Speed></ns3:TPX></Extensions></Trackpoint><Trackpoint><Time>2026-01-07T23:02:35Z</Time><HeartRateBpm><Value>149</Value></HeartRateBpm><Cadence>61</Cadence><Extensions><ns3:TPX><ns3:Speed>0.0</ns3:Speed></ns3:TPX></Extensions></Trackpoint><Trackpoint><Time>2026-01-07T23:02:37Z</Time><HeartRateBpm><Value>147</Value></HeartRateBpm><Cadence>61</Cadence><Extensions><ns3:TPX><ns3:Speed>0.0</ns3:Speed></ns3:TPX></Extensions></Trackpoint><Trackpoint><Time>2026-01-07T23:02:40Z</Time><HeartRateBpm><Value>146</Value></HeartRateBpm><Cadence>61</Cadence><Extensions><ns3:TPX><ns3:Speed>0.0</ns3:Speed></ns3:TPX></Extensions></Trackpoint><Trackpoint><Time>2026-01-07T23:02:42Z</Time><HeartRateBpm><Value>143</Value></HeartRateBpm><Cadence>61</Cadence><Extensions><ns3:TPX><ns3:Speed>0.0</ns3:Speed></ns3:TPX></Extensions></Trackpoint><Trackpoint><Time>2026-01-07T23:02:44Z</Time><HeartRateBpm><Value>141</Value></HeartRateBpm><Cadence>61</Cadence><Extensions><ns3:TPX><ns3:Speed>0.0</ns3:Speed></ns3:TPX></Extensions></Trackpoint><Trackpoint><Time>2026-01-07T23:02:46Z</Time><HeartRateBpm><Value>137</Value></HeartRateBpm><Cadence>61</Cadence><Extensions><ns3:TPX><ns3:Speed>0.0</ns3:Speed></ns3:TPX></Extensions></Trackpoint><Trackpoint><Time>2026-01-07T23:02:47Z</Time><HeartRateBpm><Value>136</Value></HeartRateBpm><Cadence>61</Cadence><Extensions><ns3:TPX><ns3:Speed>0.0</ns3:Speed></ns3:TPX></Extensions></Trackpoint><Trackpoint><Time>2026-01-07T23:02:48Z</Time><HeartRateBpm><Value>135</Value></HeartRateBpm><Cadence>61</Cadence><Extensions><ns3:TPX><ns3:Speed>0.0</ns3:Speed></ns3:TPX></Extensions></Trackpoint><Trackpoint><Time>2026-01-07T23:02:50Z</Time><HeartRateBpm><Value>134</Value></HeartRateBpm><Cadence>61</Cadence><Extensions><ns3:TPX><ns3:Speed>0.0</ns3:Speed></ns3:TPX></Extensions></Trackpoint><Trackpoint><Time>2026-01-07T23:02:52Z</Time><HeartRateBpm><Value>133</Value></HeartRateBpm><Cadence>61</Cadence><Extensions><ns3:TPX><ns3:Speed>0.0</ns3:Speed></ns3:TPX></Extensions></Trackpoint><Trackpoint><Time>2026-01-07T23:02:53Z</Time><HeartRateBpm><Value>132</Value></HeartRateBpm><Cadence>61</Cadence><Extensions><ns3:TPX><ns3:Speed>0.0</ns3:Speed></ns3:TPX></Extensions></Trackpoint><Trackpoint><Time>2026-01-07T23:02:58Z</Time><HeartRateBpm><Value>131</Value></HeartRateBpm><Cadence>61</Cadence><Extensions><ns3:TPX><ns3:Speed>0.0</ns3:Speed></ns3:TPX></Extensions></Trackpoint><Trackpoint><Time>2026-01-07T23:03:01Z</Time><HeartRateBpm><Value>132</Value></HeartRateBpm><Cadence>61</Cadence><Extensions><ns3:TPX><ns3:Speed>0.0</ns3:Speed></ns3:TPX></Extensions></Trackpoint><Trackpoint><Time>2026-01-07T23:03:02Z</Time><HeartRateBpm><Value>133</Value></HeartRateBpm><Cadence>61</Cadence><Extensions><ns3:TPX><ns3:Speed>0.0</ns3:Speed></ns3:TPX></Extensions></Trackpoint><Trackpoint><Time>2026-01-07T23:03:05Z</Time><HeartRateBpm><Value>134</Value></HeartRateBpm><Cadence>61</Cadence><Extensions><ns3:TPX><ns3:Speed>0.0</ns3:Speed></ns3:TPX></Extensions></Trackpoint><Trackpoint><Time>2026-01-07T23:03:08Z</Time><HeartRateBpm><Value>136</Value></HeartRateBpm><Cadence>61</Cadence><Extensions><ns3:TPX><ns3:Speed>0.0</ns3:Speed></ns3:TPX></Extensions></Trackpoint><Trackpoint><Time>2026-01-07T23:03:09Z</Time><HeartRateBpm><Value>137</Value></HeartRateBpm><Cadence>61</Cadence><Extensions><ns3:TPX><ns3:Speed>0.0</ns3:Speed></ns3:TPX></Extensions></Trackpoint><Trackpoint><Time>2026-01-07T23:03:11Z</Time><HeartRateBpm><Value>138</Value></HeartRateBpm><Cadence>61</Cadence><Extensions><ns3:TPX><ns3:Speed>0.0</ns3:Speed></ns3:TPX></Extensions></Trackpoint><Trackpoint><Time>2026-01-07T23:03:12Z</Time><HeartRateBpm><Value>137</Value></HeartRateBpm><Cadence>61</Cadence><Extensions><ns3:TPX><ns3:Speed>0.0</ns3:Speed></ns3:TPX></Extensions></Trackpoint><Trackpoint><Time>2026-01-07T23:03:13Z</Time><HeartRateBpm><Value>136</Value></HeartRateBpm><Cadence>61</Cadence><Extensions><ns3:TPX><ns3:Speed>0.0</ns3:Speed></ns3:TPX></Extensions></Trackpoint><Trackpoint><Time>2026-01-07T23:03:15Z</Time><HeartRateBpm><Value>137</Value></HeartRateBpm><Cadence>61</Cadence><Extensions><ns3:TPX><ns3:Speed>0.0</ns3:Speed></ns3:TPX></Extensions></Trackpoint><Trackpoint><Time>2026-01-07T23:03:17Z</Time><HeartRateBpm><Value>138</Value></HeartRateBpm><Cadence>61</Cadence><Extensions><ns3:TPX><ns3:Speed>0.0</ns3:Speed></ns3:TPX></Extensions></Trackpoint><Trackpoint><Time>2026-01-07T23:03:18Z</Time><HeartRateBpm><Value>137</Value></HeartRateBpm><Cadence>61</Cadence><Extensions><ns3:TPX><ns3:Speed>0.0</ns3:Speed></ns3:TPX></Extensions></Trackpoint><Trackpoint><Time>2026-01-07T23:03:20Z</Time><HeartRateBpm><Value>138</Value></HeartRateBpm><Cadence>61</Cadence><Extensions><ns3:TPX><ns3:Speed>0.0</ns3:Speed></ns3:TPX></Extensions></Trackpoint><Trackpoint><Time>2026-01-07T23:03:24Z</Time><HeartRateBpm><Value>137</Value></HeartRateBpm><Cadence>61</Cadence><Extensions><ns3:TPX><ns3:Speed>0.0</ns3:Speed></ns3:TPX></Extensions></Trackpoint><Trackpoint><Time>2026-01-07T23:03:25Z</Time><HeartRateBpm><Value>136</Value></HeartRateBpm><Cadence>61</Cadence><Extensions><ns3:TPX><ns3:Speed>0.0</ns3:Speed></ns3:TPX></Extensions></Trackpoint><Trackpoint><Time>2026-01-07T23:03:26Z</Time><HeartRateBpm><Value>135</Value></HeartRateBpm><Cadence>61</Cadence><Extensions><ns3:TPX><ns3:Speed>0.0</ns3:Speed></ns3:TPX></Extensions></Trackpoint><Trackpoint><Time>2026-01-07T23:03:31Z</Time><HeartRateBpm><Value>135</Value></HeartRateBpm><Cadence>61</Cadence><Extensions><ns3:TPX><ns3:Speed>0.0</ns3:Speed></ns3:TPX></Extensions></Trackpoint><Trackpoint><Time>2026-01-07T23:03:35Z</Time><HeartRateBpm><Value>134</Value></HeartRateBpm><Cadence>61</Cadence><Extensions><ns3:TPX><ns3:Speed>0.0</ns3:Speed></ns3:TPX></Extensions></Trackpoint><Trackpoint><Time>2026-01-07T23:03:39Z</Time><HeartRateBpm><Value>135</Value></HeartRateBpm><Cadence>61</Cadence><Extensions><ns3:TPX><ns3:Speed>0.0</ns3:Speed></ns3:TPX></Extensions></Trackpoint><Trackpoint><Time>2026-01-07T23:03:44Z</Time><HeartRateBpm><Value>135</Value></HeartRateBpm><Cadence>61</Cadence><Extensions><ns3:TPX><ns3:Speed>0.0</ns3:Speed></ns3:TPX></Extensions></Trackpoint><Trackpoint><Time>2026-01-07T23:03:47Z</Time><HeartRateBpm><Value>134</Value></HeartRateBpm><Cadence>61</Cadence><Extensions><ns3:TPX><ns3:Speed>0.0</ns3:Speed></ns3:TPX></Extensions></Trackpoint><Trackpoint><Time>2026-01-07T23:03:49Z</Time><HeartRateBpm><Value>135</Value></HeartRateBpm><Cadence>61</Cadence><Extensions><ns3:TPX><ns3:Speed>0.0</ns3:Speed></ns3:TPX></Extensions></Trackpoint><Trackpoint><Time>2026-01-07T23:03:50Z</Time><HeartRateBpm><Value>134</Value></HeartRateBpm><Cadence>61</Cadence><Extensions><ns3:TPX><ns3:Speed>0.0</ns3:Speed></ns3:TPX></Extensions></Trackpoint><Trackpoint><Time>2026-01-07T23:03:54Z</Time><HeartRateBpm><Value>133</Value></HeartRateBpm><Cadence>61</Cadence><Extensions><ns3:TPX><ns3:Speed>0.0</ns3:Speed></ns3:TPX></Extensions></Trackpoint><Trackpoint><Time>2026-01-07T23:03:59Z</Time><HeartRateBpm><Value>133</Value></HeartRateBpm><Cadence>61</Cadence><Extensions><ns3:TPX><ns3:Speed>0.0</ns3:Speed></ns3:TPX></Extensions></Trackpoint><Trackpoint><Time>2026-01-07T23:04:01Z</Time><HeartRateBpm><Value>134</Value></HeartRateBpm><Cadence>61</Cadence><Extensions><ns3:TPX><ns3:Speed>0.0</ns3:Speed></ns3:TPX></Extensions></Trackpoint><Trackpoint><Time>2026-01-07T23:04:06Z</Time><HeartRateBpm><Value>134</Value></HeartRateBpm><Cadence>61</Cadence><Extensions><ns3:TPX><ns3:Speed>0.0</ns3:Speed></ns3:TPX></Extensions></Trackpoint><Trackpoint><Time>2026-01-07T23:04:07Z</Time><HeartRateBpm><Value>132</Value></HeartRateBpm><Cadence>61</Cadence><Extensions><ns3:TPX><ns3:Speed>0.0</ns3:Speed></ns3:TPX></Extensions></Trackpoint><Trackpoint><Time>2026-01-07T23:04:08Z</Time><HeartRateBpm><Value>131</Value></HeartRateBpm><Cadence>61</Cadence><Extensions><ns3:TPX><ns3:Speed>0.0</ns3:Speed></ns3:TPX></Extensions></Trackpoint><Trackpoint><Time>2026-01-07T23:04:09Z</Time><HeartRateBpm><Value>130</Value></HeartRateBpm><Cadence>61</Cadence><Extensions><ns3:TPX><ns3:Speed>0.0</ns3:Speed></ns3:TPX></Extensions></Trackpoint><Trackpoint><Time>2026-01-07T23:04:13Z</Time><HeartRateBpm><Value>129</Value></HeartRateBpm><Cadence>61</Cadence><Extensions><ns3:TPX><ns3:Speed>0.0</ns3:Speed></ns3:TPX></Extensions></Trackpoint><Trackpoint><Time>2026-01-07T23:04:14Z</Time><HeartRateBpm><Value>128</Value></HeartRateBpm><Cadence>61</Cadence><Extensions><ns3:TPX><ns3:Speed>0.0</ns3:Speed></ns3:TPX></Extensions></Trackpoint><Trackpoint><Time>2026-01-07T23:04:19Z</Time><HeartRateBpm><Value>128</Value></HeartRateBpm><Cadence>61</Cadence><Extensions><ns3:TPX><ns3:Speed>0.0</ns3:Speed></ns3:TPX></Extensions></Trackpoint><Trackpoint><Time>2026-01-07T23:04:20Z</Time><HeartRateBpm><Value>127</Value></HeartRateBpm><Cadence>61</Cadence><Extensions><ns3:TPX><ns3:Speed>0.0</ns3:Speed></ns3:TPX></Extensions></Trackpoint><Trackpoint><Time>2026-01-07T23:04:21Z</Time><HeartRateBpm><Value>126</Value></HeartRateBpm><Cadence>61</Cadence><Extensions><ns3:TPX><ns3:Speed>0.0</ns3:Speed></ns3:TPX></Extensions></Trackpoint><Trackpoint><Time>2026-01-07T23:04:26Z</Time><HeartRateBpm><Value>126</Value></HeartRateBpm><Cadence>61</Cadence><Extensions><ns3:TPX><ns3:Speed>0.0</ns3:Speed></ns3:TPX></Extensions></Trackpoint><Trackpoint><Time>2026-01-07T23:04:30Z</Time><HeartRateBpm><Value>127</Value></HeartRateBpm><Cadence>61</Cadence><Extensions><ns3:TPX><ns3:Speed>0.0</ns3:Speed></ns3:TPX></Extensions></Trackpoint><Trackpoint><Time>2026-01-07T23:04:31Z</Time><HeartRateBpm><Value>128</Value></HeartRateBpm><Cadence>61</Cadence><Extensions><ns3:TPX><ns3:Speed>0.0</ns3:Speed></ns3:TPX></Extensions></Trackpoint><Trackpoint><Time>2026-01-07T23:04:34Z</Time><HeartRateBpm><Value>127</Value></HeartRateBpm><Cadence>61</Cadence><Extensions><ns3:TPX><ns3:Speed>0.0</ns3:Speed></ns3:TPX></Extensions></Trackpoint><Trackpoint><Time>2026-01-07T23:04:39Z</Time><HeartRateBpm><Value>127</Value></HeartRateBpm><Cadence>61</Cadence><Extensions><ns3:TPX><ns3:Speed>0.0</ns3:Speed></ns3:TPX></Extensions></Trackpoint><Trackpoint><Time>2026-01-07T23:04:44Z</Time><HeartRateBpm><Value>127</Value></HeartRateBpm><Cadence>61</Cadence><Extensions><ns3:TPX><ns3:Speed>0.0</ns3:Speed></ns3:TPX></Extensions></Trackpoint><Trackpoint><Time>2026-01-07T23:04:45Z</Time><HeartRateBpm><Value>126</Value></HeartRateBpm><Cadence>61</Cadence><Extensions><ns3:TPX><ns3:Speed>0.0</ns3:Speed></ns3:TPX></Extensions></Trackpoint><Trackpoint><Time>2026-01-07T23:04:49Z</Time><HeartRateBpm><Value>125</Value></HeartRateBpm><Cadence>61</Cadence><Extensions><ns3:TPX><ns3:Speed>0.0</ns3:Speed></ns3:TPX></Extensions></Trackpoint><Trackpoint><Time>2026-01-07T23:04:50Z</Time><HeartRateBpm><Value>124</Value></HeartRateBpm><Cadence>61</Cadence><Extensions><ns3:TPX><ns3:Speed>0.0</ns3:Speed></ns3:TPX></Extensions></Trackpoint><Trackpoint><Time>2026-01-07T23:04:53Z</Time><HeartRateBpm><Value>123</Value></HeartRateBpm><Cadence>61</Cadence><Extensions><ns3:TPX><ns3:Speed>0.0</ns3:Speed></ns3:TPX></Extensions></Trackpoint><Trackpoint><Time>2026-01-07T23:04:55Z</Time><HeartRateBpm><Value>122</Value></HeartRateBpm><Cadence>61</Cadence><Extensions><ns3:TPX><ns3:Speed>0.0</ns3:Speed></ns3:TPX></Extensions></Trackpoint><Trackpoint><Time>2026-01-07T23:04:57Z</Time><HeartRateBpm><Value>123</Value></HeartRateBpm><Cadence>61</Cadence><Extensions><ns3:TPX><ns3:Speed>0.0</ns3:Speed></ns3:TPX></Extensions></Trackpoint><Trackpoint><Time>2026-01-07T23:05:01Z</Time><HeartRateBpm><Value>124</Value></HeartRateBpm><Cadence>61</Cadence><Extensions><ns3:TPX><ns3:Speed>0.0</ns3:Speed></ns3:TPX></Extensions></Trackpoint><Trackpoint><Time>2026-01-07T23:05:02Z</Time><HeartRateBpm><Value>126</Value></HeartRateBpm><Cadence>61</Cadence><Extensions><ns3:TPX><ns3:Speed>0.0</ns3:Speed></ns3:TPX></Extensions></Trackpoint><Trackpoint><Time>2026-01-07T23:05:03Z</Time><HeartRateBpm><Value>127</Value></HeartRateBpm><Cadence>61</Cadence><Extensions><ns3:TPX><ns3:Speed>0.0</ns3:Speed></ns3:TPX></Extensions></Trackpoint><Trackpoint><Time>2026-01-07T23:05:08Z</Time><HeartRateBpm><Value>127</Value></HeartRateBpm><Cadence>61</Cadence><Extensions><ns3:TPX><ns3:Speed>0.0</ns3:Speed></ns3:TPX></Extensions></Trackpoint><Trackpoint><Time>2026-01-07T23:05:10Z</Time><HeartRateBpm><Value>125</Value></HeartRateBpm><Cadence>61</Cadence><Extensions><ns3:TPX><ns3:Speed>0.0</ns3:Speed></ns3:TPX></Extensions></Trackpoint><Trackpoint><Time>2026-01-07T23:05:11Z</Time><HeartRateBpm><Value>124</Value></HeartRateBpm><Cadence>61</Cadence><Extensions><ns3:TPX><ns3:Speed>0.0</ns3:Speed></ns3:TPX></Extensions></Trackpoint><Trackpoint><Time>2026-01-07T23:05:13Z</Time><HeartRateBpm><Value>123</Value></HeartRateBpm><Cadence>61</Cadence><Extensions><ns3:TPX><ns3:Speed>0.0</ns3:Speed></ns3:TPX></Extensions></Trackpoint><Trackpoint><Time>2026-01-07T23:05:14Z</Time><HeartRateBpm><Value>122</Value></HeartRateBpm><Cadence>61</Cadence><Extensions><ns3:TPX><ns3:Speed>0.0</ns3:Speed></ns3:TPX></Extensions></Trackpoint><Trackpoint><Time>2026-01-07T23:05:16Z</Time><HeartRateBpm><Value>125</Value></HeartRateBpm><Cadence>61</Cadence><Extensions><ns3:TPX><ns3:Speed>0.0</ns3:Speed></ns3:TPX></Extensions></Trackpoint><Trackpoint><Time>2026-01-07T23:05:17Z</Time><HeartRateBpm><Value>126</Value></HeartRateBpm><Cadence>61</Cadence><Extensions><ns3:TPX><ns3:Speed>0.0</ns3:Speed></ns3:TPX></Extensions></Trackpoint><Trackpoint><Time>2026-01-07T23:05:21Z</Time><HeartRateBpm><Value>128</Value></HeartRateBpm><Cadence>61</Cadence><Extensions><ns3:TPX><ns3:Speed>0.0</ns3:Speed></ns3:TPX></Extensions></Trackpoint><Trackpoint><Time>2026-01-07T23:05:22Z</Time><HeartRateBpm><Value>131</Value></HeartRateBpm><Cadence>61</Cadence><Extensions><ns3:TPX><ns3:Speed>0.0</ns3:Speed></ns3:TPX></Extensions></Trackpoint><Trackpoint><Time>2026-01-07T23:05:23Z</Time><HeartRateBpm><Value>132</Value></HeartRateBpm><Cadence>61</Cadence><Extensions><ns3:TPX><ns3:Speed>0.0</ns3:Speed></ns3:TPX></Extensions></Trackpoint><Trackpoint><Time>2026-01-07T23:05:26Z</Time><HeartRateBpm><Value>133</Value></HeartRateBpm><Cadence>61</Cadence><Extensions><ns3:TPX><ns3:Speed>0.0</ns3:Speed></ns3:TPX></Extensions></Trackpoint><Trackpoint><Time>2026-01-07T23:05:27Z</Time><HeartRateBpm><Value>134</Value></HeartRateBpm><Cadence>61</Cadence><Extensions><ns3:TPX><ns3:Speed>0.0</ns3:Speed></ns3:TPX></Extensions></Trackpoint><Trackpoint><Time>2026-01-07T23:05:28Z</Time><HeartRateBpm><Value>135</Value></HeartRateBpm><Cadence>61</Cadence><Extensions><ns3:TPX><ns3:Speed>0.0</ns3:Speed></ns3:TPX></Extensions></Trackpoint><Trackpoint><Time>2026-01-07T23:05:31Z</Time><HeartRateBpm><Value>136</Value></HeartRateBpm><Cadence>61</Cadence><Extensions><ns3:TPX><ns3:Speed>0.0</ns3:Speed></ns3:TPX></Extensions></Trackpoint><Trackpoint><Time>2026-01-07T23:05:34Z</Time><HeartRateBpm><Value>137</Value></HeartRateBpm><Cadence>61</Cadence><Extensions><ns3:TPX><ns3:Speed>0.0</ns3:Speed></ns3:TPX></Extensions></Trackpoint><Trackpoint><Time>2026-01-07T23:05:39Z</Time><HeartRateBpm><Value>138</Value></HeartRateBpm><Cadence>61</Cadence><Extensions><ns3:TPX><ns3:Speed>0.0</ns3:Speed></ns3:TPX></Extensions></Trackpoint><Trackpoint><Time>2026-01-07T23:05:40Z</Time><HeartRateBpm><Value>139</Value></HeartRateBpm><Cadence>61</Cadence><Extensions><ns3:TPX><ns3:Speed>0.0</ns3:Speed></ns3:TPX></Extensions></Trackpoint><Trackpoint><Time>2026-01-07T23:05:42Z</Time><HeartRateBpm><Value>140</Value></HeartRateBpm><Cadence>61</Cadence><Extensions><ns3:TPX><ns3:Speed>0.0</ns3:Speed></ns3:TPX></Extensions></Trackpoint><Trackpoint><Time>2026-01-07T23:05:44Z</Time><HeartRateBpm><Value>141</Value></HeartRateBpm><Cadence>61</Cadence><Extensions><ns3:TPX><ns3:Speed>0.0</ns3:Speed></ns3:TPX></Extensions></Trackpoint><Trackpoint><Time>2026-01-07T23:05:46Z</Time><HeartRateBpm><Value>143</Value></HeartRateBpm><Cadence>61</Cadence><Extensions><ns3:TPX><ns3:Speed>0.0</ns3:Speed></ns3:TPX></Extensions></Trackpoint><Trackpoint><Time>2026-01-07T23:05:50Z</Time><HeartRateBpm><Value>144</Value></HeartRateBpm><Cadence>61</Cadence><Extensions><ns3:TPX><ns3:Speed>0.0</ns3:Speed></ns3:TPX></Extensions></Trackpoint><Trackpoint><Time>2026-01-07T23:05:52Z</Time><HeartRateBpm><Value>146</Value></HeartRateBpm><Cadence>61</Cadence><Extensions><ns3:TPX><ns3:Speed>0.0</ns3:Speed></ns3:TPX></Extensions></Trackpoint><Trackpoint><Time>2026-01-07T23:05:57Z</Time><HeartRateBpm><Value>146</Value></HeartRateBpm><Cadence>61</Cadence><Extensions><ns3:TPX><ns3:Speed>0.0</ns3:Speed></ns3:TPX></Extensions></Trackpoint><Trackpoint><Time>2026-01-07T23:05:58Z</Time><HeartRateBpm><Value>147</Value></HeartRateBpm><Cadence>61</Cadence><Extensions><ns3:TPX><ns3:Speed>0.0</ns3:Speed></ns3:TPX></Extensions></Trackpoint><Trackpoint><Time>2026-01-07T23:05:59Z</Time><HeartRateBpm><Value>148</Value></HeartRateBpm><Cadence>61</Cadence><Extensions><ns3:TPX><ns3:Speed>0.0</ns3:Speed></ns3:TPX></Extensions></Trackpoint><Trackpoint><Time>2026-01-07T23:06:00Z</Time><HeartRateBpm><Value>149</Value></HeartRateBpm><Cadence>61</Cadence><Extensions><ns3:TPX><ns3:Speed>0.0</ns3:Speed></ns3:TPX></Extensions></Trackpoint><Trackpoint><Time>2026-01-07T23:06:02Z</Time><HeartRateBpm><Value>148</Value></HeartRateBpm><Cadence>61</Cadence><Extensions><ns3:TPX><ns3:Speed>0.0</ns3:Speed></ns3:TPX></Extensions></Trackpoint><Trackpoint><Time>2026-01-07T23:06:08Z</Time><HeartRateBpm><Value>149</Value></HeartRateBpm><Cadence>61</Cadence><Extensions><ns3:TPX><ns3:Speed>0.0</ns3:Speed></ns3:TPX></Extensions></Trackpoint><Trackpoint><Time>2026-01-07T23:06:10Z</Time><HeartRateBpm><Value>148</Value></HeartRateBpm><Cadence>61</Cadence><Extensions><ns3:TPX><ns3:Speed>0.0</ns3:Speed></ns3:TPX></Extensions></Trackpoint><Trackpoint><Time>2026-01-07T23:06:11Z</Time><HeartRateBpm><Value>149</Value></HeartRateBpm><Cadence>61</Cadence><Extensions><ns3:TPX><ns3:Speed>0.0</ns3:Speed></ns3:TPX></Extensions></Trackpoint><Trackpoint><Time>2026-01-07T23:06:14Z</Time><HeartRateBpm><Value>147</Value></HeartRateBpm><Cadence>61</Cadence><Extensions><ns3:TPX><ns3:Speed>0.0</ns3:Speed></ns3:TPX></Extensions></Trackpoint><Trackpoint><Time>2026-01-07T23:06:15Z</Time><HeartRateBpm><Value>146</Value></HeartRateBpm><Cadence>61</Cadence><Extensions><ns3:TPX><ns3:Speed>0.0</ns3:Speed></ns3:TPX></Extensions></Trackpoint><Trackpoint><Time>2026-01-07T23:06:16Z</Time><HeartRateBpm><Value>144</Value></HeartRateBpm><Cadence>61</Cadence><Extensions><ns3:TPX><ns3:Speed>0.0</ns3:Speed></ns3:TPX></Extensions></Trackpoint><Trackpoint><Time>2026-01-07T23:06:17Z</Time><HeartRateBpm><Value>143</Value></HeartRateBpm><Cadence>61</Cadence><Extensions><ns3:TPX><ns3:Speed>0.0</ns3:Speed></ns3:TPX></Extensions></Trackpoint><Trackpoint><Time>2026-01-07T23:06:21Z</Time><HeartRateBpm><Value>144</Value></HeartRateBpm><Cadence>61</Cadence><Extensions><ns3:TPX><ns3:Speed>0.0</ns3:Speed></ns3:TPX></Extensions></Trackpoint><Trackpoint><Time>2026-01-07T23:06:23Z</Time><HeartRateBpm><Value>143</Value></HeartRateBpm><Cadence>61</Cadence><Extensions><ns3:TPX><ns3:Speed>0.0</ns3:Speed></ns3:TPX></Extensions></Trackpoint><Trackpoint><Time>2026-01-07T23:06:26Z</Time><HeartRateBpm><Value>142</Value></HeartRateBpm><Cadence>61</Cadence><Extensions><ns3:TPX><ns3:Speed>0.0</ns3:Speed></ns3:TPX></Extensions></Trackpoint><Trackpoint><Time>2026-01-07T23:06:28Z</Time><HeartRateBpm><Value>141</Value></HeartRateBpm><Cadence>61</Cadence><Extensions><ns3:TPX><ns3:Speed>0.0</ns3:Speed></ns3:TPX></Extensions></Trackpoint><Trackpoint><Time>2026-01-07T23:06:29Z</Time><HeartRateBpm><Value>140</Value></HeartRateBpm><Cadence>61</Cadence><Extensions><ns3:TPX><ns3:Speed>0.0</ns3:Speed></ns3:TPX></Extensions></Trackpoint><Trackpoint><Time>2026-01-07T23:06:32Z</Time><HeartRateBpm><Value>141</Value></HeartRateBpm><Cadence>61</Cadence><Extensions><ns3:TPX><ns3:Speed>0.0</ns3:Speed></ns3:TPX></Extensions></Trackpoint><Trackpoint><Time>2026-01-07T23:06:35Z</Time><HeartRateBpm><Value>140</Value></HeartRateBpm><Cadence>61</Cadence><Extensions><ns3:TPX><ns3:Speed>0.0</ns3:Speed></ns3:TPX></Extensions></Trackpoint><Trackpoint><Time>2026-01-07T23:06:36Z</Time><HeartRateBpm><Value>138</Value></HeartRateBpm><Cadence>61</Cadence><Extensions><ns3:TPX><ns3:Speed>0.0</ns3:Speed></ns3:TPX></Extensions></Trackpoint><Trackpoint><Time>2026-01-07T23:06:38Z</Time><HeartRateBpm><Value>136</Value></HeartRateBpm><Cadence>61</Cadence><Extensions><ns3:TPX><ns3:Speed>0.0</ns3:Speed></ns3:TPX></Extensions></Trackpoint><Trackpoint><Time>2026-01-07T23:06:39Z</Time><HeartRateBpm><Value>135</Value></HeartRateBpm><Cadence>61</Cadence><Extensions><ns3:TPX><ns3:Speed>0.0</ns3:Speed></ns3:TPX></Extensions></Trackpoint><Trackpoint><Time>2026-01-07T23:06:40Z</Time><HeartRateBpm><Value>134</Value></HeartRateBpm><Cadence>61</Cadence><Extensions><ns3:TPX><ns3:Speed>0.0</ns3:Speed></ns3:TPX></Extensions></Trackpoint><Trackpoint><Time>2026-01-07T23:06:41Z</Time><HeartRateBpm><Value>132</Value></HeartRateBpm><Cadence>61</Cadence><Extensions><ns3:TPX><ns3:Speed>0.0</ns3:Speed></ns3:TPX></Extensions></Trackpoint><Trackpoint><Time>2026-01-07T23:06:42Z</Time><HeartRateBpm><Value>130</Value></HeartRateBpm><Cadence>61</Cadence><Extensions><ns3:TPX><ns3:Speed>0.0</ns3:Speed></ns3:TPX></Extensions></Trackpoint><Trackpoint><Time>2026-01-07T23:06:44Z</Time><HeartRateBpm><Value>129</Value></HeartRateBpm><Cadence>61</Cadence><Extensions><ns3:TPX><ns3:Speed>0.0</ns3:Speed></ns3:TPX></Extensions></Trackpoint><Trackpoint><Time>2026-01-07T23:06:45Z</Time><HeartRateBpm><Value>126</Value></HeartRateBpm><Cadence>61</Cadence><Extensions><ns3:TPX><ns3:Speed>0.0</ns3:Speed></ns3:TPX></Extensions></Trackpoint><Trackpoint><Time>2026-01-07T23:06:48Z</Time><HeartRateBpm><Value>124</Value></HeartRateBpm><Cadence>61</Cadence><Extensions><ns3:TPX><ns3:Speed>0.0</ns3:Speed></ns3:TPX></Extensions></Trackpoint><Trackpoint><Time>2026-01-07T23:06:50Z</Time><HeartRateBpm><Value>121</Value></HeartRateBpm><Cadence>61</Cadence><Extensions><ns3:TPX><ns3:Speed>0.0</ns3:Speed></ns3:TPX></Extensions></Trackpoint><Trackpoint><Time>2026-01-07T23:06:51Z</Time><HeartRateBpm><Value>115</Value></HeartRateBpm><Cadence>61</Cadence><Extensions><ns3:TPX><ns3:Speed>0.0</ns3:Speed></ns3:TPX></Extensions></Trackpoint><Trackpoint><Time>2026-01-07T23:06:52Z</Time><HeartRateBpm><Value>114</Value></HeartRateBpm><Cadence>61</Cadence><Extensions><ns3:TPX><ns3:Speed>0.0</ns3:Speed></ns3:TPX></Extensions></Trackpoint><Trackpoint><Time>2026-01-07T23:06:53Z</Time><HeartRateBpm><Value>112</Value></HeartRateBpm><Cadence>61</Cadence><Extensions><ns3:TPX><ns3:Speed>0.0</ns3:Speed></ns3:TPX></Extensions></Trackpoint><Trackpoint><Time>2026-01-07T23:06:54Z</Time><HeartRateBpm><Value>111</Value></HeartRateBpm><Cadence>61</Cadence><Extensions><ns3:TPX><ns3:Speed>0.0</ns3:Speed></ns3:TPX></Extensions></Trackpoint><Trackpoint><Time>2026-01-07T23:06:57Z</Time><HeartRateBpm><Value>110</Value></HeartRateBpm><Cadence>61</Cadence><Extensions><ns3:TPX><ns3:Speed>0.0</ns3:Speed></ns3:TPX></Extensions></Trackpoint><Trackpoint><Time>2026-01-07T23:06:58Z</Time><HeartRateBpm><Value>111</Value></HeartRateBpm><Cadence>61</Cadence><Extensions><ns3:TPX><ns3:Speed>0.0</ns3:Speed></ns3:TPX></Extensions></Trackpoint><Trackpoint><Time>2026-01-07T23:07:02Z</Time><HeartRateBpm><Value>110</Value></HeartRateBpm><Cadence>61</Cadence><Extensions><ns3:TPX><ns3:Speed>0.0</ns3:Speed></ns3:TPX></Extensions></Trackpoint><Trackpoint><Time>2026-01-07T23:07:03Z</Time><HeartRateBpm><Value>104</Value></HeartRateBpm><Cadence>61</Cadence><Extensions><ns3:TPX><ns3:Speed>0.0</ns3:Speed></ns3:TPX></Extensions></Trackpoint><Trackpoint><Time>2026-01-07T23:07:04Z</Time><HeartRateBpm><Value>99</Value></HeartRateBpm><Cadence>61</Cadence><Extensions><ns3:TPX><ns3:Speed>0.0</ns3:Speed></ns3:TPX></Extensions></Trackpoint><Trackpoint><Time>2026-01-07T23:07:05Z</Time><HeartRateBpm><Value>98</Value></HeartRateBpm><Cadence>61</Cadence><Extensions><ns3:TPX><ns3:Speed>0.0</ns3:Speed></ns3:TPX></Extensions></Trackpoint><Trackpoint><Time>2026-01-07T23:07:06Z</Time><HeartRateBpm><Value>96</Value></HeartRateBpm><Cadence>61</Cadence><Extensions><ns3:TPX><ns3:Speed>0.0</ns3:Speed></ns3:TPX></Extensions></Trackpoint><Trackpoint><Time>2026-01-07T23:07:08Z</Time><HeartRateBpm><Value>95</Value></HeartRateBpm><Cadence>61</Cadence><Extensions><ns3:TPX><ns3:Speed>0.0</ns3:Speed></ns3:TPX></Extensions></Trackpoint><Trackpoint><Time>2026-01-07T23:07:11Z</Time><HeartRateBpm><Value>94</Value></HeartRateBpm><Cadence>61</Cadence><Extensions><ns3:TPX><ns3:Speed>0.0</ns3:Speed></ns3:TPX></Extensions></Trackpoint><Trackpoint><Time>2026-01-07T23:07:12Z</Time><HeartRateBpm><Value>92</Value></HeartRateBpm><Cadence>61</Cadence><Extensions><ns3:TPX><ns3:Speed>0.0</ns3:Speed></ns3:TPX></Extensions></Trackpoint><Trackpoint><Time>2026-01-07T23:07:15Z</Time><HeartRateBpm><Value>90</Value></HeartRateBpm><Cadence>61</Cadence><Extensions><ns3:TPX><ns3:Speed>0.0</ns3:Speed></ns3:TPX></Extensions></Trackpoint><Trackpoint><Time>2026-01-07T23:07:16Z</Time><HeartRateBpm><Value>89</Value></HeartRateBpm><Cadence>61</Cadence><Extensions><ns3:TPX><ns3:Speed>0.0</ns3:Speed></ns3:TPX></Extensions></Trackpoint><Trackpoint><Time>2026-01-07T23:07:18Z</Time><HeartRateBpm><Value>88</Value></HeartRateBpm><Cadence>61</Cadence><Extensions><ns3:TPX><ns3:Speed>0.0</ns3:Speed></ns3:TPX></Extensions></Trackpoint><Trackpoint><Time>2026-01-07T23:07:23Z</Time><HeartRateBpm><Value>88</Value></HeartRateBpm><Cadence>61</Cadence><Extensions><ns3:TPX><ns3:Speed>0.0</ns3:Speed></ns3:TPX></Extensions></Trackpoint><Trackpoint><Time>2026-01-07T23:07:28Z</Time><HeartRateBpm><Value>88</Value></HeartRateBpm><Cadence>61</Cadence><Extensions><ns3:TPX><ns3:Speed>0.0</ns3:Speed></ns3:TPX></Extensions></Trackpoint><Trackpoint><Time>2026-01-07T23:07:33Z</Time><HeartRateBpm><Value>88</Value></HeartRateBpm><Cadence>61</Cadence><Extensions><ns3:TPX><ns3:Speed>0.0</ns3:Speed></ns3:TPX></Extensions></Trackpoint><Trackpoint><Time>2026-01-07T23:07:39Z</Time><HeartRateBpm><Value>88</Value></HeartRateBpm><Cadence>61</Cadence><Extensions><ns3:TPX><ns3:Speed>0.0</ns3:Speed></ns3:TPX></Extensions></Trackpoint><Trackpoint><Time>2026-01-07T23:07:45Z</Time><HeartRateBpm><Value>88</Value></HeartRateBpm><Cadence>61</Cadence><Extensions><ns3:TPX><ns3:Speed>0.0</ns3:Speed></ns3:TPX></Extensions></Trackpoint><Trackpoint><Time>2026-01-07T23:07:46Z</Time><HeartRateBpm><Value>90</Value></HeartRateBpm><Cadence>61</Cadence><Extensions><ns3:TPX><ns3:Speed>0.0</ns3:Speed></ns3:TPX></Extensions></Trackpoint><Trackpoint><Time>2026-01-07T23:07:48Z</Time><HeartRateBpm><Value>91</Value></HeartRateBpm><Cadence>61</Cadence><Extensions><ns3:TPX><ns3:Speed>0.0</ns3:Speed></ns3:TPX></Extensions></Trackpoint><Trackpoint><Time>2026-01-07T23:07:52Z</Time><HeartRateBpm><Value>92</Value></HeartRateBpm><Cadence>61</Cadence><Extensions><ns3:TPX><ns3:Speed>0.0</ns3:Speed></ns3:TPX></Extensions></Trackpoint><Trackpoint><Time>2026-01-07T23:07:55Z</Time><HeartRateBpm><Value>93</Value></HeartRateBpm><Cadence>61</Cadence><Extensions><ns3:TPX><ns3:Speed>0.0</ns3:Speed></ns3:TPX></Extensions></Trackpoint><Trackpoint><Time>2026-01-07T23:07:57Z</Time><HeartRateBpm><Value>94</Value></HeartRateBpm><Cadence>61</Cadence><Extensions><ns3:TPX><ns3:Speed>0.0</ns3:Speed></ns3:TPX></Extensions></Trackpoint><Trackpoint><Time>2026-01-07T23:07:58Z</Time><HeartRateBpm><Value>93</Value></HeartRateBpm><Cadence>61</Cadence><Extensions><ns3:TPX><ns3:Speed>0.0</ns3:Speed></ns3:TPX></Extensions></Trackpoint><Trackpoint><Time>2026-01-07T23:07:59Z</Time><HeartRateBpm><Value>94</Value></HeartRateBpm><Cadence>61</Cadence><Extensions><ns3:TPX><ns3:Speed>0.0</ns3:Speed></ns3:TPX></Extensions></Trackpoint><Trackpoint><Time>2026-01-07T23:08:04Z</Time><HeartRateBpm><Value>94</Value></HeartRateBpm><Cadence>61</Cadence><Extensions><ns3:TPX><ns3:Speed>0.0</ns3:Speed></ns3:TPX></Extensions></Trackpoint><Trackpoint><Time>2026-01-07T23:08:05Z</Time><HeartRateBpm><Value>95</Value></HeartRateBpm><Cadence>61</Cadence><Extensions><ns3:TPX><ns3:Speed>0.0</ns3:Speed></ns3:TPX></Extensions></Trackpoint><Trackpoint><Time>2026-01-07T23:08:10Z</Time><HeartRateBpm><Value>95</Value></HeartRateBpm><Cadence>61</Cadence><Extensions><ns3:TPX><ns3:Speed>0.0</ns3:Speed></ns3:TPX></Extensions></Trackpoint><Trackpoint><Time>2026-01-07T23:08:15Z</Time><HeartRateBpm><Value>95</Value></HeartRateBpm><Cadence>61</Cadence><Extensions><ns3:TPX><ns3:Speed>0.0</ns3:Speed></ns3:TPX></Extensions></Trackpoint><Trackpoint><Time>2026-01-07T23:08:16Z</Time><HeartRateBpm><Value>97</Value></HeartRateBpm><Cadence>61</Cadence><Extensions><ns3:TPX><ns3:Speed>0.0</ns3:Speed></ns3:TPX></Extensions></Trackpoint><Trackpoint><Time>2026-01-07T23:08:17Z</Time><HeartRateBpm><Value>99</Value></HeartRateBpm><Cadence>61</Cadence><Extensions><ns3:TPX><ns3:Speed>0.0</ns3:Speed></ns3:TPX></Extensions></Trackpoint><Trackpoint><Time>2026-01-07T23:08:18Z</Time><HeartRateBpm><Value>100</Value></HeartRateBpm><Cadence>61</Cadence><Extensions><ns3:TPX><ns3:Speed>0.0</ns3:Speed></ns3:TPX></Extensions></Trackpoint><Trackpoint><Time>2026-01-07T23:08:19Z</Time><HeartRateBpm><Value>99</Value></HeartRateBpm><Cadence>61</Cadence><Extensions><ns3:TPX><ns3:Speed>0.0</ns3:Speed></ns3:TPX></Extensions></Trackpoint><Trackpoint><Time>2026-01-07T23:08:23Z</Time><HeartRateBpm><Value>102</Value></HeartRateBpm><Cadence>61</Cadence><Extensions><ns3:TPX><ns3:Speed>0.0</ns3:Speed></ns3:TPX></Extensions></Trackpoint><Trackpoint><Time>2026-01-07T23:08:24Z</Time><HeartRateBpm><Value>103</Value></HeartRateBpm><Cadence>61</Cadence><Extensions><ns3:TPX><ns3:Speed>0.0</ns3:Speed></ns3:TPX></Extensions></Trackpoint><Trackpoint><Time>2026-01-07T23:08:25Z</Time><HeartRateBpm><Value>104</Value></HeartRateBpm><Cadence>61</Cadence><Extensions><ns3:TPX><ns3:Speed>0.0</ns3:Speed></ns3:TPX></Extensions></Trackpoint><Trackpoint><Time>2026-01-07T23:08:30Z</Time><HeartRateBpm><Value>104</Value></HeartRateBpm><Cadence>61</Cadence><Extensions><ns3:TPX><ns3:Speed>0.0</ns3:Speed></ns3:TPX></Extensions></Trackpoint><Trackpoint><Time>2026-01-07T23:08:34Z</Time><HeartRateBpm><Value>105</Value></HeartRateBpm><Cadence>61</Cadence><Extensions><ns3:TPX><ns3:Speed>0.0</ns3:Speed></ns3:TPX></Extensions></Trackpoint><Trackpoint><Time>2026-01-07T23:08:37Z</Time><HeartRateBpm><Value>106</Value></HeartRateBpm><Cadence>61</Cadence><Extensions><ns3:TPX><ns3:Speed>0.0</ns3:Speed></ns3:TPX></Extensions></Trackpoint><Trackpoint><Time>2026-01-07T23:08:41Z</Time><HeartRateBpm><Value>107</Value></HeartRateBpm><Cadence>61</Cadence><Extensions><ns3:TPX><ns3:Speed>0.0</ns3:Speed></ns3:TPX></Extensions></Trackpoint><Trackpoint><Time>2026-01-07T23:08:42Z</Time><HeartRateBpm><Value>108</Value></HeartRateBpm><Cadence>61</Cadence><Extensions><ns3:TPX><ns3:Speed>0.0</ns3:Speed></ns3:TPX></Extensions></Trackpoint><Trackpoint><Time>2026-01-07T23:08:47Z</Time><HeartRateBpm><Value>107</Value></HeartRateBpm><Cadence>61</Cadence><Extensions><ns3:TPX><ns3:Speed>0.0</ns3:Speed></ns3:TPX></Extensions></Trackpoint><Trackpoint><Time>2026-01-07T23:08:49Z</Time><HeartRateBpm><Value>106</Value></HeartRateBpm><Cadence>61</Cadence><Extensions><ns3:TPX><ns3:Speed>0.0</ns3:Speed></ns3:TPX></Extensions></Trackpoint><Trackpoint><Time>2026-01-07T23:08:50Z</Time><HeartRateBpm><Value>105</Value></HeartRateBpm><Cadence>61</Cadence><Extensions><ns3:TPX><ns3:Speed>0.0</ns3:Speed></ns3:TPX></Extensions></Trackpoint><Trackpoint><Time>2026-01-07T23:08:53Z</Time><HeartRateBpm><Value>103</Value></HeartRateBpm><Cadence>61</Cadence><Extensions><ns3:TPX><ns3:Speed>0.0</ns3:Speed></ns3:TPX></Extensions></Trackpoint><Trackpoint><Time>2026-01-07T23:08:54Z</Time><HeartRateBpm><Value>102</Value></HeartRateBpm><Cadence>61</Cadence><Extensions><ns3:TPX><ns3:Speed>0.0</ns3:Speed></ns3:TPX></Extensions></Trackpoint><Trackpoint><Time>2026-01-07T23:08:58Z</Time><HeartRateBpm><Value>103</Value></HeartRateBpm><Cadence>61</Cadence><Extensions><ns3:TPX><ns3:Speed>0.0</ns3:Speed></ns3:TPX></Extensions></Trackpoint><Trackpoint><Time>2026-01-07T23:09:04Z</Time><HeartRateBpm><Value>103</Value></HeartRateBpm><Cadence>61</Cadence><Extensions><ns3:TPX><ns3:Speed>0.0</ns3:Speed></ns3:TPX></Extensions></Trackpoint><Trackpoint><Time>2026-01-07T23:09:07Z</Time><HeartRateBpm><Value>102</Value></HeartRateBpm><Cadence>61</Cadence><Extensions><ns3:TPX><ns3:Speed>0.0</ns3:Speed></ns3:TPX></Extensions></Trackpoint><Trackpoint><Time>2026-01-07T23:09:08Z</Time><HeartRateBpm><Value>101</Value></HeartRateBpm><Cadence>61</Cadence><Extensions><ns3:TPX><ns3:Speed>0.0</ns3:Speed></ns3:TPX></Extensions></Trackpoint><Trackpoint><Time>2026-01-07T23:09:10Z</Time><HeartRateBpm><Value>100</Value></HeartRateBpm><Cadence>61</Cadence><Extensions><ns3:TPX><ns3:Speed>0.0</ns3:Speed></ns3:TPX></Extensions></Trackpoint><Trackpoint><Time>2026-01-07T23:09:12Z</Time><HeartRateBpm><Value>102</Value></HeartRateBpm><Cadence>61</Cadence><Extensions><ns3:TPX><ns3:Speed>0.0</ns3:Speed></ns3:TPX></Extensions></Trackpoint><Trackpoint><Time>2026-01-07T23:09:13Z</Time><HeartRateBpm><Value>103</Value></HeartRateBpm><Cadence>61</Cadence><Extensions><ns3:TPX><ns3:Speed>0.0</ns3:Speed></ns3:TPX></Extensions></Trackpoint><Trackpoint><Time>2026-01-07T23:09:18Z</Time><HeartRateBpm><Value>105</Value></HeartRateBpm><Cadence>61</Cadence><Extensions><ns3:TPX><ns3:Speed>0.0</ns3:Speed></ns3:TPX></Extensions></Trackpoint><Trackpoint><Time>2026-01-07T23:09:19Z</Time><HeartRateBpm><Value>106</Value></HeartRateBpm><Cadence>61</Cadence><Extensions><ns3:TPX><ns3:Speed>0.0</ns3:Speed></ns3:TPX></Extensions></Trackpoint><Trackpoint><Time>2026-01-07T23:09:24Z</Time><HeartRateBpm><Value>106</Value></HeartRateBpm><Cadence>61</Cadence><Extensions><ns3:TPX><ns3:Speed>0.0</ns3:Speed></ns3:TPX></Extensions></Trackpoint><Trackpoint><Time>2026-01-07T23:09:25Z</Time><HeartRateBpm><Value>107</Value></HeartRateBpm><Cadence>61</Cadence><Extensions><ns3:TPX><ns3:Speed>0.0</ns3:Speed></ns3:TPX></Extensions></Trackpoint><Trackpoint><Time>2026-01-07T23:09:30Z</Time><HeartRateBpm><Value>107</Value></HeartRateBpm><Cadence>61</Cadence><Extensions><ns3:TPX><ns3:Speed>0.0</ns3:Speed></ns3:TPX></Extensions></Trackpoint><Trackpoint><Time>2026-01-07T23:09:31Z</Time><HeartRateBpm><Value>108</Value></HeartRateBpm><Cadence>61</Cadence><Extensions><ns3:TPX><ns3:Speed>0.0</ns3:Speed></ns3:TPX></Extensions></Trackpoint><Trackpoint><Time>2026-01-07T23:09:32Z</Time><HeartRateBpm><Value>109</Value></HeartRateBpm><Cadence>61</Cadence><Extensions><ns3:TPX><ns3:Speed>0.0</ns3:Speed></ns3:TPX></Extensions></Trackpoint><Trackpoint><Time>2026-01-07T23:09:33Z</Time><HeartRateBpm><Value>110</Value></HeartRateBpm><Cadence>61</Cadence><Extensions><ns3:TPX><ns3:Speed>0.0</ns3:Speed></ns3:TPX></Extensions></Trackpoint><Trackpoint><Time>2026-01-07T23:09:36Z</Time><HeartRateBpm><Value>111</Value></HeartRateBpm><Cadence>61</Cadence><Extensions><ns3:TPX><ns3:Speed>0.0</ns3:Speed></ns3:TPX></Extensions></Trackpoint><Trackpoint><Time>2026-01-07T23:09:41Z</Time><HeartRateBpm><Value>111</Value></HeartRateBpm><Cadence>61</Cadence><Extensions><ns3:TPX><ns3:Speed>0.0</ns3:Speed></ns3:TPX></Extensions></Trackpoint><Trackpoint><Time>2026-01-07T23:09:47Z</Time><HeartRateBpm><Value>111</Value></HeartRateBpm><Cadence>61</Cadence><Extensions><ns3:TPX><ns3:Speed>0.0</ns3:Speed></ns3:TPX></Extensions></Trackpoint><Trackpoint><Time>2026-01-07T23:09:51Z</Time><HeartRateBpm><Value>110</Value></HeartRateBpm><Cadence>61</Cadence><Extensions><ns3:TPX><ns3:Speed>0.0</ns3:Speed></ns3:TPX></Extensions></Trackpoint><Trackpoint><Time>2026-01-07T23:09:53Z</Time><HeartRateBpm><Value>109</Value></HeartRateBpm><Cadence>61</Cadence><Extensions><ns3:TPX><ns3:Speed>0.0</ns3:Speed></ns3:TPX></Extensions></Trackpoint><Trackpoint><Time>2026-01-07T23:09:59Z</Time><HeartRateBpm><Value>109</Value></HeartRateBpm><Cadence>61</Cadence><Extensions><ns3:TPX><ns3:Speed>0.0</ns3:Speed></ns3:TPX></Extensions></Trackpoint><Trackpoint><Time>2026-01-07T23:10:00Z</Time><HeartRateBpm><Value>108</Value></HeartRateBpm><Cadence>61</Cadence><Extensions><ns3:TPX><ns3:Speed>0.0</ns3:Speed></ns3:TPX></Extensions></Trackpoint><Trackpoint><Time>2026-01-07T23:10:01Z</Time><HeartRateBpm><Value>109</Value></HeartRateBpm><Cadence>61</Cadence><Extensions><ns3:TPX><ns3:Speed>0.0</ns3:Speed></ns3:TPX></Extensions></Trackpoint><Trackpoint><Time>2026-01-07T23:10:02Z</Time><HeartRateBpm><Value>110</Value></HeartRateBpm><Cadence>61</Cadence><Extensions><ns3:TPX><ns3:Speed>0.0</ns3:Speed></ns3:TPX></Extensions></Trackpoint><Trackpoint><Time>2026-01-07T23:10:03Z</Time><HeartRateBpm><Value>111</Value></HeartRateBpm><Cadence>61</Cadence><Extensions><ns3:TPX><ns3:Speed>0.0</ns3:Speed></ns3:TPX></Extensions></Trackpoint><Trackpoint><Time>2026-01-07T23:10:06Z</Time><HeartRateBpm><Value>110</Value></HeartRateBpm><Cadence>61</Cadence><Extensions><ns3:TPX><ns3:Speed>0.0</ns3:Speed></ns3:TPX></Extensions></Trackpoint><Trackpoint><Time>2026-01-07T23:10:07Z</Time><HeartRateBpm><Value>109</Value></HeartRateBpm><Cadence>61</Cadence><Extensions><ns3:TPX><ns3:Speed>0.0</ns3:Speed></ns3:TPX></Extensions></Trackpoint><Trackpoint><Time>2026-01-07T23:10:11Z</Time><HeartRateBpm><Value>108</Value></HeartRateBpm><Cadence>61</Cadence><Extensions><ns3:TPX><ns3:Speed>0.0</ns3:Speed></ns3:TPX></Extensions></Trackpoint><Trackpoint><Time>2026-01-07T23:10:12Z</Time><HeartRateBpm><Value>107</Value></HeartRateBpm><Cadence>61</Cadence><Extensions><ns3:TPX><ns3:Speed>0.0</ns3:Speed></ns3:TPX></Extensions></Trackpoint><Trackpoint><Time>2026-01-07T23:10:13Z</Time><HeartRateBpm><Value>109</Value></HeartRateBpm><Cadence>61</Cadence><Extensions><ns3:TPX><ns3:Speed>0.0</ns3:Speed></ns3:TPX></Extensions></Trackpoint><Trackpoint><Time>2026-01-07T23:10:14Z</Time><HeartRateBpm><Value>110</Value></HeartRateBpm><Cadence>61</Cadence><Extensions><ns3:TPX><ns3:Speed>0.0</ns3:Speed></ns3:TPX></Extensions></Trackpoint><Trackpoint><Time>2026-01-07T23:10:15Z</Time><HeartRateBpm><Value>111</Value></HeartRateBpm><Cadence>61</Cadence><Extensions><ns3:TPX><ns3:Speed>0.0</ns3:Speed></ns3:TPX></Extensions></Trackpoint><Trackpoint><Time>2026-01-07T23:10:19Z</Time><HeartRateBpm><Value>109</Value></HeartRateBpm><Cadence>61</Cadence><Extensions><ns3:TPX><ns3:Speed>0.0</ns3:Speed></ns3:TPX></Extensions></Trackpoint><Trackpoint><Time>2026-01-07T23:10:20Z</Time><HeartRateBpm><Value>108</Value></HeartRateBpm><Cadence>61</Cadence><Extensions><ns3:TPX><ns3:Speed>0.0</ns3:Speed></ns3:TPX></Extensions></Trackpoint><Trackpoint><Time>2026-01-07T23:10:25Z</Time><HeartRateBpm><Value>108</Value></HeartRateBpm><Cadence>61</Cadence><Extensions><ns3:TPX><ns3:Speed>0.0</ns3:Speed></ns3:TPX></Extensions></Trackpoint><Trackpoint><Time>2026-01-07T23:10:30Z</Time><HeartRateBpm><Value>109</Value></HeartRateBpm><Cadence>61</Cadence><Extensions><ns3:TPX><ns3:Speed>0.0</ns3:Speed></ns3:TPX></Extensions></Trackpoint><Trackpoint><Time>2026-01-07T23:10:31Z</Time><HeartRateBpm><Value>108</Value></HeartRateBpm><Cadence>61</Cadence><Extensions><ns3:TPX><ns3:Speed>0.0</ns3:Speed></ns3:TPX></Extensions></Trackpoint><Trackpoint><Time>2026-01-07T23:10:36Z</Time><HeartRateBpm><Value>108</Value></HeartRateBpm><Cadence>61</Cadence><Extensions><ns3:TPX><ns3:Speed>0.0</ns3:Speed></ns3:TPX></Extensions></Trackpoint><Trackpoint><Time>2026-01-07T23:10:37Z</Time><HeartRateBpm><Value>110</Value></HeartRateBpm><Cadence>61</Cadence><Extensions><ns3:TPX><ns3:Speed>0.0</ns3:Speed></ns3:TPX></Extensions></Trackpoint><Trackpoint><Time>2026-01-07T23:10:39Z</Time><HeartRateBpm><Value>109</Value></HeartRateBpm><Cadence>61</Cadence><Extensions><ns3:TPX><ns3:Speed>0.0</ns3:Speed></ns3:TPX></Extensions></Trackpoint><Trackpoint><Time>2026-01-07T23:10:40Z</Time><HeartRateBpm><Value>108</Value></HeartRateBpm><Cadence>61</Cadence><Extensions><ns3:TPX><ns3:Speed>0.0</ns3:Speed></ns3:TPX></Extensions></Trackpoint><Trackpoint><Time>2026-01-07T23:10:42Z</Time><HeartRateBpm><Value>107</Value></HeartRateBpm><Cadence>61</Cadence><Extensions><ns3:TPX><ns3:Speed>0.0</ns3:Speed></ns3:TPX></Extensions></Trackpoint><Trackpoint><Time>2026-01-07T23:10:43Z</Time><HeartRateBpm><Value>105</Value></HeartRateBpm><Cadence>61</Cadence><Extensions><ns3:TPX><ns3:Speed>0.0</ns3:Speed></ns3:TPX></Extensions></Trackpoint><Trackpoint><Time>2026-01-07T23:10:47Z</Time><HeartRateBpm><Value>104</Value></HeartRateBpm><Cadence>61</Cadence><Extensions><ns3:TPX><ns3:Speed>0.0</ns3:Speed></ns3:TPX></Extensions></Trackpoint><Trackpoint><Time>2026-01-07T23:10:49Z</Time><HeartRateBpm><Value>105</Value></HeartRateBpm><Cadence>61</Cadence><Extensions><ns3:TPX><ns3:Speed>0.0</ns3:Speed></ns3:TPX></Extensions></Trackpoint><Trackpoint><Time>2026-01-07T23:10:54Z</Time><HeartRateBpm><Value>105</Value></HeartRateBpm><Cadence>61</Cadence><Extensions><ns3:TPX><ns3:Speed>0.0</ns3:Speed></ns3:TPX></Extensions></Trackpoint><Trackpoint><Time>2026-01-07T23:10:57Z</Time><HeartRateBpm><Value>106</Value></HeartRateBpm><Cadence>61</Cadence><Extensions><ns3:TPX><ns3:Speed>0.0</ns3:Speed></ns3:TPX></Extensions></Trackpoint><Trackpoint><Time>2026-01-07T23:10:58Z</Time><HeartRateBpm><Value>107</Value></HeartRateBpm><Cadence>61</Cadence><Extensions><ns3:TPX><ns3:Speed>0.0</ns3:Speed></ns3:TPX></Extensions></Trackpoint><Trackpoint><Time>2026-01-07T23:11:00Z</Time><HeartRateBpm><Value>108</Value></HeartRateBpm><Cadence>61</Cadence><Extensions><ns3:TPX><ns3:Speed>0.0</ns3:Speed></ns3:TPX></Extensions></Trackpoint><Trackpoint><Time>2026-01-07T23:11:05Z</Time><HeartRateBpm><Value>109</Value></HeartRateBpm><Cadence>61</Cadence><Extensions><ns3:TPX><ns3:Speed>0.0</ns3:Speed></ns3:TPX></Extensions></Trackpoint><Trackpoint><Time>2026-01-07T23:11:09Z</Time><HeartRateBpm><Value>108</Value></HeartRateBpm><Cadence>61</Cadence><Extensions><ns3:TPX><ns3:Speed>0.0</ns3:Speed></ns3:TPX></Extensions></Trackpoint><Trackpoint><Time>2026-01-07T23:11:12Z</Time><HeartRateBpm><Value>110</Value></HeartRateBpm><Cadence>61</Cadence><Extensions><ns3:TPX><ns3:Speed>0.0</ns3:Speed></ns3:TPX></Extensions></Trackpoint><Trackpoint><Time>2026-01-07T23:11:13Z</Time><HeartRateBpm><Value>111</Value></HeartRateBpm><Cadence>61</Cadence><Extensions><ns3:TPX><ns3:Speed>0.0</ns3:Speed></ns3:TPX></Extensions></Trackpoint><Trackpoint><Time>2026-01-07T23:11:15Z</Time><HeartRateBpm><Value>110</Value></HeartRateBpm><Cadence>61</Cadence><Extensions><ns3:TPX><ns3:Speed>0.0</ns3:Speed></ns3:TPX></Extensions></Trackpoint><Trackpoint><Time>2026-01-07T23:11:20Z</Time><HeartRateBpm><Value>110</Value></HeartRateBpm><Cadence>61</Cadence><Extensions><ns3:TPX><ns3:Speed>0.0</ns3:Speed></ns3:TPX></Extensions></Trackpoint><Trackpoint><Time>2026-01-07T23:11:23Z</Time><HeartRateBpm><Value>109</Value></HeartRateBpm><Cadence>61</Cadence><Extensions><ns3:TPX><ns3:Speed>0.0</ns3:Speed></ns3:TPX></Extensions></Trackpoint><Trackpoint><Time>2026-01-07T23:11:24Z</Time><HeartRateBpm><Value>108</Value></HeartRateBpm><Cadence>61</Cadence><Extensions><ns3:TPX><ns3:Speed>0.0</ns3:Speed></ns3:TPX></Extensions></Trackpoint><Trackpoint><Time>2026-01-07T23:11:26Z</Time><HeartRateBpm><Value>107</Value></HeartRateBpm><Cadence>61</Cadence><Extensions><ns3:TPX><ns3:Speed>0.0</ns3:Speed></ns3:TPX></Extensions></Trackpoint><Trackpoint><Time>2026-01-07T23:11:31Z</Time><HeartRateBpm><Value>108</Value></HeartRateBpm><Cadence>61</Cadence><Extensions><ns3:TPX><ns3:Speed>0.0</ns3:Speed></ns3:TPX></Extensions></Trackpoint><Trackpoint><Time>2026-01-07T23:11:32Z</Time><HeartRateBpm><Value>107</Value></HeartRateBpm><Cadence>61</Cadence><Extensions><ns3:TPX><ns3:Speed>0.0</ns3:Speed></ns3:TPX></Extensions></Trackpoint><Trackpoint><Time>2026-01-07T23:11:33Z</Time><HeartRateBpm><Value>105</Value></HeartRateBpm><Cadence>61</Cadence><Extensions><ns3:TPX><ns3:Speed>0.0</ns3:Speed></ns3:TPX></Extensions></Trackpoint><Trackpoint><Time>2026-01-07T23:11:36Z</Time><HeartRateBpm><Value>106</Value></HeartRateBpm><Cadence>61</Cadence><Extensions><ns3:TPX><ns3:Speed>0.0</ns3:Speed></ns3:TPX></Extensions></Trackpoint><Trackpoint><Time>2026-01-07T23:11:38Z</Time><HeartRateBpm><Value>107</Value></HeartRateBpm><Cadence>61</Cadence><Extensions><ns3:TPX><ns3:Speed>0.0</ns3:Speed></ns3:TPX></Extensions></Trackpoint><Trackpoint><Time>2026-01-07T23:11:39Z</Time><HeartRateBpm><Value>106</Value></HeartRateBpm><Cadence>61</Cadence><Extensions><ns3:TPX><ns3:Speed>0.0</ns3:Speed></ns3:TPX></Extensions></Trackpoint><Trackpoint><Time>2026-01-07T23:11:41Z</Time><HeartRateBpm><Value>105</Value></HeartRateBpm><Cadence>61</Cadence><Extensions><ns3:TPX><ns3:Speed>0.0</ns3:Speed></ns3:TPX></Extensions></Trackpoint><Trackpoint><Time>2026-01-07T23:11:43Z</Time><HeartRateBpm><Value>104</Value></HeartRateBpm><Cadence>61</Cadence><Extensions><ns3:TPX><ns3:Speed>0.0</ns3:Speed></ns3:TPX></Extensions></Trackpoint><Trackpoint><Time>2026-01-07T23:11:48Z</Time><HeartRateBpm><Value>103</Value></HeartRateBpm><Cadence>61</Cadence><Extensions><ns3:TPX><ns3:Speed>0.0</ns3:Speed></ns3:TPX></Extensions></Trackpoint><Trackpoint><Time>2026-01-07T23:11:49Z</Time><HeartRateBpm><Value>100</Value></HeartRateBpm><Cadence>61</Cadence><Extensions><ns3:TPX><ns3:Speed>0.0</ns3:Speed></ns3:TPX></Extensions></Trackpoint><Trackpoint><Time>2026-01-07T23:11:50Z</Time><HeartRateBpm><Value>99</Value></HeartRateBpm><Cadence>61</Cadence><Extensions><ns3:TPX><ns3:Speed>0.0</ns3:Speed></ns3:TPX></Extensions></Trackpoint><Trackpoint><Time>2026-01-07T23:11:54Z</Time><HeartRateBpm><Value>100</Value></HeartRateBpm><Cadence>61</Cadence><Extensions><ns3:TPX><ns3:Speed>0.0</ns3:Speed></ns3:TPX></Extensions></Trackpoint><Trackpoint><Time>2026-01-07T23:11:55Z</Time><HeartRateBpm><Value>99</Value></HeartRateBpm><Cadence>61</Cadence><Extensions><ns3:TPX><ns3:Speed>0.0</ns3:Speed></ns3:TPX></Extensions></Trackpoint><Trackpoint><Time>2026-01-07T23:12:00Z</Time><HeartRateBpm><Value>99</Value></HeartRateBpm><Cadence>61</Cadence><Extensions><ns3:TPX><ns3:Speed>0.0</ns3:Speed></ns3:TPX></Extensions></Trackpoint><Trackpoint><Time>2026-01-07T23:12:01Z</Time><HeartRateBpm><Value>98</Value></HeartRateBpm><Cadence>61</Cadence><Extensions><ns3:TPX><ns3:Speed>0.0</ns3:Speed></ns3:TPX></Extensions></Trackpoint><Trackpoint><Time>2026-01-07T23:12:06Z</Time><HeartRateBpm><Value>98</Value></HeartRateBpm><Cadence>61</Cadence><Extensions><ns3:TPX><ns3:Speed>0.0</ns3:Speed></ns3:TPX></Extensions></Trackpoint><Trackpoint><Time>2026-01-07T23:12:07Z</Time><HeartRateBpm><Value>101</Value></HeartRateBpm><Cadence>61</Cadence><Extensions><ns3:TPX><ns3:Speed>0.0</ns3:Speed></ns3:TPX></Extensions></Trackpoint><Trackpoint><Time>2026-01-07T23:12:09Z</Time><HeartRateBpm><Value>102</Value></HeartRateBpm><Cadence>61</Cadence><Extensions><ns3:TPX><ns3:Speed>0.0</ns3:Speed></ns3:TPX></Extensions></Trackpoint><Trackpoint><Time>2026-01-07T23:12:10Z</Time><HeartRateBpm><Value>104</Value></HeartRateBpm><Cadence>61</Cadence><Extensions><ns3:TPX><ns3:Speed>0.0</ns3:Speed></ns3:TPX></Extensions></Trackpoint><Trackpoint><Time>2026-01-07T23:12:15Z</Time><HeartRateBpm><Value>105</Value></HeartRateBpm><Cadence>61</Cadence><Extensions><ns3:TPX><ns3:Speed>0.0</ns3:Speed></ns3:TPX></Extensions></Trackpoint><Trackpoint><Time>2026-01-07T23:12:16Z</Time><HeartRateBpm><Value>104</Value></HeartRateBpm><Cadence>61</Cadence><Extensions><ns3:TPX><ns3:Speed>0.0</ns3:Speed></ns3:TPX></Extensions></Trackpoint><Trackpoint><Time>2026-01-07T23:12:18Z</Time><HeartRateBpm><Value>103</Value></HeartRateBpm><Cadence>61</Cadence><Extensions><ns3:TPX><ns3:Speed>0.0</ns3:Speed></ns3:TPX></Extensions></Trackpoint><Trackpoint><Time>2026-01-07T23:12:20Z</Time><HeartRateBpm><Value>102</Value></HeartRateBpm><Cadence>61</Cadence><Extensions><ns3:TPX><ns3:Speed>0.0</ns3:Speed></ns3:TPX></Extensions></Trackpoint><Trackpoint><Time>2026-01-07T23:12:25Z</Time><HeartRateBpm><Value>102</Value></HeartRateBpm><Cadence>61</Cadence><Extensions><ns3:TPX><ns3:Speed>0.0</ns3:Speed></ns3:TPX></Extensions></Trackpoint><Trackpoint><Time>2026-01-07T23:12:30Z</Time><HeartRateBpm><Value>102</Value></HeartRateBpm><Cadence>61</Cadence><Extensions><ns3:TPX><ns3:Speed>0.0</ns3:Speed></ns3:TPX></Extensions></Trackpoint><Trackpoint><Time>2026-01-07T23:12:31Z</Time><HeartRateBpm><Value>101</Value></HeartRateBpm><Cadence>61</Cadence><Extensions><ns3:TPX><ns3:Speed>0.0</ns3:Speed></ns3:TPX></Extensions></Trackpoint><Trackpoint><Time>2026-01-07T23:12:36Z</Time><HeartRateBpm><Value>101</Value></HeartRateBpm><Cadence>61</Cadence><Extensions><ns3:TPX><ns3:Speed>0.0</ns3:Speed></ns3:TPX></Extensions></Trackpoint><Trackpoint><Time>2026-01-07T23:12:37Z</Time><HeartRateBpm><Value>102</Value></HeartRateBpm><Cadence>61</Cadence><Extensions><ns3:TPX><ns3:Speed>0.0</ns3:Speed></ns3:TPX></Extensions></Trackpoint><Trackpoint><Time>2026-01-07T23:12:40Z</Time><HeartRateBpm><Value>103</Value></HeartRateBpm><Cadence>61</Cadence><Extensions><ns3:TPX><ns3:Speed>0.0</ns3:Speed></ns3:TPX></Extensions></Trackpoint><Trackpoint><Time>2026-01-07T23:12:43Z</Time><HeartRateBpm><Value>104</Value></HeartRateBpm><Cadence>61</Cadence><Extensions><ns3:TPX><ns3:Speed>0.0</ns3:Speed></ns3:TPX></Extensions></Trackpoint><Trackpoint><Time>2026-01-07T23:12:44Z</Time><HeartRateBpm><Value>103</Value></HeartRateBpm><Cadence>61</Cadence><Extensions><ns3:TPX><ns3:Speed>0.0</ns3:Speed></ns3:TPX></Extensions></Trackpoint><Trackpoint><Time>2026-01-07T23:12:49Z</Time><HeartRateBpm><Value>103</Value></HeartRateBpm><Cadence>61</Cadence><Extensions><ns3:TPX><ns3:Speed>0.0</ns3:Speed></ns3:TPX></Extensions></Trackpoint><Trackpoint><Time>2026-01-07T23:12:54Z</Time><HeartRateBpm><Value>104</Value></HeartRateBpm><Cadence>61</Cadence><Extensions><ns3:TPX><ns3:Speed>0.0</ns3:Speed></ns3:TPX></Extensions></Trackpoint><Trackpoint><Time>2026-01-07T23:12:55Z</Time><HeartRateBpm><Value>105</Value></HeartRateBpm><Cadence>61</Cadence><Extensions><ns3:TPX><ns3:Speed>0.0</ns3:Speed></ns3:TPX></Extensions></Trackpoint><Trackpoint><Time>2026-01-07T23:12:57Z</Time><HeartRateBpm><Value>104</Value></HeartRateBpm><Cadence>61</Cadence><Extensions><ns3:TPX><ns3:Speed>0.0</ns3:Speed></ns3:TPX></Extensions></Trackpoint><Trackpoint><Time>2026-01-07T23:13:02Z</Time><HeartRateBpm><Value>103</Value></HeartRateBpm><Cadence>61</Cadence><Extensions><ns3:TPX><ns3:Speed>0.0</ns3:Speed></ns3:TPX></Extensions></Trackpoint><Trackpoint><Time>2026-01-07T23:13:04Z</Time><HeartRateBpm><Value>102</Value></HeartRateBpm><Cadence>61</Cadence><Extensions><ns3:TPX><ns3:Speed>0.0</ns3:Speed></ns3:TPX></Extensions></Trackpoint><Trackpoint><Time>2026-01-07T23:13:08Z</Time><HeartRateBpm><Value>104</Value></HeartRateBpm><Cadence>61</Cadence><Extensions><ns3:TPX><ns3:Speed>0.0</ns3:Speed></ns3:TPX></Extensions></Trackpoint><Trackpoint><Time>2026-01-07T23:13:09Z</Time><HeartRateBpm><Value>103</Value></HeartRateBpm><Cadence>61</Cadence><Extensions><ns3:TPX><ns3:Speed>0.0</ns3:Speed></ns3:TPX></Extensions></Trackpoint><Trackpoint><Time>2026-01-07T23:13:14Z</Time><HeartRateBpm><Value>106</Value></HeartRateBpm><Cadence>61</Cadence><Extensions><ns3:TPX><ns3:Speed>0.0</ns3:Speed></ns3:TPX></Extensions></Trackpoint><Trackpoint><Time>2026-01-07T23:13:15Z</Time><HeartRateBpm><Value>107</Value></HeartRateBpm><Cadence>61</Cadence><Extensions><ns3:TPX><ns3:Speed>0.0</ns3:Speed></ns3:TPX></Extensions></Trackpoint><Trackpoint><Time>2026-01-07T23:13:16Z</Time><HeartRateBpm><Value>108</Value></HeartRateBpm><Cadence>61</Cadence><Extensions><ns3:TPX><ns3:Speed>0.0</ns3:Speed></ns3:TPX></Extensions></Trackpoint><Trackpoint><Time>2026-01-07T23:13:19Z</Time><HeartRateBpm><Value>109</Value></HeartRateBpm><Cadence>61</Cadence><Extensions><ns3:TPX><ns3:Speed>0.0</ns3:Speed></ns3:TPX></Extensions></Trackpoint><Trackpoint><Time>2026-01-07T23:13:20Z</Time><HeartRateBpm><Value>110</Value></HeartRateBpm><Cadence>61</Cadence><Extensions><ns3:TPX><ns3:Speed>0.0</ns3:Speed></ns3:TPX></Extensions></Trackpoint><Trackpoint><Time>2026-01-07T23:13:21Z</Time><HeartRateBpm><Value>112</Value></HeartRateBpm><Cadence>61</Cadence><Extensions><ns3:TPX><ns3:Speed>0.0</ns3:Speed></ns3:TPX></Extensions></Trackpoint><Trackpoint><Time>2026-01-07T23:13:23Z</Time><HeartRateBpm><Value>113</Value></HeartRateBpm><Cadence>61</Cadence><Extensions><ns3:TPX><ns3:Speed>0.0</ns3:Speed></ns3:TPX></Extensions></Trackpoint><Trackpoint><Time>2026-01-07T23:13:26Z</Time><HeartRateBpm><Value>114</Value></HeartRateBpm><Cadence>61</Cadence><Extensions><ns3:TPX><ns3:Speed>0.0</ns3:Speed></ns3:TPX></Extensions></Trackpoint><Trackpoint><Time>2026-01-07T23:13:28Z</Time><HeartRateBpm><Value>115</Value></HeartRateBpm><Cadence>61</Cadence><Extensions><ns3:TPX><ns3:Speed>0.0</ns3:Speed></ns3:TPX></Extensions></Trackpoint><Trackpoint><Time>2026-01-07T23:13:33Z</Time><HeartRateBpm><Value>115</Value></HeartRateBpm><Cadence>61</Cadence><Extensions><ns3:TPX><ns3:Speed>0.0</ns3:Speed></ns3:TPX></Extensions></Trackpoint><Trackpoint><Time>2026-01-07T23:13:38Z</Time><HeartRateBpm><Value>116</Value></HeartRateBpm><Cadence>61</Cadence><Extensions><ns3:TPX><ns3:Speed>0.0</ns3:Speed></ns3:TPX></Extensions></Trackpoint><Trackpoint><Time>2026-01-07T23:13:39Z</Time><HeartRateBpm><Value>115</Value></HeartRateBpm><Cadence>61</Cadence><Extensions><ns3:TPX><ns3:Speed>0.0</ns3:Speed></ns3:TPX></Extensions></Trackpoint><Trackpoint><Time>2026-01-07T23:13:40Z</Time><HeartRateBpm><Value>114</Value></HeartRateBpm><Cadence>61</Cadence><Extensions><ns3:TPX><ns3:Speed>0.0</ns3:Speed></ns3:TPX></Extensions></Trackpoint><Trackpoint><Time>2026-01-07T23:13:43Z</Time><HeartRateBpm><Value>115</Value></HeartRateBpm><Cadence>61</Cadence><Extensions><ns3:TPX><ns3:Speed>0.0</ns3:Speed></ns3:TPX></Extensions></Trackpoint><Trackpoint><Time>2026-01-07T23:13:49Z</Time><HeartRateBpm><Value>115</Value></HeartRateBpm><Cadence>61</Cadence><Extensions><ns3:TPX><ns3:Speed>0.0</ns3:Speed></ns3:TPX></Extensions></Trackpoint><Trackpoint><Time>2026-01-07T23:13:50Z</Time><HeartRateBpm><Value>116</Value></HeartRateBpm><Cadence>61</Cadence><Extensions><ns3:TPX><ns3:Speed>0.0</ns3:Speed></ns3:TPX></Extensions></Trackpoint><Trackpoint><Time>2026-01-07T23:13:53Z</Time><HeartRateBpm><Value>115</Value></HeartRateBpm><Cadence>61</Cadence><Extensions><ns3:TPX><ns3:Speed>0.0</ns3:Speed></ns3:TPX></Extensions></Trackpoint><Trackpoint><Time>2026-01-07T23:13:55Z</Time><HeartRateBpm><Value>114</Value></HeartRateBpm><Cadence>61</Cadence><Extensions><ns3:TPX><ns3:Speed>0.0</ns3:Speed></ns3:TPX></Extensions></Trackpoint><Trackpoint><Time>2026-01-07T23:14:01Z</Time><HeartRateBpm><Value>114</Value></HeartRateBpm><Cadence>61</Cadence><Extensions><ns3:TPX><ns3:Speed>0.0</ns3:Speed></ns3:TPX></Extensions></Trackpoint><Trackpoint><Time>2026-01-07T23:14:05Z</Time><HeartRateBpm><Value>113</Value></HeartRateBpm><Cadence>61</Cadence><Extensions><ns3:TPX><ns3:Speed>0.0</ns3:Speed></ns3:TPX></Extensions></Trackpoint><Trackpoint><Time>2026-01-07T23:14:07Z</Time><HeartRateBpm><Value>112</Value></HeartRateBpm><Cadence>61</Cadence><Extensions><ns3:TPX><ns3:Speed>0.0</ns3:Speed></ns3:TPX></Extensions></Trackpoint><Trackpoint><Time>2026-01-07T23:14:08Z</Time><HeartRateBpm><Value>111</Value></HeartRateBpm><Cadence>61</Cadence><Extensions><ns3:TPX><ns3:Speed>0.0</ns3:Speed></ns3:TPX></Extensions></Trackpoint><Trackpoint><Time>2026-01-07T23:14:09Z</Time><HeartRateBpm><Value>115</Value></HeartRateBpm><Cadence>61</Cadence><Extensions><ns3:TPX><ns3:Speed>0.0</ns3:Speed></ns3:TPX></Extensions></Trackpoint><Trackpoint><Time>2026-01-07T23:14:10Z</Time><HeartRateBpm><Value>114</Value></HeartRateBpm><Cadence>61</Cadence><Extensions><ns3:TPX><ns3:Speed>0.0</ns3:Speed></ns3:TPX></Extensions></Trackpoint><Trackpoint><Time>2026-01-07T23:14:11Z</Time><HeartRateBpm><Value>113</Value></HeartRateBpm><Cadence>61</Cadence><Extensions><ns3:TPX><ns3:Speed>0.0</ns3:Speed></ns3:TPX></Extensions></Trackpoint><Trackpoint><Time>2026-01-07T23:14:14Z</Time><HeartRateBpm><Value>112</Value></HeartRateBpm><Cadence>61</Cadence><Extensions><ns3:TPX><ns3:Speed>0.0</ns3:Speed></ns3:TPX></Extensions></Trackpoint><Trackpoint><Time>2026-01-07T23:14:15Z</Time><HeartRateBpm><Value>111</Value></HeartRateBpm><Cadence>61</Cadence><Extensions><ns3:TPX><ns3:Speed>0.0</ns3:Speed></ns3:TPX></Extensions></Trackpoint><Trackpoint><Time>2026-01-07T23:14:20Z</Time><HeartRateBpm><Value>111</Value></HeartRateBpm><Cadence>61</Cadence><Extensions><ns3:TPX><ns3:Speed>0.0</ns3:Speed></ns3:TPX></Extensions></Trackpoint><Trackpoint><Time>2026-01-07T23:14:21Z</Time><HeartRateBpm><Value>112</Value></HeartRateBpm><Cadence>61</Cadence><Extensions><ns3:TPX><ns3:Speed>0.0</ns3:Speed></ns3:TPX></Extensions></Trackpoint><Trackpoint><Time>2026-01-07T23:14:22Z</Time><HeartRateBpm><Value>111</Value></HeartRateBpm><Cadence>61</Cadence><Extensions><ns3:TPX><ns3:Speed>0.0</ns3:Speed></ns3:TPX></Extensions></Trackpoint><Trackpoint><Time>2026-01-07T23:14:27Z</Time><HeartRateBpm><Value>111</Value></HeartRateBpm><Cadence>61</Cadence><Extensions><ns3:TPX><ns3:Speed>0.0</ns3:Speed></ns3:TPX></Extensions></Trackpoint><Trackpoint><Time>2026-01-07T23:14:32Z</Time><HeartRateBpm><Value>111</Value></HeartRateBpm><Cadence>61</Cadence><Extensions><ns3:TPX><ns3:Speed>0.0</ns3:Speed></ns3:TPX></Extensions></Trackpoint><Trackpoint><Time>2026-01-07T23:14:33Z</Time><HeartRateBpm><Value>112</Value></HeartRateBpm><Cadence>61</Cadence><Extensions><ns3:TPX><ns3:Speed>0.0</ns3:Speed></ns3:TPX></Extensions></Trackpoint><Trackpoint><Time>2026-01-07T23:14:38Z</Time><HeartRateBpm><Value>111</Value></HeartRateBpm><Cadence>61</Cadence><Extensions><ns3:TPX><ns3:Speed>0.0</ns3:Speed></ns3:TPX></Extensions></Trackpoint><Trackpoint><Time>2026-01-07T23:14:44Z</Time><HeartRateBpm><Value>111</Value></HeartRateBpm><Cadence>61</Cadence><Extensions><ns3:TPX><ns3:Speed>0.0</ns3:Speed></ns3:TPX></Extensions></Trackpoint></Track></Lap></Activity></Activities></TrainingCenterDatabase>