<?xml version="1.0" encoding="UTF-8"?><TrainingCenterDatabase xmlns="http://www.garmin.com/xmlschemas/TrainingCenterDatabase/v2" xmlns:ns2="http://www.garmin.com/xmlschemas/UserProfile/v2" xmlns:ns3="http://www.garmin.com/xmlschemas/ActivityExtension/v2" xmlns:ns5="http://www.garmin.com/xmlschemas/ActivityGoals/v1" xmlns:xsi="http://www.w3.org/2001/XMLSchema-instance" xsi:schemaLocation="http://www.garmin.com/xmlschemas/TrainingCenterDatabase/v2 http://www.garmin.com/xmlschemas/TrainingCenterDatabasev2.xsd"><Activities><Activity Sport="Workout"><Id>2026-01-20T22:17:21Z</Id><Creator><Name>Amazfit Bip U Pro</Name></Creator><Lap StartTime="2026-01-20T22:17:21Z"><Calories>609.0</Calories><DistanceMeters>0.0</DistanceMeters><TotalTimeSeconds>5387</TotalTimeSeconds><AverageHeartRateBpm><Value>106</Value></AverageHeartRateBpm><Track><Trackpoint><Time>2026-01-20T22:17:21Z</Time></Trackpoint><Trackpoint><Time>2026-01-20T22:17:32Z</Time><Cadence>88</Cadence><Extensions><ns3:TPX><ns3:Speed>0.0</ns3:Speed></ns3:TPX></Extensions></Trackpoint><Trackpoint><Time>2026-01-20T22:17:38Z</Time><HeartRateBpm><Value>94</Value></HeartRateBpm><Cadence>88</Cadence><Extensions><ns3:TPX><ns3:Speed>0.0</ns3:Speed></ns3:TPX></Extensions></Trackpoint><Trackpoint><Time>2026-01-20T22:17:41Z</Time><HeartRateBpm><Value>93</Value></HeartRateBpm><Cadence>88</Cadence><Extensions><ns3:TPX><ns3:Speed>0.0</ns3:Speed></ns3:TPX></Extensions></Trackpoint><Trackpoint><Time>2026-01-20T22:17:43Z</Time><HeartRateBpm><Value>92</Value></HeartRateBpm><Cadence>88</Cadence><Extensions><ns3:TPX><ns3:Speed>0.0</ns3:Speed></ns3:TPX></Extensions></Trackpoint><Trackpoint><Time>2026-01-20T22:17:44Z</Time><HeartRateBpm><Value>89</Value></HeartRateBpm><Cadence>88</Cadence><Extensions><ns3:TPX><ns3:Speed>0.0</ns3:Speed></ns3:TPX></Extensions></Trackpoint><Trackpoint><Time>2026-01-20T22:17:45Z</Time><HeartRateBpm><Value>88</Value></HeartRateBpm><Cadence>88</Cadence><Extensions><ns3:TPX><ns3:Speed>0.0</ns3:Speed></ns3:TPX></Extensions></Trackpoint><Trackpoint><Time>2026-01-20T22:17:47Z</Time><HeartRateBpm><Value>87</Value></HeartRateBpm><Cadence>88</Cadence><Extensions><ns3:TPX><ns3:Speed>0.0</ns3:Speed></ns3:TPX></Extensions></Trackpoint><Trackpoint><Time>2026-01-20T22:17:49Z</Time><HeartRateBpm><Value>88</Value></HeartRateBpm><Cadence>88</Cadence><Extensions><ns3:TPX><ns3:Speed>0.0</ns3:Speed></ns3:TPX></Extensions></Trackpoint><Trackpoint><Time>2026-01-20T22:17:54Z</Time><HeartRateBpm><Value>89</Value></HeartRateBpm><Cadence>88</Cadence><Extensions><ns3:TPX><ns3:Speed>0.0</ns3:Speed></ns3:TPX></Extensions></Trackpoint><Trackpoint><Time>2026-01-20T22:17:55Z</Time><HeartRateBpm><Value>90</Value></HeartRateBpm><Cadence>88</Cadence><Extensions><ns3:TPX><ns3:Speed>0.0</ns3:Speed></ns3:TPX></Extensions></Trackpoint><Trackpoint><Time>2026-01-20T22:17:56Z</Time><HeartRateBpm><Value>91</Value></HeartRateBpm><Cadence>88</Cadence><Extensions><ns3:TPX><ns3:Speed>0.0</ns3:Speed></ns3:TPX></Extensions></Trackpoint><Trackpoint><Time>2026-01-20T22:18:01Z</Time><HeartRateBpm><Value>90</Value></HeartRateBpm><Cadence>88</Cadence><Extensions><ns3:TPX><ns3:Speed>0.0</ns3:Speed></ns3:TPX></Extensions></Trackpoint><Trackpoint><Time>2026-01-20T22:18:04Z</Time><HeartRateBpm><Value>91</Value></HeartRateBpm><Cadence>88</Cadence><Extensions><ns3:TPX><ns3:Speed>0.0</ns3:Speed></ns3:TPX></Extensions></Trackpoint><Trackpoint><Time>2026-01-20T22:18:05Z</Time><HeartRateBpm><Value>90</Value></HeartRateBpm><Cadence>88</Cadence><Extensions><ns3:TPX><ns3:Speed>0.0</ns3:Speed></ns3:TPX></Extensions></Trackpoint><Trackpoint><Time>2026-01-20T22:18:06Z</Time><HeartRateBpm><Value>89</Value></HeartRateBpm><Cadence>88</Cadence><Extensions><ns3:TPX><ns3:Speed>0.0</ns3:Speed></ns3:TPX></Extensions></Trackpoint><Trackpoint><Time>2026-01-20T22:18:09Z</Time><HeartRateBpm><Value>88</Value></HeartRateBpm><Cadence>88</Cadence><Extensions><ns3:TPX><ns3:Speed>0.0</ns3:Speed></ns3:TPX></Extensions></Trackpoint><Trackpoint><Time>2026-01-20T22:18:10Z</Time><HeartRateBpm><Value>91</Value></HeartRateBpm><Cadence>88</Cadence><Extensions><ns3:TPX><ns3:Speed>0.0</ns3:Speed></ns3:TPX></Extensions></Trackpoint><Trackpoint><Time>2026-01-20T22:18:11Z</Time><HeartRateBpm><Value>92</Value></HeartRateBpm><Cadence>88</Cadence><Extensions><ns3:TPX><ns3:Speed>0.0</ns3:Speed></ns3:TPX></Extensions></Trackpoint><Trackpoint><Time>2026-01-20T22:18:12Z</Time><HeartRateBpm><Value>93</Value></HeartRateBpm><Cadence>88</Cadence><Extensions><ns3:TPX><ns3:Speed>0.0</ns3:Speed></ns3:TPX></Extensions></Trackpoint><Trackpoint><Time>2026-01-20T22:18:13Z</Time><HeartRateBpm><Value>94</Value></HeartRateBpm><Cadence>88</Cadence><Extensions><ns3:TPX><ns3:Speed>0.0</ns3:Speed></ns3:TPX></Extensions></Trackpoint><Trackpoint><Time>2026-01-20T22:18:16Z</Time><HeartRateBpm><Value>95</Value></HeartRateBpm><Cadence>88</Cadence><Extensions><ns3:TPX><ns3:Speed>0.0</ns3:Speed></ns3:TPX></Extensions></Trackpoint><Trackpoint><Time>2026-01-20T22:18:18Z</Time><HeartRateBpm><Value>96</Value></HeartRateBpm><Cadence>88</Cadence><Extensions><ns3:TPX><ns3:Speed>0.0</ns3:Speed></ns3:TPX></Extensions></Trackpoint><Trackpoint><Time>2026-01-20T22:18:19Z</Time><HeartRateBpm><Value>97</Value></HeartRateBpm><Cadence>88</Cadence><Extensions><ns3:TPX><ns3:Speed>0.0</ns3:Speed></ns3:TPX></Extensions></Trackpoint><Trackpoint><Time>2026-01-20T22:18:22Z</Time><HeartRateBpm><Value>98</Value></HeartRateBpm><Cadence>88</Cadence><Extensions><ns3:TPX><ns3:Speed>0.0</ns3:Speed></ns3:TPX></Extensions></Trackpoint><Trackpoint><Time>2026-01-20T22:18:24Z</Time><HeartRateBpm><Value>99</Value></HeartRateBpm><Cadence>88</Cadence><Extensions><ns3:TPX><ns3:Speed>0.0</ns3:Speed></ns3:TPX></Extensions></Trackpoint><Trackpoint><Time>2026-01-20T22:18:29Z</Time><HeartRateBpm><Value>96</Value></HeartRateBpm><Cadence>88</Cadence><Extensions><ns3:TPX><ns3:Speed>0.0</ns3:Speed></ns3:TPX></Extensions></Trackpoint><Trackpoint><Time>2026-01-20T22:18:30Z</Time><HeartRateBpm><Value>99</Value></HeartRateBpm><Cadence>88</Cadence><Extensions><ns3:TPX><ns3:Speed>0.0</ns3:Speed></ns3:TPX></Extensions></Trackpoint><Trackpoint><Time>2026-01-20T22:18:31Z</Time><HeartRateBpm><Value>95</Value></HeartRateBpm><Cadence>88</Cadence><Extensions><ns3:TPX><ns3:Speed>0.0</ns3:Speed></ns3:TPX></Extensions></Trackpoint><Trackpoint><Time>2026-01-20T22:18:33Z</Time><HeartRateBpm><Value>94</Value></HeartRateBpm><Cadence>88</Cadence><Extensions><ns3:TPX><ns3:Speed>0.0</ns3:Speed></ns3:TPX></Extensions></Trackpoint><Trackpoint><Time>2026-01-20T22:18:37Z</Time><HeartRateBpm><Value>96</Value></HeartRateBpm><Cadence>88</Cadence><Extensions><ns3:TPX><ns3:Speed>0.0</ns3:Speed></ns3:TPX></Extensions></Trackpoint><Trackpoint><Time>2026-01-20T22:18:39Z</Time><HeartRateBpm><Value>97</Value></HeartRateBpm><Cadence>88</Cadence><Extensions><ns3:TPX><ns3:Speed>0.0</ns3:Speed></ns3:TPX></Extensions></Trackpoint><Trackpoint><Time>2026-01-20T22:18:40Z</Time><HeartRateBpm><Value>98</Value></HeartRateBpm><Cadence>88</Cadence><Extensions><ns3:TPX><ns3:Speed>0.0</ns3:Speed></ns3:TPX></Extensions></Trackpoint><Trackpoint><Time>2026-01-20T22:18:41Z</Time><HeartRateBpm><Value>101</Value></HeartRateBpm><Cadence>88</Cadence><Extensions><ns3:TPX><ns3:Speed>0.0</ns3:Speed></ns3:TPX></Extensions></Trackpoint><Trackpoint><Time>2026-01-20T22:18:42Z</Time><HeartRateBpm><Value>102</Value></HeartRateBpm><Cadence>88</Cadence><Extensions><ns3:TPX><ns3:Speed>0.0</ns3:Speed></ns3:TPX></Extensions></Trackpoint><Trackpoint><Time>2026-01-20T22:18:43Z</Time><HeartRateBpm><Value>101</Value></HeartRateBpm><Cadence>88</Cadence><Extensions><ns3:TPX><ns3:Speed>0.0</ns3:Speed></ns3:TPX></Extensions></Trackpoint><Trackpoint><Time>2026-01-20T22:18:45Z</Time><HeartRateBpm><Value>100</Value></HeartRateBpm><Cadence>88</Cadence><Extensions><ns3:TPX><ns3:Speed>0.0</ns3:Speed></ns3:TPX></Extensions></Trackpoint><Trackpoint><Time>2026-01-20T22:18:48Z</Time><HeartRateBpm><Value>99</Value></HeartRateBpm><Cadence>88</Cadence><Extensions><ns3:TPX><ns3:Speed>0.0</ns3:Speed></ns3:TPX></Extensions></Trackpoint><Trackpoint><Time>2026-01-20T22:18:52Z</Time><HeartRateBpm><Value>98</Value></HeartRateBpm><Cadence>88</Cadence><Extensions><ns3:TPX><ns3:Speed>0.0</ns3:Speed></ns3:TPX></Extensions></Trackpoint><Trackpoint><Time>2026-01-20T22:18:53Z</Time><HeartRateBpm><Value>96</Value></HeartRateBpm><Cadence>88</Cadence><Extensions><ns3:TPX><ns3:Speed>0.0</ns3:Speed></ns3:TPX></Extensions></Trackpoint><Trackpoint><Time>2026-01-20T22:18:55Z</Time><HeartRateBpm><Value>95</Value></HeartRateBpm><Cadence>88</Cadence><Extensions><ns3:TPX><ns3:Speed>0.0</ns3:Speed></ns3:TPX></Extensions></Trackpoint><Trackpoint><Time>2026-01-20T22:18:57Z</Time><HeartRateBpm><Value>94</Value></HeartRateBpm><Cadence>88</Cadence><Extensions><ns3:TPX><ns3:Speed>0.0</ns3:Speed></ns3:TPX></Extensions></Trackpoint><Trackpoint><Time>2026-01-20T22:18:58Z</Time><HeartRateBpm><Value>93</Value></HeartRateBpm><Cadence>88</Cadence><Extensions><ns3:TPX><ns3:Speed>0.0</ns3:Speed></ns3:TPX></Extensions></Trackpoint><Trackpoint><Time>2026-01-20T22:19:02Z</Time><HeartRateBpm><Value>92</Value></HeartRateBpm><Cadence>88</Cadence><Extensions><ns3:TPX><ns3:Speed>0.0</ns3:Speed></ns3:TPX></Extensions></Trackpoint><Trackpoint><Time>2026-01-20T22:19:07Z</Time><HeartRateBpm><Value>94</Value></HeartRateBpm><Cadence>88</Cadence><Extensions><ns3:TPX><ns3:Speed>0.0</ns3:Speed></ns3:TPX></Extensions></Trackpoint><Trackpoint><Time>2026-01-20T22:19:08Z</Time><HeartRateBpm><Value>95</Value></HeartRateBpm><Cadence>88</Cadence><Extensions><ns3:TPX><ns3:Speed>0.0</ns3:Speed></ns3:TPX></Extensions></Trackpoint><Trackpoint><Time>2026-01-20T22:19:13Z</Time><HeartRateBpm><Value>95</Value></HeartRateBpm><Cadence>88</Cadence><Extensions><ns3:TPX><ns3:Speed>0.0</ns3:Speed></ns3:TPX></Extensions></Trackpoint><Trackpoint><Time>2026-01-20T22:19:16Z</Time><HeartRateBpm><Value>96</Value></HeartRateBpm><Cadence>88</Cadence><Extensions><ns3:TPX><ns3:Speed>0.0</ns3:Speed></ns3:TPX></Extensions></Trackpoint><Trackpoint><Time>2026-01-20T22:19:19Z</Time><HeartRateBpm><Value>97</Value></HeartRateBpm><Cadence>88</Cadence><Extensions><ns3:TPX><ns3:Speed>0.0</ns3:Speed></ns3:TPX></Extensions></Trackpoint><Trackpoint><Time>2026-01-20T22:19:23Z</Time><HeartRateBpm><Value>98</Value></HeartRateBpm><Cadence>88</Cadence><Extensions><ns3:TPX><ns3:Speed>0.0</ns3:Speed></ns3:TPX></Extensions></Trackpoint><Trackpoint><Time>2026-01-20T22:19:24Z</Time><HeartRateBpm><Value>99</Value></HeartRateBpm><Cadence>88</Cadence><Extensions><ns3:TPX><ns3:Speed>0.0</ns3:Speed></ns3:TPX></Extensions></Trackpoint><Trackpoint><Time>2026-01-20T22:19:26Z</Time><HeartRateBpm><Value>100</Value></HeartRateBpm><Cadence>88</Cadence><Extensions><ns3:TPX><ns3:Speed>0.0</ns3:Speed></ns3:TPX></Extensions></Trackpoint><Trackpoint><Time>2026-01-20T22:19:29Z</Time><HeartRateBpm><Value>101</Value></HeartRateBpm><Cadence>88</Cadence><Extensions><ns3:TPX><ns3:Speed>0.0</ns3:Speed></ns3:TPX></Extensions></Trackpoint><Trackpoint><Time>2026-01-20T22:19:30Z</Time><HeartRateBpm><Value>102</Value></HeartRateBpm><Cadence>88</Cadence><Extensions><ns3:TPX><ns3:Speed>0.0</ns3:Speed></ns3:TPX></Extensions></Trackpoint><Trackpoint><Time>2026-01-20T22:19:32Z</Time><HeartRateBpm><Value>103</Value></HeartRateBpm><Cadence>88</Cadence><Extensions><ns3:TPX><ns3:Speed>0.0</ns3:Speed></ns3:TPX></Extensions></Trackpoint><Trackpoint><Time>2026-01-20T22:19:33Z</Time><HeartRateBpm><Value>104</Value></HeartRateBpm><Cadence>88</Cadence><Extensions><ns3:TPX><ns3:Speed>0.0</ns3:Speed></ns3:TPX></Extensions></Trackpoint><Trackpoint><Time>2026-01-20T22:19:35Z</Time><HeartRateBpm><Value>106</Value></HeartRateBpm><Cadence>88</Cadence><Extensions><ns3:TPX><ns3:Speed>0.0</ns3:Speed></ns3:TPX></Extensions></Trackpoint><Trackpoint><Time>2026-01-20T22:19:36Z</Time><HeartRateBpm><Value>107</Value></HeartRateBpm><Cadence>88</Cadence><Extensions><ns3:TPX><ns3:Speed>0.0</ns3:Speed></ns3:TPX></Extensions></Trackpoint><Trackpoint><Time>2026-01-20T22:19:41Z</Time><HeartRateBpm><Value>109</Value></HeartRateBpm><Cadence>88</Cadence><Extensions><ns3:TPX><ns3:Speed>0.0</ns3:Speed></ns3:TPX></Extensions></Trackpoint><Trackpoint><Time>2026-01-20T22:19:42Z</Time><HeartRateBpm><Value>112</Value></HeartRateBpm><Cadence>88</Cadence><Extensions><ns3:TPX><ns3:Speed>0.0</ns3:Speed></ns3:TPX></Extensions></Trackpoint><Trackpoint><Time>2026-01-20T22:19:43Z</Time><HeartRateBpm><Value>113</Value></HeartRateBpm><Cadence>88</Cadence><Extensions><ns3:TPX><ns3:Speed>0.0</ns3:Speed></ns3:TPX></Extensions></Trackpoint><Trackpoint><Time>2026-01-20T22:19:45Z</Time><HeartRateBpm><Value>107</Value></HeartRateBpm><Cadence>88</Cadence><Extensions><ns3:TPX><ns3:Speed>0.0</ns3:Speed></ns3:TPX></Extensions></Trackpoint><Trackpoint><Time>2026-01-20T22:19:47Z</Time><HeartRateBpm><Value>106</Value></HeartRateBpm><Cadence>88</Cadence><Extensions><ns3:TPX><ns3:Speed>0.0</ns3:Speed></ns3:TPX></Extensions></Trackpoint><Trackpoint><Time>2026-01-20T22:19:49Z</Time><HeartRateBpm><Value>105</Value></HeartRateBpm><Cadence>88</Cadence><Extensions><ns3:TPX><ns3:Speed>0.0</ns3:Speed></ns3:TPX></Extensions></Trackpoint><Trackpoint><Time>2026-01-20T22:19:53Z</Time><HeartRateBpm><Value>107</Value></HeartRateBpm><Cadence>88</Cadence><Extensions><ns3:TPX><ns3:Speed>0.0</ns3:Speed></ns3:TPX></Extensions></Trackpoint><Trackpoint><Time>2026-01-20T22:19:55Z</Time><HeartRateBpm><Value>106</Value></HeartRateBpm><Cadence>88</Cadence><Extensions><ns3:TPX><ns3:Speed>0.0</ns3:Speed></ns3:TPX></Extensions></Trackpoint><Trackpoint><Time>2026-01-20T22:19:56Z</Time><HeartRateBpm><Value>105</Value></HeartRateBpm><Cadence>88</Cadence><Extensions><ns3:TPX><ns3:Speed>0.0</ns3:Speed></ns3:TPX></Extensions></Trackpoint><Trackpoint><Time>2026-01-20T22:19:57Z</Time><HeartRateBpm><Value>104</Value></HeartRateBpm><Cadence>88</Cadence><Extensions><ns3:TPX><ns3:Speed>0.0</ns3:Speed></ns3:TPX></Extensions></Trackpoint><Trackpoint><Time>2026-01-20T22:20:02Z</Time><HeartRateBpm><Value>104</Value></HeartRateBpm><Cadence>88</Cadence><Extensions><ns3:TPX><ns3:Speed>0.0</ns3:Speed></ns3:TPX></Extensions></Trackpoint><Trackpoint><Time>2026-01-20T22:20:06Z</Time><HeartRateBpm><Value>105</Value></HeartRateBpm><Cadence>88</Cadence><Extensions><ns3:TPX><ns3:Speed>0.0</ns3:Speed></ns3:TPX></Extensions></Trackpoint><Trackpoint><Time>2026-01-20T22:20:11Z</Time><HeartRateBpm><Value>105</Value></HeartRateBpm><Cadence>88</Cadence><Extensions><ns3:TPX><ns3:Speed>0.0</ns3:Speed></ns3:TPX></Extensions></Trackpoint><Trackpoint><Time>2026-01-20T22:20:15Z</Time><HeartRateBpm><Value>106</Value></HeartRateBpm><Cadence>88</Cadence><Extensions><ns3:TPX><ns3:Speed>0.0</ns3:Speed></ns3:TPX></Extensions></Trackpoint><Trackpoint><Time>2026-01-20T22:20:17Z</Time><HeartRateBpm><Value>110</Value></HeartRateBpm><Cadence>88</Cadence><Extensions><ns3:TPX><ns3:Speed>0.0</ns3:Speed></ns3:TPX></Extensions></Trackpoint><Trackpoint><Time>2026-01-20T22:20:18Z</Time><HeartRateBpm><Value>111</Value></HeartRateBpm><Cadence>88</Cadence><Extensions><ns3:TPX><ns3:Speed>0.0</ns3:Speed></ns3:TPX></Extensions></Trackpoint><Trackpoint><Time>2026-01-20T22:20:19Z</Time><HeartRateBpm><Value>110</Value></HeartRateBpm><Cadence>88</Cadence><Extensions><ns3:TPX><ns3:Speed>0.0</ns3:Speed></ns3:TPX></Extensions></Trackpoint><Trackpoint><Time>2026-01-20T22:20:24Z</Time><HeartRateBpm><Value>110</Value></HeartRateBpm><Cadence>88</Cadence><Extensions><ns3:TPX><ns3:Speed>0.0</ns3:Speed></ns3:TPX></Extensions></Trackpoint><Trackpoint><Time>2026-01-20T22:20:29Z</Time><HeartRateBpm><Value>111</Value></HeartRateBpm><Cadence>88</Cadence><Extensions><ns3:TPX><ns3:Speed>0.0</ns3:Speed></ns3:TPX></Extensions></Trackpoint><Trackpoint><Time>2026-01-20T22:20:30Z</Time><HeartRateBpm><Value>112</Value></HeartRateBpm><Cadence>88</Cadence><Extensions><ns3:TPX><ns3:Speed>0.0</ns3:Speed></ns3:TPX></Extensions></Trackpoint><Trackpoint><Time>2026-01-20T22:20:32Z</Time><HeartRateBpm><Value>111</Value></HeartRateBpm><Cadence>88</Cadence><Extensions><ns3:TPX><ns3:Speed>0.0</ns3:Speed></ns3:TPX></Extensions></Trackpoint><Trackpoint><Time>2026-01-20T22:20:36Z</Time><HeartRateBpm><Value>110</Value></HeartRateBpm><Cadence>88</Cadence><Extensions><ns3:TPX><ns3:Speed>0.0</ns3:Speed></ns3:TPX></Extensions></Trackpoint><Trackpoint><Time>2026-01-20T22:20:39Z</Time><HeartRateBpm><Value>111</Value></HeartRateBpm><Cadence>88</Cadence><Extensions><ns3:TPX><ns3:Speed>0.0</ns3:Speed></ns3:TPX></Extensions></Trackpoint><Trackpoint><Time>2026-01-20T22:20:42Z</Time><HeartRateBpm><Value>112</Value></HeartRateBpm><Cadence>88</Cadence><Extensions><ns3:TPX><ns3:Speed>0.0</ns3:Speed></ns3:TPX></Extensions></Trackpoint><Trackpoint><Time>2026-01-20T22:20:43Z</Time><HeartRateBpm><Value>113</Value></HeartRateBpm><Cadence>88</Cadence><Extensions><ns3:TPX><ns3:Speed>0.0</ns3:Speed></ns3:TPX></Extensions></Trackpoint><Trackpoint><Time>2026-01-20T22:20:46Z</Time><HeartRateBpm><Value>114</Value></HeartRateBpm><Cadence>88</Cadence><Extensions><ns3:TPX><ns3:Speed>0.0</ns3:Speed></ns3:TPX></Extensions></Trackpoint><Trackpoint><Time>2026-01-20T22:20:49Z</Time><HeartRateBpm><Value>113</Value></HeartRateBpm><Cadence>88</Cadence><Extensions><ns3:TPX><ns3:Speed>0.0</ns3:Speed></ns3:TPX></Extensions></Trackpoint><Trackpoint><Time>2026-01-20T22:20:51Z</Time><HeartRateBpm><Value>115</Value></HeartRateBpm><Cadence>88</Cadence><Extensions><ns3:TPX><ns3:Speed>0.0</ns3:Speed></ns3:TPX></Extensions></Trackpoint><Trackpoint><Time>2026-01-20T22:20:52Z</Time><HeartRateBpm><Value>116</Value></HeartRateBpm><Cadence>88</Cadence><Extensions><ns3:TPX><ns3:Speed>0.0</ns3:Speed></ns3:TPX></Extensions></Trackpoint><Trackpoint><Time>2026-01-20T22:20:54Z</Time><HeartRateBpm><Value>117</Value></HeartRateBpm><Cadence>88</Cadence><Extensions><ns3:TPX><ns3:Speed>0.0</ns3:Speed></ns3:TPX></Extensions></Trackpoint><Trackpoint><Time>2026-01-20T22:20:55Z</Time><HeartRateBpm><Value>116</Value></HeartRateBpm><Cadence>88</Cadence><Extensions><ns3:TPX><ns3:Speed>0.0</ns3:Speed></ns3:TPX></Extensions></Trackpoint><Trackpoint><Time>2026-01-20T22:21:00Z</Time><HeartRateBpm><Value>116</Value></HeartRateBpm><Cadence>88</Cadence><Extensions><ns3:TPX><ns3:Speed>0.0</ns3:Speed></ns3:TPX></Extensions></Trackpoint><Trackpoint><Time>2026-01-20T22:21:02Z</Time><HeartRateBpm><Value>117</Value></HeartRateBpm><Cadence>88</Cadence><Extensions><ns3:TPX><ns3:Speed>0.0</ns3:Speed></ns3:TPX></Extensions></Trackpoint><Trackpoint><Time>2026-01-20T22:21:06Z</Time><HeartRateBpm><Value>116</Value></HeartRateBpm><Cadence>88</Cadence><Extensions><ns3:TPX><ns3:Speed>0.0</ns3:Speed></ns3:TPX></Extensions></Trackpoint><Trackpoint><Time>2026-01-20T22:21:07Z</Time><HeartRateBpm><Value>114</Value></HeartRateBpm><Cadence>88</Cadence><Extensions><ns3:TPX><ns3:Speed>0.0</ns3:Speed></ns3:TPX></Extensions></Trackpoint><Trackpoint><Time>2026-01-20T22:21:09Z</Time><HeartRateBpm><Value>113</Value></HeartRateBpm><Cadence>88</Cadence><Extensions><ns3:TPX><ns3:Speed>0.0</ns3:Speed></ns3:TPX></Extensions></Trackpoint><Trackpoint><Time>2026-01-20T22:21:10Z</Time><HeartRateBpm><Value>112</Value></HeartRateBpm><Cadence>88</Cadence><Extensions><ns3:TPX><ns3:Speed>0.0</ns3:Speed></ns3:TPX></Extensions></Trackpoint><Trackpoint><Time>2026-01-20T22:21:12Z</Time><HeartRateBpm><Value>113</Value></HeartRateBpm><Cadence>88</Cadence><Extensions><ns3:TPX><ns3:Speed>0.0</ns3:Speed></ns3:TPX></Extensions></Trackpoint><Trackpoint><Time>2026-01-20T22:21:16Z</Time><HeartRateBpm><Value>113</Value></HeartRateBpm><Cadence>88</Cadence><Extensions><ns3:TPX><ns3:Speed>0.0</ns3:Speed></ns3:TPX></Extensions></Trackpoint><Trackpoint><Time>2026-01-20T22:21:17Z</Time><HeartRateBpm><Value>111</Value></HeartRateBpm><Cadence>88</Cadence><Extensions><ns3:TPX><ns3:Speed>0.0</ns3:Speed></ns3:TPX></Extensions></Trackpoint><Trackpoint><Time>2026-01-20T22:21:19Z</Time><HeartRateBpm><Value>110</Value></HeartRateBpm><Cadence>88</Cadence><Extensions><ns3:TPX><ns3:Speed>0.0</ns3:Speed></ns3:TPX></Extensions></Trackpoint><Trackpoint><Time>2026-01-20T22:21:22Z</Time><HeartRateBpm><Value>112</Value></HeartRateBpm><Cadence>88</Cadence><Extensions><ns3:TPX><ns3:Speed>0.0</ns3:Speed></ns3:TPX></Extensions></Trackpoint><Trackpoint><Time>2026-01-20T22:21:23Z</Time><HeartRateBpm><Value>115</Value></HeartRateBpm><Cadence>88</Cadence><Extensions><ns3:TPX><ns3:Speed>0.0</ns3:Speed></ns3:TPX></Extensions></Trackpoint><Trackpoint><Time>2026-01-20T22:21:25Z</Time><HeartRateBpm><Value>116</Value></HeartRateBpm><Cadence>88</Cadence><Extensions><ns3:TPX><ns3:Speed>0.0</ns3:Speed></ns3:TPX></Extensions></Trackpoint><Trackpoint><Time>2026-01-20T22:21:28Z</Time><HeartRateBpm><Value>115</Value></HeartRateBpm><Cadence>88</Cadence><Extensions><ns3:TPX><ns3:Speed>0.0</ns3:Speed></ns3:TPX></Extensions></Trackpoint><Trackpoint><Time>2026-01-20T22:21:29Z</Time><HeartRateBpm><Value>114</Value></HeartRateBpm><Cadence>88</Cadence><Extensions><ns3:TPX><ns3:Speed>0.0</ns3:Speed></ns3:TPX></Extensions></Trackpoint><Trackpoint><Time>2026-01-20T22:21:33Z</Time><HeartRateBpm><Value>113</Value></HeartRateBpm><Cadence>88</Cadence><Extensions><ns3:TPX><ns3:Speed>0.0</ns3:Speed></ns3:TPX></Extensions></Trackpoint><Trackpoint><Time>2026-01-20T22:21:34Z</Time><HeartRateBpm><Value>112</Value></HeartRateBpm><Cadence>88</Cadence><Extensions><ns3:TPX><ns3:Speed>0.0</ns3:Speed></ns3:TPX></Extensions></Trackpoint><Trackpoint><Time>2026-01-20T22:21:35Z</Time><HeartRateBpm><Value>109</Value></HeartRateBpm><Cadence>88</Cadence><Extensions><ns3:TPX><ns3:Speed>0.0</ns3:Speed></ns3:TPX></Extensions></Trackpoint><Trackpoint><Time>2026-01-20T22:21:39Z</Time><HeartRateBpm><Value>109</Value></HeartRateBpm><Cadence>88</Cadence><Extensions><ns3:TPX><ns3:Speed>0.0</ns3:Speed></ns3:TPX></Extensions></Trackpoint><Trackpoint><Time>2026-01-20T22:21:42Z</Time><HeartRateBpm><Value>113</Value></HeartRateBpm><Cadence>88</Cadence><Extensions><ns3:TPX><ns3:Speed>0.0</ns3:Speed></ns3:TPX></Extensions></Trackpoint><Trackpoint><Time>2026-01-20T22:21:43Z</Time><HeartRateBpm><Value>114</Value></HeartRateBpm><Cadence>88</Cadence><Extensions><ns3:TPX><ns3:Speed>0.0</ns3:Speed></ns3:TPX></Extensions></Trackpoint><Trackpoint><Time>2026-01-20T22:21:44Z</Time><HeartRateBpm><Value>116</Value></HeartRateBpm><Cadence>88</Cadence><Extensions><ns3:TPX><ns3:Speed>0.0</ns3:Speed></ns3:TPX></Extensions></Trackpoint><Trackpoint><Time>2026-01-20T22:21:45Z</Time><HeartRateBpm><Value>117</Value></HeartRateBpm><Cadence>88</Cadence><Extensions><ns3:TPX><ns3:Speed>0.0</ns3:Speed></ns3:TPX></Extensions></Trackpoint><Trackpoint><Time>2026-01-20T22:21:46Z</Time><HeartRateBpm><Value>118</Value></HeartRateBpm><Cadence>88</Cadence><Extensions><ns3:TPX><ns3:Speed>0.0</ns3:Speed></ns3:TPX></Extensions></Trackpoint><Trackpoint><Time>2026-01-20T22:21:50Z</Time><HeartRateBpm><Value>117</Value></HeartRateBpm><Cadence>88</Cadence><Extensions><ns3:TPX><ns3:Speed>0.0</ns3:Speed></ns3:TPX></Extensions></Trackpoint><Trackpoint><Time>2026-01-20T22:21:52Z</Time><HeartRateBpm><Value>118</Value></HeartRateBpm><Cadence>88</Cadence><Extensions><ns3:TPX><ns3:Speed>0.0</ns3:Speed></ns3:TPX></Extensions></Trackpoint><Trackpoint><Time>2026-01-20T22:21:58Z</Time><HeartRateBpm><Value>119</Value></HeartRateBpm><Cadence>88</Cadence><Extensions><ns3:TPX><ns3:Speed>0.0</ns3:Speed></ns3:TPX></Extensions></Trackpoint><Trackpoint><Time>2026-01-20T22:21:59Z</Time><HeartRateBpm><Value>118</Value></HeartRateBpm><Cadence>88</Cadence><Extensions><ns3:TPX><ns3:Speed>0.0</ns3:Speed></ns3:TPX></Extensions></Trackpoint><Trackpoint><Time>2026-01-20T22:22:01Z</Time><HeartRateBpm><Value>115</Value></HeartRateBpm><Cadence>88</Cadence><Extensions><ns3:TPX><ns3:Speed>0.0</ns3:Speed></ns3:TPX></Extensions></Trackpoint><Trackpoint><Time>2026-01-20T22:22:03Z</Time><HeartRateBpm><Value>116</Value></HeartRateBpm><Cadence>88</Cadence><Extensions><ns3:TPX><ns3:Speed>0.0</ns3:Speed></ns3:TPX></Extensions></Trackpoint><Trackpoint><Time>2026-01-20T22:22:04Z</Time><HeartRateBpm><Value>117</Value></HeartRateBpm><Cadence>88</Cadence><Extensions><ns3:TPX><ns3:Speed>0.0</ns3:Speed></ns3:TPX></Extensions></Trackpoint><Trackpoint><Time>2026-01-20T22:22:08Z</Time><HeartRateBpm><Value>118</Value></HeartRateBpm><Cadence>88</Cadence><Extensions><ns3:TPX><ns3:Speed>0.0</ns3:Speed></ns3:TPX></Extensions></Trackpoint><Trackpoint><Time>2026-01-20T22:22:09Z</Time><HeartRateBpm><Value>117</Value></HeartRateBpm><Cadence>88</Cadence><Extensions><ns3:TPX><ns3:Speed>0.0</ns3:Speed></ns3:TPX></Extensions></Trackpoint><Trackpoint><Time>2026-01-20T22:22:11Z</Time><HeartRateBpm><Value>115</Value></HeartRateBpm><Cadence>88</Cadence><Extensions><ns3:TPX><ns3:Speed>0.0</ns3:Speed></ns3:TPX></Extensions></Trackpoint><Trackpoint><Time>2026-01-20T22:22:14Z</Time><HeartRateBpm><Value>116</Value></HeartRateBpm><Cadence>88</Cadence><Extensions><ns3:TPX><ns3:Speed>0.0</ns3:Speed></ns3:TPX></Extensions></Trackpoint><Trackpoint><Time>2026-01-20T22:22:15Z</Time><HeartRateBpm><Value>117</Value></HeartRateBpm><Cadence>88</Cadence><Extensions><ns3:TPX><ns3:Speed>0.0</ns3:Speed></ns3:TPX></Extensions></Trackpoint><Trackpoint><Time>2026-01-20T22:22:20Z</Time><HeartRateBpm><Value>118</Value></HeartRateBpm><Cadence>88</Cadence><Extensions><ns3:TPX><ns3:Speed>0.0</ns3:Speed></ns3:TPX></Extensions></Trackpoint><Trackpoint><Time>2026-01-20T22:22:25Z</Time><HeartRateBpm><Value>119</Value></HeartRateBpm><Cadence>88</Cadence><Extensions><ns3:TPX><ns3:Speed>0.0</ns3:Speed></ns3:TPX></Extensions></Trackpoint><Trackpoint><Time>2026-01-20T22:22:28Z</Time><HeartRateBpm><Value>120</Value></HeartRateBpm><Cadence>88</Cadence><Extensions><ns3:TPX><ns3:Speed>0.0</ns3:Speed></ns3:TPX></Extensions></Trackpoint><Trackpoint><Time>2026-01-20T22:22:31Z</Time><HeartRateBpm><Value>122</Value></HeartRateBpm><Cadence>88</Cadence><Extensions><ns3:TPX><ns3:Speed>0.0</ns3:Speed></ns3:TPX></Extensions></Trackpoint><Trackpoint><Time>2026-01-20T22:22:37Z</Time><HeartRateBpm><Value>124</Value></HeartRateBpm><Cadence>88</Cadence><Extensions><ns3:TPX><ns3:Speed>0.0</ns3:Speed></ns3:TPX></Extensions></Trackpoint><Trackpoint><Time>2026-01-20T22:22:43Z</Time><HeartRateBpm><Value>125</Value></HeartRateBpm><Cadence>88</Cadence><Extensions><ns3:TPX><ns3:Speed>0.0</ns3:Speed></ns3:TPX></Extensions></Trackpoint><Trackpoint><Time>2026-01-20T22:22:47Z</Time><HeartRateBpm><Value>125</Value></HeartRateBpm><Cadence>88</Cadence><Extensions><ns3:TPX><ns3:Speed>0.0</ns3:Speed></ns3:TPX></Extensions></Trackpoint><Trackpoint><Time>2026-01-20T22:22:52Z</Time><HeartRateBpm><Value>125</Value></HeartRateBpm><Cadence>88</Cadence><Extensions><ns3:TPX><ns3:Speed>0.0</ns3:Speed></ns3:TPX></Extensions></Trackpoint><Trackpoint><Time>2026-01-20T22:22:53Z</Time><HeartRateBpm><Value>124</Value></HeartRateBpm><Cadence>88</Cadence><Extensions><ns3:TPX><ns3:Speed>0.0</ns3:Speed></ns3:TPX></Extensions></Trackpoint><Trackpoint><Time>2026-01-20T22:22:58Z</Time><HeartRateBpm><Value>124</Value></HeartRateBpm><Cadence>88</Cadence><Extensions><ns3:TPX><ns3:Speed>0.0</ns3:Speed></ns3:TPX></Extensions></Trackpoint><Trackpoint><Time>2026-01-20T22:23:01Z</Time><HeartRateBpm><Value>122</Value></HeartRateBpm><Cadence>88</Cadence><Extensions><ns3:TPX><ns3:Speed>0.0</ns3:Speed></ns3:TPX></Extensions></Trackpoint><Trackpoint><Time>2026-01-20T22:23:05Z</Time><HeartRateBpm><Value>121</Value></HeartRateBpm><Cadence>88</Cadence><Extensions><ns3:TPX><ns3:Speed>0.0</ns3:Speed></ns3:TPX></Extensions></Trackpoint><Trackpoint><Time>2026-01-20T22:23:06Z</Time><HeartRateBpm><Value>120</Value></HeartRateBpm><Cadence>88</Cadence><Extensions><ns3:TPX><ns3:Speed>0.0</ns3:Speed></ns3:TPX></Extensions></Trackpoint><Trackpoint><Time>2026-01-20T22:23:08Z</Time><HeartRateBpm><Value>119</Value></HeartRateBpm><Cadence>88</Cadence><Extensions><ns3:TPX><ns3:Speed>0.0</ns3:Speed></ns3:TPX></Extensions></Trackpoint><Trackpoint><Time>2026-01-20T22:23:14Z</Time><HeartRateBpm><Value>117</Value></HeartRateBpm><Cadence>88</Cadence><Extensions><ns3:TPX><ns3:Speed>0.0</ns3:Speed></ns3:TPX></Extensions></Trackpoint><Trackpoint><Time>2026-01-20T22:23:15Z</Time><HeartRateBpm><Value>115</Value></HeartRateBpm><Cadence>88</Cadence><Extensions><ns3:TPX><ns3:Speed>0.0</ns3:Speed></ns3:TPX></Extensions></Trackpoint><Trackpoint><Time>2026-01-20T22:23:17Z</Time><HeartRateBpm><Value>114</Value></HeartRateBpm><Cadence>88</Cadence><Extensions><ns3:TPX><ns3:Speed>0.0</ns3:Speed></ns3:TPX></Extensions></Trackpoint><Trackpoint><Time>2026-01-20T22:23:22Z</Time><HeartRateBpm><Value>114</Value></HeartRateBpm><Cadence>88</Cadence><Extensions><ns3:TPX><ns3:Speed>0.0</ns3:Speed></ns3:TPX></Extensions></Trackpoint><Trackpoint><Time>2026-01-20T22:23:27Z</Time><HeartRateBpm><Value>114</Value></HeartRateBpm><Cadence>88</Cadence><Extensions><ns3:TPX><ns3:Speed>0.0</ns3:Speed></ns3:TPX></Extensions></Trackpoint><Trackpoint><Time>2026-01-20T22:23:30Z</Time><HeartRateBpm><Value>115</Value></HeartRateBpm><Cadence>88</Cadence><Extensions><ns3:TPX><ns3:Speed>0.0</ns3:Speed></ns3:TPX></Extensions></Trackpoint><Trackpoint><Time>2026-01-20T22:23:32Z</Time><HeartRateBpm><Value>116</Value></HeartRateBpm><Cadence>88</Cadence><Extensions><ns3:TPX><ns3:Speed>0.0</ns3:Speed></ns3:TPX></Extensions></Trackpoint><Trackpoint><Time>2026-01-20T22:23:33Z</Time><HeartRateBpm><Value>117</Value></HeartRateBpm><Cadence>88</Cadence><Extensions><ns3:TPX><ns3:Speed>0.0</ns3:Speed></ns3:TPX></Extensions></Trackpoint><Trackpoint><Time>2026-01-20T22:23:35Z</Time><HeartRateBpm><Value>116</Value></HeartRateBpm><Cadence>88</Cadence><Extensions><ns3:TPX><ns3:Speed>0.0</ns3:Speed></ns3:TPX></Extensions></Trackpoint><Trackpoint><Time>2026-01-20T22:23:38Z</Time><HeartRateBpm><Value>117</Value></HeartRateBpm><Cadence>88</Cadence><Extensions><ns3:TPX><ns3:Speed>0.0</ns3:Speed></ns3:TPX></Extensions></Trackpoint><Trackpoint><Time>2026-01-20T22:23:40Z</Time><HeartRateBpm><Value>118</Value></HeartRateBpm><Cadence>88</Cadence><Extensions><ns3:TPX><ns3:Speed>0.0</ns3:Speed></ns3:TPX></Extensions></Trackpoint><Trackpoint><Time>2026-01-20T22:23:44Z</Time><HeartRateBpm><Value>115</Value></HeartRateBpm><Cadence>88</Cadence><Extensions><ns3:TPX><ns3:Speed>0.0</ns3:Speed></ns3:TPX></Extensions></Trackpoint><Trackpoint><Time>2026-01-20T22:23:45Z</Time><HeartRateBpm><Value>114</Value></HeartRateBpm><Cadence>88</Cadence><Extensions><ns3:TPX><ns3:Speed>0.0</ns3:Speed></ns3:TPX></Extensions></Trackpoint><Trackpoint><Time>2026-01-20T22:23:46Z</Time><HeartRateBpm><Value>115</Value></HeartRateBpm><Cadence>88</Cadence><Extensions><ns3:TPX><ns3:Speed>0.0</ns3:Speed></ns3:TPX></Extensions></Trackpoint><Trackpoint><Time>2026-01-20T22:23:47Z</Time><HeartRateBpm><Value>114</Value></HeartRateBpm><Cadence>88</Cadence><Extensions><ns3:TPX><ns3:Speed>0.0</ns3:Speed></ns3:TPX></Extensions></Trackpoint><Trackpoint><Time>2026-01-20T22:23:48Z</Time><HeartRateBpm><Value>113</Value></HeartRateBpm><Cadence>88</Cadence><Extensions><ns3:TPX><ns3:Speed>0.0</ns3:Speed></ns3:TPX></Extensions></Trackpoint><Trackpoint><Time>2026-01-20T22:23:50Z</Time><HeartRateBpm><Value>110</Value></HeartRateBpm><Cadence>88</Cadence><Extensions><ns3:TPX><ns3:Speed>0.0</ns3:Speed></ns3:TPX></Extensions></Trackpoint><Trackpoint><Time>2026-01-20T22:23:55Z</Time><HeartRateBpm><Value>112</Value></HeartRateBpm><Cadence>88</Cadence><Extensions><ns3:TPX><ns3:Speed>0.0</ns3:Speed></ns3:TPX></Extensions></Trackpoint><Trackpoint><Time>2026-01-20T22:24:00Z</Time><HeartRateBpm><Value>113</Value></HeartRateBpm><Cadence>88</Cadence><Extensions><ns3:TPX><ns3:Speed>0.0</ns3:Speed></ns3:TPX></Extensions></Trackpoint><Trackpoint><Time>2026-01-20T22:24:02Z</Time><HeartRateBpm><Value>111</Value></HeartRateBpm><Cadence>88</Cadence><Extensions><ns3:TPX><ns3:Speed>0.0</ns3:Speed></ns3:TPX></Extensions></Trackpoint><Trackpoint><Time>2026-01-20T22:24:03Z</Time><HeartRateBpm><Value>109</Value></HeartRateBpm><Cadence>88</Cadence><Extensions><ns3:TPX><ns3:Speed>0.0</ns3:Speed></ns3:TPX></Extensions></Trackpoint><Trackpoint><Time>2026-01-20T22:24:04Z</Time><HeartRateBpm><Value>110</Value></HeartRateBpm><Cadence>88</Cadence><Extensions><ns3:TPX><ns3:Speed>0.0</ns3:Speed></ns3:TPX></Extensions></Trackpoint><Trackpoint><Time>2026-01-20T22:24:05Z</Time><HeartRateBpm><Value>111</Value></HeartRateBpm><Cadence>88</Cadence><Extensions><ns3:TPX><ns3:Speed>0.0</ns3:Speed></ns3:TPX></Extensions></Trackpoint><Trackpoint><Time>2026-01-20T22:24:10Z</Time><HeartRateBpm><Value>111</Value></HeartRateBpm><Cadence>88</Cadence><Extensions><ns3:TPX><ns3:Speed>0.0</ns3:Speed></ns3:TPX></Extensions></Trackpoint><Trackpoint><Time>2026-01-20T22:24:11Z</Time><HeartRateBpm><Value>110</Value></HeartRateBpm><Cadence>88</Cadence><Extensions><ns3:TPX><ns3:Speed>0.0</ns3:Speed></ns3:TPX></Extensions></Trackpoint><Trackpoint><Time>2026-01-20T22:24:14Z</Time><HeartRateBpm><Value>111</Value></HeartRateBpm><Cadence>88</Cadence><Extensions><ns3:TPX><ns3:Speed>0.0</ns3:Speed></ns3:TPX></Extensions></Trackpoint><Trackpoint><Time>2026-01-20T22:24:15Z</Time><HeartRateBpm><Value>110</Value></HeartRateBpm><Cadence>88</Cadence><Extensions><ns3:TPX><ns3:Speed>0.0</ns3:Speed></ns3:TPX></Extensions></Trackpoint><Trackpoint><Time>2026-01-20T22:24:18Z</Time><HeartRateBpm><Value>109</Value></HeartRateBpm><Cadence>88</Cadence><Extensions><ns3:TPX><ns3:Speed>0.0</ns3:Speed></ns3:TPX></Extensions></Trackpoint><Trackpoint><Time>2026-01-20T22:24:19Z</Time><HeartRateBpm><Value>108</Value></HeartRateBpm><Cadence>88</Cadence><Extensions><ns3:TPX><ns3:Speed>0.0</ns3:Speed></ns3:TPX></Extensions></Trackpoint><Trackpoint><Time>2026-01-20T22:24:24Z</Time><HeartRateBpm><Value>108</Value></HeartRateBpm><Cadence>88</Cadence><Extensions><ns3:TPX><ns3:Speed>0.0</ns3:Speed></ns3:TPX></Extensions></Trackpoint><Trackpoint><Time>2026-01-20T22:24:25Z</Time><HeartRateBpm><Value>109</Value></HeartRateBpm><Cadence>88</Cadence><Extensions><ns3:TPX><ns3:Speed>0.0</ns3:Speed></ns3:TPX></Extensions></Trackpoint><Trackpoint><Time>2026-01-20T22:24:28Z</Time><HeartRateBpm><Value>110</Value></HeartRateBpm><Cadence>88</Cadence><Extensions><ns3:TPX><ns3:Speed>0.0</ns3:Speed></ns3:TPX></Extensions></Trackpoint><Trackpoint><Time>2026-01-20T22:24:30Z</Time><HeartRateBpm><Value>109</Value></HeartRateBpm><Cadence>88</Cadence><Extensions><ns3:TPX><ns3:Speed>0.0</ns3:Speed></ns3:TPX></Extensions></Trackpoint><Trackpoint><Time>2026-01-20T22:24:31Z</Time><HeartRateBpm><Value>107</Value></HeartRateBpm><Cadence>88</Cadence><Extensions><ns3:TPX><ns3:Speed>0.0</ns3:Speed></ns3:TPX></Extensions></Trackpoint><Trackpoint><Time>2026-01-20T22:24:36Z</Time><HeartRateBpm><Value>108</Value></HeartRateBpm><Cadence>88</Cadence><Extensions><ns3:TPX><ns3:Speed>0.0</ns3:Speed></ns3:TPX></Extensions></Trackpoint><Trackpoint><Time>2026-01-20T22:24:41Z</Time><HeartRateBpm><Value>108</Value></HeartRateBpm><Cadence>88</Cadence><Extensions><ns3:TPX><ns3:Speed>0.0</ns3:Speed></ns3:TPX></Extensions></Trackpoint><Trackpoint><Time>2026-01-20T22:24:43Z</Time><HeartRateBpm><Value>107</Value></HeartRateBpm><Cadence>88</Cadence><Extensions><ns3:TPX><ns3:Speed>0.0</ns3:Speed></ns3:TPX></Extensions></Trackpoint><Trackpoint><Time>2026-01-20T22:24:45Z</Time><HeartRateBpm><Value>106</Value></HeartRateBpm><Cadence>88</Cadence><Extensions><ns3:TPX><ns3:Speed>0.0</ns3:Speed></ns3:TPX></Extensions></Trackpoint><Trackpoint><Time>2026-01-20T22:24:46Z</Time><HeartRateBpm><Value>107</Value></HeartRateBpm><Cadence>88</Cadence><Extensions><ns3:TPX><ns3:Speed>0.0</ns3:Speed></ns3:TPX></Extensions></Trackpoint><Trackpoint><Time>2026-01-20T22:24:47Z</Time><HeartRateBpm><Value>106</Value></HeartRateBpm><Cadence>88</Cadence><Extensions><ns3:TPX><ns3:Speed>0.0</ns3:Speed></ns3:TPX></Extensions></Trackpoint><Trackpoint><Time>2026-01-20T22:24:49Z</Time><HeartRateBpm><Value>107</Value></HeartRateBpm><Cadence>88</Cadence><Extensions><ns3:TPX><ns3:Speed>0.0</ns3:Speed></ns3:TPX></Extensions></Trackpoint><Trackpoint><Time>2026-01-20T22:24:54Z</Time><HeartRateBpm><Value>107</Value></HeartRateBpm><Cadence>88</Cadence><Extensions><ns3:TPX><ns3:Speed>0.0</ns3:Speed></ns3:TPX></Extensions></Trackpoint><Trackpoint><Time>2026-01-20T22:24:59Z</Time><HeartRateBpm><Value>106</Value></HeartRateBpm><Cadence>88</Cadence><Extensions><ns3:TPX><ns3:Speed>0.0</ns3:Speed></ns3:TPX></Extensions></Trackpoint><Trackpoint><Time>2026-01-20T22:25:03Z</Time><HeartRateBpm><Value>107</Value></HeartRateBpm><Cadence>88</Cadence><Extensions><ns3:TPX><ns3:Speed>0.0</ns3:Speed></ns3:TPX></Extensions></Trackpoint><Trackpoint><Time>2026-01-20T22:25:05Z</Time><HeartRateBpm><Value>106</Value></HeartRateBpm><Cadence>88</Cadence><Extensions><ns3:TPX><ns3:Speed>0.0</ns3:Speed></ns3:TPX></Extensions></Trackpoint><Trackpoint><Time>2026-01-20T22:25:10Z</Time><HeartRateBpm><Value>107</Value></HeartRateBpm><Cadence>88</Cadence><Extensions><ns3:TPX><ns3:Speed>0.0</ns3:Speed></ns3:TPX></Extensions></Trackpoint><Trackpoint><Time>2026-01-20T22:25:11Z</Time><HeartRateBpm><Value>108</Value></HeartRateBpm><Cadence>88</Cadence><Extensions><ns3:TPX><ns3:Speed>0.0</ns3:Speed></ns3:TPX></Extensions></Trackpoint><Trackpoint><Time>2026-01-20T22:25:16Z</Time><HeartRateBpm><Value>108</Value></HeartRateBpm><Cadence>88</Cadence><Extensions><ns3:TPX><ns3:Speed>0.0</ns3:Speed></ns3:TPX></Extensions></Trackpoint><Trackpoint><Time>2026-01-20T22:25:21Z</Time><HeartRateBpm><Value>106</Value></HeartRateBpm><Cadence>88</Cadence><Extensions><ns3:TPX><ns3:Speed>0.0</ns3:Speed></ns3:TPX></Extensions></Trackpoint><Trackpoint><Time>2026-01-20T22:25:23Z</Time><HeartRateBpm><Value>107</Value></HeartRateBpm><Cadence>88</Cadence><Extensions><ns3:TPX><ns3:Speed>0.0</ns3:Speed></ns3:TPX></Extensions></Trackpoint><Trackpoint><Time>2026-01-20T22:25:27Z</Time><HeartRateBpm><Value>110</Value></HeartRateBpm><Cadence>88</Cadence><Extensions><ns3:TPX><ns3:Speed>0.0</ns3:Speed></ns3:TPX></Extensions></Trackpoint><Trackpoint><Time>2026-01-20T22:25:29Z</Time><HeartRateBpm><Value>111</Value></HeartRateBpm><Cadence>88</Cadence><Extensions><ns3:TPX><ns3:Speed>0.0</ns3:Speed></ns3:TPX></Extensions></Trackpoint><Trackpoint><Time>2026-01-20T22:25:32Z</Time><HeartRateBpm><Value>110</Value></HeartRateBpm><Cadence>88</Cadence><Extensions><ns3:TPX><ns3:Speed>0.0</ns3:Speed></ns3:TPX></Extensions></Trackpoint><Trackpoint><Time>2026-01-20T22:25:35Z</Time><HeartRateBpm><Value>109</Value></HeartRateBpm><Cadence>88</Cadence><Extensions><ns3:TPX><ns3:Speed>0.0</ns3:Speed></ns3:TPX></Extensions></Trackpoint><Trackpoint><Time>2026-01-20T22:25:36Z</Time><HeartRateBpm><Value>108</Value></HeartRateBpm><Cadence>88</Cadence><Extensions><ns3:TPX><ns3:Speed>0.0</ns3:Speed></ns3:TPX></Extensions></Trackpoint><Trackpoint><Time>2026-01-20T22:25:41Z</Time><HeartRateBpm><Value>108</Value></HeartRateBpm><Cadence>88</Cadence><Extensions><ns3:TPX><ns3:Speed>0.0</ns3:Speed></ns3:TPX></Extensions></Trackpoint><Trackpoint><Time>2026-01-20T22:25:46Z</Time><HeartRateBpm><Value>108</Value></HeartRateBpm><Cadence>88</Cadence><Extensions><ns3:TPX><ns3:Speed>0.0</ns3:Speed></ns3:TPX></Extensions></Trackpoint><Trackpoint><Time>2026-01-20T22:25:49Z</Time><HeartRateBpm><Value>107</Value></HeartRateBpm><Cadence>88</Cadence><Extensions><ns3:TPX><ns3:Speed>0.0</ns3:Speed></ns3:TPX></Extensions></Trackpoint><Trackpoint><Time>2026-01-20T22:25:50Z</Time><HeartRateBpm><Value>108</Value></HeartRateBpm><Cadence>88</Cadence><Extensions><ns3:TPX><ns3:Speed>0.0</ns3:Speed></ns3:TPX></Extensions></Trackpoint><Trackpoint><Time>2026-01-20T22:25:54Z</Time><HeartRateBpm><Value>108</Value></HeartRateBpm><Cadence>88</Cadence><Extensions><ns3:TPX><ns3:Speed>0.0</ns3:Speed></ns3:TPX></Extensions></Trackpoint><Trackpoint><Time>2026-01-20T22:25:55Z</Time><HeartRateBpm><Value>109</Value></HeartRateBpm><Cadence>88</Cadence><Extensions><ns3:TPX><ns3:Speed>0.0</ns3:Speed></ns3:TPX></Extensions></Trackpoint><Trackpoint><Time>2026-01-20T22:25:57Z</Time><HeartRateBpm><Value>108</Value></HeartRateBpm><Cadence>88</Cadence><Extensions><ns3:TPX><ns3:Speed>0.0</ns3:Speed></ns3:TPX></Extensions></Trackpoint><Trackpoint><Time>2026-01-20T22:25:59Z</Time><HeartRateBpm><Value>109</Value></HeartRateBpm><Cadence>88</Cadence><Extensions><ns3:TPX><ns3:Speed>0.0</ns3:Speed></ns3:TPX></Extensions></Trackpoint><Trackpoint><Time>2026-01-20T22:26:01Z</Time><HeartRateBpm><Value>106</Value></HeartRateBpm><Cadence>88</Cadence><Extensions><ns3:TPX><ns3:Speed>0.0</ns3:Speed></ns3:TPX></Extensions></Trackpoint><Trackpoint><Time>2026-01-20T22:26:03Z</Time><HeartRateBpm><Value>105</Value></HeartRateBpm><Cadence>88</Cadence><Extensions><ns3:TPX><ns3:Speed>0.0</ns3:Speed></ns3:TPX></Extensions></Trackpoint><Trackpoint><Time>2026-01-20T22:26:04Z</Time><HeartRateBpm><Value>104</Value></HeartRateBpm><Cadence>88</Cadence><Extensions><ns3:TPX><ns3:Speed>0.0</ns3:Speed></ns3:TPX></Extensions></Trackpoint><Trackpoint><Time>2026-01-20T22:26:07Z</Time><HeartRateBpm><Value>103</Value></HeartRateBpm><Cadence>88</Cadence><Extensions><ns3:TPX><ns3:Speed>0.0</ns3:Speed></ns3:TPX></Extensions></Trackpoint><Trackpoint><Time>2026-01-20T22:26:12Z</Time><HeartRateBpm><Value>103</Value></HeartRateBpm><Cadence>88</Cadence><Extensions><ns3:TPX><ns3:Speed>0.0</ns3:Speed></ns3:TPX></Extensions></Trackpoint><Trackpoint><Time>2026-01-20T22:26:13Z</Time><HeartRateBpm><Value>101</Value></HeartRateBpm><Cadence>88</Cadence><Extensions><ns3:TPX><ns3:Speed>0.0</ns3:Speed></ns3:TPX></Extensions></Trackpoint><Trackpoint><Time>2026-01-20T22:26:18Z</Time><HeartRateBpm><Value>102</Value></HeartRateBpm><Cadence>88</Cadence><Extensions><ns3:TPX><ns3:Speed>0.0</ns3:Speed></ns3:TPX></Extensions></Trackpoint><Trackpoint><Time>2026-01-20T22:26:21Z</Time><HeartRateBpm><Value>104</Value></HeartRateBpm><Cadence>88</Cadence><Extensions><ns3:TPX><ns3:Speed>0.0</ns3:Speed></ns3:TPX></Extensions></Trackpoint><Trackpoint><Time>2026-01-20T22:26:22Z</Time><HeartRateBpm><Value>105</Value></HeartRateBpm><Cadence>88</Cadence><Extensions><ns3:TPX><ns3:Speed>0.0</ns3:Speed></ns3:TPX></Extensions></Trackpoint><Trackpoint><Time>2026-01-20T22:26:23Z</Time><HeartRateBpm><Value>106</Value></HeartRateBpm><Cadence>88</Cadence><Extensions><ns3:TPX><ns3:Speed>0.0</ns3:Speed></ns3:TPX></Extensions></Trackpoint><Trackpoint><Time>2026-01-20T22:26:28Z</Time><HeartRateBpm><Value>106</Value></HeartRateBpm><Cadence>88</Cadence><Extensions><ns3:TPX><ns3:Speed>0.0</ns3:Speed></ns3:TPX></Extensions></Trackpoint><Trackpoint><Time>2026-01-20T22:26:29Z</Time><HeartRateBpm><Value>108</Value></HeartRateBpm><Cadence>88</Cadence><Extensions><ns3:TPX><ns3:Speed>0.0</ns3:Speed></ns3:TPX></Extensions></Trackpoint><Trackpoint><Time>2026-01-20T22:26:31Z</Time><HeartRateBpm><Value>109</Value></HeartRateBpm><Cadence>88</Cadence><Extensions><ns3:TPX><ns3:Speed>0.0</ns3:Speed></ns3:TPX></Extensions></Trackpoint><Trackpoint><Time>2026-01-20T22:26:33Z</Time><HeartRateBpm><Value>107</Value></HeartRateBpm><Cadence>88</Cadence><Extensions><ns3:TPX><ns3:Speed>0.0</ns3:Speed></ns3:TPX></Extensions></Trackpoint><Trackpoint><Time>2026-01-20T22:26:34Z</Time><HeartRateBpm><Value>110</Value></HeartRateBpm><Cadence>88</Cadence><Extensions><ns3:TPX><ns3:Speed>0.0</ns3:Speed></ns3:TPX></Extensions></Trackpoint><Trackpoint><Time>2026-01-20T22:26:35Z</Time><HeartRateBpm><Value>108</Value></HeartRateBpm><Cadence>88</Cadence><Extensions><ns3:TPX><ns3:Speed>0.0</ns3:Speed></ns3:TPX></Extensions></Trackpoint><Trackpoint><Time>2026-01-20T22:26:36Z</Time><HeartRateBpm><Value>107</Value></HeartRateBpm><Cadence>88</Cadence><Extensions><ns3:TPX><ns3:Speed>0.0</ns3:Speed></ns3:TPX></Extensions></Trackpoint><Trackpoint><Time>2026-01-20T22:26:39Z</Time><HeartRateBpm><Value>106</Value></HeartRateBpm><Cadence>88</Cadence><Extensions><ns3:TPX><ns3:Speed>0.0</ns3:Speed></ns3:TPX></Extensions></Trackpoint><Trackpoint><Time>2026-01-20T22:26:41Z</Time><HeartRateBpm><Value>105</Value></HeartRateBpm><Cadence>88</Cadence><Extensions><ns3:TPX><ns3:Speed>0.0</ns3:Speed></ns3:TPX></Extensions></Trackpoint><Trackpoint><Time>2026-01-20T22:26:42Z</Time><HeartRateBpm><Value>104</Value></HeartRateBpm><Cadence>88</Cadence><Extensions><ns3:TPX><ns3:Speed>0.0</ns3:Speed></ns3:TPX></Extensions></Trackpoint><Trackpoint><Time>2026-01-20T22:26:44Z</Time><HeartRateBpm><Value>102</Value></HeartRateBpm><Cadence>88</Cadence><Extensions><ns3:TPX><ns3:Speed>0.0</ns3:Speed></ns3:TPX></Extensions></Trackpoint><Trackpoint><Time>2026-01-20T22:26:46Z</Time><HeartRateBpm><Value>101</Value></HeartRateBpm><Cadence>88</Cadence><Extensions><ns3:TPX><ns3:Speed>0.0</ns3:Speed></ns3:TPX></Extensions></Trackpoint><Trackpoint><Time>2026-01-20T22:26:47Z</Time><HeartRateBpm><Value>100</Value></HeartRateBpm><Cadence>88</Cadence><Extensions><ns3:TPX><ns3:Speed>0.0</ns3:Speed></ns3:TPX></Extensions></Trackpoint><Trackpoint><Time>2026-01-20T22:26:48Z</Time><HeartRateBpm><Value>101</Value></HeartRateBpm><Cadence>88</Cadence><Extensions><ns3:TPX><ns3:Speed>0.0</ns3:Speed></ns3:TPX></Extensions></Trackpoint><Trackpoint><Time>2026-01-20T22:26:49Z</Time><HeartRateBpm><Value>100</Value></HeartRateBpm><Cadence>88</Cadence><Extensions><ns3:TPX><ns3:Speed>0.0</ns3:Speed></ns3:TPX></Extensions></Trackpoint><Trackpoint><Time>2026-01-20T22:26:54Z</Time><HeartRateBpm><Value>99</Value></HeartRateBpm><Cadence>88</Cadence><Extensions><ns3:TPX><ns3:Speed>0.0</ns3:Speed></ns3:TPX></Extensions></Trackpoint><Trackpoint><Time>2026-01-20T22:26:57Z</Time><HeartRateBpm><Value>98</Value></HeartRateBpm><Cadence>88</Cadence><Extensions><ns3:TPX><ns3:Speed>0.0</ns3:Speed></ns3:TPX></Extensions></Trackpoint><Trackpoint><Time>2026-01-20T22:26:59Z</Time><HeartRateBpm><Value>99</Value></HeartRateBpm><Cadence>88</Cadence><Extensions><ns3:TPX><ns3:Speed>0.0</ns3:Speed></ns3:TPX></Extensions></Trackpoint><Trackpoint><Time>2026-01-20T22:27:00Z</Time><HeartRateBpm><Value>100</Value></HeartRateBpm><Cadence>88</Cadence><Extensions><ns3:TPX><ns3:Speed>0.0</ns3:Speed></ns3:TPX></Extensions></Trackpoint><Trackpoint><Time>2026-01-20T22:27:03Z</Time><HeartRateBpm><Value>101</Value></HeartRateBpm><Cadence>88</Cadence><Extensions><ns3:TPX><ns3:Speed>0.0</ns3:Speed></ns3:TPX></Extensions></Trackpoint><Trackpoint><Time>2026-01-20T22:27:04Z</Time><HeartRateBpm><Value>102</Value></HeartRateBpm><Cadence>88</Cadence><Extensions><ns3:TPX><ns3:Speed>0.0</ns3:Speed></ns3:TPX></Extensions></Trackpoint><Trackpoint><Time>2026-01-20T22:27:06Z</Time><HeartRateBpm><Value>103</Value></HeartRateBpm><Cadence>88</Cadence><Extensions><ns3:TPX><ns3:Speed>0.0</ns3:Speed></ns3:TPX></Extensions></Trackpoint><Trackpoint><Time>2026-01-20T22:27:07Z</Time><HeartRateBpm><Value>104</Value></HeartRateBpm><Cadence>88</Cadence><Extensions><ns3:TPX><ns3:Speed>0.0</ns3:Speed></ns3:TPX></Extensions></Trackpoint><Trackpoint><Time>2026-01-20T22:27:12Z</Time><HeartRateBpm><Value>105</Value></HeartRateBpm><Cadence>88</Cadence><Extensions><ns3:TPX><ns3:Speed>0.0</ns3:Speed></ns3:TPX></Extensions></Trackpoint><Trackpoint><Time>2026-01-20T22:27:13Z</Time><HeartRateBpm><Value>106</Value></HeartRateBpm><Cadence>88</Cadence><Extensions><ns3:TPX><ns3:Speed>0.0</ns3:Speed></ns3:TPX></Extensions></Trackpoint><Trackpoint><Time>2026-01-20T22:27:18Z</Time><HeartRateBpm><Value>106</Value></HeartRateBpm><Cadence>88</Cadence><Extensions><ns3:TPX><ns3:Speed>0.0</ns3:Speed></ns3:TPX></Extensions></Trackpoint><Trackpoint><Time>2026-01-20T22:27:20Z</Time><HeartRateBpm><Value>105</Value></HeartRateBpm><Cadence>88</Cadence><Extensions><ns3:TPX><ns3:Speed>0.0</ns3:Speed></ns3:TPX></Extensions></Trackpoint><Trackpoint><Time>2026-01-20T22:27:24Z</Time><HeartRateBpm><Value>104</Value></HeartRateBpm><Cadence>88</Cadence><Extensions><ns3:TPX><ns3:Speed>0.0</ns3:Speed></ns3:TPX></Extensions></Trackpoint><Trackpoint><Time>2026-01-20T22:27:28Z</Time><HeartRateBpm><Value>102</Value></HeartRateBpm><Cadence>88</Cadence><Extensions><ns3:TPX><ns3:Speed>0.0</ns3:Speed></ns3:TPX></Extensions></Trackpoint><Trackpoint><Time>2026-01-20T22:27:29Z</Time><HeartRateBpm><Value>101</Value></HeartRateBpm><Cadence>88</Cadence><Extensions><ns3:TPX><ns3:Speed>0.0</ns3:Speed></ns3:TPX></Extensions></Trackpoint><Trackpoint><Time>2026-01-20T22:27:31Z</Time><HeartRateBpm><Value>102</Value></HeartRateBpm><Cadence>88</Cadence><Extensions><ns3:TPX><ns3:Speed>0.0</ns3:Speed></ns3:TPX></Extensions></Trackpoint><Trackpoint><Time>2026-01-20T22:27:34Z</Time><HeartRateBpm><Value>101</Value></HeartRateBpm><Cadence>88</Cadence><Extensions><ns3:TPX><ns3:Speed>0.0</ns3:Speed></ns3:TPX></Extensions></Trackpoint><Trackpoint><Time>2026-01-20T22:27:35Z</Time><HeartRateBpm><Value>102</Value></HeartRateBpm><Cadence>88</Cadence><Extensions><ns3:TPX><ns3:Speed>0.0</ns3:Speed></ns3:TPX></Extensions></Trackpoint><Trackpoint><Time>2026-01-20T22:27:36Z</Time><HeartRateBpm><Value>103</Value></HeartRateBpm><Cadence>88</Cadence><Extensions><ns3:TPX><ns3:Speed>0.0</ns3:Speed></ns3:TPX></Extensions></Trackpoint><Trackpoint><Time>2026-01-20T22:27:37Z</Time><HeartRateBpm><Value>105</Value></HeartRateBpm><Cadence>88</Cadence><Extensions><ns3:TPX><ns3:Speed>0.0</ns3:Speed></ns3:TPX></Extensions></Trackpoint><Trackpoint><Time>2026-01-20T22:27:38Z</Time><HeartRateBpm><Value>110</Value></HeartRateBpm><Cadence>88</Cadence><Extensions><ns3:TPX><ns3:Speed>0.0</ns3:Speed></ns3:TPX></Extensions></Trackpoint><Trackpoint><Time>2026-01-20T22:27:40Z</Time><HeartRateBpm><Value>119</Value></HeartRateBpm><Cadence>88</Cadence><Extensions><ns3:TPX><ns3:Speed>0.0</ns3:Speed></ns3:TPX></Extensions></Trackpoint><Trackpoint><Time>2026-01-20T22:27:41Z</Time><HeartRateBpm><Value>121</Value></HeartRateBpm><Cadence>88</Cadence><Extensions><ns3:TPX><ns3:Speed>0.0</ns3:Speed></ns3:TPX></Extensions></Trackpoint><Trackpoint><Time>2026-01-20T22:27:42Z</Time><HeartRateBpm><Value>122</Value></HeartRateBpm><Cadence>88</Cadence><Extensions><ns3:TPX><ns3:Speed>0.0</ns3:Speed></ns3:TPX></Extensions></Trackpoint><Trackpoint><Time>2026-01-20T22:27:43Z</Time><HeartRateBpm><Value>117</Value></HeartRateBpm><Cadence>88</Cadence><Extensions><ns3:TPX><ns3:Speed>0.0</ns3:Speed></ns3:TPX></Extensions></Trackpoint><Trackpoint><Time>2026-01-20T22:27:44Z</Time><HeartRateBpm><Value>111</Value></HeartRateBpm><Cadence>88</Cadence><Extensions><ns3:TPX><ns3:Speed>0.0</ns3:Speed></ns3:TPX></Extensions></Trackpoint><Trackpoint><Time>2026-01-20T22:27:46Z</Time><HeartRateBpm><Value>124</Value></HeartRateBpm><Cadence>88</Cadence><Extensions><ns3:TPX><ns3:Speed>0.0</ns3:Speed></ns3:TPX></Extensions></Trackpoint><Trackpoint><Time>2026-01-20T22:27:47Z</Time><HeartRateBpm><Value>126</Value></HeartRateBpm><Cadence>88</Cadence><Extensions><ns3:TPX><ns3:Speed>0.0</ns3:Speed></ns3:TPX></Extensions></Trackpoint><Trackpoint><Time>2026-01-20T22:27:48Z</Time><HeartRateBpm><Value>121</Value></HeartRateBpm><Cadence>88</Cadence><Extensions><ns3:TPX><ns3:Speed>0.0</ns3:Speed></ns3:TPX></Extensions></Trackpoint><Trackpoint><Time>2026-01-20T22:27:49Z</Time><HeartRateBpm><Value>115</Value></HeartRateBpm><Cadence>88</Cadence><Extensions><ns3:TPX><ns3:Speed>0.0</ns3:Speed></ns3:TPX></Extensions></Trackpoint><Trackpoint><Time>2026-01-20T22:27:50Z</Time><HeartRateBpm><Value>109</Value></HeartRateBpm><Cadence>88</Cadence><Extensions><ns3:TPX><ns3:Speed>0.0</ns3:Speed></ns3:TPX></Extensions></Trackpoint><Trackpoint><Time>2026-01-20T22:27:52Z</Time><HeartRateBpm><Value>108</Value></HeartRateBpm><Cadence>88</Cadence><Extensions><ns3:TPX><ns3:Speed>0.0</ns3:Speed></ns3:TPX></Extensions></Trackpoint><Trackpoint><Time>2026-01-20T22:27:54Z</Time><HeartRateBpm><Value>105</Value></HeartRateBpm><Cadence>88</Cadence><Extensions><ns3:TPX><ns3:Speed>0.0</ns3:Speed></ns3:TPX></Extensions></Trackpoint><Trackpoint><Time>2026-01-20T22:27:55Z</Time><HeartRateBpm><Value>101</Value></HeartRateBpm><Cadence>88</Cadence><Extensions><ns3:TPX><ns3:Speed>0.0</ns3:Speed></ns3:TPX></Extensions></Trackpoint><Trackpoint><Time>2026-01-20T22:28:00Z</Time><HeartRateBpm><Value>101</Value></HeartRateBpm><Cadence>88</Cadence><Extensions><ns3:TPX><ns3:Speed>0.0</ns3:Speed></ns3:TPX></Extensions></Trackpoint><Trackpoint><Time>2026-01-20T22:28:04Z</Time><HeartRateBpm><Value>99</Value></HeartRateBpm><Cadence>88</Cadence><Extensions><ns3:TPX><ns3:Speed>0.0</ns3:Speed></ns3:TPX></Extensions></Trackpoint><Trackpoint><Time>2026-01-20T22:28:05Z</Time><HeartRateBpm><Value>98</Value></HeartRateBpm><Cadence>88</Cadence><Extensions><ns3:TPX><ns3:Speed>0.0</ns3:Speed></ns3:TPX></Extensions></Trackpoint><Trackpoint><Time>2026-01-20T22:28:06Z</Time><HeartRateBpm><Value>97</Value></HeartRateBpm><Cadence>88</Cadence><Extensions><ns3:TPX><ns3:Speed>0.0</ns3:Speed></ns3:TPX></Extensions></Trackpoint><Trackpoint><Time>2026-01-20T22:28:07Z</Time><HeartRateBpm><Value>96</Value></HeartRateBpm><Cadence>88</Cadence><Extensions><ns3:TPX><ns3:Speed>0.0</ns3:Speed></ns3:TPX></Extensions></Trackpoint><Trackpoint><Time>2026-01-20T22:28:08Z</Time><HeartRateBpm><Value>95</Value></HeartRateBpm><Cadence>88</Cadence><Extensions><ns3:TPX><ns3:Speed>0.0</ns3:Speed></ns3:TPX></Extensions></Trackpoint><Trackpoint><Time>2026-01-20T22:28:11Z</Time><HeartRateBpm><Value>96</Value></HeartRateBpm><Cadence>88</Cadence><Extensions><ns3:TPX><ns3:Speed>0.0</ns3:Speed></ns3:TPX></Extensions></Trackpoint><Trackpoint><Time>2026-01-20T22:28:17Z</Time><HeartRateBpm><Value>96</Value></HeartRateBpm><Cadence>88</Cadence><Extensions><ns3:TPX><ns3:Speed>0.0</ns3:Speed></ns3:TPX></Extensions></Trackpoint><Trackpoint><Time>2026-01-20T22:28:19Z</Time><HeartRateBpm><Value>95</Value></HeartRateBpm><Cadence>88</Cadence><Extensions><ns3:TPX><ns3:Speed>0.0</ns3:Speed></ns3:TPX></Extensions></Trackpoint><Trackpoint><Time>2026-01-20T22:28:20Z</Time><HeartRateBpm><Value>94</Value></HeartRateBpm><Cadence>88</Cadence><Extensions><ns3:TPX><ns3:Speed>0.0</ns3:Speed></ns3:TPX></Extensions></Trackpoint><Trackpoint><Time>2026-01-20T22:28:24Z</Time><HeartRateBpm><Value>95</Value></HeartRateBpm><Cadence>88</Cadence><Extensions><ns3:TPX><ns3:Speed>0.0</ns3:Speed></ns3:TPX></Extensions></Trackpoint><Trackpoint><Time>2026-01-20T22:28:26Z</Time><HeartRateBpm><Value>96</Value></HeartRateBpm><Cadence>88</Cadence><Extensions><ns3:TPX><ns3:Speed>0.0</ns3:Speed></ns3:TPX></Extensions></Trackpoint><Trackpoint><Time>2026-01-20T22:28:27Z</Time><HeartRateBpm><Value>97</Value></HeartRateBpm><Cadence>88</Cadence><Extensions><ns3:TPX><ns3:Speed>0.0</ns3:Speed></ns3:TPX></Extensions></Trackpoint><Trackpoint><Time>2026-01-20T22:28:32Z</Time><HeartRateBpm><Value>97</Value></HeartRateBpm><Cadence>88</Cadence><Extensions><ns3:TPX><ns3:Speed>0.0</ns3:Speed></ns3:TPX></Extensions></Trackpoint><Trackpoint><Time>2026-01-20T22:28:37Z</Time><HeartRateBpm><Value>97</Value></HeartRateBpm><Cadence>88</Cadence><Extensions><ns3:TPX><ns3:Speed>0.0</ns3:Speed></ns3:TPX></Extensions></Trackpoint><Trackpoint><Time>2026-01-20T22:28:39Z</Time><HeartRateBpm><Value>96</Value></HeartRateBpm><Cadence>88</Cadence><Extensions><ns3:TPX><ns3:Speed>0.0</ns3:Speed></ns3:TPX></Extensions></Trackpoint><Trackpoint><Time>2026-01-20T22:28:41Z</Time><HeartRateBpm><Value>98</Value></HeartRateBpm><Cadence>88</Cadence><Extensions><ns3:TPX><ns3:Speed>0.0</ns3:Speed></ns3:TPX></Extensions></Trackpoint><Trackpoint><Time>2026-01-20T22:28:43Z</Time><HeartRateBpm><Value>100</Value></HeartRateBpm><Cadence>88</Cadence><Extensions><ns3:TPX><ns3:Speed>0.0</ns3:Speed></ns3:TPX></Extensions></Trackpoint><Trackpoint><Time>2026-01-20T22:28:44Z</Time><HeartRateBpm><Value>102</Value></HeartRateBpm><Cadence>88</Cadence><Extensions><ns3:TPX><ns3:Speed>0.0</ns3:Speed></ns3:TPX></Extensions></Trackpoint><Trackpoint><Time>2026-01-20T22:28:45Z</Time><HeartRateBpm><Value>107</Value></HeartRateBpm><Cadence>88</Cadence><Extensions><ns3:TPX><ns3:Speed>0.0</ns3:Speed></ns3:TPX></Extensions></Trackpoint><Trackpoint><Time>2026-01-20T22:28:48Z</Time><HeartRateBpm><Value>106</Value></HeartRateBpm><Cadence>88</Cadence><Extensions><ns3:TPX><ns3:Speed>0.0</ns3:Speed></ns3:TPX></Extensions></Trackpoint><Trackpoint><Time>2026-01-20T22:28:49Z</Time><HeartRateBpm><Value>104</Value></HeartRateBpm><Cadence>88</Cadence><Extensions><ns3:TPX><ns3:Speed>0.0</ns3:Speed></ns3:TPX></Extensions></Trackpoint><Trackpoint><Time>2026-01-20T22:28:50Z</Time><HeartRateBpm><Value>103</Value></HeartRateBpm><Cadence>88</Cadence><Extensions><ns3:TPX><ns3:Speed>0.0</ns3:Speed></ns3:TPX></Extensions></Trackpoint><Trackpoint><Time>2026-01-20T22:28:53Z</Time><HeartRateBpm><Value>102</Value></HeartRateBpm><Cadence>88</Cadence><Extensions><ns3:TPX><ns3:Speed>0.0</ns3:Speed></ns3:TPX></Extensions></Trackpoint><Trackpoint><Time>2026-01-20T22:28:54Z</Time><HeartRateBpm><Value>101</Value></HeartRateBpm><Cadence>88</Cadence><Extensions><ns3:TPX><ns3:Speed>0.0</ns3:Speed></ns3:TPX></Extensions></Trackpoint><Trackpoint><Time>2026-01-20T22:28:55Z</Time><HeartRateBpm><Value>99</Value></HeartRateBpm><Cadence>88</Cadence><Extensions><ns3:TPX><ns3:Speed>0.0</ns3:Speed></ns3:TPX></Extensions></Trackpoint><Trackpoint><Time>2026-01-20T22:28:57Z</Time><HeartRateBpm><Value>97</Value></HeartRateBpm><Cadence>88</Cadence><Extensions><ns3:TPX><ns3:Speed>0.0</ns3:Speed></ns3:TPX></Extensions></Trackpoint><Trackpoint><Time>2026-01-20T22:28:59Z</Time><HeartRateBpm><Value>88</Value></HeartRateBpm><Cadence>88</Cadence><Extensions><ns3:TPX><ns3:Speed>0.0</ns3:Speed></ns3:TPX></Extensions></Trackpoint><Trackpoint><Time>2026-01-20T22:29:00Z</Time><HeartRateBpm><Value>87</Value></HeartRateBpm><Cadence>88</Cadence><Extensions><ns3:TPX><ns3:Speed>0.0</ns3:Speed></ns3:TPX></Extensions></Trackpoint><Trackpoint><Time>2026-01-20T22:29:01Z</Time><HeartRateBpm><Value>85</Value></HeartRateBpm><Cadence>88</Cadence><Extensions><ns3:TPX><ns3:Speed>0.0</ns3:Speed></ns3:TPX></Extensions></Trackpoint><Trackpoint><Time>2026-01-20T22:29:05Z</Time><HeartRateBpm><Value>86</Value></HeartRateBpm><Cadence>88</Cadence><Extensions><ns3:TPX><ns3:Speed>0.0</ns3:Speed></ns3:TPX></Extensions></Trackpoint><Trackpoint><Time>2026-01-20T22:29:11Z</Time><HeartRateBpm><Value>86</Value></HeartRateBpm><Cadence>88</Cadence><Extensions><ns3:TPX><ns3:Speed>0.0</ns3:Speed></ns3:TPX></Extensions></Trackpoint><Trackpoint><Time>2026-01-20T22:29:12Z</Time><HeartRateBpm><Value>87</Value></HeartRateBpm><Cadence>88</Cadence><Extensions><ns3:TPX><ns3:Speed>0.0</ns3:Speed></ns3:TPX></Extensions></Trackpoint><Trackpoint><Time>2026-01-20T22:29:14Z</Time><HeartRateBpm><Value>88</Value></HeartRateBpm><Cadence>88</Cadence><Extensions><ns3:TPX><ns3:Speed>0.0</ns3:Speed></ns3:TPX></Extensions></Trackpoint><Trackpoint><Time>2026-01-20T22:29:15Z</Time><HeartRateBpm><Value>89</Value></HeartRateBpm><Cadence>88</Cadence><Extensions><ns3:TPX><ns3:Speed>0.0</ns3:Speed></ns3:TPX></Extensions></Trackpoint><Trackpoint><Time>2026-01-20T22:29:17Z</Time><HeartRateBpm><Value>88</Value></HeartRateBpm><Cadence>88</Cadence><Extensions><ns3:TPX><ns3:Speed>0.0</ns3:Speed></ns3:TPX></Extensions></Trackpoint><Trackpoint><Time>2026-01-20T22:29:21Z</Time><HeartRateBpm><Value>87</Value></HeartRateBpm><Cadence>88</Cadence><Extensions><ns3:TPX><ns3:Speed>0.0</ns3:Speed></ns3:TPX></Extensions></Trackpoint><Trackpoint><Time>2026-01-20T22:29:24Z</Time><HeartRateBpm><Value>88</Value></HeartRateBpm><Cadence>88</Cadence><Extensions><ns3:TPX><ns3:Speed>0.0</ns3:Speed></ns3:TPX></Extensions></Trackpoint><Trackpoint><Time>2026-01-20T22:29:28Z</Time><HeartRateBpm><Value>87</Value></HeartRateBpm><Cadence>88</Cadence><Extensions><ns3:TPX><ns3:Speed>0.0</ns3:Speed></ns3:TPX></Extensions></Trackpoint><Trackpoint><Time>2026-01-20T22:29:33Z</Time><HeartRateBpm><Value>86</Value></HeartRateBpm><Cadence>88</Cadence><Extensions><ns3:TPX><ns3:Speed>0.0</ns3:Speed></ns3:TPX></Extensions></Trackpoint><Trackpoint><Time>2026-01-20T22:29:34Z</Time><HeartRateBpm><Value>85</Value></HeartRateBpm><Cadence>88</Cadence><Extensions><ns3:TPX><ns3:Speed>0.0</ns3:Speed></ns3:TPX></Extensions></Trackpoint><Trackpoint><Time>2026-01-20T22:29:37Z</Time><HeartRateBpm><Value>87</Value></HeartRateBpm><Cadence>88</Cadence><Extensions><ns3:TPX><ns3:Speed>0.0</ns3:Speed></ns3:TPX></Extensions></Trackpoint><Trackpoint><Time>2026-01-20T22:29:39Z</Time><HeartRateBpm><Value>89</Value></HeartRateBpm><Cadence>88</Cadence><Extensions><ns3:TPX><ns3:Speed>0.0</ns3:Speed></ns3:TPX></Extensions></Trackpoint><Trackpoint><Time>2026-01-20T22:29:42Z</Time><HeartRateBpm><Value>90</Value></HeartRateBpm><Cadence>88</Cadence><Extensions><ns3:TPX><ns3:Speed>0.0</ns3:Speed></ns3:TPX></Extensions></Trackpoint><Trackpoint><Time>2026-01-20T22:29:45Z</Time><HeartRateBpm><Value>89</Value></HeartRateBpm><Cadence>88</Cadence><Extensions><ns3:TPX><ns3:Speed>0.0</ns3:Speed></ns3:TPX></Extensions></Trackpoint><Trackpoint><Time>2026-01-20T22:29:46Z</Time><HeartRateBpm><Value>88</Value></HeartRateBpm><Cadence>88</Cadence><Extensions><ns3:TPX><ns3:Speed>0.0</ns3:Speed></ns3:TPX></Extensions></Trackpoint><Trackpoint><Time>2026-01-20T22:29:48Z</Time><HeartRateBpm><Value>87</Value></HeartRateBpm><Cadence>88</Cadence><Extensions><ns3:TPX><ns3:Speed>0.0</ns3:Speed></ns3:TPX></Extensions></Trackpoint><Trackpoint><Time>2026-01-20T22:29:52Z</Time><HeartRateBpm><Value>88</Value></HeartRateBpm><Cadence>88</Cadence><Extensions><ns3:TPX><ns3:Speed>0.0</ns3:Speed></ns3:TPX></Extensions></Trackpoint><Trackpoint><Time>2026-01-20T22:29:55Z</Time><HeartRateBpm><Value>90</Value></HeartRateBpm><Cadence>88</Cadence><Extensions><ns3:TPX><ns3:Speed>0.0</ns3:Speed></ns3:TPX></Extensions></Trackpoint><Trackpoint><Time>2026-01-20T22:29:56Z</Time><HeartRateBpm><Value>91</Value></HeartRateBpm><Cadence>88</Cadence><Extensions><ns3:TPX><ns3:Speed>0.0</ns3:Speed></ns3:TPX></Extensions></Trackpoint><Trackpoint><Time>2026-01-20T22:29:58Z</Time><HeartRateBpm><Value>92</Value></HeartRateBpm><Cadence>88</Cadence><Extensions><ns3:TPX><ns3:Speed>0.0</ns3:Speed></ns3:TPX></Extensions></Trackpoint><Trackpoint><Time>2026-01-20T22:30:00Z</Time><HeartRateBpm><Value>91</Value></HeartRateBpm><Cadence>88</Cadence><Extensions><ns3:TPX><ns3:Speed>0.0</ns3:Speed></ns3:TPX></Extensions></Trackpoint><Trackpoint><Time>2026-01-20T22:30:01Z</Time><HeartRateBpm><Value>90</Value></HeartRateBpm><Cadence>88</Cadence><Extensions><ns3:TPX><ns3:Speed>0.0</ns3:Speed></ns3:TPX></Extensions></Trackpoint><Trackpoint><Time>2026-01-20T22:30:06Z</Time><HeartRateBpm><Value>90</Value></HeartRateBpm><Cadence>88</Cadence><Extensions><ns3:TPX><ns3:Speed>0.0</ns3:Speed></ns3:TPX></Extensions></Trackpoint><Trackpoint><Time>2026-01-20T22:30:09Z</Time><HeartRateBpm><Value>89</Value></HeartRateBpm><Cadence>88</Cadence><Extensions><ns3:TPX><ns3:Speed>0.0</ns3:Speed></ns3:TPX></Extensions></Trackpoint><Trackpoint><Time>2026-01-20T22:30:11Z</Time><HeartRateBpm><Value>90</Value></HeartRateBpm><Cadence>88</Cadence><Extensions><ns3:TPX><ns3:Speed>0.0</ns3:Speed></ns3:TPX></Extensions></Trackpoint><Trackpoint><Time>2026-01-20T22:30:14Z</Time><HeartRateBpm><Value>89</Value></HeartRateBpm><Cadence>88</Cadence><Extensions><ns3:TPX><ns3:Speed>0.0</ns3:Speed></ns3:TPX></Extensions></Trackpoint><Trackpoint><Time>2026-01-20T22:30:17Z</Time><HeartRateBpm><Value>90</Value></HeartRateBpm><Cadence>88</Cadence><Extensions><ns3:TPX><ns3:Speed>0.0</ns3:Speed></ns3:TPX></Extensions></Trackpoint><Trackpoint><Time>2026-01-20T22:30:18Z</Time><HeartRateBpm><Value>91</Value></HeartRateBpm><Cadence>88</Cadence><Extensions><ns3:TPX><ns3:Speed>0.0</ns3:Speed></ns3:TPX></Extensions></Trackpoint><Trackpoint><Time>2026-01-20T22:30:19Z</Time><HeartRateBpm><Value>92</Value></HeartRateBpm><Cadence>88</Cadence><Extensions><ns3:TPX><ns3:Speed>0.0</ns3:Speed></ns3:TPX></Extensions></Trackpoint><Trackpoint><Time>2026-01-20T22:30:20Z</Time><HeartRateBpm><Value>93</Value></HeartRateBpm><Cadence>88</Cadence><Extensions><ns3:TPX><ns3:Speed>0.0</ns3:Speed></ns3:TPX></Extensions></Trackpoint><Trackpoint><Time>2026-01-20T22:30:22Z</Time><HeartRateBpm><Value>95</Value></HeartRateBpm><Cadence>88</Cadence><Extensions><ns3:TPX><ns3:Speed>0.0</ns3:Speed></ns3:TPX></Extensions></Trackpoint><Trackpoint><Time>2026-01-20T22:30:27Z</Time><HeartRateBpm><Value>94</Value></HeartRateBpm><Cadence>88</Cadence><Extensions><ns3:TPX><ns3:Speed>0.0</ns3:Speed></ns3:TPX></Extensions></Trackpoint><Trackpoint><Time>2026-01-20T22:30:30Z</Time><HeartRateBpm><Value>95</Value></HeartRateBpm><Cadence>88</Cadence><Extensions><ns3:TPX><ns3:Speed>0.0</ns3:Speed></ns3:TPX></Extensions></Trackpoint><Trackpoint><Time>2026-01-20T22:30:32Z</Time><HeartRateBpm><Value>96</Value></HeartRateBpm><Cadence>88</Cadence><Extensions><ns3:TPX><ns3:Speed>0.0</ns3:Speed></ns3:TPX></Extensions></Trackpoint><Trackpoint><Time>2026-01-20T22:30:33Z</Time><HeartRateBpm><Value>97</Value></HeartRateBpm><Cadence>88</Cadence><Extensions><ns3:TPX><ns3:Speed>0.0</ns3:Speed></ns3:TPX></Extensions></Trackpoint><Trackpoint><Time>2026-01-20T22:30:34Z</Time><HeartRateBpm><Value>96</Value></HeartRateBpm><Cadence>88</Cadence><Extensions><ns3:TPX><ns3:Speed>0.0</ns3:Speed></ns3:TPX></Extensions></Trackpoint><Trackpoint><Time>2026-01-20T22:30:36Z</Time><HeartRateBpm><Value>95</Value></HeartRateBpm><Cadence>88</Cadence><Extensions><ns3:TPX><ns3:Speed>0.0</ns3:Speed></ns3:TPX></Extensions></Trackpoint><Trackpoint><Time>2026-01-20T22:30:42Z</Time><HeartRateBpm><Value>95</Value></HeartRateBpm><Cadence>88</Cadence><Extensions><ns3:TPX><ns3:Speed>0.0</ns3:Speed></ns3:TPX></Extensions></Trackpoint><Trackpoint><Time>2026-01-20T22:30:43Z</Time><HeartRateBpm><Value>94</Value></HeartRateBpm><Cadence>88</Cadence><Extensions><ns3:TPX><ns3:Speed>0.0</ns3:Speed></ns3:TPX></Extensions></Trackpoint><Trackpoint><Time>2026-01-20T22:30:45Z</Time><HeartRateBpm><Value>93</Value></HeartRateBpm><Cadence>88</Cadence><Extensions><ns3:TPX><ns3:Speed>0.0</ns3:Speed></ns3:TPX></Extensions></Trackpoint><Trackpoint><Time>2026-01-20T22:30:46Z</Time><HeartRateBpm><Value>92</Value></HeartRateBpm><Cadence>88</Cadence><Extensions><ns3:TPX><ns3:Speed>0.0</ns3:Speed></ns3:TPX></Extensions></Trackpoint><Trackpoint><Time>2026-01-20T22:30:48Z</Time><HeartRateBpm><Value>89</Value></HeartRateBpm><Cadence>88</Cadence><Extensions><ns3:TPX><ns3:Speed>0.0</ns3:Speed></ns3:TPX></Extensions></Trackpoint><Trackpoint><Time>2026-01-20T22:30:49Z</Time><HeartRateBpm><Value>88</Value></HeartRateBpm><Cadence>88</Cadence><Extensions><ns3:TPX><ns3:Speed>0.0</ns3:Speed></ns3:TPX></Extensions></Trackpoint><Trackpoint><Time>2026-01-20T22:30:50Z</Time><HeartRateBpm><Value>87</Value></HeartRateBpm><Cadence>88</Cadence><Extensions><ns3:TPX><ns3:Speed>0.0</ns3:Speed></ns3:TPX></Extensions></Trackpoint><Trackpoint><Time>2026-01-20T22:30:51Z</Time><HeartRateBpm><Value>86</Value></HeartRateBpm><Cadence>88</Cadence><Extensions><ns3:TPX><ns3:Speed>0.0</ns3:Speed></ns3:TPX></Extensions></Trackpoint><Trackpoint><Time>2026-01-20T22:30:52Z</Time><HeartRateBpm><Value>84</Value></HeartRateBpm><Cadence>88</Cadence><Extensions><ns3:TPX><ns3:Speed>0.0</ns3:Speed></ns3:TPX></Extensions></Trackpoint><Trackpoint><Time>2026-01-20T22:30:57Z</Time><HeartRateBpm><Value>84</Value></HeartRateBpm><Cadence>88</Cadence><Extensions><ns3:TPX><ns3:Speed>0.0</ns3:Speed></ns3:TPX></Extensions></Trackpoint><Trackpoint><Time>2026-01-20T22:31:02Z</Time><HeartRateBpm><Value>84</Value></HeartRateBpm><Cadence>88</Cadence><Extensions><ns3:TPX><ns3:Speed>0.0</ns3:Speed></ns3:TPX></Extensions></Trackpoint><Trackpoint><Time>2026-01-20T22:31:04Z</Time><HeartRateBpm><Value>86</Value></HeartRateBpm><Cadence>88</Cadence><Extensions><ns3:TPX><ns3:Speed>0.0</ns3:Speed></ns3:TPX></Extensions></Trackpoint><Trackpoint><Time>2026-01-20T22:31:06Z</Time><HeartRateBpm><Value>88</Value></HeartRateBpm><Cadence>88</Cadence><Extensions><ns3:TPX><ns3:Speed>0.0</ns3:Speed></ns3:TPX></Extensions></Trackpoint><Trackpoint><Time>2026-01-20T22:31:08Z</Time><HeartRateBpm><Value>89</Value></HeartRateBpm><Cadence>88</Cadence><Extensions><ns3:TPX><ns3:Speed>0.0</ns3:Speed></ns3:TPX></Extensions></Trackpoint><Trackpoint><Time>2026-01-20T22:31:09Z</Time><HeartRateBpm><Value>90</Value></HeartRateBpm><Cadence>88</Cadence><Extensions><ns3:TPX><ns3:Speed>0.0</ns3:Speed></ns3:TPX></Extensions></Trackpoint><Trackpoint><Time>2026-01-20T22:31:10Z</Time><HeartRateBpm><Value>91</Value></HeartRateBpm><Cadence>88</Cadence><Extensions><ns3:TPX><ns3:Speed>0.0</ns3:Speed></ns3:TPX></Extensions></Trackpoint><Trackpoint><Time>2026-01-20T22:31:11Z</Time><HeartRateBpm><Value>92</Value></HeartRateBpm><Cadence>88</Cadence><Extensions><ns3:TPX><ns3:Speed>0.0</ns3:Speed></ns3:TPX></Extensions></Trackpoint><Trackpoint><Time>2026-01-20T22:31:13Z</Time><HeartRateBpm><Value>93</Value></HeartRateBpm><Cadence>88</Cadence><Extensions><ns3:TPX><ns3:Speed>0.0</ns3:Speed></ns3:TPX></Extensions></Trackpoint><Trackpoint><Time>2026-01-20T22:31:16Z</Time><HeartRateBpm><Value>96</Value></HeartRateBpm><Cadence>88</Cadence><Extensions><ns3:TPX><ns3:Speed>0.0</ns3:Speed></ns3:TPX></Extensions></Trackpoint><Trackpoint><Time>2026-01-20T22:31:19Z</Time><HeartRateBpm><Value>92</Value></HeartRateBpm><Cadence>88</Cadence><Extensions><ns3:TPX><ns3:Speed>0.0</ns3:Speed></ns3:TPX></Extensions></Trackpoint><Trackpoint><Time>2026-01-20T22:31:20Z</Time><HeartRateBpm><Value>91</Value></HeartRateBpm><Cadence>88</Cadence><Extensions><ns3:TPX><ns3:Speed>0.0</ns3:Speed></ns3:TPX></Extensions></Trackpoint><Trackpoint><Time>2026-01-20T22:31:21Z</Time><HeartRateBpm><Value>92</Value></HeartRateBpm><Cadence>88</Cadence><Extensions><ns3:TPX><ns3:Speed>0.0</ns3:Speed></ns3:TPX></Extensions></Trackpoint><Trackpoint><Time>2026-01-20T22:31:22Z</Time><HeartRateBpm><Value>94</Value></HeartRateBpm><Cadence>88</Cadence><Extensions><ns3:TPX><ns3:Speed>0.0</ns3:Speed></ns3:TPX></Extensions></Trackpoint><Trackpoint><Time>2026-01-20T22:31:23Z</Time><HeartRateBpm><Value>95</Value></HeartRateBpm><Cadence>88</Cadence><Extensions><ns3:TPX><ns3:Speed>0.0</ns3:Speed></ns3:TPX></Extensions></Trackpoint><Trackpoint><Time>2026-01-20T22:31:26Z</Time><HeartRateBpm><Value>94</Value></HeartRateBpm><Cadence>88</Cadence><Extensions><ns3:TPX><ns3:Speed>0.0</ns3:Speed></ns3:TPX></Extensions></Trackpoint><Trackpoint><Time>2026-01-20T22:31:27Z</Time><HeartRateBpm><Value>93</Value></HeartRateBpm><Cadence>88</Cadence><Extensions><ns3:TPX><ns3:Speed>0.0</ns3:Speed></ns3:TPX></Extensions></Trackpoint><Trackpoint><Time>2026-01-20T22:31:29Z</Time><HeartRateBpm><Value>92</Value></HeartRateBpm><Cadence>88</Cadence><Extensions><ns3:TPX><ns3:Speed>0.0</ns3:Speed></ns3:TPX></Extensions></Trackpoint><Trackpoint><Time>2026-01-20T22:31:31Z</Time><HeartRateBpm><Value>93</Value></HeartRateBpm><Cadence>88</Cadence><Extensions><ns3:TPX><ns3:Speed>0.0</ns3:Speed></ns3:TPX></Extensions></Trackpoint><Trackpoint><Time>2026-01-20T22:31:32Z</Time><HeartRateBpm><Value>98</Value></HeartRateBpm><Cadence>88</Cadence><Extensions><ns3:TPX><ns3:Speed>0.0</ns3:Speed></ns3:TPX></Extensions></Trackpoint><Trackpoint><Time>2026-01-20T22:31:33Z</Time><HeartRateBpm><Value>102</Value></HeartRateBpm><Cadence>88</Cadence><Extensions><ns3:TPX><ns3:Speed>0.0</ns3:Speed></ns3:TPX></Extensions></Trackpoint><Trackpoint><Time>2026-01-20T22:31:34Z</Time><HeartRateBpm><Value>106</Value></HeartRateBpm><Cadence>88</Cadence><Extensions><ns3:TPX><ns3:Speed>0.0</ns3:Speed></ns3:TPX></Extensions></Trackpoint><Trackpoint><Time>2026-01-20T22:31:35Z</Time><HeartRateBpm><Value>109</Value></HeartRateBpm><Cadence>88</Cadence><Extensions><ns3:TPX><ns3:Speed>0.0</ns3:Speed></ns3:TPX></Extensions></Trackpoint><Trackpoint><Time>2026-01-20T22:31:37Z</Time><HeartRateBpm><Value>103</Value></HeartRateBpm><Cadence>88</Cadence><Extensions><ns3:TPX><ns3:Speed>0.0</ns3:Speed></ns3:TPX></Extensions></Trackpoint><Trackpoint><Time>2026-01-20T22:31:38Z</Time><HeartRateBpm><Value>106</Value></HeartRateBpm><Cadence>88</Cadence><Extensions><ns3:TPX><ns3:Speed>0.0</ns3:Speed></ns3:TPX></Extensions></Trackpoint><Trackpoint><Time>2026-01-20T22:31:39Z</Time><HeartRateBpm><Value>101</Value></HeartRateBpm><Cadence>88</Cadence><Extensions><ns3:TPX><ns3:Speed>0.0</ns3:Speed></ns3:TPX></Extensions></Trackpoint><Trackpoint><Time>2026-01-20T22:31:41Z</Time><HeartRateBpm><Value>102</Value></HeartRateBpm><Cadence>88</Cadence><Extensions><ns3:TPX><ns3:Speed>0.0</ns3:Speed></ns3:TPX></Extensions></Trackpoint><Trackpoint><Time>2026-01-20T22:31:43Z</Time><HeartRateBpm><Value>101</Value></HeartRateBpm><Cadence>88</Cadence><Extensions><ns3:TPX><ns3:Speed>0.0</ns3:Speed></ns3:TPX></Extensions></Trackpoint><Trackpoint><Time>2026-01-20T22:31:45Z</Time><HeartRateBpm><Value>102</Value></HeartRateBpm><Cadence>88</Cadence><Extensions><ns3:TPX><ns3:Speed>0.0</ns3:Speed></ns3:TPX></Extensions></Trackpoint><Trackpoint><Time>2026-01-20T22:31:46Z</Time><HeartRateBpm><Value>104</Value></HeartRateBpm><Cadence>88</Cadence><Extensions><ns3:TPX><ns3:Speed>0.0</ns3:Speed></ns3:TPX></Extensions></Trackpoint><Trackpoint><Time>2026-01-20T22:31:47Z</Time><HeartRateBpm><Value>105</Value></HeartRateBpm><Cadence>88</Cadence><Extensions><ns3:TPX><ns3:Speed>0.0</ns3:Speed></ns3:TPX></Extensions></Trackpoint><Trackpoint><Time>2026-01-20T22:31:49Z</Time><HeartRateBpm><Value>101</Value></HeartRateBpm><Cadence>88</Cadence><Extensions><ns3:TPX><ns3:Speed>0.0</ns3:Speed></ns3:TPX></Extensions></Trackpoint><Trackpoint><Time>2026-01-20T22:31:50Z</Time><HeartRateBpm><Value>102</Value></HeartRateBpm><Cadence>88</Cadence><Extensions><ns3:TPX><ns3:Speed>0.0</ns3:Speed></ns3:TPX></Extensions></Trackpoint><Trackpoint><Time>2026-01-20T22:31:51Z</Time><HeartRateBpm><Value>99</Value></HeartRateBpm><Cadence>88</Cadence><Extensions><ns3:TPX><ns3:Speed>0.0</ns3:Speed></ns3:TPX></Extensions></Trackpoint><Trackpoint><Time>2026-01-20T22:31:52Z</Time><HeartRateBpm><Value>97</Value></HeartRateBpm><Cadence>88</Cadence><Extensions><ns3:TPX><ns3:Speed>0.0</ns3:Speed></ns3:TPX></Extensions></Trackpoint><Trackpoint><Time>2026-01-20T22:31:53Z</Time><HeartRateBpm><Value>96</Value></HeartRateBpm><Cadence>88</Cadence><Extensions><ns3:TPX><ns3:Speed>0.0</ns3:Speed></ns3:TPX></Extensions></Trackpoint><Trackpoint><Time>2026-01-20T22:31:55Z</Time><HeartRateBpm><Value>100</Value></HeartRateBpm><Cadence>88</Cadence><Extensions><ns3:TPX><ns3:Speed>0.0</ns3:Speed></ns3:TPX></Extensions></Trackpoint><Trackpoint><Time>2026-01-20T22:31:59Z</Time><HeartRateBpm><Value>101</Value></HeartRateBpm><Cadence>88</Cadence><Extensions><ns3:TPX><ns3:Speed>0.0</ns3:Speed></ns3:TPX></Extensions></Trackpoint><Trackpoint><Time>2026-01-20T22:32:03Z</Time><HeartRateBpm><Value>99</Value></HeartRateBpm><Cadence>88</Cadence><Extensions><ns3:TPX><ns3:Speed>0.0</ns3:Speed></ns3:TPX></Extensions></Trackpoint><Trackpoint><Time>2026-01-20T22:32:04Z</Time><HeartRateBpm><Value>98</Value></HeartRateBpm><Cadence>88</Cadence><Extensions><ns3:TPX><ns3:Speed>0.0</ns3:Speed></ns3:TPX></Extensions></Trackpoint><Trackpoint><Time>2026-01-20T22:32:05Z</Time><HeartRateBpm><Value>96</Value></HeartRateBpm><Cadence>88</Cadence><Extensions><ns3:TPX><ns3:Speed>0.0</ns3:Speed></ns3:TPX></Extensions></Trackpoint><Trackpoint><Time>2026-01-20T22:32:08Z</Time><HeartRateBpm><Value>97</Value></HeartRateBpm><Cadence>88</Cadence><Extensions><ns3:TPX><ns3:Speed>0.0</ns3:Speed></ns3:TPX></Extensions></Trackpoint><Trackpoint><Time>2026-01-20T22:32:09Z</Time><HeartRateBpm><Value>98</Value></HeartRateBpm><Cadence>88</Cadence><Extensions><ns3:TPX><ns3:Speed>0.0</ns3:Speed></ns3:TPX></Extensions></Trackpoint><Trackpoint><Time>2026-01-20T22:32:13Z</Time><HeartRateBpm><Value>99</Value></HeartRateBpm><Cadence>88</Cadence><Extensions><ns3:TPX><ns3:Speed>0.0</ns3:Speed></ns3:TPX></Extensions></Trackpoint><Trackpoint><Time>2026-01-20T22:32:14Z</Time><HeartRateBpm><Value>101</Value></HeartRateBpm><Cadence>88</Cadence><Extensions><ns3:TPX><ns3:Speed>0.0</ns3:Speed></ns3:TPX></Extensions></Trackpoint><Trackpoint><Time>2026-01-20T22:32:15Z</Time><HeartRateBpm><Value>102</Value></HeartRateBpm><Cadence>88</Cadence><Extensions><ns3:TPX><ns3:Speed>0.0</ns3:Speed></ns3:TPX></Extensions></Trackpoint><Trackpoint><Time>2026-01-20T22:32:20Z</Time><HeartRateBpm><Value>101</Value></HeartRateBpm><Cadence>88</Cadence><Extensions><ns3:TPX><ns3:Speed>0.0</ns3:Speed></ns3:TPX></Extensions></Trackpoint><Trackpoint><Time>2026-01-20T22:32:21Z</Time><HeartRateBpm><Value>100</Value></HeartRateBpm><Cadence>88</Cadence><Extensions><ns3:TPX><ns3:Speed>0.0</ns3:Speed></ns3:TPX></Extensions></Trackpoint><Trackpoint><Time>2026-01-20T22:32:22Z</Time><HeartRateBpm><Value>99</Value></HeartRateBpm><Cadence>88</Cadence><Extensions><ns3:TPX><ns3:Speed>0.0</ns3:Speed></ns3:TPX></Extensions></Trackpoint><Trackpoint><Time>2026-01-20T22:32:27Z</Time><HeartRateBpm><Value>99</Value></HeartRateBpm><Cadence>88</Cadence><Extensions><ns3:TPX><ns3:Speed>0.0</ns3:Speed></ns3:TPX></Extensions></Trackpoint><Trackpoint><Time>2026-01-20T22:32:30Z</Time><HeartRateBpm><Value>101</Value></HeartRateBpm><Cadence>88</Cadence><Extensions><ns3:TPX><ns3:Speed>0.0</ns3:Speed></ns3:TPX></Extensions></Trackpoint><Trackpoint><Time>2026-01-20T22:32:33Z</Time><HeartRateBpm><Value>103</Value></HeartRateBpm><Cadence>88</Cadence><Extensions><ns3:TPX><ns3:Speed>0.0</ns3:Speed></ns3:TPX></Extensions></Trackpoint><Trackpoint><Time>2026-01-20T22:32:34Z</Time><HeartRateBpm><Value>106</Value></HeartRateBpm><Cadence>88</Cadence><Extensions><ns3:TPX><ns3:Speed>0.0</ns3:Speed></ns3:TPX></Extensions></Trackpoint><Trackpoint><Time>2026-01-20T22:32:35Z</Time><HeartRateBpm><Value>107</Value></HeartRateBpm><Cadence>88</Cadence><Extensions><ns3:TPX><ns3:Speed>0.0</ns3:Speed></ns3:TPX></Extensions></Trackpoint><Trackpoint><Time>2026-01-20T22:32:36Z</Time><HeartRateBpm><Value>108</Value></HeartRateBpm><Cadence>88</Cadence><Extensions><ns3:TPX><ns3:Speed>0.0</ns3:Speed></ns3:TPX></Extensions></Trackpoint><Trackpoint><Time>2026-01-20T22:32:39Z</Time><HeartRateBpm><Value>107</Value></HeartRateBpm><Cadence>88</Cadence><Extensions><ns3:TPX><ns3:Speed>0.0</ns3:Speed></ns3:TPX></Extensions></Trackpoint><Trackpoint><Time>2026-01-20T22:32:41Z</Time><HeartRateBpm><Value>106</Value></HeartRateBpm><Cadence>88</Cadence><Extensions><ns3:TPX><ns3:Speed>0.0</ns3:Speed></ns3:TPX></Extensions></Trackpoint><Trackpoint><Time>2026-01-20T22:32:42Z</Time><HeartRateBpm><Value>103</Value></HeartRateBpm><Cadence>88</Cadence><Extensions><ns3:TPX><ns3:Speed>0.0</ns3:Speed></ns3:TPX></Extensions></Trackpoint><Trackpoint><Time>2026-01-20T22:32:44Z</Time><HeartRateBpm><Value>102</Value></HeartRateBpm><Cadence>88</Cadence><Extensions><ns3:TPX><ns3:Speed>0.0</ns3:Speed></ns3:TPX></Extensions></Trackpoint><Trackpoint><Time>2026-01-20T22:32:45Z</Time><HeartRateBpm><Value>101</Value></HeartRateBpm><Cadence>88</Cadence><Extensions><ns3:TPX><ns3:Speed>0.0</ns3:Speed></ns3:TPX></Extensions></Trackpoint><Trackpoint><Time>2026-01-20T22:32:48Z</Time><HeartRateBpm><Value>100</Value></HeartRateBpm><Cadence>88</Cadence><Extensions><ns3:TPX><ns3:Speed>0.0</ns3:Speed></ns3:TPX></Extensions></Trackpoint><Trackpoint><Time>2026-01-20T22:32:53Z</Time><HeartRateBpm><Value>100</Value></HeartRateBpm><Cadence>88</Cadence><Extensions><ns3:TPX><ns3:Speed>0.0</ns3:Speed></ns3:TPX></Extensions></Trackpoint><Trackpoint><Time>2026-01-20T22:32:56Z</Time><HeartRateBpm><Value>99</Value></HeartRateBpm><Cadence>88</Cadence><Extensions><ns3:TPX><ns3:Speed>0.0</ns3:Speed></ns3:TPX></Extensions></Trackpoint><Trackpoint><Time>2026-01-20T22:33:00Z</Time><HeartRateBpm><Value>101</Value></HeartRateBpm><Cadence>88</Cadence><Extensions><ns3:TPX><ns3:Speed>0.0</ns3:Speed></ns3:TPX></Extensions></Trackpoint><Trackpoint><Time>2026-01-20T22:33:02Z</Time><HeartRateBpm><Value>102</Value></HeartRateBpm><Cadence>88</Cadence><Extensions><ns3:TPX><ns3:Speed>0.0</ns3:Speed></ns3:TPX></Extensions></Trackpoint><Trackpoint><Time>2026-01-20T22:33:05Z</Time><HeartRateBpm><Value>103</Value></HeartRateBpm><Cadence>88</Cadence><Extensions><ns3:TPX><ns3:Speed>0.0</ns3:Speed></ns3:TPX></Extensions></Trackpoint><Trackpoint><Time>2026-01-20T22:33:06Z</Time><HeartRateBpm><Value>104</Value></HeartRateBpm><Cadence>88</Cadence><Extensions><ns3:TPX><ns3:Speed>0.0</ns3:Speed></ns3:TPX></Extensions></Trackpoint><Trackpoint><Time>2026-01-20T22:33:11Z</Time><HeartRateBpm><Value>104</Value></HeartRateBpm><Cadence>88</Cadence><Extensions><ns3:TPX><ns3:Speed>0.0</ns3:Speed></ns3:TPX></Extensions></Trackpoint><Trackpoint><Time>2026-01-20T22:33:12Z</Time><HeartRateBpm><Value>105</Value></HeartRateBpm><Cadence>88</Cadence><Extensions><ns3:TPX><ns3:Speed>0.0</ns3:Speed></ns3:TPX></Extensions></Trackpoint><Trackpoint><Time>2026-01-20T22:33:14Z</Time><HeartRateBpm><Value>106</Value></HeartRateBpm><Cadence>88</Cadence><Extensions><ns3:TPX><ns3:Speed>0.0</ns3:Speed></ns3:TPX></Extensions></Trackpoint><Trackpoint><Time>2026-01-20T22:33:17Z</Time><HeartRateBpm><Value>108</Value></HeartRateBpm><Cadence>88</Cadence><Extensions><ns3:TPX><ns3:Speed>0.0</ns3:Speed></ns3:TPX></Extensions></Trackpoint><Trackpoint><Time>2026-01-20T22:33:18Z</Time><HeartRateBpm><Value>110</Value></HeartRateBpm><Cadence>88</Cadence><Extensions><ns3:TPX><ns3:Speed>0.0</ns3:Speed></ns3:TPX></Extensions></Trackpoint><Trackpoint><Time>2026-01-20T22:33:20Z</Time><HeartRateBpm><Value>111</Value></HeartRateBpm><Cadence>88</Cadence><Extensions><ns3:TPX><ns3:Speed>0.0</ns3:Speed></ns3:TPX></Extensions></Trackpoint><Trackpoint><Time>2026-01-20T22:33:24Z</Time><HeartRateBpm><Value>112</Value></HeartRateBpm><Cadence>88</Cadence><Extensions><ns3:TPX><ns3:Speed>0.0</ns3:Speed></ns3:TPX></Extensions></Trackpoint><Trackpoint><Time>2026-01-20T22:33:27Z</Time><HeartRateBpm><Value>113</Value></HeartRateBpm><Cadence>88</Cadence><Extensions><ns3:TPX><ns3:Speed>0.0</ns3:Speed></ns3:TPX></Extensions></Trackpoint><Trackpoint><Time>2026-01-20T22:33:31Z</Time><HeartRateBpm><Value>111</Value></HeartRateBpm><Cadence>88</Cadence><Extensions><ns3:TPX><ns3:Speed>0.0</ns3:Speed></ns3:TPX></Extensions></Trackpoint><Trackpoint><Time>2026-01-20T22:33:33Z</Time><HeartRateBpm><Value>110</Value></HeartRateBpm><Cadence>88</Cadence><Extensions><ns3:TPX><ns3:Speed>0.0</ns3:Speed></ns3:TPX></Extensions></Trackpoint><Trackpoint><Time>2026-01-20T22:33:34Z</Time><HeartRateBpm><Value>109</Value></HeartRateBpm><Cadence>88</Cadence><Extensions><ns3:TPX><ns3:Speed>0.0</ns3:Speed></ns3:TPX></Extensions></Trackpoint><Trackpoint><Time>2026-01-20T22:33:35Z</Time><HeartRateBpm><Value>108</Value></HeartRateBpm><Cadence>88</Cadence><Extensions><ns3:TPX><ns3:Speed>0.0</ns3:Speed></ns3:TPX></Extensions></Trackpoint><Trackpoint><Time>2026-01-20T22:33:40Z</Time><HeartRateBpm><Value>108</Value></HeartRateBpm><Cadence>88</Cadence><Extensions><ns3:TPX><ns3:Speed>0.0</ns3:Speed></ns3:TPX></Extensions></Trackpoint><Trackpoint><Time>2026-01-20T22:33:41Z</Time><HeartRateBpm><Value>107</Value></HeartRateBpm><Cadence>88</Cadence><Extensions><ns3:TPX><ns3:Speed>0.0</ns3:Speed></ns3:TPX></Extensions></Trackpoint><Trackpoint><Time>2026-01-20T22:33:42Z</Time><HeartRateBpm><Value>105</Value></HeartRateBpm><Cadence>88</Cadence><Extensions><ns3:TPX><ns3:Speed>0.0</ns3:Speed></ns3:TPX></Extensions></Trackpoint><Trackpoint><Time>2026-01-20T22:33:43Z</Time><HeartRateBpm><Value>104</Value></HeartRateBpm><Cadence>88</Cadence><Extensions><ns3:TPX><ns3:Speed>0.0</ns3:Speed></ns3:TPX></Extensions></Trackpoint><Trackpoint><Time>2026-01-20T22:33:48Z</Time><HeartRateBpm><Value>105</Value></HeartRateBpm><Cadence>88</Cadence><Extensions><ns3:TPX><ns3:Speed>0.0</ns3:Speed></ns3:TPX></Extensions></Trackpoint><Trackpoint><Time>2026-01-20T22:33:53Z</Time><HeartRateBpm><Value>105</Value></HeartRateBpm><Cadence>88</Cadence><Extensions><ns3:TPX><ns3:Speed>0.0</ns3:Speed></ns3:TPX></Extensions></Trackpoint><Trackpoint><Time>2026-01-20T22:33:55Z</Time><HeartRateBpm><Value>106</Value></HeartRateBpm><Cadence>88</Cadence><Extensions><ns3:TPX><ns3:Speed>0.0</ns3:Speed></ns3:TPX></Extensions></Trackpoint><Trackpoint><Time>2026-01-20T22:33:57Z</Time><HeartRateBpm><Value>107</Value></HeartRateBpm><Cadence>88</Cadence><Extensions><ns3:TPX><ns3:Speed>0.0</ns3:Speed></ns3:TPX></Extensions></Trackpoint><Trackpoint><Time>2026-01-20T22:34:01Z</Time><HeartRateBpm><Value>106</Value></HeartRateBpm><Cadence>88</Cadence><Extensions><ns3:TPX><ns3:Speed>0.0</ns3:Speed></ns3:TPX></Extensions></Trackpoint><Trackpoint><Time>2026-01-20T22:34:03Z</Time><HeartRateBpm><Value>105</Value></HeartRateBpm><Cadence>88</Cadence><Extensions><ns3:TPX><ns3:Speed>0.0</ns3:Speed></ns3:TPX></Extensions></Trackpoint><Trackpoint><Time>2026-01-20T22:34:09Z</Time><HeartRateBpm><Value>104</Value></HeartRateBpm><Cadence>88</Cadence><Extensions><ns3:TPX><ns3:Speed>0.0</ns3:Speed></ns3:TPX></Extensions></Trackpoint><Trackpoint><Time>2026-01-20T22:34:12Z</Time><HeartRateBpm><Value>103</Value></HeartRateBpm><Cadence>88</Cadence><Extensions><ns3:TPX><ns3:Speed>0.0</ns3:Speed></ns3:TPX></Extensions></Trackpoint><Trackpoint><Time>2026-01-20T22:34:15Z</Time><HeartRateBpm><Value>104</Value></HeartRateBpm><Cadence>88</Cadence><Extensions><ns3:TPX><ns3:Speed>0.0</ns3:Speed></ns3:TPX></Extensions></Trackpoint><Trackpoint><Time>2026-01-20T22:34:16Z</Time><HeartRateBpm><Value>103</Value></HeartRateBpm><Cadence>88</Cadence><Extensions><ns3:TPX><ns3:Speed>0.0</ns3:Speed></ns3:TPX></Extensions></Trackpoint><Trackpoint><Time>2026-01-20T22:34:18Z</Time><HeartRateBpm><Value>101</Value></HeartRateBpm><Cadence>88</Cadence><Extensions><ns3:TPX><ns3:Speed>0.0</ns3:Speed></ns3:TPX></Extensions></Trackpoint><Trackpoint><Time>2026-01-20T22:34:19Z</Time><HeartRateBpm><Value>100</Value></HeartRateBpm><Cadence>88</Cadence><Extensions><ns3:TPX><ns3:Speed>0.0</ns3:Speed></ns3:TPX></Extensions></Trackpoint><Trackpoint><Time>2026-01-20T22:34:23Z</Time><HeartRateBpm><Value>99</Value></HeartRateBpm><Cadence>88</Cadence><Extensions><ns3:TPX><ns3:Speed>0.0</ns3:Speed></ns3:TPX></Extensions></Trackpoint><Trackpoint><Time>2026-01-20T22:34:24Z</Time><HeartRateBpm><Value>98</Value></HeartRateBpm><Cadence>88</Cadence><Extensions><ns3:TPX><ns3:Speed>0.0</ns3:Speed></ns3:TPX></Extensions></Trackpoint><Trackpoint><Time>2026-01-20T22:34:28Z</Time><HeartRateBpm><Value>97</Value></HeartRateBpm><Cadence>88</Cadence><Extensions><ns3:TPX><ns3:Speed>0.0</ns3:Speed></ns3:TPX></Extensions></Trackpoint><Trackpoint><Time>2026-01-20T22:34:29Z</Time><HeartRateBpm><Value>96</Value></HeartRateBpm><Cadence>88</Cadence><Extensions><ns3:TPX><ns3:Speed>0.0</ns3:Speed></ns3:TPX></Extensions></Trackpoint><Trackpoint><Time>2026-01-20T22:34:31Z</Time><HeartRateBpm><Value>95</Value></HeartRateBpm><Cadence>88</Cadence><Extensions><ns3:TPX><ns3:Speed>0.0</ns3:Speed></ns3:TPX></Extensions></Trackpoint><Trackpoint><Time>2026-01-20T22:34:35Z</Time><HeartRateBpm><Value>96</Value></HeartRateBpm><Cadence>88</Cadence><Extensions><ns3:TPX><ns3:Speed>0.0</ns3:Speed></ns3:TPX></Extensions></Trackpoint><Trackpoint><Time>2026-01-20T22:34:39Z</Time><HeartRateBpm><Value>95</Value></HeartRateBpm><Cadence>88</Cadence><Extensions><ns3:TPX><ns3:Speed>0.0</ns3:Speed></ns3:TPX></Extensions></Trackpoint><Trackpoint><Time>2026-01-20T22:34:45Z</Time><HeartRateBpm><Value>95</Value></HeartRateBpm><Cadence>88</Cadence><Extensions><ns3:TPX><ns3:Speed>0.0</ns3:Speed></ns3:TPX></Extensions></Trackpoint><Trackpoint><Time>2026-01-20T22:34:48Z</Time><HeartRateBpm><Value>96</Value></HeartRateBpm><Cadence>88</Cadence><Extensions><ns3:TPX><ns3:Speed>0.0</ns3:Speed></ns3:TPX></Extensions></Trackpoint><Trackpoint><Time>2026-01-20T22:34:49Z</Time><HeartRateBpm><Value>97</Value></HeartRateBpm><Cadence>88</Cadence><Extensions><ns3:TPX><ns3:Speed>0.0</ns3:Speed></ns3:TPX></Extensions></Trackpoint><Trackpoint><Time>2026-01-20T22:34:51Z</Time><HeartRateBpm><Value>96</Value></HeartRateBpm><Cadence>88</Cadence><Extensions><ns3:TPX><ns3:Speed>0.0</ns3:Speed></ns3:TPX></Extensions></Trackpoint><Trackpoint><Time>2026-01-20T22:34:55Z</Time><HeartRateBpm><Value>95</Value></HeartRateBpm><Cadence>88</Cadence><Extensions><ns3:TPX><ns3:Speed>0.0</ns3:Speed></ns3:TPX></Extensions></Trackpoint><Trackpoint><Time>2026-01-20T22:34:57Z</Time><HeartRateBpm><Value>96</Value></HeartRateBpm><Cadence>88</Cadence><Extensions><ns3:TPX><ns3:Speed>0.0</ns3:Speed></ns3:TPX></Extensions></Trackpoint><Trackpoint><Time>2026-01-20T22:35:00Z</Time><HeartRateBpm><Value>95</Value></HeartRateBpm><Cadence>88</Cadence><Extensions><ns3:TPX><ns3:Speed>0.0</ns3:Speed></ns3:TPX></Extensions></Trackpoint><Trackpoint><Time>2026-01-20T22:35:04Z</Time><HeartRateBpm><Value>96</Value></HeartRateBpm><Cadence>88</Cadence><Extensions><ns3:TPX><ns3:Speed>0.0</ns3:Speed></ns3:TPX></Extensions></Trackpoint><Trackpoint><Time>2026-01-20T22:35:05Z</Time><HeartRateBpm><Value>95</Value></HeartRateBpm><Cadence>88</Cadence><Extensions><ns3:TPX><ns3:Speed>0.0</ns3:Speed></ns3:TPX></Extensions></Trackpoint><Trackpoint><Time>2026-01-20T22:35:10Z</Time><HeartRateBpm><Value>95</Value></HeartRateBpm><Cadence>88</Cadence><Extensions><ns3:TPX><ns3:Speed>0.0</ns3:Speed></ns3:TPX></Extensions></Trackpoint><Trackpoint><Time>2026-01-20T22:35:16Z</Time><HeartRateBpm><Value>96</Value></HeartRateBpm><Cadence>88</Cadence><Extensions><ns3:TPX><ns3:Speed>0.0</ns3:Speed></ns3:TPX></Extensions></Trackpoint><Trackpoint><Time>2026-01-20T22:35:18Z</Time><HeartRateBpm><Value>95</Value></HeartRateBpm><Cadence>88</Cadence><Extensions><ns3:TPX><ns3:Speed>0.0</ns3:Speed></ns3:TPX></Extensions></Trackpoint><Trackpoint><Time>2026-01-20T22:35:20Z</Time><HeartRateBpm><Value>97</Value></HeartRateBpm><Cadence>88</Cadence><Extensions><ns3:TPX><ns3:Speed>0.0</ns3:Speed></ns3:TPX></Extensions></Trackpoint><Trackpoint><Time>2026-01-20T22:35:22Z</Time><HeartRateBpm><Value>99</Value></HeartRateBpm><Cadence>88</Cadence><Extensions><ns3:TPX><ns3:Speed>0.0</ns3:Speed></ns3:TPX></Extensions></Trackpoint><Trackpoint><Time>2026-01-20T22:35:24Z</Time><HeartRateBpm><Value>100</Value></HeartRateBpm><Cadence>88</Cadence><Extensions><ns3:TPX><ns3:Speed>0.0</ns3:Speed></ns3:TPX></Extensions></Trackpoint><Trackpoint><Time>2026-01-20T22:35:25Z</Time><HeartRateBpm><Value>101</Value></HeartRateBpm><Cadence>88</Cadence><Extensions><ns3:TPX><ns3:Speed>0.0</ns3:Speed></ns3:TPX></Extensions></Trackpoint><Trackpoint><Time>2026-01-20T22:35:30Z</Time><HeartRateBpm><Value>101</Value></HeartRateBpm><Cadence>88</Cadence><Extensions><ns3:TPX><ns3:Speed>0.0</ns3:Speed></ns3:TPX></Extensions></Trackpoint><Trackpoint><Time>2026-01-20T22:35:32Z</Time><HeartRateBpm><Value>103</Value></HeartRateBpm><Cadence>88</Cadence><Extensions><ns3:TPX><ns3:Speed>0.0</ns3:Speed></ns3:TPX></Extensions></Trackpoint><Trackpoint><Time>2026-01-20T22:35:34Z</Time><HeartRateBpm><Value>106</Value></HeartRateBpm><Cadence>88</Cadence><Extensions><ns3:TPX><ns3:Speed>0.0</ns3:Speed></ns3:TPX></Extensions></Trackpoint><Trackpoint><Time>2026-01-20T22:35:35Z</Time><HeartRateBpm><Value>108</Value></HeartRateBpm><Cadence>88</Cadence><Extensions><ns3:TPX><ns3:Speed>0.0</ns3:Speed></ns3:TPX></Extensions></Trackpoint><Trackpoint><Time>2026-01-20T22:35:36Z</Time><HeartRateBpm><Value>103</Value></HeartRateBpm><Cadence>88</Cadence><Extensions><ns3:TPX><ns3:Speed>0.0</ns3:Speed></ns3:TPX></Extensions></Trackpoint><Trackpoint><Time>2026-01-20T22:35:37Z</Time><HeartRateBpm><Value>107</Value></HeartRateBpm><Cadence>88</Cadence><Extensions><ns3:TPX><ns3:Speed>0.0</ns3:Speed></ns3:TPX></Extensions></Trackpoint><Trackpoint><Time>2026-01-20T22:35:40Z</Time><HeartRateBpm><Value>108</Value></HeartRateBpm><Cadence>88</Cadence><Extensions><ns3:TPX><ns3:Speed>0.0</ns3:Speed></ns3:TPX></Extensions></Trackpoint><Trackpoint><Time>2026-01-20T22:35:41Z</Time><HeartRateBpm><Value>109</Value></HeartRateBpm><Cadence>88</Cadence><Extensions><ns3:TPX><ns3:Speed>0.0</ns3:Speed></ns3:TPX></Extensions></Trackpoint><Trackpoint><Time>2026-01-20T22:35:42Z</Time><HeartRateBpm><Value>103</Value></HeartRateBpm><Cadence>88</Cadence><Extensions><ns3:TPX><ns3:Speed>0.0</ns3:Speed></ns3:TPX></Extensions></Trackpoint><Trackpoint><Time>2026-01-20T22:35:43Z</Time><HeartRateBpm><Value>109</Value></HeartRateBpm><Cadence>88</Cadence><Extensions><ns3:TPX><ns3:Speed>0.0</ns3:Speed></ns3:TPX></Extensions></Trackpoint><Trackpoint><Time>2026-01-20T22:35:44Z</Time><HeartRateBpm><Value>111</Value></HeartRateBpm><Cadence>88</Cadence><Extensions><ns3:TPX><ns3:Speed>0.0</ns3:Speed></ns3:TPX></Extensions></Trackpoint><Trackpoint><Time>2026-01-20T22:35:46Z</Time><HeartRateBpm><Value>108</Value></HeartRateBpm><Cadence>88</Cadence><Extensions><ns3:TPX><ns3:Speed>0.0</ns3:Speed></ns3:TPX></Extensions></Trackpoint><Trackpoint><Time>2026-01-20T22:35:47Z</Time><HeartRateBpm><Value>112</Value></HeartRateBpm><Cadence>88</Cadence><Extensions><ns3:TPX><ns3:Speed>0.0</ns3:Speed></ns3:TPX></Extensions></Trackpoint><Trackpoint><Time>2026-01-20T22:35:48Z</Time><HeartRateBpm><Value>109</Value></HeartRateBpm><Cadence>88</Cadence><Extensions><ns3:TPX><ns3:Speed>0.0</ns3:Speed></ns3:TPX></Extensions></Trackpoint><Trackpoint><Time>2026-01-20T22:35:50Z</Time><HeartRateBpm><Value>110</Value></HeartRateBpm><Cadence>88</Cadence><Extensions><ns3:TPX><ns3:Speed>0.0</ns3:Speed></ns3:TPX></Extensions></Trackpoint><Trackpoint><Time>2026-01-20T22:35:52Z</Time><HeartRateBpm><Value>109</Value></HeartRateBpm><Cadence>88</Cadence><Extensions><ns3:TPX><ns3:Speed>0.0</ns3:Speed></ns3:TPX></Extensions></Trackpoint><Trackpoint><Time>2026-01-20T22:35:53Z</Time><HeartRateBpm><Value>111</Value></HeartRateBpm><Cadence>88</Cadence><Extensions><ns3:TPX><ns3:Speed>0.0</ns3:Speed></ns3:TPX></Extensions></Trackpoint><Trackpoint><Time>2026-01-20T22:35:54Z</Time><HeartRateBpm><Value>113</Value></HeartRateBpm><Cadence>88</Cadence><Extensions><ns3:TPX><ns3:Speed>0.0</ns3:Speed></ns3:TPX></Extensions></Trackpoint><Trackpoint><Time>2026-01-20T22:35:55Z</Time><HeartRateBpm><Value>116</Value></HeartRateBpm><Cadence>88</Cadence><Extensions><ns3:TPX><ns3:Speed>0.0</ns3:Speed></ns3:TPX></Extensions></Trackpoint><Trackpoint><Time>2026-01-20T22:35:56Z</Time><HeartRateBpm><Value>112</Value></HeartRateBpm><Cadence>88</Cadence><Extensions><ns3:TPX><ns3:Speed>0.0</ns3:Speed></ns3:TPX></Extensions></Trackpoint><Trackpoint><Time>2026-01-20T22:35:58Z</Time><HeartRateBpm><Value>111</Value></HeartRateBpm><Cadence>88</Cadence><Extensions><ns3:TPX><ns3:Speed>0.0</ns3:Speed></ns3:TPX></Extensions></Trackpoint><Trackpoint><Time>2026-01-20T22:35:59Z</Time><HeartRateBpm><Value>110</Value></HeartRateBpm><Cadence>88</Cadence><Extensions><ns3:TPX><ns3:Speed>0.0</ns3:Speed></ns3:TPX></Extensions></Trackpoint><Trackpoint><Time>2026-01-20T22:36:01Z</Time><HeartRateBpm><Value>111</Value></HeartRateBpm><Cadence>88</Cadence><Extensions><ns3:TPX><ns3:Speed>0.0</ns3:Speed></ns3:TPX></Extensions></Trackpoint><Trackpoint><Time>2026-01-20T22:36:02Z</Time><HeartRateBpm><Value>112</Value></HeartRateBpm><Cadence>88</Cadence><Extensions><ns3:TPX><ns3:Speed>0.0</ns3:Speed></ns3:TPX></Extensions></Trackpoint><Trackpoint><Time>2026-01-20T22:36:04Z</Time><HeartRateBpm><Value>113</Value></HeartRateBpm><Cadence>88</Cadence><Extensions><ns3:TPX><ns3:Speed>0.0</ns3:Speed></ns3:TPX></Extensions></Trackpoint><Trackpoint><Time>2026-01-20T22:36:08Z</Time><HeartRateBpm><Value>114</Value></HeartRateBpm><Cadence>88</Cadence><Extensions><ns3:TPX><ns3:Speed>0.0</ns3:Speed></ns3:TPX></Extensions></Trackpoint><Trackpoint><Time>2026-01-20T22:36:11Z</Time><HeartRateBpm><Value>113</Value></HeartRateBpm><Cadence>88</Cadence><Extensions><ns3:TPX><ns3:Speed>0.0</ns3:Speed></ns3:TPX></Extensions></Trackpoint><Trackpoint><Time>2026-01-20T22:36:12Z</Time><HeartRateBpm><Value>112</Value></HeartRateBpm><Cadence>88</Cadence><Extensions><ns3:TPX><ns3:Speed>0.0</ns3:Speed></ns3:TPX></Extensions></Trackpoint><Trackpoint><Time>2026-01-20T22:36:13Z</Time><HeartRateBpm><Value>111</Value></HeartRateBpm><Cadence>88</Cadence><Extensions><ns3:TPX><ns3:Speed>0.0</ns3:Speed></ns3:TPX></Extensions></Trackpoint><Trackpoint><Time>2026-01-20T22:36:18Z</Time><HeartRateBpm><Value>111</Value></HeartRateBpm><Cadence>88</Cadence><Extensions><ns3:TPX><ns3:Speed>0.0</ns3:Speed></ns3:TPX></Extensions></Trackpoint><Trackpoint><Time>2026-01-20T22:36:20Z</Time><HeartRateBpm><Value>112</Value></HeartRateBpm><Cadence>88</Cadence><Extensions><ns3:TPX><ns3:Speed>0.0</ns3:Speed></ns3:TPX></Extensions></Trackpoint><Trackpoint><Time>2026-01-20T22:36:21Z</Time><HeartRateBpm><Value>110</Value></HeartRateBpm><Cadence>88</Cadence><Extensions><ns3:TPX><ns3:Speed>0.0</ns3:Speed></ns3:TPX></Extensions></Trackpoint><Trackpoint><Time>2026-01-20T22:36:23Z</Time><HeartRateBpm><Value>112</Value></HeartRateBpm><Cadence>88</Cadence><Extensions><ns3:TPX><ns3:Speed>0.0</ns3:Speed></ns3:TPX></Extensions></Trackpoint><Trackpoint><Time>2026-01-20T22:36:24Z</Time><HeartRateBpm><Value>113</Value></HeartRateBpm><Cadence>88</Cadence><Extensions><ns3:TPX><ns3:Speed>0.0</ns3:Speed></ns3:TPX></Extensions></Trackpoint><Trackpoint><Time>2026-01-20T22:36:25Z</Time><HeartRateBpm><Value>114</Value></HeartRateBpm><Cadence>88</Cadence><Extensions><ns3:TPX><ns3:Speed>0.0</ns3:Speed></ns3:TPX></Extensions></Trackpoint><Trackpoint><Time>2026-01-20T22:36:26Z</Time><HeartRateBpm><Value>113</Value></HeartRateBpm><Cadence>88</Cadence><Extensions><ns3:TPX><ns3:Speed>0.0</ns3:Speed></ns3:TPX></Extensions></Trackpoint><Trackpoint><Time>2026-01-20T22:36:31Z</Time><HeartRateBpm><Value>113</Value></HeartRateBpm><Cadence>88</Cadence><Extensions><ns3:TPX><ns3:Speed>0.0</ns3:Speed></ns3:TPX></Extensions></Trackpoint><Trackpoint><Time>2026-01-20T22:36:32Z</Time><HeartRateBpm><Value>112</Value></HeartRateBpm><Cadence>88</Cadence><Extensions><ns3:TPX><ns3:Speed>0.0</ns3:Speed></ns3:TPX></Extensions></Trackpoint><Trackpoint><Time>2026-01-20T22:36:33Z</Time><HeartRateBpm><Value>111</Value></HeartRateBpm><Cadence>88</Cadence><Extensions><ns3:TPX><ns3:Speed>0.0</ns3:Speed></ns3:TPX></Extensions></Trackpoint><Trackpoint><Time>2026-01-20T22:36:35Z</Time><HeartRateBpm><Value>110</Value></HeartRateBpm><Cadence>88</Cadence><Extensions><ns3:TPX><ns3:Speed>0.0</ns3:Speed></ns3:TPX></Extensions></Trackpoint><Trackpoint><Time>2026-01-20T22:36:36Z</Time><HeartRateBpm><Value>111</Value></HeartRateBpm><Cadence>88</Cadence><Extensions><ns3:TPX><ns3:Speed>0.0</ns3:Speed></ns3:TPX></Extensions></Trackpoint><Trackpoint><Time>2026-01-20T22:36:37Z</Time><HeartRateBpm><Value>112</Value></HeartRateBpm><Cadence>88</Cadence><Extensions><ns3:TPX><ns3:Speed>0.0</ns3:Speed></ns3:TPX></Extensions></Trackpoint><Trackpoint><Time>2026-01-20T22:36:38Z</Time><HeartRateBpm><Value>113</Value></HeartRateBpm><Cadence>88</Cadence><Extensions><ns3:TPX><ns3:Speed>0.0</ns3:Speed></ns3:TPX></Extensions></Trackpoint><Trackpoint><Time>2026-01-20T22:36:39Z</Time><HeartRateBpm><Value>114</Value></HeartRateBpm><Cadence>88</Cadence><Extensions><ns3:TPX><ns3:Speed>0.0</ns3:Speed></ns3:TPX></Extensions></Trackpoint><Trackpoint><Time>2026-01-20T22:36:43Z</Time><HeartRateBpm><Value>115</Value></HeartRateBpm><Cadence>88</Cadence><Extensions><ns3:TPX><ns3:Speed>0.0</ns3:Speed></ns3:TPX></Extensions></Trackpoint><Trackpoint><Time>2026-01-20T22:36:45Z</Time><HeartRateBpm><Value>114</Value></HeartRateBpm><Cadence>88</Cadence><Extensions><ns3:TPX><ns3:Speed>0.0</ns3:Speed></ns3:TPX></Extensions></Trackpoint><Trackpoint><Time>2026-01-20T22:36:48Z</Time><HeartRateBpm><Value>113</Value></HeartRateBpm><Cadence>88</Cadence><Extensions><ns3:TPX><ns3:Speed>0.0</ns3:Speed></ns3:TPX></Extensions></Trackpoint><Trackpoint><Time>2026-01-20T22:36:51Z</Time><HeartRateBpm><Value>112</Value></HeartRateBpm><Cadence>88</Cadence><Extensions><ns3:TPX><ns3:Speed>0.0</ns3:Speed></ns3:TPX></Extensions></Trackpoint><Trackpoint><Time>2026-01-20T22:36:55Z</Time><HeartRateBpm><Value>113</Value></HeartRateBpm><Cadence>88</Cadence><Extensions><ns3:TPX><ns3:Speed>0.0</ns3:Speed></ns3:TPX></Extensions></Trackpoint><Trackpoint><Time>2026-01-20T22:36:59Z</Time><HeartRateBpm><Value>110</Value></HeartRateBpm><Cadence>88</Cadence><Extensions><ns3:TPX><ns3:Speed>0.0</ns3:Speed></ns3:TPX></Extensions></Trackpoint><Trackpoint><Time>2026-01-20T22:37:00Z</Time><HeartRateBpm><Value>109</Value></HeartRateBpm><Cadence>88</Cadence><Extensions><ns3:TPX><ns3:Speed>0.0</ns3:Speed></ns3:TPX></Extensions></Trackpoint><Trackpoint><Time>2026-01-20T22:37:03Z</Time><HeartRateBpm><Value>110</Value></HeartRateBpm><Cadence>88</Cadence><Extensions><ns3:TPX><ns3:Speed>0.0</ns3:Speed></ns3:TPX></Extensions></Trackpoint><Trackpoint><Time>2026-01-20T22:37:05Z</Time><HeartRateBpm><Value>112</Value></HeartRateBpm><Cadence>88</Cadence><Extensions><ns3:TPX><ns3:Speed>0.0</ns3:Speed></ns3:TPX></Extensions></Trackpoint><Trackpoint><Time>2026-01-20T22:37:07Z</Time><HeartRateBpm><Value>113</Value></HeartRateBpm><Cadence>88</Cadence><Extensions><ns3:TPX><ns3:Speed>0.0</ns3:Speed></ns3:TPX></Extensions></Trackpoint><Trackpoint><Time>2026-01-20T22:37:10Z</Time><HeartRateBpm><Value>112</Value></HeartRateBpm><Cadence>88</Cadence><Extensions><ns3:TPX><ns3:Speed>0.0</ns3:Speed></ns3:TPX></Extensions></Trackpoint><Trackpoint><Time>2026-01-20T22:37:12Z</Time><HeartRateBpm><Value>113</Value></HeartRateBpm><Cadence>88</Cadence><Extensions><ns3:TPX><ns3:Speed>0.0</ns3:Speed></ns3:TPX></Extensions></Trackpoint><Trackpoint><Time>2026-01-20T22:37:18Z</Time><HeartRateBpm><Value>113</Value></HeartRateBpm><Cadence>88</Cadence><Extensions><ns3:TPX><ns3:Speed>0.0</ns3:Speed></ns3:TPX></Extensions></Trackpoint><Trackpoint><Time>2026-01-20T22:37:24Z</Time><HeartRateBpm><Value>112</Value></HeartRateBpm><Cadence>88</Cadence><Extensions><ns3:TPX><ns3:Speed>0.0</ns3:Speed></ns3:TPX></Extensions></Trackpoint><Trackpoint><Time>2026-01-20T22:37:25Z</Time><HeartRateBpm><Value>111</Value></HeartRateBpm><Cadence>88</Cadence><Extensions><ns3:TPX><ns3:Speed>0.0</ns3:Speed></ns3:TPX></Extensions></Trackpoint><Trackpoint><Time>2026-01-20T22:37:27Z</Time><HeartRateBpm><Value>110</Value></HeartRateBpm><Cadence>88</Cadence><Extensions><ns3:TPX><ns3:Speed>0.0</ns3:Speed></ns3:TPX></Extensions></Trackpoint><Trackpoint><Time>2026-01-20T22:37:28Z</Time><HeartRateBpm><Value>109</Value></HeartRateBpm><Cadence>88</Cadence><Extensions><ns3:TPX><ns3:Speed>0.0</ns3:Speed></ns3:TPX></Extensions></Trackpoint><Trackpoint><Time>2026-01-20T22:37:32Z</Time><HeartRateBpm><Value>108</Value></HeartRateBpm><Cadence>88</Cadence><Extensions><ns3:TPX><ns3:Speed>0.0</ns3:Speed></ns3:TPX></Extensions></Trackpoint><Trackpoint><Time>2026-01-20T22:37:33Z</Time><HeartRateBpm><Value>107</Value></HeartRateBpm><Cadence>88</Cadence><Extensions><ns3:TPX><ns3:Speed>0.0</ns3:Speed></ns3:TPX></Extensions></Trackpoint><Trackpoint><Time>2026-01-20T22:37:36Z</Time><HeartRateBpm><Value>106</Value></HeartRateBpm><Cadence>88</Cadence><Extensions><ns3:TPX><ns3:Speed>0.0</ns3:Speed></ns3:TPX></Extensions></Trackpoint><Trackpoint><Time>2026-01-20T22:37:37Z</Time><HeartRateBpm><Value>105</Value></HeartRateBpm><Cadence>88</Cadence><Extensions><ns3:TPX><ns3:Speed>0.0</ns3:Speed></ns3:TPX></Extensions></Trackpoint><Trackpoint><Time>2026-01-20T22:37:38Z</Time><HeartRateBpm><Value>104</Value></HeartRateBpm><Cadence>88</Cadence><Extensions><ns3:TPX><ns3:Speed>0.0</ns3:Speed></ns3:TPX></Extensions></Trackpoint><Trackpoint><Time>2026-01-20T22:37:39Z</Time><HeartRateBpm><Value>103</Value></HeartRateBpm><Cadence>88</Cadence><Extensions><ns3:TPX><ns3:Speed>0.0</ns3:Speed></ns3:TPX></Extensions></Trackpoint><Trackpoint><Time>2026-01-20T22:37:44Z</Time><HeartRateBpm><Value>103</Value></HeartRateBpm><Cadence>88</Cadence><Extensions><ns3:TPX><ns3:Speed>0.0</ns3:Speed></ns3:TPX></Extensions></Trackpoint><Trackpoint><Time>2026-01-20T22:37:45Z</Time><HeartRateBpm><Value>102</Value></HeartRateBpm><Cadence>88</Cadence><Extensions><ns3:TPX><ns3:Speed>0.0</ns3:Speed></ns3:TPX></Extensions></Trackpoint><Trackpoint><Time>2026-01-20T22:37:50Z</Time><HeartRateBpm><Value>103</Value></HeartRateBpm><Cadence>88</Cadence><Extensions><ns3:TPX><ns3:Speed>0.0</ns3:Speed></ns3:TPX></Extensions></Trackpoint><Trackpoint><Time>2026-01-20T22:37:52Z</Time><HeartRateBpm><Value>105</Value></HeartRateBpm><Cadence>88</Cadence><Extensions><ns3:TPX><ns3:Speed>0.0</ns3:Speed></ns3:TPX></Extensions></Trackpoint><Trackpoint><Time>2026-01-20T22:37:54Z</Time><HeartRateBpm><Value>106</Value></HeartRateBpm><Cadence>88</Cadence><Extensions><ns3:TPX><ns3:Speed>0.0</ns3:Speed></ns3:TPX></Extensions></Trackpoint><Trackpoint><Time>2026-01-20T22:37:56Z</Time><HeartRateBpm><Value>105</Value></HeartRateBpm><Cadence>88</Cadence><Extensions><ns3:TPX><ns3:Speed>0.0</ns3:Speed></ns3:TPX></Extensions></Trackpoint><Trackpoint><Time>2026-01-20T22:37:57Z</Time><HeartRateBpm><Value>104</Value></HeartRateBpm><Cadence>88</Cadence><Extensions><ns3:TPX><ns3:Speed>0.0</ns3:Speed></ns3:TPX></Extensions></Trackpoint><Trackpoint><Time>2026-01-20T22:37:58Z</Time><HeartRateBpm><Value>103</Value></HeartRateBpm><Cadence>88</Cadence><Extensions><ns3:TPX><ns3:Speed>0.0</ns3:Speed></ns3:TPX></Extensions></Trackpoint><Trackpoint><Time>2026-01-20T22:38:03Z</Time><HeartRateBpm><Value>103</Value></HeartRateBpm><Cadence>88</Cadence><Extensions><ns3:TPX><ns3:Speed>0.0</ns3:Speed></ns3:TPX></Extensions></Trackpoint><Trackpoint><Time>2026-01-20T22:38:05Z</Time><HeartRateBpm><Value>102</Value></HeartRateBpm><Cadence>88</Cadence><Extensions><ns3:TPX><ns3:Speed>0.0</ns3:Speed></ns3:TPX></Extensions></Trackpoint><Trackpoint><Time>2026-01-20T22:38:10Z</Time><HeartRateBpm><Value>101</Value></HeartRateBpm><Cadence>88</Cadence><Extensions><ns3:TPX><ns3:Speed>0.0</ns3:Speed></ns3:TPX></Extensions></Trackpoint><Trackpoint><Time>2026-01-20T22:38:15Z</Time><HeartRateBpm><Value>101</Value></HeartRateBpm><Cadence>88</Cadence><Extensions><ns3:TPX><ns3:Speed>0.0</ns3:Speed></ns3:TPX></Extensions></Trackpoint><Trackpoint><Time>2026-01-20T22:38:20Z</Time><HeartRateBpm><Value>102</Value></HeartRateBpm><Cadence>88</Cadence><Extensions><ns3:TPX><ns3:Speed>0.0</ns3:Speed></ns3:TPX></Extensions></Trackpoint><Trackpoint><Time>2026-01-20T22:38:25Z</Time><HeartRateBpm><Value>102</Value></HeartRateBpm><Cadence>88</Cadence><Extensions><ns3:TPX><ns3:Speed>0.0</ns3:Speed></ns3:TPX></Extensions></Trackpoint><Trackpoint><Time>2026-01-20T22:38:26Z</Time><HeartRateBpm><Value>101</Value></HeartRateBpm><Cadence>88</Cadence><Extensions><ns3:TPX><ns3:Speed>0.0</ns3:Speed></ns3:TPX></Extensions></Trackpoint><Trackpoint><Time>2026-01-20T22:38:27Z</Time><HeartRateBpm><Value>100</Value></HeartRateBpm><Cadence>88</Cadence><Extensions><ns3:TPX><ns3:Speed>0.0</ns3:Speed></ns3:TPX></Extensions></Trackpoint><Trackpoint><Time>2026-01-20T22:38:28Z</Time><HeartRateBpm><Value>99</Value></HeartRateBpm><Cadence>88</Cadence><Extensions><ns3:TPX><ns3:Speed>0.0</ns3:Speed></ns3:TPX></Extensions></Trackpoint><Trackpoint><Time>2026-01-20T22:38:33Z</Time><HeartRateBpm><Value>99</Value></HeartRateBpm><Cadence>88</Cadence><Extensions><ns3:TPX><ns3:Speed>0.0</ns3:Speed></ns3:TPX></Extensions></Trackpoint><Trackpoint><Time>2026-01-20T22:38:35Z</Time><HeartRateBpm><Value>98</Value></HeartRateBpm><Cadence>88</Cadence><Extensions><ns3:TPX><ns3:Speed>0.0</ns3:Speed></ns3:TPX></Extensions></Trackpoint><Trackpoint><Time>2026-01-20T22:38:37Z</Time><HeartRateBpm><Value>99</Value></HeartRateBpm><Cadence>88</Cadence><Extensions><ns3:TPX><ns3:Speed>0.0</ns3:Speed></ns3:TPX></Extensions></Trackpoint><Trackpoint><Time>2026-01-20T22:38:39Z</Time><HeartRateBpm><Value>101</Value></HeartRateBpm><Cadence>88</Cadence><Extensions><ns3:TPX><ns3:Speed>0.0</ns3:Speed></ns3:TPX></Extensions></Trackpoint><Trackpoint><Time>2026-01-20T22:38:42Z</Time><HeartRateBpm><Value>103</Value></HeartRateBpm><Cadence>88</Cadence><Extensions><ns3:TPX><ns3:Speed>0.0</ns3:Speed></ns3:TPX></Extensions></Trackpoint><Trackpoint><Time>2026-01-20T22:38:46Z</Time><HeartRateBpm><Value>104</Value></HeartRateBpm><Cadence>88</Cadence><Extensions><ns3:TPX><ns3:Speed>0.0</ns3:Speed></ns3:TPX></Extensions></Trackpoint><Trackpoint><Time>2026-01-20T22:38:48Z</Time><HeartRateBpm><Value>102</Value></HeartRateBpm><Cadence>88</Cadence><Extensions><ns3:TPX><ns3:Speed>0.0</ns3:Speed></ns3:TPX></Extensions></Trackpoint><Trackpoint><Time>2026-01-20T22:38:49Z</Time><HeartRateBpm><Value>101</Value></HeartRateBpm><Cadence>88</Cadence><Extensions><ns3:TPX><ns3:Speed>0.0</ns3:Speed></ns3:TPX></Extensions></Trackpoint><Trackpoint><Time>2026-01-20T22:38:50Z</Time><HeartRateBpm><Value>100</Value></HeartRateBpm><Cadence>88</Cadence><Extensions><ns3:TPX><ns3:Speed>0.0</ns3:Speed></ns3:TPX></Extensions></Trackpoint><Trackpoint><Time>2026-01-20T22:38:52Z</Time><HeartRateBpm><Value>99</Value></HeartRateBpm><Cadence>88</Cadence><Extensions><ns3:TPX><ns3:Speed>0.0</ns3:Speed></ns3:TPX></Extensions></Trackpoint><Trackpoint><Time>2026-01-20T22:38:54Z</Time><HeartRateBpm><Value>101</Value></HeartRateBpm><Cadence>88</Cadence><Extensions><ns3:TPX><ns3:Speed>0.0</ns3:Speed></ns3:TPX></Extensions></Trackpoint><Trackpoint><Time>2026-01-20T22:38:55Z</Time><HeartRateBpm><Value>103</Value></HeartRateBpm><Cadence>88</Cadence><Extensions><ns3:TPX><ns3:Speed>0.0</ns3:Speed></ns3:TPX></Extensions></Trackpoint><Trackpoint><Time>2026-01-20T22:38:56Z</Time><HeartRateBpm><Value>104</Value></HeartRateBpm><Cadence>88</Cadence><Extensions><ns3:TPX><ns3:Speed>0.0</ns3:Speed></ns3:TPX></Extensions></Trackpoint><Trackpoint><Time>2026-01-20T22:38:58Z</Time><HeartRateBpm><Value>105</Value></HeartRateBpm><Cadence>88</Cadence><Extensions><ns3:TPX><ns3:Speed>0.0</ns3:Speed></ns3:TPX></Extensions></Trackpoint><Trackpoint><Time>2026-01-20T22:38:59Z</Time><HeartRateBpm><Value>107</Value></HeartRateBpm><Cadence>88</Cadence><Extensions><ns3:TPX><ns3:Speed>0.0</ns3:Speed></ns3:TPX></Extensions></Trackpoint><Trackpoint><Time>2026-01-20T22:39:02Z</Time><HeartRateBpm><Value>106</Value></HeartRateBpm><Cadence>88</Cadence><Extensions><ns3:TPX><ns3:Speed>0.0</ns3:Speed></ns3:TPX></Extensions></Trackpoint><Trackpoint><Time>2026-01-20T22:39:04Z</Time><HeartRateBpm><Value>107</Value></HeartRateBpm><Cadence>88</Cadence><Extensions><ns3:TPX><ns3:Speed>0.0</ns3:Speed></ns3:TPX></Extensions></Trackpoint><Trackpoint><Time>2026-01-20T22:39:09Z</Time><HeartRateBpm><Value>107</Value></HeartRateBpm><Cadence>88</Cadence><Extensions><ns3:TPX><ns3:Speed>0.0</ns3:Speed></ns3:TPX></Extensions></Trackpoint><Trackpoint><Time>2026-01-20T22:39:14Z</Time><HeartRateBpm><Value>108</Value></HeartRateBpm><Cadence>88</Cadence><Extensions><ns3:TPX><ns3:Speed>0.0</ns3:Speed></ns3:TPX></Extensions></Trackpoint><Trackpoint><Time>2026-01-20T22:39:17Z</Time><HeartRateBpm><Value>109</Value></HeartRateBpm><Cadence>88</Cadence><Extensions><ns3:TPX><ns3:Speed>0.0</ns3:Speed></ns3:TPX></Extensions></Trackpoint><Trackpoint><Time>2026-01-20T22:39:22Z</Time><HeartRateBpm><Value>109</Value></HeartRateBpm><Cadence>88</Cadence><Extensions><ns3:TPX><ns3:Speed>0.0</ns3:Speed></ns3:TPX></Extensions></Trackpoint><Trackpoint><Time>2026-01-20T22:39:25Z</Time><HeartRateBpm><Value>111</Value></HeartRateBpm><Cadence>88</Cadence><Extensions><ns3:TPX><ns3:Speed>0.0</ns3:Speed></ns3:TPX></Extensions></Trackpoint><Trackpoint><Time>2026-01-20T22:39:29Z</Time><HeartRateBpm><Value>112</Value></HeartRateBpm><Cadence>88</Cadence><Extensions><ns3:TPX><ns3:Speed>0.0</ns3:Speed></ns3:TPX></Extensions></Trackpoint><Trackpoint><Time>2026-01-20T22:39:31Z</Time><HeartRateBpm><Value>111</Value></HeartRateBpm><Cadence>88</Cadence><Extensions><ns3:TPX><ns3:Speed>0.0</ns3:Speed></ns3:TPX></Extensions></Trackpoint><Trackpoint><Time>2026-01-20T22:39:32Z</Time><HeartRateBpm><Value>110</Value></HeartRateBpm><Cadence>88</Cadence><Extensions><ns3:TPX><ns3:Speed>0.0</ns3:Speed></ns3:TPX></Extensions></Trackpoint><Trackpoint><Time>2026-01-20T22:39:33Z</Time><HeartRateBpm><Value>109</Value></HeartRateBpm><Cadence>88</Cadence><Extensions><ns3:TPX><ns3:Speed>0.0</ns3:Speed></ns3:TPX></Extensions></Trackpoint><Trackpoint><Time>2026-01-20T22:39:37Z</Time><HeartRateBpm><Value>108</Value></HeartRateBpm><Cadence>88</Cadence><Extensions><ns3:TPX><ns3:Speed>0.0</ns3:Speed></ns3:TPX></Extensions></Trackpoint><Trackpoint><Time>2026-01-20T22:39:38Z</Time><HeartRateBpm><Value>107</Value></HeartRateBpm><Cadence>88</Cadence><Extensions><ns3:TPX><ns3:Speed>0.0</ns3:Speed></ns3:TPX></Extensions></Trackpoint><Trackpoint><Time>2026-01-20T22:39:44Z</Time><HeartRateBpm><Value>107</Value></HeartRateBpm><Cadence>88</Cadence><Extensions><ns3:TPX><ns3:Speed>0.0</ns3:Speed></ns3:TPX></Extensions></Trackpoint><Trackpoint><Time>2026-01-20T22:39:45Z</Time><HeartRateBpm><Value>108</Value></HeartRateBpm><Cadence>88</Cadence><Extensions><ns3:TPX><ns3:Speed>0.0</ns3:Speed></ns3:TPX></Extensions></Trackpoint><Trackpoint><Time>2026-01-20T22:39:46Z</Time><HeartRateBpm><Value>109</Value></HeartRateBpm><Cadence>88</Cadence><Extensions><ns3:TPX><ns3:Speed>0.0</ns3:Speed></ns3:TPX></Extensions></Trackpoint><Trackpoint><Time>2026-01-20T22:39:47Z</Time><HeartRateBpm><Value>110</Value></HeartRateBpm><Cadence>88</Cadence><Extensions><ns3:TPX><ns3:Speed>0.0</ns3:Speed></ns3:TPX></Extensions></Trackpoint><Trackpoint><Time>2026-01-20T22:39:48Z</Time><HeartRateBpm><Value>109</Value></HeartRateBpm><Cadence>88</Cadence><Extensions><ns3:TPX><ns3:Speed>0.0</ns3:Speed></ns3:TPX></Extensions></Trackpoint><Trackpoint><Time>2026-01-20T22:39:51Z</Time><HeartRateBpm><Value>108</Value></HeartRateBpm><Cadence>88</Cadence><Extensions><ns3:TPX><ns3:Speed>0.0</ns3:Speed></ns3:TPX></Extensions></Trackpoint><Trackpoint><Time>2026-01-20T22:39:56Z</Time><HeartRateBpm><Value>108</Value></HeartRateBpm><Cadence>88</Cadence><Extensions><ns3:TPX><ns3:Speed>0.0</ns3:Speed></ns3:TPX></Extensions></Trackpoint><Trackpoint><Time>2026-01-20T22:39:57Z</Time><HeartRateBpm><Value>109</Value></HeartRateBpm><Cadence>88</Cadence><Extensions><ns3:TPX><ns3:Speed>0.0</ns3:Speed></ns3:TPX></Extensions></Trackpoint><Trackpoint><Time>2026-01-20T22:39:59Z</Time><HeartRateBpm><Value>108</Value></HeartRateBpm><Cadence>88</Cadence><Extensions><ns3:TPX><ns3:Speed>0.0</ns3:Speed></ns3:TPX></Extensions></Trackpoint><Trackpoint><Time>2026-01-20T22:40:04Z</Time><HeartRateBpm><Value>108</Value></HeartRateBpm><Cadence>88</Cadence><Extensions><ns3:TPX><ns3:Speed>0.0</ns3:Speed></ns3:TPX></Extensions></Trackpoint><Trackpoint><Time>2026-01-20T22:40:05Z</Time><HeartRateBpm><Value>106</Value></HeartRateBpm><Cadence>88</Cadence><Extensions><ns3:TPX><ns3:Speed>0.0</ns3:Speed></ns3:TPX></Extensions></Trackpoint><Trackpoint><Time>2026-01-20T22:40:06Z</Time><HeartRateBpm><Value>105</Value></HeartRateBpm><Cadence>88</Cadence><Extensions><ns3:TPX><ns3:Speed>0.0</ns3:Speed></ns3:TPX></Extensions></Trackpoint><Trackpoint><Time>2026-01-20T22:40:10Z</Time><HeartRateBpm><Value>104</Value></HeartRateBpm><Cadence>88</Cadence><Extensions><ns3:TPX><ns3:Speed>0.0</ns3:Speed></ns3:TPX></Extensions></Trackpoint><Trackpoint><Time>2026-01-20T22:40:12Z</Time><HeartRateBpm><Value>103</Value></HeartRateBpm><Cadence>88</Cadence><Extensions><ns3:TPX><ns3:Speed>0.0</ns3:Speed></ns3:TPX></Extensions></Trackpoint><Trackpoint><Time>2026-01-20T22:40:17Z</Time><HeartRateBpm><Value>103</Value></HeartRateBpm><Cadence>88</Cadence><Extensions><ns3:TPX><ns3:Speed>0.0</ns3:Speed></ns3:TPX></Extensions></Trackpoint><Trackpoint><Time>2026-01-20T22:40:21Z</Time><HeartRateBpm><Value>102</Value></HeartRateBpm><Cadence>88</Cadence><Extensions><ns3:TPX><ns3:Speed>0.0</ns3:Speed></ns3:TPX></Extensions></Trackpoint><Trackpoint><Time>2026-01-20T22:40:22Z</Time><HeartRateBpm><Value>101</Value></HeartRateBpm><Cadence>88</Cadence><Extensions><ns3:TPX><ns3:Speed>0.0</ns3:Speed></ns3:TPX></Extensions></Trackpoint><Trackpoint><Time>2026-01-20T22:40:23Z</Time><HeartRateBpm><Value>100</Value></HeartRateBpm><Cadence>88</Cadence><Extensions><ns3:TPX><ns3:Speed>0.0</ns3:Speed></ns3:TPX></Extensions></Trackpoint><Trackpoint><Time>2026-01-20T22:40:26Z</Time><HeartRateBpm><Value>101</Value></HeartRateBpm><Cadence>88</Cadence><Extensions><ns3:TPX><ns3:Speed>0.0</ns3:Speed></ns3:TPX></Extensions></Trackpoint><Trackpoint><Time>2026-01-20T22:40:30Z</Time><HeartRateBpm><Value>100</Value></HeartRateBpm><Cadence>88</Cadence><Extensions><ns3:TPX><ns3:Speed>0.0</ns3:Speed></ns3:TPX></Extensions></Trackpoint><Trackpoint><Time>2026-01-20T22:40:32Z</Time><HeartRateBpm><Value>99</Value></HeartRateBpm><Cadence>88</Cadence><Extensions><ns3:TPX><ns3:Speed>0.0</ns3:Speed></ns3:TPX></Extensions></Trackpoint><Trackpoint><Time>2026-01-20T22:40:36Z</Time><HeartRateBpm><Value>101</Value></HeartRateBpm><Cadence>88</Cadence><Extensions><ns3:TPX><ns3:Speed>0.0</ns3:Speed></ns3:TPX></Extensions></Trackpoint><Trackpoint><Time>2026-01-20T22:40:37Z</Time><HeartRateBpm><Value>102</Value></HeartRateBpm><Cadence>88</Cadence><Extensions><ns3:TPX><ns3:Speed>0.0</ns3:Speed></ns3:TPX></Extensions></Trackpoint><Trackpoint><Time>2026-01-20T22:40:39Z</Time><HeartRateBpm><Value>101</Value></HeartRateBpm><Cadence>88</Cadence><Extensions><ns3:TPX><ns3:Speed>0.0</ns3:Speed></ns3:TPX></Extensions></Trackpoint><Trackpoint><Time>2026-01-20T22:40:40Z</Time><HeartRateBpm><Value>102</Value></HeartRateBpm><Cadence>88</Cadence><Extensions><ns3:TPX><ns3:Speed>0.0</ns3:Speed></ns3:TPX></Extensions></Trackpoint><Trackpoint><Time>2026-01-20T22:40:45Z</Time><HeartRateBpm><Value>103</Value></HeartRateBpm><Cadence>88</Cadence><Extensions><ns3:TPX><ns3:Speed>0.0</ns3:Speed></ns3:TPX></Extensions></Trackpoint><Trackpoint><Time>2026-01-20T22:40:46Z</Time><HeartRateBpm><Value>104</Value></HeartRateBpm><Cadence>88</Cadence><Extensions><ns3:TPX><ns3:Speed>0.0</ns3:Speed></ns3:TPX></Extensions></Trackpoint><Trackpoint><Time>2026-01-20T22:40:48Z</Time><HeartRateBpm><Value>105</Value></HeartRateBpm><Cadence>88</Cadence><Extensions><ns3:TPX><ns3:Speed>0.0</ns3:Speed></ns3:TPX></Extensions></Trackpoint><Trackpoint><Time>2026-01-20T22:40:49Z</Time><HeartRateBpm><Value>106</Value></HeartRateBpm><Cadence>88</Cadence><Extensions><ns3:TPX><ns3:Speed>0.0</ns3:Speed></ns3:TPX></Extensions></Trackpoint><Trackpoint><Time>2026-01-20T22:40:52Z</Time><HeartRateBpm><Value>107</Value></HeartRateBpm><Cadence>88</Cadence><Extensions><ns3:TPX><ns3:Speed>0.0</ns3:Speed></ns3:TPX></Extensions></Trackpoint><Trackpoint><Time>2026-01-20T22:40:54Z</Time><HeartRateBpm><Value>108</Value></HeartRateBpm><Cadence>88</Cadence><Extensions><ns3:TPX><ns3:Speed>0.0</ns3:Speed></ns3:TPX></Extensions></Trackpoint><Trackpoint><Time>2026-01-20T22:40:58Z</Time><HeartRateBpm><Value>109</Value></HeartRateBpm><Cadence>88</Cadence><Extensions><ns3:TPX><ns3:Speed>0.0</ns3:Speed></ns3:TPX></Extensions></Trackpoint><Trackpoint><Time>2026-01-20T22:40:59Z</Time><HeartRateBpm><Value>111</Value></HeartRateBpm><Cadence>88</Cadence><Extensions><ns3:TPX><ns3:Speed>0.0</ns3:Speed></ns3:TPX></Extensions></Trackpoint><Trackpoint><Time>2026-01-20T22:41:00Z</Time><HeartRateBpm><Value>107</Value></HeartRateBpm><Cadence>88</Cadence><Extensions><ns3:TPX><ns3:Speed>0.0</ns3:Speed></ns3:TPX></Extensions></Trackpoint><Trackpoint><Time>2026-01-20T22:41:01Z</Time><HeartRateBpm><Value>109</Value></HeartRateBpm><Cadence>88</Cadence><Extensions><ns3:TPX><ns3:Speed>0.0</ns3:Speed></ns3:TPX></Extensions></Trackpoint><Trackpoint><Time>2026-01-20T22:41:03Z</Time><HeartRateBpm><Value>107</Value></HeartRateBpm><Cadence>88</Cadence><Extensions><ns3:TPX><ns3:Speed>0.0</ns3:Speed></ns3:TPX></Extensions></Trackpoint><Trackpoint><Time>2026-01-20T22:41:04Z</Time><HeartRateBpm><Value>106</Value></HeartRateBpm><Cadence>88</Cadence><Extensions><ns3:TPX><ns3:Speed>0.0</ns3:Speed></ns3:TPX></Extensions></Trackpoint><Trackpoint><Time>2026-01-20T22:41:05Z</Time><HeartRateBpm><Value>105</Value></HeartRateBpm><Cadence>88</Cadence><Extensions><ns3:TPX><ns3:Speed>0.0</ns3:Speed></ns3:TPX></Extensions></Trackpoint><Trackpoint><Time>2026-01-20T22:41:06Z</Time><HeartRateBpm><Value>103</Value></HeartRateBpm><Cadence>88</Cadence><Extensions><ns3:TPX><ns3:Speed>0.0</ns3:Speed></ns3:TPX></Extensions></Trackpoint><Trackpoint><Time>2026-01-20T22:41:07Z</Time><HeartRateBpm><Value>102</Value></HeartRateBpm><Cadence>88</Cadence><Extensions><ns3:TPX><ns3:Speed>0.0</ns3:Speed></ns3:TPX></Extensions></Trackpoint><Trackpoint><Time>2026-01-20T22:41:12Z</Time><HeartRateBpm><Value>102</Value></HeartRateBpm><Cadence>88</Cadence><Extensions><ns3:TPX><ns3:Speed>0.0</ns3:Speed></ns3:TPX></Extensions></Trackpoint><Trackpoint><Time>2026-01-20T22:41:15Z</Time><HeartRateBpm><Value>101</Value></HeartRateBpm><Cadence>88</Cadence><Extensions><ns3:TPX><ns3:Speed>0.0</ns3:Speed></ns3:TPX></Extensions></Trackpoint><Trackpoint><Time>2026-01-20T22:41:21Z</Time><HeartRateBpm><Value>100</Value></HeartRateBpm><Cadence>88</Cadence><Extensions><ns3:TPX><ns3:Speed>0.0</ns3:Speed></ns3:TPX></Extensions></Trackpoint><Trackpoint><Time>2026-01-20T22:41:24Z</Time><HeartRateBpm><Value>101</Value></HeartRateBpm><Cadence>88</Cadence><Extensions><ns3:TPX><ns3:Speed>0.0</ns3:Speed></ns3:TPX></Extensions></Trackpoint><Trackpoint><Time>2026-01-20T22:41:25Z</Time><HeartRateBpm><Value>102</Value></HeartRateBpm><Cadence>88</Cadence><Extensions><ns3:TPX><ns3:Speed>0.0</ns3:Speed></ns3:TPX></Extensions></Trackpoint><Trackpoint><Time>2026-01-20T22:41:30Z</Time><HeartRateBpm><Value>102</Value></HeartRateBpm><Cadence>88</Cadence><Extensions><ns3:TPX><ns3:Speed>0.0</ns3:Speed></ns3:TPX></Extensions></Trackpoint><Trackpoint><Time>2026-01-20T22:41:34Z</Time><HeartRateBpm><Value>103</Value></HeartRateBpm><Cadence>88</Cadence><Extensions><ns3:TPX><ns3:Speed>0.0</ns3:Speed></ns3:TPX></Extensions></Trackpoint><Trackpoint><Time>2026-01-20T22:41:35Z</Time><HeartRateBpm><Value>102</Value></HeartRateBpm><Cadence>88</Cadence><Extensions><ns3:TPX><ns3:Speed>0.0</ns3:Speed></ns3:TPX></Extensions></Trackpoint><Trackpoint><Time>2026-01-20T22:41:37Z</Time><HeartRateBpm><Value>101</Value></HeartRateBpm><Cadence>88</Cadence><Extensions><ns3:TPX><ns3:Speed>0.0</ns3:Speed></ns3:TPX></Extensions></Trackpoint><Trackpoint><Time>2026-01-20T22:41:38Z</Time><HeartRateBpm><Value>100</Value></HeartRateBpm><Cadence>88</Cadence><Extensions><ns3:TPX><ns3:Speed>0.0</ns3:Speed></ns3:TPX></Extensions></Trackpoint><Trackpoint><Time>2026-01-20T22:41:41Z</Time><HeartRateBpm><Value>101</Value></HeartRateBpm><Cadence>88</Cadence><Extensions><ns3:TPX><ns3:Speed>0.0</ns3:Speed></ns3:TPX></Extensions></Trackpoint><Trackpoint><Time>2026-01-20T22:41:42Z</Time><HeartRateBpm><Value>102</Value></HeartRateBpm><Cadence>88</Cadence><Extensions><ns3:TPX><ns3:Speed>0.0</ns3:Speed></ns3:TPX></Extensions></Trackpoint><Trackpoint><Time>2026-01-20T22:41:43Z</Time><HeartRateBpm><Value>103</Value></HeartRateBpm><Cadence>88</Cadence><Extensions><ns3:TPX><ns3:Speed>0.0</ns3:Speed></ns3:TPX></Extensions></Trackpoint><Trackpoint><Time>2026-01-20T22:41:44Z</Time><HeartRateBpm><Value>104</Value></HeartRateBpm><Cadence>88</Cadence><Extensions><ns3:TPX><ns3:Speed>0.0</ns3:Speed></ns3:TPX></Extensions></Trackpoint><Trackpoint><Time>2026-01-20T22:41:46Z</Time><HeartRateBpm><Value>105</Value></HeartRateBpm><Cadence>88</Cadence><Extensions><ns3:TPX><ns3:Speed>0.0</ns3:Speed></ns3:TPX></Extensions></Trackpoint><Trackpoint><Time>2026-01-20T22:41:47Z</Time><HeartRateBpm><Value>106</Value></HeartRateBpm><Cadence>88</Cadence><Extensions><ns3:TPX><ns3:Speed>0.0</ns3:Speed></ns3:TPX></Extensions></Trackpoint><Trackpoint><Time>2026-01-20T22:41:50Z</Time><HeartRateBpm><Value>105</Value></HeartRateBpm><Cadence>88</Cadence><Extensions><ns3:TPX><ns3:Speed>0.0</ns3:Speed></ns3:TPX></Extensions></Trackpoint><Trackpoint><Time>2026-01-20T22:41:52Z</Time><HeartRateBpm><Value>104</Value></HeartRateBpm><Cadence>88</Cadence><Extensions><ns3:TPX><ns3:Speed>0.0</ns3:Speed></ns3:TPX></Extensions></Trackpoint><Trackpoint><Time>2026-01-20T22:41:56Z</Time><HeartRateBpm><Value>106</Value></HeartRateBpm><Cadence>88</Cadence><Extensions><ns3:TPX><ns3:Speed>0.0</ns3:Speed></ns3:TPX></Extensions></Trackpoint><Trackpoint><Time>2026-01-20T22:42:01Z</Time><HeartRateBpm><Value>106</Value></HeartRateBpm><Cadence>88</Cadence><Extensions><ns3:TPX><ns3:Speed>0.0</ns3:Speed></ns3:TPX></Extensions></Trackpoint><Trackpoint><Time>2026-01-20T22:42:05Z</Time><HeartRateBpm><Value>107</Value></HeartRateBpm><Cadence>88</Cadence><Extensions><ns3:TPX><ns3:Speed>0.0</ns3:Speed></ns3:TPX></Extensions></Trackpoint><Trackpoint><Time>2026-01-20T22:42:10Z</Time><HeartRateBpm><Value>106</Value></HeartRateBpm><Cadence>88</Cadence><Extensions><ns3:TPX><ns3:Speed>0.0</ns3:Speed></ns3:TPX></Extensions></Trackpoint><Trackpoint><Time>2026-01-20T22:42:12Z</Time><HeartRateBpm><Value>105</Value></HeartRateBpm><Cadence>88</Cadence><Extensions><ns3:TPX><ns3:Speed>0.0</ns3:Speed></ns3:TPX></Extensions></Trackpoint><Trackpoint><Time>2026-01-20T22:42:16Z</Time><HeartRateBpm><Value>104</Value></HeartRateBpm><Cadence>88</Cadence><Extensions><ns3:TPX><ns3:Speed>0.0</ns3:Speed></ns3:TPX></Extensions></Trackpoint><Trackpoint><Time>2026-01-20T22:42:17Z</Time><HeartRateBpm><Value>103</Value></HeartRateBpm><Cadence>88</Cadence><Extensions><ns3:TPX><ns3:Speed>0.0</ns3:Speed></ns3:TPX></Extensions></Trackpoint><Trackpoint><Time>2026-01-20T22:42:22Z</Time><HeartRateBpm><Value>102</Value></HeartRateBpm><Cadence>88</Cadence><Extensions><ns3:TPX><ns3:Speed>0.0</ns3:Speed></ns3:TPX></Extensions></Trackpoint><Trackpoint><Time>2026-01-20T22:42:23Z</Time><HeartRateBpm><Value>101</Value></HeartRateBpm><Cadence>88</Cadence><Extensions><ns3:TPX><ns3:Speed>0.0</ns3:Speed></ns3:TPX></Extensions></Trackpoint><Trackpoint><Time>2026-01-20T22:42:24Z</Time><HeartRateBpm><Value>100</Value></HeartRateBpm><Cadence>88</Cadence><Extensions><ns3:TPX><ns3:Speed>0.0</ns3:Speed></ns3:TPX></Extensions></Trackpoint><Trackpoint><Time>2026-01-20T22:42:28Z</Time><HeartRateBpm><Value>102</Value></HeartRateBpm><Cadence>88</Cadence><Extensions><ns3:TPX><ns3:Speed>0.0</ns3:Speed></ns3:TPX></Extensions></Trackpoint><Trackpoint><Time>2026-01-20T22:42:29Z</Time><HeartRateBpm><Value>101</Value></HeartRateBpm><Cadence>88</Cadence><Extensions><ns3:TPX><ns3:Speed>0.0</ns3:Speed></ns3:TPX></Extensions></Trackpoint><Trackpoint><Time>2026-01-20T22:42:30Z</Time><HeartRateBpm><Value>98</Value></HeartRateBpm><Cadence>88</Cadence><Extensions><ns3:TPX><ns3:Speed>0.0</ns3:Speed></ns3:TPX></Extensions></Trackpoint><Trackpoint><Time>2026-01-20T22:42:31Z</Time><HeartRateBpm><Value>96</Value></HeartRateBpm><Cadence>88</Cadence><Extensions><ns3:TPX><ns3:Speed>0.0</ns3:Speed></ns3:TPX></Extensions></Trackpoint><Trackpoint><Time>2026-01-20T22:42:32Z</Time><HeartRateBpm><Value>95</Value></HeartRateBpm><Cadence>88</Cadence><Extensions><ns3:TPX><ns3:Speed>0.0</ns3:Speed></ns3:TPX></Extensions></Trackpoint><Trackpoint><Time>2026-01-20T22:42:34Z</Time><HeartRateBpm><Value>93</Value></HeartRateBpm><Cadence>88</Cadence><Extensions><ns3:TPX><ns3:Speed>0.0</ns3:Speed></ns3:TPX></Extensions></Trackpoint><Trackpoint><Time>2026-01-20T22:42:36Z</Time><HeartRateBpm><Value>92</Value></HeartRateBpm><Cadence>88</Cadence><Extensions><ns3:TPX><ns3:Speed>0.0</ns3:Speed></ns3:TPX></Extensions></Trackpoint><Trackpoint><Time>2026-01-20T22:42:37Z</Time><HeartRateBpm><Value>90</Value></HeartRateBpm><Cadence>88</Cadence><Extensions><ns3:TPX><ns3:Speed>0.0</ns3:Speed></ns3:TPX></Extensions></Trackpoint><Trackpoint><Time>2026-01-20T22:42:38Z</Time><HeartRateBpm><Value>87</Value></HeartRateBpm><Cadence>88</Cadence><Extensions><ns3:TPX><ns3:Speed>0.0</ns3:Speed></ns3:TPX></Extensions></Trackpoint><Trackpoint><Time>2026-01-20T22:42:40Z</Time><HeartRateBpm><Value>82</Value></HeartRateBpm><Cadence>88</Cadence><Extensions><ns3:TPX><ns3:Speed>0.0</ns3:Speed></ns3:TPX></Extensions></Trackpoint><Trackpoint><Time>2026-01-20T22:42:41Z</Time><HeartRateBpm><Value>81</Value></HeartRateBpm><Cadence>88</Cadence><Extensions><ns3:TPX><ns3:Speed>0.0</ns3:Speed></ns3:TPX></Extensions></Trackpoint><Trackpoint><Time>2026-01-20T22:42:42Z</Time><HeartRateBpm><Value>80</Value></HeartRateBpm><Cadence>88</Cadence><Extensions><ns3:TPX><ns3:Speed>0.0</ns3:Speed></ns3:TPX></Extensions></Trackpoint><Trackpoint><Time>2026-01-20T22:42:43Z</Time><HeartRateBpm><Value>79</Value></HeartRateBpm><Cadence>88</Cadence><Extensions><ns3:TPX><ns3:Speed>0.0</ns3:Speed></ns3:TPX></Extensions></Trackpoint><Trackpoint><Time>2026-01-20T22:42:44Z</Time><HeartRateBpm><Value>77</Value></HeartRateBpm><Cadence>88</Cadence><Extensions><ns3:TPX><ns3:Speed>0.0</ns3:Speed></ns3:TPX></Extensions></Trackpoint><Trackpoint><Time>2026-01-20T22:42:49Z</Time><HeartRateBpm><Value>77</Value></HeartRateBpm><Cadence>88</Cadence><Extensions><ns3:TPX><ns3:Speed>0.0</ns3:Speed></ns3:TPX></Extensions></Trackpoint><Trackpoint><Time>2026-01-20T22:42:53Z</Time><HeartRateBpm><Value>77</Value></HeartRateBpm><Cadence>88</Cadence><Extensions><ns3:TPX><ns3:Speed>0.0</ns3:Speed></ns3:TPX></Extensions></Trackpoint><Trackpoint><Time>2026-01-20T22:42:56Z</Time><HeartRateBpm><Value>78</Value></HeartRateBpm><Cadence>88</Cadence><Extensions><ns3:TPX><ns3:Speed>0.0</ns3:Speed></ns3:TPX></Extensions></Trackpoint><Trackpoint><Time>2026-01-20T22:43:00Z</Time><HeartRateBpm><Value>79</Value></HeartRateBpm><Cadence>88</Cadence><Extensions><ns3:TPX><ns3:Speed>0.0</ns3:Speed></ns3:TPX></Extensions></Trackpoint><Trackpoint><Time>2026-01-20T22:43:02Z</Time><HeartRateBpm><Value>81</Value></HeartRateBpm><Cadence>88</Cadence><Extensions><ns3:TPX><ns3:Speed>0.0</ns3:Speed></ns3:TPX></Extensions></Trackpoint><Trackpoint><Time>2026-01-20T22:43:04Z</Time><HeartRateBpm><Value>82</Value></HeartRateBpm><Cadence>88</Cadence><Extensions><ns3:TPX><ns3:Speed>0.0</ns3:Speed></ns3:TPX></Extensions></Trackpoint><Trackpoint><Time>2026-01-20T22:43:06Z</Time><HeartRateBpm><Value>83</Value></HeartRateBpm><Cadence>88</Cadence><Extensions><ns3:TPX><ns3:Speed>0.0</ns3:Speed></ns3:TPX></Extensions></Trackpoint><Trackpoint><Time>2026-01-20T22:43:07Z</Time><HeartRateBpm><Value>84</Value></HeartRateBpm><Cadence>88</Cadence><Extensions><ns3:TPX><ns3:Speed>0.0</ns3:Speed></ns3:TPX></Extensions></Trackpoint><Trackpoint><Time>2026-01-20T22:43:10Z</Time><HeartRateBpm><Value>85</Value></HeartRateBpm><Cadence>88</Cadence><Extensions><ns3:TPX><ns3:Speed>0.0</ns3:Speed></ns3:TPX></Extensions></Trackpoint><Trackpoint><Time>2026-01-20T22:43:13Z</Time><HeartRateBpm><Value>86</Value></HeartRateBpm><Cadence>88</Cadence><Extensions><ns3:TPX><ns3:Speed>0.0</ns3:Speed></ns3:TPX></Extensions></Trackpoint><Trackpoint><Time>2026-01-20T22:43:14Z</Time><HeartRateBpm><Value>88</Value></HeartRateBpm><Cadence>88</Cadence><Extensions><ns3:TPX><ns3:Speed>0.0</ns3:Speed></ns3:TPX></Extensions></Trackpoint><Trackpoint><Time>2026-01-20T22:43:16Z</Time><HeartRateBpm><Value>89</Value></HeartRateBpm><Cadence>88</Cadence><Extensions><ns3:TPX><ns3:Speed>0.0</ns3:Speed></ns3:TPX></Extensions></Trackpoint><Trackpoint><Time>2026-01-20T22:43:19Z</Time><HeartRateBpm><Value>83</Value></HeartRateBpm><Cadence>88</Cadence><Extensions><ns3:TPX><ns3:Speed>0.0</ns3:Speed></ns3:TPX></Extensions></Trackpoint><Trackpoint><Time>2026-01-20T22:43:20Z</Time><HeartRateBpm><Value>86</Value></HeartRateBpm><Cadence>88</Cadence><Extensions><ns3:TPX><ns3:Speed>0.0</ns3:Speed></ns3:TPX></Extensions></Trackpoint><Trackpoint><Time>2026-01-20T22:43:22Z</Time><HeartRateBpm><Value>83</Value></HeartRateBpm><Cadence>88</Cadence><Extensions><ns3:TPX><ns3:Speed>0.0</ns3:Speed></ns3:TPX></Extensions></Trackpoint><Trackpoint><Time>2026-01-20T22:43:26Z</Time><HeartRateBpm><Value>84</Value></HeartRateBpm><Cadence>88</Cadence><Extensions><ns3:TPX><ns3:Speed>0.0</ns3:Speed></ns3:TPX></Extensions></Trackpoint><Trackpoint><Time>2026-01-20T22:43:28Z</Time><HeartRateBpm><Value>83</Value></HeartRateBpm><Cadence>88</Cadence><Extensions><ns3:TPX><ns3:Speed>0.0</ns3:Speed></ns3:TPX></Extensions></Trackpoint><Trackpoint><Time>2026-01-20T22:43:29Z</Time><HeartRateBpm><Value>84</Value></HeartRateBpm><Cadence>88</Cadence><Extensions><ns3:TPX><ns3:Speed>0.0</ns3:Speed></ns3:TPX></Extensions></Trackpoint><Trackpoint><Time>2026-01-20T22:43:34Z</Time><HeartRateBpm><Value>84</Value></HeartRateBpm><Cadence>88</Cadence><Extensions><ns3:TPX><ns3:Speed>0.0</ns3:Speed></ns3:TPX></Extensions></Trackpoint><Trackpoint><Time>2026-01-20T22:43:35Z</Time><HeartRateBpm><Value>85</Value></HeartRateBpm><Cadence>88</Cadence><Extensions><ns3:TPX><ns3:Speed>0.0</ns3:Speed></ns3:TPX></Extensions></Trackpoint><Trackpoint><Time>2026-01-20T22:43:40Z</Time><HeartRateBpm><Value>85</Value></HeartRateBpm><Cadence>88</Cadence><Extensions><ns3:TPX><ns3:Speed>0.0</ns3:Speed></ns3:TPX></Extensions></Trackpoint><Trackpoint><Time>2026-01-20T22:43:44Z</Time><HeartRateBpm><Value>84</Value></HeartRateBpm><Cadence>88</Cadence><Extensions><ns3:TPX><ns3:Speed>0.0</ns3:Speed></ns3:TPX></Extensions></Trackpoint><Trackpoint><Time>2026-01-20T22:43:49Z</Time><HeartRateBpm><Value>83</Value></HeartRateBpm><Cadence>88</Cadence><Extensions><ns3:TPX><ns3:Speed>0.0</ns3:Speed></ns3:TPX></Extensions></Trackpoint><Trackpoint><Time>2026-01-20T22:43:50Z</Time><HeartRateBpm><Value>82</Value></HeartRateBpm><Cadence>88</Cadence><Extensions><ns3:TPX><ns3:Speed>0.0</ns3:Speed></ns3:TPX></Extensions></Trackpoint><Trackpoint><Time>2026-01-20T22:43:54Z</Time><HeartRateBpm><Value>81</Value></HeartRateBpm><Cadence>88</Cadence><Extensions><ns3:TPX><ns3:Speed>0.0</ns3:Speed></ns3:TPX></Extensions></Trackpoint><Trackpoint><Time>2026-01-20T22:43:59Z</Time><HeartRateBpm><Value>81</Value></HeartRateBpm><Cadence>88</Cadence><Extensions><ns3:TPX><ns3:Speed>0.0</ns3:Speed></ns3:TPX></Extensions></Trackpoint><Trackpoint><Time>2026-01-20T22:44:03Z</Time><HeartRateBpm><Value>82</Value></HeartRateBpm><Cadence>88</Cadence><Extensions><ns3:TPX><ns3:Speed>0.0</ns3:Speed></ns3:TPX></Extensions></Trackpoint><Trackpoint><Time>2026-01-20T22:44:05Z</Time><HeartRateBpm><Value>83</Value></HeartRateBpm><Cadence>88</Cadence><Extensions><ns3:TPX><ns3:Speed>0.0</ns3:Speed></ns3:TPX></Extensions></Trackpoint><Trackpoint><Time>2026-01-20T22:44:07Z</Time><HeartRateBpm><Value>84</Value></HeartRateBpm><Cadence>88</Cadence><Extensions><ns3:TPX><ns3:Speed>0.0</ns3:Speed></ns3:TPX></Extensions></Trackpoint><Trackpoint><Time>2026-01-20T22:44:08Z</Time><HeartRateBpm><Value>86</Value></HeartRateBpm><Cadence>88</Cadence><Extensions><ns3:TPX><ns3:Speed>0.0</ns3:Speed></ns3:TPX></Extensions></Trackpoint><Trackpoint><Time>2026-01-20T22:44:11Z</Time><HeartRateBpm><Value>85</Value></HeartRateBpm><Cadence>88</Cadence><Extensions><ns3:TPX><ns3:Speed>0.0</ns3:Speed></ns3:TPX></Extensions></Trackpoint><Trackpoint><Time>2026-01-20T22:44:12Z</Time><HeartRateBpm><Value>84</Value></HeartRateBpm><Cadence>88</Cadence><Extensions><ns3:TPX><ns3:Speed>0.0</ns3:Speed></ns3:TPX></Extensions></Trackpoint><Trackpoint><Time>2026-01-20T22:44:14Z</Time><HeartRateBpm><Value>83</Value></HeartRateBpm><Cadence>88</Cadence><Extensions><ns3:TPX><ns3:Speed>0.0</ns3:Speed></ns3:TPX></Extensions></Trackpoint><Trackpoint><Time>2026-01-20T22:44:19Z</Time><HeartRateBpm><Value>83</Value></HeartRateBpm><Cadence>88</Cadence><Extensions><ns3:TPX><ns3:Speed>0.0</ns3:Speed></ns3:TPX></Extensions></Trackpoint><Trackpoint><Time>2026-01-20T22:44:24Z</Time><HeartRateBpm><Value>83</Value></HeartRateBpm><Cadence>88</Cadence><Extensions><ns3:TPX><ns3:Speed>0.0</ns3:Speed></ns3:TPX></Extensions></Trackpoint><Trackpoint><Time>2026-01-20T22:44:27Z</Time><HeartRateBpm><Value>82</Value></HeartRateBpm><Cadence>88</Cadence><Extensions><ns3:TPX><ns3:Speed>0.0</ns3:Speed></ns3:TPX></Extensions></Trackpoint><Trackpoint><Time>2026-01-20T22:44:30Z</Time><HeartRateBpm><Value>83</Value></HeartRateBpm><Cadence>88</Cadence><Extensions><ns3:TPX><ns3:Speed>0.0</ns3:Speed></ns3:TPX></Extensions></Trackpoint><Trackpoint><Time>2026-01-20T22:44:31Z</Time><HeartRateBpm><Value>85</Value></HeartRateBpm><Cadence>88</Cadence><Extensions><ns3:TPX><ns3:Speed>0.0</ns3:Speed></ns3:TPX></Extensions></Trackpoint><Trackpoint><Time>2026-01-20T22:44:32Z</Time><HeartRateBpm><Value>86</Value></HeartRateBpm><Cadence>88</Cadence><Extensions><ns3:TPX><ns3:Speed>0.0</ns3:Speed></ns3:TPX></Extensions></Trackpoint><Trackpoint><Time>2026-01-20T22:44:37Z</Time><HeartRateBpm><Value>86</Value></HeartRateBpm><Cadence>88</Cadence><Extensions><ns3:TPX><ns3:Speed>0.0</ns3:Speed></ns3:TPX></Extensions></Trackpoint><Trackpoint><Time>2026-01-20T22:44:40Z</Time><HeartRateBpm><Value>87</Value></HeartRateBpm><Cadence>88</Cadence><Extensions><ns3:TPX><ns3:Speed>0.0</ns3:Speed></ns3:TPX></Extensions></Trackpoint><Trackpoint><Time>2026-01-20T22:44:41Z</Time><HeartRateBpm><Value>88</Value></HeartRateBpm><Cadence>88</Cadence><Extensions><ns3:TPX><ns3:Speed>0.0</ns3:Speed></ns3:TPX></Extensions></Trackpoint><Trackpoint><Time>2026-01-20T22:44:42Z</Time><HeartRateBpm><Value>89</Value></HeartRateBpm><Cadence>88</Cadence><Extensions><ns3:TPX><ns3:Speed>0.0</ns3:Speed></ns3:TPX></Extensions></Trackpoint><Trackpoint><Time>2026-01-20T22:44:43Z</Time><HeartRateBpm><Value>91</Value></HeartRateBpm><Cadence>88</Cadence><Extensions><ns3:TPX><ns3:Speed>0.0</ns3:Speed></ns3:TPX></Extensions></Trackpoint><Trackpoint><Time>2026-01-20T22:44:45Z</Time><HeartRateBpm><Value>93</Value></HeartRateBpm><Cadence>88</Cadence><Extensions><ns3:TPX><ns3:Speed>0.0</ns3:Speed></ns3:TPX></Extensions></Trackpoint><Trackpoint><Time>2026-01-20T22:44:46Z</Time><HeartRateBpm><Value>94</Value></HeartRateBpm><Cadence>88</Cadence><Extensions><ns3:TPX><ns3:Speed>0.0</ns3:Speed></ns3:TPX></Extensions></Trackpoint><Trackpoint><Time>2026-01-20T22:44:47Z</Time><HeartRateBpm><Value>95</Value></HeartRateBpm><Cadence>88</Cadence><Extensions><ns3:TPX><ns3:Speed>0.0</ns3:Speed></ns3:TPX></Extensions></Trackpoint><Trackpoint><Time>2026-01-20T22:44:48Z</Time><HeartRateBpm><Value>96</Value></HeartRateBpm><Cadence>88</Cadence><Extensions><ns3:TPX><ns3:Speed>0.0</ns3:Speed></ns3:TPX></Extensions></Trackpoint><Trackpoint><Time>2026-01-20T22:44:51Z</Time><HeartRateBpm><Value>93</Value></HeartRateBpm><Cadence>88</Cadence><Extensions><ns3:TPX><ns3:Speed>0.0</ns3:Speed></ns3:TPX></Extensions></Trackpoint><Trackpoint><Time>2026-01-20T22:44:52Z</Time><HeartRateBpm><Value>89</Value></HeartRateBpm><Cadence>88</Cadence><Extensions><ns3:TPX><ns3:Speed>0.0</ns3:Speed></ns3:TPX></Extensions></Trackpoint><Trackpoint><Time>2026-01-20T22:44:53Z</Time><HeartRateBpm><Value>88</Value></HeartRateBpm><Cadence>88</Cadence><Extensions><ns3:TPX><ns3:Speed>0.0</ns3:Speed></ns3:TPX></Extensions></Trackpoint><Trackpoint><Time>2026-01-20T22:44:55Z</Time><HeartRateBpm><Value>86</Value></HeartRateBpm><Cadence>88</Cadence><Extensions><ns3:TPX><ns3:Speed>0.0</ns3:Speed></ns3:TPX></Extensions></Trackpoint><Trackpoint><Time>2026-01-20T22:44:57Z</Time><HeartRateBpm><Value>87</Value></HeartRateBpm><Cadence>88</Cadence><Extensions><ns3:TPX><ns3:Speed>0.0</ns3:Speed></ns3:TPX></Extensions></Trackpoint><Trackpoint><Time>2026-01-20T22:44:58Z</Time><HeartRateBpm><Value>88</Value></HeartRateBpm><Cadence>88</Cadence><Extensions><ns3:TPX><ns3:Speed>0.0</ns3:Speed></ns3:TPX></Extensions></Trackpoint><Trackpoint><Time>2026-01-20T22:45:00Z</Time><HeartRateBpm><Value>89</Value></HeartRateBpm><Cadence>88</Cadence><Extensions><ns3:TPX><ns3:Speed>0.0</ns3:Speed></ns3:TPX></Extensions></Trackpoint><Trackpoint><Time>2026-01-20T22:45:03Z</Time><HeartRateBpm><Value>90</Value></HeartRateBpm><Cadence>88</Cadence><Extensions><ns3:TPX><ns3:Speed>0.0</ns3:Speed></ns3:TPX></Extensions></Trackpoint><Trackpoint><Time>2026-01-20T22:45:04Z</Time><HeartRateBpm><Value>89</Value></HeartRateBpm><Cadence>88</Cadence><Extensions><ns3:TPX><ns3:Speed>0.0</ns3:Speed></ns3:TPX></Extensions></Trackpoint><Trackpoint><Time>2026-01-20T22:45:05Z</Time><HeartRateBpm><Value>88</Value></HeartRateBpm><Cadence>88</Cadence><Extensions><ns3:TPX><ns3:Speed>0.0</ns3:Speed></ns3:TPX></Extensions></Trackpoint><Trackpoint><Time>2026-01-20T22:45:10Z</Time><HeartRateBpm><Value>88</Value></HeartRateBpm><Cadence>88</Cadence><Extensions><ns3:TPX><ns3:Speed>0.0</ns3:Speed></ns3:TPX></Extensions></Trackpoint><Trackpoint><Time>2026-01-20T22:45:14Z</Time><HeartRateBpm><Value>87</Value></HeartRateBpm><Cadence>88</Cadence><Extensions><ns3:TPX><ns3:Speed>0.0</ns3:Speed></ns3:TPX></Extensions></Trackpoint><Trackpoint><Time>2026-01-20T22:45:18Z</Time><HeartRateBpm><Value>88</Value></HeartRateBpm><Cadence>88</Cadence><Extensions><ns3:TPX><ns3:Speed>0.0</ns3:Speed></ns3:TPX></Extensions></Trackpoint><Trackpoint><Time>2026-01-20T22:45:21Z</Time><HeartRateBpm><Value>87</Value></HeartRateBpm><Cadence>88</Cadence><Extensions><ns3:TPX><ns3:Speed>0.0</ns3:Speed></ns3:TPX></Extensions></Trackpoint><Trackpoint><Time>2026-01-20T22:45:22Z</Time><HeartRateBpm><Value>86</Value></HeartRateBpm><Cadence>88</Cadence><Extensions><ns3:TPX><ns3:Speed>0.0</ns3:Speed></ns3:TPX></Extensions></Trackpoint><Trackpoint><Time>2026-01-20T22:45:24Z</Time><HeartRateBpm><Value>85</Value></HeartRateBpm><Cadence>88</Cadence><Extensions><ns3:TPX><ns3:Speed>0.0</ns3:Speed></ns3:TPX></Extensions></Trackpoint><Trackpoint><Time>2026-01-20T22:45:28Z</Time><HeartRateBpm><Value>86</Value></HeartRateBpm><Cadence>88</Cadence><Extensions><ns3:TPX><ns3:Speed>0.0</ns3:Speed></ns3:TPX></Extensions></Trackpoint><Trackpoint><Time>2026-01-20T22:45:30Z</Time><HeartRateBpm><Value>87</Value></HeartRateBpm><Cadence>88</Cadence><Extensions><ns3:TPX><ns3:Speed>0.0</ns3:Speed></ns3:TPX></Extensions></Trackpoint><Trackpoint><Time>2026-01-20T22:45:31Z</Time><HeartRateBpm><Value>86</Value></HeartRateBpm><Cadence>88</Cadence><Extensions><ns3:TPX><ns3:Speed>0.0</ns3:Speed></ns3:TPX></Extensions></Trackpoint><Trackpoint><Time>2026-01-20T22:45:32Z</Time><HeartRateBpm><Value>85</Value></HeartRateBpm><Cadence>88</Cadence><Extensions><ns3:TPX><ns3:Speed>0.0</ns3:Speed></ns3:TPX></Extensions></Trackpoint><Trackpoint><Time>2026-01-20T22:45:37Z</Time><HeartRateBpm><Value>86</Value></HeartRateBpm><Cadence>88</Cadence><Extensions><ns3:TPX><ns3:Speed>0.0</ns3:Speed></ns3:TPX></Extensions></Trackpoint><Trackpoint><Time>2026-01-20T22:45:40Z</Time><HeartRateBpm><Value>87</Value></HeartRateBpm><Cadence>88</Cadence><Extensions><ns3:TPX><ns3:Speed>0.0</ns3:Speed></ns3:TPX></Extensions></Trackpoint><Trackpoint><Time>2026-01-20T22:45:43Z</Time><HeartRateBpm><Value>88</Value></HeartRateBpm><Cadence>88</Cadence><Extensions><ns3:TPX><ns3:Speed>0.0</ns3:Speed></ns3:TPX></Extensions></Trackpoint><Trackpoint><Time>2026-01-20T22:45:44Z</Time><HeartRateBpm><Value>89</Value></HeartRateBpm><Cadence>88</Cadence><Extensions><ns3:TPX><ns3:Speed>0.0</ns3:Speed></ns3:TPX></Extensions></Trackpoint><Trackpoint><Time>2026-01-20T22:45:45Z</Time><HeartRateBpm><Value>90</Value></HeartRateBpm><Cadence>88</Cadence><Extensions><ns3:TPX><ns3:Speed>0.0</ns3:Speed></ns3:TPX></Extensions></Trackpoint><Trackpoint><Time>2026-01-20T22:45:46Z</Time><HeartRateBpm><Value>91</Value></HeartRateBpm><Cadence>88</Cadence><Extensions><ns3:TPX><ns3:Speed>0.0</ns3:Speed></ns3:TPX></Extensions></Trackpoint><Trackpoint><Time>2026-01-20T22:45:51Z</Time><HeartRateBpm><Value>92</Value></HeartRateBpm><Cadence>88</Cadence><Extensions><ns3:TPX><ns3:Speed>0.0</ns3:Speed></ns3:TPX></Extensions></Trackpoint><Trackpoint><Time>2026-01-20T22:45:54Z</Time><HeartRateBpm><Value>93</Value></HeartRateBpm><Cadence>88</Cadence><Extensions><ns3:TPX><ns3:Speed>0.0</ns3:Speed></ns3:TPX></Extensions></Trackpoint><Trackpoint><Time>2026-01-20T22:45:55Z</Time><HeartRateBpm><Value>95</Value></HeartRateBpm><Cadence>88</Cadence><Extensions><ns3:TPX><ns3:Speed>0.0</ns3:Speed></ns3:TPX></Extensions></Trackpoint><Trackpoint><Time>2026-01-20T22:45:57Z</Time><HeartRateBpm><Value>96</Value></HeartRateBpm><Cadence>88</Cadence><Extensions><ns3:TPX><ns3:Speed>0.0</ns3:Speed></ns3:TPX></Extensions></Trackpoint><Trackpoint><Time>2026-01-20T22:46:01Z</Time><HeartRateBpm><Value>95</Value></HeartRateBpm><Cadence>88</Cadence><Extensions><ns3:TPX><ns3:Speed>0.0</ns3:Speed></ns3:TPX></Extensions></Trackpoint><Trackpoint><Time>2026-01-20T22:46:03Z</Time><HeartRateBpm><Value>96</Value></HeartRateBpm><Cadence>88</Cadence><Extensions><ns3:TPX><ns3:Speed>0.0</ns3:Speed></ns3:TPX></Extensions></Trackpoint><Trackpoint><Time>2026-01-20T22:46:06Z</Time><HeartRateBpm><Value>98</Value></HeartRateBpm><Cadence>88</Cadence><Extensions><ns3:TPX><ns3:Speed>0.0</ns3:Speed></ns3:TPX></Extensions></Trackpoint><Trackpoint><Time>2026-01-20T22:46:09Z</Time><HeartRateBpm><Value>96</Value></HeartRateBpm><Cadence>88</Cadence><Extensions><ns3:TPX><ns3:Speed>0.0</ns3:Speed></ns3:TPX></Extensions></Trackpoint><Trackpoint><Time>2026-01-20T22:46:10Z</Time><HeartRateBpm><Value>95</Value></HeartRateBpm><Cadence>88</Cadence><Extensions><ns3:TPX><ns3:Speed>0.0</ns3:Speed></ns3:TPX></Extensions></Trackpoint><Trackpoint><Time>2026-01-20T22:46:15Z</Time><HeartRateBpm><Value>94</Value></HeartRateBpm><Cadence>88</Cadence><Extensions><ns3:TPX><ns3:Speed>0.0</ns3:Speed></ns3:TPX></Extensions></Trackpoint><Trackpoint><Time>2026-01-20T22:46:19Z</Time><HeartRateBpm><Value>95</Value></HeartRateBpm><Cadence>88</Cadence><Extensions><ns3:TPX><ns3:Speed>0.0</ns3:Speed></ns3:TPX></Extensions></Trackpoint><Trackpoint><Time>2026-01-20T22:46:21Z</Time><HeartRateBpm><Value>96</Value></HeartRateBpm><Cadence>88</Cadence><Extensions><ns3:TPX><ns3:Speed>0.0</ns3:Speed></ns3:TPX></Extensions></Trackpoint><Trackpoint><Time>2026-01-20T22:46:25Z</Time><HeartRateBpm><Value>97</Value></HeartRateBpm><Cadence>88</Cadence><Extensions><ns3:TPX><ns3:Speed>0.0</ns3:Speed></ns3:TPX></Extensions></Trackpoint><Trackpoint><Time>2026-01-20T22:46:26Z</Time><HeartRateBpm><Value>98</Value></HeartRateBpm><Cadence>88</Cadence><Extensions><ns3:TPX><ns3:Speed>0.0</ns3:Speed></ns3:TPX></Extensions></Trackpoint><Trackpoint><Time>2026-01-20T22:46:31Z</Time><HeartRateBpm><Value>98</Value></HeartRateBpm><Cadence>88</Cadence><Extensions><ns3:TPX><ns3:Speed>0.0</ns3:Speed></ns3:TPX></Extensions></Trackpoint><Trackpoint><Time>2026-01-20T22:46:32Z</Time><HeartRateBpm><Value>99</Value></HeartRateBpm><Cadence>88</Cadence><Extensions><ns3:TPX><ns3:Speed>0.0</ns3:Speed></ns3:TPX></Extensions></Trackpoint><Trackpoint><Time>2026-01-20T22:46:37Z</Time><HeartRateBpm><Value>99</Value></HeartRateBpm><Cadence>88</Cadence><Extensions><ns3:TPX><ns3:Speed>0.0</ns3:Speed></ns3:TPX></Extensions></Trackpoint><Trackpoint><Time>2026-01-20T22:46:38Z</Time><HeartRateBpm><Value>100</Value></HeartRateBpm><Cadence>88</Cadence><Extensions><ns3:TPX><ns3:Speed>0.0</ns3:Speed></ns3:TPX></Extensions></Trackpoint><Trackpoint><Time>2026-01-20T22:46:41Z</Time><HeartRateBpm><Value>101</Value></HeartRateBpm><Cadence>88</Cadence><Extensions><ns3:TPX><ns3:Speed>0.0</ns3:Speed></ns3:TPX></Extensions></Trackpoint><Trackpoint><Time>2026-01-20T22:46:44Z</Time><HeartRateBpm><Value>99</Value></HeartRateBpm><Cadence>88</Cadence><Extensions><ns3:TPX><ns3:Speed>0.0</ns3:Speed></ns3:TPX></Extensions></Trackpoint><Trackpoint><Time>2026-01-20T22:46:49Z</Time><HeartRateBpm><Value>99</Value></HeartRateBpm><Cadence>88</Cadence><Extensions><ns3:TPX><ns3:Speed>0.0</ns3:Speed></ns3:TPX></Extensions></Trackpoint><Trackpoint><Time>2026-01-20T22:46:53Z</Time><HeartRateBpm><Value>97</Value></HeartRateBpm><Cadence>88</Cadence><Extensions><ns3:TPX><ns3:Speed>0.0</ns3:Speed></ns3:TPX></Extensions></Trackpoint><Trackpoint><Time>2026-01-20T22:46:55Z</Time><HeartRateBpm><Value>96</Value></HeartRateBpm><Cadence>88</Cadence><Extensions><ns3:TPX><ns3:Speed>0.0</ns3:Speed></ns3:TPX></Extensions></Trackpoint><Trackpoint><Time>2026-01-20T22:46:56Z</Time><HeartRateBpm><Value>95</Value></HeartRateBpm><Cadence>88</Cadence><Extensions><ns3:TPX><ns3:Speed>0.0</ns3:Speed></ns3:TPX></Extensions></Trackpoint><Trackpoint><Time>2026-01-20T22:47:01Z</Time><HeartRateBpm><Value>95</Value></HeartRateBpm><Cadence>88</Cadence><Extensions><ns3:TPX><ns3:Speed>0.0</ns3:Speed></ns3:TPX></Extensions></Trackpoint><Trackpoint><Time>2026-01-20T22:47:02Z</Time><HeartRateBpm><Value>97</Value></HeartRateBpm><Cadence>88</Cadence><Extensions><ns3:TPX><ns3:Speed>0.0</ns3:Speed></ns3:TPX></Extensions></Trackpoint><Trackpoint><Time>2026-01-20T22:47:03Z</Time><HeartRateBpm><Value>98</Value></HeartRateBpm><Cadence>88</Cadence><Extensions><ns3:TPX><ns3:Speed>0.0</ns3:Speed></ns3:TPX></Extensions></Trackpoint><Trackpoint><Time>2026-01-20T22:47:07Z</Time><HeartRateBpm><Value>98</Value></HeartRateBpm><Cadence>88</Cadence><Extensions><ns3:TPX><ns3:Speed>0.0</ns3:Speed></ns3:TPX></Extensions></Trackpoint><Trackpoint><Time>2026-01-20T22:47:12Z</Time><HeartRateBpm><Value>98</Value></HeartRateBpm><Cadence>88</Cadence><Extensions><ns3:TPX><ns3:Speed>0.0</ns3:Speed></ns3:TPX></Extensions></Trackpoint><Trackpoint><Time>2026-01-20T22:47:13Z</Time><HeartRateBpm><Value>100</Value></HeartRateBpm><Cadence>88</Cadence><Extensions><ns3:TPX><ns3:Speed>0.0</ns3:Speed></ns3:TPX></Extensions></Trackpoint><Trackpoint><Time>2026-01-20T22:47:14Z</Time><HeartRateBpm><Value>101</Value></HeartRateBpm><Cadence>88</Cadence><Extensions><ns3:TPX><ns3:Speed>0.0</ns3:Speed></ns3:TPX></Extensions></Trackpoint><Trackpoint><Time>2026-01-20T22:47:19Z</Time><HeartRateBpm><Value>102</Value></HeartRateBpm><Cadence>88</Cadence><Extensions><ns3:TPX><ns3:Speed>0.0</ns3:Speed></ns3:TPX></Extensions></Trackpoint><Trackpoint><Time>2026-01-20T22:47:20Z</Time><HeartRateBpm><Value>101</Value></HeartRateBpm><Cadence>88</Cadence><Extensions><ns3:TPX><ns3:Speed>0.0</ns3:Speed></ns3:TPX></Extensions></Trackpoint><Trackpoint><Time>2026-01-20T22:47:21Z</Time><HeartRateBpm><Value>100</Value></HeartRateBpm><Cadence>88</Cadence><Extensions><ns3:TPX><ns3:Speed>0.0</ns3:Speed></ns3:TPX></Extensions></Trackpoint><Trackpoint><Time>2026-01-20T22:47:26Z</Time><HeartRateBpm><Value>100</Value></HeartRateBpm><Cadence>88</Cadence><Extensions><ns3:TPX><ns3:Speed>0.0</ns3:Speed></ns3:TPX></Extensions></Trackpoint><Trackpoint><Time>2026-01-20T22:47:31Z</Time><HeartRateBpm><Value>101</Value></HeartRateBpm><Cadence>88</Cadence><Extensions><ns3:TPX><ns3:Speed>0.0</ns3:Speed></ns3:TPX></Extensions></Trackpoint><Trackpoint><Time>2026-01-20T22:47:32Z</Time><HeartRateBpm><Value>100</Value></HeartRateBpm><Cadence>88</Cadence><Extensions><ns3:TPX><ns3:Speed>0.0</ns3:Speed></ns3:TPX></Extensions></Trackpoint><Trackpoint><Time>2026-01-20T22:47:34Z</Time><HeartRateBpm><Value>99</Value></HeartRateBpm><Cadence>88</Cadence><Extensions><ns3:TPX><ns3:Speed>0.0</ns3:Speed></ns3:TPX></Extensions></Trackpoint><Trackpoint><Time>2026-01-20T22:47:36Z</Time><HeartRateBpm><Value>98</Value></HeartRateBpm><Cadence>88</Cadence><Extensions><ns3:TPX><ns3:Speed>0.0</ns3:Speed></ns3:TPX></Extensions></Trackpoint><Trackpoint><Time>2026-01-20T22:47:37Z</Time><HeartRateBpm><Value>97</Value></HeartRateBpm><Cadence>88</Cadence><Extensions><ns3:TPX><ns3:Speed>0.0</ns3:Speed></ns3:TPX></Extensions></Trackpoint><Trackpoint><Time>2026-01-20T22:47:38Z</Time><HeartRateBpm><Value>96</Value></HeartRateBpm><Cadence>88</Cadence><Extensions><ns3:TPX><ns3:Speed>0.0</ns3:Speed></ns3:TPX></Extensions></Trackpoint><Trackpoint><Time>2026-01-20T22:47:40Z</Time><HeartRateBpm><Value>97</Value></HeartRateBpm><Cadence>88</Cadence><Extensions><ns3:TPX><ns3:Speed>0.0</ns3:Speed></ns3:TPX></Extensions></Trackpoint><Trackpoint><Time>2026-01-20T22:47:42Z</Time><HeartRateBpm><Value>98</Value></HeartRateBpm><Cadence>88</Cadence><Extensions><ns3:TPX><ns3:Speed>0.0</ns3:Speed></ns3:TPX></Extensions></Trackpoint><Trackpoint><Time>2026-01-20T22:47:44Z</Time><HeartRateBpm><Value>97</Value></HeartRateBpm><Cadence>88</Cadence><Extensions><ns3:TPX><ns3:Speed>0.0</ns3:Speed></ns3:TPX></Extensions></Trackpoint><Trackpoint><Time>2026-01-20T22:47:46Z</Time><HeartRateBpm><Value>96</Value></HeartRateBpm><Cadence>88</Cadence><Extensions><ns3:TPX><ns3:Speed>0.0</ns3:Speed></ns3:TPX></Extensions></Trackpoint><Trackpoint><Time>2026-01-20T22:47:50Z</Time><HeartRateBpm><Value>95</Value></HeartRateBpm><Cadence>88</Cadence><Extensions><ns3:TPX><ns3:Speed>0.0</ns3:Speed></ns3:TPX></Extensions></Trackpoint><Trackpoint><Time>2026-01-20T22:47:52Z</Time><HeartRateBpm><Value>94</Value></HeartRateBpm><Cadence>88</Cadence><Extensions><ns3:TPX><ns3:Speed>0.0</ns3:Speed></ns3:TPX></Extensions></Trackpoint><Trackpoint><Time>2026-01-20T22:47:53Z</Time><HeartRateBpm><Value>91</Value></HeartRateBpm><Cadence>88</Cadence><Extensions><ns3:TPX><ns3:Speed>0.0</ns3:Speed></ns3:TPX></Extensions></Trackpoint><Trackpoint><Time>2026-01-20T22:47:56Z</Time><HeartRateBpm><Value>90</Value></HeartRateBpm><Cadence>88</Cadence><Extensions><ns3:TPX><ns3:Speed>0.0</ns3:Speed></ns3:TPX></Extensions></Trackpoint><Trackpoint><Time>2026-01-20T22:47:59Z</Time><HeartRateBpm><Value>91</Value></HeartRateBpm><Cadence>88</Cadence><Extensions><ns3:TPX><ns3:Speed>0.0</ns3:Speed></ns3:TPX></Extensions></Trackpoint><Trackpoint><Time>2026-01-20T22:48:04Z</Time><HeartRateBpm><Value>92</Value></HeartRateBpm><Cadence>88</Cadence><Extensions><ns3:TPX><ns3:Speed>0.0</ns3:Speed></ns3:TPX></Extensions></Trackpoint><Trackpoint><Time>2026-01-20T22:48:07Z</Time><HeartRateBpm><Value>94</Value></HeartRateBpm><Cadence>88</Cadence><Extensions><ns3:TPX><ns3:Speed>0.0</ns3:Speed></ns3:TPX></Extensions></Trackpoint><Trackpoint><Time>2026-01-20T22:48:08Z</Time><HeartRateBpm><Value>95</Value></HeartRateBpm><Cadence>88</Cadence><Extensions><ns3:TPX><ns3:Speed>0.0</ns3:Speed></ns3:TPX></Extensions></Trackpoint><Trackpoint><Time>2026-01-20T22:48:11Z</Time><HeartRateBpm><Value>96</Value></HeartRateBpm><Cadence>88</Cadence><Extensions><ns3:TPX><ns3:Speed>0.0</ns3:Speed></ns3:TPX></Extensions></Trackpoint><Trackpoint><Time>2026-01-20T22:48:13Z</Time><HeartRateBpm><Value>98</Value></HeartRateBpm><Cadence>88</Cadence><Extensions><ns3:TPX><ns3:Speed>0.0</ns3:Speed></ns3:TPX></Extensions></Trackpoint><Trackpoint><Time>2026-01-20T22:48:14Z</Time><HeartRateBpm><Value>102</Value></HeartRateBpm><Cadence>88</Cadence><Extensions><ns3:TPX><ns3:Speed>0.0</ns3:Speed></ns3:TPX></Extensions></Trackpoint><Trackpoint><Time>2026-01-20T22:48:17Z</Time><HeartRateBpm><Value>96</Value></HeartRateBpm><Cadence>88</Cadence><Extensions><ns3:TPX><ns3:Speed>0.0</ns3:Speed></ns3:TPX></Extensions></Trackpoint><Trackpoint><Time>2026-01-20T22:48:18Z</Time><HeartRateBpm><Value>99</Value></HeartRateBpm><Cadence>88</Cadence><Extensions><ns3:TPX><ns3:Speed>0.0</ns3:Speed></ns3:TPX></Extensions></Trackpoint><Trackpoint><Time>2026-01-20T22:48:20Z</Time><HeartRateBpm><Value>97</Value></HeartRateBpm><Cadence>88</Cadence><Extensions><ns3:TPX><ns3:Speed>0.0</ns3:Speed></ns3:TPX></Extensions></Trackpoint><Trackpoint><Time>2026-01-20T22:48:21Z</Time><HeartRateBpm><Value>96</Value></HeartRateBpm><Cadence>88</Cadence><Extensions><ns3:TPX><ns3:Speed>0.0</ns3:Speed></ns3:TPX></Extensions></Trackpoint><Trackpoint><Time>2026-01-20T22:48:22Z</Time><HeartRateBpm><Value>95</Value></HeartRateBpm><Cadence>88</Cadence><Extensions><ns3:TPX><ns3:Speed>0.0</ns3:Speed></ns3:TPX></Extensions></Trackpoint><Trackpoint><Time>2026-01-20T22:48:23Z</Time><HeartRateBpm><Value>94</Value></HeartRateBpm><Cadence>88</Cadence><Extensions><ns3:TPX><ns3:Speed>0.0</ns3:Speed></ns3:TPX></Extensions></Trackpoint><Trackpoint><Time>2026-01-20T22:48:24Z</Time><HeartRateBpm><Value>93</Value></HeartRateBpm><Cadence>88</Cadence><Extensions><ns3:TPX><ns3:Speed>0.0</ns3:Speed></ns3:TPX></Extensions></Trackpoint><Trackpoint><Time>2026-01-20T22:48:26Z</Time><HeartRateBpm><Value>92</Value></HeartRateBpm><Cadence>88</Cadence><Extensions><ns3:TPX><ns3:Speed>0.0</ns3:Speed></ns3:TPX></Extensions></Trackpoint><Trackpoint><Time>2026-01-20T22:48:32Z</Time><HeartRateBpm><Value>92</Value></HeartRateBpm><Cadence>88</Cadence><Extensions><ns3:TPX><ns3:Speed>0.0</ns3:Speed></ns3:TPX></Extensions></Trackpoint><Trackpoint><Time>2026-01-20T22:48:34Z</Time><HeartRateBpm><Value>93</Value></HeartRateBpm><Cadence>88</Cadence><Extensions><ns3:TPX><ns3:Speed>0.0</ns3:Speed></ns3:TPX></Extensions></Trackpoint><Trackpoint><Time>2026-01-20T22:48:35Z</Time><HeartRateBpm><Value>95</Value></HeartRateBpm><Cadence>88</Cadence><Extensions><ns3:TPX><ns3:Speed>0.0</ns3:Speed></ns3:TPX></Extensions></Trackpoint><Trackpoint><Time>2026-01-20T22:48:36Z</Time><HeartRateBpm><Value>96</Value></HeartRateBpm><Cadence>88</Cadence><Extensions><ns3:TPX><ns3:Speed>0.0</ns3:Speed></ns3:TPX></Extensions></Trackpoint><Trackpoint><Time>2026-01-20T22:48:38Z</Time><HeartRateBpm><Value>97</Value></HeartRateBpm><Cadence>88</Cadence><Extensions><ns3:TPX><ns3:Speed>0.0</ns3:Speed></ns3:TPX></Extensions></Trackpoint><Trackpoint><Time>2026-01-20T22:48:44Z</Time><HeartRateBpm><Value>98</Value></HeartRateBpm><Cadence>88</Cadence><Extensions><ns3:TPX><ns3:Speed>0.0</ns3:Speed></ns3:TPX></Extensions></Trackpoint><Trackpoint><Time>2026-01-20T22:48:45Z</Time><HeartRateBpm><Value>99</Value></HeartRateBpm><Cadence>88</Cadence><Extensions><ns3:TPX><ns3:Speed>0.0</ns3:Speed></ns3:TPX></Extensions></Trackpoint><Trackpoint><Time>2026-01-20T22:48:46Z</Time><HeartRateBpm><Value>101</Value></HeartRateBpm><Cadence>88</Cadence><Extensions><ns3:TPX><ns3:Speed>0.0</ns3:Speed></ns3:TPX></Extensions></Trackpoint><Trackpoint><Time>2026-01-20T22:48:51Z</Time><HeartRateBpm><Value>101</Value></HeartRateBpm><Cadence>88</Cadence><Extensions><ns3:TPX><ns3:Speed>0.0</ns3:Speed></ns3:TPX></Extensions></Trackpoint><Trackpoint><Time>2026-01-20T22:48:56Z</Time><HeartRateBpm><Value>102</Value></HeartRateBpm><Cadence>88</Cadence><Extensions><ns3:TPX><ns3:Speed>0.0</ns3:Speed></ns3:TPX></Extensions></Trackpoint><Trackpoint><Time>2026-01-20T22:48:57Z</Time><HeartRateBpm><Value>103</Value></HeartRateBpm><Cadence>88</Cadence><Extensions><ns3:TPX><ns3:Speed>0.0</ns3:Speed></ns3:TPX></Extensions></Trackpoint><Trackpoint><Time>2026-01-20T22:48:58Z</Time><HeartRateBpm><Value>104</Value></HeartRateBpm><Cadence>88</Cadence><Extensions><ns3:TPX><ns3:Speed>0.0</ns3:Speed></ns3:TPX></Extensions></Trackpoint><Trackpoint><Time>2026-01-20T22:48:59Z</Time><HeartRateBpm><Value>105</Value></HeartRateBpm><Cadence>88</Cadence><Extensions><ns3:TPX><ns3:Speed>0.0</ns3:Speed></ns3:TPX></Extensions></Trackpoint><Trackpoint><Time>2026-01-20T22:49:00Z</Time><HeartRateBpm><Value>106</Value></HeartRateBpm><Cadence>88</Cadence><Extensions><ns3:TPX><ns3:Speed>0.0</ns3:Speed></ns3:TPX></Extensions></Trackpoint><Trackpoint><Time>2026-01-20T22:49:02Z</Time><HeartRateBpm><Value>107</Value></HeartRateBpm><Cadence>88</Cadence><Extensions><ns3:TPX><ns3:Speed>0.0</ns3:Speed></ns3:TPX></Extensions></Trackpoint><Trackpoint><Time>2026-01-20T22:49:08Z</Time><HeartRateBpm><Value>107</Value></HeartRateBpm><Cadence>88</Cadence><Extensions><ns3:TPX><ns3:Speed>0.0</ns3:Speed></ns3:TPX></Extensions></Trackpoint><Trackpoint><Time>2026-01-20T22:49:14Z</Time><HeartRateBpm><Value>106</Value></HeartRateBpm><Cadence>88</Cadence><Extensions><ns3:TPX><ns3:Speed>0.0</ns3:Speed></ns3:TPX></Extensions></Trackpoint><Trackpoint><Time>2026-01-20T22:49:17Z</Time><HeartRateBpm><Value>107</Value></HeartRateBpm><Cadence>88</Cadence><Extensions><ns3:TPX><ns3:Speed>0.0</ns3:Speed></ns3:TPX></Extensions></Trackpoint><Trackpoint><Time>2026-01-20T22:49:18Z</Time><HeartRateBpm><Value>106</Value></HeartRateBpm><Cadence>88</Cadence><Extensions><ns3:TPX><ns3:Speed>0.0</ns3:Speed></ns3:TPX></Extensions></Trackpoint><Trackpoint><Time>2026-01-20T22:49:20Z</Time><HeartRateBpm><Value>104</Value></HeartRateBpm><Cadence>88</Cadence><Extensions><ns3:TPX><ns3:Speed>0.0</ns3:Speed></ns3:TPX></Extensions></Trackpoint><Trackpoint><Time>2026-01-20T22:49:21Z</Time><HeartRateBpm><Value>103</Value></HeartRateBpm><Cadence>88</Cadence><Extensions><ns3:TPX><ns3:Speed>0.0</ns3:Speed></ns3:TPX></Extensions></Trackpoint><Trackpoint><Time>2026-01-20T22:49:22Z</Time><HeartRateBpm><Value>102</Value></HeartRateBpm><Cadence>88</Cadence><Extensions><ns3:TPX><ns3:Speed>0.0</ns3:Speed></ns3:TPX></Extensions></Trackpoint><Trackpoint><Time>2026-01-20T22:49:24Z</Time><HeartRateBpm><Value>103</Value></HeartRateBpm><Cadence>88</Cadence><Extensions><ns3:TPX><ns3:Speed>0.0</ns3:Speed></ns3:TPX></Extensions></Trackpoint><Trackpoint><Time>2026-01-20T22:49:26Z</Time><HeartRateBpm><Value>104</Value></HeartRateBpm><Cadence>88</Cadence><Extensions><ns3:TPX><ns3:Speed>0.0</ns3:Speed></ns3:TPX></Extensions></Trackpoint><Trackpoint><Time>2026-01-20T22:49:27Z</Time><HeartRateBpm><Value>103</Value></HeartRateBpm><Cadence>88</Cadence><Extensions><ns3:TPX><ns3:Speed>0.0</ns3:Speed></ns3:TPX></Extensions></Trackpoint><Trackpoint><Time>2026-01-20T22:49:28Z</Time><HeartRateBpm><Value>102</Value></HeartRateBpm><Cadence>88</Cadence><Extensions><ns3:TPX><ns3:Speed>0.0</ns3:Speed></ns3:TPX></Extensions></Trackpoint><Trackpoint><Time>2026-01-20T22:49:33Z</Time><HeartRateBpm><Value>104</Value></HeartRateBpm><Cadence>88</Cadence><Extensions><ns3:TPX><ns3:Speed>0.0</ns3:Speed></ns3:TPX></Extensions></Trackpoint><Trackpoint><Time>2026-01-20T22:49:36Z</Time><HeartRateBpm><Value>102</Value></HeartRateBpm><Cadence>88</Cadence><Extensions><ns3:TPX><ns3:Speed>0.0</ns3:Speed></ns3:TPX></Extensions></Trackpoint><Trackpoint><Time>2026-01-20T22:49:37Z</Time><HeartRateBpm><Value>101</Value></HeartRateBpm><Cadence>88</Cadence><Extensions><ns3:TPX><ns3:Speed>0.0</ns3:Speed></ns3:TPX></Extensions></Trackpoint><Trackpoint><Time>2026-01-20T22:49:42Z</Time><HeartRateBpm><Value>101</Value></HeartRateBpm><Cadence>88</Cadence><Extensions><ns3:TPX><ns3:Speed>0.0</ns3:Speed></ns3:TPX></Extensions></Trackpoint><Trackpoint><Time>2026-01-20T22:49:43Z</Time><HeartRateBpm><Value>100</Value></HeartRateBpm><Cadence>88</Cadence><Extensions><ns3:TPX><ns3:Speed>0.0</ns3:Speed></ns3:TPX></Extensions></Trackpoint><Trackpoint><Time>2026-01-20T22:49:48Z</Time><HeartRateBpm><Value>100</Value></HeartRateBpm><Cadence>88</Cadence><Extensions><ns3:TPX><ns3:Speed>0.0</ns3:Speed></ns3:TPX></Extensions></Trackpoint><Trackpoint><Time>2026-01-20T22:49:49Z</Time><HeartRateBpm><Value>99</Value></HeartRateBpm><Cadence>88</Cadence><Extensions><ns3:TPX><ns3:Speed>0.0</ns3:Speed></ns3:TPX></Extensions></Trackpoint><Trackpoint><Time>2026-01-20T22:49:53Z</Time><HeartRateBpm><Value>98</Value></HeartRateBpm><Cadence>88</Cadence><Extensions><ns3:TPX><ns3:Speed>0.0</ns3:Speed></ns3:TPX></Extensions></Trackpoint><Trackpoint><Time>2026-01-20T22:49:54Z</Time><HeartRateBpm><Value>97</Value></HeartRateBpm><Cadence>88</Cadence><Extensions><ns3:TPX><ns3:Speed>0.0</ns3:Speed></ns3:TPX></Extensions></Trackpoint><Trackpoint><Time>2026-01-20T22:49:59Z</Time><HeartRateBpm><Value>96</Value></HeartRateBpm><Cadence>88</Cadence><Extensions><ns3:TPX><ns3:Speed>0.0</ns3:Speed></ns3:TPX></Extensions></Trackpoint><Trackpoint><Time>2026-01-20T22:50:01Z</Time><HeartRateBpm><Value>97</Value></HeartRateBpm><Cadence>88</Cadence><Extensions><ns3:TPX><ns3:Speed>0.0</ns3:Speed></ns3:TPX></Extensions></Trackpoint><Trackpoint><Time>2026-01-20T22:50:06Z</Time><HeartRateBpm><Value>97</Value></HeartRateBpm><Cadence>88</Cadence><Extensions><ns3:TPX><ns3:Speed>0.0</ns3:Speed></ns3:TPX></Extensions></Trackpoint><Trackpoint><Time>2026-01-20T22:50:11Z</Time><HeartRateBpm><Value>97</Value></HeartRateBpm><Cadence>88</Cadence><Extensions><ns3:TPX><ns3:Speed>0.0</ns3:Speed></ns3:TPX></Extensions></Trackpoint><Trackpoint><Time>2026-01-20T22:50:13Z</Time><HeartRateBpm><Value>96</Value></HeartRateBpm><Cadence>88</Cadence><Extensions><ns3:TPX><ns3:Speed>0.0</ns3:Speed></ns3:TPX></Extensions></Trackpoint><Trackpoint><Time>2026-01-20T22:50:15Z</Time><HeartRateBpm><Value>95</Value></HeartRateBpm><Cadence>88</Cadence><Extensions><ns3:TPX><ns3:Speed>0.0</ns3:Speed></ns3:TPX></Extensions></Trackpoint><Trackpoint><Time>2026-01-20T22:50:21Z</Time><HeartRateBpm><Value>95</Value></HeartRateBpm><Cadence>88</Cadence><Extensions><ns3:TPX><ns3:Speed>0.0</ns3:Speed></ns3:TPX></Extensions></Trackpoint><Trackpoint><Time>2026-01-20T22:50:22Z</Time><HeartRateBpm><Value>96</Value></HeartRateBpm><Cadence>88</Cadence><Extensions><ns3:TPX><ns3:Speed>0.0</ns3:Speed></ns3:TPX></Extensions></Trackpoint><Trackpoint><Time>2026-01-20T22:50:25Z</Time><HeartRateBpm><Value>98</Value></HeartRateBpm><Cadence>88</Cadence><Extensions><ns3:TPX><ns3:Speed>0.0</ns3:Speed></ns3:TPX></Extensions></Trackpoint><Trackpoint><Time>2026-01-20T22:50:27Z</Time><HeartRateBpm><Value>99</Value></HeartRateBpm><Cadence>88</Cadence><Extensions><ns3:TPX><ns3:Speed>0.0</ns3:Speed></ns3:TPX></Extensions></Trackpoint><Trackpoint><Time>2026-01-20T22:50:30Z</Time><HeartRateBpm><Value>100</Value></HeartRateBpm><Cadence>88</Cadence><Extensions><ns3:TPX><ns3:Speed>0.0</ns3:Speed></ns3:TPX></Extensions></Trackpoint><Trackpoint><Time>2026-01-20T22:50:33Z</Time><HeartRateBpm><Value>99</Value></HeartRateBpm><Cadence>88</Cadence><Extensions><ns3:TPX><ns3:Speed>0.0</ns3:Speed></ns3:TPX></Extensions></Trackpoint><Trackpoint><Time>2026-01-20T22:50:34Z</Time><HeartRateBpm><Value>98</Value></HeartRateBpm><Cadence>88</Cadence><Extensions><ns3:TPX><ns3:Speed>0.0</ns3:Speed></ns3:TPX></Extensions></Trackpoint><Trackpoint><Time>2026-01-20T22:50:35Z</Time><HeartRateBpm><Value>97</Value></HeartRateBpm><Cadence>88</Cadence><Extensions><ns3:TPX><ns3:Speed>0.0</ns3:Speed></ns3:TPX></Extensions></Trackpoint><Trackpoint><Time>2026-01-20T22:50:36Z</Time><HeartRateBpm><Value>96</Value></HeartRateBpm><Cadence>88</Cadence><Extensions><ns3:TPX><ns3:Speed>0.0</ns3:Speed></ns3:TPX></Extensions></Trackpoint><Trackpoint><Time>2026-01-20T22:50:37Z</Time><HeartRateBpm><Value>95</Value></HeartRateBpm><Cadence>88</Cadence><Extensions><ns3:TPX><ns3:Speed>0.0</ns3:Speed></ns3:TPX></Extensions></Trackpoint><Trackpoint><Time>2026-01-20T22:50:38Z</Time><HeartRateBpm><Value>94</Value></HeartRateBpm><Cadence>88</Cadence><Extensions><ns3:TPX><ns3:Speed>0.0</ns3:Speed></ns3:TPX></Extensions></Trackpoint><Trackpoint><Time>2026-01-20T22:50:40Z</Time><HeartRateBpm><Value>93</Value></HeartRateBpm><Cadence>88</Cadence><Extensions><ns3:TPX><ns3:Speed>0.0</ns3:Speed></ns3:TPX></Extensions></Trackpoint><Trackpoint><Time>2026-01-20T22:50:43Z</Time><HeartRateBpm><Value>94</Value></HeartRateBpm><Cadence>88</Cadence><Extensions><ns3:TPX><ns3:Speed>0.0</ns3:Speed></ns3:TPX></Extensions></Trackpoint><Trackpoint><Time>2026-01-20T22:50:48Z</Time><HeartRateBpm><Value>95</Value></HeartRateBpm><Cadence>88</Cadence><Extensions><ns3:TPX><ns3:Speed>0.0</ns3:Speed></ns3:TPX></Extensions></Trackpoint><Trackpoint><Time>2026-01-20T22:50:50Z</Time><HeartRateBpm><Value>96</Value></HeartRateBpm><Cadence>88</Cadence><Extensions><ns3:TPX><ns3:Speed>0.0</ns3:Speed></ns3:TPX></Extensions></Trackpoint><Trackpoint><Time>2026-01-20T22:50:52Z</Time><HeartRateBpm><Value>97</Value></HeartRateBpm><Cadence>88</Cadence><Extensions><ns3:TPX><ns3:Speed>0.0</ns3:Speed></ns3:TPX></Extensions></Trackpoint><Trackpoint><Time>2026-01-20T22:50:58Z</Time><HeartRateBpm><Value>99</Value></HeartRateBpm><Cadence>88</Cadence><Extensions><ns3:TPX><ns3:Speed>0.0</ns3:Speed></ns3:TPX></Extensions></Trackpoint><Trackpoint><Time>2026-01-20T22:50:59Z</Time><HeartRateBpm><Value>101</Value></HeartRateBpm><Cadence>88</Cadence><Extensions><ns3:TPX><ns3:Speed>0.0</ns3:Speed></ns3:TPX></Extensions></Trackpoint><Trackpoint><Time>2026-01-20T22:51:00Z</Time><HeartRateBpm><Value>104</Value></HeartRateBpm><Cadence>88</Cadence><Extensions><ns3:TPX><ns3:Speed>0.0</ns3:Speed></ns3:TPX></Extensions></Trackpoint><Trackpoint><Time>2026-01-20T22:51:01Z</Time><HeartRateBpm><Value>105</Value></HeartRateBpm><Cadence>88</Cadence><Extensions><ns3:TPX><ns3:Speed>0.0</ns3:Speed></ns3:TPX></Extensions></Trackpoint><Trackpoint><Time>2026-01-20T22:51:02Z</Time><HeartRateBpm><Value>100</Value></HeartRateBpm><Cadence>88</Cadence><Extensions><ns3:TPX><ns3:Speed>0.0</ns3:Speed></ns3:TPX></Extensions></Trackpoint><Trackpoint><Time>2026-01-20T22:51:05Z</Time><HeartRateBpm><Value>98</Value></HeartRateBpm><Cadence>88</Cadence><Extensions><ns3:TPX><ns3:Speed>0.0</ns3:Speed></ns3:TPX></Extensions></Trackpoint><Trackpoint><Time>2026-01-20T22:51:06Z</Time><HeartRateBpm><Value>96</Value></HeartRateBpm><Cadence>88</Cadence><Extensions><ns3:TPX><ns3:Speed>0.0</ns3:Speed></ns3:TPX></Extensions></Trackpoint><Trackpoint><Time>2026-01-20T22:51:07Z</Time><HeartRateBpm><Value>95</Value></HeartRateBpm><Cadence>88</Cadence><Extensions><ns3:TPX><ns3:Speed>0.0</ns3:Speed></ns3:TPX></Extensions></Trackpoint><Trackpoint><Time>2026-01-20T22:51:08Z</Time><HeartRateBpm><Value>94</Value></HeartRateBpm><Cadence>88</Cadence><Extensions><ns3:TPX><ns3:Speed>0.0</ns3:Speed></ns3:TPX></Extensions></Trackpoint><Trackpoint><Time>2026-01-20T22:51:10Z</Time><HeartRateBpm><Value>91</Value></HeartRateBpm><Cadence>88</Cadence><Extensions><ns3:TPX><ns3:Speed>0.0</ns3:Speed></ns3:TPX></Extensions></Trackpoint><Trackpoint><Time>2026-01-20T22:51:13Z</Time><HeartRateBpm><Value>92</Value></HeartRateBpm><Cadence>88</Cadence><Extensions><ns3:TPX><ns3:Speed>0.0</ns3:Speed></ns3:TPX></Extensions></Trackpoint><Trackpoint><Time>2026-01-20T22:51:17Z</Time><HeartRateBpm><Value>93</Value></HeartRateBpm><Cadence>88</Cadence><Extensions><ns3:TPX><ns3:Speed>0.0</ns3:Speed></ns3:TPX></Extensions></Trackpoint><Trackpoint><Time>2026-01-20T22:51:20Z</Time><HeartRateBpm><Value>95</Value></HeartRateBpm><Cadence>88</Cadence><Extensions><ns3:TPX><ns3:Speed>0.0</ns3:Speed></ns3:TPX></Extensions></Trackpoint><Trackpoint><Time>2026-01-20T22:51:21Z</Time><HeartRateBpm><Value>97</Value></HeartRateBpm><Cadence>88</Cadence><Extensions><ns3:TPX><ns3:Speed>0.0</ns3:Speed></ns3:TPX></Extensions></Trackpoint><Trackpoint><Time>2026-01-20T22:51:22Z</Time><HeartRateBpm><Value>98</Value></HeartRateBpm><Cadence>88</Cadence><Extensions><ns3:TPX><ns3:Speed>0.0</ns3:Speed></ns3:TPX></Extensions></Trackpoint><Trackpoint><Time>2026-01-20T22:51:24Z</Time><HeartRateBpm><Value>99</Value></HeartRateBpm><Cadence>88</Cadence><Extensions><ns3:TPX><ns3:Speed>0.0</ns3:Speed></ns3:TPX></Extensions></Trackpoint><Trackpoint><Time>2026-01-20T22:51:29Z</Time><HeartRateBpm><Value>100</Value></HeartRateBpm><Cadence>88</Cadence><Extensions><ns3:TPX><ns3:Speed>0.0</ns3:Speed></ns3:TPX></Extensions></Trackpoint><Trackpoint><Time>2026-01-20T22:51:30Z</Time><HeartRateBpm><Value>99</Value></HeartRateBpm><Cadence>88</Cadence><Extensions><ns3:TPX><ns3:Speed>0.0</ns3:Speed></ns3:TPX></Extensions></Trackpoint><Trackpoint><Time>2026-01-20T22:51:31Z</Time><HeartRateBpm><Value>98</Value></HeartRateBpm><Cadence>88</Cadence><Extensions><ns3:TPX><ns3:Speed>0.0</ns3:Speed></ns3:TPX></Extensions></Trackpoint><Trackpoint><Time>2026-01-20T22:51:33Z</Time><HeartRateBpm><Value>97</Value></HeartRateBpm><Cadence>88</Cadence><Extensions><ns3:TPX><ns3:Speed>0.0</ns3:Speed></ns3:TPX></Extensions></Trackpoint><Trackpoint><Time>2026-01-20T22:51:36Z</Time><HeartRateBpm><Value>98</Value></HeartRateBpm><Cadence>88</Cadence><Extensions><ns3:TPX><ns3:Speed>0.0</ns3:Speed></ns3:TPX></Extensions></Trackpoint><Trackpoint><Time>2026-01-20T22:51:37Z</Time><HeartRateBpm><Value>99</Value></HeartRateBpm><Cadence>88</Cadence><Extensions><ns3:TPX><ns3:Speed>0.0</ns3:Speed></ns3:TPX></Extensions></Trackpoint><Trackpoint><Time>2026-01-20T22:51:42Z</Time><HeartRateBpm><Value>99</Value></HeartRateBpm><Cadence>88</Cadence><Extensions><ns3:TPX><ns3:Speed>0.0</ns3:Speed></ns3:TPX></Extensions></Trackpoint><Trackpoint><Time>2026-01-20T22:51:45Z</Time><HeartRateBpm><Value>98</Value></HeartRateBpm><Cadence>88</Cadence><Extensions><ns3:TPX><ns3:Speed>0.0</ns3:Speed></ns3:TPX></Extensions></Trackpoint><Trackpoint><Time>2026-01-20T22:51:46Z</Time><HeartRateBpm><Value>97</Value></HeartRateBpm><Cadence>88</Cadence><Extensions><ns3:TPX><ns3:Speed>0.0</ns3:Speed></ns3:TPX></Extensions></Trackpoint><Trackpoint><Time>2026-01-20T22:51:48Z</Time><HeartRateBpm><Value>98</Value></HeartRateBpm><Cadence>88</Cadence><Extensions><ns3:TPX><ns3:Speed>0.0</ns3:Speed></ns3:TPX></Extensions></Trackpoint><Trackpoint><Time>2026-01-20T22:51:51Z</Time><HeartRateBpm><Value>100</Value></HeartRateBpm><Cadence>88</Cadence><Extensions><ns3:TPX><ns3:Speed>0.0</ns3:Speed></ns3:TPX></Extensions></Trackpoint><Trackpoint><Time>2026-01-20T22:51:52Z</Time><HeartRateBpm><Value>101</Value></HeartRateBpm><Cadence>88</Cadence><Extensions><ns3:TPX><ns3:Speed>0.0</ns3:Speed></ns3:TPX></Extensions></Trackpoint><Trackpoint><Time>2026-01-20T22:51:53Z</Time><HeartRateBpm><Value>102</Value></HeartRateBpm><Cadence>88</Cadence><Extensions><ns3:TPX><ns3:Speed>0.0</ns3:Speed></ns3:TPX></Extensions></Trackpoint><Trackpoint><Time>2026-01-20T22:51:54Z</Time><HeartRateBpm><Value>103</Value></HeartRateBpm><Cadence>88</Cadence><Extensions><ns3:TPX><ns3:Speed>0.0</ns3:Speed></ns3:TPX></Extensions></Trackpoint><Trackpoint><Time>2026-01-20T22:51:58Z</Time><HeartRateBpm><Value>104</Value></HeartRateBpm><Cadence>88</Cadence><Extensions><ns3:TPX><ns3:Speed>0.0</ns3:Speed></ns3:TPX></Extensions></Trackpoint><Trackpoint><Time>2026-01-20T22:51:59Z</Time><HeartRateBpm><Value>105</Value></HeartRateBpm><Cadence>88</Cadence><Extensions><ns3:TPX><ns3:Speed>0.0</ns3:Speed></ns3:TPX></Extensions></Trackpoint><Trackpoint><Time>2026-01-20T22:52:00Z</Time><HeartRateBpm><Value>106</Value></HeartRateBpm><Cadence>88</Cadence><Extensions><ns3:TPX><ns3:Speed>0.0</ns3:Speed></ns3:TPX></Extensions></Trackpoint><Trackpoint><Time>2026-01-20T22:52:03Z</Time><HeartRateBpm><Value>105</Value></HeartRateBpm><Cadence>88</Cadence><Extensions><ns3:TPX><ns3:Speed>0.0</ns3:Speed></ns3:TPX></Extensions></Trackpoint><Trackpoint><Time>2026-01-20T22:52:04Z</Time><HeartRateBpm><Value>104</Value></HeartRateBpm><Cadence>88</Cadence><Extensions><ns3:TPX><ns3:Speed>0.0</ns3:Speed></ns3:TPX></Extensions></Trackpoint><Trackpoint><Time>2026-01-20T22:52:05Z</Time><HeartRateBpm><Value>103</Value></HeartRateBpm><Cadence>88</Cadence><Extensions><ns3:TPX><ns3:Speed>0.0</ns3:Speed></ns3:TPX></Extensions></Trackpoint><Trackpoint><Time>2026-01-20T22:52:10Z</Time><HeartRateBpm><Value>104</Value></HeartRateBpm><Cadence>88</Cadence><Extensions><ns3:TPX><ns3:Speed>0.0</ns3:Speed></ns3:TPX></Extensions></Trackpoint><Trackpoint><Time>2026-01-20T22:52:11Z</Time><HeartRateBpm><Value>105</Value></HeartRateBpm><Cadence>88</Cadence><Extensions><ns3:TPX><ns3:Speed>0.0</ns3:Speed></ns3:TPX></Extensions></Trackpoint><Trackpoint><Time>2026-01-20T22:52:12Z</Time><HeartRateBpm><Value>106</Value></HeartRateBpm><Cadence>88</Cadence><Extensions><ns3:TPX><ns3:Speed>0.0</ns3:Speed></ns3:TPX></Extensions></Trackpoint><Trackpoint><Time>2026-01-20T22:52:15Z</Time><HeartRateBpm><Value>105</Value></HeartRateBpm><Cadence>88</Cadence><Extensions><ns3:TPX><ns3:Speed>0.0</ns3:Speed></ns3:TPX></Extensions></Trackpoint><Trackpoint><Time>2026-01-20T22:52:18Z</Time><HeartRateBpm><Value>104</Value></HeartRateBpm><Cadence>88</Cadence><Extensions><ns3:TPX><ns3:Speed>0.0</ns3:Speed></ns3:TPX></Extensions></Trackpoint><Trackpoint><Time>2026-01-20T22:52:19Z</Time><HeartRateBpm><Value>103</Value></HeartRateBpm><Cadence>88</Cadence><Extensions><ns3:TPX><ns3:Speed>0.0</ns3:Speed></ns3:TPX></Extensions></Trackpoint><Trackpoint><Time>2026-01-20T22:52:21Z</Time><HeartRateBpm><Value>102</Value></HeartRateBpm><Cadence>88</Cadence><Extensions><ns3:TPX><ns3:Speed>0.0</ns3:Speed></ns3:TPX></Extensions></Trackpoint><Trackpoint><Time>2026-01-20T22:52:22Z</Time><HeartRateBpm><Value>103</Value></HeartRateBpm><Cadence>88</Cadence><Extensions><ns3:TPX><ns3:Speed>0.0</ns3:Speed></ns3:TPX></Extensions></Trackpoint><Trackpoint><Time>2026-01-20T22:52:23Z</Time><HeartRateBpm><Value>102</Value></HeartRateBpm><Cadence>88</Cadence><Extensions><ns3:TPX><ns3:Speed>0.0</ns3:Speed></ns3:TPX></Extensions></Trackpoint><Trackpoint><Time>2026-01-20T22:52:26Z</Time><HeartRateBpm><Value>103</Value></HeartRateBpm><Cadence>88</Cadence><Extensions><ns3:TPX><ns3:Speed>0.0</ns3:Speed></ns3:TPX></Extensions></Trackpoint><Trackpoint><Time>2026-01-20T22:52:28Z</Time><HeartRateBpm><Value>105</Value></HeartRateBpm><Cadence>88</Cadence><Extensions><ns3:TPX><ns3:Speed>0.0</ns3:Speed></ns3:TPX></Extensions></Trackpoint><Trackpoint><Time>2026-01-20T22:52:30Z</Time><HeartRateBpm><Value>106</Value></HeartRateBpm><Cadence>88</Cadence><Extensions><ns3:TPX><ns3:Speed>0.0</ns3:Speed></ns3:TPX></Extensions></Trackpoint><Trackpoint><Time>2026-01-20T22:52:32Z</Time><HeartRateBpm><Value>105</Value></HeartRateBpm><Cadence>88</Cadence><Extensions><ns3:TPX><ns3:Speed>0.0</ns3:Speed></ns3:TPX></Extensions></Trackpoint><Trackpoint><Time>2026-01-20T22:52:37Z</Time><HeartRateBpm><Value>105</Value></HeartRateBpm><Cadence>88</Cadence><Extensions><ns3:TPX><ns3:Speed>0.0</ns3:Speed></ns3:TPX></Extensions></Trackpoint><Trackpoint><Time>2026-01-20T22:52:42Z</Time><HeartRateBpm><Value>105</Value></HeartRateBpm><Cadence>88</Cadence><Extensions><ns3:TPX><ns3:Speed>0.0</ns3:Speed></ns3:TPX></Extensions></Trackpoint><Trackpoint><Time>2026-01-20T22:52:44Z</Time><HeartRateBpm><Value>104</Value></HeartRateBpm><Cadence>88</Cadence><Extensions><ns3:TPX><ns3:Speed>0.0</ns3:Speed></ns3:TPX></Extensions></Trackpoint><Trackpoint><Time>2026-01-20T22:52:47Z</Time><HeartRateBpm><Value>103</Value></HeartRateBpm><Cadence>88</Cadence><Extensions><ns3:TPX><ns3:Speed>0.0</ns3:Speed></ns3:TPX></Extensions></Trackpoint><Trackpoint><Time>2026-01-20T22:52:50Z</Time><HeartRateBpm><Value>102</Value></HeartRateBpm><Cadence>88</Cadence><Extensions><ns3:TPX><ns3:Speed>0.0</ns3:Speed></ns3:TPX></Extensions></Trackpoint><Trackpoint><Time>2026-01-20T22:52:52Z</Time><HeartRateBpm><Value>101</Value></HeartRateBpm><Cadence>88</Cadence><Extensions><ns3:TPX><ns3:Speed>0.0</ns3:Speed></ns3:TPX></Extensions></Trackpoint><Trackpoint><Time>2026-01-20T22:52:54Z</Time><HeartRateBpm><Value>102</Value></HeartRateBpm><Cadence>88</Cadence><Extensions><ns3:TPX><ns3:Speed>0.0</ns3:Speed></ns3:TPX></Extensions></Trackpoint><Trackpoint><Time>2026-01-20T22:52:59Z</Time><HeartRateBpm><Value>102</Value></HeartRateBpm><Cadence>88</Cadence><Extensions><ns3:TPX><ns3:Speed>0.0</ns3:Speed></ns3:TPX></Extensions></Trackpoint><Trackpoint><Time>2026-01-20T22:53:02Z</Time><HeartRateBpm><Value>101</Value></HeartRateBpm><Cadence>88</Cadence><Extensions><ns3:TPX><ns3:Speed>0.0</ns3:Speed></ns3:TPX></Extensions></Trackpoint><Trackpoint><Time>2026-01-20T22:53:04Z</Time><HeartRateBpm><Value>100</Value></HeartRateBpm><Cadence>88</Cadence><Extensions><ns3:TPX><ns3:Speed>0.0</ns3:Speed></ns3:TPX></Extensions></Trackpoint><Trackpoint><Time>2026-01-20T22:53:07Z</Time><HeartRateBpm><Value>99</Value></HeartRateBpm><Cadence>88</Cadence><Extensions><ns3:TPX><ns3:Speed>0.0</ns3:Speed></ns3:TPX></Extensions></Trackpoint><Trackpoint><Time>2026-01-20T22:53:08Z</Time><HeartRateBpm><Value>98</Value></HeartRateBpm><Cadence>88</Cadence><Extensions><ns3:TPX><ns3:Speed>0.0</ns3:Speed></ns3:TPX></Extensions></Trackpoint><Trackpoint><Time>2026-01-20T22:53:11Z</Time><HeartRateBpm><Value>96</Value></HeartRateBpm><Cadence>88</Cadence><Extensions><ns3:TPX><ns3:Speed>0.0</ns3:Speed></ns3:TPX></Extensions></Trackpoint><Trackpoint><Time>2026-01-20T22:53:12Z</Time><HeartRateBpm><Value>95</Value></HeartRateBpm><Cadence>88</Cadence><Extensions><ns3:TPX><ns3:Speed>0.0</ns3:Speed></ns3:TPX></Extensions></Trackpoint><Trackpoint><Time>2026-01-20T22:53:15Z</Time><HeartRateBpm><Value>97</Value></HeartRateBpm><Cadence>88</Cadence><Extensions><ns3:TPX><ns3:Speed>0.0</ns3:Speed></ns3:TPX></Extensions></Trackpoint><Trackpoint><Time>2026-01-20T22:53:17Z</Time><HeartRateBpm><Value>98</Value></HeartRateBpm><Cadence>88</Cadence><Extensions><ns3:TPX><ns3:Speed>0.0</ns3:Speed></ns3:TPX></Extensions></Trackpoint><Trackpoint><Time>2026-01-20T22:53:19Z</Time><HeartRateBpm><Value>99</Value></HeartRateBpm><Cadence>88</Cadence><Extensions><ns3:TPX><ns3:Speed>0.0</ns3:Speed></ns3:TPX></Extensions></Trackpoint><Trackpoint><Time>2026-01-20T22:53:20Z</Time><HeartRateBpm><Value>101</Value></HeartRateBpm><Cadence>88</Cadence><Extensions><ns3:TPX><ns3:Speed>0.0</ns3:Speed></ns3:TPX></Extensions></Trackpoint><Trackpoint><Time>2026-01-20T22:53:23Z</Time><HeartRateBpm><Value>100</Value></HeartRateBpm><Cadence>88</Cadence><Extensions><ns3:TPX><ns3:Speed>0.0</ns3:Speed></ns3:TPX></Extensions></Trackpoint><Trackpoint><Time>2026-01-20T22:53:25Z</Time><HeartRateBpm><Value>99</Value></HeartRateBpm><Cadence>88</Cadence><Extensions><ns3:TPX><ns3:Speed>0.0</ns3:Speed></ns3:TPX></Extensions></Trackpoint><Trackpoint><Time>2026-01-20T22:53:30Z</Time><HeartRateBpm><Value>100</Value></HeartRateBpm><Cadence>88</Cadence><Extensions><ns3:TPX><ns3:Speed>0.0</ns3:Speed></ns3:TPX></Extensions></Trackpoint><Trackpoint><Time>2026-01-20T22:53:35Z</Time><HeartRateBpm><Value>99</Value></HeartRateBpm><Cadence>88</Cadence><Extensions><ns3:TPX><ns3:Speed>0.0</ns3:Speed></ns3:TPX></Extensions></Trackpoint><Trackpoint><Time>2026-01-20T22:53:41Z</Time><HeartRateBpm><Value>101</Value></HeartRateBpm><Cadence>88</Cadence><Extensions><ns3:TPX><ns3:Speed>0.0</ns3:Speed></ns3:TPX></Extensions></Trackpoint><Trackpoint><Time>2026-01-20T22:53:42Z</Time><HeartRateBpm><Value>102</Value></HeartRateBpm><Cadence>88</Cadence><Extensions><ns3:TPX><ns3:Speed>0.0</ns3:Speed></ns3:TPX></Extensions></Trackpoint><Trackpoint><Time>2026-01-20T22:53:47Z</Time><HeartRateBpm><Value>101</Value></HeartRateBpm><Cadence>88</Cadence><Extensions><ns3:TPX><ns3:Speed>0.0</ns3:Speed></ns3:TPX></Extensions></Trackpoint><Trackpoint><Time>2026-01-20T22:53:51Z</Time><HeartRateBpm><Value>99</Value></HeartRateBpm><Cadence>88</Cadence><Extensions><ns3:TPX><ns3:Speed>0.0</ns3:Speed></ns3:TPX></Extensions></Trackpoint><Trackpoint><Time>2026-01-20T22:53:56Z</Time><HeartRateBpm><Value>99</Value></HeartRateBpm><Cadence>88</Cadence><Extensions><ns3:TPX><ns3:Speed>0.0</ns3:Speed></ns3:TPX></Extensions></Trackpoint><Trackpoint><Time>2026-01-20T22:54:01Z</Time><HeartRateBpm><Value>99</Value></HeartRateBpm><Cadence>88</Cadence><Extensions><ns3:TPX><ns3:Speed>0.0</ns3:Speed></ns3:TPX></Extensions></Trackpoint><Trackpoint><Time>2026-01-20T22:54:02Z</Time><HeartRateBpm><Value>98</Value></HeartRateBpm><Cadence>88</Cadence><Extensions><ns3:TPX><ns3:Speed>0.0</ns3:Speed></ns3:TPX></Extensions></Trackpoint><Trackpoint><Time>2026-01-20T22:54:07Z</Time><HeartRateBpm><Value>98</Value></HeartRateBpm><Cadence>88</Cadence><Extensions><ns3:TPX><ns3:Speed>0.0</ns3:Speed></ns3:TPX></Extensions></Trackpoint><Trackpoint><Time>2026-01-20T22:54:12Z</Time><HeartRateBpm><Value>98</Value></HeartRateBpm><Cadence>88</Cadence><Extensions><ns3:TPX><ns3:Speed>0.0</ns3:Speed></ns3:TPX></Extensions></Trackpoint><Trackpoint><Time>2026-01-20T22:54:13Z</Time><HeartRateBpm><Value>99</Value></HeartRateBpm><Cadence>88</Cadence><Extensions><ns3:TPX><ns3:Speed>0.0</ns3:Speed></ns3:TPX></Extensions></Trackpoint><Trackpoint><Time>2026-01-20T22:54:18Z</Time><HeartRateBpm><Value>98</Value></HeartRateBpm><Cadence>88</Cadence><Extensions><ns3:TPX><ns3:Speed>0.0</ns3:Speed></ns3:TPX></Extensions></Trackpoint><Trackpoint><Time>2026-01-20T22:54:24Z</Time><HeartRateBpm><Value>99</Value></HeartRateBpm><Cadence>88</Cadence><Extensions><ns3:TPX><ns3:Speed>0.0</ns3:Speed></ns3:TPX></Extensions></Trackpoint><Trackpoint><Time>2026-01-20T22:54:25Z</Time><HeartRateBpm><Value>98</Value></HeartRateBpm><Cadence>88</Cadence><Extensions><ns3:TPX><ns3:Speed>0.0</ns3:Speed></ns3:TPX></Extensions></Trackpoint><Trackpoint><Time>2026-01-20T22:54:27Z</Time><HeartRateBpm><Value>97</Value></HeartRateBpm><Cadence>88</Cadence><Extensions><ns3:TPX><ns3:Speed>0.0</ns3:Speed></ns3:TPX></Extensions></Trackpoint><Trackpoint><Time>2026-01-20T22:54:32Z</Time><HeartRateBpm><Value>97</Value></HeartRateBpm><Cadence>88</Cadence><Extensions><ns3:TPX><ns3:Speed>0.0</ns3:Speed></ns3:TPX></Extensions></Trackpoint><Trackpoint><Time>2026-01-20T22:54:37Z</Time><HeartRateBpm><Value>96</Value></HeartRateBpm><Cadence>88</Cadence><Extensions><ns3:TPX><ns3:Speed>0.0</ns3:Speed></ns3:TPX></Extensions></Trackpoint><Trackpoint><Time>2026-01-20T22:54:39Z</Time><HeartRateBpm><Value>97</Value></HeartRateBpm><Cadence>88</Cadence><Extensions><ns3:TPX><ns3:Speed>0.0</ns3:Speed></ns3:TPX></Extensions></Trackpoint><Trackpoint><Time>2026-01-20T22:54:42Z</Time><HeartRateBpm><Value>98</Value></HeartRateBpm><Cadence>88</Cadence><Extensions><ns3:TPX><ns3:Speed>0.0</ns3:Speed></ns3:TPX></Extensions></Trackpoint><Trackpoint><Time>2026-01-20T22:54:43Z</Time><HeartRateBpm><Value>97</Value></HeartRateBpm><Cadence>88</Cadence><Extensions><ns3:TPX><ns3:Speed>0.0</ns3:Speed></ns3:TPX></Extensions></Trackpoint><Trackpoint><Time>2026-01-20T22:54:44Z</Time><HeartRateBpm><Value>96</Value></HeartRateBpm><Cadence>88</Cadence><Extensions><ns3:TPX><ns3:Speed>0.0</ns3:Speed></ns3:TPX></Extensions></Trackpoint><Trackpoint><Time>2026-01-20T22:54:48Z</Time><HeartRateBpm><Value>95</Value></HeartRateBpm><Cadence>88</Cadence><Extensions><ns3:TPX><ns3:Speed>0.0</ns3:Speed></ns3:TPX></Extensions></Trackpoint><Trackpoint><Time>2026-01-20T22:54:49Z</Time><HeartRateBpm><Value>93</Value></HeartRateBpm><Cadence>88</Cadence><Extensions><ns3:TPX><ns3:Speed>0.0</ns3:Speed></ns3:TPX></Extensions></Trackpoint><Trackpoint><Time>2026-01-20T22:54:50Z</Time><HeartRateBpm><Value>92</Value></HeartRateBpm><Cadence>88</Cadence><Extensions><ns3:TPX><ns3:Speed>0.0</ns3:Speed></ns3:TPX></Extensions></Trackpoint><Trackpoint><Time>2026-01-20T22:54:52Z</Time><HeartRateBpm><Value>93</Value></HeartRateBpm><Cadence>88</Cadence><Extensions><ns3:TPX><ns3:Speed>0.0</ns3:Speed></ns3:TPX></Extensions></Trackpoint><Trackpoint><Time>2026-01-20T22:54:57Z</Time><HeartRateBpm><Value>93</Value></HeartRateBpm><Cadence>88</Cadence><Extensions><ns3:TPX><ns3:Speed>0.0</ns3:Speed></ns3:TPX></Extensions></Trackpoint><Trackpoint><Time>2026-01-20T22:55:00Z</Time><HeartRateBpm><Value>94</Value></HeartRateBpm><Cadence>88</Cadence><Extensions><ns3:TPX><ns3:Speed>0.0</ns3:Speed></ns3:TPX></Extensions></Trackpoint><Trackpoint><Time>2026-01-20T22:55:04Z</Time><HeartRateBpm><Value>94</Value></HeartRateBpm><Cadence>88</Cadence><Extensions><ns3:TPX><ns3:Speed>0.0</ns3:Speed></ns3:TPX></Extensions></Trackpoint><Trackpoint><Time>2026-01-20T22:55:05Z</Time><HeartRateBpm><Value>95</Value></HeartRateBpm><Cadence>88</Cadence><Extensions><ns3:TPX><ns3:Speed>0.0</ns3:Speed></ns3:TPX></Extensions></Trackpoint><Trackpoint><Time>2026-01-20T22:55:07Z</Time><HeartRateBpm><Value>97</Value></HeartRateBpm><Cadence>88</Cadence><Extensions><ns3:TPX><ns3:Speed>0.0</ns3:Speed></ns3:TPX></Extensions></Trackpoint><Trackpoint><Time>2026-01-20T22:55:11Z</Time><HeartRateBpm><Value>98</Value></HeartRateBpm><Cadence>88</Cadence><Extensions><ns3:TPX><ns3:Speed>0.0</ns3:Speed></ns3:TPX></Extensions></Trackpoint><Trackpoint><Time>2026-01-20T22:55:14Z</Time><HeartRateBpm><Value>99</Value></HeartRateBpm><Cadence>88</Cadence><Extensions><ns3:TPX><ns3:Speed>0.0</ns3:Speed></ns3:TPX></Extensions></Trackpoint><Trackpoint><Time>2026-01-20T22:55:15Z</Time><HeartRateBpm><Value>101</Value></HeartRateBpm><Cadence>88</Cadence><Extensions><ns3:TPX><ns3:Speed>0.0</ns3:Speed></ns3:TPX></Extensions></Trackpoint><Trackpoint><Time>2026-01-20T22:55:19Z</Time><HeartRateBpm><Value>102</Value></HeartRateBpm><Cadence>88</Cadence><Extensions><ns3:TPX><ns3:Speed>0.0</ns3:Speed></ns3:TPX></Extensions></Trackpoint><Trackpoint><Time>2026-01-20T22:55:21Z</Time><HeartRateBpm><Value>101</Value></HeartRateBpm><Cadence>88</Cadence><Extensions><ns3:TPX><ns3:Speed>0.0</ns3:Speed></ns3:TPX></Extensions></Trackpoint><Trackpoint><Time>2026-01-20T22:55:25Z</Time><HeartRateBpm><Value>102</Value></HeartRateBpm><Cadence>88</Cadence><Extensions><ns3:TPX><ns3:Speed>0.0</ns3:Speed></ns3:TPX></Extensions></Trackpoint><Trackpoint><Time>2026-01-20T22:55:26Z</Time><HeartRateBpm><Value>103</Value></HeartRateBpm><Cadence>88</Cadence><Extensions><ns3:TPX><ns3:Speed>0.0</ns3:Speed></ns3:TPX></Extensions></Trackpoint><Trackpoint><Time>2026-01-20T22:55:27Z</Time><HeartRateBpm><Value>104</Value></HeartRateBpm><Cadence>88</Cadence><Extensions><ns3:TPX><ns3:Speed>0.0</ns3:Speed></ns3:TPX></Extensions></Trackpoint><Trackpoint><Time>2026-01-20T22:55:29Z</Time><HeartRateBpm><Value>105</Value></HeartRateBpm><Cadence>88</Cadence><Extensions><ns3:TPX><ns3:Speed>0.0</ns3:Speed></ns3:TPX></Extensions></Trackpoint><Trackpoint><Time>2026-01-20T22:55:31Z</Time><HeartRateBpm><Value>106</Value></HeartRateBpm><Cadence>88</Cadence><Extensions><ns3:TPX><ns3:Speed>0.0</ns3:Speed></ns3:TPX></Extensions></Trackpoint><Trackpoint><Time>2026-01-20T22:55:32Z</Time><HeartRateBpm><Value>107</Value></HeartRateBpm><Cadence>88</Cadence><Extensions><ns3:TPX><ns3:Speed>0.0</ns3:Speed></ns3:TPX></Extensions></Trackpoint><Trackpoint><Time>2026-01-20T22:55:34Z</Time><HeartRateBpm><Value>108</Value></HeartRateBpm><Cadence>88</Cadence><Extensions><ns3:TPX><ns3:Speed>0.0</ns3:Speed></ns3:TPX></Extensions></Trackpoint><Trackpoint><Time>2026-01-20T22:55:36Z</Time><HeartRateBpm><Value>109</Value></HeartRateBpm><Cadence>88</Cadence><Extensions><ns3:TPX><ns3:Speed>0.0</ns3:Speed></ns3:TPX></Extensions></Trackpoint><Trackpoint><Time>2026-01-20T22:55:37Z</Time><HeartRateBpm><Value>108</Value></HeartRateBpm><Cadence>88</Cadence><Extensions><ns3:TPX><ns3:Speed>0.0</ns3:Speed></ns3:TPX></Extensions></Trackpoint><Trackpoint><Time>2026-01-20T22:55:38Z</Time><HeartRateBpm><Value>107</Value></HeartRateBpm><Cadence>88</Cadence><Extensions><ns3:TPX><ns3:Speed>0.0</ns3:Speed></ns3:TPX></Extensions></Trackpoint><Trackpoint><Time>2026-01-20T22:55:39Z</Time><HeartRateBpm><Value>106</Value></HeartRateBpm><Cadence>88</Cadence><Extensions><ns3:TPX><ns3:Speed>0.0</ns3:Speed></ns3:TPX></Extensions></Trackpoint><Trackpoint><Time>2026-01-20T22:55:43Z</Time><HeartRateBpm><Value>105</Value></HeartRateBpm><Cadence>88</Cadence><Extensions><ns3:TPX><ns3:Speed>0.0</ns3:Speed></ns3:TPX></Extensions></Trackpoint><Trackpoint><Time>2026-01-20T22:55:44Z</Time><HeartRateBpm><Value>103</Value></HeartRateBpm><Cadence>88</Cadence><Extensions><ns3:TPX><ns3:Speed>0.0</ns3:Speed></ns3:TPX></Extensions></Trackpoint><Trackpoint><Time>2026-01-20T22:55:45Z</Time><HeartRateBpm><Value>101</Value></HeartRateBpm><Cadence>88</Cadence><Extensions><ns3:TPX><ns3:Speed>0.0</ns3:Speed></ns3:TPX></Extensions></Trackpoint><Trackpoint><Time>2026-01-20T22:55:46Z</Time><HeartRateBpm><Value>100</Value></HeartRateBpm><Cadence>88</Cadence><Extensions><ns3:TPX><ns3:Speed>0.0</ns3:Speed></ns3:TPX></Extensions></Trackpoint><Trackpoint><Time>2026-01-20T22:55:48Z</Time><HeartRateBpm><Value>99</Value></HeartRateBpm><Cadence>88</Cadence><Extensions><ns3:TPX><ns3:Speed>0.0</ns3:Speed></ns3:TPX></Extensions></Trackpoint><Trackpoint><Time>2026-01-20T22:55:53Z</Time><HeartRateBpm><Value>99</Value></HeartRateBpm><Cadence>88</Cadence><Extensions><ns3:TPX><ns3:Speed>0.0</ns3:Speed></ns3:TPX></Extensions></Trackpoint><Trackpoint><Time>2026-01-20T22:55:57Z</Time><HeartRateBpm><Value>98</Value></HeartRateBpm><Cadence>88</Cadence><Extensions><ns3:TPX><ns3:Speed>0.0</ns3:Speed></ns3:TPX></Extensions></Trackpoint><Trackpoint><Time>2026-01-20T22:55:59Z</Time><HeartRateBpm><Value>99</Value></HeartRateBpm><Cadence>88</Cadence><Extensions><ns3:TPX><ns3:Speed>0.0</ns3:Speed></ns3:TPX></Extensions></Trackpoint><Trackpoint><Time>2026-01-20T22:56:01Z</Time><HeartRateBpm><Value>98</Value></HeartRateBpm><Cadence>88</Cadence><Extensions><ns3:TPX><ns3:Speed>0.0</ns3:Speed></ns3:TPX></Extensions></Trackpoint><Trackpoint><Time>2026-01-20T22:56:07Z</Time><HeartRateBpm><Value>98</Value></HeartRateBpm><Cadence>88</Cadence><Extensions><ns3:TPX><ns3:Speed>0.0</ns3:Speed></ns3:TPX></Extensions></Trackpoint><Trackpoint><Time>2026-01-20T22:56:13Z</Time><HeartRateBpm><Value>98</Value></HeartRateBpm><Cadence>88</Cadence><Extensions><ns3:TPX><ns3:Speed>0.0</ns3:Speed></ns3:TPX></Extensions></Trackpoint><Trackpoint><Time>2026-01-20T22:56:14Z</Time><HeartRateBpm><Value>97</Value></HeartRateBpm><Cadence>88</Cadence><Extensions><ns3:TPX><ns3:Speed>0.0</ns3:Speed></ns3:TPX></Extensions></Trackpoint><Trackpoint><Time>2026-01-20T22:56:17Z</Time><HeartRateBpm><Value>96</Value></HeartRateBpm><Cadence>88</Cadence><Extensions><ns3:TPX><ns3:Speed>0.0</ns3:Speed></ns3:TPX></Extensions></Trackpoint><Trackpoint><Time>2026-01-20T22:56:19Z</Time><HeartRateBpm><Value>97</Value></HeartRateBpm><Cadence>88</Cadence><Extensions><ns3:TPX><ns3:Speed>0.0</ns3:Speed></ns3:TPX></Extensions></Trackpoint><Trackpoint><Time>2026-01-20T22:56:21Z</Time><HeartRateBpm><Value>98</Value></HeartRateBpm><Cadence>88</Cadence><Extensions><ns3:TPX><ns3:Speed>0.0</ns3:Speed></ns3:TPX></Extensions></Trackpoint><Trackpoint><Time>2026-01-20T22:56:23Z</Time><HeartRateBpm><Value>99</Value></HeartRateBpm><Cadence>88</Cadence><Extensions><ns3:TPX><ns3:Speed>0.0</ns3:Speed></ns3:TPX></Extensions></Trackpoint><Trackpoint><Time>2026-01-20T22:56:25Z</Time><HeartRateBpm><Value>102</Value></HeartRateBpm><Cadence>88</Cadence><Extensions><ns3:TPX><ns3:Speed>0.0</ns3:Speed></ns3:TPX></Extensions></Trackpoint><Trackpoint><Time>2026-01-20T22:56:26Z</Time><HeartRateBpm><Value>103</Value></HeartRateBpm><Cadence>88</Cadence><Extensions><ns3:TPX><ns3:Speed>0.0</ns3:Speed></ns3:TPX></Extensions></Trackpoint><Trackpoint><Time>2026-01-20T22:56:27Z</Time><HeartRateBpm><Value>104</Value></HeartRateBpm><Cadence>88</Cadence><Extensions><ns3:TPX><ns3:Speed>0.0</ns3:Speed></ns3:TPX></Extensions></Trackpoint><Trackpoint><Time>2026-01-20T22:56:28Z</Time><HeartRateBpm><Value>105</Value></HeartRateBpm><Cadence>88</Cadence><Extensions><ns3:TPX><ns3:Speed>0.0</ns3:Speed></ns3:TPX></Extensions></Trackpoint><Trackpoint><Time>2026-01-20T22:56:31Z</Time><HeartRateBpm><Value>106</Value></HeartRateBpm><Cadence>88</Cadence><Extensions><ns3:TPX><ns3:Speed>0.0</ns3:Speed></ns3:TPX></Extensions></Trackpoint><Trackpoint><Time>2026-01-20T22:56:32Z</Time><HeartRateBpm><Value>107</Value></HeartRateBpm><Cadence>88</Cadence><Extensions><ns3:TPX><ns3:Speed>0.0</ns3:Speed></ns3:TPX></Extensions></Trackpoint><Trackpoint><Time>2026-01-20T22:56:37Z</Time><HeartRateBpm><Value>107</Value></HeartRateBpm><Cadence>88</Cadence><Extensions><ns3:TPX><ns3:Speed>0.0</ns3:Speed></ns3:TPX></Extensions></Trackpoint><Trackpoint><Time>2026-01-20T22:56:41Z</Time><HeartRateBpm><Value>108</Value></HeartRateBpm><Cadence>88</Cadence><Extensions><ns3:TPX><ns3:Speed>0.0</ns3:Speed></ns3:TPX></Extensions></Trackpoint><Trackpoint><Time>2026-01-20T22:56:44Z</Time><HeartRateBpm><Value>110</Value></HeartRateBpm><Cadence>88</Cadence><Extensions><ns3:TPX><ns3:Speed>0.0</ns3:Speed></ns3:TPX></Extensions></Trackpoint><Trackpoint><Time>2026-01-20T22:56:45Z</Time><HeartRateBpm><Value>111</Value></HeartRateBpm><Cadence>88</Cadence><Extensions><ns3:TPX><ns3:Speed>0.0</ns3:Speed></ns3:TPX></Extensions></Trackpoint><Trackpoint><Time>2026-01-20T22:56:50Z</Time><HeartRateBpm><Value>111</Value></HeartRateBpm><Cadence>88</Cadence><Extensions><ns3:TPX><ns3:Speed>0.0</ns3:Speed></ns3:TPX></Extensions></Trackpoint><Trackpoint><Time>2026-01-20T22:56:53Z</Time><HeartRateBpm><Value>112</Value></HeartRateBpm><Cadence>88</Cadence><Extensions><ns3:TPX><ns3:Speed>0.0</ns3:Speed></ns3:TPX></Extensions></Trackpoint><Trackpoint><Time>2026-01-20T22:56:54Z</Time><HeartRateBpm><Value>113</Value></HeartRateBpm><Cadence>88</Cadence><Extensions><ns3:TPX><ns3:Speed>0.0</ns3:Speed></ns3:TPX></Extensions></Trackpoint><Trackpoint><Time>2026-01-20T22:56:57Z</Time><HeartRateBpm><Value>114</Value></HeartRateBpm><Cadence>88</Cadence><Extensions><ns3:TPX><ns3:Speed>0.0</ns3:Speed></ns3:TPX></Extensions></Trackpoint><Trackpoint><Time>2026-01-20T22:56:58Z</Time><HeartRateBpm><Value>115</Value></HeartRateBpm><Cadence>88</Cadence><Extensions><ns3:TPX><ns3:Speed>0.0</ns3:Speed></ns3:TPX></Extensions></Trackpoint><Trackpoint><Time>2026-01-20T22:57:02Z</Time><HeartRateBpm><Value>117</Value></HeartRateBpm><Cadence>88</Cadence><Extensions><ns3:TPX><ns3:Speed>0.0</ns3:Speed></ns3:TPX></Extensions></Trackpoint><Trackpoint><Time>2026-01-20T22:57:03Z</Time><HeartRateBpm><Value>118</Value></HeartRateBpm><Cadence>88</Cadence><Extensions><ns3:TPX><ns3:Speed>0.0</ns3:Speed></ns3:TPX></Extensions></Trackpoint><Trackpoint><Time>2026-01-20T22:57:04Z</Time><HeartRateBpm><Value>119</Value></HeartRateBpm><Cadence>88</Cadence><Extensions><ns3:TPX><ns3:Speed>0.0</ns3:Speed></ns3:TPX></Extensions></Trackpoint><Trackpoint><Time>2026-01-20T22:57:08Z</Time><HeartRateBpm><Value>120</Value></HeartRateBpm><Cadence>88</Cadence><Extensions><ns3:TPX><ns3:Speed>0.0</ns3:Speed></ns3:TPX></Extensions></Trackpoint><Trackpoint><Time>2026-01-20T22:57:14Z</Time><HeartRateBpm><Value>119</Value></HeartRateBpm><Cadence>88</Cadence><Extensions><ns3:TPX><ns3:Speed>0.0</ns3:Speed></ns3:TPX></Extensions></Trackpoint><Trackpoint><Time>2026-01-20T22:57:20Z</Time><HeartRateBpm><Value>121</Value></HeartRateBpm><Cadence>88</Cadence><Extensions><ns3:TPX><ns3:Speed>0.0</ns3:Speed></ns3:TPX></Extensions></Trackpoint><Trackpoint><Time>2026-01-20T22:57:26Z</Time><HeartRateBpm><Value>122</Value></HeartRateBpm><Cadence>88</Cadence><Extensions><ns3:TPX><ns3:Speed>0.0</ns3:Speed></ns3:TPX></Extensions></Trackpoint><Trackpoint><Time>2026-01-20T22:57:27Z</Time><HeartRateBpm><Value>123</Value></HeartRateBpm><Cadence>88</Cadence><Extensions><ns3:TPX><ns3:Speed>0.0</ns3:Speed></ns3:TPX></Extensions></Trackpoint><Trackpoint><Time>2026-01-20T22:57:29Z</Time><HeartRateBpm><Value>122</Value></HeartRateBpm><Cadence>88</Cadence><Extensions><ns3:TPX><ns3:Speed>0.0</ns3:Speed></ns3:TPX></Extensions></Trackpoint><Trackpoint><Time>2026-01-20T22:57:30Z</Time><HeartRateBpm><Value>121</Value></HeartRateBpm><Cadence>88</Cadence><Extensions><ns3:TPX><ns3:Speed>0.0</ns3:Speed></ns3:TPX></Extensions></Trackpoint><Trackpoint><Time>2026-01-20T22:57:35Z</Time><HeartRateBpm><Value>121</Value></HeartRateBpm><Cadence>88</Cadence><Extensions><ns3:TPX><ns3:Speed>0.0</ns3:Speed></ns3:TPX></Extensions></Trackpoint><Trackpoint><Time>2026-01-20T22:57:36Z</Time><HeartRateBpm><Value>122</Value></HeartRateBpm><Cadence>88</Cadence><Extensions><ns3:TPX><ns3:Speed>0.0</ns3:Speed></ns3:TPX></Extensions></Trackpoint><Trackpoint><Time>2026-01-20T22:57:38Z</Time><HeartRateBpm><Value>124</Value></HeartRateBpm><Cadence>88</Cadence><Extensions><ns3:TPX><ns3:Speed>0.0</ns3:Speed></ns3:TPX></Extensions></Trackpoint><Trackpoint><Time>2026-01-20T22:57:39Z</Time><HeartRateBpm><Value>126</Value></HeartRateBpm><Cadence>88</Cadence><Extensions><ns3:TPX><ns3:Speed>0.0</ns3:Speed></ns3:TPX></Extensions></Trackpoint><Trackpoint><Time>2026-01-20T22:57:45Z</Time><HeartRateBpm><Value>127</Value></HeartRateBpm><Cadence>88</Cadence><Extensions><ns3:TPX><ns3:Speed>0.0</ns3:Speed></ns3:TPX></Extensions></Trackpoint><Trackpoint><Time>2026-01-20T22:57:50Z</Time><HeartRateBpm><Value>128</Value></HeartRateBpm><Cadence>88</Cadence><Extensions><ns3:TPX><ns3:Speed>0.0</ns3:Speed></ns3:TPX></Extensions></Trackpoint><Trackpoint><Time>2026-01-20T22:57:51Z</Time><HeartRateBpm><Value>129</Value></HeartRateBpm><Cadence>88</Cadence><Extensions><ns3:TPX><ns3:Speed>0.0</ns3:Speed></ns3:TPX></Extensions></Trackpoint><Trackpoint><Time>2026-01-20T22:57:57Z</Time><HeartRateBpm><Value>130</Value></HeartRateBpm><Cadence>88</Cadence><Extensions><ns3:TPX><ns3:Speed>0.0</ns3:Speed></ns3:TPX></Extensions></Trackpoint><Trackpoint><Time>2026-01-20T22:58:00Z</Time><HeartRateBpm><Value>129</Value></HeartRateBpm><Cadence>88</Cadence><Extensions><ns3:TPX><ns3:Speed>0.0</ns3:Speed></ns3:TPX></Extensions></Trackpoint><Trackpoint><Time>2026-01-20T22:58:04Z</Time><HeartRateBpm><Value>130</Value></HeartRateBpm><Cadence>88</Cadence><Extensions><ns3:TPX><ns3:Speed>0.0</ns3:Speed></ns3:TPX></Extensions></Trackpoint><Trackpoint><Time>2026-01-20T22:58:05Z</Time><HeartRateBpm><Value>131</Value></HeartRateBpm><Cadence>88</Cadence><Extensions><ns3:TPX><ns3:Speed>0.0</ns3:Speed></ns3:TPX></Extensions></Trackpoint><Trackpoint><Time>2026-01-20T22:58:06Z</Time><HeartRateBpm><Value>132</Value></HeartRateBpm><Cadence>88</Cadence><Extensions><ns3:TPX><ns3:Speed>0.0</ns3:Speed></ns3:TPX></Extensions></Trackpoint><Trackpoint><Time>2026-01-20T22:58:07Z</Time><HeartRateBpm><Value>133</Value></HeartRateBpm><Cadence>88</Cadence><Extensions><ns3:TPX><ns3:Speed>0.0</ns3:Speed></ns3:TPX></Extensions></Trackpoint><Trackpoint><Time>2026-01-20T22:58:12Z</Time><HeartRateBpm><Value>133</Value></HeartRateBpm><Cadence>88</Cadence><Extensions><ns3:TPX><ns3:Speed>0.0</ns3:Speed></ns3:TPX></Extensions></Trackpoint><Trackpoint><Time>2026-01-20T22:58:15Z</Time><HeartRateBpm><Value>134</Value></HeartRateBpm><Cadence>88</Cadence><Extensions><ns3:TPX><ns3:Speed>0.0</ns3:Speed></ns3:TPX></Extensions></Trackpoint><Trackpoint><Time>2026-01-20T22:58:18Z</Time><HeartRateBpm><Value>135</Value></HeartRateBpm><Cadence>88</Cadence><Extensions><ns3:TPX><ns3:Speed>0.0</ns3:Speed></ns3:TPX></Extensions></Trackpoint><Trackpoint><Time>2026-01-20T22:58:19Z</Time><HeartRateBpm><Value>136</Value></HeartRateBpm><Cadence>88</Cadence><Extensions><ns3:TPX><ns3:Speed>0.0</ns3:Speed></ns3:TPX></Extensions></Trackpoint><Trackpoint><Time>2026-01-20T22:58:24Z</Time><HeartRateBpm><Value>136</Value></HeartRateBpm><Cadence>88</Cadence><Extensions><ns3:TPX><ns3:Speed>0.0</ns3:Speed></ns3:TPX></Extensions></Trackpoint><Trackpoint><Time>2026-01-20T22:58:26Z</Time><HeartRateBpm><Value>135</Value></HeartRateBpm><Cadence>88</Cadence><Extensions><ns3:TPX><ns3:Speed>0.0</ns3:Speed></ns3:TPX></Extensions></Trackpoint><Trackpoint><Time>2026-01-20T22:58:30Z</Time><HeartRateBpm><Value>136</Value></HeartRateBpm><Cadence>88</Cadence><Extensions><ns3:TPX><ns3:Speed>0.0</ns3:Speed></ns3:TPX></Extensions></Trackpoint><Trackpoint><Time>2026-01-20T22:58:35Z</Time><HeartRateBpm><Value>136</Value></HeartRateBpm><Cadence>88</Cadence><Extensions><ns3:TPX><ns3:Speed>0.0</ns3:Speed></ns3:TPX></Extensions></Trackpoint><Trackpoint><Time>2026-01-20T22:58:37Z</Time><HeartRateBpm><Value>135</Value></HeartRateBpm><Cadence>88</Cadence><Extensions><ns3:TPX><ns3:Speed>0.0</ns3:Speed></ns3:TPX></Extensions></Trackpoint><Trackpoint><Time>2026-01-20T22:58:41Z</Time><HeartRateBpm><Value>134</Value></HeartRateBpm><Cadence>88</Cadence><Extensions><ns3:TPX><ns3:Speed>0.0</ns3:Speed></ns3:TPX></Extensions></Trackpoint><Trackpoint><Time>2026-01-20T22:58:46Z</Time><HeartRateBpm><Value>131</Value></HeartRateBpm><Cadence>88</Cadence><Extensions><ns3:TPX><ns3:Speed>0.0</ns3:Speed></ns3:TPX></Extensions></Trackpoint><Trackpoint><Time>2026-01-20T22:58:48Z</Time><HeartRateBpm><Value>130</Value></HeartRateBpm><Cadence>88</Cadence><Extensions><ns3:TPX><ns3:Speed>0.0</ns3:Speed></ns3:TPX></Extensions></Trackpoint><Trackpoint><Time>2026-01-20T22:58:52Z</Time><HeartRateBpm><Value>129</Value></HeartRateBpm><Cadence>88</Cadence><Extensions><ns3:TPX><ns3:Speed>0.0</ns3:Speed></ns3:TPX></Extensions></Trackpoint><Trackpoint><Time>2026-01-20T22:58:53Z</Time><HeartRateBpm><Value>128</Value></HeartRateBpm><Cadence>88</Cadence><Extensions><ns3:TPX><ns3:Speed>0.0</ns3:Speed></ns3:TPX></Extensions></Trackpoint><Trackpoint><Time>2026-01-20T22:58:54Z</Time><HeartRateBpm><Value>127</Value></HeartRateBpm><Cadence>88</Cadence><Extensions><ns3:TPX><ns3:Speed>0.0</ns3:Speed></ns3:TPX></Extensions></Trackpoint><Trackpoint><Time>2026-01-20T22:58:56Z</Time><HeartRateBpm><Value>126</Value></HeartRateBpm><Cadence>88</Cadence><Extensions><ns3:TPX><ns3:Speed>0.0</ns3:Speed></ns3:TPX></Extensions></Trackpoint><Trackpoint><Time>2026-01-20T22:58:58Z</Time><HeartRateBpm><Value>127</Value></HeartRateBpm><Cadence>88</Cadence><Extensions><ns3:TPX><ns3:Speed>0.0</ns3:Speed></ns3:TPX></Extensions></Trackpoint><Trackpoint><Time>2026-01-20T22:59:04Z</Time><HeartRateBpm><Value>128</Value></HeartRateBpm><Cadence>88</Cadence><Extensions><ns3:TPX><ns3:Speed>0.0</ns3:Speed></ns3:TPX></Extensions></Trackpoint><Trackpoint><Time>2026-01-20T22:59:07Z</Time><HeartRateBpm><Value>129</Value></HeartRateBpm><Cadence>88</Cadence><Extensions><ns3:TPX><ns3:Speed>0.0</ns3:Speed></ns3:TPX></Extensions></Trackpoint><Trackpoint><Time>2026-01-20T22:59:08Z</Time><HeartRateBpm><Value>130</Value></HeartRateBpm><Cadence>88</Cadence><Extensions><ns3:TPX><ns3:Speed>0.0</ns3:Speed></ns3:TPX></Extensions></Trackpoint><Trackpoint><Time>2026-01-20T22:59:13Z</Time><HeartRateBpm><Value>130</Value></HeartRateBpm><Cadence>88</Cadence><Extensions><ns3:TPX><ns3:Speed>0.0</ns3:Speed></ns3:TPX></Extensions></Trackpoint><Trackpoint><Time>2026-01-20T22:59:16Z</Time><HeartRateBpm><Value>129</Value></HeartRateBpm><Cadence>88</Cadence><Extensions><ns3:TPX><ns3:Speed>0.0</ns3:Speed></ns3:TPX></Extensions></Trackpoint><Trackpoint><Time>2026-01-20T22:59:17Z</Time><HeartRateBpm><Value>128</Value></HeartRateBpm><Cadence>88</Cadence><Extensions><ns3:TPX><ns3:Speed>0.0</ns3:Speed></ns3:TPX></Extensions></Trackpoint><Trackpoint><Time>2026-01-20T22:59:20Z</Time><HeartRateBpm><Value>129</Value></HeartRateBpm><Cadence>88</Cadence><Extensions><ns3:TPX><ns3:Speed>0.0</ns3:Speed></ns3:TPX></Extensions></Trackpoint><Trackpoint><Time>2026-01-20T22:59:22Z</Time><HeartRateBpm><Value>132</Value></HeartRateBpm><Cadence>88</Cadence><Extensions><ns3:TPX><ns3:Speed>0.0</ns3:Speed></ns3:TPX></Extensions></Trackpoint><Trackpoint><Time>2026-01-20T22:59:23Z</Time><HeartRateBpm><Value>133</Value></HeartRateBpm><Cadence>88</Cadence><Extensions><ns3:TPX><ns3:Speed>0.0</ns3:Speed></ns3:TPX></Extensions></Trackpoint><Trackpoint><Time>2026-01-20T22:59:24Z</Time><HeartRateBpm><Value>134</Value></HeartRateBpm><Cadence>88</Cadence><Extensions><ns3:TPX><ns3:Speed>0.0</ns3:Speed></ns3:TPX></Extensions></Trackpoint><Trackpoint><Time>2026-01-20T22:59:28Z</Time><HeartRateBpm><Value>135</Value></HeartRateBpm><Cadence>88</Cadence><Extensions><ns3:TPX><ns3:Speed>0.0</ns3:Speed></ns3:TPX></Extensions></Trackpoint><Trackpoint><Time>2026-01-20T22:59:29Z</Time><HeartRateBpm><Value>136</Value></HeartRateBpm><Cadence>88</Cadence><Extensions><ns3:TPX><ns3:Speed>0.0</ns3:Speed></ns3:TPX></Extensions></Trackpoint><Trackpoint><Time>2026-01-20T22:59:30Z</Time><HeartRateBpm><Value>138</Value></HeartRateBpm><Cadence>88</Cadence><Extensions><ns3:TPX><ns3:Speed>0.0</ns3:Speed></ns3:TPX></Extensions></Trackpoint><Trackpoint><Time>2026-01-20T22:59:31Z</Time><HeartRateBpm><Value>139</Value></HeartRateBpm><Cadence>88</Cadence><Extensions><ns3:TPX><ns3:Speed>0.0</ns3:Speed></ns3:TPX></Extensions></Trackpoint><Trackpoint><Time>2026-01-20T22:59:34Z</Time><HeartRateBpm><Value>140</Value></HeartRateBpm><Cadence>88</Cadence><Extensions><ns3:TPX><ns3:Speed>0.0</ns3:Speed></ns3:TPX></Extensions></Trackpoint><Trackpoint><Time>2026-01-20T22:59:35Z</Time><HeartRateBpm><Value>136</Value></HeartRateBpm><Cadence>88</Cadence><Extensions><ns3:TPX><ns3:Speed>0.0</ns3:Speed></ns3:TPX></Extensions></Trackpoint><Trackpoint><Time>2026-01-20T22:59:36Z</Time><HeartRateBpm><Value>140</Value></HeartRateBpm><Cadence>88</Cadence><Extensions><ns3:TPX><ns3:Speed>0.0</ns3:Speed></ns3:TPX></Extensions></Trackpoint><Trackpoint><Time>2026-01-20T22:59:37Z</Time><HeartRateBpm><Value>137</Value></HeartRateBpm><Cadence>88</Cadence><Extensions><ns3:TPX><ns3:Speed>0.0</ns3:Speed></ns3:TPX></Extensions></Trackpoint><Trackpoint><Time>2026-01-20T22:59:42Z</Time><HeartRateBpm><Value>137</Value></HeartRateBpm><Cadence>88</Cadence><Extensions><ns3:TPX><ns3:Speed>0.0</ns3:Speed></ns3:TPX></Extensions></Trackpoint><Trackpoint><Time>2026-01-20T22:59:43Z</Time><HeartRateBpm><Value>138</Value></HeartRateBpm><Cadence>88</Cadence><Extensions><ns3:TPX><ns3:Speed>0.0</ns3:Speed></ns3:TPX></Extensions></Trackpoint><Trackpoint><Time>2026-01-20T22:59:45Z</Time><HeartRateBpm><Value>137</Value></HeartRateBpm><Cadence>88</Cadence><Extensions><ns3:TPX><ns3:Speed>0.0</ns3:Speed></ns3:TPX></Extensions></Trackpoint><Trackpoint><Time>2026-01-20T22:59:48Z</Time><HeartRateBpm><Value>136</Value></HeartRateBpm><Cadence>88</Cadence><Extensions><ns3:TPX><ns3:Speed>0.0</ns3:Speed></ns3:TPX></Extensions></Trackpoint><Trackpoint><Time>2026-01-20T22:59:52Z</Time><HeartRateBpm><Value>135</Value></HeartRateBpm><Cadence>88</Cadence><Extensions><ns3:TPX><ns3:Speed>0.0</ns3:Speed></ns3:TPX></Extensions></Trackpoint><Trackpoint><Time>2026-01-20T22:59:54Z</Time><HeartRateBpm><Value>134</Value></HeartRateBpm><Cadence>88</Cadence><Extensions><ns3:TPX><ns3:Speed>0.0</ns3:Speed></ns3:TPX></Extensions></Trackpoint><Trackpoint><Time>2026-01-20T22:59:59Z</Time><HeartRateBpm><Value>134</Value></HeartRateBpm><Cadence>88</Cadence><Extensions><ns3:TPX><ns3:Speed>0.0</ns3:Speed></ns3:TPX></Extensions></Trackpoint><Trackpoint><Time>2026-01-20T23:00:00Z</Time><HeartRateBpm><Value>133</Value></HeartRateBpm><Cadence>88</Cadence><Extensions><ns3:TPX><ns3:Speed>0.0</ns3:Speed></ns3:TPX></Extensions></Trackpoint><Trackpoint><Time>2026-01-20T23:00:02Z</Time><HeartRateBpm><Value>131</Value></HeartRateBpm><Cadence>88</Cadence><Extensions><ns3:TPX><ns3:Speed>0.0</ns3:Speed></ns3:TPX></Extensions></Trackpoint><Trackpoint><Time>2026-01-20T23:00:07Z</Time><HeartRateBpm><Value>131</Value></HeartRateBpm><Cadence>88</Cadence><Extensions><ns3:TPX><ns3:Speed>0.0</ns3:Speed></ns3:TPX></Extensions></Trackpoint><Trackpoint><Time>2026-01-20T23:00:10Z</Time><HeartRateBpm><Value>130</Value></HeartRateBpm><Cadence>88</Cadence><Extensions><ns3:TPX><ns3:Speed>0.0</ns3:Speed></ns3:TPX></Extensions></Trackpoint><Trackpoint><Time>2026-01-20T23:00:11Z</Time><HeartRateBpm><Value>129</Value></HeartRateBpm><Cadence>88</Cadence><Extensions><ns3:TPX><ns3:Speed>0.0</ns3:Speed></ns3:TPX></Extensions></Trackpoint><Trackpoint><Time>2026-01-20T23:00:12Z</Time><HeartRateBpm><Value>128</Value></HeartRateBpm><Cadence>88</Cadence><Extensions><ns3:TPX><ns3:Speed>0.0</ns3:Speed></ns3:TPX></Extensions></Trackpoint><Trackpoint><Time>2026-01-20T23:00:15Z</Time><HeartRateBpm><Value>130</Value></HeartRateBpm><Cadence>88</Cadence><Extensions><ns3:TPX><ns3:Speed>0.0</ns3:Speed></ns3:TPX></Extensions></Trackpoint><Trackpoint><Time>2026-01-20T23:00:17Z</Time><HeartRateBpm><Value>132</Value></HeartRateBpm><Cadence>88</Cadence><Extensions><ns3:TPX><ns3:Speed>0.0</ns3:Speed></ns3:TPX></Extensions></Trackpoint><Trackpoint><Time>2026-01-20T23:00:18Z</Time><HeartRateBpm><Value>133</Value></HeartRateBpm><Cadence>88</Cadence><Extensions><ns3:TPX><ns3:Speed>0.0</ns3:Speed></ns3:TPX></Extensions></Trackpoint><Trackpoint><Time>2026-01-20T23:00:19Z</Time><HeartRateBpm><Value>135</Value></HeartRateBpm><Cadence>88</Cadence><Extensions><ns3:TPX><ns3:Speed>0.0</ns3:Speed></ns3:TPX></Extensions></Trackpoint><Trackpoint><Time>2026-01-20T23:00:24Z</Time><HeartRateBpm><Value>135</Value></HeartRateBpm><Cadence>88</Cadence><Extensions><ns3:TPX><ns3:Speed>0.0</ns3:Speed></ns3:TPX></Extensions></Trackpoint><Trackpoint><Time>2026-01-20T23:00:29Z</Time><HeartRateBpm><Value>134</Value></HeartRateBpm><Cadence>88</Cadence><Extensions><ns3:TPX><ns3:Speed>0.0</ns3:Speed></ns3:TPX></Extensions></Trackpoint><Trackpoint><Time>2026-01-20T23:00:33Z</Time><HeartRateBpm><Value>135</Value></HeartRateBpm><Cadence>88</Cadence><Extensions><ns3:TPX><ns3:Speed>0.0</ns3:Speed></ns3:TPX></Extensions></Trackpoint><Trackpoint><Time>2026-01-20T23:00:35Z</Time><HeartRateBpm><Value>136</Value></HeartRateBpm><Cadence>88</Cadence><Extensions><ns3:TPX><ns3:Speed>0.0</ns3:Speed></ns3:TPX></Extensions></Trackpoint><Trackpoint><Time>2026-01-20T23:00:36Z</Time><HeartRateBpm><Value>137</Value></HeartRateBpm><Cadence>88</Cadence><Extensions><ns3:TPX><ns3:Speed>0.0</ns3:Speed></ns3:TPX></Extensions></Trackpoint><Trackpoint><Time>2026-01-20T23:00:38Z</Time><HeartRateBpm><Value>138</Value></HeartRateBpm><Cadence>88</Cadence><Extensions><ns3:TPX><ns3:Speed>0.0</ns3:Speed></ns3:TPX></Extensions></Trackpoint><Trackpoint><Time>2026-01-20T23:00:39Z</Time><HeartRateBpm><Value>139</Value></HeartRateBpm><Cadence>88</Cadence><Extensions><ns3:TPX><ns3:Speed>0.0</ns3:Speed></ns3:TPX></Extensions></Trackpoint><Trackpoint><Time>2026-01-20T23:00:44Z</Time><HeartRateBpm><Value>139</Value></HeartRateBpm><Cadence>88</Cadence><Extensions><ns3:TPX><ns3:Speed>0.0</ns3:Speed></ns3:TPX></Extensions></Trackpoint><Trackpoint><Time>2026-01-20T23:00:47Z</Time><HeartRateBpm><Value>140</Value></HeartRateBpm><Cadence>88</Cadence><Extensions><ns3:TPX><ns3:Speed>0.0</ns3:Speed></ns3:TPX></Extensions></Trackpoint><Trackpoint><Time>2026-01-20T23:00:52Z</Time><HeartRateBpm><Value>140</Value></HeartRateBpm><Cadence>88</Cadence><Extensions><ns3:TPX><ns3:Speed>0.0</ns3:Speed></ns3:TPX></Extensions></Trackpoint><Trackpoint><Time>2026-01-20T23:00:54Z</Time><HeartRateBpm><Value>139</Value></HeartRateBpm><Cadence>88</Cadence><Extensions><ns3:TPX><ns3:Speed>0.0</ns3:Speed></ns3:TPX></Extensions></Trackpoint><Trackpoint><Time>2026-01-20T23:01:00Z</Time><HeartRateBpm><Value>139</Value></HeartRateBpm><Cadence>88</Cadence><Extensions><ns3:TPX><ns3:Speed>0.0</ns3:Speed></ns3:TPX></Extensions></Trackpoint><Trackpoint><Time>2026-01-20T23:01:06Z</Time><HeartRateBpm><Value>140</Value></HeartRateBpm><Cadence>88</Cadence><Extensions><ns3:TPX><ns3:Speed>0.0</ns3:Speed></ns3:TPX></Extensions></Trackpoint><Trackpoint><Time>2026-01-20T23:01:07Z</Time><HeartRateBpm><Value>141</Value></HeartRateBpm><Cadence>88</Cadence><Extensions><ns3:TPX><ns3:Speed>0.0</ns3:Speed></ns3:TPX></Extensions></Trackpoint><Trackpoint><Time>2026-01-20T23:01:10Z</Time><HeartRateBpm><Value>139</Value></HeartRateBpm><Cadence>88</Cadence><Extensions><ns3:TPX><ns3:Speed>0.0</ns3:Speed></ns3:TPX></Extensions></Trackpoint><Trackpoint><Time>2026-01-20T23:01:15Z</Time><HeartRateBpm><Value>139</Value></HeartRateBpm><Cadence>88</Cadence><Extensions><ns3:TPX><ns3:Speed>0.0</ns3:Speed></ns3:TPX></Extensions></Trackpoint><Trackpoint><Time>2026-01-20T23:01:16Z</Time><HeartRateBpm><Value>138</Value></HeartRateBpm><Cadence>88</Cadence><Extensions><ns3:TPX><ns3:Speed>0.0</ns3:Speed></ns3:TPX></Extensions></Trackpoint><Trackpoint><Time>2026-01-20T23:01:18Z</Time><HeartRateBpm><Value>137</Value></HeartRateBpm><Cadence>88</Cadence><Extensions><ns3:TPX><ns3:Speed>0.0</ns3:Speed></ns3:TPX></Extensions></Trackpoint><Trackpoint><Time>2026-01-20T23:01:19Z</Time><HeartRateBpm><Value>136</Value></HeartRateBpm><Cadence>88</Cadence><Extensions><ns3:TPX><ns3:Speed>0.0</ns3:Speed></ns3:TPX></Extensions></Trackpoint><Trackpoint><Time>2026-01-20T23:01:21Z</Time><HeartRateBpm><Value>137</Value></HeartRateBpm><Cadence>88</Cadence><Extensions><ns3:TPX><ns3:Speed>0.0</ns3:Speed></ns3:TPX></Extensions></Trackpoint><Trackpoint><Time>2026-01-20T23:01:22Z</Time><HeartRateBpm><Value>136</Value></HeartRateBpm><Cadence>88</Cadence><Extensions><ns3:TPX><ns3:Speed>0.0</ns3:Speed></ns3:TPX></Extensions></Trackpoint><Trackpoint><Time>2026-01-20T23:01:27Z</Time><HeartRateBpm><Value>136</Value></HeartRateBpm><Cadence>88</Cadence><Extensions><ns3:TPX><ns3:Speed>0.0</ns3:Speed></ns3:TPX></Extensions></Trackpoint><Trackpoint><Time>2026-01-20T23:01:28Z</Time><HeartRateBpm><Value>137</Value></HeartRateBpm><Cadence>88</Cadence><Extensions><ns3:TPX><ns3:Speed>0.0</ns3:Speed></ns3:TPX></Extensions></Trackpoint><Trackpoint><Time>2026-01-20T23:01:33Z</Time><HeartRateBpm><Value>137</Value></HeartRateBpm><Cadence>88</Cadence><Extensions><ns3:TPX><ns3:Speed>0.0</ns3:Speed></ns3:TPX></Extensions></Trackpoint><Trackpoint><Time>2026-01-20T23:01:34Z</Time><HeartRateBpm><Value>136</Value></HeartRateBpm><Cadence>88</Cadence><Extensions><ns3:TPX><ns3:Speed>0.0</ns3:Speed></ns3:TPX></Extensions></Trackpoint><Trackpoint><Time>2026-01-20T23:01:37Z</Time><HeartRateBpm><Value>134</Value></HeartRateBpm><Cadence>88</Cadence><Extensions><ns3:TPX><ns3:Speed>0.0</ns3:Speed></ns3:TPX></Extensions></Trackpoint><Trackpoint><Time>2026-01-20T23:01:41Z</Time><HeartRateBpm><Value>138</Value></HeartRateBpm><Cadence>88</Cadence><Extensions><ns3:TPX><ns3:Speed>0.0</ns3:Speed></ns3:TPX></Extensions></Trackpoint><Trackpoint><Time>2026-01-20T23:01:43Z</Time><HeartRateBpm><Value>139</Value></HeartRateBpm><Cadence>88</Cadence><Extensions><ns3:TPX><ns3:Speed>0.0</ns3:Speed></ns3:TPX></Extensions></Trackpoint><Trackpoint><Time>2026-01-20T23:01:47Z</Time><HeartRateBpm><Value>138</Value></HeartRateBpm><Cadence>88</Cadence><Extensions><ns3:TPX><ns3:Speed>0.0</ns3:Speed></ns3:TPX></Extensions></Trackpoint><Trackpoint><Time>2026-01-20T23:01:52Z</Time><HeartRateBpm><Value>138</Value></HeartRateBpm><Cadence>88</Cadence><Extensions><ns3:TPX><ns3:Speed>0.0</ns3:Speed></ns3:TPX></Extensions></Trackpoint><Trackpoint><Time>2026-01-20T23:01:57Z</Time><HeartRateBpm><Value>139</Value></HeartRateBpm><Cadence>88</Cadence><Extensions><ns3:TPX><ns3:Speed>0.0</ns3:Speed></ns3:TPX></Extensions></Trackpoint><Trackpoint><Time>2026-01-20T23:02:02Z</Time><HeartRateBpm><Value>139</Value></HeartRateBpm><Cadence>88</Cadence><Extensions><ns3:TPX><ns3:Speed>0.0</ns3:Speed></ns3:TPX></Extensions></Trackpoint><Trackpoint><Time>2026-01-20T23:02:03Z</Time><HeartRateBpm><Value>140</Value></HeartRateBpm><Cadence>88</Cadence><Extensions><ns3:TPX><ns3:Speed>0.0</ns3:Speed></ns3:TPX></Extensions></Trackpoint><Trackpoint><Time>2026-01-20T23:02:06Z</Time><HeartRateBpm><Value>139</Value></HeartRateBpm><Cadence>88</Cadence><Extensions><ns3:TPX><ns3:Speed>0.0</ns3:Speed></ns3:TPX></Extensions></Trackpoint><Trackpoint><Time>2026-01-20T23:02:10Z</Time><HeartRateBpm><Value>139</Value></HeartRateBpm><Cadence>88</Cadence><Extensions><ns3:TPX><ns3:Speed>0.0</ns3:Speed></ns3:TPX></Extensions></Trackpoint><Trackpoint><Time>2026-01-20T23:02:11Z</Time><HeartRateBpm><Value>137</Value></HeartRateBpm><Cadence>88</Cadence><Extensions><ns3:TPX><ns3:Speed>0.0</ns3:Speed></ns3:TPX></Extensions></Trackpoint><Trackpoint><Time>2026-01-20T23:02:13Z</Time><HeartRateBpm><Value>136</Value></HeartRateBpm><Cadence>88</Cadence><Extensions><ns3:TPX><ns3:Speed>0.0</ns3:Speed></ns3:TPX></Extensions></Trackpoint><Trackpoint><Time>2026-01-20T23:02:19Z</Time><HeartRateBpm><Value>136</Value></HeartRateBpm><Cadence>88</Cadence><Extensions><ns3:TPX><ns3:Speed>0.0</ns3:Speed></ns3:TPX></Extensions></Trackpoint><Trackpoint><Time>2026-01-20T23:02:25Z</Time><HeartRateBpm><Value>136</Value></HeartRateBpm><Cadence>88</Cadence><Extensions><ns3:TPX><ns3:Speed>0.0</ns3:Speed></ns3:TPX></Extensions></Trackpoint><Trackpoint><Time>2026-01-20T23:02:29Z</Time><HeartRateBpm><Value>135</Value></HeartRateBpm><Cadence>88</Cadence><Extensions><ns3:TPX><ns3:Speed>0.0</ns3:Speed></ns3:TPX></Extensions></Trackpoint><Trackpoint><Time>2026-01-20T23:02:34Z</Time><HeartRateBpm><Value>135</Value></HeartRateBpm><Cadence>88</Cadence><Extensions><ns3:TPX><ns3:Speed>0.0</ns3:Speed></ns3:TPX></Extensions></Trackpoint><Trackpoint><Time>2026-01-20T23:02:37Z</Time><HeartRateBpm><Value>136</Value></HeartRateBpm><Cadence>88</Cadence><Extensions><ns3:TPX><ns3:Speed>0.0</ns3:Speed></ns3:TPX></Extensions></Trackpoint><Trackpoint><Time>2026-01-20T23:02:40Z</Time><HeartRateBpm><Value>137</Value></HeartRateBpm><Cadence>88</Cadence><Extensions><ns3:TPX><ns3:Speed>0.0</ns3:Speed></ns3:TPX></Extensions></Trackpoint><Trackpoint><Time>2026-01-20T23:02:41Z</Time><HeartRateBpm><Value>138</Value></HeartRateBpm><Cadence>88</Cadence><Extensions><ns3:TPX><ns3:Speed>0.0</ns3:Speed></ns3:TPX></Extensions></Trackpoint><Trackpoint><Time>2026-01-20T23:02:43Z</Time><HeartRateBpm><Value>139</Value></HeartRateBpm><Cadence>88</Cadence><Extensions><ns3:TPX><ns3:Speed>0.0</ns3:Speed></ns3:TPX></Extensions></Trackpoint><Trackpoint><Time>2026-01-20T23:02:49Z</Time><HeartRateBpm><Value>141</Value></HeartRateBpm><Cadence>88</Cadence><Extensions><ns3:TPX><ns3:Speed>0.0</ns3:Speed></ns3:TPX></Extensions></Trackpoint><Trackpoint><Time>2026-01-20T23:02:50Z</Time><HeartRateBpm><Value>143</Value></HeartRateBpm><Cadence>88</Cadence><Extensions><ns3:TPX><ns3:Speed>0.0</ns3:Speed></ns3:TPX></Extensions></Trackpoint><Trackpoint><Time>2026-01-20T23:02:51Z</Time><HeartRateBpm><Value>145</Value></HeartRateBpm><Cadence>88</Cadence><Extensions><ns3:TPX><ns3:Speed>0.0</ns3:Speed></ns3:TPX></Extensions></Trackpoint><Trackpoint><Time>2026-01-20T23:02:52Z</Time><HeartRateBpm><Value>146</Value></HeartRateBpm><Cadence>88</Cadence><Extensions><ns3:TPX><ns3:Speed>0.0</ns3:Speed></ns3:TPX></Extensions></Trackpoint><Trackpoint><Time>2026-01-20T23:02:53Z</Time><HeartRateBpm><Value>140</Value></HeartRateBpm><Cadence>88</Cadence><Extensions><ns3:TPX><ns3:Speed>0.0</ns3:Speed></ns3:TPX></Extensions></Trackpoint><Trackpoint><Time>2026-01-20T23:02:55Z</Time><HeartRateBpm><Value>144</Value></HeartRateBpm><Cadence>88</Cadence><Extensions><ns3:TPX><ns3:Speed>0.0</ns3:Speed></ns3:TPX></Extensions></Trackpoint><Trackpoint><Time>2026-01-20T23:02:56Z</Time><HeartRateBpm><Value>143</Value></HeartRateBpm><Cadence>88</Cadence><Extensions><ns3:TPX><ns3:Speed>0.0</ns3:Speed></ns3:TPX></Extensions></Trackpoint><Trackpoint><Time>2026-01-20T23:02:57Z</Time><HeartRateBpm><Value>141</Value></HeartRateBpm><Cadence>88</Cadence><Extensions><ns3:TPX><ns3:Speed>0.0</ns3:Speed></ns3:TPX></Extensions></Trackpoint><Trackpoint><Time>2026-01-20T23:02:59Z</Time><HeartRateBpm><Value>138</Value></HeartRateBpm><Cadence>88</Cadence><Extensions><ns3:TPX><ns3:Speed>0.0</ns3:Speed></ns3:TPX></Extensions></Trackpoint><Trackpoint><Time>2026-01-20T23:03:01Z</Time><HeartRateBpm><Value>136</Value></HeartRateBpm><Cadence>88</Cadence><Extensions><ns3:TPX><ns3:Speed>0.0</ns3:Speed></ns3:TPX></Extensions></Trackpoint><Trackpoint><Time>2026-01-20T23:03:04Z</Time><HeartRateBpm><Value>135</Value></HeartRateBpm><Cadence>88</Cadence><Extensions><ns3:TPX><ns3:Speed>0.0</ns3:Speed></ns3:TPX></Extensions></Trackpoint><Trackpoint><Time>2026-01-20T23:03:09Z</Time><HeartRateBpm><Value>135</Value></HeartRateBpm><Cadence>88</Cadence><Extensions><ns3:TPX><ns3:Speed>0.0</ns3:Speed></ns3:TPX></Extensions></Trackpoint><Trackpoint><Time>2026-01-20T23:03:14Z</Time><HeartRateBpm><Value>136</Value></HeartRateBpm><Cadence>88</Cadence><Extensions><ns3:TPX><ns3:Speed>0.0</ns3:Speed></ns3:TPX></Extensions></Trackpoint><Trackpoint><Time>2026-01-20T23:03:15Z</Time><HeartRateBpm><Value>137</Value></HeartRateBpm><Cadence>88</Cadence><Extensions><ns3:TPX><ns3:Speed>0.0</ns3:Speed></ns3:TPX></Extensions></Trackpoint><Trackpoint><Time>2026-01-20T23:03:20Z</Time><HeartRateBpm><Value>137</Value></HeartRateBpm><Cadence>88</Cadence><Extensions><ns3:TPX><ns3:Speed>0.0</ns3:Speed></ns3:TPX></Extensions></Trackpoint><Trackpoint><Time>2026-01-20T23:03:21Z</Time><HeartRateBpm><Value>136</Value></HeartRateBpm><Cadence>88</Cadence><Extensions><ns3:TPX><ns3:Speed>0.0</ns3:Speed></ns3:TPX></Extensions></Trackpoint><Trackpoint><Time>2026-01-20T23:03:22Z</Time><HeartRateBpm><Value>135</Value></HeartRateBpm><Cadence>88</Cadence><Extensions><ns3:TPX><ns3:Speed>0.0</ns3:Speed></ns3:TPX></Extensions></Trackpoint><Trackpoint><Time>2026-01-20T23:03:24Z</Time><HeartRateBpm><Value>134</Value></HeartRateBpm><Cadence>88</Cadence><Extensions><ns3:TPX><ns3:Speed>0.0</ns3:Speed></ns3:TPX></Extensions></Trackpoint><Trackpoint><Time>2026-01-20T23:03:27Z</Time><HeartRateBpm><Value>133</Value></HeartRateBpm><Cadence>88</Cadence><Extensions><ns3:TPX><ns3:Speed>0.0</ns3:Speed></ns3:TPX></Extensions></Trackpoint><Trackpoint><Time>2026-01-20T23:03:32Z</Time><HeartRateBpm><Value>132</Value></HeartRateBpm><Cadence>88</Cadence><Extensions><ns3:TPX><ns3:Speed>0.0</ns3:Speed></ns3:TPX></Extensions></Trackpoint><Trackpoint><Time>2026-01-20T23:03:35Z</Time><HeartRateBpm><Value>131</Value></HeartRateBpm><Cadence>88</Cadence><Extensions><ns3:TPX><ns3:Speed>0.0</ns3:Speed></ns3:TPX></Extensions></Trackpoint><Trackpoint><Time>2026-01-20T23:03:36Z</Time><HeartRateBpm><Value>130</Value></HeartRateBpm><Cadence>88</Cadence><Extensions><ns3:TPX><ns3:Speed>0.0</ns3:Speed></ns3:TPX></Extensions></Trackpoint><Trackpoint><Time>2026-01-20T23:03:39Z</Time><HeartRateBpm><Value>129</Value></HeartRateBpm><Cadence>88</Cadence><Extensions><ns3:TPX><ns3:Speed>0.0</ns3:Speed></ns3:TPX></Extensions></Trackpoint><Trackpoint><Time>2026-01-20T23:03:44Z</Time><HeartRateBpm><Value>129</Value></HeartRateBpm><Cadence>88</Cadence><Extensions><ns3:TPX><ns3:Speed>0.0</ns3:Speed></ns3:TPX></Extensions></Trackpoint><Trackpoint><Time>2026-01-20T23:03:45Z</Time><HeartRateBpm><Value>130</Value></HeartRateBpm><Cadence>88</Cadence><Extensions><ns3:TPX><ns3:Speed>0.0</ns3:Speed></ns3:TPX></Extensions></Trackpoint><Trackpoint><Time>2026-01-20T23:03:48Z</Time><HeartRateBpm><Value>129</Value></HeartRateBpm><Cadence>88</Cadence><Extensions><ns3:TPX><ns3:Speed>0.0</ns3:Speed></ns3:TPX></Extensions></Trackpoint><Trackpoint><Time>2026-01-20T23:03:53Z</Time><HeartRateBpm><Value>129</Value></HeartRateBpm><Cadence>88</Cadence><Extensions><ns3:TPX><ns3:Speed>0.0</ns3:Speed></ns3:TPX></Extensions></Trackpoint><Trackpoint><Time>2026-01-20T23:03:54Z</Time><HeartRateBpm><Value>127</Value></HeartRateBpm><Cadence>88</Cadence><Extensions><ns3:TPX><ns3:Speed>0.0</ns3:Speed></ns3:TPX></Extensions></Trackpoint><Trackpoint><Time>2026-01-20T23:03:56Z</Time><HeartRateBpm><Value>126</Value></HeartRateBpm><Cadence>88</Cadence><Extensions><ns3:TPX><ns3:Speed>0.0</ns3:Speed></ns3:TPX></Extensions></Trackpoint><Trackpoint><Time>2026-01-20T23:03:58Z</Time><HeartRateBpm><Value>125</Value></HeartRateBpm><Cadence>88</Cadence><Extensions><ns3:TPX><ns3:Speed>0.0</ns3:Speed></ns3:TPX></Extensions></Trackpoint><Trackpoint><Time>2026-01-20T23:04:03Z</Time><HeartRateBpm><Value>123</Value></HeartRateBpm><Cadence>88</Cadence><Extensions><ns3:TPX><ns3:Speed>0.0</ns3:Speed></ns3:TPX></Extensions></Trackpoint><Trackpoint><Time>2026-01-20T23:04:04Z</Time><HeartRateBpm><Value>122</Value></HeartRateBpm><Cadence>88</Cadence><Extensions><ns3:TPX><ns3:Speed>0.0</ns3:Speed></ns3:TPX></Extensions></Trackpoint><Trackpoint><Time>2026-01-20T23:04:06Z</Time><HeartRateBpm><Value>121</Value></HeartRateBpm><Cadence>88</Cadence><Extensions><ns3:TPX><ns3:Speed>0.0</ns3:Speed></ns3:TPX></Extensions></Trackpoint><Trackpoint><Time>2026-01-20T23:04:07Z</Time><HeartRateBpm><Value>119</Value></HeartRateBpm><Cadence>88</Cadence><Extensions><ns3:TPX><ns3:Speed>0.0</ns3:Speed></ns3:TPX></Extensions></Trackpoint><Trackpoint><Time>2026-01-20T23:04:10Z</Time><HeartRateBpm><Value>120</Value></HeartRateBpm><Cadence>88</Cadence><Extensions><ns3:TPX><ns3:Speed>0.0</ns3:Speed></ns3:TPX></Extensions></Trackpoint><Trackpoint><Time>2026-01-20T23:04:11Z</Time><HeartRateBpm><Value>123</Value></HeartRateBpm><Cadence>88</Cadence><Extensions><ns3:TPX><ns3:Speed>0.0</ns3:Speed></ns3:TPX></Extensions></Trackpoint><Trackpoint><Time>2026-01-20T23:04:12Z</Time><HeartRateBpm><Value>127</Value></HeartRateBpm><Cadence>88</Cadence><Extensions><ns3:TPX><ns3:Speed>0.0</ns3:Speed></ns3:TPX></Extensions></Trackpoint><Trackpoint><Time>2026-01-20T23:04:14Z</Time><HeartRateBpm><Value>128</Value></HeartRateBpm><Cadence>88</Cadence><Extensions><ns3:TPX><ns3:Speed>0.0</ns3:Speed></ns3:TPX></Extensions></Trackpoint><Trackpoint><Time>2026-01-20T23:04:15Z</Time><HeartRateBpm><Value>129</Value></HeartRateBpm><Cadence>88</Cadence><Extensions><ns3:TPX><ns3:Speed>0.0</ns3:Speed></ns3:TPX></Extensions></Trackpoint><Trackpoint><Time>2026-01-20T23:04:16Z</Time><HeartRateBpm><Value>130</Value></HeartRateBpm><Cadence>88</Cadence><Extensions><ns3:TPX><ns3:Speed>0.0</ns3:Speed></ns3:TPX></Extensions></Trackpoint><Trackpoint><Time>2026-01-20T23:04:18Z</Time><HeartRateBpm><Value>132</Value></HeartRateBpm><Cadence>88</Cadence><Extensions><ns3:TPX><ns3:Speed>0.0</ns3:Speed></ns3:TPX></Extensions></Trackpoint><Trackpoint><Time>2026-01-20T23:04:22Z</Time><HeartRateBpm><Value>133</Value></HeartRateBpm><Cadence>88</Cadence><Extensions><ns3:TPX><ns3:Speed>0.0</ns3:Speed></ns3:TPX></Extensions></Trackpoint><Trackpoint><Time>2026-01-20T23:04:23Z</Time><HeartRateBpm><Value>127</Value></HeartRateBpm><Cadence>88</Cadence><Extensions><ns3:TPX><ns3:Speed>0.0</ns3:Speed></ns3:TPX></Extensions></Trackpoint><Trackpoint><Time>2026-01-20T23:04:24Z</Time><HeartRateBpm><Value>128</Value></HeartRateBpm><Cadence>88</Cadence><Extensions><ns3:TPX><ns3:Speed>0.0</ns3:Speed></ns3:TPX></Extensions></Trackpoint><Trackpoint><Time>2026-01-20T23:04:26Z</Time><HeartRateBpm><Value>127</Value></HeartRateBpm><Cadence>88</Cadence><Extensions><ns3:TPX><ns3:Speed>0.0</ns3:Speed></ns3:TPX></Extensions></Trackpoint><Trackpoint><Time>2026-01-20T23:04:27Z</Time><HeartRateBpm><Value>126</Value></HeartRateBpm><Cadence>88</Cadence><Extensions><ns3:TPX><ns3:Speed>0.0</ns3:Speed></ns3:TPX></Extensions></Trackpoint><Trackpoint><Time>2026-01-20T23:04:28Z</Time><HeartRateBpm><Value>125</Value></HeartRateBpm><Cadence>88</Cadence><Extensions><ns3:TPX><ns3:Speed>0.0</ns3:Speed></ns3:TPX></Extensions></Trackpoint><Trackpoint><Time>2026-01-20T23:04:33Z</Time><HeartRateBpm><Value>125</Value></HeartRateBpm><Cadence>88</Cadence><Extensions><ns3:TPX><ns3:Speed>0.0</ns3:Speed></ns3:TPX></Extensions></Trackpoint><Trackpoint><Time>2026-01-20T23:04:35Z</Time><HeartRateBpm><Value>126</Value></HeartRateBpm><Cadence>88</Cadence><Extensions><ns3:TPX><ns3:Speed>0.0</ns3:Speed></ns3:TPX></Extensions></Trackpoint><Trackpoint><Time>2026-01-20T23:04:36Z</Time><HeartRateBpm><Value>127</Value></HeartRateBpm><Cadence>88</Cadence><Extensions><ns3:TPX><ns3:Speed>0.0</ns3:Speed></ns3:TPX></Extensions></Trackpoint><Trackpoint><Time>2026-01-20T23:04:40Z</Time><HeartRateBpm><Value>128</Value></HeartRateBpm><Cadence>88</Cadence><Extensions><ns3:TPX><ns3:Speed>0.0</ns3:Speed></ns3:TPX></Extensions></Trackpoint><Trackpoint><Time>2026-01-20T23:04:41Z</Time><HeartRateBpm><Value>127</Value></HeartRateBpm><Cadence>88</Cadence><Extensions><ns3:TPX><ns3:Speed>0.0</ns3:Speed></ns3:TPX></Extensions></Trackpoint><Trackpoint><Time>2026-01-20T23:04:42Z</Time><HeartRateBpm><Value>128</Value></HeartRateBpm><Cadence>88</Cadence><Extensions><ns3:TPX><ns3:Speed>0.0</ns3:Speed></ns3:TPX></Extensions></Trackpoint><Trackpoint><Time>2026-01-20T23:04:48Z</Time><HeartRateBpm><Value>128</Value></HeartRateBpm><Cadence>88</Cadence><Extensions><ns3:TPX><ns3:Speed>0.0</ns3:Speed></ns3:TPX></Extensions></Trackpoint><Trackpoint><Time>2026-01-20T23:04:50Z</Time><HeartRateBpm><Value>132</Value></HeartRateBpm><Cadence>88</Cadence><Extensions><ns3:TPX><ns3:Speed>0.0</ns3:Speed></ns3:TPX></Extensions></Trackpoint><Trackpoint><Time>2026-01-20T23:04:51Z</Time><HeartRateBpm><Value>133</Value></HeartRateBpm><Cadence>88</Cadence><Extensions><ns3:TPX><ns3:Speed>0.0</ns3:Speed></ns3:TPX></Extensions></Trackpoint><Trackpoint><Time>2026-01-20T23:04:52Z</Time><HeartRateBpm><Value>134</Value></HeartRateBpm><Cadence>88</Cadence><Extensions><ns3:TPX><ns3:Speed>0.0</ns3:Speed></ns3:TPX></Extensions></Trackpoint><Trackpoint><Time>2026-01-20T23:04:53Z</Time><HeartRateBpm><Value>133</Value></HeartRateBpm><Cadence>88</Cadence><Extensions><ns3:TPX><ns3:Speed>0.0</ns3:Speed></ns3:TPX></Extensions></Trackpoint><Trackpoint><Time>2026-01-20T23:04:58Z</Time><HeartRateBpm><Value>133</Value></HeartRateBpm><Cadence>88</Cadence><Extensions><ns3:TPX><ns3:Speed>0.0</ns3:Speed></ns3:TPX></Extensions></Trackpoint><Trackpoint><Time>2026-01-20T23:04:59Z</Time><HeartRateBpm><Value>132</Value></HeartRateBpm><Cadence>88</Cadence><Extensions><ns3:TPX><ns3:Speed>0.0</ns3:Speed></ns3:TPX></Extensions></Trackpoint><Trackpoint><Time>2026-01-20T23:05:04Z</Time><HeartRateBpm><Value>132</Value></HeartRateBpm><Cadence>88</Cadence><Extensions><ns3:TPX><ns3:Speed>0.0</ns3:Speed></ns3:TPX></Extensions></Trackpoint><Trackpoint><Time>2026-01-20T23:05:08Z</Time><HeartRateBpm><Value>131</Value></HeartRateBpm><Cadence>88</Cadence><Extensions><ns3:TPX><ns3:Speed>0.0</ns3:Speed></ns3:TPX></Extensions></Trackpoint><Trackpoint><Time>2026-01-20T23:05:12Z</Time><HeartRateBpm><Value>130</Value></HeartRateBpm><Cadence>88</Cadence><Extensions><ns3:TPX><ns3:Speed>0.0</ns3:Speed></ns3:TPX></Extensions></Trackpoint><Trackpoint><Time>2026-01-20T23:05:17Z</Time><HeartRateBpm><Value>129</Value></HeartRateBpm><Cadence>88</Cadence><Extensions><ns3:TPX><ns3:Speed>0.0</ns3:Speed></ns3:TPX></Extensions></Trackpoint><Trackpoint><Time>2026-01-20T23:05:18Z</Time><HeartRateBpm><Value>128</Value></HeartRateBpm><Cadence>88</Cadence><Extensions><ns3:TPX><ns3:Speed>0.0</ns3:Speed></ns3:TPX></Extensions></Trackpoint><Trackpoint><Time>2026-01-20T23:05:20Z</Time><HeartRateBpm><Value>127</Value></HeartRateBpm><Cadence>88</Cadence><Extensions><ns3:TPX><ns3:Speed>0.0</ns3:Speed></ns3:TPX></Extensions></Trackpoint><Trackpoint><Time>2026-01-20T23:05:21Z</Time><HeartRateBpm><Value>126</Value></HeartRateBpm><Cadence>88</Cadence><Extensions><ns3:TPX><ns3:Speed>0.0</ns3:Speed></ns3:TPX></Extensions></Trackpoint><Trackpoint><Time>2026-01-20T23:05:24Z</Time><HeartRateBpm><Value>125</Value></HeartRateBpm><Cadence>88</Cadence><Extensions><ns3:TPX><ns3:Speed>0.0</ns3:Speed></ns3:TPX></Extensions></Trackpoint><Trackpoint><Time>2026-01-20T23:05:26Z</Time><HeartRateBpm><Value>124</Value></HeartRateBpm><Cadence>88</Cadence><Extensions><ns3:TPX><ns3:Speed>0.0</ns3:Speed></ns3:TPX></Extensions></Trackpoint><Trackpoint><Time>2026-01-20T23:05:28Z</Time><HeartRateBpm><Value>123</Value></HeartRateBpm><Cadence>88</Cadence><Extensions><ns3:TPX><ns3:Speed>0.0</ns3:Speed></ns3:TPX></Extensions></Trackpoint><Trackpoint><Time>2026-01-20T23:05:29Z</Time><HeartRateBpm><Value>122</Value></HeartRateBpm><Cadence>88</Cadence><Extensions><ns3:TPX><ns3:Speed>0.0</ns3:Speed></ns3:TPX></Extensions></Trackpoint><Trackpoint><Time>2026-01-20T23:05:30Z</Time><HeartRateBpm><Value>121</Value></HeartRateBpm><Cadence>88</Cadence><Extensions><ns3:TPX><ns3:Speed>0.0</ns3:Speed></ns3:TPX></Extensions></Trackpoint><Trackpoint><Time>2026-01-20T23:05:31Z</Time><HeartRateBpm><Value>120</Value></HeartRateBpm><Cadence>88</Cadence><Extensions><ns3:TPX><ns3:Speed>0.0</ns3:Speed></ns3:TPX></Extensions></Trackpoint><Trackpoint><Time>2026-01-20T23:05:33Z</Time><HeartRateBpm><Value>121</Value></HeartRateBpm><Cadence>88</Cadence><Extensions><ns3:TPX><ns3:Speed>0.0</ns3:Speed></ns3:TPX></Extensions></Trackpoint><Trackpoint><Time>2026-01-20T23:05:34Z</Time><HeartRateBpm><Value>123</Value></HeartRateBpm><Cadence>88</Cadence><Extensions><ns3:TPX><ns3:Speed>0.0</ns3:Speed></ns3:TPX></Extensions></Trackpoint><Trackpoint><Time>2026-01-20T23:05:35Z</Time><HeartRateBpm><Value>124</Value></HeartRateBpm><Cadence>88</Cadence><Extensions><ns3:TPX><ns3:Speed>0.0</ns3:Speed></ns3:TPX></Extensions></Trackpoint><Trackpoint><Time>2026-01-20T23:05:36Z</Time><HeartRateBpm><Value>125</Value></HeartRateBpm><Cadence>88</Cadence><Extensions><ns3:TPX><ns3:Speed>0.0</ns3:Speed></ns3:TPX></Extensions></Trackpoint><Trackpoint><Time>2026-01-20T23:05:39Z</Time><HeartRateBpm><Value>124</Value></HeartRateBpm><Cadence>88</Cadence><Extensions><ns3:TPX><ns3:Speed>0.0</ns3:Speed></ns3:TPX></Extensions></Trackpoint><Trackpoint><Time>2026-01-20T23:05:43Z</Time><HeartRateBpm><Value>121</Value></HeartRateBpm><Cadence>88</Cadence><Extensions><ns3:TPX><ns3:Speed>0.0</ns3:Speed></ns3:TPX></Extensions></Trackpoint><Trackpoint><Time>2026-01-20T23:05:45Z</Time><HeartRateBpm><Value>120</Value></HeartRateBpm><Cadence>88</Cadence><Extensions><ns3:TPX><ns3:Speed>0.0</ns3:Speed></ns3:TPX></Extensions></Trackpoint><Trackpoint><Time>2026-01-20T23:05:46Z</Time><HeartRateBpm><Value>121</Value></HeartRateBpm><Cadence>88</Cadence><Extensions><ns3:TPX><ns3:Speed>0.0</ns3:Speed></ns3:TPX></Extensions></Trackpoint><Trackpoint><Time>2026-01-20T23:05:48Z</Time><HeartRateBpm><Value>122</Value></HeartRateBpm><Cadence>88</Cadence><Extensions><ns3:TPX><ns3:Speed>0.0</ns3:Speed></ns3:TPX></Extensions></Trackpoint><Trackpoint><Time>2026-01-20T23:05:51Z</Time><HeartRateBpm><Value>121</Value></HeartRateBpm><Cadence>88</Cadence><Extensions><ns3:TPX><ns3:Speed>0.0</ns3:Speed></ns3:TPX></Extensions></Trackpoint><Trackpoint><Time>2026-01-20T23:05:57Z</Time><HeartRateBpm><Value>121</Value></HeartRateBpm><Cadence>88</Cadence><Extensions><ns3:TPX><ns3:Speed>0.0</ns3:Speed></ns3:TPX></Extensions></Trackpoint><Trackpoint><Time>2026-01-20T23:06:01Z</Time><HeartRateBpm><Value>122</Value></HeartRateBpm><Cadence>88</Cadence><Extensions><ns3:TPX><ns3:Speed>0.0</ns3:Speed></ns3:TPX></Extensions></Trackpoint><Trackpoint><Time>2026-01-20T23:06:06Z</Time><HeartRateBpm><Value>122</Value></HeartRateBpm><Cadence>88</Cadence><Extensions><ns3:TPX><ns3:Speed>0.0</ns3:Speed></ns3:TPX></Extensions></Trackpoint><Trackpoint><Time>2026-01-20T23:06:07Z</Time><HeartRateBpm><Value>123</Value></HeartRateBpm><Cadence>88</Cadence><Extensions><ns3:TPX><ns3:Speed>0.0</ns3:Speed></ns3:TPX></Extensions></Trackpoint><Trackpoint><Time>2026-01-20T23:06:09Z</Time><HeartRateBpm><Value>124</Value></HeartRateBpm><Cadence>88</Cadence><Extensions><ns3:TPX><ns3:Speed>0.0</ns3:Speed></ns3:TPX></Extensions></Trackpoint><Trackpoint><Time>2026-01-20T23:06:15Z</Time><HeartRateBpm><Value>124</Value></HeartRateBpm><Cadence>88</Cadence><Extensions><ns3:TPX><ns3:Speed>0.0</ns3:Speed></ns3:TPX></Extensions></Trackpoint><Trackpoint><Time>2026-01-20T23:06:19Z</Time><HeartRateBpm><Value>124</Value></HeartRateBpm><Cadence>88</Cadence><Extensions><ns3:TPX><ns3:Speed>0.0</ns3:Speed></ns3:TPX></Extensions></Trackpoint><Trackpoint><Time>2026-01-20T23:06:24Z</Time><HeartRateBpm><Value>123</Value></HeartRateBpm><Cadence>88</Cadence><Extensions><ns3:TPX><ns3:Speed>0.0</ns3:Speed></ns3:TPX></Extensions></Trackpoint><Trackpoint><Time>2026-01-20T23:06:25Z</Time><HeartRateBpm><Value>120</Value></HeartRateBpm><Cadence>88</Cadence><Extensions><ns3:TPX><ns3:Speed>0.0</ns3:Speed></ns3:TPX></Extensions></Trackpoint><Trackpoint><Time>2026-01-20T23:06:26Z</Time><HeartRateBpm><Value>115</Value></HeartRateBpm><Cadence>88</Cadence><Extensions><ns3:TPX><ns3:Speed>0.0</ns3:Speed></ns3:TPX></Extensions></Trackpoint><Trackpoint><Time>2026-01-20T23:06:28Z</Time><HeartRateBpm><Value>112</Value></HeartRateBpm><Cadence>88</Cadence><Extensions><ns3:TPX><ns3:Speed>0.0</ns3:Speed></ns3:TPX></Extensions></Trackpoint><Trackpoint><Time>2026-01-20T23:06:29Z</Time><HeartRateBpm><Value>111</Value></HeartRateBpm><Cadence>88</Cadence><Extensions><ns3:TPX><ns3:Speed>0.0</ns3:Speed></ns3:TPX></Extensions></Trackpoint><Trackpoint><Time>2026-01-20T23:06:31Z</Time><HeartRateBpm><Value>110</Value></HeartRateBpm><Cadence>88</Cadence><Extensions><ns3:TPX><ns3:Speed>0.0</ns3:Speed></ns3:TPX></Extensions></Trackpoint><Trackpoint><Time>2026-01-20T23:06:32Z</Time><HeartRateBpm><Value>109</Value></HeartRateBpm><Cadence>88</Cadence><Extensions><ns3:TPX><ns3:Speed>0.0</ns3:Speed></ns3:TPX></Extensions></Trackpoint><Trackpoint><Time>2026-01-20T23:06:37Z</Time><HeartRateBpm><Value>108</Value></HeartRateBpm><Cadence>88</Cadence><Extensions><ns3:TPX><ns3:Speed>0.0</ns3:Speed></ns3:TPX></Extensions></Trackpoint><Trackpoint><Time>2026-01-20T23:06:38Z</Time><HeartRateBpm><Value>107</Value></HeartRateBpm><Cadence>88</Cadence><Extensions><ns3:TPX><ns3:Speed>0.0</ns3:Speed></ns3:TPX></Extensions></Trackpoint><Trackpoint><Time>2026-01-20T23:06:41Z</Time><HeartRateBpm><Value>106</Value></HeartRateBpm><Cadence>88</Cadence><Extensions><ns3:TPX><ns3:Speed>0.0</ns3:Speed></ns3:TPX></Extensions></Trackpoint><Trackpoint><Time>2026-01-20T23:06:42Z</Time><HeartRateBpm><Value>105</Value></HeartRateBpm><Cadence>88</Cadence><Extensions><ns3:TPX><ns3:Speed>0.0</ns3:Speed></ns3:TPX></Extensions></Trackpoint><Trackpoint><Time>2026-01-20T23:06:43Z</Time><HeartRateBpm><Value>104</Value></HeartRateBpm><Cadence>88</Cadence><Extensions><ns3:TPX><ns3:Speed>0.0</ns3:Speed></ns3:TPX></Extensions></Trackpoint><Trackpoint><Time>2026-01-20T23:06:48Z</Time><HeartRateBpm><Value>104</Value></HeartRateBpm><Cadence>88</Cadence><Extensions><ns3:TPX><ns3:Speed>0.0</ns3:Speed></ns3:TPX></Extensions></Trackpoint><Trackpoint><Time>2026-01-20T23:06:53Z</Time><HeartRateBpm><Value>104</Value></HeartRateBpm><Cadence>88</Cadence><Extensions><ns3:TPX><ns3:Speed>0.0</ns3:Speed></ns3:TPX></Extensions></Trackpoint><Trackpoint><Time>2026-01-20T23:06:54Z</Time><HeartRateBpm><Value>105</Value></HeartRateBpm><Cadence>88</Cadence><Extensions><ns3:TPX><ns3:Speed>0.0</ns3:Speed></ns3:TPX></Extensions></Trackpoint><Trackpoint><Time>2026-01-20T23:06:59Z</Time><HeartRateBpm><Value>105</Value></HeartRateBpm><Cadence>88</Cadence><Extensions><ns3:TPX><ns3:Speed>0.0</ns3:Speed></ns3:TPX></Extensions></Trackpoint><Trackpoint><Time>2026-01-20T23:07:00Z</Time><HeartRateBpm><Value>104</Value></HeartRateBpm><Cadence>88</Cadence><Extensions><ns3:TPX><ns3:Speed>0.0</ns3:Speed></ns3:TPX></Extensions></Trackpoint><Trackpoint><Time>2026-01-20T23:07:04Z</Time><HeartRateBpm><Value>103</Value></HeartRateBpm><Cadence>88</Cadence><Extensions><ns3:TPX><ns3:Speed>0.0</ns3:Speed></ns3:TPX></Extensions></Trackpoint><Trackpoint><Time>2026-01-20T23:07:05Z</Time><HeartRateBpm><Value>104</Value></HeartRateBpm><Cadence>88</Cadence><Extensions><ns3:TPX><ns3:Speed>0.0</ns3:Speed></ns3:TPX></Extensions></Trackpoint><Trackpoint><Time>2026-01-20T23:07:07Z</Time><HeartRateBpm><Value>105</Value></HeartRateBpm><Cadence>88</Cadence><Extensions><ns3:TPX><ns3:Speed>0.0</ns3:Speed></ns3:TPX></Extensions></Trackpoint><Trackpoint><Time>2026-01-20T23:07:11Z</Time><HeartRateBpm><Value>106</Value></HeartRateBpm><Cadence>88</Cadence><Extensions><ns3:TPX><ns3:Speed>0.0</ns3:Speed></ns3:TPX></Extensions></Trackpoint><Trackpoint><Time>2026-01-20T23:07:12Z</Time><HeartRateBpm><Value>105</Value></HeartRateBpm><Cadence>88</Cadence><Extensions><ns3:TPX><ns3:Speed>0.0</ns3:Speed></ns3:TPX></Extensions></Trackpoint><Trackpoint><Time>2026-01-20T23:07:14Z</Time><HeartRateBpm><Value>104</Value></HeartRateBpm><Cadence>88</Cadence><Extensions><ns3:TPX><ns3:Speed>0.0</ns3:Speed></ns3:TPX></Extensions></Trackpoint><Trackpoint><Time>2026-01-20T23:07:16Z</Time><HeartRateBpm><Value>103</Value></HeartRateBpm><Cadence>88</Cadence><Extensions><ns3:TPX><ns3:Speed>0.0</ns3:Speed></ns3:TPX></Extensions></Trackpoint><Trackpoint><Time>2026-01-20T23:07:22Z</Time><HeartRateBpm><Value>102</Value></HeartRateBpm><Cadence>88</Cadence><Extensions><ns3:TPX><ns3:Speed>0.0</ns3:Speed></ns3:TPX></Extensions></Trackpoint><Trackpoint><Time>2026-01-20T23:07:24Z</Time><HeartRateBpm><Value>103</Value></HeartRateBpm><Cadence>88</Cadence><Extensions><ns3:TPX><ns3:Speed>0.0</ns3:Speed></ns3:TPX></Extensions></Trackpoint><Trackpoint><Time>2026-01-20T23:07:25Z</Time><HeartRateBpm><Value>104</Value></HeartRateBpm><Cadence>88</Cadence><Extensions><ns3:TPX><ns3:Speed>0.0</ns3:Speed></ns3:TPX></Extensions></Trackpoint><Trackpoint><Time>2026-01-20T23:07:28Z</Time><HeartRateBpm><Value>106</Value></HeartRateBpm><Cadence>88</Cadence><Extensions><ns3:TPX><ns3:Speed>0.0</ns3:Speed></ns3:TPX></Extensions></Trackpoint><Trackpoint><Time>2026-01-20T23:07:29Z</Time><HeartRateBpm><Value>107</Value></HeartRateBpm><Cadence>88</Cadence><Extensions><ns3:TPX><ns3:Speed>0.0</ns3:Speed></ns3:TPX></Extensions></Trackpoint><Trackpoint><Time>2026-01-20T23:07:30Z</Time><HeartRateBpm><Value>108</Value></HeartRateBpm><Cadence>88</Cadence><Extensions><ns3:TPX><ns3:Speed>0.0</ns3:Speed></ns3:TPX></Extensions></Trackpoint><Trackpoint><Time>2026-01-20T23:07:32Z</Time><HeartRateBpm><Value>107</Value></HeartRateBpm><Cadence>88</Cadence><Extensions><ns3:TPX><ns3:Speed>0.0</ns3:Speed></ns3:TPX></Extensions></Trackpoint><Trackpoint><Time>2026-01-20T23:07:35Z</Time><HeartRateBpm><Value>106</Value></HeartRateBpm><Cadence>88</Cadence><Extensions><ns3:TPX><ns3:Speed>0.0</ns3:Speed></ns3:TPX></Extensions></Trackpoint><Trackpoint><Time>2026-01-20T23:07:41Z</Time><HeartRateBpm><Value>107</Value></HeartRateBpm><Cadence>88</Cadence><Extensions><ns3:TPX><ns3:Speed>0.0</ns3:Speed></ns3:TPX></Extensions></Trackpoint><Trackpoint><Time>2026-01-20T23:07:44Z</Time><HeartRateBpm><Value>108</Value></HeartRateBpm><Cadence>88</Cadence><Extensions><ns3:TPX><ns3:Speed>0.0</ns3:Speed></ns3:TPX></Extensions></Trackpoint><Trackpoint><Time>2026-01-20T23:07:47Z</Time><HeartRateBpm><Value>106</Value></HeartRateBpm><Cadence>88</Cadence><Extensions><ns3:TPX><ns3:Speed>0.0</ns3:Speed></ns3:TPX></Extensions></Trackpoint><Trackpoint><Time>2026-01-20T23:07:48Z</Time><HeartRateBpm><Value>105</Value></HeartRateBpm><Cadence>88</Cadence><Extensions><ns3:TPX><ns3:Speed>0.0</ns3:Speed></ns3:TPX></Extensions></Trackpoint><Trackpoint><Time>2026-01-20T23:07:53Z</Time><HeartRateBpm><Value>105</Value></HeartRateBpm><Cadence>88</Cadence><Extensions><ns3:TPX><ns3:Speed>0.0</ns3:Speed></ns3:TPX></Extensions></Trackpoint><Trackpoint><Time>2026-01-20T23:07:54Z</Time><HeartRateBpm><Value>104</Value></HeartRateBpm><Cadence>88</Cadence><Extensions><ns3:TPX><ns3:Speed>0.0</ns3:Speed></ns3:TPX></Extensions></Trackpoint><Trackpoint><Time>2026-01-20T23:07:56Z</Time><HeartRateBpm><Value>105</Value></HeartRateBpm><Cadence>88</Cadence><Extensions><ns3:TPX><ns3:Speed>0.0</ns3:Speed></ns3:TPX></Extensions></Trackpoint><Trackpoint><Time>2026-01-20T23:07:59Z</Time><HeartRateBpm><Value>106</Value></HeartRateBpm><Cadence>88</Cadence><Extensions><ns3:TPX><ns3:Speed>0.0</ns3:Speed></ns3:TPX></Extensions></Trackpoint><Trackpoint><Time>2026-01-20T23:08:05Z</Time><HeartRateBpm><Value>104</Value></HeartRateBpm><Cadence>88</Cadence><Extensions><ns3:TPX><ns3:Speed>0.0</ns3:Speed></ns3:TPX></Extensions></Trackpoint><Trackpoint><Time>2026-01-20T23:08:06Z</Time><HeartRateBpm><Value>103</Value></HeartRateBpm><Cadence>88</Cadence><Extensions><ns3:TPX><ns3:Speed>0.0</ns3:Speed></ns3:TPX></Extensions></Trackpoint><Trackpoint><Time>2026-01-20T23:08:07Z</Time><HeartRateBpm><Value>104</Value></HeartRateBpm><Cadence>88</Cadence><Extensions><ns3:TPX><ns3:Speed>0.0</ns3:Speed></ns3:TPX></Extensions></Trackpoint><Trackpoint><Time>2026-01-20T23:08:08Z</Time><HeartRateBpm><Value>105</Value></HeartRateBpm><Cadence>88</Cadence><Extensions><ns3:TPX><ns3:Speed>0.0</ns3:Speed></ns3:TPX></Extensions></Trackpoint><Trackpoint><Time>2026-01-20T23:08:11Z</Time><HeartRateBpm><Value>106</Value></HeartRateBpm><Cadence>88</Cadence><Extensions><ns3:TPX><ns3:Speed>0.0</ns3:Speed></ns3:TPX></Extensions></Trackpoint><Trackpoint><Time>2026-01-20T23:08:14Z</Time><HeartRateBpm><Value>105</Value></HeartRateBpm><Cadence>88</Cadence><Extensions><ns3:TPX><ns3:Speed>0.0</ns3:Speed></ns3:TPX></Extensions></Trackpoint><Trackpoint><Time>2026-01-20T23:08:18Z</Time><HeartRateBpm><Value>104</Value></HeartRateBpm><Cadence>88</Cadence><Extensions><ns3:TPX><ns3:Speed>0.0</ns3:Speed></ns3:TPX></Extensions></Trackpoint><Trackpoint><Time>2026-01-20T23:08:19Z</Time><HeartRateBpm><Value>103</Value></HeartRateBpm><Cadence>88</Cadence><Extensions><ns3:TPX><ns3:Speed>0.0</ns3:Speed></ns3:TPX></Extensions></Trackpoint><Trackpoint><Time>2026-01-20T23:08:23Z</Time><HeartRateBpm><Value>102</Value></HeartRateBpm><Cadence>88</Cadence><Extensions><ns3:TPX><ns3:Speed>0.0</ns3:Speed></ns3:TPX></Extensions></Trackpoint><Trackpoint><Time>2026-01-20T23:08:29Z</Time><HeartRateBpm><Value>102</Value></HeartRateBpm><Cadence>88</Cadence><Extensions><ns3:TPX><ns3:Speed>0.0</ns3:Speed></ns3:TPX></Extensions></Trackpoint><Trackpoint><Time>2026-01-20T23:08:32Z</Time><HeartRateBpm><Value>103</Value></HeartRateBpm><Cadence>88</Cadence><Extensions><ns3:TPX><ns3:Speed>0.0</ns3:Speed></ns3:TPX></Extensions></Trackpoint><Trackpoint><Time>2026-01-20T23:08:33Z</Time><HeartRateBpm><Value>101</Value></HeartRateBpm><Cadence>88</Cadence><Extensions><ns3:TPX><ns3:Speed>0.0</ns3:Speed></ns3:TPX></Extensions></Trackpoint><Trackpoint><Time>2026-01-20T23:08:37Z</Time><HeartRateBpm><Value>100</Value></HeartRateBpm><Cadence>88</Cadence><Extensions><ns3:TPX><ns3:Speed>0.0</ns3:Speed></ns3:TPX></Extensions></Trackpoint><Trackpoint><Time>2026-01-20T23:08:41Z</Time><HeartRateBpm><Value>102</Value></HeartRateBpm><Cadence>88</Cadence><Extensions><ns3:TPX><ns3:Speed>0.0</ns3:Speed></ns3:TPX></Extensions></Trackpoint><Trackpoint><Time>2026-01-20T23:08:43Z</Time><HeartRateBpm><Value>103</Value></HeartRateBpm><Cadence>88</Cadence><Extensions><ns3:TPX><ns3:Speed>0.0</ns3:Speed></ns3:TPX></Extensions></Trackpoint><Trackpoint><Time>2026-01-20T23:08:44Z</Time><HeartRateBpm><Value>102</Value></HeartRateBpm><Cadence>88</Cadence><Extensions><ns3:TPX><ns3:Speed>0.0</ns3:Speed></ns3:TPX></Extensions></Trackpoint><Trackpoint><Time>2026-01-20T23:08:45Z</Time><HeartRateBpm><Value>101</Value></HeartRateBpm><Cadence>88</Cadence><Extensions><ns3:TPX><ns3:Speed>0.0</ns3:Speed></ns3:TPX></Extensions></Trackpoint><Trackpoint><Time>2026-01-20T23:08:47Z</Time><HeartRateBpm><Value>103</Value></HeartRateBpm><Cadence>88</Cadence><Extensions><ns3:TPX><ns3:Speed>0.0</ns3:Speed></ns3:TPX></Extensions></Trackpoint><Trackpoint><Time>2026-01-20T23:08:48Z</Time><HeartRateBpm><Value>104</Value></HeartRateBpm><Cadence>88</Cadence><Extensions><ns3:TPX><ns3:Speed>0.0</ns3:Speed></ns3:TPX></Extensions></Trackpoint><Trackpoint><Time>2026-01-20T23:08:53Z</Time><HeartRateBpm><Value>104</Value></HeartRateBpm><Cadence>88</Cadence><Extensions><ns3:TPX><ns3:Speed>0.0</ns3:Speed></ns3:TPX></Extensions></Trackpoint><Trackpoint><Time>2026-01-20T23:08:54Z</Time><HeartRateBpm><Value>105</Value></HeartRateBpm><Cadence>88</Cadence><Extensions><ns3:TPX><ns3:Speed>0.0</ns3:Speed></ns3:TPX></Extensions></Trackpoint><Trackpoint><Time>2026-01-20T23:08:57Z</Time><HeartRateBpm><Value>104</Value></HeartRateBpm><Cadence>88</Cadence><Extensions><ns3:TPX><ns3:Speed>0.0</ns3:Speed></ns3:TPX></Extensions></Trackpoint><Trackpoint><Time>2026-01-20T23:08:59Z</Time><HeartRateBpm><Value>103</Value></HeartRateBpm><Cadence>88</Cadence><Extensions><ns3:TPX><ns3:Speed>0.0</ns3:Speed></ns3:TPX></Extensions></Trackpoint><Trackpoint><Time>2026-01-20T23:09:00Z</Time><HeartRateBpm><Value>102</Value></HeartRateBpm><Cadence>88</Cadence><Extensions><ns3:TPX><ns3:Speed>0.0</ns3:Speed></ns3:TPX></Extensions></Trackpoint><Trackpoint><Time>2026-01-20T23:09:01Z</Time><HeartRateBpm><Value>101</Value></HeartRateBpm><Cadence>88</Cadence><Extensions><ns3:TPX><ns3:Speed>0.0</ns3:Speed></ns3:TPX></Extensions></Trackpoint><Trackpoint><Time>2026-01-20T23:09:02Z</Time><HeartRateBpm><Value>100</Value></HeartRateBpm><Cadence>88</Cadence><Extensions><ns3:TPX><ns3:Speed>0.0</ns3:Speed></ns3:TPX></Extensions></Trackpoint><Trackpoint><Time>2026-01-20T23:09:05Z</Time><HeartRateBpm><Value>103</Value></HeartRateBpm><Cadence>88</Cadence><Extensions><ns3:TPX><ns3:Speed>0.0</ns3:Speed></ns3:TPX></Extensions></Trackpoint><Trackpoint><Time>2026-01-20T23:09:07Z</Time><HeartRateBpm><Value>104</Value></HeartRateBpm><Cadence>88</Cadence><Extensions><ns3:TPX><ns3:Speed>0.0</ns3:Speed></ns3:TPX></Extensions></Trackpoint><Trackpoint><Time>2026-01-20T23:09:12Z</Time><HeartRateBpm><Value>104</Value></HeartRateBpm><Cadence>88</Cadence><Extensions><ns3:TPX><ns3:Speed>0.0</ns3:Speed></ns3:TPX></Extensions></Trackpoint><Trackpoint><Time>2026-01-20T23:09:17Z</Time><HeartRateBpm><Value>104</Value></HeartRateBpm><Cadence>88</Cadence><Extensions><ns3:TPX><ns3:Speed>0.0</ns3:Speed></ns3:TPX></Extensions></Trackpoint><Trackpoint><Time>2026-01-20T23:09:23Z</Time><HeartRateBpm><Value>104</Value></HeartRateBpm><Cadence>88</Cadence><Extensions><ns3:TPX><ns3:Speed>0.0</ns3:Speed></ns3:TPX></Extensions></Trackpoint><Trackpoint><Time>2026-01-20T23:09:25Z</Time><HeartRateBpm><Value>103</Value></HeartRateBpm><Cadence>88</Cadence><Extensions><ns3:TPX><ns3:Speed>0.0</ns3:Speed></ns3:TPX></Extensions></Trackpoint><Trackpoint><Time>2026-01-20T23:09:29Z</Time><HeartRateBpm><Value>102</Value></HeartRateBpm><Cadence>88</Cadence><Extensions><ns3:TPX><ns3:Speed>0.0</ns3:Speed></ns3:TPX></Extensions></Trackpoint><Trackpoint><Time>2026-01-20T23:09:35Z</Time><HeartRateBpm><Value>101</Value></HeartRateBpm><Cadence>88</Cadence><Extensions><ns3:TPX><ns3:Speed>0.0</ns3:Speed></ns3:TPX></Extensions></Trackpoint><Trackpoint><Time>2026-01-20T23:09:41Z</Time><HeartRateBpm><Value>101</Value></HeartRateBpm><Cadence>88</Cadence><Extensions><ns3:TPX><ns3:Speed>0.0</ns3:Speed></ns3:TPX></Extensions></Trackpoint><Trackpoint><Time>2026-01-20T23:09:42Z</Time><HeartRateBpm><Value>103</Value></HeartRateBpm><Cadence>88</Cadence><Extensions><ns3:TPX><ns3:Speed>0.0</ns3:Speed></ns3:TPX></Extensions></Trackpoint><Trackpoint><Time>2026-01-20T23:09:43Z</Time><HeartRateBpm><Value>104</Value></HeartRateBpm><Cadence>88</Cadence><Extensions><ns3:TPX><ns3:Speed>0.0</ns3:Speed></ns3:TPX></Extensions></Trackpoint><Trackpoint><Time>2026-01-20T23:09:48Z</Time><HeartRateBpm><Value>104</Value></HeartRateBpm><Cadence>88</Cadence><Extensions><ns3:TPX><ns3:Speed>0.0</ns3:Speed></ns3:TPX></Extensions></Trackpoint><Trackpoint><Time>2026-01-20T23:09:50Z</Time><HeartRateBpm><Value>105</Value></HeartRateBpm><Cadence>88</Cadence><Extensions><ns3:TPX><ns3:Speed>0.0</ns3:Speed></ns3:TPX></Extensions></Trackpoint><Trackpoint><Time>2026-01-20T23:09:51Z</Time><HeartRateBpm><Value>107</Value></HeartRateBpm><Cadence>88</Cadence><Extensions><ns3:TPX><ns3:Speed>0.0</ns3:Speed></ns3:TPX></Extensions></Trackpoint><Trackpoint><Time>2026-01-20T23:09:53Z</Time><HeartRateBpm><Value>109</Value></HeartRateBpm><Cadence>88</Cadence><Extensions><ns3:TPX><ns3:Speed>0.0</ns3:Speed></ns3:TPX></Extensions></Trackpoint><Trackpoint><Time>2026-01-20T23:09:54Z</Time><HeartRateBpm><Value>110</Value></HeartRateBpm><Cadence>88</Cadence><Extensions><ns3:TPX><ns3:Speed>0.0</ns3:Speed></ns3:TPX></Extensions></Trackpoint><Trackpoint><Time>2026-01-20T23:09:59Z</Time><HeartRateBpm><Value>110</Value></HeartRateBpm><Cadence>88</Cadence><Extensions><ns3:TPX><ns3:Speed>0.0</ns3:Speed></ns3:TPX></Extensions></Trackpoint><Trackpoint><Time>2026-01-20T23:10:00Z</Time><HeartRateBpm><Value>111</Value></HeartRateBpm><Cadence>88</Cadence><Extensions><ns3:TPX><ns3:Speed>0.0</ns3:Speed></ns3:TPX></Extensions></Trackpoint><Trackpoint><Time>2026-01-20T23:10:01Z</Time><HeartRateBpm><Value>112</Value></HeartRateBpm><Cadence>88</Cadence><Extensions><ns3:TPX><ns3:Speed>0.0</ns3:Speed></ns3:TPX></Extensions></Trackpoint><Trackpoint><Time>2026-01-20T23:10:02Z</Time><HeartRateBpm><Value>114</Value></HeartRateBpm><Cadence>88</Cadence><Extensions><ns3:TPX><ns3:Speed>0.0</ns3:Speed></ns3:TPX></Extensions></Trackpoint><Trackpoint><Time>2026-01-20T23:10:03Z</Time><HeartRateBpm><Value>109</Value></HeartRateBpm><Cadence>88</Cadence><Extensions><ns3:TPX><ns3:Speed>0.0</ns3:Speed></ns3:TPX></Extensions></Trackpoint><Trackpoint><Time>2026-01-20T23:10:04Z</Time><HeartRateBpm><Value>114</Value></HeartRateBpm><Cadence>88</Cadence><Extensions><ns3:TPX><ns3:Speed>0.0</ns3:Speed></ns3:TPX></Extensions></Trackpoint><Trackpoint><Time>2026-01-20T23:10:06Z</Time><HeartRateBpm><Value>111</Value></HeartRateBpm><Cadence>88</Cadence><Extensions><ns3:TPX><ns3:Speed>0.0</ns3:Speed></ns3:TPX></Extensions></Trackpoint><Trackpoint><Time>2026-01-20T23:10:07Z</Time><HeartRateBpm><Value>109</Value></HeartRateBpm><Cadence>88</Cadence><Extensions><ns3:TPX><ns3:Speed>0.0</ns3:Speed></ns3:TPX></Extensions></Trackpoint><Trackpoint><Time>2026-01-20T23:10:08Z</Time><HeartRateBpm><Value>108</Value></HeartRateBpm><Cadence>88</Cadence><Extensions><ns3:TPX><ns3:Speed>0.0</ns3:Speed></ns3:TPX></Extensions></Trackpoint><Trackpoint><Time>2026-01-20T23:10:09Z</Time><HeartRateBpm><Value>107</Value></HeartRateBpm><Cadence>88</Cadence><Extensions><ns3:TPX><ns3:Speed>0.0</ns3:Speed></ns3:TPX></Extensions></Trackpoint><Trackpoint><Time>2026-01-20T23:10:12Z</Time><HeartRateBpm><Value>106</Value></HeartRateBpm><Cadence>88</Cadence><Extensions><ns3:TPX><ns3:Speed>0.0</ns3:Speed></ns3:TPX></Extensions></Trackpoint><Trackpoint><Time>2026-01-20T23:10:14Z</Time><HeartRateBpm><Value>105</Value></HeartRateBpm><Cadence>88</Cadence><Extensions><ns3:TPX><ns3:Speed>0.0</ns3:Speed></ns3:TPX></Extensions></Trackpoint><Trackpoint><Time>2026-01-20T23:10:18Z</Time><HeartRateBpm><Value>106</Value></HeartRateBpm><Cadence>88</Cadence><Extensions><ns3:TPX><ns3:Speed>0.0</ns3:Speed></ns3:TPX></Extensions></Trackpoint><Trackpoint><Time>2026-01-20T23:10:21Z</Time><HeartRateBpm><Value>107</Value></HeartRateBpm><Cadence>88</Cadence><Extensions><ns3:TPX><ns3:Speed>0.0</ns3:Speed></ns3:TPX></Extensions></Trackpoint><Trackpoint><Time>2026-01-20T23:10:22Z</Time><HeartRateBpm><Value>106</Value></HeartRateBpm><Cadence>88</Cadence><Extensions><ns3:TPX><ns3:Speed>0.0</ns3:Speed></ns3:TPX></Extensions></Trackpoint><Trackpoint><Time>2026-01-20T23:10:24Z</Time><HeartRateBpm><Value>105</Value></HeartRateBpm><Cadence>88</Cadence><Extensions><ns3:TPX><ns3:Speed>0.0</ns3:Speed></ns3:TPX></Extensions></Trackpoint><Trackpoint><Time>2026-01-20T23:10:30Z</Time><HeartRateBpm><Value>105</Value></HeartRateBpm><Cadence>88</Cadence><Extensions><ns3:TPX><ns3:Speed>0.0</ns3:Speed></ns3:TPX></Extensions></Trackpoint><Trackpoint><Time>2026-01-20T23:10:36Z</Time><HeartRateBpm><Value>105</Value></HeartRateBpm><Cadence>88</Cadence><Extensions><ns3:TPX><ns3:Speed>0.0</ns3:Speed></ns3:TPX></Extensions></Trackpoint><Trackpoint><Time>2026-01-20T23:10:39Z</Time><HeartRateBpm><Value>104</Value></HeartRateBpm><Cadence>88</Cadence><Extensions><ns3:TPX><ns3:Speed>0.0</ns3:Speed></ns3:TPX></Extensions></Trackpoint><Trackpoint><Time>2026-01-20T23:10:42Z</Time><HeartRateBpm><Value>105</Value></HeartRateBpm><Cadence>88</Cadence><Extensions><ns3:TPX><ns3:Speed>0.0</ns3:Speed></ns3:TPX></Extensions></Trackpoint><Trackpoint><Time>2026-01-20T23:10:44Z</Time><HeartRateBpm><Value>104</Value></HeartRateBpm><Cadence>88</Cadence><Extensions><ns3:TPX><ns3:Speed>0.0</ns3:Speed></ns3:TPX></Extensions></Trackpoint><Trackpoint><Time>2026-01-20T23:10:48Z</Time><HeartRateBpm><Value>103</Value></HeartRateBpm><Cadence>88</Cadence><Extensions><ns3:TPX><ns3:Speed>0.0</ns3:Speed></ns3:TPX></Extensions></Trackpoint><Trackpoint><Time>2026-01-20T23:10:49Z</Time><HeartRateBpm><Value>102</Value></HeartRateBpm><Cadence>88</Cadence><Extensions><ns3:TPX><ns3:Speed>0.0</ns3:Speed></ns3:TPX></Extensions></Trackpoint><Trackpoint><Time>2026-01-20T23:10:54Z</Time><HeartRateBpm><Value>102</Value></HeartRateBpm><Cadence>88</Cadence><Extensions><ns3:TPX><ns3:Speed>0.0</ns3:Speed></ns3:TPX></Extensions></Trackpoint><Trackpoint><Time>2026-01-20T23:10:57Z</Time><HeartRateBpm><Value>101</Value></HeartRateBpm><Cadence>88</Cadence><Extensions><ns3:TPX><ns3:Speed>0.0</ns3:Speed></ns3:TPX></Extensions></Trackpoint><Trackpoint><Time>2026-01-20T23:11:00Z</Time><HeartRateBpm><Value>100</Value></HeartRateBpm><Cadence>88</Cadence><Extensions><ns3:TPX><ns3:Speed>0.0</ns3:Speed></ns3:TPX></Extensions></Trackpoint><Trackpoint><Time>2026-01-20T23:11:01Z</Time><HeartRateBpm><Value>101</Value></HeartRateBpm><Cadence>88</Cadence><Extensions><ns3:TPX><ns3:Speed>0.0</ns3:Speed></ns3:TPX></Extensions></Trackpoint><Trackpoint><Time>2026-01-20T23:11:06Z</Time><HeartRateBpm><Value>101</Value></HeartRateBpm><Cadence>88</Cadence><Extensions><ns3:TPX><ns3:Speed>0.0</ns3:Speed></ns3:TPX></Extensions></Trackpoint><Trackpoint><Time>2026-01-20T23:11:12Z</Time><HeartRateBpm><Value>103</Value></HeartRateBpm><Cadence>88</Cadence><Extensions><ns3:TPX><ns3:Speed>0.0</ns3:Speed></ns3:TPX></Extensions></Trackpoint><Trackpoint><Time>2026-01-20T23:11:16Z</Time><HeartRateBpm><Value>103</Value></HeartRateBpm><Cadence>88</Cadence><Extensions><ns3:TPX><ns3:Speed>0.0</ns3:Speed></ns3:TPX></Extensions></Trackpoint><Trackpoint><Time>2026-01-20T23:11:17Z</Time><HeartRateBpm><Value>102</Value></HeartRateBpm><Cadence>88</Cadence><Extensions><ns3:TPX><ns3:Speed>0.0</ns3:Speed></ns3:TPX></Extensions></Trackpoint><Trackpoint><Time>2026-01-20T23:11:19Z</Time><HeartRateBpm><Value>101</Value></HeartRateBpm><Cadence>88</Cadence><Extensions><ns3:TPX><ns3:Speed>0.0</ns3:Speed></ns3:TPX></Extensions></Trackpoint><Trackpoint><Time>2026-01-20T23:11:20Z</Time><HeartRateBpm><Value>100</Value></HeartRateBpm><Cadence>88</Cadence><Extensions><ns3:TPX><ns3:Speed>0.0</ns3:Speed></ns3:TPX></Extensions></Trackpoint><Trackpoint><Time>2026-01-20T23:11:21Z</Time><HeartRateBpm><Value>99</Value></HeartRateBpm><Cadence>88</Cadence><Extensions><ns3:TPX><ns3:Speed>0.0</ns3:Speed></ns3:TPX></Extensions></Trackpoint><Trackpoint><Time>2026-01-20T23:11:23Z</Time><HeartRateBpm><Value>97</Value></HeartRateBpm><Cadence>88</Cadence><Extensions><ns3:TPX><ns3:Speed>0.0</ns3:Speed></ns3:TPX></Extensions></Trackpoint><Trackpoint><Time>2026-01-20T23:11:28Z</Time><HeartRateBpm><Value>98</Value></HeartRateBpm><Cadence>88</Cadence><Extensions><ns3:TPX><ns3:Speed>0.0</ns3:Speed></ns3:TPX></Extensions></Trackpoint><Trackpoint><Time>2026-01-20T23:11:29Z</Time><HeartRateBpm><Value>99</Value></HeartRateBpm><Cadence>88</Cadence><Extensions><ns3:TPX><ns3:Speed>0.0</ns3:Speed></ns3:TPX></Extensions></Trackpoint><Trackpoint><Time>2026-01-20T23:11:33Z</Time><HeartRateBpm><Value>98</Value></HeartRateBpm><Cadence>88</Cadence><Extensions><ns3:TPX><ns3:Speed>0.0</ns3:Speed></ns3:TPX></Extensions></Trackpoint><Trackpoint><Time>2026-01-20T23:11:35Z</Time><HeartRateBpm><Value>97</Value></HeartRateBpm><Cadence>88</Cadence><Extensions><ns3:TPX><ns3:Speed>0.0</ns3:Speed></ns3:TPX></Extensions></Trackpoint><Trackpoint><Time>2026-01-20T23:11:37Z</Time><HeartRateBpm><Value>94</Value></HeartRateBpm><Cadence>88</Cadence><Extensions><ns3:TPX><ns3:Speed>0.0</ns3:Speed></ns3:TPX></Extensions></Trackpoint><Trackpoint><Time>2026-01-20T23:11:39Z</Time><HeartRateBpm><Value>93</Value></HeartRateBpm><Cadence>88</Cadence><Extensions><ns3:TPX><ns3:Speed>0.0</ns3:Speed></ns3:TPX></Extensions></Trackpoint><Trackpoint><Time>2026-01-20T23:11:43Z</Time><HeartRateBpm><Value>92</Value></HeartRateBpm><Cadence>88</Cadence><Extensions><ns3:TPX><ns3:Speed>0.0</ns3:Speed></ns3:TPX></Extensions></Trackpoint><Trackpoint><Time>2026-01-20T23:11:44Z</Time><HeartRateBpm><Value>91</Value></HeartRateBpm><Cadence>88</Cadence><Extensions><ns3:TPX><ns3:Speed>0.0</ns3:Speed></ns3:TPX></Extensions></Trackpoint><Trackpoint><Time>2026-01-20T23:11:45Z</Time><HeartRateBpm><Value>90</Value></HeartRateBpm><Cadence>88</Cadence><Extensions><ns3:TPX><ns3:Speed>0.0</ns3:Speed></ns3:TPX></Extensions></Trackpoint><Trackpoint><Time>2026-01-20T23:11:47Z</Time><HeartRateBpm><Value>91</Value></HeartRateBpm><Cadence>88</Cadence><Extensions><ns3:TPX><ns3:Speed>0.0</ns3:Speed></ns3:TPX></Extensions></Trackpoint><Trackpoint><Time>2026-01-20T23:11:49Z</Time><HeartRateBpm><Value>93</Value></HeartRateBpm><Cadence>88</Cadence><Extensions><ns3:TPX><ns3:Speed>0.0</ns3:Speed></ns3:TPX></Extensions></Trackpoint><Trackpoint><Time>2026-01-20T23:11:51Z</Time><HeartRateBpm><Value>94</Value></HeartRateBpm><Cadence>88</Cadence><Extensions><ns3:TPX><ns3:Speed>0.0</ns3:Speed></ns3:TPX></Extensions></Trackpoint><Trackpoint><Time>2026-01-20T23:11:55Z</Time><HeartRateBpm><Value>93</Value></HeartRateBpm><Cadence>88</Cadence><Extensions><ns3:TPX><ns3:Speed>0.0</ns3:Speed></ns3:TPX></Extensions></Trackpoint><Trackpoint><Time>2026-01-20T23:11:57Z</Time><HeartRateBpm><Value>92</Value></HeartRateBpm><Cadence>88</Cadence><Extensions><ns3:TPX><ns3:Speed>0.0</ns3:Speed></ns3:TPX></Extensions></Trackpoint><Trackpoint><Time>2026-01-20T23:12:01Z</Time><HeartRateBpm><Value>94</Value></HeartRateBpm><Cadence>88</Cadence><Extensions><ns3:TPX><ns3:Speed>0.0</ns3:Speed></ns3:TPX></Extensions></Trackpoint><Trackpoint><Time>2026-01-20T23:12:02Z</Time><HeartRateBpm><Value>95</Value></HeartRateBpm><Cadence>88</Cadence><Extensions><ns3:TPX><ns3:Speed>0.0</ns3:Speed></ns3:TPX></Extensions></Trackpoint><Trackpoint><Time>2026-01-20T23:12:04Z</Time><HeartRateBpm><Value>96</Value></HeartRateBpm><Cadence>88</Cadence><Extensions><ns3:TPX><ns3:Speed>0.0</ns3:Speed></ns3:TPX></Extensions></Trackpoint><Trackpoint><Time>2026-01-20T23:12:05Z</Time><HeartRateBpm><Value>95</Value></HeartRateBpm><Cadence>88</Cadence><Extensions><ns3:TPX><ns3:Speed>0.0</ns3:Speed></ns3:TPX></Extensions></Trackpoint><Trackpoint><Time>2026-01-20T23:12:08Z</Time><HeartRateBpm><Value>97</Value></HeartRateBpm><Cadence>88</Cadence><Extensions><ns3:TPX><ns3:Speed>0.0</ns3:Speed></ns3:TPX></Extensions></Trackpoint><Trackpoint><Time>2026-01-20T23:12:09Z</Time><HeartRateBpm><Value>99</Value></HeartRateBpm><Cadence>88</Cadence><Extensions><ns3:TPX><ns3:Speed>0.0</ns3:Speed></ns3:TPX></Extensions></Trackpoint><Trackpoint><Time>2026-01-20T23:12:10Z</Time><HeartRateBpm><Value>100</Value></HeartRateBpm><Cadence>88</Cadence><Extensions><ns3:TPX><ns3:Speed>0.0</ns3:Speed></ns3:TPX></Extensions></Trackpoint><Trackpoint><Time>2026-01-20T23:12:15Z</Time><HeartRateBpm><Value>101</Value></HeartRateBpm><Cadence>88</Cadence><Extensions><ns3:TPX><ns3:Speed>0.0</ns3:Speed></ns3:TPX></Extensions></Trackpoint><Trackpoint><Time>2026-01-20T23:12:20Z</Time><HeartRateBpm><Value>102</Value></HeartRateBpm><Cadence>88</Cadence><Extensions><ns3:TPX><ns3:Speed>0.0</ns3:Speed></ns3:TPX></Extensions></Trackpoint><Trackpoint><Time>2026-01-20T23:12:22Z</Time><HeartRateBpm><Value>103</Value></HeartRateBpm><Cadence>88</Cadence><Extensions><ns3:TPX><ns3:Speed>0.0</ns3:Speed></ns3:TPX></Extensions></Trackpoint><Trackpoint><Time>2026-01-20T23:12:24Z</Time><HeartRateBpm><Value>102</Value></HeartRateBpm><Cadence>88</Cadence><Extensions><ns3:TPX><ns3:Speed>0.0</ns3:Speed></ns3:TPX></Extensions></Trackpoint><Trackpoint><Time>2026-01-20T23:12:26Z</Time><HeartRateBpm><Value>100</Value></HeartRateBpm><Cadence>88</Cadence><Extensions><ns3:TPX><ns3:Speed>0.0</ns3:Speed></ns3:TPX></Extensions></Trackpoint><Trackpoint><Time>2026-01-20T23:12:27Z</Time><HeartRateBpm><Value>99</Value></HeartRateBpm><Cadence>88</Cadence><Extensions><ns3:TPX><ns3:Speed>0.0</ns3:Speed></ns3:TPX></Extensions></Trackpoint><Trackpoint><Time>2026-01-20T23:12:29Z</Time><HeartRateBpm><Value>98</Value></HeartRateBpm><Cadence>88</Cadence><Extensions><ns3:TPX><ns3:Speed>0.0</ns3:Speed></ns3:TPX></Extensions></Trackpoint><Trackpoint><Time>2026-01-20T23:12:32Z</Time><HeartRateBpm><Value>99</Value></HeartRateBpm><Cadence>88</Cadence><Extensions><ns3:TPX><ns3:Speed>0.0</ns3:Speed></ns3:TPX></Extensions></Trackpoint><Trackpoint><Time>2026-01-20T23:12:33Z</Time><HeartRateBpm><Value>100</Value></HeartRateBpm><Cadence>88</Cadence><Extensions><ns3:TPX><ns3:Speed>0.0</ns3:Speed></ns3:TPX></Extensions></Trackpoint><Trackpoint><Time>2026-01-20T23:12:35Z</Time><HeartRateBpm><Value>101</Value></HeartRateBpm><Cadence>88</Cadence><Extensions><ns3:TPX><ns3:Speed>0.0</ns3:Speed></ns3:TPX></Extensions></Trackpoint><Trackpoint><Time>2026-01-20T23:12:39Z</Time><HeartRateBpm><Value>101</Value></HeartRateBpm><Cadence>88</Cadence><Extensions><ns3:TPX><ns3:Speed>0.0</ns3:Speed></ns3:TPX></Extensions></Trackpoint><Trackpoint><Time>2026-01-20T23:12:43Z</Time><HeartRateBpm><Value>102</Value></HeartRateBpm><Cadence>88</Cadence><Extensions><ns3:TPX><ns3:Speed>0.0</ns3:Speed></ns3:TPX></Extensions></Trackpoint><Trackpoint><Time>2026-01-20T23:12:46Z</Time><HeartRateBpm><Value>103</Value></HeartRateBpm><Cadence>88</Cadence><Extensions><ns3:TPX><ns3:Speed>0.0</ns3:Speed></ns3:TPX></Extensions></Trackpoint><Trackpoint><Time>2026-01-20T23:12:47Z</Time><HeartRateBpm><Value>102</Value></HeartRateBpm><Cadence>88</Cadence><Extensions><ns3:TPX><ns3:Speed>0.0</ns3:Speed></ns3:TPX></Extensions></Trackpoint><Trackpoint><Time>2026-01-20T23:12:49Z</Time><HeartRateBpm><Value>101</Value></HeartRateBpm><Cadence>88</Cadence><Extensions><ns3:TPX><ns3:Speed>0.0</ns3:Speed></ns3:TPX></Extensions></Trackpoint><Trackpoint><Time>2026-01-20T23:12:55Z</Time><HeartRateBpm><Value>101</Value></HeartRateBpm><Cadence>88</Cadence><Extensions><ns3:TPX><ns3:Speed>0.0</ns3:Speed></ns3:TPX></Extensions></Trackpoint><Trackpoint><Time>2026-01-20T23:12:56Z</Time><HeartRateBpm><Value>99</Value></HeartRateBpm><Cadence>88</Cadence><Extensions><ns3:TPX><ns3:Speed>0.0</ns3:Speed></ns3:TPX></Extensions></Trackpoint><Trackpoint><Time>2026-01-20T23:12:59Z</Time><HeartRateBpm><Value>98</Value></HeartRateBpm><Cadence>88</Cadence><Extensions><ns3:TPX><ns3:Speed>0.0</ns3:Speed></ns3:TPX></Extensions></Trackpoint><Trackpoint><Time>2026-01-20T23:13:02Z</Time><HeartRateBpm><Value>96</Value></HeartRateBpm><Cadence>88</Cadence><Extensions><ns3:TPX><ns3:Speed>0.0</ns3:Speed></ns3:TPX></Extensions></Trackpoint><Trackpoint><Time>2026-01-20T23:13:03Z</Time><HeartRateBpm><Value>95</Value></HeartRateBpm><Cadence>88</Cadence><Extensions><ns3:TPX><ns3:Speed>0.0</ns3:Speed></ns3:TPX></Extensions></Trackpoint><Trackpoint><Time>2026-01-20T23:13:08Z</Time><HeartRateBpm><Value>96</Value></HeartRateBpm><Cadence>88</Cadence><Extensions><ns3:TPX><ns3:Speed>0.0</ns3:Speed></ns3:TPX></Extensions></Trackpoint><Trackpoint><Time>2026-01-20T23:13:09Z</Time><HeartRateBpm><Value>97</Value></HeartRateBpm><Cadence>88</Cadence><Extensions><ns3:TPX><ns3:Speed>0.0</ns3:Speed></ns3:TPX></Extensions></Trackpoint><Trackpoint><Time>2026-01-20T23:13:12Z</Time><HeartRateBpm><Value>96</Value></HeartRateBpm><Cadence>88</Cadence><Extensions><ns3:TPX><ns3:Speed>0.0</ns3:Speed></ns3:TPX></Extensions></Trackpoint><Trackpoint><Time>2026-01-20T23:13:17Z</Time><HeartRateBpm><Value>96</Value></HeartRateBpm><Cadence>88</Cadence><Extensions><ns3:TPX><ns3:Speed>0.0</ns3:Speed></ns3:TPX></Extensions></Trackpoint><Trackpoint><Time>2026-01-20T23:13:20Z</Time><HeartRateBpm><Value>95</Value></HeartRateBpm><Cadence>88</Cadence><Extensions><ns3:TPX><ns3:Speed>0.0</ns3:Speed></ns3:TPX></Extensions></Trackpoint><Trackpoint><Time>2026-01-20T23:13:21Z</Time><HeartRateBpm><Value>94</Value></HeartRateBpm><Cadence>88</Cadence><Extensions><ns3:TPX><ns3:Speed>0.0</ns3:Speed></ns3:TPX></Extensions></Trackpoint><Trackpoint><Time>2026-01-20T23:13:22Z</Time><HeartRateBpm><Value>93</Value></HeartRateBpm><Cadence>88</Cadence><Extensions><ns3:TPX><ns3:Speed>0.0</ns3:Speed></ns3:TPX></Extensions></Trackpoint><Trackpoint><Time>2026-01-20T23:13:27Z</Time><HeartRateBpm><Value>93</Value></HeartRateBpm><Cadence>88</Cadence><Extensions><ns3:TPX><ns3:Speed>0.0</ns3:Speed></ns3:TPX></Extensions></Trackpoint><Trackpoint><Time>2026-01-20T23:13:32Z</Time><HeartRateBpm><Value>93</Value></HeartRateBpm><Cadence>88</Cadence><Extensions><ns3:TPX><ns3:Speed>0.0</ns3:Speed></ns3:TPX></Extensions></Trackpoint><Trackpoint><Time>2026-01-20T23:13:38Z</Time><HeartRateBpm><Value>96</Value></HeartRateBpm><Cadence>88</Cadence><Extensions><ns3:TPX><ns3:Speed>0.0</ns3:Speed></ns3:TPX></Extensions></Trackpoint><Trackpoint><Time>2026-01-20T23:13:40Z</Time><HeartRateBpm><Value>97</Value></HeartRateBpm><Cadence>88</Cadence><Extensions><ns3:TPX><ns3:Speed>0.0</ns3:Speed></ns3:TPX></Extensions></Trackpoint><Trackpoint><Time>2026-01-20T23:13:44Z</Time><HeartRateBpm><Value>99</Value></HeartRateBpm><Cadence>88</Cadence><Extensions><ns3:TPX><ns3:Speed>0.0</ns3:Speed></ns3:TPX></Extensions></Trackpoint><Trackpoint><Time>2026-01-20T23:13:50Z</Time><HeartRateBpm><Value>102</Value></HeartRateBpm><Cadence>88</Cadence><Extensions><ns3:TPX><ns3:Speed>0.0</ns3:Speed></ns3:TPX></Extensions></Trackpoint><Trackpoint><Time>2026-01-20T23:13:51Z</Time><HeartRateBpm><Value>98</Value></HeartRateBpm><Cadence>88</Cadence><Extensions><ns3:TPX><ns3:Speed>0.0</ns3:Speed></ns3:TPX></Extensions></Trackpoint><Trackpoint><Time>2026-01-20T23:13:52Z</Time><HeartRateBpm><Value>101</Value></HeartRateBpm><Cadence>88</Cadence><Extensions><ns3:TPX><ns3:Speed>0.0</ns3:Speed></ns3:TPX></Extensions></Trackpoint><Trackpoint><Time>2026-01-20T23:13:53Z</Time><HeartRateBpm><Value>100</Value></HeartRateBpm><Cadence>88</Cadence><Extensions><ns3:TPX><ns3:Speed>0.0</ns3:Speed></ns3:TPX></Extensions></Trackpoint><Trackpoint><Time>2026-01-20T23:13:54Z</Time><HeartRateBpm><Value>98</Value></HeartRateBpm><Cadence>88</Cadence><Extensions><ns3:TPX><ns3:Speed>0.0</ns3:Speed></ns3:TPX></Extensions></Trackpoint><Trackpoint><Time>2026-01-20T23:13:56Z</Time><HeartRateBpm><Value>97</Value></HeartRateBpm><Cadence>88</Cadence><Extensions><ns3:TPX><ns3:Speed>0.0</ns3:Speed></ns3:TPX></Extensions></Trackpoint><Trackpoint><Time>2026-01-20T23:14:00Z</Time><HeartRateBpm><Value>98</Value></HeartRateBpm><Cadence>88</Cadence><Extensions><ns3:TPX><ns3:Speed>0.0</ns3:Speed></ns3:TPX></Extensions></Trackpoint><Trackpoint><Time>2026-01-20T23:14:02Z</Time><HeartRateBpm><Value>99</Value></HeartRateBpm><Cadence>88</Cadence><Extensions><ns3:TPX><ns3:Speed>0.0</ns3:Speed></ns3:TPX></Extensions></Trackpoint><Trackpoint><Time>2026-01-20T23:14:05Z</Time><HeartRateBpm><Value>98</Value></HeartRateBpm><Cadence>88</Cadence><Extensions><ns3:TPX><ns3:Speed>0.0</ns3:Speed></ns3:TPX></Extensions></Trackpoint><Trackpoint><Time>2026-01-20T23:14:10Z</Time><HeartRateBpm><Value>98</Value></HeartRateBpm><Cadence>88</Cadence><Extensions><ns3:TPX><ns3:Speed>0.0</ns3:Speed></ns3:TPX></Extensions></Trackpoint><Trackpoint><Time>2026-01-20T23:14:11Z</Time><HeartRateBpm><Value>99</Value></HeartRateBpm><Cadence>88</Cadence><Extensions><ns3:TPX><ns3:Speed>0.0</ns3:Speed></ns3:TPX></Extensions></Trackpoint><Trackpoint><Time>2026-01-20T23:14:13Z</Time><HeartRateBpm><Value>98</Value></HeartRateBpm><Cadence>88</Cadence><Extensions><ns3:TPX><ns3:Speed>0.0</ns3:Speed></ns3:TPX></Extensions></Trackpoint><Trackpoint><Time>2026-01-20T23:14:15Z</Time><HeartRateBpm><Value>97</Value></HeartRateBpm><Cadence>88</Cadence><Extensions><ns3:TPX><ns3:Speed>0.0</ns3:Speed></ns3:TPX></Extensions></Trackpoint><Trackpoint><Time>2026-01-20T23:14:16Z</Time><HeartRateBpm><Value>96</Value></HeartRateBpm><Cadence>88</Cadence><Extensions><ns3:TPX><ns3:Speed>0.0</ns3:Speed></ns3:TPX></Extensions></Trackpoint><Trackpoint><Time>2026-01-20T23:14:18Z</Time><HeartRateBpm><Value>97</Value></HeartRateBpm><Cadence>88</Cadence><Extensions><ns3:TPX><ns3:Speed>0.0</ns3:Speed></ns3:TPX></Extensions></Trackpoint><Trackpoint><Time>2026-01-20T23:14:21Z</Time><HeartRateBpm><Value>96</Value></HeartRateBpm><Cadence>88</Cadence><Extensions><ns3:TPX><ns3:Speed>0.0</ns3:Speed></ns3:TPX></Extensions></Trackpoint><Trackpoint><Time>2026-01-20T23:14:23Z</Time><HeartRateBpm><Value>95</Value></HeartRateBpm><Cadence>88</Cadence><Extensions><ns3:TPX><ns3:Speed>0.0</ns3:Speed></ns3:TPX></Extensions></Trackpoint><Trackpoint><Time>2026-01-20T23:14:25Z</Time><HeartRateBpm><Value>94</Value></HeartRateBpm><Cadence>88</Cadence><Extensions><ns3:TPX><ns3:Speed>0.0</ns3:Speed></ns3:TPX></Extensions></Trackpoint><Trackpoint><Time>2026-01-20T23:14:27Z</Time><HeartRateBpm><Value>93</Value></HeartRateBpm><Cadence>88</Cadence><Extensions><ns3:TPX><ns3:Speed>0.0</ns3:Speed></ns3:TPX></Extensions></Trackpoint><Trackpoint><Time>2026-01-20T23:14:31Z</Time><HeartRateBpm><Value>95</Value></HeartRateBpm><Cadence>88</Cadence><Extensions><ns3:TPX><ns3:Speed>0.0</ns3:Speed></ns3:TPX></Extensions></Trackpoint><Trackpoint><Time>2026-01-20T23:14:33Z</Time><HeartRateBpm><Value>98</Value></HeartRateBpm><Cadence>88</Cadence><Extensions><ns3:TPX><ns3:Speed>0.0</ns3:Speed></ns3:TPX></Extensions></Trackpoint><Trackpoint><Time>2026-01-20T23:14:35Z</Time><HeartRateBpm><Value>99</Value></HeartRateBpm><Cadence>88</Cadence><Extensions><ns3:TPX><ns3:Speed>0.0</ns3:Speed></ns3:TPX></Extensions></Trackpoint><Trackpoint><Time>2026-01-20T23:14:39Z</Time><HeartRateBpm><Value>100</Value></HeartRateBpm><Cadence>88</Cadence><Extensions><ns3:TPX><ns3:Speed>0.0</ns3:Speed></ns3:TPX></Extensions></Trackpoint><Trackpoint><Time>2026-01-20T23:14:40Z</Time><HeartRateBpm><Value>101</Value></HeartRateBpm><Cadence>88</Cadence><Extensions><ns3:TPX><ns3:Speed>0.0</ns3:Speed></ns3:TPX></Extensions></Trackpoint><Trackpoint><Time>2026-01-20T23:14:41Z</Time><HeartRateBpm><Value>102</Value></HeartRateBpm><Cadence>88</Cadence><Extensions><ns3:TPX><ns3:Speed>0.0</ns3:Speed></ns3:TPX></Extensions></Trackpoint><Trackpoint><Time>2026-01-20T23:14:42Z</Time><HeartRateBpm><Value>103</Value></HeartRateBpm><Cadence>88</Cadence><Extensions><ns3:TPX><ns3:Speed>0.0</ns3:Speed></ns3:TPX></Extensions></Trackpoint><Trackpoint><Time>2026-01-20T23:14:45Z</Time><HeartRateBpm><Value>104</Value></HeartRateBpm><Cadence>88</Cadence><Extensions><ns3:TPX><ns3:Speed>0.0</ns3:Speed></ns3:TPX></Extensions></Trackpoint><Trackpoint><Time>2026-01-20T23:14:46Z</Time><HeartRateBpm><Value>105</Value></HeartRateBpm><Cadence>88</Cadence><Extensions><ns3:TPX><ns3:Speed>0.0</ns3:Speed></ns3:TPX></Extensions></Trackpoint><Trackpoint><Time>2026-01-20T23:14:47Z</Time><HeartRateBpm><Value>107</Value></HeartRateBpm><Cadence>88</Cadence><Extensions><ns3:TPX><ns3:Speed>0.0</ns3:Speed></ns3:TPX></Extensions></Trackpoint><Trackpoint><Time>2026-01-20T23:14:48Z</Time><HeartRateBpm><Value>100</Value></HeartRateBpm><Cadence>88</Cadence><Extensions><ns3:TPX><ns3:Speed>0.0</ns3:Speed></ns3:TPX></Extensions></Trackpoint><Trackpoint><Time>2026-01-20T23:14:49Z</Time><HeartRateBpm><Value>102</Value></HeartRateBpm><Cadence>88</Cadence><Extensions><ns3:TPX><ns3:Speed>0.0</ns3:Speed></ns3:TPX></Extensions></Trackpoint><Trackpoint><Time>2026-01-20T23:14:51Z</Time><HeartRateBpm><Value>98</Value></HeartRateBpm><Cadence>88</Cadence><Extensions><ns3:TPX><ns3:Speed>0.0</ns3:Speed></ns3:TPX></Extensions></Trackpoint><Trackpoint><Time>2026-01-20T23:14:53Z</Time><HeartRateBpm><Value>97</Value></HeartRateBpm><Cadence>88</Cadence><Extensions><ns3:TPX><ns3:Speed>0.0</ns3:Speed></ns3:TPX></Extensions></Trackpoint><Trackpoint><Time>2026-01-20T23:14:54Z</Time><HeartRateBpm><Value>96</Value></HeartRateBpm><Cadence>88</Cadence><Extensions><ns3:TPX><ns3:Speed>0.0</ns3:Speed></ns3:TPX></Extensions></Trackpoint><Trackpoint><Time>2026-01-20T23:14:55Z</Time><HeartRateBpm><Value>95</Value></HeartRateBpm><Cadence>88</Cadence><Extensions><ns3:TPX><ns3:Speed>0.0</ns3:Speed></ns3:TPX></Extensions></Trackpoint><Trackpoint><Time>2026-01-20T23:14:57Z</Time><HeartRateBpm><Value>94</Value></HeartRateBpm><Cadence>88</Cadence><Extensions><ns3:TPX><ns3:Speed>0.0</ns3:Speed></ns3:TPX></Extensions></Trackpoint><Trackpoint><Time>2026-01-20T23:14:59Z</Time><HeartRateBpm><Value>93</Value></HeartRateBpm><Cadence>88</Cadence><Extensions><ns3:TPX><ns3:Speed>0.0</ns3:Speed></ns3:TPX></Extensions></Trackpoint><Trackpoint><Time>2026-01-20T23:15:02Z</Time><HeartRateBpm><Value>94</Value></HeartRateBpm><Cadence>88</Cadence><Extensions><ns3:TPX><ns3:Speed>0.0</ns3:Speed></ns3:TPX></Extensions></Trackpoint><Trackpoint><Time>2026-01-20T23:15:07Z</Time><HeartRateBpm><Value>94</Value></HeartRateBpm><Cadence>88</Cadence><Extensions><ns3:TPX><ns3:Speed>0.0</ns3:Speed></ns3:TPX></Extensions></Trackpoint><Trackpoint><Time>2026-01-20T23:15:08Z</Time><HeartRateBpm><Value>95</Value></HeartRateBpm><Cadence>88</Cadence><Extensions><ns3:TPX><ns3:Speed>0.0</ns3:Speed></ns3:TPX></Extensions></Trackpoint><Trackpoint><Time>2026-01-20T23:15:10Z</Time><HeartRateBpm><Value>97</Value></HeartRateBpm><Cadence>88</Cadence><Extensions><ns3:TPX><ns3:Speed>0.0</ns3:Speed></ns3:TPX></Extensions></Trackpoint><Trackpoint><Time>2026-01-20T23:15:12Z</Time><HeartRateBpm><Value>98</Value></HeartRateBpm><Cadence>88</Cadence><Extensions><ns3:TPX><ns3:Speed>0.0</ns3:Speed></ns3:TPX></Extensions></Trackpoint><Trackpoint><Time>2026-01-20T23:15:13Z</Time><HeartRateBpm><Value>99</Value></HeartRateBpm><Cadence>88</Cadence><Extensions><ns3:TPX><ns3:Speed>0.0</ns3:Speed></ns3:TPX></Extensions></Trackpoint><Trackpoint><Time>2026-01-20T23:15:14Z</Time><HeartRateBpm><Value>100</Value></HeartRateBpm><Cadence>88</Cadence><Extensions><ns3:TPX><ns3:Speed>0.0</ns3:Speed></ns3:TPX></Extensions></Trackpoint><Trackpoint><Time>2026-01-20T23:15:19Z</Time><HeartRateBpm><Value>100</Value></HeartRateBpm><Cadence>88</Cadence><Extensions><ns3:TPX><ns3:Speed>0.0</ns3:Speed></ns3:TPX></Extensions></Trackpoint><Trackpoint><Time>2026-01-20T23:15:20Z</Time><HeartRateBpm><Value>101</Value></HeartRateBpm><Cadence>88</Cadence><Extensions><ns3:TPX><ns3:Speed>0.0</ns3:Speed></ns3:TPX></Extensions></Trackpoint><Trackpoint><Time>2026-01-20T23:15:22Z</Time><HeartRateBpm><Value>102</Value></HeartRateBpm><Cadence>88</Cadence><Extensions><ns3:TPX><ns3:Speed>0.0</ns3:Speed></ns3:TPX></Extensions></Trackpoint><Trackpoint><Time>2026-01-20T23:15:28Z</Time><HeartRateBpm><Value>103</Value></HeartRateBpm><Cadence>88</Cadence><Extensions><ns3:TPX><ns3:Speed>0.0</ns3:Speed></ns3:TPX></Extensions></Trackpoint><Trackpoint><Time>2026-01-20T23:15:31Z</Time><HeartRateBpm><Value>104</Value></HeartRateBpm><Cadence>88</Cadence><Extensions><ns3:TPX><ns3:Speed>0.0</ns3:Speed></ns3:TPX></Extensions></Trackpoint><Trackpoint><Time>2026-01-20T23:15:36Z</Time><HeartRateBpm><Value>106</Value></HeartRateBpm><Cadence>88</Cadence><Extensions><ns3:TPX><ns3:Speed>0.0</ns3:Speed></ns3:TPX></Extensions></Trackpoint><Trackpoint><Time>2026-01-20T23:15:38Z</Time><HeartRateBpm><Value>107</Value></HeartRateBpm><Cadence>88</Cadence><Extensions><ns3:TPX><ns3:Speed>0.0</ns3:Speed></ns3:TPX></Extensions></Trackpoint><Trackpoint><Time>2026-01-20T23:15:43Z</Time><HeartRateBpm><Value>106</Value></HeartRateBpm><Cadence>88</Cadence><Extensions><ns3:TPX><ns3:Speed>0.0</ns3:Speed></ns3:TPX></Extensions></Trackpoint><Trackpoint><Time>2026-01-20T23:15:44Z</Time><HeartRateBpm><Value>105</Value></HeartRateBpm><Cadence>88</Cadence><Extensions><ns3:TPX><ns3:Speed>0.0</ns3:Speed></ns3:TPX></Extensions></Trackpoint><Trackpoint><Time>2026-01-20T23:15:46Z</Time><HeartRateBpm><Value>102</Value></HeartRateBpm><Cadence>88</Cadence><Extensions><ns3:TPX><ns3:Speed>0.0</ns3:Speed></ns3:TPX></Extensions></Trackpoint><Trackpoint><Time>2026-01-20T23:15:47Z</Time><HeartRateBpm><Value>100</Value></HeartRateBpm><Cadence>88</Cadence><Extensions><ns3:TPX><ns3:Speed>0.0</ns3:Speed></ns3:TPX></Extensions></Trackpoint><Trackpoint><Time>2026-01-20T23:15:48Z</Time><HeartRateBpm><Value>99</Value></HeartRateBpm><Cadence>88</Cadence><Extensions><ns3:TPX><ns3:Speed>0.0</ns3:Speed></ns3:TPX></Extensions></Trackpoint><Trackpoint><Time>2026-01-20T23:15:49Z</Time><HeartRateBpm><Value>101</Value></HeartRateBpm><Cadence>88</Cadence><Extensions><ns3:TPX><ns3:Speed>0.0</ns3:Speed></ns3:TPX></Extensions></Trackpoint><Trackpoint><Time>2026-01-20T23:15:50Z</Time><HeartRateBpm><Value>102</Value></HeartRateBpm><Cadence>88</Cadence><Extensions><ns3:TPX><ns3:Speed>0.0</ns3:Speed></ns3:TPX></Extensions></Trackpoint><Trackpoint><Time>2026-01-20T23:15:52Z</Time><HeartRateBpm><Value>106</Value></HeartRateBpm><Cadence>88</Cadence><Extensions><ns3:TPX><ns3:Speed>0.0</ns3:Speed></ns3:TPX></Extensions></Trackpoint><Trackpoint><Time>2026-01-20T23:15:53Z</Time><HeartRateBpm><Value>108</Value></HeartRateBpm><Cadence>88</Cadence><Extensions><ns3:TPX><ns3:Speed>0.0</ns3:Speed></ns3:TPX></Extensions></Trackpoint><Trackpoint><Time>2026-01-20T23:15:58Z</Time><HeartRateBpm><Value>111</Value></HeartRateBpm><Cadence>88</Cadence><Extensions><ns3:TPX><ns3:Speed>0.0</ns3:Speed></ns3:TPX></Extensions></Trackpoint><Trackpoint><Time>2026-01-20T23:15:59Z</Time><HeartRateBpm><Value>112</Value></HeartRateBpm><Cadence>88</Cadence><Extensions><ns3:TPX><ns3:Speed>0.0</ns3:Speed></ns3:TPX></Extensions></Trackpoint><Trackpoint><Time>2026-01-20T23:16:00Z</Time><HeartRateBpm><Value>113</Value></HeartRateBpm><Cadence>88</Cadence><Extensions><ns3:TPX><ns3:Speed>0.0</ns3:Speed></ns3:TPX></Extensions></Trackpoint><Trackpoint><Time>2026-01-20T23:16:02Z</Time><HeartRateBpm><Value>114</Value></HeartRateBpm><Cadence>88</Cadence><Extensions><ns3:TPX><ns3:Speed>0.0</ns3:Speed></ns3:TPX></Extensions></Trackpoint><Trackpoint><Time>2026-01-20T23:16:04Z</Time><HeartRateBpm><Value>115</Value></HeartRateBpm><Cadence>88</Cadence><Extensions><ns3:TPX><ns3:Speed>0.0</ns3:Speed></ns3:TPX></Extensions></Trackpoint><Trackpoint><Time>2026-01-20T23:16:05Z</Time><HeartRateBpm><Value>114</Value></HeartRateBpm><Cadence>88</Cadence><Extensions><ns3:TPX><ns3:Speed>0.0</ns3:Speed></ns3:TPX></Extensions></Trackpoint><Trackpoint><Time>2026-01-20T23:16:06Z</Time><HeartRateBpm><Value>108</Value></HeartRateBpm><Cadence>88</Cadence><Extensions><ns3:TPX><ns3:Speed>0.0</ns3:Speed></ns3:TPX></Extensions></Trackpoint><Trackpoint><Time>2026-01-20T23:16:07Z</Time><HeartRateBpm><Value>111</Value></HeartRateBpm><Cadence>88</Cadence><Extensions><ns3:TPX><ns3:Speed>0.0</ns3:Speed></ns3:TPX></Extensions></Trackpoint><Trackpoint><Time>2026-01-20T23:16:08Z</Time><HeartRateBpm><Value>109</Value></HeartRateBpm><Cadence>88</Cadence><Extensions><ns3:TPX><ns3:Speed>0.0</ns3:Speed></ns3:TPX></Extensions></Trackpoint><Trackpoint><Time>2026-01-20T23:16:10Z</Time><HeartRateBpm><Value>107</Value></HeartRateBpm><Cadence>88</Cadence><Extensions><ns3:TPX><ns3:Speed>0.0</ns3:Speed></ns3:TPX></Extensions></Trackpoint><Trackpoint><Time>2026-01-20T23:16:11Z</Time><HeartRateBpm><Value>106</Value></HeartRateBpm><Cadence>88</Cadence><Extensions><ns3:TPX><ns3:Speed>0.0</ns3:Speed></ns3:TPX></Extensions></Trackpoint><Trackpoint><Time>2026-01-20T23:16:12Z</Time><HeartRateBpm><Value>105</Value></HeartRateBpm><Cadence>88</Cadence><Extensions><ns3:TPX><ns3:Speed>0.0</ns3:Speed></ns3:TPX></Extensions></Trackpoint><Trackpoint><Time>2026-01-20T23:16:17Z</Time><HeartRateBpm><Value>105</Value></HeartRateBpm><Cadence>88</Cadence><Extensions><ns3:TPX><ns3:Speed>0.0</ns3:Speed></ns3:TPX></Extensions></Trackpoint><Trackpoint><Time>2026-01-20T23:16:23Z</Time><HeartRateBpm><Value>107</Value></HeartRateBpm><Cadence>88</Cadence><Extensions><ns3:TPX><ns3:Speed>0.0</ns3:Speed></ns3:TPX></Extensions></Trackpoint><Trackpoint><Time>2026-01-20T23:16:26Z</Time><HeartRateBpm><Value>108</Value></HeartRateBpm><Cadence>88</Cadence><Extensions><ns3:TPX><ns3:Speed>0.0</ns3:Speed></ns3:TPX></Extensions></Trackpoint><Trackpoint><Time>2026-01-20T23:16:27Z</Time><HeartRateBpm><Value>109</Value></HeartRateBpm><Cadence>88</Cadence><Extensions><ns3:TPX><ns3:Speed>0.0</ns3:Speed></ns3:TPX></Extensions></Trackpoint><Trackpoint><Time>2026-01-20T23:16:32Z</Time><HeartRateBpm><Value>108</Value></HeartRateBpm><Cadence>88</Cadence><Extensions><ns3:TPX><ns3:Speed>0.0</ns3:Speed></ns3:TPX></Extensions></Trackpoint><Trackpoint><Time>2026-01-20T23:16:35Z</Time><HeartRateBpm><Value>109</Value></HeartRateBpm><Cadence>88</Cadence><Extensions><ns3:TPX><ns3:Speed>0.0</ns3:Speed></ns3:TPX></Extensions></Trackpoint><Trackpoint><Time>2026-01-20T23:16:36Z</Time><HeartRateBpm><Value>108</Value></HeartRateBpm><Cadence>88</Cadence><Extensions><ns3:TPX><ns3:Speed>0.0</ns3:Speed></ns3:TPX></Extensions></Trackpoint><Trackpoint><Time>2026-01-20T23:16:37Z</Time><HeartRateBpm><Value>107</Value></HeartRateBpm><Cadence>88</Cadence><Extensions><ns3:TPX><ns3:Speed>0.0</ns3:Speed></ns3:TPX></Extensions></Trackpoint><Trackpoint><Time>2026-01-20T23:16:42Z</Time><HeartRateBpm><Value>107</Value></HeartRateBpm><Cadence>88</Cadence><Extensions><ns3:TPX><ns3:Speed>0.0</ns3:Speed></ns3:TPX></Extensions></Trackpoint><Trackpoint><Time>2026-01-20T23:16:43Z</Time><HeartRateBpm><Value>106</Value></HeartRateBpm><Cadence>88</Cadence><Extensions><ns3:TPX><ns3:Speed>0.0</ns3:Speed></ns3:TPX></Extensions></Trackpoint><Trackpoint><Time>2026-01-20T23:16:46Z</Time><HeartRateBpm><Value>105</Value></HeartRateBpm><Cadence>88</Cadence><Extensions><ns3:TPX><ns3:Speed>0.0</ns3:Speed></ns3:TPX></Extensions></Trackpoint><Trackpoint><Time>2026-01-20T23:16:50Z</Time><HeartRateBpm><Value>106</Value></HeartRateBpm><Cadence>88</Cadence><Extensions><ns3:TPX><ns3:Speed>0.0</ns3:Speed></ns3:TPX></Extensions></Trackpoint><Trackpoint><Time>2026-01-20T23:16:52Z</Time><HeartRateBpm><Value>104</Value></HeartRateBpm><Cadence>88</Cadence><Extensions><ns3:TPX><ns3:Speed>0.0</ns3:Speed></ns3:TPX></Extensions></Trackpoint><Trackpoint><Time>2026-01-20T23:16:56Z</Time><HeartRateBpm><Value>105</Value></HeartRateBpm><Cadence>88</Cadence><Extensions><ns3:TPX><ns3:Speed>0.0</ns3:Speed></ns3:TPX></Extensions></Trackpoint><Trackpoint><Time>2026-01-20T23:16:58Z</Time><HeartRateBpm><Value>106</Value></HeartRateBpm><Cadence>88</Cadence><Extensions><ns3:TPX><ns3:Speed>0.0</ns3:Speed></ns3:TPX></Extensions></Trackpoint><Trackpoint><Time>2026-01-20T23:16:59Z</Time><HeartRateBpm><Value>107</Value></HeartRateBpm><Cadence>88</Cadence><Extensions><ns3:TPX><ns3:Speed>0.0</ns3:Speed></ns3:TPX></Extensions></Trackpoint><Trackpoint><Time>2026-01-20T23:17:00Z</Time><HeartRateBpm><Value>108</Value></HeartRateBpm><Cadence>88</Cadence><Extensions><ns3:TPX><ns3:Speed>0.0</ns3:Speed></ns3:TPX></Extensions></Trackpoint><Trackpoint><Time>2026-01-20T23:17:01Z</Time><HeartRateBpm><Value>107</Value></HeartRateBpm><Cadence>88</Cadence><Extensions><ns3:TPX><ns3:Speed>0.0</ns3:Speed></ns3:TPX></Extensions></Trackpoint><Trackpoint><Time>2026-01-20T23:17:04Z</Time><HeartRateBpm><Value>106</Value></HeartRateBpm><Cadence>88</Cadence><Extensions><ns3:TPX><ns3:Speed>0.0</ns3:Speed></ns3:TPX></Extensions></Trackpoint><Trackpoint><Time>2026-01-20T23:17:05Z</Time><HeartRateBpm><Value>105</Value></HeartRateBpm><Cadence>88</Cadence><Extensions><ns3:TPX><ns3:Speed>0.0</ns3:Speed></ns3:TPX></Extensions></Trackpoint><Trackpoint><Time>2026-01-20T23:17:06Z</Time><HeartRateBpm><Value>104</Value></HeartRateBpm><Cadence>88</Cadence><Extensions><ns3:TPX><ns3:Speed>0.0</ns3:Speed></ns3:TPX></Extensions></Trackpoint><Trackpoint><Time>2026-01-20T23:17:07Z</Time><HeartRateBpm><Value>103</Value></HeartRateBpm><Cadence>88</Cadence><Extensions><ns3:TPX><ns3:Speed>0.0</ns3:Speed></ns3:TPX></Extensions></Trackpoint><Trackpoint><Time>2026-01-20T23:17:10Z</Time><HeartRateBpm><Value>106</Value></HeartRateBpm><Cadence>88</Cadence><Extensions><ns3:TPX><ns3:Speed>0.0</ns3:Speed></ns3:TPX></Extensions></Trackpoint><Trackpoint><Time>2026-01-20T23:17:11Z</Time><HeartRateBpm><Value>109</Value></HeartRateBpm><Cadence>88</Cadence><Extensions><ns3:TPX><ns3:Speed>0.0</ns3:Speed></ns3:TPX></Extensions></Trackpoint><Trackpoint><Time>2026-01-20T23:17:12Z</Time><HeartRateBpm><Value>110</Value></HeartRateBpm><Cadence>88</Cadence><Extensions><ns3:TPX><ns3:Speed>0.0</ns3:Speed></ns3:TPX></Extensions></Trackpoint><Trackpoint><Time>2026-01-20T23:17:13Z</Time><HeartRateBpm><Value>109</Value></HeartRateBpm><Cadence>88</Cadence><Extensions><ns3:TPX><ns3:Speed>0.0</ns3:Speed></ns3:TPX></Extensions></Trackpoint><Trackpoint><Time>2026-01-20T23:17:16Z</Time><HeartRateBpm><Value>108</Value></HeartRateBpm><Cadence>88</Cadence><Extensions><ns3:TPX><ns3:Speed>0.0</ns3:Speed></ns3:TPX></Extensions></Trackpoint><Trackpoint><Time>2026-01-20T23:17:17Z</Time><HeartRateBpm><Value>109</Value></HeartRateBpm><Cadence>88</Cadence><Extensions><ns3:TPX><ns3:Speed>0.0</ns3:Speed></ns3:TPX></Extensions></Trackpoint><Trackpoint><Time>2026-01-20T23:17:18Z</Time><HeartRateBpm><Value>110</Value></HeartRateBpm><Cadence>88</Cadence><Extensions><ns3:TPX><ns3:Speed>0.0</ns3:Speed></ns3:TPX></Extensions></Trackpoint><Trackpoint><Time>2026-01-20T23:17:22Z</Time><HeartRateBpm><Value>112</Value></HeartRateBpm><Cadence>88</Cadence><Extensions><ns3:TPX><ns3:Speed>0.0</ns3:Speed></ns3:TPX></Extensions></Trackpoint><Trackpoint><Time>2026-01-20T23:17:25Z</Time><HeartRateBpm><Value>113</Value></HeartRateBpm><Cadence>88</Cadence><Extensions><ns3:TPX><ns3:Speed>0.0</ns3:Speed></ns3:TPX></Extensions></Trackpoint><Trackpoint><Time>2026-01-20T23:17:26Z</Time><HeartRateBpm><Value>114</Value></HeartRateBpm><Cadence>88</Cadence><Extensions><ns3:TPX><ns3:Speed>0.0</ns3:Speed></ns3:TPX></Extensions></Trackpoint><Trackpoint><Time>2026-01-20T23:17:27Z</Time><HeartRateBpm><Value>115</Value></HeartRateBpm><Cadence>88</Cadence><Extensions><ns3:TPX><ns3:Speed>0.0</ns3:Speed></ns3:TPX></Extensions></Trackpoint><Trackpoint><Time>2026-01-20T23:17:29Z</Time><HeartRateBpm><Value>114</Value></HeartRateBpm><Cadence>88</Cadence><Extensions><ns3:TPX><ns3:Speed>0.0</ns3:Speed></ns3:TPX></Extensions></Trackpoint><Trackpoint><Time>2026-01-20T23:17:30Z</Time><HeartRateBpm><Value>116</Value></HeartRateBpm><Cadence>88</Cadence><Extensions><ns3:TPX><ns3:Speed>0.0</ns3:Speed></ns3:TPX></Extensions></Trackpoint><Trackpoint><Time>2026-01-20T23:17:31Z</Time><HeartRateBpm><Value>117</Value></HeartRateBpm><Cadence>88</Cadence><Extensions><ns3:TPX><ns3:Speed>0.0</ns3:Speed></ns3:TPX></Extensions></Trackpoint><Trackpoint><Time>2026-01-20T23:17:33Z</Time><HeartRateBpm><Value>119</Value></HeartRateBpm><Cadence>88</Cadence><Extensions><ns3:TPX><ns3:Speed>0.0</ns3:Speed></ns3:TPX></Extensions></Trackpoint><Trackpoint><Time>2026-01-20T23:17:36Z</Time><HeartRateBpm><Value>121</Value></HeartRateBpm><Cadence>88</Cadence><Extensions><ns3:TPX><ns3:Speed>0.0</ns3:Speed></ns3:TPX></Extensions></Trackpoint><Trackpoint><Time>2026-01-20T23:17:37Z</Time><HeartRateBpm><Value>118</Value></HeartRateBpm><Cadence>88</Cadence><Extensions><ns3:TPX><ns3:Speed>0.0</ns3:Speed></ns3:TPX></Extensions></Trackpoint><Trackpoint><Time>2026-01-20T23:17:38Z</Time><HeartRateBpm><Value>116</Value></HeartRateBpm><Cadence>88</Cadence><Extensions><ns3:TPX><ns3:Speed>0.0</ns3:Speed></ns3:TPX></Extensions></Trackpoint><Trackpoint><Time>2026-01-20T23:17:41Z</Time><HeartRateBpm><Value>117</Value></HeartRateBpm><Cadence>88</Cadence><Extensions><ns3:TPX><ns3:Speed>0.0</ns3:Speed></ns3:TPX></Extensions></Trackpoint><Trackpoint><Time>2026-01-20T23:17:42Z</Time><HeartRateBpm><Value>116</Value></HeartRateBpm><Cadence>88</Cadence><Extensions><ns3:TPX><ns3:Speed>0.0</ns3:Speed></ns3:TPX></Extensions></Trackpoint><Trackpoint><Time>2026-01-20T23:17:43Z</Time><HeartRateBpm><Value>115</Value></HeartRateBpm><Cadence>88</Cadence><Extensions><ns3:TPX><ns3:Speed>0.0</ns3:Speed></ns3:TPX></Extensions></Trackpoint><Trackpoint><Time>2026-01-20T23:17:45Z</Time><HeartRateBpm><Value>116</Value></HeartRateBpm><Cadence>88</Cadence><Extensions><ns3:TPX><ns3:Speed>0.0</ns3:Speed></ns3:TPX></Extensions></Trackpoint><Trackpoint><Time>2026-01-20T23:17:46Z</Time><HeartRateBpm><Value>117</Value></HeartRateBpm><Cadence>88</Cadence><Extensions><ns3:TPX><ns3:Speed>0.0</ns3:Speed></ns3:TPX></Extensions></Trackpoint><Trackpoint><Time>2026-01-20T23:17:52Z</Time><HeartRateBpm><Value>117</Value></HeartRateBpm><Cadence>88</Cadence><Extensions><ns3:TPX><ns3:Speed>0.0</ns3:Speed></ns3:TPX></Extensions></Trackpoint><Trackpoint><Time>2026-01-20T23:17:54Z</Time><HeartRateBpm><Value>118</Value></HeartRateBpm><Cadence>88</Cadence><Extensions><ns3:TPX><ns3:Speed>0.0</ns3:Speed></ns3:TPX></Extensions></Trackpoint><Trackpoint><Time>2026-01-20T23:17:59Z</Time><HeartRateBpm><Value>118</Value></HeartRateBpm><Cadence>88</Cadence><Extensions><ns3:TPX><ns3:Speed>0.0</ns3:Speed></ns3:TPX></Extensions></Trackpoint><Trackpoint><Time>2026-01-20T23:18:01Z</Time><HeartRateBpm><Value>117</Value></HeartRateBpm><Cadence>88</Cadence><Extensions><ns3:TPX><ns3:Speed>0.0</ns3:Speed></ns3:TPX></Extensions></Trackpoint><Trackpoint><Time>2026-01-20T23:18:02Z</Time><HeartRateBpm><Value>116</Value></HeartRateBpm><Cadence>88</Cadence><Extensions><ns3:TPX><ns3:Speed>0.0</ns3:Speed></ns3:TPX></Extensions></Trackpoint><Trackpoint><Time>2026-01-20T23:18:03Z</Time><HeartRateBpm><Value>115</Value></HeartRateBpm><Cadence>88</Cadence><Extensions><ns3:TPX><ns3:Speed>0.0</ns3:Speed></ns3:TPX></Extensions></Trackpoint><Trackpoint><Time>2026-01-20T23:18:08Z</Time><HeartRateBpm><Value>115</Value></HeartRateBpm><Cadence>88</Cadence><Extensions><ns3:TPX><ns3:Speed>0.0</ns3:Speed></ns3:TPX></Extensions></Trackpoint><Trackpoint><Time>2026-01-20T23:18:11Z</Time><HeartRateBpm><Value>117</Value></HeartRateBpm><Cadence>88</Cadence><Extensions><ns3:TPX><ns3:Speed>0.0</ns3:Speed></ns3:TPX></Extensions></Trackpoint><Trackpoint><Time>2026-01-20T23:18:12Z</Time><HeartRateBpm><Value>118</Value></HeartRateBpm><Cadence>88</Cadence><Extensions><ns3:TPX><ns3:Speed>0.0</ns3:Speed></ns3:TPX></Extensions></Trackpoint><Trackpoint><Time>2026-01-20T23:18:13Z</Time><HeartRateBpm><Value>119</Value></HeartRateBpm><Cadence>88</Cadence><Extensions><ns3:TPX><ns3:Speed>0.0</ns3:Speed></ns3:TPX></Extensions></Trackpoint><Trackpoint><Time>2026-01-20T23:18:18Z</Time><HeartRateBpm><Value>120</Value></HeartRateBpm><Cadence>88</Cadence><Extensions><ns3:TPX><ns3:Speed>0.0</ns3:Speed></ns3:TPX></Extensions></Trackpoint><Trackpoint><Time>2026-01-20T23:18:19Z</Time><HeartRateBpm><Value>121</Value></HeartRateBpm><Cadence>88</Cadence><Extensions><ns3:TPX><ns3:Speed>0.0</ns3:Speed></ns3:TPX></Extensions></Trackpoint><Trackpoint><Time>2026-01-20T23:18:24Z</Time><HeartRateBpm><Value>121</Value></HeartRateBpm><Cadence>88</Cadence><Extensions><ns3:TPX><ns3:Speed>0.0</ns3:Speed></ns3:TPX></Extensions></Trackpoint><Trackpoint><Time>2026-01-20T23:18:29Z</Time><HeartRateBpm><Value>121</Value></HeartRateBpm><Cadence>88</Cadence><Extensions><ns3:TPX><ns3:Speed>0.0</ns3:Speed></ns3:TPX></Extensions></Trackpoint><Trackpoint><Time>2026-01-20T23:18:35Z</Time><HeartRateBpm><Value>121</Value></HeartRateBpm><Cadence>88</Cadence><Extensions><ns3:TPX><ns3:Speed>0.0</ns3:Speed></ns3:TPX></Extensions></Trackpoint><Trackpoint><Time>2026-01-20T23:18:38Z</Time><HeartRateBpm><Value>122</Value></HeartRateBpm><Cadence>88</Cadence><Extensions><ns3:TPX><ns3:Speed>0.0</ns3:Speed></ns3:TPX></Extensions></Trackpoint><Trackpoint><Time>2026-01-20T23:18:43Z</Time><HeartRateBpm><Value>122</Value></HeartRateBpm><Cadence>88</Cadence><Extensions><ns3:TPX><ns3:Speed>0.0</ns3:Speed></ns3:TPX></Extensions></Trackpoint><Trackpoint><Time>2026-01-20T23:18:45Z</Time><HeartRateBpm><Value>121</Value></HeartRateBpm><Cadence>88</Cadence><Extensions><ns3:TPX><ns3:Speed>0.0</ns3:Speed></ns3:TPX></Extensions></Trackpoint><Trackpoint><Time>2026-01-20T23:18:47Z</Time><HeartRateBpm><Value>120</Value></HeartRateBpm><Cadence>88</Cadence><Extensions><ns3:TPX><ns3:Speed>0.0</ns3:Speed></ns3:TPX></Extensions></Trackpoint><Trackpoint><Time>2026-01-20T23:18:50Z</Time><HeartRateBpm><Value>119</Value></HeartRateBpm><Cadence>88</Cadence><Extensions><ns3:TPX><ns3:Speed>0.0</ns3:Speed></ns3:TPX></Extensions></Trackpoint><Trackpoint><Time>2026-01-20T23:18:51Z</Time><HeartRateBpm><Value>118</Value></HeartRateBpm><Cadence>88</Cadence><Extensions><ns3:TPX><ns3:Speed>0.0</ns3:Speed></ns3:TPX></Extensions></Trackpoint><Trackpoint><Time>2026-01-20T23:18:53Z</Time><HeartRateBpm><Value>115</Value></HeartRateBpm><Cadence>88</Cadence><Extensions><ns3:TPX><ns3:Speed>0.0</ns3:Speed></ns3:TPX></Extensions></Trackpoint><Trackpoint><Time>2026-01-20T23:18:54Z</Time><HeartRateBpm><Value>114</Value></HeartRateBpm><Cadence>88</Cadence><Extensions><ns3:TPX><ns3:Speed>0.0</ns3:Speed></ns3:TPX></Extensions></Trackpoint><Trackpoint><Time>2026-01-20T23:18:55Z</Time><HeartRateBpm><Value>113</Value></HeartRateBpm><Cadence>88</Cadence><Extensions><ns3:TPX><ns3:Speed>0.0</ns3:Speed></ns3:TPX></Extensions></Trackpoint><Trackpoint><Time>2026-01-20T23:18:56Z</Time><HeartRateBpm><Value>112</Value></HeartRateBpm><Cadence>88</Cadence><Extensions><ns3:TPX><ns3:Speed>0.0</ns3:Speed></ns3:TPX></Extensions></Trackpoint><Trackpoint><Time>2026-01-20T23:19:00Z</Time><HeartRateBpm><Value>109</Value></HeartRateBpm><Cadence>88</Cadence><Extensions><ns3:TPX><ns3:Speed>0.0</ns3:Speed></ns3:TPX></Extensions></Trackpoint><Trackpoint><Time>2026-01-20T23:19:01Z</Time><HeartRateBpm><Value>108</Value></HeartRateBpm><Cadence>88</Cadence><Extensions><ns3:TPX><ns3:Speed>0.0</ns3:Speed></ns3:TPX></Extensions></Trackpoint><Trackpoint><Time>2026-01-20T23:19:04Z</Time><HeartRateBpm><Value>110</Value></HeartRateBpm><Cadence>88</Cadence><Extensions><ns3:TPX><ns3:Speed>0.0</ns3:Speed></ns3:TPX></Extensions></Trackpoint><Trackpoint><Time>2026-01-20T23:19:06Z</Time><HeartRateBpm><Value>107</Value></HeartRateBpm><Cadence>88</Cadence><Extensions><ns3:TPX><ns3:Speed>0.0</ns3:Speed></ns3:TPX></Extensions></Trackpoint><Trackpoint><Time>2026-01-20T23:19:07Z</Time><HeartRateBpm><Value>106</Value></HeartRateBpm><Cadence>88</Cadence><Extensions><ns3:TPX><ns3:Speed>0.0</ns3:Speed></ns3:TPX></Extensions></Trackpoint><Trackpoint><Time>2026-01-20T23:19:09Z</Time><HeartRateBpm><Value>105</Value></HeartRateBpm><Cadence>88</Cadence><Extensions><ns3:TPX><ns3:Speed>0.0</ns3:Speed></ns3:TPX></Extensions></Trackpoint><Trackpoint><Time>2026-01-20T23:19:10Z</Time><HeartRateBpm><Value>106</Value></HeartRateBpm><Cadence>88</Cadence><Extensions><ns3:TPX><ns3:Speed>0.0</ns3:Speed></ns3:TPX></Extensions></Trackpoint><Trackpoint><Time>2026-01-20T23:19:12Z</Time><HeartRateBpm><Value>108</Value></HeartRateBpm><Cadence>88</Cadence><Extensions><ns3:TPX><ns3:Speed>0.0</ns3:Speed></ns3:TPX></Extensions></Trackpoint><Trackpoint><Time>2026-01-20T23:19:13Z</Time><HeartRateBpm><Value>110</Value></HeartRateBpm><Cadence>88</Cadence><Extensions><ns3:TPX><ns3:Speed>0.0</ns3:Speed></ns3:TPX></Extensions></Trackpoint><Trackpoint><Time>2026-01-20T23:19:14Z</Time><HeartRateBpm><Value>111</Value></HeartRateBpm><Cadence>88</Cadence><Extensions><ns3:TPX><ns3:Speed>0.0</ns3:Speed></ns3:TPX></Extensions></Trackpoint><Trackpoint><Time>2026-01-20T23:19:19Z</Time><HeartRateBpm><Value>110</Value></HeartRateBpm><Cadence>88</Cadence><Extensions><ns3:TPX><ns3:Speed>0.0</ns3:Speed></ns3:TPX></Extensions></Trackpoint><Trackpoint><Time>2026-01-20T23:19:20Z</Time><HeartRateBpm><Value>108</Value></HeartRateBpm><Cadence>88</Cadence><Extensions><ns3:TPX><ns3:Speed>0.0</ns3:Speed></ns3:TPX></Extensions></Trackpoint><Trackpoint><Time>2026-01-20T23:19:21Z</Time><HeartRateBpm><Value>106</Value></HeartRateBpm><Cadence>88</Cadence><Extensions><ns3:TPX><ns3:Speed>0.0</ns3:Speed></ns3:TPX></Extensions></Trackpoint><Trackpoint><Time>2026-01-20T23:19:22Z</Time><HeartRateBpm><Value>105</Value></HeartRateBpm><Cadence>88</Cadence><Extensions><ns3:TPX><ns3:Speed>0.0</ns3:Speed></ns3:TPX></Extensions></Trackpoint><Trackpoint><Time>2026-01-20T23:19:24Z</Time><HeartRateBpm><Value>104</Value></HeartRateBpm><Cadence>88</Cadence><Extensions><ns3:TPX><ns3:Speed>0.0</ns3:Speed></ns3:TPX></Extensions></Trackpoint><Trackpoint><Time>2026-01-20T23:19:25Z</Time><HeartRateBpm><Value>105</Value></HeartRateBpm><Cadence>88</Cadence><Extensions><ns3:TPX><ns3:Speed>0.0</ns3:Speed></ns3:TPX></Extensions></Trackpoint><Trackpoint><Time>2026-01-20T23:19:27Z</Time><HeartRateBpm><Value>104</Value></HeartRateBpm><Cadence>88</Cadence><Extensions><ns3:TPX><ns3:Speed>0.0</ns3:Speed></ns3:TPX></Extensions></Trackpoint><Trackpoint><Time>2026-01-20T23:19:32Z</Time><HeartRateBpm><Value>104</Value></HeartRateBpm><Cadence>88</Cadence><Extensions><ns3:TPX><ns3:Speed>0.0</ns3:Speed></ns3:TPX></Extensions></Trackpoint><Trackpoint><Time>2026-01-20T23:19:37Z</Time><HeartRateBpm><Value>104</Value></HeartRateBpm><Cadence>88</Cadence><Extensions><ns3:TPX><ns3:Speed>0.0</ns3:Speed></ns3:TPX></Extensions></Trackpoint><Trackpoint><Time>2026-01-20T23:19:42Z</Time><HeartRateBpm><Value>103</Value></HeartRateBpm><Cadence>88</Cadence><Extensions><ns3:TPX><ns3:Speed>0.0</ns3:Speed></ns3:TPX></Extensions></Trackpoint><Trackpoint><Time>2026-01-20T23:19:44Z</Time><HeartRateBpm><Value>104</Value></HeartRateBpm><Cadence>88</Cadence><Extensions><ns3:TPX><ns3:Speed>0.0</ns3:Speed></ns3:TPX></Extensions></Trackpoint><Trackpoint><Time>2026-01-20T23:19:45Z</Time><HeartRateBpm><Value>105</Value></HeartRateBpm><Cadence>88</Cadence><Extensions><ns3:TPX><ns3:Speed>0.0</ns3:Speed></ns3:TPX></Extensions></Trackpoint><Trackpoint><Time>2026-01-20T23:19:46Z</Time><HeartRateBpm><Value>106</Value></HeartRateBpm><Cadence>88</Cadence><Extensions><ns3:TPX><ns3:Speed>0.0</ns3:Speed></ns3:TPX></Extensions></Trackpoint><Trackpoint><Time>2026-01-20T23:19:51Z</Time><HeartRateBpm><Value>106</Value></HeartRateBpm><Cadence>88</Cadence><Extensions><ns3:TPX><ns3:Speed>0.0</ns3:Speed></ns3:TPX></Extensions></Trackpoint><Trackpoint><Time>2026-01-20T23:19:56Z</Time><HeartRateBpm><Value>106</Value></HeartRateBpm><Cadence>88</Cadence><Extensions><ns3:TPX><ns3:Speed>0.0</ns3:Speed></ns3:TPX></Extensions></Trackpoint><Trackpoint><Time>2026-01-20T23:19:57Z</Time><HeartRateBpm><Value>105</Value></HeartRateBpm><Cadence>88</Cadence><Extensions><ns3:TPX><ns3:Speed>0.0</ns3:Speed></ns3:TPX></Extensions></Trackpoint><Trackpoint><Time>2026-01-20T23:19:58Z</Time><HeartRateBpm><Value>104</Value></HeartRateBpm><Cadence>88</Cadence><Extensions><ns3:TPX><ns3:Speed>0.0</ns3:Speed></ns3:TPX></Extensions></Trackpoint><Trackpoint><Time>2026-01-20T23:20:03Z</Time><HeartRateBpm><Value>105</Value></HeartRateBpm><Cadence>88</Cadence><Extensions><ns3:TPX><ns3:Speed>0.0</ns3:Speed></ns3:TPX></Extensions></Trackpoint><Trackpoint><Time>2026-01-20T23:20:04Z</Time><HeartRateBpm><Value>106</Value></HeartRateBpm><Cadence>88</Cadence><Extensions><ns3:TPX><ns3:Speed>0.0</ns3:Speed></ns3:TPX></Extensions></Trackpoint><Trackpoint><Time>2026-01-20T23:20:09Z</Time><HeartRateBpm><Value>105</Value></HeartRateBpm><Cadence>88</Cadence><Extensions><ns3:TPX><ns3:Speed>0.0</ns3:Speed></ns3:TPX></Extensions></Trackpoint><Trackpoint><Time>2026-01-20T23:20:10Z</Time><HeartRateBpm><Value>104</Value></HeartRateBpm><Cadence>88</Cadence><Extensions><ns3:TPX><ns3:Speed>0.0</ns3:Speed></ns3:TPX></Extensions></Trackpoint><Trackpoint><Time>2026-01-20T23:20:12Z</Time><HeartRateBpm><Value>102</Value></HeartRateBpm><Cadence>88</Cadence><Extensions><ns3:TPX><ns3:Speed>0.0</ns3:Speed></ns3:TPX></Extensions></Trackpoint><Trackpoint><Time>2026-01-20T23:20:13Z</Time><HeartRateBpm><Value>101</Value></HeartRateBpm><Cadence>88</Cadence><Extensions><ns3:TPX><ns3:Speed>0.0</ns3:Speed></ns3:TPX></Extensions></Trackpoint><Trackpoint><Time>2026-01-20T23:20:15Z</Time><HeartRateBpm><Value>100</Value></HeartRateBpm><Cadence>88</Cadence><Extensions><ns3:TPX><ns3:Speed>0.0</ns3:Speed></ns3:TPX></Extensions></Trackpoint><Trackpoint><Time>2026-01-20T23:20:19Z</Time><HeartRateBpm><Value>99</Value></HeartRateBpm><Cadence>88</Cadence><Extensions><ns3:TPX><ns3:Speed>0.0</ns3:Speed></ns3:TPX></Extensions></Trackpoint><Trackpoint><Time>2026-01-20T23:20:25Z</Time><HeartRateBpm><Value>100</Value></HeartRateBpm><Cadence>88</Cadence><Extensions><ns3:TPX><ns3:Speed>0.0</ns3:Speed></ns3:TPX></Extensions></Trackpoint><Trackpoint><Time>2026-01-20T23:20:27Z</Time><HeartRateBpm><Value>101</Value></HeartRateBpm><Cadence>88</Cadence><Extensions><ns3:TPX><ns3:Speed>0.0</ns3:Speed></ns3:TPX></Extensions></Trackpoint><Trackpoint><Time>2026-01-20T23:20:28Z</Time><HeartRateBpm><Value>102</Value></HeartRateBpm><Cadence>88</Cadence><Extensions><ns3:TPX><ns3:Speed>0.0</ns3:Speed></ns3:TPX></Extensions></Trackpoint><Trackpoint><Time>2026-01-20T23:20:33Z</Time><HeartRateBpm><Value>102</Value></HeartRateBpm><Cadence>88</Cadence><Extensions><ns3:TPX><ns3:Speed>0.0</ns3:Speed></ns3:TPX></Extensions></Trackpoint><Trackpoint><Time>2026-01-20T23:20:37Z</Time><HeartRateBpm><Value>103</Value></HeartRateBpm><Cadence>88</Cadence><Extensions><ns3:TPX><ns3:Speed>0.0</ns3:Speed></ns3:TPX></Extensions></Trackpoint><Trackpoint><Time>2026-01-20T23:20:40Z</Time><HeartRateBpm><Value>104</Value></HeartRateBpm><Cadence>88</Cadence><Extensions><ns3:TPX><ns3:Speed>0.0</ns3:Speed></ns3:TPX></Extensions></Trackpoint><Trackpoint><Time>2026-01-20T23:20:44Z</Time><HeartRateBpm><Value>103</Value></HeartRateBpm><Cadence>88</Cadence><Extensions><ns3:TPX><ns3:Speed>0.0</ns3:Speed></ns3:TPX></Extensions></Trackpoint><Trackpoint><Time>2026-01-20T23:20:45Z</Time><HeartRateBpm><Value>102</Value></HeartRateBpm><Cadence>88</Cadence><Extensions><ns3:TPX><ns3:Speed>0.0</ns3:Speed></ns3:TPX></Extensions></Trackpoint><Trackpoint><Time>2026-01-20T23:20:49Z</Time><HeartRateBpm><Value>103</Value></HeartRateBpm><Cadence>88</Cadence><Extensions><ns3:TPX><ns3:Speed>0.0</ns3:Speed></ns3:TPX></Extensions></Trackpoint><Trackpoint><Time>2026-01-20T23:20:50Z</Time><HeartRateBpm><Value>104</Value></HeartRateBpm><Cadence>88</Cadence><Extensions><ns3:TPX><ns3:Speed>0.0</ns3:Speed></ns3:TPX></Extensions></Trackpoint><Trackpoint><Time>2026-01-20T23:20:55Z</Time><HeartRateBpm><Value>105</Value></HeartRateBpm><Cadence>88</Cadence><Extensions><ns3:TPX><ns3:Speed>0.0</ns3:Speed></ns3:TPX></Extensions></Trackpoint><Trackpoint><Time>2026-01-20T23:20:57Z</Time><HeartRateBpm><Value>104</Value></HeartRateBpm><Cadence>88</Cadence><Extensions><ns3:TPX><ns3:Speed>0.0</ns3:Speed></ns3:TPX></Extensions></Trackpoint><Trackpoint><Time>2026-01-20T23:20:59Z</Time><HeartRateBpm><Value>103</Value></HeartRateBpm><Cadence>88</Cadence><Extensions><ns3:TPX><ns3:Speed>0.0</ns3:Speed></ns3:TPX></Extensions></Trackpoint><Trackpoint><Time>2026-01-20T23:21:03Z</Time><HeartRateBpm><Value>104</Value></HeartRateBpm><Cadence>88</Cadence><Extensions><ns3:TPX><ns3:Speed>0.0</ns3:Speed></ns3:TPX></Extensions></Trackpoint><Trackpoint><Time>2026-01-20T23:21:06Z</Time><HeartRateBpm><Value>105</Value></HeartRateBpm><Cadence>88</Cadence><Extensions><ns3:TPX><ns3:Speed>0.0</ns3:Speed></ns3:TPX></Extensions></Trackpoint><Trackpoint><Time>2026-01-20T23:21:08Z</Time><HeartRateBpm><Value>106</Value></HeartRateBpm><Cadence>88</Cadence><Extensions><ns3:TPX><ns3:Speed>0.0</ns3:Speed></ns3:TPX></Extensions></Trackpoint><Trackpoint><Time>2026-01-20T23:21:12Z</Time><HeartRateBpm><Value>107</Value></HeartRateBpm><Cadence>88</Cadence><Extensions><ns3:TPX><ns3:Speed>0.0</ns3:Speed></ns3:TPX></Extensions></Trackpoint><Trackpoint><Time>2026-01-20T23:21:13Z</Time><HeartRateBpm><Value>106</Value></HeartRateBpm><Cadence>88</Cadence><Extensions><ns3:TPX><ns3:Speed>0.0</ns3:Speed></ns3:TPX></Extensions></Trackpoint><Trackpoint><Time>2026-01-20T23:21:14Z</Time><HeartRateBpm><Value>105</Value></HeartRateBpm><Cadence>88</Cadence><Extensions><ns3:TPX><ns3:Speed>0.0</ns3:Speed></ns3:TPX></Extensions></Trackpoint><Trackpoint><Time>2026-01-20T23:21:19Z</Time><HeartRateBpm><Value>105</Value></HeartRateBpm><Cadence>88</Cadence><Extensions><ns3:TPX><ns3:Speed>0.0</ns3:Speed></ns3:TPX></Extensions></Trackpoint><Trackpoint><Time>2026-01-20T23:21:21Z</Time><HeartRateBpm><Value>106</Value></HeartRateBpm><Cadence>88</Cadence><Extensions><ns3:TPX><ns3:Speed>0.0</ns3:Speed></ns3:TPX></Extensions></Trackpoint><Trackpoint><Time>2026-01-20T23:21:24Z</Time><HeartRateBpm><Value>105</Value></HeartRateBpm><Cadence>88</Cadence><Extensions><ns3:TPX><ns3:Speed>0.0</ns3:Speed></ns3:TPX></Extensions></Trackpoint><Trackpoint><Time>2026-01-20T23:21:30Z</Time><HeartRateBpm><Value>106</Value></HeartRateBpm><Cadence>88</Cadence><Extensions><ns3:TPX><ns3:Speed>0.0</ns3:Speed></ns3:TPX></Extensions></Trackpoint><Trackpoint><Time>2026-01-20T23:21:33Z</Time><HeartRateBpm><Value>105</Value></HeartRateBpm><Cadence>88</Cadence><Extensions><ns3:TPX><ns3:Speed>0.0</ns3:Speed></ns3:TPX></Extensions></Trackpoint><Trackpoint><Time>2026-01-20T23:21:35Z</Time><HeartRateBpm><Value>104</Value></HeartRateBpm><Cadence>88</Cadence><Extensions><ns3:TPX><ns3:Speed>0.0</ns3:Speed></ns3:TPX></Extensions></Trackpoint><Trackpoint><Time>2026-01-20T23:21:37Z</Time><HeartRateBpm><Value>103</Value></HeartRateBpm><Cadence>88</Cadence><Extensions><ns3:TPX><ns3:Speed>0.0</ns3:Speed></ns3:TPX></Extensions></Trackpoint><Trackpoint><Time>2026-01-20T23:21:41Z</Time><HeartRateBpm><Value>102</Value></HeartRateBpm><Cadence>88</Cadence><Extensions><ns3:TPX><ns3:Speed>0.0</ns3:Speed></ns3:TPX></Extensions></Trackpoint><Trackpoint><Time>2026-01-20T23:21:44Z</Time><HeartRateBpm><Value>103</Value></HeartRateBpm><Cadence>88</Cadence><Extensions><ns3:TPX><ns3:Speed>0.0</ns3:Speed></ns3:TPX></Extensions></Trackpoint><Trackpoint><Time>2026-01-20T23:21:46Z</Time><HeartRateBpm><Value>104</Value></HeartRateBpm><Cadence>88</Cadence><Extensions><ns3:TPX><ns3:Speed>0.0</ns3:Speed></ns3:TPX></Extensions></Trackpoint><Trackpoint><Time>2026-01-20T23:21:47Z</Time><HeartRateBpm><Value>103</Value></HeartRateBpm><Cadence>88</Cadence><Extensions><ns3:TPX><ns3:Speed>0.0</ns3:Speed></ns3:TPX></Extensions></Trackpoint><Trackpoint><Time>2026-01-20T23:21:49Z</Time><HeartRateBpm><Value>102</Value></HeartRateBpm><Cadence>88</Cadence><Extensions><ns3:TPX><ns3:Speed>0.0</ns3:Speed></ns3:TPX></Extensions></Trackpoint><Trackpoint><Time>2026-01-20T23:21:50Z</Time><HeartRateBpm><Value>101</Value></HeartRateBpm><Cadence>88</Cadence><Extensions><ns3:TPX><ns3:Speed>0.0</ns3:Speed></ns3:TPX></Extensions></Trackpoint><Trackpoint><Time>2026-01-20T23:21:52Z</Time><HeartRateBpm><Value>100</Value></HeartRateBpm><Cadence>88</Cadence><Extensions><ns3:TPX><ns3:Speed>0.0</ns3:Speed></ns3:TPX></Extensions></Trackpoint><Trackpoint><Time>2026-01-20T23:21:53Z</Time><HeartRateBpm><Value>98</Value></HeartRateBpm><Cadence>88</Cadence><Extensions><ns3:TPX><ns3:Speed>0.0</ns3:Speed></ns3:TPX></Extensions></Trackpoint><Trackpoint><Time>2026-01-20T23:21:55Z</Time><HeartRateBpm><Value>97</Value></HeartRateBpm><Cadence>88</Cadence><Extensions><ns3:TPX><ns3:Speed>0.0</ns3:Speed></ns3:TPX></Extensions></Trackpoint><Trackpoint><Time>2026-01-20T23:21:56Z</Time><HeartRateBpm><Value>96</Value></HeartRateBpm><Cadence>88</Cadence><Extensions><ns3:TPX><ns3:Speed>0.0</ns3:Speed></ns3:TPX></Extensions></Trackpoint><Trackpoint><Time>2026-01-20T23:21:57Z</Time><HeartRateBpm><Value>95</Value></HeartRateBpm><Cadence>88</Cadence><Extensions><ns3:TPX><ns3:Speed>0.0</ns3:Speed></ns3:TPX></Extensions></Trackpoint><Trackpoint><Time>2026-01-20T23:21:59Z</Time><HeartRateBpm><Value>96</Value></HeartRateBpm><Cadence>88</Cadence><Extensions><ns3:TPX><ns3:Speed>0.0</ns3:Speed></ns3:TPX></Extensions></Trackpoint><Trackpoint><Time>2026-01-20T23:22:02Z</Time><HeartRateBpm><Value>95</Value></HeartRateBpm><Cadence>88</Cadence><Extensions><ns3:TPX><ns3:Speed>0.0</ns3:Speed></ns3:TPX></Extensions></Trackpoint><Trackpoint><Time>2026-01-20T23:22:05Z</Time><HeartRateBpm><Value>96</Value></HeartRateBpm><Cadence>88</Cadence><Extensions><ns3:TPX><ns3:Speed>0.0</ns3:Speed></ns3:TPX></Extensions></Trackpoint><Trackpoint><Time>2026-01-20T23:22:07Z</Time><HeartRateBpm><Value>95</Value></HeartRateBpm><Cadence>88</Cadence><Extensions><ns3:TPX><ns3:Speed>0.0</ns3:Speed></ns3:TPX></Extensions></Trackpoint><Trackpoint><Time>2026-01-20T23:22:11Z</Time><HeartRateBpm><Value>96</Value></HeartRateBpm><Cadence>88</Cadence><Extensions><ns3:TPX><ns3:Speed>0.0</ns3:Speed></ns3:TPX></Extensions></Trackpoint><Trackpoint><Time>2026-01-20T23:22:13Z</Time><HeartRateBpm><Value>97</Value></HeartRateBpm><Cadence>88</Cadence><Extensions><ns3:TPX><ns3:Speed>0.0</ns3:Speed></ns3:TPX></Extensions></Trackpoint><Trackpoint><Time>2026-01-20T23:22:14Z</Time><HeartRateBpm><Value>98</Value></HeartRateBpm><Cadence>88</Cadence><Extensions><ns3:TPX><ns3:Speed>0.0</ns3:Speed></ns3:TPX></Extensions></Trackpoint><Trackpoint><Time>2026-01-20T23:22:16Z</Time><HeartRateBpm><Value>100</Value></HeartRateBpm><Cadence>88</Cadence><Extensions><ns3:TPX><ns3:Speed>0.0</ns3:Speed></ns3:TPX></Extensions></Trackpoint><Trackpoint><Time>2026-01-20T23:22:17Z</Time><HeartRateBpm><Value>102</Value></HeartRateBpm><Cadence>88</Cadence><Extensions><ns3:TPX><ns3:Speed>0.0</ns3:Speed></ns3:TPX></Extensions></Trackpoint><Trackpoint><Time>2026-01-20T23:22:19Z</Time><HeartRateBpm><Value>104</Value></HeartRateBpm><Cadence>88</Cadence><Extensions><ns3:TPX><ns3:Speed>0.0</ns3:Speed></ns3:TPX></Extensions></Trackpoint><Trackpoint><Time>2026-01-20T23:22:22Z</Time><HeartRateBpm><Value>106</Value></HeartRateBpm><Cadence>88</Cadence><Extensions><ns3:TPX><ns3:Speed>0.0</ns3:Speed></ns3:TPX></Extensions></Trackpoint><Trackpoint><Time>2026-01-20T23:22:23Z</Time><HeartRateBpm><Value>108</Value></HeartRateBpm><Cadence>88</Cadence><Extensions><ns3:TPX><ns3:Speed>0.0</ns3:Speed></ns3:TPX></Extensions></Trackpoint><Trackpoint><Time>2026-01-20T23:22:25Z</Time><HeartRateBpm><Value>105</Value></HeartRateBpm><Cadence>88</Cadence><Extensions><ns3:TPX><ns3:Speed>0.0</ns3:Speed></ns3:TPX></Extensions></Trackpoint><Trackpoint><Time>2026-01-20T23:22:26Z</Time><HeartRateBpm><Value>101</Value></HeartRateBpm><Cadence>88</Cadence><Extensions><ns3:TPX><ns3:Speed>0.0</ns3:Speed></ns3:TPX></Extensions></Trackpoint><Trackpoint><Time>2026-01-20T23:22:27Z</Time><HeartRateBpm><Value>100</Value></HeartRateBpm><Cadence>88</Cadence><Extensions><ns3:TPX><ns3:Speed>0.0</ns3:Speed></ns3:TPX></Extensions></Trackpoint><Trackpoint><Time>2026-01-20T23:22:31Z</Time><HeartRateBpm><Value>99</Value></HeartRateBpm><Cadence>88</Cadence><Extensions><ns3:TPX><ns3:Speed>0.0</ns3:Speed></ns3:TPX></Extensions></Trackpoint><Trackpoint><Time>2026-01-20T23:22:32Z</Time><HeartRateBpm><Value>98</Value></HeartRateBpm><Cadence>88</Cadence><Extensions><ns3:TPX><ns3:Speed>0.0</ns3:Speed></ns3:TPX></Extensions></Trackpoint><Trackpoint><Time>2026-01-20T23:22:34Z</Time><HeartRateBpm><Value>97</Value></HeartRateBpm><Cadence>88</Cadence><Extensions><ns3:TPX><ns3:Speed>0.0</ns3:Speed></ns3:TPX></Extensions></Trackpoint><Trackpoint><Time>2026-01-20T23:22:38Z</Time><HeartRateBpm><Value>95</Value></HeartRateBpm><Cadence>88</Cadence><Extensions><ns3:TPX><ns3:Speed>0.0</ns3:Speed></ns3:TPX></Extensions></Trackpoint><Trackpoint><Time>2026-01-20T23:22:40Z</Time><HeartRateBpm><Value>94</Value></HeartRateBpm><Cadence>88</Cadence><Extensions><ns3:TPX><ns3:Speed>0.0</ns3:Speed></ns3:TPX></Extensions></Trackpoint><Trackpoint><Time>2026-01-20T23:22:42Z</Time><HeartRateBpm><Value>95</Value></HeartRateBpm><Cadence>88</Cadence><Extensions><ns3:TPX><ns3:Speed>0.0</ns3:Speed></ns3:TPX></Extensions></Trackpoint><Trackpoint><Time>2026-01-20T23:22:44Z</Time><HeartRateBpm><Value>97</Value></HeartRateBpm><Cadence>88</Cadence><Extensions><ns3:TPX><ns3:Speed>0.0</ns3:Speed></ns3:TPX></Extensions></Trackpoint><Trackpoint><Time>2026-01-20T23:22:45Z</Time><HeartRateBpm><Value>98</Value></HeartRateBpm><Cadence>88</Cadence><Extensions><ns3:TPX><ns3:Speed>0.0</ns3:Speed></ns3:TPX></Extensions></Trackpoint><Trackpoint><Time>2026-01-20T23:22:46Z</Time><HeartRateBpm><Value>100</Value></HeartRateBpm><Cadence>88</Cadence><Extensions><ns3:TPX><ns3:Speed>0.0</ns3:Speed></ns3:TPX></Extensions></Trackpoint><Trackpoint><Time>2026-01-20T23:22:47Z</Time><HeartRateBpm><Value>101</Value></HeartRateBpm><Cadence>88</Cadence><Extensions><ns3:TPX><ns3:Speed>0.0</ns3:Speed></ns3:TPX></Extensions></Trackpoint><Trackpoint><Time>2026-01-20T23:22:50Z</Time><HeartRateBpm><Value>102</Value></HeartRateBpm><Cadence>88</Cadence><Extensions><ns3:TPX><ns3:Speed>0.0</ns3:Speed></ns3:TPX></Extensions></Trackpoint><Trackpoint><Time>2026-01-20T23:22:53Z</Time><HeartRateBpm><Value>103</Value></HeartRateBpm><Cadence>88</Cadence><Extensions><ns3:TPX><ns3:Speed>0.0</ns3:Speed></ns3:TPX></Extensions></Trackpoint><Trackpoint><Time>2026-01-20T23:22:54Z</Time><HeartRateBpm><Value>101</Value></HeartRateBpm><Cadence>88</Cadence><Extensions><ns3:TPX><ns3:Speed>0.0</ns3:Speed></ns3:TPX></Extensions></Trackpoint><Trackpoint><Time>2026-01-20T23:22:56Z</Time><HeartRateBpm><Value>100</Value></HeartRateBpm><Cadence>88</Cadence><Extensions><ns3:TPX><ns3:Speed>0.0</ns3:Speed></ns3:TPX></Extensions></Trackpoint><Trackpoint><Time>2026-01-20T23:22:59Z</Time><HeartRateBpm><Value>101</Value></HeartRateBpm><Cadence>88</Cadence><Extensions><ns3:TPX><ns3:Speed>0.0</ns3:Speed></ns3:TPX></Extensions></Trackpoint><Trackpoint><Time>2026-01-20T23:23:00Z</Time><HeartRateBpm><Value>100</Value></HeartRateBpm><Cadence>88</Cadence><Extensions><ns3:TPX><ns3:Speed>0.0</ns3:Speed></ns3:TPX></Extensions></Trackpoint><Trackpoint><Time>2026-01-20T23:23:05Z</Time><HeartRateBpm><Value>98</Value></HeartRateBpm><Cadence>88</Cadence><Extensions><ns3:TPX><ns3:Speed>0.0</ns3:Speed></ns3:TPX></Extensions></Trackpoint><Trackpoint><Time>2026-01-20T23:23:08Z</Time><HeartRateBpm><Value>99</Value></HeartRateBpm><Cadence>88</Cadence><Extensions><ns3:TPX><ns3:Speed>0.0</ns3:Speed></ns3:TPX></Extensions></Trackpoint><Trackpoint><Time>2026-01-20T23:23:09Z</Time><HeartRateBpm><Value>100</Value></HeartRateBpm><Cadence>88</Cadence><Extensions><ns3:TPX><ns3:Speed>0.0</ns3:Speed></ns3:TPX></Extensions></Trackpoint><Trackpoint><Time>2026-01-20T23:23:11Z</Time><HeartRateBpm><Value>101</Value></HeartRateBpm><Cadence>88</Cadence><Extensions><ns3:TPX><ns3:Speed>0.0</ns3:Speed></ns3:TPX></Extensions></Trackpoint><Trackpoint><Time>2026-01-20T23:23:12Z</Time><HeartRateBpm><Value>104</Value></HeartRateBpm><Cadence>88</Cadence><Extensions><ns3:TPX><ns3:Speed>0.0</ns3:Speed></ns3:TPX></Extensions></Trackpoint><Trackpoint><Time>2026-01-20T23:23:14Z</Time><HeartRateBpm><Value>109</Value></HeartRateBpm><Cadence>88</Cadence><Extensions><ns3:TPX><ns3:Speed>0.0</ns3:Speed></ns3:TPX></Extensions></Trackpoint><Trackpoint><Time>2026-01-20T23:23:15Z</Time><HeartRateBpm><Value>112</Value></HeartRateBpm><Cadence>88</Cadence><Extensions><ns3:TPX><ns3:Speed>0.0</ns3:Speed></ns3:TPX></Extensions></Trackpoint><Trackpoint><Time>2026-01-20T23:23:16Z</Time><HeartRateBpm><Value>113</Value></HeartRateBpm><Cadence>88</Cadence><Extensions><ns3:TPX><ns3:Speed>0.0</ns3:Speed></ns3:TPX></Extensions></Trackpoint><Trackpoint><Time>2026-01-20T23:23:20Z</Time><HeartRateBpm><Value>108</Value></HeartRateBpm><Cadence>88</Cadence><Extensions><ns3:TPX><ns3:Speed>0.0</ns3:Speed></ns3:TPX></Extensions></Trackpoint><Trackpoint><Time>2026-01-20T23:23:21Z</Time><HeartRateBpm><Value>115</Value></HeartRateBpm><Cadence>88</Cadence><Extensions><ns3:TPX><ns3:Speed>0.0</ns3:Speed></ns3:TPX></Extensions></Trackpoint><Trackpoint><Time>2026-01-20T23:23:22Z</Time><HeartRateBpm><Value>110</Value></HeartRateBpm><Cadence>88</Cadence><Extensions><ns3:TPX><ns3:Speed>0.0</ns3:Speed></ns3:TPX></Extensions></Trackpoint><Trackpoint><Time>2026-01-20T23:23:23Z</Time><HeartRateBpm><Value>108</Value></HeartRateBpm><Cadence>88</Cadence><Extensions><ns3:TPX><ns3:Speed>0.0</ns3:Speed></ns3:TPX></Extensions></Trackpoint><Trackpoint><Time>2026-01-20T23:23:26Z</Time><HeartRateBpm><Value>111</Value></HeartRateBpm><Cadence>88</Cadence><Extensions><ns3:TPX><ns3:Speed>0.0</ns3:Speed></ns3:TPX></Extensions></Trackpoint><Trackpoint><Time>2026-01-20T23:23:27Z</Time><HeartRateBpm><Value>115</Value></HeartRateBpm><Cadence>88</Cadence><Extensions><ns3:TPX><ns3:Speed>0.0</ns3:Speed></ns3:TPX></Extensions></Trackpoint><Trackpoint><Time>2026-01-20T23:23:28Z</Time><HeartRateBpm><Value>117</Value></HeartRateBpm><Cadence>88</Cadence><Extensions><ns3:TPX><ns3:Speed>0.0</ns3:Speed></ns3:TPX></Extensions></Trackpoint><Trackpoint><Time>2026-01-20T23:23:29Z</Time><HeartRateBpm><Value>120</Value></HeartRateBpm><Cadence>88</Cadence><Extensions><ns3:TPX><ns3:Speed>0.0</ns3:Speed></ns3:TPX></Extensions></Trackpoint><Trackpoint><Time>2026-01-20T23:23:30Z</Time><HeartRateBpm><Value>122</Value></HeartRateBpm><Cadence>88</Cadence><Extensions><ns3:TPX><ns3:Speed>0.0</ns3:Speed></ns3:TPX></Extensions></Trackpoint><Trackpoint><Time>2026-01-20T23:23:32Z</Time><HeartRateBpm><Value>124</Value></HeartRateBpm><Cadence>88</Cadence><Extensions><ns3:TPX><ns3:Speed>0.0</ns3:Speed></ns3:TPX></Extensions></Trackpoint><Trackpoint><Time>2026-01-20T23:23:33Z</Time><HeartRateBpm><Value>119</Value></HeartRateBpm><Cadence>88</Cadence><Extensions><ns3:TPX><ns3:Speed>0.0</ns3:Speed></ns3:TPX></Extensions></Trackpoint><Trackpoint><Time>2026-01-20T23:23:34Z</Time><HeartRateBpm><Value>111</Value></HeartRateBpm><Cadence>88</Cadence><Extensions><ns3:TPX><ns3:Speed>0.0</ns3:Speed></ns3:TPX></Extensions></Trackpoint><Trackpoint><Time>2026-01-20T23:23:35Z</Time><HeartRateBpm><Value>106</Value></HeartRateBpm><Cadence>88</Cadence><Extensions><ns3:TPX><ns3:Speed>0.0</ns3:Speed></ns3:TPX></Extensions></Trackpoint><Trackpoint><Time>2026-01-20T23:23:36Z</Time><HeartRateBpm><Value>105</Value></HeartRateBpm><Cadence>88</Cadence><Extensions><ns3:TPX><ns3:Speed>0.0</ns3:Speed></ns3:TPX></Extensions></Trackpoint><Trackpoint><Time>2026-01-20T23:23:40Z</Time><HeartRateBpm><Value>104</Value></HeartRateBpm><Cadence>88</Cadence><Extensions><ns3:TPX><ns3:Speed>0.0</ns3:Speed></ns3:TPX></Extensions></Trackpoint><Trackpoint><Time>2026-01-20T23:23:44Z</Time><HeartRateBpm><Value>105</Value></HeartRateBpm><Cadence>88</Cadence><Extensions><ns3:TPX><ns3:Speed>0.0</ns3:Speed></ns3:TPX></Extensions></Trackpoint><Trackpoint><Time>2026-01-20T23:23:45Z</Time><HeartRateBpm><Value>104</Value></HeartRateBpm><Cadence>88</Cadence><Extensions><ns3:TPX><ns3:Speed>0.0</ns3:Speed></ns3:TPX></Extensions></Trackpoint><Trackpoint><Time>2026-01-20T23:23:48Z</Time><HeartRateBpm><Value>103</Value></HeartRateBpm><Cadence>88</Cadence><Extensions><ns3:TPX><ns3:Speed>0.0</ns3:Speed></ns3:TPX></Extensions></Trackpoint><Trackpoint><Time>2026-01-20T23:23:49Z</Time><HeartRateBpm><Value>102</Value></HeartRateBpm><Cadence>88</Cadence><Extensions><ns3:TPX><ns3:Speed>0.0</ns3:Speed></ns3:TPX></Extensions></Trackpoint><Trackpoint><Time>2026-01-20T23:23:51Z</Time><HeartRateBpm><Value>105</Value></HeartRateBpm><Cadence>88</Cadence><Extensions><ns3:TPX><ns3:Speed>0.0</ns3:Speed></ns3:TPX></Extensions></Trackpoint><Trackpoint><Time>2026-01-20T23:23:52Z</Time><HeartRateBpm><Value>108</Value></HeartRateBpm><Cadence>88</Cadence><Extensions><ns3:TPX><ns3:Speed>0.0</ns3:Speed></ns3:TPX></Extensions></Trackpoint><Trackpoint><Time>2026-01-20T23:23:53Z</Time><HeartRateBpm><Value>109</Value></HeartRateBpm><Cadence>88</Cadence><Extensions><ns3:TPX><ns3:Speed>0.0</ns3:Speed></ns3:TPX></Extensions></Trackpoint><Trackpoint><Time>2026-01-20T23:23:55Z</Time><HeartRateBpm><Value>110</Value></HeartRateBpm><Cadence>88</Cadence><Extensions><ns3:TPX><ns3:Speed>0.0</ns3:Speed></ns3:TPX></Extensions></Trackpoint><Trackpoint><Time>2026-01-20T23:24:00Z</Time><HeartRateBpm><Value>109</Value></HeartRateBpm><Cadence>88</Cadence><Extensions><ns3:TPX><ns3:Speed>0.0</ns3:Speed></ns3:TPX></Extensions></Trackpoint><Trackpoint><Time>2026-01-20T23:24:01Z</Time><HeartRateBpm><Value>108</Value></HeartRateBpm><Cadence>88</Cadence><Extensions><ns3:TPX><ns3:Speed>0.0</ns3:Speed></ns3:TPX></Extensions></Trackpoint><Trackpoint><Time>2026-01-20T23:24:05Z</Time><HeartRateBpm><Value>109</Value></HeartRateBpm><Cadence>88</Cadence><Extensions><ns3:TPX><ns3:Speed>0.0</ns3:Speed></ns3:TPX></Extensions></Trackpoint><Trackpoint><Time>2026-01-20T23:24:07Z</Time><HeartRateBpm><Value>108</Value></HeartRateBpm><Cadence>88</Cadence><Extensions><ns3:TPX><ns3:Speed>0.0</ns3:Speed></ns3:TPX></Extensions></Trackpoint><Trackpoint><Time>2026-01-20T23:24:10Z</Time><HeartRateBpm><Value>109</Value></HeartRateBpm><Cadence>88</Cadence><Extensions><ns3:TPX><ns3:Speed>0.0</ns3:Speed></ns3:TPX></Extensions></Trackpoint><Trackpoint><Time>2026-01-20T23:24:15Z</Time><HeartRateBpm><Value>109</Value></HeartRateBpm><Cadence>88</Cadence><Extensions><ns3:TPX><ns3:Speed>0.0</ns3:Speed></ns3:TPX></Extensions></Trackpoint><Trackpoint><Time>2026-01-20T23:24:17Z</Time><HeartRateBpm><Value>111</Value></HeartRateBpm><Cadence>88</Cadence><Extensions><ns3:TPX><ns3:Speed>0.0</ns3:Speed></ns3:TPX></Extensions></Trackpoint><Trackpoint><Time>2026-01-20T23:24:18Z</Time><HeartRateBpm><Value>112</Value></HeartRateBpm><Cadence>88</Cadence><Extensions><ns3:TPX><ns3:Speed>0.0</ns3:Speed></ns3:TPX></Extensions></Trackpoint><Trackpoint><Time>2026-01-20T23:24:19Z</Time><HeartRateBpm><Value>113</Value></HeartRateBpm><Cadence>88</Cadence><Extensions><ns3:TPX><ns3:Speed>0.0</ns3:Speed></ns3:TPX></Extensions></Trackpoint><Trackpoint><Time>2026-01-20T23:24:21Z</Time><HeartRateBpm><Value>115</Value></HeartRateBpm><Cadence>88</Cadence><Extensions><ns3:TPX><ns3:Speed>0.0</ns3:Speed></ns3:TPX></Extensions></Trackpoint><Trackpoint><Time>2026-01-20T23:24:22Z</Time><HeartRateBpm><Value>117</Value></HeartRateBpm><Cadence>88</Cadence><Extensions><ns3:TPX><ns3:Speed>0.0</ns3:Speed></ns3:TPX></Extensions></Trackpoint><Trackpoint><Time>2026-01-20T23:24:25Z</Time><HeartRateBpm><Value>116</Value></HeartRateBpm><Cadence>88</Cadence><Extensions><ns3:TPX><ns3:Speed>0.0</ns3:Speed></ns3:TPX></Extensions></Trackpoint><Trackpoint><Time>2026-01-20T23:24:26Z</Time><HeartRateBpm><Value>117</Value></HeartRateBpm><Cadence>88</Cadence><Extensions><ns3:TPX><ns3:Speed>0.0</ns3:Speed></ns3:TPX></Extensions></Trackpoint><Trackpoint><Time>2026-01-20T23:24:31Z</Time><HeartRateBpm><Value>117</Value></HeartRateBpm><Cadence>88</Cadence><Extensions><ns3:TPX><ns3:Speed>0.0</ns3:Speed></ns3:TPX></Extensions></Trackpoint><Trackpoint><Time>2026-01-20T23:24:36Z</Time><HeartRateBpm><Value>117</Value></HeartRateBpm><Cadence>88</Cadence><Extensions><ns3:TPX><ns3:Speed>0.0</ns3:Speed></ns3:TPX></Extensions></Trackpoint><Trackpoint><Time>2026-01-20T23:24:38Z</Time><HeartRateBpm><Value>116</Value></HeartRateBpm><Cadence>88</Cadence><Extensions><ns3:TPX><ns3:Speed>0.0</ns3:Speed></ns3:TPX></Extensions></Trackpoint><Trackpoint><Time>2026-01-20T23:24:40Z</Time><HeartRateBpm><Value>115</Value></HeartRateBpm><Cadence>88</Cadence><Extensions><ns3:TPX><ns3:Speed>0.0</ns3:Speed></ns3:TPX></Extensions></Trackpoint><Trackpoint><Time>2026-01-20T23:24:46Z</Time><HeartRateBpm><Value>114</Value></HeartRateBpm><Cadence>88</Cadence><Extensions><ns3:TPX><ns3:Speed>0.0</ns3:Speed></ns3:TPX></Extensions></Trackpoint><Trackpoint><Time>2026-01-20T23:24:48Z</Time><HeartRateBpm><Value>113</Value></HeartRateBpm><Cadence>88</Cadence><Extensions><ns3:TPX><ns3:Speed>0.0</ns3:Speed></ns3:TPX></Extensions></Trackpoint><Trackpoint><Time>2026-01-20T23:24:52Z</Time><HeartRateBpm><Value>112</Value></HeartRateBpm><Cadence>88</Cadence><Extensions><ns3:TPX><ns3:Speed>0.0</ns3:Speed></ns3:TPX></Extensions></Trackpoint><Trackpoint><Time>2026-01-20T23:24:53Z</Time><HeartRateBpm><Value>113</Value></HeartRateBpm><Cadence>88</Cadence><Extensions><ns3:TPX><ns3:Speed>0.0</ns3:Speed></ns3:TPX></Extensions></Trackpoint><Trackpoint><Time>2026-01-20T23:24:58Z</Time><HeartRateBpm><Value>113</Value></HeartRateBpm><Cadence>88</Cadence><Extensions><ns3:TPX><ns3:Speed>0.0</ns3:Speed></ns3:TPX></Extensions></Trackpoint><Trackpoint><Time>2026-01-20T23:25:01Z</Time><HeartRateBpm><Value>114</Value></HeartRateBpm><Cadence>88</Cadence><Extensions><ns3:TPX><ns3:Speed>0.0</ns3:Speed></ns3:TPX></Extensions></Trackpoint><Trackpoint><Time>2026-01-20T23:25:06Z</Time><HeartRateBpm><Value>116</Value></HeartRateBpm><Cadence>88</Cadence><Extensions><ns3:TPX><ns3:Speed>0.0</ns3:Speed></ns3:TPX></Extensions></Trackpoint><Trackpoint><Time>2026-01-20T23:25:10Z</Time><HeartRateBpm><Value>117</Value></HeartRateBpm><Cadence>88</Cadence><Extensions><ns3:TPX><ns3:Speed>0.0</ns3:Speed></ns3:TPX></Extensions></Trackpoint><Trackpoint><Time>2026-01-20T23:25:11Z</Time><HeartRateBpm><Value>118</Value></HeartRateBpm><Cadence>88</Cadence><Extensions><ns3:TPX><ns3:Speed>0.0</ns3:Speed></ns3:TPX></Extensions></Trackpoint><Trackpoint><Time>2026-01-20T23:25:13Z</Time><HeartRateBpm><Value>117</Value></HeartRateBpm><Cadence>88</Cadence><Extensions><ns3:TPX><ns3:Speed>0.0</ns3:Speed></ns3:TPX></Extensions></Trackpoint><Trackpoint><Time>2026-01-20T23:25:14Z</Time><HeartRateBpm><Value>116</Value></HeartRateBpm><Cadence>88</Cadence><Extensions><ns3:TPX><ns3:Speed>0.0</ns3:Speed></ns3:TPX></Extensions></Trackpoint><Trackpoint><Time>2026-01-20T23:25:17Z</Time><HeartRateBpm><Value>119</Value></HeartRateBpm><Cadence>88</Cadence><Extensions><ns3:TPX><ns3:Speed>0.0</ns3:Speed></ns3:TPX></Extensions></Trackpoint><Trackpoint><Time>2026-01-20T23:25:18Z</Time><HeartRateBpm><Value>121</Value></HeartRateBpm><Cadence>88</Cadence><Extensions><ns3:TPX><ns3:Speed>0.0</ns3:Speed></ns3:TPX></Extensions></Trackpoint><Trackpoint><Time>2026-01-20T23:25:19Z</Time><HeartRateBpm><Value>118</Value></HeartRateBpm><Cadence>88</Cadence><Extensions><ns3:TPX><ns3:Speed>0.0</ns3:Speed></ns3:TPX></Extensions></Trackpoint><Trackpoint><Time>2026-01-20T23:25:20Z</Time><HeartRateBpm><Value>121</Value></HeartRateBpm><Cadence>88</Cadence><Extensions><ns3:TPX><ns3:Speed>0.0</ns3:Speed></ns3:TPX></Extensions></Trackpoint><Trackpoint><Time>2026-01-20T23:25:21Z</Time><HeartRateBpm><Value>119</Value></HeartRateBpm><Cadence>88</Cadence><Extensions><ns3:TPX><ns3:Speed>0.0</ns3:Speed></ns3:TPX></Extensions></Trackpoint><Trackpoint><Time>2026-01-20T23:25:22Z</Time><HeartRateBpm><Value>117</Value></HeartRateBpm><Cadence>88</Cadence><Extensions><ns3:TPX><ns3:Speed>0.0</ns3:Speed></ns3:TPX></Extensions></Trackpoint><Trackpoint><Time>2026-01-20T23:25:24Z</Time><HeartRateBpm><Value>119</Value></HeartRateBpm><Cadence>88</Cadence><Extensions><ns3:TPX><ns3:Speed>0.0</ns3:Speed></ns3:TPX></Extensions></Trackpoint><Trackpoint><Time>2026-01-20T23:25:25Z</Time><HeartRateBpm><Value>120</Value></HeartRateBpm><Cadence>88</Cadence><Extensions><ns3:TPX><ns3:Speed>0.0</ns3:Speed></ns3:TPX></Extensions></Trackpoint><Trackpoint><Time>2026-01-20T23:25:26Z</Time><HeartRateBpm><Value>121</Value></HeartRateBpm><Cadence>88</Cadence><Extensions><ns3:TPX><ns3:Speed>0.0</ns3:Speed></ns3:TPX></Extensions></Trackpoint><Trackpoint><Time>2026-01-20T23:25:28Z</Time><HeartRateBpm><Value>123</Value></HeartRateBpm><Cadence>88</Cadence><Extensions><ns3:TPX><ns3:Speed>0.0</ns3:Speed></ns3:TPX></Extensions></Trackpoint><Trackpoint><Time>2026-01-20T23:25:30Z</Time><HeartRateBpm><Value>122</Value></HeartRateBpm><Cadence>88</Cadence><Extensions><ns3:TPX><ns3:Speed>0.0</ns3:Speed></ns3:TPX></Extensions></Trackpoint><Trackpoint><Time>2026-01-20T23:25:31Z</Time><HeartRateBpm><Value>123</Value></HeartRateBpm><Cadence>88</Cadence><Extensions><ns3:TPX><ns3:Speed>0.0</ns3:Speed></ns3:TPX></Extensions></Trackpoint><Trackpoint><Time>2026-01-20T23:25:35Z</Time><HeartRateBpm><Value>122</Value></HeartRateBpm><Cadence>88</Cadence><Extensions><ns3:TPX><ns3:Speed>0.0</ns3:Speed></ns3:TPX></Extensions></Trackpoint><Trackpoint><Time>2026-01-20T23:25:38Z</Time><HeartRateBpm><Value>123</Value></HeartRateBpm><Cadence>88</Cadence><Extensions><ns3:TPX><ns3:Speed>0.0</ns3:Speed></ns3:TPX></Extensions></Trackpoint><Trackpoint><Time>2026-01-20T23:25:40Z</Time><HeartRateBpm><Value>121</Value></HeartRateBpm><Cadence>88</Cadence><Extensions><ns3:TPX><ns3:Speed>0.0</ns3:Speed></ns3:TPX></Extensions></Trackpoint><Trackpoint><Time>2026-01-20T23:25:46Z</Time><HeartRateBpm><Value>122</Value></HeartRateBpm><Cadence>88</Cadence><Extensions><ns3:TPX><ns3:Speed>0.0</ns3:Speed></ns3:TPX></Extensions></Trackpoint><Trackpoint><Time>2026-01-20T23:25:49Z</Time><HeartRateBpm><Value>123</Value></HeartRateBpm><Cadence>88</Cadence><Extensions><ns3:TPX><ns3:Speed>0.0</ns3:Speed></ns3:TPX></Extensions></Trackpoint><Trackpoint><Time>2026-01-20T23:25:54Z</Time><HeartRateBpm><Value>123</Value></HeartRateBpm><Cadence>88</Cadence><Extensions><ns3:TPX><ns3:Speed>0.0</ns3:Speed></ns3:TPX></Extensions></Trackpoint><Trackpoint><Time>2026-01-20T23:25:56Z</Time><HeartRateBpm><Value>124</Value></HeartRateBpm><Cadence>88</Cadence><Extensions><ns3:TPX><ns3:Speed>0.0</ns3:Speed></ns3:TPX></Extensions></Trackpoint><Trackpoint><Time>2026-01-20T23:25:58Z</Time><HeartRateBpm><Value>126</Value></HeartRateBpm><Cadence>88</Cadence><Extensions><ns3:TPX><ns3:Speed>0.0</ns3:Speed></ns3:TPX></Extensions></Trackpoint><Trackpoint><Time>2026-01-20T23:26:04Z</Time><HeartRateBpm><Value>126</Value></HeartRateBpm><Cadence>88</Cadence><Extensions><ns3:TPX><ns3:Speed>0.0</ns3:Speed></ns3:TPX></Extensions></Trackpoint><Trackpoint><Time>2026-01-20T23:26:06Z</Time><HeartRateBpm><Value>127</Value></HeartRateBpm><Cadence>88</Cadence><Extensions><ns3:TPX><ns3:Speed>0.0</ns3:Speed></ns3:TPX></Extensions></Trackpoint><Trackpoint><Time>2026-01-20T23:26:11Z</Time><HeartRateBpm><Value>128</Value></HeartRateBpm><Cadence>88</Cadence><Extensions><ns3:TPX><ns3:Speed>0.0</ns3:Speed></ns3:TPX></Extensions></Trackpoint><Trackpoint><Time>2026-01-20T23:26:13Z</Time><HeartRateBpm><Value>129</Value></HeartRateBpm><Cadence>88</Cadence><Extensions><ns3:TPX><ns3:Speed>0.0</ns3:Speed></ns3:TPX></Extensions></Trackpoint><Trackpoint><Time>2026-01-20T23:26:17Z</Time><HeartRateBpm><Value>128</Value></HeartRateBpm><Cadence>88</Cadence><Extensions><ns3:TPX><ns3:Speed>0.0</ns3:Speed></ns3:TPX></Extensions></Trackpoint><Trackpoint><Time>2026-01-20T23:26:23Z</Time><HeartRateBpm><Value>128</Value></HeartRateBpm><Cadence>88</Cadence><Extensions><ns3:TPX><ns3:Speed>0.0</ns3:Speed></ns3:TPX></Extensions></Trackpoint><Trackpoint><Time>2026-01-20T23:26:24Z</Time><HeartRateBpm><Value>127</Value></HeartRateBpm><Cadence>88</Cadence><Extensions><ns3:TPX><ns3:Speed>0.0</ns3:Speed></ns3:TPX></Extensions></Trackpoint><Trackpoint><Time>2026-01-20T23:26:29Z</Time><HeartRateBpm><Value>127</Value></HeartRateBpm><Cadence>88</Cadence><Extensions><ns3:TPX><ns3:Speed>0.0</ns3:Speed></ns3:TPX></Extensions></Trackpoint><Trackpoint><Time>2026-01-20T23:26:30Z</Time><HeartRateBpm><Value>126</Value></HeartRateBpm><Cadence>88</Cadence><Extensions><ns3:TPX><ns3:Speed>0.0</ns3:Speed></ns3:TPX></Extensions></Trackpoint><Trackpoint><Time>2026-01-20T23:26:31Z</Time><HeartRateBpm><Value>125</Value></HeartRateBpm><Cadence>88</Cadence><Extensions><ns3:TPX><ns3:Speed>0.0</ns3:Speed></ns3:TPX></Extensions></Trackpoint><Trackpoint><Time>2026-01-20T23:26:36Z</Time><HeartRateBpm><Value>125</Value></HeartRateBpm><Cadence>88</Cadence><Extensions><ns3:TPX><ns3:Speed>0.0</ns3:Speed></ns3:TPX></Extensions></Trackpoint><Trackpoint><Time>2026-01-20T23:26:39Z</Time><HeartRateBpm><Value>124</Value></HeartRateBpm><Cadence>88</Cadence><Extensions><ns3:TPX><ns3:Speed>0.0</ns3:Speed></ns3:TPX></Extensions></Trackpoint><Trackpoint><Time>2026-01-20T23:26:44Z</Time><HeartRateBpm><Value>124</Value></HeartRateBpm><Cadence>88</Cadence><Extensions><ns3:TPX><ns3:Speed>0.0</ns3:Speed></ns3:TPX></Extensions></Trackpoint><Trackpoint><Time>2026-01-20T23:26:47Z</Time><HeartRateBpm><Value>125</Value></HeartRateBpm><Cadence>88</Cadence><Extensions><ns3:TPX><ns3:Speed>0.0</ns3:Speed></ns3:TPX></Extensions></Trackpoint><Trackpoint><Time>2026-01-20T23:26:49Z</Time><HeartRateBpm><Value>124</Value></HeartRateBpm><Cadence>88</Cadence><Extensions><ns3:TPX><ns3:Speed>0.0</ns3:Speed></ns3:TPX></Extensions></Trackpoint><Trackpoint><Time>2026-01-20T23:26:53Z</Time><HeartRateBpm><Value>125</Value></HeartRateBpm><Cadence>88</Cadence><Extensions><ns3:TPX><ns3:Speed>0.0</ns3:Speed></ns3:TPX></Extensions></Trackpoint><Trackpoint><Time>2026-01-20T23:26:59Z</Time><HeartRateBpm><Value>126</Value></HeartRateBpm><Cadence>88</Cadence><Extensions><ns3:TPX><ns3:Speed>0.0</ns3:Speed></ns3:TPX></Extensions></Trackpoint><Trackpoint><Time>2026-01-20T23:27:00Z</Time><HeartRateBpm><Value>127</Value></HeartRateBpm><Cadence>88</Cadence><Extensions><ns3:TPX><ns3:Speed>0.0</ns3:Speed></ns3:TPX></Extensions></Trackpoint><Trackpoint><Time>2026-01-20T23:27:06Z</Time><HeartRateBpm><Value>126</Value></HeartRateBpm><Cadence>88</Cadence><Extensions><ns3:TPX><ns3:Speed>0.0</ns3:Speed></ns3:TPX></Extensions></Trackpoint><Trackpoint><Time>2026-01-20T23:27:10Z</Time><HeartRateBpm><Value>125</Value></HeartRateBpm><Cadence>88</Cadence><Extensions><ns3:TPX><ns3:Speed>0.0</ns3:Speed></ns3:TPX></Extensions></Trackpoint><Trackpoint><Time>2026-01-20T23:27:12Z</Time><HeartRateBpm><Value>126</Value></HeartRateBpm><Cadence>88</Cadence><Extensions><ns3:TPX><ns3:Speed>0.0</ns3:Speed></ns3:TPX></Extensions></Trackpoint><Trackpoint><Time>2026-01-20T23:27:18Z</Time><HeartRateBpm><Value>127</Value></HeartRateBpm><Cadence>88</Cadence><Extensions><ns3:TPX><ns3:Speed>0.0</ns3:Speed></ns3:TPX></Extensions></Trackpoint><Trackpoint><Time>2026-01-20T23:27:19Z</Time><HeartRateBpm><Value>128</Value></HeartRateBpm><Cadence>88</Cadence><Extensions><ns3:TPX><ns3:Speed>0.0</ns3:Speed></ns3:TPX></Extensions></Trackpoint><Trackpoint><Time>2026-01-20T23:27:20Z</Time><HeartRateBpm><Value>129</Value></HeartRateBpm><Cadence>88</Cadence><Extensions><ns3:TPX><ns3:Speed>0.0</ns3:Speed></ns3:TPX></Extensions></Trackpoint><Trackpoint><Time>2026-01-20T23:27:25Z</Time><HeartRateBpm><Value>130</Value></HeartRateBpm><Cadence>88</Cadence><Extensions><ns3:TPX><ns3:Speed>0.0</ns3:Speed></ns3:TPX></Extensions></Trackpoint><Trackpoint><Time>2026-01-20T23:27:27Z</Time><HeartRateBpm><Value>129</Value></HeartRateBpm><Cadence>88</Cadence><Extensions><ns3:TPX><ns3:Speed>0.0</ns3:Speed></ns3:TPX></Extensions></Trackpoint><Trackpoint><Time>2026-01-20T23:27:32Z</Time><HeartRateBpm><Value>129</Value></HeartRateBpm><Cadence>88</Cadence><Extensions><ns3:TPX><ns3:Speed>0.0</ns3:Speed></ns3:TPX></Extensions></Trackpoint><Trackpoint><Time>2026-01-20T23:27:34Z</Time><HeartRateBpm><Value>128</Value></HeartRateBpm><Cadence>88</Cadence><Extensions><ns3:TPX><ns3:Speed>0.0</ns3:Speed></ns3:TPX></Extensions></Trackpoint><Trackpoint><Time>2026-01-20T23:27:37Z</Time><HeartRateBpm><Value>127</Value></HeartRateBpm><Cadence>88</Cadence><Extensions><ns3:TPX><ns3:Speed>0.0</ns3:Speed></ns3:TPX></Extensions></Trackpoint><Trackpoint><Time>2026-01-20T23:27:42Z</Time><HeartRateBpm><Value>126</Value></HeartRateBpm><Cadence>88</Cadence><Extensions><ns3:TPX><ns3:Speed>0.0</ns3:Speed></ns3:TPX></Extensions></Trackpoint><Trackpoint><Time>2026-01-20T23:27:43Z</Time><HeartRateBpm><Value>125</Value></HeartRateBpm><Cadence>88</Cadence><Extensions><ns3:TPX><ns3:Speed>0.0</ns3:Speed></ns3:TPX></Extensions></Trackpoint><Trackpoint><Time>2026-01-20T23:27:44Z</Time><HeartRateBpm><Value>124</Value></HeartRateBpm><Cadence>88</Cadence><Extensions><ns3:TPX><ns3:Speed>0.0</ns3:Speed></ns3:TPX></Extensions></Trackpoint><Trackpoint><Time>2026-01-20T23:27:46Z</Time><HeartRateBpm><Value>123</Value></HeartRateBpm><Cadence>88</Cadence><Extensions><ns3:TPX><ns3:Speed>0.0</ns3:Speed></ns3:TPX></Extensions></Trackpoint><Trackpoint><Time>2026-01-20T23:27:48Z</Time><HeartRateBpm><Value>122</Value></HeartRateBpm><Cadence>88</Cadence><Extensions><ns3:TPX><ns3:Speed>0.0</ns3:Speed></ns3:TPX></Extensions></Trackpoint><Trackpoint><Time>2026-01-20T23:27:50Z</Time><HeartRateBpm><Value>121</Value></HeartRateBpm><Cadence>88</Cadence><Extensions><ns3:TPX><ns3:Speed>0.0</ns3:Speed></ns3:TPX></Extensions></Trackpoint><Trackpoint><Time>2026-01-20T23:27:51Z</Time><HeartRateBpm><Value>120</Value></HeartRateBpm><Cadence>88</Cadence><Extensions><ns3:TPX><ns3:Speed>0.0</ns3:Speed></ns3:TPX></Extensions></Trackpoint><Trackpoint><Time>2026-01-20T23:27:55Z</Time><HeartRateBpm><Value>119</Value></HeartRateBpm><Cadence>88</Cadence><Extensions><ns3:TPX><ns3:Speed>0.0</ns3:Speed></ns3:TPX></Extensions></Trackpoint><Trackpoint><Time>2026-01-20T23:27:59Z</Time><HeartRateBpm><Value>118</Value></HeartRateBpm><Cadence>88</Cadence><Extensions><ns3:TPX><ns3:Speed>0.0</ns3:Speed></ns3:TPX></Extensions></Trackpoint><Trackpoint><Time>2026-01-20T23:28:03Z</Time><HeartRateBpm><Value>119</Value></HeartRateBpm><Cadence>88</Cadence><Extensions><ns3:TPX><ns3:Speed>0.0</ns3:Speed></ns3:TPX></Extensions></Trackpoint><Trackpoint><Time>2026-01-20T23:28:07Z</Time><HeartRateBpm><Value>117</Value></HeartRateBpm><Cadence>88</Cadence><Extensions><ns3:TPX><ns3:Speed>0.0</ns3:Speed></ns3:TPX></Extensions></Trackpoint><Trackpoint><Time>2026-01-20T23:28:08Z</Time><HeartRateBpm><Value>116</Value></HeartRateBpm><Cadence>88</Cadence><Extensions><ns3:TPX><ns3:Speed>0.0</ns3:Speed></ns3:TPX></Extensions></Trackpoint><Trackpoint><Time>2026-01-20T23:28:09Z</Time><HeartRateBpm><Value>118</Value></HeartRateBpm><Cadence>88</Cadence><Extensions><ns3:TPX><ns3:Speed>0.0</ns3:Speed></ns3:TPX></Extensions></Trackpoint><Trackpoint><Time>2026-01-20T23:28:10Z</Time><HeartRateBpm><Value>119</Value></HeartRateBpm><Cadence>88</Cadence><Extensions><ns3:TPX><ns3:Speed>0.0</ns3:Speed></ns3:TPX></Extensions></Trackpoint><Trackpoint><Time>2026-01-20T23:28:11Z</Time><HeartRateBpm><Value>123</Value></HeartRateBpm><Cadence>88</Cadence><Extensions><ns3:TPX><ns3:Speed>0.0</ns3:Speed></ns3:TPX></Extensions></Trackpoint><Trackpoint><Time>2026-01-20T23:28:13Z</Time><HeartRateBpm><Value>129</Value></HeartRateBpm><Cadence>88</Cadence><Extensions><ns3:TPX><ns3:Speed>0.0</ns3:Speed></ns3:TPX></Extensions></Trackpoint><Trackpoint><Time>2026-01-20T23:28:14Z</Time><HeartRateBpm><Value>130</Value></HeartRateBpm><Cadence>88</Cadence><Extensions><ns3:TPX><ns3:Speed>0.0</ns3:Speed></ns3:TPX></Extensions></Trackpoint><Trackpoint><Time>2026-01-20T23:28:15Z</Time><HeartRateBpm><Value>132</Value></HeartRateBpm><Cadence>88</Cadence><Extensions><ns3:TPX><ns3:Speed>0.0</ns3:Speed></ns3:TPX></Extensions></Trackpoint><Trackpoint><Time>2026-01-20T23:28:16Z</Time><HeartRateBpm><Value>133</Value></HeartRateBpm><Cadence>88</Cadence><Extensions><ns3:TPX><ns3:Speed>0.0</ns3:Speed></ns3:TPX></Extensions></Trackpoint><Trackpoint><Time>2026-01-20T23:28:19Z</Time><HeartRateBpm><Value>134</Value></HeartRateBpm><Cadence>88</Cadence><Extensions><ns3:TPX><ns3:Speed>0.0</ns3:Speed></ns3:TPX></Extensions></Trackpoint><Trackpoint><Time>2026-01-20T23:28:21Z</Time><HeartRateBpm><Value>127</Value></HeartRateBpm><Cadence>88</Cadence><Extensions><ns3:TPX><ns3:Speed>0.0</ns3:Speed></ns3:TPX></Extensions></Trackpoint><Trackpoint><Time>2026-01-20T23:28:22Z</Time><HeartRateBpm><Value>131</Value></HeartRateBpm><Cadence>88</Cadence><Extensions><ns3:TPX><ns3:Speed>0.0</ns3:Speed></ns3:TPX></Extensions></Trackpoint><Trackpoint><Time>2026-01-20T23:28:23Z</Time><HeartRateBpm><Value>127</Value></HeartRateBpm><Cadence>88</Cadence><Extensions><ns3:TPX><ns3:Speed>0.0</ns3:Speed></ns3:TPX></Extensions></Trackpoint><Trackpoint><Time>2026-01-20T23:28:25Z</Time><HeartRateBpm><Value>126</Value></HeartRateBpm><Cadence>88</Cadence><Extensions><ns3:TPX><ns3:Speed>0.0</ns3:Speed></ns3:TPX></Extensions></Trackpoint><Trackpoint><Time>2026-01-20T23:28:27Z</Time><HeartRateBpm><Value>125</Value></HeartRateBpm><Cadence>88</Cadence><Extensions><ns3:TPX><ns3:Speed>0.0</ns3:Speed></ns3:TPX></Extensions></Trackpoint><Trackpoint><Time>2026-01-20T23:28:28Z</Time><HeartRateBpm><Value>124</Value></HeartRateBpm><Cadence>88</Cadence><Extensions><ns3:TPX><ns3:Speed>0.0</ns3:Speed></ns3:TPX></Extensions></Trackpoint><Trackpoint><Time>2026-01-20T23:28:29Z</Time><HeartRateBpm><Value>123</Value></HeartRateBpm><Cadence>88</Cadence><Extensions><ns3:TPX><ns3:Speed>0.0</ns3:Speed></ns3:TPX></Extensions></Trackpoint><Trackpoint><Time>2026-01-20T23:28:31Z</Time><HeartRateBpm><Value>122</Value></HeartRateBpm><Cadence>88</Cadence><Extensions><ns3:TPX><ns3:Speed>0.0</ns3:Speed></ns3:TPX></Extensions></Trackpoint><Trackpoint><Time>2026-01-20T23:28:33Z</Time><HeartRateBpm><Value>121</Value></HeartRateBpm><Cadence>88</Cadence><Extensions><ns3:TPX><ns3:Speed>0.0</ns3:Speed></ns3:TPX></Extensions></Trackpoint><Trackpoint><Time>2026-01-20T23:28:34Z</Time><HeartRateBpm><Value>120</Value></HeartRateBpm><Cadence>88</Cadence><Extensions><ns3:TPX><ns3:Speed>0.0</ns3:Speed></ns3:TPX></Extensions></Trackpoint><Trackpoint><Time>2026-01-20T23:28:35Z</Time><HeartRateBpm><Value>119</Value></HeartRateBpm><Cadence>88</Cadence><Extensions><ns3:TPX><ns3:Speed>0.0</ns3:Speed></ns3:TPX></Extensions></Trackpoint><Trackpoint><Time>2026-01-20T23:28:37Z</Time><HeartRateBpm><Value>118</Value></HeartRateBpm><Cadence>88</Cadence><Extensions><ns3:TPX><ns3:Speed>0.0</ns3:Speed></ns3:TPX></Extensions></Trackpoint><Trackpoint><Time>2026-01-20T23:28:43Z</Time><HeartRateBpm><Value>118</Value></HeartRateBpm><Cadence>88</Cadence><Extensions><ns3:TPX><ns3:Speed>0.0</ns3:Speed></ns3:TPX></Extensions></Trackpoint><Trackpoint><Time>2026-01-20T23:28:45Z</Time><HeartRateBpm><Value>121</Value></HeartRateBpm><Cadence>88</Cadence><Extensions><ns3:TPX><ns3:Speed>0.0</ns3:Speed></ns3:TPX></Extensions></Trackpoint><Trackpoint><Time>2026-01-20T23:28:46Z</Time><HeartRateBpm><Value>123</Value></HeartRateBpm><Cadence>88</Cadence><Extensions><ns3:TPX><ns3:Speed>0.0</ns3:Speed></ns3:TPX></Extensions></Trackpoint><Trackpoint><Time>2026-01-20T23:28:48Z</Time><HeartRateBpm><Value>122</Value></HeartRateBpm><Cadence>88</Cadence><Extensions><ns3:TPX><ns3:Speed>0.0</ns3:Speed></ns3:TPX></Extensions></Trackpoint><Trackpoint><Time>2026-01-20T23:28:50Z</Time><HeartRateBpm><Value>121</Value></HeartRateBpm><Cadence>88</Cadence><Extensions><ns3:TPX><ns3:Speed>0.0</ns3:Speed></ns3:TPX></Extensions></Trackpoint><Trackpoint><Time>2026-01-20T23:28:56Z</Time><HeartRateBpm><Value>122</Value></HeartRateBpm><Cadence>88</Cadence><Extensions><ns3:TPX><ns3:Speed>0.0</ns3:Speed></ns3:TPX></Extensions></Trackpoint><Trackpoint><Time>2026-01-20T23:28:57Z</Time><HeartRateBpm><Value>123</Value></HeartRateBpm><Cadence>88</Cadence><Extensions><ns3:TPX><ns3:Speed>0.0</ns3:Speed></ns3:TPX></Extensions></Trackpoint><Trackpoint><Time>2026-01-20T23:29:02Z</Time><HeartRateBpm><Value>122</Value></HeartRateBpm><Cadence>88</Cadence><Extensions><ns3:TPX><ns3:Speed>0.0</ns3:Speed></ns3:TPX></Extensions></Trackpoint><Trackpoint><Time>2026-01-20T23:29:08Z</Time><HeartRateBpm><Value>122</Value></HeartRateBpm><Cadence>88</Cadence><Extensions><ns3:TPX><ns3:Speed>0.0</ns3:Speed></ns3:TPX></Extensions></Trackpoint><Trackpoint><Time>2026-01-20T23:29:11Z</Time><HeartRateBpm><Value>123</Value></HeartRateBpm><Cadence>88</Cadence><Extensions><ns3:TPX><ns3:Speed>0.0</ns3:Speed></ns3:TPX></Extensions></Trackpoint><Trackpoint><Time>2026-01-20T23:29:15Z</Time><HeartRateBpm><Value>122</Value></HeartRateBpm><Cadence>88</Cadence><Extensions><ns3:TPX><ns3:Speed>0.0</ns3:Speed></ns3:TPX></Extensions></Trackpoint><Trackpoint><Time>2026-01-20T23:29:20Z</Time><HeartRateBpm><Value>122</Value></HeartRateBpm><Cadence>88</Cadence><Extensions><ns3:TPX><ns3:Speed>0.0</ns3:Speed></ns3:TPX></Extensions></Trackpoint><Trackpoint><Time>2026-01-20T23:29:22Z</Time><HeartRateBpm><Value>123</Value></HeartRateBpm><Cadence>88</Cadence><Extensions><ns3:TPX><ns3:Speed>0.0</ns3:Speed></ns3:TPX></Extensions></Trackpoint><Trackpoint><Time>2026-01-20T23:29:27Z</Time><HeartRateBpm><Value>123</Value></HeartRateBpm><Cadence>88</Cadence><Extensions><ns3:TPX><ns3:Speed>0.0</ns3:Speed></ns3:TPX></Extensions></Trackpoint><Trackpoint><Time>2026-01-20T23:29:29Z</Time><HeartRateBpm><Value>124</Value></HeartRateBpm><Cadence>88</Cadence><Extensions><ns3:TPX><ns3:Speed>0.0</ns3:Speed></ns3:TPX></Extensions></Trackpoint><Trackpoint><Time>2026-01-20T23:29:34Z</Time><HeartRateBpm><Value>124</Value></HeartRateBpm><Cadence>88</Cadence><Extensions><ns3:TPX><ns3:Speed>0.0</ns3:Speed></ns3:TPX></Extensions></Trackpoint><Trackpoint><Time>2026-01-20T23:29:38Z</Time><HeartRateBpm><Value>124</Value></HeartRateBpm><Cadence>88</Cadence><Extensions><ns3:TPX><ns3:Speed>0.0</ns3:Speed></ns3:TPX></Extensions></Trackpoint><Trackpoint><Time>2026-01-20T23:29:40Z</Time><HeartRateBpm><Value>123</Value></HeartRateBpm><Cadence>88</Cadence><Extensions><ns3:TPX><ns3:Speed>0.0</ns3:Speed></ns3:TPX></Extensions></Trackpoint><Trackpoint><Time>2026-01-20T23:29:45Z</Time><HeartRateBpm><Value>123</Value></HeartRateBpm><Cadence>88</Cadence><Extensions><ns3:TPX><ns3:Speed>0.0</ns3:Speed></ns3:TPX></Extensions></Trackpoint><Trackpoint><Time>2026-01-20T23:29:49Z</Time><HeartRateBpm><Value>124</Value></HeartRateBpm><Cadence>88</Cadence><Extensions><ns3:TPX><ns3:Speed>0.0</ns3:Speed></ns3:TPX></Extensions></Trackpoint><Trackpoint><Time>2026-01-20T23:29:55Z</Time><HeartRateBpm><Value>126</Value></HeartRateBpm><Cadence>88</Cadence><Extensions><ns3:TPX><ns3:Speed>0.0</ns3:Speed></ns3:TPX></Extensions></Trackpoint><Trackpoint><Time>2026-01-20T23:30:01Z</Time><HeartRateBpm><Value>126</Value></HeartRateBpm><Cadence>88</Cadence><Extensions><ns3:TPX><ns3:Speed>0.0</ns3:Speed></ns3:TPX></Extensions></Trackpoint><Trackpoint><Time>2026-01-20T23:30:02Z</Time><HeartRateBpm><Value>125</Value></HeartRateBpm><Cadence>88</Cadence><Extensions><ns3:TPX><ns3:Speed>0.0</ns3:Speed></ns3:TPX></Extensions></Trackpoint><Trackpoint><Time>2026-01-20T23:30:05Z</Time><HeartRateBpm><Value>123</Value></HeartRateBpm><Cadence>88</Cadence><Extensions><ns3:TPX><ns3:Speed>0.0</ns3:Speed></ns3:TPX></Extensions></Trackpoint><Trackpoint><Time>2026-01-20T23:30:06Z</Time><HeartRateBpm><Value>122</Value></HeartRateBpm><Cadence>88</Cadence><Extensions><ns3:TPX><ns3:Speed>0.0</ns3:Speed></ns3:TPX></Extensions></Trackpoint><Trackpoint><Time>2026-01-20T23:30:08Z</Time><HeartRateBpm><Value>120</Value></HeartRateBpm><Cadence>88</Cadence><Extensions><ns3:TPX><ns3:Speed>0.0</ns3:Speed></ns3:TPX></Extensions></Trackpoint><Trackpoint><Time>2026-01-20T23:30:11Z</Time><HeartRateBpm><Value>119</Value></HeartRateBpm><Cadence>88</Cadence><Extensions><ns3:TPX><ns3:Speed>0.0</ns3:Speed></ns3:TPX></Extensions></Trackpoint><Trackpoint><Time>2026-01-20T23:30:12Z</Time><HeartRateBpm><Value>118</Value></HeartRateBpm><Cadence>88</Cadence><Extensions><ns3:TPX><ns3:Speed>0.0</ns3:Speed></ns3:TPX></Extensions></Trackpoint><Trackpoint><Time>2026-01-20T23:30:14Z</Time><HeartRateBpm><Value>117</Value></HeartRateBpm><Cadence>88</Cadence><Extensions><ns3:TPX><ns3:Speed>0.0</ns3:Speed></ns3:TPX></Extensions></Trackpoint><Trackpoint><Time>2026-01-20T23:30:16Z</Time><HeartRateBpm><Value>118</Value></HeartRateBpm><Cadence>88</Cadence><Extensions><ns3:TPX><ns3:Speed>0.0</ns3:Speed></ns3:TPX></Extensions></Trackpoint><Trackpoint><Time>2026-01-20T23:30:18Z</Time><HeartRateBpm><Value>119</Value></HeartRateBpm><Cadence>88</Cadence><Extensions><ns3:TPX><ns3:Speed>0.0</ns3:Speed></ns3:TPX></Extensions></Trackpoint><Trackpoint><Time>2026-01-20T23:30:20Z</Time><HeartRateBpm><Value>118</Value></HeartRateBpm><Cadence>88</Cadence><Extensions><ns3:TPX><ns3:Speed>0.0</ns3:Speed></ns3:TPX></Extensions></Trackpoint><Trackpoint><Time>2026-01-20T23:30:21Z</Time><HeartRateBpm><Value>117</Value></HeartRateBpm><Cadence>88</Cadence><Extensions><ns3:TPX><ns3:Speed>0.0</ns3:Speed></ns3:TPX></Extensions></Trackpoint><Trackpoint><Time>2026-01-20T23:30:23Z</Time><HeartRateBpm><Value>116</Value></HeartRateBpm><Cadence>88</Cadence><Extensions><ns3:TPX><ns3:Speed>0.0</ns3:Speed></ns3:TPX></Extensions></Trackpoint><Trackpoint><Time>2026-01-20T23:30:26Z</Time><HeartRateBpm><Value>117</Value></HeartRateBpm><Cadence>88</Cadence><Extensions><ns3:TPX><ns3:Speed>0.0</ns3:Speed></ns3:TPX></Extensions></Trackpoint><Trackpoint><Time>2026-01-20T23:30:30Z</Time><HeartRateBpm><Value>116</Value></HeartRateBpm><Cadence>88</Cadence><Extensions><ns3:TPX><ns3:Speed>0.0</ns3:Speed></ns3:TPX></Extensions></Trackpoint><Trackpoint><Time>2026-01-20T23:30:32Z</Time><HeartRateBpm><Value>115</Value></HeartRateBpm><Cadence>88</Cadence><Extensions><ns3:TPX><ns3:Speed>0.0</ns3:Speed></ns3:TPX></Extensions></Trackpoint><Trackpoint><Time>2026-01-20T23:30:38Z</Time><HeartRateBpm><Value>115</Value></HeartRateBpm><Cadence>88</Cadence><Extensions><ns3:TPX><ns3:Speed>0.0</ns3:Speed></ns3:TPX></Extensions></Trackpoint><Trackpoint><Time>2026-01-20T23:30:40Z</Time><HeartRateBpm><Value>116</Value></HeartRateBpm><Cadence>88</Cadence><Extensions><ns3:TPX><ns3:Speed>0.0</ns3:Speed></ns3:TPX></Extensions></Trackpoint><Trackpoint><Time>2026-01-20T23:30:45Z</Time><HeartRateBpm><Value>116</Value></HeartRateBpm><Cadence>88</Cadence><Extensions><ns3:TPX><ns3:Speed>0.0</ns3:Speed></ns3:TPX></Extensions></Trackpoint><Trackpoint><Time>2026-01-20T23:30:47Z</Time><HeartRateBpm><Value>117</Value></HeartRateBpm><Cadence>88</Cadence><Extensions><ns3:TPX><ns3:Speed>0.0</ns3:Speed></ns3:TPX></Extensions></Trackpoint><Trackpoint><Time>2026-01-20T23:30:48Z</Time><HeartRateBpm><Value>119</Value></HeartRateBpm><Cadence>88</Cadence><Extensions><ns3:TPX><ns3:Speed>0.0</ns3:Speed></ns3:TPX></Extensions></Trackpoint><Trackpoint><Time>2026-01-20T23:30:50Z</Time><HeartRateBpm><Value>120</Value></HeartRateBpm><Cadence>88</Cadence><Extensions><ns3:TPX><ns3:Speed>0.0</ns3:Speed></ns3:TPX></Extensions></Trackpoint><Trackpoint><Time>2026-01-20T23:30:51Z</Time><HeartRateBpm><Value>121</Value></HeartRateBpm><Cadence>88</Cadence><Extensions><ns3:TPX><ns3:Speed>0.0</ns3:Speed></ns3:TPX></Extensions></Trackpoint><Trackpoint><Time>2026-01-20T23:30:54Z</Time><HeartRateBpm><Value>120</Value></HeartRateBpm><Cadence>88</Cadence><Extensions><ns3:TPX><ns3:Speed>0.0</ns3:Speed></ns3:TPX></Extensions></Trackpoint><Trackpoint><Time>2026-01-20T23:30:56Z</Time><HeartRateBpm><Value>119</Value></HeartRateBpm><Cadence>88</Cadence><Extensions><ns3:TPX><ns3:Speed>0.0</ns3:Speed></ns3:TPX></Extensions></Trackpoint><Trackpoint><Time>2026-01-20T23:30:59Z</Time><HeartRateBpm><Value>118</Value></HeartRateBpm><Cadence>88</Cadence><Extensions><ns3:TPX><ns3:Speed>0.0</ns3:Speed></ns3:TPX></Extensions></Trackpoint><Trackpoint><Time>2026-01-20T23:31:00Z</Time><HeartRateBpm><Value>119</Value></HeartRateBpm><Cadence>88</Cadence><Extensions><ns3:TPX><ns3:Speed>0.0</ns3:Speed></ns3:TPX></Extensions></Trackpoint><Trackpoint><Time>2026-01-20T23:31:02Z</Time><HeartRateBpm><Value>120</Value></HeartRateBpm><Cadence>88</Cadence><Extensions><ns3:TPX><ns3:Speed>0.0</ns3:Speed></ns3:TPX></Extensions></Trackpoint><Trackpoint><Time>2026-01-20T23:31:03Z</Time><HeartRateBpm><Value>122</Value></HeartRateBpm><Cadence>88</Cadence><Extensions><ns3:TPX><ns3:Speed>0.0</ns3:Speed></ns3:TPX></Extensions></Trackpoint><Trackpoint><Time>2026-01-20T23:31:04Z</Time><HeartRateBpm><Value>126</Value></HeartRateBpm><Cadence>88</Cadence><Extensions><ns3:TPX><ns3:Speed>0.0</ns3:Speed></ns3:TPX></Extensions></Trackpoint><Trackpoint><Time>2026-01-20T23:31:05Z</Time><HeartRateBpm><Value>121</Value></HeartRateBpm><Cadence>88</Cadence><Extensions><ns3:TPX><ns3:Speed>0.0</ns3:Speed></ns3:TPX></Extensions></Trackpoint><Trackpoint><Time>2026-01-20T23:31:08Z</Time><HeartRateBpm><Value>120</Value></HeartRateBpm><Cadence>88</Cadence><Extensions><ns3:TPX><ns3:Speed>0.0</ns3:Speed></ns3:TPX></Extensions></Trackpoint><Trackpoint><Time>2026-01-20T23:31:10Z</Time><HeartRateBpm><Value>119</Value></HeartRateBpm><Cadence>88</Cadence><Extensions><ns3:TPX><ns3:Speed>0.0</ns3:Speed></ns3:TPX></Extensions></Trackpoint><Trackpoint><Time>2026-01-20T23:31:15Z</Time><HeartRateBpm><Value>120</Value></HeartRateBpm><Cadence>88</Cadence><Extensions><ns3:TPX><ns3:Speed>0.0</ns3:Speed></ns3:TPX></Extensions></Trackpoint><Trackpoint><Time>2026-01-20T23:31:16Z</Time><HeartRateBpm><Value>123</Value></HeartRateBpm><Cadence>88</Cadence><Extensions><ns3:TPX><ns3:Speed>0.0</ns3:Speed></ns3:TPX></Extensions></Trackpoint><Trackpoint><Time>2026-01-20T23:31:17Z</Time><HeartRateBpm><Value>124</Value></HeartRateBpm><Cadence>88</Cadence><Extensions><ns3:TPX><ns3:Speed>0.0</ns3:Speed></ns3:TPX></Extensions></Trackpoint><Trackpoint><Time>2026-01-20T23:31:19Z</Time><HeartRateBpm><Value>123</Value></HeartRateBpm><Cadence>88</Cadence><Extensions><ns3:TPX><ns3:Speed>0.0</ns3:Speed></ns3:TPX></Extensions></Trackpoint><Trackpoint><Time>2026-01-20T23:31:21Z</Time><HeartRateBpm><Value>124</Value></HeartRateBpm><Cadence>88</Cadence><Extensions><ns3:TPX><ns3:Speed>0.0</ns3:Speed></ns3:TPX></Extensions></Trackpoint><Trackpoint><Time>2026-01-20T23:31:24Z</Time><HeartRateBpm><Value>123</Value></HeartRateBpm><Cadence>88</Cadence><Extensions><ns3:TPX><ns3:Speed>0.0</ns3:Speed></ns3:TPX></Extensions></Trackpoint><Trackpoint><Time>2026-01-20T23:31:27Z</Time><HeartRateBpm><Value>122</Value></HeartRateBpm><Cadence>88</Cadence><Extensions><ns3:TPX><ns3:Speed>0.0</ns3:Speed></ns3:TPX></Extensions></Trackpoint><Trackpoint><Time>2026-01-20T23:31:28Z</Time><HeartRateBpm><Value>121</Value></HeartRateBpm><Cadence>88</Cadence><Extensions><ns3:TPX><ns3:Speed>0.0</ns3:Speed></ns3:TPX></Extensions></Trackpoint><Trackpoint><Time>2026-01-20T23:31:29Z</Time><HeartRateBpm><Value>119</Value></HeartRateBpm><Cadence>88</Cadence><Extensions><ns3:TPX><ns3:Speed>0.0</ns3:Speed></ns3:TPX></Extensions></Trackpoint><Trackpoint><Time>2026-01-20T23:31:30Z</Time><HeartRateBpm><Value>117</Value></HeartRateBpm><Cadence>88</Cadence><Extensions><ns3:TPX><ns3:Speed>0.0</ns3:Speed></ns3:TPX></Extensions></Trackpoint><Trackpoint><Time>2026-01-20T23:31:31Z</Time><HeartRateBpm><Value>116</Value></HeartRateBpm><Cadence>88</Cadence><Extensions><ns3:TPX><ns3:Speed>0.0</ns3:Speed></ns3:TPX></Extensions></Trackpoint><Trackpoint><Time>2026-01-20T23:31:36Z</Time><HeartRateBpm><Value>116</Value></HeartRateBpm><Cadence>88</Cadence><Extensions><ns3:TPX><ns3:Speed>0.0</ns3:Speed></ns3:TPX></Extensions></Trackpoint><Trackpoint><Time>2026-01-20T23:31:39Z</Time><HeartRateBpm><Value>114</Value></HeartRateBpm><Cadence>88</Cadence><Extensions><ns3:TPX><ns3:Speed>0.0</ns3:Speed></ns3:TPX></Extensions></Trackpoint><Trackpoint><Time>2026-01-20T23:31:42Z</Time><HeartRateBpm><Value>113</Value></HeartRateBpm><Cadence>88</Cadence><Extensions><ns3:TPX><ns3:Speed>0.0</ns3:Speed></ns3:TPX></Extensions></Trackpoint><Trackpoint><Time>2026-01-20T23:31:43Z</Time><HeartRateBpm><Value>112</Value></HeartRateBpm><Cadence>88</Cadence><Extensions><ns3:TPX><ns3:Speed>0.0</ns3:Speed></ns3:TPX></Extensions></Trackpoint><Trackpoint><Time>2026-01-20T23:31:46Z</Time><HeartRateBpm><Value>113</Value></HeartRateBpm><Cadence>88</Cadence><Extensions><ns3:TPX><ns3:Speed>0.0</ns3:Speed></ns3:TPX></Extensions></Trackpoint><Trackpoint><Time>2026-01-20T23:31:48Z</Time><HeartRateBpm><Value>112</Value></HeartRateBpm><Cadence>88</Cadence><Extensions><ns3:TPX><ns3:Speed>0.0</ns3:Speed></ns3:TPX></Extensions></Trackpoint><Trackpoint><Time>2026-01-20T23:31:51Z</Time><HeartRateBpm><Value>114</Value></HeartRateBpm><Cadence>88</Cadence><Extensions><ns3:TPX><ns3:Speed>0.0</ns3:Speed></ns3:TPX></Extensions></Trackpoint><Trackpoint><Time>2026-01-20T23:31:55Z</Time><HeartRateBpm><Value>114</Value></HeartRateBpm><Cadence>88</Cadence><Extensions><ns3:TPX><ns3:Speed>0.0</ns3:Speed></ns3:TPX></Extensions></Trackpoint><Trackpoint><Time>2026-01-20T23:31:59Z</Time><HeartRateBpm><Value>115</Value></HeartRateBpm><Cadence>88</Cadence><Extensions><ns3:TPX><ns3:Speed>0.0</ns3:Speed></ns3:TPX></Extensions></Trackpoint><Trackpoint><Time>2026-01-20T23:32:02Z</Time><HeartRateBpm><Value>116</Value></HeartRateBpm><Cadence>88</Cadence><Extensions><ns3:TPX><ns3:Speed>0.0</ns3:Speed></ns3:TPX></Extensions></Trackpoint><Trackpoint><Time>2026-01-20T23:32:04Z</Time><HeartRateBpm><Value>115</Value></HeartRateBpm><Cadence>88</Cadence><Extensions><ns3:TPX><ns3:Speed>0.0</ns3:Speed></ns3:TPX></Extensions></Trackpoint><Trackpoint><Time>2026-01-20T23:32:05Z</Time><HeartRateBpm><Value>114</Value></HeartRateBpm><Cadence>88</Cadence><Extensions><ns3:TPX><ns3:Speed>0.0</ns3:Speed></ns3:TPX></Extensions></Trackpoint><Trackpoint><Time>2026-01-20T23:32:10Z</Time><HeartRateBpm><Value>114</Value></HeartRateBpm><Cadence>88</Cadence><Extensions><ns3:TPX><ns3:Speed>0.0</ns3:Speed></ns3:TPX></Extensions></Trackpoint><Trackpoint><Time>2026-01-20T23:32:12Z</Time><HeartRateBpm><Value>113</Value></HeartRateBpm><Cadence>88</Cadence><Extensions><ns3:TPX><ns3:Speed>0.0</ns3:Speed></ns3:TPX></Extensions></Trackpoint><Trackpoint><Time>2026-01-20T23:32:13Z</Time><HeartRateBpm><Value>112</Value></HeartRateBpm><Cadence>88</Cadence><Extensions><ns3:TPX><ns3:Speed>0.0</ns3:Speed></ns3:TPX></Extensions></Trackpoint><Trackpoint><Time>2026-01-20T23:32:14Z</Time><HeartRateBpm><Value>111</Value></HeartRateBpm><Cadence>88</Cadence><Extensions><ns3:TPX><ns3:Speed>0.0</ns3:Speed></ns3:TPX></Extensions></Trackpoint><Trackpoint><Time>2026-01-20T23:32:19Z</Time><HeartRateBpm><Value>111</Value></HeartRateBpm><Cadence>88</Cadence><Extensions><ns3:TPX><ns3:Speed>0.0</ns3:Speed></ns3:TPX></Extensions></Trackpoint><Trackpoint><Time>2026-01-20T23:32:24Z</Time><HeartRateBpm><Value>112</Value></HeartRateBpm><Cadence>88</Cadence><Extensions><ns3:TPX><ns3:Speed>0.0</ns3:Speed></ns3:TPX></Extensions></Trackpoint><Trackpoint><Time>2026-01-20T23:32:25Z</Time><HeartRateBpm><Value>113</Value></HeartRateBpm><Cadence>88</Cadence><Extensions><ns3:TPX><ns3:Speed>0.0</ns3:Speed></ns3:TPX></Extensions></Trackpoint><Trackpoint><Time>2026-01-20T23:32:26Z</Time><HeartRateBpm><Value>114</Value></HeartRateBpm><Cadence>88</Cadence><Extensions><ns3:TPX><ns3:Speed>0.0</ns3:Speed></ns3:TPX></Extensions></Trackpoint><Trackpoint><Time>2026-01-20T23:32:28Z</Time><HeartRateBpm><Value>113</Value></HeartRateBpm><Cadence>88</Cadence><Extensions><ns3:TPX><ns3:Speed>0.0</ns3:Speed></ns3:TPX></Extensions></Trackpoint><Trackpoint><Time>2026-01-20T23:32:30Z</Time><HeartRateBpm><Value>112</Value></HeartRateBpm><Cadence>88</Cadence><Extensions><ns3:TPX><ns3:Speed>0.0</ns3:Speed></ns3:TPX></Extensions></Trackpoint><Trackpoint><Time>2026-01-20T23:32:31Z</Time><HeartRateBpm><Value>111</Value></HeartRateBpm><Cadence>88</Cadence><Extensions><ns3:TPX><ns3:Speed>0.0</ns3:Speed></ns3:TPX></Extensions></Trackpoint><Trackpoint><Time>2026-01-20T23:32:36Z</Time><HeartRateBpm><Value>111</Value></HeartRateBpm><Cadence>88</Cadence><Extensions><ns3:TPX><ns3:Speed>0.0</ns3:Speed></ns3:TPX></Extensions></Trackpoint><Trackpoint><Time>2026-01-20T23:32:37Z</Time><HeartRateBpm><Value>112</Value></HeartRateBpm><Cadence>88</Cadence><Extensions><ns3:TPX><ns3:Speed>0.0</ns3:Speed></ns3:TPX></Extensions></Trackpoint><Trackpoint><Time>2026-01-20T23:32:42Z</Time><HeartRateBpm><Value>112</Value></HeartRateBpm><Cadence>88</Cadence><Extensions><ns3:TPX><ns3:Speed>0.0</ns3:Speed></ns3:TPX></Extensions></Trackpoint><Trackpoint><Time>2026-01-20T23:32:44Z</Time><HeartRateBpm><Value>114</Value></HeartRateBpm><Cadence>88</Cadence><Extensions><ns3:TPX><ns3:Speed>0.0</ns3:Speed></ns3:TPX></Extensions></Trackpoint><Trackpoint><Time>2026-01-20T23:32:46Z</Time><HeartRateBpm><Value>115</Value></HeartRateBpm><Cadence>88</Cadence><Extensions><ns3:TPX><ns3:Speed>0.0</ns3:Speed></ns3:TPX></Extensions></Trackpoint><Trackpoint><Time>2026-01-20T23:32:47Z</Time><HeartRateBpm><Value>116</Value></HeartRateBpm><Cadence>88</Cadence><Extensions><ns3:TPX><ns3:Speed>0.0</ns3:Speed></ns3:TPX></Extensions></Trackpoint><Trackpoint><Time>2026-01-20T23:32:48Z</Time><HeartRateBpm><Value>115</Value></HeartRateBpm><Cadence>88</Cadence><Extensions><ns3:TPX><ns3:Speed>0.0</ns3:Speed></ns3:TPX></Extensions></Trackpoint><Trackpoint><Time>2026-01-20T23:32:50Z</Time><HeartRateBpm><Value>114</Value></HeartRateBpm><Cadence>88</Cadence><Extensions><ns3:TPX><ns3:Speed>0.0</ns3:Speed></ns3:TPX></Extensions></Trackpoint><Trackpoint><Time>2026-01-20T23:32:55Z</Time><HeartRateBpm><Value>113</Value></HeartRateBpm><Cadence>88</Cadence><Extensions><ns3:TPX><ns3:Speed>0.0</ns3:Speed></ns3:TPX></Extensions></Trackpoint><Trackpoint><Time>2026-01-20T23:32:56Z</Time><HeartRateBpm><Value>111</Value></HeartRateBpm><Cadence>88</Cadence><Extensions><ns3:TPX><ns3:Speed>0.0</ns3:Speed></ns3:TPX></Extensions></Trackpoint><Trackpoint><Time>2026-01-20T23:32:58Z</Time><HeartRateBpm><Value>112</Value></HeartRateBpm><Cadence>88</Cadence><Extensions><ns3:TPX><ns3:Speed>0.0</ns3:Speed></ns3:TPX></Extensions></Trackpoint><Trackpoint><Time>2026-01-20T23:33:01Z</Time><HeartRateBpm><Value>113</Value></HeartRateBpm><Cadence>88</Cadence><Extensions><ns3:TPX><ns3:Speed>0.0</ns3:Speed></ns3:TPX></Extensions></Trackpoint><Trackpoint><Time>2026-01-20T23:33:02Z</Time><HeartRateBpm><Value>114</Value></HeartRateBpm><Cadence>88</Cadence><Extensions><ns3:TPX><ns3:Speed>0.0</ns3:Speed></ns3:TPX></Extensions></Trackpoint><Trackpoint><Time>2026-01-20T23:33:07Z</Time><HeartRateBpm><Value>114</Value></HeartRateBpm><Cadence>88</Cadence><Extensions><ns3:TPX><ns3:Speed>0.0</ns3:Speed></ns3:TPX></Extensions></Trackpoint><Trackpoint><Time>2026-01-20T23:33:12Z</Time><HeartRateBpm><Value>113</Value></HeartRateBpm><Cadence>88</Cadence><Extensions><ns3:TPX><ns3:Speed>0.0</ns3:Speed></ns3:TPX></Extensions></Trackpoint><Trackpoint><Time>2026-01-20T23:33:13Z</Time><HeartRateBpm><Value>112</Value></HeartRateBpm><Cadence>88</Cadence><Extensions><ns3:TPX><ns3:Speed>0.0</ns3:Speed></ns3:TPX></Extensions></Trackpoint><Trackpoint><Time>2026-01-20T23:33:15Z</Time><HeartRateBpm><Value>111</Value></HeartRateBpm><Cadence>88</Cadence><Extensions><ns3:TPX><ns3:Speed>0.0</ns3:Speed></ns3:TPX></Extensions></Trackpoint><Trackpoint><Time>2026-01-20T23:33:18Z</Time><HeartRateBpm><Value>109</Value></HeartRateBpm><Cadence>88</Cadence><Extensions><ns3:TPX><ns3:Speed>0.0</ns3:Speed></ns3:TPX></Extensions></Trackpoint><Trackpoint><Time>2026-01-20T23:33:19Z</Time><HeartRateBpm><Value>107</Value></HeartRateBpm><Cadence>88</Cadence><Extensions><ns3:TPX><ns3:Speed>0.0</ns3:Speed></ns3:TPX></Extensions></Trackpoint><Trackpoint><Time>2026-01-20T23:33:20Z</Time><HeartRateBpm><Value>106</Value></HeartRateBpm><Cadence>88</Cadence><Extensions><ns3:TPX><ns3:Speed>0.0</ns3:Speed></ns3:TPX></Extensions></Trackpoint><Trackpoint><Time>2026-01-20T23:33:21Z</Time><HeartRateBpm><Value>105</Value></HeartRateBpm><Cadence>88</Cadence><Extensions><ns3:TPX><ns3:Speed>0.0</ns3:Speed></ns3:TPX></Extensions></Trackpoint><Trackpoint><Time>2026-01-20T23:33:26Z</Time><HeartRateBpm><Value>105</Value></HeartRateBpm><Cadence>88</Cadence><Extensions><ns3:TPX><ns3:Speed>0.0</ns3:Speed></ns3:TPX></Extensions></Trackpoint><Trackpoint><Time>2026-01-20T23:33:29Z</Time><HeartRateBpm><Value>106</Value></HeartRateBpm><Cadence>88</Cadence><Extensions><ns3:TPX><ns3:Speed>0.0</ns3:Speed></ns3:TPX></Extensions></Trackpoint><Trackpoint><Time>2026-01-20T23:33:30Z</Time><HeartRateBpm><Value>107</Value></HeartRateBpm><Cadence>88</Cadence><Extensions><ns3:TPX><ns3:Speed>0.0</ns3:Speed></ns3:TPX></Extensions></Trackpoint><Trackpoint><Time>2026-01-20T23:33:35Z</Time><HeartRateBpm><Value>106</Value></HeartRateBpm><Cadence>88</Cadence><Extensions><ns3:TPX><ns3:Speed>0.0</ns3:Speed></ns3:TPX></Extensions></Trackpoint><Trackpoint><Time>2026-01-20T23:33:39Z</Time><HeartRateBpm><Value>107</Value></HeartRateBpm><Cadence>88</Cadence><Extensions><ns3:TPX><ns3:Speed>0.0</ns3:Speed></ns3:TPX></Extensions></Trackpoint><Trackpoint><Time>2026-01-20T23:33:41Z</Time><HeartRateBpm><Value>108</Value></HeartRateBpm><Cadence>88</Cadence><Extensions><ns3:TPX><ns3:Speed>0.0</ns3:Speed></ns3:TPX></Extensions></Trackpoint><Trackpoint><Time>2026-01-20T23:33:43Z</Time><HeartRateBpm><Value>107</Value></HeartRateBpm><Cadence>88</Cadence><Extensions><ns3:TPX><ns3:Speed>0.0</ns3:Speed></ns3:TPX></Extensions></Trackpoint><Trackpoint><Time>2026-01-20T23:33:44Z</Time><HeartRateBpm><Value>106</Value></HeartRateBpm><Cadence>88</Cadence><Extensions><ns3:TPX><ns3:Speed>0.0</ns3:Speed></ns3:TPX></Extensions></Trackpoint><Trackpoint><Time>2026-01-20T23:33:45Z</Time><HeartRateBpm><Value>105</Value></HeartRateBpm><Cadence>88</Cadence><Extensions><ns3:TPX><ns3:Speed>0.0</ns3:Speed></ns3:TPX></Extensions></Trackpoint><Trackpoint><Time>2026-01-20T23:33:47Z</Time><HeartRateBpm><Value>106</Value></HeartRateBpm><Cadence>88</Cadence><Extensions><ns3:TPX><ns3:Speed>0.0</ns3:Speed></ns3:TPX></Extensions></Trackpoint><Trackpoint><Time>2026-01-20T23:33:52Z</Time><HeartRateBpm><Value>106</Value></HeartRateBpm><Cadence>88</Cadence><Extensions><ns3:TPX><ns3:Speed>0.0</ns3:Speed></ns3:TPX></Extensions></Trackpoint><Trackpoint><Time>2026-01-20T23:33:58Z</Time><HeartRateBpm><Value>108</Value></HeartRateBpm><Cadence>88</Cadence><Extensions><ns3:TPX><ns3:Speed>0.0</ns3:Speed></ns3:TPX></Extensions></Trackpoint><Trackpoint><Time>2026-01-20T23:34:01Z</Time><HeartRateBpm><Value>107</Value></HeartRateBpm><Cadence>88</Cadence><Extensions><ns3:TPX><ns3:Speed>0.0</ns3:Speed></ns3:TPX></Extensions></Trackpoint><Trackpoint><Time>2026-01-20T23:34:06Z</Time><HeartRateBpm><Value>107</Value></HeartRateBpm><Cadence>88</Cadence><Extensions><ns3:TPX><ns3:Speed>0.0</ns3:Speed></ns3:TPX></Extensions></Trackpoint><Trackpoint><Time>2026-01-20T23:34:07Z</Time><HeartRateBpm><Value>106</Value></HeartRateBpm><Cadence>88</Cadence><Extensions><ns3:TPX><ns3:Speed>0.0</ns3:Speed></ns3:TPX></Extensions></Trackpoint><Trackpoint><Time>2026-01-20T23:34:08Z</Time><HeartRateBpm><Value>105</Value></HeartRateBpm><Cadence>88</Cadence><Extensions><ns3:TPX><ns3:Speed>0.0</ns3:Speed></ns3:TPX></Extensions></Trackpoint><Trackpoint><Time>2026-01-20T23:34:11Z</Time><HeartRateBpm><Value>104</Value></HeartRateBpm><Cadence>88</Cadence><Extensions><ns3:TPX><ns3:Speed>0.0</ns3:Speed></ns3:TPX></Extensions></Trackpoint><Trackpoint><Time>2026-01-20T23:34:12Z</Time><HeartRateBpm><Value>103</Value></HeartRateBpm><Cadence>88</Cadence><Extensions><ns3:TPX><ns3:Speed>0.0</ns3:Speed></ns3:TPX></Extensions></Trackpoint><Trackpoint><Time>2026-01-20T23:34:13Z</Time><HeartRateBpm><Value>102</Value></HeartRateBpm><Cadence>88</Cadence><Extensions><ns3:TPX><ns3:Speed>0.0</ns3:Speed></ns3:TPX></Extensions></Trackpoint><Trackpoint><Time>2026-01-20T23:34:14Z</Time><HeartRateBpm><Value>101</Value></HeartRateBpm><Cadence>88</Cadence><Extensions><ns3:TPX><ns3:Speed>0.0</ns3:Speed></ns3:TPX></Extensions></Trackpoint><Trackpoint><Time>2026-01-20T23:34:15Z</Time><HeartRateBpm><Value>100</Value></HeartRateBpm><Cadence>88</Cadence><Extensions><ns3:TPX><ns3:Speed>0.0</ns3:Speed></ns3:TPX></Extensions></Trackpoint><Trackpoint><Time>2026-01-20T23:34:20Z</Time><HeartRateBpm><Value>100</Value></HeartRateBpm><Cadence>88</Cadence><Extensions><ns3:TPX><ns3:Speed>0.0</ns3:Speed></ns3:TPX></Extensions></Trackpoint><Trackpoint><Time>2026-01-20T23:34:25Z</Time><HeartRateBpm><Value>100</Value></HeartRateBpm><Cadence>88</Cadence><Extensions><ns3:TPX><ns3:Speed>0.0</ns3:Speed></ns3:TPX></Extensions></Trackpoint><Trackpoint><Time>2026-01-20T23:34:29Z</Time><HeartRateBpm><Value>99</Value></HeartRateBpm><Cadence>88</Cadence><Extensions><ns3:TPX><ns3:Speed>0.0</ns3:Speed></ns3:TPX></Extensions></Trackpoint><Trackpoint><Time>2026-01-20T23:34:31Z</Time><HeartRateBpm><Value>100</Value></HeartRateBpm><Cadence>88</Cadence><Extensions><ns3:TPX><ns3:Speed>0.0</ns3:Speed></ns3:TPX></Extensions></Trackpoint><Trackpoint><Time>2026-01-20T23:34:33Z</Time><HeartRateBpm><Value>99</Value></HeartRateBpm><Cadence>88</Cadence><Extensions><ns3:TPX><ns3:Speed>0.0</ns3:Speed></ns3:TPX></Extensions></Trackpoint><Trackpoint><Time>2026-01-20T23:34:35Z</Time><HeartRateBpm><Value>98</Value></HeartRateBpm><Cadence>88</Cadence><Extensions><ns3:TPX><ns3:Speed>0.0</ns3:Speed></ns3:TPX></Extensions></Trackpoint><Trackpoint><Time>2026-01-20T23:34:36Z</Time><HeartRateBpm><Value>97</Value></HeartRateBpm><Cadence>88</Cadence><Extensions><ns3:TPX><ns3:Speed>0.0</ns3:Speed></ns3:TPX></Extensions></Trackpoint><Trackpoint><Time>2026-01-20T23:34:41Z</Time><HeartRateBpm><Value>97</Value></HeartRateBpm><Cadence>88</Cadence><Extensions><ns3:TPX><ns3:Speed>0.0</ns3:Speed></ns3:TPX></Extensions></Trackpoint><Trackpoint><Time>2026-01-20T23:34:44Z</Time><HeartRateBpm><Value>96</Value></HeartRateBpm><Cadence>88</Cadence><Extensions><ns3:TPX><ns3:Speed>0.0</ns3:Speed></ns3:TPX></Extensions></Trackpoint><Trackpoint><Time>2026-01-20T23:34:45Z</Time><HeartRateBpm><Value>95</Value></HeartRateBpm><Cadence>88</Cadence><Extensions><ns3:TPX><ns3:Speed>0.0</ns3:Speed></ns3:TPX></Extensions></Trackpoint><Trackpoint><Time>2026-01-20T23:34:48Z</Time><HeartRateBpm><Value>96</Value></HeartRateBpm><Cadence>88</Cadence><Extensions><ns3:TPX><ns3:Speed>0.0</ns3:Speed></ns3:TPX></Extensions></Trackpoint><Trackpoint><Time>2026-01-20T23:34:53Z</Time><HeartRateBpm><Value>97</Value></HeartRateBpm><Cadence>88</Cadence><Extensions><ns3:TPX><ns3:Speed>0.0</ns3:Speed></ns3:TPX></Extensions></Trackpoint><Trackpoint><Time>2026-01-20T23:34:54Z</Time><HeartRateBpm><Value>98</Value></HeartRateBpm><Cadence>88</Cadence><Extensions><ns3:TPX><ns3:Speed>0.0</ns3:Speed></ns3:TPX></Extensions></Trackpoint><Trackpoint><Time>2026-01-20T23:34:57Z</Time><HeartRateBpm><Value>97</Value></HeartRateBpm><Cadence>88</Cadence><Extensions><ns3:TPX><ns3:Speed>0.0</ns3:Speed></ns3:TPX></Extensions></Trackpoint><Trackpoint><Time>2026-01-20T23:34:58Z</Time><HeartRateBpm><Value>96</Value></HeartRateBpm><Cadence>88</Cadence><Extensions><ns3:TPX><ns3:Speed>0.0</ns3:Speed></ns3:TPX></Extensions></Trackpoint><Trackpoint><Time>2026-01-20T23:35:03Z</Time><HeartRateBpm><Value>96</Value></HeartRateBpm><Cadence>88</Cadence><Extensions><ns3:TPX><ns3:Speed>0.0</ns3:Speed></ns3:TPX></Extensions></Trackpoint><Trackpoint><Time>2026-01-20T23:35:04Z</Time><HeartRateBpm><Value>97</Value></HeartRateBpm><Cadence>88</Cadence><Extensions><ns3:TPX><ns3:Speed>0.0</ns3:Speed></ns3:TPX></Extensions></Trackpoint><Trackpoint><Time>2026-01-20T23:35:07Z</Time><HeartRateBpm><Value>98</Value></HeartRateBpm><Cadence>88</Cadence><Extensions><ns3:TPX><ns3:Speed>0.0</ns3:Speed></ns3:TPX></Extensions></Trackpoint><Trackpoint><Time>2026-01-20T23:35:08Z</Time><HeartRateBpm><Value>97</Value></HeartRateBpm><Cadence>88</Cadence><Extensions><ns3:TPX><ns3:Speed>0.0</ns3:Speed></ns3:TPX></Extensions></Trackpoint><Trackpoint><Time>2026-01-20T23:35:10Z</Time><HeartRateBpm><Value>98</Value></HeartRateBpm><Cadence>88</Cadence><Extensions><ns3:TPX><ns3:Speed>0.0</ns3:Speed></ns3:TPX></Extensions></Trackpoint><Trackpoint><Time>2026-01-20T23:35:12Z</Time><HeartRateBpm><Value>99</Value></HeartRateBpm><Cadence>88</Cadence><Extensions><ns3:TPX><ns3:Speed>0.0</ns3:Speed></ns3:TPX></Extensions></Trackpoint><Trackpoint><Time>2026-01-20T23:35:18Z</Time><HeartRateBpm><Value>99</Value></HeartRateBpm><Cadence>88</Cadence><Extensions><ns3:TPX><ns3:Speed>0.0</ns3:Speed></ns3:TPX></Extensions></Trackpoint><Trackpoint><Time>2026-01-20T23:35:21Z</Time><HeartRateBpm><Value>100</Value></HeartRateBpm><Cadence>88</Cadence><Extensions><ns3:TPX><ns3:Speed>0.0</ns3:Speed></ns3:TPX></Extensions></Trackpoint><Trackpoint><Time>2026-01-20T23:35:26Z</Time><HeartRateBpm><Value>99</Value></HeartRateBpm><Cadence>88</Cadence><Extensions><ns3:TPX><ns3:Speed>0.0</ns3:Speed></ns3:TPX></Extensions></Trackpoint><Trackpoint><Time>2026-01-20T23:35:27Z</Time><HeartRateBpm><Value>97</Value></HeartRateBpm><Cadence>88</Cadence><Extensions><ns3:TPX><ns3:Speed>0.0</ns3:Speed></ns3:TPX></Extensions></Trackpoint><Trackpoint><Time>2026-01-20T23:35:28Z</Time><HeartRateBpm><Value>96</Value></HeartRateBpm><Cadence>88</Cadence><Extensions><ns3:TPX><ns3:Speed>0.0</ns3:Speed></ns3:TPX></Extensions></Trackpoint><Trackpoint><Time>2026-01-20T23:35:30Z</Time><HeartRateBpm><Value>95</Value></HeartRateBpm><Cadence>88</Cadence><Extensions><ns3:TPX><ns3:Speed>0.0</ns3:Speed></ns3:TPX></Extensions></Trackpoint><Trackpoint><Time>2026-01-20T23:35:31Z</Time><HeartRateBpm><Value>94</Value></HeartRateBpm><Cadence>88</Cadence><Extensions><ns3:TPX><ns3:Speed>0.0</ns3:Speed></ns3:TPX></Extensions></Trackpoint><Trackpoint><Time>2026-01-20T23:35:32Z</Time><HeartRateBpm><Value>93</Value></HeartRateBpm><Cadence>88</Cadence><Extensions><ns3:TPX><ns3:Speed>0.0</ns3:Speed></ns3:TPX></Extensions></Trackpoint><Trackpoint><Time>2026-01-20T23:35:34Z</Time><HeartRateBpm><Value>92</Value></HeartRateBpm><Cadence>88</Cadence><Extensions><ns3:TPX><ns3:Speed>0.0</ns3:Speed></ns3:TPX></Extensions></Trackpoint><Trackpoint><Time>2026-01-20T23:35:39Z</Time><HeartRateBpm><Value>92</Value></HeartRateBpm><Cadence>88</Cadence><Extensions><ns3:TPX><ns3:Speed>0.0</ns3:Speed></ns3:TPX></Extensions></Trackpoint><Trackpoint><Time>2026-01-20T23:35:41Z</Time><HeartRateBpm><Value>91</Value></HeartRateBpm><Cadence>88</Cadence><Extensions><ns3:TPX><ns3:Speed>0.0</ns3:Speed></ns3:TPX></Extensions></Trackpoint><Trackpoint><Time>2026-01-20T23:35:43Z</Time><HeartRateBpm><Value>92</Value></HeartRateBpm><Cadence>88</Cadence><Extensions><ns3:TPX><ns3:Speed>0.0</ns3:Speed></ns3:TPX></Extensions></Trackpoint><Trackpoint><Time>2026-01-20T23:35:49Z</Time><HeartRateBpm><Value>92</Value></HeartRateBpm><Cadence>88</Cadence><Extensions><ns3:TPX><ns3:Speed>0.0</ns3:Speed></ns3:TPX></Extensions></Trackpoint><Trackpoint><Time>2026-01-20T23:35:55Z</Time><HeartRateBpm><Value>93</Value></HeartRateBpm><Cadence>88</Cadence><Extensions><ns3:TPX><ns3:Speed>0.0</ns3:Speed></ns3:TPX></Extensions></Trackpoint><Trackpoint><Time>2026-01-20T23:35:56Z</Time><HeartRateBpm><Value>94</Value></HeartRateBpm><Cadence>88</Cadence><Extensions><ns3:TPX><ns3:Speed>0.0</ns3:Speed></ns3:TPX></Extensions></Trackpoint><Trackpoint><Time>2026-01-20T23:35:57Z</Time><HeartRateBpm><Value>95</Value></HeartRateBpm><Cadence>88</Cadence><Extensions><ns3:TPX><ns3:Speed>0.0</ns3:Speed></ns3:TPX></Extensions></Trackpoint><Trackpoint><Time>2026-01-20T23:35:59Z</Time><HeartRateBpm><Value>96</Value></HeartRateBpm><Cadence>88</Cadence><Extensions><ns3:TPX><ns3:Speed>0.0</ns3:Speed></ns3:TPX></Extensions></Trackpoint><Trackpoint><Time>2026-01-20T23:36:02Z</Time><HeartRateBpm><Value>97</Value></HeartRateBpm><Cadence>88</Cadence><Extensions><ns3:TPX><ns3:Speed>0.0</ns3:Speed></ns3:TPX></Extensions></Trackpoint><Trackpoint><Time>2026-01-20T23:36:04Z</Time><HeartRateBpm><Value>96</Value></HeartRateBpm><Cadence>88</Cadence><Extensions><ns3:TPX><ns3:Speed>0.0</ns3:Speed></ns3:TPX></Extensions></Trackpoint><Trackpoint><Time>2026-01-20T23:36:08Z</Time><HeartRateBpm><Value>97</Value></HeartRateBpm><Cadence>88</Cadence><Extensions><ns3:TPX><ns3:Speed>0.0</ns3:Speed></ns3:TPX></Extensions></Trackpoint><Trackpoint><Time>2026-01-20T23:36:09Z</Time><HeartRateBpm><Value>98</Value></HeartRateBpm><Cadence>88</Cadence><Extensions><ns3:TPX><ns3:Speed>0.0</ns3:Speed></ns3:TPX></Extensions></Trackpoint><Trackpoint><Time>2026-01-20T23:36:10Z</Time><HeartRateBpm><Value>99</Value></HeartRateBpm><Cadence>88</Cadence><Extensions><ns3:TPX><ns3:Speed>0.0</ns3:Speed></ns3:TPX></Extensions></Trackpoint><Trackpoint><Time>2026-01-20T23:36:11Z</Time><HeartRateBpm><Value>100</Value></HeartRateBpm><Cadence>88</Cadence><Extensions><ns3:TPX><ns3:Speed>0.0</ns3:Speed></ns3:TPX></Extensions></Trackpoint><Trackpoint><Time>2026-01-20T23:36:14Z</Time><HeartRateBpm><Value>101</Value></HeartRateBpm><Cadence>88</Cadence><Extensions><ns3:TPX><ns3:Speed>0.0</ns3:Speed></ns3:TPX></Extensions></Trackpoint><Trackpoint><Time>2026-01-20T23:36:15Z</Time><HeartRateBpm><Value>100</Value></HeartRateBpm><Cadence>88</Cadence><Extensions><ns3:TPX><ns3:Speed>0.0</ns3:Speed></ns3:TPX></Extensions></Trackpoint><Trackpoint><Time>2026-01-20T23:36:16Z</Time><HeartRateBpm><Value>99</Value></HeartRateBpm><Cadence>88</Cadence><Extensions><ns3:TPX><ns3:Speed>0.0</ns3:Speed></ns3:TPX></Extensions></Trackpoint><Trackpoint><Time>2026-01-20T23:36:21Z</Time><HeartRateBpm><Value>100</Value></HeartRateBpm><Cadence>88</Cadence><Extensions><ns3:TPX><ns3:Speed>0.0</ns3:Speed></ns3:TPX></Extensions></Trackpoint><Trackpoint><Time>2026-01-20T23:36:23Z</Time><HeartRateBpm><Value>99</Value></HeartRateBpm><Cadence>88</Cadence><Extensions><ns3:TPX><ns3:Speed>0.0</ns3:Speed></ns3:TPX></Extensions></Trackpoint><Trackpoint><Time>2026-01-20T23:36:28Z</Time><HeartRateBpm><Value>99</Value></HeartRateBpm><Cadence>88</Cadence><Extensions><ns3:TPX><ns3:Speed>0.0</ns3:Speed></ns3:TPX></Extensions></Trackpoint><Trackpoint><Time>2026-01-20T23:36:29Z</Time><HeartRateBpm><Value>100</Value></HeartRateBpm><Cadence>88</Cadence><Extensions><ns3:TPX><ns3:Speed>0.0</ns3:Speed></ns3:TPX></Extensions></Trackpoint><Trackpoint><Time>2026-01-20T23:36:33Z</Time><HeartRateBpm><Value>101</Value></HeartRateBpm><Cadence>88</Cadence><Extensions><ns3:TPX><ns3:Speed>0.0</ns3:Speed></ns3:TPX></Extensions></Trackpoint><Trackpoint><Time>2026-01-20T23:36:38Z</Time><HeartRateBpm><Value>101</Value></HeartRateBpm><Cadence>88</Cadence><Extensions><ns3:TPX><ns3:Speed>0.0</ns3:Speed></ns3:TPX></Extensions></Trackpoint><Trackpoint><Time>2026-01-20T23:36:39Z</Time><HeartRateBpm><Value>100</Value></HeartRateBpm><Cadence>88</Cadence><Extensions><ns3:TPX><ns3:Speed>0.0</ns3:Speed></ns3:TPX></Extensions></Trackpoint><Trackpoint><Time>2026-01-20T23:36:41Z</Time><HeartRateBpm><Value>99</Value></HeartRateBpm><Cadence>88</Cadence><Extensions><ns3:TPX><ns3:Speed>0.0</ns3:Speed></ns3:TPX></Extensions></Trackpoint><Trackpoint><Time>2026-01-20T23:36:45Z</Time><HeartRateBpm><Value>98</Value></HeartRateBpm><Cadence>88</Cadence><Extensions><ns3:TPX><ns3:Speed>0.0</ns3:Speed></ns3:TPX></Extensions></Trackpoint><Trackpoint><Time>2026-01-20T23:36:47Z</Time><HeartRateBpm><Value>99</Value></HeartRateBpm><Cadence>88</Cadence><Extensions><ns3:TPX><ns3:Speed>0.0</ns3:Speed></ns3:TPX></Extensions></Trackpoint><Trackpoint><Time>2026-01-20T23:36:50Z</Time><HeartRateBpm><Value>98</Value></HeartRateBpm><Cadence>88</Cadence><Extensions><ns3:TPX><ns3:Speed>0.0</ns3:Speed></ns3:TPX></Extensions></Trackpoint><Trackpoint><Time>2026-01-20T23:36:53Z</Time><HeartRateBpm><Value>97</Value></HeartRateBpm><Cadence>88</Cadence><Extensions><ns3:TPX><ns3:Speed>0.0</ns3:Speed></ns3:TPX></Extensions></Trackpoint><Trackpoint><Time>2026-01-20T23:36:54Z</Time><HeartRateBpm><Value>96</Value></HeartRateBpm><Cadence>88</Cadence><Extensions><ns3:TPX><ns3:Speed>0.0</ns3:Speed></ns3:TPX></Extensions></Trackpoint><Trackpoint><Time>2026-01-20T23:36:59Z</Time><HeartRateBpm><Value>96</Value></HeartRateBpm><Cadence>88</Cadence><Extensions><ns3:TPX><ns3:Speed>0.0</ns3:Speed></ns3:TPX></Extensions></Trackpoint><Trackpoint><Time>2026-01-20T23:37:04Z</Time><HeartRateBpm><Value>96</Value></HeartRateBpm><Cadence>88</Cadence><Extensions><ns3:TPX><ns3:Speed>0.0</ns3:Speed></ns3:TPX></Extensions></Trackpoint><Trackpoint><Time>2026-01-20T23:37:08Z</Time><HeartRateBpm><Value>97</Value></HeartRateBpm><Cadence>88</Cadence><Extensions><ns3:TPX><ns3:Speed>0.0</ns3:Speed></ns3:TPX></Extensions></Trackpoint><Trackpoint><Time>2026-01-20T23:37:09Z</Time><HeartRateBpm><Value>98</Value></HeartRateBpm><Cadence>88</Cadence><Extensions><ns3:TPX><ns3:Speed>0.0</ns3:Speed></ns3:TPX></Extensions></Trackpoint><Trackpoint><Time>2026-01-20T23:37:10Z</Time><HeartRateBpm><Value>99</Value></HeartRateBpm><Cadence>88</Cadence><Extensions><ns3:TPX><ns3:Speed>0.0</ns3:Speed></ns3:TPX></Extensions></Trackpoint><Trackpoint><Time>2026-01-20T23:37:14Z</Time><HeartRateBpm><Value>101</Value></HeartRateBpm><Cadence>88</Cadence><Extensions><ns3:TPX><ns3:Speed>0.0</ns3:Speed></ns3:TPX></Extensions></Trackpoint><Trackpoint><Time>2026-01-20T23:37:16Z</Time><HeartRateBpm><Value>102</Value></HeartRateBpm><Cadence>88</Cadence><Extensions><ns3:TPX><ns3:Speed>0.0</ns3:Speed></ns3:TPX></Extensions></Trackpoint><Trackpoint><Time>2026-01-20T23:37:21Z</Time><HeartRateBpm><Value>102</Value></HeartRateBpm><Cadence>88</Cadence><Extensions><ns3:TPX><ns3:Speed>0.0</ns3:Speed></ns3:TPX></Extensions></Trackpoint><Trackpoint><Time>2026-01-20T23:37:22Z</Time><HeartRateBpm><Value>101</Value></HeartRateBpm><Cadence>88</Cadence><Extensions><ns3:TPX><ns3:Speed>0.0</ns3:Speed></ns3:TPX></Extensions></Trackpoint><Trackpoint><Time>2026-01-20T23:37:23Z</Time><HeartRateBpm><Value>99</Value></HeartRateBpm><Cadence>88</Cadence><Extensions><ns3:TPX><ns3:Speed>0.0</ns3:Speed></ns3:TPX></Extensions></Trackpoint><Trackpoint><Time>2026-01-20T23:37:26Z</Time><HeartRateBpm><Value>98</Value></HeartRateBpm><Cadence>88</Cadence><Extensions><ns3:TPX><ns3:Speed>0.0</ns3:Speed></ns3:TPX></Extensions></Trackpoint><Trackpoint><Time>2026-01-20T23:37:29Z</Time><HeartRateBpm><Value>97</Value></HeartRateBpm><Cadence>88</Cadence><Extensions><ns3:TPX><ns3:Speed>0.0</ns3:Speed></ns3:TPX></Extensions></Trackpoint><Trackpoint><Time>2026-01-20T23:37:33Z</Time><HeartRateBpm><Value>96</Value></HeartRateBpm><Cadence>88</Cadence><Extensions><ns3:TPX><ns3:Speed>0.0</ns3:Speed></ns3:TPX></Extensions></Trackpoint><Trackpoint><Time>2026-01-20T23:37:35Z</Time><HeartRateBpm><Value>95</Value></HeartRateBpm><Cadence>88</Cadence><Extensions><ns3:TPX><ns3:Speed>0.0</ns3:Speed></ns3:TPX></Extensions></Trackpoint><Trackpoint><Time>2026-01-20T23:37:40Z</Time><HeartRateBpm><Value>95</Value></HeartRateBpm><Cadence>88</Cadence><Extensions><ns3:TPX><ns3:Speed>0.0</ns3:Speed></ns3:TPX></Extensions></Trackpoint><Trackpoint><Time>2026-01-20T23:37:45Z</Time><HeartRateBpm><Value>96</Value></HeartRateBpm><Cadence>88</Cadence><Extensions><ns3:TPX><ns3:Speed>0.0</ns3:Speed></ns3:TPX></Extensions></Trackpoint><Trackpoint><Time>2026-01-20T23:37:51Z</Time><HeartRateBpm><Value>96</Value></HeartRateBpm><Cadence>88</Cadence><Extensions><ns3:TPX><ns3:Speed>0.0</ns3:Speed></ns3:TPX></Extensions></Trackpoint><Trackpoint><Time>2026-01-20T23:37:54Z</Time><HeartRateBpm><Value>97</Value></HeartRateBpm><Cadence>88</Cadence><Extensions><ns3:TPX><ns3:Speed>0.0</ns3:Speed></ns3:TPX></Extensions></Trackpoint><Trackpoint><Time>2026-01-20T23:37:59Z</Time><HeartRateBpm><Value>97</Value></HeartRateBpm><Cadence>88</Cadence><Extensions><ns3:TPX><ns3:Speed>0.0</ns3:Speed></ns3:TPX></Extensions></Trackpoint><Trackpoint><Time>2026-01-20T23:38:00Z</Time><HeartRateBpm><Value>98</Value></HeartRateBpm><Cadence>88</Cadence><Extensions><ns3:TPX><ns3:Speed>0.0</ns3:Speed></ns3:TPX></Extensions></Trackpoint><Trackpoint><Time>2026-01-20T23:38:03Z</Time><HeartRateBpm><Value>99</Value></HeartRateBpm><Cadence>88</Cadence><Extensions><ns3:TPX><ns3:Speed>0.0</ns3:Speed></ns3:TPX></Extensions></Trackpoint><Trackpoint><Time>2026-01-20T23:38:04Z</Time><HeartRateBpm><Value>101</Value></HeartRateBpm><Cadence>88</Cadence><Extensions><ns3:TPX><ns3:Speed>0.0</ns3:Speed></ns3:TPX></Extensions></Trackpoint><Trackpoint><Time>2026-01-20T23:38:05Z</Time><HeartRateBpm><Value>102</Value></HeartRateBpm><Cadence>88</Cadence><Extensions><ns3:TPX><ns3:Speed>0.0</ns3:Speed></ns3:TPX></Extensions></Trackpoint><Trackpoint><Time>2026-01-20T23:38:06Z</Time><HeartRateBpm><Value>101</Value></HeartRateBpm><Cadence>88</Cadence><Extensions><ns3:TPX><ns3:Speed>0.0</ns3:Speed></ns3:TPX></Extensions></Trackpoint><Trackpoint><Time>2026-01-20T23:38:08Z</Time><HeartRateBpm><Value>100</Value></HeartRateBpm><Cadence>88</Cadence><Extensions><ns3:TPX><ns3:Speed>0.0</ns3:Speed></ns3:TPX></Extensions></Trackpoint><Trackpoint><Time>2026-01-20T23:38:11Z</Time><HeartRateBpm><Value>101</Value></HeartRateBpm><Cadence>88</Cadence><Extensions><ns3:TPX><ns3:Speed>0.0</ns3:Speed></ns3:TPX></Extensions></Trackpoint><Trackpoint><Time>2026-01-20T23:38:14Z</Time><HeartRateBpm><Value>100</Value></HeartRateBpm><Cadence>88</Cadence><Extensions><ns3:TPX><ns3:Speed>0.0</ns3:Speed></ns3:TPX></Extensions></Trackpoint><Trackpoint><Time>2026-01-20T23:38:16Z</Time><HeartRateBpm><Value>99</Value></HeartRateBpm><Cadence>88</Cadence><Extensions><ns3:TPX><ns3:Speed>0.0</ns3:Speed></ns3:TPX></Extensions></Trackpoint><Trackpoint><Time>2026-01-20T23:38:18Z</Time><HeartRateBpm><Value>98</Value></HeartRateBpm><Cadence>88</Cadence><Extensions><ns3:TPX><ns3:Speed>0.0</ns3:Speed></ns3:TPX></Extensions></Trackpoint><Trackpoint><Time>2026-01-20T23:38:20Z</Time><HeartRateBpm><Value>97</Value></HeartRateBpm><Cadence>88</Cadence><Extensions><ns3:TPX><ns3:Speed>0.0</ns3:Speed></ns3:TPX></Extensions></Trackpoint><Trackpoint><Time>2026-01-20T23:38:24Z</Time><HeartRateBpm><Value>96</Value></HeartRateBpm><Cadence>88</Cadence><Extensions><ns3:TPX><ns3:Speed>0.0</ns3:Speed></ns3:TPX></Extensions></Trackpoint><Trackpoint><Time>2026-01-20T23:38:29Z</Time><HeartRateBpm><Value>96</Value></HeartRateBpm><Cadence>88</Cadence><Extensions><ns3:TPX><ns3:Speed>0.0</ns3:Speed></ns3:TPX></Extensions></Trackpoint><Trackpoint><Time>2026-01-20T23:38:30Z</Time><HeartRateBpm><Value>97</Value></HeartRateBpm><Cadence>88</Cadence><Extensions><ns3:TPX><ns3:Speed>0.0</ns3:Speed></ns3:TPX></Extensions></Trackpoint><Trackpoint><Time>2026-01-20T23:38:33Z</Time><HeartRateBpm><Value>98</Value></HeartRateBpm><Cadence>88</Cadence><Extensions><ns3:TPX><ns3:Speed>0.0</ns3:Speed></ns3:TPX></Extensions></Trackpoint><Trackpoint><Time>2026-01-20T23:38:39Z</Time><HeartRateBpm><Value>98</Value></HeartRateBpm><Cadence>88</Cadence><Extensions><ns3:TPX><ns3:Speed>0.0</ns3:Speed></ns3:TPX></Extensions></Trackpoint><Trackpoint><Time>2026-01-20T23:38:45Z</Time><HeartRateBpm><Value>99</Value></HeartRateBpm><Cadence>88</Cadence><Extensions><ns3:TPX><ns3:Speed>0.0</ns3:Speed></ns3:TPX></Extensions></Trackpoint><Trackpoint><Time>2026-01-20T23:38:46Z</Time><HeartRateBpm><Value>98</Value></HeartRateBpm><Cadence>88</Cadence><Extensions><ns3:TPX><ns3:Speed>0.0</ns3:Speed></ns3:TPX></Extensions></Trackpoint><Trackpoint><Time>2026-01-20T23:38:48Z</Time><HeartRateBpm><Value>97</Value></HeartRateBpm><Cadence>88</Cadence><Extensions><ns3:TPX><ns3:Speed>0.0</ns3:Speed></ns3:TPX></Extensions></Trackpoint><Trackpoint><Time>2026-01-20T23:38:53Z</Time><HeartRateBpm><Value>98</Value></HeartRateBpm><Cadence>88</Cadence><Extensions><ns3:TPX><ns3:Speed>0.0</ns3:Speed></ns3:TPX></Extensions></Trackpoint><Trackpoint><Time>2026-01-20T23:38:54Z</Time><HeartRateBpm><Value>99</Value></HeartRateBpm><Cadence>88</Cadence><Extensions><ns3:TPX><ns3:Speed>0.0</ns3:Speed></ns3:TPX></Extensions></Trackpoint><Trackpoint><Time>2026-01-20T23:38:55Z</Time><HeartRateBpm><Value>100</Value></HeartRateBpm><Cadence>88</Cadence><Extensions><ns3:TPX><ns3:Speed>0.0</ns3:Speed></ns3:TPX></Extensions></Trackpoint><Trackpoint><Time>2026-01-20T23:38:58Z</Time><HeartRateBpm><Value>101</Value></HeartRateBpm><Cadence>88</Cadence><Extensions><ns3:TPX><ns3:Speed>0.0</ns3:Speed></ns3:TPX></Extensions></Trackpoint><Trackpoint><Time>2026-01-20T23:39:00Z</Time><HeartRateBpm><Value>102</Value></HeartRateBpm><Cadence>88</Cadence><Extensions><ns3:TPX><ns3:Speed>0.0</ns3:Speed></ns3:TPX></Extensions></Trackpoint><Trackpoint><Time>2026-01-20T23:39:03Z</Time><HeartRateBpm><Value>103</Value></HeartRateBpm><Cadence>88</Cadence><Extensions><ns3:TPX><ns3:Speed>0.0</ns3:Speed></ns3:TPX></Extensions></Trackpoint><Trackpoint><Time>2026-01-20T23:39:05Z</Time><HeartRateBpm><Value>104</Value></HeartRateBpm><Cadence>88</Cadence><Extensions><ns3:TPX><ns3:Speed>0.0</ns3:Speed></ns3:TPX></Extensions></Trackpoint><Trackpoint><Time>2026-01-20T23:39:09Z</Time><HeartRateBpm><Value>103</Value></HeartRateBpm><Cadence>88</Cadence><Extensions><ns3:TPX><ns3:Speed>0.0</ns3:Speed></ns3:TPX></Extensions></Trackpoint><Trackpoint><Time>2026-01-20T23:39:10Z</Time><HeartRateBpm><Value>102</Value></HeartRateBpm><Cadence>88</Cadence><Extensions><ns3:TPX><ns3:Speed>0.0</ns3:Speed></ns3:TPX></Extensions></Trackpoint><Trackpoint><Time>2026-01-20T23:39:11Z</Time><HeartRateBpm><Value>101</Value></HeartRateBpm><Cadence>88</Cadence><Extensions><ns3:TPX><ns3:Speed>0.0</ns3:Speed></ns3:TPX></Extensions></Trackpoint><Trackpoint><Time>2026-01-20T23:39:12Z</Time><HeartRateBpm><Value>100</Value></HeartRateBpm><Cadence>88</Cadence><Extensions><ns3:TPX><ns3:Speed>0.0</ns3:Speed></ns3:TPX></Extensions></Trackpoint><Trackpoint><Time>2026-01-20T23:39:13Z</Time><HeartRateBpm><Value>99</Value></HeartRateBpm><Cadence>88</Cadence><Extensions><ns3:TPX><ns3:Speed>0.0</ns3:Speed></ns3:TPX></Extensions></Trackpoint><Trackpoint><Time>2026-01-20T23:39:16Z</Time><HeartRateBpm><Value>98</Value></HeartRateBpm><Cadence>88</Cadence><Extensions><ns3:TPX><ns3:Speed>0.0</ns3:Speed></ns3:TPX></Extensions></Trackpoint><Trackpoint><Time>2026-01-20T23:39:20Z</Time><HeartRateBpm><Value>99</Value></HeartRateBpm><Cadence>88</Cadence><Extensions><ns3:TPX><ns3:Speed>0.0</ns3:Speed></ns3:TPX></Extensions></Trackpoint><Trackpoint><Time>2026-01-20T23:39:24Z</Time><HeartRateBpm><Value>100</Value></HeartRateBpm><Cadence>88</Cadence><Extensions><ns3:TPX><ns3:Speed>0.0</ns3:Speed></ns3:TPX></Extensions></Trackpoint><Trackpoint><Time>2026-01-20T23:39:25Z</Time><HeartRateBpm><Value>101</Value></HeartRateBpm><Cadence>88</Cadence><Extensions><ns3:TPX><ns3:Speed>0.0</ns3:Speed></ns3:TPX></Extensions></Trackpoint><Trackpoint><Time>2026-01-20T23:39:29Z</Time><HeartRateBpm><Value>102</Value></HeartRateBpm><Cadence>88</Cadence><Extensions><ns3:TPX><ns3:Speed>0.0</ns3:Speed></ns3:TPX></Extensions></Trackpoint><Trackpoint><Time>2026-01-20T23:39:34Z</Time><HeartRateBpm><Value>102</Value></HeartRateBpm><Cadence>88</Cadence><Extensions><ns3:TPX><ns3:Speed>0.0</ns3:Speed></ns3:TPX></Extensions></Trackpoint><Trackpoint><Time>2026-01-20T23:39:36Z</Time><HeartRateBpm><Value>103</Value></HeartRateBpm><Cadence>88</Cadence><Extensions><ns3:TPX><ns3:Speed>0.0</ns3:Speed></ns3:TPX></Extensions></Trackpoint><Trackpoint><Time>2026-01-20T23:39:37Z</Time><HeartRateBpm><Value>104</Value></HeartRateBpm><Cadence>88</Cadence><Extensions><ns3:TPX><ns3:Speed>0.0</ns3:Speed></ns3:TPX></Extensions></Trackpoint><Trackpoint><Time>2026-01-20T23:39:40Z</Time><HeartRateBpm><Value>105</Value></HeartRateBpm><Cadence>88</Cadence><Extensions><ns3:TPX><ns3:Speed>0.0</ns3:Speed></ns3:TPX></Extensions></Trackpoint><Trackpoint><Time>2026-01-20T23:39:42Z</Time><HeartRateBpm><Value>104</Value></HeartRateBpm><Cadence>88</Cadence><Extensions><ns3:TPX><ns3:Speed>0.0</ns3:Speed></ns3:TPX></Extensions></Trackpoint><Trackpoint><Time>2026-01-20T23:39:43Z</Time><HeartRateBpm><Value>101</Value></HeartRateBpm><Cadence>88</Cadence><Extensions><ns3:TPX><ns3:Speed>0.0</ns3:Speed></ns3:TPX></Extensions></Trackpoint><Trackpoint><Time>2026-01-20T23:39:44Z</Time><HeartRateBpm><Value>99</Value></HeartRateBpm><Cadence>88</Cadence><Extensions><ns3:TPX><ns3:Speed>0.0</ns3:Speed></ns3:TPX></Extensions></Trackpoint><Trackpoint><Time>2026-01-20T23:39:49Z</Time><HeartRateBpm><Value>98</Value></HeartRateBpm><Cadence>88</Cadence><Extensions><ns3:TPX><ns3:Speed>0.0</ns3:Speed></ns3:TPX></Extensions></Trackpoint><Trackpoint><Time>2026-01-20T23:39:54Z</Time><HeartRateBpm><Value>98</Value></HeartRateBpm><Cadence>88</Cadence><Extensions><ns3:TPX><ns3:Speed>0.0</ns3:Speed></ns3:TPX></Extensions></Trackpoint><Trackpoint><Time>2026-01-20T23:39:55Z</Time><HeartRateBpm><Value>97</Value></HeartRateBpm><Cadence>88</Cadence><Extensions><ns3:TPX><ns3:Speed>0.0</ns3:Speed></ns3:TPX></Extensions></Trackpoint><Trackpoint><Time>2026-01-20T23:39:58Z</Time><HeartRateBpm><Value>98</Value></HeartRateBpm><Cadence>88</Cadence><Extensions><ns3:TPX><ns3:Speed>0.0</ns3:Speed></ns3:TPX></Extensions></Trackpoint><Trackpoint><Time>2026-01-20T23:39:59Z</Time><HeartRateBpm><Value>99</Value></HeartRateBpm><Cadence>88</Cadence><Extensions><ns3:TPX><ns3:Speed>0.0</ns3:Speed></ns3:TPX></Extensions></Trackpoint><Trackpoint><Time>2026-01-20T23:40:04Z</Time><HeartRateBpm><Value>99</Value></HeartRateBpm><Cadence>88</Cadence><Extensions><ns3:TPX><ns3:Speed>0.0</ns3:Speed></ns3:TPX></Extensions></Trackpoint><Trackpoint><Time>2026-01-20T23:40:07Z</Time><HeartRateBpm><Value>100</Value></HeartRateBpm><Cadence>88</Cadence><Extensions><ns3:TPX><ns3:Speed>0.0</ns3:Speed></ns3:TPX></Extensions></Trackpoint><Trackpoint><Time>2026-01-20T23:40:08Z</Time><HeartRateBpm><Value>102</Value></HeartRateBpm><Cadence>88</Cadence><Extensions><ns3:TPX><ns3:Speed>0.0</ns3:Speed></ns3:TPX></Extensions></Trackpoint><Trackpoint><Time>2026-01-20T23:40:10Z</Time><HeartRateBpm><Value>103</Value></HeartRateBpm><Cadence>88</Cadence><Extensions><ns3:TPX><ns3:Speed>0.0</ns3:Speed></ns3:TPX></Extensions></Trackpoint><Trackpoint><Time>2026-01-20T23:40:11Z</Time><HeartRateBpm><Value>104</Value></HeartRateBpm><Cadence>88</Cadence><Extensions><ns3:TPX><ns3:Speed>0.0</ns3:Speed></ns3:TPX></Extensions></Trackpoint><Trackpoint><Time>2026-01-20T23:40:13Z</Time><HeartRateBpm><Value>105</Value></HeartRateBpm><Cadence>88</Cadence><Extensions><ns3:TPX><ns3:Speed>0.0</ns3:Speed></ns3:TPX></Extensions></Trackpoint><Trackpoint><Time>2026-01-20T23:40:18Z</Time><HeartRateBpm><Value>105</Value></HeartRateBpm><Cadence>88</Cadence><Extensions><ns3:TPX><ns3:Speed>0.0</ns3:Speed></ns3:TPX></Extensions></Trackpoint><Trackpoint><Time>2026-01-20T23:40:20Z</Time><HeartRateBpm><Value>104</Value></HeartRateBpm><Cadence>88</Cadence><Extensions><ns3:TPX><ns3:Speed>0.0</ns3:Speed></ns3:TPX></Extensions></Trackpoint><Trackpoint><Time>2026-01-20T23:40:21Z</Time><HeartRateBpm><Value>103</Value></HeartRateBpm><Cadence>88</Cadence><Extensions><ns3:TPX><ns3:Speed>0.0</ns3:Speed></ns3:TPX></Extensions></Trackpoint><Trackpoint><Time>2026-01-20T23:40:26Z</Time><HeartRateBpm><Value>103</Value></HeartRateBpm><Cadence>88</Cadence><Extensions><ns3:TPX><ns3:Speed>0.0</ns3:Speed></ns3:TPX></Extensions></Trackpoint><Trackpoint><Time>2026-01-20T23:40:27Z</Time><HeartRateBpm><Value>104</Value></HeartRateBpm><Cadence>88</Cadence><Extensions><ns3:TPX><ns3:Speed>0.0</ns3:Speed></ns3:TPX></Extensions></Trackpoint><Trackpoint><Time>2026-01-20T23:40:30Z</Time><HeartRateBpm><Value>103</Value></HeartRateBpm><Cadence>88</Cadence><Extensions><ns3:TPX><ns3:Speed>0.0</ns3:Speed></ns3:TPX></Extensions></Trackpoint><Trackpoint><Time>2026-01-20T23:40:31Z</Time><HeartRateBpm><Value>102</Value></HeartRateBpm><Cadence>88</Cadence><Extensions><ns3:TPX><ns3:Speed>0.0</ns3:Speed></ns3:TPX></Extensions></Trackpoint><Trackpoint><Time>2026-01-20T23:40:32Z</Time><HeartRateBpm><Value>103</Value></HeartRateBpm><Cadence>88</Cadence><Extensions><ns3:TPX><ns3:Speed>0.0</ns3:Speed></ns3:TPX></Extensions></Trackpoint><Trackpoint><Time>2026-01-20T23:40:36Z</Time><HeartRateBpm><Value>102</Value></HeartRateBpm><Cadence>88</Cadence><Extensions><ns3:TPX><ns3:Speed>0.0</ns3:Speed></ns3:TPX></Extensions></Trackpoint><Trackpoint><Time>2026-01-20T23:40:37Z</Time><HeartRateBpm><Value>101</Value></HeartRateBpm><Cadence>88</Cadence><Extensions><ns3:TPX><ns3:Speed>0.0</ns3:Speed></ns3:TPX></Extensions></Trackpoint><Trackpoint><Time>2026-01-20T23:40:42Z</Time><HeartRateBpm><Value>101</Value></HeartRateBpm><Cadence>88</Cadence><Extensions><ns3:TPX><ns3:Speed>0.0</ns3:Speed></ns3:TPX></Extensions></Trackpoint><Trackpoint><Time>2026-01-20T23:40:44Z</Time><HeartRateBpm><Value>100</Value></HeartRateBpm><Cadence>88</Cadence><Extensions><ns3:TPX><ns3:Speed>0.0</ns3:Speed></ns3:TPX></Extensions></Trackpoint><Trackpoint><Time>2026-01-20T23:40:45Z</Time><HeartRateBpm><Value>101</Value></HeartRateBpm><Cadence>88</Cadence><Extensions><ns3:TPX><ns3:Speed>0.0</ns3:Speed></ns3:TPX></Extensions></Trackpoint><Trackpoint><Time>2026-01-20T23:40:47Z</Time><HeartRateBpm><Value>102</Value></HeartRateBpm><Cadence>88</Cadence><Extensions><ns3:TPX><ns3:Speed>0.0</ns3:Speed></ns3:TPX></Extensions></Trackpoint><Trackpoint><Time>2026-01-20T23:40:48Z</Time><HeartRateBpm><Value>103</Value></HeartRateBpm><Cadence>88</Cadence><Extensions><ns3:TPX><ns3:Speed>0.0</ns3:Speed></ns3:TPX></Extensions></Trackpoint><Trackpoint><Time>2026-01-20T23:40:51Z</Time><HeartRateBpm><Value>105</Value></HeartRateBpm><Cadence>88</Cadence><Extensions><ns3:TPX><ns3:Speed>0.0</ns3:Speed></ns3:TPX></Extensions></Trackpoint><Trackpoint><Time>2026-01-20T23:40:53Z</Time><HeartRateBpm><Value>104</Value></HeartRateBpm><Cadence>88</Cadence><Extensions><ns3:TPX><ns3:Speed>0.0</ns3:Speed></ns3:TPX></Extensions></Trackpoint><Trackpoint><Time>2026-01-20T23:40:55Z</Time><HeartRateBpm><Value>103</Value></HeartRateBpm><Cadence>88</Cadence><Extensions><ns3:TPX><ns3:Speed>0.0</ns3:Speed></ns3:TPX></Extensions></Trackpoint><Trackpoint><Time>2026-01-20T23:40:56Z</Time><HeartRateBpm><Value>102</Value></HeartRateBpm><Cadence>88</Cadence><Extensions><ns3:TPX><ns3:Speed>0.0</ns3:Speed></ns3:TPX></Extensions></Trackpoint><Trackpoint><Time>2026-01-20T23:40:57Z</Time><HeartRateBpm><Value>101</Value></HeartRateBpm><Cadence>88</Cadence><Extensions><ns3:TPX><ns3:Speed>0.0</ns3:Speed></ns3:TPX></Extensions></Trackpoint><Trackpoint><Time>2026-01-20T23:41:00Z</Time><HeartRateBpm><Value>100</Value></HeartRateBpm><Cadence>88</Cadence><Extensions><ns3:TPX><ns3:Speed>0.0</ns3:Speed></ns3:TPX></Extensions></Trackpoint><Trackpoint><Time>2026-01-20T23:41:06Z</Time><HeartRateBpm><Value>101</Value></HeartRateBpm><Cadence>88</Cadence><Extensions><ns3:TPX><ns3:Speed>0.0</ns3:Speed></ns3:TPX></Extensions></Trackpoint><Trackpoint><Time>2026-01-20T23:41:07Z</Time><HeartRateBpm><Value>102</Value></HeartRateBpm><Cadence>88</Cadence><Extensions><ns3:TPX><ns3:Speed>0.0</ns3:Speed></ns3:TPX></Extensions></Trackpoint><Trackpoint><Time>2026-01-20T23:41:10Z</Time><HeartRateBpm><Value>103</Value></HeartRateBpm><Cadence>88</Cadence><Extensions><ns3:TPX><ns3:Speed>0.0</ns3:Speed></ns3:TPX></Extensions></Trackpoint><Trackpoint><Time>2026-01-20T23:41:12Z</Time><HeartRateBpm><Value>102</Value></HeartRateBpm><Cadence>88</Cadence><Extensions><ns3:TPX><ns3:Speed>0.0</ns3:Speed></ns3:TPX></Extensions></Trackpoint><Trackpoint><Time>2026-01-20T23:41:13Z</Time><HeartRateBpm><Value>100</Value></HeartRateBpm><Cadence>88</Cadence><Extensions><ns3:TPX><ns3:Speed>0.0</ns3:Speed></ns3:TPX></Extensions></Trackpoint><Trackpoint><Time>2026-01-20T23:41:14Z</Time><HeartRateBpm><Value>99</Value></HeartRateBpm><Cadence>88</Cadence><Extensions><ns3:TPX><ns3:Speed>0.0</ns3:Speed></ns3:TPX></Extensions></Trackpoint><Trackpoint><Time>2026-01-20T23:41:15Z</Time><HeartRateBpm><Value>98</Value></HeartRateBpm><Cadence>88</Cadence><Extensions><ns3:TPX><ns3:Speed>0.0</ns3:Speed></ns3:TPX></Extensions></Trackpoint><Trackpoint><Time>2026-01-20T23:41:16Z</Time><HeartRateBpm><Value>97</Value></HeartRateBpm><Cadence>88</Cadence><Extensions><ns3:TPX><ns3:Speed>0.0</ns3:Speed></ns3:TPX></Extensions></Trackpoint><Trackpoint><Time>2026-01-20T23:41:18Z</Time><HeartRateBpm><Value>95</Value></HeartRateBpm><Cadence>88</Cadence><Extensions><ns3:TPX><ns3:Speed>0.0</ns3:Speed></ns3:TPX></Extensions></Trackpoint><Trackpoint><Time>2026-01-20T23:41:19Z</Time><HeartRateBpm><Value>94</Value></HeartRateBpm><Cadence>88</Cadence><Extensions><ns3:TPX><ns3:Speed>0.0</ns3:Speed></ns3:TPX></Extensions></Trackpoint><Trackpoint><Time>2026-01-20T23:41:21Z</Time><HeartRateBpm><Value>95</Value></HeartRateBpm><Cadence>88</Cadence><Extensions><ns3:TPX><ns3:Speed>0.0</ns3:Speed></ns3:TPX></Extensions></Trackpoint><Trackpoint><Time>2026-01-20T23:41:25Z</Time><HeartRateBpm><Value>94</Value></HeartRateBpm><Cadence>88</Cadence><Extensions><ns3:TPX><ns3:Speed>0.0</ns3:Speed></ns3:TPX></Extensions></Trackpoint><Trackpoint><Time>2026-01-20T23:41:26Z</Time><HeartRateBpm><Value>93</Value></HeartRateBpm><Cadence>88</Cadence><Extensions><ns3:TPX><ns3:Speed>0.0</ns3:Speed></ns3:TPX></Extensions></Trackpoint><Trackpoint><Time>2026-01-20T23:41:31Z</Time><HeartRateBpm><Value>93</Value></HeartRateBpm><Cadence>88</Cadence><Extensions><ns3:TPX><ns3:Speed>0.0</ns3:Speed></ns3:TPX></Extensions></Trackpoint><Trackpoint><Time>2026-01-20T23:41:34Z</Time><HeartRateBpm><Value>92</Value></HeartRateBpm><Cadence>88</Cadence><Extensions><ns3:TPX><ns3:Speed>0.0</ns3:Speed></ns3:TPX></Extensions></Trackpoint><Trackpoint><Time>2026-01-20T23:41:38Z</Time><HeartRateBpm><Value>93</Value></HeartRateBpm><Cadence>88</Cadence><Extensions><ns3:TPX><ns3:Speed>0.0</ns3:Speed></ns3:TPX></Extensions></Trackpoint><Trackpoint><Time>2026-01-20T23:41:43Z</Time><HeartRateBpm><Value>94</Value></HeartRateBpm><Cadence>88</Cadence><Extensions><ns3:TPX><ns3:Speed>0.0</ns3:Speed></ns3:TPX></Extensions></Trackpoint><Trackpoint><Time>2026-01-20T23:41:45Z</Time><HeartRateBpm><Value>93</Value></HeartRateBpm><Cadence>88</Cadence><Extensions><ns3:TPX><ns3:Speed>0.0</ns3:Speed></ns3:TPX></Extensions></Trackpoint><Trackpoint><Time>2026-01-20T23:41:49Z</Time><HeartRateBpm><Value>94</Value></HeartRateBpm><Cadence>88</Cadence><Extensions><ns3:TPX><ns3:Speed>0.0</ns3:Speed></ns3:TPX></Extensions></Trackpoint><Trackpoint><Time>2026-01-20T23:41:52Z</Time><HeartRateBpm><Value>95</Value></HeartRateBpm><Cadence>88</Cadence><Extensions><ns3:TPX><ns3:Speed>0.0</ns3:Speed></ns3:TPX></Extensions></Trackpoint><Trackpoint><Time>2026-01-20T23:41:54Z</Time><HeartRateBpm><Value>96</Value></HeartRateBpm><Cadence>88</Cadence><Extensions><ns3:TPX><ns3:Speed>0.0</ns3:Speed></ns3:TPX></Extensions></Trackpoint><Trackpoint><Time>2026-01-20T23:41:55Z</Time><HeartRateBpm><Value>97</Value></HeartRateBpm><Cadence>88</Cadence><Extensions><ns3:TPX><ns3:Speed>0.0</ns3:Speed></ns3:TPX></Extensions></Trackpoint><Trackpoint><Time>2026-01-20T23:41:56Z</Time><HeartRateBpm><Value>98</Value></HeartRateBpm><Cadence>88</Cadence><Extensions><ns3:TPX><ns3:Speed>0.0</ns3:Speed></ns3:TPX></Extensions></Trackpoint><Trackpoint><Time>2026-01-20T23:42:01Z</Time><HeartRateBpm><Value>98</Value></HeartRateBpm><Cadence>88</Cadence><Extensions><ns3:TPX><ns3:Speed>0.0</ns3:Speed></ns3:TPX></Extensions></Trackpoint><Trackpoint><Time>2026-01-20T23:42:02Z</Time><HeartRateBpm><Value>96</Value></HeartRateBpm><Cadence>88</Cadence><Extensions><ns3:TPX><ns3:Speed>0.0</ns3:Speed></ns3:TPX></Extensions></Trackpoint><Trackpoint><Time>2026-01-20T23:42:03Z</Time><HeartRateBpm><Value>95</Value></HeartRateBpm><Cadence>88</Cadence><Extensions><ns3:TPX><ns3:Speed>0.0</ns3:Speed></ns3:TPX></Extensions></Trackpoint><Trackpoint><Time>2026-01-20T23:42:04Z</Time><HeartRateBpm><Value>94</Value></HeartRateBpm><Cadence>88</Cadence><Extensions><ns3:TPX><ns3:Speed>0.0</ns3:Speed></ns3:TPX></Extensions></Trackpoint><Trackpoint><Time>2026-01-20T23:42:08Z</Time><HeartRateBpm><Value>95</Value></HeartRateBpm><Cadence>88</Cadence><Extensions><ns3:TPX><ns3:Speed>0.0</ns3:Speed></ns3:TPX></Extensions></Trackpoint><Trackpoint><Time>2026-01-20T23:42:09Z</Time><HeartRateBpm><Value>96</Value></HeartRateBpm><Cadence>88</Cadence><Extensions><ns3:TPX><ns3:Speed>0.0</ns3:Speed></ns3:TPX></Extensions></Trackpoint><Trackpoint><Time>2026-01-20T23:42:10Z</Time><HeartRateBpm><Value>97</Value></HeartRateBpm><Cadence>88</Cadence><Extensions><ns3:TPX><ns3:Speed>0.0</ns3:Speed></ns3:TPX></Extensions></Trackpoint><Trackpoint><Time>2026-01-20T23:42:13Z</Time><HeartRateBpm><Value>96</Value></HeartRateBpm><Cadence>88</Cadence><Extensions><ns3:TPX><ns3:Speed>0.0</ns3:Speed></ns3:TPX></Extensions></Trackpoint><Trackpoint><Time>2026-01-20T23:42:15Z</Time><HeartRateBpm><Value>97</Value></HeartRateBpm><Cadence>88</Cadence><Extensions><ns3:TPX><ns3:Speed>0.0</ns3:Speed></ns3:TPX></Extensions></Trackpoint><Trackpoint><Time>2026-01-20T23:42:20Z</Time><HeartRateBpm><Value>97</Value></HeartRateBpm><Cadence>88</Cadence><Extensions><ns3:TPX><ns3:Speed>0.0</ns3:Speed></ns3:TPX></Extensions></Trackpoint><Trackpoint><Time>2026-01-20T23:42:21Z</Time><HeartRateBpm><Value>96</Value></HeartRateBpm><Cadence>88</Cadence><Extensions><ns3:TPX><ns3:Speed>0.0</ns3:Speed></ns3:TPX></Extensions></Trackpoint><Trackpoint><Time>2026-01-20T23:42:22Z</Time><HeartRateBpm><Value>98</Value></HeartRateBpm><Cadence>88</Cadence><Extensions><ns3:TPX><ns3:Speed>0.0</ns3:Speed></ns3:TPX></Extensions></Trackpoint><Trackpoint><Time>2026-01-20T23:42:24Z</Time><HeartRateBpm><Value>99</Value></HeartRateBpm><Cadence>88</Cadence><Extensions><ns3:TPX><ns3:Speed>0.0</ns3:Speed></ns3:TPX></Extensions></Trackpoint><Trackpoint><Time>2026-01-20T23:42:25Z</Time><HeartRateBpm><Value>100</Value></HeartRateBpm><Cadence>88</Cadence><Extensions><ns3:TPX><ns3:Speed>0.0</ns3:Speed></ns3:TPX></Extensions></Trackpoint><Trackpoint><Time>2026-01-20T23:42:26Z</Time><HeartRateBpm><Value>99</Value></HeartRateBpm><Cadence>88</Cadence><Extensions><ns3:TPX><ns3:Speed>0.0</ns3:Speed></ns3:TPX></Extensions></Trackpoint><Trackpoint><Time>2026-01-20T23:42:27Z</Time><HeartRateBpm><Value>97</Value></HeartRateBpm><Cadence>88</Cadence><Extensions><ns3:TPX><ns3:Speed>0.0</ns3:Speed></ns3:TPX></Extensions></Trackpoint><Trackpoint><Time>2026-01-20T23:42:28Z</Time><HeartRateBpm><Value>96</Value></HeartRateBpm><Cadence>88</Cadence><Extensions><ns3:TPX><ns3:Speed>0.0</ns3:Speed></ns3:TPX></Extensions></Trackpoint><Trackpoint><Time>2026-01-20T23:42:33Z</Time><HeartRateBpm><Value>99</Value></HeartRateBpm><Cadence>88</Cadence><Extensions><ns3:TPX><ns3:Speed>0.0</ns3:Speed></ns3:TPX></Extensions></Trackpoint><Trackpoint><Time>2026-01-20T23:42:38Z</Time><HeartRateBpm><Value>99</Value></HeartRateBpm><Cadence>88</Cadence><Extensions><ns3:TPX><ns3:Speed>0.0</ns3:Speed></ns3:TPX></Extensions></Trackpoint><Trackpoint><Time>2026-01-20T23:42:40Z</Time><HeartRateBpm><Value>100</Value></HeartRateBpm><Cadence>88</Cadence><Extensions><ns3:TPX><ns3:Speed>0.0</ns3:Speed></ns3:TPX></Extensions></Trackpoint><Trackpoint><Time>2026-01-20T23:42:42Z</Time><HeartRateBpm><Value>101</Value></HeartRateBpm><Cadence>88</Cadence><Extensions><ns3:TPX><ns3:Speed>0.0</ns3:Speed></ns3:TPX></Extensions></Trackpoint><Trackpoint><Time>2026-01-20T23:42:43Z</Time><HeartRateBpm><Value>102</Value></HeartRateBpm><Cadence>88</Cadence><Extensions><ns3:TPX><ns3:Speed>0.0</ns3:Speed></ns3:TPX></Extensions></Trackpoint><Trackpoint><Time>2026-01-20T23:42:45Z</Time><HeartRateBpm><Value>103</Value></HeartRateBpm><Cadence>88</Cadence><Extensions><ns3:TPX><ns3:Speed>0.0</ns3:Speed></ns3:TPX></Extensions></Trackpoint><Trackpoint><Time>2026-01-20T23:42:46Z</Time><HeartRateBpm><Value>104</Value></HeartRateBpm><Cadence>88</Cadence><Extensions><ns3:TPX><ns3:Speed>0.0</ns3:Speed></ns3:TPX></Extensions></Trackpoint><Trackpoint><Time>2026-01-20T23:42:50Z</Time><HeartRateBpm><Value>105</Value></HeartRateBpm><Cadence>88</Cadence><Extensions><ns3:TPX><ns3:Speed>0.0</ns3:Speed></ns3:TPX></Extensions></Trackpoint><Trackpoint><Time>2026-01-20T23:42:52Z</Time><HeartRateBpm><Value>104</Value></HeartRateBpm><Cadence>88</Cadence><Extensions><ns3:TPX><ns3:Speed>0.0</ns3:Speed></ns3:TPX></Extensions></Trackpoint><Trackpoint><Time>2026-01-20T23:42:53Z</Time><HeartRateBpm><Value>102</Value></HeartRateBpm><Cadence>88</Cadence><Extensions><ns3:TPX><ns3:Speed>0.0</ns3:Speed></ns3:TPX></Extensions></Trackpoint><Trackpoint><Time>2026-01-20T23:42:58Z</Time><HeartRateBpm><Value>101</Value></HeartRateBpm><Cadence>88</Cadence><Extensions><ns3:TPX><ns3:Speed>0.0</ns3:Speed></ns3:TPX></Extensions></Trackpoint><Trackpoint><Time>2026-01-20T23:42:59Z</Time><HeartRateBpm><Value>102</Value></HeartRateBpm><Cadence>88</Cadence><Extensions><ns3:TPX><ns3:Speed>0.0</ns3:Speed></ns3:TPX></Extensions></Trackpoint><Trackpoint><Time>2026-01-20T23:43:02Z</Time><HeartRateBpm><Value>101</Value></HeartRateBpm><Cadence>88</Cadence><Extensions><ns3:TPX><ns3:Speed>0.0</ns3:Speed></ns3:TPX></Extensions></Trackpoint><Trackpoint><Time>2026-01-20T23:43:07Z</Time><HeartRateBpm><Value>101</Value></HeartRateBpm><Cadence>88</Cadence><Extensions><ns3:TPX><ns3:Speed>0.0</ns3:Speed></ns3:TPX></Extensions></Trackpoint><Trackpoint><Time>2026-01-20T23:43:08Z</Time><HeartRateBpm><Value>102</Value></HeartRateBpm><Cadence>88</Cadence><Extensions><ns3:TPX><ns3:Speed>0.0</ns3:Speed></ns3:TPX></Extensions></Trackpoint><Trackpoint><Time>2026-01-20T23:43:10Z</Time><HeartRateBpm><Value>101</Value></HeartRateBpm><Cadence>88</Cadence><Extensions><ns3:TPX><ns3:Speed>0.0</ns3:Speed></ns3:TPX></Extensions></Trackpoint><Trackpoint><Time>2026-01-20T23:43:15Z</Time><HeartRateBpm><Value>101</Value></HeartRateBpm><Cadence>88</Cadence><Extensions><ns3:TPX><ns3:Speed>0.0</ns3:Speed></ns3:TPX></Extensions></Trackpoint><Trackpoint><Time>2026-01-20T23:43:16Z</Time><HeartRateBpm><Value>100</Value></HeartRateBpm><Cadence>88</Cadence><Extensions><ns3:TPX><ns3:Speed>0.0</ns3:Speed></ns3:TPX></Extensions></Trackpoint><Trackpoint><Time>2026-01-20T23:43:17Z</Time><HeartRateBpm><Value>99</Value></HeartRateBpm><Cadence>88</Cadence><Extensions><ns3:TPX><ns3:Speed>0.0</ns3:Speed></ns3:TPX></Extensions></Trackpoint><Trackpoint><Time>2026-01-20T23:43:21Z</Time><HeartRateBpm><Value>100</Value></HeartRateBpm><Cadence>88</Cadence><Extensions><ns3:TPX><ns3:Speed>0.0</ns3:Speed></ns3:TPX></Extensions></Trackpoint><Trackpoint><Time>2026-01-20T23:43:26Z</Time><HeartRateBpm><Value>100</Value></HeartRateBpm><Cadence>88</Cadence><Extensions><ns3:TPX><ns3:Speed>0.0</ns3:Speed></ns3:TPX></Extensions></Trackpoint><Trackpoint><Time>2026-01-20T23:43:27Z</Time><HeartRateBpm><Value>101</Value></HeartRateBpm><Cadence>88</Cadence><Extensions><ns3:TPX><ns3:Speed>0.0</ns3:Speed></ns3:TPX></Extensions></Trackpoint><Trackpoint><Time>2026-01-20T23:43:28Z</Time><HeartRateBpm><Value>99</Value></HeartRateBpm><Cadence>88</Cadence><Extensions><ns3:TPX><ns3:Speed>0.0</ns3:Speed></ns3:TPX></Extensions></Trackpoint><Trackpoint><Time>2026-01-20T23:43:29Z</Time><HeartRateBpm><Value>98</Value></HeartRateBpm><Cadence>88</Cadence><Extensions><ns3:TPX><ns3:Speed>0.0</ns3:Speed></ns3:TPX></Extensions></Trackpoint><Trackpoint><Time>2026-01-20T23:43:34Z</Time><HeartRateBpm><Value>99</Value></HeartRateBpm><Cadence>88</Cadence><Extensions><ns3:TPX><ns3:Speed>0.0</ns3:Speed></ns3:TPX></Extensions></Trackpoint><Trackpoint><Time>2026-01-20T23:43:37Z</Time><HeartRateBpm><Value>100</Value></HeartRateBpm><Cadence>88</Cadence><Extensions><ns3:TPX><ns3:Speed>0.0</ns3:Speed></ns3:TPX></Extensions></Trackpoint><Trackpoint><Time>2026-01-20T23:43:38Z</Time><HeartRateBpm><Value>101</Value></HeartRateBpm><Cadence>88</Cadence><Extensions><ns3:TPX><ns3:Speed>0.0</ns3:Speed></ns3:TPX></Extensions></Trackpoint><Trackpoint><Time>2026-01-20T23:43:42Z</Time><HeartRateBpm><Value>100</Value></HeartRateBpm><Cadence>88</Cadence><Extensions><ns3:TPX><ns3:Speed>0.0</ns3:Speed></ns3:TPX></Extensions></Trackpoint><Trackpoint><Time>2026-01-20T23:43:44Z</Time><HeartRateBpm><Value>99</Value></HeartRateBpm><Cadence>88</Cadence><Extensions><ns3:TPX><ns3:Speed>0.0</ns3:Speed></ns3:TPX></Extensions></Trackpoint><Trackpoint><Time>2026-01-20T23:43:49Z</Time><HeartRateBpm><Value>99</Value></HeartRateBpm><Cadence>88</Cadence><Extensions><ns3:TPX><ns3:Speed>0.0</ns3:Speed></ns3:TPX></Extensions></Trackpoint><Trackpoint><Time>2026-01-20T23:43:54Z</Time><HeartRateBpm><Value>100</Value></HeartRateBpm><Cadence>88</Cadence><Extensions><ns3:TPX><ns3:Speed>0.0</ns3:Speed></ns3:TPX></Extensions></Trackpoint><Trackpoint><Time>2026-01-20T23:43:55Z</Time><HeartRateBpm><Value>101</Value></HeartRateBpm><Cadence>88</Cadence><Extensions><ns3:TPX><ns3:Speed>0.0</ns3:Speed></ns3:TPX></Extensions></Trackpoint><Trackpoint><Time>2026-01-20T23:43:56Z</Time><HeartRateBpm><Value>102</Value></HeartRateBpm><Cadence>88</Cadence><Extensions><ns3:TPX><ns3:Speed>0.0</ns3:Speed></ns3:TPX></Extensions></Trackpoint><Trackpoint><Time>2026-01-20T23:43:57Z</Time><HeartRateBpm><Value>103</Value></HeartRateBpm><Cadence>88</Cadence><Extensions><ns3:TPX><ns3:Speed>0.0</ns3:Speed></ns3:TPX></Extensions></Trackpoint><Trackpoint><Time>2026-01-20T23:44:00Z</Time><HeartRateBpm><Value>102</Value></HeartRateBpm><Cadence>88</Cadence><Extensions><ns3:TPX><ns3:Speed>0.0</ns3:Speed></ns3:TPX></Extensions></Trackpoint><Trackpoint><Time>2026-01-20T23:44:03Z</Time><HeartRateBpm><Value>101</Value></HeartRateBpm><Cadence>88</Cadence><Extensions><ns3:TPX><ns3:Speed>0.0</ns3:Speed></ns3:TPX></Extensions></Trackpoint><Trackpoint><Time>2026-01-20T23:44:06Z</Time><HeartRateBpm><Value>100</Value></HeartRateBpm><Cadence>88</Cadence><Extensions><ns3:TPX><ns3:Speed>0.0</ns3:Speed></ns3:TPX></Extensions></Trackpoint><Trackpoint><Time>2026-01-20T23:44:07Z</Time><HeartRateBpm><Value>99</Value></HeartRateBpm><Cadence>88</Cadence><Extensions><ns3:TPX><ns3:Speed>0.0</ns3:Speed></ns3:TPX></Extensions></Trackpoint><Trackpoint><Time>2026-01-20T23:44:08Z</Time><HeartRateBpm><Value>98</Value></HeartRateBpm><Cadence>88</Cadence><Extensions><ns3:TPX><ns3:Speed>0.0</ns3:Speed></ns3:TPX></Extensions></Trackpoint><Trackpoint><Time>2026-01-20T23:44:12Z</Time><HeartRateBpm><Value>97</Value></HeartRateBpm><Cadence>88</Cadence><Extensions><ns3:TPX><ns3:Speed>0.0</ns3:Speed></ns3:TPX></Extensions></Trackpoint><Trackpoint><Time>2026-01-20T23:44:18Z</Time><HeartRateBpm><Value>95</Value></HeartRateBpm><Cadence>88</Cadence><Extensions><ns3:TPX><ns3:Speed>0.0</ns3:Speed></ns3:TPX></Extensions></Trackpoint><Trackpoint><Time>2026-01-20T23:44:19Z</Time><HeartRateBpm><Value>94</Value></HeartRateBpm><Cadence>88</Cadence><Extensions><ns3:TPX><ns3:Speed>0.0</ns3:Speed></ns3:TPX></Extensions></Trackpoint><Trackpoint><Time>2026-01-20T23:44:20Z</Time><HeartRateBpm><Value>93</Value></HeartRateBpm><Cadence>88</Cadence><Extensions><ns3:TPX><ns3:Speed>0.0</ns3:Speed></ns3:TPX></Extensions></Trackpoint><Trackpoint><Time>2026-01-20T23:44:22Z</Time><HeartRateBpm><Value>94</Value></HeartRateBpm><Cadence>88</Cadence><Extensions><ns3:TPX><ns3:Speed>0.0</ns3:Speed></ns3:TPX></Extensions></Trackpoint><Trackpoint><Time>2026-01-20T23:44:26Z</Time><HeartRateBpm><Value>95</Value></HeartRateBpm><Cadence>88</Cadence><Extensions><ns3:TPX><ns3:Speed>0.0</ns3:Speed></ns3:TPX></Extensions></Trackpoint><Trackpoint><Time>2026-01-20T23:44:29Z</Time><HeartRateBpm><Value>97</Value></HeartRateBpm><Cadence>88</Cadence><Extensions><ns3:TPX><ns3:Speed>0.0</ns3:Speed></ns3:TPX></Extensions></Trackpoint><Trackpoint><Time>2026-01-20T23:44:31Z</Time><HeartRateBpm><Value>98</Value></HeartRateBpm><Cadence>88</Cadence><Extensions><ns3:TPX><ns3:Speed>0.0</ns3:Speed></ns3:TPX></Extensions></Trackpoint><Trackpoint><Time>2026-01-20T23:44:37Z</Time><HeartRateBpm><Value>98</Value></HeartRateBpm><Cadence>88</Cadence><Extensions><ns3:TPX><ns3:Speed>0.0</ns3:Speed></ns3:TPX></Extensions></Trackpoint><Trackpoint><Time>2026-01-20T23:44:43Z</Time><HeartRateBpm><Value>98</Value></HeartRateBpm><Cadence>88</Cadence><Extensions><ns3:TPX><ns3:Speed>0.0</ns3:Speed></ns3:TPX></Extensions></Trackpoint><Trackpoint><Time>2026-01-20T23:44:44Z</Time><HeartRateBpm><Value>99</Value></HeartRateBpm><Cadence>88</Cadence><Extensions><ns3:TPX><ns3:Speed>0.0</ns3:Speed></ns3:TPX></Extensions></Trackpoint><Trackpoint><Time>2026-01-20T23:44:47Z</Time><HeartRateBpm><Value>100</Value></HeartRateBpm><Cadence>88</Cadence><Extensions><ns3:TPX><ns3:Speed>0.0</ns3:Speed></ns3:TPX></Extensions></Trackpoint><Trackpoint><Time>2026-01-20T23:44:52Z</Time><HeartRateBpm><Value>100</Value></HeartRateBpm><Cadence>88</Cadence><Extensions><ns3:TPX><ns3:Speed>0.0</ns3:Speed></ns3:TPX></Extensions></Trackpoint><Trackpoint><Time>2026-01-20T23:44:53Z</Time><HeartRateBpm><Value>101</Value></HeartRateBpm><Cadence>88</Cadence><Extensions><ns3:TPX><ns3:Speed>0.0</ns3:Speed></ns3:TPX></Extensions></Trackpoint><Trackpoint><Time>2026-01-20T23:44:56Z</Time><HeartRateBpm><Value>102</Value></HeartRateBpm><Cadence>88</Cadence><Extensions><ns3:TPX><ns3:Speed>0.0</ns3:Speed></ns3:TPX></Extensions></Trackpoint><Trackpoint><Time>2026-01-20T23:44:57Z</Time><HeartRateBpm><Value>101</Value></HeartRateBpm><Cadence>88</Cadence><Extensions><ns3:TPX><ns3:Speed>0.0</ns3:Speed></ns3:TPX></Extensions></Trackpoint><Trackpoint><Time>2026-01-20T23:44:59Z</Time><HeartRateBpm><Value>100</Value></HeartRateBpm><Cadence>88</Cadence><Extensions><ns3:TPX><ns3:Speed>0.0</ns3:Speed></ns3:TPX></Extensions></Trackpoint><Trackpoint><Time>2026-01-20T23:45:04Z</Time><HeartRateBpm><Value>100</Value></HeartRateBpm><Cadence>88</Cadence><Extensions><ns3:TPX><ns3:Speed>0.0</ns3:Speed></ns3:TPX></Extensions></Trackpoint><Trackpoint><Time>2026-01-20T23:45:08Z</Time><HeartRateBpm><Value>101</Value></HeartRateBpm><Cadence>88</Cadence><Extensions><ns3:TPX><ns3:Speed>0.0</ns3:Speed></ns3:TPX></Extensions></Trackpoint><Trackpoint><Time>2026-01-20T23:45:09Z</Time><HeartRateBpm><Value>102</Value></HeartRateBpm><Cadence>88</Cadence><Extensions><ns3:TPX><ns3:Speed>0.0</ns3:Speed></ns3:TPX></Extensions></Trackpoint><Trackpoint><Time>2026-01-20T23:45:13Z</Time><HeartRateBpm><Value>101</Value></HeartRateBpm><Cadence>88</Cadence><Extensions><ns3:TPX><ns3:Speed>0.0</ns3:Speed></ns3:TPX></Extensions></Trackpoint><Trackpoint><Time>2026-01-20T23:45:14Z</Time><HeartRateBpm><Value>99</Value></HeartRateBpm><Cadence>88</Cadence><Extensions><ns3:TPX><ns3:Speed>0.0</ns3:Speed></ns3:TPX></Extensions></Trackpoint><Trackpoint><Time>2026-01-20T23:45:16Z</Time><HeartRateBpm><Value>98</Value></HeartRateBpm><Cadence>88</Cadence><Extensions><ns3:TPX><ns3:Speed>0.0</ns3:Speed></ns3:TPX></Extensions></Trackpoint><Trackpoint><Time>2026-01-20T23:45:18Z</Time><HeartRateBpm><Value>97</Value></HeartRateBpm><Cadence>88</Cadence><Extensions><ns3:TPX><ns3:Speed>0.0</ns3:Speed></ns3:TPX></Extensions></Trackpoint><Trackpoint><Time>2026-01-20T23:45:21Z</Time><HeartRateBpm><Value>98</Value></HeartRateBpm><Cadence>88</Cadence><Extensions><ns3:TPX><ns3:Speed>0.0</ns3:Speed></ns3:TPX></Extensions></Trackpoint><Trackpoint><Time>2026-01-20T23:45:22Z</Time><HeartRateBpm><Value>99</Value></HeartRateBpm><Cadence>88</Cadence><Extensions><ns3:TPX><ns3:Speed>0.0</ns3:Speed></ns3:TPX></Extensions></Trackpoint><Trackpoint><Time>2026-01-20T23:45:26Z</Time><HeartRateBpm><Value>98</Value></HeartRateBpm><Cadence>88</Cadence><Extensions><ns3:TPX><ns3:Speed>0.0</ns3:Speed></ns3:TPX></Extensions></Trackpoint><Trackpoint><Time>2026-01-20T23:45:27Z</Time><HeartRateBpm><Value>97</Value></HeartRateBpm><Cadence>88</Cadence><Extensions><ns3:TPX><ns3:Speed>0.0</ns3:Speed></ns3:TPX></Extensions></Trackpoint><Trackpoint><Time>2026-01-20T23:45:32Z</Time><HeartRateBpm><Value>95</Value></HeartRateBpm><Cadence>88</Cadence><Extensions><ns3:TPX><ns3:Speed>0.0</ns3:Speed></ns3:TPX></Extensions></Trackpoint><Trackpoint><Time>2026-01-20T23:45:33Z</Time><HeartRateBpm><Value>94</Value></HeartRateBpm><Cadence>88</Cadence><Extensions><ns3:TPX><ns3:Speed>0.0</ns3:Speed></ns3:TPX></Extensions></Trackpoint><Trackpoint><Time>2026-01-20T23:45:34Z</Time><HeartRateBpm><Value>93</Value></HeartRateBpm><Cadence>88</Cadence><Extensions><ns3:TPX><ns3:Speed>0.0</ns3:Speed></ns3:TPX></Extensions></Trackpoint><Trackpoint><Time>2026-01-20T23:45:35Z</Time><HeartRateBpm><Value>92</Value></HeartRateBpm><Cadence>88</Cadence><Extensions><ns3:TPX><ns3:Speed>0.0</ns3:Speed></ns3:TPX></Extensions></Trackpoint><Trackpoint><Time>2026-01-20T23:45:38Z</Time><HeartRateBpm><Value>91</Value></HeartRateBpm><Cadence>88</Cadence><Extensions><ns3:TPX><ns3:Speed>0.0</ns3:Speed></ns3:TPX></Extensions></Trackpoint><Trackpoint><Time>2026-01-20T23:45:44Z</Time><HeartRateBpm><Value>91</Value></HeartRateBpm><Cadence>88</Cadence><Extensions><ns3:TPX><ns3:Speed>0.0</ns3:Speed></ns3:TPX></Extensions></Trackpoint><Trackpoint><Time>2026-01-20T23:45:46Z</Time><HeartRateBpm><Value>90</Value></HeartRateBpm><Cadence>88</Cadence><Extensions><ns3:TPX><ns3:Speed>0.0</ns3:Speed></ns3:TPX></Extensions></Trackpoint><Trackpoint><Time>2026-01-20T23:45:47Z</Time><HeartRateBpm><Value>89</Value></HeartRateBpm><Cadence>88</Cadence><Extensions><ns3:TPX><ns3:Speed>0.0</ns3:Speed></ns3:TPX></Extensions></Trackpoint><Trackpoint><Time>2026-01-20T23:45:50Z</Time><HeartRateBpm><Value>88</Value></HeartRateBpm><Cadence>88</Cadence><Extensions><ns3:TPX><ns3:Speed>0.0</ns3:Speed></ns3:TPX></Extensions></Trackpoint><Trackpoint><Time>2026-01-20T23:45:53Z</Time><HeartRateBpm><Value>87</Value></HeartRateBpm><Cadence>88</Cadence><Extensions><ns3:TPX><ns3:Speed>0.0</ns3:Speed></ns3:TPX></Extensions></Trackpoint><Trackpoint><Time>2026-01-20T23:45:58Z</Time><HeartRateBpm><Value>86</Value></HeartRateBpm><Cadence>88</Cadence><Extensions><ns3:TPX><ns3:Speed>0.0</ns3:Speed></ns3:TPX></Extensions></Trackpoint><Trackpoint><Time>2026-01-20T23:45:59Z</Time><HeartRateBpm><Value>85</Value></HeartRateBpm><Cadence>88</Cadence><Extensions><ns3:TPX><ns3:Speed>0.0</ns3:Speed></ns3:TPX></Extensions></Trackpoint><Trackpoint><Time>2026-01-20T23:46:02Z</Time><HeartRateBpm><Value>86</Value></HeartRateBpm><Cadence>88</Cadence><Extensions><ns3:TPX><ns3:Speed>0.0</ns3:Speed></ns3:TPX></Extensions></Trackpoint><Trackpoint><Time>2026-01-20T23:46:04Z</Time><HeartRateBpm><Value>85</Value></HeartRateBpm><Cadence>88</Cadence><Extensions><ns3:TPX><ns3:Speed>0.0</ns3:Speed></ns3:TPX></Extensions></Trackpoint><Trackpoint><Time>2026-01-20T23:46:08Z</Time><HeartRateBpm><Value>86</Value></HeartRateBpm><Cadence>88</Cadence><Extensions><ns3:TPX><ns3:Speed>0.0</ns3:Speed></ns3:TPX></Extensions></Trackpoint><Trackpoint><Time>2026-01-20T23:46:12Z</Time><HeartRateBpm><Value>86</Value></HeartRateBpm><Cadence>88</Cadence><Extensions><ns3:TPX><ns3:Speed>0.0</ns3:Speed></ns3:TPX></Extensions></Trackpoint><Trackpoint><Time>2026-01-20T23:46:13Z</Time><HeartRateBpm><Value>85</Value></HeartRateBpm><Cadence>88</Cadence><Extensions><ns3:TPX><ns3:Speed>0.0</ns3:Speed></ns3:TPX></Extensions></Trackpoint><Trackpoint><Time>2026-01-20T23:46:15Z</Time><HeartRateBpm><Value>86</Value></HeartRateBpm><Cadence>88</Cadence><Extensions><ns3:TPX><ns3:Speed>0.0</ns3:Speed></ns3:TPX></Extensions></Trackpoint><Trackpoint><Time>2026-01-20T23:46:16Z</Time><HeartRateBpm><Value>87</Value></HeartRateBpm><Cadence>88</Cadence><Extensions><ns3:TPX><ns3:Speed>0.0</ns3:Speed></ns3:TPX></Extensions></Trackpoint><Trackpoint><Time>2026-01-20T23:46:17Z</Time><HeartRateBpm><Value>88</Value></HeartRateBpm><Cadence>88</Cadence><Extensions><ns3:TPX><ns3:Speed>0.0</ns3:Speed></ns3:TPX></Extensions></Trackpoint><Trackpoint><Time>2026-01-20T23:46:19Z</Time><HeartRateBpm><Value>87</Value></HeartRateBpm><Cadence>88</Cadence><Extensions><ns3:TPX><ns3:Speed>0.0</ns3:Speed></ns3:TPX></Extensions></Trackpoint><Trackpoint><Time>2026-01-20T23:46:21Z</Time><HeartRateBpm><Value>86</Value></HeartRateBpm><Cadence>88</Cadence><Extensions><ns3:TPX><ns3:Speed>0.0</ns3:Speed></ns3:TPX></Extensions></Trackpoint><Trackpoint><Time>2026-01-20T23:46:23Z</Time><HeartRateBpm><Value>87</Value></HeartRateBpm><Cadence>88</Cadence><Extensions><ns3:TPX><ns3:Speed>0.0</ns3:Speed></ns3:TPX></Extensions></Trackpoint><Trackpoint><Time>2026-01-20T23:46:24Z</Time><HeartRateBpm><Value>88</Value></HeartRateBpm><Cadence>88</Cadence><Extensions><ns3:TPX><ns3:Speed>0.0</ns3:Speed></ns3:TPX></Extensions></Trackpoint><Trackpoint><Time>2026-01-20T23:46:27Z</Time><HeartRateBpm><Value>89</Value></HeartRateBpm><Cadence>88</Cadence><Extensions><ns3:TPX><ns3:Speed>0.0</ns3:Speed></ns3:TPX></Extensions></Trackpoint><Trackpoint><Time>2026-01-20T23:46:29Z</Time><HeartRateBpm><Value>90</Value></HeartRateBpm><Cadence>88</Cadence><Extensions><ns3:TPX><ns3:Speed>0.0</ns3:Speed></ns3:TPX></Extensions></Trackpoint><Trackpoint><Time>2026-01-20T23:46:30Z</Time><HeartRateBpm><Value>91</Value></HeartRateBpm><Cadence>88</Cadence><Extensions><ns3:TPX><ns3:Speed>0.0</ns3:Speed></ns3:TPX></Extensions></Trackpoint><Trackpoint><Time>2026-01-20T23:46:35Z</Time><HeartRateBpm><Value>91</Value></HeartRateBpm><Cadence>88</Cadence><Extensions><ns3:TPX><ns3:Speed>0.0</ns3:Speed></ns3:TPX></Extensions></Trackpoint><Trackpoint><Time>2026-01-20T23:46:38Z</Time><HeartRateBpm><Value>92</Value></HeartRateBpm><Cadence>88</Cadence><Extensions><ns3:TPX><ns3:Speed>0.0</ns3:Speed></ns3:TPX></Extensions></Trackpoint><Trackpoint><Time>2026-01-20T23:46:44Z</Time><HeartRateBpm><Value>94</Value></HeartRateBpm><Cadence>88</Cadence><Extensions><ns3:TPX><ns3:Speed>0.0</ns3:Speed></ns3:TPX></Extensions></Trackpoint><Trackpoint><Time>2026-01-20T23:46:46Z</Time><HeartRateBpm><Value>93</Value></HeartRateBpm><Cadence>88</Cadence><Extensions><ns3:TPX><ns3:Speed>0.0</ns3:Speed></ns3:TPX></Extensions></Trackpoint><Trackpoint><Time>2026-01-20T23:46:48Z</Time><HeartRateBpm><Value>92</Value></HeartRateBpm><Cadence>88</Cadence><Extensions><ns3:TPX><ns3:Speed>0.0</ns3:Speed></ns3:TPX></Extensions></Trackpoint></Track></Lap></Activity></Activities></TrainingCenterDatabase>