<?xml version="1.0" encoding="UTF-8"?><TrainingCenterDatabase xmlns="http://www.garmin.com/xmlschemas/TrainingCenterDatabase/v2" xmlns:ns2="http://www.garmin.com/xmlschemas/UserProfile/v2" xmlns:ns3="http://www.garmin.com/xmlschemas/ActivityExtension/v2" xmlns:ns5="http://www.garmin.com/xmlschemas/ActivityGoals/v1" xmlns:xsi="http://www.w3.org/2001/XMLSchema-instance" xsi:schemaLocation="http://www.garmin.com/xmlschemas/TrainingCenterDatabase/v2 http://www.garmin.com/xmlschemas/TrainingCenterDatabasev2.xsd"><Activities><Activity Sport="Walk"><Id>2026-01-27T21:41:46Z</Id><Creator><Name>Amazfit Bip U Pro</Name></Creator><Lap StartTime="2026-01-27T21:41:46Z"><Calories>194.0</Calories><DistanceMeters>2092.0</DistanceMeters><TotalTimeSeconds>1320</TotalTimeSeconds><AverageHeartRateBpm><Value>123</Value></AverageHeartRateBpm><Track><Trackpoint><Time>2026-01-27T21:41:46Z</Time></Trackpoint><Trackpoint><Time>2026-01-27T21:41:57Z</Time><Extensions><ns3:TPX><ns3:Speed>0.0</ns3:Speed></ns3:TPX></Extensions></Trackpoint><Trackpoint><Time>2026-01-27T21:42:02Z</Time><HeartRateBpm><Value>82</Value></HeartRateBpm><Extensions><ns3:TPX><ns3:Speed>0.0</ns3:Speed></ns3:TPX></Extensions></Trackpoint><Trackpoint><Time>2026-01-27T21:42:05Z</Time><Position><LatitudeDegrees>-8.04395833</LatitudeDegrees><LongitudeDegrees>-34.93988499</LongitudeDegrees></Position><HeartRateBpm><Value>82</Value></HeartRateBpm><Cadence>61</Cadence><Extensions><ns3:TPX><ns3:Speed>0.0</ns3:Speed></ns3:TPX></Extensions></Trackpoint><Trackpoint><Time>2026-01-27T21:42:06Z</Time><Position><LatitudeDegrees>-8.04395367</LatitudeDegrees><LongitudeDegrees>-34.93988499</LongitudeDegrees></Position><HeartRateBpm><Value>82</Value></HeartRateBpm><Cadence>61</Cadence><Extensions><ns3:TPX><ns3:Speed>0.0</ns3:Speed></ns3:TPX></Extensions></Trackpoint><Trackpoint><Time>2026-01-27T21:42:07Z</Time><Position><LatitudeDegrees>-8.04393434</LatitudeDegrees><LongitudeDegrees>-34.93989599</LongitudeDegrees></Position><HeartRateBpm><Value>82</Value></HeartRateBpm><Cadence>61</Cadence><Extensions><ns3:TPX><ns3:Speed>0.0</ns3:Speed></ns3:TPX></Extensions></Trackpoint><Trackpoint><Time>2026-01-27T21:42:08Z</Time><Position><LatitudeDegrees>-8.04391434</LatitudeDegrees><LongitudeDegrees>-34.93990132</LongitudeDegrees></Position><HeartRateBpm><Value>82</Value></HeartRateBpm><Cadence>61</Cadence><Extensions><ns3:TPX><ns3:Speed>0.0</ns3:Speed><ns3:Pace>3.52</ns3:Pace></ns3:TPX></Extensions></Trackpoint><Trackpoint><Time>2026-01-27T21:42:09Z</Time><Position><LatitudeDegrees>-8.04389269</LatitudeDegrees><LongitudeDegrees>-34.93990666</LongitudeDegrees></Position><HeartRateBpm><Value>84</Value></HeartRateBpm><Cadence>62</Cadence><Extensions><ns3:TPX><ns3:Speed>0.2800000011920929</ns3:Speed><ns3:Pace>1.76</ns3:Pace></ns3:TPX></Extensions></Trackpoint><Trackpoint><Time>2026-01-27T21:42:10Z</Time><Position><LatitudeDegrees>-8.04387502</LatitudeDegrees><LongitudeDegrees>-34.93991132</LongitudeDegrees></Position><HeartRateBpm><Value>84</Value></HeartRateBpm><Cadence>63</Cadence><Extensions><ns3:TPX><ns3:Speed>0.5600000023841858</ns3:Speed><ns3:Pace>1.29</ns3:Pace></ns3:TPX></Extensions></Trackpoint><Trackpoint><Time>2026-01-27T21:42:11Z</Time><Position><LatitudeDegrees>-8.04385969</LatitudeDegrees><LongitudeDegrees>-34.93991531</LongitudeDegrees></Position><HeartRateBpm><Value>84</Value></HeartRateBpm><Cadence>63</Cadence><Extensions><ns3:TPX><ns3:Speed>0.7599999904632568</ns3:Speed><ns3:Pace>0.91</ns3:Pace></ns3:TPX></Extensions></Trackpoint><Trackpoint><Time>2026-01-27T21:42:12Z</Time><Position><LatitudeDegrees>-8.04384835</LatitudeDegrees><LongitudeDegrees>-34.93991631</LongitudeDegrees></Position><HeartRateBpm><Value>84</Value></HeartRateBpm><Cadence>65</Cadence><Extensions><ns3:TPX><ns3:Speed>1.090000033378601</ns3:Speed><ns3:Pace>0.82</ns3:Pace></ns3:TPX></Extensions></Trackpoint><Trackpoint><Time>2026-01-27T21:42:13Z</Time><Position><LatitudeDegrees>-8.0438417</LatitudeDegrees><LongitudeDegrees>-34.93991366</LongitudeDegrees></Position><HeartRateBpm><Value>83</Value></HeartRateBpm><Cadence>65</Cadence><Extensions><ns3:TPX><ns3:Speed>1.2100000381469727</ns3:Speed><ns3:Pace>0.82</ns3:Pace></ns3:TPX></Extensions></Trackpoint><Trackpoint><Time>2026-01-27T21:42:14Z</Time><Position><LatitudeDegrees>-8.04384835</LatitudeDegrees><LongitudeDegrees>-34.93989766</LongitudeDegrees></Position><HeartRateBpm><Value>83</Value></HeartRateBpm><Cadence>65</Cadence><Extensions><ns3:TPX><ns3:Speed>1.2100000381469727</ns3:Speed><ns3:Pace>0.77</ns3:Pace></ns3:TPX></Extensions></Trackpoint><Trackpoint><Time>2026-01-27T21:42:15Z</Time><Position><LatitudeDegrees>-8.04385969</LatitudeDegrees><LongitudeDegrees>-34.93987366</LongitudeDegrees></Position><HeartRateBpm><Value>83</Value></HeartRateBpm><Cadence>64</Cadence><Extensions><ns3:TPX><ns3:Speed>1.2799999713897705</ns3:Speed><ns3:Pace>0.67</ns3:Pace></ns3:TPX></Extensions></Trackpoint><Trackpoint><Time>2026-01-27T21:42:16Z</Time><Position><LatitudeDegrees>-8.04387002</LatitudeDegrees><LongitudeDegrees>-34.93985233</LongitudeDegrees></Position><HeartRateBpm><Value>82</Value></HeartRateBpm><Cadence>64</Cadence><Extensions><ns3:TPX><ns3:Speed>1.4800000190734863</ns3:Speed><ns3:Pace>0.62</ns3:Pace></ns3:TPX></Extensions></Trackpoint><Trackpoint><Time>2026-01-27T21:42:17Z</Time><Position><LatitudeDegrees>-8.04387868</LatitudeDegrees><LongitudeDegrees>-34.93983567</LongitudeDegrees></Position><HeartRateBpm><Value>83</Value></HeartRateBpm><Cadence>64</Cadence><Extensions><ns3:TPX><ns3:Speed>1.590000033378601</ns3:Speed><ns3:Pace>0.67</ns3:Pace></ns3:TPX></Extensions></Trackpoint><Trackpoint><Time>2026-01-27T21:42:18Z</Time><Position><LatitudeDegrees>-8.04388667</LatitudeDegrees><LongitudeDegrees>-34.939819</LongitudeDegrees></Position><HeartRateBpm><Value>84</Value></HeartRateBpm><Cadence>64</Cadence><Extensions><ns3:TPX><ns3:Speed>1.4800000190734863</ns3:Speed><ns3:Pace>0.77</ns3:Pace></ns3:TPX></Extensions></Trackpoint><Trackpoint><Time>2026-01-27T21:42:19Z</Time><Position><LatitudeDegrees>-8.04389767</LatitudeDegrees><LongitudeDegrees>-34.93980168</LongitudeDegrees></Position><HeartRateBpm><Value>86</Value></HeartRateBpm><Cadence>64</Cadence><Extensions><ns3:TPX><ns3:Speed>1.2899999618530273</ns3:Speed><ns3:Pace>0.85</ns3:Pace></ns3:TPX></Extensions></Trackpoint><Trackpoint><Time>2026-01-27T21:42:20Z</Time><Position><LatitudeDegrees>-8.04390833</LatitudeDegrees><LongitudeDegrees>-34.93978702</LongitudeDegrees></Position><HeartRateBpm><Value>88</Value></HeartRateBpm><Cadence>64</Cadence><Extensions><ns3:TPX><ns3:Speed>1.159999966621399</ns3:Speed><ns3:Pace>0.85</ns3:Pace></ns3:TPX></Extensions></Trackpoint><Trackpoint><Time>2026-01-27T21:42:21Z</Time><Position><LatitudeDegrees>-8.04391899</LatitudeDegrees><LongitudeDegrees>-34.93977435</LongitudeDegrees></Position><HeartRateBpm><Value>88</Value></HeartRateBpm><Cadence>64</Cadence><Extensions><ns3:TPX><ns3:Speed>1.159999966621399</ns3:Speed><ns3:Pace>0.89</ns3:Pace></ns3:TPX></Extensions></Trackpoint><Trackpoint><Time>2026-01-27T21:42:22Z</Time><Position><LatitudeDegrees>-8.04392798</LatitudeDegrees><LongitudeDegrees>-34.93976335</LongitudeDegrees></Position><HeartRateBpm><Value>90</Value></HeartRateBpm><Cadence>64</Cadence><Extensions><ns3:TPX><ns3:Speed>1.1100000143051147</ns3:Speed><ns3:Pace>0.89</ns3:Pace></ns3:TPX></Extensions></Trackpoint><Trackpoint><Time>2026-01-27T21:42:23Z</Time><Position><LatitudeDegrees>-8.04393531</LatitudeDegrees><LongitudeDegrees>-34.93975403</LongitudeDegrees></Position><HeartRateBpm><Value>91</Value></HeartRateBpm><Cadence>64</Cadence><Extensions><ns3:TPX><ns3:Speed>1.1100000143051147</ns3:Speed><ns3:Pace>0.92</ns3:Pace></ns3:TPX></Extensions></Trackpoint><Trackpoint><Time>2026-01-27T21:42:24Z</Time><Position><LatitudeDegrees>-8.04393997</LatitudeDegrees><LongitudeDegrees>-34.9397457</LongitudeDegrees></Position><HeartRateBpm><Value>92</Value></HeartRateBpm><Cadence>64</Cadence><Extensions><ns3:TPX><ns3:Speed>1.0800000429153442</ns3:Speed><ns3:Pace>0.98</ns3:Pace></ns3:TPX></Extensions></Trackpoint><Trackpoint><Time>2026-01-27T21:42:25Z</Time><Position><LatitudeDegrees>-8.04394164</LatitudeDegrees><LongitudeDegrees>-34.9397357</LongitudeDegrees></Position><HeartRateBpm><Value>93</Value></HeartRateBpm><Cadence>64</Cadence><Extensions><ns3:TPX><ns3:Speed>1.0099999904632568</ns3:Speed><ns3:Pace>1.03</ns3:Pace></ns3:TPX></Extensions></Trackpoint><Trackpoint><Time>2026-01-27T21:42:26Z</Time><Position><LatitudeDegrees>-8.04393997</LatitudeDegrees><LongitudeDegrees>-34.93972436</LongitudeDegrees></Position><HeartRateBpm><Value>95</Value></HeartRateBpm><Cadence>64</Cadence><Extensions><ns3:TPX><ns3:Speed>0.9599999785423279</ns3:Speed><ns3:Pace>1.03</ns3:Pace></ns3:TPX></Extensions></Trackpoint><Trackpoint><Time>2026-01-27T21:42:27Z</Time><Position><LatitudeDegrees>-8.04393665</LatitudeDegrees><LongitudeDegrees>-34.93971137</LongitudeDegrees></Position><HeartRateBpm><Value>95</Value></HeartRateBpm><Cadence>64</Cadence><Extensions><ns3:TPX><ns3:Speed>0.9599999785423279</ns3:Speed><ns3:Pace>0.99</ns3:Pace></ns3:TPX></Extensions></Trackpoint><Trackpoint><Time>2026-01-27T21:42:28Z</Time><Position><LatitudeDegrees>-8.04393331</LatitudeDegrees><LongitudeDegrees>-34.93969571</LongitudeDegrees></Position><HeartRateBpm><Value>100</Value></HeartRateBpm><Cadence>64</Cadence><Extensions><ns3:TPX><ns3:Speed>1.0</ns3:Speed><ns3:Pace>0.94</ns3:Pace></ns3:TPX></Extensions></Trackpoint><Trackpoint><Time>2026-01-27T21:42:29Z</Time><Position><LatitudeDegrees>-8.04393099</LatitudeDegrees><LongitudeDegrees>-34.93967671</LongitudeDegrees></Position><HeartRateBpm><Value>101</Value></HeartRateBpm><Cadence>64</Cadence><Extensions><ns3:TPX><ns3:Speed>1.059999942779541</ns3:Speed><ns3:Pace>0.94</ns3:Pace></ns3:TPX></Extensions></Trackpoint><Trackpoint><Time>2026-01-27T21:42:30Z</Time><Position><LatitudeDegrees>-8.04392967</LatitudeDegrees><LongitudeDegrees>-34.93966072</LongitudeDegrees></Position><HeartRateBpm><Value>101</Value></HeartRateBpm><Cadence>64</Cadence><Extensions><ns3:TPX><ns3:Speed>1.059999942779541</ns3:Speed><ns3:Pace>0.84</ns3:Pace></ns3:TPX></Extensions></Trackpoint><Trackpoint><Time>2026-01-27T21:42:31Z</Time><Position><LatitudeDegrees>-8.04392533</LatitudeDegrees><LongitudeDegrees>-34.93964305</LongitudeDegrees></Position><HeartRateBpm><Value>101</Value></HeartRateBpm><Cadence>64</Cadence><Extensions><ns3:TPX><ns3:Speed>1.1799999475479126</ns3:Speed><ns3:Pace>0.71</ns3:Pace></ns3:TPX></Extensions></Trackpoint><Trackpoint><Time>2026-01-27T21:42:32Z</Time><Position><LatitudeDegrees>-8.04391867</LatitudeDegrees><LongitudeDegrees>-34.93962339</LongitudeDegrees></Position><HeartRateBpm><Value>102</Value></HeartRateBpm><Cadence>64</Cadence><Extensions><ns3:TPX><ns3:Speed>1.3899999856948853</ns3:Speed><ns3:Pace>0.71</ns3:Pace></ns3:TPX></Extensions></Trackpoint><Trackpoint><Time>2026-01-27T21:42:33Z</Time><Position><LatitudeDegrees>-8.04391068</LatitudeDegrees><LongitudeDegrees>-34.93960306</LongitudeDegrees></Position><HeartRateBpm><Value>102</Value></HeartRateBpm><Cadence>64</Cadence><Extensions><ns3:TPX><ns3:Speed>1.3899999856948853</ns3:Speed><ns3:Pace>0.66</ns3:Pace></ns3:TPX></Extensions></Trackpoint><Trackpoint><Time>2026-01-27T21:42:34Z</Time><Position><LatitudeDegrees>-8.04390002</LatitudeDegrees><LongitudeDegrees>-34.93958474</LongitudeDegrees></Position><HeartRateBpm><Value>101</Value></HeartRateBpm><Cadence>64</Cadence><Extensions><ns3:TPX><ns3:Speed>1.5</ns3:Speed><ns3:Pace>0.63</ns3:Pace></ns3:TPX></Extensions></Trackpoint><Trackpoint><Time>2026-01-27T21:42:35Z</Time><Position><LatitudeDegrees>-8.04389035</LatitudeDegrees><LongitudeDegrees>-34.93957041</LongitudeDegrees></Position><HeartRateBpm><Value>101</Value></HeartRateBpm><Cadence>64</Cadence><Extensions><ns3:TPX><ns3:Speed>1.559999942779541</ns3:Speed><ns3:Pace>0.6</ns3:Pace></ns3:TPX></Extensions></Trackpoint><Trackpoint><Time>2026-01-27T21:42:36Z</Time><Position><LatitudeDegrees>-8.04388135</LatitudeDegrees><LongitudeDegrees>-34.93956008</LongitudeDegrees></Position><HeartRateBpm><Value>101</Value></HeartRateBpm><Cadence>64</Cadence><Extensions><ns3:TPX><ns3:Speed>1.6399999856948853</ns3:Speed><ns3:Pace>0.59</ns3:Pace></ns3:TPX></Extensions></Trackpoint><Trackpoint><Time>2026-01-27T21:42:38Z</Time><Position><LatitudeDegrees>-8.04386003</LatitudeDegrees><LongitudeDegrees>-34.93953508</LongitudeDegrees></Position><HeartRateBpm><Value>101</Value></HeartRateBpm><Cadence>64</Cadence><Extensions><ns3:TPX><ns3:Speed>1.690000057220459</ns3:Speed><ns3:Pace>0.59</ns3:Pace></ns3:TPX></Extensions></Trackpoint><Trackpoint><Time>2026-01-27T21:42:39Z</Time><Position><LatitudeDegrees>-8.04385837</LatitudeDegrees><LongitudeDegrees>-34.93953241</LongitudeDegrees></Position><HeartRateBpm><Value>101</Value></HeartRateBpm><Cadence>64</Cadence><Extensions><ns3:TPX><ns3:Speed>1.690000057220459</ns3:Speed><ns3:Pace>0.61</ns3:Pace></ns3:TPX></Extensions></Trackpoint><Trackpoint><Time>2026-01-27T21:42:40Z</Time><Position><LatitudeDegrees>-8.04385337</LatitudeDegrees><LongitudeDegrees>-34.93952876</LongitudeDegrees></Position><HeartRateBpm><Value>97</Value></HeartRateBpm><Cadence>64</Cadence><Extensions><ns3:TPX><ns3:Speed>1.6100000143051147</ns3:Speed><ns3:Pace>0.64</ns3:Pace></ns3:TPX></Extensions></Trackpoint><Trackpoint><Time>2026-01-27T21:42:41Z</Time><Position><LatitudeDegrees>-8.04384672</LatitudeDegrees><LongitudeDegrees>-34.93952442</LongitudeDegrees></Position><HeartRateBpm><Value>97</Value></HeartRateBpm><Cadence>64</Cadence><Extensions><ns3:TPX><ns3:Speed>1.5499999523162842</ns3:Speed><ns3:Pace>0.68</ns3:Pace></ns3:TPX></Extensions></Trackpoint><Trackpoint><Time>2026-01-27T21:42:42Z</Time><Position><LatitudeDegrees>-8.04383905</LatitudeDegrees><LongitudeDegrees>-34.93952043</LongitudeDegrees></Position><HeartRateBpm><Value>92</Value></HeartRateBpm><Cadence>64</Cadence><Extensions><ns3:TPX><ns3:Speed>1.4700000286102295</ns3:Speed><ns3:Pace>0.75</ns3:Pace></ns3:TPX></Extensions></Trackpoint><Trackpoint><Time>2026-01-27T21:42:43Z</Time><Position><LatitudeDegrees>-8.04383239</LatitudeDegrees><LongitudeDegrees>-34.93951744</LongitudeDegrees></Position><HeartRateBpm><Value>91</Value></HeartRateBpm><Cadence>64</Cadence><Extensions><ns3:TPX><ns3:Speed>1.3200000524520874</ns3:Speed><ns3:Pace>0.8</ns3:Pace></ns3:TPX></Extensions></Trackpoint><Trackpoint><Time>2026-01-27T21:42:44Z</Time><Position><LatitudeDegrees>-8.04382439</LatitudeDegrees><LongitudeDegrees>-34.93951445</LongitudeDegrees></Position><HeartRateBpm><Value>91</Value></HeartRateBpm><Cadence>64</Cadence><Extensions><ns3:TPX><ns3:Speed>1.2300000190734863</ns3:Speed><ns3:Pace>0.8</ns3:Pace></ns3:TPX></Extensions></Trackpoint><Trackpoint><Time>2026-01-27T21:42:45Z</Time><Position><LatitudeDegrees>-8.04381606</LatitudeDegrees><LongitudeDegrees>-34.93951146</LongitudeDegrees></Position><HeartRateBpm><Value>91</Value></HeartRateBpm><Cadence>64</Cadence><Extensions><ns3:TPX><ns3:Speed>1.2300000190734863</ns3:Speed><ns3:Pace>0.84</ns3:Pace></ns3:TPX></Extensions></Trackpoint><Trackpoint><Time>2026-01-27T21:42:46Z</Time><Position><LatitudeDegrees>-8.04380573</LatitudeDegrees><LongitudeDegrees>-34.9395078</LongitudeDegrees></Position><HeartRateBpm><Value>91</Value></HeartRateBpm><Cadence>64</Cadence><Extensions><ns3:TPX><ns3:Speed>1.190000057220459</ns3:Speed><ns3:Pace>0.85</ns3:Pace></ns3:TPX></Extensions></Trackpoint><Trackpoint><Time>2026-01-27T21:42:47Z</Time><Position><LatitudeDegrees>-8.04379407</LatitudeDegrees><LongitudeDegrees>-34.93950347</LongitudeDegrees></Position><HeartRateBpm><Value>91</Value></HeartRateBpm><Cadence>64</Cadence><Extensions><ns3:TPX><ns3:Speed>1.1699999570846558</ns3:Speed><ns3:Pace>0.85</ns3:Pace></ns3:TPX></Extensions></Trackpoint><Trackpoint><Time>2026-01-27T21:42:48Z</Time><Position><LatitudeDegrees>-8.04378075</LatitudeDegrees><LongitudeDegrees>-34.93949947</LongitudeDegrees></Position><HeartRateBpm><Value>91</Value></HeartRateBpm><Cadence>64</Cadence><Extensions><ns3:TPX><ns3:Speed>1.1699999570846558</ns3:Speed><ns3:Pace>0.84</ns3:Pace></ns3:TPX></Extensions></Trackpoint><Trackpoint><Time>2026-01-27T21:42:49Z</Time><Position><LatitudeDegrees>-8.04376741</LatitudeDegrees><LongitudeDegrees>-34.93949548</LongitudeDegrees></Position><HeartRateBpm><Value>90</Value></HeartRateBpm><Cadence>64</Cadence><Extensions><ns3:TPX><ns3:Speed>1.190000057220459</ns3:Speed><ns3:Pace>0.81</ns3:Pace></ns3:TPX></Extensions></Trackpoint><Trackpoint><Time>2026-01-27T21:42:50Z</Time><Position><LatitudeDegrees>-8.04375442</LatitudeDegrees><LongitudeDegrees>-34.93949048</LongitudeDegrees></Position><HeartRateBpm><Value>89</Value></HeartRateBpm><Cadence>64</Cadence><Extensions><ns3:TPX><ns3:Speed>1.2200000286102295</ns3:Speed><ns3:Pace>0.81</ns3:Pace></ns3:TPX></Extensions></Trackpoint><Trackpoint><Time>2026-01-27T21:42:51Z</Time><Position><LatitudeDegrees>-8.04374209</LatitudeDegrees><LongitudeDegrees>-34.93948515</LongitudeDegrees></Position><HeartRateBpm><Value>89</Value></HeartRateBpm><Cadence>64</Cadence><Extensions><ns3:TPX><ns3:Speed>1.2200000286102295</ns3:Speed><ns3:Pace>0.75</ns3:Pace></ns3:TPX></Extensions></Trackpoint><Trackpoint><Time>2026-01-27T21:42:52Z</Time><Position><LatitudeDegrees>-8.04373109</LatitudeDegrees><LongitudeDegrees>-34.93947916</LongitudeDegrees></Position><HeartRateBpm><Value>89</Value></HeartRateBpm><Cadence>64</Cadence><Extensions><ns3:TPX><ns3:Speed>1.3200000524520874</ns3:Speed><ns3:Pace>0.7</ns3:Pace></ns3:TPX></Extensions></Trackpoint><Trackpoint><Time>2026-01-27T21:42:53Z</Time><Position><LatitudeDegrees>-8.0437201</LatitudeDegrees><LongitudeDegrees>-34.93947349</LongitudeDegrees></Position><HeartRateBpm><Value>88</Value></HeartRateBpm><Cadence>63</Cadence><Extensions><ns3:TPX><ns3:Speed>1.409999966621399</ns3:Speed><ns3:Pace>0.7</ns3:Pace></ns3:TPX></Extensions></Trackpoint><Trackpoint><Time>2026-01-27T21:42:54Z</Time><Position><LatitudeDegrees>-8.04370977</LatitudeDegrees><LongitudeDegrees>-34.93946917</LongitudeDegrees></Position><HeartRateBpm><Value>88</Value></HeartRateBpm><Cadence>65</Cadence><Extensions><ns3:TPX><ns3:Speed>1.4199999570846558</ns3:Speed><ns3:Pace>0.7</ns3:Pace></ns3:TPX></Extensions></Trackpoint><Trackpoint><Time>2026-01-27T21:42:55Z</Time><Position><LatitudeDegrees>-8.04369877</LatitudeDegrees><LongitudeDegrees>-34.9394645</LongitudeDegrees></Position><HeartRateBpm><Value>88</Value></HeartRateBpm><Cadence>63</Cadence><Extensions><ns3:TPX><ns3:Speed>1.4199999570846558</ns3:Speed><ns3:Pace>0.7</ns3:Pace></ns3:TPX></Extensions></Trackpoint><Trackpoint><Time>2026-01-27T21:42:56Z</Time><Position><LatitudeDegrees>-8.04368778</LatitudeDegrees><LongitudeDegrees>-34.93946085</LongitudeDegrees></Position><HeartRateBpm><Value>91</Value></HeartRateBpm><Cadence>67</Cadence><Extensions><ns3:TPX><ns3:Speed>1.4199999570846558</ns3:Speed><ns3:Pace>0.7</ns3:Pace></ns3:TPX></Extensions></Trackpoint><Trackpoint><Time>2026-01-27T21:42:57Z</Time><Position><LatitudeDegrees>-8.04367579</LatitudeDegrees><LongitudeDegrees>-34.93945851</LongitudeDegrees></Position><HeartRateBpm><Value>91</Value></HeartRateBpm><Cadence>67</Cadence><Extensions><ns3:TPX><ns3:Speed>1.4199999570846558</ns3:Speed><ns3:Pace>0.71</ns3:Pace></ns3:TPX></Extensions></Trackpoint><Trackpoint><Time>2026-01-27T21:42:58Z</Time><Position><LatitudeDegrees>-8.04366412</LatitudeDegrees><LongitudeDegrees>-34.93945618</LongitudeDegrees></Position><HeartRateBpm><Value>91</Value></HeartRateBpm><Cadence>68</Cadence><Extensions><ns3:TPX><ns3:Speed>1.399999976158142</ns3:Speed><ns3:Pace>0.72</ns3:Pace></ns3:TPX></Extensions></Trackpoint><Trackpoint><Time>2026-01-27T21:42:59Z</Time><Position><LatitudeDegrees>-8.04365246</LatitudeDegrees><LongitudeDegrees>-34.93945418</LongitudeDegrees></Position><HeartRateBpm><Value>90</Value></HeartRateBpm><Cadence>68</Cadence><Extensions><ns3:TPX><ns3:Speed>1.3799999952316284</ns3:Speed><ns3:Pace>0.72</ns3:Pace></ns3:TPX></Extensions></Trackpoint><Trackpoint><Time>2026-01-27T21:43:00Z</Time><Position><LatitudeDegrees>-8.0436408</LatitudeDegrees><LongitudeDegrees>-34.93945119</LongitudeDegrees></Position><HeartRateBpm><Value>90</Value></HeartRateBpm><Cadence>68</Cadence><Extensions><ns3:TPX><ns3:Speed>1.3799999952316284</ns3:Speed><ns3:Pace>0.72</ns3:Pace></ns3:TPX></Extensions></Trackpoint><Trackpoint><Time>2026-01-27T21:43:01Z</Time><Position><LatitudeDegrees>-8.04362881</LatitudeDegrees><LongitudeDegrees>-34.93944687</LongitudeDegrees></Position><HeartRateBpm><Value>90</Value></HeartRateBpm><Cadence>68</Cadence><Extensions><ns3:TPX><ns3:Speed>1.3799999952316284</ns3:Speed><ns3:Pace>0.72</ns3:Pace></ns3:TPX></Extensions></Trackpoint><Trackpoint><Time>2026-01-27T21:43:02Z</Time><Position><LatitudeDegrees>-8.04361714</LatitudeDegrees><LongitudeDegrees>-34.93944253</LongitudeDegrees></Position><HeartRateBpm><Value>89</Value></HeartRateBpm><Cadence>68</Cadence><Extensions><ns3:TPX><ns3:Speed>1.3799999952316284</ns3:Speed><ns3:Pace>0.72</ns3:Pace></ns3:TPX></Extensions></Trackpoint><Trackpoint><Time>2026-01-27T21:43:03Z</Time><Position><LatitudeDegrees>-8.04360682</LatitudeDegrees><LongitudeDegrees>-34.9394402</LongitudeDegrees></Position><HeartRateBpm><Value>89</Value></HeartRateBpm><Cadence>68</Cadence><Extensions><ns3:TPX><ns3:Speed>1.3799999952316284</ns3:Speed><ns3:Pace>0.72</ns3:Pace></ns3:TPX></Extensions></Trackpoint><Trackpoint><Time>2026-01-27T21:43:04Z</Time><Position><LatitudeDegrees>-8.04359582</LatitudeDegrees><LongitudeDegrees>-34.93943888</LongitudeDegrees></Position><HeartRateBpm><Value>89</Value></HeartRateBpm><Cadence>68</Cadence><Extensions><ns3:TPX><ns3:Speed>1.3799999952316284</ns3:Speed><ns3:Pace>0.72</ns3:Pace></ns3:TPX></Extensions></Trackpoint><Trackpoint><Time>2026-01-27T21:43:05Z</Time><Position><LatitudeDegrees>-8.04358415</LatitudeDegrees><LongitudeDegrees>-34.93943721</LongitudeDegrees></Position><HeartRateBpm><Value>88</Value></HeartRateBpm><Cadence>68</Cadence><Extensions><ns3:TPX><ns3:Speed>1.3799999952316284</ns3:Speed><ns3:Pace>0.72</ns3:Pace></ns3:TPX></Extensions></Trackpoint><Trackpoint><Time>2026-01-27T21:43:06Z</Time><Position><LatitudeDegrees>-8.04357216</LatitudeDegrees><LongitudeDegrees>-34.93943488</LongitudeDegrees></Position><HeartRateBpm><Value>87</Value></HeartRateBpm><Cadence>68</Cadence><Extensions><ns3:TPX><ns3:Speed>1.3700000047683716</ns3:Speed><ns3:Pace>0.72</ns3:Pace></ns3:TPX></Extensions></Trackpoint><Trackpoint><Time>2026-01-27T21:43:07Z</Time><Position><LatitudeDegrees>-8.04356184</LatitudeDegrees><LongitudeDegrees>-34.93943221</LongitudeDegrees></Position><HeartRateBpm><Value>86</Value></HeartRateBpm><Cadence>68</Cadence><Extensions><ns3:TPX><ns3:Speed>1.3700000047683716</ns3:Speed><ns3:Pace>0.72</ns3:Pace></ns3:TPX></Extensions></Trackpoint><Trackpoint><Time>2026-01-27T21:43:08Z</Time><Position><LatitudeDegrees>-8.04355084</LatitudeDegrees><LongitudeDegrees>-34.93942989</LongitudeDegrees></Position><HeartRateBpm><Value>86</Value></HeartRateBpm><Cadence>68</Cadence><Extensions><ns3:TPX><ns3:Speed>1.3700000047683716</ns3:Speed><ns3:Pace>0.72</ns3:Pace></ns3:TPX></Extensions></Trackpoint><Trackpoint><Time>2026-01-27T21:43:09Z</Time><Position><LatitudeDegrees>-8.0435395</LatitudeDegrees><LongitudeDegrees>-34.93942656</LongitudeDegrees></Position><HeartRateBpm><Value>86</Value></HeartRateBpm><Cadence>68</Cadence><Extensions><ns3:TPX><ns3:Speed>1.3700000047683716</ns3:Speed><ns3:Pace>0.72</ns3:Pace></ns3:TPX></Extensions></Trackpoint><Trackpoint><Time>2026-01-27T21:43:10Z</Time><Position><LatitudeDegrees>-8.04352951</LatitudeDegrees><LongitudeDegrees>-34.9394249</LongitudeDegrees></Position><HeartRateBpm><Value>85</Value></HeartRateBpm><Cadence>68</Cadence><Extensions><ns3:TPX><ns3:Speed>1.3799999952316284</ns3:Speed><ns3:Pace>0.72</ns3:Pace></ns3:TPX></Extensions></Trackpoint><Trackpoint><Time>2026-01-27T21:43:11Z</Time><Position><LatitudeDegrees>-8.04351851</LatitudeDegrees><LongitudeDegrees>-34.93942356</LongitudeDegrees></Position><HeartRateBpm><Value>85</Value></HeartRateBpm><Cadence>68</Cadence><Extensions><ns3:TPX><ns3:Speed>1.3700000047683716</ns3:Speed><ns3:Pace>0.73</ns3:Pace></ns3:TPX></Extensions></Trackpoint><Trackpoint><Time>2026-01-27T21:43:12Z</Time><Position><LatitudeDegrees>-8.04350719</LatitudeDegrees><LongitudeDegrees>-34.93942057</LongitudeDegrees></Position><HeartRateBpm><Value>86</Value></HeartRateBpm><Cadence>68</Cadence><Extensions><ns3:TPX><ns3:Speed>1.3600000143051147</ns3:Speed><ns3:Pace>0.72</ns3:Pace></ns3:TPX></Extensions></Trackpoint><Trackpoint><Time>2026-01-27T21:43:13Z</Time><Position><LatitudeDegrees>-8.04349486</LatitudeDegrees><LongitudeDegrees>-34.93941892</LongitudeDegrees></Position><HeartRateBpm><Value>87</Value></HeartRateBpm><Cadence>68</Cadence><Extensions><ns3:TPX><ns3:Speed>1.3700000047683716</ns3:Speed><ns3:Pace>0.72</ns3:Pace></ns3:TPX></Extensions></Trackpoint><Trackpoint><Time>2026-01-27T21:43:14Z</Time><Position><LatitudeDegrees>-8.04348253</LatitudeDegrees><LongitudeDegrees>-34.93941692</LongitudeDegrees></Position><HeartRateBpm><Value>87</Value></HeartRateBpm><Cadence>32</Cadence><Extensions><ns3:TPX><ns3:Speed>1.3799999952316284</ns3:Speed><ns3:Pace>0.72</ns3:Pace></ns3:TPX></Extensions></Trackpoint><Trackpoint><Time>2026-01-27T21:43:15Z</Time><Position><LatitudeDegrees>-8.0434702</LatitudeDegrees><LongitudeDegrees>-34.93941659</LongitudeDegrees></Position><HeartRateBpm><Value>87</Value></HeartRateBpm><Cadence>32</Cadence><Extensions><ns3:TPX><ns3:Speed>1.3799999952316284</ns3:Speed><ns3:Pace>0.72</ns3:Pace></ns3:TPX></Extensions></Trackpoint><Trackpoint><Time>2026-01-27T21:43:16Z</Time><Position><LatitudeDegrees>-8.04345688</LatitudeDegrees><LongitudeDegrees>-34.93941594</LongitudeDegrees></Position><HeartRateBpm><Value>86</Value></HeartRateBpm><Cadence>32</Cadence><Extensions><ns3:TPX><ns3:Speed>1.3799999952316284</ns3:Speed><ns3:Pace>0.71</ns3:Pace></ns3:TPX></Extensions></Trackpoint><Trackpoint><Time>2026-01-27T21:43:17Z</Time><Position><LatitudeDegrees>-8.04344322</LatitudeDegrees><LongitudeDegrees>-34.93941394</LongitudeDegrees></Position><HeartRateBpm><Value>88</Value></HeartRateBpm><Cadence>32</Cadence><Extensions><ns3:TPX><ns3:Speed>1.3899999856948853</ns3:Speed><ns3:Pace>0.71</ns3:Pace></ns3:TPX></Extensions></Trackpoint><Trackpoint><Time>2026-01-27T21:43:18Z</Time><Position><LatitudeDegrees>-8.04342756</LatitudeDegrees><LongitudeDegrees>-34.93941227</LongitudeDegrees></Position><HeartRateBpm><Value>89</Value></HeartRateBpm><Cadence>32</Cadence><Extensions><ns3:TPX><ns3:Speed>1.3899999856948853</ns3:Speed><ns3:Pace>0.71</ns3:Pace></ns3:TPX></Extensions></Trackpoint><Trackpoint><Time>2026-01-27T21:43:19Z</Time><Position><LatitudeDegrees>-8.04340924</LatitudeDegrees><LongitudeDegrees>-34.93940828</LongitudeDegrees></Position><HeartRateBpm><Value>89</Value></HeartRateBpm><Cadence>32</Cadence><Extensions><ns3:TPX><ns3:Speed>1.399999976158142</ns3:Speed><ns3:Pace>0.71</ns3:Pace></ns3:TPX></Extensions></Trackpoint><Trackpoint><Time>2026-01-27T21:43:20Z</Time><Position><LatitudeDegrees>-8.04338991</LatitudeDegrees><LongitudeDegrees>-34.93940328</LongitudeDegrees></Position><HeartRateBpm><Value>89</Value></HeartRateBpm><Cadence>32</Cadence><Extensions><ns3:TPX><ns3:Speed>1.399999976158142</ns3:Speed><ns3:Pace>0.71</ns3:Pace></ns3:TPX></Extensions></Trackpoint><Trackpoint><Time>2026-01-27T21:43:21Z</Time><Position><LatitudeDegrees>-8.04337192</LatitudeDegrees><LongitudeDegrees>-34.93939862</LongitudeDegrees></Position><HeartRateBpm><Value>89</Value></HeartRateBpm><Cadence>32</Cadence><Extensions><ns3:TPX><ns3:Speed>1.399999976158142</ns3:Speed><ns3:Pace>0.71</ns3:Pace></ns3:TPX></Extensions></Trackpoint><Trackpoint><Time>2026-01-27T21:43:22Z</Time><Position><LatitudeDegrees>-8.04335592</LatitudeDegrees><LongitudeDegrees>-34.93939462</LongitudeDegrees></Position><HeartRateBpm><Value>89</Value></HeartRateBpm><Cadence>33</Cadence><Extensions><ns3:TPX><ns3:Speed>1.399999976158142</ns3:Speed><ns3:Pace>0.7</ns3:Pace></ns3:TPX></Extensions></Trackpoint><Trackpoint><Time>2026-01-27T21:43:23Z</Time><Position><LatitudeDegrees>-8.04334192</LatitudeDegrees><LongitudeDegrees>-34.93938996</LongitudeDegrees></Position><HeartRateBpm><Value>89</Value></HeartRateBpm><Cadence>33</Cadence><Extensions><ns3:TPX><ns3:Speed>1.409999966621399</ns3:Speed><ns3:Pace>0.69</ns3:Pace></ns3:TPX></Extensions></Trackpoint><Trackpoint><Time>2026-01-27T21:43:24Z</Time><Position><LatitudeDegrees>-8.04332925</LatitudeDegrees><LongitudeDegrees>-34.93938463</LongitudeDegrees></Position><HeartRateBpm><Value>88</Value></HeartRateBpm><Cadence>33</Cadence><Extensions><ns3:TPX><ns3:Speed>1.4299999475479126</ns3:Speed><ns3:Pace>0.69</ns3:Pace></ns3:TPX></Extensions></Trackpoint><Trackpoint><Time>2026-01-27T21:43:25Z</Time><Position><LatitudeDegrees>-8.04331658</LatitudeDegrees><LongitudeDegrees>-34.93937863</LongitudeDegrees></Position><HeartRateBpm><Value>87</Value></HeartRateBpm><Cadence>32</Cadence><Extensions><ns3:TPX><ns3:Speed>1.440000057220459</ns3:Speed><ns3:Pace>0.68</ns3:Pace></ns3:TPX></Extensions></Trackpoint><Trackpoint><Time>2026-01-27T21:43:26Z</Time><Position><LatitudeDegrees>-8.04330459</LatitudeDegrees><LongitudeDegrees>-34.93937364</LongitudeDegrees></Position><HeartRateBpm><Value>86</Value></HeartRateBpm><Cadence>33</Cadence><Extensions><ns3:TPX><ns3:Speed>1.4500000476837158</ns3:Speed><ns3:Pace>0.68</ns3:Pace></ns3:TPX></Extensions></Trackpoint><Trackpoint><Time>2026-01-27T21:43:27Z</Time><Position><LatitudeDegrees>-8.04329226</LatitudeDegrees><LongitudeDegrees>-34.93937264</LongitudeDegrees></Position><HeartRateBpm><Value>86</Value></HeartRateBpm><Cadence>33</Cadence><Extensions><ns3:TPX><ns3:Speed>1.4500000476837158</ns3:Speed><ns3:Pace>0.68</ns3:Pace></ns3:TPX></Extensions></Trackpoint><Trackpoint><Time>2026-01-27T21:43:28Z</Time><Position><LatitudeDegrees>-8.04327894</LatitudeDegrees><LongitudeDegrees>-34.93937132</LongitudeDegrees></Position><HeartRateBpm><Value>86</Value></HeartRateBpm><Cadence>33</Cadence><Extensions><ns3:TPX><ns3:Speed>1.4500000476837158</ns3:Speed><ns3:Pace>0.68</ns3:Pace></ns3:TPX></Extensions></Trackpoint><Trackpoint><Time>2026-01-27T21:43:29Z</Time><Position><LatitudeDegrees>-8.04326561</LatitudeDegrees><LongitudeDegrees>-34.93937032</LongitudeDegrees></Position><HeartRateBpm><Value>87</Value></HeartRateBpm><Cadence>33</Cadence><Extensions><ns3:TPX><ns3:Speed>1.4600000381469727</ns3:Speed><ns3:Pace>0.68</ns3:Pace></ns3:TPX></Extensions></Trackpoint><Trackpoint><Time>2026-01-27T21:43:30Z</Time><Position><LatitudeDegrees>-8.04325229</LatitudeDegrees><LongitudeDegrees>-34.93936866</LongitudeDegrees></Position><HeartRateBpm><Value>89</Value></HeartRateBpm><Cadence>33</Cadence><Extensions><ns3:TPX><ns3:Speed>1.4600000381469727</ns3:Speed><ns3:Pace>0.68</ns3:Pace></ns3:TPX></Extensions></Trackpoint><Trackpoint><Time>2026-01-27T21:43:31Z</Time><Position><LatitudeDegrees>-8.04323896</LatitudeDegrees><LongitudeDegrees>-34.93936534</LongitudeDegrees></Position><HeartRateBpm><Value>90</Value></HeartRateBpm><Cadence>33</Cadence><Extensions><ns3:TPX><ns3:Speed>1.4600000381469727</ns3:Speed><ns3:Pace>0.68</ns3:Pace></ns3:TPX></Extensions></Trackpoint><Trackpoint><Time>2026-01-27T21:43:32Z</Time><Position><LatitudeDegrees>-8.0432253</LatitudeDegrees><LongitudeDegrees>-34.93936134</LongitudeDegrees></Position><HeartRateBpm><Value>89</Value></HeartRateBpm><Cadence>33</Cadence><Extensions><ns3:TPX><ns3:Speed>1.4600000381469727</ns3:Speed><ns3:Pace>0.68</ns3:Pace></ns3:TPX></Extensions></Trackpoint><Trackpoint><Time>2026-01-27T21:43:33Z</Time><Position><LatitudeDegrees>-8.04320997</LatitudeDegrees><LongitudeDegrees>-34.93935768</LongitudeDegrees></Position><HeartRateBpm><Value>89</Value></HeartRateBpm><Cadence>33</Cadence><Extensions><ns3:TPX><ns3:Speed>1.4600000381469727</ns3:Speed><ns3:Pace>0.68</ns3:Pace></ns3:TPX></Extensions></Trackpoint><Trackpoint><Time>2026-01-27T21:43:34Z</Time><Position><LatitudeDegrees>-8.04319464</LatitudeDegrees><LongitudeDegrees>-34.93935469</LongitudeDegrees></Position><HeartRateBpm><Value>90</Value></HeartRateBpm><Cadence>33</Cadence><Extensions><ns3:TPX><ns3:Speed>1.4600000381469727</ns3:Speed><ns3:Pace>0.68</ns3:Pace></ns3:TPX></Extensions></Trackpoint><Trackpoint><Time>2026-01-27T21:43:35Z</Time><Position><LatitudeDegrees>-8.04317798</LatitudeDegrees><LongitudeDegrees>-34.93934904</LongitudeDegrees></Position><HeartRateBpm><Value>90</Value></HeartRateBpm><Cadence>33</Cadence><Extensions><ns3:TPX><ns3:Speed>1.4600000381469727</ns3:Speed><ns3:Pace>0.68</ns3:Pace></ns3:TPX></Extensions></Trackpoint><Trackpoint><Time>2026-01-27T21:43:36Z</Time><Position><LatitudeDegrees>-8.04316099</LatitudeDegrees><LongitudeDegrees>-34.93934271</LongitudeDegrees></Position><HeartRateBpm><Value>90</Value></HeartRateBpm><Cadence>33</Cadence><Extensions><ns3:TPX><ns3:Speed>1.4600000381469727</ns3:Speed><ns3:Pace>0.68</ns3:Pace></ns3:TPX></Extensions></Trackpoint><Trackpoint><Time>2026-01-27T21:43:37Z</Time><Position><LatitudeDegrees>-8.04314499</LatitudeDegrees><LongitudeDegrees>-34.93933638</LongitudeDegrees></Position><HeartRateBpm><Value>90</Value></HeartRateBpm><Cadence>33</Cadence><Extensions><ns3:TPX><ns3:Speed>1.4600000381469727</ns3:Speed><ns3:Pace>0.68</ns3:Pace></ns3:TPX></Extensions></Trackpoint><Trackpoint><Time>2026-01-27T21:43:38Z</Time><Position><LatitudeDegrees>-8.04312865</LatitudeDegrees><LongitudeDegrees>-34.93933071</LongitudeDegrees></Position><HeartRateBpm><Value>90</Value></HeartRateBpm><Cadence>33</Cadence><Extensions><ns3:TPX><ns3:Speed>1.4600000381469727</ns3:Speed><ns3:Pace>0.68</ns3:Pace></ns3:TPX></Extensions></Trackpoint><Trackpoint><Time>2026-01-27T21:43:39Z</Time><Position><LatitudeDegrees>-8.04311265</LatitudeDegrees><LongitudeDegrees>-34.93932672</LongitudeDegrees></Position><HeartRateBpm><Value>90</Value></HeartRateBpm><Cadence>33</Cadence><Extensions><ns3:TPX><ns3:Speed>1.4600000381469727</ns3:Speed><ns3:Pace>0.67</ns3:Pace></ns3:TPX></Extensions></Trackpoint><Trackpoint><Time>2026-01-27T21:43:40Z</Time><Position><LatitudeDegrees>-8.04309766</LatitudeDegrees><LongitudeDegrees>-34.9393234</LongitudeDegrees></Position><HeartRateBpm><Value>90</Value></HeartRateBpm><Cadence>33</Cadence><Extensions><ns3:TPX><ns3:Speed>1.4700000286102295</ns3:Speed><ns3:Pace>0.67</ns3:Pace></ns3:TPX></Extensions></Trackpoint><Trackpoint><Time>2026-01-27T21:43:41Z</Time><Position><LatitudeDegrees>-8.04308033</LatitudeDegrees><LongitudeDegrees>-34.93931973</LongitudeDegrees></Position><HeartRateBpm><Value>91</Value></HeartRateBpm><Cadence>33</Cadence><Extensions><ns3:TPX><ns3:Speed>1.4700000286102295</ns3:Speed><ns3:Pace>0.67</ns3:Pace></ns3:TPX></Extensions></Trackpoint><Trackpoint><Time>2026-01-27T21:43:42Z</Time><Position><LatitudeDegrees>-8.043063</LatitudeDegrees><LongitudeDegrees>-34.93931808</LongitudeDegrees></Position><HeartRateBpm><Value>91</Value></HeartRateBpm><Cadence>33</Cadence><Extensions><ns3:TPX><ns3:Speed>1.4800000190734863</ns3:Speed><ns3:Pace>0.66</ns3:Pace></ns3:TPX></Extensions></Trackpoint><Trackpoint><Time>2026-01-27T21:43:43Z</Time><Position><LatitudeDegrees>-8.04304666</LatitudeDegrees><LongitudeDegrees>-34.93931742</LongitudeDegrees></Position><HeartRateBpm><Value>91</Value></HeartRateBpm><Cadence>33</Cadence><Extensions><ns3:TPX><ns3:Speed>1.4900000095367432</ns3:Speed><ns3:Pace>0.66</ns3:Pace></ns3:TPX></Extensions></Trackpoint><Trackpoint><Time>2026-01-27T21:43:44Z</Time><Position><LatitudeDegrees>-8.04303267</LatitudeDegrees><LongitudeDegrees>-34.93931609</LongitudeDegrees></Position><HeartRateBpm><Value>91</Value></HeartRateBpm><Cadence>33</Cadence><Extensions><ns3:TPX><ns3:Speed>1.5</ns3:Speed><ns3:Pace>0.66</ns3:Pace></ns3:TPX></Extensions></Trackpoint><Trackpoint><Time>2026-01-27T21:43:45Z</Time><Position><LatitudeDegrees>-8.04301967</LatitudeDegrees><LongitudeDegrees>-34.93931476</LongitudeDegrees></Position><HeartRateBpm><Value>91</Value></HeartRateBpm><Cadence>33</Cadence><Extensions><ns3:TPX><ns3:Speed>1.5</ns3:Speed><ns3:Pace>0.66</ns3:Pace></ns3:TPX></Extensions></Trackpoint><Trackpoint><Time>2026-01-27T21:43:46Z</Time><Position><LatitudeDegrees>-8.04300801</LatitudeDegrees><LongitudeDegrees>-34.93931276</LongitudeDegrees></Position><HeartRateBpm><Value>91</Value></HeartRateBpm><Cadence>33</Cadence><Extensions><ns3:TPX><ns3:Speed>1.5099999904632568</ns3:Speed><ns3:Pace>0.66</ns3:Pace></ns3:TPX></Extensions></Trackpoint><Trackpoint><Time>2026-01-27T21:43:47Z</Time><Position><LatitudeDegrees>-8.04299602</LatitudeDegrees><LongitudeDegrees>-34.93930877</LongitudeDegrees></Position><HeartRateBpm><Value>91</Value></HeartRateBpm><Cadence>33</Cadence><Extensions><ns3:TPX><ns3:Speed>1.5099999904632568</ns3:Speed><ns3:Pace>0.65</ns3:Pace></ns3:TPX></Extensions></Trackpoint><Trackpoint><Time>2026-01-27T21:43:48Z</Time><Position><LatitudeDegrees>-8.04298369</LatitudeDegrees><LongitudeDegrees>-34.93930377</LongitudeDegrees></Position><HeartRateBpm><Value>91</Value></HeartRateBpm><Cadence>33</Cadence><Extensions><ns3:TPX><ns3:Speed>1.5099999904632568</ns3:Speed><ns3:Pace>0.65</ns3:Pace></ns3:TPX></Extensions></Trackpoint><Trackpoint><Time>2026-01-27T21:43:49Z</Time><Position><LatitudeDegrees>-8.04297104</LatitudeDegrees><LongitudeDegrees>-34.93929977</LongitudeDegrees></Position><HeartRateBpm><Value>91</Value></HeartRateBpm><Cadence>32</Cadence><Extensions><ns3:TPX><ns3:Speed>1.5099999904632568</ns3:Speed><ns3:Pace>0.65</ns3:Pace></ns3:TPX></Extensions></Trackpoint><Trackpoint><Time>2026-01-27T21:43:50Z</Time><Position><LatitudeDegrees>-8.04295704</LatitudeDegrees><LongitudeDegrees>-34.93929578</LongitudeDegrees></Position><HeartRateBpm><Value>91</Value></HeartRateBpm><Cadence>32</Cadence><Extensions><ns3:TPX><ns3:Speed>1.5099999904632568</ns3:Speed><ns3:Pace>0.65</ns3:Pace></ns3:TPX></Extensions></Trackpoint><Trackpoint><Time>2026-01-27T21:43:51Z</Time><Position><LatitudeDegrees>-8.04294271</LatitudeDegrees><LongitudeDegrees>-34.93929179</LongitudeDegrees></Position><HeartRateBpm><Value>91</Value></HeartRateBpm><Cadence>32</Cadence><Extensions><ns3:TPX><ns3:Speed>1.5099999904632568</ns3:Speed><ns3:Pace>0.65</ns3:Pace></ns3:TPX></Extensions></Trackpoint><Trackpoint><Time>2026-01-27T21:43:52Z</Time><Position><LatitudeDegrees>-8.04292838</LatitudeDegrees><LongitudeDegrees>-34.93928846</LongitudeDegrees></Position><HeartRateBpm><Value>91</Value></HeartRateBpm><Cadence>32</Cadence><Extensions><ns3:TPX><ns3:Speed>1.5099999904632568</ns3:Speed><ns3:Pace>0.65</ns3:Pace></ns3:TPX></Extensions></Trackpoint><Trackpoint><Time>2026-01-27T21:43:53Z</Time><Position><LatitudeDegrees>-8.04291406</LatitudeDegrees><LongitudeDegrees>-34.93928414</LongitudeDegrees></Position><HeartRateBpm><Value>91</Value></HeartRateBpm><Cadence>32</Cadence><Extensions><ns3:TPX><ns3:Speed>1.5099999904632568</ns3:Speed><ns3:Pace>0.65</ns3:Pace></ns3:TPX></Extensions></Trackpoint><Trackpoint><Time>2026-01-27T21:43:54Z</Time><Position><LatitudeDegrees>-8.04290239</LatitudeDegrees><LongitudeDegrees>-34.93928081</LongitudeDegrees></Position><HeartRateBpm><Value>91</Value></HeartRateBpm><Cadence>32</Cadence><Extensions><ns3:TPX><ns3:Speed>1.5199999809265137</ns3:Speed><ns3:Pace>0.65</ns3:Pace></ns3:TPX></Extensions></Trackpoint><Trackpoint><Time>2026-01-27T21:43:55Z</Time><Position><LatitudeDegrees>-8.04289206</LatitudeDegrees><LongitudeDegrees>-34.93927848</LongitudeDegrees></Position><HeartRateBpm><Value>92</Value></HeartRateBpm><Cadence>32</Cadence><Extensions><ns3:TPX><ns3:Speed>1.5199999809265137</ns3:Speed><ns3:Pace>0.65</ns3:Pace></ns3:TPX></Extensions></Trackpoint><Trackpoint><Time>2026-01-27T21:43:56Z</Time><Position><LatitudeDegrees>-8.0428804</LatitudeDegrees><LongitudeDegrees>-34.93927581</LongitudeDegrees></Position><HeartRateBpm><Value>93</Value></HeartRateBpm><Cadence>32</Cadence><Extensions><ns3:TPX><ns3:Speed>1.5199999809265137</ns3:Speed><ns3:Pace>0.65</ns3:Pace></ns3:TPX></Extensions></Trackpoint><Trackpoint><Time>2026-01-27T21:43:57Z</Time><Position><LatitudeDegrees>-8.0428694</LatitudeDegrees><LongitudeDegrees>-34.93927181</LongitudeDegrees></Position><HeartRateBpm><Value>93</Value></HeartRateBpm><Cadence>32</Cadence><Extensions><ns3:TPX><ns3:Speed>1.5199999809265137</ns3:Speed><ns3:Pace>0.65</ns3:Pace></ns3:TPX></Extensions></Trackpoint><Trackpoint><Time>2026-01-27T21:43:58Z</Time><Position><LatitudeDegrees>-8.04285874</LatitudeDegrees><LongitudeDegrees>-34.93926682</LongitudeDegrees></Position><HeartRateBpm><Value>93</Value></HeartRateBpm><Cadence>32</Cadence><Extensions><ns3:TPX><ns3:Speed>1.5199999809265137</ns3:Speed><ns3:Pace>0.65</ns3:Pace></ns3:TPX></Extensions></Trackpoint><Trackpoint><Time>2026-01-27T21:43:59Z</Time><Position><LatitudeDegrees>-8.04284708</LatitudeDegrees><LongitudeDegrees>-34.93926216</LongitudeDegrees></Position><HeartRateBpm><Value>93</Value></HeartRateBpm><Cadence>33</Cadence><Extensions><ns3:TPX><ns3:Speed>1.5099999904632568</ns3:Speed><ns3:Pace>0.66</ns3:Pace></ns3:TPX></Extensions></Trackpoint><Trackpoint><Time>2026-01-27T21:44:00Z</Time><Position><LatitudeDegrees>-8.04283441</LatitudeDegrees><LongitudeDegrees>-34.93925749</LongitudeDegrees></Position><HeartRateBpm><Value>93</Value></HeartRateBpm><Cadence>33</Cadence><Extensions><ns3:TPX><ns3:Speed>1.5099999904632568</ns3:Speed><ns3:Pace>0.66</ns3:Pace></ns3:TPX></Extensions></Trackpoint><Trackpoint><Time>2026-01-27T21:44:01Z</Time><Position><LatitudeDegrees>-8.04282009</LatitudeDegrees><LongitudeDegrees>-34.93925317</LongitudeDegrees></Position><HeartRateBpm><Value>94</Value></HeartRateBpm><Cadence>31</Cadence><Extensions><ns3:TPX><ns3:Speed>1.5099999904632568</ns3:Speed><ns3:Pace>0.66</ns3:Pace></ns3:TPX></Extensions></Trackpoint><Trackpoint><Time>2026-01-27T21:44:02Z</Time><Position><LatitudeDegrees>-8.04280542</LatitudeDegrees><LongitudeDegrees>-34.93924718</LongitudeDegrees></Position><HeartRateBpm><Value>94</Value></HeartRateBpm><Cadence>31</Cadence><Extensions><ns3:TPX><ns3:Speed>1.5</ns3:Speed><ns3:Pace>0.66</ns3:Pace></ns3:TPX></Extensions></Trackpoint><Trackpoint><Time>2026-01-27T21:44:03Z</Time><Position><LatitudeDegrees>-8.04279275</LatitudeDegrees><LongitudeDegrees>-34.93924118</LongitudeDegrees></Position><HeartRateBpm><Value>94</Value></HeartRateBpm><Cadence>31</Cadence><Extensions><ns3:TPX><ns3:Speed>1.5</ns3:Speed><ns3:Pace>0.66</ns3:Pace></ns3:TPX></Extensions></Trackpoint><Trackpoint><Time>2026-01-27T21:44:04Z</Time><Position><LatitudeDegrees>-8.0427831</LatitudeDegrees><LongitudeDegrees>-34.93923585</LongitudeDegrees></Position><HeartRateBpm><Value>94</Value></HeartRateBpm><Cadence>31</Cadence><Extensions><ns3:TPX><ns3:Speed>1.5</ns3:Speed><ns3:Pace>0.66</ns3:Pace></ns3:TPX></Extensions></Trackpoint><Trackpoint><Time>2026-01-27T21:44:05Z</Time><Position><LatitudeDegrees>-8.04277411</LatitudeDegrees><LongitudeDegrees>-34.93922719</LongitudeDegrees></Position><HeartRateBpm><Value>94</Value></HeartRateBpm><Cadence>31</Cadence><Extensions><ns3:TPX><ns3:Speed>1.4900000095367432</ns3:Speed><ns3:Pace>0.67</ns3:Pace></ns3:TPX></Extensions></Trackpoint><Trackpoint><Time>2026-01-27T21:44:06Z</Time><Position><LatitudeDegrees>-8.04276611</LatitudeDegrees><LongitudeDegrees>-34.93921986</LongitudeDegrees></Position><HeartRateBpm><Value>93</Value></HeartRateBpm><Cadence>31</Cadence><Extensions><ns3:TPX><ns3:Speed>1.4900000095367432</ns3:Speed><ns3:Pace>0.67</ns3:Pace></ns3:TPX></Extensions></Trackpoint><Trackpoint><Time>2026-01-27T21:44:08Z</Time><Position><LatitudeDegrees>-8.04274712</LatitudeDegrees><LongitudeDegrees>-34.93920386</LongitudeDegrees></Position><HeartRateBpm><Value>94</Value></HeartRateBpm><Cadence>31</Cadence><Extensions><ns3:TPX><ns3:Speed>1.4800000190734863</ns3:Speed><ns3:Pace>0.67</ns3:Pace></ns3:TPX></Extensions></Trackpoint><Trackpoint><Time>2026-01-27T21:44:09Z</Time><Position><LatitudeDegrees>-8.04274613</LatitudeDegrees><LongitudeDegrees>-34.93920419</LongitudeDegrees></Position><HeartRateBpm><Value>94</Value></HeartRateBpm><Cadence>31</Cadence><Extensions><ns3:TPX><ns3:Speed>1.4800000190734863</ns3:Speed><ns3:Pace>0.67</ns3:Pace></ns3:TPX></Extensions></Trackpoint><Trackpoint><Time>2026-01-27T21:44:10Z</Time><Position><LatitudeDegrees>-8.04274346</LatitudeDegrees><LongitudeDegrees>-34.93920585</LongitudeDegrees></Position><HeartRateBpm><Value>96</Value></HeartRateBpm><Cadence>31</Cadence><Extensions><ns3:TPX><ns3:Speed>1.4800000190734863</ns3:Speed><ns3:Pace>0.74</ns3:Pace></ns3:TPX></Extensions></Trackpoint><Trackpoint><Time>2026-01-27T21:44:11Z</Time><Position><LatitudeDegrees>-8.04273779</LatitudeDegrees><LongitudeDegrees>-34.93920785</LongitudeDegrees></Position><HeartRateBpm><Value>96</Value></HeartRateBpm><Cadence>31</Cadence><Extensions><ns3:TPX><ns3:Speed>1.340000033378601</ns3:Speed><ns3:Pace>0.92</ns3:Pace></ns3:TPX></Extensions></Trackpoint><Trackpoint><Time>2026-01-27T21:44:12Z</Time><Position><LatitudeDegrees>-8.04272847</LatitudeDegrees><LongitudeDegrees>-34.93920851</LongitudeDegrees></Position><HeartRateBpm><Value>96</Value></HeartRateBpm><Cadence>31</Cadence><Extensions><ns3:TPX><ns3:Speed>1.0800000429153442</ns3:Speed><ns3:Pace>1.02</ns3:Pace></ns3:TPX></Extensions></Trackpoint><Trackpoint><Time>2026-01-27T21:44:13Z</Time><Position><LatitudeDegrees>-8.04271547</LatitudeDegrees><LongitudeDegrees>-34.93921017</LongitudeDegrees></Position><HeartRateBpm><Value>96</Value></HeartRateBpm><Cadence>31</Cadence><Extensions><ns3:TPX><ns3:Speed>0.9700000286102295</ns3:Speed><ns3:Pace>1.0</ns3:Pace></ns3:TPX></Extensions></Trackpoint><Trackpoint><Time>2026-01-27T21:44:14Z</Time><Position><LatitudeDegrees>-8.04269981</LatitudeDegrees><LongitudeDegrees>-34.93921183</LongitudeDegrees></Position><HeartRateBpm><Value>96</Value></HeartRateBpm><Cadence>31</Cadence><Extensions><ns3:TPX><ns3:Speed>0.9900000095367432</ns3:Speed><ns3:Pace>1.0</ns3:Pace></ns3:TPX></Extensions></Trackpoint><Trackpoint><Time>2026-01-27T21:44:15Z</Time><Position><LatitudeDegrees>-8.04268082</LatitudeDegrees><LongitudeDegrees>-34.93921151</LongitudeDegrees></Position><HeartRateBpm><Value>96</Value></HeartRateBpm><Cadence>31</Cadence><Extensions><ns3:TPX><ns3:Speed>0.9900000095367432</ns3:Speed><ns3:Pace>1.0</ns3:Pace></ns3:TPX></Extensions></Trackpoint><Trackpoint><Time>2026-01-27T21:44:16Z</Time><Position><LatitudeDegrees>-8.0426615</LatitudeDegrees><LongitudeDegrees>-34.93920819</LongitudeDegrees></Position><HeartRateBpm><Value>98</Value></HeartRateBpm><Cadence>31</Cadence><Extensions><ns3:TPX><ns3:Speed>0.9900000095367432</ns3:Speed><ns3:Pace>0.93</ns3:Pace></ns3:TPX></Extensions></Trackpoint><Trackpoint><Time>2026-01-27T21:44:17Z</Time><Position><LatitudeDegrees>-8.04264317</LatitudeDegrees><LongitudeDegrees>-34.93920252</LongitudeDegrees></Position><HeartRateBpm><Value>100</Value></HeartRateBpm><Cadence>31</Cadence><Extensions><ns3:TPX><ns3:Speed>1.059999942779541</ns3:Speed><ns3:Pace>0.71</ns3:Pace></ns3:TPX></Extensions></Trackpoint><Trackpoint><Time>2026-01-27T21:44:18Z</Time><Position><LatitudeDegrees>-8.04262584</LatitudeDegrees><LongitudeDegrees>-34.93919585</LongitudeDegrees></Position><HeartRateBpm><Value>102</Value></HeartRateBpm><Cadence>31</Cadence><Extensions><ns3:TPX><ns3:Speed>1.3899999856948853</ns3:Speed><ns3:Pace>0.58</ns3:Pace></ns3:TPX></Extensions></Trackpoint><Trackpoint><Time>2026-01-27T21:44:19Z</Time><Position><LatitudeDegrees>-8.04260819</LatitudeDegrees><LongitudeDegrees>-34.9391892</LongitudeDegrees></Position><HeartRateBpm><Value>102</Value></HeartRateBpm><Cadence>31</Cadence><Extensions><ns3:TPX><ns3:Speed>1.7200000286102295</ns3:Speed><ns3:Pace>0.54</ns3:Pace></ns3:TPX></Extensions></Trackpoint><Trackpoint><Time>2026-01-27T21:44:20Z</Time><Position><LatitudeDegrees>-8.04259085</LatitudeDegrees><LongitudeDegrees>-34.93918186</LongitudeDegrees></Position><HeartRateBpm><Value>104</Value></HeartRateBpm><Cadence>31</Cadence><Extensions><ns3:TPX><ns3:Speed>1.840000033378601</ns3:Speed><ns3:Pace>0.54</ns3:Pace></ns3:TPX></Extensions></Trackpoint><Trackpoint><Time>2026-01-27T21:44:21Z</Time><Position><LatitudeDegrees>-8.04257419</LatitudeDegrees><LongitudeDegrees>-34.93917487</LongitudeDegrees></Position><HeartRateBpm><Value>104</Value></HeartRateBpm><Cadence>31</Cadence><Extensions><ns3:TPX><ns3:Speed>1.840000033378601</ns3:Speed><ns3:Pace>0.52</ns3:Pace></ns3:TPX></Extensions></Trackpoint><Trackpoint><Time>2026-01-27T21:44:22Z</Time><Position><LatitudeDegrees>-8.04255886</LatitudeDegrees><LongitudeDegrees>-34.93916787</LongitudeDegrees></Position><HeartRateBpm><Value>105</Value></HeartRateBpm><Cadence>31</Cadence><Extensions><ns3:TPX><ns3:Speed>1.8899999856948853</ns3:Speed><ns3:Pace>0.52</ns3:Pace></ns3:TPX></Extensions></Trackpoint><Trackpoint><Time>2026-01-27T21:44:23Z</Time><Position><LatitudeDegrees>-8.04254286</LatitudeDegrees><LongitudeDegrees>-34.93916055</LongitudeDegrees></Position><HeartRateBpm><Value>106</Value></HeartRateBpm><Cadence>31</Cadence><Extensions><ns3:TPX><ns3:Speed>1.899999976158142</ns3:Speed><ns3:Pace>0.52</ns3:Pace></ns3:TPX></Extensions></Trackpoint><Trackpoint><Time>2026-01-27T21:44:24Z</Time><Position><LatitudeDegrees>-8.04252787</LatitudeDegrees><LongitudeDegrees>-34.93915322</LongitudeDegrees></Position><HeartRateBpm><Value>104</Value></HeartRateBpm><Cadence>31</Cadence><Extensions><ns3:TPX><ns3:Speed>1.899999976158142</ns3:Speed><ns3:Pace>0.52</ns3:Pace></ns3:TPX></Extensions></Trackpoint><Trackpoint><Time>2026-01-27T21:44:25Z</Time><Position><LatitudeDegrees>-8.04251387</LatitudeDegrees><LongitudeDegrees>-34.93914623</LongitudeDegrees></Position><HeartRateBpm><Value>101</Value></HeartRateBpm><Cadence>31</Cadence><Extensions><ns3:TPX><ns3:Speed>1.8899999856948853</ns3:Speed><ns3:Pace>0.53</ns3:Pace></ns3:TPX></Extensions></Trackpoint><Trackpoint><Time>2026-01-27T21:44:26Z</Time><Position><LatitudeDegrees>-8.04250122</LatitudeDegrees><LongitudeDegrees>-34.93913856</LongitudeDegrees></Position><HeartRateBpm><Value>99</Value></HeartRateBpm><Cadence>31</Cadence><Extensions><ns3:TPX><ns3:Speed>1.8700000047683716</ns3:Speed><ns3:Pace>0.54</ns3:Pace></ns3:TPX></Extensions></Trackpoint><Trackpoint><Time>2026-01-27T21:44:27Z</Time><Position><LatitudeDegrees>-8.04249056</LatitudeDegrees><LongitudeDegrees>-34.93913089</LongitudeDegrees></Position><HeartRateBpm><Value>97</Value></HeartRateBpm><Cadence>31</Cadence><Extensions><ns3:TPX><ns3:Speed>1.850000023841858</ns3:Speed><ns3:Pace>0.54</ns3:Pace></ns3:TPX></Extensions></Trackpoint><Trackpoint><Time>2026-01-27T21:44:28Z</Time><Position><LatitudeDegrees>-8.04248023</LatitudeDegrees><LongitudeDegrees>-34.93912357</LongitudeDegrees></Position><HeartRateBpm><Value>97</Value></HeartRateBpm><Cadence>31</Cadence><Extensions><ns3:TPX><ns3:Speed>1.850000023841858</ns3:Speed><ns3:Pace>0.55</ns3:Pace></ns3:TPX></Extensions></Trackpoint><Trackpoint><Time>2026-01-27T21:44:29Z</Time><Position><LatitudeDegrees>-8.04246923</LatitudeDegrees><LongitudeDegrees>-34.93911758</LongitudeDegrees></Position><HeartRateBpm><Value>97</Value></HeartRateBpm><Cadence>31</Cadence><Extensions><ns3:TPX><ns3:Speed>1.7899999618530273</ns3:Speed><ns3:Pace>0.57</ns3:Pace></ns3:TPX></Extensions></Trackpoint><Trackpoint><Time>2026-01-27T21:44:30Z</Time><Position><LatitudeDegrees>-8.04245757</LatitudeDegrees><LongitudeDegrees>-34.93911325</LongitudeDegrees></Position><HeartRateBpm><Value>97</Value></HeartRateBpm><Cadence>31</Cadence><Extensions><ns3:TPX><ns3:Speed>1.7400000095367432</ns3:Speed><ns3:Pace>0.62</ns3:Pace></ns3:TPX></Extensions></Trackpoint><Trackpoint><Time>2026-01-27T21:44:31Z</Time><Position><LatitudeDegrees>-8.04244425</LatitudeDegrees><LongitudeDegrees>-34.93910825</LongitudeDegrees></Position><HeartRateBpm><Value>97</Value></HeartRateBpm><Cadence>31</Cadence><Extensions><ns3:TPX><ns3:Speed>1.6100000143051147</ns3:Speed><ns3:Pace>0.66</ns3:Pace></ns3:TPX></Extensions></Trackpoint><Trackpoint><Time>2026-01-27T21:44:32Z</Time><Position><LatitudeDegrees>-8.04242925</LatitudeDegrees><LongitudeDegrees>-34.93910291</LongitudeDegrees></Position><HeartRateBpm><Value>99</Value></HeartRateBpm><Cadence>31</Cadence><Extensions><ns3:TPX><ns3:Speed>1.4900000095367432</ns3:Speed><ns3:Pace>0.67</ns3:Pace></ns3:TPX></Extensions></Trackpoint><Trackpoint><Time>2026-01-27T21:44:33Z</Time><Position><LatitudeDegrees>-8.04241392</LatitudeDegrees><LongitudeDegrees>-34.93909792</LongitudeDegrees></Position><HeartRateBpm><Value>109</Value></HeartRateBpm><Cadence>28</Cadence><Extensions><ns3:TPX><ns3:Speed>1.4700000286102295</ns3:Speed><ns3:Pace>0.67</ns3:Pace></ns3:TPX></Extensions></Trackpoint><Trackpoint><Time>2026-01-27T21:44:34Z</Time><Position><LatitudeDegrees>-8.04239792</LatitudeDegrees><LongitudeDegrees>-34.93909092</LongitudeDegrees></Position><HeartRateBpm><Value>109</Value></HeartRateBpm><Cadence>28</Cadence><Extensions><ns3:TPX><ns3:Speed>1.4700000286102295</ns3:Speed><ns3:Pace>0.67</ns3:Pace></ns3:TPX></Extensions></Trackpoint><Trackpoint><Time>2026-01-27T21:44:35Z</Time><Position><LatitudeDegrees>-8.04238226</LatitudeDegrees><LongitudeDegrees>-34.93908359</LongitudeDegrees></Position><HeartRateBpm><Value>116</Value></HeartRateBpm><Cadence>28</Cadence><Extensions><ns3:TPX><ns3:Speed>1.4700000286102295</ns3:Speed><ns3:Pace>0.67</ns3:Pace></ns3:TPX></Extensions></Trackpoint><Trackpoint><Time>2026-01-27T21:44:36Z</Time><Position><LatitudeDegrees>-8.0423666</LatitudeDegrees><LongitudeDegrees>-34.93907293</LongitudeDegrees></Position><HeartRateBpm><Value>110</Value></HeartRateBpm><Cadence>28</Cadence><Extensions><ns3:TPX><ns3:Speed>1.4700000286102295</ns3:Speed><ns3:Pace>0.63</ns3:Pace></ns3:TPX></Extensions></Trackpoint><Trackpoint><Time>2026-01-27T21:44:37Z</Time><Position><LatitudeDegrees>-8.04235127</LatitudeDegrees><LongitudeDegrees>-34.93906394</LongitudeDegrees></Position><HeartRateBpm><Value>114</Value></HeartRateBpm><Cadence>28</Cadence><Extensions><ns3:TPX><ns3:Speed>1.559999942779541</ns3:Speed><ns3:Pace>0.59</ns3:Pace></ns3:TPX></Extensions></Trackpoint><Trackpoint><Time>2026-01-27T21:44:38Z</Time><Position><LatitudeDegrees>-8.04233628</LatitudeDegrees><LongitudeDegrees>-34.93905628</LongitudeDegrees></Position><HeartRateBpm><Value>108</Value></HeartRateBpm><Cadence>28</Cadence><Extensions><ns3:TPX><ns3:Speed>1.6799999475479126</ns3:Speed><ns3:Pace>0.58</ns3:Pace></ns3:TPX></Extensions></Trackpoint><Trackpoint><Time>2026-01-27T21:44:39Z</Time><Position><LatitudeDegrees>-8.04232062</LatitudeDegrees><LongitudeDegrees>-34.93904995</LongitudeDegrees></Position><HeartRateBpm><Value>99</Value></HeartRateBpm><Cadence>31</Cadence><Extensions><ns3:TPX><ns3:Speed>1.7000000476837158</ns3:Speed><ns3:Pace>0.58</ns3:Pace></ns3:TPX></Extensions></Trackpoint><Trackpoint><Time>2026-01-27T21:44:40Z</Time><Position><LatitudeDegrees>-8.04230529</LatitudeDegrees><LongitudeDegrees>-34.93904395</LongitudeDegrees></Position><HeartRateBpm><Value>99</Value></HeartRateBpm><Cadence>31</Cadence><Extensions><ns3:TPX><ns3:Speed>1.7000000476837158</ns3:Speed><ns3:Pace>0.58</ns3:Pace></ns3:TPX></Extensions></Trackpoint><Trackpoint><Time>2026-01-27T21:44:41Z</Time><Position><LatitudeDegrees>-8.0422883</LatitudeDegrees><LongitudeDegrees>-34.9390363</LongitudeDegrees></Position><HeartRateBpm><Value>99</Value></HeartRateBpm><Cadence>31</Cadence><Extensions><ns3:TPX><ns3:Speed>1.7000000476837158</ns3:Speed><ns3:Pace>0.58</ns3:Pace></ns3:TPX></Extensions></Trackpoint><Trackpoint><Time>2026-01-27T21:44:42Z</Time><Position><LatitudeDegrees>-8.04227096</LatitudeDegrees><LongitudeDegrees>-34.93902663</LongitudeDegrees></Position><HeartRateBpm><Value>98</Value></HeartRateBpm><Cadence>31</Cadence><Extensions><ns3:TPX><ns3:Speed>1.7100000381469727</ns3:Speed><ns3:Pace>0.57</ns3:Pace></ns3:TPX></Extensions></Trackpoint><Trackpoint><Time>2026-01-27T21:44:43Z</Time><Position><LatitudeDegrees>-8.04225464</LatitudeDegrees><LongitudeDegrees>-34.9390183</LongitudeDegrees></Position><HeartRateBpm><Value>98</Value></HeartRateBpm><Cadence>32</Cadence><Extensions><ns3:TPX><ns3:Speed>1.75</ns3:Speed><ns3:Pace>0.55</ns3:Pace></ns3:TPX></Extensions></Trackpoint><Trackpoint><Time>2026-01-27T21:44:44Z</Time><Position><LatitudeDegrees>-8.04223997</LatitudeDegrees><LongitudeDegrees>-34.93901197</LongitudeDegrees></Position><HeartRateBpm><Value>99</Value></HeartRateBpm><Cadence>32</Cadence><Extensions><ns3:TPX><ns3:Speed>1.7999999523162842</ns3:Speed><ns3:Pace>0.55</ns3:Pace></ns3:TPX></Extensions></Trackpoint><Trackpoint><Time>2026-01-27T21:44:45Z</Time><Position><LatitudeDegrees>-8.04222765</LatitudeDegrees><LongitudeDegrees>-34.93900632</LongitudeDegrees></Position><HeartRateBpm><Value>99</Value></HeartRateBpm><Cadence>32</Cadence><Extensions><ns3:TPX><ns3:Speed>1.809999942779541</ns3:Speed><ns3:Pace>0.55</ns3:Pace></ns3:TPX></Extensions></Trackpoint><Trackpoint><Time>2026-01-27T21:44:46Z</Time><Position><LatitudeDegrees>-8.04221665</LatitudeDegrees><LongitudeDegrees>-34.93900132</LongitudeDegrees></Position><HeartRateBpm><Value>99</Value></HeartRateBpm><Cadence>32</Cadence><Extensions><ns3:TPX><ns3:Speed>1.809999942779541</ns3:Speed><ns3:Pace>0.56</ns3:Pace></ns3:TPX></Extensions></Trackpoint><Trackpoint><Time>2026-01-27T21:44:47Z</Time><Position><LatitudeDegrees>-8.04220565</LatitudeDegrees><LongitudeDegrees>-34.93899733</LongitudeDegrees></Position><HeartRateBpm><Value>102</Value></HeartRateBpm><Cadence>32</Cadence><Extensions><ns3:TPX><ns3:Speed>1.7699999809265137</ns3:Speed><ns3:Pace>0.56</ns3:Pace></ns3:TPX></Extensions></Trackpoint><Trackpoint><Time>2026-01-27T21:44:48Z</Time><Position><LatitudeDegrees>-8.04219466</LatitudeDegrees><LongitudeDegrees>-34.938994</LongitudeDegrees></Position><HeartRateBpm><Value>103</Value></HeartRateBpm><Cadence>32</Cadence><Extensions><ns3:TPX><ns3:Speed>1.7699999809265137</ns3:Speed><ns3:Pace>0.59</ns3:Pace></ns3:TPX></Extensions></Trackpoint><Trackpoint><Time>2026-01-27T21:44:49Z</Time><Position><LatitudeDegrees>-8.04218233</LatitudeDegrees><LongitudeDegrees>-34.93899</LongitudeDegrees></Position><HeartRateBpm><Value>101</Value></HeartRateBpm><Cadence>32</Cadence><Extensions><ns3:TPX><ns3:Speed>1.6699999570846558</ns3:Speed><ns3:Pace>0.66</ns3:Pace></ns3:TPX></Extensions></Trackpoint><Trackpoint><Time>2026-01-27T21:44:50Z</Time><Position><LatitudeDegrees>-8.04216934</LatitudeDegrees><LongitudeDegrees>-34.93898701</LongitudeDegrees></Position><HeartRateBpm><Value>101</Value></HeartRateBpm><Cadence>32</Cadence><Extensions><ns3:TPX><ns3:Speed>1.5</ns3:Speed><ns3:Pace>0.71</ns3:Pace></ns3:TPX></Extensions></Trackpoint><Trackpoint><Time>2026-01-27T21:44:51Z</Time><Position><LatitudeDegrees>-8.042156</LatitudeDegrees><LongitudeDegrees>-34.93898369</LongitudeDegrees></Position><HeartRateBpm><Value>101</Value></HeartRateBpm><Cadence>32</Cadence><Extensions><ns3:TPX><ns3:Speed>1.399999976158142</ns3:Speed><ns3:Pace>0.71</ns3:Pace></ns3:TPX></Extensions></Trackpoint><Trackpoint><Time>2026-01-27T21:44:52Z</Time><Position><LatitudeDegrees>-8.04214335</LatitudeDegrees><LongitudeDegrees>-34.93898102</LongitudeDegrees></Position><HeartRateBpm><Value>101</Value></HeartRateBpm><Cadence>32</Cadence><Extensions><ns3:TPX><ns3:Speed>1.399999976158142</ns3:Speed><ns3:Pace>0.73</ns3:Pace></ns3:TPX></Extensions></Trackpoint><Trackpoint><Time>2026-01-27T21:44:53Z</Time><Position><LatitudeDegrees>-8.04213269</LatitudeDegrees><LongitudeDegrees>-34.9389777</LongitudeDegrees></Position><HeartRateBpm><Value>101</Value></HeartRateBpm><Cadence>32</Cadence><Extensions><ns3:TPX><ns3:Speed>1.3600000143051147</ns3:Speed><ns3:Pace>0.76</ns3:Pace></ns3:TPX></Extensions></Trackpoint><Trackpoint><Time>2026-01-27T21:44:54Z</Time><Position><LatitudeDegrees>-8.04212203</LatitudeDegrees><LongitudeDegrees>-34.9389737</LongitudeDegrees></Position><HeartRateBpm><Value>101</Value></HeartRateBpm><Cadence>33</Cadence><Extensions><ns3:TPX><ns3:Speed>1.309999942779541</ns3:Speed><ns3:Pace>0.79</ns3:Pace></ns3:TPX></Extensions></Trackpoint><Trackpoint><Time>2026-01-27T21:44:55Z</Time><Position><LatitudeDegrees>-8.0421117</LatitudeDegrees><LongitudeDegrees>-34.93896871</LongitudeDegrees></Position><HeartRateBpm><Value>101</Value></HeartRateBpm><Cadence>32</Cadence><Extensions><ns3:TPX><ns3:Speed>1.25</ns3:Speed><ns3:Pace>0.76</ns3:Pace></ns3:TPX></Extensions></Trackpoint><Trackpoint><Time>2026-01-27T21:44:56Z</Time><Position><LatitudeDegrees>-8.0421027</LatitudeDegrees><LongitudeDegrees>-34.93896504</LongitudeDegrees></Position><HeartRateBpm><Value>101</Value></HeartRateBpm><Cadence>33</Cadence><Extensions><ns3:TPX><ns3:Speed>1.2999999523162842</ns3:Speed><ns3:Pace>0.73</ns3:Pace></ns3:TPX></Extensions></Trackpoint><Trackpoint><Time>2026-01-27T21:44:57Z</Time><Position><LatitudeDegrees>-8.04209303</LatitudeDegrees><LongitudeDegrees>-34.93896239</LongitudeDegrees></Position><HeartRateBpm><Value>100</Value></HeartRateBpm><Cadence>33</Cadence><Extensions><ns3:TPX><ns3:Speed>1.3600000143051147</ns3:Speed><ns3:Pace>0.73</ns3:Pace></ns3:TPX></Extensions></Trackpoint><Trackpoint><Time>2026-01-27T21:44:58Z</Time><Position><LatitudeDegrees>-8.04208304</LatitudeDegrees><LongitudeDegrees>-34.93895972</LongitudeDegrees></Position><HeartRateBpm><Value>100</Value></HeartRateBpm><Cadence>33</Cadence><Extensions><ns3:TPX><ns3:Speed>1.3600000143051147</ns3:Speed><ns3:Pace>0.73</ns3:Pace></ns3:TPX></Extensions></Trackpoint><Trackpoint><Time>2026-01-27T21:44:59Z</Time><Position><LatitudeDegrees>-8.04207172</LatitudeDegrees><LongitudeDegrees>-34.93895673</LongitudeDegrees></Position><HeartRateBpm><Value>98</Value></HeartRateBpm><Cadence>33</Cadence><Extensions><ns3:TPX><ns3:Speed>1.3600000143051147</ns3:Speed><ns3:Pace>0.74</ns3:Pace></ns3:TPX></Extensions></Trackpoint><Trackpoint><Time>2026-01-27T21:45:00Z</Time><Position><LatitudeDegrees>-8.04206106</LatitudeDegrees><LongitudeDegrees>-34.93895374</LongitudeDegrees></Position><HeartRateBpm><Value>98</Value></HeartRateBpm><Cadence>33</Cadence><Extensions><ns3:TPX><ns3:Speed>1.340000033378601</ns3:Speed><ns3:Pace>0.74</ns3:Pace></ns3:TPX></Extensions></Trackpoint><Trackpoint><Time>2026-01-27T21:45:01Z</Time><Position><LatitudeDegrees>-8.04205041</LatitudeDegrees><LongitudeDegrees>-34.93894975</LongitudeDegrees></Position><HeartRateBpm><Value>99</Value></HeartRateBpm><Cadence>33</Cadence><Extensions><ns3:TPX><ns3:Speed>1.340000033378601</ns3:Speed><ns3:Pace>0.74</ns3:Pace></ns3:TPX></Extensions></Trackpoint><Trackpoint><Time>2026-01-27T21:45:02Z</Time><Position><LatitudeDegrees>-8.04204074</LatitudeDegrees><LongitudeDegrees>-34.93894676</LongitudeDegrees></Position><HeartRateBpm><Value>99</Value></HeartRateBpm><Cadence>33</Cadence><Extensions><ns3:TPX><ns3:Speed>1.340000033378601</ns3:Speed><ns3:Pace>0.74</ns3:Pace></ns3:TPX></Extensions></Trackpoint><Trackpoint><Time>2026-01-27T21:45:03Z</Time><Position><LatitudeDegrees>-8.04203208</LatitudeDegrees><LongitudeDegrees>-34.93894409</LongitudeDegrees></Position><HeartRateBpm><Value>98</Value></HeartRateBpm><Cadence>33</Cadence><Extensions><ns3:TPX><ns3:Speed>1.340000033378601</ns3:Speed><ns3:Pace>0.74</ns3:Pace></ns3:TPX></Extensions></Trackpoint><Trackpoint><Time>2026-01-27T21:45:04Z</Time><Position><LatitudeDegrees>-8.04202275</LatitudeDegrees><LongitudeDegrees>-34.93894209</LongitudeDegrees></Position><HeartRateBpm><Value>98</Value></HeartRateBpm><Cadence>33</Cadence><Extensions><ns3:TPX><ns3:Speed>1.340000033378601</ns3:Speed><ns3:Pace>0.74</ns3:Pace></ns3:TPX></Extensions></Trackpoint><Trackpoint><Time>2026-01-27T21:45:05Z</Time><Position><LatitudeDegrees>-8.04201276</LatitudeDegrees><LongitudeDegrees>-34.93893877</LongitudeDegrees></Position><HeartRateBpm><Value>98</Value></HeartRateBpm><Cadence>33</Cadence><Extensions><ns3:TPX><ns3:Speed>1.3300000429153442</ns3:Speed><ns3:Pace>0.75</ns3:Pace></ns3:TPX></Extensions></Trackpoint><Trackpoint><Time>2026-01-27T21:45:06Z</Time><Position><LatitudeDegrees>-8.0420011</LatitudeDegrees><LongitudeDegrees>-34.93893444</LongitudeDegrees></Position><HeartRateBpm><Value>97</Value></HeartRateBpm><Cadence>33</Cadence><Extensions><ns3:TPX><ns3:Speed>1.3300000429153442</ns3:Speed><ns3:Pace>0.75</ns3:Pace></ns3:TPX></Extensions></Trackpoint><Trackpoint><Time>2026-01-27T21:45:07Z</Time><Position><LatitudeDegrees>-8.04198877</LatitudeDegrees><LongitudeDegrees>-34.93893045</LongitudeDegrees></Position><HeartRateBpm><Value>97</Value></HeartRateBpm><Cadence>33</Cadence><Extensions><ns3:TPX><ns3:Speed>1.3200000524520874</ns3:Speed><ns3:Pace>0.75</ns3:Pace></ns3:TPX></Extensions></Trackpoint><Trackpoint><Time>2026-01-27T21:45:08Z</Time><Position><LatitudeDegrees>-8.04197644</LatitudeDegrees><LongitudeDegrees>-34.93892679</LongitudeDegrees></Position><HeartRateBpm><Value>96</Value></HeartRateBpm><Cadence>33</Cadence><Extensions><ns3:TPX><ns3:Speed>1.3200000524520874</ns3:Speed><ns3:Pace>0.75</ns3:Pace></ns3:TPX></Extensions></Trackpoint><Trackpoint><Time>2026-01-27T21:45:09Z</Time><Position><LatitudeDegrees>-8.04196478</LatitudeDegrees><LongitudeDegrees>-34.93892312</LongitudeDegrees></Position><HeartRateBpm><Value>96</Value></HeartRateBpm><Cadence>33</Cadence><Extensions><ns3:TPX><ns3:Speed>1.309999942779541</ns3:Speed><ns3:Pace>0.75</ns3:Pace></ns3:TPX></Extensions></Trackpoint><Trackpoint><Time>2026-01-27T21:45:10Z</Time><Position><LatitudeDegrees>-8.04195346</LatitudeDegrees><LongitudeDegrees>-34.9389208</LongitudeDegrees></Position><HeartRateBpm><Value>96</Value></HeartRateBpm><Cadence>33</Cadence><Extensions><ns3:TPX><ns3:Speed>1.309999942779541</ns3:Speed><ns3:Pace>0.76</ns3:Pace></ns3:TPX></Extensions></Trackpoint><Trackpoint><Time>2026-01-27T21:45:11Z</Time><Position><LatitudeDegrees>-8.04194312</LatitudeDegrees><LongitudeDegrees>-34.93891747</LongitudeDegrees></Position><HeartRateBpm><Value>97</Value></HeartRateBpm><Cadence>33</Cadence><Extensions><ns3:TPX><ns3:Speed>1.309999942779541</ns3:Speed><ns3:Pace>0.76</ns3:Pace></ns3:TPX></Extensions></Trackpoint><Trackpoint><Time>2026-01-27T21:45:12Z</Time><Position><LatitudeDegrees>-8.04193413</LatitudeDegrees><LongitudeDegrees>-34.93891414</LongitudeDegrees></Position><HeartRateBpm><Value>98</Value></HeartRateBpm><Cadence>32</Cadence><Extensions><ns3:TPX><ns3:Speed>1.309999942779541</ns3:Speed><ns3:Pace>0.76</ns3:Pace></ns3:TPX></Extensions></Trackpoint><Trackpoint><Time>2026-01-27T21:45:13Z</Time><Position><LatitudeDegrees>-8.04192113</LatitudeDegrees><LongitudeDegrees>-34.93891181</LongitudeDegrees></Position><HeartRateBpm><Value>99</Value></HeartRateBpm><Cadence>32</Cadence><Extensions><ns3:TPX><ns3:Speed>1.2999999523162842</ns3:Speed><ns3:Pace>0.76</ns3:Pace></ns3:TPX></Extensions></Trackpoint><Trackpoint><Time>2026-01-27T21:45:14Z</Time><Position><LatitudeDegrees>-8.0419038</LatitudeDegrees><LongitudeDegrees>-34.93890882</LongitudeDegrees></Position><HeartRateBpm><Value>100</Value></HeartRateBpm><Cadence>33</Cadence><Extensions><ns3:TPX><ns3:Speed>1.2999999523162842</ns3:Speed><ns3:Pace>0.76</ns3:Pace></ns3:TPX></Extensions></Trackpoint><Trackpoint><Time>2026-01-27T21:45:15Z</Time><Position><LatitudeDegrees>-8.04188581</LatitudeDegrees><LongitudeDegrees>-34.93890716</LongitudeDegrees></Position><HeartRateBpm><Value>100</Value></HeartRateBpm><Cadence>32</Cadence><Extensions><ns3:TPX><ns3:Speed>1.2999999523162842</ns3:Speed><ns3:Pace>0.76</ns3:Pace></ns3:TPX></Extensions></Trackpoint><Trackpoint><Time>2026-01-27T21:45:16Z</Time><Position><LatitudeDegrees>-8.04186781</LatitudeDegrees><LongitudeDegrees>-34.93890451</LongitudeDegrees></Position><HeartRateBpm><Value>100</Value></HeartRateBpm><Cadence>32</Cadence><Extensions><ns3:TPX><ns3:Speed>1.2999999523162842</ns3:Speed><ns3:Pace>0.76</ns3:Pace></ns3:TPX></Extensions></Trackpoint><Trackpoint><Time>2026-01-27T21:45:17Z</Time><Position><LatitudeDegrees>-8.04185181</LatitudeDegrees><LongitudeDegrees>-34.93890152</LongitudeDegrees></Position><HeartRateBpm><Value>100</Value></HeartRateBpm><Cadence>32</Cadence><Extensions><ns3:TPX><ns3:Speed>1.2999999523162842</ns3:Speed><ns3:Pace>0.76</ns3:Pace></ns3:TPX></Extensions></Trackpoint><Trackpoint><Time>2026-01-27T21:45:18Z</Time><Position><LatitudeDegrees>-8.04183515</LatitudeDegrees><LongitudeDegrees>-34.93889752</LongitudeDegrees></Position><HeartRateBpm><Value>100</Value></HeartRateBpm><Cadence>33</Cadence><Extensions><ns3:TPX><ns3:Speed>1.2999999523162842</ns3:Speed><ns3:Pace>0.76</ns3:Pace></ns3:TPX></Extensions></Trackpoint><Trackpoint><Time>2026-01-27T21:45:19Z</Time><Position><LatitudeDegrees>-8.04181816</LatitudeDegrees><LongitudeDegrees>-34.93889353</LongitudeDegrees></Position><HeartRateBpm><Value>100</Value></HeartRateBpm><Cadence>33</Cadence><Extensions><ns3:TPX><ns3:Speed>1.309999942779541</ns3:Speed><ns3:Pace>0.75</ns3:Pace></ns3:TPX></Extensions></Trackpoint><Trackpoint><Time>2026-01-27T21:45:20Z</Time><Position><LatitudeDegrees>-8.0418005</LatitudeDegrees><LongitudeDegrees>-34.93888953</LongitudeDegrees></Position><HeartRateBpm><Value>100</Value></HeartRateBpm><Cadence>33</Cadence><Extensions><ns3:TPX><ns3:Speed>1.3200000524520874</ns3:Speed><ns3:Pace>0.74</ns3:Pace></ns3:TPX></Extensions></Trackpoint><Trackpoint><Time>2026-01-27T21:45:21Z</Time><Position><LatitudeDegrees>-8.04178317</LatitudeDegrees><LongitudeDegrees>-34.93888587</LongitudeDegrees></Position><HeartRateBpm><Value>100</Value></HeartRateBpm><Cadence>32</Cadence><Extensions><ns3:TPX><ns3:Speed>1.3300000429153442</ns3:Speed><ns3:Pace>0.74</ns3:Pace></ns3:TPX></Extensions></Trackpoint><Trackpoint><Time>2026-01-27T21:45:22Z</Time><Position><LatitudeDegrees>-8.04176584</LatitudeDegrees><LongitudeDegrees>-34.9388832</LongitudeDegrees></Position><HeartRateBpm><Value>100</Value></HeartRateBpm><Cadence>32</Cadence><Extensions><ns3:TPX><ns3:Speed>1.3300000429153442</ns3:Speed><ns3:Pace>0.74</ns3:Pace></ns3:TPX></Extensions></Trackpoint><Trackpoint><Time>2026-01-27T21:45:23Z</Time><Position><LatitudeDegrees>-8.04174885</LatitudeDegrees><LongitudeDegrees>-34.93887854</LongitudeDegrees></Position><HeartRateBpm><Value>99</Value></HeartRateBpm><Cadence>32</Cadence><Extensions><ns3:TPX><ns3:Speed>1.340000033378601</ns3:Speed><ns3:Pace>0.73</ns3:Pace></ns3:TPX></Extensions></Trackpoint><Trackpoint><Time>2026-01-27T21:45:24Z</Time><Position><LatitudeDegrees>-8.04173253</LatitudeDegrees><LongitudeDegrees>-34.93887488</LongitudeDegrees></Position><HeartRateBpm><Value>99</Value></HeartRateBpm><Cadence>32</Cadence><Extensions><ns3:TPX><ns3:Speed>1.350000023841858</ns3:Speed><ns3:Pace>0.73</ns3:Pace></ns3:TPX></Extensions></Trackpoint><Trackpoint><Time>2026-01-27T21:45:25Z</Time><Position><LatitudeDegrees>-8.04171653</LatitudeDegrees><LongitudeDegrees>-34.93887122</LongitudeDegrees></Position><HeartRateBpm><Value>99</Value></HeartRateBpm><Cadence>32</Cadence><Extensions><ns3:TPX><ns3:Speed>1.3600000143051147</ns3:Speed><ns3:Pace>0.72</ns3:Pace></ns3:TPX></Extensions></Trackpoint><Trackpoint><Time>2026-01-27T21:45:26Z</Time><Position><LatitudeDegrees>-8.04170154</LatitudeDegrees><LongitudeDegrees>-34.93886857</LongitudeDegrees></Position><HeartRateBpm><Value>99</Value></HeartRateBpm><Cadence>32</Cadence><Extensions><ns3:TPX><ns3:Speed>1.3700000047683716</ns3:Speed><ns3:Pace>0.72</ns3:Pace></ns3:TPX></Extensions></Trackpoint><Trackpoint><Time>2026-01-27T21:45:27Z</Time><Position><LatitudeDegrees>-8.04168754</LatitudeDegrees><LongitudeDegrees>-34.9388659</LongitudeDegrees></Position><HeartRateBpm><Value>99</Value></HeartRateBpm><Cadence>32</Cadence><Extensions><ns3:TPX><ns3:Speed>1.3799999952316284</ns3:Speed><ns3:Pace>0.72</ns3:Pace></ns3:TPX></Extensions></Trackpoint><Trackpoint><Time>2026-01-27T21:45:28Z</Time><Position><LatitudeDegrees>-8.04167487</LatitudeDegrees><LongitudeDegrees>-34.93886357</LongitudeDegrees></Position><HeartRateBpm><Value>99</Value></HeartRateBpm><Cadence>32</Cadence><Extensions><ns3:TPX><ns3:Speed>1.3799999952316284</ns3:Speed><ns3:Pace>0.71</ns3:Pace></ns3:TPX></Extensions></Trackpoint><Trackpoint><Time>2026-01-27T21:45:29Z</Time><Position><LatitudeDegrees>-8.04166387</LatitudeDegrees><LongitudeDegrees>-34.9388609</LongitudeDegrees></Position><HeartRateBpm><Value>100</Value></HeartRateBpm><Cadence>32</Cadence><Extensions><ns3:TPX><ns3:Speed>1.3899999856948853</ns3:Speed><ns3:Pace>0.71</ns3:Pace></ns3:TPX></Extensions></Trackpoint><Trackpoint><Time>2026-01-27T21:45:30Z</Time><Position><LatitudeDegrees>-8.04165221</LatitudeDegrees><LongitudeDegrees>-34.93885658</LongitudeDegrees></Position><HeartRateBpm><Value>101</Value></HeartRateBpm><Cadence>32</Cadence><Extensions><ns3:TPX><ns3:Speed>1.399999976158142</ns3:Speed><ns3:Pace>0.7</ns3:Pace></ns3:TPX></Extensions></Trackpoint><Trackpoint><Time>2026-01-27T21:45:31Z</Time><Position><LatitudeDegrees>-8.04163855</LatitudeDegrees><LongitudeDegrees>-34.93885191</LongitudeDegrees></Position><HeartRateBpm><Value>101</Value></HeartRateBpm><Cadence>32</Cadence><Extensions><ns3:TPX><ns3:Speed>1.409999966621399</ns3:Speed><ns3:Pace>0.7</ns3:Pace></ns3:TPX></Extensions></Trackpoint><Trackpoint><Time>2026-01-27T21:45:32Z</Time><Position><LatitudeDegrees>-8.04162356</LatitudeDegrees><LongitudeDegrees>-34.93884825</LongitudeDegrees></Position><HeartRateBpm><Value>101</Value></HeartRateBpm><Cadence>32</Cadence><Extensions><ns3:TPX><ns3:Speed>1.409999966621399</ns3:Speed><ns3:Pace>0.7</ns3:Pace></ns3:TPX></Extensions></Trackpoint><Trackpoint><Time>2026-01-27T21:45:33Z</Time><Position><LatitudeDegrees>-8.04160722</LatitudeDegrees><LongitudeDegrees>-34.93884592</LongitudeDegrees></Position><HeartRateBpm><Value>101</Value></HeartRateBpm><Cadence>32</Cadence><Extensions><ns3:TPX><ns3:Speed>1.409999966621399</ns3:Speed><ns3:Pace>0.7</ns3:Pace></ns3:TPX></Extensions></Trackpoint><Trackpoint><Time>2026-01-27T21:45:34Z</Time><Position><LatitudeDegrees>-8.04159156</LatitudeDegrees><LongitudeDegrees>-34.93884526</LongitudeDegrees></Position><HeartRateBpm><Value>101</Value></HeartRateBpm><Cadence>32</Cadence><Extensions><ns3:TPX><ns3:Speed>1.409999966621399</ns3:Speed><ns3:Pace>0.7</ns3:Pace></ns3:TPX></Extensions></Trackpoint><Trackpoint><Time>2026-01-27T21:45:35Z</Time><Position><LatitudeDegrees>-8.04157522</LatitudeDegrees><LongitudeDegrees>-34.93884227</LongitudeDegrees></Position><HeartRateBpm><Value>101</Value></HeartRateBpm><Cadence>32</Cadence><Extensions><ns3:TPX><ns3:Speed>1.409999966621399</ns3:Speed><ns3:Pace>0.7</ns3:Pace></ns3:TPX></Extensions></Trackpoint><Trackpoint><Time>2026-01-27T21:45:36Z</Time><Position><LatitudeDegrees>-8.04155923</LatitudeDegrees><LongitudeDegrees>-34.93883628</LongitudeDegrees></Position><HeartRateBpm><Value>101</Value></HeartRateBpm><Cadence>32</Cadence><Extensions><ns3:TPX><ns3:Speed>1.409999966621399</ns3:Speed><ns3:Pace>0.7</ns3:Pace></ns3:TPX></Extensions></Trackpoint><Trackpoint><Time>2026-01-27T21:45:37Z</Time><Position><LatitudeDegrees>-8.0415399</LatitudeDegrees><LongitudeDegrees>-34.93882695</LongitudeDegrees></Position><HeartRateBpm><Value>101</Value></HeartRateBpm><Cadence>32</Cadence><Extensions><ns3:TPX><ns3:Speed>1.4199999570846558</ns3:Speed><ns3:Pace>0.7</ns3:Pace></ns3:TPX></Extensions></Trackpoint><Trackpoint><Time>2026-01-27T21:45:38Z</Time><Position><LatitudeDegrees>-8.04151958</LatitudeDegrees><LongitudeDegrees>-34.93881496</LongitudeDegrees></Position><HeartRateBpm><Value>101</Value></HeartRateBpm><Cadence>32</Cadence><Extensions><ns3:TPX><ns3:Speed>1.4199999570846558</ns3:Speed><ns3:Pace>0.69</ns3:Pace></ns3:TPX></Extensions></Trackpoint><Trackpoint><Time>2026-01-27T21:45:39Z</Time><Position><LatitudeDegrees>-8.04149924</LatitudeDegrees><LongitudeDegrees>-34.93880364</LongitudeDegrees></Position><HeartRateBpm><Value>102</Value></HeartRateBpm><Cadence>32</Cadence><Extensions><ns3:TPX><ns3:Speed>1.4299999475479126</ns3:Speed><ns3:Pace>0.69</ns3:Pace></ns3:TPX></Extensions></Trackpoint><Trackpoint><Time>2026-01-27T21:45:40Z</Time><Position><LatitudeDegrees>-8.04148159</LatitudeDegrees><LongitudeDegrees>-34.93879465</LongitudeDegrees></Position><HeartRateBpm><Value>102</Value></HeartRateBpm><Cadence>32</Cadence><Extensions><ns3:TPX><ns3:Speed>1.4299999475479126</ns3:Speed><ns3:Pace>0.69</ns3:Pace></ns3:TPX></Extensions></Trackpoint><Trackpoint><Time>2026-01-27T21:45:41Z</Time><Position><LatitudeDegrees>-8.04146559</LatitudeDegrees><LongitudeDegrees>-34.93878798</LongitudeDegrees></Position><HeartRateBpm><Value>102</Value></HeartRateBpm><Cadence>32</Cadence><Extensions><ns3:TPX><ns3:Speed>1.4299999475479126</ns3:Speed><ns3:Pace>0.69</ns3:Pace></ns3:TPX></Extensions></Trackpoint><Trackpoint><Time>2026-01-27T21:45:42Z</Time><Position><LatitudeDegrees>-8.04145193</LatitudeDegrees><LongitudeDegrees>-34.93878399</LongitudeDegrees></Position><HeartRateBpm><Value>102</Value></HeartRateBpm><Cadence>32</Cadence><Extensions><ns3:TPX><ns3:Speed>1.440000057220459</ns3:Speed><ns3:Pace>0.68</ns3:Pace></ns3:TPX></Extensions></Trackpoint><Trackpoint><Time>2026-01-27T21:45:43Z</Time><Position><LatitudeDegrees>-8.04144061</LatitudeDegrees><LongitudeDegrees>-34.93878232</LongitudeDegrees></Position><HeartRateBpm><Value>102</Value></HeartRateBpm><Cadence>32</Cadence><Extensions><ns3:TPX><ns3:Speed>1.4500000476837158</ns3:Speed><ns3:Pace>0.68</ns3:Pace></ns3:TPX></Extensions></Trackpoint><Trackpoint><Time>2026-01-27T21:45:45Z</Time><Position><LatitudeDegrees>-8.04140761</LatitudeDegrees><LongitudeDegrees>-34.93877933</LongitudeDegrees></Position><HeartRateBpm><Value>103</Value></HeartRateBpm><Cadence>32</Cadence><Extensions><ns3:TPX><ns3:Speed>1.4500000476837158</ns3:Speed><ns3:Pace>0.68</ns3:Pace></ns3:TPX></Extensions></Trackpoint><Trackpoint><Time>2026-01-27T21:45:46Z</Time><Position><LatitudeDegrees>-8.04140627</LatitudeDegrees><LongitudeDegrees>-34.93877999</LongitudeDegrees></Position><HeartRateBpm><Value>103</Value></HeartRateBpm><Cadence>32</Cadence><Extensions><ns3:TPX><ns3:Speed>1.4500000476837158</ns3:Speed><ns3:Pace>0.68</ns3:Pace></ns3:TPX></Extensions></Trackpoint><Trackpoint><Time>2026-01-27T21:45:47Z</Time><Position><LatitudeDegrees>-8.04140094</LatitudeDegrees><LongitudeDegrees>-34.93877933</LongitudeDegrees></Position><HeartRateBpm><Value>104</Value></HeartRateBpm><Cadence>31</Cadence><Extensions><ns3:TPX><ns3:Speed>1.4600000381469727</ns3:Speed><ns3:Pace>0.68</ns3:Pace></ns3:TPX></Extensions></Trackpoint><Trackpoint><Time>2026-01-27T21:45:48Z</Time><Position><LatitudeDegrees>-8.04139095</LatitudeDegrees><LongitudeDegrees>-34.93877568</LongitudeDegrees></Position><HeartRateBpm><Value>105</Value></HeartRateBpm><Cadence>31</Cadence><Extensions><ns3:TPX><ns3:Speed>1.4500000476837158</ns3:Speed><ns3:Pace>0.68</ns3:Pace></ns3:TPX></Extensions></Trackpoint><Trackpoint><Time>2026-01-27T21:45:49Z</Time><Position><LatitudeDegrees>-8.04137763</LatitudeDegrees><LongitudeDegrees>-34.93876969</LongitudeDegrees></Position><HeartRateBpm><Value>106</Value></HeartRateBpm><Cadence>31</Cadence><Extensions><ns3:TPX><ns3:Speed>1.4500000476837158</ns3:Speed><ns3:Pace>0.69</ns3:Pace></ns3:TPX></Extensions></Trackpoint><Trackpoint><Time>2026-01-27T21:45:50Z</Time><Position><LatitudeDegrees>-8.04136296</LatitudeDegrees><LongitudeDegrees>-34.93876435</LongitudeDegrees></Position><HeartRateBpm><Value>107</Value></HeartRateBpm><Cadence>31</Cadence><Extensions><ns3:TPX><ns3:Speed>1.440000057220459</ns3:Speed><ns3:Pace>0.69</ns3:Pace></ns3:TPX></Extensions></Trackpoint><Trackpoint><Time>2026-01-27T21:45:51Z</Time><Position><LatitudeDegrees>-8.04134964</LatitudeDegrees><LongitudeDegrees>-34.93876002</LongitudeDegrees></Position><HeartRateBpm><Value>107</Value></HeartRateBpm><Cadence>31</Cadence><Extensions><ns3:TPX><ns3:Speed>1.4299999475479126</ns3:Speed><ns3:Pace>0.69</ns3:Pace></ns3:TPX></Extensions></Trackpoint><Trackpoint><Time>2026-01-27T21:45:52Z</Time><Position><LatitudeDegrees>-8.04133531</LatitudeDegrees><LongitudeDegrees>-34.93875303</LongitudeDegrees></Position><HeartRateBpm><Value>107</Value></HeartRateBpm><Cadence>31</Cadence><Extensions><ns3:TPX><ns3:Speed>1.4299999475479126</ns3:Speed><ns3:Pace>0.69</ns3:Pace></ns3:TPX></Extensions></Trackpoint><Trackpoint><Time>2026-01-27T21:45:53Z</Time><Position><LatitudeDegrees>-8.04132032</LatitudeDegrees><LongitudeDegrees>-34.93874404</LongitudeDegrees></Position><HeartRateBpm><Value>109</Value></HeartRateBpm><Cadence>31</Cadence><Extensions><ns3:TPX><ns3:Speed>1.4299999475479126</ns3:Speed><ns3:Pace>0.7</ns3:Pace></ns3:TPX></Extensions></Trackpoint><Trackpoint><Time>2026-01-27T21:45:54Z</Time><Position><LatitudeDegrees>-8.04130499</LatitudeDegrees><LongitudeDegrees>-34.93873538</LongitudeDegrees></Position><HeartRateBpm><Value>109</Value></HeartRateBpm><Cadence>32</Cadence><Extensions><ns3:TPX><ns3:Speed>1.4199999570846558</ns3:Speed><ns3:Pace>0.69</ns3:Pace></ns3:TPX></Extensions></Trackpoint><Trackpoint><Time>2026-01-27T21:45:55Z</Time><Position><LatitudeDegrees>-8.04128966</LatitudeDegrees><LongitudeDegrees>-34.93872738</LongitudeDegrees></Position><HeartRateBpm><Value>109</Value></HeartRateBpm><Cadence>32</Cadence><Extensions><ns3:TPX><ns3:Speed>1.4299999475479126</ns3:Speed><ns3:Pace>0.69</ns3:Pace></ns3:TPX></Extensions></Trackpoint><Trackpoint><Time>2026-01-27T21:45:56Z</Time><Position><LatitudeDegrees>-8.04127566</LatitudeDegrees><LongitudeDegrees>-34.93872106</LongitudeDegrees></Position><HeartRateBpm><Value>109</Value></HeartRateBpm><Cadence>32</Cadence><Extensions><ns3:TPX><ns3:Speed>1.4299999475479126</ns3:Speed><ns3:Pace>0.69</ns3:Pace></ns3:TPX></Extensions></Trackpoint><Trackpoint><Time>2026-01-27T21:45:57Z</Time><Position><LatitudeDegrees>-8.04126333</LatitudeDegrees><LongitudeDegrees>-34.93871473</LongitudeDegrees></Position><HeartRateBpm><Value>108</Value></HeartRateBpm><Cadence>32</Cadence><Extensions><ns3:TPX><ns3:Speed>1.440000057220459</ns3:Speed><ns3:Pace>0.69</ns3:Pace></ns3:TPX></Extensions></Trackpoint><Trackpoint><Time>2026-01-27T21:45:58Z</Time><Position><LatitudeDegrees>-8.041251</LatitudeDegrees><LongitudeDegrees>-34.93870906</LongitudeDegrees></Position><HeartRateBpm><Value>108</Value></HeartRateBpm><Cadence>32</Cadence><Extensions><ns3:TPX><ns3:Speed>1.440000057220459</ns3:Speed><ns3:Pace>0.69</ns3:Pace></ns3:TPX></Extensions></Trackpoint><Trackpoint><Time>2026-01-27T21:45:59Z</Time><Position><LatitudeDegrees>-8.04123901</LatitudeDegrees><LongitudeDegrees>-34.9387044</LongitudeDegrees></Position><HeartRateBpm><Value>108</Value></HeartRateBpm><Cadence>32</Cadence><Extensions><ns3:TPX><ns3:Speed>1.440000057220459</ns3:Speed><ns3:Pace>0.68</ns3:Pace></ns3:TPX></Extensions></Trackpoint><Trackpoint><Time>2026-01-27T21:46:00Z</Time><Position><LatitudeDegrees>-8.04122602</LatitudeDegrees><LongitudeDegrees>-34.9386994</LongitudeDegrees></Position><HeartRateBpm><Value>107</Value></HeartRateBpm><Cadence>31</Cadence><Extensions><ns3:TPX><ns3:Speed>1.4500000476837158</ns3:Speed><ns3:Pace>0.68</ns3:Pace></ns3:TPX></Extensions></Trackpoint><Trackpoint><Time>2026-01-27T21:46:01Z</Time><Position><LatitudeDegrees>-8.04121069</LatitudeDegrees><LongitudeDegrees>-34.93869207</LongitudeDegrees></Position><HeartRateBpm><Value>107</Value></HeartRateBpm><Cadence>31</Cadence><Extensions><ns3:TPX><ns3:Speed>1.4500000476837158</ns3:Speed><ns3:Pace>0.68</ns3:Pace></ns3:TPX></Extensions></Trackpoint><Trackpoint><Time>2026-01-27T21:46:02Z</Time><Position><LatitudeDegrees>-8.04117703</LatitudeDegrees><LongitudeDegrees>-34.93866875</LongitudeDegrees></Position><HeartRateBpm><Value>109</Value></HeartRateBpm><Cadence>32</Cadence><Extensions><ns3:TPX><ns3:Speed>1.4600000381469727</ns3:Speed><ns3:Pace>0.68</ns3:Pace></ns3:TPX></Extensions></Trackpoint><Trackpoint><Time>2026-01-27T21:46:03Z</Time><Position><LatitudeDegrees>-8.04116137</LatitudeDegrees><LongitudeDegrees>-34.93865642</LongitudeDegrees></Position><HeartRateBpm><Value>109</Value></HeartRateBpm><Cadence>32</Cadence><Extensions><ns3:TPX><ns3:Speed>1.4600000381469727</ns3:Speed><ns3:Pace>0.68</ns3:Pace></ns3:TPX></Extensions></Trackpoint><Trackpoint><Time>2026-01-27T21:46:04Z</Time><Position><LatitudeDegrees>-8.04114704</LatitudeDegrees><LongitudeDegrees>-34.93864476</LongitudeDegrees></Position><HeartRateBpm><Value>109</Value></HeartRateBpm><Cadence>32</Cadence><Extensions><ns3:TPX><ns3:Speed>1.4600000381469727</ns3:Speed><ns3:Pace>0.68</ns3:Pace></ns3:TPX></Extensions></Trackpoint><Trackpoint><Time>2026-01-27T21:46:05Z</Time><Position><LatitudeDegrees>-8.04113405</LatitudeDegrees><LongitudeDegrees>-34.93863376</LongitudeDegrees></Position><HeartRateBpm><Value>109</Value></HeartRateBpm><Cadence>32</Cadence><Extensions><ns3:TPX><ns3:Speed>1.4600000381469727</ns3:Speed><ns3:Pace>0.67</ns3:Pace></ns3:TPX></Extensions></Trackpoint><Trackpoint><Time>2026-01-27T21:46:06Z</Time><Position><LatitudeDegrees>-8.04112105</LatitudeDegrees><LongitudeDegrees>-34.93862143</LongitudeDegrees></Position><HeartRateBpm><Value>108</Value></HeartRateBpm><Cadence>32</Cadence><Extensions><ns3:TPX><ns3:Speed>1.4700000286102295</ns3:Speed><ns3:Pace>0.67</ns3:Pace></ns3:TPX></Extensions></Trackpoint><Trackpoint><Time>2026-01-27T21:46:07Z</Time><Position><LatitudeDegrees>-8.04111006</LatitudeDegrees><LongitudeDegrees>-34.9386081</LongitudeDegrees></Position><HeartRateBpm><Value>108</Value></HeartRateBpm><Cadence>32</Cadence><Extensions><ns3:TPX><ns3:Speed>1.4700000286102295</ns3:Speed><ns3:Pace>0.67</ns3:Pace></ns3:TPX></Extensions></Trackpoint><Trackpoint><Time>2026-01-27T21:46:08Z</Time><Position><LatitudeDegrees>-8.04110206</LatitudeDegrees><LongitudeDegrees>-34.93859478</LongitudeDegrees></Position><HeartRateBpm><Value>108</Value></HeartRateBpm><Cadence>32</Cadence><Extensions><ns3:TPX><ns3:Speed>1.4800000190734863</ns3:Speed><ns3:Pace>0.67</ns3:Pace></ns3:TPX></Extensions></Trackpoint><Trackpoint><Time>2026-01-27T21:46:09Z</Time><Position><LatitudeDegrees>-8.04109639</LatitudeDegrees><LongitudeDegrees>-34.93858244</LongitudeDegrees></Position><HeartRateBpm><Value>108</Value></HeartRateBpm><Cadence>32</Cadence><Extensions><ns3:TPX><ns3:Speed>1.4800000190734863</ns3:Speed><ns3:Pace>0.67</ns3:Pace></ns3:TPX></Extensions></Trackpoint><Trackpoint><Time>2026-01-27T21:46:10Z</Time><Position><LatitudeDegrees>-8.04109107</LatitudeDegrees><LongitudeDegrees>-34.93857279</LongitudeDegrees></Position><HeartRateBpm><Value>108</Value></HeartRateBpm><Cadence>32</Cadence><Extensions><ns3:TPX><ns3:Speed>1.4900000095367432</ns3:Speed><ns3:Pace>0.66</ns3:Pace></ns3:TPX></Extensions></Trackpoint><Trackpoint><Time>2026-01-27T21:46:11Z</Time><Position><LatitudeDegrees>-8.04108774</LatitudeDegrees><LongitudeDegrees>-34.93856512</LongitudeDegrees></Position><HeartRateBpm><Value>108</Value></HeartRateBpm><Cadence>32</Cadence><Extensions><ns3:TPX><ns3:Speed>1.4900000095367432</ns3:Speed><ns3:Pace>0.66</ns3:Pace></ns3:TPX></Extensions></Trackpoint><Trackpoint><Time>2026-01-27T21:46:12Z</Time><Position><LatitudeDegrees>-8.04108541</LatitudeDegrees><LongitudeDegrees>-34.93855813</LongitudeDegrees></Position><HeartRateBpm><Value>108</Value></HeartRateBpm><Cadence>32</Cadence><Extensions><ns3:TPX><ns3:Speed>1.5</ns3:Speed><ns3:Pace>0.66</ns3:Pace></ns3:TPX></Extensions></Trackpoint><Trackpoint><Time>2026-01-27T21:46:13Z</Time><Position><LatitudeDegrees>-8.04108341</LatitudeDegrees><LongitudeDegrees>-34.93855313</LongitudeDegrees></Position><HeartRateBpm><Value>109</Value></HeartRateBpm><Cadence>32</Cadence><Extensions><ns3:TPX><ns3:Speed>1.5</ns3:Speed><ns3:Pace>0.66</ns3:Pace></ns3:TPX></Extensions></Trackpoint><Trackpoint><Time>2026-01-27T21:46:14Z</Time><Position><LatitudeDegrees>-8.04108042</LatitudeDegrees><LongitudeDegrees>-34.93854813</LongitudeDegrees></Position><HeartRateBpm><Value>109</Value></HeartRateBpm><Cadence>32</Cadence><Extensions><ns3:TPX><ns3:Speed>1.5</ns3:Speed><ns3:Pace>0.66</ns3:Pace></ns3:TPX></Extensions></Trackpoint><Trackpoint><Time>2026-01-27T21:46:15Z</Time><Position><LatitudeDegrees>-8.04107576</LatitudeDegrees><LongitudeDegrees>-34.93854147</LongitudeDegrees></Position><HeartRateBpm><Value>109</Value></HeartRateBpm><Cadence>32</Cadence><Extensions><ns3:TPX><ns3:Speed>1.5</ns3:Speed><ns3:Pace>0.66</ns3:Pace></ns3:TPX></Extensions></Trackpoint><Trackpoint><Time>2026-01-27T21:46:16Z</Time><Position><LatitudeDegrees>-8.04107077</LatitudeDegrees><LongitudeDegrees>-34.93853181</LongitudeDegrees></Position><HeartRateBpm><Value>110</Value></HeartRateBpm><Cadence>32</Cadence><Extensions><ns3:TPX><ns3:Speed>1.5</ns3:Speed><ns3:Pace>0.67</ns3:Pace></ns3:TPX></Extensions></Trackpoint><Trackpoint><Time>2026-01-27T21:46:17Z</Time><Position><LatitudeDegrees>-8.0410661</LatitudeDegrees><LongitudeDegrees>-34.93852081</LongitudeDegrees></Position><HeartRateBpm><Value>111</Value></HeartRateBpm><Cadence>31</Cadence><Extensions><ns3:TPX><ns3:Speed>1.4800000190734863</ns3:Speed><ns3:Pace>0.67</ns3:Pace></ns3:TPX></Extensions></Trackpoint><Trackpoint><Time>2026-01-27T21:46:18Z</Time><Position><LatitudeDegrees>-8.04106311</LatitudeDegrees><LongitudeDegrees>-34.93850882</LongitudeDegrees></Position><HeartRateBpm><Value>110</Value></HeartRateBpm><Cadence>32</Cadence><Extensions><ns3:TPX><ns3:Speed>1.4700000286102295</ns3:Speed><ns3:Pace>0.68</ns3:Pace></ns3:TPX></Extensions></Trackpoint><Trackpoint><Time>2026-01-27T21:46:19Z</Time><Position><LatitudeDegrees>-8.04106244</LatitudeDegrees><LongitudeDegrees>-34.93849649</LongitudeDegrees></Position><HeartRateBpm><Value>110</Value></HeartRateBpm><Cadence>32</Cadence><Extensions><ns3:TPX><ns3:Speed>1.4600000381469727</ns3:Speed><ns3:Pace>0.69</ns3:Pace></ns3:TPX></Extensions></Trackpoint><Trackpoint><Time>2026-01-27T21:46:20Z</Time><Position><LatitudeDegrees>-8.04106311</LatitudeDegrees><LongitudeDegrees>-34.93848483</LongitudeDegrees></Position><HeartRateBpm><Value>110</Value></HeartRateBpm><Cadence>32</Cadence><Extensions><ns3:TPX><ns3:Speed>1.440000057220459</ns3:Speed><ns3:Pace>0.69</ns3:Pace></ns3:TPX></Extensions></Trackpoint><Trackpoint><Time>2026-01-27T21:46:21Z</Time><Position><LatitudeDegrees>-8.04106344</LatitudeDegrees><LongitudeDegrees>-34.9384725</LongitudeDegrees></Position><HeartRateBpm><Value>110</Value></HeartRateBpm><Cadence>32</Cadence><Extensions><ns3:TPX><ns3:Speed>1.440000057220459</ns3:Speed><ns3:Pace>0.69</ns3:Pace></ns3:TPX></Extensions></Trackpoint><Trackpoint><Time>2026-01-27T21:46:22Z</Time><Position><LatitudeDegrees>-8.04106477</LatitudeDegrees><LongitudeDegrees>-34.93846018</LongitudeDegrees></Position><HeartRateBpm><Value>111</Value></HeartRateBpm><Cadence>32</Cadence><Extensions><ns3:TPX><ns3:Speed>1.4299999475479126</ns3:Speed><ns3:Pace>0.69</ns3:Pace></ns3:TPX></Extensions></Trackpoint><Trackpoint><Time>2026-01-27T21:46:23Z</Time><Position><LatitudeDegrees>-8.04106677</LatitudeDegrees><LongitudeDegrees>-34.93844618</LongitudeDegrees></Position><HeartRateBpm><Value>112</Value></HeartRateBpm><Cadence>32</Cadence><Extensions><ns3:TPX><ns3:Speed>1.4299999475479126</ns3:Speed><ns3:Pace>0.7</ns3:Pace></ns3:TPX></Extensions></Trackpoint><Trackpoint><Time>2026-01-27T21:46:24Z</Time><Position><LatitudeDegrees>-8.04106909</LatitudeDegrees><LongitudeDegrees>-34.93843085</LongitudeDegrees></Position><HeartRateBpm><Value>113</Value></HeartRateBpm><Cadence>33</Cadence><Extensions><ns3:TPX><ns3:Speed>1.4199999570846558</ns3:Speed><ns3:Pace>0.7</ns3:Pace></ns3:TPX></Extensions></Trackpoint><Trackpoint><Time>2026-01-27T21:46:25Z</Time><Position><LatitudeDegrees>-8.04107209</LatitudeDegrees><LongitudeDegrees>-34.93841386</LongitudeDegrees></Position><HeartRateBpm><Value>113</Value></HeartRateBpm><Cadence>33</Cadence><Extensions><ns3:TPX><ns3:Speed>1.4199999570846558</ns3:Speed><ns3:Pace>0.7</ns3:Pace></ns3:TPX></Extensions></Trackpoint><Trackpoint><Time>2026-01-27T21:46:26Z</Time><Position><LatitudeDegrees>-8.04107542</LatitudeDegrees><LongitudeDegrees>-34.93839653</LongitudeDegrees></Position><HeartRateBpm><Value>113</Value></HeartRateBpm><Cadence>32</Cadence><Extensions><ns3:TPX><ns3:Speed>1.409999966621399</ns3:Speed><ns3:Pace>0.7</ns3:Pace></ns3:TPX></Extensions></Trackpoint><Trackpoint><Time>2026-01-27T21:46:27Z</Time><Position><LatitudeDegrees>-8.04107875</LatitudeDegrees><LongitudeDegrees>-34.93837888</LongitudeDegrees></Position><HeartRateBpm><Value>113</Value></HeartRateBpm><Cadence>32</Cadence><Extensions><ns3:TPX><ns3:Speed>1.409999966621399</ns3:Speed><ns3:Pace>0.7</ns3:Pace></ns3:TPX></Extensions></Trackpoint><Trackpoint><Time>2026-01-27T21:46:28Z</Time><Position><LatitudeDegrees>-8.04108174</LatitudeDegrees><LongitudeDegrees>-34.93836122</LongitudeDegrees></Position><HeartRateBpm><Value>114</Value></HeartRateBpm><Cadence>32</Cadence><Extensions><ns3:TPX><ns3:Speed>1.409999966621399</ns3:Speed><ns3:Pace>0.7</ns3:Pace></ns3:TPX></Extensions></Trackpoint><Trackpoint><Time>2026-01-27T21:46:29Z</Time><Position><LatitudeDegrees>-8.04108207</LatitudeDegrees><LongitudeDegrees>-34.93834355</LongitudeDegrees></Position><HeartRateBpm><Value>116</Value></HeartRateBpm><Cadence>32</Cadence><Extensions><ns3:TPX><ns3:Speed>1.409999966621399</ns3:Speed><ns3:Pace>0.7</ns3:Pace></ns3:TPX></Extensions></Trackpoint><Trackpoint><Time>2026-01-27T21:46:30Z</Time><Position><LatitudeDegrees>-8.04108207</LatitudeDegrees><LongitudeDegrees>-34.9383279</LongitudeDegrees></Position><HeartRateBpm><Value>116</Value></HeartRateBpm><Cadence>32</Cadence><Extensions><ns3:TPX><ns3:Speed>1.4199999570846558</ns3:Speed><ns3:Pace>0.69</ns3:Pace></ns3:TPX></Extensions></Trackpoint><Trackpoint><Time>2026-01-27T21:46:31Z</Time><Position><LatitudeDegrees>-8.04108274</LatitudeDegrees><LongitudeDegrees>-34.93831357</LongitudeDegrees></Position><HeartRateBpm><Value>117</Value></HeartRateBpm><Cadence>32</Cadence><Extensions><ns3:TPX><ns3:Speed>1.4299999475479126</ns3:Speed><ns3:Pace>0.69</ns3:Pace></ns3:TPX></Extensions></Trackpoint><Trackpoint><Time>2026-01-27T21:46:32Z</Time><Position><LatitudeDegrees>-8.04108439</LatitudeDegrees><LongitudeDegrees>-34.93829957</LongitudeDegrees></Position><HeartRateBpm><Value>117</Value></HeartRateBpm><Cadence>32</Cadence><Extensions><ns3:TPX><ns3:Speed>1.4299999475479126</ns3:Speed><ns3:Pace>0.69</ns3:Pace></ns3:TPX></Extensions></Trackpoint><Trackpoint><Time>2026-01-27T21:46:33Z</Time><Position><LatitudeDegrees>-8.04108805</LatitudeDegrees><LongitudeDegrees>-34.93828657</LongitudeDegrees></Position><HeartRateBpm><Value>117</Value></HeartRateBpm><Cadence>32</Cadence><Extensions><ns3:TPX><ns3:Speed>1.4299999475479126</ns3:Speed><ns3:Pace>0.69</ns3:Pace></ns3:TPX></Extensions></Trackpoint><Trackpoint><Time>2026-01-27T21:46:34Z</Time><Position><LatitudeDegrees>-8.04109238</LatitudeDegrees><LongitudeDegrees>-34.93827225</LongitudeDegrees></Position><HeartRateBpm><Value>118</Value></HeartRateBpm><Cadence>32</Cadence><Extensions><ns3:TPX><ns3:Speed>1.440000057220459</ns3:Speed><ns3:Pace>0.68</ns3:Pace></ns3:TPX></Extensions></Trackpoint><Trackpoint><Time>2026-01-27T21:46:35Z</Time><Position><LatitudeDegrees>-8.04109637</LatitudeDegrees><LongitudeDegrees>-34.93825825</LongitudeDegrees></Position><HeartRateBpm><Value>118</Value></HeartRateBpm><Cadence>32</Cadence><Extensions><ns3:TPX><ns3:Speed>1.4500000476837158</ns3:Speed><ns3:Pace>0.68</ns3:Pace></ns3:TPX></Extensions></Trackpoint><Trackpoint><Time>2026-01-27T21:46:36Z</Time><Position><LatitudeDegrees>-8.04110037</LatitudeDegrees><LongitudeDegrees>-34.93824393</LongitudeDegrees></Position><HeartRateBpm><Value>119</Value></HeartRateBpm><Cadence>32</Cadence><Extensions><ns3:TPX><ns3:Speed>1.4500000476837158</ns3:Speed><ns3:Pace>0.68</ns3:Pace></ns3:TPX></Extensions></Trackpoint><Trackpoint><Time>2026-01-27T21:46:37Z</Time><Position><LatitudeDegrees>-8.04110604</LatitudeDegrees><LongitudeDegrees>-34.93822927</LongitudeDegrees></Position><HeartRateBpm><Value>120</Value></HeartRateBpm><Cadence>32</Cadence><Extensions><ns3:TPX><ns3:Speed>1.4600000381469727</ns3:Speed><ns3:Pace>0.68</ns3:Pace></ns3:TPX></Extensions></Trackpoint><Trackpoint><Time>2026-01-27T21:46:38Z</Time><Position><LatitudeDegrees>-8.04111204</LatitudeDegrees><LongitudeDegrees>-34.93821527</LongitudeDegrees></Position><HeartRateBpm><Value>121</Value></HeartRateBpm><Cadence>32</Cadence><Extensions><ns3:TPX><ns3:Speed>1.4600000381469727</ns3:Speed><ns3:Pace>0.68</ns3:Pace></ns3:TPX></Extensions></Trackpoint><Trackpoint><Time>2026-01-27T21:46:39Z</Time><Position><LatitudeDegrees>-8.0411177</LatitudeDegrees><LongitudeDegrees>-34.93820194</LongitudeDegrees></Position><HeartRateBpm><Value>121</Value></HeartRateBpm><Cadence>33</Cadence><Extensions><ns3:TPX><ns3:Speed>1.4700000286102295</ns3:Speed><ns3:Pace>0.68</ns3:Pace></ns3:TPX></Extensions></Trackpoint><Trackpoint><Time>2026-01-27T21:46:40Z</Time><Position><LatitudeDegrees>-8.0411237</LatitudeDegrees><LongitudeDegrees>-34.93818894</LongitudeDegrees></Position><HeartRateBpm><Value>121</Value></HeartRateBpm><Cadence>33</Cadence><Extensions><ns3:TPX><ns3:Speed>1.4700000286102295</ns3:Speed><ns3:Pace>0.67</ns3:Pace></ns3:TPX></Extensions></Trackpoint><Trackpoint><Time>2026-01-27T21:46:41Z</Time><Position><LatitudeDegrees>-8.04112869</LatitudeDegrees><LongitudeDegrees>-34.93817561</LongitudeDegrees></Position><HeartRateBpm><Value>121</Value></HeartRateBpm><Cadence>33</Cadence><Extensions><ns3:TPX><ns3:Speed>1.4700000286102295</ns3:Speed><ns3:Pace>0.67</ns3:Pace></ns3:TPX></Extensions></Trackpoint><Trackpoint><Time>2026-01-27T21:46:42Z</Time><Position><LatitudeDegrees>-8.04113368</LatitudeDegrees><LongitudeDegrees>-34.93816095</LongitudeDegrees></Position><HeartRateBpm><Value>120</Value></HeartRateBpm><Cadence>33</Cadence><Extensions><ns3:TPX><ns3:Speed>1.4700000286102295</ns3:Speed><ns3:Pace>0.67</ns3:Pace></ns3:TPX></Extensions></Trackpoint><Trackpoint><Time>2026-01-27T21:46:43Z</Time><Position><LatitudeDegrees>-8.04113834</LatitudeDegrees><LongitudeDegrees>-34.93814562</LongitudeDegrees></Position><HeartRateBpm><Value>120</Value></HeartRateBpm><Cadence>33</Cadence><Extensions><ns3:TPX><ns3:Speed>1.4700000286102295</ns3:Speed><ns3:Pace>0.67</ns3:Pace></ns3:TPX></Extensions></Trackpoint><Trackpoint><Time>2026-01-27T21:46:44Z</Time><Position><LatitudeDegrees>-8.04114401</LatitudeDegrees><LongitudeDegrees>-34.93813063</LongitudeDegrees></Position><HeartRateBpm><Value>121</Value></HeartRateBpm><Cadence>33</Cadence><Extensions><ns3:TPX><ns3:Speed>1.4800000190734863</ns3:Speed><ns3:Pace>0.67</ns3:Pace></ns3:TPX></Extensions></Trackpoint><Trackpoint><Time>2026-01-27T21:46:45Z</Time><Position><LatitudeDegrees>-8.04115001</LatitudeDegrees><LongitudeDegrees>-34.93811663</LongitudeDegrees></Position><HeartRateBpm><Value>121</Value></HeartRateBpm><Cadence>32</Cadence><Extensions><ns3:TPX><ns3:Speed>1.4800000190734863</ns3:Speed><ns3:Pace>0.67</ns3:Pace></ns3:TPX></Extensions></Trackpoint><Trackpoint><Time>2026-01-27T21:46:46Z</Time><Position><LatitudeDegrees>-8.04115567</LatitudeDegrees><LongitudeDegrees>-34.93810397</LongitudeDegrees></Position><HeartRateBpm><Value>121</Value></HeartRateBpm><Cadence>32</Cadence><Extensions><ns3:TPX><ns3:Speed>1.4800000190734863</ns3:Speed><ns3:Pace>0.67</ns3:Pace></ns3:TPX></Extensions></Trackpoint><Trackpoint><Time>2026-01-27T21:46:47Z</Time><Position><LatitudeDegrees>-8.04116167</LatitudeDegrees><LongitudeDegrees>-34.93809263</LongitudeDegrees></Position><HeartRateBpm><Value>121</Value></HeartRateBpm><Cadence>33</Cadence><Extensions><ns3:TPX><ns3:Speed>1.4800000190734863</ns3:Speed><ns3:Pace>0.67</ns3:Pace></ns3:TPX></Extensions></Trackpoint><Trackpoint><Time>2026-01-27T21:46:48Z</Time><Position><LatitudeDegrees>-8.04116799</LatitudeDegrees><LongitudeDegrees>-34.93808163</LongitudeDegrees></Position><HeartRateBpm><Value>120</Value></HeartRateBpm><Cadence>33</Cadence><Extensions><ns3:TPX><ns3:Speed>1.4800000190734863</ns3:Speed><ns3:Pace>0.67</ns3:Pace></ns3:TPX></Extensions></Trackpoint><Trackpoint><Time>2026-01-27T21:46:49Z</Time><Position><LatitudeDegrees>-8.04117431</LatitudeDegrees><LongitudeDegrees>-34.93807063</LongitudeDegrees></Position><HeartRateBpm><Value>120</Value></HeartRateBpm><Cadence>33</Cadence><Extensions><ns3:TPX><ns3:Speed>1.4900000095367432</ns3:Speed><ns3:Pace>0.67</ns3:Pace></ns3:TPX></Extensions></Trackpoint><Trackpoint><Time>2026-01-27T21:46:50Z</Time><Position><LatitudeDegrees>-8.04118031</LatitudeDegrees><LongitudeDegrees>-34.93805831</LongitudeDegrees></Position><HeartRateBpm><Value>120</Value></HeartRateBpm><Cadence>33</Cadence><Extensions><ns3:TPX><ns3:Speed>1.4900000095367432</ns3:Speed><ns3:Pace>0.67</ns3:Pace></ns3:TPX></Extensions></Trackpoint><Trackpoint><Time>2026-01-27T21:46:51Z</Time><Position><LatitudeDegrees>-8.04118431</LatitudeDegrees><LongitudeDegrees>-34.93804431</LongitudeDegrees></Position><HeartRateBpm><Value>120</Value></HeartRateBpm><Cadence>33</Cadence><Extensions><ns3:TPX><ns3:Speed>1.4900000095367432</ns3:Speed><ns3:Pace>0.67</ns3:Pace></ns3:TPX></Extensions></Trackpoint><Trackpoint><Time>2026-01-27T21:46:52Z</Time><Position><LatitudeDegrees>-8.04118464</LatitudeDegrees><LongitudeDegrees>-34.93802965</LongitudeDegrees></Position><HeartRateBpm><Value>120</Value></HeartRateBpm><Cadence>33</Cadence><Extensions><ns3:TPX><ns3:Speed>1.4900000095367432</ns3:Speed><ns3:Pace>0.67</ns3:Pace></ns3:TPX></Extensions></Trackpoint><Trackpoint><Time>2026-01-27T21:46:53Z</Time><Position><LatitudeDegrees>-8.04118464</LatitudeDegrees><LongitudeDegrees>-34.93801432</LongitudeDegrees></Position><HeartRateBpm><Value>120</Value></HeartRateBpm><Cadence>33</Cadence><Extensions><ns3:TPX><ns3:Speed>1.4900000095367432</ns3:Speed><ns3:Pace>0.67</ns3:Pace></ns3:TPX></Extensions></Trackpoint><Trackpoint><Time>2026-01-27T21:46:54Z</Time><Position><LatitudeDegrees>-8.04118431</LatitudeDegrees><LongitudeDegrees>-34.937999</LongitudeDegrees></Position><HeartRateBpm><Value>121</Value></HeartRateBpm><Cadence>33</Cadence><Extensions><ns3:TPX><ns3:Speed>1.4900000095367432</ns3:Speed><ns3:Pace>0.67</ns3:Pace></ns3:TPX></Extensions></Trackpoint><Trackpoint><Time>2026-01-27T21:46:55Z</Time><Position><LatitudeDegrees>-8.04118497</LatitudeDegrees><LongitudeDegrees>-34.93798434</LongitudeDegrees></Position><HeartRateBpm><Value>122</Value></HeartRateBpm><Cadence>33</Cadence><Extensions><ns3:TPX><ns3:Speed>1.4900000095367432</ns3:Speed><ns3:Pace>0.67</ns3:Pace></ns3:TPX></Extensions></Trackpoint><Trackpoint><Time>2026-01-27T21:46:56Z</Time><Position><LatitudeDegrees>-8.0411853</LatitudeDegrees><LongitudeDegrees>-34.93796801</LongitudeDegrees></Position><HeartRateBpm><Value>122</Value></HeartRateBpm><Cadence>33</Cadence><Extensions><ns3:TPX><ns3:Speed>1.4900000095367432</ns3:Speed><ns3:Pace>0.67</ns3:Pace></ns3:TPX></Extensions></Trackpoint><Trackpoint><Time>2026-01-27T21:46:57Z</Time><Position><LatitudeDegrees>-8.04118497</LatitudeDegrees><LongitudeDegrees>-34.93795102</LongitudeDegrees></Position><HeartRateBpm><Value>122</Value></HeartRateBpm><Cadence>33</Cadence><Extensions><ns3:TPX><ns3:Speed>1.4900000095367432</ns3:Speed><ns3:Pace>0.67</ns3:Pace></ns3:TPX></Extensions></Trackpoint><Trackpoint><Time>2026-01-27T21:46:58Z</Time><Position><LatitudeDegrees>-8.0411873</LatitudeDegrees><LongitudeDegrees>-34.93793636</LongitudeDegrees></Position><HeartRateBpm><Value>122</Value></HeartRateBpm><Cadence>33</Cadence><Extensions><ns3:TPX><ns3:Speed>1.4900000095367432</ns3:Speed><ns3:Pace>0.66</ns3:Pace></ns3:TPX></Extensions></Trackpoint><Trackpoint><Time>2026-01-27T21:46:59Z</Time><Position><LatitudeDegrees>-8.04119329</LatitudeDegrees><LongitudeDegrees>-34.93792436</LongitudeDegrees></Position><HeartRateBpm><Value>124</Value></HeartRateBpm><Cadence>33</Cadence><Extensions><ns3:TPX><ns3:Speed>1.4900000095367432</ns3:Speed><ns3:Pace>0.66</ns3:Pace></ns3:TPX></Extensions></Trackpoint><Trackpoint><Time>2026-01-27T21:47:00Z</Time><Position><LatitudeDegrees>-8.04120129</LatitudeDegrees><LongitudeDegrees>-34.9379157</LongitudeDegrees></Position><HeartRateBpm><Value>125</Value></HeartRateBpm><Cadence>33</Cadence><Extensions><ns3:TPX><ns3:Speed>1.4900000095367432</ns3:Speed><ns3:Pace>0.66</ns3:Pace></ns3:TPX></Extensions></Trackpoint><Trackpoint><Time>2026-01-27T21:47:01Z</Time><Position><LatitudeDegrees>-8.04120928</LatitudeDegrees><LongitudeDegrees>-34.93790804</LongitudeDegrees></Position><HeartRateBpm><Value>126</Value></HeartRateBpm><Cadence>33</Cadence><Extensions><ns3:TPX><ns3:Speed>1.4900000095367432</ns3:Speed><ns3:Pace>0.66</ns3:Pace></ns3:TPX></Extensions></Trackpoint><Trackpoint><Time>2026-01-27T21:47:02Z</Time><Position><LatitudeDegrees>-8.04121727</LatitudeDegrees><LongitudeDegrees>-34.93790005</LongitudeDegrees></Position><HeartRateBpm><Value>126</Value></HeartRateBpm><Cadence>33</Cadence><Extensions><ns3:TPX><ns3:Speed>1.4900000095367432</ns3:Speed><ns3:Pace>0.67</ns3:Pace></ns3:TPX></Extensions></Trackpoint><Trackpoint><Time>2026-01-27T21:47:03Z</Time><Position><LatitudeDegrees>-8.04122361</LatitudeDegrees><LongitudeDegrees>-34.93789005</LongitudeDegrees></Position><HeartRateBpm><Value>125</Value></HeartRateBpm><Cadence>33</Cadence><Extensions><ns3:TPX><ns3:Speed>1.4900000095367432</ns3:Speed><ns3:Pace>0.67</ns3:Pace></ns3:TPX></Extensions></Trackpoint><Trackpoint><Time>2026-01-27T21:47:04Z</Time><Position><LatitudeDegrees>-8.04122793</LatitudeDegrees><LongitudeDegrees>-34.93787772</LongitudeDegrees></Position><HeartRateBpm><Value>124</Value></HeartRateBpm><Cadence>32</Cadence><Extensions><ns3:TPX><ns3:Speed>1.4900000095367432</ns3:Speed><ns3:Pace>0.67</ns3:Pace></ns3:TPX></Extensions></Trackpoint><Trackpoint><Time>2026-01-27T21:47:05Z</Time><Position><LatitudeDegrees>-8.0412326</LatitudeDegrees><LongitudeDegrees>-34.93786073</LongitudeDegrees></Position><HeartRateBpm><Value>124</Value></HeartRateBpm><Cadence>32</Cadence><Extensions><ns3:TPX><ns3:Speed>1.4900000095367432</ns3:Speed><ns3:Pace>0.67</ns3:Pace></ns3:TPX></Extensions></Trackpoint><Trackpoint><Time>2026-01-27T21:47:06Z</Time><Position><LatitudeDegrees>-8.04123859</LatitudeDegrees><LongitudeDegrees>-34.93784341</LongitudeDegrees></Position><HeartRateBpm><Value>125</Value></HeartRateBpm><Cadence>32</Cadence><Extensions><ns3:TPX><ns3:Speed>1.4900000095367432</ns3:Speed><ns3:Pace>0.67</ns3:Pace></ns3:TPX></Extensions></Trackpoint><Trackpoint><Time>2026-01-27T21:47:07Z</Time><Position><LatitudeDegrees>-8.04124425</LatitudeDegrees><LongitudeDegrees>-34.93782708</LongitudeDegrees></Position><HeartRateBpm><Value>125</Value></HeartRateBpm><Cadence>32</Cadence><Extensions><ns3:TPX><ns3:Speed>1.4800000190734863</ns3:Speed><ns3:Pace>0.67</ns3:Pace></ns3:TPX></Extensions></Trackpoint><Trackpoint><Time>2026-01-27T21:47:08Z</Time><Position><LatitudeDegrees>-8.04124924</LatitudeDegrees><LongitudeDegrees>-34.93781074</LongitudeDegrees></Position><HeartRateBpm><Value>125</Value></HeartRateBpm><Cadence>33</Cadence><Extensions><ns3:TPX><ns3:Speed>1.4800000190734863</ns3:Speed><ns3:Pace>0.67</ns3:Pace></ns3:TPX></Extensions></Trackpoint><Trackpoint><Time>2026-01-27T21:47:09Z</Time><Position><LatitudeDegrees>-8.04125358</LatitudeDegrees><LongitudeDegrees>-34.93779508</LongitudeDegrees></Position><HeartRateBpm><Value>125</Value></HeartRateBpm><Cadence>32</Cadence><Extensions><ns3:TPX><ns3:Speed>1.4800000190734863</ns3:Speed><ns3:Pace>0.67</ns3:Pace></ns3:TPX></Extensions></Trackpoint><Trackpoint><Time>2026-01-27T21:47:10Z</Time><Position><LatitudeDegrees>-8.04125923</LatitudeDegrees><LongitudeDegrees>-34.93778009</LongitudeDegrees></Position><HeartRateBpm><Value>125</Value></HeartRateBpm><Cadence>33</Cadence><Extensions><ns3:TPX><ns3:Speed>1.4800000190734863</ns3:Speed><ns3:Pace>0.67</ns3:Pace></ns3:TPX></Extensions></Trackpoint><Trackpoint><Time>2026-01-27T21:47:11Z</Time><Position><LatitudeDegrees>-8.04126557</LatitudeDegrees><LongitudeDegrees>-34.93776576</LongitudeDegrees></Position><HeartRateBpm><Value>125</Value></HeartRateBpm><Cadence>33</Cadence><Extensions><ns3:TPX><ns3:Speed>1.4800000190734863</ns3:Speed><ns3:Pace>0.67</ns3:Pace></ns3:TPX></Extensions></Trackpoint><Trackpoint><Time>2026-01-27T21:47:12Z</Time><Position><LatitudeDegrees>-8.04127122</LatitudeDegrees><LongitudeDegrees>-34.9377501</LongitudeDegrees></Position><HeartRateBpm><Value>125</Value></HeartRateBpm><Cadence>33</Cadence><Extensions><ns3:TPX><ns3:Speed>1.4800000190734863</ns3:Speed><ns3:Pace>0.67</ns3:Pace></ns3:TPX></Extensions></Trackpoint><Trackpoint><Time>2026-01-27T21:47:13Z</Time><Position><LatitudeDegrees>-8.04127655</LatitudeDegrees><LongitudeDegrees>-34.93773343</LongitudeDegrees></Position><HeartRateBpm><Value>125</Value></HeartRateBpm><Cadence>33</Cadence><Extensions><ns3:TPX><ns3:Speed>1.4800000190734863</ns3:Speed><ns3:Pace>0.67</ns3:Pace></ns3:TPX></Extensions></Trackpoint><Trackpoint><Time>2026-01-27T21:47:14Z</Time><Position><LatitudeDegrees>-8.04127988</LatitudeDegrees><LongitudeDegrees>-34.93771711</LongitudeDegrees></Position><HeartRateBpm><Value>125</Value></HeartRateBpm><Cadence>33</Cadence><Extensions><ns3:TPX><ns3:Speed>1.4900000095367432</ns3:Speed><ns3:Pace>0.67</ns3:Pace></ns3:TPX></Extensions></Trackpoint><Trackpoint><Time>2026-01-27T21:47:15Z</Time><Position><LatitudeDegrees>-8.04128255</LatitudeDegrees><LongitudeDegrees>-34.93770077</LongitudeDegrees></Position><HeartRateBpm><Value>126</Value></HeartRateBpm><Cadence>33</Cadence><Extensions><ns3:TPX><ns3:Speed>1.4900000095367432</ns3:Speed><ns3:Pace>0.66</ns3:Pace></ns3:TPX></Extensions></Trackpoint><Trackpoint><Time>2026-01-27T21:47:16Z</Time><Position><LatitudeDegrees>-8.0412852</LatitudeDegrees><LongitudeDegrees>-34.93768477</LongitudeDegrees></Position><HeartRateBpm><Value>127</Value></HeartRateBpm><Cadence>33</Cadence><Extensions><ns3:TPX><ns3:Speed>1.4900000095367432</ns3:Speed><ns3:Pace>0.66</ns3:Pace></ns3:TPX></Extensions></Trackpoint><Trackpoint><Time>2026-01-27T21:47:17Z</Time><Position><LatitudeDegrees>-8.04128854</LatitudeDegrees><LongitudeDegrees>-34.93766877</LongitudeDegrees></Position><HeartRateBpm><Value>127</Value></HeartRateBpm><Cadence>33</Cadence><Extensions><ns3:TPX><ns3:Speed>1.4900000095367432</ns3:Speed><ns3:Pace>0.66</ns3:Pace></ns3:TPX></Extensions></Trackpoint><Trackpoint><Time>2026-01-27T21:47:18Z</Time><Position><LatitudeDegrees>-8.04129253</LatitudeDegrees><LongitudeDegrees>-34.93765278</LongitudeDegrees></Position><HeartRateBpm><Value>127</Value></HeartRateBpm><Cadence>33</Cadence><Extensions><ns3:TPX><ns3:Speed>1.4900000095367432</ns3:Speed><ns3:Pace>0.66</ns3:Pace></ns3:TPX></Extensions></Trackpoint><Trackpoint><Time>2026-01-27T21:47:19Z</Time><Position><LatitudeDegrees>-8.04129919</LatitudeDegrees><LongitudeDegrees>-34.93763478</LongitudeDegrees></Position><HeartRateBpm><Value>128</Value></HeartRateBpm><Cadence>33</Cadence><Extensions><ns3:TPX><ns3:Speed>1.5</ns3:Speed><ns3:Pace>0.66</ns3:Pace></ns3:TPX></Extensions></Trackpoint><Trackpoint><Time>2026-01-27T21:47:20Z</Time><Position><LatitudeDegrees>-8.04130553</LatitudeDegrees><LongitudeDegrees>-34.93761846</LongitudeDegrees></Position><HeartRateBpm><Value>128</Value></HeartRateBpm><Cadence>33</Cadence><Extensions><ns3:TPX><ns3:Speed>1.5</ns3:Speed><ns3:Pace>0.66</ns3:Pace></ns3:TPX></Extensions></Trackpoint><Trackpoint><Time>2026-01-27T21:47:21Z</Time><Position><LatitudeDegrees>-8.04131285</LatitudeDegrees><LongitudeDegrees>-34.93760413</LongitudeDegrees></Position><HeartRateBpm><Value>128</Value></HeartRateBpm><Cadence>33</Cadence><Extensions><ns3:TPX><ns3:Speed>1.5</ns3:Speed><ns3:Pace>0.66</ns3:Pace></ns3:TPX></Extensions></Trackpoint><Trackpoint><Time>2026-01-27T21:47:22Z</Time><Position><LatitudeDegrees>-8.04132085</LatitudeDegrees><LongitudeDegrees>-34.93759147</LongitudeDegrees></Position><HeartRateBpm><Value>127</Value></HeartRateBpm><Cadence>33</Cadence><Extensions><ns3:TPX><ns3:Speed>1.5099999904632568</ns3:Speed><ns3:Pace>0.66</ns3:Pace></ns3:TPX></Extensions></Trackpoint><Trackpoint><Time>2026-01-27T21:47:23Z</Time><Position><LatitudeDegrees>-8.04132884</LatitudeDegrees><LongitudeDegrees>-34.93758015</LongitudeDegrees></Position><HeartRateBpm><Value>127</Value></HeartRateBpm><Cadence>33</Cadence><Extensions><ns3:TPX><ns3:Speed>1.5099999904632568</ns3:Speed><ns3:Pace>0.66</ns3:Pace></ns3:TPX></Extensions></Trackpoint><Trackpoint><Time>2026-01-27T21:47:24Z</Time><Position><LatitudeDegrees>-8.04133717</LatitudeDegrees><LongitudeDegrees>-34.93756948</LongitudeDegrees></Position><HeartRateBpm><Value>127</Value></HeartRateBpm><Cadence>33</Cadence><Extensions><ns3:TPX><ns3:Speed>1.5099999904632568</ns3:Speed><ns3:Pace>0.65</ns3:Pace></ns3:TPX></Extensions></Trackpoint><Trackpoint><Time>2026-01-27T21:47:25Z</Time><Position><LatitudeDegrees>-8.04134651</LatitudeDegrees><LongitudeDegrees>-34.93755848</LongitudeDegrees></Position><HeartRateBpm><Value>127</Value></HeartRateBpm><Cadence>33</Cadence><Extensions><ns3:TPX><ns3:Speed>1.5099999904632568</ns3:Speed><ns3:Pace>0.65</ns3:Pace></ns3:TPX></Extensions></Trackpoint><Trackpoint><Time>2026-01-27T21:47:26Z</Time><Position><LatitudeDegrees>-8.04135616</LatitudeDegrees><LongitudeDegrees>-34.93754748</LongitudeDegrees></Position><HeartRateBpm><Value>127</Value></HeartRateBpm><Cadence>33</Cadence><Extensions><ns3:TPX><ns3:Speed>1.5099999904632568</ns3:Speed><ns3:Pace>0.65</ns3:Pace></ns3:TPX></Extensions></Trackpoint><Trackpoint><Time>2026-01-27T21:47:27Z</Time><Position><LatitudeDegrees>-8.04136482</LatitudeDegrees><LongitudeDegrees>-34.93753516</LongitudeDegrees></Position><HeartRateBpm><Value>127</Value></HeartRateBpm><Cadence>33</Cadence><Extensions><ns3:TPX><ns3:Speed>1.5099999904632568</ns3:Speed><ns3:Pace>0.65</ns3:Pace></ns3:TPX></Extensions></Trackpoint><Trackpoint><Time>2026-01-27T21:47:28Z</Time><Position><LatitudeDegrees>-8.04137382</LatitudeDegrees><LongitudeDegrees>-34.93752283</LongitudeDegrees></Position><HeartRateBpm><Value>128</Value></HeartRateBpm><Cadence>32</Cadence><Extensions><ns3:TPX><ns3:Speed>1.5099999904632568</ns3:Speed><ns3:Pace>0.65</ns3:Pace></ns3:TPX></Extensions></Trackpoint><Trackpoint><Time>2026-01-27T21:47:29Z</Time><Position><LatitudeDegrees>-8.04138215</LatitudeDegrees><LongitudeDegrees>-34.9375125</LongitudeDegrees></Position><HeartRateBpm><Value>128</Value></HeartRateBpm><Cadence>32</Cadence><Extensions><ns3:TPX><ns3:Speed>1.5099999904632568</ns3:Speed><ns3:Pace>0.65</ns3:Pace></ns3:TPX></Extensions></Trackpoint><Trackpoint><Time>2026-01-27T21:47:30Z</Time><Position><LatitudeDegrees>-8.04139014</LatitudeDegrees><LongitudeDegrees>-34.93750183</LongitudeDegrees></Position><HeartRateBpm><Value>128</Value></HeartRateBpm><Cadence>32</Cadence><Extensions><ns3:TPX><ns3:Speed>1.5099999904632568</ns3:Speed><ns3:Pace>0.65</ns3:Pace></ns3:TPX></Extensions></Trackpoint><Trackpoint><Time>2026-01-27T21:47:31Z</Time><Position><LatitudeDegrees>-8.04139648</LatitudeDegrees><LongitudeDegrees>-34.93749117</LongitudeDegrees></Position><HeartRateBpm><Value>128</Value></HeartRateBpm><Cadence>31</Cadence><Extensions><ns3:TPX><ns3:Speed>1.5099999904632568</ns3:Speed><ns3:Pace>0.66</ns3:Pace></ns3:TPX></Extensions></Trackpoint><Trackpoint><Time>2026-01-27T21:47:32Z</Time><Position><LatitudeDegrees>-8.04140114</LatitudeDegrees><LongitudeDegrees>-34.93748051</LongitudeDegrees></Position><HeartRateBpm><Value>128</Value></HeartRateBpm><Cadence>32</Cadence><Extensions><ns3:TPX><ns3:Speed>1.5099999904632568</ns3:Speed><ns3:Pace>0.66</ns3:Pace></ns3:TPX></Extensions></Trackpoint><Trackpoint><Time>2026-01-27T21:47:33Z</Time><Position><LatitudeDegrees>-8.04140413</LatitudeDegrees><LongitudeDegrees>-34.93746918</LongitudeDegrees></Position><HeartRateBpm><Value>129</Value></HeartRateBpm><Cadence>32</Cadence><Extensions><ns3:TPX><ns3:Speed>1.5099999904632568</ns3:Speed><ns3:Pace>0.66</ns3:Pace></ns3:TPX></Extensions></Trackpoint><Trackpoint><Time>2026-01-27T21:47:34Z</Time><Position><LatitudeDegrees>-8.04140912</LatitudeDegrees><LongitudeDegrees>-34.93745719</LongitudeDegrees></Position><HeartRateBpm><Value>132</Value></HeartRateBpm><Cadence>32</Cadence><Extensions><ns3:TPX><ns3:Speed>1.5099999904632568</ns3:Speed><ns3:Pace>0.66</ns3:Pace></ns3:TPX></Extensions></Trackpoint><Trackpoint><Time>2026-01-27T21:47:35Z</Time><Position><LatitudeDegrees>-8.04141612</LatitudeDegrees><LongitudeDegrees>-34.93744386</LongitudeDegrees></Position><HeartRateBpm><Value>132</Value></HeartRateBpm><Cadence>32</Cadence><Extensions><ns3:TPX><ns3:Speed>1.5099999904632568</ns3:Speed><ns3:Pace>0.66</ns3:Pace></ns3:TPX></Extensions></Trackpoint><Trackpoint><Time>2026-01-27T21:47:36Z</Time><Position><LatitudeDegrees>-8.04142512</LatitudeDegrees><LongitudeDegrees>-34.9374282</LongitudeDegrees></Position><HeartRateBpm><Value>132</Value></HeartRateBpm><Cadence>32</Cadence><Extensions><ns3:TPX><ns3:Speed>1.5</ns3:Speed><ns3:Pace>0.66</ns3:Pace></ns3:TPX></Extensions></Trackpoint><Trackpoint><Time>2026-01-27T21:47:37Z</Time><Position><LatitudeDegrees>-8.04143479</LatitudeDegrees><LongitudeDegrees>-34.93741121</LongitudeDegrees></Position><HeartRateBpm><Value>131</Value></HeartRateBpm><Cadence>32</Cadence><Extensions><ns3:TPX><ns3:Speed>1.5</ns3:Speed><ns3:Pace>0.66</ns3:Pace></ns3:TPX></Extensions></Trackpoint><Trackpoint><Time>2026-01-27T21:47:38Z</Time><Position><LatitudeDegrees>-8.04144278</LatitudeDegrees><LongitudeDegrees>-34.93739454</LongitudeDegrees></Position><HeartRateBpm><Value>131</Value></HeartRateBpm><Cadence>32</Cadence><Extensions><ns3:TPX><ns3:Speed>1.4900000095367432</ns3:Speed><ns3:Pace>0.66</ns3:Pace></ns3:TPX></Extensions></Trackpoint><Trackpoint><Time>2026-01-27T21:47:39Z</Time><Position><LatitudeDegrees>-8.04145178</LatitudeDegrees><LongitudeDegrees>-34.93737655</LongitudeDegrees></Position><HeartRateBpm><Value>131</Value></HeartRateBpm><Cadence>32</Cadence><Extensions><ns3:TPX><ns3:Speed>1.4900000095367432</ns3:Speed><ns3:Pace>0.66</ns3:Pace></ns3:TPX></Extensions></Trackpoint><Trackpoint><Time>2026-01-27T21:47:40Z</Time><Position><LatitudeDegrees>-8.0414611</LatitudeDegrees><LongitudeDegrees>-34.93735988</LongitudeDegrees></Position><HeartRateBpm><Value>132</Value></HeartRateBpm><Cadence>32</Cadence><Extensions><ns3:TPX><ns3:Speed>1.4900000095367432</ns3:Speed><ns3:Pace>0.66</ns3:Pace></ns3:TPX></Extensions></Trackpoint><Trackpoint><Time>2026-01-27T21:47:41Z</Time><Position><LatitudeDegrees>-8.04146744</LatitudeDegrees><LongitudeDegrees>-34.93734422</LongitudeDegrees></Position><HeartRateBpm><Value>132</Value></HeartRateBpm><Cadence>32</Cadence><Extensions><ns3:TPX><ns3:Speed>1.4900000095367432</ns3:Speed><ns3:Pace>0.66</ns3:Pace></ns3:TPX></Extensions></Trackpoint><Trackpoint><Time>2026-01-27T21:47:42Z</Time><Position><LatitudeDegrees>-8.04147343</LatitudeDegrees><LongitudeDegrees>-34.93732788</LongitudeDegrees></Position><HeartRateBpm><Value>132</Value></HeartRateBpm><Cadence>32</Cadence><Extensions><ns3:TPX><ns3:Speed>1.5</ns3:Speed><ns3:Pace>0.66</ns3:Pace></ns3:TPX></Extensions></Trackpoint><Trackpoint><Time>2026-01-27T21:47:43Z</Time><Position><LatitudeDegrees>-8.04148076</LatitudeDegrees><LongitudeDegrees>-34.93731223</LongitudeDegrees></Position><HeartRateBpm><Value>132</Value></HeartRateBpm><Cadence>32</Cadence><Extensions><ns3:TPX><ns3:Speed>1.5099999904632568</ns3:Speed><ns3:Pace>0.65</ns3:Pace></ns3:TPX></Extensions></Trackpoint><Trackpoint><Time>2026-01-27T21:47:44Z</Time><Position><LatitudeDegrees>-8.04148843</LatitudeDegrees><LongitudeDegrees>-34.93729656</LongitudeDegrees></Position><HeartRateBpm><Value>132</Value></HeartRateBpm><Cadence>32</Cadence><Extensions><ns3:TPX><ns3:Speed>1.5099999904632568</ns3:Speed><ns3:Pace>0.65</ns3:Pace></ns3:TPX></Extensions></Trackpoint><Trackpoint><Time>2026-01-27T21:47:45Z</Time><Position><LatitudeDegrees>-8.04149575</LatitudeDegrees><LongitudeDegrees>-34.93728124</LongitudeDegrees></Position><HeartRateBpm><Value>133</Value></HeartRateBpm><Cadence>32</Cadence><Extensions><ns3:TPX><ns3:Speed>1.5199999809265137</ns3:Speed><ns3:Pace>0.65</ns3:Pace></ns3:TPX></Extensions></Trackpoint><Trackpoint><Time>2026-01-27T21:47:46Z</Time><Position><LatitudeDegrees>-8.04150275</LatitudeDegrees><LongitudeDegrees>-34.93726657</LongitudeDegrees></Position><HeartRateBpm><Value>132</Value></HeartRateBpm><Cadence>32</Cadence><Extensions><ns3:TPX><ns3:Speed>1.5299999713897705</ns3:Speed><ns3:Pace>0.65</ns3:Pace></ns3:TPX></Extensions></Trackpoint><Trackpoint><Time>2026-01-27T21:47:47Z</Time><Position><LatitudeDegrees>-8.04150907</LatitudeDegrees><LongitudeDegrees>-34.93725325</LongitudeDegrees></Position><HeartRateBpm><Value>132</Value></HeartRateBpm><Cadence>32</Cadence><Extensions><ns3:TPX><ns3:Speed>1.5299999713897705</ns3:Speed><ns3:Pace>0.64</ns3:Pace></ns3:TPX></Extensions></Trackpoint><Trackpoint><Time>2026-01-27T21:47:48Z</Time><Position><LatitudeDegrees>-8.04151574</LatitudeDegrees><LongitudeDegrees>-34.93724125</LongitudeDegrees></Position><HeartRateBpm><Value>132</Value></HeartRateBpm><Cadence>32</Cadence><Extensions><ns3:TPX><ns3:Speed>1.5399999618530273</ns3:Speed><ns3:Pace>0.64</ns3:Pace></ns3:TPX></Extensions></Trackpoint><Trackpoint><Time>2026-01-27T21:47:49Z</Time><Position><LatitudeDegrees>-8.04152173</LatitudeDegrees><LongitudeDegrees>-34.93722992</LongitudeDegrees></Position><HeartRateBpm><Value>132</Value></HeartRateBpm><Cadence>32</Cadence><Extensions><ns3:TPX><ns3:Speed>1.5499999523162842</ns3:Speed><ns3:Pace>0.64</ns3:Pace></ns3:TPX></Extensions></Trackpoint><Trackpoint><Time>2026-01-27T21:47:50Z</Time><Position><LatitudeDegrees>-8.0415284</LatitudeDegrees><LongitudeDegrees>-34.93721826</LongitudeDegrees></Position><HeartRateBpm><Value>131</Value></HeartRateBpm><Cadence>33</Cadence><Extensions><ns3:TPX><ns3:Speed>1.5499999523162842</ns3:Speed><ns3:Pace>0.64</ns3:Pace></ns3:TPX></Extensions></Trackpoint><Trackpoint><Time>2026-01-27T21:47:51Z</Time><Position><LatitudeDegrees>-8.04153505</LatitudeDegrees><LongitudeDegrees>-34.93720726</LongitudeDegrees></Position><HeartRateBpm><Value>131</Value></HeartRateBpm><Cadence>32</Cadence><Extensions><ns3:TPX><ns3:Speed>1.559999942779541</ns3:Speed><ns3:Pace>0.63</ns3:Pace></ns3:TPX></Extensions></Trackpoint><Trackpoint><Time>2026-01-27T21:47:52Z</Time><Position><LatitudeDegrees>-8.04154305</LatitudeDegrees><LongitudeDegrees>-34.9371946</LongitudeDegrees></Position><HeartRateBpm><Value>131</Value></HeartRateBpm><Cadence>32</Cadence><Extensions><ns3:TPX><ns3:Speed>1.559999942779541</ns3:Speed><ns3:Pace>0.63</ns3:Pace></ns3:TPX></Extensions></Trackpoint><Trackpoint><Time>2026-01-27T21:47:53Z</Time><Position><LatitudeDegrees>-8.04155038</LatitudeDegrees><LongitudeDegrees>-34.93718193</LongitudeDegrees></Position><HeartRateBpm><Value>131</Value></HeartRateBpm><Cadence>32</Cadence><Extensions><ns3:TPX><ns3:Speed>1.559999942779541</ns3:Speed><ns3:Pace>0.63</ns3:Pace></ns3:TPX></Extensions></Trackpoint><Trackpoint><Time>2026-01-27T21:47:54Z</Time><Position><LatitudeDegrees>-8.04155871</LatitudeDegrees><LongitudeDegrees>-34.93717028</LongitudeDegrees></Position><HeartRateBpm><Value>131</Value></HeartRateBpm><Cadence>32</Cadence><Extensions><ns3:TPX><ns3:Speed>1.559999942779541</ns3:Speed><ns3:Pace>0.63</ns3:Pace></ns3:TPX></Extensions></Trackpoint><Trackpoint><Time>2026-01-27T21:47:55Z</Time><Position><LatitudeDegrees>-8.04156704</LatitudeDegrees><LongitudeDegrees>-34.93715862</LongitudeDegrees></Position><HeartRateBpm><Value>131</Value></HeartRateBpm><Cadence>32</Cadence><Extensions><ns3:TPX><ns3:Speed>1.559999942779541</ns3:Speed><ns3:Pace>0.63</ns3:Pace></ns3:TPX></Extensions></Trackpoint><Trackpoint><Time>2026-01-27T21:47:56Z</Time><Position><LatitudeDegrees>-8.04157471</LatitudeDegrees><LongitudeDegrees>-34.93714762</LongitudeDegrees></Position><HeartRateBpm><Value>131</Value></HeartRateBpm><Cadence>32</Cadence><Extensions><ns3:TPX><ns3:Speed>1.559999942779541</ns3:Speed><ns3:Pace>0.64</ns3:Pace></ns3:TPX></Extensions></Trackpoint><Trackpoint><Time>2026-01-27T21:47:57Z</Time><Position><LatitudeDegrees>-8.04158304</LatitudeDegrees><LongitudeDegrees>-34.9371363</LongitudeDegrees></Position><HeartRateBpm><Value>131</Value></HeartRateBpm><Cadence>32</Cadence><Extensions><ns3:TPX><ns3:Speed>1.559999942779541</ns3:Speed><ns3:Pace>0.64</ns3:Pace></ns3:TPX></Extensions></Trackpoint><Trackpoint><Time>2026-01-27T21:47:58Z</Time><Position><LatitudeDegrees>-8.0415917</LatitudeDegrees><LongitudeDegrees>-34.93712697</LongitudeDegrees></Position><HeartRateBpm><Value>130</Value></HeartRateBpm><Cadence>32</Cadence><Extensions><ns3:TPX><ns3:Speed>1.559999942779541</ns3:Speed><ns3:Pace>0.64</ns3:Pace></ns3:TPX></Extensions></Trackpoint><Trackpoint><Time>2026-01-27T21:47:59Z</Time><Position><LatitudeDegrees>-8.04160036</LatitudeDegrees><LongitudeDegrees>-34.93711765</LongitudeDegrees></Position><HeartRateBpm><Value>130</Value></HeartRateBpm><Cadence>32</Cadence><Extensions><ns3:TPX><ns3:Speed>1.5499999523162842</ns3:Speed><ns3:Pace>0.64</ns3:Pace></ns3:TPX></Extensions></Trackpoint><Trackpoint><Time>2026-01-27T21:48:00Z</Time><Position><LatitudeDegrees>-8.04160936</LatitudeDegrees><LongitudeDegrees>-34.93710632</LongitudeDegrees></Position><HeartRateBpm><Value>130</Value></HeartRateBpm><Cadence>32</Cadence><Extensions><ns3:TPX><ns3:Speed>1.5499999523162842</ns3:Speed><ns3:Pace>0.64</ns3:Pace></ns3:TPX></Extensions></Trackpoint><Trackpoint><Time>2026-01-27T21:48:01Z</Time><Position><LatitudeDegrees>-8.04161801</LatitudeDegrees><LongitudeDegrees>-34.93709433</LongitudeDegrees></Position><HeartRateBpm><Value>131</Value></HeartRateBpm><Cadence>32</Cadence><Extensions><ns3:TPX><ns3:Speed>1.5499999523162842</ns3:Speed><ns3:Pace>0.64</ns3:Pace></ns3:TPX></Extensions></Trackpoint><Trackpoint><Time>2026-01-27T21:48:02Z</Time><Position><LatitudeDegrees>-8.04162635</LatitudeDegrees><LongitudeDegrees>-34.93708234</LongitudeDegrees></Position><HeartRateBpm><Value>132</Value></HeartRateBpm><Cadence>32</Cadence><Extensions><ns3:TPX><ns3:Speed>1.5499999523162842</ns3:Speed><ns3:Pace>0.64</ns3:Pace></ns3:TPX></Extensions></Trackpoint><Trackpoint><Time>2026-01-27T21:48:03Z</Time><Position><LatitudeDegrees>-8.04163468</LatitudeDegrees><LongitudeDegrees>-34.93707068</LongitudeDegrees></Position><HeartRateBpm><Value>132</Value></HeartRateBpm><Cadence>32</Cadence><Extensions><ns3:TPX><ns3:Speed>1.5499999523162842</ns3:Speed><ns3:Pace>0.64</ns3:Pace></ns3:TPX></Extensions></Trackpoint><Trackpoint><Time>2026-01-27T21:48:04Z</Time><Position><LatitudeDegrees>-8.04164334</LatitudeDegrees><LongitudeDegrees>-34.93706001</LongitudeDegrees></Position><HeartRateBpm><Value>132</Value></HeartRateBpm><Cadence>32</Cadence><Extensions><ns3:TPX><ns3:Speed>1.5399999618530273</ns3:Speed><ns3:Pace>0.64</ns3:Pace></ns3:TPX></Extensions></Trackpoint><Trackpoint><Time>2026-01-27T21:48:05Z</Time><Position><LatitudeDegrees>-8.04165234</LatitudeDegrees><LongitudeDegrees>-34.93704968</LongitudeDegrees></Position><HeartRateBpm><Value>131</Value></HeartRateBpm><Cadence>32</Cadence><Extensions><ns3:TPX><ns3:Speed>1.5399999618530273</ns3:Speed><ns3:Pace>0.64</ns3:Pace></ns3:TPX></Extensions></Trackpoint><Trackpoint><Time>2026-01-27T21:48:06Z</Time><Position><LatitudeDegrees>-8.04165966</LatitudeDegrees><LongitudeDegrees>-34.93703868</LongitudeDegrees></Position><HeartRateBpm><Value>131</Value></HeartRateBpm><Cadence>32</Cadence><Extensions><ns3:TPX><ns3:Speed>1.5399999618530273</ns3:Speed><ns3:Pace>0.64</ns3:Pace></ns3:TPX></Extensions></Trackpoint><Trackpoint><Time>2026-01-27T21:48:07Z</Time><Position><LatitudeDegrees>-8.04166599</LatitudeDegrees><LongitudeDegrees>-34.93702769</LongitudeDegrees></Position><HeartRateBpm><Value>130</Value></HeartRateBpm><Cadence>32</Cadence><Extensions><ns3:TPX><ns3:Speed>1.5399999618530273</ns3:Speed><ns3:Pace>0.64</ns3:Pace></ns3:TPX></Extensions></Trackpoint><Trackpoint><Time>2026-01-27T21:48:08Z</Time><Position><LatitudeDegrees>-8.04167198</LatitudeDegrees><LongitudeDegrees>-34.93701637</LongitudeDegrees></Position><HeartRateBpm><Value>130</Value></HeartRateBpm><Cadence>32</Cadence><Extensions><ns3:TPX><ns3:Speed>1.5399999618530273</ns3:Speed><ns3:Pace>0.64</ns3:Pace></ns3:TPX></Extensions></Trackpoint><Trackpoint><Time>2026-01-27T21:48:09Z</Time><Position><LatitudeDegrees>-8.04167697</LatitudeDegrees><LongitudeDegrees>-34.93700103</LongitudeDegrees></Position><HeartRateBpm><Value>131</Value></HeartRateBpm><Cadence>33</Cadence><Extensions><ns3:TPX><ns3:Speed>1.5399999618530273</ns3:Speed><ns3:Pace>0.65</ns3:Pace></ns3:TPX></Extensions></Trackpoint><Trackpoint><Time>2026-01-27T21:48:10Z</Time><Position><LatitudeDegrees>-8.0416793</LatitudeDegrees><LongitudeDegrees>-34.93698537</LongitudeDegrees></Position><HeartRateBpm><Value>131</Value></HeartRateBpm><Cadence>33</Cadence><Extensions><ns3:TPX><ns3:Speed>1.5299999713897705</ns3:Speed><ns3:Pace>0.65</ns3:Pace></ns3:TPX></Extensions></Trackpoint><Trackpoint><Time>2026-01-27T21:48:11Z</Time><Position><LatitudeDegrees>-8.0416813</LatitudeDegrees><LongitudeDegrees>-34.93697004</LongitudeDegrees></Position><HeartRateBpm><Value>131</Value></HeartRateBpm><Cadence>33</Cadence><Extensions><ns3:TPX><ns3:Speed>1.5299999713897705</ns3:Speed><ns3:Pace>0.65</ns3:Pace></ns3:TPX></Extensions></Trackpoint><Trackpoint><Time>2026-01-27T21:48:12Z</Time><Position><LatitudeDegrees>-8.04168429</LatitudeDegrees><LongitudeDegrees>-34.93695505</LongitudeDegrees></Position><HeartRateBpm><Value>131</Value></HeartRateBpm><Cadence>33</Cadence><Extensions><ns3:TPX><ns3:Speed>1.5299999713897705</ns3:Speed><ns3:Pace>0.65</ns3:Pace></ns3:TPX></Extensions></Trackpoint><Trackpoint><Time>2026-01-27T21:48:13Z</Time><Position><LatitudeDegrees>-8.04168862</LatitudeDegrees><LongitudeDegrees>-34.93694205</LongitudeDegrees></Position><HeartRateBpm><Value>130</Value></HeartRateBpm><Cadence>33</Cadence><Extensions><ns3:TPX><ns3:Speed>1.5299999713897705</ns3:Speed><ns3:Pace>0.65</ns3:Pace></ns3:TPX></Extensions></Trackpoint><Trackpoint><Time>2026-01-27T21:48:14Z</Time><Position><LatitudeDegrees>-8.04169361</LatitudeDegrees><LongitudeDegrees>-34.93692973</LongitudeDegrees></Position><HeartRateBpm><Value>129</Value></HeartRateBpm><Cadence>33</Cadence><Extensions><ns3:TPX><ns3:Speed>1.5299999713897705</ns3:Speed><ns3:Pace>0.65</ns3:Pace></ns3:TPX></Extensions></Trackpoint><Trackpoint><Time>2026-01-27T21:48:15Z</Time><Position><LatitudeDegrees>-8.0416996</LatitudeDegrees><LongitudeDegrees>-34.93691841</LongitudeDegrees></Position><HeartRateBpm><Value>129</Value></HeartRateBpm><Cadence>32</Cadence><Extensions><ns3:TPX><ns3:Speed>1.5299999713897705</ns3:Speed><ns3:Pace>0.65</ns3:Pace></ns3:TPX></Extensions></Trackpoint><Trackpoint><Time>2026-01-27T21:48:16Z</Time><Position><LatitudeDegrees>-8.04170592</LatitudeDegrees><LongitudeDegrees>-34.93690641</LongitudeDegrees></Position><HeartRateBpm><Value>130</Value></HeartRateBpm><Cadence>32</Cadence><Extensions><ns3:TPX><ns3:Speed>1.5299999713897705</ns3:Speed><ns3:Pace>0.65</ns3:Pace></ns3:TPX></Extensions></Trackpoint><Trackpoint><Time>2026-01-27T21:48:17Z</Time><Position><LatitudeDegrees>-8.04171226</LatitudeDegrees><LongitudeDegrees>-34.93689375</LongitudeDegrees></Position><HeartRateBpm><Value>132</Value></HeartRateBpm><Cadence>32</Cadence><Extensions><ns3:TPX><ns3:Speed>1.5299999713897705</ns3:Speed><ns3:Pace>0.65</ns3:Pace></ns3:TPX></Extensions></Trackpoint><Trackpoint><Time>2026-01-27T21:48:18Z</Time><Position><LatitudeDegrees>-8.04171826</LatitudeDegrees><LongitudeDegrees>-34.93688042</LongitudeDegrees></Position><HeartRateBpm><Value>132</Value></HeartRateBpm><Cadence>32</Cadence><Extensions><ns3:TPX><ns3:Speed>1.5299999713897705</ns3:Speed><ns3:Pace>0.65</ns3:Pace></ns3:TPX></Extensions></Trackpoint><Trackpoint><Time>2026-01-27T21:48:19Z</Time><Position><LatitudeDegrees>-8.04172558</LatitudeDegrees><LongitudeDegrees>-34.93686675</LongitudeDegrees></Position><HeartRateBpm><Value>133</Value></HeartRateBpm><Cadence>32</Cadence><Extensions><ns3:TPX><ns3:Speed>1.5299999713897705</ns3:Speed><ns3:Pace>0.65</ns3:Pace></ns3:TPX></Extensions></Trackpoint><Trackpoint><Time>2026-01-27T21:48:20Z</Time><Position><LatitudeDegrees>-8.04173325</LatitudeDegrees><LongitudeDegrees>-34.93685243</LongitudeDegrees></Position><HeartRateBpm><Value>132</Value></HeartRateBpm><Cadence>32</Cadence><Extensions><ns3:TPX><ns3:Speed>1.5199999809265137</ns3:Speed><ns3:Pace>0.65</ns3:Pace></ns3:TPX></Extensions></Trackpoint><Trackpoint><Time>2026-01-27T21:48:21Z</Time><Position><LatitudeDegrees>-8.04174191</LatitudeDegrees><LongitudeDegrees>-34.9368391</LongitudeDegrees></Position><HeartRateBpm><Value>132</Value></HeartRateBpm><Cadence>32</Cadence><Extensions><ns3:TPX><ns3:Speed>1.5199999809265137</ns3:Speed><ns3:Pace>0.65</ns3:Pace></ns3:TPX></Extensions></Trackpoint><Trackpoint><Time>2026-01-27T21:48:22Z</Time><Position><LatitudeDegrees>-8.04175125</LatitudeDegrees><LongitudeDegrees>-34.93682744</LongitudeDegrees></Position><HeartRateBpm><Value>132</Value></HeartRateBpm><Cadence>32</Cadence><Extensions><ns3:TPX><ns3:Speed>1.5199999809265137</ns3:Speed><ns3:Pace>0.65</ns3:Pace></ns3:TPX></Extensions></Trackpoint><Trackpoint><Time>2026-01-27T21:48:23Z</Time><Position><LatitudeDegrees>-8.04176024</LatitudeDegrees><LongitudeDegrees>-34.93681678</LongitudeDegrees></Position><HeartRateBpm><Value>132</Value></HeartRateBpm><Cadence>32</Cadence><Extensions><ns3:TPX><ns3:Speed>1.5199999809265137</ns3:Speed><ns3:Pace>0.65</ns3:Pace></ns3:TPX></Extensions></Trackpoint><Trackpoint><Time>2026-01-27T21:48:24Z</Time><Position><LatitudeDegrees>-8.04176924</LatitudeDegrees><LongitudeDegrees>-34.93680645</LongitudeDegrees></Position><HeartRateBpm><Value>132</Value></HeartRateBpm><Cadence>32</Cadence><Extensions><ns3:TPX><ns3:Speed>1.5199999809265137</ns3:Speed><ns3:Pace>0.65</ns3:Pace></ns3:TPX></Extensions></Trackpoint><Trackpoint><Time>2026-01-27T21:48:25Z</Time><Position><LatitudeDegrees>-8.04177824</LatitudeDegrees><LongitudeDegrees>-34.93679611</LongitudeDegrees></Position><HeartRateBpm><Value>132</Value></HeartRateBpm><Cadence>32</Cadence><Extensions><ns3:TPX><ns3:Speed>1.5199999809265137</ns3:Speed><ns3:Pace>0.65</ns3:Pace></ns3:TPX></Extensions></Trackpoint><Trackpoint><Time>2026-01-27T21:48:26Z</Time><Position><LatitudeDegrees>-8.04178756</LatitudeDegrees><LongitudeDegrees>-34.93678412</LongitudeDegrees></Position><HeartRateBpm><Value>132</Value></HeartRateBpm><Cadence>32</Cadence><Extensions><ns3:TPX><ns3:Speed>1.5199999809265137</ns3:Speed><ns3:Pace>0.65</ns3:Pace></ns3:TPX></Extensions></Trackpoint><Trackpoint><Time>2026-01-27T21:48:27Z</Time><Position><LatitudeDegrees>-8.04179623</LatitudeDegrees><LongitudeDegrees>-34.93677312</LongitudeDegrees></Position><HeartRateBpm><Value>132</Value></HeartRateBpm><Cadence>32</Cadence><Extensions><ns3:TPX><ns3:Speed>1.5199999809265137</ns3:Speed><ns3:Pace>0.65</ns3:Pace></ns3:TPX></Extensions></Trackpoint><Trackpoint><Time>2026-01-27T21:48:28Z</Time><Position><LatitudeDegrees>-8.04180422</LatitudeDegrees><LongitudeDegrees>-34.93675946</LongitudeDegrees></Position><HeartRateBpm><Value>132</Value></HeartRateBpm><Cadence>32</Cadence><Extensions><ns3:TPX><ns3:Speed>1.5299999713897705</ns3:Speed><ns3:Pace>0.65</ns3:Pace></ns3:TPX></Extensions></Trackpoint><Trackpoint><Time>2026-01-27T21:48:29Z</Time><Position><LatitudeDegrees>-8.04181122</LatitudeDegrees><LongitudeDegrees>-34.93674546</LongitudeDegrees></Position><HeartRateBpm><Value>131</Value></HeartRateBpm><Cadence>32</Cadence><Extensions><ns3:TPX><ns3:Speed>1.5299999713897705</ns3:Speed><ns3:Pace>0.65</ns3:Pace></ns3:TPX></Extensions></Trackpoint><Trackpoint><Time>2026-01-27T21:48:30Z</Time><Position><LatitudeDegrees>-8.04181588</LatitudeDegrees><LongitudeDegrees>-34.93673146</LongitudeDegrees></Position><HeartRateBpm><Value>131</Value></HeartRateBpm><Cadence>32</Cadence><Extensions><ns3:TPX><ns3:Speed>1.5299999713897705</ns3:Speed><ns3:Pace>0.65</ns3:Pace></ns3:TPX></Extensions></Trackpoint><Trackpoint><Time>2026-01-27T21:48:31Z</Time><Position><LatitudeDegrees>-8.04181788</LatitudeDegrees><LongitudeDegrees>-34.93671847</LongitudeDegrees></Position><HeartRateBpm><Value>131</Value></HeartRateBpm><Cadence>32</Cadence><Extensions><ns3:TPX><ns3:Speed>1.5299999713897705</ns3:Speed><ns3:Pace>0.65</ns3:Pace></ns3:TPX></Extensions></Trackpoint><Trackpoint><Time>2026-01-27T21:48:32Z</Time><Position><LatitudeDegrees>-8.04181854</LatitudeDegrees><LongitudeDegrees>-34.9367038</LongitudeDegrees></Position><HeartRateBpm><Value>130</Value></HeartRateBpm><Cadence>32</Cadence><Extensions><ns3:TPX><ns3:Speed>1.5199999809265137</ns3:Speed><ns3:Pace>0.65</ns3:Pace></ns3:TPX></Extensions></Trackpoint><Trackpoint><Time>2026-01-27T21:48:33Z</Time><Position><LatitudeDegrees>-8.04181921</LatitudeDegrees><LongitudeDegrees>-34.93668948</LongitudeDegrees></Position><HeartRateBpm><Value>130</Value></HeartRateBpm><Cadence>32</Cadence><Extensions><ns3:TPX><ns3:Speed>1.5199999809265137</ns3:Speed><ns3:Pace>0.65</ns3:Pace></ns3:TPX></Extensions></Trackpoint><Trackpoint><Time>2026-01-27T21:48:34Z</Time><Position><LatitudeDegrees>-8.04182053</LatitudeDegrees><LongitudeDegrees>-34.93667581</LongitudeDegrees></Position><HeartRateBpm><Value>129</Value></HeartRateBpm><Cadence>33</Cadence><Extensions><ns3:TPX><ns3:Speed>1.5199999809265137</ns3:Speed><ns3:Pace>0.65</ns3:Pace></ns3:TPX></Extensions></Trackpoint><Trackpoint><Time>2026-01-27T21:48:35Z</Time><Position><LatitudeDegrees>-8.0418232</LatitudeDegrees><LongitudeDegrees>-34.93666249</LongitudeDegrees></Position><HeartRateBpm><Value>128</Value></HeartRateBpm><Cadence>33</Cadence><Extensions><ns3:TPX><ns3:Speed>1.5199999809265137</ns3:Speed><ns3:Pace>0.65</ns3:Pace></ns3:TPX></Extensions></Trackpoint><Trackpoint><Time>2026-01-27T21:48:36Z</Time><Position><LatitudeDegrees>-8.04182685</LatitudeDegrees><LongitudeDegrees>-34.93664915</LongitudeDegrees></Position><HeartRateBpm><Value>128</Value></HeartRateBpm><Cadence>33</Cadence><Extensions><ns3:TPX><ns3:Speed>1.5199999809265137</ns3:Speed><ns3:Pace>0.65</ns3:Pace></ns3:TPX></Extensions></Trackpoint><Trackpoint><Time>2026-01-27T21:48:37Z</Time><Position><LatitudeDegrees>-8.04182885</LatitudeDegrees><LongitudeDegrees>-34.93663515</LongitudeDegrees></Position><HeartRateBpm><Value>128</Value></HeartRateBpm><Cadence>33</Cadence><Extensions><ns3:TPX><ns3:Speed>1.5199999809265137</ns3:Speed><ns3:Pace>0.65</ns3:Pace></ns3:TPX></Extensions></Trackpoint><Trackpoint><Time>2026-01-27T21:48:38Z</Time><Position><LatitudeDegrees>-8.04183219</LatitudeDegrees><LongitudeDegrees>-34.93662083</LongitudeDegrees></Position><HeartRateBpm><Value>128</Value></HeartRateBpm><Cadence>33</Cadence><Extensions><ns3:TPX><ns3:Speed>1.5199999809265137</ns3:Speed><ns3:Pace>0.65</ns3:Pace></ns3:TPX></Extensions></Trackpoint><Trackpoint><Time>2026-01-27T21:48:39Z</Time><Position><LatitudeDegrees>-8.04183584</LatitudeDegrees><LongitudeDegrees>-34.93660816</LongitudeDegrees></Position><HeartRateBpm><Value>128</Value></HeartRateBpm><Cadence>33</Cadence><Extensions><ns3:TPX><ns3:Speed>1.5199999809265137</ns3:Speed><ns3:Pace>0.65</ns3:Pace></ns3:TPX></Extensions></Trackpoint><Trackpoint><Time>2026-01-27T21:48:40Z</Time><Position><LatitudeDegrees>-8.04183918</LatitudeDegrees><LongitudeDegrees>-34.93659617</LongitudeDegrees></Position><HeartRateBpm><Value>128</Value></HeartRateBpm><Cadence>33</Cadence><Extensions><ns3:TPX><ns3:Speed>1.5199999809265137</ns3:Speed><ns3:Pace>0.65</ns3:Pace></ns3:TPX></Extensions></Trackpoint><Trackpoint><Time>2026-01-27T21:48:41Z</Time><Position><LatitudeDegrees>-8.04184217</LatitudeDegrees><LongitudeDegrees>-34.93658585</LongitudeDegrees></Position><HeartRateBpm><Value>126</Value></HeartRateBpm><Cadence>33</Cadence><Extensions><ns3:TPX><ns3:Speed>1.5199999809265137</ns3:Speed><ns3:Pace>0.65</ns3:Pace></ns3:TPX></Extensions></Trackpoint><Trackpoint><Time>2026-01-27T21:48:42Z</Time><Position><LatitudeDegrees>-8.0418455</LatitudeDegrees><LongitudeDegrees>-34.93657518</LongitudeDegrees></Position><HeartRateBpm><Value>125</Value></HeartRateBpm><Cadence>33</Cadence><Extensions><ns3:TPX><ns3:Speed>1.5199999809265137</ns3:Speed><ns3:Pace>0.65</ns3:Pace></ns3:TPX></Extensions></Trackpoint><Trackpoint><Time>2026-01-27T21:48:43Z</Time><Position><LatitudeDegrees>-8.04185016</LatitudeDegrees><LongitudeDegrees>-34.93656386</LongitudeDegrees></Position><HeartRateBpm><Value>125</Value></HeartRateBpm><Cadence>33</Cadence><Extensions><ns3:TPX><ns3:Speed>1.5199999809265137</ns3:Speed><ns3:Pace>0.65</ns3:Pace></ns3:TPX></Extensions></Trackpoint><Trackpoint><Time>2026-01-27T21:48:44Z</Time><Position><LatitudeDegrees>-8.04185616</LatitudeDegrees><LongitudeDegrees>-34.93655086</LongitudeDegrees></Position><HeartRateBpm><Value>125</Value></HeartRateBpm><Cadence>32</Cadence><Extensions><ns3:TPX><ns3:Speed>1.5199999809265137</ns3:Speed><ns3:Pace>0.65</ns3:Pace></ns3:TPX></Extensions></Trackpoint><Trackpoint><Time>2026-01-27T21:48:45Z</Time><Position><LatitudeDegrees>-8.04186316</LatitudeDegrees><LongitudeDegrees>-34.9365382</LongitudeDegrees></Position><HeartRateBpm><Value>125</Value></HeartRateBpm><Cadence>33</Cadence><Extensions><ns3:TPX><ns3:Speed>1.5099999904632568</ns3:Speed><ns3:Pace>0.65</ns3:Pace></ns3:TPX></Extensions></Trackpoint><Trackpoint><Time>2026-01-27T21:48:46Z</Time><Position><LatitudeDegrees>-8.04187048</LatitudeDegrees><LongitudeDegrees>-34.93652454</LongitudeDegrees></Position><HeartRateBpm><Value>125</Value></HeartRateBpm><Cadence>33</Cadence><Extensions><ns3:TPX><ns3:Speed>1.5099999904632568</ns3:Speed><ns3:Pace>0.65</ns3:Pace></ns3:TPX></Extensions></Trackpoint><Trackpoint><Time>2026-01-27T21:48:47Z</Time><Position><LatitudeDegrees>-8.0418768</LatitudeDegrees><LongitudeDegrees>-34.93651154</LongitudeDegrees></Position><HeartRateBpm><Value>125</Value></HeartRateBpm><Cadence>33</Cadence><Extensions><ns3:TPX><ns3:Speed>1.5099999904632568</ns3:Speed><ns3:Pace>0.66</ns3:Pace></ns3:TPX></Extensions></Trackpoint><Trackpoint><Time>2026-01-27T21:48:48Z</Time><Position><LatitudeDegrees>-8.04188414</LatitudeDegrees><LongitudeDegrees>-34.93649921</LongitudeDegrees></Position><HeartRateBpm><Value>125</Value></HeartRateBpm><Cadence>33</Cadence><Extensions><ns3:TPX><ns3:Speed>1.5099999904632568</ns3:Speed><ns3:Pace>0.66</ns3:Pace></ns3:TPX></Extensions></Trackpoint><Trackpoint><Time>2026-01-27T21:48:49Z</Time><Position><LatitudeDegrees>-8.04189213</LatitudeDegrees><LongitudeDegrees>-34.93648721</LongitudeDegrees></Position><HeartRateBpm><Value>125</Value></HeartRateBpm><Cadence>33</Cadence><Extensions><ns3:TPX><ns3:Speed>1.5099999904632568</ns3:Speed><ns3:Pace>0.66</ns3:Pace></ns3:TPX></Extensions></Trackpoint><Trackpoint><Time>2026-01-27T21:48:50Z</Time><Position><LatitudeDegrees>-8.04190012</LatitudeDegrees><LongitudeDegrees>-34.93647722</LongitudeDegrees></Position><HeartRateBpm><Value>124</Value></HeartRateBpm><Cadence>33</Cadence><Extensions><ns3:TPX><ns3:Speed>1.5099999904632568</ns3:Speed><ns3:Pace>0.66</ns3:Pace></ns3:TPX></Extensions></Trackpoint><Trackpoint><Time>2026-01-27T21:48:51Z</Time><Position><LatitudeDegrees>-8.04190945</LatitudeDegrees><LongitudeDegrees>-34.93646523</LongitudeDegrees></Position><HeartRateBpm><Value>122</Value></HeartRateBpm><Cadence>33</Cadence><Extensions><ns3:TPX><ns3:Speed>1.5099999904632568</ns3:Speed><ns3:Pace>0.66</ns3:Pace></ns3:TPX></Extensions></Trackpoint><Trackpoint><Time>2026-01-27T21:48:52Z</Time><Position><LatitudeDegrees>-8.04191978</LatitudeDegrees><LongitudeDegrees>-34.93645257</LongitudeDegrees></Position><HeartRateBpm><Value>121</Value></HeartRateBpm><Cadence>32</Cadence><Extensions><ns3:TPX><ns3:Speed>1.5</ns3:Speed><ns3:Pace>0.66</ns3:Pace></ns3:TPX></Extensions></Trackpoint><Trackpoint><Time>2026-01-27T21:48:53Z</Time><Position><LatitudeDegrees>-8.04193011</LatitudeDegrees><LongitudeDegrees>-34.93643957</LongitudeDegrees></Position><HeartRateBpm><Value>121</Value></HeartRateBpm><Cadence>32</Cadence><Extensions><ns3:TPX><ns3:Speed>1.5</ns3:Speed><ns3:Pace>0.66</ns3:Pace></ns3:TPX></Extensions></Trackpoint><Trackpoint><Time>2026-01-27T21:48:54Z</Time><Position><LatitudeDegrees>-8.04194111</LatitudeDegrees><LongitudeDegrees>-34.93642791</LongitudeDegrees></Position><HeartRateBpm><Value>120</Value></HeartRateBpm><Cadence>32</Cadence><Extensions><ns3:TPX><ns3:Speed>1.5</ns3:Speed><ns3:Pace>0.66</ns3:Pace></ns3:TPX></Extensions></Trackpoint><Trackpoint><Time>2026-01-27T21:48:55Z</Time><Position><LatitudeDegrees>-8.0419501</LatitudeDegrees><LongitudeDegrees>-34.93641691</LongitudeDegrees></Position><HeartRateBpm><Value>120</Value></HeartRateBpm><Cadence>32</Cadence><Extensions><ns3:TPX><ns3:Speed>1.5</ns3:Speed><ns3:Pace>0.66</ns3:Pace></ns3:TPX></Extensions></Trackpoint><Trackpoint><Time>2026-01-27T21:48:56Z</Time><Position><LatitudeDegrees>-8.04195943</LatitudeDegrees><LongitudeDegrees>-34.93640725</LongitudeDegrees></Position><HeartRateBpm><Value>120</Value></HeartRateBpm><Cadence>32</Cadence><Extensions><ns3:TPX><ns3:Speed>1.5</ns3:Speed><ns3:Pace>0.66</ns3:Pace></ns3:TPX></Extensions></Trackpoint><Trackpoint><Time>2026-01-27T21:48:57Z</Time><Position><LatitudeDegrees>-8.04196742</LatitudeDegrees><LongitudeDegrees>-34.93639659</LongitudeDegrees></Position><HeartRateBpm><Value>120</Value></HeartRateBpm><Cadence>32</Cadence><Extensions><ns3:TPX><ns3:Speed>1.5</ns3:Speed><ns3:Pace>0.66</ns3:Pace></ns3:TPX></Extensions></Trackpoint><Trackpoint><Time>2026-01-27T21:48:58Z</Time><Position><LatitudeDegrees>-8.04197542</LatitudeDegrees><LongitudeDegrees>-34.9363846</LongitudeDegrees></Position><HeartRateBpm><Value>121</Value></HeartRateBpm><Cadence>33</Cadence><Extensions><ns3:TPX><ns3:Speed>1.5</ns3:Speed><ns3:Pace>0.66</ns3:Pace></ns3:TPX></Extensions></Trackpoint><Trackpoint><Time>2026-01-27T21:48:59Z</Time><Position><LatitudeDegrees>-8.04198242</LatitudeDegrees><LongitudeDegrees>-34.93637326</LongitudeDegrees></Position><HeartRateBpm><Value>122</Value></HeartRateBpm><Cadence>32</Cadence><Extensions><ns3:TPX><ns3:Speed>1.5</ns3:Speed><ns3:Pace>0.66</ns3:Pace></ns3:TPX></Extensions></Trackpoint><Trackpoint><Time>2026-01-27T21:49:00Z</Time><Position><LatitudeDegrees>-8.04198841</LatitudeDegrees><LongitudeDegrees>-34.93635926</LongitudeDegrees></Position><HeartRateBpm><Value>122</Value></HeartRateBpm><Cadence>32</Cadence><Extensions><ns3:TPX><ns3:Speed>1.5</ns3:Speed><ns3:Pace>0.66</ns3:Pace></ns3:TPX></Extensions></Trackpoint><Trackpoint><Time>2026-01-27T21:49:01Z</Time><Position><LatitudeDegrees>-8.04199273</LatitudeDegrees><LongitudeDegrees>-34.93634427</LongitudeDegrees></Position><HeartRateBpm><Value>122</Value></HeartRateBpm><Cadence>32</Cadence><Extensions><ns3:TPX><ns3:Speed>1.5</ns3:Speed><ns3:Pace>0.66</ns3:Pace></ns3:TPX></Extensions></Trackpoint><Trackpoint><Time>2026-01-27T21:49:02Z</Time><Position><LatitudeDegrees>-8.04200006</LatitudeDegrees><LongitudeDegrees>-34.93632861</LongitudeDegrees></Position><HeartRateBpm><Value>122</Value></HeartRateBpm><Cadence>32</Cadence><Extensions><ns3:TPX><ns3:Speed>1.5</ns3:Speed><ns3:Pace>0.66</ns3:Pace></ns3:TPX></Extensions></Trackpoint><Trackpoint><Time>2026-01-27T21:49:03Z</Time><Position><LatitudeDegrees>-8.04200906</LatitudeDegrees><LongitudeDegrees>-34.93631395</LongitudeDegrees></Position><HeartRateBpm><Value>122</Value></HeartRateBpm><Cadence>31</Cadence><Extensions><ns3:TPX><ns3:Speed>1.5</ns3:Speed><ns3:Pace>0.66</ns3:Pace></ns3:TPX></Extensions></Trackpoint><Trackpoint><Time>2026-01-27T21:49:04Z</Time><Position><LatitudeDegrees>-8.04202072</LatitudeDegrees><LongitudeDegrees>-34.93629896</LongitudeDegrees></Position><HeartRateBpm><Value>121</Value></HeartRateBpm><Cadence>32</Cadence><Extensions><ns3:TPX><ns3:Speed>1.5</ns3:Speed><ns3:Pace>0.66</ns3:Pace></ns3:TPX></Extensions></Trackpoint><Trackpoint><Time>2026-01-27T21:49:05Z</Time><Position><LatitudeDegrees>-8.04203438</LatitudeDegrees><LongitudeDegrees>-34.93628563</LongitudeDegrees></Position><HeartRateBpm><Value>121</Value></HeartRateBpm><Cadence>32</Cadence><Extensions><ns3:TPX><ns3:Speed>1.5</ns3:Speed><ns3:Pace>0.66</ns3:Pace></ns3:TPX></Extensions></Trackpoint><Trackpoint><Time>2026-01-27T21:49:06Z</Time><Position><LatitudeDegrees>-8.04204671</LatitudeDegrees><LongitudeDegrees>-34.93627463</LongitudeDegrees></Position><HeartRateBpm><Value>121</Value></HeartRateBpm><Cadence>32</Cadence><Extensions><ns3:TPX><ns3:Speed>1.5</ns3:Speed><ns3:Pace>0.66</ns3:Pace></ns3:TPX></Extensions></Trackpoint><Trackpoint><Time>2026-01-27T21:49:07Z</Time><Position><LatitudeDegrees>-8.0420587</LatitudeDegrees><LongitudeDegrees>-34.93626597</LongitudeDegrees></Position><HeartRateBpm><Value>121</Value></HeartRateBpm><Cadence>32</Cadence><Extensions><ns3:TPX><ns3:Speed>1.5</ns3:Speed><ns3:Pace>0.66</ns3:Pace></ns3:TPX></Extensions></Trackpoint><Trackpoint><Time>2026-01-27T21:49:08Z</Time><Position><LatitudeDegrees>-8.04206904</LatitudeDegrees><LongitudeDegrees>-34.93625965</LongitudeDegrees></Position><HeartRateBpm><Value>122</Value></HeartRateBpm><Cadence>32</Cadence><Extensions><ns3:TPX><ns3:Speed>1.5099999904632568</ns3:Speed><ns3:Pace>0.66</ns3:Pace></ns3:TPX></Extensions></Trackpoint><Trackpoint><Time>2026-01-27T21:49:09Z</Time><Position><LatitudeDegrees>-8.04207969</LatitudeDegrees><LongitudeDegrees>-34.93625065</LongitudeDegrees></Position><HeartRateBpm><Value>123</Value></HeartRateBpm><Cadence>32</Cadence><Extensions><ns3:TPX><ns3:Speed>1.5099999904632568</ns3:Speed><ns3:Pace>0.65</ns3:Pace></ns3:TPX></Extensions></Trackpoint><Trackpoint><Time>2026-01-27T21:49:10Z</Time><Position><LatitudeDegrees>-8.04209035</LatitudeDegrees><LongitudeDegrees>-34.93623965</LongitudeDegrees></Position><HeartRateBpm><Value>123</Value></HeartRateBpm><Cadence>32</Cadence><Extensions><ns3:TPX><ns3:Speed>1.5099999904632568</ns3:Speed><ns3:Pace>0.65</ns3:Pace></ns3:TPX></Extensions></Trackpoint><Trackpoint><Time>2026-01-27T21:49:11Z</Time><Position><LatitudeDegrees>-8.04210167</LatitudeDegrees><LongitudeDegrees>-34.93622866</LongitudeDegrees></Position><HeartRateBpm><Value>123</Value></HeartRateBpm><Cadence>32</Cadence><Extensions><ns3:TPX><ns3:Speed>1.5199999809265137</ns3:Speed><ns3:Pace>0.65</ns3:Pace></ns3:TPX></Extensions></Trackpoint><Trackpoint><Time>2026-01-27T21:49:12Z</Time><Position><LatitudeDegrees>-8.04211267</LatitudeDegrees><LongitudeDegrees>-34.93621899</LongitudeDegrees></Position><HeartRateBpm><Value>126</Value></HeartRateBpm><Cadence>32</Cadence><Extensions><ns3:TPX><ns3:Speed>1.5199999809265137</ns3:Speed><ns3:Pace>0.65</ns3:Pace></ns3:TPX></Extensions></Trackpoint><Trackpoint><Time>2026-01-27T21:49:13Z</Time><Position><LatitudeDegrees>-8.04212266</LatitudeDegrees><LongitudeDegrees>-34.93620767</LongitudeDegrees></Position><HeartRateBpm><Value>126</Value></HeartRateBpm><Cadence>32</Cadence><Extensions><ns3:TPX><ns3:Speed>1.5199999809265137</ns3:Speed><ns3:Pace>0.65</ns3:Pace></ns3:TPX></Extensions></Trackpoint><Trackpoint><Time>2026-01-27T21:49:14Z</Time><Position><LatitudeDegrees>-8.042134</LatitudeDegrees><LongitudeDegrees>-34.93619534</LongitudeDegrees></Position><HeartRateBpm><Value>127</Value></HeartRateBpm><Cadence>32</Cadence><Extensions><ns3:TPX><ns3:Speed>1.5099999904632568</ns3:Speed><ns3:Pace>0.65</ns3:Pace></ns3:TPX></Extensions></Trackpoint><Trackpoint><Time>2026-01-27T21:49:15Z</Time><Position><LatitudeDegrees>-8.04214699</LatitudeDegrees><LongitudeDegrees>-34.93618434</LongitudeDegrees></Position><HeartRateBpm><Value>127</Value></HeartRateBpm><Cadence>32</Cadence><Extensions><ns3:TPX><ns3:Speed>1.5099999904632568</ns3:Speed><ns3:Pace>0.65</ns3:Pace></ns3:TPX></Extensions></Trackpoint><Trackpoint><Time>2026-01-27T21:49:16Z</Time><Position><LatitudeDegrees>-8.04215765</LatitudeDegrees><LongitudeDegrees>-34.93617168</LongitudeDegrees></Position><HeartRateBpm><Value>129</Value></HeartRateBpm><Cadence>32</Cadence><Extensions><ns3:TPX><ns3:Speed>1.5099999904632568</ns3:Speed><ns3:Pace>0.65</ns3:Pace></ns3:TPX></Extensions></Trackpoint><Trackpoint><Time>2026-01-27T21:49:17Z</Time><Position><LatitudeDegrees>-8.04216564</LatitudeDegrees><LongitudeDegrees>-34.93615869</LongitudeDegrees></Position><HeartRateBpm><Value>129</Value></HeartRateBpm><Cadence>32</Cadence><Extensions><ns3:TPX><ns3:Speed>1.5099999904632568</ns3:Speed><ns3:Pace>0.65</ns3:Pace></ns3:TPX></Extensions></Trackpoint><Trackpoint><Time>2026-01-27T21:49:18Z</Time><Position><LatitudeDegrees>-8.04217331</LatitudeDegrees><LongitudeDegrees>-34.93614502</LongitudeDegrees></Position><HeartRateBpm><Value>129</Value></HeartRateBpm><Cadence>32</Cadence><Extensions><ns3:TPX><ns3:Speed>1.5099999904632568</ns3:Speed><ns3:Pace>0.65</ns3:Pace></ns3:TPX></Extensions></Trackpoint><Trackpoint><Time>2026-01-27T21:49:19Z</Time><Position><LatitudeDegrees>-8.04218031</LatitudeDegrees><LongitudeDegrees>-34.93613202</LongitudeDegrees></Position><HeartRateBpm><Value>129</Value></HeartRateBpm><Cadence>32</Cadence><Extensions><ns3:TPX><ns3:Speed>1.5099999904632568</ns3:Speed><ns3:Pace>0.65</ns3:Pace></ns3:TPX></Extensions></Trackpoint><Trackpoint><Time>2026-01-27T21:49:20Z</Time><Position><LatitudeDegrees>-8.04218697</LatitudeDegrees><LongitudeDegrees>-34.93611936</LongitudeDegrees></Position><HeartRateBpm><Value>128</Value></HeartRateBpm><Cadence>32</Cadence><Extensions><ns3:TPX><ns3:Speed>1.5099999904632568</ns3:Speed><ns3:Pace>0.65</ns3:Pace></ns3:TPX></Extensions></Trackpoint><Trackpoint><Time>2026-01-27T21:49:21Z</Time><Position><LatitudeDegrees>-8.0421923</LatitudeDegrees><LongitudeDegrees>-34.93610771</LongitudeDegrees></Position><HeartRateBpm><Value>128</Value></HeartRateBpm><Cadence>32</Cadence><Extensions><ns3:TPX><ns3:Speed>1.5199999809265137</ns3:Speed><ns3:Pace>0.65</ns3:Pace></ns3:TPX></Extensions></Trackpoint><Trackpoint><Time>2026-01-27T21:49:22Z</Time><Position><LatitudeDegrees>-8.04219696</LatitudeDegrees><LongitudeDegrees>-34.93609571</LongitudeDegrees></Position><HeartRateBpm><Value>128</Value></HeartRateBpm><Cadence>32</Cadence><Extensions><ns3:TPX><ns3:Speed>1.5199999809265137</ns3:Speed><ns3:Pace>0.65</ns3:Pace></ns3:TPX></Extensions></Trackpoint><Trackpoint><Time>2026-01-27T21:49:23Z</Time><Position><LatitudeDegrees>-8.04220196</LatitudeDegrees><LongitudeDegrees>-34.93608538</LongitudeDegrees></Position><HeartRateBpm><Value>128</Value></HeartRateBpm><Cadence>32</Cadence><Extensions><ns3:TPX><ns3:Speed>1.5299999713897705</ns3:Speed><ns3:Pace>0.65</ns3:Pace></ns3:TPX></Extensions></Trackpoint><Trackpoint><Time>2026-01-27T21:49:24Z</Time><Position><LatitudeDegrees>-8.04220828</LatitudeDegrees><LongitudeDegrees>-34.93607372</LongitudeDegrees></Position><HeartRateBpm><Value>129</Value></HeartRateBpm><Cadence>32</Cadence><Extensions><ns3:TPX><ns3:Speed>1.5299999713897705</ns3:Speed><ns3:Pace>0.65</ns3:Pace></ns3:TPX></Extensions></Trackpoint><Trackpoint><Time>2026-01-27T21:49:25Z</Time><Position><LatitudeDegrees>-8.04221661</LatitudeDegrees><LongitudeDegrees>-34.93606273</LongitudeDegrees></Position><HeartRateBpm><Value>129</Value></HeartRateBpm><Cadence>32</Cadence><Extensions><ns3:TPX><ns3:Speed>1.5299999713897705</ns3:Speed><ns3:Pace>0.65</ns3:Pace></ns3:TPX></Extensions></Trackpoint><Trackpoint><Time>2026-01-27T21:49:26Z</Time><Position><LatitudeDegrees>-8.04222694</LatitudeDegrees><LongitudeDegrees>-34.93605206</LongitudeDegrees></Position><HeartRateBpm><Value>129</Value></HeartRateBpm><Cadence>33</Cadence><Extensions><ns3:TPX><ns3:Speed>1.5299999713897705</ns3:Speed><ns3:Pace>0.65</ns3:Pace></ns3:TPX></Extensions></Trackpoint><Trackpoint><Time>2026-01-27T21:49:27Z</Time><Position><LatitudeDegrees>-8.04223693</LatitudeDegrees><LongitudeDegrees>-34.93604074</LongitudeDegrees></Position><HeartRateBpm><Value>129</Value></HeartRateBpm><Cadence>33</Cadence><Extensions><ns3:TPX><ns3:Speed>1.5299999713897705</ns3:Speed><ns3:Pace>0.65</ns3:Pace></ns3:TPX></Extensions></Trackpoint><Trackpoint><Time>2026-01-27T21:49:28Z</Time><Position><LatitudeDegrees>-8.04224559</LatitudeDegrees><LongitudeDegrees>-34.93602674</LongitudeDegrees></Position><HeartRateBpm><Value>128</Value></HeartRateBpm><Cadence>33</Cadence><Extensions><ns3:TPX><ns3:Speed>1.5299999713897705</ns3:Speed><ns3:Pace>0.65</ns3:Pace></ns3:TPX></Extensions></Trackpoint><Trackpoint><Time>2026-01-27T21:49:29Z</Time><Position><LatitudeDegrees>-8.04225425</LatitudeDegrees><LongitudeDegrees>-34.93601274</LongitudeDegrees></Position><HeartRateBpm><Value>128</Value></HeartRateBpm><Cadence>33</Cadence><Extensions><ns3:TPX><ns3:Speed>1.5299999713897705</ns3:Speed><ns3:Pace>0.65</ns3:Pace></ns3:TPX></Extensions></Trackpoint><Trackpoint><Time>2026-01-27T21:49:30Z</Time><Position><LatitudeDegrees>-8.04226192</LatitudeDegrees><LongitudeDegrees>-34.93599774</LongitudeDegrees></Position><HeartRateBpm><Value>127</Value></HeartRateBpm><Cadence>33</Cadence><Extensions><ns3:TPX><ns3:Speed>1.5199999809265137</ns3:Speed><ns3:Pace>0.65</ns3:Pace></ns3:TPX></Extensions></Trackpoint><Trackpoint><Time>2026-01-27T21:49:31Z</Time><Position><LatitudeDegrees>-8.04227191</LatitudeDegrees><LongitudeDegrees>-34.93598275</LongitudeDegrees></Position><HeartRateBpm><Value>127</Value></HeartRateBpm><Cadence>33</Cadence><Extensions><ns3:TPX><ns3:Speed>1.5199999809265137</ns3:Speed><ns3:Pace>0.65</ns3:Pace></ns3:TPX></Extensions></Trackpoint><Trackpoint><Time>2026-01-27T21:49:32Z</Time><Position><LatitudeDegrees>-8.04228091</LatitudeDegrees><LongitudeDegrees>-34.93596809</LongitudeDegrees></Position><HeartRateBpm><Value>126</Value></HeartRateBpm><Cadence>32</Cadence><Extensions><ns3:TPX><ns3:Speed>1.5199999809265137</ns3:Speed><ns3:Pace>0.65</ns3:Pace></ns3:TPX></Extensions></Trackpoint><Trackpoint><Time>2026-01-27T21:49:33Z</Time><Position><LatitudeDegrees>-8.04228956</LatitudeDegrees><LongitudeDegrees>-34.93595409</LongitudeDegrees></Position><HeartRateBpm><Value>126</Value></HeartRateBpm><Cadence>32</Cadence><Extensions><ns3:TPX><ns3:Speed>1.5199999809265137</ns3:Speed><ns3:Pace>0.65</ns3:Pace></ns3:TPX></Extensions></Trackpoint><Trackpoint><Time>2026-01-27T21:49:34Z</Time><Position><LatitudeDegrees>-8.04229623</LatitudeDegrees><LongitudeDegrees>-34.93594042</LongitudeDegrees></Position><HeartRateBpm><Value>125</Value></HeartRateBpm><Cadence>32</Cadence><Extensions><ns3:TPX><ns3:Speed>1.5199999809265137</ns3:Speed><ns3:Pace>0.65</ns3:Pace></ns3:TPX></Extensions></Trackpoint><Trackpoint><Time>2026-01-27T21:49:35Z</Time><Position><LatitudeDegrees>-8.0423019</LatitudeDegrees><LongitudeDegrees>-34.93592777</LongitudeDegrees></Position><HeartRateBpm><Value>125</Value></HeartRateBpm><Cadence>33</Cadence><Extensions><ns3:TPX><ns3:Speed>1.5199999809265137</ns3:Speed><ns3:Pace>0.65</ns3:Pace></ns3:TPX></Extensions></Trackpoint><Trackpoint><Time>2026-01-27T21:49:36Z</Time><Position><LatitudeDegrees>-8.04230789</LatitudeDegrees><LongitudeDegrees>-34.9359161</LongitudeDegrees></Position><HeartRateBpm><Value>124</Value></HeartRateBpm><Cadence>33</Cadence><Extensions><ns3:TPX><ns3:Speed>1.5199999809265137</ns3:Speed><ns3:Pace>0.65</ns3:Pace></ns3:TPX></Extensions></Trackpoint><Trackpoint><Time>2026-01-27T21:49:37Z</Time><Position><LatitudeDegrees>-8.04231389</LatitudeDegrees><LongitudeDegrees>-34.93590444</LongitudeDegrees></Position><HeartRateBpm><Value>124</Value></HeartRateBpm><Cadence>33</Cadence><Extensions><ns3:TPX><ns3:Speed>1.5199999809265137</ns3:Speed><ns3:Pace>0.65</ns3:Pace></ns3:TPX></Extensions></Trackpoint><Trackpoint><Time>2026-01-27T21:49:38Z</Time><Position><LatitudeDegrees>-8.04231988</LatitudeDegrees><LongitudeDegrees>-34.93589078</LongitudeDegrees></Position><HeartRateBpm><Value>124</Value></HeartRateBpm><Cadence>33</Cadence><Extensions><ns3:TPX><ns3:Speed>1.5199999809265137</ns3:Speed><ns3:Pace>0.65</ns3:Pace></ns3:TPX></Extensions></Trackpoint><Trackpoint><Time>2026-01-27T21:49:39Z</Time><Position><LatitudeDegrees>-8.04232521</LatitudeDegrees><LongitudeDegrees>-34.93587712</LongitudeDegrees></Position><HeartRateBpm><Value>124</Value></HeartRateBpm><Cadence>33</Cadence><Extensions><ns3:TPX><ns3:Speed>1.5199999809265137</ns3:Speed><ns3:Pace>0.65</ns3:Pace></ns3:TPX></Extensions></Trackpoint><Trackpoint><Time>2026-01-27T21:49:40Z</Time><Position><LatitudeDegrees>-8.04233121</LatitudeDegrees><LongitudeDegrees>-34.93586279</LongitudeDegrees></Position><HeartRateBpm><Value>124</Value></HeartRateBpm><Cadence>33</Cadence><Extensions><ns3:TPX><ns3:Speed>1.5199999809265137</ns3:Speed><ns3:Pace>0.65</ns3:Pace></ns3:TPX></Extensions></Trackpoint><Trackpoint><Time>2026-01-27T21:49:41Z</Time><Position><LatitudeDegrees>-8.04233587</LatitudeDegrees><LongitudeDegrees>-34.93584846</LongitudeDegrees></Position><HeartRateBpm><Value>124</Value></HeartRateBpm><Cadence>32</Cadence><Extensions><ns3:TPX><ns3:Speed>1.5199999809265137</ns3:Speed><ns3:Pace>0.65</ns3:Pace></ns3:TPX></Extensions></Trackpoint><Trackpoint><Time>2026-01-27T21:49:42Z</Time><Position><LatitudeDegrees>-8.04233987</LatitudeDegrees><LongitudeDegrees>-34.93583481</LongitudeDegrees></Position><HeartRateBpm><Value>124</Value></HeartRateBpm><Cadence>32</Cadence><Extensions><ns3:TPX><ns3:Speed>1.5299999713897705</ns3:Speed><ns3:Pace>0.65</ns3:Pace></ns3:TPX></Extensions></Trackpoint><Trackpoint><Time>2026-01-27T21:49:43Z</Time><Position><LatitudeDegrees>-8.04234486</LatitudeDegrees><LongitudeDegrees>-34.93582181</LongitudeDegrees></Position><HeartRateBpm><Value>124</Value></HeartRateBpm><Cadence>32</Cadence><Extensions><ns3:TPX><ns3:Speed>1.5299999713897705</ns3:Speed><ns3:Pace>0.65</ns3:Pace></ns3:TPX></Extensions></Trackpoint><Trackpoint><Time>2026-01-27T21:49:44Z</Time><Position><LatitudeDegrees>-8.04235085</LatitudeDegrees><LongitudeDegrees>-34.93580948</LongitudeDegrees></Position><HeartRateBpm><Value>125</Value></HeartRateBpm><Cadence>32</Cadence><Extensions><ns3:TPX><ns3:Speed>1.5299999713897705</ns3:Speed><ns3:Pace>0.65</ns3:Pace></ns3:TPX></Extensions></Trackpoint><Trackpoint><Time>2026-01-27T21:49:45Z</Time><Position><LatitudeDegrees>-8.04235718</LatitudeDegrees><LongitudeDegrees>-34.93579715</LongitudeDegrees></Position><HeartRateBpm><Value>126</Value></HeartRateBpm><Cadence>33</Cadence><Extensions><ns3:TPX><ns3:Speed>1.5299999713897705</ns3:Speed><ns3:Pace>0.65</ns3:Pace></ns3:TPX></Extensions></Trackpoint><Trackpoint><Time>2026-01-27T21:49:46Z</Time><Position><LatitudeDegrees>-8.04236417</LatitudeDegrees><LongitudeDegrees>-34.93578516</LongitudeDegrees></Position><HeartRateBpm><Value>127</Value></HeartRateBpm><Cadence>32</Cadence><Extensions><ns3:TPX><ns3:Speed>1.5299999713897705</ns3:Speed><ns3:Pace>0.65</ns3:Pace></ns3:TPX></Extensions></Trackpoint><Trackpoint><Time>2026-01-27T21:49:47Z</Time><Position><LatitudeDegrees>-8.0423725</LatitudeDegrees><LongitudeDegrees>-34.93577317</LongitudeDegrees></Position><HeartRateBpm><Value>127</Value></HeartRateBpm><Cadence>32</Cadence><Extensions><ns3:TPX><ns3:Speed>1.5299999713897705</ns3:Speed><ns3:Pace>0.65</ns3:Pace></ns3:TPX></Extensions></Trackpoint><Trackpoint><Time>2026-01-27T21:49:48Z</Time><Position><LatitudeDegrees>-8.04238384</LatitudeDegrees><LongitudeDegrees>-34.9357625</LongitudeDegrees></Position><HeartRateBpm><Value>127</Value></HeartRateBpm><Cadence>32</Cadence><Extensions><ns3:TPX><ns3:Speed>1.5299999713897705</ns3:Speed><ns3:Pace>0.65</ns3:Pace></ns3:TPX></Extensions></Trackpoint><Trackpoint><Time>2026-01-27T21:49:49Z</Time><Position><LatitudeDegrees>-8.04239617</LatitudeDegrees><LongitudeDegrees>-34.93575017</LongitudeDegrees></Position><HeartRateBpm><Value>127</Value></HeartRateBpm><Cadence>32</Cadence><Extensions><ns3:TPX><ns3:Speed>1.5299999713897705</ns3:Speed><ns3:Pace>0.65</ns3:Pace></ns3:TPX></Extensions></Trackpoint><Trackpoint><Time>2026-01-27T21:49:50Z</Time><Position><LatitudeDegrees>-8.04240783</LatitudeDegrees><LongitudeDegrees>-34.93573885</LongitudeDegrees></Position><HeartRateBpm><Value>127</Value></HeartRateBpm><Cadence>32</Cadence><Extensions><ns3:TPX><ns3:Speed>1.5199999809265137</ns3:Speed><ns3:Pace>0.65</ns3:Pace></ns3:TPX></Extensions></Trackpoint><Trackpoint><Time>2026-01-27T21:49:51Z</Time><Position><LatitudeDegrees>-8.04241716</LatitudeDegrees><LongitudeDegrees>-34.93572719</LongitudeDegrees></Position><HeartRateBpm><Value>127</Value></HeartRateBpm><Cadence>32</Cadence><Extensions><ns3:TPX><ns3:Speed>1.5199999809265137</ns3:Speed><ns3:Pace>0.65</ns3:Pace></ns3:TPX></Extensions></Trackpoint><Trackpoint><Time>2026-01-27T21:49:52Z</Time><Position><LatitudeDegrees>-8.04242648</LatitudeDegrees><LongitudeDegrees>-34.9357152</LongitudeDegrees></Position><HeartRateBpm><Value>127</Value></HeartRateBpm><Cadence>32</Cadence><Extensions><ns3:TPX><ns3:Speed>1.5199999809265137</ns3:Speed><ns3:Pace>0.65</ns3:Pace></ns3:TPX></Extensions></Trackpoint><Trackpoint><Time>2026-01-27T21:49:53Z</Time><Position><LatitudeDegrees>-8.04243514</LatitudeDegrees><LongitudeDegrees>-34.93570388</LongitudeDegrees></Position><HeartRateBpm><Value>127</Value></HeartRateBpm><Cadence>33</Cadence><Extensions><ns3:TPX><ns3:Speed>1.5199999809265137</ns3:Speed><ns3:Pace>0.65</ns3:Pace></ns3:TPX></Extensions></Trackpoint><Trackpoint><Time>2026-01-27T21:49:54Z</Time><Position><LatitudeDegrees>-8.04244381</LatitudeDegrees><LongitudeDegrees>-34.93569189</LongitudeDegrees></Position><HeartRateBpm><Value>129</Value></HeartRateBpm><Cadence>33</Cadence><Extensions><ns3:TPX><ns3:Speed>1.5199999809265137</ns3:Speed><ns3:Pace>0.65</ns3:Pace></ns3:TPX></Extensions></Trackpoint><Trackpoint><Time>2026-01-27T21:49:55Z</Time><Position><LatitudeDegrees>-8.0424528</LatitudeDegrees><LongitudeDegrees>-34.93567922</LongitudeDegrees></Position><HeartRateBpm><Value>130</Value></HeartRateBpm><Cadence>33</Cadence><Extensions><ns3:TPX><ns3:Speed>1.5199999809265137</ns3:Speed><ns3:Pace>0.65</ns3:Pace></ns3:TPX></Extensions></Trackpoint><Trackpoint><Time>2026-01-27T21:49:56Z</Time><Position><LatitudeDegrees>-8.04246013</LatitudeDegrees><LongitudeDegrees>-34.93566656</LongitudeDegrees></Position><HeartRateBpm><Value>130</Value></HeartRateBpm><Cadence>33</Cadence><Extensions><ns3:TPX><ns3:Speed>1.5199999809265137</ns3:Speed><ns3:Pace>0.65</ns3:Pace></ns3:TPX></Extensions></Trackpoint><Trackpoint><Time>2026-01-27T21:49:57Z</Time><Position><LatitudeDegrees>-8.04246679</LatitudeDegrees><LongitudeDegrees>-34.93565423</LongitudeDegrees></Position><HeartRateBpm><Value>131</Value></HeartRateBpm><Cadence>31</Cadence><Extensions><ns3:TPX><ns3:Speed>1.5199999809265137</ns3:Speed><ns3:Pace>0.65</ns3:Pace></ns3:TPX></Extensions></Trackpoint><Trackpoint><Time>2026-01-27T21:49:58Z</Time><Position><LatitudeDegrees>-8.04247279</LatitudeDegrees><LongitudeDegrees>-34.93564023</LongitudeDegrees></Position><HeartRateBpm><Value>131</Value></HeartRateBpm><Cadence>32</Cadence><Extensions><ns3:TPX><ns3:Speed>1.5299999713897705</ns3:Speed><ns3:Pace>0.65</ns3:Pace></ns3:TPX></Extensions></Trackpoint><Trackpoint><Time>2026-01-27T21:49:59Z</Time><Position><LatitudeDegrees>-8.04247844</LatitudeDegrees><LongitudeDegrees>-34.93562791</LongitudeDegrees></Position><HeartRateBpm><Value>131</Value></HeartRateBpm><Cadence>32</Cadence><Extensions><ns3:TPX><ns3:Speed>1.5299999713897705</ns3:Speed><ns3:Pace>0.65</ns3:Pace></ns3:TPX></Extensions></Trackpoint><Trackpoint><Time>2026-01-27T21:50:00Z</Time><Position><LatitudeDegrees>-8.04248377</LatitudeDegrees><LongitudeDegrees>-34.93561558</LongitudeDegrees></Position><HeartRateBpm><Value>131</Value></HeartRateBpm><Cadence>32</Cadence><Extensions><ns3:TPX><ns3:Speed>1.5299999713897705</ns3:Speed><ns3:Pace>0.65</ns3:Pace></ns3:TPX></Extensions></Trackpoint><Trackpoint><Time>2026-01-27T21:50:01Z</Time><Position><LatitudeDegrees>-8.0424891</LatitudeDegrees><LongitudeDegrees>-34.93560358</LongitudeDegrees></Position><HeartRateBpm><Value>132</Value></HeartRateBpm><Cadence>32</Cadence><Extensions><ns3:TPX><ns3:Speed>1.5299999713897705</ns3:Speed><ns3:Pace>0.65</ns3:Pace></ns3:TPX></Extensions></Trackpoint><Trackpoint><Time>2026-01-27T21:50:02Z</Time><Position><LatitudeDegrees>-8.04249477</LatitudeDegrees><LongitudeDegrees>-34.93559159</LongitudeDegrees></Position><HeartRateBpm><Value>132</Value></HeartRateBpm><Cadence>32</Cadence><Extensions><ns3:TPX><ns3:Speed>1.5299999713897705</ns3:Speed><ns3:Pace>0.65</ns3:Pace></ns3:TPX></Extensions></Trackpoint><Trackpoint><Time>2026-01-27T21:50:03Z</Time><Position><LatitudeDegrees>-8.04250042</LatitudeDegrees><LongitudeDegrees>-34.93557793</LongitudeDegrees></Position><HeartRateBpm><Value>132</Value></HeartRateBpm><Cadence>32</Cadence><Extensions><ns3:TPX><ns3:Speed>1.5199999809265137</ns3:Speed><ns3:Pace>0.65</ns3:Pace></ns3:TPX></Extensions></Trackpoint><Trackpoint><Time>2026-01-27T21:50:04Z</Time><Position><LatitudeDegrees>-8.04250742</LatitudeDegrees><LongitudeDegrees>-34.9355646</LongitudeDegrees></Position><HeartRateBpm><Value>133</Value></HeartRateBpm><Cadence>32</Cadence><Extensions><ns3:TPX><ns3:Speed>1.5199999809265137</ns3:Speed><ns3:Pace>0.65</ns3:Pace></ns3:TPX></Extensions></Trackpoint><Trackpoint><Time>2026-01-27T21:50:05Z</Time><Position><LatitudeDegrees>-8.04251475</LatitudeDegrees><LongitudeDegrees>-34.93555194</LongitudeDegrees></Position><HeartRateBpm><Value>134</Value></HeartRateBpm><Cadence>32</Cadence><Extensions><ns3:TPX><ns3:Speed>1.5199999809265137</ns3:Speed><ns3:Pace>0.65</ns3:Pace></ns3:TPX></Extensions></Trackpoint><Trackpoint><Time>2026-01-27T21:50:06Z</Time><Position><LatitudeDegrees>-8.04252308</LatitudeDegrees><LongitudeDegrees>-34.93553927</LongitudeDegrees></Position><HeartRateBpm><Value>135</Value></HeartRateBpm><Cadence>33</Cadence><Extensions><ns3:TPX><ns3:Speed>1.5199999809265137</ns3:Speed><ns3:Pace>0.65</ns3:Pace></ns3:TPX></Extensions></Trackpoint><Trackpoint><Time>2026-01-27T21:50:07Z</Time><Position><LatitudeDegrees>-8.04253075</LatitudeDegrees><LongitudeDegrees>-34.93552761</LongitudeDegrees></Position><HeartRateBpm><Value>133</Value></HeartRateBpm><Cadence>33</Cadence><Extensions><ns3:TPX><ns3:Speed>1.5199999809265137</ns3:Speed><ns3:Pace>0.65</ns3:Pace></ns3:TPX></Extensions></Trackpoint><Trackpoint><Time>2026-01-27T21:50:08Z</Time><Position><LatitudeDegrees>-8.04253875</LatitudeDegrees><LongitudeDegrees>-34.93551562</LongitudeDegrees></Position><HeartRateBpm><Value>133</Value></HeartRateBpm><Cadence>33</Cadence><Extensions><ns3:TPX><ns3:Speed>1.5199999809265137</ns3:Speed><ns3:Pace>0.65</ns3:Pace></ns3:TPX></Extensions></Trackpoint><Trackpoint><Time>2026-01-27T21:50:09Z</Time><Position><LatitudeDegrees>-8.0425474</LatitudeDegrees><LongitudeDegrees>-34.93550462</LongitudeDegrees></Position><HeartRateBpm><Value>133</Value></HeartRateBpm><Cadence>32</Cadence><Extensions><ns3:TPX><ns3:Speed>1.5199999809265137</ns3:Speed><ns3:Pace>0.65</ns3:Pace></ns3:TPX></Extensions></Trackpoint><Trackpoint><Time>2026-01-27T21:50:10Z</Time><Position><LatitudeDegrees>-8.04255674</LatitudeDegrees><LongitudeDegrees>-34.9354943</LongitudeDegrees></Position><HeartRateBpm><Value>133</Value></HeartRateBpm><Cadence>32</Cadence><Extensions><ns3:TPX><ns3:Speed>1.5199999809265137</ns3:Speed><ns3:Pace>0.65</ns3:Pace></ns3:TPX></Extensions></Trackpoint><Trackpoint><Time>2026-01-27T21:50:11Z</Time><Position><LatitudeDegrees>-8.04256507</LatitudeDegrees><LongitudeDegrees>-34.9354833</LongitudeDegrees></Position><HeartRateBpm><Value>133</Value></HeartRateBpm><Cadence>32</Cadence><Extensions><ns3:TPX><ns3:Speed>1.5199999809265137</ns3:Speed><ns3:Pace>0.65</ns3:Pace></ns3:TPX></Extensions></Trackpoint><Trackpoint><Time>2026-01-27T21:50:12Z</Time><Position><LatitudeDegrees>-8.04257139</LatitudeDegrees><LongitudeDegrees>-34.9354713</LongitudeDegrees></Position><HeartRateBpm><Value>133</Value></HeartRateBpm><Cadence>32</Cadence><Extensions><ns3:TPX><ns3:Speed>1.5199999809265137</ns3:Speed><ns3:Pace>0.65</ns3:Pace></ns3:TPX></Extensions></Trackpoint><Trackpoint><Time>2026-01-27T21:50:13Z</Time><Position><LatitudeDegrees>-8.04257706</LatitudeDegrees><LongitudeDegrees>-34.93545898</LongitudeDegrees></Position><HeartRateBpm><Value>135</Value></HeartRateBpm><Cadence>32</Cadence><Extensions><ns3:TPX><ns3:Speed>1.5199999809265137</ns3:Speed><ns3:Pace>0.65</ns3:Pace></ns3:TPX></Extensions></Trackpoint><Trackpoint><Time>2026-01-27T21:50:14Z</Time><Position><LatitudeDegrees>-8.04258173</LatitudeDegrees><LongitudeDegrees>-34.93544598</LongitudeDegrees></Position><HeartRateBpm><Value>135</Value></HeartRateBpm><Cadence>32</Cadence><Extensions><ns3:TPX><ns3:Speed>1.5199999809265137</ns3:Speed><ns3:Pace>0.65</ns3:Pace></ns3:TPX></Extensions></Trackpoint><Trackpoint><Time>2026-01-27T21:50:15Z</Time><Position><LatitudeDegrees>-8.04258873</LatitudeDegrees><LongitudeDegrees>-34.93543432</LongitudeDegrees></Position><HeartRateBpm><Value>135</Value></HeartRateBpm><Cadence>32</Cadence><Extensions><ns3:TPX><ns3:Speed>1.5099999904632568</ns3:Speed><ns3:Pace>0.65</ns3:Pace></ns3:TPX></Extensions></Trackpoint><Trackpoint><Time>2026-01-27T21:50:16Z</Time><Position><LatitudeDegrees>-8.04259905</LatitudeDegrees><LongitudeDegrees>-34.93542433</LongitudeDegrees></Position><HeartRateBpm><Value>135</Value></HeartRateBpm><Cadence>32</Cadence><Extensions><ns3:TPX><ns3:Speed>1.5099999904632568</ns3:Speed><ns3:Pace>0.66</ns3:Pace></ns3:TPX></Extensions></Trackpoint><Trackpoint><Time>2026-01-27T21:50:17Z</Time><Position><LatitudeDegrees>-8.04262238</LatitudeDegrees><LongitudeDegrees>-34.93540534</LongitudeDegrees></Position><HeartRateBpm><Value>136</Value></HeartRateBpm><Cadence>32</Cadence><Extensions><ns3:TPX><ns3:Speed>1.5099999904632568</ns3:Speed><ns3:Pace>0.66</ns3:Pace></ns3:TPX></Extensions></Trackpoint><Trackpoint><Time>2026-01-27T21:50:18Z</Time><Position><LatitudeDegrees>-8.04263204</LatitudeDegrees><LongitudeDegrees>-34.93539501</LongitudeDegrees></Position><HeartRateBpm><Value>131</Value></HeartRateBpm><Cadence>32</Cadence><Extensions><ns3:TPX><ns3:Speed>1.5099999904632568</ns3:Speed><ns3:Pace>0.66</ns3:Pace></ns3:TPX></Extensions></Trackpoint><Trackpoint><Time>2026-01-27T21:50:19Z</Time><Position><LatitudeDegrees>-8.04263837</LatitudeDegrees><LongitudeDegrees>-34.93538335</LongitudeDegrees></Position><HeartRateBpm><Value>131</Value></HeartRateBpm><Cadence>32</Cadence><Extensions><ns3:TPX><ns3:Speed>1.5099999904632568</ns3:Speed><ns3:Pace>0.66</ns3:Pace></ns3:TPX></Extensions></Trackpoint><Trackpoint><Time>2026-01-27T21:50:20Z</Time><Position><LatitudeDegrees>-8.04264436</LatitudeDegrees><LongitudeDegrees>-34.93536968</LongitudeDegrees></Position><HeartRateBpm><Value>130</Value></HeartRateBpm><Cadence>32</Cadence><Extensions><ns3:TPX><ns3:Speed>1.5</ns3:Speed><ns3:Pace>0.66</ns3:Pace></ns3:TPX></Extensions></Trackpoint><Trackpoint><Time>2026-01-27T21:50:21Z</Time><Position><LatitudeDegrees>-8.04264935</LatitudeDegrees><LongitudeDegrees>-34.93535635</LongitudeDegrees></Position><HeartRateBpm><Value>129</Value></HeartRateBpm><Cadence>32</Cadence><Extensions><ns3:TPX><ns3:Speed>1.5</ns3:Speed><ns3:Pace>0.66</ns3:Pace></ns3:TPX></Extensions></Trackpoint><Trackpoint><Time>2026-01-27T21:50:22Z</Time><Position><LatitudeDegrees>-8.04265434</LatitudeDegrees><LongitudeDegrees>-34.93534336</LongitudeDegrees></Position><HeartRateBpm><Value>128</Value></HeartRateBpm><Cadence>31</Cadence><Extensions><ns3:TPX><ns3:Speed>1.5</ns3:Speed><ns3:Pace>0.66</ns3:Pace></ns3:TPX></Extensions></Trackpoint><Trackpoint><Time>2026-01-27T21:50:23Z</Time><Position><LatitudeDegrees>-8.04265834</LatitudeDegrees><LongitudeDegrees>-34.93533036</LongitudeDegrees></Position><HeartRateBpm><Value>128</Value></HeartRateBpm><Cadence>32</Cadence><Extensions><ns3:TPX><ns3:Speed>1.4900000095367432</ns3:Speed><ns3:Pace>0.66</ns3:Pace></ns3:TPX></Extensions></Trackpoint><Trackpoint><Time>2026-01-27T21:50:24Z</Time><Position><LatitudeDegrees>-8.042662</LatitudeDegrees><LongitudeDegrees>-34.93531737</LongitudeDegrees></Position><HeartRateBpm><Value>128</Value></HeartRateBpm><Cadence>32</Cadence><Extensions><ns3:TPX><ns3:Speed>1.4900000095367432</ns3:Speed><ns3:Pace>0.66</ns3:Pace></ns3:TPX></Extensions></Trackpoint><Trackpoint><Time>2026-01-27T21:50:25Z</Time><Position><LatitudeDegrees>-8.04266566</LatitudeDegrees><LongitudeDegrees>-34.9353037</LongitudeDegrees></Position><HeartRateBpm><Value>128</Value></HeartRateBpm><Cadence>32</Cadence><Extensions><ns3:TPX><ns3:Speed>1.4900000095367432</ns3:Speed><ns3:Pace>0.67</ns3:Pace></ns3:TPX></Extensions></Trackpoint><Trackpoint><Time>2026-01-27T21:50:26Z</Time><Position><LatitudeDegrees>-8.04267099</LatitudeDegrees><LongitudeDegrees>-34.93529004</LongitudeDegrees></Position><HeartRateBpm><Value>128</Value></HeartRateBpm><Cadence>32</Cadence><Extensions><ns3:TPX><ns3:Speed>1.4900000095367432</ns3:Speed><ns3:Pace>0.67</ns3:Pace></ns3:TPX></Extensions></Trackpoint><Trackpoint><Time>2026-01-27T21:50:27Z</Time><Position><LatitudeDegrees>-8.04267531</LatitudeDegrees><LongitudeDegrees>-34.93527538</LongitudeDegrees></Position><HeartRateBpm><Value>128</Value></HeartRateBpm><Cadence>32</Cadence><Extensions><ns3:TPX><ns3:Speed>1.4800000190734863</ns3:Speed><ns3:Pace>0.67</ns3:Pace></ns3:TPX></Extensions></Trackpoint><Trackpoint><Time>2026-01-27T21:50:28Z</Time><Position><LatitudeDegrees>-8.04267965</LatitudeDegrees><LongitudeDegrees>-34.93526072</LongitudeDegrees></Position><HeartRateBpm><Value>129</Value></HeartRateBpm><Cadence>33</Cadence><Extensions><ns3:TPX><ns3:Speed>1.4800000190734863</ns3:Speed><ns3:Pace>0.67</ns3:Pace></ns3:TPX></Extensions></Trackpoint><Trackpoint><Time>2026-01-27T21:50:29Z</Time><Position><LatitudeDegrees>-8.04268397</LatitudeDegrees><LongitudeDegrees>-34.93524706</LongitudeDegrees></Position><HeartRateBpm><Value>130</Value></HeartRateBpm><Cadence>33</Cadence><Extensions><ns3:TPX><ns3:Speed>1.4800000190734863</ns3:Speed><ns3:Pace>0.67</ns3:Pace></ns3:TPX></Extensions></Trackpoint><Trackpoint><Time>2026-01-27T21:50:30Z</Time><Position><LatitudeDegrees>-8.04268697</LatitudeDegrees><LongitudeDegrees>-34.93523439</LongitudeDegrees></Position><HeartRateBpm><Value>130</Value></HeartRateBpm><Cadence>33</Cadence><Extensions><ns3:TPX><ns3:Speed>1.4800000190734863</ns3:Speed><ns3:Pace>0.67</ns3:Pace></ns3:TPX></Extensions></Trackpoint><Trackpoint><Time>2026-01-27T21:50:31Z</Time><Position><LatitudeDegrees>-8.04268796</LatitudeDegrees><LongitudeDegrees>-34.93522173</LongitudeDegrees></Position><HeartRateBpm><Value>130</Value></HeartRateBpm><Cadence>33</Cadence><Extensions><ns3:TPX><ns3:Speed>1.4800000190734863</ns3:Speed><ns3:Pace>0.67</ns3:Pace></ns3:TPX></Extensions></Trackpoint><Trackpoint><Time>2026-01-27T21:50:32Z</Time><Position><LatitudeDegrees>-8.04268796</LatitudeDegrees><LongitudeDegrees>-34.9352094</LongitudeDegrees></Position><HeartRateBpm><Value>130</Value></HeartRateBpm><Cadence>33</Cadence><Extensions><ns3:TPX><ns3:Speed>1.4800000190734863</ns3:Speed><ns3:Pace>0.67</ns3:Pace></ns3:TPX></Extensions></Trackpoint><Trackpoint><Time>2026-01-27T21:50:33Z</Time><Position><LatitudeDegrees>-8.04268697</LatitudeDegrees><LongitudeDegrees>-34.93519674</LongitudeDegrees></Position><HeartRateBpm><Value>130</Value></HeartRateBpm><Cadence>32</Cadence><Extensions><ns3:TPX><ns3:Speed>1.4800000190734863</ns3:Speed><ns3:Pace>0.67</ns3:Pace></ns3:TPX></Extensions></Trackpoint><Trackpoint><Time>2026-01-27T21:50:34Z</Time><Position><LatitudeDegrees>-8.04268664</LatitudeDegrees><LongitudeDegrees>-34.93518308</LongitudeDegrees></Position><HeartRateBpm><Value>130</Value></HeartRateBpm><Cadence>32</Cadence><Extensions><ns3:TPX><ns3:Speed>1.4800000190734863</ns3:Speed><ns3:Pace>0.67</ns3:Pace></ns3:TPX></Extensions></Trackpoint><Trackpoint><Time>2026-01-27T21:50:35Z</Time><Position><LatitudeDegrees>-8.0426883</LatitudeDegrees><LongitudeDegrees>-34.93516875</LongitudeDegrees></Position><HeartRateBpm><Value>130</Value></HeartRateBpm><Cadence>33</Cadence><Extensions><ns3:TPX><ns3:Speed>1.4700000286102295</ns3:Speed><ns3:Pace>0.67</ns3:Pace></ns3:TPX></Extensions></Trackpoint><Trackpoint><Time>2026-01-27T21:50:36Z</Time><Position><LatitudeDegrees>-8.04269196</LatitudeDegrees><LongitudeDegrees>-34.93515275</LongitudeDegrees></Position><HeartRateBpm><Value>128</Value></HeartRateBpm><Cadence>33</Cadence><Extensions><ns3:TPX><ns3:Speed>1.4700000286102295</ns3:Speed><ns3:Pace>0.67</ns3:Pace></ns3:TPX></Extensions></Trackpoint><Trackpoint><Time>2026-01-27T21:50:37Z</Time><Position><LatitudeDegrees>-8.04269628</LatitudeDegrees><LongitudeDegrees>-34.93513576</LongitudeDegrees></Position><HeartRateBpm><Value>128</Value></HeartRateBpm><Cadence>33</Cadence><Extensions><ns3:TPX><ns3:Speed>1.4700000286102295</ns3:Speed><ns3:Pace>0.67</ns3:Pace></ns3:TPX></Extensions></Trackpoint><Trackpoint><Time>2026-01-27T21:50:38Z</Time><Position><LatitudeDegrees>-8.04270328</LatitudeDegrees><LongitudeDegrees>-34.93512044</LongitudeDegrees></Position><HeartRateBpm><Value>128</Value></HeartRateBpm><Cadence>33</Cadence><Extensions><ns3:TPX><ns3:Speed>1.4700000286102295</ns3:Speed><ns3:Pace>0.67</ns3:Pace></ns3:TPX></Extensions></Trackpoint><Trackpoint><Time>2026-01-27T21:50:39Z</Time><Position><LatitudeDegrees>-8.04271262</LatitudeDegrees><LongitudeDegrees>-34.93510677</LongitudeDegrees></Position><HeartRateBpm><Value>129</Value></HeartRateBpm><Cadence>33</Cadence><Extensions><ns3:TPX><ns3:Speed>1.4700000286102295</ns3:Speed><ns3:Pace>0.67</ns3:Pace></ns3:TPX></Extensions></Trackpoint><Trackpoint><Time>2026-01-27T21:50:40Z</Time><Position><LatitudeDegrees>-8.04272162</LatitudeDegrees><LongitudeDegrees>-34.93509478</LongitudeDegrees></Position><HeartRateBpm><Value>129</Value></HeartRateBpm><Cadence>32</Cadence><Extensions><ns3:TPX><ns3:Speed>1.4700000286102295</ns3:Speed><ns3:Pace>0.67</ns3:Pace></ns3:TPX></Extensions></Trackpoint><Trackpoint><Time>2026-01-27T21:50:41Z</Time><Position><LatitudeDegrees>-8.04273027</LatitudeDegrees><LongitudeDegrees>-34.93508312</LongitudeDegrees></Position><HeartRateBpm><Value>129</Value></HeartRateBpm><Cadence>32</Cadence><Extensions><ns3:TPX><ns3:Speed>1.4800000190734863</ns3:Speed><ns3:Pace>0.67</ns3:Pace></ns3:TPX></Extensions></Trackpoint><Trackpoint><Time>2026-01-27T21:50:42Z</Time><Position><LatitudeDegrees>-8.04274327</LatitudeDegrees><LongitudeDegrees>-34.93507146</LongitudeDegrees></Position><HeartRateBpm><Value>129</Value></HeartRateBpm><Cadence>33</Cadence><Extensions><ns3:TPX><ns3:Speed>1.4800000190734863</ns3:Speed><ns3:Pace>0.67</ns3:Pace></ns3:TPX></Extensions></Trackpoint><Trackpoint><Time>2026-01-27T21:50:43Z</Time><Position><LatitudeDegrees>-8.04275261</LatitudeDegrees><LongitudeDegrees>-34.93506014</LongitudeDegrees></Position><HeartRateBpm><Value>128</Value></HeartRateBpm><Cadence>33</Cadence><Extensions><ns3:TPX><ns3:Speed>1.4800000190734863</ns3:Speed><ns3:Pace>0.67</ns3:Pace></ns3:TPX></Extensions></Trackpoint><Trackpoint><Time>2026-01-27T21:50:44Z</Time><Position><LatitudeDegrees>-8.04276094</LatitudeDegrees><LongitudeDegrees>-34.93504947</LongitudeDegrees></Position><HeartRateBpm><Value>128</Value></HeartRateBpm><Cadence>33</Cadence><Extensions><ns3:TPX><ns3:Speed>1.4800000190734863</ns3:Speed><ns3:Pace>0.67</ns3:Pace></ns3:TPX></Extensions></Trackpoint><Trackpoint><Time>2026-01-27T21:50:45Z</Time><Position><LatitudeDegrees>-8.04277026</LatitudeDegrees><LongitudeDegrees>-34.93503781</LongitudeDegrees></Position><HeartRateBpm><Value>128</Value></HeartRateBpm><Cadence>33</Cadence><Extensions><ns3:TPX><ns3:Speed>1.4900000095367432</ns3:Speed><ns3:Pace>0.66</ns3:Pace></ns3:TPX></Extensions></Trackpoint><Trackpoint><Time>2026-01-27T21:50:46Z</Time><Position><LatitudeDegrees>-8.04277726</LatitudeDegrees><LongitudeDegrees>-34.93502516</LongitudeDegrees></Position><HeartRateBpm><Value>127</Value></HeartRateBpm><Cadence>33</Cadence><Extensions><ns3:TPX><ns3:Speed>1.4900000095367432</ns3:Speed><ns3:Pace>0.66</ns3:Pace></ns3:TPX></Extensions></Trackpoint><Trackpoint><Time>2026-01-27T21:50:47Z</Time><Position><LatitudeDegrees>-8.04278193</LatitudeDegrees><LongitudeDegrees>-34.93501149</LongitudeDegrees></Position><HeartRateBpm><Value>127</Value></HeartRateBpm><Cadence>33</Cadence><Extensions><ns3:TPX><ns3:Speed>1.4900000095367432</ns3:Speed><ns3:Pace>0.66</ns3:Pace></ns3:TPX></Extensions></Trackpoint><Trackpoint><Time>2026-01-27T21:50:48Z</Time><Position><LatitudeDegrees>-8.04278659</LatitudeDegrees><LongitudeDegrees>-34.93499882</LongitudeDegrees></Position><HeartRateBpm><Value>127</Value></HeartRateBpm><Cadence>33</Cadence><Extensions><ns3:TPX><ns3:Speed>1.4900000095367432</ns3:Speed><ns3:Pace>0.66</ns3:Pace></ns3:TPX></Extensions></Trackpoint><Trackpoint><Time>2026-01-27T21:50:49Z</Time><Position><LatitudeDegrees>-8.04279025</LatitudeDegrees><LongitudeDegrees>-34.93498583</LongitudeDegrees></Position><HeartRateBpm><Value>126</Value></HeartRateBpm><Cadence>33</Cadence><Extensions><ns3:TPX><ns3:Speed>1.5</ns3:Speed><ns3:Pace>0.66</ns3:Pace></ns3:TPX></Extensions></Trackpoint><Trackpoint><Time>2026-01-27T21:50:50Z</Time><Position><LatitudeDegrees>-8.04279458</LatitudeDegrees><LongitudeDegrees>-34.93497151</LongitudeDegrees></Position><HeartRateBpm><Value>126</Value></HeartRateBpm><Cadence>33</Cadence><Extensions><ns3:TPX><ns3:Speed>1.5</ns3:Speed><ns3:Pace>0.66</ns3:Pace></ns3:TPX></Extensions></Trackpoint><Trackpoint><Time>2026-01-27T21:50:51Z</Time><Position><LatitudeDegrees>-8.04279891</LatitudeDegrees><LongitudeDegrees>-34.93495719</LongitudeDegrees></Position><HeartRateBpm><Value>124</Value></HeartRateBpm><Cadence>33</Cadence><Extensions><ns3:TPX><ns3:Speed>1.5</ns3:Speed><ns3:Pace>0.66</ns3:Pace></ns3:TPX></Extensions></Trackpoint><Trackpoint><Time>2026-01-27T21:50:52Z</Time><Position><LatitudeDegrees>-8.04280591</LatitudeDegrees><LongitudeDegrees>-34.93494252</LongitudeDegrees></Position><HeartRateBpm><Value>121</Value></HeartRateBpm><Cadence>33</Cadence><Extensions><ns3:TPX><ns3:Speed>1.5</ns3:Speed><ns3:Pace>0.66</ns3:Pace></ns3:TPX></Extensions></Trackpoint><Trackpoint><Time>2026-01-27T21:50:53Z</Time><Position><LatitudeDegrees>-8.04281257</LatitudeDegrees><LongitudeDegrees>-34.93492886</LongitudeDegrees></Position><HeartRateBpm><Value>120</Value></HeartRateBpm><Cadence>33</Cadence><Extensions><ns3:TPX><ns3:Speed>1.5</ns3:Speed><ns3:Pace>0.66</ns3:Pace></ns3:TPX></Extensions></Trackpoint><Trackpoint><Time>2026-01-27T21:50:54Z</Time><Position><LatitudeDegrees>-8.04281857</LatitudeDegrees><LongitudeDegrees>-34.93491586</LongitudeDegrees></Position><HeartRateBpm><Value>119</Value></HeartRateBpm><Cadence>33</Cadence><Extensions><ns3:TPX><ns3:Speed>1.5099999904632568</ns3:Speed><ns3:Pace>0.66</ns3:Pace></ns3:TPX></Extensions></Trackpoint><Trackpoint><Time>2026-01-27T21:50:55Z</Time><Position><LatitudeDegrees>-8.04282356</LatitudeDegrees><LongitudeDegrees>-34.93490354</LongitudeDegrees></Position><HeartRateBpm><Value>119</Value></HeartRateBpm><Cadence>33</Cadence><Extensions><ns3:TPX><ns3:Speed>1.5099999904632568</ns3:Speed><ns3:Pace>0.66</ns3:Pace></ns3:TPX></Extensions></Trackpoint><Trackpoint><Time>2026-01-27T21:50:56Z</Time><Position><LatitudeDegrees>-8.04282755</LatitudeDegrees><LongitudeDegrees>-34.93489121</LongitudeDegrees></Position><HeartRateBpm><Value>119</Value></HeartRateBpm><Cadence>33</Cadence><Extensions><ns3:TPX><ns3:Speed>1.5099999904632568</ns3:Speed><ns3:Pace>0.66</ns3:Pace></ns3:TPX></Extensions></Trackpoint><Trackpoint><Time>2026-01-27T21:50:57Z</Time><Position><LatitudeDegrees>-8.04282988</LatitudeDegrees><LongitudeDegrees>-34.93487787</LongitudeDegrees></Position><HeartRateBpm><Value>119</Value></HeartRateBpm><Cadence>33</Cadence><Extensions><ns3:TPX><ns3:Speed>1.5099999904632568</ns3:Speed><ns3:Pace>0.65</ns3:Pace></ns3:TPX></Extensions></Trackpoint><Trackpoint><Time>2026-01-27T21:50:58Z</Time><Position><LatitudeDegrees>-8.04283321</LatitudeDegrees><LongitudeDegrees>-34.93486455</LongitudeDegrees></Position><HeartRateBpm><Value>118</Value></HeartRateBpm><Cadence>33</Cadence><Extensions><ns3:TPX><ns3:Speed>1.5099999904632568</ns3:Speed><ns3:Pace>0.65</ns3:Pace></ns3:TPX></Extensions></Trackpoint><Trackpoint><Time>2026-01-27T21:50:59Z</Time><Position><LatitudeDegrees>-8.04283755</LatitudeDegrees><LongitudeDegrees>-34.93485122</LongitudeDegrees></Position><HeartRateBpm><Value>117</Value></HeartRateBpm><Cadence>33</Cadence><Extensions><ns3:TPX><ns3:Speed>1.5099999904632568</ns3:Speed><ns3:Pace>0.65</ns3:Pace></ns3:TPX></Extensions></Trackpoint><Trackpoint><Time>2026-01-27T21:51:00Z</Time><Position><LatitudeDegrees>-8.04284487</LatitudeDegrees><LongitudeDegrees>-34.93483923</LongitudeDegrees></Position><HeartRateBpm><Value>117</Value></HeartRateBpm><Cadence>33</Cadence><Extensions><ns3:TPX><ns3:Speed>1.5099999904632568</ns3:Speed><ns3:Pace>0.65</ns3:Pace></ns3:TPX></Extensions></Trackpoint><Trackpoint><Time>2026-01-27T21:51:01Z</Time><Position><LatitudeDegrees>-8.04285286</LatitudeDegrees><LongitudeDegrees>-34.93482723</LongitudeDegrees></Position><HeartRateBpm><Value>117</Value></HeartRateBpm><Cadence>33</Cadence><Extensions><ns3:TPX><ns3:Speed>1.5099999904632568</ns3:Speed><ns3:Pace>0.65</ns3:Pace></ns3:TPX></Extensions></Trackpoint><Trackpoint><Time>2026-01-27T21:51:02Z</Time><Position><LatitudeDegrees>-8.04286286</LatitudeDegrees><LongitudeDegrees>-34.93481557</LongitudeDegrees></Position><HeartRateBpm><Value>117</Value></HeartRateBpm><Cadence>33</Cadence><Extensions><ns3:TPX><ns3:Speed>1.5099999904632568</ns3:Speed><ns3:Pace>0.65</ns3:Pace></ns3:TPX></Extensions></Trackpoint><Trackpoint><Time>2026-01-27T21:51:03Z</Time><Position><LatitudeDegrees>-8.04287285</LatitudeDegrees><LongitudeDegrees>-34.93480425</LongitudeDegrees></Position><HeartRateBpm><Value>119</Value></HeartRateBpm><Cadence>33</Cadence><Extensions><ns3:TPX><ns3:Speed>1.5099999904632568</ns3:Speed><ns3:Pace>0.65</ns3:Pace></ns3:TPX></Extensions></Trackpoint><Trackpoint><Time>2026-01-27T21:51:04Z</Time><Position><LatitudeDegrees>-8.04288251</LatitudeDegrees><LongitudeDegrees>-34.93479159</LongitudeDegrees></Position><HeartRateBpm><Value>120</Value></HeartRateBpm><Cadence>32</Cadence><Extensions><ns3:TPX><ns3:Speed>1.5099999904632568</ns3:Speed><ns3:Pace>0.65</ns3:Pace></ns3:TPX></Extensions></Trackpoint><Trackpoint><Time>2026-01-27T21:51:05Z</Time><Position><LatitudeDegrees>-8.04289251</LatitudeDegrees><LongitudeDegrees>-34.93477826</LongitudeDegrees></Position><HeartRateBpm><Value>121</Value></HeartRateBpm><Cadence>32</Cadence><Extensions><ns3:TPX><ns3:Speed>1.5099999904632568</ns3:Speed><ns3:Pace>0.65</ns3:Pace></ns3:TPX></Extensions></Trackpoint><Trackpoint><Time>2026-01-27T21:51:06Z</Time><Position><LatitudeDegrees>-8.0429025</LatitudeDegrees><LongitudeDegrees>-34.93476426</LongitudeDegrees></Position><HeartRateBpm><Value>121</Value></HeartRateBpm><Cadence>33</Cadence><Extensions><ns3:TPX><ns3:Speed>1.5099999904632568</ns3:Speed><ns3:Pace>0.65</ns3:Pace></ns3:TPX></Extensions></Trackpoint><Trackpoint><Time>2026-01-27T21:51:07Z</Time><Position><LatitudeDegrees>-8.04291182</LatitudeDegrees><LongitudeDegrees>-34.93475126</LongitudeDegrees></Position><HeartRateBpm><Value>121</Value></HeartRateBpm><Cadence>33</Cadence><Extensions><ns3:TPX><ns3:Speed>1.5099999904632568</ns3:Speed><ns3:Pace>0.65</ns3:Pace></ns3:TPX></Extensions></Trackpoint><Trackpoint><Time>2026-01-27T21:51:08Z</Time><Position><LatitudeDegrees>-8.04292215</LatitudeDegrees><LongitudeDegrees>-34.93473793</LongitudeDegrees></Position><HeartRateBpm><Value>121</Value></HeartRateBpm><Cadence>33</Cadence><Extensions><ns3:TPX><ns3:Speed>1.5099999904632568</ns3:Speed><ns3:Pace>0.65</ns3:Pace></ns3:TPX></Extensions></Trackpoint><Trackpoint><Time>2026-01-27T21:51:09Z</Time><Position><LatitudeDegrees>-8.04293115</LatitudeDegrees><LongitudeDegrees>-34.9347256</LongitudeDegrees></Position><HeartRateBpm><Value>123</Value></HeartRateBpm><Cadence>33</Cadence><Extensions><ns3:TPX><ns3:Speed>1.5199999809265137</ns3:Speed><ns3:Pace>0.65</ns3:Pace></ns3:TPX></Extensions></Trackpoint><Trackpoint><Time>2026-01-27T21:51:10Z</Time><Position><LatitudeDegrees>-8.04293882</LatitudeDegrees><LongitudeDegrees>-34.93471428</LongitudeDegrees></Position><HeartRateBpm><Value>124</Value></HeartRateBpm><Cadence>33</Cadence><Extensions><ns3:TPX><ns3:Speed>1.5199999809265137</ns3:Speed><ns3:Pace>0.65</ns3:Pace></ns3:TPX></Extensions></Trackpoint><Trackpoint><Time>2026-01-27T21:51:11Z</Time><Position><LatitudeDegrees>-8.04294582</LatitudeDegrees><LongitudeDegrees>-34.93470262</LongitudeDegrees></Position><HeartRateBpm><Value>123</Value></HeartRateBpm><Cadence>32</Cadence><Extensions><ns3:TPX><ns3:Speed>1.5199999809265137</ns3:Speed><ns3:Pace>0.65</ns3:Pace></ns3:TPX></Extensions></Trackpoint><Trackpoint><Time>2026-01-27T21:51:12Z</Time><Position><LatitudeDegrees>-8.04295149</LatitudeDegrees><LongitudeDegrees>-34.93469063</LongitudeDegrees></Position><HeartRateBpm><Value>121</Value></HeartRateBpm><Cadence>32</Cadence><Extensions><ns3:TPX><ns3:Speed>1.5299999713897705</ns3:Speed><ns3:Pace>0.65</ns3:Pace></ns3:TPX></Extensions></Trackpoint><Trackpoint><Time>2026-01-27T21:51:13Z</Time><Position><LatitudeDegrees>-8.04295615</LatitudeDegrees><LongitudeDegrees>-34.93467696</LongitudeDegrees></Position><HeartRateBpm><Value>121</Value></HeartRateBpm><Cadence>32</Cadence><Extensions><ns3:TPX><ns3:Speed>1.5299999713897705</ns3:Speed><ns3:Pace>0.65</ns3:Pace></ns3:TPX></Extensions></Trackpoint><Trackpoint><Time>2026-01-27T21:51:14Z</Time><Position><LatitudeDegrees>-8.04296181</LatitudeDegrees><LongitudeDegrees>-34.93466197</LongitudeDegrees></Position><HeartRateBpm><Value>121</Value></HeartRateBpm><Cadence>32</Cadence><Extensions><ns3:TPX><ns3:Speed>1.5299999713897705</ns3:Speed><ns3:Pace>0.65</ns3:Pace></ns3:TPX></Extensions></Trackpoint><Trackpoint><Time>2026-01-27T21:51:15Z</Time><Position><LatitudeDegrees>-8.04296714</LatitudeDegrees><LongitudeDegrees>-34.93464797</LongitudeDegrees></Position><HeartRateBpm><Value>121</Value></HeartRateBpm><Cadence>33</Cadence><Extensions><ns3:TPX><ns3:Speed>1.5299999713897705</ns3:Speed><ns3:Pace>0.65</ns3:Pace></ns3:TPX></Extensions></Trackpoint><Trackpoint><Time>2026-01-27T21:51:16Z</Time><Position><LatitudeDegrees>-8.04297181</LatitudeDegrees><LongitudeDegrees>-34.93463564</LongitudeDegrees></Position><HeartRateBpm><Value>121</Value></HeartRateBpm><Cadence>33</Cadence><Extensions><ns3:TPX><ns3:Speed>1.5299999713897705</ns3:Speed><ns3:Pace>0.65</ns3:Pace></ns3:TPX></Extensions></Trackpoint><Trackpoint><Time>2026-01-27T21:51:17Z</Time><Position><LatitudeDegrees>-8.04297647</LatitudeDegrees><LongitudeDegrees>-34.93462265</LongitudeDegrees></Position><HeartRateBpm><Value>122</Value></HeartRateBpm><Cadence>33</Cadence><Extensions><ns3:TPX><ns3:Speed>1.5299999713897705</ns3:Speed><ns3:Pace>0.65</ns3:Pace></ns3:TPX></Extensions></Trackpoint><Trackpoint><Time>2026-01-27T21:51:18Z</Time><Position><LatitudeDegrees>-8.04298146</LatitudeDegrees><LongitudeDegrees>-34.93460998</LongitudeDegrees></Position><HeartRateBpm><Value>122</Value></HeartRateBpm><Cadence>33</Cadence><Extensions><ns3:TPX><ns3:Speed>1.5299999713897705</ns3:Speed><ns3:Pace>0.65</ns3:Pace></ns3:TPX></Extensions></Trackpoint><Trackpoint><Time>2026-01-27T21:51:19Z</Time><Position><LatitudeDegrees>-8.04298612</LatitudeDegrees><LongitudeDegrees>-34.93459766</LongitudeDegrees></Position><HeartRateBpm><Value>123</Value></HeartRateBpm><Cadence>33</Cadence><Extensions><ns3:TPX><ns3:Speed>1.5299999713897705</ns3:Speed><ns3:Pace>0.65</ns3:Pace></ns3:TPX></Extensions></Trackpoint><Trackpoint><Time>2026-01-27T21:51:20Z</Time><Position><LatitudeDegrees>-8.04299079</LatitudeDegrees><LongitudeDegrees>-34.93458399</LongitudeDegrees></Position><HeartRateBpm><Value>123</Value></HeartRateBpm><Cadence>33</Cadence><Extensions><ns3:TPX><ns3:Speed>1.5299999713897705</ns3:Speed><ns3:Pace>0.65</ns3:Pace></ns3:TPX></Extensions></Trackpoint><Trackpoint><Time>2026-01-27T21:51:21Z</Time><Position><LatitudeDegrees>-8.04299578</LatitudeDegrees><LongitudeDegrees>-34.93456833</LongitudeDegrees></Position><HeartRateBpm><Value>123</Value></HeartRateBpm><Cadence>33</Cadence><Extensions><ns3:TPX><ns3:Speed>1.5299999713897705</ns3:Speed><ns3:Pace>0.65</ns3:Pace></ns3:TPX></Extensions></Trackpoint><Trackpoint><Time>2026-01-27T21:51:22Z</Time><Position><LatitudeDegrees>-8.04300411</LatitudeDegrees><LongitudeDegrees>-34.93455166</LongitudeDegrees></Position><HeartRateBpm><Value>123</Value></HeartRateBpm><Cadence>33</Cadence><Extensions><ns3:TPX><ns3:Speed>1.5199999809265137</ns3:Speed><ns3:Pace>0.65</ns3:Pace></ns3:TPX></Extensions></Trackpoint><Trackpoint><Time>2026-01-27T21:51:23Z</Time><Position><LatitudeDegrees>-8.04301244</LatitudeDegrees><LongitudeDegrees>-34.934536</LongitudeDegrees></Position><HeartRateBpm><Value>123</Value></HeartRateBpm><Cadence>33</Cadence><Extensions><ns3:TPX><ns3:Speed>1.5199999809265137</ns3:Speed><ns3:Pace>0.65</ns3:Pace></ns3:TPX></Extensions></Trackpoint><Trackpoint><Time>2026-01-27T21:51:24Z</Time><Position><LatitudeDegrees>-8.04301977</LatitudeDegrees><LongitudeDegrees>-34.93452234</LongitudeDegrees></Position><HeartRateBpm><Value>123</Value></HeartRateBpm><Cadence>33</Cadence><Extensions><ns3:TPX><ns3:Speed>1.5199999809265137</ns3:Speed><ns3:Pace>0.65</ns3:Pace></ns3:TPX></Extensions></Trackpoint><Trackpoint><Time>2026-01-27T21:51:25Z</Time><Position><LatitudeDegrees>-8.04302609</LatitudeDegrees><LongitudeDegrees>-34.934511</LongitudeDegrees></Position><HeartRateBpm><Value>122</Value></HeartRateBpm><Cadence>32</Cadence><Extensions><ns3:TPX><ns3:Speed>1.5199999809265137</ns3:Speed><ns3:Pace>0.65</ns3:Pace></ns3:TPX></Extensions></Trackpoint><Trackpoint><Time>2026-01-27T21:51:26Z</Time><Position><LatitudeDegrees>-8.04303209</LatitudeDegrees><LongitudeDegrees>-34.93449935</LongitudeDegrees></Position><HeartRateBpm><Value>122</Value></HeartRateBpm><Cadence>32</Cadence><Extensions><ns3:TPX><ns3:Speed>1.5199999809265137</ns3:Speed><ns3:Pace>0.65</ns3:Pace></ns3:TPX></Extensions></Trackpoint><Trackpoint><Time>2026-01-27T21:51:27Z</Time><Position><LatitudeDegrees>-8.04303808</LatitudeDegrees><LongitudeDegrees>-34.93448736</LongitudeDegrees></Position><HeartRateBpm><Value>122</Value></HeartRateBpm><Cadence>33</Cadence><Extensions><ns3:TPX><ns3:Speed>1.5199999809265137</ns3:Speed><ns3:Pace>0.65</ns3:Pace></ns3:TPX></Extensions></Trackpoint><Trackpoint><Time>2026-01-27T21:51:28Z</Time><Position><LatitudeDegrees>-8.04304442</LatitudeDegrees><LongitudeDegrees>-34.93447469</LongitudeDegrees></Position><HeartRateBpm><Value>122</Value></HeartRateBpm><Cadence>32</Cadence><Extensions><ns3:TPX><ns3:Speed>1.5199999809265137</ns3:Speed><ns3:Pace>0.65</ns3:Pace></ns3:TPX></Extensions></Trackpoint><Trackpoint><Time>2026-01-27T21:51:29Z</Time><Position><LatitudeDegrees>-8.04305174</LatitudeDegrees><LongitudeDegrees>-34.93446203</LongitudeDegrees></Position><HeartRateBpm><Value>121</Value></HeartRateBpm><Cadence>33</Cadence><Extensions><ns3:TPX><ns3:Speed>1.5199999809265137</ns3:Speed><ns3:Pace>0.65</ns3:Pace></ns3:TPX></Extensions></Trackpoint><Trackpoint><Time>2026-01-27T21:51:30Z</Time><Position><LatitudeDegrees>-8.04305974</LatitudeDegrees><LongitudeDegrees>-34.93444903</LongitudeDegrees></Position><HeartRateBpm><Value>120</Value></HeartRateBpm><Cadence>33</Cadence><Extensions><ns3:TPX><ns3:Speed>1.5299999713897705</ns3:Speed><ns3:Pace>0.65</ns3:Pace></ns3:TPX></Extensions></Trackpoint><Trackpoint><Time>2026-01-27T21:51:31Z</Time><Position><LatitudeDegrees>-8.04306773</LatitudeDegrees><LongitudeDegrees>-34.93443704</LongitudeDegrees></Position><HeartRateBpm><Value>119</Value></HeartRateBpm><Cadence>33</Cadence><Extensions><ns3:TPX><ns3:Speed>1.5299999713897705</ns3:Speed><ns3:Pace>0.65</ns3:Pace></ns3:TPX></Extensions></Trackpoint><Trackpoint><Time>2026-01-27T21:51:32Z</Time><Position><LatitudeDegrees>-8.04307606</LatitudeDegrees><LongitudeDegrees>-34.93442538</LongitudeDegrees></Position><HeartRateBpm><Value>119</Value></HeartRateBpm><Cadence>33</Cadence><Extensions><ns3:TPX><ns3:Speed>1.5299999713897705</ns3:Speed><ns3:Pace>0.65</ns3:Pace></ns3:TPX></Extensions></Trackpoint><Trackpoint><Time>2026-01-27T21:51:33Z</Time><Position><LatitudeDegrees>-8.04308306</LatitudeDegrees><LongitudeDegrees>-34.93441405</LongitudeDegrees></Position><HeartRateBpm><Value>119</Value></HeartRateBpm><Cadence>33</Cadence><Extensions><ns3:TPX><ns3:Speed>1.5299999713897705</ns3:Speed><ns3:Pace>0.65</ns3:Pace></ns3:TPX></Extensions></Trackpoint><Trackpoint><Time>2026-01-27T21:51:34Z</Time><Position><LatitudeDegrees>-8.04308972</LatitudeDegrees><LongitudeDegrees>-34.93440305</LongitudeDegrees></Position><HeartRateBpm><Value>119</Value></HeartRateBpm><Cadence>33</Cadence><Extensions><ns3:TPX><ns3:Speed>1.5299999713897705</ns3:Speed><ns3:Pace>0.65</ns3:Pace></ns3:TPX></Extensions></Trackpoint><Trackpoint><Time>2026-01-27T21:51:35Z</Time><Position><LatitudeDegrees>-8.04309672</LatitudeDegrees><LongitudeDegrees>-34.93439039</LongitudeDegrees></Position><HeartRateBpm><Value>118</Value></HeartRateBpm><Cadence>33</Cadence><Extensions><ns3:TPX><ns3:Speed>1.5299999713897705</ns3:Speed><ns3:Pace>0.65</ns3:Pace></ns3:TPX></Extensions></Trackpoint><Trackpoint><Time>2026-01-27T21:51:36Z</Time><Position><LatitudeDegrees>-8.04310304</LatitudeDegrees><LongitudeDegrees>-34.93437639</LongitudeDegrees></Position><HeartRateBpm><Value>118</Value></HeartRateBpm><Cadence>33</Cadence><Extensions><ns3:TPX><ns3:Speed>1.5199999809265137</ns3:Speed><ns3:Pace>0.65</ns3:Pace></ns3:TPX></Extensions></Trackpoint><Trackpoint><Time>2026-01-27T21:51:37Z</Time><Position><LatitudeDegrees>-8.04310971</LatitudeDegrees><LongitudeDegrees>-34.93436206</LongitudeDegrees></Position><HeartRateBpm><Value>117</Value></HeartRateBpm><Cadence>33</Cadence><Extensions><ns3:TPX><ns3:Speed>1.5199999809265137</ns3:Speed><ns3:Pace>0.65</ns3:Pace></ns3:TPX></Extensions></Trackpoint><Trackpoint><Time>2026-01-27T21:51:38Z</Time><Position><LatitudeDegrees>-8.0431157</LatitudeDegrees><LongitudeDegrees>-34.93434741</LongitudeDegrees></Position><HeartRateBpm><Value>117</Value></HeartRateBpm><Cadence>33</Cadence><Extensions><ns3:TPX><ns3:Speed>1.5199999809265137</ns3:Speed><ns3:Pace>0.65</ns3:Pace></ns3:TPX></Extensions></Trackpoint><Trackpoint><Time>2026-01-27T21:51:39Z</Time><Position><LatitudeDegrees>-8.0431217</LatitudeDegrees><LongitudeDegrees>-34.93433207</LongitudeDegrees></Position><HeartRateBpm><Value>116</Value></HeartRateBpm><Cadence>32</Cadence><Extensions><ns3:TPX><ns3:Speed>1.5199999809265137</ns3:Speed><ns3:Pace>0.65</ns3:Pace></ns3:TPX></Extensions></Trackpoint><Trackpoint><Time>2026-01-27T21:51:40Z</Time><Position><LatitudeDegrees>-8.04312769</LatitudeDegrees><LongitudeDegrees>-34.93431708</LongitudeDegrees></Position><HeartRateBpm><Value>116</Value></HeartRateBpm><Cadence>32</Cadence><Extensions><ns3:TPX><ns3:Speed>1.5199999809265137</ns3:Speed><ns3:Pace>0.65</ns3:Pace></ns3:TPX></Extensions></Trackpoint><Trackpoint><Time>2026-01-27T21:51:41Z</Time><Position><LatitudeDegrees>-8.04313302</LatitudeDegrees><LongitudeDegrees>-34.93430308</LongitudeDegrees></Position><HeartRateBpm><Value>116</Value></HeartRateBpm><Cadence>33</Cadence><Extensions><ns3:TPX><ns3:Speed>1.5199999809265137</ns3:Speed><ns3:Pace>0.65</ns3:Pace></ns3:TPX></Extensions></Trackpoint><Trackpoint><Time>2026-01-27T21:51:42Z</Time><Position><LatitudeDegrees>-8.04313968</LatitudeDegrees><LongitudeDegrees>-34.93429076</LongitudeDegrees></Position><HeartRateBpm><Value>116</Value></HeartRateBpm><Cadence>33</Cadence><Extensions><ns3:TPX><ns3:Speed>1.5299999713897705</ns3:Speed><ns3:Pace>0.65</ns3:Pace></ns3:TPX></Extensions></Trackpoint><Trackpoint><Time>2026-01-27T21:51:43Z</Time><Position><LatitudeDegrees>-8.04314601</LatitudeDegrees><LongitudeDegrees>-34.93428043</LongitudeDegrees></Position><HeartRateBpm><Value>116</Value></HeartRateBpm><Cadence>33</Cadence><Extensions><ns3:TPX><ns3:Speed>1.5299999713897705</ns3:Speed><ns3:Pace>0.65</ns3:Pace></ns3:TPX></Extensions></Trackpoint><Trackpoint><Time>2026-01-27T21:51:44Z</Time><Position><LatitudeDegrees>-8.04315334</LatitudeDegrees><LongitudeDegrees>-34.9342681</LongitudeDegrees></Position><HeartRateBpm><Value>116</Value></HeartRateBpm><Cadence>33</Cadence><Extensions><ns3:TPX><ns3:Speed>1.5299999713897705</ns3:Speed><ns3:Pace>0.65</ns3:Pace></ns3:TPX></Extensions></Trackpoint><Trackpoint><Time>2026-01-27T21:51:45Z</Time><Position><LatitudeDegrees>-8.04316299</LatitudeDegrees><LongitudeDegrees>-34.93425477</LongitudeDegrees></Position><HeartRateBpm><Value>116</Value></HeartRateBpm><Cadence>33</Cadence><Extensions><ns3:TPX><ns3:Speed>1.5299999713897705</ns3:Speed><ns3:Pace>0.65</ns3:Pace></ns3:TPX></Extensions></Trackpoint><Trackpoint><Time>2026-01-27T21:51:46Z</Time><Position><LatitudeDegrees>-8.04317598</LatitudeDegrees><LongitudeDegrees>-34.9342421</LongitudeDegrees></Position><HeartRateBpm><Value>117</Value></HeartRateBpm><Cadence>33</Cadence><Extensions><ns3:TPX><ns3:Speed>1.5299999713897705</ns3:Speed><ns3:Pace>0.65</ns3:Pace></ns3:TPX></Extensions></Trackpoint><Trackpoint><Time>2026-01-27T21:51:47Z</Time><Position><LatitudeDegrees>-8.04319132</LatitudeDegrees><LongitudeDegrees>-34.93423178</LongitudeDegrees></Position><HeartRateBpm><Value>118</Value></HeartRateBpm><Cadence>33</Cadence><Extensions><ns3:TPX><ns3:Speed>1.5299999713897705</ns3:Speed><ns3:Pace>0.64</ns3:Pace></ns3:TPX></Extensions></Trackpoint><Trackpoint><Time>2026-01-27T21:51:48Z</Time><Position><LatitudeDegrees>-8.04320831</LatitudeDegrees><LongitudeDegrees>-34.93422279</LongitudeDegrees></Position><HeartRateBpm><Value>120</Value></HeartRateBpm><Cadence>33</Cadence><Extensions><ns3:TPX><ns3:Speed>1.5399999618530273</ns3:Speed><ns3:Pace>0.64</ns3:Pace></ns3:TPX></Extensions></Trackpoint><Trackpoint><Time>2026-01-27T21:51:49Z</Time><Position><LatitudeDegrees>-8.04322497</LatitudeDegrees><LongitudeDegrees>-34.93421446</LongitudeDegrees></Position><HeartRateBpm><Value>121</Value></HeartRateBpm><Cadence>33</Cadence><Extensions><ns3:TPX><ns3:Speed>1.5399999618530273</ns3:Speed><ns3:Pace>0.64</ns3:Pace></ns3:TPX></Extensions></Trackpoint><Trackpoint><Time>2026-01-27T21:51:50Z</Time><Position><LatitudeDegrees>-8.04324131</LatitudeDegrees><LongitudeDegrees>-34.93420579</LongitudeDegrees></Position><HeartRateBpm><Value>121</Value></HeartRateBpm><Cadence>33</Cadence><Extensions><ns3:TPX><ns3:Speed>1.5399999618530273</ns3:Speed><ns3:Pace>0.64</ns3:Pace></ns3:TPX></Extensions></Trackpoint><Trackpoint><Time>2026-01-27T21:51:51Z</Time><Position><LatitudeDegrees>-8.04325664</LatitudeDegrees><LongitudeDegrees>-34.93419547</LongitudeDegrees></Position><HeartRateBpm><Value>124</Value></HeartRateBpm><Cadence>33</Cadence><Extensions><ns3:TPX><ns3:Speed>1.5399999618530273</ns3:Speed><ns3:Pace>0.64</ns3:Pace></ns3:TPX></Extensions></Trackpoint><Trackpoint><Time>2026-01-27T21:51:52Z</Time><Position><LatitudeDegrees>-8.0432713</LatitudeDegrees><LongitudeDegrees>-34.93418513</LongitudeDegrees></Position><HeartRateBpm><Value>126</Value></HeartRateBpm><Cadence>31</Cadence><Extensions><ns3:TPX><ns3:Speed>1.5499999523162842</ns3:Speed><ns3:Pace>0.64</ns3:Pace></ns3:TPX></Extensions></Trackpoint><Trackpoint><Time>2026-01-27T21:51:53Z</Time><Position><LatitudeDegrees>-8.0432853</LatitudeDegrees><LongitudeDegrees>-34.93417348</LongitudeDegrees></Position><HeartRateBpm><Value>127</Value></HeartRateBpm><Cadence>31</Cadence><Extensions><ns3:TPX><ns3:Speed>1.559999942779541</ns3:Speed><ns3:Pace>0.63</ns3:Pace></ns3:TPX></Extensions></Trackpoint><Trackpoint><Time>2026-01-27T21:51:54Z</Time><Position><LatitudeDegrees>-8.04329862</LatitudeDegrees><LongitudeDegrees>-34.93416182</LongitudeDegrees></Position><HeartRateBpm><Value>127</Value></HeartRateBpm><Cadence>33</Cadence><Extensions><ns3:TPX><ns3:Speed>1.559999942779541</ns3:Speed><ns3:Pace>0.63</ns3:Pace></ns3:TPX></Extensions></Trackpoint><Trackpoint><Time>2026-01-27T21:51:55Z</Time><Position><LatitudeDegrees>-8.04331029</LatitudeDegrees><LongitudeDegrees>-34.93415016</LongitudeDegrees></Position><HeartRateBpm><Value>125</Value></HeartRateBpm><Cadence>33</Cadence><Extensions><ns3:TPX><ns3:Speed>1.5700000524520874</ns3:Speed><ns3:Pace>0.63</ns3:Pace></ns3:TPX></Extensions></Trackpoint><Trackpoint><Time>2026-01-27T21:51:56Z</Time><Position><LatitudeDegrees>-8.04331894</LatitudeDegrees><LongitudeDegrees>-34.93413816</LongitudeDegrees></Position><HeartRateBpm><Value>125</Value></HeartRateBpm><Cadence>33</Cadence><Extensions><ns3:TPX><ns3:Speed>1.5700000524520874</ns3:Speed><ns3:Pace>0.63</ns3:Pace></ns3:TPX></Extensions></Trackpoint><Trackpoint><Time>2026-01-27T21:51:57Z</Time><Position><LatitudeDegrees>-8.04332494</LatitudeDegrees><LongitudeDegrees>-34.93412784</LongitudeDegrees></Position><HeartRateBpm><Value>127</Value></HeartRateBpm><Cadence>32</Cadence><Extensions><ns3:TPX><ns3:Speed>1.5800000429153442</ns3:Speed><ns3:Pace>0.63</ns3:Pace></ns3:TPX></Extensions></Trackpoint><Trackpoint><Time>2026-01-27T21:51:58Z</Time><Position><LatitudeDegrees>-8.04333194</LatitudeDegrees><LongitudeDegrees>-34.93411585</LongitudeDegrees></Position><HeartRateBpm><Value>125</Value></HeartRateBpm><Cadence>32</Cadence><Extensions><ns3:TPX><ns3:Speed>1.5800000429153442</ns3:Speed><ns3:Pace>0.62</ns3:Pace></ns3:TPX></Extensions></Trackpoint><Trackpoint><Time>2026-01-27T21:51:59Z</Time><Position><LatitudeDegrees>-8.04334027</LatitudeDegrees><LongitudeDegrees>-34.93410385</LongitudeDegrees></Position><HeartRateBpm><Value>125</Value></HeartRateBpm><Cadence>32</Cadence><Extensions><ns3:TPX><ns3:Speed>1.590000033378601</ns3:Speed><ns3:Pace>0.62</ns3:Pace></ns3:TPX></Extensions></Trackpoint><Trackpoint><Time>2026-01-27T21:52:00Z</Time><Position><LatitudeDegrees>-8.04334927</LatitudeDegrees><LongitudeDegrees>-34.93409353</LongitudeDegrees></Position><HeartRateBpm><Value>124</Value></HeartRateBpm><Cadence>32</Cadence><Extensions><ns3:TPX><ns3:Speed>1.590000033378601</ns3:Speed><ns3:Pace>0.62</ns3:Pace></ns3:TPX></Extensions></Trackpoint><Trackpoint><Time>2026-01-27T21:52:01Z</Time><Position><LatitudeDegrees>-8.0433566</LatitudeDegrees><LongitudeDegrees>-34.93408286</LongitudeDegrees></Position><HeartRateBpm><Value>124</Value></HeartRateBpm><Cadence>32</Cadence><Extensions><ns3:TPX><ns3:Speed>1.600000023841858</ns3:Speed><ns3:Pace>0.62</ns3:Pace></ns3:TPX></Extensions></Trackpoint><Trackpoint><Time>2026-01-27T21:52:02Z</Time><Position><LatitudeDegrees>-8.04336626</LatitudeDegrees><LongitudeDegrees>-34.93407154</LongitudeDegrees></Position><HeartRateBpm><Value>124</Value></HeartRateBpm><Cadence>31</Cadence><Extensions><ns3:TPX><ns3:Speed>1.600000023841858</ns3:Speed><ns3:Pace>0.62</ns3:Pace></ns3:TPX></Extensions></Trackpoint><Trackpoint><Time>2026-01-27T21:52:03Z</Time><Position><LatitudeDegrees>-8.04337426</LatitudeDegrees><LongitudeDegrees>-34.93406087</LongitudeDegrees></Position><HeartRateBpm><Value>124</Value></HeartRateBpm><Cadence>31</Cadence><Extensions><ns3:TPX><ns3:Speed>1.600000023841858</ns3:Speed><ns3:Pace>0.62</ns3:Pace></ns3:TPX></Extensions></Trackpoint><Trackpoint><Time>2026-01-27T21:52:04Z</Time><Position><LatitudeDegrees>-8.04337925</LatitudeDegrees><LongitudeDegrees>-34.93405054</LongitudeDegrees></Position><HeartRateBpm><Value>123</Value></HeartRateBpm><Cadence>31</Cadence><Extensions><ns3:TPX><ns3:Speed>1.600000023841858</ns3:Speed><ns3:Pace>0.62</ns3:Pace></ns3:TPX></Extensions></Trackpoint><Trackpoint><Time>2026-01-27T21:52:05Z</Time><Position><LatitudeDegrees>-8.04338357</LatitudeDegrees><LongitudeDegrees>-34.93404088</LongitudeDegrees></Position><HeartRateBpm><Value>123</Value></HeartRateBpm><Cadence>31</Cadence><Extensions><ns3:TPX><ns3:Speed>1.600000023841858</ns3:Speed><ns3:Pace>0.62</ns3:Pace></ns3:TPX></Extensions></Trackpoint><Trackpoint><Time>2026-01-27T21:52:06Z</Time><Position><LatitudeDegrees>-8.0433879</LatitudeDegrees><LongitudeDegrees>-34.93403121</LongitudeDegrees></Position><HeartRateBpm><Value>123</Value></HeartRateBpm><Cadence>31</Cadence><Extensions><ns3:TPX><ns3:Speed>1.600000023841858</ns3:Speed><ns3:Pace>0.62</ns3:Pace></ns3:TPX></Extensions></Trackpoint><Trackpoint><Time>2026-01-27T21:52:07Z</Time><Position><LatitudeDegrees>-8.04339256</LatitudeDegrees><LongitudeDegrees>-34.93402056</LongitudeDegrees></Position><HeartRateBpm><Value>123</Value></HeartRateBpm><Cadence>32</Cadence><Extensions><ns3:TPX><ns3:Speed>1.600000023841858</ns3:Speed><ns3:Pace>0.62</ns3:Pace></ns3:TPX></Extensions></Trackpoint><Trackpoint><Time>2026-01-27T21:52:08Z</Time><Position><LatitudeDegrees>-8.04339922</LatitudeDegrees><LongitudeDegrees>-34.93401089</LongitudeDegrees></Position><HeartRateBpm><Value>128</Value></HeartRateBpm><Cadence>32</Cadence><Extensions><ns3:TPX><ns3:Speed>1.590000033378601</ns3:Speed><ns3:Pace>0.62</ns3:Pace></ns3:TPX></Extensions></Trackpoint><Trackpoint><Time>2026-01-27T21:52:09Z</Time><Position><LatitudeDegrees>-8.04340755</LatitudeDegrees><LongitudeDegrees>-34.93400022</LongitudeDegrees></Position><HeartRateBpm><Value>128</Value></HeartRateBpm><Cadence>32</Cadence><Extensions><ns3:TPX><ns3:Speed>1.590000033378601</ns3:Speed><ns3:Pace>0.62</ns3:Pace></ns3:TPX></Extensions></Trackpoint><Trackpoint><Time>2026-01-27T21:52:10Z</Time><Position><LatitudeDegrees>-8.04341522</LatitudeDegrees><LongitudeDegrees>-34.93398957</LongitudeDegrees></Position><HeartRateBpm><Value>129</Value></HeartRateBpm><Cadence>32</Cadence><Extensions><ns3:TPX><ns3:Speed>1.5800000429153442</ns3:Speed><ns3:Pace>0.63</ns3:Pace></ns3:TPX></Extensions></Trackpoint><Trackpoint><Time>2026-01-27T21:52:11Z</Time><Position><LatitudeDegrees>-8.04342188</LatitudeDegrees><LongitudeDegrees>-34.93397757</LongitudeDegrees></Position><HeartRateBpm><Value>131</Value></HeartRateBpm><Cadence>32</Cadence><Extensions><ns3:TPX><ns3:Speed>1.5800000429153442</ns3:Speed><ns3:Pace>0.63</ns3:Pace></ns3:TPX></Extensions></Trackpoint><Trackpoint><Time>2026-01-27T21:52:12Z</Time><Position><LatitudeDegrees>-8.04342921</LatitudeDegrees><LongitudeDegrees>-34.93396591</LongitudeDegrees></Position><HeartRateBpm><Value>132</Value></HeartRateBpm><Cadence>32</Cadence><Extensions><ns3:TPX><ns3:Speed>1.5700000524520874</ns3:Speed><ns3:Pace>0.63</ns3:Pace></ns3:TPX></Extensions></Trackpoint><Trackpoint><Time>2026-01-27T21:52:13Z</Time><Position><LatitudeDegrees>-8.04343654</LatitudeDegrees><LongitudeDegrees>-34.93395558</LongitudeDegrees></Position><HeartRateBpm><Value>132</Value></HeartRateBpm><Cadence>31</Cadence><Extensions><ns3:TPX><ns3:Speed>1.5700000524520874</ns3:Speed><ns3:Pace>0.63</ns3:Pace></ns3:TPX></Extensions></Trackpoint><Trackpoint><Time>2026-01-27T21:52:14Z</Time><Position><LatitudeDegrees>-8.04344386</LatitudeDegrees><LongitudeDegrees>-34.93394492</LongitudeDegrees></Position><HeartRateBpm><Value>132</Value></HeartRateBpm><Cadence>31</Cadence><Extensions><ns3:TPX><ns3:Speed>1.559999942779541</ns3:Speed><ns3:Pace>0.63</ns3:Pace></ns3:TPX></Extensions></Trackpoint><Trackpoint><Time>2026-01-27T21:52:15Z</Time><Position><LatitudeDegrees>-8.04345353</LatitudeDegrees><LongitudeDegrees>-34.93393425</LongitudeDegrees></Position><HeartRateBpm><Value>132</Value></HeartRateBpm><Cadence>31</Cadence><Extensions><ns3:TPX><ns3:Speed>1.559999942779541</ns3:Speed><ns3:Pace>0.64</ns3:Pace></ns3:TPX></Extensions></Trackpoint><Trackpoint><Time>2026-01-27T21:52:16Z</Time><Position><LatitudeDegrees>-8.04346285</LatitudeDegrees><LongitudeDegrees>-34.93392226</LongitudeDegrees></Position><HeartRateBpm><Value>132</Value></HeartRateBpm><Cadence>31</Cadence><Extensions><ns3:TPX><ns3:Speed>1.559999942779541</ns3:Speed><ns3:Pace>0.64</ns3:Pace></ns3:TPX></Extensions></Trackpoint><Trackpoint><Time>2026-01-27T21:52:17Z</Time><Position><LatitudeDegrees>-8.04347385</LatitudeDegrees><LongitudeDegrees>-34.93390893</LongitudeDegrees></Position><HeartRateBpm><Value>132</Value></HeartRateBpm><Cadence>31</Cadence><Extensions><ns3:TPX><ns3:Speed>1.5499999523162842</ns3:Speed><ns3:Pace>0.64</ns3:Pace></ns3:TPX></Extensions></Trackpoint><Trackpoint><Time>2026-01-27T21:52:18Z</Time><Position><LatitudeDegrees>-8.04348484</LatitudeDegrees><LongitudeDegrees>-34.93389661</LongitudeDegrees></Position><HeartRateBpm><Value>132</Value></HeartRateBpm><Cadence>31</Cadence><Extensions><ns3:TPX><ns3:Speed>1.5499999523162842</ns3:Speed><ns3:Pace>0.64</ns3:Pace></ns3:TPX></Extensions></Trackpoint><Trackpoint><Time>2026-01-27T21:52:19Z</Time><Position><LatitudeDegrees>-8.04349418</LatitudeDegrees><LongitudeDegrees>-34.93388427</LongitudeDegrees></Position><HeartRateBpm><Value>133</Value></HeartRateBpm><Cadence>31</Cadence><Extensions><ns3:TPX><ns3:Speed>1.5499999523162842</ns3:Speed><ns3:Pace>0.64</ns3:Pace></ns3:TPX></Extensions></Trackpoint><Trackpoint><Time>2026-01-27T21:52:20Z</Time><Position><LatitudeDegrees>-8.04350118</LatitudeDegrees><LongitudeDegrees>-34.93387327</LongitudeDegrees></Position><HeartRateBpm><Value>134</Value></HeartRateBpm><Cadence>31</Cadence><Extensions><ns3:TPX><ns3:Speed>1.5499999523162842</ns3:Speed><ns3:Pace>0.64</ns3:Pace></ns3:TPX></Extensions></Trackpoint><Trackpoint><Time>2026-01-27T21:52:21Z</Time><Position><LatitudeDegrees>-8.04350718</LatitudeDegrees><LongitudeDegrees>-34.93386328</LongitudeDegrees></Position><HeartRateBpm><Value>134</Value></HeartRateBpm><Cadence>31</Cadence><Extensions><ns3:TPX><ns3:Speed>1.5499999523162842</ns3:Speed><ns3:Pace>0.64</ns3:Pace></ns3:TPX></Extensions></Trackpoint><Trackpoint><Time>2026-01-27T21:52:22Z</Time><Position><LatitudeDegrees>-8.04351217</LatitudeDegrees><LongitudeDegrees>-34.93385295</LongitudeDegrees></Position><HeartRateBpm><Value>134</Value></HeartRateBpm><Cadence>31</Cadence><Extensions><ns3:TPX><ns3:Speed>1.5499999523162842</ns3:Speed><ns3:Pace>0.64</ns3:Pace></ns3:TPX></Extensions></Trackpoint><Trackpoint><Time>2026-01-27T21:52:23Z</Time><Position><LatitudeDegrees>-8.04351617</LatitudeDegrees><LongitudeDegrees>-34.93384295</LongitudeDegrees></Position><HeartRateBpm><Value>135</Value></HeartRateBpm><Cadence>31</Cadence><Extensions><ns3:TPX><ns3:Speed>1.5499999523162842</ns3:Speed><ns3:Pace>0.64</ns3:Pace></ns3:TPX></Extensions></Trackpoint><Trackpoint><Time>2026-01-27T21:52:24Z</Time><Position><LatitudeDegrees>-8.04351982</LatitudeDegrees><LongitudeDegrees>-34.93383129</LongitudeDegrees></Position><HeartRateBpm><Value>135</Value></HeartRateBpm><Cadence>31</Cadence><Extensions><ns3:TPX><ns3:Speed>1.5499999523162842</ns3:Speed><ns3:Pace>0.64</ns3:Pace></ns3:TPX></Extensions></Trackpoint><Trackpoint><Time>2026-01-27T21:52:25Z</Time><Position><LatitudeDegrees>-8.04352316</LatitudeDegrees><LongitudeDegrees>-34.93381864</LongitudeDegrees></Position><HeartRateBpm><Value>134</Value></HeartRateBpm><Cadence>31</Cadence><Extensions><ns3:TPX><ns3:Speed>1.5399999618530273</ns3:Speed><ns3:Pace>0.64</ns3:Pace></ns3:TPX></Extensions></Trackpoint><Trackpoint><Time>2026-01-27T21:52:26Z</Time><Position><LatitudeDegrees>-8.04352448</LatitudeDegrees><LongitudeDegrees>-34.93380364</LongitudeDegrees></Position><HeartRateBpm><Value>132</Value></HeartRateBpm><Cadence>31</Cadence><Extensions><ns3:TPX><ns3:Speed>1.5399999618530273</ns3:Speed><ns3:Pace>0.64</ns3:Pace></ns3:TPX></Extensions></Trackpoint><Trackpoint><Time>2026-01-27T21:52:27Z</Time><Position><LatitudeDegrees>-8.04352514</LatitudeDegrees><LongitudeDegrees>-34.93378798</LongitudeDegrees></Position><HeartRateBpm><Value>132</Value></HeartRateBpm><Cadence>31</Cadence><Extensions><ns3:TPX><ns3:Speed>1.5399999618530273</ns3:Speed><ns3:Pace>0.65</ns3:Pace></ns3:TPX></Extensions></Trackpoint><Trackpoint><Time>2026-01-27T21:52:28Z</Time><Position><LatitudeDegrees>-8.04352646</LatitudeDegrees><LongitudeDegrees>-34.93377265</LongitudeDegrees></Position><HeartRateBpm><Value>130</Value></HeartRateBpm><Cadence>31</Cadence><Extensions><ns3:TPX><ns3:Speed>1.5299999713897705</ns3:Speed><ns3:Pace>0.65</ns3:Pace></ns3:TPX></Extensions></Trackpoint><Trackpoint><Time>2026-01-27T21:52:29Z</Time><Position><LatitudeDegrees>-8.04352913</LatitudeDegrees><LongitudeDegrees>-34.93375732</LongitudeDegrees></Position><HeartRateBpm><Value>128</Value></HeartRateBpm><Cadence>32</Cadence><Extensions><ns3:TPX><ns3:Speed>1.5299999713897705</ns3:Speed><ns3:Pace>0.65</ns3:Pace></ns3:TPX></Extensions></Trackpoint><Trackpoint><Time>2026-01-27T21:52:30Z</Time><Position><LatitudeDegrees>-8.04353178</LatitudeDegrees><LongitudeDegrees>-34.93374332</LongitudeDegrees></Position><HeartRateBpm><Value>126</Value></HeartRateBpm><Cadence>33</Cadence><Extensions><ns3:TPX><ns3:Speed>1.5199999809265137</ns3:Speed><ns3:Pace>0.65</ns3:Pace></ns3:TPX></Extensions></Trackpoint><Trackpoint><Time>2026-01-27T21:52:31Z</Time><Position><LatitudeDegrees>-8.04353378</LatitudeDegrees><LongitudeDegrees>-34.93373133</LongitudeDegrees></Position><HeartRateBpm><Value>126</Value></HeartRateBpm><Cadence>33</Cadence><Extensions><ns3:TPX><ns3:Speed>1.5199999809265137</ns3:Speed><ns3:Pace>0.65</ns3:Pace></ns3:TPX></Extensions></Trackpoint><Trackpoint><Time>2026-01-27T21:52:32Z</Time><Position><LatitudeDegrees>-8.04353544</LatitudeDegrees><LongitudeDegrees>-34.93372033</LongitudeDegrees></Position><HeartRateBpm><Value>126</Value></HeartRateBpm><Cadence>32</Cadence><Extensions><ns3:TPX><ns3:Speed>1.5199999809265137</ns3:Speed><ns3:Pace>0.65</ns3:Pace></ns3:TPX></Extensions></Trackpoint><Trackpoint><Time>2026-01-27T21:52:33Z</Time><Position><LatitudeDegrees>-8.04353777</LatitudeDegrees><LongitudeDegrees>-34.93370868</LongitudeDegrees></Position><HeartRateBpm><Value>126</Value></HeartRateBpm><Cadence>32</Cadence><Extensions><ns3:TPX><ns3:Speed>1.5199999809265137</ns3:Speed><ns3:Pace>0.65</ns3:Pace></ns3:TPX></Extensions></Trackpoint><Trackpoint><Time>2026-01-27T21:52:34Z</Time><Position><LatitudeDegrees>-8.0435411</LatitudeDegrees><LongitudeDegrees>-34.93369634</LongitudeDegrees></Position><HeartRateBpm><Value>126</Value></HeartRateBpm><Cadence>32</Cadence><Extensions><ns3:TPX><ns3:Speed>1.5199999809265137</ns3:Speed><ns3:Pace>0.65</ns3:Pace></ns3:TPX></Extensions></Trackpoint><Trackpoint><Time>2026-01-27T21:52:35Z</Time><Position><LatitudeDegrees>-8.04354542</LatitudeDegrees><LongitudeDegrees>-34.93368302</LongitudeDegrees></Position><HeartRateBpm><Value>126</Value></HeartRateBpm><Cadence>32</Cadence><Extensions><ns3:TPX><ns3:Speed>1.5199999809265137</ns3:Speed><ns3:Pace>0.65</ns3:Pace></ns3:TPX></Extensions></Trackpoint><Trackpoint><Time>2026-01-27T21:52:36Z</Time><Position><LatitudeDegrees>-8.04354875</LatitudeDegrees><LongitudeDegrees>-34.93367002</LongitudeDegrees></Position><HeartRateBpm><Value>126</Value></HeartRateBpm><Cadence>32</Cadence><Extensions><ns3:TPX><ns3:Speed>1.5099999904632568</ns3:Speed><ns3:Pace>0.66</ns3:Pace></ns3:TPX></Extensions></Trackpoint><Trackpoint><Time>2026-01-27T21:52:37Z</Time><Position><LatitudeDegrees>-8.04355374</LatitudeDegrees><LongitudeDegrees>-34.93365602</LongitudeDegrees></Position><HeartRateBpm><Value>126</Value></HeartRateBpm><Cadence>32</Cadence><Extensions><ns3:TPX><ns3:Speed>1.5099999904632568</ns3:Speed><ns3:Pace>0.66</ns3:Pace></ns3:TPX></Extensions></Trackpoint><Trackpoint><Time>2026-01-27T21:52:38Z</Time><Position><LatitudeDegrees>-8.04355941</LatitudeDegrees><LongitudeDegrees>-34.9336437</LongitudeDegrees></Position><HeartRateBpm><Value>126</Value></HeartRateBpm><Cadence>32</Cadence><Extensions><ns3:TPX><ns3:Speed>1.5099999904632568</ns3:Speed><ns3:Pace>0.66</ns3:Pace></ns3:TPX></Extensions></Trackpoint><Trackpoint><Time>2026-01-27T21:52:39Z</Time><Position><LatitudeDegrees>-8.04356708</LatitudeDegrees><LongitudeDegrees>-34.93363303</LongitudeDegrees></Position><HeartRateBpm><Value>126</Value></HeartRateBpm><Cadence>32</Cadence><Extensions><ns3:TPX><ns3:Speed>1.5099999904632568</ns3:Speed><ns3:Pace>0.66</ns3:Pace></ns3:TPX></Extensions></Trackpoint><Trackpoint><Time>2026-01-27T21:52:40Z</Time><Position><LatitudeDegrees>-8.04357608</LatitudeDegrees><LongitudeDegrees>-34.93362371</LongitudeDegrees></Position><HeartRateBpm><Value>126</Value></HeartRateBpm><Cadence>32</Cadence><Extensions><ns3:TPX><ns3:Speed>1.5</ns3:Speed><ns3:Pace>0.66</ns3:Pace></ns3:TPX></Extensions></Trackpoint><Trackpoint><Time>2026-01-27T21:52:41Z</Time><Position><LatitudeDegrees>-8.04358841</LatitudeDegrees><LongitudeDegrees>-34.93361504</LongitudeDegrees></Position><HeartRateBpm><Value>126</Value></HeartRateBpm><Cadence>32</Cadence><Extensions><ns3:TPX><ns3:Speed>1.5</ns3:Speed><ns3:Pace>0.66</ns3:Pace></ns3:TPX></Extensions></Trackpoint><Trackpoint><Time>2026-01-27T21:52:42Z</Time><Position><LatitudeDegrees>-8.04360307</LatitudeDegrees><LongitudeDegrees>-34.93360738</LongitudeDegrees></Position><HeartRateBpm><Value>126</Value></HeartRateBpm><Cadence>32</Cadence><Extensions><ns3:TPX><ns3:Speed>1.4900000095367432</ns3:Speed><ns3:Pace>0.66</ns3:Pace></ns3:TPX></Extensions></Trackpoint><Trackpoint><Time>2026-01-27T21:52:43Z</Time><Position><LatitudeDegrees>-8.04361707</LatitudeDegrees><LongitudeDegrees>-34.93360038</LongitudeDegrees></Position><HeartRateBpm><Value>126</Value></HeartRateBpm><Cadence>32</Cadence><Extensions><ns3:TPX><ns3:Speed>1.4900000095367432</ns3:Speed><ns3:Pace>0.66</ns3:Pace></ns3:TPX></Extensions></Trackpoint><Trackpoint><Time>2026-01-27T21:52:44Z</Time><Position><LatitudeDegrees>-8.0436314</LatitudeDegrees><LongitudeDegrees>-34.93359373</LongitudeDegrees></Position><HeartRateBpm><Value>126</Value></HeartRateBpm><Cadence>32</Cadence><Extensions><ns3:TPX><ns3:Speed>1.4900000095367432</ns3:Speed><ns3:Pace>0.67</ns3:Pace></ns3:TPX></Extensions></Trackpoint><Trackpoint><Time>2026-01-27T21:52:45Z</Time><Position><LatitudeDegrees>-8.04364439</LatitudeDegrees><LongitudeDegrees>-34.93358639</LongitudeDegrees></Position><HeartRateBpm><Value>128</Value></HeartRateBpm><Cadence>32</Cadence><Extensions><ns3:TPX><ns3:Speed>1.4900000095367432</ns3:Speed><ns3:Pace>0.67</ns3:Pace></ns3:TPX></Extensions></Trackpoint><Trackpoint><Time>2026-01-27T21:52:46Z</Time><Position><LatitudeDegrees>-8.04365539</LatitudeDegrees><LongitudeDegrees>-34.93357874</LongitudeDegrees></Position><HeartRateBpm><Value>128</Value></HeartRateBpm><Cadence>32</Cadence><Extensions><ns3:TPX><ns3:Speed>1.4900000095367432</ns3:Speed><ns3:Pace>0.67</ns3:Pace></ns3:TPX></Extensions></Trackpoint><Trackpoint><Time>2026-01-27T21:52:47Z</Time><Position><LatitudeDegrees>-8.04366306</LatitudeDegrees><LongitudeDegrees>-34.93356974</LongitudeDegrees></Position><HeartRateBpm><Value>128</Value></HeartRateBpm><Cadence>32</Cadence><Extensions><ns3:TPX><ns3:Speed>1.4900000095367432</ns3:Speed><ns3:Pace>0.67</ns3:Pace></ns3:TPX></Extensions></Trackpoint><Trackpoint><Time>2026-01-27T21:52:48Z</Time><Position><LatitudeDegrees>-8.04366905</LatitudeDegrees><LongitudeDegrees>-34.93356075</LongitudeDegrees></Position><HeartRateBpm><Value>129</Value></HeartRateBpm><Cadence>32</Cadence><Extensions><ns3:TPX><ns3:Speed>1.4800000190734863</ns3:Speed><ns3:Pace>0.67</ns3:Pace></ns3:TPX></Extensions></Trackpoint><Trackpoint><Time>2026-01-27T21:52:49Z</Time><Position><LatitudeDegrees>-8.0436717</LatitudeDegrees><LongitudeDegrees>-34.93355109</LongitudeDegrees></Position><HeartRateBpm><Value>130</Value></HeartRateBpm><Cadence>32</Cadence><Extensions><ns3:TPX><ns3:Speed>1.4800000190734863</ns3:Speed><ns3:Pace>0.67</ns3:Pace></ns3:TPX></Extensions></Trackpoint><Trackpoint><Time>2026-01-27T21:52:50Z</Time><Position><LatitudeDegrees>-8.0436727</LatitudeDegrees><LongitudeDegrees>-34.93354076</LongitudeDegrees></Position><HeartRateBpm><Value>130</Value></HeartRateBpm><Cadence>32</Cadence><Extensions><ns3:TPX><ns3:Speed>1.4800000190734863</ns3:Speed><ns3:Pace>0.67</ns3:Pace></ns3:TPX></Extensions></Trackpoint><Trackpoint><Time>2026-01-27T21:52:51Z</Time><Position><LatitudeDegrees>-8.0436727</LatitudeDegrees><LongitudeDegrees>-34.9335261</LongitudeDegrees></Position><HeartRateBpm><Value>131</Value></HeartRateBpm><Cadence>32</Cadence><Extensions><ns3:TPX><ns3:Speed>1.4700000286102295</ns3:Speed><ns3:Pace>0.67</ns3:Pace></ns3:TPX></Extensions></Trackpoint><Trackpoint><Time>2026-01-27T21:52:52Z</Time><Position><LatitudeDegrees>-8.0436727</LatitudeDegrees><LongitudeDegrees>-34.93350878</LongitudeDegrees></Position><HeartRateBpm><Value>131</Value></HeartRateBpm><Cadence>32</Cadence><Extensions><ns3:TPX><ns3:Speed>1.4700000286102295</ns3:Speed><ns3:Pace>0.67</ns3:Pace></ns3:TPX></Extensions></Trackpoint><Trackpoint><Time>2026-01-27T21:52:53Z</Time><Position><LatitudeDegrees>-8.04367536</LatitudeDegrees><LongitudeDegrees>-34.93348944</LongitudeDegrees></Position><HeartRateBpm><Value>131</Value></HeartRateBpm><Cadence>32</Cadence><Extensions><ns3:TPX><ns3:Speed>1.4700000286102295</ns3:Speed><ns3:Pace>0.68</ns3:Pace></ns3:TPX></Extensions></Trackpoint><Trackpoint><Time>2026-01-27T21:52:54Z</Time><Position><LatitudeDegrees>-8.04367869</LatitudeDegrees><LongitudeDegrees>-34.93347078</LongitudeDegrees></Position><HeartRateBpm><Value>131</Value></HeartRateBpm><Cadence>32</Cadence><Extensions><ns3:TPX><ns3:Speed>1.4600000381469727</ns3:Speed><ns3:Pace>0.68</ns3:Pace></ns3:TPX></Extensions></Trackpoint><Trackpoint><Time>2026-01-27T21:52:55Z</Time><Position><LatitudeDegrees>-8.04368336</LatitudeDegrees><LongitudeDegrees>-34.93345312</LongitudeDegrees></Position><HeartRateBpm><Value>131</Value></HeartRateBpm><Cadence>32</Cadence><Extensions><ns3:TPX><ns3:Speed>1.4600000381469727</ns3:Speed><ns3:Pace>0.68</ns3:Pace></ns3:TPX></Extensions></Trackpoint><Trackpoint><Time>2026-01-27T21:52:56Z</Time><Position><LatitudeDegrees>-8.04368802</LatitudeDegrees><LongitudeDegrees>-34.93343779</LongitudeDegrees></Position><HeartRateBpm><Value>131</Value></HeartRateBpm><Cadence>65</Cadence><Extensions><ns3:TPX><ns3:Speed>1.4600000381469727</ns3:Speed><ns3:Pace>0.68</ns3:Pace></ns3:TPX></Extensions></Trackpoint><Trackpoint><Time>2026-01-27T21:52:57Z</Time><Position><LatitudeDegrees>-8.04369268</LatitudeDegrees><LongitudeDegrees>-34.93342346</LongitudeDegrees></Position><HeartRateBpm><Value>131</Value></HeartRateBpm><Cadence>65</Cadence><Extensions><ns3:TPX><ns3:Speed>1.4600000381469727</ns3:Speed><ns3:Pace>0.68</ns3:Pace></ns3:TPX></Extensions></Trackpoint><Trackpoint><Time>2026-01-27T21:52:58Z</Time><Position><LatitudeDegrees>-8.04369767</LatitudeDegrees><LongitudeDegrees>-34.93341081</LongitudeDegrees></Position><HeartRateBpm><Value>131</Value></HeartRateBpm><Cadence>65</Cadence><Extensions><ns3:TPX><ns3:Speed>1.4600000381469727</ns3:Speed><ns3:Pace>0.68</ns3:Pace></ns3:TPX></Extensions></Trackpoint><Trackpoint><Time>2026-01-27T21:52:59Z</Time><Position><LatitudeDegrees>-8.043703</LatitudeDegrees><LongitudeDegrees>-34.93339947</LongitudeDegrees></Position><HeartRateBpm><Value>130</Value></HeartRateBpm><Cadence>65</Cadence><Extensions><ns3:TPX><ns3:Speed>1.4700000286102295</ns3:Speed><ns3:Pace>0.67</ns3:Pace></ns3:TPX></Extensions></Trackpoint><Trackpoint><Time>2026-01-27T21:53:00Z</Time><Position><LatitudeDegrees>-8.04370833</LatitudeDegrees><LongitudeDegrees>-34.93338647</LongitudeDegrees></Position><HeartRateBpm><Value>129</Value></HeartRateBpm><Cadence>65</Cadence><Extensions><ns3:TPX><ns3:Speed>1.4700000286102295</ns3:Speed><ns3:Pace>0.67</ns3:Pace></ns3:TPX></Extensions></Trackpoint><Trackpoint><Time>2026-01-27T21:53:01Z</Time><Position><LatitudeDegrees>-8.043713</LatitudeDegrees><LongitudeDegrees>-34.93337148</LongitudeDegrees></Position><HeartRateBpm><Value>128</Value></HeartRateBpm><Cadence>66</Cadence><Extensions><ns3:TPX><ns3:Speed>1.4700000286102295</ns3:Speed><ns3:Pace>0.67</ns3:Pace></ns3:TPX></Extensions></Trackpoint><Trackpoint><Time>2026-01-27T21:53:02Z</Time><Position><LatitudeDegrees>-8.04371732</LatitudeDegrees><LongitudeDegrees>-34.93335683</LongitudeDegrees></Position><HeartRateBpm><Value>128</Value></HeartRateBpm><Cadence>65</Cadence><Extensions><ns3:TPX><ns3:Speed>1.4800000190734863</ns3:Speed><ns3:Pace>0.67</ns3:Pace></ns3:TPX></Extensions></Trackpoint><Trackpoint><Time>2026-01-27T21:53:03Z</Time><Position><LatitudeDegrees>-8.04372265</LatitudeDegrees><LongitudeDegrees>-34.93334283</LongitudeDegrees></Position><HeartRateBpm><Value>127</Value></HeartRateBpm><Cadence>65</Cadence><Extensions><ns3:TPX><ns3:Speed>1.4800000190734863</ns3:Speed><ns3:Pace>0.67</ns3:Pace></ns3:TPX></Extensions></Trackpoint><Trackpoint><Time>2026-01-27T21:53:04Z</Time><Position><LatitudeDegrees>-8.04372931</LatitudeDegrees><LongitudeDegrees>-34.93332983</LongitudeDegrees></Position><HeartRateBpm><Value>127</Value></HeartRateBpm><Cadence>65</Cadence><Extensions><ns3:TPX><ns3:Speed>1.4800000190734863</ns3:Speed><ns3:Pace>0.67</ns3:Pace></ns3:TPX></Extensions></Trackpoint><Trackpoint><Time>2026-01-27T21:53:05Z</Time><Position><LatitudeDegrees>-8.04373531</LatitudeDegrees><LongitudeDegrees>-34.93331784</LongitudeDegrees></Position><HeartRateBpm><Value>127</Value></HeartRateBpm><Cadence>65</Cadence><Extensions><ns3:TPX><ns3:Speed>1.4800000190734863</ns3:Speed><ns3:Pace>0.67</ns3:Pace></ns3:TPX></Extensions></Trackpoint><Trackpoint><Time>2026-01-27T21:53:06Z</Time><Position><LatitudeDegrees>-8.04374263</LatitudeDegrees><LongitudeDegrees>-34.93330684</LongitudeDegrees></Position><HeartRateBpm><Value>127</Value></HeartRateBpm><Cadence>64</Cadence><Extensions><ns3:TPX><ns3:Speed>1.4800000190734863</ns3:Speed><ns3:Pace>0.67</ns3:Pace></ns3:TPX></Extensions></Trackpoint><Trackpoint><Time>2026-01-27T21:53:07Z</Time><Position><LatitudeDegrees>-8.04375129</LatitudeDegrees><LongitudeDegrees>-34.93329751</LongitudeDegrees></Position><HeartRateBpm><Value>127</Value></HeartRateBpm><Cadence>64</Cadence><Extensions><ns3:TPX><ns3:Speed>1.4900000095367432</ns3:Speed><ns3:Pace>0.67</ns3:Pace></ns3:TPX></Extensions></Trackpoint><Trackpoint><Time>2026-01-27T21:53:08Z</Time><Position><LatitudeDegrees>-8.04376262</LatitudeDegrees><LongitudeDegrees>-34.93328885</LongitudeDegrees></Position><HeartRateBpm><Value>126</Value></HeartRateBpm><Cadence>65</Cadence><Extensions><ns3:TPX><ns3:Speed>1.4900000095367432</ns3:Speed><ns3:Pace>0.67</ns3:Pace></ns3:TPX></Extensions></Trackpoint><Trackpoint><Time>2026-01-27T21:53:09Z</Time><Position><LatitudeDegrees>-8.04377328</LatitudeDegrees><LongitudeDegrees>-34.93327919</LongitudeDegrees></Position><HeartRateBpm><Value>126</Value></HeartRateBpm><Cadence>65</Cadence><Extensions><ns3:TPX><ns3:Speed>1.4900000095367432</ns3:Speed><ns3:Pace>0.67</ns3:Pace></ns3:TPX></Extensions></Trackpoint><Trackpoint><Time>2026-01-27T21:53:10Z</Time><Position><LatitudeDegrees>-8.04378394</LatitudeDegrees><LongitudeDegrees>-34.93326852</LongitudeDegrees></Position><HeartRateBpm><Value>126</Value></HeartRateBpm><Cadence>65</Cadence><Extensions><ns3:TPX><ns3:Speed>1.4900000095367432</ns3:Speed><ns3:Pace>0.67</ns3:Pace></ns3:TPX></Extensions></Trackpoint><Trackpoint><Time>2026-01-27T21:53:11Z</Time><Position><LatitudeDegrees>-8.04379493</LatitudeDegrees><LongitudeDegrees>-34.9332562</LongitudeDegrees></Position><HeartRateBpm><Value>127</Value></HeartRateBpm><Cadence>65</Cadence><Extensions><ns3:TPX><ns3:Speed>1.4900000095367432</ns3:Speed><ns3:Pace>0.66</ns3:Pace></ns3:TPX></Extensions></Trackpoint><Trackpoint><Time>2026-01-27T21:53:12Z</Time><Position><LatitudeDegrees>-8.04380393</LatitudeDegrees><LongitudeDegrees>-34.9332432</LongitudeDegrees></Position><HeartRateBpm><Value>128</Value></HeartRateBpm><Cadence>65</Cadence><Extensions><ns3:TPX><ns3:Speed>1.4900000095367432</ns3:Speed><ns3:Pace>0.66</ns3:Pace></ns3:TPX></Extensions></Trackpoint><Trackpoint><Time>2026-01-27T21:53:13Z</Time><Position><LatitudeDegrees>-8.04381126</LatitudeDegrees><LongitudeDegrees>-34.93323121</LongitudeDegrees></Position><HeartRateBpm><Value>128</Value></HeartRateBpm><Cadence>65</Cadence><Extensions><ns3:TPX><ns3:Speed>1.4900000095367432</ns3:Speed><ns3:Pace>0.66</ns3:Pace></ns3:TPX></Extensions></Trackpoint><Trackpoint><Time>2026-01-27T21:53:14Z</Time><Position><LatitudeDegrees>-8.04381592</LatitudeDegrees><LongitudeDegrees>-34.93321989</LongitudeDegrees></Position><HeartRateBpm><Value>128</Value></HeartRateBpm><Cadence>66</Cadence><Extensions><ns3:TPX><ns3:Speed>1.4900000095367432</ns3:Speed><ns3:Pace>0.66</ns3:Pace></ns3:TPX></Extensions></Trackpoint><Trackpoint><Time>2026-01-27T21:53:15Z</Time><Position><LatitudeDegrees>-8.04382024</LatitudeDegrees><LongitudeDegrees>-34.93320823</LongitudeDegrees></Position><HeartRateBpm><Value>128</Value></HeartRateBpm><Cadence>66</Cadence><Extensions><ns3:TPX><ns3:Speed>1.5</ns3:Speed><ns3:Pace>0.66</ns3:Pace></ns3:TPX></Extensions></Trackpoint><Trackpoint><Time>2026-01-27T21:53:16Z</Time><Position><LatitudeDegrees>-8.04382357</LatitudeDegrees><LongitudeDegrees>-34.93319624</LongitudeDegrees></Position><HeartRateBpm><Value>128</Value></HeartRateBpm><Cadence>66</Cadence><Extensions><ns3:TPX><ns3:Speed>1.5</ns3:Speed><ns3:Pace>0.66</ns3:Pace></ns3:TPX></Extensions></Trackpoint><Trackpoint><Time>2026-01-27T21:53:17Z</Time><Position><LatitudeDegrees>-8.04382557</LatitudeDegrees><LongitudeDegrees>-34.93318257</LongitudeDegrees></Position><HeartRateBpm><Value>128</Value></HeartRateBpm><Cadence>66</Cadence><Extensions><ns3:TPX><ns3:Speed>1.5</ns3:Speed><ns3:Pace>0.66</ns3:Pace></ns3:TPX></Extensions></Trackpoint><Trackpoint><Time>2026-01-27T21:53:18Z</Time><Position><LatitudeDegrees>-8.04382757</LatitudeDegrees><LongitudeDegrees>-34.93316857</LongitudeDegrees></Position><HeartRateBpm><Value>128</Value></HeartRateBpm><Cadence>66</Cadence><Extensions><ns3:TPX><ns3:Speed>1.5</ns3:Speed><ns3:Pace>0.66</ns3:Pace></ns3:TPX></Extensions></Trackpoint><Trackpoint><Time>2026-01-27T21:53:19Z</Time><Position><LatitudeDegrees>-8.0438309</LatitudeDegrees><LongitudeDegrees>-34.93315357</LongitudeDegrees></Position><HeartRateBpm><Value>129</Value></HeartRateBpm><Cadence>66</Cadence><Extensions><ns3:TPX><ns3:Speed>1.5</ns3:Speed><ns3:Pace>0.66</ns3:Pace></ns3:TPX></Extensions></Trackpoint><Trackpoint><Time>2026-01-27T21:53:20Z</Time><Position><LatitudeDegrees>-8.04383523</LatitudeDegrees><LongitudeDegrees>-34.93313992</LongitudeDegrees></Position><HeartRateBpm><Value>130</Value></HeartRateBpm><Cadence>66</Cadence><Extensions><ns3:TPX><ns3:Speed>1.5</ns3:Speed><ns3:Pace>0.66</ns3:Pace></ns3:TPX></Extensions></Trackpoint><Trackpoint><Time>2026-01-27T21:53:21Z</Time><Position><LatitudeDegrees>-8.04384022</LatitudeDegrees><LongitudeDegrees>-34.93312458</LongitudeDegrees></Position><HeartRateBpm><Value>131</Value></HeartRateBpm><Cadence>66</Cadence><Extensions><ns3:TPX><ns3:Speed>1.5</ns3:Speed><ns3:Pace>0.66</ns3:Pace></ns3:TPX></Extensions></Trackpoint><Trackpoint><Time>2026-01-27T21:53:22Z</Time><Position><LatitudeDegrees>-8.04384321</LatitudeDegrees><LongitudeDegrees>-34.93310993</LongitudeDegrees></Position><HeartRateBpm><Value>131</Value></HeartRateBpm><Cadence>66</Cadence><Extensions><ns3:TPX><ns3:Speed>1.5</ns3:Speed><ns3:Pace>0.66</ns3:Pace></ns3:TPX></Extensions></Trackpoint><Trackpoint><Time>2026-01-27T21:53:23Z</Time><Position><LatitudeDegrees>-8.04384521</LatitudeDegrees><LongitudeDegrees>-34.93309626</LongitudeDegrees></Position><HeartRateBpm><Value>131</Value></HeartRateBpm><Cadence>66</Cadence><Extensions><ns3:TPX><ns3:Speed>1.5</ns3:Speed><ns3:Pace>0.66</ns3:Pace></ns3:TPX></Extensions></Trackpoint><Trackpoint><Time>2026-01-27T21:53:24Z</Time><Position><LatitudeDegrees>-8.04384687</LatitudeDegrees><LongitudeDegrees>-34.93308326</LongitudeDegrees></Position><HeartRateBpm><Value>130</Value></HeartRateBpm><Cadence>32</Cadence><Extensions><ns3:TPX><ns3:Speed>1.5</ns3:Speed><ns3:Pace>0.66</ns3:Pace></ns3:TPX></Extensions></Trackpoint><Trackpoint><Time>2026-01-27T21:53:25Z</Time><Position><LatitudeDegrees>-8.04384986</LatitudeDegrees><LongitudeDegrees>-34.9330696</LongitudeDegrees></Position><HeartRateBpm><Value>129</Value></HeartRateBpm><Cadence>32</Cadence><Extensions><ns3:TPX><ns3:Speed>1.5</ns3:Speed><ns3:Pace>0.66</ns3:Pace></ns3:TPX></Extensions></Trackpoint><Trackpoint><Time>2026-01-27T21:53:26Z</Time><Position><LatitudeDegrees>-8.04385286</LatitudeDegrees><LongitudeDegrees>-34.93305594</LongitudeDegrees></Position><HeartRateBpm><Value>129</Value></HeartRateBpm><Cadence>32</Cadence><Extensions><ns3:TPX><ns3:Speed>1.5099999904632568</ns3:Speed><ns3:Pace>0.66</ns3:Pace></ns3:TPX></Extensions></Trackpoint><Trackpoint><Time>2026-01-27T21:53:27Z</Time><Position><LatitudeDegrees>-8.04385651</LatitudeDegrees><LongitudeDegrees>-34.93304194</LongitudeDegrees></Position><HeartRateBpm><Value>129</Value></HeartRateBpm><Cadence>32</Cadence><Extensions><ns3:TPX><ns3:Speed>1.5099999904632568</ns3:Speed><ns3:Pace>0.66</ns3:Pace></ns3:TPX></Extensions></Trackpoint><Trackpoint><Time>2026-01-27T21:53:28Z</Time><Position><LatitudeDegrees>-8.04386118</LatitudeDegrees><LongitudeDegrees>-34.93302794</LongitudeDegrees></Position><HeartRateBpm><Value>129</Value></HeartRateBpm><Cadence>32</Cadence><Extensions><ns3:TPX><ns3:Speed>1.5099999904632568</ns3:Speed><ns3:Pace>0.66</ns3:Pace></ns3:TPX></Extensions></Trackpoint><Trackpoint><Time>2026-01-27T21:53:29Z</Time><Position><LatitudeDegrees>-8.04386584</LatitudeDegrees><LongitudeDegrees>-34.93301494</LongitudeDegrees></Position><HeartRateBpm><Value>129</Value></HeartRateBpm><Cadence>32</Cadence><Extensions><ns3:TPX><ns3:Speed>1.5099999904632568</ns3:Speed><ns3:Pace>0.66</ns3:Pace></ns3:TPX></Extensions></Trackpoint><Trackpoint><Time>2026-01-27T21:53:30Z</Time><Position><LatitudeDegrees>-8.04387184</LatitudeDegrees><LongitudeDegrees>-34.93300195</LongitudeDegrees></Position><HeartRateBpm><Value>128</Value></HeartRateBpm><Cadence>32</Cadence><Extensions><ns3:TPX><ns3:Speed>1.5099999904632568</ns3:Speed><ns3:Pace>0.66</ns3:Pace></ns3:TPX></Extensions></Trackpoint><Trackpoint><Time>2026-01-27T21:53:31Z</Time><Position><LatitudeDegrees>-8.04387849</LatitudeDegrees><LongitudeDegrees>-34.93298861</LongitudeDegrees></Position><HeartRateBpm><Value>128</Value></HeartRateBpm><Cadence>33</Cadence><Extensions><ns3:TPX><ns3:Speed>1.5099999904632568</ns3:Speed><ns3:Pace>0.66</ns3:Pace></ns3:TPX></Extensions></Trackpoint><Trackpoint><Time>2026-01-27T21:53:32Z</Time><Position><LatitudeDegrees>-8.04388316</LatitudeDegrees><LongitudeDegrees>-34.93297528</LongitudeDegrees></Position><HeartRateBpm><Value>127</Value></HeartRateBpm><Cadence>32</Cadence><Extensions><ns3:TPX><ns3:Speed>1.5099999904632568</ns3:Speed><ns3:Pace>0.66</ns3:Pace></ns3:TPX></Extensions></Trackpoint><Trackpoint><Time>2026-01-27T21:53:33Z</Time><Position><LatitudeDegrees>-8.04388649</LatitudeDegrees><LongitudeDegrees>-34.93296195</LongitudeDegrees></Position><HeartRateBpm><Value>127</Value></HeartRateBpm><Cadence>32</Cadence><Extensions><ns3:TPX><ns3:Speed>1.5099999904632568</ns3:Speed><ns3:Pace>0.65</ns3:Pace></ns3:TPX></Extensions></Trackpoint><Trackpoint><Time>2026-01-27T21:53:34Z</Time><Position><LatitudeDegrees>-8.04388948</LatitudeDegrees><LongitudeDegrees>-34.93294762</LongitudeDegrees></Position><HeartRateBpm><Value>128</Value></HeartRateBpm><Cadence>32</Cadence><Extensions><ns3:TPX><ns3:Speed>1.5099999904632568</ns3:Speed><ns3:Pace>0.65</ns3:Pace></ns3:TPX></Extensions></Trackpoint><Trackpoint><Time>2026-01-27T21:53:35Z</Time><Position><LatitudeDegrees>-8.04389281</LatitudeDegrees><LongitudeDegrees>-34.93293129</LongitudeDegrees></Position><HeartRateBpm><Value>128</Value></HeartRateBpm><Cadence>32</Cadence><Extensions><ns3:TPX><ns3:Speed>1.5099999904632568</ns3:Speed><ns3:Pace>0.65</ns3:Pace></ns3:TPX></Extensions></Trackpoint><Trackpoint><Time>2026-01-27T21:53:36Z</Time><Position><LatitudeDegrees>-8.04389581</LatitudeDegrees><LongitudeDegrees>-34.93291463</LongitudeDegrees></Position><HeartRateBpm><Value>128</Value></HeartRateBpm><Cadence>32</Cadence><Extensions><ns3:TPX><ns3:Speed>1.5099999904632568</ns3:Speed><ns3:Pace>0.65</ns3:Pace></ns3:TPX></Extensions></Trackpoint><Trackpoint><Time>2026-01-27T21:53:37Z</Time><Position><LatitudeDegrees>-8.04389846</LatitudeDegrees><LongitudeDegrees>-34.93289697</LongitudeDegrees></Position><HeartRateBpm><Value>127</Value></HeartRateBpm><Cadence>32</Cadence><Extensions><ns3:TPX><ns3:Speed>1.5199999809265137</ns3:Speed><ns3:Pace>0.65</ns3:Pace></ns3:TPX></Extensions></Trackpoint><Trackpoint><Time>2026-01-27T21:53:38Z</Time><Position><LatitudeDegrees>-8.04390012</LatitudeDegrees><LongitudeDegrees>-34.93287931</LongitudeDegrees></Position><HeartRateBpm><Value>126</Value></HeartRateBpm><Cadence>32</Cadence><Extensions><ns3:TPX><ns3:Speed>1.5199999809265137</ns3:Speed><ns3:Pace>0.65</ns3:Pace></ns3:TPX></Extensions></Trackpoint><Trackpoint><Time>2026-01-27T21:53:39Z</Time><Position><LatitudeDegrees>-8.04390212</LatitudeDegrees><LongitudeDegrees>-34.93286331</LongitudeDegrees></Position><HeartRateBpm><Value>125</Value></HeartRateBpm><Cadence>32</Cadence><Extensions><ns3:TPX><ns3:Speed>1.5199999809265137</ns3:Speed><ns3:Pace>0.65</ns3:Pace></ns3:TPX></Extensions></Trackpoint><Trackpoint><Time>2026-01-27T21:53:40Z</Time><Position><LatitudeDegrees>-8.04390478</LatitudeDegrees><LongitudeDegrees>-34.93284899</LongitudeDegrees></Position><HeartRateBpm><Value>124</Value></HeartRateBpm><Cadence>32</Cadence><Extensions><ns3:TPX><ns3:Speed>1.5299999713897705</ns3:Speed><ns3:Pace>0.64</ns3:Pace></ns3:TPX></Extensions></Trackpoint><Trackpoint><Time>2026-01-27T21:53:41Z</Time><Position><LatitudeDegrees>-8.04390711</LatitudeDegrees><LongitudeDegrees>-34.93283565</LongitudeDegrees></Position><HeartRateBpm><Value>124</Value></HeartRateBpm><Cadence>32</Cadence><Extensions><ns3:TPX><ns3:Speed>1.5399999618530273</ns3:Speed><ns3:Pace>0.64</ns3:Pace></ns3:TPX></Extensions></Trackpoint><Trackpoint><Time>2026-01-27T21:53:42Z</Time><Position><LatitudeDegrees>-8.04391044</LatitudeDegrees><LongitudeDegrees>-34.93282333</LongitudeDegrees></Position><HeartRateBpm><Value>124</Value></HeartRateBpm><Cadence>32</Cadence><Extensions><ns3:TPX><ns3:Speed>1.5399999618530273</ns3:Speed><ns3:Pace>0.64</ns3:Pace></ns3:TPX></Extensions></Trackpoint><Trackpoint><Time>2026-01-27T21:53:43Z</Time><Position><LatitudeDegrees>-8.04391444</LatitudeDegrees><LongitudeDegrees>-34.93281067</LongitudeDegrees></Position><HeartRateBpm><Value>124</Value></HeartRateBpm><Cadence>32</Cadence><Extensions><ns3:TPX><ns3:Speed>1.5399999618530273</ns3:Speed><ns3:Pace>0.64</ns3:Pace></ns3:TPX></Extensions></Trackpoint><Trackpoint><Time>2026-01-27T21:53:44Z</Time><Position><LatitudeDegrees>-8.04391877</LatitudeDegrees><LongitudeDegrees>-34.93279734</LongitudeDegrees></Position><HeartRateBpm><Value>123</Value></HeartRateBpm><Cadence>32</Cadence><Extensions><ns3:TPX><ns3:Speed>1.5499999523162842</ns3:Speed><ns3:Pace>0.64</ns3:Pace></ns3:TPX></Extensions></Trackpoint><Trackpoint><Time>2026-01-27T21:53:45Z</Time><Position><LatitudeDegrees>-8.0439231</LatitudeDegrees><LongitudeDegrees>-34.93278334</LongitudeDegrees></Position><HeartRateBpm><Value>124</Value></HeartRateBpm><Cadence>32</Cadence><Extensions><ns3:TPX><ns3:Speed>1.5499999523162842</ns3:Speed><ns3:Pace>0.64</ns3:Pace></ns3:TPX></Extensions></Trackpoint><Trackpoint><Time>2026-01-27T21:53:46Z</Time><Position><LatitudeDegrees>-8.04392609</LatitudeDegrees><LongitudeDegrees>-34.93276902</LongitudeDegrees></Position><HeartRateBpm><Value>127</Value></HeartRateBpm><Cadence>32</Cadence><Extensions><ns3:TPX><ns3:Speed>1.559999942779541</ns3:Speed><ns3:Pace>0.64</ns3:Pace></ns3:TPX></Extensions></Trackpoint><Trackpoint><Time>2026-01-27T21:53:47Z</Time><Position><LatitudeDegrees>-8.04392908</LatitudeDegrees><LongitudeDegrees>-34.93275502</LongitudeDegrees></Position><HeartRateBpm><Value>128</Value></HeartRateBpm><Cadence>32</Cadence><Extensions><ns3:TPX><ns3:Speed>1.559999942779541</ns3:Speed><ns3:Pace>0.64</ns3:Pace></ns3:TPX></Extensions></Trackpoint><Trackpoint><Time>2026-01-27T21:53:48Z</Time><Position><LatitudeDegrees>-8.04393407</LatitudeDegrees><LongitudeDegrees>-34.93274235</LongitudeDegrees></Position><HeartRateBpm><Value>128</Value></HeartRateBpm><Cadence>32</Cadence><Extensions><ns3:TPX><ns3:Speed>1.559999942779541</ns3:Speed><ns3:Pace>0.64</ns3:Pace></ns3:TPX></Extensions></Trackpoint><Trackpoint><Time>2026-01-27T21:53:49Z</Time><Position><LatitudeDegrees>-8.04394007</LatitudeDegrees><LongitudeDegrees>-34.93272969</LongitudeDegrees></Position><HeartRateBpm><Value>127</Value></HeartRateBpm><Cadence>32</Cadence><Extensions><ns3:TPX><ns3:Speed>1.559999942779541</ns3:Speed><ns3:Pace>0.64</ns3:Pace></ns3:TPX></Extensions></Trackpoint><Trackpoint><Time>2026-01-27T21:53:50Z</Time><Position><LatitudeDegrees>-8.04394907</LatitudeDegrees><LongitudeDegrees>-34.93271603</LongitudeDegrees></Position><HeartRateBpm><Value>126</Value></HeartRateBpm><Cadence>32</Cadence><Extensions><ns3:TPX><ns3:Speed>1.559999942779541</ns3:Speed><ns3:Pace>0.64</ns3:Pace></ns3:TPX></Extensions></Trackpoint><Trackpoint><Time>2026-01-27T21:53:51Z</Time><Position><LatitudeDegrees>-8.04395706</LatitudeDegrees><LongitudeDegrees>-34.93270236</LongitudeDegrees></Position><HeartRateBpm><Value>125</Value></HeartRateBpm><Cadence>32</Cadence><Extensions><ns3:TPX><ns3:Speed>1.559999942779541</ns3:Speed><ns3:Pace>0.64</ns3:Pace></ns3:TPX></Extensions></Trackpoint><Trackpoint><Time>2026-01-27T21:53:52Z</Time><Position><LatitudeDegrees>-8.04396539</LatitudeDegrees><LongitudeDegrees>-34.93268804</LongitudeDegrees></Position><HeartRateBpm><Value>126</Value></HeartRateBpm><Cadence>32</Cadence><Extensions><ns3:TPX><ns3:Speed>1.559999942779541</ns3:Speed><ns3:Pace>0.63</ns3:Pace></ns3:TPX></Extensions></Trackpoint><Trackpoint><Time>2026-01-27T21:53:53Z</Time><Position><LatitudeDegrees>-8.04397405</LatitudeDegrees><LongitudeDegrees>-34.93267504</LongitudeDegrees></Position><HeartRateBpm><Value>126</Value></HeartRateBpm><Cadence>32</Cadence><Extensions><ns3:TPX><ns3:Speed>1.559999942779541</ns3:Speed><ns3:Pace>0.63</ns3:Pace></ns3:TPX></Extensions></Trackpoint><Trackpoint><Time>2026-01-27T21:53:54Z</Time><Position><LatitudeDegrees>-8.04398537</LatitudeDegrees><LongitudeDegrees>-34.93266238</LongitudeDegrees></Position><HeartRateBpm><Value>126</Value></HeartRateBpm><Cadence>32</Cadence><Extensions><ns3:TPX><ns3:Speed>1.559999942779541</ns3:Speed><ns3:Pace>0.63</ns3:Pace></ns3:TPX></Extensions></Trackpoint><Trackpoint><Time>2026-01-27T21:53:55Z</Time><Position><LatitudeDegrees>-8.04399704</LatitudeDegrees><LongitudeDegrees>-34.93265005</LongitudeDegrees></Position><HeartRateBpm><Value>126</Value></HeartRateBpm><Cadence>32</Cadence><Extensions><ns3:TPX><ns3:Speed>1.559999942779541</ns3:Speed><ns3:Pace>0.63</ns3:Pace></ns3:TPX></Extensions></Trackpoint><Trackpoint><Time>2026-01-27T21:53:56Z</Time><Position><LatitudeDegrees>-8.0440087</LatitudeDegrees><LongitudeDegrees>-34.93263839</LongitudeDegrees></Position><HeartRateBpm><Value>126</Value></HeartRateBpm><Cadence>32</Cadence><Extensions><ns3:TPX><ns3:Speed>1.559999942779541</ns3:Speed><ns3:Pace>0.63</ns3:Pace></ns3:TPX></Extensions></Trackpoint><Trackpoint><Time>2026-01-27T21:53:57Z</Time><Position><LatitudeDegrees>-8.04402003</LatitudeDegrees><LongitudeDegrees>-34.93262739</LongitudeDegrees></Position><HeartRateBpm><Value>126</Value></HeartRateBpm><Cadence>32</Cadence><Extensions><ns3:TPX><ns3:Speed>1.5700000524520874</ns3:Speed><ns3:Pace>0.63</ns3:Pace></ns3:TPX></Extensions></Trackpoint><Trackpoint><Time>2026-01-27T21:53:58Z</Time><Position><LatitudeDegrees>-8.04403735</LatitudeDegrees><LongitudeDegrees>-34.9326174</LongitudeDegrees></Position><HeartRateBpm><Value>126</Value></HeartRateBpm><Cadence>32</Cadence><Extensions><ns3:TPX><ns3:Speed>1.5700000524520874</ns3:Speed><ns3:Pace>0.63</ns3:Pace></ns3:TPX></Extensions></Trackpoint><Trackpoint><Time>2026-01-27T21:53:59Z</Time><Position><LatitudeDegrees>-8.04405469</LatitudeDegrees><LongitudeDegrees>-34.9326074</LongitudeDegrees></Position><HeartRateBpm><Value>126</Value></HeartRateBpm><Cadence>32</Cadence><Extensions><ns3:TPX><ns3:Speed>1.5700000524520874</ns3:Speed><ns3:Pace>0.63</ns3:Pace></ns3:TPX></Extensions></Trackpoint><Trackpoint><Time>2026-01-27T21:54:00Z</Time><Position><LatitudeDegrees>-8.04407034</LatitudeDegrees><LongitudeDegrees>-34.93259774</LongitudeDegrees></Position><HeartRateBpm><Value>126</Value></HeartRateBpm><Cadence>32</Cadence><Extensions><ns3:TPX><ns3:Speed>1.5700000524520874</ns3:Speed><ns3:Pace>0.63</ns3:Pace></ns3:TPX></Extensions></Trackpoint><Trackpoint><Time>2026-01-27T21:54:01Z</Time><Position><LatitudeDegrees>-8.04408401</LatitudeDegrees><LongitudeDegrees>-34.93258808</LongitudeDegrees></Position><HeartRateBpm><Value>126</Value></HeartRateBpm><Cadence>32</Cadence><Extensions><ns3:TPX><ns3:Speed>1.5800000429153442</ns3:Speed><ns3:Pace>0.63</ns3:Pace></ns3:TPX></Extensions></Trackpoint><Trackpoint><Time>2026-01-27T21:54:02Z</Time><Position><LatitudeDegrees>-8.044096</LatitudeDegrees><LongitudeDegrees>-34.93257775</LongitudeDegrees></Position><HeartRateBpm><Value>127</Value></HeartRateBpm><Cadence>32</Cadence><Extensions><ns3:TPX><ns3:Speed>1.5800000429153442</ns3:Speed><ns3:Pace>0.63</ns3:Pace></ns3:TPX></Extensions></Trackpoint><Trackpoint><Time>2026-01-27T21:54:03Z</Time><Position><LatitudeDegrees>-8.04410499</LatitudeDegrees><LongitudeDegrees>-34.93256643</LongitudeDegrees></Position><HeartRateBpm><Value>127</Value></HeartRateBpm><Cadence>32</Cadence><Extensions><ns3:TPX><ns3:Speed>1.5800000429153442</ns3:Speed><ns3:Pace>0.62</ns3:Pace></ns3:TPX></Extensions></Trackpoint><Trackpoint><Time>2026-01-27T21:54:04Z</Time><Position><LatitudeDegrees>-8.04411332</LatitudeDegrees><LongitudeDegrees>-34.9325561</LongitudeDegrees></Position><HeartRateBpm><Value>127</Value></HeartRateBpm><Cadence>32</Cadence><Extensions><ns3:TPX><ns3:Speed>1.5800000429153442</ns3:Speed><ns3:Pace>0.62</ns3:Pace></ns3:TPX></Extensions></Trackpoint><Trackpoint><Time>2026-01-27T21:54:05Z</Time><Position><LatitudeDegrees>-8.04412166</LatitudeDegrees><LongitudeDegrees>-34.93254543</LongitudeDegrees></Position><HeartRateBpm><Value>125</Value></HeartRateBpm><Cadence>33</Cadence><Extensions><ns3:TPX><ns3:Speed>1.590000033378601</ns3:Speed><ns3:Pace>0.62</ns3:Pace></ns3:TPX></Extensions></Trackpoint><Trackpoint><Time>2026-01-27T21:54:06Z</Time><Position><LatitudeDegrees>-8.04412999</LatitudeDegrees><LongitudeDegrees>-34.93253377</LongitudeDegrees></Position><HeartRateBpm><Value>125</Value></HeartRateBpm><Cadence>33</Cadence><Extensions><ns3:TPX><ns3:Speed>1.590000033378601</ns3:Speed><ns3:Pace>0.62</ns3:Pace></ns3:TPX></Extensions></Trackpoint><Trackpoint><Time>2026-01-27T21:54:07Z</Time><Position><LatitudeDegrees>-8.04413832</LatitudeDegrees><LongitudeDegrees>-34.93252112</LongitudeDegrees></Position><HeartRateBpm><Value>125</Value></HeartRateBpm><Cadence>33</Cadence><Extensions><ns3:TPX><ns3:Speed>1.590000033378601</ns3:Speed><ns3:Pace>0.62</ns3:Pace></ns3:TPX></Extensions></Trackpoint><Trackpoint><Time>2026-01-27T21:54:08Z</Time><Position><LatitudeDegrees>-8.04414732</LatitudeDegrees><LongitudeDegrees>-34.93250712</LongitudeDegrees></Position><HeartRateBpm><Value>124</Value></HeartRateBpm><Cadence>33</Cadence><Extensions><ns3:TPX><ns3:Speed>1.5800000429153442</ns3:Speed><ns3:Pace>0.62</ns3:Pace></ns3:TPX></Extensions></Trackpoint><Trackpoint><Time>2026-01-27T21:54:09Z</Time><Position><LatitudeDegrees>-8.04415498</LatitudeDegrees><LongitudeDegrees>-34.93249279</LongitudeDegrees></Position><HeartRateBpm><Value>122</Value></HeartRateBpm><Cadence>32</Cadence><Extensions><ns3:TPX><ns3:Speed>1.5800000429153442</ns3:Speed><ns3:Pace>0.62</ns3:Pace></ns3:TPX></Extensions></Trackpoint><Trackpoint><Time>2026-01-27T21:54:10Z</Time><Position><LatitudeDegrees>-8.04416065</LatitudeDegrees><LongitudeDegrees>-34.93247879</LongitudeDegrees></Position><HeartRateBpm><Value>122</Value></HeartRateBpm><Cadence>31</Cadence><Extensions><ns3:TPX><ns3:Speed>1.5800000429153442</ns3:Speed><ns3:Pace>0.63</ns3:Pace></ns3:TPX></Extensions></Trackpoint><Trackpoint><Time>2026-01-27T21:54:11Z</Time><Position><LatitudeDegrees>-8.04416531</LatitudeDegrees><LongitudeDegrees>-34.93246479</LongitudeDegrees></Position><HeartRateBpm><Value>122</Value></HeartRateBpm><Cadence>31</Cadence><Extensions><ns3:TPX><ns3:Speed>1.5800000429153442</ns3:Speed><ns3:Pace>0.63</ns3:Pace></ns3:TPX></Extensions></Trackpoint><Trackpoint><Time>2026-01-27T21:54:12Z</Time><Position><LatitudeDegrees>-8.04417098</LatitudeDegrees><LongitudeDegrees>-34.93245246</LongitudeDegrees></Position><HeartRateBpm><Value>122</Value></HeartRateBpm><Cadence>32</Cadence><Extensions><ns3:TPX><ns3:Speed>1.5800000429153442</ns3:Speed><ns3:Pace>0.63</ns3:Pace></ns3:TPX></Extensions></Trackpoint><Trackpoint><Time>2026-01-27T21:54:13Z</Time><Position><LatitudeDegrees>-8.04417631</LatitudeDegrees><LongitudeDegrees>-34.93244014</LongitudeDegrees></Position><HeartRateBpm><Value>122</Value></HeartRateBpm><Cadence>32</Cadence><Extensions><ns3:TPX><ns3:Speed>1.5800000429153442</ns3:Speed><ns3:Pace>0.63</ns3:Pace></ns3:TPX></Extensions></Trackpoint><Trackpoint><Time>2026-01-27T21:54:14Z</Time><Position><LatitudeDegrees>-8.04418198</LatitudeDegrees><LongitudeDegrees>-34.93242747</LongitudeDegrees></Position><HeartRateBpm><Value>122</Value></HeartRateBpm><Cadence>33</Cadence><Extensions><ns3:TPX><ns3:Speed>1.5800000429153442</ns3:Speed><ns3:Pace>0.63</ns3:Pace></ns3:TPX></Extensions></Trackpoint><Trackpoint><Time>2026-01-27T21:54:15Z</Time><Position><LatitudeDegrees>-8.04418797</LatitudeDegrees><LongitudeDegrees>-34.93241415</LongitudeDegrees></Position><HeartRateBpm><Value>122</Value></HeartRateBpm><Cadence>32</Cadence><Extensions><ns3:TPX><ns3:Speed>1.5800000429153442</ns3:Speed><ns3:Pace>0.63</ns3:Pace></ns3:TPX></Extensions></Trackpoint><Trackpoint><Time>2026-01-27T21:54:16Z</Time><Position><LatitudeDegrees>-8.0441933</LatitudeDegrees><LongitudeDegrees>-34.93239815</LongitudeDegrees></Position><HeartRateBpm><Value>123</Value></HeartRateBpm><Cadence>33</Cadence><Extensions><ns3:TPX><ns3:Speed>1.5800000429153442</ns3:Speed><ns3:Pace>0.63</ns3:Pace></ns3:TPX></Extensions></Trackpoint><Trackpoint><Time>2026-01-27T21:54:17Z</Time><Position><LatitudeDegrees>-8.04419829</LatitudeDegrees><LongitudeDegrees>-34.93238181</LongitudeDegrees></Position><HeartRateBpm><Value>121</Value></HeartRateBpm><Cadence>33</Cadence><Extensions><ns3:TPX><ns3:Speed>1.5800000429153442</ns3:Speed><ns3:Pace>0.63</ns3:Pace></ns3:TPX></Extensions></Trackpoint><Trackpoint><Time>2026-01-27T21:54:18Z</Time><Position><LatitudeDegrees>-8.04420328</LatitudeDegrees><LongitudeDegrees>-34.93236649</LongitudeDegrees></Position><HeartRateBpm><Value>121</Value></HeartRateBpm><Cadence>33</Cadence><Extensions><ns3:TPX><ns3:Speed>1.5800000429153442</ns3:Speed><ns3:Pace>0.63</ns3:Pace></ns3:TPX></Extensions></Trackpoint><Trackpoint><Time>2026-01-27T21:54:19Z</Time><Position><LatitudeDegrees>-8.04420895</LatitudeDegrees><LongitudeDegrees>-34.93235282</LongitudeDegrees></Position><HeartRateBpm><Value>121</Value></HeartRateBpm><Cadence>33</Cadence><Extensions><ns3:TPX><ns3:Speed>1.5800000429153442</ns3:Speed><ns3:Pace>0.63</ns3:Pace></ns3:TPX></Extensions></Trackpoint><Trackpoint><Time>2026-01-27T21:54:20Z</Time><Position><LatitudeDegrees>-8.04421394</LatitudeDegrees><LongitudeDegrees>-34.93234049</LongitudeDegrees></Position><HeartRateBpm><Value>121</Value></HeartRateBpm><Cadence>33</Cadence><Extensions><ns3:TPX><ns3:Speed>1.5800000429153442</ns3:Speed><ns3:Pace>0.63</ns3:Pace></ns3:TPX></Extensions></Trackpoint><Trackpoint><Time>2026-01-27T21:54:21Z</Time><Position><LatitudeDegrees>-8.0442176</LatitudeDegrees><LongitudeDegrees>-34.93232883</LongitudeDegrees></Position><HeartRateBpm><Value>121</Value></HeartRateBpm><Cadence>32</Cadence><Extensions><ns3:TPX><ns3:Speed>1.5800000429153442</ns3:Speed><ns3:Pace>0.63</ns3:Pace></ns3:TPX></Extensions></Trackpoint><Trackpoint><Time>2026-01-27T21:54:22Z</Time><Position><LatitudeDegrees>-8.04422226</LatitudeDegrees><LongitudeDegrees>-34.93231651</LongitudeDegrees></Position><HeartRateBpm><Value>122</Value></HeartRateBpm><Cadence>32</Cadence><Extensions><ns3:TPX><ns3:Speed>1.5800000429153442</ns3:Speed><ns3:Pace>0.63</ns3:Pace></ns3:TPX></Extensions></Trackpoint><Trackpoint><Time>2026-01-27T21:54:23Z</Time><Position><LatitudeDegrees>-8.04422926</LatitudeDegrees><LongitudeDegrees>-34.93230351</LongitudeDegrees></Position><HeartRateBpm><Value>121</Value></HeartRateBpm><Cadence>32</Cadence><Extensions><ns3:TPX><ns3:Speed>1.5800000429153442</ns3:Speed><ns3:Pace>0.63</ns3:Pace></ns3:TPX></Extensions></Trackpoint><Trackpoint><Time>2026-01-27T21:54:24Z</Time><Position><LatitudeDegrees>-8.04423626</LatitudeDegrees><LongitudeDegrees>-34.93228984</LongitudeDegrees></Position><HeartRateBpm><Value>120</Value></HeartRateBpm><Cadence>32</Cadence><Extensions><ns3:TPX><ns3:Speed>1.5800000429153442</ns3:Speed><ns3:Pace>0.63</ns3:Pace></ns3:TPX></Extensions></Trackpoint><Trackpoint><Time>2026-01-27T21:54:25Z</Time><Position><LatitudeDegrees>-8.04424326</LatitudeDegrees><LongitudeDegrees>-34.93227552</LongitudeDegrees></Position><HeartRateBpm><Value>120</Value></HeartRateBpm><Cadence>32</Cadence><Extensions><ns3:TPX><ns3:Speed>1.5800000429153442</ns3:Speed><ns3:Pace>0.63</ns3:Pace></ns3:TPX></Extensions></Trackpoint><Trackpoint><Time>2026-01-27T21:54:26Z</Time><Position><LatitudeDegrees>-8.04425026</LatitudeDegrees><LongitudeDegrees>-34.9322622</LongitudeDegrees></Position><HeartRateBpm><Value>120</Value></HeartRateBpm><Cadence>32</Cadence><Extensions><ns3:TPX><ns3:Speed>1.5800000429153442</ns3:Speed><ns3:Pace>0.63</ns3:Pace></ns3:TPX></Extensions></Trackpoint><Trackpoint><Time>2026-01-27T21:54:27Z</Time><Position><LatitudeDegrees>-8.04425759</LatitudeDegrees><LongitudeDegrees>-34.93224953</LongitudeDegrees></Position><HeartRateBpm><Value>120</Value></HeartRateBpm><Cadence>32</Cadence><Extensions><ns3:TPX><ns3:Speed>1.5800000429153442</ns3:Speed><ns3:Pace>0.63</ns3:Pace></ns3:TPX></Extensions></Trackpoint><Trackpoint><Time>2026-01-27T21:54:28Z</Time><Position><LatitudeDegrees>-8.04426459</LatitudeDegrees><LongitudeDegrees>-34.93223754</LongitudeDegrees></Position><HeartRateBpm><Value>120</Value></HeartRateBpm><Cadence>32</Cadence><Extensions><ns3:TPX><ns3:Speed>1.5800000429153442</ns3:Speed><ns3:Pace>0.63</ns3:Pace></ns3:TPX></Extensions></Trackpoint><Trackpoint><Time>2026-01-27T21:54:29Z</Time><Position><LatitudeDegrees>-8.04427025</LatitudeDegrees><LongitudeDegrees>-34.93222588</LongitudeDegrees></Position><HeartRateBpm><Value>120</Value></HeartRateBpm><Cadence>32</Cadence><Extensions><ns3:TPX><ns3:Speed>1.5800000429153442</ns3:Speed><ns3:Pace>0.63</ns3:Pace></ns3:TPX></Extensions></Trackpoint><Trackpoint><Time>2026-01-27T21:54:30Z</Time><Position><LatitudeDegrees>-8.04427524</LatitudeDegrees><LongitudeDegrees>-34.93221355</LongitudeDegrees></Position><HeartRateBpm><Value>120</Value></HeartRateBpm><Cadence>32</Cadence><Extensions><ns3:TPX><ns3:Speed>1.5700000524520874</ns3:Speed><ns3:Pace>0.63</ns3:Pace></ns3:TPX></Extensions></Trackpoint><Trackpoint><Time>2026-01-27T21:54:31Z</Time><Position><LatitudeDegrees>-8.04427923</LatitudeDegrees><LongitudeDegrees>-34.93219988</LongitudeDegrees></Position><HeartRateBpm><Value>120</Value></HeartRateBpm><Cadence>32</Cadence><Extensions><ns3:TPX><ns3:Speed>1.5700000524520874</ns3:Speed><ns3:Pace>0.63</ns3:Pace></ns3:TPX></Extensions></Trackpoint><Trackpoint><Time>2026-01-27T21:54:32Z</Time><Position><LatitudeDegrees>-8.04428523</LatitudeDegrees><LongitudeDegrees>-34.9321719</LongitudeDegrees></Position><HeartRateBpm><Value>121</Value></HeartRateBpm><Cadence>32</Cadence><Extensions><ns3:TPX><ns3:Speed>1.5700000524520874</ns3:Speed><ns3:Pace>0.63</ns3:Pace></ns3:TPX></Extensions></Trackpoint><Trackpoint><Time>2026-01-27T21:54:33Z</Time><Position><LatitudeDegrees>-8.04428957</LatitudeDegrees><LongitudeDegrees>-34.93216057</LongitudeDegrees></Position><HeartRateBpm><Value>121</Value></HeartRateBpm><Cadence>32</Cadence><Extensions><ns3:TPX><ns3:Speed>1.5700000524520874</ns3:Speed><ns3:Pace>0.63</ns3:Pace></ns3:TPX></Extensions></Trackpoint><Trackpoint><Time>2026-01-27T21:54:34Z</Time><Position><LatitudeDegrees>-8.04429389</LatitudeDegrees><LongitudeDegrees>-34.93214891</LongitudeDegrees></Position><HeartRateBpm><Value>122</Value></HeartRateBpm><Cadence>32</Cadence><Extensions><ns3:TPX><ns3:Speed>1.5700000524520874</ns3:Speed><ns3:Pace>0.66</ns3:Pace></ns3:TPX></Extensions></Trackpoint><Trackpoint><Time>2026-01-27T21:54:35Z</Time><Position><LatitudeDegrees>-8.04429922</LatitudeDegrees><LongitudeDegrees>-34.93213791</LongitudeDegrees></Position><HeartRateBpm><Value>122</Value></HeartRateBpm><Cadence>32</Cadence><Extensions><ns3:TPX><ns3:Speed>1.5099999904632568</ns3:Speed><ns3:Pace>0.66</ns3:Pace></ns3:TPX></Extensions></Trackpoint><Trackpoint><Time>2026-01-27T21:54:36Z</Time><Position><LatitudeDegrees>-8.04430622</LatitudeDegrees><LongitudeDegrees>-34.93212659</LongitudeDegrees></Position><HeartRateBpm><Value>122</Value></HeartRateBpm><Cadence>32</Cadence><Extensions><ns3:TPX><ns3:Speed>1.5099999904632568</ns3:Speed><ns3:Pace>0.69</ns3:Pace></ns3:TPX></Extensions></Trackpoint><Trackpoint><Time>2026-01-27T21:54:37Z</Time><Position><LatitudeDegrees>-8.04431721</LatitudeDegrees><LongitudeDegrees>-34.93211727</LongitudeDegrees></Position><HeartRateBpm><Value>122</Value></HeartRateBpm><Cadence>32</Cadence><Extensions><ns3:TPX><ns3:Speed>1.440000057220459</ns3:Speed><ns3:Pace>0.69</ns3:Pace></ns3:TPX></Extensions></Trackpoint><Trackpoint><Time>2026-01-27T21:54:38Z</Time><Position><LatitudeDegrees>-8.04433355</LatitudeDegrees><LongitudeDegrees>-34.9321096</LongitudeDegrees></Position><HeartRateBpm><Value>122</Value></HeartRateBpm><Cadence>32</Cadence><Extensions><ns3:TPX><ns3:Speed>1.440000057220459</ns3:Speed><ns3:Pace>0.67</ns3:Pace></ns3:TPX></Extensions></Trackpoint><Trackpoint><Time>2026-01-27T21:54:39Z</Time><Position><LatitudeDegrees>-8.04435387</LatitudeDegrees><LongitudeDegrees>-34.93210261</LongitudeDegrees></Position><HeartRateBpm><Value>122</Value></HeartRateBpm><Cadence>32</Cadence><Extensions><ns3:TPX><ns3:Speed>1.4700000286102295</ns3:Speed><ns3:Pace>0.67</ns3:Pace></ns3:TPX></Extensions></Trackpoint><Trackpoint><Time>2026-01-27T21:54:40Z</Time><Position><LatitudeDegrees>-8.0443762</LatitudeDegrees><LongitudeDegrees>-34.93209629</LongitudeDegrees></Position><HeartRateBpm><Value>122</Value></HeartRateBpm><Cadence>32</Cadence><Extensions><ns3:TPX><ns3:Speed>1.4800000190734863</ns3:Speed><ns3:Pace>0.66</ns3:Pace></ns3:TPX></Extensions></Trackpoint><Trackpoint><Time>2026-01-27T21:54:41Z</Time><Position><LatitudeDegrees>-8.04439819</LatitudeDegrees><LongitudeDegrees>-34.93208995</LongitudeDegrees></Position><HeartRateBpm><Value>122</Value></HeartRateBpm><Cadence>32</Cadence><Extensions><ns3:TPX><ns3:Speed>1.5099999904632568</ns3:Speed><ns3:Pace>0.66</ns3:Pace></ns3:TPX></Extensions></Trackpoint><Trackpoint><Time>2026-01-27T21:54:42Z</Time><Position><LatitudeDegrees>-8.04441853</LatitudeDegrees><LongitudeDegrees>-34.93208296</LongitudeDegrees></Position><HeartRateBpm><Value>122</Value></HeartRateBpm><Cadence>32</Cadence><Extensions><ns3:TPX><ns3:Speed>1.5099999904632568</ns3:Speed><ns3:Pace>0.6</ns3:Pace></ns3:TPX></Extensions></Trackpoint><Trackpoint><Time>2026-01-27T21:54:43Z</Time><Position><LatitudeDegrees>-8.04443618</LatitudeDegrees><LongitudeDegrees>-34.93207431</LongitudeDegrees></Position><HeartRateBpm><Value>122</Value></HeartRateBpm><Cadence>32</Cadence><Extensions><ns3:TPX><ns3:Speed>1.649999976158142</ns3:Speed><ns3:Pace>0.54</ns3:Pace></ns3:TPX></Extensions></Trackpoint><Trackpoint><Time>2026-01-27T21:54:44Z</Time><Position><LatitudeDegrees>-8.04445118</LatitudeDegrees><LongitudeDegrees>-34.93206464</LongitudeDegrees></Position><HeartRateBpm><Value>121</Value></HeartRateBpm><Cadence>32</Cadence><Extensions><ns3:TPX><ns3:Speed>1.8300000429153442</ns3:Speed><ns3:Pace>0.52</ns3:Pace></ns3:TPX></Extensions></Trackpoint><Trackpoint><Time>2026-01-27T21:54:45Z</Time><Position><LatitudeDegrees>-8.04446351</LatitudeDegrees><LongitudeDegrees>-34.93205465</LongitudeDegrees></Position><HeartRateBpm><Value>121</Value></HeartRateBpm><Cadence>32</Cadence><Extensions><ns3:TPX><ns3:Speed>1.8899999856948853</ns3:Speed><ns3:Pace>0.52</ns3:Pace></ns3:TPX></Extensions></Trackpoint><Trackpoint><Time>2026-01-27T21:54:46Z</Time><Position><LatitudeDegrees>-8.04447616</LatitudeDegrees><LongitudeDegrees>-34.93204333</LongitudeDegrees></Position><HeartRateBpm><Value>121</Value></HeartRateBpm><Cadence>32</Cadence><Extensions><ns3:TPX><ns3:Speed>1.8899999856948853</ns3:Speed><ns3:Pace>0.52</ns3:Pace></ns3:TPX></Extensions></Trackpoint><Trackpoint><Time>2026-01-27T21:54:47Z</Time><Position><LatitudeDegrees>-8.04448883</LatitudeDegrees><LongitudeDegrees>-34.93203066</LongitudeDegrees></Position><HeartRateBpm><Value>122</Value></HeartRateBpm><Cadence>32</Cadence><Extensions><ns3:TPX><ns3:Speed>1.899999976158142</ns3:Speed><ns3:Pace>0.52</ns3:Pace></ns3:TPX></Extensions></Trackpoint><Trackpoint><Time>2026-01-27T21:54:48Z</Time><Position><LatitudeDegrees>-8.04450082</LatitudeDegrees><LongitudeDegrees>-34.93201699</LongitudeDegrees></Position><HeartRateBpm><Value>122</Value></HeartRateBpm><Cadence>32</Cadence><Extensions><ns3:TPX><ns3:Speed>1.899999976158142</ns3:Speed><ns3:Pace>0.53</ns3:Pace></ns3:TPX></Extensions></Trackpoint><Trackpoint><Time>2026-01-27T21:54:49Z</Time><Position><LatitudeDegrees>-8.04451148</LatitudeDegrees><LongitudeDegrees>-34.93200367</LongitudeDegrees></Position><HeartRateBpm><Value>123</Value></HeartRateBpm><Cadence>32</Cadence><Extensions><ns3:TPX><ns3:Speed>1.8700000047683716</ns3:Speed><ns3:Pace>0.54</ns3:Pace></ns3:TPX></Extensions></Trackpoint><Trackpoint><Time>2026-01-27T21:54:50Z</Time><Position><LatitudeDegrees>-8.04452147</LatitudeDegrees><LongitudeDegrees>-34.93199167</LongitudeDegrees></Position><HeartRateBpm><Value>125</Value></HeartRateBpm><Cadence>32</Cadence><Extensions><ns3:TPX><ns3:Speed>1.8200000524520874</ns3:Speed><ns3:Pace>0.55</ns3:Pace></ns3:TPX></Extensions></Trackpoint><Trackpoint><Time>2026-01-27T21:54:51Z</Time><Position><LatitudeDegrees>-8.0445298</LatitudeDegrees><LongitudeDegrees>-34.93197901</LongitudeDegrees></Position><HeartRateBpm><Value>126</Value></HeartRateBpm><Cadence>31</Cadence><Extensions><ns3:TPX><ns3:Speed>1.7899999618530273</ns3:Speed><ns3:Pace>0.56</ns3:Pace></ns3:TPX></Extensions></Trackpoint><Trackpoint><Time>2026-01-27T21:54:52Z</Time><Position><LatitudeDegrees>-8.04453647</LatitudeDegrees><LongitudeDegrees>-34.93196736</LongitudeDegrees></Position><HeartRateBpm><Value>127</Value></HeartRateBpm><Cadence>31</Cadence><Extensions><ns3:TPX><ns3:Speed>1.7599999904632568</ns3:Speed><ns3:Pace>0.58</ns3:Pace></ns3:TPX></Extensions></Trackpoint><Trackpoint><Time>2026-01-27T21:54:53Z</Time><Position><LatitudeDegrees>-8.04454313</LatitudeDegrees><LongitudeDegrees>-34.9319557</LongitudeDegrees></Position><HeartRateBpm><Value>127</Value></HeartRateBpm><Cadence>32</Cadence><Extensions><ns3:TPX><ns3:Speed>1.7200000286102295</ns3:Speed><ns3:Pace>0.58</ns3:Pace></ns3:TPX></Extensions></Trackpoint><Trackpoint><Time>2026-01-27T21:54:54Z</Time><Position><LatitudeDegrees>-8.04454846</LatitudeDegrees><LongitudeDegrees>-34.9319437</LongitudeDegrees></Position><HeartRateBpm><Value>127</Value></HeartRateBpm><Cadence>32</Cadence><Extensions><ns3:TPX><ns3:Speed>1.7200000286102295</ns3:Speed><ns3:Pace>0.59</ns3:Pace></ns3:TPX></Extensions></Trackpoint><Trackpoint><Time>2026-01-27T21:54:55Z</Time><Position><LatitudeDegrees>-8.04455278</LatitudeDegrees><LongitudeDegrees>-34.93192938</LongitudeDegrees></Position><HeartRateBpm><Value>129</Value></HeartRateBpm><Cadence>32</Cadence><Extensions><ns3:TPX><ns3:Speed>1.690000057220459</ns3:Speed><ns3:Pace>0.59</ns3:Pace></ns3:TPX></Extensions></Trackpoint><Trackpoint><Time>2026-01-27T21:54:56Z</Time><Position><LatitudeDegrees>-8.04455678</LatitudeDegrees><LongitudeDegrees>-34.93191505</LongitudeDegrees></Position><HeartRateBpm><Value>128</Value></HeartRateBpm><Cadence>33</Cadence><Extensions><ns3:TPX><ns3:Speed>1.6699999570846558</ns3:Speed><ns3:Pace>0.59</ns3:Pace></ns3:TPX></Extensions></Trackpoint><Trackpoint><Time>2026-01-27T21:54:57Z</Time><Position><LatitudeDegrees>-8.04455977</LatitudeDegrees><LongitudeDegrees>-34.9319004</LongitudeDegrees></Position><HeartRateBpm><Value>127</Value></HeartRateBpm><Cadence>32</Cadence><Extensions><ns3:TPX><ns3:Speed>1.659999966621399</ns3:Speed><ns3:Pace>0.59</ns3:Pace></ns3:TPX></Extensions></Trackpoint><Trackpoint><Time>2026-01-27T21:54:58Z</Time><Position><LatitudeDegrees>-8.0445631</LatitudeDegrees><LongitudeDegrees>-34.93188706</LongitudeDegrees></Position><HeartRateBpm><Value>127</Value></HeartRateBpm><Cadence>32</Cadence><Extensions><ns3:TPX><ns3:Speed>1.6799999475479126</ns3:Speed><ns3:Pace>0.6</ns3:Pace></ns3:TPX></Extensions></Trackpoint><Trackpoint><Time>2026-01-27T21:54:59Z</Time><Position><LatitudeDegrees>-8.04456609</LatitudeDegrees><LongitudeDegrees>-34.93187574</LongitudeDegrees></Position><HeartRateBpm><Value>127</Value></HeartRateBpm><Cadence>32</Cadence><Extensions><ns3:TPX><ns3:Speed>1.649999976158142</ns3:Speed><ns3:Pace>0.62</ns3:Pace></ns3:TPX></Extensions></Trackpoint><Trackpoint><Time>2026-01-27T21:55:00Z</Time><Position><LatitudeDegrees>-8.04457009</LatitudeDegrees><LongitudeDegrees>-34.93186442</LongitudeDegrees></Position><HeartRateBpm><Value>127</Value></HeartRateBpm><Cadence>32</Cadence><Extensions><ns3:TPX><ns3:Speed>1.590000033378601</ns3:Speed><ns3:Pace>0.62</ns3:Pace></ns3:TPX></Extensions></Trackpoint><Trackpoint><Time>2026-01-27T21:55:01Z</Time><Position><LatitudeDegrees>-8.04457508</LatitudeDegrees><LongitudeDegrees>-34.93185276</LongitudeDegrees></Position><HeartRateBpm><Value>127</Value></HeartRateBpm><Cadence>32</Cadence><Extensions><ns3:TPX><ns3:Speed>1.590000033378601</ns3:Speed><ns3:Pace>0.63</ns3:Pace></ns3:TPX></Extensions></Trackpoint><Trackpoint><Time>2026-01-27T21:55:02Z</Time><Position><LatitudeDegrees>-8.04458007</LatitudeDegrees><LongitudeDegrees>-34.93183976</LongitudeDegrees></Position><HeartRateBpm><Value>127</Value></HeartRateBpm><Cadence>32</Cadence><Extensions><ns3:TPX><ns3:Speed>1.5700000524520874</ns3:Speed><ns3:Pace>0.63</ns3:Pace></ns3:TPX></Extensions></Trackpoint><Trackpoint><Time>2026-01-27T21:55:03Z</Time><Position><LatitudeDegrees>-8.04458607</LatitudeDegrees><LongitudeDegrees>-34.93182744</LongitudeDegrees></Position><HeartRateBpm><Value>127</Value></HeartRateBpm><Cadence>31</Cadence><Extensions><ns3:TPX><ns3:Speed>1.5700000524520874</ns3:Speed><ns3:Pace>0.65</ns3:Pace></ns3:TPX></Extensions></Trackpoint><Trackpoint><Time>2026-01-27T21:55:04Z</Time><Position><LatitudeDegrees>-8.0445914</LatitudeDegrees><LongitudeDegrees>-34.9318141</LongitudeDegrees></Position><HeartRateBpm><Value>128</Value></HeartRateBpm><Cadence>32</Cadence><Extensions><ns3:TPX><ns3:Speed>1.5299999713897705</ns3:Speed><ns3:Pace>0.66</ns3:Pace></ns3:TPX></Extensions></Trackpoint><Trackpoint><Time>2026-01-27T21:55:05Z</Time><Position><LatitudeDegrees>-8.04459739</LatitudeDegrees><LongitudeDegrees>-34.93180044</LongitudeDegrees></Position><HeartRateBpm><Value>128</Value></HeartRateBpm><Cadence>32</Cadence><Extensions><ns3:TPX><ns3:Speed>1.4900000095367432</ns3:Speed><ns3:Pace>0.66</ns3:Pace></ns3:TPX></Extensions></Trackpoint><Trackpoint><Time>2026-01-27T21:55:06Z</Time><Position><LatitudeDegrees>-8.04460372</LatitudeDegrees><LongitudeDegrees>-34.93178545</LongitudeDegrees></Position><HeartRateBpm><Value>129</Value></HeartRateBpm><Cadence>32</Cadence><Extensions><ns3:TPX><ns3:Speed>1.4900000095367432</ns3:Speed><ns3:Pace>0.66</ns3:Pace></ns3:TPX></Extensions></Trackpoint><Trackpoint><Time>2026-01-27T21:55:07Z</Time><Position><LatitudeDegrees>-8.04461038</LatitudeDegrees><LongitudeDegrees>-34.93177079</LongitudeDegrees></Position><HeartRateBpm><Value>129</Value></HeartRateBpm><Cadence>32</Cadence><Extensions><ns3:TPX><ns3:Speed>1.4900000095367432</ns3:Speed><ns3:Pace>0.66</ns3:Pace></ns3:TPX></Extensions></Trackpoint><Trackpoint><Time>2026-01-27T21:55:08Z</Time><Position><LatitudeDegrees>-8.04461803</LatitudeDegrees><LongitudeDegrees>-34.9317558</LongitudeDegrees></Position><HeartRateBpm><Value>128</Value></HeartRateBpm><Cadence>32</Cadence><Extensions><ns3:TPX><ns3:Speed>1.5</ns3:Speed><ns3:Pace>0.65</ns3:Pace></ns3:TPX></Extensions></Trackpoint><Trackpoint><Time>2026-01-27T21:55:09Z</Time><Position><LatitudeDegrees>-8.04462403</LatitudeDegrees><LongitudeDegrees>-34.93174147</LongitudeDegrees></Position><HeartRateBpm><Value>127</Value></HeartRateBpm><Cadence>33</Cadence><Extensions><ns3:TPX><ns3:Speed>1.5099999904632568</ns3:Speed><ns3:Pace>0.64</ns3:Pace></ns3:TPX></Extensions></Trackpoint><Trackpoint><Time>2026-01-27T21:55:10Z</Time><Position><LatitudeDegrees>-8.04463002</LatitudeDegrees><LongitudeDegrees>-34.93172914</LongitudeDegrees></Position><HeartRateBpm><Value>127</Value></HeartRateBpm><Cadence>32</Cadence><Extensions><ns3:TPX><ns3:Speed>1.5399999618530273</ns3:Speed><ns3:Pace>0.63</ns3:Pace></ns3:TPX></Extensions></Trackpoint><Trackpoint><Time>2026-01-27T21:55:11Z</Time><Position><LatitudeDegrees>-8.04463535</LatitudeDegrees><LongitudeDegrees>-34.93171581</LongitudeDegrees></Position><HeartRateBpm><Value>126</Value></HeartRateBpm><Cadence>32</Cadence><Extensions><ns3:TPX><ns3:Speed>1.559999942779541</ns3:Speed><ns3:Pace>0.63</ns3:Pace></ns3:TPX></Extensions></Trackpoint><Trackpoint><Time>2026-01-27T21:55:12Z</Time><Position><LatitudeDegrees>-8.04464035</LatitudeDegrees><LongitudeDegrees>-34.93170315</LongitudeDegrees></Position><HeartRateBpm><Value>126</Value></HeartRateBpm><Cadence>32</Cadence><Extensions><ns3:TPX><ns3:Speed>1.559999942779541</ns3:Speed><ns3:Pace>0.63</ns3:Pace></ns3:TPX></Extensions></Trackpoint><Trackpoint><Time>2026-01-27T21:55:13Z</Time><Position><LatitudeDegrees>-8.04464467</LatitudeDegrees><LongitudeDegrees>-34.93168949</LongitudeDegrees></Position><HeartRateBpm><Value>126</Value></HeartRateBpm><Cadence>32</Cadence><Extensions><ns3:TPX><ns3:Speed>1.559999942779541</ns3:Speed><ns3:Pace>0.63</ns3:Pace></ns3:TPX></Extensions></Trackpoint><Trackpoint><Time>2026-01-27T21:55:14Z</Time><Position><LatitudeDegrees>-8.04464933</LatitudeDegrees><LongitudeDegrees>-34.93167615</LongitudeDegrees></Position><HeartRateBpm><Value>126</Value></HeartRateBpm><Cadence>32</Cadence><Extensions><ns3:TPX><ns3:Speed>1.5700000524520874</ns3:Speed><ns3:Pace>0.63</ns3:Pace></ns3:TPX></Extensions></Trackpoint><Trackpoint><Time>2026-01-27T21:55:15Z</Time><Position><LatitudeDegrees>-8.04465333</LatitudeDegrees><LongitudeDegrees>-34.9316635</LongitudeDegrees></Position><HeartRateBpm><Value>126</Value></HeartRateBpm><Cadence>32</Cadence><Extensions><ns3:TPX><ns3:Speed>1.5800000429153442</ns3:Speed><ns3:Pace>0.63</ns3:Pace></ns3:TPX></Extensions></Trackpoint><Trackpoint><Time>2026-01-27T21:55:16Z</Time><Position><LatitudeDegrees>-8.04465666</LatitudeDegrees><LongitudeDegrees>-34.93165016</LongitudeDegrees></Position><HeartRateBpm><Value>126</Value></HeartRateBpm><Cadence>32</Cadence><Extensions><ns3:TPX><ns3:Speed>1.5800000429153442</ns3:Speed><ns3:Pace>0.63</ns3:Pace></ns3:TPX></Extensions></Trackpoint><Trackpoint><Time>2026-01-27T21:55:17Z</Time><Position><LatitudeDegrees>-8.04465999</LatitudeDegrees><LongitudeDegrees>-34.93163683</LongitudeDegrees></Position><HeartRateBpm><Value>127</Value></HeartRateBpm><Cadence>32</Cadence><Extensions><ns3:TPX><ns3:Speed>1.559999942779541</ns3:Speed><ns3:Pace>0.64</ns3:Pace></ns3:TPX></Extensions></Trackpoint><Trackpoint><Time>2026-01-27T21:55:18Z</Time><Position><LatitudeDegrees>-8.04466498</LatitudeDegrees><LongitudeDegrees>-34.93162217</LongitudeDegrees></Position><HeartRateBpm><Value>127</Value></HeartRateBpm><Cadence>32</Cadence><Extensions><ns3:TPX><ns3:Speed>1.5499999523162842</ns3:Speed><ns3:Pace>0.64</ns3:Pace></ns3:TPX></Extensions></Trackpoint><Trackpoint><Time>2026-01-27T21:55:19Z</Time><Position><LatitudeDegrees>-8.04467164</LatitudeDegrees><LongitudeDegrees>-34.93160685</LongitudeDegrees></Position><HeartRateBpm><Value>127</Value></HeartRateBpm><Cadence>32</Cadence><Extensions><ns3:TPX><ns3:Speed>1.5499999523162842</ns3:Speed><ns3:Pace>0.64</ns3:Pace></ns3:TPX></Extensions></Trackpoint><Trackpoint><Time>2026-01-27T21:55:20Z</Time><Position><LatitudeDegrees>-8.04467764</LatitudeDegrees><LongitudeDegrees>-34.93159385</LongitudeDegrees></Position><HeartRateBpm><Value>127</Value></HeartRateBpm><Cadence>32</Cadence><Extensions><ns3:TPX><ns3:Speed>1.5499999523162842</ns3:Speed><ns3:Pace>0.64</ns3:Pace></ns3:TPX></Extensions></Trackpoint><Trackpoint><Time>2026-01-27T21:55:21Z</Time><Position><LatitudeDegrees>-8.04468396</LatitudeDegrees><LongitudeDegrees>-34.93158119</LongitudeDegrees></Position><HeartRateBpm><Value>125</Value></HeartRateBpm><Cadence>32</Cadence><Extensions><ns3:TPX><ns3:Speed>1.559999942779541</ns3:Speed><ns3:Pace>0.64</ns3:Pace></ns3:TPX></Extensions></Trackpoint><Trackpoint><Time>2026-01-27T21:55:22Z</Time><Position><LatitudeDegrees>-8.0446903</LatitudeDegrees><LongitudeDegrees>-34.93156886</LongitudeDegrees></Position><HeartRateBpm><Value>124</Value></HeartRateBpm><Cadence>32</Cadence><Extensions><ns3:TPX><ns3:Speed>1.559999942779541</ns3:Speed><ns3:Pace>0.64</ns3:Pace></ns3:TPX></Extensions></Trackpoint><Trackpoint><Time>2026-01-27T21:55:23Z</Time><Position><LatitudeDegrees>-8.04469562</LatitudeDegrees><LongitudeDegrees>-34.93155687</LongitudeDegrees></Position><HeartRateBpm><Value>124</Value></HeartRateBpm><Cadence>32</Cadence><Extensions><ns3:TPX><ns3:Speed>1.559999942779541</ns3:Speed><ns3:Pace>0.64</ns3:Pace></ns3:TPX></Extensions></Trackpoint><Trackpoint><Time>2026-01-27T21:55:24Z</Time><Position><LatitudeDegrees>-8.04470095</LatitudeDegrees><LongitudeDegrees>-34.93154555</LongitudeDegrees></Position><HeartRateBpm><Value>124</Value></HeartRateBpm><Cadence>31</Cadence><Extensions><ns3:TPX><ns3:Speed>1.559999942779541</ns3:Speed><ns3:Pace>0.64</ns3:Pace></ns3:TPX></Extensions></Trackpoint><Trackpoint><Time>2026-01-27T21:55:25Z</Time><Position><LatitudeDegrees>-8.04470729</LatitudeDegrees><LongitudeDegrees>-34.93153555</LongitudeDegrees></Position><HeartRateBpm><Value>124</Value></HeartRateBpm><Cadence>31</Cadence><Extensions><ns3:TPX><ns3:Speed>1.559999942779541</ns3:Speed><ns3:Pace>0.64</ns3:Pace></ns3:TPX></Extensions></Trackpoint><Trackpoint><Time>2026-01-27T21:55:26Z</Time><Position><LatitudeDegrees>-8.04471429</LatitudeDegrees><LongitudeDegrees>-34.93152556</LongitudeDegrees></Position><HeartRateBpm><Value>124</Value></HeartRateBpm><Cadence>31</Cadence><Extensions><ns3:TPX><ns3:Speed>1.559999942779541</ns3:Speed><ns3:Pace>0.64</ns3:Pace></ns3:TPX></Extensions></Trackpoint><Trackpoint><Time>2026-01-27T21:55:27Z</Time><Position><LatitudeDegrees>-8.04472161</LatitudeDegrees><LongitudeDegrees>-34.93151522</LongitudeDegrees></Position><HeartRateBpm><Value>124</Value></HeartRateBpm><Cadence>31</Cadence><Extensions><ns3:TPX><ns3:Speed>1.5499999523162842</ns3:Speed><ns3:Pace>0.64</ns3:Pace></ns3:TPX></Extensions></Trackpoint><Trackpoint><Time>2026-01-27T21:55:28Z</Time><Position><LatitudeDegrees>-8.04473027</LatitudeDegrees><LongitudeDegrees>-34.9315039</LongitudeDegrees></Position><HeartRateBpm><Value>123</Value></HeartRateBpm><Cadence>31</Cadence><Extensions><ns3:TPX><ns3:Speed>1.5499999523162842</ns3:Speed><ns3:Pace>0.64</ns3:Pace></ns3:TPX></Extensions></Trackpoint><Trackpoint><Time>2026-01-27T21:55:29Z</Time><Position><LatitudeDegrees>-8.0447406</LatitudeDegrees><LongitudeDegrees>-34.93149191</LongitudeDegrees></Position><HeartRateBpm><Value>124</Value></HeartRateBpm><Cadence>31</Cadence><Extensions><ns3:TPX><ns3:Speed>1.5499999523162842</ns3:Speed><ns3:Pace>0.64</ns3:Pace></ns3:TPX></Extensions></Trackpoint><Trackpoint><Time>2026-01-27T21:55:30Z</Time><Position><LatitudeDegrees>-8.04475193</LatitudeDegrees><LongitudeDegrees>-34.93147992</LongitudeDegrees></Position><HeartRateBpm><Value>125</Value></HeartRateBpm><Cadence>31</Cadence><Extensions><ns3:TPX><ns3:Speed>1.5399999618530273</ns3:Speed><ns3:Pace>0.64</ns3:Pace></ns3:TPX></Extensions></Trackpoint><Trackpoint><Time>2026-01-27T21:55:31Z</Time><Position><LatitudeDegrees>-8.04476226</LatitudeDegrees><LongitudeDegrees>-34.93146792</LongitudeDegrees></Position><HeartRateBpm><Value>125</Value></HeartRateBpm><Cadence>31</Cadence><Extensions><ns3:TPX><ns3:Speed>1.5399999618530273</ns3:Speed><ns3:Pace>0.64</ns3:Pace></ns3:TPX></Extensions></Trackpoint><Trackpoint><Time>2026-01-27T21:55:32Z</Time><Position><LatitudeDegrees>-8.04477092</LatitudeDegrees><LongitudeDegrees>-34.9314556</LongitudeDegrees></Position><HeartRateBpm><Value>124</Value></HeartRateBpm><Cadence>31</Cadence><Extensions><ns3:TPX><ns3:Speed>1.5399999618530273</ns3:Speed><ns3:Pace>0.65</ns3:Pace></ns3:TPX></Extensions></Trackpoint><Trackpoint><Time>2026-01-27T21:55:33Z</Time><Position><LatitudeDegrees>-8.04477891</LatitudeDegrees><LongitudeDegrees>-34.93144426</LongitudeDegrees></Position><HeartRateBpm><Value>124</Value></HeartRateBpm><Cadence>31</Cadence><Extensions><ns3:TPX><ns3:Speed>1.5299999713897705</ns3:Speed><ns3:Pace>0.65</ns3:Pace></ns3:TPX></Extensions></Trackpoint><Trackpoint><Time>2026-01-27T21:55:34Z</Time><Position><LatitudeDegrees>-8.04478725</LatitudeDegrees><LongitudeDegrees>-34.93143261</LongitudeDegrees></Position><HeartRateBpm><Value>124</Value></HeartRateBpm><Cadence>31</Cadence><Extensions><ns3:TPX><ns3:Speed>1.5299999713897705</ns3:Speed><ns3:Pace>0.65</ns3:Pace></ns3:TPX></Extensions></Trackpoint><Trackpoint><Time>2026-01-27T21:55:35Z</Time><Position><LatitudeDegrees>-8.0447959</LatitudeDegrees><LongitudeDegrees>-34.93142095</LongitudeDegrees></Position><HeartRateBpm><Value>123</Value></HeartRateBpm><Cadence>32</Cadence><Extensions><ns3:TPX><ns3:Speed>1.5299999713897705</ns3:Speed><ns3:Pace>0.65</ns3:Pace></ns3:TPX></Extensions></Trackpoint><Trackpoint><Time>2026-01-27T21:55:36Z</Time><Position><LatitudeDegrees>-8.0448039</LatitudeDegrees><LongitudeDegrees>-34.93140995</LongitudeDegrees></Position><HeartRateBpm><Value>123</Value></HeartRateBpm><Cadence>32</Cadence><Extensions><ns3:TPX><ns3:Speed>1.5299999713897705</ns3:Speed><ns3:Pace>0.65</ns3:Pace></ns3:TPX></Extensions></Trackpoint><Trackpoint><Time>2026-01-27T21:55:37Z</Time><Position><LatitudeDegrees>-8.04481089</LatitudeDegrees><LongitudeDegrees>-34.93139863</LongitudeDegrees></Position><HeartRateBpm><Value>123</Value></HeartRateBpm><Cadence>32</Cadence><Extensions><ns3:TPX><ns3:Speed>1.5299999713897705</ns3:Speed><ns3:Pace>0.65</ns3:Pace></ns3:TPX></Extensions></Trackpoint><Trackpoint><Time>2026-01-27T21:55:38Z</Time><Position><LatitudeDegrees>-8.04481723</LatitudeDegrees><LongitudeDegrees>-34.93138729</LongitudeDegrees></Position><HeartRateBpm><Value>123</Value></HeartRateBpm><Cadence>32</Cadence><Extensions><ns3:TPX><ns3:Speed>1.5299999713897705</ns3:Speed><ns3:Pace>0.65</ns3:Pace></ns3:TPX></Extensions></Trackpoint><Trackpoint><Time>2026-01-27T21:55:39Z</Time><Position><LatitudeDegrees>-8.04482456</LatitudeDegrees><LongitudeDegrees>-34.93137529</LongitudeDegrees></Position><HeartRateBpm><Value>123</Value></HeartRateBpm><Cadence>32</Cadence><Extensions><ns3:TPX><ns3:Speed>1.5299999713897705</ns3:Speed><ns3:Pace>0.65</ns3:Pace></ns3:TPX></Extensions></Trackpoint><Trackpoint><Time>2026-01-27T21:55:40Z</Time><Position><LatitudeDegrees>-8.04483255</LatitudeDegrees><LongitudeDegrees>-34.93136197</LongitudeDegrees></Position><HeartRateBpm><Value>125</Value></HeartRateBpm><Cadence>32</Cadence><Extensions><ns3:TPX><ns3:Speed>1.5199999809265137</ns3:Speed><ns3:Pace>0.65</ns3:Pace></ns3:TPX></Extensions></Trackpoint><Trackpoint><Time>2026-01-27T21:55:41Z</Time><Position><LatitudeDegrees>-8.04483921</LatitudeDegrees><LongitudeDegrees>-34.93134897</LongitudeDegrees></Position><HeartRateBpm><Value>126</Value></HeartRateBpm><Cadence>32</Cadence><Extensions><ns3:TPX><ns3:Speed>1.5199999809265137</ns3:Speed><ns3:Pace>0.65</ns3:Pace></ns3:TPX></Extensions></Trackpoint><Trackpoint><Time>2026-01-27T21:55:42Z</Time><Position><LatitudeDegrees>-8.04484554</LatitudeDegrees><LongitudeDegrees>-34.9313353</LongitudeDegrees></Position><HeartRateBpm><Value>127</Value></HeartRateBpm><Cadence>32</Cadence><Extensions><ns3:TPX><ns3:Speed>1.5199999809265137</ns3:Speed><ns3:Pace>0.65</ns3:Pace></ns3:TPX></Extensions></Trackpoint><Trackpoint><Time>2026-01-27T21:55:43Z</Time><Position><LatitudeDegrees>-8.04485153</LatitudeDegrees><LongitudeDegrees>-34.93132164</LongitudeDegrees></Position><HeartRateBpm><Value>127</Value></HeartRateBpm><Cadence>32</Cadence><Extensions><ns3:TPX><ns3:Speed>1.5199999809265137</ns3:Speed><ns3:Pace>0.65</ns3:Pace></ns3:TPX></Extensions></Trackpoint><Trackpoint><Time>2026-01-27T21:55:44Z</Time><Position><LatitudeDegrees>-8.04485652</LatitudeDegrees><LongitudeDegrees>-34.93130865</LongitudeDegrees></Position><HeartRateBpm><Value>127</Value></HeartRateBpm><Cadence>32</Cadence><Extensions><ns3:TPX><ns3:Speed>1.5199999809265137</ns3:Speed><ns3:Pace>0.65</ns3:Pace></ns3:TPX></Extensions></Trackpoint><Trackpoint><Time>2026-01-27T21:55:45Z</Time><Position><LatitudeDegrees>-8.04486018</LatitudeDegrees><LongitudeDegrees>-34.93129631</LongitudeDegrees></Position><HeartRateBpm><Value>126</Value></HeartRateBpm><Cadence>32</Cadence><Extensions><ns3:TPX><ns3:Speed>1.5199999809265137</ns3:Speed><ns3:Pace>0.65</ns3:Pace></ns3:TPX></Extensions></Trackpoint><Trackpoint><Time>2026-01-27T21:55:46Z</Time><Position><LatitudeDegrees>-8.04486418</LatitudeDegrees><LongitudeDegrees>-34.93128332</LongitudeDegrees></Position><HeartRateBpm><Value>126</Value></HeartRateBpm><Cadence>32</Cadence><Extensions><ns3:TPX><ns3:Speed>1.5099999904632568</ns3:Speed><ns3:Pace>0.65</ns3:Pace></ns3:TPX></Extensions></Trackpoint><Trackpoint><Time>2026-01-27T21:55:47Z</Time><Position><LatitudeDegrees>-8.04486818</LatitudeDegrees><LongitudeDegrees>-34.93126999</LongitudeDegrees></Position><HeartRateBpm><Value>125</Value></HeartRateBpm><Cadence>32</Cadence><Extensions><ns3:TPX><ns3:Speed>1.5099999904632568</ns3:Speed><ns3:Pace>0.65</ns3:Pace></ns3:TPX></Extensions></Trackpoint><Trackpoint><Time>2026-01-27T21:55:48Z</Time><Position><LatitudeDegrees>-8.04487217</LatitudeDegrees><LongitudeDegrees>-34.93125466</LongitudeDegrees></Position><HeartRateBpm><Value>125</Value></HeartRateBpm><Cadence>32</Cadence><Extensions><ns3:TPX><ns3:Speed>1.5099999904632568</ns3:Speed><ns3:Pace>0.65</ns3:Pace></ns3:TPX></Extensions></Trackpoint><Trackpoint><Time>2026-01-27T21:55:49Z</Time><Position><LatitudeDegrees>-8.04487783</LatitudeDegrees><LongitudeDegrees>-34.93124066</LongitudeDegrees></Position><HeartRateBpm><Value>125</Value></HeartRateBpm><Cadence>32</Cadence><Extensions><ns3:TPX><ns3:Speed>1.5099999904632568</ns3:Speed><ns3:Pace>0.65</ns3:Pace></ns3:TPX></Extensions></Trackpoint><Trackpoint><Time>2026-01-27T21:55:50Z</Time><Position><LatitudeDegrees>-8.04488449</LatitudeDegrees><LongitudeDegrees>-34.931228</LongitudeDegrees></Position><HeartRateBpm><Value>125</Value></HeartRateBpm><Cadence>32</Cadence><Extensions><ns3:TPX><ns3:Speed>1.5099999904632568</ns3:Speed><ns3:Pace>0.65</ns3:Pace></ns3:TPX></Extensions></Trackpoint><Trackpoint><Time>2026-01-27T21:55:51Z</Time><Position><LatitudeDegrees>-8.04489581</LatitudeDegrees><LongitudeDegrees>-34.931217</LongitudeDegrees></Position><HeartRateBpm><Value>126</Value></HeartRateBpm><Cadence>32</Cadence><Extensions><ns3:TPX><ns3:Speed>1.5199999809265137</ns3:Speed><ns3:Pace>0.65</ns3:Pace></ns3:TPX></Extensions></Trackpoint><Trackpoint><Time>2026-01-27T21:55:52Z</Time><Position><LatitudeDegrees>-8.04490814</LatitudeDegrees><LongitudeDegrees>-34.93120333</LongitudeDegrees></Position><HeartRateBpm><Value>127</Value></HeartRateBpm><Cadence>32</Cadence><Extensions><ns3:TPX><ns3:Speed>1.5199999809265137</ns3:Speed><ns3:Pace>0.65</ns3:Pace></ns3:TPX></Extensions></Trackpoint><Trackpoint><Time>2026-01-27T21:55:53Z</Time><Position><LatitudeDegrees>-8.04492247</LatitudeDegrees><LongitudeDegrees>-34.93118933</LongitudeDegrees></Position><HeartRateBpm><Value>127</Value></HeartRateBpm><Cadence>32</Cadence><Extensions><ns3:TPX><ns3:Speed>1.5199999809265137</ns3:Speed><ns3:Pace>0.65</ns3:Pace></ns3:TPX></Extensions></Trackpoint><Trackpoint><Time>2026-01-27T21:55:54Z</Time><Position><LatitudeDegrees>-8.04493579</LatitudeDegrees><LongitudeDegrees>-34.93117501</LongitudeDegrees></Position><HeartRateBpm><Value>128</Value></HeartRateBpm><Cadence>31</Cadence><Extensions><ns3:TPX><ns3:Speed>1.5199999809265137</ns3:Speed><ns3:Pace>0.65</ns3:Pace></ns3:TPX></Extensions></Trackpoint><Trackpoint><Time>2026-01-27T21:55:55Z</Time><Position><LatitudeDegrees>-8.04494413</LatitudeDegrees><LongitudeDegrees>-34.93116134</LongitudeDegrees></Position><HeartRateBpm><Value>128</Value></HeartRateBpm><Cadence>31</Cadence><Extensions><ns3:TPX><ns3:Speed>1.5199999809265137</ns3:Speed><ns3:Pace>0.65</ns3:Pace></ns3:TPX></Extensions></Trackpoint><Trackpoint><Time>2026-01-27T21:55:56Z</Time><Position><LatitudeDegrees>-8.04494845</LatitudeDegrees><LongitudeDegrees>-34.93114902</LongitudeDegrees></Position><HeartRateBpm><Value>128</Value></HeartRateBpm><Cadence>31</Cadence><Extensions><ns3:TPX><ns3:Speed>1.5199999809265137</ns3:Speed><ns3:Pace>0.65</ns3:Pace></ns3:TPX></Extensions></Trackpoint><Trackpoint><Time>2026-01-27T21:55:57Z</Time><Position><LatitudeDegrees>-8.04494944</LatitudeDegrees><LongitudeDegrees>-34.9311377</LongitudeDegrees></Position><HeartRateBpm><Value>128</Value></HeartRateBpm><Cadence>28</Cadence><Extensions><ns3:TPX><ns3:Speed>1.5299999713897705</ns3:Speed><ns3:Pace>0.65</ns3:Pace></ns3:TPX></Extensions></Trackpoint><Trackpoint><Time>2026-01-27T21:55:58Z</Time><Position><LatitudeDegrees>-8.04494845</LatitudeDegrees><LongitudeDegrees>-34.93112636</LongitudeDegrees></Position><HeartRateBpm><Value>128</Value></HeartRateBpm><Cadence>28</Cadence><Extensions><ns3:TPX><ns3:Speed>1.5299999713897705</ns3:Speed><ns3:Pace>0.65</ns3:Pace></ns3:TPX></Extensions></Trackpoint><Trackpoint><Time>2026-01-27T21:55:59Z</Time><Position><LatitudeDegrees>-8.04494778</LatitudeDegrees><LongitudeDegrees>-34.9311157</LongitudeDegrees></Position><HeartRateBpm><Value>126</Value></HeartRateBpm><Cadence>31</Cadence><Extensions><ns3:TPX><ns3:Speed>1.5299999713897705</ns3:Speed><ns3:Pace>0.65</ns3:Pace></ns3:TPX></Extensions></Trackpoint><Trackpoint><Time>2026-01-27T21:56:00Z</Time><Position><LatitudeDegrees>-8.04494978</LatitudeDegrees><LongitudeDegrees>-34.93110536</LongitudeDegrees></Position><HeartRateBpm><Value>126</Value></HeartRateBpm><Cadence>34</Cadence><Extensions><ns3:TPX><ns3:Speed>1.5299999713897705</ns3:Speed><ns3:Pace>0.65</ns3:Pace></ns3:TPX></Extensions></Trackpoint><Trackpoint><Time>2026-01-27T21:56:01Z</Time><Position><LatitudeDegrees>-8.04495344</LatitudeDegrees><LongitudeDegrees>-34.93109504</LongitudeDegrees></Position><HeartRateBpm><Value>127</Value></HeartRateBpm><Cadence>32</Cadence><Extensions><ns3:TPX><ns3:Speed>1.5299999713897705</ns3:Speed><ns3:Pace>0.65</ns3:Pace></ns3:TPX></Extensions></Trackpoint><Trackpoint><Time>2026-01-27T21:56:02Z</Time><Position><LatitudeDegrees>-8.04495877</LatitudeDegrees><LongitudeDegrees>-34.93108304</LongitudeDegrees></Position><HeartRateBpm><Value>127</Value></HeartRateBpm><Cadence>32</Cadence><Extensions><ns3:TPX><ns3:Speed>1.5299999713897705</ns3:Speed><ns3:Pace>0.65</ns3:Pace></ns3:TPX></Extensions></Trackpoint><Trackpoint><Time>2026-01-27T21:56:03Z</Time><Position><LatitudeDegrees>-8.04496577</LatitudeDegrees><LongitudeDegrees>-34.93107072</LongitudeDegrees></Position><HeartRateBpm><Value>128</Value></HeartRateBpm><Cadence>32</Cadence><Extensions><ns3:TPX><ns3:Speed>1.5199999809265137</ns3:Speed><ns3:Pace>0.65</ns3:Pace></ns3:TPX></Extensions></Trackpoint><Trackpoint><Time>2026-01-27T21:56:04Z</Time><Position><LatitudeDegrees>-8.0449731</LatitudeDegrees><LongitudeDegrees>-34.93105806</LongitudeDegrees></Position><HeartRateBpm><Value>127</Value></HeartRateBpm><Cadence>33</Cadence><Extensions><ns3:TPX><ns3:Speed>1.5199999809265137</ns3:Speed><ns3:Pace>0.66</ns3:Pace></ns3:TPX></Extensions></Trackpoint><Trackpoint><Time>2026-01-27T21:56:05Z</Time><Position><LatitudeDegrees>-8.04497976</LatitudeDegrees><LongitudeDegrees>-34.93104639</LongitudeDegrees></Position><HeartRateBpm><Value>127</Value></HeartRateBpm><Cadence>33</Cadence><Extensions><ns3:TPX><ns3:Speed>1.5099999904632568</ns3:Speed><ns3:Pace>0.66</ns3:Pace></ns3:TPX></Extensions></Trackpoint><Trackpoint><Time>2026-01-27T21:56:06Z</Time><Position><LatitudeDegrees>-8.04498543</LatitudeDegrees><LongitudeDegrees>-34.93103474</LongitudeDegrees></Position><HeartRateBpm><Value>127</Value></HeartRateBpm><Cadence>33</Cadence><Extensions><ns3:TPX><ns3:Speed>1.5</ns3:Speed><ns3:Pace>0.66</ns3:Pace></ns3:TPX></Extensions></Trackpoint><Trackpoint><Time>2026-01-27T21:56:07Z</Time><Position><LatitudeDegrees>-8.04499075</LatitudeDegrees><LongitudeDegrees>-34.9310234</LongitudeDegrees></Position><HeartRateBpm><Value>125</Value></HeartRateBpm><Cadence>32</Cadence><Extensions><ns3:TPX><ns3:Speed>1.5</ns3:Speed><ns3:Pace>0.66</ns3:Pace></ns3:TPX></Extensions></Trackpoint><Trackpoint><Time>2026-01-27T21:56:08Z</Time><Position><LatitudeDegrees>-8.04499409</LatitudeDegrees><LongitudeDegrees>-34.93101208</LongitudeDegrees></Position><HeartRateBpm><Value>125</Value></HeartRateBpm><Cadence>32</Cadence><Extensions><ns3:TPX><ns3:Speed>1.5</ns3:Speed><ns3:Pace>0.66</ns3:Pace></ns3:TPX></Extensions></Trackpoint><Trackpoint><Time>2026-01-27T21:56:09Z</Time><Position><LatitudeDegrees>-8.04499875</LatitudeDegrees><LongitudeDegrees>-34.93100141</LongitudeDegrees></Position><HeartRateBpm><Value>125</Value></HeartRateBpm><Cadence>32</Cadence><Extensions><ns3:TPX><ns3:Speed>1.4900000095367432</ns3:Speed><ns3:Pace>0.67</ns3:Pace></ns3:TPX></Extensions></Trackpoint><Trackpoint><Time>2026-01-27T21:56:10Z</Time><Position><LatitudeDegrees>-8.04500575</LatitudeDegrees><LongitudeDegrees>-34.93099009</LongitudeDegrees></Position><HeartRateBpm><Value>125</Value></HeartRateBpm><Cadence>32</Cadence><Extensions><ns3:TPX><ns3:Speed>1.4800000190734863</ns3:Speed><ns3:Pace>0.67</ns3:Pace></ns3:TPX></Extensions></Trackpoint><Trackpoint><Time>2026-01-27T21:56:11Z</Time><Position><LatitudeDegrees>-8.04501641</LatitudeDegrees><LongitudeDegrees>-34.93098043</LongitudeDegrees></Position><HeartRateBpm><Value>125</Value></HeartRateBpm><Cadence>32</Cadence><Extensions><ns3:TPX><ns3:Speed>1.4800000190734863</ns3:Speed><ns3:Pace>0.67</ns3:Pace></ns3:TPX></Extensions></Trackpoint><Trackpoint><Time>2026-01-27T21:56:12Z</Time><Position><LatitudeDegrees>-8.04503073</LatitudeDegrees><LongitudeDegrees>-34.93097411</LongitudeDegrees></Position><HeartRateBpm><Value>125</Value></HeartRateBpm><Cadence>32</Cadence><Extensions><ns3:TPX><ns3:Speed>1.4800000190734863</ns3:Speed><ns3:Pace>0.67</ns3:Pace></ns3:TPX></Extensions></Trackpoint><Trackpoint><Time>2026-01-27T21:56:13Z</Time><Position><LatitudeDegrees>-8.04504772</LatitudeDegrees><LongitudeDegrees>-34.93097078</LongitudeDegrees></Position><HeartRateBpm><Value>128</Value></HeartRateBpm><Cadence>32</Cadence><Extensions><ns3:TPX><ns3:Speed>1.4700000286102295</ns3:Speed><ns3:Pace>0.67</ns3:Pace></ns3:TPX></Extensions></Trackpoint><Trackpoint><Time>2026-01-27T21:56:14Z</Time><Position><LatitudeDegrees>-8.04506806</LatitudeDegrees><LongitudeDegrees>-34.93097078</LongitudeDegrees></Position><HeartRateBpm><Value>128</Value></HeartRateBpm><Cadence>32</Cadence><Extensions><ns3:TPX><ns3:Speed>1.4700000286102295</ns3:Speed><ns3:Pace>0.67</ns3:Pace></ns3:TPX></Extensions></Trackpoint><Trackpoint><Time>2026-01-27T21:56:15Z</Time><Position><LatitudeDegrees>-8.04509071</LatitudeDegrees><LongitudeDegrees>-34.93097344</LongitudeDegrees></Position><HeartRateBpm><Value>128</Value></HeartRateBpm><Cadence>32</Cadence><Extensions><ns3:TPX><ns3:Speed>1.4700000286102295</ns3:Speed><ns3:Pace>0.67</ns3:Pace></ns3:TPX></Extensions></Trackpoint><Trackpoint><Time>2026-01-27T21:56:16Z</Time><Position><LatitudeDegrees>-8.04511337</LatitudeDegrees><LongitudeDegrees>-34.93097743</LongitudeDegrees></Position><HeartRateBpm><Value>128</Value></HeartRateBpm><Cadence>32</Cadence><Extensions><ns3:TPX><ns3:Speed>1.4700000286102295</ns3:Speed><ns3:Pace>0.67</ns3:Pace></ns3:TPX></Extensions></Trackpoint><Trackpoint><Time>2026-01-27T21:56:17Z</Time><Position><LatitudeDegrees>-8.0451357</LatitudeDegrees><LongitudeDegrees>-34.9309821</LongitudeDegrees></Position><HeartRateBpm><Value>129</Value></HeartRateBpm><Cadence>32</Cadence><Extensions><ns3:TPX><ns3:Speed>1.4800000190734863</ns3:Speed><ns3:Pace>0.67</ns3:Pace></ns3:TPX></Extensions></Trackpoint><Trackpoint><Time>2026-01-27T21:56:18Z</Time><Position><LatitudeDegrees>-8.0451557</LatitudeDegrees><LongitudeDegrees>-34.93098842</LongitudeDegrees></Position><HeartRateBpm><Value>129</Value></HeartRateBpm><Cadence>30</Cadence><Extensions><ns3:TPX><ns3:Speed>1.4900000095367432</ns3:Speed><ns3:Pace>0.66</ns3:Pace></ns3:TPX></Extensions></Trackpoint><Trackpoint><Time>2026-01-27T21:56:19Z</Time><Position><LatitudeDegrees>-8.04517436</LatitudeDegrees><LongitudeDegrees>-34.93099508</LongitudeDegrees></Position><HeartRateBpm><Value>129</Value></HeartRateBpm><Cadence>30</Cadence><Extensions><ns3:TPX><ns3:Speed>1.5</ns3:Speed><ns3:Pace>0.65</ns3:Pace></ns3:TPX></Extensions></Trackpoint><Trackpoint><Time>2026-01-27T21:56:20Z</Time><Position><LatitudeDegrees>-8.04519203</LatitudeDegrees><LongitudeDegrees>-34.93100241</LongitudeDegrees></Position><HeartRateBpm><Value>130</Value></HeartRateBpm><Cadence>30</Cadence><Extensions><ns3:TPX><ns3:Speed>1.5199999809265137</ns3:Speed><ns3:Pace>0.65</ns3:Pace></ns3:TPX></Extensions></Trackpoint><Trackpoint><Time>2026-01-27T21:56:21Z</Time><Position><LatitudeDegrees>-8.04520936</LatitudeDegrees><LongitudeDegrees>-34.9310094</LongitudeDegrees></Position><HeartRateBpm><Value>130</Value></HeartRateBpm><Cadence>30</Cadence><Extensions><ns3:TPX><ns3:Speed>1.5199999809265137</ns3:Speed><ns3:Pace>0.65</ns3:Pace></ns3:TPX></Extensions></Trackpoint><Trackpoint><Time>2026-01-27T21:56:22Z</Time><Position><LatitudeDegrees>-8.04522635</LatitudeDegrees><LongitudeDegrees>-34.9310164</LongitudeDegrees></Position><HeartRateBpm><Value>130</Value></HeartRateBpm><Cadence>30</Cadence><Extensions><ns3:TPX><ns3:Speed>1.5299999713897705</ns3:Speed><ns3:Pace>0.64</ns3:Pace></ns3:TPX></Extensions></Trackpoint><Trackpoint><Time>2026-01-27T21:56:23Z</Time><Position><LatitudeDegrees>-8.04524302</LatitudeDegrees><LongitudeDegrees>-34.93102373</LongitudeDegrees></Position><HeartRateBpm><Value>130</Value></HeartRateBpm><Cadence>30</Cadence><Extensions><ns3:TPX><ns3:Speed>1.5499999523162842</ns3:Speed><ns3:Pace>0.63</ns3:Pace></ns3:TPX></Extensions></Trackpoint><Trackpoint><Time>2026-01-27T21:56:24Z</Time><Position><LatitudeDegrees>-8.04525934</LatitudeDegrees><LongitudeDegrees>-34.93103139</LongitudeDegrees></Position><HeartRateBpm><Value>130</Value></HeartRateBpm><Cadence>30</Cadence><Extensions><ns3:TPX><ns3:Speed>1.559999942779541</ns3:Speed><ns3:Pace>0.63</ns3:Pace></ns3:TPX></Extensions></Trackpoint><Trackpoint><Time>2026-01-27T21:56:25Z</Time><Position><LatitudeDegrees>-8.04527601</LatitudeDegrees><LongitudeDegrees>-34.93103873</LongitudeDegrees></Position><HeartRateBpm><Value>129</Value></HeartRateBpm><Cadence>32</Cadence><Extensions><ns3:TPX><ns3:Speed>1.5700000524520874</ns3:Speed><ns3:Pace>0.63</ns3:Pace></ns3:TPX></Extensions></Trackpoint><Trackpoint><Time>2026-01-27T21:56:26Z</Time><Position><LatitudeDegrees>-8.04529267</LatitudeDegrees><LongitudeDegrees>-34.93104605</LongitudeDegrees></Position><HeartRateBpm><Value>129</Value></HeartRateBpm><Cadence>32</Cadence><Extensions><ns3:TPX><ns3:Speed>1.5800000429153442</ns3:Speed><ns3:Pace>0.63</ns3:Pace></ns3:TPX></Extensions></Trackpoint><Trackpoint><Time>2026-01-27T21:56:27Z</Time><Position><LatitudeDegrees>-8.045308</LatitudeDegrees><LongitudeDegrees>-34.93105238</LongitudeDegrees></Position><HeartRateBpm><Value>129</Value></HeartRateBpm><Cadence>32</Cadence><Extensions><ns3:TPX><ns3:Speed>1.5800000429153442</ns3:Speed><ns3:Pace>0.62</ns3:Pace></ns3:TPX></Extensions></Trackpoint><Trackpoint><Time>2026-01-27T21:56:28Z</Time><Position><LatitudeDegrees>-8.04532265</LatitudeDegrees><LongitudeDegrees>-34.93105837</LongitudeDegrees></Position><HeartRateBpm><Value>129</Value></HeartRateBpm><Cadence>32</Cadence><Extensions><ns3:TPX><ns3:Speed>1.590000033378601</ns3:Speed><ns3:Pace>0.62</ns3:Pace></ns3:TPX></Extensions></Trackpoint><Trackpoint><Time>2026-01-27T21:56:29Z</Time><Position><LatitudeDegrees>-8.04533698</LatitudeDegrees><LongitudeDegrees>-34.93106404</LongitudeDegrees></Position><HeartRateBpm><Value>129</Value></HeartRateBpm><Cadence>32</Cadence><Extensions><ns3:TPX><ns3:Speed>1.600000023841858</ns3:Speed><ns3:Pace>0.62</ns3:Pace></ns3:TPX></Extensions></Trackpoint><Trackpoint><Time>2026-01-27T21:56:30Z</Time><Position><LatitudeDegrees>-8.04535163</LatitudeDegrees><LongitudeDegrees>-34.93106937</LongitudeDegrees></Position><HeartRateBpm><Value>129</Value></HeartRateBpm><Cadence>33</Cadence><Extensions><ns3:TPX><ns3:Speed>1.600000023841858</ns3:Speed><ns3:Pace>0.62</ns3:Pace></ns3:TPX></Extensions></Trackpoint><Trackpoint><Time>2026-01-27T21:56:31Z</Time><Position><LatitudeDegrees>-8.04536697</LatitudeDegrees><LongitudeDegrees>-34.93107536</LongitudeDegrees></Position><HeartRateBpm><Value>128</Value></HeartRateBpm><Cadence>33</Cadence><Extensions><ns3:TPX><ns3:Speed>1.6100000143051147</ns3:Speed><ns3:Pace>0.61</ns3:Pace></ns3:TPX></Extensions></Trackpoint><Trackpoint><Time>2026-01-27T21:56:32Z</Time><Position><LatitudeDegrees>-8.04538196</LatitudeDegrees><LongitudeDegrees>-34.93108202</LongitudeDegrees></Position><HeartRateBpm><Value>128</Value></HeartRateBpm><Cadence>32</Cadence><Extensions><ns3:TPX><ns3:Speed>1.6100000143051147</ns3:Speed><ns3:Pace>0.61</ns3:Pace></ns3:TPX></Extensions></Trackpoint><Trackpoint><Time>2026-01-27T21:56:33Z</Time><Position><LatitudeDegrees>-8.04539596</LatitudeDegrees><LongitudeDegrees>-34.93108969</LongitudeDegrees></Position><HeartRateBpm><Value>128</Value></HeartRateBpm><Cadence>32</Cadence><Extensions><ns3:TPX><ns3:Speed>1.6100000143051147</ns3:Speed><ns3:Pace>0.61</ns3:Pace></ns3:TPX></Extensions></Trackpoint><Trackpoint><Time>2026-01-27T21:56:34Z</Time><Position><LatitudeDegrees>-8.04540996</LatitudeDegrees><LongitudeDegrees>-34.93109701</LongitudeDegrees></Position><HeartRateBpm><Value>128</Value></HeartRateBpm><Cadence>32</Cadence><Extensions><ns3:TPX><ns3:Speed>1.6100000143051147</ns3:Speed><ns3:Pace>0.61</ns3:Pace></ns3:TPX></Extensions></Trackpoint><Trackpoint><Time>2026-01-27T21:56:35Z</Time><Position><LatitudeDegrees>-8.04542396</LatitudeDegrees><LongitudeDegrees>-34.93110268</LongitudeDegrees></Position><HeartRateBpm><Value>129</Value></HeartRateBpm><Cadence>32</Cadence><Extensions><ns3:TPX><ns3:Speed>1.6200000047683716</ns3:Speed><ns3:Pace>0.61</ns3:Pace></ns3:TPX></Extensions></Trackpoint><Trackpoint><Time>2026-01-27T21:56:36Z</Time><Position><LatitudeDegrees>-8.04543861</LatitudeDegrees><LongitudeDegrees>-34.93110734</LongitudeDegrees></Position><HeartRateBpm><Value>130</Value></HeartRateBpm><Cadence>32</Cadence><Extensions><ns3:TPX><ns3:Speed>1.6200000047683716</ns3:Speed><ns3:Pace>0.61</ns3:Pace></ns3:TPX></Extensions></Trackpoint><Trackpoint><Time>2026-01-27T21:56:37Z</Time><Position><LatitudeDegrees>-8.04545261</LatitudeDegrees><LongitudeDegrees>-34.93111168</LongitudeDegrees></Position><HeartRateBpm><Value>131</Value></HeartRateBpm><Cadence>32</Cadence><Extensions><ns3:TPX><ns3:Speed>1.6200000047683716</ns3:Speed><ns3:Pace>0.61</ns3:Pace></ns3:TPX></Extensions></Trackpoint><Trackpoint><Time>2026-01-27T21:56:38Z</Time><Position><LatitudeDegrees>-8.04546627</LatitudeDegrees><LongitudeDegrees>-34.93111733</LongitudeDegrees></Position><HeartRateBpm><Value>131</Value></HeartRateBpm><Cadence>32</Cadence><Extensions><ns3:TPX><ns3:Speed>1.6200000047683716</ns3:Speed><ns3:Pace>0.61</ns3:Pace></ns3:TPX></Extensions></Trackpoint><Trackpoint><Time>2026-01-27T21:56:39Z</Time><Position><LatitudeDegrees>-8.0454806</LatitudeDegrees><LongitudeDegrees>-34.93112332</LongitudeDegrees></Position><HeartRateBpm><Value>131</Value></HeartRateBpm><Cadence>32</Cadence><Extensions><ns3:TPX><ns3:Speed>1.6200000047683716</ns3:Speed><ns3:Pace>0.61</ns3:Pace></ns3:TPX></Extensions></Trackpoint><Trackpoint><Time>2026-01-27T21:56:40Z</Time><Position><LatitudeDegrees>-8.04549559</LatitudeDegrees><LongitudeDegrees>-34.93112931</LongitudeDegrees></Position><HeartRateBpm><Value>131</Value></HeartRateBpm><Cadence>32</Cadence><Extensions><ns3:TPX><ns3:Speed>1.6200000047683716</ns3:Speed><ns3:Pace>0.61</ns3:Pace></ns3:TPX></Extensions></Trackpoint><Trackpoint><Time>2026-01-27T21:56:41Z</Time><Position><LatitudeDegrees>-8.04551226</LatitudeDegrees><LongitudeDegrees>-34.93113465</LongitudeDegrees></Position><HeartRateBpm><Value>131</Value></HeartRateBpm><Cadence>32</Cadence><Extensions><ns3:TPX><ns3:Speed>1.6200000047683716</ns3:Speed><ns3:Pace>0.61</ns3:Pace></ns3:TPX></Extensions></Trackpoint><Trackpoint><Time>2026-01-27T21:56:42Z</Time><Position><LatitudeDegrees>-8.04552892</LatitudeDegrees><LongitudeDegrees>-34.9311393</LongitudeDegrees></Position><HeartRateBpm><Value>130</Value></HeartRateBpm><Cadence>31</Cadence><Extensions><ns3:TPX><ns3:Speed>1.6200000047683716</ns3:Speed><ns3:Pace>0.61</ns3:Pace></ns3:TPX></Extensions></Trackpoint><Trackpoint><Time>2026-01-27T21:56:43Z</Time><Position><LatitudeDegrees>-8.04554558</LatitudeDegrees><LongitudeDegrees>-34.93114397</LongitudeDegrees></Position><HeartRateBpm><Value>129</Value></HeartRateBpm><Cadence>32</Cadence><Extensions><ns3:TPX><ns3:Speed>1.6200000047683716</ns3:Speed><ns3:Pace>0.61</ns3:Pace></ns3:TPX></Extensions></Trackpoint><Trackpoint><Time>2026-01-27T21:56:44Z</Time><Position><LatitudeDegrees>-8.04556225</LatitudeDegrees><LongitudeDegrees>-34.93114729</LongitudeDegrees></Position><HeartRateBpm><Value>129</Value></HeartRateBpm><Cadence>32</Cadence><Extensions><ns3:TPX><ns3:Speed>1.6200000047683716</ns3:Speed><ns3:Pace>0.61</ns3:Pace></ns3:TPX></Extensions></Trackpoint><Trackpoint><Time>2026-01-27T21:56:45Z</Time><Position><LatitudeDegrees>-8.04557724</LatitudeDegrees><LongitudeDegrees>-34.93115096</LongitudeDegrees></Position><HeartRateBpm><Value>129</Value></HeartRateBpm><Cadence>32</Cadence><Extensions><ns3:TPX><ns3:Speed>1.6200000047683716</ns3:Speed><ns3:Pace>0.61</ns3:Pace></ns3:TPX></Extensions></Trackpoint><Trackpoint><Time>2026-01-27T21:56:46Z</Time><Position><LatitudeDegrees>-8.04559056</LatitudeDegrees><LongitudeDegrees>-34.93115562</LongitudeDegrees></Position><HeartRateBpm><Value>129</Value></HeartRateBpm><Cadence>32</Cadence><Extensions><ns3:TPX><ns3:Speed>1.6200000047683716</ns3:Speed><ns3:Pace>0.61</ns3:Pace></ns3:TPX></Extensions></Trackpoint><Trackpoint><Time>2026-01-27T21:56:47Z</Time><Position><LatitudeDegrees>-8.04560456</LatitudeDegrees><LongitudeDegrees>-34.93116161</LongitudeDegrees></Position><HeartRateBpm><Value>128</Value></HeartRateBpm><Cadence>32</Cadence><Extensions><ns3:TPX><ns3:Speed>1.6299999952316284</ns3:Speed><ns3:Pace>0.61</ns3:Pace></ns3:TPX></Extensions></Trackpoint><Trackpoint><Time>2026-01-27T21:56:48Z</Time><Position><LatitudeDegrees>-8.04561989</LatitudeDegrees><LongitudeDegrees>-34.93116827</LongitudeDegrees></Position><HeartRateBpm><Value>127</Value></HeartRateBpm><Cadence>32</Cadence><Extensions><ns3:TPX><ns3:Speed>1.6299999952316284</ns3:Speed><ns3:Pace>0.61</ns3:Pace></ns3:TPX></Extensions></Trackpoint><Trackpoint><Time>2026-01-27T21:56:49Z</Time><Position><LatitudeDegrees>-8.04563622</LatitudeDegrees><LongitudeDegrees>-34.9311746</LongitudeDegrees></Position><HeartRateBpm><Value>127</Value></HeartRateBpm><Cadence>33</Cadence><Extensions><ns3:TPX><ns3:Speed>1.6299999952316284</ns3:Speed><ns3:Pace>0.61</ns3:Pace></ns3:TPX></Extensions></Trackpoint><Trackpoint><Time>2026-01-27T21:56:50Z</Time><Position><LatitudeDegrees>-8.04565222</LatitudeDegrees><LongitudeDegrees>-34.93118125</LongitudeDegrees></Position><HeartRateBpm><Value>127</Value></HeartRateBpm><Cadence>33</Cadence><Extensions><ns3:TPX><ns3:Speed>1.6299999952316284</ns3:Speed><ns3:Pace>0.61</ns3:Pace></ns3:TPX></Extensions></Trackpoint><Trackpoint><Time>2026-01-27T21:56:51Z</Time><Position><LatitudeDegrees>-8.04566788</LatitudeDegrees><LongitudeDegrees>-34.93118825</LongitudeDegrees></Position><HeartRateBpm><Value>127</Value></HeartRateBpm><Cadence>33</Cadence><Extensions><ns3:TPX><ns3:Speed>1.6299999952316284</ns3:Speed><ns3:Pace>0.6</ns3:Pace></ns3:TPX></Extensions></Trackpoint><Trackpoint><Time>2026-01-27T21:56:52Z</Time><Position><LatitudeDegrees>-8.04568353</LatitudeDegrees><LongitudeDegrees>-34.93119224</LongitudeDegrees></Position><HeartRateBpm><Value>127</Value></HeartRateBpm><Cadence>33</Cadence><Extensions><ns3:TPX><ns3:Speed>1.6399999856948853</ns3:Speed><ns3:Pace>0.6</ns3:Pace></ns3:TPX></Extensions></Trackpoint><Trackpoint><Time>2026-01-27T21:56:53Z</Time><Position><LatitudeDegrees>-8.0456982</LatitudeDegrees><LongitudeDegrees>-34.93119557</LongitudeDegrees></Position><HeartRateBpm><Value>127</Value></HeartRateBpm><Cadence>33</Cadence><Extensions><ns3:TPX><ns3:Speed>1.6399999856948853</ns3:Speed><ns3:Pace>0.6</ns3:Pace></ns3:TPX></Extensions></Trackpoint><Trackpoint><Time>2026-01-27T21:56:54Z</Time><Position><LatitudeDegrees>-8.04571353</LatitudeDegrees><LongitudeDegrees>-34.9312009</LongitudeDegrees></Position><HeartRateBpm><Value>127</Value></HeartRateBpm><Cadence>33</Cadence><Extensions><ns3:TPX><ns3:Speed>1.6399999856948853</ns3:Speed><ns3:Pace>0.6</ns3:Pace></ns3:TPX></Extensions></Trackpoint><Trackpoint><Time>2026-01-27T21:56:55Z</Time><Position><LatitudeDegrees>-8.0457282</LatitudeDegrees><LongitudeDegrees>-34.9312089</LongitudeDegrees></Position><HeartRateBpm><Value>128</Value></HeartRateBpm><Cadence>33</Cadence><Extensions><ns3:TPX><ns3:Speed>1.6399999856948853</ns3:Speed><ns3:Pace>0.6</ns3:Pace></ns3:TPX></Extensions></Trackpoint><Trackpoint><Time>2026-01-27T21:56:56Z</Time><Position><LatitudeDegrees>-8.04574219</LatitudeDegrees><LongitudeDegrees>-34.93121923</LongitudeDegrees></Position><HeartRateBpm><Value>128</Value></HeartRateBpm><Cadence>33</Cadence><Extensions><ns3:TPX><ns3:Speed>1.649999976158142</ns3:Speed><ns3:Pace>0.6</ns3:Pace></ns3:TPX></Extensions></Trackpoint><Trackpoint><Time>2026-01-27T21:56:57Z</Time><Position><LatitudeDegrees>-8.04575619</LatitudeDegrees><LongitudeDegrees>-34.9312299</LongitudeDegrees></Position><HeartRateBpm><Value>128</Value></HeartRateBpm><Cadence>33</Cadence><Extensions><ns3:TPX><ns3:Speed>1.649999976158142</ns3:Speed><ns3:Pace>0.6</ns3:Pace></ns3:TPX></Extensions></Trackpoint><Trackpoint><Time>2026-01-27T21:56:58Z</Time><Position><LatitudeDegrees>-8.04576886</LatitudeDegrees><LongitudeDegrees>-34.93124056</LongitudeDegrees></Position><HeartRateBpm><Value>128</Value></HeartRateBpm><Cadence>33</Cadence><Extensions><ns3:TPX><ns3:Speed>1.649999976158142</ns3:Speed><ns3:Pace>0.6</ns3:Pace></ns3:TPX></Extensions></Trackpoint><Trackpoint><Time>2026-01-27T21:56:59Z</Time><Position><LatitudeDegrees>-8.04578052</LatitudeDegrees><LongitudeDegrees>-34.93124856</LongitudeDegrees></Position><HeartRateBpm><Value>128</Value></HeartRateBpm><Cadence>33</Cadence><Extensions><ns3:TPX><ns3:Speed>1.649999976158142</ns3:Speed><ns3:Pace>0.6</ns3:Pace></ns3:TPX></Extensions></Trackpoint><Trackpoint><Time>2026-01-27T21:57:00Z</Time><Position><LatitudeDegrees>-8.04579186</LatitudeDegrees><LongitudeDegrees>-34.93125522</LongitudeDegrees></Position><HeartRateBpm><Value>127</Value></HeartRateBpm><Cadence>33</Cadence><Extensions><ns3:TPX><ns3:Speed>1.659999966621399</ns3:Speed><ns3:Pace>0.6</ns3:Pace></ns3:TPX></Extensions></Trackpoint><Trackpoint><Time>2026-01-27T21:57:01Z</Time><Position><LatitudeDegrees>-8.04580318</LatitudeDegrees><LongitudeDegrees>-34.93126089</LongitudeDegrees></Position><HeartRateBpm><Value>127</Value></HeartRateBpm><Cadence>33</Cadence><Extensions><ns3:TPX><ns3:Speed>1.659999966621399</ns3:Speed><ns3:Pace>0.6</ns3:Pace></ns3:TPX></Extensions></Trackpoint><Trackpoint><Time>2026-01-27T21:57:02Z</Time><Position><LatitudeDegrees>-8.04581517</LatitudeDegrees><LongitudeDegrees>-34.93126622</LongitudeDegrees></Position><HeartRateBpm><Value>129</Value></HeartRateBpm><Cadence>33</Cadence><Extensions><ns3:TPX><ns3:Speed>1.659999966621399</ns3:Speed><ns3:Pace>0.6</ns3:Pace></ns3:TPX></Extensions></Trackpoint><Trackpoint><Time>2026-01-27T21:57:03Z</Time><Position><LatitudeDegrees>-8.04582817</LatitudeDegrees><LongitudeDegrees>-34.93127121</LongitudeDegrees></Position><HeartRateBpm><Value>129</Value></HeartRateBpm><Cadence>33</Cadence><Extensions><ns3:TPX><ns3:Speed>1.659999966621399</ns3:Speed><ns3:Pace>0.6</ns3:Pace></ns3:TPX></Extensions></Trackpoint><Trackpoint><Time>2026-01-27T21:57:04Z</Time><Position><LatitudeDegrees>-8.04584217</LatitudeDegrees><LongitudeDegrees>-34.93127655</LongitudeDegrees></Position><HeartRateBpm><Value>129</Value></HeartRateBpm><Cadence>33</Cadence><Extensions><ns3:TPX><ns3:Speed>1.659999966621399</ns3:Speed><ns3:Pace>0.6</ns3:Pace></ns3:TPX></Extensions></Trackpoint><Trackpoint><Time>2026-01-27T21:57:05Z</Time><Position><LatitudeDegrees>-8.04585783</LatitudeDegrees><LongitudeDegrees>-34.93128155</LongitudeDegrees></Position><HeartRateBpm><Value>129</Value></HeartRateBpm><Cadence>33</Cadence><Extensions><ns3:TPX><ns3:Speed>1.659999966621399</ns3:Speed><ns3:Pace>0.6</ns3:Pace></ns3:TPX></Extensions></Trackpoint><Trackpoint><Time>2026-01-27T21:57:06Z</Time><Position><LatitudeDegrees>-8.04587215</LatitudeDegrees><LongitudeDegrees>-34.9312872</LongitudeDegrees></Position><HeartRateBpm><Value>128</Value></HeartRateBpm><Cadence>33</Cadence><Extensions><ns3:TPX><ns3:Speed>1.659999966621399</ns3:Speed><ns3:Pace>0.6</ns3:Pace></ns3:TPX></Extensions></Trackpoint><Trackpoint><Time>2026-01-27T21:57:07Z</Time><Position><LatitudeDegrees>-8.04588482</LatitudeDegrees><LongitudeDegrees>-34.93129254</LongitudeDegrees></Position><HeartRateBpm><Value>128</Value></HeartRateBpm><Cadence>33</Cadence><Extensions><ns3:TPX><ns3:Speed>1.659999966621399</ns3:Speed><ns3:Pace>0.6</ns3:Pace></ns3:TPX></Extensions></Trackpoint><Trackpoint><Time>2026-01-27T21:57:08Z</Time><Position><LatitudeDegrees>-8.04589681</LatitudeDegrees><LongitudeDegrees>-34.93129853</LongitudeDegrees></Position><HeartRateBpm><Value>129</Value></HeartRateBpm><Cadence>33</Cadence><Extensions><ns3:TPX><ns3:Speed>1.659999966621399</ns3:Speed><ns3:Pace>0.6</ns3:Pace></ns3:TPX></Extensions></Trackpoint><Trackpoint><Time>2026-01-27T21:57:09Z</Time><Position><LatitudeDegrees>-8.0459088</LatitudeDegrees><LongitudeDegrees>-34.93130452</LongitudeDegrees></Position><HeartRateBpm><Value>128</Value></HeartRateBpm><Cadence>32</Cadence><Extensions><ns3:TPX><ns3:Speed>1.659999966621399</ns3:Speed><ns3:Pace>0.6</ns3:Pace></ns3:TPX></Extensions></Trackpoint><Trackpoint><Time>2026-01-27T21:57:10Z</Time><Position><LatitudeDegrees>-8.04592146</LatitudeDegrees><LongitudeDegrees>-34.93131084</LongitudeDegrees></Position><HeartRateBpm><Value>128</Value></HeartRateBpm><Cadence>32</Cadence><Extensions><ns3:TPX><ns3:Speed>1.659999966621399</ns3:Speed><ns3:Pace>0.6</ns3:Pace></ns3:TPX></Extensions></Trackpoint><Trackpoint><Time>2026-01-27T21:57:11Z</Time><Position><LatitudeDegrees>-8.04593579</LatitudeDegrees><LongitudeDegrees>-34.93131717</LongitudeDegrees></Position><HeartRateBpm><Value>127</Value></HeartRateBpm><Cadence>33</Cadence><Extensions><ns3:TPX><ns3:Speed>1.659999966621399</ns3:Speed><ns3:Pace>0.6</ns3:Pace></ns3:TPX></Extensions></Trackpoint><Trackpoint><Time>2026-01-27T21:57:12Z</Time><Position><LatitudeDegrees>-8.04595078</LatitudeDegrees><LongitudeDegrees>-34.93132316</LongitudeDegrees></Position><HeartRateBpm><Value>127</Value></HeartRateBpm><Cadence>33</Cadence><Extensions><ns3:TPX><ns3:Speed>1.659999966621399</ns3:Speed><ns3:Pace>0.6</ns3:Pace></ns3:TPX></Extensions></Trackpoint><Trackpoint><Time>2026-01-27T21:57:13Z</Time><Position><LatitudeDegrees>-8.04596543</LatitudeDegrees><LongitudeDegrees>-34.93132915</LongitudeDegrees></Position><HeartRateBpm><Value>127</Value></HeartRateBpm><Cadence>33</Cadence><Extensions><ns3:TPX><ns3:Speed>1.659999966621399</ns3:Speed><ns3:Pace>0.6</ns3:Pace></ns3:TPX></Extensions></Trackpoint><Trackpoint><Time>2026-01-27T21:57:14Z</Time><Position><LatitudeDegrees>-8.04597943</LatitudeDegrees><LongitudeDegrees>-34.93133449</LongitudeDegrees></Position><HeartRateBpm><Value>127</Value></HeartRateBpm><Cadence>33</Cadence><Extensions><ns3:TPX><ns3:Speed>1.659999966621399</ns3:Speed><ns3:Pace>0.6</ns3:Pace></ns3:TPX></Extensions></Trackpoint><Trackpoint><Time>2026-01-27T21:57:15Z</Time><Position><LatitudeDegrees>-8.04599142</LatitudeDegrees><LongitudeDegrees>-34.93134014</LongitudeDegrees></Position><HeartRateBpm><Value>127</Value></HeartRateBpm><Cadence>33</Cadence><Extensions><ns3:TPX><ns3:Speed>1.649999976158142</ns3:Speed><ns3:Pace>0.6</ns3:Pace></ns3:TPX></Extensions></Trackpoint><Trackpoint><Time>2026-01-27T21:57:16Z</Time><Position><LatitudeDegrees>-8.04600341</LatitudeDegrees><LongitudeDegrees>-34.93134514</LongitudeDegrees></Position><HeartRateBpm><Value>127</Value></HeartRateBpm><Cadence>33</Cadence><Extensions><ns3:TPX><ns3:Speed>1.649999976158142</ns3:Speed><ns3:Pace>0.6</ns3:Pace></ns3:TPX></Extensions></Trackpoint><Trackpoint><Time>2026-01-27T21:57:17Z</Time><Position><LatitudeDegrees>-8.0460154</LatitudeDegrees><LongitudeDegrees>-34.93135081</LongitudeDegrees></Position><HeartRateBpm><Value>127</Value></HeartRateBpm><Cadence>33</Cadence><Extensions><ns3:TPX><ns3:Speed>1.649999976158142</ns3:Speed><ns3:Pace>0.6</ns3:Pace></ns3:TPX></Extensions></Trackpoint><Trackpoint><Time>2026-01-27T21:57:18Z</Time><Position><LatitudeDegrees>-8.04602807</LatitudeDegrees><LongitudeDegrees>-34.93135713</LongitudeDegrees></Position><HeartRateBpm><Value>127</Value></HeartRateBpm><Cadence>33</Cadence><Extensions><ns3:TPX><ns3:Speed>1.649999976158142</ns3:Speed><ns3:Pace>0.6</ns3:Pace></ns3:TPX></Extensions></Trackpoint><Trackpoint><Time>2026-01-27T21:57:19Z</Time><Position><LatitudeDegrees>-8.04604106</LatitudeDegrees><LongitudeDegrees>-34.93136412</LongitudeDegrees></Position><HeartRateBpm><Value>126</Value></HeartRateBpm><Cadence>33</Cadence><Extensions><ns3:TPX><ns3:Speed>1.649999976158142</ns3:Speed><ns3:Pace>0.6</ns3:Pace></ns3:TPX></Extensions></Trackpoint><Trackpoint><Time>2026-01-27T21:57:20Z</Time><Position><LatitudeDegrees>-8.04605306</LatitudeDegrees><LongitudeDegrees>-34.93137179</LongitudeDegrees></Position><HeartRateBpm><Value>126</Value></HeartRateBpm><Cadence>33</Cadence><Extensions><ns3:TPX><ns3:Speed>1.649999976158142</ns3:Speed><ns3:Pace>0.6</ns3:Pace></ns3:TPX></Extensions></Trackpoint><Trackpoint><Time>2026-01-27T21:57:21Z</Time><Position><LatitudeDegrees>-8.04606238</LatitudeDegrees><LongitudeDegrees>-34.93138111</LongitudeDegrees></Position><HeartRateBpm><Value>124</Value></HeartRateBpm><Cadence>32</Cadence><Extensions><ns3:TPX><ns3:Speed>1.649999976158142</ns3:Speed><ns3:Pace>0.6</ns3:Pace></ns3:TPX></Extensions></Trackpoint><Trackpoint><Time>2026-01-27T21:57:22Z</Time><Position><LatitudeDegrees>-8.04607172</LatitudeDegrees><LongitudeDegrees>-34.93138945</LongitudeDegrees></Position><HeartRateBpm><Value>124</Value></HeartRateBpm><Cadence>32</Cadence><Extensions><ns3:TPX><ns3:Speed>1.649999976158142</ns3:Speed><ns3:Pace>0.6</ns3:Pace></ns3:TPX></Extensions></Trackpoint><Trackpoint><Time>2026-01-27T21:57:23Z</Time><Position><LatitudeDegrees>-8.04608137</LatitudeDegrees><LongitudeDegrees>-34.93139678</LongitudeDegrees></Position><HeartRateBpm><Value>123</Value></HeartRateBpm><Cadence>32</Cadence><Extensions><ns3:TPX><ns3:Speed>1.649999976158142</ns3:Speed><ns3:Pace>0.6</ns3:Pace></ns3:TPX></Extensions></Trackpoint><Trackpoint><Time>2026-01-27T21:57:24Z</Time><Position><LatitudeDegrees>-8.04609271</LatitudeDegrees><LongitudeDegrees>-34.93140277</LongitudeDegrees></Position><HeartRateBpm><Value>122</Value></HeartRateBpm><Cadence>32</Cadence><Extensions><ns3:TPX><ns3:Speed>1.6399999856948853</ns3:Speed><ns3:Pace>0.6</ns3:Pace></ns3:TPX></Extensions></Trackpoint><Trackpoint><Time>2026-01-27T21:57:25Z</Time><Position><LatitudeDegrees>-8.04610636</LatitudeDegrees><LongitudeDegrees>-34.93140844</LongitudeDegrees></Position><HeartRateBpm><Value>122</Value></HeartRateBpm><Cadence>32</Cadence><Extensions><ns3:TPX><ns3:Speed>1.6399999856948853</ns3:Speed><ns3:Pace>0.61</ns3:Pace></ns3:TPX></Extensions></Trackpoint><Trackpoint><Time>2026-01-27T21:57:26Z</Time><Position><LatitudeDegrees>-8.04612236</LatitudeDegrees><LongitudeDegrees>-34.9314151</LongitudeDegrees></Position><HeartRateBpm><Value>121</Value></HeartRateBpm><Cadence>33</Cadence><Extensions><ns3:TPX><ns3:Speed>1.6299999952316284</ns3:Speed><ns3:Pace>0.61</ns3:Pace></ns3:TPX></Extensions></Trackpoint><Trackpoint><Time>2026-01-27T21:57:27Z</Time><Position><LatitudeDegrees>-8.04613836</LatitudeDegrees><LongitudeDegrees>-34.93142243</LongitudeDegrees></Position><HeartRateBpm><Value>122</Value></HeartRateBpm><Cadence>32</Cadence><Extensions><ns3:TPX><ns3:Speed>1.6299999952316284</ns3:Speed><ns3:Pace>0.61</ns3:Pace></ns3:TPX></Extensions></Trackpoint><Trackpoint><Time>2026-01-27T21:57:28Z</Time><Position><LatitudeDegrees>-8.04615236</LatitudeDegrees><LongitudeDegrees>-34.93143076</LongitudeDegrees></Position><HeartRateBpm><Value>122</Value></HeartRateBpm><Cadence>32</Cadence><Extensions><ns3:TPX><ns3:Speed>1.6299999952316284</ns3:Speed><ns3:Pace>0.61</ns3:Pace></ns3:TPX></Extensions></Trackpoint><Trackpoint><Time>2026-01-27T21:57:29Z</Time><Position><LatitudeDegrees>-8.04616469</LatitudeDegrees><LongitudeDegrees>-34.93144008</LongitudeDegrees></Position><HeartRateBpm><Value>122</Value></HeartRateBpm><Cadence>32</Cadence><Extensions><ns3:TPX><ns3:Speed>1.6299999952316284</ns3:Speed><ns3:Pace>0.61</ns3:Pace></ns3:TPX></Extensions></Trackpoint><Trackpoint><Time>2026-01-27T21:57:30Z</Time><Position><LatitudeDegrees>-8.04617369</LatitudeDegrees><LongitudeDegrees>-34.93144975</LongitudeDegrees></Position><HeartRateBpm><Value>122</Value></HeartRateBpm><Cadence>32</Cadence><Extensions><ns3:TPX><ns3:Speed>1.6200000047683716</ns3:Speed><ns3:Pace>0.61</ns3:Pace></ns3:TPX></Extensions></Trackpoint><Trackpoint><Time>2026-01-27T21:57:31Z</Time><Position><LatitudeDegrees>-8.04618101</LatitudeDegrees><LongitudeDegrees>-34.93145974</LongitudeDegrees></Position><HeartRateBpm><Value>122</Value></HeartRateBpm><Cadence>32</Cadence><Extensions><ns3:TPX><ns3:Speed>1.6200000047683716</ns3:Speed><ns3:Pace>0.61</ns3:Pace></ns3:TPX></Extensions></Trackpoint><Trackpoint><Time>2026-01-27T21:57:32Z</Time><Position><LatitudeDegrees>-8.04618934</LatitudeDegrees><LongitudeDegrees>-34.93146874</LongitudeDegrees></Position><HeartRateBpm><Value>122</Value></HeartRateBpm><Cadence>32</Cadence><Extensions><ns3:TPX><ns3:Speed>1.6200000047683716</ns3:Speed><ns3:Pace>0.61</ns3:Pace></ns3:TPX></Extensions></Trackpoint><Trackpoint><Time>2026-01-27T21:57:33Z</Time><Position><LatitudeDegrees>-8.04619934</LatitudeDegrees><LongitudeDegrees>-34.9314774</LongitudeDegrees></Position><HeartRateBpm><Value>123</Value></HeartRateBpm><Cadence>32</Cadence><Extensions><ns3:TPX><ns3:Speed>1.6200000047683716</ns3:Speed><ns3:Pace>0.61</ns3:Pace></ns3:TPX></Extensions></Trackpoint><Trackpoint><Time>2026-01-27T21:57:34Z</Time><Position><LatitudeDegrees>-8.04621033</LatitudeDegrees><LongitudeDegrees>-34.93148705</LongitudeDegrees></Position><HeartRateBpm><Value>123</Value></HeartRateBpm><Cadence>32</Cadence><Extensions><ns3:TPX><ns3:Speed>1.6200000047683716</ns3:Speed><ns3:Pace>0.61</ns3:Pace></ns3:TPX></Extensions></Trackpoint><Trackpoint><Time>2026-01-27T21:57:35Z</Time><Position><LatitudeDegrees>-8.04622133</LatitudeDegrees><LongitudeDegrees>-34.93149839</LongitudeDegrees></Position><HeartRateBpm><Value>124</Value></HeartRateBpm><Cadence>32</Cadence><Extensions><ns3:TPX><ns3:Speed>1.6100000143051147</ns3:Speed><ns3:Pace>0.61</ns3:Pace></ns3:TPX></Extensions></Trackpoint><Trackpoint><Time>2026-01-27T21:57:36Z</Time><Position><LatitudeDegrees>-8.04623332</LatitudeDegrees><LongitudeDegrees>-34.93150939</LongitudeDegrees></Position><HeartRateBpm><Value>127</Value></HeartRateBpm><Cadence>32</Cadence><Extensions><ns3:TPX><ns3:Speed>1.6100000143051147</ns3:Speed><ns3:Pace>0.61</ns3:Pace></ns3:TPX></Extensions></Trackpoint><Trackpoint><Time>2026-01-27T21:57:37Z</Time><Position><LatitudeDegrees>-8.04624466</LatitudeDegrees><LongitudeDegrees>-34.93152104</LongitudeDegrees></Position><HeartRateBpm><Value>129</Value></HeartRateBpm><Cadence>32</Cadence><Extensions><ns3:TPX><ns3:Speed>1.6100000143051147</ns3:Speed><ns3:Pace>0.61</ns3:Pace></ns3:TPX></Extensions></Trackpoint><Trackpoint><Time>2026-01-27T21:57:38Z</Time><Position><LatitudeDegrees>-8.04625431</LatitudeDegrees><LongitudeDegrees>-34.93153171</LongitudeDegrees></Position><HeartRateBpm><Value>144</Value></HeartRateBpm><Cadence>32</Cadence><Extensions><ns3:TPX><ns3:Speed>1.6100000143051147</ns3:Speed><ns3:Pace>0.61</ns3:Pace></ns3:TPX></Extensions></Trackpoint><Trackpoint><Time>2026-01-27T21:57:39Z</Time><Position><LatitudeDegrees>-8.0462643</LatitudeDegrees><LongitudeDegrees>-34.9315407</LongitudeDegrees></Position><HeartRateBpm><Value>148</Value></HeartRateBpm><Cadence>32</Cadence><Extensions><ns3:TPX><ns3:Speed>1.6100000143051147</ns3:Speed><ns3:Pace>0.61</ns3:Pace></ns3:TPX></Extensions></Trackpoint><Trackpoint><Time>2026-01-27T21:57:40Z</Time><Position><LatitudeDegrees>-8.04627463</LatitudeDegrees><LongitudeDegrees>-34.9315487</LongitudeDegrees></Position><HeartRateBpm><Value>148</Value></HeartRateBpm><Cadence>32</Cadence><Extensions><ns3:TPX><ns3:Speed>1.6100000143051147</ns3:Speed><ns3:Pace>0.61</ns3:Pace></ns3:TPX></Extensions></Trackpoint><Trackpoint><Time>2026-01-27T21:57:41Z</Time><Position><LatitudeDegrees>-8.04628463</LatitudeDegrees><LongitudeDegrees>-34.93155802</LongitudeDegrees></Position><HeartRateBpm><Value>151</Value></HeartRateBpm><Cadence>32</Cadence><Extensions><ns3:TPX><ns3:Speed>1.6100000143051147</ns3:Speed><ns3:Pace>0.61</ns3:Pace></ns3:TPX></Extensions></Trackpoint><Trackpoint><Time>2026-01-27T21:57:42Z</Time><Position><LatitudeDegrees>-8.04629428</LatitudeDegrees><LongitudeDegrees>-34.93156569</LongitudeDegrees></Position><HeartRateBpm><Value>152</Value></HeartRateBpm><Cadence>32</Cadence><Extensions><ns3:TPX><ns3:Speed>1.6100000143051147</ns3:Speed><ns3:Pace>0.61</ns3:Pace></ns3:TPX></Extensions></Trackpoint><Trackpoint><Time>2026-01-27T21:57:43Z</Time><Position><LatitudeDegrees>-8.04630461</LatitudeDegrees><LongitudeDegrees>-34.93157535</LongitudeDegrees></Position><HeartRateBpm><Value>147</Value></HeartRateBpm><Cadence>32</Cadence><Extensions><ns3:TPX><ns3:Speed>1.6100000143051147</ns3:Speed><ns3:Pace>0.61</ns3:Pace></ns3:TPX></Extensions></Trackpoint><Trackpoint><Time>2026-01-27T21:57:44Z</Time><Position><LatitudeDegrees>-8.04631494</LatitudeDegrees><LongitudeDegrees>-34.93158468</LongitudeDegrees></Position><HeartRateBpm><Value>135</Value></HeartRateBpm><Cadence>32</Cadence><Extensions><ns3:TPX><ns3:Speed>1.6100000143051147</ns3:Speed><ns3:Pace>0.61</ns3:Pace></ns3:TPX></Extensions></Trackpoint><Trackpoint><Time>2026-01-27T21:57:45Z</Time><Position><LatitudeDegrees>-8.04632527</LatitudeDegrees><LongitudeDegrees>-34.931594</LongitudeDegrees></Position><HeartRateBpm><Value>129</Value></HeartRateBpm><Cadence>33</Cadence><Extensions><ns3:TPX><ns3:Speed>1.6100000143051147</ns3:Speed><ns3:Pace>0.61</ns3:Pace></ns3:TPX></Extensions></Trackpoint><Trackpoint><Time>2026-01-27T21:57:46Z</Time><Position><LatitudeDegrees>-8.04633593</LatitudeDegrees><LongitudeDegrees>-34.93160266</LongitudeDegrees></Position><HeartRateBpm><Value>129</Value></HeartRateBpm><Cadence>33</Cadence><Extensions><ns3:TPX><ns3:Speed>1.6100000143051147</ns3:Speed><ns3:Pace>0.62</ns3:Pace></ns3:TPX></Extensions></Trackpoint><Trackpoint><Time>2026-01-27T21:57:47Z</Time><Position><LatitudeDegrees>-8.04634725</LatitudeDegrees><LongitudeDegrees>-34.93160933</LongitudeDegrees></Position><HeartRateBpm><Value>130</Value></HeartRateBpm><Cadence>33</Cadence><Extensions><ns3:TPX><ns3:Speed>1.6100000143051147</ns3:Speed><ns3:Pace>0.62</ns3:Pace></ns3:TPX></Extensions></Trackpoint><Trackpoint><Time>2026-01-27T21:57:48Z</Time><Position><LatitudeDegrees>-8.04636024</LatitudeDegrees><LongitudeDegrees>-34.93161565</LongitudeDegrees></Position><HeartRateBpm><Value>130</Value></HeartRateBpm><Cadence>33</Cadence><Extensions><ns3:TPX><ns3:Speed>1.6100000143051147</ns3:Speed><ns3:Pace>0.62</ns3:Pace></ns3:TPX></Extensions></Trackpoint><Trackpoint><Time>2026-01-27T21:57:49Z</Time><Position><LatitudeDegrees>-8.04637391</LatitudeDegrees><LongitudeDegrees>-34.93162164</LongitudeDegrees></Position><HeartRateBpm><Value>131</Value></HeartRateBpm><Cadence>33</Cadence><Extensions><ns3:TPX><ns3:Speed>1.600000023841858</ns3:Speed><ns3:Pace>0.62</ns3:Pace></ns3:TPX></Extensions></Trackpoint><Trackpoint><Time>2026-01-27T21:57:50Z</Time><Position><LatitudeDegrees>-8.04638823</LatitudeDegrees><LongitudeDegrees>-34.93162664</LongitudeDegrees></Position><HeartRateBpm><Value>131</Value></HeartRateBpm><Cadence>32</Cadence><Extensions><ns3:TPX><ns3:Speed>1.600000023841858</ns3:Speed><ns3:Pace>0.62</ns3:Pace></ns3:TPX></Extensions></Trackpoint><Trackpoint><Time>2026-01-27T21:57:51Z</Time><Position><LatitudeDegrees>-8.0464029</LatitudeDegrees><LongitudeDegrees>-34.93162996</LongitudeDegrees></Position><HeartRateBpm><Value>131</Value></HeartRateBpm><Cadence>32</Cadence><Extensions><ns3:TPX><ns3:Speed>1.600000023841858</ns3:Speed><ns3:Pace>0.62</ns3:Pace></ns3:TPX></Extensions></Trackpoint><Trackpoint><Time>2026-01-27T21:57:52Z</Time><Position><LatitudeDegrees>-8.04641656</LatitudeDegrees><LongitudeDegrees>-34.93163496</LongitudeDegrees></Position><HeartRateBpm><Value>131</Value></HeartRateBpm><Cadence>32</Cadence><Extensions><ns3:TPX><ns3:Speed>1.600000023841858</ns3:Speed><ns3:Pace>0.62</ns3:Pace></ns3:TPX></Extensions></Trackpoint><Trackpoint><Time>2026-01-27T21:57:53Z</Time><Position><LatitudeDegrees>-8.04642789</LatitudeDegrees><LongitudeDegrees>-34.93164095</LongitudeDegrees></Position><HeartRateBpm><Value>131</Value></HeartRateBpm><Cadence>32</Cadence><Extensions><ns3:TPX><ns3:Speed>1.600000023841858</ns3:Speed><ns3:Pace>0.62</ns3:Pace></ns3:TPX></Extensions></Trackpoint><Trackpoint><Time>2026-01-27T21:57:54Z</Time><Position><LatitudeDegrees>-8.04643755</LatitudeDegrees><LongitudeDegrees>-34.93164895</LongitudeDegrees></Position><HeartRateBpm><Value>132</Value></HeartRateBpm><Cadence>32</Cadence><Extensions><ns3:TPX><ns3:Speed>1.600000023841858</ns3:Speed><ns3:Pace>0.62</ns3:Pace></ns3:TPX></Extensions></Trackpoint><Trackpoint><Time>2026-01-27T21:57:55Z</Time><Position><LatitudeDegrees>-8.04644688</LatitudeDegrees><LongitudeDegrees>-34.93165628</LongitudeDegrees></Position><HeartRateBpm><Value>133</Value></HeartRateBpm><Cadence>32</Cadence><Extensions><ns3:TPX><ns3:Speed>1.600000023841858</ns3:Speed><ns3:Pace>0.62</ns3:Pace></ns3:TPX></Extensions></Trackpoint><Trackpoint><Time>2026-01-27T21:57:56Z</Time><Position><LatitudeDegrees>-8.04645554</LatitudeDegrees><LongitudeDegrees>-34.93166428</LongitudeDegrees></Position><HeartRateBpm><Value>133</Value></HeartRateBpm><Cadence>32</Cadence><Extensions><ns3:TPX><ns3:Speed>1.600000023841858</ns3:Speed><ns3:Pace>0.62</ns3:Pace></ns3:TPX></Extensions></Trackpoint><Trackpoint><Time>2026-01-27T21:57:57Z</Time><Position><LatitudeDegrees>-8.04646419</LatitudeDegrees><LongitudeDegrees>-34.93167228</LongitudeDegrees></Position><HeartRateBpm><Value>134</Value></HeartRateBpm><Cadence>32</Cadence><Extensions><ns3:TPX><ns3:Speed>1.600000023841858</ns3:Speed><ns3:Pace>0.62</ns3:Pace></ns3:TPX></Extensions></Trackpoint><Trackpoint><Time>2026-01-27T21:57:58Z</Time><Position><LatitudeDegrees>-8.04647419</LatitudeDegrees><LongitudeDegrees>-34.93168028</LongitudeDegrees></Position><HeartRateBpm><Value>134</Value></HeartRateBpm><Cadence>32</Cadence><Extensions><ns3:TPX><ns3:Speed>1.600000023841858</ns3:Speed><ns3:Pace>0.62</ns3:Pace></ns3:TPX></Extensions></Trackpoint><Trackpoint><Time>2026-01-27T21:57:59Z</Time><Position><LatitudeDegrees>-8.04648352</LatitudeDegrees><LongitudeDegrees>-34.9316896</LongitudeDegrees></Position><HeartRateBpm><Value>135</Value></HeartRateBpm><Cadence>32</Cadence><Extensions><ns3:TPX><ns3:Speed>1.600000023841858</ns3:Speed><ns3:Pace>0.62</ns3:Pace></ns3:TPX></Extensions></Trackpoint><Trackpoint><Time>2026-01-27T21:58:00Z</Time><Position><LatitudeDegrees>-8.04649318</LatitudeDegrees><LongitudeDegrees>-34.93169892</LongitudeDegrees></Position><HeartRateBpm><Value>135</Value></HeartRateBpm><Cadence>32</Cadence><Extensions><ns3:TPX><ns3:Speed>1.590000033378601</ns3:Speed><ns3:Pace>0.62</ns3:Pace></ns3:TPX></Extensions></Trackpoint><Trackpoint><Time>2026-01-27T21:58:01Z</Time><Position><LatitudeDegrees>-8.04650217</LatitudeDegrees><LongitudeDegrees>-34.93170926</LongitudeDegrees></Position><HeartRateBpm><Value>135</Value></HeartRateBpm><Cadence>32</Cadence><Extensions><ns3:TPX><ns3:Speed>1.590000033378601</ns3:Speed><ns3:Pace>0.63</ns3:Pace></ns3:TPX></Extensions></Trackpoint><Trackpoint><Time>2026-01-27T21:58:02Z</Time><Position><LatitudeDegrees>-8.04651051</LatitudeDegrees><LongitudeDegrees>-34.93171926</LongitudeDegrees></Position><HeartRateBpm><Value>136</Value></HeartRateBpm><Cadence>32</Cadence><Extensions><ns3:TPX><ns3:Speed>1.5800000429153442</ns3:Speed><ns3:Pace>0.63</ns3:Pace></ns3:TPX></Extensions></Trackpoint><Trackpoint><Time>2026-01-27T21:58:03Z</Time><Position><LatitudeDegrees>-8.0465185</LatitudeDegrees><LongitudeDegrees>-34.93172925</LongitudeDegrees></Position><HeartRateBpm><Value>136</Value></HeartRateBpm><Cadence>32</Cadence><Extensions><ns3:TPX><ns3:Speed>1.5700000524520874</ns3:Speed><ns3:Pace>0.63</ns3:Pace></ns3:TPX></Extensions></Trackpoint><Trackpoint><Time>2026-01-27T21:58:04Z</Time><Position><LatitudeDegrees>-8.04652615</LatitudeDegrees><LongitudeDegrees>-34.93173824</LongitudeDegrees></Position><HeartRateBpm><Value>136</Value></HeartRateBpm><Cadence>32</Cadence><Extensions><ns3:TPX><ns3:Speed>1.5700000524520874</ns3:Speed><ns3:Pace>0.63</ns3:Pace></ns3:TPX></Extensions></Trackpoint><Trackpoint><Time>2026-01-27T21:58:05Z</Time><Position><LatitudeDegrees>-8.04653382</LatitudeDegrees><LongitudeDegrees>-34.93174724</LongitudeDegrees></Position><HeartRateBpm><Value>135</Value></HeartRateBpm><Cadence>32</Cadence><Extensions><ns3:TPX><ns3:Speed>1.5700000524520874</ns3:Speed><ns3:Pace>0.63</ns3:Pace></ns3:TPX></Extensions></Trackpoint><Trackpoint><Time>2026-01-27T21:58:06Z</Time><Position><LatitudeDegrees>-8.04654115</LatitudeDegrees><LongitudeDegrees>-34.93175623</LongitudeDegrees></Position><HeartRateBpm><Value>135</Value></HeartRateBpm><Cadence>32</Cadence><Extensions><ns3:TPX><ns3:Speed>1.559999942779541</ns3:Speed><ns3:Pace>0.64</ns3:Pace></ns3:TPX></Extensions></Trackpoint><Trackpoint><Time>2026-01-27T21:58:07Z</Time><Position><LatitudeDegrees>-8.04654881</LatitudeDegrees><LongitudeDegrees>-34.93176622</LongitudeDegrees></Position><HeartRateBpm><Value>135</Value></HeartRateBpm><Cadence>31</Cadence><Extensions><ns3:TPX><ns3:Speed>1.5499999523162842</ns3:Speed><ns3:Pace>0.64</ns3:Pace></ns3:TPX></Extensions></Trackpoint><Trackpoint><Time>2026-01-27T21:58:08Z</Time><Position><LatitudeDegrees>-8.04655648</LatitudeDegrees><LongitudeDegrees>-34.93177688</LongitudeDegrees></Position><HeartRateBpm><Value>135</Value></HeartRateBpm><Cadence>31</Cadence><Extensions><ns3:TPX><ns3:Speed>1.5499999523162842</ns3:Speed><ns3:Pace>0.64</ns3:Pace></ns3:TPX></Extensions></Trackpoint><Trackpoint><Time>2026-01-27T21:58:09Z</Time><Position><LatitudeDegrees>-8.04656448</LatitudeDegrees><LongitudeDegrees>-34.93178722</LongitudeDegrees></Position><HeartRateBpm><Value>135</Value></HeartRateBpm><Cadence>31</Cadence><Extensions><ns3:TPX><ns3:Speed>1.5399999618530273</ns3:Speed><ns3:Pace>0.64</ns3:Pace></ns3:TPX></Extensions></Trackpoint><Trackpoint><Time>2026-01-27T21:58:10Z</Time><Position><LatitudeDegrees>-8.04657281</LatitudeDegrees><LongitudeDegrees>-34.93179788</LongitudeDegrees></Position><HeartRateBpm><Value>135</Value></HeartRateBpm><Cadence>31</Cadence><Extensions><ns3:TPX><ns3:Speed>1.5399999618530273</ns3:Speed><ns3:Pace>0.65</ns3:Pace></ns3:TPX></Extensions></Trackpoint><Trackpoint><Time>2026-01-27T21:58:11Z</Time><Position><LatitudeDegrees>-8.04658047</LatitudeDegrees><LongitudeDegrees>-34.93180854</LongitudeDegrees></Position><HeartRateBpm><Value>135</Value></HeartRateBpm><Cadence>31</Cadence><Extensions><ns3:TPX><ns3:Speed>1.5299999713897705</ns3:Speed><ns3:Pace>0.65</ns3:Pace></ns3:TPX></Extensions></Trackpoint><Trackpoint><Time>2026-01-27T21:58:12Z</Time><Position><LatitudeDegrees>-8.04658747</LatitudeDegrees><LongitudeDegrees>-34.93181821</LongitudeDegrees></Position><HeartRateBpm><Value>135</Value></HeartRateBpm><Cadence>31</Cadence><Extensions><ns3:TPX><ns3:Speed>1.5299999713897705</ns3:Speed><ns3:Pace>0.65</ns3:Pace></ns3:TPX></Extensions></Trackpoint><Trackpoint><Time>2026-01-27T21:58:13Z</Time><Position><LatitudeDegrees>-8.0465948</LatitudeDegrees><LongitudeDegrees>-34.93182854</LongitudeDegrees></Position><HeartRateBpm><Value>135</Value></HeartRateBpm><Cadence>31</Cadence><Extensions><ns3:TPX><ns3:Speed>1.5199999809265137</ns3:Speed><ns3:Pace>0.65</ns3:Pace></ns3:TPX></Extensions></Trackpoint><Trackpoint><Time>2026-01-27T21:58:14Z</Time><Position><LatitudeDegrees>-8.04660112</LatitudeDegrees><LongitudeDegrees>-34.93183953</LongitudeDegrees></Position><HeartRateBpm><Value>133</Value></HeartRateBpm><Cadence>31</Cadence><Extensions><ns3:TPX><ns3:Speed>1.5199999809265137</ns3:Speed><ns3:Pace>0.65</ns3:Pace></ns3:TPX></Extensions></Trackpoint><Trackpoint><Time>2026-01-27T21:58:15Z</Time><Position><LatitudeDegrees>-8.04660611</LatitudeDegrees><LongitudeDegrees>-34.9318502</LongitudeDegrees></Position><HeartRateBpm><Value>131</Value></HeartRateBpm><Cadence>31</Cadence><Extensions><ns3:TPX><ns3:Speed>1.5099999904632568</ns3:Speed><ns3:Pace>0.65</ns3:Pace></ns3:TPX></Extensions></Trackpoint><Trackpoint><Time>2026-01-27T21:58:16Z</Time><Position><LatitudeDegrees>-8.04661078</LatitudeDegrees><LongitudeDegrees>-34.93186086</LongitudeDegrees></Position><HeartRateBpm><Value>131</Value></HeartRateBpm><Cadence>31</Cadence><Extensions><ns3:TPX><ns3:Speed>1.5099999904632568</ns3:Speed><ns3:Pace>0.66</ns3:Pace></ns3:TPX></Extensions></Trackpoint><Trackpoint><Time>2026-01-27T21:58:17Z</Time><Position><LatitudeDegrees>-8.04661645</LatitudeDegrees><LongitudeDegrees>-34.9318722</LongitudeDegrees></Position><HeartRateBpm><Value>131</Value></HeartRateBpm><Cadence>31</Cadence><Extensions><ns3:TPX><ns3:Speed>1.5099999904632568</ns3:Speed><ns3:Pace>0.66</ns3:Pace></ns3:TPX></Extensions></Trackpoint><Trackpoint><Time>2026-01-27T21:58:18Z</Time><Position><LatitudeDegrees>-8.04662277</LatitudeDegrees><LongitudeDegrees>-34.9318852</LongitudeDegrees></Position><HeartRateBpm><Value>131</Value></HeartRateBpm><Cadence>32</Cadence><Extensions><ns3:TPX><ns3:Speed>1.5099999904632568</ns3:Speed><ns3:Pace>0.66</ns3:Pace></ns3:TPX></Extensions></Trackpoint><Trackpoint><Time>2026-01-27T21:58:19Z</Time><Position><LatitudeDegrees>-8.04662977</LatitudeDegrees><LongitudeDegrees>-34.93189752</LongitudeDegrees></Position><HeartRateBpm><Value>130</Value></HeartRateBpm><Cadence>32</Cadence><Extensions><ns3:TPX><ns3:Speed>1.5</ns3:Speed><ns3:Pace>0.66</ns3:Pace></ns3:TPX></Extensions></Trackpoint><Trackpoint><Time>2026-01-27T21:58:20Z</Time><Position><LatitudeDegrees>-8.04663509</LatitudeDegrees><LongitudeDegrees>-34.93190884</LongitudeDegrees></Position><HeartRateBpm><Value>130</Value></HeartRateBpm><Cadence>32</Cadence><Extensions><ns3:TPX><ns3:Speed>1.5</ns3:Speed><ns3:Pace>0.66</ns3:Pace></ns3:TPX></Extensions></Trackpoint><Trackpoint><Time>2026-01-27T21:58:21Z</Time><Position><LatitudeDegrees>-8.04663909</LatitudeDegrees><LongitudeDegrees>-34.9319205</LongitudeDegrees></Position><HeartRateBpm><Value>132</Value></HeartRateBpm><Cadence>32</Cadence><Extensions><ns3:TPX><ns3:Speed>1.5</ns3:Speed><ns3:Pace>0.66</ns3:Pace></ns3:TPX></Extensions></Trackpoint><Trackpoint><Time>2026-01-27T21:58:22Z</Time><Position><LatitudeDegrees>-8.04664343</LatitudeDegrees><LongitudeDegrees>-34.93193182</LongitudeDegrees></Position><HeartRateBpm><Value>132</Value></HeartRateBpm><Cadence>32</Cadence><Extensions><ns3:TPX><ns3:Speed>1.5</ns3:Speed><ns3:Pace>0.66</ns3:Pace></ns3:TPX></Extensions></Trackpoint><Trackpoint><Time>2026-01-27T21:58:23Z</Time><Position><LatitudeDegrees>-8.04664942</LatitudeDegrees><LongitudeDegrees>-34.93194449</LongitudeDegrees></Position><HeartRateBpm><Value>133</Value></HeartRateBpm><Cadence>32</Cadence><Extensions><ns3:TPX><ns3:Speed>1.4900000095367432</ns3:Speed><ns3:Pace>0.66</ns3:Pace></ns3:TPX></Extensions></Trackpoint><Trackpoint><Time>2026-01-27T21:58:24Z</Time><Position><LatitudeDegrees>-8.04665642</LatitudeDegrees><LongitudeDegrees>-34.93195615</LongitudeDegrees></Position><HeartRateBpm><Value>132</Value></HeartRateBpm><Cadence>32</Cadence><Extensions><ns3:TPX><ns3:Speed>1.4900000095367432</ns3:Speed><ns3:Pace>0.67</ns3:Pace></ns3:TPX></Extensions></Trackpoint><Trackpoint><Time>2026-01-27T21:58:25Z</Time><Position><LatitudeDegrees>-8.04666508</LatitudeDegrees><LongitudeDegrees>-34.93196715</LongitudeDegrees></Position><HeartRateBpm><Value>132</Value></HeartRateBpm><Cadence>32</Cadence><Extensions><ns3:TPX><ns3:Speed>1.4900000095367432</ns3:Speed><ns3:Pace>0.67</ns3:Pace></ns3:TPX></Extensions></Trackpoint><Trackpoint><Time>2026-01-27T21:58:26Z</Time><Position><LatitudeDegrees>-8.04667342</LatitudeDegrees><LongitudeDegrees>-34.93197747</LongitudeDegrees></Position><HeartRateBpm><Value>132</Value></HeartRateBpm><Cadence>32</Cadence><Extensions><ns3:TPX><ns3:Speed>1.4800000190734863</ns3:Speed><ns3:Pace>0.67</ns3:Pace></ns3:TPX></Extensions></Trackpoint><Trackpoint><Time>2026-01-27T21:58:27Z</Time><Position><LatitudeDegrees>-8.04668307</LatitudeDegrees><LongitudeDegrees>-34.93198647</LongitudeDegrees></Position><HeartRateBpm><Value>132</Value></HeartRateBpm><Cadence>32</Cadence><Extensions><ns3:TPX><ns3:Speed>1.4800000190734863</ns3:Speed><ns3:Pace>0.67</ns3:Pace></ns3:TPX></Extensions></Trackpoint><Trackpoint><Time>2026-01-27T21:58:28Z</Time><Position><LatitudeDegrees>-8.0466934</LatitudeDegrees><LongitudeDegrees>-34.93199413</LongitudeDegrees></Position><HeartRateBpm><Value>132</Value></HeartRateBpm><Cadence>32</Cadence><Extensions><ns3:TPX><ns3:Speed>1.4800000190734863</ns3:Speed><ns3:Pace>0.67</ns3:Pace></ns3:TPX></Extensions></Trackpoint><Trackpoint><Time>2026-01-27T21:58:29Z</Time><Position><LatitudeDegrees>-8.04670339</LatitudeDegrees><LongitudeDegrees>-34.93199978</LongitudeDegrees></Position><HeartRateBpm><Value>132</Value></HeartRateBpm><Cadence>32</Cadence><Extensions><ns3:TPX><ns3:Speed>1.4800000190734863</ns3:Speed><ns3:Pace>0.67</ns3:Pace></ns3:TPX></Extensions></Trackpoint><Trackpoint><Time>2026-01-27T21:58:30Z</Time><Position><LatitudeDegrees>-8.04671304</LatitudeDegrees><LongitudeDegrees>-34.93200478</LongitudeDegrees></Position><HeartRateBpm><Value>132</Value></HeartRateBpm><Cadence>32</Cadence><Extensions><ns3:TPX><ns3:Speed>1.4700000286102295</ns3:Speed><ns3:Pace>0.67</ns3:Pace></ns3:TPX></Extensions></Trackpoint><Trackpoint><Time>2026-01-27T21:58:31Z</Time><Position><LatitudeDegrees>-8.04672104</LatitudeDegrees><LongitudeDegrees>-34.93200912</LongitudeDegrees></Position><HeartRateBpm><Value>133</Value></HeartRateBpm><Cadence>32</Cadence><Extensions><ns3:TPX><ns3:Speed>1.4700000286102295</ns3:Speed><ns3:Pace>0.67</ns3:Pace></ns3:TPX></Extensions></Trackpoint><Trackpoint><Time>2026-01-27T21:58:32Z</Time><Position><LatitudeDegrees>-8.0467287</LatitudeDegrees><LongitudeDegrees>-34.93201377</LongitudeDegrees></Position><HeartRateBpm><Value>134</Value></HeartRateBpm><Cadence>32</Cadence><Extensions><ns3:TPX><ns3:Speed>1.4700000286102295</ns3:Speed><ns3:Pace>0.68</ns3:Pace></ns3:TPX></Extensions></Trackpoint><Trackpoint><Time>2026-01-27T21:58:33Z</Time><Position><LatitudeDegrees>-8.04673537</LatitudeDegrees><LongitudeDegrees>-34.93202011</LongitudeDegrees></Position><HeartRateBpm><Value>134</Value></HeartRateBpm><Cadence>32</Cadence><Extensions><ns3:TPX><ns3:Speed>1.4600000381469727</ns3:Speed><ns3:Pace>0.68</ns3:Pace></ns3:TPX></Extensions></Trackpoint><Trackpoint><Time>2026-01-27T21:58:34Z</Time><Position><LatitudeDegrees>-8.04674302</LatitudeDegrees><LongitudeDegrees>-34.93202776</LongitudeDegrees></Position><HeartRateBpm><Value>133</Value></HeartRateBpm><Cadence>32</Cadence><Extensions><ns3:TPX><ns3:Speed>1.4500000476837158</ns3:Speed><ns3:Pace>0.68</ns3:Pace></ns3:TPX></Extensions></Trackpoint><Trackpoint><Time>2026-01-27T21:58:35Z</Time><Position><LatitudeDegrees>-8.04675168</LatitudeDegrees><LongitudeDegrees>-34.93203776</LongitudeDegrees></Position><HeartRateBpm><Value>133</Value></HeartRateBpm><Cadence>32</Cadence><Extensions><ns3:TPX><ns3:Speed>1.4500000476837158</ns3:Speed><ns3:Pace>0.68</ns3:Pace></ns3:TPX></Extensions></Trackpoint><Trackpoint><Time>2026-01-27T21:58:36Z</Time><Position><LatitudeDegrees>-8.04676135</LatitudeDegrees><LongitudeDegrees>-34.93205309</LongitudeDegrees></Position><HeartRateBpm><Value>133</Value></HeartRateBpm><Cadence>32</Cadence><Extensions><ns3:TPX><ns3:Speed>1.4500000476837158</ns3:Speed><ns3:Pace>0.69</ns3:Pace></ns3:TPX></Extensions></Trackpoint><Trackpoint><Time>2026-01-27T21:58:37Z</Time><Position><LatitudeDegrees>-8.04676867</LatitudeDegrees><LongitudeDegrees>-34.93207008</LongitudeDegrees></Position><HeartRateBpm><Value>133</Value></HeartRateBpm><Cadence>32</Cadence><Extensions><ns3:TPX><ns3:Speed>1.440000057220459</ns3:Speed><ns3:Pace>0.69</ns3:Pace></ns3:TPX></Extensions></Trackpoint><Trackpoint><Time>2026-01-27T21:58:38Z</Time><Position><LatitudeDegrees>-8.046776</LatitudeDegrees><LongitudeDegrees>-34.93208741</LongitudeDegrees></Position><HeartRateBpm><Value>133</Value></HeartRateBpm><Cadence>32</Cadence><Extensions><ns3:TPX><ns3:Speed>1.4299999475479126</ns3:Speed><ns3:Pace>0.69</ns3:Pace></ns3:TPX></Extensions></Trackpoint><Trackpoint><Time>2026-01-27T21:58:39Z</Time><Position><LatitudeDegrees>-8.046783</LatitudeDegrees><LongitudeDegrees>-34.93210473</LongitudeDegrees></Position><HeartRateBpm><Value>137</Value></HeartRateBpm><Cadence>32</Cadence><Extensions><ns3:TPX><ns3:Speed>1.4299999475479126</ns3:Speed><ns3:Pace>0.69</ns3:Pace></ns3:TPX></Extensions></Trackpoint><Trackpoint><Time>2026-01-27T21:58:40Z</Time><Position><LatitudeDegrees>-8.04679099</LatitudeDegrees><LongitudeDegrees>-34.93212072</LongitudeDegrees></Position><HeartRateBpm><Value>139</Value></HeartRateBpm><Cadence>32</Cadence><Extensions><ns3:TPX><ns3:Speed>1.4299999475479126</ns3:Speed><ns3:Pace>0.69</ns3:Pace></ns3:TPX></Extensions></Trackpoint><Trackpoint><Time>2026-01-27T21:58:41Z</Time><Position><LatitudeDegrees>-8.04679965</LatitudeDegrees><LongitudeDegrees>-34.93213505</LongitudeDegrees></Position><HeartRateBpm><Value>139</Value></HeartRateBpm><Cadence>32</Cadence><Extensions><ns3:TPX><ns3:Speed>1.4299999475479126</ns3:Speed><ns3:Pace>0.69</ns3:Pace></ns3:TPX></Extensions></Trackpoint><Trackpoint><Time>2026-01-27T21:58:42Z</Time><Position><LatitudeDegrees>-8.04680932</LatitudeDegrees><LongitudeDegrees>-34.93214805</LongitudeDegrees></Position><HeartRateBpm><Value>140</Value></HeartRateBpm><Cadence>32</Cadence><Extensions><ns3:TPX><ns3:Speed>1.4299999475479126</ns3:Speed><ns3:Pace>0.69</ns3:Pace></ns3:TPX></Extensions></Trackpoint><Trackpoint><Time>2026-01-27T21:58:43Z</Time><Position><LatitudeDegrees>-8.04681897</LatitudeDegrees><LongitudeDegrees>-34.93216004</LongitudeDegrees></Position><HeartRateBpm><Value>141</Value></HeartRateBpm><Cadence>32</Cadence><Extensions><ns3:TPX><ns3:Speed>1.4299999475479126</ns3:Speed><ns3:Pace>0.69</ns3:Pace></ns3:TPX></Extensions></Trackpoint><Trackpoint><Time>2026-01-27T21:58:44Z</Time><Position><LatitudeDegrees>-8.04682896</LatitudeDegrees><LongitudeDegrees>-34.9321727</LongitudeDegrees></Position><HeartRateBpm><Value>142</Value></HeartRateBpm><Cadence>31</Cadence><Extensions><ns3:TPX><ns3:Speed>1.440000057220459</ns3:Speed><ns3:Pace>0.69</ns3:Pace></ns3:TPX></Extensions></Trackpoint><Trackpoint><Time>2026-01-27T21:58:45Z</Time><Position><LatitudeDegrees>-8.04683762</LatitudeDegrees><LongitudeDegrees>-34.93218536</LongitudeDegrees></Position><HeartRateBpm><Value>140</Value></HeartRateBpm><Cadence>31</Cadence><Extensions><ns3:TPX><ns3:Speed>1.440000057220459</ns3:Speed><ns3:Pace>0.69</ns3:Pace></ns3:TPX></Extensions></Trackpoint><Trackpoint><Time>2026-01-27T21:58:46Z</Time><Position><LatitudeDegrees>-8.04684595</LatitudeDegrees><LongitudeDegrees>-34.93219736</LongitudeDegrees></Position><HeartRateBpm><Value>140</Value></HeartRateBpm><Cadence>31</Cadence><Extensions><ns3:TPX><ns3:Speed>1.440000057220459</ns3:Speed><ns3:Pace>0.69</ns3:Pace></ns3:TPX></Extensions></Trackpoint><Trackpoint><Time>2026-01-27T21:58:47Z</Time><Position><LatitudeDegrees>-8.04685762</LatitudeDegrees><LongitudeDegrees>-34.93222434</LongitudeDegrees></Position><HeartRateBpm><Value>140</Value></HeartRateBpm><Cadence>32</Cadence><Extensions><ns3:TPX><ns3:Speed>1.4500000476837158</ns3:Speed><ns3:Pace>0.68</ns3:Pace></ns3:TPX></Extensions></Trackpoint><Trackpoint><Time>2026-01-27T21:58:48Z</Time><Position><LatitudeDegrees>-8.04686128</LatitudeDegrees><LongitudeDegrees>-34.93223866</LongitudeDegrees></Position><HeartRateBpm><Value>141</Value></HeartRateBpm><Cadence>32</Cadence><Extensions><ns3:TPX><ns3:Speed>1.4500000476837158</ns3:Speed><ns3:Pace>0.68</ns3:Pace></ns3:TPX></Extensions></Trackpoint><Trackpoint><Time>2026-01-27T21:58:49Z</Time><Position><LatitudeDegrees>-8.04686328</LatitudeDegrees><LongitudeDegrees>-34.932252</LongitudeDegrees></Position><HeartRateBpm><Value>140</Value></HeartRateBpm><Cadence>32</Cadence><Extensions><ns3:TPX><ns3:Speed>1.4500000476837158</ns3:Speed><ns3:Pace>0.68</ns3:Pace></ns3:TPX></Extensions></Trackpoint><Trackpoint><Time>2026-01-27T21:58:50Z</Time><Position><LatitudeDegrees>-8.04686727</LatitudeDegrees><LongitudeDegrees>-34.932265</LongitudeDegrees></Position><HeartRateBpm><Value>140</Value></HeartRateBpm><Cadence>32</Cadence><Extensions><ns3:TPX><ns3:Speed>1.4500000476837158</ns3:Speed><ns3:Pace>0.68</ns3:Pace></ns3:TPX></Extensions></Trackpoint><Trackpoint><Time>2026-01-27T21:58:51Z</Time><Position><LatitudeDegrees>-8.04687226</LatitudeDegrees><LongitudeDegrees>-34.93227866</LongitudeDegrees></Position><HeartRateBpm><Value>139</Value></HeartRateBpm><Cadence>32</Cadence><Extensions><ns3:TPX><ns3:Speed>1.4500000476837158</ns3:Speed><ns3:Pace>0.68</ns3:Pace></ns3:TPX></Extensions></Trackpoint><Trackpoint><Time>2026-01-27T21:58:52Z</Time><Position><LatitudeDegrees>-8.04687626</LatitudeDegrees><LongitudeDegrees>-34.93229365</LongitudeDegrees></Position><HeartRateBpm><Value>139</Value></HeartRateBpm><Cadence>32</Cadence><Extensions><ns3:TPX><ns3:Speed>1.4500000476837158</ns3:Speed><ns3:Pace>0.68</ns3:Pace></ns3:TPX></Extensions></Trackpoint><Trackpoint><Time>2026-01-27T21:58:53Z</Time><Position><LatitudeDegrees>-8.04687992</LatitudeDegrees><LongitudeDegrees>-34.93230898</LongitudeDegrees></Position><HeartRateBpm><Value>139</Value></HeartRateBpm><Cadence>31</Cadence><Extensions><ns3:TPX><ns3:Speed>1.4500000476837158</ns3:Speed><ns3:Pace>0.69</ns3:Pace></ns3:TPX></Extensions></Trackpoint><Trackpoint><Time>2026-01-27T21:58:54Z</Time><Position><LatitudeDegrees>-8.04688225</LatitudeDegrees><LongitudeDegrees>-34.93232464</LongitudeDegrees></Position><HeartRateBpm><Value>140</Value></HeartRateBpm><Cadence>31</Cadence><Extensions><ns3:TPX><ns3:Speed>1.440000057220459</ns3:Speed><ns3:Pace>0.69</ns3:Pace></ns3:TPX></Extensions></Trackpoint><Trackpoint><Time>2026-01-27T21:58:55Z</Time><Position><LatitudeDegrees>-8.0468829</LatitudeDegrees><LongitudeDegrees>-34.93233997</LongitudeDegrees></Position><HeartRateBpm><Value>140</Value></HeartRateBpm><Cadence>31</Cadence><Extensions><ns3:TPX><ns3:Speed>1.440000057220459</ns3:Speed><ns3:Pace>0.69</ns3:Pace></ns3:TPX></Extensions></Trackpoint><Trackpoint><Time>2026-01-27T21:58:56Z</Time><Position><LatitudeDegrees>-8.04688389</LatitudeDegrees><LongitudeDegrees>-34.9323553</LongitudeDegrees></Position><HeartRateBpm><Value>139</Value></HeartRateBpm><Cadence>31</Cadence><Extensions><ns3:TPX><ns3:Speed>1.440000057220459</ns3:Speed><ns3:Pace>0.69</ns3:Pace></ns3:TPX></Extensions></Trackpoint><Trackpoint><Time>2026-01-27T21:58:57Z</Time><Position><LatitudeDegrees>-8.04688456</LatitudeDegrees><LongitudeDegrees>-34.93236962</LongitudeDegrees></Position><HeartRateBpm><Value>140</Value></HeartRateBpm><Cadence>31</Cadence><Extensions><ns3:TPX><ns3:Speed>1.440000057220459</ns3:Speed><ns3:Pace>0.69</ns3:Pace></ns3:TPX></Extensions></Trackpoint><Trackpoint><Time>2026-01-27T21:58:58Z</Time><Position><LatitudeDegrees>-8.04688423</LatitudeDegrees><LongitudeDegrees>-34.93238329</LongitudeDegrees></Position><HeartRateBpm><Value>140</Value></HeartRateBpm><Cadence>31</Cadence><Extensions><ns3:TPX><ns3:Speed>1.440000057220459</ns3:Speed><ns3:Pace>0.69</ns3:Pace></ns3:TPX></Extensions></Trackpoint><Trackpoint><Time>2026-01-27T21:58:59Z</Time><Position><LatitudeDegrees>-8.04688589</LatitudeDegrees><LongitudeDegrees>-34.93239696</LongitudeDegrees></Position><HeartRateBpm><Value>142</Value></HeartRateBpm><Cadence>31</Cadence><Extensions><ns3:TPX><ns3:Speed>1.440000057220459</ns3:Speed><ns3:Pace>0.68</ns3:Pace></ns3:TPX></Extensions></Trackpoint><Trackpoint><Time>2026-01-27T21:59:00Z</Time><Position><LatitudeDegrees>-8.04688856</LatitudeDegrees><LongitudeDegrees>-34.93241161</LongitudeDegrees></Position><HeartRateBpm><Value>143</Value></HeartRateBpm><Cadence>31</Cadence><Extensions><ns3:TPX><ns3:Speed>1.4500000476837158</ns3:Speed><ns3:Pace>0.68</ns3:Pace></ns3:TPX></Extensions></Trackpoint><Trackpoint><Time>2026-01-27T21:59:01Z</Time><Position><LatitudeDegrees>-8.04689088</LatitudeDegrees><LongitudeDegrees>-34.93242795</LongitudeDegrees></Position><HeartRateBpm><Value>144</Value></HeartRateBpm><Cadence>31</Cadence><Extensions><ns3:TPX><ns3:Speed>1.4500000476837158</ns3:Speed><ns3:Pace>0.68</ns3:Pace></ns3:TPX></Extensions></Trackpoint><Trackpoint><Time>2026-01-27T21:59:02Z</Time><Position><LatitudeDegrees>-8.04689422</LatitudeDegrees><LongitudeDegrees>-34.93244327</LongitudeDegrees></Position><HeartRateBpm><Value>143</Value></HeartRateBpm><Cadence>31</Cadence><Extensions><ns3:TPX><ns3:Speed>1.4500000476837158</ns3:Speed><ns3:Pace>0.68</ns3:Pace></ns3:TPX></Extensions></Trackpoint><Trackpoint><Time>2026-01-27T21:59:03Z</Time><Position><LatitudeDegrees>-8.04689687</LatitudeDegrees><LongitudeDegrees>-34.9324586</LongitudeDegrees></Position><HeartRateBpm><Value>143</Value></HeartRateBpm><Cadence>31</Cadence><Extensions><ns3:TPX><ns3:Speed>1.4500000476837158</ns3:Speed><ns3:Pace>0.68</ns3:Pace></ns3:TPX></Extensions></Trackpoint><Trackpoint><Time>2026-01-27T21:59:04Z</Time><Position><LatitudeDegrees>-8.04689986</LatitudeDegrees><LongitudeDegrees>-34.93247326</LongitudeDegrees></Position><HeartRateBpm><Value>143</Value></HeartRateBpm><Cadence>31</Cadence><Extensions><ns3:TPX><ns3:Speed>1.4500000476837158</ns3:Speed><ns3:Pace>0.68</ns3:Pace></ns3:TPX></Extensions></Trackpoint><Trackpoint><Time>2026-01-27T21:59:05Z</Time><Position><LatitudeDegrees>-8.04690319</LatitudeDegrees><LongitudeDegrees>-34.93248792</LongitudeDegrees></Position><HeartRateBpm><Value>144</Value></HeartRateBpm><Cadence>31</Cadence><Extensions><ns3:TPX><ns3:Speed>1.4500000476837158</ns3:Speed><ns3:Pace>0.68</ns3:Pace></ns3:TPX></Extensions></Trackpoint><Trackpoint><Time>2026-01-27T21:59:06Z</Time><Position><LatitudeDegrees>-8.04690785</LatitudeDegrees><LongitudeDegrees>-34.93250257</LongitudeDegrees></Position><HeartRateBpm><Value>144</Value></HeartRateBpm><Cadence>32</Cadence><Extensions><ns3:TPX><ns3:Speed>1.4500000476837158</ns3:Speed><ns3:Pace>0.68</ns3:Pace></ns3:TPX></Extensions></Trackpoint><Trackpoint><Time>2026-01-27T21:59:07Z</Time><Position><LatitudeDegrees>-8.04691252</LatitudeDegrees><LongitudeDegrees>-34.93251824</LongitudeDegrees></Position><HeartRateBpm><Value>144</Value></HeartRateBpm><Cadence>32</Cadence><Extensions><ns3:TPX><ns3:Speed>1.4600000381469727</ns3:Speed><ns3:Pace>0.68</ns3:Pace></ns3:TPX></Extensions></Trackpoint><Trackpoint><Time>2026-01-27T21:59:08Z</Time><Position><LatitudeDegrees>-8.04691684</LatitudeDegrees><LongitudeDegrees>-34.9325339</LongitudeDegrees></Position><HeartRateBpm><Value>143</Value></HeartRateBpm><Cadence>32</Cadence><Extensions><ns3:TPX><ns3:Speed>1.4600000381469727</ns3:Speed><ns3:Pace>0.68</ns3:Pace></ns3:TPX></Extensions></Trackpoint><Trackpoint><Time>2026-01-27T21:59:09Z</Time><Position><LatitudeDegrees>-8.04692018</LatitudeDegrees><LongitudeDegrees>-34.9325489</LongitudeDegrees></Position><HeartRateBpm><Value>143</Value></HeartRateBpm><Cadence>32</Cadence><Extensions><ns3:TPX><ns3:Speed>1.4600000381469727</ns3:Speed><ns3:Pace>0.68</ns3:Pace></ns3:TPX></Extensions></Trackpoint><Trackpoint><Time>2026-01-27T21:59:10Z</Time><Position><LatitudeDegrees>-8.0469225</LatitudeDegrees><LongitudeDegrees>-34.93256222</LongitudeDegrees></Position><HeartRateBpm><Value>143</Value></HeartRateBpm><Cadence>32</Cadence><Extensions><ns3:TPX><ns3:Speed>1.4600000381469727</ns3:Speed><ns3:Pace>0.67</ns3:Pace></ns3:TPX></Extensions></Trackpoint><Trackpoint><Time>2026-01-27T21:59:11Z</Time><Position><LatitudeDegrees>-8.04692682</LatitudeDegrees><LongitudeDegrees>-34.93257522</LongitudeDegrees></Position><HeartRateBpm><Value>142</Value></HeartRateBpm><Cadence>32</Cadence><Extensions><ns3:TPX><ns3:Speed>1.4700000286102295</ns3:Speed><ns3:Pace>0.67</ns3:Pace></ns3:TPX></Extensions></Trackpoint><Trackpoint><Time>2026-01-27T21:59:12Z</Time><Position><LatitudeDegrees>-8.04693082</LatitudeDegrees><LongitudeDegrees>-34.93258822</LongitudeDegrees></Position><HeartRateBpm><Value>142</Value></HeartRateBpm><Cadence>32</Cadence><Extensions><ns3:TPX><ns3:Speed>1.4700000286102295</ns3:Speed><ns3:Pace>0.67</ns3:Pace></ns3:TPX></Extensions></Trackpoint><Trackpoint><Time>2026-01-27T21:59:13Z</Time><Position><LatitudeDegrees>-8.04693682</LatitudeDegrees><LongitudeDegrees>-34.93260188</LongitudeDegrees></Position><HeartRateBpm><Value>142</Value></HeartRateBpm><Cadence>32</Cadence><Extensions><ns3:TPX><ns3:Speed>1.4700000286102295</ns3:Speed><ns3:Pace>0.67</ns3:Pace></ns3:TPX></Extensions></Trackpoint><Trackpoint><Time>2026-01-27T21:59:14Z</Time><Position><LatitudeDegrees>-8.04694448</LatitudeDegrees><LongitudeDegrees>-34.93261521</LongitudeDegrees></Position><HeartRateBpm><Value>145</Value></HeartRateBpm><Cadence>32</Cadence><Extensions><ns3:TPX><ns3:Speed>1.4800000190734863</ns3:Speed><ns3:Pace>0.67</ns3:Pace></ns3:TPX></Extensions></Trackpoint><Trackpoint><Time>2026-01-27T21:59:15Z</Time><Position><LatitudeDegrees>-8.04694947</LatitudeDegrees><LongitudeDegrees>-34.93263054</LongitudeDegrees></Position><HeartRateBpm><Value>147</Value></HeartRateBpm><Cadence>32</Cadence><Extensions><ns3:TPX><ns3:Speed>1.4800000190734863</ns3:Speed><ns3:Pace>0.67</ns3:Pace></ns3:TPX></Extensions></Trackpoint><Trackpoint><Time>2026-01-27T21:59:16Z</Time><Position><LatitudeDegrees>-8.04695414</LatitudeDegrees><LongitudeDegrees>-34.93264487</LongitudeDegrees></Position><HeartRateBpm><Value>147</Value></HeartRateBpm><Cadence>32</Cadence><Extensions><ns3:TPX><ns3:Speed>1.4800000190734863</ns3:Speed><ns3:Pace>0.67</ns3:Pace></ns3:TPX></Extensions></Trackpoint><Trackpoint><Time>2026-01-27T21:59:17Z</Time><Position><LatitudeDegrees>-8.04696013</LatitudeDegrees><LongitudeDegrees>-34.93265853</LongitudeDegrees></Position><HeartRateBpm><Value>149</Value></HeartRateBpm><Cadence>32</Cadence><Extensions><ns3:TPX><ns3:Speed>1.4800000190734863</ns3:Speed><ns3:Pace>0.67</ns3:Pace></ns3:TPX></Extensions></Trackpoint><Trackpoint><Time>2026-01-27T21:59:18Z</Time><Position><LatitudeDegrees>-8.04696679</LatitudeDegrees><LongitudeDegrees>-34.93267152</LongitudeDegrees></Position><HeartRateBpm><Value>149</Value></HeartRateBpm><Cadence>33</Cadence><Extensions><ns3:TPX><ns3:Speed>1.4800000190734863</ns3:Speed><ns3:Pace>0.67</ns3:Pace></ns3:TPX></Extensions></Trackpoint><Trackpoint><Time>2026-01-27T21:59:19Z</Time><Position><LatitudeDegrees>-8.04697178</LatitudeDegrees><LongitudeDegrees>-34.93268286</LongitudeDegrees></Position><HeartRateBpm><Value>149</Value></HeartRateBpm><Cadence>33</Cadence><Extensions><ns3:TPX><ns3:Speed>1.4800000190734863</ns3:Speed><ns3:Pace>0.67</ns3:Pace></ns3:TPX></Extensions></Trackpoint><Trackpoint><Time>2026-01-27T21:59:20Z</Time><Position><LatitudeDegrees>-8.04697745</LatitudeDegrees><LongitudeDegrees>-34.93269485</LongitudeDegrees></Position><HeartRateBpm><Value>148</Value></HeartRateBpm><Cadence>33</Cadence><Extensions><ns3:TPX><ns3:Speed>1.4800000190734863</ns3:Speed><ns3:Pace>0.67</ns3:Pace></ns3:TPX></Extensions></Trackpoint><Trackpoint><Time>2026-01-27T21:59:21Z</Time><Position><LatitudeDegrees>-8.04698244</LatitudeDegrees><LongitudeDegrees>-34.93270585</LongitudeDegrees></Position><HeartRateBpm><Value>148</Value></HeartRateBpm><Cadence>33</Cadence><Extensions><ns3:TPX><ns3:Speed>1.4800000190734863</ns3:Speed><ns3:Pace>0.67</ns3:Pace></ns3:TPX></Extensions></Trackpoint><Trackpoint><Time>2026-01-27T21:59:22Z</Time><Position><LatitudeDegrees>-8.04698777</LatitudeDegrees><LongitudeDegrees>-34.93271651</LongitudeDegrees></Position><HeartRateBpm><Value>148</Value></HeartRateBpm><Cadence>33</Cadence><Extensions><ns3:TPX><ns3:Speed>1.4800000190734863</ns3:Speed><ns3:Pace>0.67</ns3:Pace></ns3:TPX></Extensions></Trackpoint><Trackpoint><Time>2026-01-27T21:59:23Z</Time><Position><LatitudeDegrees>-8.0469951</LatitudeDegrees><LongitudeDegrees>-34.93272718</LongitudeDegrees></Position><HeartRateBpm><Value>148</Value></HeartRateBpm><Cadence>33</Cadence><Extensions><ns3:TPX><ns3:Speed>1.4800000190734863</ns3:Speed><ns3:Pace>0.67</ns3:Pace></ns3:TPX></Extensions></Trackpoint><Trackpoint><Time>2026-01-27T21:59:24Z</Time><Position><LatitudeDegrees>-8.04700243</LatitudeDegrees><LongitudeDegrees>-34.9327385</LongitudeDegrees></Position><HeartRateBpm><Value>148</Value></HeartRateBpm><Cadence>33</Cadence><Extensions><ns3:TPX><ns3:Speed>1.4800000190734863</ns3:Speed><ns3:Pace>0.67</ns3:Pace></ns3:TPX></Extensions></Trackpoint><Trackpoint><Time>2026-01-27T21:59:25Z</Time><Position><LatitudeDegrees>-8.04700675</LatitudeDegrees><LongitudeDegrees>-34.93275184</LongitudeDegrees></Position><HeartRateBpm><Value>148</Value></HeartRateBpm><Cadence>33</Cadence><Extensions><ns3:TPX><ns3:Speed>1.4700000286102295</ns3:Speed><ns3:Pace>0.67</ns3:Pace></ns3:TPX></Extensions></Trackpoint><Trackpoint><Time>2026-01-27T21:59:26Z</Time><Position><LatitudeDegrees>-8.04700908</LatitudeDegrees><LongitudeDegrees>-34.93276584</LongitudeDegrees></Position><HeartRateBpm><Value>148</Value></HeartRateBpm><Cadence>33</Cadence><Extensions><ns3:TPX><ns3:Speed>1.4700000286102295</ns3:Speed><ns3:Pace>0.68</ns3:Pace></ns3:TPX></Extensions></Trackpoint><Trackpoint><Time>2026-01-27T21:59:27Z</Time><Position><LatitudeDegrees>-8.04701108</LatitudeDegrees><LongitudeDegrees>-34.93278183</LongitudeDegrees></Position><HeartRateBpm><Value>148</Value></HeartRateBpm><Cadence>33</Cadence><Extensions><ns3:TPX><ns3:Speed>1.4700000286102295</ns3:Speed><ns3:Pace>0.68</ns3:Pace></ns3:TPX></Extensions></Trackpoint><Trackpoint><Time>2026-01-27T21:59:28Z</Time><Position><LatitudeDegrees>-8.04701141</LatitudeDegrees><LongitudeDegrees>-34.93279816</LongitudeDegrees></Position><HeartRateBpm><Value>148</Value></HeartRateBpm><Cadence>33</Cadence><Extensions><ns3:TPX><ns3:Speed>1.4700000286102295</ns3:Speed><ns3:Pace>0.68</ns3:Pace></ns3:TPX></Extensions></Trackpoint><Trackpoint><Time>2026-01-27T21:59:29Z</Time><Position><LatitudeDegrees>-8.0470124</LatitudeDegrees><LongitudeDegrees>-34.93281616</LongitudeDegrees></Position><HeartRateBpm><Value>149</Value></HeartRateBpm><Cadence>33</Cadence><Extensions><ns3:TPX><ns3:Speed>1.4600000381469727</ns3:Speed><ns3:Pace>0.68</ns3:Pace></ns3:TPX></Extensions></Trackpoint><Trackpoint><Time>2026-01-27T21:59:30Z</Time><Position><LatitudeDegrees>-8.04701108</LatitudeDegrees><LongitudeDegrees>-34.93283215</LongitudeDegrees></Position><HeartRateBpm><Value>149</Value></HeartRateBpm><Cadence>33</Cadence><Extensions><ns3:TPX><ns3:Speed>1.4600000381469727</ns3:Speed><ns3:Pace>0.68</ns3:Pace></ns3:TPX></Extensions></Trackpoint><Trackpoint><Time>2026-01-27T21:59:31Z</Time><Position><LatitudeDegrees>-8.04700942</LatitudeDegrees><LongitudeDegrees>-34.93284548</LongitudeDegrees></Position><HeartRateBpm><Value>149</Value></HeartRateBpm><Cadence>33</Cadence><Extensions><ns3:TPX><ns3:Speed>1.4600000381469727</ns3:Speed><ns3:Pace>0.68</ns3:Pace></ns3:TPX></Extensions></Trackpoint><Trackpoint><Time>2026-01-27T21:59:32Z</Time><Position><LatitudeDegrees>-8.0470081</LatitudeDegrees><LongitudeDegrees>-34.93285815</LongitudeDegrees></Position><HeartRateBpm><Value>149</Value></HeartRateBpm><Cadence>33</Cadence><Extensions><ns3:TPX><ns3:Speed>1.4600000381469727</ns3:Speed><ns3:Pace>0.68</ns3:Pace></ns3:TPX></Extensions></Trackpoint><Trackpoint><Time>2026-01-27T21:59:33Z</Time><Position><LatitudeDegrees>-8.04700942</LatitudeDegrees><LongitudeDegrees>-34.93287081</LongitudeDegrees></Position><HeartRateBpm><Value>149</Value></HeartRateBpm><Cadence>33</Cadence><Extensions><ns3:TPX><ns3:Speed>1.4600000381469727</ns3:Speed><ns3:Pace>0.68</ns3:Pace></ns3:TPX></Extensions></Trackpoint><Trackpoint><Time>2026-01-27T21:59:34Z</Time><Position><LatitudeDegrees>-8.04701241</LatitudeDegrees><LongitudeDegrees>-34.93288181</LongitudeDegrees></Position><HeartRateBpm><Value>149</Value></HeartRateBpm><Cadence>33</Cadence><Extensions><ns3:TPX><ns3:Speed>1.4600000381469727</ns3:Speed><ns3:Pace>0.68</ns3:Pace></ns3:TPX></Extensions></Trackpoint><Trackpoint><Time>2026-01-27T21:59:35Z</Time><Position><LatitudeDegrees>-8.04701641</LatitudeDegrees><LongitudeDegrees>-34.93289247</LongitudeDegrees></Position><HeartRateBpm><Value>150</Value></HeartRateBpm><Cadence>33</Cadence><Extensions><ns3:TPX><ns3:Speed>1.4600000381469727</ns3:Speed><ns3:Pace>0.68</ns3:Pace></ns3:TPX></Extensions></Trackpoint><Trackpoint><Time>2026-01-27T21:59:36Z</Time><Position><LatitudeDegrees>-8.04702107</LatitudeDegrees><LongitudeDegrees>-34.93290246</LongitudeDegrees></Position><HeartRateBpm><Value>151</Value></HeartRateBpm><Cadence>33</Cadence><Extensions><ns3:TPX><ns3:Speed>1.4600000381469727</ns3:Speed><ns3:Pace>0.68</ns3:Pace></ns3:TPX></Extensions></Trackpoint><Trackpoint><Time>2026-01-27T21:59:37Z</Time><Position><LatitudeDegrees>-8.04702573</LatitudeDegrees><LongitudeDegrees>-34.93291145</LongitudeDegrees></Position><HeartRateBpm><Value>152</Value></HeartRateBpm><Cadence>32</Cadence><Extensions><ns3:TPX><ns3:Speed>1.4600000381469727</ns3:Speed><ns3:Pace>0.68</ns3:Pace></ns3:TPX></Extensions></Trackpoint><Trackpoint><Time>2026-01-27T21:59:38Z</Time><Position><LatitudeDegrees>-8.04703273</LatitudeDegrees><LongitudeDegrees>-34.93291779</LongitudeDegrees></Position><HeartRateBpm><Value>152</Value></HeartRateBpm><Cadence>31</Cadence><Extensions><ns3:TPX><ns3:Speed>1.4600000381469727</ns3:Speed><ns3:Pace>0.68</ns3:Pace></ns3:TPX></Extensions></Trackpoint><Trackpoint><Time>2026-01-27T21:59:39Z</Time><Position><LatitudeDegrees>-8.04704139</LatitudeDegrees><LongitudeDegrees>-34.93292278</LongitudeDegrees></Position><HeartRateBpm><Value>152</Value></HeartRateBpm><Cadence>31</Cadence><Extensions><ns3:TPX><ns3:Speed>1.4500000476837158</ns3:Speed><ns3:Pace>0.68</ns3:Pace></ns3:TPX></Extensions></Trackpoint><Trackpoint><Time>2026-01-27T21:59:40Z</Time><Position><LatitudeDegrees>-8.04705039</LatitudeDegrees><LongitudeDegrees>-34.93292711</LongitudeDegrees></Position><HeartRateBpm><Value>152</Value></HeartRateBpm><Cadence>31</Cadence><Extensions><ns3:TPX><ns3:Speed>1.4500000476837158</ns3:Speed><ns3:Pace>0.68</ns3:Pace></ns3:TPX></Extensions></Trackpoint><Trackpoint><Time>2026-01-27T21:59:41Z</Time><Position><LatitudeDegrees>-8.04705971</LatitudeDegrees><LongitudeDegrees>-34.93293244</LongitudeDegrees></Position><HeartRateBpm><Value>152</Value></HeartRateBpm><Cadence>31</Cadence><Extensions><ns3:TPX><ns3:Speed>1.4500000476837158</ns3:Speed><ns3:Pace>0.69</ns3:Pace></ns3:TPX></Extensions></Trackpoint><Trackpoint><Time>2026-01-27T21:59:42Z</Time><Position><LatitudeDegrees>-8.04706705</LatitudeDegrees><LongitudeDegrees>-34.93294011</LongitudeDegrees></Position><HeartRateBpm><Value>153</Value></HeartRateBpm><Cadence>31</Cadence><Extensions><ns3:TPX><ns3:Speed>1.440000057220459</ns3:Speed><ns3:Pace>0.69</ns3:Pace></ns3:TPX></Extensions></Trackpoint><Trackpoint><Time>2026-01-27T21:59:43Z</Time><Position><LatitudeDegrees>-8.04707137</LatitudeDegrees><LongitudeDegrees>-34.93295111</LongitudeDegrees></Position><HeartRateBpm><Value>153</Value></HeartRateBpm><Cadence>31</Cadence><Extensions><ns3:TPX><ns3:Speed>1.4299999475479126</ns3:Speed><ns3:Pace>0.69</ns3:Pace></ns3:TPX></Extensions></Trackpoint><Trackpoint><Time>2026-01-27T21:59:44Z</Time><Position><LatitudeDegrees>-8.04707403</LatitudeDegrees><LongitudeDegrees>-34.93296377</LongitudeDegrees></Position><HeartRateBpm><Value>153</Value></HeartRateBpm><Cadence>31</Cadence><Extensions><ns3:TPX><ns3:Speed>1.4299999475479126</ns3:Speed><ns3:Pace>0.7</ns3:Pace></ns3:TPX></Extensions></Trackpoint><Trackpoint><Time>2026-01-27T21:59:45Z</Time><Position><LatitudeDegrees>-8.04707603</LatitudeDegrees><LongitudeDegrees>-34.93297609</LongitudeDegrees></Position><HeartRateBpm><Value>153</Value></HeartRateBpm><Cadence>31</Cadence><Extensions><ns3:TPX><ns3:Speed>1.4199999570846558</ns3:Speed><ns3:Pace>0.7</ns3:Pace></ns3:TPX></Extensions></Trackpoint><Trackpoint><Time>2026-01-27T21:59:46Z</Time><Position><LatitudeDegrees>-8.04707903</LatitudeDegrees><LongitudeDegrees>-34.93298809</LongitudeDegrees></Position><HeartRateBpm><Value>153</Value></HeartRateBpm><Cadence>31</Cadence><Extensions><ns3:TPX><ns3:Speed>1.4199999570846558</ns3:Speed><ns3:Pace>0.7</ns3:Pace></ns3:TPX></Extensions></Trackpoint><Trackpoint><Time>2026-01-27T21:59:47Z</Time><Position><LatitudeDegrees>-8.04708235</LatitudeDegrees><LongitudeDegrees>-34.93300108</LongitudeDegrees></Position><HeartRateBpm><Value>153</Value></HeartRateBpm><Cadence>31</Cadence><Extensions><ns3:TPX><ns3:Speed>1.409999966621399</ns3:Speed><ns3:Pace>0.7</ns3:Pace></ns3:TPX></Extensions></Trackpoint><Trackpoint><Time>2026-01-27T21:59:48Z</Time><Position><LatitudeDegrees>-8.04708502</LatitudeDegrees><LongitudeDegrees>-34.9330154</LongitudeDegrees></Position><HeartRateBpm><Value>153</Value></HeartRateBpm><Cadence>31</Cadence><Extensions><ns3:TPX><ns3:Speed>1.409999966621399</ns3:Speed><ns3:Pace>0.7</ns3:Pace></ns3:TPX></Extensions></Trackpoint><Trackpoint><Time>2026-01-27T21:59:49Z</Time><Position><LatitudeDegrees>-8.04708567</LatitudeDegrees><LongitudeDegrees>-34.93303107</LongitudeDegrees></Position><HeartRateBpm><Value>154</Value></HeartRateBpm><Cadence>31</Cadence><Extensions><ns3:TPX><ns3:Speed>1.409999966621399</ns3:Speed><ns3:Pace>0.7</ns3:Pace></ns3:TPX></Extensions></Trackpoint><Trackpoint><Time>2026-01-27T21:59:50Z</Time><Position><LatitudeDegrees>-8.04708468</LatitudeDegrees><LongitudeDegrees>-34.9330474</LongitudeDegrees></Position><HeartRateBpm><Value>153</Value></HeartRateBpm><Cadence>31</Cadence><Extensions><ns3:TPX><ns3:Speed>1.409999966621399</ns3:Speed><ns3:Pace>0.7</ns3:Pace></ns3:TPX></Extensions></Trackpoint><Trackpoint><Time>2026-01-27T21:59:51Z</Time><Position><LatitudeDegrees>-8.04708169</LatitudeDegrees><LongitudeDegrees>-34.93306506</LongitudeDegrees></Position><HeartRateBpm><Value>152</Value></HeartRateBpm><Cadence>30</Cadence><Extensions><ns3:TPX><ns3:Speed>1.409999966621399</ns3:Speed><ns3:Pace>0.7</ns3:Pace></ns3:TPX></Extensions></Trackpoint><Trackpoint><Time>2026-01-27T21:59:52Z</Time><Position><LatitudeDegrees>-8.04707703</LatitudeDegrees><LongitudeDegrees>-34.93308173</LongitudeDegrees></Position><HeartRateBpm><Value>152</Value></HeartRateBpm><Cadence>30</Cadence><Extensions><ns3:TPX><ns3:Speed>1.409999966621399</ns3:Speed><ns3:Pace>0.7</ns3:Pace></ns3:TPX></Extensions></Trackpoint><Trackpoint><Time>2026-01-27T21:59:53Z</Time><Position><LatitudeDegrees>-8.04707136</LatitudeDegrees><LongitudeDegrees>-34.93309739</LongitudeDegrees></Position><HeartRateBpm><Value>152</Value></HeartRateBpm><Cadence>31</Cadence><Extensions><ns3:TPX><ns3:Speed>1.409999966621399</ns3:Speed><ns3:Pace>0.7</ns3:Pace></ns3:TPX></Extensions></Trackpoint><Trackpoint><Time>2026-01-27T21:59:54Z</Time><Position><LatitudeDegrees>-8.04706504</LatitudeDegrees><LongitudeDegrees>-34.93311405</LongitudeDegrees></Position><HeartRateBpm><Value>152</Value></HeartRateBpm><Cadence>32</Cadence><Extensions><ns3:TPX><ns3:Speed>1.409999966621399</ns3:Speed><ns3:Pace>0.7</ns3:Pace></ns3:TPX></Extensions></Trackpoint><Trackpoint><Time>2026-01-27T21:59:55Z</Time><Position><LatitudeDegrees>-8.04705771</LatitudeDegrees><LongitudeDegrees>-34.93313072</LongitudeDegrees></Position><HeartRateBpm><Value>152</Value></HeartRateBpm><Cadence>31</Cadence><Extensions><ns3:TPX><ns3:Speed>1.409999966621399</ns3:Speed><ns3:Pace>0.7</ns3:Pace></ns3:TPX></Extensions></Trackpoint><Trackpoint><Time>2026-01-27T21:59:56Z</Time><Position><LatitudeDegrees>-8.04705105</LatitudeDegrees><LongitudeDegrees>-34.93314771</LongitudeDegrees></Position><HeartRateBpm><Value>152</Value></HeartRateBpm><Cadence>31</Cadence><Extensions><ns3:TPX><ns3:Speed>1.4199999570846558</ns3:Speed><ns3:Pace>0.69</ns3:Pace></ns3:TPX></Extensions></Trackpoint><Trackpoint><Time>2026-01-27T21:59:57Z</Time><Position><LatitudeDegrees>-8.04704538</LatitudeDegrees><LongitudeDegrees>-34.93316404</LongitudeDegrees></Position><HeartRateBpm><Value>151</Value></HeartRateBpm><Cadence>31</Cadence><Extensions><ns3:TPX><ns3:Speed>1.4299999475479126</ns3:Speed><ns3:Pace>0.69</ns3:Pace></ns3:TPX></Extensions></Trackpoint><Trackpoint><Time>2026-01-27T21:59:58Z</Time><Position><LatitudeDegrees>-8.04704106</LatitudeDegrees><LongitudeDegrees>-34.93317971</LongitudeDegrees></Position><HeartRateBpm><Value>151</Value></HeartRateBpm><Cadence>31</Cadence><Extensions><ns3:TPX><ns3:Speed>1.4299999475479126</ns3:Speed><ns3:Pace>0.69</ns3:Pace></ns3:TPX></Extensions></Trackpoint><Trackpoint><Time>2026-01-27T21:59:59Z</Time><Position><LatitudeDegrees>-8.04703706</LatitudeDegrees><LongitudeDegrees>-34.93319536</LongitudeDegrees></Position><HeartRateBpm><Value>151</Value></HeartRateBpm><Cadence>31</Cadence><Extensions><ns3:TPX><ns3:Speed>1.4299999475479126</ns3:Speed><ns3:Pace>0.69</ns3:Pace></ns3:TPX></Extensions></Trackpoint><Trackpoint><Time>2026-01-27T22:00:00Z</Time><Position><LatitudeDegrees>-8.04703439</LatitudeDegrees><LongitudeDegrees>-34.93321269</LongitudeDegrees></Position><HeartRateBpm><Value>151</Value></HeartRateBpm><Cadence>31</Cadence><Extensions><ns3:TPX><ns3:Speed>1.440000057220459</ns3:Speed><ns3:Pace>0.68</ns3:Pace></ns3:TPX></Extensions></Trackpoint><Trackpoint><Time>2026-01-27T22:00:01Z</Time><Position><LatitudeDegrees>-8.04703407</LatitudeDegrees><LongitudeDegrees>-34.93323169</LongitudeDegrees></Position><HeartRateBpm><Value>151</Value></HeartRateBpm><Cadence>32</Cadence><Extensions><ns3:TPX><ns3:Speed>1.4500000476837158</ns3:Speed><ns3:Pace>0.68</ns3:Pace></ns3:TPX></Extensions></Trackpoint><Trackpoint><Time>2026-01-27T22:00:02Z</Time><Position><LatitudeDegrees>-8.04703572</LatitudeDegrees><LongitudeDegrees>-34.93325035</LongitudeDegrees></Position><HeartRateBpm><Value>151</Value></HeartRateBpm><Cadence>32</Cadence><Extensions><ns3:TPX><ns3:Speed>1.4600000381469727</ns3:Speed><ns3:Pace>0.68</ns3:Pace></ns3:TPX></Extensions></Trackpoint><Trackpoint><Time>2026-01-27T22:00:03Z</Time><Position><LatitudeDegrees>-8.04703772</LatitudeDegrees><LongitudeDegrees>-34.93326734</LongitudeDegrees></Position><HeartRateBpm><Value>150</Value></HeartRateBpm><Cadence>32</Cadence><Extensions><ns3:TPX><ns3:Speed>1.4700000286102295</ns3:Speed><ns3:Pace>0.67</ns3:Pace></ns3:TPX></Extensions></Trackpoint><Trackpoint><Time>2026-01-27T22:00:04Z</Time><Position><LatitudeDegrees>-8.04703938</LatitudeDegrees><LongitudeDegrees>-34.93328334</LongitudeDegrees></Position><HeartRateBpm><Value>150</Value></HeartRateBpm><Cadence>32</Cadence><Extensions><ns3:TPX><ns3:Speed>1.4700000286102295</ns3:Speed><ns3:Pace>0.67</ns3:Pace></ns3:TPX></Extensions></Trackpoint><Trackpoint><Time>2026-01-27T22:00:05Z</Time><Position><LatitudeDegrees>-8.04704138</LatitudeDegrees><LongitudeDegrees>-34.93329867</LongitudeDegrees></Position><HeartRateBpm><Value>150</Value></HeartRateBpm><Cadence>32</Cadence><Extensions><ns3:TPX><ns3:Speed>1.4700000286102295</ns3:Speed><ns3:Pace>0.67</ns3:Pace></ns3:TPX></Extensions></Trackpoint><Trackpoint><Time>2026-01-27T22:00:06Z</Time><Position><LatitudeDegrees>-8.04704371</LatitudeDegrees><LongitudeDegrees>-34.93331299</LongitudeDegrees></Position><HeartRateBpm><Value>151</Value></HeartRateBpm><Cadence>32</Cadence><Extensions><ns3:TPX><ns3:Speed>1.4800000190734863</ns3:Speed><ns3:Pace>0.67</ns3:Pace></ns3:TPX></Extensions></Trackpoint><Trackpoint><Time>2026-01-27T22:00:07Z</Time><Position><LatitudeDegrees>-8.04704537</LatitudeDegrees><LongitudeDegrees>-34.93332666</LongitudeDegrees></Position><HeartRateBpm><Value>151</Value></HeartRateBpm><Cadence>32</Cadence><Extensions><ns3:TPX><ns3:Speed>1.4900000095367432</ns3:Speed><ns3:Pace>0.66</ns3:Pace></ns3:TPX></Extensions></Trackpoint><Trackpoint><Time>2026-01-27T22:00:08Z</Time><Position><LatitudeDegrees>-8.04704604</LatitudeDegrees><LongitudeDegrees>-34.93333999</LongitudeDegrees></Position><HeartRateBpm><Value>152</Value></HeartRateBpm><Cadence>32</Cadence><Extensions><ns3:TPX><ns3:Speed>1.4900000095367432</ns3:Speed><ns3:Pace>0.66</ns3:Pace></ns3:TPX></Extensions></Trackpoint><Trackpoint><Time>2026-01-27T22:00:09Z</Time><Position><LatitudeDegrees>-8.0470447</LatitudeDegrees><LongitudeDegrees>-34.93335265</LongitudeDegrees></Position><HeartRateBpm><Value>152</Value></HeartRateBpm><Cadence>32</Cadence><Extensions><ns3:TPX><ns3:Speed>1.4900000095367432</ns3:Speed><ns3:Pace>0.66</ns3:Pace></ns3:TPX></Extensions></Trackpoint><Trackpoint><Time>2026-01-27T22:00:10Z</Time><Position><LatitudeDegrees>-8.04704405</LatitudeDegrees><LongitudeDegrees>-34.93336531</LongitudeDegrees></Position><HeartRateBpm><Value>151</Value></HeartRateBpm><Cadence>32</Cadence><Extensions><ns3:TPX><ns3:Speed>1.4900000095367432</ns3:Speed><ns3:Pace>0.66</ns3:Pace></ns3:TPX></Extensions></Trackpoint><Trackpoint><Time>2026-01-27T22:00:11Z</Time><Position><LatitudeDegrees>-8.04704271</LatitudeDegrees><LongitudeDegrees>-34.93337931</LongitudeDegrees></Position><HeartRateBpm><Value>151</Value></HeartRateBpm><Cadence>32</Cadence><Extensions><ns3:TPX><ns3:Speed>1.4900000095367432</ns3:Speed><ns3:Pace>0.67</ns3:Pace></ns3:TPX></Extensions></Trackpoint><Trackpoint><Time>2026-01-27T22:00:12Z</Time><Position><LatitudeDegrees>-8.04704106</LatitudeDegrees><LongitudeDegrees>-34.93339331</LongitudeDegrees></Position><HeartRateBpm><Value>150</Value></HeartRateBpm><Cadence>32</Cadence><Extensions><ns3:TPX><ns3:Speed>1.4900000095367432</ns3:Speed><ns3:Pace>0.67</ns3:Pace></ns3:TPX></Extensions></Trackpoint><Trackpoint><Time>2026-01-27T22:00:13Z</Time><Position><LatitudeDegrees>-8.04703906</LatitudeDegrees><LongitudeDegrees>-34.93340797</LongitudeDegrees></Position><HeartRateBpm><Value>150</Value></HeartRateBpm><Cadence>32</Cadence><Extensions><ns3:TPX><ns3:Speed>1.4900000095367432</ns3:Speed><ns3:Pace>0.67</ns3:Pace></ns3:TPX></Extensions></Trackpoint><Trackpoint><Time>2026-01-27T22:00:14Z</Time><Position><LatitudeDegrees>-8.0470374</LatitudeDegrees><LongitudeDegrees>-34.93342164</LongitudeDegrees></Position><HeartRateBpm><Value>150</Value></HeartRateBpm><Cadence>32</Cadence><Extensions><ns3:TPX><ns3:Speed>1.4800000190734863</ns3:Speed><ns3:Pace>0.67</ns3:Pace></ns3:TPX></Extensions></Trackpoint><Trackpoint><Time>2026-01-27T22:00:15Z</Time><Position><LatitudeDegrees>-8.04703507</LatitudeDegrees><LongitudeDegrees>-34.93343629</LongitudeDegrees></Position><HeartRateBpm><Value>150</Value></HeartRateBpm><Cadence>32</Cadence><Extensions><ns3:TPX><ns3:Speed>1.4800000190734863</ns3:Speed><ns3:Pace>0.67</ns3:Pace></ns3:TPX></Extensions></Trackpoint><Trackpoint><Time>2026-01-27T22:00:16Z</Time><Position><LatitudeDegrees>-8.04703307</LatitudeDegrees><LongitudeDegrees>-34.93344929</LongitudeDegrees></Position><HeartRateBpm><Value>149</Value></HeartRateBpm><Cadence>32</Cadence><Extensions><ns3:TPX><ns3:Speed>1.4800000190734863</ns3:Speed><ns3:Pace>0.67</ns3:Pace></ns3:TPX></Extensions></Trackpoint><Trackpoint><Time>2026-01-27T22:00:17Z</Time><Position><LatitudeDegrees>-8.04703107</LatitudeDegrees><LongitudeDegrees>-34.93346128</LongitudeDegrees></Position><HeartRateBpm><Value>149</Value></HeartRateBpm><Cadence>32</Cadence><Extensions><ns3:TPX><ns3:Speed>1.4800000190734863</ns3:Speed><ns3:Pace>0.67</ns3:Pace></ns3:TPX></Extensions></Trackpoint><Trackpoint><Time>2026-01-27T22:00:18Z</Time><Position><LatitudeDegrees>-8.04702941</LatitudeDegrees><LongitudeDegrees>-34.93347228</LongitudeDegrees></Position><HeartRateBpm><Value>149</Value></HeartRateBpm><Cadence>32</Cadence><Extensions><ns3:TPX><ns3:Speed>1.4700000286102295</ns3:Speed><ns3:Pace>0.67</ns3:Pace></ns3:TPX></Extensions></Trackpoint><Trackpoint><Time>2026-01-27T22:00:19Z</Time><Position><LatitudeDegrees>-8.04702741</LatitudeDegrees><LongitudeDegrees>-34.93348394</LongitudeDegrees></Position><HeartRateBpm><Value>148</Value></HeartRateBpm><Cadence>32</Cadence><Extensions><ns3:TPX><ns3:Speed>1.4700000286102295</ns3:Speed><ns3:Pace>0.68</ns3:Pace></ns3:TPX></Extensions></Trackpoint><Trackpoint><Time>2026-01-27T22:00:20Z</Time><Position><LatitudeDegrees>-8.04702709</LatitudeDegrees><LongitudeDegrees>-34.93349761</LongitudeDegrees></Position><HeartRateBpm><Value>149</Value></HeartRateBpm><Cadence>32</Cadence><Extensions><ns3:TPX><ns3:Speed>1.4700000286102295</ns3:Speed><ns3:Pace>0.68</ns3:Pace></ns3:TPX></Extensions></Trackpoint><Trackpoint><Time>2026-01-27T22:00:21Z</Time><Position><LatitudeDegrees>-8.04702709</LatitudeDegrees><LongitudeDegrees>-34.9335136</LongitudeDegrees></Position><HeartRateBpm><Value>149</Value></HeartRateBpm><Cadence>32</Cadence><Extensions><ns3:TPX><ns3:Speed>1.4600000381469727</ns3:Speed><ns3:Pace>0.68</ns3:Pace></ns3:TPX></Extensions></Trackpoint><Trackpoint><Time>2026-01-27T22:00:22Z</Time><Position><LatitudeDegrees>-8.04702774</LatitudeDegrees><LongitudeDegrees>-34.9335296</LongitudeDegrees></Position><HeartRateBpm><Value>149</Value></HeartRateBpm><Cadence>32</Cadence><Extensions><ns3:TPX><ns3:Speed>1.4600000381469727</ns3:Speed><ns3:Pace>0.68</ns3:Pace></ns3:TPX></Extensions></Trackpoint><Trackpoint><Time>2026-01-27T22:00:23Z</Time><Position><LatitudeDegrees>-8.04703041</LatitudeDegrees><LongitudeDegrees>-34.9335456</LongitudeDegrees></Position><HeartRateBpm><Value>149</Value></HeartRateBpm><Cadence>32</Cadence><Extensions><ns3:TPX><ns3:Speed>1.4600000381469727</ns3:Speed><ns3:Pace>0.68</ns3:Pace></ns3:TPX></Extensions></Trackpoint><Trackpoint><Time>2026-01-27T22:00:24Z</Time><Position><LatitudeDegrees>-8.04703473</LatitudeDegrees><LongitudeDegrees>-34.93355992</LongitudeDegrees></Position><HeartRateBpm><Value>149</Value></HeartRateBpm><Cadence>32</Cadence><Extensions><ns3:TPX><ns3:Speed>1.4500000476837158</ns3:Speed><ns3:Pace>0.68</ns3:Pace></ns3:TPX></Extensions></Trackpoint><Trackpoint><Time>2026-01-27T22:00:25Z</Time><Position><LatitudeDegrees>-8.04704006</LatitudeDegrees><LongitudeDegrees>-34.93357224</LongitudeDegrees></Position><HeartRateBpm><Value>149</Value></HeartRateBpm><Cadence>32</Cadence><Extensions><ns3:TPX><ns3:Speed>1.4500000476837158</ns3:Speed><ns3:Pace>0.68</ns3:Pace></ns3:TPX></Extensions></Trackpoint><Trackpoint><Time>2026-01-27T22:00:26Z</Time><Position><LatitudeDegrees>-8.04704505</LatitudeDegrees><LongitudeDegrees>-34.93358458</LongitudeDegrees></Position><HeartRateBpm><Value>150</Value></HeartRateBpm><Cadence>32</Cadence><Extensions><ns3:TPX><ns3:Speed>1.4500000476837158</ns3:Speed><ns3:Pace>0.68</ns3:Pace></ns3:TPX></Extensions></Trackpoint><Trackpoint><Time>2026-01-27T22:00:27Z</Time><Position><LatitudeDegrees>-8.04704905</LatitudeDegrees><LongitudeDegrees>-34.93359524</LongitudeDegrees></Position><HeartRateBpm><Value>150</Value></HeartRateBpm><Cadence>32</Cadence><Extensions><ns3:TPX><ns3:Speed>1.4500000476837158</ns3:Speed><ns3:Pace>0.69</ns3:Pace></ns3:TPX></Extensions></Trackpoint><Trackpoint><Time>2026-01-27T22:00:28Z</Time><Position><LatitudeDegrees>-8.04705404</LatitudeDegrees><LongitudeDegrees>-34.93360557</LongitudeDegrees></Position><HeartRateBpm><Value>151</Value></HeartRateBpm><Cadence>32</Cadence><Extensions><ns3:TPX><ns3:Speed>1.440000057220459</ns3:Speed><ns3:Pace>0.69</ns3:Pace></ns3:TPX></Extensions></Trackpoint><Trackpoint><Time>2026-01-27T22:00:29Z</Time><Position><LatitudeDegrees>-8.0470587</LatitudeDegrees><LongitudeDegrees>-34.93361557</LongitudeDegrees></Position><HeartRateBpm><Value>151</Value></HeartRateBpm><Cadence>32</Cadence><Extensions><ns3:TPX><ns3:Speed>1.440000057220459</ns3:Speed><ns3:Pace>0.69</ns3:Pace></ns3:TPX></Extensions></Trackpoint><Trackpoint><Time>2026-01-27T22:00:30Z</Time><Position><LatitudeDegrees>-8.04706304</LatitudeDegrees><LongitudeDegrees>-34.93362822</LongitudeDegrees></Position><HeartRateBpm><Value>150</Value></HeartRateBpm><Cadence>31</Cadence><Extensions><ns3:TPX><ns3:Speed>1.440000057220459</ns3:Speed><ns3:Pace>0.69</ns3:Pace></ns3:TPX></Extensions></Trackpoint><Trackpoint><Time>2026-01-27T22:00:31Z</Time><Position><LatitudeDegrees>-8.04706504</LatitudeDegrees><LongitudeDegrees>-34.93364288</LongitudeDegrees></Position><HeartRateBpm><Value>150</Value></HeartRateBpm><Cadence>31</Cadence><Extensions><ns3:TPX><ns3:Speed>1.440000057220459</ns3:Speed><ns3:Pace>0.69</ns3:Pace></ns3:TPX></Extensions></Trackpoint><Trackpoint><Time>2026-01-27T22:00:32Z</Time><Position><LatitudeDegrees>-8.04706569</LatitudeDegrees><LongitudeDegrees>-34.93366021</LongitudeDegrees></Position><HeartRateBpm><Value>148</Value></HeartRateBpm><Cadence>31</Cadence><Extensions><ns3:TPX><ns3:Speed>1.4299999475479126</ns3:Speed><ns3:Pace>0.69</ns3:Pace></ns3:TPX></Extensions></Trackpoint><Trackpoint><Time>2026-01-27T22:00:33Z</Time><Position><LatitudeDegrees>-8.0470647</LatitudeDegrees><LongitudeDegrees>-34.93367787</LongitudeDegrees></Position><HeartRateBpm><Value>148</Value></HeartRateBpm><Cadence>31</Cadence><Extensions><ns3:TPX><ns3:Speed>1.4299999475479126</ns3:Speed><ns3:Pace>0.69</ns3:Pace></ns3:TPX></Extensions></Trackpoint><Trackpoint><Time>2026-01-27T22:00:34Z</Time><Position><LatitudeDegrees>-8.04706104</LatitudeDegrees><LongitudeDegrees>-34.93369486</LongitudeDegrees></Position><HeartRateBpm><Value>147</Value></HeartRateBpm><Cadence>31</Cadence><Extensions><ns3:TPX><ns3:Speed>1.4299999475479126</ns3:Speed><ns3:Pace>0.69</ns3:Pace></ns3:TPX></Extensions></Trackpoint><Trackpoint><Time>2026-01-27T22:00:35Z</Time><Position><LatitudeDegrees>-8.04705605</LatitudeDegrees><LongitudeDegrees>-34.93371052</LongitudeDegrees></Position><HeartRateBpm><Value>147</Value></HeartRateBpm><Cadence>31</Cadence><Extensions><ns3:TPX><ns3:Speed>1.4299999475479126</ns3:Speed><ns3:Pace>0.69</ns3:Pace></ns3:TPX></Extensions></Trackpoint><Trackpoint><Time>2026-01-27T22:00:36Z</Time><Position><LatitudeDegrees>-8.04705205</LatitudeDegrees><LongitudeDegrees>-34.93372818</LongitudeDegrees></Position><HeartRateBpm><Value>146</Value></HeartRateBpm><Cadence>31</Cadence><Extensions><ns3:TPX><ns3:Speed>1.4299999475479126</ns3:Speed><ns3:Pace>0.69</ns3:Pace></ns3:TPX></Extensions></Trackpoint><Trackpoint><Time>2026-01-27T22:00:37Z</Time><Position><LatitudeDegrees>-8.04705005</LatitudeDegrees><LongitudeDegrees>-34.93374452</LongitudeDegrees></Position><HeartRateBpm><Value>145</Value></HeartRateBpm><Cadence>31</Cadence><Extensions><ns3:TPX><ns3:Speed>1.4299999475479126</ns3:Speed><ns3:Pace>0.69</ns3:Pace></ns3:TPX></Extensions></Trackpoint><Trackpoint><Time>2026-01-27T22:00:38Z</Time><Position><LatitudeDegrees>-8.04704906</LatitudeDegrees><LongitudeDegrees>-34.93375917</LongitudeDegrees></Position><HeartRateBpm><Value>144</Value></HeartRateBpm><Cadence>32</Cadence><Extensions><ns3:TPX><ns3:Speed>1.440000057220459</ns3:Speed><ns3:Pace>0.68</ns3:Pace></ns3:TPX></Extensions></Trackpoint><Trackpoint><Time>2026-01-27T22:00:39Z</Time><Position><LatitudeDegrees>-8.04704939</LatitudeDegrees><LongitudeDegrees>-34.9337735</LongitudeDegrees></Position><HeartRateBpm><Value>144</Value></HeartRateBpm><Cadence>32</Cadence><Extensions><ns3:TPX><ns3:Speed>1.4500000476837158</ns3:Speed><ns3:Pace>0.68</ns3:Pace></ns3:TPX></Extensions></Trackpoint><Trackpoint><Time>2026-01-27T22:00:40Z</Time><Position><LatitudeDegrees>-8.04705105</LatitudeDegrees><LongitudeDegrees>-34.93378683</LongitudeDegrees></Position><HeartRateBpm><Value>144</Value></HeartRateBpm><Cadence>32</Cadence><Extensions><ns3:TPX><ns3:Speed>1.4500000476837158</ns3:Speed><ns3:Pace>0.68</ns3:Pace></ns3:TPX></Extensions></Trackpoint><Trackpoint><Time>2026-01-27T22:00:41Z</Time><Position><LatitudeDegrees>-8.04705237</LatitudeDegrees><LongitudeDegrees>-34.93379982</LongitudeDegrees></Position><HeartRateBpm><Value>144</Value></HeartRateBpm><Cadence>32</Cadence><Extensions><ns3:TPX><ns3:Speed>1.4500000476837158</ns3:Speed><ns3:Pace>0.68</ns3:Pace></ns3:TPX></Extensions></Trackpoint><Trackpoint><Time>2026-01-27T22:00:42Z</Time><Position><LatitudeDegrees>-8.04705403</LatitudeDegrees><LongitudeDegrees>-34.93381315</LongitudeDegrees></Position><HeartRateBpm><Value>144</Value></HeartRateBpm><Cadence>32</Cadence><Extensions><ns3:TPX><ns3:Speed>1.4600000381469727</ns3:Speed><ns3:Pace>0.68</ns3:Pace></ns3:TPX></Extensions></Trackpoint><Trackpoint><Time>2026-01-27T22:00:43Z</Time><Position><LatitudeDegrees>-8.04705603</LatitudeDegrees><LongitudeDegrees>-34.93382682</LongitudeDegrees></Position><HeartRateBpm><Value>143</Value></HeartRateBpm><Cadence>32</Cadence><Extensions><ns3:TPX><ns3:Speed>1.4600000381469727</ns3:Speed><ns3:Pace>0.67</ns3:Pace></ns3:TPX></Extensions></Trackpoint><Trackpoint><Time>2026-01-27T22:00:44Z</Time><Position><LatitudeDegrees>-8.04705868</LatitudeDegrees><LongitudeDegrees>-34.93383948</LongitudeDegrees></Position><HeartRateBpm><Value>142</Value></HeartRateBpm><Cadence>32</Cadence><Extensions><ns3:TPX><ns3:Speed>1.4700000286102295</ns3:Speed><ns3:Pace>0.67</ns3:Pace></ns3:TPX></Extensions></Trackpoint><Trackpoint><Time>2026-01-27T22:00:45Z</Time><Position><LatitudeDegrees>-8.04705967</LatitudeDegrees><LongitudeDegrees>-34.93385214</LongitudeDegrees></Position><HeartRateBpm><Value>141</Value></HeartRateBpm><Cadence>32</Cadence><Extensions><ns3:TPX><ns3:Speed>1.4700000286102295</ns3:Speed><ns3:Pace>0.67</ns3:Pace></ns3:TPX></Extensions></Trackpoint><Trackpoint><Time>2026-01-27T22:00:46Z</Time><Position><LatitudeDegrees>-8.04706001</LatitudeDegrees><LongitudeDegrees>-34.9338638</LongitudeDegrees></Position><HeartRateBpm><Value>142</Value></HeartRateBpm><Cadence>30</Cadence><Extensions><ns3:TPX><ns3:Speed>1.4700000286102295</ns3:Speed><ns3:Pace>0.67</ns3:Pace></ns3:TPX></Extensions></Trackpoint><Trackpoint><Time>2026-01-27T22:00:47Z</Time><Position><LatitudeDegrees>-8.04705901</LatitudeDegrees><LongitudeDegrees>-34.93387546</LongitudeDegrees></Position><HeartRateBpm><Value>142</Value></HeartRateBpm><Cadence>30</Cadence><Extensions><ns3:TPX><ns3:Speed>1.4700000286102295</ns3:Speed><ns3:Pace>0.67</ns3:Pace></ns3:TPX></Extensions></Trackpoint><Trackpoint><Time>2026-01-27T22:00:48Z</Time><Position><LatitudeDegrees>-8.04705802</LatitudeDegrees><LongitudeDegrees>-34.93388812</LongitudeDegrees></Position><HeartRateBpm><Value>142</Value></HeartRateBpm><Cadence>32</Cadence><Extensions><ns3:TPX><ns3:Speed>1.4700000286102295</ns3:Speed><ns3:Pace>0.67</ns3:Pace></ns3:TPX></Extensions></Trackpoint><Trackpoint><Time>2026-01-27T22:00:49Z</Time><Position><LatitudeDegrees>-8.04705602</LatitudeDegrees><LongitudeDegrees>-34.93390045</LongitudeDegrees></Position><HeartRateBpm><Value>142</Value></HeartRateBpm><Cadence>32</Cadence><Extensions><ns3:TPX><ns3:Speed>1.4700000286102295</ns3:Speed><ns3:Pace>0.67</ns3:Pace></ns3:TPX></Extensions></Trackpoint><Trackpoint><Time>2026-01-27T22:00:50Z</Time><Position><LatitudeDegrees>-8.04705268</LatitudeDegrees><LongitudeDegrees>-34.93391378</LongitudeDegrees></Position><HeartRateBpm><Value>143</Value></HeartRateBpm><Cadence>32</Cadence><Extensions><ns3:TPX><ns3:Speed>1.4700000286102295</ns3:Speed><ns3:Pace>0.68</ns3:Pace></ns3:TPX></Extensions></Trackpoint><Trackpoint><Time>2026-01-27T22:00:51Z</Time><Position><LatitudeDegrees>-8.04704903</LatitudeDegrees><LongitudeDegrees>-34.93392711</LongitudeDegrees></Position><HeartRateBpm><Value>144</Value></HeartRateBpm><Cadence>31</Cadence><Extensions><ns3:TPX><ns3:Speed>1.4700000286102295</ns3:Speed><ns3:Pace>0.68</ns3:Pace></ns3:TPX></Extensions></Trackpoint><Trackpoint><Time>2026-01-27T22:00:52Z</Time><Position><LatitudeDegrees>-8.04704537</LatitudeDegrees><LongitudeDegrees>-34.93394044</LongitudeDegrees></Position><HeartRateBpm><Value>144</Value></HeartRateBpm><Cadence>32</Cadence><Extensions><ns3:TPX><ns3:Speed>1.4600000381469727</ns3:Speed><ns3:Pace>0.68</ns3:Pace></ns3:TPX></Extensions></Trackpoint><Trackpoint><Time>2026-01-27T22:00:53Z</Time><Position><LatitudeDegrees>-8.0470427</LatitudeDegrees><LongitudeDegrees>-34.9339541</LongitudeDegrees></Position><HeartRateBpm><Value>144</Value></HeartRateBpm><Cadence>32</Cadence><Extensions><ns3:TPX><ns3:Speed>1.4600000381469727</ns3:Speed><ns3:Pace>0.68</ns3:Pace></ns3:TPX></Extensions></Trackpoint><Trackpoint><Time>2026-01-27T22:00:54Z</Time><Position><LatitudeDegrees>-8.0470407</LatitudeDegrees><LongitudeDegrees>-34.93396843</LongitudeDegrees></Position><HeartRateBpm><Value>144</Value></HeartRateBpm><Cadence>32</Cadence><Extensions><ns3:TPX><ns3:Speed>1.4600000381469727</ns3:Speed><ns3:Pace>0.68</ns3:Pace></ns3:TPX></Extensions></Trackpoint><Trackpoint><Time>2026-01-27T22:00:55Z</Time><Position><LatitudeDegrees>-8.04703871</LatitudeDegrees><LongitudeDegrees>-34.93398143</LongitudeDegrees></Position><HeartRateBpm><Value>144</Value></HeartRateBpm><Cadence>32</Cadence><Extensions><ns3:TPX><ns3:Speed>1.4600000381469727</ns3:Speed><ns3:Pace>0.68</ns3:Pace></ns3:TPX></Extensions></Trackpoint><Trackpoint><Time>2026-01-27T22:00:56Z</Time><Position><LatitudeDegrees>-8.04703538</LatitudeDegrees><LongitudeDegrees>-34.93399209</LongitudeDegrees></Position><HeartRateBpm><Value>144</Value></HeartRateBpm><Cadence>32</Cadence><Extensions><ns3:TPX><ns3:Speed>1.4600000381469727</ns3:Speed><ns3:Pace>0.68</ns3:Pace></ns3:TPX></Extensions></Trackpoint><Trackpoint><Time>2026-01-27T22:00:57Z</Time><Position><LatitudeDegrees>-8.04703205</LatitudeDegrees><LongitudeDegrees>-34.93400208</LongitudeDegrees></Position><HeartRateBpm><Value>145</Value></HeartRateBpm><Cadence>32</Cadence><Extensions><ns3:TPX><ns3:Speed>1.4600000381469727</ns3:Speed><ns3:Pace>0.68</ns3:Pace></ns3:TPX></Extensions></Trackpoint><Trackpoint><Time>2026-01-27T22:00:58Z</Time><Position><LatitudeDegrees>-8.04702906</LatitudeDegrees><LongitudeDegrees>-34.93401374</LongitudeDegrees></Position><HeartRateBpm><Value>145</Value></HeartRateBpm><Cadence>32</Cadence><Extensions><ns3:TPX><ns3:Speed>1.4500000476837158</ns3:Speed><ns3:Pace>0.68</ns3:Pace></ns3:TPX></Extensions></Trackpoint><Trackpoint><Time>2026-01-27T22:00:59Z</Time><Position><LatitudeDegrees>-8.04702673</LatitudeDegrees><LongitudeDegrees>-34.93402707</LongitudeDegrees></Position><HeartRateBpm><Value>145</Value></HeartRateBpm><Cadence>32</Cadence><Extensions><ns3:TPX><ns3:Speed>1.4500000476837158</ns3:Speed><ns3:Pace>0.68</ns3:Pace></ns3:TPX></Extensions></Trackpoint><Trackpoint><Time>2026-01-27T22:01:00Z</Time><Position><LatitudeDegrees>-8.0470264</LatitudeDegrees><LongitudeDegrees>-34.93404041</LongitudeDegrees></Position><HeartRateBpm><Value>144</Value></HeartRateBpm><Cadence>32</Cadence><Extensions><ns3:TPX><ns3:Speed>1.4500000476837158</ns3:Speed><ns3:Pace>0.68</ns3:Pace></ns3:TPX></Extensions></Trackpoint><Trackpoint><Time>2026-01-27T22:01:01Z</Time><Position><LatitudeDegrees>-8.04702707</LatitudeDegrees><LongitudeDegrees>-34.93405373</LongitudeDegrees></Position><HeartRateBpm><Value>144</Value></HeartRateBpm><Cadence>32</Cadence><Extensions><ns3:TPX><ns3:Speed>1.4500000476837158</ns3:Speed><ns3:Pace>0.68</ns3:Pace></ns3:TPX></Extensions></Trackpoint><Trackpoint><Time>2026-01-27T22:01:02Z</Time><Position><LatitudeDegrees>-8.04702872</LatitudeDegrees><LongitudeDegrees>-34.93406573</LongitudeDegrees></Position><HeartRateBpm><Value>143</Value></HeartRateBpm><Cadence>32</Cadence><Extensions><ns3:TPX><ns3:Speed>1.4500000476837158</ns3:Speed><ns3:Pace>0.68</ns3:Pace></ns3:TPX></Extensions></Trackpoint><Trackpoint><Time>2026-01-27T22:01:03Z</Time><Position><LatitudeDegrees>-8.04703006</LatitudeDegrees><LongitudeDegrees>-34.93407639</LongitudeDegrees></Position><HeartRateBpm><Value>142</Value></HeartRateBpm><Cadence>32</Cadence><Extensions><ns3:TPX><ns3:Speed>1.4500000476837158</ns3:Speed><ns3:Pace>0.68</ns3:Pace></ns3:TPX></Extensions></Trackpoint><Trackpoint><Time>2026-01-27T22:01:04Z</Time><Position><LatitudeDegrees>-8.04702973</LatitudeDegrees><LongitudeDegrees>-34.93408605</LongitudeDegrees></Position><HeartRateBpm><Value>141</Value></HeartRateBpm><Cadence>32</Cadence><Extensions><ns3:TPX><ns3:Speed>1.4500000476837158</ns3:Speed><ns3:Pace>0.68</ns3:Pace></ns3:TPX></Extensions></Trackpoint><Trackpoint><Time>2026-01-27T22:01:05Z</Time><Position><LatitudeDegrees>-8.04702773</LatitudeDegrees><LongitudeDegrees>-34.93409639</LongitudeDegrees></Position><HeartRateBpm><Value>141</Value></HeartRateBpm><Cadence>32</Cadence><Extensions><ns3:TPX><ns3:Speed>1.4500000476837158</ns3:Speed><ns3:Pace>0.69</ns3:Pace></ns3:TPX></Extensions></Trackpoint><Trackpoint><Time>2026-01-27T22:01:06Z</Time><Position><LatitudeDegrees>-8.04702607</LatitudeDegrees><LongitudeDegrees>-34.93410671</LongitudeDegrees></Position><HeartRateBpm><Value>140</Value></HeartRateBpm><Cadence>32</Cadence><Extensions><ns3:TPX><ns3:Speed>1.440000057220459</ns3:Speed><ns3:Pace>0.69</ns3:Pace></ns3:TPX></Extensions></Trackpoint><Trackpoint><Time>2026-01-27T22:01:07Z</Time><Position><LatitudeDegrees>-8.0470254</LatitudeDegrees><LongitudeDegrees>-34.93411671</LongitudeDegrees></Position><HeartRateBpm><Value>138</Value></HeartRateBpm><Cadence>33</Cadence><Extensions><ns3:TPX><ns3:Speed>1.440000057220459</ns3:Speed><ns3:Pace>0.69</ns3:Pace></ns3:TPX></Extensions></Trackpoint><Trackpoint><Time>2026-01-27T22:01:08Z</Time><Position><LatitudeDegrees>-8.0470254</LatitudeDegrees><LongitudeDegrees>-34.93412738</LongitudeDegrees></Position><HeartRateBpm><Value>137</Value></HeartRateBpm><Cadence>32</Cadence><Extensions><ns3:TPX><ns3:Speed>1.440000057220459</ns3:Speed><ns3:Pace>0.69</ns3:Pace></ns3:TPX></Extensions></Trackpoint><Trackpoint><Time>2026-01-27T22:01:09Z</Time><Position><LatitudeDegrees>-8.04702441</LatitudeDegrees><LongitudeDegrees>-34.93413903</LongitudeDegrees></Position><HeartRateBpm><Value>137</Value></HeartRateBpm><Cadence>32</Cadence><Extensions><ns3:TPX><ns3:Speed>1.4299999475479126</ns3:Speed><ns3:Pace>0.7</ns3:Pace></ns3:TPX></Extensions></Trackpoint><Trackpoint><Time>2026-01-27T22:01:10Z</Time><Position><LatitudeDegrees>-8.04702309</LatitudeDegrees><LongitudeDegrees>-34.93415037</LongitudeDegrees></Position><HeartRateBpm><Value>136</Value></HeartRateBpm><Cadence>31</Cadence><Extensions><ns3:TPX><ns3:Speed>1.4199999570846558</ns3:Speed><ns3:Pace>0.7</ns3:Pace></ns3:TPX></Extensions></Trackpoint><Trackpoint><Time>2026-01-27T22:01:11Z</Time><Position><LatitudeDegrees>-8.04702242</LatitudeDegrees><LongitudeDegrees>-34.93416269</LongitudeDegrees></Position><HeartRateBpm><Value>136</Value></HeartRateBpm><Cadence>31</Cadence><Extensions><ns3:TPX><ns3:Speed>1.4199999570846558</ns3:Speed><ns3:Pace>0.7</ns3:Pace></ns3:TPX></Extensions></Trackpoint><Trackpoint><Time>2026-01-27T22:01:12Z</Time><Position><LatitudeDegrees>-8.04702275</LatitudeDegrees><LongitudeDegrees>-34.93417502</LongitudeDegrees></Position><HeartRateBpm><Value>136</Value></HeartRateBpm><Cadence>32</Cadence><Extensions><ns3:TPX><ns3:Speed>1.4199999570846558</ns3:Speed><ns3:Pace>0.7</ns3:Pace></ns3:TPX></Extensions></Trackpoint><Trackpoint><Time>2026-01-27T22:01:13Z</Time><Position><LatitudeDegrees>-8.04702441</LatitudeDegrees><LongitudeDegrees>-34.93418735</LongitudeDegrees></Position><HeartRateBpm><Value>136</Value></HeartRateBpm><Cadence>32</Cadence><Extensions><ns3:TPX><ns3:Speed>1.409999966621399</ns3:Speed><ns3:Pace>0.7</ns3:Pace></ns3:TPX></Extensions></Trackpoint><Trackpoint><Time>2026-01-27T22:01:14Z</Time><Position><LatitudeDegrees>-8.04702641</LatitudeDegrees><LongitudeDegrees>-34.93419934</LongitudeDegrees></Position><HeartRateBpm><Value>135</Value></HeartRateBpm><Cadence>33</Cadence><Extensions><ns3:TPX><ns3:Speed>1.409999966621399</ns3:Speed><ns3:Pace>0.71</ns3:Pace></ns3:TPX></Extensions></Trackpoint><Trackpoint><Time>2026-01-27T22:01:15Z</Time><Position><LatitudeDegrees>-8.04702773</LatitudeDegrees><LongitudeDegrees>-34.93421234</LongitudeDegrees></Position><HeartRateBpm><Value>135</Value></HeartRateBpm><Cadence>33</Cadence><Extensions><ns3:TPX><ns3:Speed>1.399999976158142</ns3:Speed><ns3:Pace>0.71</ns3:Pace></ns3:TPX></Extensions></Trackpoint><Trackpoint><Time>2026-01-27T22:01:16Z</Time><Position><LatitudeDegrees>-8.04702872</LatitudeDegrees><LongitudeDegrees>-34.93422666</LongitudeDegrees></Position><HeartRateBpm><Value>136</Value></HeartRateBpm><Cadence>33</Cadence><Extensions><ns3:TPX><ns3:Speed>1.399999976158142</ns3:Speed><ns3:Pace>0.71</ns3:Pace></ns3:TPX></Extensions></Trackpoint><Trackpoint><Time>2026-01-27T22:01:17Z</Time><Position><LatitudeDegrees>-8.04702872</LatitudeDegrees><LongitudeDegrees>-34.93424165</LongitudeDegrees></Position><HeartRateBpm><Value>136</Value></HeartRateBpm><Cadence>33</Cadence><Extensions><ns3:TPX><ns3:Speed>1.399999976158142</ns3:Speed><ns3:Pace>0.71</ns3:Pace></ns3:TPX></Extensions></Trackpoint><Trackpoint><Time>2026-01-27T22:01:18Z</Time><Position><LatitudeDegrees>-8.04702872</LatitudeDegrees><LongitudeDegrees>-34.93425665</LongitudeDegrees></Position><HeartRateBpm><Value>136</Value></HeartRateBpm><Cadence>33</Cadence><Extensions><ns3:TPX><ns3:Speed>1.399999976158142</ns3:Speed><ns3:Pace>0.71</ns3:Pace></ns3:TPX></Extensions></Trackpoint><Trackpoint><Time>2026-01-27T22:01:19Z</Time><Position><LatitudeDegrees>-8.0470284</LatitudeDegrees><LongitudeDegrees>-34.93427231</LongitudeDegrees></Position><HeartRateBpm><Value>135</Value></HeartRateBpm><Cadence>33</Cadence><Extensions><ns3:TPX><ns3:Speed>1.3899999856948853</ns3:Speed><ns3:Pace>0.71</ns3:Pace></ns3:TPX></Extensions></Trackpoint><Trackpoint><Time>2026-01-27T22:01:20Z</Time><Position><LatitudeDegrees>-8.04702674</LatitudeDegrees><LongitudeDegrees>-34.93428831</LongitudeDegrees></Position><HeartRateBpm><Value>135</Value></HeartRateBpm><Cadence>33</Cadence><Extensions><ns3:TPX><ns3:Speed>1.3899999856948853</ns3:Speed><ns3:Pace>0.71</ns3:Pace></ns3:TPX></Extensions></Trackpoint><Trackpoint><Time>2026-01-27T22:01:21Z</Time><Position><LatitudeDegrees>-8.04702541</LatitudeDegrees><LongitudeDegrees>-34.93430596</LongitudeDegrees></Position><HeartRateBpm><Value>135</Value></HeartRateBpm><Cadence>33</Cadence><Extensions><ns3:TPX><ns3:Speed>1.3899999856948853</ns3:Speed><ns3:Pace>0.71</ns3:Pace></ns3:TPX></Extensions></Trackpoint><Trackpoint><Time>2026-01-27T22:01:22Z</Time><Position><LatitudeDegrees>-8.04702475</LatitudeDegrees><LongitudeDegrees>-34.93432329</LongitudeDegrees></Position><HeartRateBpm><Value>134</Value></HeartRateBpm><Cadence>33</Cadence><Extensions><ns3:TPX><ns3:Speed>1.399999976158142</ns3:Speed><ns3:Pace>0.71</ns3:Pace></ns3:TPX></Extensions></Trackpoint><Trackpoint><Time>2026-01-27T22:01:23Z</Time><Position><LatitudeDegrees>-8.04702841</LatitudeDegrees><LongitudeDegrees>-34.93434129</LongitudeDegrees></Position><HeartRateBpm><Value>134</Value></HeartRateBpm><Cadence>33</Cadence><Extensions><ns3:TPX><ns3:Speed>1.399999976158142</ns3:Speed><ns3:Pace>0.71</ns3:Pace></ns3:TPX></Extensions></Trackpoint><Trackpoint><Time>2026-01-27T22:01:24Z</Time><Position><LatitudeDegrees>-8.04703174</LatitudeDegrees><LongitudeDegrees>-34.93435728</LongitudeDegrees></Position><HeartRateBpm><Value>133</Value></HeartRateBpm><Cadence>33</Cadence><Extensions><ns3:TPX><ns3:Speed>1.399999976158142</ns3:Speed><ns3:Pace>0.7</ns3:Pace></ns3:TPX></Extensions></Trackpoint><Trackpoint><Time>2026-01-27T22:01:25Z</Time><Position><LatitudeDegrees>-8.0470354</LatitudeDegrees><LongitudeDegrees>-34.93437328</LongitudeDegrees></Position><HeartRateBpm><Value>133</Value></HeartRateBpm><Cadence>33</Cadence><Extensions><ns3:TPX><ns3:Speed>1.409999966621399</ns3:Speed><ns3:Pace>0.7</ns3:Pace></ns3:TPX></Extensions></Trackpoint><Trackpoint><Time>2026-01-27T22:01:26Z</Time><Position><LatitudeDegrees>-8.0470374</LatitudeDegrees><LongitudeDegrees>-34.93438728</LongitudeDegrees></Position><HeartRateBpm><Value>134</Value></HeartRateBpm><Cadence>33</Cadence><Extensions><ns3:TPX><ns3:Speed>1.409999966621399</ns3:Speed><ns3:Pace>0.7</ns3:Pace></ns3:TPX></Extensions></Trackpoint><Trackpoint><Time>2026-01-27T22:01:27Z</Time><Position><LatitudeDegrees>-8.04703906</LatitudeDegrees><LongitudeDegrees>-34.9344026</LongitudeDegrees></Position><HeartRateBpm><Value>134</Value></HeartRateBpm><Cadence>33</Cadence><Extensions><ns3:TPX><ns3:Speed>1.4199999570846558</ns3:Speed><ns3:Pace>0.7</ns3:Pace></ns3:TPX></Extensions></Trackpoint><Trackpoint><Time>2026-01-27T22:01:28Z</Time><Position><LatitudeDegrees>-8.04704005</LatitudeDegrees><LongitudeDegrees>-34.93442127</LongitudeDegrees></Position><HeartRateBpm><Value>134</Value></HeartRateBpm><Cadence>32</Cadence><Extensions><ns3:TPX><ns3:Speed>1.4199999570846558</ns3:Speed><ns3:Pace>0.7</ns3:Pace></ns3:TPX></Extensions></Trackpoint><Trackpoint><Time>2026-01-27T22:01:29Z</Time><Position><LatitudeDegrees>-8.0470407</LatitudeDegrees><LongitudeDegrees>-34.9344396</LongitudeDegrees></Position><HeartRateBpm><Value>134</Value></HeartRateBpm><Cadence>32</Cadence><Extensions><ns3:TPX><ns3:Speed>1.4199999570846558</ns3:Speed><ns3:Pace>0.69</ns3:Pace></ns3:TPX></Extensions></Trackpoint><Trackpoint><Time>2026-01-27T22:01:30Z</Time><Position><LatitudeDegrees>-8.04704237</LatitudeDegrees><LongitudeDegrees>-34.93445526</LongitudeDegrees></Position><HeartRateBpm><Value>135</Value></HeartRateBpm><Cadence>32</Cadence><Extensions><ns3:TPX><ns3:Speed>1.4299999475479126</ns3:Speed><ns3:Pace>0.69</ns3:Pace></ns3:TPX></Extensions></Trackpoint><Trackpoint><Time>2026-01-27T22:01:31Z</Time><Position><LatitudeDegrees>-8.04704436</LatitudeDegrees><LongitudeDegrees>-34.93446792</LongitudeDegrees></Position><HeartRateBpm><Value>135</Value></HeartRateBpm><Cadence>32</Cadence><Extensions><ns3:TPX><ns3:Speed>1.4299999475479126</ns3:Speed><ns3:Pace>0.69</ns3:Pace></ns3:TPX></Extensions></Trackpoint><Trackpoint><Time>2026-01-27T22:01:32Z</Time><Position><LatitudeDegrees>-8.04704603</LatitudeDegrees><LongitudeDegrees>-34.93448025</LongitudeDegrees></Position><HeartRateBpm><Value>135</Value></HeartRateBpm><Cadence>32</Cadence><Extensions><ns3:TPX><ns3:Speed>1.440000057220459</ns3:Speed><ns3:Pace>0.69</ns3:Pace></ns3:TPX></Extensions></Trackpoint><Trackpoint><Time>2026-01-27T22:01:33Z</Time><Position><LatitudeDegrees>-8.04704702</LatitudeDegrees><LongitudeDegrees>-34.93449291</LongitudeDegrees></Position><HeartRateBpm><Value>135</Value></HeartRateBpm><Cadence>32</Cadence><Extensions><ns3:TPX><ns3:Speed>1.440000057220459</ns3:Speed><ns3:Pace>0.69</ns3:Pace></ns3:TPX></Extensions></Trackpoint><Trackpoint><Time>2026-01-27T22:01:34Z</Time><Position><LatitudeDegrees>-8.04704902</LatitudeDegrees><LongitudeDegrees>-34.9345059</LongitudeDegrees></Position><HeartRateBpm><Value>135</Value></HeartRateBpm><Cadence>32</Cadence><Extensions><ns3:TPX><ns3:Speed>1.440000057220459</ns3:Speed><ns3:Pace>0.69</ns3:Pace></ns3:TPX></Extensions></Trackpoint><Trackpoint><Time>2026-01-27T22:01:35Z</Time><Position><LatitudeDegrees>-8.04705235</LatitudeDegrees><LongitudeDegrees>-34.9345189</LongitudeDegrees></Position><HeartRateBpm><Value>135</Value></HeartRateBpm><Cadence>32</Cadence><Extensions><ns3:TPX><ns3:Speed>1.440000057220459</ns3:Speed><ns3:Pace>0.69</ns3:Pace></ns3:TPX></Extensions></Trackpoint><Trackpoint><Time>2026-01-27T22:01:36Z</Time><Position><LatitudeDegrees>-8.04705667</LatitudeDegrees><LongitudeDegrees>-34.93453323</LongitudeDegrees></Position><HeartRateBpm><Value>135</Value></HeartRateBpm><Cadence>32</Cadence><Extensions><ns3:TPX><ns3:Speed>1.440000057220459</ns3:Speed><ns3:Pace>0.69</ns3:Pace></ns3:TPX></Extensions></Trackpoint><Trackpoint><Time>2026-01-27T22:01:37Z</Time><Position><LatitudeDegrees>-8.04706234</LatitudeDegrees><LongitudeDegrees>-34.93454723</LongitudeDegrees></Position><HeartRateBpm><Value>135</Value></HeartRateBpm><Cadence>32</Cadence><Extensions><ns3:TPX><ns3:Speed>1.440000057220459</ns3:Speed><ns3:Pace>0.69</ns3:Pace></ns3:TPX></Extensions></Trackpoint><Trackpoint><Time>2026-01-27T22:01:38Z</Time><Position><LatitudeDegrees>-8.04706701</LatitudeDegrees><LongitudeDegrees>-34.93456255</LongitudeDegrees></Position><HeartRateBpm><Value>135</Value></HeartRateBpm><Cadence>31</Cadence><Extensions><ns3:TPX><ns3:Speed>1.440000057220459</ns3:Speed><ns3:Pace>0.69</ns3:Pace></ns3:TPX></Extensions></Trackpoint><Trackpoint><Time>2026-01-27T22:01:39Z</Time><Position><LatitudeDegrees>-8.04707166</LatitudeDegrees><LongitudeDegrees>-34.93457722</LongitudeDegrees></Position><HeartRateBpm><Value>137</Value></HeartRateBpm><Cadence>31</Cadence><Extensions><ns3:TPX><ns3:Speed>1.440000057220459</ns3:Speed><ns3:Pace>0.69</ns3:Pace></ns3:TPX></Extensions></Trackpoint><Trackpoint><Time>2026-01-27T22:01:40Z</Time><Position><LatitudeDegrees>-8.047075</LatitudeDegrees><LongitudeDegrees>-34.93459154</LongitudeDegrees></Position><HeartRateBpm><Value>138</Value></HeartRateBpm><Cadence>31</Cadence><Extensions><ns3:TPX><ns3:Speed>1.4299999475479126</ns3:Speed><ns3:Pace>0.69</ns3:Pace></ns3:TPX></Extensions></Trackpoint><Trackpoint><Time>2026-01-27T22:01:41Z</Time><Position><LatitudeDegrees>-8.04707833</LatitudeDegrees><LongitudeDegrees>-34.93460486</LongitudeDegrees></Position><HeartRateBpm><Value>138</Value></HeartRateBpm><Cadence>31</Cadence><Extensions><ns3:TPX><ns3:Speed>1.4299999475479126</ns3:Speed><ns3:Pace>0.69</ns3:Pace></ns3:TPX></Extensions></Trackpoint><Trackpoint><Time>2026-01-27T22:01:42Z</Time><Position><LatitudeDegrees>-8.04708132</LatitudeDegrees><LongitudeDegrees>-34.93461786</LongitudeDegrees></Position><HeartRateBpm><Value>138</Value></HeartRateBpm><Cadence>31</Cadence><Extensions><ns3:TPX><ns3:Speed>1.4299999475479126</ns3:Speed><ns3:Pace>0.69</ns3:Pace></ns3:TPX></Extensions></Trackpoint><Trackpoint><Time>2026-01-27T22:01:43Z</Time><Position><LatitudeDegrees>-8.04708332</LatitudeDegrees><LongitudeDegrees>-34.93463019</LongitudeDegrees></Position><HeartRateBpm><Value>138</Value></HeartRateBpm><Cadence>31</Cadence><Extensions><ns3:TPX><ns3:Speed>1.440000057220459</ns3:Speed><ns3:Pace>0.69</ns3:Pace></ns3:TPX></Extensions></Trackpoint><Trackpoint><Time>2026-01-27T22:01:44Z</Time><Position><LatitudeDegrees>-8.04708599</LatitudeDegrees><LongitudeDegrees>-34.93464119</LongitudeDegrees></Position><HeartRateBpm><Value>138</Value></HeartRateBpm><Cadence>32</Cadence><Extensions><ns3:TPX><ns3:Speed>1.440000057220459</ns3:Speed><ns3:Pace>0.69</ns3:Pace></ns3:TPX></Extensions></Trackpoint><Trackpoint><Time>2026-01-27T22:01:45Z</Time><Position><LatitudeDegrees>-8.04708931</LatitudeDegrees><LongitudeDegrees>-34.93465152</LongitudeDegrees></Position><HeartRateBpm><Value>138</Value></HeartRateBpm><Cadence>31</Cadence><Extensions><ns3:TPX><ns3:Speed>1.440000057220459</ns3:Speed><ns3:Pace>0.69</ns3:Pace></ns3:TPX></Extensions></Trackpoint><Trackpoint><Time>2026-01-27T22:01:46Z</Time><Position><LatitudeDegrees>-8.04709131</LatitudeDegrees><LongitudeDegrees>-34.93466219</LongitudeDegrees></Position><HeartRateBpm><Value>138</Value></HeartRateBpm><Cadence>30</Cadence><Extensions><ns3:TPX><ns3:Speed>1.440000057220459</ns3:Speed><ns3:Pace>0.69</ns3:Pace></ns3:TPX></Extensions></Trackpoint><Trackpoint><Time>2026-01-27T22:01:47Z</Time><Position><LatitudeDegrees>-8.04709364</LatitudeDegrees><LongitudeDegrees>-34.93467351</LongitudeDegrees></Position><HeartRateBpm><Value>139</Value></HeartRateBpm><Cadence>30</Cadence><Extensions><ns3:TPX><ns3:Speed>1.440000057220459</ns3:Speed><ns3:Pace>0.69</ns3:Pace></ns3:TPX></Extensions></Trackpoint><Trackpoint><Time>2026-01-27T22:01:48Z</Time><Position><LatitudeDegrees>-8.04709763</LatitudeDegrees><LongitudeDegrees>-34.93468483</LongitudeDegrees></Position><HeartRateBpm><Value>139</Value></HeartRateBpm><Cadence>30</Cadence><Extensions><ns3:TPX><ns3:Speed>1.440000057220459</ns3:Speed><ns3:Pace>0.69</ns3:Pace></ns3:TPX></Extensions></Trackpoint><Trackpoint><Time>2026-01-27T22:01:49Z</Time><Position><LatitudeDegrees>-8.0471003</LatitudeDegrees><LongitudeDegrees>-34.93469482</LongitudeDegrees></Position><HeartRateBpm><Value>139</Value></HeartRateBpm><Cadence>30</Cadence><Extensions><ns3:TPX><ns3:Speed>1.440000057220459</ns3:Speed><ns3:Pace>0.69</ns3:Pace></ns3:TPX></Extensions></Trackpoint><Trackpoint><Time>2026-01-27T22:01:50Z</Time><Position><LatitudeDegrees>-8.0471023</LatitudeDegrees><LongitudeDegrees>-34.93470482</LongitudeDegrees></Position><HeartRateBpm><Value>139</Value></HeartRateBpm><Cadence>31</Cadence><Extensions><ns3:TPX><ns3:Speed>1.4299999475479126</ns3:Speed><ns3:Pace>0.69</ns3:Pace></ns3:TPX></Extensions></Trackpoint><Trackpoint><Time>2026-01-27T22:01:51Z</Time><Position><LatitudeDegrees>-8.04710462</LatitudeDegrees><LongitudeDegrees>-34.93471549</LongitudeDegrees></Position><HeartRateBpm><Value>139</Value></HeartRateBpm><Cadence>31</Cadence><Extensions><ns3:TPX><ns3:Speed>1.4299999475479126</ns3:Speed><ns3:Pace>0.69</ns3:Pace></ns3:TPX></Extensions></Trackpoint><Trackpoint><Time>2026-01-27T22:01:52Z</Time><Position><LatitudeDegrees>-8.04710596</LatitudeDegrees><LongitudeDegrees>-34.93472815</LongitudeDegrees></Position><HeartRateBpm><Value>139</Value></HeartRateBpm><Cadence>31</Cadence><Extensions><ns3:TPX><ns3:Speed>1.4299999475479126</ns3:Speed><ns3:Pace>0.7</ns3:Pace></ns3:TPX></Extensions></Trackpoint><Trackpoint><Time>2026-01-27T22:01:53Z</Time><Position><LatitudeDegrees>-8.04710462</LatitudeDegrees><LongitudeDegrees>-34.93474148</LongitudeDegrees></Position><HeartRateBpm><Value>139</Value></HeartRateBpm><Cadence>31</Cadence><Extensions><ns3:TPX><ns3:Speed>1.4199999570846558</ns3:Speed><ns3:Pace>0.7</ns3:Pace></ns3:TPX></Extensions></Trackpoint><Trackpoint><Time>2026-01-27T22:01:54Z</Time><Position><LatitudeDegrees>-8.0471023</LatitudeDegrees><LongitudeDegrees>-34.93475481</LongitudeDegrees></Position><HeartRateBpm><Value>139</Value></HeartRateBpm><Cadence>31</Cadence><Extensions><ns3:TPX><ns3:Speed>1.4199999570846558</ns3:Speed><ns3:Pace>0.7</ns3:Pace></ns3:TPX></Extensions></Trackpoint><Trackpoint><Time>2026-01-27T22:01:55Z</Time><Position><LatitudeDegrees>-8.04709931</LatitudeDegrees><LongitudeDegrees>-34.9347678</LongitudeDegrees></Position><HeartRateBpm><Value>139</Value></HeartRateBpm><Cadence>31</Cadence><Extensions><ns3:TPX><ns3:Speed>1.4199999570846558</ns3:Speed><ns3:Pace>0.7</ns3:Pace></ns3:TPX></Extensions></Trackpoint><Trackpoint><Time>2026-01-27T22:01:56Z</Time><Position><LatitudeDegrees>-8.04709664</LatitudeDegrees><LongitudeDegrees>-34.93477946</LongitudeDegrees></Position><HeartRateBpm><Value>139</Value></HeartRateBpm><Cadence>31</Cadence><Extensions><ns3:TPX><ns3:Speed>1.409999966621399</ns3:Speed><ns3:Pace>0.7</ns3:Pace></ns3:TPX></Extensions></Trackpoint><Trackpoint><Time>2026-01-27T22:01:57Z</Time><Position><LatitudeDegrees>-8.04709298</LatitudeDegrees><LongitudeDegrees>-34.93479046</LongitudeDegrees></Position><HeartRateBpm><Value>139</Value></HeartRateBpm><Cadence>31</Cadence><Extensions><ns3:TPX><ns3:Speed>1.409999966621399</ns3:Speed><ns3:Pace>0.7</ns3:Pace></ns3:TPX></Extensions></Trackpoint><Trackpoint><Time>2026-01-27T22:01:58Z</Time><Position><LatitudeDegrees>-8.04709032</LatitudeDegrees><LongitudeDegrees>-34.93480079</LongitudeDegrees></Position><HeartRateBpm><Value>139</Value></HeartRateBpm><Cadence>31</Cadence><Extensions><ns3:TPX><ns3:Speed>1.409999966621399</ns3:Speed><ns3:Pace>0.71</ns3:Pace></ns3:TPX></Extensions></Trackpoint><Trackpoint><Time>2026-01-27T22:01:59Z</Time><Position><LatitudeDegrees>-8.04709032</LatitudeDegrees><LongitudeDegrees>-34.93481012</LongitudeDegrees></Position><HeartRateBpm><Value>139</Value></HeartRateBpm><Cadence>27</Cadence><Extensions><ns3:TPX><ns3:Speed>1.399999976158142</ns3:Speed><ns3:Pace>0.71</ns3:Pace></ns3:TPX></Extensions></Trackpoint><Trackpoint><Time>2026-01-27T22:02:00Z</Time><Position><LatitudeDegrees>-8.04709164</LatitudeDegrees><LongitudeDegrees>-34.93481945</LongitudeDegrees></Position><HeartRateBpm><Value>139</Value></HeartRateBpm><Cadence>27</Cadence><Extensions><ns3:TPX><ns3:Speed>1.399999976158142</ns3:Speed><ns3:Pace>0.71</ns3:Pace></ns3:TPX></Extensions></Trackpoint><Trackpoint><Time>2026-01-27T22:02:01Z</Time><Position><LatitudeDegrees>-8.04709164</LatitudeDegrees><LongitudeDegrees>-34.93482977</LongitudeDegrees></Position><HeartRateBpm><Value>139</Value></HeartRateBpm><Cadence>27</Cadence><Extensions><ns3:TPX><ns3:Speed>1.399999976158142</ns3:Speed><ns3:Pace>0.71</ns3:Pace></ns3:TPX></Extensions></Trackpoint><Trackpoint><Time>2026-01-27T22:02:02Z</Time><Position><LatitudeDegrees>-8.04709064</LatitudeDegrees><LongitudeDegrees>-34.93484143</LongitudeDegrees></Position><HeartRateBpm><Value>139</Value></HeartRateBpm><Cadence>27</Cadence><Extensions><ns3:TPX><ns3:Speed>1.399999976158142</ns3:Speed><ns3:Pace>0.71</ns3:Pace></ns3:TPX></Extensions></Trackpoint><Trackpoint><Time>2026-01-27T22:02:03Z</Time><Position><LatitudeDegrees>-8.04708965</LatitudeDegrees><LongitudeDegrees>-34.93485443</LongitudeDegrees></Position><HeartRateBpm><Value>139</Value></HeartRateBpm><Cadence>27</Cadence><Extensions><ns3:TPX><ns3:Speed>1.3899999856948853</ns3:Speed><ns3:Pace>0.71</ns3:Pace></ns3:TPX></Extensions></Trackpoint><Trackpoint><Time>2026-01-27T22:02:04Z</Time><Position><LatitudeDegrees>-8.04708866</LatitudeDegrees><LongitudeDegrees>-34.93486676</LongitudeDegrees></Position><HeartRateBpm><Value>139</Value></HeartRateBpm><Cadence>27</Cadence><Extensions><ns3:TPX><ns3:Speed>1.3899999856948853</ns3:Speed><ns3:Pace>0.72</ns3:Pace></ns3:TPX></Extensions></Trackpoint><Trackpoint><Time>2026-01-27T22:02:05Z</Time><Position><LatitudeDegrees>-8.04708766</LatitudeDegrees><LongitudeDegrees>-34.93487942</LongitudeDegrees></Position><HeartRateBpm><Value>139</Value></HeartRateBpm><Cadence>27</Cadence><Extensions><ns3:TPX><ns3:Speed>1.3799999952316284</ns3:Speed><ns3:Pace>0.72</ns3:Pace></ns3:TPX></Extensions></Trackpoint><Trackpoint><Time>2026-01-27T22:02:06Z</Time><Position><LatitudeDegrees>-8.04708766</LatitudeDegrees><LongitudeDegrees>-34.93489141</LongitudeDegrees></Position><HeartRateBpm><Value>139</Value></HeartRateBpm><Cadence>27</Cadence><Extensions><ns3:TPX><ns3:Speed>1.3799999952316284</ns3:Speed><ns3:Pace>0.72</ns3:Pace></ns3:TPX></Extensions></Trackpoint><Trackpoint><Time>2026-01-27T22:02:07Z</Time><Position><LatitudeDegrees>-8.04708866</LatitudeDegrees><LongitudeDegrees>-34.93490241</LongitudeDegrees></Position><HeartRateBpm><Value>139</Value></HeartRateBpm><Cadence>27</Cadence><Extensions><ns3:TPX><ns3:Speed>1.3799999952316284</ns3:Speed><ns3:Pace>0.72</ns3:Pace></ns3:TPX></Extensions></Trackpoint><Trackpoint><Time>2026-01-27T22:02:08Z</Time><Position><LatitudeDegrees>-8.04709032</LatitudeDegrees><LongitudeDegrees>-34.93491407</LongitudeDegrees></Position><HeartRateBpm><Value>139</Value></HeartRateBpm><Cadence>27</Cadence><Extensions><ns3:TPX><ns3:Speed>1.3799999952316284</ns3:Speed><ns3:Pace>0.72</ns3:Pace></ns3:TPX></Extensions></Trackpoint><Trackpoint><Time>2026-01-27T22:02:09Z</Time><Position><LatitudeDegrees>-8.04709264</LatitudeDegrees><LongitudeDegrees>-34.93492607</LongitudeDegrees></Position><HeartRateBpm><Value>140</Value></HeartRateBpm><Cadence>27</Cadence><Extensions><ns3:TPX><ns3:Speed>1.3700000047683716</ns3:Speed><ns3:Pace>0.72</ns3:Pace></ns3:TPX></Extensions></Trackpoint><Trackpoint><Time>2026-01-27T22:02:10Z</Time><Position><LatitudeDegrees>-8.04709464</LatitudeDegrees><LongitudeDegrees>-34.93493906</LongitudeDegrees></Position><HeartRateBpm><Value>138</Value></HeartRateBpm><Cadence>31</Cadence><Extensions><ns3:TPX><ns3:Speed>1.3700000047683716</ns3:Speed><ns3:Pace>0.73</ns3:Pace></ns3:TPX></Extensions></Trackpoint><Trackpoint><Time>2026-01-27T22:02:11Z</Time><Position><LatitudeDegrees>-8.04709664</LatitudeDegrees><LongitudeDegrees>-34.93495272</LongitudeDegrees></Position><HeartRateBpm><Value>137</Value></HeartRateBpm><Cadence>32</Cadence><Extensions><ns3:TPX><ns3:Speed>1.3600000143051147</ns3:Speed><ns3:Pace>0.73</ns3:Pace></ns3:TPX></Extensions></Trackpoint><Trackpoint><Time>2026-01-27T22:02:12Z</Time><Position><LatitudeDegrees>-8.0470983</LatitudeDegrees><LongitudeDegrees>-34.93496606</LongitudeDegrees></Position><HeartRateBpm><Value>137</Value></HeartRateBpm><Cadence>31</Cadence><Extensions><ns3:TPX><ns3:Speed>1.3600000143051147</ns3:Speed><ns3:Pace>0.73</ns3:Pace></ns3:TPX></Extensions></Trackpoint><Trackpoint><Time>2026-01-27T22:02:13Z</Time><Position><LatitudeDegrees>-8.04710129</LatitudeDegrees><LongitudeDegrees>-34.93498071</LongitudeDegrees></Position><HeartRateBpm><Value>137</Value></HeartRateBpm><Cadence>31</Cadence><Extensions><ns3:TPX><ns3:Speed>1.3600000143051147</ns3:Speed><ns3:Pace>0.73</ns3:Pace></ns3:TPX></Extensions></Trackpoint><Trackpoint><Time>2026-01-27T22:02:14Z</Time><Position><LatitudeDegrees>-8.04710429</LatitudeDegrees><LongitudeDegrees>-34.93499604</LongitudeDegrees></Position><HeartRateBpm><Value>137</Value></HeartRateBpm><Cadence>31</Cadence><Extensions><ns3:TPX><ns3:Speed>1.3600000143051147</ns3:Speed><ns3:Pace>0.73</ns3:Pace></ns3:TPX></Extensions></Trackpoint><Trackpoint><Time>2026-01-27T22:02:15Z</Time><Position><LatitudeDegrees>-8.04710695</LatitudeDegrees><LongitudeDegrees>-34.93501104</LongitudeDegrees></Position><HeartRateBpm><Value>137</Value></HeartRateBpm><Cadence>31</Cadence><Extensions><ns3:TPX><ns3:Speed>1.3600000143051147</ns3:Speed><ns3:Pace>0.73</ns3:Pace></ns3:TPX></Extensions></Trackpoint><Trackpoint><Time>2026-01-27T22:02:16Z</Time><Position><LatitudeDegrees>-8.04710895</LatitudeDegrees><LongitudeDegrees>-34.93502569</LongitudeDegrees></Position><HeartRateBpm><Value>136</Value></HeartRateBpm><Cadence>31</Cadence><Extensions><ns3:TPX><ns3:Speed>1.3600000143051147</ns3:Speed><ns3:Pace>0.73</ns3:Pace></ns3:TPX></Extensions></Trackpoint><Trackpoint><Time>2026-01-27T22:02:17Z</Time><Position><LatitudeDegrees>-8.04711128</LatitudeDegrees><LongitudeDegrees>-34.93503936</LongitudeDegrees></Position><HeartRateBpm><Value>135</Value></HeartRateBpm><Cadence>31</Cadence><Extensions><ns3:TPX><ns3:Speed>1.3600000143051147</ns3:Speed><ns3:Pace>0.73</ns3:Pace></ns3:TPX></Extensions></Trackpoint><Trackpoint><Time>2026-01-27T22:02:18Z</Time><Position><LatitudeDegrees>-8.0471136</LatitudeDegrees><LongitudeDegrees>-34.93505336</LongitudeDegrees></Position><HeartRateBpm><Value>135</Value></HeartRateBpm><Cadence>31</Cadence><Extensions><ns3:TPX><ns3:Speed>1.3600000143051147</ns3:Speed><ns3:Pace>0.73</ns3:Pace></ns3:TPX></Extensions></Trackpoint><Trackpoint><Time>2026-01-27T22:02:19Z</Time><Position><LatitudeDegrees>-8.04711526</LatitudeDegrees><LongitudeDegrees>-34.93506669</LongitudeDegrees></Position><HeartRateBpm><Value>135</Value></HeartRateBpm><Cadence>31</Cadence><Extensions><ns3:TPX><ns3:Speed>1.3600000143051147</ns3:Speed><ns3:Pace>0.73</ns3:Pace></ns3:TPX></Extensions></Trackpoint><Trackpoint><Time>2026-01-27T22:02:20Z</Time><Position><LatitudeDegrees>-8.04711759</LatitudeDegrees><LongitudeDegrees>-34.93508035</LongitudeDegrees></Position><HeartRateBpm><Value>135</Value></HeartRateBpm><Cadence>31</Cadence><Extensions><ns3:TPX><ns3:Speed>1.3600000143051147</ns3:Speed><ns3:Pace>0.73</ns3:Pace></ns3:TPX></Extensions></Trackpoint><Trackpoint><Time>2026-01-27T22:02:21Z</Time><Position><LatitudeDegrees>-8.04711892</LatitudeDegrees><LongitudeDegrees>-34.93509468</LongitudeDegrees></Position><HeartRateBpm><Value>135</Value></HeartRateBpm><Cadence>31</Cadence><Extensions><ns3:TPX><ns3:Speed>1.3600000143051147</ns3:Speed><ns3:Pace>0.72</ns3:Pace></ns3:TPX></Extensions></Trackpoint><Trackpoint><Time>2026-01-27T22:02:22Z</Time><Position><LatitudeDegrees>-8.04712125</LatitudeDegrees><LongitudeDegrees>-34.93510967</LongitudeDegrees></Position><HeartRateBpm><Value>135</Value></HeartRateBpm><Cadence>31</Cadence><Extensions><ns3:TPX><ns3:Speed>1.3700000047683716</ns3:Speed><ns3:Pace>0.72</ns3:Pace></ns3:TPX></Extensions></Trackpoint><Trackpoint><Time>2026-01-27T22:02:23Z</Time><Position><LatitudeDegrees>-8.04712192</LatitudeDegrees><LongitudeDegrees>-34.93512466</LongitudeDegrees></Position><HeartRateBpm><Value>135</Value></HeartRateBpm><Cadence>31</Cadence><Extensions><ns3:TPX><ns3:Speed>1.3700000047683716</ns3:Speed><ns3:Pace>0.72</ns3:Pace></ns3:TPX></Extensions></Trackpoint><Trackpoint><Time>2026-01-27T22:02:24Z</Time><Position><LatitudeDegrees>-8.04712159</LatitudeDegrees><LongitudeDegrees>-34.93513966</LongitudeDegrees></Position><HeartRateBpm><Value>136</Value></HeartRateBpm><Cadence>64</Cadence><Extensions><ns3:TPX><ns3:Speed>1.3700000047683716</ns3:Speed><ns3:Pace>0.72</ns3:Pace></ns3:TPX></Extensions></Trackpoint><Trackpoint><Time>2026-01-27T22:02:25Z</Time><Position><LatitudeDegrees>-8.04712059</LatitudeDegrees><LongitudeDegrees>-34.93515465</LongitudeDegrees></Position><HeartRateBpm><Value>136</Value></HeartRateBpm><Cadence>64</Cadence><Extensions><ns3:TPX><ns3:Speed>1.3700000047683716</ns3:Speed><ns3:Pace>0.72</ns3:Pace></ns3:TPX></Extensions></Trackpoint><Trackpoint><Time>2026-01-27T22:02:26Z</Time><Position><LatitudeDegrees>-8.04711994</LatitudeDegrees><LongitudeDegrees>-34.93516964</LongitudeDegrees></Position><HeartRateBpm><Value>136</Value></HeartRateBpm><Cadence>64</Cadence><Extensions><ns3:TPX><ns3:Speed>1.3799999952316284</ns3:Speed><ns3:Pace>0.72</ns3:Pace></ns3:TPX></Extensions></Trackpoint><Trackpoint><Time>2026-01-27T22:02:27Z</Time><Position><LatitudeDegrees>-8.04711961</LatitudeDegrees><LongitudeDegrees>-34.9351843</LongitudeDegrees></Position><HeartRateBpm><Value>136</Value></HeartRateBpm><Cadence>65</Cadence><Extensions><ns3:TPX><ns3:Speed>1.3799999952316284</ns3:Speed><ns3:Pace>0.72</ns3:Pace></ns3:TPX></Extensions></Trackpoint><Trackpoint><Time>2026-01-27T22:02:28Z</Time><Position><LatitudeDegrees>-8.04711994</LatitudeDegrees><LongitudeDegrees>-34.93519763</LongitudeDegrees></Position><HeartRateBpm><Value>135</Value></HeartRateBpm><Cadence>65</Cadence><Extensions><ns3:TPX><ns3:Speed>1.3799999952316284</ns3:Speed><ns3:Pace>0.71</ns3:Pace></ns3:TPX></Extensions></Trackpoint><Trackpoint><Time>2026-01-27T22:02:29Z</Time><Position><LatitudeDegrees>-8.04711994</LatitudeDegrees><LongitudeDegrees>-34.9352113</LongitudeDegrees></Position><HeartRateBpm><Value>135</Value></HeartRateBpm><Cadence>64</Cadence><Extensions><ns3:TPX><ns3:Speed>1.3899999856948853</ns3:Speed><ns3:Pace>0.71</ns3:Pace></ns3:TPX></Extensions></Trackpoint><Trackpoint><Time>2026-01-27T22:02:30Z</Time><Position><LatitudeDegrees>-8.04711961</LatitudeDegrees><LongitudeDegrees>-34.93522463</LongitudeDegrees></Position><HeartRateBpm><Value>134</Value></HeartRateBpm><Cadence>64</Cadence><Extensions><ns3:TPX><ns3:Speed>1.3899999856948853</ns3:Speed><ns3:Pace>0.71</ns3:Pace></ns3:TPX></Extensions></Trackpoint><Trackpoint><Time>2026-01-27T22:02:31Z</Time><Position><LatitudeDegrees>-8.04711829</LatitudeDegrees><LongitudeDegrees>-34.93523863</LongitudeDegrees></Position><HeartRateBpm><Value>134</Value></HeartRateBpm><Cadence>64</Cadence><Extensions><ns3:TPX><ns3:Speed>1.3899999856948853</ns3:Speed><ns3:Pace>0.71</ns3:Pace></ns3:TPX></Extensions></Trackpoint><Trackpoint><Time>2026-01-27T22:02:32Z</Time><Position><LatitudeDegrees>-8.04711729</LatitudeDegrees><LongitudeDegrees>-34.9352523</LongitudeDegrees></Position><HeartRateBpm><Value>133</Value></HeartRateBpm><Cadence>63</Cadence><Extensions><ns3:TPX><ns3:Speed>1.399999976158142</ns3:Speed><ns3:Pace>0.71</ns3:Pace></ns3:TPX></Extensions></Trackpoint><Trackpoint><Time>2026-01-27T22:02:33Z</Time><Position><LatitudeDegrees>-8.04711662</LatitudeDegrees><LongitudeDegrees>-34.93526696</LongitudeDegrees></Position><HeartRateBpm><Value>132</Value></HeartRateBpm><Cadence>63</Cadence><Extensions><ns3:TPX><ns3:Speed>1.399999976158142</ns3:Speed><ns3:Pace>0.71</ns3:Pace></ns3:TPX></Extensions></Trackpoint><Trackpoint><Time>2026-01-27T22:02:34Z</Time><Position><LatitudeDegrees>-8.0471153</LatitudeDegrees><LongitudeDegrees>-34.93528128</LongitudeDegrees></Position><HeartRateBpm><Value>131</Value></HeartRateBpm><Cadence>63</Cadence><Extensions><ns3:TPX><ns3:Speed>1.399999976158142</ns3:Speed><ns3:Pace>0.7</ns3:Pace></ns3:TPX></Extensions></Trackpoint><Trackpoint><Time>2026-01-27T22:02:35Z</Time><Position><LatitudeDegrees>-8.04711464</LatitudeDegrees><LongitudeDegrees>-34.93529528</LongitudeDegrees></Position><HeartRateBpm><Value>131</Value></HeartRateBpm><Cadence>63</Cadence><Extensions><ns3:TPX><ns3:Speed>1.409999966621399</ns3:Speed><ns3:Pace>0.7</ns3:Pace></ns3:TPX></Extensions></Trackpoint><Trackpoint><Time>2026-01-27T22:02:36Z</Time><Position><LatitudeDegrees>-8.04711497</LatitudeDegrees><LongitudeDegrees>-34.9353096</LongitudeDegrees></Position><HeartRateBpm><Value>131</Value></HeartRateBpm><Cadence>65</Cadence><Extensions><ns3:TPX><ns3:Speed>1.409999966621399</ns3:Speed><ns3:Pace>0.7</ns3:Pace></ns3:TPX></Extensions></Trackpoint><Trackpoint><Time>2026-01-27T22:02:37Z</Time><Position><LatitudeDegrees>-8.04711562</LatitudeDegrees><LongitudeDegrees>-34.93532393</LongitudeDegrees></Position><HeartRateBpm><Value>131</Value></HeartRateBpm><Cadence>65</Cadence><Extensions><ns3:TPX><ns3:Speed>1.409999966621399</ns3:Speed><ns3:Pace>0.7</ns3:Pace></ns3:TPX></Extensions></Trackpoint><Trackpoint><Time>2026-01-27T22:02:38Z</Time><Position><LatitudeDegrees>-8.04711562</LatitudeDegrees><LongitudeDegrees>-34.93533825</LongitudeDegrees></Position><HeartRateBpm><Value>131</Value></HeartRateBpm><Cadence>64</Cadence><Extensions><ns3:TPX><ns3:Speed>1.409999966621399</ns3:Speed><ns3:Pace>0.7</ns3:Pace></ns3:TPX></Extensions></Trackpoint><Trackpoint><Time>2026-01-27T22:02:39Z</Time><Position><LatitudeDegrees>-8.04711661</LatitudeDegrees><LongitudeDegrees>-34.93535257</LongitudeDegrees></Position><HeartRateBpm><Value>131</Value></HeartRateBpm><Cadence>64</Cadence><Extensions><ns3:TPX><ns3:Speed>1.409999966621399</ns3:Speed><ns3:Pace>0.7</ns3:Pace></ns3:TPX></Extensions></Trackpoint><Trackpoint><Time>2026-01-27T22:02:40Z</Time><Position><LatitudeDegrees>-8.04711728</LatitudeDegrees><LongitudeDegrees>-34.93536757</LongitudeDegrees></Position><HeartRateBpm><Value>131</Value></HeartRateBpm><Cadence>64</Cadence><Extensions><ns3:TPX><ns3:Speed>1.4199999570846558</ns3:Speed><ns3:Pace>0.7</ns3:Pace></ns3:TPX></Extensions></Trackpoint><Trackpoint><Time>2026-01-27T22:02:41Z</Time><Position><LatitudeDegrees>-8.04711728</LatitudeDegrees><LongitudeDegrees>-34.9353839</LongitudeDegrees></Position><HeartRateBpm><Value>130</Value></HeartRateBpm><Cadence>64</Cadence><Extensions><ns3:TPX><ns3:Speed>1.4199999570846558</ns3:Speed><ns3:Pace>0.7</ns3:Pace></ns3:TPX></Extensions></Trackpoint><Trackpoint><Time>2026-01-27T22:02:42Z</Time><Position><LatitudeDegrees>-8.04711562</LatitudeDegrees><LongitudeDegrees>-34.93539956</LongitudeDegrees></Position><HeartRateBpm><Value>130</Value></HeartRateBpm><Cadence>64</Cadence><Extensions><ns3:TPX><ns3:Speed>1.4199999570846558</ns3:Speed><ns3:Pace>0.7</ns3:Pace></ns3:TPX></Extensions></Trackpoint><Trackpoint><Time>2026-01-27T22:02:43Z</Time><Position><LatitudeDegrees>-8.0471113</LatitudeDegrees><LongitudeDegrees>-34.93541455</LongitudeDegrees></Position><HeartRateBpm><Value>130</Value></HeartRateBpm><Cadence>64</Cadence><Extensions><ns3:TPX><ns3:Speed>1.4199999570846558</ns3:Speed><ns3:Pace>0.69</ns3:Pace></ns3:TPX></Extensions></Trackpoint><Trackpoint><Time>2026-01-27T22:02:44Z</Time><Position><LatitudeDegrees>-8.04710498</LatitudeDegrees><LongitudeDegrees>-34.93542855</LongitudeDegrees></Position><HeartRateBpm><Value>131</Value></HeartRateBpm><Cadence>64</Cadence><Extensions><ns3:TPX><ns3:Speed>1.4299999475479126</ns3:Speed><ns3:Pace>0.69</ns3:Pace></ns3:TPX></Extensions></Trackpoint><Trackpoint><Time>2026-01-27T22:02:45Z</Time><Position><LatitudeDegrees>-8.04709731</LatitudeDegrees><LongitudeDegrees>-34.93544222</LongitudeDegrees></Position><HeartRateBpm><Value>131</Value></HeartRateBpm><Cadence>64</Cadence><Extensions><ns3:TPX><ns3:Speed>1.4299999475479126</ns3:Speed><ns3:Pace>0.69</ns3:Pace></ns3:TPX></Extensions></Trackpoint><Trackpoint><Time>2026-01-27T22:02:46Z</Time><Position><LatitudeDegrees>-8.04709031</LatitudeDegrees><LongitudeDegrees>-34.93545589</LongitudeDegrees></Position><HeartRateBpm><Value>132</Value></HeartRateBpm><Cadence>64</Cadence><Extensions><ns3:TPX><ns3:Speed>1.440000057220459</ns3:Speed><ns3:Pace>0.69</ns3:Pace></ns3:TPX></Extensions></Trackpoint><Trackpoint><Time>2026-01-27T22:02:47Z</Time><Position><LatitudeDegrees>-8.04708331</LatitudeDegrees><LongitudeDegrees>-34.93546821</LongitudeDegrees></Position><HeartRateBpm><Value>132</Value></HeartRateBpm><Cadence>64</Cadence><Extensions><ns3:TPX><ns3:Speed>1.440000057220459</ns3:Speed><ns3:Pace>0.68</ns3:Pace></ns3:TPX></Extensions></Trackpoint><Trackpoint><Time>2026-01-27T22:02:48Z</Time><Position><LatitudeDegrees>-8.04707631</LatitudeDegrees><LongitudeDegrees>-34.93547921</LongitudeDegrees></Position><HeartRateBpm><Value>133</Value></HeartRateBpm><Cadence>64</Cadence><Extensions><ns3:TPX><ns3:Speed>1.4500000476837158</ns3:Speed><ns3:Pace>0.68</ns3:Pace></ns3:TPX></Extensions></Trackpoint><Trackpoint><Time>2026-01-27T22:02:49Z</Time><Position><LatitudeDegrees>-8.04706898</LatitudeDegrees><LongitudeDegrees>-34.93548888</LongitudeDegrees></Position><HeartRateBpm><Value>133</Value></HeartRateBpm><Cadence>64</Cadence><Extensions><ns3:TPX><ns3:Speed>1.4500000476837158</ns3:Speed><ns3:Pace>0.68</ns3:Pace></ns3:TPX></Extensions></Trackpoint><Trackpoint><Time>2026-01-27T22:02:50Z</Time><Position><LatitudeDegrees>-8.04706232</LatitudeDegrees><LongitudeDegrees>-34.93549887</LongitudeDegrees></Position><HeartRateBpm><Value>133</Value></HeartRateBpm><Cadence>64</Cadence><Extensions><ns3:TPX><ns3:Speed>1.4500000476837158</ns3:Speed><ns3:Pace>0.68</ns3:Pace></ns3:TPX></Extensions></Trackpoint><Trackpoint><Time>2026-01-27T22:02:51Z</Time><Position><LatitudeDegrees>-8.04705733</LatitudeDegrees><LongitudeDegrees>-34.93550853</LongitudeDegrees></Position><HeartRateBpm><Value>134</Value></HeartRateBpm><Cadence>62</Cadence><Extensions><ns3:TPX><ns3:Speed>1.4600000381469727</ns3:Speed><ns3:Pace>0.68</ns3:Pace></ns3:TPX></Extensions></Trackpoint><Trackpoint><Time>2026-01-27T22:02:52Z</Time><Position><LatitudeDegrees>-8.04705301</LatitudeDegrees><LongitudeDegrees>-34.93551852</LongitudeDegrees></Position><HeartRateBpm><Value>134</Value></HeartRateBpm><Cadence>63</Cadence><Extensions><ns3:TPX><ns3:Speed>1.4600000381469727</ns3:Speed><ns3:Pace>0.68</ns3:Pace></ns3:TPX></Extensions></Trackpoint><Trackpoint><Time>2026-01-27T22:02:53Z</Time><Position><LatitudeDegrees>-8.04705001</LatitudeDegrees><LongitudeDegrees>-34.93552819</LongitudeDegrees></Position><HeartRateBpm><Value>134</Value></HeartRateBpm><Cadence>63</Cadence><Extensions><ns3:TPX><ns3:Speed>1.4600000381469727</ns3:Speed><ns3:Pace>0.68</ns3:Pace></ns3:TPX></Extensions></Trackpoint><Trackpoint><Time>2026-01-27T22:02:54Z</Time><Position><LatitudeDegrees>-8.04704802</LatitudeDegrees><LongitudeDegrees>-34.93553951</LongitudeDegrees></Position><HeartRateBpm><Value>135</Value></HeartRateBpm><Cadence>63</Cadence><Extensions><ns3:TPX><ns3:Speed>1.4600000381469727</ns3:Speed><ns3:Pace>0.68</ns3:Pace></ns3:TPX></Extensions></Trackpoint><Trackpoint><Time>2026-01-27T22:02:55Z</Time><Position><LatitudeDegrees>-8.04704668</LatitudeDegrees><LongitudeDegrees>-34.93555051</LongitudeDegrees></Position><HeartRateBpm><Value>136</Value></HeartRateBpm><Cadence>63</Cadence><Extensions><ns3:TPX><ns3:Speed>1.4600000381469727</ns3:Speed><ns3:Pace>0.68</ns3:Pace></ns3:TPX></Extensions></Trackpoint><Trackpoint><Time>2026-01-27T22:02:56Z</Time><Position><LatitudeDegrees>-8.04704569</LatitudeDegrees><LongitudeDegrees>-34.9355615</LongitudeDegrees></Position><HeartRateBpm><Value>136</Value></HeartRateBpm><Cadence>63</Cadence><Extensions><ns3:TPX><ns3:Speed>1.4600000381469727</ns3:Speed><ns3:Pace>0.68</ns3:Pace></ns3:TPX></Extensions></Trackpoint><Trackpoint><Time>2026-01-27T22:02:57Z</Time><Position><LatitudeDegrees>-8.04704635</LatitudeDegrees><LongitudeDegrees>-34.9355725</LongitudeDegrees></Position><HeartRateBpm><Value>136</Value></HeartRateBpm><Cadence>63</Cadence><Extensions><ns3:TPX><ns3:Speed>1.4500000476837158</ns3:Speed><ns3:Pace>0.69</ns3:Pace></ns3:TPX></Extensions></Trackpoint><Trackpoint><Time>2026-01-27T22:02:58Z</Time><Position><LatitudeDegrees>-8.04704767</LatitudeDegrees><LongitudeDegrees>-34.9355845</LongitudeDegrees></Position><HeartRateBpm><Value>136</Value></HeartRateBpm><Cadence>63</Cadence><Extensions><ns3:TPX><ns3:Speed>1.440000057220459</ns3:Speed><ns3:Pace>0.69</ns3:Pace></ns3:TPX></Extensions></Trackpoint><Trackpoint><Time>2026-01-27T22:02:59Z</Time><Position><LatitudeDegrees>-8.04704901</LatitudeDegrees><LongitudeDegrees>-34.93559683</LongitudeDegrees></Position><HeartRateBpm><Value>134</Value></HeartRateBpm><Cadence>63</Cadence><Extensions><ns3:TPX><ns3:Speed>1.4299999475479126</ns3:Speed><ns3:Pace>0.7</ns3:Pace></ns3:TPX></Extensions></Trackpoint><Trackpoint><Time>2026-01-27T22:03:00Z</Time><Position><LatitudeDegrees>-8.04705067</LatitudeDegrees><LongitudeDegrees>-34.93560815</LongitudeDegrees></Position><HeartRateBpm><Value>134</Value></HeartRateBpm><Cadence>63</Cadence><Extensions><ns3:TPX><ns3:Speed>1.4199999570846558</ns3:Speed><ns3:Pace>0.7</ns3:Pace></ns3:TPX></Extensions></Trackpoint><Trackpoint><Time>2026-01-27T22:03:01Z</Time><Position><LatitudeDegrees>-8.04705001</LatitudeDegrees><LongitudeDegrees>-34.93561947</LongitudeDegrees></Position><HeartRateBpm><Value>134</Value></HeartRateBpm><Cadence>31</Cadence><Extensions><ns3:TPX><ns3:Speed>1.4199999570846558</ns3:Speed><ns3:Pace>0.7</ns3:Pace></ns3:TPX></Extensions></Trackpoint><Trackpoint><Time>2026-01-27T22:03:02Z</Time><Position><LatitudeDegrees>-8.04704602</LatitudeDegrees><LongitudeDegrees>-34.9356438</LongitudeDegrees></Position><HeartRateBpm><Value>134</Value></HeartRateBpm><Cadence>32</Cadence><Extensions><ns3:TPX><ns3:Speed>1.409999966621399</ns3:Speed><ns3:Pace>0.71</ns3:Pace></ns3:TPX></Extensions></Trackpoint><Trackpoint><Time>2026-01-27T22:03:03Z</Time><Position><LatitudeDegrees>-8.04704535</LatitudeDegrees><LongitudeDegrees>-34.93565812</LongitudeDegrees></Position><HeartRateBpm><Value>135</Value></HeartRateBpm><Cadence>32</Cadence><Extensions><ns3:TPX><ns3:Speed>1.399999976158142</ns3:Speed><ns3:Pace>0.71</ns3:Pace></ns3:TPX></Extensions></Trackpoint><Trackpoint><Time>2026-01-27T22:03:04Z</Time><Position><LatitudeDegrees>-8.04704535</LatitudeDegrees><LongitudeDegrees>-34.93567244</LongitudeDegrees></Position><HeartRateBpm><Value>135</Value></HeartRateBpm><Cadence>32</Cadence><Extensions><ns3:TPX><ns3:Speed>1.399999976158142</ns3:Speed><ns3:Pace>0.71</ns3:Pace></ns3:TPX></Extensions></Trackpoint><Trackpoint><Time>2026-01-27T22:03:05Z</Time><Position><LatitudeDegrees>-8.04704502</LatitudeDegrees><LongitudeDegrees>-34.93568743</LongitudeDegrees></Position><HeartRateBpm><Value>135</Value></HeartRateBpm><Cadence>32</Cadence><Extensions><ns3:TPX><ns3:Speed>1.3899999856948853</ns3:Speed><ns3:Pace>0.71</ns3:Pace></ns3:TPX></Extensions></Trackpoint><Trackpoint><Time>2026-01-27T22:03:06Z</Time><Position><LatitudeDegrees>-8.04704469</LatitudeDegrees><LongitudeDegrees>-34.93570277</LongitudeDegrees></Position><HeartRateBpm><Value>135</Value></HeartRateBpm><Cadence>32</Cadence><Extensions><ns3:TPX><ns3:Speed>1.3899999856948853</ns3:Speed><ns3:Pace>0.71</ns3:Pace></ns3:TPX></Extensions></Trackpoint><Trackpoint><Time>2026-01-27T22:03:07Z</Time><Position><LatitudeDegrees>-8.04704603</LatitudeDegrees><LongitudeDegrees>-34.93571776</LongitudeDegrees></Position><HeartRateBpm><Value>135</Value></HeartRateBpm><Cadence>32</Cadence><Extensions><ns3:TPX><ns3:Speed>1.3899999856948853</ns3:Speed><ns3:Pace>0.71</ns3:Pace></ns3:TPX></Extensions></Trackpoint><Trackpoint><Time>2026-01-27T22:03:08Z</Time><Position><LatitudeDegrees>-8.04704735</LatitudeDegrees><LongitudeDegrees>-34.93573275</LongitudeDegrees></Position><HeartRateBpm><Value>135</Value></HeartRateBpm><Cadence>32</Cadence><Extensions><ns3:TPX><ns3:Speed>1.3899999856948853</ns3:Speed><ns3:Pace>0.71</ns3:Pace></ns3:TPX></Extensions></Trackpoint><Trackpoint><Time>2026-01-27T22:03:09Z</Time><Position><LatitudeDegrees>-8.04704901</LatitudeDegrees><LongitudeDegrees>-34.93574775</LongitudeDegrees></Position><HeartRateBpm><Value>135</Value></HeartRateBpm><Cadence>32</Cadence><Extensions><ns3:TPX><ns3:Speed>1.3899999856948853</ns3:Speed><ns3:Pace>0.71</ns3:Pace></ns3:TPX></Extensions></Trackpoint><Trackpoint><Time>2026-01-27T22:03:10Z</Time><Position><LatitudeDegrees>-8.04705166</LatitudeDegrees><LongitudeDegrees>-34.93576175</LongitudeDegrees></Position><HeartRateBpm><Value>135</Value></HeartRateBpm><Cadence>32</Cadence><Extensions><ns3:TPX><ns3:Speed>1.3899999856948853</ns3:Speed><ns3:Pace>0.71</ns3:Pace></ns3:TPX></Extensions></Trackpoint><Trackpoint><Time>2026-01-27T22:03:11Z</Time><Position><LatitudeDegrees>-8.04705499</LatitudeDegrees><LongitudeDegrees>-34.93577541</LongitudeDegrees></Position><HeartRateBpm><Value>135</Value></HeartRateBpm><Cadence>32</Cadence><Extensions><ns3:TPX><ns3:Speed>1.3899999856948853</ns3:Speed><ns3:Pace>0.71</ns3:Pace></ns3:TPX></Extensions></Trackpoint><Trackpoint><Time>2026-01-27T22:03:12Z</Time><Position><LatitudeDegrees>-8.04705799</LatitudeDegrees><LongitudeDegrees>-34.93578907</LongitudeDegrees></Position><HeartRateBpm><Value>135</Value></HeartRateBpm><Cadence>32</Cadence><Extensions><ns3:TPX><ns3:Speed>1.399999976158142</ns3:Speed><ns3:Pace>0.71</ns3:Pace></ns3:TPX></Extensions></Trackpoint><Trackpoint><Time>2026-01-27T22:03:13Z</Time><Position><LatitudeDegrees>-8.04706031</LatitudeDegrees><LongitudeDegrees>-34.93580373</LongitudeDegrees></Position><HeartRateBpm><Value>135</Value></HeartRateBpm><Cadence>32</Cadence><Extensions><ns3:TPX><ns3:Speed>1.399999976158142</ns3:Speed><ns3:Pace>0.71</ns3:Pace></ns3:TPX></Extensions></Trackpoint><Trackpoint><Time>2026-01-27T22:03:14Z</Time><Position><LatitudeDegrees>-8.0470633</LatitudeDegrees><LongitudeDegrees>-34.93581939</LongitudeDegrees></Position><HeartRateBpm><Value>135</Value></HeartRateBpm><Cadence>32</Cadence><Extensions><ns3:TPX><ns3:Speed>1.399999976158142</ns3:Speed><ns3:Pace>0.71</ns3:Pace></ns3:TPX></Extensions></Trackpoint><Trackpoint><Time>2026-01-27T22:03:15Z</Time><Position><LatitudeDegrees>-8.04706597</LatitudeDegrees><LongitudeDegrees>-34.93583506</LongitudeDegrees></Position><HeartRateBpm><Value>136</Value></HeartRateBpm><Cadence>31</Cadence><Extensions><ns3:TPX><ns3:Speed>1.399999976158142</ns3:Speed><ns3:Pace>0.71</ns3:Pace></ns3:TPX></Extensions></Trackpoint><Trackpoint><Time>2026-01-27T22:03:16Z</Time><Position><LatitudeDegrees>-8.0470693</LatitudeDegrees><LongitudeDegrees>-34.93584938</LongitudeDegrees></Position><HeartRateBpm><Value>137</Value></HeartRateBpm><Cadence>31</Cadence><Extensions><ns3:TPX><ns3:Speed>1.399999976158142</ns3:Speed><ns3:Pace>0.7</ns3:Pace></ns3:TPX></Extensions></Trackpoint><Trackpoint><Time>2026-01-27T22:03:17Z</Time><Position><LatitudeDegrees>-8.04707162</LatitudeDegrees><LongitudeDegrees>-34.93586271</LongitudeDegrees></Position><HeartRateBpm><Value>137</Value></HeartRateBpm><Cadence>32</Cadence><Extensions><ns3:TPX><ns3:Speed>1.409999966621399</ns3:Speed><ns3:Pace>0.7</ns3:Pace></ns3:TPX></Extensions></Trackpoint><Trackpoint><Time>2026-01-27T22:03:18Z</Time><Position><LatitudeDegrees>-8.0470713</LatitudeDegrees><LongitudeDegrees>-34.93587604</LongitudeDegrees></Position><HeartRateBpm><Value>137</Value></HeartRateBpm><Cadence>31</Cadence><Extensions><ns3:TPX><ns3:Speed>1.409999966621399</ns3:Speed><ns3:Pace>0.7</ns3:Pace></ns3:TPX></Extensions></Trackpoint><Trackpoint><Time>2026-01-27T22:03:19Z</Time><Position><LatitudeDegrees>-8.04706831</LatitudeDegrees><LongitudeDegrees>-34.93589004</LongitudeDegrees></Position><HeartRateBpm><Value>137</Value></HeartRateBpm><Cadence>31</Cadence><Extensions><ns3:TPX><ns3:Speed>1.409999966621399</ns3:Speed><ns3:Pace>0.7</ns3:Pace></ns3:TPX></Extensions></Trackpoint><Trackpoint><Time>2026-01-27T22:03:20Z</Time><Position><LatitudeDegrees>-8.04706398</LatitudeDegrees><LongitudeDegrees>-34.93590604</LongitudeDegrees></Position><HeartRateBpm><Value>137</Value></HeartRateBpm><Cadence>31</Cadence><Extensions><ns3:TPX><ns3:Speed>1.4199999570846558</ns3:Speed><ns3:Pace>0.7</ns3:Pace></ns3:TPX></Extensions></Trackpoint><Trackpoint><Time>2026-01-27T22:03:21Z</Time><Position><LatitudeDegrees>-8.04706032</LatitudeDegrees><LongitudeDegrees>-34.93592271</LongitudeDegrees></Position><HeartRateBpm><Value>136</Value></HeartRateBpm><Cadence>31</Cadence><Extensions><ns3:TPX><ns3:Speed>1.4199999570846558</ns3:Speed><ns3:Pace>0.69</ns3:Pace></ns3:TPX></Extensions></Trackpoint><Trackpoint><Time>2026-01-27T22:03:22Z</Time><Position><LatitudeDegrees>-8.04705533</LatitudeDegrees><LongitudeDegrees>-34.9359397</LongitudeDegrees></Position><HeartRateBpm><Value>134</Value></HeartRateBpm><Cadence>31</Cadence><Extensions><ns3:TPX><ns3:Speed>1.4299999475479126</ns3:Speed><ns3:Pace>0.69</ns3:Pace></ns3:TPX></Extensions></Trackpoint><Trackpoint><Time>2026-01-27T22:03:23Z</Time><Position><LatitudeDegrees>-8.04704833</LatitudeDegrees><LongitudeDegrees>-34.93595636</LongitudeDegrees></Position><HeartRateBpm><Value>134</Value></HeartRateBpm><Cadence>31</Cadence><Extensions><ns3:TPX><ns3:Speed>1.4299999475479126</ns3:Speed><ns3:Pace>0.69</ns3:Pace></ns3:TPX></Extensions></Trackpoint><Trackpoint><Time>2026-01-27T22:03:24Z</Time><Position><LatitudeDegrees>-8.04703867</LatitudeDegrees><LongitudeDegrees>-34.93597135</LongitudeDegrees></Position><HeartRateBpm><Value>134</Value></HeartRateBpm><Cadence>31</Cadence><Extensions><ns3:TPX><ns3:Speed>1.440000057220459</ns3:Speed><ns3:Pace>0.69</ns3:Pace></ns3:TPX></Extensions></Trackpoint><Trackpoint><Time>2026-01-27T22:03:25Z</Time><Position><LatitudeDegrees>-8.04702834</LatitudeDegrees><LongitudeDegrees>-34.93598334</LongitudeDegrees></Position><HeartRateBpm><Value>134</Value></HeartRateBpm><Cadence>31</Cadence><Extensions><ns3:TPX><ns3:Speed>1.440000057220459</ns3:Speed><ns3:Pace>0.68</ns3:Pace></ns3:TPX></Extensions></Trackpoint><Trackpoint><Time>2026-01-27T22:03:26Z</Time><Position><LatitudeDegrees>-8.04701701</LatitudeDegrees><LongitudeDegrees>-34.93599334</LongitudeDegrees></Position><HeartRateBpm><Value>134</Value></HeartRateBpm><Cadence>31</Cadence><Extensions><ns3:TPX><ns3:Speed>1.4500000476837158</ns3:Speed><ns3:Pace>0.68</ns3:Pace></ns3:TPX></Extensions></Trackpoint><Trackpoint><Time>2026-01-27T22:03:27Z</Time><Position><LatitudeDegrees>-8.04700568</LatitudeDegrees><LongitudeDegrees>-34.93600033</LongitudeDegrees></Position><HeartRateBpm><Value>134</Value></HeartRateBpm><Cadence>32</Cadence><Extensions><ns3:TPX><ns3:Speed>1.4600000381469727</ns3:Speed><ns3:Pace>0.68</ns3:Pace></ns3:TPX></Extensions></Trackpoint><Trackpoint><Time>2026-01-27T22:03:28Z</Time><Position><LatitudeDegrees>-8.04699402</LatitudeDegrees><LongitudeDegrees>-34.93600467</LongitudeDegrees></Position><HeartRateBpm><Value>133</Value></HeartRateBpm><Cadence>32</Cadence><Extensions><ns3:TPX><ns3:Speed>1.4700000286102295</ns3:Speed><ns3:Pace>0.67</ns3:Pace></ns3:TPX></Extensions></Trackpoint><Trackpoint><Time>2026-01-27T22:03:29Z</Time><Position><LatitudeDegrees>-8.04698135</LatitudeDegrees><LongitudeDegrees>-34.93600766</LongitudeDegrees></Position><HeartRateBpm><Value>133</Value></HeartRateBpm><Cadence>31</Cadence><Extensions><ns3:TPX><ns3:Speed>1.4700000286102295</ns3:Speed><ns3:Pace>0.67</ns3:Pace></ns3:TPX></Extensions></Trackpoint><Trackpoint><Time>2026-01-27T22:03:30Z</Time><Position><LatitudeDegrees>-8.04696803</LatitudeDegrees><LongitudeDegrees>-34.93600966</LongitudeDegrees></Position><HeartRateBpm><Value>133</Value></HeartRateBpm><Cadence>31</Cadence><Extensions><ns3:TPX><ns3:Speed>1.4700000286102295</ns3:Speed><ns3:Pace>0.67</ns3:Pace></ns3:TPX></Extensions></Trackpoint><Trackpoint><Time>2026-01-27T22:03:31Z</Time><Position><LatitudeDegrees>-8.0469537</LatitudeDegrees><LongitudeDegrees>-34.93601098</LongitudeDegrees></Position><HeartRateBpm><Value>133</Value></HeartRateBpm><Cadence>31</Cadence><Extensions><ns3:TPX><ns3:Speed>1.4700000286102295</ns3:Speed><ns3:Pace>0.67</ns3:Pace></ns3:TPX></Extensions></Trackpoint><Trackpoint><Time>2026-01-27T22:03:32Z</Time><Position><LatitudeDegrees>-8.04693837</LatitudeDegrees><LongitudeDegrees>-34.93601164</LongitudeDegrees></Position><HeartRateBpm><Value>134</Value></HeartRateBpm><Cadence>31</Cadence><Extensions><ns3:TPX><ns3:Speed>1.4800000190734863</ns3:Speed><ns3:Pace>0.67</ns3:Pace></ns3:TPX></Extensions></Trackpoint><Trackpoint><Time>2026-01-27T22:03:33Z</Time><Position><LatitudeDegrees>-8.04692337</LatitudeDegrees><LongitudeDegrees>-34.93601164</LongitudeDegrees></Position><HeartRateBpm><Value>134</Value></HeartRateBpm><Cadence>31</Cadence><Extensions><ns3:TPX><ns3:Speed>1.4800000190734863</ns3:Speed><ns3:Pace>0.67</ns3:Pace></ns3:TPX></Extensions></Trackpoint><Trackpoint><Time>2026-01-27T22:03:34Z</Time><Position><LatitudeDegrees>-8.04690805</LatitudeDegrees><LongitudeDegrees>-34.93600965</LongitudeDegrees></Position><HeartRateBpm><Value>134</Value></HeartRateBpm><Cadence>31</Cadence><Extensions><ns3:TPX><ns3:Speed>1.4800000190734863</ns3:Speed><ns3:Pace>0.67</ns3:Pace></ns3:TPX></Extensions></Trackpoint><Trackpoint><Time>2026-01-27T22:03:35Z</Time><Position><LatitudeDegrees>-8.04689371</LatitudeDegrees><LongitudeDegrees>-34.93600598</LongitudeDegrees></Position><HeartRateBpm><Value>134</Value></HeartRateBpm><Cadence>31</Cadence><Extensions><ns3:TPX><ns3:Speed>1.4700000286102295</ns3:Speed><ns3:Pace>0.67</ns3:Pace></ns3:TPX></Extensions></Trackpoint><Trackpoint><Time>2026-01-27T22:03:36Z</Time><Position><LatitudeDegrees>-8.04688006</LatitudeDegrees><LongitudeDegrees>-34.93600232</LongitudeDegrees></Position><HeartRateBpm><Value>134</Value></HeartRateBpm><Cadence>31</Cadence><Extensions><ns3:TPX><ns3:Speed>1.4800000190734863</ns3:Speed><ns3:Pace>0.67</ns3:Pace></ns3:TPX></Extensions></Trackpoint><Trackpoint><Time>2026-01-27T22:03:37Z</Time><Position><LatitudeDegrees>-8.04686706</LatitudeDegrees><LongitudeDegrees>-34.93599833</LongitudeDegrees></Position><HeartRateBpm><Value>134</Value></HeartRateBpm><Cadence>31</Cadence><Extensions><ns3:TPX><ns3:Speed>1.4800000190734863</ns3:Speed><ns3:Pace>0.67</ns3:Pace></ns3:TPX></Extensions></Trackpoint><Trackpoint><Time>2026-01-27T22:03:38Z</Time><Position><LatitudeDegrees>-8.04685473</LatitudeDegrees><LongitudeDegrees>-34.93599501</LongitudeDegrees></Position><HeartRateBpm><Value>134</Value></HeartRateBpm><Cadence>31</Cadence><Extensions><ns3:TPX><ns3:Speed>1.4800000190734863</ns3:Speed><ns3:Pace>0.67</ns3:Pace></ns3:TPX></Extensions></Trackpoint><Trackpoint><Time>2026-01-27T22:03:39Z</Time><Position><LatitudeDegrees>-8.0468424</LatitudeDegrees><LongitudeDegrees>-34.93599234</LongitudeDegrees></Position><HeartRateBpm><Value>134</Value></HeartRateBpm><Cadence>31</Cadence><Extensions><ns3:TPX><ns3:Speed>1.4800000190734863</ns3:Speed><ns3:Pace>0.67</ns3:Pace></ns3:TPX></Extensions></Trackpoint><Trackpoint><Time>2026-01-27T22:03:40Z</Time><Position><LatitudeDegrees>-8.04683041</LatitudeDegrees><LongitudeDegrees>-34.93598935</LongitudeDegrees></Position><HeartRateBpm><Value>135</Value></HeartRateBpm><Cadence>31</Cadence><Extensions><ns3:TPX><ns3:Speed>1.4800000190734863</ns3:Speed><ns3:Pace>0.67</ns3:Pace></ns3:TPX></Extensions></Trackpoint><Trackpoint><Time>2026-01-27T22:03:41Z</Time><Position><LatitudeDegrees>-8.04681774</LatitudeDegrees><LongitudeDegrees>-34.93598769</LongitudeDegrees></Position><HeartRateBpm><Value>135</Value></HeartRateBpm><Cadence>31</Cadence><Extensions><ns3:TPX><ns3:Speed>1.4800000190734863</ns3:Speed><ns3:Pace>0.67</ns3:Pace></ns3:TPX></Extensions></Trackpoint><Trackpoint><Time>2026-01-27T22:03:42Z</Time><Position><LatitudeDegrees>-8.04680442</LatitudeDegrees><LongitudeDegrees>-34.93598502</LongitudeDegrees></Position><HeartRateBpm><Value>136</Value></HeartRateBpm><Cadence>31</Cadence><Extensions><ns3:TPX><ns3:Speed>1.4800000190734863</ns3:Speed><ns3:Pace>0.67</ns3:Pace></ns3:TPX></Extensions></Trackpoint></Track></Lap></Activity></Activities></TrainingCenterDatabase>