latitude,longitude,elevation,timestamp,distance,distance_cumulative
-8.051848,-34.948542,15.8,2022-02-09 19:09:11+00:00,0.0,0.0
-8.051832,-34.948562,15.8,2022-02-09 19:09:12+00:00,2.8269173810342885,2.8269173810342885
-8.051818,-34.948577,15.8,2022-02-09 19:09:13+00:00,2.2652229348501822,5.092140315884471
-8.051803,-34.948591,15.8,2022-02-09 19:09:14+00:00,2.2657413199799135,7.357881635864384
-8.051779,-34.948625,15.8,2022-02-09 19:09:15+00:00,4.592528820289595,11.950410456153978
-8.051768,-34.948636,15.8,2022-02-09 19:09:16+00:00,1.7176208432725004,13.66803129942648
-8.05174,-34.948657,15.8,2022-02-09 19:09:17+00:00,3.8662463646798146,17.534277664106295
-8.05173,-34.948662,15.8,2022-02-09 19:09:18+00:00,1.2356826492762858,18.76996031338258
-8.051713,-34.948669,15.8,2022-02-09 19:09:19+00:00,2.0323078705089777,20.802268183891556
-8.0517,-34.948679,15.8,2022-02-09 19:09:20+00:00,1.8116767398635696,22.613944923755124
-8.05169,-34.948692,15.8,2022-02-09 19:09:21+00:00,1.8101340104040884,24.424078934159212
-8.051687,-34.948707,15.8,2022-02-09 19:09:22+00:00,1.6864009855035076,26.11047991966272
-8.051687,-34.948724,15.8,2022-02-09 19:09:23+00:00,1.8738990335761794,27.9843789532389
-8.051687,-34.948739,15.8,2022-02-09 19:09:24+00:00,1.6534403242965536,29.637819277535453
-8.051682,-34.948761,15.8,2022-02-09 19:09:25+00:00,2.4872946070710875,32.12511388460654
-8.05168,-34.94877,15.8,2022-02-09 19:09:26+00:00,1.0164238050140695,33.14153768962061
-8.051678,-34.948779,15.8,2022-02-09 19:09:27+00:00,1.016423809215816,34.15796149883643
-8.051678,-34.948796,15.8,2022-02-09 19:09:28+00:00,1.8738990749420432,36.031860573778474
-8.051678,-34.948815,15.8,2022-02-09 19:09:29+00:00,2.0943577898714687,38.12621836364994
-8.051678,-34.948833,15.8,2022-02-09 19:09:30+00:00,1.9841284320151429,40.11034679566508
-8.051675,-34.948849,15.8,2022-02-09 19:09:31+00:00,1.7946070047980696,41.90495380046315
-8.05167,-34.948865,15.8,2022-02-09 19:09:32+00:00,1.8483284822845047,43.753282282747655
-8.051662,-34.948877,15.8,2022-02-09 19:09:33+00:00,1.5913795963711475,45.3446618791188
-8.051653,-34.94889,15.8,2022-02-09 19:09:34+00:00,1.7447599305389567,47.08942180965776
-8.051647,-34.948904,15.8,2022-02-09 19:09:35+00:00,1.6798315785113855,48.76925338816914
-8.051644,-34.948918,15.8,2022-02-09 19:09:36+00:00,1.5784752079710573,50.3477285961402
-8.051641,-34.948932,15.8,2022-02-09 19:09:37+00:00,1.578475218834081,51.92620381497428
-8.051636,-34.948947,15.8,2022-02-09 19:09:38+00:00,1.7434600018822701,53.66966381685655
-8.051632,-34.948961,15.8,2022-02-09 19:09:39+00:00,1.6053674157675017,55.27503123262405
-8.051631,-34.948976,15.8,2022-02-09 19:09:40+00:00,1.6571352226567404,56.93216645528079
-8.051634,-34.948991,15.8,2022-02-09 19:09:41+00:00,1.6864012080606148,58.61856766334141
-8.05164,-34.949006,15.8,2022-02-09 19:09:42+00:00,1.7816282386443694,60.400195901985775
-8.051646,-34.949019,15.8,2022-02-09 19:09:43+00:00,1.579167614152709,61.979363516138484
-8.051651,-34.949034,15.8,2022-02-09 19:09:44+00:00,1.7434599636993744,63.72282347983786
-8.051654,-34.949048,15.8,2022-02-09 19:09:45+00:00,1.5784751823889256,65.30129866222678
-8.051655,-34.949062,15.8,2022-02-09 19:09:46+00:00,1.5471690148737178,66.8484676771005
-8.051656,-34.949077,15.8,2022-02-09 19:09:47+00:00,1.6571351244909964,68.5056028015915
-8.051658,-34.949092,15.8,2022-02-09 19:09:48+00:00,1.6681700346681425,70.17377283625963
-8.051662,-34.949109,15.8,2022-02-09 19:09:49+00:00,1.9254095353795373,72.09918237163917
-8.051663,-34.949125,15.8,2022-02-09 19:09:50+00:00,1.7671340068263182,73.8663163784655
-8.051662,-34.949141,15.8,2022-02-09 19:09:51+00:00,1.7671340061205163,75.63345038458601
-8.051658,-34.949156,15.8,2022-02-09 19:09:52+00:00,1.7115984029965743,77.34504878758258
-8.051653,-34.94917,15.8,2022-02-09 19:09:53+00:00,1.639294875255801,78.98434366283838
-8.051649,-34.949184,15.8,2022-02-09 19:09:54+00:00,1.6053673530414392,80.58971101587983
-8.051643,-34.949199,15.8,2022-02-09 19:09:55+00:00,1.781628204320778,82.37133922020061
-8.051638,-34.949214,15.8,2022-02-09 19:09:56+00:00,1.7434599941751137,84.11479921437572
-8.051634,-34.949229,15.8,2022-02-09 19:09:57+00:00,1.7115984972595797,85.82639771163531
-8.051631,-34.949243,15.8,2022-02-09 19:09:58+00:00,1.5784752556321326,87.40487296726744
-8.051628,-34.949258,15.8,2022-02-09 19:09:59+00:00,1.6864012206827923,89.09127418795023
-8.051626,-34.949273,15.8,2022-02-09 19:10:00+00:00,1.6681701541938934,90.75944434214412
-8.051622,-34.949288,15.8,2022-02-09 19:10:01+00:00,1.711598544214353,92.47104288635848
-8.051615,-34.949302,15.8,2022-02-09 19:10:02+00:00,1.726512049392452,94.19755493575093
-8.051603,-34.949314,15.9,2022-02-09 19:10:03+00:00,1.8737685612999586,96.07132349705088
-8.051591,-34.949325,15.9,2022-02-09 19:10:04+00:00,1.7976503703732456,97.86897386742413
-8.051578,-34.949337,15.9,2022-02-09 19:10:05+00:00,1.9536622155553882,99.82263608297951
-8.051568,-34.94935,15.9,2022-02-09 19:10:06+00:00,1.8101343456031318,101.63277042858265
-8.051561,-34.949365,15.9,2022-02-09 19:10:07+00:00,1.8257079461352759,103.45847837471793
-8.051558,-34.949381,15.9,2022-02-09 19:10:08+00:00,1.7946074996813102,105.25308587439923
-8.051557,-34.949397,15.9,2022-02-09 19:10:09+00:00,1.7671344597581298,107.02022033415736
-8.051557,-34.949414,15.9,2022-02-09 19:10:10+00:00,1.8738996310786518,108.89411996523602
-8.051559,-34.94943,15.9,2022-02-09 19:10:11+00:00,1.7774866124695154,110.67160657770553
-8.051559,-34.949448,15.9,2022-02-09 19:10:12+00:00,1.9841290111326733,112.65573558883821
-8.05156,-34.949463,15.9,2022-02-09 19:10:13+00:00,1.6571355122134606,114.31287110105167
-8.051561,-34.949478,15.9,2022-02-09 19:10:14+00:00,1.6571355058882107,115.97000660693988
-8.05156,-34.949493,15.9,2022-02-09 19:10:15+00:00,1.6571355058882107,117.62714211282808
-8.051558,-34.949507,15.9,2022-02-09 19:10:16+00:00,1.5589828559358945,119.18612496876398
-8.051556,-34.949521,15.9,2022-02-09 19:10:17+00:00,1.5589828640019505,120.74510783276592
-8.051555,-34.949533,15.9,2022-02-09 19:10:18+00:00,1.3273681321711375,122.07247596493706
-8.051555,-34.949545,15.9,2022-02-09 19:10:19+00:00,1.3227526870657742,123.39522865200283
-8.051554,-34.949555,15.9,2022-02-09 19:10:20+00:00,1.1078282102022448,124.50305686220507
-8.051553,-34.949566,15.9,2022-02-09 19:10:21+00:00,1.2175566703145073,125.72061353251958
-8.051549,-34.949577,15.9,2022-02-09 19:10:22+00:00,1.2907039156949434,127.01131744821453
-8.051546,-34.949589,15.9,2022-02-09 19:10:23+00:00,1.3637294959651132,128.37504694417964
-8.051542,-34.949602,15.9,2022-02-09 19:10:24+00:00,1.4997138283996354,129.8747607725793
-8.051539,-34.949616,15.9,2022-02-09 19:10:25+00:00,1.5784755959385386,131.45323636851782
-8.051536,-34.94963,15.9,2022-02-09 19:10:26+00:00,1.5784756064486984,133.03171197496653
-8.051531,-34.949644,15.9,2022-02-09 19:10:27+00:00,1.639295309250427,134.67100728421696
-8.051528,-34.949658,15.9,2022-02-09 19:10:28+00:00,1.5784756362399683,136.24948292045693
-8.051526,-34.949671,15.9,2022-02-09 19:10:29+00:00,1.4499530602134358,137.69943598067036
-8.051525,-34.949694,15.9,2022-02-09 19:10:30+00:00,2.537687280562371,140.23712326123274
-8.051526,-34.949702,15.9,2022-02-09 19:10:31+00:00,0.8887433754632121,141.12586663669595
-8.051526,-34.949711,15.9,2022-02-09 19:10:32+00:00,0.9920645858633923,142.11793122255935
-8.051526,-34.949722,15.9,2022-02-09 19:10:33+00:00,1.2125233829829993,143.33045460554234
-8.051524,-34.949732,15.9,2022-02-09 19:10:34+00:00,1.1242677559258063,144.45472236146816
-8.051522,-34.949742,15.9,2022-02-09 19:10:35+00:00,1.1242677629471907,145.57899012441536
-8.051521,-34.949753,15.9,2022-02-09 19:10:36+00:00,1.217556765670207,146.79654689008555
-8.051518,-34.949764,15.9,2022-02-09 19:10:37+00:00,1.2570984054414553,148.05364529552702
-8.051515,-34.949774,15.9,2022-02-09 19:10:38+00:00,1.1511452922499041,149.20479058777693
-8.051512,-34.949785,15.9,2022-02-09 19:10:39+00:00,1.2570984233168203,150.46188901109375
-8.051511,-34.949796,15.9,2022-02-09 19:10:40+00:00,1.2175567944102004,151.67944580550395
-8.051511,-34.949807,15.9,2022-02-09 19:10:41+00:00,1.2125234275923429,152.8919692330963
-8.051508,-34.949829,15.9,2022-02-09 19:10:42+00:00,2.447638799417463,155.33960803251375
-8.051507,-34.949838,15.9,2022-02-09 19:10:43+00:00,0.9982102583602399,156.337818290874
-8.051506,-34.949847,15.9,2022-02-09 19:10:44+00:00,0.9982102604614528,157.33602855133546
-8.051503,-34.94986,15.9,2022-02-09 19:10:45+00:00,1.4708914123536927,158.80691996368915
-8.0515,-34.949873,15.9,2022-02-09 19:10:46+00:00,1.4708914203987231,160.27781138408787
-8.051494,-34.949895,15.9,2022-02-09 19:10:47+00:00,2.5141969401840845,162.79200832427196
-8.051492,-34.949903,15.9,2022-02-09 19:10:48+00:00,0.9091531107270702,163.70116143499902
-8.05149,-34.949911,15.9,2022-02-09 19:10:49+00:00,0.9091531156380125,164.61031455063704
-8.051483,-34.949932,15.9,2022-02-09 19:10:50+00:00,2.4408448201357027,167.05115937077275
-8.051481,-34.94994,15.9,2022-02-09 19:10:51+00:00,0.9091531338559664,167.96031250462872
-8.051478,-34.949948,15.9,2022-02-09 19:10:52+00:00,0.9421872829017566,168.90249978753047
-8.051472,-34.949968,16.0,2022-02-09 19:10:53+00:00,2.3022907996283317,171.2047905871588
-8.051469,-34.949976,16.0,2022-02-09 19:10:54+00:00,0.9421873007619442,172.14697788792077
-8.051467,-34.949983,16.0,2022-02-09 19:10:55+00:00,0.80268400938943,172.9496618973102
-8.051466,-34.949995,16.0,2022-02-09 19:10:56+00:00,1.327368419629563,174.27703031693974
-8.051465,-34.950007,16.0,2022-02-09 19:10:57+00:00,1.3273684217254418,175.6043987386652
-8.051466,-34.950019,16.0,2022-02-09 19:10:58+00:00,1.3273684217254418,176.93176716039065
-8.051467,-34.950041,16.0,2022-02-09 19:10:59+00:00,2.4275677179469453,179.3593348783376
-8.051467,-34.95005,16.0,2022-02-09 19:11:00+00:00,0.9920647294239799,180.35139960776158
-8.051467,-34.950059,16.0,2022-02-09 19:11:01+00:00,0.992064730207207,181.34346433796878
-8.05147,-34.95008,16.0,2022-02-09 19:11:02+00:00,2.3384747911116546,183.68193912908043
-8.051471,-34.950089,16.0,2022-02-09 19:11:03+00:00,0.9982103491612057,184.68014947824165
-8.051473,-34.950097,16.0,2022-02-09 19:11:04+00:00,0.9091531545292839,185.58930263277094
-8.051477,-34.950111,16.0,2022-02-09 19:11:05+00:00,1.6053679935527259,187.19467062632367
-8.051481,-34.950124,16.0,2022-02-09 19:11:06+00:00,1.4997140466728773,188.69438467299653
-8.051485,-34.950137,16.0,2022-02-09 19:11:07+00:00,1.4997140337129564,190.1940987067095
-8.051487,-34.950151,16.0,2022-02-09 19:11:08+00:00,1.5589831300545125,191.753081836764
-8.05149,-34.950165,16.0,2022-02-09 19:11:09+00:00,1.5784757883470424,193.33155762511106
-8.051491,-34.950178,16.0,2022-02-09 19:11:10+00:00,1.437243812443245,194.76880143755432
-8.05149,-34.950201,16.0,2022-02-09 19:11:11+00:00,2.5376874982700692,197.30648893582438
-8.051488,-34.95021,16.0,2022-02-09 19:11:12+00:00,1.0164242599076876,198.32291319573207
-8.051487,-34.950219,16.0,2022-02-09 19:11:13+00:00,0.9982103077946932,199.32112350352676
-8.051484,-34.950232,16.0,2022-02-09 19:11:14+00:00,1.470891476480358,200.7920149800071
-8.051481,-34.950246,16.0,2022-02-09 19:11:15+00:00,1.578475810778847,202.37049079078596
-8.051479,-34.95026,16.0,2022-02-09 19:11:16+00:00,1.5589831528410811,203.92947394362704
-8.051475,-34.950274,16.0,2022-02-09 19:11:17+00:00,1.605367984782342,205.53484192840938
-8.051471,-34.950288,16.0,2022-02-09 19:11:18+00:00,1.6053680002056607,207.14020992861504
-8.051468,-34.950303,16.0,2022-02-09 19:11:19+00:00,1.6864018554007132,208.82661178401574
-8.051465,-34.950318,16.0,2022-02-09 19:11:20+00:00,1.6864018687288136,210.51301365274455
-8.051461,-34.950334,16.0,2022-02-09 19:11:21+00:00,1.818306347611871,212.3313200003564
-8.051458,-34.95035,16.0,2022-02-09 19:11:22+00:00,1.794607925539121,214.12592792589552
-8.051456,-34.950366,16.0,2022-02-09 19:11:23+00:00,1.7774870457368737,215.9034149716324
-8.051456,-34.950382,16.0,2022-02-09 19:11:24+00:00,1.763670677408964,217.66708564904135
-8.051457,-34.950396,16.0,2022-02-09 19:11:25+00:00,1.547169764043375,219.21425541308474
-8.051462,-34.950419,16.0,2022-02-09 19:11:26+00:00,2.5948823765751787,221.80913778965993
-8.051463,-34.950427,16.0,2022-02-09 19:11:27+00:00,0.8887435100670524,222.697881299727
-8.051465,-34.950436,16.0,2022-02-09 19:11:28+00:00,1.0164243201935341,223.7143056199205
-8.051463,-34.950458,16.0,2022-02-09 19:11:29+00:00,2.4351138685552143,226.14941948847573
-8.051461,-34.950466,16.0,2022-02-09 19:11:30+00:00,0.9091531759085982,227.05857266438431
-8.051459,-34.950475,16.0,2022-02-09 19:11:31+00:00,1.0164243289500519,228.07499699333437
-8.051454,-34.950487,16.0,2022-02-09 19:11:32+00:00,1.4336885081285857,229.50868550146296
-8.051445,-34.950499,16.0,2022-02-09 19:11:33+00:00,1.6554232600144199,231.1641087614774
-8.051433,-34.95051,16.0,2022-02-09 19:11:34+00:00,1.7976506798457763,232.96175944132318
-8.051421,-34.950521,16.0,2022-02-09 19:11:35+00:00,1.797650703316649,234.75941014463984
-8.051409,-34.950532,16.0,2022-02-09 19:11:36+00:00,1.7976507267872226,236.55706087142707
-8.051396,-34.950543,16.0,2022-02-09 19:11:37+00:00,1.880780540776227,238.43784141220328
-8.051384,-34.950554,16.0,2022-02-09 19:11:38+00:00,1.797650775287542,240.23549218749082
-8.051374,-34.950565,16.0,2022-02-09 19:11:39+00:00,1.641146820402881,241.87663900789371
-8.051362,-34.950574,16.0,2022-02-09 19:11:40+00:00,1.6569632705412753,243.53360227843498
-8.051349,-34.950582,16.0,2022-02-09 19:11:41+00:00,1.6866403098681761,245.22024258830317
-8.051335,-34.950589,16.0,2022-02-09 19:11:42+00:00,1.7299560144088102,246.95019860271196
-8.051322,-34.950595,16.0,2022-02-09 19:11:43+00:00,1.5825740856537245,248.5327726883657
-8.051308,-34.9506,16.0,2022-02-09 19:11:44+00:00,1.64351303434386,250.17628572270957
-8.051294,-34.950603,16.0,2022-02-09 19:11:45+00:00,1.5832645306890045,251.75955025339857
-8.051279,-34.950605,16.0,2022-02-09 19:11:46+00:00,1.6735253435084636,253.43307559690703
-8.051262,-34.950602,16.0,2022-02-09 19:11:47+00:00,1.9089931956889958,255.34206879259602
-8.051247,-34.950599,16.0,2022-02-09 19:11:48+00:00,1.691579071870985,257.033647864467
-8.051231,-34.950596,16.0,2022-02-09 19:11:49+00:00,1.8001710763760217,258.83381894084306
-8.051216,-34.950593,16.0,2022-02-09 19:11:50+00:00,1.6915790740204748,260.5253980148635
-8.051202,-34.95059,16.0,2022-02-09 19:11:51+00:00,1.5832645392678146,262.10866255413134
-8.051187,-34.950588,15.9,2022-02-09 19:11:52+00:00,1.6735253424245937,263.7821878965559
-8.051173,-34.950586,15.9,2022-02-09 19:11:53+00:00,1.563960966894845,265.34614886345076
-8.051158,-34.950584,15.9,2022-02-09 19:11:54+00:00,1.67352534234387,267.0196742057946
-8.051144,-34.950582,15.9,2022-02-09 19:11:55+00:00,1.5639609665128502,268.5836351723075
-8.05113,-34.95058,15.9,2022-02-09 19:11:56+00:00,1.5639609666870538,270.1475961389945
-8.051116,-34.950578,15.9,2022-02-09 19:11:57+00:00,1.5639609668617762,271.7115571058563
-8.051102,-34.950578,15.9,2022-02-09 19:11:58+00:00,1.5483448343728836,273.25990194022916
-8.051088,-34.950581,15.9,2022-02-09 19:11:59+00:00,1.5832645502816622,274.84316649051084
-8.051074,-34.950584,15.9,2022-02-09 19:12:00+00:00,1.58326455133497,276.42643104184583
-8.051059,-34.950588,15.9,2022-02-09 19:12:01+00:00,1.7165353596410886,278.14296640148694
-8.051045,-34.950592,15.9,2022-02-09 19:12:02+00:00,1.6099007701403885,279.7528671716273
-8.05103,-34.950596,15.9,2022-02-09 19:12:03+00:00,1.7165353650101565,281.46940253663746
-8.051015,-34.950599,15.9,2022-02-09 19:12:04+00:00,1.6915790902136587,283.16098162685114
-8.050999,-34.950601,15.9,2022-02-09 19:12:05+00:00,1.7832170936011411,284.9441987204523
-8.050983,-34.950601,15.9,2022-02-09 19:12:06+00:00,1.769536942648281,286.7137356631006
-8.050967,-34.950599,15.9,2022-02-09 19:12:07+00:00,1.7832170930294136,288.49695275613
-8.050951,-34.950594,15.9,2022-02-09 19:12:08+00:00,1.8533819990712705,290.35033475520123
-8.050935,-34.950589,15.9,2022-02-09 19:12:09+00:00,1.853382004413662,292.2037167596149
-8.050919,-34.950584,15.9,2022-02-09 19:12:10+00:00,1.853382009755741,294.05709876937067
-8.050903,-34.95058,15.9,2022-02-09 19:12:11+00:00,1.8236419274643034,295.88074069683495
-8.050887,-34.950577,15.9,2022-02-09 19:12:12+00:00,1.8001710986307908,297.68091179546576
-8.050871,-34.950575,15.9,2022-02-09 19:12:13+00:00,1.7832170911380034,299.46412888660376
-8.050856,-34.950573,15.9,2022-02-09 19:12:14+00:00,1.673525340153231,301.137654226757
-8.05084,-34.950571,15.9,2022-02-09 19:12:15+00:00,1.7832170902418991,302.9208713169989
-8.050825,-34.950567,15.9,2022-02-09 19:12:16+00:00,1.7165354062431357,304.637406723242
-8.05081,-34.950563,15.9,2022-02-09 19:12:17+00:00,1.7165354091787055,306.35394213242074
-8.050795,-34.950559,15.9,2022-02-09 19:12:18+00:00,1.716535412290062,308.0704775447108
-8.05078,-34.950555,15.9,2022-02-09 19:12:19+00:00,1.7165354152251167,309.7870129599359
-8.050766,-34.950551,15.9,2022-02-09 19:12:20+00:00,1.6099008322053128,311.3969137921412
-8.050752,-34.950547,15.9,2022-02-09 19:12:21+00:00,1.609900835368862,313.0068146275101
-8.050739,-34.950541,15.9,2022-02-09 19:12:22+00:00,1.5825744435341798,314.58938907104425
-8.050728,-34.950534,15.9,2022-02-09 19:12:23+00:00,1.4406206474820529,316.0300097185263
-8.050709,-34.950524,15.9,2022-02-09 19:12:24+00:00,2.372893588678054,318.4029033072043
-8.050701,-34.950522,15.9,2022-02-09 19:12:25+00:00,0.9118209823030721,319.3147242895074
-8.050693,-34.950519,15.9,2022-02-09 19:12:26+00:00,0.9445476977039703,320.2592719872114
-8.050682,-34.950518,15.9,2022-02-09 19:12:27+00:00,1.2215402595092126,321.4808122467206
-8.050672,-34.950517,15.9,2022-02-09 19:12:28+00:00,1.1114402181955352,322.5922524649161
-8.050661,-34.950517,15.9,2022-02-09 19:12:29+00:00,1.2165566292236458,323.80880909413975
-8.05065,-34.950515,15.9,2022-02-09 19:12:30+00:00,1.2363706237804408,325.0451797179202
-8.050638,-34.950512,15.9,2022-02-09 19:12:31+00:00,1.3677314811013366,326.4129111990215
-8.050627,-34.950509,15.9,2022-02-09 19:12:32+00:00,1.2607002775945,327.673611476616
-8.050608,-34.950501,15.9,2022-02-09 19:12:33+00:00,2.2788602109172316,329.9524716875332
-8.050601,-34.950498,15.9,2022-02-09 19:12:34+00:00,0.8418420751623388,330.79431376269554
-8.050594,-34.950494,15.9,2022-02-09 19:12:35+00:00,0.8909276690721469,331.6852414317677
-8.050574,-34.950485,15.9,2022-02-09 19:12:36+00:00,2.42420952035464,334.1094509521223
-8.050566,-34.950482,15.9,2022-02-09 19:12:37+00:00,0.9445477284027574,335.05399868052507
-8.050557,-34.950479,15.9,2022-02-09 19:12:38+00:00,1.0488592411181132,336.1028579216432
-8.050544,-34.950475,15.9,2022-02-09 19:12:39+00:00,1.5038386488636752,337.60669657050687
-8.05053,-34.950472,15.9,2022-02-09 19:12:40+00:00,1.58326460354531,339.1899611740522
-8.050516,-34.950471,15.9,2022-02-09 19:12:41+00:00,1.5522635626481862,340.7422247367004
-8.050502,-34.950473,15.9,2022-02-09 19:12:42+00:00,1.563960968063819,342.30618570476423
-8.050488,-34.950475,15.9,2022-02-09 19:12:43+00:00,1.5639609678849382,343.8701466726492
-8.050473,-34.950478,15.9,2022-02-09 19:12:44+00:00,1.6915791330554029,345.5617258057046
-8.050459,-34.950482,15.9,2022-02-09 19:12:45+00:00,1.609900901304186,347.1716267070088
-8.050446,-34.950484,15.9,2022-02-09 19:12:46+00:00,1.4545527641764375,348.6261794711852
-8.050424,-34.950487,15.9,2022-02-09 19:12:47+00:00,2.4554826948778175,351.08166216606304
-8.050416,-34.950488,15.9,2022-02-09 19:12:48+00:00,0.8916085410545276,351.9732707071176
-8.050407,-34.950489,15.9,2022-02-09 19:12:49+00:00,1.0014494892252868,352.9747201963429
-8.050394,-34.95049,15.9,2022-02-09 19:12:50+00:00,1.441968093775109,354.41668829011803
-8.05038,-34.95049,15.9,2022-02-09 19:12:51+00:00,1.5483447797332888,355.9650330698513
-8.050366,-34.95049,15.9,2022-02-09 19:12:52+00:00,1.5483447788534246,357.51337784870475
-8.050352,-34.95049,15.9,2022-02-09 19:12:53+00:00,1.5483447774435366,359.0617226261483
-8.050338,-34.950489,15.9,2022-02-09 19:12:54+00:00,1.5522635528773745,360.6139861790257
-8.050323,-34.950488,15.9,2022-02-09 19:12:55+00:00,1.6625989514657231,362.2765851304914
-8.050309,-34.950487,15.9,2022-02-09 19:12:56+00:00,1.552263551089128,363.82884868158055
-8.050294,-34.950487,15.9,2022-02-09 19:12:57+00:00,1.6589408286184673,365.48778951019904
-8.050279,-34.950487,15.9,2022-02-09 19:12:58+00:00,1.6589408273333617,367.1467303375324
-8.050264,-34.950489,15.9,2022-02-09 19:12:59+00:00,1.6735253343340581,368.82025567186645
-8.050248,-34.95049,15.9,2022-02-09 19:13:00+00:00,1.7729668258012994,370.59322249766774
-8.050233,-34.950491,15.9,2022-02-09 19:13:01+00:00,1.6625989455126182,372.25582144318037
-8.050218,-34.950493,15.9,2022-02-09 19:13:02+00:00,1.673525334145272,373.92934677732563
-8.050204,-34.950493,15.9,2022-02-09 19:13:03+00:00,1.5483447663192438,375.4776915436449
-8.050189,-34.950493,15.9,2022-02-09 19:13:04+00:00,1.6589408201499913,377.1366323637949
-8.050174,-34.950495,15.9,2022-02-09 19:13:05+00:00,1.6735253334812032,378.8101576972761
-8.05016,-34.950498,15.9,2022-02-09 19:13:06+00:00,1.5832646392242347,380.39342233650035
-8.050146,-34.9505,15.9,2022-02-09 19:13:07+00:00,1.5639609685704845,381.95738330507083
-8.050132,-34.9505,15.9,2022-02-09 19:13:08+00:00,1.5483447609843128,383.50572806605516
-8.050118,-34.950497,15.9,2022-02-09 19:13:09+00:00,1.5832646434400144,385.0889927094952
-8.050105,-34.950492,15.9,2022-02-09 19:13:10+00:00,1.5397683114122744,386.62876102090746
-8.050093,-34.950485,15.9,2022-02-09 19:13:11+00:00,1.5351592154102351,388.1639202363177
-8.050083,-34.95047,15.9,2022-02-09 19:13:12+00:00,1.9892297661926939,390.1531500025104
-8.050071,-34.950457,15.9,2022-02-09 19:13:13+00:00,1.95314788827933,392.10629789078973
-8.05006,-34.950447,15.9,2022-02-09 19:13:14+00:00,1.6416670426921876,393.7479649334819
-8.050047,-34.95044,15.9,2022-02-09 19:13:15+00:00,1.6317172305062302,395.37968216398815
-8.050033,-34.950432,15.9,2022-02-09 19:13:16+00:00,1.7818558981482622,397.1615380621364
-8.05002,-34.950423,15.9,2022-02-09 19:13:17+00:00,1.7468029946874999,398.90834105682393
-8.050008,-34.950414,15.9,2022-02-09 19:13:18+00:00,1.6569651726326746,400.5653062294566
-8.049994,-34.950408,15.9,2022-02-09 19:13:19+00:00,1.6836844920473029,402.2489907215039
-8.04998,-34.950405,15.9,2022-02-09 19:13:20+00:00,1.5832646564859312,403.83225537798984
-8.049965,-34.950404,15.9,2022-02-09 19:13:21+00:00,1.662598928588641,405.4948543065785
-8.049949,-34.950404,15.9,2022-02-09 19:13:22+00:00,1.7695368540681609,407.26439116064665
-8.049933,-34.950406,15.9,2022-02-09 19:13:23+00:00,1.7832170740924658,409.04760823473913
-8.049917,-34.950411,15.9,2022-02-09 19:13:24+00:00,1.8533823297344847,410.9009905644736
-8.049902,-34.950415,15.9,2022-02-09 19:13:25+00:00,1.7165355907193625,412.617526155193
-8.049886,-34.950418,15.9,2022-02-09 19:13:26+00:00,1.8001711633028379,414.4176973184958
-8.04987,-34.95042,15.9,2022-02-09 19:13:27+00:00,1.7832170729777386,416.20091439147353
-8.049855,-34.950419,15.9,2022-02-09 19:13:28+00:00,1.6625989215667387,417.86351331304024
-8.04984,-34.950418,15.9,2022-02-09 19:13:29+00:00,1.6625989208100491,419.5261122338503
-8.049825,-34.950417,15.9,2022-02-09 19:13:30+00:00,1.6625989196997326,421.18871115355006
-8.04981,-34.950415,15.9,2022-02-09 19:13:31+00:00,1.6735253304929807,422.862236484043
-8.049795,-34.950413,15.9,2022-02-09 19:13:32+00:00,1.6735253306152247,424.53576181465826
-8.04978,-34.950412,15.9,2022-02-09 19:13:33+00:00,1.6625989170760347,426.1983607317343
-8.049764,-34.950412,15.9,2022-02-09 19:13:34+00:00,1.7695368381765868,427.96789756991086
-8.049748,-34.950409,15.9,2022-02-09 19:13:35+00:00,1.8001711721580913,429.768068742069
-8.049733,-34.950405,15.9,2022-02-09 19:13:36+00:00,1.7165356243078655,431.48460436637686
-8.049718,-34.9504,15.9,2022-02-09 19:13:37+00:00,1.7480990269458836,433.23270339332277
-8.049703,-34.950397,15.9,2022-02-09 19:13:38+00:00,1.6915791945283998,434.92428258785117
-8.049688,-34.950396,15.9,2022-02-09 19:13:39+00:00,1.6625989114219706,436.58688149927315
-8.049673,-34.950393,15.9,2022-02-09 19:13:40+00:00,1.6915791970584564,438.2784606963316
-8.049659,-34.950387,15.9,2022-02-09 19:13:41+00:00,1.6836846822936222,439.9621453786252
-8.049645,-34.95038,15.9,2022-02-09 19:13:42+00:00,1.7299573263825856,441.6921027050078
-8.04963,-34.950376,15.9,2022-02-09 19:13:43+00:00,1.7165356450870968,443.4086383500949
-8.049614,-34.950373,15.9,2022-02-09 19:13:44+00:00,1.8001711806009133,445.2088095306958
-8.049599,-34.950371,15.9,2022-02-09 19:13:45+00:00,1.6735253290062528,446.88233485970204
-8.049582,-34.95037,15.9,2022-02-09 19:13:46+00:00,1.8833614258929885,448.765696285595
-8.049566,-34.950367,15.9,2022-02-09 19:13:47+00:00,1.8001711836127203,450.5658674692078
-8.049551,-34.950364,15.9,2022-02-09 19:13:48+00:00,1.6915792064187058,452.25744667562645
-8.049535,-34.95036,15.9,2022-02-09 19:13:49+00:00,1.8236421707683947,454.08108884639483
-8.04952,-34.950357,15.9,2022-02-09 19:13:50+00:00,1.6915792094509035,455.7726680558457
-8.049505,-34.950354,15.9,2022-02-09 19:13:51+00:00,1.6915792099226599,457.4642472657684
-8.049492,-34.950351,15.9,2022-02-09 19:13:52+00:00,1.475288780017843,458.9395360457862
-8.049478,-34.95035,15.9,2022-02-09 19:13:53+00:00,1.5522635051338423,460.49179955092006
-8.049465,-34.95035,16.0,2022-02-09 19:13:54+00:00,1.4377486601122487,461.92954821103234
-8.049451,-34.95035,16.0,2022-02-09 19:13:55+00:00,1.5483447098458796,463.4778929208782
-8.049437,-34.95035,16.0,2022-02-09 19:13:56+00:00,1.5483447087887656,465.026237629667
-8.049423,-34.950351,16.0,2022-02-09 19:13:57+00:00,1.5522635018102076,466.5785011314772
-8.049401,-34.950353,16.0,2022-02-09 19:13:58+00:00,2.44308043129875,469.02158156277596
-8.049392,-34.950354,16.0,2022-02-09 19:13:59+00:00,1.001449470639127,470.02303103341507
-8.049384,-34.950355,16.0,2022-02-09 19:14:00+00:00,0.8916085316160451,470.9146395650311
-8.049362,-34.950357,16.0,2022-02-09 19:14:01+00:00,2.4430804279899556,473.3577199930211
-8.049353,-34.950358,16.0,2022-02-09 19:14:02+00:00,1.0014494700059025,474.359169463027
-8.049344,-34.950358,16.0,2022-02-09 19:14:03+00:00,0.9953644509588433,475.35453391398585
-8.049322,-34.950356,16.0,2022-02-09 19:14:04+00:00,2.4430804251717375,477.7976143391576
-8.049314,-34.950355,16.0,2022-02-09 19:14:05+00:00,0.8916085307811543,478.6892228699387
-8.049305,-34.950353,16.0,2022-02-09 19:14:06+00:00,1.0194866337594246,479.7087095036981
-8.049285,-34.950349,16.0,2022-02-09 19:14:07+00:00,2.2554389699052364,481.96414847360336
-8.049277,-34.950348,16.0,2022-02-09 19:14:08+00:00,0.8916085307763022,482.85575700437965
-8.049269,-34.950347,16.0,2022-02-09 19:14:09+00:00,0.8916085306607855,483.74736553504044
-8.049248,-34.950348,16.0,2022-02-09 19:14:10+00:00,2.325131408689642,486.0724969437301
-8.049239,-34.950349,16.0,2022-02-09 19:14:11+00:00,1.0014494681568418,487.07394641188694
-8.04923,-34.95035,16.0,2022-02-09 19:14:12+00:00,1.0014494676577836,488.0753958795447
-8.049216,-34.950352,16.0,2022-02-09 19:14:13+00:00,1.5639609700599124,489.6393568496046
-8.049202,-34.950353,16.0,2022-02-09 19:14:14+00:00,1.5522634895469356,491.19162033915154
-8.049187,-34.950353,16.0,2022-02-09 19:14:15+00:00,1.6589407394014903,492.850561078553
-8.049171,-34.950353,16.0,2022-02-09 19:14:16+00:00,1.7695367871218592,494.6200978656749
-8.049155,-34.950353,16.0,2022-02-09 19:14:17+00:00,1.7695367857801445,496.389634651455
-8.049139,-34.950353,16.0,2022-02-09 19:14:18+00:00,1.769536784792757,498.1591714362478
-8.049122,-34.950354,16.0,2022-02-09 19:14:19+00:00,1.8833613910365987,500.0425328272844
-8.049106,-34.950353,16.0,2022-02-09 19:14:20+00:00,1.7729667467671864,501.81549957405156
-8.049091,-34.95035,16.0,2022-02-09 19:14:21+00:00,1.6915792430408685,503.5070788170924
-8.049076,-34.950345,16.0,2022-02-09 19:14:22+00:00,1.7480992517303573,505.2551780688228
-8.049063,-34.95034,16.0,2022-02-09 19:14:23+00:00,1.5397687473552255,506.794946816178
-8.049049,-34.950334,16.0,2022-02-09 19:14:24+00:00,1.6836850291347647,508.4786318453128
-8.049036,-34.95033,16.1,2022-02-09 19:14:25+00:00,1.5038390260644472,509.98247087137725
-8.049023,-34.950327,16.1,2022-02-09 19:14:26+00:00,1.4752888333877603,511.457759704765
-8.049012,-34.950323,16.1,2022-02-09 19:14:27+00:00,1.2939940151022724,512.7517537198673
-8.049001,-34.950319,16.1,2022-02-09 19:14:28+00:00,1.2939940182242298,514.0457477380916
-8.04899,-34.950316,16.1,2022-02-09 19:14:29+00:00,1.2607005319411742,515.3064482700328
-8.04897,-34.950316,16.1,2022-02-09 19:14:30+00:00,2.211920962478003,517.5183692325107
-8.048962,-34.950316,16.1,2022-02-09 19:14:31+00:00,0.8847683846845283,518.4031376171953
-8.048954,-34.950317,16.1,2022-02-09 19:14:32+00:00,0.891608527345552,519.2947461445408
-8.048932,-34.950317,16.1,2022-02-09 19:14:33+00:00,2.4331130546388473,521.7278591991796
-8.048923,-34.950316,16.1,2022-02-09 19:14:34+00:00,1.0014494623240722,522.7293086615038
-8.048914,-34.950315,16.1,2022-02-09 19:14:35+00:00,1.0014494620014698,523.7307581235052
-8.0489,-34.950315,16.1,2022-02-09 19:14:36+00:00,1.5483446681450155,525.2791027916502
-8.048887,-34.950317,16.1,2022-02-09 19:14:37+00:00,1.4545527842517025,526.7336555759019
-8.048867,-34.950324,16.1,2022-02-09 19:14:38+00:00,2.34264327754278,529.0762988534448
-8.04886,-34.950328,16.1,2022-02-09 19:14:39+00:00,0.8909285400395762,529.9672273934843
-8.048852,-34.950331,16.1,2022-02-09 19:14:40+00:00,0.944548146112379,530.9117755395968
-8.048843,-34.950341,16.1,2022-02-09 19:14:41+00:00,1.4851997618709463,532.3969753014677
-8.048833,-34.950352,16.1,2022-02-09 19:14:42+00:00,1.6411523105590007,534.0381276120268
-8.048821,-34.950361,16.1,2022-02-09 19:14:43+00:00,1.6569668401270061,535.6950944521537
-8.048808,-34.950369,16.1,2022-02-09 19:14:44+00:00,1.6866430323459773,537.3817374844997
-8.048794,-34.950376,16.1,2022-02-09 19:14:45+00:00,1.729957987144875,539.1116954716446
-8.04878,-34.950382,16.1,2022-02-09 19:14:46+00:00,1.6836851816584264,540.795380653303
-8.048765,-34.950389,16.1,2022-02-09 19:14:47+00:00,1.8296086464079815,542.624989299711
-8.04875,-34.950394,16.1,2022-02-09 19:14:48+00:00,1.7480993651280234,544.3730886648391
-8.048735,-34.9504,16.1,2022-02-09 19:14:49+00:00,1.7859196388475886,546.1590083036867
-8.048721,-34.950406,16.1,2022-02-09 19:14:50+00:00,1.6836852153382864,547.842693519025
-8.048706,-34.950411,16.1,2022-02-09 19:14:51+00:00,1.7480993808211611,549.5907928998462
-8.048691,-34.950416,16.1,2022-02-09 19:14:52+00:00,1.7480993858664473,551.3388922857126
-8.048677,-34.950423,16.1,2022-02-09 19:14:53+00:00,1.7299580784413746,553.0688503641541
-8.048664,-34.950432,16.1,2022-02-09 19:14:54+00:00,1.7468047901241366,554.8156551542781
-8.048652,-34.950442,16.1,2022-02-09 19:14:55+00:00,1.7252255008858925,556.5408806551641
-8.048641,-34.950452,16.1,2022-02-09 19:14:56+00:00,1.6416695554902565,558.1825502106543
-8.04863,-34.950464,16.1,2022-02-09 19:14:57+00:00,1.797139244668167,559.9796894553225
-8.04862,-34.950476,16.1,2022-02-09 19:14:58+00:00,1.7241949892052917,561.7038844445278
-8.048612,-34.95049,16.2,2022-02-09 19:14:59+00:00,1.7788622863188448,563.4827467308467
-8.048604,-34.950503,16.2,2022-02-09 19:15:00+00:00,1.684126593274314,565.166873324121
-8.048597,-34.950518,16.2,2022-02-09 19:15:01+00:00,1.825718783693863,566.9925921078149
-8.048589,-34.950532,16.2,2022-02-09 19:15:02+00:00,1.7788623608224798,568.7714544686373
-8.048582,-34.950547,16.2,2022-02-09 19:15:03+00:00,1.8257188375958215,570.5971733062331
-8.048576,-34.950561,16.2,2022-02-09 19:15:04+00:00,1.6798422161905973,572.2770155224238
-8.048572,-34.950575,16.2,2022-02-09 19:15:05+00:00,1.6053785281984831,573.8823940506222
-8.04857,-34.950589,16.2,2022-02-09 19:15:06+00:00,1.5589940455350604,575.4413880961573
-8.04857,-34.950603,16.2,2022-02-09 19:15:07+00:00,1.5432227648040198,576.9846108609613
-8.048572,-34.950617,16.2,2022-02-09 19:15:08+00:00,1.5589940455350604,578.5436049064964
-8.048574,-34.950631,16.2,2022-02-09 19:15:09+00:00,1.5589940367631163,580.1025989432595
-8.048578,-34.950644,16.2,2022-02-09 19:15:10+00:00,1.4997237752862562,581.6023227185458
-8.048583,-34.950657,16.2,2022-02-09 19:15:11+00:00,1.535986565201206,583.138309283747
-8.048588,-34.95067,16.2,2022-02-09 19:15:12+00:00,1.5359865483868298,584.6742958321339
-8.048593,-34.950683,16.2,2022-02-09 19:15:13+00:00,1.5359865312193333,586.2102823633533
-8.048597,-34.950696,16.2,2022-02-09 19:15:14+00:00,1.499723713285702,587.7100060766389
-8.048596,-34.950719,16.2,2022-02-09 19:15:15+00:00,2.5377054724934616,590.2477115491324
-8.048593,-34.950727,16.2,2022-02-09 19:15:16+00:00,0.9421931057185485,591.1899046548509
-8.048591,-34.950736,16.2,2022-02-09 19:15:17+00:00,1.0164311320915798,592.2063357869425
-8.048585,-34.950749,16.2,2022-02-09 19:15:18+00:00,1.5791773150241832,593.7855131019667
-8.048577,-34.950761,16.2,2022-02-09 19:15:19+00:00,1.5913878401775665,595.3769009421443
-8.048566,-34.95077,16.2,2022-02-09 19:15:20+00:00,1.569782193440515,596.9466831355847
-8.048553,-34.950774,16.2,2022-02-09 19:15:21+00:00,1.5038391468087273,598.4505222823934
-8.048539,-34.950774,16.3,2022-02-09 19:15:22+00:00,1.5483446412691197,599.9988669236625
-8.048524,-34.950771,16.3,2022-02-09 19:15:23+00:00,1.6915792878476437,601.6904462115101
-8.048508,-34.950768,16.3,2022-02-09 19:15:24+00:00,1.8001712520958202,603.4906174636059
-8.048492,-34.950764,16.3,2022-02-09 19:15:25+00:00,1.8236423566302402,605.3142598202361
-8.048474,-34.950761,16.3,2022-02-09 19:15:26+00:00,2.0180083110839955,607.3322681313201
-8.048457,-34.950757,16.3,2022-02-09 19:15:27+00:00,1.931142273232184,609.2634104045524
-8.048441,-34.950753,16.3,2022-02-09 19:15:28+00:00,1.823642365887216,611.0870527704395
-8.048425,-34.950749,16.2,2022-02-09 19:15:29+00:00,1.8236423682375538,612.910695138677
-8.048409,-34.950745,16.2,2022-02-09 19:15:30+00:00,1.823642371470319,614.7343375101474
-8.048394,-34.95074,16.2,2022-02-09 19:15:31+00:00,1.7480994898526614,616.482437
-8.048379,-34.950734,16.2,2022-02-09 19:15:32+00:00,1.7859198265214937,618.2683568265215
-8.048364,-34.950729,16.2,2022-02-09 19:15:33+00:00,1.7480995002952966,620.0164563268169
-8.048349,-34.950725,16.2,2022-02-09 19:15:34+00:00,1.7165359011300483,621.732992227947
-8.048334,-34.950722,16.2,2022-02-09 19:15:35+00:00,1.6915793029319943,623.424571530879
-8.048319,-34.950718,16.2,2022-02-09 19:15:36+00:00,1.7165359066475332,625.1411074375266
-8.048304,-34.950715,16.2,2022-02-09 19:15:37+00:00,1.6915793052857235,626.8326867428123
-8.048289,-34.950712,16.2,2022-02-09 19:15:38+00:00,1.691579306992967,628.5242660498052
-8.048275,-34.950709,16.2,2022-02-09 19:15:39+00:00,1.5832648193709686,630.1075308691761
-8.04826,-34.950705,16.2,2022-02-09 19:15:40+00:00,1.7165359187703844,631.8240667879465
-8.048246,-34.950702,16.2,2022-02-09 19:15:41+00:00,1.5832648223329293,633.4073316102795
-8.048231,-34.950699,16.2,2022-02-09 19:15:42+00:00,1.691579311402471,635.098910921682
-8.048216,-34.950698,16.2,2022-02-09 19:15:43+00:00,1.6625988191919876,636.761509740874
-8.048201,-34.950697,16.2,2022-02-09 19:15:44+00:00,1.662598818434958,638.4241085593089
-8.048185,-34.950696,16.2,2022-02-09 19:15:45+00:00,1.77296668290724,640.1970752422162
-8.04817,-34.950694,16.2,2022-02-09 19:15:46+00:00,1.673525316200716,641.870600558417
-8.048157,-34.95069,16.2,2022-02-09 19:15:47+00:00,1.5038392460291738,643.3744398044462
-8.048143,-34.950684,16.2,2022-02-09 19:15:48+00:00,1.6836855431147673,645.0581253475609
-8.048129,-34.950677,16.2,2022-02-09 19:15:49+00:00,1.7299585038483252,646.7880838514093
-8.048116,-34.95067,16.2,2022-02-09 19:15:50+00:00,1.6317188391191093,648.4198026905284
-8.048104,-34.950662,16.2,2022-02-09 19:15:51+00:00,1.5934177550031057,650.0132204455315
-8.048093,-34.950654,16.2,2022-02-09 19:15:52+00:00,1.5025498435759703,651.5157702891074
-8.048083,-34.950646,16.2,2022-02-09 19:15:53+00:00,1.4144945703712317,652.9302648594786
-8.048065,-34.950634,16.2,2022-02-09 19:15:54+00:00,2.390126693837952,655.3203915533165
-8.048059,-34.950629,16.2,2022-02-09 19:15:55+00:00,0.8626132503697999,656.1830048036863
-8.048052,-34.950624,16.2,2022-02-09 19:15:56+00:00,0.9503214884855963,657.1333262921719
-8.048042,-34.950618,16.2,2022-02-09 19:15:57+00:00,1.2886328679047754,658.4219591600767
-8.048031,-34.950613,16.2,2022-02-09 19:15:58+00:00,1.3355814685938987,659.7575406286705
-8.048019,-34.950609,16.2,2022-02-09 19:15:59+00:00,1.3984796970550146,661.1560203257255
-8.047999,-34.950608,16.2,2022-02-09 19:16:00+00:00,2.214665801416165,663.3706861271417
-8.047991,-34.950608,16.2,2022-02-09 19:16:01+00:00,0.8847683430658174,664.2554544702075
-8.047983,-34.950608,16.2,2022-02-09 19:16:02+00:00,0.884768342244461,665.140222812452
-8.047961,-34.950609,16.2,2022-02-09 19:16:03+00:00,2.4356086117440547,667.575831424196
-8.047953,-34.95061,16.2,2022-02-09 19:16:04+00:00,0.8916085187102261,668.4674399429063
-8.047944,-34.95061,16.2,2022-02-09 19:16:05+00:00,0.9953643833901823,669.4628043262965
-8.047931,-34.950614,16.2,2022-02-09 19:16:06+00:00,1.5038393022797678,670.9666436285762
-8.047917,-34.950619,16.2,2022-02-09 19:16:07+00:00,1.6435143314497498,672.610157960026
-8.047904,-34.950626,16.2,2022-02-09 19:16:08+00:00,1.6317190156091574,674.2418769756351
-8.047891,-34.950634,16.2,2022-02-09 19:16:09+00:00,1.6866440140964873,675.9285209897316
-8.047877,-34.95064,16.2,2022-02-09 19:16:10+00:00,1.6836856941328882,677.6122066838645
-8.047863,-34.950645,16.2,2022-02-09 19:16:11+00:00,1.6435143515383623,679.2557210354029
-8.047848,-34.95065,16.2,2022-02-09 19:16:12+00:00,1.7480996804811404,681.003820715884
-8.047833,-34.950653,16.2,2022-02-09 19:16:13+00:00,1.691579343196486,682.6954000590805
-8.047818,-34.950656,16.2,2022-02-09 19:16:14+00:00,1.6915793440213973,684.3869794031019
-8.047802,-34.950655,16.2,2022-02-09 19:16:15+00:00,1.772966656909955,686.1599460600119
-8.047788,-34.950651,16.2,2022-02-09 19:16:16+00:00,1.6099014984315017,687.7698475584434
-8.047775,-34.950644,16.2,2022-02-09 19:16:17+00:00,1.631719123713381,689.4015666821568
-8.047753,-34.950638,16.3,2022-02-09 19:16:18+00:00,2.521401447464152,691.922968129621
-8.047745,-34.950636,16.3,2022-02-09 19:16:19+00:00,0.9118212451240182,692.834789374745
-8.047736,-34.950635,16.3,2022-02-09 19:16:20+00:00,1.0014494404210907,693.8362388151661
-8.047714,-34.950636,16.3,2022-02-09 19:16:21+00:00,2.4356085855888305,696.271847400755
-8.047705,-34.950638,16.3,2022-02-09 19:16:22+00:00,1.0194867447866436,697.2913341455416
-8.047696,-34.950639,16.3,2022-02-09 19:16:23+00:00,1.0014494394180997,698.2927835849597
-8.047682,-34.950641,16.3,2022-02-09 19:16:24+00:00,1.5639609726597499,699.8567445576194
-8.047667,-34.950641,16.3,2022-02-09 19:16:25+00:00,1.6589406166813316,701.5156851743008
-8.047654,-34.950639,16.3,2022-02-09 19:16:26+00:00,1.4545528000162133,702.970237974317
-8.047641,-34.950634,16.3,2022-02-09 19:16:27+00:00,1.5397693425065653,704.5100073168236
-8.04763,-34.950625,16.3,2022-02-09 19:16:28+00:00,1.5697835891544063,706.079790905978
-8.047619,-34.950613,16.3,2022-02-09 19:16:29+00:00,1.7971416180895168,707.8769325240676
-8.047608,-34.950602,16.3,2022-02-09 19:16:30+00:00,1.7176293996923548,709.5945619237599
-8.047597,-34.950593,16.3,2022-02-09 19:16:31+00:00,1.569783639131908,711.1643455628918
-8.047577,-34.950587,16.3,2022-02-09 19:16:32+00:00,2.3086837942481546,713.4730293571399
-8.047569,-34.950587,16.3,2022-02-09 19:16:33+00:00,0.8847683248427237,714.3577976819827
-8.04756,-34.950586,16.3,2022-02-09 19:16:34+00:00,1.0014494368596396,715.3592471188423
-8.04754,-34.950589,16.3,2022-02-09 19:16:35+00:00,2.236504075786153,717.5957511946284
-8.047531,-34.95059,16.3,2022-02-09 19:16:36+00:00,1.0014494363886504,718.597200631017
-8.047523,-34.950591,16.3,2022-02-09 19:16:37+00:00,0.8916085144408377,719.4888091454578
-8.047502,-34.950587,16.3,2022-02-09 19:16:38+00:00,2.364000136988702,721.8528092824465
-8.047494,-34.950584,16.3,2022-02-09 19:16:39+00:00,0.9445484768159482,722.7973577592625
-8.047486,-34.950581,16.3,2022-02-09 19:16:40+00:00,0.9445484789872176,723.7419062382497
-8.047466,-34.95057,16.3,2022-02-09 19:16:41+00:00,2.5224662110162845,726.264372449266
-8.047459,-34.950566,16.3,2022-02-09 19:16:42+00:00,0.890929243428341,727.1553016926944
-8.047451,-34.950561,16.3,2022-02-09 19:16:43+00:00,1.0423934242146586,728.197695116909
-8.04743,-34.950558,16.3,2022-02-09 19:16:44+00:00,2.3459414599573853,730.5436365768664
-8.047421,-34.950559,16.3,2022-02-09 19:16:45+00:00,1.0014494342521556,731.5450860111187
-8.047412,-34.95056,16.3,2022-02-09 19:16:46+00:00,1.001449434635505,732.5465354457542
-8.047391,-34.950558,16.3,2022-02-09 19:16:47+00:00,2.332956815504022,734.8794922612583
-8.047382,-34.950556,16.3,2022-02-09 19:16:48+00:00,1.019486767508295,735.8989790287666
-8.047373,-34.950554,16.3,2022-02-09 19:16:49+00:00,1.019486768065148,736.9184657968317
-8.04736,-34.950551,16.3,2022-02-09 19:16:50+00:00,1.4752890226724469,738.3937548195041
-8.047346,-34.950549,16.3,2022-02-09 19:16:51+00:00,1.5639609736764795,739.9577157931806
-8.047332,-34.950549,16.3,2022-02-09 19:16:52+00:00,1.5483445501222406,741.5060603433028
-8.047317,-34.95055,16.3,2022-02-09 19:16:53+00:00,1.6625987632204289,743.1686591065233
-8.047303,-34.95055,16.3,2022-02-09 19:16:54+00:00,1.548344548335761,744.717003654859
-8.047287,-34.95055,16.3,2022-02-09 19:16:55+00:00,1.7695366251312499,746.4865402799902
-8.047271,-34.950552,16.3,2022-02-09 19:16:56+00:00,1.7832170247178305,748.269757304708
-8.047254,-34.950553,16.3,2022-02-09 19:16:57+00:00,1.8833612498806798,750.1531185545887
-8.047238,-34.950555,16.3,2022-02-09 19:16:58+00:00,1.78321702429444,751.9363355788831
-8.047222,-34.950553,16.3,2022-02-09 19:16:59+00:00,1.7832170236555378,753.7195526025387
-8.047205,-34.950551,16.3,2022-02-09 19:17:00+00:00,1.893013977041753,755.6125665795804
-8.047188,-34.950549,16.3,2022-02-09 19:17:01+00:00,1.893013976520671,757.5055805561011
-8.047171,-34.950548,16.2,2022-02-09 19:17:02+00:00,1.883361243643602,759.3889417997447
-8.047154,-34.950547,16.2,2022-02-09 19:17:03+00:00,1.88336124259539,761.27230304234
-8.047136,-34.950545,16.2,2022-02-09 19:17:04+00:00,2.0028988586982845,763.2752019010383
-8.04712,-34.95054,16.2,2022-02-09 19:17:05+00:00,1.8533832248601843,765.1285851258984
-8.047104,-34.950533,16.1,2022-02-09 19:17:06+00:00,1.9304528465274535,767.0590379724259
-8.047088,-34.950525,16.1,2022-02-09 19:17:07+00:00,1.9770963557792922,769.0361343282052
-8.047073,-34.950519,16.1,2022-02-09 19:17:08+00:00,1.7859205127019495,770.8220548409072
-8.047057,-34.950516,16.1,2022-02-09 19:17:09+00:00,1.8001713452963302,772.6222261862035
-8.047042,-34.950516,16.1,2022-02-09 19:17:10+00:00,1.65894056671513,774.2811667529187
-8.047027,-34.950517,16.0,2022-02-09 19:17:11+00:00,1.6625987448237316,775.9437654977424
-8.04701,-34.950517,16.0,2022-02-09 19:17:12+00:00,1.8801326388864146,777.8238981366288
-8.046994,-34.950516,16.0,2022-02-09 19:17:13+00:00,1.7729666012396994,779.5968647378685
-8.046979,-34.950512,16.0,2022-02-09 19:17:14+00:00,1.716536174466622,781.313400912335
-8.046963,-34.950506,16.0,2022-02-09 19:17:15+00:00,1.8890972106467188,783.2024981229818
-8.046948,-34.9505,15.9,2022-02-09 19:17:16+00:00,1.7859205779002556,784.988418700882
-8.046935,-34.950496,15.9,2022-02-09 19:17:17+00:00,1.5038395518642524,786.4922582527463
-8.046921,-34.95049,15.9,2022-02-09 19:17:18+00:00,1.6836862371032089,788.1759444898495
-8.046908,-34.950483,15.9,2022-02-09 19:17:19+00:00,1.6317198454048965,789.8076643352543
-8.046896,-34.950475,15.9,2022-02-09 19:17:20+00:00,1.593419135399869,791.4010834706542
-8.046883,-34.950467,15.9,2022-02-09 19:17:21+00:00,1.6866450928809285,793.087728563535
-8.046871,-34.950459,15.9,2022-02-09 19:17:22+00:00,1.5934191638683364,794.6811477274034
-8.046859,-34.950452,15.9,2022-02-09 19:17:23+00:00,1.535162110407131,796.2163098378105
-8.046847,-34.950445,15.9,2022-02-09 19:17:24+00:00,1.5351621208722206,797.7514719586827
-8.046833,-34.950442,15.9,2022-02-09 19:17:25+00:00,1.5832649577780848,799.3347369164608
-8.046812,-34.950439,15.8,2022-02-09 19:17:26+00:00,2.3459414613543976,801.6806783778152
-8.046804,-34.950438,15.8,2022-02-09 19:17:27+00:00,0.8916085077624764,802.5722868855777
-8.046796,-34.950437,15.8,2022-02-09 19:17:28+00:00,0.8916085076467789,803.4638953932244
-8.046775,-34.950435,15.8,2022-02-09 19:17:29+00:00,2.3329567777591365,805.7968521709836
-8.046766,-34.950435,15.8,2022-02-09 19:17:30+00:00,0.9953643264620426,806.7922164974457
-8.046757,-34.950435,15.8,2022-02-09 19:17:31+00:00,0.9953643259634299,807.7875808234091
-8.046742,-34.950437,15.8,2022-02-09 19:17:32+00:00,1.6735253037820113,809.4611061271911
-8.046727,-34.950437,15.8,2022-02-09 19:17:33+00:00,1.658940541136249,811.1200466683274
-8.046712,-34.950438,15.8,2022-02-09 19:17:34+00:00,1.6625987255783923,812.7826453939058
-8.046696,-34.950444,15.8,2022-02-09 19:17:35+00:00,1.889097340106257,814.671742734012
-8.046674,-34.950461,15.7,2022-02-09 19:17:36+00:00,3.071094522180094,817.7428372561922
-8.046667,-34.950468,15.7,2022-02-09 19:17:37+00:00,1.0930381254116888,818.8358753816038
-8.04665,-34.950494,15.7,2022-02-09 19:17:38+00:00,3.4276590243811587,822.263534405985
-8.046644,-34.950502,15.7,2022-02-09 19:17:39+00:00,1.1036237111672995,823.3671581171523
-8.046634,-34.950529,15.7,2022-02-09 19:17:40+00:00,3.1750732079223853,826.5422313250747
-8.046631,-34.950538,15.7,2022-02-09 19:17:41+00:00,1.0460875238136538,827.5883188488883
-8.046625,-34.950566,15.7,2022-02-09 19:17:42+00:00,3.1569875046558824,830.7453063535442
-8.046623,-34.950575,15.6,2022-02-09 19:17:43+00:00,1.0164357995296205,831.7617421530738
-8.046625,-34.95059,15.6,2022-02-09 19:17:44+00:00,1.6681902500305457,833.4299324031043
-8.046634,-34.950601,15.6,2022-02-09 19:17:45+00:00,1.5687569556795036,834.9986893587838
-8.04665,-34.950602,15.6,2022-02-09 19:17:46+00:00,1.7729665762566968,836.7716559350406
-8.046666,-34.950599,15.6,2022-02-09 19:17:47+00:00,1.8001713718947907,838.5718273069353
-8.046682,-34.950595,15.6,2022-02-09 19:17:48+00:00,1.8236426813466424,840.395469988282
-8.046698,-34.950589,15.6,2022-02-09 19:17:49+00:00,1.8890973472646662,842.2845673355466
-8.046715,-34.950583,15.6,2022-02-09 19:17:50+00:00,1.9930699190292638,844.2776372545759
-8.046731,-34.950578,15.6,2022-02-09 19:17:51+00:00,1.853383353683913,846.1310206082599
-8.046746,-34.950574,15.6,2022-02-09 19:17:52+00:00,1.7165362238579192,847.8475568321178
-8.046761,-34.950573,15.6,2022-02-09 19:17:53+00:00,1.662598727199585,849.5101555593174
-8.046776,-34.950571,15.7,2022-02-09 19:17:54+00:00,1.6735253039441798,851.1836808632615
-8.04679,-34.95057,15.7,2022-02-09 19:17:55+00:00,1.5522633535560402,852.7359442168175
-8.046805,-34.95057,15.7,2022-02-09 19:17:56+00:00,1.6589405465345204,854.394884763352
-8.04682,-34.950569,15.7,2022-02-09 19:17:57+00:00,1.6625987310819006,856.0574834944339
-8.046834,-34.950569,15.8,2022-02-09 19:17:58+00:00,1.548344511873696,857.6058280063075
-8.046849,-34.95057,15.8,2022-02-09 19:17:59+00:00,1.6625987327453031,859.2684267390529
-8.046862,-34.950572,15.8,2022-02-09 19:18:00+00:00,1.4545528106934182,860.7229795497462
-8.046876,-34.950574,15.8,2022-02-09 19:18:01+00:00,1.5639609737670899,862.2869405235133
-8.046889,-34.950577,15.8,2022-02-09 19:18:02+00:00,1.475289077451353,863.7622296009647
-8.046902,-34.95058,15.9,2022-02-09 19:18:03+00:00,1.4752890758204433,865.2375186767852
-8.046925,-34.950581,15.9,2022-02-09 19:18:04+00:00,2.5460961327481817,867.7836148095333
-8.046934,-34.95058,15.9,2022-02-09 19:18:05+00:00,1.0014494255003645,868.7850642350337
-8.046943,-34.95058,15.9,2022-02-09 19:18:06+00:00,0.9953643344631454,869.7804285694968
-8.046957,-34.95058,15.9,2022-02-09 19:18:07+00:00,1.548344521134015,871.3287730906309
-8.046971,-34.95058,16.0,2022-02-09 19:18:08+00:00,1.5483445220137066,872.8771176126446
-8.046985,-34.950582,16.0,2022-02-09 19:18:09+00:00,1.5639609737047344,874.4410785863494
-8.047,-34.950584,16.0,2022-02-09 19:18:10+00:00,1.6735253061335662,876.1146038924829
-8.047015,-34.950587,16.0,2022-02-09 19:18:11+00:00,1.6915794091255982,877.8061833016085
-8.04703,-34.950591,16.0,2022-02-09 19:18:12+00:00,1.7165361671746513,879.5227194687832
-8.047046,-34.950594,16.1,2022-02-09 19:18:13+00:00,1.8001713473322591,881.3228908161154
-8.047061,-34.950596,16.1,2022-02-09 19:18:14+00:00,1.673525305846318,882.9964161219617
-8.047076,-34.950596,16.1,2022-02-09 19:18:15+00:00,1.6589405679310272,884.6553566898928
-8.047091,-34.950597,16.1,2022-02-09 19:18:16+00:00,1.66259874808441,886.3179554379772
-8.047106,-34.950599,16.2,2022-02-09 19:18:17+00:00,1.6735253067136013,887.9914807446908
-8.04712,-34.9506,16.2,2022-02-09 19:18:18+00:00,1.552263372439677,889.5437441171305
-8.047135,-34.950602,16.2,2022-02-09 19:18:19+00:00,1.6735253073233456,891.2172694244538
-8.047149,-34.950604,16.2,2022-02-09 19:18:20+00:00,1.563960973624712,892.7812303980785
-8.047164,-34.950606,16.2,2022-02-09 19:18:21+00:00,1.6735253075796135,894.4547557056582
-8.047178,-34.950609,16.2,2022-02-09 19:18:22+00:00,1.5832649258596452,896.0380206315178
-8.047193,-34.950612,16.3,2022-02-09 19:18:23+00:00,1.6915793947698468,897.7296000262877
-8.047208,-34.950616,16.3,2022-02-09 19:18:24+00:00,1.7165361318940733,899.4461361581817
-8.047222,-34.950622,16.3,2022-02-09 19:18:25+00:00,1.6836860743054654,901.1298222324872
-8.047237,-34.950627,16.3,2022-02-09 19:18:26+00:00,1.7480998990176442,902.8779221315049
-8.047252,-34.950631,16.3,2022-02-09 19:18:27+00:00,1.7165361230589788,904.5944582545638
-8.047266,-34.950633,16.3,2022-02-09 19:18:28+00:00,1.5639609732363389,906.1584192278002
-8.047281,-34.950634,16.3,2022-02-09 19:18:29+00:00,1.6625987597294527,907.8210179875297
-8.047295,-34.950634,16.3,2022-02-09 19:18:30+00:00,1.5483445467256685,909.3693625342553
-8.047309,-34.950634,16.3,2022-02-09 19:18:31+00:00,1.548344547605878,910.9177070818612
-8.047324,-34.950633,16.3,2022-02-09 19:18:32+00:00,1.6625987624752736,912.5803058443364
-8.047338,-34.950632,16.3,2022-02-09 19:18:33+00:00,1.5522633848021494,914.1325692291385
-8.047353,-34.950631,16.3,2022-02-09 19:18:34+00:00,1.662598763785727,915.7951679929242
-8.047368,-34.950631,16.3,2022-02-09 19:18:35+00:00,1.6589405916580175,917.4541085845823
-8.047383,-34.950633,16.3,2022-02-09 19:18:36+00:00,1.673525309104913,919.1276338936872
-8.047398,-34.950635,16.3,2022-02-09 19:18:37+00:00,1.6735253091585591,920.8011592028457
-8.047413,-34.950637,16.3,2022-02-09 19:18:38+00:00,1.673525309565653,922.4746845124114
-8.047428,-34.950641,16.3,2022-02-09 19:18:39+00:00,1.7165360877226967,924.1912206001341
-8.047443,-34.950644,16.3,2022-02-09 19:18:40+00:00,1.6915793751526993,925.8827999752868
-8.047457,-34.950647,16.3,2022-02-09 19:18:41+00:00,1.5832648991371188,927.466064874424
-8.047471,-34.95065,16.3,2022-02-09 19:18:42+00:00,1.5832648982608721,929.0493297726848
-8.047493,-34.950653,16.3,2022-02-09 19:18:43+00:00,2.4554826707465955,931.5048124434314
-8.047501,-34.950654,16.3,2022-02-09 19:18:44+00:00,0.8916085143599837,932.3964209577914
-8.04751,-34.950655,16.3,2022-02-09 19:18:45+00:00,1.0014494359022854,933.3978703936937
-8.047531,-34.95066,16.3,2022-02-09 19:18:46+00:00,2.3870176943559227,935.7848880880496
-8.047539,-34.950662,16.3,2022-02-09 19:18:47+00:00,0.9118212641954571,936.6967093522451
-8.047548,-34.950664,16.3,2022-02-09 19:18:48+00:00,1.0194867566905608,937.7161961089356
-8.04757,-34.950668,16.3,2022-02-09 19:18:49+00:00,2.4727414839946382,940.1889375929302
-8.047579,-34.950669,16.3,2022-02-09 19:18:50+00:00,1.0014494375512757,941.1903870304815
-8.047588,-34.95067,16.3,2022-02-09 19:18:51+00:00,1.0014494371678702,942.1918364676493
-8.047602,-34.950672,16.3,2022-02-09 19:18:52+00:00,1.5639609729253388,943.7557974405746
-8.047616,-34.950676,16.3,2022-02-09 19:18:53+00:00,1.6099015403397838,945.3656989809144
-8.047631,-34.950678,16.3,2022-02-09 19:18:54+00:00,1.673525311239816,947.0392242921542
-8.047646,-34.950679,16.3,2022-02-09 19:18:55+00:00,1.662598782792716,948.701823074947
-8.047661,-34.950679,16.3,2022-02-09 19:18:56+00:00,1.6589406147050032,950.360763689652
-8.047676,-34.950678,16.3,2022-02-09 19:18:57+00:00,1.662598784835246,952.0233624744873
-8.047691,-34.950678,16.3,2022-02-09 19:18:58+00:00,1.6589406172757322,953.6823030917631
-8.047707,-34.950679,16.3,2022-02-09 19:18:59+00:00,1.7729666494871246,955.4552697412502
-8.047722,-34.95068,16.3,2022-02-09 19:19:00+00:00,1.6625987871331982,957.1178685283834
-8.047738,-34.950679,16.3,2022-02-09 19:19:01+00:00,1.7729666516127307,958.8908351799961
-8.047754,-34.950678,16.2,2022-02-09 19:19:02+00:00,1.7729666524253316,960.6638018324214
-8.04777,-34.950677,16.2,2022-02-09 19:19:03+00:00,1.7729666535905513,962.4367684860119
-8.047785,-34.950678,16.2,2022-02-09 19:19:04+00:00,1.662598791300253,964.0993672773122
-8.0478,-34.95068,16.2,2022-02-09 19:19:05+00:00,1.6735253128212504,965.7728925901334
-8.047816,-34.950683,16.2,2022-02-09 19:19:06+00:00,1.800171297617815,967.5730638877512
-8.04783,-34.950684,16.2,2022-02-09 19:19:07+00:00,1.5522634121703274,969.1253272999215
-8.047845,-34.950684,16.2,2022-02-09 19:19:08+00:00,1.658940629883608,970.7842679298052
-8.047859,-34.950683,16.2,2022-02-09 19:19:09+00:00,1.5522634137818514,972.336531343587
-8.047873,-34.950681,16.2,2022-02-09 19:19:10+00:00,1.5639609722032781,973.9004923157903
-8.047887,-34.950679,16.2,2022-02-09 19:19:11+00:00,1.5639609723818229,975.4644532881721
-8.0479,-34.950679,16.2,2022-02-09 19:19:12+00:00,1.4377485499568188,976.9022018381289
-8.047915,-34.95068,16.2,2022-02-09 19:19:13+00:00,1.6625987999182161,978.5648006380471
-8.04793,-34.950683,16.2,2022-02-09 19:19:14+00:00,1.6915793359151114,980.2563799739622
-8.047945,-34.950686,16.2,2022-02-09 19:19:15+00:00,1.691579335267785,981.94795930923
-8.047961,-34.950688,16.2,2022-02-09 19:19:16+00:00,1.7832170371284424,983.7311763463584
-8.047976,-34.950691,16.2,2022-02-09 19:19:17+00:00,1.6915793329408169,985.4227556792993
-8.04799,-34.950694,16.2,2022-02-09 19:19:18+00:00,1.5832648482267901,987.0060205275261
-8.048004,-34.950697,16.2,2022-02-09 19:19:19+00:00,1.5832648468210735,988.5892853743471
-8.048018,-34.950698,16.2,2022-02-09 19:19:20+00:00,1.5522634223676455,990.1415487967148
-8.048032,-34.950699,16.2,2022-02-09 19:19:21+00:00,1.5522634236019,991.6938122203167
-8.048046,-34.950699,16.2,2022-02-09 19:19:22+00:00,1.548344603144667,993.2421568234613
-8.048061,-34.950697,16.2,2022-02-09 19:19:23+00:00,1.6735253151329257,994.9156821385942
-8.048076,-34.950695,16.2,2022-02-09 19:19:24+00:00,1.6735253153634617,996.5892074539577
-8.048091,-34.950692,16.2,2022-02-09 19:19:25+00:00,1.6915793235641587,998.2807867775218
-8.048107,-34.950691,16.2,2022-02-09 19:19:26+00:00,1.7729666766785575,1000.0537534542004
-8.048123,-34.950693,16.2,2022-02-09 19:19:27+00:00,1.7832170402192318,1001.8369704944197
-8.048139,-34.950695,16.2,2022-02-09 19:19:28+00:00,1.7832170401520513,1003.6201875345718
-8.048155,-34.950698,16.2,2022-02-09 19:19:29+00:00,1.8001712760959319,1005.4203588106677
-8.048171,-34.950701,16.2,2022-02-09 19:19:30+00:00,1.8001712744452125,1007.220530085113
-8.048187,-34.950704,16.2,2022-02-09 19:19:31+00:00,1.8001712738529887,1009.020701358966
-8.048203,-34.950706,16.2,2022-02-09 19:19:32+00:00,1.7832170414722193,1010.8039184004382
-8.048219,-34.950709,16.2,2022-02-09 19:19:33+00:00,1.8001712717871146,1012.6040896722253
-8.048235,-34.950711,16.2,2022-02-09 19:19:34+00:00,1.7832170420435887,1014.3873067142689
-8.04825,-34.950713,16.2,2022-02-09 19:19:35+00:00,1.6735253170805098,1016.0608320313494
-8.048266,-34.950716,16.2,2022-02-09 19:19:36+00:00,1.8001712683925633,1017.8610032997419
-8.048281,-34.950719,16.2,2022-02-09 19:19:37+00:00,1.6915793086561228,1019.5525826083981
-8.048296,-34.950721,16.2,2022-02-09 19:19:38+00:00,1.6735253172691398,1021.2261079256673
-8.048311,-34.950721,16.2,2022-02-09 19:19:39+00:00,1.658940667638718,1022.885048593306
-8.048326,-34.95072,16.2,2022-02-09 19:19:40+00:00,1.662598825103226,1024.5476474184093
-8.048341,-34.950717,16.2,2022-02-09 19:19:41+00:00,1.6915793037718143,1026.239226722181
-8.048356,-34.950714,16.2,2022-02-09 19:19:42+00:00,1.6915793025944539,1027.9308060247754
-8.048369,-34.950711,16.2,2022-02-09 19:19:43+00:00,1.4752889090222336,1029.4060949337977
-8.048383,-34.95071,16.2,2022-02-09 19:19:44+00:00,1.5522634430146158,1030.9583583768124
-8.048397,-34.950711,16.2,2022-02-09 19:19:45+00:00,1.5522634438955696,1032.510621820708
-8.04841,-34.950714,16.2,2022-02-09 19:19:46+00:00,1.4752889048856055,1033.9859107255936
-8.048424,-34.950719,16.2,2022-02-09 19:19:47+00:00,1.6435141425432842,1035.629424868137
-8.048438,-34.950722,16.3,2022-02-09 19:19:48+00:00,1.5832648050179448,1037.212689673155
-8.048452,-34.950724,16.3,2022-02-09 19:19:49+00:00,1.5639609711687557,1038.7766506443238
-8.048466,-34.950725,16.3,2022-02-09 19:19:50+00:00,1.552263447748412,1040.3289140920722
-8.048481,-34.950726,16.3,2022-02-09 19:19:51+00:00,1.6625988351005547,1041.9915129271728
-8.048496,-34.950729,16.3,2022-02-09 19:19:52+00:00,1.691579291786045,1043.6830922189588
-8.048512,-34.950734,16.3,2022-02-09 19:19:53+00:00,1.8533827841172201,1045.536475003076
-8.048527,-34.95074,16.3,2022-02-09 19:19:54+00:00,1.7859197564376994,1047.3223947595138
-8.048541,-34.950747,16.3,2022-02-09 19:19:55+00:00,1.729958194574206,1049.052352954088
-8.048556,-34.950754,16.2,2022-02-09 19:19:56+00:00,1.829608808275404,1050.8819617623635
-8.048571,-34.95076,16.2,2022-02-09 19:19:57+00:00,1.7859197333610914,1052.6678814957247
-8.048585,-34.950767,16.2,2022-02-09 19:19:58+00:00,1.7299581605183603,1054.3978396562431
-8.048599,-34.950776,16.2,2022-02-09 19:19:59+00:00,1.838906589033925,1056.2367462452771
-8.04861,-34.950788,16.3,2022-02-09 19:20:00+00:00,1.7971393180496331,1058.0338855633267
-8.048617,-34.950803,16.3,2022-02-09 19:20:01+00:00,1.8257187353789046,1059.8596042987056
-8.04862,-34.95082,16.3,2022-02-09 19:20:02+00:00,1.903059064033001,1061.7626633627385
-8.048618,-34.950838,16.3,2022-02-09 19:20:03+00:00,1.9964344818673334,1063.7590978446058
-8.04861,-34.950867,16.3,2022-02-09 19:20:04+00:00,3.316858238039016,1067.0759560826448
-8.048606,-34.950876,16.3,2022-02-09 19:20:05+00:00,1.0862366200311966,1068.162192702676
-8.048592,-34.950902,16.3,2022-02-09 19:20:06+00:00,3.2574899481140065,1071.41968265079
-8.048588,-34.950911,16.3,2022-02-09 19:20:07+00:00,1.0862366595913786,1072.5059193103814
-8.048579,-34.950927,16.3,2022-02-09 19:20:08+00:00,2.0251736714972037,1074.5310929818786
-8.048572,-34.950943,16.3,2022-02-09 19:20:09+00:00,1.9261155178801233,1076.4572084997587
-8.048568,-34.950957,16.3,2022-02-09 19:20:10+00:00,1.6053785443276105,1078.0625870440863
-8.048563,-34.950971,16.3,2022-02-09 19:20:11+00:00,1.6393058556960096,1079.7018928997823
-8.04856,-34.950984,16.3,2022-02-09 19:20:12+00:00,1.4709014748542073,1081.1727943746364
-8.048556,-34.950998,16.3,2022-02-09 19:20:13+00:00,1.6053785877743045,1082.7781729624107
-8.04855,-34.951011,16.3,2022-02-09 19:20:14+00:00,1.579177425995839,1084.3573503884065
-8.048543,-34.951025,16.3,2022-02-09 19:20:15+00:00,1.7265223889962564,1086.0838727774028
-8.048536,-34.951038,16.4,2022-02-09 19:20:16+00:00,1.6287451566977131,1087.7126179341005
-8.048529,-34.951052,16.4,2022-02-09 19:20:17+00:00,1.726522435892268,1089.4391403699929
-8.048522,-34.951066,16.4,2022-02-09 19:20:18+00:00,1.7265224589876607,1091.1656628289804
-8.048515,-34.95108,16.4,2022-02-09 19:20:19+00:00,1.7265224827883023,1092.8921853117688
-8.048508,-34.951094,16.4,2022-02-09 19:20:20+00:00,1.7265225062364264,1094.6187078180053
-8.048503,-34.951107,16.4,2022-02-09 19:20:21+00:00,1.535986810007873,1096.1546946280132
-8.048499,-34.951121,16.4,2022-02-09 19:20:22+00:00,1.6053787941464093,1097.7600734221596
-8.048495,-34.951135,16.4,2022-02-09 19:20:23+00:00,1.6053788085110148,1099.3654522306706
-8.048493,-34.951149,16.4,2022-02-09 19:20:24+00:00,1.558994334374668,1100.9244465650452
-8.04849,-34.951163,16.4,2022-02-09 19:20:25+00:00,1.5784868659642415,1102.5029334310095
-8.048488,-34.951178,16.4,2022-02-09 19:20:26+00:00,1.6681827615549716,1104.1711161925646
-8.048485,-34.951193,16.4,2022-02-09 19:20:27+00:00,1.6864137059377422,1105.8575298985022
-8.048484,-34.951209,16.4,2022-02-09 19:20:28+00:00,1.767147722801611,1107.6246776213038
-8.048482,-34.951226,16.4,2022-02-09 19:20:29+00:00,1.8869230793015488,1109.5116007006054
-8.048481,-34.951242,16.4,2022-02-09 19:20:30+00:00,1.7671477364785968,1111.278748437084
-8.048479,-34.951259,16.4,2022-02-09 19:20:31+00:00,1.8869230933256247,1113.1656715304096
-8.048476,-34.951276,16.4,2022-02-09 19:20:32+00:00,1.9030597030114322,1115.068731233421
-8.048474,-34.951293,16.4,2022-02-09 19:20:33+00:00,1.886923117875304,1116.9556543512963
-8.048472,-34.95131,16.4,2022-02-09 19:20:34+00:00,1.8869231255778103,1118.842577476874
-8.048469,-34.951327,16.4,2022-02-09 19:20:35+00:00,1.9030597338503148,1120.7456372107245
-8.048466,-34.951344,16.4,2022-02-09 19:20:36+00:00,1.903059748226475,1122.648696958951
-8.048463,-34.951362,16.4,2022-02-09 19:20:37+00:00,2.0116935777429092,1124.660390536694
-8.04846,-34.951379,16.5,2022-02-09 19:20:38+00:00,1.9030597748614255,1126.5634503115555
-8.048457,-34.951396,16.5,2022-02-09 19:20:39+00:00,1.9030597871201498,1128.4665100986756
-8.048455,-34.951413,16.5,2022-02-09 19:20:40+00:00,1.8869232030477239,1130.3534333017233
-8.048453,-34.951431,16.5,2022-02-09 19:20:41+00:00,1.9964352793643234,1132.3498685810875
-8.048453,-34.951448,16.5,2022-02-09 19:20:42+00:00,1.873913894751847,1134.2237824758395
-8.048453,-34.951465,16.5,2022-02-09 19:20:43+00:00,1.873913894751847,1136.0976963705914
-8.048455,-34.951482,16.5,2022-02-09 19:20:44+00:00,1.8869232125146969,1137.984619583106
-8.048458,-34.951497,16.5,2022-02-09 19:20:45+00:00,1.6864138251020238,1139.6710334082081
-8.048463,-34.951513,16.5,2022-02-09 19:20:46+00:00,1.8483417124194461,1141.5193751206275
-8.048467,-34.951527,16.5,2022-02-09 19:20:47+00:00,1.605378924839446,1143.124754045467
-8.048471,-34.951541,16.5,2022-02-09 19:20:48+00:00,1.6053789097691598,1144.730132955236
-8.048473,-34.951555,16.5,2022-02-09 19:20:49+00:00,1.5589944163963207,1146.2891273716323
-8.04847,-34.951576,16.5,2022-02-09 19:20:50+00:00,2.3384916273987804,1148.627618999031
-8.04847,-34.951584,16.5,2022-02-09 19:20:51+00:00,0.8818417954243437,1149.5094607944554
-8.048471,-34.951593,16.5,2022-02-09 19:20:52+00:00,0.9982176006012894,1150.5076783950567
-8.048475,-34.951606,16.5,2022-02-09 19:20:53+00:00,1.499724121090036,1152.0074025161468
-8.04848,-34.951619,16.5,2022-02-09 19:20:54+00:00,1.5359869014164145,1153.5433894175633
-8.048482,-34.95164,16.5,2022-02-09 19:20:55+00:00,2.3253785516862164,1155.8687679692496
-8.048482,-34.951649,16.5,2022-02-09 19:20:56+00:00,0.9920719920351668,1156.8608399612847
-8.048482,-34.951657,16.5,2022-02-09 19:20:57+00:00,0.881841769479564,1157.7426817307642
-8.048477,-34.951678,16.5,2022-02-09 19:20:58+00:00,2.3799677810024074,1160.1226495117667
-8.048474,-34.951687,16.5,2022-02-09 19:20:59+00:00,1.0460832829100013,1161.1687327946768
-8.048472,-34.951696,16.5,2022-02-09 19:21:00+00:00,1.0164314149175244,1162.1851642095944
-8.048468,-34.95171,16.5,2022-02-09 19:21:01+00:00,1.6053789059132548,1163.7905431155077
-8.048467,-34.951725,16.5,2022-02-09 19:21:02+00:00,1.6571480200905693,1165.4476911355982
-8.048465,-34.951739,16.5,2022-02-09 19:21:03+00:00,1.558994438829936,1167.0066855744283
-8.048463,-34.951753,16.5,2022-02-09 19:21:04+00:00,1.5589944444257469,1168.565680018854
-8.048459,-34.951767,16.5,2022-02-09 19:21:05+00:00,1.6053789392042863,1170.1710589580582
-8.048455,-34.95178,16.5,2022-02-09 19:21:06+00:00,1.4997241743411147,1171.6707831323993
-8.048451,-34.951795,16.5,2022-02-09 19:21:07+00:00,1.7116109455385529,1173.3823940779378
-8.048451,-34.951809,16.5,2022-02-09 19:21:08+00:00,1.5432232150559755,1174.9256172929938
-8.048454,-34.951823,16.5,2022-02-09 19:21:09+00:00,1.5784870100064818,1176.5041043030003
-8.04846,-34.951837,16.6,2022-02-09 19:21:10+00:00,1.6798426388134449,1178.1839469418137
-8.048468,-34.951849,16.6,2022-02-09 19:21:11+00:00,1.5913881533539438,1179.7753350951677
-8.048477,-34.951861,16.6,2022-02-09 19:21:12+00:00,1.6554308894826013,1181.4307659846504
-8.048484,-34.951874,16.6,2022-02-09 19:21:13+00:00,1.6287453379398689,1183.0595113225902
-8.048491,-34.951886,16.6,2022-02-09 19:21:14+00:00,1.532659053891868,1184.592170376482
-8.048496,-34.951908,16.6,2022-02-09 19:21:15+00:00,2.48731309185282,1187.079483468335
-8.048495,-34.951917,16.6,2022-02-09 19:21:16+00:00,0.9982175378376071,1188.0777010061727
-8.048495,-34.951926,16.6,2022-02-09 19:21:17+00:00,0.9920719596316846,1189.0697729658043
-8.048491,-34.951939,16.6,2022-02-09 19:21:18+00:00,1.4997240548791255,1190.5694970206835
-8.048485,-34.951953,16.6,2022-02-09 19:21:19+00:00,1.6798425309657696,1192.2493395516492
-8.048476,-34.951973,16.6,2022-02-09 19:21:20+00:00,2.418890450951999,1194.6682300026011
-8.048472,-34.951981,16.6,2022-02-09 19:21:21+00:00,0.9865843614251708,1195.6548143640264
-8.048468,-34.95199,16.6,2022-02-09 19:21:22+00:00,1.086236925326166,1196.7410512893525
-8.048459,-34.95201,16.6,2022-02-09 19:21:23+00:00,2.4188905342745666,1199.1599418236272
-8.048456,-34.952018,16.6,2022-02-09 19:21:24+00:00,0.9421933820606467,1200.1021352056878
-8.048454,-34.952026,16.6,2022-02-09 19:21:25+00:00,0.9091594741736525,1201.0112946798615
-8.048449,-34.952048,16.6,2022-02-09 19:21:26+00:00,2.4873133347158616,1203.4986080145775
-8.048447,-34.952056,16.6,2022-02-09 19:21:27+00:00,0.9091594899507787,1204.4077675045282
-8.048444,-34.952065,16.6,2022-02-09 19:21:28+00:00,1.0460833522746296,1205.4538508568028
-8.04844,-34.952078,16.6,2022-02-09 19:21:29+00:00,1.4997242251463392,1206.953575081949
-8.048436,-34.952091,16.6,2022-02-09 19:21:30+00:00,1.499724238459157,1208.4532993204082
-8.04843,-34.952104,16.6,2022-02-09 19:21:31+00:00,1.5791778068746105,1210.0324771272828
-8.048424,-34.952117,16.6,2022-02-09 19:21:32+00:00,1.5791778254243218,1211.611654952707
-8.048417,-34.952131,16.6,2022-02-09 19:21:33+00:00,1.7265228124732463,1213.3381777651803
-8.048411,-34.952144,16.6,2022-02-09 19:21:34+00:00,1.5791778663803488,1214.9173556315607
-8.048406,-34.952158,16.6,2022-02-09 19:21:35+00:00,1.639306414039408,1216.5566620456
-8.0484,-34.952173,16.6,2022-02-09 19:21:36+00:00,1.7816403695288234,1218.3383024151287
-8.048395,-34.952187,16.6,2022-02-09 19:21:37+00:00,1.6393064522127867,1219.9776088673416
-8.048388,-34.952201,16.6,2022-02-09 19:21:38+00:00,1.7265229097669221,1221.7041317771086
-8.048384,-34.952215,16.6,2022-02-09 19:21:39+00:00,1.6053792114522047,1223.3095109885608
-8.048382,-34.952229,16.6,2022-02-09 19:21:40+00:00,1.5589947490448572,1224.8685057376056
-8.04838,-34.952243,16.6,2022-02-09 19:21:41+00:00,1.5589947553463714,1226.427500492952
-8.04838,-34.952257,16.6,2022-02-09 19:21:42+00:00,1.5432234836905454,1227.9707239766426
-8.048379,-34.952272,16.6,2022-02-09 19:21:43+00:00,1.6571483745038416,1229.6278723511464
-8.048379,-34.952287,16.6,2022-02-09 19:21:44+00:00,1.6534537362996815,1231.2813260874461
-8.048379,-34.952301,16.6,2022-02-09 19:21:45+00:00,1.5432234874741133,1232.8245495749202
-8.04838,-34.952316,16.6,2022-02-09 19:21:46+00:00,1.6571483773269893,1234.4816979522473
-8.048379,-34.952329,16.6,2022-02-09 19:21:47+00:00,1.4372547093479058,1235.918952661595
-8.048376,-34.952343,16.6,2022-02-09 19:21:48+00:00,1.5784872858160706,1237.497439947411
-8.048373,-34.952356,16.6,2022-02-09 19:21:49+00:00,1.4709021168997785,1238.968342064311
-8.048369,-34.95237,16.6,2022-02-09 19:21:50+00:00,1.6053792664662243,1240.573721330777
-8.048364,-34.952385,16.6,2022-02-09 19:21:51+00:00,1.7434725561071398,1242.3171938868843
-8.048359,-34.952399,16.6,2022-02-09 19:21:52+00:00,1.6393065807687697,1243.956500467653
-8.048354,-34.952414,16.6,2022-02-09 19:21:53+00:00,1.7434725939371416,1245.6999730615903
-8.048349,-34.952429,16.6,2022-02-09 19:21:54+00:00,1.7434726139110384,1247.4434456755014
-8.048345,-34.952444,16.6,2022-02-09 19:21:55+00:00,1.7116113607785433,1249.15505703628
-8.048344,-34.952458,16.6,2022-02-09 19:21:56+00:00,1.5471815086795007,1250.7022385449595
-8.048353,-34.952477,16.6,2022-02-09 19:21:57+00:00,2.31886965392271,1253.0211081988823
-8.048358,-34.952483,16.6,2022-02-09 19:21:58+00:00,0.8620978250293078,1253.8832060239115
-8.048364,-34.95249,16.6,2022-02-09 19:21:59+00:00,1.0177024121252793,1254.9009084360368
-8.04838,-34.952506,16.6,2022-02-09 19:22:00+00:00,2.4983677684404064,1257.3992762044772
-8.048386,-34.952512,16.6,2022-02-09 19:22:01+00:00,0.9368879002749296,1258.3361641047522
-8.048392,-34.952518,16.6,2022-02-09 19:22:02+00:00,0.9368878940139502,1259.2730519987663
-8.048399,-34.952528,16.6,2022-02-09 19:22:03+00:00,1.3470016548923938,1260.6200536536587
-8.048405,-34.952539,16.6,2022-02-09 19:22:04+00:00,1.3822333183572562,1262.002286972016
-8.048408,-34.95255,16.6,2022-02-09 19:22:05+00:00,1.2571073196531173,1263.2593942916692
-8.048406,-34.952572,16.6,2022-02-09 19:22:06+00:00,2.4351319706706622,1265.6945262623399
-8.048404,-34.952581,16.6,2022-02-09 19:22:07+00:00,1.016431576482009,1266.710957838822
-8.048402,-34.95259,16.6,2022-02-09 19:22:08+00:00,1.0164315803306727,1267.7273894191526
-8.0484,-34.952604,16.6,2022-02-09 19:22:09+00:00,1.5589946813908766,1269.2863841005435
-8.048397,-34.952619,16.6,2022-02-09 19:22:10+00:00,1.6864140539571848,1270.9727981545007
-8.048396,-34.952633,16.6,2022-02-09 19:22:11+00:00,1.5471813141267647,1272.5199794686275
-8.048395,-34.952648,16.6,2022-02-09 19:22:12+00:00,1.6571483110595686,1274.177127779687
-8.048395,-34.952662,16.6,2022-02-09 19:22:13+00:00,1.5432234261537263,1275.7203512058406
-8.048393,-34.952677,16.6,2022-02-09 19:22:14+00:00,1.6681831432889085,1277.3885343491295
-8.048392,-34.952692,16.6,2022-02-09 19:22:15+00:00,1.6571483226245691,1279.045682671754
-8.04839,-34.952708,16.6,2022-02-09 19:22:16+00:00,1.7775002004820202,1280.8231828722362
-8.048388,-34.952724,16.6,2022-02-09 19:22:17+00:00,1.7775002088938896,1282.60068308113
-8.048387,-34.952741,16.6,2022-02-09 19:22:18+00:00,1.8771749767598567,1284.4778580578898
-8.048387,-34.952757,16.6,2022-02-09 19:22:19+00:00,1.763683950532607,1286.2415420084224
-8.048388,-34.952773,16.6,2022-02-09 19:22:20+00:00,1.7671481413799834,1288.0086901498023
-8.048392,-34.952789,16.6,2022-02-09 19:22:21+00:00,1.8183192227483962,1289.8270093725507
-8.048399,-34.952803,16.6,2022-02-09 19:22:22+00:00,1.7265228964686898,1291.5535322690193
-8.048407,-34.952816,16.6,2022-02-09 19:22:23+00:00,1.6841272013638209,1293.237659470383
-8.048416,-34.952829,16.6,2022-02-09 19:22:24+00:00,1.744769209516363,1294.9824286798994
-8.048428,-34.952843,16.6,2022-02-09 19:22:25+00:00,2.0354046522853055,1297.0178333321846
-8.048439,-34.952856,16.6,2022-02-09 19:22:26+00:00,1.879754979398171,1298.8975883115827
-8.048458,-34.952876,16.5,2022-02-09 19:22:27+00:00,3.045627626726756,1301.9432159383095
-8.048465,-34.952882,16.5,2022-02-09 19:22:28+00:00,1.0182180913086767,1302.9614340296182
-8.048487,-34.952901,16.5,2022-02-09 19:22:29+00:00,3.2103648236092632,1306.1717988532275
-8.048495,-34.952906,16.5,2022-02-09 19:22:30+00:00,1.042392721981025,1307.2141915752086
-8.04852,-34.952921,16.5,2022-02-09 19:22:31+00:00,3.221581265683201,1310.4357728408918
-8.048528,-34.952926,16.5,2022-02-09 19:22:32+00:00,1.0423926990709553,1311.4781655399627
-8.048554,-34.952938,16.5,2022-02-09 19:22:33+00:00,3.165151596639898,1314.6433171366025
-8.048562,-34.952942,16.5,2022-02-09 19:22:34+00:00,0.9885475293023275,1315.631864665905
-8.048587,-34.952955,16.5,2022-02-09 19:22:35+00:00,3.114184646911591,1318.7460493128165
-8.048595,-34.95296,16.5,2022-02-09 19:22:36+00:00,1.042392654149795,1319.7884419669663
-8.048618,-34.952975,16.5,2022-02-09 19:22:37+00:00,3.033869146198396,1322.8223111131647
-8.048625,-34.952981,16.5,2022-02-09 19:22:38+00:00,1.0182179275589716,1323.8405290407236
-8.048651,-34.952993,16.5,2022-02-09 19:22:39+00:00,3.165151477218895,1327.0056805179424
-8.04866,-34.952996,16.4,2022-02-09 19:22:40+00:00,1.0488596408462272,1328.0545401587888
-8.048687,-34.952998,16.4,2022-02-09 19:22:41+00:00,2.9942203810647303,1331.0487605398534
-8.048696,-34.952999,16.4,2022-02-09 19:22:42+00:00,1.00144945743663,1332.05020999729
-8.048714,-34.953,16.4,2022-02-09 19:22:43+00:00,1.9937783236229407,1334.043988320913
-8.048731,-34.953,16.4,2022-02-09 19:22:44+00:00,1.8801327947100366,1335.9241211156232
-8.048747,-34.953001,16.4,2022-02-09 19:22:45+00:00,1.7729667215282696,1337.6970878371515
-8.048763,-34.953,16.4,2022-02-09 19:22:46+00:00,1.7729667218110188,1339.4700545589624
-8.048779,-34.952998,16.4,2022-02-09 19:22:47+00:00,1.783217052288175,1341.2532716112505
-8.048794,-34.952996,16.4,2022-02-09 19:22:48+00:00,1.6735253212423185,1342.9267969324928
-8.048811,-34.952988,16.4,2022-02-09 19:22:49+00:00,2.0766663286183102,1345.0034632611112
-8.048827,-34.95298,16.4,2022-02-09 19:22:50+00:00,1.9770948268198247,1346.980558087931
-8.048842,-34.952974,16.4,2022-02-09 19:22:51+00:00,1.785919591045671,1348.7664776789768
-8.048858,-34.952969,16.4,2022-02-09 19:22:52+00:00,1.8533826738165746,1350.6198603527935
-8.048873,-34.952965,16.4,2022-02-09 19:22:53+00:00,1.7165357991820227,1352.3363961519756
-8.048889,-34.95296,16.4,2022-02-09 19:22:54+00:00,1.8533826639845414,1354.1897788159602
-8.048905,-34.952954,16.4,2022-02-09 19:22:55+00:00,1.8890962723066083,1356.0788750882668
-8.048921,-34.952949,16.4,2022-02-09 19:22:56+00:00,1.8533826534755904,1357.9322577417424
-8.048936,-34.952946,16.4,2022-02-09 19:22:57+00:00,1.6915792565560697,1359.6238369982984
-8.048951,-34.952945,16.4,2022-02-09 19:22:58+00:00,1.6625988643454845,1361.2864358626439
-8.048965,-34.952948,16.4,2022-02-09 19:22:59+00:00,1.5832647546614298,1362.8697006173054
-8.048978,-34.952953,16.4,2022-02-09 19:23:00+00:00,1.5397687884932314,1364.4094694057985
-8.048991,-34.952959,16.4,2022-02-09 19:23:01+00:00,1.5825755251700275,1365.9920449309686
-8.049005,-34.952965,16.4,2022-02-09 19:23:02+00:00,1.6836850616063712,1367.675729992575
-8.049019,-34.952968,16.4,2022-02-09 19:23:03+00:00,1.5832647498709935,1369.258994742446
-8.049033,-34.952969,16.4,2022-02-09 19:23:04+00:00,1.5522634792984573,1370.8112582217445
-8.049048,-34.952968,16.4,2022-02-09 19:23:05+00:00,1.66259887084014,1372.4738570925847
-8.049062,-34.952967,16.4,2022-02-09 19:23:06+00:00,1.5522634803806563,1374.0261205729653
-8.049077,-34.952967,16.4,2022-02-09 19:23:07+00:00,1.6589407295139786,1375.6850613024792
-8.049092,-34.952966,16.4,2022-02-09 19:23:08+00:00,1.6625988732602248,1377.3476601757395
-8.049107,-34.952963,16.4,2022-02-09 19:23:09+00:00,1.691579242892259,1379.0392394186317
-8.049121,-34.952958,16.4,2022-02-09 19:23:10+00:00,1.6435138757866103,1380.6827532944183
-8.049134,-34.952952,16.4,2022-02-09 19:23:11+00:00,1.582575437966234,1382.2653287323844
-8.049149,-34.952949,16.3,2022-02-09 19:23:12+00:00,1.6915792394549327,1383.9569079718394
-8.049164,-34.952946,16.3,2022-02-09 19:23:13+00:00,1.6915792384544344,1385.6484872102938
-8.049179,-34.952945,16.3,2022-02-09 19:23:14+00:00,1.6625988786037278,1387.3110860888976
-8.049194,-34.952946,16.3,2022-02-09 19:23:15+00:00,1.6625988795367976,1388.9736849684343
-8.049209,-34.952947,16.3,2022-02-09 19:23:16+00:00,1.6625988801170961,1390.6362838485513
-8.049224,-34.952947,16.3,2022-02-09 19:23:17+00:00,1.658940741228011,1392.2952245897793
-8.049239,-34.952948,16.3,2022-02-09 19:23:18+00:00,1.6625988823363587,1393.9578234721157
-8.049254,-34.952948,16.3,2022-02-09 19:23:19+00:00,1.6589407432692334,1395.616764215385
-8.049269,-34.95295,16.3,2022-02-09 19:23:20+00:00,1.6735253258272649,1397.2902895412124
-8.049283,-34.952952,16.3,2022-02-09 19:23:21+00:00,1.563960969814652,1398.854250511027
-8.049297,-34.952954,16.3,2022-02-09 19:23:22+00:00,1.5639609696404573,1400.4182114806674
-8.049311,-34.952953,16.3,2022-02-09 19:23:23+00:00,1.5522634951125795,1401.97047497578
-8.049325,-34.95295,16.3,2022-02-09 19:23:24+00:00,1.5832647204899486,1403.55373969627
-8.049346,-34.952947,16.3,2022-02-09 19:23:25+00:00,2.3459414548660895,1405.899681151136
-8.049354,-34.952946,16.3,2022-02-09 19:23:26+00:00,0.8916085315962995,1406.7912896827324
-8.049363,-34.952945,16.3,2022-02-09 19:23:27+00:00,1.0014494694920695,1407.7927391522246
-8.049384,-34.95295,16.3,2022-02-09 19:23:28+00:00,2.387017320128196,1410.179756472353
-8.049392,-34.952953,16.3,2022-02-09 19:23:29+00:00,0.9445480166249693,1411.124304488978
-8.0494,-34.952956,16.3,2022-02-09 19:23:30+00:00,0.944548014629498,1412.0688525036073
-8.049413,-34.952963,16.3,2022-02-09 19:23:31+00:00,1.6317177695617364,1413.700570273169
-8.049425,-34.952968,16.3,2022-02-09 19:23:32+00:00,1.437045645034279,1415.1376159182032
-8.049438,-34.952972,16.3,2022-02-09 19:23:33+00:00,1.5038389291445562,1416.6414548473479
-8.049451,-34.952977,16.3,2022-02-09 19:23:34+00:00,1.5397685901440914,1418.181223437492
-8.049472,-34.95298,16.3,2022-02-09 19:23:35+00:00,2.3459414545383654,1420.5271648920304
-8.049481,-34.95298,16.3,2022-02-09 19:23:36+00:00,0.9953644570814756,1421.522529349112
-8.049489,-34.95298,16.3,2022-02-09 19:23:37+00:00,0.8847684065927648,1422.4072977557046
-8.04951,-34.952979,16.3,2022-02-09 19:23:38+00:00,2.3251314325892687,1424.7324291882937
-8.049519,-34.952979,16.3,2022-02-09 19:23:39+00:00,0.995364459105957,1425.7277936473997
-8.049527,-34.952979,16.3,2022-02-09 19:23:40+00:00,0.8847684085492455,1426.612562055949
-8.049548,-34.95298,16.3,2022-02-09 19:23:41+00:00,2.32513143631491,1428.9376934922639
-8.049556,-34.952981,16.3,2022-02-09 19:23:42+00:00,0.8916085332791553,1429.829302025543
-8.049564,-34.952981,16.3,2022-02-09 19:23:43+00:00,0.8847684099618951,1430.714070435505
-8.049584,-34.952988,16.3,2022-02-09 19:23:44+00:00,2.3426429136954274,1433.0567133492004
-8.049592,-34.952992,16.3,2022-02-09 19:23:45+00:00,0.9885470725671873,1434.0452604217676
-8.0496,-34.952996,16.3,2022-02-09 19:23:46+00:00,0.9885470682845499,1435.0338074900521
-8.049618,-34.953005,16.3,2022-02-09 19:23:47+00:00,2.224230891625061,1437.2580383816771
-8.049626,-34.953009,16.3,2022-02-09 19:23:48+00:00,0.988547057231588,1438.2465854389088
-8.049633,-34.953013,16.3,2022-02-09 19:23:49+00:00,0.890928154972618,1439.1375135938815
-8.049652,-34.95302,16.3,2022-02-09 19:23:50+00:00,2.2385146137020726,1441.3760282075837
-8.049659,-34.953023,16.3,2022-02-09 19:23:51+00:00,0.8418423441794141,1442.217870551763
-8.049667,-34.953026,16.3,2022-02-09 19:23:52+00:00,0.9445479497252346,1443.1624185014884
-8.049687,-34.953034,16.3,2022-02-09 19:23:53+00:00,2.381225530274481,1445.5436440317628
-8.049695,-34.953037,16.3,2022-02-09 19:23:54+00:00,0.9445479425660073,1446.4881919743289
-8.049703,-34.95304,16.3,2022-02-09 19:23:55+00:00,0.9445479409246589,1447.4327399152535
-8.049716,-34.953044,16.3,2022-02-09 19:23:56+00:00,1.503838859163589,1448.936578774417
-8.049729,-34.953048,16.3,2022-02-09 19:23:57+00:00,1.5038388561280682,1450.4404176305452
-8.049743,-34.953053,16.3,2022-02-09 19:23:58+00:00,1.6435136380885405,1452.0839312686337
-8.049756,-34.953057,16.3,2022-02-09 19:23:59+00:00,1.50383884937522,1453.5877701180088
-8.049769,-34.953061,16.3,2022-02-09 19:24:00+00:00,1.5038388454571037,1455.091608963466
-8.049782,-34.953065,16.3,2022-02-09 19:24:01+00:00,1.503838842597446,1456.5954478060632
-8.049797,-34.953068,16.3,2022-02-09 19:24:02+00:00,1.6915791880473416,1458.2870269941106
-8.04981,-34.953071,16.3,2022-02-09 19:24:03+00:00,1.4752887456663228,1459.762315739777
-8.049825,-34.953074,16.3,2022-02-09 19:24:04+00:00,1.6915791856387559,1461.4538949254159
-8.04984,-34.953077,16.3,2022-02-09 19:24:05+00:00,1.6915791848145165,1463.1454741102305
-8.049856,-34.95308,16.3,2022-02-09 19:24:06+00:00,1.8001711661955595,1464.945645276426
-8.049871,-34.953082,16.3,2022-02-09 19:24:07+00:00,1.6735253310345708,1466.6191706074605
-8.049887,-34.953085,16.3,2022-02-09 19:24:08+00:00,1.8001711640998825,1468.4193417715605
-8.049903,-34.953088,16.2,2022-02-09 19:24:09+00:00,1.8001711631548871,1470.2195129347153
-8.049918,-34.953092,16.2,2022-02-09 19:24:10+00:00,1.7165355903937307,1471.936048525109
-8.049933,-34.953097,16.2,2022-02-09 19:24:11+00:00,1.748098956913969,1473.684147482023
-8.049948,-34.953104,16.2,2022-02-09 19:24:12+00:00,1.8296078000310467,1475.513755282054
-8.049963,-34.95311,16.2,2022-02-09 19:24:13+00:00,1.785919001329697,1477.2996742833836
-8.049978,-34.953117,16.2,2022-02-09 19:24:14+00:00,1.8296077778057096,1479.1292820611893
-8.049993,-34.953122,16.2,2022-02-09 19:24:15+00:00,1.7480989360290735,1480.8773809972183
-8.050008,-34.953125,16.2,2022-02-09 19:24:16+00:00,1.6915791714214936,1482.5689601686397
-8.050024,-34.953127,16.2,2022-02-09 19:24:17+00:00,1.7832170753767667,1484.3521772440165
-8.05004,-34.953128,16.2,2022-02-09 19:24:18+00:00,1.7729668101913614,1486.1251440542078
-8.050055,-34.953128,16.2,2022-02-09 19:24:19+00:00,1.6589408082045156,1487.7840848624123
-8.050071,-34.953128,16.2,2022-02-09 19:24:20+00:00,1.7695368634589583,1489.5536217258714
-8.050086,-34.953128,16.2,2022-02-09 19:24:21+00:00,1.6589408102731802,1491.2125625361446
-8.050101,-34.953127,16.2,2022-02-09 19:24:22+00:00,1.6625989362590603,1492.8751614724035
-8.050116,-34.953126,16.2,2022-02-09 19:24:23+00:00,1.6625989371923058,1494.5377604095959
-8.05013,-34.953125,16.2,2022-02-09 19:24:24+00:00,1.552263540412054,1496.090023950008
-8.050145,-34.953124,16.2,2022-02-09 19:24:25+00:00,1.6625989390320977,1497.75262288904
-8.050159,-34.953124,16.2,2022-02-09 19:24:26+00:00,1.5483447621919255,1499.3009676512318
-8.050173,-34.953123,16.2,2022-02-09 19:24:27+00:00,1.5522635425527789,1500.8532311937845
-8.050186,-34.953121,16.2,2022-02-09 19:24:28+00:00,1.4545527677996333,1502.3077839615842
-8.050201,-34.953119,16.2,2022-02-09 19:24:29+00:00,1.6735253334536917,1503.9813092950378
-8.050222,-34.953118,16.2,2022-02-09 19:24:30+00:00,2.3251315038773175,1506.3064407989152
-8.050231,-34.953118,16.2,2022-02-09 19:24:31+00:00,0.9953644937033593,1507.3018052926186
-8.05024,-34.953119,16.2,2022-02-09 19:24:32+00:00,1.001449486369769,1508.3032547789883
-8.050262,-34.95312,16.2,2022-02-09 19:24:33+00:00,2.4356088527099096,1510.7388636316982
-8.050271,-34.953121,16.2,2022-02-09 19:24:34+00:00,1.0014494868728057,1511.740313118571
-8.05028,-34.953121,16.2,2022-02-09 19:24:35+00:00,0.9953644957283586,1512.7356776142994
-8.050302,-34.953123,16.2,2022-02-09 19:24:36+00:00,2.443080491324209,1515.1787581056237
-8.05031,-34.953124,16.2,2022-02-09 19:24:37+00:00,0.8916085401136985,1516.0703666457375
-8.050318,-34.953125,16.2,2022-02-09 19:24:38+00:00,0.8916085409352451,1516.9619751866728
-8.050339,-34.953129,16.1,2022-02-09 19:24:39+00:00,2.3639998806502156,1519.325975067323
-8.050347,-34.95313,16.1,2022-02-09 19:24:40+00:00,0.8916085408249759,1520.217583608148
-8.050356,-34.953132,16.1,2022-02-09 19:24:41+00:00,1.019486561160031,1521.237070169308
-8.050377,-34.953135,16.1,2022-02-09 19:24:42+00:00,2.3459414518837933,1523.5830116211919
-8.050385,-34.953137,16.1,2022-02-09 19:24:43+00:00,0.9118210112173544,1524.4948326324093
-8.050394,-34.953139,16.1,2022-02-09 19:24:44+00:00,1.0194865582589627,1525.5143191906682
-8.050415,-34.953144,16.1,2022-02-09 19:24:45+00:00,2.387017111742066,1527.9013363024103
-8.050424,-34.953147,16.1,2022-02-09 19:24:46+00:00,1.0488592706418383,1528.950195573052
-8.050432,-34.95315,16.1,2022-02-09 19:24:47+00:00,0.9445477631067265,1529.8947433361589
-8.050445,-34.953154,16.1,2022-02-09 19:24:48+00:00,1.5038386766597918,1531.3985820128187
-8.050458,-34.953158,16.1,2022-02-09 19:24:49+00:00,1.5038386739766225,1532.9024206867953
-8.050471,-34.953164,16.1,2022-02-09 19:24:50+00:00,1.5825746161279053,1534.4849953029232
-8.050484,-34.953168,16.1,2022-02-09 19:24:51+00:00,1.5038386670230572,1535.9888339699462
-8.050498,-34.95317,16.1,2022-02-09 19:24:52+00:00,1.5639609676076054,1537.5527949375537
-8.050513,-34.95317,16.1,2022-02-09 19:24:53+00:00,1.6589408455712984,1539.211735783125
-8.050527,-34.953169,16.1,2022-02-09 19:24:54+00:00,1.5522635623961671,1540.7639993455211
-8.050542,-34.953168,16.1,2022-02-09 19:24:55+00:00,1.662598964020087,1542.4265983095413
-8.050558,-34.953169,16.1,2022-02-09 19:24:56+00:00,1.772966846246175,1544.1995651557875
-8.050573,-34.953172,16.2,2022-02-09 19:24:57+00:00,1.6915791263866207,1545.891144282174
-8.050589,-34.953176,16.2,2022-02-09 19:24:58+00:00,1.823641985997403,1547.7147862681716
-8.050604,-34.953179,16.2,2022-02-09 19:24:59+00:00,1.6915791240600297,1549.4063653922317
-8.050619,-34.953181,16.4,2022-02-09 19:25:00+00:00,1.6735253370250713,1551.0798907292567
-8.050633,-34.953185,16.4,2022-02-09 19:25:01+00:00,1.609900865071454,1552.6897915943282
-8.050648,-34.953189,16.4,2022-02-09 19:25:02+00:00,1.7165354448377965,1554.406327039166
-8.050661,-34.953192,16.4,2022-02-09 19:25:03+00:00,1.4752886486721661,1555.8816156878381
-8.050674,-34.953197,16.4,2022-02-09 19:25:04+00:00,1.539768078964623,1557.4213837668028
-8.050686,-34.953203,16.4,2022-02-09 19:25:05+00:00,1.4828198811303732,1558.9042036479332
-8.050697,-34.953211,16.4,2022-02-09 19:25:06+00:00,1.5025466768384452,1560.4067503247716
-8.050709,-34.95322,16.4,2022-02-09 19:25:07+00:00,1.6569642046164774,1562.063714529388
-8.05072,-34.953227,16.4,2022-02-09 19:25:08+00:00,1.4406206653887448,1563.5043351947768
-8.050733,-34.953233,16.4,2022-02-09 19:25:09+00:00,1.5825744553988943,1565.0869096501756
-8.050746,-34.953237,16.4,2022-02-09 19:25:10+00:00,1.5038386017701306,1566.5907482519458
-8.050759,-34.953241,16.4,2022-02-09 19:25:11+00:00,1.5038385978520659,1568.094586849798
-8.050773,-34.953242,16.4,2022-02-09 19:25:12+00:00,1.552263576347428,1569.6468504261454
-8.050787,-34.953242,16.4,2022-02-09 19:25:13+00:00,1.5483448095321695,1571.1951952356776
-8.050808,-34.953239,16.4,2022-02-09 19:25:14+00:00,2.3459414509754133,1573.541136686653
-8.050817,-34.953237,16.4,2022-02-09 19:25:15+00:00,1.0194865290750112,1574.5606232157281
-8.050826,-34.953235,16.4,2022-02-09 19:25:16+00:00,1.0194865285178687,1575.580109744246
-8.050848,-34.953233,16.4,2022-02-09 19:25:17+00:00,2.443080529172555,1578.0231902734185
-8.050856,-34.953233,16.4,2022-02-09 19:25:18+00:00,0.8847684651850173,1578.9079587386036
-8.050865,-34.953234,16.4,2022-02-09 19:25:19+00:00,1.0014494979234352,1579.909408236527
-8.050887,-34.95324,16.4,2022-02-09 19:25:20+00:00,2.5214004786781294,1582.430808715205
-8.050895,-34.953242,16.4,2022-02-09 19:25:21+00:00,0.9118209656422912,1583.3426296808475
-8.050904,-34.953244,16.4,2022-02-09 19:25:22+00:00,1.0194865225717091,1584.3621162034192
-8.050917,-34.953247,16.4,2022-02-09 19:25:23+00:00,1.4752886196789299,1585.837404823098
-8.050931,-34.95325,16.4,2022-02-09 19:25:24+00:00,1.5832645663625737,1587.4206693894607
-8.050945,-34.953251,16.4,2022-02-09 19:25:25+00:00,1.5522635863202614,1588.972932975781
-8.05096,-34.953251,16.4,2022-02-09 19:25:26+00:00,1.6589408810547779,1590.631873856836
-8.050974,-34.953251,16.4,2022-02-09 19:25:27+00:00,1.548344823575995,1592.1802186804118
-8.050988,-34.953251,16.4,2022-02-09 19:25:28+00:00,1.5483448244563771,1593.7285635048681
-8.051002,-34.953252,16.4,2022-02-09 19:25:29+00:00,1.552263589341957,1595.28082709421
-8.051015,-34.953253,16.4,2022-02-09 19:25:30+00:00,1.4419681236851154,1596.7227952178953
-8.05103,-34.953255,16.4,2022-02-09 19:25:31+00:00,1.6735253412892328,1598.3963205591845
-8.051044,-34.953258,16.4,2022-02-09 19:25:32+00:00,1.58326455532226,1599.9795851145068
-8.051058,-34.953261,16.4,2022-02-09 19:25:33+00:00,1.583264554093762,1601.5628496686006
-8.051072,-34.953264,16.4,2022-02-09 19:25:34+00:00,1.5832645532180123,1603.1461142218186
-8.051086,-34.953266,16.4,2022-02-09 19:25:35+00:00,1.5639609669817542,1604.7100751888004
-8.051101,-34.953268,16.4,2022-02-09 19:25:36+00:00,1.6735253414503977,1606.3836005302508
-8.051115,-34.953269,16.4,2022-02-09 19:25:37+00:00,1.5522635955367323,1607.9358641257875
-8.051129,-34.95327,16.4,2022-02-09 19:25:38+00:00,1.552263596771481,1609.488127722559
-8.051142,-34.953271,16.4,2022-02-09 19:25:39+00:00,1.4419681300061271,1610.9300958525653
-8.051156,-34.953273,16.4,2022-02-09 19:25:40+00:00,1.5639609671678698,1612.494056819733
-8.051177,-34.953277,16.4,2022-02-09 19:25:41+00:00,2.363999804941734,1614.8580566246749
-8.051185,-34.953278,16.4,2022-02-09 19:25:42+00:00,0.8916085483436751,1615.7496651730185
-8.051194,-34.95328,16.4,2022-02-09 19:25:43+00:00,1.0194865026603532,1616.7691516756788
-8.051216,-34.953281,16.4,2022-02-09 19:25:44+00:00,2.4356089544117054,1619.2047606300905
-8.051224,-34.953282,16.4,2022-02-09 19:25:45+00:00,0.8916085485549069,1620.0963691786453
-8.051233,-34.953283,16.4,2022-02-09 19:25:46+00:00,1.0014495042478224,1621.0978186828931
-8.051254,-34.953288,16.4,2022-02-09 19:25:47+00:00,2.3870169419863454,1623.4848356248795
-8.051263,-34.953291,16.4,2022-02-09 19:25:48+00:00,1.0488590946918883,1624.5336947195713
-8.051271,-34.953293,16.4,2022-02-09 19:25:49+00:00,0.9118209323800707,1625.4455156519514
-8.051284,-34.953299,16.4,2022-02-09 19:25:50+00:00,1.582574116987791,1627.0280897689393
-8.051295,-34.953309,16.4,2022-02-09 19:25:51+00:00,1.6416648739012227,1628.6697546428404
-8.051306,-34.953317,16.4,2022-02-09 19:25:52+00:00,1.5025459332976334,1630.172300576138
-8.051319,-34.953324,16.4,2022-02-09 19:25:53+00:00,1.6317161816461507,1631.8040167577842
-8.051333,-34.953328,16.4,2022-02-09 19:25:54+00:00,1.6099007081209462,1633.4139174659051
-8.051347,-34.953332,16.4,2022-02-09 19:25:55+00:00,1.6099007058394819,1635.0238181717446
-8.051362,-34.953335,16.4,2022-02-09 19:25:56+00:00,1.6915790636721781,1636.7153972354167
-8.051378,-34.953336,16.4,2022-02-09 19:25:57+00:00,1.7729669029767872,1638.4883641383935
-8.051393,-34.953337,16.4,2022-02-09 19:25:58+00:00,1.6625990169432359,1640.1509631553367
-8.051408,-34.953339,16.4,2022-02-09 19:25:59+00:00,1.6735253444828753,1641.8244884998196
-8.051424,-34.95334,16.4,2022-02-09 19:26:00+00:00,1.7729669058870994,1643.5974554057068
-8.05144,-34.953342,16.4,2022-02-09 19:26:01+00:00,1.7832171014711582,1645.380672507178
-8.051456,-34.953345,16.4,2022-02-09 19:26:02+00:00,1.800171063240241,1647.1808435704181
-8.051472,-34.953347,16.4,2022-02-09 19:26:03+00:00,1.78321710204305,1648.964060672461
-8.051488,-34.953349,16.4,2022-02-09 19:26:04+00:00,1.7832171025057286,1650.7472777749667
-8.051504,-34.953348,16.4,2022-02-09 19:26:05+00:00,1.7729669111845021,1652.5202446861513
-8.05152,-34.953347,16.4,2022-02-09 19:26:06+00:00,1.772966912703336,1654.2932115988547
-8.051536,-34.953347,16.4,2022-02-09 19:26:07+00:00,1.769536989278835,1656.0627485881334
-8.051552,-34.953348,16.4,2022-02-09 19:26:08+00:00,1.7729669148578748,1657.8357155029912
-8.051569,-34.95335,16.4,2022-02-09 19:26:09+00:00,1.893014098011811,1659.7287296010031
-8.051585,-34.953355,16.4,2022-02-09 19:26:10+00:00,1.8533818014845107,1661.5821114024877
-8.0516,-34.953361,16.4,2022-02-09 19:26:11+00:00,1.7859181407079223,1663.3680295431957
-8.051616,-34.953367,16.4,2022-02-09 19:26:12+00:00,1.8890949518295113,1665.2571244950252
-8.051631,-34.953371,16.4,2022-02-09 19:26:13+00:00,1.7165352480933322,1666.9736597431186
-8.051647,-34.953372,16.4,2022-02-09 19:26:14+00:00,1.7729669212924133,1668.746626664411
-8.051662,-34.953374,16.4,2022-02-09 19:26:15+00:00,1.6735253460781525,1670.4201520104891
-8.051677,-34.953378,16.4,2022-02-09 19:26:16+00:00,1.7165352387860469,1672.1366872492752
-8.051691,-34.953382,16.4,2022-02-09 19:26:17+00:00,1.6099006283557362,1673.7465878776309
-8.051705,-34.953385,16.4,2022-02-09 19:26:18+00:00,1.5832644925278365,1675.3298523701587
-8.051719,-34.953387,16.4,2022-02-09 19:26:19+00:00,1.563960965733316,1676.893813335892
-8.051734,-34.953385,16.4,2022-02-09 19:26:20+00:00,1.6735253469721165,1678.5673386828641
-8.051749,-34.953382,16.4,2022-02-09 19:26:21+00:00,1.6915790329927454,1680.2589177158568
-8.051764,-34.95338,16.4,2022-02-09 19:26:22+00:00,1.6735253476085339,1681.9324430634654
-8.051779,-34.953379,16.4,2022-02-09 19:26:23+00:00,1.6625990416358443,1683.5950421051011
-8.051793,-34.953378,16.4,2022-02-09 19:26:24+00:00,1.5522636334126785,1685.1473057385138
-8.051806,-34.953377,16.4,2022-02-09 19:26:25+00:00,1.4419681621075415,1686.5892739006213
-8.05182,-34.953374,16.4,2022-02-09 19:26:26+00:00,1.5832644815397483,1688.172538382161
-8.051834,-34.953371,16.4,2022-02-09 19:26:27+00:00,1.5832644801346762,1689.7558028622957
-8.051847,-34.953368,16.4,2022-02-09 19:26:28+00:00,1.4752885141660774,1691.2310913764618
-8.051861,-34.953364,16.4,2022-02-09 19:26:29+00:00,1.609900590091055,1692.8409919665528
-8.051883,-34.953362,16.4,2022-02-09 19:26:30+00:00,2.4430806004978307,1695.2840725670505
-8.051892,-34.953362,16.4,2022-02-09 19:26:31+00:00,0.9953645739577349,1696.2794371410082
-8.051901,-34.953361,16.4,2022-02-09 19:26:32+00:00,1.001449516324372,1697.2808866573325
-8.051914,-34.953364,16.4,2022-02-09 19:26:33+00:00,1.475288506062782,1698.7561751633953
-8.051927,-34.953368,16.4,2022-02-09 19:26:34+00:00,1.503838305889253,1700.2600134692846
-8.051941,-34.953372,16.4,2022-02-09 19:26:35+00:00,1.6099005724155742,1701.8699140417002
-8.051955,-34.953375,16.4,2022-02-09 19:26:36+00:00,1.5832644685944204,1703.4531785102947
-8.051969,-34.953377,16.4,2022-02-09 19:26:37+00:00,1.5639609653647792,1705.0171394756594
-8.051983,-34.95338,16.4,2022-02-09 19:26:38+00:00,1.5832644657837656,1706.6004039414431
-8.051998,-34.953384,16.4,2022-02-09 19:26:39+00:00,1.7165351744906494,1708.3169391159338
-8.052012,-34.953388,16.4,2022-02-09 19:26:40+00:00,1.6099005568004598,1709.9268396727343
-8.052026,-34.953393,16.4,2022-02-09 19:26:41+00:00,1.6435127653093227,1711.5703524380438
-8.052041,-34.953398,16.4,2022-02-09 19:26:42+00:00,1.7480982201475206,1713.3184506581913
-8.052055,-34.953402,16.4,2022-02-09 19:26:43+00:00,1.6099005469824643,1714.9283512051738
-8.05207,-34.953406,16.4,2022-02-09 19:26:44+00:00,1.7165351607901902,1716.644886365964
-8.052086,-34.953407,16.4,2022-02-09 19:26:45+00:00,1.7729669513754454,1718.4178533173394
-8.052101,-34.953408,16.4,2022-02-09 19:26:46+00:00,1.6625990612508643,1720.0804523785903
-8.052118,-34.953408,16.4,2022-02-09 19:26:47+00:00,1.8801331043365948,1721.960585482927
-8.052134,-34.953409,16.4,2022-02-09 19:26:48+00:00,1.7729669548714164,1723.7335524377984
-8.05215,-34.953411,16.4,2022-02-09 19:26:49+00:00,1.7832171145793199,1725.5167695523778
-8.052165,-34.953413,16.4,2022-02-09 19:26:50+00:00,1.6735253510741268,1727.190294903452
-8.052181,-34.953416,16.4,2022-02-09 19:26:51+00:00,1.800171016283037,1728.990465919735
-8.052197,-34.953418,16.4,2022-02-09 19:26:52+00:00,1.7832171155843042,1730.7736830353192
-8.052213,-34.953419,16.4,2022-02-09 19:26:53+00:00,1.7729669606705831,1732.5466499959898
-8.052229,-34.95342,16.3,2022-02-09 19:26:54+00:00,1.7729669614826826,1734.3196169574726
-8.052246,-34.95342,16.3,2022-02-09 19:26:55+00:00,1.8801331160004031,1736.199750073473
-8.052261,-34.95342,16.3,2022-02-09 19:26:56+00:00,1.6589409860815219,1737.8586910595545
-8.052277,-34.953419,16.3,2022-02-09 19:26:57+00:00,1.7729669649793391,1739.6316580245339
-8.052292,-34.95342,16.3,2022-02-09 19:26:58+00:00,1.6625990732800484,1741.294257097814
-8.052307,-34.953421,16.3,2022-02-09 19:26:59+00:00,1.6625990743895074,1742.9568561722035
-8.052321,-34.953423,16.3,2022-02-09 19:27:00+00:00,1.563960965111928,1744.5208171373154
-8.052335,-34.953426,16.3,2022-02-09 19:27:01+00:00,1.5832644319394051,1746.1040815692547
-8.052349,-34.95343,16.3,2022-02-09 19:27:02+00:00,1.6099004810749582,1747.7139820503296
-8.052362,-34.953434,16.3,2022-02-09 19:27:03+00:00,1.503838197213035,1749.2178202475427
-8.052376,-34.953436,16.3,2022-02-09 19:27:04+00:00,1.5639609650942994,1750.781781212637
-8.052397,-34.953436,16.3,2022-02-09 19:27:05+00:00,2.3225173951891427,1753.1042986078262
-8.052406,-34.953436,16.3,2022-02-09 19:27:06+00:00,0.9953645986588233,1754.099663206485
-8.052415,-34.953435,16.3,2022-02-09 19:27:07+00:00,1.0014495259018574,1755.1011127323868
-8.052436,-34.953436,16.3,2022-02-09 19:27:08+00:00,2.3251317252810115,1757.4262444576677
-8.052444,-34.953438,16.3,2022-02-09 19:27:09+00:00,0.9118208274357388,1758.3380652851035
-8.052452,-34.953439,16.3,2022-02-09 19:27:10+00:00,0.8916085602996396,1759.229673845403
-8.052473,-34.953442,16.3,2022-02-09 19:27:11+00:00,2.3459414470497024,1761.5756152924528
-8.052482,-34.953444,16.3,2022-02-09 19:27:12+00:00,1.0194864124266096,1762.5951017048794
-8.05249,-34.953445,16.3,2022-02-09 19:27:13+00:00,0.8916085606723523,1763.4867102655517
-8.052504,-34.953445,16.2,2022-02-09 19:27:14+00:00,1.5483449388982533,1765.03505520445
-8.052519,-34.953445,16.2,2022-02-09 19:27:15+00:00,1.6589410066045507,1766.6939962110546
-8.052534,-34.953444,16.2,2022-02-09 19:27:16+00:00,1.66259908844658,1768.3565952995011
-8.05255,-34.953444,16.2,2022-02-09 19:27:17+00:00,1.7695370765859297,1770.126132376087
-8.052566,-34.953443,16.2,2022-02-09 19:27:18+00:00,1.772966984399844,1771.8990993604868
-8.052581,-34.953442,16.2,2022-02-09 19:27:19+00:00,1.6625990914776507,1773.5616984519645
-8.052597,-34.953442,16.2,2022-02-09 19:27:20+00:00,1.769537080756914,1775.3312355327214
-8.052612,-34.953444,16.2,2022-02-09 19:27:21+00:00,1.673525354905086,1777.0047608876264
-8.052627,-34.953448,16.2,2022-02-09 19:27:22+00:00,1.71653504906746,1778.7212959366939
-8.052642,-34.953454,16.2,2022-02-09 19:27:23+00:00,1.785917592474398,1780.5072135291682
-8.052657,-34.953459,16.2,2022-02-09 19:27:24+00:00,1.7480980048663426,1782.2553115340345
-8.052672,-34.953464,16.2,2022-02-09 19:27:25+00:00,1.7480979992919115,1784.0034095333265
-8.052686,-34.953468,16.2,2022-02-09 19:27:26+00:00,1.6099004057031534,1785.6133099390297
-8.052701,-34.953472,16.2,2022-02-09 19:27:27+00:00,1.7165350340108232,1787.3298449730405
-8.052715,-34.953474,16.2,2022-02-09 19:27:28+00:00,1.5639609641587235,1788.8938059371992
-8.05273,-34.953477,16.2,2022-02-09 19:27:29+00:00,1.6915789550780171,1790.5853848922773
-8.052745,-34.953479,16.2,2022-02-09 19:27:30+00:00,1.6735253556892435,1792.2589102479665
-8.05276,-34.953482,16.2,2022-02-09 19:27:31+00:00,1.6915789527243044,1793.9504892006908
-8.052776,-34.953484,16.1,2022-02-09 19:27:32+00:00,1.7832171263196988,1795.7337063270104
-8.052791,-34.953487,16.1,2022-02-09 19:27:33+00:00,1.6915789502216687,1797.425285277232
-8.052807,-34.95349,16.1,2022-02-09 19:27:34+00:00,1.800170976143968,1799.225456253376
-8.052823,-34.953491,16.1,2022-02-09 19:27:35+00:00,1.7729670027253526,1800.9984232561014
-8.052839,-34.953492,16.1,2022-02-09 19:27:36+00:00,1.772967003714343,1802.7713902598157
-8.052856,-34.953494,16.1,2022-02-09 19:27:37+00:00,1.8930141334388761,1804.6644043932545
-8.052872,-34.953495,16.1,2022-02-09 19:27:38+00:00,1.7729670058976492,1806.4373713991522
-8.052889,-34.953495,16.1,2022-02-09 19:27:39+00:00,1.8801331745893766,1808.3175045737416
-8.052905,-34.953495,16.1,2022-02-09 19:27:40+00:00,1.7695371074117219,1810.0870416811533
-8.052921,-34.953494,16.1,2022-02-09 19:27:41+00:00,1.7729670088940725,1811.8600086900474
-8.052938,-34.953492,16.1,2022-02-09 19:27:42+00:00,1.8930141359544221,1813.7530228260018
-8.052953,-34.953489,16.1,2022-02-09 19:27:43+00:00,1.6915789371952703,1815.4446017631972
-8.052969,-34.953488,16.1,2022-02-09 19:27:44+00:00,1.7729670127435047,1817.2175687759407
-8.052983,-34.953487,16.1,2022-02-09 19:27:45+00:00,1.5522637000518384,1818.7698324759924
-8.052997,-34.953487,16.1,2022-02-09 19:27:46+00:00,1.5483449756202396,1820.3181774516127
-8.053011,-34.953487,16.1,2022-02-09 19:27:47+00:00,1.5483449766773536,1821.86652242829
-8.053033,-34.953489,16.1,2022-02-09 19:27:48+00:00,2.4430806799115654,1824.3096031082016
-8.053041,-34.953491,16.1,2022-02-09 19:27:49+00:00,0.911820774678892,1825.2214238828806
-8.053049,-34.953492,16.1,2022-02-09 19:27:50+00:00,0.8916085659277316,1826.1130324488083
-8.053068,-34.953502,16.1,2022-02-09 19:27:51+00:00,2.372890861690342,1828.4859233104987
-8.053075,-34.953507,16.1,2022-02-09 19:27:52+00:00,0.9503177098314836,1829.4362410203303
-8.053082,-34.953513,16.1,2022-02-09 19:27:53+00:00,1.0182133587795823,1830.4544543791098
-8.053092,-34.953519,16.1,2022-02-09 19:27:54+00:00,1.2886289053368793,1831.7430832844468
-8.053102,-34.953523,16.1,2022-02-09 19:27:55+00:00,1.190611566441128,1832.9336948508878
-8.053114,-34.953526,16.1,2022-02-09 19:27:56+00:00,1.367731152476119,1834.301426003364
-8.053134,-34.953533,16.1,2022-02-09 19:27:57+00:00,2.342641061496552,1836.6440670648606
-8.053142,-34.953536,16.1,2022-02-09 19:27:58+00:00,0.9445471026842581,1837.5886141675448
-8.053151,-34.95354,16.1,2022-02-09 19:27:59+00:00,1.0886494088621355,1838.677263576407
-8.053163,-34.953545,16.1,2022-02-09 19:28:00+00:00,1.437043929677719,1840.1143075060847
-8.053176,-34.953551,16.1,2022-02-09 19:28:01+00:00,1.5825729545610039,1841.6968804606458
-8.05319,-34.953557,16.1,2022-02-09 19:28:02+00:00,1.6836826852414064,1843.3805631458872
-8.053204,-34.953563,16.1,2022-02-09 19:28:03+00:00,1.6836826768018345,1845.0642458226891
-8.053218,-34.953567,16.1,2022-02-09 19:28:04+00:00,1.609900286367623,1846.6741461090567
-8.053232,-34.953569,16.1,2022-02-09 19:28:05+00:00,1.563960963501824,1848.2381070725585
-8.053246,-34.95357,16.1,2022-02-09 19:28:06+00:00,1.5522637149622802,1849.7903707875207
-8.05326,-34.953572,16.1,2022-02-09 19:28:07+00:00,1.5639609631530738,1851.3543317506737
-8.053274,-34.953573,16.1,2022-02-09 19:28:08+00:00,1.552263716372275,1852.906595467046
-8.053289,-34.953574,16.1,2022-02-09 19:28:09+00:00,1.6625991356121739,1854.5691946026582
-8.053304,-34.953573,16.1,2022-02-09 19:28:10+00:00,1.6625991367219832,1856.2317937393802
-8.053319,-34.953573,16.1,2022-02-09 19:28:11+00:00,1.658941071521193,1857.8907348109014
-8.053333,-34.953574,16.1,2022-02-09 19:28:12+00:00,1.552263719268038,1859.4429985301695
-8.053348,-34.953575,16.1,2022-02-09 19:28:13+00:00,1.6625991393196646,1861.105597669489
-8.053364,-34.953573,16.1,2022-02-09 19:28:14+00:00,1.7832171371392964,1862.8888148066283
-8.053379,-34.953571,16.1,2022-02-09 19:28:15+00:00,1.6735253617711887,1864.5623401683995
-8.053394,-34.95357,16.1,2022-02-09 19:28:16+00:00,1.6625991425000821,1866.2249393108996
-8.053408,-34.95357,16.1,2022-02-09 19:28:17+00:00,1.548345006226324,1867.773284317126
-8.053422,-34.953572,16.1,2022-02-09 19:28:18+00:00,1.5639609628489513,1869.337245279975
-8.053437,-34.953576,16.1,2022-02-09 19:28:19+00:00,1.7165348872169568,1871.053780167192
-8.053451,-34.953581,16.1,2022-02-09 19:28:20+00:00,1.6435122202886874,1872.6972923874805
-8.053465,-34.953587,16.1,2022-02-09 19:28:21+00:00,1.6836825284743395,1874.3809749159548
-8.053479,-34.953592,16.1,2022-02-09 19:28:22+00:00,1.6435122100946042,1876.0244871260493
-8.053494,-34.953594,16.1,2022-02-09 19:28:23+00:00,1.6735253622436743,1877.698012488293
-8.053509,-34.953595,16.1,2022-02-09 19:28:24+00:00,1.6625991494815064,1879.3606116377746
-8.053524,-34.953595,16.1,2022-02-09 19:28:25+00:00,1.6589410879731674,1881.0195527257476
-8.053539,-34.953595,16.1,2022-02-09 19:28:26+00:00,1.6589410890832665,1882.678493814831
-8.053552,-34.953595,16.1,2022-02-09 19:28:27+00:00,1.43774894489188,1884.1162427597228
-8.053574,-34.953594,16.1,2022-02-09 19:28:28+00:00,2.435609204001269,1886.5518519637242
-8.053583,-34.953595,16.1,2022-02-09 19:28:29+00:00,1.0014495473314373,1887.5533015110557
-8.053591,-34.953595,16.1,2022-02-09 19:28:30+00:00,0.8847685834516621,1888.4380700945073
-8.053613,-34.953597,16.1,2022-02-09 19:28:31+00:00,2.4430807198183673,1890.8811508143258
-8.053621,-34.953599,16.1,2022-02-09 19:28:32+00:00,0.9118207225530476,1891.792971536879
-8.05363,-34.9536,16.1,2022-02-09 19:28:33+00:00,1.0014495480947767,1892.7944210849737
-8.053651,-34.953604,16.1,2022-02-09 19:28:34+00:00,2.3639995805393346,1895.158420665513
-8.05366,-34.953605,16.1,2022-02-09 19:28:35+00:00,1.00144954893461,1896.1598702144477
-8.053669,-34.953606,16.1,2022-02-09 19:28:36+00:00,1.0014495487274806,1897.1613197631752
-8.053691,-34.953607,16.1,2022-02-09 19:28:37+00:00,2.435609216560967,1899.5969289797363
-8.053699,-34.953607,16.1,2022-02-09 19:28:38+00:00,0.8847685878235408,1900.4816975675599
-8.053708,-34.953608,16.1,2022-02-09 19:28:39+00:00,1.0014495498900033,1901.4831471174498
-8.053721,-34.953609,16.1,2022-02-09 19:28:40+00:00,1.4419682562693095,1902.925115373719
-8.053736,-34.95361,16.1,2022-02-09 19:28:41+00:00,1.6625991635390982,1904.5877145372583
-8.05375,-34.95361,16.1,2022-02-09 19:28:42+00:00,1.5483450326310488,1906.1360595698893
-8.053765,-34.95361,16.1,2022-02-09 19:28:43+00:00,1.658941107158623,1907.795000677048
-8.05378,-34.953609,16.0,2022-02-09 19:28:44+00:00,1.6625991661362671,1909.4575998431842
-8.053794,-34.953608,16.0,2022-02-09 19:28:45+00:00,1.5522637455132662,1911.0098635886975
-8.053816,-34.953605,16.0,2022-02-09 19:28:46+00:00,2.4554827215327983,1913.4653463102302
-8.053824,-34.953605,16.0,2022-02-09 19:28:47+00:00,0.8847685931453552,1914.3501149033755
-8.053833,-34.953604,16.0,2022-02-09 19:28:48+00:00,1.0014495519195061,1915.351564455295
-8.053854,-34.953603,16.0,2022-02-09 19:28:49+00:00,2.3251318669451466,1917.67669632224
-8.053862,-34.953603,16.0,2022-02-09 19:28:50+00:00,0.8847685949252764,1918.5614649171653
-8.053871,-34.953603,16.0,2022-02-09 19:28:51+00:00,0.9953646697595404,1919.5568295869248
-8.053892,-34.953602,16.0,2022-02-09 19:28:52+00:00,2.3251318706718727,1921.8819614575966
-8.0539,-34.953602,16.0,2022-02-09 19:28:53+00:00,0.8847685967057153,1922.7667300543023
-8.053908,-34.953602,16.0,2022-02-09 19:28:54+00:00,0.8847685969968747,1923.651498651299
-8.053929,-34.953602,16.0,2022-02-09 19:28:55+00:00,2.3225175684348676,1925.974016219734
-8.053937,-34.953601,16.0,2022-02-09 19:28:56+00:00,0.8916085739979003,1926.865624793732
-8.053946,-34.953601,16.0,2022-02-09 19:28:57+00:00,0.9953646732634638,1927.8609894669955
-8.053968,-34.953601,16.0,2022-02-09 19:28:58+00:00,2.4331136477575153,1930.294103114753
-8.053976,-34.953601,16.0,2022-02-09 19:28:59+00:00,0.884768599913129,1931.178871714666
-8.053985,-34.9536,16.0,2022-02-09 19:29:00+00:00,1.0014495543864175,1932.1803212690525
-8.054005,-34.953601,16.0,2022-02-09 19:29:01+00:00,2.2146663640180377,1934.3949876330705
-8.054013,-34.953602,16.0,2022-02-09 19:29:02+00:00,0.8916085745667562,1935.2865962076373
-8.054021,-34.953603,16.0,2022-02-09 19:29:03+00:00,0.8916085752114483,1936.1782047828488
-8.054042,-34.953607,16.0,2022-02-09 19:29:04+00:00,2.3639995450590665,1938.5422043279077
-8.054051,-34.953608,16.0,2022-02-09 19:29:05+00:00,1.0014495558110377,1939.5436538837187
-8.054059,-34.95361,16.0,2022-02-09 19:29:06+00:00,0.9118206838575703,1940.4554745675762
-8.054081,-34.953611,16.0,2022-02-09 19:29:07+00:00,2.435609257896306,1942.8910838254724
-8.054089,-34.953611,16.0,2022-02-09 19:29:08+00:00,0.8847686045333646,1943.7758524300057
-8.054098,-34.953611,16.0,2022-02-09 19:29:09+00:00,0.9953646808329182,1944.7712171108385
-8.05412,-34.953615,16.0,2022-02-09 19:29:10+00:00,2.4727409831382134,1947.2439580939767
-8.054128,-34.953617,16.0,2022-02-09 19:29:11+00:00,0.911820677995605,1948.1557787719723
-8.054137,-34.953619,16.0,2022-02-09 19:29:12+00:00,1.019486297382801,1949.1752650693552
-8.05415,-34.953623,16.0,2022-02-09 19:29:13+00:00,1.5038377493922397,1950.6791028187474
-8.054163,-34.953628,16.0,2022-02-09 19:29:14+00:00,1.5397666180662501,1952.2188694368137
-8.054176,-34.953634,16.0,2022-02-09 19:29:15+00:00,1.5825723395355367,1953.8014417763493
-8.054189,-34.953639,16.0,2022-02-09 19:29:16+00:00,1.5397666074219334,1955.3412083837711
-8.054203,-34.953643,16.0,2022-02-09 19:29:17+00:00,1.6099000661055225,1956.9511084498765
-8.054218,-34.953648,16.0,2022-02-09 19:29:18+00:00,1.7480974585301878,1958.6992059084066
-8.054233,-34.953652,16.0,2022-02-09 19:29:19+00:00,1.7165347278015284,1960.415740636208
-8.054248,-34.953655,16.0,2022-02-09 19:29:20+00:00,1.6915788345464546,1962.1073194707544
-8.054263,-34.953657,16.0,2022-02-09 19:29:21+00:00,1.6735253695199537,1963.7808448402743
-8.054278,-34.953659,16.0,2022-02-09 19:29:22+00:00,1.6735253693973875,1965.4543702096717
-8.054293,-34.953661,16.0,2022-02-09 19:29:23+00:00,1.6735253694511827,1967.1278955791229
-8.054309,-34.953663,16.0,2022-02-09 19:29:24+00:00,1.7832171543977915,1968.9111127335207
-8.054324,-34.953665,16.0,2022-02-09 19:29:25+00:00,1.673525369939497,1970.58463810346
-8.054338,-34.953667,16.0,2022-02-09 19:29:26+00:00,1.5639609615455143,1972.1485990650056
-8.054353,-34.953669,16.0,2022-02-09 19:29:27+00:00,1.673525369843681,1973.8221244348492
-8.054367,-34.953672,16.0,2022-02-09 19:29:28+00:00,1.5832642372386165,1975.4053886720878
-8.054381,-34.953673,16.0,2022-02-09 19:29:29+00:00,1.552263778634906,1976.9576524507227
-8.054395,-34.953673,16.0,2022-02-09 19:29:30+00:00,1.548345080933828,1978.5059975316565
-8.054409,-34.953673,16.0,2022-02-09 19:29:31+00:00,1.548345081991287,1980.0543426136478
-8.054423,-34.953674,16.0,2022-02-09 19:29:32+00:00,1.5522637807499924,1981.6066063943979
-8.054438,-34.953675,16.0,2022-02-09 19:29:33+00:00,1.662599207161883,1983.2692056015599
-8.054454,-34.953677,16.0,2022-02-09 19:29:34+00:00,1.7832171575313531,1985.0524227590913
-8.05447,-34.95368,16.0,2022-02-09 19:29:35+00:00,1.8001708690445772,1986.852593628136
-8.054486,-34.953682,16.0,2022-02-09 19:29:36+00:00,1.7832171579265317,1988.6358107860626
-8.054503,-34.953685,16.0,2022-02-09 19:29:37+00:00,1.9089930325387343,1990.5448038186014
-8.05452,-34.953687,16.0,2022-02-09 19:29:38+00:00,1.8930141800881646,1992.4378179986895
-8.054536,-34.953689,16.0,2022-02-09 19:29:39+00:00,1.7832171586661683,1994.2210351573558
-8.054552,-34.95369,16.0,2022-02-09 19:29:40+00:00,1.7729671215830958,1995.994002278939
-8.054568,-34.953692,16.0,2022-02-09 19:29:41+00:00,1.7832171597680935,1997.777219438707
-8.054584,-34.953692,16.0,2022-02-09 19:29:42+00:00,1.7695372513832393,1999.5467566900904
-8.0546,-34.953692,16.0,2022-02-09 19:29:43+00:00,1.7695372532541152,2001.3162939433446
-8.054616,-34.953692,16.0,2022-02-09 19:29:44+00:00,1.7695372540659788,2003.0858311974105
-8.054631,-34.953691,16.0,2022-02-09 19:29:45+00:00,1.6625992201276187,2004.7484304175382
-8.054647,-34.95369,16.0,2022-02-09 19:29:46+00:00,1.7729671281957187,2006.5213975457339
-8.054662,-34.953688,16.0,2022-02-09 19:29:47+00:00,1.6735253731101174,2008.194922918844
-8.054677,-34.953685,16.0,2022-02-09 19:29:48+00:00,1.6915788002577514,2009.8865017191017
-8.054692,-34.953682,15.9,2022-02-09 19:29:49+00:00,1.691578799257814,2011.5780805183595
-8.054706,-34.953679,15.9,2022-02-09 19:29:50+00:00,1.5832642048276904,2013.161344723187
-8.054727,-34.953675,15.9,2022-02-09 19:29:51+00:00,2.363999482733959,2015.525344205921
-8.054736,-34.953673,15.9,2022-02-09 19:29:52+00:00,1.0194862557599218,2016.544830461681
-8.054744,-34.953671,15.9,2022-02-09 19:29:53+00:00,0.9118206230512225,2017.4566510847321
-8.054764,-34.953667,15.9,2022-02-09 19:29:54+00:00,2.2554383914942338,2019.7120894762263
-8.054772,-34.953666,15.9,2022-02-09 19:29:55+00:00,0.8916085816560396,2020.6036980578824
-8.05478,-34.953665,15.9,2022-02-09 19:29:56+00:00,0.8916085814178842,2021.4953066393002
-8.054802,-34.953664,15.9,2022-02-09 19:29:57+00:00,2.435609334358473,2023.9309159736588
-8.054811,-34.953664,15.9,2022-02-09 19:29:58+00:00,0.9953647152755075,2024.9262806889342
-8.05482,-34.953663,15.9,2022-02-09 19:29:59+00:00,1.0014495697074,2025.9277302586415
-8.054834,-34.953663,15.9,2022-02-09 19:30:00+00:00,1.5483451140091584,2027.4760753726507
-8.054848,-34.953664,15.9,2022-02-09 19:30:01+00:00,1.5522638041491064,2029.0283391767998
-8.054868,-34.953668,15.9,2022-02-09 19:30:02+00:00,2.2554383808283203,2031.2837775576281
-8.054876,-34.953671,15.9,2022-02-09 19:30:03+00:00,0.9445466800006888,2032.2283242376288
-8.054885,-34.953673,15.9,2022-02-09 19:30:04+00:00,1.0194862455190459,2033.247810483148
-8.054904,-34.953684,15.9,2022-02-09 19:30:05+00:00,2.426058035215824,2035.6738685183639
-8.054912,-34.953689,15.9,2022-02-09 19:30:06+00:00,1.0423883696294294,2036.7162568879933
-8.054919,-34.953694,15.9,2022-02-09 19:30:07+00:00,0.9503163204877776,2037.666573208481
-8.054932,-34.953701,15.9,2022-02-09 19:30:08+00:00,1.6317131701493446,2039.2982863786303
-8.054944,-34.953708,15.9,2022-02-09 19:30:09+00:00,1.5351548815847251,2040.833441260215
-8.054957,-34.953715,15.9,2022-02-09 19:30:10+00:00,1.6317131491076824,2042.4651544093228
-8.05497,-34.953722,15.9,2022-02-09 19:30:11+00:00,1.6317131381591363,2044.096867547482
-8.054983,-34.953729,15.9,2022-02-09 19:30:12+00:00,1.6317131272101346,2045.728580674692
-8.054996,-34.953734,15.9,2022-02-09 19:30:13+00:00,1.5397662693793377,2047.2683469440713
-8.055009,-34.953738,15.9,2022-02-09 19:30:14+00:00,1.5038375344246093,2048.772184478496
-8.055024,-34.953739,15.9,2022-02-09 19:30:15+00:00,1.6625992441303605,2050.4347837226264
-8.055039,-34.953738,15.9,2022-02-09 19:30:16+00:00,1.6625992454170688,2052.0973829680433
-8.055055,-34.953735,15.9,2022-02-09 19:30:17+00:00,1.8001708310659765,2053.897553799109
-8.055071,-34.953733,15.9,2022-02-09 19:30:18+00:00,1.7832171690160243,2055.680770968125
-8.055087,-34.953731,15.9,2022-02-09 19:30:19+00:00,1.783217169126095,2057.4639881372514
-8.055103,-34.95373,15.9,2022-02-09 19:30:20+00:00,1.7729671598295003,2059.236955297081
-8.055118,-34.953729,15.9,2022-02-09 19:30:21+00:00,1.6625992500171498,2060.899554547098
-8.055133,-34.953729,15.9,2022-02-09 19:30:22+00:00,1.6589412177041065,2062.558495764802
-8.055148,-34.953728,15.9,2022-02-09 19:30:23+00:00,1.6625992520603758,2064.2210950168624
-8.055163,-34.953726,15.9,2022-02-09 19:30:24+00:00,1.6735253771751266,2065.8946203940377
-8.055177,-34.953726,15.9,2022-02-09 19:30:25+00:00,1.5483451399118193,2067.4429655339495
-8.055191,-34.953725,15.9,2022-02-09 19:30:26+00:00,1.5522638237211832,2068.9952293576707
-8.055205,-34.953724,15.9,2022-02-09 19:30:27+00:00,1.5522638244264466,2070.5474931820972
-8.055227,-34.953721,15.9,2022-02-09 19:30:28+00:00,2.4554827327066397,2073.0029759148038
-8.055236,-34.953721,15.9,2022-02-09 19:30:29+00:00,0.9953647357212156,2073.998340650525
-8.055244,-34.953721,15.9,2022-02-09 19:30:30+00:00,0.8847686544486523,2074.8831093049735
-8.055265,-34.953724,16.0,2022-02-09 19:30:31+00:00,2.3459414394169134,2077.2290507443904
-8.055272,-34.953726,16.0,2022-02-09 19:30:32+00:00,0.8049499132137566,2078.0340006576043
-8.05528,-34.953728,16.0,2022-02-09 19:30:33+00:00,0.9118205750407509,2078.945821232645
-8.055292,-34.953731,16.0,2022-02-09 19:30:34+00:00,1.3677308616361998,2080.313552094281
-8.055302,-34.953732,16.0,2022-02-09 19:30:35+00:00,1.1114403414777794,2081.4249924357587
-8.055314,-34.953734,16.0,2022-02-09 19:30:36+00:00,1.345338703963756,2082.770331139722
-8.055326,-34.953735,16.0,2022-02-09 19:30:37+00:00,1.3317226981108774,2084.102053837833
-8.055337,-34.953735,16.0,2022-02-09 19:30:38+00:00,1.2165569050684626,2085.3186107429015
-8.055348,-34.953734,16.0,2022-02-09 19:30:39+00:00,1.2215404199606854,2086.540151162862
-8.055359,-34.953733,16.0,2022-02-09 19:30:40+00:00,1.2215404203555003,2087.7616915832177
-8.05537,-34.953733,16.0,2022-02-09 19:30:41+00:00,1.2165569071309137,2088.9782484903485
-8.055381,-34.953731,16.0,2022-02-09 19:30:42+00:00,1.2363704436415126,2090.21461893399
-8.055392,-34.953729,16.0,2022-02-09 19:30:43+00:00,1.2363704426262914,2091.4509893766162
-8.055404,-34.953729,16.0,2022-02-09 19:30:44+00:00,1.3271529917779588,2092.778142368394
-8.055415,-34.953731,16.0,2022-02-09 19:30:45+00:00,1.2363704418524841,2094.0145128102467
-8.055436,-34.953737,16.0,2022-02-09 19:30:46+00:00,2.414849686325626,2096.4293624965726
-8.055445,-34.953739,16.0,2022-02-09 19:30:47+00:00,1.019486206428635,2097.448848703001
-8.055453,-34.953741,16.0,2022-02-09 19:30:48+00:00,0.9118205597768726,2098.360669262778
-8.055467,-34.953745,16.0,2022-02-09 19:30:49+00:00,1.6098997834325033,2099.9705690462106
-8.05548,-34.953749,16.0,2022-02-09 19:30:50+00:00,1.5038374165730697,2101.4744064627835
-8.055494,-34.953753,16.0,2022-02-09 19:30:51+00:00,1.6098997772561572,2103.0843062400395
-8.055506,-34.95376,16.0,2022-02-09 19:30:52+00:00,1.5351543785836985,2104.619460618623
-8.055518,-34.953768,16.0,2022-02-09 19:30:53+00:00,1.5934092921320206,2106.212869910755
-8.055527,-34.953778,16.0,2022-02-09 19:30:54+00:00,1.4851865835081817,2107.6980564942633
-8.055536,-34.95379,16.0,2022-02-09 19:30:55+00:00,1.6554127940268353,2109.35346928829
-8.055542,-34.953803,16.0,2022-02-09 19:30:56+00:00,1.579155239085218,2110.932624527375
-8.055545,-34.953818,16.0,2022-02-09 19:30:57+00:00,1.6863856673066009,2112.619010194682
-8.055546,-34.953834,16.0,2022-02-09 19:30:58+00:00,1.7671172394949533,2114.3861274341766
-8.055545,-34.95385,16.0,2022-02-09 19:30:59+00:00,1.7671172394949533,2116.1532446736715
-8.055544,-34.953865,16.0,2022-02-09 19:31:00+00:00,1.6571193829645525,2117.810364056636
-8.055545,-34.953879,16.0,2022-02-09 19:31:01+00:00,1.5471543268860888,2119.357518383522
-8.055546,-34.953893,16.0,2022-02-09 19:31:02+00:00,1.547154323735127,2120.904672707257
-8.055546,-34.953908,16.0,2022-02-09 19:31:03+00:00,1.6534246696920543,2122.558097376949
-8.055545,-34.953922,16.0,2022-02-09 19:31:04+00:00,1.547154323735127,2124.1052517006838
-8.055544,-34.953937,15.9,2022-02-09 19:31:05+00:00,1.6571193840231737,2125.762371084707
-8.055544,-34.953952,15.9,2022-02-09 19:31:06+00:00,1.6534246778068749,2127.415795762514
-8.055544,-34.953966,15.9,2022-02-09 19:31:07+00:00,1.5431963662141566,2128.958992128728
-8.055543,-34.95398,15.9,2022-02-09 19:31:08+00:00,1.5471543318015142,2130.5061464605296
-8.055541,-34.953994,15.9,2022-02-09 19:31:09+00:00,1.5589679338981337,2132.065114394428
-8.055536,-34.954008,15.9,2022-02-09 19:31:10+00:00,1.6392810708912118,2133.704395465319
-8.05553,-34.954021,15.9,2022-02-09 19:31:11+00:00,1.5791552572821095,2135.2835507226014
-8.055525,-34.954034,15.9,2022-02-09 19:31:12+00:00,1.5359638519112893,2136.8195145745126
-8.05552,-34.954056,15.9,2022-02-09 19:31:13+00:00,2.4872723696409285,2139.3067869441534
-8.055519,-34.954065,15.9,2022-02-09 19:31:14+00:00,0.9982005558811823,2140.3049875000347
-8.055519,-34.954074,15.9,2022-02-09 19:31:15+00:00,0.9920548675451785,2141.2970423675797
-8.055518,-34.954096,15.9,2022-02-09 19:31:16+00:00,2.427543637467629,2143.7245860050475
-8.055518,-34.954105,16.0,2022-02-09 19:31:17+00:00,0.9920548699796168,2144.716640875027
-8.055517,-34.954114,16.0,2022-02-09 19:31:18+00:00,0.9982005632595871,2145.714841438287
-8.055513,-34.954136,16.0,2022-02-09 19:31:19+00:00,2.465043734519103,2148.179885172806
-8.05551,-34.954145,16.0,2022-02-09 19:31:20+00:00,1.0460670812075223,2149.2259522540135
-8.055508,-34.954154,16.0,2022-02-09 19:31:21+00:00,1.016414720723015,2150.2423669747363
-8.055503,-34.954167,16.0,2022-02-09 19:31:22+00:00,1.535963922648041,2151.7783308973844
-8.0555,-34.95418,16.0,2022-02-09 19:31:23+00:00,1.4708777363234051,2153.249208633708
-8.055499,-34.954194,16.0,2022-02-09 19:31:24+00:00,1.547154497616551,2154.7963631313246
-8.055497,-34.954208,16.0,2022-02-09 19:31:25+00:00,1.5589681004105216,2156.355331231735
-8.055495,-34.954223,16.0,2022-02-09 19:31:26+00:00,1.6681546044431261,2158.023485836178
-8.055493,-34.954237,16.0,2022-02-09 19:31:27+00:00,1.5589681154838515,2159.582453951662
-8.05549,-34.954251,16.0,2022-02-09 19:31:28+00:00,1.5784609838279757,2161.16091493549
-8.055487,-34.954266,16.0,2022-02-09 19:31:29+00:00,1.6863858853028166,2162.847300820793
-8.055483,-34.95428,16.0,2022-02-09 19:31:30+00:00,1.6053534221059775,2164.452654242899
-8.055479,-34.954295,16.0,2022-02-09 19:31:31+00:00,1.7115834520872188,2166.1642376949862
-8.055475,-34.95431,15.9,2022-02-09 19:31:32+00:00,1.7115834657390832,2167.8758211607255
-8.055472,-34.954326,15.9,2022-02-09 19:31:33+00:00,1.7945908694324824,2169.670412030158
-8.05547,-34.954342,15.9,2022-02-09 19:31:34+00:00,1.7774698191272342,2171.4478818492853
-8.055469,-34.954359,15.9,2022-02-09 19:31:35+00:00,1.8771424853049556,2173.32502433459
-8.055469,-34.954375,15.9,2022-02-09 19:31:36+00:00,1.7636533147740974,2175.0886776493644
-8.055467,-34.954392,15.9,2022-02-09 19:31:37+00:00,1.8868912053291091,2176.9755688546934
-8.055466,-34.954408,15.9,2022-02-09 19:31:38+00:00,1.767117581655902,2178.7426864363492
-8.055463,-34.954424,15.9,2022-02-09 19:31:39+00:00,1.7945909079889464,2180.5372773443382
-8.05546,-34.95444,15.9,2022-02-09 19:31:40+00:00,1.7945909191941982,2182.331868263532
-8.055458,-34.954456,15.9,2022-02-09 19:31:41+00:00,1.7774698706568144,2184.109338134189
-8.055456,-34.954472,15.9,2022-02-09 19:31:42+00:00,1.7774698787156773,2185.8868080129046
-8.055454,-34.954489,16.0,2022-02-09 19:31:43+00:00,1.8868912652762477,2187.7736992781806
-8.055453,-34.954505,16.0,2022-02-09 19:31:44+00:00,1.7671176373935733,2189.5408169155744
-8.055453,-34.95452,16.0,2022-02-09 19:31:45+00:00,1.6534250478123156,2191.1942419633865
-8.055452,-34.954536,16.0,2022-02-09 19:31:46+00:00,1.7671176419525265,2192.961359605339
-8.05545,-34.954551,16.0,2022-02-09 19:31:47+00:00,1.6681547860250399,2194.629514391364
-8.055446,-34.954566,16.0,2022-02-09 19:31:48+00:00,1.7115835799778214,2196.3410979713417
-8.055441,-34.954581,16.0,2022-02-09 19:31:49+00:00,1.7434453969180308,2198.08454336826
-8.055437,-34.954596,16.0,2022-02-09 19:31:50+00:00,1.7115836164290108,2199.7961269846887
-8.055434,-34.954611,16.0,2022-02-09 19:31:51+00:00,1.6863860948841878,2201.482513079573
-8.055431,-34.954627,16.0,2022-02-09 19:31:52+00:00,1.7945910422161229,2203.2771041217893
-8.055429,-34.954642,16.0,2022-02-09 19:31:53+00:00,1.6681548690929586,2204.9452589908824
-8.055431,-34.954664,16.0,2022-02-09 19:31:54+00:00,2.435090375920374,2207.380349366803
-8.055433,-34.954672,16.0,2022-02-09 19:31:55+00:00,0.9091448567143666,2208.289494223517
-8.055435,-34.954679,16.0,2022-02-09 19:31:56+00:00,0.8026768040826511,2209.0921710275998
-8.055439,-34.954691,16.0,2022-02-09 19:31:57+00:00,1.394756337502303,2210.486927365102
-8.055441,-34.954703,16.0,2022-02-09 19:31:58+00:00,1.3411067429251986,2211.828034108027
-8.055441,-34.954715,16.0,2022-02-09 19:31:59+00:00,1.3227400765739459,2213.1507741846012
-8.055438,-34.954736,16.0,2022-02-09 19:32:00+00:00,2.3384524778241724,2215.4892266624256
-8.055436,-34.954745,16.0,2022-02-09 19:32:01+00:00,1.0164148913957585,2216.5056415538215
-8.055435,-34.954754,16.0,2022-02-09 19:32:02+00:00,0.9982007592001259,2217.503842313022
-8.055432,-34.954768,16.0,2022-02-09 19:32:03+00:00,1.5784611997262379,2219.0823035127482
-8.05543,-34.954782,16.0,2022-02-09 19:32:04+00:00,1.5589683503302674,2220.6412718630786
-8.055428,-34.954797,16.0,2022-02-09 19:32:05+00:00,1.6681548736535243,2222.3094267367323
-8.055426,-34.954812,16.0,2022-02-09 19:32:06+00:00,1.6681548817159026,2223.9775816184483
-8.055424,-34.954828,16.0,2022-02-09 19:32:07+00:00,1.77747001753945,2225.755051635988
-8.055422,-34.954842,16.0,2022-02-09 19:32:08+00:00,1.5589683808298762,2227.3140200168177
-8.055419,-34.954857,16.0,2022-02-09 19:32:09+00:00,1.6863861562304214,2229.0004061730483
-8.055418,-34.954871,16.0,2022-02-09 19:32:10+00:00,1.547154803308131,2230.5475609763566
-8.055416,-34.954885,16.0,2022-02-09 19:32:11+00:00,1.5589684036163574,2232.106529379973
-8.055415,-34.954899,16.0,2022-02-09 19:32:12+00:00,1.547154815231256,2233.6536841952043
-8.055413,-34.954913,16.0,2022-02-09 19:32:13+00:00,1.5589684151859664,2235.2126526103903
-8.055412,-34.954928,16.0,2022-02-09 19:32:14+00:00,1.6571199182868726,2236.869772528677
-8.055411,-34.954942,16.0,2022-02-09 19:32:15+00:00,1.5471548295995805,2238.4169273582766
-8.05541,-34.954956,16.0,2022-02-09 19:32:16+00:00,1.547154832750512,2239.964082191027
-8.05541,-34.95497,16.0,2022-02-09 19:32:17+00:00,1.5431968736566848,2241.5072790646836
-8.055409,-34.954986,16.0,2022-02-09 19:32:18+00:00,1.7671178266955934,2243.274396891379
-8.055408,-34.955,16.0,2022-02-09 19:32:19+00:00,1.547154840816937,2244.821551732196
-8.055405,-34.955015,16.0,2022-02-09 19:32:20+00:00,1.6863862119578001,2246.5079379441536
-8.055401,-34.95503,16.0,2022-02-09 19:32:21+00:00,1.7115837551757722,2248.2195216993296
-8.055398,-34.955045,16.0,2022-02-09 19:32:22+00:00,1.6863862378806371,2249.90590793721
-8.055394,-34.955059,16.0,2022-02-09 19:32:23+00:00,1.6053537458635412,2251.5112616830734
-8.055392,-34.955073,16.0,2022-02-09 19:32:24+00:00,1.5589684929976662,2253.070230176071
-8.05539,-34.955087,16.0,2022-02-09 19:32:25+00:00,1.5589685000048785,2254.629198676076
-8.05539,-34.9551,16.0,2022-02-09 19:32:26+00:00,1.432968596145258,2256.0621672722214
-8.055388,-34.955122,16.0,2022-02-09 19:32:27+00:00,2.435090618857086,2258.4972578910783
-8.055387,-34.95513,16.0,2022-02-09 19:32:28+00:00,0.8887350883362348,2259.3859929794144
-8.055386,-34.955139,16.0,2022-02-09 19:32:29+00:00,0.9982008794496953,2260.384193858864
-8.055382,-34.955159,16.0,2022-02-09 19:32:30+00:00,2.248515067146803,2262.6327089260108
-8.055381,-34.955168,16.0,2022-02-09 19:32:31+00:00,0.9982008899555654,2263.6309098159663
-8.05538,-34.955176,16.0,2022-02-09 19:32:32+00:00,0.8887351030569023,2264.5196449190234
-8.055379,-34.955188,16.0,2022-02-09 19:32:33+00:00,1.3273557657653123,2265.847000684789
-8.055378,-34.9552,16.0,2022-02-09 19:32:34+00:00,1.3273557699785308,2267.1743564547673
-8.055376,-34.955212,16.0,2022-02-09 19:32:35+00:00,1.3411069451750812,2268.5154633999423
-8.055376,-34.955234,16.0,2022-02-09 19:32:36+00:00,2.4250238602577645,2270.9404872602
-8.055377,-34.955243,16.0,2022-02-09 19:32:37+00:00,0.9982009025788601,2271.938688162779
-8.055379,-34.955251,16.0,2022-02-09 19:32:38+00:00,0.909144967432819,2272.8478331302117
-8.055383,-34.955265,16.0,2022-02-09 19:32:39+00:00,1.6053538012302528,2274.453186931442
-8.055387,-34.955278,16.0,2022-02-09 19:32:40+00:00,1.499700951160107,2275.952887882602
-8.055388,-34.955292,16.0,2022-02-09 19:32:41+00:00,1.5471549203970316,2277.5000428029994
-8.055386,-34.955306,16.0,2022-02-09 19:32:42+00:00,1.5589685157840714,2279.0590113187836
-8.055382,-34.95532,16.0,2022-02-09 19:32:43+00:00,1.6053537900156205,2280.6643651087993
-8.055378,-34.955334,16.0,2022-02-09 19:32:44+00:00,1.6053538040274067,2282.2697189128266
-8.055376,-34.955349,16.0,2022-02-09 19:32:45+00:00,1.6681550836304309,2283.9378739964573
-8.055377,-34.955363,16.0,2022-02-09 19:32:46+00:00,1.547154960703937,2285.4850289571614
-8.05538,-34.955385,16.0,2022-02-09 19:32:47+00:00,2.447616001763284,2287.932644958925
-8.05538,-34.955394,16.0,2022-02-09 19:32:48+00:00,0.992055205929213,2288.924700164854
-8.055381,-34.955402,16.0,2022-02-09 19:32:49+00:00,0.8887351030569023,2289.8134352679112
-8.055377,-34.955416,16.0,2022-02-09 19:32:50+00:00,1.6053538075302018,2291.4187890754415
-8.055371,-34.955429,16.0,2022-02-09 19:32:51+00:00,1.5791557631426214,2292.9979448385843
-8.055366,-34.955443,16.0,2022-02-09 19:32:52+00:00,1.639281675820378,2294.6372265144046
-8.055363,-34.955457,16.0,2022-02-09 19:32:53+00:00,1.5784614541612711,2296.215687968566
-8.055362,-34.955471,16.0,2022-02-09 19:32:54+00:00,1.5471550139925847,2297.7628429825586
-8.055362,-34.955486,16.0,2022-02-09 19:32:55+00:00,1.6534254162471729,2299.4162683988056
-8.055363,-34.9555,16.0,2022-02-09 19:32:56+00:00,1.5471550139925847,2300.9634234127984
-8.055361,-34.955514,16.0,2022-02-09 19:32:57+00:00,1.5589686093748094,2302.5223920221733
-8.055358,-34.955527,16.0,2022-02-09 19:32:58+00:00,1.4708782231063113,2303.9932702452797
-8.055352,-34.95554,16.0,2022-02-09 19:32:59+00:00,1.5791558233537974,2305.5724260686334
-8.055345,-34.955551,16.0,2022-02-09 19:33:00+00:00,1.4385856096209753,2307.0110116782544
-8.055339,-34.955564,16.0,2022-02-09 19:33:01+00:00,1.5791558643095955,2308.590167542564
-8.055329,-34.955584,16.0,2022-02-09 19:33:02+00:00,2.4664279124139425,2311.056595454978
-8.055324,-34.955591,16.0,2022-02-09 19:33:03+00:00,0.9492901171963688,2312.005885572174
-8.055319,-34.955599,16.0,2022-02-09 19:33:04+00:00,1.040867979585926,2313.04675355176
-8.055307,-34.955608,16.0,2022-02-09 19:33:05+00:00,1.656957725783952,2314.703711277544
-8.055295,-34.955617,16.0,2022-02-09 19:33:06+00:00,1.6569577424008235,2316.3606690199445
-8.055283,-34.955635,16.0,2022-02-09 19:33:07+00:00,2.387054865739857,2318.7477238856845
-8.05528,-34.955644,16.0,2022-02-09 19:33:08+00:00,1.0460676112351477,2319.7937914969198
-8.055277,-34.955652,16.0,2022-02-09 19:33:09+00:00,0.9421796114873158,2320.7359711084073
-8.055266,-34.955671,16.0,2022-02-09 19:33:10+00:00,2.4220379658900457,2323.1580090742973
-8.055261,-34.955678,16.0,2022-02-09 19:33:11+00:00,0.949290213272923,2324.10729928757
-8.055257,-34.955685,16.0,2022-02-09 19:33:12+00:00,0.8894203074996267,2324.99671959507
-8.055256,-34.955708,16.0,2022-02-09 19:33:13+00:00,2.537664098223802,2327.534383693294
-8.055258,-34.955717,16.0,2022-02-09 19:33:14+00:00,1.016415318254256,2328.550799011548
-8.055261,-34.955726,16.0,2022-02-09 19:33:15+00:00,1.0460676616788416,2329.596866673227
-8.055265,-34.955741,16.0,2022-02-09 19:33:16+00:00,1.711584304628416,2331.3084509778555
-8.055268,-34.955755,16.0,2022-02-09 19:33:17+00:00,1.578461817251323,2332.886912795107
-8.055271,-34.95577,16.0,2022-02-09 19:33:18+00:00,1.6863867544916196,2334.5732995495987
-8.055268,-34.955784,16.0,2022-02-09 19:33:19+00:00,1.5784618060355846,2336.1517613556343
-8.055259,-34.955797,16.0,2022-02-09 19:33:20+00:00,1.7447496182723337,2337.8965109739065
-8.055248,-34.955808,16.0,2022-02-09 19:33:21+00:00,1.7176136814897054,2339.614124655396
-8.05524,-34.955829,16.1,2022-02-09 19:33:22+00:00,2.478123739280141,2342.0922483946765
-8.05524,-34.955838,16.1,2022-02-09 19:33:23+00:00,0.9920555467417991,2343.0843039414185
-8.05524,-34.955848,16.1,2022-02-09 19:33:24+00:00,1.102283941346368,2344.186587882765
-8.055238,-34.955862,16.1,2022-02-09 19:33:25+00:00,1.558969069968458,2345.7455569527333
-8.055233,-34.955877,16.1,2022-02-09 19:33:26+00:00,1.7434461949305111,2347.489003147664
-8.055228,-34.955891,16.1,2022-02-09 19:33:27+00:00,1.6392821669099262,2349.128285314574
-8.055225,-34.955906,16.1,2022-02-09 19:33:28+00:00,1.6863869255281616,2350.814672240102
-8.055229,-34.955928,16.1,2022-02-09 19:33:29+00:00,2.4650454193693436,2353.2797176594713
-8.055232,-34.955936,16.1,2022-02-09 19:33:30+00:00,0.9421797085056555,2354.221897367977
-8.055235,-34.955944,16.1,2022-02-09 19:33:31+00:00,0.9421797018463797,2355.164077069823
-8.055243,-34.955954,16.1,2022-02-09 19:33:32+00:00,1.4134516134712616,2356.5775286832945
-8.055257,-34.955956,16.1,2022-02-09 19:33:33+00:00,1.5639609597909097,2358.1414896430856
-8.05527,-34.955949,16.1,2022-02-09 19:33:34+00:00,1.6317128886597696,2359.7732025317455
-8.055279,-34.955936,16.1,2022-02-09 19:33:35+00:00,1.744749586646597,2361.5179521183923
-8.055284,-34.95592,16.1,2022-02-09 19:33:36+00:00,1.8483136125392627,2363.3662657309314
-8.055289,-34.955892,16.2,2022-02-09 19:33:37+00:00,3.135541337248967,2366.5018070681804
-8.05529,-34.955882,16.2,2022-02-09 19:33:38+00:00,1.1078181647468899,2367.609625232927
-8.055295,-34.955851,16.1,2022-02-09 19:33:39+00:00,3.461534564024334,2371.0711597969516
-8.055296,-34.95584,16.1,2022-02-09 19:33:40+00:00,1.2175455874276062,2372.288705384379
-8.055297,-34.95581,16.1,2022-02-09 19:33:41+00:00,3.308700264736497,2375.597405649116
-8.055297,-34.955799,16.1,2022-02-09 19:33:42+00:00,1.2125121655737507,2376.8099178146895
-8.055296,-34.955771,16.1,2022-02-09 19:33:43+00:00,3.0883754891747985,2379.898293303864
-8.055296,-34.955762,16.1,2022-02-09 19:33:44+00:00,0.992055410417471,2380.8903487142816
-8.055298,-34.955744,16.1,2022-02-09 19:33:45+00:00,1.9964021900618685,2382.8867509043434
-8.055301,-34.955727,16.1,2022-02-09 19:33:46+00:00,1.9030288449936883,2384.789779749337
-8.055307,-34.955699,16.1,2022-02-09 19:33:47+00:00,3.156923356930197,2387.9467031062673
-8.055308,-34.95569,16.1,2022-02-09 19:33:48+00:00,0.9982010708512056,2388.9449041771186
-8.05531,-34.955673,16.1,2022-02-09 19:33:49+00:00,1.8868919288377342,2390.8317961059565
-8.05531,-34.955655,16.0,2022-02-09 19:33:50+00:00,1.9841107526724842,2392.815906858629
-8.055311,-34.955638,16.0,2022-02-09 19:33:51+00:00,1.87714321589661,2394.6930500745257
-8.055312,-34.955621,16.0,2022-02-09 19:33:52+00:00,1.8771432106336208,2396.5701932851593
-8.055314,-34.955605,16.0,2022-02-09 19:33:53+00:00,1.7774704977763454,2398.347663782936
-8.055316,-34.955589,16.0,2022-02-09 19:33:54+00:00,1.7774704883058106,2400.1251342712417
-8.055318,-34.955574,16.0,2022-02-09 19:33:55+00:00,1.6681553244457445,2401.7932895956874
-8.05532,-34.955558,16.0,2022-02-09 19:33:56+00:00,1.7774704707764044,2403.5707600664637
-8.055324,-34.955542,16.0,2022-02-09 19:33:57+00:00,1.8182901731824521,2405.389050239646
-8.055329,-34.955527,16.0,2022-02-09 19:33:58+00:00,1.7434458474323051,2407.1324960870784
-8.055334,-34.955512,16.0,2022-02-09 19:33:59+00:00,1.7434458267529216,2408.8759419138314
-8.05534,-34.955498,16.0,2022-02-09 19:34:00+00:00,1.6798188014569773,2410.555760715288
-8.055348,-34.955483,16.0,2022-02-09 19:34:01+00:00,1.8752683618476984,2412.431029077136
-8.055356,-34.95547,16.0,2022-02-09 19:34:02+00:00,1.6841065766425263,2414.1151356537785
-8.055364,-34.955456,16.0,2022-02-09 19:34:03+00:00,1.778840284427754,2415.893975938206
-8.055371,-34.955443,16.0,2022-02-09 19:34:04+00:00,1.6287241640071228,2417.522700102213
-8.055377,-34.95543,16.0,2022-02-09 19:34:05+00:00,1.5791557631426214,2419.101855865356
-8.055382,-34.955418,16.0,2022-02-09 19:34:06+00:00,1.4336768027610398,2420.535532668117
-8.05539,-34.955397,16.0,2022-02-09 19:34:07+00:00,2.478122988381133,2423.013655656498
-8.055393,-34.955389,16.0,2022-02-09 19:34:08+00:00,0.9421793838324484,2423.9558350403304
-8.055395,-34.955381,16.0,2022-02-09 19:34:09+00:00,0.9091449341436768,2424.864979974474
-8.055405,-34.955363,16.0,2022-02-09 19:34:10+00:00,2.271528800596411,2427.1365087750705
-8.05541,-34.955356,16.0,2022-02-09 19:34:11+00:00,0.9492899940480126,2428.0857987691184
-8.055415,-34.955349,16.0,2022-02-09 19:34:12+00:00,0.9492899868908026,2429.0350887560094
-8.055428,-34.955331,16.0,2022-02-09 19:34:13+00:00,2.450268501923126,2431.4853572579327
-8.055433,-34.955324,16.0,2022-02-09 19:34:14+00:00,0.9492899591127167,2432.4346472170455
-8.055437,-34.955317,16.0,2022-02-09 19:34:15+00:00,0.889420019252739,2433.324067236298
-8.055441,-34.955306,16.0,2022-02-09 19:34:16+00:00,1.2906930788562616,2434.6147603151544
-8.055443,-34.955295,16.0,2022-02-09 19:34:17+00:00,1.232522081065886,2435.84728239622
-8.055444,-34.955283,16.0,2022-02-09 19:34:18+00:00,1.3273555596410958,2437.1746379558613
-8.055444,-34.955272,16.0,2022-02-09 19:34:19+00:00,1.2125117281943336,2438.3871496840557
-8.055443,-34.955261,16.0,2022-02-09 19:34:20+00:00,1.2175451478203099,2439.604694831876
-8.055442,-34.955249,16.0,2022-02-09 19:34:21+00:00,1.3273555620898088,2440.9320503939657
-8.055441,-34.955229,16.0,2022-02-09 19:34:22+00:00,2.2073391741578363,2443.1393895681235
-8.05544,-34.955221,16.0,2022-02-09 19:34:23+00:00,0.8887349758210634,2444.0281245439446
-8.05544,-34.955212,16.0,2022-02-09 19:34:24+00:00,0.9920550598648739,2445.0201796038095
-8.055443,-34.955199,16.0,2022-02-09 19:34:25+00:00,1.470877942041172,2446.4910575458507
-8.055447,-34.955185,16.0,2022-02-09 19:34:26+00:00,1.6053535675157096,2448.0964111133662
-8.055452,-34.955171,16.0,2022-02-09 19:34:27+00:00,1.639281387541586,2449.7356925009076
-8.055456,-34.955156,16.0,2022-02-09 19:34:28+00:00,1.7115835561475392,2451.447276057055
-8.055457,-34.955141,16.0,2022-02-09 19:34:29+00:00,1.6571197401989979,2453.1043957972543
-8.055456,-34.955126,16.0,2022-02-09 19:34:30+00:00,1.6571197394932178,2454.7615155367475
-8.055455,-34.955112,16.0,2022-02-09 19:34:31+00:00,1.5471546637844746,2456.308670200532
-8.055455,-34.955097,16.0,2022-02-09 19:34:32+00:00,1.6534250389143672,2457.9620952394466
-8.055457,-34.955082,16.0,2022-02-09 19:34:33+00:00,1.6681547656924332,2459.6302500051393
-8.05546,-34.955069,16.0,2022-02-09 19:34:34+00:00,1.47087788421897,2461.1011278893584
-8.055466,-34.955048,16.0,2022-02-09 19:34:35+00:00,2.4080302542249092,2463.509158143583
-8.055469,-34.95504,16.0,2022-02-09 19:34:36+00:00,0.9421792304259561,2464.451337374009
-8.055471,-34.955032,16.0,2022-02-09 19:34:37+00:00,0.9091447757559539,2465.360482149765
-8.055474,-34.955011,16.0,2022-02-09 19:34:38+00:00,2.338452293100312,2467.6989344428653
-8.055475,-34.955003,16.0,2022-02-09 19:34:39+00:00,0.8887349014974475,2468.587669344363
-8.055476,-34.954994,16.0,2022-02-09 19:34:40+00:00,0.9982006642132557,2469.585870008576
-8.055477,-34.95498,16.0,2022-02-09 19:34:41+00:00,1.5471545845572265,2471.133024593133
-8.055477,-34.954966,16.0,2022-02-09 19:34:42+00:00,1.5431966199364695,2472.6762212130698
-8.055478,-34.954952,16.0,2022-02-09 19:34:43+00:00,1.5471545799947093,2474.2233757930644
-8.055479,-34.954939,16.0,2022-02-09 19:34:44+00:00,1.4372298344160377,2475.6606056274804
-8.055481,-34.954925,16.0,2022-02-09 19:34:45+00:00,1.5589681670054172,2477.2195737944858
-8.055483,-34.954911,16.0,2022-02-09 19:34:46+00:00,1.5589681603509868,2478.778541954837
-8.055484,-34.954897,16.0,2022-02-09 19:34:47+00:00,1.5471545575600305,2480.325696512397
-8.055484,-34.954884,16.0,2022-02-09 19:34:48+00:00,1.432968265605968,2481.758664778003
-8.055483,-34.95487,16.0,2022-02-09 19:34:49+00:00,1.5471545575600305,2483.3058193355632
-8.05548,-34.954856,16.0,2022-02-09 19:34:50+00:00,1.5784610209787797,2484.884280356542
-8.055479,-34.954843,16.0,2022-02-09 19:34:51+00:00,1.4372298309104277,2486.3215101874525
-8.055479,-34.954828,16.0,2022-02-09 19:34:52+00:00,1.6534249415374562,2487.97493512899
-8.055479,-34.954814,16.0,2022-02-09 19:34:53+00:00,1.5431966123626994,2489.518131741353
-8.055481,-34.954799,16.0,2022-02-09 19:34:54+00:00,1.6681546692958331,2491.186286410649
-8.055485,-34.954784,16.0,2022-02-09 19:34:55+00:00,1.7115834443792226,2492.897869855028
-8.055491,-34.95477,16.0,2022-02-09 19:34:56+00:00,1.6798182776401922,2494.5776881326683
-8.055497,-34.954757,16.0,2022-02-09 19:34:57+00:00,1.5791553819137207,2496.156843514582
-8.055501,-34.954744,16.0,2022-02-09 19:34:58+00:00,1.4997005682189293,2497.656544082801
-8.055504,-34.954731,16.0,2022-02-09 19:34:59+00:00,1.4708777324651923,2499.127421815266
-8.055506,-34.954717,16.0,2022-02-09 19:35:00+00:00,1.5589680737675062,2500.6863898890338
-8.055511,-34.954703,16.0,2022-02-09 19:35:01+00:00,1.6392811784322048,2502.325671067466
-8.055516,-34.954691,16.0,2022-02-09 19:35:02+00:00,1.4336764042827177,2503.7593474717487
-8.055522,-34.954678,16.0,2022-02-09 19:35:03+00:00,1.57915530174113,2505.33850277349
-8.055526,-34.954663,16.0,2022-02-09 19:35:04+00:00,1.7115832838915346,2507.0500860573816
-8.055529,-34.954649,16.0,2022-02-09 19:35:05+00:00,1.578460851708318,2508.62854690909
-8.055532,-34.954634,16.0,2022-02-09 19:35:06+00:00,1.68638571812081,2510.3149326272105
-8.055534,-34.954618,16.0,2022-02-09 19:35:07+00:00,1.7774695513031344,2512.0924021785136
-8.055532,-34.954603,16.0,2022-02-09 19:35:08+00:00,1.668154455111032,2513.7605566336247
-8.055528,-34.954587,16.0,2022-02-09 19:35:09+00:00,1.818289299903113,2515.5788459335276
-8.055525,-34.954571,16.0,2022-02-09 19:35:10+00:00,1.7945906437109367,2517.3734365772384
-8.055524,-34.954554,16.0,2022-02-09 19:35:11+00:00,1.8771422339540043,2519.2505788111926
-8.055524,-34.954538,16.0,2022-02-09 19:35:12+00:00,1.7636530767407834,2521.0142318879334
-8.055523,-34.954521,16.0,2022-02-09 19:35:13+00:00,1.8771422367467414,2522.89137412468
-8.055519,-34.954505,16.0,2022-02-09 19:35:14+00:00,1.8182893388089014,2524.709663463489
-8.055516,-34.954488,15.9,2022-02-09 19:35:15+00:00,1.9030278597353592,2526.612691323224
-8.05552,-34.954473,15.9,2022-02-09 19:35:16+00:00,1.7115833056044651,2528.324274628829
-8.055529,-34.95446,15.9,2022-02-09 19:35:17+00:00,1.744748872756797,2530.0690235015854
-8.05554,-34.954448,15.9,2022-02-09 19:35:18+00:00,1.797123045395745,2531.8661465469813
-8.055545,-34.954434,15.9,2022-02-09 19:35:19+00:00,1.6392810568815877,2533.5054276038627
-8.055545,-34.954418,15.9,2022-02-09 19:35:20+00:00,1.763652985854909,2535.2690805897178
-8.055541,-34.954403,15.9,2022-02-09 19:35:21+00:00,1.711583207840841,2536.9806637975585
-8.05554,-34.954388,15.9,2022-02-09 19:35:22+00:00,1.6571193997959663,2538.6377831973546
-8.055543,-34.954374,15.9,2022-02-09 19:35:23+00:00,1.578460799132541,2540.2162439964873
-8.055548,-34.95436,15.9,2022-02-09 19:35:24+00:00,1.6392810470803556,2541.8555250435675
-8.055553,-34.954338,15.9,2022-02-09 19:35:25+00:00,2.4872722077331373,2544.3427972513005
-8.055555,-34.95433,15.9,2022-02-09 19:35:26+00:00,0.9091446001944222,2545.251941851495
-8.055556,-34.954321,15.9,2022-02-09 19:35:27+00:00,0.9982004682403209,2546.250142319735
-8.05556,-34.9543,16.0,2022-02-09 19:35:28+00:00,2.3566877888600586,2548.606830108595
-8.055562,-34.954292,16.0,2022-02-09 19:35:29+00:00,0.9091445851231961,2549.5159746937184
-8.055563,-34.954283,16.0,2022-02-09 19:35:30+00:00,0.9982004538850485,2550.5141751476035
-8.055565,-34.954261,16.0,2022-02-09 19:35:31+00:00,2.4350895812005353,2552.949264728804
-8.055566,-34.954252,16.0,2022-02-09 19:35:32+00:00,0.9982004479343477,2553.947465176738
-8.055566,-34.954243,16.0,2022-02-09 19:35:33+00:00,0.9920547531262426,2554.9395199298647
-8.055566,-34.954228,16.0,2022-02-09 19:35:34+00:00,1.6534245885437377,2556.5929445184083
-8.055567,-34.954214,16.0,2022-02-09 19:35:35+00:00,1.547154244860802,2558.140098763269
-8.055569,-34.9542,16.0,2022-02-09 19:35:36+00:00,1.5589678375094478,2559.6990666007787
-8.055573,-34.954187,16.0,2022-02-09 19:35:37+00:00,1.4997003275316734,2561.1987669283103
-8.05558,-34.954173,16.0,2022-02-09 19:35:38+00:00,1.7264987216120822,2562.9252656499225
-8.055586,-34.954159,16.0,2022-02-09 19:35:39+00:00,1.679817949566247,2564.605083599489
-8.055591,-34.954146,16.0,2022-02-09 19:35:40+00:00,1.5359636508691938,2566.141047250358
-8.055593,-34.954132,16.0,2022-02-09 19:35:41+00:00,1.5589677474224544,2567.7000149977803
-8.055596,-34.954118,16.0,2022-02-09 19:35:42+00:00,1.5784606046328828,2569.278475602413
-8.0556,-34.954104,16.0,2022-02-09 19:35:43+00:00,1.605353012161479,2570.8838286145747
-8.055604,-34.954091,15.9,2022-02-09 19:35:44+00:00,1.499700224181787,2572.3835288387563
-8.055608,-34.954076,15.9,2022-02-09 19:35:45+00:00,1.7115829611517681,2574.095111799908
-8.055611,-34.954062,15.9,2022-02-09 19:35:46+00:00,1.5784605482008798,2575.673572348109
-8.055614,-34.954048,15.9,2022-02-09 19:35:47+00:00,1.578460537690916,2577.2520328857995
-8.055617,-34.954033,15.9,2022-02-09 19:35:48+00:00,1.6863853781378841,2578.9384182639374
-8.05562,-34.954019,15.9,2022-02-09 19:35:49+00:00,1.5784605152591833,2580.5168787791968
-8.055623,-34.954003,15.9,2022-02-09 19:35:50+00:00,1.7945902402943306,2582.311469019491
-8.055626,-34.953988,15.9,2022-02-09 19:35:51+00:00,1.6863853441534227,2583.9978543636444
-8.055628,-34.953972,15.9,2022-02-09 19:35:52+00:00,1.7774691506544706,2585.7753235142986
-8.055629,-34.953955,15.9,2022-02-09 19:35:53+00:00,1.8771417547133873,2587.652465269012
-8.055627,-34.953939,15.9,2022-02-09 19:35:54+00:00,1.7774691453898108,2589.4299344144015
-8.055623,-34.953922,15.9,2022-02-09 19:35:55+00:00,1.9253918139941204,2591.355326228396
-8.055617,-34.953905,16.0,2022-02-09 19:35:56+00:00,1.9879043235639409,2593.3432305519596
-8.055611,-34.953889,16.0,2022-02-09 19:35:57+00:00,1.8843578682312523,2595.227588420191
-8.055606,-34.953873,16.0,2022-02-09 19:35:58+00:00,1.8483122640501657,2597.075900684241
-8.055602,-34.953858,16.0,2022-02-09 19:35:59+00:00,1.7115829699187048,2598.7874836541596
-8.0556,-34.953843,16.0,2022-02-09 19:36:00+00:00,1.6681541827517474,2600.455637836911
-8.055596,-34.953829,16.0,2022-02-09 19:36:01+00:00,1.605353012161479,2602.060990849073
-8.05559,-34.953816,16.0,2022-02-09 19:36:02+00:00,1.579155066491249,2603.640145915564
-8.055581,-34.953805,16.0,2022-02-09 19:36:03+00:00,1.5687366449340039,2605.208882560498
-8.05557,-34.953797,16.0,2022-02-09 19:36:04+00:00,1.5025407103080677,2606.711423270806
-8.055557,-34.95379,16.0,2022-02-09 19:36:05+00:00,1.6317126382782998,2608.343135909084
-8.055543,-34.953783,16.0,2022-02-09 19:36:06+00:00,1.7299527446275906,2610.0730886537117
-8.055529,-34.953776,16.0,2022-02-09 19:36:07+00:00,1.7299527557040826,2611.803041409416
-8.055515,-34.95377,16.0,2022-02-09 19:36:08+00:00,1.6836813558585555,2613.4867227652744
-8.055502,-34.953762,16.0,2022-02-09 19:36:09+00:00,1.6866358608447372,2615.1733586261194
-8.05549,-34.953752,16.0,2022-02-09 19:36:10+00:00,1.7252140271727883,2616.898572653292
-8.055479,-34.953742,16.0,2022-02-09 19:36:11+00:00,1.641657441719497,2618.5402300950113
-8.055468,-34.953732,16.0,2022-02-09 19:36:12+00:00,1.6416574603066236,2620.181887555318
-8.055454,-34.953726,16.0,2022-02-09 19:36:13+00:00,1.683681390718626,2621.8655689460365
-8.055439,-34.953724,16.0,2022-02-09 19:36:14+00:00,1.6735253794240152,2623.5390943254606
-8.055423,-34.953725,16.0,2022-02-09 19:36:15+00:00,1.7729671830746665,2625.3120615085354
-8.055408,-34.953726,16.0,2022-02-09 19:36:16+00:00,1.6625992691783331,2626.974660777714
-8.055393,-34.953724,15.8,2022-02-09 19:36:17+00:00,1.6735253790577778,2628.6481861567718
-8.055379,-34.953721,15.9,2022-02-09 19:36:18+00:00,1.583264138826155,2630.231450295598
-8.055367,-34.953715,15.9,2022-02-09 19:36:19+00:00,1.4828167564760595,2631.714267052074
-8.055358,-34.953708,15.7,2022-02-09 19:36:20+00:00,1.2594106783832504,2632.973677730457
-8.05535,-34.9537,15.8,2022-02-09 19:36:21+00:00,1.2491734357538542,2634.222851166211
-8.055341,-34.953691,15.8,2022-02-09 19:36:22+00:00,1.4053201297847964,2635.628171295996
-8.055326,-34.953679,16.1,2022-02-09 19:36:23+00:00,2.1217276573960997,2637.749898953392
-8.055319,-34.953674,15.9,2022-02-09 19:36:24+00:00,0.9503160137413086,2638.7002149671334
-8.055312,-34.953669,15.9,2022-02-09 19:36:25+00:00,0.9503160191034988,2639.650530986237
-8.055294,-34.953656,16.0,2022-02-09 19:36:26+00:00,2.4528358543806172,2642.1033668406176
-8.055286,-34.953651,16.0,2022-02-09 19:36:27+00:00,1.0423881105323998,2643.14575495115
-8.055279,-34.953646,16.2,2022-02-09 19:36:28+00:00,0.9503160436499524,2644.0960709948
-8.055267,-34.953639,16.0,2022-02-09 19:36:29+00:00,1.5351545814938485,2645.6312255762937
-8.055256,-34.953632,16.0,2022-02-09 19:36:30+00:00,1.44061628363633,2647.07184185993
-8.055237,-34.95362,16.0,2022-02-09 19:36:31+00:00,2.482984508221365,2649.554826368151
-8.055231,-34.953615,16.0,2022-02-09 19:36:32+00:00,0.862607233921927,2650.4174336020733
-8.055224,-34.95361,16.0,2022-02-09 19:36:33+00:00,0.9503160849736353,2651.367749687047
-8.055215,-34.953602,16.0,2022-02-09 19:36:34+00:00,1.3298007976579391,2652.6975504847046
-8.055208,-34.953592,16.0,2022-02-09 19:36:35+00:00,1.3469867210016968,2654.044537205706
-8.055203,-34.953582,16.0,2022-02-09 19:36:36+00:00,1.2332142652430307,2655.277751470949
-8.055199,-34.953571,16.0,2022-02-09 19:36:37+00:00,1.290693742256807,2656.568445213206
-8.055195,-34.95356,16.0,2022-02-09 19:36:38+00:00,1.290693752759861,2657.859138965966
-8.055191,-34.95355,16.0,2022-02-09 19:36:39+00:00,1.1877432635853131,2659.046882229551
-8.055188,-34.953538,16.0,2022-02-09 19:36:40+00:00,1.3637180460188159,2660.41060027557
-8.055186,-34.953527,16.0,2022-02-09 19:36:41+00:00,1.2325228276341404,2661.643123103204
-8.055185,-34.953515,16.0,2022-02-09 19:36:42+00:00,1.3273563943290017,2662.970479497533
-8.055185,-34.953502,16.0,2022-02-09 19:36:43+00:00,1.4329693169889266,2664.4034488145217
-8.055186,-34.95349,16.0,2022-02-09 19:36:44+00:00,1.3273563943290017,2665.7308052088506
-8.055187,-34.953479,16.0,2022-02-09 19:36:45+00:00,1.2175459092324568,2666.948351118083
-8.055187,-34.953467,16.0,2022-02-09 19:36:46+00:00,1.3227409010162283,2668.271092019099
-8.055186,-34.953456,15.9,2022-02-09 19:36:47+00:00,1.2175459092324568,2669.488637928331
-8.055185,-34.953445,15.9,2022-02-09 19:36:48+00:00,1.2175459127416788,2670.7061838410727
-8.055183,-34.953434,15.9,2022-02-09 19:36:49+00:00,1.2325228349849617,2671.938706676058
-8.055181,-34.953423,15.9,2022-02-09 19:36:50+00:00,1.232522841297098,2673.1712295173547
-8.05518,-34.953411,15.9,2022-02-09 19:36:51+00:00,1.3273564108074463,2674.4985859281624
-8.05518,-34.953389,15.9,2022-02-09 19:36:52+00:00,2.4250250273727865,2676.923610955535
-8.055179,-34.953381,15.8,2022-02-09 19:36:53+00:00,0.8887355359846354,2677.8123464915197
-8.055179,-34.953373,15.8,2022-02-09 19:36:54+00:00,0.8818272849160695,2678.694173776436
-8.055176,-34.953351,15.8,2022-02-09 19:36:55+00:00,2.4476171872738783,2681.14179096371
-8.055175,-34.953342,15.8,2022-02-09 19:36:56+00:00,0.9982013884367693,2682.1399923521467
-8.055173,-34.953334,15.8,2022-02-09 19:36:57+00:00,0.9091453981324412,2683.049137750279
-8.055169,-34.953321,15.8,2022-02-09 19:36:58+00:00,1.4997016679776525,2684.5488394182566
-8.055165,-34.953307,15.7,2022-02-09 19:36:59+00:00,1.6053545794376733,2686.154193997694
-8.055161,-34.953294,15.7,2022-02-09 19:37:00+00:00,1.4997016963673369,2687.6538956940617
-8.055159,-34.95328,15.7,2022-02-09 19:37:01+00:00,1.558969366519909,2689.2128650605814
-8.055156,-34.953266,15.7,2022-02-09 19:37:02+00:00,1.5784622195839928,2690.791327280165
-8.055153,-34.953252,15.7,2022-02-09 19:37:03+00:00,1.5784622304469327,2692.369789510612
-8.05515,-34.953237,15.7,2022-02-09 19:37:04+00:00,1.6863872241431124,2694.056176734755
-8.055148,-34.953222,15.6,2022-02-09 19:37:05+00:00,1.6681559988698897,2695.7243327336246
-8.055146,-34.953206,15.6,2022-02-09 19:37:06+00:00,1.77747121042566,2697.50180394405
-8.055145,-34.953191,15.6,2022-02-09 19:37:07+00:00,1.6571210001437942,2699.158924944194
-8.055143,-34.953176,15.6,2022-02-09 19:37:08+00:00,1.668156020261125,2700.827080964455
-8.05514,-34.953161,15.6,2022-02-09 19:37:09+00:00,1.686387263393876,2702.513468227849
-8.055136,-34.953146,15.6,2022-02-09 19:37:10+00:00,1.7115847937994428,2704.2250530216484
-8.055131,-34.953132,15.6,2022-02-09 19:37:11+00:00,1.6392825108736073,2705.864335532522
-8.055128,-34.953117,15.6,2022-02-09 19:37:12+00:00,1.686387312470827,2707.550722844993
-8.055126,-34.953102,15.5,2022-02-09 19:37:13+00:00,1.6681560868511054,2709.218878931844
-8.055127,-34.953088,15.5,2022-02-09 19:37:14+00:00,1.5471559058346847,2710.7660348376785
-8.05513,-34.953072,15.5,2022-02-09 19:37:15+00:00,1.7945923348435562,2712.560627172522
-8.055133,-34.953058,15.5,2022-02-09 19:37:16+00:00,1.5784623156115363,2714.1390894881333
-8.055134,-34.953044,15.5,2022-02-09 19:37:17+00:00,1.5471558791903401,2715.686245367324
-8.055136,-34.95303,15.5,2022-02-09 19:37:18+00:00,1.5589694594048353,2717.245214826729
-8.055137,-34.953015,15.5,2022-02-09 19:37:19+00:00,1.6571210355442478,2718.902335862273
-8.055138,-34.953001,15.5,2022-02-09 19:37:20+00:00,1.5471558644691266,2720.449491726742
-8.055138,-34.952986,15.5,2022-02-09 19:37:21+00:00,1.6534263250740093,2722.1029180518162
-8.055139,-34.952972,15.5,2022-02-09 19:37:22+00:00,1.5471558616710464,2723.650073913487
-8.055142,-34.952958,15.5,2022-02-09 19:37:23+00:00,1.5784622830228352,2725.22853619651
-8.055147,-34.952946,15.5,2022-02-09 19:37:24+00:00,1.433677504850848,2726.662213701361
-8.055154,-34.952933,15.5,2022-02-09 19:37:25+00:00,1.6287248308926223,2728.2909385322537
-8.055163,-34.952914,15.5,2022-02-09 19:37:26+00:00,2.3188382005667236,2730.6097767328206
-8.055165,-34.952906,15.5,2022-02-09 19:37:27+00:00,0.9091454170412295,2731.5189221498617
-8.055168,-34.952898,15.5,2022-02-09 19:37:28+00:00,0.9421798377458411,2732.4611019876074
-8.055171,-34.952887,15.5,2022-02-09 19:37:29+00:00,1.2570879491112599,2733.7181899367188
-8.055173,-34.952876,15.5,2022-02-09 19:37:30+00:00,1.2325228700345505,2734.9507128067535
-8.055176,-34.952864,15.5,2022-02-09 19:37:31+00:00,1.3637180933279227,2736.3144309000813
-8.05518,-34.952843,15.4,2022-02-09 19:37:32+00:00,2.356689907583826,2738.6711208076654
-8.055182,-34.952835,15.4,2022-02-09 19:37:33+00:00,0.9091453816495934,2739.580266189315
-8.055183,-34.952826,15.4,2022-02-09 19:37:34+00:00,0.9982013723169059,2740.578467561632
-8.055186,-34.952812,15.4,2022-02-09 19:37:35+00:00,1.5784621211117476,2742.156929682744
-8.055189,-34.952799,15.4,2022-02-09 19:37:36+00:00,1.4708788108076407,2743.6278084935516
-8.055192,-34.952784,15.4,2022-02-09 19:37:37+00:00,1.6863870688775515,2745.314195562429
-8.055195,-34.95277,15.4,2022-02-09 19:37:38+00:00,1.578462087464452,2746.8926576498934
-8.055198,-34.952756,15.4,2022-02-09 19:37:39+00:00,1.5784620755425096,2748.471119725436
-8.055199,-34.952742,15.4,2022-02-09 19:37:40+00:00,1.5471556334421876,2750.0182753588783
-8.055201,-34.952727,15.4,2022-02-09 19:37:41+00:00,1.6681557948649635,2751.6864311537433
-8.055201,-34.952712,15.4,2022-02-09 19:37:42+00:00,1.6534260702522203,2753.3398572239958
-8.055202,-34.952697,15.4,2022-02-09 19:37:43+00:00,1.6571207729731259,2754.996977996969
-8.055203,-34.952681,15.4,2022-02-09 19:37:44+00:00,1.767118720997141,2756.764096717966
-8.055203,-34.952666,15.4,2022-02-09 19:37:45+00:00,1.6534260613545226,2758.4175227793203
-8.055202,-34.952651,15.4,2022-02-09 19:37:46+00:00,1.657120767353683,2760.074643546674
-8.055201,-34.952635,15.4,2022-02-09 19:37:47+00:00,1.7671187269676294,2761.8417622736415
-8.055201,-34.95262,15.4,2022-02-09 19:37:48+00:00,1.653426069469,2763.4951883431104
-8.055201,-34.952605,15.4,2022-02-09 19:37:49+00:00,1.6534260702522203,2765.148614413363
-8.0552,-34.95259,15.4,2022-02-09 19:37:50+00:00,1.6571207754164927,2766.805735188779
-8.055199,-34.952575,15.4,2022-02-09 19:37:51+00:00,1.6571207806830164,2768.462855969462
-8.055198,-34.952561,15.3,2022-02-09 19:37:52+00:00,1.5471556334421876,2770.0100116029043
-8.055201,-34.952547,15.3,2022-02-09 19:37:53+00:00,1.5784620653855321,2771.5884736682897
-8.055204,-34.952533,15.3,2022-02-09 19:37:54+00:00,1.5784620541698182,2773.1669357224596
-8.055211,-34.952513,15.3,2022-02-09 19:37:55+00:00,2.3365494837376706,2775.503485206197
-8.055214,-34.952505,15.3,2022-02-09 19:37:56+00:00,0.9421797449317945,2776.445664951129
-8.055218,-34.952497,15.3,2022-02-09 19:37:57+00:00,0.9865713920354129,2777.4322363431643
-8.055223,-34.952476,15.3,2022-02-09 19:37:58+00:00,2.3799305972063074,2779.8121669403704
-8.055226,-34.952468,15.3,2022-02-09 19:37:59+00:00,0.942179719706579,2780.754346660077
-8.055229,-34.95246,15.3,2022-02-09 19:38:00+00:00,0.9421797155177855,2781.6965263755947
-8.055234,-34.952449,15.3,2022-02-09 19:38:01+00:00,1.3326565787377362,2783.0291829543326
-8.055239,-34.952438,15.3,2022-02-09 19:38:02+00:00,1.3326565650829914,2784.3618395194158
-8.055244,-34.952427,15.3,2022-02-09 19:38:03+00:00,1.332656551780999,2785.6944960711967
-8.055246,-34.952407,15.3,2022-02-09 19:38:04+00:00,2.2156365664514177,2787.910132637648
-8.055245,-34.952399,15.3,2022-02-09 19:38:05+00:00,0.8887353947194361,2788.7988680323674
-8.055245,-34.95239,15.3,2022-02-09 19:38:06+00:00,0.9920555345700229,2789.7909235669376
-8.055242,-34.952379,15.3,2022-02-09 19:38:07+00:00,1.2570877364128834,2791.0480113033504
-8.055239,-34.952367,15.3,2022-02-09 19:38:08+00:00,1.3637178865797452,2792.41172918993
-8.055238,-34.952356,15.3,2022-02-09 19:38:09+00:00,1.2175457553385622,2793.6292749452687
-8.055236,-34.952344,15.3,2022-02-09 19:38:10+00:00,1.3411073927764265,2794.970382338045
-8.055236,-34.952332,15.3,2022-02-09 19:38:11+00:00,1.3227407419722872,2796.2931230800173
-8.055235,-34.952321,15.3,2022-02-09 19:38:12+00:00,1.2175457648074806,2797.5106688448245
-8.055235,-34.9523,15.3,2022-02-09 19:38:13+00:00,2.31479630413166,2799.825465148956
-8.055234,-34.952292,15.3,2022-02-09 19:38:14+00:00,0.8887354160873889,2800.7142005650435
-8.055234,-34.952284,15.3,2022-02-09 19:38:15+00:00,0.88182716590367,2801.5960277309473
-8.05523,-34.952261,15.3,2022-02-09 19:38:16+00:00,2.5735602278853147,2804.169587958833
-8.055229,-34.952252,15.3,2022-02-09 19:38:17+00:00,0.9982012576812234,2805.167789216514
-8.055228,-34.952242,15.3,2022-02-09 19:38:18+00:00,1.1078183295113275,2806.275607546025
-8.055228,-34.952226,15.3,2022-02-09 19:38:19+00:00,1.7636543569905407,2808.039261903016
-8.055229,-34.952209,15.3,2022-02-09 19:38:20+00:00,1.8771435913503114,2809.9164054943662
-8.055232,-34.952192,15.3,2022-02-09 19:38:21+00:00,1.903029158351857,2811.819434652718
-8.055235,-34.952174,15.3,2022-02-09 19:38:22+00:00,2.011661104577779,2813.8310957572958
-8.055238,-34.952157,15.3,2022-02-09 19:38:23+00:00,1.9030291306584053,2815.7341248879543
-8.055239,-34.952139,15.3,2022-02-09 19:38:24+00:00,1.9871910704828752,2817.721315958437
-8.055237,-34.952122,15.3,2022-02-09 19:38:25+00:00,1.8868922537982753,2819.6082082122352
-8.055237,-34.952105,15.2,2022-02-09 19:38:26+00:00,1.8738827134569231,2821.4820909256923
-8.055238,-34.952089,15.2,2022-02-09 19:38:27+00:00,1.7671185706084316,2823.249209496301
-8.055238,-34.952073,15.2,2022-02-09 19:38:28+00:00,1.7636543144963832,2825.012863810797
-8.055238,-34.952057,15.2,2022-02-09 19:38:29+00:00,1.7636543137131635,2826.7765181245104
-8.055237,-34.952042,15.2,2022-02-09 19:38:30+00:00,1.6571206271364567,2828.433638751647
-8.055238,-34.952026,15.2,2022-02-09 19:38:31+00:00,1.7671185706084316,2830.2007573222554
-8.05524,-34.952011,15.2,2022-02-09 19:38:32+00:00,1.6681556371174409,2831.8689129593727
-8.055243,-34.95199,15.2,2022-02-09 19:38:33+00:00,2.3384535907552455,2834.207366550128
-8.055244,-34.951981,15.2,2022-02-09 19:38:34+00:00,0.9982012247357877,2835.2055677748635
-8.055246,-34.951972,15.2,2022-02-09 19:38:35+00:00,1.016415346640944,2836.2219831215043
-8.055249,-34.951951,15.2,2022-02-09 19:38:36+00:00,2.3384535578106904,2838.560436679315
-8.05525,-34.951943,15.2,2022-02-09 19:38:37+00:00,0.8887353841902084,2839.449172063505
-8.055251,-34.951935,15.2,2022-02-09 19:38:38+00:00,0.8887353824401493,2840.3379074459453
-8.055251,-34.951913,15.2,2022-02-09 19:38:39+00:00,2.425024604878299,2842.7629320508236
-8.055251,-34.951904,15.2,2022-02-09 19:38:40+00:00,0.9920555199638805,2843.7549875707873
-8.055251,-34.951895,15.2,2022-02-09 19:38:41+00:00,0.9920555199638805,2844.747043090751
-8.05525,-34.951881,15.2,2022-02-09 19:38:42+00:00,1.5471554371260088,2846.294198527877
-8.055249,-34.951867,15.2,2022-02-09 19:38:43+00:00,1.5471554413356765,2847.841353969213
-8.055248,-34.951853,15.2,2022-02-09 19:38:44+00:00,1.5471554455452938,2849.388509414758
-8.055247,-34.951839,15.2,2022-02-09 19:38:45+00:00,1.5471554490491428,2850.9356648638072
-8.055246,-34.951824,15.2,2022-02-09 19:38:46+00:00,1.6571205892657501,2852.592785453073
-8.055246,-34.951808,15.1,2022-02-09 19:38:47+00:00,1.7636542798744421,2854.3564397329474
-8.055248,-34.951792,15.1,2022-02-09 19:38:48+00:00,1.7774707810125616,2856.13391051396
-8.055249,-34.951775,15.1,2022-02-09 19:38:49+00:00,1.8771434991478957,2858.0110540131077
-8.055249,-34.951759,15.1,2022-02-09 19:38:50+00:00,1.7636542661079861,2859.7747082792157
-8.055249,-34.951742,15.1,2022-02-09 19:38:51+00:00,1.8738826582781989,2861.6485909374937
-8.055249,-34.951727,15.1,2022-02-09 19:38:52+00:00,1.6534258755042128,2863.302016812998
-8.055252,-34.951711,15.1,2022-02-09 19:38:53+00:00,1.794591817168982,2865.096608630167
-8.055256,-34.951697,15.1,2022-02-09 19:38:54+00:00,1.6053542619800423,2866.701962892147
-8.05526,-34.951682,15.1,2022-02-09 19:38:55+00:00,1.7115843242517537,2868.413547216399
-8.055269,-34.951667,15.1,2022-02-09 19:38:56+00:00,1.9299139561862544,2870.343461172585
-8.055278,-34.951652,15.1,2022-02-09 19:38:57+00:00,1.9299139243543395,2872.2733750969396
-8.055286,-34.951636,15.1,2022-02-09 19:38:58+00:00,1.973142529628976,2874.2465176265687
-8.055294,-34.95162,15.1,2022-02-09 19:38:59+00:00,1.973142499535833,2876.2196601261044
-8.055298,-34.951603,15.1,2022-02-09 19:39:00+00:00,1.9253932844662123,2878.1450534105707
-8.055302,-34.951586,15.1,2022-02-09 19:39:01+00:00,1.9253932658877249,2880.0704466764582
-8.055305,-34.951569,15.1,2022-02-09 19:39:02+00:00,1.9030288274724376,2881.973475503931
-8.055309,-34.951553,15.1,2022-02-09 19:39:03+00:00,1.8182902355554724,2883.7917657394864
-8.055314,-34.951536,15.1,2022-02-09 19:39:04+00:00,1.9537713463683333,2885.7455370858547
-8.055318,-34.951519,15.1,2022-02-09 19:39:05+00:00,1.9253931947495022,2887.6709302806044
-8.055322,-34.951503,15.1,2022-02-09 19:39:06+00:00,1.8182901812401944,2889.4892204618445
-8.055326,-34.951487,15.0,2022-02-09 19:39:07+00:00,1.8182901644192522,2891.3075106262636
-8.055329,-34.951471,15.0,2022-02-09 19:39:08+00:00,1.7945914905122733,2893.1021021167758
-8.055331,-34.951455,15.0,2022-02-09 19:39:09+00:00,1.7774704238056755,2894.8795725405816
-8.055332,-34.951439,15.0,2022-02-09 19:39:10+00:00,1.7671181642976108,2896.6466907048793
-8.055335,-34.951423,15.0,2022-02-09 19:39:11+00:00,1.7945914642198721,2898.4412821690994
-8.055338,-34.951407,15.0,2022-02-09 19:39:12+00:00,1.794591449485521,2900.2358736185847
-8.055337,-34.951391,15.0,2022-02-09 19:39:13+00:00,1.7671181387082513,2902.002991757293
-8.055333,-34.951376,15.0,2022-02-09 19:39:14+00:00,1.7115840221940002,2903.714575779487
-8.055327,-34.95136,15.0,2022-02-09 19:39:15+00:00,1.8843590156349046,2905.5989347951217
-8.055324,-34.951344,15.0,2022-02-09 19:39:16+00:00,1.7945914978648951,2907.3935262929867
-8.055324,-34.951327,15.0,2022-02-09 19:39:17+00:00,1.8738823134093197,2909.267408606396
-8.055323,-34.95131,15.0,2022-02-09 19:39:18+00:00,1.877143155241612,2911.144551761638
-8.05532,-34.951293,15.0,2022-02-09 19:39:19+00:00,1.9030287454506452,2913.0475805070887
-8.055316,-34.951278,15.0,2022-02-09 19:39:20+00:00,1.7115840880660997,2914.7591645951547
-8.055313,-34.951262,15.0,2022-02-09 19:39:21+00:00,1.7945915451855028,2916.5537561403403
-8.055313,-34.951246,15.0,2022-02-09 19:39:22+00:00,1.7636539899143489,2918.3174101302548
-8.055314,-34.95123,15.0,2022-02-09 19:39:23+00:00,1.7671182414185416,2920.0845283716735
-8.055316,-34.951214,15.0,2022-02-09 19:39:24+00:00,1.7774704890115323,2921.861998860685
-8.055318,-34.951199,15.0,2022-02-09 19:39:25+00:00,1.6681553240928972,2923.530154184778
-8.055322,-34.951184,15.0,2022-02-09 19:39:26+00:00,1.7115840810640053,2925.241738265842
-8.055329,-34.95117,15.0,2022-02-09 19:39:27+00:00,1.7264995671773427,2926.968237833019
-8.055335,-34.951158,15.0,2022-02-09 19:39:28+00:00,1.4798567531173792,2928.4480945861364
-8.05534,-34.951145,15.0,2022-02-09 19:39:29+00:00,1.5359644721544434,2929.9840590582908
-8.055341,-34.951134,15.0,2022-02-09 19:39:30+00:00,1.217545454216264,2931.201604512507
-8.055342,-34.951122,15.0,2022-02-09 19:39:31+00:00,1.3273558916364405,2932.528960404143
-8.055343,-34.95111,15.0,2022-02-09 19:39:32+00:00,1.3273558867174453,2933.856316290861
-8.055349,-34.95109,15.0,2022-02-09 19:39:33+00:00,2.3022707874991166,2936.15858707836
-8.055352,-34.951082,15.0,2022-02-09 19:39:34+00:00,0.9421794664889045,2937.100766544849
-8.055355,-34.951074,15.0,2022-02-09 19:39:35+00:00,0.9421794612416489,2938.042946006091
-8.055363,-34.951062,15.0,2022-02-09 19:39:36+00:00,1.5913697223834222,2939.634315728474
-8.055373,-34.951051,15.0,2022-02-09 19:39:37+00:00,1.6411381980416428,2941.2754539265156
-8.055384,-34.95104,15.0,2022-02-09 19:39:38+00:00,1.7176134240055931,2942.9930673505214
-8.055396,-34.951032,15.0,2022-02-09 19:39:39+00:00,1.593409431901955,2944.5864767824232
-8.055408,-34.951023,15.0,2022-02-09 19:39:40+00:00,1.6569576006034736,2946.243434383027
-8.055419,-34.951014,15.0,2022-02-09 19:39:41+00:00,1.5697719848402747,2947.813206367867
-8.055428,-34.951004,15.0,2022-02-09 19:39:42+00:00,1.4851867790976225,2949.298393146965
-8.055437,-34.950993,15.0,2022-02-09 19:39:43+00:00,1.568736991818648,2950.8671301387835
-8.055445,-34.950981,15.0,2022-02-09 19:39:44+00:00,1.5913695037642561,2952.458499642548
-8.055454,-34.950969,15.0,2022-02-09 19:39:45+00:00,1.6554130042683706,2954.113912646816
-8.055461,-34.950956,15.0,2022-02-09 19:39:46+00:00,1.6287238872449425,2955.742636534061
-8.055467,-34.950942,15.0,2022-02-09 19:39:47+00:00,1.679818361328173,2957.4224548953894
-8.055471,-34.950926,15.0,2022-02-09 19:39:48+00:00,1.8182895560700896,2959.2407444514592
-8.055472,-34.950909,15.0,2022-02-09 19:39:49+00:00,1.8771424747790226,2961.1178869262385
-8.055471,-34.950893,15.0,2022-02-09 19:39:50+00:00,1.7671175588610686,2962.8850044850997
-8.055469,-34.950876,15.0,2022-02-09 19:39:51+00:00,1.8868911948034564,2964.771895679903
-8.055467,-34.95086,15.0,2022-02-09 19:39:52+00:00,1.7774698328036194,2966.5493655127066
-8.055465,-34.950844,15.0,2022-02-09 19:39:53+00:00,1.7774698408624983,2968.326835353569
-8.055464,-34.950827,14.9,2022-02-09 19:39:54+00:00,1.8771425077380024,2970.203977861307
-8.055463,-34.950813,14.9,2022-02-09 19:39:55+00:00,1.5471546336363435,2971.7511324949432
-8.055464,-34.950799,14.9,2022-02-09 19:39:56+00:00,1.5471546318718727,2973.298287126815
-8.055464,-34.950784,14.9,2022-02-09 19:39:57+00:00,1.6534250031812792,2974.9517121299964
-8.055464,-34.950769,14.9,2022-02-09 19:39:58+00:00,1.6534250023980601,2976.6051371323942
-8.055462,-34.950753,14.9,2022-02-09 19:39:59+00:00,1.7774698534802849,2978.3826069858746
-8.055459,-34.950738,14.9,2022-02-09 19:40:00+00:00,1.6863859956987475,2980.0689929815735
-8.055457,-34.950722,14.9,2022-02-09 19:40:01+00:00,1.777469874862698,2981.846462856436
-8.055457,-34.950706,14.9,2022-02-09 19:40:02+00:00,1.763653366708424,2983.6101162231444
-8.055456,-34.95069,14.9,2022-02-09 19:40:03+00:00,1.7671176226579934,2985.3772338458025
-8.055454,-34.950674,14.9,2022-02-09 19:40:04+00:00,1.7774698874804076,2987.154703733283
-8.055453,-34.950659,14.9,2022-02-09 19:40:05+00:00,1.657119752469657,2988.8118234857525
-8.055453,-34.950644,14.9,2022-02-09 19:40:06+00:00,1.6534250478123156,2990.4652485335646
-8.055454,-34.95063,14.9,2022-02-09 19:40:07+00:00,1.5471546711451238,2992.0124032047097
-8.055451,-34.950608,14.9,2022-02-09 19:40:08+00:00,2.4476155653470966,2994.4600187700566
-8.055448,-34.9506,14.9,2022-02-09 19:40:09+00:00,0.9421792661462902,2995.402198036203
-8.055445,-34.950591,14.9,2022-02-09 19:40:10+00:00,1.046067231496621,2996.4482652676998
-8.055438,-34.950571,14.9,2022-02-09 19:40:11+00:00,2.3365482934691864,2998.784813561169
-8.055436,-34.950563,14.9,2022-02-09 19:40:12+00:00,0.9091448440838543,2999.693958405253
-8.055434,-34.950555,14.9,2022-02-09 19:40:13+00:00,0.9091448500534259,3000.6031032553065
-8.055431,-34.950542,14.9,2022-02-09 19:40:14+00:00,1.4708779728811132,3002.0739812281877
-8.055426,-34.950528,14.9,2022-02-09 19:40:15+00:00,1.6392814625027765,3003.7132626906905
-8.055419,-34.950515,14.9,2022-02-09 19:40:16+00:00,1.628723994306023,3005.3419866849963
-8.05541,-34.950504,15.0,2022-02-09 19:40:17+00:00,1.568737032825957,3006.9107237178223
-8.0554,-34.950493,15.0,2022-02-09 19:40:18+00:00,1.6411381180368079,3008.551861835859
-8.055388,-34.950484,15.0,2022-02-09 19:40:19+00:00,1.6569576116817741,3010.208819447541
-8.055377,-34.950474,15.0,2022-02-09 19:40:20+00:00,1.64165762215663,3011.8504770696977
-8.055368,-34.950464,15.0,2022-02-09 19:40:21+00:00,1.4851868798564127,3013.335663949554
-8.055358,-34.950454,15.0,2022-02-09 19:40:22+00:00,1.5614667773193578,3014.8971307268735
-8.05535,-34.950443,15.0,2022-02-09 19:40:23+00:00,1.500999973607544,3016.398130700481
-8.05534,-34.950424,15.0,2022-02-09 19:40:24+00:00,2.368418243147947,3018.766548943629
-8.055337,-34.950416,15.0,2022-02-09 19:40:25+00:00,0.9421794906555403,3019.7087284342847
-8.055334,-34.950408,15.0,2022-02-09 19:40:26+00:00,0.94217949590304,3020.6509079301877
-8.055333,-34.950394,15.0,2022-02-09 19:40:27+00:00,1.547155124426717,3022.1980630546145
-8.055334,-34.95038,15.0,2022-02-09 19:40:28+00:00,1.547155124426717,3023.7452181790413
-8.055336,-34.950366,15.0,2022-02-09 19:40:29+00:00,1.55896871138445,3025.3041868904256
-8.055337,-34.950352,15.0,2022-02-09 19:40:30+00:00,1.5471551128564713,3026.8513420032823
-8.055338,-34.950337,15.0,2022-02-09 19:40:31+00:00,1.6571202222307808,3028.508462225513
-8.055337,-34.950324,15.0,2022-02-09 19:40:32+00:00,1.4372303280049272,3029.945692553518
-8.055333,-34.950302,15.0,2022-02-09 19:40:33+00:00,2.465044787770995,3032.410737341289
-8.055331,-34.950293,15.0,2022-02-09 19:40:34+00:00,1.016415139161455,3033.4271524804503
-8.055328,-34.950285,15.0,2022-02-09 19:40:35+00:00,0.9421795088684232,3034.3693319893187
-8.055317,-34.950265,15.0,2022-02-09 19:40:36+00:00,2.5179611354765936,3036.887293124795
-8.055312,-34.950258,15.0,2022-02-09 19:40:37+00:00,0.9492901358912885,3037.8365832606864
-8.055307,-34.95025,15.0,2022-02-09 19:40:38+00:00,1.0408680014388343,3038.8774512621253
-8.0553,-34.950238,15.0,2022-02-09 19:40:39+00:00,1.53264009670076,3040.410091358826
-8.055293,-34.950225,15.0,2022-02-09 19:40:40+00:00,1.628724382338234,3042.038815741164
-8.055287,-34.950211,15.0,2022-02-09 19:40:41+00:00,1.6798189646252433,3043.718634705789
-8.055281,-34.950197,15.0,2022-02-09 19:40:42+00:00,1.6798189859887747,3045.398453691778
-8.055276,-34.950183,15.0,2022-02-09 19:40:43+00:00,1.639281995973444,3047.037735687751
-8.055271,-34.950168,15.0,2022-02-09 19:40:44+00:00,1.743446050259575,3048.7811817380107
-8.055267,-34.950154,15.0,2022-02-09 19:40:45+00:00,1.6053542066133137,3050.386535944624
-8.055262,-34.950138,15.0,2022-02-09 19:40:46+00:00,1.8483136826085276,3052.2348496272325
-8.055257,-34.950124,15.0,2022-02-09 19:40:47+00:00,1.639282063577139,3053.8741316908095
-8.055252,-34.950109,15.0,2022-02-09 19:40:48+00:00,1.7434461227714666,3055.6175778135807
-8.055246,-34.950095,15.0,2022-02-09 19:40:49+00:00,1.6798191064306458,3057.2973969200116
-8.055237,-34.950083,15.0,2022-02-09 19:40:50+00:00,1.6554135377306003,3058.952810457742
-8.055227,-34.950073,15.0,2022-02-09 19:40:51+00:00,1.561467022793662,3060.514277480536
-8.055216,-34.950064,15.0,2022-02-09 19:40:52+00:00,1.5697722723263745,3062.084049752862
-8.055204,-34.950054,15.0,2022-02-09 19:40:53+00:00,1.725214507049038,3063.8092642599113
-8.055192,-34.950045,15.0,2022-02-09 19:40:54+00:00,1.656957887319418,3065.466222147231
-8.05518,-34.950035,15.1,2022-02-09 19:40:55+00:00,1.7252145480192915,3067.19143669525
-8.055168,-34.950026,15.1,2022-02-09 19:40:56+00:00,1.656957920905545,3068.8483946161555
-8.055157,-34.950017,15.1,2022-02-09 19:40:57+00:00,1.5697723597546327,3070.41816697591
-8.055146,-34.950008,15.1,2022-02-09 19:40:58+00:00,1.569772376589602,3071.9879393525
-8.055128,-34.949994,15.1,2022-02-09 19:40:59+00:00,2.51882186242989,3074.5067612149296
-8.055121,-34.949989,15.1,2022-02-09 19:41:00+00:00,0.9503161622584146,3075.457077377188
-8.055114,-34.949983,15.1,2022-02-09 19:41:01+00:00,1.0182112683670168,3076.475288645555
-8.055102,-34.949976,15.1,2022-02-09 19:41:02+00:00,1.5351547298367714,3078.010443375392
-8.055091,-34.949969,15.1,2022-02-09 19:41:03+00:00,1.440616441936968,3079.4510598173288
-8.055071,-34.949959,15.1,2022-02-09 19:41:04+00:00,2.4713615844605648,3081.9224214017895
-8.055063,-34.949955,15.1,2022-02-09 19:41:05+00:00,0.9885446401588676,3082.9109660419485
-8.055055,-34.949951,15.1,2022-02-09 19:41:06+00:00,0.9885446439126754,3083.899510685861
-8.055043,-34.949944,15.1,2022-02-09 19:41:07+00:00,1.5351547823613965,3085.4346654682226
-8.055031,-34.949938,15.1,2022-02-09 19:41:08+00:00,1.4828169800735966,3086.917482448296
-8.055019,-34.949931,15.1,2022-02-09 19:41:09+00:00,1.5351548043490122,3088.452637252645
-8.055006,-34.949923,15.1,2022-02-09 19:41:10+00:00,1.6866363919726313,3090.139273644618
-8.054994,-34.949915,15.1,2022-02-09 19:41:11+00:00,1.5934098781186996,3091.7326835227364
-8.054981,-34.949909,15.1,2022-02-09 19:41:12+00:00,1.5825718370041815,3093.3152553597406
-8.054967,-34.949903,15.1,2022-02-09 19:41:13+00:00,1.6836816675030852,3094.9989370272438
-8.054953,-34.9499,15.1,2022-02-09 19:41:14+00:00,1.583264179943402,3096.582201207187
-8.054939,-34.949897,15.1,2022-02-09 19:41:15+00:00,1.5832641813476023,3098.165465388535
-8.054924,-34.949894,15.1,2022-02-09 19:41:16+00:00,1.6915787792118384,3099.8570441677466
-8.054911,-34.94989,15.1,2022-02-09 19:41:17+00:00,1.5038375552905028,3101.360881723037
-8.054897,-34.949884,15.1,2022-02-09 19:41:18+00:00,1.6836817072336232,3103.0445634302705
-8.054884,-34.949878,15.1,2022-02-09 19:41:19+00:00,1.5825718968017672,3104.627135327072
-8.054871,-34.949872,15.1,2022-02-09 19:41:20+00:00,1.5825719049369305,3106.2097072320094
-8.054853,-34.94986,15.1,2022-02-09 19:41:21+00:00,2.390115053474824,3108.599822285484
-8.054847,-34.949855,15.1,2022-02-09 19:41:22+00:00,0.862607555859993,3109.462429841344
-8.05484,-34.94985,15.1,2022-02-09 19:41:23+00:00,0.9503163749587188,3110.412746216303
-8.05483,-34.949844,15.1,2022-02-09 19:41:24+00:00,1.2886275299233012,3111.701373746226
-8.054819,-34.949839,15.1,2022-02-09 19:41:25+00:00,1.3355780481082722,3113.0369517943345
-8.054808,-34.949834,15.1,2022-02-09 19:41:26+00:00,1.3355780531640984,3114.3725298474988
-8.05479,-34.949825,15.1,2022-02-09 19:41:27+00:00,2.2242257082003642,3116.596755555699
-8.054783,-34.94982,15.1,2022-02-09 19:41:28+00:00,0.950316416957533,3117.5470719726563
-8.054775,-34.949816,15.1,2022-02-09 19:41:29+00:00,0.9885447685847313,3118.535616741241
-8.054766,-34.949805,15.1,2022-02-09 19:41:30+00:00,1.568738494189498,3120.1043552354304
-8.054755,-34.949794,15.1,2022-02-09 19:41:31+00:00,1.717614695917086,3121.8219699313477
-8.054744,-34.949785,15.1,2022-02-09 19:41:32+00:00,1.5697729758066128,3123.3917429071544
-8.054732,-34.949777,15.1,2022-02-09 19:41:33+00:00,1.5934101774856335,3124.98515308464
-8.054713,-34.949765,15.1,2022-02-09 19:41:34+00:00,2.482985368832516,3127.4681384534724
-8.054706,-34.949761,15.1,2022-02-09 19:41:35+00:00,0.8909256022648832,3128.3590640557372
-8.054698,-34.949756,15.1,2022-02-09 19:41:36+00:00,1.0423885095993992,3129.4014525653365
-8.054687,-34.949748,15.1,2022-02-09 19:41:37+00:00,1.502541789120833,3130.903994354457
-8.054675,-34.94974,15.1,2022-02-09 19:41:38+00:00,1.593410242887455,3132.4974045973445
-8.054663,-34.949733,15.1,2022-02-09 19:41:39+00:00,1.5351551227978137,3134.032559720142
-8.054651,-34.949727,15.1,2022-02-09 19:41:40+00:00,1.482817232961707,3135.515376953104
-8.054631,-34.949717,15.1,2022-02-09 19:41:41+00:00,2.471362073057825,3137.9867390261616
-8.054624,-34.949712,15.1,2022-02-09 19:41:42+00:00,0.9503165378442553,3138.9370555640057
-8.054617,-34.949708,15.1,2022-02-09 19:41:43+00:00,0.8909256466793497,3139.8279812106853
-8.054599,-34.949695,15.1,2022-02-09 19:41:44+00:00,2.452837227907453,3142.2808184385926
-8.054591,-34.949691,15.1,2022-02-09 19:41:45+00:00,0.9885448498005631,3143.2693632883934
-8.054584,-34.949687,15.1,2022-02-09 19:41:46+00:00,0.89092566402316,3144.1602889524165
-8.05457,-34.949687,15.1,2022-02-09 19:41:47+00:00,1.548345095382722,3145.708634047799
-8.054556,-34.949688,15.1,2022-02-09 19:41:48+00:00,1.5522637886841206,3147.2608978364833
-8.054535,-34.949684,15.1,2022-02-09 19:41:49+00:00,2.363999498589158,3149.6248973350725
-8.054527,-34.949681,15.2,2022-02-09 19:41:50+00:00,0.944546763355405,3150.569444098428
-8.054519,-34.949678,15.2,2022-02-09 19:41:51+00:00,0.9445467648210566,3151.513990863249
-8.054505,-34.949674,15.2,2022-02-09 19:41:52+00:00,1.6098999954810778,3153.12389085873
-8.054491,-34.949671,15.2,2022-02-09 19:41:53+00:00,1.583264224194379,3154.7071550829246
-8.054477,-34.949668,15.2,2022-02-09 19:41:54+00:00,1.5832642252471876,3156.2904193081717
-8.054464,-34.949663,15.2,2022-02-09 19:41:55+00:00,1.5397664868632475,3157.830185795035
-8.054452,-34.949656,15.2,2022-02-09 19:41:56+00:00,1.5351553121679573,3159.365341107203
-8.05444,-34.949648,15.2,2022-02-09 19:41:57+00:00,1.5934105110145502,3160.958751618218
-8.054428,-34.94964,15.2,2022-02-09 19:41:58+00:00,1.5934105253501842,3162.552162143568
-8.054415,-34.949632,15.2,2022-02-09 19:41:59+00:00,1.686637025666707,3164.2387991692344
-8.054401,-34.949626,15.2,2022-02-09 19:42:00+00:00,1.6836819887142933,3165.922481157949
-8.054387,-34.94962,15.2,2022-02-09 19:42:01+00:00,1.6836819971551333,3167.606163155104
-8.054372,-34.949615,15.2,2022-02-09 19:42:02+00:00,1.7480973997985585,3169.3542605549023
-8.054358,-34.949609,15.2,2022-02-09 19:42:03+00:00,1.6836820131260644,3171.0379425680285
-8.054345,-34.949602,15.2,2022-02-09 19:42:04+00:00,1.6317136490166257,3172.669656217045
-8.054331,-34.949593,15.2,2022-02-09 19:42:05+00:00,1.8388994107249201,3174.50855562777
-8.054319,-34.949585,15.2,2022-02-09 19:42:06+00:00,1.5934106497526197,3176.1019662775225
-8.054306,-34.949575,15.2,2022-02-09 19:42:07+00:00,1.8116725971891892,3177.9136388747115
-8.054294,-34.949565,15.2,2022-02-09 19:42:08+00:00,1.7252160348590981,3179.6388549095705
-8.054282,-34.949555,15.2,2022-02-09 19:42:09+00:00,1.7252160551676856,3181.364070964738
-8.05427,-34.949545,15.2,2022-02-09 19:42:10+00:00,1.7252160745943534,3183.0892870393322
-8.054258,-34.949534,15.2,2022-02-09 19:42:11+00:00,1.7976451467346513,3184.886932186067
-8.054246,-34.949525,15.2,2022-02-09 19:42:12+00:00,1.656959217196651,3186.543891403264
-8.054235,-34.949517,15.2,2022-02-09 19:42:13+00:00,1.502542341506071,3188.0464337447697
-8.054218,-34.949504,15.2,2022-02-09 19:42:14+00:00,2.363961070165788,3190.4103948149354
-8.054212,-34.949499,15.2,2022-02-09 19:42:15+00:00,0.8626080886725224,3191.273002903608
-8.054206,-34.949494,15.2,2022-02-09 19:42:16+00:00,0.8626080937053341,3192.135610997313
-8.054196,-34.949487,15.2,2022-02-09 19:42:17+00:00,1.3485239663816453,3193.4841349636945
-8.054186,-34.94948,15.2,2022-02-09 19:42:18+00:00,1.3485239763970103,3194.8326589400913
-8.054178,-34.949474,15.2,2022-02-09 19:42:19+00:00,1.1046395435151588,3195.9372984836064
-8.054168,-34.949467,15.2,2022-02-09 19:42:20+00:00,1.3485239954125838,3197.285822479019
-8.054158,-34.949461,15.2,2022-02-09 19:42:21+00:00,1.2886280588116539,3198.5744505378307
-8.054148,-34.949454,15.2,2022-02-09 19:42:22+00:00,1.3485240156196157,3199.9229745534503
-8.05413,-34.949441,15.2,2022-02-09 19:42:23+00:00,2.4528381543079067,3202.375812707758
-8.054123,-34.949436,15.2,2022-02-09 19:42:24+00:00,0.9503169151330934,3203.326129622891
-8.054116,-34.949431,15.2,2022-02-09 19:42:25+00:00,0.9503169203184414,3204.2764465432097
-8.054104,-34.949423,15.2,2022-02-09 19:42:26+00:00,1.5934108952834036,3205.869857438493
-8.054092,-34.949416,15.2,2022-02-09 19:42:27+00:00,1.535155634576238,3207.4050130730693
-8.054079,-34.949411,15.2,2022-02-09 19:42:28+00:00,1.5397666477013692,3208.944779720771
-8.054066,-34.949404,15.2,2022-02-09 19:42:29+00:00,1.6317138812517642,3210.5764936020228
-8.054054,-34.949396,15.2,2022-02-09 19:42:30+00:00,1.5934109527481828,3212.169904554771
-8.054042,-34.949386,15.2,2022-02-09 19:42:31+00:00,1.7252164579892983,3213.8951210127607
-8.05403,-34.949377,15.2,2022-02-09 19:42:32+00:00,1.6569595207056123,3215.5520805334663
-8.054016,-34.94937,15.2,2022-02-09 19:42:33+00:00,1.7299539311067318,3217.282034464573
-8.054,-34.949364,15.2,2022-02-09 19:42:34+00:00,1.8890937813639428,3219.171128245937
-8.053985,-34.949359,15.2,2022-02-09 19:42:35+00:00,1.7480975351061836,3220.919225781043
-8.05397,-34.949353,15.2,2022-02-09 19:42:36+00:00,1.7859168865696318,3222.705142667613
-8.053954,-34.949347,15.2,2022-02-09 19:42:37+00:00,1.8890938039519274,3224.5942364715647
-8.053939,-34.949341,15.2,2022-02-09 19:42:38+00:00,1.7859169029640314,3226.3801533745286
-8.053925,-34.949335,15.2,2022-02-09 19:42:39+00:00,1.683682259095982,3228.0638356336244
-8.053912,-34.949328,15.2,2022-02-09 19:42:40+00:00,1.6317140091603077,3229.695549642785
-8.053898,-34.94932,15.2,2022-02-09 19:42:41+00:00,1.7818520139438503,3231.477401656729
-8.053885,-34.949314,15.2,2022-02-09 19:42:42+00:00,1.5825725109680808,3233.059974167697
-8.053872,-34.949307,15.2,2022-02-09 19:42:43+00:00,1.6317140426857601,3234.691688210383
-8.053858,-34.9493,15.2,2022-02-09 19:42:44+00:00,1.7299540540701785,3236.421642264453
-8.053844,-34.949293,15.2,2022-02-09 19:42:45+00:00,1.729954065323289,3238.1515963297766
-8.05383,-34.949287,15.2,2022-02-09 19:42:46+00:00,1.6836823134955217,3239.835278643272
-8.053816,-34.949282,15.2,2022-02-09 19:42:47+00:00,1.643512075288656,3241.4787907185605
-8.053802,-34.949276,15.2,2022-02-09 19:42:48+00:00,1.6836823293172811,3243.162473047878
-8.053788,-34.949271,15.2,2022-02-09 19:42:49+00:00,1.643512085835411,3244.8059851337134
-8.053775,-34.949267,15.2,2022-02-09 19:42:50+00:00,1.503837840259793,3246.309822973973
-8.053761,-34.949264,15.3,2022-02-09 19:42:51+00:00,1.583264293681248,3247.893087267654
-8.053747,-34.949259,15.3,2022-02-09 19:42:52+00:00,1.643512102210979,3249.536599369865
-8.053734,-34.949253,15.3,2022-02-09 19:42:53+00:00,1.5825726032575957,3251.119171973123
-8.053721,-34.949246,15.3,2022-02-09 19:42:54+00:00,1.6317141685569803,3252.7508861416795
-8.053709,-34.949239,15.3,2022-02-09 19:42:55+00:00,1.5351559777618808,3254.2860421194414
-8.053697,-34.949231,15.3,2022-02-09 19:42:56+00:00,1.5934113611769436,3255.8794534806184
-8.053684,-34.949223,15.3,2022-02-09 19:42:57+00:00,1.686637807983732,3257.566091288602
-8.053672,-34.949215,15.3,2022-02-09 19:42:58+00:00,1.5934113901746656,3259.159502678777
-8.05366,-34.949208,15.3,2022-02-09 19:42:59+00:00,1.5351560217135065,3260.6946587004904
-8.053647,-34.949201,15.3,2022-02-09 19:43:00+00:00,1.6317142301208516,3262.3263729306113
-8.053633,-34.949193,15.3,2022-02-09 19:43:01+00:00,1.7818522803117527,3264.108225210923
-8.05362,-34.949186,15.3,2022-02-09 19:43:02+00:00,1.6317142532268085,3265.7399394641498
-8.053607,-34.949179,15.3,2022-02-09 19:43:03+00:00,1.6317142636462205,3267.371653727796
-8.053594,-34.949171,15.3,2022-02-09 19:43:04+00:00,1.6866379052161748,3269.0582916330122
-8.053581,-34.949163,15.3,2022-02-09 19:43:05+00:00,1.6866379187997567,3270.7449295518118
-8.053569,-34.949154,15.3,2022-02-09 19:43:06+00:00,1.6569601685880049,3272.4018897203996
-8.053555,-34.949145,15.3,2022-02-09 19:43:07+00:00,1.8389003806367634,3274.2407901010365
-8.053542,-34.949137,15.3,2022-02-09 19:43:08+00:00,1.6866379609628865,3275.9274280619993
-8.053529,-34.94913,15.3,2022-02-09 19:43:09+00:00,1.6317143289859715,3277.5591423909855
-8.053517,-34.949122,15.3,2022-02-09 19:43:10+00:00,1.593411566852844,3279.1525539578383
-8.053504,-34.949114,15.3,2022-02-09 19:43:11+00:00,1.6866380013897242,3280.839191959228
-8.053493,-34.949106,15.3,2022-02-09 19:43:12+00:00,1.5025432483678574,3282.3417352075962
-8.053481,-34.949097,15.3,2022-02-09 19:43:13+00:00,1.656960292383877,3283.99869549998
-8.053469,-34.949087,15.3,2022-02-09 19:43:14+00:00,1.7252174198335688,3285.7239129198133
-8.053456,-34.949079,15.3,2022-02-09 19:43:15+00:00,1.6866380528341163,3287.4105509726473
-8.053444,-34.949071,15.3,2022-02-09 19:43:16+00:00,1.593411650014497,3289.0039626226617
-8.053431,-34.949064,15.3,2022-02-09 19:43:17+00:00,1.631714410735593,3290.6356770333973
-8.053418,-34.949059,15.3,2022-02-09 19:43:18+00:00,1.539766924457794,3292.175443957855
-8.053404,-34.949054,15.3,2022-02-09 19:43:19+00:00,1.6435122329955822,3293.8189561908503
-8.05339,-34.949048,15.3,2022-02-09 19:43:20+00:00,1.6836825635106294,3295.5026387543608
-8.053377,-34.949043,15.3,2022-02-09 19:43:21+00:00,1.5397669416078064,3297.0424056959687
-8.053364,-34.949039,15.3,2022-02-09 19:43:22+00:00,1.503837943167067,3298.546243639136
-8.053351,-34.949034,15.3,2022-02-09 19:43:23+00:00,1.5397669526047153,3300.0860105917404
-8.053338,-34.949028,15.3,2022-02-09 19:43:24+00:00,1.5825728468296218,3301.66858343857
-8.053326,-34.949022,15.3,2022-02-09 19:43:25+00:00,1.4828181154605657,3303.1514015540306
-8.053314,-34.949016,15.3,2022-02-09 19:43:26+00:00,1.4828181236405908,3304.6342196776714
-8.053301,-34.94901,15.3,2022-02-09 19:43:27+00:00,1.5825728695245822,3306.216792547196
-8.053281,-34.949,15.4,2022-02-09 19:43:28+00:00,2.471363571883291,3308.688156119079
-8.053273,-34.948997,15.4,2022-02-09 19:43:29+00:00,0.9445470688166374,3309.6327031878955
-8.053265,-34.948994,15.4,2022-02-09 19:43:30+00:00,0.9445470708120244,3310.5772502587074
-8.053246,-34.948985,15.4,2022-02-09 19:43:31+00:00,2.3237366510020805,3312.9009869097094
-8.053239,-34.948981,15.4,2022-02-09 19:43:32+00:00,0.890926339976298,3313.791913249686
-8.053231,-34.948977,15.4,2022-02-09 19:43:33+00:00,0.9885454535110885,3314.780458703197
-8.053215,-34.948965,15.4,2022-02-09 19:43:34+00:00,2.2092808849119723,3316.989739588109
-8.053208,-34.948959,15.4,2022-02-09 19:43:35+00:00,1.0182132224637575,3318.0079528105725
-8.053202,-34.948954,15.4,2022-02-09 19:43:36+00:00,0.8626089363161711,3318.8705617468886
-8.053193,-34.948943,15.4,2022-02-09 19:43:37+00:00,1.568742063057185,3320.4393038099456
-8.053185,-34.948931,15.4,2022-02-09 19:43:38+00:00,1.591375524616127,3322.0306793345617
-8.053175,-34.94892,15.4,2022-02-09 19:43:39+00:00,1.6411429280708147,3323.6718222626323
-8.053164,-34.948909,15.4,2022-02-09 19:43:40+00:00,1.7176179704081873,3325.3894402330407
-8.053153,-34.948899,15.4,2022-02-09 19:43:41+00:00,1.6416615635500214,3327.0311017965905
-8.053141,-34.94889,15.4,2022-02-09 19:43:42+00:00,1.6569607698929778,3328.6880625664835
-8.053128,-34.948882,15.4,2022-02-09 19:43:43+00:00,1.6866384047012042,3330.3747009711847
-8.053115,-34.948876,15.4,2022-02-09 19:43:44+00:00,1.5825729836780538,3331.9572739548626
-8.053102,-34.948871,15.4,2022-02-09 19:43:45+00:00,1.5397670568464106,3333.497041011709
-8.053089,-34.948868,15.4,2022-02-09 19:43:46+00:00,1.475288371255905,3334.9723293829647
-8.053076,-34.948864,15.4,2022-02-09 19:43:47+00:00,1.5038380148419288,3336.476167397807
-8.053063,-34.948859,15.4,2022-02-09 19:43:48+00:00,1.539767073341106,3338.015934471148
-8.05305,-34.948854,15.4,2022-02-09 19:43:49+00:00,1.5397670784858313,3339.555701549634
-8.053037,-34.948849,15.4,2022-02-09 19:43:50+00:00,1.5397670839849265,3341.0954686336186
-8.053025,-34.948843,15.4,2022-02-09 19:43:51+00:00,1.4828183164333697,3342.5782869500517
-8.053011,-34.948838,15.4,2022-02-09 19:43:52+00:00,1.6435123834458705,3344.2217993334975
-8.052998,-34.948832,15.4,2022-02-09 19:43:53+00:00,1.5825730556674262,3345.804372389165
-8.052985,-34.948826,15.4,2022-02-09 19:43:54+00:00,1.5825730641560407,3347.386945453321
-8.052972,-34.94882,15.4,2022-02-09 19:43:55+00:00,1.5825730714093884,3348.9695185247306
-8.05296,-34.948815,15.4,2022-02-09 19:43:56+00:00,1.4370440175110386,3350.4065625422418
-8.05294,-34.948805,15.4,2022-02-09 19:43:57+00:00,2.471363950288475,3352.87792649253
-8.052933,-34.948802,15.5,2022-02-09 19:43:58+00:00,0.8418414123062244,3353.7197679048363
-8.052926,-34.948799,15.5,2022-02-09 19:43:59+00:00,0.8418414145044089,3354.5616093193407
-8.052907,-34.94879,15.5,2022-02-09 19:44:00+00:00,2.3237369718949297,3356.8853462912357
-8.0529,-34.948787,15.5,2022-02-09 19:44:01+00:00,0.8418414220896157,3357.7271877133253
-8.052892,-34.948783,15.5,2022-02-09 19:44:02+00:00,0.9885456042350743,3358.7157333175605
-8.052875,-34.94877,15.5,2022-02-09 19:44:03+00:00,2.3639638333840534,3361.0796971509444
-8.052869,-34.948764,15.5,2022-02-09 19:44:04+00:00,0.936882863637766,3362.0165800145824
-8.052863,-34.948758,15.5,2022-02-09 19:44:05+00:00,0.9368828697223321,3362.953462884305
-8.052855,-34.948746,15.5,2022-02-09 19:44:06+00:00,1.5913764069847838,3364.5448392912895
-8.052847,-34.948733,15.5,2022-02-09 19:44:07+00:00,1.6841140017113538,3366.228953293001
-8.05284,-34.94872,15.5,2022-02-09 19:44:08+00:00,1.628731925962823,3367.8576852189635
-8.052832,-34.948706,15.5,2022-02-09 19:44:09+00:00,1.7788485201765813,3369.6365337391403
-8.052824,-34.948693,15.5,2022-02-09 19:44:10+00:00,1.6841140698975512,3371.320647809038
-8.052816,-34.94868,15.5,2022-02-09 19:44:11+00:00,1.6841140933233558,3373.004761902361
-8.052807,-34.948667,15.5,2022-02-09 19:44:12+00:00,1.7447566313240963,3374.749518533685
-8.052797,-34.948654,15.5,2022-02-09 19:44:13+00:00,1.8101309661751483,3376.5596494998604
-8.052787,-34.948642,15.5,2022-02-09 19:44:14+00:00,1.724184761956255,3378.2838342618165
-8.052776,-34.94863,15.5,2022-02-09 19:44:15+00:00,1.7971295111966774,3380.080963773013
-8.052764,-34.948619,15.5,2022-02-09 19:44:16+00:00,1.7976480733316689,3381.878611846345
-8.05275,-34.94861,15.5,2022-02-09 19:44:17+00:00,1.838901386032684,3383.7175132323778
-8.052736,-34.948603,15.5,2022-02-09 19:44:18+00:00,1.7299549260164886,3385.4474681583943
-8.05272,-34.948598,15.5,2022-02-09 19:44:19+00:00,1.853381433406848,3387.300849591801
-8.052705,-34.948594,15.6,2022-02-09 19:44:20+00:00,1.7165350306577312,3389.017384622459
-8.05269,-34.94859,15.6,2022-02-09 19:44:21+00:00,1.7165350330637352,3390.7339196555226
-8.052675,-34.948585,15.6,2022-02-09 19:44:22+00:00,1.748097993626536,3392.4820176491494
-8.052661,-34.948579,15.6,2022-02-09 19:44:23+00:00,1.6836829773227302,3394.1657006264722
-8.052649,-34.948572,15.6,2022-02-09 19:44:24+00:00,1.535156926783917,3395.7008575532564
-8.052638,-34.948562,15.6,2022-02-09 19:44:25+00:00,1.6416624753109441,3397.3425200285674
-8.052628,-34.948553,15.6,2022-02-09 19:44:26+00:00,1.4857105436169822,3398.8282305721846
-8.052617,-34.948544,15.6,2022-02-09 19:44:27+00:00,1.5697761501318563,3400.3980067223165
-8.052604,-34.948537,15.6,2022-02-09 19:44:28+00:00,1.6317150994149983,3402.0297218217315
-8.052592,-34.948529,15.6,2022-02-09 19:44:29+00:00,1.5934126249353342,3403.623134446667
-8.052579,-34.948521,15.6,2022-02-09 19:44:30+00:00,1.6866389929648353,3405.3097734396315
-8.052568,-34.94851,15.6,2022-02-09 19:44:31+00:00,1.7176191968843897,3407.0273926365157
-8.052557,-34.9485,15.6,2022-02-09 19:44:32+00:00,1.6416626190771664,3408.669055255593
-8.052543,-34.948492,15.6,2022-02-09 19:44:33+00:00,1.7818533756206194,3410.4509086312137
-8.052528,-34.948487,15.6,2022-02-09 19:44:34+00:00,1.7480980445126646,3412.199006675726
-8.052512,-34.948482,15.6,2022-02-09 19:44:35+00:00,1.8533815003836567,3414.05238817611
-8.052497,-34.948475,15.6,2022-02-09 19:44:36+00:00,1.829605940251585,3415.8819941163615
-8.052483,-34.948468,15.7,2022-02-09 19:44:37+00:00,1.7299551225419914,3417.6119492389034
-8.052467,-34.948462,15.7,2022-02-09 19:44:38+00:00,1.889094528609912,3419.5010437675132
-8.052452,-34.948459,15.7,2022-02-09 19:44:39+00:00,1.6915789757458433,3421.192622743259
-8.052437,-34.948455,15.7,2022-02-09 19:44:40+00:00,1.7165350842524212,3422.9091578275115
-8.052424,-34.94845,15.7,2022-02-09 19:44:41+00:00,1.5397673405909147,3424.4489251681025
-8.052412,-34.948442,15.7,2022-02-09 19:44:42+00:00,1.5934128306111865,3426.0423379987137
-8.052403,-34.948431,15.7,2022-02-09 19:44:43+00:00,1.5687438545500485,3427.611081853264
-8.052393,-34.948419,15.7,2022-02-09 19:44:44+00:00,1.7241857291679583,3429.3352675824317
-8.052383,-34.948409,15.7,2022-02-09 19:44:45+00:00,1.561472344260052,3430.8967399266917
-8.052371,-34.9484,15.7,2022-02-09 19:44:46+00:00,1.656961852182841,3432.5537017788747
-8.052358,-34.948393,15.7,2022-02-09 19:44:47+00:00,1.6317153046454627,3434.18541708352
-8.052346,-34.948386,15.7,2022-02-09 19:44:48+00:00,1.5351571985607935,3435.7205742820806
-8.052335,-34.948379,15.7,2022-02-09 19:44:49+00:00,1.4406190985654908,3437.161193380646
-8.052318,-34.948364,15.7,2022-02-09 19:44:50+00:00,2.5037485679569644,3439.664941948603
-8.052313,-34.948357,15.7,2022-02-09 19:44:51+00:00,0.9492947029468267,3440.6142366515496
-8.052307,-34.94835,15.7,2022-02-09 19:44:52+00:00,1.0176968302385823,3441.631933481788
-8.052301,-34.948338,15.7,2022-02-09 19:44:53+00:00,1.4798654925906938,3443.111798974379
-8.052297,-34.948324,15.7,2022-02-09 19:44:54+00:00,1.6053649995133457,3444.717163973892
-8.052295,-34.94831,15.8,2022-02-09 19:44:55+00:00,1.5589800972823245,3446.2761440711747
-8.052292,-34.948296,15.8,2022-02-09 19:44:56+00:00,1.5784728114601296,3447.8546168826347
-8.052289,-34.948283,15.8,2022-02-09 19:44:57+00:00,1.4708887215715756,3449.3255056042062
-8.052287,-34.948269,15.8,2022-02-09 19:44:58+00:00,1.5589801263703784,3450.8844857305767
-8.052288,-34.948255,15.8,2022-02-09 19:44:59+00:00,1.547166624715746,3452.4316523552925
-8.05229,-34.94824,15.8,2022-02-09 19:45:00+00:00,1.6681674953916574,3454.099819850684
-8.052291,-34.948225,15.8,2022-02-09 19:45:01+00:00,1.6571325534216497,3455.7569524041055
-8.05229,-34.948211,15.8,2022-02-09 19:45:02+00:00,1.547166615262829,3457.3041190193685
-8.052289,-34.948197,15.8,2022-02-09 19:45:03+00:00,1.5471666187667117,3458.8512856381353
-8.052289,-34.948183,15.8,2022-02-09 19:45:04+00:00,1.5432086901502897,3460.3944943282854
-8.052289,-34.948169,15.8,2022-02-09 19:45:05+00:00,1.5432086901502897,3461.9377030184355
-8.052287,-34.948154,15.8,2022-02-09 19:45:06+00:00,1.6681674995993374,3463.605870518035
-8.052285,-34.948139,15.8,2022-02-09 19:45:07+00:00,1.66816750589735,3465.274038023932
-8.052282,-34.948124,15.8,2022-02-09 19:45:08+00:00,1.6863986225552257,3466.9604366464873
-8.05228,-34.948109,15.8,2022-02-09 19:45:09+00:00,1.6681675265828968,3468.62860417307
-8.052278,-34.948093,15.8,2022-02-09 19:45:10+00:00,1.7774835196569745,3470.406087692727
-8.052278,-34.948077,15.7,2022-02-09 19:45:11+00:00,1.763667122269045,3472.169754814996
-8.052277,-34.948061,15.7,2022-02-09 19:45:12+00:00,1.767131351974518,3473.9368861669705
-8.052278,-34.948046,15.7,2022-02-09 19:45:13+00:00,1.657132607771003,3475.5940187747415
-8.052279,-34.94803,15.7,2022-02-09 19:45:14+00:00,1.7671313463568585,3477.3611501210985
-8.05228,-34.948014,15.7,2022-02-09 19:45:15+00:00,1.7671313446210462,3479.1282814657197
-8.05228,-34.947998,15.7,2022-02-09 19:45:16+00:00,1.7636671136167232,3480.8919485793363
-8.05228,-34.947982,15.7,2022-02-09 19:45:17+00:00,1.7636671128334984,3482.6556156921697
-8.052278,-34.947965,15.7,2022-02-09 19:45:18+00:00,1.8869057602910069,3484.5425214524607
-8.052276,-34.947949,15.7,2022-02-09 19:45:19+00:00,1.777483527715973,3486.3200049801767
-8.052273,-34.947935,15.7,2022-02-09 19:45:20+00:00,1.578472881552777,3487.8984778617296
-8.052268,-34.947922,15.7,2022-02-09 19:45:21+00:00,1.5359745019648012,3489.434452363694
-8.052262,-34.947909,15.7,2022-02-09 19:45:22+00:00,1.5791656383387693,3491.013618002033
-8.052252,-34.94789,15.7,2022-02-09 19:45:23+00:00,2.3684321969388944,3493.382050198972
-8.052248,-34.947883,15.7,2022-02-09 19:45:24+00:00,0.8894252162759709,3494.271475415248
-8.052244,-34.947875,15.7,2022-02-09 19:45:25+00:00,0.986577106235973,3495.258052521484
-8.052235,-34.947856,15.6,2022-02-09 19:45:26+00:00,2.318851685374857,3497.5769042068587
-8.052231,-34.947849,15.6,2022-02-09 19:45:27+00:00,0.8894252439095425,3498.466329450768
-8.052227,-34.947842,15.6,2022-02-09 19:45:28+00:00,0.8894252505569511,3499.355754701325
-8.052214,-34.947826,15.6,2022-02-09 19:45:29+00:00,2.275443771508846,3501.631198472834
-8.052209,-34.94782,15.6,2022-02-09 19:45:30+00:00,0.8620930938295949,3502.4932915666636
-8.052205,-34.947814,15.6,2022-02-09 19:45:31+00:00,0.795689074759966,3503.2889806414237
-8.052198,-34.947804,15.6,2022-02-09 19:45:32+00:00,1.3469933179147835,3504.6359739593386
-8.052195,-34.947793,15.6,2022-02-09 19:45:33+00:00,1.2570964670251963,3505.893070426364
-8.052193,-34.947781,15.6,2022-02-09 19:45:34+00:00,1.3411171247204285,3507.2341875510842
-8.052194,-34.947761,15.6,2022-02-09 19:45:35+00:00,2.2073567192167207,3509.441544270301
-8.052194,-34.947752,15.6,2022-02-09 19:45:36+00:00,0.9920629603926289,3510.4336072306937
-8.052195,-34.947744,15.5,2022-02-09 19:45:37+00:00,0.8887419403517424,3511.3223491710455
-8.052195,-34.94773,15.5,2022-02-09 19:45:38+00:00,1.5432090459753685,3512.865558217021
-8.052195,-34.947715,15.5,2022-02-09 19:45:39+00:00,1.6534382632653146,3514.518996480286
-8.052196,-34.9477,15.5,2022-02-09 19:45:40+00:00,1.65713294011205,3516.1761294203984
-8.052197,-34.947685,15.5,2022-02-09 19:45:41+00:00,1.6571329334339246,3517.833262353832
-8.052197,-34.94767,15.5,2022-02-09 19:45:42+00:00,1.6534382551538471,3519.486700608986
-8.052197,-34.947655,15.5,2022-02-09 19:45:43+00:00,1.6534382559370724,3521.1401388649233
-8.052197,-34.947641,15.4,2022-02-09 19:45:44+00:00,1.5432090384046664,3522.683347903328
-8.052196,-34.947626,15.4,2022-02-09 19:45:45+00:00,1.6571329334339246,3524.340480836762
-8.052195,-34.947612,15.4,2022-02-09 19:45:46+00:00,1.54716697459684,3525.8876478113584
-8.052194,-34.947598,15.4,2022-02-09 19:45:47+00:00,1.5471669773949543,3527.4348147887536
-8.052194,-34.947584,15.4,2022-02-09 19:45:48+00:00,1.543209049760721,3528.978023838514
-8.052192,-34.94757,15.4,2022-02-09 19:45:49+00:00,1.558980481804425,3530.537004320319
-8.052189,-34.947556,15.4,2022-02-09 19:45:50+00:00,1.5784731920678023,3532.1154775123864
-8.052183,-34.947542,15.3,2022-02-09 19:45:51+00:00,1.6798297213547777,3533.7953072337414
-8.052175,-34.94753,15.3,2022-02-09 19:45:52+00:00,1.591378224846811,3535.386685458588
-8.052167,-34.947519,15.3,2022-02-09 19:45:53+00:00,1.5010075417818887,3536.88769300037
-8.052156,-34.947509,15.3,2022-02-09 19:45:54+00:00,1.6416633295460255,3538.529356329916
-8.052145,-34.947502,15.3,2022-02-09 19:45:55+00:00,1.440619281692485,3539.9699756116083
-8.052131,-34.947498,15.3,2022-02-09 19:45:56+00:00,1.609900526745565,3541.579876138354
-8.052117,-34.947496,15.3,2022-02-09 19:45:57+00:00,1.5639609648828603,3543.143837103237
-8.052101,-34.947494,15.3,2022-02-09 19:45:58+00:00,1.783217114154549,3544.9270542173913
-8.052086,-34.947492,15.3,2022-02-09 19:45:59+00:00,1.6735253503970768,3546.6005795677884
-8.052071,-34.947491,15.3,2022-02-09 19:46:00+00:00,1.662599060317786,3548.2631786281063
-8.052051,-34.947497,15.3,2022-02-09 19:46:01+00:00,2.3086821766661045,3550.5718608047723
-8.052026,-34.947517,15.3,2022-02-09 19:46:02+00:00,3.536223526570391,3554.1080843313425
-8.052018,-34.947525,15.3,2022-02-09 19:46:03+00:00,1.2491784231357297,3555.357262754478
-8.051998,-34.947546,15.3,2022-02-09 19:46:04+00:00,3.2017124423489105,3558.558975196827
-8.05199,-34.947553,15.4,2022-02-09 19:46:05+00:00,1.1739631385736395,3559.7329383354004
-8.051975,-34.947562,15.5,2022-02-09 19:46:06+00:00,1.9329446605173968,3561.665882995918
-8.051959,-34.947571,15.5,2022-02-09 19:46:07+00:00,2.0286575132123095,3563.69454050913
-8.051944,-34.947579,15.5,2022-02-09 19:46:08+00:00,1.8787540517206898,3565.5732945608506
-8.051929,-34.947589,15.5,2022-02-09 19:46:09+00:00,1.9917667263026715,3567.565061287153
-8.051915,-34.9476,15.6,2022-02-09 19:46:10+00:00,1.966616895186337,3569.5316781823394
-8.051902,-34.94761,15.6,2022-02-09 19:46:11+00:00,1.8116764190143064,3571.343354601354
-8.051888,-34.947619,15.6,2022-02-09 19:46:12+00:00,1.8389024636645923,3573.1822570650183
-8.051873,-34.947627,15.6,2022-02-09 19:46:13+00:00,1.8787541192557922,3575.0610111842743
-8.051859,-34.947635,15.7,2022-02-09 19:46:14+00:00,1.781854063419901,3576.842865247694
-8.051847,-34.947646,15.7,2022-02-09 19:46:15+00:00,1.7976498691347325,3578.6405151168287
-8.051838,-34.94766,15.7,2022-02-09 19:46:16+00:00,1.8363684023755926,3580.4768835192044
-8.051831,-34.947673,16.0,2022-02-09 19:46:17+00:00,1.6287350294962397,3582.1056185487005
-8.051824,-34.947686,16.0,2022-02-09 19:46:18+00:00,1.6287350494263066,3583.7343535981267
-8.051817,-34.947698,16.0,2022-02-09 19:46:19+00:00,1.5326497860352324,3585.267003384162
-8.051811,-34.947712,16.0,2022-02-09 19:46:20+00:00,1.6798310102293923,3586.9468343943913
-8.051804,-34.947725,16.0,2022-02-09 19:46:21+00:00,1.6287351113607862,3588.575569505752
-8.051794,-34.947736,16.0,2022-02-09 19:46:22+00:00,1.6411459129906347,3590.2167154187428
-8.051784,-34.947745,16.0,2022-02-09 19:46:23+00:00,1.4857118808767145,3591.7024272996196
-8.051764,-34.947754,16.0,2022-02-09 19:46:24+00:00,2.424208452311916,3594.1266357519316
-8.051756,-34.947756,16.0,2022-02-09 19:46:25+00:00,0.9118208879659625,3595.0384566398975
-8.051748,-34.947758,16.0,2022-02-09 19:46:26+00:00,0.9118208889063789,3595.950277528804
-8.051726,-34.947756,16.0,2022-02-09 19:46:27+00:00,2.4430805912704945,3598.3933581200745
-8.051717,-34.947755,16.0,2022-02-09 19:46:28+00:00,1.001449513484404,3599.3948076335587
-8.051708,-34.947753,16.0,2022-02-09 19:46:29+00:00,1.0194864659542469,3600.414294099513
-8.051694,-34.947747,16.0,2022-02-09 19:46:30+00:00,1.6836835266821726,3602.097977626195
-8.051679,-34.947741,16.0,2022-02-09 19:46:31+00:00,1.7859180915531156,3603.883895717748
-8.051664,-34.947736,16.0,2022-02-09 19:46:32+00:00,1.7480983468143538,3605.6319940645626
-8.051648,-34.947732,16.0,2022-02-09 19:46:33+00:00,1.823641794913444,3607.455635859476
-8.051633,-34.947732,16.0,2022-02-09 19:46:34+00:00,1.6589409366047856,3609.1145767960807
-8.051619,-34.947732,16.0,2022-02-09 19:46:35+00:00,1.5483448729301923,3610.6629216690108
-8.051604,-34.947732,16.0,2022-02-09 19:46:36+00:00,1.6589409345896242,3612.3218626036005
-8.051589,-34.947733,16.0,2022-02-09 19:46:37+00:00,1.66259903003881,3613.9844616336395
-8.051573,-34.947733,16.0,2022-02-09 19:46:38+00:00,1.769536994151052,3615.7539986277907
-8.051559,-34.947735,16.0,2022-02-09 19:46:39+00:00,1.5639609660913907,3617.3179595938823
-8.051544,-34.947736,16.0,2022-02-09 19:46:40+00:00,1.662599027238385,3618.9805586211205
-8.05153,-34.947738,16.0,2022-02-09 19:46:41+00:00,1.5639609662375376,3620.544519587358
-8.051508,-34.947739,16.0,2022-02-09 19:46:42+00:00,2.435608987449779,3622.980128574808
-8.051499,-34.947738,16.0,2022-02-09 19:46:43+00:00,1.0014495092402682,3623.981578084048
-8.05149,-34.947738,16.0,2022-02-09 19:46:44+00:00,0.9953645549139756,3624.976942638962
-8.051468,-34.947734,16.0,2022-02-09 19:46:45+00:00,2.4727411843960905,3627.449683823358
-8.051459,-34.947732,16.0,2022-02-09 19:46:46+00:00,1.019486483543831,3628.469170306902
-8.051451,-34.94773,16.0,2022-02-09 19:46:47+00:00,0.9118209153959872,3629.380991222298
-8.051438,-34.947725,16.0,2022-02-09 19:46:48+00:00,1.5397677535745617,3630.9207589758726
-8.051425,-34.94772,16.0,2022-02-09 19:46:49+00:00,1.5397677588961278,3632.460526734769
-8.051411,-34.947717,16.0,2022-02-09 19:46:50+00:00,1.58326451886888,3634.0437912536377
-8.051397,-34.947713,16.0,2022-02-09 19:46:51+00:00,1.6099006911000457,3635.6536919447376
-8.051382,-34.947711,16.0,2022-02-09 19:46:52+00:00,1.6735253443603495,3637.327217289098
-8.051368,-34.94771,16.0,2022-02-09 19:46:53+00:00,1.5522636107224423,3638.8794808998205
-8.051353,-34.94771,16.0,2022-02-09 19:46:54+00:00,1.6589409139024627,3640.538421813723
-8.051337,-34.947709,16.0,2022-02-09 19:46:55+00:00,1.7729669008476978,3642.3113887145705
-8.051322,-34.947707,16.0,2022-02-09 19:46:56+00:00,1.673525343615451,3643.984914058186
-8.051307,-34.947702,16.0,2022-02-09 19:46:57+00:00,1.748098471682803,3645.7330125298686
-8.051292,-34.947696,16.0,2022-02-09 19:46:58+00:00,1.785918294735248,3647.518930824604
-8.051277,-34.947688,16.0,2022-02-09 19:46:59+00:00,1.878754681972378,3649.397685506576
-8.051263,-34.947679,16.0,2022-02-09 19:47:00+00:00,1.8389032441678266,3651.236588750744
-8.051249,-34.947672,16.0,2022-02-09 19:47:01+00:00,1.729956080636295,3652.9665448313804
-8.051235,-34.947666,16.0,2022-02-09 19:47:02+00:00,1.6836837874739832,3654.6502286188543
-8.051221,-34.947662,16.0,2022-02-09 19:47:03+00:00,1.6099007306203652,3656.2601293494745
-8.051208,-34.947658,16.0,2022-02-09 19:47:04+00:00,1.503838482421663,3657.763967831896
-8.051195,-34.947653,16.0,2022-02-09 19:47:05+00:00,1.5397678551436458,3659.3037356870395
-8.051182,-34.947645,16.0,2022-02-09 19:47:06+00:00,1.6866404893375728,3660.990376176377
-8.051169,-34.947636,16.0,2022-02-09 19:47:07+00:00,1.7468014735947315,3662.7371776499717
-8.051156,-34.947629,16.0,2022-02-09 19:47:08+00:00,1.631716306485314,3664.368893956457
-8.05114,-34.94763,16.0,2022-02-09 19:47:09+00:00,1.7729668874233397,3666.1418608438807
-8.051124,-34.947634,16.0,2022-02-09 19:47:10+00:00,1.8236418882952345,3667.965502732176
-8.051108,-34.94764,16.0,2022-02-09 19:47:11+00:00,1.8890951910277347,3669.8545979232035
-8.051092,-34.947643,16.0,2022-02-09 19:47:12+00:00,1.8001710857314808,3671.654769008935
-8.051076,-34.947646,16.0,2022-02-09 19:47:13+00:00,1.8001710866759562,3673.454940095611
-8.05106,-34.94765,16.0,2022-02-09 19:47:14+00:00,1.8236418996383925,3675.2785819952496
-8.051045,-34.947653,16.0,2022-02-09 19:47:15+00:00,1.6915790878602848,3676.97016108311
-8.051029,-34.947657,16.0,2022-02-09 19:47:16+00:00,1.8236419052505564,3678.7938029883603
-8.051014,-34.947659,16.0,2022-02-09 19:47:17+00:00,1.6735253410857862,3680.467328329446
-8.051,-34.94766,16.0,2022-02-09 19:47:18+00:00,1.5522635898199968,3682.019591919266
-8.050985,-34.94766,16.0,2022-02-09 19:47:19+00:00,1.6589408842478666,3683.678532803514
-8.050972,-34.947657,16.0,2022-02-09 19:47:20+00:00,1.475288611953068,3685.153821415467
-8.050958,-34.947655,16.0,2022-02-09 19:47:21+00:00,1.5639609672685413,3686.7177823827355
-8.050937,-34.947649,16.0,2022-02-09 19:47:22+00:00,2.4148511895860567,3689.1326335723215
-8.050929,-34.947645,16.0,2022-02-09 19:47:23+00:00,0.988546475135706,3690.121180047457
-8.050921,-34.947642,16.0,2022-02-09 19:47:24+00:00,0.9445476420839122,3691.065727689541
-8.050911,-34.947632,16.0,2022-02-09 19:47:25+00:00,1.5614750980483822,3692.6272027875893
-8.050901,-34.947622,16.0,2022-02-09 19:47:26+00:00,1.5614751157927473,3694.188677903382
-8.050888,-34.947615,16.0,2022-02-09 19:47:27+00:00,1.631716530192245,3695.820394433574
-8.050874,-34.947611,16.0,2022-02-09 19:47:28+00:00,1.6099008078498778,3697.430295241424
-8.050859,-34.94761,16.0,2022-02-09 19:47:29+00:00,1.662598984609173,3699.0928942260334
-8.050843,-34.947609,16.0,2022-02-09 19:47:30+00:00,1.7729668670685736,3700.865861093102
-8.050828,-34.94761,16.0,2022-02-09 19:47:31+00:00,1.6625989827156424,3702.5284600758177
-8.050812,-34.94761,16.0,2022-02-09 19:47:32+00:00,1.7695369283938955,3704.2979970042115
-8.050795,-34.947609,16.0,2022-02-09 19:47:33+00:00,1.8833615167253588,3706.181358520937
-8.050778,-34.947609,16.0,2022-02-09 19:47:34+00:00,1.8801329835672216,3708.0614915045044
-8.050761,-34.947607,16.0,2022-02-09 19:47:35+00:00,1.8930140756877931,3709.9545055801923
-8.050745,-34.947603,16.0,2022-02-09 19:47:36+00:00,1.8236419556146046,3711.778147535807
-8.050728,-34.947601,16.0,2022-02-09 19:47:37+00:00,1.8930140746753166,3713.671161610482
-8.05071,-34.947601,16.0,2022-02-09 19:47:38+00:00,1.9907290348769473,3715.661890645359
-8.050694,-34.947603,16.0,2022-02-09 19:47:39+00:00,1.7832170881407055,3717.4451077334998
-8.050677,-34.947603,16.0,2022-02-09 19:47:40+00:00,1.8801329741377641,3719.3252407076375
-8.050661,-34.9476,16.0,2022-02-09 19:47:41+00:00,1.8001711135652885,3721.1254118212028
-8.050644,-34.947598,16.0,2022-02-09 19:47:42+00:00,1.893014072627886,3723.0184258938307
-8.050628,-34.947597,16.0,2022-02-09 19:47:43+00:00,1.7729668522454494,3724.7913927460763
-8.050611,-34.947597,16.0,2022-02-09 19:47:44+00:00,1.8801329677160334,3726.6715257137926
-8.050595,-34.947594,16.0,2022-02-09 19:47:45+00:00,1.8001711176386541,3728.471696831431
-8.05058,-34.947591,16.0,2022-02-09 19:47:46+00:00,1.691579124518758,3730.1632759559498
-8.050566,-34.947586,16.0,2022-02-09 19:47:47+00:00,1.6435133182477735,3731.8067892741974
-8.050552,-34.947582,16.0,2022-02-09 19:47:48+00:00,1.6099008804392296,3733.416690154637
-8.050539,-34.947577,16.0,2022-02-09 19:47:49+00:00,1.539768129383806,3734.9564582840208
-8.050526,-34.947571,16.0,2022-02-09 19:47:50+00:00,1.5825745744661215,3736.5390328584867
-8.050515,-34.947562,16.0,2022-02-09 19:47:51+00:00,1.5697792868184124,3738.1088121453054
-8.050505,-34.947551,16.0,2022-02-09 19:47:52+00:00,1.6411486979785892,3739.749960843284
-8.050494,-34.947542,16.0,2022-02-09 19:47:53+00:00,1.569779317338899,3741.319740160623
-8.05048,-34.947539,16.0,2022-02-09 19:47:54+00:00,1.5832646086151272,3742.903004769238
-8.050466,-34.947543,16.0,2022-02-09 19:47:55+00:00,1.6099008997222195,3744.5129056689602
-8.050454,-34.947548,16.0,2022-02-09 19:47:56+00:00,1.4370451667515072,3745.9499508357117
-8.050443,-34.947555,16.0,2022-02-09 19:47:57+00:00,1.4406209224383415,3747.39057175815
-8.050433,-34.947565,16.0,2022-02-09 19:47:58+00:00,1.5614759913022813,3748.9520477494525
-8.050414,-34.947574,16.0,2022-02-09 19:47:59+00:00,2.323739332036297,3751.275787081489
-8.050405,-34.947575,16.0,2022-02-09 19:48:00+00:00,1.0014494893696892,3752.277236570859
-8.050396,-34.947575,16.0,2022-02-09 19:48:01+00:00,0.995364501979225,3753.272601072838
-8.050383,-34.947569,16.0,2022-02-09 19:48:02+00:00,1.582574662551249,3754.8551757353894
-8.050368,-34.947564,16.0,2022-02-09 19:48:03+00:00,1.7480988000954432,3756.6032745354846
-8.050353,-34.94756,16.0,2022-02-09 19:48:04+00:00,1.7165355005710012,3758.3198100360555
-8.050339,-34.947558,16.0,2022-02-09 19:48:05+00:00,1.5639609683439983,3759.8837710043995
-8.050318,-34.947554,16.0,2022-02-09 19:48:06+00:00,2.363999881003197,3762.2477708854026
-8.05031,-34.947554,16.0,2022-02-09 19:48:07+00:00,0.8847684430030531,3763.1325393284055
-8.050302,-34.947554,16.0,2022-02-09 19:48:08+00:00,0.884768442006173,3764.0173077704117
-8.050281,-34.947558,16.0,2022-02-09 19:48:09+00:00,2.3639998848795565,3766.381307655291
-8.050273,-34.947558,16.0,2022-02-09 19:48:10+00:00,0.8847684403551764,3767.2660760956464
-8.050265,-34.947559,16.0,2022-02-09 19:48:11+00:00,0.8916085402848551,3768.157684635931
-8.050253,-34.94756,16.0,2022-02-09 19:48:12+00:00,1.3317224858256538,3769.489407121757
-8.050241,-34.94756,16.0,2022-02-09 19:48:13+00:00,1.3271526593586398,3770.8165597811153
-8.050229,-34.947561,16.0,2022-02-09 19:48:14+00:00,1.3317224849547082,3772.14828226607
-8.05021,-34.947561,16.0,2022-02-09 19:48:15+00:00,2.101325041239564,3774.24960730731
-8.050201,-34.947561,16.0,2022-02-09 19:48:16+00:00,0.9953644924819397,3775.2449717997915
-8.050193,-34.947561,16.0,2022-02-09 19:48:17+00:00,0.8847684372673679,3776.1297402370587
-8.050172,-34.947561,16.0,2022-02-09 19:48:18+00:00,2.322517146906958,3778.452257383966
-8.050163,-34.94756,16.0,2022-02-09 19:48:19+00:00,1.0014494847371862,3779.453706868703
-8.050155,-34.947559,16.0,2022-02-09 19:48:20+00:00,0.8916085390485553,3780.345315407752
-8.050141,-34.947558,16.0,2022-02-09 19:48:21+00:00,1.5522635420998723,3781.897578949852
-8.050128,-34.947559,16.0,2022-02-09 19:48:22+00:00,1.4419680808555044,3783.3395470307073
-8.050114,-34.947562,16.0,2022-02-09 19:48:23+00:00,1.5832646435137174,3784.922811674221
-8.050099,-34.947564,16.0,2022-02-09 19:48:24+00:00,1.6735253333885827,3786.5963370076097
-8.050084,-34.947564,16.0,2022-02-09 19:48:25+00:00,1.6589408115049555,3788.255277819115
-8.050067,-34.947562,16.0,2022-02-09 19:48:26+00:00,1.8930140565175748,3790.1482918756324
-8.050051,-34.947559,16.0,2022-02-09 19:48:27+00:00,1.8001711525877748,3791.94846302822
-8.050033,-34.947556,16.0,2022-02-09 19:48:28+00:00,2.018008252480268,3793.9664712807003
-8.050016,-34.947555,16.0,2022-02-09 19:48:29+00:00,1.8833614583692349,3795.8498327390694
-8.05,-34.947554,16.0,2022-02-09 19:48:30+00:00,1.7729668091493724,3797.6227995482186
-8.049984,-34.947552,16.0,2022-02-09 19:48:31+00:00,1.7832170745075229,3799.406016622726
-8.049968,-34.947548,16.0,2022-02-09 19:48:32+00:00,1.823642094633674,3801.2296587173596
-8.049952,-34.947544,16.0,2022-02-09 19:48:33+00:00,1.8236420964542395,3803.0533008138136
-8.049936,-34.947541,16.0,2022-02-09 19:48:34+00:00,1.8001711598199999,3804.8534719736335
-8.04992,-34.947537,16.0,2022-02-09 19:48:35+00:00,1.823642102743188,3806.6771140763767
-8.049904,-34.94753,16.0,2022-02-09 19:48:36+00:00,1.9304509502992204,3808.6075650266757
-8.049889,-34.947521,16.0,2022-02-09 19:48:37+00:00,1.9329471208397422,3810.5405121475155
-8.049874,-34.947512,16.0,2022-02-09 19:48:38+00:00,1.932947138720642,3812.473459286236
-8.04986,-34.947502,16.0,2022-02-09 19:48:39+00:00,1.900640248240872,3814.374099534477
-8.049845,-34.947495,15.9,2022-02-09 19:48:40+00:00,1.8296078630608337,3816.203707397538
-8.049828,-34.947492,15.9,2022-02-09 19:48:41+00:00,1.9089932683155668,3818.1127006658535
-8.049812,-34.947492,15.9,2022-02-09 19:48:42+00:00,1.769536842376393,3819.88223750823
-8.049796,-34.947492,15.9,2022-02-09 19:48:43+00:00,1.7695368408589813,3821.651774349089
-8.04978,-34.947491,15.9,2022-02-09 19:48:44+00:00,1.7729667938312117,3823.42474114292
-8.049765,-34.947488,15.9,2022-02-09 19:48:45+00:00,1.6915791893458674,3825.116320332266
-8.049749,-34.947485,15.9,2022-02-09 19:48:46+00:00,1.8001711721875342,3826.9164915044535
-8.049733,-34.947483,15.9,2022-02-09 19:48:47+00:00,1.7832170700781416,3828.6997085745315
-8.049717,-34.947482,15.9,2022-02-09 19:48:48+00:00,1.7729667891977685,3830.472675363729
-8.049703,-34.947483,15.9,2022-02-09 19:48:49+00:00,1.5522635176741102,3832.024938881403
-8.049689,-34.947486,15.9,2022-02-09 19:48:50+00:00,1.5832646837809679,3833.6082035651843
-8.049668,-34.947491,15.9,2022-02-09 19:48:51+00:00,2.3870172585216625,3835.995220823706
-8.049659,-34.947493,15.9,2022-02-09 19:48:52+00:00,1.019486608905089,3837.014707432611
-8.049651,-34.947494,15.9,2022-02-09 19:48:53+00:00,0.8916085340606935,3837.9063159666716
-8.04963,-34.947494,15.9,2022-02-09 19:48:54+00:00,2.3225170852222363,3840.228833051894
-8.049621,-34.947493,15.9,2022-02-09 19:48:55+00:00,1.0014494748840261,3841.230282526778
-8.049612,-34.947493,15.9,2022-02-09 19:48:56+00:00,0.995364463926397,3842.2256469907043
-8.049598,-34.947491,15.9,2022-02-09 19:48:57+00:00,1.5639609696820858,3843.7896079603865
-8.049584,-34.947488,15.9,2022-02-09 19:48:58+00:00,1.5832646939681265,3845.3728726543545
-8.04957,-34.947486,15.9,2022-02-09 19:48:59+00:00,1.5639609696778836,3846.9368336240323
-8.049556,-34.947484,15.9,2022-02-09 19:49:00+00:00,1.563960969676386,3848.5007945937086
-8.049541,-34.947484,15.9,2022-02-09 19:49:01+00:00,1.658940767795661,3850.1597353615043
-8.049525,-34.947482,15.9,2022-02-09 19:49:02+00:00,1.7832170665392506,3851.9429524280436
-8.04951,-34.947481,15.9,2022-02-09 19:49:03+00:00,1.662598900099181,3853.6055513281426
-8.049496,-34.947478,15.9,2022-02-09 19:49:04+00:00,1.5832647028268423,3855.1888160309695
-8.049481,-34.947476,15.9,2022-02-09 19:49:05+00:00,1.673525327571225,3856.8623413585406
-8.049467,-34.947472,15.9,2022-02-09 19:49:06+00:00,1.6099011231596265,3858.4722424817
-8.049453,-34.947468,15.9,2022-02-09 19:49:07+00:00,1.609901125794345,3860.0821436074943
-8.049437,-34.947466,15.8,2022-02-09 19:49:08+00:00,1.783217064525735,3861.86536067202
-8.049422,-34.947463,15.8,2022-02-09 19:49:09+00:00,1.6915792168225836,3863.5569398888424
-8.049406,-34.947459,15.8,2022-02-09 19:49:10+00:00,1.8236421939535388,3865.380582082796
-8.049392,-34.947452,15.8,2022-02-09 19:49:11+00:00,1.7299575234400968,3867.110539606236
-8.049379,-34.947445,15.8,2022-02-09 19:49:12+00:00,1.6317177870045865,3868.742257393241
-8.049366,-34.947436,15.8,2022-02-09 19:49:13+00:00,1.746803860529955,3870.4890612537706
-8.049354,-34.947429,15.8,2022-02-09 19:49:14+00:00,1.5351598772320767,3872.024221131003
-8.049341,-34.947422,15.8,2022-02-09 19:49:15+00:00,1.6317178188193184,3873.655938949822
-8.049329,-34.947415,15.8,2022-02-09 19:49:16+00:00,1.5351598997248335,3875.191098849547
-8.049308,-34.947409,15.8,2022-02-09 19:49:17+00:00,2.4148517365296183,3877.6059505860767
-8.049299,-34.947408,15.8,2022-02-09 19:49:18+00:00,1.001449468776749,3878.6074000548533
-8.04929,-34.947407,15.8,2022-02-09 19:49:19+00:00,1.001449468808021,3879.6088495236613
-8.049276,-34.947405,15.8,2022-02-09 19:49:20+00:00,1.563960969815756,3881.1728104934773
-8.049263,-34.947402,15.8,2022-02-09 19:49:21+00:00,1.475288806481228,3882.6480992999586
-8.049249,-34.947399,15.8,2022-02-09 19:49:22+00:00,1.5832647264871453,3884.2313640264456
-8.049234,-34.947397,15.8,2022-02-09 19:49:23+00:00,1.6735253251090247,3885.9048893515546
-8.04922,-34.947396,15.8,2022-02-09 19:49:24+00:00,1.5522634907052175,3887.45715284226
-8.049205,-34.947394,15.8,2022-02-09 19:49:25+00:00,1.6735253250286375,3889.1306781672884
-8.049191,-34.94739,15.8,2022-02-09 19:49:26+00:00,1.609901184952028,3890.7405793522403
-8.049179,-34.947383,15.8,2022-02-09 19:49:27+00:00,1.5351600336223756,3892.275739385863
-8.049168,-34.947372,15.8,2022-02-09 19:49:28+00:00,1.7176261918882976,3893.9933655777513
-8.04916,-34.947359,15.8,2022-02-09 19:49:29+00:00,1.6841249434909598,3895.6774905212424
-8.049153,-34.947344,15.7,2022-02-09 19:49:30+00:00,1.825716750178751,3897.503207271421
-8.049146,-34.94733,15.7,2022-02-09 19:49:31+00:00,1.7265203594309444,3899.2297276308523
-8.049137,-34.947318,15.7,2022-02-09 19:49:32+00:00,1.655429175068729,3900.885156805921
-8.049128,-34.947306,15.7,2022-02-09 19:49:33+00:00,1.655429198646951,3902.5405860045676
-8.049118,-34.947294,15.7,2022-02-09 19:49:34+00:00,1.7241937663995484,3904.264779770967
-8.049108,-34.947284,15.7,2022-02-09 19:49:35+00:00,1.5614784693264423,3905.8262582402936
-8.04909,-34.947271,15.7,2022-02-09 19:49:36+00:00,2.452848107426523,3908.2791063477202
-8.049082,-34.947267,15.7,2022-02-09 19:49:37+00:00,0.9885472947906635,3909.267653642511
-8.049074,-34.947263,15.7,2022-02-09 19:49:38+00:00,0.9885472983682405,3910.2562009408794
-8.049062,-34.947257,15.7,2022-02-09 19:49:39+00:00,1.4828209545466138,3911.739021895426
-8.049049,-34.947254,15.7,2022-02-09 19:49:40+00:00,1.475288830303529,3913.21431072573
-8.049027,-34.947258,15.7,2022-02-09 19:49:41+00:00,2.4727413708495534,3915.6870520965795
-8.049019,-34.947261,15.7,2022-02-09 19:49:42+00:00,0.9445481056150443,3916.6316002021945
-8.049011,-34.947265,15.7,2022-02-09 19:49:43+00:00,0.988547326296096,3917.6201475284906
-8.049,-34.947274,15.7,2022-02-09 19:49:44+00:00,1.5697815458008053,3919.1899290742913
-8.04899,-34.947284,15.7,2022-02-09 19:49:45+00:00,1.561478690251912,3920.7514077645433
-8.04898,-34.947295,15.7,2022-02-09 19:49:46+00:00,1.6411519922746851,3922.392559756818
-8.048972,-34.947308,15.7,2022-02-09 19:49:47+00:00,1.6841255019334915,3924.0766852587517
-8.048966,-34.947321,15.7,2022-02-09 19:49:48+00:00,1.579176105876288,3925.655861364628
-8.048961,-34.947336,15.7,2022-02-09 19:49:49+00:00,1.743470266455106,3927.399331631083
-8.048958,-34.947349,15.7,2022-02-09 19:49:50+00:00,1.470900115110104,3928.870231746193
-8.048959,-34.947364,15.7,2022-02-09 19:49:51+00:00,1.6571460323642138,3930.5273777785574
-8.048964,-34.947378,15.7,2022-02-09 19:49:52+00:00,1.6393044486382595,3932.1666822271955
-8.048972,-34.947391,15.7,2022-02-09 19:49:53+00:00,1.6841255257115062,3933.850807752907
-8.04898,-34.947404,15.8,2022-02-09 19:49:54+00:00,1.6841255012278402,3935.5349332541346
-8.048989,-34.947416,15.8,2022-02-09 19:49:55+00:00,1.6554295773912187,3937.190362831526
-8.048998,-34.947427,15.8,2022-02-09 19:49:56+00:00,1.5687515965385586,3938.7591144280645
-8.049009,-34.947437,15.8,2022-02-09 19:49:57+00:00,1.6416689236009019,3940.4007833516653
-8.049022,-34.947445,15.8,2022-02-09 19:49:58+00:00,1.6866428171029186,3942.087426168768
-8.049035,-34.947452,15.8,2022-02-09 19:49:59+00:00,1.6317180844080081,3943.719144253176
-8.04905,-34.947459,15.8,2022-02-09 19:50:00+00:00,1.829608450615182,3945.5487527037913
-8.049063,-34.947467,15.8,2022-02-09 19:50:01+00:00,1.6866427730527327,3947.235395476844
-8.049076,-34.947476,15.8,2022-02-09 19:50:02+00:00,1.7468042616645927,3948.982199738509
-8.049089,-34.947485,15.8,2022-02-09 19:50:03+00:00,1.746804244740723,3950.7290039832496
-8.049101,-34.947493,15.8,2022-02-09 19:50:04+00:00,1.5934166292892673,3952.3224206125387
-8.049114,-34.947501,15.8,2022-02-09 19:50:05+00:00,1.6866427183365418,3954.009063330875
-8.049126,-34.947509,15.8,2022-02-09 19:50:06+00:00,1.5934165999387662,3955.602479930814
-8.049138,-34.947517,15.8,2022-02-09 19:50:07+00:00,1.5934165871918757,3957.1958965180056
-8.04915,-34.947525,15.8,2022-02-09 19:50:08+00:00,1.5934165732094228,3958.789313091215
-8.049164,-34.947531,15.8,2022-02-09 19:50:09+00:00,1.6836849711915978,3960.4729980624065
-8.049178,-34.947533,15.9,2022-02-09 19:50:10+00:00,1.5639609701544641,3962.036959032561
-8.049193,-34.947532,15.9,2022-02-09 19:50:11+00:00,1.662598879510101,3963.6995579120708
-8.049208,-34.947528,15.9,2022-02-09 19:50:12+00:00,1.7165357324498915,3965.4160936445205
-8.049223,-34.947521,15.9,2022-02-09 19:50:13+00:00,1.8296083253487705,3967.245701969869
-8.049239,-34.947513,15.9,2022-02-09 19:50:14+00:00,1.9770944611853065,3969.2227964310546
-8.049256,-34.947507,15.9,2022-02-09 19:50:15+00:00,1.993068770701924,3971.2158652017565
-8.049272,-34.947503,15.9,2022-02-09 19:50:16+00:00,1.8236422209292922,3973.039507422686
-8.049288,-34.9475,15.9,2022-02-09 19:50:17+00:00,1.8001712027396528,3974.8396786254257
-8.049303,-34.947497,15.9,2022-02-09 19:50:18+00:00,1.691579227442188,3976.531257852868
-8.049317,-34.947493,15.9,2022-02-09 19:50:19+00:00,1.609901159464612,3978.1411590123325
-8.049331,-34.947487,15.9,2022-02-09 19:50:20+00:00,1.6836848764073622,3979.82484388874
-8.049345,-34.947481,15.9,2022-02-09 19:50:21+00:00,1.6836848688496557,3981.5085287575894
-8.049359,-34.947475,15.9,2022-02-09 19:50:22+00:00,1.6836848609386716,3983.192213618528
-8.049373,-34.947469,15.9,2022-02-09 19:50:23+00:00,1.6836848526741206,3984.875898471202
-8.049387,-34.947462,15.9,2022-02-09 19:50:24+00:00,1.729957538082253,3986.6058560092843
-8.049401,-34.947458,15.9,2022-02-09 19:50:25+00:00,1.6099011410116835,3988.2157571502958
-8.049416,-34.947455,15.9,2022-02-09 19:50:26+00:00,1.6915792185411815,3989.907336368837
-8.04943,-34.947454,15.9,2022-02-09 19:50:27+00:00,1.5522635016334492,3991.459599870471
-8.049445,-34.947453,15.9,2022-02-09 19:50:28+00:00,1.6625988951203257,3993.1221987655913
-8.049461,-34.947454,15.9,2022-02-09 19:50:29+00:00,1.7729667706206989,3994.895165536212
-8.049476,-34.947456,15.9,2022-02-09 19:50:30+00:00,1.6735253272054464,3996.5686908634175
-8.049491,-34.94746,15.9,2022-02-09 19:50:31+00:00,1.716535675564533,3998.285226538982
-8.049506,-34.947464,15.9,2022-02-09 19:50:32+00:00,1.7165356724520362,4000.001762211434
-8.04952,-34.94747,15.9,2022-02-09 19:50:33+00:00,1.6836847693425836,4001.6854469807768
-8.049536,-34.947476,15.9,2022-02-09 19:50:34+00:00,1.8890959651915007,4003.5745429459685
-8.049551,-34.947481,15.9,2022-02-09 19:50:35+00:00,1.748099090781894,4005.3226420367505
-8.049566,-34.947486,15.9,2022-02-09 19:50:36+00:00,1.7480990850307456,4007.0707411217813
-8.049581,-34.947489,15.9,2022-02-09 19:50:37+00:00,1.6915792055948118,4008.762320327376
-8.049596,-34.947493,15.9,2022-02-09 19:50:38+00:00,1.7165356546644295,4010.4788559820404
-8.049611,-34.947496,15.9,2022-02-09 19:50:39+00:00,1.6915792032409582,4012.1704351852813
-8.049625,-34.9475,15.9,2022-02-09 19:50:40+00:00,1.609901090743827,4013.780336276025
-8.049638,-34.947504,15.9,2022-02-09 19:50:41+00:00,1.5038388786128383,4015.284175154638
-8.049658,-34.947511,15.9,2022-02-09 19:50:42+00:00,2.3426428750391417,4017.626818029677
-8.049666,-34.947514,15.9,2022-02-09 19:50:43+00:00,0.944547949709776,4018.571365979387
-8.049674,-34.947516,15.9,2022-02-09 19:50:44+00:00,0.9118210742915451,4019.4831870536786
-8.049692,-34.947524,15.9,2022-02-09 19:50:45+00:00,2.177301545134607,4021.660488598813
-8.0497,-34.947526,16.0,2022-02-09 19:50:46+00:00,0.9118210720291718,4022.5723096708425
-8.049707,-34.947529,16.0,2022-02-09 19:50:47+00:00,0.8418423305421251,4023.4141520013845
-8.049727,-34.947532,16.0,2022-02-09 19:50:48+00:00,2.2365040464909844,4025.6506560478756
-8.049735,-34.947532,16.0,2022-02-09 19:50:49+00:00,0.8847684171771951,4026.535424465053
-8.049743,-34.947532,16.0,2022-02-09 19:50:50+00:00,0.8847684176442236,4027.4201928826974
-8.049761,-34.947521,16.0,2022-02-09 19:50:51+00:00,2.3309284554121272,4029.7511213381094
-8.049769,-34.947516,16.0,2022-02-09 19:50:52+00:00,1.0423918582624796,4030.793513196372
-8.049776,-34.947511,16.0,2022-02-09 19:50:53+00:00,0.9503201950969293,4031.743833391469
-8.049798,-34.947507,16.0,2022-02-09 19:50:54+00:00,2.472741313515518,4034.2165747049844
-8.049808,-34.947508,16.0,2022-02-09 19:50:55+00:00,1.111440194868918,4035.3280148998533
-8.049818,-34.947509,16.0,2022-02-09 19:50:56+00:00,1.1114401952253634,4036.4394550950788
-8.049834,-34.947512,16.0,2022-02-09 19:50:57+00:00,1.8001711678477244,4038.2396262629263
-8.04985,-34.947516,16.0,2022-02-09 19:50:58+00:00,1.82364211767041,4040.0632683805966
-8.049867,-34.94752,16.0,2022-02-09 19:50:59+00:00,1.931142053555579,4041.994410434152
-8.049883,-34.947523,16.0,2022-02-09 19:51:00+00:00,1.8001711645129688,4043.794581598665
-8.0499,-34.947528,16.0,2022-02-09 19:51:01+00:00,1.959251175616542,4045.7538327742814
-8.049916,-34.947533,16.0,2022-02-09 19:51:02+00:00,1.8533823353995873,4047.607215109681
-8.049931,-34.947538,16.0,2022-02-09 19:51:03+00:00,1.7480989580929676,4049.355314067774
-8.049946,-34.947546,16.0,2022-02-09 19:51:04+00:00,1.8787559523495168,4051.2340700201235
-8.04996,-34.947554,16.0,2022-02-09 19:51:05+00:00,1.781855985447698,4053.015926005571
-8.049975,-34.947561,16.0,2022-02-09 19:51:06+00:00,1.8296077798342045,4054.845533785405
-8.04999,-34.947566,16.0,2022-02-09 19:51:07+00:00,1.7480989370023554,4056.5936327224076
-8.050005,-34.947571,16.0,2022-02-09 19:51:08+00:00,1.7480989323105705,4058.3417316547184
-8.050019,-34.947575,16.0,2022-02-09 19:51:09+00:00,1.6099010025639995,4059.9516326572825
-8.050033,-34.947579,16.0,2022-02-09 19:51:10+00:00,1.6099009994002382,4061.561533656683
-8.050048,-34.947581,16.0,2022-02-09 19:51:11+00:00,1.6735253326577655,4063.235058989341
-8.050063,-34.94758,16.0,2022-02-09 19:51:12+00:00,1.6625989336474143,4064.8976579229884
-8.050079,-34.947578,16.0,2022-02-09 19:51:13+00:00,1.7832170766130888,4066.6808749996017
-8.050095,-34.947577,16.0,2022-02-09 19:51:14+00:00,1.7729668138886523,4068.4538418134903
-8.05011,-34.947578,16.0,2022-02-09 19:51:15+00:00,1.6625989370314322,4070.1164407505216
-8.050125,-34.947582,16.0,2022-02-09 19:51:16+00:00,1.7165355490396625,4071.8329762995613
-8.050138,-34.947587,16.0,2022-02-09 19:51:17+00:00,1.5397683032656395,4073.372744602827
-8.05015,-34.947593,16.0,2022-02-09 19:51:18+00:00,1.4828202380848192,4074.855564840912
-8.050167,-34.947604,16.0,2022-02-09 19:51:19+00:00,2.237213140656948,4077.092777981569
-8.050173,-34.947609,16.0,2022-02-09 19:51:20+00:00,0.8626114823645794,4077.9553894639334
-8.05018,-34.947614,16.0,2022-02-09 19:51:21+00:00,0.9503198911241678,4078.9057093550578
-8.050198,-34.947626,16.0,2022-02-09 19:51:22+00:00,2.390123067704241,4081.295832422762
-8.050207,-34.947629,16.0,2022-02-09 19:51:23+00:00,1.0488593161822608,4082.344691738944
-8.050215,-34.947633,16.0,2022-02-09 19:51:24+00:00,0.9885467959966932,4083.333238534941
-8.05023,-34.947636,16.0,2022-02-09 19:51:25+00:00,1.691579154039034,4085.02481768898
-8.050246,-34.94764,16.0,2022-02-09 19:51:26+00:00,1.8236420473234514,4086.8484597363035
-8.050262,-34.947643,16.0,2022-02-09 19:51:27+00:00,1.8001711397485542,4088.6486308760523
-8.050278,-34.947647,16.0,2022-02-09 19:51:28+00:00,1.823642042093344,4090.472272918146
-8.050295,-34.94765,16.0,2022-02-09 19:51:29+00:00,1.9089932450039282,4092.3812661631496
-8.050311,-34.947652,16.0,2022-02-09 19:51:30+00:00,1.7832170808466736,4094.164483243996
-8.050328,-34.94765,16.0,2022-02-09 19:51:31+00:00,1.8930140631197303,4096.057497307116
-8.050344,-34.947646,16.0,2022-02-09 19:51:32+00:00,1.8236420299275578,4097.881139337043
-8.050358,-34.947636,16.0,2022-02-09 19:51:33+00:00,1.9006395183637228,4099.781778855407
-8.05037,-34.947623,16.0,2022-02-09 19:51:34+00:00,1.9531471612257516,4101.734926016632
-8.050383,-34.947611,16.0,2022-02-09 19:51:35+00:00,1.953664806723376,4103.688590823355
-8.050396,-34.947603,16.0,2022-02-09 19:51:36+00:00,1.6866413449707567,4105.375232168326
-8.050411,-34.947598,16.0,2022-02-09 19:51:37+00:00,1.7480987903012608,4107.123330958627
-8.050425,-34.947595,16.0,2022-02-09 19:51:38+00:00,1.583264615314025,4108.706595573941
-8.05044,-34.947596,16.0,2022-02-09 19:51:39+00:00,1.662598957213481,4110.369194531154
-8.050455,-34.9476,16.0,2022-02-09 19:51:40+00:00,1.7165354830519604,4112.085730014206
-8.05047,-34.947605,16.0,2022-02-09 19:51:41+00:00,1.7480987695638832,4113.83382878377
-8.050485,-34.94761,16.0,2022-02-09 19:51:42+00:00,1.7480987639893868,4115.581927547759
-8.0505,-34.947612,16.0,2022-02-09 19:51:43+00:00,1.6735253362681972,4117.255452884027
-8.050514,-34.947614,16.0,2022-02-09 19:51:44+00:00,1.5639609680127848,4118.81941385204
-8.05053,-34.947615,16.0,2022-02-09 19:51:45+00:00,1.7729668442068325,4120.592380696247
-8.050545,-34.947617,16.0,2022-02-09 19:51:46+00:00,1.6735253369593002,4122.265906033206
-8.050561,-34.94762,16.0,2022-02-09 19:51:47+00:00,1.8001711207682156,4124.066077153974
-8.050576,-34.947624,16.0,2022-02-09 19:51:48+00:00,1.716535458714929,4125.782612612689
-8.050592,-34.94763,16.0,2022-02-09 19:51:49+00:00,1.8890954505286164,4127.671708063218
-8.050607,-34.947637,16.0,2022-02-09 19:51:50+00:00,1.8296073218107434,4129.501315385029
-8.05062,-34.947647,16.0,2022-02-09 19:51:51+00:00,1.81167847789027,4131.312993862919
-8.050633,-34.947656,16.0,2022-02-09 19:51:52+00:00,1.7468022000141008,4133.059796062933
-8.050647,-34.947663,16.0,2022-02-09 19:51:53+00:00,1.7299565591830426,4134.789752622116
-8.050661,-34.947668,16.0,2022-02-09 19:51:54+00:00,1.6435132875860372,4136.433265909702
-8.050675,-34.94767,16.0,2022-02-09 19:51:55+00:00,1.563960967858448,4137.99722687756
-8.050689,-34.94767,16.0,2022-02-09 19:51:56+00:00,1.5483448019559842,4139.545571679516
-8.050703,-34.947668,16.0,2022-02-09 19:51:57+00:00,1.5639609675091872,4141.109532647025
-8.050716,-34.947666,16.0,2022-02-09 19:51:58+00:00,1.4545527607053739,4142.56408540773
-8.050737,-34.947661,16.0,2022-02-09 19:51:59+00:00,2.3870170467362755,4144.951102454466
-8.050746,-34.947658,16.0,2022-02-09 19:52:00+00:00,1.0488592030653414,4145.9999616575315
-8.050754,-34.947656,16.0,2022-02-09 19:52:01+00:00,0.9118209778508577,4146.911782635382
-8.050776,-34.947651,16.0,2022-02-09 19:52:02+00:00,2.494755363910829,4149.4065379992935
-8.050785,-34.947649,16.0,2022-02-09 19:52:03+00:00,1.0194865310165213,4150.42602453031
-8.050794,-34.947647,16.0,2022-02-09 19:52:04+00:00,1.019486530458928,4151.44551106077
-8.050808,-34.947644,16.0,2022-02-09 19:52:05+00:00,1.5832645785578365,4153.028775639327
-8.050822,-34.947642,16.0,2022-02-09 19:52:06+00:00,1.5639609673489772,4154.592736606676
-8.050836,-34.94764,16.0,2022-02-09 19:52:07+00:00,1.5639609675270636,4156.1566975742035
-8.050849,-34.947639,16.0,2022-02-09 19:52:08+00:00,1.4419681153955686,4157.598665689599
-8.050871,-34.947639,16.0,2022-02-09 19:52:09+00:00,2.4331132814261487,4160.031778971025
-8.05088,-34.94764,16.0,2022-02-09 19:52:10+00:00,1.001449497460833,4161.033228468486
-8.050888,-34.947641,16.0,2022-02-09 19:52:11+00:00,0.8916085458180049,4161.924837014304
-8.05091,-34.947642,16.0,2022-02-09 19:52:12+00:00,2.435608921690003,4164.360445935994
-8.05092,-34.947641,16.0,2022-02-09 19:52:13+00:00,1.1114402245994528,4165.471886160593
-8.050929,-34.947641,16.0,2022-02-09 19:52:14+00:00,0.995364527546716,4166.46725068814
-8.05095,-34.947642,16.0,2022-02-09 19:52:15+00:00,2.3251315768282987,4168.792382264968
-8.050958,-34.947642,16.0,2022-02-09 19:52:16+00:00,0.8847684698238929,4169.677150734792
-8.050967,-34.947642,16.0,2022-02-09 19:52:17+00:00,0.9953645293939474,4170.672515264186
-8.050988,-34.947641,16.0,2022-02-09 19:52:18+00:00,2.3251315802011647,4172.9976468443865
-8.050997,-34.947641,16.0,2022-02-09 19:52:19+00:00,0.9953645305836105,4173.99301137497
-8.051006,-34.947641,16.0,2022-02-09 19:52:20+00:00,0.9953645309054909,4174.988375905875
-8.051021,-34.947643,16.0,2022-02-09 19:52:21+00:00,1.6735253412213333,4176.6619012470965
-8.051035,-34.947647,16.0,2022-02-09 19:52:22+00:00,1.6099007751602825,4178.271802022256
-8.05105,-34.947652,16.0,2022-02-09 19:52:23+00:00,1.748098566316721,4180.019900588573
-8.051066,-34.947659,16.0,2022-02-09 19:52:24+00:00,1.9304501743143614,4181.950350762888
-8.051081,-34.947664,16.0,2022-02-09 19:52:25+00:00,1.7480985553725177,4183.698449318261
-8.051097,-34.947668,16.0,2022-02-09 19:52:26+00:00,1.8236418958471041,4185.522091214108
-8.051113,-34.947669,16.0,2022-02-09 19:52:27+00:00,1.7729668842467086,4187.295058098354
-8.051128,-34.94767,16.0,2022-02-09 19:52:28+00:00,1.6625990006278224,4188.957657098982
-8.051144,-34.947672,16.0,2022-02-09 19:52:29+00:00,1.7832170955640052,4190.740874194546
-8.051159,-34.947676,16.0,2022-02-09 19:52:30+00:00,1.716535342420022,4192.457409536966
-8.051175,-34.94768,16.0,2022-02-09 19:52:31+00:00,1.823641882095949,4194.281051419062
-8.051189,-34.947686,16.0,2022-02-09 19:52:32+00:00,1.6836838211266985,4195.964735240189
-8.051203,-34.947691,16.0,2022-02-09 19:52:33+00:00,1.643513080049882,4197.608248320239
-8.051217,-34.947694,16.0,2022-02-09 19:52:34+00:00,1.5832645392935876,4199.191512859533
-8.051239,-34.947695,16.0,2022-02-09 19:52:35+00:00,2.435608956907373,4201.62712181644
-8.051248,-34.947694,16.0,2022-02-09 19:52:36+00:00,1.001449504491244,4202.628571320932
-8.051256,-34.947692,16.0,2022-02-09 19:52:37+00:00,0.9118209332166719,4203.540392254148
-8.051278,-34.947692,16.0,2022-02-09 19:52:38+00:00,2.433113329410499,4205.973505583559
-8.051286,-34.947693,16.0,2022-02-09 19:52:39+00:00,0.891608549274089,4206.865114132833
-8.051295,-34.947693,15.9,2022-02-09 19:52:40+00:00,0.9953645447416902,4207.860478677574
-8.051316,-34.947697,15.9,2022-02-09 19:52:41+00:00,2.3639997926219016,4210.224478470196
-8.051325,-34.947699,15.9,2022-02-09 19:52:42+00:00,1.0194864937084822,4211.243964963905
-8.051334,-34.947701,15.9,2022-02-09 19:52:43+00:00,1.0194864927992304,4212.2634514567035
-8.051348,-34.947702,15.9,2022-02-09 19:52:44+00:00,1.5522636088089394,4213.815715065512
-8.051362,-34.947702,15.9,2022-02-09 19:52:45+00:00,1.5483448521907355,4215.364059917703
-8.051376,-34.947702,15.9,2022-02-09 19:52:46+00:00,1.5483448536007962,4216.912404771304
-8.051391,-34.947704,15.9,2022-02-09 19:52:47+00:00,1.6735253443742928,4218.585930115678
-8.051405,-34.947708,15.9,2022-02-09 19:52:48+00:00,1.6099006923551076,4220.195830808033
-8.051419,-34.947715,15.9,2022-02-09 19:52:49+00:00,1.7299559597320708,4221.925786767765
-8.051433,-34.947722,15.9,2022-02-09 19:52:50+00:00,1.7299559488321166,4223.655742716597
-8.051445,-34.94773,15.9,2022-02-09 19:52:51+00:00,1.593413949764384,4225.249156666361
-8.051457,-34.94774,15.9,2022-02-09 19:52:52+00:00,1.7252208157754263,4226.974377482136
-8.051468,-34.947749,15.9,2022-02-09 19:52:53+00:00,1.5697778810314365,4228.544155363168
-8.05148,-34.947757,15.9,2022-02-09 19:52:54+00:00,1.5934139095561026,4230.137569272724
-8.051493,-34.947764,15.9,2022-02-09 19:52:55+00:00,1.6317160362668288,4231.769285308991
-8.051506,-34.947767,15.9,2022-02-09 19:52:56+00:00,1.4752885527709116,4233.244573861762
-8.051521,-34.94777,15.9,2022-02-09 19:52:57+00:00,1.6915790512682707,4234.93615291303
-8.051535,-34.947772,15.9,2022-02-09 19:52:58+00:00,1.563960966186076,4236.500113879216
-8.051549,-34.947774,15.9,2022-02-09 19:52:59+00:00,1.563960966012045,4238.064074845228
-8.051563,-34.947777,15.9,2022-02-09 19:53:00+00:00,1.583264506353665,4239.647339351582
-8.051576,-34.947779,15.9,2022-02-09 19:53:01+00:00,1.4545527499218225,4241.101892101504
-8.051597,-34.947788,15.9,2022-02-09 19:53:02+00:00,2.525525387852219,4243.627417489356
-8.051605,-34.947792,15.9,2022-02-09 19:53:03+00:00,0.9885461788189776,4244.615963668175
-8.051613,-34.947796,15.9,2022-02-09 19:53:04+00:00,0.9885461748882897,4245.604509843063
-8.051634,-34.947803,15.9,2022-02-09 19:53:05+00:00,2.4473377085852994,4248.051847551648
-8.051643,-34.947804,15.9,2022-02-09 19:53:06+00:00,1.001449511784673,4249.053297063433
-8.051652,-34.947806,15.9,2022-02-09 19:53:07+00:00,1.0194864708794689,4250.072783534312
-8.051673,-34.947804,15.9,2022-02-09 19:53:08+00:00,2.3329570762542837,4252.405740610567
-8.051681,-34.947803,15.9,2022-02-09 19:53:09+00:00,0.891608553216902,4253.297349163784
-8.05169,-34.947803,15.9,2022-02-09 19:53:10+00:00,0.9953645639942836,4254.292713727778
-8.051711,-34.947809,15.9,2022-02-09 19:53:11+00:00,2.4148509372682283,4256.707564665046
-8.051719,-34.947811,15.9,2022-02-09 19:53:12+00:00,0.9118208922413585,4257.619385557287
-8.051727,-34.947814,15.9,2022-02-09 19:53:13+00:00,0.9445474478552227,4258.563933005143
-8.051739,-34.94782,15.9,2022-02-09 19:53:14+00:00,1.4828191805304365,4260.046752185673
-8.051749,-34.947828,15.9,2022-02-09 19:53:15+00:00,1.4144897955187603,4261.461241981191
-8.051759,-34.94784,15.9,2022-02-09 19:53:16+00:00,1.724187309957829,4263.1854292911485
-8.051766,-34.947854,15.9,2022-02-09 19:53:17+00:00,1.7265115646634253,4264.911940855812
-8.051772,-34.947869,15.9,2022-02-09 19:53:18+00:00,1.7816277424050944,4266.693568598217
-8.051776,-34.947884,15.9,2022-02-09 19:53:19+00:00,1.7115979569250395,4268.405166555142
-8.051782,-34.947898,15.9,2022-02-09 19:53:20+00:00,1.6798311317305659,4270.084997686873
-8.051789,-34.947911,15.9,2022-02-09 19:53:21+00:00,1.6287351788885676,4271.713732865762
-8.051796,-34.947924,15.9,2022-02-09 19:53:22+00:00,1.6287351582525162,4273.342468024014
-8.051802,-34.947938,15.9,2022-02-09 19:53:23+00:00,1.6798310620492898,4275.022299086064
-8.051806,-34.947952,15.8,2022-02-09 19:53:24+00:00,1.605366797685545,4276.62766588375
-8.051807,-34.947968,15.8,2022-02-09 19:53:25+00:00,1.767133386681068,4278.394799270431
-8.051807,-34.947984,15.8,2022-02-09 19:53:26+00:00,1.7636691590479607,4280.1584684294785
-8.051807,-34.947999,15.8,2022-02-09 19:53:27+00:00,1.6534398376354473,4281.811908267114
-8.051807,-34.948016,15.8,2022-02-09 19:53:28+00:00,1.8738984820269258,4283.68580674914
-8.051808,-34.948031,15.8,2022-02-09 19:53:29+00:00,1.6571345067741772,4285.342941255914
-8.051806,-34.948047,15.8,2022-02-09 19:53:30+00:00,1.77748554472763,4287.120426800642
-8.051803,-34.948062,15.8,2022-02-09 19:53:31+00:00,1.6864005253242,4288.806827325967
-8.051799,-34.948077,15.8,2022-02-09 19:53:32+00:00,1.7115978511000933,4290.518425177067
-8.051794,-34.948092,15.8,2022-02-09 19:53:33+00:00,1.7434593965457381,4292.261884573612
-8.051789,-34.948107,15.8,2022-02-09 19:53:34+00:00,1.743459415461111,4294.0053439890735
-8.051784,-34.948122,15.8,2022-02-09 19:53:35+00:00,1.7434594340231861,4295.748803423096
-8.05178,-34.948136,15.8,2022-02-09 19:53:36+00:00,1.6053668772200533,4297.354170300317
-8.051776,-34.948149,15.8,2022-02-09 19:53:37+00:00,1.4997130453693415,4298.853883345686
-8.051768,-34.948171,15.8,2022-02-09 19:53:38+00:00,2.5814065988020998,4301.435289944488
-8.051765,-34.948179,15.8,2022-02-09 19:53:39+00:00,0.9421867028916545,4302.37747664738
-8.051762,-34.948188,15.8,2022-02-09 19:53:40+00:00,1.0460757140167378,4303.423552361396
-8.051757,-34.9482,15.8,2022-02-09 19:53:41+00:00,1.4336876032906893,4304.857239964686
-8.051752,-34.948213,15.8,2022-02-09 19:53:42+00:00,1.5359761900683664,4306.393216154755
-8.051745,-34.948234,15.8,2022-02-09 19:53:43+00:00,2.4408434122191887,4308.834059566973
-8.051742,-34.948243,15.8,2022-02-09 19:53:44+00:00,1.0460757595539696,4309.880135326527
-8.05174,-34.948251,15.8,2022-02-09 19:53:45+00:00,0.9091525917452727,4310.789287918273
-8.051735,-34.948279,15.8,2022-02-09 19:53:47+00:00,3.1355677703549656,4313.924855688628
-8.051733,-34.948293,15.8,2022-02-09 19:53:48+00:00,1.558982200798672,4315.4838378894265
-8.051732,-34.948307,15.8,2022-02-09 19:53:49+00:00,1.5471687203986921,4317.031006609825
-8.05173,-34.948329,15.8,2022-02-09 19:53:50+00:00,2.4351122875407487,4319.466118897366
-8.051728,-34.948338,15.8,2022-02-09 19:53:51+00:00,1.016423691467259,4320.482542588833
-8.051727,-34.948347,15.8,2022-02-09 19:53:52+00:00,0.9982097265792828,4321.480752315412
-8.051726,-34.948368,15.8,2022-02-09 19:53:53+00:00,2.317456724491719,4323.798209039904
-8.051726,-34.948377,15.8,2022-02-09 19:53:54+00:00,0.9920640992095551,4324.790273139113
-8.051726,-34.948385,15.8,2022-02-09 19:53:55+00:00,0.8818347551140134,4325.672107894227
-8.051727,-34.948406,15.8,2022-02-09 19:53:56+00:00,2.3174567241388093,4327.989564618366
-8.051728,-34.948414,15.8,2022-02-09 19:53:57+00:00,0.8887429429016284,4328.878307561267
-8.051728,-34.948422,15.8,2022-02-09 19:53:58+00:00,0.8818347507881477,4329.760142312056
-8.051729,-34.948444,15.8,2022-02-09 19:53:59+00:00,2.4275661606999184,4332.187708472756
-8.051728,-34.948453,15.8,2022-02-09 19:54:00+00:00,0.9982097234194001,4333.185918196175
-8.051728,-34.948462,15.8,2022-02-09 19:54:01+00:00,0.9920640943429555,4334.177982290518
-8.051728,-34.948475,15.8,2022-02-09 19:54:02+00:00,1.4329814701286425,4335.610963760647
-8.051728,-34.94849,15.8,2022-02-09 19:54:03+00:00,1.6534401572382598,4337.264403917885
-8.051729,-34.948504,15.8,2022-02-09 19:54:04+00:00,1.5471687351199468,4338.811572653005
-8.051731,-34.948518,15.8,2022-02-09 19:54:05+00:00,1.5589822158720832,4340.370554868877
-8.051733,-34.948533,15.8,2022-02-09 19:54:06+00:00,1.6681697335599408,4342.038724602437
-8.051735,-34.948547,15.8,2022-02-09 19:54:07+00:00,1.558982200798672,4343.597706803235
-8.051735,-34.948562,15.8,2022-02-09 19:54:08+00:00,1.6534401296329764,4345.251146932868
-8.051735,-34.948575,15.8,2022-02-09 19:54:09+00:00,1.4329814447420408,4346.68412837761
-8.051735,-34.948587,15.8,2022-02-09 19:54:10+00:00,1.3227521038630268,4348.006880481474
-8.051735,-34.948599,15.8,2022-02-09 19:54:11+00:00,1.3227521030798002,4349.329632584553
-8.051736,-34.948611,15.8,2022-02-09 19:54:12+00:00,1.327367548827839,4350.657000133381
-8.051735,-34.948631,15.8,2022-02-09 19:54:13+00:00,2.2073591932040535,4352.864359326585
-8.051733,-34.94864,15.8,2022-02-09 19:54:14+00:00,1.0164236784924008,4353.880783005077
-8.051731,-34.948648,15.8,2022-02-09 19:54:15+00:00,0.9091526106689167,4354.789935615746
-8.051723,-34.948668,15.8,2022-02-09 19:54:16+00:00,2.3755038679537237,4357.1654394837
-8.051719,-34.948677,15.8,2022-02-09 19:54:17+00:00,1.0862297309293414,4358.251669214629
-8.051716,-34.948685,15.8,2022-02-09 19:54:18+00:00,0.9421868009537577,4359.193856015583
-8.051712,-34.948696,15.8,2022-02-09 19:54:19+00:00,1.290703461048271,4360.484559476631
-8.051709,-34.948708,15.8,2022-02-09 19:54:20+00:00,1.3637289836366602,4361.848288460268
-8.051708,-34.948719,15.8,2022-02-09 19:54:21+00:00,1.2175562103762172,4363.065844670645
-8.051709,-34.94873,15.8,2022-02-09 19:54:22+00:00,1.2175562107291047,4364.283400881374
-8.051713,-34.948739,15.8,2022-02-09 19:54:23+00:00,1.0862297526328506,4365.369630634007
-8.051717,-34.948748,15.8,2022-02-09 19:54:24+00:00,1.0862297438808153,4366.455860377888
-8.051722,-34.948758,15.8,2022-02-09 19:54:25+00:00,1.2332226487769915,4367.689083026665
-8.051727,-34.948768,15.8,2022-02-09 19:54:26+00:00,1.2332226382902642,4368.922305664955
-8.051732,-34.948779,15.8,2022-02-09 19:54:27+00:00,1.3326660178114689,4370.254971682767
-8.05174,-34.948798,15.8,2022-02-09 19:54:28+00:00,2.2735761707661304,4372.528547853533
-8.051742,-34.948806,15.8,2022-02-09 19:54:29+00:00,0.9091525917452727,4373.437700445279
-8.051745,-34.948814,15.8,2022-02-09 19:54:30+00:00,0.9421867491225564,4374.379887194402
-8.051745,-34.948828,15.8,2022-02-09 19:54:31+00:00,1.5432107493361213,4375.923097943738
-8.05174,-34.948842,15.8,2022-02-09 19:54:32+00:00,1.6392945663149454,4377.562392510053
-8.051736,-34.948858,15.8,2022-02-09 19:54:33+00:00,1.818305196106214,4379.380697706159
-8.051731,-34.948873,15.8,2022-02-09 19:54:34+00:00,1.7434596382627041,4381.124157344421
-8.051726,-34.94889,15.8,2022-02-09 19:54:35+00:00,1.953787117704385,4383.077944462126
-8.051723,-34.948907,15.8,2022-02-09 19:54:36+00:00,1.9030450193525,4384.980989481478
-8.05172,-34.948924,15.8,2022-02-09 19:54:37+00:00,1.9030450333756945,4386.884034514854
-8.051715,-34.948941,15.8,2022-02-09 19:54:38+00:00,1.9537871667612843,4388.837821681615
-8.05171,-34.948958,15.8,2022-02-09 19:54:39+00:00,1.9537871881295117,4390.791608869745
-8.051706,-34.948976,15.8,2022-02-09 19:54:40+00:00,2.0328474821114315,4392.8244563518565
-8.0517,-34.948992,15.8,2022-02-09 19:54:41+00:00,1.8843736614570548,4394.708830013314
-8.051695,-34.94901,15.8,2022-02-09 19:54:42+00:00,2.059745733543008,4396.768575746857
-8.051689,-34.949027,15.8,2022-02-09 19:54:43+00:00,1.9879213031641523,4398.756497050022
-8.051686,-34.949044,15.8,2022-02-09 19:54:44+00:00,1.9030451861887616,4400.659542236211
-8.051685,-34.94906,15.8,2022-02-09 19:54:45+00:00,1.7671339083218427,4402.426676144532
-8.051686,-34.949076,15.8,2022-02-09 19:54:46+00:00,1.7671339072631354,4404.1938100517955
-8.051689,-34.949091,15.8,2022-02-09 19:54:47+00:00,1.6864009911224738,4405.880211042918
-8.051695,-34.949104,15.8,2022-02-09 19:54:48+00:00,1.5791674580161257,4407.459378500934
-8.051704,-34.949117,15.8,2022-02-09 19:54:49+00:00,1.7447598112133444,4409.204138312147
-8.051716,-34.949127,15.8,2022-02-09 19:54:50+00:00,1.725220381017629,4410.929358693164
-8.051729,-34.949135,15.8,2022-02-09 19:54:51+00:00,1.686639917247623,4412.615998610412
-8.051742,-34.949141,15.8,2022-02-09 19:54:52+00:00,1.5825738358327213,4414.198572446245
-8.051756,-34.949145,15.8,2022-02-09 19:54:53+00:00,1.6099006136415173,4415.808473059887
-8.051771,-34.949148,15.8,2022-02-09 19:54:54+00:00,1.6915790314789967,4417.500052091365
-8.051786,-34.949151,15.9,2022-02-09 19:54:55+00:00,1.6915790303019873,4419.191631121667
-8.051801,-34.949154,15.9,2022-02-09 19:54:56+00:00,1.6915790287722046,4420.8832101504395
-8.051816,-34.949156,15.9,2022-02-09 19:54:57+00:00,1.6735253481370904,4422.556735498577
-8.051831,-34.949159,15.9,2022-02-09 19:54:58+00:00,1.6915790262423063,4424.248314524819
-8.051846,-34.949161,15.9,2022-02-09 19:54:59+00:00,1.673525347891913,4425.921839872711
-8.051862,-34.949161,15.9,2022-02-09 19:55:00+00:00,1.7695370173307592,4427.691376890041
-8.051877,-34.949159,15.9,2022-02-09 19:55:01+00:00,1.6735253487328139,4429.364902238774
-8.051891,-34.949156,15.9,2022-02-09 19:55:02+00:00,1.583264474716376,4430.9481667134905
-8.051905,-34.949152,15.9,2022-02-09 19:55:03+00:00,1.6099005806524276,4432.558067294143
-8.051918,-34.949146,15.9,2022-02-09 19:55:04+00:00,1.5825737272441451,4434.140641021388
-8.051931,-34.949138,15.9,2022-02-09 19:55:05+00:00,1.6866397009752696,4435.827280722363
-8.051943,-34.94913,15.9,2022-02-09 19:55:06+00:00,1.5934133805256132,4437.420694102889
-8.051957,-34.949121,15.9,2022-02-09 19:55:07+00:00,1.8389023945486078,4439.259596497437
-8.05197,-34.949111,15.9,2022-02-09 19:55:08+00:00,1.8116763315237963,4441.071272828961
-8.051983,-34.949101,15.9,2022-02-09 19:55:09+00:00,1.8116763110841336,4442.882949140045
-8.051996,-34.949091,15.9,2022-02-09 19:55:10+00:00,1.8116762901158816,4444.69462543016
-8.052008,-34.949081,15.9,2022-02-09 19:55:11+00:00,1.725219891777983,4446.419845321938
-8.052021,-34.949069,15.9,2022-02-09 19:55:12+00:00,1.9536612925899013,4448.373506614527
-8.052032,-34.949058,15.9,2022-02-09 19:55:13+00:00,1.7176203227392912,4450.091126937266
-8.052043,-34.949046,15.9,2022-02-09 19:55:14+00:00,1.797131258229985,4451.888258195497
-8.052053,-34.949033,15.9,2022-02-09 19:55:15+00:00,1.8101330397146396,4453.698391235212
-8.05206,-34.94902,15.9,2022-02-09 19:55:16+00:00,1.6287343465073785,4455.327125581719
-8.052064,-34.949007,15.9,2022-02-09 19:55:17+00:00,1.499712091342063,4456.826837673061
-8.052066,-34.948993,15.9,2022-02-09 19:55:18+00:00,1.558980960270419,4458.385818633332
-8.052066,-34.948979,15.9,2022-02-09 19:55:19+00:00,1.543209534281791,4459.929028167614
-8.052063,-34.948965,15.9,2022-02-09 19:55:20+00:00,1.5784736581932828,4461.507501825808
-8.052061,-34.948951,15.9,2022-02-09 19:55:21+00:00,1.5589809725458688,4463.066482798354
-8.052059,-34.948937,15.9,2022-02-09 19:55:22+00:00,1.5589809788474964,4464.625463777201
-8.052059,-34.948922,15.9,2022-02-09 19:55:23+00:00,1.6534388148404375,4466.278902592041
-8.052061,-34.948908,15.9,2022-02-09 19:55:24+00:00,1.5589809788474964,4467.837883570888
-8.052063,-34.948893,15.9,2022-02-09 19:55:25+00:00,1.6681684078370391,4469.506051978725
-8.052066,-34.948878,15.9,2022-02-09 19:55:26+00:00,1.6863994924521195,4471.192451471177
-8.052068,-34.948862,15.9,2022-02-09 19:55:27+00:00,1.777484428956369,4472.969935900133
-8.052071,-34.948847,15.9,2022-02-09 19:55:28+00:00,1.6863994721209368,4474.656335372254
-8.052075,-34.948831,15.9,2022-02-09 19:55:29+00:00,1.8183037919326779,4476.474639164187
-8.052077,-34.948816,15.9,2022-02-09 19:55:30+00:00,1.6681683503410272,4478.142807514528
-8.05208,-34.948801,15.9,2022-02-09 19:55:31+00:00,1.6863994363717298,4479.8292069509
-8.052082,-34.948787,15.9,2022-02-09 19:55:32+00:00,1.5589809013884535,4481.388187852288
-8.052083,-34.948772,15.9,2022-02-09 19:55:33+00:00,1.6571333940747193,4483.045321246363
-8.052085,-34.948757,15.9,2022-02-09 19:55:34+00:00,1.6681683166794639,4484.7134895630425
-8.052089,-34.948742,15.9,2022-02-09 19:55:35+00:00,1.711596732596274,4486.425086295639
-8.052093,-34.948728,15.9,2022-02-09 19:55:36+00:00,1.6053657545877882,4488.030452050227
-8.052098,-34.948713,15.9,2022-02-09 19:55:37+00:00,1.7434582496199769,4489.773910299847
-8.052103,-34.948699,15.9,2022-02-09 19:55:38+00:00,1.639293293762685,4491.413203593609
-8.052108,-34.948684,15.9,2022-02-09 19:55:39+00:00,1.7434582096726308,4493.156661803282
-8.052111,-34.948669,15.9,2022-02-09 19:55:40+00:00,1.6863993137061006,4494.843061116988
-8.05207,-34.948656,15.9,2022-02-09 19:55:41+00:00,4.7554774934982245,4499.598538610486
-8.052027,-34.948659,15.9,2022-02-09 19:55:42+00:00,4.767114274985656,4504.365652885472
-8.052052,-34.948638,15.9,2022-02-09 19:55:43+00:00,3.6059737772462985,4507.971626662718
-8.052068,-34.948619,15.9,2022-02-09 19:55:44+00:00,2.7418219583808123,4510.713448621099
-8.052027,-34.948618,15.8,2022-02-09 19:55:45+00:00,4.53577825239243,4515.249226873491
-8.051987,-34.948617,15.8,2022-02-09 19:55:46+00:00,4.425215659366876,4519.674442532858
-8.052046,-34.948584,15.8,2022-02-09 19:55:47+00:00,7.470588973125153,4527.145031505983
-8.052067,-34.948553,15.8,2022-02-09 19:55:48+00:00,4.131671149098978,4531.276702655082
-8.052073,-34.948543,15.8,2022-02-09 19:55:49+00:00,1.2866166514461939,4532.563319306528
-8.052088,-34.948514,15.8,2022-02-09 19:55:50+00:00,3.6014781557515785,4536.164797462279
-8.052092,-34.948504,15.8,2022-02-09 19:55:51+00:00,1.1877510264399769,4537.35254848872
-8.05211,-34.948476,15.8,2022-02-09 19:55:52+00:00,3.6727351730056577,4541.025283661726
-8.052114,-34.948467,15.8,2022-02-09 19:55:53+00:00,1.0862288654588597,4542.1115125271845
-8.05212,-34.948451,15.8,2022-02-09 19:55:54+00:00,1.8843719911496017,4543.995884518334
-8.052124,-34.948435,15.8,2022-02-09 19:55:55+00:00,1.8183035855221779,4545.8141881038555
-8.052126,-34.94842,15.8,2022-02-09 19:55:56+00:00,1.6681681543980902,4547.482356258253
-8.052126,-34.948407,15.8,2022-02-09 19:55:57+00:00,1.4329800704340259,4548.915336328687
-8.052125,-34.948395,15.8,2022-02-09 19:55:58+00:00,1.3273662896229523,4550.2427026183095
-8.052123,-34.948383,15.8,2022-02-09 19:55:59+00:00,1.3411173504626173,4551.583819968772
-8.052122,-34.948373,15.8,2022-02-09 19:56:00+00:00,1.1078266846061102,4552.6916466533785
-8.052122,-34.948363,15.8,2022-02-09 19:56:01+00:00,1.1022923726272742,4553.793939026005
-8.052124,-34.948353,15.8,2022-02-09 19:56:02+00:00,1.1242661735058639,4554.918205199511
-8.052127,-34.948343,15.8,2022-02-09 19:56:03+00:00,1.1511437184121909,4556.069348917924
-8.05213,-34.948333,15.8,2022-02-09 19:56:04+00:00,1.1511437114101764,4557.220492629334
-8.052133,-34.948323,15.8,2022-02-09 19:56:05+00:00,1.1511437029968814,4558.371636332331
-8.052138,-34.948312,15.8,2022-02-09 19:56:06+00:00,1.332664924140026,4559.704301256471
-8.052141,-34.948292,15.8,2022-02-09 19:56:07+00:00,2.2294117825348656,4561.933713039006
-8.052142,-34.948283,15.8,2022-02-09 19:56:08+00:00,0.998208725764881,4562.931921764771
-8.052143,-34.948275,15.8,2022-02-09 19:56:09+00:00,0.8887420521758138,4563.820663816947
-8.052146,-34.948261,15.8,2022-02-09 19:56:10+00:00,1.578473363103124,4565.39913718005
-8.052148,-34.948247,15.8,2022-02-09 19:56:11+00:00,1.5589806546187368,4566.958117834669
-8.052151,-34.948233,15.8,2022-02-09 19:56:12+00:00,1.5784733441748233,4568.536591178844
-8.052155,-34.948219,15.8,2022-02-09 19:56:13+00:00,1.6053655299958915,4570.14195670884
-8.052158,-34.948205,15.8,2022-02-09 19:56:14+00:00,1.5784733175339614,4571.720430026374
-8.052162,-34.948191,15.8,2022-02-09 19:56:15+00:00,1.605365504769573,4573.325795531144
-8.052164,-34.948176,15.8,2022-02-09 19:56:16+00:00,1.668168001210821,4574.993963532354
-8.052164,-34.948161,15.8,2022-02-09 19:56:17+00:00,1.6534383889928121,4576.647401921347
-8.052162,-34.948147,15.8,2022-02-09 19:56:18+00:00,1.5589805943252892,4578.206382515673
-8.052159,-34.948134,15.8,2022-02-09 19:56:19+00:00,1.4708891677063478,4579.677271683379
-8.052157,-34.948121,15.8,2022-02-09 19:56:20+00:00,1.4499508676901032,4581.127222551069
-8.052153,-34.948107,15.8,2022-02-09 19:56:21+00:00,1.6053655229898214,4582.732588074059
-8.05215,-34.948093,15.8,2022-02-09 19:56:22+00:00,1.5784733378738083,4584.311061411933
-8.052148,-34.948079,15.8,2022-02-09 19:56:23+00:00,1.5589806447882992,4585.870042056721
-8.052149,-34.948066,15.8,2022-02-09 19:56:24+00:00,1.4372415057283205,4587.30728356245
-8.052152,-34.948051,15.7,2022-02-09 19:56:25+00:00,1.6863991503781826,4588.993682712828
-8.052157,-34.948038,15.7,2022-02-09 19:56:26+00:00,1.535974881966928,4590.529657594795
-8.052163,-34.948024,15.7,2022-02-09 19:56:27+00:00,1.6798298116935282,4592.209487406489
-8.052168,-34.948009,15.7,2022-02-09 19:56:28+00:00,1.7434579798696035,4593.952945386358
-8.052173,-34.947994,15.7,2022-02-09 19:56:29+00:00,1.743457960601816,4595.696403346959
-8.052176,-34.947979,15.7,2022-02-09 19:56:30+00:00,1.6863990564586193,4597.382802403418
-8.052178,-34.947963,15.7,2022-02-09 19:56:31+00:00,1.7774839560714246,4599.16028635949
-8.052178,-34.947947,15.7,2022-02-09 19:56:32+00:00,1.7636675548823761,4600.923953914372
-8.052178,-34.947932,15.7,2022-02-09 19:56:33+00:00,1.6534383322127117,4602.577392246584
-8.052177,-34.947916,15.7,2022-02-09 19:56:34+00:00,1.7671317842286085,4604.344524030813
-8.052175,-34.9479,15.7,2022-02-09 19:56:35+00:00,1.7774839620418477,4606.122007992854
-8.05217,-34.947885,15.7,2022-02-09 19:56:36+00:00,1.7434579521887674,4607.865465945043
-8.052166,-34.947871,15.7,2022-02-09 19:56:37+00:00,1.6053654746289827,4609.470831419672
-8.052162,-34.947856,15.7,2022-02-09 19:56:38+00:00,1.7115964305379179,4611.18242785021
-8.052159,-34.947841,15.6,2022-02-09 19:56:39+00:00,1.6863991118332207,4612.868826962043
-8.052157,-34.947827,15.6,2022-02-09 19:56:40+00:00,1.5589806132553026,4614.427807575299
-8.052156,-34.947812,15.6,2022-02-09 19:56:41+00:00,1.6571330953965693,4616.084940670696
-8.052156,-34.947798,15.6,2022-02-09 19:56:42+00:00,1.5432091936037127,4617.628149864299
-8.052156,-34.947784,15.6,2022-02-09 19:56:43+00:00,1.5432091936037127,4619.171359057903
-8.052158,-34.947762,15.6,2022-02-09 19:56:44+00:00,2.4351097659875016,4621.60646882389
-8.052158,-34.947753,15.6,2022-02-09 19:56:45+00:00,0.9920630479962661,4622.598531871887
-8.052159,-34.947744,15.6,2022-02-09 19:56:46+00:00,0.998208685457175,4623.596740557344
-8.05216,-34.94773,15.5,2022-02-09 19:56:47+00:00,1.5471671081466758,4625.143907665491
-8.052162,-34.947716,15.5,2022-02-09 19:56:48+00:00,1.558980600274013,4626.702888265764
-8.052164,-34.947694,15.5,2022-02-09 19:56:49+00:00,2.4351097302290965,4629.137997995993
-8.052165,-34.947685,15.5,2022-02-09 19:56:50+00:00,0.9982086707327052,4630.136206666725
-8.052166,-34.947677,15.5,2022-02-09 19:56:51+00:00,0.8887420038078564,4631.024948670533
-8.052165,-34.947655,15.5,2022-02-09 19:56:52+00:00,2.4275635647138607,4633.452512235247
-8.052165,-34.947647,15.5,2022-02-09 19:56:53+00:00,0.8818338047776327,4634.334346040025
-8.052165,-34.947638,15.4,2022-02-09 19:56:54+00:00,0.9920630317454817,4635.32640907177
-8.052166,-34.947617,15.4,2022-02-09 19:56:55+00:00,2.31745423296329,4637.643863304734
-8.052167,-34.947609,15.4,2022-02-09 19:56:56+00:00,0.8887420002932308,4638.532605305027
-8.052167,-34.947601,15.4,2022-02-09 19:56:57+00:00,0.8818338012347587,4639.414439106262
-8.052169,-34.947589,15.4,2022-02-09 19:56:58+00:00,1.3411172099085151,4640.75555631617
-8.052171,-34.947577,15.4,2022-02-09 19:56:59+00:00,1.3411172032469783,4642.096673519417
-8.052172,-34.947565,15.4,2022-02-09 19:57:00+00:00,1.327366139926827,4643.424039659344
-8.052172,-34.947545,15.3,2022-02-09 19:57:01+00:00,2.2045844756571444,4645.628624135001
-8.052171,-34.947537,15.3,2022-02-09 19:57:02+00:00,0.8887419904841983,4646.517366125485
-8.05217,-34.947529,15.3,2022-02-09 19:57:03+00:00,0.8887419901169024,4647.4061081156015
-8.052167,-34.947517,15.3,2022-02-09 19:57:04+00:00,1.3637275437183678,4648.76983565932
-8.05216,-34.947507,15.3,2022-02-09 19:57:05+00:00,1.3469934000154173,4650.116829059335
-8.052151,-34.947498,15.3,2022-02-09 19:57:06+00:00,1.4053255010325056,4651.522154560367
-8.052131,-34.947489,15.3,2022-02-09 19:57:07+00:00,2.424208123011677,4653.9463626833785
-8.052123,-34.947487,15.3,2022-02-09 19:57:08+00:00,0.9118208556294424,4654.858183539008
-8.052114,-34.947484,15.3,2022-02-09 19:57:09+00:00,1.048858913982687,4655.90704245299
-8.052101,-34.947481,15.3,2022-02-09 19:57:10+00:00,1.4752884836723803,4657.382330936663
-8.052087,-34.947478,15.3,2022-02-09 19:57:11+00:00,1.58326445451892,4658.9655953911815
-8.052073,-34.947476,15.3,2022-02-09 19:57:12+00:00,1.5639609651794004,4660.529556356361
-8.052057,-34.947476,15.3,2022-02-09 19:57:13+00:00,1.7695370357328284,4662.299093392095
-8.052042,-34.947479,15.3,2022-02-09 19:57:14+00:00,1.6915790087938058,4663.990672400889
-8.052025,-34.947484,15.3,2022-02-09 19:57:15+00:00,1.9592505489506402,4665.94992294984
-8.052009,-34.947491,15.3,2022-02-09 19:57:16+00:00,1.9304495239364483,4667.880372473776
-8.051994,-34.947501,15.3,2022-02-09 19:57:17+00:00,1.9917666332960622,4669.872139107072
-8.051972,-34.947519,15.4,2022-02-09 19:57:18+00:00,3.1395542088163966,4673.011693315889
-8.051965,-34.947526,15.4,2022-02-09 19:57:19+00:00,1.0930311906462844,4674.104724506535
-8.051944,-34.947545,15.4,2022-02-09 19:57:20+00:00,3.1273655726057474,4677.23209007914
-8.051937,-34.947552,15.4,2022-02-09 19:57:21+00:00,1.0930312268511584,4678.325121305991
-8.051924,-34.947563,15.5,2022-02-09 19:57:22+00:00,1.8807795567686993,4680.20590086276
-8.051911,-34.947575,15.5,2022-02-09 19:57:23+00:00,1.9536615010778353,4682.159562363838
-8.051899,-34.947586,15.5,2022-02-09 19:57:24+00:00,1.7976497672518892,4683.957212131089
-8.051888,-34.947597,15.6,2022-02-09 19:57:25+00:00,1.7176205960581266,4685.674832727147
-8.051877,-34.947607,15.6,2022-02-09 19:57:26+00:00,1.6416638234088223,4687.316496550556
-8.051867,-34.947619,15.6,2022-02-09 19:57:27+00:00,1.724187021235397,4689.040683571791
-8.051857,-34.947631,15.7,2022-02-09 19:57:28+00:00,1.7241870444233127,4690.7648706162145
-8.051847,-34.947643,15.7,2022-02-09 19:57:29+00:00,1.7241870690223369,4692.489057685237
-8.051838,-34.947656,15.7,2022-02-09 19:57:30+00:00,1.74475940166505,4694.233817086902
-8.051829,-34.947669,15.7,2022-02-09 19:57:31+00:00,1.744759427171665,4695.978576514073
-8.051821,-34.947683,15.8,2022-02-09 19:57:32+00:00,1.7788518191710452,4697.757428333244
-8.051815,-34.947697,15.8,2022-02-09 19:57:33+00:00,1.6798309962225906,4699.4372593294665
-8.05181,-34.947712,15.8,2022-02-09 19:57:34+00:00,1.7434593359475608,4701.180718665414
-8.051806,-34.947727,15.8,2022-02-09 19:57:35+00:00,1.7115978230627078,4702.892316488477
-8.051803,-34.947742,15.8,2022-02-09 19:57:36+00:00,1.6864005253242,4704.578717013802
-8.051801,-34.947757,15.8,2022-02-09 19:57:37+00:00,1.668169451372802,4706.246886465175
-8.051801,-34.947772,15.8,2022-02-09 19:57:38+00:00,1.6534398611854477,4707.90032632636
-8.051799,-34.947786,15.8,2022-02-09 19:57:39+00:00,1.5589819529702986,4709.459308279331
-8.0518,-34.947802,15.9,2022-02-09 19:57:40+00:00,1.7671334150650142,4711.226441694395
-8.0518,-34.947819,15.9,2022-02-09 19:57:41+00:00,1.8738985142008566,4713.100340208596
-8.051799,-34.947836,15.9,2022-02-09 19:57:42+00:00,1.8771593270053473,4714.977499535602
-8.051799,-34.947854,15.9,2022-02-09 19:57:43+00:00,1.984127843155822,4716.961627378758
-8.0518,-34.947871,15.9,2022-02-09 19:57:44+00:00,1.8771593270053473,4718.838786705764
-8.051798,-34.947889,15.9,2022-02-09 19:57:45+00:00,1.9964191078714373,4720.835205813635
-8.051793,-34.947906,15.9,2022-02-09 19:57:46+00:00,1.9537868226891861,4722.788992636324
-8.051786,-34.947922,15.9,2022-02-09 19:57:47+00:00,1.9261028374302867,4724.715095473754
-8.051781,-34.947938,15.9,2022-02-09 19:57:48+00:00,1.8483280264945294,4726.563423500249
-8.051777,-34.947955,15.8,2022-02-09 19:57:49+00:00,1.9254090034000095,4728.488832503649
-8.051774,-34.947971,15.8,2022-02-09 19:57:50+00:00,1.7946065838518883,4730.283439087501
-8.051772,-34.947986,15.8,2022-02-09 19:57:51+00:00,1.6681695673966428,4731.951608654898
-8.051769,-34.948002,15.8,2022-02-09 19:57:52+00:00,1.7946066041742528,4733.746215259072
-8.051766,-34.948015,15.8,2022-02-09 19:57:53+00:00,1.470890511332907,4735.217105770405
-8.051761,-34.948029,15.8,2022-02-09 19:57:54+00:00,1.63929449100034,4736.856400261406
-8.051757,-34.948043,15.8,2022-02-09 19:57:55+00:00,1.6053669616691075,4738.461767223075
-8.051752,-34.948056,15.8,2022-02-09 19:57:56+00:00,1.5359761900683664,4739.997743413143
-8.051749,-34.948069,15.8,2022-02-09 19:57:57+00:00,1.4708905695079386,4741.468633982651
-8.051746,-34.948082,15.8,2022-02-09 19:57:58+00:00,1.470890580023315,4742.939524562675
-8.051743,-34.948096,15.8,2022-02-09 19:57:59+00:00,1.5784748410237748,4744.517999403699
-8.051741,-34.94811,15.8,2022-02-09 19:58:00+00:00,1.5589821720634287,4746.076981575762
-8.05174,-34.948124,15.8,2022-02-09 19:58:01+00:00,1.5471686916619585,4747.624150267424
-8.051741,-34.948139,15.8,2022-02-09 19:58:02+00:00,1.657134780937791,4749.2812850483615
-8.051742,-34.948155,15.8,2022-02-09 19:58:03+00:00,1.7671336657230294,4751.048418714085
-8.051742,-34.948171,15.8,2022-02-09 19:58:04+00:00,1.7636694410141138,4752.8120881550985
-8.051741,-34.948185,15.8,2022-02-09 19:58:05+00:00,1.5471686881580908,4754.359256843257
-8.05174,-34.9482,15.8,2022-02-09 19:58:06+00:00,1.657134780937791,4756.0163916241945
-8.051741,-34.948214,15.8,2022-02-09 19:58:07+00:00,1.5471686916619585,4757.563560315856
-8.051744,-34.948228,15.8,2022-02-09 19:58:08+00:00,1.5784748487362625,4759.142035164592
-8.051746,-34.948241,15.8,2022-02-09 19:58:09+00:00,1.449952302026665,4760.591987466619
-8.05174,-34.948262,15.8,2022-02-09 19:58:10+00:00,2.4080505288675287,4763.000037995486
-8.051736,-34.94827,15.8,2022-02-09 19:58:11+00:00,0.9865780844516702,4763.986616079938
-8.051732,-34.948278,15.8,2022-02-09 19:58:12+00:00,0.9865780917983563,4764.973194171736
-8.051727,-34.948291,15.8,2022-02-09 19:58:13+00:00,1.5359762716703647,4766.509170443407
-8.051723,-34.948305,15.8,2022-02-09 19:58:14+00:00,1.6053670853560589,4768.114537528763
-8.051719,-34.948326,15.8,2022-02-09 19:58:15+00:00,2.356709176920012,4770.471246705683
-8.051719,-34.948335,15.8,2022-02-09 19:58:16+00:00,0.9920641162426418,4771.463310821926
-8.051718,-34.948343,15.8,2022-02-09 19:58:17+00:00,0.8887429625340039,4772.35205378446
-8.051718,-34.948364,15.8,2022-02-09 19:58:18+00:00,2.314816276910524,4774.66687006137
-8.051719,-34.948373,15.8,2022-02-09 19:58:19+00:00,0.9982097490188271,4775.665079810389
-8.051719,-34.948381,15.8,2022-02-09 19:58:20+00:00,0.8818347702545354,4776.546914580644
-8.051718,-34.948395,15.8,2022-02-09 19:58:21+00:00,1.54716877474622,4778.09408335539
-8.051717,-34.948409,15.8,2022-02-09 19:58:22+00:00,1.5471687771913838,4779.641252132581
-8.051716,-34.948423,15.8,2022-02-09 19:58:23+00:00,1.5471687817539097,4781.1884209143345
-8.051714,-34.948437,15.8,2022-02-09 19:58:24+00:00,1.5589822719561168,4782.74740318629
-8.051712,-34.948452,15.8,2022-02-09 19:58:25+00:00,1.6681698106828977,4784.415572996973
-8.051709,-34.948466,15.8,2022-02-09 19:58:26+00:00,1.5784749668430686,4785.994047963816
-8.051705,-34.94848,15.8,2022-02-09 19:58:27+00:00,1.6053671501730333,4787.599415113989
-8.0517,-34.948495,15.8,2022-02-09 19:58:28+00:00,1.7434597570177393,4789.342874871008
-8.051694,-34.94851,15.8,2022-02-09 19:58:29+00:00,1.78162801346609,4791.124502884473
-8.051688,-34.948523,15.8,2022-02-09 19:58:30+00:00,1.5791674622255438,4792.703670346699
-8.051683,-34.948536,15.8,2022-02-09 19:58:31+00:00,1.5359764145556678,4794.239646761255
-8.051679,-34.948549,15.8,2022-02-09 19:58:32+00:00,1.4997133697913945,4795.739360131047
-8.051674,-34.94857,15.8,2022-02-09 19:58:33+00:00,2.379950149492589,4798.119310280539
-8.051672,-34.948578,15.8,2022-02-09 19:58:34+00:00,0.9091527340182407,4799.028463014557
-8.05167,-34.948587,15.8,2022-02-09 19:58:35+00:00,1.0164238284933331,4800.04488684305
-8.051674,-34.948607,15.8,2022-02-09 19:58:36+00:00,2.248534735195554,4802.293421578246
-8.051678,-34.948614,15.8,2022-02-09 19:58:37+00:00,0.889426152698958,4803.1828477309455
-8.051682,-34.948622,15.8,2022-02-09 19:58:38+00:00,0.9865781957445576,4804.16942592669
-8.051692,-34.948631,15.8,2022-02-09 19:58:39+00:00,1.485712042340059,4805.65513796903
-8.051712,-34.948647,15.8,2022-02-09 19:58:41+00:00,2.8289797006259363,4808.4841176696555
-8.051721,-34.948655,15.8,2022-02-09 19:58:42+00:00,1.3298056963645193,4809.81392336602
