latitude,longitude,elevation,timestamp,distance,distance_cumulative
-8.05532,-34.951187,15.1,2022-06-15 22:57:17+00:00,0.0,0.0
-8.055319,-34.951185,15.1,2022-06-15 22:57:18+00:00,0.24664279725336835,0.24664279725336835
-8.055318,-34.951183,15.1,2022-06-15 22:57:19+00:00,0.2466427990135186,0.49328559626688695
-8.055318,-34.951181,15.1,2022-06-15 22:57:20+00:00,0.22045674623023492,0.7137423424971219
-8.055317,-34.951179,15.1,2022-06-15 22:57:21+00:00,0.24664279865675134,0.9603851411538732
-8.055316,-34.951177,15.1,2022-06-15 22:57:22+00:00,0.2466428000642832,1.2070279412181564
-8.055315,-34.951175,15.1,2022-06-15 22:57:23+00:00,0.24664280041344466,1.453670741631601
-8.055315,-34.951173,15.1,2022-06-15 22:57:24+00:00,0.22045674785315325,1.6741274894847542
-8.055314,-34.951171,15.1,2022-06-15 22:57:25+00:00,0.24664280040947723,1.9207702898942314
-8.055313,-34.951169,15.1,2022-06-15 22:57:26+00:00,0.24664280111110995,2.1674130910053413
-8.055313,-34.951167,15.1,2022-06-15 22:57:27+00:00,0.2204567489350985,2.3878698399404397
-8.055312,-34.951165,15.1,2022-06-15 22:57:28+00:00,0.24664280110672526,2.634512641047165
-8.055311,-34.951163,15.1,2022-06-15 22:57:29+00:00,0.2466428018086166,2.8811554428557815
-8.05531,-34.951161,15.1,2022-06-15 22:57:30+00:00,0.24664280321641802,3.1277982460721994
-8.05531,-34.951159,15.1,2022-06-15 22:57:31+00:00,0.22045675055801592,3.348254996630215
-8.055309,-34.951157,15.1,2022-06-15 22:57:32+00:00,0.24664280250662418,3.5948977991368394
-8.055308,-34.951155,15.1,2022-06-15 22:57:33+00:00,0.2466428035611838,3.841540602698023
-8.055307,-34.951153,15.1,2022-06-15 22:57:34+00:00,0.24664280461581342,4.088183407313837
-8.055307,-34.951152,15.1,2022-06-15 22:57:35+00:00,0.11022837569885649,4.198411783012693
-8.055306,-34.95115,15.1,2022-06-15 22:57:36+00:00,0.24664280461212074,4.4450545876248135
-8.055305,-34.951148,15.1,2022-06-15 22:57:37+00:00,0.24664280460803079,4.691697392232844
-8.055304,-34.951146,15.1,2022-06-15 22:57:38+00:00,0.24664280601549013,4.938340198248334
-8.055304,-34.951144,15.1,2022-06-15 22:57:39+00:00,0.2204567538038488,5.1587969520521835
-8.055303,-34.951142,15.1,2022-06-15 22:57:40+00:00,0.24664280565855293,5.405439757710736
-8.055302,-34.95114,15.1,2022-06-15 22:57:41+00:00,0.24664280565446306,5.652082563365199
-8.055301,-34.951138,15.1,2022-06-15 22:57:42+00:00,0.24664280706223077,5.89872537042743
-8.055301,-34.951136,15.1,2022-06-15 22:57:43+00:00,0.2204567554267644,6.119182125854194
-8.0553,-34.951134,15.1,2022-06-15 22:57:44+00:00,0.24664280635219193,6.365824932206386
-8.055299,-34.951132,15.1,2022-06-15 22:57:45+00:00,0.24664280776011832,6.612467739966504
-8.055298,-34.95113,15.1,2022-06-15 22:57:46+00:00,0.24664280810887168,6.859110548075376
-8.055298,-34.951128,15.1,2022-06-15 22:57:47+00:00,0.22045675704967937,7.079567305125055
-8.055297,-34.951126,15.1,2022-06-15 22:57:48+00:00,0.24664280881074427,7.326210113935799
-8.055296,-34.951124,15.1,2022-06-15 22:57:49+00:00,0.24664280951242692,7.5728529234482265
-8.055295,-34.951122,15.1,2022-06-15 22:57:51+00:00,0.24664280950840312,7.8194957329566295
-8.055295,-34.95112,15.1,2022-06-15 22:57:52+00:00,0.22045675788937405,8.039952490846003
-8.055294,-34.951118,15.1,2022-06-15 22:57:53+00:00,0.2466428102103645,8.286595301056368
-8.055296,-34.951084,15.1,2022-06-15 22:57:54+00:00,3.75428657341901,12.040881874475378
-8.055298,-34.951072,15.1,2022-06-15 22:57:55+00:00,1.3411072003423004,13.381989074817678
-8.055307,-34.951036,15.1,2022-06-15 22:57:56+00:00,4.091153072048749,17.473142146866426
-8.055309,-34.951025,15.1,2022-06-15 22:57:57+00:00,1.2325224729235427,18.705664619789967
-8.055318,-34.950997,15.1,2022-06-15 22:57:58+00:00,3.2429279730190514,21.948592592809018
-8.055325,-34.950958,15.1,2022-06-15 22:57:59+00:00,4.368059106735268,26.316651699544288
-8.055327,-34.950946,15.1,2022-06-15 22:58:00+00:00,1.3411071060444228,27.65775880558871
-8.055327,-34.950909,15.1,2022-06-15 22:58:01+00:00,4.0784497108796,31.73620851646831
-8.055327,-34.950897,15.1,2022-06-15 22:58:02+00:00,1.3227404473856375,33.05894896385395
-8.05533,-34.95086,15.1,2022-06-15 22:58:03+00:00,4.091923186929784,37.150872150783734
-8.05533,-34.950848,15.1,2022-06-15 22:58:04+00:00,1.3227404368648927,38.473612587648624
-8.055334,-34.950816,15.1,2022-06-15 22:58:05+00:00,3.554940830434894,42.02855341808352
-8.055336,-34.950807,15.1,2022-06-15 22:58:06+00:00,1.0164151339173413,43.04496855200086
-8.055343,-34.950777,15.1,2022-06-15 22:58:07+00:00,3.3962636548014276,46.44123220680229
-8.055346,-34.950768,15.1,2022-06-15 22:58:08+00:00,1.046067466558475,47.487299673360766
-8.055349,-34.950736,15.1,2022-06-15 22:58:09+00:00,3.5428777728145624,51.03017744617533
-8.055351,-34.950726,15.1,2022-06-15 22:58:10+00:00,1.124257623117936,52.154435069293264
-8.055355,-34.950696,15.1,2022-06-15 22:58:11+00:00,3.33631035829003,55.49074542758329
-8.055357,-34.950685,15.1,2022-06-15 22:58:12+00:00,1.2325223323722496,56.72326775995554
-8.055361,-34.950651,15.1,2022-06-15 22:58:13+00:00,3.773783403384478,60.49705116334002
-8.055363,-34.95064,15.1,2022-06-15 22:58:14+00:00,1.2325223141415738,61.729573477481594
-8.055368,-34.95061,15.1,2022-06-15 22:58:15+00:00,3.3527674514184214,65.08234092890001
-8.05537,-34.9506,15.1,2022-06-15 22:58:16+00:00,1.124257573353414,66.20659850225343
-8.055377,-34.950567,15.1,2022-06-15 22:58:17+00:00,3.7190065849059115,69.92560508715934
-8.055379,-34.950554,15.1,2022-06-15 22:58:18+00:00,1.4499396846476458,71.37554477180699
-8.055384,-34.950523,15.1,2022-06-15 22:58:19+00:00,3.4615338272363836,74.83707859904337
-8.055385,-34.950513,15.1,2022-06-15 22:58:20+00:00,1.1078179091935554,75.94489650823692
-8.055388,-34.950483,15.1,2022-06-15 22:58:21+00:00,3.323453708279472,79.2683502165164
-8.055389,-34.950474,15.1,2022-06-15 22:58:22+00:00,0.9982008738357245,80.26655109035212
-8.055393,-34.950443,15.1,2022-06-15 22:58:23+00:00,3.445596096577563,83.71214718692968
-8.055393,-34.950433,15.1,2022-06-15 22:58:24+00:00,1.102283527502181,84.81443071443186
-8.055392,-34.950403,15.1,2022-06-15 22:58:25+00:00,3.308699486638523,88.12313020107038
-8.055391,-34.950393,15.1,2022-06-15 22:58:26+00:00,1.1078178909687768,89.23094809203916
-8.055388,-34.950361,15.1,2022-06-15 22:58:27+00:00,3.542877411040672,92.77382550307983
-8.055385,-34.950348,15.1,2022-06-15 22:58:28+00:00,1.4708781295276856,94.24470363260752
-8.055377,-34.950326,15.1,2022-06-15 22:58:29+00:00,2.581386481006373,96.8260901136139
-8.055366,-34.950301,15.1,2022-06-15 22:58:31+00:00,3.0122985568224663,99.83838867043637
-8.055356,-34.950269,15.1,2022-06-15 22:58:32+00:00,3.696626569578644,103.53501524001501
-8.055353,-34.950258,15.1,2022-06-15 22:58:33+00:00,1.2570874186004046,104.79210265861542
-8.055343,-34.950227,15.1,2022-06-15 22:58:34+00:00,3.5915985800373074,108.38370123865273
-8.055338,-34.950217,15.1,2022-06-15 22:58:35+00:00,1.2332139401038995,109.61691517875663
-8.055325,-34.950185,15.1,2022-06-15 22:58:36+00:00,3.809071125108719,113.42598630386534
-8.055321,-34.950174,15.1,2022-06-15 22:58:37+00:00,1.2906934025027539,114.7166797063681
-8.055306,-34.950143,15.1,2022-06-15 22:58:38+00:00,3.7984890437507985,118.5151687501189
-8.055302,-34.950134,15.1,2022-06-15 22:58:39+00:00,1.0862217974424686,119.60139054756137
-8.055287,-34.950104,15.1,2022-06-15 22:58:40+00:00,3.6996421528016836,123.30103270036305
-8.055281,-34.950092,15.1,2022-06-15 22:58:41+00:00,1.4798568927704139,124.78088959313347
-8.055265,-34.950062,15.2,2022-06-15 22:58:42+00:00,3.7505372282508844,128.53142682138434
-8.055259,-34.950052,15.2,2022-06-15 22:58:43+00:00,1.286609309718132,129.81803613110247
-8.055242,-34.950025,15.2,2022-06-15 22:58:44+00:00,3.5202938781781428,133.3383300092806
-8.055235,-34.950017,15.2,2022-06-15 22:58:45+00:00,1.1734403709854921,134.5117703802661
-8.055213,-34.949992,15.2,2022-06-15 22:58:46+00:00,3.6761365777552917,138.18790695802141
-8.055205,-34.949984,15.2,2022-06-15 22:58:47+00:00,1.249173653022807,139.43708061104422
-8.055183,-34.949961,15.2,2022-06-15 22:58:48+00:00,3.5139084060773205,142.95098901712154
-8.055174,-34.949953,15.2,2022-06-15 22:58:49+00:00,1.3298008551779685,144.28078987229952
-8.055148,-34.94993,15.2,2022-06-15 22:58:50+00:00,3.8335362268197226,148.11432609911924
-8.05514,-34.949923,15.2,2022-06-15 22:58:51+00:00,1.1739593223312288,149.28828542145047
-8.055113,-34.949901,15.2,2022-06-15 22:58:52+00:00,3.846752715051383,153.13503813650186
-8.055104,-34.949894,15.2,2022-06-15 22:58:53+00:00,1.259410963099282,154.39444909960113
-8.055074,-34.949876,15.2,2022-06-15 22:58:54+00:00,3.865881990418286,158.2603310900194
-8.055064,-34.94987,15.2,2022-06-15 22:58:55+00:00,1.2886273463664004,159.54895843638582
-8.055034,-34.949856,15.2,2022-06-15 22:58:56+00:00,3.6592081908902245,163.20816662727603
-8.055024,-34.949851,15.2,2022-06-15 22:58:57+00:00,1.2356808209196564,164.4438474481957
-8.054991,-34.949835,15.2,2022-06-15 22:58:58+00:00,4.053464687623855,168.49731213581956
-8.054981,-34.94983,15.2,2022-06-15 22:58:59+00:00,1.2356808451138783,169.73299298093343
-8.054949,-34.949816,15.2,2022-06-15 22:59:00+00:00,3.860895052342323,173.59388803327576
-8.054938,-34.949811,15.2,2022-06-15 22:59:01+00:00,1.3355779878702911,174.92946602114606
-8.054908,-34.949799,15.2,2022-06-15 22:59:02+00:00,3.5718327783816433,178.5012987995277
-8.054896,-34.949795,15.2,2022-06-15 22:59:03+00:00,1.3984777733064022,179.8997765728341
-8.054864,-34.949784,15.3,2022-06-15 22:59:04+00:00,3.7410209127825422,183.64079748561664
-8.054854,-34.94978,15.3,2022-06-15 22:59:05+00:00,1.1906109486532523,184.8314084342699
-8.054827,-34.949764,15.3,2022-06-15 22:59:06+00:00,3.468031268746036,188.29943970301593
-8.054818,-34.949758,15.3,2022-06-15 22:59:07+00:00,1.1950575609084853,189.49449726392442
-8.05479,-34.949743,15.3,2022-06-15 22:59:08+00:00,3.510457725515993,193.00495498944042
-8.05478,-34.949738,15.3,2022-06-15 22:59:09+00:00,1.235680956660139,194.24063594610055
-8.054751,-34.949722,15.3,2022-06-15 22:59:10+00:00,3.6602143585491467,197.9008503046497
-8.054741,-34.949716,15.3,2022-06-15 22:59:11+00:00,1.2886276000537544,199.18947790470347
-8.054715,-34.949698,15.3,2022-06-15 22:59:12+00:00,3.4935935351729657,202.68307143987644
-8.054706,-34.949691,15.3,2022-06-15 22:59:13+00:00,1.2594114093234434,203.94248284919988
-8.054667,-34.949667,15.3,2022-06-15 22:59:15+00:00,5.059910224797088,209.00239307399696
-8.054636,-34.949651,15.3,2022-06-15 22:59:16+00:00,3.855509030864025,212.85790210486098
-8.054626,-34.949645,15.3,2022-06-15 22:59:17+00:00,1.2886276908156595,214.14652979567666
-8.0546,-34.949621,15.4,2022-06-15 22:59:18+00:00,3.9073114350950546,218.05384123077172
-8.054592,-34.949613,15.4,2022-06-15 22:59:19+00:00,1.2491745704841108,219.30301580125584
-8.054565,-34.949591,15.4,2022-06-15 22:59:20+00:00,3.8467547087794607,223.1497705100353
-8.054556,-34.949583,15.4,2022-06-15 22:59:21+00:00,1.3298017193248173,224.47957222936012
-8.054528,-34.949561,15.4,2022-06-15 22:59:22+00:00,3.9332244908548404,228.41279672021494
-8.054518,-34.949554,15.4,2022-06-15 22:59:23+00:00,1.3485236318196987,229.76132035203463
-8.054488,-34.949539,15.4,2022-06-15 22:59:24+00:00,3.7070433394961673,233.4683636915308
-8.054478,-34.949535,15.4,2022-06-15 22:59:25+00:00,1.1906110806126018,234.6589747721434
-8.054457,-34.949526,15.4,2022-06-15 22:59:26+00:00,2.525522932484841,237.18449770462826
-8.054438,-34.949514,15.4,2022-06-15 22:59:28+00:00,2.482985820583386,239.66748352521165
-8.054408,-34.949497,15.4,2022-06-15 22:59:29+00:00,3.8104846875765217,243.47796821278817
-8.054398,-34.949492,15.4,2022-06-15 22:59:30+00:00,1.2356811686837608,244.71364938147192
-8.054371,-34.949475,15.4,2022-06-15 22:59:31+00:00,3.525366504977558,248.2390158864495
-8.054361,-34.949469,15.4,2022-06-15 22:59:32+00:00,1.288627898956476,249.52764378540596
-8.054332,-34.949453,15.4,2022-06-15 22:59:33+00:00,3.6602151751618,253.18785896056775
-8.054323,-34.949447,15.4,2022-06-15 22:59:34+00:00,1.1950579850252205,254.38291694559297
-8.054292,-34.949431,15.4,2022-06-15 22:59:35+00:00,3.85550966133366,258.2384266069266
-8.054283,-34.949426,15.4,2022-06-15 22:59:36+00:00,1.1377652468839246,259.37619185381055
-8.054253,-34.949412,15.4,2022-06-15 22:59:37+00:00,3.659209323930714,263.0354011777413
-8.054242,-34.949407,15.4,2022-06-15 22:59:38+00:00,1.3355783385747257,264.370979516316
-8.05421,-34.949391,15.4,2022-06-15 22:59:39+00:00,3.9541800545162378,268.3251595708323
-8.054196,-34.949384,15.5,2022-06-15 22:59:40+00:00,1.7299537909382912,270.05511336177057
-8.054169,-34.949367,15.5,2022-06-15 22:59:41+00:00,3.5253669738984375,273.580480335669
-8.05416,-34.94936,15.5,2022-06-15 22:59:42+00:00,1.2594120224457315,274.83989235811475
-8.054131,-34.949343,15.5,2022-06-15 22:59:43+00:00,3.714584769559761,278.5544771276745
-8.054122,-34.949338,15.5,2022-06-15 22:59:44+00:00,1.1377653459005546,279.69224247357505
-8.054096,-34.949323,15.5,2022-06-15 22:59:45+00:00,3.316974673405728,283.0092171469808
-8.054068,-34.949307,15.5,2022-06-15 22:59:46+00:00,3.563703671632962,286.57292081861374
-8.05406,-34.949302,15.5,2022-06-15 22:59:47+00:00,1.0423889416999548,287.6153097603137
-8.054031,-34.949284,15.5,2022-06-15 22:59:48+00:00,3.7713929238151933,291.3867026841289
-8.05402,-34.949279,15.5,2022-06-15 22:59:49+00:00,1.3355784509286517,292.7222811350576
-8.053988,-34.949263,15.5,2022-06-15 22:59:50+00:00,3.954180448055096,296.67646158311265
-8.053979,-34.949258,15.5,2022-06-15 22:59:51+00:00,1.1377654334274432,297.8142270165401
-8.053959,-34.949248,15.5,2022-06-15 22:59:52+00:00,2.4713628191485024,300.2855898356886
-8.053937,-34.949237,15.5,2022-06-15 22:59:54+00:00,2.7184991267994403,303.004088962488
-8.053909,-34.949222,15.5,2022-06-15 22:59:55+00:00,3.5104592916329103,306.51454825412094
-8.0539,-34.949217,15.5,2022-06-15 22:59:56+00:00,1.1377654819045913,307.6523137360255
-8.05387,-34.9492,15.5,2022-06-15 22:59:57+00:00,3.810485828421447,311.462799564447
-8.053861,-34.949194,15.5,2022-06-15 22:59:58+00:00,1.1950583815499882,312.65785794599697
-8.053828,-34.949176,15.6,2022-06-15 22:59:59+00:00,4.154132664588461,316.81199061058544
-8.053815,-34.949169,15.6,2022-06-15 23:00:00+00:00,1.6317140905835938,318.44370470116905
-8.053788,-34.949151,15.6,2022-06-15 23:00:01+00:00,3.5851753089076666,322.0288800100767
-8.053779,-34.949145,15.6,2022-06-15 23:00:02+00:00,1.1950584521287824,323.22393846220547
-8.053748,-34.949128,15.6,2022-06-15 23:00:03+00:00,3.9071633185072265,327.1311017807127
-8.053737,-34.949123,15.6,2022-06-15 23:00:04+00:00,1.3355785931935034,328.46668037390623
-8.053704,-34.949105,15.6,2022-06-15 23:00:05+00:00,4.154132933789264,332.62081330769547
-8.053691,-34.949097,15.6,2022-06-15 23:00:06+00:00,1.6866378011171606,334.30745110881264
-8.053649,-34.949075,15.6,2022-06-15 23:00:08+00:00,5.239956188766213,339.54740729757884
-8.053636,-34.949067,15.6,2022-06-15 23:00:09+00:00,1.6866378603117442,341.2340451578906
-8.053623,-34.949059,15.6,2022-06-15 23:00:10+00:00,1.6866378740719412,342.92068303196254
-8.05359,-34.949045,15.6,2022-06-15 23:00:11+00:00,3.9625208847854103,346.88320391674796
-8.053578,-34.949041,15.6,2022-06-15 23:00:12+00:00,1.3984781420195824,348.28168205876756
-8.053548,-34.949026,15.7,2022-06-15 23:00:13+00:00,3.70704490473188,351.98872696349946
-8.053538,-34.949021,15.7,2022-06-15 23:00:14+00:00,1.2356816463908995,353.22440860989036
-8.053511,-34.949005,15.7,2022-06-15 23:00:15+00:00,3.468034000267165,356.6924426101575
-8.053481,-34.948987,15.7,2022-06-15 23:00:16+00:00,3.865885750184136,360.55832836034165
-8.053472,-34.948981,15.7,2022-06-15 23:00:17+00:00,1.195058715262652,361.7533870756043
-8.05344,-34.948962,15.7,2022-06-15 23:00:18+00:00,4.112340363730224,365.8657274393345
-8.053428,-34.948956,15.7,2022-06-15 23:00:19+00:00,1.4828180475093662,367.3485454868438
-8.053399,-34.948939,15.7,2022-06-15 23:00:20+00:00,3.714586368732884,371.0631318555767
-8.053389,-34.948932,15.7,2022-06-15 23:00:21+00:00,1.3485248048611906,372.4116566604379
-8.053363,-34.948908,15.7,2022-06-15 23:00:22+00:00,3.9073167438448,376.3189734042827
-8.053356,-34.948902,15.7,2022-06-15 23:00:23+00:00,1.0182130712208963,377.3371864755036
-8.05333,-34.948885,15.7,2022-06-15 23:00:24+00:00,3.4321941978755808,380.76938067337915
-8.053319,-34.948879,15.7,2022-06-15 23:00:25+00:00,1.3847112639428685,382.154091937322
-8.053285,-34.948867,15.7,2022-06-15 23:00:26+00:00,3.986133875778259,386.14022581310024
-8.053274,-34.948863,15.7,2022-06-15 23:00:27+00:00,1.293992681781552,387.4342184948818
-8.053239,-34.948851,15.7,2022-06-15 23:00:28+00:00,4.090627883633328,391.5248463785151
-8.053226,-34.948848,15.7,2022-06-15 23:00:29+00:00,1.47528835547563,393.00013473399076
-8.053194,-34.948836,15.7,2022-06-15 23:00:30+00:00,3.7781883412153165,396.77832307520606
-8.053184,-34.948832,15.7,2022-06-15 23:00:31+00:00,1.1906115339857284,397.96893460919176
-8.053154,-34.948814,15.7,2022-06-15 23:00:32+00:00,3.8658865219396805,401.83482113113143
-8.053145,-34.948808,15.7,2022-06-15 23:00:33+00:00,1.1950589951253263,403.0298801262568
-8.053123,-34.948791,15.7,2022-06-15 23:00:35+00:00,3.071077044173152,406.1009571704299
-8.053097,-34.948773,15.7,2022-06-15 23:00:36+00:00,3.4935978218950434,409.59455499232496
-8.053068,-34.948755,15.7,2022-06-15 23:00:37+00:00,3.77139526268164,413.3659502550066
-8.053059,-34.948749,15.7,2022-06-15 23:00:38+00:00,1.1950590693312195,414.5610093243378
-8.053027,-34.948732,15.7,2022-06-15 23:00:39+00:00,4.004562485195036,418.56557180953286
-8.053017,-34.948727,15.7,2022-06-15 23:00:40+00:00,1.2356819352094905,419.8012537447423
-8.052984,-34.948707,15.7,2022-06-15 23:00:41+00:00,4.263832344903327,424.06508608964566
-8.052975,-34.948702,15.6,2022-06-15 23:00:42+00:00,1.137766048708412,425.20285213835405
-8.052943,-34.948684,15.6,2022-06-15 23:00:43+00:00,4.0573128130221,429.26016495137617
-8.052933,-34.948679,15.6,2022-06-15 23:00:44+00:00,1.235681981873337,430.4958469332495
-8.052904,-34.948663,15.6,2022-06-15 23:00:45+00:00,3.6602179571697824,434.15606489041926
-8.052864,-34.948642,15.7,2022-06-15 23:00:47+00:00,4.992867768989319,439.14893265940856
-8.052833,-34.948624,15.7,2022-06-15 23:00:49+00:00,3.9612126128333585,443.11014527224194
-8.052823,-34.948618,15.7,2022-06-15 23:00:50+00:00,1.288629108663703,444.39877438090565
-8.052792,-34.948603,15.7,2022-06-15 23:00:51+00:00,3.806351555543171,448.20512593644884
-8.052782,-34.948598,15.7,2022-06-15 23:00:52+00:00,1.2356820654844023,449.44080800193325
-8.05275,-34.94858,15.7,2022-06-15 23:00:53+00:00,4.057313243740955,453.4981212456742
-8.05274,-34.948574,15.7,2022-06-15 23:00:54+00:00,1.288629173979679,454.7867504196539
-8.052707,-34.948557,15.7,2022-06-15 23:00:55+00:00,4.102629971941966,458.88938039159586
-8.052697,-34.94855,15.7,2022-06-15 23:00:56+00:00,1.3485255241078047,460.23790591570366
-8.052666,-34.948535,15.7,2022-06-15 23:00:57+00:00,3.8063517582708037,464.04425767397447
-8.052657,-34.948531,15.7,2022-06-15 23:00:58+00:00,1.088649599865402,465.13290727383986
-8.052625,-34.948513,15.7,2022-06-15 23:00:59+00:00,4.0573135224235655,469.1902207962634
-8.052614,-34.948508,15.7,2022-06-15 23:01:00+00:00,1.3355791596270459,470.5257999558905
-8.05258,-34.948492,15.7,2022-06-15 23:01:01+00:00,4.153326314730271,474.67912627062077
-8.052569,-34.948487,15.7,2022-06-15 23:01:02+00:00,1.335579181944032,476.0147054525648
-8.052538,-34.948474,15.7,2022-06-15 23:01:03+00:00,3.715896873901982,479.73060232646674
-8.052527,-34.948469,15.7,2022-06-15 23:01:04+00:00,1.335579202737946,481.0661815292047
-8.052493,-34.948451,15.7,2022-06-15 23:01:05+00:00,4.251629344058165,485.3178108732629
-8.052482,-34.948445,15.7,2022-06-15 23:01:06+00:00,1.3847118696030423,486.70252274286594
-8.052454,-34.948427,15.7,2022-06-15 23:01:07+00:00,3.67780349468143,490.38032623754737
-8.052444,-34.94842,15.7,2022-06-15 23:01:08+00:00,1.3485257867770806,491.72885202432445
-8.052415,-34.948403,15.7,2022-06-15 23:01:09+00:00,3.7145885182513707,495.44344054257584
-8.052404,-34.948398,15.7,2022-06-15 23:01:10+00:00,1.335579265361029,496.7790198079369
-8.052375,-34.948379,15.7,2022-06-15 23:01:11+00:00,3.8305355053909578,500.60955531332786
-8.052363,-34.948371,15.7,2022-06-15 23:01:12+00:00,1.5934128865140909,502.20296819984196
-8.052338,-34.948353,15.7,2022-06-15 23:01:13+00:00,3.4031505726848508,505.6061187725268
-8.052304,-34.948324,15.7,2022-06-15 23:01:15+00:00,4.93539764886505,510.54151642139186
-8.05228,-34.948296,15.7,2022-06-15 23:01:16+00:00,4.070787421576452,514.6123038429683
-8.052271,-34.948286,15.7,2022-06-15 23:01:17+00:00,1.485192994876116,516.0974968378445
-8.052258,-34.948268,15.8,2022-06-15 23:01:18+00:00,2.4502808169182604,518.5477776547627
-8.052231,-34.948228,15.8,2022-06-15 23:01:20+00:00,5.325177926833106,523.8729555815959
-8.052218,-34.948208,15.8,2022-06-15 23:01:21+00:00,2.6319789553873583,526.5049345369832
-8.052193,-34.94818,15.8,2022-06-15 23:01:23+00:00,4.143749172792362,530.6486837097756
-8.052184,-34.948171,15.8,2022-06-15 23:01:24+00:00,1.4053254456737208,532.0540091554493
-8.052168,-34.948142,15.8,2022-06-15 23:01:25+00:00,3.6537400465463974,535.7077492019957
-8.052163,-34.948131,15.8,2022-06-15 23:01:26+00:00,1.332664842916724,537.0404140449125
-8.05215,-34.948098,15.8,2022-06-15 23:01:27+00:00,3.911393282566544,540.9518073274791
-8.052146,-34.948086,15.8,2022-06-15 23:01:28+00:00,1.3947664367163957,542.3465737641955
-8.052139,-34.948051,15.8,2022-06-15 23:01:29+00:00,3.9349314258918766,546.2815051900874
-8.052138,-34.948039,15.8,2022-06-15 23:01:30+00:00,1.3273662457908773,547.6088714358783
-8.052137,-34.948005,15.8,2022-06-15 23:01:31+00:00,3.7494253968728906,551.3582968327512
-8.052137,-34.947995,15.8,2022-06-15 23:01:32+00:00,1.102292332853493,552.4605891656047
-8.052139,-34.947963,15.8,2022-06-15 23:01:33+00:00,3.5342639077959963,555.9948530734007
-8.052139,-34.947951,15.8,2022-06-15 23:01:34+00:00,1.3227507923084834,557.3176038657092
-8.052139,-34.947914,15.8,2022-06-15 23:01:35+00:00,4.078481610923198,561.3960854766324
-8.052138,-34.9479,15.8,2022-06-15 23:01:36+00:00,1.5471671884327907,562.9432526650652
-8.05214,-34.947864,15.7,2022-06-15 23:01:37+00:00,3.974412268976838,566.917664934042
-8.052141,-34.947852,15.7,2022-06-15 23:01:38+00:00,1.3273662405404658,568.2450311745824
-8.052146,-34.947818,15.7,2022-06-15 23:01:39+00:00,3.7883698516529045,572.0334010262353
-8.052148,-34.947806,15.7,2022-06-15 23:01:40+00:00,1.3411172765018955,573.3745183027372
-8.052154,-34.947773,15.6,2022-06-15 23:01:41+00:00,3.6975951159226548,577.0721134186599
-8.052156,-34.947762,15.6,2022-06-15 23:01:42+00:00,1.232531694565405,578.3046451132253
-8.052161,-34.947727,15.6,2022-06-15 23:01:43+00:00,3.897451525406262,582.2020966386316
-8.052162,-34.947715,15.6,2022-06-15 23:01:44+00:00,1.32736617217794,583.5294628108095
-8.052166,-34.947681,15.6,2022-06-15 23:01:45+00:00,3.7738125708185826,587.303275381628
-8.052168,-34.947669,15.6,2022-06-15 23:01:46+00:00,1.3411172137686076,588.6443925953967
-8.052171,-34.947635,15.5,2022-06-15 23:01:47+00:00,3.762451395066093,592.4068439904628
-8.052171,-34.947623,15.5,2022-06-15 23:01:48+00:00,1.3227506884822189,593.729594678945
-8.052169,-34.947586,15.5,2022-06-15 23:01:49+00:00,4.084474957580536,597.8140696365255
-8.052168,-34.947572,15.5,2022-06-15 23:01:50+00:00,1.5471670748474609,599.361236711373
-8.052156,-34.94754,15.5,2022-06-15 23:01:51+00:00,3.7687436190967305,603.1299803304697
-8.05215,-34.947529,15.5,2022-06-15 23:01:52+00:00,1.3822235919188535,604.5122039223886
-8.052124,-34.947506,15.5,2022-06-15 23:01:53+00:00,3.833548349605753,608.3457522719943
-8.052114,-34.947499,15.5,2022-06-15 23:01:54+00:00,1.3485261289299904,609.6942784009243
-8.052079,-34.947488,15.5,2022-06-15 23:01:55+00:00,4.056326362861855,613.7506047637862
-8.052067,-34.947485,15.5,2022-06-15 23:01:56+00:00,1.3677312902749827,615.1183360540612
-8.052032,-34.947492,15.5,2022-06-15 23:01:57+00:00,3.947017686596997,619.0653537406581
-8.05202,-34.947497,15.5,2022-06-15 23:01:58+00:00,1.4370444487326302,620.5023981893908
-8.051988,-34.94751,15.5,2022-06-15 23:01:59+00:00,3.818177355669298,624.32057554506
-8.051976,-34.947516,15.5,2022-06-15 23:02:00+00:00,1.4828190148312521,625.8033945598913
-8.051944,-34.947536,15.5,2022-06-15 23:02:01+00:00,4.169561477880263,629.9729560377716
-8.051931,-34.947547,15.6,2022-06-15 23:02:02+00:00,1.880779543748184,631.8537355815198
-8.0519,-34.947586,15.6,2022-06-15 23:02:04+00:00,5.498669594089692,637.3524051756095
-8.051892,-34.9476,15.6,2022-06-15 23:02:05+00:00,1.7788515876022044,639.1312567632117
-8.051883,-34.947613,15.7,2022-06-15 23:02:06+00:00,1.744759272896097,640.8760160361078
-8.051868,-34.947649,15.7,2022-06-15 23:02:07+00:00,4.301061773392821,645.1770778095006
-8.051862,-34.94766,15.7,2022-06-15 23:02:08+00:00,1.3822243396014315,646.559302149102
-8.05184,-34.94769,15.8,2022-06-15 23:02:09+00:00,4.105544011706254,650.6648461608082
-8.051832,-34.9477,15.9,2022-06-15 23:02:10+00:00,1.413458698718201,652.0783048595264
-8.051804,-34.947723,15.9,2022-06-15 23:02:11+00:00,4.002137377095385,656.0804422366218
-8.051794,-34.947729,15.9,2022-06-15 23:02:12+00:00,1.2886299182382503,657.3690721548601
-8.051757,-34.947733,15.9,2022-06-15 23:02:13+00:00,4.115740125651639,661.4848122805117
-8.051746,-34.947735,15.9,2022-06-15 23:02:14+00:00,1.23637058221892,662.7211828627306
-8.05171,-34.947731,15.9,2022-06-15 23:02:15+00:00,4.005798053300173,666.7269809160308
-8.051699,-34.94773,15.9,2022-06-15 23:02:16+00:00,1.2215402944627916,667.9485212104936
-8.051664,-34.947727,15.9,2022-06-15 23:02:17+00:00,3.884961868084819,671.8334830785784
-8.051651,-34.947726,15.9,2022-06-15 23:02:18+00:00,1.441968155436367,673.2754512340148
-8.051616,-34.947719,15.9,2022-06-15 23:02:19+00:00,3.947017763561387,677.2224689975761
-8.051605,-34.947717,15.9,2022-06-15 23:02:20+00:00,1.2363705873334563,678.4588395849096
-8.051568,-34.947711,15.9,2022-06-15 23:02:21+00:00,4.14515705278788,682.6039966376975
-8.051557,-34.947709,15.9,2022-06-15 23:02:22+00:00,1.2363705890187582,683.8403672267162
-8.05153,-34.947704,15.9,2022-06-15 23:02:23+00:00,3.03653065161226,686.8768978783285
-8.051503,-34.9477,15.9,2022-06-15 23:02:24+00:00,3.0184704284360713,689.8953683067646
-8.051483,-34.947696,15.9,2022-06-15 23:02:25+00:00,2.2554387370399978,692.1508070438045
-8.051435,-34.947688,15.9,2022-06-15 23:02:27+00:00,5.381355198782301,697.5321622425869
-8.051411,-34.947684,15.9,2022-06-15 23:02:29+00:00,2.6906776007325055,700.2228398433194
-8.051376,-34.947676,15.9,2022-06-15 23:02:30+00:00,3.970038728373701,704.1928785716931
-8.051365,-34.947673,15.9,2022-06-15 23:02:31+00:00,1.2607001624532652,705.4535787341464
-8.051331,-34.947663,16.0,2022-06-15 23:02:32+00:00,3.918501499546018,709.3720802336924
-8.051319,-34.94766,16.0,2022-06-15 23:02:33+00:00,1.3677313905033797,710.7398116241958
-8.051284,-34.947655,16.0,2022-06-15 23:02:34+00:00,3.909902416113103,714.6497140403089
-8.051272,-34.947654,16.0,2022-06-15 23:02:35+00:00,1.331722528635823,715.9814365689448
-8.051235,-34.94765,16.0,2022-06-15 23:02:36+00:00,4.11574008307236,720.0971766520172
-8.051222,-34.947648,16.0,2022-06-15 23:02:37+00:00,1.4545527544115946,721.5517294064288
-8.051187,-34.947643,16.0,2022-06-15 23:02:38+00:00,3.909902416848224,725.461631823277
-8.051175,-34.947641,16.0,2022-06-15 23:02:39+00:00,1.3453388066475096,726.8069706299245
-8.051142,-34.947634,16.0,2022-06-15 23:02:40+00:00,3.730344152208641,730.5373147821332
-8.051131,-34.947631,16.0,2022-06-15 23:02:41+00:00,1.260700198608483,731.7980149807416
-8.051096,-34.947626,16.0,2022-06-15 23:02:42+00:00,3.9099024170815593,735.7079173978232
-8.051085,-34.947624,16.0,2022-06-15 23:02:43+00:00,1.2363706072641965,736.9442880050874
-8.051048,-34.947621,16.1,2022-06-15 23:02:44+00:00,4.10539431400965,741.0496823190971
-8.051037,-34.94762,16.1,2022-06-15 23:02:45+00:00,1.2215402714769772,742.2712225905741
-8.051001,-34.947612,16.1,2022-06-15 23:02:46+00:00,4.077946058308288,746.3491686488824
-8.050989,-34.94761,16.1,2022-06-15 23:02:47+00:00,1.345338811061974,747.6945074599444
-8.050955,-34.947602,16.1,2022-06-15 23:02:48+00:00,3.8622837552651728,751.5567912152095
-8.050944,-34.9476,16.1,2022-06-15 23:02:49+00:00,1.2363706127322585,752.7931618279417
-8.050911,-34.947598,16.1,2022-06-15 23:02:50+00:00,3.6563223120625366,756.4494841400043
-8.0509,-34.947597,16.1,2022-06-15 23:02:51+00:00,1.2215402666476056,757.6710244066519
-8.050861,-34.947592,16.1,2022-06-15 23:02:52+00:00,4.348316616998266,762.0193410236502
-8.050847,-34.94759,16.1,2022-06-15 23:02:53+00:00,1.5639609671022476,763.5833019907525
-8.050812,-34.947587,16.1,2022-06-15 23:02:54+00:00,3.8849617671576633,767.4682637579101
-8.050801,-34.947587,16.1,2022-06-15 23:02:55+00:00,1.2165566374529122,768.684820395363
-8.050763,-34.94758,16.1,2022-06-15 23:02:56+00:00,4.272896716357633,772.9577171117206
-8.050751,-34.947578,16.1,2022-06-15 23:02:57+00:00,1.3453388173427383,774.3030559290634
-8.05072,-34.947575,16.1,2022-06-15 23:02:58+00:00,3.4443889192832406,777.7474448483466
-8.050686,-34.947572,16.1,2022-06-15 23:02:59+00:00,3.7747788213457754,781.5222236696924
-8.050675,-34.947571,16.1,2022-06-15 23:03:00+00:00,1.221540259547263,782.7437639292397
-8.050631,-34.947563,16.1,2022-06-15 23:03:02+00:00,4.9454824950995455,787.6892464243392
-8.050592,-34.947559,16.1,2022-06-15 23:03:04+00:00,4.335723947074213,792.0249703714135
-8.050578,-34.947557,16.1,2022-06-15 23:03:05+00:00,1.5639609678725788,793.5889313392861
-8.050543,-34.94755,16.1,2022-06-15 23:03:06+00:00,3.9470179631312776,797.5359493024174
-8.050531,-34.947549,16.1,2022-06-15 23:03:07+00:00,1.3317224972942827,798.8676717997117
-8.050495,-34.947544,16.1,2022-06-15 23:03:08+00:00,4.0194244060839965,802.8870962057957
-8.050483,-34.947542,16.1,2022-06-15 23:03:09+00:00,1.3453388238513553,804.232435029647
-8.050448,-34.947536,16.1,2022-06-15 23:03:10+00:00,3.9269572636335197,808.1593922932806
-8.050436,-34.947534,16.1,2022-06-15 23:03:11+00:00,1.3453388249442637,809.5047311182249
-8.0504,-34.94753,16.1,2022-06-15 23:03:12+00:00,4.005797957677179,813.510529075902
-8.050388,-34.947529,16.1,2022-06-15 23:03:13+00:00,1.3317224915614636,814.8422515674634
-8.050349,-34.947524,16.1,2022-06-15 23:03:14+00:00,4.348316598391217,819.1905681658546
-8.050315,-34.94752,16.1,2022-06-15 23:03:15+00:00,3.786028127182446,822.9765962930371
-8.050305,-34.947519,16.1,2022-06-15 23:03:16+00:00,1.1114402084105928,824.0880365014477
-8.050269,-34.947515,16.1,2022-06-15 23:03:17+00:00,4.005797948116271,828.093834449564
-8.050258,-34.947514,16.1,2022-06-15 23:03:18+00:00,1.221540244764527,829.3153746943286
-8.050222,-34.947509,16.1,2022-06-15 23:03:19+00:00,4.019424404361086,833.3347990986897
-8.050211,-34.947507,16.0,2022-06-15 23:03:20+00:00,1.2363706405705503,834.5711697392602
-8.050183,-34.947503,16.0,2022-06-15 23:03:22+00:00,3.1279219365477893,837.699091675808
-8.050151,-34.947497,16.0,2022-06-15 23:03:23+00:00,3.6003422915378667,841.2994339673459
-8.050111,-34.947489,16.0,2022-06-15 23:03:24+00:00,4.510877762530229,845.810311729876
-8.050094,-34.947487,16.0,2022-06-15 23:03:25+00:00,1.8930140573461274,847.7033257872222
-8.05005,-34.947481,16.0,2022-06-15 23:03:27+00:00,4.9109653831028774,852.614291170325
-8.050034,-34.947478,16.0,2022-06-15 23:03:28+00:00,1.8001711540330176,854.414462324358
-8.050017,-34.947476,16.0,2022-06-15 23:03:29+00:00,1.8930140549847134,856.3074763793428
-8.049987,-34.947471,16.0,2022-06-15 23:03:30+00:00,3.3633470899923488,859.6708234693351
-8.049958,-34.947468,16.0,2022-06-15 23:03:31+00:00,3.2242884670921734,862.8951119364273
-8.049918,-34.947464,16.0,2022-06-15 23:03:32+00:00,4.4457607943169295,867.3408727307442
-8.049905,-34.947462,16.0,2022-06-15 23:03:33+00:00,1.4545527710114043,868.7954255017556
-8.049865,-34.947456,16.0,2022-06-15 23:03:34+00:00,4.473008087688598,873.2684335894443
-8.049851,-34.947453,16.0,2022-06-15 23:03:35+00:00,1.5832646687037082,874.851698258148
-8.049815,-34.947449,16.0,2022-06-15 23:03:36+00:00,4.005797914767419,878.8574961729154
-8.049803,-34.947449,16.0,2022-06-15 23:03:37+00:00,1.3271526310602566,880.1846488039756
-8.049768,-34.947445,16.0,2022-06-15 23:03:38+00:00,3.895892880930714,884.0805416849063
-8.049756,-34.947444,16.0,2022-06-15 23:03:39+00:00,1.3317224650438468,885.4122641499501
-8.049723,-34.947439,15.9,2022-06-15 23:03:40+00:00,3.6910506308588866,889.103314780809
-8.049712,-34.947438,15.9,2022-06-15 23:03:41+00:00,1.2215402256653167,890.3248550064743
-8.049677,-34.947436,15.9,2022-06-15 23:03:42+00:00,3.8771347331539143,894.2019897396282
-8.049666,-34.947435,15.9,2022-06-15 23:03:43+00:00,1.2215402244021576,895.4235299640303
-8.049639,-34.947431,15.9,2022-06-15 23:03:44+00:00,3.018470455133069,898.4420004191634
-8.049612,-34.947432,15.9,2022-06-15 23:03:45+00:00,2.988127237413722,901.4301276565772
-8.049577,-34.947438,15.9,2022-06-15 23:03:46+00:00,3.9269573400196367,905.3570849965968
-8.049565,-34.94744,15.9,2022-06-15 23:03:47+00:00,1.3453388467173917,906.7024238433141
-8.049522,-34.947443,15.9,2022-06-15 23:03:48+00:00,4.767113838159631,911.4695376814738
-8.049505,-34.947444,15.9,2022-06-15 23:03:49+00:00,1.8833614196618598,913.3528991011356
-8.049466,-34.947445,15.9,2022-06-15 23:03:50+00:00,4.314654279899893,917.6675533810354
-8.049453,-34.947445,15.9,2022-06-15 23:03:51+00:00,1.437748659303319,919.1053020403388
-8.049419,-34.94744,15.9,2022-06-15 23:03:52+00:00,3.800442659296176,922.905744699635
-8.049407,-34.947437,15.9,2022-06-15 23:03:53+00:00,1.3677316454429738,924.2734763450779
-8.049373,-34.947427,15.9,2022-06-15 23:03:54+00:00,3.9185026454678153,928.1919789905457
-8.04936,-34.947421,15.9,2022-06-15 23:03:55+00:00,1.5825752905851513,929.7745542811309
-8.049327,-34.947399,15.9,2022-06-15 23:03:56+00:00,4.381894948928424,934.1564492300594
-8.049313,-34.94739,15.9,2022-06-15 23:03:57+00:00,1.8389056801415578,935.995354910201
-8.049269,-34.947359,15.8,2022-06-15 23:03:59+00:00,5.946169803844603,941.9415247140455
-8.049246,-34.947345,15.8,2022-06-15 23:04:01+00:00,2.975228506934879,944.9167532209804
-8.049218,-34.947319,15.8,2022-06-15 23:04:02+00:00,4.219399160963104,949.1361523819435
-8.049209,-34.947309,15.8,2022-06-15 23:04:03+00:00,1.485199039657735,950.6213514216012
-8.049186,-34.947282,15.8,2022-06-15 23:04:04+00:00,3.915135578581243,954.5364870001824
-8.049178,-34.947273,15.8,2022-06-15 23:04:05+00:00,1.3292925066422756,955.8657795068248
-8.049155,-34.947246,15.8,2022-06-15 23:04:06+00:00,3.9151357486503926,959.7809152554752
-8.049146,-34.947237,15.8,2022-06-15 23:04:07+00:00,1.405330559267527,961.1862458147427
-8.049116,-34.947215,15.8,2022-06-15 23:04:08+00:00,4.109654284616205,965.295900099359
-8.049105,-34.947209,15.8,2022-06-15 23:04:09+00:00,1.3847143101383534,966.6806144094974
-8.04907,-34.947199,15.8,2022-06-15 23:04:10+00:00,4.0247530237230285,970.7053674332204
-8.049057,-34.947197,15.8,2022-06-15 23:04:11+00:00,1.4545527822585902,972.159920215479
-8.049025,-34.947208,15.8,2022-06-15 23:04:12+00:00,3.741025590682004,975.9009458061611
-8.049014,-34.947216,15.8,2022-06-15 23:04:13+00:00,1.5025487187367543,977.4034945248978
-8.048996,-34.947246,15.8,2022-06-15 23:04:14+00:00,3.859871098600613,981.2633656234984
-8.048991,-34.947256,15.8,2022-06-15 23:04:15+00:00,1.233229202947091,982.4965948264455
-8.048981,-34.947289,15.8,2022-06-15 23:04:16+00:00,3.8020034203354287,986.2985982467809
-8.04898,-34.947301,15.8,2022-06-15 23:04:17+00:00,1.3273764555463563,987.6259747023272
-8.048992,-34.947328,15.8,2022-06-15 23:04:18+00:00,3.258707350153205,990.8846820524805
-8.04901,-34.947354,15.8,2022-06-15 23:04:19+00:00,3.489535049402966,994.3742171018835
-8.049027,-34.947377,15.8,2022-06-15 23:04:20+00:00,3.1563592492071044,997.5305763510905
-8.049051,-34.947409,15.9,2022-06-15 23:04:21+00:00,4.414478500815662,1001.9450548519062
-8.049061,-34.947419,15.9,2022-06-15 23:04:22+00:00,1.5614785755162917,1003.5065334274225
-8.049089,-34.947444,15.9,2022-06-15 23:04:23+00:00,4.145316812218543,1007.651850239641
-8.049098,-34.947452,15.9,2022-06-15 23:04:24+00:00,1.3298093628748267,1008.9816596025158
-8.049133,-34.947471,15.9,2022-06-15 23:04:25+00:00,4.40113167957937,1013.3827912820952
-8.049147,-34.947476,15.9,2022-06-15 23:04:26+00:00,1.6435138662448971,1015.0263051483402
-8.049183,-34.947485,15.9,2022-06-15 23:04:27+00:00,4.103195035768613,1019.1295001841088
-8.049196,-34.947487,15.9,2022-06-15 23:04:28+00:00,1.454552780463646,1020.5840529645725
-8.049224,-34.947489,15.9,2022-06-15 23:04:29+00:00,3.1045269793206587,1023.6885799438932
-8.049262,-34.947492,15.9,2022-06-15 23:04:30+00:00,4.215640158667062,1027.9042201025602
-8.049275,-34.947492,15.9,2022-06-15 23:04:31+00:00,1.4377486456788875,1029.3419687482392
-8.049312,-34.947493,15.9,2022-06-15 23:04:32+00:00,4.093538238346982,1033.4355069865862
-8.049325,-34.947493,15.9,2022-06-15 23:04:33+00:00,1.4377486494907115,1034.873255636077
-8.049363,-34.947493,15.9,2022-06-15 23:04:34+00:00,4.202649903586141,1039.0759055396632
-8.049377,-34.947493,15.9,2022-06-15 23:04:35+00:00,1.5483447034036106,1040.6242502430669
-8.049406,-34.947495,15.9,2022-06-15 23:04:36+00:00,3.2148534352787426,1043.8391036783455
-8.049438,-34.947493,15.9,2022-06-15 23:04:38+00:00,3.545933536814108,1047.3850372151596
-8.049472,-34.947496,15.9,2022-06-15 23:04:39+00:00,3.7747786829056476,1051.1598158980653
-8.049511,-34.947498,15.9,2022-06-15 23:04:40+00:00,4.318876415030402,1055.4786923130957
-8.049525,-34.947499,15.9,2022-06-15 23:04:41+00:00,1.5522635064928576,1057.0309558195886
-8.049561,-34.947501,15.9,2022-06-15 23:04:42+00:00,3.987556783783748,1061.0185126033723
-8.049572,-34.947502,15.9,2022-06-15 23:04:43+00:00,1.2215402205596684,1062.240052823932
-8.049611,-34.947508,15.9,2022-06-15 23:04:44+00:00,4.363658325875567,1066.6037111498076
-8.049625,-34.947511,15.9,2022-06-15 23:04:45+00:00,1.5832646918370397,1068.1869758416447
-8.049672,-34.947521,15.9,2022-06-15 23:04:47+00:00,5.31360680170232,1073.500582643347
-8.049688,-34.947523,15.9,2022-06-15 23:04:48+00:00,1.7832170691983293,1075.2837997125453
-8.049703,-34.947526,15.9,2022-06-15 23:04:49+00:00,1.6915791957049064,1076.9753789082501
-8.049738,-34.94753,15.9,2022-06-15 23:04:50+00:00,3.895892876828628,1080.8712717850788
-8.049749,-34.947532,15.9,2022-06-15 23:04:51+00:00,1.2363706586214271,1082.1076424437001
-8.049782,-34.947537,15.9,2022-06-15 23:04:52+00:00,3.6910506297665506,1085.7986930734667
-8.049793,-34.947538,15.9,2022-06-15 23:04:53+00:00,1.221540228285978,1087.0202333017526
-8.049825,-34.947541,15.9,2022-06-15 23:04:54+00:00,3.55448985606404,1090.5747231578166
-8.049836,-34.947542,15.9,2022-06-15 23:04:55+00:00,1.2215402300193794,1091.796263387836
-8.04987,-34.947549,15.9,2022-06-15 23:04:56+00:00,3.838616838702569,1095.6348802265386
-8.04988,-34.947552,15.9,2022-06-15 23:04:57+00:00,1.1543414837958137,1096.7892217103345
-8.049914,-34.947559,15.9,2022-06-15 23:04:58+00:00,3.8386168301468517,1100.6278385404812
-8.049926,-34.947561,15.9,2022-06-15 23:04:59+00:00,1.3453388382676899,1101.973177378749
-8.04996,-34.947563,15.9,2022-06-15 23:05:00+00:00,3.766722905236785,1105.7399002839857
-8.049973,-34.947565,15.9,2022-06-15 23:05:01+00:00,1.4545527701905108,1107.1944530541762
-8.050009,-34.947573,15.9,2022-06-15 23:05:02+00:00,4.0779463446857775,1111.272399398862
-8.050021,-34.947576,15.9,2022-06-15 23:05:03+00:00,1.3677315650896904,1112.6401309639518
-8.050058,-34.947583,15.9,2022-06-15 23:05:04+00:00,4.164166868392849,1116.8042978323447
-8.050069,-34.947584,16.0,2022-06-15 23:05:05+00:00,1.2215402378063478,1118.025838070151
-8.050104,-34.947589,16.0,2022-06-15 23:05:06+00:00,3.909902421359239,1121.9357404915102
-8.050116,-34.947591,16.0,2022-06-15 23:05:07+00:00,1.3453388334106027,1123.2810793249207
-8.050151,-34.947599,16.0,2022-06-15 23:05:08+00:00,3.970039101666786,1127.2511184265875
-8.050163,-34.947601,16.0,2022-06-15 23:05:09+00:00,1.3453388323178506,1128.5964572589053
-8.050198,-34.947607,16.0,2022-06-15 23:05:10+00:00,3.9269572887282687,1132.5234145476336
-8.05021,-34.947609,16.0,2022-06-15 23:05:11+00:00,1.3453388310488605,1133.8687533786824
-8.050248,-34.947614,16.0,2022-06-15 23:05:12+00:00,4.238635708635653,1138.107389087318
-8.050262,-34.947617,16.0,2022-06-15 23:05:13+00:00,1.5832646303650082,1139.690653717683
-8.050294,-34.947623,16.0,2022-06-15 23:05:14+00:00,3.6003422771924356,1143.2909959948754
-8.050305,-34.947625,16.0,2022-06-15 23:05:15+00:00,1.2363706376454184,1144.5273666325209
-8.050335,-34.947631,16.0,2022-06-15 23:05:16+00:00,3.383158291719443,1147.9105249242402
-8.050347,-34.947634,16.0,2022-06-15 23:05:17+00:00,1.367731521850601,1149.2782564460908
-8.050378,-34.947642,16.0,2022-06-15 23:05:18+00:00,3.540070229741096,1152.818326675832
-8.050389,-34.947644,16.0,2022-06-15 23:05:19+00:00,1.2363706338588623,1154.0546973096907
-8.050411,-34.947648,16.0,2022-06-15 23:05:20+00:00,2.4727412671436926,1156.5274385768344
-8.050465,-34.947654,16.0,2022-06-15 23:05:22+00:00,6.008696938463778,1162.5361355152982
-8.050495,-34.947659,16.0,2022-06-15 23:05:24+00:00,3.3633470604619062,1165.89948257576
-8.050527,-34.947665,16.0,2022-06-15 23:05:25+00:00,3.600342247026585,1169.4998248227866
-8.050538,-34.947667,16.0,2022-06-15 23:05:26+00:00,1.2363706285507565,1170.7361954513374
-8.050571,-34.947668,16.0,2022-06-15 23:05:27+00:00,3.651334101596735,1174.3875295529342
-8.050583,-34.947669,16.0,2022-06-15 23:05:28+00:00,1.3317224986866112,1175.7192520516207
-8.050622,-34.947674,16.0,2022-06-15 23:05:29+00:00,4.348316607114448,1180.0675686587351
-8.050634,-34.947676,16.0,2022-06-15 23:05:30+00:00,1.3453388205298078,1181.412907479265
-8.05067,-34.947678,15.9,2022-06-15 23:05:31+00:00,3.9875569646562523,1185.4004644439212
-8.050683,-34.94768,15.9,2022-06-15 23:05:32+00:00,1.4545527606330921,1186.8550172045543
-8.050715,-34.947685,15.9,2022-06-15 23:05:33+00:00,3.581732521970704,1190.436749726525
-8.050726,-34.947686,15.9,2022-06-15 23:05:34+00:00,1.2215402603389862,1191.658289986864
-8.050759,-34.94769,15.9,2022-06-15 23:05:35+00:00,3.6762072111500816,1195.334497198014
-8.05077,-34.947692,15.9,2022-06-15 23:05:36+00:00,1.2363706196123843,1196.5708678176265
-8.050805,-34.947695,15.9,2022-06-15 23:05:37+00:00,3.884961762219874,1200.4558295798465
-8.050817,-34.947696,15.9,2022-06-15 23:05:38+00:00,1.3317225090296434,1201.787552088876
-8.050854,-34.947698,15.9,2022-06-15 23:05:39+00:00,4.097988458766499,1205.8855405476424
-8.050866,-34.947699,15.9,2022-06-15 23:05:40+00:00,1.3317225107924633,1207.2172630584348
-8.050904,-34.947701,15.9,2022-06-15 23:05:41+00:00,4.208428577589512,1211.4256916360243
-8.050918,-34.947702,15.9,2022-06-15 23:05:42+00:00,1.552263584582494,1212.9779552206069
-8.050953,-34.947707,15.9,2022-06-15 23:05:43+00:00,3.909902417449641,1216.8878576380564
-8.050965,-34.947709,15.9,2022-06-15 23:05:44+00:00,1.3453388123944803,1218.2331964504508
-8.050996,-34.947714,15.9,2022-06-15 23:05:45+00:00,3.472495359255694,1221.7056918097064
-8.051028,-34.947722,15.9,2022-06-15 23:05:46+00:00,3.647283819080542,1225.352975628787
-8.05104,-34.947724,15.9,2022-06-15 23:05:47+00:00,1.345338810677342,1226.6983144394642
-8.051074,-34.947729,15.9,2022-06-15 23:05:48+00:00,3.8004426348974754,1230.4987570743617
-8.051086,-34.947732,15.9,2022-06-15 23:05:49+00:00,1.3677314230094262,1231.8664884973712
-8.051122,-34.947736,15.9,2022-06-15 23:05:50+00:00,4.0057980074994495,1235.8722865048705
-8.051133,-34.947737,15.9,2022-06-15 23:05:51+00:00,1.2215402743948405,1237.0938267792653
-8.05117,-34.947743,15.9,2022-06-15 23:05:52+00:00,4.145157080029996,1241.2389838592953
-8.051183,-34.947744,15.9,2022-06-15 23:05:53+00:00,1.4419681318454904,1242.6809519911408
-8.051216,-34.947747,15.9,2022-06-15 23:05:54+00:00,3.664620831165631,1246.3455728223064
-8.051229,-34.947746,15.9,2022-06-15 23:05:55+00:00,1.441968134331888,1247.7875409566384
-8.051265,-34.947753,15.9,2022-06-15 23:05:56+00:00,4.055537631698763,1251.8430785883372
-8.051277,-34.947755,15.9,2022-06-15 23:05:57+00:00,1.3453388043751073,1253.1884173927124
-8.051318,-34.947761,15.9,2022-06-15 23:05:58+00:00,4.582417657556767,1257.7708350502692
-8.051335,-34.947764,15.9,2022-06-15 23:05:59+00:00,1.9089931933639046,1259.679828243633
-8.051367,-34.947776,15.9,2022-06-15 23:06:00+00:00,3.778190152770283,1263.4580183964033
-8.051377,-34.947781,15.9,2022-06-15 23:06:01+00:00,1.2356828509207538,1264.693701247324
-8.051422,-34.947792,15.9,2022-06-15 23:06:03+00:00,5.122399688427278,1269.8161009357514
-8.051437,-34.947794,15.9,2022-06-15 23:06:04+00:00,1.673525344563601,1271.489626280315
-8.051453,-34.947797,15.9,2022-06-15 23:06:05+00:00,1.8001710633289605,1273.2897973436438
-8.051494,-34.9478,15.9,2022-06-15 23:06:06+00:00,4.546480774262778,1277.8362781179067
-8.051512,-34.947803,15.9,2022-06-15 23:06:07+00:00,2.0180081979168265,1279.8542863158234
-8.051545,-34.94781,15.9,2022-06-15 23:06:08+00:00,3.730344071530669,1283.584630387354
-8.051556,-34.947813,15.9,2022-06-15 23:06:09+00:00,1.2607001345469373,1284.8453305219011
-8.05159,-34.947821,15.9,2022-06-15 23:06:10+00:00,3.8622835652645686,1288.7076140871657
-8.051601,-34.947823,15.9,2022-06-15 23:06:11+00:00,1.2363705880920262,1289.9439846752578
-8.051634,-34.94783,15.9,2022-06-15 23:06:12+00:00,3.7303440520319477,1293.6743287272898
-8.051645,-34.947832,15.9,2022-06-15 23:06:13+00:00,1.2363705861505514,1294.9106993134403
-8.051682,-34.947838,15.9,2022-06-15 23:06:14+00:00,4.145157047549916,1299.0558563609902
-8.051697,-34.947839,15.9,2022-06-15 23:06:15+00:00,1.6625990360737355,1300.718455397064
-8.051731,-34.947844,15.9,2022-06-15 23:06:17+00:00,3.8004426247203944,1304.5188980217843
-8.051743,-34.947847,15.9,2022-06-15 23:06:18+00:00,1.3677313354084617,1305.8866293571928
-8.051779,-34.947854,15.9,2022-06-15 23:06:19+00:00,4.055537544437382,1309.9421669016301
-8.05179,-34.947857,15.9,2022-06-15 23:06:20+00:00,1.2607000978622114,1311.2028669994922
-8.051824,-34.947867,15.9,2022-06-15 23:06:21+00:00,3.9185012310282015,1315.1213682305204
-8.051834,-34.94787,15.9,2022-06-15 23:06:22+00:00,1.1543411303983302,1316.2757093609187
-8.051863,-34.947889,15.9,2022-06-15 23:06:23+00:00,3.8305369548416053,1320.1062463157602
-8.051871,-34.947897,15.9,2022-06-15 23:06:24+00:00,1.2491786543185917,1321.3554249700787
-8.051888,-34.947931,15.9,2022-06-15 23:06:25+00:00,4.192955699573692,1325.5483806696525
-8.051892,-34.947943,15.9,2022-06-15 23:06:26+00:00,1.3947672305420111,1326.9431479001944
-8.051896,-34.94797,15.9,2022-06-15 23:06:27+00:00,3.0088896819149413,1329.9520375821094
-8.051894,-34.948004,15.9,2022-06-15 23:06:28+00:00,3.7543177775868664,1333.7063553596963
-8.051893,-34.948016,15.9,2022-06-15 23:06:29+00:00,1.3273670412364562,1335.0337224009327
-8.051885,-34.948052,15.9,2022-06-15 23:06:30+00:00,4.0656932448520084,1339.0994156457846
-8.051883,-34.948065,15.9,2022-06-15 23:06:31+00:00,1.4499518190052205,1340.5493674647898
-8.05188,-34.948101,15.9,2022-06-15 23:06:32+00:00,3.9821012330380134,1344.531468697828
-8.051879,-34.948116,15.9,2022-06-15 23:06:33+00:00,1.657134216864661,1346.1886029146926
-8.051872,-34.948155,15.9,2022-06-15 23:06:34+00:00,4.368094852263347,1350.556697766956
-8.05187,-34.948169,15.9,2022-06-15 23:06:35+00:00,1.5589816883292924,1352.1156794552853
-8.05186,-34.948196,15.9,2022-06-15 23:06:36+00:00,3.175037557098624,1355.290717012384
-8.051851,-34.948229,15.9,2022-06-15 23:06:37+00:00,3.771292327956552,1359.0620093403406
-8.051848,-34.948239,15.9,2022-06-15 23:06:38+00:00,1.1511444321078739,1360.2131537724485
-8.051841,-34.948273,15.9,2022-06-15 23:06:39+00:00,3.826920755691212,1364.0400745281397
-8.051838,-34.948283,15.9,2022-06-15 23:06:40+00:00,1.1511444580353607,1365.191218986175
-8.051832,-34.948317,15.9,2022-06-15 23:06:41+00:00,3.8060890387150548,1368.9973080248901
-8.051828,-34.948328,15.9,2022-06-15 23:06:42+00:00,1.290703137047831,1370.288011161938
-8.05182,-34.948362,15.9,2022-06-15 23:06:43+00:00,3.8508176048392855,1374.1388287667771
-8.051817,-34.948374,15.9,2022-06-15 23:06:44+00:00,1.3637286437166118,1375.5025574104936
-8.05181,-34.948409,15.9,2022-06-15 23:06:45+00:00,3.9349344754400044,1379.4374918859337
-8.051806,-34.94842,15.9,2022-06-15 23:06:46+00:00,1.2907031990498372,1380.7281950849836
-8.051796,-34.948455,15.9,2022-06-15 23:06:47+00:00,4.013417021721031,1384.7416121067047
-8.051793,-34.948467,15.9,2022-06-15 23:06:48+00:00,1.3637287201170982,1386.1053408268217
-8.051781,-34.948502,15.9,2022-06-15 23:06:49+00:00,4.079914549344176,1390.185255376166
-8.051777,-34.948514,15.9,2022-06-15 23:06:50+00:00,1.3947675713987249,1391.5800229475647
-8.05177,-34.948546,15.9,2022-06-15 23:06:51+00:00,3.6112962531812713,1395.191319200746
-8.051768,-34.948556,15.9,2022-06-15 23:06:52+00:00,1.1242671103410051,1396.315586311087
-8.051764,-34.948592,15.9,2022-06-15 23:06:53+00:00,3.9928385340352843,1400.308424845122
-8.051763,-34.948603,15.9,2022-06-15 23:06:54+00:00,1.217556048071609,1401.5259808931937
-8.051757,-34.948637,15.9,2022-06-15 23:06:55+00:00,3.806089716585413,1405.332070609779
-8.051755,-34.948648,15.9,2022-06-15 23:06:56+00:00,1.2325328599672405,1406.5646034697463
-8.051751,-34.948678,15.8,2022-06-15 23:06:57+00:00,3.336339297454812,1409.900942767201
-8.051743,-34.948714,15.8,2022-06-15 23:06:58+00:00,4.065694592725267,1413.9666373599264
-8.05174,-34.948727,15.8,2022-06-15 23:06:59+00:00,1.4708906010538398,1415.4375279609803
-8.051734,-34.94876,15.8,2022-06-15 23:07:00+00:00,3.6975987470936023,1419.135126708074
-8.051733,-34.948772,15.8,2022-06-15 23:07:01+00:00,1.3273675561955773,1420.4624942642697
-8.051728,-34.948809,15.8,2022-06-15 23:07:02+00:00,4.1158028152953,1424.5782970795651
-8.051726,-34.948823,15.8,2022-06-15 23:07:03+00:00,1.558982226736045,1426.1372793063013
-8.051718,-34.948869,15.8,2022-06-15 23:07:05+00:00,5.147163442879338,1431.2844427491807
-8.051716,-34.948886,15.8,2022-06-15 23:07:06+00:00,1.886908325228926,1433.1713510744096
-8.051714,-34.948902,15.8,2022-06-15 23:07:07+00:00,1.7774859401417145,1434.9488370145514
-8.051705,-34.94895,15.9,2022-06-15 23:07:08+00:00,5.383820591331113,1440.3326576058826
-8.051696,-34.948993,15.9,2022-06-15 23:07:10+00:00,4.843247194691917,1445.1759048005745
-8.051693,-34.949009,15.9,2022-06-15 23:07:11+00:00,1.7946069269791292,1446.9705117275537
-8.051689,-34.949024,15.9,2022-06-15 23:07:12+00:00,1.7115982821081903,1448.682110009662
-8.051681,-34.949061,15.9,2022-06-15 23:07:13+00:00,4.17335172112221,1452.855461730784
-8.051678,-34.949073,15.9,2022-06-15 23:07:14+00:00,1.3637290796444528,1454.2191908104285
-8.051672,-34.9491,15.9,2022-06-15 23:07:15+00:00,3.0492714574460154,1457.2684622678744
-8.051667,-34.949138,15.9,2022-06-15 23:07:16+00:00,4.22505930820119,1461.4935215760756
-8.051665,-34.949149,15.9,2022-06-15 23:07:17+00:00,1.2325331238984756,1462.7260546999742
-8.05166,-34.949181,15.9,2022-06-15 23:07:18+00:00,3.570421776608281,1466.2964764765825
-8.051655,-34.949213,15.9,2022-06-15 23:07:19+00:00,3.570421819372134,1469.8668982959546
-8.05165,-34.949248,15.9,2022-06-15 23:07:20+00:00,3.8974562638640022,1473.7643545598187
-8.051649,-34.949259,15.9,2022-06-15 23:07:21+00:00,1.2175563860118728,1474.9819109458306
-8.051646,-34.949295,15.9,2022-06-15 23:07:22+00:00,3.9821035029243763,1478.964014448755
-8.051645,-34.949307,15.9,2022-06-15 23:07:23+00:00,1.3273678404994589,1480.2913822892544
-8.051643,-34.949341,15.9,2022-06-15 23:07:24+00:00,3.7543200808275534,1484.045702370082
-8.051642,-34.949352,15.9,2022-06-15 23:07:25+00:00,1.2175564045771172,1485.263258774659
-8.05164,-34.949386,15.9,2022-06-15 23:07:26+00:00,3.754320109582346,1489.0175788842414
-8.051639,-34.949399,15.9,2022-06-15 23:07:27+00:00,1.4372432897490361,1490.4548221739904
-8.051633,-34.949442,15.9,2022-06-15 23:07:29+00:00,4.786087492340251,1495.2409096663307
-8.051631,-34.949458,15.9,2022-06-15 23:07:30+00:00,1.7774862952321993,1497.0183959615629
-8.051629,-34.949474,16.0,2022-06-15 23:07:31+00:00,1.7774863047027432,1498.7958822662656
-8.051623,-34.949507,16.0,2022-06-15 23:07:32+00:00,3.6975997211339258,1502.4934819873995
-8.051621,-34.949518,16.0,2022-06-15 23:07:33+00:00,1.2325332525317438,1503.7260152399313
-8.051617,-34.949551,16.0,2022-06-15 23:07:34+00:00,3.664370938620986,1507.3903861785523
-8.051615,-34.949563,16.0,2022-06-15 23:07:35+00:00,1.3411189740255345,1508.7315051525777
-8.051614,-34.949594,16.0,2022-06-15 23:07:36+00:00,3.4188998822971213,1512.150405034875
-8.051613,-34.949606,16.0,2022-06-15 23:07:37+00:00,1.3273679449734699,1513.4777729798484
-8.051609,-34.949642,16.0,2022-06-15 23:07:38+00:00,3.9928400340381915,1517.4706130138866
-8.051608,-34.949655,16.0,2022-06-15 23:07:39+00:00,1.4372433980711672,1518.9078564119577
-8.051604,-34.94969,16.0,2022-06-15 23:07:40+00:00,3.8833085552884845,1522.7911649672462
-8.051603,-34.949702,16.0,2022-06-15 23:07:41+00:00,1.3273679768717108,1524.118532944118
-8.051599,-34.949735,16.0,2022-06-15 23:07:42+00:00,3.6643710974129715,1527.7829040415309
-8.051598,-34.949747,16.0,2022-06-15 23:07:43+00:00,1.3273679922914856,1529.1102720338224
-8.051594,-34.949782,16.0,2022-06-15 23:07:44+00:00,3.8833086481760186,1532.9935806819985
-8.051592,-34.949794,16.0,2022-06-15 23:07:45+00:00,1.3411190479861859,1534.3346997299848
-8.051585,-34.949833,16.0,2022-06-15 23:07:46+00:00,4.368097829779662,1538.7027975597643
-8.051576,-34.949868,16.0,2022-06-15 23:07:47+00:00,3.984361175938778,1542.6871587357032
-8.051574,-34.94988,16.0,2022-06-15 23:07:48+00:00,1.3411191051167608,1544.02827784082
-8.051568,-34.949914,16.0,2022-06-15 23:07:49+00:00,3.8060914263436403,1547.8343692671635
-8.051566,-34.949925,16.0,2022-06-15 23:07:50+00:00,1.2325334130584238,1549.066902680222
-8.051561,-34.94996,16.0,2022-06-15 23:07:51+00:00,3.8974570984826946,1552.9643597787046
-8.051559,-34.949971,16.0,2022-06-15 23:07:52+00:00,1.2325334323278134,1554.1968932110324
-8.051552,-34.950006,16.0,2022-06-15 23:07:53+00:00,3.934936868899286,1558.1318300799317
-8.05155,-34.950016,16.0,2022-06-15 23:07:54+00:00,1.1242676872323283,1559.256097767164
-8.051543,-34.950051,16.0,2022-06-15 23:07:55+00:00,3.934936950196687,1563.1910347173607
-8.051541,-34.950062,16.0,2022-06-15 23:07:56+00:00,1.232533485608146,1564.423568202969
-8.051535,-34.95009,16.0,2022-06-15 23:07:58+00:00,3.1569512083353337,1567.5805194113043
-8.051523,-34.95012,16.0,2022-06-15 23:07:59+00:00,3.5632572862373535,1571.1437766975416
-8.051512,-34.950155,16.0,2022-06-15 23:08:00+00:00,4.045293329665985,1575.1890700272077
-8.051508,-34.950165,16.0,2022-06-15 23:08:01+00:00,1.1877524762559841,1576.3768225034637
-8.051499,-34.9502,16.0,2022-06-15 23:08:02+00:00,3.9843618799306455,1580.3611843833944
-8.051496,-34.950211,16.0,2022-06-15 23:08:03+00:00,1.2570984685141753,1581.6182828519086
-8.051488,-34.950246,16.0,2022-06-15 23:08:04+00:00,3.9581820451940595,1585.5764648971026
-8.051487,-34.950257,16.0,2022-06-15 23:08:05+00:00,1.217556866279897,1586.7940217633825
-8.051483,-34.95029,16.0,2022-06-15 23:08:06+00:00,3.664372124856186,1590.4583938882388
-8.051481,-34.950301,16.0,2022-06-15 23:08:07+00:00,1.2325336608567112,1591.6909275490955
-8.051473,-34.950338,16.0,2022-06-15 23:08:08+00:00,4.173353753132874,1595.8642813022284
-8.051471,-34.95035,16.0,2022-06-15 23:08:09+00:00,1.3411194356570086,1597.2054007378854
-8.051465,-34.950387,16.0,2022-06-15 23:08:10+00:00,4.132118174102032,1601.3375189119874
-8.051463,-34.950402,16.0,2022-06-15 23:08:11+00:00,1.668170808993076,1603.0056897209806
-8.051458,-34.950438,16.0,2022-06-15 23:08:12+00:00,4.006602869559776,1607.0122925905405
-8.051457,-34.95045,16.0,2022-06-15 23:08:13+00:00,1.3273684476675218,1608.339661038208
-8.051445,-34.950483,16.0,2022-06-15 23:08:14+00:00,3.8721125814031065,1612.2117736196112
-8.05144,-34.950494,16.0,2022-06-15 23:08:15+00:00,1.332666791508281,1613.5444404111195
-8.051421,-34.950524,16.0,2022-06-15 23:08:16+00:00,3.9180404320811775,1617.4624808432006
-8.051415,-34.950534,16.0,2022-06-15 23:08:17+00:00,1.2866181507070291,1618.7490989939076
-8.051389,-34.950558,16.0,2022-06-15 23:08:18+00:00,3.907325214447716,1622.6564242083552
-8.05138,-34.950566,16.0,2022-06-15 23:08:19+00:00,1.3298061604992093,1623.9862303688544
-8.051349,-34.950584,16.0,2022-06-15 23:08:20+00:00,3.9612160159749377,1627.9474463848294
-8.051338,-34.95059,16.0,2022-06-15 23:08:21+00:00,1.3847126963450782,1629.3321590811745
-8.051307,-34.950603,16.0,2022-06-15 23:08:22+00:00,3.715898353031076,1633.0480574342055
-8.051295,-34.950607,16.0,2022-06-15 23:08:23+00:00,1.3984787810636683,1634.4465362152691
-8.051271,-34.950609,16.0,2022-06-15 23:08:24+00:00,2.6634450571343766,1637.1099812724035
-8.051225,-34.95061,16.0,2022-06-15 23:08:26+00:00,5.0886128098637124,1642.1985940822672
-8.051197,-34.950604,16.0,2022-06-15 23:08:28+00:00,3.166529078109029,1645.3651231603762
-8.051161,-34.950598,16.0,2022-06-15 23:08:29+00:00,4.036016419988686,1649.401139580365
-8.05113,-34.950591,16.0,2022-06-15 23:08:30+00:00,3.5142334857066047,1652.9153730660717
-8.051122,-34.950588,16.0,2022-06-15 23:08:31+00:00,0.9445475932848711,1653.8599206593565
-8.051107,-34.950584,16.0,2022-06-15 23:08:32+00:00,1.7165353498604212,1655.5764560092168
-8.051091,-34.950572,16.0,2022-06-15 23:08:33+00:00,2.209284864139473,1657.7857408733562
-8.051061,-34.950564,16.0,2022-06-15 23:08:35+00:00,3.4330707148704684,1661.2188115882266
-8.051054,-34.950563,16.0,2022-06-15 23:08:36+00:00,0.781980483306321,1662.000792071533
-8.051021,-34.950558,16.0,2022-06-15 23:08:37+00:00,3.691050596269065,1665.6918426678021
-8.051013,-34.950557,16.0,2022-06-15 23:08:38+00:00,0.8916085470335048,1666.5834512148356
-8.050989,-34.950554,16.0,2022-06-15 23:08:40+00:00,2.674825640406436,1669.258276855242
-8.050981,-34.950552,16.0,2022-06-15 23:08:41+00:00,0.9118209571506228,1670.1700978123927
-8.050974,-34.950551,16.0,2022-06-15 23:08:42+00:00,0.7819804837042666,1670.952078296097
-8.05095,-34.950546,16.0,2022-06-15 23:08:43+00:00,2.7109225477744965,1673.6630008438715
-8.05094,-34.950544,16.0,2022-06-15 23:08:44+00:00,1.127719397764373,1674.7907202416359
-8.050929,-34.950543,16.0,2022-06-15 23:08:45+00:00,1.221540267927877,1676.0122605095637
-8.05092,-34.950541,16.0,2022-06-15 23:08:46+00:00,1.0194865212204705,1677.0317470307841
-8.050907,-34.950539,16.0,2022-06-15 23:08:47+00:00,1.4545527579263182,1678.4862997887105
-8.050894,-34.950538,16.0,2022-06-15 23:08:48+00:00,1.4419681185152853,1679.9282679072257
-8.050881,-34.950537,16.0,2022-06-15 23:08:49+00:00,1.441968117681949,1681.3702360249076
-8.050862,-34.950534,16.0,2022-06-15 23:08:50+00:00,2.127186461324881,1683.4974224862326
-8.050849,-34.950532,16.0,2022-06-15 23:08:51+00:00,1.4545527592059342,1684.9519752454385
-8.050838,-34.950529,16.0,2022-06-15 23:08:52+00:00,1.2607002441443973,1686.2126754895828
-8.050821,-34.950525,16.0,2022-06-15 23:08:54+00:00,1.9311419006106494,1688.1438173901934
-8.0508,-34.950521,16.0,2022-06-15 23:08:55+00:00,2.363999837180058,1690.5078172273734
-8.050792,-34.950519,16.0,2022-06-15 23:08:56+00:00,0.9118209742959938,1691.4196382016694
-8.050772,-34.950516,16.0,2022-06-15 23:08:57+00:00,2.2365040312686104,1693.656142232938
-8.050763,-34.950515,16.0,2022-06-15 23:08:58+00:00,1.0014494960616933,1694.6575917289997
-8.050753,-34.950514,16.0,2022-06-15 23:08:59+00:00,1.1114402205372218,1695.7690319495368
-8.050732,-34.950513,16.0,2022-06-15 23:09:00+00:00,2.3251315570548323,1698.0941635065917
-8.050725,-34.950513,16.0,2022-06-15 23:09:01+00:00,0.7741724024437934,1698.8683359090355
-8.050715,-34.950513,16.0,2022-06-15 23:09:02+00:00,1.1059605747924597,1699.974296483828
-8.050689,-34.950514,16.0,2022-06-15 23:09:03+00:00,2.877609493576828,1702.8519059774048
-8.050675,-34.950513,16.0,2022-06-15 23:09:04+00:00,1.5522635721173008,1704.404169549522
-8.050657,-34.95051,16.0,2022-06-15 23:09:06+00:00,2.0180082291256234,1706.4221777786477
-8.050637,-34.950505,16.0,2022-06-15 23:09:07+00:00,2.2795524679079437,1708.7017302465556
-8.050624,-34.950503,16.0,2022-06-15 23:09:08+00:00,1.454552762019019,1710.1562830085745
-8.050596,-34.950497,16.0,2022-06-15 23:09:10+00:00,3.1665291933686026,1713.3228122019432
-8.050582,-34.950497,16.0,2022-06-15 23:09:11+00:00,1.5483447948595985,1714.8711569968027
-8.050568,-34.950496,16.0,2022-06-15 23:09:12+00:00,1.5522635660734425,1716.4234205628761
-8.050549,-34.950494,16.0,2022-06-15 23:09:13+00:00,2.1128581081498394,1718.536278671026
-8.050535,-34.950492,16.0,2022-06-15 23:09:14+00:00,1.563960968193957,1720.1002396392198
-8.050495,-34.950486,16.0,2022-06-15 23:09:16+00:00,4.473008070534435,1724.5732477097542
-8.050486,-34.950484,16.0,2022-06-15 23:09:17+00:00,1.0194865512814044,1725.5927342610357
-8.050477,-34.950483,16.0,2022-06-15 23:09:18+00:00,1.0014494903617728,1726.5941837513974
-8.050468,-34.950481,16.0,2022-06-15 23:09:19+00:00,1.019486552748609,1727.613670304146
-8.050456,-34.950484,16.0,2022-06-15 23:09:20+00:00,1.3677315056530264,1728.9814018097989
-8.050442,-34.950486,16.0,2022-06-15 23:09:21+00:00,1.563960967954528,1730.5453627777533
-8.050433,-34.950486,16.0,2022-06-15 23:09:22+00:00,0.9953645038116138,1731.5407272815648
-8.050422,-34.950486,16.0,2022-06-15 23:09:23+00:00,1.2165566153368772,1732.7572838969018
-8.050414,-34.950486,16.0,2022-06-15 23:09:24+00:00,0.8847684469645127,1733.6420523438662
-8.050386,-34.950486,16.0,2022-06-15 23:09:25+00:00,3.0966895615315364,1736.7387419053978
-8.050373,-34.950485,16.0,2022-06-15 23:09:26+00:00,1.441968092578461,1738.1807099979762
-8.050359,-34.950484,16.0,2022-06-15 23:09:27+00:00,1.552263554111479,1739.7329735520877
-8.050345,-34.950483,15.9,2022-06-15 23:09:28+00:00,1.5522635534063896,1741.2852371054942
-8.050306,-34.950492,15.9,2022-06-15 23:09:30+00:00,4.425866058639766,1745.7111031641339
-8.050294,-34.950494,15.9,2022-06-15 23:09:31+00:00,1.3453388285538788,1747.0564419926877
-8.050281,-34.950493,15.9,2022-06-15 23:09:32+00:00,1.4419680883120822,1748.4984100809997
-8.050259,-34.950489,15.9,2022-06-15 23:09:34+00:00,2.4727412765797303,1750.9711513575794
-8.050248,-34.950486,15.9,2022-06-15 23:09:35+00:00,1.2607003361960067,1752.2318516937753
-8.050243,-34.95048,15.9,2022-06-15 23:09:36+00:00,0.8620955062715191,1753.0939472000468
-8.050232,-34.950472,15.9,2022-06-15 23:09:37+00:00,1.5025472318267543,1754.5964944318737
-8.050215,-34.950467,15.9,2022-06-15 23:09:38+00:00,1.9592510785233068,1756.555745510397
-8.050199,-34.950463,15.9,2022-06-15 23:09:39+00:00,1.8236420527591861,1758.3793875631561
-8.050168,-34.950457,15.9,2022-06-15 23:09:40+00:00,3.4916874003987606,1761.871074963555
-8.050158,-34.950455,15.9,2022-06-15 23:09:41+00:00,1.127719439055134,1762.9987944026102
-8.050124,-34.95045,15.9,2022-06-15 23:09:42+00:00,3.8004426483615568,1766.7992370509717
-8.050112,-34.950449,15.9,2022-06-15 23:09:43+00:00,1.3317224797831972,1768.1309595307548
-8.050077,-34.950447,15.9,2022-06-15 23:09:44+00:00,3.877134796570393,1772.0080943273251
-8.050065,-34.950447,15.9,2022-06-15 23:09:45+00:00,1.3271526481632405,1773.3352469754884
-8.050031,-34.950443,15.9,2022-06-15 23:09:46+00:00,3.786028110995224,1777.1212750864836
-8.05002,-34.950442,15.9,2022-06-15 23:09:47+00:00,1.2215402367016994,1778.3428153231853
-8.04999,-34.950437,15.9,2022-06-15 23:09:48+00:00,3.363347090156692,1781.7061624133419
-8.049944,-34.950432,15.9,2022-06-15 23:09:50+00:00,5.117185935703976,1786.8233483490458
-8.049929,-34.950431,15.9,2022-06-15 23:09:51+00:00,1.6625989260303886,1788.4859472750761
-8.049914,-34.950429,15.9,2022-06-15 23:09:52+00:00,1.6735253317248686,1790.159472606801
-8.04988,-34.950424,15.9,2022-06-15 23:09:53+00:00,3.800442652216193,1793.9599152590172
-8.049868,-34.950423,15.9,2022-06-15 23:09:54+00:00,1.331722469754364,1795.2916377287715
-8.049833,-34.950418,15.9,2022-06-15 23:09:55+00:00,3.90990242211203,1799.2015401508836
-8.04982,-34.950417,15.9,2022-06-15 23:09:56+00:00,1.4419680657196157,1800.6435082166033
-8.049787,-34.950413,15.9,2022-06-15 23:09:57+00:00,3.6762071677448285,1804.3197153843482
-8.049776,-34.950411,16.0,2022-06-15 23:09:58+00:00,1.236370657088603,1805.5560860414369
-8.049742,-34.950408,16.0,2022-06-15 23:09:59+00:00,3.7747787164956272,1809.3308647579324
-8.049731,-34.950408,16.0,2022-06-15 23:10:00+00:00,1.2165565743665872,1810.547421332299
-8.049697,-34.950405,16.0,2022-06-15 23:10:01+00:00,3.7747787112738687,1814.322200043573
-8.049686,-34.950404,16.0,2022-06-15 23:10:02+00:00,1.2215402253278562,1815.5437402689008
-8.049652,-34.950399,16.0,2022-06-15 23:10:03+00:00,3.800442655468589,1819.3441829243693
-8.049641,-34.950398,16.0,2022-06-15 23:10:04+00:00,1.2215402239076787,1820.565723148277
-8.049606,-34.950395,16.0,2022-06-15 23:10:05+00:00,3.884961624191979,1824.4506847724688
-8.049594,-34.950395,16.0,2022-06-15 23:10:06+00:00,1.3271526177437258,1825.7778373902124
-8.049559,-34.950392,16.0,2022-06-15 23:10:07+00:00,3.88496161893971,1829.6627990091522
-8.049548,-34.95039,16.0,2022-06-15 23:10:08+00:00,1.2363706657543208,1830.8991696749065
-8.049513,-34.950386,16.0,2022-06-15 23:10:09+00:00,3.8958928646586095,1834.7950625395652
-8.0495,-34.950385,16.0,2022-06-15 23:10:10+00:00,1.441968049950213,1836.2370305895154
-8.049469,-34.950378,16.0,2022-06-15 23:10:11+00:00,3.5142339061747463,1839.75126449569
-8.049459,-34.950376,16.0,2022-06-15 23:10:12+00:00,1.127719476041939,1840.878983971732
-8.049425,-34.950371,16.0,2022-06-15 23:10:13+00:00,3.800442659312042,1844.679426631044
-8.049413,-34.950369,16.0,2022-06-15 23:10:14+00:00,1.345338850462218,1846.0247654815062
-8.049379,-34.950365,16.0,2022-06-15 23:10:15+00:00,3.786028075412345,1849.8107935569185
-8.049368,-34.950363,16.0,2022-06-15 23:10:16+00:00,1.2363706725602626,1851.0471642294788
-8.049333,-34.950358,16.0,2022-06-15 23:10:17+00:00,3.909902424669324,1854.957066654148
-8.049321,-34.950356,16.0,2022-06-15 23:10:18+00:00,1.3453388528678683,1856.302405507016
-8.049284,-34.950352,16.0,2022-06-15 23:10:19+00:00,4.115739923496481,1860.4181454305124
-8.049271,-34.950351,16.0,2022-06-15 23:10:20+00:00,1.4419680389538032,1861.8601134694661
-8.049226,-34.950346,16.0,2022-06-15 23:10:22+00:00,5.007247339071228,1866.8673608085373
-8.049212,-34.950344,16.0,2022-06-15 23:10:23+00:00,1.5639609701353987,1868.4313217786728
-8.049197,-34.950342,16.0,2022-06-15 23:10:24+00:00,1.673525325517143,1870.10484710419
-8.049164,-34.950338,16.0,2022-06-15 23:10:25+00:00,3.6762071385787087,1873.7810542427687
-8.049152,-34.950337,16.0,2022-06-15 23:10:26+00:00,1.331722439660356,1875.112776682429
-8.049117,-34.950334,16.0,2022-06-15 23:10:27+00:00,3.884961566240392,1878.9977382486695
-8.049106,-34.950333,16.0,2022-06-15 23:10:28+00:00,1.2215402050263329,1880.2192784536958
-8.049069,-34.950329,16.0,2022-06-15 23:10:29+00:00,4.115739905984557,1884.3350183596804
-8.049056,-34.950327,16.0,2022-06-15 23:10:30+00:00,1.454552781881562,1885.789571141562
-8.049019,-34.950324,16.0,2022-06-15 23:10:31+00:00,4.105394044237036,1889.894965185799
-8.049007,-34.950324,16.1,2022-06-15 23:10:32+00:00,1.32715257971368,1891.2221177655126
-8.04897,-34.950322,16.1,2022-06-15 23:10:33+00:00,4.097988146096523,1895.320105911609
-8.048958,-34.950321,16.1,2022-06-15 23:10:34+00:00,1.3317224315935297,1896.6518283432026
-8.048923,-34.950321,16.1,2022-06-15 23:10:35+00:00,3.870861677405019,1900.5226900206076
-8.048912,-34.950321,16.1,2022-06-15 23:10:36+00:00,1.2165565259345386,1901.739246546542
-8.048877,-34.950323,16.1,2022-06-15 23:10:37+00:00,3.8771346073828,1905.616381153925
-8.048865,-34.950324,16.1,2022-06-15 23:10:38+00:00,1.3317224279986835,1906.9481035819238
-8.048832,-34.950333,16.1,2022-06-15 23:10:39+00:00,3.7821016642769667,1910.7302052462007
-8.048821,-34.950337,16.1,2022-06-15 23:10:40+00:00,1.2939940746190393,1912.02419932082
-8.048787,-34.95035,16.1,2022-06-15 23:10:41+00:00,4.024060481687361,1916.0482598025073
-8.048776,-34.950354,16.1,2022-06-15 23:10:42+00:00,1.2939940890273376,1917.3422538915347
-8.048743,-34.950367,16.1,2022-06-15 23:10:43+00:00,3.9209123439073474,1921.263166235442
-8.048732,-34.950372,16.1,2022-06-15 23:10:44+00:00,1.3355811158691497,1922.5987473513112
-8.048702,-34.950391,16.1,2022-06-15 23:10:45+00:00,3.9236125250300273,1926.5223598763412
-8.048692,-34.950398,16.2,2022-06-15 23:10:46+00:00,1.3485296834923943,1927.8708895598336
-8.048663,-34.950422,16.2,2022-06-15 23:10:47+00:00,4.157580638774156,1932.0284701986077
-8.048655,-34.95043,16.2,2022-06-15 23:10:48+00:00,1.24918345438058,1933.2776536529882
-8.048633,-34.950459,16.2,2022-06-15 23:10:49+00:00,4.01730892073854,1937.2949625737267
-8.048625,-34.950468,16.2,2022-06-15 23:10:50+00:00,1.329293494834629,1938.6242560685614
-8.048608,-34.9505,16.2,2022-06-15 23:10:51+00:00,3.9971501849975657,1942.621406253559
-8.048603,-34.95051,16.2,2022-06-15 23:10:52+00:00,1.2332301356573754,1943.8546363892162
-8.048594,-34.95054,16.2,2022-06-15 23:10:53+00:00,3.4534584948840306,1947.3080948841002
-8.048587,-34.950575,16.2,2022-06-15 23:10:54+00:00,3.9349643495559388,1951.2430592336561
-8.048585,-34.950588,16.2,2022-06-15 23:10:55+00:00,1.4499632680926189,1952.6930225017488
-8.048581,-34.950624,16.3,2022-06-15 23:10:56+00:00,3.992869311829795,1956.6858918135786
-8.048579,-34.950636,16.3,2022-06-15 23:10:57+00:00,1.341128683564173,1958.0270204971428
-8.048574,-34.95067,16.3,2022-06-15 23:10:58+00:00,3.788402272194374,1961.8154227693371
-8.048572,-34.950682,16.3,2022-06-15 23:10:59+00:00,1.341128704938574,1963.1565514742758
-8.048556,-34.950714,16.4,2022-06-15 23:11:00+00:00,3.946336753078011,1967.1028882273538
-8.04855,-34.950725,16.4,2022-06-15 23:11:01+00:00,1.3822329272032887,1968.485121154557
-8.048525,-34.950741,16.5,2022-06-15 23:11:02+00:00,3.279520867719917,1971.7646420222768
-8.048515,-34.950744,16.5,2022-06-15 23:11:03+00:00,1.1543417285948274,1972.9189837508716
-8.048486,-34.950735,16.5,2022-06-15 23:11:04+00:00,3.3572140051534407,1976.276197756025
-8.048475,-34.950731,16.5,2022-06-15 23:11:05+00:00,1.2939941831153616,1977.5701919391404
-8.048435,-34.950716,16.5,2022-06-15 23:11:07+00:00,4.722741219342308,1982.2929331584826
-8.048424,-34.950711,16.5,2022-06-15 23:11:08+00:00,1.3355812706542365,1983.6285144291369
-8.048413,-34.950707,16.5,2022-06-15 23:11:09+00:00,1.2939942024599442,1984.9225086315969
-8.048384,-34.950697,16.5,2022-06-15 23:11:10+00:00,3.391422960301298,1988.3139315918982
-8.048375,-34.950694,16.5,2022-06-15 23:11:11+00:00,1.0488596984421843,1989.3627912903403
-8.048344,-34.950689,16.5,2022-06-15 23:11:12+00:00,3.472495490227664,1992.835286780568
-8.048334,-34.950687,16.5,2022-06-15 23:11:13+00:00,1.127719535595626,1993.9630063161635
-8.048305,-34.950682,16.5,2022-06-15 23:11:14+00:00,3.25429665723699,1997.2173029734006
-8.048294,-34.950681,16.5,2022-06-15 23:11:15+00:00,1.2215401771357282,1998.4388431505363
-8.048264,-34.950673,16.5,2022-06-15 23:11:16+00:00,3.4330718327103478,2001.8719149832466
-8.048258,-34.95067,16.5,2022-06-15 23:11:17+00:00,0.7414107458369898,2002.6133257290835
-8.048232,-34.950663,16.5,2022-06-15 23:11:18+00:00,2.9772250382299297,2005.5905507673135
-8.048223,-34.95066,16.5,2022-06-15 23:11:19+00:00,1.0488597307969052,2006.6394104981105
-8.048192,-34.950645,16.5,2022-06-15 23:11:20+00:00,3.806358967207526,2010.4457694653179
-8.048182,-34.950637,16.5,2022-06-15 23:11:21+00:00,1.4144944410099396,2011.8602639063279
-8.048151,-34.950617,16.5,2022-06-15 23:11:22+00:00,4.076118886446304,2015.936382792774
-8.04814,-34.950611,16.5,2022-06-15 23:11:23+00:00,1.3847150075124175,2017.3210978002865
-8.048105,-34.950597,16.5,2022-06-15 23:11:24+00:00,4.16714658519293,2021.4882443854794
-8.048093,-34.950594,16.5,2022-06-15 23:11:25+00:00,1.3677318210061884,2022.8559762064856
-8.048064,-34.950587,16.5,2022-06-15 23:11:26+00:00,3.298797397326948,2026.1547736038126
-8.048034,-34.950582,16.5,2022-06-15 23:11:27+00:00,3.3633472120753662,2029.5181208158879
-8.048005,-34.950578,16.5,2022-06-15 23:11:28+00:00,3.237451206837921,2032.7555720227258
-8.047977,-34.950573,16.5,2022-06-15 23:11:29+00:00,3.1453540767165102,2035.9009260994424
-8.047948,-34.95057,16.5,2022-06-15 23:11:30+00:00,3.2242883225740617,2039.1252144220164
-8.047919,-34.95057,16.5,2022-06-15 23:11:31+00:00,3.2072852329615853,2042.332499654978
-8.047891,-34.950569,16.5,2022-06-15 23:11:32+00:00,3.0986504560426122,2045.4311501110205
-8.047852,-34.950567,16.5,2022-06-15 23:11:33+00:00,4.318876120651033,2049.7500262316717
-8.047838,-34.950567,16.5,2022-06-15 23:11:34+00:00,1.5483445883970195,2051.2983708200686
-8.047798,-34.950561,16.5,2022-06-15 23:11:35+00:00,4.473008143994277,2055.771378964063
-8.047783,-34.950559,16.5,2022-06-15 23:11:36+00:00,1.673525312767499,2057.4449042768306
-8.047756,-34.950555,16.5,2022-06-15 23:11:37+00:00,3.0184704825087323,2060.4633747593393
-8.047721,-34.950548,16.5,2022-06-15 23:11:38+00:00,3.9470184858164825,2064.410393245156
-8.04767,-34.950543,16.5,2022-06-15 23:11:40+00:00,5.667262079012064,2070.077655324168
-8.047623,-34.950541,16.6,2022-06-15 23:11:42+00:00,5.202686976313352,2075.2803423004816
-8.047575,-34.950537,16.6,2022-06-15 23:11:44+00:00,5.3268894974227115,2080.607231797904
-8.04755,-34.950532,16.6,2022-06-15 23:11:45+00:00,2.8192989413318896,2083.426530739236
-8.047527,-34.950531,16.6,2022-06-15 23:11:46+00:00,2.5460962028118708,2085.972626942048
-8.047484,-34.950529,16.6,2022-06-15 23:11:48+00:00,4.760737039801268,2090.7333639818494
-8.04746,-34.950527,16.6,2022-06-15 23:11:50+00:00,2.6634447381156754,2093.396808719965
-8.047417,-34.95052,16.6,2022-06-15 23:11:51+00:00,4.8178212297629255,2098.214629949728
-8.047394,-34.950516,16.6,2022-06-15 23:11:52+00:00,2.5816404249911895,2100.7962703747194
-8.04737,-34.950514,16.6,2022-06-15 23:11:54+00:00,2.6634447303506725,2103.4597151050702
-8.047335,-34.950512,16.6,2022-06-15 23:11:55+00:00,3.8771343658501953,2107.3368494709202
-8.047322,-34.950512,16.6,2022-06-15 23:11:56+00:00,1.4377485105068744,2108.774597981427
-8.047294,-34.950511,16.5,2022-06-15 23:11:57+00:00,3.0986503720854257,2111.8732483535127
-8.04726,-34.950508,16.5,2022-06-15 23:11:58+00:00,3.774778441207724,2115.6480267947204
-8.047249,-34.950506,16.5,2022-06-15 23:11:59+00:00,1.236370753985442,2116.8843975487057
-8.047213,-34.950499,16.5,2022-06-15 23:12:00+00:00,4.055538314113049,2120.939935862819
-8.0472,-34.950496,16.5,2022-06-15 23:12:01+00:00,1.4752890407291266,2122.415224903548
-8.047163,-34.950493,16.5,2022-06-15 23:12:02+00:00,4.105393797470567,2126.5206187010185
-8.047151,-34.950493,16.5,2022-06-15 23:12:03+00:00,1.3271524602352804,2127.8477711612536
-8.047116,-34.95049,16.5,2022-06-15 23:12:04+00:00,3.8849613293272776,2131.732732490581
-8.047103,-34.95049,16.5,2022-06-15 23:12:05+00:00,1.4377484951738013,2133.1704809857547
-8.047069,-34.950487,16.5,2022-06-15 23:12:06+00:00,3.7747784198248904,2136.9452594055797
-8.047057,-34.950485,16.4,2022-06-15 23:12:07+00:00,1.3453389093961978,2138.290598314976
-8.047019,-34.950481,16.4,2022-06-15 23:12:08+00:00,4.225715898715271,2142.516314213691
-8.047002,-34.95048,16.4,2022-06-15 23:12:09+00:00,1.8833612312541674,2144.3996754449454
-8.046966,-34.950476,16.4,2022-06-15 23:12:10+00:00,4.0057977057158505,2148.4054731506612
-8.046954,-34.950475,16.4,2022-06-15 23:12:11+00:00,1.3317223477796698,2149.737195498441
-8.04692,-34.95047,16.4,2022-06-15 23:12:12+00:00,3.8004426968926546,2153.537638195334
-8.046908,-34.950469,16.3,2022-06-15 23:12:13+00:00,1.3317223455528484,2154.8693605408866
-8.046876,-34.950468,16.3,2022-06-15 23:12:14+00:00,3.540789428689769,2158.410149969576
-8.046865,-34.950467,16.3,2022-06-15 23:12:15+00:00,1.2215401278637668,2159.63169009744
-8.04683,-34.950464,16.3,2022-06-15 23:12:16+00:00,3.8849612958033726,2163.516651393243
-8.046817,-34.950464,16.3,2022-06-15 23:12:17+00:00,1.4377484749270895,2164.95439986817
-8.046782,-34.950463,16.3,2022-06-15 23:12:18+00:00,3.872430478580515,2168.8268303467507
-8.04677,-34.950462,16.3,2022-06-15 23:12:19+00:00,1.3317223395764286,2170.1585526863273
-8.046734,-34.950459,16.2,2022-06-15 23:12:20+00:00,3.9951670162939625,2174.1537197026214
-8.046722,-34.950459,16.2,2022-06-15 23:12:21+00:00,1.3271524323103823,2175.480872134932
-8.046686,-34.95046,16.2,2022-06-15 23:12:22+00:00,3.98298292526465,2179.4638550601962
-8.046672,-34.95046,16.2,2022-06-15 23:12:23+00:00,1.5483445005745702,2181.012199560771
-8.04664,-34.950462,16.2,2022-06-15 23:12:24+00:00,3.545933154553876,2184.558132715325
-8.046595,-34.950474,16.1,2022-06-15 23:12:26+00:00,5.149608744237175,2189.707741459562
-8.046582,-34.95048,16.1,2022-06-15 23:12:27+00:00,1.5825769972478971,2191.29031845681
-8.046569,-34.950486,16.1,2022-06-15 23:12:28+00:00,1.58257700520765,2192.8728954620174
-8.046557,-34.950519,16.1,2022-06-15 23:12:29+00:00,3.872153429952117,2196.7450488919694
-8.046555,-34.95053,16.1,2022-06-15 23:12:30+00:00,1.2325480597237377,2197.977596951693
-8.046572,-34.950558,16.1,2022-06-15 23:12:31+00:00,3.614019688454024,2201.591616640147
-8.04658,-34.950566,16.1,2022-06-15 23:12:32+00:00,1.2491865704554916,2202.8408032106026
-8.046615,-34.950582,16.1,2022-06-15 23:12:33+00:00,4.25372484777854,2207.094528058381
-8.046627,-34.950586,16.1,2022-06-15 23:12:34+00:00,1.3984800901359444,2208.4930081485168
-8.046661,-34.950594,16.1,2022-06-15 23:12:35+00:00,3.862285121887873,2212.3552932704047
-8.046692,-34.950597,16.1,2022-06-15 23:12:36+00:00,3.4443885618686925,2215.7996818322736
-8.04672,-34.950601,16.2,2022-06-15 23:12:37+00:00,3.127921948805266,2218.9276037810787
-8.046759,-34.950605,16.2,2022-06-15 23:12:38+00:00,4.335723565181257,2223.2633273462598
-8.046774,-34.950605,16.2,2022-06-15 23:12:39+00:00,1.6589405437604803,2224.92226789002
-8.046802,-34.950608,16.2,2022-06-15 23:12:40+00:00,3.1142960837581417,2228.0365639737784
-8.046831,-34.95061,16.3,2022-06-15 23:12:41+00:00,3.2148531307317247,2231.25141710451
-8.046869,-34.950614,16.3,2022-06-15 23:12:42+00:00,4.225715881788721,2235.477132986299
-8.046881,-34.950615,16.3,2022-06-15 23:12:43+00:00,1.331722343652091,2236.808855329951
-8.046908,-34.950615,16.3,2022-06-15 23:12:44+00:00,2.9860929972044232,2239.794948327155
-8.046948,-34.950617,16.4,2022-06-15 23:12:45+00:00,4.429331400704577,2244.2242797278595
-8.046961,-34.950617,16.4,2022-06-15 23:12:46+00:00,1.4377484841535808,2245.662028212013
-8.046998,-34.95062,16.4,2022-06-15 23:12:47+00:00,4.105393770452011,2249.767421982465
-8.047011,-34.950622,16.4,2022-06-15 23:12:48+00:00,1.45455280855743,2251.221974791022
-8.047049,-34.950625,16.5,2022-06-15 23:12:49+00:00,4.215639848210762,2255.437614639233
-8.047062,-34.950626,16.5,2022-06-15 23:12:50+00:00,1.4419679302356667,2256.8795825694683
-8.047098,-34.950629,16.5,2022-06-15 23:12:51+00:00,3.9951670576332248,2260.8747496271017
-8.04711,-34.950631,16.5,2022-06-15 23:12:52+00:00,1.3453389085245198,2262.220088535626
-8.047149,-34.950636,16.5,2022-06-15 23:12:53+00:00,4.348316479620615,2266.5684050152468
-8.047161,-34.950637,16.5,2022-06-15 23:12:54+00:00,1.3317223555146438,2267.9001273707613
-8.047198,-34.950638,16.5,2022-06-15 23:12:55+00:00,4.0935378336690444,2271.9936652044303
-8.047211,-34.95064,16.5,2022-06-15 23:12:56+00:00,1.454552806034879,2273.448218010465
-8.047239,-34.950642,16.5,2022-06-15 23:12:57+00:00,3.104526757215424,2276.5527447676805
-8.047267,-34.950642,16.5,2022-06-15 23:12:58+00:00,3.0966890879903346,2279.649433855671
-8.047307,-34.950644,16.6,2022-06-15 23:12:59+00:00,4.429331467924867,2284.0787653235957
-8.04732,-34.950646,16.6,2022-06-15 23:13:00+00:00,1.4545528047218286,2285.5333181283177
-8.047358,-34.950657,16.6,2022-06-15 23:13:01+00:00,4.3740720058817955,2289.9073901341994
-8.047374,-34.95066,16.6,2022-06-15 23:13:02+00:00,1.8001713261942696,2291.7075614603937
-8.047406,-34.950664,16.6,2022-06-15 23:13:03+00:00,3.566434053377288,2295.273995513771
-8.047429,-34.950668,16.6,2022-06-15 23:13:04+00:00,2.5816404242575612,2297.8556359380286
-8.047478,-34.950676,16.6,2022-06-15 23:13:06+00:00,5.490486502006243,2303.346122440035
-8.047503,-34.950677,16.6,2022-06-15 23:13:08+00:00,2.767097454032971,2306.1132198940677
-8.047536,-34.950678,16.6,2022-06-15 23:13:09+00:00,3.651333588048276,2309.764553482116
-8.047548,-34.950678,16.6,2022-06-15 23:13:10+00:00,1.3271524850973957,2311.0917059672133
-8.047581,-34.950676,16.6,2022-06-15 23:13:11+00:00,3.6563218262996724,2314.748027793513
-8.047592,-34.950676,16.6,2022-06-15 23:13:12+00:00,1.216556447123016,2315.9645842406358
-8.047624,-34.95068,16.6,2022-06-15 23:13:13+00:00,3.5664340613835384,2319.531018302019
-8.047636,-34.950682,16.6,2022-06-15 23:13:14+00:00,1.3453388954611722,2320.8763571974805
-8.04767,-34.950689,16.5,2022-06-15 23:13:15+00:00,3.83861728187335,2324.7149744793537
-8.047682,-34.950692,16.5,2022-06-15 23:13:16+00:00,1.3677318772730183,2326.0827063566267
-8.047717,-34.950698,16.5,2022-06-15 23:13:17+00:00,3.926957506544773,2330.009663863171
-8.047729,-34.950701,16.5,2022-06-15 23:13:18+00:00,1.3677318710797208,2331.377395734251
-8.047763,-34.950708,16.5,2022-06-15 23:13:19+00:00,3.8386172629528774,2335.216012997204
-8.047774,-34.95071,16.5,2022-06-15 23:13:20+00:00,1.2363707342830934,2336.452383731487
-8.047807,-34.950715,16.5,2022-06-15 23:13:21+00:00,3.6910506821169067,2340.1434344136037
-8.047818,-34.950717,16.5,2022-06-15 23:13:22+00:00,1.2363707319875883,2341.3798051455915
-8.04785,-34.950723,16.5,2022-06-15 23:13:23+00:00,3.600342592164224,2344.9801477377555
-8.047861,-34.950725,16.5,2022-06-15 23:13:24+00:00,1.2363707303788198,2346.2165184681344
-8.047893,-34.950727,16.5,2022-06-15 23:13:25+00:00,3.5459333233154537,2349.7624517914496
-8.047904,-34.950729,16.5,2022-06-15 23:13:26+00:00,1.2363707291227075,2350.9988225205725
-8.047936,-34.950734,16.5,2022-06-15 23:13:27+00:00,3.58173262696648,2354.580555147539
-8.047947,-34.950736,16.5,2022-06-15 23:13:28+00:00,1.2363707276902811,2355.8169258752296
-8.047983,-34.95074,16.5,2022-06-15 23:13:29+00:00,4.005797777661067,2359.8227236528905
-8.047996,-34.950741,16.5,2022-06-15 23:13:30+00:00,1.4419679755179775,2361.2646916284084
-8.048028,-34.950744,16.5,2022-06-15 23:13:31+00:00,3.5544896841227707,2364.8191813125313
-8.04804,-34.950745,16.5,2022-06-15 23:13:32+00:00,1.3317223922970585,2366.1509037048286
-8.04808,-34.950753,16.5,2022-06-15 23:13:33+00:00,4.510878201925168,2370.6617819067537
-8.048096,-34.950756,16.5,2022-06-15 23:13:34+00:00,1.8001712794921674,2372.461953186246
-8.048134,-34.950762,16.5,2022-06-15 23:13:35+00:00,4.254373061546688,2376.7163262477925
-8.048145,-34.950763,16.5,2022-06-15 23:13:36+00:00,1.2215401714991976,2377.937866419292
-8.048173,-34.950766,16.5,2022-06-15 23:13:37+00:00,3.114296170738101,2381.05216259003
-8.048201,-34.950769,16.5,2022-06-15 23:13:38+00:00,3.1142961725045657,2384.1664587625346
-8.04823,-34.950772,16.5,2022-06-15 23:13:39+00:00,3.224288341082265,2387.390747103617
-8.048267,-34.950772,16.5,2022-06-15 23:13:40+00:00,4.092053635373673,2391.4828007389906
-8.048279,-34.950773,16.5,2022-06-15 23:13:41+00:00,1.3317224027466084,2392.814523141737
-8.048315,-34.950775,16.5,2022-06-15 23:13:42+00:00,3.9875565797783796,2396.8020797215154
-8.048327,-34.950776,16.5,2022-06-15 23:13:43+00:00,1.3317224044877094,2398.133802126003
-8.048361,-34.950778,16.5,2022-06-15 23:13:44+00:00,3.766722663324588,2401.900524789328
-8.048373,-34.950778,16.5,2022-06-15 23:13:45+00:00,1.3271525381227556,2403.2276773274507
-8.048411,-34.950781,16.5,2022-06-15 23:13:46+00:00,4.215640039320566,2407.443317366771
-8.048424,-34.950782,16.5,2022-06-15 23:13:47+00:00,1.4419679966320105,2408.8852853634035
-8.048458,-34.950787,16.5,2022-06-15 23:13:48+00:00,3.800442673906478,2412.68572803731
-8.04847,-34.950788,16.5,2022-06-15 23:13:49+00:00,1.3317224105722305,2414.0174504478823
-8.048507,-34.95079,16.5,2022-06-15 23:13:50+00:00,4.097988061732797,2418.115438509615
-8.048519,-34.950791,16.5,2022-06-15 23:13:51+00:00,1.3317224126879954,2419.4471609223033
-8.048542,-34.950794,16.4,2022-06-15 23:13:52+00:00,2.5651144277249474,2422.012275350028
-8.048565,-34.9508,16.4,2022-06-15 23:13:54+00:00,2.628284775569636,2424.640560125598
-8.048599,-34.950813,16.4,2022-06-15 23:13:55+00:00,4.024060721121471,2428.664620846719
-8.04861,-34.95082,16.4,2022-06-15 23:13:56+00:00,1.4406226990952569,2430.1052435458146
-8.048624,-34.950855,16.4,2022-06-15 23:13:57+00:00,4.157158987487856,2434.2624025333025
-8.048628,-34.950866,16.4,2022-06-15 23:13:58+00:00,1.2907120638924763,2435.553114597195
-8.048633,-34.950903,16.4,2022-06-15 23:13:59+00:00,4.115833527350537,2439.6689481245453
-8.048632,-34.950918,16.4,2022-06-15 23:14:00+00:00,1.6571473522574516,2441.326095476803
-8.048627,-34.950952,16.4,2022-06-15 23:14:01+00:00,3.7884017916296777,2445.114497268433
-8.048623,-34.950964,16.4,2022-06-15 23:14:02+00:00,1.394777251986553,2446.5092745204192
-8.048611,-34.951001,16.5,2022-06-15 23:14:03+00:00,4.289013113731892,2450.798287634151
-8.048608,-34.951013,16.5,2022-06-15 23:14:04+00:00,1.3637387287388467,2452.16202636289
-8.0486,-34.95105,16.5,2022-06-15 23:14:05+00:00,4.173381807656176,2456.3354081705465
-8.048596,-34.951062,16.5,2022-06-15 23:14:06+00:00,1.3947773339538037,2457.7301855045002
-8.048589,-34.9511,16.5,2022-06-15 23:14:07+00:00,4.259688544901048,2461.9898740494014
-8.048586,-34.951111,16.5,2022-06-15 23:14:08+00:00,1.2571068024677146,2463.246980851869
-8.04858,-34.951146,16.5,2022-06-15 23:14:09+00:00,3.9147076089430652,2467.161688460812
-8.048577,-34.951157,16.5,2022-06-15 23:14:10+00:00,1.2571068280458906,2468.418795288858
-8.04857,-34.951196,16.5,2022-06-15 23:14:11+00:00,4.368129090635698,2472.7869243794935
-8.048568,-34.951208,16.5,2022-06-15 23:14:12+00:00,1.341128717555841,2474.1280530970494
-8.048563,-34.951248,16.5,2022-06-15 23:14:13+00:00,4.443748627902773,2478.571801724952
-8.048562,-34.951261,16.5,2022-06-15 23:14:14+00:00,1.4372540695775564,2480.0090557945296
-8.048557,-34.9513,16.6,2022-06-15 23:14:15+00:00,4.334397002186577,2484.343452796716
-8.048555,-34.951312,16.6,2022-06-15 23:14:16+00:00,1.3411287585620066,2485.684581555278
-8.048548,-34.951351,16.6,2022-06-15 23:14:17+00:00,4.3681293195185225,2490.0527108747965
-8.048545,-34.951363,16.6,2022-06-15 23:14:18+00:00,1.3637389256734869,2491.4164498004698
-8.048536,-34.951396,16.6,2022-06-15 23:14:19+00:00,3.7713208100072313,2495.187770610477
-8.048533,-34.951407,16.6,2022-06-15 23:14:20+00:00,1.2571069538387898,2496.444877564316
-8.048527,-34.951435,16.6,2022-06-15 23:14:21+00:00,3.1569734469949404,2499.601851011311
-8.048515,-34.951477,16.6,2022-06-15 23:14:23+00:00,4.816136164500099,2504.417987175811
-8.04851,-34.951512,16.6,2022-06-15 23:14:25+00:00,3.8974856599524945,2508.3154728357636
-8.048508,-34.951523,16.6,2022-06-15 23:14:26+00:00,1.232542351839288,2509.5480151876027
-8.048504,-34.951557,16.6,2022-06-15 23:14:27+00:00,3.773845950037522,2513.32186113764
-8.048504,-34.951567,16.6,2022-06-15 23:14:28+00:00,1.1023021527841592,2514.424163290424
-8.048502,-34.9516,16.6,2022-06-15 23:14:29+00:00,3.6443159456873344,2518.068479236111
-8.048501,-34.95161,16.6,2022-06-15 23:14:30+00:00,1.10783642299712,2519.1763156591082
-8.048499,-34.951644,16.6,2022-06-15 23:14:31+00:00,3.754348923560038,2522.930664582668
-8.048498,-34.951656,16.6,2022-06-15 23:14:32+00:00,1.3273780109712963,2524.2580425936394
-8.048497,-34.951692,16.6,2022-06-15 23:14:33+00:00,3.9698286696201146,2528.2278712632597
-8.048497,-34.951703,16.6,2022-06-15 23:14:34+00:00,1.2125323894207767,2529.4404036526803
-8.048496,-34.951742,16.6,2022-06-15 23:14:35+00:00,4.300400845381918,2533.740804498062
-8.048495,-34.951755,16.6,2022-06-15 23:14:36+00:00,1.4372543023390916,2535.1780588004012
-8.048491,-34.951782,16.6,2022-06-15 23:14:37+00:00,3.0089142246697977,2538.186973025071
-8.048488,-34.95182,16.6,2022-06-15 23:14:38+00:00,4.201868149303128,2542.388841174374
-8.048488,-34.951832,16.6,2022-06-15 23:14:39+00:00,1.322762636327205,2543.7116038107015
-8.048485,-34.951869,16.7,2022-06-15 23:14:40+00:00,4.09199139786206,2547.8035952085634
-8.048483,-34.951882,16.7,2022-06-15 23:14:41+00:00,1.4499636210608073,2549.253558829624
-8.04848,-34.951917,16.7,2022-06-15 23:14:42+00:00,3.8722981495727704,2553.1258569791967
-8.048479,-34.951928,16.7,2022-06-15 23:14:43+00:00,1.2175657700885099,2554.3434227492853
-8.04848,-34.951955,16.7,2022-06-15 23:14:44+00:00,2.9782701535123635,2557.3216929027976
-8.048478,-34.951991,16.7,2022-06-15 23:14:45+00:00,3.9744478297656847,2561.2961407325633
-8.048477,-34.952006,16.7,2022-06-15 23:14:46+00:00,1.6571479783646752,2562.953288710928
-8.048472,-34.952042,16.7,2022-06-15 23:14:47+00:00,4.0066316394742,2566.959920350402
-8.04847,-34.952053,16.7,2022-06-15 23:14:48+00:00,1.2325424625948973,2568.1924628129973
-8.048466,-34.952077,16.7,2022-06-15 23:14:49+00:00,2.6822580804007243,2570.874720893398
-8.048462,-34.952103,16.7,2022-06-15 23:14:51+00:00,2.8999273830454855,2573.7746482764433
-8.048458,-34.952133,16.7,2022-06-15 23:14:52+00:00,3.3363657562170275,2577.1110140326605
-8.048452,-34.952164,16.7,2022-06-15 23:14:53+00:00,3.4809710332118065,2580.5919850658724
-8.04845,-34.952176,16.7,2022-06-15 23:14:54+00:00,1.3411290947060355,2581.9331141605785
-8.048446,-34.952212,16.7,2022-06-15 23:14:55+00:00,3.9928706172739723,2585.9259847778526
-8.048445,-34.952227,16.7,2022-06-15 23:14:56+00:00,1.657148108076343,2587.583132885929
-8.048441,-34.952251,16.7,2022-06-15 23:14:57+00:00,2.682258239881102,2590.2653911258103
-8.048436,-34.95228,16.7,2022-06-15 23:14:59+00:00,3.244153114446221,2593.5095442402567
-8.048431,-34.952315,16.7,2022-06-15 23:15:00+00:00,3.8974863988646784,2597.4070306391213
-8.048427,-34.952355,16.7,2022-06-15 23:15:01+00:00,4.431346467032384,2601.8383771061535
-8.048426,-34.952369,16.7,2022-06-15 23:15:02+00:00,1.5471811987766328,2603.3855583049303
-8.048421,-34.952405,16.7,2022-06-15 23:15:03+00:00,4.006632130215327,2607.3921904351455
-8.048418,-34.952418,16.7,2022-06-15 23:15:04+00:00,1.4709019619928456,2608.863092397138
-8.048411,-34.952451,16.7,2022-06-15 23:15:05+00:00,3.7190672602128676,2612.582159657351
-8.048408,-34.952464,16.7,2022-06-15 23:15:06+00:00,1.470901995279606,2614.0530616526307
-8.048406,-34.952499,16.7,2022-06-15 23:15:07+00:00,3.8643939979277038,2617.9174556505586
-8.048406,-34.952512,16.7,2022-06-15 23:15:08+00:00,1.4329931430056888,2619.3504487935643
-8.048405,-34.952546,16.7,2022-06-15 23:15:09+00:00,3.7494596813919516,2623.099908474956
-8.048405,-34.952558,16.7,2022-06-15 23:15:10+00:00,1.322762905503318,2624.422671380459
-8.048404,-34.952595,16.7,2022-06-15 23:15:11+00:00,4.080018186970623,2628.50268956743
-8.048403,-34.95261,16.7,2022-06-15 23:15:12+00:00,1.6571482781023172,2630.1598378455324
-8.048398,-34.952652,16.7,2022-06-15 23:15:14+00:00,4.662577983214256,2634.8224158287467
-8.048397,-34.952668,16.7,2022-06-15 23:15:15+00:00,1.7671480989660855,2636.589563927713
-8.048396,-34.952683,16.7,2022-06-15 23:15:16+00:00,1.6571483079103675,2638.2467122356234
-8.048395,-34.952719,16.7,2022-06-15 23:15:17+00:00,3.96982966192638,2642.2165418975496
-8.048395,-34.952731,16.7,2022-06-15 23:15:18+00:00,1.3227629371507557,2643.5393048347005
-8.0484,-34.952767,16.7,2022-06-15 23:15:19+00:00,4.006632380846788,2647.5459372155474
-8.048403,-34.952779,16.7,2022-06-15 23:15:20+00:00,1.3637393812318999,2648.9096765967793
-8.048411,-34.952811,16.7,2022-06-15 23:15:21+00:00,3.63663830322349,2652.546314900003
-8.048415,-34.952821,16.7,2022-06-15 23:15:22+00:00,1.187760220901445,2653.7340751209044
-8.048427,-34.952853,16.6,2022-06-15 23:15:23+00:00,3.768773820680607,2657.502848941585
-8.048431,-34.952863,16.6,2022-06-15 23:15:24+00:00,1.187760181332161,2658.690609122917
-8.048449,-34.952891,16.6,2022-06-15 23:15:25+00:00,3.672758266773974,2662.363367389691
-8.048456,-34.952901,16.6,2022-06-15 23:15:26+00:00,1.347001529447124,2663.710368919138
-8.04848,-34.952927,16.6,2022-06-15 23:15:27+00:00,3.9063039320921558,2667.6166728512303
-8.048489,-34.952935,16.6,2022-06-15 23:15:28+00:00,1.329810213638608,2668.946483064869
-8.048516,-34.952957,16.6,2022-06-15 23:15:29+00:00,3.8467768070462194,2672.7932598719153
-8.048525,-34.952964,16.6,2022-06-15 23:15:30+00:00,1.2594183502141247,2674.0526782221295
-8.048552,-34.952984,16.5,2022-06-15 23:15:31+00:00,3.7117424667917662,2677.7644206889213
-8.048561,-34.95299,16.5,2022-06-15 23:15:32+00:00,1.1950629332282299,2678.9594836221495
-8.048589,-34.953004,16.5,2022-06-15 23:15:33+00:00,3.4599163261623915,2682.419399948312
-8.048623,-34.953014,16.5,2022-06-15 23:15:34+00:00,3.9185031040408145,2686.3379030523524
-8.048634,-34.953017,16.5,2022-06-15 23:15:35+00:00,1.2607005892020564,2687.5986036415543
-8.048668,-34.953025,16.5,2022-06-15 23:15:36+00:00,3.8622844880214107,2691.460888129576
-8.04868,-34.953027,16.5,2022-06-15 23:15:37+00:00,1.3453388693373376,2692.806226998913
-8.048721,-34.953028,16.5,2022-06-15 23:15:38+00:00,4.535777537232098,2697.3420045361454
-8.048735,-34.953029,16.5,2022-06-15 23:15:39+00:00,1.5522634629818266,2698.8942679991274
-8.048782,-34.953033,16.5,2022-06-15 23:15:41+00:00,5.216681191049816,2704.110949190177
-8.048798,-34.953033,16.5,2022-06-15 23:15:42+00:00,1.7695367539132896,2705.88048594409
-8.048814,-34.953033,16.5,2022-06-15 23:15:43+00:00,1.7695367552544865,2707.650022699345
-8.04885,-34.953029,16.5,2022-06-15 23:15:44+00:00,4.005797840803776,2711.6558205401484
-8.048863,-34.953029,16.5,2022-06-15 23:15:45+00:00,1.437748617379469,2713.093569157528
-8.048899,-34.953032,16.4,2022-06-15 23:15:46+00:00,3.9951672842914445,2717.088736441819
-8.048912,-34.953032,16.4,2022-06-15 23:15:47+00:00,1.4377486201081173,2718.5264850619274
-8.048948,-34.953035,16.4,2022-06-15 23:15:48+00:00,3.9951672901095945,2722.521652352037
-8.04896,-34.953036,16.4,2022-06-15 23:15:49+00:00,1.331722431378045,2723.8533747834153
-8.048995,-34.953042,16.4,2022-06-15 23:15:50+00:00,3.926957394281707,2727.780332177697
-8.049007,-34.953043,16.4,2022-06-15 23:15:51+00:00,1.3317224330970765,2729.112054610794
-8.049068,-34.953053,16.4,2022-06-15 23:15:53+00:00,6.835819337099288,2735.947873947893
-8.049115,-34.953055,16.4,2022-06-15 23:15:55+00:00,5.202687308423661,2741.150561256317
-8.049158,-34.953061,16.5,2022-06-15 23:15:57+00:00,4.801399958407819,2745.9519612147246
-8.049207,-34.953063,16.5,2022-06-15 23:15:59+00:00,5.423688853080847,2751.3756500678055
-8.049234,-34.953067,16.5,2022-06-15 23:16:01+00:00,3.0184704613557645,2754.3941205291612
-8.049272,-34.95307,16.5,2022-06-15 23:16:02+00:00,4.215640159879391,2758.6097606890407
-8.049285,-34.953071,16.5,2022-06-15 23:16:03+00:00,1.4419680386242921,2760.0517287276652
-8.049318,-34.953075,16.5,2022-06-15 23:16:04+00:00,3.6762071441970487,2763.7279358718624
-8.049331,-34.953076,16.5,2022-06-15 23:16:05+00:00,1.441968041463466,2765.169903913326
-8.049365,-34.953078,16.5,2022-06-15 23:16:06+00:00,3.7667228147550924,2768.936626728081
-8.049377,-34.95308,16.5,2022-06-15 23:16:07+00:00,1.3453388520622855,2770.2819655801436
-8.04941,-34.953087,16.5,2022-06-15 23:16:08+00:00,3.7303445362242553,2774.0123101163676
-8.049421,-34.953089,16.5,2022-06-15 23:16:09+00:00,1.236370671107458,2775.248680787475
-8.049457,-34.953091,16.5,2022-06-15 23:16:10+00:00,3.987556766300719,2779.236237553776
-8.049469,-34.953091,16.5,2022-06-15 23:16:11+00:00,1.3271526087989012,2780.5633901625747
-8.049504,-34.953094,16.6,2022-06-15 23:16:12+00:00,3.8849616079811735,2784.4483517705557
-8.049516,-34.953095,16.6,2022-06-15 23:16:13+00:00,1.3317224544895463,2785.780074225045
-8.049553,-34.953099,16.6,2022-06-15 23:16:14+00:00,4.115739941965702,2789.895814167011
-8.049565,-34.9531,16.6,2022-06-15 23:16:15+00:00,1.3317224564291033,2791.22753662344
-8.0496,-34.953103,16.6,2022-06-15 23:16:16+00:00,3.884961619493345,2795.1124982429333
-8.049612,-34.953105,16.6,2022-06-15 23:16:17+00:00,1.3453388458920732,2796.4578370888253
-8.049645,-34.953108,16.5,2022-06-15 23:16:18+00:00,3.6646206688889986,2800.122457757714
-8.049679,-34.953109,16.5,2022-06-15 23:16:19+00:00,3.7618810753769387,2803.884338833091
-8.049692,-34.95311,16.5,2022-06-15 23:16:20+00:00,1.44196805854304,2805.326306891634
-8.049729,-34.953112,16.5,2022-06-15 23:16:21+00:00,4.097988269022541,2809.4242951606566
-8.049744,-34.953113,16.5,2022-06-15 23:16:22+00:00,1.6625989139378385,2811.0868940745945
-8.049788,-34.95312,16.5,2022-06-15 23:16:24+00:00,4.927021318504094,2816.0139153930986
-8.049803,-34.953123,16.5,2022-06-15 23:16:25+00:00,1.6915791878583801,2817.705494580957
-8.049817,-34.953125,16.5,2022-06-15 23:16:26+00:00,1.563960968877051,2819.2694555498338
-8.049852,-34.953133,16.5,2022-06-15 23:16:27+00:00,3.9700391911246795,2823.2394947409584
-8.049863,-34.953135,16.5,2022-06-15 23:16:28+00:00,1.2363706543764812,2824.475865395335
-8.049899,-34.953141,16.5,2022-06-15 23:16:29+00:00,4.036016516841216,2828.5118819121762
-8.049911,-34.953141,16.5,2022-06-15 23:16:30+00:00,1.3271526373591034,2829.8390345495354
-8.049948,-34.953146,16.5,2022-06-15 23:16:31+00:00,4.129003642293903,2833.9680381918292
-8.04996,-34.953148,16.4,2022-06-15 23:16:32+00:00,1.345338837597809,2835.313377029427
-8.049995,-34.953155,16.4,2022-06-15 23:16:33+00:00,3.947018070708155,2839.260395100135
-8.050006,-34.953156,16.4,2022-06-15 23:16:34+00:00,1.2215402358545653,2840.48193533599
-8.050037,-34.953161,16.4,2022-06-15 23:16:35+00:00,3.472495407281781,2843.9544307432716
-8.050048,-34.953162,16.4,2022-06-15 23:16:36+00:00,1.2215402372151225,2845.175970980487
-8.050082,-34.953166,16.4,2022-06-15 23:16:37+00:00,3.7860281122147543,2848.9619990927017
-8.050093,-34.953167,16.4,2022-06-15 23:16:38+00:00,1.2215402386343368,2850.183539331336
-8.050127,-34.953172,16.4,2022-06-15 23:16:39+00:00,3.800442648746003,2853.983981980082
-8.050138,-34.953174,16.4,2022-06-15 23:16:40+00:00,1.236370643652178,2855.220352623734
-8.050171,-34.953182,16.4,2022-06-15 23:16:41+00:00,3.7546941492198034,2858.9750467729536
-8.050182,-34.953185,16.4,2022-06-15 23:16:42+00:00,1.2607003480329286,2860.2357471209866
-8.050214,-34.953192,16.4,2022-06-15 23:16:43+00:00,3.6222123598539775,2863.8579594808407
-8.050247,-34.953197,16.4,2022-06-15 23:16:44+00:00,3.691050617875209,2867.549010098716
-8.050257,-34.953198,16.4,2022-06-15 23:16:45+00:00,1.1114402068364955,2868.6604503055523
-8.050277,-34.953202,16.4,2022-06-15 23:16:46+00:00,2.255438866914289,2870.9158891724664
-8.050309,-34.953206,16.3,2022-06-15 23:16:48+00:00,3.566434160761716,2874.482323333228
-8.050351,-34.953211,16.3,2022-06-15 23:16:49+00:00,4.677617842929742,2879.1599411761576
-8.050369,-34.953212,16.3,2022-06-15 23:16:50+00:00,1.993778458425914,2881.1537196345835
-8.050401,-34.953216,16.3,2022-06-15 23:16:51+00:00,3.5664341641367634,2884.7201537987203
-8.050412,-34.953217,16.3,2022-06-15 23:16:52+00:00,1.221540249889653,2885.94169404861
-8.050445,-34.95322,16.3,2022-06-15 23:16:53+00:00,3.664620751150529,2889.60631479976
-8.050456,-34.953221,16.3,2022-06-15 23:16:54+00:00,1.2215402514663285,2890.8278550512264
-8.050478,-34.953225,16.3,2022-06-15 23:16:55+00:00,2.472741262065242,2893.3005963132914
-8.050507,-34.953227,16.3,2022-06-15 23:16:57+00:00,3.214853566030581,2896.515449879322
-8.050544,-34.953228,16.3,2022-06-15 23:16:58+00:00,4.0935384744513055,2900.6089883537734
-8.050557,-34.953229,16.3,2022-06-15 23:16:59+00:00,1.4419681009851841,2902.0509564547588
-8.050592,-34.953233,16.3,2022-06-15 23:17:00+00:00,3.8958929321483398,2905.946849386907
-8.050603,-34.953234,16.3,2022-06-15 23:17:01+00:00,1.2215402564926332,2907.1683896433997
-8.050635,-34.953237,16.3,2022-06-15 23:17:02+00:00,3.55448993341658,2910.7228795768165
-8.050646,-34.953237,16.3,2022-06-15 23:17:03+00:00,1.2165566278280824,2911.9394362046446
-8.050676,-34.953237,16.3,2022-06-15 23:17:04+00:00,3.317881715207113,2915.2573179198516
-8.050688,-34.953238,16.2,2022-06-15 23:17:05+00:00,1.3317225032462496,2916.5890404230977
-8.050721,-34.953241,16.2,2022-06-15 23:17:06+00:00,3.6646207798911576,2920.253661202989
-8.050733,-34.953242,16.2,2022-06-15 23:17:07+00:00,1.3317225054525106,2921.5853837084414
-8.050767,-34.953244,16.2,2022-06-15 23:17:08+00:00,3.7667230263046516,2925.352106734746
-8.05078,-34.953245,16.2,2022-06-15 23:17:09+00:00,1.441968111841995,2926.794074846588
-8.050811,-34.95325,16.2,2022-06-15 23:17:10+00:00,3.4724953682548265,2930.266570214843
-8.050821,-34.953252,16.2,2022-06-15 23:17:11+00:00,1.1277194042294951,2931.3942896190724
-8.050852,-34.953258,16.2,2022-06-15 23:17:12+00:00,3.4916873067736165,2934.885976925846
-8.050862,-34.95326,16.2,2022-06-15 23:17:13+00:00,1.1277194025086679,2936.013696328355
-8.050899,-34.953266,16.1,2022-06-15 23:17:14+00:00,4.145157096587057,2940.1588534249418
-8.050913,-34.953268,16.1,2022-06-15 23:17:15+00:00,1.563960967184588,2941.7228143921266
-8.050962,-34.953271,16.1,2022-06-15 23:17:17+00:00,5.429287075080903,2947.1521014672076
-8.050979,-34.953273,16.1,2022-06-15 23:17:18+00:00,1.8930140813237715,2949.045115548531
-8.050996,-34.953275,16.1,2022-06-15 23:17:19+00:00,1.8930140818461396,2950.9381296303773
-8.051027,-34.953278,16.0,2022-06-15 23:17:20+00:00,3.4443889436865356,2954.382518574064
-8.051062,-34.953281,16.0,2022-06-15 23:17:21+00:00,3.8849617926917817,2958.2674803667555
-8.051073,-34.953282,16.0,2022-06-15 23:17:22+00:00,1.2215402725011333,2959.4890206392565
-8.051108,-34.953285,16.0,2022-06-15 23:17:23+00:00,3.884961798057339,2963.3739824373138
-8.051119,-34.953287,16.0,2022-06-15 23:17:24+00:00,1.2363706064895195,2964.610353043803
-8.051154,-34.95329,16.0,2022-06-15 23:17:25+00:00,3.884961803423935,2968.495314847227
-8.051165,-34.953292,16.0,2022-06-15 23:17:26+00:00,1.23637060441154,2969.7316854516384
-8.051199,-34.953296,16.0,2022-06-15 23:17:27+00:00,3.7860281742119737,2973.5177136258503
-8.05121,-34.953298,16.0,2022-06-15 23:17:28+00:00,1.236370602490437,2974.7540842283406
-8.051238,-34.953301,16.0,2022-06-15 23:17:29+00:00,3.1142963661522165,2977.868380594493
-8.05127,-34.953306,16.0,2022-06-15 23:17:30+00:00,3.5817325005433904,2981.450113095036
-8.051281,-34.953307,16.0,2022-06-15 23:17:31+00:00,1.2215402796180526,2982.6716533746544
-8.051317,-34.953311,16.0,2022-06-15 23:17:32+00:00,4.00579802174619,2986.6774513964006
-8.051331,-34.953311,16.0,2022-06-15 23:17:33+00:00,1.5483448507074966,2988.225796247108
-8.051364,-34.953316,16.0,2022-06-15 23:17:34+00:00,3.6910505881675464,2991.9168468352755
-8.051376,-34.953317,16.0,2022-06-15 23:17:35+00:00,1.3317225320323514,2993.248569367308
-8.051411,-34.953322,16.0,2022-06-15 23:17:36+00:00,3.9099024166490848,2997.158471783957
-8.051422,-34.953323,16.0,2022-06-15 23:17:37+00:00,1.2215402845266665,2998.3800120684837
-8.051457,-34.953324,16.0,2022-06-15 23:17:38+00:00,3.8724313149018954,3002.2524433833855
-8.051468,-34.953324,16.1,2022-06-15 23:17:39+00:00,1.2165566763231266,3003.469000059709
-8.051496,-34.953325,16.1,2022-06-15 23:17:40+00:00,3.0986509597574705,3006.567651019466
-8.051543,-34.953314,16.1,2022-06-15 23:17:42+00:00,5.337562359593214,3011.905213379059
-8.051558,-34.953309,16.1,2022-06-15 23:17:43+00:00,1.7480983890860349,3013.653311768145
-8.051573,-34.953304,16.1,2022-06-15 23:17:44+00:00,1.7480983833357582,3015.401410151481
-8.051606,-34.953297,16.1,2022-06-15 23:17:45+00:00,3.730344058279452,3019.1317542097604
-8.051617,-34.953294,16.1,2022-06-15 23:17:46+00:00,1.260700125029744,3020.3924543347903
-8.051651,-34.953293,16.2,2022-06-15 23:17:47+00:00,3.7618814198486348,3024.154335754639
-8.051664,-34.953292,16.2,2022-06-15 23:17:48+00:00,1.4419681554368615,3025.5963039100757
-8.051699,-34.953291,16.2,2022-06-15 23:17:49+00:00,3.8724313588501884,3029.4687352689257
-8.05171,-34.95329,16.2,2022-06-15 23:17:50+00:00,1.2215402944627916,3030.6902755633887
-8.051746,-34.953289,16.2,2022-06-15 23:17:51+00:00,3.9829838590825175,3034.6732594224713
-8.051757,-34.953289,16.2,2022-06-15 23:17:52+00:00,1.2165566936667012,3035.8898161161383
-8.05179,-34.953289,16.2,2022-06-15 23:17:53+00:00,3.649670084065482,3039.5394862002036
-8.0518,-34.953289,16.2,2022-06-15 23:17:54+00:00,1.1059606325245235,3040.645446832728
-8.051838,-34.953287,16.2,2022-06-15 23:17:55+00:00,4.208428741862415,3044.8538755745903
-8.051851,-34.953286,16.2,2022-06-15 23:17:56+00:00,1.4419681643940887,3046.2958437389843
-8.051883,-34.95327,16.1,2022-06-15 23:17:57+00:00,3.9541842426817446,3050.250027981666
-8.05189,-34.953262,16.1,2022-06-15 23:17:58+00:00,1.1734457377333707,3051.423473719399
-8.051902,-34.953231,16.1,2022-06-15 23:17:59+00:00,3.6657827625329027,3055.0892564819324
-8.051905,-34.953221,16.1,2022-06-15 23:18:00+00:00,1.1511442930165359,3056.2404007749487
-8.051913,-34.953188,16.1,2022-06-15 23:18:01+00:00,3.7436221816587545,3059.9840229566075
-8.051918,-34.953178,16.1,2022-06-15 23:18:02+00:00,1.2332221773460812,3061.217245133954
-8.051928,-34.953144,16.0,2022-06-15 23:18:03+00:00,3.90757252313387,3065.1248176570875
-8.051932,-34.95313,16.0,2022-06-15 23:18:04+00:00,1.6053663397315174,3066.730183996819
-8.051942,-34.953101,16.0,2022-06-15 23:18:05+00:00,3.3825605530156055,3070.1127445498346
-8.051946,-34.953091,16.0,2022-06-15 23:18:06+00:00,1.1877513909919701,3071.3004959408267
-8.05195,-34.953074,16.0,2022-06-15 23:18:07+00:00,1.925408248187207,3073.225904189014
-8.05195,-34.953059,16.0,2022-06-15 23:18:08+00:00,1.6534392569049903,3074.879343445919
-8.051948,-34.953031,16.0,2022-06-15 23:18:09+00:00,3.094335808933722,3077.973679254853
-8.051949,-34.953022,16.0,2022-06-15 23:18:10+00:00,0.9982091937558366,3078.9718884486088
-8.051954,-34.953002,15.9,2022-06-15 23:18:12+00:00,2.272880375854344,3081.244768824463
-8.051955,-34.952988,15.9,2022-06-15 23:18:13+00:00,1.547167882195955,3082.791936706659
-8.051952,-34.952965,15.9,2022-06-15 23:18:14+00:00,2.5568916984039185,3085.3488284050627
-8.051952,-34.952955,15.9,2022-06-15 23:18:15+00:00,1.1022928322681032,3086.451121237331
-8.051951,-34.952945,15.9,2022-06-15 23:18:16+00:00,1.1078271445326524,3087.5589483818635
-8.051948,-34.952941,15.9,2022-06-15 23:18:17+00:00,0.5518073258676405,3088.110755707731
-8.051945,-34.952932,15.9,2022-06-15 23:18:18+00:00,1.0460752932935444,3089.156831001025
-8.051944,-34.952922,15.9,2022-06-15 23:18:19+00:00,1.1078271613458466,3090.264658162371
-8.051942,-34.952911,15.9,2022-06-15 23:18:20+00:00,1.2325323145997709,3091.4971904769704
-8.051941,-34.952898,15.9,2022-06-15 23:18:21+00:00,1.4372422310440067,3092.9344327080144
-8.051941,-34.952889,15.9,2022-06-15 23:18:22+00:00,0.9920635760432804,3093.9264962840575
-8.051943,-34.952878,15.9,2022-06-15 23:18:23+00:00,1.2325323166971913,3095.159028600755
-8.051944,-34.952871,15.9,2022-06-15 23:18:24+00:00,0.7794907072754584,3095.93851930803
-8.051946,-34.952862,15.9,2022-06-15 23:18:25+00:00,1.0164231794473055,3096.9549424874776
-8.051949,-34.952845,15.8,2022-06-15 23:18:26+00:00,1.9030440102487662,3098.8579864977264
-8.05195,-34.952837,15.8,2022-06-15 23:18:27+00:00,0.8887424651047892,3099.746728962831
-8.051951,-34.952826,15.8,2022-06-15 23:18:28+00:00,1.217555494895068,3100.964284457726
-8.051953,-34.952811,15.8,2022-06-15 23:18:29+00:00,1.6681688495094522,3102.6324533072357
-8.051955,-34.952791,15.8,2022-06-15 23:18:30+00:00,2.215654275745109,3104.848107582981
-8.051957,-34.952783,15.8,2022-06-15 23:18:31+00:00,0.9091521414444781,3105.7572597244252
-8.051958,-34.952775,15.8,2022-06-15 23:18:32+00:00,0.8887424503985099,3106.646002174824
-8.051959,-34.952756,15.8,2022-06-15 23:18:33+00:00,2.097274421681674,3108.7432765965054
-8.051959,-34.952747,15.7,2022-06-15 23:18:34+00:00,0.9920635322426836,3109.7353401287482
-8.051958,-34.952739,15.7,2022-06-15 23:18:35+00:00,0.8887424465310174,3110.6240825752793
-8.051956,-34.952711,15.7,2022-06-15 23:18:36+00:00,3.0943357475785,3113.718418322858
-8.051955,-34.9527,15.7,2022-06-15 23:18:38+00:00,1.2175554798193113,3114.935973802677
-8.051954,-34.952689,15.7,2022-06-15 23:18:39+00:00,1.217555482622763,3116.1535292852996
-8.051954,-34.952679,15.7,2022-06-15 23:18:40+00:00,1.1022928268606205,3117.2558221121603
-8.051953,-34.952668,15.7,2022-06-15 23:18:41+00:00,1.2175554857790494,3118.4733775979394
-8.051953,-34.952657,15.7,2022-06-15 23:18:42+00:00,1.2125221130690562,3119.6858997110085
-8.051954,-34.952646,15.7,2022-06-15 23:18:43+00:00,1.2175554857790494,3120.9034551967875
-8.051955,-34.952635,15.7,2022-06-15 23:18:44+00:00,1.217555482622763,3122.12101067941
-8.051957,-34.952622,15.7,2022-06-15 23:18:45+00:00,1.4499515697895837,3123.5709622491995
-8.051958,-34.952604,15.6,2022-06-15 23:18:46+00:00,1.9872070161708615,3125.5581692653705
-8.051959,-34.952584,15.6,2022-06-15 23:18:47+00:00,2.207357987226739,3127.765527252597
-8.051959,-34.952574,15.6,2022-06-15 23:18:48+00:00,1.1022928141251327,3128.8678200667223
-8.05196,-34.952564,15.6,2022-06-15 23:18:49+00:00,1.1078271220910856,3129.9756471888136
-8.051961,-34.952548,15.6,2022-06-15 23:18:50+00:00,1.7671327205932355,3131.7427799094066
-8.051961,-34.952534,15.6,2022-06-15 23:18:51+00:00,1.5432099317347674,3133.2859898411416
-8.051962,-34.952508,15.6,2022-06-15 23:18:52+00:00,2.8680944294438424,3136.1540842705854
-8.051963,-34.952498,15.6,2022-06-15 23:18:53+00:00,1.1078271147341736,3137.2619113853198
-8.051966,-34.952463,15.6,2022-06-15 23:18:54+00:00,3.872265323837038,3141.1341767091567
-8.051967,-34.952452,15.6,2022-06-15 23:18:55+00:00,1.217555447570175,3142.351732156727
-8.051968,-34.952413,15.5,2022-06-15 23:18:56+00:00,4.30036426506573,3146.6520964217925
-8.051972,-34.952377,15.5,2022-06-15 23:18:57+00:00,3.992836562208314,3150.6449329840007
-8.051973,-34.952366,15.5,2022-06-15 23:18:58+00:00,1.2175554296909523,3151.8624884136916
-8.051977,-34.952329,15.5,2022-06-15 23:18:59+00:00,4.102405325903285,3155.964893739595
-8.051978,-34.952317,15.5,2022-06-15 23:19:00+00:00,1.3273667684920714,3157.292260508087
-8.051982,-34.952283,15.5,2022-06-15 23:19:01+00:00,3.773814250984933,3161.066074759072
-8.051984,-34.952272,15.5,2022-06-15 23:19:02+00:00,1.2325321964734832,3162.2986069555454
-8.051987,-34.952238,15.5,2022-06-15 23:19:03+00:00,3.7624530819713784,3166.0610600375167
-8.051988,-34.952227,15.5,2022-06-15 23:19:04+00:00,1.2175553858752406,3167.278615423392
-8.05199,-34.95219,15.5,2022-06-15 23:19:05+00:00,4.08447676476666,3171.3630921881586
-8.05199,-34.952178,15.5,2022-06-15 23:19:06+00:00,1.322751275744126,3172.6858434639025
-8.051991,-34.952143,15.5,2022-06-15 23:19:07+00:00,3.8596094261169958,3176.5454528900195
-8.051991,-34.952131,15.5,2022-06-15 23:19:08+00:00,1.322751272499621,3177.8682041625193
-8.051992,-34.952096,15.5,2022-06-15 23:19:09+00:00,3.8596094164749535,3181.7278135789943
-8.051992,-34.952084,15.5,2022-06-15 23:19:10+00:00,1.322751269255116,3183.0505648482495
-8.05199,-34.952047,15.5,2022-06-15 23:19:11+00:00,4.084476745489876,3187.1350415937395
-8.051989,-34.952035,15.5,2022-06-15 23:19:12+00:00,1.3273667271087413,3188.462408320848
-8.05199,-34.951997,15.5,2022-06-15 23:19:13+00:00,4.19017217732813,3192.6525804981766
-8.05199,-34.951984,15.5,2022-06-15 23:19:14+00:00,1.432980548461727,3194.0855610466383
-8.051995,-34.951949,15.5,2022-06-15 23:19:15+00:00,3.8974530821223037,3197.9830141287607
-8.051996,-34.951938,15.5,2022-06-15 23:19:16+00:00,1.2175553606247131,3199.2005694893855
-8.052002,-34.951902,15.5,2022-06-15 23:19:17+00:00,4.023353248722465,3203.223922738108
-8.052003,-34.95189,15.5,2022-06-15 23:19:18+00:00,1.3273666864527425,3204.5512894245608
-8.052008,-34.951855,15.5,2022-06-15 23:19:19+00:00,3.8974529601364383,3208.448742384697
-8.05201,-34.951843,15.5,2022-06-15 23:19:20+00:00,1.3411177181485967,3209.789860102846
-8.052014,-34.951796,15.6,2022-06-15 23:19:22+00:00,5.199628750266213,3214.989488853112
-8.052014,-34.951781,15.6,2022-06-15 23:19:23+00:00,1.6534389981280984,3216.64292785124
-8.052014,-34.951765,15.6,2022-06-15 23:19:24+00:00,1.7636682635734555,3218.4065961148135
-8.052015,-34.95173,15.6,2022-06-15 23:19:25+00:00,3.8596091984136875,3222.266205313227
-8.052015,-34.951719,15.6,2022-06-15 23:19:26+00:00,1.2125219286731768,3223.4787272419003
-8.052015,-34.951683,15.6,2022-06-15 23:19:27+00:00,3.968253583894149,3227.4469808257945
-8.052015,-34.951672,15.6,2022-06-15 23:19:28+00:00,1.2125219286731768,3228.6595027544677
-8.052014,-34.951636,15.7,2022-06-15 23:19:29+00:00,3.969794457469404,3232.6292972119372
-8.052015,-34.951625,15.7,2022-06-15 23:19:30+00:00,1.2175553052424242,3233.8468525171797
-8.052018,-34.95159,15.7,2022-06-15 23:19:31+00:00,3.8722648323432125,3237.719117349523
-8.052019,-34.95158,15.7,2022-06-15 23:19:32+00:00,1.107826963995246,3238.826944313518
-8.052022,-34.951536,15.7,2022-06-15 23:19:33+00:00,4.861423003059644,3243.688367316578
-8.052023,-34.951518,15.7,2022-06-15 23:19:34+00:00,1.9872067010126877,3245.675574017591
-8.052023,-34.951486,15.7,2022-06-15 23:19:35+00:00,3.5273364500617492,3249.2029104676526
-8.052023,-34.951474,15.7,2022-06-15 23:19:36+00:00,1.3227511694584793,3250.525661637111
-8.052025,-34.951439,15.8,2022-06-15 23:19:37+00:00,3.8643598359635347,3254.3900214730747
-8.052025,-34.951426,15.8,2022-06-15 23:19:38+00:00,1.4329804262238852,3255.8230018992986
-8.052027,-34.951386,15.8,2022-06-15 23:19:39+00:00,4.414715247028527,3260.237717146327
-8.052028,-34.951369,15.8,2022-06-15 23:19:40+00:00,1.8771582798477247,3262.114875426175
-8.052027,-34.951332,15.8,2022-06-15 23:19:41+00:00,4.079981964259653,3266.1948573904347
-8.052026,-34.951319,15.8,2022-06-15 23:19:42+00:00,1.4372419341228262,3267.6320993245577
-8.052026,-34.951284,15.8,2022-06-15 23:19:43+00:00,3.8580242138410257,3271.4901235383986
-8.052026,-34.951272,15.8,2022-06-15 23:19:44+00:00,1.3227511589416976,3272.8128746973402
-8.052025,-34.951222,15.8,2022-06-15 23:19:46+00:00,5.5125726993379764,3278.325447396678
-8.052024,-34.95119,15.8,2022-06-15 23:19:48+00:00,3.5290698259110367,3281.854517222589
-8.052023,-34.95118,15.8,2022-06-15 23:19:49+00:00,1.1078269506750387,3282.9623441732642
-8.052026,-34.951146,15.8,2022-06-15 23:19:50+00:00,3.7624527251035365,3286.724796898368
-8.052026,-34.951136,15.8,2022-06-15 23:19:51+00:00,1.1022926329735656,3287.8270895313417
-8.052023,-34.951101,15.8,2022-06-15 23:19:52+00:00,3.8722647583846204,3291.699354289726
-8.052023,-34.95109,15.8,2022-06-15 23:19:53+00:00,1.2125219048800575,3292.911876194606
-8.052022,-34.951055,15.9,2022-06-15 23:19:54+00:00,3.8596091233948213,3296.771485318001
-8.052022,-34.951044,15.9,2022-06-15 23:19:55+00:00,1.2125219070709725,3297.9840072250718
-8.052021,-34.951011,15.9,2022-06-15 23:19:56+00:00,3.639246613591616,3301.6232538386635
-8.052022,-34.951,15.9,2022-06-15 23:19:57+00:00,1.2175552856184568,3302.840809124282
-8.052024,-34.950965,15.9,2022-06-15 23:19:58+00:00,3.8643598447232477,3306.705168969005
-8.052024,-34.950954,15.9,2022-06-15 23:19:59+00:00,1.21252190112269,3307.917690870128
-8.052025,-34.950922,15.9,2022-06-15 23:20:00+00:00,3.5290698259110367,3311.446760696039
-8.052025,-34.950911,15.9,2022-06-15 23:20:01+00:00,1.212521898931774,3312.6592825949706
-8.052028,-34.950874,15.9,2022-06-15 23:20:02+00:00,4.091956112401995,3316.7512387073725
-8.052028,-34.950863,15.9,2022-06-15 23:20:03+00:00,1.2125218900093457,3317.9637605973817
-8.052035,-34.950829,15.9,2022-06-15 23:20:04+00:00,3.8269190733988014,3321.7906796707803
-8.052038,-34.950819,15.9,2022-06-15 23:20:05+00:00,1.151143948955955,3322.941823619736
-8.052042,-34.950782,15.9,2022-06-15 23:20:06+00:00,4.102404679488683,3327.044228299225
-8.052044,-34.95077,15.9,2022-06-15 23:20:07+00:00,1.3411176091376462,3328.3853459083625
-8.05205,-34.950732,15.9,2022-06-15 23:20:08+00:00,4.240948013548981,3332.6262939219114
-8.052052,-34.950721,15.9,2022-06-15 23:20:09+00:00,1.232531998446845,3333.8588259203584
-8.052056,-34.950685,15.9,2022-06-15 23:20:10+00:00,3.9928357510476755,3337.851661671406
-8.052058,-34.950673,15.9,2022-06-15 23:20:11+00:00,1.3411175639186863,3339.1927792353245
-8.052062,-34.950641,15.9,2022-06-15 23:20:12+00:00,3.5549689196189034,3342.7477481549436
-8.052064,-34.950629,15.9,2022-06-15 23:20:13+00:00,1.341117544639892,3344.0888656995835
-8.052071,-34.950593,15.9,2022-06-15 23:20:14+00:00,4.043065105242864,3348.1319308048264
-8.052074,-34.950582,15.9,2022-06-15 23:20:15+00:00,1.257096820921624,3349.389027625748
-8.052079,-34.950552,15.9,2022-06-15 23:20:16+00:00,3.352793753112739,3352.7418213788605
-8.052085,-34.95052,15.9,2022-06-15 23:20:17+00:00,3.589210561767029,3356.331031940628
-8.052087,-34.950509,15.9,2022-06-15 23:20:18+00:00,1.2325318957480276,3357.563563836376
-8.05209,-34.950476,15.9,2022-06-15 23:20:19+00:00,3.652665256314804,3361.216229092691
-8.052091,-34.950466,15.9,2022-06-15 23:20:20+00:00,1.107826769431886,3362.324055862123
-8.052091,-34.950432,15.9,2022-06-15 23:20:21+00:00,3.747794353322296,3366.071850215445
-8.05209,-34.950421,15.9,2022-06-15 23:20:22+00:00,1.2175550794784782,3367.2894052949237
-8.052088,-34.950387,15.9,2022-06-15 23:20:23+00:00,3.7543159963372754,3371.043721291261
-8.052087,-34.950376,15.9,2022-06-15 23:20:24+00:00,1.2175550885945354,3372.2612763798556
-8.052085,-34.95034,15.9,2022-06-15 23:20:25+00:00,3.9744127846697945,3376.2356891645254
-8.052084,-34.950328,15.9,2022-06-15 23:20:26+00:00,1.3273664207232019,3377.5630555852485
-8.052084,-34.950294,15.9,2022-06-15 23:20:27+00:00,3.7477944176724147,3381.310850002921
-8.052084,-34.950283,15.9,2022-06-15 23:20:28+00:00,1.2125217234567491,3382.5233717263777
-8.052085,-34.950254,15.9,2022-06-15 23:20:29+00:00,3.1985607774120175,3385.72193250379
-8.052089,-34.950209,15.9,2022-06-15 23:20:31+00:00,4.980003985072681,3390.7019364888624
-8.05209,-34.950194,15.9,2022-06-15 23:20:32+00:00,1.6571333667370045,3392.3590698555995
-8.052091,-34.95018,15.9,2022-06-15 23:20:33+00:00,1.5471673689695113,3393.906237224569
-8.052093,-34.95015,15.9,2022-06-15 23:20:34+00:00,3.314266713493441,3397.2205039380624
-8.052094,-34.95014,15.9,2022-06-15 23:20:35+00:00,1.1078267631336405,3398.328330701196
-8.052096,-34.950104,15.9,2022-06-15 23:20:36+00:00,3.9744126966731326,3402.302743397869
-8.052096,-34.950093,15.9,2022-06-15 23:20:37+00:00,1.212521687766757,3403.5152650856357
-8.052098,-34.950058,15.9,2022-06-15 23:20:38+00:00,3.8643591467461618,3407.379624232382
-8.052099,-34.950046,16.0,2022-06-15 23:20:39+00:00,1.3273663772655484,3408.7069906096476
-8.052102,-34.95001,16.0,2022-06-15 23:20:40+00:00,3.9820991100465397,3412.689089719694
-8.052103,-34.949996,16.0,2022-06-15 23:20:41+00:00,1.547167324452932,3414.236257044147
-8.052106,-34.949963,16.0,2022-06-15 23:20:42+00:00,3.65266511433998,3417.888922158487
-8.052107,-34.949952,16.0,2022-06-15 23:20:43+00:00,1.2175550321535624,3419.1064771906404
-8.052108,-34.949919,16.0,2022-06-15 23:20:44+00:00,3.6392458468851596,3422.7457230375253
-8.052108,-34.949908,16.0,2022-06-15 23:20:45+00:00,1.2125216520767117,3423.958244689602
-8.052111,-34.949871,16.0,2022-06-15 23:20:46+00:00,4.091955286488522,3428.0501999760904
-8.052111,-34.949858,16.0,2022-06-15 23:20:47+00:00,1.4329801239412885,3429.483180100032
-8.052115,-34.949827,16.0,2022-06-15 23:20:48+00:00,3.445623338986135,3432.928803439018
-8.052124,-34.949795,16.0,2022-06-15 23:20:49+00:00,3.665084882414156,3436.593888321432
-8.052127,-34.949784,16.0,2022-06-15 23:20:50+00:00,1.2570966699044388,3437.8509849913366
-8.052133,-34.949739,16.0,2022-06-15 23:20:52+00:00,5.004504400785158,3442.855489392122
-8.052135,-34.949724,16.0,2022-06-15 23:20:53+00:00,1.6681681165288513,3444.5236575086506
-8.052136,-34.949709,16.0,2022-06-15 23:20:54+00:00,1.6571331809386896,3446.1807906895892
-8.05214,-34.949675,15.9,2022-06-15 23:20:55+00:00,3.7738128091961163,3449.954603498785
-8.05214,-34.949663,15.9,2022-06-15 23:20:56+00:00,1.322750789063919,3451.277354287849
-8.05214,-34.949628,15.9,2022-06-15 23:20:57+00:00,3.858023135814064,3455.135377423663
-8.05214,-34.949614,15.9,2022-06-15 23:20:58+00:00,1.54320925416898,3456.6785866778323
-8.052141,-34.949577,15.9,2022-06-15 23:20:59+00:00,4.0799808348841715,3460.7585675127166
-8.052141,-34.949567,15.9,2022-06-15 23:21:00+00:00,1.102292321255053,3461.8608598339715
-8.052144,-34.949532,15.9,2022-06-15 23:21:01+00:00,3.872263646057889,3465.7331234800295
-8.052145,-34.949522,15.9,2022-06-15 23:21:02+00:00,1.1078266239504597,3466.84095010398
-8.052148,-34.949489,15.9,2022-06-15 23:21:03+00:00,3.652664743111746,3470.493614847092
-8.052149,-34.94948,15.9,2022-06-15 23:21:04+00:00,0.9982087082334186,3471.4918235553255
-8.052153,-34.949446,15.9,2022-06-15 23:21:05+00:00,3.773812689301507,3475.265636244627
-8.052154,-34.949435,15.9,2022-06-15 23:21:06+00:00,1.2175548926292743,3476.483191137256
-8.052156,-34.9494,15.9,2022-06-15 23:21:07+00:00,3.864358598452754,3480.347549735709
-8.052157,-34.949389,15.9,2022-06-15 23:21:08+00:00,1.2175548845718627,3481.5651046202806
-8.052159,-34.949354,15.9,2022-06-15 23:21:09+00:00,3.8643585689975417,3485.429463189278
-8.05216,-34.949343,15.9,2022-06-15 23:21:10+00:00,1.2175548743971565,3486.647018063675
-8.052166,-34.94931,15.8,2022-06-15 23:21:11+00:00,3.6975950121852694,3490.3446130758603
-8.052167,-34.9493,15.8,2022-06-15 23:21:12+00:00,1.1078265640006244,3491.452439639861
-8.052169,-34.949268,15.8,2022-06-15 23:21:13+00:00,3.534263650490306,3494.986703290351
-8.05217,-34.949258,15.8,2022-06-15 23:21:14+00:00,1.1078265577024295,3496.0945298480538
-8.052171,-34.949224,15.8,2022-06-15 23:21:15+00:00,3.749425092742803,3499.8439549407967
-8.052172,-34.949213,15.8,2022-06-15 23:21:16+00:00,1.2175548400503629,3501.0615097808472
-8.052174,-34.949178,15.8,2022-06-15 23:21:17+00:00,3.8643584277207683,3504.925868208568
-8.052176,-34.949166,15.8,2022-06-15 23:21:18+00:00,1.3411171878283135,3506.266985396396
-8.052185,-34.94912,15.8,2022-06-15 23:21:20+00:00,5.167317392712816,3511.434302789109
-8.052187,-34.949103,15.8,2022-06-15 23:21:21+00:00,1.8869061855071905,3513.321208974616
-8.05219,-34.949086,15.8,2022-06-15 23:21:22+00:00,1.903042919476214,3515.2242518940925
-8.052198,-34.949054,15.7,2022-06-15 23:21:23+00:00,3.636606569722123,3518.8608584638146
-8.0522,-34.949044,15.7,2022-06-15 23:21:24+00:00,1.1242659712709842,3519.9851244350857
-8.052204,-34.949009,15.7,2022-06-15 23:21:25+00:00,3.8833029539072075,3523.868427388993
-8.052205,-34.948995,15.7,2022-06-15 23:21:26+00:00,1.54716694023893,3525.415594329232
-8.052208,-34.948957,15.7,2022-06-15 23:21:27+00:00,4.201830090808998,3529.617424420041
-8.052208,-34.94894,15.7,2022-06-15 23:21:28+00:00,1.8738966388739118,3531.4913210589148
-8.052207,-34.948896,15.7,2022-06-15 23:21:30+00:00,4.8513462170922095,3536.342667276007
-8.052207,-34.948881,15.7,2022-06-15 23:21:31+00:00,1.6534382145964774,3537.9961054906034
-8.052206,-34.948866,15.7,2022-06-15 23:21:32+00:00,1.6571328938254883,3539.6532383844287
-8.052202,-34.94883,15.7,2022-06-15 23:21:33+00:00,3.992834301185569,3543.6460726856144
-8.052201,-34.948819,15.7,2022-06-15 23:21:34+00:00,1.217554752418868,3544.8636274380333
-8.052188,-34.948787,15.7,2022-06-15 23:21:35+00:00,3.8090961823777163,3548.672723620411
-8.052185,-34.948776,15.7,2022-06-15 23:21:36+00:00,1.2570964947002197,3549.9298201151114
-8.05217,-34.948746,15.7,2022-06-15 23:21:37+00:00,3.699664644945123,3553.6294847600566
-8.052164,-34.948737,15.7,2022-06-15 23:21:38+00:00,1.193533692620296,3554.823018452677
-8.052152,-34.948705,15.7,2022-06-15 23:21:39+00:00,3.768743650612794,3558.5917621032895
-8.052149,-34.948695,15.7,2022-06-15 23:21:40+00:00,1.1511436535932544,3559.742905756883
-8.052141,-34.948659,15.7,2022-06-15 23:21:41+00:00,4.065690815813108,3563.808596572696
-8.05214,-34.948647,15.7,2022-06-15 23:21:42+00:00,1.3273662394818035,3565.1359628121777
-8.052138,-34.948613,15.7,2022-06-15 23:21:43+00:00,3.7543155385002254,3568.890278350678
-8.052137,-34.948601,15.7,2022-06-15 23:21:44+00:00,1.3273662507098705,3570.2176446013877
-8.052138,-34.948568,15.8,2022-06-15 23:21:45+00:00,3.6392455790437226,3573.8568901804315
-8.052138,-34.948557,15.8,2022-06-15 23:21:46+00:00,1.2125215628513688,3575.0694117432827
-8.052139,-34.948525,15.8,2022-06-15 23:21:47+00:00,3.5290688397409413,3578.5984805830235
-8.052139,-34.948514,15.8,2022-06-15 23:21:48+00:00,1.2125215590939595,3579.8110021421176
-8.05214,-34.948479,15.8,2022-06-15 23:21:49+00:00,3.859608018039181,3583.6706101601567
-8.05214,-34.948468,15.8,2022-06-15 23:21:50+00:00,1.212521556903001,3584.8831317170598
-8.052141,-34.948434,15.8,2022-06-15 23:21:51+00:00,3.749425368647228,3588.632557085707
-8.05214,-34.948422,15.8,2022-06-15 23:21:52+00:00,1.3273662394818035,3589.959923325189
-8.05214,-34.948389,15.8,2022-06-15 23:21:53+00:00,3.637564670709002,3593.5974879958976
-8.05214,-34.948377,15.8,2022-06-15 23:21:54+00:00,1.322750789063919,3594.9202387849614
-8.052144,-34.948339,15.8,2022-06-15 23:21:55+00:00,4.212006897567121,3599.1322456825287
-8.052146,-34.948325,15.8,2022-06-15 23:21:56+00:00,1.5589806612732202,3600.691226343802
-8.052147,-34.948288,15.8,2022-06-15 23:21:58+00:00,4.0799807738773834,3604.7712071176793
-8.05215,-34.948258,15.8,2022-06-15 23:21:59+00:00,3.323479841365257,3608.0946869590443
-8.052154,-34.948226,15.8,2022-06-15 23:22:00+00:00,3.554968129143847,3611.6496550881884
-8.052155,-34.948216,15.8,2022-06-15 23:22:01+00:00,1.1078265976629793,3612.7574816858514
-8.052156,-34.948183,15.8,2022-06-15 23:22:02+00:00,3.6392454186564476,3616.396727104508
-8.052157,-34.948172,15.8,2022-06-15 23:22:03+00:00,1.2175548845718627,3617.6142819890797
-8.052161,-34.948136,15.8,2022-06-15 23:22:04+00:00,3.992834733744572,3621.6071167228242
-8.052163,-34.948122,15.8,2022-06-15 23:22:05+00:00,1.5589805978290259,3623.166097320653
-8.052165,-34.948077,15.8,2022-06-15 23:22:07+00:00,4.965244457631813,3628.131341778285
-8.052167,-34.948062,15.8,2022-06-15 23:22:08+00:00,1.6681679892935377,3629.7995097675785
-8.052168,-34.948048,15.8,2022-06-15 23:22:09+00:00,1.5471670790570946,3631.3466768466355
-8.052171,-34.948015,15.8,2022-06-15 23:22:10+00:00,3.6526645369717867,3634.9993413836073
-8.052173,-34.948002,15.8,2022-06-15 23:22:11+00:00,1.4499508193197823,3636.449292202927
-8.052175,-34.947968,15.8,2022-06-15 23:22:12+00:00,3.75431521914357,3640.203607422071
-8.052175,-34.947956,15.8,2022-06-15 23:22:13+00:00,1.322750676287133,3641.5263580983583
-8.052177,-34.947922,15.8,2022-06-15 23:22:14+00:00,3.754315200914781,3645.280673299273
-8.052177,-34.947911,15.8,2022-06-15 23:22:15+00:00,1.2125214468579286,3646.493194746131
-8.052179,-34.947882,15.7,2022-06-15 23:22:16+00:00,3.204291003231333,3649.6974857493624
-8.052179,-34.947873,15.7,2022-06-15 23:22:17+00:00,0.9920629968941918,3650.6895487462566
-8.052179,-34.947837,15.7,2022-06-15 23:22:18+00:00,3.9682519883599925,3654.6578007346166
-8.052179,-34.947827,15.7,2022-06-15 23:22:19+00:00,1.1022922192934745,3655.76009295391
-8.052179,-34.947795,15.7,2022-06-15 23:22:20+00:00,3.527335100329312,3659.287428054239
-8.05218,-34.947785,15.7,2022-06-15 23:22:21+00:00,1.1078265310620292,3660.3952545853012
-8.052181,-34.947752,15.6,2022-06-15 23:22:22+00:00,3.6392451955140714,3664.034499780815
-8.05218,-34.947742,15.6,2022-06-15 23:22:23+00:00,1.1078265282568294,3665.142326309072
-8.052181,-34.947707,15.6,2022-06-15 23:22:24+00:00,3.859607628009468,3669.0019339370815
-8.052181,-34.947696,15.6,2022-06-15 23:22:25+00:00,1.212521434961134,3670.2144553720427
-8.05218,-34.947662,15.6,2022-06-15 23:22:26+00:00,3.7494250010687327,3673.9638803731114
-8.052181,-34.947651,15.5,2022-06-15 23:22:27+00:00,1.217554812702249,3675.181435185814
-8.052185,-34.947619,15.5,2022-06-15 23:22:28+00:00,3.554967861319075,3678.736403047133
-8.052187,-34.947608,15.5,2022-06-15 23:22:29+00:00,1.2325316030793863,3679.9689346502123
-8.052187,-34.947575,15.5,2022-06-15 23:22:30+00:00,3.637564251347793,3683.60649890156
-8.052186,-34.947564,15.5,2022-06-15 23:22:31+00:00,1.2175547951759365,3684.824053696736
-8.052183,-34.947534,15.5,2022-06-15 23:22:32+00:00,3.3234795528727523,3688.147533249609
-8.05216,-34.947493,15.5,2022-06-15 23:22:34+00:00,5.18607924507055,3693.3336124946795
-8.052148,-34.947482,15.5,2022-06-15 23:22:35+00:00,1.7976492797489272,3695.1312617744284
-8.052137,-34.947472,15.5,2022-06-15 23:22:36+00:00,1.6416633634477176,3696.772925137876
-8.05211,-34.94746,15.5,2022-06-15 23:22:37+00:00,3.2659494349116205,3700.038874572788
-8.052101,-34.947457,15.5,2022-06-15 23:22:38+00:00,1.0488589167617568,3701.0877334895495
-8.052066,-34.947457,15.5,2022-06-15 23:22:39+00:00,3.8708622687239185,3704.9585957582735
-8.052055,-34.947459,15.5,2022-06-15 23:22:40+00:00,1.236370570060208,3706.1949663283335
-8.052023,-34.947477,15.5,2022-06-15 23:22:41+00:00,4.057314864769454,3710.252281193103
-8.052013,-34.947483,15.5,2022-06-15 23:22:42+00:00,1.288629746011471,3711.5409109391144
-8.051986,-34.947501,15.5,2022-06-15 23:22:43+00:00,3.5851799451455495,3715.12609088426
-8.051976,-34.947509,15.5,2022-06-15 23:22:44+00:00,1.414489485641071,3716.5405803699014
-8.051948,-34.947536,15.5,2022-06-15 23:22:45+00:00,4.2950201443238125,3720.835600514225
-8.051937,-34.947548,15.6,2022-06-15 23:22:46+00:00,1.7971314811388386,3722.632731995364
-8.051918,-34.947572,15.6,2022-06-15 23:22:47+00:00,3.3784987143385523,3726.0112307097024
-8.051912,-34.947581,15.6,2022-06-15 23:22:48+00:00,1.1935341975003075,3727.204764907203
-8.051898,-34.94761,15.6,2022-06-15 23:22:49+00:00,3.5518925193360626,3730.756657426539
-8.051893,-34.947621,15.7,2022-06-15 23:22:50+00:00,1.3326655707512776,3732.0893229972903
-8.051878,-34.947651,15.7,2022-06-15 23:22:51+00:00,3.6996667511520798,3735.7889897484424
-8.051873,-34.947661,15.7,2022-06-15 23:22:52+00:00,1.2332222739455099,3737.022212022388
-8.05185,-34.947688,15.8,2022-06-15 23:22:53+00:00,3.9151210125037945,3740.9373330348917
-8.051841,-34.947696,15.9,2022-06-15 23:22:54+00:00,1.3298055161691902,3742.2671385510607
-8.051814,-34.947716,15.9,2022-06-15 23:22:55+00:00,3.711732289342686,3745.9788708404035
-8.051804,-34.947722,15.9,2022-06-15 23:22:56+00:00,1.2886299099769831,3747.2675007503803
-8.051771,-34.947729,15.9,2022-06-15 23:22:57+00:00,3.7303440153741696,3750.9978447657545
-8.05176,-34.947729,15.9,2022-06-15 23:22:58+00:00,1.2165566942956194,3752.2144014600503
-8.051723,-34.947727,15.9,2022-06-15 23:22:59+00:00,4.097988612979176,3756.3123900730293
-8.05171,-34.947725,15.9,2022-06-15 23:23:00+00:00,1.4545527480935374,3757.766942821123
-8.051678,-34.947722,15.9,2022-06-15 23:23:01+00:00,3.5544900364487644,3761.321432857572
-8.051667,-34.947721,15.9,2022-06-15 23:23:02+00:00,1.2215402934764683,3762.5429731510485
-8.051623,-34.947711,15.9,2022-06-15 23:23:04+00:00,4.989510405675127,3767.5324835567235
-8.051608,-34.947707,15.9,2022-06-15 23:23:05+00:00,1.7165352492822354,3769.2490188060056
-8.051594,-34.947704,15.9,2022-06-15 23:23:06+00:00,1.5832645016852718,3770.832283307691
-8.051561,-34.947696,15.9,2022-06-15 23:23:07+00:00,3.754693672227175,3774.586976979918
-8.05155,-34.947693,15.9,2022-06-15 23:23:08+00:00,1.260700133237275,3775.847677113155
-8.051517,-34.947686,15.9,2022-06-15 23:23:09+00:00,3.7303440704208253,3779.578021183576
-8.051507,-34.947683,15.9,2022-06-15 23:23:10+00:00,1.1543411874597838,3780.732362371036
-8.051474,-34.947676,15.9,2022-06-15 23:23:11+00:00,3.7303440799967635,3784.462706451033
-8.051462,-34.947674,15.9,2022-06-15 23:23:12+00:00,1.3453387994944799,3785.8080452505274
-8.051429,-34.94767,15.9,2022-06-15 23:23:13+00:00,3.6762072440307314,3789.484252494558
-8.051418,-34.947669,15.9,2022-06-15 23:23:14+00:00,1.2215402848418453,3790.7057927794
-8.051387,-34.947664,15.9,2022-06-15 23:23:15+00:00,3.472495338361312,3794.178288117761
-8.051377,-34.947663,15.9,2022-06-15 23:23:16+00:00,1.111440236891948,3795.289728354653
-8.051345,-34.947659,16.0,2022-06-15 23:23:17+00:00,3.566434200427729,3798.856162555081
-8.051334,-34.947658,16.0,2022-06-15 23:23:18+00:00,1.2215402817670922,3800.077702836848
-8.051302,-34.947654,16.0,2022-06-15 23:23:19+00:00,3.566434198824618,3803.6441370356724
-8.051291,-34.947652,16.0,2022-06-15 23:23:20+00:00,1.236370599039763,3804.880507634712
-8.051265,-34.947647,16.0,2022-06-15 23:23:21+00:00,2.9278404441977415,3807.80834807891
-8.051229,-34.947642,16.0,2022-06-15 23:23:22+00:00,4.019424411014975,3811.827772489925
-8.051214,-34.947639,16.0,2022-06-15 23:23:23+00:00,1.6915790750246233,3813.5193515649494
-8.051165,-34.947631,16.0,2022-06-15 23:23:25+00:00,5.490486175308024,3819.0098377402574
-8.05115,-34.947629,16.0,2022-06-15 23:23:26+00:00,1.673525341950921,3820.6833630822084
-8.051134,-34.947626,16.0,2022-06-15 23:23:27+00:00,1.8001710828982138,3822.4835341651064
-8.051101,-34.947623,16.0,2022-06-15 23:23:28+00:00,3.6646208229431814,3826.1481549880496
-8.05109,-34.947622,16.0,2022-06-15 23:23:29+00:00,1.2215402730550486,3827.3696952611044
-8.051053,-34.947618,16.1,2022-06-15 23:23:30+00:00,4.1157400684630945,3831.4854353295677
-8.051041,-34.947616,16.1,2022-06-15 23:23:31+00:00,1.345338810077589,3832.830774139645
-8.051007,-34.947613,16.1,2022-06-15 23:23:32+00:00,3.7747788568607015,3836.605552996506
-8.050995,-34.947612,16.1,2022-06-15 23:23:33+00:00,1.3317225170115221,3837.9372755135178
-8.050959,-34.947607,16.1,2022-06-15 23:23:34+00:00,4.019424409132775,3841.9566999226504
-8.050948,-34.947605,16.1,2022-06-15 23:23:35+00:00,1.2363706121066511,3843.193070534757
-8.050913,-34.947602,16.1,2022-06-15 23:23:36+00:00,3.884961779162277,3847.0780323139197
-8.050901,-34.947601,16.1,2022-06-15 23:23:37+00:00,1.3317225126890586,3848.4097548266086
-8.050866,-34.947597,16.1,2022-06-15 23:23:38+00:00,3.895892952361284,3852.30564777897
-8.050855,-34.947594,16.1,2022-06-15 23:23:39+00:00,1.2607002416690571,3853.566348020639
-8.050822,-34.94759,16.1,2022-06-15 23:23:40+00:00,3.6762072156335295,3857.2425552362724
-8.050811,-34.947589,16.1,2022-06-15 23:23:41+00:00,1.2215402638274764,3858.4640955001
-8.050784,-34.947585,16.1,2022-06-15 23:23:42+00:00,3.018470438436831,3861.482565938537
-8.050751,-34.94758,16.1,2022-06-15 23:23:43+00:00,3.6910506034107784,3865.173616541948
-8.05074,-34.947578,16.1,2022-06-15 23:23:44+00:00,1.2363706202901976,3866.409987162238
-8.050705,-34.947573,16.1,2022-06-15 23:23:45+00:00,3.9099024187756095,3870.3198895810137
-8.050692,-34.947571,16.1,2022-06-15 23:23:46+00:00,1.45455276115151,3871.7744423421655
-8.050657,-34.947568,16.1,2022-06-15 23:23:47+00:00,3.884961748930847,3875.6594040910963
-8.050645,-34.947567,16.1,2022-06-15 23:23:48+00:00,1.3317225020475167,3876.9911265931437
-8.050612,-34.947564,16.1,2022-06-15 23:23:49+00:00,3.664620772025579,3880.655747365169
-8.050599,-34.947563,16.1,2022-06-15 23:23:50+00:00,1.4419681036819898,3882.097715468851
-8.050564,-34.94756,16.1,2022-06-15 23:23:51+00:00,3.8849617381358086,3885.982677206987
-8.050552,-34.947558,16.1,2022-06-15 23:23:52+00:00,1.3453388223563325,3887.3280160293434
-8.050516,-34.947554,16.1,2022-06-15 23:23:53+00:00,4.005797965559496,3891.333813994903
-8.050503,-34.947552,16.1,2022-06-15 23:23:54+00:00,1.4545527634022402,3892.788366758305
-8.050466,-34.947548,16.1,2022-06-15 23:23:55+00:00,4.1157400204925345,3896.9041067787975
-8.050455,-34.947546,16.1,2022-06-15 23:23:56+00:00,1.2363706308137168,3898.1404774096113
-8.050415,-34.947544,16.1,2022-06-15 23:23:57+00:00,4.429332059062118,3902.5698094686736
-8.050401,-34.947543,16.1,2022-06-15 23:23:58+00:00,1.5522635567558793,3904.1220730254295
-8.050367,-34.94754,16.1,2022-06-15 23:23:59+00:00,3.774778786130324,3907.89685181156
-8.050356,-34.947539,16.1,2022-06-15 23:24:00+00:00,1.2215402479397892,3909.1183920594995
-8.050316,-34.947536,16.1,2022-06-15 23:24:01+00:00,4.436184766374553,3913.554576825874
-8.050301,-34.947536,16.1,2022-06-15 23:24:02+00:00,1.6589408295123114,3915.213517655386
-8.050251,-34.94753,16.1,2022-06-15 23:24:04+00:00,5.569213582234964,3920.782731237621
-8.050236,-34.947528,16.1,2022-06-15 23:24:05+00:00,1.6735253339270983,3922.4562565715482
-8.05022,-34.947527,16.1,2022-06-15 23:24:06+00:00,1.7729668237617908,3924.22922339531
-8.050187,-34.947521,16.0,2022-06-15 23:24:07+00:00,3.7091119228722955,3927.938335318182
-8.050174,-34.947519,16.0,2022-06-15 23:24:08+00:00,1.4545527679996253,3929.3928880861818
-8.05014,-34.947514,16.0,2022-06-15 23:24:09+00:00,3.80044264828796,3933.19333073447
-8.050129,-34.947512,16.0,2022-06-15 23:24:10+00:00,1.2363706431626096,3934.4297013776322
-8.050094,-34.947507,16.0,2022-06-15 23:24:11+00:00,3.909902421707997,3938.3396037993402
-8.050082,-34.947507,16.0,2022-06-15 23:24:12+00:00,1.3271526490581202,3939.6667564483982
-8.050042,-34.947504,16.0,2022-06-15 23:24:13+00:00,4.436184723917264,3944.1029411723157
-8.050028,-34.947503,16.0,2022-06-15 23:24:14+00:00,1.5522635359050891,3945.655204708221
-8.049991,-34.947498,16.0,2022-06-15 23:24:15+00:00,4.129003643410653,3949.7842083516316
-8.049964,-34.947492,16.0,2022-06-15 23:24:16+00:00,3.0584597614623603,3952.842668113094
-8.049937,-34.947487,16.0,2022-06-15 23:24:17+00:00,3.0365308146089025,3955.879198927703
-8.0499,-34.947483,16.0,2022-06-15 23:24:18+00:00,4.1157399741011975,3959.9949389018043
-8.049888,-34.947482,16.0,2022-06-15 23:24:19+00:00,1.3317224703622412,3961.3266613721667
-8.049851,-34.947477,16.0,2022-06-15 23:24:20+00:00,4.129003641102693,3965.4556650132695
-8.049836,-34.947475,16.0,2022-06-15 23:24:21+00:00,1.6735253308448275,3967.1291903441142
-8.049789,-34.947474,16.0,2022-06-15 23:24:23+00:00,5.199183116446455,3972.3283734605607
-8.049773,-34.947475,16.0,2022-06-15 23:24:24+00:00,1.7729667934522921,3974.101340254013
-8.049757,-34.947476,16.0,2022-06-15 23:24:25+00:00,1.7729667917582785,3975.8743070457713
-8.049726,-34.947485,15.9,2022-06-15 23:24:26+00:00,3.5691258791269846,3979.4434329248984
-8.049716,-34.947487,15.9,2022-06-15 23:24:27+00:00,1.1277194623869269,3980.571152387285
-8.049683,-34.947493,15.9,2022-06-15 23:24:28+00:00,3.709111980806332,3984.2802643680916
-8.049672,-34.947494,15.9,2022-06-15 23:24:29+00:00,1.2215402246976126,3985.501804592789
-8.049638,-34.947495,15.9,2022-06-15 23:24:30+00:00,3.761881074068609,3989.263685666858
-8.049627,-34.947495,15.9,2022-06-15 23:24:31+00:00,1.2165565682586252,3990.4802422351163
-8.049592,-34.947493,15.9,2022-06-15 23:24:32+00:00,3.8771347200503805,3994.3573769551667
-8.049581,-34.947492,15.9,2022-06-15 23:24:33+00:00,1.22154022148446,3995.578917176651
-8.04955,-34.94749,15.9,2022-06-15 23:24:34+00:00,3.4355583436990096,3999.01447552035
-8.04954,-34.947491,15.9,2022-06-15 23:24:35+00:00,1.111440188282131,4000.125915708632
-8.049507,-34.947487,15.9,2022-06-15 23:24:36+00:00,3.6762071544209607,4003.802122863053
-8.049496,-34.947484,15.9,2022-06-15 23:24:37+00:00,1.2607004531707138,4005.0628233162233
-8.049465,-34.947479,15.9,2022-06-15 23:24:38+00:00,3.472495434189126,4008.5353187504124
-8.049455,-34.947478,15.9,2022-06-15 23:24:39+00:00,1.1114401858692233,4009.6467589362815
-8.049427,-34.947474,15.9,2022-06-15 23:24:40+00:00,3.1279219396987563,4012.7746808759803
-8.049398,-34.947469,15.9,2022-06-15 23:24:41+00:00,3.254296575116,4016.028977451096
-8.049388,-34.947468,15.9,2022-06-15 23:24:42+00:00,1.1114401841332775,4017.1404176352294
-8.049357,-34.947461,15.9,2022-06-15 23:24:43+00:00,3.5142339345572298,4020.6546515697864
-8.049347,-34.947458,15.9,2022-06-15 23:24:44+00:00,1.1543415784704003,4021.808993148257
-8.049318,-34.947447,15.9,2022-06-15 23:24:45+00:00,3.428834894656646,4025.2378280429134
-8.049309,-34.947442,15.9,2022-06-15 23:24:46+00:00,1.1377682934526145,4026.375596336366
-8.04928,-34.947422,15.9,2022-06-15 23:24:47+00:00,3.89190714614647,4030.2675034825124
-8.049271,-34.947415,15.9,2022-06-15 23:24:48+00:00,1.2594175040284439,4031.526920986541
-8.049244,-34.947391,15.8,2022-06-15 23:24:49+00:00,3.9894274004947436,4035.5163483870356
-8.049236,-34.947384,15.8,2022-06-15 23:24:50+00:00,1.173966475024319,4036.69031486206
-8.049214,-34.947367,15.8,2022-06-15 23:24:51+00:00,3.0710876397150817,4039.761402501775
-8.049187,-34.947344,15.8,2022-06-15 23:24:52+00:00,3.917199500388247,4043.678602002163
-8.049178,-34.947337,15.8,2022-06-15 23:24:53+00:00,1.259417608352011,4044.9380196105153
-8.049153,-34.947312,15.8,2022-06-15 23:24:54+00:00,3.903695928197825,4048.8417155387133
-8.049144,-34.947304,15.8,2022-06-15 23:24:55+00:00,1.3298092857173438,4050.1715248244304
-8.049121,-34.947274,15.8,2022-06-15 23:24:56+00:00,4.17205617789503,4054.3435810023257
-8.049112,-34.947263,15.8,2022-06-15 23:24:57+00:00,1.5687513175256604,4055.9123323198514
-8.049082,-34.947243,15.8,2022-06-15 23:24:58+00:00,3.9835415669131895,4059.8958738867645
-8.049072,-34.947237,15.8,2022-06-15 23:24:59+00:00,1.288632058518356,4061.184505945283
-8.049043,-34.947222,15.8,2022-06-15 23:25:00+00:00,3.6084040589969035,4064.7929100042797
-8.049033,-34.947218,15.8,2022-06-15 23:25:01+00:00,1.1906129891619484,4065.9835229934415
-8.049001,-34.947215,15.8,2022-06-15 23:25:02+00:00,3.5544897797518926,4069.5380127731933
-8.048993,-34.947217,15.8,2022-06-15 23:25:03+00:00,0.9118211345756462,4070.449833907769
-8.048964,-34.947233,15.8,2022-06-15 23:25:04+00:00,3.6602256302408884,4074.11005953801
-8.048956,-34.947242,15.8,2022-06-15 23:25:05+00:00,1.3292929039838233,4075.439352441994
-8.048947,-34.947273,15.8,2022-06-15 23:25:06+00:00,3.55914986897324,4078.998502310967
-8.048945,-34.947284,15.8,2022-06-15 23:25:07+00:00,1.2325410739142209,4080.231043384881
-8.04895,-34.947321,15.8,2022-06-15 23:25:08+00:00,4.115830387264758,4084.346873772146
-8.048953,-34.947335,15.8,2022-06-15 23:25:09+00:00,1.5784851661923118,4085.9253589383384
-8.048969,-34.94737,15.8,2022-06-15 23:25:10+00:00,4.244506446059555,4090.169865384398
-8.048976,-34.947381,15.8,2022-06-15 23:25:11+00:00,1.4386014646980028,4091.6084668490957
-8.048992,-34.947405,15.8,2022-06-15 23:25:13+00:00,3.1827735267791617,4094.791240375875
-8.049023,-34.947435,15.9,2022-06-15 23:25:14+00:00,4.763408577390491,4099.554648953265
-8.04905,-34.947458,15.9,2022-06-15 23:25:15+00:00,3.917200142304427,4103.47184909557
-8.04908,-34.947475,15.9,2022-06-15 23:25:16+00:00,3.810496045427693,4107.282345140998
-8.049108,-34.947488,15.9,2022-06-15 23:25:17+00:00,3.4121763503786595,4110.694521491377
-8.049138,-34.947502,15.9,2022-06-15 23:25:19+00:00,3.659216784254089,4114.35373827563
-8.049178,-34.947512,15.9,2022-06-15 23:25:20+00:00,4.5591055986630336,4118.912843874294
-8.049205,-34.947516,15.9,2022-06-15 23:25:21+00:00,3.0184704620543137,4121.931314336348
-8.049241,-34.947519,15.9,2022-06-15 23:25:22+00:00,3.9951673267183936,4125.926481663067
-8.049255,-34.947519,15.9,2022-06-15 23:25:23+00:00,1.5483446941671084,4127.474826357234
-8.049292,-34.947519,15.9,2022-06-15 23:25:24+00:00,4.092053839364416,4131.5668801965985
-8.049304,-34.94752,15.9,2022-06-15 23:25:25+00:00,1.3317224455044336,4132.898602642103
-8.04934,-34.947522,15.9,2022-06-15 23:25:26+00:00,3.9875567472730324,4136.886159389375
-8.049352,-34.947524,15.9,2022-06-15 23:25:27+00:00,1.3453388525763716,4138.231498241952
-8.049389,-34.947527,15.9,2022-06-15 23:25:28+00:00,4.105394088088375,4142.33689233004
-8.049402,-34.947528,15.9,2022-06-15 23:25:29+00:00,1.441968044710099,4143.77886037475
-8.049437,-34.947531,15.9,2022-06-15 23:25:30+00:00,3.8849616002356946,4147.663821974986
-8.049449,-34.947533,15.9,2022-06-15 23:25:31+00:00,1.345338849750039,4149.009160824736
-8.049484,-34.947539,15.9,2022-06-15 23:25:32+00:00,3.9269573518143797,4152.93611817655
-8.049499,-34.94754,15.9,2022-06-15 23:25:33+00:00,1.6625988988683025,4154.598717075418
-8.049544,-34.947544,15.9,2022-06-15 23:25:35+00:00,4.996315683309745,4159.595032758728
-8.04956,-34.947545,15.9,2022-06-15 23:25:36+00:00,1.7729667771697462,4161.367999535898
-8.049576,-34.947546,15.9,2022-06-15 23:25:37+00:00,1.7729667785123835,4163.14096631441
-8.049611,-34.947547,15.9,2022-06-15 23:25:38+00:00,3.8724309820397544,4167.01339729645
-8.049622,-34.947547,15.9,2022-06-15 23:25:39+00:00,1.2165565668841178,4168.229953863334
-8.049656,-34.947549,15.9,2022-06-15 23:25:40+00:00,3.7667228589813986,4171.996676722316
-8.049667,-34.94755,15.9,2022-06-15 23:25:41+00:00,1.2215402240281439,4173.218216946344
-8.049702,-34.947554,15.9,2022-06-15 23:25:42+00:00,3.895892874379358,4177.114109820724
-8.049713,-34.947555,15.9,2022-06-15 23:25:43+00:00,1.2215402258205903,4178.335650046544
-8.049745,-34.947557,15.9,2022-06-15 23:25:44+00:00,3.545933578801472,4181.881583625346
-8.049755,-34.947559,15.9,2022-06-15 23:25:45+00:00,1.1277194604463525,4183.009303085792
-8.049787,-34.947561,15.9,2022-06-15 23:25:46+00:00,3.54593358492014,4186.5552366707125
-8.049798,-34.947561,15.9,2022-06-15 23:25:47+00:00,1.2165565775879805,4187.7717932483
-8.049833,-34.947565,15.9,2022-06-15 23:25:48+00:00,3.895892883177181,4191.667686131477
-8.049845,-34.947568,15.9,2022-06-15 23:25:49+00:00,1.367731588891858,4193.035417720369
-8.04988,-34.947571,15.9,2022-06-15 23:25:50+00:00,3.88496165246926,4196.920379372838
-8.049889,-34.94757,15.9,2022-06-15 23:25:51+00:00,1.0014494797922662,4197.921828852631
-8.049922,-34.947573,15.9,2022-06-15 23:25:52+00:00,3.6646206973349575,4201.586449549965
-8.049932,-34.947576,15.9,2022-06-15 23:25:53+00:00,1.1543414743576097,4202.740791024323
-8.049959,-34.947583,15.9,2022-06-15 23:25:54+00:00,3.084174790963477,4205.824965815286
-8.04999,-34.94759,15.9,2022-06-15 23:25:55+00:00,3.5142337818002685,4209.339199597087
-8.050037,-34.947598,15.9,2022-06-15 23:25:57+00:00,5.272285467897452,4214.611485064985
-8.05008,-34.947602,16.0,2022-06-15 23:25:59+00:00,4.77602653438554,4219.387511599371
-8.050119,-34.947605,16.0,2022-06-15 23:26:01+00:00,4.3259042372903584,4223.713415836661
-8.050132,-34.947607,16.0,2022-06-15 23:26:02+00:00,1.4545527688207407,4225.167968605481
-8.050165,-34.947615,16.0,2022-06-15 23:26:03+00:00,3.7546941511484455,4228.9226627566295
-8.050197,-34.947624,16.0,2022-06-15 23:26:04+00:00,3.6754920244683666,4232.598154781098
-8.050211,-34.947627,16.0,2022-06-15 23:26:05+00:00,1.5832646352326551,4234.181419416331
-8.050254,-34.947636,16.0,2022-06-15 23:26:07+00:00,4.858005609748184,4239.039425026079
-8.050269,-34.947639,16.0,2022-06-15 23:26:08+00:00,1.6915791501674204,4240.731004176247
-8.050284,-34.947642,16.0,2022-06-15 23:26:09+00:00,1.691579149695805,4242.4225833259425
-8.050317,-34.947644,16.0,2022-06-15 23:26:10+00:00,3.656322221451798,4246.078905547394
-8.050329,-34.947644,16.0,2022-06-15 23:26:11+00:00,1.3271526641687246,4247.406058211563
-8.050361,-34.947649,16.0,2022-06-15 23:26:12+00:00,3.581732535303522,4250.987790746866
-8.050371,-34.94765,16.0,2022-06-15 23:26:13+00:00,1.1114402103009602,4252.0992309571675
-8.050404,-34.947656,16.0,2022-06-15 23:26:14+00:00,3.7091119018176832,4255.808342858985
-8.050415,-34.947658,16.0,2022-06-15 23:26:15+00:00,1.2363706331443955,4257.04471349213
-8.050445,-34.947663,16.0,2022-06-15 23:26:16+00:00,3.363347063206699,4260.408060555336
-8.050456,-34.947665,16.0,2022-06-15 23:26:17+00:00,1.236370631849034,4261.644431187186
-8.050488,-34.947664,16.0,2022-06-15 23:26:18+00:00,3.540790013933475,4265.185221201119
-8.050499,-34.947663,16.0,2022-06-15 23:26:19+00:00,1.2215402528468406,4266.406761453966
-8.050531,-34.947667,16.0,2022-06-15 23:26:20+00:00,3.566434169003373,4269.97319562297
-8.050543,-34.947669,16.0,2022-06-15 23:26:21+00:00,1.3453388224278582,4271.318534445398
-8.050578,-34.947672,16.0,2022-06-15 23:26:22+00:00,3.884961735402258,4275.2034961808
-8.05059,-34.947673,16.0,2022-06-15 23:26:23+00:00,1.3317224995438244,4276.535218680344
-8.050623,-34.947676,16.0,2022-06-15 23:26:24+00:00,3.664620770013258,4280.199839450357
-8.050633,-34.947677,16.0,2022-06-15 23:26:25+00:00,1.1114402169605113,4281.311279667318
-8.050666,-34.947681,15.9,2022-06-15 23:26:26+00:00,3.6762072068450986,4284.987486874163
-8.050677,-34.947683,15.9,2022-06-15 23:26:27+00:00,1.2363706233956708,4286.223857497558
-8.050709,-34.947687,15.9,2022-06-15 23:26:28+00:00,3.566434175583945,4289.790291673142
-8.050718,-34.947688,15.9,2022-06-15 23:26:29+00:00,1.001449494655357,4290.791741167797
-8.050755,-34.947692,15.9,2022-06-15 23:26:30+00:00,4.115740040827498,4294.907481208625
-8.050769,-34.947693,15.9,2022-06-15 23:26:31+00:00,1.5522635762469998,4296.459744784872
-8.050802,-34.947697,15.9,2022-06-15 23:26:32+00:00,3.6762072128300285,4300.135951997702
-8.050814,-34.947698,15.9,2022-06-15 23:26:33+00:00,1.3317225091416853,4301.467674506844
-8.050846,-34.947702,15.9,2022-06-15 23:26:34+00:00,3.5664341806791344,4305.034108687522
-8.050856,-34.947704,15.9,2022-06-15 23:26:35+00:00,1.127719402045952,4306.161828089568
-8.05089,-34.947709,15.9,2022-06-15 23:26:36+00:00,3.80044263768121,4309.962270727249
-8.050902,-34.94771,15.9,2022-06-15 23:26:37+00:00,1.3317225124520564,4311.293993239701
-8.050935,-34.947713,15.9,2022-06-15 23:26:38+00:00,3.664620802127114,4314.958614041829
-8.050946,-34.947714,15.9,2022-06-15 23:26:39+00:00,1.2215402680463812,4316.180154309875
-8.050981,-34.947717,15.9,2022-06-15 23:26:40+00:00,3.884961783004326,4320.06511609288
-8.050993,-34.947718,15.9,2022-06-15 23:26:41+00:00,1.331722516179771,4321.39683860906
-8.05103,-34.947722,15.9,2022-06-15 23:26:42+00:00,4.115740063402757,4325.512578672463
-8.051045,-34.947724,15.9,2022-06-15 23:26:43+00:00,1.6735253408133524,4327.186104013276
-8.051077,-34.947728,15.9,2022-06-15 23:26:44+00:00,3.5664341890885645,4330.752538202365
-8.051087,-34.947729,15.9,2022-06-15 23:26:45+00:00,1.1114402293714272,4331.8639784317365
-8.051123,-34.947732,15.9,2022-06-15 23:26:46+00:00,3.9951675635906887,4335.859145995327
-8.051134,-34.947733,15.9,2022-06-15 23:26:47+00:00,1.2215402744145034,4337.080686269741
-8.051158,-34.947735,15.9,2022-06-15 23:26:48+00:00,2.6634450455747243,4339.744131315316
-8.051186,-34.947741,15.9,2022-06-15 23:26:50+00:00,3.1665290859892052,4342.910660401305
-8.051227,-34.947753,15.9,2022-06-15 23:26:51+00:00,4.723431999137784,4347.634092400443
-8.051247,-34.94776,15.9,2022-06-15 23:26:52+00:00,2.3426420462405595,4349.976734446683
-8.05129,-34.947776,15.9,2022-06-15 23:26:54+00:00,5.0721355969546895,4355.048870043637
-8.051313,-34.947786,15.9,2022-06-15 23:26:55+00:00,2.772275392102484,4357.82114543574
-8.051346,-34.947799,15.9,2022-06-15 23:26:56+00:00,3.9209094678809833,4361.742054903621
-8.051357,-34.947804,15.9,2022-06-15 23:26:57+00:00,1.3355797982686264,4363.077634701889
-8.051386,-34.947813,15.9,2022-06-15 23:26:58+00:00,3.357212368799331,4366.434847070688
-8.051397,-34.947816,15.9,2022-06-15 23:26:59+00:00,1.2607001595300134,4367.695547230218
-8.051443,-34.947826,15.9,2022-06-15 23:27:01+00:00,5.205466634884652,4372.901013865103
-8.051458,-34.947828,15.9,2022-06-15 23:27:02+00:00,1.6735253446029634,4374.574539209706
-8.051474,-34.947831,15.9,2022-06-15 23:27:03+00:00,1.8001710616479158,4376.374710271354
-8.051508,-34.947834,15.9,2022-06-15 23:27:04+00:00,3.7747789090717743,4380.149489180426
-8.05152,-34.947835,15.9,2022-06-15 23:27:05+00:00,1.3317225384931322,4381.481211718919
-8.051555,-34.947833,15.9,2022-06-15 23:27:06+00:00,3.8771350227400454,4385.358346741659
-8.051566,-34.947833,15.9,2022-06-15 23:27:07+00:00,1.2165566821371678,4386.574903423796
-8.0516,-34.947834,15.9,2022-06-15 23:27:08+00:00,3.7618814110930585,4390.336784834889
-8.051611,-34.947834,15.9,2022-06-15 23:27:09+00:00,1.2165566847891867,4391.553341519678
-8.051647,-34.94784,15.9,2022-06-15 23:27:10+00:00,4.036016386429922,4395.589357906108
-8.051661,-34.947842,15.9,2022-06-15 23:27:11+00:00,1.5639609656745384,4397.153318871782
-8.051695,-34.947844,15.9,2022-06-15 23:27:12+00:00,3.7667231664093643,4400.920042038191
-8.051705,-34.947845,15.9,2022-06-15 23:27:13+00:00,1.1114402454429955,4402.031482283634
-8.051741,-34.94785,15.9,2022-06-15 23:27:14+00:00,4.019424413612274,4406.050906697246
-8.051753,-34.947852,15.9,2022-06-15 23:27:15+00:00,1.3453387921670672,4407.396245489414
-8.051788,-34.947859,15.9,2022-06-15 23:27:16+00:00,3.947017738447069,4411.343263227861
-8.051798,-34.94786,15.9,2022-06-15 23:27:17+00:00,1.1114402483537806,4412.4547034762145
-8.051826,-34.947866,15.9,2022-06-15 23:27:18+00:00,3.166528963028734,4415.621232439244
-8.051866,-34.947887,15.9,2022-06-15 23:27:20+00:00,4.992870303818868,4420.614102743062
-8.051877,-34.947896,15.9,2022-06-15 23:27:21+00:00,1.5697772710490536,4422.183880014111
-8.051889,-34.947905,15.9,2022-06-15 23:27:22+00:00,1.6569625462927253,4423.840842560404
-8.0519,-34.947918,15.9,2022-06-15 23:27:23+00:00,1.879745840583097,4425.720588400987
-8.051902,-34.947937,15.9,2022-06-15 23:27:24+00:00,2.106004679920866,4427.826593080908
-8.051887,-34.947962,15.9,2022-06-15 23:27:26+00:00,3.216542638095176,4431.043135719004
-8.051875,-34.947979,15.9,2022-06-15 23:27:27+00:00,2.2962640755097716,4433.339399794513
-8.051869,-34.947991,15.9,2022-06-15 23:27:28+00:00,1.4798667395904581,4434.819266534104
-8.051863,-34.948011,15.9,2022-06-15 23:27:29+00:00,2.3022887794312736,4437.121555313535
-8.051861,-34.948019,15.9,2022-06-15 23:27:30+00:00,0.9091523380329875,4438.030707651568
-8.051859,-34.948027,15.9,2022-06-15 23:27:31+00:00,0.9091523418852738,4438.939859993454
-8.051857,-34.948053,15.9,2022-06-15 23:27:32+00:00,2.8744850461192764,4441.814345039573
-8.051856,-34.948059,15.9,2022-06-15 23:27:33+00:00,0.6705591030311303,4442.484904142604
-8.051855,-34.948065,15.9,2022-06-15 23:27:34+00:00,0.6705591037260756,4443.15546324633
-8.051854,-34.948087,15.9,2022-06-15 23:27:35+00:00,2.4275654122286783,4445.583028658559
-8.051854,-34.948097,15.9,2022-06-15 23:27:36+00:00,1.1022930972331404,4446.685321755792
-8.051853,-34.948108,15.9,2022-06-15 23:27:37+00:00,1.2175557812953224,4447.902877537087
-8.051852,-34.948115,15.9,2022-06-15 23:27:38+00:00,0.7794908793967784,4448.682368416484
-8.05185,-34.948125,15.9,2022-06-15 23:27:39+00:00,1.1242668933937376,4449.8066353098775
-8.051847,-34.948136,15.9,2022-06-15 23:27:40+00:00,1.2570974639185113,4451.063732773796
-8.051844,-34.948146,15.9,2022-06-15 23:27:41+00:00,1.151144443325714,4452.214877217121
-8.051838,-34.94816,15.9,2022-06-15 23:27:42+00:00,1.6798309167417393,4453.894708133863
-8.051835,-34.948168,15.9,2022-06-15 23:27:43+00:00,0.9421865617444546,4454.836894695607
-8.051828,-34.948191,15.9,2022-06-15 23:27:44+00:00,2.650841105933073,4457.48773580154
-8.051826,-34.948201,15.9,2022-06-15 23:27:45+00:00,1.1242669575360735,4458.612002759076
-8.051824,-34.948211,15.9,2022-06-15 23:27:46+00:00,1.1242669624401436,4459.736269721516
-8.051822,-34.948226,15.9,2022-06-15 23:27:47+00:00,1.6681693672460798,4461.404439088762
-8.051822,-34.948247,15.9,2022-06-15 23:27:48+00:00,2.314815687209933,4463.719254775972
-8.05182,-34.948278,15.9,2022-06-15 23:27:49+00:00,3.4242603659494404,4467.143515141922
-8.051818,-34.948289,15.9,2022-06-15 23:27:50+00:00,1.2325326759563302,4468.376047817878
-8.051813,-34.948318,15.9,2022-06-15 23:27:51+00:00,3.244127043715995,4471.620174861594
-8.05181,-34.948353,15.9,2022-06-15 23:27:52+00:00,3.8722667656876695,4475.492441627282
-8.051809,-34.948364,15.9,2022-06-15 23:27:53+00:00,1.2175559117036079,4476.709997538986
-8.051805,-34.948399,15.9,2022-06-15 23:27:54+00:00,3.883306665840368,4480.593304204826
-8.051804,-34.94841,15.9,2022-06-15 23:27:55+00:00,1.2175559278380716,4481.810860132665
-8.051799,-34.948433,15.9,2022-06-15 23:27:56+00:00,2.594880299708342,4484.405740432373
-8.051789,-34.948485,15.9,2022-06-15 23:27:58+00:00,5.837646149020176,4490.243386581393
-8.051786,-34.948516,15.9,2022-06-15 23:28:00+00:00,3.4331790536843334,4493.676565635077
-8.051779,-34.948553,15.9,2022-06-15 23:28:01+00:00,4.1513111545314345,4497.827876789609
-8.051777,-34.948565,15.9,2022-06-15 23:28:02+00:00,1.3411184566751342,4499.168995246284
-8.051768,-34.948603,15.9,2022-06-15 23:28:03+00:00,4.305354886377639,4503.474350132661
-8.051765,-34.948618,15.9,2022-06-15 23:28:04+00:00,1.6864006763828776,4505.160750809044
-8.051758,-34.948646,15.9,2022-06-15 23:28:05+00:00,3.1820339190095877,4508.342784728054
-8.051754,-34.94868,15.8,2022-06-15 23:28:06+00:00,3.7738162953618244,4512.116601023416
-8.051753,-34.948691,15.8,2022-06-15 23:28:07+00:00,1.2175560757529484,4513.334157099169
-8.051746,-34.948722,15.8,2022-06-15 23:28:08+00:00,3.5037094855028923,4516.837866584671
-8.051744,-34.948733,15.8,2022-06-15 23:28:09+00:00,1.2325328929195183,4518.07039947759
-8.05174,-34.948752,15.8,2022-06-15 23:28:10+00:00,2.1405693167764097,4520.210968794367
-8.05173,-34.948798,15.8,2022-06-15 23:28:12+00:00,5.189761407244409,4525.400730201611
-8.051723,-34.948822,15.8,2022-06-15 23:28:13+00:00,2.7564534772330465,4528.1571836788435
-8.051717,-34.948844,15.8,2022-06-15 23:28:14+00:00,2.5141956629720372,4530.671379341816
-8.05171,-34.94887,15.8,2022-06-15 23:28:16+00:00,2.9686844089512148,4533.640063750767
-8.051706,-34.948903,15.8,2022-06-15 23:28:17+00:00,3.664370151659624,4537.304433902426
-8.051698,-34.948938,15.8,2022-06-15 23:28:18+00:00,3.958180110337931,4541.262614012764
-8.051695,-34.948949,15.9,2022-06-15 23:28:19+00:00,1.257097898410028,4542.519711911174
-8.051688,-34.948983,15.9,2022-06-15 23:28:20+00:00,3.8269221316633826,4546.346634042838
-8.051686,-34.948994,15.9,2022-06-15 23:28:21+00:00,1.2325330629144837,4547.579167105752
-8.051681,-34.949026,15.9,2022-06-15 23:28:22+00:00,3.5704215974947564,4551.149588703247
-8.051681,-34.949036,15.9,2022-06-15 23:28:23+00:00,1.102293564969719,4552.251882268217
-8.051677,-34.94907,15.9,2022-06-15 23:28:24+00:00,3.773816997498915,4556.025699265716
-8.051676,-34.94908,15.9,2022-06-15 23:28:25+00:00,1.1078278842012572,4557.133527149917
-8.051669,-34.949112,15.9,2022-06-15 23:28:26+00:00,3.611297106213884,4560.744824256131
-8.051666,-34.949121,15.9,2022-06-15 23:28:27+00:00,1.0460759347124031,4561.790900190844
-8.051658,-34.949155,15.9,2022-06-15 23:28:28+00:00,3.850819052533736,4565.641719243377
-8.051656,-34.949166,15.9,2022-06-15 23:28:29+00:00,1.2325331494800364,4566.874252392858
-8.051651,-34.949196,15.9,2022-06-15 23:28:30+00:00,3.352797137671117,4570.227049530528
-8.051642,-34.949238,15.9,2022-06-15 23:28:32+00:00,4.735425611286297,4574.962475141815
-8.051639,-34.949252,15.9,2022-06-15 23:28:33+00:00,1.578475226899453,4576.540950368714
-8.051637,-34.949267,15.9,2022-06-15 23:28:34+00:00,1.6681701107324263,4578.209120479447
-8.051631,-34.949301,15.9,2022-06-15 23:28:35+00:00,3.8060908564242406,4582.015211335871
-8.051629,-34.949313,15.9,2022-06-15 23:28:36+00:00,1.3411189284535974,4583.356330264324
-8.051625,-34.949349,15.9,2022-06-15 23:28:37+00:00,3.992839880505998,4587.34917014483
-8.051623,-34.949362,15.9,2022-06-15 23:28:38+00:00,1.449952721950139,4588.799122866781
-8.051619,-34.949398,15.9,2022-06-15 23:28:39+00:00,3.992839937992332,4592.791962804773
-8.051617,-34.949409,15.9,2022-06-15 23:28:40+00:00,1.2325332644502454,4594.0244960692235
-8.051611,-34.949445,15.9,2022-06-15 23:28:41+00:00,4.023356942414198,4598.047853011638
-8.051609,-34.949456,15.9,2022-06-15 23:28:42+00:00,1.2325332872285435,4599.280386298867
-8.051601,-34.949486,16.0,2022-06-15 23:28:43+00:00,3.423197235237472,4602.703583534104
-8.051599,-34.949495,16.0,2022-06-15 23:28:44+00:00,1.0164239963598436,4603.720007530464
-8.051595,-34.949534,16.0,2022-06-15 23:28:45+00:00,4.321647687510384,4608.041655217974
-8.051595,-34.949548,16.0,2022-06-15 23:28:46+00:00,1.5432113171020163,4609.584866535076
-8.051593,-34.949579,16.0,2022-06-15 23:28:47+00:00,3.424262264625275,4613.009128799701
-8.051592,-34.94959,16.0,2022-06-15 23:28:48+00:00,1.2175565553349192,4614.226685355036
-8.05159,-34.949625,16.0,2022-06-15 23:28:49+00:00,3.864363925352462,4618.091049280389
-8.051588,-34.949637,16.0,2022-06-15 23:28:50+00:00,1.3411190627208995,4619.43216834311
-8.051586,-34.949672,16.0,2022-06-15 23:28:51+00:00,3.8643639635673726,4623.296532306677
-8.051586,-34.949683,16.0,2022-06-15 23:28:52+00:00,1.2125232045448013,4624.509055511222
-8.051583,-34.949715,16.0,2022-06-15 23:28:53+00:00,3.5429101884499703,4628.051965699672
-8.051581,-34.949726,16.0,2022-06-15 23:28:54+00:00,1.2325333706580353,4629.28449907033
-8.051576,-34.949757,16.0,2022-06-15 23:28:55+00:00,3.4615652828943317,4632.746064353224
-8.051576,-34.949768,16.0,2022-06-15 23:28:56+00:00,1.2125232342845924,4633.958587587508
-8.051573,-34.949801,16.0,2022-06-15 23:28:57+00:00,3.652669823741411,4637.611257411249
-8.051572,-34.949813,16.0,2022-06-15 23:28:58+00:00,1.3273680764266873,4638.938625487676
-8.051568,-34.949846,16.0,2022-06-15 23:28:59+00:00,3.664371373299505,4642.6029968609755
-8.051566,-34.949858,16.0,2022-06-15 23:29:00+00:00,1.3411191307041626,4643.94411599168
-8.051562,-34.949893,16.0,2022-06-15 23:29:01+00:00,3.8833089510624044,4647.827424942742
-8.051561,-34.949907,16.0,2022-06-15 23:29:02+00:00,1.5471693679059997,4649.374594310648
-8.051555,-34.949942,16.0,2022-06-15 23:29:03+00:00,3.914679885509439,4653.289274196157
-8.051553,-34.949953,16.0,2022-06-15 23:29:04+00:00,1.2325334505584016,4654.521807646715
-8.051547,-34.949989,16.0,2022-06-15 23:29:05+00:00,4.023357557217044,4658.545165203933
-8.051545,-34.950001,16.0,2022-06-15 23:29:06+00:00,1.3411191980032615,4659.886284401936
-8.051539,-34.950037,16.0,2022-06-15 23:29:07+00:00,4.023357634332048,4663.9096420362675
-8.051537,-34.950048,16.0,2022-06-15 23:29:08+00:00,1.2325334971737316,4665.142175533441
-8.05153,-34.950078,16.0,2022-06-15 23:29:09+00:00,3.396293685804701,4668.538469219246
-8.051526,-34.950087,16.0,2022-06-15 23:29:10+00:00,1.086230158415075,4669.62469937766
-8.051516,-34.950136,16.0,2022-06-15 23:29:12+00:00,5.513306520946797,4675.138005898607
-8.051512,-34.950155,16.0,2022-06-15 23:29:13+00:00,2.1405704621239963,4677.278576360731
-8.051509,-34.950174,16.0,2022-06-15 23:29:14+00:00,2.1204767271465594,4679.399053087877
-8.051503,-34.950208,16.0,2022-06-15 23:29:15+00:00,3.80609201519602,4683.205145103073
-8.051501,-34.950216,16.0,2022-06-15 23:29:16+00:00,0.9091530907445559,4684.114298193817
-8.051494,-34.950249,16.0,2022-06-15 23:29:17+00:00,3.7190403860927197,4687.83333857991
-8.051492,-34.950259,16.0,2022-06-15 23:29:18+00:00,1.1242678418017722,4688.957606421712
-8.051486,-34.950306,16.0,2022-06-15 23:29:20+00:00,5.223106141483273,4694.180712563195
-8.051483,-34.950323,16.0,2022-06-15 23:29:21+00:00,1.903046104509912,4696.083758667704
-8.05148,-34.950339,16.0,2022-06-15 23:29:22+00:00,1.7946078326620476,4697.878366500367
-8.051475,-34.950364,16.0,2022-06-15 23:29:23+00:00,2.810669707725712,4700.689036208092
-8.051473,-34.950392,16.0,2022-06-15 23:29:25+00:00,3.0943393934531462,4703.783375601545
-8.051469,-34.950425,16.0,2022-06-15 23:29:26+00:00,3.66437225036084,4707.447747851906
-8.051467,-34.950436,16.0,2022-06-15 23:29:27+00:00,1.2325337025713858,4708.680281554477
-8.051457,-34.950467,16.0,2022-06-15 23:29:28+00:00,3.591629510092843,4712.271911064569
-8.051453,-34.950478,16.0,2022-06-15 23:29:29+00:00,1.2907041822391738,4713.5626152468085
-8.051438,-34.950505,16.0,2022-06-15 23:29:30+00:00,3.4073182657402605,4716.969933512549
-8.051432,-34.950514,16.0,2022-06-15 23:29:31+00:00,1.1935351599089894,4718.163468672457
-8.051413,-34.950535,16.0,2022-06-15 23:29:32+00:00,3.126331653938664,4721.289800326396
-8.051405,-34.950541,16.0,2022-06-15 23:29:33+00:00,1.1046421414528227,4722.394442467849
-8.05138,-34.950558,16.0,2022-06-15 23:29:34+00:00,3.3400872922052964,4725.734529760055
-8.05137,-34.950564,16.0,2022-06-15 23:29:35+00:00,1.2886302515136836,4727.0231600115685
-8.051339,-34.950583,16.0,2022-06-15 23:29:36+00:00,4.01756171602777,4731.040721727596
-8.051329,-34.95059,16.0,2022-06-15 23:29:37+00:00,1.3485269442504924,4732.389248671847
-8.051298,-34.950606,16.0,2022-06-15 23:29:38+00:00,3.855515143299105,4736.244763815146
-8.051287,-34.95061,16.0,2022-06-15 23:29:39+00:00,1.2939933031980733,4737.538757118345
-8.05125,-34.950616,16.0,2022-06-15 23:29:40+00:00,4.1451570723622,4741.683914190707
-8.051238,-34.950618,16.0,2022-06-15 23:29:41+00:00,1.3453388050214423,4743.029252995728
-8.051202,-34.950618,16.0,2022-06-15 23:29:42+00:00,3.981458166480461,4747.010711162208
-8.05119,-34.950617,16.0,2022-06-15 23:29:43+00:00,1.3317225252778808,4748.342433687486
-8.051156,-34.950608,16.0,2022-06-15 23:29:44+00:00,3.8889323106757687,4752.231365998162
-8.051146,-34.950607,16.0,2022-06-15 23:29:45+00:00,1.111440231496826,4753.342806229659
-8.051112,-34.950597,16.0,2022-06-15 23:29:46+00:00,3.918501627856093,4757.261307857515
-8.051101,-34.950596,16.0,2022-06-15 23:29:47+00:00,1.221540273979083,4758.482848131494
-8.051066,-34.95059,16.0,2022-06-15 23:29:48+00:00,3.9269572092649265,4762.40980534076
-8.051055,-34.950589,16.0,2022-06-15 23:29:49+00:00,1.221540272539409,4763.631345613299
-8.051023,-34.95058,16.0,2022-06-15 23:29:50+00:00,3.675491603043349,4767.3068372163425
-8.051013,-34.950576,16.0,2022-06-15 23:29:51+00:00,1.1906122954567773,4768.4974495117995
-8.050972,-34.95057,16.0,2022-06-15 23:29:52+00:00,4.582417662433693,4773.079867174233
-8.050958,-34.950568,16.0,2022-06-15 23:29:53+00:00,1.5639609672685413,4774.643828141502
-8.050931,-34.950563,16.0,2022-06-15 23:29:55+00:00,3.0365307130071373,4777.680358854509
-8.0509,-34.950558,16.0,2022-06-15 23:29:56+00:00,3.4724953624789205,4781.152854216988
-8.050867,-34.950552,16.0,2022-06-15 23:29:57+00:00,3.709111845345891,4784.861966062334
-8.050855,-34.95055,16.0,2022-06-15 23:29:58+00:00,1.3453388146694543,4786.2073048770035
-8.050822,-34.950544,16.0,2022-06-15 23:29:59+00:00,3.7091118500521625,4789.916416727056
-8.05081,-34.950541,16.0,2022-06-15 23:30:00+00:00,1.367731458093769,4791.284148185149
-8.050773,-34.950533,16.0,2022-06-15 23:30:01+00:00,4.185993693191347,4795.470141878341
-8.050759,-34.95053,16.0,2022-06-15 23:30:02+00:00,1.5832645815421638,4797.053406459883
-8.050722,-34.950525,16.0,2022-06-15 23:30:03+00:00,4.129003655969868,4801.182410115853
-8.050709,-34.950524,16.0,2022-06-15 23:30:04+00:00,1.4419681090754242,4802.6243782249285
-8.050671,-34.950519,16.0,2022-06-15 23:30:05+00:00,4.238635721241541,4806.86301394617
-8.05066,-34.950518,16.0,2022-06-15 23:30:06+00:00,1.22154025836813,4808.084554204538
-8.050625,-34.950512,16.0,2022-06-15 23:30:07+00:00,3.926957248429814,4812.011511452968
-8.050614,-34.95051,16.0,2022-06-15 23:30:08+00:00,1.2363706253538649,4813.247882078322
-8.05058,-34.950506,16.0,2022-06-15 23:30:09+00:00,3.7860281416747124,4817.033910219997
-8.050569,-34.950505,16.0,2022-06-15 23:30:10+00:00,1.2215402555081625,4818.255450475505
-8.050535,-34.9505,16.0,2022-06-15 23:30:11+00:00,3.800442642616,4822.055893118121
-8.050525,-34.950499,16.0,2022-06-15 23:30:12+00:00,1.1114402141368611,4823.167333332258
-8.05049,-34.950494,16.0,2022-06-15 23:30:13+00:00,3.909902419799267,4827.077235752057
-8.050479,-34.950491,16.0,2022-06-15 23:30:14+00:00,1.2607002999790098,4828.337936052037
-8.050447,-34.950487,16.0,2022-06-15 23:30:15+00:00,3.5664341672335382,4831.90437021927
-8.050416,-34.950481,16.0,2022-06-15 23:30:17+00:00,3.4916873644954247,4835.3960575837655
-8.050389,-34.950477,16.0,2022-06-15 23:30:18+00:00,3.018470444702545,4838.414528028468
-8.050361,-34.950473,16.0,2022-06-15 23:30:19+00:00,3.127921936217365,4841.542449964686
-8.05033,-34.95047,15.9,2022-06-15 23:30:20+00:00,3.4443888851651407,4844.986838849851
-8.050301,-34.950466,15.9,2022-06-15 23:30:21+00:00,3.237451223865852,4848.2242900737165
-8.050272,-34.950464,15.9,2022-06-15 23:30:22+00:00,3.2148535417127597,4851.439143615429
-8.050241,-34.950463,15.9,2022-06-15 23:30:23+00:00,3.430249257195841,4854.869392872625
-8.050214,-34.95046,15.9,2022-06-15 23:30:24+00:00,3.004348457837792,4857.873741330463
-8.050177,-34.950456,15.9,2022-06-15 23:30:25+00:00,4.115739996278745,4861.989481326742
-8.050166,-34.950455,15.9,2022-06-15 23:30:26+00:00,1.221540241709361,4863.2110215684515
-8.050132,-34.95045,15.9,2022-06-15 23:30:27+00:00,3.8004426481478735,4867.011464216599
-8.050121,-34.950449,15.9,2022-06-15 23:30:28+00:00,1.2215402401124535,4868.233004456712
-8.050086,-34.950442,15.9,2022-06-15 23:30:29+00:00,3.947018047535197,4872.180022504247
-8.050074,-34.950439,15.9,2022-06-15 23:30:30+00:00,1.3677315566500277,4873.547754060897
-8.050037,-34.950435,15.9,2022-06-15 23:30:31+00:00,4.115739984824774,4877.663494045722
-8.050023,-34.950434,15.9,2022-06-15 23:30:32+00:00,1.5522635357795098,4879.215757581501
-8.04999,-34.950429,15.9,2022-06-15 23:30:33+00:00,3.691050623535525,4882.906808205036
-8.049979,-34.950427,15.9,2022-06-15 23:30:34+00:00,1.2363706493334714,4884.14317885437
-8.049951,-34.950424,15.9,2022-06-15 23:30:35+00:00,3.1142962855026055,4887.257475139872
-8.049916,-34.950421,15.9,2022-06-15 23:30:36+00:00,3.8849616611734348,4891.142436801046
-8.049905,-34.95042,15.9,2022-06-15 23:30:37+00:00,1.2215402326614877,4892.363977033708
-8.049873,-34.950418,15.9,2022-06-15 23:30:38+00:00,3.5459336006979494,4895.909910634406
-8.049862,-34.950417,15.9,2022-06-15 23:30:39+00:00,1.2215402312809274,4897.131450865687
-8.049843,-34.95042,15.9,2022-06-15 23:30:40+00:00,2.1271864872529327,4899.25863735294
-8.049823,-34.950437,15.9,2022-06-15 23:30:42+00:00,2.8989867665852747,4902.157624119525
-8.049826,-34.950448,15.9,2022-06-15 23:30:43+00:00,1.2571032595521285,4903.414727379078
-8.049818,-34.950446,15.9,2022-06-15 23:30:44+00:00,0.9118210604807253,4904.326548439559
-8.049812,-34.950444,15.9,2022-06-15 23:30:45+00:00,0.6992395984880435,4905.025788038047
-8.049813,-34.950441,15.9,2022-06-15 23:30:46+00:00,0.34869340191666426,4905.374481439963
-8.049813,-34.950436,15.9,2022-06-15 23:30:47+00:00,0.5511493070119673,4905.925630746975
-8.049805,-34.95043,15.9,2022-06-15 23:30:48+00:00,1.1046436411964216,4907.030274388171
-8.049795,-34.950427,15.9,2022-06-15 23:30:49+00:00,1.1543414970379209,4908.1846158852095
-8.049784,-34.950424,15.9,2022-06-15 23:30:50+00:00,1.2607004080598623,4909.44531629327
-8.049767,-34.950419,16.0,2022-06-15 23:30:51+00:00,1.9592512098699482,4911.404567503139
-8.049755,-34.950417,16.0,2022-06-15 23:30:52+00:00,1.3453388422127948,4912.749906345352
-8.049738,-34.950419,16.0,2022-06-15 23:30:53+00:00,1.8930140469555308,4914.642920392308
-8.049729,-34.950421,16.0,2022-06-15 23:30:54+00:00,1.019486604238574,4915.662406996546
-8.049716,-34.95042,16.0,2022-06-15 23:30:56+00:00,1.4419680608192245,4917.104375057365
-8.049704,-34.950417,16.0,2022-06-15 23:30:57+00:00,1.367731605618788,4918.4721066629845
-8.049682,-34.950414,16.0,2022-06-15 23:30:58+00:00,2.4554826884712564,4920.927589351456
-8.049672,-34.950415,16.0,2022-06-15 23:31:00+00:00,1.111440192070702,4922.039029543526
-8.049662,-34.950416,16.0,2022-06-15 23:31:01+00:00,1.111440191184742,4923.150469734711
-8.049651,-34.950417,16.0,2022-06-15 23:31:02+00:00,1.2215402239290813,4924.37200995864
-8.049641,-34.950418,16.0,2022-06-15 23:31:03+00:00,1.1114401908059943,4925.483450149446
-8.049631,-34.950419,16.0,2022-06-15 23:31:04+00:00,1.11144019062629,4926.594890340072
-8.049627,-34.95042,16.0,2022-06-15 23:31:05+00:00,0.4559105391367529,4927.0508008792085
-8.049627,-34.950424,16.0,2022-06-15 23:31:06+00:00,0.44091964686915086,4927.491720526078
-8.049628,-34.95043,16.0,2022-06-15 23:31:07+00:00,0.6705626663295428,4928.162283192408
-8.049631,-34.950435,16.0,2022-06-15 23:31:08+00:00,0.6433111317258277,4928.805594324133
-8.049636,-34.950442,16.0,2022-06-15 23:31:09+00:00,0.9492987868416146,4929.754893110975
