latitude,longitude,elevation,timestamp,distance,distance_cumulative
-8.05331999,-34.94960667,,2022-08-28 16:18:28+00:00,0.0,0.0
-8.05333466,-34.949615,,2022-08-28 16:18:29+00:00,1.8642503904114684,1.8642503904114684
-8.05333598,-34.94963199,,2022-08-28 16:18:30+00:00,1.8784704988550205,3.742720889266489
-8.05333565,-34.94964765,,2022-08-28 16:18:31+00:00,1.7265704981987173,5.469291387465207
-8.05333499,-34.94965698,,2022-08-28 16:18:32+00:00,1.0310228277449471,6.500314215210154
-8.05333166,-34.9496583,,2022-08-28 16:18:33+00:00,0.39598568110722865,6.896299896317383
-8.05333066,-34.94965765,,2022-08-28 16:18:34+00:00,0.13177647923977137,7.028076375557155
-8.05333366,-34.94965797,,2022-08-28 16:18:35+00:00,0.33365794113441477,7.361734316691569
-8.05333598,-34.94965297,,2022-08-28 16:18:36+00:00,0.6079433263707457,7.969677643062315
-8.05333897,-34.94964831,,2022-08-28 16:18:37+00:00,0.6109044496417384,8.580582092704054
-8.05334097,-34.94964232,,2022-08-28 16:18:38+00:00,0.6963361019893121,9.276918194693366
-8.05334229,-34.94963532,,2022-08-28 16:18:39+00:00,0.7852912459981737,10.06220944069154
-8.0533413,-34.94962633,,2022-08-28 16:18:40+00:00,0.996988266133074,11.059197706824614
-8.0533403,-34.94961734,,2022-08-28 16:18:41+00:00,0.9971103303258289,12.056308037150442
-8.0533403,-34.94960701,,2022-08-28 16:18:42+00:00,1.1386646186022427,13.194972655752686
-8.05333898,-34.94959701,,2022-08-28 16:18:43+00:00,1.1119142823152544,14.30688693806794
-8.05333799,-34.94958702,,2022-08-28 16:18:44+00:00,1.1066166624589466,15.413503600526887
-8.05333866,-34.94957503,,2022-08-28 16:18:45+00:00,1.323720210739437,16.737223811266325
-8.05334031,-34.94956236,,2022-08-28 16:18:46+00:00,1.4084717011789432,18.14569551244527
-8.05334264,-34.94955004,,2022-08-28 16:18:47+00:00,1.3822525988912864,19.527948111336556
-8.05334564,-34.94953671,,2022-08-28 16:18:48+00:00,1.5063454941621173,21.034293605498675
-8.05334764,-34.94952537,,2022-08-28 16:18:49+00:00,1.2694153987209635,22.303709004219638
-8.0533473,-34.94951372,,2022-08-28 16:18:50+00:00,1.2847171716802885,23.588426175899926
-8.05334864,-34.94949939,,2022-08-28 16:18:51+00:00,1.5865171081811376,25.174943284081063
-8.05335129,-34.94948539,,2022-08-28 16:18:52+00:00,1.5707884357503188,26.745731719831383
-8.05335329,-34.94947273,,2022-08-28 16:18:53+00:00,1.4129191210403929,28.158650840871776
-8.05335596,-34.9494604,,2022-08-28 16:18:54+00:00,1.3908309522043942,29.54948179307617
-8.05335662,-34.9494474,,2022-08-28 16:18:55+00:00,1.434833623913843,30.98431541699001
-8.05335728,-34.94943575,,2022-08-28 16:18:56+00:00,1.2862395635933541,32.27055498058336
-8.05335794,-34.94942342,,2022-08-28 16:18:57+00:00,1.3610810671266553,33.63163604771002
-8.05335926,-34.94940976,,2022-08-28 16:18:58+00:00,1.5127872914075837,35.1444233391176
-8.0533606,-34.94939576,,2022-08-28 16:18:59+00:00,1.550304296932443,36.69472763605005
-8.05336359,-34.9493811,,2022-08-28 16:19:00+00:00,1.6494434185730584,38.344171054623104
-8.05336725,-34.9493671,,2022-08-28 16:19:01+00:00,1.595408613276192,39.939579667899295
-8.05337091,-34.94935343,,2022-08-28 16:19:02+00:00,1.5602506176792745,41.49983028557857
-8.05337323,-34.94933911,,2022-08-28 16:19:03+00:00,1.5991957556188616,43.09902604119743
-8.05337423,-34.94932445,,2022-08-28 16:19:04+00:00,1.6197358347610729,44.718761875958506
-8.05337556,-34.94931012,,2022-08-28 16:19:05+00:00,1.5864140779929858,46.30517595395149
-8.05337756,-34.94929513,,2022-08-28 16:19:06+00:00,1.667070573757534,47.972246527709025
-8.05338021,-34.94927981,,2022-08-28 16:19:07+00:00,1.713950406845175,49.686196934554204
-8.05338455,-34.94926447,,2022-08-28 16:19:08+00:00,1.7577168151596445,51.44391374971385
-8.05338887,-34.94924982,,2022-08-28 16:19:09+00:00,1.684048756385981,53.127962506099834
-8.05339253,-34.94923615,,2022-08-28 16:19:10+00:00,1.560250540942259,54.68821304704209
-8.05339553,-34.94922316,,2022-08-28 16:19:11+00:00,1.4698110888398639,56.15802413588195
-8.05339852,-34.94921016,,2022-08-28 16:19:12+00:00,1.4706358614147623,57.628659997296715
-8.05339984,-34.94919649,,2022-08-28 16:19:13+00:00,1.5138842893188977,59.14254428661561
-8.05340217,-34.94918217,,2022-08-28 16:19:14+00:00,1.5993734631114782,60.74191774972709
-8.0534045,-34.94916751,,2022-08-28 16:19:15+00:00,1.6363727713346674,62.37829052106176
-8.05340615,-34.94915285,,2022-08-28 16:19:16+00:00,1.6262264645234892,64.00451698558524
-8.05340682,-34.94913886,,2022-08-28 16:19:17+00:00,1.5438814145494597,65.5483984001347
-8.05340649,-34.94912619,,2022-08-28 16:19:18+00:00,1.3970768294467972,66.9454752295815
-8.0534055,-34.94911487,,2022-08-28 16:19:19+00:00,1.2525855462675306,68.19806077584903
-8.05340317,-34.94910387,,2022-08-28 16:19:20+00:00,1.239597897813903,69.43765867366294
-8.05340151,-34.94909221,,2022-08-28 16:19:21+00:00,1.2983147399882384,70.73597341365118
-8.05340084,-34.94907955,,2022-08-28 16:19:22+00:00,1.397463677707266,72.13343709135845
-8.05340217,-34.94906555,,2022-08-28 16:19:23+00:00,1.550198809896929,73.68363590125537
-8.0534085,-34.94905322,,2022-08-28 16:19:24+00:00,1.5288281772730825,75.21246407852846
-8.05341815,-34.94904289,,2022-08-28 16:19:25+00:00,1.5606356665426413,76.7730997450711
-8.05343014,-34.94903556,,2022-08-28 16:19:26+00:00,1.5528130602600356,78.32591280533113
-8.05344414,-34.94902924,,2022-08-28 16:19:27+00:00,1.6978482437233313,80.02376104905446
-8.05345948,-34.94902524,,2022-08-28 16:19:28+00:00,1.7529024998525717,81.77666354890702
-8.05347547,-34.94902291,,2022-08-28 16:19:29+00:00,1.7869841144791723,83.56364766338619
-8.05349047,-34.94902158,,2022-08-28 16:19:30+00:00,1.6654063685318492,85.22905403191804
-8.05350379,-34.94902093,,2022-08-28 16:19:31+00:00,1.4748810378129773,86.70393506973102
-8.05351612,-34.94902292,,2022-08-28 16:19:32+00:00,1.3811795564751959,88.0851146262062
-8.05353045,-34.94902692,,2022-08-28 16:19:33+00:00,1.6450318222008196,89.73014644840703
-8.05354544,-34.94903024,,2022-08-28 16:19:34+00:00,1.6977467088867135,91.42789315729374
-8.05356043,-34.94903457,,2022-08-28 16:19:35+00:00,1.7251735978934226,93.15306675518715
-8.05357543,-34.9490389,,2022-08-28 16:19:36+00:00,1.726236413583173,94.87930316877032
-8.05359042,-34.94904489,,2022-08-28 16:19:37+00:00,1.7844816644330996,96.66378483320342
-8.05360607,-34.94904922,,2022-08-28 16:19:38+00:00,1.7954314284326378,98.45921626163606
-8.05362074,-34.94905221,,2022-08-28 16:19:39+00:00,1.6555819392593487,100.11479820089541
-8.05363573,-34.9490552,,2022-08-28 16:19:40+00:00,1.69027899617025,101.80507719706566
-8.0536524,-34.94906087,,2022-08-28 16:19:41+00:00,1.9466939914938817,103.75177118855954
-8.05366739,-34.94906819,,2022-08-28 16:19:42+00:00,1.8437636968112225,105.59553488537077
-8.05367905,-34.94907752,,2022-08-28 16:19:43+00:00,1.6494296112747668,107.24496449664554
-8.05369239,-34.94908552,,2022-08-28 16:19:44+00:00,1.7188040782173999,108.96376857486294
-8.05370571,-34.94909185,,2022-08-28 16:19:45+00:00,1.6300286396178463,110.59379721448079
-8.05371903,-34.94909685,,2022-08-28 16:19:46+00:00,1.5728637332781774,112.16666094775897
-8.05373336,-34.9491015,,2022-08-28 16:19:47+00:00,1.665666567949963,113.83232751570894
-8.05374668,-34.94910584,,2022-08-28 16:19:48+00:00,1.548870697022298,115.38119821273123
-8.05376035,-34.9491105,,2022-08-28 16:19:49+00:00,1.5967273790677143,116.97792559179895
-8.053772,-34.94911649,,2022-08-28 16:19:50+00:00,1.4477726701125084,118.42569826191146
-8.05378334,-34.94912315,,2022-08-28 16:19:51+00:00,1.4532218207465153,119.87892008265798
-8.053794,-34.94913082,,2022-08-28 16:19:52+00:00,1.4507676217797978,121.32968770443779
-8.05380499,-34.94913882,,2022-08-28 16:19:53+00:00,1.5016475626475712,122.83133526708536
-8.05381698,-34.94914581,,2022-08-28 16:19:54+00:00,1.533645799079393,124.36498106616476
-8.05382965,-34.94915246,,2022-08-28 16:19:55+00:00,1.5814007153895102,125.94638178155427
-8.05384265,-34.9491588,,2022-08-28 16:19:56+00:00,1.5985975116872002,127.54497929324147
-8.05385532,-34.94916579,,2022-08-28 16:19:57+00:00,1.5991174978957556,129.14409679113723
-8.05386764,-34.94917379,,2022-08-28 16:19:58+00:00,1.6230063307981124,130.76710312193535
-8.05387931,-34.94918179,,2022-08-28 16:19:59+00:00,1.563143543565072,132.33024666550043
-8.05388964,-34.94918811,,2022-08-28 16:20:00+00:00,1.338104760606323,133.66835142610674
-8.0538993,-34.94919378,,2022-08-28 16:20:01+00:00,1.2377440406455975,134.90609546675233
-8.05390996,-34.94920178,,2022-08-28 16:20:02+00:00,1.4722625866588983,136.37835805341123
-8.05392295,-34.94920978,,2022-08-28 16:20:03+00:00,1.685694905678576,138.06405295908982
-8.05393661,-34.94921744,,2022-08-28 16:20:04+00:00,1.7306857605916923,139.7947387196815
-8.05395094,-34.94922477,,2022-08-28 16:20:05+00:00,1.7789181334293087,141.5736568531108
-8.05396627,-34.94923143,,2022-08-28 16:20:06+00:00,1.847551518972451,143.42120837208324
-8.0539816,-34.94923709,,2022-08-28 16:20:07+00:00,1.8065862743563759,145.2277946464396
-8.0539956,-34.94924276,,2022-08-28 16:20:08+00:00,1.6697285823634809,146.8975232288031
-8.05400993,-34.94924942,,2022-08-28 16:20:09+00:00,1.7466139993929044,148.644137228196
-8.05402459,-34.94925608,,2022-08-28 16:20:10+00:00,1.7797964602276974,150.4239336884237
-8.05403859,-34.94926275,,2022-08-28 16:20:11+00:00,1.7140388105905346,152.1379724990142
-8.05405359,-34.9492694,,2022-08-28 16:20:12+00:00,1.8136718041779263,153.95164430319213
-8.05406991,-34.9492774,,2022-08-28 16:20:13+00:00,2.008827651831728,155.96047195502385
-8.05408658,-34.94928574,,2022-08-28 16:20:14+00:00,2.0601266909793328,158.02059864600318
-8.05410224,-34.94929439,,2022-08-28 16:20:15+00:00,1.9770478277018737,159.99764647370506
-8.05411556,-34.94930206,,2022-08-28 16:20:16+00:00,1.6985091536549946,161.69615562736004
-8.05412823,-34.94930838,,2022-08-28 16:20:17+00:00,1.564871468723177,163.2610270960832
-8.05414188,-34.94931504,,2022-08-28 16:20:18+00:00,1.6786717623282872,164.9396988584115
-8.05415455,-34.94932103,,2022-08-28 16:20:19+00:00,1.5490204101262361,166.48871926853775
-8.05416722,-34.94932702,,2022-08-28 16:20:20+00:00,1.5490204025049112,168.03773967104266
-8.05417987,-34.94933335,,2022-08-28 16:20:21+00:00,1.5633827404864546,169.6011224115291
-8.05419287,-34.94934101,,2022-08-28 16:20:22+00:00,1.6673487691415623,171.26847118067067
-8.05420486,-34.94934834,,2022-08-28 16:20:23+00:00,1.5528123042768267,172.8212834849475
-8.0542162,-34.94935601,,2022-08-28 16:20:24+00:00,1.512517236829895,174.33380072177738
-8.05422652,-34.949365,,2022-08-28 16:20:25+00:00,1.511514651261647,175.84531537303903
-8.05423718,-34.94937366,,2022-08-28 16:20:26+00:00,1.5169562967535817,177.36227166979262
-8.05424884,-34.94938265,,2022-08-28 16:20:27+00:00,1.626325005563719,178.98859667535635
-8.05426151,-34.94939231,,2022-08-28 16:20:28+00:00,1.7599221254348716,180.74851880079123
-8.05427518,-34.94940164,,2022-08-28 16:20:29+00:00,1.828485897847101,182.57700469863832
-8.05428783,-34.94941029,,2022-08-28 16:20:30+00:00,1.6930546268969429,184.27005932553527
-8.05430082,-34.94941796,,2022-08-28 16:20:31+00:00,1.6669538826305814,185.93701320816587
-8.05431416,-34.94942462,,2022-08-28 16:20:32+00:00,1.6479073991788256,187.58492060734469
-8.05432715,-34.94942962,,2022-08-28 16:20:33+00:00,1.5387339150756254,189.1236545224203
-8.05434048,-34.94943495,,2022-08-28 16:20:34+00:00,1.5870030118739467,190.71065753429426
-8.0543528,-34.94944328,,2022-08-28 16:20:35+00:00,1.6430535042386691,192.35371103853294
-8.05436414,-34.94945294,,2022-08-28 16:20:36+00:00,1.6452153116798898,193.99892635021283
-8.05437679,-34.94946227,,2022-08-28 16:20:37+00:00,1.7363722628220455,195.73529861303487
-8.05439013,-34.9494706,,2022-08-28 16:20:38+00:00,1.7377462323724266,197.4730448454073
-8.05440312,-34.94947793,,2022-08-28 16:20:39+00:00,1.6482621542574296,199.1213069996647
-8.05441612,-34.94948425,,2022-08-28 16:20:40+00:00,1.5976345885095657,200.7189415881743
-8.05442845,-34.94948992,,2022-08-28 16:20:41+00:00,1.5000535440309255,202.2189951322052
-8.05444144,-34.94949625,,2022-08-28 16:20:42+00:00,1.5971206208299384,203.81611575303515
-8.05445444,-34.94950459,,2022-08-28 16:20:43+00:00,1.7065306387582302,205.5226463917934
-8.05446676,-34.94951324,,2022-08-28 16:20:44+00:00,1.6630226950370957,207.18566908683047
-8.05447909,-34.94952158,,2022-08-28 16:20:45+00:00,1.644586526390385,208.83025561322086
-8.05449109,-34.94952923,,2022-08-28 16:20:46+00:00,1.5723878045441944,210.40264341776506
-8.05450208,-34.94953657,,2022-08-28 16:20:47+00:00,1.4601122922634433,211.8627557100285
-8.05451207,-34.94954356,,2022-08-28 16:20:48+00:00,1.346985939839437,213.20974164986794
-8.0545214,-34.94955056,,2022-08-28 16:20:49+00:00,1.288450511199918,214.49819216106786
-8.05453272,-34.94955721,,2022-08-28 16:20:50+00:00,1.4507554140205567,215.94894757508843
-8.05454572,-34.94956455,,2022-08-28 16:20:51+00:00,1.6497663837204435,217.59871395880887
-8.05455938,-34.94957221,,2022-08-28 16:20:52+00:00,1.7306851714391125,219.329399130248
-8.0545737,-34.94958087,,2022-08-28 16:20:53+00:00,1.8491731055020821,221.17857223575007
-8.0545887,-34.9495892,,2022-08-28 16:20:54+00:00,1.8960971537716746,223.07466938952174
-8.05460336,-34.94959754,,2022-08-28 16:20:55+00:00,1.863830077502485,224.93849946702423
-8.05461836,-34.94960653,,2022-08-28 16:20:56+00:00,1.9323760572837438,226.87087552430796
-8.05463302,-34.94961419,,2022-08-28 16:20:57+00:00,1.828022645828819,228.69889817013677
-8.05464868,-34.94962152,,2022-08-28 16:20:58+00:00,1.9111309571737707,230.61002912731055
-8.05466401,-34.94962784,,2022-08-28 16:20:59+00:00,1.8329820274773438,232.4430111547879
-8.05468067,-34.94963517,,2022-08-28 16:21:00+00:00,2.0119004169306827,234.45491157171858
-8.05469767,-34.94964251,,2022-08-28 16:21:01+00:00,2.0468287146240915,236.50174028634268
-8.05471433,-34.94964983,,2022-08-28 16:21:02+00:00,2.011457970683759,238.51319825702643
-8.05473033,-34.94965783,,2022-08-28 16:21:03+00:00,1.9770895861684445,240.49028784319486
-8.05474532,-34.9496655,,2022-08-28 16:21:04+00:00,1.8609696706689611,242.35125751386383
-8.05475864,-34.94967249,,2022-08-28 16:21:05+00:00,1.6624701602592498,244.0137276741231
-8.05477131,-34.94967982,,2022-08-28 16:21:06+00:00,1.617507894968596,245.63123556909167
-8.05478364,-34.94968681,,2022-08-28 16:21:07+00:00,1.5662715457532375,247.1975071148449
-8.0547953,-34.94969414,,2022-08-28 16:21:08+00:00,1.521763310779495,248.71927042562442
-8.0548063,-34.94970214,,2022-08-28 16:21:09+00:00,1.5025416569536691,250.22181208257808
-8.05481762,-34.94970947,,2022-08-28 16:21:10+00:00,1.4900323509803253,251.7118444335584
-8.05482729,-34.94971647,,2022-08-28 16:21:11+00:00,1.3187567259173056,253.0306011594757
-8.05483728,-34.94972413,,2022-08-28 16:21:12+00:00,1.3905508652782852,254.42115202475398
-8.05484828,-34.94973046,,2022-08-28 16:21:13+00:00,1.4024481068825692,255.82360013163654
-8.05485994,-34.94973678,,2022-08-28 16:21:14+00:00,1.4656919754978013,257.2892921071343
-8.05487227,-34.9497431,,2022-08-28 16:21:15+00:00,1.5312914136554643,258.8205835207898
-8.05488559,-34.94975077,,2022-08-28 16:21:16+00:00,1.698508406078459,260.51909192686827
-8.05489925,-34.9497591,,2022-08-28 16:21:17+00:00,1.7678914185049082,262.2869833453732
-8.05491325,-34.94976744,,2022-08-28 16:21:18+00:00,1.800693011547854,264.08767635692107
-8.05492657,-34.94977577,,2022-08-28 16:21:19+00:00,1.735868090754758,265.82354444767583
-8.0549389,-34.94978377,,2022-08-28 16:21:20+00:00,1.623933717039151,267.447478164715
-8.05495156,-34.94979043,,2022-08-28 16:21:21+00:00,1.5809315126923347,269.02840967740735
-8.05496455,-34.94979675,,2022-08-28 16:21:22+00:00,1.5966390061076041,270.62504868351493
-8.05497789,-34.94980208,,2022-08-28 16:21:23+00:00,1.5880301492389417,272.21307883275387
-8.05499189,-34.94980775,,2022-08-28 16:21:24+00:00,1.6697280801669747,273.88280691292084
-8.05500621,-34.94981508,,2022-08-28 16:21:25+00:00,1.7779320232211397,275.66073893614197
-8.05502021,-34.94982308,,2022-08-28 16:21:26+00:00,1.7818508999331448,277.4425898360751
-8.05503421,-34.94983108,,2022-08-28 16:21:27+00:00,1.7818508855164994,279.22444072159163
-8.05504787,-34.94983942,,2022-08-28 16:21:28+00:00,1.7684640062416446,280.99290472783326
-8.05506087,-34.94984807,,2022-08-28 16:21:29+00:00,1.725177931778317,282.7180826596116
-8.05507286,-34.94985673,,2022-08-28 16:21:30+00:00,1.633897303868754,284.35197996348035
-8.05508418,-34.94986473,,2022-08-28 16:21:31+00:00,1.5313368758887407,285.88331683936906
-8.05509651,-34.94987172,,2022-08-28 16:21:32+00:00,1.566271272617946,287.449588111987
-8.05511051,-34.94987872,,2022-08-28 16:21:33+00:00,1.729953092409239,289.17954120439623
-8.05512517,-34.94988671,,2022-08-28 16:21:34+00:00,1.8451058106331726,291.0246470150294
-8.0551395,-34.94989471,,2022-08-28 16:21:35+00:00,1.813654655128277,292.8383016701577
-8.05515316,-34.94990238,,2022-08-28 16:21:36+00:00,1.7312226484074726,294.5695243185652
-8.05516549,-34.94991071,,2022-08-28 16:21:37+00:00,1.6439697882576232,296.2134941068228
-8.05517683,-34.94991838,,2022-08-28 16:21:38+00:00,1.5125161718843163,297.7260102787071
-8.05518815,-34.94992603,,2022-08-28 16:21:39+00:00,1.5094498880541747,299.2354601667613
-8.05520047,-34.94993303,,2022-08-28 16:21:40+00:00,1.565851263663846,300.80131143042513
-8.05521314,-34.94993902,,2022-08-28 16:21:41+00:00,1.549019744685766,302.3503311751109
-8.05522581,-34.94994369,,2022-08-28 16:21:42+00:00,1.4928137332749585,303.84314490838585
-8.05523881,-34.94994768,,2022-08-28 16:21:43+00:00,1.5035146651085167,305.3466595734944
-8.05525146,-34.94995201,,2022-08-28 16:21:44+00:00,1.4782147580812341,306.8248743315756
-8.05526445,-34.94995634,,2022-08-28 16:21:45+00:00,1.5138520818515948,308.3387264134272
-8.05527679,-34.94996,,2022-08-28 16:21:46+00:00,1.4231368549858403,309.76186326841304
-8.05528911,-34.94996299,,2022-08-28 16:21:47+00:00,1.4018381799524262,311.1637014483655
-8.05530144,-34.94996798,,2022-08-28 16:21:48+00:00,1.4704026847821423,312.6341041331476
-8.05531278,-34.94997498,,2022-08-28 16:21:49+00:00,1.4725082956455628,314.1066124287932
-8.05532243,-34.94998364,,2022-08-28 16:21:50+00:00,1.4318679583986544,315.53848038719184
-8.05533042,-34.94999431,,2022-08-28 16:21:51+00:00,1.4711075207326871,317.0095879079245
-8.05533809,-34.95000563,,2022-08-28 16:21:52+00:00,1.5088184247767913,318.5184063327013
-8.05534509,-34.95001896,,2022-08-28 16:21:53+00:00,1.6608176727822972,320.1792240054836
-8.05535242,-34.95003229,,2022-08-28 16:21:54+00:00,1.6781408688786292,321.85736487436225
-8.05536041,-34.95004462,,2022-08-28 16:21:55+00:00,1.6211277798587556,323.478492654221
-8.05536941,-34.95005694,,2022-08-28 16:21:56+00:00,1.68373138097634,325.1622240351973
-8.05537907,-34.95006994,,2022-08-28 16:21:57+00:00,1.7873970757951423,326.94962111099244
-8.05538874,-34.95008293,,2022-08-28 16:21:58+00:00,1.787175060682505,328.73679617167494
-8.05539739,-34.95009527,,2022-08-28 16:21:59+00:00,1.66294425088086,330.3997404225558
-8.05540606,-34.95010859,,2022-08-28 16:22:00+00:00,1.753613807846546,332.15335423040233
-8.05541405,-34.95012092,,2022-08-28 16:22:01+00:00,1.6211276323477906,333.7744818627501
-8.05542238,-34.95013459,,2022-08-28 16:22:02+00:00,1.7661372750775544,335.54061913782766
-8.05542938,-34.95014991,,2022-08-28 16:22:03+00:00,1.857698814637459,337.3983179524651
-8.05543638,-34.95016558,,2022-08-28 16:22:04+00:00,1.8928372564574123,339.29115520892253
-8.05544304,-34.95018224,,2022-08-28 16:22:05+00:00,1.9786145209453416,341.26976972986785
-8.05545037,-34.95019824,,2022-08-28 16:22:06+00:00,1.941045606901269,343.2108153367691
-8.0554587,-34.95021323,,2022-08-28 16:22:07+00:00,1.8917981869864027,345.1026135237555
-8.05546703,-34.95022889,,2022-08-28 16:22:08+00:00,1.9566329383333578,347.0592464620889
-8.05547536,-34.95024456,,2022-08-28 16:22:09+00:00,1.9576054307238475,349.0168518928127
-8.05548303,-34.95025922,,2022-08-28 16:22:10+00:00,1.825061921138064,350.8419138139508
-8.05548935,-34.95027354,,2022-08-28 16:22:11+00:00,1.7263028831203449,352.56821669707114
-8.05549469,-34.95028687,,2022-08-28 16:22:12+00:00,1.5835905244098452,354.15180722148096
-8.05549934,-34.95030087,,2022-08-28 16:22:13+00:00,1.6266318097679888,355.778439031249
-8.05550301,-34.9503152,,2022-08-28 16:22:14+00:00,1.6308868971680308,357.409325928417
-8.05550667,-34.95032952,,2022-08-28 16:22:15+00:00,1.629544231503449,359.03887015992046
-8.05550999,-34.95034251,,2022-08-28 16:22:16+00:00,1.4781949682796443,360.5170651282001
-8.05551332,-34.95035451,,2022-08-28 16:22:17+00:00,1.3730529900220148,361.8901181182221
-8.05551698,-34.95036717,,2022-08-28 16:22:18+00:00,1.453011358743885,363.343129476966
-8.05552031,-34.95037983,,2022-08-28 16:22:19+00:00,1.443269756263992,364.78639923323
-8.05552298,-34.95039216,,2022-08-28 16:22:20+00:00,1.3908238969590183,366.177223130189
-8.05552397,-34.95040549,,2022-08-28 16:22:21+00:00,1.4734172268772183,367.65064035706627
-8.0555243,-34.95041815,,2022-08-28 16:22:22+00:00,1.3959676692654368,369.0466080263317
-8.05552365,-34.95043115,,2022-08-28 16:22:23+00:00,1.4347701746189554,370.48137820095064
-8.05552265,-34.95044381,,2022-08-28 16:22:24+00:00,1.3998661476099725,371.88124434856064
-8.05552132,-34.9504558,,2022-08-28 16:22:25+00:00,1.329797748295695,373.2110420968563
-8.05552099,-34.95046846,,2022-08-28 16:22:26+00:00,1.3959676794319202,374.60700977628824
-8.05552099,-34.95048179,,2022-08-28 16:22:27+00:00,1.469343479599178,376.0763532558874
-8.05552032,-34.95049645,,2022-08-28 16:22:28+00:00,1.6176451691381586,377.69399842502554
-8.05551867,-34.95051111,,2022-08-28 16:22:29+00:00,1.6262181369144766,379.32021656194
-8.055517,-34.95052444,,2022-08-28 16:22:30+00:00,1.4809060432834942,380.8011226052235
-8.05551501,-34.95053711,,2022-08-28 16:22:31+00:00,1.4138279265725902,382.2149505317961
-8.05551301,-34.9505491,,2022-08-28 16:22:31+00:00,1.3400193300597674,383.55496986185585
-8.05551169,-34.95056175,,2022-08-28 16:22:32+00:00,1.402009541589961,384.9569794034458
-8.05551002,-34.95057509,,2022-08-28 16:22:33+00:00,1.481999750746283,386.4389791541921
-8.0555087,-34.95058974,,2022-08-28 16:22:34+00:00,1.6214303017663059,388.0604094559584
-8.05550671,-34.95060541,,2022-08-28 16:22:35+00:00,1.7412428146836365,389.801652270642
-8.05550504,-34.95062141,,2022-08-28 16:22:36+00:00,1.7732977355888973,391.5749500062309
-8.05550372,-34.95063607,,2022-08-28 16:22:37+00:00,1.6225281317714342,393.19747813800234
-8.05550206,-34.95065007,,2022-08-28 16:22:38+00:00,1.5540787024550418,394.7515568404574
-8.05550107,-34.95066407,,2022-08-28 16:22:39+00:00,1.5470758249283236,396.2986326653857
-8.05550139,-34.9506774,,2022-08-28 16:22:40+00:00,1.4697697015497753,397.76840236693545
-8.05550273,-34.95069206,,2022-08-28 16:22:41+00:00,1.622728653045443,399.3911310199809
-8.05550439,-34.95070738,,2022-08-28 16:22:42+00:00,1.6986482039983568,401.08977922397924
-8.05550472,-34.95072437,,2022-08-28 16:22:43+00:00,1.8731347907166767,402.9629140146959
-8.05550372,-34.95074237,,2022-08-28 16:22:44+00:00,1.9871897796889717,404.95010379438486
-8.05550172,-34.95076003,,2022-08-28 16:22:45+00:00,1.9591587059383961,406.9092625003233
-8.05549906,-34.95077603,,2022-08-28 16:22:46+00:00,1.788020607391613,408.6972831077149
-8.05549673,-34.95079135,,2022-08-28 16:22:47+00:00,1.7082459569929251,410.4055290647078
-8.05549474,-34.95080601,,2022-08-28 16:22:48+00:00,1.6308658532590832,412.0363949179669
-8.05549407,-34.95082001,,2022-08-28 16:22:49+00:00,1.544974537463727,413.5813694554306
-8.0554924,-34.950835,,2022-08-28 16:22:50+00:00,1.6626131209448967,415.2439825763755
-8.05548908,-34.95084966,,2022-08-28 16:22:51+00:00,1.657137885861425,416.9011204622369
-8.05548408,-34.95086432,,2022-08-28 16:22:52+00:00,1.707944071883683,418.6090645341206
-8.05547909,-34.95087998,,2022-08-28 16:22:53+00:00,1.8122493521585514,420.42131388627917
-8.05547576,-34.95089598,,2022-08-28 16:22:54+00:00,1.8016955043274692,422.22300939060665
-8.05547343,-34.95091131,,2022-08-28 16:22:55+00:00,1.7093357306226016,423.9323451212293
-8.05547211,-34.95092497,,2022-08-28 16:22:56+00:00,1.5127795195998137,425.4451246408291
-8.05547145,-34.95093663,,2022-08-28 16:22:57+00:00,1.287333418365817,426.73245805919487
-8.05547244,-34.95094662,,2022-08-28 16:22:58+00:00,1.1066109295068798,427.83906898870174
-8.05547244,-34.95095229,,2022-08-28 16:22:59+00:00,0.6249946372964155,428.46406362599816
-8.05547277,-34.95095796,,2022-08-28 16:23:00+00:00,0.6260593476100572,429.09012297360823
-8.0554731,-34.95096529,,2022-08-28 16:23:01+00:00,0.8087975364211116,429.89892051002937
-8.05547576,-34.95097596,,2022-08-28 16:23:02+00:00,1.2123702931193774,431.11129080314873
-8.05547776,-34.95098895,,2022-08-28 16:23:03+00:00,1.4488499705686428,432.56014077371736
-8.05547876,-34.95100327,,2022-08-28 16:23:04+00:00,1.582339415542445,434.1424801892598
-8.0554771,-34.95101727,,2022-08-28 16:23:05+00:00,1.5540787942842638,435.69655898354404
-8.05547343,-34.95103027,,2022-08-28 16:23:06+00:00,1.4893431095874088,437.18590209313146
-8.05547144,-34.95104293,,2022-08-28 16:23:07+00:00,1.4127392396232945,438.59864133275477
-8.05547012,-34.95105559,,2022-08-28 16:23:08+00:00,1.4031059789672244,440.001747311722
-8.05546812,-34.95106859,,2022-08-28 16:23:09+00:00,1.449939369538113,441.4516866812601
-8.05546512,-34.95108259,,2022-08-28 16:23:10+00:00,1.5784610767082874,443.0301477579684
-8.05546146,-34.95109558,,2022-08-28 16:23:11+00:00,1.487981382329937,444.51812914029836
-8.0554568,-34.95110757,,2022-08-28 16:23:12+00:00,1.4185698864173153,445.93669902671564
-8.05545047,-34.95111891,,2022-08-28 16:23:13+00:00,1.4326813414399253,447.3693803681556
-8.05544447,-34.95113057,,2022-08-28 16:23:14+00:00,1.4464554115871442,448.8158357797427
-8.05544114,-34.95114256,,2022-08-28 16:23:15+00:00,1.3719913454997914,450.1878271252425
-8.05543882,-34.95115623,,2022-08-28 16:23:16+00:00,1.528510891801431,451.71633801704394
-8.05543716,-34.95116855,,2022-08-28 16:23:17+00:00,1.3703666779345767,453.0867046949785
-8.05543683,-34.95118255,,2022-08-28 16:23:18+00:00,1.5436282860993569,454.63033298107786
-8.05543584,-34.95120055,,2022-08-28 16:23:19+00:00,1.987128864496954,456.61746184557484
-8.05543584,-34.95121854,,2022-08-28 16:23:20+00:00,1.9830078564815954,458.60046970205644
-8.0554345,-34.95123687,,2022-08-28 16:23:21+00:00,2.0259132541320795,460.62638295618854
-8.05543117,-34.95125553,,2022-08-28 16:23:22+00:00,2.089571824432633,462.7159547806212
-8.05542618,-34.95127319,,2022-08-28 16:23:23+00:00,2.0233496125444717,464.73930439316564
-8.05541986,-34.95128819,,2022-08-28 16:23:24+00:00,1.7950960965387874,466.5344004897044
-8.05541519,-34.95130318,,2022-08-28 16:23:25+00:00,1.7311633109218647,468.2655638006263
-8.0554132,-34.95131918,,2022-08-28 16:23:26+00:00,1.7773327743455232,470.0428965749718
-8.0554112,-34.9513335,,2022-08-28 16:23:27+00:00,1.5938925040819472,471.63678907905376
-8.05540853,-34.95134616,,2022-08-28 16:23:28+00:00,1.4263912199099125,473.0631802989637
-8.05540488,-34.95135849,,2022-08-28 16:23:29+00:00,1.4177972813295718,474.48097758029326
-8.05540088,-34.95137115,,2022-08-28 16:23:30+00:00,1.4639326421489172,475.94491022244216
-8.05539789,-34.95138515,,2022-08-28 16:23:31+00:00,1.5782292272670757,477.5231394497092
-8.05539722,-34.95140115,,2022-08-28 16:23:32+00:00,1.7652095688231344,479.28834901853236
-8.05539789,-34.95141947,,2022-08-28 16:23:33+00:00,2.0207424449309084,481.3090914634633
-8.05539888,-34.95144014,,2022-08-28 16:23:34+00:00,2.2810492939188594,483.59014075738213
-8.05539888,-34.95146046,,2022-08-28 16:23:35+00:00,2.2398400945571812,485.8299808519393
-8.05539789,-34.95148013,,2022-08-28 16:23:36+00:00,2.1709544451601586,488.00093529709943
-8.05539589,-34.95150012,,2022-08-28 16:23:37+00:00,2.2145389753892593,490.2154742724887
-8.05539489,-34.95151945,,2022-08-28 16:23:38+00:00,2.133582394054622,492.3490566665433
-8.0553919,-34.95153845,,2022-08-28 16:23:39+00:00,2.120284264210819,494.4693409307541
-8.05538724,-34.95155644,,2022-08-28 16:23:40+00:00,2.0488863494186194,496.5182272801727
-8.05538291,-34.95157578,,2022-08-28 16:23:41+00:00,2.1849412210213814,498.7031685011941
-8.05537892,-34.95159511,,2022-08-28 16:23:42+00:00,2.1759295181797684,500.8790980193739
-8.05537358,-34.9516121,,2022-08-28 16:23:43+00:00,1.9636935895491017,502.842791608923
-8.05536726,-34.95162843,,2022-08-28 16:23:44+00:00,1.9309738383722412,504.77376544729526
-8.05535959,-34.95164442,,2022-08-28 16:23:45+00:00,1.9560554829990842,506.72982093029435
-8.05535227,-34.95166141,,2022-08-28 16:23:46+00:00,2.0402689197760244,508.77008985007035
-8.0553446,-34.9516784,,2022-08-28 16:23:47+00:00,2.055935291583596,510.82602514165393
-8.05533627,-34.95169674,,2022-08-28 16:23:48+00:00,2.221609534816104,513.04763467647
-8.05532727,-34.95171473,,2022-08-28 16:23:49+00:00,2.2187999321304708,515.2664346086004
-8.05532027,-34.95173373,,2022-08-28 16:23:50+00:00,2.232845553558299,517.4992801621587
-8.05531128,-34.95175338,,2022-08-28 16:23:51+00:00,2.38328608202351,519.8825662441822
-8.05530328,-34.95177272,,2022-08-28 16:23:52+00:00,2.308128766883216,522.1906950110654
-8.05529396,-34.95179337,,2022-08-28 16:23:53+00:00,2.4987229129345474,524.6894179239999
-8.0552853,-34.95181137,,2022-08-28 16:23:54+00:00,2.203180442637412,526.8925983666373
-8.05527897,-34.95182803,,2022-08-28 16:23:55+00:00,1.9653206558022511,528.8579190224395
-8.05527464,-34.95184303,,2022-08-28 16:23:56+00:00,1.72137845730886,530.5792974797484
-8.05527332,-34.95185703,,2022-08-28 16:23:57+00:00,1.5500872031087516,532.1293846828572
-8.05527431,-34.95187135,,2022-08-28 16:23:58+00:00,1.5822632889800792,533.7116479718374
-8.0552773,-34.95188802,,2022-08-28 16:23:59+00:00,1.867025272216823,535.5786732440541
-8.05528197,-34.95190534,,2022-08-28 16:24:00+00:00,1.9777842455484893,537.5564574896026
-8.0552853,-34.95192101,,2022-08-28 16:24:01+00:00,1.766104664186497,539.3225621537891
-8.05528762,-34.95193567,,2022-08-28 16:24:02+00:00,1.636191603953527,540.9587537577427
-8.05528928,-34.95194866,,2022-08-28 16:24:03+00:00,1.4435883282563642,542.4023420859991
-8.05529128,-34.95196199,,2022-08-28 16:24:04+00:00,1.4858999556249302,543.888242041624
-8.05529494,-34.95197499,,2022-08-28 16:24:05+00:00,1.489042700783866,545.3772847424079
-8.05530027,-34.95198832,,2022-08-28 16:24:06+00:00,1.5831790490896909,546.9604637914977
-8.05530459,-34.95200098,,2022-08-28 16:24:07+00:00,1.4750135139168281,548.4354773054145
-8.05531159,-34.9520163,,2022-08-28 16:24:08+00:00,1.8576992557361145,550.2931765611505
-8.05531859,-34.95203297,,2022-08-28 16:24:09+00:00,1.9939345826298238,552.2871111437803
-8.05532358,-34.95204996,,2022-08-28 16:24:10+00:00,1.9524012130699073,554.2395123568502
-8.05532692,-34.95206729,,2022-08-28 16:24:11+00:00,1.9456448850056574,556.1851572418559
-8.05532892,-34.95208228,,2022-08-28 16:24:12+00:00,1.6670627350816987,557.8522199769376
-8.05532957,-34.95209661,,2022-08-28 16:24:13+00:00,1.5812075202736473,559.4334274972113
-8.05533024,-34.95210994,,2022-08-28 16:24:14+00:00,1.471211408172842,560.9046389053841
-8.05533156,-34.95212361,,2022-08-28 16:24:15+00:00,1.5138771825104131,562.4185160878945
-8.05533255,-34.95213793,,2022-08-28 16:24:16+00:00,1.582263066739437,564.000779154634
-8.05533123,-34.95215292,,2022-08-28 16:24:17+00:00,1.6587598656440152,565.659539020278
-8.05532891,-34.95216892,,2022-08-28 16:24:18+00:00,1.782220503974904,567.4417595242529
-8.05532525,-34.95218491,,2022-08-28 16:24:19+00:00,1.8084348193548816,569.2501943436077
-8.05531992,-34.95220091,,2022-08-28 16:24:20+00:00,1.859558690132741,571.1097530337405
-8.05531525,-34.95221724,,2022-08-28 16:24:21+00:00,1.8726614795935643,572.9824145133341
-8.05531093,-34.95223223,,2022-08-28 16:24:22+00:00,1.7200120375158066,574.70242655085
-8.05530659,-34.95224823,,2022-08-28 16:24:23+00:00,1.827802772984092,576.5302293238341
-8.05530193,-34.95226522,,2022-08-28 16:24:24+00:00,1.9424004737146914,578.4726297975487
-8.0552966,-34.95228288,,2022-08-28 16:24:25+00:00,2.033928199128613,580.5065579966773
-8.05529294,-34.95229987,,2022-08-28 16:24:26+00:00,1.916025504103843,582.4225835007811
-8.05529195,-34.95231554,,2022-08-28 16:24:27+00:00,1.730745457467822,584.153328958249
-8.05529096,-34.9523292,,2022-08-28 16:24:28+00:00,1.5096952745664076,585.6630242328154
-8.05529029,-34.95234153,,2022-08-28 16:24:29+00:00,1.3611343903949487,587.0241586232103
-8.05529061,-34.95235385,,2022-08-28 16:24:30+00:00,1.358474722728524,588.3826333459388
-8.05529061,-34.95236685,,2022-08-28 16:24:31+00:00,1.432968944850424,589.8156022907892
-8.05529061,-34.95238117,,2022-08-28 16:24:32+00:00,1.5784704080659453,591.3940726988552
-8.05529029,-34.95239517,,2022-08-28 16:24:33+00:00,1.5436030875764752,592.9376757864317
-8.05528996,-34.95240817,,2022-08-28 16:24:34+00:00,1.433433643774899,594.3711094302066
-8.05528863,-34.9524205,,2022-08-28 16:24:35+00:00,1.3670524548974061,595.738161885104
-8.05528763,-34.9524335,,2022-08-28 16:24:36+00:00,1.4372305015369746,597.175392386641
-8.05528763,-34.95244682,,2022-08-28 16:24:37+00:00,1.4682420378871495,598.6436344245282
-8.05528763,-34.95246049,,2022-08-28 16:24:38+00:00,1.5068219713721511,600.1504563959003
-8.05528631,-34.95247415,,2022-08-28 16:24:39+00:00,1.5127802024798924,601.6632365983802
-8.05528399,-34.95248749,,2022-08-28 16:24:40+00:00,1.4926647432639826,603.1559013416442
-8.05528199,-34.95250115,,2022-08-28 16:24:41+00:00,1.521879693402643,604.6777810350468
-8.05527932,-34.95251448,,2022-08-28 16:24:42+00:00,1.498722756205548,606.1765037912523
-8.055277,-34.95252781,,2022-08-28 16:24:43+00:00,1.4915789039423595,607.6680826951947
-8.055276,-34.95254181,,2022-08-28 16:24:44+00:00,1.5471553403794929,609.2152380355742
-8.05527665,-34.95255548,,2022-08-28 16:24:45+00:00,1.5085358407990663,610.7237738763732
-8.05527633,-34.95256814,,2022-08-28 16:24:46+00:00,1.3959400408955793,612.1197139172688
-8.05527566,-34.95257747,,2022-08-28 16:24:47+00:00,1.0310968351985395,613.1508107524674
-8.05527566,-34.9525878,,2022-08-28 16:24:48+00:00,1.138659211638327,614.2894699641057
-8.05527467,-34.95260046,,2022-08-28 16:24:49+00:00,1.3997800517663739,615.6892500158721
-8.05527335,-34.95261578,,2022-08-28 16:24:50+00:00,1.6949973391057738,617.3842473549778
-8.05527268,-34.95263145,,2022-08-28 16:24:51+00:00,1.7288674776871666,619.1131148326649
-8.05527136,-34.95264678,,2022-08-28 16:24:52+00:00,1.6960955383099647,620.8092103709748
-8.05526703,-34.9526611,,2022-08-28 16:24:53+00:00,1.6495139085886752,622.4587242795635
-8.0552617,-34.95267409,,2022-08-28 16:24:54+00:00,1.5484591278705415,624.007183407434
-8.05525938,-34.95268643,,2022-08-28 16:24:55+00:00,1.384206867017307,625.3913902744513
-8.0552597,-34.95269975,,2022-08-28 16:24:56+00:00,1.4686686080957059,626.860058882547
-8.05526137,-34.95271475,,2022-08-28 16:24:57+00:00,1.6637095251120306,628.5237684076591
-8.05526269,-34.95273007,,2022-08-28 16:24:58+00:00,1.6949973885345737,630.2187657961937
-8.05526368,-34.95274607,,2022-08-28 16:24:59+00:00,1.7670495869518628,631.9858153831456
-8.05526435,-34.95276207,,2022-08-28 16:25:00+00:00,1.765210145158766,633.7510255283044
-8.05526202,-34.95277806,,2022-08-28 16:25:01+00:00,1.7812896538618772,635.5323151821663
-8.05525736,-34.95279173,,2022-08-28 16:25:02+00:00,1.5925222080908528,637.1248373902571
-8.05524936,-34.95280273,,2022-08-28 16:25:03+00:00,1.5010002130669733,638.625837603324
-8.0552427,-34.95281573,,2022-08-28 16:25:04+00:00,1.6111907612426637,640.2370283645668
-8.05523838,-34.95283005,,2022-08-28 16:25:05+00:00,1.6491932766014605,641.8862216411682
-8.05523472,-34.95284438,,2022-08-28 16:25:06+00:00,1.6306129955037312,643.5168346366719
-8.05523306,-34.95285937,,2022-08-28 16:25:07+00:00,1.6624916711874442,645.1793263078594
-8.0552294,-34.95287669,,2022-08-28 16:25:08+00:00,1.9515952857570562,647.1309215936164
-8.05522341,-34.95289636,,2022-08-28 16:25:09+00:00,2.2671405526774535,649.3980621462939
-8.05521708,-34.95291569,,2022-08-28 16:25:10+00:00,2.24277701273697,651.6408391590309
-8.05521175,-34.95293402,,2022-08-28 16:25:11+00:00,2.1047207252987836,653.7455598843296
-8.05520876,-34.95294968,,2022-08-28 16:25:12+00:00,1.7575656575299698,655.5031255418596
-8.05520577,-34.952964,,2022-08-28 16:25:13+00:00,1.6127369949103663,657.11586253677
-8.05520244,-34.952978,,2022-08-28 16:25:14+00:00,1.5865348415468146,658.7023973783168
-8.05519878,-34.95299367,,2022-08-28 16:25:15+00:00,1.7740747697432528,660.4764721480601
-8.05519412,-34.95301,,2022-08-28 16:25:16+00:00,1.872357267668248,662.3488294157283
-8.05518978,-34.95302633,,2022-08-28 16:25:17+00:00,1.8629264921451665,664.2117559078736
-8.05518578,-34.95304199,,2022-08-28 16:25:18+00:00,1.7819625387061397,665.9937184465797
-8.05518412,-34.95305766,,2022-08-28 16:25:19+00:00,1.7370084723425456,667.7307269189222
-8.05518545,-34.95307332,,2022-08-28 16:25:20+00:00,1.7324326631550628,669.4631595820772
-8.05518644,-34.95308932,,2022-08-28 16:25:21+00:00,1.7670499206939474,671.2302095027711
-8.05518844,-34.95310531,,2022-08-28 16:25:22+00:00,1.7763773257550635,673.0065868285262
-8.05518976,-34.95312064,,2022-08-28 16:25:23+00:00,1.6960958815127893,674.702682710039
-8.05519309,-34.95313464,,2022-08-28 16:25:24+00:00,1.5865348870967078,676.2892175971357
-8.05519609,-34.9531473,,2022-08-28 16:25:25+00:00,1.4343919667535914,677.7236095638892
-8.05519941,-34.9531593,,2022-08-28 16:25:26+00:00,1.3727577404076994,679.0963673042969
-8.05520141,-34.95317195,,2022-08-28 16:25:27+00:00,1.4118241927395594,680.5081914970365
-8.05520408,-34.95318628,,2022-08-28 16:25:28+00:00,1.6069374764825246,682.115128973519
-8.0552084,-34.9532006,,2022-08-28 16:25:29+00:00,1.649193402373307,683.7643223758922
-8.05521307,-34.95321293,,2022-08-28 16:25:30+00:00,1.4539436893168038,685.218266065209
-8.05521839,-34.95322526,,2022-08-28 16:25:31+00:00,1.4810055390337376,686.6992716042428
-8.05522372,-34.95323759,,2022-08-28 16:25:32+00:00,1.4814452445255148,688.1807168487683
-8.05522806,-34.95324991,,2022-08-28 16:25:33+00:00,1.440343418940041,689.6210602677083
-8.05523272,-34.9532619,,2022-08-28 16:25:34+00:00,1.4185705760045917,691.039630843713
-8.05523706,-34.95327389,,2022-08-28 16:25:35+00:00,1.4060994763576504,692.4457303200707
-8.05524172,-34.95328523,,2022-08-28 16:25:36+00:00,1.3520684870384123,693.7977988071091
-8.05524538,-34.95329556,,2022-08-28 16:25:37+00:00,1.2084672916028996,695.006266098712
-8.05524871,-34.95330589,,2022-08-28 16:25:38+00:00,1.1967367244539164,696.2030028231659
-8.0552527,-34.95331656,,2022-08-28 16:25:39+00:00,1.256194524154086,697.45919734732
-8.05525636,-34.95332788,,2022-08-28 16:25:40+00:00,1.3117989712844884,698.7709963186045
-8.05525969,-34.95333954,,2022-08-28 16:25:41+00:00,1.3369872222130261,700.1079835408175
-8.05526169,-34.95335186,,2022-08-28 16:25:42+00:00,1.3759096293180402,701.4838931701355
-8.05526369,-34.95336419,,2022-08-28 16:25:43+00:00,1.376997581643089,702.8608907517786
-8.05526636,-34.95337752,,2022-08-28 16:25:44+00:00,1.4987228122888105,704.3596135640674
-8.05527068,-34.95339218,,2022-08-28 16:25:45+00:00,1.6850986404489239,706.0447122045164
-8.05527502,-34.95340684,,2022-08-28 16:25:46+00:00,1.685727102490787,707.7304393070071
-8.05527901,-34.95342084,,2022-08-28 16:25:47+00:00,1.605049763194122,709.3354890702012
-8.05528301,-34.95343484,,2022-08-28 16:25:48+00:00,1.605354163872723,710.9408432340739
-8.05528566,-34.95344683,,2022-08-28 16:25:49+00:00,1.3537442375659543,712.2945874716398
-8.05528833,-34.95345882,,2022-08-28 16:25:50+00:00,1.3542248225631668,713.648812294203
-8.05529065,-34.95347115,,2022-08-28 16:25:51+00:00,1.3831236067567914,715.0319359009599
-8.05529365,-34.95348381,,2022-08-28 16:25:52+00:00,1.434391642242729,716.4663275432026
-8.05529764,-34.95349781,,2022-08-28 16:25:53+00:00,1.6050496955701774,718.0713772387728
-8.05530198,-34.9535128,,2022-08-28 16:25:54+00:00,1.7206278174767122,719.7920050562495
-8.05530697,-34.95352814,,2022-08-28 16:25:55+00:00,1.7786847307528386,721.5706897870024
-8.05531329,-34.95354313,,2022-08-28 16:25:56+00:00,1.794081278219215,723.3647710652216
-8.05531896,-34.95355613,,2022-08-28 16:25:57+00:00,1.564170323321995,724.9289413885435
-8.05532462,-34.95356679,,2022-08-28 16:25:58+00:00,1.331371164544695,726.2603125530883
-8.05532928,-34.95357478,,2022-08-28 16:25:59+00:00,1.0204362693899238,727.2807488224782
-8.0553356,-34.95358312,,2022-08-28 16:26:00+00:00,1.1548489717151567,728.4355977941934
-8.05534394,-34.95359078,,2022-08-28 16:26:01+00:00,1.2504777451931353,729.6860755393866
-8.0553526,-34.95359812,,2022-08-28 16:26:02+00:00,1.2537593405960261,730.9398348799826
-8.05536193,-34.95360477,,2022-08-28 16:26:03+00:00,1.2657228495319535,732.2055577295146
-8.05537093,-34.95360977,,2022-08-28 16:26:04+00:00,1.1377645864061166,733.3433223159207
-8.05538026,-34.95361576,,2022-08-28 16:26:05+00:00,1.2250272239666504,734.5683495398873
-8.05539059,-34.95362209,,2022-08-28 16:26:06+00:00,1.3386776976033192,735.9070272374906
-8.05540058,-34.95363009,,2022-08-28 16:26:07+00:00,1.4136204608792877,737.32064769837
-8.05540758,-34.95363975,,2022-08-28 16:26:08+00:00,1.3164933335836437,738.6371410319535
-8.05541257,-34.95365074,,2022-08-28 16:26:09+00:00,1.3311943881658845,739.9683354201194
-8.05541623,-34.95366308,,2022-08-28 16:26:10+00:00,1.419169002427055,741.3875044225465
-8.05542089,-34.95367573,,2022-08-28 16:26:11+00:00,1.4865845812239926,742.8740890037705
-8.05542755,-34.95368807,,2022-08-28 16:26:12+00:00,1.5468444040339075,744.4209334078043
-8.05543355,-34.95370006,,2022-08-28 16:26:13+00:00,1.4788712976837823,745.8998047054881
-8.05543922,-34.95370971,,2022-08-28 16:26:14+00:00,1.234785073367192,747.1345897788553
-8.05544721,-34.95371738,,2022-08-28 16:26:15+00:00,1.2229667927222665,748.3575565715776
-8.0554572,-34.9537237,,2022-08-28 16:26:16+00:00,1.3061454255148288,749.6637019970924
-8.05546919,-34.95372837,,2022-08-28 16:26:17+00:00,1.422457416695765,751.0861594137882
-8.05548285,-34.95373337,,2022-08-28 16:26:18+00:00,1.6081355682297902,752.694294982018
-8.05549685,-34.95373769,,2022-08-28 16:26:19+00:00,1.6199154933503388,754.3142104753684
-8.05551185,-34.95374336,,2022-08-28 16:26:20+00:00,1.7727674130416355,756.08697788841
-8.05552617,-34.95374969,,2022-08-28 16:26:21+00:00,1.730626443321439,757.8176043317314
-8.05553949,-34.95375868,,2022-08-28 16:26:22+00:00,1.7754233068044336,759.5930276385359
-8.05555349,-34.95376668,,2022-08-28 16:26:23+00:00,1.7818503634137597,761.3748780019497
-8.05556749,-34.95377601,,2022-08-28 16:26:24+00:00,1.8587741257329289,763.2336521276826
-8.05557982,-34.95378367,,2022-08-28 16:26:25+00:00,1.6038907200477162,764.8375428477303
-8.05559215,-34.95379133,,2022-08-28 16:26:26+00:00,1.6038907078405762,766.4414335555709
-8.05560248,-34.95379933,,2022-08-28 16:26:27+00:00,1.4432002651927458,767.8846338207637
-8.05561114,-34.95381065,,2022-08-28 16:26:28+00:00,1.5729824747799552,769.4576162955436
-8.05561881,-34.95382332,,2022-08-28 16:26:29+00:00,1.6340244319838892,771.0916407275275
-8.0556248,-34.95383764,,2022-08-28 16:26:30+00:00,1.711850460764447,772.803491188292
-8.05563013,-34.95385263,,2022-08-28 16:26:31+00:00,1.7543236471584005,774.5578148354504
-8.05563445,-34.95386797,,2022-08-28 16:26:32+00:00,1.757105116986265,776.3149199524366
-8.05563879,-34.95388329,,2022-08-28 16:26:33+00:00,1.7555871605074334,778.070507112944
-8.05564212,-34.95389896,,2022-08-28 16:26:34+00:00,1.7661031876621867,779.8366103006063
-8.05564445,-34.95391461,,2022-08-28 16:26:35+00:00,1.7442130715831279,781.5808233721893
-8.05564578,-34.95393061,,2022-08-28 16:26:36+00:00,1.7697758651083229,783.3505992372976
-8.05564643,-34.95394627,,2022-08-28 16:26:37+00:00,1.7276711783940633,785.0782704156917
-8.05564677,-34.95396194,,2022-08-28 16:26:38+00:00,1.727686466827585,786.8059568825192
-8.05564643,-34.9539806,,2022-08-28 16:26:39+00:00,2.0572034715748253,788.863160354094
-8.05564611,-34.95399893,,2022-08-28 16:26:40+00:00,2.020794376819971,790.883954730914
-8.0556471,-34.95401726,,2022-08-28 16:26:41+00:00,2.0234489099035415,792.9074036408175
-8.05564876,-34.95403492,,2022-08-28 16:26:42+00:00,1.9552696154469065,794.8626732562644
-8.05565042,-34.95405358,,2022-08-28 16:26:43+00:00,2.065036852890854,796.9277101091553
-8.05565141,-34.95407357,,2022-08-28 16:26:44+00:00,2.2061819813607264,799.133892090516
-8.05565175,-34.95409356,,2022-08-28 16:26:45+00:00,2.2037841986041107,801.3376762891202
-8.05564908,-34.95411189,,2022-08-28 16:26:46+00:00,2.041948682650419,803.3796249717706
-8.05564542,-34.95412888,,2022-08-28 16:26:46+00:00,1.9160239220910633,805.2956488938617
-8.05563876,-34.95414421,,2022-08-28 16:26:47+00:00,1.8433550884119145,807.1390039822736
-8.05563109,-34.95415853,,2022-08-28 16:26:48+00:00,1.7919625945941249,808.9309665768677
-8.0556271,-34.95417386,,2022-08-28 16:26:49+00:00,1.7464677271910751,810.6774343040588
-8.05562443,-34.95418619,,2022-08-28 16:26:50+00:00,1.3908235587643867,812.0682578628232
-8.05562277,-34.95419818,,2022-08-28 16:26:51+00:00,1.3343275437573547,813.4025854065806
-8.05562144,-34.95421017,,2022-08-28 16:26:52+00:00,1.3297974264977972,814.7323828330783
-8.05562277,-34.95422917,,2022-08-28 16:26:53+00:00,2.0994965948522735,816.8318794279306
-8.05562443,-34.95424784,,2022-08-28 16:26:54+00:00,2.0661349041290578,818.8980143320597
-8.05562476,-34.95426583,,2022-08-28 16:26:55+00:00,1.9833427643497314,820.8813570964094
-8.05562343,-34.95428416,,2022-08-28 16:26:56+00:00,2.0258317161004724,822.9071888125098
-8.05561977,-34.95430215,,2022-08-28 16:26:57+00:00,2.023898408312459,824.9310872208223
-8.05561577,-34.95432182,,2022-08-28 16:26:58+00:00,2.2128610331225467,827.1439482539448
-8.05561178,-34.95434247,,2022-08-28 16:26:59+00:00,2.3185939533923405,829.4625422073372
-8.05561044,-34.95436381,,2022-08-28 16:27:00+00:00,2.3569356024691,831.8194778098062
-8.05561111,-34.9543848,,2022-08-28 16:27:01+00:00,2.314878153753746,834.13435596356
-8.05561178,-34.95440613,,2022-08-28 16:27:02+00:00,2.352336870342585,836.4866928339026
-8.05561243,-34.9544258,,2022-08-28 16:27:03+00:00,2.1693819379884394,838.656074771891
-8.05561077,-34.9544418,,2022-08-28 16:27:04+00:00,1.7731824316264648,840.4292572035174
-8.05560711,-34.95445645,,2022-08-28 16:27:05+00:00,1.6648035897425353,842.0940607932599
-8.05560212,-34.95447012,,2022-08-28 16:27:06+00:00,1.6047038161290947,843.6987646093891
-8.0555978,-34.95448311,,2022-08-28 16:27:07+00:00,1.5094727723205055,845.2082373817095
-8.05559313,-34.95449678,,2022-08-28 16:27:08+00:00,1.5928792952113584,846.8011166769209
-8.05558981,-34.95451078,,2022-08-28 16:27:09+00:00,1.5862770523300107,848.3873937292509
-8.05558614,-34.9545251,,2022-08-28 16:27:10+00:00,1.6298189947229607,850.0172127239739
-8.05558315,-34.95453877,,2022-08-28 16:27:11+00:00,1.542679461139234,851.5598921851131
-8.05558083,-34.95455109,,2022-08-28 16:27:12+00:00,1.3820395149835616,852.9419317000967
-8.05557749,-34.95456241,,2022-08-28 16:27:13+00:00,1.3013129975937991,854.2432446976904
-8.05557317,-34.95457341,,2022-08-28 16:27:14+00:00,1.3032470110052357,855.5464917086957
-8.05557018,-34.95458475,,2022-08-28 16:27:15+00:00,1.2929900259670735,856.8394817346629
-8.05556818,-34.95459675,,2022-08-28 16:27:16+00:00,1.3411063286136227,858.1805880632764
-8.05556718,-34.95460807,,2022-08-28 16:27:17+00:00,1.2526761141371137,859.4332641774135
-8.05556619,-34.95462006,,2022-08-28 16:27:18+00:00,1.3261649478961737,860.7594291253097
-8.0555632,-34.95463073,,2022-08-28 16:27:19+00:00,1.221739223574953,861.9811683488846
-8.0555592,-34.95464072,,2022-08-28 16:27:20+00:00,1.1867194399057517,863.1678877887904
-8.05555421,-34.95465138,,2022-08-28 16:27:21+00:00,1.2981794064346572,864.466067195225
-8.05555021,-34.95466205,,2022-08-28 16:27:22+00:00,1.2565826436408416,865.7226498388659
-8.05554722,-34.95467272,,2022-08-28 16:27:23+00:00,1.2217392687818809,866.9443891076478
-8.05554522,-34.95468938,,2022-08-28 16:27:24+00:00,1.8496768355954576,868.7940659432433
-8.05554356,-34.95470637,,2022-08-28 16:27:25+00:00,1.8817561866519015,870.6758221298952
-8.05554323,-34.9547237,,2022-08-28 16:27:26+00:00,1.9106052638416013,872.5864273937368
-8.05554291,-34.95474036,,2022-08-28 16:27:27+00:00,1.8367446694818583,874.4231720632187
-8.05554157,-34.95475635,,2022-08-28 16:27:28+00:00,1.7687701616603195,876.191942224879
-8.05554025,-34.95477169,,2022-08-28 16:27:29+00:00,1.6971926238242105,877.8891348487032
-8.05553825,-34.95478634,,2022-08-28 16:27:30+00:00,1.6299232079256194,879.5190580566288
-8.05553526,-34.95479867,,2022-08-28 16:27:31+00:00,1.3987654060550108,880.9178234626837
-8.05552926,-34.95481067,,2022-08-28 16:27:32+00:00,1.4798561745888057,882.3976796372725
-8.05552394,-34.95482167,,2022-08-28 16:27:33+00:00,1.3477257585059512,883.7454053957784
-8.0555196,-34.95483132,,2022-08-28 16:27:34+00:00,1.166984216653944,884.9123896124324
-8.05551828,-34.95484098,,2022-08-28 16:27:35+00:00,1.074766501736771,885.9871561141692
-8.05551927,-34.95485198,,2022-08-28 16:27:36+00:00,1.2174449627464996,887.2046010769158
-8.0555196,-34.95486698,,2022-08-28 16:27:37+00:00,1.653827531603354,888.8584286085191
-8.05551895,-34.95488197,,2022-08-28 16:27:38+00:00,1.6538855574030569,890.5123141659222
-8.05551795,-34.95489696,,2022-08-28 16:27:39+00:00,1.656019665910796,892.168333831833
-8.05551662,-34.95491096,,2022-08-28 16:27:40+00:00,1.5501908357924403,893.7185246676255
-8.0555153,-34.95492396,,2022-08-28 16:27:41+00:00,1.4403853244460871,895.1589099920716
-8.05551497,-34.95493628,,2022-08-28 16:27:42+00:00,1.358503234970628,896.5174132270422
-8.05551464,-34.95494828,,2022-08-28 16:27:43+00:00,1.3232432459076229,897.8406564729498
-8.05551464,-34.95496228,,2022-08-28 16:27:44+00:00,1.5431964766145856,899.3838529495645
-8.05551332,-34.95497827,,2022-08-28 16:27:45+00:00,1.768586329981685,901.1524392795461
-8.05551099,-34.95499461,,2022-08-28 16:27:46+00:00,1.8194712308190422,902.9719105103652
-8.05550866,-34.95500994,,2022-08-28 16:27:47+00:00,1.709335584795102,904.6812460951603
-8.05550666,-34.95502426,,2022-08-28 16:27:48+00:00,1.5938921395393206,906.2751382346996
-8.05550467,-34.95503759,,2022-08-28 16:27:49+00:00,1.4857349575375423,907.7608731922371
-8.05550401,-34.95504959,,2022-08-28 16:27:50+00:00,1.3247523559393612,909.0856255481765
-8.05550401,-34.95506158,,2022-08-28 16:27:51+00:00,1.321637588731751,910.4072631369082
-8.05550467,-34.95507491,,2022-08-28 16:27:52+00:00,1.4711554899534147,911.8784186268616
-8.05550401,-34.95508757,,2022-08-28 16:27:53+00:00,1.3973982797809323,913.2758169066426
-8.05550235,-34.95509956,,2022-08-28 16:27:54+00:00,1.3343279303940383,914.6101448370366
-8.05550069,-34.95511256,,2022-08-28 16:27:55+00:00,1.4446809253760888,916.0548257624127
-8.05549969,-34.95512688,,2022-08-28 16:27:56+00:00,1.5823393317634165,917.6371650941761
-8.05549837,-34.95514187,,2022-08-28 16:27:57+00:00,1.6587591904655519,919.2959242846416
-8.05549705,-34.95515587,,2022-08-28 16:27:58+00:00,1.5500863600218346,920.8460106446635
-8.05549572,-34.95516854,,2022-08-28 16:27:59+00:00,1.4043176087721974,922.2503282534357
-8.05549339,-34.95518119,,2022-08-28 16:28:00+00:00,1.417999409292331,923.668327662728
-8.05549173,-34.95519419,,2022-08-28 16:28:01+00:00,1.4446809565737924,925.1130086193018
-8.05548973,-34.95520852,,2022-08-28 16:28:02+00:00,1.5949838264145961,926.7079924457164
-8.05548841,-34.95522185,,2022-08-28 16:28:03+00:00,1.4765780559063097,928.1845705016227
-8.05548809,-34.95523818,,2022-08-28 16:28:04+00:00,1.8003764582433421,929.9849469598661
-8.05548841,-34.95525417,,2022-08-28 16:28:05+00:00,1.7629062224174945,931.7478531822836
-8.05548874,-34.95527116,,2022-08-28 16:28:06+00:00,1.8731348631039608,933.6209880453875
-8.05548907,-34.95528815,,2022-08-28 16:28:07+00:00,1.873134861525952,935.4941229069135
-8.0554884,-34.95530382,,2022-08-28 16:28:08+00:00,1.7288665644454893,937.222989471359
-8.05548808,-34.95531982,,2022-08-28 16:28:09+00:00,1.7640082839264906,938.9869977552855
-8.05548907,-34.95533614,,2022-08-28 16:28:10+00:00,1.8022552263889995,940.7892529816745
-8.05548808,-34.95535148,,2022-08-28 16:28:11+00:00,1.6944437025686432,942.4836966842431
-8.05548575,-34.9553658,,2022-08-28 16:28:12+00:00,1.5993654945066853,944.0830621787499
-8.05548242,-34.95538079,,2022-08-28 16:28:13+00:00,1.6928685445792888,945.7759307233291
-8.05547975,-34.95539511,,2022-08-28 16:28:14+00:00,1.6058529174663339,947.3817836407954
-8.05547575,-34.95540911,,2022-08-28 16:28:15+00:00,1.6053534494429176,948.9871370902383
-8.05547143,-34.95542278,,2022-08-28 16:28:16+00:00,1.5807527973296052,950.567889887568
-8.05546677,-34.95543645,,2022-08-28 16:28:17+00:00,1.592521475949757,952.1604113635177
-8.05546377,-34.95545045,,2022-08-28 16:28:18+00:00,1.578461081261161,953.7388724447788
-8.05546177,-34.95546411,,2022-08-28 16:28:19+00:00,1.5218790358098704,955.2607514805887
-8.05546045,-34.95547844,,2022-08-28 16:28:20+00:00,1.586303864673991,956.8470553452627
-8.05546013,-34.95549309,,2022-08-28 16:28:21+00:00,1.6152328634653377,958.4622882087281
-8.05545913,-34.95550643,,2022-08-28 16:28:22+00:00,1.4745992309007856,959.9368874396289
-8.05545913,-34.95551943,,2022-08-28 16:28:23+00:00,1.4329683530585977,961.3698557926875
-8.05545979,-34.95553142,,2022-08-28 16:28:24+00:00,1.3236518933108095,962.6935076859984
-8.05546012,-34.95554341,,2022-08-28 16:28:25+00:00,1.3221415601126896,964.015649246111
-8.05545979,-34.95555707,,2022-08-28 16:28:26+00:00,1.506161303487785,965.5218105495989
-8.05545913,-34.95557206,,2022-08-28 16:28:27+00:00,1.653934238915194,967.1757447885141
-8.05545913,-34.95558806,,2022-08-28 16:28:28+00:00,1.7636533567068673,968.9393981452209
-8.05545979,-34.95560473,,2022-08-28 16:28:29+00:00,1.838955569276504,970.7783537144975
-8.05545913,-34.95562005,,2022-08-28 16:28:30+00:00,1.690274909022213,972.4686286235197
-8.0554568,-34.95563505,,2022-08-28 16:28:31+00:00,1.6733851548998921,974.1420137784196
-8.05545615,-34.95564838,,2022-08-28 16:28:32+00:00,1.471101204211753,975.6131149826314
-8.05545382,-34.95566004,,2022-08-28 16:28:33+00:00,1.310840563180216,976.9239555458116
-8.05545083,-34.9556707,,2022-08-28 16:28:34+00:00,1.2206784344799253,978.1446339802916
-8.0554475,-34.95568236,,2022-08-28 16:28:35+00:00,1.3369866433754836,979.481620623667
-8.05544417,-34.95569436,,2022-08-28 16:28:36+00:00,1.3730531964113906,980.8546738200785
-8.05544118,-34.95570735,,2022-08-28 16:28:37+00:00,1.4695548245099848,982.3242286445884
-8.05543885,-34.95572001,,2022-08-28 16:28:38+00:00,1.419083537775947,983.7433121823643
-8.05543785,-34.95573135,,2022-08-28 16:28:39+00:00,1.2548724818025803,984.998184664167
-8.05543785,-34.95574267,,2022-08-28 16:28:40+00:00,1.2477848152654534,986.2459694794325
-8.05543818,-34.95575499,,2022-08-28 16:28:41+00:00,1.3585034937076426,987.6044729731401
-8.05543851,-34.95576799,,2022-08-28 16:28:42+00:00,1.4334331229958153,989.0379060961359
-8.05543884,-34.95578133,,2022-08-28 16:28:43+00:00,1.470898917983216,990.508805014119
-8.0554405,-34.95579832,,2022-08-28 16:28:44+00:00,1.881756666568592,992.3905616806876
-8.05544182,-34.95581531,,2022-08-28 16:28:45+00:00,1.8784608527562734,994.2690225334438
-8.05544149,-34.95583263,,2022-08-28 16:28:46+00:00,1.9095036575905862,996.1785261910344
-8.05543917,-34.95584829,,2022-08-28 16:28:47+00:00,1.7451411653364934,997.9236673563709
-8.05543384,-34.95586295,,2022-08-28 16:28:48+00:00,1.72010741827994,999.6437747746508
-8.05542751,-34.95587695,,2022-08-28 16:28:49+00:00,1.694567448847293,1001.338342223498
-8.05542319,-34.95589228,,2022-08-28 16:28:50+00:00,1.7560452159845756,1003.0943874394826
-8.05542186,-34.95590594,,2022-08-28 16:28:51+00:00,1.5128868302065637,1004.6072742696891
-8.05542485,-34.95591694,,2022-08-28 16:28:52+00:00,1.256795773011582,1005.8640700427007
-8.05542951,-34.9559236,,2022-08-28 16:28:53+00:00,0.8969657302730946,1006.7610357729739
-8.0554345,-34.95592827,,2022-08-28 16:28:54+00:00,0.754685242730402,1007.5157210157042
-8.0554355,-34.95593027,,2022-08-28 16:28:55+00:00,0.24664274266359598,1007.7623637583679
-8.0554335,-34.95593092,,2022-08-28 16:28:56+00:00,0.23250692566774267,1007.9948706840356
-8.05542884,-34.95592926,,2022-08-28 16:28:57+00:00,0.546896291255566,1008.5417669752912
-8.05542184,-34.95592426,,2022-08-28 16:28:58+00:00,0.9503159353952567,1009.4920829106865
-8.05541451,-34.9559176,,2022-08-28 16:28:59+00:00,1.0936718054236945,1010.5857547161102
-8.05540851,-34.95590993,,2022-08-28 16:29:00+00:00,1.0747659662891116,1011.6605206823992
-8.05540219,-34.95590028,,2022-08-28 16:29:01+00:00,1.2728002561795382,1012.9333209385787
-8.05539753,-34.95588961,,2022-08-28 16:29:02+00:00,1.2840994105998607,1014.2174203491786
-8.05539486,-34.95587861,,2022-08-28 16:29:03+00:00,1.2479511731090542,1015.4653715222877
-8.05539286,-34.95586662,,2022-08-28 16:29:04+00:00,1.3400197142210095,1016.8053912365087
-8.05539353,-34.95585496,,2022-08-28 16:29:05+00:00,1.2873968483336886,1018.0927880848425
-8.05539719,-34.95584496,,2022-08-28 16:29:06+00:00,1.174256001079906,1019.2670440859224
-8.05540119,-34.95583531,,2022-08-28 16:29:07+00:00,1.1520283064845003,1020.4190723924069
-8.05540418,-34.95582564,,2022-08-28 16:29:08+00:00,1.1160246179749989,1021.5350970103818
-8.05540717,-34.95581532,,2022-08-28 16:29:09+00:00,1.1846458175666472,1022.7197428279485
-8.0554105,-34.95580465,,2022-08-28 16:29:10+00:00,1.2324491157210542,1023.9521919436695
-8.05541517,-34.95579365,,2022-08-28 16:29:11+00:00,1.3179303225824563,1025.270122266252
-8.05541916,-34.95578265,,2022-08-28 16:29:12+00:00,1.2903144900115906,1026.5604367562635
-8.05542082,-34.95577133,,2022-08-28 16:29:13+00:00,1.2612185324400362,1027.8216552887036
-8.05542315,-34.95575999,,2022-08-28 16:29:14+00:00,1.2762747084146815,1029.0979299971182
-8.05542515,-34.95574899,,2022-08-28 16:29:15+00:00,1.2325221332904543,1030.3304521304087
-8.05542715,-34.95573767,,2022-08-28 16:29:16+00:00,1.267238338873772,1031.5976904692825
-8.05542881,-34.95572434,,2022-08-28 16:29:17+00:00,1.4807688377675947,1033.07845930705
-8.0554318,-34.95570968,,2022-08-28 16:29:18+00:00,1.6494353904900754,1034.72789469754
-8.05543579,-34.95569568,,2022-08-28 16:29:19+00:00,1.6050491934687487,1036.3329438910089
-8.05544146,-34.95568369,,2022-08-28 16:29:20+00:00,1.4628586871888578,1037.7958025781977
-8.05544613,-34.95567137,,2022-08-28 16:29:21+00:00,1.4529126265430805,1039.2487152047408
-8.05544978,-34.95565903,,2022-08-28 16:29:22+00:00,1.418853845713659,1040.6675690504544
-8.05545312,-34.95564704,,2022-08-28 16:29:23+00:00,1.372288605108204,1042.0398576555626
-8.05545512,-34.95563539,,2022-08-28 16:29:24+00:00,1.3030706737468452,1043.3429283293094
-8.05545478,-34.95562139,,2022-08-28 16:29:25+00:00,1.5436547636438178,1044.8865830929533
-8.05545413,-34.95560639,,2022-08-28 16:29:26+00:00,1.6549870618951334,1046.5415701548484
-8.05545478,-34.95559106,,2022-08-28 16:29:27+00:00,1.6913288189121845,1048.2328989737605
-8.05545512,-34.95557607,,2022-08-28 16:29:28+00:00,1.65275057288005,1049.8856495466405
-8.05545577,-34.95556175,,2022-08-28 16:29:29+00:00,1.5801058881195802,1051.46575543476
-8.0554581,-34.95554775,,2022-08-28 16:29:30+00:00,1.5645637085903168,1053.0303191433504
-8.05546075,-34.95553475,,2022-08-28 16:29:31+00:00,1.462632545549228,1054.4929516888997
-8.05546408,-34.95552209,,2022-08-28 16:29:32+00:00,1.4432699409232057,1055.936221629823
-8.05546741,-34.95550976,,2022-08-28 16:29:33+00:00,1.4081293738939773,1057.3443510037168
-8.05547008,-34.95549677,,2022-08-28 16:29:34+00:00,1.4619977561051514,1058.806348759822
-8.05547107,-34.95548344,,2022-08-28 16:29:35+00:00,1.4734174175877315,1060.2797661774098
-8.05546874,-34.95546944,,2022-08-28 16:29:36+00:00,1.5645636605729845,1061.8443298379827
-8.05546342,-34.95545577,,2022-08-28 16:29:37+00:00,1.617618956517268,1063.4619487945
-8.05545976,-34.95544277,,2022-08-28 16:29:38+00:00,1.4890421317517293,1064.9509909262517
-8.05545876,-34.95543011,,2022-08-28 16:29:39+00:00,1.3998663646012086,1066.350857290853
-8.05545876,-34.95541778,,2022-08-28 16:29:40+00:00,1.3591153701131635,1067.709972660966
-8.05545844,-34.95540612,,2022-08-28 16:29:41+00:00,1.2857495488646868,1068.9957222098308
-8.05545711,-34.9553948,,2022-08-28 16:29:42+00:00,1.2564247224315432,1070.2521469322623
-8.05545612,-34.95538248,,2022-08-28 16:29:43+00:00,1.3624197780912848,1071.6145667103535
-8.05545545,-34.95537015,,2022-08-28 16:29:44+00:00,1.3611338403493602,1072.9757005507029
-8.05545446,-34.95535715,,2022-08-28 16:29:45+00:00,1.4371452356870469,1074.4128457863899
-8.05545246,-34.95534483,,2022-08-28 16:29:46+00:00,1.3759089962919853,1075.788754782682
-8.0554508,-34.95533083,,2022-08-28 16:29:47+00:00,1.5540788941963783,1077.3428336768784
-8.05544914,-34.95531516,,2022-08-28 16:29:48+00:00,1.7370073551334044,1079.0798410320117
-8.05544714,-34.9552985,,2022-08-28 16:29:49+00:00,1.8496772748300114,1080.9295183068416
-8.05544548,-34.95528183,,2022-08-28 16:29:50+00:00,1.8466550489204787,1082.776173355762
-8.05544515,-34.95526583,,2022-08-28 16:29:51+00:00,1.7640310042977059,1084.5402043600598
-8.05544449,-34.95524951,,2022-08-28 16:29:52+00:00,1.8004067721440398,1086.3406111322038
-8.05544449,-34.95523351,,2022-08-28 16:29:53+00:00,1.7636534208498782,1088.1042645530536
-8.05544481,-34.95521751,,2022-08-28 16:29:54+00:00,1.7640084727131071,1089.8682730257667
-8.05544514,-34.95520052,,2022-08-28 16:29:55+00:00,1.8731350636350983,1091.7414080894018
-8.05544481,-34.95518319,,2022-08-28 16:29:56+00:00,1.9106057236130496,1093.652013813015
-8.05544481,-34.9551662,,2022-08-28 16:29:57+00:00,1.8727794744096034,1095.5247932874245
-8.05544449,-34.95514921,,2022-08-28 16:29:58+00:00,1.8731138425309184,1097.3979071299555
-8.05544515,-34.95513288,,2022-08-28 16:29:59+00:00,1.8015081502736483,1099.199415280229
-8.05544581,-34.95511756,,2022-08-28 16:30:00+00:00,1.6902749686310048,1100.88969024886
-8.05544647,-34.95510189,,2022-08-28 16:30:01+00:00,1.7288196957741861,1102.6185099446343
-8.0554468,-34.95508623,,2022-08-28 16:30:02+00:00,1.7265615606050744,1104.3450715052393
-8.05544647,-34.95507157,,2022-08-28 16:30:03+00:00,1.6163595303153726,1105.9614310355546
-8.05544747,-34.95505757,,2022-08-28 16:30:04+00:00,1.5471546963896674,1107.5085857319443
-8.05544814,-34.95504558,,2022-08-28 16:30:05+00:00,1.3237133798709173,1108.8322991118152
-8.05544913,-34.95503259,,2022-08-28 16:30:06+00:00,1.4360461808630907,1110.2683452926783
-8.05545013,-34.95501959,,2022-08-28 16:30:07+00:00,1.4372299374940598,1111.7055752301724
-8.05545112,-34.95500592,,2022-08-28 16:30:08+00:00,1.510794070938996,1113.2163693011114
-8.05545145,-34.95499225,,2022-08-28 16:30:09+00:00,1.5072632942059343,1114.7236325953174
-8.05545244,-34.95497493,,2022-08-28 16:30:10+00:00,1.9122918481017852,1116.6359244434193
-8.05545311,-34.95495794,,2022-08-28 16:30:11+00:00,1.8742447923521022,1118.5101692357714
-8.05545443,-34.95494127,,2022-08-28 16:30:12+00:00,1.843296449120049,1120.3534656848915
-8.05545443,-34.95492428,,2022-08-28 16:30:13+00:00,1.8727794301995537,1122.226245115091
-8.05545542,-34.95490762,,2022-08-28 16:30:14+00:00,1.8396651924141678,1124.0659103075052
-8.05545775,-34.95489128,,2022-08-28 16:30:15+00:00,1.8194714740881286,1125.8853817815934
-8.05545775,-34.95487529,,2022-08-28 16:30:16+00:00,1.7625510800193183,1127.6479328616128
-8.05545675,-34.95485929,,2022-08-28 16:30:17+00:00,1.7671176198563314,1129.4150504814693
-8.05545742,-34.95484296,,2022-08-28 16:30:18+00:00,1.8015532458763923,1131.2166037273457
-8.05545908,-34.95482764,,2022-08-28 16:30:19+00:00,1.6986483901371792,1132.9152521174829
-8.05546241,-34.95481164,,2022-08-28 16:30:20+00:00,1.8016955751247674,1134.7169476926076
-8.05546508,-34.95479631,,2022-08-28 16:30:21+00:00,1.7154073361548714,1136.4323550287625
-8.05546873,-34.95478198,,2022-08-28 16:30:22+00:00,1.63033794167011,1138.0626929704326
-8.05547207,-34.95476799,,2022-08-28 16:30:23+00:00,1.5857189754946661,1139.6484119459274
-8.05547572,-34.95475199,,2022-08-28 16:30:24+00:00,1.809261455235841,1141.4576734011632
-8.05547739,-34.95473433,,2022-08-28 16:30:25+00:00,1.955374583931543,1143.4130479850949
-8.05547805,-34.95471734,,2022-08-28 16:30:26+00:00,1.8742012791828908,1145.2872492642778
-8.05547739,-34.95470068,,2022-08-28 16:30:27+00:00,1.8378540741770877,1147.125103338455
-8.05547739,-34.95468334,,2022-08-28 16:30:28+00:00,1.9113592402036934,1149.0364625786585
-8.05547838,-34.95466635,,2022-08-28 16:30:29+00:00,1.8759772068258787,1150.9124397854844
-8.05547937,-34.95464936,,2022-08-28 16:30:30+00:00,1.8759772012097087,1152.788416986694
-8.05547871,-34.95463304,,2022-08-28 16:30:31+00:00,1.8004066213986063,1154.5888236080928
-8.05547937,-34.95461671,,2022-08-28 16:30:32+00:00,1.801507998470137,1156.390331606563
-8.05548104,-34.95460104,,2022-08-28 16:30:33+00:00,1.7371244666272676,1158.1274560731902
-8.05548303,-34.95458638,,2022-08-28 16:30:34+00:00,1.6308659072424427,1159.7583219804326
-8.05548569,-34.95457173,,2022-08-28 16:30:35+00:00,1.6414230252810376,1161.3997450057136
-8.05548835,-34.9545574,,2022-08-28 16:30:36+00:00,1.6067335299556997,1163.0064785356692
-8.05549102,-34.95454374,,2022-08-28 16:30:37+00:00,1.5344010630911096,1164.5408795987603
-8.05549234,-34.9545304,,2022-08-28 16:30:38+00:00,1.477674932938433,1166.0185545316988
-8.055494,-34.9545174,,2022-08-28 16:30:39+00:00,1.4446809551764381,1167.4632354868752
-8.05549532,-34.95450441,,2022-08-28 16:30:40+00:00,1.4392887945794344,1168.9025242814546
-8.05549698,-34.95449141,,2022-08-28 16:30:41+00:00,1.4446809432478651,1170.3472052247025
-8.05549931,-34.95447842,,2022-08-28 16:30:42+00:00,1.454868931146494,1171.802074155849
-8.05550097,-34.95446442,,2022-08-28 16:30:43+00:00,1.554078710855155,1173.3561528667042
-8.0555013,-34.95444976,,2022-08-28 16:30:44+00:00,1.6163593141845902,1174.9725121808888
-8.05550162,-34.95443543,,2022-08-28 16:30:45+00:00,1.5799682947569853,1176.5524804756458
-8.05550262,-34.95442211,,2022-08-28 16:30:46+00:00,1.4724007276732198,1178.024881203319
-8.05550361,-34.95440978,,2022-08-28 16:30:47+00:00,1.3635183446852108,1179.3883995480041
-8.05550495,-34.95439779,,2022-08-28 16:30:48+00:00,1.3299205937869274,1180.718320141791
-8.0555056,-34.95438512,,2022-08-28 16:30:49+00:00,1.3984417678165146,1182.1167619096077
-8.05550627,-34.95437246,,2022-08-28 16:30:50+00:00,1.3974564801270914,1183.5142183897349
-8.05550659,-34.95435913,,2022-08-28 16:30:51+00:00,1.4697696847347945,1184.9839880744696
-8.05550693,-34.95434546,,2022-08-28 16:30:52+00:00,1.5072902744717733,1186.4912783489415
-8.05550758,-34.95433281,,2022-08-28 16:30:53+00:00,1.396240113687446,1187.887518462629
-8.05550857,-34.95432014,,2022-08-28 16:30:54+00:00,1.4008781642100365,1189.2883966268391
-8.0555109,-34.95430815,,2022-08-28 16:30:55+00:00,1.346524941934839,1190.634921568774
-8.05551423,-34.95429649,,2022-08-28 16:30:56+00:00,1.3369864527758504,1191.9719080215498
-8.05551623,-34.95428549,,2022-08-28 16:30:57+00:00,1.232521866558284,1193.204429888108
-8.05551823,-34.95427483,,2022-08-28 16:30:58+00:00,1.1956716092896307,1194.4001014973976
-8.05552089,-34.95426284,,2022-08-28 16:30:59+00:00,1.353983361121325,1195.754084858519
-8.05552289,-34.95424917,,2022-08-28 16:31:00+00:00,1.5229694075821503,1197.2770542661012
-8.05552489,-34.95423451,,2022-08-28 16:31:01+00:00,1.6310153599471136,1198.9080696260482
-8.05552689,-34.95421885,,2022-08-28 16:31:01+00:00,1.7402895233177362,1200.648359149366
-8.05552754,-34.95420419,,2022-08-28 16:31:02+00:00,1.6175453314094796,1202.2659044807754
-8.05552854,-34.95419086,,2022-08-28 16:31:03+00:00,1.4734998069668988,1203.7394042877422
-8.0555302,-34.95417787,,2022-08-28 16:31:04+00:00,1.443587488008637,1205.182991775751
-8.0555322,-34.95416387,,2022-08-28 16:31:05+00:00,1.558967975972355,1206.7419597517232
-8.05553386,-34.95414887,,2022-08-28 16:31:06+00:00,1.6635860115033778,1208.4055457632267
-8.05553485,-34.95413321,,2022-08-28 16:31:07+00:00,1.729644359264728,1210.1351901224914
-8.05553685,-34.95411855,,2022-08-28 16:31:08+00:00,1.6310153143871764,1211.7662054368786
-8.05553817,-34.95410522,,2022-08-28 16:31:09+00:00,1.4765778806191325,1213.2427833174977
-8.05553949,-34.9540929,,2022-08-28 16:31:10+00:00,1.3658370961765824,1214.6086204136743
-8.05554083,-34.9540809,,2022-08-28 16:31:11+00:00,1.3310158997419272,1215.9396363134163
-8.05554182,-34.9540669,,2022-08-28 16:31:12+00:00,1.547075674887053,1217.4867119883033
-8.05554314,-34.95404991,,2022-08-28 16:31:13+00:00,1.8784603875519754,1219.3651723758553
-8.05554514,-34.95403192,,2022-08-28 16:31:14+00:00,1.995305502831191,1221.3604778786864
-8.0555468,-34.95401258,,2022-08-28 16:31:15+00:00,2.1397061959856116,1223.500184074672
-8.0555488,-34.95399293,,2022-08-28 16:31:16+00:00,2.177251169708508,1225.6774352443806
-8.05555046,-34.95397494,,2022-08-28 16:31:17+00:00,1.991487651882879,1227.6689228962634
-8.05555145,-34.9539596,,2022-08-28 16:31:18+00:00,1.6944434449054542,1229.3633663411688
-8.05555013,-34.95394594,,2022-08-28 16:31:19+00:00,1.512779231787678,1230.8761455729564
-8.05554547,-34.95393361,,2022-08-28 16:31:20+00:00,1.4535501384118534,1232.3296957113682
-8.05553782,-34.95392129,,2022-08-28 16:31:21+00:00,1.6000051193552853,1233.9297008307235
-8.05552848,-34.95390996,,2022-08-28 16:31:22+00:00,1.6207220441114925,1235.550422874835
-8.05551982,-34.95389997,,2022-08-28 16:31:23+00:00,1.4594202801318743,1237.0098431549668
-8.05551082,-34.95389064,,2022-08-28 16:31:24+00:00,1.4312301379072667,1238.441073292874
-8.05550216,-34.95388231,,2022-08-28 16:31:25+00:00,1.3268017841101887,1239.7678750769842
-8.05549449,-34.95387531,,2022-08-28 16:31:26+00:00,1.1467036252400686,1240.9145787022242
-8.05548717,-34.95386799,,2022-08-28 16:31:27+00:00,1.142993506466903,1242.057572208691
-8.05547917,-34.95386165,,2022-08-28 16:31:28+00:00,1.127476634356002,1243.185048843047
-8.05547018,-34.953856,,2022-08-28 16:31:29+00:00,1.173208423125632,1244.3582572661728
-8.05546018,-34.95385134,,2022-08-28 16:31:30+00:00,1.2194261339687713,1245.5776834001415
-8.05544919,-34.95384967,,2022-08-28 16:31:31+00:00,1.2293115751340813,1246.8069949752755
-8.05543819,-34.95384967,,2022-08-28 16:31:32+00:00,1.2165569116922963,1248.0235518869679
-8.05542653,-34.95384868,,2022-08-28 16:31:33+00:00,1.294159394818887,1249.3177112817868
-8.05541688,-34.95384402,,2022-08-28 16:31:34+00:00,1.1844315310339235,1250.5021428128207
-8.05541054,-34.95383902,,2022-08-28 16:31:35+00:00,0.8918572943310734,1251.3940001071517
-8.05540622,-34.95383269,,2022-08-28 16:31:36+00:00,0.8456463397778738,1252.2396464469296
-8.05540389,-34.95382469,,2022-08-28 16:31:37+00:00,0.9187067289726143,1253.1583531759022
-8.05540123,-34.95381537,,2022-08-28 16:31:38+00:00,1.0686198725342448,1254.2269730484365
-8.0553989,-34.95380437,,2022-08-28 16:31:39+00:00,1.2395920950559305,1255.4665651434925
-8.05539623,-34.95379238,,2022-08-28 16:31:40+00:00,1.3542244728028363,1256.8207896162953
-8.05539224,-34.95378072,,2022-08-28 16:31:41+00:00,1.3589063699313562,1258.1796959862268
-8.05538624,-34.95377072,,2022-08-28 16:31:42+00:00,1.2866090166476067,1259.4663050028744
-8.05537692,-34.95376173,,2022-08-28 16:31:43+00:00,1.4298407492535994,1260.896145752128
-8.05536493,-34.95375407,,2022-08-28 16:31:44+00:00,1.5720452732572845,1262.4681910253853
-8.05535159,-34.95374708,,2022-08-28 16:31:45+00:00,1.6644300010937465,1264.132621026479
-8.05533759,-34.95374041,,2022-08-28 16:31:46+00:00,1.7140378836761159,1265.8466589101552
-8.05532327,-34.95373375,,2022-08-28 16:31:47+00:00,1.745609622616519,1267.5922685327716
-8.05530727,-34.95372476,,2022-08-28 16:31:48+00:00,2.0281149662941824,1269.6203834990658
-8.05528994,-34.95371543,,2022-08-28 16:31:49+00:00,2.1751185710683814,1271.7955020701343
-8.05527328,-34.9537071,,2022-08-28 16:31:50+00:00,2.058644014907891,1273.8541460850422
-8.05525695,-34.95369644,,2022-08-28 16:31:51+00:00,2.154638067989094,1276.0087841530312
-8.05524129,-34.95368444,,2022-08-28 16:31:52+00:00,2.1792752375057964,1278.188059390537
-8.05522763,-34.95367112,,2022-08-28 16:31:53+00:00,2.1066746488520858,1280.2947340393891
-8.05521663,-34.95365712,,2022-08-28 16:31:54+00:00,1.9650622060922658,1282.2597962454813
-8.05520864,-34.95364312,,2022-08-28 16:31:55+00:00,1.7782909359929295,1284.0380871814743
-8.05520298,-34.95362945,,2022-08-28 16:31:56+00:00,1.631672942727436,1285.6697601242017
-8.05519832,-34.95361479,,2022-08-28 16:31:57+00:00,1.696143711648888,1287.3659038358505
-8.05519299,-34.95359979,,2022-08-28 16:31:58+00:00,1.7553635268972234,1289.1212673627479
-8.055189,-34.9535828,,2022-08-28 16:31:59+00:00,1.924067026761309,1291.0453343895092
-8.055187,-34.95356481,,2022-08-28 16:32:00+00:00,1.99530722437159,1293.0406416138808
-8.05518667,-34.95354648,,2022-08-28 16:32:01+00:00,2.0208163267615653,1295.0614579406424
-8.05518634,-34.95352882,,2022-08-28 16:32:02+00:00,1.9469757966069554,1297.0084337372493
-8.05518567,-34.95351282,,2022-08-28 16:32:03+00:00,1.765210484527381,1298.7736442217767
-8.05518468,-34.95349817,,2022-08-28 16:32:04+00:00,1.6185537695021657,1300.3921979912789
-8.05518268,-34.95348584,,2022-08-28 16:32:05+00:00,1.3769978413734325,1301.7691958326523
-8.05518168,-34.95347284,,2022-08-28 16:32:06+00:00,1.4372308731356251,1303.2064267057879
-8.05518036,-34.95345985,,2022-08-28 16:32:07+00:00,1.439289891465339,1304.645716597253
-8.05518004,-34.95344585,,2022-08-28 16:32:08+00:00,1.5436035054667627,1306.1893201027199
-8.05518036,-34.95343085,,2022-08-28 16:32:09+00:00,1.653804871663586,1307.8431249743835
-8.05518036,-34.9534152,,2022-08-28 16:32:10+00:00,1.7250746195230595,1309.5681995939065
-8.05518103,-34.95339986,,2022-08-28 16:32:11+00:00,1.6925266378850263,1311.2607262317915
-8.05518103,-34.95338521,,2022-08-28 16:32:12+00:00,1.6148462069151985,1312.8755724387067
-8.05517937,-34.95336988,,2022-08-28 16:32:13+00:00,1.6997453674290315,1314.5753178061357
-8.05517705,-34.95335455,,2022-08-28 16:32:14+00:00,1.7091705663301118,1316.2844883724658
-8.05517438,-34.95333989,,2022-08-28 16:32:15+00:00,1.6427071211486104,1317.9271954936144
-8.05517272,-34.95332524,,2022-08-28 16:32:16+00:00,1.625248741843157,1319.5524442354574
-8.05517106,-34.95331057,,2022-08-28 16:32:17+00:00,1.6274392240484359,1321.1798834595058
-8.05517007,-34.95329558,,2022-08-28 16:32:18+00:00,1.65594757906355,1322.8358310385695
-8.05516907,-34.95328059,,2022-08-28 16:32:19+00:00,1.6560210794115162,1324.491852117981
-8.05516808,-34.95326627,,2022-08-28 16:32:20+00:00,1.582263696695875,1326.0741158146768
-8.05516674,-34.9532516,,2022-08-28 16:32:21+00:00,1.6238276544479313,1327.6979434691248
-8.05516642,-34.95323794,,2022-08-28 16:32:22+00:00,1.5061359929536213,1329.2040794620784
-8.05516642,-34.95322461,,2022-08-28 16:32:23+00:00,1.469344758818489,1330.673424220897
-8.05516575,-34.95321161,,2022-08-28 16:32:24+00:00,1.4348839572630727,1332.10830817816
-8.05516475,-34.95319862,,2022-08-28 16:32:25+00:00,1.4361319189971211,1333.5444400971571
-8.05516275,-34.95318529,,2022-08-28 16:32:26+00:00,1.4859004088684344,1335.0303405060256
-8.0551601,-34.95317096,,2022-08-28 16:32:27+00:00,1.6065326401882203,1336.636873146214
-8.05515644,-34.95315696,,2022-08-28 16:32:28+00:00,1.5954020573545624,1338.2322752035684
-8.05515245,-34.95314296,,2022-08-28 16:32:29+00:00,1.6050502092382404,1339.8373254128066
-8.05514879,-34.95312763,,2022-08-28 16:32:30+00:00,1.7376069217949457,1341.5749323346015
-8.05514613,-34.95311264,,2022-08-28 16:32:31+00:00,1.678308601251752,1343.2532409358532
-8.0551438,-34.95309765,,2022-08-28 16:32:32+00:00,1.6722972805885328,1344.9255382164417
-8.05513915,-34.95308365,,2022-08-28 16:32:33+00:00,1.6266330838661172,1346.552171300308
-8.05513648,-34.95306899,,2022-08-28 16:32:34+00:00,1.6427072690604814,1348.1948785693685
-8.05513248,-34.95305399,,2022-08-28 16:32:35+00:00,1.711584806758808,1349.9064633761272
-8.05512749,-34.95303967,,2022-08-28 16:32:36+00:00,1.6721651214420488,1351.5786284975693
-8.05512317,-34.95302468,,2022-08-28 16:32:37+00:00,1.7200127698279863,1353.2986412673972
-8.05512151,-34.95300935,,2022-08-28 16:32:38+00:00,1.6997456040378667,1354.998386871435
-8.05511951,-34.95299535,,2022-08-28 16:32:39+00:00,1.5589695126783925,1356.5573563841135
-8.05511751,-34.95298236,,2022-08-28 16:32:40+00:00,1.4488512142206664,1358.0062075983342
-8.05511351,-34.95296969,,2022-08-28 16:32:41+00:00,1.4649843665830447,1359.4711919649171
-8.05511052,-34.9529577,,2022-08-28 16:32:42+00:00,1.3623802883645926,1360.8335722532818
-8.0551092,-34.95294504,,2022-08-28 16:32:43+00:00,1.403107206943852,1362.2366794602256
-8.05510853,-34.95293204,,2022-08-28 16:32:44+00:00,1.4348841577872293,1363.671563618013
-8.05510886,-34.95291838,,2022-08-28 16:32:45+00:00,1.5061626000880326,1365.177726218101
-8.05510919,-34.95290471,,2022-08-28 16:32:46+00:00,1.507264559612289,1366.6849907777134
-8.05510952,-34.95289239,,2022-08-28 16:32:47+00:00,1.3585045862623815,1368.0434953639758
-8.05511051,-34.95288005,,2022-08-28 16:32:48+00:00,1.3646183773568077,1369.4081137413327
-8.05511084,-34.95286806,,2022-08-28 16:32:49+00:00,1.3221426917668173,1370.7302564330996
-8.05511018,-34.95285507,,2022-08-28 16:32:50+00:00,1.433726607825967,1372.1639830409256
-8.05511118,-34.95284141,,2022-08-28 16:32:51+00:00,1.5097765525310722,1373.6737595934567
-8.05511417,-34.95282741,,2022-08-28 16:32:52+00:00,1.578230287081749,1375.2519898805385
-8.0551175,-34.95281308,,2022-08-28 16:32:53+00:00,1.6219389105974695,1376.873928791136
-8.05511916,-34.95279808,,2022-08-28 16:32:54+00:00,1.6635876836217285,1378.5375164747577
-8.05512048,-34.95278343,,2022-08-28 16:32:55+00:00,1.621431839318222,1380.1589483140758
-8.05512115,-34.9527681,,2022-08-28 16:32:56+00:00,1.6914256572409712,1381.8503739713167
-8.05512281,-34.95275244,,2022-08-28 16:32:57+00:00,1.7359126307611439,1383.5862866020777
-8.05512547,-34.95273545,,2022-08-28 16:32:58+00:00,1.8957461946069663,1385.4820327966847
-8.05513046,-34.95271746,,2022-08-28 16:32:59+00:00,2.0583710799242834,1387.540403876609
-8.05513713,-34.95269912,,2022-08-28 16:33:00+00:00,2.151973251259593,1389.6923771278684
-8.05514445,-34.95268147,,2022-08-28 16:33:01+00:00,2.107246089283762,1391.7996232171522
-8.05515045,-34.9526648,,2022-08-28 16:33:02+00:00,1.9536551582878108,1393.75327837544
-8.05515444,-34.95264947,,2022-08-28 16:33:03+00:00,1.7464696369657433,1395.4997480124057
-8.05515711,-34.95263414,,2022-08-28 16:33:04+00:00,1.715408593419668,1397.2151566058253
-8.0551601,-34.95261814,,2022-08-28 16:33:05+00:00,1.7943880648885118,1399.009544670714
-8.05516343,-34.95260115,,2022-08-28 16:33:06+00:00,1.9086491641490568,1400.918193834863
-8.0551661,-34.95258449,,2022-08-28 16:33:07+00:00,1.8599951155303573,1402.7781889503933
-8.05516776,-34.9525695,,2022-08-28 16:33:08+00:00,1.6624919386406205,1404.440680889034
-8.05516875,-34.95255517,,2022-08-28 16:33:09+00:00,1.5833633428093972,1406.0240442318434
-8.05517041,-34.95254151,,2022-08-28 16:33:10+00:00,1.5168711852366963,1407.54091541708
-8.05517173,-34.95252918,,2022-08-28 16:33:11+00:00,1.366934289305981,1408.907849706386
-8.05517307,-34.95251652,,2022-08-28 16:33:12+00:00,1.4033388595242136,1410.3111885659102
-8.05517439,-34.95250419,,2022-08-28 16:33:13+00:00,1.366934280542571,1411.6781228464529
-8.05517538,-34.95249119,,2022-08-28 16:33:14+00:00,1.4371462158523975,1413.1152690623053
-8.0551767,-34.95247753,,2022-08-28 16:33:15+00:00,1.5127806108805135,1414.6280496731858
-8.0551787,-34.9524632,,2022-08-28 16:33:16+00:00,1.5949850283927196,1416.2230347015786
-8.05518004,-34.9524492,,2022-08-28 16:33:17+00:00,1.5502974407612244,1417.7733321423398
-8.05518069,-34.95243588,,2022-08-28 16:33:18+00:00,1.4700012307237798,1419.2433333730635
-8.05518203,-34.95242321,,2022-08-28 16:33:19+00:00,1.4044349557380302,1420.6477683288015
-8.05518302,-34.95241021,,2022-08-28 16:33:20+00:00,1.4371461909749295,1422.0849145197765
-8.05518502,-34.95239722,,2022-08-28 16:33:21+00:00,1.4488509867313402,1423.5337655065077
-8.05518867,-34.95238356,,2022-08-28 16:33:22+00:00,1.5588928654615446,1425.0926583719693
-8.05519201,-34.95236923,,2022-08-28 16:33:23+00:00,1.6221901129742031,1426.7148484849436
-8.05519433,-34.95235491,,2022-08-28 16:33:24+00:00,1.5991887968290956,1428.3140372817727
-8.055196,-34.95234025,,2022-08-28 16:33:25+00:00,1.6264691075161026,1429.9405063892889
-8.05519765,-34.95232625,,2022-08-28 16:33:26+00:00,1.5539495888871568,1431.4944559781761
-8.05519965,-34.95231159,,2022-08-28 16:33:27+00:00,1.6310166376445303,1433.1254726158206
-8.05520331,-34.95229693,,2022-08-28 16:33:28+00:00,1.665874381794991,1434.7913469976156
-8.05520963,-34.95228227,,2022-08-28 16:33:29+00:00,1.7606374983737707,1436.5519844959895
-8.05521696,-34.95226795,,2022-08-28 16:33:30+00:00,1.7744730065644287,1438.326457502554
-8.05522496,-34.95225528,,2022-08-28 16:33:31+00:00,1.6532664218753184,1439.9797239244292
-8.05523228,-34.95224263,,2022-08-28 16:33:32+00:00,1.6123628860106385,1441.59208681044
-8.05524161,-34.95222929,,2022-08-28 16:33:33+00:00,1.796371842208382,1443.3884586526483
-8.05525127,-34.95221497,,2022-08-28 16:33:34+00:00,1.9060321366238053,1445.294490789272
-8.05525927,-34.95219998,,2022-08-28 16:33:35+00:00,1.8742968646578761,1447.16878765393
-8.05526559,-34.95218532,,2022-08-28 16:33:36+00:00,1.7606372949395785,1448.9294249488696
-8.05527025,-34.95216999,,2022-08-28 16:33:37+00:00,1.7666471614279524,1450.6960721102976
-8.05527292,-34.952155,,2022-08-28 16:33:38+00:00,1.67850232146452,1452.374574431762
-8.05527492,-34.95213967,,2022-08-28 16:33:39+00:00,1.7042164967743358,1454.0787909285364
-8.05527624,-34.95212468,,2022-08-28 16:33:40+00:00,1.6587600931577553,1455.7375510216941
-8.0552789,-34.95210969,,2022-08-28 16:33:41+00:00,1.6783080818033538,1457.4158591034975
-8.05528123,-34.95209469,,2022-08-28 16:33:42+00:00,1.6733858675064455,1459.0892449710038
-8.05528323,-34.95208136,,2022-08-28 16:33:43+00:00,1.4858999861327837,1460.5751449571367
-8.0552829,-34.95207003,,2022-08-28 16:33:44+00:00,1.2494207377286146,1461.8245656948652
-8.05527991,-34.95205871,,2022-08-28 16:33:45+00:00,1.2908597579030285,1463.1154254527682
-8.05527591,-34.95204838,,2022-08-28 16:33:46+00:00,1.2215763090435245,1464.3370017618117
-8.05527092,-34.95203772,,2022-08-28 16:33:47+00:00,1.2981801429609923,1465.6351819047727
-8.05526525,-34.95202606,,2022-08-28 16:33:48+00:00,1.430080417116178,1467.065262321889
-8.05526226,-34.9520144,,2022-08-28 16:33:49+00:00,1.3271216044529477,1468.3923839263418
-8.0552606,-34.95200207,,2022-08-28 16:33:50+00:00,1.3714596165639175,1469.7638435429058
-8.05526127,-34.95199075,,2022-08-28 16:33:51+00:00,1.2499836055919225,1471.0138271484977
-8.05526259,-34.95197909,,2022-08-28 16:33:52+00:00,1.2935274054979624,1472.3073545539958
-8.05526358,-34.95196809,,2022-08-28 16:33:53+00:00,1.2174457220675234,1473.5248002760634
-8.05526425,-34.95195577,,2022-08-28 16:33:54+00:00,1.3600338310986309,1474.884834107162
-8.05526524,-34.9519431,,2022-08-28 16:33:55+00:00,1.4008789957474774,1476.2857131029095
-8.05526557,-34.95192978,,2022-08-28 16:33:56+00:00,1.468695655077469,1477.754408757987
-8.05526723,-34.95191644,,2022-08-28 16:33:57+00:00,1.4818632014258577,1479.2362719594128
-8.05527123,-34.95190344,,2022-08-28 16:33:58+00:00,1.499701339704486,1480.7359732991172
-8.05527522,-34.95189012,,2022-08-28 16:33:59+00:00,1.5331214667818238,1482.269094765899
-8.05528089,-34.95187779,,2022-08-28 16:34:00+00:00,1.496805025533576,1483.7658997914325
-8.05528622,-34.95186513,,2022-08-28 16:34:01+00:00,1.514885902258305,1485.2807856936909
-8.05529155,-34.95185246,,2022-08-28 16:34:02+00:00,1.515901354749426,1486.7966870484404
-8.05529855,-34.95183947,,2022-08-28 16:34:03+00:00,1.6277546699210392,1488.4244417183613
-8.05530622,-34.95182681,,2022-08-28 16:34:04+00:00,1.6330833250139276,1490.0575250433753
-8.05531254,-34.95181281,,2022-08-28 16:34:05+00:00,1.6941112617728238,1491.7516363051482
-8.05531787,-34.95179681,,2022-08-28 16:34:06+00:00,1.8595587213181723,1493.6111950264662
-8.05532052,-34.95177882,,2022-08-28 16:34:07+00:00,2.004549343096024,1495.6157443695622
-8.05532285,-34.95176083,,2022-08-28 16:34:08+00:00,1.9996814536386076,1497.615425823201
-8.05532485,-34.95174449,,2022-08-28 16:34:09+00:00,1.8146627715166572,1499.4300885947175
-8.05532685,-34.95172949,,2022-08-28 16:34:10+00:00,1.6681552893957756,1501.0982438841133
-8.05532685,-34.9517145,,2022-08-28 16:34:11+00:00,1.6523232750643333,1502.7505671591778
-8.05532551,-34.95169951,,2022-08-28 16:34:12+00:00,1.658956022234035,1504.4095231814117
-8.05532452,-34.95168351,,2022-08-28 16:34:13+00:00,1.7670493191123635,1506.1765725005241
-8.05532252,-34.95166785,,2022-08-28 16:34:14+00:00,1.7402903744338578,1507.916862874958
-8.05531886,-34.95165252,,2022-08-28 16:34:15+00:00,1.7376062370316177,1509.6544691119896
-8.05531487,-34.95163753,,2022-08-28 16:34:16+00:00,1.7102335922688447,1511.3647027042584
-8.05531153,-34.95162321,,2022-08-28 16:34:17+00:00,1.621116343198507,1512.985819047457
-8.05530788,-34.95160889,,2022-08-28 16:34:18+00:00,1.6292705928218234,1514.6150896402787
-8.05530388,-34.95159422,,2022-08-28 16:34:19+00:00,1.676471146654515,1516.2915607869331
-8.05530222,-34.95158156,,2022-08-28 16:34:20+00:00,1.4075158748359569,1517.6990766617691
-8.05530122,-34.95156923,,2022-08-28 16:34:21+00:00,1.363608267462858,1519.062684929232
-8.0552999,-34.95155657,,2022-08-28 16:34:22+00:00,1.403106559134186,1520.4657914883662
-8.05529924,-34.95154324,,2022-08-28 16:34:23+00:00,1.4711562282635904,1521.93694771663
-8.05529857,-34.95152825,,2022-08-28 16:34:24+00:00,1.6539840678067932,1523.5909317844366
-8.05529725,-34.95151225,,2022-08-28 16:34:25+00:00,1.7696857853464774,1525.360617569783
-8.05529558,-34.95149459,,2022-08-28 16:34:26+00:00,1.95537543963438,1527.3159930094173
-8.05529393,-34.9514776,,2022-08-28 16:34:27+00:00,1.8816497501371814,1529.1976427595546
-8.05529293,-34.9514616,,2022-08-28 16:34:28+00:00,1.7671183287140915,1530.9647610882687
-8.05529293,-34.9514476,,2022-08-28 16:34:29+00:00,1.5431973169803919,1532.5079584052492
-8.05529227,-34.95143461,,2022-08-28 16:34:30+00:00,1.4337259694389703,1533.941684374688
-8.05528894,-34.95142128,,2022-08-28 16:34:31+00:00,1.5147958643932005,1535.4564802390812
-8.05528395,-34.95140629,,2022-08-28 16:34:32+00:00,1.7420499867383654,1537.1985302258195
-8.05527961,-34.95139262,,2022-08-28 16:34:33+00:00,1.5814234202102975,1538.7799536460298
-8.05527528,-34.95137996,,2022-08-28 16:34:34+00:00,1.4753722002583123,1540.255325846288
-8.05526929,-34.95136697,,2022-08-28 16:34:35+00:00,1.57769120031154,1541.8330170465997
-8.05526329,-34.95135297,,2022-08-28 16:34:36+00:00,1.6798190472625434,1543.5128360938622
-8.05525797,-34.95133864,,2022-08-28 16:34:37+00:00,1.6855951085704326,1545.1984312024326
-8.05525564,-34.95132564,,2022-08-28 16:34:38+00:00,1.455954632976416,1546.6543858354091
-8.05525464,-34.95131365,,2022-08-28 16:34:39+00:00,1.326257721221114,1547.9806435566302
-8.05525564,-34.95130199,,2022-08-28 16:34:40+00:00,1.2900126138260168,1549.2706561704563
-8.0552573,-34.951289,,2022-08-28 16:34:41+00:00,1.4435884397280383,1550.7142446101843
-8.05525829,-34.95127366,,2022-08-28 16:34:42+00:00,1.6944446610403059,1552.4086892712246
-8.05525961,-34.951257,,2022-08-28 16:34:43+00:00,1.8421985058863244,1554.2508877771108
-8.05526161,-34.95124034,,2022-08-28 16:34:44+00:00,1.8496781126224178,1556.1005658897332
-8.05526295,-34.95122567,,2022-08-28 16:34:45+00:00,1.623827280760795,1557.724393170494
-8.05526394,-34.95121268,,2022-08-28 16:34:46+00:00,1.4360468294049356,1559.160439999899
-8.05526459,-34.95120103,,2022-08-28 16:34:47+00:00,1.2861712739421243,1560.446611273841
-8.05526394,-34.95119003,,2022-08-28 16:34:48+00:00,1.2146414258320832,1561.661252699673
-8.05526161,-34.95117736,,2022-08-28 16:34:49+00:00,1.420168105608382,1563.0814208052814
-8.05525596,-34.9511567,,2022-08-28 16:34:50+00:00,2.3614909427024675,1565.4429117479838
-8.05524896,-34.9511327,,2022-08-28 16:34:51+00:00,2.756431549974104,1568.199343297958
-8.05524196,-34.95110805,,2022-08-28 16:34:52+00:00,2.8252677658218155,1571.0246110637797
-8.05523663,-34.95108438,,2022-08-28 16:34:53+00:00,2.674867822938565,1573.6994788867182
-8.0552313,-34.95106306,,2022-08-28 16:34:54+00:00,2.422872146152405,1576.1223510328707
-8.05522797,-34.95104439,,2022-08-28 16:34:55+00:00,2.090657871612454,1578.213008904483
-8.05522564,-34.95102839,,2022-08-28 16:34:56+00:00,1.7823805044668128,1579.99538940895
-8.05522398,-34.9510134,,2022-08-28 16:34:57+00:00,1.6624917065849738,1581.6578811155348
-8.05522198,-34.95099908,,2022-08-28 16:34:58+00:00,1.5938932300352417,1583.25177434557
-8.05521932,-34.95098608,,2022-08-28 16:34:59+00:00,1.462855378932936,1584.714629724503
-8.05521665,-34.95097442,,2022-08-28 16:35:00+00:00,1.3187488172005828,1586.0333785417038
-8.05521533,-34.95096342,,2022-08-28 16:35:01+00:00,1.2212692128982603,1587.254647754602
-8.05521533,-34.95095275,,2022-08-28 16:35:02+00:00,1.176137036437057,1588.430784791039
-8.055216,-34.9509411,,2022-08-28 16:35:03+00:00,1.2862969514798765,1589.717081742519
-8.05521699,-34.95092811,,2022-08-28 16:35:04+00:00,1.4360469938190061,1591.153128736338
-8.05521566,-34.95091311,,2022-08-28 16:35:05+00:00,1.65995597748146,1592.8130847138195
-8.055214,-34.95089644,,2022-08-28 16:35:06+00:00,1.8466560883201433,1594.6597408021396
-8.05521633,-34.95088011,,2022-08-28 16:35:07+00:00,1.8183813634459398,1596.4781221655855
-8.05521932,-34.95086512,,2022-08-28 16:35:08+00:00,1.6850888526120247,1598.1632110181977
-8.05522632,-34.95085112,,2022-08-28 16:35:09+00:00,1.7264999129622391,1599.88971093116
-8.05523698,-34.95083679,,2022-08-28 16:35:10+00:00,1.971036197536333,1601.8607471286962
-8.0552483,-34.95082279,,2022-08-28 16:35:11+00:00,1.987166690239875,1603.8479138189361
-8.05525829,-34.95081014,,2022-08-28 16:35:12+00:00,1.7790518060906104,1605.6269656250267
-8.05526629,-34.9507978,,2022-08-28 16:35:13+00:00,1.6226550537278173,1607.2496206787546
-8.05527329,-34.95078581,,2022-08-28 16:35:14+00:00,1.5316889689917987,1608.7813096477464
-8.05527961,-34.95077281,,2022-08-28 16:35:15+00:00,1.5943510719954108,1610.3756607197417
-8.05528427,-34.95075849,,2022-08-28 16:35:16+00:00,1.6604767838493175,1612.0361375035911
-8.05528793,-34.9507435,,2022-08-28 16:35:16+00:00,1.7011822199395756,1613.7373197235306
-8.05529126,-34.9507275,,2022-08-28 16:35:17+00:00,1.801696299909711,1615.5390160234404
-8.05529425,-34.95071151,,2022-08-28 16:35:18+00:00,1.793304101034616,1617.332320124475
-8.05529792,-34.95069718,,2022-08-28 16:35:19+00:00,1.630887665994139,1618.9632077904691
-8.05530157,-34.95068385,,2022-08-28 16:35:20+00:00,1.5237869526537782,1620.486994743123
-8.05530557,-34.95067085,,2022-08-28 16:35:21+00:00,1.499701224084461,1621.9866959672074
-8.05531223,-34.9506562,,2022-08-28 16:35:22+00:00,1.7748977057517346,1623.7615936729592
-8.05531722,-34.95064286,,2022-08-28 16:35:23+00:00,1.5705980833252005,1625.3321917562844
-8.05532154,-34.95063021,,2022-08-28 16:35:24+00:00,1.4739706463452595,1626.8061624026295
-8.05532554,-34.95061588,,2022-08-28 16:35:25+00:00,1.6403516025016747,1628.4465140051311
-8.05532954,-34.95059988,,2022-08-28 16:35:26+00:00,1.8182901497019988,1630.2648041548332
-8.05533253,-34.95058289,,2022-08-28 16:35:27+00:00,1.9017506906133637,1632.1665548454466
-8.05533587,-34.95056524,,2022-08-28 16:35:28+00:00,1.980287700507564,1634.146842545954
-8.05533852,-34.95054924,,2022-08-28 16:35:29+00:00,1.7878396708158213,1635.93468221677
-8.05534018,-34.95053357,,2022-08-28 16:35:30+00:00,1.7370078217197897,1637.6716900384897
-8.0553415,-34.95051858,,2022-08-28 16:35:31+00:00,1.658759830242382,1639.330449868732
-8.05534183,-34.95050359,,2022-08-28 16:35:32+00:00,1.652726238520329,1640.9831761072523
-8.0553415,-34.95048792,,2022-08-28 16:35:33+00:00,1.7276640415872264,1642.7108401488397
-8.05534449,-34.95047027,,2022-08-28 16:35:34+00:00,1.9734336432321795,1644.684273792072
-8.05534716,-34.95045261,,2022-08-28 16:35:35+00:00,1.968902455083081,1646.653176247155
-8.05534815,-34.95043528,,2022-08-28 16:35:36+00:00,1.913392811521977,1648.566569058677
-8.05535015,-34.95041962,,2022-08-28 16:35:37+00:00,1.740290266818639,1650.3068593254957
-8.05535082,-34.95040362,,2022-08-28 16:35:38+00:00,1.7652097725073008,1652.0720690980029
-8.05535114,-34.95038796,,2022-08-28 16:35:39+00:00,1.7265389409615455,1653.7986080389644
-8.05535147,-34.9503723,,2022-08-28 16:35:40+00:00,1.7265619639408605,1655.5251700029053
-8.05535082,-34.95035663,,2022-08-28 16:35:41+00:00,1.728773755156611,1657.253943758062
-8.05534815,-34.95034164,,2022-08-28 16:35:42+00:00,1.6785020102147985,1658.9324457682767
-8.05534449,-34.95032732,,2022-08-28 16:35:43+00:00,1.629544826176278,1660.561990594453
-8.05534049,-34.95031332,,2022-08-28 16:35:44+00:00,1.6053539413853908,1662.1673445358383
-8.05533617,-34.95029932,,2022-08-28 16:35:45+00:00,1.6154647787468595,1663.7828093145852
-8.05533151,-34.95028632,,2022-08-28 16:35:46+00:00,1.522830844821053,1665.3056401594063
-8.05532652,-34.95027433,,2022-08-28 16:35:47+00:00,1.4322335092114913,1666.7378736686178
-8.05532119,-34.95026299,,2022-08-28 16:35:48+00:00,1.3820121571038937,1668.1198858257217
-8.05531687,-34.95025067,,2022-08-28 16:35:49+00:00,1.439607525956513,1669.5594933516782
-8.05531253,-34.95023834,,2022-08-28 16:35:50+00:00,1.4413824657387015,1671.000875817417
-8.05530853,-34.95022468,,2022-08-28 16:35:51+00:00,1.5693614673514367,1672.5702372847684
-8.05530387,-34.95020968,,2022-08-28 16:35:52+00:00,1.7318864200824708,1674.3021237048508
-8.05529788,-34.95019369,,2022-08-28 16:35:53+00:00,1.882938105014051,1676.185061809865
-8.05529221,-34.95017702,,2022-08-28 16:35:54+00:00,1.9415615706734897,1678.1266233805384
-8.05528588,-34.95016102,,2022-08-28 16:35:55+00:00,1.89751897102545,1680.0241423515638
-8.05528022,-34.95014569,,2022-08-28 16:35:56+00:00,1.8020185895405236,1681.8261609411043
-8.05527555,-34.95013103,,2022-08-28 16:35:57+00:00,1.696479796097485,1683.5226407372018
-8.05527056,-34.95011638,,2022-08-28 16:35:58+00:00,1.7065440239120193,1685.2291847611139
-8.05526757,-34.95010338,,2022-08-28 16:35:59+00:00,1.4706294526763268,1686.6998142137902
-8.05526625,-34.95009072,,2022-08-28 16:36:00+00:00,1.4031066737649787,1688.1029208875552
-8.05526625,-34.95007772,,2022-08-28 16:36:01+00:00,1.4329690305076535,1689.5358899180628
-8.05526558,-34.95006506,,2022-08-28 16:36:02+00:00,1.397457301519121,1690.933347219582
-8.05526392,-34.95005406,,2022-08-28 16:36:03+00:00,1.2263323736716394,1692.1596795932535
-8.05526126,-34.95004373,,2022-08-28 16:36:04+00:00,1.1760484846686778,1693.335728077922
-8.05525626,-34.95003641,,2022-08-28 16:36:05+00:00,0.9781765927525945,1694.3139046706747
-8.05524727,-34.95003207,,2022-08-28 16:36:06+00:00,1.1033624379476985,1695.4172671086224
-8.05523694,-34.95002908,,2022-08-28 16:36:07+00:00,1.1890475525530244,1696.6063146611755
-8.05522461,-34.95002809,,2022-08-28 16:36:08+00:00,1.3680091297268357,1697.9743237909024
-8.05521028,-34.95002809,,2022-08-28 16:36:09+00:00,1.5848418503089365,1699.5591656412114
-8.05519362,-34.95002576,,2022-08-28 16:36:10+00:00,1.860344651288755,1701.4195102925
-8.05517662,-34.95002109,,2022-08-28 16:36:11+00:00,1.949329698477066,1703.368839990977
-8.05515963,-34.95001343,,2022-08-28 16:36:12+00:00,2.060017083795055,1705.428857074772
-8.05514531,-34.95000444,,2022-08-28 16:36:13+00:00,1.8682098764421151,1707.297066951214
-8.05513298,-34.94999411,,2022-08-28 16:36:14+00:00,1.7765376787928857,1709.073604630007
-8.05512232,-34.94998511,,2022-08-28 16:36:15+00:00,1.5408140110900395,1710.614418641097
-8.05511199,-34.94997546,,2022-08-28 16:36:16+00:00,1.5609856084714886,1712.1754042495686
-8.05510166,-34.94996647,,2022-08-28 16:36:17+00:00,1.512348567439074,1713.6877528170078
-8.05509,-34.94995813,,2022-08-28 16:36:18+00:00,1.5836861793443628,1715.2714389963521
-8.05507767,-34.94995214,,2022-08-28 16:36:19+00:00,1.515089012809201,1716.7865280091614
-8.05506501,-34.94994748,,2022-08-28 16:36:20+00:00,1.491395703635893,1718.2779237127972
-8.05505268,-34.94994315,,2022-08-28 16:36:21+00:00,1.4447648185156423,1719.722688531313
-8.05504069,-34.94993715,,2022-08-28 16:36:22+00:00,1.4818271972707207,1721.2045157285838
-8.05502804,-34.94993083,,2022-08-28 16:36:23+00:00,1.5628904905828966,1722.7674062191668
-8.05501637,-34.94992516,,2022-08-28 16:36:24+00:00,1.434019785205163,1724.201426004372
-8.05500638,-34.94991951,,2022-08-28 16:36:25+00:00,1.2682951466285628,1725.4697211510006
-8.05499639,-34.94991417,,2022-08-28 16:36:26+00:00,1.251869679884334,1726.721590830885
-8.05498573,-34.94990884,,2022-08-28 16:36:27+00:00,1.3172357781020652,1728.038826608987
-8.05497441,-34.94990351,,2022-08-28 16:36:28+00:00,1.3829497223223608,1729.4217763313093
-8.05496242,-34.94989784,,2022-08-28 16:36:29+00:00,1.4659535867047262,1730.887729918014
-8.05494942,-34.94989152,,2022-08-28 16:36:30+00:00,1.5976342150051777,1732.4853641330192
-8.0549351,-34.94988419,,2022-08-28 16:36:31+00:00,1.7779320708131936,1734.2632962038324
-8.05492176,-34.94987719,,2022-08-28 16:36:32+00:00,1.664940905655716,1735.928237109488
-8.0549101,-34.94987054,,2022-08-28 16:36:33+00:00,1.483326466397482,1737.4115635758856
-8.05489876,-34.94986354,,2022-08-28 16:36:34+00:00,1.4725086736855424,1738.884072249571
-8.05488911,-34.94985587,,2022-08-28 16:36:35+00:00,1.3615495321200748,1740.2456217816912
-8.05487945,-34.94984555,,2022-08-28 16:36:36+00:00,1.560585578363254,1741.8062073600545
-8.05486778,-34.94983555,,2022-08-28 16:36:37+00:00,1.6972995109436388,1743.503506870998
-8.05485479,-34.94982589,,2022-08-28 16:36:38+00:00,1.7882275764475952,1745.2917344474456
-8.05484079,-34.9498169,,2022-08-28 16:36:39+00:00,1.8383043428192036,1747.1300387902647
-8.05482779,-34.9498079,,2022-08-28 16:36:40+00:00,1.74679662661608,1748.8768354168808
-8.05481447,-34.94979991,,2022-08-28 16:36:41+00:00,1.7163387483784083,1750.5931741652591
-8.05480148,-34.94979158,,2022-08-28 16:36:42+00:00,1.7050046856818155,1752.298178850941
-8.05478881,-34.94978324,,2022-08-28 16:36:43+00:00,1.6758971490155918,1753.9740759999565
-8.05477648,-34.94977491,,2022-08-28 16:36:44+00:00,1.6439702417438773,1755.6180462417003
-8.05476416,-34.94976625,,2022-08-28 16:36:45+00:00,1.6636545248547892,1757.281700766555
-8.05475282,-34.94975792,,2022-08-28 16:36:46+00:00,1.554353245862921,1758.8360540124181
-8.05474249,-34.94975092,,2022-08-28 16:36:47+00:00,1.3786135126378505,1760.214667525056
-8.05473216,-34.94974393,,2022-08-28 16:36:48+00:00,1.377996884959902,1761.592664410016
-8.05472082,-34.94973593,,2022-08-28 16:36:49+00:00,1.5331461861090727,1763.125810596125
-8.05470783,-34.9497276,,2022-08-28 16:36:50+00:00,1.70500479390241,1764.8308153900273
-8.05469417,-34.94971827,,2022-08-28 16:36:51+00:00,1.8275709732472425,1766.6583863632745
-8.05468118,-34.94970994,,2022-08-28 16:36:52+00:00,1.7050048245733622,1768.3633911878478
-8.05466784,-34.94970227,,2022-08-28 16:36:53+00:00,1.700427390341044,1770.0638185781888
-8.05465484,-34.94969561,,2022-08-28 16:36:54+00:00,1.6143288331830532,1771.6781474113718
-8.05464252,-34.94968828,,2022-08-28 16:36:55+00:00,1.584092607686643,1773.2622400190585
-8.05462952,-34.94968095,,2022-08-28 16:36:56+00:00,1.6492259927528217,1774.9114660118114
-8.05461486,-34.94967363,,2022-08-28 16:36:57+00:00,1.8110170387692641,1776.7224830505806
-8.05460053,-34.94966629,,2022-08-28 16:36:58+00:00,1.7794185039738497,1778.5019015545545
-8.05458687,-34.94965697,,2022-08-28 16:36:59+00:00,1.8269510557697237,1780.3288526103242
-8.05457587,-34.94964664,,2022-08-28 16:37:00+00:00,1.6663012372459463,1781.9951538475702
-8.05456255,-34.94963731,,2022-08-28 16:37:01+00:00,1.7966119191961154,1783.7917657667663
-8.05454923,-34.94962765,,2022-08-28 16:37:02+00:00,1.8176790117111525,1785.6094447784774
-8.05453589,-34.94961799,,2022-08-28 16:37:03+00:00,1.819472146384653,1787.428916924862
-8.05452457,-34.94961032,,2022-08-28 16:37:04+00:00,1.5106832914315982,1788.9396002162937
-8.05451458,-34.94960467,,2022-08-28 16:37:05+00:00,1.268295492409699,1790.2078957087033
-8.05450425,-34.94960034,,2022-08-28 16:37:06+00:00,1.238149691031361,1791.4460453997347
-8.05449059,-34.94959601,,2022-08-28 16:37:07+00:00,1.584344734444567,1793.0303901341792
-8.05447392,-34.94959068,,2022-08-28 16:37:08+00:00,1.9349867905654223,1794.9653769247448
-8.0544576,-34.94958669,,2022-08-28 16:37:09+00:00,1.8577404951250682,1796.8231174198697
-8.05444127,-34.94958102,,2022-08-28 16:37:10+00:00,1.9111197959169128,1798.7342372157866
-8.05442528,-34.94957236,,2022-08-28 16:37:11+00:00,2.009619801708883,1800.7438570174954
-8.05441095,-34.94956403,,2022-08-28 16:37:12+00:00,1.831617528000914,1802.5754745454963
-8.05439795,-34.94955537,,2022-08-28 16:37:13+00:00,1.7257881942498774,1804.301262739746
-8.05438429,-34.94954671,,2022-08-28 16:37:14+00:00,1.7870549495587442,1806.0883176893049
-8.05436996,-34.94953738,,2022-08-28 16:37:15+00:00,1.8892850803560126,1807.977602769661
-8.05435564,-34.94952839,,2022-08-28 16:37:16+00:00,1.8682108439797598,1809.8458136136408
-8.05434065,-34.9495194,,2022-08-28 16:37:17+00:00,1.9314269846838572,1811.7772405983246
-8.05432498,-34.9495114,,2022-08-28 16:37:18+00:00,1.9444927492208193,1813.7217333475455
-8.05431066,-34.94950374,,2022-08-28 16:37:19+00:00,1.7947558193192557,1815.5164891668649
-8.05429766,-34.94949641,,2022-08-28 16:37:20+00:00,1.649226294779533,1817.1657154616444
-8.05428567,-34.94949008,,2022-08-28 16:37:21+00:00,1.4984164693850348,1818.6641319310295
-8.05427335,-34.94948409,,2022-08-28 16:37:22+00:00,1.5140941943505348,1820.17822612538
-8.05426068,-34.94947842,,2022-08-28 16:37:23+00:00,1.5343169779534631,1821.7125431033335
-8.05424768,-34.9494721,,2022-08-28 16:37:24+00:00,1.5976346940569144,1823.3101777973905
-8.05423336,-34.94946643,,2022-08-28 16:37:25+00:00,1.702597952617556,1825.012775750008
-8.0542197,-34.94946044,,2022-08-28 16:37:26+00:00,1.648726391071087,1826.661502141079
-8.0542047,-34.94945445,,2022-08-28 16:37:27+00:00,1.7855088514064692,1828.4470109924855
-8.05418937,-34.94944912,,2022-08-28 16:37:28+00:00,1.794348875758835,1830.2413598682444
-8.05417404,-34.9494428,,2022-08-28 16:37:29+00:00,1.83298229939411,1832.0743421676386
-8.05416104,-34.94943646,,2022-08-28 16:37:30+00:00,1.5985972841886684,1833.6729394518272
-8.05414872,-34.94942981,,2022-08-28 16:37:31+00:00,1.5472054379915225,1835.2201448898188
-8.05413705,-34.94942382,,2022-08-28 16:37:32+00:00,1.449741261880912,1836.6698861516998
-8.05412506,-34.94941982,,2022-08-28 16:37:33+00:00,1.3974284780841002,1838.0673146297838
-8.05411307,-34.94941616,,2022-08-28 16:37:34+00:00,1.3860598648333915,1839.4533744946173
-8.05409941,-34.9494125,,2022-08-28 16:37:35+00:00,1.5636828416331225,1841.0170573362504
-8.05408508,-34.94940784,,2022-08-28 16:37:36+00:00,1.666005981588099,1842.6830633178386
-8.05407076,-34.94940085,,2022-08-28 16:37:37+00:00,1.7612175597393098,1844.444280877578
-8.05406043,-34.94938851,,2022-08-28 16:37:38+00:00,1.776348435202627,1846.2206293127806
-8.05405244,-34.94937552,,2022-08-28 16:37:39+00:00,1.6825915186661582,1847.9032208314468
-8.0540451,-34.94936386,,2022-08-28 16:37:40+00:00,1.5201611072447545,1849.4233819386916
-8.05403878,-34.94935387,,2022-08-28 16:37:41+00:00,1.304286514186105,1850.7276684528777
-8.05403246,-34.94934653,,2022-08-28 16:37:42+00:00,1.069188314578829,1851.7968567674566
-8.05402612,-34.9493412,,2022-08-28 16:37:43+00:00,0.9147845817354313,1852.711641349192
-8.05401847,-34.94933654,,2022-08-28 16:37:44+00:00,0.9897828496886769,1853.7014241988807
-8.05400748,-34.94933121,,2022-08-28 16:37:45+00:00,1.3499998196585599,1855.0514240185391
-8.05399348,-34.94932421,,2022-08-28 16:37:46+00:00,1.7299539484727962,1856.7813779670118
-8.05397915,-34.94931789,,2022-08-28 16:37:47+00:00,1.7311956775237556,1858.5125736445357
-8.05396549,-34.94931156,,2022-08-28 16:37:48+00:00,1.6640897482858859,1860.1766633928216
-8.05395215,-34.94930557,,2022-08-28 16:37:49+00:00,1.6163598419279281,1861.7930232347496
-8.05393883,-34.94929925,,2022-08-28 16:37:50+00:00,1.6295569354214365,1863.4225801701712
-8.05392483,-34.94929258,,2022-08-28 16:37:51+00:00,1.714038881221006,1865.1366190513922
-8.05391184,-34.94928693,,2022-08-28 16:37:52+00:00,1.565826800610246,1866.7024458520025
-8.05389884,-34.94928094,,2022-08-28 16:37:53+00:00,1.5821121623854435,1868.284558014388
-8.05388617,-34.9492736,,2022-08-28 16:37:54+00:00,1.6180596032381063,1869.9026176176262
-8.05387252,-34.94926628,,2022-08-28 16:37:55+00:00,1.711738481719467,1871.6143560993457
-8.05385918,-34.94926061,,2022-08-28 16:37:56+00:00,1.6022745763101574,1873.216630675656
-8.05384619,-34.94925528,,2022-08-28 16:37:57+00:00,1.5521346917765655,1874.7687653674325
-8.05383319,-34.94924995,,2022-08-28 16:37:58+00:00,1.5531584224985298,1876.321923789931
-8.05381953,-34.94924228,,2022-08-28 16:37:59+00:00,1.7312239008353927,1878.0531476907663
-8.05380654,-34.94923395,,2022-08-28 16:38:00+00:00,1.7050058342008374,1879.7581535249672
-8.0537932,-34.94922396,,2022-08-28 16:38:01+00:00,1.8409975658581075,1881.5991510908252
-8.05378188,-34.94921462,,2022-08-28 16:38:02+00:00,1.6209006299239483,1883.220051720749
-8.05377189,-34.94920497,,2022-08-28 16:38:03+00:00,1.5336813265231883,1884.7537330472724
-8.05376123,-34.94919564,,2022-08-28 16:38:04+00:00,1.5644841576773372,1886.3182172049496
-8.05375158,-34.94918731,,2022-08-28 16:38:05+00:00,1.4078810615389374,1887.7260982664886
-8.05374058,-34.94917898,,2022-08-28 16:38:06+00:00,1.524176016417009,1889.2502742829056
-8.05372924,-34.94916999,,2022-08-28 16:38:07+00:00,1.5984090879342059,1890.8486833708398
-8.05371792,-34.94916132,,2022-08-28 16:38:08+00:00,1.5750251027274653,1892.4237084735673
-8.0537066,-34.94915333,,2022-08-28 16:38:09+00:00,1.5307040161789174,1893.9544124897463
-8.05369461,-34.94914566,,2022-08-28 16:38:10+00:00,1.572639359379589,1895.5270518491259
-8.05368161,-34.94913833,,2022-08-28 16:38:11+00:00,1.6492268558203318,1897.1762787049463
-8.05366828,-34.94913201,,2022-08-28 16:38:12+00:00,1.630556986144944,1898.8068356910912
-8.05365562,-34.94912535,,2022-08-28 16:38:13+00:00,1.5809325086655348,1900.3877681997567
-8.05364396,-34.94911936,,2022-08-28 16:38:14+00:00,1.4487570864082167,1901.836525286165
-8.05363264,-34.94911369,,2022-08-28 16:38:15+00:00,1.399283558649364,1903.2358088448143
-8.0536213,-34.94910769,,2022-08-28 16:38:16+00:00,1.417861134320179,1904.6536699791345
-8.05361097,-34.9491017,,2022-08-28 16:38:17+00:00,1.3195326453632399,1905.9732026244978
-8.05359965,-34.94909471,,2022-08-28 16:38:18+00:00,1.4700483798576214,1907.4432510043555
-8.05358831,-34.94908738,,2022-08-28 16:38:19+00:00,1.4918925681831317,1908.9351435725387
-8.05357665,-34.94908006,,2022-08-28 16:38:20+00:00,1.5211795466252447,1910.456323119164
-8.05356531,-34.94907306,,2022-08-28 16:38:21+00:00,1.4725099274479123,1911.9288330466118
-8.05355131,-34.94906772,,2022-08-28 16:38:22+00:00,1.656456524956083,1913.585289571568
-8.05353731,-34.94906239,,2022-08-28 16:38:23+00:00,1.6560651528011774,1915.241354724369
-8.05352232,-34.94905573,,2022-08-28 16:38:24+00:00,1.8131066246010654,1917.05446134897
-8.05350667,-34.9490474,,2022-08-28 16:38:25+00:00,1.9593035572276654,1919.0137649061978
-8.05349067,-34.9490374,,2022-08-28 16:38:26+00:00,2.084778651424449,1921.0985435576222
-8.05347533,-34.94902741,,2022-08-28 16:38:27+00:00,2.0225904659929053,1923.121134023615
-8.05346133,-34.94901741,,2022-08-28 16:38:28+00:00,1.9006348215580555,1925.021768845173
-8.05344901,-34.94900575,,2022-08-28 16:38:29+00:00,1.8730832151617884,1926.8948520603349
-8.05343868,-34.9489941,,2022-08-28 16:38:30+00:00,1.7188055271653533,1928.6136575875003
-8.05343034,-34.94898211,,2022-08-28 16:38:31+00:00,1.6116799809219817,1930.2253375684222
-8.05342302,-34.94897144,,2022-08-28 16:38:32+00:00,1.4278316150000554,1931.6531691834223
-8.05341535,-34.94896178,,2022-08-28 16:38:33+00:00,1.3613918356083368,1933.0145610190307
-8.05340702,-34.94895245,,2022-08-28 16:38:34+00:00,1.3807278364075797,1934.3952888554384
-8.0533977,-34.94894379,,2022-08-28 16:38:35+00:00,1.4048785871120908,1935.8001674425504
-8.05338736,-34.94893546,,2022-08-28 16:38:36+00:00,1.4665744871100472,1937.2667419296604
-8.05337637,-34.94892779,,2022-08-28 16:38:37+00:00,1.480579600507263,1938.7473215301677
-8.05336471,-34.94892147,,2022-08-28 16:38:38+00:00,1.465693098269743,1940.2130146284373
-8.05335272,-34.94891681,,2022-08-28 16:38:39+00:00,1.4220597196435727,1941.635074348081
-8.05334105,-34.94891416,,2022-08-28 16:38:40+00:00,1.3232987487716619,1942.9583730968525
-8.05332873,-34.94891282,,2022-08-28 16:38:41+00:00,1.37052630261102,1944.3288993994636
-8.05331539,-34.9489125,,2022-08-28 16:38:42+00:00,1.4757731964993162,1945.804672595963
-8.0533004,-34.94891417,,2022-08-28 16:38:43+00:00,1.668023843632066,1947.472696439595
-8.0532834,-34.94891649,,2022-08-28 16:38:44+00:00,1.8974454642706382,1949.3701419038657
-8.05326475,-34.94891882,,2022-08-28 16:38:45+00:00,2.0785454437254134,1951.4486873475912
-8.05324675,-34.94891882,,2022-08-28 16:38:46+00:00,1.9907292804624122,1953.4394166280536
-8.05323041,-34.94891717,,2022-08-28 16:38:47+00:00,1.8162691904841473,1955.2556858185376
-8.05321475,-34.94891483,,2022-08-28 16:38:48+00:00,1.7510362207128698,1957.0067220392505
-8.05320109,-34.94891117,,2022-08-28 16:38:49+00:00,1.5636830078380504,1958.5704050470886
-8.05318977,-34.94890551,,2022-08-28 16:38:50+00:00,1.3987918415267413,1959.9691968886152
-8.05317911,-34.94889884,,2022-08-28 16:38:51+00:00,1.389421349814838,1961.3586182384302
-8.05316678,-34.94889285,,2022-08-28 16:38:52+00:00,1.515090248292818,1962.873708486723
-8.05315345,-34.94888653,,2022-08-28 16:38:53+00:00,1.6305573284313244,1964.5042658151542
-8.05313879,-34.94888054,,2022-08-28 16:38:54+00:00,1.7506274895083662,1966.2548933046626
-8.05312313,-34.94887554,,2022-08-28 16:38:55+00:00,1.8175141264929562,1968.0724074311556
-8.05310814,-34.94887021,,2022-08-28 16:38:56+00:00,1.7588625369905013,1969.8312699681462
-8.05309281,-34.94886321,,2022-08-28 16:38:57+00:00,1.8627614140682163,1971.6940313822145
-8.05307782,-34.94885522,,2022-08-28 16:38:58+00:00,1.8772590898607984,1973.5712904720754
-8.05306248,-34.94884755,,2022-08-28 16:38:59+00:00,1.8955360472644824,1975.4668265193397
-8.05304816,-34.94883856,,2022-08-28 16:39:00+00:00,1.868212444458664,1977.3350389637985
-8.05303349,-34.94882923,,2022-08-28 16:39:01+00:00,1.9209391505983446,1979.2559781143968
-8.0530185,-34.94881924,,2022-08-28 16:39:02+00:00,1.9902340050979255,1981.2462121194947
-8.05300417,-34.94881025,,2022-08-28 16:39:03+00:00,1.8691501437653806,1983.11536226326
-8.05299051,-34.94880225,,2022-08-28 16:39:04+00:00,1.7492769990993533,1984.8646392623593
-8.05297751,-34.94879626,,2022-08-28 16:39:05+00:00,1.582112727031946,1986.4467519893913
-8.05296652,-34.94878926,,2022-08-28 16:39:06+00:00,1.4396846631774571,1987.8864366525688
-8.05295552,-34.94878159,,2022-08-28 16:39:07+00:00,1.4814881273706608,1989.3679247799396
-8.05294353,-34.9487736,,2022-08-28 16:39:08+00:00,1.5918810640692846,1990.9598058440088
-8.05292987,-34.94876494,,2022-08-28 16:39:09+00:00,1.7870566798358256,1992.7468625238446
-8.05291554,-34.94875628,,2022-08-28 16:39:10+00:00,1.8501222783200062,1994.5969848021646
-8.05290189,-34.94874895,,2022-08-28 16:39:11+00:00,1.712259196378079,1996.3092439985426
-8.05288589,-34.94874229,,2022-08-28 16:39:12+00:00,1.9157770153966762,1998.2250210139393
-8.05287156,-34.9487363,,2022-08-28 16:39:13+00:00,1.7168815069642664,1999.9419025209036
-8.05285691,-34.94873164,,2022-08-28 16:39:14+00:00,1.6997079669198405,2001.6416104878233
-8.05284324,-34.94872797,,2022-08-28 16:39:15+00:00,1.5650361807074455,2003.2066466685308
-8.05282858,-34.94872432,,2022-08-28 16:39:16+00:00,1.6705126085368176,2004.8771592770677
-8.05281425,-34.94871999,,2022-08-28 16:39:17+00:00,1.655152726071857,2006.5323120031396
-8.05279859,-34.94871399,,2022-08-28 16:39:18+00:00,1.853918248841941,2008.3862302519815
-8.05278326,-34.948708,,2022-08-28 16:39:19+00:00,1.819469230460806,2010.2056994824422
-8.05276793,-34.94870101,,2022-08-28 16:39:20+00:00,1.862305317758537,2012.0680048002007
-8.05275294,-34.94869335,,2022-08-28 16:39:21+00:00,1.8604708697121206,2013.9284756699128
-8.05273928,-34.94868568,,2022-08-28 16:39:22+00:00,1.7312249256744958,2015.6597005955873
-8.05272761,-34.94867902,,2022-08-28 16:39:23+00:00,1.4848345487092431,2017.1445351442965
-8.05271595,-34.94867303,,2022-08-28 16:39:24+00:00,1.4487577194101369,2018.5932928637067
-8.05270296,-34.94866738,,2022-08-28 16:39:25+00:00,1.5658274575415179,2020.159120321248
-8.05268996,-34.94866071,,2022-08-28 16:39:26+00:00,1.614831891190442,2021.7739522124386
-8.05267697,-34.94865305,,2022-08-28 16:39:27+00:00,1.666396684696347,2023.440348897135
-8.05266498,-34.94864472,,2022-08-28 16:39:28+00:00,1.612918709503306,2025.0532676066382
-8.05265364,-34.94863672,,2022-08-28 16:39:29+00:00,1.5331486552794114,2026.5864162619175
-8.05264198,-34.94862972,,2022-08-28 16:39:30+00:00,1.5027680494208189,2028.0891843113384
-8.05262999,-34.9486224,,2022-08-28 16:39:31+00:00,1.5522405577190848,2029.6414248690576
-8.052617,-34.94861473,,2022-08-28 16:39:31+00:00,1.666955539843503,2031.308380408901
-8.05260433,-34.94860774,,2022-08-28 16:39:32+00:00,1.5991185514762565,2032.9074989603773
-8.05259133,-34.94860174,,2022-08-28 16:39:33+00:00,1.582573305318211,2034.4900722656955
-8.05257967,-34.94859542,,2022-08-28 16:39:34+00:00,1.4656936929488655,2035.9557659586444
-8.05256768,-34.94859008,,2022-08-28 16:39:35+00:00,1.4508197131554221,2037.4065856717998
-8.05255535,-34.94858475,,2022-08-28 16:39:36+00:00,1.4848303442527324,2038.8914160160525
-8.05254236,-34.94857908,,2022-08-28 16:39:37+00:00,1.5667057045459087,2040.4581217205985
-8.05252903,-34.94857309,,2022-08-28 16:39:38+00:00,1.6153512755758455,2042.0734729961744
-8.0525167,-34.94856877,,2022-08-28 16:39:39+00:00,1.4444018630597286,2043.517874859234
-8.05250538,-34.94856744,,2022-08-28 16:39:40+00:00,1.2605020598742491,2044.7783769191083
-8.05249438,-34.94856678,,2022-08-28 16:39:41+00:00,1.2187300921649453,2045.997107011273
-8.05248539,-34.94856678,,2022-08-28 16:39:42+00:00,0.9942586423284688,2046.9913656536016
-8.05247506,-34.94856811,,2022-08-28 16:39:43+00:00,1.1518254207818537,2048.1431910743836
-8.05246372,-34.94856877,,2022-08-28 16:39:44+00:00,1.2562677025132754,2049.399458776897
-8.05245107,-34.94856877,,2022-08-28 16:39:45+00:00,1.3990402454558777,2050.798499022353
-8.05243807,-34.94856777,,2022-08-28 16:39:46+00:00,1.4419681941217888,2052.240467216475
-8.05242141,-34.94856611,,2022-08-28 16:39:47+00:00,1.8515940054389128,2054.092061221914
-8.05240308,-34.94856378,,2022-08-28 16:39:48+00:00,2.043430577399373,2056.135491799313
-8.05238609,-34.94856211,,2022-08-28 16:39:49+00:00,1.8880226551131267,2058.0235144544263
-8.0523711,-34.94856046,,2022-08-28 16:39:50+00:00,1.6677819576130894,2059.6912964120393
-8.0523571,-34.94855946,,2022-08-28 16:39:51+00:00,1.5522636659537927,2061.243560077993
-8.05234344,-34.94855813,,2022-08-28 16:39:52+00:00,1.517838976965521,2062.7613990549585
-8.05233044,-34.94855748,,2022-08-28 16:39:53+00:00,1.4395330351181927,2064.2009320900765
-8.05231712,-34.9485578,,2022-08-28 16:39:54+00:00,1.4735618386831875,2065.6744939287596
-8.05230578,-34.94856112,,2022-08-28 16:39:55+00:00,1.306462074158172,2066.980956002918
-8.05229579,-34.94856478,,2022-08-28 16:39:56+00:00,1.1762086536436183,2068.1571646565617
-8.05228746,-34.94856945,,2022-08-28 16:39:57+00:00,1.0553284366923021,2069.212493093254
-8.05227947,-34.9485751,,2022-08-28 16:39:58+00:00,1.0810795871190289,2070.293572680373
-8.05227315,-34.94858244,,2022-08-28 16:39:59+00:00,1.0691909180891157,2071.362763598462
-8.05226781,-34.94859176,,2022-08-28 16:40:00+00:00,1.1849927285600634,2072.5477563270224
-8.05226382,-34.94860209,,2022-08-28 16:40:01+00:00,1.2211840527387858,2073.7689403797613
-8.05226149,-34.94861442,,2022-08-28 16:40:02+00:00,1.383339109374559,2075.1522794891357
-8.05225949,-34.94862674,,2022-08-28 16:40:03+00:00,1.3759194903644911,2076.5281989795003
-8.05225817,-34.9486384,,2022-08-28 16:40:04+00:00,1.293536811022344,2077.821735790523
-8.05225718,-34.9486494,,2022-08-28 16:40:05+00:00,1.2174546241416389,2079.0391904146645
-8.05225618,-34.94866173,,2022-08-28 16:40:06+00:00,1.363618384317213,2080.402808798982
-8.05225485,-34.94867506,,2022-08-28 16:40:07+00:00,1.4766994064478987,2081.87950820543
-8.0522522,-34.94868739,,2022-08-28 16:40:08+00:00,1.390366598520839,2083.2698748039506
-8.05224786,-34.94870105,,2022-08-28 16:40:09+00:00,1.5803838192941457,2084.850258623245
-8.0522432,-34.94871404,,2022-08-28 16:40:10+00:00,1.5218038341691702,2086.372062457414
-8.0522412,-34.94872704,,2022-08-28 16:40:11+00:00,1.4499505753553894,2087.8220130327695
-8.05224021,-34.94873903,,2022-08-28 16:40:12+00:00,1.3261756925910682,2089.148188725361
-8.05224021,-34.9487517,,2022-08-28 16:40:13+00:00,1.3966040321328035,2090.5447927574937
-8.05224086,-34.94876537,,2022-08-28 16:40:14+00:00,1.5085470492845572,2092.0533398067782
-8.05224185,-34.94878069,,2022-08-28 16:40:15+00:00,1.6922571757469527,2093.745596982525
-8.05224086,-34.94879768,,2022-08-28 16:40:16+00:00,1.875992052750059,2095.621589035275
-8.05223853,-34.94881534,,2022-08-28 16:40:17+00:00,1.9636295661680094,2097.585218601443
-8.05223621,-34.948834,,2022-08-28 16:40:18+00:00,2.0728187827506748,2099.658037384194
-8.05223554,-34.94885267,,2022-08-28 16:40:19+00:00,2.059312860904849,2101.7173502450987
-8.05223487,-34.94887099,,2022-08-28 16:40:20+00:00,2.020758101933749,2103.7381083470323
-8.05223455,-34.94888832,,2022-08-28 16:40:21+00:00,1.9105999598881318,2105.6487083069205
-8.05223422,-34.94890332,,2022-08-28 16:40:22+00:00,1.6538408542051044,2107.3025491611256
-8.05223522,-34.94891664,,2022-08-28 16:40:23+00:00,1.4724124638659863,2108.7749616249916
-8.05223522,-34.94892864,,2022-08-28 16:40:24+00:00,1.3227504801146481,2110.0977121051064
-8.05223422,-34.94894063,,2022-08-28 16:40:25+00:00,1.3262674801441119,2111.4239795852504
-8.05223189,-34.94895262,,2022-08-28 16:40:26+00:00,1.3465353633575492,2112.770514948608
-8.05222856,-34.94896562,,2022-08-28 16:40:27+00:00,1.4795487830898362,2114.2500637316975
-8.0522239,-34.94897929,,2022-08-28 16:40:28+00:00,1.5925327924691017,2115.8425965241668
-8.05221924,-34.94899261,,2022-08-28 16:40:29+00:00,1.5560788064160689,2117.398675330583
-8.05221657,-34.94900561,,2022-08-28 16:40:30+00:00,1.4630885236069877,2118.86176385419
-8.05221391,-34.94901861,,2022-08-28 16:40:31+00:00,1.4628657197979509,2120.324629573988
-8.05221125,-34.94903227,,2022-08-28 16:40:32+00:00,1.5342004800172613,2121.8588300540055
-8.05220926,-34.94904593,,2022-08-28 16:40:33+00:00,1.5217305714841343,2123.3805606254896
-8.05220693,-34.94905793,,2022-08-28 16:40:34+00:00,1.3476173804242133,2124.728178005914
-8.05220428,-34.94906893,,2022-08-28 16:40:35+00:00,1.2474388517829154,2125.975616857697
-8.05220128,-34.94907993,,2022-08-28 16:40:36+00:00,1.2570964477443183,2127.2327133054414
-8.05219895,-34.94909059,,2022-08-28 16:40:37+00:00,1.2029674273807078,2128.435680732822
-8.05219763,-34.94910191,,2022-08-28 16:40:38+00:00,1.2563056330782096,2129.6919863659004
-8.05219763,-34.94911558,,2022-08-28 16:40:39+00:00,1.50683339379698,2131.1988197596975
-8.05219863,-34.94913125,,2022-08-28 16:40:40+00:00,1.7308288596860004,2132.9296486193834
-8.05219929,-34.94914758,,2022-08-28 16:40:41+00:00,1.80152247225654,2134.73117109164
-8.05219863,-34.9491649,,2022-08-28 16:40:42+00:00,1.910564900897825,2136.641735992538
-8.05219863,-34.94918157,,2022-08-28 16:40:43+00:00,1.837521040592678,2138.4792570331306
-8.05219929,-34.94919756,,2022-08-28 16:40:44+00:00,1.7640759685968137,2140.2433330017275
-8.05220129,-34.94921423,,2022-08-28 16:40:45+00:00,1.8507861872010423,2142.0941191889287
-8.05220096,-34.94923155,,2022-08-28 16:40:46+00:00,1.9095188322939083,2144.0036380212227
-8.05219964,-34.94924988,,2022-08-28 16:40:47+00:00,2.0257686410558375,2146.0294066622787
-8.05219832,-34.94926754,,2022-08-28 16:40:48+00:00,1.9521143509801404,2147.9815210132588
-8.05219733,-34.9492852,,2022-08-28 16:40:49+00:00,1.9497246980005143,2149.931245711259
-8.05219965,-34.94930353,,2022-08-28 16:40:50+00:00,2.0367280732419624,2151.9679737845013
-8.05220298,-34.94931986,,2022-08-28 16:40:51+00:00,1.8373320088524618,2153.805305793354
-8.05220597,-34.94933485,,2022-08-28 16:40:52+00:00,1.685100820213879,2155.4904066135678
-8.05220963,-34.94935085,,2022-08-28 16:40:53+00:00,1.8095222937214022,2157.299928907289
-8.05221263,-34.94936752,,2022-08-28 16:40:54+00:00,1.8672350612985977,2159.167163968588
-8.05221462,-34.94938451,,2022-08-28 16:40:55+00:00,1.885681969471566,2161.0528459380594
-8.05221662,-34.94939983,,2022-08-28 16:40:56+00:00,1.703136101976327,2162.7559820400356
-8.05221662,-34.94941383,,2022-08-28 16:40:57+00:00,1.5432089641359668,2164.2991910041715
-8.0522163,-34.94942783,,2022-08-28 16:40:58+00:00,1.543614722146462,2165.842805726318
-8.05221729,-34.9494445,,2022-08-28 16:40:59+00:00,1.8407800935046061,2167.683585819823
-8.05221861,-34.94946117,,2022-08-28 16:41:00+00:00,1.8433109894097983,2169.5268968092328
-8.0522216,-34.94947849,,2022-08-28 16:41:01+00:00,1.9375965950612712,2171.464493404294
-8.05222292,-34.94949482,,2022-08-28 16:41:02+00:00,1.805953199841185,2173.270446604135
-8.05222426,-34.94951082,,2022-08-28 16:41:03+00:00,1.769882880808914,2175.040329484944
-8.05222459,-34.94952715,,2022-08-28 16:41:04+00:00,1.800412948903513,2176.8407424338475
-8.05222327,-34.94954414,,2022-08-28 16:41:05+00:00,1.8784755897410446,2178.7192180235884
-8.05222127,-34.9495598,,2022-08-28 16:41:06+00:00,1.7403033980107006,2180.459521421599
-8.05221894,-34.94957347,,2022-08-28 16:41:07+00:00,1.5287086587630057,2181.9882300803624
-8.05221661,-34.94958613,,2022-08-28 16:41:08+00:00,1.4190943775997296,2183.407324457962
-8.05221461,-34.94959846,,2022-08-28 16:41:09+00:00,1.377007603215644,2184.784332061178
-8.05221362,-34.94961145,,2022-08-28 16:41:10+00:00,1.4360575082729585,2186.2203895694506
-8.05221429,-34.94962578,,2022-08-28 16:41:11+00:00,1.5813216830920533,2187.8017112525426
-8.05221461,-34.94964044,,2022-08-28 16:41:12+00:00,1.6163477484322808,2189.418059000975
-8.05221429,-34.94965677,,2022-08-28 16:41:13+00:00,1.8003909125109783,2191.218449913486
-8.05221295,-34.9496731,,2022-08-28 16:41:14+00:00,1.8061333868180176,2193.024583300304
-8.05221328,-34.94969042,,2022-08-28 16:41:15+00:00,1.9095187770842001,2194.934102077388
-8.05221394,-34.94970542,,2022-08-28 16:41:16+00:00,1.6550486039738945,2196.589150681362
-8.05221394,-34.94971974,,2022-08-28 16:41:17+00:00,1.5784823220494653,2198.167633003411
-8.05221427,-34.94973507,,2022-08-28 16:41:18+00:00,1.6902079084331416,2199.857840911844
-8.05221526,-34.94975173,,2022-08-28 16:41:19+00:00,1.8396797662898683,2201.697520678134
-8.05221526,-34.94976872,,2022-08-28 16:41:20+00:00,1.8727943132911602,2203.570314991425
-8.05221493,-34.94978506,,2022-08-28 16:41:21+00:00,1.8015150556053938,2205.3718300470305
-8.0522146,-34.94980039,,2022-08-28 16:41:22+00:00,1.6902079058045212,2207.062037952835
-8.05221328,-34.94981571,,2022-08-28 16:41:23+00:00,1.6950099701444477,2208.7570479229794
-8.05221229,-34.94983238,,2022-08-28 16:41:24+00:00,1.840780110323856,2210.5978280333034
-8.05221162,-34.94985138,,2022-08-28 16:41:25+00:00,2.095665472697406,2212.693493506001
-8.05221063,-34.94987004,,2022-08-28 16:41:26+00:00,2.0597892042686325,2214.7532827102696
-8.05220896,-34.9498887,,2022-08-28 16:41:27+00:00,2.06515275687896,2216.8184354671484
-8.05220631,-34.94990504,,2022-08-28 16:41:28+00:00,1.8248343048843858,2218.643269772033
-8.05220365,-34.94992103,,2022-08-28 16:41:29+00:00,1.7869474037754811,2220.4302171758086
-8.05220165,-34.94993669,,2022-08-28 16:41:30+00:00,1.7403034793286523,2222.1705206551374
-8.05219898,-34.94995202,,2022-08-28 16:41:31+00:00,1.7154206560790966,2223.8859413112164
-8.05219565,-34.94996668,,2022-08-28 16:41:32+00:00,1.657396007679295,2225.5433373188957
-8.05219166,-34.94998201,,2022-08-28 16:41:33+00:00,1.7464814887768336,2227.2898188076724
-8.052188,-34.94999834,,2022-08-28 16:41:34+00:00,1.8449941653841442,2229.1348129730563
-8.05218467,-34.950013,,2022-08-28 16:41:35+00:00,1.6573960490257136,2230.7922090220823
-8.05218101,-34.950026,,2022-08-28 16:41:36+00:00,1.4890532075839107,2232.281262229666
-8.05217768,-34.95003832,,2022-08-28 16:41:37+00:00,1.4070760403490798,2233.6883382700153
-8.05217469,-34.95005099,,2022-08-28 16:41:38+00:00,1.4352192077769201,2235.123557477792
-8.05217236,-34.95006331,,2022-08-28 16:41:39+00:00,1.3822564175029954,2236.505813895295
-8.0521707,-34.95007631,,2022-08-28 16:41:40+00:00,1.444692535941329,2237.950506431236
-8.05216837,-34.95009031,,2022-08-28 16:41:41+00:00,1.5645759779109596,2239.515082409147
-8.05216571,-34.95010563,,2022-08-28 16:41:42+00:00,1.7141448106149217,2241.229227219762
-8.05216371,-34.9501213,,2022-08-28 16:41:43+00:00,1.7413969966785532,2242.9706242164407
-8.05216271,-34.95013662,,2022-08-28 16:41:44+00:00,1.6923294159083595,2244.662953632349
-8.05216239,-34.95015161,,2022-08-28 16:41:45+00:00,1.6527150693074497,2246.3156687016563
-8.05216405,-34.95016594,,2022-08-28 16:41:46+00:00,1.5902179933844727,2247.905886695041
-8.05216571,-34.95018194,,2022-08-28 16:41:47+00:00,1.7731972645504797,2249.6790839595915
-8.05216603,-34.95019893,,2022-08-28 16:41:48+00:00,1.8731289045292037,2251.5522128641205
-8.05216538,-34.95021625,,2022-08-28 16:41:49+00:00,1.910523120416345,2253.4627359845367
-8.05216271,-34.95023158,,2022-08-28 16:41:50+00:00,1.7154208039919236,2255.1781567885287
-8.05215805,-34.95024491,,2022-08-28 16:41:51+00:00,1.5571191351367593,2256.7352759236655
-8.05215673,-34.95025624,,2022-08-28 16:41:52+00:00,1.2574005887076747,2257.9926765123732
-8.0521574,-34.95026756,,2022-08-28 16:41:53+00:00,1.2499930902428786,2259.242669602616
-8.0521574,-34.95027822,,2022-08-28 16:41:54+00:00,1.1750435677543392,2260.4177131703705
-8.05215673,-34.95028789,,2022-08-28 16:41:55+00:00,1.0684891125615723,2261.486202282932
-8.05215406,-34.95029688,,2022-08-28 16:41:56+00:00,1.0340214215955834,2262.520223704528
-8.05215206,-34.95030653,,2022-08-28 16:41:57+00:00,1.0864664297111069,2263.6066901342388
-8.05214941,-34.9503172,,2022-08-28 16:41:58+00:00,1.2121116953196864,2264.8188018295587
-8.05214742,-34.95032953,,2022-08-28 16:41:59+00:00,1.3768306035879372,2266.195632433147
-8.05214575,-34.95034319,,2022-08-28 16:42:00+00:00,1.5170165197445358,2267.7126489528914
-8.05214242,-34.95035986,,2022-08-28 16:42:01+00:00,1.8740646305817334,2269.5867135834733
-8.05213976,-34.95037685,,2022-08-28 16:42:02+00:00,1.8957597264044517,2271.4824733098776
-8.05213709,-34.95039485,,2022-08-28 16:42:03+00:00,2.005979513436254,2273.4884528233138
-8.05213577,-34.95041284,,2022-08-28 16:42:04+00:00,1.9883902967776936,2275.4768431200914
-8.0521351,-34.9504315,,2022-08-28 16:42:05+00:00,2.0582117889699627,2277.5350549090613
-8.0521351,-34.95045016,,2022-08-28 16:42:06+00:00,2.056877502264605,2279.591932411326
-8.05213577,-34.95046983,,2022-08-28 16:42:07+00:00,2.169474843653549,2281.7614072549795
-8.0521351,-34.95048749,,2022-08-28 16:42:08+00:00,1.948058055820232,2283.7094653107997
-8.05213378,-34.95050248,,2022-08-28 16:42:09+00:00,1.6587727742782434,2285.368238085078
-8.05213212,-34.95051681,,2022-08-28 16:42:10+00:00,1.5902181108238296,2286.958456195902
-8.05213179,-34.95053281,,2022-08-28 16:42:11+00:00,1.7640453377916911,2288.7225015336935
-8.05213179,-34.95054881,,2022-08-28 16:42:12+00:00,1.7636677547911925,2290.4861692884847
-8.05213246,-34.95056513,,2022-08-28 16:42:13+00:00,1.800466558015241,2292.2866358465
-8.05213246,-34.95058146,,2022-08-28 16:42:14+00:00,1.8000433991472522,2294.0866792456472
-8.05213311,-34.95059845,,2022-08-28 16:42:15+00:00,1.874173888634158,2295.9608531342815
-8.05213378,-34.95061479,,2022-08-28 16:42:16+00:00,1.8026692718474413,2297.763522406129
-8.05213611,-34.95063112,,2022-08-28 16:42:17+00:00,1.8183948223648758,2299.581917228494
-8.0521391,-34.95064711,,2022-08-28 16:42:18+00:00,1.7933175007996578,2301.375234729294
-8.05214243,-34.95066378,,2022-08-28 16:42:19+00:00,1.8740646456552712,2303.2492993749493
-8.05214509,-34.95068111,,2022-08-28 16:42:20+00:00,1.9327923989454172,2305.1820917738946
-8.05214808,-34.95069943,,2022-08-28 16:42:21+00:00,2.046295459762184,2307.228387233657
-8.05214974,-34.95071709,,2022-08-28 16:42:22+00:00,1.9552862482962257,2309.183673481953
-8.05215241,-34.95073376,,2022-08-28 16:42:23+00:00,1.8610968353853907,2311.0447703173386
-8.05215606,-34.95075042,,2022-08-28 16:42:24+00:00,1.8802628998689068,2312.9250332172073
-8.0521604,-34.95076676,,2022-08-28 16:42:25+00:00,1.8640045172555912,2314.789037734463
-8.05216406,-34.95078309,,2022-08-28 16:42:26+00:00,1.8449942841898341,2316.6340320186528
-8.05216639,-34.95080008,,2022-08-28 16:42:27+00:00,1.8904398793355535,2318.5244718979884
-8.05216838,-34.9508174,,2022-08-28 16:42:28+00:00,1.9218139051801806,2320.4462858031684
-8.05216904,-34.95083506,,2022-08-28 16:42:29+00:00,1.9480161442015969,2322.39430194737
-8.05216772,-34.95085205,,2022-08-28 16:42:30+00:00,1.87847584248629,2324.2727777898563
-8.05216539,-34.95086838,,2022-08-28 16:42:31+00:00,1.8183946849620476,2326.0911724748184
-8.05216339,-34.95088472,,2022-08-28 16:42:32+00:00,1.8146766242365602,2327.905849099055
-8.05216139,-34.95090105,,2022-08-28 16:42:33+00:00,1.8135825658302787,2329.719431664885
-8.0521594,-34.95091704,,2022-08-28 16:42:34+00:00,1.7762529377440666,2331.4956846026294
-8.05215773,-34.95093104,,2022-08-28 16:42:35+00:00,1.5542223091561067,2333.0499069117855
-8.05215641,-34.95094604,,2022-08-28 16:42:36+00:00,1.659870702008885,2334.7097776137944
-8.05215575,-34.95095971,,2022-08-28 16:42:37+00:00,1.5086004700500573,2336.2183780838445
-8.05215342,-34.95097403,,2022-08-28 16:42:38+00:00,1.5993782238044345,2337.817756307649
-8.05215043,-34.95098902,,2022-08-28 16:42:39+00:00,1.6851010298091802,2339.502857337458
-8.05214643,-34.95100401,,2022-08-28 16:42:40+00:00,1.7105316767670558,2341.213389014225
-8.05214243,-34.95101868,,2022-08-28 16:42:41+00:00,1.6764832260489537,2342.8898722402737
-8.0521381,-34.95103167,,2022-08-28 16:42:42+00:00,1.5098346946108812,2344.3997069348848
-8.05213344,-34.95104233,,2022-08-28 16:42:43+00:00,1.283098464510031,2345.682805399395
-8.05212978,-34.95105267,,2022-08-28 16:42:44+00:00,1.2095141374351905,2346.89231953683
-8.05212778,-34.95106266,,2022-08-28 16:42:45+00:00,1.123185429947951,2348.0155049667783
-8.05212612,-34.95107199,,2022-08-28 16:42:46+00:00,1.0446967974739585,2349.0602017642523
-8.05212412,-34.95108098,,2022-08-28 16:42:47+00:00,1.0153469042697516,2350.075548668522
-8.05212212,-34.95108898,,2022-08-28 16:42:48+00:00,0.9091517917187936,2350.9847004602407
-8.05211979,-34.95109697,,2022-08-28 16:42:49+00:00,0.9176555452515813,2351.902356005492
-8.05211847,-34.95110697,,2022-08-28 16:42:50+00:00,1.1119175499953031,2353.0142735554873
-8.05211814,-34.95111896,,2022-08-28 16:42:51+00:00,1.3221523911485855,2354.3364259466357
-8.05211948,-34.95113163,,2022-08-28 16:42:52+00:00,1.4044453877840175,2355.74087133442
-8.05212047,-34.95114529,,2022-08-28 16:42:53+00:00,1.5097069574929156,2357.250578291913
-8.05212112,-34.95115995,,2022-08-28 16:42:54+00:00,1.6175588221505015,2358.8681371140633
-8.0521208,-34.95117561,,2022-08-28 16:42:55+00:00,1.7265526173028367,2360.594689731366
-8.0521208,-34.95119227,,2022-08-28 16:42:56+00:00,1.8364190989246056,2362.4311088302907
-8.0521208,-34.95120861,,2022-08-28 16:42:57+00:00,1.8011457430972126,2364.2322545733878
-8.05212013,-34.95122261,,2022-08-28 16:42:58+00:00,1.5449872961832898,2365.777241869571
-8.05211914,-34.9512346,,2022-08-28 16:42:59+00:00,1.3261760845241568,2367.103417954095
-8.05211848,-34.95124625,,2022-08-28 16:43:00+00:00,1.2862434563141927,2368.389661410409
-8.05211749,-34.95125825,,2022-08-28 16:43:01+00:00,1.327274622116566,2369.7169360325256
-8.05211549,-34.95127192,,2022-08-28 16:43:02+00:00,1.5229818579463752,2371.239917890472
-8.05211316,-34.95128658,,2022-08-28 16:43:03+00:00,1.6363778156416764,2372.8762957061135
-8.05211251,-34.95130058,,2022-08-28 16:43:04+00:00,1.5448828189549504,2374.4211785250686
-8.05211085,-34.95131391,,2022-08-28 16:43:05+00:00,1.480780698327344,2375.901959223396
-8.05210852,-34.95132623,,2022-08-28 16:43:06+00:00,1.3822566267503043,2377.284215850146
-8.05210585,-34.95133889,,2022-08-28 16:43:07+00:00,1.4264022727579118,2378.710618122904
-8.05210319,-34.95135289,,2022-08-28 16:43:08+00:00,1.570999792378197,2380.2816179152824
-8.05209953,-34.95136721,,2022-08-28 16:43:09+00:00,1.6295569823472096,2381.9111748976297
-8.05209654,-34.95138121,,2022-08-28 16:43:10+00:00,1.5782414372756384,2383.4894163349054
-8.05209421,-34.95139554,,2022-08-28 16:43:11+00:00,1.600466349882585,2385.089882684788
-8.05209255,-34.95141054,,2022-08-28 16:43:12+00:00,1.6635998764024453,2386.75348256119
-8.05209089,-34.95142553,,2022-08-28 16:43:13+00:00,1.6625043277409277,2388.415986888931
-8.05208823,-34.95143985,,2022-08-28 16:43:14+00:00,1.6056628191526112,2390.0216497080837
-8.0520839,-34.95145451,,2022-08-28 16:43:15+00:00,1.6854246224642073,2391.707074330548
-8.05208091,-34.95146884,,2022-08-28 16:43:16+00:00,1.6138277178846507,2393.320902048433
-8.05207792,-34.95148316,,2022-08-28 16:43:17+00:00,1.6127488423640197,2394.933650890797
-8.0520766,-34.95149749,,2022-08-28 16:43:18+00:00,1.5863169201326899,2396.5199678109293
-8.05207692,-34.95151181,,2022-08-28 16:43:19+00:00,1.578879546563146,2398.0988473574926
-8.05207725,-34.9515268,,2022-08-28 16:43:20+00:00,1.6527394694491357,2399.7515868269415
-8.05207824,-34.95154313,,2022-08-28 16:43:21+00:00,1.803370507638475,2401.55495733458
-8.05207924,-34.95156012,,2022-08-28 16:43:22+00:00,1.876057670528244,2403.4310150051083
-8.05207924,-34.95157778,,2022-08-28 16:43:23+00:00,1.946648534721425,2405.37766353983
-8.05207858,-34.95159545,,2022-08-28 16:43:24+00:00,1.9491180893595264,2407.3267816291896
-8.05207759,-34.95161144,,2022-08-28 16:43:25+00:00,1.7659631664532238,2409.092744795643
-8.05207692,-34.95162677,,2022-08-28 16:43:26+00:00,1.6914382645612358,2410.784183060204
-8.05207593,-34.95164143,,2022-08-28 16:43:27+00:00,1.6196658264472488,2412.4038488866513
-8.05207526,-34.95165608,,2022-08-28 16:43:28+00:00,1.616557677090981,2414.020406563742
-8.05207559,-34.95167208,,2022-08-28 16:43:29+00:00,1.7640455828483128,2415.7844521465904
-8.05207492,-34.95168808,,2022-08-28 16:43:30+00:00,1.7652239307594315,2417.54967607735
-8.0520736,-34.95170541,,2022-08-28 16:43:31+00:00,1.9158430857242097,2419.465519163074
-8.05207261,-34.95172106,,2022-08-28 16:43:32+00:00,1.7285589076460066,2421.19407807072
-8.05207194,-34.95173572,,2022-08-28 16:43:33+00:00,1.6176588267511018,2422.8117368974713
-8.05207095,-34.95175005,,2022-08-28 16:43:34+00:00,1.583375312886007,2424.395112210357
-8.05207162,-34.95176405,,2022-08-28 16:43:35+00:00,1.544987483397172,2425.9400996937543
-8.05207194,-34.95177738,,2022-08-28 16:43:36+00:00,1.4697820614669699,2427.4098817552212
-8.05207194,-34.95179071,,2022-08-28 16:43:37+00:00,1.4693559131054361,2428.879237668327
-8.05207062,-34.95180438,,2022-08-28 16:43:38+00:00,1.5138891739584408,2430.3931268422853
-8.05206829,-34.9518197,,2022-08-28 16:43:39+00:00,1.708259993336294,2432.1013868356217
-8.05206663,-34.95183503,,2022-08-28 16:43:40+00:00,1.699758194049846,2433.8011450296717
-8.05206464,-34.95184969,,2022-08-28 16:43:41+00:00,1.6308793246413555,2435.432024354313
-8.05206297,-34.95186435,,2022-08-28 16:43:42+00:00,1.6264814372927412,2437.0585057916055
-8.05206098,-34.95188035,,2022-08-28 16:43:43+00:00,1.7773471633512765,2438.835852954957
-8.05205765,-34.95189534,,2022-08-28 16:43:44+00:00,1.6928820821805446,2440.5287350371373
-8.05205231,-34.95191033,,2022-08-28 16:43:45+00:00,1.7547091783974826,2442.283444215535
-8.05204398,-34.95192366,,2022-08-28 16:43:46+00:00,1.7342827495279605,2444.017726965063
-8.05203466,-34.95193599,,2022-08-28 16:43:46+00:00,1.7057790349953004,2445.7235060000585
-8.05202532,-34.95194632,,2022-08-28 16:43:47+00:00,1.5373961006575072,2447.260902100716
-8.052019,-34.95195832,,2022-08-28 16:43:48+00:00,1.49607008857153,2448.756972189288
-8.05201734,-34.95197197,,2022-08-28 16:43:49+00:00,1.515788553390067,2450.2727607426777
-8.05201967,-34.95198597,,2022-08-28 16:43:50+00:00,1.5645765411816754,2451.8373372838596
-8.05202366,-34.95199997,,2022-08-28 16:43:51+00:00,1.605061593957297,2453.4423988778167
-8.05202732,-34.95201297,,2022-08-28 16:43:52+00:00,1.4890537380679623,2454.9314526158846
-8.05202932,-34.95202496,,2022-08-28 16:43:53+00:00,1.3400304707211415,2456.2714830866057
-8.05203031,-34.95203696,,2022-08-28 16:43:54+00:00,1.3272749067697527,2457.5987579933753
-8.05203165,-34.95204929,,2022-08-28 16:43:55+00:00,1.3671826933229025,2458.965940686698
-8.05203197,-34.95206228,,2022-08-28 16:43:56+00:00,1.4323154063668386,2460.398256093065
-8.05203197,-34.95207628,,2022-08-28 16:43:57+00:00,1.5432096630949717,2461.9414657561597
-8.0520323,-34.95209261,,2022-08-28 16:43:58+00:00,1.8004137974721492,2463.741879553632
-8.05203329,-34.9521096,,2022-08-28 16:43:59+00:00,1.87599300769172,2465.6178725613236
-8.05203463,-34.9521286,,2022-08-28 16:44:00+00:00,2.0995927598134303,2467.717465321137
-8.05203629,-34.95214793,,2022-08-28 16:44:01+00:00,2.1386262611432474,2469.85609158228
-8.05203762,-34.95216592,,2022-08-28 16:44:02+00:00,1.9884722835095745,2471.8445638657895
-8.05203827,-34.95218359,,2022-08-28 16:44:03+00:00,1.9490771813202004,2473.7936410471098
-8.05203861,-34.95220026,,2022-08-28 16:44:04+00:00,1.8379064697869376,2475.6315475168967
-8.05203661,-34.95221525,,2022-08-28 16:44:05+00:00,1.6670759520290162,2477.2986234689256
-8.05203227,-34.95223125,,2022-08-28 16:44:06+00:00,1.827816423302444,2479.126439892228
-8.05202928,-34.95224924,,2022-08-28 16:44:07+00:00,2.010407073486946,2481.136846965715
-8.05202762,-34.9522679,,2022-08-28 16:44:08+00:00,2.0650550514508463,2483.201902017166
-8.05202529,-34.95228689,,2022-08-28 16:44:09+00:00,2.1090553838332577,2485.310957400999
-8.05202264,-34.95230589,,2022-08-28 16:44:10+00:00,2.1147630452632855,2487.4257204462624
-8.05202098,-34.95232389,,2022-08-28 16:44:11+00:00,1.9926023404989623,2489.4183227867616
-8.05201865,-34.95234088,,2022-08-28 16:44:12+00:00,1.8904405400852835,2491.308763326847
-8.05201665,-34.95235621,,2022-08-28 16:44:13+00:00,1.7042298781880563,2493.012993205035
-8.05201599,-34.95237153,,2022-08-28 16:44:14+00:00,1.6902891615802684,2494.7032823666154
-8.05201532,-34.95238553,,2022-08-28 16:44:15+00:00,1.5449876926817974,2496.2482700592973
-8.05201499,-34.95239953,,2022-08-28 16:44:16+00:00,1.54364123672771,2497.791911296025
-8.052014,-34.9524132,,2022-08-28 16:44:17+00:00,1.5108067379003656,2499.3027180339254
-8.052013,-34.95242653,,2022-08-28 16:44:18+00:00,1.473512439901623,2500.776230473827
-8.05201233,-34.95244452,,2022-08-28 16:44:19+00:00,1.984408457949101,2502.760638931776
-8.05201201,-34.95246352,,2022-08-28 16:44:20+00:00,2.0946550709269998,2504.855294002703
-8.05201201,-34.95248252,,2022-08-28 16:44:21+00:00,2.094356073265353,2506.9496500759683
-8.05201333,-34.95250051,,2022-08-28 16:44:22+00:00,1.9883908969436557,2508.938040972912
-8.05201466,-34.9525175,,2022-08-28 16:44:23+00:00,1.8785628243471504,2510.816603797259
-8.05201599,-34.9525335,,2022-08-28 16:44:24+00:00,1.7697915155667525,2512.586395312826
-8.05201665,-34.95254782,,2022-08-28 16:44:25+00:00,1.5801698936647737,2514.1665652064908
-8.05201532,-34.95256248,,2022-08-28 16:44:26+00:00,1.6226417836979568,2515.7892069901886
-8.05201366,-34.95257915,,2022-08-28 16:44:27+00:00,1.8466704403471783,2517.635877430536
-8.05201232,-34.95259548,,2022-08-28 16:44:28+00:00,1.8061342684731572,2519.442011699009
-8.052008,-34.95261148,,2022-08-28 16:44:29+00:00,1.827236918004548,2521.2692486170135
-8.05200301,-34.9526288,,2022-08-28 16:44:30+00:00,1.9873346392949172,2523.2565832563087
-8.05200002,-34.95264579,,2022-08-28 16:44:31+00:00,1.9017657482920567,2525.1583490046005
-8.05199802,-34.95266246,,2022-08-28 16:44:32+00:00,1.8507870859835407,2527.009136090584
-8.0519967,-34.95267978,,2022-08-28 16:44:33+00:00,1.9147443569125768,2528.9238804474967
-8.05199603,-34.95269811,,2022-08-28 16:44:34+00:00,2.021860835232114,2530.9457412827287
-8.05199437,-34.95271711,,2022-08-28 16:44:35+00:00,2.102387410369562,2533.048128693098
-8.05199204,-34.95273644,,2022-08-28 16:44:36+00:00,2.1462575961938297,2535.1943862892917
-8.05199005,-34.95275477,,2022-08-28 16:44:37+00:00,2.032453824269842,2537.2268401135616
-8.05198873,-34.9527731,,2022-08-28 16:44:38+00:00,2.0257696836376478,2539.252609797199
-8.05198739,-34.9527911,,2022-08-28 16:44:39+00:00,1.9896538660608676,2541.24226366326
-8.05198506,-34.95280909,,2022-08-28 16:44:40+00:00,1.9996975405240318,2543.241961203784
-8.05198374,-34.95282708,,2022-08-28 16:44:41+00:00,1.9883910329554795,2545.2303522367392
-8.05198275,-34.95284308,,2022-08-28 16:44:42+00:00,1.767063749912927,2546.997415986652
-8.05198275,-34.95285874,,2022-08-28 16:44:43+00:00,1.7261904460913984,2548.7236064327435
-8.05198441,-34.95287473,,2022-08-28 16:44:44+00:00,1.772101679317886,2550.4957081120615
-8.05198875,-34.95289206,,2022-08-28 16:44:45+00:00,1.9696526569371944,2552.465360768999
-8.05199474,-34.95291139,,2022-08-28 16:44:46+00:00,2.231341575259776,2554.6967023442585
-8.05200074,-34.95292972,,2022-08-28 16:44:47+00:00,2.126679129007189,2556.8233814732657
-8.05200573,-34.95294705,,2022-08-28 16:44:48+00:00,1.9883936121574786,2558.811775085423
-8.05201005,-34.95296371,,2022-08-28 16:44:49+00:00,1.8975526145145556,2560.7093276999376
-8.05201405,-34.9529787,,2022-08-28 16:44:50+00:00,1.7105322107964294,2562.419859910734
-8.05201571,-34.95299204,,2022-08-28 16:44:51+00:00,1.4818748365733878,2563.9017347473073
-8.05201571,-34.95300403,,2022-08-28 16:44:52+00:00,1.3216489003593546,2565.2233836476667
-8.05201471,-34.95301736,,2022-08-28 16:44:53+00:00,1.4735124325316702,2566.6968960801983
-8.05201338,-34.95303202,,2022-08-28 16:44:54+00:00,1.6226417921163858,2568.319537872315
-8.05201305,-34.95305035,,2022-08-28 16:44:55+00:00,2.0208320543257834,2570.3403699266405
-8.05201471,-34.95306901,,2022-08-28 16:44:56+00:00,2.0650551261295345,2572.40542505277
-8.05201604,-34.95308834,,2022-08-28 16:44:57+00:00,2.1358028745451665,2574.5412279273155
-8.0520187,-34.95310833,,2022-08-28 16:44:58+00:00,2.2230345341181015,2576.7642624614336
-8.05202103,-34.953126,,2022-08-28 16:44:59+00:00,1.9647233711970964,2578.7289858326308
-8.05202269,-34.95314465,,2022-08-28 16:45:00+00:00,2.0639571583411094,2580.792942990972
-8.05202269,-34.95316198,,2022-08-28 16:45:01+00:00,1.910273147691313,2582.7032161386633
-8.05202135,-34.95317798,,2022-08-28 16:45:02+00:00,1.7698837494978543,2584.473099888161
-8.0520197,-34.95319263,,2022-08-28 16:45:03+00:00,1.6251365913468414,2586.0982364795077
-8.0520177,-34.9532063,,2022-08-28 16:45:04+00:00,1.5229822154843695,2587.621218694992
-8.0520157,-34.95322096,,2022-08-28 16:45:05+00:00,1.6310291327716742,2589.2522478277638
-8.0520117,-34.95323496,,2022-08-28 16:45:06+00:00,1.6053660352442571,2590.857613863008
-8.05200871,-34.95324962,,2022-08-28 16:45:07+00:00,1.6494486627815554,2592.5070625257895
-8.05200671,-34.95326528,,2022-08-28 16:45:08+00:00,1.7403042974846166,2594.247366823274
-8.05200438,-34.95328227,,2022-08-28 16:45:09+00:00,1.8904406059921552,2596.1378074292666
-8.05200139,-34.95329993,,2022-08-28 16:45:10+00:00,1.9745360652397939,2598.112343494506
-8.05199806,-34.95331593,,2022-08-28 16:45:11+00:00,1.801710223240967,2599.9140537177473
-8.05199307,-34.95332959,,2022-08-28 16:45:12+00:00,1.6036812995842828,2601.5177350173317
-8.0519874,-34.95334026,,2022-08-28 16:45:13+00:00,1.3328725171410842,2602.8506075344726
-8.05198407,-34.95335126,,2022-08-28 16:45:14+00:00,1.2672187658773795,2604.11782630035
-8.05198241,-34.95335992,,2022-08-28 16:45:15+00:00,0.9720795271472554,2605.089905827497
-8.05198308,-34.95336391,,2022-08-28 16:45:16+00:00,0.4460132081891229,2605.535919035686
-8.05198674,-34.95336456,,2022-08-28 16:45:17+00:00,0.41107386578046623,2605.9469929014667
-8.05199073,-34.95336157,,2022-08-28 16:45:18+00:00,0.5507750491700606,2606.497767950637
-8.05199572,-34.95335592,,2022-08-28 16:45:19+00:00,0.8321294399819728,2607.329897390619
-8.05200138,-34.95334993,,2022-08-28 16:45:20+00:00,0.9098373346420678,2608.239734725261
-8.05200772,-34.95334459,,2022-08-28 16:45:21+00:00,0.9154947408123616,2609.1552294660733
-8.05201471,-34.9533386,,2022-08-28 16:45:22+00:00,1.016657584255348,2610.1718870503287
-8.05202337,-34.95333394,,2022-08-28 16:45:23+00:00,1.0868132743309986,2611.2587003246595
-8.05203403,-34.95332995,,2022-08-28 16:45:24+00:00,1.2583201769036616,2612.517020501563
-8.0520467,-34.95332761,,2022-08-28 16:45:25+00:00,1.4247942925458226,2613.9418147941087
-8.0520607,-34.95332429,,2022-08-28 16:45:26+00:00,1.5910058118884538,2615.532820605997
-8.05207603,-34.95332097,,2022-08-28 16:45:27+00:00,1.7344844880213215,2617.2673050940184
-8.05209169,-34.95331863,,2022-08-28 16:45:28+00:00,1.7510362321539155,2619.0183413261725
-8.05210801,-34.95331764,,2022-08-28 16:45:29+00:00,1.8082237083636445,2620.826565034536
-8.05212201,-34.95331764,,2022-08-28 16:45:30+00:00,1.5483449099027788,2622.374909944439
-8.052134,-34.95331863,,2022-08-28 16:45:31+00:00,1.3305295407365942,2623.7054394851757
-8.05214466,-34.95332063,,2022-08-28 16:45:32+00:00,1.1993892598784148,2624.904828745054
-8.05215366,-34.95332162,,2022-08-28 16:45:33+00:00,1.0013287913924958,2625.9061575364467
-8.05216165,-34.95332296,,2022-08-28 16:45:34+00:00,0.8959223901032644,2626.80207992655
-8.05216798,-34.95332328,,2022-08-28 16:45:35+00:00,0.7009611579565718,2627.5030410845065
-8.05217364,-34.9533236,,2022-08-28 16:45:36+00:00,0.6269667606109585,2628.1300078451177
-8.0521793,-34.95332426,,2022-08-28 16:45:37+00:00,0.630187162884792,2628.7601950080025
-8.0521863,-34.95332593,,2022-08-28 16:45:38+00:00,0.7957571679562051,2629.5559521759587
-8.05219596,-34.95332858,,2022-08-28 16:45:39+00:00,1.1075719160888398,2630.6635240920477
-8.05220696,-34.95333191,,2022-08-28 16:45:40+00:00,1.2707264501472797,2631.934250542195
-8.05221862,-34.95333656,,2022-08-28 16:45:41+00:00,1.3876826947374614,2633.3219332369326
-8.05223061,-34.95333956,,2022-08-28 16:45:42+00:00,1.366658147775153,2634.6885913847077
-8.05224327,-34.95334055,,2022-08-28 16:45:43+00:00,1.4043924092889777,2636.0929837939966
-8.05225626,-34.9533399,,2022-08-28 16:45:44+00:00,1.438428441030798,2637.5314122350273
-8.05226793,-34.95333923,,2022-08-28 16:45:45+00:00,1.2927673749997222,2638.824179610027
-8.05227925,-34.95333857,,2022-08-28 16:45:46+00:00,1.2540594896413397,2640.0782390996683
-8.05229192,-34.95333758,,2022-08-28 16:45:47+00:00,1.405495031361174,2641.4837341310295
-8.05230558,-34.95333758,,2022-08-28 16:45:48+00:00,1.5107422611025814,2642.994476392132
-8.05232158,-34.95333924,,2022-08-28 16:45:49+00:00,1.778972523647491,2644.7734489157797
-8.0523399,-34.95334524,,2022-08-28 16:45:50+00:00,2.131332677141712,2646.9047815929216
-8.0523609,-34.95335357,,2022-08-28 16:45:51+00:00,2.497437659045168,2649.402219251967
-8.05238222,-34.9533619,,2022-08-28 16:45:52+00:00,2.5303830762517716,2651.9326023282188
-8.05240189,-34.95336856,,2022-08-28 16:45:53+00:00,2.2959559312377302,2654.2285582594563
-8.05241856,-34.95337322,,2022-08-28 16:45:54+00:00,1.9138573561167664,2656.142415615573
-8.05243355,-34.95337655,,2022-08-28 16:45:55+00:00,1.6979847843949414,2657.840400399968
-8.0524462,-34.95338021,,2022-08-28 16:45:56+00:00,1.4560482079265766,2659.2964486078945
-8.05245754,-34.9533832,,2022-08-28 16:45:57+00:00,1.2967429071023597,2660.5931915149968
-8.05246953,-34.9533852,,2022-08-28 16:45:58+00:00,1.3442477763847913,2661.9374392913815
-8.05248353,-34.9533842,,2022-08-28 16:45:59+00:00,1.5522636721345313,2663.489702963516
-8.05249786,-34.95338021,,2022-08-28 16:46:00+00:00,1.6447369418254338,2665.1344399053414
-8.05251418,-34.95337722,,2022-08-28 16:46:01+00:00,1.8347726726262734,2666.9692125779675
-8.05253117,-34.95337722,,2022-08-28 16:46:02+00:00,1.8790271815786306,2668.8482397595462
-8.0525485,-34.95337989,,2022-08-28 16:46:03+00:00,1.939094989783777,2670.78733474933
-8.05256616,-34.95338522,,2022-08-28 16:46:04+00:00,2.0395794884896628,2672.82691423782
-8.0525845,-34.95339089,,2022-08-28 16:46:05+00:00,2.1224405890790834,2674.949354826899
-8.05260415,-34.95339554,,2022-08-28 16:46:06+00:00,2.2328405246617935,2677.1821953515605
-8.05262414,-34.95339888,,2022-08-28 16:46:07+00:00,2.2412608776750376,2679.4234562292354
-8.05264313,-34.95339953,,2022-08-28 16:46:08+00:00,2.101441121763598,2681.524897350999
-8.05266113,-34.9533982,,2022-08-28 16:46:09+00:00,1.996120179535758,2683.5210175305347
-8.05267779,-34.95339621,,2022-08-28 16:46:10+00:00,1.855541867193502,2685.376559397728
-8.05269346,-34.95339521,,2022-08-28 16:46:11+00:00,1.7365423785068896,2687.113101776235
-8.05270879,-34.95339521,,2022-08-28 16:46:12+00:00,1.695437724538158,2688.8085395007733
-8.05272411,-34.95339553,,2022-08-28 16:46:13+00:00,1.6946988926974884,2690.503238393471
-8.05274045,-34.95339553,,2022-08-28 16:46:14+00:00,1.8071397563634541,2692.3103781498344
-8.05275845,-34.9533972,,2022-08-28 16:46:15+00:00,1.9992221624106763,2694.309600312245
-8.05277677,-34.95340052,,2022-08-28 16:46:16+00:00,2.0589048621124153,2696.3685051743573
-8.05279376,-34.95340486,,2022-08-28 16:46:17+00:00,1.938969871935367,2698.307475046293
-8.05280976,-34.95340851,,2022-08-28 16:46:18+00:00,1.8146999306227338,2700.1221749769156
-8.05282475,-34.95340917,,2022-08-28 16:46:19+00:00,1.6594305814223647,2701.781605558338
-8.05283875,-34.95340751,,2022-08-28 16:46:20+00:00,1.5591195868082601,2703.3407251451463
-8.05285242,-34.95340486,,2022-08-28 16:46:21+00:00,1.539808963483382,2704.8805341086295
-8.05286541,-34.95340187,,2022-08-28 16:46:22+00:00,1.4739637318861816,2706.3544978405157
-8.05287806,-34.95339987,,2022-08-28 16:46:23+00:00,1.4163034445234715,2707.7708012850394
-8.0528904,-34.95339854,,2022-08-28 16:46:24+00:00,1.372607179004023,2709.143408464043
-8.05290205,-34.95339754,,2022-08-28 16:46:25+00:00,1.2931507687802302,2710.4365592328236
-8.05291339,-34.95339655,,2022-08-28 16:46:26+00:00,1.2588981323924007,2711.695457365216
-8.05292671,-34.95339688,,2022-08-28 16:46:27+00:00,1.4735886776177445,2713.169046042834
-8.05294204,-34.95339953,,2022-08-28 16:46:28+00:00,1.7204172702730762,2714.889463313107
-8.05295871,-34.95340286,,2022-08-28 16:46:29+00:00,1.879821913605915,2716.7692852267132
-8.05297503,-34.95340685,,2022-08-28 16:46:30+00:00,1.857740749593897,2718.6270259763073
-8.05298936,-34.95341051,,2022-08-28 16:46:31+00:00,1.635385425716008,2720.262411402023
-8.05300302,-34.9534125,,2022-08-28 16:46:32+00:00,1.526584181671241,2721.7889955836945
-8.05301636,-34.95341417,,2022-08-28 16:46:33+00:00,1.4867913766499419,2723.2757869603442
-8.05302901,-34.95341483,,2022-08-28 16:46:34+00:00,1.4009305629636533,2724.676717523308
-8.05304334,-34.9534145,,2022-08-28 16:46:35+00:00,1.5852590769205857,2726.2619766002285
-8.05305934,-34.9534165,,2022-08-28 16:46:36+00:00,1.783217131509321,2728.045193731738
-8.05307566,-34.95341949,,2022-08-28 16:46:37+00:00,1.8347726395658532,2729.879966371304
-8.05309033,-34.95342216,,2022-08-28 16:46:38+00:00,1.6489223303882194,2731.5288887016923
-8.05310399,-34.95342382,,2022-08-28 16:46:39+00:00,1.5217831886542637,2733.0506718903466
-8.05311532,-34.95342216,,2022-08-28 16:46:40+00:00,1.2663430532999949,2734.3170149436464
-8.05312598,-34.9534185,,2022-08-28 16:46:41+00:00,1.246071840255217,2735.563086783902
-8.05313764,-34.95341551,,2022-08-28 16:46:42+00:00,1.3310017584904377,2736.894088542392
-8.05315231,-34.95341318,,2022-08-28 16:46:43+00:00,1.6426469858389987,2738.536735528231
-8.05316696,-34.95341019,,2022-08-28 16:46:44+00:00,1.6534143877666914,2740.1901499159976
-8.0531833,-34.95340886,,2022-08-28 16:46:45+00:00,1.813076700073126,2742.0032266160706
-8.05319829,-34.9534082,,2022-08-28 16:46:46+00:00,1.6594306087611956,2743.662657224832
-8.05321161,-34.95340919,,2022-08-28 16:46:47+00:00,1.477176054625933,2745.139833279458
-8.05322428,-34.95341218,,2022-08-28 16:46:48+00:00,1.439490793285909,2746.579324072744
-8.05323928,-34.95341718,,2022-08-28 16:46:49+00:00,1.7480978011586175,2748.3274218739025
-8.05325627,-34.95342317,,2022-08-28 16:46:50+00:00,1.9916580019933272,2750.319079875896
-8.05327326,-34.95343117,,2022-08-28 16:46:51+00:00,2.0756613567155613,2752.3947412326115
-8.05328992,-34.95343983,,2022-08-28 16:46:52+00:00,2.075125665870523,2754.469866898482
-8.05330491,-34.95344716,,2022-08-28 16:46:53+00:00,1.8442466391711612,2756.314113537653
-8.05331858,-34.95345048,,2022-08-28 16:46:54+00:00,1.5555102033910668,2757.869623741044
-8.0533319,-34.95345147,,2022-08-28 16:46:55+00:00,1.477176060328851,2759.346799801373
-8.05334623,-34.95345347,,2022-08-28 16:46:56+00:00,1.6001015218680008,2760.946901323241
-8.05336055,-34.95345514,,2022-08-28 16:46:57+00:00,1.5943980669199191,2762.541299390161
-8.05337322,-34.95345481,,2022-08-28 16:46:58+00:00,1.4017242909203511,2763.9430236810813
-8.05338321,-34.95345182,,2022-08-28 16:46:59+00:00,1.1529657034793706,2765.0959893845607
-8.05339221,-34.95344749,,2022-08-28 16:47:00+00:00,1.1038829595197626,2766.1998723440806
-8.05340087,-34.9534415,,2022-08-28 16:47:01+00:00,1.163299573575318,2767.363171917656
-8.05341153,-34.95343417,,2022-08-28 16:47:02+00:00,1.4292518671251555,2768.792423784781
-8.05342385,-34.95342751,,2022-08-28 16:47:03+00:00,1.5477285605984479,2770.3401523453795
-8.05343752,-34.95342251,,2022-08-28 16:47:04+00:00,1.6091753994876452,2771.9493277448673
-8.05345084,-34.95341919,,2022-08-28 16:47:05+00:00,1.5179153976262303,2773.4672431424938
-8.05346317,-34.95341519,,2022-08-28 16:47:06+00:00,1.433159668052635,2774.9004028105464
-8.05347449,-34.95341153,,2022-08-28 16:47:07+00:00,1.3153458086093128,2776.215748619156
-8.05348448,-34.95340821,,2022-08-28 16:47:08+00:00,1.163886015682955,2777.379634634839
-8.05349748,-34.95340522,,2022-08-28 16:47:09+00:00,1.4750416389393837,2778.8546762737783
-8.05350981,-34.95340255,,2022-08-28 16:47:10+00:00,1.39504808616272,2780.249724359941
-8.05352247,-34.95340255,,2022-08-28 16:47:11+00:00,1.4001462780556762,2781.6498706379966
-8.05353614,-34.95340421,,2022-08-28 16:47:12+00:00,1.5228811393409805,2783.1727517773375
-8.05355046,-34.95340721,,2022-08-28 16:47:13+00:00,1.6178913928838952,2784.7906431702213
-8.05356579,-34.95341187,,2022-08-28 16:47:14+00:00,1.77154241429854,2786.5621855845197
-8.05358313,-34.95341687,,2022-08-28 16:47:15+00:00,1.9953623600090409,2788.557547944529
-8.05360145,-34.95342019,,2022-08-28 16:47:16+00:00,2.058904810761985,2790.6164527552905
-8.05361912,-34.95342152,,2022-08-28 16:47:17+00:00,1.9597239423916526,2792.576176697682
-8.05363744,-34.95342285,,2022-08-28 16:47:18+00:00,2.031417074383815,2794.6075937720657
-8.05365576,-34.95342418,,2022-08-28 16:47:19+00:00,2.0314170758691703,2796.639010847935
-8.05367309,-34.95342584,,2022-08-28 16:47:20+00:00,1.9253446420002003,2798.564355489935
-8.05368975,-34.95342684,,2022-08-28 16:47:21+00:00,1.8458248403577893,2800.410180330293
-8.05370642,-34.95342816,,2022-08-28 16:47:22+00:00,1.8493692309144092,2802.259549561207
-8.05372409,-34.95342848,,2022-08-28 16:47:23+00:00,1.9545509287857648,2804.214100489993
-8.05374075,-34.95342749,,2022-08-28 16:47:24+00:00,1.8457593454952705,2806.0598598354886
-8.05375641,-34.95342484,,2022-08-28 16:47:25+00:00,1.7563949626078783,2807.8162547980965
-8.05377041,-34.9534235,,2022-08-28 16:47:26+00:00,1.5553744173533874,2809.37162921545
-8.05378607,-34.95342517,,2022-08-28 16:47:27+00:00,1.7416898073497442,2811.1133190227997
-8.0538034,-34.95343017,,2022-08-28 16:47:28+00:00,1.994299385999091,2813.1076184087988
-8.05382206,-34.95343649,,2022-08-28 16:47:29+00:00,2.178133847490816,2815.2857522562895
-8.05384038,-34.95344048,,2022-08-28 16:47:30+00:00,2.073306028458363,2817.359058284748
-8.05385937,-34.95344382,,2022-08-28 16:47:31+00:00,2.1322444844607698,2819.4913027692087
-8.05387836,-34.95344547,,2022-08-28 16:47:32+00:00,2.1080799709972466,2821.599382740206
-8.05389603,-34.95344681,,2022-08-28 16:47:33+00:00,1.9598067303746716,2823.5591894705803
-8.05391103,-34.9534478,,2022-08-28 16:47:34+00:00,1.6625264576592444,2825.2217159282395
-8.05392435,-34.95344714,,2022-08-28 16:47:35+00:00,1.474935023684051,2826.6966509519234
-8.05393668,-34.95344614,,2022-08-28 16:47:36+00:00,1.3680974425659798,2828.0647483944895
-8.05394867,-34.95344448,,2022-08-28 16:47:37+00:00,1.3386119886932941,2829.4033603831826
-8.05396166,-34.95344383,,2022-08-28 16:47:38+00:00,1.4384285453721875,2830.8417889285547
-8.053975,-34.95344383,,2022-08-28 16:47:39+00:00,1.4753516398775213,2832.317140568432
-8.05398765,-34.95344448,,2022-08-28 16:47:40+00:00,1.400873810115697,2833.7180143785477
-8.05400032,-34.95344416,,2022-08-28 16:47:41+00:00,1.4016961604751736,2835.119710539023
-8.05401331,-34.95344416,,2022-08-28 16:47:42+00:00,1.4366430165632258,2836.556353555586
-8.05402864,-34.95344416,,2022-08-28 16:47:43+00:00,1.6954378335065128,2838.251791389093
-8.05404464,-34.95344448,,2022-08-28 16:47:44+00:00,1.7698887305137723,2840.0216801196066
-8.05406064,-34.95344383,,2022-08-28 16:47:45+00:00,1.7709871417703034,2841.7926672613767
-8.05407698,-34.9534435,,2022-08-28 16:47:46+00:00,1.807505933269591,2843.6001731946462
-8.05409263,-34.95344317,,2022-08-28 16:47:47+00:00,1.7312107784969386,2845.331383973143
-8.05410763,-34.9534435,,2022-08-28 16:47:48+00:00,1.6593398883384989,2846.9907238614815
-8.05412262,-34.9534435,,2022-08-28 16:47:49+00:00,1.6578351755769916,2848.6485590370585
-8.05413862,-34.95344416,,2022-08-28 16:47:50+00:00,1.7710320852138903,2850.4195911222723
-8.05415561,-34.95344649,,2022-08-28 16:47:51+00:00,1.8964985679209931,2852.316089690193
-8.05417195,-34.95344948,,2022-08-28 16:47:52+00:00,1.83694856045919,2854.1530382506526
-8.05418827,-34.95345215,,2022-08-28 16:47:53+00:00,1.828765611583627,2855.981803862236
-8.05420459,-34.95345314,,2022-08-28 16:47:54+00:00,1.8082238582126884,2857.790027720449
-8.05422126,-34.95345547,,2022-08-28 16:47:55+00:00,1.8614400266634854,2859.6514677471123
-8.05423726,-34.95345946,,2022-08-28 16:47:56+00:00,1.8233751427040572,2861.4748428898165
-8.05425192,-34.95346245,,2022-08-28 16:47:57+00:00,1.6544980772135,2863.12934096703
-8.05426758,-34.95346512,,2022-08-28 16:47:58+00:00,1.7567629312640038,2864.886103898294
-8.05428491,-34.95346844,,2022-08-28 16:47:59+00:00,1.9512551535862086,2866.8373590518804
-8.05430124,-34.95347143,,2022-08-28 16:48:00+00:00,1.8358605495840947,2868.6732196014646
-8.0543169,-34.9534761,,2022-08-28 16:48:01+00:00,1.8068157604410389,2870.4800353619057
-8.05433155,-34.95348242,,2022-08-28 16:48:01+00:00,1.763651812872716,2872.2436871747786
-8.05434755,-34.95349209,,2022-08-28 16:48:02+00:00,2.06577542710762,2874.3094626018865
-8.05436454,-34.95350441,,2022-08-28 16:48:03+00:00,2.3183945525083294,2876.627857154395
-8.0543812,-34.95351607,,2022-08-28 16:48:04+00:00,2.2465144956400915,2878.874371650035
-8.05439787,-34.9535254,,2022-08-28 16:48:05+00:00,2.111082780023984,2880.985454430059
-8.05441387,-34.95353139,,2022-08-28 16:48:06+00:00,1.8887079593744882,2882.8741623894334
-8.05442886,-34.95353706,,2022-08-28 16:48:07+00:00,1.7717330114613612,2884.645895400895
-8.05444351,-34.95354438,,2022-08-28 16:48:08+00:00,1.8100271292402395,2886.455922530135
-8.05445717,-34.95355338,,2022-08-28 16:48:09+00:00,1.8073518422420836,2888.263274372377
-8.05447049,-34.95356171,,2022-08-28 16:48:10+00:00,1.7358686065553348,2889.9991429789325
-8.05448449,-34.95357071,,2022-08-28 16:48:11+00:00,1.8388992364956982,2891.8380422154282
-8.05449783,-34.95358036,,2022-08-28 16:48:12+00:00,1.818827351555643,2893.656869566984
-8.05451016,-34.9535907,,2022-08-28 16:48:13+00:00,1.7772454887668863,2895.4341150557507
-8.05452049,-34.95360069,,2022-08-28 16:48:14+00:00,1.5867622568454947,2897.020877312596
-8.05453115,-34.95360969,,2022-08-28 16:48:15+00:00,1.540814927696183,2898.5616922402924
-8.05454214,-34.95362034,,2022-08-28 16:48:16+00:00,1.6898055846987463,2900.251497824991
-8.05455314,-34.95363301,,2022-08-28 16:48:17+00:00,1.8521585590330938,2902.103656384024
-8.05456446,-34.95364634,,2022-08-28 16:48:18+00:00,1.9303764561680914,2904.034032840192
-8.05457546,-34.953657,,2022-08-28 16:48:19+00:00,1.6913667953249647,2905.725399635517
-8.0545868,-34.95366467,,2022-08-28 16:48:20+00:00,1.5125168257968253,2907.237916461314
-8.05459812,-34.95367032,,2022-08-28 16:48:21+00:00,1.398299666241813,2908.6362161275556
-8.05460911,-34.95367499,,2022-08-28 16:48:22+00:00,1.3199645354845044,2909.95618066304
-8.05462044,-34.95367931,,2022-08-28 16:48:23+00:00,1.3404841211029053,2911.2966647841426
-8.0546321,-34.95368398,,2022-08-28 16:48:24+00:00,1.3884975200047538,2912.6851623041475
-8.05464576,-34.95368831,,2022-08-28 16:48:25+00:00,1.5843446941448038,2914.2695069982924
-8.05466176,-34.95369197,,2022-08-28 16:48:26+00:00,1.8149443847223516,2916.0844513830148
-8.05467909,-34.95369397,,2022-08-28 16:48:27+00:00,1.9292672337161991,2918.013718616731
-8.05469642,-34.95369496,,2022-08-28 16:48:28+00:00,1.9197341673785302,2919.9334527841092
-8.05471241,-34.95369464,,2022-08-28 16:48:29+00:00,1.7687830457852058,2921.7022358298946
-8.05472641,-34.9536923,,2022-08-28 16:48:30+00:00,1.5696824247781338,2923.2719182546725
-8.05474074,-34.95368997,,2022-08-28 16:48:31+00:00,1.60551751547154,2924.877435770144
-8.05475574,-34.95368797,,2022-08-28 16:48:32+00:00,1.6735253737126017,2926.5509611438565
-8.05477173,-34.95368598,,2022-08-28 16:48:33+00:00,1.7819836695598046,2928.3329448134164
-8.05478773,-34.95368431,,2022-08-28 16:48:34+00:00,1.779086336149845,2930.112031149566
-8.05480238,-34.95368231,,2022-08-28 16:48:35+00:00,1.6351620289883613,2931.7471931785544
-8.05481538,-34.95368132,,2022-08-28 16:48:36+00:00,1.4418844667438797,2933.1890776452983
-8.05482672,-34.953681,,2022-08-28 16:48:37+00:00,1.254655470591881,2934.44373311589
-8.05483871,-34.95368132,,2022-08-28 16:48:38+00:00,1.3265160475374895,2935.7702491634277
-8.05485203,-34.95368165,,2022-08-28 16:48:39+00:00,1.4735888114797115,2937.2438379749074
-8.05486736,-34.95368331,,2022-08-28 16:48:40+00:00,1.7052832925571326,2938.9491212674643
-8.05488435,-34.95368565,,2022-08-28 16:48:41+00:00,1.8966481624357414,2940.8457694299
-8.05490168,-34.9536873,,2022-08-28 16:48:42+00:00,1.9252402581800274,2942.77100968808
-8.05491668,-34.9536883,,2022-08-28 16:48:43+00:00,1.6625992378850798,2944.433608925965
-8.05493033,-34.95368896,,2022-08-28 16:48:44+00:00,1.5113884413435354,2945.9449973673086
-8.05494433,-34.95369062,,2022-08-28 16:48:45+00:00,1.5591196329666273,2947.504117000275
-8.05495833,-34.95369395,,2022-08-28 16:48:46+00:00,1.5912593321445128,2949.0953763324196
-8.054973,-34.95369761,,2022-08-28 16:48:47+00:00,1.6718513426711306,2950.767227675091
-8.05498599,-34.95370227,,2022-08-28 16:48:48+00:00,1.5257112176399719,2952.292938892731
-8.05499931,-34.9537056,,2022-08-28 16:48:49+00:00,1.5181812992377046,2953.8111201919687
-8.05501198,-34.95370659,,2022-08-28 16:48:50+00:00,1.4054951598534373,2955.216615351822
-8.05502598,-34.95370626,,2022-08-28 16:48:51+00:00,1.5487723543343839,2956.765387706156
-8.05503998,-34.95370594,,2022-08-28 16:48:52+00:00,1.5487468588117685,2958.314134564968
-8.05505398,-34.95370594,,2022-08-28 16:48:53+00:00,1.5483451304709706,2959.8624796954387
-8.05506798,-34.95370827,,2022-08-28 16:48:54+00:00,1.5695016606045804,2961.4319813560433
-8.05508164,-34.95371226,,2022-08-28 16:48:55+00:00,1.5734601760642368,2963.0054415321074
-8.05509464,-34.95371493,,2022-08-28 16:48:56+00:00,1.46756283289208,2964.4730043649993
-8.05510729,-34.95371559,,2022-08-28 16:48:57+00:00,1.400930685681028,2965.8739350506803
-8.05512129,-34.95371559,,2022-08-28 16:48:58+00:00,1.5483451355130167,2967.4222801861933
-8.05513662,-34.95371591,,2022-08-28 16:48:59+00:00,1.6958048084380561,2969.1180849946313
-8.05515228,-34.95371691,,2022-08-28 16:49:00+00:00,1.735438813724551,2970.853523808356
-8.05516862,-34.95371823,,2022-08-28 16:49:01+00:00,1.8129880197412034,2972.666511828097
-8.05518327,-34.95371889,,2022-08-28 16:49:02+00:00,1.6218650770838647,2974.288376905181
-8.05519693,-34.95371823,,2022-08-28 16:49:03+00:00,1.512493138085966,2975.800870043267
-8.05520993,-34.95371691,,2022-08-28 16:49:04+00:00,1.4450927467328565,2977.24596279
-8.05522393,-34.95371524,,2022-08-28 16:49:05+00:00,1.559249388509797,2978.8052121785095
-8.05523959,-34.95371358,,2022-08-28 16:49:06+00:00,1.7415737029134255,2980.5467858814227
-8.05525558,-34.95371259,,2022-08-28 16:49:07+00:00,1.7717951183934335,2982.3185809998163
-8.05527091,-34.95371193,,2022-08-28 16:49:08+00:00,1.6969980744590298,2984.015579074275
-8.05528591,-34.95371259,,2022-08-28 16:49:09+00:00,1.6605356587969025,2985.676114733072
-8.05530023,-34.95371358,,2022-08-28 16:49:10+00:00,1.587491068082718,2987.263605801155
-8.0553149,-34.95371358,,2022-08-28 16:49:11+00:00,1.622444525515585,2988.8860503266706
-8.0553289,-34.95371192,,2022-08-28 16:49:12+00:00,1.5591196418055713,2990.445169968476
-8.05534356,-34.95371025,,2022-08-28 16:49:13+00:00,1.631755098274465,2992.0769250667504
-8.05535856,-34.95370926,,2022-08-28 16:49:14+00:00,1.6625265487258294,2993.7394516154764
-8.05537256,-34.95370794,,2022-08-28 16:49:15+00:00,1.5551666743916985,2995.294618289868
-8.05538656,-34.95370727,,2022-08-28 16:49:16+00:00,1.5501054761346593,2996.844723766003
-8.05540021,-34.95370494,,2022-08-28 16:49:17+00:00,1.5313279053815916,2998.3760516713846
-8.05541355,-34.95370295,,2022-08-28 16:49:18+00:00,1.491569349631608,2999.867621021016
-8.0554282,-34.95370229,,2022-08-28 16:49:19+00:00,1.6218650944642197,3001.4894861154803
-8.05544386,-34.95370262,,2022-08-28 16:49:20+00:00,1.7323166060766815,3003.221802721557
-8.05545952,-34.95370527,,2022-08-28 16:49:21+00:00,1.7563949008240167,3004.9781976223812
-8.05547585,-34.95371126,,2022-08-28 16:49:22+00:00,1.922943678152281,3006.9011413005337
-8.05549184,-34.9537196,,2022-08-28 16:49:23+00:00,1.9931055725345581,3008.8942468730684
-8.05550751,-34.95372925,,2022-08-28 16:49:24+00:00,2.0334440165158916,3010.9276908895845
-8.05552316,-34.95374124,,2022-08-28 16:49:25+00:00,2.177726754761959,3013.1054176443463
-8.05553783,-34.95375458,,2022-08-28 16:49:26+00:00,2.1896431074097977,3015.295060751756
-8.05555149,-34.95376858,,2022-08-28 16:49:27+00:00,2.1595828108255244,3017.4546435625816
-8.05556348,-34.95378323,,2022-08-28 16:49:28+00:00,2.0895272692803064,3019.5441708318617
-8.05557381,-34.9537989,,2022-08-28 16:49:29+00:00,2.070916934364078,3021.6150877662258
-8.05558281,-34.95381523,,2022-08-28 16:49:30+00:00,2.0569036053474594,3023.6719913715733
-8.05559048,-34.95383256,,2022-08-28 16:49:31+00:00,2.0901303804784903,3025.762121752052
-8.05559713,-34.95385255,,2022-08-28 16:49:32+00:00,2.3229635045829973,3028.085085256635
-8.05560347,-34.9538732,,2022-08-28 16:49:33+00:00,2.3817648675608036,3030.466850124196
-8.0556088,-34.95389353,,2022-08-28 16:49:34+00:00,2.317175202371727,3032.7840253265676
-8.05561279,-34.95391319,,2022-08-28 16:49:35+00:00,2.211560108450142,3034.995585435018
-8.05561579,-34.95393185,,2022-08-28 16:49:36+00:00,2.083448168303894,3037.0790336033215
-8.05561678,-34.95395018,,2022-08-28 16:49:37+00:00,2.0234490606531845,3039.1024826639746
-8.05561778,-34.95396884,,2022-08-28 16:49:38+00:00,2.0598311249798495,3041.1623137889546
-8.05561844,-34.95398784,,2022-08-28 16:49:39+00:00,2.095609170389956,3043.257922959345
-8.05561944,-34.95400717,,2022-08-28 16:49:40+00:00,2.1335812270042926,3045.3915041863493
-8.05562043,-34.95402617,,2022-08-28 16:49:41+00:00,2.0971976064812585,3047.4887017928304
-8.05562243,-34.95404516,,2022-08-28 16:49:42+00:00,2.1048894898443775,3049.593591282675
-8.05562475,-34.95406383,,2022-08-28 16:49:43+00:00,2.0738956405576063,3051.6674869232324
-8.05562642,-34.95408182,,2022-08-28 16:49:44+00:00,1.9915895443139664,3053.6590764675466
-8.05562674,-34.95409815,,2022-08-28 16:49:45+00:00,1.8003758473637717,3055.4594523149103
-8.05562608,-34.95411382,,2022-08-28 16:49:46+00:00,1.7288189325773529,3057.1882712474876
-8.05562408,-34.95412881,,2022-08-28 16:49:47+00:00,1.6670615415100107,3058.8553327889977
-8.05562143,-34.95414481,,2022-08-28 16:49:48+00:00,1.7878384517285224,3060.643171240726
-8.05561976,-34.9541628,,2022-08-28 16:49:49+00:00,1.991589566385163,3062.6347608071114
-8.05561744,-34.95418113,,2022-08-28 16:49:50+00:00,2.036711261372367,3064.6714720684836
-8.05561477,-34.95419846,,2022-08-28 16:49:51+00:00,1.932944970226399,3066.60441703871
-8.05561311,-34.95421446,,2022-08-28 16:49:52+00:00,1.7731824246359034,3068.3775994633456
-8.05561212,-34.95422978,,2022-08-28 16:49:53+00:00,1.6922432361103381,3070.069842699456
-8.05561179,-34.95424645,,2022-08-28 16:49:54+00:00,1.8378680672416083,3071.9077107666976
-8.05561112,-34.95426344,,2022-08-28 16:49:55+00:00,1.8742440635078137,3073.7819548302054
-8.05561013,-34.95428143,,2022-08-28 16:49:56+00:00,1.9860274101083517,3075.767982240314
-8.05560948,-34.95429976,,2022-08-28 16:49:57+00:00,2.021763078379679,3077.7897453186933
-8.05561047,-34.95431909,,2022-08-28 16:49:58+00:00,2.1335242325752004,3079.9232695512687
-8.05561312,-34.95433975,,2022-08-28 16:49:59+00:00,2.296098062080657,3082.2193676133493
-8.05561411,-34.95435942,,2022-08-28 16:50:00+00:00,2.1709533008904773,3084.39032091424
-8.05561411,-34.95437842,,2022-08-28 16:50:01+00:00,2.094337564637074,3086.484658478877
-8.05561379,-34.95439707,,2022-08-28 16:50:02+00:00,2.0560622744594386,3088.5407207533362
-8.05561247,-34.95441541,,2022-08-28 16:50:03+00:00,2.026851188978113,3090.5675719423143
-8.05561113,-34.95443407,,2022-08-28 16:50:04+00:00,2.0621919767946837,3092.629763919109
-8.05561014,-34.9544524,,2022-08-28 16:50:05+00:00,2.0234490869348574,3094.6532130060436
-8.05560981,-34.95447073,,2022-08-28 16:50:06+00:00,2.0208142283792996,3096.6740272344227
-8.05560981,-34.95448939,,2022-08-28 16:50:07+00:00,2.056859967568091,3098.7308872019908
-8.05560882,-34.95450605,,2022-08-28 16:50:08+00:00,1.839664497936542,3100.5705516999274
-8.05560615,-34.95452105,,2022-08-28 16:50:09+00:00,1.6795860838085896,3102.250137783736
-8.0556035,-34.95453505,,2022-08-28 16:50:10+00:00,1.570780053360899,3103.820917837097
-8.05560117,-34.95454804,,2022-08-28 16:50:11+00:00,1.4548685711822456,3105.275786408279
-8.05559917,-34.95456138,,2022-08-28 16:50:12+00:00,1.4869888636027373,3106.7627752718818
-8.05559818,-34.95457471,,2022-08-28 16:50:13+00:00,1.4734169576512566,3108.236192229533
-8.05559818,-34.95458837,,2022-08-28 16:50:14+00:00,1.50571854001703,3109.74191076955
-8.05559818,-34.95460203,,2022-08-28 16:50:15+00:00,1.5057185392338104,3111.247629308784
-8.05559752,-34.95461737,,2022-08-28 16:50:16+00:00,1.6924768493071463,3112.940106158091
-8.05559619,-34.95463302,,2022-08-28 16:50:17+00:00,1.7313326217134795,3114.6714387798047
-8.05559286,-34.95464836,,2022-08-28 16:50:18+00:00,1.7305443372789417,3116.4019831170835
-8.0555892,-34.95466335,,2022-08-28 16:50:19+00:00,1.7011810200416728,3118.103164137125
-8.05558887,-34.95467868,,2022-08-28 16:50:20+00:00,1.690193921320589,3119.793358058446
-8.0555892,-34.954694,,2022-08-28 16:50:21+00:00,1.6890918952753402,3121.4824499537212
-8.0555872,-34.95470866,,2022-08-28 16:50:22+00:00,1.6310151093286738,3123.1134650630497
-8.05558421,-34.95472266,,2022-08-28 16:50:23+00:00,1.5782285368339066,3124.691693599884
-8.05558088,-34.95473732,,2022-08-28 16:50:24+00:00,1.6573829335726469,3126.3490765334564
-8.05557855,-34.95475298,,2022-08-28 16:50:25+00:00,1.7453035332638687,3128.09438006672
-8.05557556,-34.95476965,,2022-08-28 16:50:26+00:00,1.8670239353987503,3129.961404002119
-8.05557257,-34.95478565,,2022-08-28 16:50:27+00:00,1.7943862973318225,3131.755790299451
-8.0555699,-34.95480064,,2022-08-28 16:50:28+00:00,1.678501124839686,3133.4342914242907
-8.05556724,-34.9548163,,2022-08-28 16:50:29+00:00,1.7510643000204817,3135.185355724311
-8.05556592,-34.9548323,,2022-08-28 16:50:30+00:00,1.76968462709414,3136.9550403514054
-8.05556559,-34.95484896,,2022-08-28 16:50:31+00:00,1.836766210267794,3138.791806561673
-8.05556624,-34.95486595,,2022-08-28 16:50:32+00:00,1.8741581264757599,3140.665964688149
-8.05556624,-34.95488028,,2022-08-28 16:50:33+00:00,1.5795716228020895,3142.245536310951
-8.05556624,-34.95489493,,2022-08-28 16:50:34+00:00,1.6148446812446087,3143.8603809921956
-8.05556758,-34.9549076,,2022-08-28 16:50:35+00:00,1.40443364045949,3145.264814632655
-8.05556823,-34.95491992,,2022-08-28 16:50:36+00:00,1.359914100923401,3146.6247287335786
-8.05556856,-34.95493158,,2022-08-28 16:50:37+00:00,1.285780120934923,3147.9105088545134
-8.05556889,-34.95494258,,2022-08-28 16:50:38+00:00,1.2130605089096813,3149.123569363423
-8.05556856,-34.95495591,,2022-08-28 16:50:39+00:00,1.4697965054450157,3150.593365868868
-8.05556856,-34.9549709,,2022-08-28 16:50:40+00:00,1.6523222950132586,3152.2456881638814
-8.05556823,-34.95498757,,2022-08-28 16:50:41+00:00,1.8378682635641292,3154.0835564274453
-8.05556724,-34.95500257,,2022-08-28 16:50:42+00:00,1.6570458451010863,3155.7406022725463
-8.05556491,-34.95501657,,2022-08-28 16:50:43+00:00,1.564563302002085,3157.3051655745485
-8.05555992,-34.95502956,,2022-08-28 16:50:44+00:00,1.5345373302673797,3158.839702904816
-8.0555526,-34.95504122,,2022-08-28 16:50:45+00:00,1.518977088356766,3160.3586799931727
-8.05554526,-34.95505122,,2022-08-28 16:50:46+00:00,1.3689437919869354,3161.7276237851597
-8.05553861,-34.95506021,,2022-08-28 16:50:47+00:00,1.2340559721137259,3162.9616797572735
-8.05553294,-34.95506987,,2022-08-28 16:50:48+00:00,1.2357345386914376,3164.197414295965
-8.05552928,-34.95507986,,2022-08-28 16:50:49+00:00,1.1732209956886819,3165.3706352916533
-8.05552663,-34.9550902,,2022-08-28 16:50:50+00:00,1.1768391229582376,3166.5474744146118
-8.05552396,-34.95509952,,2022-08-28 16:50:51+00:00,1.0689245702561565,3167.616398984868
-8.05551964,-34.95510884,,2022-08-28 16:50:52+00:00,1.1329923605907593,3168.7493913454587
-8.05551497,-34.95511918,,2022-08-28 16:50:53+00:00,1.251323358117458,3170.0007147035763
-8.05551065,-34.95512984,,2022-08-28 16:50:54+00:00,1.26845326308239,3171.2691679666586
-8.05550699,-34.95514183,,2022-08-28 16:50:55+00:00,1.3822351725075006,3172.651403139166
-8.05550466,-34.9551555,,2022-08-28 16:50:56+00:00,1.5286966934490414,3174.1800998326153
-8.05550433,-34.95517016,,2022-08-28 16:50:57+00:00,1.6163593017449152,3175.7964591343602
-8.05550267,-34.95518416,,2022-08-28 16:50:58+00:00,1.554078698941419,3177.3505378333016
-8.05550234,-34.95519749,,2022-08-28 16:50:59+00:00,1.4697967436583195,3178.82033457696
-8.05550169,-34.95520915,,2022-08-28 16:51:00+00:00,1.2872710877116555,3180.1076056646716
-8.05550102,-34.95521948,,2022-08-28 16:51:01+00:00,1.141067079330837,3181.2486727440023
-8.0554997,-34.9552288,,2022-08-28 16:51:02+00:00,1.0376487502345446,3182.2863214942367
-8.05549704,-34.95523947,,2022-08-28 16:51:03+00:00,1.2123702254815714,3183.4986917197184
-8.05549337,-34.95525179,,2022-08-28 16:51:04+00:00,1.4173722079180544,3184.9160639276365
-8.05549138,-34.95526413,,2022-08-28 16:51:05+00:00,1.3779077243213957,3186.2939716519577
-8.05548972,-34.95527612,,2022-08-28 16:51:06+00:00,1.3343279721150838,3187.628299624073
-8.05548873,-34.95528811,,2022-08-28 16:51:07+00:00,1.3261651971382267,3188.9544648212113
-8.0554864,-34.95529976,,2022-08-28 16:51:08+00:00,1.3097597068715987,3190.264224528083
-8.05548374,-34.95531243,,2022-08-28 16:51:09+00:00,1.4272410171768297,3191.69146554526
-8.05547975,-34.95532742,,2022-08-28 16:51:10+00:00,1.7102329471632032,3193.4016984924233
-8.05547441,-34.95534474,,2022-08-28 16:51:11+00:00,1.9984143598370698,3195.4001128522605
-8.05546909,-34.95536341,,2022-08-28 16:51:12+00:00,2.140418677947231,3197.5405315302078
-8.05546376,-34.95538241,,2022-08-28 16:51:13+00:00,2.1757151219586586,3199.7162466521663
-8.05545877,-34.9554014,,2022-08-28 16:51:14+00:00,2.1647638782057874,3201.881010530372
-8.05545378,-34.95541773,,2022-08-28 16:51:15+00:00,1.8827290847406433,3203.7637396151126
-8.05544811,-34.95543273,,2022-08-28 16:51:16+00:00,1.7683448408055509,3205.5320844559183
-8.05544445,-34.95544639,,2022-08-28 16:51:17+00:00,1.5591786962628242,3207.091263152181
-8.0554418,-34.95546072,,2022-08-28 16:51:18+00:00,1.6065315701407143,3208.6977947223218
-8.05543846,-34.95547571,,2022-08-28 16:51:19+00:00,1.6931096662022334,3210.390904388524
-8.05543581,-34.9554907,,2022-08-28 16:51:20+00:00,1.67811393772025,3212.0690183262445
-8.05543448,-34.95550637,,2022-08-28 16:51:21+00:00,1.7335299116950837,3213.8025482379394
-8.05543282,-34.95552236,,2022-08-28 16:51:22+00:00,1.772086842544931,3215.5746350804843
-8.05543148,-34.95553736,,2022-08-28 16:51:23+00:00,1.6600534733878933,3217.2346885538723
-8.05542916,-34.95555168,,2022-08-28 16:51:24+00:00,1.599187890394353,3218.8338764442665
-8.05542617,-34.95556535,,2022-08-28 16:51:25+00:00,1.5426800281950426,3220.3765564724617
-8.05542517,-34.95558001,,2022-08-28 16:51:26+00:00,1.6197277191488029,3221.9962841916104
-8.05542584,-34.95559567,,2022-08-28 16:51:27+00:00,1.7277655610815594,3223.724049752692
-8.05542649,-34.955613,,2022-08-28 16:51:28+00:00,1.9116093656241104,3225.6356591183157
-8.05542716,-34.95563065,,2022-08-28 16:51:29+00:00,1.946940863645105,3227.582599981961
-8.05542848,-34.95564831,,2022-08-28 16:51:30+00:00,1.9520989752303741,3229.5346989571913
-8.05542848,-34.95566464,,2022-08-28 16:51:31+00:00,1.8000288432445575,3231.3347278004358
-8.05542749,-34.95567997,,2022-08-28 16:51:32+00:00,1.6933439764352887,3233.028071776871
-8.05542484,-34.9556953,,2022-08-28 16:51:33+00:00,1.715028111865893,3234.743099888737
-8.05542184,-34.95571029,,2022-08-28 16:51:34+00:00,1.6853054182333493,3236.4284053069705
-8.05541885,-34.95572596,,2022-08-28 16:51:35+00:00,1.7586473935757123,3238.1870527005462
-8.05541751,-34.95574195,,2022-08-28 16:51:36+00:00,1.7687706983830147,3239.955823398929
-8.05541719,-34.95575828,,2022-08-28 16:51:37+00:00,1.8003767711315033,3241.7562001700608
-8.05541719,-34.95577461,,2022-08-28 16:51:38+00:00,1.800028893113626,3243.556229063174
-8.05541652,-34.95579095,,2022-08-28 16:51:39+00:00,1.802654774927637,3245.358883838102
-8.05541387,-34.95580661,,2022-08-28 16:51:40+00:00,1.7508794738722029,3247.1097633119743
-8.05541154,-34.9558206,,2022-08-28 16:51:41+00:00,1.563476654711704,3248.673239966686
-8.05540921,-34.95583627,,2022-08-28 16:51:42+00:00,1.7463944503566287,3250.4196344170427
-8.05540789,-34.95585159,,2022-08-28 16:51:43+00:00,1.6949967855837569,3252.1146312026267
-8.05540855,-34.95586726,,2022-08-28 16:51:44+00:00,1.7288198570424778,3253.843451059669
-8.05541021,-34.95588359,,2022-08-28 16:51:45+00:00,1.809367082584597,3255.6528181422536
-8.05541187,-34.95589825,,2022-08-28 16:51:46+00:00,1.6263430387103472,3257.279161180964
-8.05541287,-34.95591057,,2022-08-28 16:51:47+00:00,1.3625092512283796,3258.6416704321923
-8.05541452,-34.95592391,,2022-08-28 16:51:48+00:00,1.481726062303998,3260.1233964944963
-8.05541751,-34.95593791,,2022-08-28 16:51:49+00:00,1.5782291641716857,3261.701625658668
-8.05542151,-34.95595124,,2022-08-28 16:51:50+00:00,1.5344951064936814,3263.2361207651616
-8.05542485,-34.95596323,,2022-08-28 16:51:51+00:00,1.372288693761374,3264.608409458923
-8.05542884,-34.95597556,,2022-08-28 16:51:52+00:00,1.4289581781729468,3266.037367637096
-8.05543284,-34.95598622,,2022-08-28 16:51:53+00:00,1.2555513156410443,3267.292918952737
-8.05543684,-34.95599455,,2022-08-28 16:51:54+00:00,1.0192148763227749,3268.31213382906
-8.05544083,-34.95600122,,2022-08-28 16:51:55+00:00,0.8574844047337011,3269.1696182337937
-8.05544215,-34.95600389,,2022-08-28 16:51:56+00:00,0.3285275244515124,3269.4981457582453
-8.05544083,-34.95600421,,2022-08-28 16:51:57+00:00,0.15018769533156248,3269.648333453577
-8.05543784,-34.95600288,,2022-08-28 16:51:58+00:00,0.36172284719750336,3270.0100563007745
-8.05543485,-34.95599721,,2022-08-28 16:51:59+00:00,0.7070849609626507,3270.717141261737
-8.05543051,-34.95598822,,2022-08-28 16:52:00+00:00,1.101078997867685,3271.818220259605
-8.05542718,-34.95597789,,2022-08-28 16:52:01+00:00,1.1967362431053836,3273.0149565027104
-8.05542518,-34.95596655,,2022-08-28 16:52:02+00:00,1.2694091229515665,3274.284365625662
-8.05542518,-34.9559549,,2022-08-28 16:52:03+00:00,1.2841602074607754,3275.5685258331227
-8.05542684,-34.95594224,,2022-08-28 16:52:04+00:00,1.4075154594627397,3276.9760412925857
-8.0554285,-34.95592891,,2022-08-28 16:52:05+00:00,1.4807688402304053,3278.456810132816
-8.05542984,-34.95591491,,2022-08-28 16:52:06+00:00,1.55029649987296,3280.007106632689
-8.05543116,-34.95590058,,2022-08-28 16:52:07+00:00,1.5863039838706543,3281.5934106165596
-8.05543183,-34.95588658,,2022-08-28 16:52:08+00:00,1.544974775149902,3283.1383853917096
-8.05543016,-34.95587193,,2022-08-28 16:52:09+00:00,1.625373029718916,3284.7637584214285
-8.0554275,-34.95585593,,2022-08-28 16:52:10+00:00,1.7880209119817967,3286.55177933341
-8.05542384,-34.95583626,,2022-08-28 16:52:11+00:00,2.2056524384598766,3288.75743177187
-8.05542151,-34.95581793,,2022-08-28 16:52:12+00:00,2.036851844983089,3290.794283616853
-8.05541985,-34.95580027,,2022-08-28 16:52:13+00:00,1.9552706962143591,3292.7495543130676
-8.05541985,-34.95578228,,2022-08-28 16:52:14+00:00,1.983007934290808,3294.7325622473586
-8.05541952,-34.95576395,,2022-08-28 16:52:15+00:00,2.0208151714289455,3296.7533774187877
-8.05541687,-34.95574896,,2022-08-28 16:52:16+00:00,1.678114014488657,3298.4314914332763
-8.05541088,-34.95573596,,2022-08-28 16:52:16+00:00,1.5786912196599945,3300.0101826529362
-8.05540621,-34.95572196,,2022-08-28 16:52:17+00:00,1.6273327957478765,3301.637515448684
-8.05540255,-34.95570597,,2022-08-28 16:52:18+00:00,1.8084344930772631,3303.4459499417612
-8.05539956,-34.95568963,,2022-08-28 16:52:19+00:00,1.831235796815155,3305.2771857385765
-8.05539691,-34.9556733,,2022-08-28 16:52:20+00:00,1.823732430744849,3307.100918169321
-8.05539525,-34.9556573,,2022-08-28 16:52:21+00:00,1.7731833620106126,3308.8741015313317
-8.05539425,-34.95564131,,2022-08-28 16:52:22+00:00,1.7660177700845752,3310.6401193014162
-8.05539393,-34.95562665,,2022-08-28 16:52:23+00:00,1.616335144680177,3312.2564544460965
-8.05539525,-34.95561299,,2022-08-28 16:52:24+00:00,1.512779806702347,3313.769234252799
-8.05539757,-34.95559999,,2022-08-28 16:52:25+00:00,1.4557588137185762,3315.2249930665175
-8.0553999,-34.95558733,,2022-08-28 16:52:26+00:00,1.419083676572159,3316.6440767430895
-8.05540156,-34.955575,,2022-08-28 16:52:27+00:00,1.371459155252968,3318.0155358983425
-8.05540289,-34.95556234,,2022-08-28 16:52:28+00:00,1.4032217149398978,3319.418757613282
-8.05540455,-34.95554967,,2022-08-28 16:52:29+00:00,1.4086084078608214,3320.827366021143
-8.05540754,-34.95553668,,2022-08-28 16:52:30+00:00,1.4695549503259913,3322.296920971469
-8.05541054,-34.95552402,,2022-08-28 16:52:31+00:00,1.434391253602033,3323.7313122250707
-8.05541353,-34.95550936,,2022-08-28 16:52:32+00:00,1.6494354623448602,3325.380747687416
-8.05541619,-34.95549436,,2022-08-28 16:52:33+00:00,1.6793927626145853,3327.0601404500303
-8.05541852,-34.95547904,,2022-08-28 16:52:34+00:00,1.7082462868352732,3328.7683867368655
-8.05541919,-34.95546471,,2022-08-28 16:52:35+00:00,1.581309278096576,3330.3496960149623
-8.05541886,-34.95545039,,2022-08-28 16:52:36+00:00,1.578891784179788,3331.928587799142
-8.05541985,-34.95543672,,2022-08-28 16:52:37+00:00,1.5107941859222054,3333.4393819850643
-8.05542251,-34.95542306,,2022-08-28 16:52:38+00:00,1.5341888564429238,3334.9735708415074
-8.0554255,-34.95540773,,2022-08-28 16:52:39+00:00,1.7218526561555247,3336.695423497663
-8.05542816,-34.9553914,,2022-08-28 16:52:40+00:00,1.823910363837967,3338.519333861501
-8.05543049,-34.95537473,,2022-08-28 16:52:41+00:00,1.8554874309343046,3340.374821292435
-8.05543282,-34.9553584,,2022-08-28 16:52:42+00:00,1.8183804166621602,3342.193201709097
-8.05543581,-34.9553424,,2022-08-28 16:52:43+00:00,1.7943868931855647,3343.987588602283
-8.0554388,-34.95532674,,2022-08-28 16:52:44+00:00,1.7575647140096844,3345.7451533162925
-8.0554408,-34.95531141,,2022-08-28 16:52:45+00:00,1.7042158160378469,3347.4493691323305
-8.05544212,-34.95529609,,2022-08-28 16:52:46+00:00,1.6949966492124648,3349.144365781543
-8.05544379,-34.95528009,,2022-08-28 16:52:47+00:00,1.77329800833127,3350.9176637898745
-8.05544578,-34.9552641,,2022-08-28 16:52:48+00:00,1.7762388488036338,3352.693902638678
-8.0554471,-34.9552481,,2022-08-28 16:52:49+00:00,1.7696851459298029,3354.463587784608
-8.05544843,-34.95523277,,2022-08-28 16:52:50+00:00,1.6961903643046903,3356.1597781489127
-8.05545076,-34.95521811,,2022-08-28 16:52:51+00:00,1.6363647651694107,3357.796142914082
-8.05545208,-34.95520345,,2022-08-28 16:52:52+00:00,1.6225283410558684,3359.4186712551377
-8.05545307,-34.95518913,,2022-08-28 16:52:53+00:00,1.5822625990708388,3361.0009338542086
-8.05545406,-34.95517513,,2022-08-28 16:52:54+00:00,1.5470760051117454,3362.5480098593202
-8.05545606,-34.95516146,,2022-08-28 16:52:55+00:00,1.5229696536634207,3364.0709795129837
-8.05545738,-34.95514614,,2022-08-28 16:52:56+00:00,1.6949965864638408,3365.7659760994475
-8.05545872,-34.95513014,,2022-08-28 16:52:57+00:00,1.7698689351366426,3367.5358450345843
-8.05545971,-34.95511481,,2022-08-28 16:52:58+00:00,1.6933438488393595,3369.229188883424
-8.05546137,-34.95510048,,2022-08-28 16:52:59+00:00,1.5902053036250614,3370.819394187049
-8.05546303,-34.95508849,,2022-08-28 16:53:00+00:00,1.3343280621954885,3372.1537222492448
-8.05546536,-34.95507683,,2022-08-28 16:53:01+00:00,1.3108405358501867,3373.464562785095
-8.05546635,-34.95506151,,2022-08-28 16:53:02+00:00,1.692243845060233,3375.156806630155
-8.0554657,-34.95504518,,2022-08-28 16:53:03+00:00,1.8014635842834876,3376.9582702144385
-8.05546602,-34.95502884,,2022-08-28 16:53:04+00:00,1.8014786276135168,3378.759748842052
-8.05546835,-34.95501318,,2022-08-28 16:53:05+00:00,1.745304002957326,3380.5050528450092
-8.05547168,-34.95499852,,2022-08-28 16:53:06+00:00,1.6573833699015357,3382.162436214911
-8.05547701,-34.9549842,,2022-08-28 16:53:07+00:00,1.6849480281603422,3383.8473842430712
-8.05548333,-34.95497154,,2022-08-28 16:53:08+00:00,1.5607528167717868,3385.408137059843
-8.05548867,-34.95495787,,2022-08-28 16:53:09+00:00,1.6184247347077059,3387.0265617945506
-8.05549399,-34.95494421,,2022-08-28 16:53:10+00:00,1.6165921359880666,3388.6431539305386
-8.05549866,-34.95493188,,2022-08-28 16:53:11+00:00,1.4539428018161777,3390.0970967323547
-8.05550598,-34.95491822,,2022-08-28 16:53:12+00:00,1.7095561322945005,3391.806652864649
-8.05551398,-34.95490622,,2022-08-28 16:53:13+00:00,1.5913693200984482,3393.3980221847473
-8.05551897,-34.95489289,,2022-08-28 16:53:14+00:00,1.5695654568738768,3394.9675876416213
-8.05552196,-34.95487923,,2022-08-28 16:53:15+00:00,1.5416030500533575,3396.5091906916746
-8.05552396,-34.95486356,,2022-08-28 16:53:16+00:00,1.7413828850295654,3398.250573576704
-8.05552528,-34.9548479,,2022-08-28 16:53:17+00:00,1.7323376768560401,3399.98291125356
-8.05552528,-34.95483157,,2022-08-28 16:53:18+00:00,1.8000284148831298,3401.782939668443
-8.05552328,-34.95481624,,2022-08-28 16:53:19+00:00,1.7042154679486077,3403.4871551363913
-8.05552328,-34.95480224,,2022-08-28 16:53:20+00:00,1.5431964446789526,3405.03035158107
-8.05552096,-34.95478691,,2022-08-28 16:53:21+00:00,1.7091691568741976,3406.7395207379445
-8.05551896,-34.95477025,,2022-08-28 16:53:22+00:00,1.8496769530273638,3408.589197690972
-8.05551597,-34.95475459,,2022-08-28 16:53:23+00:00,1.7575643806919374,3410.3467620716638
-8.05551231,-34.95473559,,2022-08-28 16:53:24+00:00,2.1330963850089204,3412.479858456673
-8.05550865,-34.95471793,,2022-08-28 16:53:25+00:00,1.9882718409657998,3414.4681302976387
-8.05550465,-34.95469993,,2022-08-28 16:53:26+00:00,2.032829452308205,3416.500959749947
-8.05549999,-34.95467928,,2022-08-28 16:53:27+00:00,2.333831264149947,3418.834791014097
-8.05549599,-34.95465929,,2022-08-28 16:53:28+00:00,2.2474337350715,3421.0822247491683
-8.05549332,-34.95463895,,2022-08-28 16:53:29+00:00,2.2614064199008395,3423.3436311690693
-8.05549267,-34.95461896,,2022-08-28 16:53:30+00:00,2.2046365738539,3425.548267742923
-8.05549399,-34.95460097,,2022-08-28 16:53:31+00:00,1.9883740112947423,3427.5366417542177
-8.05549599,-34.95458298,,2022-08-28 16:53:32+00:00,1.9953057383858397,3429.5319474926036
-8.05549898,-34.95456698,,2022-08-28 16:53:33+00:00,1.794386622942222,3431.3263341155457
-8.05550198,-34.95454999,,2022-08-28 16:53:34+00:00,1.9019425451599112,3433.2282766607054
-8.05550398,-34.95453399,,2022-08-28 16:53:35+00:00,1.7774696813615427,3435.005746342067
-8.05550597,-34.95451867,,2022-08-28 16:53:36+00:00,1.7029793120709165,3436.708725654138
-8.0555083,-34.95450234,,2022-08-28 16:53:37+00:00,1.8183800878730685,3438.5271057420114
-8.05551096,-34.95448567,,2022-08-28 16:53:38+00:00,1.8609067350482902,3440.38801247706
-8.05551329,-34.95447068,,2022-08-28 16:53:39+00:00,1.6722958112124648,3442.060308288272
-8.05551596,-34.95445735,,2022-08-28 16:53:40+00:00,1.4987219311787636,3443.559030219451
-8.05551995,-34.95444536,,2022-08-28 16:53:41+00:00,1.3933601106392135,3444.95239033009
-8.05552494,-34.95443336,,2022-08-28 16:53:42+00:00,1.4332501613187167,3446.385640491409
-8.0555286,-34.9544197,,2022-08-28 16:53:43+00:00,1.5591784092774945,3447.9448189006866
-8.05553226,-34.95440503,,2022-08-28 16:53:44+00:00,1.6669423875242197,3449.611761288211
-8.05553525,-34.9543887,,2022-08-28 16:53:45+00:00,1.8301510696847647,3451.4419123578955
-8.05553792,-34.95437104,,2022-08-28 16:53:46+00:00,1.968901554588419,3453.4108139124837
-8.05553958,-34.95435405,,2022-08-28 16:53:47+00:00,1.8817562125939715,3455.292570125078
-8.05554023,-34.95433906,,2022-08-28 16:53:48+00:00,1.6538854725559557,3456.9464555976338
-8.05554157,-34.95432673,,2022-08-28 16:53:49+00:00,1.3671710624458968,3458.3136266600795
-8.05554389,-34.95431607,,2022-08-28 16:53:50+00:00,1.2027215975503294,3459.51634825763
-8.05554689,-34.95430475,,2022-08-28 16:53:51+00:00,1.291142735937468,3460.8074909935676
-8.05555155,-34.95429442,,2022-08-28 16:53:52+00:00,1.249862905862448,3462.05735389943
-8.05555755,-34.95428608,,2022-08-28 16:53:53+00:00,1.1337785472544115,3463.191132446684
-8.05556354,-34.95427808,,2022-08-28 16:53:54+00:00,1.1029438430980965,3464.2940762897824
-8.05556786,-34.95426909,,2022-08-28 16:53:55+00:00,1.1001162793918575,3465.3941925691743
-8.05557186,-34.95425909,,2022-08-28 16:53:56+00:00,1.1877423197936428,3466.581934888968
-8.05557552,-34.95424844,,2022-08-28 16:53:57+00:00,1.2417581136204632,3467.8236930025887
-8.05558018,-34.95423544,,2022-08-28 16:53:58+00:00,1.5228300395429506,3469.3465230421316
-8.05558485,-34.95422011,,2022-08-28 16:53:59+00:00,1.7669688716357632,3471.1134919137676
-8.05558917,-34.95420545,,2022-08-28 16:54:00+00:00,1.6850974306081183,3472.7985893443756
-8.0555925,-34.95419012,,2022-08-28 16:54:01+00:00,1.7294673362435238,3474.528056680619
-8.0555965,-34.95417479,,2022-08-28 16:54:02+00:00,1.7467476352499456,3476.274804315869
-8.05559715,-34.95415913,,2022-08-28 16:54:03+00:00,1.7276713876912506,3478.0024757035603
-8.05559782,-34.95414313,,2022-08-28 16:54:04+00:00,1.765208705367654,3479.767684408928
-8.05559782,-34.95412814,,2022-08-28 16:54:05+00:00,1.65232217637202,3481.4200065852997
-8.05559849,-34.95411181,,2022-08-28 16:54:06+00:00,1.801552623257521,3483.221559208557
-8.05559849,-34.95409449,,2022-08-28 16:54:07+00:00,1.9091541060757835,3485.130713314633
-8.05559782,-34.95407683,,2022-08-28 16:54:08+00:00,1.9480415304583967,3487.078754845091
-8.05559683,-34.95405916,,2022-08-28 16:54:09+00:00,1.9508090315244577,3489.0295638766156
-8.05559551,-34.95404051,,2022-08-28 16:54:10+00:00,2.0609347626921535,3491.090498639308
-8.05559484,-34.95402184,,2022-08-28 16:54:11+00:00,2.059295908864372,3493.1497945481724
-8.05559417,-34.95400452,,2022-08-28 16:54:12+00:00,1.9105915824957334,3495.060386130668
-8.05559417,-34.95398885,,2022-08-28 16:54:13+00:00,1.7272774339520585,3496.7876635646203
-8.05559318,-34.95397519,,2022-08-28 16:54:14+00:00,1.5096941601143739,3498.297357724735
-8.05559053,-34.95396253,,2022-08-28 16:54:15+00:00,1.4259343412919774,3499.7232920660267
-8.05558686,-34.95394919,,2022-08-28 16:54:16+00:00,1.525435933876311,3501.248727999903
-8.05558287,-34.95393553,,2022-08-28 16:54:17+00:00,1.5690490987076788,3502.817777098611
-8.0555782,-34.95392054,,2022-08-28 16:54:18+00:00,1.7311626820528552,3504.5489397806637
-8.05557255,-34.95390621,,2022-08-28 16:54:19+00:00,1.6986777971828837,3506.2476175778465
-8.05556522,-34.95389355,,2022-08-28 16:54:20+00:00,1.6138705028945304,3507.861488080741
-8.05555622,-34.95388089,,2022-08-28 16:54:21+00:00,1.7141016196624466,3509.5755897004033
-8.05554657,-34.95387056,,2022-08-28 16:54:22+00:00,1.5606313837471737,3511.1362210841503
-8.05553591,-34.95386123,,2022-08-28 16:54:23+00:00,1.5644812907857983,3512.700702374936
-8.05552459,-34.95385323,,2022-08-28 16:54:24+00:00,1.5313363355314402,3514.2320387104674
-8.05551092,-34.95384591,,2022-08-28 16:54:25+00:00,1.7136881419360315,3515.9457268524034
-8.05549693,-34.95383691,,2022-08-28 16:54:26+00:00,1.8379668354778316,3517.783693687881
-8.05548426,-34.95382892,,2022-08-28 16:54:27+00:00,1.65504790087971,3519.438741588761
-8.05547193,-34.95382159,,2022-08-28 16:54:28+00:00,1.5850432002315187,3521.0237847889925
-8.0554596,-34.95381592,,2022-08-28 16:54:29+00:00,1.5000529405511809,3522.5238377295436
-8.05544594,-34.9538096,,2022-08-28 16:54:30+00:00,1.6636269024996455,3524.1874646320434
-8.05542695,-34.9538046,,2022-08-28 16:54:31+00:00,2.1713312974147216,3526.358795929458
-8.05540762,-34.95380026,,2022-08-28 16:54:32+00:00,2.1906944261756824,3528.5494903556337
-8.05538763,-34.95379661,,2022-08-28 16:54:33+00:00,2.247126666666589,3530.7966170223003
-8.0553683,-34.95379194,,2022-08-28 16:54:34+00:00,2.198924408343882,3532.995541430644
-8.05534998,-34.95378862,,2022-08-28 16:54:35+00:00,2.058904699994211,3535.0544461306386
-8.05533365,-34.95378529,,2022-08-28 16:54:36+00:00,1.8429574820715333,3536.89740361271
-8.05531699,-34.95378164,,2022-08-28 16:54:37+00:00,1.8859458583741049,3538.7833494710844
-8.05530099,-34.9537773,,2022-08-28 16:54:38+00:00,1.8330631196431926,3540.6164125907276
-8.05528799,-34.9537753,,2022-08-28 16:54:39+00:00,1.45455270170705,3542.0709652924347
-8.055274,-34.95377265,,2022-08-28 16:54:40+00:00,1.5745712303296229,3543.6455365227644
-8.05525933,-34.95377032,,2022-08-28 16:54:41+00:00,1.642646942291112,3545.2881834650557
-8.05524468,-34.95376799,,2022-08-28 16:54:42+00:00,1.6404622606949573,3546.928645725751
-8.05523068,-34.95376733,,2022-08-28 16:54:43+00:00,1.5500533404448944,3548.4786990661955
-8.05521768,-34.95376733,,2022-08-28 16:54:44+00:00,1.4377490620080395,3549.9164481282037
-8.05520702,-34.95376766,,2022-08-28 16:54:45+00:00,1.179515258914919,3551.0959633871184
-8.05519636,-34.95376632,,2022-08-28 16:54:46+00:00,1.1881709289076439,3552.284134316026
-8.05518437,-34.95376399,,2022-08-28 16:54:47+00:00,1.3506899967212935,3553.6348243127477
-8.05517205,-34.95376067,,2022-08-28 16:54:48+00:00,1.410833403799512,3555.0456577165473
-8.05515873,-34.953758,,2022-08-28 16:54:49+00:00,1.502251370603855,3556.5479090871513
-8.05514539,-34.95375501,,2022-08-28 16:54:50+00:00,1.5117167874829334,3558.059625874634
-8.05513207,-34.95375234,,2022-08-28 16:54:51+00:00,1.5022513720718458,3559.561877246706
-8.05512008,-34.95375001,,2022-08-28 16:54:52+00:00,1.3506900006063929,3560.9125672473124
-8.05510741,-34.95374769,,2022-08-28 16:54:53+00:00,1.4243966969945265,3562.3369639443067
-8.05509508,-34.95374569,,2022-08-28 16:54:54+00:00,1.3813550147469171,3563.7183189590537
-8.05508342,-34.95374634,,2022-08-28 16:54:55+00:00,1.2915391950231603,3565.009858154077
-8.05507309,-34.95374768,,2022-08-28 16:54:56+00:00,1.1519662624605083,3566.1618244165375
-8.05506376,-34.95374735,,2022-08-28 16:54:57+00:00,1.0325023916308858,3567.194326808168
-8.05505543,-34.95374635,,2022-08-28 16:54:58+00:00,0.9278362794283747,3568.1221630875966
-8.05504544,-34.95374503,,2022-08-28 16:54:59+00:00,1.114394424188174,3569.2365575117847
-8.05503311,-34.95374471,,2022-08-28 16:55:00+00:00,1.3641057983819762,3570.6006633101665
-8.05502078,-34.95374371,,2022-08-28 16:55:01+00:00,1.3680974915863853,3571.968760801753
-8.05500779,-34.95374205,,2022-08-28 16:55:02+00:00,1.4482488595832137,3573.417009661336
-8.05499379,-34.95373772,,2022-08-28 16:55:03+00:00,1.620239993732869,3575.037249655069
-8.05497946,-34.95373205,,2022-08-28 16:55:04+00:00,1.703626386122729,3576.7408760411918
-8.05496481,-34.95372738,,2022-08-28 16:55:05+00:00,1.7000407659464005,3578.4409168071384
-8.05495014,-34.95372273,,2022-08-28 16:55:06+00:00,1.701483572680649,3580.142400379819
-8.05493481,-34.9537194,,2022-08-28 16:55:07+00:00,1.7347170810451877,3581.877117460864
-8.05492048,-34.95371607,,2022-08-28 16:55:08+00:00,1.62679355669694,3583.503911017561
-8.05490716,-34.95371241,,2022-08-28 16:55:09+00:00,1.5273839181330575,3585.0312949356944
-8.05489449,-34.95370976,,2022-08-28 16:55:10+00:00,1.4313747651255806,3586.46266970082
-8.05488117,-34.95370776,,2022-08-28 16:55:11+00:00,1.4895442602379843,3587.9522139610576
-8.0548665,-34.9537061,,2022-08-28 16:55:12+00:00,1.632730091291831,3589.5849440523493
-8.05485117,-34.95370377,,2022-08-28 16:55:13+00:00,1.7147806162344403,3591.2997246685836
-8.05483717,-34.95370278,,2022-08-28 16:55:14+00:00,1.5521859189719713,3592.8519105875557
-8.05482451,-34.9537031,,2022-08-28 16:55:15+00:00,1.4005906056413024,3594.252501193197
-8.05481218,-34.95370509,,2022-08-28 16:55:16+00:00,1.3811795301895333,3595.6336807233865
-8.05479818,-34.95370676,,2022-08-28 16:55:17+00:00,1.559249379512824,3597.1929301028995
-8.05478285,-34.95370741,,2022-08-28 16:55:18+00:00,1.6969511408651068,3598.8898812437646
-8.05476685,-34.95370741,,2022-08-28 16:55:19+00:00,1.7695372692633968,3600.659418513028
-8.05475019,-34.95370841,,2022-08-28 16:55:20+00:00,1.845824919169646,3602.5052434321974
-8.05473453,-34.95371007,,2022-08-28 16:55:21+00:00,1.7415736850368755,3604.246817117234
-8.05471887,-34.95371207,,2022-08-28 16:55:22+00:00,1.7459091525773098,3605.9927262698116
-8.05470388,-34.9537144,,2022-08-28 16:55:23+00:00,1.6776115631969721,3607.6703378330085
-8.05468955,-34.95371839,,2022-08-28 16:55:24+00:00,1.6447364691824276,3609.315074302191
-8.05467655,-34.95372406,,2022-08-28 16:55:25+00:00,1.5677187468390335,3610.88279304903
-8.0546639,-34.95373005,,2022-08-28 16:55:26+00:00,1.5470194527550236,3612.4298125017854
-8.0546529,-34.95373505,,2022-08-28 16:55:27+00:00,1.3355781315007844,3613.765390633286
-8.05464157,-34.95373738,,2022-08-28 16:55:28+00:00,1.2791036708912615,3615.0444943041775
-8.05462924,-34.95373804,,2022-08-28 16:55:29+00:00,1.365588901997007,3616.4100832061745
-8.05461524,-34.95373772,,2022-08-28 16:55:30+00:00,1.5487468287372583,3617.958830034912
-8.05460091,-34.95373739,,2022-08-28 16:55:31+00:00,1.5852591947746226,3619.5440892296865
-8.05458692,-34.95373838,,2022-08-28 16:55:32+00:00,1.5510826829266742,3621.0951719126133
-8.05457258,-34.95373972,,2022-08-28 16:55:33+00:00,1.5928111786451817,3622.6879830912585
-8.05455859,-34.95374104,,2022-08-28 16:55:34+00:00,1.554065535131753,3624.2420486263904
-8.05454393,-34.95374204,,2022-08-28 16:55:35+00:00,1.6250811940413736,3625.8671298204317
-8.05452794,-34.95374004,,2022-08-28 16:55:36+00:00,1.782119687670169,3627.649249508102
-8.05451228,-34.95373304,,2022-08-28 16:55:37+00:00,1.8960390653937187,3629.545288573496
-8.05449828,-34.95372172,,2022-08-28 16:55:38+00:00,1.9885538944221437,3631.533842467918
-8.05448629,-34.95370706,,2022-08-28 16:55:39+00:00,2.0903824826831037,3633.6242249506013
-8.05447629,-34.9536914,,2022-08-28 16:55:40+00:00,2.050084429617525,3635.674309380219
-8.05446663,-34.9536764,,2022-08-28 16:55:41+00:00,1.9685569864612784,3637.64286636668
-8.0544573,-34.9536624,,2022-08-28 16:55:42+00:00,1.856395870534738,3639.499262237215
-8.05444798,-34.95364975,,2022-08-28 16:55:43+00:00,1.7340085051601064,3641.233270742375
-8.05443831,-34.95363875,,2022-08-28 16:55:44+00:00,1.6167700225874857,3642.8500407649626
-8.05442899,-34.95362875,,2022-08-28 16:55:45+00:00,1.5091360033109815,3644.3591767682738
-8.05441965,-34.95362075,,2022-08-28 16:55:46+00:00,1.3581766507605404,3645.717353419034
-8.05441,-34.95361476,,2022-08-28 16:55:47+00:00,1.2549832057679917,3646.972336624802
-8.054399,-34.95360843,,2022-08-28 16:55:48+00:00,1.402448457751116,3648.3747850825534
-8.05438701,-34.95360244,,2022-08-28 16:55:49+00:00,1.4813359875885928,3649.856121070142
-8.05437268,-34.95359744,,2022-08-28 16:55:50+00:00,1.6779398797164458,3651.5340609498585
-8.05435868,-34.95359545,,2022-08-28 16:55:51+00:00,1.5638059626326193,3653.097866912491
-8.05434603,-34.95359445,,2022-08-28 16:55:52+00:00,1.4033760441701488,3654.5012429566614
-8.05433104,-34.95359245,,2022-08-28 16:55:53+00:00,1.672429053101246,3656.1736720097624
-8.05431504,-34.9535898,,2022-08-28 16:55:54+00:00,1.7934848384707145,3657.967156848233
-8.05430037,-34.95358747,,2022-08-28 16:55:55+00:00,1.6426469617479391,3659.6098038099813
-8.05428504,-34.95358448,,2022-08-28 16:55:56+00:00,1.7271754151743883,3661.3369792251556
-8.05426905,-34.95358115,,2022-08-28 16:55:57+00:00,1.806123812342601,3663.1431030374983
-8.05425371,-34.95357816,,2022-08-28 16:55:58+00:00,1.7282610688676525,3664.871364106366
-8.05424005,-34.95357684,,2022-08-28 16:55:59+00:00,1.5177329792086882,3666.3890970855746
-8.05422706,-34.95357584,,2022-08-28 16:56:00+00:00,1.4408655597086526,3667.829962645283
-8.05421372,-34.95357485,,2022-08-28 16:56:01+00:00,1.479381993203164,3669.3093446384864
-8.05420107,-34.95357218,,2022-08-28 16:56:02+00:00,1.4296617244046796,3670.739006362891
-8.05418707,-34.95357018,,2022-08-28 16:56:03+00:00,1.5639609617784997,3672.302967324669
-8.05417141,-34.95357018,,2022-08-28 16:56:04+00:00,1.7319345513900695,3674.0349018760594
-8.05415509,-34.95357318,,2022-08-28 16:56:05+00:00,1.8349709017925915,3675.869872777852
-8.0541361,-34.95357517,,2022-08-28 16:56:06+00:00,2.1116435607268214,3677.981516338579
-8.05411876,-34.95357684,,2022-08-28 16:56:07+00:00,1.9265506342283287,3679.9080669728073
-8.05410077,-34.95357716,,2022-08-28 16:56:08+00:00,1.9899360487502338,3681.8980030215575
-8.05408311,-34.95357549,,2022-08-28 16:56:09+00:00,1.9617823653305615,3683.8597853868882
-8.05406578,-34.95357217,,2022-08-28 16:56:10+00:00,1.9512551687289312,3685.811040555617
-8.05404912,-34.95356918,,2022-08-28 16:56:11+00:00,1.8717757851106906,3687.682816340728
-8.05403278,-34.95356619,,2022-08-28 16:56:12+00:00,1.8369485675649866,3689.519764908293
-8.05401646,-34.95356352,,2022-08-28 16:56:13+00:00,1.8287656170317972,3691.348530525325
-8.05399879,-34.95356087,,2022-08-28 16:56:14+00:00,1.975943125203462,3693.3244736505285
-8.05398013,-34.95355587,,2022-08-28 16:56:15+00:00,2.1360503196928375,3695.4605239702214
-8.05396279,-34.95355088,,2022-08-28 16:56:16+00:00,1.9950580633284043,3697.45558203355
-8.05394814,-34.95354688,,2022-08-28 16:56:17+00:00,1.6791543565111091,3699.134736390061
-8.05393681,-34.95354389,,2022-08-28 16:56:18+00:00,1.2956730765727427,3700.4304094666336
-8.05392715,-34.95354122,,2022-08-28 16:56:19+00:00,1.1081551395018552,3701.5385646061354
-8.05391616,-34.9535379,,2022-08-28 16:56:20+00:00,1.269349091216166,3702.8079136973515
-8.05390282,-34.9535329,,2022-08-28 16:56:21+00:00,1.5749355241414658,3704.382849221493
-8.05388717,-34.95352756,,2022-08-28 16:56:22+00:00,1.8281802090894852,3706.2110294305826
-8.05387083,-34.95352257,,2022-08-28 16:56:23+00:00,1.8889944787373543,3708.10002390932
-8.05385417,-34.95351891,,2022-08-28 16:56:24+00:00,1.8861815004965923,3709.9862054098166
-8.0538365,-34.95351624,,2022-08-28 16:56:25+00:00,1.9762702349371917,3711.962475644754
-8.05381917,-34.95351558,,2022-08-28 16:56:26+00:00,1.9180102013453906,3713.880485846099
-8.05380383,-34.95351624,,2022-08-28 16:56:27+00:00,1.6981029103270762,3715.578588756426
-8.05378851,-34.95351656,,2022-08-28 16:56:28+00:00,1.6946989795249243,3717.2732877359513
-8.05377318,-34.9535179,,2022-08-28 16:56:29+00:00,1.701859751157034,3718.975147487108
-8.05375851,-34.95351889,,2022-08-28 16:56:30+00:00,1.6261102166854204,3720.6012577037936
-8.05374451,-34.95351823,,2022-08-28 16:56:31+00:00,1.5500532411667591,3722.15131094496
-8.05372819,-34.95351656,,2022-08-28 16:56:31+00:00,1.8142907778991704,3723.9656017228594
-8.05371386,-34.95351224,,2022-08-28 16:56:32+00:00,1.654834962260051,3725.6204366851193
-8.05369953,-34.95350925,,2022-08-28 16:56:33+00:00,1.6187492164188582,3727.2391859015383
-8.05368621,-34.95350792,,2022-08-28 16:56:34+00:00,1.4804166297804489,3728.7196025313187
-8.05367321,-34.95350892,,2022-08-28 16:56:35+00:00,1.4419682549268185,3730.1615707862456
-8.05365988,-34.95351057,,2022-08-28 16:56:36+00:00,1.4854223985848307,3731.6469931848305
-8.05364523,-34.95351157,,2022-08-28 16:56:37+00:00,1.623977728015776,3733.270970912846
-8.05363156,-34.9535119,,2022-08-28 16:56:38+00:00,1.512285859963832,3734.78325677281
-8.05361756,-34.9535109,,2022-08-28 16:56:39+00:00,1.552263735956183,3736.3355205087664
-8.05360157,-34.95350991,,2022-08-28 16:56:40+00:00,1.7717950050007254,3738.107315513767
-8.05358524,-34.95350858,,2022-08-28 16:56:41+00:00,1.8119743871021492,3739.919289900869
-8.05357058,-34.95350758,,2022-08-28 16:56:42+00:00,1.6250811355807466,3741.54437103645
-8.05355525,-34.95350693,,2022-08-28 16:56:43+00:00,1.696951049044788,3743.2413220854946
-8.05354158,-34.9535066,,2022-08-28 16:56:44+00:00,1.5122858535235033,3744.753607939018
-8.05352826,-34.95350693,,2022-08-28 16:56:45+00:00,1.4735887205364935,3746.2271966595545
-8.0535146,-34.95350693,,2022-08-28 16:56:46+00:00,1.5107423510344264,3747.737939010589
-8.05350028,-34.95350992,,2022-08-28 16:56:47+00:00,1.6176664554792213,3749.355605466068
-8.05348561,-34.95351291,,2022-08-28 16:56:48+00:00,1.655581949260015,3751.011187415328
-8.05346794,-34.95351323,,2022-08-28 16:56:49+00:00,1.9545509069385787,3752.9657383222666
-8.05344962,-34.9535109,,2022-08-28 16:56:50+00:00,2.0423334111716365,3755.008071733438
-8.05342962,-34.95350657,,2022-08-28 16:56:51+00:00,2.262830797480561,3757.2709025309186
-8.05341195,-34.95350292,,2022-08-28 16:56:52+00:00,1.9952189924520256,3759.2661215233707
-8.0533983,-34.95350158,,2022-08-28 16:56:53+00:00,1.5168451727447778,3760.7829666961156
-8.05338696,-34.95350257,,2022-08-28 16:56:54+00:00,1.2588981507572532,3762.041864846873
-8.05337497,-34.95350357,,2022-08-28 16:56:55+00:00,1.3306204543260642,3763.372485301199
-8.05336097,-34.95350357,,2022-08-28 16:56:56+00:00,1.5483450043388791,3764.920830305538
-8.05334431,-34.95350157,,2022-08-28 16:56:57+00:00,1.8556725159764387,3766.7765028215144
-8.05332564,-34.95349691,,2022-08-28 16:56:58+00:00,2.1277619401605596,3768.904264761675
-8.05330632,-34.95349225,,2022-08-28 16:56:59+00:00,2.197591685311068,3771.1018564469864
-8.05328965,-34.95349058,,2022-08-28 16:57:00+00:00,1.8528037864563645,3772.9546602334426
-8.05327399,-34.95348959,,2022-08-28 16:57:01+00:00,1.735369024739461,3774.690029258182
-8.05325999,-34.95348959,,2022-08-28 16:57:02+00:00,1.5483449963348428,3776.238374254517
-8.05324634,-34.95348927,,2022-08-28 16:57:03+00:00,1.5100484017014233,3777.7484226562187
-8.053234,-34.95348927,,2022-08-28 16:57:04+00:00,1.3647555167608425,3779.1131781729796
-8.05322268,-34.95348959,,2022-08-28 16:57:05+00:00,1.2524443320214351,3780.365622505001
-8.05321136,-34.95349125,,2022-08-28 16:57:06+00:00,1.2652487088232318,3781.630871213824
-8.05319969,-34.95349424,,2022-08-28 16:57:07+00:00,1.3320732944691391,3782.962944508293
-8.05318903,-34.95349857,,2022-08-28 16:57:08+00:00,1.2719040176416467,3784.2348485259345
-8.05318038,-34.9535019,,2022-08-28 16:57:09+00:00,1.0246587394548956,3785.2595072653894
-8.05317204,-34.95350157,,2022-08-28 16:57:10+00:00,0.9230882226469316,3786.1825954880364
-8.05316304,-34.95350025,,2022-08-28 16:57:11+00:00,1.005943166545113,3787.1885386545814
-8.05315239,-34.95349758,,2022-08-28 16:57:12+00:00,1.2140615388680207,3788.4026001934494
-8.0531424,-34.95349525,,2022-08-28 16:57:13+00:00,1.1343136430239622,3789.5369138364736
-8.0531314,-34.95349557,,2022-08-28 16:57:14+00:00,1.2170680307818131,3790.7539818672553
-8.05311974,-34.95349656,,2022-08-28 16:57:15+00:00,1.2941593026644225,3792.0481411699197
-8.05310408,-34.95349923,,2022-08-28 16:57:16+00:00,1.756762974801665,3793.8049041447216
-8.05308875,-34.9535019,,2022-08-28 16:57:17+00:00,1.720792946674344,3795.525697091396
-8.05307308,-34.95350323,,2022-08-28 16:57:18+00:00,1.7392302862354228,3797.2649273776315
-8.05305743,-34.95350389,,2022-08-28 16:57:19+00:00,1.7323567798047086,3798.9972841574363
-8.05304143,-34.95350389,,2022-08-28 16:57:20+00:00,1.7695371200765528,3800.766821277513
-8.05302477,-34.9535029,,2022-08-28 16:57:21+00:00,1.8457592944005654,3802.6125805719134
-8.05300977,-34.95350223,,2022-08-28 16:57:22+00:00,1.66058415276708,3804.2731647246806
-8.05299577,-34.9535029,,2022-08-28 16:57:23+00:00,1.550105317598823,3805.8232700422795
-8.05298111,-34.95350389,,2022-08-28 16:57:24+00:00,1.6250067039216627,3807.4482767462014
-8.05296611,-34.95350389,,2022-08-28 16:57:25+00:00,1.6589410442619748,3809.1072177904634
-8.05295179,-34.95350222,,2022-08-28 16:57:26+00:00,1.5943980572554897,3810.701615847719
-8.05293613,-34.9534979,,2022-08-28 16:57:27+00:00,1.7962052282561296,3812.497821075975
-8.05292113,-34.95349191,,2022-08-28 16:57:28+00:00,1.7855095239260463,3814.283330599901
-8.05290781,-34.95348691,,2022-08-28 16:57:29+00:00,1.5728640578902227,3815.856194657791
-8.05289515,-34.95348392,,2022-08-28 16:57:30+00:00,1.4384142714809123,3817.294608929272
-8.05288215,-34.95348192,,2022-08-28 16:57:31+00:00,1.4545527328492485,3818.749161662121
-8.05286849,-34.95348159,,2022-08-28 16:57:32+00:00,1.5111801651052332,3820.260341827226
-8.05285449,-34.95348225,,2022-08-28 16:57:33+00:00,1.5500531815740866,3821.8103950088002
-8.0528395,-34.95348225,,2022-08-28 16:57:34+00:00,1.6578350733900449,3823.46823008219
-8.05282451,-34.95348193,,2022-08-28 16:57:35+00:00,1.658210279400959,3825.126440361591
-8.05281018,-34.9534816,,2022-08-28 16:57:36+00:00,1.585259060181392,3826.711699421772
-8.05279618,-34.95348128,,2022-08-28 16:57:37+00:00,1.5487466950224753,3828.260446116795
-8.05278286,-34.95348227,,2022-08-28 16:57:38+00:00,1.4771760330338193,3829.7376221498284
-8.05277019,-34.95348394,,2022-08-28 16:57:39+00:00,1.4132919279997818,3831.150914077828
-8.05275653,-34.95348459,,2022-08-28 16:57:40+00:00,1.5124403611903687,3832.6633544390183
-8.05274253,-34.95348427,,2022-08-28 16:57:41+00:00,1.5487466915578936,3834.2121011305762
-8.05272887,-34.95348361,,2022-08-28 16:57:42+00:00,1.5124929790975732,3835.724594109674
-8.05271521,-34.95348329,,2022-08-28 16:57:43+00:00,1.5111540225060516,3837.23574813218
-8.05270221,-34.95348428,,2022-08-28 16:57:44+00:00,1.4418843627812865,3838.6776324949615
-8.05268821,-34.95348527,,2022-08-28 16:57:45+00:00,1.5521857982053628,3840.2298182931668
-8.05267356,-34.95348527,,2022-08-28 16:57:46+00:00,1.6202323965786534,3841.8500506897453
-8.05265857,-34.95348395,,2022-08-28 16:57:47+00:00,1.6642079287761804,3843.5142586185216
-8.05264223,-34.95348128,,2022-08-28 16:57:48+00:00,1.8309487809018312,3845.3452073994235
-8.05262524,-34.95347796,,2022-08-28 16:57:49+00:00,1.9143328744131436,3847.2595402738366
-8.05260858,-34.95347562,,2022-08-28 16:57:50+00:00,1.8604971462689581,3849.1200374201057
-8.05259191,-34.95347297,,2022-08-28 16:57:51+00:00,1.8666338492872279,3850.986671269393
-8.05257458,-34.95346931,,2022-08-28 16:57:52+00:00,1.9586302985293629,3852.9453015679223
-8.05255759,-34.95346498,,2022-08-28 16:57:53+00:00,1.938698246380615,3854.883999814303
-8.05253992,-34.95346132,,2022-08-28 16:57:54+00:00,1.9954416543666444,3856.8794414686695
-8.05252393,-34.95345999,,2022-08-28 16:57:55+00:00,1.774497550661273,3858.6539390193307
-8.05250693,-34.95345866,,2022-08-28 16:57:56+00:00,1.8858402850976126,3860.539779304428
-8.05249027,-34.95345733,,2022-08-28 16:57:57+00:00,1.8483537302930015,3862.3881330347212
-8.05247328,-34.95345567,,2022-08-28 16:57:58+00:00,1.8879155043966906,3864.276048539118
-8.05245795,-34.95345535,,2022-08-28 16:57:59+00:00,1.6958045933612185,3865.9718531324793
-8.05244528,-34.95345502,,2022-08-28 16:58:00+00:00,1.4017242309543148,3867.3735773634335
-8.05243162,-34.95345369,,2022-08-28 16:58:01+00:00,1.5178389801928132,3868.891416343626
-8.05241829,-34.95345337,,2022-08-28 16:58:02+00:00,1.4746674893659286,3870.366083832992
-8.05240429,-34.95345305,,2022-08-28 16:58:03+00:00,1.5487466663051728,3871.9148304992973
-8.05239163,-34.95345272,,2022-08-28 16:58:04+00:00,1.4006186393434608,3873.315449138641
-8.0523793,-34.95345338,,2022-08-28 16:58:05+00:00,1.36558877473305,3874.681037913374
-8.05236397,-34.95345404,,2022-08-28 16:58:06+00:00,1.6969978583450842,3876.378035771719
-8.05234831,-34.95345371,,2022-08-28 16:58:07+00:00,1.732316352493717,3878.110352124213
-8.05233265,-34.95345106,,2022-08-28 16:58:08+00:00,1.7563950130384394,3879.8667471372514
-8.05231832,-34.95344606,,2022-08-28 16:58:09+00:00,1.677940642908241,3881.5446877801596
-8.05230333,-34.9534394,,2022-08-28 16:58:10+00:00,1.8131074233709188,3883.3577952035307
-8.05228901,-34.95343274,,2022-08-28 16:58:11+00:00,1.74561170846569,3885.1034069119964
-8.05227268,-34.95342741,,2022-08-28 16:58:12+00:00,1.8991944513338384,3887.00260136333
-8.05225135,-34.95342508,,2022-08-28 16:58:13+00:00,2.3729541008610666,3889.375555464191
-8.0522287,-34.95342341,,2022-08-28 16:58:14+00:00,2.5117555441104105,3891.8873110083014
-8.05220636,-34.95342142,,2022-08-28 16:58:15+00:00,2.480434474224203,3894.3677454825256
-8.05218504,-34.95341842,,2022-08-28 16:58:16+00:00,2.3809840404146625,3896.7487295229403
-8.05216672,-34.95341443,,2022-08-28 16:58:17+00:00,2.073306248087728,3898.822035771028
-8.05215072,-34.95341111,,2022-08-28 16:58:18+00:00,1.8069833504350394,3900.629019121463
-8.05213605,-34.95340711,,2022-08-28 16:58:19+00:00,1.681289136920206,3902.310308258383
-8.05212072,-34.95340245,,2022-08-28 16:58:20+00:00,1.77154282406717,3904.08185108245
-8.05210438,-34.95339578,,2022-08-28 16:58:21+00:00,1.950978120852228,3906.0328292033023
-8.05208839,-34.95339046,,2022-08-28 16:58:22+00:00,1.863125438365704,3907.895954641668
-8.05207406,-34.95338579,,2022-08-28 16:58:23+00:00,1.6663468077107733,3909.562301449379
-8.05206107,-34.95338214,,2022-08-28 16:58:24+00:00,1.491917438694288,3911.054218888073
-8.05204874,-34.9533778,,2022-08-28 16:58:25+00:00,1.4451303211033504,3912.4993492091767
-8.05203875,-34.95337381,,2022-08-28 16:58:26+00:00,1.189176556173927,3913.6885257653507
-8.05202741,-34.95337015,,2022-08-28 16:58:27+00:00,1.317451644140771,3915.0059774094916
-8.05201542,-34.95336716,,2022-08-28 16:58:28+00:00,1.3663918741279386,3916.3723692836197
-8.05200343,-34.95336583,,2022-08-28 16:58:29+00:00,1.3341263632201543,3917.70649564684
-8.0519911,-34.95336417,,2022-08-28 16:58:30+00:00,1.3758712813169056,3919.0823669281567
-8.05197744,-34.95335984,,2022-08-28 16:58:31+00:00,1.5843454446839966,3920.6667123728407
-8.05196211,-34.95335419,,2022-08-28 16:58:32+00:00,1.806206802414796,3922.4729191752554
-8.05194879,-34.95334719,,2022-08-28 16:58:33+00:00,1.6629835969231868,3924.1359027721787
-8.05193645,-34.95333652,,2022-08-28 16:58:34+00:00,1.801632017833859,3925.9375347900127
-8.0519258,-34.9533232,,2022-08-28 16:58:35+00:00,1.8823114219026817,3927.8198462119153
-8.05191813,-34.9533092,,2022-08-28 16:58:36+00:00,1.7609833658516745,3929.580829577767
-8.05191381,-34.9532952,,2022-08-28 16:58:37+00:00,1.615477132516435,3931.1963067102834
-8.05191048,-34.95328053,,2022-08-28 16:58:38+00:00,1.6584718613928446,3932.854778571676
-8.05190848,-34.95326554,,2022-08-28 16:58:39+00:00,1.6670764683798767,3934.521855040056
-8.05190782,-34.95325055,,2022-08-28 16:58:40+00:00,1.6539486204669889,3936.175803660523
-8.05190649,-34.95323488,,2022-08-28 16:58:41+00:00,1.7335448059568874,3937.90934846648
-8.05190517,-34.95321923,,2022-08-28 16:58:42+00:00,1.7312545748209571,3939.640603041301
-8.05190549,-34.95320456,,2022-08-28 16:58:43+00:00,1.6174510014424672,3941.2580540427434
-8.05190683,-34.9531909,,2022-08-28 16:58:44+00:00,1.5130076849171963,3942.7710617276607
-8.05190915,-34.95317724,,2022-08-28 16:58:45+00:00,1.5274371156829338,3944.2984988433436
-8.05191148,-34.95316258,,2022-08-28 16:58:46+00:00,1.6363786130646836,3945.9348774564082
-8.05191282,-34.95314725,,2022-08-28 16:58:47+00:00,1.6963012282004628,3947.6311786846086
-8.05191381,-34.95313292,,2022-08-28 16:58:48+00:00,1.583375924274997,3949.2145546088836
-8.05191613,-34.95311926,,2022-08-28 16:58:49+00:00,1.527437090800428,3950.741991699684
-8.05192013,-34.95310559,,2022-08-28 16:58:50+00:00,1.5704310950153,3952.3124227946996
-8.05192346,-34.95309093,,2022-08-28 16:58:51+00:00,1.657397070252511,3953.969819864952
-8.0519278,-34.95307628,,2022-08-28 16:58:52+00:00,1.6846831662978634,3955.65450303125
-8.05193212,-34.95306261,,2022-08-28 16:58:53+00:00,1.5807652596664852,3957.2352682909163
-8.05193644,-34.95304894,,2022-08-28 16:58:54+00:00,1.5807652453087941,3958.816033536225
-8.05194011,-34.95303595,,2022-08-28 16:58:55+00:00,1.4882945166810373,3960.304328052906
-8.05194477,-34.95302395,,2022-08-28 16:58:56+00:00,1.4196075078113641,3961.723935560717
-8.0519501,-34.9530123,,2022-08-28 16:58:57+00:00,1.413003446723476,3963.1369390074406
-8.05195577,-34.95300096,,2022-08-28 16:58:58+00:00,1.3984738475612695,3964.535412855002
-8.05196076,-34.95299063,,2022-08-28 16:58:59+00:00,1.2653581362030677,3965.800770991205
-8.05196341,-34.95297931,,2022-08-28 16:59:00+00:00,1.281752368262085,3967.082523359467
-8.05196541,-34.95296898,,2022-08-28 16:59:01+00:00,1.1599533714244115,3968.242476730891
-8.05196607,-34.95295598,,2022-08-28 16:59:02+00:00,1.4348385052691905,3969.67731523616
-8.05196707,-34.95294298,,2022-08-28 16:59:03+00:00,1.4372421430515845,3971.114557379212
-8.05196774,-34.95292866,,2022-08-28 16:59:04+00:00,1.5802215588897328,3972.6947789381015
-8.05196939,-34.95291434,,2022-08-28 16:59:05+00:00,1.588996434076014,3974.2837753721774
-8.05197273,-34.95290135,,2022-08-28 16:59:06+00:00,1.4787579707732998,3975.7625333429505
-8.05197638,-34.95288801,,2022-08-28 16:59:07+00:00,1.5248614304226595,3977.2873947733733
-8.05197905,-34.95287602,,2022-08-28 16:59:08+00:00,1.3542352852107309,3978.641630058584
-8.05198071,-34.95286402,,2022-08-28 16:59:09+00:00,1.3354310609503066,3979.977061119534
-8.05198171,-34.95284903,,2022-08-28 16:59:10+00:00,1.6560339707886502,3981.6330950903225
-8.05198303,-34.95283537,,2022-08-28 16:59:11+00:00,1.5127923492155122,3983.145887439538
-8.05198402,-34.95281971,,2022-08-28 16:59:12+00:00,1.7296593667390763,3984.8755468062773
-8.05198469,-34.95280272,,2022-08-28 16:59:13+00:00,1.8742607154133788,3986.749807521691
-8.05198436,-34.95278539,,2022-08-28 16:59:14+00:00,1.910621938484567,3988.6604294601752
-8.05198502,-34.95276873,,2022-08-28 16:59:15+00:00,1.8378697991660466,3990.4982992593414
-8.05198569,-34.95275273,,2022-08-28 16:59:16+00:00,1.7652243198996826,3992.263523579241
-8.05198569,-34.9527364,,2022-08-28 16:59:17+00:00,1.8000440471761017,3994.063567626417
-8.05198536,-34.95271941,,2022-08-28 16:59:18+00:00,1.8731509556236299,3995.9367185820406
-8.05198536,-34.95270307,,2022-08-28 16:59:19+00:00,1.8011463414668352,3997.7378649235075
-8.05198603,-34.95268775,,2022-08-28 16:59:20+00:00,1.6903374090894938,3999.428202332597
-8.05198769,-34.95267242,,2022-08-28 16:59:21+00:00,1.6997585253141434,4001.127960857911
-8.05199034,-34.95266009,,2022-08-28 16:59:22+00:00,1.3903674596207338,4002.518328317532
-8.05199368,-34.95264777,,2022-08-28 16:59:23+00:00,1.4073665188565283,4003.9256948363886
-8.051996,-34.95263477,,2022-08-28 16:59:24+00:00,1.4557705769183729,4005.381465413307
-8.051997,-34.95262177,,2022-08-28 16:59:25+00:00,1.437242039997974,4006.8187074533053
-8.05199766,-34.95260611,,2022-08-28 16:59:26+00:00,1.7277329882507086,4008.546440441556
-8.05199832,-34.95258879,,2022-08-28 16:59:27+00:00,1.9105658411361746,4010.4570062826924
-8.05199865,-34.95257046,,2022-08-28 16:59:28+00:00,2.0208321288332955,4012.4778384115257
-8.0519993,-34.9525528,,2022-08-28 16:59:29+00:00,1.9479758249592314,4014.4258142364847
-8.05200029,-34.95253647,,2022-08-28 16:59:30+00:00,1.8033708504904058,4016.229185086975
-8.05200262,-34.95252114,,2022-08-28 16:59:31+00:00,1.7093499572888022,4017.938535044264
-8.05200528,-34.95250681,,2022-08-28 16:59:32+00:00,1.606746790269958,4019.545281834534
-8.05200694,-34.95249249,,2022-08-28 16:59:33+00:00,1.5891236811418852,4021.1344055156756
-8.05200826,-34.95247783,,2022-08-28 16:59:34+00:00,1.6225419367600644,4022.7569474524357
-8.05200793,-34.95246416,,2022-08-28 16:59:35+00:00,1.5072760199483177,4024.264223472384
-8.05200793,-34.95244917,,2022-08-28 16:59:36+00:00,1.6523367291899305,4025.9165602015737
-8.05200726,-34.95243452,,2022-08-28 16:59:37+00:00,1.61655794703769,4027.5331181486113
-8.05200661,-34.95242052,,2022-08-28 16:59:38+00:00,1.5448832186024273,4029.078001367214
-8.05200628,-34.95240752,,2022-08-28 16:59:39+00:00,1.433445184034719,4030.5114465512484
-8.05200661,-34.95239352,,2022-08-28 16:59:40+00:00,1.543641270211182,4032.0550878214594
-8.05200761,-34.95237853,,2022-08-28 16:59:41+00:00,1.6560338663214196,4033.7111216877806
-8.05200793,-34.95236353,,2022-08-28 16:59:42+00:00,1.6538177378208379,4035.3649394256013
-8.05200893,-34.9523492,,2022-08-28 16:59:43+00:00,1.5834524171559814,4036.9483918427572
-8.05201059,-34.95233455,,2022-08-28 16:59:44+00:00,1.6252611922231115,4038.5736530349805
-8.05201158,-34.95231889,,2022-08-28 16:59:45+00:00,1.729659251762435,4040.3033122867428
-8.05201258,-34.95230156,,2022-08-28 16:59:46+00:00,1.9134720223625237,4042.216784309105
-8.05201457,-34.95228457,,2022-08-28 16:59:47+00:00,1.885682881940412,4044.1024671910454
-8.05201657,-34.95226824,,2022-08-28 16:59:48+00:00,1.8135832087221608,4045.9160503997678
-8.05201857,-34.95225224,,2022-08-28 16:59:49+00:00,1.7774846420918349,4047.6935350418594
-8.05201922,-34.95223792,,2022-08-28 16:59:50+00:00,1.5801191821836529,4049.273654224043
-8.05201922,-34.95222326,,2022-08-28 16:59:51+00:00,1.6159610268571234,4050.8896152509005
-8.05201956,-34.9522066,,2022-08-28 16:59:52+00:00,1.8368044926431588,4052.726419743544
-8.05202121,-34.95219193,,2022-08-28 16:59:53+00:00,1.6273272552206026,4054.3537469987646
-8.05202221,-34.95217761,,2022-08-28 16:59:54+00:00,1.582352767196431,4055.936099765961
-8.05202221,-34.95216361,,2022-08-28 16:59:55+00:00,1.5432097000392346,4057.4793094660004
-8.05202155,-34.95214961,,2022-08-28 16:59:56+00:00,1.5449350213184303,4059.024244487319
-8.05201989,-34.95213495,,2022-08-28 16:59:57+00:00,1.626356390350892,4060.6506008776696
-8.0520169,-34.95212029,,2022-08-28 16:59:58+00:00,1.6494486315929904,4062.3000495092624
-8.05201357,-34.9521053,,2022-08-28 16:59:59+00:00,1.6928822567123356,4063.992931765975
-8.05201157,-34.9520903,,2022-08-28 17:00:00+00:00,1.668168604827151,4065.661100370802
-8.05201124,-34.95207598,,2022-08-28 17:00:01+00:00,1.5789049777716215,4067.240005348574
-8.05201157,-34.95206198,,2022-08-28 17:00:02+00:00,1.543641251278999,4068.783646599853
-8.05201422,-34.95204699,,2022-08-28 17:00:03+00:00,1.6781275993154194,4070.4617741991683
-8.05201589,-34.95203332,,2022-08-28 17:00:04+00:00,1.5181111013732185,4071.9798853005414
-8.05201688,-34.95201999,,2022-08-28 17:00:05+00:00,1.4734298321159638,4073.4533151326573
-8.05201755,-34.952007,,2022-08-28 17:00:06+00:00,1.433794190621875,4074.887109323279
-8.05201755,-34.95199433,,2022-08-28 17:00:07+00:00,1.3966047949024853,4076.2837141181817
-8.05201688,-34.95198134,,2022-08-28 17:00:08+00:00,1.433794190621875,4077.7175083088036
-8.05201322,-34.95196668,,2022-08-28 17:00:09+00:00,1.6658866205669625,4079.3833949293708
-8.05200856,-34.95195169,,2022-08-28 17:00:10+00:00,1.7308468329619267,4081.1142417623328
-8.05200389,-34.95193736,,2022-08-28 17:00:11+00:00,1.6618800883916316,4082.7761218507244
-8.05200123,-34.95192237,,2022-08-28 17:00:12+00:00,1.6783211447059734,4084.4544429954303
-8.0520009,-34.95190805,,2022-08-28 17:00:13+00:00,1.578905015619576,4086.03334801105
-8.0520019,-34.95189372,,2022-08-28 17:00:14+00:00,1.583452444501296,4087.616800455551
-8.05200389,-34.95188106,,2022-08-28 17:00:15+00:00,1.4127509679960162,4089.029551423547
-8.05200722,-34.95187039,,2022-08-28 17:00:16+00:00,1.2324584685836948,4090.262009892131
-8.05201256,-34.9518604,,2022-08-28 17:00:17+00:00,1.249563332114587,4091.5115732242457
-8.05201855,-34.95184974,,2022-08-28 17:00:18+00:00,1.3489237979457036,4092.8604970221913
-8.05202421,-34.95184041,,2022-08-28 17:00:19+00:00,1.2039642681114573,4094.064461290303
-8.05202787,-34.95182775,,2022-08-28 17:00:20+00:00,1.4530228116033639,4095.517484101906
-8.05202986,-34.95181375,,2022-08-28 17:00:21+00:00,1.5588245642292582,4097.076308666135
-8.05203086,-34.95179942,,2022-08-28 17:00:22+00:00,1.5834523326713699,4098.659760998807
-8.05203019,-34.95178576,,2022-08-28 17:00:23+00:00,1.5075538883806658,4100.167314887187
-8.05202654,-34.95177476,,2022-08-28 17:00:24+00:00,1.2779527961603712,4101.445267683347
-8.05202087,-34.95176376,,2022-08-28 17:00:25+00:00,1.3650781283172853,4102.810345811665
-8.05201254,-34.95175177,,2022-08-28 17:00:26+00:00,1.6110510251740549,4104.4213968368385
-8.0520032,-34.95173843,,2022-08-28 17:00:27+00:00,1.7970167884942958,4106.218413625333
-8.05199355,-34.95172411,,2022-08-28 17:00:28+00:00,1.9054227756856634,4108.123836401019
-8.05198555,-34.95170912,,2022-08-28 17:00:29+00:00,1.8743084702210016,4109.99814487124
-8.05197922,-34.95169413,,2022-08-28 17:00:30+00:00,1.7945248208431748,4111.792669692083
-8.05197189,-34.95167746,,2022-08-28 17:00:31+00:00,2.008400294073967,4113.801069986157
-8.05196557,-34.95166013,,2022-08-28 17:00:32+00:00,2.0341336012700193,4115.835203587427
-8.05195891,-34.95164281,,2022-08-28 17:00:33+00:00,2.046330737031061,4117.881534324458
-8.05195291,-34.95162314,,2022-08-28 17:00:34+00:00,2.2674805709552155,4120.149014895413
-8.05194958,-34.95160347,,2022-08-28 17:00:35+00:00,2.1992654207115243,4122.348280316124
-8.05194792,-34.95158615,,2022-08-28 17:00:36+00:00,1.9179780421192136,4124.266258358243
-8.05194725,-34.95156982,,2022-08-28 17:00:37+00:00,1.801568730707859,4126.067827088951
-8.05194792,-34.95155516,,2022-08-28 17:00:38+00:00,1.6176593196508269,4127.685486408602
-8.05194924,-34.95153984,,2022-08-28 17:00:39+00:00,1.6950110631777349,4129.38049747178
-8.05195257,-34.9515235,,2022-08-28 17:00:40+00:00,1.8384130266652912,4131.2189104984445
-8.05195723,-34.95150817,,2022-08-28 17:00:41+00:00,1.7666602750159002,4132.9855707734605
-8.05196323,-34.95149251,,2022-08-28 17:00:42+00:00,1.84934242400089,4134.834913197461
-8.05197023,-34.95147685,,2022-08-28 17:00:43+00:00,1.891844779879235,4136.726757977341
-8.05197622,-34.95146152,,2022-08-28 17:00:44+00:00,1.815032011623516,4138.541789988964
-8.05198121,-34.95144586,,2022-08-28 17:00:45+00:00,1.8122634535851665,4140.354053442549
-8.05198354,-34.95142787,,2022-08-28 17:00:46+00:00,1.9996975580439158,4142.353751000594
-8.05198387,-34.95141021,,2022-08-28 17:00:46+00:00,1.946991091225189,4144.300742091818
-8.0519812,-34.95139188,,2022-08-28 17:00:47+00:00,2.0419666661064912,4146.342708757925
-8.05197721,-34.95137622,,2022-08-28 17:00:48+00:00,1.7817014457602771,4148.124410203685
-8.05197388,-34.95136322,,2022-08-28 17:00:49+00:00,1.4795496496891556,4149.603959853374
-8.05197055,-34.95135022,,2022-08-28 17:00:50+00:00,1.4795496594904913,4151.083509512865
-8.05196756,-34.95133756,,2022-08-28 17:00:51+00:00,1.434147285525943,4152.517656798391
-8.05196523,-34.95132356,,2022-08-28 17:00:52+00:00,1.5645767357164222,4154.082233534107
-8.05196423,-34.9513099,,2022-08-28 17:00:53+00:00,1.509788140798377,4155.5920216749055
-8.05196324,-34.9512969,,2022-08-28 17:00:54+00:00,1.4371574724667415,4157.029179147372
-8.05196357,-34.95128257,,2022-08-28 17:00:55+00:00,1.5800071613260755,4158.609186308698
-8.05196523,-34.95126925,,2022-08-28 17:00:56+00:00,1.4796874410467997,4160.088873749744
-8.05196723,-34.95125625,,2022-08-28 17:00:57+00:00,1.4499515343876994,4161.538825284132
-8.05196989,-34.95124325,,2022-08-28 17:00:58+00:00,1.4628665683055997,4163.001691852438
-8.05197288,-34.95123093,,2022-08-28 17:00:59+00:00,1.39770591963067,4164.399397772068
-8.05197488,-34.95121959,,2022-08-28 17:01:00+00:00,1.2694195413291314,4165.668817313397
-8.05197688,-34.95120726,,2022-08-28 17:01:01+00:00,1.3770083936412514,4167.045825707039
-8.05197854,-34.9511956,,2022-08-28 17:01:02+00:00,1.298319185056066,4168.344144892095
-8.05197887,-34.9511846,,2022-08-28 17:01:03+00:00,1.2130711846385958,4169.557216076733
-8.05197721,-34.95117328,,2022-08-28 17:01:04+00:00,1.2612289525462794,4170.818445029279
-8.05197388,-34.95116029,,2022-08-28 17:01:05+00:00,1.4784820767316864,4172.296927106011
-8.05196788,-34.95114597,,2022-08-28 17:01:06+00:00,1.7122917480976272,4174.009218854108
-8.05195922,-34.95113197,,2022-08-28 17:01:07+00:00,1.8162612011939145,4175.825480055302
-8.05194823,-34.95111997,,2022-08-28 17:01:08+00:00,1.7963829661582487,4177.621863021461
-8.0519369,-34.95111064,,2022-08-28 17:01:09+00:00,1.6210583272813202,4179.242921348742
-8.05192558,-34.95110332,,2022-08-28 17:01:10+00:00,1.4894378631809588,4180.732359211923
-8.05191492,-34.95109799,,2022-08-28 17:01:11+00:00,1.317237594517943,4182.049596806441
-8.0519036,-34.95109365,,2022-08-28 17:01:12+00:00,1.3402366620502288,4183.389833468491
-8.05189161,-34.951091,,2022-08-28 17:01:13+00:00,1.3578390927841877,4184.747672561275
-8.05187994,-34.95108967,,2022-08-28 17:01:14+00:00,1.2989557703912256,4186.046628331666
-8.05186662,-34.95108702,,2022-08-28 17:01:15+00:00,1.501821251389095,4187.548449583055
-8.05185262,-34.95108468,,2022-08-28 17:01:16+00:00,1.5696825094060178,4189.118132092462
-8.05183963,-34.95108268,,2022-08-28 17:01:17+00:00,1.453459572218385,4190.5715916646795
-8.05182829,-34.95108069,,2022-08-28 17:01:18+00:00,1.273197903881161,4191.84478956856
-8.05181897,-34.95108102,,2022-08-28 17:01:19+00:00,1.0313969659140991,4192.876186534474
-8.05180897,-34.95108301,,2022-08-28 17:01:20+00:00,1.1275043816815438,4194.003690916155
-8.05179698,-34.95108434,,2022-08-28 17:01:21+00:00,1.334126357874297,4195.3378172740295
-8.05178532,-34.95108301,,2022-08-28 17:01:22+00:00,1.29785688035365,4196.635674154383
-8.051774,-34.95108202,,2022-08-28 17:01:23+00:00,1.2566945100088873,4197.892368664392
-8.05176201,-34.95108136,,2022-08-28 17:01:24+00:00,1.3280409887904732,4199.220409653182
-8.05174968,-34.95108104,,2022-08-28 17:01:25+00:00,1.364105587976258,4200.584515241158
-8.05173535,-34.95107904,,2022-08-28 17:01:26+00:00,1.6001015189286938,4202.184616760087
-8.0517207,-34.95107571,,2022-08-28 17:01:27+00:00,1.6612912292247828,4203.845907989312
-8.05170603,-34.95107006,,2022-08-28 17:01:28+00:00,1.737872246300954,4205.583780235613
-8.05169136,-34.95106472,,2022-08-28 17:01:29+00:00,1.7259213181555688,4207.309701553769
-8.05167704,-34.95105939,,2022-08-28 17:01:30+00:00,1.6892013364826102,4208.998902890251
-8.05166304,-34.95105539,,2022-08-28 17:01:31+00:00,1.6099006313440234,4210.608803521595
-8.05165037,-34.9510524,,2022-08-28 17:01:32+00:00,1.4394909786550079,4212.04829450025
-8.05163671,-34.95104841,,2022-08-28 17:01:33+00:00,1.5734609691971602,4213.621755469448
-8.05162338,-34.95104408,,2022-08-28 17:01:34+00:00,1.5495833637491478,4215.171338833196
-8.05160838,-34.95103809,,2022-08-28 17:01:35+00:00,1.7855102116636763,4216.95684904486
-8.05159438,-34.95103043,,2022-08-28 17:01:36+00:00,1.7636072815323414,4218.720456326392
-8.05158073,-34.95102276,,2022-08-28 17:01:37+00:00,1.7302610002424146,4220.450717326635
-8.05156773,-34.95101543,,2022-08-28 17:01:38+00:00,1.6492287795788436,4222.099946106214
-8.0515544,-34.95100611,,2022-08-28 17:01:39+00:00,1.7968925916197909,4223.896838697834
-8.0515424,-34.95099712,,2022-08-28 17:01:40+00:00,1.656303281555001,4225.553141979389
-8.05153041,-34.95098878,,2022-08-28 17:01:41+00:00,1.6135478773383023,4227.166689856727
-8.05151809,-34.95098178,,2022-08-28 17:01:42+00:00,1.565854475363848,4228.7325443320915
-8.05150743,-34.95097645,,2022-08-28 17:01:43+00:00,1.3172378358446448,4230.049782167936
-8.05149877,-34.95097213,,2022-08-28 17:01:44+00:00,1.0696100881937243,4231.119392256131
-8.05149144,-34.95096646,,2022-08-28 17:01:45+00:00,1.0236260853448433,4232.143018341475
-8.05148478,-34.95095946,,2022-08-28 17:01:46+00:00,1.0667289398681974,4233.209747281343
-8.05147911,-34.9509518,,2022-08-28 17:01:47+00:00,1.0517452797037865,4234.261492561047
-8.05147245,-34.9509418,,2022-08-28 17:01:48+00:00,1.3257403036438382,4235.587232864691
-8.05146545,-34.95093147,,2022-08-28 17:01:49+00:00,1.3769211925017308,4236.964154057193
-8.05145845,-34.95091981,,2022-08-28 17:01:50+00:00,1.500424854855722,4238.464578912049
-8.05145046,-34.95090749,,2022-08-28 17:01:51+00:00,1.620214568115709,4240.084793480164
-8.05144081,-34.95089349,,2022-08-28 17:01:52+00:00,1.8763074722200508,4241.961100952384
-8.05143147,-34.95087949,,2022-08-28 17:01:53+00:00,1.8570202716713604,4243.818121224055
-8.05142481,-34.95086616,,2022-08-28 17:01:54+00:00,1.643638842059969,4245.461760066115
-8.05141914,-34.95085216,,2022-08-28 17:01:55+00:00,1.6657527127614082,4247.127512778877
-8.05141381,-34.95084017,,2022-08-28 17:01:56+00:00,1.4471503340273748,4248.574663112904
-8.05140615,-34.9508265,,2022-08-28 17:01:57+00:00,1.7286542720320863,4250.303317384936
-8.05139682,-34.95081283,,2022-08-28 17:01:58+00:00,1.8262785624891624,4252.1295959474255
-8.05138582,-34.95080217,,2022-08-28 17:01:59+00:00,1.6913730251595926,4253.820968972585
-8.05137116,-34.95079384,,2022-08-28 17:02:00+00:00,1.8632899888949743,4255.684258961481
-8.05135616,-34.95078418,,2022-08-28 17:02:01+00:00,1.971273434217948,4257.655532395699
-8.05134084,-34.95077185,,2022-08-28 17:02:02+00:00,2.17209382587713,4259.827626221576
-8.05132517,-34.95075885,,2022-08-28 17:02:03+00:00,2.248748198013953,4262.07637441959
-8.05131351,-34.95074686,,2022-08-28 17:02:04+00:00,1.8465376137799965,4263.92291203337
-8.05130451,-34.95073586,,2022-08-28 17:02:05+00:00,1.5687463457554855,4265.4916583791255
-8.05129618,-34.9507252,,2022-08-28 17:02:06+00:00,1.4931385513036648,4266.984796930429
-8.05128585,-34.95071287,,2022-08-28 17:02:07+00:00,1.7755114916430976,4268.760308422072
-8.05127552,-34.95070122,,2022-08-28 17:02:08+00:00,1.7188105381662637,4270.479118960238
-8.0512642,-34.95068922,,2022-08-28 17:02:09+00:00,1.8212768658047915,4272.300395826043
-8.05125453,-34.95067923,,2022-08-28 17:02:10+00:00,1.5350497607348423,4273.835445586778
-8.0512462,-34.95067523,,2022-08-28 17:02:11+00:00,1.0213413355915812,4274.85678692237
-8.0512392,-34.95067689,,2022-08-28 17:02:12+00:00,0.7955029598925469,4275.652289882262
-8.0512322,-34.95068122,,2022-08-28 17:02:13+00:00,0.9094790564222205,4276.5617689386845
-8.0512252,-34.95068722,,2022-08-28 17:02:14+00:00,1.0182152555834918,4277.579984194268
-8.05121788,-34.95069454,,2022-08-28 17:02:15+00:00,1.1429993528092195,4278.722983547077
-8.05121188,-34.95070421,,2022-08-28 17:02:16+00:00,1.2555943241734466,4279.97857787125
-8.05120455,-34.95071486,,2022-08-28 17:02:17+00:00,1.4266495569596487,4281.40522742821
-8.05119722,-34.95072386,,2022-08-28 17:02:18+00:00,1.2811628057569904,4282.686390233967
-8.05118856,-34.95073252,,2022-08-28 17:02:19+00:00,1.3522369863167243,4284.038627220284
-8.05117957,-34.95073984,,2022-08-28 17:02:20+00:00,1.2804707151835137,4285.319097935468
-8.05116957,-34.95074818,,2022-08-28 17:02:21+00:00,1.4381540366180159,4286.757251972085
-8.05115992,-34.95075651,,2022-08-28 17:02:22+00:00,1.407884766367392,4288.165136738453
-8.05115026,-34.95076484,,2022-08-28 17:02:23+00:00,1.4087233420622534,4289.573860080515
-8.05114226,-34.95077284,,2022-08-28 17:02:24+00:00,1.2491797336992767,4290.823039814214
-8.05113393,-34.95077917,,2022-08-28 17:02:25+00:00,1.1556766139261963,4291.978716428141
-8.05112594,-34.95078383,,2022-08-28 17:02:26+00:00,1.0221133964407296,4293.000829824581
-8.05111728,-34.95078883,,2022-08-28 17:02:27+00:00,1.1050210052203182,4294.105850829801
-8.05110795,-34.95079417,,2022-08-28 17:02:28+00:00,1.1879468377534135,4295.293797667555
