activity_id,sport_type,timestamp,latitude,longitude,speed,cadence,heart_rate,duration_seconds
2025-11-06T21:59:53Z,Run,2025-11-06 22:00:03+00:00,-8.05383667,-34.94887,0.0,,,0.0
2025-11-06T21:59:53Z,Run,2025-11-06 22:00:04+00:00,-8.053836,-34.94888199,0.0,86.0,,1.0
2025-11-06T21:59:53Z,Run,2025-11-06 22:00:05+00:00,-8.05384332,-34.94890232,0.0,86.0,,2.0
2025-11-06T21:59:53Z,Run,2025-11-06 22:00:06+00:00,-8.05385198,-34.94892731,0.0,86.0,,3.0
2025-11-06T21:59:53Z,Run,2025-11-06 22:00:07+00:00,-8.05386631,-34.94894831,0.0,86.0,,4.0
2025-11-06T21:59:53Z,Run,2025-11-06 22:00:08+00:00,-8.0538783,-34.94896998,0.0,86.0,,5.0
2025-11-06T21:59:53Z,Run,2025-11-06 22:00:09+00:00,-8.05389164,-34.94899064,0.0,86.0,100.0,6.0
2025-11-06T21:59:53Z,Run,2025-11-06 22:00:10+00:00,-8.05390596,-34.9490093,0.0,86.0,100.0,7.0
2025-11-06T21:59:53Z,Run,2025-11-06 22:00:11+00:00,-8.05392129,-34.94902629,0.0,85.0,100.0,8.0
2025-11-06T21:59:53Z,Run,2025-11-06 22:00:12+00:00,-8.05393463,-34.94904296,0.0,85.0,100.0,9.0
2025-11-06T21:59:53Z,Run,2025-11-06 22:00:13+00:00,-8.05394595,-34.94905762,1.2300000190734863,85.0,100.0,10.0
2025-11-06T21:59:53Z,Run,2025-11-06 22:00:14+00:00,-8.05395862,-34.94907361,1.2300000190734863,85.0,100.0,11.0
2025-11-06T21:59:53Z,Run,2025-11-06 22:00:15+00:00,-8.05397228,-34.94908994,2.4600000381469727,86.0,100.0,12.0
2025-11-06T21:59:53Z,Run,2025-11-06 22:00:16+00:00,-8.05398495,-34.94910394,2.440000057220459,87.0,100.0,13.0
2025-11-06T21:59:53Z,Run,2025-11-06 22:00:17+00:00,-8.05400194,-34.94911627,2.4000000953674316,87.0,101.0,14.0
2025-11-06T21:59:53Z,Run,2025-11-06 22:00:18+00:00,-8.0540176,-34.9491296,2.380000114440918,86.0,102.0,15.0
2025-11-06T21:59:53Z,Run,2025-11-06 22:00:19+00:00,-8.05403426,-34.94914326,2.359999895095825,86.0,107.0,16.0
2025-11-06T21:59:53Z,Run,2025-11-06 22:00:20+00:00,-8.05405026,-34.94915726,2.359999895095825,86.0,107.0,17.0
2025-11-06T21:59:53Z,Run,2025-11-06 22:00:21+00:00,-8.05406659,-34.94917126,2.3499999046325684,85.0,111.0,18.0
2025-11-06T21:59:53Z,Run,2025-11-06 22:00:22+00:00,-8.05408292,-34.94918559,2.3499999046325684,86.0,114.0,19.0
2025-11-06T21:59:53Z,Run,2025-11-06 22:00:23+00:00,-8.05409759,-34.94919892,2.3499999046325684,86.0,116.0,20.0
2025-11-06T21:59:53Z,Run,2025-11-06 22:00:24+00:00,-8.05411324,-34.94921124,2.3499999046325684,86.0,120.0,21.0
2025-11-06T21:59:53Z,Run,2025-11-06 22:00:25+00:00,-8.05412991,-34.94922291,2.3499999046325684,86.0,122.0,22.0
2025-11-06T21:59:53Z,Run,2025-11-06 22:00:26+00:00,-8.05414957,-34.94923423,2.3499999046325684,86.0,122.0,23.0
2025-11-06T21:59:53Z,Run,2025-11-06 22:00:27+00:00,-8.05416989,-34.94924489,2.3399999141693115,85.0,123.0,24.0
2025-11-06T21:59:53Z,Run,2025-11-06 22:00:28+00:00,-8.05418888,-34.94925456,2.3399999141693115,84.0,124.0,25.0
2025-11-06T21:59:53Z,Run,2025-11-06 22:00:29+00:00,-8.05420787,-34.94926556,2.3499999046325684,84.0,125.0,26.0
2025-11-06T21:59:53Z,Run,2025-11-06 22:00:30+00:00,-8.05422686,-34.94927688,2.359999895095825,85.0,122.0,27.0
2025-11-06T21:59:53Z,Run,2025-11-06 22:00:31+00:00,-8.05424519,-34.94928854,2.380000114440918,86.0,121.0,28.0
2025-11-06T21:59:53Z,Run,2025-11-06 22:00:32+00:00,-8.05426418,-34.94930053,2.380000114440918,86.0,121.0,29.0
2025-11-06T21:59:53Z,Run,2025-11-06 22:00:33+00:00,-8.05428284,-34.94931319,2.4000000953674316,86.0,122.0,30.0
2025-11-06T21:59:53Z,Run,2025-11-06 22:00:34+00:00,-8.05430417,-34.94932852,2.430000066757202,85.0,123.0,31.0
2025-11-06T21:59:53Z,Run,2025-11-06 22:00:35+00:00,-8.0543275,-34.94934218,2.4600000381469727,86.0,123.0,32.0
2025-11-06T21:59:53Z,Run,2025-11-06 22:00:36+00:00,-8.0543485,-34.94935318,2.4800000190734863,86.0,123.0,33.0
2025-11-06T21:59:53Z,Run,2025-11-06 22:00:37+00:00,-8.05436783,-34.94936584,2.5,86.0,123.0,34.0
2025-11-06T21:59:53Z,Run,2025-11-06 22:00:38+00:00,-8.0543875,-34.94937917,2.5,86.0,123.0,35.0
2025-11-06T21:59:53Z,Run,2025-11-06 22:00:39+00:00,-8.0544085,-34.94939116,2.5299999713897705,86.0,124.0,36.0
2025-11-06T21:59:53Z,Run,2025-11-06 22:00:40+00:00,-8.05443015,-34.94940483,2.549999952316284,86.0,124.0,37.0
2025-11-06T21:59:53Z,Run,2025-11-06 22:00:41+00:00,-8.05444914,-34.9494175,2.5899999141693115,85.0,124.0,38.0
2025-11-06T21:59:53Z,Run,2025-11-06 22:00:42+00:00,-8.0544678,-34.94943082,2.609999895095825,86.0,124.0,39.0
2025-11-06T21:59:53Z,Run,2025-11-06 22:00:43+00:00,-8.05448912,-34.94944282,2.5899999141693115,86.0,124.0,40.0
2025-11-06T21:59:53Z,Run,2025-11-06 22:00:44+00:00,-8.05451012,-34.94945548,2.569999933242798,86.0,124.0,41.0
2025-11-06T21:59:53Z,Run,2025-11-06 22:00:45+00:00,-8.05452846,-34.94946781,2.569999933242798,86.0,124.0,42.0
2025-11-06T21:59:53Z,Run,2025-11-06 22:00:46+00:00,-8.05454579,-34.9494788,2.569999933242798,86.0,124.0,43.0
2025-11-06T21:59:53Z,Run,2025-11-06 22:00:47+00:00,-8.05456245,-34.94949147,2.569999933242798,86.0,124.0,44.0
2025-11-06T21:59:53Z,Run,2025-11-06 22:00:48+00:00,-8.05457745,-34.94950513,2.559999942779541,86.0,124.0,45.0
2025-11-06T21:59:53Z,Run,2025-11-06 22:00:49+00:00,-8.0545911,-34.94951913,2.549999952316284,86.0,124.0,46.0
2025-11-06T21:59:53Z,Run,2025-11-06 22:00:50+00:00,-8.05460444,-34.94953247,2.5399999618530273,85.0,124.0,47.0
2025-11-06T21:59:53Z,Run,2025-11-06 22:00:51+00:00,-8.05461909,-34.94954479,2.5399999618530273,85.0,124.0,48.0
2025-11-06T21:59:53Z,Run,2025-11-06 22:00:52+00:00,-8.05463475,-34.94955512,2.5299999713897705,85.0,124.0,49.0
2025-11-06T21:59:53Z,Run,2025-11-06 22:00:53+00:00,-8.05465142,-34.94956678,2.5299999713897705,85.0,124.0,50.0
2025-11-06T21:59:53Z,Run,2025-11-06 22:00:54+00:00,-8.05466907,-34.9495781,2.5199999809265137,86.0,124.0,51.0
2025-11-06T21:59:53Z,Run,2025-11-06 22:00:55+00:00,-8.05468707,-34.94958509,2.509999990463257,86.0,124.0,52.0
2025-11-06T21:59:53Z,Run,2025-11-06 22:00:56+00:00,-8.05470606,-34.94959043,2.5,86.0,123.0,53.0
2025-11-06T21:59:53Z,Run,2025-11-06 22:00:57+00:00,-8.05472672,-34.94960043,2.5,86.0,123.0,54.0
2025-11-06T21:59:53Z,Run,2025-11-06 22:00:58+00:00,-8.05474672,-34.94961375,2.5,86.0,123.0,55.0
2025-11-06T21:59:53Z,Run,2025-11-06 22:00:59+00:00,-8.05476671,-34.94962775,2.490000009536743,86.0,123.0,56.0
2025-11-06T21:59:53Z,Run,2025-11-06 22:01:00+00:00,-8.05478838,-34.94963942,2.4800000190734863,85.0,123.0,57.0
2025-11-06T21:59:53Z,Run,2025-11-06 22:01:01+00:00,-8.05480803,-34.94964874,2.4800000190734863,86.0,123.0,58.0
2025-11-06T21:59:53Z,Run,2025-11-06 22:01:02+00:00,-8.0548277,-34.94965707,2.4800000190734863,87.0,123.0,59.0
2025-11-06T21:59:53Z,Run,2025-11-06 22:01:03+00:00,-8.05484902,-34.94966573,2.4800000190734863,87.0,123.0,60.0
2025-11-06T21:59:53Z,Run,2025-11-06 22:01:04+00:00,-8.05487269,-34.94967239,2.4800000190734863,87.0,123.0,61.0
2025-11-06T21:59:53Z,Run,2025-11-06 22:01:05+00:00,-8.05489635,-34.94967972,2.4800000190734863,87.0,123.0,62.0
2025-11-06T21:59:53Z,Run,2025-11-06 22:01:06+00:00,-8.05491868,-34.94968739,2.4800000190734863,86.0,123.0,63.0
2025-11-06T21:59:53Z,Run,2025-11-06 22:01:07+00:00,-8.05494035,-34.94969604,2.4800000190734863,86.0,123.0,64.0
2025-11-06T21:59:53Z,Run,2025-11-06 22:01:08+00:00,-8.054962,-34.94970603,2.490000009536743,86.0,123.0,65.0
2025-11-06T21:59:53Z,Run,2025-11-06 22:01:09+00:00,-8.05498333,-34.94971603,2.490000009536743,86.0,123.0,66.0
2025-11-06T21:59:53Z,Run,2025-11-06 22:01:10+00:00,-8.05500465,-34.94972569,2.490000009536743,86.0,122.0,67.0
2025-11-06T21:59:53Z,Run,2025-11-06 22:01:11+00:00,-8.05502531,-34.94973569,2.490000009536743,87.0,122.0,68.0
2025-11-06T21:59:53Z,Run,2025-11-06 22:01:12+00:00,-8.05504631,-34.94974568,2.490000009536743,86.0,122.0,69.0
2025-11-06T21:59:53Z,Run,2025-11-06 22:01:13+00:00,-8.05506764,-34.94975535,2.490000009536743,86.0,122.0,70.0
2025-11-06T21:59:53Z,Run,2025-11-06 22:01:14+00:00,-8.0550883,-34.94976467,2.490000009536743,85.0,122.0,71.0
2025-11-06T21:59:53Z,Run,2025-11-06 22:01:15+00:00,-8.0551113,-34.94977633,2.490000009536743,85.0,122.0,72.0
2025-11-06T21:59:53Z,Run,2025-11-06 22:01:16+00:00,-8.05513363,-34.94978832,2.490000009536743,85.0,122.0,73.0
2025-11-06T21:59:53Z,Run,2025-11-06 22:01:17+00:00,-8.05515462,-34.94980132,2.5,86.0,122.0,74.0
2025-11-06T21:59:53Z,Run,2025-11-06 22:01:18+00:00,-8.05517429,-34.94981432,2.5,86.0,122.0,75.0
2025-11-06T21:59:53Z,Run,2025-11-06 22:01:19+00:00,-8.05519195,-34.94982731,2.5,87.0,122.0,76.0
2025-11-06T21:59:53Z,Run,2025-11-06 22:01:20+00:00,-8.05520861,-34.94984131,2.5,87.0,122.0,77.0
2025-11-06T21:59:53Z,Run,2025-11-06 22:01:21+00:00,-8.05522128,-34.94985497,2.5,87.0,122.0,78.0
2025-11-06T21:59:53Z,Run,2025-11-06 22:01:22+00:00,-8.05523728,-34.94986631,2.509999990463257,88.0,122.0,79.0
2025-11-06T21:59:53Z,Run,2025-11-06 22:01:23+00:00,-8.05525594,-34.94987564,2.509999990463257,88.0,123.0,80.0
2025-11-06T21:59:53Z,Run,2025-11-06 22:01:24+00:00,-8.05527627,-34.9498843,2.509999990463257,87.0,123.0,81.0
2025-11-06T21:59:53Z,Run,2025-11-06 22:01:25+00:00,-8.05529592,-34.94989429,2.509999990463257,86.0,123.0,82.0
2025-11-06T21:59:53Z,Run,2025-11-06 22:01:26+00:00,-8.05531226,-34.94990729,2.509999990463257,86.0,122.0,83.0
2025-11-06T21:59:53Z,Run,2025-11-06 22:01:27+00:00,-8.05532659,-34.94992228,2.509999990463257,86.0,122.0,84.0
2025-11-06T21:59:53Z,Run,2025-11-06 22:01:28+00:00,-8.05533858,-34.9499426,2.509999990463257,87.0,122.0,85.0
2025-11-06T21:59:53Z,Run,2025-11-06 22:01:29+00:00,-8.05534958,-34.94996393,2.509999990463257,87.0,123.0,86.0
2025-11-06T21:59:53Z,Run,2025-11-06 22:01:30+00:00,-8.05536124,-34.94998593,2.509999990463257,87.0,124.0,87.0
2025-11-06T21:59:53Z,Run,2025-11-06 22:01:31+00:00,-8.05537524,-34.95000726,2.509999990463257,86.0,124.0,88.0
2025-11-06T21:59:53Z,Run,2025-11-06 22:01:32+00:00,-8.05539289,-34.95002592,2.509999990463257,86.0,124.0,89.0
2025-11-06T21:59:53Z,Run,2025-11-06 22:01:33+00:00,-8.05540556,-34.95004725,2.509999990463257,86.0,124.0,90.0
2025-11-06T21:59:53Z,Run,2025-11-06 22:01:34+00:00,-8.05541622,-34.95006825,2.509999990463257,86.0,124.0,91.0
2025-11-06T21:59:53Z,Run,2025-11-06 22:01:35+00:00,-8.05542655,-34.9500889,2.5199999809265137,86.0,124.0,92.0
2025-11-06T21:59:53Z,Run,2025-11-06 22:01:36+00:00,-8.05543555,-34.95010824,2.5199999809265137,86.0,124.0,93.0
2025-11-06T21:59:53Z,Run,2025-11-06 22:01:37+00:00,-8.05544487,-34.95012823,2.5299999713897705,86.0,124.0,94.0
2025-11-06T21:59:53Z,Run,2025-11-06 22:01:38+00:00,-8.05545521,-34.95014822,2.5299999713897705,86.0,125.0,95.0
2025-11-06T21:59:53Z,Run,2025-11-06 22:01:39+00:00,-8.05546653,-34.95016955,2.5299999713897705,86.0,125.0,96.0
2025-11-06T21:59:53Z,Run,2025-11-06 22:01:40+00:00,-8.05547553,-34.95018954,2.5299999713897705,85.0,126.0,97.0
2025-11-06T21:59:53Z,Run,2025-11-06 22:01:41+00:00,-8.05548285,-34.95020921,2.5299999713897705,85.0,126.0,98.0
2025-11-06T21:59:53Z,Run,2025-11-06 22:01:42+00:00,-8.05548985,-34.95023121,2.5199999809265137,86.0,126.0,99.0
2025-11-06T21:59:53Z,Run,2025-11-06 22:01:43+00:00,-8.05549519,-34.95025354,2.5199999809265137,86.0,126.0,100.0
2025-11-06T21:59:53Z,Run,2025-11-06 22:01:44+00:00,-8.05549984,-34.95027554,2.509999990463257,86.0,126.0,101.0
2025-11-06T21:59:53Z,Run,2025-11-06 22:01:45+00:00,-8.05550251,-34.9502992,2.509999990463257,87.0,127.0,102.0
2025-11-06T21:59:53Z,Run,2025-11-06 22:01:46+00:00,-8.05550584,-34.95032185,2.509999990463257,87.0,127.0,103.0
2025-11-06T21:59:53Z,Run,2025-11-06 22:01:47+00:00,-8.05550817,-34.95034619,2.509999990463257,87.0,127.0,104.0
2025-11-06T21:59:53Z,Run,2025-11-06 22:01:48+00:00,-8.05551116,-34.95037018,2.509999990463257,86.0,128.0,105.0
2025-11-06T21:59:53Z,Run,2025-11-06 22:01:49+00:00,-8.05551381,-34.95039384,2.509999990463257,86.0,127.0,106.0
2025-11-06T21:59:53Z,Run,2025-11-06 22:01:50+00:00,-8.05551515,-34.95041683,2.509999990463257,86.0,127.0,107.0
2025-11-06T21:59:53Z,Run,2025-11-06 22:01:51+00:00,-8.05551482,-34.95044116,2.509999990463257,86.0,127.0,108.0
2025-11-06T21:59:53Z,Run,2025-11-06 22:01:52+00:00,-8.05551417,-34.95046416,2.509999990463257,86.0,127.0,109.0
2025-11-06T21:59:53Z,Run,2025-11-06 22:01:53+00:00,-8.0555125,-34.95048615,2.509999990463257,86.0,127.0,110.0
2025-11-06T21:59:53Z,Run,2025-11-06 22:01:54+00:00,-8.05550884,-34.95050781,2.509999990463257,86.0,127.0,111.0
2025-11-06T21:59:53Z,Run,2025-11-06 22:01:55+00:00,-8.05550352,-34.95052814,2.509999990463257,87.0,127.0,112.0
2025-11-06T21:59:53Z,Run,2025-11-06 22:01:56+00:00,-8.05549885,-34.9505488,2.509999990463257,87.0,126.0,113.0
2025-11-06T21:59:53Z,Run,2025-11-06 22:01:57+00:00,-8.05549419,-34.95057013,2.509999990463257,87.0,125.0,114.0
2025-11-06T21:59:53Z,Run,2025-11-06 22:01:58+00:00,-8.0554882,-34.95058946,2.509999990463257,87.0,125.0,115.0
2025-11-06T21:59:53Z,Run,2025-11-06 22:01:59+00:00,-8.05548587,-34.95060979,2.509999990463257,86.0,125.0,116.0
2025-11-06T21:59:53Z,Run,2025-11-06 22:02:00+00:00,-8.05548387,-34.95063145,2.509999990463257,85.0,125.0,117.0
2025-11-06T21:59:53Z,Run,2025-11-06 22:02:01+00:00,-8.05548122,-34.95065411,2.5,84.0,126.0,118.0
2025-11-06T21:59:53Z,Run,2025-11-06 22:02:02+00:00,-8.05547855,-34.9506771,2.5,85.0,126.0,119.0
2025-11-06T21:59:53Z,Run,2025-11-06 22:02:03+00:00,-8.05547489,-34.95070043,2.5,85.0,126.0,120.0
2025-11-06T21:59:53Z,Run,2025-11-06 22:02:04+00:00,-8.05547023,-34.95072276,2.5,85.0,126.0,121.0
2025-11-06T21:59:53Z,Run,2025-11-06 22:02:05+00:00,-8.0554669,-34.95074575,2.5,86.0,126.0,122.0
2025-11-06T21:59:53Z,Run,2025-11-06 22:02:06+00:00,-8.0554649,-34.95076974,2.5,86.0,127.0,123.0
2025-11-06T21:59:53Z,Run,2025-11-06 22:02:07+00:00,-8.05546358,-34.95079208,2.5,86.0,127.0,124.0
2025-11-06T21:59:53Z,Run,2025-11-06 22:02:08+00:00,-8.05546457,-34.95081341,2.5,86.0,129.0,125.0
2025-11-06T21:59:53Z,Run,2025-11-06 22:02:09+00:00,-8.05546556,-34.95083607,2.5,85.0,130.0,126.0
2025-11-06T21:59:53Z,Run,2025-11-06 22:02:10+00:00,-8.05546623,-34.95086006,2.5,85.0,130.0,127.0
2025-11-06T21:59:53Z,Run,2025-11-06 22:02:11+00:00,-8.05546623,-34.95088538,2.5,86.0,130.0,128.0
2025-11-06T21:59:53Z,Run,2025-11-06 22:02:12+00:00,-8.05546789,-34.95091038,2.5,86.0,130.0,129.0
2025-11-06T21:59:53Z,Run,2025-11-06 22:02:13+00:00,-8.05546989,-34.95093438,2.5,85.0,130.0,130.0
2025-11-06T21:59:53Z,Run,2025-11-06 22:02:14+00:00,-8.05547189,-34.95095737,2.5,85.0,131.0,131.0
2025-11-06T21:59:53Z,Run,2025-11-06 22:02:15+00:00,-8.05547388,-34.95098103,2.5,85.0,131.0,132.0
2025-11-06T21:59:53Z,Run,2025-11-06 22:02:16+00:00,-8.05547555,-34.95100369,2.5,85.0,131.0,133.0
2025-11-06T21:59:53Z,Run,2025-11-06 22:02:17+00:00,-8.05547787,-34.95102735,2.5,85.0,131.0,134.0
2025-11-06T21:59:53Z,Run,2025-11-06 22:02:18+00:00,-8.0554802,-34.95105367,2.5,86.0,131.0,135.0
2025-11-06T21:59:53Z,Run,2025-11-06 22:02:19+00:00,-8.05548353,-34.95108134,2.509999990463257,86.0,131.0,136.0
2025-11-06T21:59:53Z,Run,2025-11-06 22:02:20+00:00,-8.05548553,-34.95110666,2.509999990463257,86.0,132.0,137.0
2025-11-06T21:59:53Z,Run,2025-11-06 22:02:21+00:00,-8.05548254,-34.95113032,2.509999990463257,87.0,133.0,138.0
2025-11-06T21:59:53Z,Run,2025-11-06 22:02:22+00:00,-8.05547321,-34.95115399,2.509999990463257,87.0,133.0,139.0
2025-11-06T21:59:53Z,Run,2025-11-06 22:02:23+00:00,-8.05545988,-34.95117664,2.509999990463257,87.0,133.0,140.0
2025-11-06T21:59:53Z,Run,2025-11-06 22:02:24+00:00,-8.05544455,-34.95119697,2.5199999809265137,86.0,132.0,141.0
2025-11-06T21:59:53Z,Run,2025-11-06 22:02:25+00:00,-8.05543256,-34.95121696,2.5299999713897705,87.0,132.0,142.0
2025-11-06T21:59:53Z,Run,2025-11-06 22:02:26+00:00,-8.05542389,-34.95123629,2.5299999713897705,87.0,132.0,143.0
2025-11-06T21:59:53Z,Run,2025-11-06 22:02:27+00:00,-8.05541689,-34.95125562,2.5299999713897705,87.0,133.0,144.0
2025-11-06T21:59:53Z,Run,2025-11-06 22:02:28+00:00,-8.05541157,-34.95127595,2.5299999713897705,87.0,133.0,145.0
2025-11-06T21:59:53Z,Run,2025-11-06 22:02:29+00:00,-8.05540757,-34.95129627,2.5299999713897705,87.0,133.0,146.0
2025-11-06T21:59:53Z,Run,2025-11-06 22:02:30+00:00,-8.05540391,-34.95131627,2.5299999713897705,87.0,132.0,147.0
2025-11-06T21:59:53Z,Run,2025-11-06 22:02:31+00:00,-8.05540025,-34.95133426,2.5299999713897705,88.0,132.0,148.0
2025-11-06T21:59:53Z,Run,2025-11-06 22:02:32+00:00,-8.05539792,-34.95135225,2.5299999713897705,88.0,131.0,149.0
2025-11-06T21:59:53Z,Run,2025-11-06 22:02:33+00:00,-8.05539493,-34.95136924,2.5199999809265137,88.0,131.0,150.0
2025-11-06T21:59:53Z,Run,2025-11-06 22:02:34+00:00,-8.0553916,-34.95138557,2.5199999809265137,88.0,131.0,151.0
2025-11-06T21:59:53Z,Run,2025-11-06 22:02:35+00:00,-8.05538761,-34.95140191,2.509999990463257,88.0,131.0,152.0
2025-11-06T21:59:53Z,Run,2025-11-06 22:02:36+00:00,-8.05538262,-34.95141956,2.5,88.0,131.0,153.0
2025-11-06T21:59:53Z,Run,2025-11-06 22:02:37+00:00,-8.05537829,-34.95143856,2.490000009536743,88.0,131.0,154.0
2025-11-06T21:59:53Z,Run,2025-11-06 22:02:38+00:00,-8.0553733,-34.9514569,2.4800000190734863,88.0,131.0,155.0
2025-11-06T21:59:53Z,Run,2025-11-06 22:02:39+00:00,-8.05536696,-34.95147489,2.4700000286102295,87.0,133.0,156.0
2025-11-06T21:59:53Z,Run,2025-11-06 22:02:40+00:00,-8.05536031,-34.95149389,2.4700000286102295,87.0,133.0,157.0
2025-11-06T21:59:53Z,Run,2025-11-06 22:02:41+00:00,-8.05535397,-34.95151254,2.4600000381469727,87.0,135.0,158.0
2025-11-06T21:59:53Z,Run,2025-11-06 22:02:42+00:00,-8.05534864,-34.95153421,2.450000047683716,87.0,135.0,159.0
2025-11-06T21:59:53Z,Run,2025-11-06 22:02:43+00:00,-8.05534498,-34.95155821,2.440000057220459,87.0,136.0,160.0
2025-11-06T21:59:53Z,Run,2025-11-06 22:02:44+00:00,-8.05534266,-34.95158187,2.430000066757202,87.0,135.0,161.0
2025-11-06T21:59:53Z,Run,2025-11-06 22:02:45+00:00,-8.05534066,-34.95160452,2.4200000762939453,87.0,135.0,162.0
2025-11-06T21:59:53Z,Run,2025-11-06 22:02:46+00:00,-8.05533966,-34.95162552,2.4200000762939453,87.0,135.0,163.0
2025-11-06T21:59:53Z,Run,2025-11-06 22:02:47+00:00,-8.05533734,-34.95164751,2.4200000762939453,87.0,135.0,164.0
2025-11-06T21:59:53Z,Run,2025-11-06 22:02:48+00:00,-8.05533534,-34.95166918,2.4100000858306885,87.0,135.0,165.0
2025-11-06T21:59:53Z,Run,2025-11-06 22:02:49+00:00,-8.05533401,-34.95169151,2.4100000858306885,87.0,134.0,166.0
2025-11-06T21:59:53Z,Run,2025-11-06 22:02:50+00:00,-8.05533401,-34.9517115,2.4000000953674316,87.0,134.0,167.0
2025-11-06T21:59:53Z,Run,2025-11-06 22:02:51+00:00,-8.05533268,-34.95173317,2.4000000953674316,87.0,133.0,168.0
2025-11-06T21:59:53Z,Run,2025-11-06 22:02:52+00:00,-8.05533002,-34.95175483,2.4000000953674316,87.0,133.0,169.0
2025-11-06T21:59:53Z,Run,2025-11-06 22:02:53+00:00,-8.05532669,-34.95177649,2.4000000953674316,87.0,131.0,170.0
2025-11-06T21:59:53Z,Run,2025-11-06 22:02:54+00:00,-8.05532436,-34.95179849,2.390000104904175,87.0,130.0,171.0
2025-11-06T21:59:53Z,Run,2025-11-06 22:02:55+00:00,-8.0553227,-34.95182215,2.390000104904175,88.0,131.0,172.0
2025-11-06T21:59:53Z,Run,2025-11-06 22:02:56+00:00,-8.05532104,-34.95184415,2.390000104904175,88.0,131.0,173.0
2025-11-06T21:59:53Z,Run,2025-11-06 22:02:57+00:00,-8.05532104,-34.95186714,2.390000104904175,88.0,131.0,174.0
2025-11-06T21:59:53Z,Run,2025-11-06 22:02:58+00:00,-8.0553227,-34.95188847,2.390000104904175,88.0,131.0,175.0
2025-11-06T21:59:53Z,Run,2025-11-06 22:02:59+00:00,-8.05532603,-34.9519088,2.390000104904175,87.0,131.0,176.0
2025-11-06T21:59:53Z,Run,2025-11-06 22:03:00+00:00,-8.05533037,-34.95192912,2.380000114440918,86.0,131.0,177.0
2025-11-06T21:59:53Z,Run,2025-11-06 22:03:01+00:00,-8.05533503,-34.95194879,2.380000114440918,86.0,131.0,178.0
2025-11-06T21:59:53Z,Run,2025-11-06 22:03:02+00:00,-8.05533937,-34.95196745,2.380000114440918,87.0,131.0,179.0
2025-11-06T21:59:53Z,Run,2025-11-06 22:03:03+00:00,-8.0553427,-34.95198811,2.380000114440918,88.0,131.0,180.0
2025-11-06T21:59:53Z,Run,2025-11-06 22:03:04+00:00,-8.05534436,-34.95200844,2.380000114440918,88.0,131.0,181.0
2025-11-06T21:59:53Z,Run,2025-11-06 22:03:05+00:00,-8.05534501,-34.95202877,2.380000114440918,88.0,132.0,182.0
2025-11-06T21:59:53Z,Run,2025-11-06 22:03:06+00:00,-8.05534601,-34.95204909,2.369999885559082,88.0,131.0,183.0
2025-11-06T21:59:53Z,Run,2025-11-06 22:03:07+00:00,-8.05534601,-34.95206941,2.369999885559082,88.0,131.0,184.0
2025-11-06T21:59:53Z,Run,2025-11-06 22:03:08+00:00,-8.05534435,-34.95209041,2.359999895095825,88.0,131.0,185.0
2025-11-06T21:59:53Z,Run,2025-11-06 22:03:09+00:00,-8.05534101,-34.95211008,2.359999895095825,88.0,131.0,186.0
2025-11-06T21:59:53Z,Run,2025-11-06 22:03:10+00:00,-8.05533502,-34.95212941,2.359999895095825,88.0,131.0,187.0
2025-11-06T21:59:53Z,Run,2025-11-06 22:03:11+00:00,-8.05532669,-34.9521494,2.359999895095825,88.0,131.0,188.0
2025-11-06T21:59:53Z,Run,2025-11-06 22:03:12+00:00,-8.05531902,-34.95216839,2.359999895095825,88.0,131.0,189.0
2025-11-06T21:59:53Z,Run,2025-11-06 22:03:13+00:00,-8.05531037,-34.95218873,2.3499999046325684,88.0,131.0,190.0
2025-11-06T21:59:53Z,Run,2025-11-06 22:03:14+00:00,-8.05530403,-34.95220972,2.3499999046325684,87.0,131.0,191.0
2025-11-06T21:59:53Z,Run,2025-11-06 22:03:15+00:00,-8.05529771,-34.95223105,2.3499999046325684,87.0,130.0,192.0
2025-11-06T21:59:53Z,Run,2025-11-06 22:03:16+00:00,-8.05529171,-34.95225137,2.3499999046325684,87.0,130.0,193.0
2025-11-06T21:59:53Z,Run,2025-11-06 22:03:17+00:00,-8.05528672,-34.95227071,2.3499999046325684,87.0,130.0,194.0
2025-11-06T21:59:53Z,Run,2025-11-06 22:03:18+00:00,-8.05528206,-34.95228803,2.359999895095825,87.0,129.0,195.0
2025-11-06T21:59:53Z,Run,2025-11-06 22:03:19+00:00,-8.05527806,-34.95230635,2.359999895095825,87.0,129.0,196.0
2025-11-06T21:59:53Z,Run,2025-11-06 22:03:20+00:00,-8.05527541,-34.95232469,2.359999895095825,88.0,129.0,197.0
2025-11-06T21:59:53Z,Run,2025-11-06 22:03:21+00:00,-8.05527441,-34.95234234,2.359999895095825,88.0,129.0,198.0
2025-11-06T21:59:53Z,Run,2025-11-06 22:03:22+00:00,-8.05527342,-34.95236101,2.359999895095825,88.0,129.0,199.0
2025-11-06T21:59:53Z,Run,2025-11-06 22:03:23+00:00,-8.05527109,-34.952381,2.359999895095825,88.0,129.0,200.0
2025-11-06T21:59:53Z,Run,2025-11-06 22:03:24+00:00,-8.05527076,-34.95239899,2.3499999046325684,88.0,130.0,201.0
2025-11-06T21:59:53Z,Run,2025-11-06 22:03:25+00:00,-8.0552691,-34.95241699,2.3499999046325684,88.0,130.0,202.0
2025-11-06T21:59:53Z,Run,2025-11-06 22:03:26+00:00,-8.05526778,-34.95243565,2.3399999141693115,88.0,131.0,203.0
2025-11-06T21:59:53Z,Run,2025-11-06 22:03:27+00:00,-8.05526711,-34.95245398,2.3399999141693115,88.0,131.0,204.0
2025-11-06T21:59:53Z,Run,2025-11-06 22:03:28+00:00,-8.05526679,-34.95247531,2.3299999237060547,87.0,131.0,205.0
2025-11-06T21:59:53Z,Run,2025-11-06 22:03:29+00:00,-8.05526679,-34.9524973,2.3299999237060547,87.0,131.0,206.0
2025-11-06T21:59:53Z,Run,2025-11-06 22:03:30+00:00,-8.05526711,-34.95251897,2.319999933242798,88.0,132.0,207.0
2025-11-06T21:59:53Z,Run,2025-11-06 22:03:31+00:00,-8.05526679,-34.95254097,2.319999933242798,88.0,132.0,208.0
2025-11-06T21:59:53Z,Run,2025-11-06 22:03:32+00:00,-8.05526547,-34.95256163,2.309999942779541,88.0,132.0,209.0
2025-11-06T21:59:53Z,Run,2025-11-06 22:03:33+00:00,-8.05526347,-34.95258363,2.309999942779541,88.0,133.0,210.0
2025-11-06T21:59:53Z,Run,2025-11-06 22:03:34+00:00,-8.05526181,-34.95260728,2.309999942779541,88.0,133.0,211.0
2025-11-06T21:59:53Z,Run,2025-11-06 22:03:35+00:00,-8.05526148,-34.95262695,2.309999942779541,88.0,133.0,212.0
2025-11-06T21:59:53Z,Run,2025-11-06 22:03:36+00:00,-8.05526115,-34.95264662,2.309999942779541,88.0,134.0,213.0
2025-11-06T21:59:53Z,Run,2025-11-06 22:03:37+00:00,-8.05525949,-34.95266762,2.309999942779541,88.0,135.0,214.0
2025-11-06T21:59:53Z,Run,2025-11-06 22:03:38+00:00,-8.05525682,-34.95269027,2.309999942779541,88.0,135.0,215.0
2025-11-06T21:59:53Z,Run,2025-11-06 22:03:39+00:00,-8.0552545,-34.95270994,2.309999942779541,88.0,136.0,216.0
2025-11-06T21:59:53Z,Run,2025-11-06 22:03:40+00:00,-8.0552525,-34.95273026,2.319999933242798,88.0,136.0,217.0
2025-11-06T21:59:53Z,Run,2025-11-06 22:03:41+00:00,-8.05525084,-34.95275059,2.319999933242798,88.0,136.0,218.0
2025-11-06T21:59:53Z,Run,2025-11-06 22:03:42+00:00,-8.05524952,-34.95276859,2.319999933242798,88.0,137.0,219.0
2025-11-06T21:59:53Z,Run,2025-11-06 22:03:43+00:00,-8.05524786,-34.95278624,2.319999933242798,89.0,138.0,220.0
2025-11-06T21:59:53Z,Run,2025-11-06 22:03:44+00:00,-8.05524686,-34.95280558,2.319999933242798,88.0,139.0,221.0
2025-11-06T21:59:53Z,Run,2025-11-06 22:03:45+00:00,-8.05524554,-34.95282557,2.309999942779541,88.0,140.0,222.0
2025-11-06T21:59:53Z,Run,2025-11-06 22:03:46+00:00,-8.05524321,-34.95284622,2.299999952316284,88.0,140.0,223.0
2025-11-06T21:59:53Z,Run,2025-11-06 22:03:47+00:00,-8.05524022,-34.95287122,2.299999952316284,88.0,140.0,224.0
2025-11-06T21:59:53Z,Run,2025-11-06 22:03:48+00:00,-8.05523622,-34.95289822,2.299999952316284,88.0,141.0,225.0
2025-11-06T21:59:53Z,Run,2025-11-06 22:03:49+00:00,-8.05523323,-34.95292589,2.2899999618530273,88.0,141.0,226.0
2025-11-06T21:59:53Z,Run,2025-11-06 22:03:50+00:00,-8.05523157,-34.95295188,2.2899999618530273,88.0,141.0,227.0
2025-11-06T21:59:53Z,Run,2025-11-06 22:03:51+00:00,-8.05523024,-34.95297655,2.2899999618530273,88.0,141.0,228.0
2025-11-06T21:59:53Z,Run,2025-11-06 22:03:52+00:00,-8.05522958,-34.95299954,2.2899999618530273,88.0,143.0,229.0
2025-11-06T21:59:53Z,Run,2025-11-06 22:03:53+00:00,-8.05522958,-34.95302187,2.2899999618530273,88.0,143.0,230.0
2025-11-06T21:59:53Z,Run,2025-11-06 22:03:54+00:00,-8.05523191,-34.95304154,2.2899999618530273,88.0,144.0,231.0
2025-11-06T21:59:53Z,Run,2025-11-06 22:03:55+00:00,-8.05523623,-34.95306286,2.2899999618530273,88.0,145.0,232.0
2025-11-06T21:59:53Z,Run,2025-11-06 22:03:56+00:00,-8.05524057,-34.95308686,2.299999952316284,88.0,145.0,233.0
2025-11-06T21:59:53Z,Run,2025-11-06 22:03:57+00:00,-8.05524622,-34.95311153,2.299999952316284,89.0,143.0,234.0
2025-11-06T21:59:53Z,Run,2025-11-06 22:03:59+00:00,-8.05525289,-34.95313552,2.309999942779541,88.0,143.0,236.0
2025-11-06T21:59:53Z,Run,2025-11-06 22:04:00+00:00,-8.05526655,-34.95318017,2.319999933242798,88.0,141.0,237.0
2025-11-06T21:59:53Z,Run,2025-11-06 22:04:01+00:00,-8.0552742,-34.95320283,2.319999933242798,89.0,141.0,238.0
2025-11-06T21:59:53Z,Run,2025-11-06 22:04:02+00:00,-8.05527987,-34.95322416,2.3299999237060547,89.0,141.0,239.0
2025-11-06T21:59:53Z,Run,2025-11-06 22:04:03+00:00,-8.05528353,-34.95324482,2.3299999237060547,88.0,141.0,240.0
2025-11-06T21:59:53Z,Run,2025-11-06 22:04:04+00:00,-8.05528719,-34.95326781,2.3399999141693115,88.0,141.0,241.0
2025-11-06T21:59:53Z,Run,2025-11-06 22:04:05+00:00,-8.05529018,-34.95329113,2.3399999141693115,88.0,141.0,242.0
2025-11-06T21:59:53Z,Run,2025-11-06 22:04:06+00:00,-8.05529317,-34.9533148,2.3399999141693115,88.0,141.0,243.0
2025-11-06T21:59:53Z,Run,2025-11-06 22:04:07+00:00,-8.05529651,-34.95333812,2.3499999046325684,88.0,142.0,244.0
2025-11-06T21:59:53Z,Run,2025-11-06 22:04:08+00:00,-8.05529984,-34.95336046,2.3499999046325684,88.0,142.0,245.0
2025-11-06T21:59:53Z,Run,2025-11-06 22:04:09+00:00,-8.05530782,-34.95340412,2.359999895095825,88.0,143.0,246.0
2025-11-06T21:59:53Z,Run,2025-11-06 22:04:10+00:00,-8.05531381,-34.95342478,2.359999895095825,88.0,143.0,247.0
2025-11-06T21:59:53Z,Run,2025-11-06 22:04:11+00:00,-8.05532014,-34.9534451,2.369999885559082,88.0,143.0,248.0
2025-11-06T21:59:53Z,Run,2025-11-06 22:04:12+00:00,-8.05532647,-34.95346577,2.380000114440918,88.0,143.0,249.0
2025-11-06T21:59:53Z,Run,2025-11-06 22:04:13+00:00,-8.05533347,-34.95348643,2.380000114440918,88.0,144.0,250.0
2025-11-06T21:59:53Z,Run,2025-11-06 22:04:14+00:00,-8.05534047,-34.95350642,2.380000114440918,88.0,143.0,251.0
2025-11-06T21:59:53Z,Run,2025-11-06 22:04:15+00:00,-8.05534847,-34.95352441,2.390000104904175,88.0,143.0,252.0
2025-11-06T21:59:53Z,Run,2025-11-06 22:04:16+00:00,-8.05535846,-34.95354274,2.390000104904175,88.0,143.0,253.0
2025-11-06T21:59:53Z,Run,2025-11-06 22:04:17+00:00,-8.05537045,-34.9535584,2.390000104904175,88.0,144.0,254.0
2025-11-06T21:59:53Z,Run,2025-11-06 22:04:18+00:00,-8.05538278,-34.9535704,2.390000104904175,87.0,144.0,255.0
2025-11-06T21:59:53Z,Run,2025-11-06 22:04:19+00:00,-8.0553971,-34.95357972,2.390000104904175,87.0,144.0,256.0
2025-11-06T21:59:53Z,Run,2025-11-06 22:04:20+00:00,-8.05541276,-34.95358638,2.390000104904175,87.0,144.0,257.0
2025-11-06T21:59:53Z,Run,2025-11-06 22:04:21+00:00,-8.05542809,-34.95359304,2.390000104904175,87.0,144.0,258.0
2025-11-06T21:59:53Z,Run,2025-11-06 22:04:22+00:00,-8.05544008,-34.95360037,2.390000104904175,87.0,144.0,259.0
2025-11-06T21:59:53Z,Run,2025-11-06 22:04:23+00:00,-8.05544741,-34.95361003,2.380000114440918,87.0,144.0,260.0
2025-11-06T21:59:53Z,Run,2025-11-06 22:04:24+00:00,-8.05545373,-34.95362337,2.380000114440918,87.0,144.0,261.0
2025-11-06T21:59:53Z,Run,2025-11-06 22:04:25+00:00,-8.05545873,-34.95363702,2.359999895095825,87.0,144.0,262.0
2025-11-06T21:59:53Z,Run,2025-11-06 22:04:26+00:00,-8.05546505,-34.95365169,2.3499999046325684,86.0,145.0,263.0
2025-11-06T21:59:53Z,Run,2025-11-06 22:04:27+00:00,-8.05547471,-34.95366701,2.3399999141693115,87.0,147.0,264.0
2025-11-06T21:59:53Z,Run,2025-11-06 22:04:28+00:00,-8.05548571,-34.95368068,2.3399999141693115,87.0,147.0,265.0
2025-11-06T21:59:53Z,Run,2025-11-06 22:04:29+00:00,-8.05549838,-34.953693,2.319999933242798,87.0,147.0,266.0
2025-11-06T21:59:53Z,Run,2025-11-06 22:04:30+00:00,-8.05551238,-34.95370534,2.049999952316284,87.0,147.0,267.0
2025-11-06T21:59:53Z,Run,2025-11-06 22:04:31+00:00,-8.0555267,-34.95371766,1.840000033378601,87.0,147.0,268.0
2025-11-06T21:59:53Z,Run,2025-11-06 22:04:32+00:00,-8.05554203,-34.95373066,1.9600000381469727,87.0,149.0,269.0
2025-11-06T21:59:53Z,Run,2025-11-06 22:04:33+00:00,-8.05555636,-34.95374398,2.0399999618530273,88.0,149.0,270.0
2025-11-06T21:59:53Z,Run,2025-11-06 22:04:34+00:00,-8.05557202,-34.95375865,2.0399999618530273,88.0,149.0,271.0
2025-11-06T21:59:53Z,Run,2025-11-06 22:04:35+00:00,-8.05558768,-34.95377231,2.069999933242798,87.0,149.0,272.0
2025-11-06T21:59:53Z,Run,2025-11-06 22:04:36+00:00,-8.05560235,-34.95378731,2.109999895095825,87.0,149.0,273.0
2025-11-06T21:59:53Z,Run,2025-11-06 22:04:37+00:00,-8.05561734,-34.95380296,2.1700000762939453,87.0,150.0,274.0
2025-11-06T21:59:53Z,Run,2025-11-06 22:04:38+00:00,-8.05562967,-34.95382063,2.2100000381469727,87.0,151.0,275.0
2025-11-06T21:59:53Z,Run,2025-11-06 22:04:39+00:00,-8.05563766,-34.95383962,2.25,87.0,151.0,276.0
2025-11-06T21:59:53Z,Run,2025-11-06 22:04:40+00:00,-8.05564499,-34.95386262,2.25,87.0,151.0,277.0
2025-11-06T21:59:53Z,Run,2025-11-06 22:04:41+00:00,-8.05565065,-34.95388428,2.2799999713897705,87.0,150.0,278.0
2025-11-06T21:59:53Z,Run,2025-11-06 22:04:42+00:00,-8.05565565,-34.95390628,2.299999952316284,87.0,150.0,279.0
2025-11-06T21:59:53Z,Run,2025-11-06 22:04:43+00:00,-8.05565931,-34.95392794,2.3299999237060547,87.0,150.0,280.0
2025-11-06T21:59:53Z,Run,2025-11-06 22:04:44+00:00,-8.05566096,-34.95394728,2.3399999141693115,87.0,151.0,281.0
2025-11-06T21:59:53Z,Run,2025-11-06 22:04:45+00:00,-8.05566363,-34.95396661,2.3399999141693115,87.0,151.0,282.0
2025-11-06T21:59:53Z,Run,2025-11-06 22:04:46+00:00,-8.05566662,-34.95398793,2.3299999237060547,86.0,151.0,283.0
2025-11-06T21:59:53Z,Run,2025-11-06 22:04:47+00:00,-8.05566929,-34.9540096,2.3299999237060547,86.0,151.0,284.0
2025-11-06T21:59:53Z,Run,2025-11-06 22:04:48+00:00,-8.05566994,-34.95402992,2.309999942779541,87.0,151.0,285.0
2025-11-06T21:59:53Z,Run,2025-11-06 22:04:49+00:00,-8.05567093,-34.95404959,2.299999952316284,87.0,151.0,286.0
2025-11-06T21:59:53Z,Run,2025-11-06 22:04:50+00:00,-8.05567028,-34.95406991,2.2699999809265137,88.0,151.0,287.0
2025-11-06T21:59:53Z,Run,2025-11-06 22:04:51+00:00,-8.05566828,-34.95409024,2.240000009536743,87.0,152.0,288.0
2025-11-06T21:59:53Z,Run,2025-11-06 22:04:52+00:00,-8.05566495,-34.95411057,2.2200000286102295,87.0,152.0,289.0
2025-11-06T21:59:53Z,Run,2025-11-06 22:04:53+00:00,-8.05566162,-34.95412889,2.2200000286102295,87.0,152.0,290.0
2025-11-06T21:59:53Z,Run,2025-11-06 22:04:54+00:00,-8.05565863,-34.95414888,2.2200000286102295,87.0,152.0,291.0
2025-11-06T21:59:53Z,Run,2025-11-06 22:04:55+00:00,-8.0556583,-34.95416887,2.2300000190734863,87.0,152.0,292.0
2025-11-06T21:59:53Z,Run,2025-11-06 22:04:56+00:00,-8.05565763,-34.95418721,2.2200000286102295,87.0,152.0,293.0
2025-11-06T21:59:53Z,Run,2025-11-06 22:04:57+00:00,-8.05565597,-34.95420786,2.2200000286102295,87.0,153.0,294.0
2025-11-06T21:59:53Z,Run,2025-11-06 22:04:58+00:00,-8.05565431,-34.95422785,2.2200000286102295,88.0,153.0,295.0
2025-11-06T21:59:53Z,Run,2025-11-06 22:04:59+00:00,-8.05565332,-34.95424719,2.2200000286102295,88.0,153.0,296.0
2025-11-06T21:59:53Z,Run,2025-11-06 22:05:00+00:00,-8.05565166,-34.95426785,2.200000047683716,88.0,153.0,297.0
2025-11-06T21:59:53Z,Run,2025-11-06 22:05:01+00:00,-8.055648,-34.95428851,2.190000057220459,87.0,153.0,298.0
2025-11-06T21:59:53Z,Run,2025-11-06 22:05:02+00:00,-8.05564467,-34.95430917,2.2100000381469727,87.0,153.0,299.0
2025-11-06T21:59:53Z,Run,2025-11-06 22:05:03+00:00,-8.05564134,-34.95432817,2.2200000286102295,87.0,155.0,300.0
2025-11-06T21:59:53Z,Run,2025-11-06 22:05:04+00:00,-8.05563867,-34.95434782,2.2100000381469727,87.0,155.0,301.0
2025-11-06T21:59:53Z,Run,2025-11-06 22:05:05+00:00,-8.05563501,-34.95436815,2.2100000381469727,87.0,155.0,302.0
2025-11-06T21:59:53Z,Run,2025-11-06 22:05:06+00:00,-8.05562902,-34.95439015,2.200000047683716,88.0,155.0,303.0
2025-11-06T21:59:53Z,Run,2025-11-06 22:05:07+00:00,-8.05562403,-34.95441148,2.200000047683716,88.0,155.0,304.0
2025-11-06T21:59:53Z,Run,2025-11-06 22:05:08+00:00,-8.05562037,-34.95443115,2.2100000381469727,87.0,156.0,305.0
2025-11-06T21:59:53Z,Run,2025-11-06 22:05:09+00:00,-8.05561704,-34.95445314,2.2100000381469727,88.0,156.0,306.0
2025-11-06T21:59:53Z,Run,2025-11-06 22:05:10+00:00,-8.05561404,-34.95447514,2.2100000381469727,88.0,157.0,307.0
2025-11-06T21:59:53Z,Run,2025-11-06 22:05:11+00:00,-8.05561205,-34.9544958,2.2100000381469727,88.0,157.0,308.0
2025-11-06T21:59:53Z,Run,2025-11-06 22:05:12+00:00,-8.05560905,-34.95451613,2.2100000381469727,88.0,157.0,309.0
2025-11-06T21:59:53Z,Run,2025-11-06 22:05:13+00:00,-8.05560606,-34.95453712,2.2200000286102295,88.0,157.0,310.0
2025-11-06T21:59:53Z,Run,2025-11-06 22:05:14+00:00,-8.05560174,-34.95455845,2.2200000286102295,88.0,157.0,311.0
2025-11-06T21:59:53Z,Run,2025-11-06 22:05:15+00:00,-8.05559707,-34.95458012,2.2300000190734863,88.0,157.0,312.0
2025-11-06T21:59:53Z,Run,2025-11-06 22:05:16+00:00,-8.05559342,-34.95460144,2.240000009536743,88.0,157.0,313.0
2025-11-06T21:59:53Z,Run,2025-11-06 22:05:17+00:00,-8.05559075,-34.95462176,2.240000009536743,88.0,157.0,314.0
2025-11-06T21:59:53Z,Run,2025-11-06 22:05:18+00:00,-8.05558742,-34.95464243,2.240000009536743,88.0,158.0,315.0
2025-11-06T21:59:53Z,Run,2025-11-06 22:05:19+00:00,-8.05558443,-34.95466275,2.240000009536743,87.0,158.0,316.0
2025-11-06T21:59:53Z,Run,2025-11-06 22:05:20+00:00,-8.05558344,-34.95468475,2.25,88.0,158.0,317.0
2025-11-06T21:59:53Z,Run,2025-11-06 22:05:21+00:00,-8.0555831,-34.95470675,2.25,88.0,157.0,318.0
2025-11-06T21:59:53Z,Run,2025-11-06 22:05:22+00:00,-8.05558211,-34.95472708,2.25,88.0,157.0,319.0
2025-11-06T21:59:53Z,Run,2025-11-06 22:05:23+00:00,-8.05558079,-34.95474874,2.25,88.0,157.0,320.0
2025-11-06T21:59:53Z,Run,2025-11-06 22:05:24+00:00,-8.05558046,-34.95477107,2.259999990463257,89.0,157.0,321.0
2025-11-06T21:59:53Z,Run,2025-11-06 22:05:25+00:00,-8.05557846,-34.95479407,2.259999990463257,89.0,157.0,322.0
2025-11-06T21:59:53Z,Run,2025-11-06 22:05:26+00:00,-8.05557547,-34.95481472,2.259999990463257,88.0,157.0,323.0
2025-11-06T21:59:53Z,Run,2025-11-06 22:05:27+00:00,-8.05557248,-34.95483639,2.259999990463257,88.0,157.0,324.0
2025-11-06T21:59:53Z,Run,2025-11-06 22:05:28+00:00,-8.05557114,-34.95485738,2.2699999809265137,88.0,157.0,325.0
2025-11-06T21:59:53Z,Run,2025-11-06 22:05:29+00:00,-8.05557181,-34.95487838,2.2699999809265137,88.0,157.0,326.0
2025-11-06T21:59:53Z,Run,2025-11-06 22:05:30+00:00,-8.05557149,-34.95489737,2.2699999809265137,88.0,156.0,327.0
2025-11-06T21:59:53Z,Run,2025-11-06 22:05:31+00:00,-8.05557214,-34.95491736,2.2699999809265137,88.0,156.0,328.0
2025-11-06T21:59:53Z,Run,2025-11-06 22:05:32+00:00,-8.05557181,-34.95493769,2.2699999809265137,88.0,156.0,329.0
2025-11-06T21:59:53Z,Run,2025-11-06 22:05:33+00:00,-8.05557049,-34.95495935,2.2799999713897705,88.0,155.0,330.0
2025-11-06T21:59:53Z,Run,2025-11-06 22:05:34+00:00,-8.05556916,-34.95497902,2.2799999713897705,88.0,155.0,331.0
2025-11-06T21:59:53Z,Run,2025-11-06 22:05:35+00:00,-8.05556616,-34.95499835,2.2799999713897705,88.0,155.0,332.0
2025-11-06T21:59:53Z,Run,2025-11-06 22:05:36+00:00,-8.05556384,-34.95501968,2.2799999713897705,88.0,155.0,333.0
2025-11-06T21:59:53Z,Run,2025-11-06 22:05:37+00:00,-8.05556218,-34.95504067,2.2799999713897705,88.0,156.0,334.0
2025-11-06T21:59:53Z,Run,2025-11-06 22:05:38+00:00,-8.05555952,-34.955061,2.2799999713897705,88.0,156.0,335.0
2025-11-06T21:59:53Z,Run,2025-11-06 22:05:39+00:00,-8.05555786,-34.955082,2.2799999713897705,88.0,158.0,336.0
2025-11-06T21:59:53Z,Run,2025-11-06 22:05:40+00:00,-8.05555654,-34.95510265,2.2899999618530273,87.0,158.0,337.0
2025-11-06T21:59:53Z,Run,2025-11-06 22:05:41+00:00,-8.05555488,-34.95512365,2.2899999618530273,87.0,158.0,338.0
2025-11-06T21:59:53Z,Run,2025-11-06 22:05:42+00:00,-8.05555155,-34.95514531,2.2899999618530273,88.0,158.0,339.0
2025-11-06T21:59:53Z,Run,2025-11-06 22:05:43+00:00,-8.05554822,-34.95516464,2.2899999618530273,89.0,159.0,340.0
2025-11-06T21:59:53Z,Run,2025-11-06 22:05:44+00:00,-8.05554557,-34.95518431,2.2899999618530273,88.0,159.0,341.0
2025-11-06T21:59:53Z,Run,2025-11-06 22:05:45+00:00,-8.0555429,-34.9552043,2.2899999618530273,88.0,159.0,342.0
2025-11-06T21:59:53Z,Run,2025-11-06 22:05:46+00:00,-8.05554023,-34.9552263,2.2899999618530273,88.0,159.0,343.0
2025-11-06T21:59:53Z,Run,2025-11-06 22:05:47+00:00,-8.05553724,-34.9552483,2.2899999618530273,88.0,159.0,344.0
2025-11-06T21:59:53Z,Run,2025-11-06 22:05:48+00:00,-8.05553391,-34.95526963,2.2899999618530273,88.0,160.0,345.0
2025-11-06T21:59:53Z,Run,2025-11-06 22:05:49+00:00,-8.05552925,-34.9552893,2.2899999618530273,88.0,162.0,346.0
2025-11-06T21:59:53Z,Run,2025-11-06 22:05:50+00:00,-8.05552392,-34.95530897,2.2899999618530273,88.0,163.0,347.0
2025-11-06T21:59:53Z,Run,2025-11-06 22:05:51+00:00,-8.05551825,-34.95532962,2.2899999618530273,88.0,163.0,348.0
2025-11-06T21:59:53Z,Run,2025-11-06 22:05:52+00:00,-8.0555126,-34.95535096,2.2899999618530273,88.0,163.0,349.0
2025-11-06T21:59:53Z,Run,2025-11-06 22:05:53+00:00,-8.05550793,-34.95537128,2.2899999618530273,88.0,162.0,350.0
2025-11-06T21:59:53Z,Run,2025-11-06 22:05:54+00:00,-8.05550294,-34.9553916,2.2899999618530273,88.0,162.0,351.0
2025-11-06T21:59:53Z,Run,2025-11-06 22:05:55+00:00,-8.05549828,-34.95541327,2.2899999618530273,88.0,162.0,352.0
2025-11-06T21:59:53Z,Run,2025-11-06 22:05:56+00:00,-8.05549362,-34.95543393,2.2899999618530273,88.0,163.0,353.0
2025-11-06T21:59:53Z,Run,2025-11-06 22:05:57+00:00,-8.05548962,-34.95545559,2.2899999618530273,88.0,163.0,354.0
2025-11-06T21:59:53Z,Run,2025-11-06 22:05:58+00:00,-8.05548596,-34.95547658,2.2899999618530273,87.0,163.0,355.0
2025-11-06T21:59:53Z,Run,2025-11-06 22:05:59+00:00,-8.05548329,-34.95549725,2.299999952316284,88.0,163.0,356.0
2025-11-06T21:59:53Z,Run,2025-11-06 22:06:00+00:00,-8.05548097,-34.95551958,2.299999952316284,88.0,163.0,357.0
2025-11-06T21:59:53Z,Run,2025-11-06 22:06:01+00:00,-8.05547897,-34.95554024,2.299999952316284,88.0,163.0,358.0
2025-11-06T21:59:53Z,Run,2025-11-06 22:06:02+00:00,-8.05547765,-34.95555856,2.299999952316284,88.0,164.0,359.0
2025-11-06T21:59:53Z,Run,2025-11-06 22:06:03+00:00,-8.05547665,-34.95557855,2.299999952316284,89.0,165.0,360.0
2025-11-06T21:59:53Z,Run,2025-11-06 22:06:04+00:00,-8.05547599,-34.95559922,2.299999952316284,88.0,166.0,361.0
2025-11-06T21:59:53Z,Run,2025-11-06 22:06:05+00:00,-8.05547499,-34.95561921,2.299999952316284,88.0,166.0,362.0
2025-11-06T21:59:53Z,Run,2025-11-06 22:06:06+00:00,-8.05547333,-34.95564154,2.299999952316284,88.0,166.0,363.0
2025-11-06T21:59:53Z,Run,2025-11-06 22:06:07+00:00,-8.05547101,-34.95566287,2.299999952316284,88.0,166.0,364.0
2025-11-06T21:59:53Z,Run,2025-11-06 22:06:08+00:00,-8.05546901,-34.95568387,2.309999942779541,88.0,166.0,365.0
2025-11-06T21:59:53Z,Run,2025-11-06 22:06:09+00:00,-8.05546701,-34.95570519,2.309999942779541,89.0,165.0,366.0
2025-11-06T21:59:53Z,Run,2025-11-06 22:06:10+00:00,-8.05546601,-34.95572686,2.309999942779541,89.0,165.0,367.0
2025-11-06T21:59:53Z,Run,2025-11-06 22:06:11+00:00,-8.05546402,-34.95574819,2.309999942779541,88.0,165.0,368.0
2025-11-06T21:59:53Z,Run,2025-11-06 22:06:12+00:00,-8.0554627,-34.95576786,2.309999942779541,88.0,165.0,369.0
2025-11-06T21:59:53Z,Run,2025-11-06 22:06:13+00:00,-8.05546003,-34.95578751,2.319999933242798,88.0,166.0,370.0
2025-11-06T21:59:53Z,Run,2025-11-06 22:06:14+00:00,-8.0554577,-34.95580951,2.319999933242798,89.0,167.0,371.0
2025-11-06T21:59:53Z,Run,2025-11-06 22:06:15+00:00,-8.05545571,-34.95583084,2.319999933242798,88.0,167.0,372.0
2025-11-06T21:59:53Z,Run,2025-11-06 22:06:16+00:00,-8.05545371,-34.95585116,2.319999933242798,88.0,168.0,373.0
2025-11-06T21:59:53Z,Run,2025-11-06 22:06:17+00:00,-8.05545371,-34.95586716,2.319999933242798,88.0,168.0,374.0
2025-11-06T21:59:53Z,Run,2025-11-06 22:06:18+00:00,-8.05545571,-34.95587882,2.319999933242798,88.0,168.0,375.0
2025-11-06T21:59:53Z,Run,2025-11-06 22:06:21+00:00,-8.05545171,-34.95589482,2.2899999618530273,88.0,168.0,378.0
2025-11-06T21:59:53Z,Run,2025-11-06 22:06:22+00:00,-8.05545072,-34.95589183,2.259999990463257,88.0,168.0,379.0
2025-11-06T21:59:53Z,Run,2025-11-06 22:06:23+00:00,-8.05544905,-34.95588584,2.059999942779541,88.0,168.0,380.0
2025-11-06T21:59:53Z,Run,2025-11-06 22:06:24+00:00,-8.05544739,-34.95587584,2.059999942779541,88.0,168.0,381.0
2025-11-06T21:59:53Z,Run,2025-11-06 22:06:25+00:00,-8.05544539,-34.95586517,1.659999966621399,88.0,168.0,382.0
2025-11-06T21:59:53Z,Run,2025-11-06 22:06:26+00:00,-8.05544307,-34.95585218,1.2999999523162842,88.0,168.0,383.0
2025-11-06T21:59:53Z,Run,2025-11-06 22:06:27+00:00,-8.05543874,-34.95583618,1.1299999952316284,88.0,169.0,384.0
2025-11-06T21:59:53Z,Run,2025-11-06 22:06:28+00:00,-8.05543575,-34.95581919,1.1100000143051147,88.0,170.0,385.0
2025-11-06T21:59:53Z,Run,2025-11-06 22:06:29+00:00,-8.05543409,-34.95580187,1.1100000143051147,88.0,171.0,386.0
2025-11-06T21:59:53Z,Run,2025-11-06 22:06:30+00:00,-8.05543277,-34.95578553,1.1100000143051147,88.0,171.0,387.0
2025-11-06T21:59:53Z,Run,2025-11-06 22:06:31+00:00,-8.05543244,-34.95576887,1.2000000476837158,88.0,172.0,388.0
2025-11-06T21:59:53Z,Run,2025-11-06 22:06:32+00:00,-8.05543211,-34.95575321,1.3799999952316284,88.0,172.0,389.0
2025-11-06T21:59:53Z,Run,2025-11-06 22:06:33+00:00,-8.05543144,-34.95573954,1.5199999809265137,88.0,172.0,390.0
2025-11-06T21:59:53Z,Run,2025-11-06 22:06:34+00:00,-8.05543244,-34.95572754,1.5700000524520874,88.0,174.0,391.0
2025-11-06T21:59:53Z,Run,2025-11-06 22:06:35+00:00,-8.05543377,-34.95571622,1.5700000524520874,88.0,177.0,392.0
2025-11-06T21:59:53Z,Run,2025-11-06 22:06:36+00:00,-8.05543642,-34.95570423,1.5700000524520874,88.0,177.0,393.0
2025-11-06T21:59:53Z,Run,2025-11-06 22:06:37+00:00,-8.05543976,-34.95569291,1.5700000524520874,88.0,178.0,394.0
2025-11-06T21:59:53Z,Run,2025-11-06 22:06:38+00:00,-8.05544309,-34.95568191,1.5399999618530273,31.0,180.0,395.0
2025-11-06T21:59:53Z,Run,2025-11-06 22:06:39+00:00,-8.05544475,-34.95567158,1.4500000476837158,31.0,179.0,396.0
2025-11-06T21:59:53Z,Run,2025-11-06 22:06:40+00:00,-8.0554454,-34.95565825,1.3700000047683716,31.0,173.0,397.0
2025-11-06T21:59:53Z,Run,2025-11-06 22:06:41+00:00,-8.05544408,-34.95564458,1.340000033378601,31.0,172.0,398.0
2025-11-06T21:59:53Z,Run,2025-11-06 22:06:42+00:00,-8.05544276,-34.95562993,1.340000033378601,31.0,172.0,399.0
2025-11-06T21:59:53Z,Run,2025-11-06 22:06:43+00:00,-8.05544177,-34.9556156,1.340000033378601,31.0,171.0,400.0
2025-11-06T21:59:53Z,Run,2025-11-06 22:06:44+00:00,-8.05544011,-34.9556006,1.3200000524520874,31.0,170.0,401.0
2025-11-06T21:59:53Z,Run,2025-11-06 22:06:45+00:00,-8.05543944,-34.95558394,1.2999999523162842,31.0,169.0,402.0
2025-11-06T21:59:53Z,Run,2025-11-06 22:06:46+00:00,-8.05543977,-34.95556895,1.3300000429153442,31.0,166.0,403.0
2025-11-06T21:59:53Z,Run,2025-11-06 22:06:47+00:00,-8.05543977,-34.95555595,1.3899999856948853,31.0,161.0,404.0
2025-11-06T21:59:53Z,Run,2025-11-06 22:06:48+00:00,-8.05544042,-34.95554529,1.3899999856948853,31.0,161.0,405.0
2025-11-06T21:59:53Z,Run,2025-11-06 22:06:49+00:00,-8.05544075,-34.95553596,1.440000057220459,31.0,157.0,406.0
2025-11-06T21:59:53Z,Run,2025-11-06 22:06:50+00:00,-8.05544042,-34.95552796,1.440000057220459,30.0,156.0,407.0
2025-11-06T21:59:53Z,Run,2025-11-06 22:06:51+00:00,-8.0554391,-34.9555193,1.440000057220459,30.0,155.0,408.0
2025-11-06T21:59:53Z,Run,2025-11-06 22:06:52+00:00,-8.0554371,-34.95550998,1.4500000476837158,31.0,152.0,409.0
2025-11-06T21:59:53Z,Run,2025-11-06 22:06:53+00:00,-8.05543311,-34.95550132,1.399999976158142,31.0,152.0,410.0
2025-11-06T21:59:53Z,Run,2025-11-06 22:06:54+00:00,-8.05542945,-34.95548933,1.399999976158142,31.0,152.0,411.0
2025-11-06T21:59:53Z,Run,2025-11-06 22:06:55+00:00,-8.05542412,-34.955479,1.3300000429153442,31.0,152.0,412.0
2025-11-06T21:59:53Z,Run,2025-11-06 22:06:56+00:00,-8.05541945,-34.95546734,1.309999942779541,31.0,152.0,413.0
2025-11-06T21:59:53Z,Run,2025-11-06 22:06:57+00:00,-8.05541313,-34.95545734,1.309999942779541,31.0,152.0,414.0
2025-11-06T21:59:53Z,Run,2025-11-06 22:06:58+00:00,-8.05540947,-34.95544435,1.2999999523162842,30.0,152.0,415.0
2025-11-06T21:59:53Z,Run,2025-11-06 22:06:59+00:00,-8.05540614,-34.95543102,1.309999942779541,30.0,153.0,416.0
2025-11-06T21:59:53Z,Run,2025-11-06 22:07:00+00:00,-8.05540414,-34.95541702,1.309999942779541,30.0,153.0,417.0
2025-11-06T21:59:53Z,Run,2025-11-06 22:07:01+00:00,-8.05540348,-34.95540436,1.3200000524520874,31.0,153.0,418.0
2025-11-06T21:59:53Z,Run,2025-11-06 22:07:02+00:00,-8.05540348,-34.95539136,1.3200000524520874,30.0,153.0,419.0
2025-11-06T21:59:53Z,Run,2025-11-06 22:07:03+00:00,-8.05540381,-34.95537836,1.3300000429153442,31.0,153.0,420.0
2025-11-06T21:59:53Z,Run,2025-11-06 22:07:04+00:00,-8.0554048,-34.9553657,1.340000033378601,31.0,150.0,421.0
2025-11-06T21:59:53Z,Run,2025-11-06 22:07:05+00:00,-8.05540646,-34.95535405,1.350000023841858,31.0,149.0,422.0
2025-11-06T21:59:53Z,Run,2025-11-06 22:07:06+00:00,-8.05540879,-34.95534238,1.350000023841858,31.0,149.0,423.0
2025-11-06T21:59:53Z,Run,2025-11-06 22:07:07+00:00,-8.05541079,-34.95533039,1.350000023841858,31.0,147.0,424.0
2025-11-06T21:59:53Z,Run,2025-11-06 22:07:08+00:00,-8.05541211,-34.95531873,1.3600000143051147,31.0,151.0,425.0
2025-11-06T21:59:53Z,Run,2025-11-06 22:07:09+00:00,-8.0554131,-34.95530773,1.3600000143051147,31.0,154.0,426.0
2025-11-06T21:59:53Z,Run,2025-11-06 22:07:10+00:00,-8.0554141,-34.95529641,1.3600000143051147,31.0,157.0,427.0
2025-11-06T21:59:53Z,Run,2025-11-06 22:07:11+00:00,-8.05541509,-34.95528541,1.3600000143051147,31.0,156.0,428.0
2025-11-06T21:59:53Z,Run,2025-11-06 22:07:12+00:00,-8.05541608,-34.95527342,1.3600000143051147,31.0,156.0,429.0
2025-11-06T21:59:53Z,Run,2025-11-06 22:07:13+00:00,-8.05541775,-34.95525975,1.3600000143051147,31.0,155.0,430.0
2025-11-06T21:59:53Z,Run,2025-11-06 22:07:14+00:00,-8.05541974,-34.95524543,1.3600000143051147,31.0,155.0,431.0
2025-11-06T21:59:53Z,Run,2025-11-06 22:07:15+00:00,-8.0554214,-34.95523111,1.3600000143051147,31.0,155.0,432.0
2025-11-06T21:59:53Z,Run,2025-11-06 22:07:16+00:00,-8.0554224,-34.95521711,1.3600000143051147,32.0,156.0,433.0
2025-11-06T21:59:53Z,Run,2025-11-06 22:07:17+00:00,-8.05542373,-34.95520478,1.3600000143051147,32.0,156.0,434.0
2025-11-06T21:59:53Z,Run,2025-11-06 22:07:18+00:00,-8.05542539,-34.95519412,1.3600000143051147,32.0,156.0,435.0
2025-11-06T21:59:53Z,Run,2025-11-06 22:07:19+00:00,-8.05542572,-34.95518345,1.3600000143051147,32.0,155.0,436.0
2025-11-06T21:59:53Z,Run,2025-11-06 22:07:20+00:00,-8.05542605,-34.95517312,1.3600000143051147,32.0,155.0,437.0
2025-11-06T21:59:53Z,Run,2025-11-06 22:07:21+00:00,-8.05542605,-34.95516212,1.3600000143051147,32.0,155.0,438.0
2025-11-06T21:59:53Z,Run,2025-11-06 22:07:22+00:00,-8.05542637,-34.95515112,1.3600000143051147,32.0,154.0,439.0
2025-11-06T21:59:53Z,Run,2025-11-06 22:07:23+00:00,-8.05542572,-34.95513913,1.350000023841858,32.0,154.0,440.0
2025-11-06T21:59:53Z,Run,2025-11-06 22:07:24+00:00,-8.05542438,-34.95512846,1.350000023841858,32.0,154.0,441.0
2025-11-06T21:59:53Z,Run,2025-11-06 22:07:25+00:00,-8.05542306,-34.95511714,1.350000023841858,31.0,153.0,442.0
2025-11-06T21:59:53Z,Run,2025-11-06 22:07:26+00:00,-8.05542207,-34.95510548,1.350000023841858,32.0,149.0,443.0
2025-11-06T21:59:53Z,Run,2025-11-06 22:07:27+00:00,-8.05542174,-34.95509316,1.350000023841858,31.0,147.0,444.0
2025-11-06T21:59:53Z,Run,2025-11-06 22:07:28+00:00,-8.0554224,-34.95508182,1.350000023841858,31.0,144.0,445.0
2025-11-06T21:59:53Z,Run,2025-11-06 22:07:29+00:00,-8.05542373,-34.95507182,1.350000023841858,31.0,139.0,446.0
2025-11-06T21:59:53Z,Run,2025-11-06 22:07:30+00:00,-8.05542573,-34.9550625,1.350000023841858,31.0,138.0,447.0
2025-11-06T21:59:53Z,Run,2025-11-06 22:07:31+00:00,-8.05543039,-34.95505183,1.350000023841858,31.0,138.0,448.0
2025-11-06T21:59:53Z,Run,2025-11-06 22:07:32+00:00,-8.05543606,-34.95503918,1.340000033378601,31.0,139.0,449.0
2025-11-06T21:59:53Z,Run,2025-11-06 22:07:33+00:00,-8.05544139,-34.95502518,1.340000033378601,31.0,141.0,450.0
2025-11-06T21:59:53Z,Run,2025-11-06 22:07:34+00:00,-8.05544572,-34.95501218,1.340000033378601,31.0,141.0,451.0
2025-11-06T21:59:53Z,Run,2025-11-06 22:07:35+00:00,-8.05545038,-34.95499952,1.340000033378601,31.0,141.0,452.0
2025-11-06T21:59:53Z,Run,2025-11-06 22:07:36+00:00,-8.05545404,-34.95498719,1.340000033378601,31.0,142.0,453.0
2025-11-06T21:59:53Z,Run,2025-11-06 22:07:37+00:00,-8.0554577,-34.95497486,1.340000033378601,31.0,142.0,454.0
2025-11-06T21:59:53Z,Run,2025-11-06 22:07:38+00:00,-8.05545903,-34.95496354,1.350000023841858,30.0,142.0,455.0
2025-11-06T21:59:53Z,Run,2025-11-06 22:07:39+00:00,-8.05545903,-34.95495188,1.350000023841858,30.0,142.0,456.0
2025-11-06T21:59:53Z,Run,2025-11-06 22:07:40+00:00,-8.05545935,-34.95494088,1.350000023841858,30.0,143.0,457.0
2025-11-06T21:59:53Z,Run,2025-11-06 22:07:41+00:00,-8.05546002,-34.95493122,1.350000023841858,31.0,142.0,458.0
2025-11-06T21:59:53Z,Run,2025-11-06 22:07:42+00:00,-8.05546168,-34.95492223,1.3600000143051147,31.0,142.0,459.0
2025-11-06T21:59:53Z,Run,2025-11-06 22:07:43+00:00,-8.05546268,-34.95491324,1.3600000143051147,31.0,142.0,460.0
2025-11-06T21:59:53Z,Run,2025-11-06 22:07:44+00:00,-8.05546333,-34.95490357,1.3600000143051147,31.0,142.0,461.0
2025-11-06T21:59:53Z,Run,2025-11-06 22:07:45+00:00,-8.05546268,-34.95489325,1.350000023841858,31.0,142.0,462.0
2025-11-06T21:59:53Z,Run,2025-11-06 22:07:46+00:00,-8.055463,-34.95488159,1.350000023841858,31.0,141.0,463.0
2025-11-06T21:59:53Z,Run,2025-11-06 22:07:47+00:00,-8.05546233,-34.95486926,1.350000023841858,31.0,139.0,464.0
2025-11-06T21:59:53Z,Run,2025-11-06 22:07:48+00:00,-8.05546201,-34.95485627,1.340000033378601,31.0,139.0,465.0
2025-11-06T21:59:53Z,Run,2025-11-06 22:07:49+00:00,-8.05546233,-34.95484227,1.340000033378601,31.0,139.0,466.0
2025-11-06T21:59:53Z,Run,2025-11-06 22:07:50+00:00,-8.05546201,-34.95482893,1.340000033378601,31.0,138.0,467.0
2025-11-06T21:59:53Z,Run,2025-11-06 22:07:51+00:00,-8.05546201,-34.95481627,1.340000033378601,31.0,138.0,468.0
2025-11-06T21:59:53Z,Run,2025-11-06 22:07:52+00:00,-8.05546168,-34.95480328,1.340000033378601,31.0,138.0,469.0
2025-11-06T21:59:53Z,Run,2025-11-06 22:07:53+00:00,-8.05546401,-34.95478961,1.340000033378601,31.0,139.0,470.0
2025-11-06T21:59:53Z,Run,2025-11-06 22:07:54+00:00,-8.055466,-34.95477628,1.340000033378601,31.0,138.0,471.0
2025-11-06T21:59:53Z,Run,2025-11-06 22:07:55+00:00,-8.05546767,-34.95476395,1.340000033378601,31.0,138.0,472.0
2025-11-06T21:59:53Z,Run,2025-11-06 22:07:56+00:00,-8.05546932,-34.95475095,1.340000033378601,31.0,137.0,473.0
2025-11-06T21:59:53Z,Run,2025-11-06 22:07:57+00:00,-8.05547132,-34.95473762,1.340000033378601,31.0,137.0,474.0
2025-11-06T21:59:53Z,Run,2025-11-06 22:07:58+00:00,-8.05547199,-34.95472363,1.340000033378601,31.0,137.0,475.0
2025-11-06T21:59:53Z,Run,2025-11-06 22:07:59+00:00,-8.05547298,-34.9547093,1.340000033378601,31.0,137.0,476.0
2025-11-06T21:59:53Z,Run,2025-11-06 22:08:00+00:00,-8.05547331,-34.95469431,1.350000023841858,31.0,137.0,477.0
2025-11-06T21:59:53Z,Run,2025-11-06 22:08:01+00:00,-8.05547497,-34.95468031,1.350000023841858,31.0,137.0,478.0
2025-11-06T21:59:53Z,Run,2025-11-06 22:08:02+00:00,-8.05547663,-34.95466664,1.350000023841858,31.0,137.0,479.0
2025-11-06T21:59:53Z,Run,2025-11-06 22:08:03+00:00,-8.05547829,-34.95465264,1.3600000143051147,31.0,137.0,480.0
2025-11-06T21:59:53Z,Run,2025-11-06 22:08:04+00:00,-8.05547862,-34.95463965,1.3600000143051147,31.0,137.0,481.0
2025-11-06T21:59:53Z,Run,2025-11-06 22:08:05+00:00,-8.05547862,-34.95462898,1.3600000143051147,31.0,138.0,482.0
2025-11-06T21:59:53Z,Run,2025-11-06 22:08:06+00:00,-8.05547829,-34.95461898,1.3700000047683716,31.0,138.0,483.0
2025-11-06T21:59:53Z,Run,2025-11-06 22:08:07+00:00,-8.05547829,-34.95460899,1.3700000047683716,31.0,138.0,484.0
2025-11-06T21:59:53Z,Run,2025-11-06 22:08:08+00:00,-8.05547829,-34.9546,1.3700000047683716,31.0,137.0,485.0
2025-11-06T21:59:53Z,Run,2025-11-06 22:08:09+00:00,-8.05547862,-34.95458967,1.3700000047683716,31.0,136.0,486.0
2025-11-06T21:59:53Z,Run,2025-11-06 22:08:10+00:00,-8.05547862,-34.95457835,1.3700000047683716,31.0,136.0,487.0
2025-11-06T21:59:53Z,Run,2025-11-06 22:08:11+00:00,-8.05547829,-34.95456602,1.3700000047683716,31.0,136.0,488.0
2025-11-06T21:59:53Z,Run,2025-11-06 22:08:12+00:00,-8.05547764,-34.95455102,1.3700000047683716,31.0,135.0,489.0
2025-11-06T21:59:53Z,Run,2025-11-06 22:08:13+00:00,-8.05547896,-34.95453537,1.3700000047683716,31.0,135.0,490.0
2025-11-06T21:59:53Z,Run,2025-11-06 22:08:14+00:00,-8.05548096,-34.95451937,1.3700000047683716,31.0,134.0,491.0
2025-11-06T21:59:53Z,Run,2025-11-06 22:08:15+00:00,-8.05548328,-34.95450337,1.3700000047683716,31.0,133.0,492.0
2025-11-06T21:59:53Z,Run,2025-11-06 22:08:16+00:00,-8.05548595,-34.95448703,1.3700000047683716,31.0,132.0,493.0
2025-11-06T21:59:53Z,Run,2025-11-06 22:08:17+00:00,-8.05548727,-34.95447204,1.3700000047683716,31.0,132.0,494.0
2025-11-06T21:59:53Z,Run,2025-11-06 22:08:18+00:00,-8.05548794,-34.95445804,1.3799999952316284,32.0,132.0,495.0
2025-11-06T21:59:53Z,Run,2025-11-06 22:08:19+00:00,-8.05548861,-34.95444539,1.3799999952316284,32.0,132.0,496.0
2025-11-06T21:59:53Z,Run,2025-11-06 22:08:20+00:00,-8.05548893,-34.95443505,1.3899999856948853,31.0,132.0,497.0
2025-11-06T21:59:53Z,Run,2025-11-06 22:08:21+00:00,-8.05548826,-34.95442539,1.3899999856948853,31.0,133.0,498.0
2025-11-06T21:59:53Z,Run,2025-11-06 22:08:22+00:00,-8.05548926,-34.9544134,1.399999976158142,31.0,132.0,499.0
2025-11-06T21:59:53Z,Run,2025-11-06 22:08:23+00:00,-8.05548926,-34.95440074,1.399999976158142,31.0,131.0,500.0
2025-11-06T21:59:53Z,Run,2025-11-06 22:08:24+00:00,-8.05548959,-34.95437941,1.399999976158142,34.0,130.0,501.0
2025-11-06T21:59:53Z,Run,2025-11-06 22:08:25+00:00,-8.05549024,-34.95436841,1.399999976158142,34.0,130.0,502.0
2025-11-06T21:59:53Z,Run,2025-11-06 22:08:26+00:00,-8.05549057,-34.95435675,1.399999976158142,34.0,130.0,503.0
2025-11-06T21:59:53Z,Run,2025-11-06 22:08:27+00:00,-8.05549257,-34.95434443,1.399999976158142,34.0,130.0,504.0
2025-11-06T21:59:53Z,Run,2025-11-06 22:08:28+00:00,-8.05549423,-34.95433143,1.399999976158142,34.0,130.0,505.0
2025-11-06T21:59:53Z,Run,2025-11-06 22:08:29+00:00,-8.0554949,-34.95431809,1.399999976158142,32.0,130.0,506.0
2025-11-06T21:59:53Z,Run,2025-11-06 22:08:30+00:00,-8.05549557,-34.95430577,1.399999976158142,32.0,130.0,507.0
2025-11-06T21:59:53Z,Run,2025-11-06 22:08:31+00:00,-8.05549622,-34.95429311,1.399999976158142,32.0,130.0,508.0
2025-11-06T21:59:53Z,Run,2025-11-06 22:08:32+00:00,-8.05549788,-34.95427945,1.399999976158142,32.0,131.0,509.0
2025-11-06T21:59:53Z,Run,2025-11-06 22:08:33+00:00,-8.05550087,-34.95426545,1.3899999856948853,31.0,131.0,510.0
2025-11-06T21:59:53Z,Run,2025-11-06 22:08:34+00:00,-8.0555032,-34.95425178,1.3899999856948853,31.0,132.0,511.0
2025-11-06T21:59:53Z,Run,2025-11-06 22:08:35+00:00,-8.05550419,-34.95423778,1.3899999856948853,31.0,132.0,512.0
2025-11-06T21:59:53Z,Run,2025-11-06 22:08:36+00:00,-8.05550486,-34.95422279,1.3899999856948853,31.0,132.0,513.0
2025-11-06T21:59:53Z,Run,2025-11-06 22:08:37+00:00,-8.05550553,-34.95420812,1.3899999856948853,31.0,133.0,514.0
2025-11-06T21:59:53Z,Run,2025-11-06 22:08:38+00:00,-8.05550585,-34.95419347,1.3899999856948853,31.0,133.0,515.0
2025-11-06T21:59:53Z,Run,2025-11-06 22:08:39+00:00,-8.05550652,-34.9541798,1.399999976158142,31.0,133.0,516.0
2025-11-06T21:59:53Z,Run,2025-11-06 22:08:40+00:00,-8.05550752,-34.95416748,1.399999976158142,31.0,134.0,517.0
2025-11-06T21:59:53Z,Run,2025-11-06 22:08:41+00:00,-8.05550884,-34.95415582,1.399999976158142,31.0,136.0,518.0
2025-11-06T21:59:53Z,Run,2025-11-06 22:08:42+00:00,-8.0555095,-34.95414482,1.399999976158142,31.0,136.0,519.0
2025-11-06T21:59:53Z,Run,2025-11-06 22:08:43+00:00,-8.05551082,-34.95413283,1.409999966621399,31.0,137.0,520.0
2025-11-06T21:59:53Z,Run,2025-11-06 22:08:44+00:00,-8.05551149,-34.9541205,1.409999966621399,31.0,137.0,521.0
2025-11-06T21:59:53Z,Run,2025-11-06 22:08:45+00:00,-8.05551315,-34.95410784,1.440000057220459,31.0,136.0,522.0
2025-11-06T21:59:53Z,Run,2025-11-06 22:08:46+00:00,-8.05551481,-34.95409384,1.4500000476837158,31.0,136.0,523.0
2025-11-06T21:59:53Z,Run,2025-11-06 22:08:47+00:00,-8.05551681,-34.95407851,1.4299999475479126,31.0,137.0,524.0
2025-11-06T21:59:53Z,Run,2025-11-06 22:08:48+00:00,-8.05551948,-34.95406052,1.4299999475479126,31.0,137.0,525.0
2025-11-06T21:59:53Z,Run,2025-11-06 22:08:49+00:00,-8.05552113,-34.95404152,1.4299999475479126,31.0,138.0,526.0
2025-11-06T21:59:53Z,Run,2025-11-06 22:08:50+00:00,-8.05552346,-34.95402086,1.4299999475479126,31.0,139.0,527.0
2025-11-06T21:59:53Z,Run,2025-11-06 22:08:51+00:00,-8.05552579,-34.95399886,1.5499999523162842,31.0,139.0,528.0
2025-11-06T21:59:53Z,Run,2025-11-06 22:08:52+00:00,-8.05552811,-34.95397587,1.7699999809265137,31.0,138.0,529.0
2025-11-06T21:59:53Z,Run,2025-11-06 22:08:53+00:00,-8.05553044,-34.9539522,2.0299999713897705,31.0,138.0,530.0
2025-11-06T21:59:53Z,Run,2025-11-06 22:08:54+00:00,-8.05553176,-34.95392921,2.0299999713897705,31.0,138.0,531.0
2025-11-06T21:59:53Z,Run,2025-11-06 22:08:55+00:00,-8.0555311,-34.95390721,2.2699999809265137,31.0,139.0,532.0
2025-11-06T21:59:53Z,Run,2025-11-06 22:08:56+00:00,-8.05552944,-34.95388522,2.390000104904175,87.0,139.0,533.0
2025-11-06T21:59:53Z,Run,2025-11-06 22:08:57+00:00,-8.05552578,-34.95386456,2.4100000858306885,87.0,139.0,534.0
2025-11-06T21:59:53Z,Run,2025-11-06 22:08:58+00:00,-8.05551878,-34.9538439,2.390000104904175,87.0,141.0,535.0
2025-11-06T21:59:53Z,Run,2025-11-06 22:08:59+00:00,-8.05550911,-34.9538249,2.390000104904175,87.0,142.0,536.0
2025-11-06T21:59:53Z,Run,2025-11-06 22:09:00+00:00,-8.05549612,-34.95380823,2.390000104904175,87.0,142.0,537.0
2025-11-06T21:59:53Z,Run,2025-11-06 22:09:01+00:00,-8.05548046,-34.95379524,2.390000104904175,87.0,142.0,538.0
2025-11-06T21:59:53Z,Run,2025-11-06 22:09:02+00:00,-8.0554638,-34.95378424,2.390000104904175,87.0,143.0,539.0
2025-11-06T21:59:53Z,Run,2025-11-06 22:09:03+00:00,-8.0554478,-34.95377324,2.390000104904175,88.0,143.0,540.0
2025-11-06T21:59:53Z,Run,2025-11-06 22:09:04+00:00,-8.05543081,-34.95376291,2.380000114440918,87.0,142.0,541.0
2025-11-06T21:59:53Z,Run,2025-11-06 22:09:05+00:00,-8.05541348,-34.95375458,2.359999895095825,87.0,142.0,542.0
2025-11-06T21:59:53Z,Run,2025-11-06 22:09:06+00:00,-8.05539514,-34.95374658,2.359999895095825,87.0,142.0,543.0
2025-11-06T21:59:53Z,Run,2025-11-06 22:09:07+00:00,-8.05537482,-34.95374091,2.359999895095825,87.0,142.0,544.0
2025-11-06T21:59:53Z,Run,2025-11-06 22:09:08+00:00,-8.05535283,-34.95373524,2.369999885559082,88.0,141.0,545.0
2025-11-06T21:59:53Z,Run,2025-11-06 22:09:09+00:00,-8.05533017,-34.95373092,2.369999885559082,88.0,141.0,546.0
2025-11-06T21:59:53Z,Run,2025-11-06 22:09:10+00:00,-8.05530651,-34.95372859,2.390000104904175,87.0,142.0,547.0
2025-11-06T21:59:53Z,Run,2025-11-06 22:09:11+00:00,-8.05528284,-34.95372692,2.450000047683716,88.0,143.0,548.0
2025-11-06T21:59:53Z,Run,2025-11-06 22:09:12+00:00,-8.05525952,-34.95372526,2.450000047683716,88.0,143.0,549.0
2025-11-06T21:59:53Z,Run,2025-11-06 22:09:13+00:00,-8.05523586,-34.95372494,2.5199999809265137,87.0,143.0,550.0
2025-11-06T21:59:53Z,Run,2025-11-06 22:09:14+00:00,-8.05521219,-34.95372461,2.5799999237060547,87.0,143.0,551.0
2025-11-06T21:59:53Z,Run,2025-11-06 22:09:15+00:00,-8.05518619,-34.95372428,2.609999895095825,87.0,143.0,552.0
2025-11-06T21:59:53Z,Run,2025-11-06 22:09:16+00:00,-8.05516287,-34.95372396,2.5999999046325684,87.0,144.0,553.0
2025-11-06T21:59:53Z,Run,2025-11-06 22:09:17+00:00,-8.05514154,-34.9537223,2.5999999046325684,88.0,143.0,554.0
2025-11-06T21:59:53Z,Run,2025-11-06 22:09:18+00:00,-8.05511955,-34.95371965,2.5999999046325684,88.0,143.0,555.0
2025-11-06T21:59:53Z,Run,2025-11-06 22:09:19+00:00,-8.05509722,-34.95371666,2.5999999046325684,88.0,142.0,556.0
2025-11-06T21:59:53Z,Run,2025-11-06 22:09:20+00:00,-8.05507522,-34.95371299,2.5999999046325684,88.0,141.0,557.0
2025-11-06T21:59:53Z,Run,2025-11-06 22:09:21+00:00,-8.0550519,-34.953709,2.5799999237060547,87.0,141.0,558.0
2025-11-06T21:59:53Z,Run,2025-11-06 22:09:22+00:00,-8.05503058,-34.95370568,2.559999942779541,87.0,141.0,559.0
2025-11-06T21:59:53Z,Run,2025-11-06 22:09:23+00:00,-8.05500824,-34.95370269,2.549999952316284,87.0,142.0,560.0
2025-11-06T21:59:53Z,Run,2025-11-06 22:09:24+00:00,-8.05498692,-34.95370002,2.549999952316284,87.0,142.0,561.0
2025-11-06T21:59:53Z,Run,2025-11-06 22:09:25+00:00,-8.05496592,-34.95369635,2.5299999713897705,88.0,142.0,562.0
2025-11-06T21:59:53Z,Run,2025-11-06 22:09:26+00:00,-8.05494393,-34.95369336,2.5299999713897705,88.0,144.0,563.0
2025-11-06T21:59:53Z,Run,2025-11-06 22:09:27+00:00,-8.0549206,-34.95369137,2.5299999713897705,88.0,144.0,564.0
2025-11-06T21:59:53Z,Run,2025-11-06 22:09:28+00:00,-8.05489627,-34.95368937,2.5199999809265137,88.0,145.0,565.0
2025-11-06T21:59:53Z,Run,2025-11-06 22:09:29+00:00,-8.05487462,-34.95368771,2.5199999809265137,88.0,146.0,566.0
2025-11-06T21:59:53Z,Run,2025-11-06 22:09:30+00:00,-8.05485329,-34.95368705,2.5199999809265137,88.0,146.0,567.0
2025-11-06T21:59:53Z,Run,2025-11-06 22:09:31+00:00,-8.0548313,-34.95368804,2.5199999809265137,88.0,146.0,568.0
2025-11-06T21:59:53Z,Run,2025-11-06 22:09:32+00:00,-8.05480997,-34.95368837,2.509999990463257,88.0,145.0,569.0
2025-11-06T21:59:53Z,Run,2025-11-06 22:09:33+00:00,-8.05478865,-34.95368837,2.509999990463257,87.0,145.0,570.0
2025-11-06T21:59:53Z,Run,2025-11-06 22:09:34+00:00,-8.05476599,-34.95368804,2.509999990463257,88.0,147.0,571.0
2025-11-06T21:59:53Z,Run,2025-11-06 22:09:35+00:00,-8.05474432,-34.95368837,2.5,87.0,147.0,572.0
2025-11-06T21:59:53Z,Run,2025-11-06 22:09:36+00:00,-8.05472267,-34.95368837,2.5,87.0,147.0,573.0
2025-11-06T21:59:53Z,Run,2025-11-06 22:09:37+00:00,-8.054701,-34.95368903,2.5,88.0,147.0,574.0
2025-11-06T21:59:53Z,Run,2025-11-06 22:09:38+00:00,-8.05467934,-34.95369069,2.5,88.0,149.0,575.0
2025-11-06T21:59:53Z,Run,2025-11-06 22:09:39+00:00,-8.05465768,-34.95369334,2.490000009536743,88.0,148.0,576.0
2025-11-06T21:59:53Z,Run,2025-11-06 22:09:40+00:00,-8.05463635,-34.95369667,2.4800000190734863,87.0,147.0,577.0
2025-11-06T21:59:53Z,Run,2025-11-06 22:09:41+00:00,-8.0546157,-34.95370067,2.4800000190734863,88.0,148.0,578.0
2025-11-06T21:59:53Z,Run,2025-11-06 22:09:42+00:00,-8.05459403,-34.95370332,2.4800000190734863,88.0,148.0,579.0
2025-11-06T21:59:53Z,Run,2025-11-06 22:09:43+00:00,-8.05457204,-34.95370566,2.4700000286102295,87.0,148.0,580.0
2025-11-06T21:59:53Z,Run,2025-11-06 22:09:44+00:00,-8.05454904,-34.95370665,2.4700000286102295,88.0,147.0,581.0
2025-11-06T21:59:53Z,Run,2025-11-06 22:09:45+00:00,-8.05452572,-34.9537073,2.4600000381469727,88.0,147.0,582.0
2025-11-06T21:59:53Z,Run,2025-11-06 22:09:46+00:00,-8.05450306,-34.95370665,2.4600000381469727,88.0,148.0,583.0
2025-11-06T21:59:53Z,Run,2025-11-06 22:09:47+00:00,-8.05448073,-34.95370566,2.4600000381469727,88.0,148.0,584.0
2025-11-06T21:59:53Z,Run,2025-11-06 22:09:48+00:00,-8.05445807,-34.95370466,2.4600000381469727,88.0,148.0,585.0
2025-11-06T21:59:53Z,Run,2025-11-06 22:09:49+00:00,-8.05443507,-34.95370367,2.4600000381469727,88.0,148.0,586.0
2025-11-06T21:59:53Z,Run,2025-11-06 22:09:50+00:00,-8.05441141,-34.95370234,2.4600000381469727,88.0,149.0,587.0
2025-11-06T21:59:53Z,Run,2025-11-06 22:09:51+00:00,-8.05438808,-34.95369934,2.4600000381469727,88.0,150.0,588.0
2025-11-06T21:59:53Z,Run,2025-11-06 22:09:52+00:00,-8.05436341,-34.95369669,2.4700000286102295,88.0,150.0,589.0
2025-11-06T21:59:53Z,Run,2025-11-06 22:09:53+00:00,-8.05433942,-34.95369336,2.4700000286102295,88.0,150.0,590.0
2025-11-06T21:59:53Z,Run,2025-11-06 22:09:54+00:00,-8.05431543,-34.95368971,2.4700000286102295,88.0,150.0,591.0
2025-11-06T21:59:53Z,Run,2025-11-06 22:09:55+00:00,-8.05429244,-34.95368572,2.4800000190734863,87.0,151.0,592.0
2025-11-06T21:59:53Z,Run,2025-11-06 22:09:56+00:00,-8.05426978,-34.95368138,2.4800000190734863,88.0,151.0,593.0
2025-11-06T21:59:53Z,Run,2025-11-06 22:09:57+00:00,-8.05424745,-34.95367705,2.4800000190734863,88.0,152.0,594.0
2025-11-06T21:59:53Z,Run,2025-11-06 22:09:58+00:00,-8.05422412,-34.95367273,2.4800000190734863,88.0,154.0,595.0
2025-11-06T21:59:53Z,Run,2025-11-06 22:09:59+00:00,-8.05420046,-34.9536694,2.490000009536743,88.0,154.0,596.0
2025-11-06T21:59:53Z,Run,2025-11-06 22:10:00+00:00,-8.0541768,-34.9536654,2.490000009536743,88.0,154.0,597.0
2025-11-06T21:59:53Z,Run,2025-11-06 22:10:01+00:00,-8.05415446,-34.95366007,2.490000009536743,88.0,154.0,598.0
2025-11-06T21:59:53Z,Run,2025-11-06 22:10:02+00:00,-8.05413314,-34.95365475,2.490000009536743,88.0,154.0,599.0
2025-11-06T21:59:53Z,Run,2025-11-06 22:10:03+00:00,-8.05411147,-34.95365075,2.5,89.0,155.0,600.0
2025-11-06T21:59:53Z,Run,2025-11-06 22:10:04+00:00,-8.05408914,-34.95364841,2.5,88.0,156.0,601.0
2025-11-06T21:59:53Z,Run,2025-11-06 22:10:05+00:00,-8.05406648,-34.95364642,2.5,88.0,156.0,602.0
2025-11-06T21:59:53Z,Run,2025-11-06 22:10:06+00:00,-8.05404349,-34.95364442,2.5,88.0,156.0,603.0
2025-11-06T21:59:53Z,Run,2025-11-06 22:10:07+00:00,-8.05402116,-34.95364276,2.5,88.0,156.0,604.0
2025-11-06T21:59:53Z,Run,2025-11-06 22:10:08+00:00,-8.05399816,-34.95364143,2.5,88.0,156.0,605.0
2025-11-06T21:59:53Z,Run,2025-11-06 22:10:09+00:00,-8.05397484,-34.95364078,2.5,89.0,156.0,606.0
2025-11-06T21:59:53Z,Run,2025-11-06 22:10:10+00:00,-8.0539515,-34.95364078,2.5,88.0,157.0,607.0
2025-11-06T21:59:53Z,Run,2025-11-06 22:10:11+00:00,-8.05392784,-34.95363911,2.5,88.0,158.0,608.0
2025-11-06T21:59:53Z,Run,2025-11-06 22:10:12+00:00,-8.05390518,-34.95363744,2.5,88.0,158.0,609.0
2025-11-06T21:59:53Z,Run,2025-11-06 22:10:13+00:00,-8.05388218,-34.95363512,2.5,88.0,158.0,610.0
2025-11-06T21:59:53Z,Run,2025-11-06 22:10:14+00:00,-8.05385918,-34.95363379,2.5,88.0,158.0,611.0
2025-11-06T21:59:53Z,Run,2025-11-06 22:10:15+00:00,-8.05383486,-34.95363444,2.5,88.0,158.0,612.0
2025-11-06T21:59:53Z,Run,2025-11-06 22:10:16+00:00,-8.05381119,-34.95363511,2.5,88.0,159.0,613.0
2025-11-06T21:59:53Z,Run,2025-11-06 22:10:17+00:00,-8.05378686,-34.95363577,2.5,88.0,159.0,614.0
2025-11-06T21:59:53Z,Run,2025-11-06 22:10:18+00:00,-8.05376487,-34.95363642,2.5,88.0,159.0,615.0
2025-11-06T21:59:53Z,Run,2025-11-06 22:10:19+00:00,-8.05374254,-34.95363708,2.5,88.0,159.0,616.0
2025-11-06T21:59:53Z,Run,2025-11-06 22:10:20+00:00,-8.05372055,-34.95363676,2.5,88.0,160.0,617.0
2025-11-06T21:59:53Z,Run,2025-11-06 22:10:21+00:00,-8.05369789,-34.9536351,2.5,88.0,161.0,618.0
2025-11-06T21:59:53Z,Run,2025-11-06 22:10:22+00:00,-8.05367289,-34.95363211,2.5,88.0,161.0,619.0
2025-11-06T21:59:53Z,Run,2025-11-06 22:10:23+00:00,-8.05364956,-34.95362878,2.509999990463257,88.0,162.0,620.0
2025-11-06T21:59:53Z,Run,2025-11-06 22:10:24+00:00,-8.0536269,-34.95362445,2.509999990463257,88.0,162.0,621.0
2025-11-06T21:59:53Z,Run,2025-11-06 22:10:25+00:00,-8.0536039,-34.95362012,2.509999990463257,88.0,162.0,622.0
2025-11-06T21:59:53Z,Run,2025-11-06 22:10:26+00:00,-8.05358124,-34.9536158,2.509999990463257,88.0,161.0,623.0
2025-11-06T21:59:53Z,Run,2025-11-06 22:10:27+00:00,-8.05355858,-34.95361247,2.509999990463257,88.0,161.0,624.0
2025-11-06T21:59:53Z,Run,2025-11-06 22:10:28+00:00,-8.05353758,-34.95360982,2.509999990463257,88.0,159.0,625.0
2025-11-06T21:59:53Z,Run,2025-11-06 22:10:29+00:00,-8.05351493,-34.95360782,2.509999990463257,88.0,160.0,626.0
2025-11-06T21:59:53Z,Run,2025-11-06 22:10:30+00:00,-8.0534906,-34.95360716,2.509999990463257,88.0,160.0,627.0
2025-11-06T21:59:53Z,Run,2025-11-06 22:10:31+00:00,-8.05346794,-34.95360616,2.509999990463257,88.0,160.0,628.0
2025-11-06T21:59:53Z,Run,2025-11-06 22:10:32+00:00,-8.05344561,-34.9536055,2.509999990463257,89.0,160.0,629.0
2025-11-06T21:59:53Z,Run,2025-11-06 22:10:33+00:00,-8.05342261,-34.95360485,2.509999990463257,88.0,160.0,630.0
2025-11-06T21:59:53Z,Run,2025-11-06 22:10:34+00:00,-8.05339929,-34.95360452,2.509999990463257,88.0,160.0,631.0
2025-11-06T21:59:53Z,Run,2025-11-06 22:10:35+00:00,-8.05337596,-34.95360386,2.509999990463257,88.0,159.0,632.0
2025-11-06T21:59:53Z,Run,2025-11-06 22:10:36+00:00,-8.05335397,-34.95360353,2.509999990463257,88.0,159.0,633.0
2025-11-06T21:59:53Z,Run,2025-11-06 22:10:37+00:00,-8.0533323,-34.95360321,2.509999990463257,88.0,159.0,634.0
2025-11-06T21:59:53Z,Run,2025-11-06 22:10:38+00:00,-8.05331031,-34.95360189,2.509999990463257,89.0,159.0,635.0
2025-11-06T21:59:53Z,Run,2025-11-06 22:10:39+00:00,-8.05328832,-34.95359922,2.509999990463257,89.0,159.0,636.0
2025-11-06T21:59:53Z,Run,2025-11-06 22:10:40+00:00,-8.05326599,-34.9535959,2.509999990463257,88.0,159.0,637.0
2025-11-06T21:59:53Z,Run,2025-11-06 22:10:41+00:00,-8.053244,-34.95359323,2.509999990463257,88.0,160.0,638.0
2025-11-06T21:59:53Z,Run,2025-11-06 22:10:42+00:00,-8.05322233,-34.95359056,2.509999990463257,88.0,160.0,639.0
2025-11-06T21:59:53Z,Run,2025-11-06 22:10:43+00:00,-8.05320266,-34.9535869,2.509999990463257,88.0,160.0,640.0
2025-11-06T21:59:53Z,Run,2025-11-06 22:10:44+00:00,-8.05318334,-34.95358324,2.509999990463257,88.0,160.0,641.0
2025-11-06T21:59:53Z,Run,2025-11-06 22:10:45+00:00,-8.05316534,-34.95358025,2.509999990463257,88.0,160.0,642.0
2025-11-06T21:59:53Z,Run,2025-11-06 22:10:46+00:00,-8.05314601,-34.95357726,2.5,88.0,160.0,643.0
2025-11-06T21:59:53Z,Run,2025-11-06 22:10:47+00:00,-8.05312568,-34.95357493,2.5,88.0,161.0,644.0
2025-11-06T21:59:53Z,Run,2025-11-06 22:10:48+00:00,-8.05310369,-34.9535736,2.5,88.0,161.0,645.0
2025-11-06T21:59:53Z,Run,2025-11-06 22:10:49+00:00,-8.05307903,-34.95357061,2.5,88.0,161.0,646.0
2025-11-06T21:59:53Z,Run,2025-11-06 22:10:50+00:00,-8.05305436,-34.95356728,2.490000009536743,88.0,161.0,647.0
2025-11-06T21:59:53Z,Run,2025-11-06 22:10:51+00:00,-8.05303004,-34.95356296,2.4800000190734863,88.0,161.0,648.0
2025-11-06T21:59:53Z,Run,2025-11-06 22:10:52+00:00,-8.0530077,-34.95355796,2.4800000190734863,88.0,161.0,649.0
2025-11-06T21:59:53Z,Run,2025-11-06 22:10:53+00:00,-8.05298537,-34.95355397,2.4800000190734863,89.0,161.0,650.0
2025-11-06T21:59:53Z,Run,2025-11-06 22:10:54+00:00,-8.05296371,-34.95355064,2.4800000190734863,89.0,162.0,651.0
2025-11-06T21:59:53Z,Run,2025-11-06 22:10:55+00:00,-8.05294238,-34.95354864,2.4800000190734863,89.0,162.0,652.0
2025-11-06T21:59:53Z,Run,2025-11-06 22:10:56+00:00,-8.05292039,-34.95354599,2.4800000190734863,90.0,163.0,653.0
2025-11-06T21:59:53Z,Run,2025-11-06 22:10:57+00:00,-8.05289773,-34.95354199,2.4800000190734863,89.0,164.0,654.0
2025-11-06T21:59:53Z,Run,2025-11-06 22:10:58+00:00,-8.05287507,-34.95353733,2.4800000190734863,88.0,165.0,655.0
2025-11-06T21:59:53Z,Run,2025-11-06 22:10:59+00:00,-8.05285208,-34.95353134,2.4800000190734863,88.0,167.0,656.0
2025-11-06T21:59:53Z,Run,2025-11-06 22:11:00+00:00,-8.05282908,-34.95352534,2.4800000190734863,88.0,168.0,657.0
2025-11-06T21:59:53Z,Run,2025-11-06 22:11:01+00:00,-8.05280608,-34.95351902,2.4800000190734863,88.0,168.0,658.0
2025-11-06T21:59:53Z,Run,2025-11-06 22:11:02+00:00,-8.05278274,-34.95351402,2.4800000190734863,88.0,168.0,659.0
2025-11-06T21:59:53Z,Run,2025-11-06 22:11:03+00:00,-8.05275942,-34.95350969,2.4800000190734863,88.0,168.0,660.0
2025-11-06T21:59:53Z,Run,2025-11-06 22:11:04+00:00,-8.05273743,-34.9535057,2.490000009536743,88.0,168.0,661.0
2025-11-06T21:59:53Z,Run,2025-11-06 22:11:05+00:00,-8.05271443,-34.95350137,2.490000009536743,88.0,169.0,662.0
2025-11-06T21:59:53Z,Run,2025-11-06 22:11:06+00:00,-8.05269343,-34.95349738,2.490000009536743,89.0,169.0,663.0
2025-11-06T21:59:53Z,Run,2025-11-06 22:11:07+00:00,-8.05267144,-34.95349405,2.490000009536743,89.0,169.0,664.0
2025-11-06T21:59:53Z,Run,2025-11-06 22:11:08+00:00,-8.05264977,-34.95349039,2.5,88.0,169.0,665.0
2025-11-06T21:59:53Z,Run,2025-11-06 22:11:09+00:00,-8.05262812,-34.9534874,2.5,89.0,169.0,666.0
2025-11-06T21:59:53Z,Run,2025-11-06 22:11:10+00:00,-8.05260712,-34.95348473,2.5,89.0,169.0,667.0
2025-11-06T21:59:53Z,Run,2025-11-06 22:11:11+00:00,-8.05258612,-34.95348273,2.5,89.0,169.0,668.0
2025-11-06T21:59:53Z,Run,2025-11-06 22:11:12+00:00,-8.05256446,-34.95348174,2.490000009536743,89.0,170.0,669.0
2025-11-06T21:59:53Z,Run,2025-11-06 22:11:13+00:00,-8.05254279,-34.95348207,2.490000009536743,89.0,170.0,670.0
2025-11-06T21:59:53Z,Run,2025-11-06 22:11:14+00:00,-8.05252014,-34.9534834,2.490000009536743,88.0,170.0,671.0
2025-11-06T21:59:53Z,Run,2025-11-06 22:11:15+00:00,-8.0524978,-34.95348372,2.490000009536743,89.0,170.0,672.0
2025-11-06T21:59:53Z,Run,2025-11-06 22:11:16+00:00,-8.05247581,-34.95348272,2.4800000190734863,89.0,171.0,673.0
2025-11-06T21:59:53Z,Run,2025-11-06 22:11:17+00:00,-8.05245416,-34.95348107,2.4800000190734863,89.0,171.0,674.0
2025-11-06T21:59:53Z,Run,2025-11-06 22:11:18+00:00,-8.05243316,-34.95347873,2.4800000190734863,89.0,171.0,675.0
2025-11-06T21:59:53Z,Run,2025-11-06 22:11:19+00:00,-8.0524125,-34.95347608,2.4800000190734863,89.0,171.0,676.0
2025-11-06T21:59:53Z,Run,2025-11-06 22:11:20+00:00,-8.05239218,-34.95347341,2.4800000190734863,89.0,170.0,677.0
2025-11-06T21:59:53Z,Run,2025-11-06 22:11:21+00:00,-8.05237184,-34.95347042,2.4700000286102295,89.0,169.0,678.0
2025-11-06T21:59:53Z,Run,2025-11-06 22:11:22+00:00,-8.05235019,-34.95346743,2.4700000286102295,88.0,168.0,679.0
2025-11-06T21:59:53Z,Run,2025-11-06 22:11:23+00:00,-8.05232786,-34.95346411,2.4600000381469727,88.0,168.0,680.0
2025-11-06T21:59:53Z,Run,2025-11-06 22:11:24+00:00,-8.05230553,-34.95346144,2.4600000381469727,88.0,169.0,681.0
2025-11-06T21:59:53Z,Run,2025-11-06 22:11:25+00:00,-8.0522842,-34.95345845,2.4600000381469727,88.0,169.0,682.0
2025-11-06T21:59:53Z,Run,2025-11-06 22:11:26+00:00,-8.05226387,-34.95345512,2.4600000381469727,88.0,169.0,683.0
2025-11-06T21:59:53Z,Run,2025-11-06 22:11:27+00:00,-8.05224421,-34.95345213,2.4600000381469727,88.0,170.0,684.0
2025-11-06T21:59:53Z,Run,2025-11-06 22:11:28+00:00,-8.05222388,-34.95345114,2.4600000381469727,88.0,170.0,685.0
2025-11-06T21:59:53Z,Run,2025-11-06 22:11:29+00:00,-8.05220122,-34.95345114,2.450000047683716,88.0,170.0,686.0
2025-11-06T21:59:53Z,Run,2025-11-06 22:11:30+00:00,-8.05218022,-34.95345146,2.450000047683716,88.0,170.0,687.0
2025-11-06T21:59:53Z,Run,2025-11-06 22:11:31+00:00,-8.05215856,-34.95345246,2.450000047683716,88.0,170.0,688.0
2025-11-06T21:59:53Z,Run,2025-11-06 22:11:32+00:00,-8.05213623,-34.95345246,2.450000047683716,89.0,170.0,689.0
2025-11-06T21:59:53Z,Run,2025-11-06 22:11:33+00:00,-8.05211357,-34.95345213,2.450000047683716,89.0,171.0,690.0
2025-11-06T21:59:53Z,Run,2025-11-06 22:11:34+00:00,-8.05209124,-34.95345114,2.450000047683716,89.0,171.0,691.0
2025-11-06T21:59:53Z,Run,2025-11-06 22:11:35+00:00,-8.05206891,-34.95344947,2.440000057220459,89.0,170.0,692.0
2025-11-06T21:59:53Z,Run,2025-11-06 22:11:36+00:00,-8.05204758,-34.95344715,2.450000047683716,89.0,170.0,693.0
2025-11-06T21:59:53Z,Run,2025-11-06 22:11:37+00:00,-8.05202626,-34.95344416,2.450000047683716,89.0,170.0,694.0
2025-11-06T21:59:53Z,Run,2025-11-06 22:11:38+00:00,-8.05200526,-34.95344049,2.450000047683716,89.0,170.0,695.0
2025-11-06T21:59:53Z,Run,2025-11-06 22:11:39+00:00,-8.05198393,-34.95343683,2.450000047683716,89.0,170.0,696.0
2025-11-06T21:59:53Z,Run,2025-11-06 22:11:40+00:00,-8.0519626,-34.95343318,2.450000047683716,88.0,170.0,697.0
2025-11-06T21:59:53Z,Run,2025-11-06 22:11:41+00:00,-8.05194061,-34.95342985,2.450000047683716,88.0,169.0,698.0
2025-11-06T21:59:53Z,Run,2025-11-06 22:11:42+00:00,-8.05191828,-34.95342685,2.450000047683716,88.0,169.0,699.0
2025-11-06T21:59:53Z,Run,2025-11-06 22:11:43+00:00,-8.05189528,-34.95342386,2.450000047683716,88.0,169.0,700.0
2025-11-06T21:59:53Z,Run,2025-11-06 22:11:44+00:00,-8.05187262,-34.95342087,2.450000047683716,88.0,169.0,701.0
2025-11-06T21:59:53Z,Run,2025-11-06 22:11:45+00:00,-8.0518493,-34.95341688,2.450000047683716,89.0,169.0,702.0
2025-11-06T21:59:53Z,Run,2025-11-06 22:11:46+00:00,-8.05182731,-34.95341356,2.450000047683716,89.0,169.0,703.0
2025-11-06T21:59:53Z,Run,2025-11-06 22:11:47+00:00,-8.05180531,-34.95340923,2.450000047683716,89.0,170.0,704.0
2025-11-06T21:59:53Z,Run,2025-11-06 22:11:48+00:00,-8.05178365,-34.9534049,2.450000047683716,88.0,171.0,705.0
2025-11-06T21:59:53Z,Run,2025-11-06 22:11:49+00:00,-8.05176132,-34.95340225,2.450000047683716,89.0,171.0,706.0
2025-11-06T21:59:53Z,Run,2025-11-06 22:11:50+00:00,-8.05173866,-34.95339892,2.450000047683716,89.0,171.0,707.0
2025-11-06T21:59:53Z,Run,2025-11-06 22:11:51+00:00,-8.05171566,-34.95339592,2.450000047683716,88.0,172.0,708.0
2025-11-06T21:59:53Z,Run,2025-11-06 22:11:52+00:00,-8.05169266,-34.95339327,2.450000047683716,88.0,173.0,709.0
2025-11-06T21:59:53Z,Run,2025-11-06 22:11:53+00:00,-8.05167,-34.95339161,2.450000047683716,88.0,174.0,710.0
2025-11-06T21:59:53Z,Run,2025-11-06 22:11:54+00:00,-8.05164801,-34.95339028,2.450000047683716,88.0,176.0,711.0
2025-11-06T21:59:53Z,Run,2025-11-06 22:11:55+00:00,-8.05162568,-34.95338929,2.4600000381469727,88.0,184.0,712.0
2025-11-06T21:59:53Z,Run,2025-11-06 22:11:56+00:00,-8.05160369,-34.95338896,2.4600000381469727,88.0,184.0,713.0
2025-11-06T21:59:53Z,Run,2025-11-06 22:11:57+00:00,-8.05158202,-34.95338797,2.4600000381469727,88.0,190.0,714.0
2025-11-06T21:59:53Z,Run,2025-11-06 22:11:58+00:00,-8.05155969,-34.95338631,2.4600000381469727,89.0,192.0,715.0
2025-11-06T21:59:53Z,Run,2025-11-06 22:11:59+00:00,-8.05153737,-34.95338464,2.4600000381469727,89.0,192.0,716.0
2025-11-06T21:59:53Z,Run,2025-11-06 22:12:00+00:00,-8.0515157,-34.95338298,2.4600000381469727,89.0,192.0,717.0
2025-11-06T21:59:53Z,Run,2025-11-06 22:12:01+00:00,-8.05149371,-34.95338165,2.4600000381469727,89.0,192.0,718.0
2025-11-06T21:59:53Z,Run,2025-11-06 22:12:02+00:00,-8.05147138,-34.95338099,2.4600000381469727,89.0,192.0,719.0
2025-11-06T21:59:53Z,Run,2025-11-06 22:12:03+00:00,-8.05145038,-34.95338,2.4600000381469727,89.0,192.0,720.0
2025-11-06T21:59:53Z,Run,2025-11-06 22:12:04+00:00,-8.05142839,-34.95337834,2.4600000381469727,89.0,192.0,721.0
2025-11-06T21:59:53Z,Run,2025-11-06 22:12:05+00:00,-8.05140639,-34.953376,2.4600000381469727,89.0,191.0,722.0
2025-11-06T21:59:53Z,Run,2025-11-06 22:12:06+00:00,-8.05138373,-34.95337168,2.4600000381469727,88.0,191.0,723.0
2025-11-06T21:59:53Z,Run,2025-11-06 22:12:07+00:00,-8.05135906,-34.95336668,2.4600000381469727,88.0,190.0,724.0
2025-11-06T21:59:53Z,Run,2025-11-06 22:12:08+00:00,-8.05133707,-34.95336168,2.4600000381469727,88.0,190.0,725.0
2025-11-06T21:59:53Z,Run,2025-11-06 22:12:09+00:00,-8.05131542,-34.95335536,2.4600000381469727,88.0,189.0,726.0
2025-11-06T21:59:53Z,Run,2025-11-06 22:12:10+00:00,-8.05129409,-34.95334802,2.4600000381469727,88.0,188.0,727.0
2025-11-06T21:59:53Z,Run,2025-11-06 22:12:11+00:00,-8.05127377,-34.95334037,2.4600000381469727,88.0,187.0,728.0
2025-11-06T21:59:53Z,Run,2025-11-06 22:12:12+00:00,-8.0512541,-34.95333303,2.4600000381469727,88.0,185.0,729.0
2025-11-06T21:59:53Z,Run,2025-11-06 22:12:13+00:00,-8.05123378,-34.95332704,2.4600000381469727,88.0,184.0,730.0
2025-11-06T21:59:53Z,Run,2025-11-06 22:12:14+00:00,-8.05121312,-34.95332238,2.4600000381469727,88.0,184.0,731.0
2025-11-06T21:59:53Z,Run,2025-11-06 22:12:15+00:00,-8.05119046,-34.95331971,2.4600000381469727,88.0,184.0,732.0
2025-11-06T21:59:53Z,Run,2025-11-06 22:12:16+00:00,-8.05116813,-34.95331872,2.4600000381469727,89.0,184.0,733.0
2025-11-06T21:59:53Z,Run,2025-11-06 22:12:17+00:00,-8.05114547,-34.95331573,2.4600000381469727,89.0,184.0,734.0
2025-11-06T21:59:53Z,Run,2025-11-06 22:12:18+00:00,-8.05112381,-34.9533104,2.4600000381469727,88.0,183.0,735.0
2025-11-06T21:59:53Z,Run,2025-11-06 22:12:19+00:00,-8.05110181,-34.95330573,2.4600000381469727,88.0,182.0,736.0
2025-11-06T21:59:53Z,Run,2025-11-06 22:12:20+00:00,-8.05108082,-34.95330207,2.4600000381469727,88.0,182.0,737.0
2025-11-06T21:59:53Z,Run,2025-11-06 22:12:21+00:00,-8.05105949,-34.95329842,2.4600000381469727,89.0,182.0,738.0
2025-11-06T21:59:53Z,Run,2025-11-06 22:12:22+00:00,-8.0510375,-34.95329442,2.4600000381469727,88.0,182.0,739.0
2025-11-06T21:59:53Z,Run,2025-11-06 22:12:23+00:00,-8.05101351,-34.95329276,2.4600000381469727,88.0,182.0,740.0
2025-11-06T21:59:53Z,Run,2025-11-06 22:12:24+00:00,-8.05099051,-34.95329244,2.4600000381469727,88.0,183.0,741.0
2025-11-06T21:59:53Z,Run,2025-11-06 22:12:25+00:00,-8.05097052,-34.95329077,2.4600000381469727,88.0,182.0,742.0
2025-11-06T21:59:53Z,Run,2025-11-06 22:12:26+00:00,-8.05095252,-34.95328944,2.4600000381469727,88.0,182.0,743.0
2025-11-06T21:59:53Z,Run,2025-11-06 22:12:27+00:00,-8.05093452,-34.95328778,2.4600000381469727,88.0,182.0,744.0
2025-11-06T21:59:53Z,Run,2025-11-06 22:12:28+00:00,-8.05091519,-34.95328578,2.4600000381469727,88.0,181.0,745.0
2025-11-06T21:59:53Z,Run,2025-11-06 22:12:29+00:00,-8.05089454,-34.95328378,2.4600000381469727,88.0,181.0,746.0
2025-11-06T21:59:53Z,Run,2025-11-06 22:12:30+00:00,-8.0508742,-34.95328179,2.450000047683716,88.0,181.0,747.0
2025-11-06T21:59:53Z,Run,2025-11-06 22:12:31+00:00,-8.0508532,-34.95328012,2.450000047683716,88.0,181.0,748.0
2025-11-06T21:59:53Z,Run,2025-11-06 22:12:32+00:00,-8.05083188,-34.95327813,2.450000047683716,88.0,181.0,749.0
2025-11-06T21:59:53Z,Run,2025-11-06 22:12:33+00:00,-8.05081021,-34.95327647,2.450000047683716,88.0,181.0,750.0
2025-11-06T21:59:53Z,Run,2025-11-06 22:12:34+00:00,-8.05078721,-34.9532738,2.440000057220459,88.0,181.0,751.0
2025-11-06T21:59:53Z,Run,2025-11-06 22:12:35+00:00,-8.05076456,-34.95327014,2.430000066757202,89.0,181.0,752.0
2025-11-06T21:59:53Z,Run,2025-11-06 22:12:36+00:00,-8.05074089,-34.95326881,2.430000066757202,88.0,182.0,753.0
2025-11-06T21:59:53Z,Run,2025-11-06 22:12:37+00:00,-8.05071723,-34.95326913,2.430000066757202,88.0,182.0,754.0
2025-11-06T21:59:53Z,Run,2025-11-06 22:12:38+00:00,-8.05069391,-34.95326946,2.430000066757202,88.0,182.0,755.0
2025-11-06T21:59:53Z,Run,2025-11-06 22:12:39+00:00,-8.05064858,-34.95326814,2.430000066757202,88.0,184.0,756.0
2025-11-06T21:59:53Z,Run,2025-11-06 22:12:40+00:00,-8.05062725,-34.95326681,2.440000057220459,88.0,185.0,757.0
2025-11-06T21:59:53Z,Run,2025-11-06 22:12:41+00:00,-8.05060659,-34.95326615,2.440000057220459,88.0,185.0,758.0
2025-11-06T21:59:53Z,Run,2025-11-06 22:12:42+00:00,-8.05058626,-34.95326615,2.440000057220459,89.0,186.0,759.0
2025-11-06T21:59:53Z,Run,2025-11-06 22:12:43+00:00,-8.05056461,-34.95326583,2.440000057220459,89.0,186.0,760.0
2025-11-06T21:59:53Z,Run,2025-11-06 22:12:44+00:00,-8.05054161,-34.95326417,2.440000057220459,89.0,186.0,761.0
2025-11-06T21:59:53Z,Run,2025-11-06 22:12:45+00:00,-8.05051827,-34.95326384,2.440000057220459,88.0,186.0,762.0
2025-11-06T21:59:53Z,Run,2025-11-06 22:12:46+00:00,-8.05049194,-34.95326352,2.440000057220459,88.0,186.0,763.0
2025-11-06T21:59:53Z,Run,2025-11-06 22:12:47+00:00,-8.05046462,-34.95326286,2.440000057220459,88.0,185.0,764.0
2025-11-06T21:59:53Z,Run,2025-11-06 22:12:48+00:00,-8.05044063,-34.95326187,2.440000057220459,88.0,185.0,765.0
2025-11-06T21:59:53Z,Run,2025-11-06 22:12:49+00:00,-8.05041764,-34.95326054,2.440000057220459,88.0,185.0,766.0
2025-11-06T21:59:53Z,Run,2025-11-06 22:12:50+00:00,-8.05039397,-34.95325854,2.440000057220459,88.0,185.0,767.0
2025-11-06T21:59:53Z,Run,2025-11-06 22:12:51+00:00,-8.05037065,-34.95325621,2.450000047683716,88.0,184.0,768.0
2025-11-06T21:59:53Z,Run,2025-11-06 22:12:52+00:00,-8.05034731,-34.95325421,2.450000047683716,88.0,184.0,769.0
2025-11-06T21:59:53Z,Run,2025-11-06 22:12:53+00:00,-8.05032332,-34.95325156,2.450000047683716,88.0,183.0,770.0
2025-11-06T21:59:53Z,Run,2025-11-06 22:12:54+00:00,-8.05029899,-34.95324922,2.450000047683716,88.0,183.0,771.0
2025-11-06T21:59:53Z,Run,2025-11-06 22:12:55+00:00,-8.05027567,-34.95324723,2.450000047683716,88.0,183.0,772.0
2025-11-06T21:59:53Z,Run,2025-11-06 22:12:56+00:00,-8.05025333,-34.95324423,2.4600000381469727,88.0,182.0,773.0
2025-11-06T21:59:53Z,Run,2025-11-06 22:12:57+00:00,-8.05023268,-34.95324058,2.4600000381469727,88.0,181.0,774.0
2025-11-06T21:59:53Z,Run,2025-11-06 22:12:58+00:00,-8.05021234,-34.95323591,2.4600000381469727,88.0,181.0,775.0
2025-11-06T21:59:53Z,Run,2025-11-06 22:12:59+00:00,-8.05019269,-34.95323125,2.4600000381469727,89.0,179.0,776.0
2025-11-06T21:59:53Z,Run,2025-11-06 22:13:00+00:00,-8.05017302,-34.95322625,2.4600000381469727,89.0,179.0,777.0
2025-11-06T21:59:53Z,Run,2025-11-06 22:13:01+00:00,-8.05015369,-34.95322092,2.4600000381469727,89.0,179.0,778.0
2025-11-06T21:59:53Z,Run,2025-11-06 22:13:02+00:00,-8.05013436,-34.95321493,2.4600000381469727,88.0,179.0,779.0
2025-11-06T21:59:53Z,Run,2025-11-06 22:13:03+00:00,-8.05011504,-34.95320894,2.4600000381469727,88.0,180.0,780.0
2025-11-06T21:59:53Z,Run,2025-11-06 22:13:04+00:00,-8.05009571,-34.95320327,2.4600000381469727,88.0,180.0,781.0
2025-11-06T21:59:53Z,Run,2025-11-06 22:13:05+00:00,-8.05007505,-34.95319894,2.450000047683716,88.0,180.0,782.0
2025-11-06T21:59:53Z,Run,2025-11-06 22:13:06+00:00,-8.05005405,-34.95319595,2.450000047683716,88.0,179.0,783.0
2025-11-06T21:59:53Z,Run,2025-11-06 22:13:07+00:00,-8.05003172,-34.95319563,2.450000047683716,88.0,179.0,784.0
2025-11-06T21:59:53Z,Run,2025-11-06 22:13:08+00:00,-8.05000939,-34.95319595,2.440000057220459,88.0,179.0,785.0
2025-11-06T21:59:53Z,Run,2025-11-06 22:13:09+00:00,-8.04998706,-34.95319695,2.430000066757202,88.0,179.0,786.0
2025-11-06T21:59:53Z,Run,2025-11-06 22:13:10+00:00,-8.04996373,-34.95320027,2.430000066757202,88.0,179.0,787.0
2025-11-06T21:59:53Z,Run,2025-11-06 22:13:11+00:00,-8.0499404,-34.95320326,2.430000066757202,88.0,178.0,788.0
2025-11-06T21:59:53Z,Run,2025-11-06 22:13:12+00:00,-8.04991774,-34.95320593,2.430000066757202,88.0,178.0,789.0
2025-11-06T21:59:53Z,Run,2025-11-06 22:13:13+00:00,-8.04989508,-34.95320826,2.430000066757202,88.0,178.0,790.0
2025-11-06T21:59:53Z,Run,2025-11-06 22:13:14+00:00,-8.04987309,-34.95320892,2.430000066757202,88.0,178.0,791.0
2025-11-06T21:59:53Z,Run,2025-11-06 22:13:15+00:00,-8.04985142,-34.9532086,2.430000066757202,87.0,178.0,792.0
2025-11-06T21:59:53Z,Run,2025-11-06 22:13:16+00:00,-8.04982943,-34.95320726,2.430000066757202,87.0,179.0,793.0
2025-11-06T21:59:53Z,Run,2025-11-06 22:13:17+00:00,-8.04980743,-34.95320594,2.430000066757202,88.0,178.0,794.0
2025-11-06T21:59:53Z,Run,2025-11-06 22:13:18+00:00,-8.04978578,-34.95320562,2.430000066757202,88.0,178.0,795.0
2025-11-06T21:59:53Z,Run,2025-11-06 22:13:19+00:00,-8.04976512,-34.95320627,2.430000066757202,88.0,178.0,796.0
2025-11-06T21:59:53Z,Run,2025-11-06 22:13:20+00:00,-8.04974446,-34.95320528,2.430000066757202,88.0,179.0,797.0
2025-11-06T21:59:53Z,Run,2025-11-06 22:13:21+00:00,-8.04972481,-34.95320295,2.430000066757202,89.0,178.0,798.0
2025-11-06T21:59:53Z,Run,2025-11-06 22:13:22+00:00,-8.04970548,-34.95320028,2.430000066757202,89.0,178.0,799.0
2025-11-06T21:59:53Z,Run,2025-11-06 22:13:23+00:00,-8.04968482,-34.95319962,2.430000066757202,89.0,178.0,800.0
2025-11-06T21:59:53Z,Run,2025-11-06 22:13:24+00:00,-8.04966349,-34.95320062,2.430000066757202,89.0,178.0,801.0
2025-11-06T21:59:53Z,Run,2025-11-06 22:13:25+00:00,-8.04964184,-34.95320262,2.430000066757202,89.0,178.0,802.0
2025-11-06T21:59:53Z,Run,2025-11-06 22:13:26+00:00,-8.04962017,-34.95320561,2.4200000762939453,89.0,179.0,803.0
2025-11-06T21:59:53Z,Run,2025-11-06 22:13:27+00:00,-8.04959818,-34.95320793,2.4200000762939453,89.0,179.0,804.0
2025-11-06T21:59:53Z,Run,2025-11-06 22:13:28+00:00,-8.04957651,-34.9532096,2.4200000762939453,88.0,181.0,805.0
2025-11-06T21:59:53Z,Run,2025-11-06 22:13:29+00:00,-8.04955551,-34.95321126,2.4200000762939453,88.0,182.0,806.0
2025-11-06T21:59:53Z,Run,2025-11-06 22:13:30+00:00,-8.04953519,-34.95321425,2.4100000858306885,88.0,181.0,807.0
2025-11-06T21:59:53Z,Run,2025-11-06 22:13:31+00:00,-8.04951353,-34.95321758,2.4100000858306885,88.0,180.0,808.0
2025-11-06T21:59:53Z,Run,2025-11-06 22:13:32+00:00,-8.04949087,-34.95322057,2.4100000858306885,88.0,180.0,809.0
2025-11-06T21:59:53Z,Run,2025-11-06 22:13:33+00:00,-8.04946753,-34.95322257,2.4100000858306885,88.0,179.0,810.0
2025-11-06T21:59:53Z,Run,2025-11-06 22:13:34+00:00,-8.04944387,-34.95322356,2.4100000858306885,88.0,179.0,811.0
2025-11-06T21:59:53Z,Run,2025-11-06 22:13:35+00:00,-8.04942188,-34.95322455,2.4000000953674316,88.0,179.0,812.0
2025-11-06T21:59:53Z,Run,2025-11-06 22:13:36+00:00,-8.04940088,-34.95322289,2.4000000953674316,88.0,178.0,813.0
2025-11-06T21:59:53Z,Run,2025-11-06 22:13:37+00:00,-8.04938022,-34.95321923,2.4000000953674316,89.0,177.0,814.0
2025-11-06T21:59:53Z,Run,2025-11-06 22:13:38+00:00,-8.04935855,-34.95321457,2.4000000953674316,89.0,177.0,815.0
2025-11-06T21:59:53Z,Run,2025-11-06 22:13:39+00:00,-8.0493369,-34.95320923,2.4000000953674316,89.0,176.0,816.0
2025-11-06T21:59:53Z,Run,2025-11-06 22:13:40+00:00,-8.04931524,-34.95320324,2.4000000953674316,89.0,176.0,817.0
2025-11-06T21:59:53Z,Run,2025-11-06 22:13:41+00:00,-8.04929424,-34.95319992,2.4000000953674316,89.0,176.0,818.0
2025-11-06T21:59:53Z,Run,2025-11-06 22:13:42+00:00,-8.04927291,-34.95319759,2.4000000953674316,89.0,176.0,819.0
2025-11-06T21:59:53Z,Run,2025-11-06 22:13:43+00:00,-8.04925324,-34.95319559,2.4000000953674316,89.0,177.0,820.0
2025-11-06T21:59:53Z,Run,2025-11-06 22:13:44+00:00,-8.04923225,-34.9531916,2.4000000953674316,89.0,177.0,821.0
2025-11-06T21:59:53Z,Run,2025-11-06 22:13:45+00:00,-8.04921158,-34.95318593,2.4000000953674316,88.0,177.0,822.0
2025-11-06T21:59:53Z,Run,2025-11-06 22:13:46+00:00,-8.04919293,-34.9531796,2.4000000953674316,88.0,179.0,823.0
2025-11-06T21:59:53Z,Run,2025-11-06 22:13:47+00:00,-8.04917526,-34.95317361,2.4000000953674316,88.0,179.0,824.0
2025-11-06T21:59:53Z,Run,2025-11-06 22:13:48+00:00,-8.04915826,-34.95316895,2.4000000953674316,88.0,179.0,825.0
2025-11-06T21:59:53Z,Run,2025-11-06 22:13:49+00:00,-8.04914059,-34.95316495,2.4000000953674316,88.0,179.0,826.0
2025-11-06T21:59:53Z,Run,2025-11-06 22:13:50+00:00,-8.0491226,-34.95316228,2.4000000953674316,88.0,179.0,827.0
2025-11-06T21:59:53Z,Run,2025-11-06 22:13:51+00:00,-8.04910527,-34.95315963,2.390000104904175,88.0,179.0,828.0
2025-11-06T21:59:53Z,Run,2025-11-06 22:13:52+00:00,-8.04908861,-34.95315696,2.390000104904175,88.0,179.0,829.0
2025-11-06T21:59:53Z,Run,2025-11-06 22:13:53+00:00,-8.04907261,-34.95315197,2.380000114440918,87.0,180.0,830.0
2025-11-06T21:59:53Z,Run,2025-11-06 22:13:54+00:00,-8.04905661,-34.95314564,2.369999885559082,85.0,180.0,831.0
2025-11-06T21:59:53Z,Run,2025-11-06 22:13:56+00:00,-8.04904029,-34.95313997,2.359999895095825,84.0,180.0,833.0
2025-11-06T21:59:53Z,Run,2025-11-06 22:13:57+00:00,-8.04899963,-34.95313566,2.3499999046325684,85.0,180.0,834.0
2025-11-06T21:59:53Z,Run,2025-11-06 22:13:58+00:00,-8.04897564,-34.95313466,2.3399999141693115,86.0,180.0,835.0
2025-11-06T21:59:53Z,Run,2025-11-06 22:13:59+00:00,-8.04895064,-34.95313466,2.3299999237060547,87.0,180.0,836.0
2025-11-06T21:59:53Z,Run,2025-11-06 22:14:00+00:00,-8.04892464,-34.95313765,2.319999933242798,88.0,180.0,837.0
2025-11-06T21:59:53Z,Run,2025-11-06 22:14:01+00:00,-8.04889932,-34.95313931,2.309999942779541,88.0,181.0,838.0
2025-11-06T21:59:53Z,Run,2025-11-06 22:14:02+00:00,-8.04887433,-34.95313799,2.309999942779541,88.0,181.0,839.0
2025-11-06T21:59:53Z,Run,2025-11-06 22:14:03+00:00,-8.04884866,-34.95313532,2.299999952316284,89.0,181.0,840.0
2025-11-06T21:59:53Z,Run,2025-11-06 22:14:04+00:00,-8.04882367,-34.95313166,2.309999942779541,89.0,181.0,841.0
2025-11-06T21:59:53Z,Run,2025-11-06 22:14:05+00:00,-8.04880168,-34.95312667,2.309999942779541,89.0,181.0,842.0
2025-11-06T21:59:53Z,Run,2025-11-06 22:14:06+00:00,-8.04878136,-34.95312233,2.319999933242798,89.0,181.0,843.0
2025-11-06T21:59:53Z,Run,2025-11-06 22:14:07+00:00,-8.04876169,-34.95312168,2.319999933242798,88.0,181.0,844.0
2025-11-06T21:59:53Z,Run,2025-11-06 22:14:08+00:00,-8.04874303,-34.953122,2.319999933242798,88.0,181.0,845.0
2025-11-06T21:59:53Z,Run,2025-11-06 22:14:09+00:00,-8.04872304,-34.95312232,2.3299999237060547,87.0,181.0,846.0
2025-11-06T21:59:53Z,Run,2025-11-06 22:14:10+00:00,-8.04870337,-34.953121,2.3299999237060547,88.0,181.0,847.0
2025-11-06T21:59:53Z,Run,2025-11-06 22:14:11+00:00,-8.04868305,-34.95311801,2.3299999237060547,88.0,180.0,848.0
2025-11-06T21:59:53Z,Run,2025-11-06 22:14:12+00:00,-8.04866338,-34.95311401,2.3299999237060547,88.0,178.0,849.0
2025-11-06T21:59:53Z,Run,2025-11-06 22:14:13+00:00,-8.04864306,-34.95310934,2.3299999237060547,89.0,177.0,850.0
2025-11-06T21:59:53Z,Run,2025-11-06 22:14:14+00:00,-8.04862272,-34.95310369,2.3299999237060547,89.0,177.0,851.0
2025-11-06T21:59:53Z,Run,2025-11-06 22:14:15+00:00,-8.0486024,-34.95309636,2.3299999237060547,88.0,177.0,852.0
2025-11-06T21:59:53Z,Run,2025-11-06 22:14:16+00:00,-8.04858308,-34.95308703,2.3299999237060547,88.0,178.0,853.0
2025-11-06T21:59:53Z,Run,2025-11-06 22:14:17+00:00,-8.04856374,-34.95307771,2.3299999237060547,88.0,178.0,854.0
2025-11-06T21:59:53Z,Run,2025-11-06 22:14:18+00:00,-8.04854442,-34.95306805,2.3299999237060547,88.0,179.0,855.0
2025-11-06T21:59:53Z,Run,2025-11-06 22:14:19+00:00,-8.04852475,-34.95305673,2.3299999237060547,89.0,179.0,856.0
2025-11-06T21:59:53Z,Run,2025-11-06 22:14:20+00:00,-8.04850609,-34.95304507,2.3299999237060547,89.0,179.0,857.0
2025-11-06T21:59:53Z,Run,2025-11-06 22:14:21+00:00,-8.04848642,-34.95303375,2.3299999237060547,89.0,180.0,858.0
2025-11-06T21:59:53Z,Run,2025-11-06 22:14:22+00:00,-8.04846743,-34.95302075,2.3299999237060547,88.0,181.0,859.0
2025-11-06T21:59:53Z,Run,2025-11-06 22:14:23+00:00,-8.04844877,-34.95300576,2.3299999237060547,88.0,181.0,860.0
2025-11-06T21:59:53Z,Run,2025-11-06 22:14:24+00:00,-8.04843178,-34.95298909,2.3299999237060547,88.0,181.0,861.0
2025-11-06T21:59:53Z,Run,2025-11-06 22:14:25+00:00,-8.04841612,-34.95297142,2.3299999237060547,89.0,181.0,862.0
2025-11-06T21:59:53Z,Run,2025-11-06 22:14:26+00:00,-8.04840113,-34.95295277,2.3299999237060547,89.0,181.0,863.0
2025-11-06T21:59:53Z,Run,2025-11-06 22:14:27+00:00,-8.04838747,-34.95293343,2.3299999237060547,89.0,181.0,864.0
2025-11-06T21:59:53Z,Run,2025-11-06 22:14:28+00:00,-8.04837514,-34.95291311,2.3299999237060547,89.0,181.0,865.0
2025-11-06T21:59:53Z,Run,2025-11-06 22:14:29+00:00,-8.0483638,-34.95289244,2.3399999141693115,88.0,181.0,866.0
2025-11-06T21:59:53Z,Run,2025-11-06 22:14:30+00:00,-8.04835214,-34.95287079,2.3399999141693115,88.0,179.0,867.0
2025-11-06T21:59:53Z,Run,2025-11-06 22:14:31+00:00,-8.04834215,-34.95285079,2.3499999046325684,88.0,179.0,868.0
2025-11-06T21:59:53Z,Run,2025-11-06 22:14:32+00:00,-8.04833248,-34.95283146,2.3499999046325684,88.0,179.0,869.0
2025-11-06T21:59:53Z,Run,2025-11-06 22:14:33+00:00,-8.04832516,-34.9528108,2.3499999046325684,88.0,179.0,870.0
2025-11-06T21:59:53Z,Run,2025-11-06 22:14:34+00:00,-8.0483185,-34.95278814,2.3499999046325684,89.0,178.0,871.0
2025-11-06T21:59:53Z,Run,2025-11-06 22:14:35+00:00,-8.04831183,-34.95276415,2.359999895095825,88.0,177.0,872.0
2025-11-06T21:59:53Z,Run,2025-11-06 22:14:36+00:00,-8.04830784,-34.95273915,2.359999895095825,89.0,177.0,873.0
2025-11-06T21:59:53Z,Run,2025-11-06 22:14:37+00:00,-8.04830551,-34.95271482,2.369999885559082,88.0,177.0,874.0
2025-11-06T21:59:53Z,Run,2025-11-06 22:14:38+00:00,-8.04830584,-34.95269149,2.369999885559082,88.0,177.0,875.0
2025-11-06T21:59:53Z,Run,2025-11-06 22:14:39+00:00,-8.04830717,-34.95266949,2.380000114440918,88.0,176.0,876.0
2025-11-06T21:59:53Z,Run,2025-11-06 22:14:40+00:00,-8.0483095,-34.95264684,2.380000114440918,89.0,176.0,877.0
2025-11-06T21:59:53Z,Run,2025-11-06 22:14:41+00:00,-8.04831382,-34.95262217,2.380000114440918,87.0,176.0,878.0
2025-11-06T21:59:53Z,Run,2025-11-06 22:14:42+00:00,-8.04832082,-34.95259585,2.380000114440918,88.0,176.0,879.0
2025-11-06T21:59:53Z,Run,2025-11-06 22:14:43+00:00,-8.04832581,-34.95256918,2.390000104904175,88.0,176.0,880.0
2025-11-06T21:59:53Z,Run,2025-11-06 22:14:44+00:00,-8.04832981,-34.95254386,2.390000104904175,88.0,176.0,881.0
2025-11-06T21:59:53Z,Run,2025-11-06 22:14:45+00:00,-8.04833247,-34.95251852,2.390000104904175,88.0,176.0,882.0
2025-11-06T21:59:53Z,Run,2025-11-06 22:14:46+00:00,-8.04833314,-34.9524932,2.4000000953674316,89.0,176.0,883.0
2025-11-06T21:59:53Z,Run,2025-11-06 22:14:47+00:00,-8.0483288,-34.95246754,2.4000000953674316,88.0,176.0,884.0
2025-11-06T21:59:53Z,Run,2025-11-06 22:14:48+00:00,-8.04832515,-34.95244055,2.4100000858306885,87.0,178.0,885.0
2025-11-06T21:59:53Z,Run,2025-11-06 22:14:49+00:00,-8.04832349,-34.95241322,2.4200000762939453,88.0,178.0,886.0
2025-11-06T21:59:53Z,Run,2025-11-06 22:14:50+00:00,-8.04832381,-34.9523879,2.4200000762939453,88.0,178.0,887.0
2025-11-06T21:59:53Z,Run,2025-11-06 22:14:51+00:00,-8.04832681,-34.95236524,2.4200000762939453,88.0,178.0,888.0
2025-11-06T21:59:53Z,Run,2025-11-06 22:14:52+00:00,-8.04833147,-34.95234291,2.430000066757202,88.0,178.0,889.0
2025-11-06T21:59:53Z,Run,2025-11-06 22:14:53+00:00,-8.04833414,-34.95231992,2.440000057220459,87.0,178.0,890.0
2025-11-06T21:59:53Z,Run,2025-11-06 22:14:54+00:00,-8.04833446,-34.95229726,2.450000047683716,88.0,177.0,891.0
2025-11-06T21:59:53Z,Run,2025-11-06 22:14:55+00:00,-8.04833546,-34.95227059,2.450000047683716,88.0,177.0,892.0
2025-11-06T21:59:53Z,Run,2025-11-06 22:14:56+00:00,-8.04833645,-34.95224327,2.450000047683716,88.0,177.0,893.0
2025-11-06T21:59:53Z,Run,2025-11-06 22:14:57+00:00,-8.04833777,-34.95221694,2.450000047683716,88.0,176.0,894.0
2025-11-06T21:59:53Z,Run,2025-11-06 22:14:58+00:00,-8.04833943,-34.95219494,2.509999990463257,88.0,176.0,895.0
2025-11-06T21:59:53Z,Run,2025-11-06 22:14:59+00:00,-8.0483411,-34.95217761,2.5299999713897705,88.0,176.0,896.0
2025-11-06T21:59:53Z,Run,2025-11-06 22:15:00+00:00,-8.04834409,-34.95216462,2.4800000190734863,88.0,175.0,897.0
2025-11-06T21:59:53Z,Run,2025-11-06 22:15:01+00:00,-8.04834674,-34.95215296,2.4200000762939453,88.0,175.0,898.0
2025-11-06T21:59:53Z,Run,2025-11-06 22:15:02+00:00,-8.04834773,-34.95214163,2.4200000762939453,88.0,175.0,899.0
2025-11-06T21:59:53Z,Run,2025-11-06 22:15:03+00:00,-8.0483484,-34.9521303,2.240000009536743,88.0,175.0,900.0
2025-11-06T21:59:53Z,Run,2025-11-06 22:15:04+00:00,-8.0483504,-34.95211764,1.9199999570846558,88.0,175.0,901.0
2025-11-06T21:59:53Z,Run,2025-11-06 22:15:05+00:00,-8.04835272,-34.95210299,1.600000023841858,88.0,175.0,902.0
2025-11-06T21:59:53Z,Run,2025-11-06 22:15:06+00:00,-8.04835505,-34.95208866,1.409999966621399,88.0,174.0,903.0
2025-11-06T21:59:53Z,Run,2025-11-06 22:15:07+00:00,-8.04835805,-34.95207333,1.3600000143051147,88.0,174.0,904.0
2025-11-06T21:59:53Z,Run,2025-11-06 22:15:08+00:00,-8.0483587,-34.95205966,1.3600000143051147,88.0,174.0,905.0
2025-11-06T21:59:53Z,Run,2025-11-06 22:15:09+00:00,-8.04835837,-34.95204767,1.3600000143051147,88.0,174.0,906.0
2025-11-06T21:59:53Z,Run,2025-11-06 22:15:10+00:00,-8.04835937,-34.95203535,1.340000033378601,88.0,174.0,907.0
2025-11-06T21:59:53Z,Run,2025-11-06 22:15:11+00:00,-8.04836036,-34.95202602,1.3300000429153442,88.0,172.0,908.0
2025-11-06T21:59:53Z,Run,2025-11-06 22:15:12+00:00,-8.04836004,-34.95201768,1.340000033378601,88.0,172.0,909.0
2025-11-06T21:59:53Z,Run,2025-11-06 22:15:13+00:00,-8.04836203,-34.95200903,1.3300000429153442,88.0,172.0,910.0
2025-11-06T21:59:53Z,Run,2025-11-06 22:15:14+00:00,-8.04836503,-34.95199904,1.3300000429153442,88.0,172.0,911.0
2025-11-06T21:59:53Z,Run,2025-11-06 22:15:15+00:00,-8.04836969,-34.95198704,1.2799999713897705,31.0,171.0,912.0
2025-11-06T21:59:53Z,Run,2025-11-06 22:15:16+00:00,-8.04837568,-34.95197371,1.2300000190734863,30.0,170.0,913.0
2025-11-06T21:59:53Z,Run,2025-11-06 22:15:17+00:00,-8.04838067,-34.95195939,1.2300000190734863,31.0,170.0,914.0
2025-11-06T21:59:53Z,Run,2025-11-06 22:15:18+00:00,-8.04838367,-34.95194606,1.25,31.0,170.0,915.0
2025-11-06T21:59:53Z,Run,2025-11-06 22:15:19+00:00,-8.04838433,-34.95193472,1.2999999523162842,31.0,169.0,916.0
2025-11-06T21:59:53Z,Run,2025-11-06 22:15:20+00:00,-8.04838401,-34.95192472,1.3799999952316284,31.0,169.0,917.0
2025-11-06T21:59:53Z,Run,2025-11-06 22:15:21+00:00,-8.04838201,-34.9519144,1.3799999952316284,31.0,169.0,918.0
2025-11-06T21:59:53Z,Run,2025-11-06 22:15:22+00:00,-8.04838067,-34.9519044,1.4199999570846558,31.0,167.0,919.0
2025-11-06T21:59:53Z,Run,2025-11-06 22:15:23+00:00,-8.04837867,-34.95189308,1.4199999570846558,31.0,167.0,920.0
2025-11-06T21:59:53Z,Run,2025-11-06 22:15:24+00:00,-8.04837668,-34.95188241,1.3899999856948853,31.0,167.0,921.0
2025-11-06T21:59:53Z,Run,2025-11-06 22:15:25+00:00,-8.04837668,-34.95187141,1.2999999523162842,31.0,170.0,922.0
2025-11-06T21:59:53Z,Run,2025-11-06 22:15:26+00:00,-8.04837635,-34.95185942,1.2400000095367432,31.0,166.0,923.0
2025-11-06T21:59:53Z,Run,2025-11-06 22:15:27+00:00,-8.04837902,-34.9518471,1.2400000095367432,31.0,166.0,924.0
2025-11-06T21:59:53Z,Run,2025-11-06 22:15:28+00:00,-8.04838234,-34.9518341,1.2300000190734863,31.0,164.0,925.0
2025-11-06T21:59:53Z,Run,2025-11-06 22:15:29+00:00,-8.04838534,-34.95182144,1.2100000381469727,31.0,162.0,926.0
2025-11-06T21:59:53Z,Run,2025-11-06 22:15:30+00:00,-8.04838666,-34.95180844,1.2100000381469727,31.0,159.0,927.0
2025-11-06T21:59:53Z,Run,2025-11-06 22:15:31+00:00,-8.04838699,-34.95179578,1.2599999904632568,31.0,158.0,928.0
2025-11-06T21:59:53Z,Run,2025-11-06 22:15:32+00:00,-8.04838732,-34.95178378,1.2999999523162842,31.0,158.0,929.0
2025-11-06T21:59:53Z,Run,2025-11-06 22:15:33+00:00,-8.04838732,-34.95177179,1.2999999523162842,31.0,158.0,930.0
2025-11-06T21:59:53Z,Run,2025-11-06 22:15:34+00:00,-8.04838764,-34.95176014,1.3200000524520874,31.0,157.0,931.0
2025-11-06T21:59:53Z,Run,2025-11-06 22:15:35+00:00,-8.04838831,-34.9517498,1.3200000524520874,31.0,155.0,932.0
2025-11-06T21:59:53Z,Run,2025-11-06 22:15:36+00:00,-8.04838798,-34.95173981,1.3200000524520874,31.0,153.0,933.0
2025-11-06T21:59:53Z,Run,2025-11-06 22:15:37+00:00,-8.04838732,-34.95173015,1.3300000429153442,30.0,146.0,934.0
2025-11-06T21:59:53Z,Run,2025-11-06 22:15:38+00:00,-8.04838764,-34.95171816,1.3200000524520874,30.0,145.0,935.0
2025-11-06T21:59:53Z,Run,2025-11-06 22:15:39+00:00,-8.04838864,-34.95170516,1.3200000524520874,30.0,145.0,936.0
2025-11-06T21:59:53Z,Run,2025-11-06 22:15:40+00:00,-8.04839163,-34.9516905,1.3200000524520874,30.0,143.0,937.0
2025-11-06T21:59:53Z,Run,2025-11-06 22:15:41+00:00,-8.04839462,-34.9516745,1.3200000524520874,30.0,141.0,938.0
2025-11-06T21:59:53Z,Run,2025-11-06 22:15:42+00:00,-8.04839695,-34.95165784,1.309999942779541,31.0,139.0,939.0
2025-11-06T21:59:53Z,Run,2025-11-06 22:15:43+00:00,-8.04839728,-34.95164218,1.309999942779541,30.0,139.0,940.0
2025-11-06T21:59:53Z,Run,2025-11-06 22:15:44+00:00,-8.04839695,-34.95162685,1.309999942779541,30.0,139.0,941.0
2025-11-06T21:59:53Z,Run,2025-11-06 22:15:45+00:00,-8.04839662,-34.95161219,1.309999942779541,30.0,139.0,942.0
2025-11-06T21:59:53Z,Run,2025-11-06 22:15:46+00:00,-8.04839597,-34.95159886,1.3200000524520874,31.0,140.0,943.0
2025-11-06T21:59:53Z,Run,2025-11-06 22:15:47+00:00,-8.04839497,-34.95158754,1.340000033378601,30.0,140.0,944.0
2025-11-06T21:59:53Z,Run,2025-11-06 22:15:48+00:00,-8.04839431,-34.95157787,1.350000023841858,30.0,142.0,945.0
2025-11-06T21:59:53Z,Run,2025-11-06 22:15:49+00:00,-8.04839364,-34.95156788,1.3600000143051147,30.0,148.0,946.0
2025-11-06T21:59:53Z,Run,2025-11-06 22:15:50+00:00,-8.04839463,-34.95155888,1.3700000047683716,30.0,143.0,947.0
2025-11-06T21:59:53Z,Run,2025-11-06 22:15:51+00:00,-8.0483973,-34.95155023,1.3700000047683716,30.0,143.0,948.0
2025-11-06T21:59:53Z,Run,2025-11-06 22:15:52+00:00,-8.04839962,-34.95154257,1.3700000047683716,30.0,142.0,949.0
2025-11-06T21:59:53Z,Run,2025-11-06 22:15:53+00:00,-8.04840296,-34.9515359,1.3600000143051147,30.0,142.0,950.0
2025-11-06T21:59:53Z,Run,2025-11-06 22:15:54+00:00,-8.04840661,-34.95152757,1.3600000143051147,30.0,141.0,951.0
2025-11-06T21:59:53Z,Run,2025-11-06 22:15:55+00:00,-8.04840961,-34.95151791,1.340000033378601,30.0,139.0,952.0
2025-11-06T21:59:53Z,Run,2025-11-06 22:15:56+00:00,-8.04841227,-34.95150791,1.3300000429153442,30.0,137.0,953.0
2025-11-06T21:59:53Z,Run,2025-11-06 22:15:57+00:00,-8.04841526,-34.95149659,1.3300000429153442,30.0,137.0,954.0
2025-11-06T21:59:53Z,Run,2025-11-06 22:15:58+00:00,-8.04841826,-34.95148592,1.3200000524520874,30.0,136.0,955.0
2025-11-06T21:59:53Z,Run,2025-11-06 22:15:59+00:00,-8.04842026,-34.95147493,1.309999942779541,31.0,134.0,956.0
2025-11-06T21:59:53Z,Run,2025-11-06 22:16:00+00:00,-8.04842225,-34.95146393,1.2899999618530273,31.0,133.0,957.0
2025-11-06T21:59:53Z,Run,2025-11-06 22:16:01+00:00,-8.04842392,-34.95145261,1.2899999618530273,31.0,131.0,958.0
2025-11-06T21:59:53Z,Run,2025-11-06 22:16:02+00:00,-8.04842524,-34.95144028,1.2799999713897705,31.0,130.0,959.0
2025-11-06T21:59:53Z,Run,2025-11-06 22:16:03+00:00,-8.04842556,-34.95142829,1.2799999713897705,31.0,130.0,960.0
2025-11-06T21:59:53Z,Run,2025-11-06 22:16:04+00:00,-8.04842623,-34.95141596,1.2699999809265137,31.0,128.0,961.0
2025-11-06T21:59:53Z,Run,2025-11-06 22:16:05+00:00,-8.04842823,-34.95140263,1.2699999809265137,31.0,128.0,962.0
2025-11-06T21:59:53Z,Run,2025-11-06 22:16:06+00:00,-8.04843023,-34.9513893,1.2699999809265137,31.0,129.0,963.0
2025-11-06T21:59:53Z,Run,2025-11-06 22:16:07+00:00,-8.04843155,-34.95137563,1.2599999904632568,31.0,127.0,964.0
2025-11-06T21:59:53Z,Run,2025-11-06 22:16:08+00:00,-8.04843254,-34.95136131,1.2599999904632568,31.0,125.0,965.0
2025-11-06T21:59:53Z,Run,2025-11-06 22:16:09+00:00,-8.0484342,-34.95134632,1.2599999904632568,31.0,125.0,966.0
2025-11-06T21:59:53Z,Run,2025-11-06 22:16:10+00:00,-8.04843653,-34.95133065,1.2699999809265137,31.0,125.0,967.0
2025-11-06T21:59:53Z,Run,2025-11-06 22:16:11+00:00,-8.04843752,-34.95131633,1.2699999809265137,30.0,126.0,968.0
2025-11-06T21:59:53Z,Run,2025-11-06 22:16:12+00:00,-8.04843819,-34.951302,1.2699999809265137,30.0,126.0,969.0
2025-11-06T21:59:53Z,Run,2025-11-06 22:16:13+00:00,-8.04843852,-34.95128834,1.2799999713897705,30.0,127.0,970.0
2025-11-06T21:59:53Z,Run,2025-11-06 22:16:14+00:00,-8.04843752,-34.95127434,1.2899999618530273,30.0,129.0,971.0
2025-11-06T21:59:53Z,Run,2025-11-06 22:16:15+00:00,-8.04843653,-34.951261,1.2899999618530273,30.0,129.0,972.0
2025-11-06T21:59:53Z,Run,2025-11-06 22:16:16+00:00,-8.04843653,-34.95124835,1.2999999523162842,30.0,134.0,973.0
2025-11-06T21:59:53Z,Run,2025-11-06 22:16:17+00:00,-8.04843752,-34.95123468,1.2999999523162842,30.0,127.0,974.0
2025-11-06T21:59:53Z,Run,2025-11-06 22:16:18+00:00,-8.04843852,-34.95122135,1.309999942779541,30.0,127.0,975.0
2025-11-06T21:59:53Z,Run,2025-11-06 22:16:19+00:00,-8.04843985,-34.95120702,1.3200000524520874,30.0,126.0,976.0
2025-11-06T21:59:53Z,Run,2025-11-06 22:16:20+00:00,-8.04844151,-34.9511927,1.3300000429153442,30.0,125.0,977.0
2025-11-06T21:59:53Z,Run,2025-11-06 22:16:21+00:00,-8.04844218,-34.95118004,1.3300000429153442,30.0,125.0,978.0
2025-11-06T21:59:53Z,Run,2025-11-06 22:16:22+00:00,-8.0484435,-34.95116771,1.3300000429153442,30.0,125.0,979.0
2025-11-06T21:59:53Z,Run,2025-11-06 22:16:23+00:00,-8.04844449,-34.95115539,1.340000033378601,30.0,125.0,980.0
2025-11-06T21:59:53Z,Run,2025-11-06 22:16:24+00:00,-8.04844482,-34.95114306,1.340000033378601,30.0,125.0,981.0
2025-11-06T21:59:53Z,Run,2025-11-06 22:16:25+00:00,-8.04844482,-34.95113073,1.350000023841858,30.0,127.0,982.0
2025-11-06T21:59:53Z,Run,2025-11-06 22:16:26+00:00,-8.04844515,-34.95111807,1.350000023841858,31.0,128.0,983.0
2025-11-06T21:59:53Z,Run,2025-11-06 22:16:27+00:00,-8.04844548,-34.95110507,1.350000023841858,31.0,128.0,984.0
2025-11-06T21:59:53Z,Run,2025-11-06 22:16:28+00:00,-8.04844548,-34.95109207,1.350000023841858,31.0,129.0,985.0
2025-11-06T21:59:53Z,Run,2025-11-06 22:16:29+00:00,-8.04844515,-34.95108008,1.350000023841858,31.0,130.0,986.0
2025-11-06T21:59:53Z,Run,2025-11-06 22:16:30+00:00,-8.04844383,-34.95106843,1.350000023841858,31.0,132.0,987.0
2025-11-06T21:59:53Z,Run,2025-11-06 22:16:31+00:00,-8.04844249,-34.95105709,1.350000023841858,30.0,129.0,988.0
2025-11-06T21:59:53Z,Run,2025-11-06 22:16:32+00:00,-8.04844084,-34.9510451,1.350000023841858,30.0,128.0,989.0
2025-11-06T21:59:53Z,Run,2025-11-06 22:16:33+00:00,-8.04843918,-34.9510321,1.350000023841858,30.0,128.0,990.0
2025-11-06T21:59:53Z,Run,2025-11-06 22:16:34+00:00,-8.04843818,-34.95101978,1.350000023841858,30.0,126.0,991.0
2025-11-06T21:59:53Z,Run,2025-11-06 22:16:35+00:00,-8.04843818,-34.95100645,1.3600000143051147,30.0,126.0,992.0
2025-11-06T21:59:53Z,Run,2025-11-06 22:16:36+00:00,-8.04843751,-34.95099412,1.3600000143051147,30.0,125.0,993.0
2025-11-06T21:59:53Z,Run,2025-11-06 22:16:37+00:00,-8.04843652,-34.95098146,1.3600000143051147,30.0,124.0,994.0
2025-11-06T21:59:53Z,Run,2025-11-06 22:16:38+00:00,-8.04843452,-34.95096812,1.3600000143051147,31.0,125.0,995.0
2025-11-06T21:59:53Z,Run,2025-11-06 22:16:39+00:00,-8.04843353,-34.95095513,1.3600000143051147,31.0,125.0,996.0
2025-11-06T21:59:53Z,Run,2025-11-06 22:16:40+00:00,-8.04843253,-34.95094113,1.3600000143051147,31.0,126.0,997.0
2025-11-06T21:59:53Z,Run,2025-11-06 22:16:41+00:00,-8.04843154,-34.95092914,1.3600000143051147,31.0,127.0,998.0
2025-11-06T21:59:53Z,Run,2025-11-06 22:16:42+00:00,-8.04843187,-34.95091681,1.3600000143051147,31.0,127.0,999.0
2025-11-06T21:59:53Z,Run,2025-11-06 22:16:43+00:00,-8.04843286,-34.95090515,1.3600000143051147,31.0,127.0,1000.0
2025-11-06T21:59:53Z,Run,2025-11-06 22:16:44+00:00,-8.04843386,-34.95089215,1.3600000143051147,31.0,127.0,1001.0
2025-11-06T21:59:53Z,Run,2025-11-06 22:16:45+00:00,-8.04843518,-34.95088016,1.3600000143051147,31.0,127.0,1002.0
2025-11-06T21:59:53Z,Run,2025-11-06 22:16:46+00:00,-8.04843718,-34.95086716,1.3600000143051147,31.0,128.0,1003.0
2025-11-06T21:59:53Z,Run,2025-11-06 22:16:47+00:00,-8.0484395,-34.95085417,1.3600000143051147,31.0,129.0,1004.0
2025-11-06T21:59:53Z,Run,2025-11-06 22:16:48+00:00,-8.04844116,-34.95084218,1.3700000047683716,31.0,129.0,1005.0
2025-11-06T21:59:53Z,Run,2025-11-06 22:16:49+00:00,-8.04844248,-34.95082918,1.3700000047683716,31.0,130.0,1006.0
2025-11-06T21:59:53Z,Run,2025-11-06 22:16:50+00:00,-8.04844315,-34.95081652,1.3700000047683716,31.0,130.0,1007.0
2025-11-06T21:59:53Z,Run,2025-11-06 22:16:51+00:00,-8.04844348,-34.95080353,1.3700000047683716,31.0,130.0,1008.0
2025-11-06T21:59:53Z,Run,2025-11-06 22:16:52+00:00,-8.04844614,-34.95078887,1.3700000047683716,31.0,130.0,1009.0
2025-11-06T21:59:53Z,Run,2025-11-06 22:16:53+00:00,-8.04844714,-34.9507752,1.3700000047683716,31.0,130.0,1010.0
2025-11-06T21:59:53Z,Run,2025-11-06 22:16:55+00:00,-8.04844747,-34.95075388,1.3700000047683716,31.0,136.0,1012.0
2025-11-06T21:59:53Z,Run,2025-11-06 22:16:56+00:00,-8.04844381,-34.95073456,1.3700000047683716,31.0,137.0,1013.0
2025-11-06T21:59:53Z,Run,2025-11-06 22:16:57+00:00,-8.04844513,-34.95072457,1.3700000047683716,31.0,138.0,1014.0
2025-11-06T21:59:53Z,Run,2025-11-06 22:16:58+00:00,-8.04844645,-34.95071623,1.3700000047683716,31.0,139.0,1015.0
2025-11-06T21:59:53Z,Run,2025-11-06 22:16:59+00:00,-8.04844779,-34.95070724,1.3600000143051147,31.0,132.0,1016.0
2025-11-06T21:59:53Z,Run,2025-11-06 22:17:00+00:00,-8.04844878,-34.95069658,1.3600000143051147,31.0,133.0,1017.0
2025-11-06T21:59:53Z,Run,2025-11-06 22:17:01+00:00,-8.04844943,-34.95068624,1.3600000143051147,31.0,131.0,1018.0
2025-11-06T21:59:53Z,Run,2025-11-06 22:17:02+00:00,-8.04844744,-34.95067892,1.3600000143051147,31.0,131.0,1019.0
2025-11-06T21:59:53Z,Run,2025-11-06 22:17:03+00:00,-8.04844144,-34.95067359,1.350000023841858,31.0,130.0,1020.0
2025-11-06T21:59:53Z,Run,2025-11-06 22:17:04+00:00,-8.04843478,-34.95066992,1.340000033378601,31.0,130.0,1021.0
2025-11-06T21:59:53Z,Run,2025-11-06 22:17:05+00:00,-8.04842679,-34.95066793,1.340000033378601,31.0,131.0,1022.0
2025-11-06T21:59:53Z,Run,2025-11-06 22:17:06+00:00,-8.04841879,-34.95066626,1.3300000429153442,31.0,132.0,1023.0
2025-11-06T21:59:53Z,Run,2025-11-06 22:17:07+00:00,-8.0484108,-34.95066393,1.3200000524520874,31.0,132.0,1024.0
2025-11-06T21:59:53Z,Run,2025-11-06 22:17:08+00:00,-8.04840114,-34.9506616,1.3200000524520874,31.0,132.0,1025.0
2025-11-06T21:59:53Z,Run,2025-11-06 22:17:09+00:00,-8.04839014,-34.95066027,1.309999942779541,31.0,133.0,1026.0
2025-11-06T21:59:53Z,Run,2025-11-06 22:17:10+00:00,-8.04837882,-34.95065928,1.2999999523162842,31.0,132.0,1027.0
2025-11-06T21:59:53Z,Run,2025-11-06 22:17:11+00:00,-8.04836748,-34.95065828,1.2899999618530273,31.0,131.0,1028.0
2025-11-06T21:59:53Z,Run,2025-11-06 22:17:12+00:00,-8.04835448,-34.95065696,1.2799999713897705,31.0,131.0,1029.0
2025-11-06T21:59:53Z,Run,2025-11-06 22:17:13+00:00,-8.04833983,-34.95065596,1.2799999713897705,31.0,131.0,1030.0
2025-11-06T21:59:53Z,Run,2025-11-06 22:17:14+00:00,-8.04832317,-34.9506543,1.2799999713897705,31.0,131.0,1031.0
2025-11-06T21:59:53Z,Run,2025-11-06 22:17:15+00:00,-8.0483055,-34.95065264,1.25,31.0,131.0,1032.0
2025-11-06T21:59:53Z,Run,2025-11-06 22:17:16+00:00,-8.04828617,-34.95065131,1.2599999904632568,31.0,132.0,1033.0
2025-11-06T21:59:53Z,Run,2025-11-06 22:17:17+00:00,-8.04826418,-34.95065031,1.4199999570846558,31.0,132.0,1034.0
2025-11-06T21:59:53Z,Run,2025-11-06 22:17:18+00:00,-8.04824352,-34.95064832,1.6699999570846558,87.0,133.0,1035.0
2025-11-06T21:59:53Z,Run,2025-11-06 22:17:19+00:00,-8.04822252,-34.95064533,1.909999966621399,87.0,134.0,1036.0
2025-11-06T21:59:53Z,Run,2025-11-06 22:17:20+00:00,-8.04820119,-34.95064067,1.909999966621399,87.0,134.0,1037.0
2025-11-06T21:59:53Z,Run,2025-11-06 22:17:21+00:00,-8.04817987,-34.95063567,2.0799999237060547,86.0,134.0,1038.0
2025-11-06T21:59:53Z,Run,2025-11-06 22:17:22+00:00,-8.04815854,-34.95063033,2.190000057220459,85.0,134.0,1039.0
2025-11-06T21:59:53Z,Run,2025-11-06 22:17:23+00:00,-8.04813854,-34.95062434,2.2799999713897705,84.0,133.0,1040.0
2025-11-06T21:59:53Z,Run,2025-11-06 22:17:24+00:00,-8.04811789,-34.95061735,2.3299999237060547,83.0,132.0,1041.0
2025-11-06T21:59:53Z,Run,2025-11-06 22:17:25+00:00,-8.04810089,-34.95061069,2.3499999046325684,83.0,132.0,1042.0
2025-11-06T21:59:53Z,Run,2025-11-06 22:17:26+00:00,-8.04808556,-34.95060603,2.3499999046325684,83.0,132.0,1043.0
2025-11-06T21:59:53Z,Run,2025-11-06 22:17:27+00:00,-8.04807057,-34.95059936,2.3499999046325684,84.0,132.0,1044.0
2025-11-06T21:59:53Z,Run,2025-11-06 22:17:28+00:00,-8.04805391,-34.95059371,2.3399999141693115,84.0,131.0,1045.0
2025-11-06T21:59:53Z,Run,2025-11-06 22:17:29+00:00,-8.04803657,-34.95058972,2.2899999618530273,86.0,130.0,1046.0
2025-11-06T21:59:53Z,Run,2025-11-06 22:17:30+00:00,-8.04801792,-34.95058738,2.200000047683716,87.0,129.0,1047.0
2025-11-06T21:59:53Z,Run,2025-11-06 22:17:31+00:00,-8.04799825,-34.95058572,2.119999885559082,87.0,129.0,1048.0
2025-11-06T21:59:53Z,Run,2025-11-06 22:17:32+00:00,-8.04797825,-34.95058305,2.119999885559082,87.0,129.0,1049.0
2025-11-06T21:59:53Z,Run,2025-11-06 22:17:33+00:00,-8.04795725,-34.95058073,2.0899999141693115,87.0,129.0,1050.0
2025-11-06T21:59:53Z,Run,2025-11-06 22:17:34+00:00,-8.04793626,-34.95057973,2.0899999141693115,87.0,129.0,1051.0
2025-11-06T21:59:53Z,Run,2025-11-06 22:17:35+00:00,-8.04791493,-34.9505794,2.119999885559082,87.0,128.0,1052.0
2025-11-06T21:59:53Z,Run,2025-11-06 22:17:36+00:00,-8.04789494,-34.95058039,2.190000057220459,87.0,128.0,1053.0
2025-11-06T21:59:53Z,Run,2025-11-06 22:17:37+00:00,-8.0478746,-34.95058173,2.259999990463257,88.0,127.0,1054.0
2025-11-06T21:59:53Z,Run,2025-11-06 22:17:38+00:00,-8.04785328,-34.95058205,2.259999990463257,88.0,127.0,1055.0
2025-11-06T21:59:53Z,Run,2025-11-06 22:17:39+00:00,-8.04783128,-34.95058205,2.319999933242798,88.0,126.0,1056.0
2025-11-06T21:59:53Z,Run,2025-11-06 22:17:40+00:00,-8.04780829,-34.95058173,2.3399999141693115,88.0,126.0,1057.0
2025-11-06T21:59:53Z,Run,2025-11-06 22:17:41+00:00,-8.04778563,-34.95058039,2.3299999237060547,88.0,126.0,1058.0
2025-11-06T21:59:53Z,Run,2025-11-06 22:17:42+00:00,-8.04776297,-34.95057907,2.3499999046325684,88.0,126.0,1059.0
2025-11-06T21:59:53Z,Run,2025-11-06 22:17:43+00:00,-8.04773997,-34.95057808,2.4100000858306885,88.0,126.0,1060.0
2025-11-06T21:59:53Z,Run,2025-11-06 22:17:44+00:00,-8.04771798,-34.95057775,2.4100000858306885,88.0,126.0,1061.0
2025-11-06T21:59:53Z,Run,2025-11-06 22:17:45+00:00,-8.04769599,-34.95057841,2.4600000381469727,88.0,126.0,1062.0
2025-11-06T21:59:53Z,Run,2025-11-06 22:17:46+00:00,-8.04767432,-34.95057809,2.4800000190734863,88.0,126.0,1063.0
2025-11-06T21:59:53Z,Run,2025-11-06 22:17:47+00:00,-8.04765133,-34.95057841,2.4800000190734863,87.0,126.0,1064.0
2025-11-06T21:59:53Z,Run,2025-11-06 22:17:48+00:00,-8.04762833,-34.95057874,2.490000009536743,88.0,126.0,1065.0
2025-11-06T21:59:53Z,Run,2025-11-06 22:17:49+00:00,-8.04760567,-34.95057874,2.5,88.0,126.0,1066.0
2025-11-06T21:59:53Z,Run,2025-11-06 22:17:50+00:00,-8.04758234,-34.95057841,2.509999990463257,89.0,126.0,1067.0
2025-11-06T21:59:53Z,Run,2025-11-06 22:17:51+00:00,-8.04755902,-34.95057775,2.509999990463257,89.0,126.0,1068.0
2025-11-06T21:59:53Z,Run,2025-11-06 22:17:52+00:00,-8.04753636,-34.95057642,2.5299999713897705,88.0,126.0,1069.0
2025-11-06T21:59:53Z,Run,2025-11-06 22:17:53+00:00,-8.04751336,-34.95057577,2.549999952316284,89.0,126.0,1070.0
2025-11-06T21:59:53Z,Run,2025-11-06 22:17:54+00:00,-8.0474907,-34.95057477,2.549999952316284,89.0,126.0,1071.0
2025-11-06T21:59:53Z,Run,2025-11-06 22:17:55+00:00,-8.04746905,-34.95057311,2.549999952316284,89.0,126.0,1072.0
2025-11-06T21:59:53Z,Run,2025-11-06 22:17:56+00:00,-8.04744672,-34.95057178,2.549999952316284,89.0,126.0,1073.0
2025-11-06T21:59:53Z,Run,2025-11-06 22:17:57+00:00,-8.04742406,-34.95057045,2.549999952316284,88.0,127.0,1074.0
2025-11-06T21:59:53Z,Run,2025-11-06 22:17:58+00:00,-8.04740207,-34.95056879,2.549999952316284,88.0,127.0,1075.0
2025-11-06T21:59:53Z,Run,2025-11-06 22:17:59+00:00,-8.04737873,-34.95056746,2.549999952316284,88.0,127.0,1076.0
2025-11-06T21:59:53Z,Run,2025-11-06 22:18:00+00:00,-8.04735541,-34.9505658,2.5399999618530273,87.0,127.0,1077.0
2025-11-06T21:59:53Z,Run,2025-11-06 22:18:01+00:00,-8.04733342,-34.95056414,2.5399999618530273,87.0,126.0,1078.0
2025-11-06T21:59:53Z,Run,2025-11-06 22:18:02+00:00,-8.04731075,-34.95056214,2.5399999618530273,87.0,126.0,1079.0
2025-11-06T21:59:53Z,Run,2025-11-06 22:18:03+00:00,-8.04729076,-34.95056014,2.5399999618530273,87.0,126.0,1080.0
2025-11-06T21:59:53Z,Run,2025-11-06 22:18:04+00:00,-8.04726911,-34.95055715,2.5299999713897705,87.0,126.0,1081.0
2025-11-06T21:59:53Z,Run,2025-11-06 22:18:05+00:00,-8.04724678,-34.95055349,2.5299999713897705,88.0,126.0,1082.0
2025-11-06T21:59:53Z,Run,2025-11-06 22:18:06+00:00,-8.04722478,-34.95054949,2.5299999713897705,88.0,126.0,1083.0
2025-11-06T21:59:53Z,Run,2025-11-06 22:18:07+00:00,-8.04720179,-34.9505455,2.5299999713897705,88.0,126.0,1084.0
2025-11-06T21:59:53Z,Run,2025-11-06 22:18:08+00:00,-8.04717713,-34.95054117,2.5299999713897705,88.0,126.0,1085.0
2025-11-06T21:59:53Z,Run,2025-11-06 22:18:09+00:00,-8.0471528,-34.95053851,2.5299999713897705,88.0,125.0,1086.0
2025-11-06T21:59:53Z,Run,2025-11-06 22:18:10+00:00,-8.0471298,-34.95053651,2.5299999713897705,88.0,125.0,1087.0
2025-11-06T21:59:53Z,Run,2025-11-06 22:18:11+00:00,-8.04710681,-34.95053651,2.5299999713897705,87.0,125.0,1088.0
2025-11-06T21:59:53Z,Run,2025-11-06 22:18:12+00:00,-8.04708381,-34.95053684,2.5299999713897705,88.0,125.0,1089.0
2025-11-06T21:59:53Z,Run,2025-11-06 22:18:13+00:00,-8.04706049,-34.95053716,2.5299999713897705,88.0,123.0,1090.0
2025-11-06T21:59:53Z,Run,2025-11-06 22:18:14+00:00,-8.04703849,-34.95053716,2.5299999713897705,87.0,123.0,1091.0
2025-11-06T21:59:53Z,Run,2025-11-06 22:18:15+00:00,-8.04701749,-34.95053584,2.5299999713897705,87.0,123.0,1092.0
2025-11-06T21:59:53Z,Run,2025-11-06 22:18:16+00:00,-8.04699583,-34.9505325,2.5299999713897705,88.0,123.0,1093.0
2025-11-06T21:59:53Z,Run,2025-11-06 22:18:17+00:00,-8.04697583,-34.95052718,2.5299999713897705,88.0,123.0,1094.0
2025-11-06T21:59:53Z,Run,2025-11-06 22:18:18+00:00,-8.04695284,-34.95052451,2.5299999713897705,88.0,123.0,1095.0
2025-11-06T21:59:53Z,Run,2025-11-06 22:18:19+00:00,-8.04692885,-34.95052285,2.5299999713897705,88.0,123.0,1096.0
2025-11-06T21:59:53Z,Run,2025-11-06 22:18:20+00:00,-8.04690685,-34.95052186,2.5299999713897705,89.0,124.0,1097.0
2025-11-06T21:59:53Z,Run,2025-11-06 22:18:21+00:00,-8.04688253,-34.95051986,2.5299999713897705,89.0,124.0,1098.0
2025-11-06T21:59:53Z,Run,2025-11-06 22:18:22+00:00,-8.04686086,-34.95051819,2.5299999713897705,89.0,124.0,1099.0
2025-11-06T21:59:53Z,Run,2025-11-06 22:18:23+00:00,-8.04683986,-34.9505162,2.5299999713897705,88.0,125.0,1100.0
2025-11-06T21:59:53Z,Run,2025-11-06 22:18:24+00:00,-8.04681854,-34.95051353,2.5299999713897705,88.0,125.0,1101.0
2025-11-06T21:59:53Z,Run,2025-11-06 22:18:25+00:00,-8.04679421,-34.95050987,2.5299999713897705,88.0,125.0,1102.0
2025-11-06T21:59:53Z,Run,2025-11-06 22:18:26+00:00,-8.04677087,-34.95050654,2.5299999713897705,88.0,125.0,1103.0
2025-11-06T21:59:53Z,Run,2025-11-06 22:18:27+00:00,-8.04674854,-34.95050154,2.5299999713897705,88.0,125.0,1104.0
2025-11-06T21:59:53Z,Run,2025-11-06 22:18:28+00:00,-8.04672722,-34.95049522,2.5299999713897705,88.0,125.0,1105.0
2025-11-06T21:59:53Z,Run,2025-11-06 22:18:29+00:00,-8.04670622,-34.95049056,2.5299999713897705,88.0,124.0,1106.0
2025-11-06T21:59:53Z,Run,2025-11-06 22:18:30+00:00,-8.04668556,-34.9504869,2.5299999713897705,88.0,123.0,1107.0
2025-11-06T21:59:53Z,Run,2025-11-06 22:18:31+00:00,-8.04666489,-34.95048391,2.5299999713897705,87.0,123.0,1108.0
2025-11-06T21:59:53Z,Run,2025-11-06 22:18:32+00:00,-8.04664424,-34.95048191,2.5299999713897705,87.0,123.0,1109.0
2025-11-06T21:59:53Z,Run,2025-11-06 22:18:33+00:00,-8.0466219,-34.95048224,2.5299999713897705,87.0,123.0,1110.0
2025-11-06T21:59:53Z,Run,2025-11-06 22:18:34+00:00,-8.04660058,-34.9504829,2.5299999713897705,87.0,124.0,1111.0
2025-11-06T21:59:53Z,Run,2025-11-06 22:18:35+00:00,-8.04658159,-34.95048555,2.5199999809265137,87.0,124.0,1112.0
2025-11-06T21:59:53Z,Run,2025-11-06 22:18:36+00:00,-8.04657026,-34.95048954,2.5199999809265137,83.0,124.0,1113.0
2025-11-06T21:59:53Z,Run,2025-11-06 22:18:37+00:00,-8.04656727,-34.95049221,2.509999990463257,84.0,125.0,1114.0
2025-11-06T21:59:53Z,Run,2025-11-06 22:18:38+00:00,-8.0465746,-34.95048922,2.509999990463257,85.0,125.0,1115.0
2025-11-06T21:59:53Z,Run,2025-11-06 22:18:39+00:00,-8.04658826,-34.95048422,2.509999990463257,85.0,125.0,1116.0
2025-11-06T21:59:53Z,Run,2025-11-06 22:18:40+00:00,-8.04660525,-34.95047723,2.5,86.0,126.0,1117.0
2025-11-06T21:59:53Z,Run,2025-11-06 22:18:41+00:00,-8.04662458,-34.95046824,2.4800000190734863,87.0,125.0,1118.0
2025-11-06T21:59:53Z,Run,2025-11-06 22:18:42+00:00,-8.04664657,-34.95045757,2.190000057220459,88.0,125.0,1119.0
2025-11-06T21:59:53Z,Run,2025-11-06 22:18:43+00:00,-8.04666957,-34.95044892,1.909999966621399,88.0,126.0,1120.0
2025-11-06T21:59:53Z,Run,2025-11-06 22:18:44+00:00,-8.04669256,-34.95044158,1.9700000286102295,87.0,127.0,1121.0
2025-11-06T21:59:53Z,Run,2025-11-06 22:18:45+00:00,-8.04671623,-34.95043593,1.9700000286102295,87.0,127.0,1122.0
2025-11-06T21:59:53Z,Run,2025-11-06 22:18:46+00:00,-8.04673989,-34.95043227,2.2300000190734863,88.0,126.0,1123.0
2025-11-06T21:59:53Z,Run,2025-11-06 22:18:47+00:00,-8.04676388,-34.95042895,2.4800000190734863,88.0,125.0,1124.0
2025-11-06T21:59:53Z,Run,2025-11-06 22:18:48+00:00,-8.04678688,-34.95042661,2.569999933242798,88.0,125.0,1125.0
2025-11-06T21:59:53Z,Run,2025-11-06 22:18:49+00:00,-8.04681022,-34.95042461,2.5999999046325684,88.0,160.0,1126.0
2025-11-06T21:59:53Z,Run,2025-11-06 22:18:50+00:00,-8.04683154,-34.95042461,2.5999999046325684,88.0,177.0,1127.0
2025-11-06T21:59:53Z,Run,2025-11-06 22:18:51+00:00,-8.04685153,-34.95042494,2.5999999046325684,88.0,177.0,1128.0
2025-11-06T21:59:53Z,Run,2025-11-06 22:18:52+00:00,-8.04687186,-34.95042494,2.5999999046325684,88.0,184.0,1129.0
2025-11-06T21:59:53Z,Run,2025-11-06 22:18:53+00:00,-8.04689352,-34.95042428,2.5899999141693115,88.0,187.0,1130.0
2025-11-06T21:59:53Z,Run,2025-11-06 22:18:54+00:00,-8.04691585,-34.95042261,2.559999942779541,88.0,188.0,1131.0
2025-11-06T21:59:53Z,Run,2025-11-06 22:18:55+00:00,-8.04693984,-34.95042096,2.5199999809265137,88.0,188.0,1132.0
2025-11-06T21:59:53Z,Run,2025-11-06 22:18:56+00:00,-8.0469655,-34.95041996,2.5,88.0,189.0,1133.0
2025-11-06T21:59:53Z,Run,2025-11-06 22:18:57+00:00,-8.04699217,-34.95041863,2.5,88.0,189.0,1134.0
2025-11-06T21:59:53Z,Run,2025-11-06 22:18:58+00:00,-8.04701749,-34.95041831,2.509999990463257,88.0,190.0,1135.0
2025-11-06T21:59:53Z,Run,2025-11-06 22:18:59+00:00,-8.04704049,-34.95041863,2.5199999809265137,88.0,191.0,1136.0
2025-11-06T21:59:53Z,Run,2025-11-06 22:19:00+00:00,-8.04706448,-34.95041962,2.5299999713897705,89.0,192.0,1137.0
2025-11-06T21:59:53Z,Run,2025-11-06 22:19:01+00:00,-8.04708681,-34.95042062,2.5399999618530273,88.0,191.0,1138.0
2025-11-06T21:59:53Z,Run,2025-11-06 22:19:02+00:00,-8.0471108,-34.95042295,2.549999952316284,88.0,191.0,1139.0
2025-11-06T21:59:53Z,Run,2025-11-06 22:19:03+00:00,-8.04713479,-34.95042328,2.549999952316284,88.0,191.0,1140.0
2025-11-06T21:59:53Z,Run,2025-11-06 22:19:04+00:00,-8.04715713,-34.95042095,2.549999952316284,89.0,191.0,1141.0
2025-11-06T21:59:53Z,Run,2025-11-06 22:19:05+00:00,-8.04718045,-34.95041995,2.5399999618530273,88.0,191.0,1142.0
2025-11-06T21:59:53Z,Run,2025-11-06 22:19:06+00:00,-8.04720377,-34.95041995,2.5299999713897705,88.0,191.0,1143.0
2025-11-06T21:59:53Z,Run,2025-11-06 22:19:07+00:00,-8.04722744,-34.95042027,2.509999990463257,88.0,190.0,1144.0
2025-11-06T21:59:53Z,Run,2025-11-06 22:19:08+00:00,-8.04725177,-34.9504216,2.509999990463257,88.0,190.0,1145.0
2025-11-06T21:59:53Z,Run,2025-11-06 22:19:09+00:00,-8.04727676,-34.9504236,2.509999990463257,88.0,190.0,1146.0
2025-11-06T21:59:53Z,Run,2025-11-06 22:19:10+00:00,-8.04730109,-34.95042726,2.509999990463257,88.0,190.0,1147.0
2025-11-06T21:59:53Z,Run,2025-11-06 22:19:11+00:00,-8.04732475,-34.95042993,2.5199999809265137,87.0,189.0,1148.0
2025-11-06T21:59:53Z,Run,2025-11-06 22:19:12+00:00,-8.04734809,-34.95043193,2.5299999713897705,88.0,189.0,1149.0
2025-11-06T21:59:53Z,Run,2025-11-06 22:19:13+00:00,-8.04737142,-34.95043492,2.5399999618530273,88.0,189.0,1150.0
2025-11-06T21:59:53Z,Run,2025-11-06 22:19:14+00:00,-8.04739208,-34.95043824,2.549999952316284,88.0,188.0,1151.0
2025-11-06T21:59:53Z,Run,2025-11-06 22:19:15+00:00,-8.04741373,-34.95044057,2.549999952316284,88.0,188.0,1152.0
2025-11-06T21:59:53Z,Run,2025-11-06 22:19:16+00:00,-8.04743707,-34.95044456,2.559999942779541,88.0,188.0,1153.0
2025-11-06T21:59:53Z,Run,2025-11-06 22:19:17+00:00,-8.04746006,-34.9504489,2.5799999237060547,89.0,187.0,1154.0
2025-11-06T21:59:53Z,Run,2025-11-06 22:19:18+00:00,-8.04748339,-34.95045289,2.5899999141693115,88.0,187.0,1155.0
2025-11-06T21:59:53Z,Run,2025-11-06 22:19:19+00:00,-8.04750638,-34.95045722,2.5899999141693115,89.0,186.0,1156.0
2025-11-06T21:59:53Z,Run,2025-11-06 22:19:20+00:00,-8.04752871,-34.95046121,2.5899999141693115,89.0,186.0,1157.0
2025-11-06T21:59:53Z,Run,2025-11-06 22:19:21+00:00,-8.04755038,-34.95046453,2.5899999141693115,89.0,186.0,1158.0
2025-11-06T21:59:53Z,Run,2025-11-06 22:19:22+00:00,-8.04757237,-34.9504662,2.5899999141693115,89.0,186.0,1159.0
2025-11-06T21:59:53Z,Run,2025-11-06 22:19:23+00:00,-8.04759404,-34.95046652,2.5899999141693115,88.0,185.0,1160.0
2025-11-06T21:59:53Z,Run,2025-11-06 22:19:24+00:00,-8.04761436,-34.95046685,2.5899999141693115,88.0,185.0,1161.0
2025-11-06T21:59:53Z,Run,2025-11-06 22:19:25+00:00,-8.04763635,-34.95046717,2.5899999141693115,88.0,185.0,1162.0
2025-11-06T21:59:53Z,Run,2025-11-06 22:19:26+00:00,-8.04765868,-34.95046717,2.5899999141693115,88.0,185.0,1163.0
2025-11-06T21:59:53Z,Run,2025-11-06 22:19:27+00:00,-8.04768067,-34.95046749,2.5899999141693115,88.0,185.0,1164.0
2025-11-06T21:59:53Z,Run,2025-11-06 22:19:28+00:00,-8.04770333,-34.95046816,2.5799999237060547,88.0,184.0,1165.0
2025-11-06T21:59:53Z,Run,2025-11-06 22:19:29+00:00,-8.04772333,-34.95047048,2.569999933242798,88.0,184.0,1166.0
2025-11-06T21:59:53Z,Run,2025-11-06 22:19:30+00:00,-8.04774566,-34.95047448,2.569999933242798,88.0,184.0,1167.0
2025-11-06T21:59:53Z,Run,2025-11-06 22:19:31+00:00,-8.04776699,-34.95047847,2.569999933242798,88.0,185.0,1168.0
2025-11-06T21:59:53Z,Run,2025-11-06 22:19:32+00:00,-8.04778932,-34.95048081,2.559999942779541,88.0,185.0,1169.0
2025-11-06T21:59:53Z,Run,2025-11-06 22:19:33+00:00,-8.04781165,-34.95048314,2.559999942779541,88.0,185.0,1170.0
2025-11-06T21:59:53Z,Run,2025-11-06 22:19:34+00:00,-8.04783498,-34.95048514,2.549999952316284,88.0,185.0,1171.0
2025-11-06T21:59:53Z,Run,2025-11-06 22:19:35+00:00,-8.04785998,-34.95048546,2.549999952316284,89.0,185.0,1172.0
2025-11-06T21:59:53Z,Run,2025-11-06 22:19:36+00:00,-8.0478833,-34.95048446,2.549999952316284,89.0,185.0,1173.0
2025-11-06T21:59:53Z,Run,2025-11-06 22:19:37+00:00,-8.04790563,-34.95048381,2.549999952316284,88.0,185.0,1174.0
2025-11-06T21:59:53Z,Run,2025-11-06 22:19:38+00:00,-8.04792829,-34.95048514,2.5399999618530273,87.0,185.0,1175.0
2025-11-06T21:59:53Z,Run,2025-11-06 22:19:39+00:00,-8.04795095,-34.95048414,2.5399999618530273,87.0,185.0,1176.0
2025-11-06T21:59:53Z,Run,2025-11-06 22:19:40+00:00,-8.04797228,-34.95048282,2.5399999618530273,87.0,185.0,1177.0
2025-11-06T21:59:53Z,Run,2025-11-06 22:19:41+00:00,-8.04799494,-34.95048115,2.5299999713897705,88.0,185.0,1178.0
2025-11-06T21:59:53Z,Run,2025-11-06 22:19:42+00:00,-8.04801659,-34.95048115,2.5299999713897705,88.0,185.0,1179.0
2025-11-06T21:59:53Z,Run,2025-11-06 22:19:43+00:00,-8.04803725,-34.95048248,2.5299999713897705,88.0,185.0,1180.0
2025-11-06T21:59:53Z,Run,2025-11-06 22:19:44+00:00,-8.04805757,-34.95048547,2.5299999713897705,88.0,184.0,1181.0
2025-11-06T21:59:53Z,Run,2025-11-06 22:19:45+00:00,-8.04807791,-34.9504888,2.5299999713897705,88.0,183.0,1182.0
2025-11-06T21:59:53Z,Run,2025-11-06 22:19:46+00:00,-8.04809623,-34.95049179,2.5299999713897705,88.0,183.0,1183.0
2025-11-06T21:59:53Z,Run,2025-11-06 22:19:47+00:00,-8.0481159,-34.95049379,2.5199999809265137,86.0,182.0,1184.0
2025-11-06T21:59:53Z,Run,2025-11-06 22:19:48+00:00,-8.04813456,-34.95049346,2.509999990463257,86.0,182.0,1185.0
2025-11-06T21:59:53Z,Run,2025-11-06 22:19:49+00:00,-8.04815322,-34.95049246,2.509999990463257,87.0,181.0,1186.0
2025-11-06T21:59:53Z,Run,2025-11-06 22:19:50+00:00,-8.04817422,-34.95048981,2.5,88.0,181.0,1187.0
2025-11-06T21:59:53Z,Run,2025-11-06 22:19:51+00:00,-8.04819522,-34.95048848,2.490000009536743,88.0,181.0,1188.0
2025-11-06T21:59:53Z,Run,2025-11-06 22:19:52+00:00,-8.04821821,-34.95048549,2.490000009536743,88.0,181.0,1189.0
2025-11-06T21:59:53Z,Run,2025-11-06 22:19:53+00:00,-8.04824054,-34.95048517,2.4800000190734863,88.0,181.0,1190.0
2025-11-06T21:59:53Z,Run,2025-11-06 22:19:54+00:00,-8.04826421,-34.95048484,2.4700000286102295,87.0,181.0,1191.0
2025-11-06T21:59:53Z,Run,2025-11-06 22:19:55+00:00,-8.04828953,-34.95048484,2.4600000381469727,88.0,181.0,1192.0
2025-11-06T21:59:53Z,Run,2025-11-06 22:19:56+00:00,-8.04831386,-34.95048717,2.4600000381469727,88.0,181.0,1193.0
2025-11-06T21:59:53Z,Run,2025-11-06 22:19:57+00:00,-8.04833918,-34.95049117,2.4600000381469727,88.0,181.0,1194.0
2025-11-06T21:59:53Z,Run,2025-11-06 22:19:58+00:00,-8.04836385,-34.95049549,2.4600000381469727,88.0,182.0,1195.0
2025-11-06T21:59:53Z,Run,2025-11-06 22:19:59+00:00,-8.04838751,-34.95049949,2.4600000381469727,88.0,182.0,1196.0
2025-11-06T21:59:53Z,Run,2025-11-06 22:20:00+00:00,-8.04840817,-34.95050448,2.4600000381469727,88.0,183.0,1197.0
2025-11-06T21:59:53Z,Run,2025-11-06 22:20:01+00:00,-8.0484305,-34.95050915,2.4600000381469727,88.0,183.0,1198.0
2025-11-06T21:59:53Z,Run,2025-11-06 22:20:02+00:00,-8.0484525,-34.95051482,2.4600000381469727,87.0,183.0,1199.0
2025-11-06T21:59:53Z,Run,2025-11-06 22:20:03+00:00,-8.04847349,-34.95051948,2.4600000381469727,87.0,182.0,1200.0
2025-11-06T21:59:53Z,Run,2025-11-06 22:20:04+00:00,-8.04849383,-34.95052482,2.4600000381469727,87.0,182.0,1201.0
2025-11-06T21:59:53Z,Run,2025-11-06 22:20:05+00:00,-8.04851382,-34.95053015,2.4600000381469727,85.0,182.0,1202.0
2025-11-06T21:59:53Z,Run,2025-11-06 22:20:06+00:00,-8.04853182,-34.95053647,2.4600000381469727,85.0,182.0,1203.0
2025-11-06T21:59:53Z,Run,2025-11-06 22:20:07+00:00,-8.04854814,-34.95054447,2.4600000381469727,85.0,182.0,1204.0
2025-11-06T21:59:53Z,Run,2025-11-06 22:20:08+00:00,-8.04856147,-34.95055547,2.4600000381469727,86.0,182.0,1205.0
2025-11-06T21:59:53Z,Run,2025-11-06 22:20:09+00:00,-8.04857346,-34.95056813,2.450000047683716,87.0,182.0,1206.0
2025-11-06T21:59:53Z,Run,2025-11-06 22:20:10+00:00,-8.04858245,-34.95058213,2.450000047683716,87.0,182.0,1207.0
2025-11-06T21:59:53Z,Run,2025-11-06 22:20:11+00:00,-8.04858845,-34.95060046,2.450000047683716,88.0,182.0,1208.0
2025-11-06T21:59:53Z,Run,2025-11-06 22:20:12+00:00,-8.04859078,-34.95062179,2.440000057220459,88.0,182.0,1209.0
2025-11-06T21:59:53Z,Run,2025-11-06 22:20:13+00:00,-8.0485921,-34.95064444,2.430000066757202,88.0,181.0,1210.0
2025-11-06T21:59:53Z,Run,2025-11-06 22:20:14+00:00,-8.0485921,-34.95066743,2.4200000762939453,88.0,181.0,1211.0
2025-11-06T21:59:53Z,Run,2025-11-06 22:20:15+00:00,-8.04859243,-34.95068977,2.4100000858306885,88.0,181.0,1212.0
2025-11-06T21:59:53Z,Run,2025-11-06 22:20:16+00:00,-8.04859143,-34.9507111,2.4100000858306885,88.0,181.0,1213.0
2025-11-06T21:59:53Z,Run,2025-11-06 22:20:17+00:00,-8.04858844,-34.95073277,2.4000000953674316,88.0,181.0,1214.0
2025-11-06T21:59:53Z,Run,2025-11-06 22:20:18+00:00,-8.04858444,-34.95075476,2.4000000953674316,88.0,181.0,1215.0
2025-11-06T21:59:53Z,Run,2025-11-06 22:20:19+00:00,-8.04857945,-34.95077642,2.390000104904175,88.0,181.0,1216.0
2025-11-06T21:59:53Z,Run,2025-11-06 22:20:20+00:00,-8.0485738,-34.95079641,2.390000104904175,89.0,181.0,1217.0
2025-11-06T21:59:53Z,Run,2025-11-06 22:20:21+00:00,-8.04856846,-34.95081875,2.390000104904175,89.0,180.0,1218.0
2025-11-06T21:59:53Z,Run,2025-11-06 22:20:22+00:00,-8.04856381,-34.95084275,2.390000104904175,89.0,180.0,1219.0
2025-11-06T21:59:53Z,Run,2025-11-06 22:20:23+00:00,-8.04855914,-34.9508664,2.380000114440918,88.0,181.0,1220.0
2025-11-06T21:59:53Z,Run,2025-11-06 22:20:24+00:00,-8.04855482,-34.9508884,2.380000114440918,88.0,183.0,1221.0
2025-11-06T21:59:53Z,Run,2025-11-06 22:20:25+00:00,-8.04855148,-34.95091007,2.380000114440918,88.0,184.0,1222.0
2025-11-06T21:59:53Z,Run,2025-11-06 22:20:26+00:00,-8.04854849,-34.95093006,2.380000114440918,88.0,185.0,1223.0
2025-11-06T21:59:53Z,Run,2025-11-06 22:20:27+00:00,-8.04854617,-34.95095272,2.369999885559082,88.0,184.0,1224.0
2025-11-06T21:59:53Z,Run,2025-11-06 22:20:28+00:00,-8.04854485,-34.95097505,2.369999885559082,88.0,184.0,1225.0
2025-11-06T21:59:53Z,Run,2025-11-06 22:20:29+00:00,-8.04854252,-34.95099771,2.369999885559082,88.0,184.0,1226.0
2025-11-06T21:59:53Z,Run,2025-11-06 22:20:30+00:00,-8.04854052,-34.95102004,2.369999885559082,88.0,184.0,1227.0
2025-11-06T21:59:53Z,Run,2025-11-06 22:20:31+00:00,-8.04853952,-34.95104103,2.380000114440918,89.0,184.0,1228.0
2025-11-06T21:59:53Z,Run,2025-11-06 22:20:32+00:00,-8.04853887,-34.95106336,2.380000114440918,88.0,184.0,1229.0
2025-11-06T21:59:53Z,Run,2025-11-06 22:20:33+00:00,-8.04853687,-34.95108436,2.369999885559082,88.0,184.0,1230.0
2025-11-06T21:59:53Z,Run,2025-11-06 22:20:34+00:00,-8.04853454,-34.95110569,2.369999885559082,88.0,184.0,1231.0
2025-11-06T21:59:53Z,Run,2025-11-06 22:20:35+00:00,-8.04853155,-34.95112702,2.369999885559082,88.0,184.0,1232.0
2025-11-06T21:59:53Z,Run,2025-11-06 22:20:36+00:00,-8.04852922,-34.95114801,2.369999885559082,88.0,183.0,1233.0
2025-11-06T21:59:53Z,Run,2025-11-06 22:20:37+00:00,-8.04852756,-34.95117067,2.369999885559082,89.0,182.0,1234.0
2025-11-06T21:59:53Z,Run,2025-11-06 22:20:38+00:00,-8.04852657,-34.95119467,2.369999885559082,88.0,182.0,1235.0
2025-11-06T21:59:53Z,Run,2025-11-06 22:20:39+00:00,-8.04852525,-34.95121799,2.359999895095825,88.0,182.0,1236.0
2025-11-06T21:59:53Z,Run,2025-11-06 22:20:40+00:00,-8.04852492,-34.95124131,2.359999895095825,88.0,182.0,1237.0
2025-11-06T21:59:53Z,Run,2025-11-06 22:20:41+00:00,-8.04852492,-34.95126465,2.359999895095825,88.0,182.0,1238.0
2025-11-06T21:59:53Z,Run,2025-11-06 22:20:42+00:00,-8.04852592,-34.95128698,2.359999895095825,89.0,182.0,1239.0
2025-11-06T21:59:53Z,Run,2025-11-06 22:20:43+00:00,-8.04852757,-34.95130964,2.359999895095825,89.0,182.0,1240.0
2025-11-06T21:59:53Z,Run,2025-11-06 22:20:44+00:00,-8.0485299,-34.95133163,2.369999885559082,88.0,182.0,1241.0
2025-11-06T21:59:53Z,Run,2025-11-06 22:20:45+00:00,-8.04853289,-34.95135396,2.369999885559082,88.0,182.0,1242.0
2025-11-06T21:59:53Z,Run,2025-11-06 22:20:46+00:00,-8.04853555,-34.95137629,2.369999885559082,88.0,182.0,1243.0
2025-11-06T21:59:53Z,Run,2025-11-06 22:20:47+00:00,-8.04853788,-34.95139796,2.380000114440918,88.0,182.0,1244.0
2025-11-06T21:59:53Z,Run,2025-11-06 22:20:48+00:00,-8.04853887,-34.95141929,2.380000114440918,88.0,182.0,1245.0
2025-11-06T21:59:53Z,Run,2025-11-06 22:20:49+00:00,-8.04853854,-34.95144062,2.380000114440918,89.0,182.0,1246.0
2025-11-06T21:59:53Z,Run,2025-11-06 22:20:50+00:00,-8.04853821,-34.95146027,2.380000114440918,89.0,182.0,1247.0
2025-11-06T21:59:53Z,Run,2025-11-06 22:20:51+00:00,-8.04853754,-34.95148161,2.380000114440918,89.0,182.0,1248.0
2025-11-06T21:59:53Z,Run,2025-11-06 22:20:52+00:00,-8.04853422,-34.95150326,2.380000114440918,89.0,182.0,1249.0
2025-11-06T21:59:53Z,Run,2025-11-06 22:20:53+00:00,-8.04852989,-34.95152493,2.380000114440918,89.0,182.0,1250.0
2025-11-06T21:59:53Z,Run,2025-11-06 22:20:54+00:00,-8.04852555,-34.95154693,2.380000114440918,89.0,181.0,1251.0
2025-11-06T21:59:53Z,Run,2025-11-06 22:20:55+00:00,-8.04852056,-34.95156959,2.380000114440918,89.0,180.0,1252.0
2025-11-06T21:59:53Z,Run,2025-11-06 22:20:56+00:00,-8.04851691,-34.95159224,2.380000114440918,89.0,179.0,1253.0
2025-11-06T21:59:53Z,Run,2025-11-06 22:20:57+00:00,-8.04851357,-34.95161523,2.380000114440918,89.0,179.0,1254.0
2025-11-06T21:59:53Z,Run,2025-11-06 22:20:58+00:00,-8.04851092,-34.9516369,2.380000114440918,89.0,179.0,1255.0
2025-11-06T21:59:53Z,Run,2025-11-06 22:20:59+00:00,-8.04850826,-34.95165722,2.380000114440918,89.0,177.0,1256.0
2025-11-06T21:59:53Z,Run,2025-11-06 22:21:00+00:00,-8.04850526,-34.95167689,2.380000114440918,89.0,174.0,1257.0
2025-11-06T21:59:53Z,Run,2025-11-06 22:21:01+00:00,-8.0485046,-34.95169556,2.380000114440918,89.0,173.0,1258.0
2025-11-06T21:59:53Z,Run,2025-11-06 22:21:02+00:00,-8.04850394,-34.95171521,2.380000114440918,89.0,173.0,1259.0
2025-11-06T21:59:53Z,Run,2025-11-06 22:21:03+00:00,-8.04850095,-34.95173721,2.380000114440918,89.0,173.0,1260.0
2025-11-06T21:59:53Z,Run,2025-11-06 22:21:04+00:00,-8.04849695,-34.95175987,2.380000114440918,89.0,173.0,1261.0
2025-11-06T21:59:53Z,Run,2025-11-06 22:21:05+00:00,-8.04849196,-34.95178086,2.380000114440918,89.0,173.0,1262.0
2025-11-06T21:59:53Z,Run,2025-11-06 22:21:06+00:00,-8.04848663,-34.95180053,2.380000114440918,90.0,173.0,1263.0
2025-11-06T21:59:53Z,Run,2025-11-06 22:21:07+00:00,-8.04848063,-34.95182018,2.380000114440918,90.0,173.0,1264.0
2025-11-06T21:59:53Z,Run,2025-11-06 22:21:08+00:00,-8.04847298,-34.95184017,2.369999885559082,90.0,174.0,1265.0
2025-11-06T21:59:53Z,Run,2025-11-06 22:21:09+00:00,-8.04846065,-34.95188216,2.359999895095825,90.0,173.0,1266.0
2025-11-06T21:59:53Z,Run,2025-11-06 22:21:10+00:00,-8.04845732,-34.9519035,2.359999895095825,90.0,173.0,1267.0
2025-11-06T21:59:53Z,Run,2025-11-06 22:21:11+00:00,-8.04845532,-34.95192382,2.359999895095825,90.0,173.0,1268.0
2025-11-06T21:59:53Z,Run,2025-11-06 22:21:12+00:00,-8.048454,-34.95194748,2.359999895095825,90.0,173.0,1269.0
2025-11-06T21:59:53Z,Run,2025-11-06 22:21:13+00:00,-8.04845267,-34.95197081,2.3499999046325684,89.0,175.0,1270.0
2025-11-06T21:59:53Z,Run,2025-11-06 22:21:14+00:00,-8.04845101,-34.95199314,2.3499999046325684,90.0,176.0,1271.0
2025-11-06T21:59:53Z,Run,2025-11-06 22:21:15+00:00,-8.04845002,-34.9520148,2.3499999046325684,90.0,176.0,1272.0
2025-11-06T21:59:53Z,Run,2025-11-06 22:21:16+00:00,-8.04844868,-34.95203813,2.3499999046325684,90.0,180.0,1273.0
2025-11-06T21:59:53Z,Run,2025-11-06 22:21:17+00:00,-8.04844668,-34.95206012,2.3499999046325684,90.0,181.0,1274.0
2025-11-06T21:59:53Z,Run,2025-11-06 22:21:18+00:00,-8.04844403,-34.95208179,2.3499999046325684,90.0,182.0,1275.0
2025-11-06T21:59:53Z,Run,2025-11-06 22:21:19+00:00,-8.04843969,-34.95210245,2.359999895095825,89.0,182.0,1276.0
2025-11-06T21:59:53Z,Run,2025-11-06 22:21:20+00:00,-8.04843537,-34.95212178,2.359999895095825,89.0,182.0,1277.0
2025-11-06T21:59:53Z,Run,2025-11-06 22:21:21+00:00,-8.04843137,-34.95214211,2.359999895095825,89.0,182.0,1278.0
2025-11-06T21:59:53Z,Run,2025-11-06 22:21:22+00:00,-8.04842671,-34.9521651,2.359999895095825,89.0,182.0,1279.0
2025-11-06T21:59:53Z,Run,2025-11-06 22:21:23+00:00,-8.04842238,-34.95218876,2.369999885559082,89.0,182.0,1280.0
2025-11-06T21:59:53Z,Run,2025-11-06 22:21:24+00:00,-8.04841806,-34.95221175,2.369999885559082,89.0,182.0,1281.0
2025-11-06T21:59:53Z,Run,2025-11-06 22:21:25+00:00,-8.04841406,-34.95223375,2.380000114440918,89.0,181.0,1282.0
2025-11-06T21:59:53Z,Run,2025-11-06 22:21:26+00:00,-8.04841173,-34.95225508,2.380000114440918,89.0,181.0,1283.0
2025-11-06T21:59:53Z,Run,2025-11-06 22:21:27+00:00,-8.04840941,-34.95227807,2.380000114440918,89.0,181.0,1284.0
2025-11-06T21:59:53Z,Run,2025-11-06 22:21:28+00:00,-8.04840708,-34.9523014,2.380000114440918,89.0,181.0,1285.0
2025-11-06T21:59:53Z,Run,2025-11-06 22:21:29+00:00,-8.04840475,-34.95232506,2.380000114440918,88.0,181.0,1286.0
2025-11-06T21:59:53Z,Run,2025-11-06 22:21:30+00:00,-8.0484021,-34.95234872,2.380000114440918,88.0,181.0,1287.0
2025-11-06T21:59:53Z,Run,2025-11-06 22:21:31+00:00,-8.04839911,-34.95237339,2.380000114440918,88.0,182.0,1288.0
2025-11-06T21:59:53Z,Run,2025-11-06 22:21:32+00:00,-8.04839578,-34.95239638,2.380000114440918,88.0,182.0,1289.0
2025-11-06T21:59:53Z,Run,2025-11-06 22:21:33+00:00,-8.04839278,-34.95242203,2.380000114440918,88.0,182.0,1290.0
2025-11-06T21:59:53Z,Run,2025-11-06 22:21:34+00:00,-8.04839078,-34.95244703,2.380000114440918,89.0,181.0,1291.0
2025-11-06T21:59:53Z,Run,2025-11-06 22:21:35+00:00,-8.04838813,-34.95247269,2.390000104904175,89.0,181.0,1292.0
2025-11-06T21:59:53Z,Run,2025-11-06 22:21:36+00:00,-8.04838647,-34.95249868,2.390000104904175,89.0,181.0,1293.0
2025-11-06T21:59:53Z,Run,2025-11-06 22:21:37+00:00,-8.04838548,-34.952524,2.390000104904175,89.0,181.0,1294.0
2025-11-06T21:59:53Z,Run,2025-11-06 22:21:38+00:00,-8.04838515,-34.952548,2.4000000953674316,88.0,181.0,1295.0
2025-11-06T21:59:53Z,Run,2025-11-06 22:21:39+00:00,-8.04838448,-34.95257066,2.4000000953674316,88.0,181.0,1296.0
2025-11-06T21:59:53Z,Run,2025-11-06 22:21:40+00:00,-8.04838615,-34.95259132,2.4000000953674316,88.0,182.0,1297.0
2025-11-06T21:59:53Z,Run,2025-11-06 22:21:41+00:00,-8.04839014,-34.95261298,2.4100000858306885,88.0,183.0,1298.0
2025-11-06T21:59:53Z,Run,2025-11-06 22:21:42+00:00,-8.04839747,-34.95263465,2.4200000762939453,89.0,184.0,1299.0
2025-11-06T21:59:53Z,Run,2025-11-06 22:21:43+00:00,-8.04840647,-34.95265764,2.4200000762939453,89.0,182.0,1300.0
2025-11-06T21:59:53Z,Run,2025-11-06 22:21:44+00:00,-8.04841679,-34.95268163,2.4200000762939453,90.0,182.0,1301.0
2025-11-06T21:59:53Z,Run,2025-11-06 22:21:45+00:00,-8.04842646,-34.95270695,2.4200000762939453,90.0,182.0,1302.0
2025-11-06T21:59:53Z,Run,2025-11-06 22:21:46+00:00,-8.04843845,-34.95273229,2.4200000762939453,90.0,182.0,1303.0
2025-11-06T21:59:53Z,Run,2025-11-06 22:21:47+00:00,-8.04844911,-34.95275462,2.430000066757202,89.0,181.0,1304.0
2025-11-06T21:59:53Z,Run,2025-11-06 22:21:48+00:00,-8.04846176,-34.95277728,2.430000066757202,88.0,182.0,1305.0
2025-11-06T21:59:53Z,Run,2025-11-06 22:21:49+00:00,-8.04847743,-34.95279727,2.430000066757202,88.0,182.0,1306.0
2025-11-06T21:59:53Z,Run,2025-11-06 22:21:50+00:00,-8.04849675,-34.95281527,2.440000057220459,88.0,182.0,1307.0
2025-11-06T21:59:53Z,Run,2025-11-06 22:21:51+00:00,-8.04851675,-34.95283126,2.450000047683716,88.0,182.0,1308.0
2025-11-06T21:59:53Z,Run,2025-11-06 22:21:52+00:00,-8.04854509,-34.95284559,2.450000047683716,88.0,182.0,1309.0
2025-11-06T21:59:53Z,Run,2025-11-06 22:21:53+00:00,-8.04856741,-34.95286158,2.450000047683716,88.0,182.0,1310.0
2025-11-06T21:59:53Z,Run,2025-11-06 22:21:54+00:00,-8.04858941,-34.95287691,2.4600000381469727,88.0,182.0,1311.0
2025-11-06T21:59:53Z,Run,2025-11-06 22:21:55+00:00,-8.04860908,-34.9528939,2.4700000286102295,89.0,180.0,1312.0
2025-11-06T21:59:53Z,Run,2025-11-06 22:21:56+00:00,-8.04863007,-34.95290856,2.4800000190734863,89.0,180.0,1313.0
2025-11-06T21:59:53Z,Run,2025-11-06 22:21:57+00:00,-8.04864673,-34.95292355,2.4800000190734863,89.0,180.0,1314.0
2025-11-06T21:59:53Z,Run,2025-11-06 22:21:58+00:00,-8.04865973,-34.95294255,2.490000009536743,89.0,180.0,1315.0
2025-11-06T21:59:53Z,Run,2025-11-06 22:21:59+00:00,-8.04867339,-34.95296254,2.5,89.0,180.0,1316.0
2025-11-06T21:59:53Z,Run,2025-11-06 22:22:00+00:00,-8.04868806,-34.95297986,2.5,89.0,180.0,1317.0
2025-11-06T21:59:53Z,Run,2025-11-06 22:22:01+00:00,-8.04870371,-34.95299653,2.509999990463257,89.0,180.0,1318.0
2025-11-06T21:59:53Z,Run,2025-11-06 22:22:02+00:00,-8.04871871,-34.95301152,2.509999990463257,89.0,179.0,1319.0
2025-11-06T21:59:53Z,Run,2025-11-06 22:22:03+00:00,-8.04873204,-34.95302252,2.509999990463257,89.0,179.0,1320.0
2025-11-06T21:59:53Z,Run,2025-11-06 22:22:04+00:00,-8.04874704,-34.95302852,2.509999990463257,89.0,179.0,1321.0
2025-11-06T21:59:53Z,Run,2025-11-06 22:22:05+00:00,-8.04876203,-34.95302951,2.509999990463257,89.0,179.0,1322.0
2025-11-06T21:59:53Z,Run,2025-11-06 22:22:06+00:00,-8.04877968,-34.95302983,2.509999990463257,89.0,179.0,1323.0
2025-11-06T21:59:53Z,Run,2025-11-06 22:22:07+00:00,-8.04879935,-34.9530245,2.509999990463257,89.0,179.0,1324.0
2025-11-06T21:59:53Z,Run,2025-11-06 22:22:08+00:00,-8.04881967,-34.95301451,2.5,89.0,179.0,1325.0
2025-11-06T21:59:53Z,Run,2025-11-06 22:22:09+00:00,-8.04884201,-34.95300284,2.5,89.0,179.0,1326.0
2025-11-06T21:59:53Z,Run,2025-11-06 22:22:10+00:00,-8.04886366,-34.95299385,2.490000009536743,89.0,180.0,1327.0
2025-11-06T21:59:53Z,Run,2025-11-06 22:22:11+00:00,-8.04888732,-34.9529872,2.4800000190734863,89.0,182.0,1328.0
2025-11-06T21:59:53Z,Run,2025-11-06 22:22:12+00:00,-8.04890899,-34.95298387,2.4800000190734863,90.0,183.0,1329.0
2025-11-06T21:59:53Z,Run,2025-11-06 22:22:13+00:00,-8.04892931,-34.9529842,2.4800000190734863,89.0,185.0,1330.0
2025-11-06T21:59:53Z,Run,2025-11-06 22:22:14+00:00,-8.0489483,-34.95298685,2.4800000190734863,89.0,186.0,1331.0
2025-11-06T21:59:53Z,Run,2025-11-06 22:22:15+00:00,-8.04896696,-34.95299084,2.4800000190734863,89.0,186.0,1332.0
2025-11-06T21:59:53Z,Run,2025-11-06 22:22:16+00:00,-8.04898562,-34.95299484,2.4800000190734863,89.0,185.0,1333.0
2025-11-06T21:59:53Z,Run,2025-11-06 22:22:17+00:00,-8.04900596,-34.95299883,2.4800000190734863,89.0,185.0,1334.0
2025-11-06T21:59:53Z,Run,2025-11-06 22:22:18+00:00,-8.04902962,-34.95300117,2.4800000190734863,90.0,185.0,1335.0
2025-11-06T21:59:53Z,Run,2025-11-06 22:22:19+00:00,-8.04905528,-34.95300182,2.4800000190734863,90.0,184.0,1336.0
2025-11-06T21:59:53Z,Run,2025-11-06 22:22:20+00:00,-8.04908161,-34.95299982,2.4700000286102295,89.0,183.0,1337.0
2025-11-06T21:59:53Z,Run,2025-11-06 22:22:21+00:00,-8.04910727,-34.9529965,2.4700000286102295,89.0,183.0,1338.0
2025-11-06T21:59:53Z,Run,2025-11-06 22:22:22+00:00,-8.04913027,-34.95299417,2.4700000286102295,90.0,182.0,1339.0
2025-11-06T21:59:53Z,Run,2025-11-06 22:22:23+00:00,-8.04915293,-34.95299218,2.4700000286102295,90.0,181.0,1340.0
2025-11-06T21:59:53Z,Run,2025-11-06 22:22:24+00:00,-8.04917625,-34.95299051,2.4800000190734863,90.0,180.0,1341.0
2025-11-06T21:59:53Z,Run,2025-11-06 22:22:25+00:00,-8.04919858,-34.95299051,2.4800000190734863,90.0,179.0,1342.0
2025-11-06T21:59:53Z,Run,2025-11-06 22:22:26+00:00,-8.04921924,-34.95298985,2.4800000190734863,90.0,179.0,1343.0
2025-11-06T21:59:53Z,Run,2025-11-06 22:22:27+00:00,-8.04923724,-34.95298885,2.4800000190734863,90.0,179.0,1344.0
2025-11-06T21:59:53Z,Run,2025-11-06 22:22:28+00:00,-8.04925656,-34.9529882,2.4800000190734863,90.0,180.0,1345.0
2025-11-06T21:59:53Z,Run,2025-11-06 22:22:29+00:00,-8.04927756,-34.95298721,2.4800000190734863,90.0,181.0,1346.0
2025-11-06T21:59:53Z,Run,2025-11-06 22:22:30+00:00,-8.04929723,-34.95298721,2.4800000190734863,89.0,182.0,1347.0
2025-11-06T21:59:53Z,Run,2025-11-06 22:22:31+00:00,-8.04932055,-34.95299053,2.4800000190734863,90.0,182.0,1348.0
2025-11-06T21:59:53Z,Run,2025-11-06 22:22:32+00:00,-8.04934422,-34.95299385,2.4800000190734863,89.0,184.0,1349.0
2025-11-06T21:59:53Z,Run,2025-11-06 22:22:33+00:00,-8.04936988,-34.95299485,2.4800000190734863,89.0,188.0,1350.0
2025-11-06T21:59:53Z,Run,2025-11-06 22:22:34+00:00,-8.04939588,-34.95299319,2.4800000190734863,89.0,188.0,1351.0
2025-11-06T21:59:53Z,Run,2025-11-06 22:22:35+00:00,-8.04942154,-34.95299186,2.4800000190734863,88.0,190.0,1352.0
2025-11-06T21:59:53Z,Run,2025-11-06 22:22:36+00:00,-8.04944488,-34.95299086,2.4800000190734863,88.0,190.0,1353.0
2025-11-06T21:59:53Z,Run,2025-11-06 22:22:37+00:00,-8.0494682,-34.95299054,2.4800000190734863,89.0,189.0,1354.0
2025-11-06T21:59:53Z,Run,2025-11-06 22:22:38+00:00,-8.04949053,-34.9529912,2.490000009536743,88.0,189.0,1355.0
2025-11-06T21:59:53Z,Run,2025-11-06 22:22:39+00:00,-8.04951153,-34.95299419,2.490000009536743,88.0,188.0,1356.0
2025-11-06T21:59:53Z,Run,2025-11-06 22:22:40+00:00,-8.04953052,-34.95300152,2.490000009536743,88.0,188.0,1357.0
2025-11-06T21:59:53Z,Run,2025-11-06 22:22:41+00:00,-8.04955152,-34.95301118,2.5,87.0,188.0,1358.0
2025-11-06T21:59:53Z,Run,2025-11-06 22:22:42+00:00,-8.04957418,-34.95301784,2.5,87.0,187.0,1359.0
2025-11-06T21:59:53Z,Run,2025-11-06 22:22:43+00:00,-8.04959885,-34.95302417,2.5,87.0,186.0,1360.0
2025-11-06T21:59:53Z,Run,2025-11-06 22:22:44+00:00,-8.04962317,-34.95303282,2.5,87.0,186.0,1361.0
2025-11-06T21:59:53Z,Run,2025-11-06 22:22:45+00:00,-8.04964484,-34.95304349,2.5,87.0,186.0,1362.0
2025-11-06T21:59:53Z,Run,2025-11-06 22:22:46+00:00,-8.04966383,-34.95305348,2.5,87.0,186.0,1363.0
2025-11-06T21:59:53Z,Run,2025-11-06 22:22:47+00:00,-8.04967916,-34.95306048,2.5,87.0,186.0,1364.0
2025-11-06T21:59:53Z,Run,2025-11-06 22:22:48+00:00,-8.04969415,-34.95306548,2.4600000381469727,87.0,186.0,1365.0
2025-11-06T21:59:53Z,Run,2025-11-06 22:22:49+00:00,-8.04970782,-34.9530698,2.4200000762939453,87.0,186.0,1366.0
2025-11-06T21:59:53Z,Run,2025-11-06 22:22:50+00:00,-8.04972147,-34.9530738,2.2899999618530273,87.0,185.0,1367.0
2025-11-06T21:59:53Z,Run,2025-11-06 22:22:51+00:00,-8.04973481,-34.95307647,2.0,87.0,185.0,1368.0
2025-11-06T21:59:53Z,Run,2025-11-06 22:22:52+00:00,-8.0497468,-34.95307713,2.0,87.0,185.0,1369.0
2025-11-06T21:59:53Z,Run,2025-11-06 22:22:53+00:00,-8.0497578,-34.95307546,1.6799999475479126,87.0,185.0,1370.0
2025-11-06T21:59:53Z,Run,2025-11-06 22:22:54+00:00,-8.04976812,-34.9530738,1.5,87.0,185.0,1371.0
2025-11-06T21:59:53Z,Run,2025-11-06 22:22:55+00:00,-8.04977779,-34.95307314,1.4800000190734863,87.0,185.0,1372.0
2025-11-06T21:59:53Z,Run,2025-11-06 22:22:56+00:00,-8.04978645,-34.95307447,1.440000057220459,87.0,186.0,1373.0
2025-11-06T21:59:53Z,Run,2025-11-06 22:22:57+00:00,-8.04979444,-34.95307647,1.3899999856948853,87.0,186.0,1374.0
2025-11-06T21:59:53Z,Run,2025-11-06 22:22:58+00:00,-8.04980211,-34.95307813,1.3899999856948853,87.0,186.0,1375.0
2025-11-06T21:59:53Z,Run,2025-11-06 22:22:59+00:00,-8.04980843,-34.95308112,1.2999999523162842,87.0,185.0,1376.0
2025-11-06T21:59:53Z,Run,2025-11-06 22:23:00+00:00,-8.04981342,-34.95308411,1.2100000381469727,87.0,184.0,1377.0
2025-11-06T21:59:53Z,Run,2025-11-06 22:23:01+00:00,-8.04982042,-34.95308676,1.1200000047683716,87.0,183.0,1378.0
2025-11-06T21:59:53Z,Run,2025-11-06 22:23:02+00:00,-8.04982908,-34.95308943,1.0099999904632568,87.0,184.0,1379.0
2025-11-06T21:59:53Z,Run,2025-11-06 22:23:03+00:00,-8.04983974,-34.95309143,0.949999988079071,87.0,185.0,1380.0
2025-11-06T21:59:53Z,Run,2025-11-06 22:23:04+00:00,-8.04984939,-34.95309275,0.949999988079071,87.0,185.0,1381.0
2025-11-06T21:59:53Z,Run,2025-11-06 22:23:05+00:00,-8.04985973,-34.95309308,0.949999988079071,87.0,186.0,1382.0
2025-11-06T21:59:53Z,Run,2025-11-06 22:23:06+00:00,-8.04987038,-34.95309275,0.9599999785423279,87.0,189.0,1383.0
2025-11-06T21:59:53Z,Run,2025-11-06 22:23:07+00:00,-8.04988138,-34.95309143,0.9900000095367432,31.0,191.0,1384.0
2025-11-06T21:59:53Z,Run,2025-11-06 22:23:08+00:00,-8.04989271,-34.95309044,1.059999942779541,31.0,186.0,1385.0
2025-11-06T21:59:53Z,Run,2025-11-06 22:23:09+00:00,-8.04990371,-34.95308977,1.090000033378601,32.0,186.0,1386.0
2025-11-06T21:59:53Z,Run,2025-11-06 22:23:10+00:00,-8.0499137,-34.95308878,1.090000033378601,32.0,186.0,1387.0
2025-11-06T21:59:53Z,Run,2025-11-06 22:23:11+00:00,-8.04992436,-34.95309378,1.0499999523162842,31.0,185.0,1388.0
2025-11-06T21:59:53Z,Run,2025-11-06 22:23:12+00:00,-8.04993502,-34.95309744,1.0399999618530273,31.0,184.0,1389.0
2025-11-06T21:59:53Z,Run,2025-11-06 22:23:13+00:00,-8.04994834,-34.95310177,1.100000023841858,31.0,182.0,1390.0
2025-11-06T21:59:53Z,Run,2025-11-06 22:23:14+00:00,-8.04996168,-34.9531061,1.1699999570846558,31.0,180.0,1391.0
2025-11-06T21:59:53Z,Run,2025-11-06 22:23:15+00:00,-8.04997467,-34.95310843,1.1399999856948853,31.0,179.0,1392.0
2025-11-06T21:59:53Z,Run,2025-11-06 22:23:16+00:00,-8.04998932,-34.95310975,1.1399999856948853,31.0,179.0,1393.0
2025-11-06T21:59:53Z,Run,2025-11-06 22:23:17+00:00,-8.05000332,-34.95311042,1.1399999856948853,31.0,178.0,1394.0
2025-11-06T21:59:53Z,Run,2025-11-06 22:23:18+00:00,-8.05001799,-34.95311374,1.2000000476837158,31.0,177.0,1395.0
2025-11-06T21:59:53Z,Run,2025-11-06 22:23:19+00:00,-8.05003031,-34.95311641,1.2899999618530273,31.0,176.0,1396.0
2025-11-06T21:59:53Z,Run,2025-11-06 22:23:20+00:00,-8.05004131,-34.95311807,1.350000023841858,31.0,174.0,1397.0
2025-11-06T21:59:53Z,Run,2025-11-06 22:23:21+00:00,-8.05005098,-34.9531204,1.350000023841858,31.0,172.0,1398.0
2025-11-06T21:59:53Z,Run,2025-11-06 22:23:22+00:00,-8.0500603,-34.9531214,1.350000023841858,31.0,172.0,1399.0
2025-11-06T21:59:53Z,Run,2025-11-06 22:23:23+00:00,-8.0500693,-34.95312272,1.340000033378601,32.0,171.0,1400.0
2025-11-06T21:59:53Z,Run,2025-11-06 22:23:24+00:00,-8.0500783,-34.95312472,1.3200000524520874,31.0,167.0,1401.0
2025-11-06T21:59:53Z,Run,2025-11-06 22:23:25+00:00,-8.05008896,-34.95312605,1.2400000095367432,31.0,161.0,1402.0
2025-11-06T21:59:53Z,Run,2025-11-06 22:23:26+00:00,-8.05010095,-34.95312671,1.1699999570846558,31.0,159.0,1403.0
2025-11-06T21:59:53Z,Run,2025-11-06 22:23:27+00:00,-8.05011394,-34.95312737,1.1699999570846558,31.0,160.0,1404.0
2025-11-06T21:59:53Z,Run,2025-11-06 22:23:28+00:00,-8.05012726,-34.95312836,1.1699999570846558,31.0,160.0,1405.0
2025-11-06T21:59:53Z,Run,2025-11-06 22:23:29+00:00,-8.05014026,-34.95312902,1.1699999570846558,31.0,159.0,1406.0
2025-11-06T21:59:53Z,Run,2025-11-06 22:23:30+00:00,-8.05015293,-34.95313035,1.1699999570846558,31.0,160.0,1407.0
2025-11-06T21:59:53Z,Run,2025-11-06 22:23:31+00:00,-8.05016559,-34.95313201,1.1799999475479126,32.0,160.0,1408.0
2025-11-06T21:59:53Z,Run,2025-11-06 22:23:32+00:00,-8.05017959,-34.95313367,1.190000057220459,31.0,160.0,1409.0
2025-11-06T21:59:53Z,Run,2025-11-06 22:23:33+00:00,-8.05019359,-34.95313466,1.2000000476837158,32.0,161.0,1410.0
2025-11-06T21:59:53Z,Run,2025-11-06 22:23:34+00:00,-8.05020792,-34.95313866,1.2000000476837158,32.0,161.0,1411.0
2025-11-06T21:59:53Z,Run,2025-11-06 22:23:35+00:00,-8.05022192,-34.95314299,1.2100000381469727,32.0,160.0,1412.0
2025-11-06T21:59:53Z,Run,2025-11-06 22:23:36+00:00,-8.05023592,-34.95314799,1.2100000381469727,31.0,156.0,1413.0
2025-11-06T21:59:53Z,Run,2025-11-06 22:23:37+00:00,-8.05024992,-34.95315198,1.2200000286102295,32.0,152.0,1414.0
2025-11-06T21:59:53Z,Run,2025-11-06 22:23:38+00:00,-8.05026458,-34.95315564,1.2300000190734863,31.0,149.0,1415.0
2025-11-06T21:59:53Z,Run,2025-11-06 22:23:39+00:00,-8.05027758,-34.95315831,1.2400000095367432,31.0,146.0,1416.0
2025-11-06T21:59:53Z,Run,2025-11-06 22:23:40+00:00,-8.05029057,-34.95316064,1.2400000095367432,31.0,146.0,1417.0
2025-11-06T21:59:53Z,Run,2025-11-06 22:23:41+00:00,-8.05030322,-34.95316297,1.25,31.0,145.0,1418.0
2025-11-06T21:59:53Z,Run,2025-11-06 22:23:42+00:00,-8.05031422,-34.9531653,1.2599999904632568,31.0,145.0,1419.0
2025-11-06T21:59:53Z,Run,2025-11-06 22:23:43+00:00,-8.05032455,-34.95316697,1.2599999904632568,31.0,147.0,1420.0
2025-11-06T21:59:53Z,Run,2025-11-06 22:23:44+00:00,-8.05033421,-34.95316862,1.2699999809265137,31.0,146.0,1421.0
2025-11-06T21:59:53Z,Run,2025-11-06 22:23:45+00:00,-8.05034287,-34.95316862,1.2699999809265137,31.0,145.0,1422.0
2025-11-06T21:59:53Z,Run,2025-11-06 22:23:46+00:00,-8.05035253,-34.95316797,1.2699999809265137,31.0,145.0,1423.0
2025-11-06T21:59:53Z,Run,2025-11-06 22:23:47+00:00,-8.05036286,-34.95316698,1.2699999809265137,31.0,144.0,1424.0
2025-11-06T21:59:53Z,Run,2025-11-06 22:23:48+00:00,-8.05037319,-34.95316698,1.2699999809265137,31.0,143.0,1425.0
2025-11-06T21:59:53Z,Run,2025-11-06 22:23:49+00:00,-8.05038318,-34.95316797,1.2599999904632568,31.0,140.0,1426.0
2025-11-06T21:59:53Z,Run,2025-11-06 22:23:50+00:00,-8.05039384,-34.9531703,1.25,31.0,131.0,1427.0
2025-11-06T21:59:53Z,Run,2025-11-06 22:23:51+00:00,-8.05040417,-34.9531723,1.25,31.0,130.0,1428.0
2025-11-06T21:59:53Z,Run,2025-11-06 22:23:52+00:00,-8.05041351,-34.95317329,1.25,31.0,130.0,1429.0
2025-11-06T21:59:53Z,Run,2025-11-06 22:23:53+00:00,-8.05042184,-34.95317297,1.2400000095367432,31.0,129.0,1430.0
2025-11-06T21:59:53Z,Run,2025-11-06 22:23:54+00:00,-8.05043084,-34.9531703,1.2300000190734863,31.0,128.0,1431.0
2025-11-06T21:59:53Z,Run,2025-11-06 22:23:55+00:00,-8.0504405,-34.95316797,1.2200000286102295,31.0,126.0,1432.0
2025-11-06T21:59:53Z,Run,2025-11-06 22:23:56+00:00,-8.05044883,-34.95316597,1.2100000381469727,32.0,122.0,1433.0
2025-11-06T21:59:53Z,Run,2025-11-06 22:23:57+00:00,-8.0504575,-34.95316464,1.2000000476837158,32.0,120.0,1434.0
2025-11-06T21:59:53Z,Run,2025-11-06 22:23:58+00:00,-8.05046882,-34.95316432,1.2000000476837158,32.0,120.0,1435.0
2025-11-06T21:59:53Z,Run,2025-11-06 22:23:59+00:00,-8.05048248,-34.95316333,1.2000000476837158,34.0,119.0,1436.0
2025-11-06T21:59:53Z,Run,2025-11-06 22:24:00+00:00,-8.05049681,-34.95316233,1.190000057220459,34.0,119.0,1437.0
2025-11-06T21:59:53Z,Run,2025-11-06 22:24:01+00:00,-8.05051047,-34.95316265,1.1799999475479126,34.0,117.0,1438.0
2025-11-06T21:59:53Z,Run,2025-11-06 22:24:02+00:00,-8.05052312,-34.953162,1.1799999475479126,34.0,113.0,1439.0
2025-11-06T21:59:53Z,Run,2025-11-06 22:24:03+00:00,-8.05053712,-34.95316067,1.2300000190734863,34.0,113.0,1440.0
2025-11-06T21:59:53Z,Run,2025-11-06 22:24:04+00:00,-8.05055346,-34.95315834,1.2300000190734863,34.0,113.0,1441.0
2025-11-06T21:59:53Z,Run,2025-11-06 22:24:05+00:00,-8.05057279,-34.95315567,1.350000023841858,34.0,113.0,1442.0
2025-11-06T21:59:53Z,Run,2025-11-06 22:24:06+00:00,-8.05059445,-34.95315434,1.440000057220459,34.0,113.0,1443.0
2025-11-06T21:59:53Z,Run,2025-11-06 22:24:07+00:00,-8.05061711,-34.95315466,1.5499999523162842,34.0,113.0,1444.0
2025-11-06T21:59:53Z,Run,2025-11-06 22:24:08+00:00,-8.0506391,-34.95315633,1.7300000190734863,34.0,113.0,1445.0
2025-11-06T21:59:53Z,Run,2025-11-06 22:24:09+00:00,-8.05066377,-34.95315866,1.9900000095367432,34.0,113.0,1446.0
2025-11-06T21:59:53Z,Run,2025-11-06 22:24:10+00:00,-8.05068876,-34.95316199,1.9900000095367432,34.0,113.0,1447.0
2025-11-06T21:59:53Z,Run,2025-11-06 22:24:11+00:00,-8.05071443,-34.95316298,2.2799999713897705,34.0,114.0,1448.0
2025-11-06T21:59:53Z,Run,2025-11-06 22:24:12+00:00,-8.05074175,-34.95316265,2.5,34.0,115.0,1449.0
2025-11-06T21:59:53Z,Run,2025-11-06 22:24:13+00:00,-8.05076975,-34.95316298,2.609999895095825,34.0,117.0,1450.0
2025-11-06T21:59:53Z,Run,2025-11-06 22:24:14+00:00,-8.05079841,-34.95316364,2.6600000858306885,34.0,123.0,1451.0
2025-11-06T21:59:53Z,Run,2025-11-06 22:24:15+00:00,-8.0508274,-34.95316463,2.690000057220459,34.0,124.0,1452.0
2025-11-06T21:59:53Z,Run,2025-11-06 22:24:16+00:00,-8.05085573,-34.95316796,2.690000057220459,34.0,124.0,1453.0
2025-11-06T21:59:53Z,Run,2025-11-06 22:24:17+00:00,-8.0508804,-34.95317462,2.75,34.0,124.0,1454.0
2025-11-06T21:59:53Z,Run,2025-11-06 22:24:18+00:00,-8.05090339,-34.95318261,2.799999952316284,87.0,124.0,1455.0
2025-11-06T21:59:53Z,Run,2025-11-06 22:24:19+00:00,-8.05092939,-34.95318761,2.799999952316284,88.0,124.0,1456.0
2025-11-06T21:59:53Z,Run,2025-11-06 22:24:20+00:00,-8.05095539,-34.9531906,2.799999952316284,88.0,124.0,1457.0
2025-11-06T21:59:53Z,Run,2025-11-06 22:24:21+00:00,-8.05098005,-34.95319393,2.7899999618530273,88.0,125.0,1458.0
2025-11-06T21:59:53Z,Run,2025-11-06 22:24:22+00:00,-8.05100105,-34.95319626,2.7899999618530273,88.0,125.0,1459.0
2025-11-06T21:59:53Z,Run,2025-11-06 22:24:23+00:00,-8.05102371,-34.95319992,2.740000009536743,87.0,126.0,1460.0
2025-11-06T21:59:53Z,Run,2025-11-06 22:24:24+00:00,-8.05104637,-34.95320158,2.700000047683716,88.0,127.0,1461.0
2025-11-06T21:59:53Z,Run,2025-11-06 22:24:25+00:00,-8.05107003,-34.95320224,2.640000104904175,89.0,127.0,1462.0
2025-11-06T21:59:53Z,Run,2025-11-06 22:24:26+00:00,-8.05109536,-34.95320523,2.5899999141693115,88.0,128.0,1463.0
2025-11-06T21:59:53Z,Run,2025-11-06 22:24:27+00:00,-8.05112102,-34.95321123,2.5799999237060547,88.0,128.0,1464.0
2025-11-06T21:59:53Z,Run,2025-11-06 22:24:28+00:00,-8.05114769,-34.95321722,2.5799999237060547,88.0,128.0,1465.0
2025-11-06T21:59:53Z,Run,2025-11-06 22:24:29+00:00,-8.05117436,-34.95322321,2.5899999141693115,88.0,128.0,1466.0
2025-11-06T21:59:53Z,Run,2025-11-06 22:24:30+00:00,-8.05120135,-34.95322854,2.5899999141693115,88.0,128.0,1467.0
2025-11-06T21:59:53Z,Run,2025-11-06 22:24:31+00:00,-8.05122735,-34.95323453,2.6500000953674316,88.0,129.0,1468.0
2025-11-06T21:59:53Z,Run,2025-11-06 22:24:32+00:00,-8.05125368,-34.9532402,2.75,89.0,128.0,1469.0
2025-11-06T21:59:53Z,Run,2025-11-06 22:24:33+00:00,-8.05127767,-34.9532482,2.799999952316284,88.0,129.0,1470.0
2025-11-06T21:59:53Z,Run,2025-11-06 22:24:34+00:00,-8.05130199,-34.95325653,2.799999952316284,88.0,129.0,1471.0
2025-11-06T21:59:53Z,Run,2025-11-06 22:24:35+00:00,-8.05132566,-34.95326419,2.809999942779541,88.0,129.0,1472.0
2025-11-06T21:59:53Z,Run,2025-11-06 22:24:36+00:00,-8.05134898,-34.95327285,2.809999942779541,88.0,129.0,1473.0
2025-11-06T21:59:53Z,Run,2025-11-06 22:24:37+00:00,-8.05137031,-34.95328151,2.799999952316284,89.0,129.0,1474.0
2025-11-06T21:59:53Z,Run,2025-11-06 22:24:38+00:00,-8.05139164,-34.9532905,2.7799999713897705,88.0,129.0,1475.0
2025-11-06T21:59:53Z,Run,2025-11-06 22:24:39+00:00,-8.05141363,-34.95329683,2.759999990463257,89.0,129.0,1476.0
2025-11-06T21:59:53Z,Run,2025-11-06 22:24:40+00:00,-8.05143562,-34.95330183,2.759999990463257,89.0,129.0,1477.0
2025-11-06T21:59:53Z,Run,2025-11-06 22:24:41+00:00,-8.05145695,-34.95330548,2.7200000286102295,88.0,129.0,1478.0
2025-11-06T21:59:53Z,Run,2025-11-06 22:24:42+00:00,-8.05147761,-34.95330748,2.680000066757202,87.0,129.0,1479.0
2025-11-06T21:59:53Z,Run,2025-11-06 22:24:43+00:00,-8.05150061,-34.95330781,2.6500000953674316,89.0,129.0,1480.0
2025-11-06T21:59:53Z,Run,2025-11-06 22:24:44+00:00,-8.0515246,-34.95330781,2.6500000953674316,88.0,129.0,1481.0
2025-11-06T21:59:53Z,Run,2025-11-06 22:24:45+00:00,-8.05154759,-34.95330981,2.6500000953674316,88.0,129.0,1482.0
2025-11-06T21:59:53Z,Run,2025-11-06 22:24:46+00:00,-8.05157092,-34.95331213,2.6500000953674316,88.0,129.0,1483.0
2025-11-06T21:59:53Z,Run,2025-11-06 22:24:47+00:00,-8.05159391,-34.95331513,2.640000104904175,87.0,129.0,1484.0
2025-11-06T21:59:53Z,Run,2025-11-06 22:24:48+00:00,-8.05161725,-34.95331679,2.640000104904175,87.0,129.0,1485.0
2025-11-06T21:59:53Z,Run,2025-11-06 22:24:49+00:00,-8.05163958,-34.95331711,2.630000114440918,88.0,129.0,1486.0
2025-11-06T21:59:53Z,Run,2025-11-06 22:24:50+00:00,-8.05166224,-34.95331743,2.630000114440918,88.0,129.0,1487.0
2025-11-06T21:59:53Z,Run,2025-11-06 22:24:51+00:00,-8.05168389,-34.95331843,2.619999885559082,88.0,129.0,1488.0
2025-11-06T21:59:53Z,Run,2025-11-06 22:24:52+00:00,-8.05170589,-34.95331876,2.619999885559082,88.0,129.0,1489.0
2025-11-06T21:59:53Z,Run,2025-11-06 22:24:53+00:00,-8.05172855,-34.95331876,2.619999885559082,89.0,129.0,1490.0
2025-11-06T21:59:53Z,Run,2025-11-06 22:24:54+00:00,-8.05175154,-34.95331975,2.609999895095825,89.0,129.0,1491.0
2025-11-06T21:59:53Z,Run,2025-11-06 22:24:55+00:00,-8.05177454,-34.95332074,2.609999895095825,89.0,129.0,1492.0
2025-11-06T21:59:53Z,Run,2025-11-06 22:24:56+00:00,-8.05179853,-34.95332307,2.609999895095825,88.0,129.0,1493.0
2025-11-06T21:59:53Z,Run,2025-11-06 22:24:57+00:00,-8.05182153,-34.95332606,2.5999999046325684,88.0,129.0,1494.0
2025-11-06T21:59:53Z,Run,2025-11-06 22:24:58+00:00,-8.05184452,-34.95332839,2.5999999046325684,88.0,129.0,1495.0
2025-11-06T21:59:53Z,Run,2025-11-06 22:24:59+00:00,-8.05186719,-34.95333039,2.5999999046325684,88.0,129.0,1496.0
2025-11-06T21:59:53Z,Run,2025-11-06 22:25:00+00:00,-8.05189118,-34.95333239,2.5999999046325684,88.0,134.0,1497.0
2025-11-06T21:59:53Z,Run,2025-11-06 22:25:01+00:00,-8.05191484,-34.95333438,2.5899999141693115,88.0,135.0,1498.0
2025-11-06T21:59:53Z,Run,2025-11-06 22:25:02+00:00,-8.05193917,-34.95333605,2.5899999141693115,88.0,136.0,1499.0
2025-11-06T21:59:53Z,Run,2025-11-06 22:25:03+00:00,-8.0519635,-34.95333838,2.5899999141693115,88.0,136.0,1500.0
2025-11-06T21:59:53Z,Run,2025-11-06 22:25:04+00:00,-8.05198716,-34.95334004,2.5899999141693115,88.0,136.0,1501.0
2025-11-06T21:59:53Z,Run,2025-11-06 22:25:05+00:00,-8.05200849,-34.95334037,2.5999999046325684,88.0,136.0,1502.0
2025-11-06T21:59:53Z,Run,2025-11-06 22:25:06+00:00,-8.05203081,-34.95334203,2.5999999046325684,88.0,137.0,1503.0
2025-11-06T21:59:53Z,Run,2025-11-06 22:25:07+00:00,-8.05205315,-34.95334302,2.5999999046325684,88.0,137.0,1504.0
2025-11-06T21:59:53Z,Run,2025-11-06 22:25:08+00:00,-8.05207447,-34.95334502,2.5999999046325684,89.0,137.0,1505.0
2025-11-06T21:59:53Z,Run,2025-11-06 22:25:09+00:00,-8.05209614,-34.95334902,2.5999999046325684,90.0,137.0,1506.0
2025-11-06T21:59:53Z,Run,2025-11-06 22:25:10+00:00,-8.05211779,-34.95335301,2.5999999046325684,90.0,137.0,1507.0
2025-11-06T21:59:53Z,Run,2025-11-06 22:25:11+00:00,-8.05214045,-34.95335633,2.5999999046325684,90.0,137.0,1508.0
2025-11-06T21:59:53Z,Run,2025-11-06 22:25:12+00:00,-8.05216345,-34.953359,2.5899999141693115,90.0,138.0,1509.0
2025-11-06T21:59:53Z,Run,2025-11-06 22:25:13+00:00,-8.05218677,-34.953361,2.5899999141693115,90.0,138.0,1510.0
2025-11-06T21:59:53Z,Run,2025-11-06 22:25:14+00:00,-8.05220876,-34.95336232,2.5899999141693115,90.0,137.0,1511.0
2025-11-06T21:59:53Z,Run,2025-11-06 22:25:15+00:00,-8.05223276,-34.95336299,2.5899999141693115,90.0,137.0,1512.0
2025-11-06T21:59:53Z,Run,2025-11-06 22:25:16+00:00,-8.05225609,-34.95336465,2.5899999141693115,90.0,137.0,1513.0
2025-11-06T21:59:53Z,Run,2025-11-06 22:25:17+00:00,-8.05227775,-34.95336898,2.5899999141693115,89.0,137.0,1514.0
2025-11-06T21:59:53Z,Run,2025-11-06 22:25:18+00:00,-8.05229808,-34.9533733,2.5899999141693115,89.0,137.0,1515.0
2025-11-06T21:59:53Z,Run,2025-11-06 22:25:19+00:00,-8.05231674,-34.9533753,2.5899999141693115,89.0,137.0,1516.0
2025-11-06T21:59:53Z,Run,2025-11-06 22:25:20+00:00,-8.05233807,-34.9533773,2.5899999141693115,89.0,137.0,1517.0
2025-11-06T21:59:53Z,Run,2025-11-06 22:25:21+00:00,-8.05236139,-34.95337963,2.5799999237060547,89.0,137.0,1518.0
2025-11-06T21:59:53Z,Run,2025-11-06 22:25:22+00:00,-8.05238538,-34.95338263,2.5799999237060547,89.0,137.0,1519.0
2025-11-06T21:59:53Z,Run,2025-11-06 22:25:23+00:00,-8.05240938,-34.95338428,2.5799999237060547,89.0,138.0,1520.0
2025-11-06T21:59:53Z,Run,2025-11-06 22:25:24+00:00,-8.05245704,-34.95339127,2.5799999237060547,89.0,137.0,1521.0
2025-11-06T21:59:53Z,Run,2025-11-06 22:25:25+00:00,-8.05247937,-34.95339694,2.5799999237060547,90.0,138.0,1522.0
2025-11-06T21:59:53Z,Run,2025-11-06 22:25:26+00:00,-8.05250336,-34.95340227,2.5799999237060547,90.0,138.0,1523.0
2025-11-06T21:59:53Z,Run,2025-11-06 22:25:27+00:00,-8.05252836,-34.95340526,2.5799999237060547,90.0,138.0,1524.0
2025-11-06T21:59:53Z,Run,2025-11-06 22:25:28+00:00,-8.05255368,-34.95340793,2.5799999237060547,89.0,139.0,1525.0
2025-11-06T21:59:53Z,Run,2025-11-06 22:25:29+00:00,-8.05257801,-34.95340992,2.5799999237060547,89.0,140.0,1526.0
2025-11-06T21:59:53Z,Run,2025-11-06 22:25:30+00:00,-8.05260234,-34.95341225,2.5899999141693115,89.0,140.0,1527.0
2025-11-06T21:59:53Z,Run,2025-11-06 22:25:31+00:00,-8.052628,-34.95341126,2.5899999141693115,89.0,141.0,1528.0
2025-11-06T21:59:53Z,Run,2025-11-06 22:25:32+00:00,-8.05265332,-34.95341026,2.5899999141693115,89.0,141.0,1529.0
2025-11-06T21:59:53Z,Run,2025-11-06 22:25:33+00:00,-8.05267731,-34.95340894,2.5899999141693115,89.0,141.0,1530.0
2025-11-06T21:59:53Z,Run,2025-11-06 22:25:34+00:00,-8.05269964,-34.95340828,2.5899999141693115,89.0,141.0,1531.0
2025-11-06T21:59:53Z,Run,2025-11-06 22:25:35+00:00,-8.0527223,-34.95340828,2.5899999141693115,88.0,142.0,1532.0
2025-11-06T21:59:53Z,Run,2025-11-06 22:25:36+00:00,-8.0527473,-34.95340861,2.5899999141693115,88.0,143.0,1533.0
2025-11-06T21:59:53Z,Run,2025-11-06 22:25:37+00:00,-8.05277229,-34.95340861,2.5999999046325684,89.0,145.0,1534.0
2025-11-06T21:59:53Z,Run,2025-11-06 22:25:38+00:00,-8.05279662,-34.95340893,2.5999999046325684,89.0,145.0,1535.0
2025-11-06T21:59:53Z,Run,2025-11-06 22:25:39+00:00,-8.05282061,-34.95340959,2.5999999046325684,88.0,146.0,1536.0
2025-11-06T21:59:53Z,Run,2025-11-06 22:25:40+00:00,-8.05284395,-34.95341258,2.5999999046325684,88.0,146.0,1537.0
2025-11-06T21:59:53Z,Run,2025-11-06 22:25:41+00:00,-8.05286728,-34.95341691,2.609999895095825,89.0,146.0,1538.0
2025-11-06T21:59:53Z,Run,2025-11-06 22:25:42+00:00,-8.05288994,-34.9534229,2.609999895095825,89.0,146.0,1539.0
2025-11-06T21:59:53Z,Run,2025-11-06 22:25:43+00:00,-8.05291259,-34.95342823,2.609999895095825,89.0,145.0,1540.0
2025-11-06T21:59:53Z,Run,2025-11-06 22:25:44+00:00,-8.05293426,-34.9534339,2.609999895095825,89.0,145.0,1541.0
2025-11-06T21:59:53Z,Run,2025-11-06 22:25:45+00:00,-8.05295526,-34.95343722,2.609999895095825,89.0,145.0,1542.0
2025-11-06T21:59:53Z,Run,2025-11-06 22:25:46+00:00,-8.05297692,-34.95343989,2.609999895095825,89.0,145.0,1543.0
2025-11-06T21:59:53Z,Run,2025-11-06 22:25:47+00:00,-8.05299925,-34.95343989,2.609999895095825,89.0,146.0,1544.0
2025-11-06T21:59:53Z,Run,2025-11-06 22:25:48+00:00,-8.05302191,-34.95343822,2.609999895095825,89.0,147.0,1545.0
2025-11-06T21:59:53Z,Run,2025-11-06 22:25:49+00:00,-8.0530459,-34.9534359,2.609999895095825,89.0,148.0,1546.0
2025-11-06T21:59:53Z,Run,2025-11-06 22:25:50+00:00,-8.05306923,-34.9534339,2.609999895095825,88.0,148.0,1547.0
2025-11-06T21:59:53Z,Run,2025-11-06 22:25:51+00:00,-8.05309289,-34.95343358,2.609999895095825,88.0,148.0,1548.0
2025-11-06T21:59:53Z,Run,2025-11-06 22:25:52+00:00,-8.05311722,-34.9534339,2.609999895095825,88.0,148.0,1549.0
2025-11-06T21:59:53Z,Run,2025-11-06 22:25:53+00:00,-8.05314088,-34.95343489,2.609999895095825,88.0,148.0,1550.0
2025-11-06T21:59:53Z,Run,2025-11-06 22:25:54+00:00,-8.05316521,-34.95343521,2.609999895095825,88.0,148.0,1551.0
2025-11-06T21:59:53Z,Run,2025-11-06 22:25:55+00:00,-8.0531892,-34.95343554,2.609999895095825,88.0,148.0,1552.0
2025-11-06T21:59:53Z,Run,2025-11-06 22:25:56+00:00,-8.05321252,-34.95343687,2.609999895095825,89.0,148.0,1553.0
2025-11-06T21:59:53Z,Run,2025-11-06 22:25:57+00:00,-8.05323686,-34.95343887,2.609999895095825,89.0,149.0,1554.0
2025-11-06T21:59:53Z,Run,2025-11-06 22:25:58+00:00,-8.05326018,-34.95344186,2.609999895095825,89.0,149.0,1555.0
2025-11-06T21:59:53Z,Run,2025-11-06 22:25:59+00:00,-8.0532835,-34.95344552,2.609999895095825,88.0,149.0,1556.0
2025-11-06T21:59:53Z,Run,2025-11-06 22:26:00+00:00,-8.0533055,-34.95344851,2.609999895095825,88.0,149.0,1557.0
2025-11-06T21:59:53Z,Run,2025-11-06 22:26:01+00:00,-8.0533265,-34.95345051,2.619999885559082,88.0,151.0,1558.0
2025-11-06T21:59:53Z,Run,2025-11-06 22:26:02+00:00,-8.05334749,-34.95345018,2.619999885559082,88.0,152.0,1559.0
2025-11-06T21:59:53Z,Run,2025-11-06 22:26:03+00:00,-8.05336783,-34.95344952,2.619999885559082,88.0,152.0,1560.0
2025-11-06T21:59:53Z,Run,2025-11-06 22:26:04+00:00,-8.05338948,-34.95344952,2.619999885559082,88.0,152.0,1561.0
2025-11-06T21:59:53Z,Run,2025-11-06 22:26:05+00:00,-8.05341147,-34.95345085,2.619999885559082,89.0,154.0,1562.0
2025-11-06T21:59:53Z,Run,2025-11-06 22:26:06+00:00,-8.05343347,-34.95345151,2.609999895095825,88.0,155.0,1563.0
2025-11-06T21:59:53Z,Run,2025-11-06 22:26:07+00:00,-8.0534558,-34.95345183,2.609999895095825,89.0,157.0,1564.0
2025-11-06T21:59:53Z,Run,2025-11-06 22:26:08+00:00,-8.05347846,-34.95345215,2.609999895095825,89.0,158.0,1565.0
2025-11-06T21:59:53Z,Run,2025-11-06 22:26:09+00:00,-8.05350145,-34.95345315,2.609999895095825,89.0,158.0,1566.0
2025-11-06T21:59:53Z,Run,2025-11-06 22:26:10+00:00,-8.05352479,-34.95345182,2.609999895095825,89.0,158.0,1567.0
2025-11-06T21:59:53Z,Run,2025-11-06 22:26:11+00:00,-8.05354845,-34.95345016,2.5999999046325684,89.0,160.0,1568.0
2025-11-06T21:59:53Z,Run,2025-11-06 22:26:12+00:00,-8.05357244,-34.95344783,2.5999999046325684,89.0,160.0,1569.0
2025-11-06T21:59:53Z,Run,2025-11-06 22:26:13+00:00,-8.0535951,-34.95344616,2.5999999046325684,89.0,160.0,1570.0
2025-11-06T21:59:53Z,Run,2025-11-06 22:26:14+00:00,-8.05361677,-34.95344517,2.5899999141693115,88.0,160.0,1571.0
2025-11-06T21:59:53Z,Run,2025-11-06 22:26:15+00:00,-8.05363876,-34.95344384,2.5899999141693115,88.0,160.0,1572.0
2025-11-06T21:59:53Z,Run,2025-11-06 22:26:16+00:00,-8.05366142,-34.95344651,2.5899999141693115,88.0,160.0,1573.0
2025-11-06T21:59:53Z,Run,2025-11-06 22:26:17+00:00,-8.05368508,-34.9534555,2.5899999141693115,89.0,160.0,1574.0
2025-11-06T21:59:53Z,Run,2025-11-06 22:26:18+00:00,-8.05371008,-34.9534675,2.5899999141693115,89.0,160.0,1575.0
2025-11-06T21:59:53Z,Run,2025-11-06 22:26:19+00:00,-8.0537364,-34.95347949,2.5899999141693115,89.0,160.0,1576.0
2025-11-06T21:59:53Z,Run,2025-11-06 22:26:20+00:00,-8.05375974,-34.95349148,2.5899999141693115,88.0,160.0,1577.0
2025-11-06T21:59:53Z,Run,2025-11-06 22:26:21+00:00,-8.0537834,-34.95350181,2.5899999141693115,89.0,160.0,1578.0
2025-11-06T21:59:53Z,Run,2025-11-06 22:26:22+00:00,-8.05380674,-34.95351047,2.5899999141693115,89.0,160.0,1579.0
2025-11-06T21:59:53Z,Run,2025-11-06 22:26:23+00:00,-8.0538304,-34.9535178,2.5899999141693115,88.0,160.0,1580.0
2025-11-06T21:59:53Z,Run,2025-11-06 22:26:24+00:00,-8.05385406,-34.95352446,2.5999999046325684,89.0,160.0,1581.0
2025-11-06T21:59:53Z,Run,2025-11-06 22:26:25+00:00,-8.05387938,-34.95352946,2.5999999046325684,88.0,160.0,1582.0
2025-11-06T21:59:53Z,Run,2025-11-06 22:26:26+00:00,-8.05390638,-34.95353378,2.5999999046325684,88.0,160.0,1583.0
2025-11-06T21:59:53Z,Run,2025-11-06 22:26:27+00:00,-8.05393371,-34.95353845,2.609999895095825,88.0,160.0,1584.0
2025-11-06T21:59:53Z,Run,2025-11-06 22:26:28+00:00,-8.05396204,-34.95354278,2.609999895095825,88.0,160.0,1585.0
2025-11-06T21:59:53Z,Run,2025-11-06 22:26:29+00:00,-8.05398804,-34.95354644,2.609999895095825,88.0,160.0,1586.0
2025-11-06T21:59:53Z,Run,2025-11-06 22:26:30+00:00,-8.05401336,-34.95355043,2.609999895095825,88.0,160.0,1587.0
2025-11-06T21:59:53Z,Run,2025-11-06 22:26:31+00:00,-8.05403769,-34.95355375,2.609999895095825,88.0,160.0,1588.0
2025-11-06T21:59:53Z,Run,2025-11-06 22:26:32+00:00,-8.05406135,-34.95355675,2.609999895095825,88.0,160.0,1589.0
2025-11-06T21:59:53Z,Run,2025-11-06 22:26:33+00:00,-8.05408602,-34.95356007,2.609999895095825,89.0,160.0,1590.0
2025-11-06T21:59:53Z,Run,2025-11-06 22:26:34+00:00,-8.05410868,-34.9535614,2.609999895095825,89.0,160.0,1591.0
2025-11-06T21:59:53Z,Run,2025-11-06 22:26:35+00:00,-8.05413033,-34.95356239,2.619999885559082,89.0,160.0,1592.0
2025-11-06T21:59:53Z,Run,2025-11-06 22:26:36+00:00,-8.05415267,-34.95356372,2.619999885559082,89.0,160.0,1593.0
2025-11-06T21:59:53Z,Run,2025-11-06 22:26:37+00:00,-8.05417367,-34.95356605,2.609999895095825,88.0,160.0,1594.0
2025-11-06T21:59:53Z,Run,2025-11-06 22:26:38+00:00,-8.05419632,-34.95356904,2.609999895095825,88.0,160.0,1595.0
2025-11-06T21:59:53Z,Run,2025-11-06 22:26:39+00:00,-8.05421865,-34.95357337,2.609999895095825,88.0,160.0,1596.0
2025-11-06T21:59:53Z,Run,2025-11-06 22:26:40+00:00,-8.05424198,-34.9535787,2.609999895095825,88.0,160.0,1597.0
2025-11-06T21:59:53Z,Run,2025-11-06 22:26:41+00:00,-8.05426497,-34.95358337,2.609999895095825,88.0,160.0,1598.0
2025-11-06T21:59:53Z,Run,2025-11-06 22:26:42+00:00,-8.05428764,-34.95358702,2.609999895095825,89.0,160.0,1599.0
2025-11-06T21:59:53Z,Run,2025-11-06 22:26:43+00:00,-8.05431029,-34.95359069,2.5999999046325684,89.0,164.0,1600.0
2025-11-06T21:59:53Z,Run,2025-11-06 22:26:44+00:00,-8.05433196,-34.95359335,2.5899999141693115,89.0,164.0,1601.0
2025-11-06T21:59:53Z,Run,2025-11-06 22:26:45+00:00,-8.05435195,-34.95359535,2.5899999141693115,88.0,165.0,1602.0
2025-11-06T21:59:53Z,Run,2025-11-06 22:26:46+00:00,-8.05437162,-34.95359668,2.5899999141693115,88.0,165.0,1603.0
2025-11-06T21:59:53Z,Run,2025-11-06 22:26:47+00:00,-8.05439127,-34.95359935,2.5899999141693115,89.0,165.0,1604.0
2025-11-06T21:59:53Z,Run,2025-11-06 22:26:48+00:00,-8.05441026,-34.95360334,2.5899999141693115,88.0,165.0,1605.0
2025-11-06T21:59:53Z,Run,2025-11-06 22:26:49+00:00,-8.0544326,-34.95361067,2.5799999237060547,88.0,166.0,1606.0
2025-11-06T21:59:53Z,Run,2025-11-06 22:26:50+00:00,-8.05445292,-34.95362167,2.569999933242798,88.0,167.0,1607.0
2025-11-06T21:59:53Z,Run,2025-11-06 22:26:51+00:00,-8.05446924,-34.95363699,2.559999942779541,88.0,168.0,1608.0
2025-11-06T21:59:53Z,Run,2025-11-06 22:26:52+00:00,-8.05448324,-34.95365465,2.559999942779541,88.0,168.0,1609.0
2025-11-06T21:59:53Z,Run,2025-11-06 22:26:53+00:00,-8.05449458,-34.95367265,2.549999952316284,89.0,169.0,1610.0
2025-11-06T21:59:53Z,Run,2025-11-06 22:26:54+00:00,-8.05450323,-34.95369498,2.549999952316284,88.0,169.0,1611.0
2025-11-06T21:59:53Z,Run,2025-11-06 22:26:55+00:00,-8.0545099,-34.95371998,2.5399999618530273,88.0,168.0,1612.0
2025-11-06T21:59:53Z,Run,2025-11-06 22:26:56+00:00,-8.05451356,-34.95374564,2.5399999618530273,88.0,168.0,1613.0
2025-11-06T21:59:53Z,Run,2025-11-06 22:26:57+00:00,-8.05451621,-34.9537683,2.5399999618530273,89.0,168.0,1614.0
2025-11-06T21:59:53Z,Run,2025-11-06 22:26:58+00:00,-8.0545172,-34.95379262,2.5399999618530273,89.0,168.0,1615.0
2025-11-06T21:59:53Z,Run,2025-11-06 22:26:59+00:00,-8.0545182,-34.95381828,2.5299999713897705,89.0,168.0,1616.0
2025-11-06T21:59:53Z,Run,2025-11-06 22:27:00+00:00,-8.05451754,-34.95384394,2.5399999618530273,89.0,168.0,1617.0
2025-11-06T21:59:53Z,Run,2025-11-06 22:27:01+00:00,-8.05451655,-34.9538686,2.5399999618530273,89.0,168.0,1618.0
2025-11-06T21:59:53Z,Run,2025-11-06 22:27:02+00:00,-8.05451422,-34.9538936,2.549999952316284,89.0,168.0,1619.0
2025-11-06T21:59:53Z,Run,2025-11-06 22:27:03+00:00,-8.05451123,-34.95391793,2.549999952316284,89.0,168.0,1620.0
2025-11-06T21:59:53Z,Run,2025-11-06 22:27:04+00:00,-8.05450923,-34.95394359,2.549999952316284,89.0,168.0,1621.0
2025-11-06T21:59:53Z,Run,2025-11-06 22:27:05+00:00,-8.05450757,-34.95396891,2.549999952316284,88.0,168.0,1622.0
2025-11-06T21:59:53Z,Run,2025-11-06 22:27:06+00:00,-8.0545079,-34.95399524,2.549999952316284,88.0,167.0,1623.0
2025-11-06T21:59:53Z,Run,2025-11-06 22:27:07+00:00,-8.05450857,-34.95402056,2.549999952316284,88.0,167.0,1624.0
2025-11-06T21:59:53Z,Run,2025-11-06 22:27:08+00:00,-8.05451057,-34.95404556,2.559999942779541,88.0,166.0,1625.0
2025-11-06T21:59:53Z,Run,2025-11-06 22:27:09+00:00,-8.05451522,-34.95406956,2.559999942779541,88.0,165.0,1626.0
2025-11-06T21:59:53Z,Run,2025-11-06 22:27:10+00:00,-8.05452322,-34.95409355,2.559999942779541,88.0,165.0,1627.0
2025-11-06T21:59:53Z,Run,2025-11-06 22:27:11+00:00,-8.05453355,-34.95411621,2.559999942779541,89.0,165.0,1628.0
2025-11-06T21:59:53Z,Run,2025-11-06 22:27:12+00:00,-8.05454687,-34.95413487,2.559999942779541,88.0,165.0,1629.0
2025-11-06T21:59:53Z,Run,2025-11-06 22:27:13+00:00,-8.05456386,-34.95414986,2.559999942779541,88.0,165.0,1630.0
2025-11-06T21:59:53Z,Run,2025-11-06 22:27:14+00:00,-8.05458419,-34.9541602,2.559999942779541,88.0,165.0,1631.0
2025-11-06T21:59:53Z,Run,2025-11-06 22:27:15+00:00,-8.05460618,-34.95416685,2.559999942779541,88.0,165.0,1632.0
2025-11-06T21:59:53Z,Run,2025-11-06 22:27:16+00:00,-8.05462884,-34.95417119,2.559999942779541,88.0,165.0,1633.0
2025-11-06T21:59:53Z,Run,2025-11-06 22:27:17+00:00,-8.05465016,-34.95417384,2.559999942779541,88.0,165.0,1634.0
2025-11-06T21:59:53Z,Run,2025-11-06 22:27:18+00:00,-8.05467083,-34.95417384,2.559999942779541,87.0,165.0,1635.0
2025-11-06T21:59:53Z,Run,2025-11-06 22:27:19+00:00,-8.05469382,-34.95417184,2.559999942779541,87.0,166.0,1636.0
2025-11-06T21:59:53Z,Run,2025-11-06 22:27:20+00:00,-8.05471648,-34.95417217,2.559999942779541,87.0,166.0,1637.0
2025-11-06T21:59:53Z,Run,2025-11-06 22:27:21+00:00,-8.05473714,-34.95417717,2.559999942779541,88.0,167.0,1638.0
2025-11-06T21:59:53Z,Run,2025-11-06 22:27:22+00:00,-8.05475814,-34.9541845,2.559999942779541,88.0,167.0,1639.0
2025-11-06T21:59:53Z,Run,2025-11-06 22:27:23+00:00,-8.0547788,-34.9541955,2.559999942779541,88.0,168.0,1640.0
2025-11-06T21:59:53Z,Run,2025-11-06 22:27:24+00:00,-8.05479779,-34.95420916,2.559999942779541,88.0,169.0,1641.0
2025-11-06T21:59:53Z,Run,2025-11-06 22:27:25+00:00,-8.05481579,-34.95422349,2.559999942779541,88.0,169.0,1642.0
2025-11-06T21:59:53Z,Run,2025-11-06 22:27:26+00:00,-8.05483245,-34.95424081,2.559999942779541,88.0,170.0,1643.0
2025-11-06T21:59:53Z,Run,2025-11-06 22:27:27+00:00,-8.05484577,-34.9542598,2.559999942779541,89.0,170.0,1644.0
2025-11-06T21:59:53Z,Run,2025-11-06 22:27:28+00:00,-8.05485776,-34.9542788,2.559999942779541,89.0,170.0,1645.0
2025-11-06T21:59:53Z,Run,2025-11-06 22:27:29+00:00,-8.05486876,-34.95429814,2.559999942779541,88.0,170.0,1646.0
2025-11-06T21:59:53Z,Run,2025-11-06 22:27:30+00:00,-8.05487776,-34.95431879,2.559999942779541,88.0,170.0,1647.0
2025-11-06T21:59:53Z,Run,2025-11-06 22:27:31+00:00,-8.05488042,-34.95434179,2.549999952316284,88.0,170.0,1648.0
2025-11-06T21:59:53Z,Run,2025-11-06 22:27:32+00:00,-8.05487909,-34.95436678,2.549999952316284,88.0,171.0,1649.0
2025-11-06T21:59:53Z,Run,2025-11-06 22:27:33+00:00,-8.05487777,-34.95439045,2.549999952316284,88.0,172.0,1650.0
2025-11-06T21:59:53Z,Run,2025-11-06 22:27:34+00:00,-8.05487544,-34.95441411,2.549999952316284,88.0,172.0,1651.0
2025-11-06T21:59:53Z,Run,2025-11-06 22:27:35+00:00,-8.05487311,-34.95443777,2.549999952316284,88.0,172.0,1652.0
2025-11-06T21:59:53Z,Run,2025-11-06 22:27:36+00:00,-8.05486978,-34.95446076,2.549999952316284,88.0,172.0,1653.0
2025-11-06T21:59:53Z,Run,2025-11-06 22:27:37+00:00,-8.05486579,-34.95448243,2.549999952316284,88.0,172.0,1654.0
2025-11-06T21:59:53Z,Run,2025-11-06 22:27:38+00:00,-8.05486179,-34.95450342,2.549999952316284,88.0,172.0,1655.0
2025-11-06T21:59:53Z,Run,2025-11-06 22:27:39+00:00,-8.05485813,-34.95452209,2.549999952316284,88.0,171.0,1656.0
2025-11-06T21:59:53Z,Run,2025-11-06 22:27:40+00:00,-8.05485548,-34.95454208,2.549999952316284,86.0,171.0,1657.0
2025-11-06T21:59:53Z,Run,2025-11-06 22:27:41+00:00,-8.05485348,-34.95456307,2.549999952316284,86.0,171.0,1658.0
2025-11-06T21:59:53Z,Run,2025-11-06 22:27:42+00:00,-8.05485015,-34.95458373,2.5399999618530273,86.0,171.0,1659.0
2025-11-06T21:59:53Z,Run,2025-11-06 22:28:37+00:00,-8.05479982,-34.95482439,2.440000057220459,86.0,147.0,1714.0
2025-11-06T21:59:53Z,Run,2025-11-06 22:28:38+00:00,-8.05480015,-34.95482672,2.440000057220459,86.0,148.0,1715.0
2025-11-06T21:59:53Z,Run,2025-11-06 22:28:39+00:00,-8.05480048,-34.95483139,2.440000057220459,,150.0,1716.0
2025-11-06T21:59:53Z,Run,2025-11-06 22:28:40+00:00,-8.05480015,-34.95483771,0.0,,151.0,1717.0
2025-11-06T21:59:53Z,Run,2025-11-06 22:28:41+00:00,-8.05479882,-34.95484637,0.0,,151.0,1718.0
2025-11-06T21:59:53Z,Run,2025-11-06 22:28:42+00:00,-8.05479982,-34.95485636,0.0,,152.0,1719.0
2025-11-06T21:59:53Z,Run,2025-11-06 22:28:43+00:00,-8.05480081,-34.95486869,0.0,,152.0,1720.0
2025-11-06T21:59:53Z,Run,2025-11-06 22:28:44+00:00,-8.05480148,-34.95488402,0.0,,152.0,1721.0
2025-11-06T21:59:53Z,Run,2025-11-06 22:28:45+00:00,-8.05480213,-34.95490101,0.0,,153.0,1722.0
2025-11-06T21:59:53Z,Run,2025-11-06 22:28:46+00:00,-8.05480114,-34.95492001,0.0,,155.0,1723.0
2025-11-06T21:59:53Z,Run,2025-11-06 22:28:47+00:00,-8.05480015,-34.95494066,0.7900000214576721,,155.0,1724.0
2025-11-06T21:59:53Z,Run,2025-11-06 22:28:48+00:00,-8.05479849,-34.95496133,0.7900000214576721,,155.0,1725.0
2025-11-06T21:59:53Z,Run,2025-11-06 22:28:49+00:00,-8.05479616,-34.95498299,1.7599999904632568,87.0,155.0,1726.0
2025-11-06T21:59:53Z,Run,2025-11-06 22:28:50+00:00,-8.05479216,-34.95500599,2.0299999713897705,87.0,156.0,1727.0
2025-11-06T21:59:53Z,Run,2025-11-06 22:28:51+00:00,-8.05478717,-34.95502832,2.200000047683716,87.0,156.0,1728.0
2025-11-06T21:59:53Z,Run,2025-11-06 22:28:53+00:00,-8.05478317,-34.95504931,2.2799999713897705,86.0,155.0,1730.0
2025-11-06T21:59:53Z,Run,2025-11-06 22:28:54+00:00,-8.05477318,-34.95508897,2.299999952316284,86.0,155.0,1731.0
2025-11-06T21:59:53Z,Run,2025-11-06 22:28:55+00:00,-8.05476652,-34.95510929,2.309999942779541,86.0,156.0,1732.0
2025-11-06T21:59:53Z,Run,2025-11-06 22:28:56+00:00,-8.05475886,-34.95512996,2.3499999046325684,86.0,157.0,1733.0
2025-11-06T21:59:53Z,Run,2025-11-06 22:28:57+00:00,-8.05475053,-34.95514929,2.390000104904175,86.0,158.0,1734.0
2025-11-06T21:59:53Z,Run,2025-11-06 22:28:58+00:00,-8.05474086,-34.95516895,2.4100000858306885,87.0,159.0,1735.0
2025-11-06T21:59:53Z,Run,2025-11-06 22:28:59+00:00,-8.05473186,-34.95518861,2.4100000858306885,87.0,159.0,1736.0
2025-11-06T21:59:53Z,Run,2025-11-06 22:29:00+00:00,-8.0547222,-34.95521027,2.4200000762939453,87.0,160.0,1737.0
2025-11-06T21:59:53Z,Run,2025-11-06 22:29:01+00:00,-8.05471154,-34.95523326,2.4100000858306885,86.0,160.0,1738.0
2025-11-06T21:59:53Z,Run,2025-11-06 22:29:02+00:00,-8.05469955,-34.95525393,2.4200000762939453,86.0,159.0,1739.0
2025-11-06T21:59:53Z,Run,2025-11-06 22:29:03+00:00,-8.05468656,-34.95527125,2.440000057220459,86.0,160.0,1740.0
2025-11-06T21:59:53Z,Run,2025-11-06 22:29:04+00:00,-8.05467322,-34.95528591,2.450000047683716,86.0,162.0,1741.0
2025-11-06T21:59:53Z,Run,2025-11-06 22:29:05+00:00,-8.05465857,-34.95529957,2.450000047683716,86.0,162.0,1742.0
2025-11-06T21:59:53Z,Run,2025-11-06 22:29:06+00:00,-8.05464158,-34.95531257,2.450000047683716,86.0,163.0,1743.0
2025-11-06T21:59:53Z,Run,2025-11-06 22:29:07+00:00,-8.05462624,-34.95532456,2.450000047683716,86.0,165.0,1744.0
2025-11-06T21:59:53Z,Run,2025-11-06 22:29:08+00:00,-8.05461091,-34.9553379,2.4600000381469727,87.0,165.0,1745.0
2025-11-06T21:59:53Z,Run,2025-11-06 22:29:09+00:00,-8.05459792,-34.95535322,2.450000047683716,88.0,166.0,1746.0
2025-11-06T21:59:53Z,Run,2025-11-06 22:29:10+00:00,-8.05458859,-34.95536821,2.4200000762939453,88.0,167.0,1747.0
2025-11-06T21:59:53Z,Run,2025-11-06 22:29:11+00:00,-8.05457993,-34.95538688,2.4200000762939453,88.0,167.0,1748.0
2025-11-06T21:59:53Z,Run,2025-11-06 22:29:12+00:00,-8.05457261,-34.95540621,2.390000104904175,87.0,167.0,1749.0
2025-11-06T21:59:53Z,Run,2025-11-06 22:29:13+00:00,-8.05456861,-34.95542788,2.380000114440918,87.0,166.0,1750.0
2025-11-06T21:59:53Z,Run,2025-11-06 22:29:14+00:00,-8.05456495,-34.9554512,2.390000104904175,87.0,166.0,1751.0
2025-11-06T21:59:53Z,Run,2025-11-06 22:29:15+00:00,-8.05456395,-34.95547252,2.390000104904175,87.0,166.0,1752.0
2025-11-06T21:59:53Z,Run,2025-11-06 22:29:16+00:00,-8.05456296,-34.95549252,2.390000104904175,87.0,167.0,1753.0
2025-11-06T21:59:53Z,Run,2025-11-06 22:29:17+00:00,-8.05456263,-34.95551285,2.380000114440918,87.0,167.0,1754.0
2025-11-06T21:59:53Z,Run,2025-11-06 22:29:18+00:00,-8.05456263,-34.95553184,2.380000114440918,87.0,167.0,1755.0
2025-11-06T21:59:53Z,Run,2025-11-06 22:29:19+00:00,-8.0545623,-34.95555117,2.359999895095825,87.0,167.0,1756.0
2025-11-06T21:59:53Z,Run,2025-11-06 22:29:20+00:00,-8.0545603,-34.95557184,2.3399999141693115,87.0,167.0,1757.0
2025-11-06T21:59:53Z,Run,2025-11-06 22:29:21+00:00,-8.05455898,-34.95559384,2.319999933242798,88.0,167.0,1758.0
2025-11-06T21:59:53Z,Run,2025-11-06 22:29:22+00:00,-8.05455732,-34.95561616,2.299999952316284,88.0,167.0,1759.0
2025-11-06T21:59:53Z,Run,2025-11-06 22:29:23+00:00,-8.05455633,-34.95563849,2.299999952316284,87.0,167.0,1760.0
2025-11-06T21:59:53Z,Run,2025-11-06 22:29:24+00:00,-8.054556,-34.95566049,2.299999952316284,87.0,167.0,1761.0
2025-11-06T21:59:53Z,Run,2025-11-06 22:29:25+00:00,-8.05455667,-34.95568283,2.299999952316284,87.0,168.0,1762.0
2025-11-06T21:59:53Z,Run,2025-11-06 22:29:26+00:00,-8.05456,-34.95570615,2.309999942779541,87.0,170.0,1763.0
2025-11-06T21:59:53Z,Run,2025-11-06 22:29:27+00:00,-8.05456366,-34.95572615,2.309999942779541,87.0,173.0,1764.0
2025-11-06T21:59:53Z,Run,2025-11-06 22:29:28+00:00,-8.05456965,-34.95574247,2.319999933242798,87.0,173.0,1765.0
2025-11-06T21:59:53Z,Run,2025-11-06 22:29:29+00:00,-8.05458065,-34.95575647,2.319999933242798,87.0,173.0,1766.0
2025-11-06T21:59:53Z,Run,2025-11-06 22:29:30+00:00,-8.05459465,-34.95576714,2.319999933242798,87.0,173.0,1767.0
2025-11-06T21:59:53Z,Run,2025-11-06 22:29:31+00:00,-8.0546093,-34.95577447,2.319999933242798,86.0,173.0,1768.0
2025-11-06T21:59:53Z,Run,2025-11-06 22:29:32+00:00,-8.05462697,-34.9557808,2.319999933242798,86.0,174.0,1769.0
2025-11-06T21:59:53Z,Run,2025-11-06 22:29:33+00:00,-8.05464664,-34.95578712,2.319999933242798,87.0,175.0,1770.0
2025-11-06T21:59:53Z,Run,2025-11-06 22:29:34+00:00,-8.05466663,-34.95579345,2.309999942779541,88.0,176.0,1771.0
2025-11-06T21:59:53Z,Run,2025-11-06 22:29:35+00:00,-8.05468863,-34.95579912,2.299999952316284,88.0,176.0,1772.0
2025-11-06T21:59:53Z,Run,2025-11-06 22:29:36+00:00,-8.05470928,-34.95580511,2.299999952316284,88.0,176.0,1773.0
2025-11-06T21:59:53Z,Run,2025-11-06 22:29:37+00:00,-8.05473061,-34.9558101,2.2899999618530273,88.0,176.0,1774.0
2025-11-06T21:59:53Z,Run,2025-11-06 22:29:38+00:00,-8.05475327,-34.95581343,2.2899999618530273,87.0,176.0,1775.0
2025-11-06T21:59:53Z,Run,2025-11-06 22:29:39+00:00,-8.05480725,-34.95582075,2.2899999618530273,87.0,175.0,1776.0
2025-11-06T21:59:53Z,Run,2025-11-06 22:29:40+00:00,-8.05483325,-34.95582475,2.299999952316284,88.0,175.0,1777.0
2025-11-06T21:59:53Z,Run,2025-11-06 22:29:41+00:00,-8.05485925,-34.95582874,2.299999952316284,88.0,175.0,1778.0
2025-11-06T21:59:53Z,Run,2025-11-06 22:29:42+00:00,-8.05488692,-34.95583307,2.309999942779541,88.0,175.0,1779.0
2025-11-06T21:59:53Z,Run,2025-11-06 22:29:43+00:00,-8.05491191,-34.9558384,2.3299999237060547,87.0,175.0,1780.0
2025-11-06T21:59:53Z,Run,2025-11-06 22:29:44+00:00,-8.05493358,-34.95584406,2.3399999141693115,87.0,175.0,1781.0
2025-11-06T21:59:53Z,Run,2025-11-06 22:29:45+00:00,-8.05495458,-34.95585039,2.359999895095825,87.0,177.0,1782.0
2025-11-06T21:59:53Z,Run,2025-11-06 22:29:46+00:00,-8.05497557,-34.95585606,2.380000114440918,87.0,178.0,1783.0
2025-11-06T21:59:53Z,Run,2025-11-06 22:29:47+00:00,-8.05499589,-34.95586173,2.380000114440918,87.0,178.0,1784.0
2025-11-06T21:59:53Z,Run,2025-11-06 22:29:48+00:00,-8.05501856,-34.95586805,2.390000104904175,87.0,178.0,1785.0
2025-11-06T21:59:53Z,Run,2025-11-06 22:29:49+00:00,-8.05503921,-34.95587372,2.4000000953674316,87.0,178.0,1786.0
2025-11-06T21:59:53Z,Run,2025-11-06 22:29:50+00:00,-8.0550612,-34.95587937,2.4100000858306885,87.0,179.0,1787.0
2025-11-06T21:59:53Z,Run,2025-11-06 22:29:51+00:00,-8.05508487,-34.95588337,2.4200000762939453,87.0,179.0,1788.0
2025-11-06T21:59:53Z,Run,2025-11-06 22:29:52+00:00,-8.05511053,-34.95588636,2.4200000762939453,87.0,179.0,1789.0
2025-11-06T21:59:53Z,Run,2025-11-06 22:29:53+00:00,-8.05513585,-34.95588869,2.4200000762939453,87.0,179.0,1790.0
2025-11-06T21:59:53Z,Run,2025-11-06 22:29:54+00:00,-8.05516052,-34.95589102,2.4200000762939453,87.0,178.0,1791.0
2025-11-06T21:59:53Z,Run,2025-11-06 22:29:55+00:00,-8.05518318,-34.95589369,2.5,87.0,177.0,1792.0
2025-11-06T21:59:53Z,Run,2025-11-06 22:29:56+00:00,-8.05520517,-34.95589802,2.5799999237060547,87.0,176.0,1793.0
2025-11-06T21:59:53Z,Run,2025-11-06 22:29:57+00:00,-8.05522684,-34.95590369,2.569999933242798,87.0,176.0,1794.0
2025-11-06T21:59:53Z,Run,2025-11-06 22:29:58+00:00,-8.0552475,-34.95591034,2.569999933242798,87.0,176.0,1795.0
2025-11-06T21:59:53Z,Run,2025-11-06 22:29:59+00:00,-8.05526683,-34.95591734,2.569999933242798,87.0,176.0,1796.0
2025-11-06T21:59:53Z,Run,2025-11-06 22:30:00+00:00,-8.05528515,-34.955924,2.569999933242798,87.0,176.0,1797.0
2025-11-06T21:59:53Z,Run,2025-11-06 22:30:01+00:00,-8.05530482,-34.95592867,2.549999952316284,87.0,176.0,1798.0
2025-11-06T21:59:53Z,Run,2025-11-06 22:30:02+00:00,-8.05532381,-34.95592999,2.5,87.0,177.0,1799.0
2025-11-06T21:59:53Z,Run,2025-11-06 22:30:03+00:00,-8.05534148,-34.95592566,2.4600000381469727,86.0,177.0,1800.0
2025-11-06T21:59:53Z,Run,2025-11-06 22:30:04+00:00,-8.0553558,-34.955917,2.4100000858306885,87.0,178.0,1801.0
2025-11-06T21:59:53Z,Run,2025-11-06 22:30:05+00:00,-8.05536613,-34.95590268,2.4100000858306885,87.0,178.0,1802.0
2025-11-06T21:59:53Z,Run,2025-11-06 22:30:06+00:00,-8.05537513,-34.95588669,2.359999895095825,88.0,178.0,1803.0
2025-11-06T21:59:53Z,Run,2025-11-06 22:30:07+00:00,-8.05538046,-34.95586936,2.309999942779541,88.0,178.0,1804.0
2025-11-06T21:59:53Z,Run,2025-11-06 22:30:08+00:00,-8.05538246,-34.9558507,2.2699999809265137,88.0,178.0,1805.0
2025-11-06T21:59:53Z,Run,2025-11-06 22:30:09+00:00,-8.05538311,-34.95583304,2.240000009536743,88.0,179.0,1806.0
2025-11-06T21:59:53Z,Run,2025-11-06 22:30:10+00:00,-8.05538411,-34.95581437,2.2300000190734863,88.0,179.0,1807.0
2025-11-06T21:59:53Z,Run,2025-11-06 22:30:11+00:00,-8.05538544,-34.95579405,2.2300000190734863,88.0,179.0,1808.0
2025-11-06T21:59:53Z,Run,2025-11-06 22:30:12+00:00,-8.05538744,-34.95577106,2.2200000286102295,88.0,179.0,1809.0
2025-11-06T21:59:53Z,Run,2025-11-06 22:30:13+00:00,-8.05538843,-34.95574773,2.2100000381469727,88.0,180.0,1810.0
2025-11-06T21:59:53Z,Run,2025-11-06 22:30:14+00:00,-8.05538876,-34.95572539,2.2300000190734863,88.0,181.0,1811.0
2025-11-06T21:59:53Z,Run,2025-11-06 22:30:15+00:00,-8.05538843,-34.9557024,2.2799999713897705,88.0,180.0,1812.0
2025-11-06T21:59:53Z,Run,2025-11-06 22:30:16+00:00,-8.05538943,-34.95567841,2.3499999046325684,88.0,180.0,1813.0
2025-11-06T21:59:53Z,Run,2025-11-06 22:30:17+00:00,-8.05539109,-34.95565508,2.3499999046325684,88.0,180.0,1814.0
2025-11-06T21:59:53Z,Run,2025-11-06 22:30:18+00:00,-8.05539675,-34.95563076,2.430000066757202,88.0,179.0,1815.0
2025-11-06T21:59:53Z,Run,2025-11-06 22:30:19+00:00,-8.05540208,-34.95560776,2.490000009536743,89.0,179.0,1816.0
2025-11-06T21:59:53Z,Run,2025-11-06 22:30:20+00:00,-8.05540707,-34.95558577,2.5,88.0,179.0,1817.0
2025-11-06T21:59:53Z,Run,2025-11-06 22:30:21+00:00,-8.05541073,-34.95556477,2.509999990463257,89.0,179.0,1818.0
2025-11-06T21:59:53Z,Run,2025-11-06 22:30:22+00:00,-8.05541406,-34.95554277,2.5,88.0,179.0,1819.0
2025-11-06T21:59:53Z,Run,2025-11-06 22:30:23+00:00,-8.05541772,-34.95552244,2.5,88.0,179.0,1820.0
2025-11-06T21:59:53Z,Run,2025-11-06 22:30:24+00:00,-8.05541972,-34.95550112,2.490000009536743,88.0,179.0,1821.0
2025-11-06T21:59:53Z,Run,2025-11-06 22:30:25+00:00,-8.05542205,-34.95547679,2.4600000381469727,88.0,179.0,1822.0
2025-11-06T21:59:53Z,Run,2025-11-06 22:30:26+00:00,-8.05542271,-34.95545279,2.430000066757202,88.0,179.0,1823.0
2025-11-06T21:59:53Z,Run,2025-11-06 22:30:27+00:00,-8.05542403,-34.95543046,2.430000066757202,88.0,177.0,1824.0
2025-11-06T21:59:53Z,Run,2025-11-06 22:30:28+00:00,-8.0554257,-34.95540913,2.4200000762939453,88.0,177.0,1825.0
2025-11-06T21:59:53Z,Run,2025-11-06 22:30:29+00:00,-8.05543036,-34.95538713,2.4000000953674316,89.0,177.0,1826.0
2025-11-06T21:59:53Z,Run,2025-11-06 22:30:30+00:00,-8.05543601,-34.95536546,2.4000000953674316,89.0,177.0,1827.0
2025-11-06T21:59:53Z,Run,2025-11-06 22:30:31+00:00,-8.05544201,-34.95534414,2.390000104904175,88.0,177.0,1828.0
2025-11-06T21:59:53Z,Run,2025-11-06 22:30:32+00:00,-8.05544734,-34.95532382,2.4000000953674316,88.0,177.0,1829.0
2025-11-06T21:59:53Z,Run,2025-11-06 22:30:33+00:00,-8.05545167,-34.95530382,2.4000000953674316,89.0,176.0,1830.0
2025-11-06T21:59:53Z,Run,2025-11-06 22:30:34+00:00,-8.05545533,-34.95528183,2.4000000953674316,88.0,176.0,1831.0
2025-11-06T21:59:53Z,Run,2025-11-06 22:30:35+00:00,-8.05545798,-34.95526083,2.4000000953674316,88.0,175.0,1832.0
2025-11-06T21:59:53Z,Run,2025-11-06 22:30:36+00:00,-8.05545998,-34.95523817,2.4000000953674316,88.0,175.0,1833.0
2025-11-06T21:59:53Z,Run,2025-11-06 22:30:37+00:00,-8.05546097,-34.95521785,2.4000000953674316,88.0,175.0,1834.0
2025-11-06T21:59:53Z,Run,2025-11-06 22:30:38+00:00,-8.05546263,-34.95519618,2.4000000953674316,88.0,175.0,1835.0
2025-11-06T21:59:53Z,Run,2025-11-06 22:30:39+00:00,-8.05546496,-34.95517219,2.4000000953674316,88.0,174.0,1836.0
2025-11-06T21:59:53Z,Run,2025-11-06 22:30:40+00:00,-8.05546696,-34.95514986,2.390000104904175,88.0,173.0,1837.0
2025-11-06T21:59:53Z,Run,2025-11-06 22:30:41+00:00,-8.05546762,-34.9551272,2.390000104904175,88.0,173.0,1838.0
2025-11-06T21:59:53Z,Run,2025-11-06 22:30:42+00:00,-8.05546894,-34.95510487,2.390000104904175,88.0,173.0,1839.0
2025-11-06T21:59:53Z,Run,2025-11-06 22:30:43+00:00,-8.05546894,-34.95508387,2.390000104904175,88.0,173.0,1840.0
2025-11-06T21:59:53Z,Run,2025-11-06 22:30:44+00:00,-8.05546795,-34.95506088,2.390000104904175,87.0,173.0,1841.0
2025-11-06T21:59:53Z,Run,2025-11-06 22:30:45+00:00,-8.0554673,-34.95503854,2.390000104904175,87.0,173.0,1842.0
2025-11-06T21:59:53Z,Run,2025-11-06 22:30:46+00:00,-8.05546697,-34.95501522,2.390000104904175,87.0,174.0,1843.0
2025-11-06T21:59:53Z,Run,2025-11-06 22:30:47+00:00,-8.0554673,-34.95499223,2.390000104904175,88.0,176.0,1844.0
2025-11-06T21:59:53Z,Run,2025-11-06 22:30:48+00:00,-8.0554673,-34.9549699,2.390000104904175,88.0,176.0,1845.0
2025-11-06T21:59:53Z,Run,2025-11-06 22:30:49+00:00,-8.05546795,-34.9549489,2.390000104904175,88.0,176.0,1846.0
2025-11-06T21:59:53Z,Run,2025-11-06 22:30:50+00:00,-8.05546894,-34.95492757,2.390000104904175,88.0,175.0,1847.0
2025-11-06T21:59:53Z,Run,2025-11-06 22:30:51+00:00,-8.05546961,-34.95490691,2.390000104904175,88.0,174.0,1848.0
2025-11-06T21:59:53Z,Run,2025-11-06 22:30:52+00:00,-8.05547061,-34.95488558,2.390000104904175,89.0,173.0,1849.0
2025-11-06T21:59:53Z,Run,2025-11-06 22:30:53+00:00,-8.05547193,-34.95486425,2.390000104904175,88.0,172.0,1850.0
2025-11-06T21:59:53Z,Run,2025-11-06 22:30:54+00:00,-8.05547259,-34.95484192,2.390000104904175,88.0,172.0,1851.0
2025-11-06T21:59:53Z,Run,2025-11-06 22:30:55+00:00,-8.05547391,-34.95482059,2.390000104904175,88.0,172.0,1852.0
2025-11-06T21:59:53Z,Run,2025-11-06 22:30:56+00:00,-8.05547624,-34.95479893,2.390000104904175,88.0,173.0,1853.0
2025-11-06T21:59:53Z,Run,2025-11-06 22:30:57+00:00,-8.05547824,-34.9547786,2.380000114440918,88.0,174.0,1854.0
2025-11-06T21:59:53Z,Run,2025-11-06 22:30:58+00:00,-8.05548089,-34.9547576,2.380000114440918,89.0,176.0,1855.0
2025-11-06T21:59:53Z,Run,2025-11-06 22:30:59+00:00,-8.05548322,-34.95473395,2.380000114440918,89.0,176.0,1856.0
2025-11-06T21:59:53Z,Run,2025-11-06 22:31:00+00:00,-8.05548522,-34.95471261,2.380000114440918,89.0,176.0,1857.0
2025-11-06T21:59:53Z,Run,2025-11-06 22:31:01+00:00,-8.05548755,-34.95469129,2.369999885559082,88.0,176.0,1858.0
2025-11-06T21:59:53Z,Run,2025-11-06 22:31:02+00:00,-8.05548987,-34.95467097,2.369999885559082,89.0,176.0,1859.0
2025-11-06T21:59:53Z,Run,2025-11-06 22:31:03+00:00,-8.05549121,-34.95464997,2.359999895095825,88.0,176.0,1860.0
2025-11-06T21:59:53Z,Run,2025-11-06 22:31:04+00:00,-8.0554922,-34.95462964,2.359999895095825,88.0,177.0,1861.0
2025-11-06T21:59:53Z,Run,2025-11-06 22:31:05+00:00,-8.05549352,-34.95460864,2.359999895095825,89.0,177.0,1862.0
2025-11-06T21:59:53Z,Run,2025-11-06 22:31:06+00:00,-8.05549552,-34.95458599,2.359999895095825,89.0,177.0,1863.0
2025-11-06T21:59:53Z,Run,2025-11-06 22:31:07+00:00,-8.05549851,-34.95456333,2.359999895095825,89.0,177.0,1864.0
2025-11-06T21:59:53Z,Run,2025-11-06 22:31:08+00:00,-8.05550084,-34.95454133,2.3499999046325684,89.0,178.0,1865.0
2025-11-06T21:59:53Z,Run,2025-11-06 22:31:09+00:00,-8.05550351,-34.95451701,2.3499999046325684,88.0,179.0,1866.0
2025-11-06T21:59:53Z,Run,2025-11-06 22:31:10+00:00,-8.0555065,-34.95449368,2.3499999046325684,88.0,180.0,1867.0
2025-11-06T21:59:53Z,Run,2025-11-06 22:31:11+00:00,-8.05550983,-34.95447102,2.3499999046325684,89.0,180.0,1868.0
2025-11-06T21:59:53Z,Run,2025-11-06 22:31:12+00:00,-8.05551183,-34.95445069,2.3499999046325684,89.0,180.0,1869.0
2025-11-06T21:59:53Z,Run,2025-11-06 22:31:13+00:00,-8.05551416,-34.95442937,2.3499999046325684,88.0,180.0,1870.0
2025-11-06T21:59:53Z,Run,2025-11-06 22:31:14+00:00,-8.05551581,-34.95440804,2.359999895095825,89.0,180.0,1871.0
2025-11-06T21:59:53Z,Run,2025-11-06 22:31:15+00:00,-8.05551814,-34.95438705,2.359999895095825,89.0,181.0,1872.0
2025-11-06T21:59:53Z,Run,2025-11-06 22:31:16+00:00,-8.05552113,-34.95436471,2.359999895095825,89.0,181.0,1873.0
2025-11-06T21:59:53Z,Run,2025-11-06 22:31:17+00:00,-8.05552446,-34.95434271,2.359999895095825,89.0,181.0,1874.0
2025-11-06T21:59:53Z,Run,2025-11-06 22:31:18+00:00,-8.05552812,-34.95432038,2.359999895095825,89.0,181.0,1875.0
2025-11-06T21:59:53Z,Run,2025-11-06 22:31:19+00:00,-8.05553245,-34.95429871,2.359999895095825,89.0,181.0,1876.0
2025-11-06T21:59:53Z,Run,2025-11-06 22:31:20+00:00,-8.05553611,-34.95427638,2.359999895095825,89.0,180.0,1877.0
2025-11-06T21:59:53Z,Run,2025-11-06 22:31:21+00:00,-8.05553944,-34.95425671,2.359999895095825,89.0,180.0,1878.0
2025-11-06T21:59:53Z,Run,2025-11-06 22:31:22+00:00,-8.05554144,-34.95423672,2.359999895095825,90.0,180.0,1879.0
2025-11-06T21:59:53Z,Run,2025-11-06 22:31:23+00:00,-8.0555441,-34.95421573,2.359999895095825,90.0,180.0,1880.0
2025-11-06T21:59:53Z,Run,2025-11-06 22:31:24+00:00,-8.05554743,-34.9541944,2.359999895095825,90.0,180.0,1881.0
2025-11-06T21:59:53Z,Run,2025-11-06 22:31:25+00:00,-8.05555076,-34.95417041,2.359999895095825,90.0,180.0,1882.0
2025-11-06T21:59:53Z,Run,2025-11-06 22:31:26+00:00,-8.05555409,-34.95414808,2.359999895095825,90.0,180.0,1883.0
2025-11-06T21:59:53Z,Run,2025-11-06 22:31:27+00:00,-8.05555742,-34.95412509,2.359999895095825,90.0,181.0,1884.0
2025-11-06T21:59:53Z,Run,2025-11-06 22:31:28+00:00,-8.05556009,-34.95410009,2.369999885559082,90.0,180.0,1885.0
2025-11-06T21:59:53Z,Run,2025-11-06 22:31:29+00:00,-8.05556308,-34.95407743,2.369999885559082,90.0,179.0,1886.0
2025-11-06T21:59:53Z,Run,2025-11-06 22:31:30+00:00,-8.05556573,-34.9540541,2.369999885559082,90.0,178.0,1887.0
2025-11-06T21:59:53Z,Run,2025-11-06 22:31:31+00:00,-8.05556907,-34.9540321,2.369999885559082,90.0,178.0,1888.0
2025-11-06T21:59:53Z,Run,2025-11-06 22:31:32+00:00,-8.05557072,-34.95401011,2.369999885559082,90.0,176.0,1889.0
2025-11-06T21:59:53Z,Run,2025-11-06 22:31:33+00:00,-8.0555704,-34.95398777,2.380000114440918,90.0,176.0,1890.0
2025-11-06T21:59:53Z,Run,2025-11-06 22:31:34+00:00,-8.0555704,-34.95396377,2.380000114440918,90.0,176.0,1891.0
2025-11-06T21:59:53Z,Run,2025-11-06 22:31:35+00:00,-8.05557107,-34.95394045,2.380000114440918,90.0,177.0,1892.0
2025-11-06T21:59:53Z,Run,2025-11-06 22:31:36+00:00,-8.05557107,-34.95391912,2.380000114440918,89.0,176.0,1893.0
2025-11-06T21:59:53Z,Run,2025-11-06 22:31:37+00:00,-8.0555694,-34.95389913,2.380000114440918,89.0,176.0,1894.0
2025-11-06T21:59:53Z,Run,2025-11-06 22:31:38+00:00,-8.05556508,-34.9538778,2.380000114440918,89.0,174.0,1895.0
2025-11-06T21:59:53Z,Run,2025-11-06 22:31:39+00:00,-8.05555808,-34.95385647,2.380000114440918,89.0,173.0,1896.0
2025-11-06T21:59:53Z,Run,2025-11-06 22:31:40+00:00,-8.05554809,-34.95383514,2.380000114440918,89.0,173.0,1897.0
2025-11-06T21:59:53Z,Run,2025-11-06 22:31:41+00:00,-8.05553709,-34.95381615,2.390000104904175,89.0,173.0,1898.0
2025-11-06T21:59:53Z,Run,2025-11-06 22:31:42+00:00,-8.05552343,-34.95379981,2.390000104904175,89.0,172.0,1899.0
2025-11-06T21:59:53Z,Run,2025-11-06 22:31:43+00:00,-8.0555081,-34.95378549,2.390000104904175,89.0,172.0,1900.0
2025-11-06T21:59:53Z,Run,2025-11-06 22:31:44+00:00,-8.05549143,-34.9537735,2.390000104904175,89.0,171.0,1901.0
2025-11-06T21:59:53Z,Run,2025-11-06 22:31:45+00:00,-8.05547477,-34.9537635,2.390000104904175,89.0,170.0,1902.0
2025-11-06T21:59:53Z,Run,2025-11-06 22:31:46+00:00,-8.05545711,-34.95375484,2.390000104904175,89.0,170.0,1903.0
2025-11-06T21:59:53Z,Run,2025-11-06 22:31:47+00:00,-8.05543945,-34.95374619,2.390000104904175,89.0,170.0,1904.0
2025-11-06T21:59:53Z,Run,2025-11-06 22:31:48+00:00,-8.05541912,-34.95373852,2.390000104904175,89.0,170.0,1905.0
2025-11-06T21:59:53Z,Run,2025-11-06 22:31:49+00:00,-8.05539613,-34.95373319,2.390000104904175,89.0,170.0,1906.0
2025-11-06T21:59:53Z,Run,2025-11-06 22:31:50+00:00,-8.05537313,-34.9537302,2.390000104904175,89.0,170.0,1907.0
2025-11-06T21:59:53Z,Run,2025-11-06 22:31:52+00:00,-8.0553528,-34.95372786,2.390000104904175,89.0,170.0,1909.0
2025-11-06T21:59:53Z,Run,2025-11-06 22:31:53+00:00,-8.05531015,-34.95372222,2.390000104904175,89.0,170.0,1910.0
2025-11-06T21:59:53Z,Run,2025-11-06 22:31:54+00:00,-8.05528915,-34.95371955,2.390000104904175,89.0,170.0,1911.0
2025-11-06T21:59:53Z,Run,2025-11-06 22:31:55+00:00,-8.05526748,-34.95371723,2.390000104904175,89.0,170.0,1912.0
2025-11-06T21:59:53Z,Run,2025-11-06 22:31:56+00:00,-8.05524549,-34.95371523,2.390000104904175,89.0,172.0,1913.0
2025-11-06T21:59:53Z,Run,2025-11-06 22:31:57+00:00,-8.05522316,-34.95371389,2.390000104904175,89.0,173.0,1914.0
2025-11-06T21:59:53Z,Run,2025-11-06 22:31:58+00:00,-8.05520082,-34.9537129,2.390000104904175,89.0,173.0,1915.0
2025-11-06T21:59:53Z,Run,2025-11-06 22:31:59+00:00,-8.05517717,-34.95371124,2.390000104904175,89.0,173.0,1916.0
2025-11-06T21:59:53Z,Run,2025-11-06 22:32:00+00:00,-8.0551545,-34.95370958,2.390000104904175,89.0,173.0,1917.0
2025-11-06T21:59:53Z,Run,2025-11-06 22:32:01+00:00,-8.05513251,-34.95370725,2.4000000953674316,89.0,173.0,1918.0
2025-11-06T21:59:53Z,Run,2025-11-06 22:32:02+00:00,-8.05511085,-34.95370458,2.4000000953674316,89.0,173.0,1919.0
2025-11-06T21:59:53Z,Run,2025-11-06 22:32:03+00:00,-8.05508719,-34.95370191,2.4000000953674316,90.0,173.0,1920.0
2025-11-06T21:59:53Z,Run,2025-11-06 22:32:04+00:00,-8.05506453,-34.95369892,2.4000000953674316,90.0,173.0,1921.0
2025-11-06T21:59:53Z,Run,2025-11-06 22:32:05+00:00,-8.05504253,-34.95369593,2.4000000953674316,90.0,174.0,1922.0
2025-11-06T21:59:53Z,Run,2025-11-06 22:32:06+00:00,-8.05502286,-34.9536936,2.4100000858306885,89.0,174.0,1923.0
2025-11-06T21:59:53Z,Run,2025-11-06 22:32:07+00:00,-8.05500421,-34.95369061,2.4100000858306885,89.0,174.0,1924.0
2025-11-06T21:59:53Z,Run,2025-11-06 22:32:08+00:00,-8.05498621,-34.95368762,2.4100000858306885,89.0,174.0,1925.0
2025-11-06T21:59:53Z,Run,2025-11-06 22:32:09+00:00,-8.05496654,-34.95368495,2.4200000762939453,89.0,174.0,1926.0
2025-11-06T21:59:53Z,Run,2025-11-06 22:32:10+00:00,-8.05494455,-34.95368262,2.4200000762939453,89.0,176.0,1927.0
2025-11-06T21:59:53Z,Run,2025-11-06 22:32:11+00:00,-8.05492323,-34.95368029,2.4200000762939453,89.0,176.0,1928.0
2025-11-06T21:59:53Z,Run,2025-11-06 22:32:12+00:00,-8.05490123,-34.95367796,2.4200000762939453,89.0,176.0,1929.0
2025-11-06T21:59:53Z,Run,2025-11-06 22:32:13+00:00,-8.05487924,-34.95367563,2.4200000762939453,89.0,176.0,1930.0
2025-11-06T21:59:53Z,Run,2025-11-06 22:32:14+00:00,-8.05485691,-34.95367531,2.4200000762939453,89.0,176.0,1931.0
2025-11-06T21:59:53Z,Run,2025-11-06 22:32:15+00:00,-8.05483491,-34.95367563,2.4200000762939453,90.0,174.0,1932.0
2025-11-06T21:59:53Z,Run,2025-11-06 22:32:16+00:00,-8.05481226,-34.95367629,2.4200000762939453,90.0,174.0,1933.0
2025-11-06T21:59:53Z,Run,2025-11-06 22:32:17+00:00,-8.0547896,-34.95367661,2.4200000762939453,90.0,173.0,1934.0
2025-11-06T21:59:53Z,Run,2025-11-06 22:32:18+00:00,-8.05476493,-34.95367828,2.4200000762939453,90.0,172.0,1935.0
2025-11-06T21:59:53Z,Run,2025-11-06 22:32:19+00:00,-8.05474294,-34.95367927,2.4200000762939453,90.0,172.0,1936.0
2025-11-06T21:59:53Z,Run,2025-11-06 22:32:20+00:00,-8.05472194,-34.95367861,2.4200000762939453,90.0,172.0,1937.0
2025-11-06T21:59:53Z,Run,2025-11-06 22:32:21+00:00,-8.05470328,-34.95367728,2.4200000762939453,90.0,172.0,1938.0
2025-11-06T21:59:53Z,Run,2025-11-06 22:32:22+00:00,-8.05468594,-34.95367529,2.4200000762939453,90.0,172.0,1939.0
2025-11-06T21:59:53Z,Run,2025-11-06 22:32:23+00:00,-8.05466762,-34.95367395,2.4200000762939453,89.0,173.0,1940.0
2025-11-06T21:59:53Z,Run,2025-11-06 22:32:24+00:00,-8.05464963,-34.95367196,2.4200000762939453,89.0,173.0,1941.0
2025-11-06T21:59:53Z,Run,2025-11-06 22:32:25+00:00,-8.05463163,-34.95367163,2.4200000762939453,89.0,172.0,1942.0
2025-11-06T21:59:53Z,Run,2025-11-06 22:32:26+00:00,-8.05461297,-34.95367097,2.4200000762939453,89.0,172.0,1943.0
2025-11-06T21:59:53Z,Run,2025-11-06 22:32:27+00:00,-8.05459164,-34.95367032,2.4100000858306885,89.0,173.0,1944.0
2025-11-06T21:59:53Z,Run,2025-11-06 22:32:28+00:00,-8.05457232,-34.95367131,2.4000000953674316,89.0,174.0,1945.0
2025-11-06T21:59:53Z,Run,2025-11-06 22:32:29+00:00,-8.05455432,-34.95367396,2.4000000953674316,89.0,177.0,1946.0
2025-11-06T21:59:53Z,Run,2025-11-06 22:32:30+00:00,-8.05453866,-34.95368063,2.390000104904175,89.0,177.0,1947.0
2025-11-06T21:59:53Z,Run,2025-11-06 22:32:31+00:00,-8.05452399,-34.95369129,2.380000114440918,89.0,179.0,1948.0
2025-11-06T21:59:53Z,Run,2025-11-06 22:32:32+00:00,-8.05450999,-34.95370495,2.380000114440918,89.0,179.0,1949.0
2025-11-06T21:59:53Z,Run,2025-11-06 22:32:33+00:00,-8.05449734,-34.95372062,2.380000114440918,89.0,180.0,1950.0
2025-11-06T21:59:53Z,Run,2025-11-06 22:32:34+00:00,-8.05448701,-34.95373395,2.369999885559082,88.0,180.0,1951.0
2025-11-06T21:59:53Z,Run,2025-11-06 22:32:35+00:00,-8.05448068,-34.95374594,2.359999895095825,89.0,180.0,1952.0
2025-11-06T21:59:53Z,Run,2025-11-06 22:32:36+00:00,-8.05447336,-34.95375961,2.3499999046325684,89.0,179.0,1953.0
2025-11-06T21:59:53Z,Run,2025-11-06 22:32:37+00:00,-8.05446936,-34.95377493,2.3499999046325684,89.0,179.0,1954.0
2025-11-06T21:59:53Z,Run,2025-11-06 22:32:38+00:00,-8.05446736,-34.9537916,2.3499999046325684,89.0,179.0,1955.0
2025-11-06T21:59:53Z,Run,2025-11-06 22:32:39+00:00,-8.05446637,-34.95380727,2.3399999141693115,89.0,179.0,1956.0
2025-11-06T21:59:53Z,Run,2025-11-06 22:32:40+00:00,-8.0544667,-34.95382159,2.3299999237060547,89.0,180.0,1957.0
2025-11-06T21:59:53Z,Run,2025-11-06 22:32:41+00:00,-8.05446702,-34.95383391,2.309999942779541,89.0,180.0,1958.0
2025-11-06T21:59:53Z,Run,2025-11-06 22:32:42+00:00,-8.0544657,-34.95384791,2.2899999618530273,89.0,179.0,1959.0
2025-11-06T21:59:53Z,Run,2025-11-06 22:32:43+00:00,-8.0544637,-34.95386425,2.2699999809265137,89.0,178.0,1960.0
2025-11-06T21:59:53Z,Run,2025-11-06 22:32:44+00:00,-8.05446004,-34.95388224,2.2699999809265137,89.0,178.0,1961.0
2025-11-06T21:59:53Z,Run,2025-11-06 22:32:45+00:00,-8.05445171,-34.9539009,1.9700000286102295,89.0,177.0,1962.0
2025-11-06T21:59:53Z,Run,2025-11-06 22:32:46+00:00,-8.05443839,-34.95391923,1.690000057220459,88.0,177.0,1963.0
2025-11-06T21:59:53Z,Run,2025-11-06 22:32:47+00:00,-8.05442205,-34.95393456,1.6799999475479126,88.0,177.0,1964.0
2025-11-06T21:59:53Z,Run,2025-11-06 22:32:48+00:00,-8.0544024,-34.95394755,1.7000000476837158,89.0,177.0,1965.0
2025-11-06T21:59:53Z,Run,2025-11-06 22:32:49+00:00,-8.05438341,-34.95395855,1.850000023841858,89.0,176.0,1966.0
2025-11-06T21:59:53Z,Run,2025-11-06 22:32:50+00:00,-8.05436374,-34.95396688,1.850000023841858,89.0,176.0,1967.0
2025-11-06T21:59:53Z,Run,2025-11-06 22:32:51+00:00,-8.05434274,-34.95397422,2.069999933242798,89.0,176.0,1968.0
2025-11-06T21:59:53Z,Run,2025-11-06 22:32:52+00:00,-8.05431908,-34.95398155,2.2300000190734863,89.0,176.0,1969.0
2025-11-06T21:59:53Z,Run,2025-11-06 22:32:53+00:00,-8.05429709,-34.95398954,2.259999990463257,89.0,175.0,1970.0
2025-11-06T21:59:53Z,Run,2025-11-06 22:32:54+00:00,-8.05427309,-34.9539982,2.259999990463257,89.0,175.0,1971.0
2025-11-06T21:59:53Z,Run,2025-11-06 22:32:55+00:00,-8.05424844,-34.95400553,2.299999952316284,89.0,174.0,1972.0
2025-11-06T21:59:53Z,Run,2025-11-06 22:32:56+00:00,-8.05422278,-34.9540112,2.390000104904175,89.0,173.0,1973.0
2025-11-06T21:59:53Z,Run,2025-11-06 22:32:57+00:00,-8.05419645,-34.95401553,2.390000104904175,89.0,173.0,1974.0
2025-11-06T21:59:53Z,Run,2025-11-06 22:32:58+00:00,-8.05417146,-34.95401885,2.549999952316284,89.0,173.0,1975.0
2025-11-06T21:59:53Z,Run,2025-11-06 22:32:59+00:00,-8.05414612,-34.95402419,2.6500000953674316,89.0,172.0,1976.0
2025-11-06T21:59:53Z,Run,2025-11-06 22:33:00+00:00,-8.05412213,-34.95402918,2.700000047683716,89.0,170.0,1977.0
2025-11-06T21:59:53Z,Run,2025-11-06 22:33:01+00:00,-8.05409847,-34.95403084,2.7200000286102295,89.0,170.0,1978.0
2025-11-06T21:59:53Z,Run,2025-11-06 22:33:02+00:00,-8.0540738,-34.95403183,2.7200000286102295,89.0,169.0,1979.0
2025-11-06T21:59:53Z,Run,2025-11-06 22:33:03+00:00,-8.05405048,-34.95403216,2.7200000286102295,89.0,169.0,1980.0
2025-11-06T21:59:53Z,Run,2025-11-06 22:33:04+00:00,-8.05403014,-34.95403249,2.7100000381469727,90.0,168.0,1981.0
2025-11-06T21:59:53Z,Run,2025-11-06 22:33:05+00:00,-8.05400849,-34.95403182,2.6600000858306885,90.0,168.0,1982.0
2025-11-06T21:59:53Z,Run,2025-11-06 22:33:06+00:00,-8.05398716,-34.9540315,2.609999895095825,89.0,170.0,1983.0
2025-11-06T21:59:53Z,Run,2025-11-06 22:33:07+00:00,-8.05396483,-34.95403084,2.569999933242798,89.0,171.0,1984.0
2025-11-06T21:59:53Z,Run,2025-11-06 22:33:08+00:00,-8.05394316,-34.95402752,2.509999990463257,89.0,171.0,1985.0
2025-11-06T21:59:53Z,Run,2025-11-06 22:33:09+00:00,-8.05392117,-34.95402386,2.509999990463257,89.0,171.0,1986.0
2025-11-06T21:59:53Z,Run,2025-11-06 22:33:10+00:00,-8.05389985,-34.9540202,2.4700000286102295,89.0,172.0,1987.0
2025-11-06T21:59:53Z,Run,2025-11-06 22:33:11+00:00,-8.05387785,-34.95401721,2.440000057220459,89.0,173.0,1988.0
2025-11-06T21:59:53Z,Run,2025-11-06 22:33:12+00:00,-8.05385353,-34.95401622,2.430000066757202,90.0,173.0,1989.0
2025-11-06T21:59:53Z,Run,2025-11-06 22:33:13+00:00,-8.05382853,-34.95401787,2.440000057220459,89.0,173.0,1990.0
2025-11-06T21:59:53Z,Run,2025-11-06 22:33:14+00:00,-8.05380553,-34.95401954,2.450000047683716,89.0,172.0,1991.0
2025-11-06T21:59:53Z,Run,2025-11-06 22:33:15+00:00,-8.0537822,-34.95402154,2.450000047683716,89.0,172.0,1992.0
2025-11-06T21:59:53Z,Run,2025-11-06 22:33:16+00:00,-8.05375954,-34.95402421,2.4800000190734863,90.0,171.0,1993.0
2025-11-06T21:59:53Z,Run,2025-11-06 22:33:17+00:00,-8.05373555,-34.95402486,2.509999990463257,89.0,171.0,1994.0
2025-11-06T21:59:53Z,Run,2025-11-06 22:33:18+00:00,-8.05371289,-34.95402421,2.5399999618530273,89.0,171.0,1995.0
2025-11-06T21:59:53Z,Run,2025-11-06 22:33:19+00:00,-8.05369223,-34.95402254,2.549999952316284,89.0,171.0,1996.0
2025-11-06T21:59:53Z,Run,2025-11-06 22:33:20+00:00,-8.05367058,-34.95402155,2.549999952316284,90.0,171.0,1997.0
2025-11-06T21:59:53Z,Run,2025-11-06 22:33:21+00:00,-8.05364691,-34.95402022,2.549999952316284,90.0,171.0,1998.0
2025-11-06T21:59:53Z,Run,2025-11-06 22:33:22+00:00,-8.05362359,-34.95401889,2.549999952316284,89.0,171.0,1999.0
2025-11-06T21:59:53Z,Run,2025-11-06 22:33:23+00:00,-8.05360125,-34.95401789,2.549999952316284,89.0,171.0,2000.0
2025-11-06T21:59:53Z,Run,2025-11-06 22:33:24+00:00,-8.0535806,-34.95401724,2.549999952316284,89.0,171.0,2001.0
2025-11-06T21:59:53Z,Run,2025-11-06 22:33:25+00:00,-8.05355794,-34.95401756,2.549999952316284,89.0,171.0,2002.0
2025-11-06T21:59:53Z,Run,2025-11-06 22:33:26+00:00,-8.05353561,-34.95401856,2.5399999618530273,90.0,172.0,2003.0
2025-11-06T21:59:53Z,Run,2025-11-06 22:33:27+00:00,-8.05351295,-34.95402055,2.5399999618530273,90.0,172.0,2004.0
2025-11-06T21:59:53Z,Run,2025-11-06 22:33:28+00:00,-8.05349228,-34.95402288,2.5399999618530273,90.0,174.0,2005.0
2025-11-06T21:59:53Z,Run,2025-11-06 22:33:29+00:00,-8.05347163,-34.95402621,2.5299999713897705,90.0,175.0,2006.0
2025-11-06T21:59:53Z,Run,2025-11-06 22:33:30+00:00,-8.05345196,-34.95402886,2.5299999713897705,90.0,177.0,2007.0
2025-11-06T21:59:53Z,Run,2025-11-06 22:33:31+00:00,-8.05343063,-34.95403185,2.5299999713897705,90.0,177.0,2008.0
2025-11-06T21:59:53Z,Run,2025-11-06 22:33:32+00:00,-8.05340997,-34.95403419,2.5199999809265137,90.0,177.0,2009.0
2025-11-06T21:59:53Z,Run,2025-11-06 22:33:33+00:00,-8.05339264,-34.95403652,2.5199999809265137,90.0,177.0,2010.0
2025-11-06T21:59:53Z,Run,2025-11-06 22:33:34+00:00,-8.05337298,-34.95403852,2.509999990463257,90.0,177.0,2011.0
2025-11-06T21:59:53Z,Run,2025-11-06 22:33:35+00:00,-8.05335298,-34.95403918,2.5,90.0,177.0,2012.0
2025-11-06T21:59:53Z,Run,2025-11-06 22:33:36+00:00,-8.05333331,-34.9540405,2.5,89.0,178.0,2013.0
2025-11-06T21:59:53Z,Run,2025-11-06 22:33:37+00:00,-8.05331532,-34.9540405,2.490000009536743,89.0,178.0,2014.0
2025-11-06T21:59:53Z,Run,2025-11-06 22:33:38+00:00,-8.05329599,-34.95403784,2.4800000190734863,90.0,178.0,2015.0
2025-11-06T21:59:53Z,Run,2025-11-06 22:33:39+00:00,-8.05327433,-34.95403618,2.4800000190734863,90.0,178.0,2016.0
2025-11-06T21:59:53Z,Run,2025-11-06 22:33:40+00:00,-8.05325167,-34.95403451,2.4800000190734863,89.0,177.0,2017.0
2025-11-06T21:59:53Z,Run,2025-11-06 22:33:41+00:00,-8.05322734,-34.95403218,2.4600000381469727,89.0,177.0,2018.0
2025-11-06T21:59:53Z,Run,2025-11-06 22:33:42+00:00,-8.05320434,-34.95402985,2.4600000381469727,90.0,176.0,2019.0
2025-11-06T21:59:53Z,Run,2025-11-06 22:33:43+00:00,-8.05318102,-34.95402452,2.4600000381469727,90.0,176.0,2020.0
2025-11-06T21:59:53Z,Run,2025-11-06 22:33:44+00:00,-8.05315602,-34.95401919,2.450000047683716,90.0,176.0,2021.0
2025-11-06T21:59:53Z,Run,2025-11-06 22:33:45+00:00,-8.05313203,-34.95401485,2.450000047683716,90.0,176.0,2022.0
2025-11-06T21:59:53Z,Run,2025-11-06 22:33:46+00:00,-8.05311071,-34.95401153,2.450000047683716,90.0,176.0,2023.0
2025-11-06T21:59:53Z,Run,2025-11-06 22:33:47+00:00,-8.05309004,-34.9540062,2.450000047683716,90.0,175.0,2024.0
2025-11-06T21:59:53Z,Run,2025-11-06 22:33:48+00:00,-8.05306938,-34.9540012,2.4600000381469727,89.0,172.0,2025.0
2025-11-06T21:59:53Z,Run,2025-11-06 22:33:49+00:00,-8.05304705,-34.95399454,2.4600000381469727,89.0,171.0,2026.0
2025-11-06T21:59:53Z,Run,2025-11-06 22:33:50+00:00,-8.05302739,-34.95398921,2.4600000381469727,89.0,171.0,2027.0
2025-11-06T21:59:53Z,Run,2025-11-06 22:33:52+00:00,-8.05300739,-34.95398488,2.4600000381469727,89.0,170.0,2029.0
2025-11-06T21:59:53Z,Run,2025-11-06 22:33:53+00:00,-8.05296774,-34.95397323,2.4600000381469727,90.0,169.0,2030.0
2025-11-06T21:59:53Z,Run,2025-11-06 22:33:54+00:00,-8.05292841,-34.95395357,2.450000047683716,90.0,170.0,2031.0
2025-11-06T21:59:53Z,Run,2025-11-06 22:33:55+00:00,-8.05290975,-34.9539439,2.450000047683716,90.0,170.0,2032.0
2025-11-06T21:59:53Z,Run,2025-11-06 22:33:56+00:00,-8.05289242,-34.95393258,2.450000047683716,90.0,170.0,2033.0
2025-11-06T21:59:53Z,Run,2025-11-06 22:33:57+00:00,-8.05287777,-34.95391792,2.450000047683716,90.0,171.0,2034.0
2025-11-06T21:59:53Z,Run,2025-11-06 22:33:58+00:00,-8.05286643,-34.95390159,2.450000047683716,90.0,172.0,2035.0
2025-11-06T21:59:53Z,Run,2025-11-06 22:33:59+00:00,-8.05285843,-34.9538816,2.440000057220459,89.0,173.0,2036.0
2025-11-06T21:59:53Z,Run,2025-11-06 22:34:00+00:00,-8.05285344,-34.95386027,2.430000066757202,89.0,173.0,2037.0
2025-11-06T21:59:53Z,Run,2025-11-06 22:34:01+00:00,-8.05285079,-34.95383794,2.430000066757202,89.0,173.0,2038.0
2025-11-06T21:59:53Z,Run,2025-11-06 22:34:02+00:00,-8.0528498,-34.95381461,2.430000066757202,89.0,172.0,2039.0
2025-11-06T21:59:53Z,Run,2025-11-06 22:34:03+00:00,-8.05285279,-34.95378762,2.430000066757202,89.0,172.0,2040.0
2025-11-06T21:59:53Z,Run,2025-11-06 22:34:04+00:00,-8.05285711,-34.95376029,2.430000066757202,89.0,172.0,2041.0
2025-11-06T21:59:53Z,Run,2025-11-06 22:34:05+00:00,-8.05286178,-34.95373495,2.430000066757202,89.0,172.0,2042.0
2025-11-06T21:59:53Z,Run,2025-11-06 22:34:06+00:00,-8.05286577,-34.95371062,2.430000066757202,89.0,172.0,2043.0
2025-11-06T21:59:53Z,Run,2025-11-06 22:34:07+00:00,-8.05286977,-34.95368562,2.430000066757202,89.0,172.0,2044.0
2025-11-06T21:59:53Z,Run,2025-11-06 22:34:08+00:00,-8.0528721,-34.95366196,2.430000066757202,89.0,172.0,2045.0
2025-11-06T21:59:53Z,Run,2025-11-06 22:34:09+00:00,-8.05287242,-34.95363963,2.430000066757202,89.0,172.0,2046.0
2025-11-06T21:59:53Z,Run,2025-11-06 22:34:10+00:00,-8.05287309,-34.9536183,2.440000057220459,89.0,172.0,2047.0
2025-11-06T21:59:53Z,Run,2025-11-06 22:34:11+00:00,-8.05287475,-34.95359731,2.450000047683716,89.0,172.0,2048.0
2025-11-06T21:59:53Z,Run,2025-11-06 22:34:12+00:00,-8.05287607,-34.95357631,2.450000047683716,90.0,171.0,2049.0
2025-11-06T21:59:53Z,Run,2025-11-06 22:34:13+00:00,-8.0528794,-34.95355365,2.450000047683716,90.0,171.0,2050.0
2025-11-06T21:59:53Z,Run,2025-11-06 22:34:14+00:00,-8.05288774,-34.95353499,2.450000047683716,89.0,171.0,2051.0
2025-11-06T21:59:53Z,Run,2025-11-06 22:34:15+00:00,-8.05290174,-34.95352166,2.450000047683716,89.0,171.0,2052.0
2025-11-06T21:59:53Z,Run,2025-11-06 22:34:16+00:00,-8.05291673,-34.95351333,2.450000047683716,89.0,171.0,2053.0
2025-11-06T21:59:53Z,Run,2025-11-06 22:34:17+00:00,-8.05293473,-34.95351,2.440000057220459,89.0,172.0,2054.0
2025-11-06T21:59:53Z,Run,2025-11-06 22:34:18+00:00,-8.05295338,-34.953508,2.430000066757202,88.0,173.0,2055.0
2025-11-06T21:59:53Z,Run,2025-11-06 22:34:19+00:00,-8.05297372,-34.95350635,2.430000066757202,89.0,173.0,2056.0
2025-11-06T21:59:53Z,Run,2025-11-06 22:34:20+00:00,-8.05299537,-34.95350135,2.4200000762939453,89.0,173.0,2057.0
2025-11-06T21:59:53Z,Run,2025-11-06 22:34:21+00:00,-8.05301704,-34.95349868,2.4200000762939453,89.0,173.0,2058.0
2025-11-06T21:59:53Z,Run,2025-11-06 22:34:22+00:00,-8.05303804,-34.95349668,2.4200000762939453,89.0,173.0,2059.0
2025-11-06T21:59:53Z,Run,2025-11-06 22:34:23+00:00,-8.05305936,-34.95349668,2.4100000858306885,89.0,173.0,2060.0
2025-11-06T21:59:53Z,Run,2025-11-06 22:34:24+00:00,-8.05308036,-34.95349734,2.4000000953674316,89.0,172.0,2061.0
2025-11-06T21:59:53Z,Run,2025-11-06 22:34:25+00:00,-8.05310269,-34.95349767,2.4000000953674316,89.0,171.0,2062.0
2025-11-06T21:59:53Z,Run,2025-11-06 22:34:26+00:00,-8.05312469,-34.95349767,2.4000000953674316,89.0,171.0,2063.0
2025-11-06T21:59:53Z,Run,2025-11-06 22:34:27+00:00,-8.05314768,-34.95349734,2.4000000953674316,89.0,171.0,2064.0
2025-11-06T21:59:53Z,Run,2025-11-06 22:34:28+00:00,-8.05317201,-34.95349568,2.4000000953674316,89.0,171.0,2065.0
2025-11-06T21:59:53Z,Run,2025-11-06 22:34:29+00:00,-8.05319634,-34.95349368,2.4000000953674316,89.0,171.0,2066.0
2025-11-06T21:59:53Z,Run,2025-11-06 22:34:30+00:00,-8.05322033,-34.95349302,2.4000000953674316,89.0,171.0,2067.0
2025-11-06T21:59:53Z,Run,2025-11-06 22:34:31+00:00,-8.05324266,-34.95349401,2.4000000953674316,89.0,172.0,2068.0
2025-11-06T21:59:53Z,Run,2025-11-06 22:34:32+00:00,-8.05326366,-34.95349635,2.4000000953674316,90.0,173.0,2069.0
2025-11-06T21:59:53Z,Run,2025-11-06 22:34:33+00:00,-8.05328531,-34.95349835,2.4000000953674316,90.0,173.0,2070.0
2025-11-06T21:59:53Z,Run,2025-11-06 22:34:34+00:00,-8.05330365,-34.95350034,2.4000000953674316,90.0,172.0,2071.0
2025-11-06T21:59:53Z,Run,2025-11-06 22:34:35+00:00,-8.05332497,-34.95350234,2.4000000953674316,90.0,171.0,2072.0
2025-11-06T21:59:53Z,Run,2025-11-06 22:34:36+00:00,-8.05334664,-34.95350367,2.4000000953674316,90.0,170.0,2073.0
2025-11-06T21:59:53Z,Run,2025-11-06 22:34:37+00:00,-8.05336897,-34.95350433,2.4000000953674316,90.0,170.0,2074.0
2025-11-06T21:59:53Z,Run,2025-11-06 22:34:38+00:00,-8.0533913,-34.95350433,2.4000000953674316,90.0,170.0,2075.0
2025-11-06T21:59:53Z,Run,2025-11-06 22:34:39+00:00,-8.05341363,-34.95350334,2.4000000953674316,90.0,170.0,2076.0
2025-11-06T21:59:53Z,Run,2025-11-06 22:34:40+00:00,-8.05343463,-34.95350334,2.390000104904175,89.0,170.0,2077.0
2025-11-06T21:59:53Z,Run,2025-11-06 22:34:41+00:00,-8.05345729,-34.953503,2.390000104904175,89.0,171.0,2078.0
2025-11-06T21:59:53Z,Run,2025-11-06 22:34:42+00:00,-8.05348028,-34.95350367,2.390000104904175,89.0,172.0,2079.0
2025-11-06T21:59:53Z,Run,2025-11-06 22:34:43+00:00,-8.05350262,-34.953506,2.390000104904175,89.0,172.0,2080.0
2025-11-06T21:59:53Z,Run,2025-11-06 22:34:44+00:00,-8.05352294,-34.95350933,2.390000104904175,89.0,173.0,2081.0
2025-11-06T21:59:53Z,Run,2025-11-06 22:34:45+00:00,-8.0535456,-34.95351065,2.390000104904175,89.0,173.0,2082.0
2025-11-06T21:59:53Z,Run,2025-11-06 22:34:46+00:00,-8.05356759,-34.95351065,2.390000104904175,89.0,174.0,2083.0
2025-11-06T21:59:53Z,Run,2025-11-06 22:34:47+00:00,-8.05359125,-34.95351097,2.390000104904175,89.0,175.0,2084.0
2025-11-06T21:59:53Z,Run,2025-11-06 22:34:48+00:00,-8.05361058,-34.95351032,2.390000104904175,90.0,176.0,2085.0
2025-11-06T21:59:53Z,Run,2025-11-06 22:34:49+00:00,-8.05363258,-34.95351131,2.390000104904175,89.0,176.0,2086.0
2025-11-06T21:59:53Z,Run,2025-11-06 22:34:51+00:00,-8.05365357,-34.95351331,2.390000104904175,90.0,176.0,2088.0
2025-11-06T21:59:53Z,Run,2025-11-06 22:34:52+00:00,-8.05369223,-34.95351962,2.380000114440918,90.0,176.0,2089.0
2025-11-06T21:59:53Z,Run,2025-11-06 22:34:53+00:00,-8.05371089,-34.95352295,2.380000114440918,89.0,176.0,2090.0
2025-11-06T21:59:53Z,Run,2025-11-06 22:34:54+00:00,-8.05372856,-34.95352561,2.380000114440918,89.0,175.0,2091.0
2025-11-06T21:59:53Z,Run,2025-11-06 22:34:55+00:00,-8.05374922,-34.95352728,2.380000114440918,89.0,174.0,2092.0
2025-11-06T21:59:53Z,Run,2025-11-06 22:34:56+00:00,-8.05377055,-34.95352793,2.380000114440918,89.0,173.0,2093.0
2025-11-06T21:59:53Z,Run,2025-11-06 22:34:57+00:00,-8.0537932,-34.95352728,2.380000114440918,89.0,173.0,2094.0
2025-11-06T21:59:53Z,Run,2025-11-06 22:34:58+00:00,-8.05381719,-34.95352494,2.369999885559082,89.0,172.0,2095.0
2025-11-06T21:59:53Z,Run,2025-11-06 22:34:59+00:00,-8.05383985,-34.95352261,2.369999885559082,89.0,171.0,2096.0
2025-11-06T21:59:53Z,Run,2025-11-06 22:35:00+00:00,-8.05386452,-34.95352195,2.369999885559082,89.0,171.0,2097.0
2025-11-06T21:59:53Z,Run,2025-11-06 22:35:01+00:00,-8.05388752,-34.95352228,2.359999895095825,89.0,173.0,2098.0
2025-11-06T21:59:53Z,Run,2025-11-06 22:35:02+00:00,-8.05391217,-34.95352361,2.359999895095825,89.0,173.0,2099.0
2025-11-06T21:59:53Z,Run,2025-11-06 22:35:03+00:00,-8.05393717,-34.95352493,2.359999895095825,89.0,173.0,2100.0
2025-11-06T21:59:53Z,Run,2025-11-06 22:35:04+00:00,-8.05396184,-34.9535276,2.369999885559082,89.0,172.0,2101.0
2025-11-06T21:59:53Z,Run,2025-11-06 22:35:05+00:00,-8.05398916,-34.95352927,2.369999885559082,89.0,171.0,2102.0
2025-11-06T21:59:53Z,Run,2025-11-06 22:35:06+00:00,-8.05401482,-34.95353092,2.380000114440918,89.0,171.0,2103.0
2025-11-06T21:59:53Z,Run,2025-11-06 22:35:07+00:00,-8.05403949,-34.95353326,2.380000114440918,89.0,171.0,2104.0
2025-11-06T21:59:53Z,Run,2025-11-06 22:35:08+00:00,-8.05406249,-34.95353526,2.390000104904175,90.0,171.0,2105.0
2025-11-06T21:59:53Z,Run,2025-11-06 22:35:09+00:00,-8.05408548,-34.95353658,2.390000104904175,90.0,171.0,2106.0
2025-11-06T21:59:53Z,Run,2025-11-06 22:35:10+00:00,-8.05410948,-34.95353758,2.4000000953674316,90.0,170.0,2107.0
2025-11-06T21:59:53Z,Run,2025-11-06 22:35:11+00:00,-8.05413447,-34.95353857,2.4000000953674316,90.0,169.0,2108.0
2025-11-06T21:59:53Z,Run,2025-11-06 22:35:12+00:00,-8.05415979,-34.9535399,2.4200000762939453,90.0,169.0,2109.0
2025-11-06T21:59:53Z,Run,2025-11-06 22:35:13+00:00,-8.05418146,-34.95354323,2.4200000762939453,89.0,171.0,2110.0
2025-11-06T21:59:53Z,Run,2025-11-06 22:35:14+00:00,-8.05420212,-34.95354788,2.430000066757202,89.0,170.0,2111.0
2025-11-06T21:59:53Z,Run,2025-11-06 22:35:15+00:00,-8.05422278,-34.95355422,2.430000066757202,89.0,170.0,2112.0
2025-11-06T21:59:53Z,Run,2025-11-06 22:35:16+00:00,-8.05424511,-34.95356255,2.430000066757202,89.0,170.0,2113.0
2025-11-06T21:59:53Z,Run,2025-11-06 22:35:17+00:00,-8.0542691,-34.95357088,2.440000057220459,89.0,170.0,2114.0
2025-11-06T21:59:53Z,Run,2025-11-06 22:35:18+00:00,-8.05429043,-34.95357854,2.450000047683716,89.0,171.0,2115.0
2025-11-06T21:59:53Z,Run,2025-11-06 22:35:19+00:00,-8.05431308,-34.95358687,2.450000047683716,89.0,171.0,2116.0
2025-11-06T21:59:53Z,Run,2025-11-06 22:35:20+00:00,-8.05433508,-34.95359721,2.450000047683716,89.0,172.0,2117.0
2025-11-06T21:59:53Z,Run,2025-11-06 22:35:21+00:00,-8.05435574,-34.95360653,2.450000047683716,89.0,172.0,2118.0
2025-11-06T21:59:53Z,Run,2025-11-06 22:35:22+00:00,-8.0543744,-34.95361519,2.450000047683716,89.0,173.0,2119.0
2025-11-06T21:59:53Z,Run,2025-11-06 22:35:23+00:00,-8.05439306,-34.95362252,2.450000047683716,89.0,173.0,2120.0
2025-11-06T21:59:53Z,Run,2025-11-06 22:35:24+00:00,-8.05441473,-34.95362918,2.450000047683716,89.0,173.0,2121.0
2025-11-06T21:59:53Z,Run,2025-11-06 22:35:25+00:00,-8.05443539,-34.95363783,2.450000047683716,89.0,173.0,2122.0
2025-11-06T21:59:53Z,Run,2025-11-06 22:35:26+00:00,-8.05445371,-34.95365083,2.450000047683716,90.0,173.0,2123.0
2025-11-06T21:59:53Z,Run,2025-11-06 22:35:27+00:00,-8.0544687,-34.95366582,2.450000047683716,90.0,173.0,2124.0
2025-11-06T21:59:53Z,Run,2025-11-06 22:35:28+00:00,-8.05448337,-34.95368382,2.450000047683716,89.0,173.0,2125.0
2025-11-06T21:59:53Z,Run,2025-11-06 22:35:29+00:00,-8.05449503,-34.95370381,2.450000047683716,89.0,173.0,2126.0
2025-11-06T21:59:53Z,Run,2025-11-06 22:35:30+00:00,-8.05450603,-34.95372414,2.450000047683716,89.0,173.0,2127.0
2025-11-06T21:59:53Z,Run,2025-11-06 22:35:31+00:00,-8.05451369,-34.95374614,2.4600000381469727,89.0,174.0,2128.0
2025-11-06T21:59:53Z,Run,2025-11-06 22:35:32+00:00,-8.05452102,-34.95376746,2.4600000381469727,89.0,173.0,2129.0
2025-11-06T21:59:53Z,Run,2025-11-06 22:35:33+00:00,-8.05452502,-34.95378879,2.4600000381469727,90.0,173.0,2130.0
2025-11-06T21:59:53Z,Run,2025-11-06 22:35:34+00:00,-8.05452735,-34.95381079,2.4600000381469727,90.0,173.0,2131.0
2025-11-06T21:59:53Z,Run,2025-11-06 22:35:35+00:00,-8.05452767,-34.95383378,2.4600000381469727,90.0,173.0,2132.0
2025-11-06T21:59:53Z,Run,2025-11-06 22:35:36+00:00,-8.05452434,-34.95385512,2.4600000381469727,90.0,173.0,2133.0
2025-11-06T21:59:53Z,Run,2025-11-06 22:35:37+00:00,-8.05451968,-34.95387611,2.4600000381469727,90.0,172.0,2134.0
2025-11-06T21:59:53Z,Run,2025-11-06 22:35:38+00:00,-8.05451235,-34.95389676,2.4600000381469727,89.0,172.0,2135.0
2025-11-06T21:59:53Z,Run,2025-11-06 22:35:39+00:00,-8.05449835,-34.9539201,2.4600000381469727,89.0,172.0,2136.0
2025-11-06T21:59:53Z,Run,2025-11-06 22:35:40+00:00,-8.05448402,-34.95394375,2.4600000381469727,89.0,172.0,2137.0
2025-11-06T21:59:53Z,Run,2025-11-06 22:35:41+00:00,-8.05446837,-34.95396374,2.4600000381469727,89.0,172.0,2138.0
2025-11-06T21:59:53Z,Run,2025-11-06 22:35:42+00:00,-8.05445138,-34.95398174,2.4600000381469727,89.0,172.0,2139.0
2025-11-06T21:59:53Z,Run,2025-11-06 22:35:43+00:00,-8.05443304,-34.95400007,2.450000047683716,89.0,173.0,2140.0
2025-11-06T21:59:53Z,Run,2025-11-06 22:35:44+00:00,-8.05441238,-34.95401573,2.450000047683716,89.0,174.0,2141.0
2025-11-06T21:59:53Z,Run,2025-11-06 22:35:45+00:00,-8.05439105,-34.95402606,2.450000047683716,89.0,174.0,2142.0
2025-11-06T21:59:53Z,Run,2025-11-06 22:35:46+00:00,-8.05437005,-34.95403372,2.450000047683716,89.0,174.0,2143.0
2025-11-06T21:59:53Z,Run,2025-11-06 22:35:47+00:00,-8.05434506,-34.95403872,2.4600000381469727,89.0,174.0,2144.0
2025-11-06T21:59:53Z,Run,2025-11-06 22:35:48+00:00,-8.05432206,-34.95404005,2.4600000381469727,89.0,174.0,2145.0
2025-11-06T21:59:53Z,Run,2025-11-06 22:35:49+00:00,-8.05429773,-34.95404037,2.4600000381469727,89.0,174.0,2146.0
2025-11-06T21:59:53Z,Run,2025-11-06 22:35:51+00:00,-8.05427607,-34.95404104,2.4700000286102295,89.0,173.0,2148.0
2025-11-06T21:59:53Z,Run,2025-11-06 22:35:52+00:00,-8.05423408,-34.95404568,2.4700000286102295,89.0,173.0,2149.0
2025-11-06T21:59:53Z,Run,2025-11-06 22:35:53+00:00,-8.05420842,-34.95404802,2.4700000286102295,89.0,172.0,2150.0
2025-11-06T21:59:53Z,Run,2025-11-06 22:35:54+00:00,-8.05418109,-34.95405202,2.4700000286102295,90.0,171.0,2151.0
2025-11-06T21:59:53Z,Run,2025-11-06 22:35:55+00:00,-8.05415476,-34.95405501,2.4700000286102295,90.0,170.0,2152.0
2025-11-06T21:59:53Z,Run,2025-11-06 22:35:56+00:00,-8.0541311,-34.95405734,2.4700000286102295,90.0,170.0,2153.0
2025-11-06T21:59:53Z,Run,2025-11-06 22:35:57+00:00,-8.0541101,-34.95405201,2.4800000190734863,90.0,170.0,2154.0
2025-11-06T21:59:53Z,Run,2025-11-06 22:35:58+00:00,-8.05408811,-34.95405168,2.4800000190734863,90.0,170.0,2155.0
2025-11-06T21:59:53Z,Run,2025-11-06 22:35:59+00:00,-8.05406278,-34.95405301,2.4800000190734863,90.0,170.0,2156.0
2025-11-06T21:59:53Z,Run,2025-11-06 22:36:00+00:00,-8.05403811,-34.95405235,2.4800000190734863,89.0,170.0,2157.0
2025-11-06T21:59:53Z,Run,2025-11-06 22:36:01+00:00,-8.05401646,-34.95405135,2.490000009536743,89.0,169.0,2158.0
2025-11-06T21:59:53Z,Run,2025-11-06 22:36:02+00:00,-8.0539938,-34.95404903,2.490000009536743,89.0,168.0,2159.0
2025-11-06T21:59:53Z,Run,2025-11-06 22:36:03+00:00,-8.05396913,-34.95404903,2.5,89.0,168.0,2160.0
2025-11-06T21:59:53Z,Run,2025-11-06 22:36:04+00:00,-8.05393914,-34.95404569,2.5,89.0,168.0,2161.0
2025-11-06T21:59:53Z,Run,2025-11-06 22:36:05+00:00,-8.05391148,-34.95404404,2.5,88.0,168.0,2162.0
2025-11-06T21:59:53Z,Run,2025-11-06 22:36:06+00:00,-8.05388782,-34.95404105,2.5,88.0,168.0,2163.0
2025-11-06T21:59:53Z,Run,2025-11-06 22:36:07+00:00,-8.05386482,-34.95403806,2.5,89.0,169.0,2164.0
2025-11-06T21:59:53Z,Run,2025-11-06 22:36:08+00:00,-8.05384416,-34.95403572,2.509999990463257,89.0,169.0,2165.0
2025-11-06T21:59:53Z,Run,2025-11-06 22:36:09+00:00,-8.05382251,-34.95403372,2.509999990463257,89.0,169.0,2166.0
2025-11-06T21:59:53Z,Run,2025-11-06 22:36:10+00:00,-8.05380251,-34.95403107,2.509999990463257,89.0,169.0,2167.0
2025-11-06T21:59:53Z,Run,2025-11-06 22:36:11+00:00,-8.05377952,-34.95403041,2.509999990463257,89.0,169.0,2168.0
2025-11-06T21:59:53Z,Run,2025-11-06 22:36:12+00:00,-8.05375552,-34.95403107,2.509999990463257,89.0,169.0,2169.0
2025-11-06T21:59:53Z,Run,2025-11-06 22:36:13+00:00,-8.05373186,-34.95403273,2.509999990463257,89.0,169.0,2170.0
2025-11-06T21:59:53Z,Run,2025-11-06 22:36:14+00:00,-8.05370819,-34.95403107,2.509999990463257,89.0,169.0,2171.0
2025-11-06T21:59:53Z,Run,2025-11-06 22:36:15+00:00,-8.0536862,-34.95402674,2.5199999809265137,89.0,170.0,2172.0
2025-11-06T21:59:53Z,Run,2025-11-06 22:36:16+00:00,-8.05366621,-34.95402109,2.5199999809265137,89.0,170.0,2173.0
2025-11-06T21:59:53Z,Run,2025-11-06 22:36:17+00:00,-8.05364555,-34.95401475,2.5199999809265137,89.0,169.0,2174.0
2025-11-06T21:59:53Z,Run,2025-11-06 22:36:18+00:00,-8.05362388,-34.9540081,2.5199999809265137,89.0,168.0,2175.0
2025-11-06T21:59:53Z,Run,2025-11-06 22:36:19+00:00,-8.05360056,-34.95400076,2.5199999809265137,89.0,166.0,2176.0
2025-11-06T21:59:53Z,Run,2025-11-06 22:36:20+00:00,-8.0535779,-34.95399377,2.5199999809265137,88.0,166.0,2177.0
2025-11-06T21:59:53Z,Run,2025-11-06 22:36:21+00:00,-8.05355658,-34.95398778,2.5199999809265137,88.0,166.0,2178.0
2025-11-06T21:59:53Z,Run,2025-11-06 22:36:22+00:00,-8.05353525,-34.95398412,2.5199999809265137,88.0,166.0,2179.0
2025-11-06T21:59:53Z,Run,2025-11-06 22:36:23+00:00,-8.05351325,-34.95397979,2.5299999713897705,89.0,167.0,2180.0
2025-11-06T21:59:53Z,Run,2025-11-06 22:36:24+00:00,-8.05349126,-34.9539758,2.5299999713897705,89.0,167.0,2181.0
2025-11-06T21:59:53Z,Run,2025-11-06 22:36:25+00:00,-8.05346994,-34.9539738,2.5199999809265137,89.0,167.0,2182.0
2025-11-06T21:59:53Z,Run,2025-11-06 22:36:26+00:00,-8.05344861,-34.95397348,2.5199999809265137,90.0,167.0,2183.0
2025-11-06T21:59:53Z,Run,2025-11-06 22:36:27+00:00,-8.05342595,-34.9539738,2.5199999809265137,89.0,167.0,2184.0
2025-11-06T21:59:53Z,Run,2025-11-06 22:36:28+00:00,-8.05340396,-34.9539728,2.5199999809265137,89.0,167.0,2185.0
2025-11-06T21:59:53Z,Run,2025-11-06 22:36:29+00:00,-8.05338163,-34.95396881,2.5199999809265137,90.0,167.0,2186.0
2025-11-06T21:59:53Z,Run,2025-11-06 22:36:30+00:00,-8.05335929,-34.95396482,2.5199999809265137,89.0,167.0,2187.0
2025-11-06T21:59:53Z,Run,2025-11-06 22:36:31+00:00,-8.05333797,-34.95396116,2.5199999809265137,89.0,168.0,2188.0
2025-11-06T21:59:53Z,Run,2025-11-06 22:36:32+00:00,-8.05331465,-34.95395917,2.5199999809265137,89.0,168.0,2189.0
2025-11-06T21:59:53Z,Run,2025-11-06 22:36:33+00:00,-8.05329066,-34.9539575,2.5199999809265137,89.0,168.0,2190.0
2025-11-06T21:59:53Z,Run,2025-11-06 22:36:34+00:00,-8.05326632,-34.95395684,2.5199999809265137,89.0,168.0,2191.0
2025-11-06T21:59:53Z,Run,2025-11-06 22:36:35+00:00,-8.05324467,-34.95395618,2.509999990463257,89.0,169.0,2192.0
2025-11-06T21:59:53Z,Run,2025-11-06 22:36:36+00:00,-8.05322401,-34.95395485,2.509999990463257,89.0,170.0,2193.0
2025-11-06T21:59:53Z,Run,2025-11-06 22:36:37+00:00,-8.05320301,-34.95395485,2.509999990463257,89.0,171.0,2194.0
2025-11-06T21:59:53Z,Run,2025-11-06 22:36:38+00:00,-8.05317935,-34.95395518,2.509999990463257,89.0,173.0,2195.0
2025-11-06T21:59:53Z,Run,2025-11-06 22:36:39+00:00,-8.05315835,-34.95395651,2.509999990463257,89.0,171.0,2196.0
2025-11-06T21:59:53Z,Run,2025-11-06 22:36:40+00:00,-8.05313535,-34.95395518,2.509999990463257,89.0,171.0,2197.0
2025-11-06T21:59:53Z,Run,2025-11-06 22:36:41+00:00,-8.05311503,-34.95395485,2.509999990463257,89.0,171.0,2198.0
2025-11-06T21:59:53Z,Run,2025-11-06 22:36:42+00:00,-8.05309471,-34.95395252,2.509999990463257,89.0,171.0,2199.0
2025-11-06T21:59:53Z,Run,2025-11-06 22:36:43+00:00,-8.05307437,-34.95395053,2.509999990463257,89.0,171.0,2200.0
2025-11-06T21:59:53Z,Run,2025-11-06 22:36:44+00:00,-8.05305438,-34.95394786,2.509999990463257,89.0,170.0,2201.0
2025-11-06T21:59:53Z,Run,2025-11-06 22:36:45+00:00,-8.05303505,-34.9539462,2.509999990463257,89.0,170.0,2202.0
2025-11-06T21:59:53Z,Run,2025-11-06 22:36:46+00:00,-8.05301405,-34.95394353,2.509999990463257,89.0,170.0,2203.0
2025-11-06T21:59:53Z,Run,2025-11-06 22:36:47+00:00,-8.05299239,-34.9539382,2.509999990463257,89.0,170.0,2204.0
2025-11-06T21:59:53Z,Run,2025-11-06 22:36:48+00:00,-8.05297106,-34.95393221,2.509999990463257,89.0,170.0,2205.0
2025-11-06T21:59:53Z,Run,2025-11-06 22:36:49+00:00,-8.05294807,-34.95392855,2.509999990463257,90.0,170.0,2206.0
2025-11-06T21:59:53Z,Run,2025-11-06 22:36:50+00:00,-8.05292574,-34.95392155,2.5,90.0,170.0,2207.0
2025-11-06T21:59:53Z,Run,2025-11-06 22:36:51+00:00,-8.05290374,-34.95391256,2.5,90.0,171.0,2208.0
2025-11-06T21:59:53Z,Run,2025-11-06 22:36:52+00:00,-8.05288508,-34.95389856,2.5,90.0,171.0,2209.0
2025-11-06T21:59:53Z,Run,2025-11-06 22:36:53+00:00,-8.05286842,-34.95388023,2.5,90.0,171.0,2210.0
2025-11-06T21:59:53Z,Run,2025-11-06 22:36:54+00:00,-8.05285576,-34.95386024,2.5,90.0,171.0,2211.0
2025-11-06T21:59:53Z,Run,2025-11-06 22:36:55+00:00,-8.05284676,-34.95383524,2.509999990463257,90.0,171.0,2212.0
2025-11-06T21:59:53Z,Run,2025-11-06 22:36:56+00:00,-8.05284077,-34.95380925,2.509999990463257,89.0,171.0,2213.0
2025-11-06T21:59:53Z,Run,2025-11-06 22:36:57+00:00,-8.0528361,-34.95378192,2.509999990463257,89.0,171.0,2214.0
2025-11-06T21:59:53Z,Run,2025-11-06 22:36:58+00:00,-8.05283311,-34.95375392,2.509999990463257,89.0,171.0,2215.0
2025-11-06T21:59:53Z,Run,2025-11-06 22:36:59+00:00,-8.05283045,-34.95372626,2.509999990463257,89.0,171.0,2216.0
2025-11-06T21:59:53Z,Run,2025-11-06 22:37:00+00:00,-8.05282912,-34.95369726,2.509999990463257,89.0,170.0,2217.0
2025-11-06T21:59:53Z,Run,2025-11-06 22:37:01+00:00,-8.05283045,-34.95366993,2.5199999809265137,90.0,170.0,2218.0
2025-11-06T21:59:53Z,Run,2025-11-06 22:37:02+00:00,-8.05283411,-34.95364293,2.5299999713897705,90.0,170.0,2219.0
2025-11-06T21:59:53Z,Run,2025-11-06 22:37:03+00:00,-8.05283777,-34.95361793,2.5299999713897705,90.0,169.0,2220.0
2025-11-06T21:59:53Z,Run,2025-11-06 22:37:04+00:00,-8.0528411,-34.95359361,2.5299999713897705,90.0,169.0,2221.0
2025-11-06T21:59:53Z,Run,2025-11-06 22:37:05+00:00,-8.05284342,-34.95356994,2.549999952316284,89.0,169.0,2222.0
2025-11-06T21:59:53Z,Run,2025-11-06 22:37:06+00:00,-8.05284508,-34.95354528,2.549999952316284,89.0,169.0,2223.0
2025-11-06T21:59:53Z,Run,2025-11-06 22:37:07+00:00,-8.05285308,-34.95352095,2.559999942779541,87.0,170.0,2224.0
2025-11-06T21:59:53Z,Run,2025-11-06 22:37:08+00:00,-8.0528664,-34.95349862,2.559999942779541,88.0,173.0,2225.0
2025-11-06T21:59:53Z,Run,2025-11-06 22:37:09+00:00,-8.05288239,-34.95348029,2.569999933242798,88.0,173.0,2226.0
2025-11-06T21:59:53Z,Run,2025-11-06 22:37:10+00:00,-8.05290073,-34.9534673,2.569999933242798,88.0,173.0,2227.0
2025-11-06T21:59:53Z,Run,2025-11-06 22:37:11+00:00,-8.05292173,-34.9534603,2.569999933242798,88.0,173.0,2228.0
2025-11-06T21:59:53Z,Run,2025-11-06 22:37:12+00:00,-8.05294406,-34.95345631,2.569999933242798,89.0,173.0,2229.0
2025-11-06T21:59:53Z,Run,2025-11-06 22:37:13+00:00,-8.05296905,-34.95345531,2.569999933242798,89.0,174.0,2230.0
2025-11-06T21:59:53Z,Run,2025-11-06 22:37:14+00:00,-8.05299505,-34.95345498,2.569999933242798,90.0,175.0,2231.0
2025-11-06T21:59:53Z,Run,2025-11-06 22:37:15+00:00,-8.05302072,-34.95345632,2.569999933242798,90.0,175.0,2232.0
2025-11-06T21:59:53Z,Run,2025-11-06 22:37:16+00:00,-8.05304537,-34.95345865,2.569999933242798,90.0,175.0,2233.0
2025-11-06T21:59:53Z,Run,2025-11-06 22:37:17+00:00,-8.05306936,-34.95346031,2.569999933242798,90.0,175.0,2234.0
2025-11-06T21:59:53Z,Run,2025-11-06 22:37:18+00:00,-8.0530937,-34.95346164,2.569999933242798,89.0,175.0,2235.0
2025-11-06T21:59:53Z,Run,2025-11-06 22:37:19+00:00,-8.05311802,-34.9534633,2.569999933242798,89.0,175.0,2236.0
2025-11-06T21:59:53Z,Run,2025-11-06 22:37:20+00:00,-8.05314269,-34.95346595,2.569999933242798,90.0,175.0,2237.0
2025-11-06T21:59:53Z,Run,2025-11-06 22:37:21+00:00,-8.05316635,-34.95346862,2.569999933242798,90.0,175.0,2238.0
2025-11-06T21:59:53Z,Run,2025-11-06 22:37:22+00:00,-8.05319034,-34.95347161,2.569999933242798,90.0,175.0,2239.0
2025-11-06T21:59:53Z,Run,2025-11-06 22:37:23+00:00,-8.05321467,-34.95347428,2.569999933242798,90.0,175.0,2240.0
2025-11-06T21:59:53Z,Run,2025-11-06 22:37:24+00:00,-8.053239,-34.95347661,2.569999933242798,89.0,175.0,2241.0
2025-11-06T21:59:53Z,Run,2025-11-06 22:37:25+00:00,-8.05326166,-34.95347894,2.559999942779541,90.0,174.0,2242.0
2025-11-06T21:59:53Z,Run,2025-11-06 22:37:26+00:00,-8.05328399,-34.9534796,2.559999942779541,90.0,177.0,2243.0
2025-11-06T21:59:53Z,Run,2025-11-06 22:37:27+00:00,-8.05330665,-34.95348026,2.559999942779541,89.0,179.0,2244.0
2025-11-06T21:59:53Z,Run,2025-11-06 22:37:28+00:00,-8.05332898,-34.95348058,2.549999952316284,89.0,179.0,2245.0
2025-11-06T21:59:53Z,Run,2025-11-06 22:37:29+00:00,-8.05335164,-34.95348125,2.549999952316284,89.0,179.0,2246.0
2025-11-06T21:59:53Z,Run,2025-11-06 22:37:30+00:00,-8.05337664,-34.95347858,2.549999952316284,89.0,179.0,2247.0
2025-11-06T21:59:53Z,Run,2025-11-06 22:37:31+00:00,-8.05340329,-34.95347559,2.549999952316284,90.0,178.0,2248.0
2025-11-06T21:59:53Z,Run,2025-11-06 22:37:32+00:00,-8.05342796,-34.95347459,2.549999952316284,89.0,178.0,2249.0
2025-11-06T21:59:53Z,Run,2025-11-06 22:37:33+00:00,-8.05344995,-34.95347559,2.5399999618530273,89.0,177.0,2250.0
2025-11-06T21:59:53Z,Run,2025-11-06 22:37:34+00:00,-8.05347162,-34.95347725,2.4800000190734863,89.0,177.0,2251.0
2025-11-06T21:59:53Z,Run,2025-11-06 22:37:35+00:00,-8.05349294,-34.95348258,2.4800000190734863,89.0,177.0,2252.0
2025-11-06T21:59:53Z,Run,2025-11-06 22:37:36+00:00,-8.05351061,-34.95348791,2.4200000762939453,89.0,177.0,2253.0
2025-11-06T21:59:53Z,Run,2025-11-06 22:37:37+00:00,-8.05352494,-34.95349291,2.4000000953674316,89.0,177.0,2254.0
2025-11-06T21:59:53Z,Run,2025-11-06 22:37:38+00:00,-8.05353761,-34.95349724,2.380000114440918,89.0,177.0,2255.0
2025-11-06T21:59:53Z,Run,2025-11-06 22:37:39+00:00,-8.0535486,-34.95350057,2.2699999809265137,89.0,177.0,2256.0
2025-11-06T21:59:53Z,Run,2025-11-06 22:37:40+00:00,-8.05355926,-34.95350389,2.109999895095825,89.0,177.0,2257.0
2025-11-06T21:59:53Z,Run,2025-11-06 22:37:41+00:00,-8.05356925,-34.95350688,2.109999895095825,89.0,177.0,2258.0
2025-11-06T21:59:53Z,Run,2025-11-06 22:37:42+00:00,-8.05357991,-34.95350922,1.909999966621399,89.0,177.0,2259.0
2025-11-06T21:59:53Z,Run,2025-11-06 22:37:43+00:00,-8.05359123,-34.95351054,1.6799999475479126,89.0,177.0,2260.0
2025-11-06T21:59:53Z,Run,2025-11-06 22:37:44+00:00,-8.05360157,-34.95351022,1.4900000095367432,89.0,177.0,2261.0
2025-11-06T21:59:53Z,Run,2025-11-06 22:37:45+00:00,-8.05361322,-34.95350923,1.3300000429153442,89.0,177.0,2262.0
2025-11-06T21:59:53Z,Run,2025-11-06 22:37:46+00:00,-8.05362456,-34.9535089,1.2599999904632568,89.0,176.0,2263.0
2025-11-06T21:59:53Z,Run,2025-11-06 22:37:47+00:00,-8.05363622,-34.9535069,1.2599999904632568,89.0,176.0,2264.0
2025-11-06T21:59:53Z,Run,2025-11-06 22:37:48+00:00,-8.05364821,-34.9535049,1.2599999904632568,89.0,174.0,2265.0
2025-11-06T21:59:53Z,Run,2025-11-06 22:37:49+00:00,-8.05365955,-34.95350425,1.2699999809265137,89.0,172.0,2266.0
2025-11-06T21:59:53Z,Run,2025-11-06 22:37:50+00:00,-8.05367121,-34.95350425,1.2899999618530273,89.0,172.0,2267.0
2025-11-06T21:59:53Z,Run,2025-11-06 22:37:51+00:00,-8.05368255,-34.9535049,1.2899999618530273,89.0,171.0,2268.0
2025-11-06T21:59:53Z,Run,2025-11-06 22:37:52+00:00,-8.05369387,-34.9535059,1.2899999618530273,89.0,171.0,2269.0
2025-11-06T21:59:53Z,Run,2025-11-06 22:37:53+00:00,-8.05370319,-34.95350689,1.2899999618530273,89.0,171.0,2270.0
2025-11-06T21:59:53Z,Run,2025-11-06 22:37:54+00:00,-8.05371253,-34.95350788,1.2899999618530273,89.0,170.0,2271.0
2025-11-06T21:59:53Z,Run,2025-11-06 22:37:55+00:00,-8.05372153,-34.95350821,1.2799999713897705,31.0,170.0,2272.0
2025-11-06T21:59:53Z,Run,2025-11-06 22:37:56+00:00,-8.05373219,-34.95350688,1.2400000095367432,31.0,169.0,2273.0
2025-11-06T21:59:53Z,Run,2025-11-06 22:37:57+00:00,-8.05374352,-34.95350288,1.2000000476837158,31.0,168.0,2274.0
2025-11-06T21:59:53Z,Run,2025-11-06 22:37:58+00:00,-8.05375485,-34.95349856,1.1799999475479126,31.0,170.0,2275.0
2025-11-06T21:59:53Z,Run,2025-11-06 22:37:59+00:00,-8.05376517,-34.95349389,1.1799999475479126,31.0,170.0,2276.0
2025-11-06T21:59:53Z,Run,2025-11-06 22:38:00+00:00,-8.05377484,-34.9534909,1.1799999475479126,31.0,171.0,2277.0
2025-11-06T21:59:53Z,Run,2025-11-06 22:38:01+00:00,-8.05378517,-34.95348825,1.2000000476837158,31.0,172.0,2278.0
2025-11-06T21:59:53Z,Run,2025-11-06 22:38:02+00:00,-8.05379816,-34.95348459,1.2200000286102295,31.0,170.0,2279.0
2025-11-06T21:59:53Z,Run,2025-11-06 22:38:03+00:00,-8.05381283,-34.95348459,1.25,31.0,168.0,2280.0
2025-11-06T21:59:53Z,Run,2025-11-06 22:38:04+00:00,-8.05382716,-34.95348659,1.2599999904632568,31.0,167.0,2281.0
2025-11-06T21:59:53Z,Run,2025-11-06 22:38:05+00:00,-8.05383949,-34.95349192,1.2599999904632568,31.0,167.0,2282.0
2025-11-06T21:59:53Z,Run,2025-11-06 22:38:06+00:00,-8.05385048,-34.95349891,1.2899999618530273,31.0,168.0,2283.0
2025-11-06T21:59:53Z,Run,2025-11-06 22:38:07+00:00,-8.05386481,-34.95350391,1.309999942779541,31.0,170.0,2284.0
2025-11-06T21:59:53Z,Run,2025-11-06 22:38:08+00:00,-8.0538818,-34.9535069,1.2999999523162842,31.0,175.0,2285.0
2025-11-06T21:59:53Z,Run,2025-11-06 22:38:09+00:00,-8.05391746,-34.95350956,1.3700000047683716,32.0,171.0,2286.0
2025-11-06T21:59:53Z,Run,2025-11-06 22:38:10+00:00,-8.05393445,-34.95351122,1.3700000047683716,32.0,171.0,2287.0
2025-11-06T21:59:53Z,Run,2025-11-06 22:38:11+00:00,-8.05394811,-34.95351288,1.4299999475479126,32.0,169.0,2288.0
2025-11-06T21:59:53Z,Run,2025-11-06 22:38:12+00:00,-8.05395977,-34.95351555,1.4500000476837158,32.0,167.0,2289.0
2025-11-06T21:59:53Z,Run,2025-11-06 22:38:13+00:00,-8.0539701,-34.95351788,1.4199999570846558,32.0,165.0,2290.0
2025-11-06T21:59:53Z,Run,2025-11-06 22:38:14+00:00,-8.05398009,-34.95351954,1.4199999570846558,32.0,164.0,2291.0
2025-11-06T21:59:53Z,Run,2025-11-06 22:38:15+00:00,-8.05399109,-34.95352253,1.4199999570846558,32.0,164.0,2292.0
2025-11-06T21:59:53Z,Run,2025-11-06 22:38:16+00:00,-8.05400376,-34.95352586,1.4199999570846558,32.0,164.0,2293.0
2025-11-06T21:59:53Z,Run,2025-11-06 22:38:17+00:00,-8.05401542,-34.95352985,1.409999966621399,32.0,163.0,2294.0
2025-11-06T21:59:53Z,Run,2025-11-06 22:38:18+00:00,-8.05402841,-34.95353351,1.3200000524520874,32.0,162.0,2295.0
2025-11-06T21:59:53Z,Run,2025-11-06 22:38:19+00:00,-8.05404141,-34.95353751,1.2400000095367432,32.0,160.0,2296.0
2025-11-06T21:59:53Z,Run,2025-11-06 22:38:20+00:00,-8.05405874,-34.9535415,1.2400000095367432,32.0,159.0,2297.0
2025-11-06T21:59:53Z,Run,2025-11-06 22:38:21+00:00,-8.05407906,-34.95354516,1.3300000429153442,89.0,164.0,2298.0
2025-11-06T21:59:53Z,Run,2025-11-06 22:38:22+00:00,-8.05410105,-34.95354882,1.3300000429153442,89.0,164.0,2299.0
2025-11-06T21:59:53Z,Run,2025-11-06 22:38:23+00:00,-8.05412205,-34.95355215,1.5299999713897705,88.0,168.0,2300.0
2025-11-06T21:59:53Z,Run,2025-11-06 22:38:24+00:00,-8.05414404,-34.95355381,1.7999999523162842,88.0,170.0,2301.0
2025-11-06T21:59:53Z,Run,2025-11-06 22:38:25+00:00,-8.05416771,-34.95355447,2.069999933242798,89.0,171.0,2302.0
2025-11-06T21:59:53Z,Run,2025-11-06 22:38:26+00:00,-8.05419238,-34.95355546,2.2799999713897705,89.0,174.0,2303.0
2025-11-06T21:59:53Z,Run,2025-11-06 22:38:27+00:00,-8.0542167,-34.95355612,2.4000000953674316,89.0,175.0,2304.0
2025-11-06T21:59:53Z,Run,2025-11-06 22:38:28+00:00,-8.05423837,-34.95355678,2.4000000953674316,89.0,175.0,2305.0
2025-11-06T21:59:53Z,Run,2025-11-06 22:38:29+00:00,-8.05426002,-34.95355744,2.450000047683716,89.0,176.0,2306.0
2025-11-06T21:59:53Z,Run,2025-11-06 22:38:30+00:00,-8.05428169,-34.95355977,2.490000009536743,88.0,176.0,2307.0
2025-11-06T21:59:53Z,Run,2025-11-06 22:38:31+00:00,-8.05430435,-34.95356276,2.5,88.0,176.0,2308.0
2025-11-06T21:59:53Z,Run,2025-11-06 22:38:32+00:00,-8.05432567,-34.95356675,2.5,89.0,176.0,2309.0
2025-11-06T21:59:53Z,Run,2025-11-06 22:38:33+00:00,-8.05434734,-34.95356974,2.5199999809265137,89.0,176.0,2310.0
2025-11-06T21:59:53Z,Run,2025-11-06 22:38:34+00:00,-8.054371,-34.95357208,2.5199999809265137,89.0,176.0,2311.0
2025-11-06T21:59:53Z,Run,2025-11-06 22:38:35+00:00,-8.05439499,-34.95357441,2.5299999713897705,89.0,176.0,2312.0
2025-11-06T21:59:53Z,Run,2025-11-06 22:38:36+00:00,-8.05441765,-34.95357607,2.5299999713897705,89.0,175.0,2313.0
2025-11-06T21:59:53Z,Run,2025-11-06 22:38:37+00:00,-8.05443897,-34.95357607,2.5299999713897705,89.0,174.0,2314.0
2025-11-06T21:59:53Z,Run,2025-11-06 22:38:38+00:00,-8.05445997,-34.95357341,2.5299999713897705,89.0,174.0,2315.0
2025-11-06T21:59:53Z,Run,2025-11-06 22:38:39+00:00,-8.05448063,-34.95356874,2.5199999809265137,88.0,173.0,2316.0
2025-11-06T21:59:53Z,Run,2025-11-06 22:38:40+00:00,-8.05450163,-34.95356242,2.5199999809265137,88.0,173.0,2317.0
2025-11-06T21:59:53Z,Run,2025-11-06 22:38:41+00:00,-8.05452163,-34.95355409,2.5,89.0,173.0,2318.0
2025-11-06T21:59:53Z,Run,2025-11-06 22:38:42+00:00,-8.05453962,-34.95354509,2.4600000381469727,88.0,173.0,2319.0
2025-11-06T21:59:53Z,Run,2025-11-06 22:38:43+00:00,-8.05455695,-34.95353543,2.430000066757202,88.0,173.0,2320.0
2025-11-06T21:59:53Z,Run,2025-11-06 22:38:44+00:00,-8.05457529,-34.95352743,2.4200000762939453,89.0,172.0,2321.0
2025-11-06T21:59:53Z,Run,2025-11-06 22:38:45+00:00,-8.05459528,-34.95352077,2.4100000858306885,89.0,172.0,2322.0
2025-11-06T21:59:53Z,Run,2025-11-06 22:38:46+00:00,-8.0546156,-34.95351544,2.4100000858306885,89.0,172.0,2323.0
2025-11-06T21:59:53Z,Run,2025-11-06 22:38:47+00:00,-8.0546366,-34.95350811,2.390000104904175,88.0,172.0,2324.0
2025-11-06T21:59:53Z,Run,2025-11-06 22:38:48+00:00,-8.0546576,-34.95350078,2.380000114440918,88.0,172.0,2325.0
2025-11-06T21:59:53Z,Run,2025-11-06 22:38:49+00:00,-8.05467959,-34.95349378,2.380000114440918,88.0,173.0,2326.0
2025-11-06T21:59:53Z,Run,2025-11-06 22:38:50+00:00,-8.05470259,-34.95348845,2.380000114440918,88.0,172.0,2327.0
2025-11-06T21:59:53Z,Run,2025-11-06 22:38:51+00:00,-8.05472458,-34.95348546,2.4000000953674316,88.0,172.0,2328.0
2025-11-06T21:59:53Z,Run,2025-11-06 22:38:52+00:00,-8.05474625,-34.95348447,2.4000000953674316,88.0,172.0,2329.0
2025-11-06T21:59:53Z,Run,2025-11-06 22:38:53+00:00,-8.05476824,-34.95348214,2.430000066757202,88.0,172.0,2330.0
2025-11-06T21:59:53Z,Run,2025-11-06 22:38:54+00:00,-8.05478989,-34.95348014,2.4600000381469727,89.0,172.0,2331.0
2025-11-06T21:59:53Z,Run,2025-11-06 22:38:55+00:00,-8.05481156,-34.95347648,2.4600000381469727,89.0,173.0,2332.0
2025-11-06T21:59:53Z,Run,2025-11-06 22:38:56+00:00,-8.05483155,-34.95347215,2.4600000381469727,89.0,172.0,2333.0
2025-11-06T21:59:53Z,Run,2025-11-06 22:38:57+00:00,-8.05485288,-34.95346782,2.450000047683716,88.0,172.0,2334.0
2025-11-06T21:59:53Z,Run,2025-11-06 22:38:58+00:00,-8.05487521,-34.95346249,2.450000047683716,88.0,172.0,2335.0
2025-11-06T21:59:53Z,Run,2025-11-06 22:38:59+00:00,-8.05489621,-34.9534555,2.450000047683716,88.0,172.0,2336.0
2025-11-06T21:59:53Z,Run,2025-11-06 22:39:00+00:00,-8.05491621,-34.95344583,2.450000047683716,89.0,172.0,2337.0
2025-11-06T21:59:53Z,Run,2025-11-06 22:39:01+00:00,-8.0549342,-34.95343551,2.450000047683716,89.0,172.0,2338.0
2025-11-06T21:59:53Z,Run,2025-11-06 22:39:02+00:00,-8.0549522,-34.95342184,2.450000047683716,89.0,172.0,2339.0
2025-11-06T21:59:53Z,Run,2025-11-06 22:39:03+00:00,-8.05496953,-34.95340684,2.450000047683716,88.0,172.0,2340.0
2025-11-06T21:59:53Z,Run,2025-11-06 22:39:04+00:00,-8.05498519,-34.95339085,2.450000047683716,88.0,172.0,2341.0
2025-11-06T21:59:53Z,Run,2025-11-06 22:39:05+00:00,-8.05499919,-34.95337619,2.450000047683716,88.0,172.0,2342.0
2025-11-06T21:59:53Z,Run,2025-11-06 22:39:06+00:00,-8.05501284,-34.95336086,2.450000047683716,88.0,172.0,2343.0
2025-11-06T21:59:53Z,Run,2025-11-06 22:39:07+00:00,-8.05502584,-34.95334554,2.450000047683716,88.0,172.0,2344.0
2025-11-06T21:59:53Z,Run,2025-11-06 22:39:08+00:00,-8.05503917,-34.95332821,2.440000057220459,88.0,172.0,2345.0
2025-11-06T21:59:53Z,Run,2025-11-06 22:39:09+00:00,-8.05504882,-34.95331122,2.440000057220459,88.0,172.0,2346.0
2025-11-06T21:59:53Z,Run,2025-11-06 22:39:10+00:00,-8.05505516,-34.95329256,2.440000057220459,88.0,172.0,2347.0
2025-11-06T21:59:53Z,Run,2025-11-06 22:39:11+00:00,-8.05505815,-34.95327389,2.440000057220459,88.0,172.0,2348.0
2025-11-06T21:59:53Z,Run,2025-11-06 22:39:12+00:00,-8.05505848,-34.95325324,2.430000066757202,89.0,172.0,2349.0
2025-11-06T21:59:53Z,Run,2025-11-06 22:39:13+00:00,-8.05505881,-34.9532309,2.430000066757202,89.0,172.0,2350.0
2025-11-06T21:59:53Z,Run,2025-11-06 22:39:14+00:00,-8.05505848,-34.95320857,2.430000066757202,89.0,172.0,2351.0
2025-11-06T21:59:53Z,Run,2025-11-06 22:39:15+00:00,-8.05505648,-34.95318858,2.430000066757202,89.0,173.0,2352.0
2025-11-06T21:59:53Z,Run,2025-11-06 22:39:16+00:00,-8.05505315,-34.95317092,2.430000066757202,89.0,174.0,2353.0
2025-11-06T21:59:53Z,Run,2025-11-06 22:39:17+00:00,-8.05504849,-34.95315292,2.430000066757202,89.0,174.0,2354.0
2025-11-06T21:59:53Z,Run,2025-11-06 22:39:18+00:00,-8.05504483,-34.95313327,2.430000066757202,88.0,174.0,2355.0
2025-11-06T21:59:53Z,Run,2025-11-06 22:39:19+00:00,-8.05504317,-34.95311328,2.430000066757202,88.0,174.0,2356.0
2025-11-06T21:59:53Z,Run,2025-11-06 22:39:20+00:00,-8.0550425,-34.95309295,2.4200000762939453,88.0,174.0,2357.0
2025-11-06T21:59:53Z,Run,2025-11-06 22:39:21+00:00,-8.0550425,-34.95307162,2.4200000762939453,88.0,174.0,2358.0
2025-11-06T21:59:53Z,Run,2025-11-06 22:39:22+00:00,-8.0550425,-34.95304896,2.4200000762939453,89.0,174.0,2359.0
2025-11-06T21:59:53Z,Run,2025-11-06 22:39:23+00:00,-8.05504218,-34.95302564,2.4200000762939453,89.0,174.0,2360.0
2025-11-06T21:59:53Z,Run,2025-11-06 22:39:24+00:00,-8.05504184,-34.95300164,2.4200000762939453,89.0,174.0,2361.0
2025-11-06T21:59:53Z,Run,2025-11-06 22:39:25+00:00,-8.05504251,-34.95297765,2.4100000858306885,89.0,174.0,2362.0
2025-11-06T21:59:53Z,Run,2025-11-06 22:39:26+00:00,-8.05504417,-34.95295398,2.4100000858306885,89.0,173.0,2363.0
2025-11-06T21:59:53Z,Run,2025-11-06 22:39:27+00:00,-8.0550465,-34.95292866,2.4200000762939453,89.0,172.0,2364.0
2025-11-06T21:59:53Z,Run,2025-11-06 22:39:28+00:00,-8.05504917,-34.95290366,2.4200000762939453,89.0,172.0,2365.0
2025-11-06T21:59:53Z,Run,2025-11-06 22:39:29+00:00,-8.05505116,-34.95287834,2.4200000762939453,89.0,172.0,2366.0
2025-11-06T21:59:53Z,Run,2025-11-06 22:39:30+00:00,-8.05505349,-34.95285201,2.430000066757202,88.0,171.0,2367.0
2025-11-06T21:59:53Z,Run,2025-11-06 22:39:31+00:00,-8.05505416,-34.95282602,2.430000066757202,88.0,170.0,2368.0
2025-11-06T21:59:53Z,Run,2025-11-06 22:39:32+00:00,-8.05505648,-34.95280102,2.440000057220459,88.0,170.0,2369.0
2025-11-06T21:59:53Z,Run,2025-11-06 22:39:33+00:00,-8.05505947,-34.95277703,2.450000047683716,89.0,170.0,2370.0
2025-11-06T21:59:53Z,Run,2025-11-06 22:39:34+00:00,-8.05506347,-34.9527547,2.450000047683716,89.0,170.0,2371.0
2025-11-06T21:59:53Z,Run,2025-11-06 22:39:35+00:00,-8.05506646,-34.95273303,2.450000047683716,89.0,170.0,2372.0
2025-11-06T21:59:53Z,Run,2025-11-06 22:39:36+00:00,-8.05506846,-34.95271103,2.4600000381469727,89.0,169.0,2373.0
2025-11-06T21:59:53Z,Run,2025-11-06 22:39:37+00:00,-8.05507046,-34.9526897,2.4700000286102295,88.0,169.0,2374.0
2025-11-06T21:59:53Z,Run,2025-11-06 22:39:38+00:00,-8.05507178,-34.95266838,2.4700000286102295,88.0,169.0,2375.0
2025-11-06T21:59:53Z,Run,2025-11-06 22:39:39+00:00,-8.05507245,-34.95264704,2.4800000190734863,88.0,168.0,2376.0
2025-11-06T21:59:53Z,Run,2025-11-06 22:39:40+00:00,-8.05507377,-34.95262471,2.4800000190734863,88.0,168.0,2377.0
2025-11-06T21:59:53Z,Run,2025-11-06 22:39:41+00:00,-8.0550761,-34.95260339,2.4800000190734863,88.0,168.0,2378.0
2025-11-06T21:59:53Z,Run,2025-11-06 22:39:42+00:00,-8.0550781,-34.95258239,2.4700000286102295,89.0,168.0,2379.0
2025-11-06T21:59:53Z,Run,2025-11-06 22:39:43+00:00,-8.0550801,-34.95256173,2.4700000286102295,89.0,168.0,2380.0
2025-11-06T21:59:53Z,Run,2025-11-06 22:39:44+00:00,-8.05508275,-34.95254306,2.4600000381469727,89.0,168.0,2381.0
2025-11-06T21:59:53Z,Run,2025-11-06 22:39:45+00:00,-8.05508741,-34.95252274,2.4600000381469727,89.0,167.0,2382.0
2025-11-06T21:59:53Z,Run,2025-11-06 22:39:46+00:00,-8.05509508,-34.95250442,2.4600000381469727,88.0,167.0,2383.0
2025-11-06T21:59:53Z,Run,2025-11-06 22:39:47+00:00,-8.05510573,-34.95248675,2.4600000381469727,88.0,167.0,2384.0
2025-11-06T21:59:53Z,Run,2025-11-06 22:39:48+00:00,-8.0551184,-34.95247042,2.4600000381469727,88.0,167.0,2385.0
2025-11-06T21:59:53Z,Run,2025-11-06 22:39:49+00:00,-8.0551324,-34.95245376,2.450000047683716,89.0,167.0,2386.0
2025-11-06T21:59:53Z,Run,2025-11-06 22:39:50+00:00,-8.05514673,-34.95243743,2.450000047683716,90.0,166.0,2387.0
2025-11-06T21:59:53Z,Run,2025-11-06 22:39:51+00:00,-8.05516073,-34.9524201,2.440000057220459,90.0,165.0,2388.0
2025-11-06T21:59:53Z,Run,2025-11-06 22:39:52+00:00,-8.05517339,-34.9524021,2.430000066757202,89.0,165.0,2389.0
2025-11-06T21:59:53Z,Run,2025-11-06 22:39:53+00:00,-8.05518405,-34.95238277,2.430000066757202,89.0,165.0,2390.0
2025-11-06T21:59:53Z,Run,2025-11-06 22:39:54+00:00,-8.05519238,-34.95236245,2.430000066757202,89.0,165.0,2391.0
2025-11-06T21:59:53Z,Run,2025-11-06 22:39:55+00:00,-8.05519738,-34.95234146,2.430000066757202,89.0,164.0,2392.0
2025-11-06T21:59:53Z,Run,2025-11-06 22:39:56+00:00,-8.05520004,-34.9523188,2.430000066757202,89.0,164.0,2393.0
2025-11-06T21:59:53Z,Run,2025-11-06 22:39:57+00:00,-8.05520204,-34.95229614,2.430000066757202,89.0,164.0,2394.0
2025-11-06T21:59:53Z,Run,2025-11-06 22:39:58+00:00,-8.05520336,-34.95227381,2.430000066757202,89.0,162.0,2395.0
2025-11-06T21:59:53Z,Run,2025-11-06 22:39:59+00:00,-8.05520403,-34.95225281,2.430000066757202,89.0,162.0,2396.0
2025-11-06T21:59:53Z,Run,2025-11-06 22:40:00+00:00,-8.05520535,-34.95223149,2.4200000762939453,89.0,162.0,2397.0
2025-11-06T21:59:53Z,Run,2025-11-06 22:40:01+00:00,-8.05520634,-34.95221015,2.4200000762939453,88.0,161.0,2398.0
2025-11-06T21:59:53Z,Run,2025-11-06 22:40:02+00:00,-8.05520834,-34.95218916,2.4200000762939453,88.0,161.0,2399.0
2025-11-06T21:59:53Z,Run,2025-11-06 22:40:03+00:00,-8.05520966,-34.9521685,2.4200000762939453,88.0,161.0,2400.0
2025-11-06T21:59:53Z,Run,2025-11-06 22:40:04+00:00,-8.05521066,-34.95214751,2.4200000762939453,89.0,162.0,2401.0
2025-11-06T21:59:53Z,Run,2025-11-06 22:40:05+00:00,-8.05521165,-34.95212752,2.4200000762939453,89.0,162.0,2402.0
2025-11-06T21:59:53Z,Run,2025-11-06 22:40:06+00:00,-8.05521198,-34.95210752,2.4200000762939453,89.0,163.0,2403.0
2025-11-06T21:59:53Z,Run,2025-11-06 22:40:07+00:00,-8.05521165,-34.95208686,2.4200000762939453,89.0,165.0,2404.0
2025-11-06T21:59:53Z,Run,2025-11-06 22:40:08+00:00,-8.05521033,-34.95206587,2.4200000762939453,89.0,165.0,2405.0
2025-11-06T21:59:53Z,Run,2025-11-06 22:40:09+00:00,-8.05520867,-34.9520452,2.4200000762939453,89.0,166.0,2406.0
2025-11-06T21:59:53Z,Run,2025-11-06 22:40:10+00:00,-8.05520834,-34.95202388,2.4200000762939453,89.0,166.0,2407.0
2025-11-06T21:59:53Z,Run,2025-11-06 22:40:11+00:00,-8.05520867,-34.95200221,2.4200000762939453,89.0,166.0,2408.0
2025-11-06T21:59:53Z,Run,2025-11-06 22:40:12+00:00,-8.05521033,-34.95198055,2.4100000858306885,89.0,166.0,2409.0
2025-11-06T21:59:53Z,Run,2025-11-06 22:40:13+00:00,-8.05521233,-34.95196122,2.4100000858306885,89.0,166.0,2410.0
2025-11-06T21:59:53Z,Run,2025-11-06 22:40:14+00:00,-8.05521433,-34.95193989,2.4100000858306885,88.0,165.0,2411.0
2025-11-06T21:59:53Z,Run,2025-11-06 22:40:15+00:00,-8.05521665,-34.95191957,2.4100000858306885,88.0,165.0,2412.0
2025-11-06T21:59:53Z,Run,2025-11-06 22:40:16+00:00,-8.05521865,-34.95189958,2.4100000858306885,89.0,165.0,2413.0
2025-11-06T21:59:53Z,Run,2025-11-06 22:40:17+00:00,-8.05522098,-34.95187991,2.4100000858306885,89.0,165.0,2414.0
2025-11-06T21:59:53Z,Run,2025-11-06 22:40:18+00:00,-8.05522363,-34.95185958,2.4100000858306885,89.0,165.0,2415.0
2025-11-06T21:59:53Z,Run,2025-11-06 22:40:19+00:00,-8.05522596,-34.95183892,2.4000000953674316,89.0,164.0,2416.0
2025-11-06T21:59:53Z,Run,2025-11-06 22:40:20+00:00,-8.05522861,-34.95181793,2.4000000953674316,89.0,164.0,2417.0
2025-11-06T21:59:53Z,Run,2025-11-06 22:40:21+00:00,-8.05523261,-34.9517966,2.4000000953674316,89.0,163.0,2418.0
2025-11-06T21:59:53Z,Run,2025-11-06 22:40:22+00:00,-8.0552376,-34.95177693,2.4000000953674316,88.0,163.0,2419.0
2025-11-06T21:59:53Z,Run,2025-11-06 22:40:23+00:00,-8.05524293,-34.95175594,2.4000000953674316,88.0,163.0,2420.0
2025-11-06T21:59:53Z,Run,2025-11-06 22:40:24+00:00,-8.05524726,-34.95173661,2.4000000953674316,88.0,163.0,2421.0
2025-11-06T21:59:53Z,Run,2025-11-06 22:40:25+00:00,-8.05525059,-34.95171794,2.4000000953674316,88.0,163.0,2422.0
2025-11-06T21:59:53Z,Run,2025-11-06 22:40:26+00:00,-8.05525325,-34.95169927,2.390000104904175,88.0,164.0,2423.0
2025-11-06T21:59:53Z,Run,2025-11-06 22:40:27+00:00,-8.05525624,-34.95168095,2.390000104904175,89.0,165.0,2424.0
2025-11-06T21:59:53Z,Run,2025-11-06 22:40:28+00:00,-8.05525824,-34.95166029,2.390000104904175,89.0,165.0,2425.0
2025-11-06T21:59:53Z,Run,2025-11-06 22:40:29+00:00,-8.05525924,-34.95163929,2.390000104904175,89.0,165.0,2426.0
2025-11-06T21:59:53Z,Run,2025-11-06 22:40:30+00:00,-8.05526023,-34.95161763,2.390000104904175,89.0,165.0,2427.0
2025-11-06T21:59:53Z,Run,2025-11-06 22:40:31+00:00,-8.05525756,-34.95159597,2.380000114440918,89.0,166.0,2428.0
2025-11-06T21:59:53Z,Run,2025-11-06 22:40:32+00:00,-8.05525357,-34.9515753,2.380000114440918,89.0,166.0,2429.0
2025-11-06T21:59:53Z,Run,2025-11-06 22:40:33+00:00,-8.05524991,-34.95155398,2.380000114440918,89.0,166.0,2430.0
2025-11-06T21:59:53Z,Run,2025-11-06 22:40:34+00:00,-8.05524791,-34.95153165,2.369999885559082,89.0,166.0,2431.0
2025-11-06T21:59:53Z,Run,2025-11-06 22:40:35+00:00,-8.05524725,-34.95150832,2.369999885559082,90.0,166.0,2432.0
2025-11-06T21:59:53Z,Run,2025-11-06 22:40:36+00:00,-8.05524725,-34.95148466,2.369999885559082,90.0,166.0,2433.0
2025-11-06T21:59:53Z,Run,2025-11-06 22:40:37+00:00,-8.05524791,-34.95146133,2.369999885559082,89.0,166.0,2434.0
2025-11-06T21:59:53Z,Run,2025-11-06 22:40:38+00:00,-8.05524725,-34.95143733,2.369999885559082,89.0,166.0,2435.0
2025-11-06T21:59:53Z,Run,2025-11-06 22:40:39+00:00,-8.05524658,-34.95141401,2.369999885559082,90.0,166.0,2436.0
2025-11-06T21:59:53Z,Run,2025-11-06 22:40:40+00:00,-8.05524691,-34.95139234,2.369999885559082,90.0,166.0,2437.0
2025-11-06T21:59:53Z,Run,2025-11-06 22:40:41+00:00,-8.05524756,-34.95137235,2.380000114440918,90.0,166.0,2438.0
2025-11-06T21:59:53Z,Run,2025-11-06 22:40:42+00:00,-8.05524922,-34.95135236,2.380000114440918,90.0,166.0,2439.0
2025-11-06T21:59:53Z,Run,2025-11-06 22:40:43+00:00,-8.05525022,-34.95133237,2.380000114440918,90.0,166.0,2440.0
2025-11-06T21:59:53Z,Run,2025-11-06 22:40:44+00:00,-8.05525254,-34.95131205,2.380000114440918,90.0,166.0,2441.0
2025-11-06T21:59:53Z,Run,2025-11-06 22:40:45+00:00,-8.0552562,-34.95129038,2.390000104904175,90.0,165.0,2442.0
2025-11-06T21:59:53Z,Run,2025-11-06 22:40:46+00:00,-8.05526053,-34.95126838,2.390000104904175,90.0,164.0,2443.0
2025-11-06T21:59:53Z,Run,2025-11-06 22:40:47+00:00,-8.05526452,-34.95124539,2.390000104904175,89.0,164.0,2444.0
2025-11-06T21:59:53Z,Run,2025-11-06 22:40:48+00:00,-8.05526852,-34.95122174,2.390000104904175,89.0,164.0,2445.0
2025-11-06T21:59:53Z,Run,2025-11-06 22:40:49+00:00,-8.05527419,-34.95119807,2.390000104904175,89.0,164.0,2446.0
2025-11-06T21:59:53Z,Run,2025-11-06 22:40:50+00:00,-8.05527918,-34.95117541,2.390000104904175,89.0,165.0,2447.0
2025-11-06T21:59:53Z,Run,2025-11-06 22:40:51+00:00,-8.05528385,-34.95115209,2.390000104904175,89.0,166.0,2448.0
2025-11-06T21:59:53Z,Run,2025-11-06 22:40:52+00:00,-8.05528851,-34.95112976,2.4000000953674316,89.0,166.0,2449.0
2025-11-06T21:59:53Z,Run,2025-11-06 22:40:53+00:00,-8.05529117,-34.95110842,2.4000000953674316,89.0,167.0,2450.0
2025-11-06T21:59:53Z,Run,2025-11-06 22:40:54+00:00,-8.05529283,-34.9510871,2.4000000953674316,89.0,167.0,2451.0
2025-11-06T21:59:53Z,Run,2025-11-06 22:40:55+00:00,-8.05529516,-34.95106543,2.4000000953674316,89.0,168.0,2452.0
2025-11-06T21:59:53Z,Run,2025-11-06 22:40:56+00:00,-8.05529815,-34.9510461,2.4000000953674316,89.0,168.0,2453.0
2025-11-06T21:59:53Z,Run,2025-11-06 22:40:57+00:00,-8.05530215,-34.95102778,2.4000000953674316,88.0,168.0,2454.0
2025-11-06T21:59:53Z,Run,2025-11-06 22:40:58+00:00,-8.05530647,-34.95100944,2.4000000953674316,88.0,167.0,2455.0
2025-11-06T21:59:53Z,Run,2025-11-06 22:40:59+00:00,-8.05531114,-34.95099112,2.4000000953674316,88.0,167.0,2456.0
2025-11-06T21:59:53Z,Run,2025-11-06 22:41:00+00:00,-8.0553158,-34.95097245,2.4000000953674316,88.0,167.0,2457.0
2025-11-06T21:59:53Z,Run,2025-11-06 22:41:01+00:00,-8.05532145,-34.95095213,2.4000000953674316,88.0,166.0,2458.0
2025-11-06T21:59:53Z,Run,2025-11-06 22:41:02+00:00,-8.05532645,-34.95092947,2.4000000953674316,89.0,166.0,2459.0
2025-11-06T21:59:53Z,Run,2025-11-06 22:41:03+00:00,-8.05533178,-34.95090714,2.390000104904175,89.0,166.0,2460.0
2025-11-06T21:59:53Z,Run,2025-11-06 22:41:04+00:00,-8.05533344,-34.95088581,2.390000104904175,88.0,166.0,2461.0
2025-11-06T21:59:53Z,Run,2025-11-06 22:41:05+00:00,-8.05533543,-34.95086347,2.390000104904175,89.0,165.0,2462.0
2025-11-06T21:59:53Z,Run,2025-11-06 22:41:06+00:00,-8.0553371,-34.95084048,2.390000104904175,89.0,165.0,2463.0
2025-11-06T21:59:53Z,Run,2025-11-06 22:41:07+00:00,-8.05533942,-34.95081683,2.380000114440918,89.0,164.0,2464.0
2025-11-06T21:59:53Z,Run,2025-11-06 22:41:08+00:00,-8.05534142,-34.95079183,2.380000114440918,89.0,164.0,2465.0
2025-11-06T21:59:53Z,Run,2025-11-06 22:41:09+00:00,-8.05534175,-34.95076584,2.380000114440918,89.0,164.0,2466.0
2025-11-06T21:59:53Z,Run,2025-11-06 22:41:10+00:00,-8.05534175,-34.9507405,2.390000104904175,89.0,165.0,2467.0
2025-11-06T21:59:53Z,Run,2025-11-06 22:41:11+00:00,-8.0553424,-34.95071584,2.390000104904175,88.0,165.0,2468.0
2025-11-06T21:59:53Z,Run,2025-11-06 22:41:12+00:00,-8.05534407,-34.95069318,2.390000104904175,88.0,165.0,2469.0
2025-11-06T21:59:53Z,Run,2025-11-06 22:41:13+00:00,-8.05534573,-34.95067252,2.390000104904175,89.0,165.0,2470.0
2025-11-06T21:59:53Z,Run,2025-11-06 22:41:14+00:00,-8.05534738,-34.95065086,2.390000104904175,89.0,166.0,2471.0
2025-11-06T21:59:53Z,Run,2025-11-06 22:41:15+00:00,-8.05534872,-34.95062986,2.4000000953674316,89.0,167.0,2472.0
2025-11-06T21:59:53Z,Run,2025-11-06 22:41:16+00:00,-8.05535104,-34.95061019,2.4000000953674316,86.0,167.0,2473.0
2025-11-06T21:59:53Z,Run,2025-11-06 22:41:17+00:00,-8.05535371,-34.95059153,2.4000000953674316,86.0,167.0,2474.0
2025-11-06T21:59:53Z,Run,2025-11-06 22:41:18+00:00,-8.05535803,-34.95057253,2.4000000953674316,86.0,167.0,2475.0
2025-11-06T21:59:53Z,Run,2025-11-06 22:41:19+00:00,-8.0553637,-34.95055188,2.4000000953674316,86.0,168.0,2476.0
2025-11-06T21:59:53Z,Run,2025-11-06 22:41:20+00:00,-8.05537036,-34.95053054,2.4000000953674316,87.0,167.0,2477.0
2025-11-06T21:59:53Z,Run,2025-11-06 22:41:21+00:00,-8.05537736,-34.95050955,2.4000000953674316,88.0,166.0,2478.0
2025-11-06T21:59:53Z,Run,2025-11-06 22:41:22+00:00,-8.0553857,-34.95048889,2.390000104904175,88.0,166.0,2479.0
2025-11-06T21:59:53Z,Run,2025-11-06 22:41:23+00:00,-8.05539002,-34.95046422,2.390000104904175,88.0,167.0,2480.0
2025-11-06T21:59:53Z,Run,2025-11-06 22:41:24+00:00,-8.05539234,-34.95043923,2.390000104904175,88.0,167.0,2481.0
2025-11-06T21:59:53Z,Run,2025-11-06 22:41:25+00:00,-8.05539501,-34.95041657,2.390000104904175,88.0,167.0,2482.0
2025-11-06T21:59:53Z,Run,2025-11-06 22:41:26+00:00,-8.05539568,-34.95039657,2.390000104904175,89.0,168.0,2483.0
2025-11-06T21:59:53Z,Run,2025-11-06 22:41:27+00:00,-8.05539568,-34.95037892,2.390000104904175,89.0,168.0,2484.0
2025-11-06T21:59:53Z,Run,2025-11-06 22:41:28+00:00,-8.05539069,-34.95036426,2.390000104904175,89.0,168.0,2485.0
2025-11-06T21:59:53Z,Run,2025-11-06 22:41:29+00:00,-8.05539069,-34.95035026,2.390000104904175,89.0,167.0,2486.0
2025-11-06T21:59:53Z,Run,2025-11-06 22:41:30+00:00,-8.05538902,-34.95033594,2.390000104904175,89.0,167.0,2487.0
2025-11-06T21:59:53Z,Run,2025-11-06 22:41:31+00:00,-8.0553877,-34.95031727,2.390000104904175,89.0,167.0,2488.0
2025-11-06T21:59:53Z,Run,2025-11-06 22:41:32+00:00,-8.05538371,-34.95029895,2.380000114440918,89.0,167.0,2489.0
2025-11-06T21:59:53Z,Run,2025-11-06 22:41:33+00:00,-8.05537771,-34.95028196,2.380000114440918,89.0,167.0,2490.0
2025-11-06T21:59:53Z,Run,2025-11-06 22:41:34+00:00,-8.05537004,-34.95026497,2.369999885559082,89.0,167.0,2491.0
2025-11-06T21:59:53Z,Run,2025-11-06 22:41:35+00:00,-8.05535938,-34.95024963,2.359999895095825,89.0,167.0,2492.0
2025-11-06T21:59:53Z,Run,2025-11-06 22:41:36+00:00,-8.05534973,-34.95023464,2.359999895095825,89.0,167.0,2493.0
2025-11-06T21:59:53Z,Run,2025-11-06 22:41:37+00:00,-8.05533907,-34.95021831,2.359999895095825,89.0,166.0,2494.0
2025-11-06T21:59:53Z,Run,2025-11-06 22:41:38+00:00,-8.05532608,-34.95019964,2.3499999046325684,89.0,166.0,2495.0
2025-11-06T21:59:53Z,Run,2025-11-06 22:41:39+00:00,-8.05531375,-34.95018065,2.3499999046325684,89.0,167.0,2496.0
2025-11-06T21:59:53Z,Run,2025-11-06 22:41:40+00:00,-8.05530309,-34.95016299,2.3499999046325684,89.0,167.0,2497.0
2025-11-06T21:59:53Z,Run,2025-11-06 22:41:41+00:00,-8.05529177,-34.95014466,2.3399999141693115,88.0,168.0,2498.0
2025-11-06T21:59:53Z,Run,2025-11-06 22:41:42+00:00,-8.05527978,-34.95012401,2.3399999141693115,88.0,168.0,2499.0
2025-11-06T21:59:53Z,Run,2025-11-06 22:41:43+00:00,-8.05526644,-34.95010467,2.3399999141693115,88.0,168.0,2500.0
2025-11-06T21:59:53Z,Run,2025-11-06 22:41:44+00:00,-8.05525412,-34.95008367,2.3399999141693115,88.0,168.0,2501.0
2025-11-06T21:59:53Z,Run,2025-11-06 22:41:45+00:00,-8.05524545,-34.95006268,2.3499999046325684,89.0,168.0,2502.0
2025-11-06T21:59:53Z,Run,2025-11-06 22:41:46+00:00,-8.05523946,-34.95003969,2.3499999046325684,89.0,169.0,2503.0
2025-11-06T21:59:53Z,Run,2025-11-06 22:41:47+00:00,-8.05523447,-34.95001669,2.3499999046325684,89.0,170.0,2504.0
2025-11-06T21:59:53Z,Run,2025-11-06 22:41:48+00:00,-8.05522948,-34.94999436,2.359999895095825,88.0,171.0,2505.0
2025-11-06T21:59:53Z,Run,2025-11-06 22:41:49+00:00,-8.05522316,-34.9499757,2.359999895095825,88.0,171.0,2506.0
2025-11-06T21:59:53Z,Run,2025-11-06 22:41:50+00:00,-8.0552125,-34.94995904,2.359999895095825,89.0,171.0,2507.0
2025-11-06T21:59:53Z,Run,2025-11-06 22:41:51+00:00,-8.05520117,-34.94994371,2.369999885559082,88.0,172.0,2508.0
2025-11-06T21:59:53Z,Run,2025-11-06 22:41:52+00:00,-8.05518717,-34.94993205,2.369999885559082,89.0,175.0,2509.0
2025-11-06T21:59:53Z,Run,2025-11-06 22:41:53+00:00,-8.05517085,-34.94992371,2.369999885559082,89.0,175.0,2510.0
2025-11-06T21:59:53Z,Run,2025-11-06 22:41:54+00:00,-8.05515485,-34.94991506,2.369999885559082,89.0,175.0,2511.0
2025-11-06T21:59:53Z,Run,2025-11-06 22:41:55+00:00,-8.05513952,-34.9499054,2.369999885559082,89.0,175.0,2512.0
2025-11-06T21:59:53Z,Run,2025-11-06 22:41:56+00:00,-8.05512219,-34.94989273,2.369999885559082,89.0,174.0,2513.0
2025-11-06T21:59:53Z,Run,2025-11-06 22:41:57+00:00,-8.05510752,-34.94987941,2.359999895095825,89.0,173.0,2514.0
2025-11-06T21:59:53Z,Run,2025-11-06 22:41:58+00:00,-8.0550912,-34.94986809,2.359999895095825,88.0,172.0,2515.0
2025-11-06T21:59:53Z,Run,2025-11-06 22:41:59+00:00,-8.0550772,-34.94985409,2.3499999046325684,88.0,172.0,2516.0
2025-11-06T21:59:53Z,Run,2025-11-06 22:42:00+00:00,-8.05506354,-34.94983976,2.3499999046325684,89.0,172.0,2517.0
2025-11-06T21:59:53Z,Run,2025-11-06 22:42:01+00:00,-8.05505121,-34.9498261,2.3499999046325684,89.0,172.0,2518.0
2025-11-06T21:59:53Z,Run,2025-11-06 22:42:02+00:00,-8.05503755,-34.94981076,2.3499999046325684,89.0,171.0,2519.0
2025-11-06T21:59:53Z,Run,2025-11-06 22:42:03+00:00,-8.05502155,-34.94979777,2.3399999141693115,89.0,171.0,2520.0
2025-11-06T21:59:53Z,Run,2025-11-06 22:42:04+00:00,-8.0550039,-34.94978711,2.3399999141693115,89.0,171.0,2521.0
2025-11-06T21:59:53Z,Run,2025-11-06 22:42:05+00:00,-8.05498523,-34.94977677,2.3399999141693115,90.0,171.0,2522.0
2025-11-06T21:59:53Z,Run,2025-11-06 22:42:06+00:00,-8.05496624,-34.94976644,2.3399999141693115,90.0,171.0,2523.0
2025-11-06T21:59:53Z,Run,2025-11-06 22:42:07+00:00,-8.05494692,-34.94975745,2.3399999141693115,90.0,171.0,2524.0
2025-11-06T21:59:53Z,Run,2025-11-06 22:42:08+00:00,-8.05492758,-34.94974846,2.3399999141693115,89.0,171.0,2525.0
2025-11-06T21:59:53Z,Run,2025-11-06 22:42:09+00:00,-8.05490993,-34.94973914,2.3399999141693115,90.0,172.0,2526.0
2025-11-06T21:59:53Z,Run,2025-11-06 22:42:10+00:00,-8.05489159,-34.9497298,2.3399999141693115,90.0,174.0,2527.0
2025-11-06T21:59:53Z,Run,2025-11-06 22:42:11+00:00,-8.05486994,-34.94972115,2.3399999141693115,89.0,174.0,2528.0
2025-11-06T21:59:53Z,Run,2025-11-06 22:42:12+00:00,-8.05484995,-34.94971216,2.3399999141693115,89.0,175.0,2529.0
2025-11-06T21:59:53Z,Run,2025-11-06 22:42:13+00:00,-8.05483228,-34.9497035,2.3399999141693115,89.0,175.0,2530.0
2025-11-06T21:59:53Z,Run,2025-11-06 22:42:14+00:00,-8.05481261,-34.94969317,2.3399999141693115,89.0,175.0,2531.0
2025-11-06T21:59:53Z,Run,2025-11-06 22:42:15+00:00,-8.05479562,-34.94968284,2.3399999141693115,89.0,175.0,2532.0
2025-11-06T21:59:53Z,Run,2025-11-06 22:42:16+00:00,-8.05478097,-34.94967119,2.3399999141693115,89.0,175.0,2533.0
2025-11-06T21:59:53Z,Run,2025-11-06 22:42:17+00:00,-8.0547663,-34.94965885,2.3399999141693115,88.0,174.0,2534.0
2025-11-06T21:59:53Z,Run,2025-11-06 22:42:18+00:00,-8.05475064,-34.9496472,2.3399999141693115,88.0,173.0,2535.0
2025-11-06T21:59:53Z,Run,2025-11-06 22:42:19+00:00,-8.05473398,-34.94963586,2.3399999141693115,88.0,173.0,2536.0
2025-11-06T21:59:53Z,Run,2025-11-06 22:42:20+00:00,-8.05471631,-34.94962354,2.3399999141693115,88.0,172.0,2537.0
2025-11-06T21:59:53Z,Run,2025-11-06 22:42:21+00:00,-8.05469932,-34.94961121,2.3399999141693115,88.0,172.0,2538.0
2025-11-06T21:59:53Z,Run,2025-11-06 22:42:22+00:00,-8.05468132,-34.94959922,2.3399999141693115,89.0,172.0,2539.0
2025-11-06T21:59:53Z,Run,2025-11-06 22:42:23+00:00,-8.05466266,-34.94958756,2.3299999237060547,89.0,171.0,2540.0
2025-11-06T21:59:53Z,Run,2025-11-06 22:42:24+00:00,-8.05462567,-34.9495649,2.3299999237060547,89.0,171.0,2541.0
2025-11-06T21:59:53Z,Run,2025-11-06 22:42:25+00:00,-8.05460668,-34.94955524,2.3299999237060547,89.0,171.0,2542.0
2025-11-06T21:59:53Z,Run,2025-11-06 22:42:26+00:00,-8.05458736,-34.94954591,2.3399999141693115,89.0,171.0,2543.0
2025-11-06T21:59:53Z,Run,2025-11-06 22:42:27+00:00,-8.05456769,-34.94953692,2.3399999141693115,89.0,171.0,2544.0
2025-11-06T21:59:53Z,Run,2025-11-06 22:42:28+00:00,-8.05454804,-34.94952793,2.3399999141693115,89.0,173.0,2545.0
2025-11-06T21:59:53Z,Run,2025-11-06 22:42:29+00:00,-8.05452937,-34.9495176,2.3399999141693115,89.0,173.0,2546.0
2025-11-06T21:59:53Z,Run,2025-11-06 22:42:30+00:00,-8.05451105,-34.94950828,2.3399999141693115,89.0,173.0,2547.0
2025-11-06T21:59:53Z,Run,2025-11-06 22:42:31+00:00,-8.05449239,-34.94949928,2.3399999141693115,89.0,173.0,2548.0
2025-11-06T21:59:53Z,Run,2025-11-06 22:42:32+00:00,-8.05447506,-34.94949095,2.3399999141693115,89.0,173.0,2549.0
2025-11-06T21:59:53Z,Run,2025-11-06 22:42:33+00:00,-8.0544544,-34.94948295,2.3499999046325684,89.0,173.0,2550.0
2025-11-06T21:59:53Z,Run,2025-11-06 22:42:34+00:00,-8.05443373,-34.94947462,2.3499999046325684,89.0,173.0,2551.0
2025-11-06T21:59:53Z,Run,2025-11-06 22:42:35+00:00,-8.05441374,-34.94946596,2.3499999046325684,89.0,173.0,2552.0
2025-11-06T21:59:53Z,Run,2025-11-06 22:42:36+00:00,-8.05439475,-34.94945763,2.3499999046325684,89.0,173.0,2553.0
2025-11-06T21:59:53Z,Run,2025-11-06 22:42:37+00:00,-8.05437809,-34.94944996,2.3499999046325684,89.0,172.0,2554.0
2025-11-06T21:59:53Z,Run,2025-11-06 22:42:38+00:00,-8.05436009,-34.94944364,2.3499999046325684,89.0,172.0,2555.0
2025-11-06T21:59:53Z,Run,2025-11-06 22:42:39+00:00,-8.0543411,-34.94943531,2.3499999046325684,89.0,172.0,2556.0
2025-11-06T21:59:53Z,Run,2025-11-06 22:42:40+00:00,-8.05432244,-34.94942564,2.3499999046325684,89.0,172.0,2557.0
2025-11-06T21:59:53Z,Run,2025-11-06 22:42:41+00:00,-8.05430545,-34.94941532,2.3499999046325684,90.0,173.0,2558.0
2025-11-06T21:59:53Z,Run,2025-11-06 22:42:42+00:00,-8.05428713,-34.94940432,2.3499999046325684,90.0,173.0,2559.0
2025-11-06T21:59:53Z,Run,2025-11-06 22:42:43+00:00,-8.05426979,-34.94939098,2.3499999046325684,90.0,174.0,2560.0
2025-11-06T21:59:53Z,Run,2025-11-06 22:42:44+00:00,-8.05425446,-34.94937566,2.3399999141693115,89.0,174.0,2561.0
2025-11-06T21:59:53Z,Run,2025-11-06 22:42:45+00:00,-8.05424114,-34.94936133,2.3399999141693115,88.0,175.0,2562.0
2025-11-06T21:59:53Z,Run,2025-11-06 22:42:46+00:00,-8.05422514,-34.94935067,2.3399999141693115,88.0,175.0,2563.0
2025-11-06T21:59:53Z,Run,2025-11-06 22:42:47+00:00,-8.05420648,-34.94934201,2.3399999141693115,89.0,174.0,2564.0
2025-11-06T21:59:53Z,Run,2025-11-06 22:42:48+00:00,-8.05418449,-34.94933268,2.3399999141693115,89.0,174.0,2565.0
2025-11-06T21:59:53Z,Run,2025-11-06 22:42:49+00:00,-8.05416349,-34.94932201,2.3399999141693115,89.0,173.0,2566.0
2025-11-06T21:59:53Z,Run,2025-11-06 22:42:50+00:00,-8.0541435,-34.94931336,2.3399999141693115,90.0,173.0,2567.0
2025-11-06T21:59:53Z,Run,2025-11-06 22:42:51+00:00,-8.0541235,-34.9493047,2.3399999141693115,89.0,172.0,2568.0
2025-11-06T21:59:53Z,Run,2025-11-06 22:42:52+00:00,-8.05410218,-34.94929637,2.3399999141693115,90.0,170.0,2569.0
2025-11-06T21:59:53Z,Run,2025-11-06 22:42:53+00:00,-8.05408051,-34.94928771,2.3399999141693115,90.0,170.0,2570.0
2025-11-06T21:59:53Z,Run,2025-11-06 22:42:54+00:00,-8.05405884,-34.94927938,2.3399999141693115,90.0,170.0,2571.0
2025-11-06T21:59:53Z,Run,2025-11-06 22:42:55+00:00,-8.05403719,-34.94927205,2.3399999141693115,90.0,170.0,2572.0
2025-11-06T21:59:53Z,Run,2025-11-06 22:42:56+00:00,-8.05401553,-34.94926405,2.3399999141693115,89.0,170.0,2573.0
2025-11-06T21:59:53Z,Run,2025-11-06 22:42:57+00:00,-8.05399386,-34.94925739,2.3499999046325684,89.0,170.0,2574.0
2025-11-06T21:59:53Z,Run,2025-11-06 22:42:58+00:00,-8.05397221,-34.94924806,2.3499999046325684,89.0,170.0,2575.0
2025-11-06T21:59:53Z,Run,2025-11-06 22:42:59+00:00,-8.05395221,-34.94923674,2.3499999046325684,89.0,171.0,2576.0
2025-11-06T21:59:53Z,Run,2025-11-06 22:43:00+00:00,-8.05393222,-34.94922841,2.3499999046325684,89.0,171.0,2577.0
2025-11-06T21:59:53Z,Run,2025-11-06 22:43:01+00:00,-8.05391422,-34.94921707,2.359999895095825,89.0,171.0,2578.0
2025-11-06T21:59:53Z,Run,2025-11-06 22:43:02+00:00,-8.05389456,-34.94920575,2.359999895095825,89.0,171.0,2579.0
2025-11-06T21:59:53Z,Run,2025-11-06 22:43:03+00:00,-8.05387756,-34.94919343,2.359999895095825,89.0,171.0,2580.0
2025-11-06T21:59:53Z,Run,2025-11-06 22:43:04+00:00,-8.05386124,-34.94917776,2.369999885559082,89.0,172.0,2581.0
2025-11-06T21:59:53Z,Run,2025-11-06 22:43:05+00:00,-8.05384524,-34.94916277,2.369999885559082,89.0,172.0,2582.0
2025-11-06T21:59:53Z,Run,2025-11-06 22:43:06+00:00,-8.05382958,-34.94914644,2.369999885559082,89.0,172.0,2583.0
2025-11-06T21:59:53Z,Run,2025-11-06 22:43:07+00:00,-8.05381259,-34.9491301,2.380000114440918,89.0,172.0,2584.0
2025-11-06T21:59:53Z,Run,2025-11-06 22:43:08+00:00,-8.05379459,-34.9491161,2.380000114440918,89.0,173.0,2585.0
2025-11-06T21:59:53Z,Run,2025-11-06 22:43:09+00:00,-8.0537756,-34.94910411,2.380000114440918,90.0,174.0,2586.0
2025-11-06T21:59:53Z,Run,2025-11-06 22:43:10+00:00,-8.05375928,-34.94908912,2.380000114440918,90.0,175.0,2587.0
2025-11-06T21:59:53Z,Run,2025-11-06 22:43:11+00:00,-8.05374129,-34.94907612,2.380000114440918,90.0,176.0,2588.0
2025-11-06T21:59:53Z,Run,2025-11-06 22:43:12+00:00,-8.05372529,-34.94906012,2.380000114440918,90.0,176.0,2589.0
2025-11-06T21:59:53Z,Run,2025-11-06 22:43:13+00:00,-8.05370862,-34.9490428,2.380000114440918,90.0,176.0,2590.0
2025-11-06T21:59:53Z,Run,2025-11-06 22:43:14+00:00,-8.05369263,-34.94902514,2.390000104904175,90.0,176.0,2591.0
2025-11-06T21:59:53Z,Run,2025-11-06 22:43:15+00:00,-8.05367296,-34.94901448,2.390000104904175,90.0,177.0,2592.0
2025-11-06T21:59:53Z,Run,2025-11-06 22:43:16+00:00,-8.0536553,-34.94900114,2.390000104904175,90.0,176.0,2593.0
2025-11-06T21:59:53Z,Run,2025-11-06 22:43:17+00:00,-8.05363697,-34.94898949,2.390000104904175,90.0,176.0,2594.0
2025-11-06T21:59:53Z,Run,2025-11-06 22:43:18+00:00,-8.05361864,-34.94897882,2.390000104904175,90.0,176.0,2595.0
2025-11-06T21:59:53Z,Run,2025-11-06 22:43:19+00:00,-8.05359832,-34.94897116,2.390000104904175,90.0,176.0,2596.0
2025-11-06T21:59:53Z,Run,2025-11-06 22:43:20+00:00,-8.05357799,-34.94896551,2.390000104904175,90.0,176.0,2597.0
2025-11-06T21:59:53Z,Run,2025-11-06 22:43:21+00:00,-8.05355699,-34.94896084,2.390000104904175,90.0,176.0,2598.0
2025-11-06T21:59:53Z,Run,2025-11-06 22:43:22+00:00,-8.05353266,-34.94895785,2.390000104904175,89.0,176.0,2599.0
2025-11-06T21:59:53Z,Run,2025-11-06 22:43:23+00:00,-8.05351099,-34.94895018,2.390000104904175,89.0,176.0,2600.0
2025-11-06T21:59:53Z,Run,2025-11-06 22:43:24+00:00,-8.05349067,-34.94894319,2.390000104904175,89.0,176.0,2601.0
2025-11-06T21:59:53Z,Run,2025-11-06 22:43:25+00:00,-8.05347068,-34.94893653,2.390000104904175,89.0,177.0,2602.0
2025-11-06T21:59:53Z,Run,2025-11-06 22:43:26+00:00,-8.05345236,-34.94892854,2.390000104904175,88.0,176.0,2603.0
2025-11-06T21:59:53Z,Run,2025-11-06 22:43:27+00:00,-8.05343436,-34.94891487,2.390000104904175,89.0,175.0,2604.0
2025-11-06T21:59:53Z,Run,2025-11-06 22:43:28+00:00,-8.05342036,-34.94889987,2.390000104904175,88.0,173.0,2605.0
2025-11-06T21:59:53Z,Run,2025-11-06 22:43:29+00:00,-8.05340537,-34.94888587,2.390000104904175,88.0,172.0,2606.0
2025-11-06T21:59:53Z,Run,2025-11-06 22:43:30+00:00,-8.05339504,-34.94886955,2.390000104904175,88.0,172.0,2607.0
2025-11-06T21:59:53Z,Run,2025-11-06 22:43:31+00:00,-8.05338571,-34.94885688,2.390000104904175,88.0,172.0,2608.0
2025-11-06T21:59:53Z,Run,2025-11-06 22:43:32+00:00,-8.05337372,-34.94884722,2.390000104904175,88.0,172.0,2609.0
2025-11-06T21:59:53Z,Run,2025-11-06 22:43:33+00:00,-8.05335972,-34.94884056,2.380000114440918,88.0,171.0,2610.0
2025-11-06T21:59:53Z,Run,2025-11-06 22:43:34+00:00,-8.05334606,-34.9488369,2.380000114440918,89.0,169.0,2611.0
2025-11-06T21:59:53Z,Run,2025-11-06 22:43:35+00:00,-8.05333141,-34.94883324,2.369999885559082,88.0,168.0,2612.0
2025-11-06T21:59:53Z,Run,2025-11-06 22:43:36+00:00,-8.05331341,-34.94882924,2.369999885559082,88.0,168.0,2613.0
2025-11-06T21:59:53Z,Run,2025-11-06 22:43:37+00:00,-8.05329408,-34.94882359,2.359999895095825,88.0,167.0,2614.0
2025-11-06T21:59:53Z,Run,2025-11-06 22:43:38+00:00,-8.05327608,-34.94881825,2.3499999046325684,89.0,166.0,2615.0
2025-11-06T21:59:53Z,Run,2025-11-06 22:43:39+00:00,-8.05325643,-34.94881193,2.3399999141693115,89.0,166.0,2616.0
2025-11-06T21:59:53Z,Run,2025-11-06 22:43:40+00:00,-8.05323777,-34.9488066,2.3299999237060547,88.0,167.0,2617.0
2025-11-06T21:59:53Z,Run,2025-11-06 22:43:41+00:00,-8.05321644,-34.94880027,2.319999933242798,88.0,167.0,2618.0
2025-11-06T21:59:53Z,Run,2025-11-06 22:43:42+00:00,-8.05319478,-34.94879462,2.319999933242798,88.0,167.0,2619.0
2025-11-06T21:59:53Z,Run,2025-11-06 22:43:43+00:00,-8.05317345,-34.94878662,2.319999933242798,88.0,167.0,2620.0
2025-11-06T21:59:53Z,Run,2025-11-06 22:43:44+00:00,-8.05315412,-34.94877763,2.319999933242798,89.0,167.0,2621.0
2025-11-06T21:59:53Z,Run,2025-11-06 22:43:45+00:00,-8.05313679,-34.94876463,2.319999933242798,90.0,168.0,2622.0
2025-11-06T21:59:53Z,Run,2025-11-06 22:43:46+00:00,-8.05311747,-34.9487473,2.319999933242798,89.0,169.0,2623.0
2025-11-06T21:59:53Z,Run,2025-11-06 22:43:47+00:00,-8.05309813,-34.94873265,2.319999933242798,89.0,169.0,2624.0
2025-11-06T21:59:53Z,Run,2025-11-06 22:43:48+00:00,-8.05307814,-34.94871832,2.319999933242798,89.0,169.0,2625.0
2025-11-06T21:59:53Z,Run,2025-11-06 22:43:49+00:00,-8.05306081,-34.94870566,2.319999933242798,88.0,168.0,2626.0
2025-11-06T21:59:53Z,Run,2025-11-06 22:43:50+00:00,-8.05304515,-34.94869133,2.319999933242798,89.0,168.0,2627.0
2025-11-06T21:59:53Z,Run,2025-11-06 22:43:51+00:00,-8.05302849,-34.94867701,2.319999933242798,89.0,170.0,2628.0
2025-11-06T21:59:53Z,Run,2025-11-06 22:43:52+00:00,-8.05301183,-34.94866235,2.3299999237060547,89.0,173.0,2629.0
2025-11-06T21:59:53Z,Run,2025-11-06 22:43:53+00:00,-8.05299583,-34.94865036,2.3299999237060547,89.0,173.0,2630.0
2025-11-06T21:59:53Z,Run,2025-11-06 22:43:54+00:00,-8.0529785,-34.94863904,2.3299999237060547,89.0,173.0,2631.0
2025-11-06T21:59:53Z,Run,2025-11-06 22:43:55+00:00,-8.05295816,-34.94862871,2.3299999237060547,90.0,176.0,2632.0
2025-11-06T21:59:53Z,Run,2025-11-06 22:43:56+00:00,-8.05293884,-34.94862005,2.3299999237060547,90.0,178.0,2633.0
2025-11-06T21:59:53Z,Run,2025-11-06 22:43:57+00:00,-8.05291884,-34.94861172,2.3399999141693115,90.0,178.0,2634.0
2025-11-06T21:59:53Z,Run,2025-11-06 22:43:58+00:00,-8.05289852,-34.94860273,2.359999895095825,90.0,179.0,2635.0
2025-11-06T21:59:53Z,Run,2025-11-06 22:43:59+00:00,-8.05287819,-34.94859273,2.4000000953674316,90.0,179.0,2636.0
2025-11-06T21:59:53Z,Run,2025-11-06 22:44:00+00:00,-8.05285619,-34.9485834,2.4000000953674316,90.0,179.0,2637.0
2025-11-06T21:59:53Z,Run,2025-11-06 22:44:01+00:00,-8.05283754,-34.94857374,2.4200000762939453,90.0,179.0,2638.0
2025-11-06T21:59:53Z,Run,2025-11-06 22:44:02+00:00,-8.05281987,-34.94856408,2.4200000762939453,90.0,178.0,2639.0
2025-11-06T21:59:53Z,Run,2025-11-06 22:44:03+00:00,-8.0528012,-34.94855442,2.4000000953674316,90.0,177.0,2640.0
2025-11-06T21:59:53Z,Run,2025-11-06 22:44:04+00:00,-8.05278088,-34.94854509,2.380000114440918,90.0,177.0,2641.0
2025-11-06T21:59:53Z,Run,2025-11-06 22:44:05+00:00,-8.05276156,-34.94853377,2.380000114440918,90.0,178.0,2642.0
2025-11-06T21:59:53Z,Run,2025-11-06 22:44:06+00:00,-8.05274122,-34.94852078,2.380000114440918,90.0,178.0,2643.0
2025-11-06T21:59:53Z,Run,2025-11-06 22:44:07+00:00,-8.05272322,-34.94850844,2.4100000858306885,89.0,179.0,2644.0
2025-11-06T21:59:53Z,Run,2025-11-06 22:44:08+00:00,-8.05270457,-34.94849612,2.4200000762939453,89.0,179.0,2645.0
2025-11-06T21:59:53Z,Run,2025-11-06 22:44:09+00:00,-8.05268757,-34.9484818,2.430000066757202,90.0,179.0,2646.0
2025-11-06T21:59:53Z,Run,2025-11-06 22:44:10+00:00,-8.05267024,-34.94846747,2.4600000381469727,90.0,179.0,2647.0
2025-11-06T21:59:53Z,Run,2025-11-06 22:44:11+00:00,-8.05265392,-34.94845281,2.4800000190734863,90.0,180.0,2648.0
2025-11-06T21:59:53Z,Run,2025-11-06 22:44:12+00:00,-8.05263925,-34.94844015,2.4800000190734863,90.0,180.0,2649.0
2025-11-06T21:59:53Z,Run,2025-11-06 22:44:13+00:00,-8.05262359,-34.94842883,2.490000009536743,90.0,181.0,2650.0
2025-11-06T21:59:53Z,Run,2025-11-06 22:44:14+00:00,-8.05260693,-34.9484165,2.4800000190734863,90.0,182.0,2651.0
2025-11-06T21:59:53Z,Run,2025-11-06 22:44:15+00:00,-8.05258926,-34.94840584,2.450000047683716,90.0,182.0,2652.0
2025-11-06T21:59:53Z,Run,2025-11-06 22:44:16+00:00,-8.05256993,-34.9483955,2.4200000762939453,90.0,181.0,2653.0
2025-11-06T21:59:53Z,Run,2025-11-06 22:44:17+00:00,-8.05255027,-34.94838418,2.4000000953674316,90.0,180.0,2654.0
2025-11-06T21:59:53Z,Run,2025-11-06 22:44:18+00:00,-8.05253027,-34.94837385,2.4000000953674316,90.0,180.0,2655.0
2025-11-06T21:59:53Z,Run,2025-11-06 22:44:19+00:00,-8.05250995,-34.94836352,2.4000000953674316,90.0,179.0,2656.0
2025-11-06T21:59:53Z,Run,2025-11-06 22:44:20+00:00,-8.05248929,-34.94835352,2.4000000953674316,89.0,178.0,2657.0
2025-11-06T21:59:53Z,Run,2025-11-06 22:44:21+00:00,-8.05246629,-34.94834286,2.430000066757202,89.0,178.0,2658.0
2025-11-06T21:59:53Z,Run,2025-11-06 22:44:22+00:00,-8.05244497,-34.94833452,2.4800000190734863,89.0,178.0,2659.0
2025-11-06T21:59:53Z,Run,2025-11-06 22:44:23+00:00,-8.05242364,-34.94832619,2.509999990463257,89.0,178.0,2660.0
2025-11-06T21:59:53Z,Run,2025-11-06 22:44:24+00:00,-8.05240331,-34.94831853,2.509999990463257,89.0,178.0,2661.0
2025-11-06T21:59:53Z,Run,2025-11-06 22:44:25+00:00,-8.05238398,-34.94830887,2.5199999809265137,88.0,178.0,2662.0
2025-11-06T21:59:53Z,Run,2025-11-06 22:44:26+00:00,-8.05236566,-34.94829888,2.5199999809265137,89.0,178.0,2663.0
2025-11-06T21:59:53Z,Run,2025-11-06 22:44:27+00:00,-8.05234699,-34.94828688,2.509999990463257,89.0,178.0,2664.0
2025-11-06T21:59:53Z,Run,2025-11-06 22:44:28+00:00,-8.05232967,-34.94827455,2.5,89.0,178.0,2665.0
2025-11-06T21:59:53Z,Run,2025-11-06 22:44:29+00:00,-8.05231133,-34.94825855,2.4800000190734863,89.0,178.0,2666.0
2025-11-06T21:59:53Z,Run,2025-11-06 22:44:30+00:00,-8.05229434,-34.94824323,2.4800000190734863,89.0,178.0,2667.0
2025-11-06T21:59:53Z,Run,2025-11-06 22:44:31+00:00,-8.05227934,-34.94822756,2.4600000381469727,89.0,178.0,2668.0
2025-11-06T21:59:53Z,Run,2025-11-06 22:44:32+00:00,-8.05226569,-34.94820957,2.440000057220459,89.0,178.0,2669.0
2025-11-06T21:59:53Z,Run,2025-11-06 22:44:33+00:00,-8.05225469,-34.94819258,2.4200000762939453,89.0,179.0,2670.0
2025-11-06T21:59:53Z,Run,2025-11-06 22:44:34+00:00,-8.05224436,-34.94817692,2.4100000858306885,89.0,179.0,2671.0
2025-11-06T21:59:53Z,Run,2025-11-06 22:44:35+00:00,-8.05223403,-34.94815793,2.4000000953674316,90.0,179.0,2672.0
2025-11-06T21:59:53Z,Run,2025-11-06 22:44:36+00:00,-8.05222836,-34.94813993,2.4000000953674316,90.0,179.0,2673.0
2025-11-06T21:59:53Z,Run,2025-11-06 22:44:37+00:00,-8.05222436,-34.94811994,2.380000114440918,89.0,179.0,2674.0
2025-11-06T21:59:53Z,Run,2025-11-06 22:44:38+00:00,-8.05222337,-34.94809961,2.359999895095825,89.0,179.0,2675.0
2025-11-06T21:59:53Z,Run,2025-11-06 22:44:39+00:00,-8.05222404,-34.94807761,2.359999895095825,89.0,178.0,2676.0
2025-11-06T21:59:53Z,Run,2025-11-06 22:44:40+00:00,-8.05222436,-34.94805528,2.359999895095825,89.0,177.0,2677.0
2025-11-06T21:59:53Z,Run,2025-11-06 22:44:41+00:00,-8.05222436,-34.94803496,2.3499999046325684,89.0,177.0,2678.0
2025-11-06T21:59:53Z,Run,2025-11-06 22:44:42+00:00,-8.05222404,-34.94801329,2.3499999046325684,89.0,177.0,2679.0
2025-11-06T21:59:53Z,Run,2025-11-06 22:44:43+00:00,-8.05222436,-34.9479903,2.3499999046325684,89.0,177.0,2680.0
2025-11-06T21:59:53Z,Run,2025-11-06 22:44:44+00:00,-8.0522257,-34.94796797,2.359999895095825,89.0,178.0,2681.0
2025-11-06T21:59:53Z,Run,2025-11-06 22:44:45+00:00,-8.05222635,-34.9479463,2.359999895095825,89.0,179.0,2682.0
2025-11-06T21:59:53Z,Run,2025-11-06 22:44:46+00:00,-8.05222702,-34.94792364,2.359999895095825,89.0,180.0,2683.0
2025-11-06T21:59:53Z,Run,2025-11-06 22:44:47+00:00,-8.05222801,-34.94790265,2.369999885559082,89.0,180.0,2684.0
2025-11-06T21:59:53Z,Run,2025-11-06 22:44:48+00:00,-8.05222901,-34.94788032,2.369999885559082,89.0,180.0,2685.0
2025-11-06T21:59:53Z,Run,2025-11-06 22:44:49+00:00,-8.05222933,-34.94785865,2.369999885559082,89.0,181.0,2686.0
2025-11-06T21:59:53Z,Run,2025-11-06 22:44:50+00:00,-8.05222733,-34.94783833,2.380000114440918,89.0,181.0,2687.0
2025-11-06T21:59:53Z,Run,2025-11-06 22:44:51+00:00,-8.05222434,-34.94781966,2.380000114440918,89.0,181.0,2688.0
2025-11-06T21:59:53Z,Run,2025-11-06 22:44:52+00:00,-8.05221835,-34.94780101,2.380000114440918,89.0,182.0,2689.0
2025-11-06T21:59:53Z,Run,2025-11-06 22:44:53+00:00,-8.05220969,-34.94778368,2.380000114440918,89.0,182.0,2690.0
2025-11-06T21:59:53Z,Run,2025-11-06 22:44:54+00:00,-8.05219936,-34.94776702,2.380000114440918,89.0,182.0,2691.0
2025-11-06T21:59:53Z,Run,2025-11-06 22:44:55+00:00,-8.05218803,-34.94775068,2.380000114440918,89.0,182.0,2692.0
2025-11-06T21:59:53Z,Run,2025-11-06 22:44:56+00:00,-8.05217871,-34.94773569,2.380000114440918,89.0,182.0,2693.0
2025-11-06T21:59:53Z,Run,2025-11-06 22:44:57+00:00,-8.05217138,-34.94772103,2.369999885559082,89.0,182.0,2694.0
2025-11-06T21:59:53Z,Run,2025-11-06 22:44:58+00:00,-8.05216538,-34.94770703,2.299999952316284,89.0,182.0,2695.0
2025-11-06T21:59:53Z,Run,2025-11-06 22:44:59+00:00,-8.05216106,-34.94769504,2.200000047683716,89.0,182.0,2696.0
2025-11-06T21:59:53Z,Run,2025-11-06 22:45:00+00:00,-8.0521574,-34.94768338,2.130000114440918,89.0,183.0,2697.0
2025-11-06T21:59:53Z,Run,2025-11-06 22:45:01+00:00,-8.05215441,-34.94767338,2.130000114440918,89.0,183.0,2698.0
