activity_id,sport_type,timestamp,latitude,longitude,speed,cadence,heart_rate,duration_seconds
2026-01-27T22:04:05Z,Run,2026-01-27 22:04:14+00:00,-8.04643833,-34.93598999,0.0,,,0.0
2026-01-27T22:04:05Z,Run,2026-01-27 22:04:15+00:00,-8.04642967,-34.93597867,0.0,87.0,,1.0
2026-01-27T22:04:05Z,Run,2026-01-27 22:04:16+00:00,-8.04641968,-34.93595701,0.0,87.0,,2.0
2026-01-27T22:04:05Z,Run,2026-01-27 22:04:17+00:00,-8.04640934,-34.93592934,0.0,87.0,,3.0
2026-01-27T22:04:05Z,Run,2026-01-27 22:04:19+00:00,-8.04639768,-34.93590069,0.0,88.0,,5.0
2026-01-27T22:04:05Z,Run,2026-01-27 22:04:20+00:00,-8.04638335,-34.93587235,0.0,88.0,,6.0
2026-01-27T22:04:05Z,Run,2026-01-27 22:04:21+00:00,-8.0463627,-34.93585035,0.0,88.0,100.0,7.0
2026-01-27T22:04:05Z,Run,2026-01-27 22:04:22+00:00,-8.04633503,-34.93583336,0.0,88.0,100.0,8.0
2026-01-27T22:04:05Z,Run,2026-01-27 22:04:23+00:00,-8.04630837,-34.93582003,0.0,88.0,100.0,9.0
2026-01-27T22:04:05Z,Run,2026-01-27 22:04:24+00:00,-8.04628237,-34.93580804,0.0,88.0,100.0,10.0
2026-01-27T22:04:05Z,Run,2026-01-27 22:04:25+00:00,-8.04625971,-34.93579338,0.0,88.0,100.0,11.0
2026-01-27T22:04:05Z,Run,2026-01-27 22:04:26+00:00,-8.04623905,-34.93577639,1.3799999952316284,87.0,102.0,12.0
2026-01-27T22:04:05Z,Run,2026-01-27 22:04:27+00:00,-8.04622006,-34.93575839,2.759999990463257,87.0,104.0,13.0
2026-01-27T22:04:05Z,Run,2026-01-27 22:04:28+00:00,-8.04620039,-34.93574074,2.7200000286102295,87.0,110.0,14.0
2026-01-27T22:04:05Z,Run,2026-01-27 22:04:29+00:00,-8.04618074,-34.9357254,2.6600000858306885,87.0,112.0,15.0
2026-01-27T22:04:05Z,Run,2026-01-27 22:04:30+00:00,-8.04616141,-34.93571408,2.609999895095825,87.0,114.0,16.0
2026-01-27T22:04:05Z,Run,2026-01-27 22:04:31+00:00,-8.04614109,-34.93570476,2.609999895095825,87.0,114.0,17.0
2026-01-27T22:04:05Z,Run,2026-01-27 22:04:32+00:00,-8.04612043,-34.9356961,2.569999933242798,87.0,115.0,18.0
2026-01-27T22:04:05Z,Run,2026-01-27 22:04:33+00:00,-8.04609843,-34.93568577,2.5199999809265137,87.0,114.0,19.0
2026-01-27T22:04:05Z,Run,2026-01-27 22:04:34+00:00,-8.04607544,-34.93567511,2.490000009536743,87.0,114.0,20.0
2026-01-27T22:04:05Z,Run,2026-01-27 22:04:35+00:00,-8.04605344,-34.93566344,2.490000009536743,87.0,117.0,21.0
2026-01-27T22:04:05Z,Run,2026-01-27 22:04:36+00:00,-8.04603045,-34.93565312,2.5,87.0,118.0,22.0
2026-01-27T22:04:05Z,Run,2026-01-27 22:04:37+00:00,-8.04600845,-34.93564279,2.5,87.0,118.0,23.0
2026-01-27T22:04:05Z,Run,2026-01-27 22:04:38+00:00,-8.04598746,-34.9356338,2.5,87.0,118.0,24.0
2026-01-27T22:04:05Z,Run,2026-01-27 22:04:39+00:00,-8.04596813,-34.93562481,2.5299999713897705,88.0,119.0,25.0
2026-01-27T22:04:05Z,Run,2026-01-27 22:04:40+00:00,-8.04594813,-34.93561547,2.549999952316284,88.0,119.0,26.0
2026-01-27T22:04:05Z,Run,2026-01-27 22:04:41+00:00,-8.04592781,-34.93560714,2.549999952316284,87.0,120.0,27.0
2026-01-27T22:04:05Z,Run,2026-01-27 22:04:42+00:00,-8.04590782,-34.93559782,2.549999952316284,88.0,121.0,28.0
2026-01-27T22:04:05Z,Run,2026-01-27 22:04:43+00:00,-8.04588615,-34.93558916,2.549999952316284,88.0,121.0,29.0
2026-01-27T22:04:05Z,Run,2026-01-27 22:04:44+00:00,-8.04586449,-34.93558017,2.509999990463257,88.0,121.0,30.0
2026-01-27T22:04:05Z,Run,2026-01-27 22:04:45+00:00,-8.04584383,-34.93557184,2.4800000190734863,87.0,121.0,31.0
2026-01-27T22:04:05Z,Run,2026-01-27 22:04:46+00:00,-8.0458245,-34.93556585,2.4600000381469727,87.0,122.0,32.0
2026-01-27T22:04:05Z,Run,2026-01-27 22:04:47+00:00,-8.04580517,-34.93555751,2.430000066757202,87.0,122.0,33.0
2026-01-27T22:04:05Z,Run,2026-01-27 22:04:48+00:00,-8.04578417,-34.93554518,2.430000066757202,87.0,123.0,34.0
2026-01-27T22:04:05Z,Run,2026-01-27 22:04:49+00:00,-8.04576485,-34.93553252,2.430000066757202,87.0,123.0,35.0
2026-01-27T22:04:05Z,Run,2026-01-27 22:04:50+00:00,-8.04574586,-34.93552019,2.430000066757202,87.0,122.0,36.0
2026-01-27T22:04:05Z,Run,2026-01-27 22:04:51+00:00,-8.04572752,-34.9355082,2.430000066757202,86.0,122.0,37.0
2026-01-27T22:04:05Z,Run,2026-01-27 22:04:52+00:00,-8.04571086,-34.9354972,2.4200000762939453,86.0,123.0,38.0
2026-01-27T22:04:05Z,Run,2026-01-27 22:04:53+00:00,-8.04569319,-34.93548554,2.390000104904175,87.0,123.0,39.0
2026-01-27T22:04:05Z,Run,2026-01-27 22:04:54+00:00,-8.04567519,-34.93547555,2.369999885559082,87.0,123.0,40.0
2026-01-27T22:04:05Z,Run,2026-01-27 22:04:55+00:00,-8.04565653,-34.93546622,2.369999885559082,87.0,123.0,41.0
2026-01-27T22:04:05Z,Run,2026-01-27 22:04:56+00:00,-8.04563853,-34.93545756,2.359999895095825,87.0,122.0,42.0
2026-01-27T22:04:05Z,Run,2026-01-27 22:04:57+00:00,-8.04562054,-34.93544956,2.3499999046325684,88.0,122.0,43.0
2026-01-27T22:04:05Z,Run,2026-01-27 22:04:58+00:00,-8.04560188,-34.93544157,2.3399999141693115,88.0,122.0,44.0
2026-01-27T22:04:05Z,Run,2026-01-27 22:04:59+00:00,-8.04558154,-34.93543191,2.3299999237060547,88.0,122.0,45.0
2026-01-27T22:04:05Z,Run,2026-01-27 22:05:00+00:00,-8.04556255,-34.93542091,2.3299999237060547,87.0,124.0,46.0
2026-01-27T22:04:05Z,Run,2026-01-27 22:05:01+00:00,-8.04554323,-34.93540925,2.3299999237060547,87.0,125.0,47.0
2026-01-27T22:04:05Z,Run,2026-01-27 22:05:02+00:00,-8.04552424,-34.93539693,2.3299999237060547,87.0,125.0,48.0
2026-01-27T22:04:05Z,Run,2026-01-27 22:05:03+00:00,-8.04550191,-34.93538426,2.3299999237060547,87.0,126.0,49.0
2026-01-27T22:04:05Z,Run,2026-01-27 22:05:04+00:00,-8.04548157,-34.93537294,2.3299999237060547,87.0,128.0,50.0
2026-01-27T22:04:05Z,Run,2026-01-27 22:05:05+00:00,-8.04545924,-34.9353616,2.3399999141693115,87.0,129.0,51.0
2026-01-27T22:04:05Z,Run,2026-01-27 22:05:06+00:00,-8.04543758,-34.93535028,2.3499999046325684,87.0,130.0,52.0
2026-01-27T22:04:05Z,Run,2026-01-27 22:05:07+00:00,-8.04541892,-34.93533995,2.359999895095825,87.0,130.0,53.0
2026-01-27T22:04:05Z,Run,2026-01-27 22:05:08+00:00,-8.04539792,-34.93532895,2.359999895095825,87.0,130.0,54.0
2026-01-27T22:04:05Z,Run,2026-01-27 22:05:09+00:00,-8.04537893,-34.93531896,2.369999885559082,86.0,131.0,55.0
2026-01-27T22:04:05Z,Run,2026-01-27 22:05:10+00:00,-8.04536027,-34.93530896,2.380000114440918,86.0,132.0,56.0
2026-01-27T22:04:05Z,Run,2026-01-27 22:05:11+00:00,-8.04534227,-34.9352983,2.390000104904175,86.0,132.0,57.0
2026-01-27T22:04:05Z,Run,2026-01-27 22:05:12+00:00,-8.04532494,-34.93528698,2.4000000953674316,87.0,132.0,58.0
2026-01-27T22:04:05Z,Run,2026-01-27 22:05:13+00:00,-8.04530695,-34.93527598,2.4000000953674316,88.0,138.0,59.0
2026-01-27T22:04:05Z,Run,2026-01-27 22:05:14+00:00,-8.04528629,-34.93526464,2.4000000953674316,88.0,138.0,60.0
2026-01-27T22:04:05Z,Run,2026-01-27 22:05:15+00:00,-8.04526496,-34.93525398,2.4100000858306885,88.0,148.0,61.0
2026-01-27T22:04:05Z,Run,2026-01-27 22:05:16+00:00,-8.04524363,-34.93524298,2.4100000858306885,88.0,153.0,62.0
2026-01-27T22:04:05Z,Run,2026-01-27 22:05:17+00:00,-8.04522398,-34.93523331,2.4200000762939453,88.0,157.0,63.0
2026-01-27T22:04:05Z,Run,2026-01-27 22:05:18+00:00,-8.04520364,-34.93522299,2.4200000762939453,87.0,157.0,64.0
2026-01-27T22:04:05Z,Run,2026-01-27 22:05:19+00:00,-8.04518399,-34.93521165,2.4200000762939453,87.0,157.0,65.0
2026-01-27T22:04:05Z,Run,2026-01-27 22:05:20+00:00,-8.045164,-34.93519865,2.4200000762939453,87.0,157.0,66.0
2026-01-27T22:04:05Z,Run,2026-01-27 22:05:21+00:00,-8.04514433,-34.93518666,2.430000066757202,88.0,157.0,67.0
2026-01-27T22:04:05Z,Run,2026-01-27 22:05:22+00:00,-8.04512534,-34.93517501,2.430000066757202,88.0,157.0,68.0
2026-01-27T22:04:05Z,Run,2026-01-27 22:05:23+00:00,-8.04510667,-34.93516434,2.440000057220459,88.0,156.0,69.0
2026-01-27T22:04:05Z,Run,2026-01-27 22:05:24+00:00,-8.04508668,-34.93515268,2.450000047683716,88.0,155.0,70.0
2026-01-27T22:04:05Z,Run,2026-01-27 22:05:25+00:00,-8.04506636,-34.93514136,2.450000047683716,88.0,154.0,71.0
2026-01-27T22:04:05Z,Run,2026-01-27 22:05:26+00:00,-8.04504636,-34.93513004,2.450000047683716,88.0,154.0,72.0
2026-01-27T22:04:05Z,Run,2026-01-27 22:05:27+00:00,-8.04502737,-34.93511904,2.4600000381469727,88.0,154.0,73.0
2026-01-27T22:04:05Z,Run,2026-01-27 22:05:28+00:00,-8.04500871,-34.93510705,2.4600000381469727,88.0,154.0,74.0
2026-01-27T22:04:05Z,Run,2026-01-27 22:05:29+00:00,-8.04498771,-34.93509438,2.4600000381469727,88.0,154.0,75.0
2026-01-27T22:04:05Z,Run,2026-01-27 22:05:30+00:00,-8.04496839,-34.93508138,2.4700000286102295,88.0,154.0,76.0
2026-01-27T22:04:05Z,Run,2026-01-27 22:05:31+00:00,-8.04494772,-34.93506972,2.4700000286102295,88.0,154.0,77.0
2026-01-27T22:04:05Z,Run,2026-01-27 22:05:32+00:00,-8.04492707,-34.9350594,2.4700000286102295,88.0,154.0,78.0
2026-01-27T22:04:05Z,Run,2026-01-27 22:05:33+00:00,-8.0449064,-34.93504873,2.4700000286102295,88.0,153.0,79.0
2026-01-27T22:04:05Z,Run,2026-01-27 22:05:34+00:00,-8.04488574,-34.93503708,2.4800000190734863,87.0,153.0,80.0
2026-01-27T22:04:05Z,Run,2026-01-27 22:05:35+00:00,-8.04486375,-34.93502441,2.4800000190734863,87.0,154.0,81.0
2026-01-27T22:04:05Z,Run,2026-01-27 22:05:36+00:00,-8.04484343,-34.93501209,2.4800000190734863,87.0,154.0,82.0
2026-01-27T22:04:05Z,Run,2026-01-27 22:05:37+00:00,-8.04482444,-34.93500075,2.4800000190734863,87.0,154.0,83.0
2026-01-27T22:04:05Z,Run,2026-01-27 22:05:38+00:00,-8.04480711,-34.93499075,2.4800000190734863,87.0,154.0,84.0
2026-01-27T22:04:05Z,Run,2026-01-27 22:05:39+00:00,-8.04478678,-34.93498176,2.490000009536743,86.0,154.0,85.0
2026-01-27T22:04:05Z,Run,2026-01-27 22:05:40+00:00,-8.04476678,-34.93497143,2.490000009536743,86.0,154.0,86.0
2026-01-27T22:04:05Z,Run,2026-01-27 22:05:41+00:00,-8.04474646,-34.93496011,2.490000009536743,87.0,154.0,87.0
2026-01-27T22:04:05Z,Run,2026-01-27 22:05:42+00:00,-8.04472647,-34.93494778,2.5,87.0,153.0,88.0
2026-01-27T22:04:05Z,Run,2026-01-27 22:05:43+00:00,-8.04470814,-34.93493445,2.5,87.0,153.0,89.0
2026-01-27T22:04:05Z,Run,2026-01-27 22:05:44+00:00,-8.04468981,-34.93492112,2.5,87.0,153.0,90.0
2026-01-27T22:04:05Z,Run,2026-01-27 22:05:45+00:00,-8.04467082,-34.93490879,2.5,87.0,153.0,91.0
2026-01-27T22:04:05Z,Run,2026-01-27 22:05:46+00:00,-8.04465216,-34.93489714,2.5,87.0,153.0,92.0
2026-01-27T22:04:05Z,Run,2026-01-27 22:05:47+00:00,-8.04463182,-34.93488515,2.5,86.0,155.0,93.0
2026-01-27T22:04:05Z,Run,2026-01-27 22:05:48+00:00,-8.04461383,-34.93487481,2.5,87.0,155.0,94.0
2026-01-27T22:04:05Z,Run,2026-01-27 22:05:49+00:00,-8.04459617,-34.93486516,2.5,87.0,156.0,95.0
2026-01-27T22:04:05Z,Run,2026-01-27 22:05:50+00:00,-8.04458017,-34.93485549,2.5,87.0,156.0,96.0
2026-01-27T22:04:05Z,Run,2026-01-27 22:05:51+00:00,-8.04456284,-34.9348435,2.5,88.0,156.0,97.0
2026-01-27T22:04:05Z,Run,2026-01-27 22:05:52+00:00,-8.04454485,-34.93483151,2.5,87.0,156.0,98.0
2026-01-27T22:04:05Z,Run,2026-01-27 22:05:53+00:00,-8.04452885,-34.93482019,2.5,87.0,156.0,99.0
2026-01-27T22:04:05Z,Run,2026-01-27 22:05:54+00:00,-8.04451285,-34.93480752,2.5,87.0,154.0,100.0
2026-01-27T22:04:05Z,Run,2026-01-27 22:05:55+00:00,-8.04449453,-34.93479419,2.490000009536743,87.0,154.0,101.0
2026-01-27T22:04:05Z,Run,2026-01-27 22:05:56+00:00,-8.0444752,-34.93478153,2.490000009536743,87.0,154.0,102.0
2026-01-27T22:04:05Z,Run,2026-01-27 22:05:57+00:00,-8.04445454,-34.93476954,2.490000009536743,86.0,154.0,103.0
2026-01-27T22:04:05Z,Run,2026-01-27 22:05:58+00:00,-8.04443354,-34.93475787,2.4800000190734863,87.0,154.0,104.0
2026-01-27T22:04:05Z,Run,2026-01-27 22:05:59+00:00,-8.04441155,-34.93474655,2.4800000190734863,86.0,154.0,105.0
2026-01-27T22:04:05Z,Run,2026-01-27 22:06:00+00:00,-8.04438956,-34.93473756,2.4800000190734863,87.0,154.0,106.0
2026-01-27T22:04:05Z,Run,2026-01-27 22:06:01+00:00,-8.0443669,-34.93472857,2.4800000190734863,87.0,155.0,107.0
2026-01-27T22:04:05Z,Run,2026-01-27 22:06:02+00:00,-8.0443449,-34.93471824,2.490000009536743,88.0,154.0,108.0
2026-01-27T22:04:05Z,Run,2026-01-27 22:06:03+00:00,-8.04432491,-34.93470591,2.490000009536743,88.0,154.0,109.0
2026-01-27T22:04:05Z,Run,2026-01-27 22:06:04+00:00,-8.04430491,-34.93469258,2.490000009536743,88.0,153.0,110.0
2026-01-27T22:04:05Z,Run,2026-01-27 22:06:05+00:00,-8.04428492,-34.93467992,2.5,87.0,153.0,111.0
2026-01-27T22:04:05Z,Run,2026-01-27 22:06:06+00:00,-8.04426527,-34.93466793,2.5,86.0,152.0,112.0
2026-01-27T22:04:05Z,Run,2026-01-27 22:06:07+00:00,-8.0442456,-34.93465627,2.5,87.0,153.0,113.0
2026-01-27T22:04:05Z,Run,2026-01-27 22:06:08+00:00,-8.04422694,-34.93464561,2.5,87.0,153.0,114.0
2026-01-27T22:04:05Z,Run,2026-01-27 22:06:09+00:00,-8.04420795,-34.93463294,2.5,87.0,153.0,115.0
2026-01-27T22:04:05Z,Run,2026-01-27 22:06:10+00:00,-8.04418896,-34.93462062,2.5,88.0,153.0,116.0
2026-01-27T22:04:05Z,Run,2026-01-27 22:06:11+00:00,-8.04416997,-34.9346093,2.509999990463257,88.0,153.0,117.0
2026-01-27T22:04:05Z,Run,2026-01-27 22:06:12+00:00,-8.04414931,-34.93459796,2.509999990463257,87.0,153.0,118.0
2026-01-27T22:04:05Z,Run,2026-01-27 22:06:13+00:00,-8.04412732,-34.93458796,2.509999990463257,87.0,153.0,119.0
2026-01-27T22:04:05Z,Run,2026-01-27 22:06:14+00:00,-8.04410599,-34.93457797,2.509999990463257,87.0,153.0,120.0
2026-01-27T22:04:05Z,Run,2026-01-27 22:06:15+00:00,-8.04408567,-34.93456731,2.509999990463257,87.0,153.0,121.0
2026-01-27T22:04:05Z,Run,2026-01-27 22:06:16+00:00,-8.04406634,-34.93455797,2.509999990463257,87.0,154.0,122.0
2026-01-27T22:04:05Z,Run,2026-01-27 22:06:17+00:00,-8.04404534,-34.93455065,2.509999990463257,87.0,154.0,123.0
2026-01-27T22:04:05Z,Run,2026-01-27 22:06:18+00:00,-8.044022,-34.93454298,2.509999990463257,87.0,154.0,124.0
2026-01-27T22:04:05Z,Run,2026-01-27 22:06:19+00:00,-8.04400068,-34.93453565,2.509999990463257,87.0,154.0,125.0
2026-01-27T22:04:05Z,Run,2026-01-27 22:06:20+00:00,-8.04397868,-34.93452732,2.509999990463257,88.0,154.0,126.0
2026-01-27T22:04:05Z,Run,2026-01-27 22:06:21+00:00,-8.04395869,-34.93451799,2.509999990463257,88.0,154.0,127.0
2026-01-27T22:04:05Z,Run,2026-01-27 22:06:22+00:00,-8.04394069,-34.93450834,2.509999990463257,88.0,154.0,128.0
2026-01-27T22:04:05Z,Run,2026-01-27 22:06:23+00:00,-8.04392137,-34.934497,2.509999990463257,88.0,155.0,129.0
2026-01-27T22:04:05Z,Run,2026-01-27 22:06:24+00:00,-8.04390103,-34.93448767,2.509999990463257,87.0,155.0,130.0
2026-01-27T22:04:05Z,Run,2026-01-27 22:06:25+00:00,-8.04388071,-34.93447835,2.509999990463257,87.0,155.0,131.0
2026-01-27T22:04:05Z,Run,2026-01-27 22:06:26+00:00,-8.04386205,-34.93446869,2.509999990463257,87.0,155.0,132.0
2026-01-27T22:04:05Z,Run,2026-01-27 22:06:27+00:00,-8.04384006,-34.93445769,2.509999990463257,87.0,155.0,133.0
2026-01-27T22:04:05Z,Run,2026-01-27 22:06:28+00:00,-8.04381973,-34.93444736,2.509999990463257,87.0,155.0,134.0
2026-01-27T22:04:05Z,Run,2026-01-27 22:06:29+00:00,-8.04379907,-34.9344347,2.509999990463257,87.0,155.0,135.0
2026-01-27T22:04:05Z,Run,2026-01-27 22:06:30+00:00,-8.04377875,-34.93442337,2.509999990463257,88.0,155.0,136.0
2026-01-27T22:04:05Z,Run,2026-01-27 22:06:31+00:00,-8.04375908,-34.93441038,2.509999990463257,88.0,155.0,137.0
2026-01-27T22:04:05Z,Run,2026-01-27 22:06:32+00:00,-8.04373843,-34.93439738,2.5199999809265137,87.0,154.0,138.0
2026-01-27T22:04:05Z,Run,2026-01-27 22:06:33+00:00,-8.04371676,-34.93438371,2.5199999809265137,87.0,154.0,139.0
2026-01-27T22:04:05Z,Run,2026-01-27 22:06:34+00:00,-8.04369709,-34.93437005,2.5199999809265137,86.0,154.0,140.0
2026-01-27T22:04:05Z,Run,2026-01-27 22:06:35+00:00,-8.04367644,-34.93435539,2.5199999809265137,85.0,153.0,141.0
2026-01-27T22:04:05Z,Run,2026-01-27 22:06:36+00:00,-8.0436571,-34.9343424,2.5299999713897705,86.0,153.0,142.0
2026-01-27T22:04:05Z,Run,2026-01-27 22:06:37+00:00,-8.04363745,-34.93433074,2.5299999713897705,87.0,152.0,143.0
2026-01-27T22:04:05Z,Run,2026-01-27 22:06:38+00:00,-8.04361812,-34.93432041,2.5299999713897705,87.0,152.0,144.0
2026-01-27T22:04:05Z,Run,2026-01-27 22:06:39+00:00,-8.04359879,-34.93430907,2.5299999713897705,86.0,153.0,145.0
2026-01-27T22:04:05Z,Run,2026-01-27 22:06:40+00:00,-8.04357813,-34.93429708,2.5299999713897705,86.0,153.0,146.0
2026-01-27T22:04:05Z,Run,2026-01-27 22:06:41+00:00,-8.04355713,-34.93428508,2.5299999713897705,86.0,154.0,147.0
2026-01-27T22:04:05Z,Run,2026-01-27 22:06:42+00:00,-8.04353681,-34.93427376,2.5299999713897705,86.0,154.0,148.0
2026-01-27T22:04:05Z,Run,2026-01-27 22:06:43+00:00,-8.04351948,-34.9342641,2.5299999713897705,86.0,155.0,149.0
2026-01-27T22:04:05Z,Run,2026-01-27 22:06:44+00:00,-8.04350015,-34.93425344,2.5399999618530273,86.0,155.0,150.0
2026-01-27T22:04:05Z,Run,2026-01-27 22:06:45+00:00,-8.04348183,-34.93424277,2.5299999713897705,86.0,154.0,151.0
2026-01-27T22:04:05Z,Run,2026-01-27 22:06:46+00:00,-8.04346716,-34.93423278,2.5299999713897705,86.0,154.0,152.0
2026-01-27T22:04:05Z,Run,2026-01-27 22:06:47+00:00,-8.04345517,-34.93422211,2.509999990463257,86.0,154.0,153.0
2026-01-27T22:04:05Z,Run,2026-01-27 22:06:48+00:00,-8.04344817,-34.93421145,2.4800000190734863,86.0,154.0,154.0
2026-01-27T22:04:05Z,Run,2026-01-27 22:06:49+00:00,-8.04344785,-34.93420345,2.4000000953674316,86.0,154.0,155.0
2026-01-27T22:04:05Z,Run,2026-01-27 22:06:50+00:00,-8.04345417,-34.93419879,2.200000047683716,86.0,154.0,156.0
2026-01-27T22:04:05Z,Run,2026-01-27 22:06:51+00:00,-8.04346684,-34.93419646,1.9299999475479126,86.0,156.0,157.0
2026-01-27T22:04:05Z,Run,2026-01-27 22:06:52+00:00,-8.0434835,-34.9341958,1.9299999475479126,86.0,156.0,158.0
2026-01-27T22:04:05Z,Run,2026-01-27 22:06:53+00:00,-8.0435045,-34.9341958,1.7000000476837158,87.0,157.0,159.0
2026-01-27T22:04:05Z,Run,2026-01-27 22:06:54+00:00,-8.04352482,-34.9341958,1.6299999952316284,88.0,157.0,160.0
2026-01-27T22:04:05Z,Run,2026-01-27 22:06:55+00:00,-8.04354582,-34.9341958,1.6299999952316284,87.0,156.0,161.0
2026-01-27T22:04:05Z,Run,2026-01-27 22:06:56+00:00,-8.04356781,-34.93419712,1.7200000286102295,88.0,156.0,162.0
2026-01-27T22:04:05Z,Run,2026-01-27 22:06:57+00:00,-8.04358948,-34.93420045,1.940000057220459,88.0,157.0,163.0
2026-01-27T22:04:05Z,Run,2026-01-27 22:06:58+00:00,-8.04361181,-34.93420644,1.940000057220459,88.0,157.0,164.0
2026-01-27T22:04:05Z,Run,2026-01-27 22:06:59+00:00,-8.0436338,-34.9342151,2.1700000762939453,88.0,157.0,165.0
2026-01-27T22:04:05Z,Run,2026-01-27 22:07:00+00:00,-8.04365513,-34.93422443,2.2699999809265137,88.0,157.0,166.0
2026-01-27T22:04:05Z,Run,2026-01-27 22:07:01+00:00,-8.04367546,-34.93423475,2.309999942779541,88.0,157.0,167.0
2026-01-27T22:04:05Z,Run,2026-01-27 22:07:02+00:00,-8.04369578,-34.93424575,2.3499999046325684,88.0,157.0,168.0
2026-01-27T22:04:05Z,Run,2026-01-27 22:07:03+00:00,-8.04371578,-34.93425775,2.390000104904175,88.0,158.0,169.0
2026-01-27T22:04:05Z,Run,2026-01-27 22:07:04+00:00,-8.04373544,-34.93426907,2.390000104904175,88.0,158.0,170.0
2026-01-27T22:04:05Z,Run,2026-01-27 22:07:05+00:00,-8.04375644,-34.9342834,2.4200000762939453,88.0,158.0,171.0
2026-01-27T22:04:05Z,Run,2026-01-27 22:07:06+00:00,-8.0437751,-34.93429706,2.430000066757202,88.0,158.0,172.0
2026-01-27T22:04:05Z,Run,2026-01-27 22:07:07+00:00,-8.04379677,-34.93431139,2.430000066757202,88.0,158.0,173.0
2026-01-27T22:04:05Z,Run,2026-01-27 22:07:08+00:00,-8.04381809,-34.93432539,2.430000066757202,88.0,158.0,174.0
2026-01-27T22:04:05Z,Run,2026-01-27 22:07:09+00:00,-8.04383909,-34.93433738,2.450000047683716,88.0,158.0,175.0
2026-01-27T22:04:05Z,Run,2026-01-27 22:07:10+00:00,-8.04385943,-34.93434771,2.450000047683716,88.0,158.0,176.0
2026-01-27T22:04:05Z,Run,2026-01-27 22:07:11+00:00,-8.04387842,-34.93435837,2.4700000286102295,87.0,158.0,177.0
2026-01-27T22:04:05Z,Run,2026-01-27 22:07:12+00:00,-8.04389942,-34.93436903,2.4700000286102295,88.0,158.0,178.0
2026-01-27T22:04:05Z,Run,2026-01-27 22:07:13+00:00,-8.04392007,-34.93438003,2.4800000190734863,88.0,161.0,179.0
2026-01-27T22:04:05Z,Run,2026-01-27 22:07:14+00:00,-8.04394041,-34.93439003,2.4600000381469727,88.0,161.0,180.0
2026-01-27T22:04:05Z,Run,2026-01-27 22:07:15+00:00,-8.04396073,-34.93440002,2.450000047683716,88.0,160.0,181.0
2026-01-27T22:04:05Z,Run,2026-01-27 22:07:16+00:00,-8.04398139,-34.93441002,2.450000047683716,88.0,160.0,182.0
2026-01-27T22:04:05Z,Run,2026-01-27 22:07:17+00:00,-8.04400239,-34.93441935,2.450000047683716,87.0,160.0,183.0
2026-01-27T22:04:05Z,Run,2026-01-27 22:07:18+00:00,-8.04402371,-34.93442867,2.4600000381469727,87.0,160.0,184.0
2026-01-27T22:04:05Z,Run,2026-01-27 22:07:19+00:00,-8.0440427,-34.93443667,2.5,88.0,160.0,185.0
2026-01-27T22:04:05Z,Run,2026-01-27 22:07:20+00:00,-8.04406237,-34.93444634,2.509999990463257,88.0,160.0,186.0
2026-01-27T22:04:05Z,Run,2026-01-27 22:07:21+00:00,-8.04408303,-34.934457,2.5,87.0,160.0,187.0
2026-01-27T22:04:05Z,Run,2026-01-27 22:07:22+00:00,-8.04410236,-34.93446833,2.5,87.0,160.0,188.0
2026-01-27T22:04:05Z,Run,2026-01-27 22:07:23+00:00,-8.04412135,-34.93447999,2.4700000286102295,88.0,160.0,189.0
2026-01-27T22:04:05Z,Run,2026-01-27 22:07:24+00:00,-8.04413967,-34.93449099,2.4800000190734863,88.0,160.0,190.0
2026-01-27T22:04:05Z,Run,2026-01-27 22:07:25+00:00,-8.044157,-34.93450065,2.4800000190734863,88.0,159.0,191.0
2026-01-27T22:04:05Z,Run,2026-01-27 22:07:26+00:00,-8.04417566,-34.93451165,2.450000047683716,88.0,158.0,192.0
2026-01-27T22:04:05Z,Run,2026-01-27 22:07:27+00:00,-8.04419465,-34.93452232,2.4200000762939453,88.0,157.0,193.0
2026-01-27T22:04:05Z,Run,2026-01-27 22:07:28+00:00,-8.04421465,-34.93453197,2.4200000762939453,88.0,157.0,194.0
2026-01-27T22:04:05Z,Run,2026-01-27 22:07:29+00:00,-8.04423331,-34.93454031,2.4200000762939453,88.0,156.0,195.0
2026-01-27T22:04:05Z,Run,2026-01-27 22:07:30+00:00,-8.04425331,-34.93454896,2.4200000762939453,88.0,155.0,196.0
2026-01-27T22:04:05Z,Run,2026-01-27 22:07:31+00:00,-8.04427263,-34.9345573,2.4000000953674316,88.0,155.0,197.0
2026-01-27T22:04:05Z,Run,2026-01-27 22:07:32+00:00,-8.04429196,-34.9345643,2.390000104904175,88.0,155.0,198.0
2026-01-27T22:04:05Z,Run,2026-01-27 22:07:33+00:00,-8.04431062,-34.93456862,2.369999885559082,88.0,155.0,199.0
2026-01-27T22:04:05Z,Run,2026-01-27 22:07:34+00:00,-8.04432929,-34.93456862,2.369999885559082,88.0,155.0,200.0
2026-01-27T22:04:05Z,Run,2026-01-27 22:07:35+00:00,-8.04434761,-34.93456496,2.3499999046325684,89.0,155.0,201.0
2026-01-27T22:04:05Z,Run,2026-01-27 22:07:36+00:00,-8.04436561,-34.93455963,2.3399999141693115,89.0,156.0,202.0
2026-01-27T22:04:05Z,Run,2026-01-27 22:07:37+00:00,-8.04438293,-34.93455263,2.2899999618530273,88.0,158.0,203.0
2026-01-27T22:04:05Z,Run,2026-01-27 22:07:38+00:00,-8.0443996,-34.93454497,2.25,88.0,159.0,204.0
2026-01-27T22:04:05Z,Run,2026-01-27 22:07:39+00:00,-8.04441459,-34.93453431,2.2200000286102295,88.0,158.0,205.0
2026-01-27T22:04:05Z,Run,2026-01-27 22:07:40+00:00,-8.04442791,-34.93452198,2.2200000286102295,88.0,158.0,206.0
2026-01-27T22:04:05Z,Run,2026-01-27 22:07:41+00:00,-8.04444024,-34.93450798,2.2100000381469727,88.0,157.0,207.0
2026-01-27T22:04:05Z,Run,2026-01-27 22:07:42+00:00,-8.04445124,-34.93449165,2.190000057220459,87.0,157.0,208.0
2026-01-27T22:04:05Z,Run,2026-01-27 22:07:43+00:00,-8.04446089,-34.93447265,2.180000066757202,88.0,157.0,209.0
2026-01-27T22:04:05Z,Run,2026-01-27 22:07:44+00:00,-8.04446989,-34.93445398,2.180000066757202,89.0,157.0,210.0
2026-01-27T22:04:05Z,Run,2026-01-27 22:07:45+00:00,-8.04447923,-34.93443533,2.180000066757202,88.0,157.0,211.0
2026-01-27T22:04:05Z,Run,2026-01-27 22:07:46+00:00,-8.04448888,-34.93441733,2.180000066757202,88.0,157.0,212.0
2026-01-27T22:04:05Z,Run,2026-01-27 22:07:47+00:00,-8.04449822,-34.93439667,2.2100000381469727,88.0,157.0,213.0
2026-01-27T22:04:05Z,Run,2026-01-27 22:07:48+00:00,-8.04450722,-34.93437767,2.240000009536743,88.0,157.0,214.0
2026-01-27T22:04:05Z,Run,2026-01-27 22:07:49+00:00,-8.04451687,-34.93435735,2.25,87.0,157.0,215.0
2026-01-27T22:04:05Z,Run,2026-01-27 22:07:50+00:00,-8.04452686,-34.93433936,2.25,86.0,157.0,216.0
2026-01-27T22:04:05Z,Run,2026-01-27 22:07:51+00:00,-8.04453685,-34.93432102,2.259999990463257,86.0,158.0,217.0
2026-01-27T22:04:05Z,Run,2026-01-27 22:07:52+00:00,-8.04454652,-34.9343007,2.2699999809265137,87.0,158.0,218.0
2026-01-27T22:04:05Z,Run,2026-01-27 22:07:53+00:00,-8.04455651,-34.93428038,2.2699999809265137,87.0,158.0,219.0
2026-01-27T22:04:05Z,Run,2026-01-27 22:07:54+00:00,-8.04456618,-34.93426039,2.2699999809265137,88.0,158.0,220.0
2026-01-27T22:04:05Z,Run,2026-01-27 22:07:55+00:00,-8.04457451,-34.93424172,2.2799999713897705,88.0,158.0,221.0
2026-01-27T22:04:05Z,Run,2026-01-27 22:07:56+00:00,-8.04458417,-34.93422173,2.2899999618530273,88.0,159.0,222.0
2026-01-27T22:04:05Z,Run,2026-01-27 22:07:57+00:00,-8.04459317,-34.9342034,2.2899999618530273,88.0,158.0,223.0
2026-01-27T22:04:05Z,Run,2026-01-27 22:07:58+00:00,-8.04460316,-34.93418274,2.299999952316284,88.0,157.0,224.0
2026-01-27T22:04:05Z,Run,2026-01-27 22:07:59+00:00,-8.04461149,-34.93416341,2.299999952316284,88.0,157.0,225.0
2026-01-27T22:04:05Z,Run,2026-01-27 22:08:00+00:00,-8.04461982,-34.93414407,2.299999952316284,88.0,156.0,226.0
2026-01-27T22:04:05Z,Run,2026-01-27 22:08:01+00:00,-8.04462782,-34.93412308,2.309999942779541,88.0,156.0,227.0
2026-01-27T22:04:05Z,Run,2026-01-27 22:08:02+00:00,-8.04463615,-34.93410276,2.309999942779541,88.0,158.0,228.0
2026-01-27T22:04:05Z,Run,2026-01-27 22:08:03+00:00,-8.04464414,-34.93408276,2.319999933242798,88.0,159.0,229.0
2026-01-27T22:04:05Z,Run,2026-01-27 22:08:04+00:00,-8.0446528,-34.9340641,2.319999933242798,88.0,159.0,230.0
2026-01-27T22:04:05Z,Run,2026-01-27 22:08:05+00:00,-8.04466214,-34.9340461,2.319999933242798,88.0,159.0,231.0
2026-01-27T22:04:05Z,Run,2026-01-27 22:08:06+00:00,-8.04467247,-34.93402745,2.319999933242798,88.0,159.0,232.0
2026-01-27T22:04:05Z,Run,2026-01-27 22:08:07+00:00,-8.04468213,-34.93400778,2.319999933242798,88.0,159.0,233.0
2026-01-27T22:04:05Z,Run,2026-01-27 22:08:08+00:00,-8.04469246,-34.93398878,2.319999933242798,88.0,160.0,234.0
2026-01-27T22:04:05Z,Run,2026-01-27 22:08:09+00:00,-8.04470312,-34.93397079,2.319999933242798,89.0,160.0,235.0
2026-01-27T22:04:05Z,Run,2026-01-27 22:08:10+00:00,-8.04471378,-34.93395212,2.319999933242798,88.0,161.0,236.0
2026-01-27T22:04:05Z,Run,2026-01-27 22:08:11+00:00,-8.04472477,-34.93393312,2.319999933242798,88.0,161.0,237.0
2026-01-27T22:04:05Z,Run,2026-01-27 22:08:12+00:00,-8.04473477,-34.9339158,2.3299999237060547,88.0,160.0,238.0
2026-01-27T22:04:05Z,Run,2026-01-27 22:08:13+00:00,-8.0447431,-34.93389881,2.3299999237060547,88.0,160.0,239.0
2026-01-27T22:04:05Z,Run,2026-01-27 22:08:14+00:00,-8.04475043,-34.93388149,2.3299999237060547,88.0,160.0,240.0
2026-01-27T22:04:05Z,Run,2026-01-27 22:08:15+00:00,-8.04475743,-34.93386249,2.3299999237060547,88.0,161.0,241.0
2026-01-27T22:04:05Z,Run,2026-01-27 22:08:16+00:00,-8.04476475,-34.93384349,2.3299999237060547,88.0,161.0,242.0
2026-01-27T22:04:05Z,Run,2026-01-27 22:08:17+00:00,-8.04477275,-34.93382382,2.3299999237060547,88.0,161.0,243.0
2026-01-27T22:04:05Z,Run,2026-01-27 22:08:18+00:00,-8.04478008,-34.9338075,2.319999933242798,88.0,161.0,244.0
2026-01-27T22:04:05Z,Run,2026-01-27 22:08:19+00:00,-8.0447894,-34.93379051,2.319999933242798,88.0,162.0,245.0
2026-01-27T22:04:05Z,Run,2026-01-27 22:08:20+00:00,-8.0447984,-34.93377352,2.319999933242798,88.0,162.0,246.0
2026-01-27T22:04:05Z,Run,2026-01-27 22:08:21+00:00,-8.04481471,-34.93373753,2.309999942779541,88.0,162.0,247.0
2026-01-27T22:04:05Z,Run,2026-01-27 22:08:22+00:00,-8.04482138,-34.93371853,2.309999942779541,88.0,162.0,248.0
2026-01-27T22:04:05Z,Run,2026-01-27 22:08:23+00:00,-8.0448287,-34.93369886,2.299999952316284,89.0,162.0,249.0
2026-01-27T22:04:05Z,Run,2026-01-27 22:08:24+00:00,-8.04483736,-34.93367986,2.299999952316284,89.0,163.0,250.0
2026-01-27T22:04:05Z,Run,2026-01-27 22:08:25+00:00,-8.04484636,-34.93366053,2.299999952316284,88.0,163.0,251.0
2026-01-27T22:04:05Z,Run,2026-01-27 22:08:26+00:00,-8.04485536,-34.93364154,2.2899999618530273,88.0,164.0,252.0
2026-01-27T22:04:05Z,Run,2026-01-27 22:08:27+00:00,-8.04486503,-34.9336222,2.2899999618530273,88.0,165.0,253.0
2026-01-27T22:04:05Z,Run,2026-01-27 22:08:28+00:00,-8.04487602,-34.9336002,2.2899999618530273,88.0,165.0,254.0
2026-01-27T22:04:05Z,Run,2026-01-27 22:08:29+00:00,-8.04488668,-34.93357854,2.2899999618530273,88.0,165.0,255.0
2026-01-27T22:04:05Z,Run,2026-01-27 22:08:30+00:00,-8.04489667,-34.93355688,2.2899999618530273,88.0,165.0,256.0
2026-01-27T22:04:05Z,Run,2026-01-27 22:08:31+00:00,-8.044907,-34.93353621,2.2899999618530273,89.0,165.0,257.0
2026-01-27T22:04:05Z,Run,2026-01-27 22:08:32+00:00,-8.04491665,-34.93351656,2.299999952316284,89.0,165.0,258.0
2026-01-27T22:04:05Z,Run,2026-01-27 22:08:33+00:00,-8.04492664,-34.93349657,2.299999952316284,88.0,166.0,259.0
2026-01-27T22:04:05Z,Run,2026-01-27 22:08:34+00:00,-8.04493431,-34.93347658,2.299999952316284,88.0,166.0,260.0
2026-01-27T22:04:05Z,Run,2026-01-27 22:08:35+00:00,-8.04493998,-34.93345491,2.309999942779541,89.0,166.0,261.0
2026-01-27T22:04:05Z,Run,2026-01-27 22:08:36+00:00,-8.0449443,-34.93343325,2.319999933242798,88.0,167.0,262.0
2026-01-27T22:04:05Z,Run,2026-01-27 22:08:37+00:00,-8.04494963,-34.93341292,2.319999933242798,88.0,168.0,263.0
2026-01-27T22:04:05Z,Run,2026-01-27 22:08:38+00:00,-8.0449553,-34.93339193,2.319999933242798,88.0,168.0,264.0
2026-01-27T22:04:05Z,Run,2026-01-27 22:08:39+00:00,-8.04496297,-34.9333726,2.3299999237060547,88.0,167.0,265.0
2026-01-27T22:04:05Z,Run,2026-01-27 22:08:40+00:00,-8.04497062,-34.93335393,2.3299999237060547,88.0,167.0,266.0
2026-01-27T22:04:05Z,Run,2026-01-27 22:08:41+00:00,-8.04497996,-34.93333327,2.3299999237060547,88.0,167.0,267.0
2026-01-27T22:04:05Z,Run,2026-01-27 22:08:42+00:00,-8.04498795,-34.93331262,2.3299999237060547,88.0,167.0,268.0
2026-01-27T22:04:05Z,Run,2026-01-27 22:08:43+00:00,-8.04499461,-34.93329295,2.3299999237060547,88.0,166.0,269.0
2026-01-27T22:04:05Z,Run,2026-01-27 22:08:44+00:00,-8.04500028,-34.93327263,2.3299999237060547,89.0,165.0,270.0
2026-01-27T22:04:05Z,Run,2026-01-27 22:08:45+00:00,-8.0450046,-34.93325129,2.3299999237060547,88.0,164.0,271.0
2026-01-27T22:04:05Z,Run,2026-01-27 22:08:46+00:00,-8.04500959,-34.93322963,2.3299999237060547,88.0,163.0,272.0
2026-01-27T22:04:05Z,Run,2026-01-27 22:08:47+00:00,-8.04501693,-34.93321097,2.3299999237060547,88.0,163.0,273.0
2026-01-27T22:04:05Z,Run,2026-01-27 22:08:48+00:00,-8.04502625,-34.93319464,2.3299999237060547,89.0,162.0,274.0
2026-01-27T22:04:05Z,Run,2026-01-27 22:08:49+00:00,-8.04503725,-34.93317731,2.3299999237060547,88.0,162.0,275.0
2026-01-27T22:04:05Z,Run,2026-01-27 22:08:50+00:00,-8.04505224,-34.93315931,2.3299999237060547,89.0,163.0,276.0
2026-01-27T22:04:05Z,Run,2026-01-27 22:08:51+00:00,-8.0450709,-34.93314666,2.3299999237060547,88.0,165.0,277.0
2026-01-27T22:04:05Z,Run,2026-01-27 22:08:52+00:00,-8.0450869,-34.93313399,2.3299999237060547,89.0,166.0,278.0
2026-01-27T22:04:05Z,Run,2026-01-27 22:08:53+00:00,-8.04510223,-34.933121,2.3299999237060547,89.0,166.0,279.0
2026-01-27T22:04:05Z,Run,2026-01-27 22:08:54+00:00,-8.04511789,-34.933106,2.3299999237060547,89.0,167.0,280.0
2026-01-27T22:04:05Z,Run,2026-01-27 22:08:55+00:00,-8.04513322,-34.93309301,2.3399999141693115,89.0,167.0,281.0
2026-01-27T22:04:05Z,Run,2026-01-27 22:08:56+00:00,-8.04514821,-34.93307801,2.3399999141693115,88.0,167.0,282.0
2026-01-27T22:04:05Z,Run,2026-01-27 22:08:57+00:00,-8.04515954,-34.93306135,2.3399999141693115,88.0,167.0,283.0
2026-01-27T22:04:05Z,Run,2026-01-27 22:08:58+00:00,-8.04517087,-34.93304035,2.3399999141693115,89.0,167.0,284.0
2026-01-27T22:04:05Z,Run,2026-01-27 22:08:59+00:00,-8.04517853,-34.9330197,2.3399999141693115,89.0,167.0,285.0
2026-01-27T22:04:05Z,Run,2026-01-27 22:09:00+00:00,-8.04518619,-34.93299736,2.3399999141693115,89.0,167.0,286.0
2026-01-27T22:04:05Z,Run,2026-01-27 22:09:01+00:00,-8.04519552,-34.93297437,2.3399999141693115,89.0,168.0,287.0
2026-01-27T22:04:05Z,Run,2026-01-27 22:09:02+00:00,-8.04520751,-34.93295304,2.3399999141693115,88.0,168.0,288.0
2026-01-27T22:04:05Z,Run,2026-01-27 22:09:03+00:00,-8.04521885,-34.93293104,2.3399999141693115,88.0,168.0,289.0
2026-01-27T22:04:05Z,Run,2026-01-27 22:09:04+00:00,-8.04523117,-34.93291171,2.3399999141693115,88.0,168.0,290.0
2026-01-27T22:04:05Z,Run,2026-01-27 22:09:05+00:00,-8.04524484,-34.93289338,2.3499999046325684,88.0,168.0,291.0
2026-01-27T22:04:05Z,Run,2026-01-27 22:09:06+00:00,-8.04525849,-34.93287639,2.3499999046325684,88.0,168.0,292.0
2026-01-27T22:04:05Z,Run,2026-01-27 22:09:07+00:00,-8.04527216,-34.93285607,2.3499999046325684,88.0,169.0,293.0
2026-01-27T22:04:05Z,Run,2026-01-27 22:09:08+00:00,-8.04528515,-34.9328334,2.359999895095825,89.0,169.0,294.0
2026-01-27T22:04:05Z,Run,2026-01-27 22:09:09+00:00,-8.04529615,-34.93280975,2.359999895095825,88.0,169.0,295.0
2026-01-27T22:04:05Z,Run,2026-01-27 22:09:10+00:00,-8.04530714,-34.93278808,2.380000114440918,88.0,168.0,296.0
2026-01-27T22:04:05Z,Run,2026-01-27 22:09:11+00:00,-8.04531747,-34.93276841,2.380000114440918,88.0,169.0,297.0
2026-01-27T22:04:05Z,Run,2026-01-27 22:09:12+00:00,-8.04532847,-34.93274842,2.380000114440918,88.0,169.0,298.0
2026-01-27T22:04:05Z,Run,2026-01-27 22:09:13+00:00,-8.04534114,-34.93272843,2.390000104904175,88.0,169.0,299.0
2026-01-27T22:04:05Z,Run,2026-01-27 22:09:14+00:00,-8.0453548,-34.93270844,2.390000104904175,88.0,170.0,300.0
2026-01-27T22:04:05Z,Run,2026-01-27 22:09:15+00:00,-8.04536979,-34.93269012,2.390000104904175,88.0,170.0,301.0
2026-01-27T22:04:05Z,Run,2026-01-27 22:09:16+00:00,-8.04538678,-34.93267445,2.4000000953674316,88.0,170.0,302.0
2026-01-27T22:04:05Z,Run,2026-01-27 22:09:17+00:00,-8.04540744,-34.93266179,2.4000000953674316,88.0,170.0,303.0
2026-01-27T22:04:05Z,Run,2026-01-27 22:09:18+00:00,-8.04542943,-34.93265446,2.4000000953674316,88.0,170.0,304.0
2026-01-27T22:04:05Z,Run,2026-01-27 22:09:19+00:00,-8.04545577,-34.93265213,2.4100000858306885,88.0,170.0,305.0
2026-01-27T22:04:05Z,Run,2026-01-27 22:09:20+00:00,-8.04548176,-34.93265114,2.4100000858306885,88.0,171.0,306.0
2026-01-27T22:04:05Z,Run,2026-01-27 22:09:21+00:00,-8.04550842,-34.9326528,2.4200000762939453,88.0,171.0,307.0
2026-01-27T22:04:05Z,Run,2026-01-27 22:09:22+00:00,-8.04553408,-34.9326548,2.4200000762939453,89.0,172.0,308.0
2026-01-27T22:04:05Z,Run,2026-01-27 22:09:23+00:00,-8.0455594,-34.93266013,2.430000066757202,88.0,172.0,309.0
2026-01-27T22:04:05Z,Run,2026-01-27 22:09:24+00:00,-8.04558206,-34.93266712,2.430000066757202,88.0,172.0,310.0
2026-01-27T22:04:05Z,Run,2026-01-27 22:09:25+00:00,-8.04560439,-34.93267578,2.430000066757202,88.0,172.0,311.0
2026-01-27T22:04:05Z,Run,2026-01-27 22:09:26+00:00,-8.04562806,-34.93268644,2.440000057220459,88.0,171.0,312.0
2026-01-27T22:04:05Z,Run,2026-01-27 22:09:27+00:00,-8.04565005,-34.93269543,2.450000047683716,88.0,171.0,313.0
2026-01-27T22:04:05Z,Run,2026-01-27 22:09:28+00:00,-8.04567337,-34.93270477,2.450000047683716,89.0,172.0,314.0
2026-01-27T22:04:05Z,Run,2026-01-27 22:09:29+00:00,-8.04569671,-34.93271409,2.4600000381469727,89.0,172.0,315.0
2026-01-27T22:04:05Z,Run,2026-01-27 22:09:30+00:00,-8.04572136,-34.93272275,2.4600000381469727,89.0,172.0,316.0
2026-01-27T22:04:05Z,Run,2026-01-27 22:09:31+00:00,-8.04575036,-34.93273241,2.4600000381469727,89.0,172.0,317.0
2026-01-27T22:04:05Z,Run,2026-01-27 22:09:32+00:00,-8.04578203,-34.9327424,2.4600000381469727,89.0,171.0,318.0
2026-01-27T22:04:05Z,Run,2026-01-27 22:09:33+00:00,-8.04581135,-34.9327494,2.4700000286102295,89.0,171.0,319.0
2026-01-27T22:04:05Z,Run,2026-01-27 22:09:34+00:00,-8.04583969,-34.93275539,2.4800000190734863,89.0,171.0,320.0
2026-01-27T22:04:05Z,Run,2026-01-27 22:09:35+00:00,-8.04586869,-34.93276172,2.4800000190734863,88.0,171.0,321.0
2026-01-27T22:04:05Z,Run,2026-01-27 22:09:36+00:00,-8.04589534,-34.93276737,2.4800000190734863,88.0,171.0,322.0
2026-01-27T22:04:05Z,Run,2026-01-27 22:09:37+00:00,-8.045921,-34.93277336,2.5,89.0,171.0,323.0
2026-01-27T22:04:05Z,Run,2026-01-27 22:09:38+00:00,-8.04594567,-34.93278036,2.509999990463257,89.0,170.0,324.0
2026-01-27T22:04:05Z,Run,2026-01-27 22:09:39+00:00,-8.04597099,-34.93278702,2.509999990463257,89.0,170.0,325.0
2026-01-27T22:04:05Z,Run,2026-01-27 22:09:40+00:00,-8.04599566,-34.93279535,2.5299999713897705,89.0,170.0,326.0
2026-01-27T22:04:05Z,Run,2026-01-27 22:09:41+00:00,-8.04601898,-34.93280535,2.5299999713897705,90.0,171.0,327.0
2026-01-27T22:04:05Z,Run,2026-01-27 22:09:42+00:00,-8.0460393,-34.93281468,2.5299999713897705,90.0,171.0,328.0
2026-01-27T22:04:05Z,Run,2026-01-27 22:09:43+00:00,-8.04605829,-34.932824,2.5399999618530273,90.0,171.0,329.0
2026-01-27T22:04:05Z,Run,2026-01-27 22:09:44+00:00,-8.04607829,-34.93283367,2.549999952316284,89.0,171.0,330.0
2026-01-27T22:04:05Z,Run,2026-01-27 22:09:45+00:00,-8.04609695,-34.93284266,2.549999952316284,89.0,172.0,331.0
2026-01-27T22:04:05Z,Run,2026-01-27 22:09:46+00:00,-8.04611628,-34.93285231,2.549999952316284,89.0,172.0,332.0
2026-01-27T22:04:05Z,Run,2026-01-27 22:09:47+00:00,-8.04613661,-34.93286164,2.549999952316284,89.0,172.0,333.0
2026-01-27T22:04:05Z,Run,2026-01-27 22:09:48+00:00,-8.04615727,-34.93287064,2.549999952316284,89.0,172.0,334.0
2026-01-27T22:04:05Z,Run,2026-01-27 22:09:49+00:00,-8.04617961,-34.93287796,2.549999952316284,89.0,172.0,335.0
2026-01-27T22:04:05Z,Run,2026-01-27 22:09:50+00:00,-8.0462026,-34.93288496,2.549999952316284,90.0,172.0,336.0
2026-01-27T22:04:05Z,Run,2026-01-27 22:09:51+00:00,-8.04622393,-34.93289228,2.549999952316284,90.0,173.0,337.0
2026-01-27T22:04:05Z,Run,2026-01-27 22:09:52+00:00,-8.04624559,-34.93290094,2.549999952316284,90.0,172.0,338.0
2026-01-27T22:04:05Z,Run,2026-01-27 22:09:53+00:00,-8.04626825,-34.93290927,2.549999952316284,90.0,171.0,339.0
2026-01-27T22:04:05Z,Run,2026-01-27 22:09:54+00:00,-8.04629159,-34.93291461,2.549999952316284,90.0,171.0,340.0
2026-01-27T22:04:05Z,Run,2026-01-27 22:09:55+00:00,-8.04631558,-34.93291726,2.549999952316284,90.0,169.0,341.0
2026-01-27T22:04:05Z,Run,2026-01-27 22:09:56+00:00,-8.0463389,-34.93291726,2.549999952316284,89.0,169.0,342.0
2026-01-27T22:04:05Z,Run,2026-01-27 22:09:57+00:00,-8.04636357,-34.93291361,2.549999952316284,89.0,169.0,343.0
2026-01-27T22:04:05Z,Run,2026-01-27 22:09:58+00:00,-8.04638822,-34.93291028,2.549999952316284,89.0,169.0,344.0
2026-01-27T22:04:05Z,Run,2026-01-27 22:09:59+00:00,-8.04641222,-34.93290895,2.559999942779541,89.0,169.0,345.0
2026-01-27T22:04:05Z,Run,2026-01-27 22:10:00+00:00,-8.04643588,-34.93290829,2.559999942779541,89.0,169.0,346.0
2026-01-27T22:04:05Z,Run,2026-01-27 22:10:01+00:00,-8.04645955,-34.93290797,2.569999933242798,89.0,169.0,347.0
2026-01-27T22:04:05Z,Run,2026-01-27 22:10:02+00:00,-8.0464832,-34.93290964,2.569999933242798,89.0,169.0,348.0
2026-01-27T22:04:05Z,Run,2026-01-27 22:10:03+00:00,-8.0465062,-34.93291229,2.569999933242798,88.0,169.0,349.0
2026-01-27T22:04:05Z,Run,2026-01-27 22:10:04+00:00,-8.0465292,-34.93291328,2.569999933242798,88.0,169.0,350.0
2026-01-27T22:04:05Z,Run,2026-01-27 22:10:05+00:00,-8.04655119,-34.93291263,2.569999933242798,88.0,169.0,351.0
2026-01-27T22:04:05Z,Run,2026-01-27 22:10:06+00:00,-8.04657252,-34.93290964,2.569999933242798,88.0,169.0,352.0
2026-01-27T22:04:05Z,Run,2026-01-27 22:10:07+00:00,-8.04659185,-34.9329053,2.569999933242798,88.0,169.0,353.0
2026-01-27T22:04:05Z,Run,2026-01-27 22:10:08+00:00,-8.04661351,-34.93289898,2.5799999237060547,87.0,167.0,354.0
2026-01-27T22:04:05Z,Run,2026-01-27 22:10:09+00:00,-8.04663517,-34.93289231,2.5799999237060547,88.0,167.0,355.0
2026-01-27T22:04:05Z,Run,2026-01-27 22:10:10+00:00,-8.04665583,-34.93288599,2.5799999237060547,88.0,168.0,356.0
2026-01-27T22:04:05Z,Run,2026-01-27 22:10:11+00:00,-8.04667849,-34.93287832,2.569999933242798,88.0,169.0,357.0
2026-01-27T22:04:05Z,Run,2026-01-27 22:10:12+00:00,-8.04669848,-34.93286933,2.569999933242798,88.0,169.0,358.0
2026-01-27T22:04:05Z,Run,2026-01-27 22:10:13+00:00,-8.04671348,-34.93285768,2.569999933242798,88.0,169.0,359.0
2026-01-27T22:04:05Z,Run,2026-01-27 22:10:14+00:00,-8.04672447,-34.93284401,2.569999933242798,88.0,167.0,360.0
2026-01-27T22:04:05Z,Run,2026-01-27 22:10:15+00:00,-8.04672879,-34.93283001,2.569999933242798,89.0,167.0,361.0
2026-01-27T22:04:05Z,Run,2026-01-27 22:10:16+00:00,-8.04672912,-34.93281334,2.569999933242798,89.0,167.0,362.0
2026-01-27T22:04:05Z,Run,2026-01-27 22:10:17+00:00,-8.04672647,-34.93279502,2.559999942779541,88.0,166.0,363.0
2026-01-27T22:04:05Z,Run,2026-01-27 22:10:18+00:00,-8.04672213,-34.93277602,2.559999942779541,88.0,166.0,364.0
2026-01-27T22:04:05Z,Run,2026-01-27 22:10:19+00:00,-8.04671481,-34.93275635,2.549999952316284,88.0,166.0,365.0
2026-01-27T22:04:05Z,Run,2026-01-27 22:10:20+00:00,-8.04670648,-34.93273702,2.549999952316284,88.0,166.0,366.0
2026-01-27T22:04:05Z,Run,2026-01-27 22:10:21+00:00,-8.04669981,-34.93271703,2.5399999618530273,88.0,168.0,367.0
2026-01-27T22:04:05Z,Run,2026-01-27 22:10:22+00:00,-8.04669482,-34.93269704,2.5299999713897705,88.0,168.0,368.0
2026-01-27T22:04:05Z,Run,2026-01-27 22:10:23+00:00,-8.04669216,-34.93267571,2.5199999809265137,88.0,168.0,369.0
2026-01-27T22:04:05Z,Run,2026-01-27 22:10:24+00:00,-8.04668916,-34.93265438,2.5199999809265137,88.0,168.0,370.0
2026-01-27T22:04:05Z,Run,2026-01-27 22:10:25+00:00,-8.04668716,-34.93263272,2.509999990463257,88.0,169.0,371.0
2026-01-27T22:04:05Z,Run,2026-01-27 22:10:26+00:00,-8.04668584,-34.93261006,2.509999990463257,88.0,169.0,372.0
2026-01-27T22:04:05Z,Run,2026-01-27 22:10:27+00:00,-8.04668218,-34.93258839,2.509999990463257,88.0,170.0,373.0
2026-01-27T22:04:05Z,Run,2026-01-27 22:10:28+00:00,-8.04667853,-34.9325664,2.5,88.0,171.0,374.0
2026-01-27T22:04:05Z,Run,2026-01-27 22:10:29+00:00,-8.04667687,-34.93254474,2.5,88.0,171.0,375.0
2026-01-27T22:04:05Z,Run,2026-01-27 22:10:30+00:00,-8.04667487,-34.93252507,2.5,88.0,171.0,376.0
2026-01-27T22:04:05Z,Run,2026-01-27 22:10:31+00:00,-8.04667054,-34.93250407,2.5,88.0,171.0,377.0
2026-01-27T22:04:05Z,Run,2026-01-27 22:10:32+00:00,-8.04666321,-34.9324844,2.5,88.0,170.0,378.0
2026-01-27T22:04:05Z,Run,2026-01-27 22:10:33+00:00,-8.04665456,-34.93246408,2.5,89.0,170.0,379.0
2026-01-27T22:04:05Z,Run,2026-01-27 22:10:34+00:00,-8.04664189,-34.93244409,2.5,89.0,169.0,380.0
2026-01-27T22:04:05Z,Run,2026-01-27 22:10:35+00:00,-8.0466299,-34.93242543,2.490000009536743,89.0,168.0,381.0
2026-01-27T22:04:05Z,Run,2026-01-27 22:10:36+00:00,-8.04661757,-34.93240477,2.490000009536743,88.0,167.0,382.0
2026-01-27T22:04:05Z,Run,2026-01-27 22:10:37+00:00,-8.04660623,-34.9323851,2.490000009536743,88.0,167.0,383.0
2026-01-27T22:04:05Z,Run,2026-01-27 22:10:38+00:00,-8.0465959,-34.93236511,2.490000009536743,88.0,166.0,384.0
2026-01-27T22:04:05Z,Run,2026-01-27 22:10:39+00:00,-8.04658624,-34.93234512,2.490000009536743,88.0,165.0,385.0
2026-01-27T22:04:05Z,Run,2026-01-27 22:10:40+00:00,-8.04657659,-34.93232412,2.490000009536743,89.0,165.0,386.0
2026-01-27T22:04:05Z,Run,2026-01-27 22:10:41+00:00,-8.04656725,-34.93230446,2.490000009536743,88.0,164.0,387.0
2026-01-27T22:04:05Z,Run,2026-01-27 22:10:42+00:00,-8.0465576,-34.93228213,2.490000009536743,89.0,164.0,388.0
2026-01-27T22:04:05Z,Run,2026-01-27 22:10:43+00:00,-8.04654793,-34.93225913,2.490000009536743,89.0,164.0,389.0
2026-01-27T22:04:05Z,Run,2026-01-27 22:10:44+00:00,-8.0465376,-34.93223747,2.490000009536743,88.0,164.0,390.0
2026-01-27T22:04:05Z,Run,2026-01-27 22:10:45+00:00,-8.04652627,-34.93221847,2.490000009536743,88.0,165.0,391.0
2026-01-27T22:04:05Z,Run,2026-01-27 22:10:46+00:00,-8.04651327,-34.93220014,2.5,88.0,164.0,392.0
2026-01-27T22:04:05Z,Run,2026-01-27 22:10:47+00:00,-8.04649828,-34.93218115,2.5,88.0,164.0,393.0
2026-01-27T22:04:05Z,Run,2026-01-27 22:10:48+00:00,-8.04648262,-34.93216248,2.5,89.0,164.0,394.0
2026-01-27T22:04:05Z,Run,2026-01-27 22:10:49+00:00,-8.04646628,-34.93214348,2.5,89.0,164.0,395.0
2026-01-27T22:04:05Z,Run,2026-01-27 22:10:50+00:00,-8.04645095,-34.93212449,2.5,89.0,164.0,396.0
2026-01-27T22:04:05Z,Run,2026-01-27 22:10:51+00:00,-8.04643529,-34.93210583,2.5,89.0,164.0,397.0
2026-01-27T22:04:05Z,Run,2026-01-27 22:10:52+00:00,-8.04641996,-34.93208749,2.509999990463257,89.0,165.0,398.0
2026-01-27T22:04:05Z,Run,2026-01-27 22:10:53+00:00,-8.04640397,-34.9320685,2.509999990463257,89.0,165.0,399.0
2026-01-27T22:04:05Z,Run,2026-01-27 22:10:54+00:00,-8.04638797,-34.9320505,2.5199999809265137,89.0,165.0,400.0
2026-01-27T22:04:05Z,Run,2026-01-27 22:10:55+00:00,-8.04637098,-34.93203318,2.5199999809265137,89.0,165.0,401.0
2026-01-27T22:04:05Z,Run,2026-01-27 22:10:56+00:00,-8.04635431,-34.93201685,2.5299999713897705,89.0,166.0,402.0
2026-01-27T22:04:05Z,Run,2026-01-27 22:10:57+00:00,-8.04633732,-34.93200051,2.5299999713897705,88.0,167.0,403.0
2026-01-27T22:04:05Z,Run,2026-01-27 22:10:58+00:00,-8.04632066,-34.93198586,2.5299999713897705,88.0,167.0,404.0
2026-01-27T22:04:05Z,Run,2026-01-27 22:10:59+00:00,-8.04630466,-34.93197186,2.5399999618530273,86.0,167.0,405.0
2026-01-27T22:04:05Z,Run,2026-01-27 22:11:00+00:00,-8.04628933,-34.93195853,2.549999952316284,86.0,167.0,406.0
2026-01-27T22:04:05Z,Run,2026-01-27 22:11:01+00:00,-8.04627468,-34.93194453,2.549999952316284,86.0,167.0,407.0
2026-01-27T22:04:05Z,Run,2026-01-27 22:12:34+00:00,-8.04526835,-34.93139287,2.5899999141693115,86.0,144.0,500.0
2026-01-27T22:04:05Z,Run,2026-01-27 22:12:35+00:00,-8.04526435,-34.93139021,2.5899999141693115,86.0,143.0,501.0
2026-01-27T22:04:05Z,Run,2026-01-27 22:12:36+00:00,-8.04524669,-34.93137521,0.0,,144.0,502.0
2026-01-27T22:04:05Z,Run,2026-01-27 22:12:37+00:00,-8.04523536,-34.93136389,0.0,,144.0,503.0
2026-01-27T22:04:05Z,Run,2026-01-27 22:12:38+00:00,-8.04522303,-34.9313509,0.0,,144.0,504.0
2026-01-27T22:04:05Z,Run,2026-01-27 22:12:39+00:00,-8.04521104,-34.9313379,0.0,,145.0,505.0
2026-01-27T22:04:05Z,Run,2026-01-27 22:12:40+00:00,-8.04519804,-34.93132423,0.0,,144.0,506.0
2026-01-27T22:04:05Z,Run,2026-01-27 22:12:41+00:00,-8.04518238,-34.93131023,0.0,,144.0,507.0
2026-01-27T22:04:05Z,Run,2026-01-27 22:12:42+00:00,-8.04515872,-34.93129457,0.0,,144.0,508.0
2026-01-27T22:04:05Z,Run,2026-01-27 22:12:43+00:00,-8.04513339,-34.93127857,0.0,,144.0,509.0
2026-01-27T22:04:05Z,Run,2026-01-27 22:12:44+00:00,-8.04511039,-34.93126324,0.9800000190734863,88.0,144.0,510.0
2026-01-27T22:04:05Z,Run,2026-01-27 22:12:45+00:00,-8.04508874,-34.93124758,2.0,87.0,145.0,511.0
2026-01-27T22:04:05Z,Run,2026-01-27 22:12:46+00:00,-8.04506808,-34.93123192,2.1500000953674316,85.0,144.0,512.0
2026-01-27T22:04:05Z,Run,2026-01-27 22:12:47+00:00,-8.04504941,-34.93121459,2.359999895095825,83.0,144.0,513.0
2026-01-27T22:04:05Z,Run,2026-01-27 22:12:48+00:00,-8.04503476,-34.93119427,2.5299999713897705,83.0,145.0,514.0
2026-01-27T22:04:05Z,Run,2026-01-27 22:12:49+00:00,-8.04502443,-34.93117095,2.5299999713897705,83.0,145.0,515.0
2026-01-27T22:04:05Z,Run,2026-01-27 22:12:50+00:00,-8.04501877,-34.93114795,2.5899999141693115,84.0,145.0,516.0
2026-01-27T22:04:05Z,Run,2026-01-27 22:12:51+00:00,-8.04501744,-34.93112496,2.5899999141693115,87.0,146.0,517.0
2026-01-27T22:04:05Z,Run,2026-01-27 22:12:52+00:00,-8.04501944,-34.93110063,2.5899999141693115,88.0,145.0,518.0
2026-01-27T22:04:05Z,Run,2026-01-27 22:12:53+00:00,-8.04502878,-34.93107897,2.5799999237060547,87.0,145.0,519.0
2026-01-27T22:04:05Z,Run,2026-01-27 22:12:54+00:00,-8.0450401,-34.93105663,2.569999933242798,85.0,145.0,520.0
2026-01-27T22:04:05Z,Run,2026-01-27 22:12:55+00:00,-8.04505209,-34.93103564,2.569999933242798,85.0,145.0,521.0
2026-01-27T22:04:05Z,Run,2026-01-27 22:12:56+00:00,-8.04506609,-34.93101731,2.569999933242798,85.0,145.0,522.0
2026-01-27T22:04:05Z,Run,2026-01-27 22:12:57+00:00,-8.04508475,-34.93100398,2.569999933242798,82.0,145.0,523.0
2026-01-27T22:04:05Z,Run,2026-01-27 22:12:58+00:00,-8.04510575,-34.93099465,2.549999952316284,81.0,145.0,524.0
2026-01-27T22:04:05Z,Run,2026-01-27 22:12:59+00:00,-8.04512841,-34.930991,2.549999952316284,81.0,145.0,525.0
2026-01-27T22:04:05Z,Run,2026-01-27 22:13:00+00:00,-8.0451514,-34.93099165,2.549999952316284,81.0,145.0,526.0
2026-01-27T22:04:05Z,Run,2026-01-27 22:13:01+00:00,-8.0451744,-34.93099531,2.549999952316284,81.0,145.0,527.0
2026-01-27T22:04:05Z,Run,2026-01-27 22:13:02+00:00,-8.0451974,-34.93100098,2.549999952316284,81.0,145.0,528.0
2026-01-27T22:04:05Z,Run,2026-01-27 22:13:03+00:00,-8.04522173,-34.93100764,2.549999952316284,81.0,147.0,529.0
2026-01-27T22:04:05Z,Run,2026-01-27 22:13:04+00:00,-8.04524806,-34.93101297,2.549999952316284,81.0,147.0,530.0
2026-01-27T22:04:05Z,Run,2026-01-27 22:13:05+00:00,-8.04527272,-34.93101697,2.569999933242798,88.0,148.0,531.0
2026-01-27T22:04:05Z,Run,2026-01-27 22:13:06+00:00,-8.04529738,-34.93101996,2.609999895095825,88.0,148.0,532.0
2026-01-27T22:04:05Z,Run,2026-01-27 22:13:07+00:00,-8.04532237,-34.93102295,2.630000114440918,88.0,148.0,533.0
2026-01-27T22:04:05Z,Run,2026-01-27 22:13:08+00:00,-8.04534704,-34.93102728,2.630000114440918,88.0,148.0,534.0
2026-01-27T22:04:05Z,Run,2026-01-27 22:13:09+00:00,-8.04537171,-34.9310336,2.6500000953674316,88.0,151.0,535.0
2026-01-27T22:04:05Z,Run,2026-01-27 22:13:10+00:00,-8.0453957,-34.93104093,2.680000066757202,89.0,151.0,536.0
2026-01-27T22:04:05Z,Run,2026-01-27 22:13:11+00:00,-8.04542003,-34.93104859,2.700000047683716,88.0,151.0,537.0
2026-01-27T22:04:05Z,Run,2026-01-27 22:13:12+00:00,-8.04544436,-34.93105693,2.700000047683716,88.0,152.0,538.0
2026-01-27T22:04:05Z,Run,2026-01-27 22:13:13+00:00,-8.04546869,-34.93106592,2.700000047683716,88.0,153.0,539.0
2026-01-27T22:04:05Z,Run,2026-01-27 22:13:14+00:00,-8.04549135,-34.93107492,2.700000047683716,88.0,153.0,540.0
2026-01-27T22:04:05Z,Run,2026-01-27 22:13:15+00:00,-8.04551334,-34.93108457,2.700000047683716,88.0,153.0,541.0
2026-01-27T22:04:05Z,Run,2026-01-27 22:13:16+00:00,-8.04553467,-34.93109591,2.700000047683716,88.0,153.0,542.0
2026-01-27T22:04:05Z,Run,2026-01-27 22:13:17+00:00,-8.04555599,-34.9311079,2.700000047683716,88.0,153.0,543.0
2026-01-27T22:04:05Z,Run,2026-01-27 22:13:18+00:00,-8.04557865,-34.93111723,2.690000057220459,88.0,152.0,544.0
2026-01-27T22:04:05Z,Run,2026-01-27 22:13:19+00:00,-8.04560131,-34.93112622,2.680000066757202,88.0,151.0,545.0
2026-01-27T22:04:05Z,Run,2026-01-27 22:13:20+00:00,-8.04562497,-34.93113654,2.680000066757202,88.0,151.0,546.0
2026-01-27T22:04:05Z,Run,2026-01-27 22:13:21+00:00,-8.04565097,-34.93114788,2.680000066757202,88.0,150.0,547.0
2026-01-27T22:04:05Z,Run,2026-01-27 22:13:22+00:00,-8.04567597,-34.93116088,2.680000066757202,89.0,150.0,548.0
2026-01-27T22:04:05Z,Run,2026-01-27 22:13:23+00:00,-8.04569897,-34.93117721,2.680000066757202,88.0,150.0,549.0
2026-01-27T22:04:05Z,Run,2026-01-27 22:13:24+00:00,-8.04572163,-34.9311922,2.680000066757202,88.0,150.0,550.0
2026-01-27T22:04:05Z,Run,2026-01-27 22:13:25+00:00,-8.04574395,-34.93120553,2.690000057220459,88.0,150.0,551.0
2026-01-27T22:04:05Z,Run,2026-01-27 22:13:26+00:00,-8.04576895,-34.93121719,2.690000057220459,88.0,150.0,552.0
2026-01-27T22:04:05Z,Run,2026-01-27 22:13:27+00:00,-8.04579362,-34.93122786,2.700000047683716,87.0,150.0,553.0
2026-01-27T22:04:05Z,Run,2026-01-27 22:13:28+00:00,-8.04581761,-34.93123819,2.7100000381469727,88.0,150.0,554.0
2026-01-27T22:04:05Z,Run,2026-01-27 22:13:29+00:00,-8.04584293,-34.93124951,2.7100000381469727,88.0,150.0,555.0
2026-01-27T22:04:05Z,Run,2026-01-27 22:13:30+00:00,-8.04586692,-34.93126017,2.7200000286102295,88.0,150.0,556.0
2026-01-27T22:04:05Z,Run,2026-01-27 22:13:31+00:00,-8.04589259,-34.93127217,2.7300000190734863,88.0,150.0,557.0
2026-01-27T22:04:05Z,Run,2026-01-27 22:13:32+00:00,-8.04591558,-34.93128249,2.7300000190734863,88.0,150.0,558.0
2026-01-27T22:04:05Z,Run,2026-01-27 22:13:33+00:00,-8.04593824,-34.93129415,2.7300000190734863,88.0,149.0,559.0
2026-01-27T22:04:05Z,Run,2026-01-27 22:13:34+00:00,-8.04596158,-34.93130715,2.7300000190734863,88.0,149.0,560.0
2026-01-27T22:04:05Z,Run,2026-01-27 22:13:35+00:00,-8.04598223,-34.93131982,2.740000009536743,88.0,149.0,561.0
2026-01-27T22:04:05Z,Run,2026-01-27 22:13:36+00:00,-8.0460039,-34.93133281,2.75,87.0,149.0,562.0
2026-01-27T22:04:05Z,Run,2026-01-27 22:13:37+00:00,-8.04602722,-34.93134581,2.75,87.0,150.0,563.0
2026-01-27T22:04:05Z,Run,2026-01-27 22:13:38+00:00,-8.04605089,-34.9313578,2.759999990463257,88.0,150.0,564.0
2026-01-27T22:04:05Z,Run,2026-01-27 22:13:39+00:00,-8.04607255,-34.93137046,2.759999990463257,88.0,150.0,565.0
2026-01-27T22:04:05Z,Run,2026-01-27 22:13:40+00:00,-8.04609388,-34.93138146,2.7699999809265137,88.0,149.0,566.0
2026-01-27T22:04:05Z,Run,2026-01-27 22:13:41+00:00,-8.04611488,-34.93139179,2.7699999809265137,88.0,148.0,567.0
2026-01-27T22:04:05Z,Run,2026-01-27 22:13:42+00:00,-8.04613687,-34.93140245,2.7699999809265137,88.0,147.0,568.0
2026-01-27T22:04:05Z,Run,2026-01-27 22:13:43+00:00,-8.04615854,-34.93141379,2.7699999809265137,88.0,147.0,569.0
2026-01-27T22:04:05Z,Run,2026-01-27 22:13:44+00:00,-8.04618186,-34.93142679,2.7699999809265137,88.0,147.0,570.0
2026-01-27T22:04:05Z,Run,2026-01-27 22:13:45+00:00,-8.04620252,-34.93143844,2.7699999809265137,88.0,147.0,571.0
2026-01-27T22:04:05Z,Run,2026-01-27 22:13:46+00:00,-8.04622352,-34.93144978,2.7699999809265137,88.0,146.0,572.0
2026-01-27T22:04:05Z,Run,2026-01-27 22:13:47+00:00,-8.04624452,-34.93146044,2.7699999809265137,88.0,146.0,573.0
2026-01-27T22:04:05Z,Run,2026-01-27 22:13:48+00:00,-8.04626717,-34.9314721,2.759999990463257,88.0,147.0,574.0
2026-01-27T22:04:05Z,Run,2026-01-27 22:13:49+00:00,-8.04628917,-34.93148476,2.759999990463257,88.0,149.0,575.0
2026-01-27T22:04:05Z,Run,2026-01-27 22:13:50+00:00,-8.04631017,-34.93149709,2.759999990463257,88.0,150.0,576.0
2026-01-27T22:04:05Z,Run,2026-01-27 22:13:51+00:00,-8.04633083,-34.93151109,2.759999990463257,88.0,150.0,577.0
2026-01-27T22:04:05Z,Run,2026-01-27 22:13:52+00:00,-8.04635115,-34.93152509,2.75,88.0,150.0,578.0
2026-01-27T22:04:05Z,Run,2026-01-27 22:13:53+00:00,-8.04637148,-34.93153909,2.75,88.0,150.0,579.0
2026-01-27T22:04:05Z,Run,2026-01-27 22:13:54+00:00,-8.04639214,-34.93155275,2.75,88.0,150.0,580.0
2026-01-27T22:04:05Z,Run,2026-01-27 22:13:55+00:00,-8.04641248,-34.93156707,2.740000009536743,87.0,150.0,581.0
2026-01-27T22:04:05Z,Run,2026-01-27 22:13:56+00:00,-8.0464308,-34.93158474,2.740000009536743,87.0,150.0,582.0
2026-01-27T22:04:05Z,Run,2026-01-27 22:13:57+00:00,-8.04644779,-34.93160573,2.740000009536743,87.0,150.0,583.0
2026-01-27T22:04:05Z,Run,2026-01-27 22:13:58+00:00,-8.04646446,-34.93162706,2.7300000190734863,88.0,151.0,584.0
2026-01-27T22:04:05Z,Run,2026-01-27 22:13:59+00:00,-8.04647911,-34.93164705,2.7300000190734863,88.0,152.0,585.0
2026-01-27T22:04:05Z,Run,2026-01-27 22:14:00+00:00,-8.04649344,-34.93166672,2.7300000190734863,88.0,153.0,586.0
2026-01-27T22:04:05Z,Run,2026-01-27 22:14:01+00:00,-8.04650877,-34.93168737,2.7300000190734863,88.0,153.0,587.0
2026-01-27T22:04:05Z,Run,2026-01-27 22:14:02+00:00,-8.04652376,-34.93170804,2.7300000190734863,88.0,152.0,588.0
2026-01-27T22:04:05Z,Run,2026-01-27 22:14:03+00:00,-8.04653809,-34.93172603,2.7300000190734863,88.0,152.0,589.0
2026-01-27T22:04:05Z,Run,2026-01-27 22:14:04+00:00,-8.04655342,-34.93174402,2.7300000190734863,88.0,151.0,590.0
2026-01-27T22:04:05Z,Run,2026-01-27 22:14:05+00:00,-8.04656841,-34.93176269,2.7300000190734863,88.0,151.0,591.0
2026-01-27T22:04:05Z,Run,2026-01-27 22:14:06+00:00,-8.04658307,-34.93178234,2.7300000190734863,88.0,151.0,592.0
2026-01-27T22:04:05Z,Run,2026-01-27 22:14:07+00:00,-8.04659941,-34.93180368,2.7300000190734863,89.0,151.0,593.0
2026-01-27T22:04:05Z,Run,2026-01-27 22:14:08+00:00,-8.04661573,-34.93182333,2.7300000190734863,90.0,150.0,594.0
2026-01-27T22:04:05Z,Run,2026-01-27 22:14:09+00:00,-8.04663139,-34.93184166,2.7300000190734863,89.0,150.0,595.0
2026-01-27T22:04:05Z,Run,2026-01-27 22:14:10+00:00,-8.04664705,-34.93185931,2.7300000190734863,89.0,150.0,596.0
2026-01-27T22:04:05Z,Run,2026-01-27 22:14:11+00:00,-8.04666204,-34.93187798,2.7200000286102295,89.0,150.0,597.0
2026-01-27T22:04:05Z,Run,2026-01-27 22:14:12+00:00,-8.04667671,-34.93189731,2.7200000286102295,88.0,149.0,598.0
2026-01-27T22:04:05Z,Run,2026-01-27 22:14:13+00:00,-8.0466907,-34.93191698,2.7200000286102295,88.0,149.0,599.0
2026-01-27T22:04:05Z,Run,2026-01-27 22:14:14+00:00,-8.04670437,-34.93193797,2.7100000381469727,89.0,149.0,600.0
2026-01-27T22:04:05Z,Run,2026-01-27 22:14:15+00:00,-8.04671769,-34.93195796,2.7100000381469727,89.0,148.0,601.0
2026-01-27T22:04:05Z,Run,2026-01-27 22:14:16+00:00,-8.04673369,-34.93197763,2.7100000381469727,89.0,148.0,602.0
2026-01-27T22:04:05Z,Run,2026-01-27 22:14:17+00:00,-8.04675035,-34.93199329,2.7100000381469727,89.0,148.0,603.0
2026-01-27T22:04:05Z,Run,2026-01-27 22:14:18+00:00,-8.04676601,-34.93200729,2.7100000381469727,89.0,149.0,604.0
2026-01-27T22:04:05Z,Run,2026-01-27 22:14:19+00:00,-8.04678235,-34.93202029,2.7100000381469727,89.0,149.0,605.0
2026-01-27T22:04:05Z,Run,2026-01-27 22:14:20+00:00,-8.04679734,-34.93203462,2.7100000381469727,89.0,150.0,606.0
2026-01-27T22:04:05Z,Run,2026-01-27 22:14:21+00:00,-8.04681233,-34.93205194,2.7100000381469727,89.0,150.0,607.0
2026-01-27T22:04:05Z,Run,2026-01-27 22:14:22+00:00,-8.04682599,-34.93207193,2.7100000381469727,89.0,150.0,608.0
2026-01-27T22:04:05Z,Run,2026-01-27 22:14:23+00:00,-8.04683866,-34.93209393,2.700000047683716,89.0,151.0,609.0
2026-01-27T22:04:05Z,Run,2026-01-27 22:14:24+00:00,-8.04685032,-34.93211759,2.700000047683716,89.0,152.0,610.0
2026-01-27T22:04:05Z,Run,2026-01-27 22:14:25+00:00,-8.04686265,-34.93213992,2.690000057220459,88.0,153.0,611.0
2026-01-27T22:04:05Z,Run,2026-01-27 22:14:26+00:00,-8.04687365,-34.93216092,2.690000057220459,89.0,154.0,612.0
2026-01-27T22:04:05Z,Run,2026-01-27 22:14:27+00:00,-8.04688264,-34.93217991,2.680000066757202,88.0,156.0,613.0
2026-01-27T22:04:05Z,Run,2026-01-27 22:14:28+00:00,-8.04689131,-34.93220091,2.680000066757202,88.0,156.0,614.0
2026-01-27T22:04:05Z,Run,2026-01-27 22:14:29+00:00,-8.0468983,-34.9322239,2.680000066757202,88.0,156.0,615.0
2026-01-27T22:04:05Z,Run,2026-01-27 22:14:30+00:00,-8.04690463,-34.93224623,2.680000066757202,89.0,157.0,616.0
2026-01-27T22:04:05Z,Run,2026-01-27 22:14:31+00:00,-8.04691163,-34.9322679,2.680000066757202,89.0,157.0,617.0
2026-01-27T22:04:05Z,Run,2026-01-27 22:14:32+00:00,-8.04692029,-34.93229122,2.6700000762939453,89.0,157.0,618.0
2026-01-27T22:04:05Z,Run,2026-01-27 22:14:33+00:00,-8.04692761,-34.93231188,2.6700000762939453,88.0,157.0,619.0
2026-01-27T22:04:05Z,Run,2026-01-27 22:14:34+00:00,-8.04693428,-34.93233454,2.6700000762939453,88.0,157.0,620.0
2026-01-27T22:04:05Z,Run,2026-01-27 22:14:35+00:00,-8.04693927,-34.93235687,2.6600000858306885,88.0,158.0,621.0
2026-01-27T22:04:05Z,Run,2026-01-27 22:14:36+00:00,-8.04694459,-34.93238087,2.6500000953674316,88.0,159.0,622.0
2026-01-27T22:04:05Z,Run,2026-01-27 22:14:37+00:00,-8.04694959,-34.93240719,2.6500000953674316,88.0,159.0,623.0
2026-01-27T22:04:05Z,Run,2026-01-27 22:14:38+00:00,-8.04695291,-34.93243219,2.640000104904175,88.0,159.0,624.0
2026-01-27T22:04:05Z,Run,2026-01-27 22:14:39+00:00,-8.04695391,-34.93245686,2.640000104904175,88.0,158.0,625.0
2026-01-27T22:04:05Z,Run,2026-01-27 22:14:40+00:00,-8.04695291,-34.93248285,2.640000104904175,88.0,158.0,626.0
2026-01-27T22:04:05Z,Run,2026-01-27 22:14:41+00:00,-8.04695291,-34.93251117,2.630000114440918,89.0,158.0,627.0
2026-01-27T22:04:05Z,Run,2026-01-27 22:14:42+00:00,-8.04695491,-34.93253884,2.630000114440918,90.0,158.0,628.0
2026-01-27T22:04:05Z,Run,2026-01-27 22:14:43+00:00,-8.04695825,-34.93256684,2.640000104904175,89.0,158.0,629.0
2026-01-27T22:04:05Z,Run,2026-01-27 22:14:44+00:00,-8.04696224,-34.9325925,2.6500000953674316,89.0,158.0,630.0
2026-01-27T22:04:05Z,Run,2026-01-27 22:14:45+00:00,-8.04696957,-34.93261815,2.6500000953674316,89.0,160.0,631.0
2026-01-27T22:04:05Z,Run,2026-01-27 22:14:46+00:00,-8.0469799,-34.93264181,2.6500000953674316,89.0,160.0,632.0
2026-01-27T22:04:05Z,Run,2026-01-27 22:14:47+00:00,-8.04699056,-34.93266281,2.6500000953674316,88.0,160.0,633.0
2026-01-27T22:04:05Z,Run,2026-01-27 22:14:48+00:00,-8.04700156,-34.93268514,2.6500000953674316,88.0,159.0,634.0
2026-01-27T22:04:05Z,Run,2026-01-27 22:14:49+00:00,-8.04701122,-34.93270481,2.6600000858306885,89.0,159.0,635.0
2026-01-27T22:04:05Z,Run,2026-01-27 22:14:50+00:00,-8.04701988,-34.9327248,2.6600000858306885,89.0,159.0,636.0
2026-01-27T22:04:05Z,Run,2026-01-27 22:14:51+00:00,-8.04702422,-34.93274647,2.6600000858306885,88.0,159.0,637.0
2026-01-27T22:04:05Z,Run,2026-01-27 22:14:52+00:00,-8.04702422,-34.93276912,2.6600000858306885,88.0,159.0,638.0
2026-01-27T22:04:05Z,Run,2026-01-27 22:14:53+00:00,-8.04702255,-34.93279146,2.6600000858306885,88.0,160.0,639.0
2026-01-27T22:04:05Z,Run,2026-01-27 22:14:54+00:00,-8.04701989,-34.93281411,2.6500000953674316,89.0,160.0,640.0
2026-01-27T22:04:05Z,Run,2026-01-27 22:14:55+00:00,-8.04701689,-34.9328371,2.640000104904175,89.0,160.0,641.0
2026-01-27T22:04:05Z,Run,2026-01-27 22:14:56+00:00,-8.04701624,-34.9328591,2.630000114440918,89.0,159.0,642.0
2026-01-27T22:04:05Z,Run,2026-01-27 22:14:57+00:00,-8.0470179,-34.93287809,2.630000114440918,89.0,158.0,643.0
2026-01-27T22:04:05Z,Run,2026-01-27 22:14:58+00:00,-8.04702323,-34.93289643,2.630000114440918,89.0,158.0,644.0
2026-01-27T22:04:05Z,Run,2026-01-27 22:14:59+00:00,-8.04703056,-34.93291576,2.609999895095825,89.0,159.0,645.0
2026-01-27T22:04:05Z,Run,2026-01-27 22:15:00+00:00,-8.04703956,-34.93293608,2.609999895095825,89.0,160.0,646.0
2026-01-27T22:04:05Z,Run,2026-01-27 22:15:01+00:00,-8.04704722,-34.93295708,2.5999999046325684,89.0,161.0,647.0
2026-01-27T22:04:05Z,Run,2026-01-27 22:15:02+00:00,-8.04705288,-34.93297974,2.5899999141693115,89.0,161.0,648.0
2026-01-27T22:04:05Z,Run,2026-01-27 22:15:03+00:00,-8.04705654,-34.93300273,2.5899999141693115,89.0,161.0,649.0
2026-01-27T22:04:05Z,Run,2026-01-27 22:15:04+00:00,-8.04705953,-34.93302839,2.5899999141693115,89.0,161.0,650.0
2026-01-27T22:04:05Z,Run,2026-01-27 22:15:05+00:00,-8.04706286,-34.93305138,2.5899999141693115,89.0,161.0,651.0
2026-01-27T22:04:05Z,Run,2026-01-27 22:15:06+00:00,-8.04706619,-34.9330747,2.5799999237060547,89.0,161.0,652.0
2026-01-27T22:04:05Z,Run,2026-01-27 22:15:07+00:00,-8.04706819,-34.93309903,2.5799999237060547,89.0,161.0,653.0
2026-01-27T22:04:05Z,Run,2026-01-27 22:15:08+00:00,-8.04706919,-34.9331237,2.5799999237060547,89.0,161.0,654.0
2026-01-27T22:04:05Z,Run,2026-01-27 22:15:09+00:00,-8.04706919,-34.9331487,2.5799999237060547,89.0,160.0,655.0
2026-01-27T22:04:05Z,Run,2026-01-27 22:15:10+00:00,-8.04706919,-34.93317402,2.5799999237060547,89.0,160.0,656.0
2026-01-27T22:04:05Z,Run,2026-01-27 22:15:11+00:00,-8.04706752,-34.93319968,2.5799999237060547,88.0,158.0,657.0
2026-01-27T22:04:05Z,Run,2026-01-27 22:15:12+00:00,-8.04706552,-34.93322434,2.5799999237060547,88.0,158.0,658.0
2026-01-27T22:04:05Z,Run,2026-01-27 22:15:13+00:00,-8.04706353,-34.93324834,2.5799999237060547,88.0,158.0,659.0
2026-01-27T22:04:05Z,Run,2026-01-27 22:15:14+00:00,-8.04706153,-34.93327267,2.5899999141693115,88.0,160.0,660.0
2026-01-27T22:04:05Z,Run,2026-01-27 22:15:15+00:00,-8.04706021,-34.93329633,2.5899999141693115,88.0,161.0,661.0
2026-01-27T22:04:05Z,Run,2026-01-27 22:15:16+00:00,-8.04705988,-34.93332033,2.5899999141693115,88.0,161.0,662.0
2026-01-27T22:04:05Z,Run,2026-01-27 22:15:17+00:00,-8.04705922,-34.93334365,2.5899999141693115,88.0,161.0,663.0
2026-01-27T22:04:05Z,Run,2026-01-27 22:15:18+00:00,-8.04705922,-34.93336664,2.5899999141693115,88.0,162.0,664.0
2026-01-27T22:04:05Z,Run,2026-01-27 22:15:19+00:00,-8.04705756,-34.93339097,2.5899999141693115,88.0,162.0,665.0
2026-01-27T22:04:05Z,Run,2026-01-27 22:15:20+00:00,-8.04705556,-34.93341631,2.5899999141693115,89.0,163.0,666.0
2026-01-27T22:04:05Z,Run,2026-01-27 22:15:21+00:00,-8.04705356,-34.93344196,2.5899999141693115,89.0,163.0,667.0
2026-01-27T22:04:05Z,Run,2026-01-27 22:15:22+00:00,-8.04705224,-34.93346663,2.5899999141693115,89.0,163.0,668.0
2026-01-27T22:04:05Z,Run,2026-01-27 22:15:23+00:00,-8.04705191,-34.93349195,2.5899999141693115,89.0,163.0,669.0
2026-01-27T22:04:05Z,Run,2026-01-27 22:15:24+00:00,-8.04705224,-34.93351661,2.5899999141693115,89.0,163.0,670.0
2026-01-27T22:04:05Z,Run,2026-01-27 22:15:25+00:00,-8.0470539,-34.93353927,2.5899999141693115,89.0,163.0,671.0
2026-01-27T22:04:05Z,Run,2026-01-27 22:15:26+00:00,-8.04705623,-34.93356193,2.5899999141693115,89.0,162.0,672.0
2026-01-27T22:04:05Z,Run,2026-01-27 22:15:27+00:00,-8.04705856,-34.93358659,2.5899999141693115,89.0,162.0,673.0
2026-01-27T22:04:05Z,Run,2026-01-27 22:15:28+00:00,-8.04705922,-34.93361092,2.5899999141693115,89.0,162.0,674.0
2026-01-27T22:04:05Z,Run,2026-01-27 22:15:29+00:00,-8.04705922,-34.93363292,2.5899999141693115,89.0,162.0,675.0
2026-01-27T22:04:05Z,Run,2026-01-27 22:15:30+00:00,-8.04705823,-34.93365526,2.5899999141693115,89.0,162.0,676.0
2026-01-27T22:04:05Z,Run,2026-01-27 22:15:31+00:00,-8.04705657,-34.93367725,2.5899999141693115,90.0,162.0,677.0
2026-01-27T22:04:05Z,Run,2026-01-27 22:15:32+00:00,-8.04705525,-34.93369825,2.5899999141693115,90.0,163.0,678.0
2026-01-27T22:04:05Z,Run,2026-01-27 22:15:33+00:00,-8.04705391,-34.93372025,2.5899999141693115,90.0,162.0,679.0
2026-01-27T22:04:05Z,Run,2026-01-27 22:15:34+00:00,-8.04705358,-34.93374557,2.5899999141693115,90.0,161.0,680.0
2026-01-27T22:04:05Z,Run,2026-01-27 22:15:35+00:00,-8.04705259,-34.93376956,2.5899999141693115,90.0,161.0,681.0
2026-01-27T22:04:05Z,Run,2026-01-27 22:15:36+00:00,-8.04705425,-34.93379556,2.5899999141693115,89.0,161.0,682.0
2026-01-27T22:04:05Z,Run,2026-01-27 22:15:37+00:00,-8.04705591,-34.93381888,2.5899999141693115,90.0,160.0,683.0
2026-01-27T22:04:05Z,Run,2026-01-27 22:15:38+00:00,-8.04705724,-34.93384221,2.5899999141693115,90.0,159.0,684.0
2026-01-27T22:04:05Z,Run,2026-01-27 22:15:39+00:00,-8.0470579,-34.93386421,2.5899999141693115,90.0,159.0,685.0
2026-01-27T22:04:05Z,Run,2026-01-27 22:15:40+00:00,-8.04705956,-34.93388587,2.5799999237060547,90.0,161.0,686.0
2026-01-27T22:04:05Z,Run,2026-01-27 22:15:41+00:00,-8.04705889,-34.93390821,2.5799999237060547,90.0,161.0,687.0
2026-01-27T22:04:05Z,Run,2026-01-27 22:15:42+00:00,-8.0470579,-34.9339302,2.5799999237060547,90.0,160.0,688.0
2026-01-27T22:04:05Z,Run,2026-01-27 22:15:43+00:00,-8.04705624,-34.9339522,2.5799999237060547,90.0,160.0,689.0
2026-01-27T22:04:05Z,Run,2026-01-27 22:15:44+00:00,-8.04705458,-34.93397219,2.5799999237060547,90.0,160.0,690.0
2026-01-27T22:04:05Z,Run,2026-01-27 22:15:45+00:00,-8.04705292,-34.93399352,2.569999933242798,90.0,161.0,691.0
2026-01-27T22:04:05Z,Run,2026-01-27 22:15:46+00:00,-8.04704959,-34.93401751,2.569999933242798,90.0,162.0,692.0
2026-01-27T22:04:05Z,Run,2026-01-27 22:15:47+00:00,-8.04704392,-34.93404583,2.569999933242798,90.0,162.0,693.0
2026-01-27T22:04:05Z,Run,2026-01-27 22:15:48+00:00,-8.04703659,-34.9340715,2.569999933242798,90.0,162.0,694.0
2026-01-27T22:04:05Z,Run,2026-01-27 22:15:49+00:00,-8.0470286,-34.93409549,2.559999942779541,89.0,162.0,695.0
2026-01-27T22:04:05Z,Run,2026-01-27 22:15:50+00:00,-8.04702093,-34.93411915,2.559999942779541,89.0,163.0,696.0
2026-01-27T22:04:05Z,Run,2026-01-27 22:15:51+00:00,-8.04701528,-34.93414181,2.559999942779541,89.0,163.0,697.0
2026-01-27T22:04:05Z,Run,2026-01-27 22:15:52+00:00,-8.04701229,-34.9341648,2.559999942779541,90.0,162.0,698.0
2026-01-27T22:04:05Z,Run,2026-01-27 22:15:53+00:00,-8.04701095,-34.93418779,2.559999942779541,90.0,162.0,699.0
2026-01-27T22:04:05Z,Run,2026-01-27 22:15:54+00:00,-8.04701162,-34.93421178,2.569999933242798,89.0,163.0,700.0
2026-01-27T22:04:05Z,Run,2026-01-27 22:15:55+00:00,-8.04701261,-34.93423645,2.569999933242798,89.0,162.0,701.0
2026-01-27T22:04:05Z,Run,2026-01-27 22:15:56+00:00,-8.04701427,-34.93426345,2.569999933242798,89.0,162.0,702.0
2026-01-27T22:04:05Z,Run,2026-01-27 22:15:57+00:00,-8.0470166,-34.93428744,2.569999933242798,89.0,162.0,703.0
2026-01-27T22:04:05Z,Run,2026-01-27 22:15:58+00:00,-8.0470186,-34.93431077,2.569999933242798,89.0,162.0,704.0
2026-01-27T22:04:05Z,Run,2026-01-27 22:15:59+00:00,-8.04701992,-34.93433343,2.569999933242798,89.0,162.0,705.0
2026-01-27T22:04:05Z,Run,2026-01-27 22:16:00+00:00,-8.04702192,-34.93435542,2.569999933242798,89.0,163.0,706.0
2026-01-27T22:04:05Z,Run,2026-01-27 22:16:01+00:00,-8.04702391,-34.93437709,2.569999933242798,90.0,164.0,707.0
2026-01-27T22:04:05Z,Run,2026-01-27 22:16:02+00:00,-8.04702558,-34.93439942,2.569999933242798,90.0,164.0,708.0
2026-01-27T22:04:05Z,Run,2026-01-27 22:16:03+00:00,-8.0470269,-34.93442175,2.569999933242798,90.0,164.0,709.0
2026-01-27T22:04:05Z,Run,2026-01-27 22:16:04+00:00,-8.04702756,-34.93444409,2.569999933242798,90.0,164.0,710.0
2026-01-27T22:04:05Z,Run,2026-01-27 22:16:05+00:00,-8.04702889,-34.93446642,2.569999933242798,90.0,164.0,711.0
2026-01-27T22:04:05Z,Run,2026-01-27 22:16:06+00:00,-8.04703022,-34.93448775,2.569999933242798,90.0,164.0,712.0
2026-01-27T22:04:05Z,Run,2026-01-27 22:16:07+00:00,-8.04703188,-34.93450608,2.569999933242798,90.0,163.0,713.0
2026-01-27T22:04:05Z,Run,2026-01-27 22:16:08+00:00,-8.04703554,-34.93452707,2.559999942779541,90.0,163.0,714.0
2026-01-27T22:04:05Z,Run,2026-01-27 22:16:09+00:00,-8.04703853,-34.9345494,2.559999942779541,90.0,163.0,715.0
2026-01-27T22:04:05Z,Run,2026-01-27 22:16:10+00:00,-8.04704086,-34.93457173,2.559999942779541,90.0,163.0,716.0
2026-01-27T22:04:05Z,Run,2026-01-27 22:16:11+00:00,-8.04704485,-34.9345914,2.559999942779541,90.0,163.0,717.0
2026-01-27T22:04:05Z,Run,2026-01-27 22:16:12+00:00,-8.04704885,-34.9346124,2.549999952316284,90.0,163.0,718.0
2026-01-27T22:04:05Z,Run,2026-01-27 22:16:13+00:00,-8.04705351,-34.93463339,2.549999952316284,90.0,163.0,719.0
2026-01-27T22:04:05Z,Run,2026-01-27 22:16:14+00:00,-8.04705751,-34.93465472,2.549999952316284,90.0,164.0,720.0
2026-01-27T22:04:05Z,Run,2026-01-27 22:16:15+00:00,-8.04706151,-34.93467571,2.549999952316284,90.0,165.0,721.0
2026-01-27T22:04:05Z,Run,2026-01-27 22:16:16+00:00,-8.04706617,-34.93469671,2.5399999618530273,90.0,166.0,722.0
2026-01-27T22:04:05Z,Run,2026-01-27 22:16:17+00:00,-8.0470705,-34.93471804,2.5399999618530273,90.0,166.0,723.0
2026-01-27T22:04:05Z,Run,2026-01-27 22:16:18+00:00,-8.04707282,-34.9347417,2.5299999713897705,90.0,166.0,724.0
2026-01-27T22:04:05Z,Run,2026-01-27 22:16:19+00:00,-8.04707217,-34.93476536,2.5299999713897705,90.0,167.0,725.0
2026-01-27T22:04:05Z,Run,2026-01-27 22:16:20+00:00,-8.0470695,-34.93478769,2.5299999713897705,89.0,167.0,726.0
2026-01-27T22:04:05Z,Run,2026-01-27 22:16:21+00:00,-8.04706684,-34.93481102,2.5199999809265137,90.0,168.0,727.0
2026-01-27T22:04:05Z,Run,2026-01-27 22:16:22+00:00,-8.04706384,-34.93483702,2.5199999809265137,89.0,169.0,728.0
2026-01-27T22:04:05Z,Run,2026-01-27 22:16:23+00:00,-8.04706019,-34.93486034,2.5199999809265137,89.0,169.0,729.0
2026-01-27T22:04:05Z,Run,2026-01-27 22:16:24+00:00,-8.04705552,-34.93488534,2.5199999809265137,89.0,169.0,730.0
2026-01-27T22:04:05Z,Run,2026-01-27 22:16:25+00:00,-8.04705453,-34.93490767,2.5199999809265137,89.0,170.0,731.0
2026-01-27T22:04:05Z,Run,2026-01-27 22:16:26+00:00,-8.04705552,-34.934932,2.5199999809265137,89.0,170.0,732.0
2026-01-27T22:04:05Z,Run,2026-01-27 22:16:27+00:00,-8.04705619,-34.93495666,2.5199999809265137,89.0,169.0,733.0
2026-01-27T22:04:05Z,Run,2026-01-27 22:16:28+00:00,-8.04705718,-34.93498066,2.5299999713897705,89.0,168.0,734.0
2026-01-27T22:04:05Z,Run,2026-01-27 22:16:29+00:00,-8.04705918,-34.93500332,2.5299999713897705,89.0,168.0,735.0
2026-01-27T22:04:05Z,Run,2026-01-27 22:16:30+00:00,-8.04706018,-34.93502798,2.5299999713897705,89.0,168.0,736.0
2026-01-27T22:04:05Z,Run,2026-01-27 22:16:31+00:00,-8.0470615,-34.93505231,2.5299999713897705,89.0,168.0,737.0
2026-01-27T22:04:05Z,Run,2026-01-27 22:16:32+00:00,-8.04706416,-34.93507563,2.5299999713897705,89.0,168.0,738.0
2026-01-27T22:04:05Z,Run,2026-01-27 22:16:33+00:00,-8.04706582,-34.9350983,2.5399999618530273,89.0,168.0,739.0
2026-01-27T22:04:05Z,Run,2026-01-27 22:16:34+00:00,-8.04706682,-34.93511862,2.5399999618530273,89.0,168.0,740.0
2026-01-27T22:04:05Z,Run,2026-01-27 22:16:35+00:00,-8.04706815,-34.93514161,2.549999952316284,89.0,168.0,741.0
2026-01-27T22:04:05Z,Run,2026-01-27 22:16:36+00:00,-8.04707015,-34.93516227,2.549999952316284,89.0,168.0,742.0
2026-01-27T22:04:05Z,Run,2026-01-27 22:16:37+00:00,-8.04707215,-34.9351856,2.549999952316284,89.0,168.0,743.0
2026-01-27T22:04:05Z,Run,2026-01-27 22:16:38+00:00,-8.0470728,-34.93520859,2.549999952316284,89.0,167.0,744.0
2026-01-27T22:04:05Z,Run,2026-01-27 22:16:39+00:00,-8.04707347,-34.93522958,2.549999952316284,89.0,167.0,745.0
2026-01-27T22:04:05Z,Run,2026-01-27 22:16:40+00:00,-8.04707247,-34.93525125,2.549999952316284,90.0,168.0,746.0
2026-01-27T22:04:05Z,Run,2026-01-27 22:16:41+00:00,-8.04707215,-34.93527491,2.5399999618530273,90.0,169.0,747.0
2026-01-27T22:04:05Z,Run,2026-01-27 22:16:42+00:00,-8.04707115,-34.93529624,2.5399999618530273,90.0,169.0,748.0
2026-01-27T22:04:05Z,Run,2026-01-27 22:16:43+00:00,-8.04707016,-34.93531824,2.5399999618530273,89.0,169.0,749.0
2026-01-27T22:04:05Z,Run,2026-01-27 22:16:44+00:00,-8.04706917,-34.9353429,2.5399999618530273,90.0,169.0,750.0
2026-01-27T22:04:05Z,Run,2026-01-27 22:16:45+00:00,-8.04706883,-34.93536656,2.5399999618530273,90.0,169.0,751.0
2026-01-27T22:04:05Z,Run,2026-01-27 22:16:46+00:00,-8.04706883,-34.9353889,2.5299999713897705,90.0,169.0,752.0
2026-01-27T22:04:05Z,Run,2026-01-27 22:16:47+00:00,-8.0470695,-34.93541123,2.5299999713897705,90.0,168.0,753.0
2026-01-27T22:04:05Z,Run,2026-01-27 22:16:48+00:00,-8.04707017,-34.93543255,2.5299999713897705,90.0,168.0,754.0
2026-01-27T22:04:05Z,Run,2026-01-27 22:16:49+00:00,-8.04706984,-34.93545489,2.5299999713897705,90.0,167.0,755.0
2026-01-27T22:04:05Z,Run,2026-01-27 22:16:50+00:00,-8.04706751,-34.93547955,2.5299999713897705,90.0,167.0,756.0
2026-01-27T22:04:05Z,Run,2026-01-27 22:16:51+00:00,-8.04706219,-34.93552454,2.5299999713897705,90.0,167.0,757.0
2026-01-27T22:04:05Z,Run,2026-01-27 22:16:52+00:00,-8.04705853,-34.93554888,2.5299999713897705,90.0,167.0,758.0
2026-01-27T22:04:05Z,Run,2026-01-27 22:16:53+00:00,-8.0470562,-34.9355722,2.5299999713897705,90.0,167.0,759.0
2026-01-27T22:04:05Z,Run,2026-01-27 22:16:54+00:00,-8.04705454,-34.93559552,2.5299999713897705,90.0,166.0,760.0
2026-01-27T22:04:05Z,Run,2026-01-27 22:16:55+00:00,-8.04705221,-34.93561786,2.5299999713897705,90.0,166.0,761.0
2026-01-27T22:04:05Z,Run,2026-01-27 22:16:56+00:00,-8.04705088,-34.93563986,2.5299999713897705,89.0,166.0,762.0
2026-01-27T22:04:05Z,Run,2026-01-27 22:16:57+00:00,-8.04704988,-34.93566219,2.5299999713897705,89.0,166.0,763.0
2026-01-27T22:04:05Z,Run,2026-01-27 22:16:58+00:00,-8.04704956,-34.93568518,2.5299999713897705,89.0,165.0,764.0
2026-01-27T22:04:05Z,Run,2026-01-27 22:16:59+00:00,-8.04705023,-34.93570751,2.5299999713897705,89.0,165.0,765.0
2026-01-27T22:04:05Z,Run,2026-01-27 22:17:00+00:00,-8.04705055,-34.93573017,2.5299999713897705,89.0,165.0,766.0
2026-01-27T22:04:05Z,Run,2026-01-27 22:17:01+00:00,-8.04705023,-34.9357525,2.5299999713897705,89.0,165.0,767.0
2026-01-27T22:04:05Z,Run,2026-01-27 22:17:02+00:00,-8.04704989,-34.9357745,2.5299999713897705,89.0,166.0,768.0
2026-01-27T22:04:05Z,Run,2026-01-27 22:17:03+00:00,-8.04704957,-34.93579716,2.5299999713897705,89.0,167.0,769.0
2026-01-27T22:04:05Z,Run,2026-01-27 22:17:04+00:00,-8.0470489,-34.93582048,2.5299999713897705,88.0,167.0,770.0
2026-01-27T22:04:05Z,Run,2026-01-27 22:17:05+00:00,-8.04704957,-34.93584314,2.5299999713897705,88.0,167.0,771.0
2026-01-27T22:04:05Z,Run,2026-01-27 22:17:06+00:00,-8.04705056,-34.9358658,2.5299999713897705,88.0,167.0,772.0
2026-01-27T22:04:05Z,Run,2026-01-27 22:17:07+00:00,-8.04705256,-34.93588746,2.5299999713897705,88.0,167.0,773.0
2026-01-27T22:04:05Z,Run,2026-01-27 22:17:08+00:00,-8.04705422,-34.93590946,2.5299999713897705,88.0,167.0,774.0
2026-01-27T22:04:05Z,Run,2026-01-27 22:17:09+00:00,-8.04705487,-34.93593045,2.5299999713897705,88.0,166.0,775.0
2026-01-27T22:04:05Z,Run,2026-01-27 22:17:10+00:00,-8.04705255,-34.93595212,2.5299999713897705,88.0,167.0,776.0
2026-01-27T22:04:05Z,Run,2026-01-27 22:17:11+00:00,-8.04704722,-34.93597379,2.5299999713897705,88.0,167.0,777.0
2026-01-27T22:04:05Z,Run,2026-01-27 22:17:12+00:00,-8.04703856,-34.93599511,2.5299999713897705,88.0,167.0,778.0
2026-01-27T22:04:05Z,Run,2026-01-27 22:17:13+00:00,-8.04702424,-34.93601243,2.5299999713897705,88.0,168.0,779.0
2026-01-27T22:04:05Z,Run,2026-01-27 22:17:14+00:00,-8.04700724,-34.93602377,2.5199999809265137,88.0,168.0,780.0
2026-01-27T22:04:05Z,Run,2026-01-27 22:17:15+00:00,-8.04698658,-34.93603077,2.5199999809265137,88.0,168.0,781.0
2026-01-27T22:04:05Z,Run,2026-01-27 22:17:16+00:00,-8.04696459,-34.93603409,2.5199999809265137,88.0,168.0,782.0
2026-01-27T22:04:05Z,Run,2026-01-27 22:17:17+00:00,-8.04693893,-34.93603508,2.5199999809265137,88.0,168.0,783.0
2026-01-27T22:04:05Z,Run,2026-01-27 22:17:18+00:00,-8.04691627,-34.93603276,2.509999990463257,88.0,167.0,784.0
2026-01-27T22:04:05Z,Run,2026-01-27 22:17:19+00:00,-8.04689261,-34.93602809,2.509999990463257,88.0,167.0,785.0
2026-01-27T22:04:05Z,Run,2026-01-27 22:17:20+00:00,-8.04686928,-34.93602109,2.509999990463257,89.0,168.0,786.0
2026-01-27T22:04:05Z,Run,2026-01-27 22:17:21+00:00,-8.04684429,-34.9360151,2.5199999809265137,88.0,169.0,787.0
2026-01-27T22:04:05Z,Run,2026-01-27 22:17:22+00:00,-8.04681862,-34.93600977,2.5199999809265137,88.0,169.0,788.0
2026-01-27T22:04:05Z,Run,2026-01-27 22:17:23+00:00,-8.04679196,-34.93600478,2.5199999809265137,88.0,169.0,789.0
2026-01-27T22:04:05Z,Run,2026-01-27 22:17:24+00:00,-8.04676496,-34.93600111,2.5299999713897705,88.0,169.0,790.0
2026-01-27T22:04:05Z,Run,2026-01-27 22:17:25+00:00,-8.04673896,-34.93599812,2.5299999713897705,88.0,169.0,791.0
2026-01-27T22:04:05Z,Run,2026-01-27 22:17:26+00:00,-8.0467153,-34.9359938,2.5299999713897705,89.0,169.0,792.0
2026-01-27T22:04:05Z,Run,2026-01-27 22:17:27+00:00,-8.04669131,-34.93598813,2.5399999618530273,89.0,169.0,793.0
2026-01-27T22:04:05Z,Run,2026-01-27 22:17:28+00:00,-8.04666898,-34.9359838,2.549999952316284,87.0,168.0,794.0
2026-01-27T22:04:05Z,Run,2026-01-27 22:17:29+00:00,-8.04664733,-34.93597981,2.549999952316284,87.0,168.0,795.0
2026-01-27T22:04:05Z,Run,2026-01-27 22:17:30+00:00,-8.04662566,-34.93597714,2.549999952316284,88.0,168.0,796.0
2026-01-27T22:04:05Z,Run,2026-01-27 22:17:31+00:00,-8.04660399,-34.93597581,2.549999952316284,88.0,168.0,797.0
2026-01-27T22:04:05Z,Run,2026-01-27 22:17:32+00:00,-8.046584,-34.93597548,2.549999952316284,89.0,167.0,798.0
2026-01-27T22:04:05Z,Run,2026-01-27 22:17:33+00:00,-8.04656435,-34.93597315,2.549999952316284,89.0,167.0,799.0
2026-01-27T22:04:05Z,Run,2026-01-27 22:17:34+00:00,-8.04654369,-34.93596949,2.549999952316284,88.0,167.0,800.0
2026-01-27T22:04:05Z,Run,2026-01-27 22:17:35+00:00,-8.04652269,-34.93596416,2.549999952316284,88.0,167.0,801.0
2026-01-27T22:04:05Z,Run,2026-01-27 22:17:36+00:00,-8.04650136,-34.93595684,2.549999952316284,88.0,166.0,802.0
2026-01-27T22:04:05Z,Run,2026-01-27 22:17:37+00:00,-8.0464807,-34.93594684,2.549999952316284,88.0,165.0,803.0
2026-01-27T22:04:05Z,Run,2026-01-27 22:17:38+00:00,-8.04646071,-34.9359355,2.5399999618530273,88.0,164.0,804.0
2026-01-27T22:04:05Z,Run,2026-01-27 22:17:39+00:00,-8.04644104,-34.93592318,2.5299999713897705,88.0,163.0,805.0
2026-01-27T22:04:05Z,Run,2026-01-27 22:17:40+00:00,-8.04642139,-34.93591085,2.5299999713897705,88.0,163.0,806.0
2026-01-27T22:04:05Z,Run,2026-01-27 22:17:41+00:00,-8.0464024,-34.93589852,2.5299999713897705,88.0,163.0,807.0
2026-01-27T22:04:05Z,Run,2026-01-27 22:17:42+00:00,-8.04638273,-34.93588687,2.5299999713897705,88.0,163.0,808.0
2026-01-27T22:04:05Z,Run,2026-01-27 22:17:43+00:00,-8.04636441,-34.93587553,2.5299999713897705,88.0,163.0,809.0
2026-01-27T22:04:05Z,Run,2026-01-27 22:17:44+00:00,-8.04634507,-34.93586388,2.5299999713897705,88.0,163.0,810.0
2026-01-27T22:04:05Z,Run,2026-01-27 22:17:45+00:00,-8.04632575,-34.93585154,2.5299999713897705,88.0,164.0,811.0
2026-01-27T22:04:05Z,Run,2026-01-27 22:17:46+00:00,-8.04630575,-34.93584022,2.5299999713897705,88.0,164.0,812.0
2026-01-27T22:04:05Z,Run,2026-01-27 22:17:47+00:00,-8.04628509,-34.93582989,2.5299999713897705,88.0,164.0,813.0
2026-01-27T22:04:05Z,Run,2026-01-27 22:17:48+00:00,-8.04626409,-34.9358199,2.5299999713897705,88.0,164.0,814.0
2026-01-27T22:04:05Z,Run,2026-01-27 22:17:49+00:00,-8.04624309,-34.93581023,2.5299999713897705,88.0,165.0,815.0
2026-01-27T22:04:05Z,Run,2026-01-27 22:17:50+00:00,-8.0462211,-34.93579924,2.5299999713897705,88.0,166.0,816.0
2026-01-27T22:04:05Z,Run,2026-01-27 22:17:51+00:00,-8.04619978,-34.93578757,2.5299999713897705,89.0,166.0,817.0
2026-01-27T22:04:05Z,Run,2026-01-27 22:17:52+00:00,-8.04617911,-34.93577458,2.5299999713897705,89.0,167.0,818.0
2026-01-27T22:04:05Z,Run,2026-01-27 22:17:53+00:00,-8.04615846,-34.93576293,2.5299999713897705,89.0,167.0,819.0
2026-01-27T22:04:05Z,Run,2026-01-27 22:17:54+00:00,-8.04613812,-34.93575159,2.5299999713897705,89.0,168.0,820.0
2026-01-27T22:04:05Z,Run,2026-01-27 22:17:55+00:00,-8.0461178,-34.93574027,2.5299999713897705,89.0,168.0,821.0
2026-01-27T22:04:05Z,Run,2026-01-27 22:17:56+00:00,-8.04609781,-34.93572861,2.5299999713897705,89.0,168.0,822.0
2026-01-27T22:04:05Z,Run,2026-01-27 22:17:57+00:00,-8.04607714,-34.93571761,2.5399999618530273,88.0,169.0,823.0
2026-01-27T22:04:05Z,Run,2026-01-27 22:17:58+00:00,-8.04605649,-34.93570695,2.5399999618530273,89.0,169.0,824.0
2026-01-27T22:04:05Z,Run,2026-01-27 22:17:59+00:00,-8.04603583,-34.93569661,2.5399999618530273,89.0,169.0,825.0
2026-01-27T22:04:05Z,Run,2026-01-27 22:18:00+00:00,-8.04601516,-34.93568628,2.5399999618530273,89.0,169.0,826.0
2026-01-27T22:04:05Z,Run,2026-01-27 22:18:01+00:00,-8.04599484,-34.93567562,2.5399999618530273,90.0,170.0,827.0
2026-01-27T22:04:05Z,Run,2026-01-27 22:18:02+00:00,-8.04597517,-34.9356643,2.5399999618530273,90.0,170.0,828.0
2026-01-27T22:04:05Z,Run,2026-01-27 22:18:03+00:00,-8.04595518,-34.9356533,2.549999952316284,90.0,169.0,829.0
2026-01-27T22:04:05Z,Run,2026-01-27 22:18:04+00:00,-8.04593652,-34.93564198,2.549999952316284,89.0,169.0,830.0
2026-01-27T22:04:05Z,Run,2026-01-27 22:18:05+00:00,-8.04591719,-34.93563032,2.549999952316284,89.0,169.0,831.0
2026-01-27T22:04:05Z,Run,2026-01-27 22:18:06+00:00,-8.04589786,-34.93561932,2.549999952316284,89.0,169.0,832.0
2026-01-27T22:04:05Z,Run,2026-01-27 22:18:07+00:00,-8.0458772,-34.93560766,2.5399999618530273,89.0,170.0,833.0
2026-01-27T22:04:05Z,Run,2026-01-27 22:18:08+00:00,-8.04585821,-34.935597,2.5399999618530273,89.0,171.0,834.0
2026-01-27T22:04:05Z,Run,2026-01-27 22:18:09+00:00,-8.04583922,-34.935586,2.5399999618530273,89.0,173.0,835.0
2026-01-27T22:04:05Z,Run,2026-01-27 22:18:10+00:00,-8.04581957,-34.93557434,2.5399999618530273,89.0,174.0,836.0
2026-01-27T22:04:05Z,Run,2026-01-27 22:18:11+00:00,-8.04580058,-34.93556201,2.5299999713897705,89.0,175.0,837.0
2026-01-27T22:04:05Z,Run,2026-01-27 22:18:12+00:00,-8.04578125,-34.93554935,2.5299999713897705,89.0,175.0,838.0
2026-01-27T22:04:05Z,Run,2026-01-27 22:18:13+00:00,-8.04576159,-34.93553668,2.5299999713897705,89.0,176.0,839.0
2026-01-27T22:04:05Z,Run,2026-01-27 22:18:14+00:00,-8.04574093,-34.93552403,2.5299999713897705,89.0,176.0,840.0
2026-01-27T22:04:05Z,Run,2026-01-27 22:18:15+00:00,-8.04572094,-34.93551237,2.5299999713897705,88.0,178.0,841.0
2026-01-27T22:04:05Z,Run,2026-01-27 22:18:16+00:00,-8.04570127,-34.93550071,2.5399999618530273,88.0,177.0,842.0
2026-01-27T22:04:05Z,Run,2026-01-27 22:18:17+00:00,-8.04568327,-34.93548905,2.5399999618530273,88.0,177.0,843.0
2026-01-27T22:04:05Z,Run,2026-01-27 22:18:18+00:00,-8.04566562,-34.93547805,2.5399999618530273,88.0,177.0,844.0
2026-01-27T22:04:05Z,Run,2026-01-27 22:18:19+00:00,-8.04564895,-34.93546739,2.5399999618530273,88.0,176.0,845.0
2026-01-27T22:04:05Z,Run,2026-01-27 22:18:20+00:00,-8.04563129,-34.93545607,2.5399999618530273,88.0,175.0,846.0
2026-01-27T22:04:05Z,Run,2026-01-27 22:18:21+00:00,-8.04561329,-34.9354454,2.5399999618530273,88.0,175.0,847.0
2026-01-27T22:04:05Z,Run,2026-01-27 22:18:22+00:00,-8.04559463,-34.93543573,2.5399999618530273,88.0,176.0,848.0
2026-01-27T22:04:05Z,Run,2026-01-27 22:18:23+00:00,-8.04557597,-34.93542574,2.5299999713897705,89.0,175.0,849.0
2026-01-27T22:04:05Z,Run,2026-01-27 22:18:24+00:00,-8.04555698,-34.93541774,2.5299999713897705,89.0,175.0,850.0
2026-01-27T22:04:05Z,Run,2026-01-27 22:18:25+00:00,-8.04553898,-34.93541308,2.5299999713897705,89.0,175.0,851.0
2026-01-27T22:04:05Z,Run,2026-01-27 22:18:26+00:00,-8.04552066,-34.93541041,2.5199999809265137,89.0,175.0,852.0
2026-01-27T22:04:05Z,Run,2026-01-27 22:18:27+00:00,-8.0455,-34.93540875,2.509999990463257,89.0,176.0,853.0
2026-01-27T22:04:05Z,Run,2026-01-27 22:18:28+00:00,-8.04548033,-34.93540709,2.509999990463257,89.0,177.0,854.0
2026-01-27T22:04:05Z,Run,2026-01-27 22:18:29+00:00,-8.04545767,-34.93540276,2.5,88.0,177.0,855.0
2026-01-27T22:04:05Z,Run,2026-01-27 22:18:30+00:00,-8.04543501,-34.93539711,2.5,88.0,177.0,856.0
2026-01-27T22:04:05Z,Run,2026-01-27 22:18:31+00:00,-8.04541469,-34.93538944,2.5,89.0,177.0,857.0
2026-01-27T22:04:05Z,Run,2026-01-27 22:18:32+00:00,-8.0453947,-34.93537978,2.490000009536743,89.0,178.0,858.0
2026-01-27T22:04:05Z,Run,2026-01-27 22:18:33+00:00,-8.04537436,-34.93536912,2.4800000190734863,89.0,178.0,859.0
2026-01-27T22:04:05Z,Run,2026-01-27 22:18:34+00:00,-8.04535371,-34.93535678,2.4800000190734863,89.0,178.0,860.0
2026-01-27T22:04:05Z,Run,2026-01-27 22:18:35+00:00,-8.04533571,-34.93534546,2.4800000190734863,88.0,179.0,861.0
2026-01-27T22:04:05Z,Run,2026-01-27 22:18:36+00:00,-8.04532005,-34.93533547,2.4800000190734863,88.0,179.0,862.0
2026-01-27T22:04:05Z,Run,2026-01-27 22:18:37+00:00,-8.04530372,-34.93532415,2.4800000190734863,88.0,181.0,863.0
2026-01-27T22:04:05Z,Run,2026-01-27 22:18:38+00:00,-8.04528606,-34.93531348,2.4800000190734863,88.0,182.0,864.0
2026-01-27T22:04:05Z,Run,2026-01-27 22:18:39+00:00,-8.04526939,-34.93530315,2.4700000286102295,88.0,183.0,865.0
2026-01-27T22:04:05Z,Run,2026-01-27 22:18:40+00:00,-8.04525307,-34.93529449,2.4700000286102295,88.0,184.0,866.0
2026-01-27T22:04:05Z,Run,2026-01-27 22:18:41+00:00,-8.04523607,-34.93528517,2.4600000381469727,89.0,184.0,867.0
2026-01-27T22:04:05Z,Run,2026-01-27 22:18:42+00:00,-8.04521775,-34.93527517,2.4600000381469727,89.0,184.0,868.0
2026-01-27T22:04:05Z,Run,2026-01-27 22:18:43+00:00,-8.04519876,-34.93526484,2.4600000381469727,88.0,184.0,869.0
2026-01-27T22:04:05Z,Run,2026-01-27 22:18:44+00:00,-8.04517776,-34.93525352,2.4600000381469727,88.0,184.0,870.0
2026-01-27T22:04:05Z,Run,2026-01-27 22:18:45+00:00,-8.04515943,-34.93524285,2.450000047683716,88.0,184.0,871.0
2026-01-27T22:04:05Z,Run,2026-01-27 22:18:46+00:00,-8.04513877,-34.93523086,2.450000047683716,89.0,184.0,872.0
2026-01-27T22:04:05Z,Run,2026-01-27 22:18:47+00:00,-8.04511777,-34.93522053,2.450000047683716,89.0,182.0,873.0
2026-01-27T22:04:05Z,Run,2026-01-27 22:18:48+00:00,-8.04509677,-34.93520953,2.450000047683716,89.0,182.0,874.0
2026-01-27T22:04:05Z,Run,2026-01-27 22:18:49+00:00,-8.04507878,-34.93519821,2.440000057220459,89.0,181.0,875.0
2026-01-27T22:04:05Z,Run,2026-01-27 22:18:50+00:00,-8.04505979,-34.93518687,2.440000057220459,89.0,181.0,876.0
2026-01-27T22:04:05Z,Run,2026-01-27 22:18:51+00:00,-8.0450408,-34.93517555,2.440000057220459,88.0,181.0,877.0
2026-01-27T22:04:05Z,Run,2026-01-27 22:18:52+00:00,-8.04502046,-34.93516356,2.440000057220459,88.0,182.0,878.0
2026-01-27T22:04:05Z,Run,2026-01-27 22:18:53+00:00,-8.04500014,-34.93515224,2.450000047683716,88.0,182.0,879.0
2026-01-27T22:04:05Z,Run,2026-01-27 22:18:54+00:00,-8.04498081,-34.93514124,2.450000047683716,88.0,182.0,880.0
2026-01-27T22:04:05Z,Run,2026-01-27 22:18:55+00:00,-8.04495982,-34.93512824,2.450000047683716,90.0,183.0,881.0
2026-01-27T22:04:05Z,Run,2026-01-27 22:18:56+00:00,-8.04493849,-34.93511591,2.450000047683716,89.0,183.0,882.0
2026-01-27T22:04:05Z,Run,2026-01-27 22:18:57+00:00,-8.04491616,-34.93510358,2.450000047683716,89.0,182.0,883.0
2026-01-27T22:04:05Z,Run,2026-01-27 22:18:58+00:00,-8.04489616,-34.93509292,2.5,89.0,182.0,884.0
2026-01-27T22:04:05Z,Run,2026-01-27 22:18:59+00:00,-8.04487817,-34.93508226,2.5299999713897705,89.0,182.0,885.0
2026-01-27T22:04:05Z,Run,2026-01-27 22:19:00+00:00,-8.04486184,-34.93507226,2.5299999713897705,89.0,182.0,886.0
2026-01-27T22:04:05Z,Run,2026-01-27 22:19:01+00:00,-8.04484718,-34.9350636,2.5299999713897705,89.0,182.0,887.0
2026-01-27T22:04:05Z,Run,2026-01-27 22:19:02+00:00,-8.04483385,-34.93505527,2.5399999618530273,89.0,181.0,888.0
2026-01-27T22:04:05Z,Run,2026-01-27 22:21:12+00:00,-8.04346519,-34.9342306,2.5399999618530273,89.0,153.0,1018.0
2026-01-27T22:04:05Z,Run,2026-01-27 22:21:13+00:00,-8.04347619,-34.93423126,2.5399999618530273,,151.0,1019.0
2026-01-27T22:04:05Z,Run,2026-01-27 22:21:14+00:00,-8.04349019,-34.93423425,2.5399999618530273,,151.0,1020.0
2026-01-27T22:04:05Z,Run,2026-01-27 22:21:15+00:00,-8.04350685,-34.93423925,2.5399999618530273,,151.0,1021.0
2026-01-27T22:04:05Z,Run,2026-01-27 22:21:16+00:00,-8.04352418,-34.93424658,0.0,,151.0,1022.0
2026-01-27T22:04:05Z,Run,2026-01-27 22:21:17+00:00,-8.04354218,-34.93425491,0.0,,151.0,1023.0
2026-01-27T22:04:05Z,Run,2026-01-27 22:21:18+00:00,-8.04356185,-34.93426357,0.0,,152.0,1024.0
2026-01-27T22:04:05Z,Run,2026-01-27 22:21:19+00:00,-8.04358184,-34.93427256,0.0,,152.0,1025.0
2026-01-27T22:04:05Z,Run,2026-01-27 22:21:20+00:00,-8.04360183,-34.93428155,0.0,,152.0,1026.0
2026-01-27T22:04:05Z,Run,2026-01-27 22:21:21+00:00,-8.04362416,-34.93429155,0.0,,152.0,1027.0
2026-01-27T22:04:05Z,Run,2026-01-27 22:21:22+00:00,-8.04364516,-34.93430054,0.0,,153.0,1028.0
2026-01-27T22:04:05Z,Run,2026-01-27 22:21:23+00:00,-8.04366582,-34.9343092,1.0399999618530273,,153.0,1029.0
2026-01-27T22:04:05Z,Run,2026-01-27 22:21:24+00:00,-8.04368682,-34.93431819,2.1700000762939453,,153.0,1030.0
2026-01-27T22:04:05Z,Run,2026-01-27 22:21:25+00:00,-8.04370881,-34.93432785,2.299999952316284,89.0,153.0,1031.0
2026-01-27T22:04:05Z,Run,2026-01-27 22:21:26+00:00,-8.04373047,-34.93433784,2.4000000953674316,89.0,153.0,1032.0
2026-01-27T22:04:05Z,Run,2026-01-27 22:21:27+00:00,-8.04375146,-34.93434851,2.4000000953674316,89.0,153.0,1033.0
2026-01-27T22:04:05Z,Run,2026-01-27 22:21:28+00:00,-8.04377113,-34.93435951,2.430000066757202,89.0,152.0,1034.0
2026-01-27T22:04:05Z,Run,2026-01-27 22:21:29+00:00,-8.04379113,-34.93437018,2.440000057220459,89.0,151.0,1035.0
2026-01-27T22:04:05Z,Run,2026-01-27 22:21:30+00:00,-8.04381079,-34.9343805,2.450000047683716,89.0,151.0,1036.0
2026-01-27T22:04:05Z,Run,2026-01-27 22:21:31+00:00,-8.04383145,-34.93439083,2.4800000190734863,89.0,151.0,1037.0
2026-01-27T22:04:05Z,Run,2026-01-27 22:21:32+00:00,-8.04385379,-34.93440049,2.5,89.0,151.0,1038.0
2026-01-27T22:04:05Z,Run,2026-01-27 22:21:33+00:00,-8.04387544,-34.93440982,2.5,89.0,151.0,1039.0
2026-01-27T22:04:05Z,Run,2026-01-27 22:21:34+00:00,-8.04389943,-34.93441648,2.5299999713897705,89.0,151.0,1040.0
2026-01-27T22:04:05Z,Run,2026-01-27 22:21:35+00:00,-8.04392309,-34.93442381,2.549999952316284,89.0,152.0,1041.0
2026-01-27T22:04:05Z,Run,2026-01-27 22:21:36+00:00,-8.04394542,-34.93443147,2.549999952316284,90.0,152.0,1042.0
2026-01-27T22:04:05Z,Run,2026-01-27 22:21:37+00:00,-8.04396776,-34.9344398,2.569999933242798,89.0,153.0,1043.0
2026-01-27T22:04:05Z,Run,2026-01-27 22:21:38+00:00,-8.04398975,-34.93444814,2.5899999141693115,89.0,155.0,1044.0
2026-01-27T22:04:05Z,Run,2026-01-27 22:21:39+00:00,-8.04401174,-34.93445714,2.5899999141693115,89.0,155.0,1045.0
2026-01-27T22:04:05Z,Run,2026-01-27 22:21:40+00:00,-8.04403339,-34.93446646,2.5999999046325684,89.0,155.0,1046.0
2026-01-27T22:04:05Z,Run,2026-01-27 22:21:41+00:00,-8.04405539,-34.93447512,2.5999999046325684,90.0,155.0,1047.0
2026-01-27T22:04:05Z,Run,2026-01-27 22:21:42+00:00,-8.04407638,-34.93448444,2.609999895095825,90.0,155.0,1048.0
2026-01-27T22:04:05Z,Run,2026-01-27 22:21:43+00:00,-8.04409771,-34.93449344,2.609999895095825,90.0,155.0,1049.0
2026-01-27T22:04:05Z,Run,2026-01-27 22:21:44+00:00,-8.04411871,-34.93450243,2.609999895095825,90.0,155.0,1050.0
2026-01-27T22:04:05Z,Run,2026-01-27 22:21:45+00:00,-8.04413937,-34.93451043,2.5999999046325684,90.0,155.0,1051.0
2026-01-27T22:04:05Z,Run,2026-01-27 22:21:46+00:00,-8.04415904,-34.93451842,2.5999999046325684,90.0,155.0,1052.0
2026-01-27T22:04:05Z,Run,2026-01-27 22:21:47+00:00,-8.04417836,-34.93452742,2.5899999141693115,89.0,155.0,1053.0
2026-01-27T22:04:05Z,Run,2026-01-27 22:21:48+00:00,-8.04419803,-34.93453708,2.569999933242798,89.0,155.0,1054.0
2026-01-27T22:04:05Z,Run,2026-01-27 22:21:49+00:00,-8.0442177,-34.9345464,2.5299999713897705,89.0,155.0,1055.0
2026-01-27T22:04:05Z,Run,2026-01-27 22:21:50+00:00,-8.04423802,-34.93455573,2.4700000286102295,90.0,155.0,1056.0
2026-01-27T22:04:05Z,Run,2026-01-27 22:21:51+00:00,-8.04425834,-34.93456539,2.4200000762939453,90.0,156.0,1057.0
2026-01-27T22:04:05Z,Run,2026-01-27 22:21:52+00:00,-8.04427868,-34.93457471,2.4200000762939453,90.0,156.0,1058.0
2026-01-27T22:04:05Z,Run,2026-01-27 22:21:53+00:00,-8.04429967,-34.93458205,2.4000000953674316,90.0,156.0,1059.0
2026-01-27T22:04:05Z,Run,2026-01-27 22:21:54+00:00,-8.044321,-34.93458671,2.4000000953674316,89.0,156.0,1060.0
2026-01-27T22:04:05Z,Run,2026-01-27 22:21:55+00:00,-8.04434267,-34.93458837,2.4000000953674316,89.0,156.0,1061.0
2026-01-27T22:04:05Z,Run,2026-01-27 22:21:56+00:00,-8.04436299,-34.93458638,2.4000000953674316,88.0,155.0,1062.0
2026-01-27T22:04:05Z,Run,2026-01-27 22:21:57+00:00,-8.04438331,-34.93458105,2.4000000953674316,89.0,155.0,1063.0
2026-01-27T22:04:05Z,Run,2026-01-27 22:21:58+00:00,-8.04440298,-34.93457271,2.4000000953674316,89.0,155.0,1064.0
2026-01-27T22:04:05Z,Run,2026-01-27 22:21:59+00:00,-8.04442097,-34.93456071,2.4000000953674316,89.0,155.0,1065.0
2026-01-27T22:04:05Z,Run,2026-01-27 22:22:00+00:00,-8.04443764,-34.93454739,2.4000000953674316,89.0,155.0,1066.0
2026-01-27T22:04:05Z,Run,2026-01-27 22:22:01+00:00,-8.04445129,-34.93453273,2.4000000953674316,88.0,155.0,1067.0
2026-01-27T22:04:05Z,Run,2026-01-27 22:22:02+00:00,-8.04446396,-34.9345164,2.4000000953674316,89.0,156.0,1068.0
2026-01-27T22:04:05Z,Run,2026-01-27 22:22:03+00:00,-8.04447563,-34.9345004,2.4000000953674316,89.0,156.0,1069.0
2026-01-27T22:04:05Z,Run,2026-01-27 22:22:04+00:00,-8.04448628,-34.93448373,2.4000000953674316,89.0,156.0,1070.0
2026-01-27T22:04:05Z,Run,2026-01-27 22:22:05+00:00,-8.04449627,-34.9344674,2.4000000953674316,89.0,156.0,1071.0
2026-01-27T22:04:05Z,Run,2026-01-27 22:22:06+00:00,-8.04450661,-34.93445041,2.4000000953674316,89.0,156.0,1072.0
2026-01-27T22:04:05Z,Run,2026-01-27 22:22:07+00:00,-8.04451694,-34.93443175,2.390000104904175,89.0,155.0,1073.0
2026-01-27T22:04:05Z,Run,2026-01-27 22:22:08+00:00,-8.0445266,-34.93441142,2.390000104904175,89.0,154.0,1074.0
2026-01-27T22:04:05Z,Run,2026-01-27 22:22:09+00:00,-8.04453526,-34.93439143,2.390000104904175,87.0,155.0,1075.0
2026-01-27T22:04:05Z,Run,2026-01-27 22:22:10+00:00,-8.04454325,-34.93437077,2.390000104904175,87.0,155.0,1076.0
2026-01-27T22:04:05Z,Run,2026-01-27 22:22:11+00:00,-8.04455191,-34.93435045,2.390000104904175,88.0,154.0,1077.0
2026-01-27T22:04:05Z,Run,2026-01-27 22:22:12+00:00,-8.04456124,-34.93432912,2.380000114440918,88.0,153.0,1078.0
2026-01-27T22:04:05Z,Run,2026-01-27 22:22:13+00:00,-8.0445709,-34.93430813,2.390000104904175,88.0,152.0,1079.0
2026-01-27T22:04:05Z,Run,2026-01-27 22:22:14+00:00,-8.0445809,-34.93428746,2.390000104904175,89.0,151.0,1080.0
2026-01-27T22:04:05Z,Run,2026-01-27 22:22:15+00:00,-8.04459089,-34.93426714,2.390000104904175,89.0,152.0,1081.0
2026-01-27T22:04:05Z,Run,2026-01-27 22:22:16+00:00,-8.04460021,-34.93424681,2.390000104904175,89.0,152.0,1082.0
2026-01-27T22:04:05Z,Run,2026-01-27 22:22:17+00:00,-8.04460988,-34.93422682,2.390000104904175,89.0,153.0,1083.0
2026-01-27T22:04:05Z,Run,2026-01-27 22:22:18+00:00,-8.04462021,-34.93420616,2.4000000953674316,89.0,154.0,1084.0
2026-01-27T22:04:05Z,Run,2026-01-27 22:22:19+00:00,-8.04463054,-34.93418517,2.4000000953674316,90.0,154.0,1085.0
2026-01-27T22:04:05Z,Run,2026-01-27 22:22:20+00:00,-8.04464119,-34.93416451,2.4000000953674316,89.0,153.0,1086.0
2026-01-27T22:04:05Z,Run,2026-01-27 22:22:21+00:00,-8.04465318,-34.93414351,2.4100000858306885,89.0,152.0,1087.0
2026-01-27T22:04:05Z,Run,2026-01-27 22:22:22+00:00,-8.04466585,-34.93412285,2.4100000858306885,89.0,152.0,1088.0
2026-01-27T22:04:05Z,Run,2026-01-27 22:22:23+00:00,-8.04467752,-34.93410185,2.4100000858306885,89.0,153.0,1089.0
2026-01-27T22:04:05Z,Run,2026-01-27 22:22:24+00:00,-8.04468851,-34.9340812,2.4200000762939453,89.0,152.0,1090.0
2026-01-27T22:04:05Z,Run,2026-01-27 22:22:25+00:00,-8.04469884,-34.93406021,2.4200000762939453,90.0,152.0,1091.0
2026-01-27T22:04:05Z,Run,2026-01-27 22:22:26+00:00,-8.04470817,-34.93403821,2.4200000762939453,90.0,153.0,1092.0
2026-01-27T22:04:05Z,Run,2026-01-27 22:22:27+00:00,-8.04471816,-34.93401654,2.430000066757202,90.0,153.0,1093.0
2026-01-27T22:04:05Z,Run,2026-01-27 22:22:28+00:00,-8.04472882,-34.93399388,2.430000066757202,90.0,153.0,1094.0
2026-01-27T22:04:05Z,Run,2026-01-27 22:22:29+00:00,-8.04473848,-34.93397356,2.430000066757202,90.0,153.0,1095.0
2026-01-27T22:04:05Z,Run,2026-01-27 22:22:30+00:00,-8.04474914,-34.93395289,2.440000057220459,90.0,153.0,1096.0
2026-01-27T22:04:05Z,Run,2026-01-27 22:22:31+00:00,-8.04475913,-34.9339339,2.450000047683716,90.0,153.0,1097.0
2026-01-27T22:04:05Z,Run,2026-01-27 22:22:32+00:00,-8.04476912,-34.9339149,2.450000047683716,90.0,153.0,1098.0
2026-01-27T22:04:05Z,Run,2026-01-27 22:22:33+00:00,-8.04478012,-34.93389525,2.450000047683716,90.0,153.0,1099.0
2026-01-27T22:04:05Z,Run,2026-01-27 22:22:34+00:00,-8.04479112,-34.93387558,2.4600000381469727,90.0,153.0,1100.0
2026-01-27T22:04:05Z,Run,2026-01-27 22:22:35+00:00,-8.04480046,-34.93385591,2.4600000381469727,90.0,153.0,1101.0
2026-01-27T22:04:05Z,Run,2026-01-27 22:22:36+00:00,-8.04480879,-34.93383559,2.4600000381469727,91.0,153.0,1102.0
2026-01-27T22:04:05Z,Run,2026-01-27 22:22:37+00:00,-8.04481745,-34.93381426,2.4600000381469727,91.0,153.0,1103.0
2026-01-27T22:04:05Z,Run,2026-01-27 22:22:38+00:00,-8.04482477,-34.93379259,2.4600000381469727,91.0,153.0,1104.0
2026-01-27T22:04:05Z,Run,2026-01-27 22:22:39+00:00,-8.04483109,-34.9337706,2.4700000286102295,90.0,153.0,1105.0
2026-01-27T22:04:05Z,Run,2026-01-27 22:22:40+00:00,-8.04483843,-34.9337466,2.4700000286102295,90.0,153.0,1106.0
2026-01-27T22:04:05Z,Run,2026-01-27 22:22:41+00:00,-8.04484543,-34.93372328,2.4700000286102295,90.0,153.0,1107.0
2026-01-27T22:04:05Z,Run,2026-01-27 22:22:42+00:00,-8.04485108,-34.93370161,2.4700000286102295,90.0,153.0,1108.0
2026-01-27T22:04:05Z,Run,2026-01-27 22:22:43+00:00,-8.04485675,-34.93367994,2.4700000286102295,91.0,153.0,1109.0
2026-01-27T22:04:05Z,Run,2026-01-27 22:22:44+00:00,-8.04486208,-34.93366095,2.4800000190734863,91.0,153.0,1110.0
2026-01-27T22:04:05Z,Run,2026-01-27 22:22:45+00:00,-8.04486941,-34.93364162,2.4800000190734863,91.0,153.0,1111.0
2026-01-27T22:04:05Z,Run,2026-01-27 22:22:46+00:00,-8.04487806,-34.93362163,2.4800000190734863,88.0,153.0,1112.0
2026-01-27T22:04:05Z,Run,2026-01-27 22:22:47+00:00,-8.0448864,-34.93360196,2.4800000190734863,88.0,153.0,1113.0
2026-01-27T22:04:05Z,Run,2026-01-27 22:22:48+00:00,-8.04489505,-34.9335813,2.4800000190734863,89.0,153.0,1114.0
2026-01-27T22:04:05Z,Run,2026-01-27 22:22:49+00:00,-8.04490372,-34.93356097,2.4800000190734863,90.0,163.0,1115.0
2026-01-27T22:04:05Z,Run,2026-01-27 22:22:50+00:00,-8.04491304,-34.93354065,2.4800000190734863,90.0,163.0,1116.0
2026-01-27T22:04:05Z,Run,2026-01-27 22:22:51+00:00,-8.04492303,-34.93351965,2.4800000190734863,90.0,164.0,1117.0
2026-01-27T22:04:05Z,Run,2026-01-27 22:22:52+00:00,-8.04493337,-34.93349866,2.4800000190734863,90.0,165.0,1118.0
2026-01-27T22:04:05Z,Run,2026-01-27 22:22:53+00:00,-8.04494469,-34.933478,2.4800000190734863,90.0,165.0,1119.0
2026-01-27T22:04:05Z,Run,2026-01-27 22:22:54+00:00,-8.04495668,-34.93345867,2.4800000190734863,90.0,166.0,1120.0
2026-01-27T22:04:05Z,Run,2026-01-27 22:22:55+00:00,-8.04496967,-34.933439,2.4800000190734863,90.0,166.0,1121.0
2026-01-27T22:04:05Z,Run,2026-01-27 22:22:56+00:00,-8.04498334,-34.933418,2.490000009536743,90.0,166.0,1122.0
2026-01-27T22:04:05Z,Run,2026-01-27 22:22:57+00:00,-8.044995,-34.93339935,2.490000009536743,90.0,167.0,1123.0
2026-01-27T22:04:05Z,Run,2026-01-27 22:22:58+00:00,-8.04500733,-34.93337936,2.5,90.0,167.0,1124.0
2026-01-27T22:04:05Z,Run,2026-01-27 22:22:59+00:00,-8.04501965,-34.93336002,2.5,90.0,167.0,1125.0
2026-01-27T22:04:05Z,Run,2026-01-27 22:23:00+00:00,-8.04503198,-34.93334102,2.5,90.0,168.0,1126.0
2026-01-27T22:04:05Z,Run,2026-01-27 22:23:01+00:00,-8.04504498,-34.93332137,2.5,90.0,168.0,1127.0
2026-01-27T22:04:05Z,Run,2026-01-27 22:23:02+00:00,-8.04505731,-34.93330138,2.5,91.0,169.0,1128.0
2026-01-27T22:04:05Z,Run,2026-01-27 22:23:03+00:00,-8.04506897,-34.93328204,2.5,90.0,170.0,1129.0
2026-01-27T22:04:05Z,Run,2026-01-27 22:23:04+00:00,-8.04507963,-34.93326338,2.509999990463257,90.0,171.0,1130.0
2026-01-27T22:04:05Z,Run,2026-01-27 22:23:05+00:00,-8.04509029,-34.93324505,2.509999990463257,90.0,171.0,1131.0
2026-01-27T22:04:05Z,Run,2026-01-27 22:23:06+00:00,-8.04510228,-34.93322605,2.509999990463257,90.0,171.0,1132.0
2026-01-27T22:04:05Z,Run,2026-01-27 22:23:07+00:00,-8.04511427,-34.93320773,2.509999990463257,90.0,171.0,1133.0
2026-01-27T22:04:05Z,Run,2026-01-27 22:23:08+00:00,-8.04512759,-34.93318973,2.509999990463257,90.0,171.0,1134.0
2026-01-27T22:04:05Z,Run,2026-01-27 22:23:09+00:00,-8.04514125,-34.93317306,2.509999990463257,90.0,169.0,1135.0
2026-01-27T22:04:05Z,Run,2026-01-27 22:23:10+00:00,-8.0451559,-34.93315574,2.5,90.0,169.0,1136.0
2026-01-27T22:04:05Z,Run,2026-01-27 22:23:11+00:00,-8.04516957,-34.93313941,2.5,90.0,169.0,1137.0
2026-01-27T22:04:05Z,Run,2026-01-27 22:23:12+00:00,-8.04518323,-34.93312242,2.5,90.0,169.0,1138.0
2026-01-27T22:04:05Z,Run,2026-01-27 22:23:13+00:00,-8.04519723,-34.93310543,2.5,90.0,169.0,1139.0
2026-01-27T22:04:05Z,Run,2026-01-27 22:23:14+00:00,-8.04521123,-34.93308909,2.5,90.0,169.0,1140.0
2026-01-27T22:04:05Z,Run,2026-01-27 22:23:15+00:00,-8.04522322,-34.93307144,2.5,91.0,168.0,1141.0
2026-01-27T22:04:05Z,Run,2026-01-27 22:23:16+00:00,-8.04523387,-34.93305411,2.5,91.0,168.0,1142.0
2026-01-27T22:04:05Z,Run,2026-01-27 22:23:17+00:00,-8.04524386,-34.93303446,2.5,91.0,168.0,1143.0
2026-01-27T22:04:05Z,Run,2026-01-27 22:23:18+00:00,-8.0452532,-34.93301579,2.5,89.0,168.0,1144.0
2026-01-27T22:04:05Z,Run,2026-01-27 22:23:19+00:00,-8.0452642,-34.93299646,2.5,89.0,168.0,1145.0
2026-01-27T22:04:05Z,Run,2026-01-27 22:23:20+00:00,-8.04527619,-34.9329748,2.5,90.0,168.0,1146.0
2026-01-27T22:04:05Z,Run,2026-01-27 22:23:21+00:00,-8.04528719,-34.93295448,2.5,90.0,167.0,1147.0
2026-01-27T22:04:05Z,Run,2026-01-27 22:23:22+00:00,-8.04529885,-34.93293514,2.5,90.0,167.0,1148.0
2026-01-27T22:04:05Z,Run,2026-01-27 22:23:23+00:00,-8.04531251,-34.93291881,2.5,90.0,167.0,1149.0
2026-01-27T22:04:05Z,Run,2026-01-27 22:23:24+00:00,-8.0453295,-34.93290415,2.5,90.0,167.0,1150.0
2026-01-27T22:04:05Z,Run,2026-01-27 22:23:25+00:00,-8.04534982,-34.93288882,2.5,90.0,167.0,1151.0
2026-01-27T22:04:05Z,Run,2026-01-27 22:23:26+00:00,-8.04536649,-34.93287316,2.509999990463257,90.0,167.0,1152.0
2026-01-27T22:04:05Z,Run,2026-01-27 22:23:27+00:00,-8.04537948,-34.93285584,2.509999990463257,90.0,167.0,1153.0
2026-01-27T22:04:05Z,Run,2026-01-27 22:23:28+00:00,-8.04538881,-34.93283817,2.509999990463257,90.0,167.0,1154.0
2026-01-27T22:04:05Z,Run,2026-01-27 22:23:29+00:00,-8.04539714,-34.93281985,2.509999990463257,90.0,167.0,1155.0
2026-01-27T22:04:05Z,Run,2026-01-27 22:23:30+00:00,-8.04540913,-34.93280118,2.509999990463257,90.0,167.0,1156.0
2026-01-27T22:04:05Z,Run,2026-01-27 22:23:31+00:00,-8.04542079,-34.93278019,2.509999990463257,90.0,167.0,1157.0
2026-01-27T22:04:05Z,Run,2026-01-27 22:23:32+00:00,-8.04543245,-34.9327602,2.509999990463257,90.0,167.0,1158.0
2026-01-27T22:04:05Z,Run,2026-01-27 22:23:33+00:00,-8.04544378,-34.93274054,2.509999990463257,89.0,168.0,1159.0
2026-01-27T22:04:05Z,Run,2026-01-27 22:23:34+00:00,-8.04545611,-34.93272221,2.509999990463257,89.0,168.0,1160.0
2026-01-27T22:04:05Z,Run,2026-01-27 22:23:35+00:00,-8.04547076,-34.93270789,2.509999990463257,89.0,168.0,1161.0
2026-01-27T22:04:05Z,Run,2026-01-27 22:23:36+00:00,-8.04548775,-34.93269789,2.509999990463257,89.0,169.0,1162.0
2026-01-27T22:04:05Z,Run,2026-01-27 22:23:37+00:00,-8.04550509,-34.93269357,2.509999990463257,89.0,169.0,1163.0
2026-01-27T22:04:05Z,Run,2026-01-27 22:23:38+00:00,-8.04552274,-34.93269357,2.509999990463257,89.0,169.0,1164.0
2026-01-27T22:04:05Z,Run,2026-01-27 22:23:39+00:00,-8.0455414,-34.93269656,2.509999990463257,89.0,168.0,1165.0
2026-01-27T22:04:05Z,Run,2026-01-27 22:23:40+00:00,-8.04556073,-34.93270021,2.509999990463257,90.0,167.0,1166.0
2026-01-27T22:04:05Z,Run,2026-01-27 22:23:41+00:00,-8.04558107,-34.93270288,2.509999990463257,90.0,167.0,1167.0
2026-01-27T22:04:05Z,Run,2026-01-27 22:23:42+00:00,-8.04560139,-34.9327062,2.5,90.0,167.0,1168.0
2026-01-27T22:04:05Z,Run,2026-01-27 22:23:43+00:00,-8.04562138,-34.93270987,2.490000009536743,90.0,167.0,1169.0
2026-01-27T22:04:05Z,Run,2026-01-27 22:23:44+00:00,-8.04564204,-34.93271386,2.4800000190734863,90.0,168.0,1170.0
2026-01-27T22:04:05Z,Run,2026-01-27 22:23:45+00:00,-8.04566236,-34.93271886,2.4800000190734863,91.0,168.0,1171.0
2026-01-27T22:04:05Z,Run,2026-01-27 22:23:46+00:00,-8.04568303,-34.93272386,2.4700000286102295,91.0,167.0,1172.0
2026-01-27T22:04:05Z,Run,2026-01-27 22:23:47+00:00,-8.04570602,-34.93272885,2.4600000381469727,91.0,167.0,1173.0
2026-01-27T22:04:05Z,Run,2026-01-27 22:23:48+00:00,-8.04573035,-34.93273418,2.4600000381469727,91.0,167.0,1174.0
2026-01-27T22:04:05Z,Run,2026-01-27 22:23:49+00:00,-8.04575468,-34.93274085,2.450000047683716,91.0,166.0,1175.0
2026-01-27T22:04:05Z,Run,2026-01-27 22:23:50+00:00,-8.04577802,-34.93274784,2.450000047683716,91.0,166.0,1176.0
2026-01-27T22:04:05Z,Run,2026-01-27 22:23:51+00:00,-8.04580201,-34.93275683,2.450000047683716,90.0,166.0,1177.0
2026-01-27T22:04:05Z,Run,2026-01-27 22:23:52+00:00,-8.04582666,-34.9327675,2.450000047683716,90.0,166.0,1178.0
2026-01-27T22:04:05Z,Run,2026-01-27 22:23:53+00:00,-8.045852,-34.93277716,2.450000047683716,90.0,166.0,1179.0
2026-01-27T22:04:05Z,Run,2026-01-27 22:23:54+00:00,-8.04587899,-34.93278549,2.450000047683716,90.0,166.0,1180.0
2026-01-27T22:04:05Z,Run,2026-01-27 22:23:55+00:00,-8.04590532,-34.93279415,2.450000047683716,90.0,166.0,1181.0
2026-01-27T22:04:05Z,Run,2026-01-27 22:23:56+00:00,-8.04592898,-34.93280348,2.450000047683716,89.0,166.0,1182.0
2026-01-27T22:04:05Z,Run,2026-01-27 22:23:57+00:00,-8.04595198,-34.9328128,2.4600000381469727,90.0,165.0,1183.0
2026-01-27T22:04:05Z,Run,2026-01-27 22:23:58+00:00,-8.0459733,-34.93282247,2.4600000381469727,90.0,166.0,1184.0
2026-01-27T22:04:05Z,Run,2026-01-27 22:23:59+00:00,-8.04599563,-34.93283112,2.4700000286102295,90.0,166.0,1185.0
2026-01-27T22:04:05Z,Run,2026-01-27 22:24:00+00:00,-8.04601897,-34.93283978,2.4700000286102295,90.0,166.0,1186.0
2026-01-27T22:04:05Z,Run,2026-01-27 22:24:01+00:00,-8.0460433,-34.93284811,2.4800000190734863,90.0,166.0,1187.0
2026-01-27T22:04:05Z,Run,2026-01-27 22:24:02+00:00,-8.04606596,-34.93285544,2.4800000190734863,91.0,166.0,1188.0
2026-01-27T22:04:05Z,Run,2026-01-27 22:24:03+00:00,-8.04608761,-34.9328621,2.490000009536743,91.0,167.0,1189.0
2026-01-27T22:04:05Z,Run,2026-01-27 22:24:04+00:00,-8.04610827,-34.93286777,2.5,91.0,167.0,1190.0
2026-01-27T22:04:05Z,Run,2026-01-27 22:24:05+00:00,-8.0461306,-34.9328731,2.5,91.0,167.0,1191.0
2026-01-27T22:04:05Z,Run,2026-01-27 22:24:06+00:00,-8.04615459,-34.93287877,2.5,91.0,167.0,1192.0
2026-01-27T22:04:05Z,Run,2026-01-27 22:24:07+00:00,-8.04617693,-34.93288543,2.5,90.0,167.0,1193.0
2026-01-27T22:04:05Z,Run,2026-01-27 22:24:08+00:00,-8.04619958,-34.93289376,2.5,90.0,168.0,1194.0
2026-01-27T22:04:05Z,Run,2026-01-27 22:24:09+00:00,-8.04622292,-34.93289909,2.509999990463257,91.0,168.0,1195.0
2026-01-27T22:04:05Z,Run,2026-01-27 22:24:10+00:00,-8.04624525,-34.93290409,2.509999990463257,91.0,169.0,1196.0
2026-01-27T22:04:05Z,Run,2026-01-27 22:24:11+00:00,-8.04626557,-34.93290775,2.509999990463257,90.0,169.0,1197.0
2026-01-27T22:04:05Z,Run,2026-01-27 22:24:12+00:00,-8.04628857,-34.93290975,2.509999990463257,90.0,169.0,1198.0
2026-01-27T22:04:05Z,Run,2026-01-27 22:24:13+00:00,-8.04631324,-34.93291107,2.509999990463257,90.0,169.0,1199.0
2026-01-27T22:04:05Z,Run,2026-01-27 22:24:14+00:00,-8.0463369,-34.9329114,2.509999990463257,90.0,169.0,1200.0
2026-01-27T22:04:05Z,Run,2026-01-27 22:24:15+00:00,-8.04636022,-34.93291172,2.509999990463257,90.0,169.0,1201.0
2026-01-27T22:04:05Z,Run,2026-01-27 22:24:16+00:00,-8.04638255,-34.9329114,2.509999990463257,90.0,169.0,1202.0
2026-01-27T22:04:05Z,Run,2026-01-27 22:24:17+00:00,-8.04640388,-34.93291107,2.509999990463257,90.0,173.0,1203.0
2026-01-27T22:04:05Z,Run,2026-01-27 22:24:18+00:00,-8.04642354,-34.9329114,2.509999990463257,90.0,173.0,1204.0
2026-01-27T22:04:05Z,Run,2026-01-27 22:24:19+00:00,-8.04644453,-34.93291074,2.509999990463257,90.0,174.0,1205.0
2026-01-27T22:04:05Z,Run,2026-01-27 22:24:20+00:00,-8.04646553,-34.93291106,2.509999990463257,90.0,174.0,1206.0
2026-01-27T22:04:05Z,Run,2026-01-27 22:24:21+00:00,-8.0464852,-34.93291273,2.509999990463257,90.0,174.0,1207.0
2026-01-27T22:04:05Z,Run,2026-01-27 22:24:22+00:00,-8.0465052,-34.93291672,2.509999990463257,90.0,174.0,1208.0
2026-01-27T22:04:05Z,Run,2026-01-27 22:24:23+00:00,-8.04652386,-34.93291905,2.509999990463257,91.0,174.0,1209.0
2026-01-27T22:04:05Z,Run,2026-01-27 22:24:24+00:00,-8.04654418,-34.93291971,2.509999990463257,91.0,174.0,1210.0
2026-01-27T22:04:05Z,Run,2026-01-27 22:24:25+00:00,-8.04656417,-34.93292104,2.509999990463257,91.0,174.0,1211.0
2026-01-27T22:04:05Z,Run,2026-01-27 22:24:26+00:00,-8.04658817,-34.93292038,2.509999990463257,91.0,175.0,1212.0
2026-01-27T22:04:05Z,Run,2026-01-27 22:24:27+00:00,-8.04661083,-34.93291805,2.5,90.0,175.0,1213.0
2026-01-27T22:04:05Z,Run,2026-01-27 22:24:28+00:00,-8.04663382,-34.93291672,2.5,90.0,176.0,1214.0
2026-01-27T22:04:05Z,Run,2026-01-27 22:24:29+00:00,-8.04665414,-34.9329154,2.5,90.0,175.0,1215.0
2026-01-27T22:04:05Z,Run,2026-01-27 22:24:30+00:00,-8.04667313,-34.93291207,2.490000009536743,90.0,175.0,1216.0
2026-01-27T22:04:05Z,Run,2026-01-27 22:24:31+00:00,-8.04669313,-34.93290341,2.490000009536743,90.0,175.0,1217.0
2026-01-27T22:04:05Z,Run,2026-01-27 22:24:32+00:00,-8.04671145,-34.93289275,2.490000009536743,90.0,175.0,1218.0
2026-01-27T22:04:05Z,Run,2026-01-27 22:24:33+00:00,-8.04672711,-34.93287843,2.4800000190734863,90.0,175.0,1219.0
2026-01-27T22:04:05Z,Run,2026-01-27 22:24:34+00:00,-8.04673978,-34.93286109,2.4800000190734863,90.0,174.0,1220.0
2026-01-27T22:04:05Z,Run,2026-01-27 22:24:35+00:00,-8.04674811,-34.93284077,2.4800000190734863,90.0,173.0,1221.0
2026-01-27T22:04:05Z,Run,2026-01-27 22:24:36+00:00,-8.04675277,-34.93281945,2.4800000190734863,90.0,173.0,1222.0
2026-01-27T22:04:05Z,Run,2026-01-27 22:24:37+00:00,-8.04675477,-34.93279845,2.4800000190734863,90.0,173.0,1223.0
2026-01-27T22:04:05Z,Run,2026-01-27 22:24:38+00:00,-8.04675111,-34.93277678,2.4700000286102295,90.0,173.0,1224.0
2026-01-27T22:04:05Z,Run,2026-01-27 22:24:39+00:00,-8.04674711,-34.93275412,2.4700000286102295,90.0,173.0,1225.0
2026-01-27T22:04:05Z,Run,2026-01-27 22:24:40+00:00,-8.04674412,-34.9327288,2.4600000381469727,90.0,173.0,1226.0
2026-01-27T22:04:05Z,Run,2026-01-27 22:24:41+00:00,-8.04674113,-34.93270314,2.4600000381469727,90.0,174.0,1227.0
2026-01-27T22:04:05Z,Run,2026-01-27 22:24:42+00:00,-8.0467378,-34.93267949,2.4600000381469727,90.0,174.0,1228.0
2026-01-27T22:04:05Z,Run,2026-01-27 22:24:43+00:00,-8.04673314,-34.93265582,2.4600000381469727,90.0,174.0,1229.0
2026-01-27T22:04:05Z,Run,2026-01-27 22:24:44+00:00,-8.04672914,-34.93263216,2.4600000381469727,90.0,174.0,1230.0
2026-01-27T22:04:05Z,Run,2026-01-27 22:24:45+00:00,-8.04672415,-34.93260783,2.4700000286102295,90.0,174.0,1231.0
2026-01-27T22:04:05Z,Run,2026-01-27 22:24:46+00:00,-8.04671748,-34.93258584,2.4800000190734863,90.0,175.0,1232.0
2026-01-27T22:04:05Z,Run,2026-01-27 22:24:47+00:00,-8.04670983,-34.93256451,2.4800000190734863,90.0,175.0,1233.0
2026-01-27T22:04:05Z,Run,2026-01-27 22:24:48+00:00,-8.04669917,-34.93254351,2.4800000190734863,90.0,175.0,1234.0
2026-01-27T22:04:05Z,Run,2026-01-27 22:24:49+00:00,-8.04668884,-34.93252285,2.4800000190734863,90.0,175.0,1235.0
2026-01-27T22:04:05Z,Run,2026-01-27 22:24:50+00:00,-8.04667851,-34.93250253,2.4800000190734863,90.0,175.0,1236.0
2026-01-27T22:04:05Z,Run,2026-01-27 22:24:51+00:00,-8.04666886,-34.93248319,2.490000009536743,90.0,174.0,1237.0
2026-01-27T22:04:05Z,Run,2026-01-27 22:24:52+00:00,-8.04665952,-34.9324632,2.490000009536743,90.0,173.0,1238.0
2026-01-27T22:04:05Z,Run,2026-01-27 22:24:53+00:00,-8.04664953,-34.93244221,2.490000009536743,90.0,173.0,1239.0
2026-01-27T22:04:05Z,Run,2026-01-27 22:24:54+00:00,-8.04663754,-34.93242221,2.490000009536743,90.0,173.0,1240.0
2026-01-27T22:04:05Z,Run,2026-01-27 22:24:55+00:00,-8.04662321,-34.93240256,2.5,89.0,173.0,1241.0
2026-01-27T22:04:05Z,Run,2026-01-27 22:24:56+00:00,-8.04660755,-34.93238157,2.5,89.0,173.0,1242.0
2026-01-27T22:04:05Z,Run,2026-01-27 22:24:57+00:00,-8.04659123,-34.93236124,2.5,89.0,172.0,1243.0
2026-01-27T22:04:05Z,Run,2026-01-27 22:24:58+00:00,-8.04657456,-34.93233958,2.5,89.0,171.0,1244.0
2026-01-27T22:04:05Z,Run,2026-01-27 22:24:59+00:00,-8.04655856,-34.93231659,2.5,89.0,171.0,1245.0
2026-01-27T22:04:05Z,Run,2026-01-27 22:25:00+00:00,-8.04654291,-34.9322966,2.5,89.0,171.0,1246.0
2026-01-27T22:04:05Z,Run,2026-01-27 22:25:01+00:00,-8.04652624,-34.93227661,2.5,89.0,172.0,1247.0
2026-01-27T22:04:05Z,Run,2026-01-27 22:25:02+00:00,-8.04651125,-34.93225662,2.5,89.0,172.0,1248.0
2026-01-27T22:04:05Z,Run,2026-01-27 22:25:03+00:00,-8.04649793,-34.93223628,2.509999990463257,89.0,172.0,1249.0
2026-01-27T22:04:05Z,Run,2026-01-27 22:25:04+00:00,-8.04648459,-34.93221629,2.509999990463257,90.0,172.0,1250.0
2026-01-27T22:04:05Z,Run,2026-01-27 22:25:05+00:00,-8.04647127,-34.93219696,2.5199999809265137,90.0,173.0,1251.0
2026-01-27T22:04:05Z,Run,2026-01-27 22:25:06+00:00,-8.0464586,-34.93217864,2.5199999809265137,90.0,173.0,1252.0
2026-01-27T22:04:05Z,Run,2026-01-27 22:25:07+00:00,-8.04644561,-34.93215897,2.5299999713897705,90.0,172.0,1253.0
2026-01-27T22:04:05Z,Run,2026-01-27 22:25:08+00:00,-8.04643362,-34.93213997,2.5299999713897705,90.0,172.0,1254.0
2026-01-27T22:04:05Z,Run,2026-01-27 22:25:09+00:00,-8.04642062,-34.93212231,2.5299999713897705,90.0,172.0,1255.0
2026-01-27T22:04:05Z,Run,2026-01-27 22:25:10+00:00,-8.04640763,-34.93210431,2.5299999713897705,90.0,172.0,1256.0
2026-01-27T22:04:05Z,Run,2026-01-27 22:25:11+00:00,-8.0463933,-34.93208666,2.5299999713897705,90.0,170.0,1257.0
2026-01-27T22:04:05Z,Run,2026-01-27 22:25:12+00:00,-8.04637831,-34.93206833,2.5299999713897705,90.0,169.0,1258.0
2026-01-27T22:04:05Z,Run,2026-01-27 22:25:13+00:00,-8.04636265,-34.93205167,2.5299999713897705,90.0,169.0,1259.0
2026-01-27T22:04:05Z,Run,2026-01-27 22:25:14+00:00,-8.04634965,-34.93203667,2.5299999713897705,90.0,169.0,1260.0
2026-01-27T22:04:05Z,Run,2026-01-27 22:25:15+00:00,-8.046338,-34.93202101,2.5299999713897705,90.0,169.0,1261.0
2026-01-27T22:04:05Z,Run,2026-01-27 22:25:16+00:00,-8.04632566,-34.93200501,2.5299999713897705,90.0,169.0,1262.0
2026-01-27T22:04:05Z,Run,2026-01-27 22:25:17+00:00,-8.04631267,-34.93199002,2.5299999713897705,90.0,170.0,1263.0
2026-01-27T22:04:05Z,Run,2026-01-27 22:25:18+00:00,-8.04629834,-34.93197402,2.5299999713897705,90.0,170.0,1264.0
2026-01-27T22:04:05Z,Run,2026-01-27 22:25:19+00:00,-8.04628434,-34.93195936,2.5299999713897705,90.0,169.0,1265.0
2026-01-27T22:04:05Z,Run,2026-01-27 22:25:20+00:00,-8.04626901,-34.93194336,2.5299999713897705,90.0,169.0,1266.0
2026-01-27T22:04:05Z,Run,2026-01-27 22:25:21+00:00,-8.04624102,-34.93191771,2.509999990463257,90.0,169.0,1267.0
2026-01-27T22:04:05Z,Run,2026-01-27 22:25:22+00:00,-8.04622568,-34.93190605,2.509999990463257,90.0,168.0,1268.0
2026-01-27T22:04:05Z,Run,2026-01-27 22:25:23+00:00,-8.04621035,-34.93189505,2.509999990463257,90.0,168.0,1269.0
2026-01-27T22:04:05Z,Run,2026-01-27 22:25:24+00:00,-8.04619369,-34.93188405,2.5,90.0,168.0,1270.0
2026-01-27T22:04:05Z,Run,2026-01-27 22:25:25+00:00,-8.04617537,-34.93187206,2.5,90.0,168.0,1271.0
2026-01-27T22:04:05Z,Run,2026-01-27 22:25:26+00:00,-8.04615737,-34.93185973,2.5,90.0,167.0,1272.0
2026-01-27T22:04:05Z,Run,2026-01-27 22:25:27+00:00,-8.04613838,-34.93184707,2.490000009536743,90.0,167.0,1273.0
2026-01-27T22:04:05Z,Run,2026-01-27 22:25:28+00:00,-8.04612006,-34.93183508,2.4800000190734863,90.0,168.0,1274.0
2026-01-27T22:04:05Z,Run,2026-01-27 22:25:29+00:00,-8.04610073,-34.93182175,2.4800000190734863,90.0,168.0,1275.0
2026-01-27T22:04:05Z,Run,2026-01-27 22:25:30+00:00,-8.04608207,-34.93180841,2.4700000286102295,90.0,169.0,1276.0
2026-01-27T22:04:05Z,Run,2026-01-27 22:25:31+00:00,-8.0460654,-34.93179609,2.4700000286102295,90.0,169.0,1277.0
2026-01-27T22:04:05Z,Run,2026-01-27 22:25:32+00:00,-8.04605073,-34.93178276,2.4600000381469727,90.0,169.0,1278.0
2026-01-27T22:04:05Z,Run,2026-01-27 22:25:33+00:00,-8.04603374,-34.93177176,2.4600000381469727,90.0,169.0,1279.0
2026-01-27T22:04:05Z,Run,2026-01-27 22:25:34+00:00,-8.04601809,-34.9317601,2.4600000381469727,90.0,169.0,1280.0
2026-01-27T22:04:05Z,Run,2026-01-27 22:25:35+00:00,-8.04600209,-34.93174778,2.4600000381469727,90.0,169.0,1281.0
2026-01-27T22:04:05Z,Run,2026-01-27 22:25:36+00:00,-8.04598409,-34.93173744,2.4600000381469727,90.0,169.0,1282.0
2026-01-27T22:04:05Z,Run,2026-01-27 22:25:37+00:00,-8.04596576,-34.93172711,2.4600000381469727,90.0,169.0,1283.0
2026-01-27T22:04:05Z,Run,2026-01-27 22:25:38+00:00,-8.0459471,-34.93171745,2.450000047683716,90.0,169.0,1284.0
2026-01-27T22:04:05Z,Run,2026-01-27 22:25:39+00:00,-8.04592943,-34.93170779,2.450000047683716,90.0,170.0,1285.0
2026-01-27T22:04:05Z,Run,2026-01-27 22:25:40+00:00,-8.04591176,-34.9316968,2.440000057220459,90.0,170.0,1286.0
2026-01-27T22:04:05Z,Run,2026-01-27 22:25:41+00:00,-8.04589344,-34.93168713,2.430000066757202,90.0,171.0,1287.0
2026-01-27T22:04:05Z,Run,2026-01-27 22:25:42+00:00,-8.04587477,-34.93167814,2.430000066757202,90.0,172.0,1288.0
2026-01-27T22:04:05Z,Run,2026-01-27 22:25:43+00:00,-8.04585578,-34.93166981,2.430000066757202,90.0,172.0,1289.0
2026-01-27T22:04:05Z,Run,2026-01-27 22:25:44+00:00,-8.04583679,-34.93166181,2.430000066757202,90.0,172.0,1290.0
2026-01-27T22:04:05Z,Run,2026-01-27 22:25:45+00:00,-8.0458178,-34.93165515,2.4200000762939453,90.0,172.0,1291.0
2026-01-27T22:04:05Z,Run,2026-01-27 22:25:46+00:00,-8.04579914,-34.93164715,2.4200000762939453,90.0,172.0,1292.0
2026-01-27T22:04:05Z,Run,2026-01-27 22:25:47+00:00,-8.04578081,-34.93163849,2.4100000858306885,90.0,173.0,1293.0
2026-01-27T22:04:05Z,Run,2026-01-27 22:25:48+00:00,-8.04576182,-34.93162783,2.4000000953674316,90.0,174.0,1294.0
2026-01-27T22:04:05Z,Run,2026-01-27 22:25:49+00:00,-8.04574249,-34.93161683,2.4000000953674316,90.0,174.0,1295.0
2026-01-27T22:04:05Z,Run,2026-01-27 22:25:50+00:00,-8.04572282,-34.93160517,2.4000000953674316,90.0,174.0,1296.0
2026-01-27T22:04:05Z,Run,2026-01-27 22:25:51+00:00,-8.0457035,-34.93159385,2.4000000953674316,90.0,174.0,1297.0
2026-01-27T22:04:05Z,Run,2026-01-27 22:25:52+00:00,-8.0456835,-34.93158385,2.390000104904175,90.0,173.0,1298.0
2026-01-27T22:04:05Z,Run,2026-01-27 22:25:53+00:00,-8.04566418,-34.93157419,2.390000104904175,90.0,173.0,1299.0
2026-01-27T22:04:05Z,Run,2026-01-27 22:25:54+00:00,-8.04564451,-34.93156586,2.390000104904175,90.0,173.0,1300.0
2026-01-27T22:04:05Z,Run,2026-01-27 22:25:55+00:00,-8.04562484,-34.9315572,2.390000104904175,90.0,173.0,1301.0
2026-01-27T22:04:05Z,Run,2026-01-27 22:25:56+00:00,-8.04560485,-34.93154821,2.390000104904175,90.0,173.0,1302.0
2026-01-27T22:04:05Z,Run,2026-01-27 22:25:57+00:00,-8.04558552,-34.93153854,2.390000104904175,91.0,173.0,1303.0
2026-01-27T22:04:05Z,Run,2026-01-27 22:25:58+00:00,-8.04556553,-34.93152955,2.390000104904175,91.0,174.0,1304.0
2026-01-27T22:04:05Z,Run,2026-01-27 22:25:59+00:00,-8.0455462,-34.93151956,2.390000104904175,91.0,174.0,1305.0
2026-01-27T22:04:05Z,Run,2026-01-27 22:26:00+00:00,-8.0455262,-34.9315099,2.390000104904175,90.0,175.0,1306.0
2026-01-27T22:04:05Z,Run,2026-01-27 22:26:01+00:00,-8.04550654,-34.93150024,2.390000104904175,90.0,175.0,1307.0
2026-01-27T22:04:05Z,Run,2026-01-27 22:26:02+00:00,-8.04548622,-34.93148924,2.390000104904175,90.0,175.0,1308.0
2026-01-27T22:04:05Z,Run,2026-01-27 22:26:03+00:00,-8.04546655,-34.93147991,2.390000104904175,90.0,175.0,1309.0
2026-01-27T22:04:05Z,Run,2026-01-27 22:26:04+00:00,-8.04544722,-34.93147092,2.390000104904175,90.0,175.0,1310.0
2026-01-27T22:04:05Z,Run,2026-01-27 22:26:05+00:00,-8.04542888,-34.93146126,2.390000104904175,90.0,174.0,1311.0
2026-01-27T22:04:05Z,Run,2026-01-27 22:26:06+00:00,-8.04541056,-34.93145026,2.390000104904175,90.0,174.0,1312.0
2026-01-27T22:04:05Z,Run,2026-01-27 22:26:07+00:00,-8.04539089,-34.93143894,2.390000104904175,90.0,175.0,1313.0
2026-01-27T22:04:05Z,Run,2026-01-27 22:26:08+00:00,-8.0453719,-34.93142728,2.390000104904175,90.0,175.0,1314.0
2026-01-27T22:04:05Z,Run,2026-01-27 22:26:09+00:00,-8.04535425,-34.93141428,2.390000104904175,90.0,176.0,1315.0
2026-01-27T22:04:05Z,Run,2026-01-27 22:26:10+00:00,-8.04533625,-34.93139996,2.390000104904175,90.0,176.0,1316.0
2026-01-27T22:04:05Z,Run,2026-01-27 22:26:11+00:00,-8.04531991,-34.93138629,2.390000104904175,90.0,176.0,1317.0
2026-01-27T22:04:05Z,Run,2026-01-27 22:26:12+00:00,-8.04530259,-34.93137296,2.390000104904175,90.0,177.0,1318.0
2026-01-27T22:04:05Z,Run,2026-01-27 22:26:13+00:00,-8.04528426,-34.93136162,2.390000104904175,90.0,177.0,1319.0
2026-01-27T22:04:05Z,Run,2026-01-27 22:26:14+00:00,-8.0452646,-34.93135197,2.390000104904175,90.0,177.0,1320.0
2026-01-27T22:04:05Z,Run,2026-01-27 22:26:15+00:00,-8.04524593,-34.93134197,2.390000104904175,90.0,177.0,1321.0
2026-01-27T22:04:05Z,Run,2026-01-27 22:26:16+00:00,-8.04522861,-34.93133131,2.390000104904175,90.0,177.0,1322.0
2026-01-27T22:04:05Z,Run,2026-01-27 22:26:17+00:00,-8.04521028,-34.93132131,2.390000104904175,90.0,176.0,1323.0
2026-01-27T22:04:05Z,Run,2026-01-27 22:26:18+00:00,-8.04519195,-34.93131165,2.390000104904175,90.0,176.0,1324.0
2026-01-27T22:04:05Z,Run,2026-01-27 22:26:19+00:00,-8.04517296,-34.93129999,2.390000104904175,89.0,176.0,1325.0
2026-01-27T22:04:05Z,Run,2026-01-27 22:26:20+00:00,-8.04515264,-34.93128599,2.390000104904175,89.0,176.0,1326.0
2026-01-27T22:04:05Z,Run,2026-01-27 22:26:21+00:00,-8.04513264,-34.93127133,2.390000104904175,89.0,175.0,1327.0
2026-01-27T22:04:05Z,Run,2026-01-27 22:26:22+00:00,-8.04511297,-34.931255,2.380000114440918,90.0,175.0,1328.0
2026-01-27T22:04:05Z,Run,2026-01-27 22:26:23+00:00,-8.04509265,-34.93123801,2.390000104904175,90.0,174.0,1329.0
2026-01-27T22:04:05Z,Run,2026-01-27 22:26:24+00:00,-8.04507433,-34.93122268,2.390000104904175,89.0,173.0,1330.0
2026-01-27T22:04:05Z,Run,2026-01-27 22:26:25+00:00,-8.045059,-34.93120668,2.390000104904175,88.0,173.0,1331.0
2026-01-27T22:04:05Z,Run,2026-01-27 22:26:26+00:00,-8.04504834,-34.93118969,2.390000104904175,88.0,173.0,1332.0
2026-01-27T22:04:05Z,Run,2026-01-27 22:26:27+00:00,-8.04504335,-34.9311727,2.390000104904175,88.0,173.0,1333.0
2026-01-27T22:04:05Z,Run,2026-01-27 22:26:28+00:00,-8.04504201,-34.93115538,2.390000104904175,88.0,173.0,1334.0
2026-01-27T22:04:05Z,Run,2026-01-27 22:26:29+00:00,-8.04504601,-34.93113806,2.390000104904175,89.0,174.0,1335.0
2026-01-27T22:04:05Z,Run,2026-01-27 22:26:30+00:00,-8.04504934,-34.93111906,2.390000104904175,89.0,174.0,1336.0
2026-01-27T22:04:05Z,Run,2026-01-27 22:26:31+00:00,-8.04505667,-34.93110006,2.390000104904175,89.0,173.0,1337.0
2026-01-27T22:04:05Z,Run,2026-01-27 22:26:32+00:00,-8.04506299,-34.93108073,2.390000104904175,89.0,173.0,1338.0
2026-01-27T22:04:05Z,Run,2026-01-27 22:26:33+00:00,-8.04507165,-34.9310624,2.380000114440918,88.0,173.0,1339.0
2026-01-27T22:04:05Z,Run,2026-01-27 22:26:34+00:00,-8.04508231,-34.93104407,2.380000114440918,88.0,174.0,1340.0
2026-01-27T22:04:05Z,Run,2026-01-27 22:26:35+00:00,-8.04509631,-34.93102774,2.380000114440918,88.0,176.0,1341.0
2026-01-27T22:04:05Z,Run,2026-01-27 22:26:36+00:00,-8.04511197,-34.93101474,2.369999885559082,88.0,177.0,1342.0
2026-01-27T22:04:05Z,Run,2026-01-27 22:26:37+00:00,-8.04513196,-34.93100374,2.359999895095825,89.0,177.0,1343.0
2026-01-27T22:04:05Z,Run,2026-01-27 22:26:38+00:00,-8.0451553,-34.93099675,2.359999895095825,89.0,177.0,1344.0
2026-01-27T22:04:05Z,Run,2026-01-27 22:26:39+00:00,-8.04517963,-34.9309941,2.359999895095825,90.0,177.0,1345.0
2026-01-27T22:04:05Z,Run,2026-01-27 22:26:40+00:00,-8.0452013,-34.93099377,2.359999895095825,90.0,177.0,1346.0
2026-01-27T22:04:05Z,Run,2026-01-27 22:26:41+00:00,-8.04522362,-34.9309961,2.359999895095825,90.0,177.0,1347.0
2026-01-27T22:04:05Z,Run,2026-01-27 22:26:42+00:00,-8.04524595,-34.93100043,2.359999895095825,91.0,179.0,1348.0
2026-01-27T22:04:05Z,Run,2026-01-27 22:26:43+00:00,-8.04526728,-34.93100675,2.359999895095825,90.0,179.0,1349.0
2026-01-27T22:04:05Z,Run,2026-01-27 22:26:44+00:00,-8.04528861,-34.93101442,2.359999895095825,90.0,179.0,1350.0
2026-01-27T22:04:05Z,Run,2026-01-27 22:26:45+00:00,-8.04531094,-34.93102242,2.369999885559082,91.0,179.0,1351.0
2026-01-27T22:04:05Z,Run,2026-01-27 22:26:46+00:00,-8.04533428,-34.93103075,2.380000114440918,91.0,179.0,1352.0
2026-01-27T22:04:05Z,Run,2026-01-27 22:26:47+00:00,-8.0453586,-34.93103974,2.380000114440918,91.0,179.0,1353.0
2026-01-27T22:04:05Z,Run,2026-01-27 22:26:48+00:00,-8.04538227,-34.93104907,2.380000114440918,91.0,179.0,1354.0
2026-01-27T22:04:05Z,Run,2026-01-27 22:26:49+00:00,-8.04540492,-34.9310584,2.390000104904175,91.0,178.0,1355.0
2026-01-27T22:04:05Z,Run,2026-01-27 22:26:50+00:00,-8.04542726,-34.93106806,2.390000104904175,91.0,178.0,1356.0
2026-01-27T22:04:05Z,Run,2026-01-27 22:26:51+00:00,-8.04544925,-34.93107772,2.390000104904175,91.0,178.0,1357.0
2026-01-27T22:04:05Z,Run,2026-01-27 22:26:52+00:00,-8.04547158,-34.93108771,2.4000000953674316,92.0,177.0,1358.0
2026-01-27T22:04:05Z,Run,2026-01-27 22:26:53+00:00,-8.04549391,-34.93109871,2.4000000953674316,92.0,176.0,1359.0
2026-01-27T22:04:05Z,Run,2026-01-27 22:26:54+00:00,-8.0455159,-34.93111005,2.4100000858306885,91.0,176.0,1360.0
2026-01-27T22:04:05Z,Run,2026-01-27 22:26:55+00:00,-8.04553823,-34.93112137,2.4200000762939453,91.0,176.0,1361.0
2026-01-27T22:04:05Z,Run,2026-01-27 22:26:56+00:00,-8.04556056,-34.93113103,2.4200000762939453,91.0,175.0,1362.0
2026-01-27T22:04:05Z,Run,2026-01-27 22:26:57+00:00,-8.04558189,-34.93114103,2.4200000762939453,91.0,175.0,1363.0
2026-01-27T22:04:05Z,Run,2026-01-27 22:26:58+00:00,-8.04560289,-34.93115136,2.430000066757202,90.0,175.0,1364.0
2026-01-27T22:04:05Z,Run,2026-01-27 22:26:59+00:00,-8.04562355,-34.93116236,2.440000057220459,91.0,175.0,1365.0
2026-01-27T22:04:05Z,Run,2026-01-27 22:27:00+00:00,-8.04564588,-34.93117168,2.450000047683716,91.0,175.0,1366.0
2026-01-27T22:04:05Z,Run,2026-01-27 22:27:01+00:00,-8.04566721,-34.93118134,2.450000047683716,91.0,175.0,1367.0
2026-01-27T22:04:05Z,Run,2026-01-27 22:27:02+00:00,-8.04568853,-34.93119167,2.450000047683716,90.0,175.0,1368.0
2026-01-27T22:04:05Z,Run,2026-01-27 22:27:03+00:00,-8.04570953,-34.93120234,2.450000047683716,90.0,175.0,1369.0
2026-01-27T22:04:05Z,Run,2026-01-27 22:27:04+00:00,-8.04573152,-34.93121366,2.4600000381469727,90.0,175.0,1370.0
2026-01-27T22:04:05Z,Run,2026-01-27 22:27:05+00:00,-8.04575252,-34.93122532,2.4600000381469727,90.0,175.0,1371.0
2026-01-27T22:04:05Z,Run,2026-01-27 22:27:06+00:00,-8.04577619,-34.93123764,2.4600000381469727,90.0,174.0,1372.0
2026-01-27T22:04:05Z,Run,2026-01-27 22:27:07+00:00,-8.04579918,-34.93124964,2.4700000286102295,90.0,175.0,1373.0
2026-01-27T22:04:05Z,Run,2026-01-27 22:27:08+00:00,-8.04582051,-34.93126163,2.4700000286102295,90.0,177.0,1374.0
2026-01-27T22:04:05Z,Run,2026-01-27 22:27:09+00:00,-8.04583851,-34.93127629,2.4700000286102295,90.0,177.0,1375.0
2026-01-27T22:04:05Z,Run,2026-01-27 22:27:10+00:00,-8.04585683,-34.93129162,2.4800000190734863,90.0,179.0,1376.0
2026-01-27T22:04:05Z,Run,2026-01-27 22:27:11+00:00,-8.04587516,-34.93130562,2.4800000190734863,90.0,180.0,1377.0
2026-01-27T22:04:05Z,Run,2026-01-27 22:27:12+00:00,-8.04589415,-34.93131828,2.4800000190734863,90.0,182.0,1378.0
2026-01-27T22:04:05Z,Run,2026-01-27 22:27:13+00:00,-8.04591215,-34.93133128,2.4800000190734863,90.0,183.0,1379.0
2026-01-27T22:04:05Z,Run,2026-01-27 22:27:14+00:00,-8.04593081,-34.93134394,2.490000009536743,90.0,183.0,1380.0
2026-01-27T22:04:05Z,Run,2026-01-27 22:27:15+00:00,-8.04595114,-34.93135494,2.490000009536743,90.0,183.0,1381.0
2026-01-27T22:04:05Z,Run,2026-01-27 22:27:16+00:00,-8.04597347,-34.93136393,2.490000009536743,91.0,183.0,1382.0
2026-01-27T22:04:05Z,Run,2026-01-27 22:27:17+00:00,-8.04599714,-34.93137226,2.490000009536743,91.0,183.0,1383.0
2026-01-27T22:04:05Z,Run,2026-01-27 22:27:18+00:00,-8.04602046,-34.93138125,2.5,91.0,182.0,1384.0
2026-01-27T22:04:05Z,Run,2026-01-27 22:27:19+00:00,-8.04604179,-34.93138991,2.5,91.0,181.0,1385.0
2026-01-27T22:04:05Z,Run,2026-01-27 22:27:20+00:00,-8.04606513,-34.93139891,2.5,91.0,180.0,1386.0
2026-01-27T22:04:05Z,Run,2026-01-27 22:27:21+00:00,-8.04608778,-34.93140724,2.5,91.0,180.0,1387.0
2026-01-27T22:04:05Z,Run,2026-01-27 22:27:22+00:00,-8.04611078,-34.93141523,2.5,90.0,180.0,1388.0
2026-01-27T22:04:05Z,Run,2026-01-27 22:27:23+00:00,-8.04613377,-34.93142323,2.5,89.0,180.0,1389.0
2026-01-27T22:04:05Z,Run,2026-01-27 22:27:24+00:00,-8.04615643,-34.93143156,2.509999990463257,89.0,180.0,1390.0
2026-01-27T22:04:05Z,Run,2026-01-27 22:27:25+00:00,-8.04617843,-34.93144123,2.509999990463257,88.0,179.0,1391.0
2026-01-27T22:04:05Z,Run,2026-01-27 22:27:26+00:00,-8.04619943,-34.93145155,2.509999990463257,89.0,179.0,1392.0
2026-01-27T22:04:05Z,Run,2026-01-27 22:27:27+00:00,-8.04622009,-34.93146355,2.509999990463257,89.0,179.0,1393.0
2026-01-27T22:04:05Z,Run,2026-01-27 22:27:28+00:00,-8.04623908,-34.93147621,2.5199999809265137,89.0,179.0,1394.0
2026-01-27T22:04:05Z,Run,2026-01-27 22:27:29+00:00,-8.04625873,-34.93148888,2.5199999809265137,90.0,179.0,1395.0
2026-01-27T22:04:05Z,Run,2026-01-27 22:27:30+00:00,-8.04627739,-34.93150153,2.5299999713897705,89.0,178.0,1396.0
2026-01-27T22:04:05Z,Run,2026-01-27 22:27:31+00:00,-8.04629706,-34.93151352,2.5299999713897705,90.0,178.0,1397.0
2026-01-27T22:04:05Z,Run,2026-01-27 22:27:32+00:00,-8.04631605,-34.93152519,2.5299999713897705,90.0,179.0,1398.0
2026-01-27T22:04:05Z,Run,2026-01-27 22:27:33+00:00,-8.04633437,-34.93153751,2.5299999713897705,90.0,179.0,1399.0
2026-01-27T22:04:05Z,Run,2026-01-27 22:27:34+00:00,-8.04635304,-34.93155017,2.5299999713897705,90.0,179.0,1400.0
2026-01-27T22:04:05Z,Run,2026-01-27 22:27:35+00:00,-8.04637136,-34.9315625,2.5299999713897705,90.0,179.0,1401.0
2026-01-27T22:04:05Z,Run,2026-01-27 22:27:36+00:00,-8.04638869,-34.93157549,2.5299999713897705,90.0,178.0,1402.0
2026-01-27T22:04:05Z,Run,2026-01-27 22:27:37+00:00,-8.04640568,-34.93158982,2.5299999713897705,89.0,177.0,1403.0
2026-01-27T22:04:05Z,Run,2026-01-27 22:27:38+00:00,-8.04642267,-34.93160448,2.5299999713897705,89.0,176.0,1404.0
2026-01-27T22:04:05Z,Run,2026-01-27 22:27:39+00:00,-8.04643901,-34.93161914,2.5299999713897705,88.0,176.0,1405.0
2026-01-27T22:04:05Z,Run,2026-01-27 22:27:40+00:00,-8.04645501,-34.93163446,2.5299999713897705,88.0,176.0,1406.0
2026-01-27T22:04:05Z,Run,2026-01-27 22:27:41+00:00,-8.04646833,-34.9316508,2.5299999713897705,88.0,175.0,1407.0
2026-01-27T22:04:05Z,Run,2026-01-27 22:27:42+00:00,-8.04648265,-34.9316668,2.5299999713897705,90.0,174.0,1408.0
2026-01-27T22:04:05Z,Run,2026-01-27 22:27:43+00:00,-8.04649699,-34.93168246,2.5199999809265137,89.0,174.0,1409.0
2026-01-27T22:04:05Z,Run,2026-01-27 22:27:44+00:00,-8.04651131,-34.93169812,2.5199999809265137,89.0,175.0,1410.0
2026-01-27T22:04:05Z,Run,2026-01-27 22:27:45+00:00,-8.0465263,-34.93171179,2.509999990463257,89.0,175.0,1411.0
2026-01-27T22:04:05Z,Run,2026-01-27 22:27:46+00:00,-8.0465403,-34.93172512,2.509999990463257,89.0,175.0,1412.0
2026-01-27T22:04:05Z,Run,2026-01-27 22:27:47+00:00,-8.0465543,-34.93173912,2.509999990463257,89.0,176.0,1413.0
2026-01-27T22:04:05Z,Run,2026-01-27 22:27:48+00:00,-8.0465673,-34.93175378,2.509999990463257,89.0,176.0,1414.0
2026-01-27T22:04:05Z,Run,2026-01-27 22:27:49+00:00,-8.04658096,-34.93176943,2.5,89.0,175.0,1415.0
2026-01-27T22:04:05Z,Run,2026-01-27 22:27:50+00:00,-8.04659528,-34.93178577,2.5,89.0,176.0,1416.0
2026-01-27T22:04:05Z,Run,2026-01-27 22:27:51+00:00,-8.04661061,-34.9318021,2.490000009536743,89.0,175.0,1417.0
2026-01-27T22:04:05Z,Run,2026-01-27 22:27:52+00:00,-8.04662595,-34.9318181,2.490000009536743,89.0,175.0,1418.0
2026-01-27T22:04:05Z,Run,2026-01-27 22:27:53+00:00,-8.04663961,-34.93183342,2.4800000190734863,89.0,175.0,1419.0
2026-01-27T22:04:05Z,Run,2026-01-27 22:27:54+00:00,-8.04665094,-34.93184609,2.3399999141693115,89.0,175.0,1420.0
2026-01-27T22:04:05Z,Run,2026-01-27 22:27:55+00:00,-8.04666059,-34.93185808,2.2100000381469727,89.0,173.0,1421.0
2026-01-27T22:04:05Z,Run,2026-01-27 22:27:56+00:00,-8.04666893,-34.9318694,2.190000057220459,89.0,173.0,1422.0
2026-01-27T22:04:05Z,Run,2026-01-27 22:27:57+00:00,-8.04667458,-34.93188139,2.190000057220459,89.0,173.0,1423.0
2026-01-27T22:04:05Z,Run,2026-01-27 22:27:58+00:00,-8.04667824,-34.93189439,2.1500000953674316,89.0,172.0,1424.0
2026-01-27T22:04:05Z,Run,2026-01-27 22:27:59+00:00,-8.04668057,-34.93190839,2.069999933242798,89.0,172.0,1425.0
2026-01-27T22:04:05Z,Run,2026-01-27 22:30:14+00:00,-8.04700757,-34.93359106,2.069999933242798,89.0,133.0,1560.0
2026-01-27T22:04:05Z,Run,2026-01-27 22:30:15+00:00,-8.0470079,-34.93359472,2.069999933242798,,133.0,1561.0
2026-01-27T22:04:05Z,Run,2026-01-27 22:30:16+00:00,-8.04700855,-34.93360471,2.069999933242798,,133.0,1562.0
2026-01-27T22:04:05Z,Run,2026-01-27 22:30:17+00:00,-8.04700989,-34.93361737,2.069999933242798,,133.0,1563.0
2026-01-27T22:04:05Z,Run,2026-01-27 22:30:18+00:00,-8.04701154,-34.93363337,0.0,,133.0,1564.0
2026-01-27T22:04:05Z,Run,2026-01-27 22:30:19+00:00,-8.04701454,-34.93365203,0.0,,134.0,1565.0
2026-01-27T22:04:05Z,Run,2026-01-27 22:30:20+00:00,-8.04701653,-34.9336717,0.0,,134.0,1566.0
2026-01-27T22:04:05Z,Run,2026-01-27 22:30:21+00:00,-8.04701787,-34.93369169,0.0,,134.0,1567.0
2026-01-27T22:04:05Z,Run,2026-01-27 22:30:22+00:00,-8.04701987,-34.93371102,0.0,,134.0,1568.0
2026-01-27T22:04:05Z,Run,2026-01-27 22:30:23+00:00,-8.04702252,-34.93373069,0.0,,135.0,1569.0
2026-01-27T22:04:05Z,Run,2026-01-27 22:30:24+00:00,-8.04702452,-34.93374969,0.0,,136.0,1570.0
2026-01-27T22:04:05Z,Run,2026-01-27 22:30:25+00:00,-8.04702652,-34.93377102,1.059999942779541,,136.0,1571.0
2026-01-27T22:04:05Z,Run,2026-01-27 22:30:26+00:00,-8.04702885,-34.93379268,2.140000104904175,,138.0,1572.0
2026-01-27T22:04:05Z,Run,2026-01-27 22:30:27+00:00,-8.04703117,-34.93381567,2.1500000953674316,,138.0,1573.0
2026-01-27T22:04:05Z,Run,2026-01-27 22:30:28+00:00,-8.04703249,-34.93383967,2.1500000953674316,,138.0,1574.0
2026-01-27T22:04:05Z,Run,2026-01-27 22:30:29+00:00,-8.04703415,-34.933864,2.180000066757202,,139.0,1575.0
2026-01-27T22:04:05Z,Run,2026-01-27 22:30:30+00:00,-8.04703482,-34.93388866,2.2200000286102295,,140.0,1576.0
2026-01-27T22:04:05Z,Run,2026-01-27 22:30:31+00:00,-8.04703547,-34.93391232,2.2799999713897705,,139.0,1577.0
2026-01-27T22:04:05Z,Run,2026-01-27 22:30:32+00:00,-8.04703681,-34.93393631,2.3499999046325684,90.0,140.0,1578.0
2026-01-27T22:04:05Z,Run,2026-01-27 22:30:33+00:00,-8.0470378,-34.93395865,2.4000000953674316,90.0,140.0,1579.0
2026-01-27T22:04:05Z,Run,2026-01-27 22:30:34+00:00,-8.0470398,-34.93398164,2.4200000762939453,90.0,141.0,1580.0
2026-01-27T22:04:05Z,Run,2026-01-27 22:30:35+00:00,-8.0470418,-34.93400664,2.4200000762939453,90.0,141.0,1581.0
2026-01-27T22:04:05Z,Run,2026-01-27 22:30:36+00:00,-8.04704147,-34.9340303,2.4600000381469727,90.0,141.0,1582.0
2026-01-27T22:04:05Z,Run,2026-01-27 22:30:37+00:00,-8.0470418,-34.9340523,2.490000009536743,89.0,142.0,1583.0
2026-01-27T22:04:05Z,Run,2026-01-27 22:30:38+00:00,-8.04704147,-34.93407529,2.4800000190734863,89.0,143.0,1584.0
2026-01-27T22:04:05Z,Run,2026-01-27 22:30:39+00:00,-8.04704114,-34.93409828,2.4800000190734863,89.0,144.0,1585.0
2026-01-27T22:04:05Z,Run,2026-01-27 22:30:40+00:00,-8.04704147,-34.93412161,2.509999990463257,89.0,144.0,1586.0
2026-01-27T22:04:05Z,Run,2026-01-27 22:30:41+00:00,-8.0470418,-34.93414494,2.509999990463257,89.0,144.0,1587.0
2026-01-27T22:04:05Z,Run,2026-01-27 22:30:42+00:00,-8.0470418,-34.9341676,2.509999990463257,89.0,144.0,1588.0
2026-01-27T22:04:05Z,Run,2026-01-27 22:30:43+00:00,-8.04704312,-34.93419059,2.509999990463257,89.0,144.0,1589.0
2026-01-27T22:04:05Z,Run,2026-01-27 22:30:44+00:00,-8.04704512,-34.93421391,2.5,89.0,146.0,1590.0
2026-01-27T22:04:05Z,Run,2026-01-27 22:30:45+00:00,-8.04704678,-34.9342349,2.5,89.0,146.0,1591.0
2026-01-27T22:04:05Z,Run,2026-01-27 22:30:46+00:00,-8.04704878,-34.93425657,2.5,90.0,146.0,1592.0
2026-01-27T22:04:05Z,Run,2026-01-27 22:30:47+00:00,-8.04704943,-34.93427922,2.5,90.0,146.0,1593.0
2026-01-27T22:04:05Z,Run,2026-01-27 22:30:48+00:00,-8.0470501,-34.93430256,2.5,89.0,146.0,1594.0
2026-01-27T22:04:05Z,Run,2026-01-27 22:30:49+00:00,-8.04705142,-34.93432821,2.490000009536743,90.0,146.0,1595.0
2026-01-27T22:04:05Z,Run,2026-01-27 22:30:50+00:00,-8.04705242,-34.93435021,2.490000009536743,90.0,147.0,1596.0
2026-01-27T22:04:05Z,Run,2026-01-27 22:30:51+00:00,-8.0470511,-34.93437187,2.4600000381469727,90.0,148.0,1597.0
2026-01-27T22:04:05Z,Run,2026-01-27 22:30:52+00:00,-8.04705043,-34.93439387,2.440000057220459,90.0,150.0,1598.0
2026-01-27T22:04:05Z,Run,2026-01-27 22:30:53+00:00,-8.04705043,-34.9344152,2.440000057220459,90.0,150.0,1599.0
2026-01-27T22:04:05Z,Run,2026-01-27 22:30:54+00:00,-8.0470501,-34.93443619,2.4100000858306885,90.0,151.0,1600.0
2026-01-27T22:04:05Z,Run,2026-01-27 22:30:55+00:00,-8.04704978,-34.93445553,2.4000000953674316,90.0,152.0,1601.0
2026-01-27T22:04:05Z,Run,2026-01-27 22:30:56+00:00,-8.04704944,-34.93447486,2.380000114440918,90.0,155.0,1602.0
2026-01-27T22:04:05Z,Run,2026-01-27 22:30:57+00:00,-8.04704879,-34.93449485,2.3499999046325684,90.0,156.0,1603.0
2026-01-27T22:04:05Z,Run,2026-01-27 22:30:58+00:00,-8.0470478,-34.93451652,2.319999933242798,90.0,156.0,1604.0
2026-01-27T22:04:05Z,Run,2026-01-27 22:30:59+00:00,-8.04704713,-34.93453851,2.319999933242798,90.0,156.0,1605.0
2026-01-27T22:04:05Z,Run,2026-01-27 22:31:00+00:00,-8.04704547,-34.93456116,2.299999952316284,90.0,156.0,1606.0
2026-01-27T22:04:05Z,Run,2026-01-27 22:31:01+00:00,-8.04704646,-34.93458516,2.299999952316284,90.0,156.0,1607.0
2026-01-27T22:04:05Z,Run,2026-01-27 22:31:02+00:00,-8.04704945,-34.93460716,2.299999952316284,90.0,155.0,1608.0
2026-01-27T22:04:05Z,Run,2026-01-27 22:31:03+00:00,-8.04705145,-34.93462916,2.319999933242798,90.0,155.0,1609.0
2026-01-27T22:04:05Z,Run,2026-01-27 22:31:04+00:00,-8.04705279,-34.93465082,2.3299999237060547,90.0,157.0,1610.0
2026-01-27T22:04:05Z,Run,2026-01-27 22:31:05+00:00,-8.04705378,-34.93467282,2.3299999237060547,90.0,157.0,1611.0
2026-01-27T22:04:05Z,Run,2026-01-27 22:31:06+00:00,-8.04705378,-34.93469449,2.3399999141693115,91.0,157.0,1612.0
2026-01-27T22:04:05Z,Run,2026-01-27 22:31:07+00:00,-8.04705378,-34.93471714,2.3399999141693115,91.0,157.0,1613.0
2026-01-27T22:04:05Z,Run,2026-01-27 22:31:08+00:00,-8.04705443,-34.93473813,2.3499999046325684,91.0,158.0,1614.0
2026-01-27T22:04:05Z,Run,2026-01-27 22:31:09+00:00,-8.04705477,-34.93476013,2.3499999046325684,90.0,158.0,1615.0
2026-01-27T22:04:05Z,Run,2026-01-27 22:31:10+00:00,-8.04705509,-34.93478279,2.3499999046325684,90.0,158.0,1616.0
2026-01-27T22:04:05Z,Run,2026-01-27 22:31:11+00:00,-8.04705477,-34.93480446,2.3499999046325684,90.0,158.0,1617.0
2026-01-27T22:04:05Z,Run,2026-01-27 22:31:12+00:00,-8.04705377,-34.93482545,2.3499999046325684,90.0,158.0,1618.0
2026-01-27T22:04:05Z,Run,2026-01-27 22:31:13+00:00,-8.04705344,-34.93484745,2.359999895095825,91.0,158.0,1619.0
2026-01-27T22:04:05Z,Run,2026-01-27 22:31:14+00:00,-8.04705245,-34.93486978,2.359999895095825,90.0,157.0,1620.0
2026-01-27T22:04:05Z,Run,2026-01-27 22:31:15+00:00,-8.04705079,-34.93489244,2.359999895095825,90.0,157.0,1621.0
2026-01-27T22:04:05Z,Run,2026-01-27 22:31:16+00:00,-8.04704913,-34.93491576,2.359999895095825,90.0,157.0,1622.0
2026-01-27T22:04:05Z,Run,2026-01-27 22:31:17+00:00,-8.04704913,-34.93493976,2.359999895095825,90.0,157.0,1623.0
2026-01-27T22:04:05Z,Run,2026-01-27 22:31:18+00:00,-8.04704945,-34.93496342,2.359999895095825,90.0,157.0,1624.0
2026-01-27T22:04:05Z,Run,2026-01-27 22:31:19+00:00,-8.04705045,-34.93498675,2.359999895095825,90.0,157.0,1625.0
2026-01-27T22:04:05Z,Run,2026-01-27 22:31:20+00:00,-8.04705211,-34.93500941,2.369999885559082,89.0,157.0,1626.0
2026-01-27T22:04:05Z,Run,2026-01-27 22:31:21+00:00,-8.04705443,-34.93503306,2.369999885559082,89.0,157.0,1627.0
2026-01-27T22:04:05Z,Run,2026-01-27 22:31:22+00:00,-8.04705577,-34.93505572,2.380000114440918,90.0,158.0,1628.0
2026-01-27T22:04:05Z,Run,2026-01-27 22:31:23+00:00,-8.0470581,-34.93507772,2.380000114440918,90.0,158.0,1629.0
2026-01-27T22:04:05Z,Run,2026-01-27 22:31:24+00:00,-8.04706109,-34.93509939,2.380000114440918,90.0,158.0,1630.0
2026-01-27T22:04:05Z,Run,2026-01-27 22:31:25+00:00,-8.04706375,-34.93512172,2.380000114440918,90.0,159.0,1631.0
2026-01-27T22:04:05Z,Run,2026-01-27 22:31:26+00:00,-8.04706541,-34.93514304,2.390000104904175,89.0,159.0,1632.0
2026-01-27T22:04:05Z,Run,2026-01-27 22:31:27+00:00,-8.04706608,-34.9351657,2.390000104904175,89.0,157.0,1633.0
2026-01-27T22:04:05Z,Run,2026-01-27 22:31:28+00:00,-8.04706541,-34.93518803,2.390000104904175,90.0,157.0,1634.0
2026-01-27T22:04:05Z,Run,2026-01-27 22:31:29+00:00,-8.04706309,-34.93521069,2.390000104904175,90.0,157.0,1635.0
2026-01-27T22:04:05Z,Run,2026-01-27 22:31:30+00:00,-8.04706142,-34.93523202,2.4000000953674316,90.0,157.0,1636.0
2026-01-27T22:04:05Z,Run,2026-01-27 22:31:31+00:00,-8.04705877,-34.93525335,2.4000000953674316,90.0,157.0,1637.0
2026-01-27T22:04:05Z,Run,2026-01-27 22:31:32+00:00,-8.04705677,-34.93527468,2.4000000953674316,90.0,157.0,1638.0
2026-01-27T22:04:05Z,Run,2026-01-27 22:31:33+00:00,-8.04705578,-34.93529568,2.4000000953674316,90.0,158.0,1639.0
2026-01-27T22:04:05Z,Run,2026-01-27 22:31:34+00:00,-8.04705578,-34.935318,2.4000000953674316,90.0,158.0,1640.0
2026-01-27T22:04:05Z,Run,2026-01-27 22:31:35+00:00,-8.04705611,-34.93534034,2.4000000953674316,90.0,158.0,1641.0
2026-01-27T22:04:05Z,Run,2026-01-27 22:31:36+00:00,-8.04705777,-34.93536234,2.4000000953674316,90.0,158.0,1642.0
2026-01-27T22:04:05Z,Run,2026-01-27 22:31:37+00:00,-8.04705876,-34.93538334,2.4000000953674316,90.0,158.0,1643.0
2026-01-27T22:04:05Z,Run,2026-01-27 22:31:38+00:00,-8.04705876,-34.93540499,2.4000000953674316,90.0,158.0,1644.0
2026-01-27T22:04:05Z,Run,2026-01-27 22:31:39+00:00,-8.0470581,-34.93542599,2.4000000953674316,90.0,159.0,1645.0
2026-01-27T22:04:05Z,Run,2026-01-27 22:31:40+00:00,-8.04705743,-34.93544533,2.4000000953674316,90.0,159.0,1646.0
2026-01-27T22:04:05Z,Run,2026-01-27 22:31:41+00:00,-8.0470551,-34.93546466,2.4000000953674316,90.0,159.0,1647.0
2026-01-27T22:04:05Z,Run,2026-01-27 22:31:42+00:00,-8.0470531,-34.93548332,2.4000000953674316,90.0,159.0,1648.0
2026-01-27T22:04:05Z,Run,2026-01-27 22:31:43+00:00,-8.04705011,-34.93550265,2.390000104904175,90.0,159.0,1649.0
2026-01-27T22:04:05Z,Run,2026-01-27 22:31:44+00:00,-8.04704712,-34.93552264,2.390000104904175,90.0,159.0,1650.0
2026-01-27T22:04:05Z,Run,2026-01-27 22:31:45+00:00,-8.04704379,-34.93554497,2.390000104904175,90.0,158.0,1651.0
2026-01-27T22:04:05Z,Run,2026-01-27 22:31:46+00:00,-8.04704179,-34.93556763,2.380000114440918,90.0,158.0,1652.0
2026-01-27T22:04:05Z,Run,2026-01-27 22:31:47+00:00,-8.04704013,-34.93558996,2.380000114440918,90.0,158.0,1653.0
2026-01-27T22:04:05Z,Run,2026-01-27 22:31:48+00:00,-8.0470398,-34.93561196,2.380000114440918,90.0,158.0,1654.0
2026-01-27T22:04:05Z,Run,2026-01-27 22:31:49+00:00,-8.04703947,-34.93563396,2.380000114440918,90.0,159.0,1655.0
2026-01-27T22:04:05Z,Run,2026-01-27 22:31:50+00:00,-8.0470398,-34.93565462,2.369999885559082,90.0,159.0,1656.0
2026-01-27T22:04:05Z,Run,2026-01-27 22:31:51+00:00,-8.04703947,-34.93567494,2.369999885559082,90.0,159.0,1657.0
2026-01-27T22:04:05Z,Run,2026-01-27 22:31:52+00:00,-8.04703882,-34.9356976,2.359999895095825,90.0,159.0,1658.0
2026-01-27T22:04:05Z,Run,2026-01-27 22:31:53+00:00,-8.04703782,-34.93571927,2.359999895095825,90.0,159.0,1659.0
2026-01-27T22:04:05Z,Run,2026-01-27 22:31:54+00:00,-8.04703749,-34.93574192,2.359999895095825,90.0,159.0,1660.0
2026-01-27T22:04:05Z,Run,2026-01-27 22:31:55+00:00,-8.04703816,-34.93576626,2.359999895095825,90.0,159.0,1661.0
2026-01-27T22:04:05Z,Run,2026-01-27 22:31:56+00:00,-8.04703849,-34.93578925,2.359999895095825,90.0,159.0,1662.0
2026-01-27T22:04:05Z,Run,2026-01-27 22:31:57+00:00,-8.04703982,-34.93581257,2.359999895095825,90.0,158.0,1663.0
2026-01-27T22:04:05Z,Run,2026-01-27 22:31:58+00:00,-8.04704148,-34.9358359,2.359999895095825,90.0,158.0,1664.0
2026-01-27T22:04:05Z,Run,2026-01-27 22:31:59+00:00,-8.04704282,-34.93585923,2.359999895095825,91.0,158.0,1665.0
2026-01-27T22:04:05Z,Run,2026-01-27 22:32:00+00:00,-8.04704447,-34.93588322,2.359999895095825,91.0,158.0,1666.0
2026-01-27T22:04:05Z,Run,2026-01-27 22:32:01+00:00,-8.04704415,-34.93590722,2.369999885559082,91.0,159.0,1667.0
2026-01-27T22:04:05Z,Run,2026-01-27 22:32:02+00:00,-8.04704248,-34.93593121,2.369999885559082,90.0,159.0,1668.0
2026-01-27T22:04:05Z,Run,2026-01-27 22:32:03+00:00,-8.04703716,-34.93595521,2.380000114440918,89.0,161.0,1669.0
2026-01-27T22:04:05Z,Run,2026-01-27 22:32:04+00:00,-8.0470285,-34.93597486,2.380000114440918,88.0,161.0,1670.0
2026-01-27T22:04:05Z,Run,2026-01-27 22:32:05+00:00,-8.0470155,-34.93599086,2.390000104904175,88.0,162.0,1671.0
2026-01-27T22:04:05Z,Run,2026-01-27 22:32:06+00:00,-8.04700085,-34.93600285,2.390000104904175,88.0,162.0,1672.0
2026-01-27T22:04:05Z,Run,2026-01-27 22:32:07+00:00,-8.04698485,-34.93601052,2.390000104904175,88.0,163.0,1673.0
2026-01-27T22:04:05Z,Run,2026-01-27 22:32:08+00:00,-8.04696651,-34.93601484,2.4000000953674316,89.0,163.0,1674.0
2026-01-27T22:04:05Z,Run,2026-01-27 22:32:09+00:00,-8.04694619,-34.9360155,2.4000000953674316,89.0,165.0,1675.0
2026-01-27T22:04:05Z,Run,2026-01-27 22:32:10+00:00,-8.04692519,-34.93601317,2.4000000953674316,89.0,164.0,1676.0
2026-01-27T22:04:05Z,Run,2026-01-27 22:32:11+00:00,-8.04690453,-34.93601018,2.390000104904175,90.0,163.0,1677.0
2026-01-27T22:04:05Z,Run,2026-01-27 22:32:12+00:00,-8.04688421,-34.93600585,2.390000104904175,90.0,163.0,1678.0
2026-01-27T22:04:05Z,Run,2026-01-27 22:32:13+00:00,-8.04686489,-34.93600085,2.390000104904175,90.0,163.0,1679.0
2026-01-27T22:04:05Z,Run,2026-01-27 22:32:14+00:00,-8.04684189,-34.93599753,2.390000104904175,90.0,163.0,1680.0
2026-01-27T22:04:05Z,Run,2026-01-27 22:32:15+00:00,-8.04681722,-34.93599286,2.380000114440918,90.0,163.0,1681.0
2026-01-27T22:04:05Z,Run,2026-01-27 22:32:16+00:00,-8.04679489,-34.93598921,2.380000114440918,89.0,163.0,1682.0
2026-01-27T22:04:05Z,Run,2026-01-27 22:32:17+00:00,-8.04677155,-34.93598522,2.380000114440918,89.0,163.0,1683.0
2026-01-27T22:04:05Z,Run,2026-01-27 22:32:18+00:00,-8.04675055,-34.93598155,2.380000114440918,89.0,163.0,1684.0
2026-01-27T22:04:05Z,Run,2026-01-27 22:32:19+00:00,-8.0467299,-34.93597723,2.380000114440918,89.0,163.0,1685.0
2026-01-27T22:04:05Z,Run,2026-01-27 22:32:20+00:00,-8.0467089,-34.93597289,2.380000114440918,89.0,163.0,1686.0
2026-01-27T22:04:05Z,Run,2026-01-27 22:32:21+00:00,-8.04668923,-34.93596756,2.380000114440918,89.0,164.0,1687.0
2026-01-27T22:04:05Z,Run,2026-01-27 22:32:22+00:00,-8.04666724,-34.9359609,2.380000114440918,90.0,164.0,1688.0
2026-01-27T22:04:05Z,Run,2026-01-27 22:32:23+00:00,-8.04664724,-34.93595425,2.380000114440918,90.0,165.0,1689.0
2026-01-27T22:04:05Z,Run,2026-01-27 22:32:24+00:00,-8.04662692,-34.93594625,2.380000114440918,90.0,165.0,1690.0
2026-01-27T22:04:05Z,Run,2026-01-27 22:32:25+00:00,-8.04660626,-34.93593891,2.380000114440918,90.0,165.0,1691.0
2026-01-27T22:04:05Z,Run,2026-01-27 22:32:26+00:00,-8.04658494,-34.93593058,2.380000114440918,90.0,165.0,1692.0
2026-01-27T22:04:05Z,Run,2026-01-27 22:32:27+00:00,-8.04656494,-34.93592192,2.380000114440918,90.0,165.0,1693.0
2026-01-27T22:04:05Z,Run,2026-01-27 22:32:28+00:00,-8.04654595,-34.93591227,2.380000114440918,90.0,166.0,1694.0
2026-01-27T22:04:05Z,Run,2026-01-27 22:32:29+00:00,-8.04652628,-34.93590227,2.380000114440918,90.0,166.0,1695.0
2026-01-27T22:04:05Z,Run,2026-01-27 22:32:30+00:00,-8.04650861,-34.93589294,2.380000114440918,90.0,166.0,1696.0
2026-01-27T22:04:05Z,Run,2026-01-27 22:32:31+00:00,-8.04649062,-34.93588294,2.380000114440918,90.0,166.0,1697.0
2026-01-27T22:04:05Z,Run,2026-01-27 22:32:32+00:00,-8.04647429,-34.93587329,2.380000114440918,90.0,166.0,1698.0
2026-01-27T22:04:05Z,Run,2026-01-27 22:32:33+00:00,-8.0464573,-34.9358643,2.380000114440918,90.0,166.0,1699.0
2026-01-27T22:04:05Z,Run,2026-01-27 22:32:34+00:00,-8.04643898,-34.9358543,2.380000114440918,90.0,166.0,1700.0
2026-01-27T22:04:05Z,Run,2026-01-27 22:32:35+00:00,-8.04642032,-34.9358433,2.380000114440918,90.0,167.0,1701.0
2026-01-27T22:04:05Z,Run,2026-01-27 22:32:36+00:00,-8.04640299,-34.93583064,2.380000114440918,90.0,167.0,1702.0
2026-01-27T22:04:05Z,Run,2026-01-27 22:32:37+00:00,-8.04638699,-34.93581964,2.380000114440918,90.0,167.0,1703.0
2026-01-27T22:04:05Z,Run,2026-01-27 22:32:38+00:00,-8.04636966,-34.93580897,2.369999885559082,90.0,167.0,1704.0
2026-01-27T22:04:05Z,Run,2026-01-27 22:32:39+00:00,-8.04635033,-34.93579797,2.359999895095825,90.0,170.0,1705.0
2026-01-27T22:04:05Z,Run,2026-01-27 22:32:40+00:00,-8.04633201,-34.93578797,2.359999895095825,90.0,171.0,1706.0
2026-01-27T22:04:05Z,Run,2026-01-27 22:32:41+00:00,-8.04631468,-34.93577832,2.359999895095825,90.0,171.0,1707.0
2026-01-27T22:04:05Z,Run,2026-01-27 22:32:42+00:00,-8.04629635,-34.93576866,2.359999895095825,90.0,171.0,1708.0
2026-01-27T22:04:05Z,Run,2026-01-27 22:32:43+00:00,-8.04627869,-34.93575933,2.3499999046325684,90.0,171.0,1709.0
2026-01-27T22:04:05Z,Run,2026-01-27 22:32:44+00:00,-8.04626103,-34.93575,2.3499999046325684,90.0,171.0,1710.0
2026-01-27T22:04:05Z,Run,2026-01-27 22:32:45+00:00,-8.04624269,-34.93574034,2.3499999046325684,90.0,171.0,1711.0
2026-01-27T22:04:05Z,Run,2026-01-27 22:32:46+00:00,-8.04622537,-34.93573001,2.3399999141693115,91.0,171.0,1712.0
2026-01-27T22:04:05Z,Run,2026-01-27 22:32:47+00:00,-8.04620804,-34.93571968,2.3399999141693115,91.0,171.0,1713.0
2026-01-27T22:04:05Z,Run,2026-01-27 22:32:48+00:00,-8.0461897,-34.93570802,2.3399999141693115,91.0,171.0,1714.0
2026-01-27T22:04:05Z,Run,2026-01-27 22:32:49+00:00,-8.0461717,-34.93569637,2.3399999141693115,91.0,171.0,1715.0
2026-01-27T22:04:05Z,Run,2026-01-27 22:32:50+00:00,-8.04615371,-34.9356867,2.3399999141693115,90.0,171.0,1716.0
2026-01-27T22:04:05Z,Run,2026-01-27 22:32:51+00:00,-8.04613438,-34.93567538,2.3299999237060547,90.0,171.0,1717.0
2026-01-27T22:04:05Z,Run,2026-01-27 22:32:52+00:00,-8.04611572,-34.93566505,2.3299999237060547,90.0,171.0,1718.0
2026-01-27T22:04:05Z,Run,2026-01-27 22:32:53+00:00,-8.04609839,-34.93565472,2.3299999237060547,90.0,171.0,1719.0
2026-01-27T22:04:05Z,Run,2026-01-27 22:32:54+00:00,-8.04608106,-34.93564405,2.3299999237060547,90.0,171.0,1720.0
2026-01-27T22:04:05Z,Run,2026-01-27 22:32:55+00:00,-8.04606339,-34.93563305,2.3299999237060547,90.0,171.0,1721.0
2026-01-27T22:04:05Z,Run,2026-01-27 22:32:56+00:00,-8.04604507,-34.93562306,2.3299999237060547,91.0,171.0,1722.0
2026-01-27T22:04:05Z,Run,2026-01-27 22:32:57+00:00,-8.04602641,-34.9356124,2.3299999237060547,91.0,170.0,1723.0
2026-01-27T22:04:05Z,Run,2026-01-27 22:32:58+00:00,-8.04600708,-34.9356024,2.3299999237060547,91.0,170.0,1724.0
2026-01-27T22:04:05Z,Run,2026-01-27 22:32:59+00:00,-8.04598741,-34.93559274,2.3299999237060547,91.0,169.0,1725.0
2026-01-27T22:04:05Z,Run,2026-01-27 22:33:00+00:00,-8.04596909,-34.93558207,2.3299999237060547,91.0,169.0,1726.0
2026-01-27T22:04:05Z,Run,2026-01-27 22:33:01+00:00,-8.04595109,-34.93557075,2.3299999237060547,91.0,169.0,1727.0
2026-01-27T22:04:05Z,Run,2026-01-27 22:33:02+00:00,-8.0459331,-34.93555909,2.3299999237060547,91.0,169.0,1728.0
2026-01-27T22:04:05Z,Run,2026-01-27 22:33:03+00:00,-8.04591476,-34.93554777,2.3299999237060547,91.0,170.0,1729.0
2026-01-27T22:04:05Z,Run,2026-01-27 22:33:04+00:00,-8.04589711,-34.93553645,2.3299999237060547,90.0,171.0,1730.0
2026-01-27T22:04:05Z,Run,2026-01-27 22:33:05+00:00,-8.04587877,-34.93552578,2.3299999237060547,90.0,171.0,1731.0
2026-01-27T22:04:05Z,Run,2026-01-27 22:33:06+00:00,-8.04585978,-34.93551546,2.3299999237060547,90.0,172.0,1732.0
2026-01-27T22:04:05Z,Run,2026-01-27 22:33:07+00:00,-8.04584112,-34.93550579,2.3299999237060547,90.0,172.0,1733.0
2026-01-27T22:04:05Z,Run,2026-01-27 22:33:08+00:00,-8.04582246,-34.9354958,2.3299999237060547,90.0,173.0,1734.0
2026-01-27T22:04:05Z,Run,2026-01-27 22:33:09+00:00,-8.04580347,-34.9354858,2.3299999237060547,90.0,173.0,1735.0
2026-01-27T22:04:05Z,Run,2026-01-27 22:33:10+00:00,-8.04578414,-34.93547614,2.3399999141693115,90.0,173.0,1736.0
2026-01-27T22:04:05Z,Run,2026-01-27 22:33:11+00:00,-8.04576381,-34.93546614,2.3399999141693115,90.0,172.0,1737.0
2026-01-27T22:04:05Z,Run,2026-01-27 22:33:12+00:00,-8.04574381,-34.93545649,2.3399999141693115,90.0,171.0,1738.0
2026-01-27T22:04:05Z,Run,2026-01-27 22:33:13+00:00,-8.04572416,-34.93544715,2.3399999141693115,90.0,171.0,1739.0
2026-01-27T22:04:05Z,Run,2026-01-27 22:33:14+00:00,-8.04570616,-34.93543716,2.3399999141693115,90.0,171.0,1740.0
2026-01-27T22:04:05Z,Run,2026-01-27 22:33:15+00:00,-8.04568883,-34.9354265,2.3399999141693115,90.0,171.0,1741.0
2026-01-27T22:04:05Z,Run,2026-01-27 22:33:16+00:00,-8.0456715,-34.93541583,2.3399999141693115,90.0,171.0,1742.0
2026-01-27T22:04:05Z,Run,2026-01-27 22:33:17+00:00,-8.04565383,-34.93540417,2.3399999141693115,90.0,171.0,1743.0
2026-01-27T22:04:05Z,Run,2026-01-27 22:33:18+00:00,-8.04563584,-34.93539384,2.3399999141693115,90.0,171.0,1744.0
2026-01-27T22:04:05Z,Run,2026-01-27 22:33:19+00:00,-8.04561784,-34.93538284,2.3399999141693115,90.0,171.0,1745.0
2026-01-27T22:04:05Z,Run,2026-01-27 22:33:20+00:00,-8.04559984,-34.93537252,2.3399999141693115,90.0,170.0,1746.0
2026-01-27T22:04:05Z,Run,2026-01-27 22:33:21+00:00,-8.04558119,-34.93536252,2.3399999141693115,90.0,169.0,1747.0
2026-01-27T22:04:05Z,Run,2026-01-27 22:33:22+00:00,-8.04556185,-34.93535319,2.3399999141693115,90.0,169.0,1748.0
2026-01-27T22:04:05Z,Run,2026-01-27 22:33:23+00:00,-8.04554253,-34.9353442,2.3399999141693115,90.0,169.0,1749.0
2026-01-27T22:04:05Z,Run,2026-01-27 22:33:24+00:00,-8.04552354,-34.9353342,2.3399999141693115,91.0,169.0,1750.0
2026-01-27T22:04:05Z,Run,2026-01-27 22:33:25+00:00,-8.04550455,-34.93532455,2.3399999141693115,91.0,169.0,1751.0
2026-01-27T22:04:05Z,Run,2026-01-27 22:33:26+00:00,-8.04548556,-34.93531555,2.3399999141693115,91.0,170.0,1752.0
2026-01-27T22:04:05Z,Run,2026-01-27 22:33:27+00:00,-8.04546589,-34.93530689,2.3399999141693115,91.0,169.0,1753.0
2026-01-27T22:04:05Z,Run,2026-01-27 22:33:28+00:00,-8.0454469,-34.93529723,2.3399999141693115,91.0,169.0,1754.0
2026-01-27T22:04:05Z,Run,2026-01-27 22:33:29+00:00,-8.04542791,-34.93528758,2.3399999141693115,91.0,169.0,1755.0
2026-01-27T22:04:05Z,Run,2026-01-27 22:33:30+00:00,-8.04540826,-34.93527691,2.3399999141693115,91.0,169.0,1756.0
2026-01-27T22:04:05Z,Run,2026-01-27 22:33:31+00:00,-8.04538859,-34.93526624,2.3399999141693115,91.0,169.0,1757.0
2026-01-27T22:04:05Z,Run,2026-01-27 22:33:32+00:00,-8.0453696,-34.93525558,2.3399999141693115,91.0,169.0,1758.0
2026-01-27T22:04:05Z,Run,2026-01-27 22:33:33+00:00,-8.04534928,-34.93524525,2.3399999141693115,91.0,169.0,1759.0
2026-01-27T22:04:05Z,Run,2026-01-27 22:33:34+00:00,-8.04532928,-34.93523559,2.3399999141693115,91.0,169.0,1760.0
2026-01-27T22:04:05Z,Run,2026-01-27 22:33:35+00:00,-8.04530862,-34.93522593,2.3399999141693115,91.0,169.0,1761.0
2026-01-27T22:04:05Z,Run,2026-01-27 22:33:36+00:00,-8.04528963,-34.93521593,2.3499999046325684,90.0,168.0,1762.0
2026-01-27T22:04:05Z,Run,2026-01-27 22:33:37+00:00,-8.04527196,-34.93520493,2.3499999046325684,90.0,168.0,1763.0
2026-01-27T22:04:05Z,Run,2026-01-27 22:33:38+00:00,-8.04525364,-34.93519261,2.3499999046325684,90.0,168.0,1764.0
2026-01-27T22:04:05Z,Run,2026-01-27 22:33:39+00:00,-8.04523532,-34.93518061,2.3499999046325684,90.0,170.0,1765.0
2026-01-27T22:04:05Z,Run,2026-01-27 22:33:40+00:00,-8.04521865,-34.93516862,2.3499999046325684,90.0,170.0,1766.0
2026-01-27T22:04:05Z,Run,2026-01-27 22:33:41+00:00,-8.04520266,-34.93515663,2.359999895095825,90.0,171.0,1767.0
2026-01-27T22:04:05Z,Run,2026-01-27 22:33:42+00:00,-8.04518666,-34.9351443,2.359999895095825,91.0,171.0,1768.0
2026-01-27T22:04:05Z,Run,2026-01-27 22:33:43+00:00,-8.04517066,-34.93513298,2.359999895095825,91.0,171.0,1769.0
2026-01-27T22:04:05Z,Run,2026-01-27 22:33:44+00:00,-8.04515434,-34.93512166,2.359999895095825,91.0,172.0,1770.0
2026-01-27T22:04:05Z,Run,2026-01-27 22:33:45+00:00,-8.04513767,-34.93511066,2.3499999046325684,91.0,173.0,1771.0
2026-01-27T22:04:05Z,Run,2026-01-27 22:33:46+00:00,-8.04512068,-34.93509966,2.3499999046325684,91.0,173.0,1772.0
2026-01-27T22:04:05Z,Run,2026-01-27 22:33:47+00:00,-8.04510335,-34.93508899,2.3499999046325684,91.0,173.0,1773.0
2026-01-27T22:04:05Z,Run,2026-01-27 22:33:48+00:00,-8.04508501,-34.93507933,2.3499999046325684,91.0,174.0,1774.0
2026-01-27T22:04:05Z,Run,2026-01-27 22:33:49+00:00,-8.04506636,-34.935069,2.3499999046325684,91.0,174.0,1775.0
2026-01-27T22:04:05Z,Run,2026-01-27 22:33:50+00:00,-8.04504737,-34.935059,2.3499999046325684,91.0,176.0,1776.0
2026-01-27T22:04:05Z,Run,2026-01-27 22:33:51+00:00,-8.04500971,-34.93503734,2.3399999141693115,91.0,176.0,1777.0
2026-01-27T22:04:05Z,Run,2026-01-27 22:33:52+00:00,-8.04499105,-34.93502602,2.3399999141693115,91.0,176.0,1778.0
2026-01-27T22:04:05Z,Run,2026-01-27 22:33:53+00:00,-8.04497239,-34.93501502,2.3399999141693115,91.0,176.0,1779.0
2026-01-27T22:04:05Z,Run,2026-01-27 22:33:54+00:00,-8.04495405,-34.93500435,2.3399999141693115,91.0,176.0,1780.0
2026-01-27T22:04:05Z,Run,2026-01-27 22:33:55+00:00,-8.0449344,-34.93499435,2.3399999141693115,91.0,175.0,1781.0
2026-01-27T22:04:05Z,Run,2026-01-27 22:33:56+00:00,-8.04491541,-34.9349847,2.3399999141693115,91.0,174.0,1782.0
2026-01-27T22:04:05Z,Run,2026-01-27 22:33:57+00:00,-8.04489542,-34.93497336,2.3399999141693115,91.0,174.0,1783.0
2026-01-27T22:04:05Z,Run,2026-01-27 22:33:58+00:00,-8.04487508,-34.93496236,2.3399999141693115,91.0,174.0,1784.0
2026-01-27T22:04:05Z,Run,2026-01-27 22:33:59+00:00,-8.04485509,-34.93495104,2.3399999141693115,91.0,174.0,1785.0
2026-01-27T22:04:05Z,Run,2026-01-27 22:34:00+00:00,-8.04483709,-34.93493837,2.3399999141693115,91.0,174.0,1786.0
2026-01-27T22:04:05Z,Run,2026-01-27 22:34:01+00:00,-8.0448181,-34.93492605,2.3499999046325684,91.0,174.0,1787.0
2026-01-27T22:04:05Z,Run,2026-01-27 22:34:02+00:00,-8.04479845,-34.93491339,2.3499999046325684,92.0,174.0,1788.0
2026-01-27T22:04:05Z,Run,2026-01-27 22:34:03+00:00,-8.04477745,-34.93490106,2.3499999046325684,92.0,174.0,1789.0
2026-01-27T22:04:05Z,Run,2026-01-27 22:34:04+00:00,-8.04475679,-34.93488974,2.3499999046325684,92.0,174.0,1790.0
2026-01-27T22:04:05Z,Run,2026-01-27 22:34:05+00:00,-8.04473712,-34.93487808,2.359999895095825,91.0,175.0,1791.0
2026-01-27T22:04:05Z,Run,2026-01-27 22:34:06+00:00,-8.04471712,-34.93486642,2.359999895095825,91.0,175.0,1792.0
2026-01-27T22:04:05Z,Run,2026-01-27 22:34:07+00:00,-8.0446978,-34.93485477,2.359999895095825,91.0,175.0,1793.0
2026-01-27T22:04:05Z,Run,2026-01-27 22:34:08+00:00,-8.04467881,-34.93484377,2.369999885559082,91.0,175.0,1794.0
2026-01-27T22:04:05Z,Run,2026-01-27 22:34:09+00:00,-8.04465982,-34.9348331,2.369999885559082,91.0,174.0,1795.0
2026-01-27T22:04:05Z,Run,2026-01-27 22:34:10+00:00,-8.04464083,-34.93482178,2.380000114440918,91.0,174.0,1796.0
2026-01-27T22:04:05Z,Run,2026-01-27 22:34:11+00:00,-8.04462216,-34.93481111,2.380000114440918,91.0,174.0,1797.0
2026-01-27T22:04:05Z,Run,2026-01-27 22:34:12+00:00,-8.04460384,-34.93480078,2.380000114440918,91.0,174.0,1798.0
2026-01-27T22:04:05Z,Run,2026-01-27 22:34:13+00:00,-8.04458552,-34.93479045,2.380000114440918,91.0,174.0,1799.0
2026-01-27T22:04:05Z,Run,2026-01-27 22:34:14+00:00,-8.04456686,-34.93478012,2.380000114440918,91.0,173.0,1800.0
2026-01-27T22:04:05Z,Run,2026-01-27 22:34:15+00:00,-8.04454753,-34.93477013,2.380000114440918,91.0,172.0,1801.0
2026-01-27T22:04:05Z,Run,2026-01-27 22:34:16+00:00,-8.04452854,-34.93475881,2.380000114440918,91.0,172.0,1802.0
2026-01-27T22:04:05Z,Run,2026-01-27 22:34:17+00:00,-8.0445102,-34.93474747,2.380000114440918,90.0,172.0,1803.0
2026-01-27T22:04:05Z,Run,2026-01-27 22:34:18+00:00,-8.04449221,-34.93473615,2.380000114440918,90.0,172.0,1804.0
2026-01-27T22:04:05Z,Run,2026-01-27 22:34:19+00:00,-8.04447388,-34.93472515,2.380000114440918,91.0,172.0,1805.0
2026-01-27T22:04:05Z,Run,2026-01-27 22:34:20+00:00,-8.04445556,-34.93471349,2.380000114440918,91.0,171.0,1806.0
2026-01-27T22:04:05Z,Run,2026-01-27 22:34:21+00:00,-8.04443657,-34.93470183,2.380000114440918,91.0,171.0,1807.0
2026-01-27T22:04:05Z,Run,2026-01-27 22:34:22+00:00,-8.04441791,-34.93468984,2.380000114440918,91.0,171.0,1808.0
2026-01-27T22:04:05Z,Run,2026-01-27 22:34:23+00:00,-8.04439959,-34.93467884,2.380000114440918,91.0,171.0,1809.0
2026-01-27T22:04:05Z,Run,2026-01-27 22:34:24+00:00,-8.0443806,-34.93466817,2.380000114440918,91.0,171.0,1810.0
2026-01-27T22:04:05Z,Run,2026-01-27 22:34:25+00:00,-8.04436226,-34.93465818,2.390000104904175,91.0,171.0,1811.0
2026-01-27T22:04:05Z,Run,2026-01-27 22:34:26+00:00,-8.04434293,-34.93464652,2.390000104904175,91.0,171.0,1812.0
2026-01-27T22:04:05Z,Run,2026-01-27 22:34:27+00:00,-8.04432326,-34.93463486,2.390000104904175,91.0,172.0,1813.0
2026-01-27T22:04:05Z,Run,2026-01-27 22:34:28+00:00,-8.04430361,-34.93462387,2.390000104904175,91.0,172.0,1814.0
2026-01-27T22:04:05Z,Run,2026-01-27 22:34:29+00:00,-8.04428428,-34.9346132,2.390000104904175,91.0,172.0,1815.0
2026-01-27T22:04:05Z,Run,2026-01-27 22:34:30+00:00,-8.04426429,-34.93460188,2.390000104904175,91.0,172.0,1816.0
2026-01-27T22:04:05Z,Run,2026-01-27 22:34:31+00:00,-8.04424429,-34.93459088,2.390000104904175,91.0,172.0,1817.0
2026-01-27T22:04:05Z,Run,2026-01-27 22:34:32+00:00,-8.04422464,-34.93457988,2.390000104904175,91.0,172.0,1818.0
2026-01-27T22:04:05Z,Run,2026-01-27 22:34:33+00:00,-8.04420565,-34.93456921,2.390000104904175,91.0,173.0,1819.0
2026-01-27T22:04:05Z,Run,2026-01-27 22:34:34+00:00,-8.04418632,-34.93455955,2.390000104904175,91.0,173.0,1820.0
2026-01-27T22:04:05Z,Run,2026-01-27 22:34:35+00:00,-8.04416666,-34.93455022,2.390000104904175,91.0,173.0,1821.0
2026-01-27T22:04:05Z,Run,2026-01-27 22:34:36+00:00,-8.04414633,-34.93454123,2.390000104904175,91.0,173.0,1822.0
2026-01-27T22:04:05Z,Run,2026-01-27 22:34:37+00:00,-8.04412734,-34.93453124,2.4000000953674316,91.0,173.0,1823.0
2026-01-27T22:04:05Z,Run,2026-01-27 22:34:38+00:00,-8.04410801,-34.93452124,2.4000000953674316,91.0,171.0,1824.0
2026-01-27T22:04:05Z,Run,2026-01-27 22:34:39+00:00,-8.04408834,-34.93451091,2.4000000953674316,91.0,171.0,1825.0
2026-01-27T22:04:05Z,Run,2026-01-27 22:34:40+00:00,-8.04406802,-34.93450125,2.4000000953674316,91.0,171.0,1826.0
2026-01-27T22:04:05Z,Run,2026-01-27 22:34:41+00:00,-8.04404736,-34.93449125,2.4000000953674316,91.0,171.0,1827.0
2026-01-27T22:04:05Z,Run,2026-01-27 22:34:42+00:00,-8.04402571,-34.93448126,2.4000000953674316,91.0,171.0,1828.0
2026-01-27T22:04:05Z,Run,2026-01-27 22:34:43+00:00,-8.04400471,-34.93447194,2.4000000953674316,90.0,170.0,1829.0
2026-01-27T22:04:05Z,Run,2026-01-27 22:34:44+00:00,-8.04398405,-34.93446227,2.4000000953674316,91.0,170.0,1830.0
2026-01-27T22:04:05Z,Run,2026-01-27 22:34:45+00:00,-8.04396305,-34.93445228,2.4000000953674316,91.0,170.0,1831.0
2026-01-27T22:04:05Z,Run,2026-01-27 22:34:46+00:00,-8.04394338,-34.93444128,2.4100000858306885,91.0,171.0,1832.0
2026-01-27T22:04:05Z,Run,2026-01-27 22:34:47+00:00,-8.04392373,-34.93443028,2.4100000858306885,91.0,172.0,1833.0
2026-01-27T22:04:05Z,Run,2026-01-27 22:34:48+00:00,-8.04390507,-34.93441961,2.4100000858306885,91.0,172.0,1834.0
2026-01-27T22:04:05Z,Run,2026-01-27 22:34:49+00:00,-8.0438864,-34.93440928,2.4100000858306885,90.0,172.0,1835.0
2026-01-27T22:04:05Z,Run,2026-01-27 22:34:50+00:00,-8.04386774,-34.93439828,2.4200000762939453,90.0,171.0,1836.0
2026-01-27T22:04:05Z,Run,2026-01-27 22:34:51+00:00,-8.04384841,-34.93438796,2.4200000762939453,91.0,170.0,1837.0
2026-01-27T22:04:05Z,Run,2026-01-27 22:34:52+00:00,-8.04382876,-34.93437729,2.4200000762939453,91.0,170.0,1838.0
2026-01-27T22:04:05Z,Run,2026-01-27 22:34:53+00:00,-8.04380877,-34.93436729,2.4200000762939453,91.0,169.0,1839.0
2026-01-27T22:04:05Z,Run,2026-01-27 22:34:54+00:00,-8.04378943,-34.93435629,2.4200000762939453,91.0,169.0,1840.0
2026-01-27T22:04:05Z,Run,2026-01-27 22:34:55+00:00,-8.04377111,-34.93434597,2.4200000762939453,91.0,169.0,1841.0
2026-01-27T22:04:05Z,Run,2026-01-27 22:34:56+00:00,-8.04375212,-34.93433497,2.4200000762939453,91.0,170.0,1842.0
2026-01-27T22:04:05Z,Run,2026-01-27 22:34:57+00:00,-8.0437328,-34.93432497,2.4200000762939453,91.0,170.0,1843.0
2026-01-27T22:04:05Z,Run,2026-01-27 22:34:58+00:00,-8.04371346,-34.93431564,2.4200000762939453,91.0,170.0,1844.0
2026-01-27T22:04:05Z,Run,2026-01-27 22:34:59+00:00,-8.04369381,-34.93430699,2.4200000762939453,91.0,170.0,1845.0
2026-01-27T22:04:05Z,Run,2026-01-27 22:35:00+00:00,-8.04367448,-34.93429733,2.4200000762939453,91.0,169.0,1846.0
2026-01-27T22:04:05Z,Run,2026-01-27 22:35:01+00:00,-8.04365483,-34.93428666,2.4200000762939453,91.0,169.0,1847.0
2026-01-27T22:04:05Z,Run,2026-01-27 22:35:02+00:00,-8.04363584,-34.93427566,2.4200000762939453,91.0,168.0,1848.0
2026-01-27T22:04:05Z,Run,2026-01-27 22:35:03+00:00,-8.04361651,-34.93426466,2.4200000762939453,91.0,168.0,1849.0
2026-01-27T22:04:05Z,Run,2026-01-27 22:35:04+00:00,-8.04359785,-34.93425433,2.4200000762939453,91.0,167.0,1850.0
2026-01-27T22:04:05Z,Run,2026-01-27 22:35:05+00:00,-8.04357886,-34.93424301,2.4200000762939453,91.0,167.0,1851.0
2026-01-27T22:04:05Z,Run,2026-01-27 22:35:06+00:00,-8.04356019,-34.93423135,2.4200000762939453,91.0,166.0,1852.0
2026-01-27T22:04:05Z,Run,2026-01-27 22:35:07+00:00,-8.04354087,-34.93422003,2.4200000762939453,91.0,166.0,1853.0
2026-01-27T22:04:05Z,Run,2026-01-27 22:35:08+00:00,-8.04352253,-34.93420669,2.4200000762939453,91.0,165.0,1854.0
2026-01-27T22:04:05Z,Run,2026-01-27 22:35:09+00:00,-8.04350488,-34.93419237,2.4200000762939453,91.0,165.0,1855.0
2026-01-27T22:04:05Z,Run,2026-01-27 22:35:10+00:00,-8.04348788,-34.93417705,2.4200000762939453,90.0,165.0,1856.0
2026-01-27T22:04:05Z,Run,2026-01-27 22:35:11+00:00,-8.04347222,-34.93416171,2.4200000762939453,90.0,166.0,1857.0
2026-01-27T22:04:05Z,Run,2026-01-27 22:35:12+00:00,-8.04345856,-34.93414439,2.4200000762939453,90.0,166.0,1858.0
2026-01-27T22:04:05Z,Run,2026-01-27 22:35:13+00:00,-8.04344657,-34.9341264,2.4200000762939453,90.0,166.0,1859.0
2026-01-27T22:04:05Z,Run,2026-01-27 22:35:14+00:00,-8.04343658,-34.9341074,2.4200000762939453,90.0,166.0,1860.0
2026-01-27T22:04:05Z,Run,2026-01-27 22:35:15+00:00,-8.04343026,-34.93408674,2.4200000762939453,90.0,166.0,1861.0
2026-01-27T22:04:05Z,Run,2026-01-27 22:35:16+00:00,-8.04342693,-34.93406574,2.4200000762939453,89.0,166.0,1862.0
2026-01-27T22:04:05Z,Run,2026-01-27 22:35:17+00:00,-8.04342725,-34.93404509,2.4200000762939453,89.0,166.0,1863.0
2026-01-27T22:04:05Z,Run,2026-01-27 22:35:18+00:00,-8.04343091,-34.93402375,2.4200000762939453,89.0,166.0,1864.0
2026-01-27T22:04:05Z,Run,2026-01-27 22:35:19+00:00,-8.04343791,-34.9340021,2.4200000762939453,89.0,166.0,1865.0
2026-01-27T22:04:05Z,Run,2026-01-27 22:35:20+00:00,-8.04344657,-34.9339801,2.4200000762939453,89.0,166.0,1866.0
2026-01-27T22:04:05Z,Run,2026-01-27 22:35:21+00:00,-8.04345924,-34.93395677,2.4200000762939453,88.0,166.0,1867.0
2026-01-27T22:04:05Z,Run,2026-01-27 22:35:22+00:00,-8.04347256,-34.93393477,2.4200000762939453,88.0,166.0,1868.0
2026-01-27T22:04:05Z,Run,2026-01-27 22:35:23+00:00,-8.04348489,-34.93391411,2.4200000762939453,88.0,165.0,1869.0
2026-01-27T22:04:05Z,Run,2026-01-27 22:35:24+00:00,-8.04349655,-34.93389412,2.430000066757202,88.0,165.0,1870.0
2026-01-27T22:04:05Z,Run,2026-01-27 22:35:25+00:00,-8.04350622,-34.93387512,2.430000066757202,88.0,165.0,1871.0
2026-01-27T22:04:05Z,Run,2026-01-27 22:35:26+00:00,-8.04351455,-34.93385579,2.430000066757202,88.0,165.0,1872.0
2026-01-27T22:04:05Z,Run,2026-01-27 22:35:27+00:00,-8.04352254,-34.93383746,2.430000066757202,89.0,164.0,1873.0
2026-01-27T22:04:05Z,Run,2026-01-27 22:35:28+00:00,-8.04352888,-34.93381914,2.430000066757202,90.0,164.0,1874.0
2026-01-27T22:04:05Z,Run,2026-01-27 22:35:29+00:00,-8.04353588,-34.93380014,2.430000066757202,90.0,164.0,1875.0
2026-01-27T22:04:05Z,Run,2026-01-27 22:35:30+00:00,-8.04354421,-34.93378015,2.430000066757202,90.0,164.0,1876.0
2026-01-27T22:04:05Z,Run,2026-01-27 22:35:31+00:00,-8.04355553,-34.93376148,2.430000066757202,90.0,164.0,1877.0
2026-01-27T22:04:05Z,Run,2026-01-27 22:35:32+00:00,-8.04356786,-34.93374281,2.430000066757202,89.0,164.0,1878.0
2026-01-27T22:04:05Z,Run,2026-01-27 22:35:34+00:00,-8.04358051,-34.93372382,2.430000066757202,90.0,165.0,1880.0
2026-01-27T22:04:05Z,Run,2026-01-27 22:35:35+00:00,-8.04359718,-34.93369782,2.430000066757202,90.0,166.0,1881.0
2026-01-27T22:04:05Z,Run,2026-01-27 22:35:36+00:00,-8.04361185,-34.93367483,2.430000066757202,90.0,166.0,1882.0
2026-01-27T22:04:05Z,Run,2026-01-27 22:35:37+00:00,-8.0436245,-34.93365451,2.430000066757202,90.0,166.0,1883.0
2026-01-27T22:04:05Z,Run,2026-01-27 22:35:38+00:00,-8.04363649,-34.93363551,2.4200000762939453,89.0,166.0,1884.0
2026-01-27T22:04:05Z,Run,2026-01-27 22:35:39+00:00,-8.04364916,-34.93361618,2.4200000762939453,88.0,166.0,1885.0
2026-01-27T22:04:05Z,Run,2026-01-27 22:35:40+00:00,-8.04366149,-34.93359719,2.4200000762939453,88.0,166.0,1886.0
2026-01-27T22:04:05Z,Run,2026-01-27 22:35:41+00:00,-8.04367315,-34.93357785,2.430000066757202,88.0,166.0,1887.0
2026-01-27T22:04:05Z,Run,2026-01-27 22:35:42+00:00,-8.04368282,-34.93355753,2.430000066757202,88.0,166.0,1888.0
2026-01-27T22:04:05Z,Run,2026-01-27 22:35:43+00:00,-8.04369115,-34.93353853,2.430000066757202,88.0,166.0,1889.0
2026-01-27T22:04:05Z,Run,2026-01-27 22:35:44+00:00,-8.04370014,-34.93351986,2.430000066757202,88.0,166.0,1890.0
2026-01-27T22:04:05Z,Run,2026-01-27 22:35:45+00:00,-8.04371114,-34.93350053,2.430000066757202,88.0,166.0,1891.0
2026-01-27T22:04:05Z,Run,2026-01-27 22:35:46+00:00,-8.04371881,-34.93348221,2.430000066757202,89.0,166.0,1892.0
2026-01-27T22:04:05Z,Run,2026-01-27 22:35:47+00:00,-8.04372347,-34.93346721,2.430000066757202,89.0,166.0,1893.0
2026-01-27T22:04:05Z,Run,2026-01-27 22:35:48+00:00,-8.04372746,-34.93345222,2.430000066757202,90.0,166.0,1894.0
2026-01-27T22:04:05Z,Run,2026-01-27 22:35:49+00:00,-8.04373313,-34.93343555,2.430000066757202,90.0,166.0,1895.0
2026-01-27T22:04:05Z,Run,2026-01-27 22:35:50+00:00,-8.0437408,-34.93341723,2.430000066757202,90.0,166.0,1896.0
2026-01-27T22:04:05Z,Run,2026-01-27 22:35:51+00:00,-8.0437498,-34.93339789,2.430000066757202,89.0,165.0,1897.0
2026-01-27T22:04:05Z,Run,2026-01-27 22:35:52+00:00,-8.04376312,-34.93337989,2.4200000762939453,89.0,164.0,1898.0
2026-01-27T22:04:05Z,Run,2026-01-27 22:35:53+00:00,-8.04377678,-34.9333629,2.4200000762939453,90.0,164.0,1899.0
2026-01-27T22:04:05Z,Run,2026-01-27 22:35:54+00:00,-8.04378911,-34.93334725,2.4200000762939453,90.0,164.0,1900.0
2026-01-27T22:04:05Z,Run,2026-01-27 22:35:55+00:00,-8.04379977,-34.93333058,2.4100000858306885,90.0,164.0,1901.0
2026-01-27T22:04:05Z,Run,2026-01-27 22:35:56+00:00,-8.04380909,-34.93331292,2.4100000858306885,90.0,164.0,1902.0
2026-01-27T22:04:05Z,Run,2026-01-27 22:35:57+00:00,-8.04381775,-34.93329259,2.4000000953674316,90.0,164.0,1903.0
2026-01-27T22:04:05Z,Run,2026-01-27 22:35:58+00:00,-8.04382541,-34.93327093,2.4000000953674316,90.0,165.0,1904.0
2026-01-27T22:04:05Z,Run,2026-01-27 22:35:59+00:00,-8.0438334,-34.93324927,2.4000000953674316,90.0,166.0,1905.0
2026-01-27T22:04:05Z,Run,2026-01-27 22:36:00+00:00,-8.04384006,-34.93322861,2.4000000953674316,90.0,166.0,1906.0
2026-01-27T22:04:05Z,Run,2026-01-27 22:36:01+00:00,-8.04384539,-34.93320894,2.4000000953674316,90.0,166.0,1907.0
2026-01-27T22:04:05Z,Run,2026-01-27 22:36:02+00:00,-8.04385139,-34.93318828,2.4000000953674316,90.0,166.0,1908.0
2026-01-27T22:04:05Z,Run,2026-01-27 22:36:03+00:00,-8.04385905,-34.93316762,2.4000000953674316,90.0,164.0,1909.0
2026-01-27T22:04:05Z,Run,2026-01-27 22:36:04+00:00,-8.04386905,-34.93314629,2.4000000953674316,91.0,164.0,1910.0
2026-01-27T22:04:05Z,Run,2026-01-27 22:36:05+00:00,-8.04388071,-34.93312463,2.4000000953674316,91.0,164.0,1911.0
2026-01-27T22:04:05Z,Run,2026-01-27 22:36:06+00:00,-8.04389304,-34.9331023,2.4000000953674316,90.0,164.0,1912.0
2026-01-27T22:04:05Z,Run,2026-01-27 22:36:07+00:00,-8.04390403,-34.93307996,2.4000000953674316,90.0,165.0,1913.0
2026-01-27T22:04:05Z,Run,2026-01-27 22:36:08+00:00,-8.0439157,-34.93305664,2.4000000953674316,90.0,165.0,1914.0
2026-01-27T22:04:05Z,Run,2026-01-27 22:36:09+00:00,-8.04392535,-34.93303364,2.4100000858306885,90.0,166.0,1915.0
2026-01-27T22:04:05Z,Run,2026-01-27 22:36:10+00:00,-8.04393501,-34.93301165,2.4200000762939453,90.0,166.0,1916.0
2026-01-27T22:04:05Z,Run,2026-01-27 22:36:11+00:00,-8.04394468,-34.93299065,2.4200000762939453,89.0,168.0,1917.0
2026-01-27T22:04:05Z,Run,2026-01-27 22:36:12+00:00,-8.043954,-34.93296966,2.430000066757202,89.0,168.0,1918.0
2026-01-27T22:04:05Z,Run,2026-01-27 22:36:13+00:00,-8.04396267,-34.93294833,2.430000066757202,90.0,169.0,1919.0
2026-01-27T22:04:05Z,Run,2026-01-27 22:36:14+00:00,-8.04397032,-34.932928,2.430000066757202,90.0,169.0,1920.0
2026-01-27T22:04:05Z,Run,2026-01-27 22:36:15+00:00,-8.04397932,-34.93290667,2.440000057220459,90.0,169.0,1921.0
2026-01-27T22:04:05Z,Run,2026-01-27 22:36:16+00:00,-8.04398765,-34.932887,2.440000057220459,90.0,169.0,1922.0
2026-01-27T22:04:05Z,Run,2026-01-27 22:36:17+00:00,-8.04399498,-34.93286601,2.440000057220459,89.0,170.0,1923.0
2026-01-27T22:04:05Z,Run,2026-01-27 22:36:18+00:00,-8.04400164,-34.93284336,2.450000047683716,90.0,170.0,1924.0
2026-01-27T22:04:05Z,Run,2026-01-27 22:36:19+00:00,-8.04400796,-34.9328207,2.450000047683716,90.0,170.0,1925.0
2026-01-27T22:04:05Z,Run,2026-01-27 22:36:20+00:00,-8.04401629,-34.93279937,2.450000047683716,90.0,170.0,1926.0
2026-01-27T22:04:05Z,Run,2026-01-27 22:36:21+00:00,-8.04402329,-34.93277804,2.450000047683716,88.0,171.0,1927.0
2026-01-27T22:04:05Z,Run,2026-01-27 22:36:22+00:00,-8.04403195,-34.93275804,2.450000047683716,87.0,171.0,1928.0
2026-01-27T22:04:05Z,Run,2026-01-27 22:36:23+00:00,-8.04404428,-34.93273739,2.450000047683716,86.0,171.0,1929.0
2026-01-27T22:04:05Z,Run,2026-01-27 22:36:24+00:00,-8.04405727,-34.93271906,2.450000047683716,87.0,171.0,1930.0
2026-01-27T22:04:05Z,Run,2026-01-27 22:36:25+00:00,-8.04406894,-34.93270073,2.450000047683716,88.0,171.0,1931.0
2026-01-27T22:04:05Z,Run,2026-01-27 22:36:26+00:00,-8.04408226,-34.93268341,2.450000047683716,88.0,171.0,1932.0
2026-01-27T22:04:05Z,Run,2026-01-27 22:36:27+00:00,-8.04409725,-34.93266308,2.450000047683716,89.0,173.0,1933.0
2026-01-27T22:04:05Z,Run,2026-01-27 22:36:28+00:00,-8.04411059,-34.93264142,2.450000047683716,89.0,174.0,1934.0
2026-01-27T22:04:05Z,Run,2026-01-27 22:36:29+00:00,-8.04412024,-34.93262008,2.450000047683716,90.0,175.0,1935.0
2026-01-27T22:04:05Z,Run,2026-01-27 22:36:30+00:00,-8.04412658,-34.93259943,2.450000047683716,89.0,175.0,1936.0
2026-01-27T22:04:05Z,Run,2026-01-27 22:36:31+00:00,-8.04413257,-34.93257976,2.450000047683716,89.0,175.0,1937.0
2026-01-27T22:04:05Z,Run,2026-01-27 22:36:32+00:00,-8.0441399,-34.93255843,2.450000047683716,89.0,175.0,1938.0
2026-01-27T22:04:05Z,Run,2026-01-27 22:36:33+00:00,-8.0441469,-34.9325381,2.450000047683716,89.0,175.0,1939.0
2026-01-27T22:04:05Z,Run,2026-01-27 22:36:34+00:00,-8.04415122,-34.93251978,2.440000057220459,89.0,176.0,1940.0
2026-01-27T22:04:05Z,Run,2026-01-27 22:36:35+00:00,-8.04415621,-34.93250178,2.440000057220459,89.0,176.0,1941.0
2026-01-27T22:04:05Z,Run,2026-01-27 22:36:36+00:00,-8.0441612,-34.93248211,2.440000057220459,89.0,176.0,1942.0
2026-01-27T22:04:05Z,Run,2026-01-27 22:36:37+00:00,-8.04416787,-34.93246346,2.430000066757202,89.0,176.0,1943.0
2026-01-27T22:04:05Z,Run,2026-01-27 22:36:38+00:00,-8.04417653,-34.93244512,2.430000066757202,89.0,176.0,1944.0
2026-01-27T22:04:05Z,Run,2026-01-27 22:36:39+00:00,-8.04418686,-34.93242713,2.430000066757202,89.0,177.0,1945.0
2026-01-27T22:04:05Z,Run,2026-01-27 22:36:40+00:00,-8.04419818,-34.9324088,2.430000066757202,89.0,177.0,1946.0
2026-01-27T22:04:05Z,Run,2026-01-27 22:36:41+00:00,-8.04420917,-34.93239081,2.430000066757202,89.0,177.0,1947.0
2026-01-27T22:04:05Z,Run,2026-01-27 22:36:42+00:00,-8.04422251,-34.93236981,2.430000066757202,89.0,177.0,1948.0
2026-01-27T22:04:05Z,Run,2026-01-27 22:36:43+00:00,-8.04423516,-34.93234748,2.430000066757202,89.0,177.0,1949.0
2026-01-27T22:04:05Z,Run,2026-01-27 22:36:44+00:00,-8.0442465,-34.93232515,2.430000066757202,89.0,177.0,1950.0
2026-01-27T22:04:05Z,Run,2026-01-27 22:36:45+00:00,-8.0442575,-34.93230349,2.430000066757202,89.0,177.0,1951.0
2026-01-27T22:04:05Z,Run,2026-01-27 22:36:46+00:00,-8.04426949,-34.93228482,2.430000066757202,89.0,177.0,1952.0
2026-01-27T22:04:05Z,Run,2026-01-27 22:36:47+00:00,-8.04428214,-34.93226683,2.430000066757202,88.0,178.0,1953.0
2026-01-27T22:04:05Z,Run,2026-01-27 22:36:48+00:00,-8.04429514,-34.93224984,2.430000066757202,88.0,178.0,1954.0
2026-01-27T22:04:05Z,Run,2026-01-27 22:36:49+00:00,-8.04430747,-34.93223285,2.430000066757202,88.0,178.0,1955.0
2026-01-27T22:04:05Z,Run,2026-01-27 22:36:50+00:00,-8.04432347,-34.93221519,2.430000066757202,88.0,178.0,1956.0
2026-01-27T22:04:05Z,Run,2026-01-27 22:36:51+00:00,-8.04434312,-34.93219586,2.430000066757202,88.0,179.0,1957.0
2026-01-27T22:04:05Z,Run,2026-01-27 22:36:52+00:00,-8.04436479,-34.93217587,2.430000066757202,87.0,180.0,1958.0
2026-01-27T22:04:05Z,Run,2026-01-27 22:36:53+00:00,-8.04438545,-34.93215554,2.430000066757202,87.0,180.0,1959.0
2026-01-27T22:04:05Z,Run,2026-01-27 22:36:54+00:00,-8.0444071,-34.93213721,2.430000066757202,87.0,179.0,1960.0
2026-01-27T22:04:05Z,Run,2026-01-27 22:36:55+00:00,-8.0444281,-34.93212055,2.430000066757202,88.0,178.0,1961.0
2026-01-27T22:04:05Z,Run,2026-01-27 22:36:56+00:00,-8.04444676,-34.93210589,2.430000066757202,88.0,178.0,1962.0
2026-01-27T22:04:05Z,Run,2026-01-27 22:36:57+00:00,-8.04446443,-34.93209089,2.440000057220459,88.0,178.0,1963.0
2026-01-27T22:04:05Z,Run,2026-01-27 22:36:58+00:00,-8.04447775,-34.93207857,2.450000047683716,88.0,179.0,1964.0
2026-01-27T22:04:05Z,Run,2026-01-27 22:36:59+00:00,-8.04449141,-34.93206691,2.450000047683716,88.0,178.0,1965.0
2026-01-27T22:04:05Z,Run,2026-01-27 22:37:00+00:00,-8.04450407,-34.93205259,2.4600000381469727,88.0,178.0,1966.0
2026-01-27T22:04:05Z,Run,2026-01-27 22:37:01+00:00,-8.04451873,-34.93203992,2.4600000381469727,88.0,178.0,1967.0
2026-01-27T22:04:05Z,Run,2026-01-27 22:37:02+00:00,-8.04453373,-34.93202359,2.4600000381469727,88.0,178.0,1968.0
2026-01-27T22:04:05Z,Run,2026-01-27 22:37:03+00:00,-8.04454839,-34.93200426,2.2899999618530273,88.0,178.0,1969.0
2026-01-27T22:04:05Z,Run,2026-01-27 22:37:04+00:00,-8.04456005,-34.9319876,2.130000114440918,88.0,177.0,1970.0
2026-01-27T22:04:05Z,Run,2026-01-27 22:37:05+00:00,-8.04456939,-34.93197327,2.0199999809265137,88.0,176.0,1971.0
2026-01-27T22:04:05Z,Run,2026-01-27 22:37:06+00:00,-8.04457605,-34.93196027,1.9800000190734863,88.0,176.0,1972.0
2026-01-27T22:04:05Z,Run,2026-01-27 22:37:07+00:00,-8.04458138,-34.93194862,2.0399999618530273,88.0,176.0,1973.0
2026-01-27T22:04:05Z,Run,2026-01-27 22:40:17+00:00,-8.04631804,-34.93186195,2.0399999618530273,88.0,157.0,2163.0
2026-01-27T22:04:05Z,Run,2026-01-27 22:40:18+00:00,-8.0463227,-34.93186762,2.0399999618530273,88.0,157.0,2164.0
2026-01-27T22:04:05Z,Run,2026-01-27 22:40:19+00:00,-8.04633103,-34.93187595,2.0399999618530273,,158.0,2165.0
2026-01-27T22:04:05Z,Run,2026-01-27 22:40:20+00:00,-8.04634103,-34.93188695,0.0,,158.0,2166.0
2026-01-27T22:04:05Z,Run,2026-01-27 22:40:21+00:00,-8.04635202,-34.93189961,0.0,,159.0,2167.0
2026-01-27T22:04:05Z,Run,2026-01-27 22:40:22+00:00,-8.04636536,-34.93191294,0.0,,160.0,2168.0
2026-01-27T22:04:05Z,Run,2026-01-27 22:40:23+00:00,-8.04637936,-34.93192661,0.0,,160.0,2169.0
2026-01-27T22:04:05Z,Run,2026-01-27 22:40:24+00:00,-8.04639336,-34.93194126,0.0,,160.0,2170.0
2026-01-27T22:04:05Z,Run,2026-01-27 22:40:25+00:00,-8.04640801,-34.93195626,0.0,,161.0,2171.0
2026-01-27T22:04:05Z,Run,2026-01-27 22:40:26+00:00,-8.04642334,-34.93197225,0.0,,161.0,2172.0
2026-01-27T22:04:05Z,Run,2026-01-27 22:40:27+00:00,-8.04643734,-34.93198958,1.0099999904632568,,161.0,2173.0
2026-01-27T22:04:05Z,Run,2026-01-27 22:40:28+00:00,-8.04645267,-34.93200724,2.0799999237060547,90.0,163.0,2174.0
2026-01-27T22:04:05Z,Run,2026-01-27 22:40:29+00:00,-8.04646633,-34.93202457,2.190000057220459,90.0,164.0,2175.0
2026-01-27T22:04:05Z,Run,2026-01-27 22:40:30+00:00,-8.04647733,-34.93204222,2.190000057220459,90.0,164.0,2176.0
2026-01-27T22:04:05Z,Run,2026-01-27 22:40:31+00:00,-8.04648932,-34.93205889,2.2799999713897705,90.0,166.0,2177.0
2026-01-27T22:04:05Z,Run,2026-01-27 22:40:32+00:00,-8.04650197,-34.93207588,2.309999942779541,90.0,166.0,2178.0
2026-01-27T22:04:05Z,Run,2026-01-27 22:40:33+00:00,-8.04651597,-34.93209188,2.319999933242798,90.0,166.0,2179.0
2026-01-27T22:04:05Z,Run,2026-01-27 22:40:34+00:00,-8.04653197,-34.93210987,2.3299999237060547,90.0,167.0,2180.0
2026-01-27T22:04:05Z,Run,2026-01-27 22:40:35+00:00,-8.04654864,-34.93212753,2.3299999237060547,90.0,167.0,2181.0
2026-01-27T22:04:05Z,Run,2026-01-27 22:40:36+00:00,-8.04656363,-34.93214586,2.3299999237060547,90.0,167.0,2182.0
2026-01-27T22:04:05Z,Run,2026-01-27 22:40:37+00:00,-8.04657795,-34.93216418,2.3399999141693115,90.0,167.0,2183.0
2026-01-27T22:04:05Z,Run,2026-01-27 22:40:38+00:00,-8.04659329,-34.93218085,2.359999895095825,90.0,167.0,2184.0
2026-01-27T22:04:05Z,Run,2026-01-27 22:40:39+00:00,-8.04660729,-34.93219817,2.380000114440918,89.0,167.0,2185.0
2026-01-27T22:04:05Z,Run,2026-01-27 22:40:40+00:00,-8.04661994,-34.93221617,2.4100000858306885,89.0,168.0,2186.0
2026-01-27T22:04:05Z,Run,2026-01-27 22:40:41+00:00,-8.04663294,-34.93223551,2.430000066757202,89.0,168.0,2187.0
2026-01-27T22:04:05Z,Run,2026-01-27 22:40:42+00:00,-8.04664593,-34.93225484,2.430000066757202,89.0,168.0,2188.0
2026-01-27T22:04:05Z,Run,2026-01-27 22:40:43+00:00,-8.04665792,-34.93227417,2.440000057220459,89.0,168.0,2189.0
2026-01-27T22:04:05Z,Run,2026-01-27 22:40:44+00:00,-8.04666959,-34.93229283,2.450000047683716,90.0,168.0,2190.0
2026-01-27T22:04:05Z,Run,2026-01-27 22:40:45+00:00,-8.04668025,-34.93231216,2.430000066757202,90.0,168.0,2191.0
2026-01-27T22:04:05Z,Run,2026-01-27 22:40:46+00:00,-8.04669057,-34.93233215,2.4200000762939453,90.0,169.0,2192.0
2026-01-27T22:04:05Z,Run,2026-01-27 22:40:47+00:00,-8.04669924,-34.93235214,2.4200000762939453,90.0,170.0,2193.0
2026-01-27T22:04:05Z,Run,2026-01-27 22:40:48+00:00,-8.04670656,-34.93237281,2.4200000762939453,90.0,170.0,2194.0
2026-01-27T22:04:05Z,Run,2026-01-27 22:40:49+00:00,-8.04671288,-34.9323938,2.4200000762939453,90.0,170.0,2195.0
2026-01-27T22:04:05Z,Run,2026-01-27 22:40:50+00:00,-8.04671822,-34.93241379,2.4200000762939453,91.0,170.0,2196.0
2026-01-27T22:04:05Z,Run,2026-01-27 22:40:51+00:00,-8.04672354,-34.93243479,2.4000000953674316,91.0,170.0,2197.0
2026-01-27T22:04:05Z,Run,2026-01-27 22:40:52+00:00,-8.04673054,-34.93245678,2.390000104904175,90.0,171.0,2198.0
2026-01-27T22:04:05Z,Run,2026-01-27 22:40:53+00:00,-8.04673654,-34.93247978,2.380000114440918,90.0,172.0,2199.0
2026-01-27T22:04:05Z,Run,2026-01-27 22:40:54+00:00,-8.04674354,-34.93250344,2.390000104904175,90.0,172.0,2200.0
2026-01-27T22:04:05Z,Run,2026-01-27 22:40:55+00:00,-8.04674986,-34.93252676,2.390000104904175,90.0,172.0,2201.0
2026-01-27T22:04:05Z,Run,2026-01-27 22:40:56+00:00,-8.04675519,-34.93255076,2.390000104904175,90.0,172.0,2202.0
2026-01-27T22:04:05Z,Run,2026-01-27 22:40:57+00:00,-8.04675919,-34.93257508,2.4100000858306885,89.0,171.0,2203.0
2026-01-27T22:04:05Z,Run,2026-01-27 22:40:58+00:00,-8.04676418,-34.93259842,2.4600000381469727,89.0,171.0,2204.0
2026-01-27T22:04:05Z,Run,2026-01-27 22:40:59+00:00,-8.04676917,-34.93262075,2.509999990463257,90.0,171.0,2205.0
2026-01-27T22:04:05Z,Run,2026-01-27 22:41:00+00:00,-8.04677416,-34.93264241,2.5199999809265137,89.0,171.0,2206.0
2026-01-27T22:04:05Z,Run,2026-01-27 22:41:01+00:00,-8.04678016,-34.93266174,2.5199999809265137,89.0,171.0,2207.0
2026-01-27T22:04:05Z,Run,2026-01-27 22:41:02+00:00,-8.04678415,-34.93268206,2.5199999809265137,89.0,171.0,2208.0
2026-01-27T22:04:05Z,Run,2026-01-27 22:41:03+00:00,-8.04678715,-34.9327014,2.5199999809265137,89.0,171.0,2209.0
2026-01-27T22:04:05Z,Run,2026-01-27 22:41:04+00:00,-8.04678947,-34.9327224,2.5199999809265137,89.0,171.0,2210.0
2026-01-27T22:04:05Z,Run,2026-01-27 22:41:05+00:00,-8.0467938,-34.93274272,2.509999990463257,89.0,171.0,2211.0
2026-01-27T22:04:05Z,Run,2026-01-27 22:41:06+00:00,-8.04679813,-34.93276304,2.5,90.0,171.0,2212.0
2026-01-27T22:04:05Z,Run,2026-01-27 22:41:07+00:00,-8.04680346,-34.93278271,2.5,90.0,171.0,2213.0
2026-01-27T22:04:05Z,Run,2026-01-27 22:41:08+00:00,-8.04680879,-34.93280371,2.5,90.0,171.0,2214.0
2026-01-27T22:04:05Z,Run,2026-01-27 22:41:09+00:00,-8.04681545,-34.93282503,2.4800000190734863,91.0,171.0,2215.0
2026-01-27T22:04:05Z,Run,2026-01-27 22:41:10+00:00,-8.04682312,-34.9328457,2.4800000190734863,90.0,171.0,2216.0
2026-01-27T22:04:05Z,Run,2026-01-27 22:41:11+00:00,-8.04683277,-34.93286569,2.4700000286102295,90.0,171.0,2217.0
2026-01-27T22:04:05Z,Run,2026-01-27 22:41:12+00:00,-8.04684377,-34.93288435,2.4600000381469727,90.0,171.0,2218.0
2026-01-27T22:04:05Z,Run,2026-01-27 22:41:13+00:00,-8.04685643,-34.93290101,2.4600000381469727,90.0,171.0,2219.0
2026-01-27T22:04:05Z,Run,2026-01-27 22:41:14+00:00,-8.04687143,-34.93291368,2.4600000381469727,91.0,171.0,2220.0
2026-01-27T22:04:05Z,Run,2026-01-27 22:41:15+00:00,-8.04688876,-34.93292234,2.450000047683716,90.0,171.0,2221.0
2026-01-27T22:04:05Z,Run,2026-01-27 22:41:16+00:00,-8.04690709,-34.93292899,2.450000047683716,90.0,171.0,2222.0
2026-01-27T22:04:05Z,Run,2026-01-27 22:41:17+00:00,-8.04692642,-34.93293599,2.440000057220459,89.0,173.0,2223.0
2026-01-27T22:04:05Z,Run,2026-01-27 22:41:18+00:00,-8.04694409,-34.93294433,2.430000066757202,89.0,173.0,2224.0
2026-01-27T22:04:05Z,Run,2026-01-27 22:41:19+00:00,-8.04696174,-34.93295498,2.430000066757202,89.0,173.0,2225.0
2026-01-27T22:04:05Z,Run,2026-01-27 22:41:20+00:00,-8.0469774,-34.93296698,2.430000066757202,89.0,173.0,2226.0
2026-01-27T22:04:05Z,Run,2026-01-27 22:41:21+00:00,-8.04698939,-34.93298164,2.4200000762939453,89.0,173.0,2227.0
2026-01-27T22:04:05Z,Run,2026-01-27 22:41:22+00:00,-8.04699806,-34.93299831,2.4200000762939453,89.0,173.0,2228.0
2026-01-27T22:04:05Z,Run,2026-01-27 22:41:23+00:00,-8.04700405,-34.93301731,2.4100000858306885,90.0,173.0,2229.0
2026-01-27T22:04:05Z,Run,2026-01-27 22:41:24+00:00,-8.04700771,-34.93303896,2.4000000953674316,91.0,173.0,2230.0
2026-01-27T22:04:05Z,Run,2026-01-27 22:41:25+00:00,-8.04701037,-34.93306063,2.4000000953674316,91.0,173.0,2231.0
2026-01-27T22:04:05Z,Run,2026-01-27 22:41:26+00:00,-8.04701237,-34.9330823,2.4000000953674316,91.0,174.0,2232.0
2026-01-27T22:04:05Z,Run,2026-01-27 22:41:27+00:00,-8.04701337,-34.93310429,2.390000104904175,90.0,173.0,2233.0
2026-01-27T22:04:05Z,Run,2026-01-27 22:41:28+00:00,-8.04701436,-34.93312695,2.390000104904175,90.0,172.0,2234.0
2026-01-27T22:04:05Z,Run,2026-01-27 22:41:29+00:00,-8.04701469,-34.93314961,2.390000104904175,90.0,172.0,2235.0
2026-01-27T22:04:05Z,Run,2026-01-27 22:41:30+00:00,-8.04701635,-34.93317227,2.390000104904175,90.0,173.0,2236.0
2026-01-27T22:04:05Z,Run,2026-01-27 22:41:31+00:00,-8.04701767,-34.93319492,2.390000104904175,90.0,173.0,2237.0
2026-01-27T22:04:05Z,Run,2026-01-27 22:41:32+00:00,-8.04701834,-34.93321726,2.390000104904175,90.0,174.0,2238.0
2026-01-27T22:04:05Z,Run,2026-01-27 22:41:33+00:00,-8.04701966,-34.93324058,2.390000104904175,90.0,174.0,2239.0
2026-01-27T22:04:05Z,Run,2026-01-27 22:41:34+00:00,-8.04702065,-34.93326357,2.390000104904175,90.0,172.0,2240.0
2026-01-27T22:04:05Z,Run,2026-01-27 22:41:35+00:00,-8.04702132,-34.9332859,2.390000104904175,90.0,172.0,2241.0
2026-01-27T22:04:05Z,Run,2026-01-27 22:41:36+00:00,-8.04702099,-34.93330724,2.390000104904175,90.0,172.0,2242.0
2026-01-27T22:04:05Z,Run,2026-01-27 22:41:37+00:00,-8.04702099,-34.93332889,2.390000104904175,90.0,172.0,2243.0
2026-01-27T22:04:05Z,Run,2026-01-27 22:41:38+00:00,-8.04702033,-34.93335155,2.390000104904175,90.0,172.0,2244.0
2026-01-27T22:04:05Z,Run,2026-01-27 22:41:39+00:00,-8.04702099,-34.93337388,2.390000104904175,90.0,170.0,2245.0
2026-01-27T22:04:05Z,Run,2026-01-27 22:41:40+00:00,-8.04702265,-34.93339588,2.390000104904175,90.0,168.0,2246.0
2026-01-27T22:04:05Z,Run,2026-01-27 22:41:41+00:00,-8.04702431,-34.93341854,2.4000000953674316,90.0,166.0,2247.0
2026-01-27T22:04:05Z,Run,2026-01-27 22:41:42+00:00,-8.04702531,-34.93344187,2.4000000953674316,90.0,165.0,2248.0
2026-01-27T22:04:05Z,Run,2026-01-27 22:41:43+00:00,-8.04702498,-34.93346453,2.4000000953674316,90.0,165.0,2249.0
2026-01-27T22:04:05Z,Run,2026-01-27 22:41:44+00:00,-8.04702399,-34.93348719,2.4000000953674316,90.0,165.0,2250.0
2026-01-27T22:04:05Z,Run,2026-01-27 22:41:45+00:00,-8.04702365,-34.93350918,2.4000000953674316,90.0,165.0,2251.0
2026-01-27T22:04:05Z,Run,2026-01-27 22:41:46+00:00,-8.04702333,-34.93353118,2.4000000953674316,90.0,166.0,2252.0
2026-01-27T22:04:05Z,Run,2026-01-27 22:41:47+00:00,-8.04702365,-34.93355383,2.4000000953674316,90.0,166.0,2253.0
2026-01-27T22:04:05Z,Run,2026-01-27 22:41:48+00:00,-8.04702432,-34.93357649,2.4000000953674316,91.0,165.0,2254.0
2026-01-27T22:04:05Z,Run,2026-01-27 22:41:49+00:00,-8.04702532,-34.93359882,2.4000000953674316,91.0,165.0,2255.0
2026-01-27T22:04:05Z,Run,2026-01-27 22:41:50+00:00,-8.04702598,-34.93362216,2.4000000953674316,91.0,165.0,2256.0
2026-01-27T22:04:05Z,Run,2026-01-27 22:41:51+00:00,-8.04702664,-34.93364515,2.4000000953674316,91.0,165.0,2257.0
2026-01-27T22:04:05Z,Run,2026-01-27 22:41:52+00:00,-8.0470273,-34.93366847,2.4100000858306885,91.0,165.0,2258.0
2026-01-27T22:04:05Z,Run,2026-01-27 22:41:53+00:00,-8.04702797,-34.9336908,2.4100000858306885,91.0,165.0,2259.0
2026-01-27T22:04:05Z,Run,2026-01-27 22:41:54+00:00,-8.04702664,-34.93371214,2.4200000762939453,91.0,165.0,2260.0
2026-01-27T22:04:05Z,Run,2026-01-27 22:41:55+00:00,-8.04702464,-34.93373379,2.4200000762939453,91.0,165.0,2261.0
2026-01-27T22:04:05Z,Run,2026-01-27 22:41:56+00:00,-8.04702332,-34.93375546,2.4200000762939453,91.0,165.0,2262.0
2026-01-27T22:04:05Z,Run,2026-01-27 22:41:57+00:00,-8.047022,-34.93377578,2.4200000762939453,92.0,166.0,2263.0
2026-01-27T22:04:05Z,Run,2026-01-27 22:41:58+00:00,-8.047021,-34.93379611,2.4200000762939453,91.0,166.0,2264.0
2026-01-27T22:04:05Z,Run,2026-01-27 22:41:59+00:00,-8.04702034,-34.93381811,2.430000066757202,91.0,166.0,2265.0
2026-01-27T22:04:05Z,Run,2026-01-27 22:42:00+00:00,-8.04702066,-34.93383944,2.430000066757202,91.0,166.0,2266.0
2026-01-27T22:04:05Z,Run,2026-01-27 22:42:01+00:00,-8.04702166,-34.9338601,2.430000066757202,91.0,166.0,2267.0
2026-01-27T22:04:05Z,Run,2026-01-27 22:42:02+00:00,-8.04702365,-34.93388076,2.430000066757202,91.0,166.0,2268.0
2026-01-27T22:04:05Z,Run,2026-01-27 22:42:03+00:00,-8.04702532,-34.93390175,2.430000066757202,91.0,166.0,2269.0
2026-01-27T22:04:05Z,Run,2026-01-27 22:42:04+00:00,-8.04702764,-34.93392174,2.430000066757202,91.0,166.0,2270.0
2026-01-27T22:04:05Z,Run,2026-01-27 22:42:05+00:00,-8.04702997,-34.9339444,2.4200000762939453,91.0,166.0,2271.0
2026-01-27T22:04:05Z,Run,2026-01-27 22:42:06+00:00,-8.04703163,-34.93396806,2.4200000762939453,91.0,167.0,2272.0
2026-01-27T22:04:05Z,Run,2026-01-27 22:42:07+00:00,-8.04703429,-34.93399139,2.4200000762939453,91.0,167.0,2273.0
2026-01-27T22:04:05Z,Run,2026-01-27 22:42:08+00:00,-8.04703529,-34.93401438,2.4200000762939453,91.0,167.0,2274.0
2026-01-27T22:04:05Z,Run,2026-01-27 22:42:09+00:00,-8.04703529,-34.93403671,2.4200000762939453,91.0,166.0,2275.0
2026-01-27T22:04:05Z,Run,2026-01-27 22:42:10+00:00,-8.04703462,-34.93405838,2.4200000762939453,91.0,166.0,2276.0
2026-01-27T22:04:05Z,Run,2026-01-27 22:42:11+00:00,-8.04703397,-34.93408004,2.4200000762939453,91.0,167.0,2277.0
2026-01-27T22:04:05Z,Run,2026-01-27 22:42:12+00:00,-8.04703297,-34.93410003,2.4200000762939453,92.0,168.0,2278.0
2026-01-27T22:04:05Z,Run,2026-01-27 22:42:13+00:00,-8.0470333,-34.93412169,2.4200000762939453,92.0,168.0,2279.0
2026-01-27T22:04:05Z,Run,2026-01-27 22:42:14+00:00,-8.04703363,-34.93414403,2.4200000762939453,92.0,168.0,2280.0
2026-01-27T22:04:05Z,Run,2026-01-27 22:42:15+00:00,-8.04703496,-34.93416603,2.430000066757202,92.0,169.0,2281.0
2026-01-27T22:04:05Z,Run,2026-01-27 22:42:16+00:00,-8.04703628,-34.93419002,2.430000066757202,92.0,170.0,2282.0
2026-01-27T22:04:05Z,Run,2026-01-27 22:42:17+00:00,-8.0470376,-34.93421335,2.430000066757202,92.0,170.0,2283.0
2026-01-27T22:04:05Z,Run,2026-01-27 22:42:18+00:00,-8.04704027,-34.93423734,2.430000066757202,92.0,170.0,2284.0
2026-01-27T22:04:05Z,Run,2026-01-27 22:42:19+00:00,-8.04704493,-34.93426266,2.430000066757202,91.0,170.0,2285.0
2026-01-27T22:04:05Z,Run,2026-01-27 22:42:20+00:00,-8.04704993,-34.93428933,2.430000066757202,91.0,170.0,2286.0
2026-01-27T22:04:05Z,Run,2026-01-27 22:42:21+00:00,-8.04705492,-34.93433931,2.430000066757202,91.0,171.0,2287.0
2026-01-27T22:04:05Z,Run,2026-01-27 22:42:22+00:00,-8.04705458,-34.93436231,2.440000057220459,91.0,172.0,2288.0
2026-01-27T22:04:05Z,Run,2026-01-27 22:42:23+00:00,-8.04705393,-34.93438497,2.440000057220459,91.0,173.0,2289.0
2026-01-27T22:04:05Z,Run,2026-01-27 22:42:24+00:00,-8.04705294,-34.93440696,2.450000047683716,91.0,174.0,2290.0
2026-01-27T22:04:05Z,Run,2026-01-27 22:42:25+00:00,-8.04705326,-34.93442762,2.450000047683716,91.0,174.0,2291.0
2026-01-27T22:04:05Z,Run,2026-01-27 22:42:26+00:00,-8.04705393,-34.93444996,2.450000047683716,91.0,175.0,2292.0
2026-01-27T22:04:05Z,Run,2026-01-27 22:42:27+00:00,-8.04705458,-34.93447295,2.450000047683716,91.0,176.0,2293.0
2026-01-27T22:04:05Z,Run,2026-01-27 22:42:28+00:00,-8.04705458,-34.9344956,2.4600000381469727,91.0,177.0,2294.0
2026-01-27T22:04:05Z,Run,2026-01-27 22:42:29+00:00,-8.04705426,-34.93451826,2.4600000381469727,91.0,177.0,2295.0
2026-01-27T22:04:05Z,Run,2026-01-27 22:42:30+00:00,-8.04705525,-34.93454059,2.4600000381469727,91.0,177.0,2296.0
2026-01-27T22:04:05Z,Run,2026-01-27 22:42:31+00:00,-8.04705657,-34.93456425,2.4600000381469727,91.0,177.0,2297.0
2026-01-27T22:04:05Z,Run,2026-01-27 22:42:32+00:00,-8.04705791,-34.93458825,2.4600000381469727,91.0,177.0,2298.0
2026-01-27T22:04:05Z,Run,2026-01-27 22:42:33+00:00,-8.04705791,-34.93461091,2.4600000381469727,91.0,177.0,2299.0
2026-01-27T22:04:05Z,Run,2026-01-27 22:42:34+00:00,-8.04705657,-34.93463356,2.4600000381469727,91.0,177.0,2300.0
2026-01-27T22:04:05Z,Run,2026-01-27 22:42:35+00:00,-8.04705625,-34.9346579,2.4600000381469727,91.0,177.0,2301.0
2026-01-27T22:04:05Z,Run,2026-01-27 22:42:36+00:00,-8.04705558,-34.93468122,2.4600000381469727,91.0,177.0,2302.0
2026-01-27T22:04:05Z,Run,2026-01-27 22:42:37+00:00,-8.04705458,-34.93470255,2.4600000381469727,91.0,177.0,2303.0
2026-01-27T22:04:05Z,Run,2026-01-27 22:42:38+00:00,-8.04705393,-34.93472488,2.4600000381469727,90.0,176.0,2304.0
2026-01-27T22:04:05Z,Run,2026-01-27 22:42:39+00:00,-8.04705393,-34.93474821,2.4600000381469727,90.0,173.0,2305.0
2026-01-27T22:04:05Z,Run,2026-01-27 22:42:40+00:00,-8.04705393,-34.93477054,2.4600000381469727,90.0,172.0,2306.0
2026-01-27T22:04:05Z,Run,2026-01-27 22:42:41+00:00,-8.04705458,-34.9347932,2.4600000381469727,91.0,172.0,2307.0
2026-01-27T22:04:05Z,Run,2026-01-27 22:42:42+00:00,-8.04705658,-34.93481752,2.4600000381469727,91.0,174.0,2308.0
2026-01-27T22:04:05Z,Run,2026-01-27 22:42:43+00:00,-8.04705858,-34.93484119,2.4600000381469727,91.0,174.0,2309.0
2026-01-27T22:04:05Z,Run,2026-01-27 22:42:44+00:00,-8.04705992,-34.93486451,2.4600000381469727,91.0,174.0,2310.0
2026-01-27T22:04:05Z,Run,2026-01-27 22:42:45+00:00,-8.04705959,-34.93488685,2.4700000286102295,91.0,173.0,2311.0
2026-01-27T22:04:05Z,Run,2026-01-27 22:42:46+00:00,-8.04705793,-34.9349095,2.4700000286102295,91.0,173.0,2312.0
2026-01-27T22:04:05Z,Run,2026-01-27 22:42:47+00:00,-8.04705593,-34.9349335,2.4700000286102295,91.0,173.0,2313.0
2026-01-27T22:04:05Z,Run,2026-01-27 22:42:48+00:00,-8.04705494,-34.93495683,2.4700000286102295,90.0,173.0,2314.0
2026-01-27T22:04:05Z,Run,2026-01-27 22:42:49+00:00,-8.04705394,-34.93497948,2.4700000286102295,90.0,173.0,2315.0
2026-01-27T22:04:05Z,Run,2026-01-27 22:42:50+00:00,-8.04705295,-34.93500182,2.4800000190734863,90.0,173.0,2316.0
2026-01-27T22:04:05Z,Run,2026-01-27 22:42:51+00:00,-8.04705129,-34.93502348,2.4800000190734863,90.0,173.0,2317.0
2026-01-27T22:04:05Z,Run,2026-01-27 22:42:52+00:00,-8.04704997,-34.93504614,2.4800000190734863,90.0,172.0,2318.0
2026-01-27T22:04:05Z,Run,2026-01-27 22:42:53+00:00,-8.0470493,-34.93506913,2.4800000190734863,90.0,173.0,2319.0
2026-01-27T22:04:05Z,Run,2026-01-27 22:42:54+00:00,-8.04704863,-34.93509146,2.4800000190734863,90.0,173.0,2320.0
2026-01-27T22:04:05Z,Run,2026-01-27 22:42:55+00:00,-8.0470483,-34.9351138,2.4800000190734863,90.0,173.0,2321.0
2026-01-27T22:04:05Z,Run,2026-01-27 22:42:56+00:00,-8.04704863,-34.93513512,2.4800000190734863,90.0,174.0,2322.0
2026-01-27T22:04:05Z,Run,2026-01-27 22:42:57+00:00,-8.04704863,-34.93515579,2.4800000190734863,90.0,173.0,2323.0
2026-01-27T22:04:05Z,Run,2026-01-27 22:42:58+00:00,-8.0470493,-34.93517812,2.4800000190734863,90.0,172.0,2324.0
2026-01-27T22:04:05Z,Run,2026-01-27 22:42:59+00:00,-8.04704997,-34.93519944,2.4800000190734863,90.0,172.0,2325.0
2026-01-27T22:04:05Z,Run,2026-01-27 22:43:00+00:00,-8.04705029,-34.93522111,2.4800000190734863,90.0,172.0,2326.0
2026-01-27T22:04:05Z,Run,2026-01-27 22:43:01+00:00,-8.04705029,-34.93524344,2.4800000190734863,90.0,172.0,2327.0
2026-01-27T22:04:05Z,Run,2026-01-27 22:43:02+00:00,-8.04705062,-34.93526878,2.4700000286102295,90.0,173.0,2328.0
2026-01-27T22:04:05Z,Run,2026-01-27 22:43:03+00:00,-8.04705129,-34.9352931,2.4700000286102295,89.0,174.0,2329.0
2026-01-27T22:04:05Z,Run,2026-01-27 22:43:04+00:00,-8.04705195,-34.93531477,2.4700000286102295,90.0,174.0,2330.0
2026-01-27T22:04:05Z,Run,2026-01-27 22:43:05+00:00,-8.04705395,-34.93533742,2.4600000381469727,90.0,175.0,2331.0
2026-01-27T22:04:05Z,Run,2026-01-27 22:43:06+00:00,-8.04705495,-34.93536109,2.4600000381469727,90.0,177.0,2332.0
2026-01-27T22:04:05Z,Run,2026-01-27 22:43:07+00:00,-8.04705527,-34.93538342,2.4600000381469727,90.0,177.0,2333.0
2026-01-27T22:04:05Z,Run,2026-01-27 22:43:08+00:00,-8.04705495,-34.93540608,2.4600000381469727,91.0,176.0,2334.0
2026-01-27T22:04:05Z,Run,2026-01-27 22:43:09+00:00,-8.04705361,-34.93542841,2.4600000381469727,91.0,174.0,2335.0
2026-01-27T22:04:05Z,Run,2026-01-27 22:43:10+00:00,-8.04705195,-34.9354494,2.4600000381469727,91.0,173.0,2336.0
2026-01-27T22:04:05Z,Run,2026-01-27 22:43:11+00:00,-8.04705129,-34.93547174,2.4600000381469727,91.0,172.0,2337.0
2026-01-27T22:04:05Z,Run,2026-01-27 22:43:12+00:00,-8.04705161,-34.93549439,2.4600000381469727,90.0,172.0,2338.0
2026-01-27T22:04:05Z,Run,2026-01-27 22:43:13+00:00,-8.04705129,-34.93551673,2.4600000381469727,90.0,172.0,2339.0
2026-01-27T22:04:05Z,Run,2026-01-27 22:43:14+00:00,-8.04705062,-34.93553839,2.4600000381469727,90.0,172.0,2340.0
2026-01-27T22:04:05Z,Run,2026-01-27 22:43:15+00:00,-8.04705062,-34.93555938,2.4600000381469727,90.0,171.0,2341.0
2026-01-27T22:04:05Z,Run,2026-01-27 22:43:16+00:00,-8.04705129,-34.93558004,2.4600000381469727,90.0,171.0,2342.0
2026-01-27T22:04:05Z,Run,2026-01-27 22:43:17+00:00,-8.04705096,-34.93560071,2.4600000381469727,90.0,171.0,2343.0
2026-01-27T22:04:05Z,Run,2026-01-27 22:43:18+00:00,-8.04705029,-34.93562103,2.4600000381469727,90.0,171.0,2344.0
2026-01-27T22:04:05Z,Run,2026-01-27 22:43:19+00:00,-8.04704997,-34.93564102,2.4600000381469727,90.0,171.0,2345.0
2026-01-27T22:04:05Z,Run,2026-01-27 22:43:20+00:00,-8.04705096,-34.93566335,2.4600000381469727,91.0,169.0,2346.0
2026-01-27T22:04:05Z,Run,2026-01-27 22:43:21+00:00,-8.04705195,-34.93568668,2.450000047683716,91.0,169.0,2347.0
2026-01-27T22:04:05Z,Run,2026-01-27 22:43:22+00:00,-8.04705261,-34.93571101,2.450000047683716,90.0,168.0,2348.0
2026-01-27T22:04:05Z,Run,2026-01-27 22:43:23+00:00,-8.04705294,-34.935737,2.450000047683716,90.0,168.0,2349.0
2026-01-27T22:04:05Z,Run,2026-01-27 22:43:24+00:00,-8.04705459,-34.93576133,2.450000047683716,90.0,169.0,2350.0
2026-01-27T22:04:05Z,Run,2026-01-27 22:43:25+00:00,-8.04705593,-34.93578466,2.450000047683716,90.0,169.0,2351.0
2026-01-27T22:04:05Z,Run,2026-01-27 22:43:26+00:00,-8.04705826,-34.93580798,2.450000047683716,90.0,170.0,2352.0
2026-01-27T22:04:05Z,Run,2026-01-27 22:43:27+00:00,-8.04706058,-34.93583198,2.450000047683716,90.0,172.0,2353.0
2026-01-27T22:04:05Z,Run,2026-01-27 22:43:28+00:00,-8.04706192,-34.93585597,2.450000047683716,91.0,171.0,2354.0
2026-01-27T22:04:05Z,Run,2026-01-27 22:43:29+00:00,-8.04706257,-34.9358813,2.450000047683716,90.0,170.0,2355.0
2026-01-27T22:04:05Z,Run,2026-01-27 22:43:30+00:00,-8.0470629,-34.93590463,2.4600000381469727,90.0,169.0,2356.0
2026-01-27T22:04:05Z,Run,2026-01-27 22:43:31+00:00,-8.04706124,-34.93592562,2.4600000381469727,90.0,169.0,2357.0
2026-01-27T22:04:05Z,Run,2026-01-27 22:43:32+00:00,-8.04705825,-34.93594827,2.4600000381469727,89.0,168.0,2358.0
2026-01-27T22:04:05Z,Run,2026-01-27 22:43:33+00:00,-8.04705358,-34.93596826,2.4600000381469727,89.0,170.0,2359.0
2026-01-27T22:04:05Z,Run,2026-01-27 22:43:34+00:00,-8.04704825,-34.9359876,2.4600000381469727,89.0,172.0,2360.0
2026-01-27T22:04:05Z,Run,2026-01-27 22:43:35+00:00,-8.04704326,-34.93600492,2.4700000286102295,89.0,172.0,2361.0
2026-01-27T22:04:05Z,Run,2026-01-27 22:43:36+00:00,-8.04703793,-34.93602259,2.4700000286102295,89.0,172.0,2362.0
2026-01-27T22:04:05Z,Run,2026-01-27 22:43:37+00:00,-8.04703194,-34.93604224,2.4700000286102295,89.0,172.0,2363.0
2026-01-27T22:04:05Z,Run,2026-01-27 22:43:38+00:00,-8.04702695,-34.93606158,2.4700000286102295,89.0,173.0,2364.0
2026-01-27T22:04:05Z,Run,2026-01-27 22:43:39+00:00,-8.04702396,-34.93608023,2.4600000381469727,89.0,173.0,2365.0
2026-01-27T22:04:05Z,Run,2026-01-27 22:43:40+00:00,-8.04702329,-34.9360989,2.4600000381469727,89.0,172.0,2366.0
2026-01-27T22:04:05Z,Run,2026-01-27 22:43:41+00:00,-8.04702595,-34.93611656,2.4600000381469727,90.0,172.0,2367.0
2026-01-27T22:04:05Z,Run,2026-01-27 22:43:42+00:00,-8.04703195,-34.93613322,2.450000047683716,90.0,172.0,2368.0
2026-01-27T22:04:05Z,Run,2026-01-27 22:43:43+00:00,-8.0470396,-34.93614922,2.440000057220459,89.0,172.0,2369.0
2026-01-27T22:04:05Z,Run,2026-01-27 22:43:44+00:00,-8.04704826,-34.93616621,2.440000057220459,89.0,172.0,2370.0
2026-01-27T22:04:05Z,Run,2026-01-27 22:43:45+00:00,-8.04705826,-34.93618521,2.430000066757202,89.0,172.0,2371.0
2026-01-27T22:04:05Z,Run,2026-01-27 22:43:46+00:00,-8.04706858,-34.9362062,2.4200000762939453,89.0,174.0,2372.0
2026-01-27T22:04:05Z,Run,2026-01-27 22:43:47+00:00,-8.04707558,-34.93622554,2.4200000762939453,89.0,173.0,2373.0
2026-01-27T22:04:05Z,Run,2026-01-27 22:43:48+00:00,-8.04708057,-34.93624586,2.4000000953674316,89.0,171.0,2374.0
2026-01-27T22:04:05Z,Run,2026-01-27 22:43:49+00:00,-8.04708357,-34.93626618,2.4000000953674316,90.0,170.0,2375.0
2026-01-27T22:04:05Z,Run,2026-01-27 22:43:50+00:00,-8.0470859,-34.93628785,2.4000000953674316,90.0,170.0,2376.0
2026-01-27T22:04:05Z,Run,2026-01-27 22:43:51+00:00,-8.04708855,-34.93631218,2.390000104904175,90.0,171.0,2377.0
2026-01-27T22:04:05Z,Run,2026-01-27 22:43:52+00:00,-8.04708988,-34.93633584,2.390000104904175,90.0,171.0,2378.0
2026-01-27T22:04:05Z,Run,2026-01-27 22:43:53+00:00,-8.04709054,-34.9363565,2.390000104904175,90.0,171.0,2379.0
2026-01-27T22:04:05Z,Run,2026-01-27 22:43:54+00:00,-8.0470912,-34.93637816,2.390000104904175,89.0,171.0,2380.0
2026-01-27T22:04:05Z,Run,2026-01-27 22:43:55+00:00,-8.04709153,-34.93640149,2.380000114440918,89.0,171.0,2381.0
2026-01-27T22:04:05Z,Run,2026-01-27 22:43:56+00:00,-8.04709353,-34.93642414,2.380000114440918,89.0,171.0,2382.0
2026-01-27T22:04:05Z,Run,2026-01-27 22:43:57+00:00,-8.04709586,-34.93644714,2.380000114440918,89.0,171.0,2383.0
2026-01-27T22:04:05Z,Run,2026-01-27 22:43:58+00:00,-8.04709919,-34.9364688,2.380000114440918,89.0,171.0,2384.0
2026-01-27T22:04:05Z,Run,2026-01-27 22:43:59+00:00,-8.04710285,-34.9364908,2.380000114440918,90.0,171.0,2385.0
2026-01-27T22:04:05Z,Run,2026-01-27 22:44:00+00:00,-8.0471065,-34.93651213,2.390000104904175,90.0,170.0,2386.0
2026-01-27T22:04:05Z,Run,2026-01-27 22:44:01+00:00,-8.04710784,-34.93653246,2.390000104904175,90.0,169.0,2387.0
2026-01-27T22:04:05Z,Run,2026-01-27 22:44:02+00:00,-8.04710717,-34.93655245,2.390000104904175,90.0,169.0,2388.0
2026-01-27T22:04:05Z,Run,2026-01-27 22:44:03+00:00,-8.04710618,-34.9365721,2.390000104904175,90.0,168.0,2389.0
2026-01-27T22:04:05Z,Run,2026-01-27 22:44:04+00:00,-8.04710486,-34.93659243,2.390000104904175,90.0,168.0,2390.0
2026-01-27T22:04:05Z,Run,2026-01-27 22:44:05+00:00,-8.04710618,-34.93661376,2.390000104904175,91.0,167.0,2391.0
2026-01-27T22:04:05Z,Run,2026-01-27 22:44:06+00:00,-8.04710717,-34.93663609,2.390000104904175,91.0,167.0,2392.0
2026-01-27T22:04:05Z,Run,2026-01-27 22:44:07+00:00,-8.04711117,-34.93666042,2.380000114440918,91.0,167.0,2393.0
2026-01-27T22:04:05Z,Run,2026-01-27 22:44:08+00:00,-8.04711416,-34.93668508,2.380000114440918,91.0,167.0,2394.0
2026-01-27T22:04:05Z,Run,2026-01-27 22:44:09+00:00,-8.04711349,-34.93670774,2.380000114440918,91.0,167.0,2395.0
2026-01-27T22:04:05Z,Run,2026-01-27 22:44:10+00:00,-8.0471125,-34.93673007,2.380000114440918,91.0,167.0,2396.0
2026-01-27T22:04:05Z,Run,2026-01-27 22:44:11+00:00,-8.04711084,-34.93674941,2.380000114440918,91.0,167.0,2397.0
2026-01-27T22:04:05Z,Run,2026-01-27 22:44:12+00:00,-8.04710985,-34.93676874,2.380000114440918,91.0,167.0,2398.0
2026-01-27T22:04:05Z,Run,2026-01-27 22:44:13+00:00,-8.04710885,-34.93679007,2.380000114440918,90.0,167.0,2399.0
2026-01-27T22:04:05Z,Run,2026-01-27 22:44:14+00:00,-8.04710951,-34.93681206,2.380000114440918,90.0,167.0,2400.0
2026-01-27T22:04:05Z,Run,2026-01-27 22:44:15+00:00,-8.0471105,-34.93683472,2.380000114440918,90.0,167.0,2401.0
2026-01-27T22:04:05Z,Run,2026-01-27 22:44:16+00:00,-8.04711117,-34.93685605,2.390000104904175,90.0,166.0,2402.0
2026-01-27T22:04:05Z,Run,2026-01-27 22:44:17+00:00,-8.04711149,-34.93687738,2.390000104904175,91.0,165.0,2403.0
2026-01-27T22:04:05Z,Run,2026-01-27 22:44:18+00:00,-8.04711183,-34.93689904,2.390000104904175,91.0,164.0,2404.0
2026-01-27T22:04:05Z,Run,2026-01-27 22:44:19+00:00,-8.04711183,-34.93692038,2.390000104904175,91.0,164.0,2405.0
2026-01-27T22:04:05Z,Run,2026-01-27 22:44:20+00:00,-8.04711215,-34.93694238,2.390000104904175,90.0,163.0,2406.0
2026-01-27T22:04:05Z,Run,2026-01-27 22:44:21+00:00,-8.04711148,-34.93696303,2.390000104904175,90.0,163.0,2407.0
2026-01-27T22:04:05Z,Run,2026-01-27 22:44:22+00:00,-8.04711083,-34.93698402,2.390000104904175,90.0,164.0,2408.0
2026-01-27T22:04:05Z,Run,2026-01-27 22:44:23+00:00,-8.04711016,-34.93700436,2.390000104904175,90.0,164.0,2409.0
2026-01-27T22:04:05Z,Run,2026-01-27 22:44:24+00:00,-8.04710984,-34.93702435,2.390000104904175,90.0,165.0,2410.0
2026-01-27T22:04:05Z,Run,2026-01-27 22:44:25+00:00,-8.04710884,-34.937045,2.390000104904175,90.0,165.0,2411.0
2026-01-27T22:04:05Z,Run,2026-01-27 22:44:26+00:00,-8.04710785,-34.93706533,2.390000104904175,90.0,165.0,2412.0
2026-01-27T22:04:05Z,Run,2026-01-27 22:44:27+00:00,-8.04710651,-34.93708666,2.390000104904175,90.0,165.0,2413.0
2026-01-27T22:04:05Z,Run,2026-01-27 22:44:28+00:00,-8.04710519,-34.93710799,2.390000104904175,90.0,166.0,2414.0
2026-01-27T22:04:05Z,Run,2026-01-27 22:44:29+00:00,-8.0471042,-34.93713132,2.380000114440918,90.0,167.0,2415.0
2026-01-27T22:04:05Z,Run,2026-01-27 22:44:30+00:00,-8.0471032,-34.93715231,2.380000114440918,90.0,169.0,2416.0
2026-01-27T22:04:05Z,Run,2026-01-27 22:44:31+00:00,-8.04710221,-34.93717431,2.380000114440918,90.0,171.0,2417.0
2026-01-27T22:04:05Z,Run,2026-01-27 22:44:32+00:00,-8.04710288,-34.93719597,2.380000114440918,90.0,172.0,2418.0
2026-01-27T22:04:05Z,Run,2026-01-27 22:44:33+00:00,-8.0471042,-34.93721831,2.380000114440918,90.0,172.0,2419.0
2026-01-27T22:04:05Z,Run,2026-01-27 22:44:34+00:00,-8.04710652,-34.9372423,2.380000114440918,90.0,172.0,2420.0
2026-01-27T22:04:05Z,Run,2026-01-27 22:44:35+00:00,-8.04710852,-34.93726529,2.380000114440918,90.0,173.0,2421.0
2026-01-27T22:04:05Z,Run,2026-01-27 22:44:36+00:00,-8.04710952,-34.93728895,2.380000114440918,90.0,172.0,2422.0
2026-01-27T22:04:05Z,Run,2026-01-27 22:44:37+00:00,-8.04711051,-34.93731161,2.380000114440918,90.0,172.0,2423.0
2026-01-27T22:04:05Z,Run,2026-01-27 22:44:38+00:00,-8.04711217,-34.93733427,2.380000114440918,90.0,172.0,2424.0
2026-01-27T22:04:05Z,Run,2026-01-27 22:44:39+00:00,-8.04711484,-34.93735692,2.380000114440918,90.0,172.0,2425.0
2026-01-27T22:04:05Z,Run,2026-01-27 22:44:40+00:00,-8.04711783,-34.93737958,2.380000114440918,90.0,173.0,2426.0
2026-01-27T22:04:05Z,Run,2026-01-27 22:44:41+00:00,-8.04711983,-34.93740125,2.380000114440918,90.0,173.0,2427.0
2026-01-27T22:04:05Z,Run,2026-01-27 22:44:42+00:00,-8.04712115,-34.93742257,2.380000114440918,90.0,173.0,2428.0
2026-01-27T22:04:05Z,Run,2026-01-27 22:44:43+00:00,-8.04712214,-34.93744424,2.390000104904175,90.0,173.0,2429.0
2026-01-27T22:04:05Z,Run,2026-01-27 22:44:44+00:00,-8.04712447,-34.93746557,2.390000104904175,90.0,173.0,2430.0
2026-01-27T22:04:05Z,Run,2026-01-27 22:44:45+00:00,-8.04712714,-34.93748623,2.390000104904175,90.0,173.0,2431.0
2026-01-27T22:04:05Z,Run,2026-01-27 22:44:46+00:00,-8.0471288,-34.93750722,2.390000104904175,90.0,173.0,2432.0
2026-01-27T22:04:05Z,Run,2026-01-27 22:44:47+00:00,-8.0471288,-34.93753022,2.390000104904175,90.0,173.0,2433.0
2026-01-27T22:04:05Z,Run,2026-01-27 22:44:48+00:00,-8.0471278,-34.93755254,2.390000104904175,91.0,174.0,2434.0
2026-01-27T22:04:05Z,Run,2026-01-27 22:44:49+00:00,-8.04712714,-34.93757487,2.390000104904175,91.0,175.0,2435.0
2026-01-27T22:04:05Z,Run,2026-01-27 22:44:50+00:00,-8.0471278,-34.93759787,2.390000104904175,91.0,175.0,2436.0
2026-01-27T22:04:05Z,Run,2026-01-27 22:44:51+00:00,-8.0471288,-34.9376212,2.390000104904175,91.0,175.0,2437.0
2026-01-27T22:04:05Z,Run,2026-01-27 22:44:52+00:00,-8.04712979,-34.93764485,2.390000104904175,91.0,176.0,2438.0
2026-01-27T22:04:05Z,Run,2026-01-27 22:44:53+00:00,-8.04713111,-34.93766919,2.390000104904175,92.0,188.0,2439.0
2026-01-27T22:04:05Z,Run,2026-01-27 22:44:54+00:00,-8.04713277,-34.93769251,2.390000104904175,92.0,194.0,2440.0
2026-01-27T22:04:05Z,Run,2026-01-27 22:44:55+00:00,-8.04713343,-34.93771651,2.390000104904175,92.0,197.0,2441.0
2026-01-27T22:04:05Z,Run,2026-01-27 22:44:56+00:00,-8.0471341,-34.93774117,2.4000000953674316,92.0,197.0,2442.0
2026-01-27T22:04:05Z,Run,2026-01-27 22:44:57+00:00,-8.04713642,-34.93776617,2.4000000953674316,92.0,197.0,2443.0
2026-01-27T22:04:05Z,Run,2026-01-27 22:44:58+00:00,-8.04713941,-34.93778917,2.4000000953674316,92.0,197.0,2444.0
2026-01-27T22:04:05Z,Run,2026-01-27 22:44:59+00:00,-8.04714307,-34.93781216,2.4000000953674316,92.0,197.0,2445.0
2026-01-27T22:04:05Z,Run,2026-01-27 22:45:00+00:00,-8.04714673,-34.93783481,2.4100000858306885,92.0,197.0,2446.0
2026-01-27T22:04:05Z,Run,2026-01-27 22:45:01+00:00,-8.04715006,-34.93785847,2.4200000762939453,92.0,197.0,2447.0
2026-01-27T22:04:05Z,Run,2026-01-27 22:45:02+00:00,-8.04715306,-34.93788214,2.4200000762939453,92.0,196.0,2448.0
2026-01-27T22:04:05Z,Run,2026-01-27 22:45:03+00:00,-8.04715505,-34.93790513,2.430000066757202,92.0,196.0,2449.0
2026-01-27T22:04:05Z,Run,2026-01-27 22:45:04+00:00,-8.04715572,-34.93792746,2.430000066757202,92.0,196.0,2450.0
2026-01-27T22:04:05Z,Run,2026-01-27 22:45:05+00:00,-8.04715738,-34.93795078,2.430000066757202,92.0,195.0,2451.0
2026-01-27T22:04:05Z,Run,2026-01-27 22:45:06+00:00,-8.04715938,-34.93797512,2.440000057220459,91.0,194.0,2452.0
2026-01-27T22:04:05Z,Run,2026-01-27 22:45:07+00:00,-8.04715938,-34.93799777,2.440000057220459,91.0,193.0,2453.0
2026-01-27T22:04:05Z,Run,2026-01-27 22:45:08+00:00,-8.04715806,-34.93801943,2.450000047683716,91.0,193.0,2454.0
2026-01-27T22:04:05Z,Run,2026-01-27 22:45:09+00:00,-8.04715674,-34.93804143,2.450000047683716,91.0,192.0,2455.0
2026-01-27T22:04:05Z,Run,2026-01-27 22:45:10+00:00,-8.04715574,-34.93806343,2.450000047683716,91.0,192.0,2456.0
2026-01-27T22:04:05Z,Run,2026-01-27 22:45:11+00:00,-8.04715507,-34.93808576,2.450000047683716,91.0,192.0,2457.0
2026-01-27T22:04:05Z,Run,2026-01-27 22:45:12+00:00,-8.0471554,-34.9381081,2.4600000381469727,91.0,192.0,2458.0
2026-01-27T22:04:05Z,Run,2026-01-27 22:45:13+00:00,-8.04715607,-34.9381301,2.4600000381469727,91.0,192.0,2459.0
2026-01-27T22:04:05Z,Run,2026-01-27 22:45:14+00:00,-8.04715639,-34.93815309,2.4600000381469727,91.0,192.0,2460.0
2026-01-27T22:04:05Z,Run,2026-01-27 22:45:15+00:00,-8.04715673,-34.93817674,2.4600000381469727,91.0,192.0,2461.0
2026-01-27T22:04:05Z,Run,2026-01-27 22:45:16+00:00,-8.04715673,-34.93820041,2.4600000381469727,91.0,192.0,2462.0
2026-01-27T22:04:05Z,Run,2026-01-27 22:45:17+00:00,-8.04715738,-34.9382234,2.4600000381469727,91.0,193.0,2463.0
2026-01-27T22:04:05Z,Run,2026-01-27 22:45:18+00:00,-8.04715971,-34.93824639,2.4600000381469727,91.0,194.0,2464.0
2026-01-27T22:04:05Z,Run,2026-01-27 22:45:19+00:00,-8.0471627,-34.93827005,2.4600000381469727,91.0,194.0,2465.0
2026-01-27T22:04:05Z,Run,2026-01-27 22:45:20+00:00,-8.04716535,-34.93829405,2.4600000381469727,91.0,195.0,2466.0
2026-01-27T22:04:05Z,Run,2026-01-27 22:45:21+00:00,-8.04716869,-34.93831905,2.4600000381469727,90.0,195.0,2467.0
2026-01-27T22:04:05Z,Run,2026-01-27 22:45:22+00:00,-8.04717301,-34.9383447,2.4600000381469727,90.0,195.0,2468.0
2026-01-27T22:04:05Z,Run,2026-01-27 22:45:23+00:00,-8.04717667,-34.93836937,2.4600000381469727,90.0,194.0,2469.0
2026-01-27T22:04:05Z,Run,2026-01-27 22:45:24+00:00,-8.04718067,-34.93839437,2.4600000381469727,90.0,192.0,2470.0
2026-01-27T22:04:05Z,Run,2026-01-27 22:45:25+00:00,-8.04718432,-34.93841903,2.4700000286102295,90.0,191.0,2471.0
2026-01-27T22:04:05Z,Run,2026-01-27 22:45:26+00:00,-8.04718699,-34.93844469,2.4800000190734863,91.0,191.0,2472.0
2026-01-27T22:04:05Z,Run,2026-01-27 22:45:27+00:00,-8.04718865,-34.93847003,2.4800000190734863,91.0,191.0,2473.0
2026-01-27T22:04:05Z,Run,2026-01-27 22:45:28+00:00,-8.0471893,-34.93849502,2.4800000190734863,91.0,191.0,2474.0
2026-01-27T22:04:05Z,Run,2026-01-27 22:45:29+00:00,-8.04718898,-34.93852202,2.490000009536743,91.0,191.0,2475.0
2026-01-27T22:04:05Z,Run,2026-01-27 22:45:30+00:00,-8.04718831,-34.93854868,2.5,91.0,190.0,2476.0
2026-01-27T22:04:05Z,Run,2026-01-27 22:45:31+00:00,-8.04718798,-34.93857267,2.5,91.0,190.0,2477.0
2026-01-27T22:04:05Z,Run,2026-01-27 22:45:32+00:00,-8.04718831,-34.938596,2.509999990463257,90.0,189.0,2478.0
2026-01-27T22:04:05Z,Run,2026-01-27 22:45:33+00:00,-8.04718898,-34.938618,2.509999990463257,91.0,187.0,2479.0
2026-01-27T22:04:05Z,Run,2026-01-27 22:45:34+00:00,-8.04719064,-34.93864,2.509999990463257,91.0,187.0,2480.0
2026-01-27T22:04:05Z,Run,2026-01-27 22:45:35+00:00,-8.0471923,-34.93866133,2.5199999809265137,91.0,187.0,2481.0
2026-01-27T22:04:05Z,Run,2026-01-27 22:45:36+00:00,-8.04719429,-34.93868332,2.5299999713897705,91.0,188.0,2482.0
2026-01-27T22:04:05Z,Run,2026-01-27 22:45:37+00:00,-8.04719629,-34.93870699,2.5299999713897705,91.0,189.0,2483.0
2026-01-27T22:04:05Z,Run,2026-01-27 22:45:38+00:00,-8.04719763,-34.93872831,2.5299999713897705,91.0,188.0,2484.0
2026-01-27T22:04:05Z,Run,2026-01-27 22:45:39+00:00,-8.04719763,-34.93875031,2.5299999713897705,90.0,188.0,2485.0
2026-01-27T22:04:05Z,Run,2026-01-27 22:45:40+00:00,-8.04719629,-34.93877431,2.5299999713897705,90.0,188.0,2486.0
2026-01-27T22:04:05Z,Run,2026-01-27 22:45:41+00:00,-8.04719429,-34.93879863,2.5299999713897705,90.0,188.0,2487.0
2026-01-27T22:04:05Z,Run,2026-01-27 22:45:42+00:00,-8.04719264,-34.93882363,2.5299999713897705,90.0,188.0,2488.0
2026-01-27T22:04:05Z,Run,2026-01-27 22:45:43+00:00,-8.04719197,-34.93884929,2.5199999809265137,91.0,187.0,2489.0
2026-01-27T22:04:05Z,Run,2026-01-27 22:45:44+00:00,-8.04719098,-34.93887429,2.5199999809265137,91.0,186.0,2490.0
2026-01-27T22:04:05Z,Run,2026-01-27 22:45:45+00:00,-8.04718898,-34.93889896,2.5199999809265137,91.0,186.0,2491.0
2026-01-27T22:04:05Z,Run,2026-01-27 22:45:46+00:00,-8.04718631,-34.93892396,2.5199999809265137,91.0,186.0,2492.0
2026-01-27T22:04:05Z,Run,2026-01-27 22:45:47+00:00,-8.04718332,-34.93894896,2.5299999713897705,91.0,186.0,2493.0
2026-01-27T22:04:05Z,Run,2026-01-27 22:45:48+00:00,-8.04718067,-34.93897495,2.5299999713897705,91.0,186.0,2494.0
2026-01-27T22:04:05Z,Run,2026-01-27 22:45:49+00:00,-8.047178,-34.9390006,2.5399999618530273,91.0,186.0,2495.0
2026-01-27T22:04:05Z,Run,2026-01-27 22:45:50+00:00,-8.04717501,-34.93902626,2.549999952316284,91.0,186.0,2496.0
2026-01-27T22:04:05Z,Run,2026-01-27 22:45:51+00:00,-8.04717234,-34.93905059,2.549999952316284,91.0,186.0,2497.0
2026-01-27T22:04:05Z,Run,2026-01-27 22:45:52+00:00,-8.04716901,-34.93907425,2.559999942779541,91.0,186.0,2498.0
2026-01-27T22:04:05Z,Run,2026-01-27 22:45:53+00:00,-8.04716635,-34.93909758,2.559999942779541,91.0,186.0,2499.0
2026-01-27T22:04:05Z,Run,2026-01-27 22:45:54+00:00,-8.04716435,-34.93912124,2.569999933242798,91.0,186.0,2500.0
2026-01-27T22:04:05Z,Run,2026-01-27 22:45:55+00:00,-8.04716269,-34.9391449,2.569999933242798,91.0,186.0,2501.0
2026-01-27T22:04:05Z,Run,2026-01-27 22:45:56+00:00,-8.04716136,-34.93916856,2.5799999237060547,91.0,186.0,2502.0
2026-01-27T22:04:05Z,Run,2026-01-27 22:45:57+00:00,-8.04715936,-34.93919289,2.5799999237060547,91.0,185.0,2503.0
2026-01-27T22:04:05Z,Run,2026-01-27 22:45:58+00:00,-8.04715636,-34.93921722,2.5899999141693115,91.0,185.0,2504.0
2026-01-27T22:04:05Z,Run,2026-01-27 22:45:59+00:00,-8.04715337,-34.93924155,2.5899999141693115,91.0,185.0,2505.0
2026-01-27T22:04:05Z,Run,2026-01-27 22:46:00+00:00,-8.04715205,-34.93926554,2.5899999141693115,90.0,186.0,2506.0
2026-01-27T22:04:05Z,Run,2026-01-27 22:46:01+00:00,-8.04715205,-34.93929021,2.5899999141693115,90.0,187.0,2507.0
2026-01-27T22:04:05Z,Run,2026-01-27 22:46:02+00:00,-8.04715205,-34.93931454,2.5999999046325684,90.0,187.0,2508.0
2026-01-27T22:04:05Z,Run,2026-01-27 22:46:03+00:00,-8.04715106,-34.93933954,2.5999999046325684,90.0,186.0,2509.0
2026-01-27T22:04:05Z,Run,2026-01-27 22:46:04+00:00,-8.04714873,-34.93936488,2.609999895095825,90.0,185.0,2510.0
2026-01-27T22:04:05Z,Run,2026-01-27 22:46:05+00:00,-8.04714707,-34.93938953,2.609999895095825,90.0,185.0,2511.0
2026-01-27T22:04:05Z,Run,2026-01-27 22:46:06+00:00,-8.04714374,-34.93941187,2.609999895095825,90.0,184.0,2512.0
2026-01-27T22:04:05Z,Run,2026-01-27 22:46:07+00:00,-8.04714107,-34.93943387,2.609999895095825,90.0,184.0,2513.0
2026-01-27T22:04:05Z,Run,2026-01-27 22:46:08+00:00,-8.04713875,-34.93945553,2.609999895095825,90.0,184.0,2514.0
2026-01-27T22:04:05Z,Run,2026-01-27 22:46:09+00:00,-8.04713542,-34.93947787,2.609999895095825,90.0,184.0,2515.0
2026-01-27T22:04:05Z,Run,2026-01-27 22:46:10+00:00,-8.04713109,-34.93949886,2.609999895095825,90.0,184.0,2516.0
2026-01-27T22:04:05Z,Run,2026-01-27 22:46:11+00:00,-8.04712843,-34.93952052,2.609999895095825,90.0,184.0,2517.0
2026-01-27T22:04:05Z,Run,2026-01-27 22:46:12+00:00,-8.0471251,-34.93954385,2.609999895095825,90.0,183.0,2518.0
2026-01-27T22:04:05Z,Run,2026-01-27 22:46:13+00:00,-8.0471221,-34.93956485,2.609999895095825,91.0,183.0,2519.0
2026-01-27T22:04:05Z,Run,2026-01-27 22:46:14+00:00,-8.04711944,-34.93958517,2.609999895095825,91.0,183.0,2520.0
2026-01-27T22:04:05Z,Run,2026-01-27 22:46:15+00:00,-8.04711611,-34.93960583,2.609999895095825,91.0,183.0,2521.0
2026-01-27T22:04:05Z,Run,2026-01-27 22:46:16+00:00,-8.04711211,-34.93962683,2.609999895095825,91.0,183.0,2522.0
2026-01-27T22:04:05Z,Run,2026-01-27 22:46:17+00:00,-8.04710712,-34.93964916,2.609999895095825,91.0,183.0,2523.0
2026-01-27T22:04:05Z,Run,2026-01-27 22:46:18+00:00,-8.04710246,-34.93967182,2.609999895095825,92.0,184.0,2524.0
2026-01-27T22:04:05Z,Run,2026-01-27 22:46:19+00:00,-8.04709747,-34.93969415,2.609999895095825,91.0,184.0,2525.0
2026-01-27T22:04:05Z,Run,2026-01-27 22:46:20+00:00,-8.04709181,-34.93971581,2.5999999046325684,91.0,183.0,2526.0
2026-01-27T22:04:05Z,Run,2026-01-27 22:46:21+00:00,-8.04708648,-34.93973681,2.5999999046325684,90.0,183.0,2527.0
2026-01-27T22:04:05Z,Run,2026-01-27 22:46:22+00:00,-8.04708149,-34.93975846,2.5999999046325684,90.0,182.0,2528.0
2026-01-27T22:04:05Z,Run,2026-01-27 22:46:23+00:00,-8.04707717,-34.93978146,2.5999999046325684,90.0,182.0,2529.0
2026-01-27T22:04:05Z,Run,2026-01-27 22:46:24+00:00,-8.0470745,-34.9398038,2.5899999141693115,91.0,182.0,2530.0
2026-01-27T22:04:05Z,Run,2026-01-27 22:46:25+00:00,-8.04707151,-34.93982612,2.5899999141693115,91.0,182.0,2531.0
2026-01-27T22:04:05Z,Run,2026-01-27 22:46:26+00:00,-8.04706818,-34.93984745,2.5899999141693115,91.0,182.0,2532.0
2026-01-27T22:04:05Z,Run,2026-01-27 22:46:27+00:00,-8.04706518,-34.93986744,2.5799999237060547,91.0,182.0,2533.0
2026-01-27T22:04:05Z,Run,2026-01-27 22:46:28+00:00,-8.04706252,-34.93988844,2.5799999237060547,91.0,182.0,2534.0
2026-01-27T22:04:05Z,Run,2026-01-27 22:46:29+00:00,-8.04705987,-34.93991177,2.5799999237060547,91.0,182.0,2535.0
2026-01-27T22:04:05Z,Run,2026-01-27 22:46:30+00:00,-8.04705621,-34.93993476,2.569999933242798,91.0,182.0,2536.0
2026-01-27T22:04:05Z,Run,2026-01-27 22:46:31+00:00,-8.04705288,-34.93995709,2.569999933242798,91.0,180.0,2537.0
2026-01-27T22:04:05Z,Run,2026-01-27 22:46:32+00:00,-8.04705088,-34.93998008,2.569999933242798,91.0,179.0,2538.0
2026-01-27T22:04:05Z,Run,2026-01-27 22:46:33+00:00,-8.04704922,-34.94000075,2.569999933242798,91.0,178.0,2539.0
2026-01-27T22:04:05Z,Run,2026-01-27 22:46:34+00:00,-8.04704689,-34.94002274,2.559999942779541,91.0,178.0,2540.0
2026-01-27T22:04:05Z,Run,2026-01-27 22:46:35+00:00,-8.0470459,-34.94004474,2.559999942779541,90.0,178.0,2541.0
2026-01-27T22:04:05Z,Run,2026-01-27 22:46:36+00:00,-8.04704655,-34.94008706,2.549999952316284,90.0,178.0,2542.0
2026-01-27T22:04:05Z,Run,2026-01-27 22:46:37+00:00,-8.04704888,-34.94010806,2.549999952316284,90.0,178.0,2543.0
2026-01-27T22:04:05Z,Run,2026-01-27 22:46:38+00:00,-8.0470532,-34.94012938,2.549999952316284,90.0,178.0,2544.0
2026-01-27T22:04:05Z,Run,2026-01-27 22:46:39+00:00,-8.0470602,-34.94015038,2.549999952316284,90.0,177.0,2545.0
2026-01-27T22:04:05Z,Run,2026-01-27 22:46:40+00:00,-8.04706687,-34.94017104,2.5399999618530273,90.0,176.0,2546.0
2026-01-27T22:04:05Z,Run,2026-01-27 22:46:41+00:00,-8.04707419,-34.94018971,2.5399999618530273,90.0,176.0,2547.0
2026-01-27T22:04:05Z,Run,2026-01-27 22:46:42+00:00,-8.04708386,-34.94021003,2.5299999713897705,90.0,175.0,2548.0
2026-01-27T22:04:05Z,Run,2026-01-27 22:46:43+00:00,-8.04709585,-34.9402297,2.5299999713897705,90.0,175.0,2549.0
2026-01-27T22:04:05Z,Run,2026-01-27 22:46:44+00:00,-8.04710784,-34.9402487,2.5299999713897705,91.0,176.0,2550.0
2026-01-27T22:04:05Z,Run,2026-01-27 22:46:45+00:00,-8.04711983,-34.94026735,2.5199999809265137,90.0,176.0,2551.0
2026-01-27T22:04:05Z,Run,2026-01-27 22:46:46+00:00,-8.04713083,-34.94028569,2.5199999809265137,90.0,176.0,2552.0
2026-01-27T22:04:05Z,Run,2026-01-27 22:46:47+00:00,-8.04714249,-34.94030434,2.5199999809265137,90.0,176.0,2553.0
2026-01-27T22:04:05Z,Run,2026-01-27 22:46:48+00:00,-8.04715315,-34.94032434,2.509999990463257,89.0,175.0,2554.0
2026-01-27T22:04:05Z,Run,2026-01-27 22:46:49+00:00,-8.04716214,-34.94034533,2.509999990463257,89.0,175.0,2555.0
2026-01-27T22:04:05Z,Run,2026-01-27 22:46:50+00:00,-8.04716981,-34.94036733,2.509999990463257,89.0,175.0,2556.0
2026-01-27T22:04:05Z,Run,2026-01-27 22:46:51+00:00,-8.04717514,-34.94039066,2.509999990463257,89.0,175.0,2557.0
2026-01-27T22:04:05Z,Run,2026-01-27 22:46:52+00:00,-8.04717646,-34.94041398,2.509999990463257,89.0,175.0,2558.0
2026-01-27T22:04:05Z,Run,2026-01-27 22:46:53+00:00,-8.04717381,-34.94043598,2.509999990463257,90.0,175.0,2559.0
2026-01-27T22:04:05Z,Run,2026-01-27 22:46:54+00:00,-8.04716581,-34.94045531,2.509999990463257,90.0,174.0,2560.0
2026-01-27T22:04:05Z,Run,2026-01-27 22:46:55+00:00,-8.04715148,-34.94047165,2.5,90.0,173.0,2561.0
2026-01-27T22:04:05Z,Run,2026-01-27 22:46:56+00:00,-8.04713249,-34.94048397,2.5,90.0,173.0,2562.0
2026-01-27T22:04:05Z,Run,2026-01-27 22:46:57+00:00,-8.0471095,-34.9404913,2.5,90.0,173.0,2563.0
2026-01-27T22:04:05Z,Run,2026-01-27 22:46:58+00:00,-8.04708551,-34.94049463,2.5,90.0,173.0,2564.0
2026-01-27T22:04:05Z,Run,2026-01-27 22:46:59+00:00,-8.04706251,-34.94049528,2.5,90.0,172.0,2565.0
2026-01-27T22:04:05Z,Run,2026-01-27 22:47:00+00:00,-8.04703951,-34.94049363,2.4800000190734863,90.0,172.0,2566.0
2026-01-27T22:04:05Z,Run,2026-01-27 22:47:01+00:00,-8.04702019,-34.94048896,2.450000047683716,90.0,172.0,2567.0
