activity_id,sport_type,timestamp,latitude,longitude,heart_rate,cadence
2023-08-09T22:43:04Z,run,2023-08-09T22:43:19Z,-8.04845167,-34.95264499,119,86.0
2023-08-09T22:43:04Z,run,2023-08-09T22:43:21Z,-8.04846666,-34.95280166,119,86.0
2023-08-09T22:43:04Z,run,2023-08-09T22:43:22Z,-8.04847132,-34.95280166,119,86.0
2023-08-09T22:43:04Z,run,2023-08-09T22:43:23Z,-8.04848099,-34.95280666,119,86.0
2023-08-09T22:43:04Z,run,2023-08-09T22:43:24Z,-8.04849298,-34.95282165,121,87.0
2023-08-09T22:43:04Z,run,2023-08-09T22:43:25Z,-8.04850364,-34.95284065,121,87.0
2023-08-09T22:43:04Z,run,2023-08-09T22:43:26Z,-8.04852129,-34.95286265,122,87.0
2023-08-09T22:43:04Z,run,2023-08-09T22:43:27Z,-8.04853862,-34.95288397,123,87.0
2023-08-09T22:43:04Z,run,2023-08-09T22:43:28Z,-8.04855595,-34.95290663,123,87.0
2023-08-09T22:43:04Z,run,2023-08-09T22:43:29Z,-8.04857294,-34.95292729,123,87.0
2023-08-09T22:43:04Z,run,2023-08-09T22:43:30Z,-8.04858727,-34.95294495,125,86.0
2023-08-09T22:43:04Z,run,2023-08-09T22:43:31Z,-8.04860127,-34.95295927,126,86.0
2023-08-09T22:43:04Z,run,2023-08-09T22:43:32Z,-8.04861426,-34.95298027,127,86.0
2023-08-09T22:43:04Z,run,2023-08-09T22:43:33Z,-8.04863026,-34.95299593,128,87.0
2023-08-09T22:43:04Z,run,2023-08-09T22:43:34Z,-8.04864759,-34.9530196,128,87.0
2023-08-09T22:43:04Z,run,2023-08-09T22:43:35Z,-8.04866325,-34.95304525,129,87.0
2023-08-09T22:43:04Z,run,2023-08-09T22:43:36Z,-8.04867959,-34.95306858,129,87.0
2023-08-09T22:43:04Z,run,2023-08-09T22:43:37Z,-8.04869325,-34.95309024,129,87.0
2023-08-09T22:43:04Z,run,2023-08-09T22:43:38Z,-8.04870724,-34.95310857,129,87.0
2023-08-09T22:43:04Z,run,2023-08-09T22:43:39Z,-8.04872458,-34.95312322,129,87.0
2023-08-09T22:43:04Z,run,2023-08-09T22:43:40Z,-8.04874324,-34.95313289,129,87.0
2023-08-09T22:43:04Z,run,2023-08-09T22:43:41Z,-8.04876023,-34.95313955,129,87.0
2023-08-09T22:43:04Z,run,2023-08-09T22:43:42Z,-8.04877589,-34.95314455,128,87.0
2023-08-09T22:43:04Z,run,2023-08-09T22:43:43Z,-8.04879088,-34.95314621,128,88.0
2023-08-09T22:43:04Z,run,2023-08-09T22:43:44Z,-8.04880688,-34.95314621,127,88.0
2023-08-09T22:43:04Z,run,2023-08-09T22:43:45Z,-8.04882254,-34.95314455,127,88.0
2023-08-09T22:43:04Z,run,2023-08-09T22:43:46Z,-8.04883854,-34.95314455,127,88.0
2023-08-09T22:43:04Z,run,2023-08-09T22:43:47Z,-8.0488552,-34.95314422,127,88.0
2023-08-09T22:43:04Z,run,2023-08-09T22:43:48Z,-8.04887253,-34.95314488,127,88.0
2023-08-09T22:43:04Z,run,2023-08-09T22:43:49Z,-8.04888919,-34.95314755,126,88.0
2023-08-09T22:43:04Z,run,2023-08-09T22:43:50Z,-8.04890453,-34.9531532,126,88.0
2023-08-09T22:43:04Z,run,2023-08-09T22:43:51Z,-8.04892052,-34.95316253,126,88.0
2023-08-09T22:43:04Z,run,2023-08-09T22:43:52Z,-8.04893885,-34.95317353,126,88.0
2023-08-09T22:43:04Z,run,2023-08-09T22:43:53Z,-8.04895652,-34.95318653,126,88.0
2023-08-09T22:43:04Z,run,2023-08-09T22:43:54Z,-8.04897451,-34.95319952,125,88.0
2023-08-09T22:43:04Z,run,2023-08-09T22:43:55Z,-8.04899251,-34.95321052,125,88.0
2023-08-09T22:43:04Z,run,2023-08-09T22:43:56Z,-8.04901283,-34.95321785,124,88.0
2023-08-09T22:43:04Z,run,2023-08-09T22:43:57Z,-8.04903482,-34.95322518,124,86.0
2023-08-09T22:43:04Z,run,2023-08-09T22:43:58Z,-8.04905715,-34.95323318,123,86.0
2023-08-09T22:43:04Z,run,2023-08-09T22:43:59Z,-8.04907981,-34.95324117,123,86.0
2023-08-09T22:43:04Z,run,2023-08-09T22:44:00Z,-8.04910313,-34.95324884,123,86.0
2023-08-09T22:43:04Z,run,2023-08-09T22:44:01Z,-8.0491278,-34.95325417,123,87.0
2023-08-09T22:43:04Z,run,2023-08-09T22:44:02Z,-8.04915179,-34.95325651,123,87.0
2023-08-09T22:43:04Z,run,2023-08-09T22:44:03Z,-8.04917578,-34.95325585,123,87.0
2023-08-09T22:43:04Z,run,2023-08-09T22:44:04Z,-8.04919945,-34.95325717,123,87.0
2023-08-09T22:43:04Z,run,2023-08-09T22:44:05Z,-8.04922344,-34.9532585,123,87.0
2023-08-09T22:43:04Z,run,2023-08-09T22:44:06Z,-8.04924477,-34.95325883,123,86.0
2023-08-09T22:43:04Z,run,2023-08-09T22:44:07Z,-8.04926543,-34.9532585,123,86.0
2023-08-09T22:43:04Z,run,2023-08-09T22:44:08Z,-8.04928708,-34.9532595,122,87.0
2023-08-09T22:43:04Z,run,2023-08-09T22:44:09Z,-8.04930874,-34.95326183,122,86.0
2023-08-09T22:43:04Z,run,2023-08-09T22:44:10Z,-8.04933074,-34.95326549,122,86.0
2023-08-09T22:43:04Z,run,2023-08-09T22:44:11Z,-8.04935506,-34.95327015,122,86.0
2023-08-09T22:43:04Z,run,2023-08-09T22:44:12Z,-8.04938006,-34.95327414,122,86.0
2023-08-09T22:43:04Z,run,2023-08-09T22:44:13Z,-8.04940506,-34.9532778,125,86.0
2023-08-09T22:43:04Z,run,2023-08-09T22:44:14Z,-8.04943039,-34.9532788,125,86.0
2023-08-09T22:43:04Z,run,2023-08-09T22:44:15Z,-8.04945639,-34.95327814,125,86.0
2023-08-09T22:43:04Z,run,2023-08-09T22:44:16Z,-8.04948205,-34.95327648,126,86.0
2023-08-09T22:43:04Z,run,2023-08-09T22:44:17Z,-8.04950739,-34.95327481,127,86.0
2023-08-09T22:43:04Z,run,2023-08-09T22:44:18Z,-8.04953204,-34.95327415,127,86.0
2023-08-09T22:43:04Z,run,2023-08-09T22:44:19Z,-8.04955704,-34.95327582,126,86.0
2023-08-09T22:43:04Z,run,2023-08-09T22:44:20Z,-8.04958203,-34.95327948,126,84.0
2023-08-09T22:43:04Z,run,2023-08-09T22:44:21Z,-8.0496067,-34.9532838,125,85.0
2023-08-09T22:43:04Z,run,2023-08-09T22:44:22Z,-8.04963236,-34.95328847,125,85.0
2023-08-09T22:43:04Z,run,2023-08-09T22:44:23Z,-8.04965869,-34.95329112,128,86.0
2023-08-09T22:43:04Z,run,2023-08-09T22:44:24Z,-8.04968401,-34.95329211,128,86.0
2023-08-09T22:43:04Z,run,2023-08-09T22:44:25Z,-8.04970568,-34.95329511,129,86.0
2023-08-09T22:43:04Z,run,2023-08-09T22:44:26Z,-8.04972434,-34.95329877,126,86.0
2023-08-09T22:43:04Z,run,2023-08-09T22:44:27Z,-8.049745,-34.95330444,124,86.0
2023-08-09T22:43:04Z,run,2023-08-09T22:44:28Z,-8.04976566,-34.95331009,124,86.0
2023-08-09T22:43:04Z,run,2023-08-09T22:44:29Z,-8.04978765,-34.95331375,125,86.0
2023-08-09T22:43:04Z,run,2023-08-09T22:44:30Z,-8.04981164,-34.95331508,125,86.0
2023-08-09T22:43:04Z,run,2023-08-09T22:44:31Z,-8.04983731,-34.95331342,125,86.0
2023-08-09T22:43:04Z,run,2023-08-09T22:44:32Z,-8.04986263,-34.95330943,126,87.0
2023-08-09T22:43:04Z,run,2023-08-09T22:44:33Z,-8.0498873,-34.95330443,126,86.0
2023-08-09T22:43:04Z,run,2023-08-09T22:44:34Z,-8.04991163,-34.9533011,127,86.0
2023-08-09T22:43:04Z,run,2023-08-09T22:44:35Z,-8.04993429,-34.95329744,128,86.0
2023-08-09T22:43:04Z,run,2023-08-09T22:44:36Z,-8.04995728,-34.95329645,128,86.0
2023-08-09T22:43:04Z,run,2023-08-09T22:44:37Z,-8.04998028,-34.95329744,128,86.0
2023-08-09T22:43:04Z,run,2023-08-09T22:44:38Z,-8.05000527,-34.95330144,127,86.0
2023-08-09T22:43:04Z,run,2023-08-09T22:44:39Z,-8.05003027,-34.95330576,127,86.0
2023-08-09T22:43:04Z,run,2023-08-09T22:44:40Z,-8.0500546,-34.95330909,127,86.0
2023-08-09T22:43:04Z,run,2023-08-09T22:44:41Z,-8.05007959,-34.95331108,127,86.0
2023-08-09T22:43:04Z,run,2023-08-09T22:44:42Z,-8.05010358,-34.95331108,127,86.0
2023-08-09T22:43:04Z,run,2023-08-09T22:44:43Z,-8.05012624,-34.95330943,127,87.0
2023-08-09T22:43:04Z,run,2023-08-09T22:44:44Z,-8.05014924,-34.9533091,129,87.0
2023-08-09T22:43:04Z,run,2023-08-09T22:44:45Z,-8.05017256,-34.95331043,129,87.0
2023-08-09T22:43:04Z,run,2023-08-09T22:44:46Z,-8.05019623,-34.95331209,130,87.0
2023-08-09T22:43:04Z,run,2023-08-09T22:44:47Z,-8.05022022,-34.95331476,131,86.0
2023-08-09T22:43:04Z,run,2023-08-09T22:44:48Z,-8.05024388,-34.95331642,131,86.0
2023-08-09T22:43:04Z,run,2023-08-09T22:44:49Z,-8.05026855,-34.95332108,132,86.0
2023-08-09T22:43:04Z,run,2023-08-09T22:44:50Z,-8.05029421,-34.95332675,134,86.0
2023-08-09T22:43:04Z,run,2023-08-09T22:44:51Z,-8.05031887,-34.95333208,134,86.0
2023-08-09T22:43:04Z,run,2023-08-09T22:44:52Z,-8.05034186,-34.95333407,134,86.0
2023-08-09T22:43:04Z,run,2023-08-09T22:44:53Z,-8.05036452,-34.95333641,134,87.0
2023-08-09T22:43:04Z,run,2023-08-09T22:44:54Z,-8.05038785,-34.95333906,134,87.0
2023-08-09T22:43:04Z,run,2023-08-09T22:44:55Z,-8.05041184,-34.9533414,134,86.0
2023-08-09T22:43:04Z,run,2023-08-09T22:44:56Z,-8.05043617,-34.95334239,135,86.0
2023-08-09T22:43:04Z,run,2023-08-09T22:44:57Z,-8.05046282,-34.95334472,135,85.0
2023-08-09T22:43:04Z,run,2023-08-09T22:44:58Z,-8.05048915,-34.95334639,135,85.0
2023-08-09T22:43:04Z,run,2023-08-09T22:44:59Z,-8.05051415,-34.95334505,136,86.0
2023-08-09T22:43:04Z,run,2023-08-09T22:45:00Z,-8.05053547,-34.9533384,137,86.0
2023-08-09T22:43:04Z,run,2023-08-09T22:45:01Z,-8.05055747,-34.95333241,137,86.0
2023-08-09T22:43:04Z,run,2023-08-09T22:45:02Z,-8.05057847,-34.95332908,139,86.0
2023-08-09T22:43:04Z,run,2023-08-09T22:45:03Z,-8.05060013,-34.95332875,139,85.0
2023-08-09T22:43:04Z,run,2023-08-09T22:45:04Z,-8.05062146,-34.95332809,140,85.0
2023-08-09T22:43:04Z,run,2023-08-09T22:45:05Z,-8.05064379,-34.95332576,140,86.0
2023-08-09T22:43:04Z,run,2023-08-09T22:45:06Z,-8.05066645,-34.9533231,141,86.0
2023-08-09T22:43:04Z,run,2023-08-09T22:45:07Z,-8.05069011,-34.95332044,141,86.0
2023-08-09T22:43:04Z,run,2023-08-09T22:45:08Z,-8.0507141,-34.95331845,142,87.0
2023-08-09T22:43:04Z,run,2023-08-09T22:45:09Z,-8.0507371,-34.95331678,143,86.0
2023-08-09T22:43:04Z,run,2023-08-09T22:45:10Z,-8.05076109,-34.95331646,143,86.0
2023-08-09T22:43:04Z,run,2023-08-09T22:45:11Z,-8.05078475,-34.95331812,143,86.0
2023-08-09T22:43:04Z,run,2023-08-09T22:45:12Z,-8.05080841,-34.95332145,143,86.0
2023-08-09T22:43:04Z,run,2023-08-09T22:45:13Z,-8.05083108,-34.95332577,143,86.0
2023-08-09T22:43:04Z,run,2023-08-09T22:45:14Z,-8.05085307,-34.95332744,143,86.0
2023-08-09T22:43:04Z,run,2023-08-09T22:45:15Z,-8.05087572,-34.95332776,143,87.0
2023-08-09T22:43:04Z,run,2023-08-09T22:45:16Z,-8.05089872,-34.95332677,143,87.0
2023-08-09T22:43:04Z,run,2023-08-09T22:45:17Z,-8.05092339,-34.95332444,142,87.0
2023-08-09T22:43:04Z,run,2023-08-09T22:45:18Z,-8.05094838,-34.95332444,142,87.0
2023-08-09T22:43:04Z,run,2023-08-09T22:45:19Z,-8.05097205,-34.9533321,142,87.0
2023-08-09T22:43:04Z,run,2023-08-09T22:45:20Z,-8.0509947,-34.95333843,143,87.0
2023-08-09T22:43:04Z,run,2023-08-09T22:45:21Z,-8.05101704,-34.95334408,143,87.0
2023-08-09T22:43:04Z,run,2023-08-09T22:45:22Z,-8.05103937,-34.95334942,143,87.0
2023-08-09T22:43:04Z,run,2023-08-09T22:45:23Z,-8.05106069,-34.95335207,143,87.0
2023-08-09T22:43:04Z,run,2023-08-09T22:45:24Z,-8.05108269,-34.95335441,143,87.0
2023-08-09T22:43:04Z,run,2023-08-09T22:45:25Z,-8.05110268,-34.95335142,143,87.0
2023-08-09T22:43:04Z,run,2023-08-09T22:45:26Z,-8.05112167,-34.95334642,143,87.0
2023-08-09T22:43:04Z,run,2023-08-09T22:45:27Z,-8.05114166,-34.95334375,144,87.0
2023-08-09T22:43:04Z,run,2023-08-09T22:45:28Z,-8.05116233,-34.95334242,144,86.0
2023-08-09T22:43:04Z,run,2023-08-09T22:45:29Z,-8.05118199,-34.95334043,144,86.0
2023-08-09T22:43:04Z,run,2023-08-09T22:45:30Z,-8.05120299,-34.9533401,144,85.0
2023-08-09T22:43:04Z,run,2023-08-09T22:45:31Z,-8.05122365,-34.95334143,144,85.0
2023-08-09T22:43:04Z,run,2023-08-09T22:45:32Z,-8.05124665,-34.95334208,144,85.0
2023-08-09T22:43:04Z,run,2023-08-09T22:45:33Z,-8.05126998,-34.95334342,145,85.0
2023-08-09T22:43:04Z,run,2023-08-09T22:45:34Z,-8.05129431,-34.95334707,145,86.0
2023-08-09T22:43:04Z,run,2023-08-09T22:45:35Z,-8.0513183,-34.95334941,145,86.0
2023-08-09T22:43:04Z,run,2023-08-09T22:45:36Z,-8.05134163,-34.9533524,145,86.0
2023-08-09T22:43:04Z,run,2023-08-09T22:45:37Z,-8.05136529,-34.95335572,145,86.0
2023-08-09T22:43:04Z,run,2023-08-09T22:45:38Z,-8.05138962,-34.95335972,145,86.0
2023-08-09T22:43:04Z,run,2023-08-09T22:45:39Z,-8.05141328,-34.95336404,146,86.0
2023-08-09T22:43:04Z,run,2023-08-09T22:45:40Z,-8.05143727,-34.95336737,146,86.0
2023-08-09T22:43:04Z,run,2023-08-09T22:45:41Z,-8.0514606,-34.95337203,146,87.0
2023-08-09T22:43:04Z,run,2023-08-09T22:45:42Z,-8.05148326,-34.95337437,146,87.0
2023-08-09T22:43:04Z,run,2023-08-09T22:45:43Z,-8.05150626,-34.95337569,146,87.0
2023-08-09T22:43:04Z,run,2023-08-09T22:45:44Z,-8.05152925,-34.95337836,146,87.0
2023-08-09T22:43:04Z,run,2023-08-09T22:45:45Z,-8.05155058,-34.95338201,146,87.0
2023-08-09T22:43:04Z,run,2023-08-09T22:45:46Z,-8.05157357,-34.95338501,147,87.0
2023-08-09T22:43:04Z,run,2023-08-09T22:45:47Z,-8.05159724,-34.953387,148,87.0
2023-08-09T22:43:04Z,run,2023-08-09T22:45:48Z,-8.05162024,-34.95338967,149,86.0
2023-08-09T22:43:04Z,run,2023-08-09T22:45:49Z,-8.0516429,-34.95339266,151,87.0
2023-08-09T22:43:04Z,run,2023-08-09T22:45:50Z,-8.05166489,-34.95339598,151,87.0
2023-08-09T22:43:04Z,run,2023-08-09T22:45:51Z,-8.05168821,-34.95339898,153,87.0
2023-08-09T22:43:04Z,run,2023-08-09T22:45:52Z,-8.05171188,-34.95340131,153,87.0
2023-08-09T22:43:04Z,run,2023-08-09T22:45:53Z,-8.0517362,-34.95340331,153,86.0
2023-08-09T22:43:04Z,run,2023-08-09T22:45:54Z,-8.0517602,-34.95340596,153,86.0
2023-08-09T22:43:04Z,run,2023-08-09T22:45:55Z,-8.05178486,-34.95340863,153,86.0
2023-08-09T22:43:04Z,run,2023-08-09T22:45:56Z,-8.05180852,-34.95341229,153,86.0
2023-08-09T22:43:04Z,run,2023-08-09T22:45:57Z,-8.05183286,-34.95341629,152,87.0
2023-08-09T22:43:04Z,run,2023-08-09T22:45:58Z,-8.05185618,-34.95341994,151,86.0
2023-08-09T22:43:04Z,run,2023-08-09T22:45:59Z,-8.05187884,-34.95342293,151,87.0
2023-08-09T22:43:04Z,run,2023-08-09T22:46:00Z,-8.05190184,-34.9534246,150,87.0
2023-08-09T22:43:04Z,run,2023-08-09T22:46:01Z,-8.05192516,-34.95342559,150,87.0
2023-08-09T22:43:04Z,run,2023-08-09T22:46:02Z,-8.05194749,-34.95342625,150,87.0
2023-08-09T22:43:04Z,run,2023-08-09T22:46:03Z,-8.05196882,-34.95342559,150,87.0
2023-08-09T22:43:04Z,run,2023-08-09T22:46:04Z,-8.05199115,-34.95342625,150,87.0
2023-08-09T22:43:04Z,run,2023-08-09T22:46:05Z,-8.05201514,-34.9534269,150,87.0
2023-08-09T22:43:04Z,run,2023-08-09T22:46:06Z,-8.05203814,-34.95342824,150,87.0
2023-08-09T22:43:04Z,run,2023-08-09T22:46:07Z,-8.05206213,-34.95343089,150,87.0
2023-08-09T22:43:04Z,run,2023-08-09T22:46:08Z,-8.05208612,-34.95343455,150,87.0
2023-08-09T22:43:04Z,run,2023-08-09T22:46:09Z,-8.05211045,-34.95343955,149,87.0
2023-08-09T22:43:04Z,run,2023-08-09T22:46:10Z,-8.05213578,-34.95344455,148,87.0
2023-08-09T22:43:04Z,run,2023-08-09T22:46:11Z,-8.05216078,-34.95344722,148,87.0
2023-08-09T22:43:04Z,run,2023-08-09T22:46:12Z,-8.05218644,-34.95344987,148,86.0
2023-08-09T22:43:04Z,run,2023-08-09T22:46:13Z,-8.05221143,-34.95345353,149,86.0
2023-08-09T22:43:04Z,run,2023-08-09T22:46:14Z,-8.0522351,-34.95345785,149,86.0
2023-08-09T22:43:04Z,run,2023-08-09T22:46:15Z,-8.05225876,-34.95346219,149,86.0
2023-08-09T22:43:04Z,run,2023-08-09T22:46:16Z,-8.05228242,-34.95346618,150,86.0
2023-08-09T22:43:04Z,run,2023-08-09T22:46:17Z,-8.05230576,-34.95346917,150,87.0
2023-08-09T22:43:04Z,run,2023-08-09T22:46:18Z,-8.05233041,-34.9534725,151,87.0
2023-08-09T22:43:04Z,run,2023-08-09T22:46:19Z,-8.05235341,-34.9534725,151,87.0
2023-08-09T22:43:04Z,run,2023-08-09T22:46:20Z,-8.05237641,-34.95347416,151,87.0
2023-08-09T22:43:04Z,run,2023-08-09T22:46:21Z,-8.05239874,-34.95347549,152,86.0
2023-08-09T22:43:04Z,run,2023-08-09T22:46:22Z,-8.05242174,-34.95347715,152,86.0
2023-08-09T22:43:04Z,run,2023-08-09T22:46:23Z,-8.0524454,-34.95347948,151,86.0
2023-08-09T22:43:04Z,run,2023-08-09T22:46:24Z,-8.05246906,-34.95348215,151,87.0
2023-08-09T22:43:04Z,run,2023-08-09T22:46:25Z,-8.05249172,-34.95348514,150,87.0
2023-08-09T22:43:04Z,run,2023-08-09T22:46:26Z,-8.05251505,-34.95348747,150,87.0
2023-08-09T22:43:04Z,run,2023-08-09T22:46:27Z,-8.05253738,-34.9534898,150,88.0
2023-08-09T22:43:04Z,run,2023-08-09T22:46:28Z,-8.05255937,-34.95349113,150,88.0
2023-08-09T22:43:04Z,run,2023-08-09T22:46:29Z,-8.0525817,-34.95349179,150,88.0
2023-08-09T22:43:04Z,run,2023-08-09T22:46:30Z,-8.0526047,-34.95349046,150,88.0
2023-08-09T22:43:04Z,run,2023-08-09T22:46:31Z,-8.05262802,-34.95349046,150,87.0
2023-08-09T22:43:04Z,run,2023-08-09T22:46:32Z,-8.05264902,-34.95349412,150,87.0
2023-08-09T22:43:04Z,run,2023-08-09T22:46:33Z,-8.05266902,-34.95349912,150,87.0
2023-08-09T22:43:04Z,run,2023-08-09T22:46:34Z,-8.05269101,-34.95350445,150,87.0
2023-08-09T22:43:04Z,run,2023-08-09T22:46:35Z,-8.05271367,-34.95350678,150,87.0
2023-08-09T22:43:04Z,run,2023-08-09T22:46:36Z,-8.05273733,-34.95350711,150,86.0
2023-08-09T22:43:04Z,run,2023-08-09T22:46:37Z,-8.05275966,-34.95350711,150,86.0
2023-08-09T22:43:04Z,run,2023-08-09T22:46:38Z,-8.05278131,-34.95350678,150,86.0
2023-08-09T22:43:04Z,run,2023-08-09T22:46:39Z,-8.05280431,-34.95350977,150,86.0
2023-08-09T22:43:04Z,run,2023-08-09T22:46:40Z,-8.0528283,-34.95351276,150,86.0
2023-08-09T22:43:04Z,run,2023-08-09T22:46:41Z,-8.05285197,-34.9535181,149,86.0
2023-08-09T22:43:04Z,run,2023-08-09T22:46:42Z,-8.0528743,-34.9535201,150,86.0
2023-08-09T22:43:04Z,run,2023-08-09T22:46:43Z,-8.05289596,-34.95352275,150,86.0
2023-08-09T22:43:04Z,run,2023-08-09T22:46:44Z,-8.05291829,-34.95352275,150,86.0
2023-08-09T22:43:04Z,run,2023-08-09T22:46:45Z,-8.05294129,-34.95352275,149,87.0
2023-08-09T22:43:04Z,run,2023-08-09T22:46:46Z,-8.05296395,-34.95352275,148,87.0
2023-08-09T22:43:04Z,run,2023-08-09T22:46:47Z,-8.05298694,-34.95352209,148,87.0
2023-08-09T22:43:04Z,run,2023-08-09T22:46:48Z,-8.05300827,-34.95352176,148,87.0
2023-08-09T22:43:04Z,run,2023-08-09T22:46:49Z,-8.0530296,-34.95352209,148,87.0
2023-08-09T22:43:04Z,run,2023-08-09T22:46:50Z,-8.05305026,-34.95352275,148,87.0
2023-08-09T22:43:04Z,run,2023-08-09T22:46:51Z,-8.05307059,-34.95352374,148,87.0
2023-08-09T22:43:04Z,run,2023-08-09T22:46:52Z,-8.05309192,-34.95352507,148,87.0
2023-08-09T22:43:04Z,run,2023-08-09T22:46:53Z,-8.05311425,-34.9535274,148,87.0
2023-08-09T22:43:04Z,run,2023-08-09T22:46:54Z,-8.05313691,-34.95353039,148,87.0
2023-08-09T22:43:04Z,run,2023-08-09T22:46:55Z,-8.0531599,-34.95353306,148,87.0
2023-08-09T22:43:04Z,run,2023-08-09T22:46:56Z,-8.05318323,-34.95353638,148,87.0
2023-08-09T22:43:04Z,run,2023-08-09T22:46:57Z,-8.0532079,-34.95354105,148,87.0
2023-08-09T22:43:04Z,run,2023-08-09T22:46:58Z,-8.05323222,-34.9535447,148,86.0
2023-08-09T22:43:04Z,run,2023-08-09T22:46:59Z,-8.05325621,-34.95354737,149,86.0
2023-08-09T22:43:04Z,run,2023-08-09T22:47:00Z,-8.05327955,-34.9535497,149,86.0
2023-08-09T22:43:04Z,run,2023-08-09T22:47:01Z,-8.05330255,-34.9535517,149,86.0
2023-08-09T22:43:04Z,run,2023-08-09T22:47:02Z,-8.05332555,-34.95355203,150,86.0
2023-08-09T22:43:04Z,run,2023-08-09T22:47:03Z,-8.05334788,-34.95355036,150,86.0
2023-08-09T22:43:04Z,run,2023-08-09T22:47:04Z,-8.05336987,-34.95355004,150,86.0
2023-08-09T22:43:04Z,run,2023-08-09T22:47:05Z,-8.05339186,-34.95354938,151,86.0
2023-08-09T22:43:04Z,run,2023-08-09T22:47:06Z,-8.05341385,-34.9535497,151,87.0
2023-08-09T22:43:04Z,run,2023-08-09T22:47:07Z,-8.05343784,-34.9535507,151,87.0
2023-08-09T22:43:04Z,run,2023-08-09T22:47:08Z,-8.05346217,-34.95355169,151,87.0
2023-08-09T22:43:04Z,run,2023-08-09T22:47:09Z,-8.05348684,-34.95355268,151,87.0
2023-08-09T22:43:04Z,run,2023-08-09T22:47:10Z,-8.05351151,-34.95355268,152,87.0
2023-08-09T22:43:04Z,run,2023-08-09T22:47:11Z,-8.05353616,-34.95355268,151,87.0
2023-08-09T22:43:04Z,run,2023-08-09T22:47:12Z,-8.0535615,-34.95355203,151,87.0
2023-08-09T22:43:04Z,run,2023-08-09T22:47:13Z,-8.05358682,-34.9535517,151,86.0
2023-08-09T22:43:04Z,run,2023-08-09T22:47:14Z,-8.05361149,-34.95355236,151,87.0
2023-08-09T22:43:04Z,run,2023-08-09T22:47:15Z,-8.05363615,-34.95355469,151,87.0
2023-08-09T22:43:04Z,run,2023-08-09T22:47:16Z,-8.05366048,-34.95355902,151,87.0
2023-08-09T22:43:04Z,run,2023-08-09T22:47:17Z,-8.0536838,-34.95356335,151,86.0
2023-08-09T22:43:04Z,run,2023-08-09T22:47:18Z,-8.0537068,-34.95356802,151,86.0
2023-08-09T22:43:04Z,run,2023-08-09T22:47:19Z,-8.05372913,-34.95357267,151,86.0
2023-08-09T22:43:04Z,run,2023-08-09T22:47:19Z,-8.05375146,-34.95357767,152,86.0
2023-08-09T22:43:04Z,run,2023-08-09T22:47:20Z,-8.05377446,-34.95358234,152,86.0
2023-08-09T22:43:04Z,run,2023-08-09T22:47:21Z,-8.05379778,-34.953587,152,86.0
2023-08-09T22:43:04Z,run,2023-08-09T22:47:22Z,-8.05381945,-34.95359033,151,87.0
2023-08-09T22:43:04Z,run,2023-08-09T22:47:23Z,-8.05384045,-34.95359265,151,87.0
2023-08-09T22:43:04Z,run,2023-08-09T22:47:24Z,-8.0538621,-34.95359465,151,87.0
2023-08-09T22:43:04Z,run,2023-08-09T22:47:25Z,-8.05388409,-34.95359498,151,87.0
2023-08-09T22:43:04Z,run,2023-08-09T22:47:26Z,-8.05390576,-34.95359432,151,87.0
2023-08-09T22:43:04Z,run,2023-08-09T22:47:27Z,-8.05392908,-34.95359699,151,87.0
2023-08-09T22:43:04Z,run,2023-08-09T22:47:28Z,-8.05395174,-34.95359932,151,87.0
2023-08-09T22:43:04Z,run,2023-08-09T22:47:29Z,-8.05397807,-34.95360264,152,87.0
2023-08-09T22:43:04Z,run,2023-08-09T22:47:30Z,-8.05400407,-34.95360731,152,87.0
2023-08-09T22:43:04Z,run,2023-08-09T22:47:31Z,-8.05403173,-34.95361463,152,87.0
2023-08-09T22:43:04Z,run,2023-08-09T22:47:32Z,-8.05405672,-34.95362096,151,87.0
2023-08-09T22:43:04Z,run,2023-08-09T22:47:33Z,-8.05408204,-34.95362462,151,87.0
2023-08-09T22:43:04Z,run,2023-08-09T22:47:34Z,-8.05410438,-34.95362729,151,87.0
2023-08-09T22:43:04Z,run,2023-08-09T22:47:35Z,-8.05412603,-34.95362895,151,87.0
2023-08-09T22:43:04Z,run,2023-08-09T22:47:36Z,-8.0541477,-34.95362862,151,87.0
2023-08-09T22:43:04Z,run,2023-08-09T22:47:37Z,-8.05417202,-34.95362663,151,87.0
2023-08-09T22:43:04Z,run,2023-08-09T22:47:38Z,-8.05419802,-34.95362297,150,87.0
2023-08-09T22:43:04Z,run,2023-08-09T22:47:39Z,-8.05422402,-34.95362063,150,87.0
2023-08-09T22:43:04Z,run,2023-08-09T22:47:40Z,-8.05425002,-34.95362163,150,87.0
2023-08-09T22:43:04Z,run,2023-08-09T22:47:41Z,-8.05427369,-34.95362296,150,87.0
2023-08-09T22:43:04Z,run,2023-08-09T22:47:42Z,-8.05429801,-34.95362662,150,87.0
2023-08-09T22:43:04Z,run,2023-08-09T22:47:43Z,-8.05432568,-34.95363295,151,86.0
2023-08-09T22:43:04Z,run,2023-08-09T22:47:44Z,-8.05435,-34.95363927,151,85.0
2023-08-09T22:43:04Z,run,2023-08-09T22:47:45Z,-8.054377,-34.9536476,151,85.0
2023-08-09T22:43:04Z,run,2023-08-09T22:47:46Z,-8.05440433,-34.95365659,151,85.0
2023-08-09T22:43:04Z,run,2023-08-09T22:47:47Z,-8.05443033,-34.95366193,150,85.0
2023-08-09T22:43:04Z,run,2023-08-09T22:47:48Z,-8.05445698,-34.95366959,150,86.0
2023-08-09T22:43:04Z,run,2023-08-09T22:47:49Z,-8.05448465,-34.95367658,151,86.0
2023-08-09T22:43:04Z,run,2023-08-09T22:47:50Z,-8.05450997,-34.95368125,150,86.0
2023-08-09T22:43:04Z,run,2023-08-09T22:47:51Z,-8.05453464,-34.95368491,150,86.0
2023-08-09T22:43:04Z,run,2023-08-09T22:47:52Z,-8.05455763,-34.9536879,150,86.0
2023-08-09T22:43:04Z,run,2023-08-09T22:47:53Z,-8.05458196,-34.95369089,150,86.0
2023-08-09T22:43:04Z,run,2023-08-09T22:47:54Z,-8.05460595,-34.95369255,150,86.0
2023-08-09T22:43:04Z,run,2023-08-09T22:47:55Z,-8.05462762,-34.95369255,150,86.0
2023-08-09T22:43:04Z,run,2023-08-09T22:47:56Z,-8.05465028,-34.95369122,150,86.0
2023-08-09T22:43:04Z,run,2023-08-09T22:47:57Z,-8.05467493,-34.95368856,150,86.0
2023-08-09T22:43:04Z,run,2023-08-09T22:47:58Z,-8.05469892,-34.95368523,151,86.0
2023-08-09T22:43:04Z,run,2023-08-09T22:47:59Z,-8.05472292,-34.95368224,151,87.0
2023-08-09T22:43:04Z,run,2023-08-09T22:48:00Z,-8.05474691,-34.95368058,152,87.0
2023-08-09T22:43:04Z,run,2023-08-09T22:48:01Z,-8.05477158,-34.95368058,152,87.0
2023-08-09T22:43:04Z,run,2023-08-09T22:48:02Z,-8.05479524,-34.95368026,153,87.0
2023-08-09T22:43:04Z,run,2023-08-09T22:48:03Z,-8.05481957,-34.95367926,153,87.0
2023-08-09T22:43:04Z,run,2023-08-09T22:48:04Z,-8.05484323,-34.95367693,153,87.0
2023-08-09T22:43:04Z,run,2023-08-09T22:48:05Z,-8.05486589,-34.95367725,154,87.0
2023-08-09T22:43:04Z,run,2023-08-09T22:48:06Z,-8.05489189,-34.95368058,154,87.0
2023-08-09T22:43:04Z,run,2023-08-09T22:48:07Z,-8.05491789,-34.95368491,154,88.0
2023-08-09T22:43:04Z,run,2023-08-09T22:48:08Z,-8.05494555,-34.95368957,154,87.0
2023-08-09T22:43:04Z,run,2023-08-09T22:48:09Z,-8.05497387,-34.95369224,155,87.0
2023-08-09T22:43:04Z,run,2023-08-09T22:48:10Z,-8.05500321,-34.95369323,155,87.0
2023-08-09T22:43:04Z,run,2023-08-09T22:48:11Z,-8.0550332,-34.95369355,156,87.0
2023-08-09T22:43:04Z,run,2023-08-09T22:48:12Z,-8.05506286,-34.95369522,156,87.0
2023-08-09T22:43:04Z,run,2023-08-09T22:48:13Z,-8.05509019,-34.95369888,155,88.0
2023-08-09T22:43:04Z,run,2023-08-09T22:48:14Z,-8.05511685,-34.95370388,155,87.0
2023-08-09T22:43:04Z,run,2023-08-09T22:48:15Z,-8.05513984,-34.95370821,156,87.0
2023-08-09T22:43:04Z,run,2023-08-09T22:48:16Z,-8.05515951,-34.9537162,156,87.0
2023-08-09T22:43:04Z,run,2023-08-09T22:48:17Z,-8.05518118,-34.9537242,156,86.0
2023-08-09T22:43:04Z,run,2023-08-09T22:48:18Z,-8.05520317,-34.95373019,156,86.0
2023-08-09T22:43:04Z,run,2023-08-09T22:48:19Z,-8.05522617,-34.95373486,156,86.0
2023-08-09T22:43:04Z,run,2023-08-09T22:48:20Z,-8.05524882,-34.95373618,155,86.0
2023-08-09T22:43:04Z,run,2023-08-09T22:48:21Z,-8.05527081,-34.95373885,155,86.0
2023-08-09T22:43:04Z,run,2023-08-09T22:48:22Z,-8.05529148,-34.95374051,155,86.0
2023-08-09T22:43:04Z,run,2023-08-09T22:48:23Z,-8.0553128,-34.95374318,155,87.0
2023-08-09T22:43:04Z,run,2023-08-09T22:48:24Z,-8.05533479,-34.95374518,155,87.0
2023-08-09T22:43:04Z,run,2023-08-09T22:48:25Z,-8.05535713,-34.9537465,155,87.0
2023-08-09T22:43:04Z,run,2023-08-09T22:48:26Z,-8.05537946,-34.9537485,155,87.0
2023-08-09T22:43:04Z,run,2023-08-09T22:48:27Z,-8.05540212,-34.95375183,155,87.0
2023-08-09T22:43:04Z,run,2023-08-09T22:48:28Z,-8.05542445,-34.95375515,155,87.0
2023-08-09T22:43:04Z,run,2023-08-09T22:48:29Z,-8.05544377,-34.95375915,155,87.0
2023-08-09T22:43:04Z,run,2023-08-09T22:48:30Z,-8.05546144,-34.95376281,155,87.0
2023-08-09T22:43:04Z,run,2023-08-09T22:48:31Z,-8.05547944,-34.9537688,155,86.0
2023-08-09T22:43:04Z,run,2023-08-09T22:48:32Z,-8.05549776,-34.95377713,155,86.0
2023-08-09T22:43:04Z,run,2023-08-09T22:48:33Z,-8.05551709,-34.95378845,155,87.0
2023-08-09T22:43:04Z,run,2023-08-09T22:48:34Z,-8.05553541,-34.95380278,155,87.0
2023-08-09T22:43:04Z,run,2023-08-09T22:48:35Z,-8.05555341,-34.9538201,155,86.0
2023-08-09T22:43:04Z,run,2023-08-09T22:48:36Z,-8.05556907,-34.9538411,155,87.0
2023-08-09T22:43:04Z,run,2023-08-09T22:48:37Z,-8.05558406,-34.95386809,155,87.0
2023-08-09T22:43:04Z,run,2023-08-09T22:48:38Z,-8.05559639,-34.95389509,155,87.0
2023-08-09T22:43:04Z,run,2023-08-09T22:48:39Z,-8.05560672,-34.95392776,155,87.0
2023-08-09T22:43:04Z,run,2023-08-09T22:48:40Z,-8.05561372,-34.95395875,155,87.0
2023-08-09T22:43:04Z,run,2023-08-09T22:48:41Z,-8.05561905,-34.95398807,155,87.0
2023-08-09T22:43:04Z,run,2023-08-09T22:48:42Z,-8.05562271,-34.95401739,155,87.0
2023-08-09T22:43:04Z,run,2023-08-09T22:48:43Z,-8.05562404,-34.95404673,155,88.0
2023-08-09T22:43:04Z,run,2023-08-09T22:48:44Z,-8.0556247,-34.95407473,156,88.0
2023-08-09T22:43:04Z,run,2023-08-09T22:48:45Z,-8.05562636,-34.95409973,156,88.0
2023-08-09T22:43:04Z,run,2023-08-09T22:48:46Z,-8.05562703,-34.95412505,156,88.0
2023-08-09T22:43:04Z,run,2023-08-09T22:48:47Z,-8.05562835,-34.95415371,156,88.0
2023-08-09T22:43:04Z,run,2023-08-09T22:48:48Z,-8.05563234,-34.95418171,155,87.0
2023-08-09T22:43:04Z,run,2023-08-09T22:48:49Z,-8.05563567,-34.95421237,155,87.0
2023-08-09T22:43:04Z,run,2023-08-09T22:48:50Z,-8.05563767,-34.95424071,155,87.0
2023-08-09T22:43:04Z,run,2023-08-09T22:48:51Z,-8.05563933,-34.95426903,155,87.0
2023-08-09T22:43:04Z,run,2023-08-09T22:48:52Z,-8.05564,-34.95429703,155,87.0
2023-08-09T22:43:04Z,run,2023-08-09T22:48:53Z,-8.05564166,-34.95432503,155,88.0
2023-08-09T22:43:04Z,run,2023-08-09T22:48:54Z,-8.055641,-34.95435135,154,88.0
2023-08-09T22:43:04Z,run,2023-08-09T22:48:55Z,-8.05564166,-34.95437768,154,88.0
2023-08-09T22:43:04Z,run,2023-08-09T22:48:56Z,-8.05564232,-34.95440434,154,88.0
2023-08-09T22:43:04Z,run,2023-08-09T22:48:57Z,-8.055641,-34.95443033,154,88.0
2023-08-09T22:43:04Z,run,2023-08-09T22:48:58Z,-8.05563767,-34.95445567,154,88.0
2023-08-09T22:43:04Z,run,2023-08-09T22:48:59Z,-8.05563367,-34.95448,154,88.0
2023-08-09T22:43:04Z,run,2023-08-09T22:49:00Z,-8.05562901,-34.954505,154,88.0
2023-08-09T22:43:04Z,run,2023-08-09T22:49:01Z,-8.05562435,-34.95453132,154,88.0
2023-08-09T22:43:04Z,run,2023-08-09T22:49:02Z,-8.05562136,-34.95455765,154,88.0
2023-08-09T22:43:04Z,run,2023-08-09T22:49:03Z,-8.05561869,-34.95458331,154,88.0
2023-08-09T22:43:04Z,run,2023-08-09T22:49:04Z,-8.05561637,-34.95460964,154,88.0
2023-08-09T22:43:04Z,run,2023-08-09T22:49:05Z,-8.0556147,-34.95463629,154,88.0
2023-08-09T22:43:04Z,run,2023-08-09T22:49:06Z,-8.05561371,-34.95466229,154,88.0
2023-08-09T22:43:04Z,run,2023-08-09T22:49:07Z,-8.05561306,-34.95468729,154,88.0
2023-08-09T22:43:04Z,run,2023-08-09T22:49:08Z,-8.05561139,-34.95471195,155,87.0
2023-08-09T22:43:04Z,run,2023-08-09T22:49:09Z,-8.0556104,-34.95473695,155,87.0
2023-08-09T22:43:04Z,run,2023-08-09T22:49:10Z,-8.05560908,-34.95476261,155,87.0
2023-08-09T22:43:04Z,run,2023-08-09T22:49:11Z,-8.05560841,-34.95478894,155,87.0
2023-08-09T22:43:04Z,run,2023-08-09T22:49:12Z,-8.05560874,-34.9548156,155,87.0
2023-08-09T22:43:04Z,run,2023-08-09T22:49:13Z,-8.05560973,-34.95484125,155,88.0
2023-08-09T22:43:04Z,run,2023-08-09T22:49:14Z,-8.05560973,-34.95486659,155,88.0
2023-08-09T22:43:04Z,run,2023-08-09T22:49:15Z,-8.05560973,-34.95489258,155,88.0
2023-08-09T22:43:04Z,run,2023-08-09T22:49:16Z,-8.05560808,-34.95491691,155,88.0
2023-08-09T22:43:04Z,run,2023-08-09T22:49:17Z,-8.05560674,-34.95494057,155,88.0
2023-08-09T22:43:04Z,run,2023-08-09T22:49:18Z,-8.05560441,-34.95496457,155,88.0
2023-08-09T22:43:04Z,run,2023-08-09T22:49:19Z,-8.05560242,-34.95498789,156,88.0
2023-08-09T22:43:04Z,run,2023-08-09T22:49:20Z,-8.05560009,-34.95500989,157,88.0
2023-08-09T22:43:04Z,run,2023-08-09T22:49:21Z,-8.05559776,-34.95503356,157,88.0
2023-08-09T22:43:04Z,run,2023-08-09T22:49:22Z,-8.05559576,-34.95505721,156,88.0
2023-08-09T22:43:04Z,run,2023-08-09T22:49:23Z,-8.05559344,-34.95508054,156,88.0
2023-08-09T22:43:04Z,run,2023-08-09T22:49:24Z,-8.05559011,-34.95510353,156,88.0
2023-08-09T22:43:04Z,run,2023-08-09T22:49:25Z,-8.05558712,-34.95512653,156,88.0
2023-08-09T22:43:04Z,run,2023-08-09T22:49:26Z,-8.05558445,-34.95515018,156,88.0
2023-08-09T22:43:04Z,run,2023-08-09T22:49:27Z,-8.05558079,-34.95517418,156,88.0
2023-08-09T22:43:04Z,run,2023-08-09T22:49:28Z,-8.05557713,-34.95519917,156,88.0
2023-08-09T22:43:04Z,run,2023-08-09T22:49:29Z,-8.05557414,-34.95522151,156,88.0
2023-08-09T22:43:04Z,run,2023-08-09T22:49:30Z,-8.05557181,-34.9552445,155,88.0
2023-08-09T22:43:04Z,run,2023-08-09T22:49:31Z,-8.05556916,-34.9552705,156,88.0
2023-08-09T22:43:04Z,run,2023-08-09T22:49:32Z,-8.05556817,-34.95529449,156,88.0
2023-08-09T22:43:04Z,run,2023-08-09T22:49:33Z,-8.05556784,-34.95531882,156,87.0
2023-08-09T22:43:04Z,run,2023-08-09T22:49:34Z,-8.05556751,-34.95534349,156,88.0
2023-08-09T22:43:04Z,run,2023-08-09T22:49:35Z,-8.05556619,-34.95536849,156,88.0
2023-08-09T22:43:04Z,run,2023-08-09T22:49:36Z,-8.05556453,-34.95539314,156,88.0
2023-08-09T22:43:04Z,run,2023-08-09T22:49:37Z,-8.05556153,-34.95541781,157,88.0
2023-08-09T22:43:04Z,run,2023-08-09T22:49:38Z,-8.05555621,-34.95544181,157,87.0
2023-08-09T22:43:04Z,run,2023-08-09T22:49:39Z,-8.05554921,-34.95546513,157,88.0
2023-08-09T22:43:04Z,run,2023-08-09T22:49:40Z,-8.05553621,-34.95549047,157,88.0
2023-08-09T22:43:04Z,run,2023-08-09T22:49:41Z,-8.05552555,-34.95551513,157,88.0
2023-08-09T22:43:04Z,run,2023-08-09T22:49:42Z,-8.05551788,-34.95554079,157,88.0
2023-08-09T22:43:04Z,run,2023-08-09T22:49:43Z,-8.05551256,-34.95556846,156,88.0
2023-08-09T22:43:04Z,run,2023-08-09T22:49:44Z,-8.05550723,-34.95559378,157,88.0
2023-08-09T22:43:04Z,run,2023-08-09T22:49:45Z,-8.05550123,-34.95561611,157,88.0
2023-08-09T22:43:04Z,run,2023-08-09T22:49:46Z,-8.05549757,-34.95564077,157,88.0
2023-08-09T22:43:04Z,run,2023-08-09T22:49:47Z,-8.05549458,-34.9556641,157,88.0
2023-08-09T22:43:04Z,run,2023-08-09T22:49:48Z,-8.05549258,-34.95568876,157,88.0
2023-08-09T22:43:04Z,run,2023-08-09T22:49:49Z,-8.05549226,-34.95571476,157,88.0
2023-08-09T22:43:04Z,run,2023-08-09T22:49:50Z,-8.05549159,-34.95574276,157,88.0
2023-08-09T22:43:04Z,run,2023-08-09T22:49:51Z,-8.05548826,-34.95576808,157,88.0
2023-08-09T22:43:04Z,run,2023-08-09T22:49:52Z,-8.05548559,-34.95579241,157,88.0
2023-08-09T22:43:04Z,run,2023-08-09T22:49:53Z,-8.05548592,-34.95581741,157,88.0
2023-08-09T22:43:04Z,run,2023-08-09T22:49:54Z,-8.05548625,-34.9558434,157,88.0
2023-08-09T22:43:04Z,run,2023-08-09T22:49:55Z,-8.05548625,-34.95586906,156,88.0
2023-08-09T22:43:04Z,run,2023-08-09T22:49:56Z,-8.05548492,-34.95589305,157,88.0
2023-08-09T22:43:04Z,run,2023-08-09T22:49:57Z,-8.05548292,-34.95591671,157,88.0
2023-08-09T22:43:04Z,run,2023-08-09T22:49:58Z,-8.05548092,-34.95593971,157,88.0
2023-08-09T22:43:04Z,run,2023-08-09T22:49:59Z,-8.05548059,-34.95596503,157,88.0
2023-08-09T22:43:04Z,run,2023-08-09T22:50:00Z,-8.05548092,-34.95599037,157,88.0
2023-08-09T22:43:04Z,run,2023-08-09T22:50:01Z,-8.05548325,-34.95601369,156,88.0
2023-08-09T22:43:04Z,run,2023-08-09T22:50:02Z,-8.05548658,-34.95603168,156,84.0
2023-08-09T22:43:04Z,run,2023-08-09T22:50:03Z,-8.05548991,-34.95604268,157,85.0
2023-08-09T22:43:04Z,run,2023-08-09T22:50:04Z,-8.05549257,-34.95604634,157,85.0
2023-08-09T22:43:04Z,run,2023-08-09T22:50:05Z,-8.05549457,-34.95604201,157,86.0
2023-08-09T22:43:04Z,run,2023-08-09T22:50:06Z,-8.0554949,-34.95602935,157,86.0
2023-08-09T22:43:04Z,run,2023-08-09T22:50:07Z,-8.0554939,-34.95601336,157,86.0
2023-08-09T22:43:04Z,run,2023-08-09T22:50:08Z,-8.05549325,-34.95599436,158,86.0
2023-08-09T22:43:04Z,run,2023-08-09T22:50:09Z,-8.05549226,-34.95597202,158,87.0
2023-08-09T22:43:04Z,run,2023-08-09T22:50:10Z,-8.05548993,-34.95594803,158,87.0
2023-08-09T22:43:04Z,run,2023-08-09T22:50:11Z,-8.0554876,-34.95592537,158,87.0
2023-08-09T22:43:04Z,run,2023-08-09T22:50:12Z,-8.05548693,-34.95589904,158,87.0
2023-08-09T22:43:04Z,run,2023-08-09T22:50:13Z,-8.05548528,-34.95587272,158,88.0
2023-08-09T22:43:04Z,run,2023-08-09T22:50:14Z,-8.05548461,-34.95584406,158,88.0
2023-08-09T22:43:04Z,run,2023-08-09T22:50:15Z,-8.05548528,-34.95581473,158,88.0
2023-08-09T22:43:04Z,run,2023-08-09T22:50:16Z,-8.05548693,-34.95578807,158,88.0
2023-08-09T22:43:04Z,run,2023-08-09T22:50:17Z,-8.05548893,-34.95576208,158,88.0
2023-08-09T22:43:04Z,run,2023-08-09T22:50:18Z,-8.05548893,-34.95573642,158,88.0
2023-08-09T22:43:04Z,run,2023-08-09T22:50:19Z,-8.05548761,-34.95570876,158,88.0
2023-08-09T22:43:04Z,run,2023-08-09T22:50:20Z,-8.05548462,-34.95568076,158,88.0
2023-08-09T22:43:04Z,run,2023-08-09T22:50:21Z,-8.05547862,-34.95565043,158,88.0
2023-08-09T22:43:04Z,run,2023-08-09T22:50:22Z,-8.05547196,-34.95561976,158,88.0
2023-08-09T22:43:04Z,run,2023-08-09T22:50:23Z,-8.05546496,-34.95558544,158,88.0
2023-08-09T22:43:04Z,run,2023-08-09T22:50:24Z,-8.05545897,-34.95555377,158,88.0
2023-08-09T22:43:04Z,run,2023-08-09T22:50:25Z,-8.05545431,-34.95552478,158,88.0
2023-08-09T22:43:04Z,run,2023-08-09T22:50:26Z,-8.05545131,-34.95549478,158,88.0
2023-08-09T22:43:04Z,run,2023-08-09T22:50:27Z,-8.05545197,-34.95546646,158,87.0
2023-08-09T22:43:04Z,run,2023-08-09T22:50:28Z,-8.0554553,-34.9554388,158,87.0
2023-08-09T22:43:04Z,run,2023-08-09T22:50:29Z,-8.05545364,-34.95540813,158,87.0
2023-08-09T22:43:04Z,run,2023-08-09T22:50:30Z,-8.05545097,-34.95537947,158,87.0
2023-08-09T22:43:04Z,run,2023-08-09T22:50:31Z,-8.05544832,-34.95535281,158,87.0
2023-08-09T22:43:04Z,run,2023-08-09T22:50:32Z,-8.05544733,-34.95532814,158,87.0
2023-08-09T22:43:04Z,run,2023-08-09T22:50:33Z,-8.05544133,-34.95530249,158,87.0
2023-08-09T22:43:04Z,run,2023-08-09T22:50:34Z,-8.05543534,-34.95527683,158,88.0
2023-08-09T22:43:04Z,run,2023-08-09T22:50:35Z,-8.05543134,-34.95525117,158,88.0
2023-08-09T22:43:04Z,run,2023-08-09T22:50:36Z,-8.05543067,-34.95522585,158,88.0
2023-08-09T22:43:04Z,run,2023-08-09T22:50:37Z,-8.05543134,-34.95519818,158,88.0
2023-08-09T22:43:04Z,run,2023-08-09T22:50:38Z,-8.05543433,-34.95517453,158,88.0
2023-08-09T22:43:04Z,run,2023-08-09T22:50:39Z,-8.05543732,-34.95515187,158,88.0
2023-08-09T22:43:04Z,run,2023-08-09T22:50:40Z,-8.05543998,-34.95512887,158,87.0
2023-08-09T22:43:04Z,run,2023-08-09T22:50:41Z,-8.05544164,-34.95510588,158,87.0
2023-08-09T22:43:04Z,run,2023-08-09T22:50:42Z,-8.05544231,-34.95508122,158,86.0
2023-08-09T22:43:04Z,run,2023-08-09T22:50:43Z,-8.0554433,-34.95505689,158,86.0
2023-08-09T22:43:04Z,run,2023-08-09T22:50:44Z,-8.05544663,-34.9550339,158,86.0
2023-08-09T22:43:04Z,run,2023-08-09T22:50:45Z,-8.05545029,-34.95501023,158,86.0
2023-08-09T22:43:04Z,run,2023-08-09T22:50:46Z,-8.05545294,-34.95498458,158,87.0
2023-08-09T22:43:04Z,run,2023-08-09T22:50:47Z,-8.05545428,-34.95496092,158,87.0
2023-08-09T22:43:04Z,run,2023-08-09T22:50:48Z,-8.05545493,-34.95493625,158,88.0
2023-08-09T22:43:04Z,run,2023-08-09T22:50:49Z,-8.05545792,-34.95491225,158,88.0
2023-08-09T22:43:04Z,run,2023-08-09T22:50:50Z,-8.05546059,-34.95488593,158,88.0
2023-08-09T22:43:04Z,run,2023-08-09T22:50:51Z,-8.05546392,-34.95485893,158,88.0
2023-08-09T22:43:04Z,run,2023-08-09T22:50:52Z,-8.05546691,-34.95483427,158,88.0
2023-08-09T22:43:04Z,run,2023-08-09T22:50:53Z,-8.05547024,-34.95481027,158,87.0
2023-08-09T22:43:04Z,run,2023-08-09T22:50:54Z,-8.05547357,-34.95478462,158,88.0
2023-08-09T22:43:04Z,run,2023-08-09T22:50:55Z,-8.05547657,-34.95475962,158,88.0
2023-08-09T22:43:04Z,run,2023-08-09T22:50:56Z,-8.05548123,-34.95473495,159,88.0
2023-08-09T22:43:04Z,run,2023-08-09T22:50:57Z,-8.05548523,-34.95471163,158,88.0
2023-08-09T22:43:04Z,run,2023-08-09T22:50:58Z,-8.05548955,-34.9546873,158,88.0
2023-08-09T22:43:04Z,run,2023-08-09T22:50:59Z,-8.05549222,-34.95466197,158,88.0
2023-08-09T22:43:04Z,run,2023-08-09T22:51:00Z,-8.05549422,-34.95463631,158,88.0
2023-08-09T22:43:04Z,run,2023-08-09T22:51:01Z,-8.05549554,-34.95460932,158,88.0
2023-08-09T22:43:04Z,run,2023-08-09T22:51:02Z,-8.0554972,-34.95458466,158,88.0
2023-08-09T22:43:04Z,run,2023-08-09T22:51:03Z,-8.05549852,-34.95456032,158,88.0
2023-08-09T22:43:04Z,run,2023-08-09T22:51:04Z,-8.05550018,-34.95453533,158,88.0
2023-08-09T22:43:04Z,run,2023-08-09T22:51:05Z,-8.05550051,-34.95450967,158,88.0
2023-08-09T22:43:04Z,run,2023-08-09T22:51:06Z,-8.05550217,-34.95448601,158,88.0
2023-08-09T22:43:04Z,run,2023-08-09T22:51:07Z,-8.05550417,-34.95446434,158,88.0
2023-08-09T22:43:04Z,run,2023-08-09T22:51:08Z,-8.05550649,-34.95444169,158,88.0
2023-08-09T22:43:04Z,run,2023-08-09T22:51:09Z,-8.05550882,-34.9544207,158,88.0
2023-08-09T22:43:04Z,run,2023-08-09T22:51:10Z,-8.05551015,-34.95439836,158,88.0
2023-08-09T22:43:04Z,run,2023-08-09T22:51:11Z,-8.05551181,-34.95437537,158,88.0
2023-08-09T22:43:04Z,run,2023-08-09T22:51:12Z,-8.0555128,-34.95435204,158,88.0
2023-08-09T22:43:04Z,run,2023-08-09T22:51:13Z,-8.05551414,-34.95432638,158,88.0
2023-08-09T22:43:04Z,run,2023-08-09T22:51:14Z,-8.05551614,-34.95430273,158,88.0
2023-08-09T22:43:04Z,run,2023-08-09T22:51:15Z,-8.05551846,-34.95427906,158,87.0
2023-08-09T22:43:04Z,run,2023-08-09T22:51:16Z,-8.05552179,-34.95425607,157,87.0
2023-08-09T22:43:04Z,run,2023-08-09T22:51:17Z,-8.05552478,-34.95423341,157,88.0
2023-08-09T22:43:04Z,run,2023-08-09T22:51:18Z,-8.05552778,-34.95420909,157,88.0
2023-08-09T22:43:04Z,run,2023-08-09T22:51:19Z,-8.05553011,-34.95418376,157,88.0
2023-08-09T22:43:04Z,run,2023-08-09T22:51:20Z,-8.0555311,-34.95416043,157,88.0
2023-08-09T22:43:04Z,run,2023-08-09T22:51:21Z,-8.05553175,-34.95413744,158,87.0
2023-08-09T22:43:04Z,run,2023-08-09T22:51:22Z,-8.05553442,-34.95411511,158,87.0
2023-08-09T22:43:04Z,run,2023-08-09T22:51:23Z,-8.05553674,-34.95409011,157,87.0
2023-08-09T22:43:04Z,run,2023-08-09T22:51:24Z,-8.05553841,-34.95406579,157,87.0
2023-08-09T22:43:04Z,run,2023-08-09T22:51:25Z,-8.05554007,-34.95404313,157,87.0
2023-08-09T22:43:04Z,run,2023-08-09T22:51:26Z,-8.05554106,-34.9540188,157,87.0
2023-08-09T22:43:04Z,run,2023-08-09T22:51:27Z,-8.05554272,-34.9539948,157,87.0
2023-08-09T22:43:04Z,run,2023-08-09T22:51:28Z,-8.05554472,-34.95397114,157,87.0
2023-08-09T22:43:04Z,run,2023-08-09T22:51:29Z,-8.05554472,-34.95394681,157,87.0
2023-08-09T22:43:04Z,run,2023-08-09T22:51:30Z,-8.05554272,-34.95392415,157,87.0
2023-08-09T22:43:04Z,run,2023-08-09T22:51:31Z,-8.05553672,-34.95390049,158,87.0
2023-08-09T22:43:04Z,run,2023-08-09T22:51:32Z,-8.05552973,-34.95387717,158,87.0
2023-08-09T22:43:04Z,run,2023-08-09T22:51:33Z,-8.05552107,-34.95385517,158,87.0
2023-08-09T22:43:04Z,run,2023-08-09T22:51:34Z,-8.05550908,-34.95383617,158,87.0
2023-08-09T22:43:04Z,run,2023-08-09T22:51:34Z,-8.05549508,-34.95381851,158,87.0
2023-08-09T22:43:04Z,run,2023-08-09T22:51:35Z,-8.05547809,-34.95380285,158,87.0
2023-08-09T22:43:04Z,run,2023-08-09T22:51:36Z,-8.05545842,-34.95378918,158,86.0
2023-08-09T22:43:04Z,run,2023-08-09T22:51:37Z,-8.05543643,-34.95377551,158,86.0
2023-08-09T22:43:04Z,run,2023-08-09T22:51:38Z,-8.05541476,-34.95376252,159,87.0
2023-08-09T22:43:04Z,run,2023-08-09T22:51:39Z,-8.05539511,-34.95374753,159,87.0
2023-08-09T22:43:04Z,run,2023-08-09T22:51:40Z,-8.05537977,-34.9537312,159,87.0
2023-08-09T22:43:04Z,run,2023-08-09T22:51:41Z,-8.05536778,-34.95371253,158,87.0
2023-08-09T22:43:04Z,run,2023-08-09T22:51:42Z,-8.05535713,-34.95369587,159,87.0
2023-08-09T22:43:04Z,run,2023-08-09T22:51:43Z,-8.05534147,-34.95368321,159,87.0
2023-08-09T22:43:04Z,run,2023-08-09T22:51:44Z,-8.0553208,-34.95367221,160,87.0
2023-08-09T22:43:04Z,run,2023-08-09T22:51:45Z,-8.05529748,-34.95366021,160,87.0
2023-08-09T22:43:04Z,run,2023-08-09T22:51:46Z,-8.05527116,-34.95364655,160,87.0
2023-08-09T22:43:04Z,run,2023-08-09T22:51:47Z,-8.05524782,-34.95363255,159,87.0
2023-08-09T22:43:04Z,run,2023-08-09T22:51:48Z,-8.05522816,-34.95361689,159,86.0
2023-08-09T22:43:04Z,run,2023-08-09T22:51:49Z,-8.0552115,-34.9535989,159,87.0
2023-08-09T22:43:04Z,run,2023-08-09T22:51:50Z,-8.05519617,-34.9535799,159,87.0
2023-08-09T22:43:04Z,run,2023-08-09T22:51:51Z,-8.05518384,-34.95355991,159,87.0
2023-08-09T22:43:04Z,run,2023-08-09T22:51:52Z,-8.05517385,-34.95353992,159,87.0
2023-08-09T22:43:04Z,run,2023-08-09T22:51:53Z,-8.05516652,-34.95351726,159,87.0
2023-08-09T22:43:04Z,run,2023-08-09T22:51:54Z,-8.0551602,-34.95349593,159,87.0
2023-08-09T22:43:04Z,run,2023-08-09T22:51:55Z,-8.05515386,-34.95347193,159,87.0
2023-08-09T22:43:04Z,run,2023-08-09T22:51:56Z,-8.05514887,-34.9534486,159,87.0
2023-08-09T22:43:04Z,run,2023-08-09T22:51:57Z,-8.05514554,-34.9534236,159,87.0
2023-08-09T22:43:04Z,run,2023-08-09T22:51:58Z,-8.05514188,-34.95339528,159,87.0
2023-08-09T22:43:04Z,run,2023-08-09T22:51:59Z,-8.05513823,-34.95336862,160,87.0
2023-08-09T22:43:04Z,run,2023-08-09T22:52:00Z,-8.05513423,-34.95334263,160,87.0
2023-08-09T22:43:04Z,run,2023-08-09T22:52:01Z,-8.05513023,-34.95331897,160,87.0
2023-08-09T22:43:04Z,run,2023-08-09T22:52:02Z,-8.05512524,-34.95329397,160,87.0
2023-08-09T22:43:04Z,run,2023-08-09T22:52:03Z,-8.05512124,-34.95327163,159,87.0
2023-08-09T22:43:04Z,run,2023-08-09T22:52:04Z,-8.05511758,-34.95324831,159,87.0
2023-08-09T22:43:04Z,run,2023-08-09T22:52:05Z,-8.05511425,-34.95322398,157,86.0
2023-08-09T22:43:04Z,run,2023-08-09T22:52:06Z,-8.05511226,-34.95319965,157,86.0
2023-08-09T22:43:04Z,run,2023-08-09T22:52:07Z,-8.05511159,-34.95317532,157,86.0
2023-08-09T22:43:04Z,run,2023-08-09T22:52:08Z,-8.05511159,-34.95315099,157,86.0
2023-08-09T22:43:04Z,run,2023-08-09T22:52:09Z,-8.05511226,-34.95312633,157,86.0
2023-08-09T22:43:04Z,run,2023-08-09T22:52:10Z,-8.05511325,-34.95310367,158,86.0
2023-08-09T22:43:04Z,run,2023-08-09T22:52:11Z,-8.05511424,-34.95308201,158,86.0
2023-08-09T22:43:04Z,run,2023-08-09T22:52:12Z,-8.05511556,-34.95305868,158,86.0
2023-08-09T22:43:04Z,run,2023-08-09T22:52:13Z,-8.05511723,-34.95303202,158,87.0
2023-08-09T22:43:04Z,run,2023-08-09T22:52:14Z,-8.05511755,-34.95300668,158,87.0
2023-08-09T22:43:04Z,run,2023-08-09T22:52:15Z,-8.05511788,-34.95298168,158,87.0
2023-08-09T22:43:04Z,run,2023-08-09T22:52:16Z,-8.05511855,-34.95295668,158,87.0
2023-08-09T22:43:04Z,run,2023-08-09T22:52:17Z,-8.05511855,-34.95293203,158,87.0
2023-08-09T22:43:04Z,run,2023-08-09T22:52:18Z,-8.05511887,-34.95290703,158,87.0
2023-08-09T22:43:04Z,run,2023-08-09T22:52:19Z,-8.05511987,-34.95288303,158,87.0
2023-08-09T22:43:04Z,run,2023-08-09T22:52:20Z,-8.05512153,-34.95285836,158,87.0
2023-08-09T22:43:04Z,run,2023-08-09T22:52:21Z,-8.0551242,-34.95283337,160,87.0
2023-08-09T22:43:04Z,run,2023-08-09T22:52:22Z,-8.05512685,-34.9528087,161,87.0
2023-08-09T22:43:04Z,run,2023-08-09T22:52:23Z,-8.05512984,-34.95278404,161,87.0
2023-08-09T22:43:04Z,run,2023-08-09T22:52:24Z,-8.05513483,-34.95276071,161,87.0
2023-08-09T22:43:04Z,run,2023-08-09T22:52:25Z,-8.05513982,-34.95273671,161,88.0
2023-08-09T22:43:04Z,run,2023-08-09T22:52:26Z,-8.05514549,-34.95271306,161,88.0
2023-08-09T22:43:04Z,run,2023-08-09T22:52:27Z,-8.05515082,-34.95268939,161,88.0
2023-08-09T22:43:04Z,run,2023-08-09T22:52:28Z,-8.05515482,-34.9526654,160,88.0
2023-08-09T22:43:04Z,run,2023-08-09T22:52:29Z,-8.05515815,-34.9526404,160,87.0
2023-08-09T22:43:04Z,run,2023-08-09T22:52:30Z,-8.0551608,-34.9526154,160,87.0
2023-08-09T22:43:04Z,run,2023-08-09T22:52:31Z,-8.05516379,-34.9525904,160,87.0
2023-08-09T22:43:04Z,run,2023-08-09T22:52:32Z,-8.05516745,-34.95256608,160,87.0
2023-08-09T22:43:04Z,run,2023-08-09T22:52:33Z,-8.05517111,-34.95254208,160,87.0
2023-08-09T22:43:04Z,run,2023-08-09T22:52:34Z,-8.05517511,-34.95251741,159,87.0
2023-08-09T22:43:04Z,run,2023-08-09T22:52:35Z,-8.05517776,-34.95249309,159,87.0
2023-08-09T22:43:04Z,run,2023-08-09T22:52:36Z,-8.05518009,-34.95246809,159,87.0
2023-08-09T22:43:04Z,run,2023-08-09T22:52:37Z,-8.05518175,-34.95244342,159,87.0
2023-08-09T22:43:04Z,run,2023-08-09T22:52:38Z,-8.05518274,-34.95241842,159,87.0
2023-08-09T22:43:04Z,run,2023-08-09T22:52:39Z,-8.05518408,-34.95239409,159,87.0
2023-08-09T22:43:04Z,run,2023-08-09T22:52:40Z,-8.05518608,-34.95236843,159,87.0
2023-08-09T22:43:04Z,run,2023-08-09T22:52:41Z,-8.05518773,-34.95234311,160,87.0
2023-08-09T22:43:04Z,run,2023-08-09T22:52:42Z,-8.05519006,-34.95231845,160,88.0
2023-08-09T22:43:04Z,run,2023-08-09T22:52:43Z,-8.05519339,-34.95229579,160,87.0
2023-08-09T22:43:04Z,run,2023-08-09T22:52:44Z,-8.05519772,-34.95227113,160,87.0
2023-08-09T22:43:04Z,run,2023-08-09T22:52:45Z,-8.05520271,-34.95224879,160,87.0
2023-08-09T22:43:04Z,run,2023-08-09T22:52:46Z,-8.0552107,-34.95222379,160,87.0
2023-08-09T22:43:04Z,run,2023-08-09T22:52:47Z,-8.0552197,-34.95220146,160,87.0
2023-08-09T22:43:04Z,run,2023-08-09T22:52:48Z,-8.05523003,-34.9521778,159,87.0
2023-08-09T22:43:04Z,run,2023-08-09T22:52:49Z,-8.05523836,-34.95215414,159,87.0
2023-08-09T22:43:04Z,run,2023-08-09T22:52:50Z,-8.05524536,-34.95212981,160,87.0
2023-08-09T22:43:04Z,run,2023-08-09T22:52:51Z,-8.05525236,-34.95210648,160,87.0
2023-08-09T22:43:04Z,run,2023-08-09T22:52:52Z,-8.05525868,-34.95208516,160,87.0
2023-08-09T22:43:04Z,run,2023-08-09T22:52:53Z,-8.05526402,-34.95206149,160,87.0
2023-08-09T22:43:04Z,run,2023-08-09T22:52:54Z,-8.05526734,-34.95203949,160,87.0
2023-08-09T22:43:04Z,run,2023-08-09T22:52:55Z,-8.05526867,-34.95201683,161,86.0
2023-08-09T22:43:04Z,run,2023-08-09T22:52:56Z,-8.05526701,-34.95199751,163,86.0
2023-08-09T22:43:04Z,run,2023-08-09T22:52:57Z,-8.05526202,-34.95197684,163,86.0
2023-08-09T22:43:04Z,run,2023-08-09T22:52:58Z,-8.05525568,-34.95195319,163,86.0
2023-08-09T22:43:04Z,run,2023-08-09T22:52:59Z,-8.05525168,-34.95192986,163,86.0
2023-08-09T22:43:04Z,run,2023-08-09T22:53:00Z,-8.05525036,-34.95190686,163,87.0
2023-08-09T22:43:04Z,run,2023-08-09T22:53:01Z,-8.05525069,-34.95188487,163,86.0
2023-08-09T22:43:04Z,run,2023-08-09T22:53:02Z,-8.05525168,-34.95185887,162,86.0
2023-08-09T22:43:04Z,run,2023-08-09T22:53:03Z,-8.05525268,-34.95183387,162,86.0
2023-08-09T22:43:04Z,run,2023-08-09T22:53:04Z,-8.05525434,-34.95180955,162,86.0
2023-08-09T22:43:04Z,run,2023-08-09T22:53:05Z,-8.05525634,-34.95178555,161,86.0
2023-08-09T22:43:04Z,run,2023-08-09T22:53:06Z,-8.055259,-34.95176088,161,87.0
2023-08-09T22:43:04Z,run,2023-08-09T22:53:07Z,-8.05526266,-34.95173656,161,87.0
2023-08-09T22:43:04Z,run,2023-08-09T22:53:08Z,-8.05526666,-34.95171124,161,88.0
2023-08-09T22:43:04Z,run,2023-08-09T22:53:09Z,-8.05526999,-34.95168657,161,87.0
2023-08-09T22:43:04Z,run,2023-08-09T22:53:10Z,-8.05527199,-34.9516619,161,87.0
2023-08-09T22:43:04Z,run,2023-08-09T22:53:11Z,-8.05527399,-34.95163791,161,87.0
2023-08-09T22:43:04Z,run,2023-08-09T22:53:12Z,-8.05527531,-34.95161492,163,87.0
2023-08-09T22:43:04Z,run,2023-08-09T22:53:13Z,-8.05527697,-34.95159126,162,86.0
2023-08-09T22:43:04Z,run,2023-08-09T22:53:14Z,-8.05527996,-34.95156827,162,86.0
2023-08-09T22:43:04Z,run,2023-08-09T22:53:15Z,-8.05528429,-34.95154461,162,86.0
2023-08-09T22:43:04Z,run,2023-08-09T22:53:16Z,-8.05528828,-34.95152061,162,86.0
2023-08-09T22:43:04Z,run,2023-08-09T22:53:17Z,-8.05529261,-34.95149729,162,86.0
2023-08-09T22:43:04Z,run,2023-08-09T22:53:18Z,-8.05529727,-34.95147463,161,87.0
2023-08-09T22:43:04Z,run,2023-08-09T22:53:19Z,-8.05530127,-34.95145096,161,87.0
2023-08-09T22:43:04Z,run,2023-08-09T22:53:20Z,-8.05530393,-34.95142764,161,87.0
2023-08-09T22:43:04Z,run,2023-08-09T22:53:21Z,-8.05530593,-34.95140297,161,87.0
2023-08-09T22:43:04Z,run,2023-08-09T22:53:22Z,-8.05530725,-34.95137898,161,87.0
2023-08-09T22:43:04Z,run,2023-08-09T22:53:23Z,-8.05531025,-34.95135565,160,87.0
2023-08-09T22:43:04Z,run,2023-08-09T22:53:24Z,-8.05531491,-34.95133332,160,87.0
2023-08-09T22:43:04Z,run,2023-08-09T22:53:25Z,-8.05532157,-34.95131133,160,87.0
2023-08-09T22:43:04Z,run,2023-08-09T22:53:26Z,-8.0553269,-34.95128899,160,87.0
2023-08-09T22:43:04Z,run,2023-08-09T22:53:27Z,-8.05533156,-34.95126499,160,87.0
2023-08-09T22:43:04Z,run,2023-08-09T22:53:28Z,-8.05533689,-34.95124067,160,87.0
2023-08-09T22:43:04Z,run,2023-08-09T22:53:29Z,-8.05534022,-34.95121467,159,87.0
2023-08-09T22:43:04Z,run,2023-08-09T22:53:30Z,-8.05534154,-34.95118935,158,87.0
2023-08-09T22:43:04Z,run,2023-08-09T22:53:31Z,-8.05534387,-34.95116269,158,87.0
2023-08-09T22:43:04Z,run,2023-08-09T22:53:32Z,-8.05534519,-34.95113703,158,87.0
2023-08-09T22:43:04Z,run,2023-08-09T22:53:33Z,-8.05534651,-34.95111171,158,87.0
2023-08-09T22:43:04Z,run,2023-08-09T22:53:34Z,-8.05534751,-34.95108704,158,87.0
2023-08-09T22:43:04Z,run,2023-08-09T22:53:35Z,-8.05534818,-34.95106105,158,87.0
2023-08-09T22:43:04Z,run,2023-08-09T22:53:36Z,-8.05534917,-34.9510354,159,87.0
2023-08-09T22:43:04Z,run,2023-08-09T22:53:37Z,-8.05535049,-34.9510094,159,87.0
2023-08-09T22:43:04Z,run,2023-08-09T22:53:38Z,-8.05535082,-34.95098541,159,87.0
2023-08-09T22:43:04Z,run,2023-08-09T22:53:39Z,-8.05535214,-34.95095942,159,87.0
2023-08-09T22:43:04Z,run,2023-08-09T22:53:40Z,-8.05535281,-34.95093508,159,87.0
2023-08-09T22:43:04Z,run,2023-08-09T22:53:41Z,-8.05535281,-34.95091008,159,87.0
2023-08-09T22:43:04Z,run,2023-08-09T22:53:42Z,-8.05535413,-34.95088609,160,87.0
2023-08-09T22:43:04Z,run,2023-08-09T22:53:43Z,-8.05535746,-34.95086143,160,87.0
2023-08-09T22:43:04Z,run,2023-08-09T22:53:44Z,-8.05536146,-34.95083676,160,87.0
2023-08-09T22:43:04Z,run,2023-08-09T22:53:45Z,-8.0553658,-34.95081209,160,87.0
2023-08-09T22:43:04Z,run,2023-08-09T22:53:46Z,-8.05536979,-34.95078777,160,87.0
2023-08-09T22:43:04Z,run,2023-08-09T22:53:47Z,-8.05537345,-34.9507661,160,86.0
2023-08-09T22:43:04Z,run,2023-08-09T22:53:48Z,-8.05537711,-34.9507421,160,86.0
2023-08-09T22:43:04Z,run,2023-08-09T22:53:49Z,-8.05537943,-34.95071778,161,87.0
2023-08-09T22:43:04Z,run,2023-08-09T22:53:50Z,-8.05538176,-34.95069445,161,88.0
2023-08-09T22:43:04Z,run,2023-08-09T22:53:51Z,-8.05538376,-34.95067046,161,87.0
2023-08-09T22:43:04Z,run,2023-08-09T22:53:52Z,-8.05538675,-34.95064612,161,87.0
2023-08-09T22:43:04Z,run,2023-08-09T22:53:53Z,-8.05538975,-34.95062213,161,87.0
2023-08-09T22:43:04Z,run,2023-08-09T22:53:54Z,-8.05539308,-34.95059847,160,87.0
2023-08-09T22:43:04Z,run,2023-08-09T22:53:55Z,-8.0553964,-34.95057214,160,87.0
2023-08-09T22:43:04Z,run,2023-08-09T22:53:56Z,-8.0553994,-34.95054615,161,87.0
2023-08-09T22:43:04Z,run,2023-08-09T22:53:57Z,-8.05540239,-34.9505205,161,87.0
2023-08-09T22:43:04Z,run,2023-08-09T22:53:58Z,-8.05540405,-34.95049716,161,87.0
2023-08-09T22:43:04Z,run,2023-08-09T22:53:59Z,-8.05540472,-34.95047184,160,87.0
2023-08-09T22:43:04Z,run,2023-08-09T22:54:00Z,-8.05540472,-34.95044752,160,87.0
2023-08-09T22:43:04Z,run,2023-08-09T22:54:01Z,-8.05540405,-34.95042518,160,87.0
2023-08-09T22:43:04Z,run,2023-08-09T22:54:02Z,-8.05540472,-34.95040285,160,88.0
2023-08-09T22:43:04Z,run,2023-08-09T22:54:03Z,-8.05540373,-34.95037885,160,88.0
2023-08-09T22:43:04Z,run,2023-08-09T22:54:04Z,-8.05540073,-34.95035453,160,88.0
2023-08-09T22:43:04Z,run,2023-08-09T22:54:05Z,-8.05539607,-34.95033053,160,87.0
2023-08-09T22:43:04Z,run,2023-08-09T22:54:06Z,-8.05539007,-34.95030687,160,87.0
2023-08-09T22:43:04Z,run,2023-08-09T22:54:07Z,-8.05538341,-34.9502832,160,87.0
2023-08-09T22:43:04Z,run,2023-08-09T22:54:08Z,-8.05537542,-34.95026055,160,87.0
2023-08-09T22:43:04Z,run,2023-08-09T22:54:09Z,-8.05536542,-34.95024022,159,87.0
2023-08-09T22:43:04Z,run,2023-08-09T22:54:10Z,-8.05535377,-34.95022023,160,88.0
2023-08-09T22:43:04Z,run,2023-08-09T22:54:11Z,-8.05534143,-34.9502009,160,88.0
2023-08-09T22:43:04Z,run,2023-08-09T22:54:12Z,-8.05532944,-34.95018024,161,87.0
2023-08-09T22:43:04Z,run,2023-08-09T22:54:13Z,-8.05531911,-34.95015924,161,87.0
2023-08-09T22:43:04Z,run,2023-08-09T22:54:14Z,-8.05530879,-34.95013758,160,87.0
2023-08-09T22:43:04Z,run,2023-08-09T22:54:15Z,-8.05529979,-34.95011525,160,86.0
2023-08-09T22:43:04Z,run,2023-08-09T22:54:16Z,-8.05529279,-34.95009292,160,86.0
2023-08-09T22:43:04Z,run,2023-08-09T22:54:17Z,-8.05528579,-34.95006992,160,86.0
2023-08-09T22:43:04Z,run,2023-08-09T22:54:18Z,-8.05527713,-34.95004926,160,86.0
2023-08-09T22:43:04Z,run,2023-08-09T22:54:19Z,-8.05526647,-34.9500306,159,86.0
2023-08-09T22:43:04Z,run,2023-08-09T22:54:20Z,-8.05525214,-34.95001794,159,86.0
2023-08-09T22:43:04Z,run,2023-08-09T22:54:21Z,-8.05523382,-34.95000595,159,86.0
2023-08-09T22:43:04Z,run,2023-08-09T22:54:22Z,-8.05521282,-34.94999696,159,87.0
2023-08-09T22:43:04Z,run,2023-08-09T22:54:23Z,-8.05519315,-34.94998796,159,87.0
2023-08-09T22:43:04Z,run,2023-08-09T22:54:24Z,-8.05517283,-34.94997764,160,87.0
2023-08-09T22:43:04Z,run,2023-08-09T22:54:25Z,-8.05515217,-34.9499663,160,87.0
2023-08-09T22:43:04Z,run,2023-08-09T22:54:26Z,-8.05513218,-34.94995364,161,86.0
2023-08-09T22:43:04Z,run,2023-08-09T22:54:27Z,-8.05511218,-34.94993997,161,87.0
2023-08-09T22:43:04Z,run,2023-08-09T22:54:28Z,-8.05509286,-34.9499263,161,87.0
2023-08-09T22:43:04Z,run,2023-08-09T22:54:29Z,-8.05507153,-34.94991165,161,87.0
2023-08-09T22:43:04Z,run,2023-08-09T22:54:30Z,-8.0550502,-34.94989666,161,87.0
2023-08-09T22:43:04Z,run,2023-08-09T22:54:31Z,-8.0550292,-34.94988233,161,87.0
2023-08-09T22:43:04Z,run,2023-08-09T22:54:32Z,-8.05500988,-34.94987068,161,87.0
2023-08-09T22:43:04Z,run,2023-08-09T22:54:33Z,-8.05498954,-34.94985901,161,87.0
2023-08-09T22:43:04Z,run,2023-08-09T22:54:34Z,-8.05496888,-34.94984735,160,87.0
2023-08-09T22:43:04Z,run,2023-08-09T22:54:35Z,-8.05494722,-34.94983503,160,87.0
2023-08-09T22:43:04Z,run,2023-08-09T22:54:36Z,-8.05492555,-34.94982337,160,88.0
2023-08-09T22:43:04Z,run,2023-08-09T22:54:37Z,-8.05490523,-34.94981237,160,88.0
2023-08-09T22:43:04Z,run,2023-08-09T22:54:38Z,-8.05488491,-34.94980137,160,88.0
2023-08-09T22:43:04Z,run,2023-08-09T22:54:39Z,-8.05486292,-34.94978938,160,88.0
2023-08-09T22:43:04Z,run,2023-08-09T22:54:40Z,-8.05484125,-34.94977705,160,88.0
2023-08-09T22:43:04Z,run,2023-08-09T22:54:41Z,-8.05481926,-34.94976439,160,88.0
2023-08-09T22:43:04Z,run,2023-08-09T22:54:42Z,-8.05479926,-34.9497524,160,88.0
2023-08-09T22:43:04Z,run,2023-08-09T22:54:43Z,-8.0547796,-34.94973974,161,88.0
2023-08-09T22:43:04Z,run,2023-08-09T22:54:44Z,-8.05475994,-34.94972708,160,87.0
2023-08-09T22:43:04Z,run,2023-08-09T22:54:45Z,-8.05473961,-34.94971508,160,88.0
2023-08-09T22:43:04Z,run,2023-08-09T22:54:46Z,-8.05471728,-34.94970176,160,87.0
2023-08-09T22:43:04Z,run,2023-08-09T22:54:47Z,-8.05469361,-34.94969042,160,87.0
2023-08-09T22:43:04Z,run,2023-08-09T22:54:48Z,-8.05467096,-34.94967976,160,88.0
2023-08-09T22:43:04Z,run,2023-08-09T22:54:49Z,-8.05464697,-34.94966942,160,87.0
2023-08-09T22:43:04Z,run,2023-08-09T22:54:50Z,-8.05461997,-34.94965743,160,87.0
2023-08-09T22:43:04Z,run,2023-08-09T22:54:51Z,-8.05459598,-34.94964844,160,87.0
2023-08-09T22:43:04Z,run,2023-08-09T22:54:52Z,-8.05457264,-34.94964011,159,87.0
2023-08-09T22:43:04Z,run,2023-08-09T22:54:53Z,-8.05455099,-34.94962911,159,87.0
2023-08-09T22:43:04Z,run,2023-08-09T22:54:54Z,-8.05452866,-34.94961745,159,87.0
2023-08-09T22:43:04Z,run,2023-08-09T22:54:55Z,-8.05450566,-34.94960512,160,87.0
2023-08-09T22:43:04Z,run,2023-08-09T22:54:56Z,-8.05448034,-34.94959246,161,87.0
2023-08-09T22:43:04Z,run,2023-08-09T22:54:57Z,-8.05445434,-34.9495798,162,87.0
2023-08-09T22:43:04Z,run,2023-08-09T22:54:58Z,-8.05443001,-34.94956714,161,87.0
2023-08-09T22:43:04Z,run,2023-08-09T22:54:59Z,-8.05440635,-34.94955548,160,87.0
2023-08-09T22:43:04Z,run,2023-08-09T22:55:00Z,-8.05438302,-34.94954348,160,87.0
2023-08-09T22:43:04Z,run,2023-08-09T22:55:01Z,-8.05435969,-34.94953116,160,87.0
2023-08-09T22:43:04Z,run,2023-08-09T22:55:02Z,-8.05433736,-34.94951783,160,88.0
2023-08-09T22:43:04Z,run,2023-08-09T22:55:03Z,-8.05431636,-34.94950383,160,87.0
2023-08-09T22:43:04Z,run,2023-08-09T22:55:04Z,-8.05429503,-34.9494905,160,87.0
2023-08-09T22:43:04Z,run,2023-08-09T22:55:05Z,-8.05427437,-34.94947717,160,87.0
2023-08-09T22:43:04Z,run,2023-08-09T22:55:06Z,-8.05425371,-34.9494645,160,87.0
2023-08-09T22:43:04Z,run,2023-08-09T22:55:07Z,-8.05423438,-34.94945151,160,87.0
2023-08-09T22:43:04Z,run,2023-08-09T22:55:08Z,-8.05421439,-34.94943918,161,87.0
2023-08-09T22:43:04Z,run,2023-08-09T22:55:09Z,-8.05419306,-34.94942686,162,86.0
2023-08-09T22:43:04Z,run,2023-08-09T22:55:10Z,-8.05417207,-34.94941487,163,86.0
2023-08-09T22:43:04Z,run,2023-08-09T22:55:11Z,-8.0541484,-34.9494032,164,86.0
2023-08-09T22:43:04Z,run,2023-08-09T22:55:12Z,-8.05412373,-34.94939288,164,86.0
2023-08-09T22:43:04Z,run,2023-08-09T22:55:13Z,-8.05409773,-34.94938321,163,86.0
2023-08-09T22:43:04Z,run,2023-08-09T22:55:14Z,-8.05407241,-34.94937355,162,86.0
2023-08-09T22:43:04Z,run,2023-08-09T22:55:15Z,-8.05404709,-34.94936255,162,86.0
2023-08-09T22:43:04Z,run,2023-08-09T22:55:16Z,-8.05402443,-34.9493509,161,86.0
2023-08-09T22:43:04Z,run,2023-08-09T22:55:17Z,-8.05400343,-34.94933756,161,86.0
2023-08-09T22:43:04Z,run,2023-08-09T22:55:18Z,-8.0539821,-34.94932423,161,86.0
2023-08-09T22:43:04Z,run,2023-08-09T22:55:19Z,-8.05396044,-34.94931124,162,87.0
2023-08-09T22:43:04Z,run,2023-08-09T22:55:20Z,-8.05393944,-34.94929824,163,87.0
2023-08-09T22:43:04Z,run,2023-08-09T22:55:21Z,-8.05391878,-34.94928592,164,86.0
2023-08-09T22:43:04Z,run,2023-08-09T22:55:22Z,-8.05389745,-34.94927358,164,86.0
2023-08-09T22:43:04Z,run,2023-08-09T22:55:23Z,-8.05387546,-34.94926093,164,86.0
2023-08-09T22:43:04Z,run,2023-08-09T22:55:24Z,-8.05385347,-34.94924927,164,86.0
2023-08-09T22:43:04Z,run,2023-08-09T22:55:25Z,-8.05383081,-34.94923761,164,86.0
2023-08-09T22:43:04Z,run,2023-08-09T22:55:26Z,-8.05380715,-34.94922428,165,86.0
2023-08-09T22:43:04Z,run,2023-08-09T22:55:27Z,-8.05378615,-34.94921296,165,87.0
2023-08-09T22:43:04Z,run,2023-08-09T22:55:28Z,-8.05376549,-34.94920162,164,87.0
2023-08-09T22:43:04Z,run,2023-08-09T22:55:29Z,-8.05374616,-34.94918929,164,87.0
2023-08-09T22:43:04Z,run,2023-08-09T22:55:30Z,-8.05372782,-34.9491763,164,87.0
2023-08-09T22:43:04Z,run,2023-08-09T22:55:31Z,-8.05370883,-34.94916397,164,88.0
2023-08-09T22:43:04Z,run,2023-08-09T22:55:32Z,-8.05368918,-34.94915231,164,88.0
2023-08-09T22:43:04Z,run,2023-08-09T22:55:33Z,-8.05366852,-34.94914065,164,88.0
2023-08-09T22:43:04Z,run,2023-08-09T22:55:34Z,-8.05364786,-34.949129,164,88.0
2023-08-09T22:43:04Z,run,2023-08-09T22:55:35Z,-8.05362786,-34.949118,164,88.0
2023-08-09T22:43:04Z,run,2023-08-09T22:55:36Z,-8.05360654,-34.94910666,164,88.0
2023-08-09T22:43:04Z,run,2023-08-09T22:55:37Z,-8.05358587,-34.94909534,164,88.0
2023-08-09T22:43:04Z,run,2023-08-09T22:55:38Z,-8.05356422,-34.94908368,164,87.0
2023-08-09T22:43:04Z,run,2023-08-09T22:55:39Z,-8.05354256,-34.94907268,164,88.0
2023-08-09T22:43:04Z,run,2023-08-09T22:55:40Z,-8.05352123,-34.94906168,164,88.0
2023-08-09T22:43:04Z,run,2023-08-09T22:55:41Z,-8.05349824,-34.94905003,165,88.0
2023-08-09T22:43:04Z,run,2023-08-09T22:55:42Z,-8.05347657,-34.94903936,165,88.0
2023-08-09T22:43:04Z,run,2023-08-09T22:55:43Z,-8.05345591,-34.9490277,165,88.0
2023-08-09T22:43:04Z,run,2023-08-09T22:55:44Z,-8.05343692,-34.94901404,165,87.0
2023-08-09T22:43:04Z,run,2023-08-09T22:55:45Z,-8.05342059,-34.94899871,164,87.0
2023-08-09T22:43:04Z,run,2023-08-09T22:55:46Z,-8.05340627,-34.94898105,164,87.0
2023-08-09T22:43:04Z,run,2023-08-09T22:55:47Z,-8.05339227,-34.94896438,164,86.0
2023-08-09T22:43:04Z,run,2023-08-09T22:55:48Z,-8.05337827,-34.94894839,164,87.0
2023-08-09T22:43:04Z,run,2023-08-09T22:55:49Z,-8.0533636,-34.94893373,164,87.0
2023-08-09T22:43:04Z,run,2023-08-09T22:55:49Z,-8.05334761,-34.94892007,164,87.0
2023-08-09T22:43:04Z,run,2023-08-09T22:55:50Z,-8.05333094,-34.9489074,163,87.0
2023-08-09T22:43:04Z,run,2023-08-09T22:55:51Z,-8.05331395,-34.94889741,163,88.0
2023-08-09T22:43:04Z,run,2023-08-09T22:55:52Z,-8.05329662,-34.94889142,163,88.0
2023-08-09T22:43:04Z,run,2023-08-09T22:55:53Z,-8.05327929,-34.94888809,163,88.0
2023-08-09T22:43:04Z,run,2023-08-09T22:55:54Z,-8.05326162,-34.94888841,163,88.0
2023-08-09T22:43:04Z,run,2023-08-09T22:55:55Z,-8.05324196,-34.94888609,163,87.0
2023-08-09T22:43:04Z,run,2023-08-09T22:55:56Z,-8.05322096,-34.94888209,163,88.0
2023-08-09T22:43:04Z,run,2023-08-09T22:55:57Z,-8.05319963,-34.9488751,163,88.0
2023-08-09T22:43:04Z,run,2023-08-09T22:55:58Z,-8.0531773,-34.94886576,164,88.0
2023-08-09T22:43:04Z,run,2023-08-09T22:55:59Z,-8.05315464,-34.94885577,165,88.0
2023-08-09T22:43:04Z,run,2023-08-09T22:56:00Z,-8.05313231,-34.94884412,165,88.0
2023-08-09T22:43:04Z,run,2023-08-09T22:56:01Z,-8.05310932,-34.94883145,165,88.0
2023-08-09T22:43:04Z,run,2023-08-09T22:56:02Z,-8.05308666,-34.94881846,164,88.0
2023-08-09T22:43:04Z,run,2023-08-09T22:56:03Z,-8.05306499,-34.94880546,164,88.0
2023-08-09T22:43:04Z,run,2023-08-09T22:56:04Z,-8.05304266,-34.94879347,164,88.0
2023-08-09T22:43:04Z,run,2023-08-09T22:56:05Z,-8.05301934,-34.9487808,164,88.0
2023-08-09T22:43:04Z,run,2023-08-09T22:56:06Z,-8.05299567,-34.94876915,164,88.0
2023-08-09T22:43:04Z,run,2023-08-09T22:56:07Z,-8.05297235,-34.94875915,164,88.0
2023-08-09T22:43:04Z,run,2023-08-09T22:56:08Z,-8.05295036,-34.94874982,164,88.0
2023-08-09T22:43:04Z,run,2023-08-09T22:56:09Z,-8.05292836,-34.9487395,164,88.0
2023-08-09T22:43:04Z,run,2023-08-09T22:56:10Z,-8.0529067,-34.94872817,164,88.0
2023-08-09T22:43:04Z,run,2023-08-09T22:56:11Z,-8.05288604,-34.94871684,166,88.0
2023-08-09T22:43:04Z,run,2023-08-09T22:56:12Z,-8.05286538,-34.94870551,166,88.0
2023-08-09T22:43:04Z,run,2023-08-09T22:56:13Z,-8.05284504,-34.94869352,166,88.0
2023-08-09T22:43:04Z,run,2023-08-09T22:56:14Z,-8.05282439,-34.94868086,167,88.0
2023-08-09T22:43:04Z,run,2023-08-09T22:56:15Z,-8.05280405,-34.94866753,168,88.0
2023-08-09T22:43:04Z,run,2023-08-09T22:56:16Z,-8.05278305,-34.94865486,168,88.0
2023-08-09T22:43:04Z,run,2023-08-09T22:56:17Z,-8.0527614,-34.94864287,168,89.0
2023-08-09T22:43:04Z,run,2023-08-09T22:56:18Z,-8.05273973,-34.94863122,168,89.0
2023-08-09T22:43:04Z,run,2023-08-09T22:56:19Z,-8.05271841,-34.94861956,167,88.0
2023-08-09T22:43:04Z,run,2023-08-09T22:56:20Z,-8.05269775,-34.94860824,167,88.0
2023-08-09T22:43:04Z,run,2023-08-09T22:56:21Z,-8.05267743,-34.9485969,167,88.0
2023-08-09T22:43:04Z,run,2023-08-09T22:56:22Z,-8.05265876,-34.94858558,167,87.0
2023-08-09T22:43:04Z,run,2023-08-09T22:56:23Z,-8.0526401,-34.94857392,166,87.0
2023-08-09T22:43:04Z,run,2023-08-09T22:56:24Z,-8.05262144,-34.94856292,166,88.0
2023-08-09T22:43:04Z,run,2023-08-09T22:56:25Z,-8.05260211,-34.94855226,166,88.0
2023-08-09T22:43:04Z,run,2023-08-09T22:56:26Z,-8.05258246,-34.94854192,165,88.0
2023-08-09T22:43:04Z,run,2023-08-09T22:56:27Z,-8.05256246,-34.9485316,165,88.0
2023-08-09T22:43:04Z,run,2023-08-09T22:56:28Z,-8.05254146,-34.94852193,164,87.0
2023-08-09T22:43:04Z,run,2023-08-09T22:56:29Z,-8.05251913,-34.94851228,164,87.0
2023-08-09T22:43:04Z,run,2023-08-09T22:56:30Z,-8.05249714,-34.94850294,163,87.0
2023-08-09T22:43:04Z,run,2023-08-09T22:56:31Z,-8.05247481,-34.94849329,163,87.0
2023-08-09T22:43:04Z,run,2023-08-09T22:56:32Z,-8.05245181,-34.94848262,163,88.0
2023-08-09T22:43:04Z,run,2023-08-09T22:56:33Z,-8.05242849,-34.9484703,162,88.0
2023-08-09T22:43:04Z,run,2023-08-09T22:56:34Z,-8.05240515,-34.94845831,162,88.0
2023-08-09T22:43:04Z,run,2023-08-09T22:56:35Z,-8.05238382,-34.94844597,162,88.0
2023-08-09T22:43:04Z,run,2023-08-09T22:56:36Z,-8.05236316,-34.94843197,162,88.0
2023-08-09T22:43:04Z,run,2023-08-09T22:56:37Z,-8.05234184,-34.94841698,162,88.0
2023-08-09T22:43:04Z,run,2023-08-09T22:56:38Z,-8.05232118,-34.94840065,162,88.0
2023-08-09T22:43:04Z,run,2023-08-09T22:56:39Z,-8.05230285,-34.94838299,163,88.0
2023-08-09T22:43:04Z,run,2023-08-09T22:56:40Z,-8.05228686,-34.94836466,163,88.0
2023-08-09T22:43:04Z,run,2023-08-09T22:56:41Z,-8.05227253,-34.94834434,163,88.0
2023-08-09T22:43:04Z,run,2023-08-09T22:56:42Z,-8.05225919,-34.94832168,163,88.0
2023-08-09T22:43:04Z,run,2023-08-09T22:56:43Z,-8.0522482,-34.94829902,163,88.0
2023-08-09T22:43:04Z,run,2023-08-09T22:56:44Z,-8.05223954,-34.94827469,163,88.0
2023-08-09T22:43:04Z,run,2023-08-09T22:56:45Z,-8.05223387,-34.94824937,164,88.0
2023-08-09T22:43:04Z,run,2023-08-09T22:56:46Z,-8.05222988,-34.94822304,164,88.0
2023-08-09T22:43:04Z,run,2023-08-09T22:56:47Z,-8.05222788,-34.94819705,165,88.0
2023-08-09T22:43:04Z,run,2023-08-09T22:56:48Z,-8.05222721,-34.94817072,165,88.0
2023-08-09T22:43:04Z,run,2023-08-09T22:56:49Z,-8.05222656,-34.9481444,165,88.0
2023-08-09T22:43:04Z,run,2023-08-09T22:56:50Z,-8.05222721,-34.9481174,166,88.0
2023-08-09T22:43:04Z,run,2023-08-09T22:56:51Z,-8.05222921,-34.94809107,167,88.0
2023-08-09T22:43:04Z,run,2023-08-09T22:56:52Z,-8.05223187,-34.94806475,167,88.0
2023-08-09T22:43:04Z,run,2023-08-09T22:56:53Z,-8.0522352,-34.94803875,167,88.0
2023-08-09T22:43:04Z,run,2023-08-09T22:56:54Z,-8.05223787,-34.94801309,167,88.0
2023-08-09T22:43:04Z,run,2023-08-09T22:56:55Z,-8.05224219,-34.94798777,167,88.0
2023-08-09T22:43:04Z,run,2023-08-09T22:56:56Z,-8.05224518,-34.94796245,167,88.0
2023-08-09T22:43:04Z,run,2023-08-09T22:56:57Z,-8.05224752,-34.94793711,165,88.0
2023-08-09T22:43:04Z,run,2023-08-09T22:56:58Z,-8.05224884,-34.94791146,164,88.0
2023-08-09T22:43:04Z,run,2023-08-09T22:56:59Z,-8.05224983,-34.94788679,164,88.0
2023-08-09T22:43:04Z,run,2023-08-09T22:57:00Z,-8.05224783,-34.94786213,163,88.0
2023-08-09T22:43:04Z,run,2023-08-09T22:57:01Z,-8.05224284,-34.9478388,161,88.0
2023-08-09T22:43:04Z,run,2023-08-09T22:57:02Z,-8.05223418,-34.94781581,161,88.0
2023-08-09T22:43:04Z,run,2023-08-09T22:57:03Z,-8.05222518,-34.94779282,161,88.0
2023-08-09T22:43:04Z,run,2023-08-09T22:57:04Z,-8.05221618,-34.94776916,161,88.0
2023-08-09T22:43:04Z,run,2023-08-09T22:57:05Z,-8.05220718,-34.9477445,163,88.0
2023-08-09T22:43:04Z,run,2023-08-09T22:57:06Z,-8.05219986,-34.94771983,163,88.0
2023-08-09T22:43:04Z,run,2023-08-09T22:57:07Z,-8.05219286,-34.9476955,164,87.0
2023-08-09T22:43:04Z,run,2023-08-09T22:57:08Z,-8.0521862,-34.94767084,164,87.0
2023-08-09T22:43:04Z,run,2023-08-09T22:57:09Z,-8.05217887,-34.94764617,164,87.0
2023-08-09T22:43:04Z,run,2023-08-09T22:57:10Z,-8.05216821,-34.94762318,164,86.0
2023-08-09T22:43:04Z,run,2023-08-09T22:57:11Z,-8.05215588,-34.94760252,165,86.0
2023-08-09T22:43:04Z,run,2023-08-09T22:57:12Z,-8.05214089,-34.94758519,165,85.0
2023-08-09T22:43:04Z,run,2023-08-09T22:57:13Z,-8.05212457,-34.94757153,166,85.0
2023-08-09T22:43:04Z,run,2023-08-09T22:57:14Z,-8.05210657,-34.94756354,166,85.0
2023-08-09T22:43:04Z,run,2023-08-09T22:57:15Z,-8.05208758,-34.94756054,166,86.0
2023-08-09T22:43:04Z,run,2023-08-09T22:57:16Z,-8.05206825,-34.9475622,167,86.0
2023-08-09T22:43:04Z,run,2023-08-09T22:57:17Z,-8.05205092,-34.94756987,167,87.0
2023-08-09T22:43:04Z,run,2023-08-09T22:57:18Z,-8.0520366,-34.94758219,167,87.0
2023-08-09T22:43:04Z,run,2023-08-09T22:57:19Z,-8.05202461,-34.94759685,167,87.0
2023-08-09T22:43:04Z,run,2023-08-09T22:57:20Z,-8.05201561,-34.94761452,167,87.0
2023-08-09T22:43:04Z,run,2023-08-09T22:57:21Z,-8.05200894,-34.94763284,167,85.0
2023-08-09T22:43:04Z,run,2023-08-09T22:57:22Z,-8.05200395,-34.94765184,168,84.0
2023-08-09T22:43:04Z,run,2023-08-09T22:57:23Z,-8.05200062,-34.94767117,168,83.0
2023-08-09T22:43:04Z,run,2023-08-09T22:57:24Z,-8.05199829,-34.94769183,169,83.0
2023-08-09T22:43:04Z,run,2023-08-09T22:57:25Z,-8.05199863,-34.94771383,170,84.0
2023-08-09T22:43:04Z,run,2023-08-09T22:57:26Z,-8.05200028,-34.94773749,170,84.0
2023-08-09T22:43:04Z,run,2023-08-09T22:57:27Z,-8.05200194,-34.94776249,171,85.0
2023-08-09T22:43:04Z,run,2023-08-09T22:57:28Z,-8.05200294,-34.94778715,171,87.0
2023-08-09T22:43:04Z,run,2023-08-09T22:57:29Z,-8.05200327,-34.94781215,171,87.0
2023-08-09T22:43:04Z,run,2023-08-09T22:57:30Z,-8.05200393,-34.94783682,171,87.0
2023-08-09T22:43:04Z,run,2023-08-09T22:57:31Z,-8.05200493,-34.94786148,171,87.0
2023-08-09T22:43:04Z,run,2023-08-09T22:57:32Z,-8.05200959,-34.94788581,171,87.0
2023-08-09T22:43:04Z,run,2023-08-09T22:57:33Z,-8.05201359,-34.94791048,171,86.0
2023-08-09T22:43:04Z,run,2023-08-09T22:57:34Z,-8.05201624,-34.94793514,170,86.0
2023-08-09T22:43:04Z,run,2023-08-09T22:57:35Z,-8.05201591,-34.9479588,170,85.0
2023-08-09T22:43:04Z,run,2023-08-09T22:57:36Z,-8.05200992,-34.94797847,170,85.0
2023-08-09T22:43:04Z,run,2023-08-09T22:57:37Z,-8.05199759,-34.9479918,170,85.0
2023-08-09T22:43:04Z,run,2023-08-09T22:57:38Z,-8.05197992,-34.94799779,170,85.0
2023-08-09T22:43:04Z,run,2023-08-09T22:57:39Z,-8.0519616,-34.94799546,169,85.0
2023-08-09T22:43:04Z,run,2023-08-09T22:57:40Z,-8.05194094,-34.94798479,168,86.0
2023-08-09T22:43:04Z,run,2023-08-09T22:57:41Z,-8.05191994,-34.94796913,168,87.0
2023-08-09T22:43:04Z,run,2023-08-09T22:57:42Z,-8.05189827,-34.94795113,168,87.0
2023-08-09T22:43:04Z,run,2023-08-09T22:57:43Z,-8.05187762,-34.94793014,167,87.0
2023-08-09T22:43:04Z,run,2023-08-09T22:57:44Z,-8.05185795,-34.94790848,167,87.0
2023-08-09T22:43:04Z,run,2023-08-09T22:57:45Z,-8.05183896,-34.94788582,166,87.0
2023-08-09T22:43:04Z,run,2023-08-09T22:57:46Z,-8.05181929,-34.9478655,166,87.0
2023-08-09T22:43:04Z,run,2023-08-09T22:57:47Z,-8.05179996,-34.9478475,166,87.0
2023-08-09T22:43:04Z,run,2023-08-09T22:57:48Z,-8.05178097,-34.94783584,166,87.0
2023-08-09T22:43:04Z,run,2023-08-09T22:57:49Z,-8.05176065,-34.94782918,166,87.0
2023-08-09T22:43:04Z,run,2023-08-09T22:57:50Z,-8.05173832,-34.94782385,166,87.0
2023-08-09T22:43:04Z,run,2023-08-09T22:57:51Z,-8.05171433,-34.94782152,166,87.0
2023-08-09T22:43:04Z,run,2023-08-09T22:57:52Z,-8.05169,-34.94782019,169,87.0
2023-08-09T22:43:04Z,run,2023-08-09T22:57:53Z,-8.05166668,-34.94781486,170,87.0
2023-08-09T22:43:04Z,run,2023-08-09T22:57:54Z,-8.05164769,-34.94780753,171,87.0
2023-08-09T22:43:04Z,run,2023-08-09T22:57:55Z,-8.05162802,-34.94779887,171,87.0
2023-08-09T22:43:04Z,run,2023-08-09T22:57:56Z,-8.05160903,-34.94779054,171,87.0
2023-08-09T22:43:04Z,run,2023-08-09T22:57:57Z,-8.05158871,-34.94778621,171,87.0
2023-08-09T22:43:04Z,run,2023-08-09T22:57:58Z,-8.05156738,-34.94778188,171,88.0
2023-08-09T22:43:04Z,run,2023-08-09T22:57:59Z,-8.05154505,-34.94777655,170,89.0
2023-08-09T22:43:04Z,run,2023-08-09T22:58:00Z,-8.05152173,-34.94777455,170,88.0
2023-08-09T22:43:04Z,run,2023-08-09T22:58:01Z,-8.05149506,-34.94777322,169,88.0
2023-08-09T22:43:04Z,run,2023-08-09T22:58:02Z,-8.05146839,-34.9477719,168,88.0
2023-08-09T22:43:04Z,run,2023-08-09T22:58:03Z,-8.05144606,-34.94777057,168,88.0
2023-08-09T22:43:04Z,run,2023-08-09T22:58:04Z,-8.05142506,-34.94776658,168,88.0
2023-08-09T22:43:04Z,run,2023-08-09T22:58:05Z,-8.05140174,-34.94776359,168,88.0
2023-08-09T22:43:04Z,run,2023-08-09T22:58:06Z,-8.05137908,-34.94775992,168,89.0
2023-08-09T22:43:04Z,run,2023-08-09T22:58:07Z,-8.05135275,-34.94775526,167,88.0
2023-08-09T22:43:04Z,run,2023-08-09T22:58:08Z,-8.05132842,-34.94775126,167,88.0
2023-08-09T22:43:04Z,run,2023-08-09T22:58:09Z,-8.05130177,-34.94774461,167,88.0
2023-08-09T22:43:04Z,run,2023-08-09T22:58:10Z,-8.05127211,-34.94773828,167,88.0
2023-08-09T22:43:04Z,run,2023-08-09T22:58:11Z,-8.05124211,-34.94773263,167,87.0
2023-08-09T22:43:04Z,run,2023-08-09T22:58:12Z,-8.05121579,-34.94772863,167,88.0
2023-08-09T22:43:04Z,run,2023-08-09T22:58:13Z,-8.05119079,-34.94772564,167,88.0
2023-08-09T22:43:04Z,run,2023-08-09T22:58:14Z,-8.05116612,-34.9477233,168,88.0
2023-08-09T22:43:04Z,run,2023-08-09T22:58:15Z,-8.0511408,-34.94772198,168,88.0
2023-08-09T22:43:04Z,run,2023-08-09T22:58:16Z,-8.05111613,-34.94772065,168,89.0
2023-08-09T22:43:04Z,run,2023-08-09T22:58:17Z,-8.05109081,-34.94771832,168,88.0
2023-08-09T22:43:04Z,run,2023-08-09T22:58:18Z,-8.05106547,-34.94771699,169,88.0
2023-08-09T22:43:04Z,run,2023-08-09T22:58:19Z,-8.05104048,-34.94771667,169,88.0
2023-08-09T22:43:04Z,run,2023-08-09T22:58:20Z,-8.05101548,-34.94771699,169,88.0
2023-08-09T22:43:04Z,run,2023-08-09T22:58:21Z,-8.05099049,-34.94771699,169,88.0
2023-08-09T22:43:04Z,run,2023-08-09T22:58:22Z,-8.05096416,-34.94771567,168,88.0
2023-08-09T22:43:04Z,run,2023-08-09T22:58:23Z,-8.0509385,-34.94771333,168,88.0
2023-08-09T22:43:04Z,run,2023-08-09T22:58:24Z,-8.0509135,-34.947712,168,87.0
2023-08-09T22:43:04Z,run,2023-08-09T22:58:25Z,-8.05088951,-34.94771168,167,88.0
2023-08-09T22:43:04Z,run,2023-08-09T22:58:26Z,-8.05086419,-34.94771135,167,88.0
2023-08-09T22:43:04Z,run,2023-08-09T22:58:27Z,-8.0508402,-34.9477107,166,89.0
2023-08-09T22:43:04Z,run,2023-08-09T22:58:28Z,-8.05081853,-34.94771037,166,89.0
2023-08-09T22:43:04Z,run,2023-08-09T22:58:29Z,-8.05079454,-34.94770937,165,89.0
2023-08-09T22:43:04Z,run,2023-08-09T22:58:30Z,-8.05076922,-34.94770805,165,88.0
2023-08-09T22:43:04Z,run,2023-08-09T22:58:31Z,-8.05074455,-34.94770538,165,89.0
2023-08-09T22:43:04Z,run,2023-08-09T22:58:32Z,-8.05072056,-34.94770206,164,89.0
2023-08-09T22:43:04Z,run,2023-08-09T22:58:33Z,-8.05069657,-34.94769907,164,89.0
2023-08-09T22:43:04Z,run,2023-08-09T22:58:34Z,-8.05067424,-34.9476964,164,89.0
2023-08-09T22:43:04Z,run,2023-08-09T22:58:35Z,-8.05065124,-34.94769174,164,89.0
2023-08-09T22:43:04Z,run,2023-08-09T22:58:36Z,-8.05062657,-34.94768707,165,89.0
2023-08-09T22:43:04Z,run,2023-08-09T22:58:37Z,-8.05060125,-34.94768308,165,88.0
2023-08-09T22:43:04Z,run,2023-08-09T22:58:38Z,-8.05057525,-34.94768075,166,88.0
2023-08-09T22:43:04Z,run,2023-08-09T22:58:39Z,-8.05054925,-34.9476834,165,88.0
2023-08-09T22:43:04Z,run,2023-08-09T22:58:40Z,-8.05052293,-34.9476854,165,88.0
2023-08-09T22:43:04Z,run,2023-08-09T22:58:41Z,-8.0504966,-34.94768508,165,88.0
2023-08-09T22:43:04Z,run,2023-08-09T22:58:42Z,-8.05046994,-34.9476864,165,88.0
2023-08-09T22:43:04Z,run,2023-08-09T22:58:43Z,-8.05044295,-34.94768673,166,88.0
2023-08-09T22:43:04Z,run,2023-08-09T22:58:44Z,-8.05041396,-34.94768607,166,88.0
2023-08-09T22:43:04Z,run,2023-08-09T22:58:45Z,-8.05038562,-34.9476844,165,88.0
2023-08-09T22:43:04Z,run,2023-08-09T22:58:46Z,-8.05035729,-34.94768108,165,88.0
2023-08-09T22:43:04Z,run,2023-08-09T22:58:47Z,-8.05033097,-34.94767709,165,88.0
2023-08-09T22:43:04Z,run,2023-08-09T22:58:48Z,-8.05030363,-34.94767343,165,88.0
2023-08-09T22:43:04Z,run,2023-08-09T22:58:49Z,-8.05027698,-34.94766943,165,88.0
2023-08-09T22:43:04Z,run,2023-08-09T22:58:50Z,-8.05025164,-34.94766678,166,89.0
2023-08-09T22:43:04Z,run,2023-08-09T22:58:51Z,-8.05022665,-34.94766478,166,88.0
2023-08-09T22:43:04Z,run,2023-08-09T22:58:52Z,-8.05020133,-34.94766245,166,88.0
2023-08-09T22:43:04Z,run,2023-08-09T22:58:53Z,-8.05017766,-34.94765912,166,88.0
2023-08-09T22:43:04Z,run,2023-08-09T22:58:54Z,-8.05015301,-34.94765446,165,88.0
2023-08-09T22:43:04Z,run,2023-08-09T22:58:55Z,-8.05012834,-34.94764847,165,88.0
2023-08-09T22:43:04Z,run,2023-08-09T22:58:56Z,-8.05010302,-34.94764147,166,89.0
2023-08-09T22:43:04Z,run,2023-08-09T22:58:57Z,-8.05007768,-34.94763548,166,88.0
2023-08-09T22:43:04Z,run,2023-08-09T22:58:58Z,-8.05005202,-34.94763015,166,88.0
2023-08-09T22:43:04Z,run,2023-08-09T22:58:59Z,-8.05002803,-34.94762782,166,87.0
2023-08-09T22:43:04Z,run,2023-08-09T22:59:00Z,-8.05000537,-34.94762616,166,88.0
2023-08-09T22:43:04Z,run,2023-08-09T22:59:01Z,-8.04998104,-34.94762449,166,88.0
2023-08-09T22:43:04Z,run,2023-08-09T22:59:02Z,-8.04995738,-34.94762317,166,88.0
2023-08-09T22:43:04Z,run,2023-08-09T22:59:03Z,-8.04993006,-34.9476215,167,87.0
2023-08-09T22:43:04Z,run,2023-08-09T22:59:04Z,-8.04990307,-34.94762018,167,87.0
2023-08-09T22:43:04Z,run,2023-08-09T22:59:05Z,-8.04988007,-34.94761951,167,88.0
2023-08-09T22:43:04Z,run,2023-08-09T22:59:06Z,-8.04985608,-34.94761786,167,88.0
2023-08-09T22:43:04Z,run,2023-08-09T22:59:07Z,-8.04983108,-34.94761552,167,89.0
2023-08-09T22:43:04Z,run,2023-08-09T22:59:08Z,-8.04980542,-34.94761287,167,88.0
2023-08-09T22:43:04Z,run,2023-08-09T22:59:09Z,-8.04977875,-34.9476102,167,88.0
2023-08-09T22:43:04Z,run,2023-08-09T22:59:10Z,-8.04975476,-34.94760787,167,88.0
2023-08-09T22:43:04Z,run,2023-08-09T22:59:11Z,-8.0497311,-34.94760553,167,89.0
2023-08-09T22:43:04Z,run,2023-08-09T22:59:12Z,-8.04970611,-34.94760421,166,88.0
2023-08-09T22:43:04Z,run,2023-08-09T22:59:13Z,-8.04968311,-34.94760355,167,87.0
2023-08-09T22:43:04Z,run,2023-08-09T22:59:14Z,-8.04966112,-34.94760289,167,87.0
2023-08-09T22:43:04Z,run,2023-08-09T22:59:15Z,-8.04963846,-34.94760123,167,88.0
2023-08-09T22:43:04Z,run,2023-08-09T22:59:16Z,-8.04961413,-34.9475989,167,88.0
2023-08-09T22:43:04Z,run,2023-08-09T22:59:17Z,-8.04958913,-34.9475969,167,88.0
2023-08-09T22:43:04Z,run,2023-08-09T22:59:18Z,-8.0495628,-34.94759324,167,88.0
2023-08-09T22:43:04Z,run,2023-08-09T22:59:19Z,-8.04953714,-34.94758824,167,89.0
2023-08-09T22:43:04Z,run,2023-08-09T22:59:20Z,-8.04951215,-34.94758092,167,88.0
2023-08-09T22:43:04Z,run,2023-08-09T22:59:21Z,-8.04948715,-34.94757226,167,88.0
2023-08-09T22:43:04Z,run,2023-08-09T22:59:22Z,-8.04946449,-34.94756259,167,88.0
2023-08-09T22:43:04Z,run,2023-08-09T22:59:23Z,-8.04943982,-34.94755127,166,88.0
2023-08-09T22:43:04Z,run,2023-08-09T22:59:24Z,-8.04941683,-34.94753961,166,88.0
2023-08-09T22:43:04Z,run,2023-08-09T22:59:25Z,-8.04939183,-34.94752595,165,89.0
2023-08-09T22:43:04Z,run,2023-08-09T22:59:26Z,-8.0493675,-34.94751195,165,89.0
2023-08-09T22:43:04Z,run,2023-08-09T22:59:27Z,-8.04934351,-34.94749696,166,88.0
2023-08-09T22:43:04Z,run,2023-08-09T22:59:28Z,-8.04931985,-34.94748129,166,88.0
2023-08-09T22:43:04Z,run,2023-08-09T22:59:29Z,-8.04929785,-34.94746663,166,88.0
2023-08-09T22:43:04Z,run,2023-08-09T22:59:30Z,-8.04927386,-34.94745063,167,89.0
2023-08-09T22:43:04Z,run,2023-08-09T22:59:31Z,-8.04925054,-34.94743531,167,88.0
2023-08-09T22:43:04Z,run,2023-08-09T22:59:32Z,-8.04922887,-34.94742131,167,88.0
2023-08-09T22:43:04Z,run,2023-08-09T22:59:33Z,-8.04920555,-34.94740598,168,89.0
2023-08-09T22:43:04Z,run,2023-08-09T22:59:34Z,-8.04918156,-34.94739065,168,88.0
2023-08-09T22:43:04Z,run,2023-08-09T22:59:35Z,-8.04915689,-34.94737566,168,88.0
2023-08-09T22:43:04Z,run,2023-08-09T22:59:36Z,-8.0491319,-34.947361,168,88.0
2023-08-09T22:43:04Z,run,2023-08-09T22:59:37Z,-8.04910824,-34.94734966,168,88.0
2023-08-09T22:43:04Z,run,2023-08-09T22:59:38Z,-8.04908457,-34.94734301,168,88.0
2023-08-09T22:43:04Z,run,2023-08-09T22:59:39Z,-8.04906058,-34.94734202,168,88.0
2023-08-09T22:43:04Z,run,2023-08-09T22:59:40Z,-8.04903992,-34.94734501,168,88.0
2023-08-09T22:43:04Z,run,2023-08-09T22:59:41Z,-8.04902293,-34.94735233,168,88.0
2023-08-09T22:43:04Z,run,2023-08-09T22:59:42Z,-8.04901094,-34.94736466,167,88.0
2023-08-09T22:43:04Z,run,2023-08-09T22:59:43Z,-8.04900528,-34.94738032,166,88.0
2023-08-09T22:43:04Z,run,2023-08-09T22:59:44Z,-8.0490066,-34.94739865,165,87.0
2023-08-09T22:43:04Z,run,2023-08-09T22:59:45Z,-8.04901093,-34.94741298,165,87.0
2023-08-09T22:43:04Z,run,2023-08-09T22:59:46Z,-8.04901692,-34.94742331,165,87.0
2023-08-09T22:43:04Z,run,2023-08-09T22:59:47Z,-8.04902659,-34.9474313,165,87.0
2023-08-09T22:43:04Z,run,2023-08-09T22:59:48Z,-8.04904158,-34.94743563,164,88.0
2023-08-09T22:43:04Z,run,2023-08-09T22:59:49Z,-8.04905857,-34.94743629,165,87.0
2023-08-09T22:43:04Z,run,2023-08-09T22:59:50Z,-8.04907624,-34.94743263,166,87.0
2023-08-09T22:43:04Z,run,2023-08-09T22:59:51Z,-8.04909323,-34.94742398,166,87.0
2023-08-09T22:43:04Z,run,2023-08-09T22:59:52Z,-8.04910923,-34.94741198,165,87.0
2023-08-09T22:43:04Z,run,2023-08-09T22:59:53Z,-8.04912289,-34.94739599,165,87.0
2023-08-09T22:43:04Z,run,2023-08-09T22:59:54Z,-8.04912989,-34.94737566,163,87.0
2023-08-09T22:43:04Z,run,2023-08-09T22:59:55Z,-8.04912989,-34.94735333,162,88.0
2023-08-09T22:43:04Z,run,2023-08-09T22:59:56Z,-8.04912523,-34.94732933,163,88.0
2023-08-09T22:43:04Z,run,2023-08-09T22:59:57Z,-8.04911689,-34.94730534,164,89.0
2023-08-09T22:43:04Z,run,2023-08-09T22:59:58Z,-8.04910523,-34.94728301,164,88.0
2023-08-09T22:43:04Z,run,2023-08-09T22:59:59Z,-8.04909057,-34.94726434,164,88.0
2023-08-09T22:43:04Z,run,2023-08-09T23:00:00Z,-8.04907657,-34.94724702,164,87.0
2023-08-09T22:43:04Z,run,2023-08-09T23:00:01Z,-8.0490639,-34.94723102,164,88.0
2023-08-09T22:43:04Z,run,2023-08-09T23:00:02Z,-8.04905324,-34.94720868,164,88.0
2023-08-09T22:43:04Z,run,2023-08-09T23:00:03Z,-8.04904191,-34.94718935,164,88.0
2023-08-09T22:43:04Z,run,2023-08-09T23:00:04Z,-8.04902591,-34.94717169,164,88.0
2023-08-09T22:43:04Z,run,2023-08-09T23:00:04Z,-8.04900725,-34.94715569,163,88.0
2023-08-09T22:43:04Z,run,2023-08-09T23:00:05Z,-8.04898726,-34.94714004,163,88.0
2023-08-09T22:43:04Z,run,2023-08-09T23:00:06Z,-8.04896926,-34.94712737,163,87.0
2023-08-09T22:43:04Z,run,2023-08-09T23:00:07Z,-8.04894927,-34.94711538,163,87.0
2023-08-09T22:43:04Z,run,2023-08-09T23:00:08Z,-8.04892727,-34.94710906,163,87.0
2023-08-09T22:43:04Z,run,2023-08-09T23:00:09Z,-8.04890661,-34.94710439,163,88.0
2023-08-09T22:43:04Z,run,2023-08-09T23:00:10Z,-8.04888428,-34.94710407,164,88.0
2023-08-09T22:43:04Z,run,2023-08-09T23:00:11Z,-8.04885895,-34.94710374,164,88.0
2023-08-09T22:43:04Z,run,2023-08-09T23:00:12Z,-8.04883195,-34.94710407,164,87.0
2023-08-09T22:43:04Z,run,2023-08-09T23:00:13Z,-8.04880496,-34.94710308,164,87.0
2023-08-09T22:43:04Z,run,2023-08-09T23:00:14Z,-8.0487803,-34.94710174,164,87.0
2023-08-09T22:43:04Z,run,2023-08-09T23:00:15Z,-8.04875364,-34.94709941,164,87.0
2023-08-09T22:43:04Z,run,2023-08-09T23:00:16Z,-8.04872831,-34.94709842,164,86.0
2023-08-09T22:43:04Z,run,2023-08-09T23:00:17Z,-8.04870465,-34.94710042,164,86.0
2023-08-09T22:43:04Z,run,2023-08-09T23:00:18Z,-8.04868599,-34.94710575,165,86.0
2023-08-09T22:43:04Z,run,2023-08-09T23:00:19Z,-8.04867333,-34.94711341,165,87.0
2023-08-09T22:43:04Z,run,2023-08-09T23:00:20Z,-8.04866766,-34.94712274,165,88.0
2023-08-09T22:43:04Z,run,2023-08-09T23:00:21Z,-8.04866833,-34.9471324,165,88.0
2023-08-09T22:43:04Z,run,2023-08-09T23:00:22Z,-8.04867465,-34.9471404,165,88.0
2023-08-09T22:43:04Z,run,2023-08-09T23:00:23Z,-8.04868398,-34.94714773,165,88.0
2023-08-09T22:43:04Z,run,2023-08-09T23:00:24Z,-8.04869564,-34.94715439,165,88.0
2023-08-09T22:43:04Z,run,2023-08-09T23:00:25Z,-8.0487093,-34.94716206,165,88.0
2023-08-09T22:43:04Z,run,2023-08-09T23:00:26Z,-8.0487263,-34.94717105,165,88.0
2023-08-09T22:43:04Z,run,2023-08-09T23:00:27Z,-8.04874495,-34.94718104,165,88.0
2023-08-09T22:43:04Z,run,2023-08-09T23:00:28Z,-8.04876262,-34.94719236,165,88.0
2023-08-09T22:43:04Z,run,2023-08-09T23:00:29Z,-8.04877862,-34.94720569,165,88.0
2023-08-09T22:43:04Z,run,2023-08-09T23:00:30Z,-8.04879428,-34.94721836,164,88.0
2023-08-09T22:43:04Z,run,2023-08-09T23:00:31Z,-8.04881127,-34.94723068,164,88.0
2023-08-09T22:43:04Z,run,2023-08-09T23:00:32Z,-8.04883026,-34.94724202,165,88.0
2023-08-09T22:43:04Z,run,2023-08-09T23:00:33Z,-8.04885026,-34.94725367,165,88.0
2023-08-09T22:43:04Z,run,2023-08-09T23:00:34Z,-8.04887126,-34.94726434,165,88.0
2023-08-09T22:43:04Z,run,2023-08-09T23:00:35Z,-8.04889191,-34.94727534,165,88.0
2023-08-09T22:43:04Z,run,2023-08-09T23:00:36Z,-8.04891291,-34.94728601,167,88.0
2023-08-09T22:43:04Z,run,2023-08-09T23:00:37Z,-8.04893658,-34.94729766,168,88.0
2023-08-09T22:43:04Z,run,2023-08-09T23:00:38Z,-8.04896024,-34.94731133,168,88.0
2023-08-09T22:43:04Z,run,2023-08-09T23:00:39Z,-8.04898423,-34.94732665,169,88.0
2023-08-09T22:43:04Z,run,2023-08-09T23:00:40Z,-8.04900656,-34.94734265,170,88.0
2023-08-09T22:43:04Z,run,2023-08-09T23:00:41Z,-8.04902722,-34.94736031,170,88.0
2023-08-09T22:43:04Z,run,2023-08-09T23:00:42Z,-8.04904322,-34.94737631,171,88.0
2023-08-09T22:43:04Z,run,2023-08-09T23:00:43Z,-8.04905955,-34.9473943,171,88.0
2023-08-09T22:43:04Z,run,2023-08-09T23:00:44Z,-8.04907754,-34.9474093,171,88.0
2023-08-09T22:43:04Z,run,2023-08-09T23:00:45Z,-8.04909621,-34.94742229,171,88.0
2023-08-09T22:43:04Z,run,2023-08-09T23:00:46Z,-8.04911253,-34.94743196,171,88.0
2023-08-09T22:43:04Z,run,2023-08-09T23:00:47Z,-8.0491302,-34.94743928,171,88.0
2023-08-09T22:43:04Z,run,2023-08-09T23:00:48Z,-8.04914952,-34.94744428,170,88.0
2023-08-09T22:43:04Z,run,2023-08-09T23:00:49Z,-8.04916919,-34.94744861,170,88.0
2023-08-09T22:43:04Z,run,2023-08-09T23:00:50Z,-8.04919119,-34.9474526,170,88.0
2023-08-09T22:43:04Z,run,2023-08-09T23:00:51Z,-8.04921384,-34.94745659,169,88.0
2023-08-09T22:43:04Z,run,2023-08-09T23:00:52Z,-8.04923718,-34.94746093,169,88.0
2023-08-09T22:43:04Z,run,2023-08-09T23:00:53Z,-8.04926183,-34.94746425,168,88.0
2023-08-09T22:43:04Z,run,2023-08-09T23:00:54Z,-8.04928617,-34.94746692,168,88.0
2023-08-09T22:43:04Z,run,2023-08-09T23:00:55Z,-8.04930916,-34.94746825,168,88.0
2023-08-09T22:43:04Z,run,2023-08-09T23:00:56Z,-8.04933216,-34.94746857,168,87.0
2023-08-09T22:43:04Z,run,2023-08-09T23:00:57Z,-8.04935681,-34.9474689,168,88.0
2023-08-09T22:43:04Z,run,2023-08-09T23:00:58Z,-8.04938015,-34.94746955,168,88.0
2023-08-09T22:43:04Z,run,2023-08-09T23:00:59Z,-8.0494018,-34.94747122,168,87.0
2023-08-09T22:43:04Z,run,2023-08-09T23:01:00Z,-8.0494228,-34.94747389,168,87.0
2023-08-09T22:43:04Z,run,2023-08-09T23:01:01Z,-8.0494458,-34.94747788,169,88.0
2023-08-09T22:43:04Z,run,2023-08-09T23:01:02Z,-8.04946813,-34.94748221,169,88.0
2023-08-09T22:43:04Z,run,2023-08-09T23:01:03Z,-8.04948946,-34.9474872,168,89.0
2023-08-09T22:43:04Z,run,2023-08-09T23:01:04Z,-8.04951378,-34.94749353,167,88.0
2023-08-09T22:43:04Z,run,2023-08-09T23:01:05Z,-8.04953745,-34.9474992,168,88.0
2023-08-09T22:43:04Z,run,2023-08-09T23:01:06Z,-8.04956311,-34.94750487,168,88.0
2023-08-09T22:43:04Z,run,2023-08-09T23:01:07Z,-8.04958976,-34.94750952,168,89.0
2023-08-09T22:43:04Z,run,2023-08-09T23:01:08Z,-8.04961576,-34.94751219,168,88.0
2023-08-09T22:43:04Z,run,2023-08-09T23:01:09Z,-8.0496431,-34.94751386,168,88.0
2023-08-09T22:43:04Z,run,2023-08-09T23:01:10Z,-8.04966709,-34.94751451,168,88.0
2023-08-09T22:43:04Z,run,2023-08-09T23:01:11Z,-8.04969342,-34.94751685,168,88.0
2023-08-09T22:43:04Z,run,2023-08-09T23:01:12Z,-8.04972008,-34.94751817,168,88.0
2023-08-09T22:43:04Z,run,2023-08-09T23:01:13Z,-8.04974708,-34.94751849,168,89.0
2023-08-09T22:43:04Z,run,2023-08-09T23:01:14Z,-8.0497724,-34.94751883,168,88.0
2023-08-09T22:43:04Z,run,2023-08-09T23:01:15Z,-8.0498004,-34.94752048,168,89.0
2023-08-09T22:43:04Z,run,2023-08-09T23:01:16Z,-8.04982507,-34.94752448,167,89.0
2023-08-09T22:43:04Z,run,2023-08-09T23:01:17Z,-8.04985172,-34.94752881,167,87.0
2023-08-09T22:43:04Z,run,2023-08-09T23:01:18Z,-8.04987772,-34.94753213,167,87.0
2023-08-09T22:43:04Z,run,2023-08-09T23:01:19Z,-8.04990606,-34.94753613,167,88.0
2023-08-09T22:43:04Z,run,2023-08-09T23:01:20Z,-8.04993371,-34.94754045,167,88.0
2023-08-09T22:43:04Z,run,2023-08-09T23:01:21Z,-8.0499647,-34.94754445,167,88.0
2023-08-09T22:43:04Z,run,2023-08-09T23:01:22Z,-8.04999504,-34.94754979,169,88.0
2023-08-09T22:43:04Z,run,2023-08-09T23:01:23Z,-8.05002603,-34.94755678,170,88.0
2023-08-09T22:43:04Z,run,2023-08-09T23:01:24Z,-8.05005436,-34.94756478,170,88.0
2023-08-09T22:43:04Z,run,2023-08-09T23:01:25Z,-8.05008202,-34.94757043,171,88.0
2023-08-09T22:43:04Z,run,2023-08-09T23:01:26Z,-8.05011135,-34.94757442,171,88.0
2023-08-09T22:43:04Z,run,2023-08-09T23:01:27Z,-8.05014001,-34.94757775,172,88.0
2023-08-09T22:43:04Z,run,2023-08-09T23:01:28Z,-8.05016834,-34.94758308,172,88.0
2023-08-09T22:43:04Z,run,2023-08-09T23:01:29Z,-8.05019634,-34.94758908,172,88.0
2023-08-09T22:43:04Z,run,2023-08-09T23:01:30Z,-8.05022633,-34.9475934,171,88.0
2023-08-09T22:43:04Z,run,2023-08-09T23:01:31Z,-8.050255,-34.94759706,171,88.0
2023-08-09T22:43:04Z,run,2023-08-09T23:01:32Z,-8.05028365,-34.94760273,171,88.0
2023-08-09T22:43:04Z,run,2023-08-09T23:01:33Z,-8.05031231,-34.94760973,170,89.0
2023-08-09T22:43:04Z,run,2023-08-09T23:01:34Z,-8.05033764,-34.94761173,170,89.0
2023-08-09T22:43:04Z,run,2023-08-09T23:01:35Z,-8.05036263,-34.94761305,170,88.0
2023-08-09T22:43:04Z,run,2023-08-09T23:01:36Z,-8.05038662,-34.94761404,169,88.0
2023-08-09T22:43:04Z,run,2023-08-09T23:01:37Z,-8.05040996,-34.94761404,169,88.0
2023-08-09T22:43:04Z,run,2023-08-09T23:01:38Z,-8.05043262,-34.94761737,168,89.0
2023-08-09T22:43:04Z,run,2023-08-09T23:01:39Z,-8.05045495,-34.94762236,168,88.0
2023-08-09T22:43:04Z,run,2023-08-09T23:01:40Z,-8.05048027,-34.9476267,168,88.0
2023-08-09T22:43:04Z,run,2023-08-09T23:01:41Z,-8.05050627,-34.94763035,168,88.0
2023-08-09T22:43:04Z,run,2023-08-09T23:01:42Z,-8.05053294,-34.94763435,169,88.0
2023-08-09T22:43:04Z,run,2023-08-09T23:01:43Z,-8.05055894,-34.94763768,169,88.0
2023-08-09T22:43:04Z,run,2023-08-09T23:01:44Z,-8.05058293,-34.94764067,170,89.0
2023-08-09T22:43:04Z,run,2023-08-09T23:01:45Z,-8.05061025,-34.94764466,170,88.0
2023-08-09T22:43:04Z,run,2023-08-09T23:01:46Z,-8.05063757,-34.94764999,170,88.0
2023-08-09T22:43:04Z,run,2023-08-09T23:01:47Z,-8.05066656,-34.94765632,171,88.0
2023-08-09T22:43:04Z,run,2023-08-09T23:01:48Z,-8.0506959,-34.94766165,172,88.0
2023-08-09T22:43:04Z,run,2023-08-09T23:01:49Z,-8.05072489,-34.9476673,172,88.0
2023-08-09T22:43:04Z,run,2023-08-09T23:01:50Z,-8.05075221,-34.94767297,172,89.0
2023-08-09T22:43:04Z,run,2023-08-09T23:01:51Z,-8.05077953,-34.94767764,173,87.0
2023-08-09T22:43:04Z,run,2023-08-09T23:01:52Z,-8.0508062,-34.94768297,173,89.0
2023-08-09T22:43:04Z,run,2023-08-09T23:01:53Z,-8.05083186,-34.94768929,173,89.0
2023-08-09T22:43:04Z,run,2023-08-09T23:01:54Z,-8.05085651,-34.94769463,173,88.0
2023-08-09T22:43:04Z,run,2023-08-09T23:01:55Z,-8.05088085,-34.94769828,173,88.0
2023-08-09T22:43:04Z,run,2023-08-09T23:01:56Z,-8.05090717,-34.94770095,173,88.0
2023-08-09T22:43:04Z,run,2023-08-09T23:01:57Z,-8.05093017,-34.94770295,173,88.0
2023-08-09T22:43:04Z,run,2023-08-09T23:01:58Z,-8.05095383,-34.94770594,173,88.0
2023-08-09T22:43:04Z,run,2023-08-09T23:01:59Z,-8.05097782,-34.94770861,173,88.0
2023-08-09T22:43:04Z,run,2023-08-09T23:02:00Z,-8.05100282,-34.9477116,173,88.0
2023-08-09T22:43:04Z,run,2023-08-09T23:02:01Z,-8.05102782,-34.94771393,173,88.0
2023-08-09T22:43:04Z,run,2023-08-09T23:02:02Z,-8.05105114,-34.94771792,174,88.0
2023-08-09T22:43:04Z,run,2023-08-09T23:02:03Z,-8.05107714,-34.94772259,174,88.0
2023-08-09T22:43:04Z,run,2023-08-09T23:02:04Z,-8.05110346,-34.94772924,175,89.0
2023-08-09T22:43:04Z,run,2023-08-09T23:02:05Z,-8.05112946,-34.94773458,175,89.0
2023-08-09T22:43:04Z,run,2023-08-09T23:02:06Z,-8.0511528,-34.94773924,175,88.0
2023-08-09T22:43:04Z,run,2023-08-09T23:02:07Z,-8.05117346,-34.9477429,175,88.0
2023-08-09T22:43:04Z,run,2023-08-09T23:02:08Z,-8.05119646,-34.94774823,174,88.0
2023-08-09T22:43:04Z,run,2023-08-09T23:02:09Z,-8.05122012,-34.94775523,174,88.0
2023-08-09T22:43:04Z,run,2023-08-09T23:02:10Z,-8.05124544,-34.94776122,174,88.0
2023-08-09T22:43:04Z,run,2023-08-09T23:02:11Z,-8.05127011,-34.94776588,174,88.0
2023-08-09T22:43:04Z,run,2023-08-09T23:02:12Z,-8.05129478,-34.94777155,175,88.0
2023-08-09T22:43:04Z,run,2023-08-09T23:02:13Z,-8.05132143,-34.94777655,175,88.0
2023-08-09T22:43:04Z,run,2023-08-09T23:02:14Z,-8.0513451,-34.94778188,175,88.0
2023-08-09T22:43:04Z,run,2023-08-09T23:02:15Z,-8.0513711,-34.94778787,175,88.0
2023-08-09T22:43:04Z,run,2023-08-09T23:02:16Z,-8.0513971,-34.9477942,175,88.0
2023-08-09T22:43:04Z,run,2023-08-09T23:02:17Z,-8.05142109,-34.94779987,176,88.0
2023-08-09T22:43:04Z,run,2023-08-09T23:02:18Z,-8.05144541,-34.94780453,176,88.0
2023-08-09T22:43:04Z,run,2023-08-09T23:02:19Z,-8.05147008,-34.94780986,176,88.0
2023-08-09T22:43:04Z,run,2023-08-09T23:02:20Z,-8.05149775,-34.94781719,175,88.0
2023-08-09T22:43:04Z,run,2023-08-09T23:02:21Z,-8.0515254,-34.94782652,175,88.0
2023-08-09T22:43:04Z,run,2023-08-09T23:02:22Z,-8.0515534,-34.94783617,175,88.0
2023-08-09T22:43:04Z,run,2023-08-09T23:02:23Z,-8.05158073,-34.94784517,175,88.0
2023-08-09T22:43:04Z,run,2023-08-09T23:02:24Z,-8.05160539,-34.94785317,175,88.0
2023-08-09T22:43:04Z,run,2023-08-09T23:02:25Z,-8.05163172,-34.94785883,175,88.0
2023-08-09T22:43:04Z,run,2023-08-09T23:02:26Z,-8.05165637,-34.94786216,175,88.0
2023-08-09T22:43:04Z,run,2023-08-09T23:02:27Z,-8.05167971,-34.94786549,175,88.0
2023-08-09T22:43:04Z,run,2023-08-09T23:02:28Z,-8.05170404,-34.94786714,174,88.0
2023-08-09T22:43:04Z,run,2023-08-09T23:02:29Z,-8.0517297,-34.94786981,174,87.0
2023-08-09T22:43:04Z,run,2023-08-09T23:02:30Z,-8.05175603,-34.94787514,174,87.0
2023-08-09T22:43:04Z,run,2023-08-09T23:02:31Z,-8.05177836,-34.94787748,173,87.0
2023-08-09T22:43:04Z,run,2023-08-09T23:02:32Z,-8.05180102,-34.94788013,173,87.0
2023-08-09T22:43:04Z,run,2023-08-09T23:02:33Z,-8.05182034,-34.94788346,172,87.0
2023-08-09T22:43:04Z,run,2023-08-09T23:02:34Z,-8.05183701,-34.94788812,171,87.0
2023-08-09T22:43:04Z,run,2023-08-09T23:02:35Z,-8.05185067,-34.94789178,171,87.0
2023-08-09T22:43:04Z,run,2023-08-09T23:02:36Z,-8.05186266,-34.94789445,172,87.0
2023-08-09T22:43:04Z,run,2023-08-09T23:02:37Z,-8.05187332,-34.94789978,172,87.0
2023-08-09T22:43:04Z,run,2023-08-09T23:02:38Z,-8.05188331,-34.9479061,172,87.0
2023-08-09T22:43:04Z,run,2023-08-09T23:02:39Z,-8.0518913,-34.94791344,172,87.0
2023-08-09T22:43:04Z,run,2023-08-09T23:02:40Z,-8.05189797,-34.94792243,172,87.0
2023-08-09T22:43:04Z,run,2023-08-09T23:02:41Z,-8.05190263,-34.94793009,173,87.0
2023-08-09T22:43:04Z,run,2023-08-09T23:02:42Z,-8.05190729,-34.94794076,173,87.0
2023-08-09T22:43:04Z,run,2023-08-09T23:02:43Z,-8.05191129,-34.94794942,174,87.0
2023-08-09T22:43:04Z,run,2023-08-09T23:02:44Z,-8.05191129,-34.94795407,174,87.0
2023-08-09T22:43:04Z,run,2023-08-09T23:02:45Z,-8.05191129,-34.94795841,175,87.0
2023-08-09T22:43:04Z,run,2023-08-09T23:02:46Z,-8.05190864,-34.94796473,175,87.0
2023-08-09T22:43:04Z,run,2023-08-09T23:02:47Z,-8.05190564,-34.94797206,175,87.0
2023-08-09T22:43:04Z,run,2023-08-09T23:02:48Z,-8.05190165,-34.94798205,174,87.0
2023-08-09T22:43:04Z,run,2023-08-09T23:02:49Z,-8.05189698,-34.94799405,172,87.0
2023-08-09T22:43:04Z,run,2023-08-09T23:02:50Z,-8.05189199,-34.94800771,172,87.0
2023-08-09T22:43:04Z,run,2023-08-09T23:02:51Z,-8.05188866,-34.94802171,167,87.0
2023-08-09T22:43:04Z,run,2023-08-09T23:02:52Z,-8.05188666,-34.94803604,165,87.0
2023-08-09T22:43:04Z,run,2023-08-09T23:02:53Z,-8.05188533,-34.9480507,164,60.0
2023-08-09T22:43:04Z,run,2023-08-09T23:02:54Z,-8.05188699,-34.94806636,163,60.0
2023-08-09T22:43:04Z,run,2023-08-09T23:06:20Z,-8.05167399,-34.94966402,128,60.0
2023-08-09T22:43:04Z,run,2023-08-09T23:06:21Z,-8.05167333,-34.94966236,128,
2023-08-09T22:43:04Z,run,2023-08-09T23:06:22Z,-8.05167267,-34.94965969,128,
2023-08-09T22:43:04Z,run,2023-08-09T23:06:25Z,-8.05167067,-34.94964737,128,
2023-08-09T22:43:04Z,run,2023-08-09T23:06:26Z,-8.05167167,-34.9496427,129,
2023-08-09T22:43:04Z,run,2023-08-09T23:06:27Z,-8.05167567,-34.94963304,129,
2023-08-09T22:43:04Z,run,2023-08-09T23:06:28Z,-8.05168232,-34.94961971,129,
2023-08-09T22:43:04Z,run,2023-08-09T23:06:29Z,-8.05168965,-34.94960338,129,
2023-08-09T22:43:04Z,run,2023-08-09T23:06:30Z,-8.05169765,-34.94958472,129,
2023-08-09T22:43:04Z,run,2023-08-09T23:06:31Z,-8.05170431,-34.9495644,130,87.0
2023-08-09T22:43:04Z,run,2023-08-09T23:06:32Z,-8.05171197,-34.9495424,130,88.0
2023-08-09T22:43:04Z,run,2023-08-09T23:06:33Z,-8.05171897,-34.94952006,131,88.0
2023-08-09T22:43:04Z,run,2023-08-09T23:06:34Z,-8.05172597,-34.94949606,131,88.0
2023-08-09T22:43:04Z,run,2023-08-09T23:06:35Z,-8.05173197,-34.94947174,132,88.0
2023-08-09T22:43:04Z,run,2023-08-09T23:06:36Z,-8.05173863,-34.94944841,132,88.0
2023-08-09T22:43:04Z,run,2023-08-09T23:06:37Z,-8.05174696,-34.94942607,131,86.0
2023-08-09T22:43:04Z,run,2023-08-09T23:06:38Z,-8.05175729,-34.94940642,131,85.0
2023-08-09T22:43:04Z,run,2023-08-09T23:06:39Z,-8.05177129,-34.94938975,130,84.0
2023-08-09T22:43:04Z,run,2023-08-09T23:06:40Z,-8.05178763,-34.94937743,130,84.0
2023-08-09T22:43:04Z,run,2023-08-09T23:06:41Z,-8.05180362,-34.94936744,130,84.0
2023-08-09T22:43:04Z,run,2023-08-09T23:06:42Z,-8.05182128,-34.94935777,130,85.0
2023-08-09T22:43:04Z,run,2023-08-09T23:06:43Z,-8.05183861,-34.94934811,130,86.0
2023-08-09T22:43:04Z,run,2023-08-09T23:06:44Z,-8.05185727,-34.94933912,131,86.0
2023-08-09T22:43:04Z,run,2023-08-09T23:06:45Z,-8.05187726,-34.94933212,132,87.0
2023-08-09T22:43:04Z,run,2023-08-09T23:06:46Z,-8.05189859,-34.94932679,133,87.0
2023-08-09T22:43:04Z,run,2023-08-09T23:06:47Z,-8.05191992,-34.94932412,133,87.0
2023-08-09T22:43:04Z,run,2023-08-09T23:06:48Z,-8.05194092,-34.94932412,132,87.0
2023-08-09T22:43:04Z,run,2023-08-09T23:06:49Z,-8.05196192,-34.94932778,132,87.0
2023-08-09T22:43:04Z,run,2023-08-09T23:06:50Z,-8.05198291,-34.94933478,132,86.0
2023-08-09T22:43:04Z,run,2023-08-09T23:06:51Z,-8.05200224,-34.94934377,132,85.0
2023-08-09T22:43:04Z,run,2023-08-09T23:06:52Z,-8.05201923,-34.94935377,134,85.0
2023-08-09T22:43:04Z,run,2023-08-09T23:06:53Z,-8.05203489,-34.9493621,134,85.0
2023-08-09T22:43:04Z,run,2023-08-09T23:06:54Z,-8.05204688,-34.94936576,134,85.0
2023-08-09T22:43:04Z,run,2023-08-09T23:06:55Z,-8.05205421,-34.94936244,134,85.0
2023-08-09T22:43:04Z,run,2023-08-09T23:06:56Z,-8.05205888,-34.9493541,134,86.0
2023-08-09T22:43:04Z,run,2023-08-09T23:06:57Z,-8.0520632,-34.94934144,135,86.0
2023-08-09T22:43:04Z,run,2023-08-09T23:06:58Z,-8.05206954,-34.94932711,136,87.0
2023-08-09T22:43:04Z,run,2023-08-09T23:06:59Z,-8.05207719,-34.94931179,136,87.0
2023-08-09T22:43:04Z,run,2023-08-09T23:07:00Z,-8.05208718,-34.94929612,136,86.0
2023-08-09T22:43:04Z,run,2023-08-09T23:07:01Z,-8.05209751,-34.94928013,136,86.0
2023-08-09T22:43:04Z,run,2023-08-09T23:07:02Z,-8.05210784,-34.94926347,136,87.0
2023-08-09T22:43:04Z,run,2023-08-09T23:07:03Z,-8.05211717,-34.94924547,136,87.0
2023-08-09T22:43:04Z,run,2023-08-09T23:07:04Z,-8.05212583,-34.94922748,136,87.0
2023-08-09T22:43:04Z,run,2023-08-09T23:07:05Z,-8.05213515,-34.94920948,136,87.0
2023-08-09T22:43:04Z,run,2023-08-09T23:07:06Z,-8.05214449,-34.94919082,136,87.0
2023-08-09T22:43:04Z,run,2023-08-09T23:07:07Z,-8.05215081,-34.9491705,136,87.0
2023-08-09T22:43:04Z,run,2023-08-09T23:07:08Z,-8.05215381,-34.94915016,137,87.0
2023-08-09T22:43:04Z,run,2023-08-09T23:07:09Z,-8.05215314,-34.94912851,136,88.0
2023-08-09T22:43:04Z,run,2023-08-09T23:07:10Z,-8.05215049,-34.94910617,136,88.0
2023-08-09T22:43:04Z,run,2023-08-09T23:07:11Z,-8.05214715,-34.94908318,136,88.0
2023-08-09T22:43:04Z,run,2023-08-09T23:07:12Z,-8.0521445,-34.94905885,137,88.0
2023-08-09T22:43:04Z,run,2023-08-09T23:07:13Z,-8.05214217,-34.94903385,138,88.0
2023-08-09T22:43:04Z,run,2023-08-09T23:07:14Z,-8.05214085,-34.94900918,139,88.0
2023-08-09T22:43:04Z,run,2023-08-09T23:07:15Z,-8.05214118,-34.94898452,139,88.0
2023-08-09T22:43:04Z,run,2023-08-09T23:07:16Z,-8.05214151,-34.94896019,140,88.0
2023-08-09T22:43:04Z,run,2023-08-09T23:07:17Z,-8.05214283,-34.94893687,141,88.0
2023-08-09T22:43:04Z,run,2023-08-09T23:07:18Z,-8.05214483,-34.94891421,141,88.0
2023-08-09T22:43:04Z,run,2023-08-09T23:07:19Z,-8.05214749,-34.94889188,142,88.0
2023-08-09T22:43:04Z,run,2023-08-09T23:07:20Z,-8.05215014,-34.94886855,142,88.0
2023-08-09T22:43:04Z,run,2023-08-09T23:07:21Z,-8.05215181,-34.94884522,143,88.0
2023-08-09T22:43:04Z,run,2023-08-09T23:07:22Z,-8.05215247,-34.94882089,143,88.0
2023-08-09T22:43:04Z,run,2023-08-09T23:07:23Z,-8.05215214,-34.9487949,145,88.0
2023-08-09T22:43:04Z,run,2023-08-09T23:07:24Z,-8.05215214,-34.94876958,145,88.0
2023-08-09T22:43:04Z,run,2023-08-09T23:07:25Z,-8.05215214,-34.94874491,145,88.0
2023-08-09T22:43:04Z,run,2023-08-09T23:07:26Z,-8.05215314,-34.94872125,145,88.0
2023-08-09T22:43:04Z,run,2023-08-09T23:07:27Z,-8.05215447,-34.94869793,145,88.0
2023-08-09T22:43:04Z,run,2023-08-09T23:07:28Z,-8.05215579,-34.94867426,146,88.0
2023-08-09T22:43:04Z,run,2023-08-09T23:07:29Z,-8.05215679,-34.94865061,146,88.0
2023-08-09T22:43:04Z,run,2023-08-09T23:07:30Z,-8.05215945,-34.94862827,146,88.0
2023-08-09T22:43:04Z,run,2023-08-09T23:07:31Z,-8.05216511,-34.94860661,146,88.0
2023-08-09T22:43:04Z,run,2023-08-09T23:07:32Z,-8.05217344,-34.94858562,146,88.0
2023-08-09T22:43:04Z,run,2023-08-09T23:07:33Z,-8.05218543,-34.94856728,146,87.0
2023-08-09T22:43:04Z,run,2023-08-09T23:07:34Z,-8.05220076,-34.94854963,146,87.0
2023-08-09T22:43:04Z,run,2023-08-09T23:07:35Z,-8.05221642,-34.94853464,146,87.0
2023-08-09T22:43:04Z,run,2023-08-09T23:07:36Z,-8.05223408,-34.94852097,146,87.0
2023-08-09T22:43:04Z,run,2023-08-09T23:07:37Z,-8.05225407,-34.94850897,146,88.0
2023-08-09T22:43:04Z,run,2023-08-09T23:07:38Z,-8.05227574,-34.94849898,146,88.0
2023-08-09T22:43:04Z,run,2023-08-09T23:07:39Z,-8.0522984,-34.94849032,146,88.0
2023-08-09T22:43:04Z,run,2023-08-09T23:07:40Z,-8.05232206,-34.94848167,148,88.0
2023-08-09T22:43:04Z,run,2023-08-09T23:07:41Z,-8.05234605,-34.94847367,148,88.0
2023-08-09T22:43:04Z,run,2023-08-09T23:07:42Z,-8.05236972,-34.94847001,148,88.0
2023-08-09T22:43:04Z,run,2023-08-09T23:07:43Z,-8.05239404,-34.94847033,148,88.0
2023-08-09T22:43:04Z,run,2023-08-09T23:07:44Z,-8.05241738,-34.94847199,148,87.0
2023-08-09T22:43:04Z,run,2023-08-09T23:07:45Z,-8.05244004,-34.94847399,148,87.0
2023-08-09T22:43:04Z,run,2023-08-09T23:07:46Z,-8.05246203,-34.94847632,148,87.0
2023-08-09T22:43:04Z,run,2023-08-09T23:07:47Z,-8.05248503,-34.94847998,148,88.0
2023-08-09T22:43:04Z,run,2023-08-09T23:07:48Z,-8.05250836,-34.9484863,148,88.0
2023-08-09T22:43:04Z,run,2023-08-09T23:07:49Z,-8.05253269,-34.9484943,149,88.0
2023-08-09T22:43:04Z,run,2023-08-09T23:07:50Z,-8.05255702,-34.94850364,149,88.0
2023-08-09T22:43:04Z,run,2023-08-09T23:07:51Z,-8.05258036,-34.94851396,149,88.0
2023-08-09T22:43:04Z,run,2023-08-09T23:07:52Z,-8.05260335,-34.94852562,149,88.0
2023-08-09T22:43:04Z,run,2023-08-09T23:07:53Z,-8.05262635,-34.94853762,149,88.0
2023-08-09T22:43:04Z,run,2023-08-09T23:07:54Z,-8.05264901,-34.94855027,149,88.0
2023-08-09T22:43:04Z,run,2023-08-09T23:07:55Z,-8.05267167,-34.94856226,149,88.0
2023-08-09T22:43:04Z,run,2023-08-09T23:07:56Z,-8.05269533,-34.94857493,148,88.0
2023-08-09T22:43:04Z,run,2023-08-09T23:07:57Z,-8.05271932,-34.94858725,148,88.0
2023-08-09T22:43:04Z,run,2023-08-09T23:07:58Z,-8.05274298,-34.94859891,147,88.0
2023-08-09T22:43:04Z,run,2023-08-09T23:07:59Z,-8.05276765,-34.94860991,146,88.0
2023-08-09T22:43:04Z,run,2023-08-09T23:08:00Z,-8.05279098,-34.94862157,146,88.0
2023-08-09T22:43:04Z,run,2023-08-09T23:08:01Z,-8.05281297,-34.94863457,146,88.0
2023-08-09T22:43:04Z,run,2023-08-09T23:08:02Z,-8.05283463,-34.9486479,147,88.0
2023-08-09T22:43:04Z,run,2023-08-09T23:08:03Z,-8.05285663,-34.9486619,147,88.0
2023-08-09T22:43:04Z,run,2023-08-09T23:08:04Z,-8.05287896,-34.9486759,148,88.0
2023-08-09T22:43:04Z,run,2023-08-09T23:08:05Z,-8.05290129,-34.94868957,149,88.0
2023-08-09T22:43:04Z,run,2023-08-09T23:08:06Z,-8.05292229,-34.94870357,149,88.0
2023-08-09T22:43:04Z,run,2023-08-09T23:08:07Z,-8.05294295,-34.94871689,149,88.0
2023-08-09T22:43:04Z,run,2023-08-09T23:08:08Z,-8.05296394,-34.94872889,150,88.0
2023-08-09T22:43:04Z,run,2023-08-09T23:08:09Z,-8.05298494,-34.94874121,150,88.0
2023-08-09T22:43:04Z,run,2023-08-09T23:08:10Z,-8.05300627,-34.94875287,150,88.0
2023-08-09T22:43:04Z,run,2023-08-09T23:08:11Z,-8.05302893,-34.94876753,150,88.0
2023-08-09T22:43:04Z,run,2023-08-09T23:08:12Z,-8.05305159,-34.94878119,150,88.0
2023-08-09T22:43:04Z,run,2023-08-09T23:08:13Z,-8.05307425,-34.94879353,150,88.0
2023-08-09T22:43:04Z,run,2023-08-09T23:08:14Z,-8.05309624,-34.94880585,149,88.0
2023-08-09T22:43:04Z,run,2023-08-09T23:08:15Z,-8.05311724,-34.94881784,149,88.0
2023-08-09T22:43:04Z,run,2023-08-09T23:08:16Z,-8.05313623,-34.94883084,149,88.0
2023-08-09T22:43:04Z,run,2023-08-09T23:08:17Z,-8.05315556,-34.94884383,150,88.0
2023-08-09T22:43:04Z,run,2023-08-09T23:08:18Z,-8.05317488,-34.94885583,150,87.0
2023-08-09T22:43:04Z,run,2023-08-09T23:08:19Z,-8.05319522,-34.94886715,150,87.0
2023-08-09T22:43:04Z,run,2023-08-09T23:08:20Z,-8.05321487,-34.94887881,150,88.0
2023-08-09T22:43:04Z,run,2023-08-09T23:08:21Z,-8.05323553,-34.94889047,150,87.0
2023-08-09T22:43:04Z,run,2023-08-09T23:08:22Z,-8.0532572,-34.94890147,151,87.0
2023-08-09T22:43:04Z,run,2023-08-09T23:08:23Z,-8.05327953,-34.9489098,151,87.0
2023-08-09T22:43:04Z,run,2023-08-09T23:08:24Z,-8.05330219,-34.94891612,151,87.0
2023-08-09T22:43:04Z,run,2023-08-09T23:08:25Z,-8.05332551,-34.94891978,151,87.0
2023-08-09T22:43:04Z,run,2023-08-09T23:08:26Z,-8.05334884,-34.94892045,151,87.0
2023-08-09T22:43:04Z,run,2023-08-09T23:08:27Z,-8.0533715,-34.9489211,151,87.0
2023-08-09T22:43:04Z,run,2023-08-09T23:08:28Z,-8.05339016,-34.94892543,151,87.0
2023-08-09T22:43:04Z,run,2023-08-09T23:08:29Z,-8.05340582,-34.94893476,152,87.0
2023-08-09T22:43:04Z,run,2023-08-09T23:08:30Z,-8.05342048,-34.94894642,153,87.0
2023-08-09T22:43:04Z,run,2023-08-09T23:08:31Z,-8.05343515,-34.94895975,153,87.0
2023-08-09T22:43:04Z,run,2023-08-09T23:08:32Z,-8.05345147,-34.94897441,153,87.0
2023-08-09T22:43:04Z,run,2023-08-09T23:08:33Z,-8.05347014,-34.94898906,153,88.0
2023-08-09T22:43:04Z,run,2023-08-09T23:08:34Z,-8.05348913,-34.94900206,153,88.0
2023-08-09T22:43:04Z,run,2023-08-09T23:08:34Z,-8.05350845,-34.94901472,153,87.0
2023-08-09T22:43:04Z,run,2023-08-09T23:08:35Z,-8.05352812,-34.94902638,153,87.0
2023-08-09T22:43:04Z,run,2023-08-09T23:08:36Z,-8.05354878,-34.94903971,153,87.0
2023-08-09T22:43:04Z,run,2023-08-09T23:08:37Z,-8.05357345,-34.94905271,153,88.0
2023-08-09T22:43:04Z,run,2023-08-09T23:08:38Z,-8.05359844,-34.94906437,152,88.0
2023-08-09T22:43:04Z,run,2023-08-09T23:08:39Z,-8.05362144,-34.94907636,153,88.0
2023-08-09T22:43:04Z,run,2023-08-09T23:08:40Z,-8.05364176,-34.94908969,153,88.0
2023-08-09T22:43:04Z,run,2023-08-09T23:08:41Z,-8.05366309,-34.94910201,152,88.0
2023-08-09T22:43:04Z,run,2023-08-09T23:08:42Z,-8.05368442,-34.94911367,152,88.0
2023-08-09T22:43:04Z,run,2023-08-09T23:08:43Z,-8.05370574,-34.94912467,152,88.0
2023-08-09T22:43:04Z,run,2023-08-09T23:08:44Z,-8.05372807,-34.94913567,152,88.0
2023-08-09T22:43:04Z,run,2023-08-09T23:08:45Z,-8.0537494,-34.94914667,152,88.0
2023-08-09T22:43:04Z,run,2023-08-09T23:08:46Z,-8.0537704,-34.94915767,153,88.0
2023-08-09T22:43:04Z,run,2023-08-09T23:08:47Z,-8.05379039,-34.94916834,153,88.0
2023-08-09T22:43:04Z,run,2023-08-09T23:08:48Z,-8.05380938,-34.949179,153,88.0
2023-08-09T22:43:04Z,run,2023-08-09T23:08:49Z,-8.05382905,-34.94918866,153,88.0
2023-08-09T22:43:04Z,run,2023-08-09T23:08:50Z,-8.05384971,-34.94919966,153,87.0
2023-08-09T22:43:04Z,run,2023-08-09T23:08:51Z,-8.05387037,-34.94920966,154,88.0
2023-08-09T22:43:04Z,run,2023-08-09T23:08:52Z,-8.05389103,-34.94921998,155,88.0
2023-08-09T22:43:04Z,run,2023-08-09T23:08:53Z,-8.05391135,-34.94923032,155,88.0
2023-08-09T22:43:04Z,run,2023-08-09T23:08:54Z,-8.05393068,-34.94924132,155,88.0
2023-08-09T22:43:04Z,run,2023-08-09T23:08:55Z,-8.05394902,-34.94925364,155,88.0
2023-08-09T22:43:04Z,run,2023-08-09T23:08:56Z,-8.05396734,-34.94926631,155,88.0
2023-08-09T22:43:04Z,run,2023-08-09T23:08:57Z,-8.053986,-34.94927863,155,88.0
2023-08-09T22:43:04Z,run,2023-08-09T23:08:58Z,-8.05400432,-34.9492913,155,88.0
2023-08-09T22:43:04Z,run,2023-08-09T23:08:59Z,-8.05402299,-34.94930295,154,88.0
2023-08-09T22:43:04Z,run,2023-08-09T23:09:00Z,-8.05404231,-34.94931361,154,87.0
2023-08-09T22:43:04Z,run,2023-08-09T23:09:01Z,-8.05406098,-34.94932461,154,87.0
2023-08-09T22:43:04Z,run,2023-08-09T23:09:02Z,-8.0540803,-34.94933461,154,87.0
2023-08-09T22:43:04Z,run,2023-08-09T23:09:03Z,-8.05409929,-34.94934327,155,87.0
2023-08-09T22:43:04Z,run,2023-08-09T23:09:04Z,-8.05411862,-34.94935093,155,87.0
2023-08-09T22:43:04Z,run,2023-08-09T23:09:05Z,-8.05413861,-34.94935893,155,88.0
2023-08-09T22:43:04Z,run,2023-08-09T23:09:06Z,-8.05415928,-34.94936826,156,88.0
2023-08-09T22:43:04Z,run,2023-08-09T23:09:07Z,-8.0541806,-34.94937825,156,88.0
2023-08-09T22:43:04Z,run,2023-08-09T23:09:08Z,-8.05420294,-34.94939058,156,88.0
2023-08-09T22:43:04Z,run,2023-08-09T23:09:09Z,-8.05422526,-34.94940391,155,88.0
2023-08-09T22:43:04Z,run,2023-08-09T23:09:10Z,-8.05424859,-34.94941757,155,88.0
2023-08-09T22:43:04Z,run,2023-08-09T23:09:11Z,-8.05427193,-34.9494299,155,88.0
2023-08-09T22:43:04Z,run,2023-08-09T23:09:12Z,-8.05429458,-34.94944223,155,88.0
2023-08-09T22:43:04Z,run,2023-08-09T23:09:13Z,-8.05431825,-34.94945422,155,88.0
2023-08-09T22:43:04Z,run,2023-08-09T23:09:14Z,-8.05434124,-34.94946655,155,88.0
2023-08-09T22:43:04Z,run,2023-08-09T23:09:15Z,-8.05436424,-34.94947821,155,88.0
2023-08-09T22:43:04Z,run,2023-08-09T23:09:16Z,-8.05438623,-34.94949053,154,88.0
2023-08-09T22:43:04Z,run,2023-08-09T23:09:17Z,-8.05440923,-34.94950286,154,88.0
2023-08-09T22:43:04Z,run,2023-08-09T23:09:18Z,-8.05443055,-34.94951519,153,88.0
2023-08-09T22:43:04Z,run,2023-08-09T23:09:19Z,-8.05445122,-34.94952718,153,88.0
2023-08-09T22:43:04Z,run,2023-08-09T23:09:20Z,-8.05447021,-34.94953918,152,87.0
2023-08-09T22:43:04Z,run,2023-08-09T23:09:21Z,-8.05449254,-34.94955117,152,88.0
2023-08-09T22:43:04Z,run,2023-08-09T23:09:22Z,-8.05451553,-34.94956116,152,88.0
2023-08-09T22:43:04Z,run,2023-08-09T23:09:23Z,-8.05453787,-34.94957182,151,88.0
2023-08-09T22:43:04Z,run,2023-08-09T23:09:24Z,-8.05455919,-34.94958282,151,88.0
2023-08-09T22:43:04Z,run,2023-08-09T23:09:25Z,-8.05458185,-34.94959582,151,88.0
2023-08-09T22:43:04Z,run,2023-08-09T23:09:26Z,-8.05460385,-34.94960916,150,88.0
2023-08-09T22:43:04Z,run,2023-08-09T23:09:27Z,-8.05462217,-34.94961948,150,88.0
2023-08-09T22:43:04Z,run,2023-08-09T23:09:28Z,-8.05463984,-34.94963114,150,88.0
2023-08-09T22:43:04Z,run,2023-08-09T23:09:29Z,-8.05465783,-34.94964347,151,87.0
2023-08-09T22:43:04Z,run,2023-08-09T23:09:30Z,-8.05467749,-34.94965513,152,87.0
2023-08-09T22:43:04Z,run,2023-08-09T23:09:31Z,-8.05469848,-34.94966645,152,87.0
2023-08-09T22:43:04Z,run,2023-08-09T23:09:32Z,-8.05471948,-34.94967811,153,87.0
2023-08-09T22:43:04Z,run,2023-08-09T23:09:33Z,-8.05474214,-34.94968877,153,87.0
2023-08-09T22:43:04Z,run,2023-08-09T23:09:34Z,-8.0547648,-34.9496991,154,87.0
2023-08-09T22:43:04Z,run,2023-08-09T23:09:35Z,-8.05478613,-34.94970976,155,88.0
2023-08-09T22:43:04Z,run,2023-08-09T23:09:36Z,-8.05480512,-34.94972142,156,88.0
2023-08-09T22:43:04Z,run,2023-08-09T23:09:37Z,-8.05482511,-34.94973375,156,88.0
2023-08-09T22:43:04Z,run,2023-08-09T23:09:38Z,-8.05484577,-34.94974574,156,88.0
2023-08-09T22:43:04Z,run,2023-08-09T23:09:39Z,-8.0548661,-34.94975574,156,88.0
2023-08-09T22:43:04Z,run,2023-08-09T23:09:40Z,-8.05488642,-34.9497654,157,88.0
2023-08-09T22:43:04Z,run,2023-08-09T23:09:41Z,-8.05490608,-34.94977672,158,88.0
2023-08-09T22:43:04Z,run,2023-08-09T23:09:42Z,-8.0549264,-34.94978939,159,88.0
2023-08-09T22:43:04Z,run,2023-08-09T23:09:43Z,-8.05494707,-34.94980271,159,88.0
2023-08-09T22:43:04Z,run,2023-08-09T23:09:44Z,-8.05496706,-34.94981505,159,88.0
2023-08-09T22:43:04Z,run,2023-08-09T23:09:45Z,-8.05498706,-34.9498277,159,88.0
2023-08-09T22:43:04Z,run,2023-08-09T23:09:46Z,-8.05500705,-34.94984004,159,88.0
2023-08-09T22:43:04Z,run,2023-08-09T23:09:47Z,-8.05502537,-34.94985269,159,88.0
2023-08-09T22:43:04Z,run,2023-08-09T23:09:48Z,-8.05504371,-34.94986536,158,88.0
2023-08-09T22:43:04Z,run,2023-08-09T23:09:49Z,-8.05506203,-34.94987902,157,88.0
2023-08-09T22:43:04Z,run,2023-08-09T23:09:50Z,-8.05508035,-34.94989268,157,88.0
2023-08-09T22:43:04Z,run,2023-08-09T23:09:51Z,-8.05509802,-34.94990602,157,88.0
2023-08-09T22:43:04Z,run,2023-08-09T23:09:52Z,-8.05511602,-34.94991868,157,88.0
2023-08-09T22:43:04Z,run,2023-08-09T23:09:53Z,-8.05513369,-34.94993234,157,88.0
2023-08-09T22:43:04Z,run,2023-08-09T23:09:54Z,-8.05515134,-34.94994467,157,88.0
2023-08-09T22:43:04Z,run,2023-08-09T23:09:55Z,-8.05516868,-34.94995633,157,88.0
2023-08-09T22:43:04Z,run,2023-08-09T23:09:56Z,-8.05518767,-34.94996565,157,88.0
2023-08-09T22:43:04Z,run,2023-08-09T23:09:57Z,-8.05520832,-34.94997365,157,87.0
2023-08-09T22:43:04Z,run,2023-08-09T23:09:58Z,-8.05523066,-34.94998231,158,86.0
2023-08-09T22:43:04Z,run,2023-08-09T23:09:59Z,-8.05525031,-34.94999331,158,86.0
2023-08-09T22:43:04Z,run,2023-08-09T23:10:00Z,-8.05526865,-34.95000631,158,86.0
2023-08-09T22:43:04Z,run,2023-08-09T23:10:01Z,-8.05528364,-34.95002298,158,87.0
2023-08-09T22:43:04Z,run,2023-08-09T23:10:02Z,-8.05529664,-34.95004063,158,87.0
2023-08-09T22:43:04Z,run,2023-08-09T23:10:03Z,-8.05530729,-34.95005997,158,87.0
2023-08-09T22:43:04Z,run,2023-08-09T23:10:04Z,-8.05531795,-34.95008029,158,88.0
2023-08-09T22:43:04Z,run,2023-08-09T23:10:05Z,-8.05532762,-34.95010095,159,88.0
2023-08-09T22:43:04Z,run,2023-08-09T23:10:06Z,-8.05533794,-34.95012161,159,88.0
2023-08-09T22:43:04Z,run,2023-08-09T23:10:07Z,-8.05534827,-34.95014361,159,87.0
2023-08-09T22:43:04Z,run,2023-08-09T23:10:08Z,-8.05535861,-34.9501646,160,88.0
2023-08-09T22:43:04Z,run,2023-08-09T23:10:09Z,-8.0553676,-34.95018726,160,88.0
2023-08-09T22:43:04Z,run,2023-08-09T23:10:10Z,-8.05537426,-34.95020959,161,88.0
2023-08-09T22:43:04Z,run,2023-08-09T23:10:11Z,-8.05538093,-34.95023225,161,88.0
2023-08-09T22:43:04Z,run,2023-08-09T23:10:12Z,-8.05538792,-34.95025425,161,88.0
2023-08-09T22:43:04Z,run,2023-08-09T23:10:13Z,-8.05539559,-34.95027691,162,88.0
2023-08-09T22:43:04Z,run,2023-08-09T23:10:14Z,-8.05540292,-34.95030056,163,88.0
2023-08-09T22:43:04Z,run,2023-08-09T23:10:15Z,-8.05541059,-34.95032423,163,88.0
2023-08-09T22:43:04Z,run,2023-08-09T23:10:16Z,-8.05541791,-34.95034755,163,88.0
2023-08-09T22:43:04Z,run,2023-08-09T23:10:17Z,-8.05542391,-34.95037121,163,88.0
2023-08-09T22:43:04Z,run,2023-08-09T23:10:18Z,-8.05542724,-34.95039488,164,88.0
2023-08-09T22:43:04Z,run,2023-08-09T23:10:19Z,-8.0554289,-34.95041887,165,88.0
2023-08-09T22:43:04Z,run,2023-08-09T23:10:20Z,-8.0554309,-34.9504422,164,88.0
2023-08-09T22:43:04Z,run,2023-08-09T23:10:21Z,-8.05543256,-34.95046552,164,88.0
2023-08-09T22:43:04Z,run,2023-08-09T23:10:22Z,-8.05543355,-34.95048952,164,88.0
2023-08-09T22:43:04Z,run,2023-08-09T23:10:23Z,-8.05543388,-34.95051418,164,88.0
2023-08-09T22:43:04Z,run,2023-08-09T23:10:24Z,-8.05543355,-34.95053851,164,87.0
2023-08-09T22:43:04Z,run,2023-08-09T23:10:25Z,-8.05543256,-34.95056318,164,88.0
2023-08-09T22:43:04Z,run,2023-08-09T23:10:26Z,-8.05543056,-34.95058717,164,88.0
2023-08-09T22:43:04Z,run,2023-08-09T23:10:27Z,-8.05542789,-34.9506115,164,88.0
2023-08-09T22:43:04Z,run,2023-08-09T23:10:28Z,-8.05542523,-34.95063583,163,88.0
2023-08-09T22:43:04Z,run,2023-08-09T23:10:29Z,-8.05542223,-34.95065949,163,88.0
2023-08-09T22:43:04Z,run,2023-08-09T23:10:30Z,-8.05541924,-34.95068315,164,87.0
2023-08-09T22:43:04Z,run,2023-08-09T23:10:31Z,-8.05541659,-34.95070682,165,88.0
2023-08-09T22:43:04Z,run,2023-08-09T23:10:32Z,-8.05541426,-34.95073114,165,88.0
2023-08-09T22:43:04Z,run,2023-08-09T23:10:33Z,-8.05541161,-34.95075547,165,88.0
2023-08-09T22:43:04Z,run,2023-08-09T23:10:34Z,-8.05540961,-34.95078047,165,88.0
2023-08-09T22:43:04Z,run,2023-08-09T23:10:35Z,-8.05540862,-34.9508048,165,87.0
2023-08-09T22:43:04Z,run,2023-08-09T23:10:36Z,-8.05540762,-34.9508288,165,87.0
2023-08-09T22:43:04Z,run,2023-08-09T23:10:37Z,-8.05540663,-34.95085212,165,87.0
2023-08-09T22:43:04Z,run,2023-08-09T23:10:38Z,-8.05540364,-34.95087512,165,87.0
2023-08-09T22:43:04Z,run,2023-08-09T23:10:39Z,-8.0554003,-34.95089778,165,87.0
2023-08-09T22:43:04Z,run,2023-08-09T23:10:40Z,-8.05539731,-34.95092143,165,87.0
2023-08-09T22:43:04Z,run,2023-08-09T23:10:41Z,-8.05539365,-34.95094442,165,88.0
2023-08-09T22:43:04Z,run,2023-08-09T23:10:42Z,-8.05538899,-34.95096741,165,88.0
2023-08-09T22:43:04Z,run,2023-08-09T23:10:43Z,-8.05538366,-34.95098808,165,88.0
2023-08-09T22:43:04Z,run,2023-08-09T23:10:44Z,-8.05538133,-34.9510084,165,88.0
2023-08-09T22:43:04Z,run,2023-08-09T23:10:45Z,-8.05537967,-34.95102807,165,88.0
2023-08-09T22:43:04Z,run,2023-08-09T23:10:46Z,-8.05537834,-34.95104839,166,88.0
2023-08-09T22:43:04Z,run,2023-08-09T23:10:47Z,-8.05537834,-34.95107073,166,88.0
2023-08-09T22:43:04Z,run,2023-08-09T23:10:48Z,-8.05537933,-34.95109506,166,87.0
2023-08-09T22:43:04Z,run,2023-08-09T23:10:49Z,-8.05538033,-34.95111905,166,87.0
2023-08-09T22:43:04Z,run,2023-08-09T23:10:50Z,-8.05538166,-34.95114272,166,88.0
2023-08-09T22:43:04Z,run,2023-08-09T23:10:51Z,-8.055381,-34.95116604,166,88.0
2023-08-09T22:43:04Z,run,2023-08-09T23:10:52Z,-8.05537767,-34.95118804,166,88.0
2023-08-09T22:43:04Z,run,2023-08-09T23:10:53Z,-8.05537401,-34.95121004,167,88.0
2023-08-09T22:43:04Z,run,2023-08-09T23:10:54Z,-8.05537101,-34.9512317,166,88.0
2023-08-09T22:43:04Z,run,2023-08-09T23:10:55Z,-8.05536669,-34.95125236,166,88.0
2023-08-09T22:43:04Z,run,2023-08-09T23:10:56Z,-8.05536003,-34.95127302,165,88.0
2023-08-09T22:43:04Z,run,2023-08-09T23:10:57Z,-8.0553517,-34.95129368,165,89.0
2023-08-09T22:43:04Z,run,2023-08-09T23:10:58Z,-8.0553437,-34.95131501,165,89.0
2023-08-09T22:43:04Z,run,2023-08-09T23:10:59Z,-8.05533704,-34.95133633,165,89.0
2023-08-09T22:43:04Z,run,2023-08-09T23:11:00Z,-8.05533004,-34.95135767,165,88.0
2023-08-09T22:43:04Z,run,2023-08-09T23:11:01Z,-8.05532505,-34.951379,165,88.0
2023-08-09T22:43:04Z,run,2023-08-09T23:11:02Z,-8.05532206,-34.95140066,165,88.0
2023-08-09T22:43:04Z,run,2023-08-09T23:11:03Z,-8.05532006,-34.95142331,165,88.0
2023-08-09T22:43:04Z,run,2023-08-09T23:11:04Z,-8.05531773,-34.95144831,165,88.0
2023-08-09T22:43:04Z,run,2023-08-09T23:11:05Z,-8.05531407,-34.9514713,165,88.0
2023-08-09T22:43:04Z,run,2023-08-09T23:11:06Z,-8.05530941,-34.95149364,166,89.0
2023-08-09T22:43:04Z,run,2023-08-09T23:11:07Z,-8.05530408,-34.9515153,166,88.0
2023-08-09T22:43:04Z,run,2023-08-09T23:11:08Z,-8.05529809,-34.95153664,166,88.0
2023-08-09T22:43:04Z,run,2023-08-09T23:11:09Z,-8.05529376,-34.95155829,166,87.0
2023-08-09T22:43:04Z,run,2023-08-09T23:11:10Z,-8.0552901,-34.95158229,166,87.0
2023-08-09T22:43:04Z,run,2023-08-09T23:11:11Z,-8.05528878,-34.95160662,165,88.0
2023-08-09T22:43:04Z,run,2023-08-09T23:11:12Z,-8.05528845,-34.95163295,168,88.0
2023-08-09T22:43:04Z,run,2023-08-09T23:11:13Z,-8.05528878,-34.95165961,173,88.0
2023-08-09T22:43:04Z,run,2023-08-09T23:11:14Z,-8.05528712,-34.95168594,175,88.0
2023-08-09T22:43:04Z,run,2023-08-09T23:11:15Z,-8.0552828,-34.9517106,175,88.0
2023-08-09T22:43:04Z,run,2023-08-09T23:11:16Z,-8.05527914,-34.95173326,175,88.0
2023-08-09T22:43:04Z,run,2023-08-09T23:11:17Z,-8.05527647,-34.95175625,175,88.0
2023-08-09T22:43:04Z,run,2023-08-09T23:11:18Z,-8.05527414,-34.95177859,175,88.0
2023-08-09T22:43:04Z,run,2023-08-09T23:11:19Z,-8.05527215,-34.95180024,175,88.0
2023-08-09T22:43:04Z,run,2023-08-09T23:11:20Z,-8.05526915,-34.95181991,174,88.0
2023-08-09T22:43:04Z,run,2023-08-09T23:11:21Z,-8.05526883,-34.95184124,174,88.0
2023-08-09T22:43:04Z,run,2023-08-09T23:11:22Z,-8.05527182,-34.95186423,174,88.0
2023-08-09T22:43:04Z,run,2023-08-09T23:11:23Z,-8.05528147,-34.95188957,173,88.0
2023-08-09T22:43:04Z,run,2023-08-09T23:11:24Z,-8.05529681,-34.95191457,173,88.0
2023-08-09T22:43:04Z,run,2023-08-09T23:11:25Z,-8.0553108,-34.95193989,173,88.0
2023-08-09T22:43:04Z,run,2023-08-09T23:11:26Z,-8.05532146,-34.95196388,173,88.0
2023-08-09T22:43:04Z,run,2023-08-09T23:11:27Z,-8.05532745,-34.95198888,172,88.0
2023-08-09T22:43:04Z,run,2023-08-09T23:11:28Z,-8.05533012,-34.95201588,172,88.0
2023-08-09T22:43:04Z,run,2023-08-09T23:11:29Z,-8.05533111,-34.9520412,172,88.0
2023-08-09T22:43:04Z,run,2023-08-09T23:11:30Z,-8.05533178,-34.9520652,172,88.0
2023-08-09T22:43:04Z,run,2023-08-09T23:11:31Z,-8.05533145,-34.95208953,173,88.0
2023-08-09T22:43:04Z,run,2023-08-09T23:11:32Z,-8.0553288,-34.95211386,173,88.0
2023-08-09T22:43:04Z,run,2023-08-09T23:11:33Z,-8.05532414,-34.95213685,173,88.0
2023-08-09T22:43:04Z,run,2023-08-09T23:11:34Z,-8.05531781,-34.95216251,173,88.0
2023-08-09T22:43:04Z,run,2023-08-09T23:11:35Z,-8.05531015,-34.95218951,173,88.0
2023-08-09T22:43:04Z,run,2023-08-09T23:11:36Z,-8.05530348,-34.95221683,174,88.0
2023-08-09T22:43:04Z,run,2023-08-09T23:11:37Z,-8.05529616,-34.95224283,174,87.0
2023-08-09T22:43:04Z,run,2023-08-09T23:11:38Z,-8.05528916,-34.95226815,175,88.0
2023-08-09T22:43:04Z,run,2023-08-09T23:11:39Z,-8.05528383,-34.95229248,175,88.0
2023-08-09T22:43:04Z,run,2023-08-09T23:11:40Z,-8.05527917,-34.95231681,176,88.0
2023-08-09T22:43:04Z,run,2023-08-09T23:11:41Z,-8.0552745,-34.9523408,176,88.0
2023-08-09T22:43:04Z,run,2023-08-09T23:11:42Z,-8.05527117,-34.95236447,176,88.0
2023-08-09T22:43:04Z,run,2023-08-09T23:11:43Z,-8.05526784,-34.95238846,176,88.0
2023-08-09T22:43:04Z,run,2023-08-09T23:11:44Z,-8.05526584,-34.95241246,176,88.0
2023-08-09T22:43:04Z,run,2023-08-09T23:11:45Z,-8.05526385,-34.95243645,175,87.0
2023-08-09T22:43:04Z,run,2023-08-09T23:11:46Z,-8.05526152,-34.95246045,174,88.0
2023-08-09T22:43:04Z,run,2023-08-09T23:11:47Z,-8.05525919,-34.95248444,174,88.0
2023-08-09T22:43:04Z,run,2023-08-09T23:11:48Z,-8.0552562,-34.95250744,173,88.0
2023-08-09T22:43:04Z,run,2023-08-09T23:11:49Z,-8.05525287,-34.95253043,172,88.0
2023-08-09T22:43:04Z,run,2023-08-09T23:11:50Z,-8.0552502,-34.95255375,172,88.0
2023-08-09T22:43:04Z,run,2023-08-09T23:11:51Z,-8.05524788,-34.95257741,172,88.0
2023-08-09T22:43:04Z,run,2023-08-09T23:11:52Z,-8.05524454,-34.95260041,172,88.0
2023-08-09T22:43:04Z,run,2023-08-09T23:11:53Z,-8.05524189,-34.95262274,172,88.0
2023-08-09T22:43:04Z,run,2023-08-09T23:11:54Z,-8.0552389,-34.95264473,172,88.0
2023-08-09T22:43:04Z,run,2023-08-09T23:11:55Z,-8.05523557,-34.95266739,172,88.0
2023-08-09T22:43:04Z,run,2023-08-09T23:11:56Z,-8.05523191,-34.95269072,172,88.0
2023-08-09T22:43:04Z,run,2023-08-09T23:11:57Z,-8.05522725,-34.95271305,172,87.0
2023-08-09T22:43:04Z,run,2023-08-09T23:11:58Z,-8.05522325,-34.95273539,172,88.0
2023-08-09T22:43:04Z,run,2023-08-09T23:11:59Z,-8.05521925,-34.95275804,172,88.0
2023-08-09T22:43:04Z,run,2023-08-09T23:12:00Z,-8.05521526,-34.95278038,172,89.0
2023-08-09T22:43:04Z,run,2023-08-09T23:12:01Z,-8.05521293,-34.9528037,172,89.0
2023-08-09T22:43:04Z,run,2023-08-09T23:12:02Z,-8.0552106,-34.95282636,172,88.0
2023-08-09T22:43:04Z,run,2023-08-09T23:12:03Z,-8.05520727,-34.95284869,172,87.0
2023-08-09T22:43:04Z,run,2023-08-09T23:12:04Z,-8.05520295,-34.95286968,172,88.0
2023-08-09T22:43:04Z,run,2023-08-09T23:12:05Z,-8.05519861,-34.95289035,172,88.0
2023-08-09T22:43:04Z,run,2023-08-09T23:12:06Z,-8.05519461,-34.95291134,171,88.0
2023-08-09T22:43:04Z,run,2023-08-09T23:12:07Z,-8.05519162,-34.95293334,171,88.0
2023-08-09T22:43:04Z,run,2023-08-09T23:12:08Z,-8.05518863,-34.952955,172,88.0
2023-08-09T22:43:04Z,run,2023-08-09T23:12:09Z,-8.05518598,-34.95297666,172,88.0
2023-08-09T22:43:04Z,run,2023-08-09T23:12:10Z,-8.05518264,-34.95299833,171,88.0
2023-08-09T22:43:04Z,run,2023-08-09T23:12:11Z,-8.05518064,-34.95302165,170,88.0
2023-08-09T22:43:04Z,run,2023-08-09T23:12:12Z,-8.05517999,-34.95304565,170,88.0
2023-08-09T22:43:04Z,run,2023-08-09T23:12:13Z,-8.05517932,-34.95306931,170,88.0
2023-08-09T22:43:04Z,run,2023-08-09T23:12:14Z,-8.05518165,-34.95309331,169,88.0
2023-08-09T22:43:04Z,run,2023-08-09T23:12:15Z,-8.05518531,-34.95311564,169,88.0
2023-08-09T22:43:04Z,run,2023-08-09T23:12:16Z,-8.05519064,-34.9531383,169,88.0
2023-08-09T22:43:04Z,run,2023-08-09T23:12:17Z,-8.05519697,-34.95316095,169,89.0
2023-08-09T22:43:04Z,run,2023-08-09T23:12:18Z,-8.05520297,-34.95318562,169,89.0
2023-08-09T22:43:04Z,run,2023-08-09T23:12:19Z,-8.05520963,-34.95320994,169,88.0
2023-08-09T22:43:04Z,run,2023-08-09T23:12:20Z,-8.05521629,-34.95323428,169,88.0
2023-08-09T22:43:04Z,run,2023-08-09T23:12:21Z,-8.05522162,-34.95325793,169,89.0
2023-08-09T22:43:04Z,run,2023-08-09T23:12:22Z,-8.05522761,-34.95328227,170,88.0
2023-08-09T22:43:04Z,run,2023-08-09T23:12:23Z,-8.05523328,-34.9533066,170,88.0
2023-08-09T22:43:04Z,run,2023-08-09T23:12:24Z,-8.05523861,-34.95333059,170,88.0
2023-08-09T22:43:04Z,run,2023-08-09T23:12:25Z,-8.05524394,-34.95335426,171,88.0
2023-08-09T22:43:04Z,run,2023-08-09T23:12:26Z,-8.0552486,-34.95337758,171,88.0
2023-08-09T22:43:04Z,run,2023-08-09T23:12:27Z,-8.05525327,-34.95340057,171,88.0
2023-08-09T22:43:04Z,run,2023-08-09T23:12:28Z,-8.05525659,-34.95342323,171,88.0
2023-08-09T22:43:04Z,run,2023-08-09T23:12:29Z,-8.05525859,-34.95344423,171,88.0
2023-08-09T22:43:04Z,run,2023-08-09T23:12:30Z,-8.05526126,-34.95346522,171,88.0
2023-08-09T22:43:04Z,run,2023-08-09T23:12:31Z,-8.05526459,-34.95348554,171,88.0
2023-08-09T22:43:04Z,run,2023-08-09T23:12:32Z,-8.05527026,-34.95350654,171,88.0
2023-08-09T22:43:04Z,run,2023-08-09T23:12:33Z,-8.05527593,-34.9535272,171,88.0
2023-08-09T22:43:04Z,run,2023-08-09T23:12:34Z,-8.05528492,-34.95354653,170,88.0
2023-08-09T22:43:04Z,run,2023-08-09T23:12:35Z,-8.05529457,-34.9535632,169,88.0
2023-08-09T22:43:04Z,run,2023-08-09T23:12:36Z,-8.05530624,-34.95357852,169,88.0
2023-08-09T22:43:04Z,run,2023-08-09T23:12:37Z,-8.05531923,-34.95359119,169,88.0
2023-08-09T22:43:04Z,run,2023-08-09T23:12:38Z,-8.05533423,-34.95360251,169,88.0
2023-08-09T22:43:04Z,run,2023-08-09T23:12:39Z,-8.05535089,-34.95361183,169,88.0
2023-08-09T22:43:04Z,run,2023-08-09T23:12:40Z,-8.05536855,-34.9536225,169,89.0
2023-08-09T22:43:04Z,run,2023-08-09T23:12:41Z,-8.05538588,-34.95363516,170,87.0
2023-08-09T22:43:04Z,run,2023-08-09T23:12:42Z,-8.05540087,-34.95365082,170,87.0
2023-08-09T22:43:04Z,run,2023-08-09T23:12:43Z,-8.0554112,-34.95367148,171,88.0
2023-08-09T22:43:04Z,run,2023-08-09T23:12:44Z,-8.05541587,-34.95369548,172,88.0
2023-08-09T22:43:04Z,run,2023-08-09T23:12:45Z,-8.05542319,-34.95371647,173,88.0
2023-08-09T22:43:04Z,run,2023-08-09T23:12:46Z,-8.05543019,-34.95373714,173,88.0
2023-08-09T22:43:04Z,run,2023-08-09T23:12:47Z,-8.05543819,-34.95375647,173,88.0
2023-08-09T22:43:04Z,run,2023-08-09T23:12:48Z,-8.05545385,-34.95377047,173,88.0
2023-08-09T22:43:04Z,run,2023-08-09T23:12:49Z,-8.0554755,-34.95378046,173,89.0
2023-08-09T22:43:04Z,run,2023-08-09T23:12:49Z,-8.05549384,-34.95379279,173,89.0
2023-08-09T22:43:04Z,run,2023-08-09T23:12:50Z,-8.05551149,-34.95380612,171,88.0
2023-08-09T22:43:04Z,run,2023-08-09T23:12:51Z,-8.05553215,-34.95382044,171,88.0
2023-08-09T22:43:04Z,run,2023-08-09T23:12:52Z,-8.05555148,-34.95383577,171,88.0
2023-08-09T22:43:04Z,run,2023-08-09T23:12:53Z,-8.05557014,-34.95385244,171,89.0
2023-08-09T22:43:04Z,run,2023-08-09T23:12:54Z,-8.05558814,-34.9538711,171,89.0
2023-08-09T22:43:04Z,run,2023-08-09T23:12:55Z,-8.05560446,-34.95389109,172,88.0
2023-08-09T22:43:04Z,run,2023-08-09T23:12:56Z,-8.05561713,-34.95391342,171,88.0
2023-08-09T22:43:04Z,run,2023-08-09T23:12:57Z,-8.05562512,-34.95393675,170,88.0
2023-08-09T22:43:04Z,run,2023-08-09T23:12:58Z,-8.05562979,-34.95396041,169,89.0
2023-08-09T22:43:04Z,run,2023-08-09T23:12:59Z,-8.05563244,-34.95398474,169,89.0
2023-08-09T22:43:04Z,run,2023-08-09T23:13:00Z,-8.05563477,-34.95400974,169,89.0
2023-08-09T22:43:04Z,run,2023-08-09T23:13:01Z,-8.05563576,-34.95403474,168,88.0
2023-08-09T22:43:04Z,run,2023-08-09T23:13:02Z,-8.05563642,-34.95405973,168,88.0
2023-08-09T22:43:04Z,run,2023-08-09T23:13:03Z,-8.05563576,-34.95408373,168,88.0
2023-08-09T22:43:04Z,run,2023-08-09T23:13:04Z,-8.05563543,-34.95410607,170,88.0
2023-08-09T22:43:04Z,run,2023-08-09T23:13:05Z,-8.05563478,-34.9541284,170,88.0
2023-08-09T22:43:04Z,run,2023-08-09T23:13:06Z,-8.05563245,-34.95415073,170,88.0
2023-08-09T22:43:04Z,run,2023-08-09T23:13:07Z,-8.05562946,-34.95417239,170,89.0
2023-08-09T22:43:04Z,run,2023-08-09T23:13:08Z,-8.05562681,-34.95419539,170,88.0
2023-08-09T22:43:04Z,run,2023-08-09T23:13:09Z,-8.05562448,-34.95421871,170,88.0
2023-08-09T22:43:04Z,run,2023-08-09T23:13:10Z,-8.05562282,-34.9542417,170,88.0
2023-08-09T22:43:04Z,run,2023-08-09T23:13:11Z,-8.05562082,-34.9542637,170,88.0
2023-08-09T22:43:04Z,run,2023-08-09T23:13:12Z,-8.05561882,-34.95428636,170,88.0
2023-08-09T22:43:04Z,run,2023-08-09T23:13:13Z,-8.05561616,-34.95430869,170,88.0
2023-08-09T22:43:04Z,run,2023-08-09T23:13:14Z,-8.05561416,-34.95433069,171,88.0
2023-08-09T22:43:04Z,run,2023-08-09T23:13:15Z,-8.05561149,-34.95435269,172,88.0
2023-08-09T22:43:04Z,run,2023-08-09T23:13:16Z,-8.05560884,-34.95437502,172,88.0
2023-08-09T22:43:04Z,run,2023-08-09T23:13:17Z,-8.05560518,-34.95439767,172,89.0
2023-08-09T22:43:04Z,run,2023-08-09T23:13:18Z,-8.05560185,-34.95442067,172,89.0
2023-08-09T22:43:04Z,run,2023-08-09T23:13:19Z,-8.05559886,-34.954444,172,88.0
2023-08-09T22:43:04Z,run,2023-08-09T23:13:20Z,-8.05559686,-34.95446765,172,89.0
2023-08-09T22:43:04Z,run,2023-08-09T23:13:21Z,-8.05559419,-34.95449099,172,88.0
2023-08-09T22:43:04Z,run,2023-08-09T23:13:22Z,-8.05559086,-34.95451398,171,89.0
2023-08-09T22:43:04Z,run,2023-08-09T23:13:23Z,-8.05558453,-34.95453797,169,88.0
2023-08-09T22:43:04Z,run,2023-08-09T23:13:24Z,-8.05557853,-34.9545623,169,88.0
2023-08-09T22:43:04Z,run,2023-08-09T23:13:25Z,-8.05557288,-34.95458762,169,88.0
2023-08-09T22:43:04Z,run,2023-08-09T23:13:26Z,-8.05556654,-34.95461229,169,89.0
2023-08-09T22:43:04Z,run,2023-08-09T23:13:27Z,-8.05556155,-34.95463628,169,88.0
2023-08-09T22:43:04Z,run,2023-08-09T23:13:28Z,-8.05555822,-34.95466061,170,88.0
2023-08-09T22:43:04Z,run,2023-08-09T23:13:29Z,-8.0555559,-34.95468495,171,88.0
2023-08-09T22:43:04Z,run,2023-08-09T23:13:30Z,-8.0555539,-34.9547086,171,88.0
2023-08-09T22:43:04Z,run,2023-08-09T23:13:31Z,-8.05555157,-34.95473226,171,88.0
2023-08-09T22:43:04Z,run,2023-08-09T23:13:32Z,-8.05554924,-34.95475593,171,88.0
2023-08-09T22:43:04Z,run,2023-08-09T23:13:33Z,-8.05554658,-34.95477858,171,88.0
2023-08-09T22:43:04Z,run,2023-08-09T23:13:34Z,-8.05554325,-34.95480191,171,88.0
2023-08-09T22:43:04Z,run,2023-08-09T23:13:35Z,-8.05553892,-34.95482557,172,88.0
2023-08-09T22:43:04Z,run,2023-08-09T23:13:36Z,-8.05553426,-34.95484923,172,88.0
2023-08-09T22:43:04Z,run,2023-08-09T23:13:37Z,-8.05553127,-34.95487156,171,89.0
2023-08-09T22:43:04Z,run,2023-08-09T23:13:38Z,-8.05552794,-34.95489489,171,88.0
2023-08-09T22:43:04Z,run,2023-08-09T23:13:39Z,-8.05552527,-34.95491788,171,88.0
2023-08-09T22:43:04Z,run,2023-08-09T23:13:40Z,-8.05552194,-34.95494121,171,88.0
2023-08-09T22:43:04Z,run,2023-08-09T23:13:41Z,-8.05551895,-34.95496453,171,88.0
2023-08-09T22:43:04Z,run,2023-08-09T23:13:42Z,-8.05551529,-34.95498852,171,87.0
2023-08-09T22:43:04Z,run,2023-08-09T23:13:43Z,-8.05551262,-34.95501252,171,87.0
2023-08-09T22:43:04Z,run,2023-08-09T23:13:44Z,-8.05551063,-34.95503719,172,87.0
2023-08-09T22:43:04Z,run,2023-08-09T23:13:45Z,-8.05550963,-34.95506118,172,88.0
2023-08-09T22:43:04Z,run,2023-08-09T23:13:46Z,-8.0555093,-34.95508518,172,88.0
2023-08-09T22:43:04Z,run,2023-08-09T23:13:47Z,-8.05550898,-34.95510884,173,88.0
2023-08-09T22:43:04Z,run,2023-08-09T23:13:48Z,-8.05550764,-34.9551325,172,88.0
2023-08-09T22:43:04Z,run,2023-08-09T23:13:49Z,-8.05550499,-34.95515516,172,88.0
2023-08-09T22:43:04Z,run,2023-08-09T23:13:50Z,-8.05550065,-34.95517782,172,88.0
2023-08-09T22:43:04Z,run,2023-08-09T23:13:51Z,-8.05549865,-34.95519947,172,87.0
2023-08-09T22:43:04Z,run,2023-08-09T23:13:52Z,-8.05549533,-34.95522181,171,87.0
2023-08-09T22:43:04Z,run,2023-08-09T23:13:53Z,-8.05549133,-34.95524446,170,88.0
2023-08-09T22:43:04Z,run,2023-08-09T23:13:54Z,-8.055488,-34.9552678,170,88.0
2023-08-09T22:43:04Z,run,2023-08-09T23:13:55Z,-8.05548467,-34.95529045,170,88.0
2023-08-09T22:43:04Z,run,2023-08-09T23:13:56Z,-8.05548101,-34.95531245,170,88.0
2023-08-09T22:43:04Z,run,2023-08-09T23:13:57Z,-8.05547635,-34.95533544,169,88.0
2023-08-09T22:43:04Z,run,2023-08-09T23:13:58Z,-8.05547302,-34.95535843,169,88.0
2023-08-09T22:43:04Z,run,2023-08-09T23:13:59Z,-8.05546868,-34.95538142,168,88.0
2023-08-09T22:43:04Z,run,2023-08-09T23:14:00Z,-8.05546202,-34.95540408,167,88.0
2023-08-09T22:43:04Z,run,2023-08-09T23:14:01Z,-8.05545568,-34.95542707,167,88.0
2023-08-09T22:43:04Z,run,2023-08-09T23:14:02Z,-8.05545003,-34.95544907,167,88.0
2023-08-09T22:43:04Z,run,2023-08-09T23:14:03Z,-8.05544504,-34.9554704,168,88.0
2023-08-09T22:43:04Z,run,2023-08-09T23:14:04Z,-8.05544104,-34.95549206,169,88.0
2023-08-09T22:43:04Z,run,2023-08-09T23:14:05Z,-8.05543738,-34.95551472,168,88.0
2023-08-09T22:43:04Z,run,2023-08-09T23:14:06Z,-8.05543439,-34.95553772,168,88.0
2023-08-09T22:43:04Z,run,2023-08-09T23:14:07Z,-8.05543172,-34.95556171,168,88.0
2023-08-09T22:43:04Z,run,2023-08-09T23:14:08Z,-8.05542972,-34.95558537,168,88.0
2023-08-09T22:43:04Z,run,2023-08-09T23:14:09Z,-8.05542639,-34.9556067,168,88.0
2023-08-09T22:43:04Z,run,2023-08-09T23:14:10Z,-8.0554244,-34.95562935,168,88.0
2023-08-09T22:43:04Z,run,2023-08-09T23:14:11Z,-8.0554224,-34.95565268,168,88.0
2023-08-09T22:43:04Z,run,2023-08-09T23:14:12Z,-8.05542108,-34.95567601,169,88.0
2023-08-09T22:43:04Z,run,2023-08-09T23:14:13Z,-8.05541908,-34.9557,170,88.0
2023-08-09T22:43:04Z,run,2023-08-09T23:14:14Z,-8.05541708,-34.95572367,170,88.0
2023-08-09T22:43:04Z,run,2023-08-09T23:14:15Z,-8.05541375,-34.95574699,171,88.0
2023-08-09T22:43:04Z,run,2023-08-09T23:14:16Z,-8.05540975,-34.95577065,171,88.0
2023-08-09T22:43:04Z,run,2023-08-09T23:14:17Z,-8.05540476,-34.95579398,171,88.0
2023-08-09T22:43:04Z,run,2023-08-09T23:14:18Z,-8.05540044,-34.95581764,171,89.0
2023-08-09T22:43:04Z,run,2023-08-09T23:14:19Z,-8.05539711,-34.95584096,171,88.0
2023-08-09T22:43:04Z,run,2023-08-09T23:14:20Z,-8.05539478,-34.95586429,171,88.0
2023-08-09T22:43:04Z,run,2023-08-09T23:14:21Z,-8.05539312,-34.95588762,171,89.0
2023-08-09T22:43:04Z,run,2023-08-09T23:14:22Z,-8.05539146,-34.95591027,172,89.0
2023-08-09T22:43:04Z,run,2023-08-09T23:14:23Z,-8.05538946,-34.95593293,172,89.0
2023-08-09T22:43:04Z,run,2023-08-09T23:14:24Z,-8.05538846,-34.95595292,172,86.0
2023-08-09T22:43:04Z,run,2023-08-09T23:14:25Z,-8.05538846,-34.95596792,172,86.0
2023-08-09T22:43:04Z,run,2023-08-09T23:14:26Z,-8.05538846,-34.95597524,172,86.0
2023-08-09T22:43:04Z,run,2023-08-09T23:14:27Z,-8.05538714,-34.95597492,171,86.0
2023-08-09T22:43:04Z,run,2023-08-09T23:14:28Z,-8.05538481,-34.95596692,170,87.0
2023-08-09T22:43:04Z,run,2023-08-09T23:14:29Z,-8.05537949,-34.95595093,170,87.0
2023-08-09T22:43:04Z,run,2023-08-09T23:14:30Z,-8.05537482,-34.95593126,170,88.0
2023-08-09T22:43:04Z,run,2023-08-09T23:14:31Z,-8.05537149,-34.9559086,171,88.0
2023-08-09T22:43:04Z,run,2023-08-09T23:14:32Z,-8.05536949,-34.95588394,171,88.0
2023-08-09T22:43:04Z,run,2023-08-09T23:14:33Z,-8.05536783,-34.95585927,171,88.0
2023-08-09T22:43:04Z,run,2023-08-09T23:14:34Z,-8.05536651,-34.95583395,172,88.0
2023-08-09T22:43:04Z,run,2023-08-09T23:14:35Z,-8.05536552,-34.95580895,172,88.0
2023-08-09T22:43:04Z,run,2023-08-09T23:14:36Z,-8.0553642,-34.95578363,171,88.0
2023-08-09T22:43:04Z,run,2023-08-09T23:14:37Z,-8.0553622,-34.95575797,171,88.0
2023-08-09T22:43:04Z,run,2023-08-09T23:14:38Z,-8.05536054,-34.95573265,171,88.0
2023-08-09T22:43:04Z,run,2023-08-09T23:14:39Z,-8.05535987,-34.95570731,171,88.0
2023-08-09T22:43:04Z,run,2023-08-09T23:14:40Z,-8.05536086,-34.95568365,172,88.0
2023-08-09T22:43:04Z,run,2023-08-09T23:14:41Z,-8.0553622,-34.95566032,172,89.0
2023-08-09T22:43:04Z,run,2023-08-09T23:14:42Z,-8.05536386,-34.95563733,170,89.0
2023-08-09T22:43:04Z,run,2023-08-09T23:14:43Z,-8.05536485,-34.95561434,169,88.0
2023-08-09T22:43:04Z,run,2023-08-09T23:14:44Z,-8.05536584,-34.95559135,169,88.0
2023-08-09T22:43:04Z,run,2023-08-09T23:14:45Z,-8.05536718,-34.95556735,169,88.0
2023-08-09T22:43:04Z,run,2023-08-09T23:14:46Z,-8.05536884,-34.95554403,169,88.0
2023-08-09T22:43:04Z,run,2023-08-09T23:14:47Z,-8.0553695,-34.95551936,168,88.0
2023-08-09T22:43:04Z,run,2023-08-09T23:14:48Z,-8.05537317,-34.95549503,168,88.0
2023-08-09T22:43:04Z,run,2023-08-09T23:14:49Z,-8.05537749,-34.95547137,168,88.0
2023-08-09T22:43:04Z,run,2023-08-09T23:14:50Z,-8.05538316,-34.95544805,168,88.0
2023-08-09T22:43:04Z,run,2023-08-09T23:14:51Z,-8.05538982,-34.95542539,168,88.0
2023-08-09T22:43:04Z,run,2023-08-09T23:14:52Z,-8.05539381,-34.95539974,168,88.0
2023-08-09T22:43:04Z,run,2023-08-09T23:14:53Z,-8.05539515,-34.9553744,168,89.0
2023-08-09T22:43:04Z,run,2023-08-09T23:14:54Z,-8.05539947,-34.95534908,168,88.0
2023-08-09T22:43:04Z,run,2023-08-09T23:14:55Z,-8.05540446,-34.95532376,167,88.0
2023-08-09T22:43:04Z,run,2023-08-09T23:14:56Z,-8.05541078,-34.95530042,167,88.0
2023-08-09T22:43:04Z,run,2023-08-09T23:14:57Z,-8.05541545,-34.9552771,167,88.0
2023-08-09T22:43:04Z,run,2023-08-09T23:14:58Z,-8.05541844,-34.9552531,167,88.0
2023-08-09T22:43:04Z,run,2023-08-09T23:14:59Z,-8.05542077,-34.95522878,167,88.0
2023-08-09T22:43:04Z,run,2023-08-09T23:15:00Z,-8.0554221,-34.95520378,167,88.0
2023-08-09T22:43:04Z,run,2023-08-09T23:15:01Z,-8.05542243,-34.95517911,167,89.0
2023-08-09T22:43:04Z,run,2023-08-09T23:15:02Z,-8.05542443,-34.95515411,166,88.0
2023-08-09T22:43:04Z,run,2023-08-09T23:15:03Z,-8.05542675,-34.95512979,166,88.0
2023-08-09T22:43:04Z,run,2023-08-09T23:15:04Z,-8.05542841,-34.95510612,165,88.0
2023-08-09T22:43:04Z,run,2023-08-09T23:15:05Z,-8.05543041,-34.95508246,165,88.0
2023-08-09T22:43:04Z,run,2023-08-09T23:15:06Z,-8.0554334,-34.95506046,165,88.0
2023-08-09T22:43:04Z,run,2023-08-09T23:15:07Z,-8.0554344,-34.95503747,164,87.0
2023-08-09T22:43:04Z,run,2023-08-09T23:15:08Z,-8.05543672,-34.95501514,164,88.0
2023-08-09T22:43:04Z,run,2023-08-09T23:15:09Z,-8.05543905,-34.95499248,164,88.0
2023-08-09T22:43:04Z,run,2023-08-09T23:15:10Z,-8.05544305,-34.95496949,164,88.0
2023-08-09T22:43:04Z,run,2023-08-09T23:15:11Z,-8.0554457,-34.95494516,164,88.0
2023-08-09T22:43:04Z,run,2023-08-09T23:15:12Z,-8.05544936,-34.95492117,163,88.0
2023-08-09T22:43:04Z,run,2023-08-09T23:15:13Z,-8.05545269,-34.95489817,164,88.0
2023-08-09T22:43:04Z,run,2023-08-09T23:15:14Z,-8.05545635,-34.95487485,165,88.0
2023-08-09T22:43:04Z,run,2023-08-09T23:15:15Z,-8.05545835,-34.95485186,165,88.0
2023-08-09T22:43:04Z,run,2023-08-09T23:15:16Z,-8.05546102,-34.95482853,166,88.0
2023-08-09T22:43:04Z,run,2023-08-09T23:15:17Z,-8.05546334,-34.9548052,166,88.0
2023-08-09T22:43:04Z,run,2023-08-09T23:15:18Z,-8.05546667,-34.95478121,165,88.0
2023-08-09T22:43:04Z,run,2023-08-09T23:15:19Z,-8.05546867,-34.95475688,164,88.0
2023-08-09T22:43:04Z,run,2023-08-09T23:15:20Z,-8.05547033,-34.95473154,164,88.0
2023-08-09T22:43:04Z,run,2023-08-09T23:15:21Z,-8.05547066,-34.95470622,164,88.0
2023-08-09T22:43:04Z,run,2023-08-09T23:15:22Z,-8.05547132,-34.95468023,165,89.0
2023-08-09T22:43:04Z,run,2023-08-09T23:15:23Z,-8.05547199,-34.95465523,166,88.0
2023-08-09T22:43:04Z,run,2023-08-09T23:15:24Z,-8.05547399,-34.9546309,166,88.0
2023-08-09T22:43:04Z,run,2023-08-09T23:15:25Z,-8.05547599,-34.95460691,166,88.0
2023-08-09T22:43:04Z,run,2023-08-09T23:15:26Z,-8.05547831,-34.95458224,163,88.0
2023-08-09T22:43:04Z,run,2023-08-09T23:15:27Z,-8.05547998,-34.95455791,163,88.0
2023-08-09T22:43:04Z,run,2023-08-09T23:15:28Z,-8.05548097,-34.95453192,163,88.0
2023-08-09T22:43:04Z,run,2023-08-09T23:15:29Z,-8.05548097,-34.95450658,163,88.0
2023-08-09T22:43:04Z,run,2023-08-09T23:15:30Z,-8.0554803,-34.95447993,163,88.0
2023-08-09T22:43:04Z,run,2023-08-09T23:15:31Z,-8.0554783,-34.95445359,163,88.0
2023-08-09T22:43:04Z,run,2023-08-09T23:15:32Z,-8.05547731,-34.9544276,164,88.0
2023-08-09T22:43:04Z,run,2023-08-09T23:15:33Z,-8.05547698,-34.95440228,165,88.0
2023-08-09T22:43:04Z,run,2023-08-09T23:15:34Z,-8.05547898,-34.95437896,165,88.0
2023-08-09T22:43:04Z,run,2023-08-09T23:15:35Z,-8.05548298,-34.95435597,165,88.0
2023-08-09T22:43:04Z,run,2023-08-09T23:15:36Z,-8.05548764,-34.95433297,165,88.0
2023-08-09T22:43:04Z,run,2023-08-09T23:15:37Z,-8.05549163,-34.95430931,165,88.0
2023-08-09T22:43:04Z,run,2023-08-09T23:15:38Z,-8.05549597,-34.95428565,167,88.0
2023-08-09T22:43:04Z,run,2023-08-09T23:15:39Z,-8.05550096,-34.95426165,168,88.0
2023-08-09T22:43:04Z,run,2023-08-09T23:15:40Z,-8.05550496,-34.95423699,168,88.0
2023-08-09T22:43:04Z,run,2023-08-09T23:15:41Z,-8.05550829,-34.95421233,168,89.0
2023-08-09T22:43:04Z,run,2023-08-09T23:15:42Z,-8.05551128,-34.954189,168,89.0
2023-08-09T22:43:04Z,run,2023-08-09T23:15:43Z,-8.05551595,-34.95416567,168,88.0
2023-08-09T22:43:04Z,run,2023-08-09T23:15:44Z,-8.05551928,-34.95414202,168,88.0
2023-08-09T22:43:04Z,run,2023-08-09T23:15:45Z,-8.05552261,-34.95411936,168,88.0
2023-08-09T22:43:04Z,run,2023-08-09T23:15:46Z,-8.0555256,-34.95409736,168,88.0
2023-08-09T22:43:04Z,run,2023-08-09T23:15:47Z,-8.05552793,-34.95407569,168,88.0
2023-08-09T22:43:04Z,run,2023-08-09T23:15:48Z,-8.05553092,-34.95405369,168,88.0
2023-08-09T22:43:04Z,run,2023-08-09T23:15:49Z,-8.05553357,-34.95403169,169,88.0
2023-08-09T22:43:04Z,run,2023-08-09T23:15:50Z,-8.05553624,-34.95400904,170,88.0
2023-08-09T22:43:04Z,run,2023-08-09T23:15:51Z,-8.05553856,-34.9539867,170,88.0
2023-08-09T22:43:04Z,run,2023-08-09T23:15:52Z,-8.05554056,-34.95396405,170,88.0
2023-08-09T22:43:04Z,run,2023-08-09T23:15:53Z,-8.05554256,-34.95394106,170,88.0
2023-08-09T22:43:04Z,run,2023-08-09T23:15:54Z,-8.0555439,-34.95391872,171,88.0
2023-08-09T22:43:04Z,run,2023-08-09T23:15:55Z,-8.05554356,-34.9538974,173,88.0
2023-08-09T22:43:04Z,run,2023-08-09T23:15:56Z,-8.05554124,-34.95387741,172,87.0
2023-08-09T22:43:04Z,run,2023-08-09T23:15:57Z,-8.05553524,-34.95385774,172,87.0
2023-08-09T22:43:04Z,run,2023-08-09T23:15:58Z,-8.05552525,-34.95384008,172,87.0
2023-08-09T22:43:04Z,run,2023-08-09T23:15:59Z,-8.05551258,-34.95382509,172,87.0
2023-08-09T22:43:04Z,run,2023-08-09T23:16:00Z,-8.05549858,-34.95381343,172,88.0
2023-08-09T22:43:04Z,run,2023-08-09T23:16:01Z,-8.05548192,-34.95380376,172,88.0
2023-08-09T22:43:04Z,run,2023-08-09T23:16:02Z,-8.05546425,-34.95379577,171,88.0
2023-08-09T22:43:04Z,run,2023-08-09T23:16:03Z,-8.05544593,-34.95379044,171,88.0
2023-08-09T22:43:04Z,run,2023-08-09T23:16:04Z,-8.0554246,-34.95378577,171,88.0
2023-08-09T22:43:04Z,run,2023-08-09T23:16:05Z,-8.05540195,-34.95378312,170,88.0
2023-08-09T22:43:04Z,run,2023-08-09T23:16:06Z,-8.05537929,-34.95378179,170,88.0
2023-08-09T22:43:04Z,run,2023-08-09T23:16:07Z,-8.05535696,-34.95378212,170,88.0
2023-08-09T22:43:04Z,run,2023-08-09T23:16:08Z,-8.05533596,-34.95378344,170,88.0
2023-08-09T22:43:04Z,run,2023-08-09T23:16:09Z,-8.05531597,-34.9537841,170,88.0
2023-08-09T22:43:04Z,run,2023-08-09T23:16:10Z,-8.05529663,-34.95378543,170,88.0
2023-08-09T22:43:04Z,run,2023-08-09T23:16:11Z,-8.05527664,-34.95378609,170,89.0
2023-08-09T22:43:04Z,run,2023-08-09T23:16:12Z,-8.05525531,-34.95378609,170,88.0
2023-08-09T22:43:04Z,run,2023-08-09T23:16:13Z,-8.05523165,-34.9537831,170,88.0
2023-08-09T22:43:04Z,run,2023-08-09T23:16:14Z,-8.05520665,-34.95378043,170,88.0
2023-08-09T22:43:04Z,run,2023-08-09T23:16:15Z,-8.05518133,-34.95377677,168,88.0
2023-08-09T22:43:04Z,run,2023-08-09T23:16:16Z,-8.05515634,-34.95377378,167,88.0
2023-08-09T22:43:04Z,run,2023-08-09T23:16:17Z,-8.05513235,-34.95377113,167,88.0
2023-08-09T22:43:04Z,run,2023-08-09T23:16:18Z,-8.05510868,-34.9537678,167,88.0
2023-08-09T22:43:04Z,run,2023-08-09T23:16:19Z,-8.05508502,-34.9537638,168,88.0
2023-08-09T22:43:04Z,run,2023-08-09T23:16:20Z,-8.05506236,-34.95375981,168,88.0
2023-08-09T22:43:04Z,run,2023-08-09T23:16:21Z,-8.05504104,-34.95375581,168,88.0
2023-08-09T22:43:04Z,run,2023-08-09T23:16:22Z,-8.05501937,-34.95375216,168,88.0
2023-08-09T22:43:04Z,run,2023-08-09T23:16:23Z,-8.05499871,-34.9537485,168,88.0
2023-08-09T22:43:04Z,run,2023-08-09T23:16:24Z,-8.05497771,-34.9537465,168,88.0
2023-08-09T22:43:04Z,run,2023-08-09T23:16:25Z,-8.05495671,-34.95374483,169,88.0
2023-08-09T22:43:04Z,run,2023-08-09T23:16:26Z,-8.05493571,-34.95374284,170,88.0
2023-08-09T22:43:04Z,run,2023-08-09T23:16:27Z,-8.05491406,-34.95374019,170,88.0
2023-08-09T22:43:04Z,run,2023-08-09T23:16:28Z,-8.05489273,-34.95373819,169,88.0
2023-08-09T22:43:04Z,run,2023-08-09T23:16:29Z,-8.0548704,-34.95373753,169,88.0
2023-08-09T22:43:04Z,run,2023-08-09T23:16:30Z,-8.05484841,-34.95373653,169,88.0
2023-08-09T22:43:04Z,run,2023-08-09T23:16:31Z,-8.05482708,-34.95373686,169,88.0
2023-08-09T22:43:04Z,run,2023-08-09T23:16:32Z,-8.05480542,-34.95373785,169,88.0
2023-08-09T22:43:04Z,run,2023-08-09T23:16:33Z,-8.05478343,-34.95373785,169,88.0
2023-08-09T22:43:04Z,run,2023-08-09T23:16:34Z,-8.0547611,-34.9537372,170,88.0
2023-08-09T22:43:04Z,run,2023-08-09T23:16:35Z,-8.0547381,-34.9537372,170,88.0
2023-08-09T22:43:04Z,run,2023-08-09T23:16:36Z,-8.05471476,-34.95373852,170,88.0
2023-08-09T22:43:04Z,run,2023-08-09T23:16:37Z,-8.05469077,-34.95374085,169,88.0
2023-08-09T22:43:04Z,run,2023-08-09T23:16:38Z,-8.05466577,-34.95374418,169,88.0
2023-08-09T22:43:04Z,run,2023-08-09T23:16:39Z,-8.05464112,-34.95374717,167,88.0
2023-08-09T22:43:04Z,run,2023-08-09T23:16:40Z,-8.05461546,-34.95374783,166,88.0
2023-08-09T22:43:04Z,run,2023-08-09T23:16:41Z,-8.05459079,-34.9537465,166,88.0
2023-08-09T22:43:04Z,run,2023-08-09T23:16:42Z,-8.05456646,-34.95374551,166,88.0
2023-08-09T22:43:04Z,run,2023-08-09T23:16:43Z,-8.05454346,-34.95374519,166,87.0
2023-08-09T22:43:04Z,run,2023-08-09T23:16:44Z,-8.05452147,-34.95374385,166,88.0
2023-08-09T22:43:04Z,run,2023-08-09T23:16:45Z,-8.05449981,-34.95374219,165,87.0
2023-08-09T22:43:04Z,run,2023-08-09T23:16:46Z,-8.05447681,-34.95374186,165,88.0
2023-08-09T22:43:04Z,run,2023-08-09T23:16:47Z,-8.05445381,-34.95374219,165,88.0
2023-08-09T22:43:04Z,run,2023-08-09T23:16:48Z,-8.05442916,-34.95374186,164,88.0
2023-08-09T22:43:04Z,run,2023-08-09T23:16:49Z,-8.05440483,-34.95373987,164,88.0
2023-08-09T22:43:04Z,run,2023-08-09T23:16:50Z,-8.05437983,-34.95373688,163,88.0
2023-08-09T22:43:04Z,run,2023-08-09T23:16:51Z,-8.05435518,-34.95373355,162,88.0
2023-08-09T22:43:04Z,run,2023-08-09T23:16:52Z,-8.05432885,-34.95372923,162,88.0
2023-08-09T22:43:04Z,run,2023-08-09T23:16:53Z,-8.05430352,-34.95372456,162,88.0
2023-08-09T22:43:04Z,run,2023-08-09T23:16:54Z,-8.05427885,-34.95371889,162,88.0
2023-08-09T22:43:04Z,run,2023-08-09T23:16:55Z,-8.05425486,-34.95371356,162,88.0
2023-08-09T22:43:04Z,run,2023-08-09T23:16:56Z,-8.0542312,-34.95370957,162,88.0
2023-08-09T22:43:04Z,run,2023-08-09T23:16:57Z,-8.05420887,-34.95370557,162,88.0
2023-08-09T22:43:04Z,run,2023-08-09T23:16:58Z,-8.05418587,-34.95370025,163,88.0
2023-08-09T22:43:04Z,run,2023-08-09T23:16:59Z,-8.05416255,-34.95369725,165,88.0
2023-08-09T22:43:04Z,run,2023-08-09T23:17:00Z,-8.05413955,-34.95369426,165,88.0
2023-08-09T22:43:04Z,run,2023-08-09T23:17:01Z,-8.05411722,-34.95369193,166,88.0
2023-08-09T22:43:04Z,run,2023-08-09T23:17:02Z,-8.05409589,-34.9536906,168,88.0
2023-08-09T22:43:04Z,run,2023-08-09T23:17:03Z,-8.05407356,-34.9536886,168,88.0
2023-08-09T22:43:04Z,run,2023-08-09T23:17:04Z,-8.05405124,-34.95368628,168,88.0
2023-08-09T22:43:04Z,run,2023-08-09T23:17:04Z,-8.05402824,-34.95368328,168,88.0
2023-08-09T22:43:04Z,run,2023-08-09T23:17:05Z,-8.05400558,-34.95368095,168,88.0
2023-08-09T22:43:04Z,run,2023-08-09T23:17:06Z,-8.05398225,-34.95367929,168,88.0
2023-08-09T22:43:04Z,run,2023-08-09T23:17:07Z,-8.05395992,-34.9536783,169,88.0
2023-08-09T22:43:04Z,run,2023-08-09T23:17:08Z,-8.05393626,-34.95367696,169,88.0
2023-08-09T22:43:04Z,run,2023-08-09T23:17:09Z,-8.0539136,-34.95367564,167,88.0
2023-08-09T22:43:04Z,run,2023-08-09T23:17:10Z,-8.05389127,-34.95367364,167,88.0
2023-08-09T22:43:04Z,run,2023-08-09T23:17:11Z,-8.05386827,-34.95367131,167,88.0
2023-08-09T22:43:04Z,run,2023-08-09T23:17:12Z,-8.05384561,-34.95366798,167,88.0
2023-08-09T22:43:04Z,run,2023-08-09T23:17:13Z,-8.05382295,-34.95366466,167,88.0
2023-08-09T22:43:04Z,run,2023-08-09T23:17:14Z,-8.05380062,-34.95366033,167,88.0
2023-08-09T22:43:04Z,run,2023-08-09T23:17:15Z,-8.05377763,-34.95365466,168,88.0
2023-08-09T22:43:04Z,run,2023-08-09T23:17:16Z,-8.0537543,-34.95364834,168,88.0
2023-08-09T22:43:04Z,run,2023-08-09T23:17:17Z,-8.05373164,-34.95364267,168,88.0
2023-08-09T22:43:04Z,run,2023-08-09T23:17:18Z,-8.05370931,-34.95363734,168,88.0
2023-08-09T22:43:04Z,run,2023-08-09T23:17:20Z,-8.05361198,-34.953618,168,89.0
2023-08-09T22:43:04Z,run,2023-08-09T23:17:21Z,-8.05360633,-34.95361635,169,88.0
2023-08-09T22:43:04Z,run,2023-08-09T23:17:22Z,-8.05359499,-34.95361435,169,88.0
2023-08-09T22:43:04Z,run,2023-08-09T23:17:23Z,-8.05357966,-34.95361268,169,88.0
2023-08-09T22:43:04Z,run,2023-08-09T23:17:24Z,-8.053561,-34.95361169,168,88.0
2023-08-09T22:43:04Z,run,2023-08-09T23:17:25Z,-8.05354068,-34.95361037,168,88.0
2023-08-09T22:43:04Z,run,2023-08-09T23:17:26Z,-8.05351901,-34.9536097,168,88.0
2023-08-09T22:43:04Z,run,2023-08-09T23:17:27Z,-8.05349535,-34.9536107,168,88.0
2023-08-09T22:43:04Z,run,2023-08-09T23:17:28Z,-8.05347169,-34.9536107,168,89.0
2023-08-09T22:43:04Z,run,2023-08-09T23:17:29Z,-8.0534477,-34.95361102,168,89.0
2023-08-09T22:43:04Z,run,2023-08-09T23:17:30Z,-8.05342303,-34.95361002,168,88.0
2023-08-09T22:43:04Z,run,2023-08-09T23:17:31Z,-8.05339803,-34.9536077,169,88.0
2023-08-09T22:43:04Z,run,2023-08-09T23:17:32Z,-8.05337237,-34.95360403,170,88.0
2023-08-09T22:43:04Z,run,2023-08-09T23:17:33Z,-8.05334771,-34.95360038,170,88.0
2023-08-09T22:43:04Z,run,2023-08-09T23:17:34Z,-8.05332505,-34.95359771,171,88.0
2023-08-09T22:43:04Z,run,2023-08-09T23:17:35Z,-8.05330172,-34.95359639,171,88.0
2023-08-09T22:43:04Z,run,2023-08-09T23:17:36Z,-8.05327806,-34.95359472,171,88.0
2023-08-09T22:43:04Z,run,2023-08-09T23:17:37Z,-8.05325473,-34.95359339,172,88.0
2023-08-09T22:43:04Z,run,2023-08-09T23:17:38Z,-8.05323107,-34.95359206,172,88.0
2023-08-09T22:43:04Z,run,2023-08-09T23:17:39Z,-8.05320408,-34.95359174,172,88.0
2023-08-09T22:43:04Z,run,2023-08-09T23:17:40Z,-8.05317542,-34.95359206,170,88.0
2023-08-09T22:43:04Z,run,2023-08-09T23:17:41Z,-8.05314843,-34.95359174,170,88.0
2023-08-09T22:43:04Z,run,2023-08-09T23:17:42Z,-8.05312344,-34.95359075,170,88.0
2023-08-09T22:43:04Z,run,2023-08-09T23:17:43Z,-8.05309877,-34.95358808,169,88.0
2023-08-09T22:43:04Z,run,2023-08-09T23:17:44Z,-8.05307544,-34.95358575,169,88.0
2023-08-09T22:43:04Z,run,2023-08-09T23:17:45Z,-8.05305278,-34.95358475,169,88.0
2023-08-09T22:43:04Z,run,2023-08-09T23:17:46Z,-8.05303012,-34.95358309,170,88.0
2023-08-09T22:43:04Z,run,2023-08-09T23:17:47Z,-8.05300779,-34.9535821,171,88.0
2023-08-09T22:43:04Z,run,2023-08-09T23:17:48Z,-8.05298513,-34.95358243,171,88.0
2023-08-09T22:43:04Z,run,2023-08-09T23:17:49Z,-8.05296348,-34.95357976,171,88.0
2023-08-09T22:43:04Z,run,2023-08-09T23:17:50Z,-8.05294149,-34.95357709,171,88.0
2023-08-09T22:43:04Z,run,2023-08-09T23:17:51Z,-8.05291982,-34.95357444,171,87.0
2023-08-09T22:43:04Z,run,2023-08-09T23:17:52Z,-8.05289882,-34.95357244,170,87.0
2023-08-09T22:43:04Z,run,2023-08-09T23:17:53Z,-8.0528775,-34.95356977,170,88.0
2023-08-09T22:43:04Z,run,2023-08-09T23:17:54Z,-8.05285484,-34.95356477,170,88.0
2023-08-09T22:43:04Z,run,2023-08-09T23:17:55Z,-8.05283251,-34.95356111,171,88.0
2023-08-09T22:43:04Z,run,2023-08-09T23:17:56Z,-8.05280985,-34.95355846,170,88.0
2023-08-09T22:43:04Z,run,2023-08-09T23:17:57Z,-8.05278653,-34.95355612,170,87.0
2023-08-09T22:43:04Z,run,2023-08-09T23:17:58Z,-8.05276387,-34.95355379,170,87.0
2023-08-09T22:43:04Z,run,2023-08-09T23:17:59Z,-8.05274154,-34.95355213,170,87.0
2023-08-09T22:43:04Z,run,2023-08-09T23:18:00Z,-8.0527192,-34.9535508,170,87.0
2023-08-09T22:43:04Z,run,2023-08-09T23:18:01Z,-8.05269655,-34.95354914,169,87.0
2023-08-09T22:43:04Z,run,2023-08-09T23:18:02Z,-8.05267321,-34.95354814,169,87.0
2023-08-09T22:43:04Z,run,2023-08-09T23:18:03Z,-8.05264988,-34.95354715,169,88.0
2023-08-09T22:43:04Z,run,2023-08-09T23:18:04Z,-8.05262589,-34.95354616,168,88.0
2023-08-09T22:43:04Z,run,2023-08-09T23:18:05Z,-8.0526019,-34.95354584,168,88.0
2023-08-09T22:43:04Z,run,2023-08-09T23:18:06Z,-8.05257691,-34.95354484,169,87.0
2023-08-09T22:43:04Z,run,2023-08-09T23:18:07Z,-8.05255159,-34.95354318,169,87.0
2023-08-09T22:43:04Z,run,2023-08-09T23:18:08Z,-8.05252725,-34.95354152,169,88.0
2023-08-09T22:43:04Z,run,2023-08-09T23:18:09Z,-8.05250359,-34.95353918,170,88.0
2023-08-09T22:43:04Z,run,2023-08-09T23:18:10Z,-8.05247926,-34.95353619,171,88.0
2023-08-09T22:43:04Z,run,2023-08-09T23:18:11Z,-8.05245493,-34.95353287,170,87.0
2023-08-09T22:43:04Z,run,2023-08-09T23:18:12Z,-8.05243161,-34.95352921,170,87.0
2023-08-09T22:43:04Z,run,2023-08-09T23:18:13Z,-8.05240827,-34.95352488,170,87.0
2023-08-09T22:43:04Z,run,2023-08-09T23:18:14Z,-8.05238428,-34.95351988,170,88.0
2023-08-09T22:43:04Z,run,2023-08-09T23:18:15Z,-8.05236029,-34.95351556,170,88.0
2023-08-09T22:43:04Z,run,2023-08-09T23:18:16Z,-8.0523363,-34.95351022,170,88.0
2023-08-09T22:43:04Z,run,2023-08-09T23:18:17Z,-8.05231197,-34.95350457,170,88.0
2023-08-09T22:43:04Z,run,2023-08-09T23:18:18Z,-8.05228798,-34.95350023,170,88.0
2023-08-09T22:43:04Z,run,2023-08-09T23:18:19Z,-8.05226432,-34.95349591,170,88.0
2023-08-09T22:43:04Z,run,2023-08-09T23:18:20Z,-8.05223999,-34.95349091,170,88.0
2023-08-09T22:43:04Z,run,2023-08-09T23:18:21Z,-8.052216,-34.95348692,170,88.0
2023-08-09T22:43:04Z,run,2023-08-09T23:18:22Z,-8.05219233,-34.95348325,170,88.0
2023-08-09T22:43:04Z,run,2023-08-09T23:18:23Z,-8.05216901,-34.95347826,170,88.0
2023-08-09T22:43:04Z,run,2023-08-09T23:18:24Z,-8.05214534,-34.95347326,170,87.0
2023-08-09T22:43:04Z,run,2023-08-09T23:18:25Z,-8.05212135,-34.95346893,170,87.0
2023-08-09T22:43:04Z,run,2023-08-09T23:18:26Z,-8.05209769,-34.95346527,170,87.0
2023-08-09T22:43:04Z,run,2023-08-09T23:18:27Z,-8.05207435,-34.95346361,170,87.0
2023-08-09T22:43:04Z,run,2023-08-09T23:18:28Z,-8.0520507,-34.95346128,171,88.0
2023-08-09T22:43:04Z,run,2023-08-09T23:18:29Z,-8.0520267,-34.95345863,171,88.0
2023-08-09T22:43:04Z,run,2023-08-09T23:18:30Z,-8.05200271,-34.95345563,171,88.0
2023-08-09T22:43:04Z,run,2023-08-09T23:18:31Z,-8.05197872,-34.95345164,171,88.0
2023-08-09T22:43:04Z,run,2023-08-09T23:18:32Z,-8.05195506,-34.95344597,172,88.0
2023-08-09T22:43:04Z,run,2023-08-09T23:18:33Z,-8.05193139,-34.95343965,172,88.0
2023-08-09T22:43:04Z,run,2023-08-09T23:18:34Z,-8.05190706,-34.95343332,172,88.0
2023-08-09T22:43:04Z,run,2023-08-09T23:18:35Z,-8.05188207,-34.95342767,172,88.0
2023-08-09T22:43:04Z,run,2023-08-09T23:18:36Z,-8.05185574,-34.953422,172,88.0
2023-08-09T22:43:04Z,run,2023-08-09T23:18:37Z,-8.05183008,-34.95341733,172,88.0
2023-08-09T22:43:04Z,run,2023-08-09T23:18:38Z,-8.05180442,-34.95341267,172,88.0
2023-08-09T22:43:04Z,run,2023-08-09T23:18:39Z,-8.05177876,-34.95340834,172,88.0
2023-08-09T22:43:04Z,run,2023-08-09T23:18:40Z,-8.05175376,-34.95340301,172,88.0
2023-08-09T22:43:04Z,run,2023-08-09T23:18:41Z,-8.05172909,-34.95339768,171,88.0
2023-08-09T22:43:04Z,run,2023-08-09T23:18:42Z,-8.0517051,-34.95339234,171,88.0
2023-08-09T22:43:04Z,run,2023-08-09T23:18:43Z,-8.05168078,-34.95338768,171,88.0
2023-08-09T22:43:04Z,run,2023-08-09T23:18:44Z,-8.05165611,-34.95338402,170,88.0
2023-08-09T22:43:04Z,run,2023-08-09T23:18:45Z,-8.05163244,-34.95338036,169,88.0
2023-08-09T22:43:04Z,run,2023-08-09T23:18:46Z,-8.05160878,-34.95337437,168,88.0
2023-08-09T22:43:04Z,run,2023-08-09T23:18:47Z,-8.05158445,-34.95336737,166,88.0
2023-08-09T22:43:04Z,run,2023-08-09T23:18:48Z,-8.05155945,-34.95336172,166,88.0
2023-08-09T22:43:04Z,run,2023-08-09T23:18:49Z,-8.0515348,-34.95335672,166,88.0
2023-08-09T22:43:04Z,run,2023-08-09T23:18:50Z,-8.05151114,-34.95335273,166,88.0
2023-08-09T22:43:04Z,run,2023-08-09T23:18:51Z,-8.05148781,-34.95334974,167,88.0
2023-08-09T22:43:04Z,run,2023-08-09T23:18:52Z,-8.05146482,-34.95334641,167,88.0
2023-08-09T22:43:04Z,run,2023-08-09T23:18:53Z,-8.05144115,-34.95334376,167,88.0
2023-08-09T22:43:04Z,run,2023-08-09T23:18:54Z,-8.05141749,-34.95334142,168,88.0
2023-08-09T22:43:04Z,run,2023-08-09T23:18:55Z,-8.05139383,-34.95333877,168,88.0
2023-08-09T22:43:04Z,run,2023-08-09T23:18:56Z,-8.05137049,-34.95333578,168,88.0
2023-08-09T22:43:04Z,run,2023-08-09T23:18:57Z,-8.05134717,-34.95333279,167,88.0
2023-08-09T22:43:04Z,run,2023-08-09T23:18:58Z,-8.0513235,-34.95333012,168,88.0
2023-08-09T22:43:04Z,run,2023-08-09T23:18:59Z,-8.05130018,-34.9533268,169,89.0
2023-08-09T22:43:04Z,run,2023-08-09T23:19:00Z,-8.05127585,-34.95332246,168,88.0
2023-08-09T22:43:04Z,run,2023-08-09T23:19:01Z,-8.05125186,-34.9533178,168,88.0
2023-08-09T22:43:04Z,run,2023-08-09T23:19:02Z,-8.05122719,-34.95331181,168,88.0
2023-08-09T22:43:04Z,run,2023-08-09T23:19:03Z,-8.05120286,-34.95330482,168,87.0
2023-08-09T22:43:04Z,run,2023-08-09T23:19:04Z,-8.05117853,-34.95329815,169,87.0
2023-08-09T22:43:04Z,run,2023-08-09T23:19:05Z,-8.05115521,-34.95329183,169,88.0
2023-08-09T22:43:04Z,run,2023-08-09T23:19:06Z,-8.05113288,-34.95328517,167,88.0
2023-08-09T22:43:04Z,run,2023-08-09T23:19:07Z,-8.05111188,-34.95328084,166,88.0
2023-08-09T22:43:04Z,run,2023-08-09T23:19:08Z,-8.05109088,-34.95327685,166,88.0
2023-08-09T22:43:04Z,run,2023-08-09T23:19:09Z,-8.05106889,-34.95327386,166,89.0
2023-08-09T22:43:04Z,run,2023-08-09T23:19:10Z,-8.05104589,-34.9532732,166,88.0
2023-08-09T22:43:04Z,run,2023-08-09T23:19:11Z,-8.05102289,-34.95327386,166,88.0
2023-08-09T22:43:04Z,run,2023-08-09T23:19:12Z,-8.0509999,-34.95327485,166,88.0
2023-08-09T22:43:04Z,run,2023-08-09T23:19:13Z,-8.05097623,-34.95327485,166,88.0
2023-08-09T22:43:04Z,run,2023-08-09T23:19:14Z,-8.05095257,-34.95327419,166,88.0
2023-08-09T22:43:04Z,run,2023-08-09T23:19:15Z,-8.05092824,-34.95327286,166,88.0
2023-08-09T22:43:04Z,run,2023-08-09T23:19:16Z,-8.05090458,-34.95327153,165,88.0
2023-08-09T22:43:04Z,run,2023-08-09T23:19:17Z,-8.05088092,-34.95326987,164,88.0
2023-08-09T22:43:04Z,run,2023-08-09T23:19:18Z,-8.05085792,-34.95326954,164,88.0
2023-08-09T22:43:04Z,run,2023-08-09T23:19:19Z,-8.05083492,-34.95326855,164,89.0
2023-08-09T22:43:04Z,run,2023-08-09T23:19:20Z,-8.05081158,-34.95326756,164,89.0
2023-08-09T22:43:04Z,run,2023-08-09T23:19:21Z,-8.05078826,-34.95326623,164,88.0
2023-08-09T22:43:04Z,run,2023-08-09T23:19:22Z,-8.0507656,-34.95326457,164,88.0
2023-08-09T22:43:04Z,run,2023-08-09T23:19:23Z,-8.05074327,-34.95326357,165,88.0
2023-08-09T22:43:04Z,run,2023-08-09T23:19:24Z,-8.05072061,-34.95326258,165,88.0
2023-08-09T22:43:04Z,run,2023-08-09T23:19:25Z,-8.05069828,-34.95326058,165,88.0
2023-08-09T22:43:04Z,run,2023-08-09T23:19:26Z,-8.05067629,-34.95325825,165,88.0
2023-08-09T22:43:04Z,run,2023-08-09T23:19:27Z,-8.0506543,-34.95325726,165,88.0
2023-08-09T22:43:04Z,run,2023-08-09T23:19:28Z,-8.05063163,-34.95325825,165,88.0
2023-08-09T22:43:04Z,run,2023-08-09T23:19:29Z,-8.05060898,-34.95325925,165,88.0
2023-08-09T22:43:04Z,run,2023-08-09T23:19:30Z,-8.05058598,-34.95325892,165,88.0
2023-08-09T22:43:04Z,run,2023-08-09T23:19:31Z,-8.05056299,-34.95325659,165,88.0
2023-08-09T22:43:04Z,run,2023-08-09T23:19:32Z,-8.05053932,-34.95325293,165,88.0
2023-08-09T22:43:04Z,run,2023-08-09T23:19:33Z,-8.05051533,-34.9532486,166,88.0
2023-08-09T22:43:04Z,run,2023-08-09T23:19:34Z,-8.05049033,-34.95324427,167,88.0
2023-08-09T22:43:04Z,run,2023-08-09T23:19:35Z,-8.05046434,-34.95324061,167,88.0
2023-08-09T22:43:04Z,run,2023-08-09T23:19:36Z,-8.05043801,-34.95323828,167,88.0
2023-08-09T22:43:04Z,run,2023-08-09T23:19:37Z,-8.05041201,-34.95323729,167,87.0
2023-08-09T22:43:04Z,run,2023-08-09T23:19:38Z,-8.05038701,-34.95323663,167,87.0
2023-08-09T22:43:04Z,run,2023-08-09T23:19:39Z,-8.05036202,-34.95323563,167,87.0
2023-08-09T22:43:04Z,run,2023-08-09T23:19:40Z,-8.05033835,-34.95323264,168,87.0
2023-08-09T22:43:04Z,run,2023-08-09T23:19:41Z,-8.05031503,-34.95322599,167,88.0
2023-08-09T22:43:04Z,run,2023-08-09T23:19:42Z,-8.05029169,-34.95321966,167,88.0
2023-08-09T22:43:04Z,run,2023-08-09T23:19:43Z,-8.05026803,-34.953215,166,88.0
2023-08-09T22:43:04Z,run,2023-08-09T23:19:44Z,-8.05024437,-34.95320833,166,88.0
2023-08-09T22:43:04Z,run,2023-08-09T23:19:45Z,-8.05022038,-34.95320201,165,87.0
2023-08-09T22:43:04Z,run,2023-08-09T23:19:46Z,-8.05019639,-34.95319634,165,88.0
2023-08-09T22:43:04Z,run,2023-08-09T23:19:47Z,-8.05017339,-34.95319235,166,88.0
2023-08-09T22:43:04Z,run,2023-08-09T23:19:48Z,-8.05015007,-34.95318869,166,88.0
2023-08-09T22:43:04Z,run,2023-08-09T23:19:49Z,-8.05012573,-34.95318769,166,88.0
2023-08-09T22:43:04Z,run,2023-08-09T23:19:50Z,-8.05010174,-34.95318737,166,88.0
2023-08-09T22:43:04Z,run,2023-08-09T23:19:51Z,-8.05007842,-34.95318671,166,88.0
2023-08-09T22:43:04Z,run,2023-08-09T23:19:52Z,-8.05005542,-34.95318571,165,88.0
2023-08-09T22:43:04Z,run,2023-08-09T23:19:53Z,-8.05003243,-34.95318439,164,88.0
2023-08-09T22:43:04Z,run,2023-08-09T23:19:54Z,-8.05000843,-34.95318206,163,88.0
2023-08-09T22:43:04Z,run,2023-08-09T23:19:55Z,-8.04998477,-34.95317972,163,88.0
2023-08-09T22:43:04Z,run,2023-08-09T23:19:56Z,-8.04996111,-34.9531784,163,89.0
2023-08-09T22:43:04Z,run,2023-08-09T23:19:57Z,-8.04993811,-34.9531774,163,89.0
2023-08-09T22:43:04Z,run,2023-08-09T23:19:58Z,-8.04991512,-34.95317608,163,88.0
2023-08-09T22:43:04Z,run,2023-08-09T23:19:59Z,-8.04989278,-34.9531774,163,88.0
2023-08-09T22:43:04Z,run,2023-08-09T23:20:00Z,-8.04987079,-34.95317873,164,88.0
2023-08-09T22:43:04Z,run,2023-08-09T23:20:01Z,-8.04985013,-34.95318206,168,88.0
2023-08-09T22:43:04Z,run,2023-08-09T23:20:02Z,-8.04982913,-34.95318471,169,88.0
2023-08-09T22:43:04Z,run,2023-08-09T23:20:03Z,-8.04980747,-34.95318638,169,88.0
2023-08-09T22:43:04Z,run,2023-08-09T23:20:04Z,-8.04978514,-34.9531877,170,88.0
2023-08-09T22:43:04Z,run,2023-08-09T23:20:05Z,-8.0497628,-34.95318803,170,88.0
2023-08-09T22:43:04Z,run,2023-08-09T23:20:06Z,-8.04974047,-34.95318936,170,89.0
2023-08-09T22:43:04Z,run,2023-08-09T23:20:07Z,-8.04971781,-34.95319135,169,88.0
2023-08-09T22:43:04Z,run,2023-08-09T23:20:08Z,-8.04969415,-34.95319235,170,88.0
2023-08-09T22:43:04Z,run,2023-08-09T23:20:09Z,-8.04967116,-34.95319334,170,88.0
2023-08-09T22:43:04Z,run,2023-08-09T23:20:10Z,-8.04964782,-34.95319334,170,88.0
2023-08-09T22:43:04Z,run,2023-08-09T23:20:11Z,-8.04962317,-34.95319302,170,88.0
2023-08-09T22:43:04Z,run,2023-08-09T23:20:12Z,-8.04959783,-34.95319203,170,88.0
2023-08-09T22:43:04Z,run,2023-08-09T23:20:13Z,-8.04957384,-34.95319203,169,89.0
2023-08-09T22:43:04Z,run,2023-08-09T23:20:14Z,-8.04954985,-34.95319203,169,88.0
2023-08-09T22:43:04Z,run,2023-08-09T23:20:15Z,-8.04952552,-34.95319203,169,89.0
2023-08-09T22:43:04Z,run,2023-08-09T23:20:16Z,-8.04950185,-34.95319235,169,89.0
2023-08-09T22:43:04Z,run,2023-08-09T23:20:17Z,-8.04947753,-34.95319235,169,89.0
2023-08-09T22:43:04Z,run,2023-08-09T23:20:18Z,-8.04945453,-34.95319203,168,89.0
2023-08-09T22:43:04Z,run,2023-08-09T23:20:19Z,-8.04943321,-34.95319203,168,89.0
2023-08-09T22:43:04Z,run,2023-08-09T23:20:20Z,-8.04941387,-34.95319203,167,88.0
2023-08-09T22:43:04Z,run,2023-08-09T23:20:21Z,-8.04939455,-34.95319136,166,89.0
2023-08-09T22:43:04Z,run,2023-08-09T23:20:22Z,-8.04937488,-34.95319169,166,89.0
2023-08-09T22:43:04Z,run,2023-08-09T23:20:23Z,-8.04935456,-34.95319103,166,89.0
2023-08-09T22:43:04Z,run,2023-08-09T23:20:24Z,-8.04933356,-34.95319037,166,89.0
2023-08-09T22:43:04Z,run,2023-08-09T23:20:25Z,-8.04931256,-34.95318971,165,88.0
2023-08-09T22:43:04Z,run,2023-08-09T23:20:26Z,-8.04929124,-34.95318838,165,88.0
2023-08-09T22:43:04Z,run,2023-08-09T23:20:27Z,-8.0492689,-34.95318571,165,88.0
2023-08-09T22:43:04Z,run,2023-08-09T23:20:28Z,-8.04924324,-34.95318206,165,88.0
2023-08-09T22:43:04Z,run,2023-08-09T23:20:29Z,-8.04921958,-34.95318006,165,88.0
2023-08-09T22:43:04Z,run,2023-08-09T23:20:30Z,-8.04919458,-34.95317773,165,89.0
2023-08-09T22:43:04Z,run,2023-08-09T23:20:31Z,-8.04916826,-34.9531744,165,88.0
2023-08-09T22:43:04Z,run,2023-08-09T23:20:32Z,-8.04914459,-34.95317008,165,88.0
2023-08-09T22:43:04Z,run,2023-08-09T23:20:33Z,-8.04911827,-34.95316709,165,88.0
2023-08-09T22:43:04Z,run,2023-08-09T23:20:34Z,-8.0490936,-34.95316542,165,88.0
2023-08-09T22:43:04Z,run,2023-08-09T23:20:35Z,-8.04906993,-34.95316476,165,88.0
2023-08-09T22:43:04Z,run,2023-08-09T23:20:36Z,-8.04904661,-34.95316344,165,88.0
2023-08-09T22:43:04Z,run,2023-08-09T23:20:37Z,-8.04902295,-34.95315911,165,88.0
2023-08-09T22:43:04Z,run,2023-08-09T23:20:38Z,-8.04899829,-34.95315278,169,88.0
2023-08-09T22:43:04Z,run,2023-08-09T23:20:39Z,-8.04897362,-34.95314612,170,88.0
2023-08-09T22:43:04Z,run,2023-08-09T23:20:40Z,-8.04894863,-34.95314045,170,88.0
2023-08-09T22:43:04Z,run,2023-08-09T23:20:41Z,-8.04892263,-34.95313279,171,88.0
2023-08-09T22:43:04Z,run,2023-08-09T23:20:42Z,-8.04889763,-34.95312646,172,88.0
2023-08-09T22:43:04Z,run,2023-08-09T23:20:43Z,-8.04887296,-34.95312214,172,88.0
2023-08-09T22:43:04Z,run,2023-08-09T23:20:44Z,-8.04884964,-34.9531198,172,88.0
2023-08-09T22:43:04Z,run,2023-08-09T23:20:45Z,-8.04882664,-34.95311915,172,89.0
2023-08-09T22:43:04Z,run,2023-08-09T23:20:46Z,-8.04880298,-34.95311849,172,89.0
2023-08-09T22:43:04Z,run,2023-08-09T23:20:47Z,-8.04877998,-34.95311849,172,88.0
2023-08-09T22:43:04Z,run,2023-08-09T23:20:48Z,-8.04875833,-34.95311948,172,88.0
2023-08-09T22:43:04Z,run,2023-08-09T23:20:49Z,-8.04873767,-34.9531198,172,88.0
2023-08-09T22:43:04Z,run,2023-08-09T23:20:50Z,-8.04871634,-34.95311881,170,88.0
2023-08-09T22:43:04Z,run,2023-08-09T23:20:51Z,-8.04869435,-34.95311548,170,88.0
2023-08-09T22:43:04Z,run,2023-08-09T23:20:52Z,-8.04867202,-34.95310949,170,88.0
2023-08-09T22:43:04Z,run,2023-08-09T23:20:53Z,-8.04864936,-34.9531025,169,88.0
2023-08-09T22:43:04Z,run,2023-08-09T23:20:54Z,-8.04862703,-34.95309583,168,88.0
2023-08-09T22:43:04Z,run,2023-08-09T23:20:55Z,-8.0486077,-34.95309018,168,89.0
2023-08-09T22:43:04Z,run,2023-08-09T23:20:56Z,-8.04858871,-34.95308419,168,89.0
2023-08-09T22:43:04Z,run,2023-08-09T23:20:57Z,-8.04857072,-34.95307753,169,89.0
2023-08-09T22:43:04Z,run,2023-08-09T23:20:58Z,-8.04855305,-34.9530692,170,88.0
2023-08-09T22:43:04Z,run,2023-08-09T23:20:59Z,-8.04853505,-34.95305853,170,88.0
2023-08-09T22:43:04Z,run,2023-08-09T23:21:00Z,-8.04851572,-34.95304554,170,88.0
2023-08-09T22:43:04Z,run,2023-08-09T23:21:01Z,-8.04849606,-34.95303021,171,89.0
2023-08-09T22:43:04Z,run,2023-08-09T23:21:02Z,-8.04847707,-34.95301455,172,88.0
2023-08-09T22:43:04Z,run,2023-08-09T23:21:03Z,-8.04845874,-34.95299788,173,87.0
2023-08-09T22:43:04Z,run,2023-08-09T23:21:04Z,-8.04844142,-34.95298122,173,88.0
2023-08-09T22:43:04Z,run,2023-08-09T23:21:05Z,-8.04842575,-34.95296389,173,88.0
2023-08-09T22:43:04Z,run,2023-08-09T23:21:06Z,-8.04841009,-34.95294523,174,88.0
2023-08-09T22:43:04Z,run,2023-08-09T23:21:07Z,-8.0483941,-34.95292556,174,88.0
2023-08-09T22:43:04Z,run,2023-08-09T23:21:08Z,-8.04837877,-34.9529049,174,88.0
2023-08-09T22:43:04Z,run,2023-08-09T23:21:09Z,-8.04836344,-34.95288324,175,88.0
2023-08-09T22:43:04Z,run,2023-08-09T23:21:10Z,-8.04834911,-34.95286157,175,88.0
2023-08-09T22:43:04Z,run,2023-08-09T23:21:11Z,-8.04833445,-34.95284091,175,88.0
2023-08-09T22:43:04Z,run,2023-08-09T23:21:12Z,-8.04831912,-34.95281991,175,88.0
2023-08-09T22:43:04Z,run,2023-08-09T23:21:13Z,-8.04830346,-34.95279826,175,88.0
2023-08-09T22:43:04Z,run,2023-08-09T23:21:14Z,-8.04829013,-34.9527756,175,88.0
2023-08-09T22:43:04Z,run,2023-08-09T23:21:15Z,-8.04828014,-34.95275127,175,88.0
2023-08-09T22:43:04Z,run,2023-08-09T23:21:16Z,-8.04827348,-34.9527266,175,88.0
2023-08-09T22:43:04Z,run,2023-08-09T23:21:17Z,-8.04827049,-34.95270361,175,88.0
2023-08-09T22:43:04Z,run,2023-08-09T23:21:18Z,-8.04827081,-34.95268128,176,88.0
2023-08-09T22:43:04Z,run,2023-08-09T23:21:19Z,-8.04827049,-34.95266095,178,88.0
2023-08-09T22:43:04Z,run,2023-08-09T23:21:19Z,-8.04827181,-34.95263729,179,89.0
2023-08-09T22:43:04Z,run,2023-08-09T23:21:20Z,-8.0482728,-34.9526103,181,88.0
2023-08-09T22:43:04Z,run,2023-08-09T23:21:21Z,-8.04827613,-34.95258263,180,89.0
2023-08-09T22:43:04Z,run,2023-08-09T23:21:22Z,-8.04828047,-34.95255496,180,89.0
2023-08-09T22:43:04Z,run,2023-08-09T23:21:23Z,-8.04828446,-34.95252964,179,89.0
2023-08-09T22:43:04Z,run,2023-08-09T23:21:24Z,-8.04828946,-34.95250432,179,89.0
2023-08-09T22:43:04Z,run,2023-08-09T23:21:25Z,-8.04829378,-34.95247898,179,89.0
2023-08-09T22:43:04Z,run,2023-08-09T23:21:26Z,-8.04829744,-34.95245366,178,88.0
2023-08-09T22:43:04Z,run,2023-08-09T23:21:27Z,-8.04829876,-34.952428,177,88.0
2023-08-09T22:43:04Z,run,2023-08-09T23:21:28Z,-8.04829943,-34.95240268,177,88.0
2023-08-09T22:43:04Z,run,2023-08-09T23:21:29Z,-8.04830008,-34.95237801,177,89.0
2023-08-09T22:43:04Z,run,2023-08-09T23:21:30Z,-8.04830142,-34.95235402,177,89.0
2023-08-09T22:43:04Z,run,2023-08-09T23:21:31Z,-8.04830207,-34.95232936,176,89.0
2023-08-09T22:43:04Z,run,2023-08-09T23:21:32Z,-8.04830075,-34.95230469,176,88.0
2023-08-09T22:43:04Z,run,2023-08-09T23:21:33Z,-8.04829742,-34.95227969,176,88.0
2023-08-09T22:43:04Z,run,2023-08-09T23:21:34Z,-8.04829443,-34.95225503,176,88.0
2023-08-09T22:43:04Z,run,2023-08-09T23:21:35Z,-8.04829343,-34.95223003,176,88.0
2023-08-09T22:43:04Z,run,2023-08-09T23:21:36Z,-8.04829376,-34.95220503,176,89.0
2023-08-09T22:43:04Z,run,2023-08-09T23:21:37Z,-8.04829443,-34.95217904,176,89.0
2023-08-09T22:43:04Z,run,2023-08-09T23:21:38Z,-8.04829842,-34.95215271,176,89.0
2023-08-09T22:43:04Z,run,2023-08-09T23:21:39Z,-8.04830442,-34.95212672,176,89.0
2023-08-09T22:43:04Z,run,2023-08-09T23:21:40Z,-8.04830975,-34.9521014,176,89.0
2023-08-09T22:43:04Z,run,2023-08-09T23:21:41Z,-8.04831307,-34.95207106,177,88.0
2023-08-09T22:43:04Z,run,2023-08-09T23:21:42Z,-8.04831641,-34.95204174,177,88.0
2023-08-09T22:43:04Z,run,2023-08-09T23:21:43Z,-8.0483194,-34.95201407,176,88.0
2023-08-09T22:43:04Z,run,2023-08-09T23:21:44Z,-8.0483234,-34.95198775,175,88.0
2023-08-09T22:43:04Z,run,2023-08-09T23:21:45Z,-8.04832905,-34.95196408,175,88.0
2023-08-09T22:43:04Z,run,2023-08-09T23:21:46Z,-8.04833271,-34.95194109,175,88.0
2023-08-09T22:43:04Z,run,2023-08-09T23:21:47Z,-8.04833471,-34.95191744,174,88.0
2023-08-09T22:43:04Z,run,2023-08-09T23:21:48Z,-8.04833571,-34.95189178,173,88.0
2023-08-09T22:43:04Z,run,2023-08-09T23:21:49Z,-8.04833637,-34.95186578,172,88.0
2023-08-09T22:43:04Z,run,2023-08-09T23:21:50Z,-8.0483397,-34.95183846,172,88.0
2023-08-09T22:43:04Z,run,2023-08-09T23:21:51Z,-8.04834336,-34.95181112,171,89.0
2023-08-09T22:43:04Z,run,2023-08-09T23:21:52Z,-8.04834936,-34.95178646,171,88.0
2023-08-09T22:43:04Z,run,2023-08-09T23:21:53Z,-8.04835201,-34.95176047,171,88.0
2023-08-09T22:43:04Z,run,2023-08-09T23:21:54Z,-8.04835468,-34.95173414,171,89.0
2023-08-09T22:43:04Z,run,2023-08-09T23:21:55Z,-8.04835834,-34.95170781,171,88.0
2023-08-09T22:43:04Z,run,2023-08-09T23:21:56Z,-8.04836433,-34.95168149,171,88.0
2023-08-09T22:43:04Z,run,2023-08-09T23:21:57Z,-8.04836766,-34.9516555,170,88.0
2023-08-09T22:43:04Z,run,2023-08-09T23:21:58Z,-8.04836998,-34.9516325,170,88.0
2023-08-09T22:43:04Z,run,2023-08-09T23:21:59Z,-8.04837298,-34.95161184,170,88.0
2023-08-09T22:43:04Z,run,2023-08-09T23:22:00Z,-8.04837797,-34.95159118,169,88.0
2023-08-09T22:43:04Z,run,2023-08-09T23:22:01Z,-8.04838697,-34.95156518,168,89.0
2023-08-09T22:43:04Z,run,2023-08-09T23:22:02Z,-8.04839596,-34.95153486,167,89.0
2023-08-09T22:43:04Z,run,2023-08-09T23:22:03Z,-8.04840363,-34.9515062,167,88.0
2023-08-09T22:43:04Z,run,2023-08-09T23:22:04Z,-8.04841063,-34.9514792,168,88.0
2023-08-09T22:43:04Z,run,2023-08-09T23:22:05Z,-8.04841562,-34.95145355,168,88.0
2023-08-09T22:43:04Z,run,2023-08-09T23:22:06Z,-8.04842194,-34.95142921,168,88.0
2023-08-09T22:43:04Z,run,2023-08-09T23:22:07Z,-8.04842661,-34.95140455,169,89.0
2023-08-09T22:43:04Z,run,2023-08-09T23:22:08Z,-8.0484296,-34.95138156,170,89.0
2023-08-09T22:43:04Z,run,2023-08-09T23:22:09Z,-8.04843126,-34.95135922,170,88.0
2023-08-09T22:43:04Z,run,2023-08-09T23:22:10Z,-8.04843292,-34.95133689,170,88.0
2023-08-09T22:43:04Z,run,2023-08-09T23:22:11Z,-8.0484316,-34.95131257,170,88.0
2023-08-09T22:43:04Z,run,2023-08-09T23:22:12Z,-8.04843028,-34.95128623,170,88.0
2023-08-09T22:43:04Z,run,2023-08-09T23:22:13Z,-8.04842862,-34.95125991,170,88.0
2023-08-09T22:43:04Z,run,2023-08-09T23:22:14Z,-8.04842762,-34.95123392,171,88.0
2023-08-09T22:43:04Z,run,2023-08-09T23:22:15Z,-8.0484273,-34.95120759,174,88.0
2023-08-09T22:43:04Z,run,2023-08-09T23:22:16Z,-8.04842862,-34.95118126,176,88.0
2023-08-09T22:43:04Z,run,2023-08-09T23:22:17Z,-8.04842894,-34.95115494,176,88.0
2023-08-09T22:43:04Z,run,2023-08-09T23:22:18Z,-8.04842862,-34.95112727,176,88.0
2023-08-09T22:43:04Z,run,2023-08-09T23:22:19Z,-8.04842662,-34.95109994,176,88.0
2023-08-09T22:43:04Z,run,2023-08-09T23:22:20Z,-8.04842363,-34.95107362,176,87.0
2023-08-09T22:43:04Z,run,2023-08-09T23:22:21Z,-8.0484213,-34.95104762,176,88.0
2023-08-09T22:43:04Z,run,2023-08-09T23:22:22Z,-8.04841897,-34.95102196,176,88.0
2023-08-09T22:43:04Z,run,2023-08-09T23:22:23Z,-8.04841798,-34.95099564,176,88.0
2023-08-09T22:43:04Z,run,2023-08-09T23:22:24Z,-8.04841632,-34.95096797,176,88.0
2023-08-09T22:43:04Z,run,2023-08-09T23:22:25Z,-8.04841565,-34.9509403,176,88.0
2023-08-09T22:43:04Z,run,2023-08-09T23:22:26Z,-8.04841798,-34.95091498,175,88.0
2023-08-09T22:43:04Z,run,2023-08-09T23:22:27Z,-8.04842164,-34.95088998,175,88.0
2023-08-09T22:43:04Z,run,2023-08-09T23:22:28Z,-8.0484253,-34.95086632,174,88.0
2023-08-09T22:43:04Z,run,2023-08-09T23:22:29Z,-8.04842562,-34.95083933,174,88.0
2023-08-09T22:43:04Z,run,2023-08-09T23:22:30Z,-8.04842629,-34.95081133,174,88.0
2023-08-09T22:43:04Z,run,2023-08-09T23:22:31Z,-8.04842729,-34.95078233,174,88.0
2023-08-09T22:43:04Z,run,2023-08-09T23:22:32Z,-8.04842595,-34.95075433,174,88.0
2023-08-09T22:43:04Z,run,2023-08-09T23:22:33Z,-8.0484233,-34.95072933,174,88.0
2023-08-09T22:43:04Z,run,2023-08-09T23:22:34Z,-8.04842263,-34.95070901,172,89.0
2023-08-09T22:43:04Z,run,2023-08-09T23:22:35Z,-8.04842097,-34.95069534,171,87.0
2023-08-09T22:43:04Z,run,2023-08-09T23:22:36Z,-8.04841564,-34.95068669,171,87.0
2023-08-09T22:43:04Z,run,2023-08-09T23:22:37Z,-8.04840531,-34.9506827,171,88.0
2023-08-09T22:43:04Z,run,2023-08-09T23:22:38Z,-8.04839132,-34.95068036,171,88.0
2023-08-09T22:43:04Z,run,2023-08-09T23:22:39Z,-8.04837498,-34.95068069,171,88.0
2023-08-09T22:43:04Z,run,2023-08-09T23:22:40Z,-8.04835632,-34.95068003,171,88.0
2023-08-09T22:43:04Z,run,2023-08-09T23:22:41Z,-8.04833665,-34.95067971,172,88.0
2023-08-09T22:43:04Z,run,2023-08-09T23:22:42Z,-8.04831666,-34.95067905,172,88.0
2023-08-09T22:43:04Z,run,2023-08-09T23:22:43Z,-8.04829699,-34.95067905,173,88.0
2023-08-09T22:43:04Z,run,2023-08-09T23:22:44Z,-8.04827534,-34.95067905,172,88.0
2023-08-09T22:43:04Z,run,2023-08-09T23:22:45Z,-8.04825367,-34.95067971,173,88.0
2023-08-09T22:43:04Z,run,2023-08-09T23:22:46Z,-8.04823168,-34.95067905,174,88.0
2023-08-09T22:43:04Z,run,2023-08-09T23:22:47Z,-8.04821068,-34.95067838,174,88.0
2023-08-09T22:43:04Z,run,2023-08-09T23:22:48Z,-8.04819101,-34.95067673,174,88.0
2023-08-09T22:43:04Z,run,2023-08-09T23:22:49Z,-8.04817202,-34.95067074,174,87.0
2023-08-09T22:43:04Z,run,2023-08-09T23:22:50Z,-8.04815203,-34.95066607,175,87.0
2023-08-09T22:43:04Z,run,2023-08-09T23:22:51Z,-8.04813103,-34.95066207,175,88.0
2023-08-09T22:43:04Z,run,2023-08-09T23:22:52Z,-8.04810803,-34.95065908,176,88.0
2023-08-09T22:43:04Z,run,2023-08-09T23:22:53Z,-8.0480857,-34.95065542,177,88.0
2023-08-09T22:43:04Z,run,2023-08-09T23:22:54Z,-8.04806238,-34.95064742,177,88.0
2023-08-09T22:43:04Z,run,2023-08-09T23:22:55Z,-8.04803904,-34.95063642,177,88.0
2023-08-09T22:43:04Z,run,2023-08-09T23:22:56Z,-8.04801338,-34.95062643,177,88.0
2023-08-09T22:43:04Z,run,2023-08-09T23:22:57Z,-8.04798705,-34.95061877,176,87.0
2023-08-09T22:43:04Z,run,2023-08-09T23:22:58Z,-8.04796073,-34.95061377,176,86.0
2023-08-09T22:43:04Z,run,2023-08-09T23:22:59Z,-8.04793506,-34.95061178,174,87.0
2023-08-09T22:43:04Z,run,2023-08-09T23:23:00Z,-8.04790974,-34.95060978,173,88.0
2023-08-09T22:43:04Z,run,2023-08-09T23:23:01Z,-8.04788507,-34.95060744,173,88.0
2023-08-09T22:43:04Z,run,2023-08-09T23:23:02Z,-8.04785975,-34.95060544,172,88.0
2023-08-09T22:43:04Z,run,2023-08-09T23:23:03Z,-8.04783508,-34.95060212,171,88.0
2023-08-09T22:43:04Z,run,2023-08-09T23:23:04Z,-8.04781043,-34.95059846,170,87.0
2023-08-09T22:43:04Z,run,2023-08-09T23:23:05Z,-8.04778543,-34.95059613,170,88.0
2023-08-09T22:43:04Z,run,2023-08-09T23:23:06Z,-8.0477611,-34.9505938,170,88.0
2023-08-09T22:43:04Z,run,2023-08-09T23:23:07Z,-8.04773711,-34.95059247,170,88.0
2023-08-09T22:43:04Z,run,2023-08-09T23:23:08Z,-8.04771345,-34.95059147,170,88.0
2023-08-09T22:43:04Z,run,2023-08-09T23:23:09Z,-8.04769045,-34.95059082,170,88.0
2023-08-09T22:43:04Z,run,2023-08-09T23:23:10Z,-8.04766779,-34.95058848,169,88.0
2023-08-09T22:43:04Z,run,2023-08-09T23:23:11Z,-8.04764546,-34.95058549,170,88.0
2023-08-09T22:43:04Z,run,2023-08-09T23:23:12Z,-8.0476228,-34.95058184,169,88.0
2023-08-09T22:43:04Z,run,2023-08-09T23:23:13Z,-8.04760047,-34.95057818,169,88.0
2023-08-09T22:43:04Z,run,2023-08-09T23:23:14Z,-8.04757781,-34.95057585,169,88.0
2023-08-09T22:43:04Z,run,2023-08-09T23:23:15Z,-8.04755548,-34.95057385,170,87.0
2023-08-09T22:43:04Z,run,2023-08-09T23:23:16Z,-8.04753282,-34.95057118,170,88.0
2023-08-09T22:43:04Z,run,2023-08-09T23:23:17Z,-8.04750883,-34.95056786,170,88.0
2023-08-09T22:43:04Z,run,2023-08-09T23:23:18Z,-8.04748384,-34.95056352,170,88.0
2023-08-09T22:43:04Z,run,2023-08-09T23:23:19Z,-8.04746017,-34.9505582,170,88.0
2023-08-09T22:43:04Z,run,2023-08-09T23:23:20Z,-8.04743717,-34.95055153,170,88.0
2023-08-09T22:43:04Z,run,2023-08-09T23:23:21Z,-8.04741385,-34.95054521,170,87.0
2023-08-09T22:43:04Z,run,2023-08-09T23:23:22Z,-8.04738952,-34.95054021,171,87.0
2023-08-09T22:43:04Z,run,2023-08-09T23:23:23Z,-8.04736453,-34.95053655,174,87.0
2023-08-09T22:43:04Z,run,2023-08-09T23:23:24Z,-8.04733786,-34.95053422,175,88.0
2023-08-09T22:43:04Z,run,2023-08-09T23:23:25Z,-8.04731054,-34.95053255,175,88.0
2023-08-09T22:43:04Z,run,2023-08-09T23:23:26Z,-8.04728288,-34.9505309,174,88.0
2023-08-09T22:43:04Z,run,2023-08-09T23:23:27Z,-8.04725556,-34.9505289,174,88.0
2023-08-09T22:43:04Z,run,2023-08-09T23:23:28Z,-8.04722956,-34.9505269,174,88.0
2023-08-09T22:43:04Z,run,2023-08-09T23:23:29Z,-8.04720356,-34.95052457,175,88.0
2023-08-09T22:43:04Z,run,2023-08-09T23:23:30Z,-8.04717756,-34.95051991,175,88.0
2023-08-09T22:43:04Z,run,2023-08-09T23:23:31Z,-8.04715222,-34.95051658,175,88.0
2023-08-09T22:43:04Z,run,2023-08-09T23:23:32Z,-8.04712622,-34.95051258,174,88.0
2023-08-09T22:43:04Z,run,2023-08-09T23:23:33Z,-8.04710123,-34.95050826,173,88.0
2023-08-09T22:43:04Z,run,2023-08-09T23:23:34Z,-8.04707724,-34.95050426,173,88.0
2023-08-09T22:43:04Z,run,2023-08-09T23:23:35Z,-8.04705358,-34.95050159,173,88.0
2023-08-09T22:43:04Z,run,2023-08-09T23:23:36Z,-8.04702991,-34.95049994,172,88.0
2023-08-09T22:43:04Z,run,2023-08-09T23:23:37Z,-8.04700559,-34.95049794,172,88.0
2023-08-09T22:43:04Z,run,2023-08-09T23:23:38Z,-8.04698192,-34.95049695,172,89.0
2023-08-09T22:43:04Z,run,2023-08-09T23:23:39Z,-8.04695725,-34.95049495,172,88.0
2023-08-09T22:43:04Z,run,2023-08-09T23:23:40Z,-8.04693292,-34.95049196,172,87.0
2023-08-09T22:43:04Z,run,2023-08-09T23:23:41Z,-8.04690893,-34.95048897,171,88.0
2023-08-09T22:43:04Z,run,2023-08-09T23:23:42Z,-8.04688527,-34.9504863,171,89.0
2023-08-09T22:43:04Z,run,2023-08-09T23:23:43Z,-8.04686094,-34.95048298,171,89.0
2023-08-09T22:43:04Z,run,2023-08-09T23:23:44Z,-8.04683695,-34.95048031,171,89.0
2023-08-09T22:43:04Z,run,2023-08-09T23:23:45Z,-8.04681228,-34.95047631,171,88.0
2023-08-09T22:43:04Z,run,2023-08-09T23:23:46Z,-8.04678729,-34.95047165,171,88.0
2023-08-09T22:43:04Z,run,2023-08-09T23:23:47Z,-8.04676196,-34.95046665,170,89.0
2023-08-09T22:43:04Z,run,2023-08-09T23:23:48Z,-8.0467383,-34.95046266,170,88.0
2023-08-09T22:43:04Z,run,2023-08-09T23:23:49Z,-8.0467153,-34.95045833,170,88.0
2023-08-09T22:43:04Z,run,2023-08-09T23:23:50Z,-8.04669231,-34.95045434,171,88.0
2023-08-09T22:43:04Z,run,2023-08-09T23:23:51Z,-8.04666898,-34.95045067,170,88.0
2023-08-09T22:43:04Z,run,2023-08-09T23:23:52Z,-8.04664699,-34.95044702,170,88.0
2023-08-09T22:43:04Z,run,2023-08-09T23:23:53Z,-8.04662667,-34.95044403,171,88.0
2023-08-09T22:43:04Z,run,2023-08-09T23:23:54Z,-8.04661067,-34.95044403,171,88.0
2023-08-09T22:43:04Z,run,2023-08-09T23:23:55Z,-8.04660001,-34.95044768,171,87.0
2023-08-09T22:43:04Z,run,2023-08-09T23:23:56Z,-8.04659502,-34.95045302,171,87.0
2023-08-09T22:43:04Z,run,2023-08-09T23:23:57Z,-8.04659668,-34.95046002,171,87.0
2023-08-09T22:43:04Z,run,2023-08-09T23:23:58Z,-8.04660768,-34.95046767,171,87.0
2023-08-09T22:43:04Z,run,2023-08-09T23:23:59Z,-8.04662301,-34.95047434,173,88.0
2023-08-09T22:43:04Z,run,2023-08-09T23:24:00Z,-8.04664233,-34.95047866,174,88.0
2023-08-09T22:43:04Z,run,2023-08-09T23:24:01Z,-8.04666267,-34.95048233,175,88.0
2023-08-09T22:43:04Z,run,2023-08-09T23:24:02Z,-8.04668466,-34.95048499,175,88.0
2023-08-09T22:43:04Z,run,2023-08-09T23:24:03Z,-8.04670832,-34.95048699,176,88.0
2023-08-09T22:43:04Z,run,2023-08-09T23:24:04Z,-8.04673231,-34.95048899,176,88.0
2023-08-09T22:43:04Z,run,2023-08-09T23:24:05Z,-8.04675665,-34.95049065,176,88.0
2023-08-09T22:43:04Z,run,2023-08-09T23:24:06Z,-8.04678064,-34.95049298,176,88.0
2023-08-09T22:43:04Z,run,2023-08-09T23:24:07Z,-8.04680497,-34.9504963,177,88.0
2023-08-09T22:43:04Z,run,2023-08-09T23:24:08Z,-8.04682996,-34.95049997,177,88.0
2023-08-09T22:43:04Z,run,2023-08-09T23:24:09Z,-8.04685496,-34.95050329,177,89.0
2023-08-09T22:43:04Z,run,2023-08-09T23:24:10Z,-8.04688062,-34.95050529,177,88.0
2023-08-09T22:43:04Z,run,2023-08-09T23:24:11Z,-8.04690561,-34.95050661,177,88.0
2023-08-09T22:43:04Z,run,2023-08-09T23:24:12Z,-8.04693027,-34.95050795,177,88.0
2023-08-09T22:43:04Z,run,2023-08-09T23:24:13Z,-8.04695627,-34.95051127,176,88.0
2023-08-09T22:43:04Z,run,2023-08-09T23:24:14Z,-8.0469826,-34.95051394,176,88.0
2023-08-09T22:43:04Z,run,2023-08-09T23:24:15Z,-8.0470086,-34.95051459,176,88.0
2023-08-09T22:43:04Z,run,2023-08-09T23:24:16Z,-8.0470346,-34.95051659,176,89.0
2023-08-09T22:43:04Z,run,2023-08-09T23:24:17Z,-8.04706026,-34.95051858,176,89.0
2023-08-09T22:43:04Z,run,2023-08-09T23:24:18Z,-8.04708525,-34.95051992,176,89.0
2023-08-09T22:43:04Z,run,2023-08-09T23:24:19Z,-8.04711025,-34.95052158,176,88.0
2023-08-09T22:43:04Z,run,2023-08-09T23:24:20Z,-8.04713458,-34.95052291,176,88.0
2023-08-09T22:43:04Z,run,2023-08-09T23:24:21Z,-8.04715923,-34.95052457,175,88.0
2023-08-09T22:43:04Z,run,2023-08-09T23:24:22Z,-8.0471839,-34.95052556,175,88.0
2023-08-09T22:43:04Z,run,2023-08-09T23:24:23Z,-8.04720656,-34.95052622,174,89.0
2023-08-09T22:43:04Z,run,2023-08-09T23:24:24Z,-8.04723022,-34.95052722,173,88.0
2023-08-09T22:43:04Z,run,2023-08-09T23:24:25Z,-8.04725356,-34.95052921,173,88.0
2023-08-09T22:43:04Z,run,2023-08-09T23:24:26Z,-8.04727722,-34.95053088,173,88.0
2023-08-09T22:43:04Z,run,2023-08-09T23:24:27Z,-8.04730121,-34.95053321,173,88.0
2023-08-09T22:43:04Z,run,2023-08-09T23:24:28Z,-8.04732455,-34.95053554,172,88.0
2023-08-09T22:43:04Z,run,2023-08-09T23:24:29Z,-8.04734821,-34.95053953,172,87.0
2023-08-09T22:43:04Z,run,2023-08-09T23:24:30Z,-8.04737155,-34.95054286,172,88.0
2023-08-09T22:43:04Z,run,2023-08-09T23:24:31Z,-8.04739521,-34.95054551,170,88.0
2023-08-09T22:43:04Z,run,2023-08-09T23:24:32Z,-8.04741887,-34.95054785,170,88.0
2023-08-09T22:43:04Z,run,2023-08-09T23:24:33Z,-8.04744286,-34.95054884,170,88.0
2023-08-09T22:43:04Z,run,2023-08-09T23:24:34Z,-8.04746519,-34.95054949,170,88.0
2023-08-09T22:43:04Z,run,2023-08-09T23:24:35Z,-8.04748753,-34.95055049,170,88.0
2023-08-09T22:43:04Z,run,2023-08-09T23:24:36Z,-8.04751052,-34.95055249,171,88.0
2023-08-09T22:43:04Z,run,2023-08-09T23:24:37Z,-8.04753485,-34.95055448,171,88.0
2023-08-09T22:43:04Z,run,2023-08-09T23:24:38Z,-8.04755884,-34.95055781,171,88.0
2023-08-09T22:43:04Z,run,2023-08-09T23:24:39Z,-8.04758384,-34.95056114,171,88.0
2023-08-09T22:43:04Z,run,2023-08-09T23:24:40Z,-8.04760851,-34.95056413,171,89.0
2023-08-09T22:43:04Z,run,2023-08-09T23:24:41Z,-8.04763316,-34.95056879,171,89.0
2023-08-09T22:43:04Z,run,2023-08-09T23:24:42Z,-8.04765715,-34.95057312,171,89.0
2023-08-09T22:43:04Z,run,2023-08-09T23:24:43Z,-8.04768015,-34.95057744,171,89.0
2023-08-09T22:43:04Z,run,2023-08-09T23:24:44Z,-8.04770248,-34.95058144,171,89.0
2023-08-09T22:43:04Z,run,2023-08-09T23:24:45Z,-8.0477228,-34.95058378,171,89.0
2023-08-09T22:43:04Z,run,2023-08-09T23:24:46Z,-8.04774213,-34.9505861,172,89.0
