activity_id,sport_type,timestamp,latitude,longitude,speed,cadence,heart_rate
2024-01-03T22:13:33Z,run,2024-01-03T22:13:43Z,-8.04851333,-34.95191667,0.0,,
2024-01-03T22:13:33Z,run,2024-01-03T22:13:45Z,-8.04851732,-34.95192299,0.0,90.0,
2024-01-03T22:13:33Z,run,2024-01-03T22:13:46Z,-8.04851999,-34.95194799,0.0,90.0,
2024-01-03T22:13:33Z,run,2024-01-03T22:13:47Z,-8.048519,-34.95198265,0.0,89.0,
2024-01-03T22:13:33Z,run,2024-01-03T22:13:48Z,-8.04852299,-34.9520163,0.0,89.0,
2024-01-03T22:13:33Z,run,2024-01-03T22:13:49Z,-8.04852999,-34.95204297,0.0,89.0,
2024-01-03T22:13:33Z,run,2024-01-03T22:13:50Z,-8.04854065,-34.95206596,0.0,89.0,113.0
2024-01-03T22:13:33Z,run,2024-01-03T22:13:51Z,-8.04854197,-34.95209162,0.0,89.0,113.0
2024-01-03T22:13:33Z,run,2024-01-03T22:13:52Z,-8.04853798,-34.95211994,0.0,89.0,113.0
2024-01-03T22:13:33Z,run,2024-01-03T22:13:53Z,-8.04853098,-34.9521516,0.0,89.0,113.0
2024-01-03T22:13:33Z,run,2024-01-03T22:13:54Z,-8.04852466,-34.95218359,1.5099999904632568,89.0,113.0
2024-01-03T22:13:33Z,run,2024-01-03T22:13:55Z,-8.04851532,-34.95221458,3.0799999237060547,89.0,113.0
2024-01-03T22:13:33Z,run,2024-01-03T22:13:56Z,-8.04850466,-34.95224491,3.119999885559082,89.0,114.0
2024-01-03T22:13:33Z,run,2024-01-03T22:13:57Z,-8.04849667,-34.95227524,3.0999999046325684,89.0,115.0
2024-01-03T22:13:33Z,run,2024-01-03T22:13:58Z,-8.04849168,-34.9523069,3.0999999046325684,89.0,115.0
2024-01-03T22:13:33Z,run,2024-01-03T22:13:59Z,-8.04848734,-34.95233723,3.0899999141693115,88.0,115.0
2024-01-03T22:13:33Z,run,2024-01-03T22:14:00Z,-8.04848334,-34.95236757,3.0999999046325684,88.0,115.0
2024-01-03T22:13:33Z,run,2024-01-03T22:14:01Z,-8.04847668,-34.95239656,3.0999999046325684,88.0,115.0
2024-01-03T22:13:33Z,run,2024-01-03T22:14:02Z,-8.04847002,-34.95242389,3.069999933242798,88.0,117.0
2024-01-03T22:13:33Z,run,2024-01-03T22:14:03Z,-8.04846302,-34.95245089,3.069999933242798,88.0,117.0
2024-01-03T22:13:33Z,run,2024-01-03T22:14:04Z,-8.04845602,-34.95247721,3.0299999713897705,88.0,118.0
2024-01-03T22:13:33Z,run,2024-01-03T22:14:05Z,-8.04844835,-34.9525042,3.0,88.0,119.0
2024-01-03T22:13:33Z,run,2024-01-03T22:14:06Z,-8.04844336,-34.9525312,2.950000047683716,88.0,119.0
2024-01-03T22:13:33Z,run,2024-01-03T22:14:07Z,-8.04844403,-34.95255686,2.890000104904175,88.0,120.0
2024-01-03T22:13:33Z,run,2024-01-03T22:14:08Z,-8.0484497,-34.95258086,2.8499999046325684,88.0,123.0
2024-01-03T22:13:33Z,run,2024-01-03T22:14:09Z,-8.04846003,-34.95260518,2.8499999046325684,88.0,123.0
2024-01-03T22:13:33Z,run,2024-01-03T22:14:10Z,-8.04846669,-34.95262618,2.8399999141693115,88.0,125.0
2024-01-03T22:13:33Z,run,2024-01-03T22:14:11Z,-8.04847202,-34.95264484,2.8499999046325684,88.0,126.0
2024-01-03T22:13:33Z,run,2024-01-03T22:14:12Z,-8.04847801,-34.95266284,2.859999895095825,88.0,127.0
2024-01-03T22:13:33Z,run,2024-01-03T22:14:13Z,-8.04848401,-34.95268251,2.8299999237060547,88.0,126.0
2024-01-03T22:13:33Z,run,2024-01-03T22:14:14Z,-8.04848968,-34.95270417,2.7300000190734863,88.0,126.0
2024-01-03T22:13:33Z,run,2024-01-03T22:14:15Z,-8.048497,-34.95272716,2.7300000190734863,88.0,126.0
2024-01-03T22:13:33Z,run,2024-01-03T22:14:16Z,-8.04850433,-34.95274815,2.630000114440918,88.0,126.0
2024-01-03T22:13:33Z,run,2024-01-03T22:14:17Z,-8.04851367,-34.95277114,2.5899999141693115,88.0,127.0
2024-01-03T22:13:33Z,run,2024-01-03T22:14:18Z,-8.048524,-34.95279348,2.569999933242798,88.0,126.0
2024-01-03T22:13:33Z,run,2024-01-03T22:14:19Z,-8.04853466,-34.95281681,2.609999895095825,88.0,126.0
2024-01-03T22:13:33Z,run,2024-01-03T22:14:20Z,-8.04854331,-34.95283947,2.6700000762939453,88.0,126.0
2024-01-03T22:13:33Z,run,2024-01-03T22:14:21Z,-8.04855165,-34.95286046,2.6700000762939453,88.0,126.0
2024-01-03T22:13:33Z,run,2024-01-03T22:14:22Z,-8.04855764,-34.95288246,2.7100000381469727,88.0,124.0
2024-01-03T22:13:33Z,run,2024-01-03T22:14:23Z,-8.0485643,-34.95290412,2.7100000381469727,88.0,124.0
2024-01-03T22:13:33Z,run,2024-01-03T22:14:24Z,-8.0485753,-34.95292278,2.7100000381469727,88.0,125.0
2024-01-03T22:13:33Z,run,2024-01-03T22:14:25Z,-8.04858896,-34.9529371,2.700000047683716,88.0,125.0
2024-01-03T22:13:33Z,run,2024-01-03T22:14:26Z,-8.04860163,-34.95295044,2.680000066757202,89.0,125.0
2024-01-03T22:13:33Z,run,2024-01-03T22:14:27Z,-8.04861428,-34.95296176,2.680000066757202,89.0,125.0
2024-01-03T22:13:33Z,run,2024-01-03T22:14:28Z,-8.04862627,-34.95297308,2.630000114440918,88.0,125.0
2024-01-03T22:13:33Z,run,2024-01-03T22:14:29Z,-8.0486406,-34.95298541,2.5799999237060547,89.0,124.0
2024-01-03T22:13:33Z,run,2024-01-03T22:14:30Z,-8.0486556,-34.95299674,2.549999952316284,89.0,123.0
2024-01-03T22:13:33Z,run,2024-01-03T22:14:31Z,-8.04867159,-34.95300573,2.5299999713897705,88.0,123.0
2024-01-03T22:13:33Z,run,2024-01-03T22:14:32Z,-8.04868859,-34.95301239,2.5,88.0,123.0
2024-01-03T22:13:33Z,run,2024-01-03T22:14:33Z,-8.04870491,-34.95301705,2.5,88.0,123.0
2024-01-03T22:13:33Z,run,2024-01-03T22:14:34Z,-8.04872158,-34.95302071,2.4800000190734863,89.0,123.0
2024-01-03T22:13:33Z,run,2024-01-03T22:14:35Z,-8.04873923,-34.9530217,2.450000047683716,89.0,123.0
2024-01-03T22:13:33Z,run,2024-01-03T22:14:36Z,-8.04875723,-34.9530217,2.430000066757202,88.0,123.0
2024-01-03T22:13:33Z,run,2024-01-03T22:14:37Z,-8.04877622,-34.95302038,2.4100000858306885,88.0,124.0
2024-01-03T22:13:33Z,run,2024-01-03T22:14:38Z,-8.04879655,-34.95302137,2.4000000953674316,88.0,125.0
2024-01-03T22:13:33Z,run,2024-01-03T22:14:39Z,-8.04881721,-34.95302402,2.4000000953674316,88.0,125.0
2024-01-03T22:13:33Z,run,2024-01-03T22:14:40Z,-8.0488392,-34.95302735,2.390000104904175,88.0,125.0
2024-01-03T22:13:33Z,run,2024-01-03T22:14:41Z,-8.04886119,-34.95303235,2.380000114440918,88.0,125.0
2024-01-03T22:13:33Z,run,2024-01-03T22:14:42Z,-8.04888486,-34.95303901,2.369999885559082,88.0,125.0
2024-01-03T22:13:33Z,run,2024-01-03T22:14:43Z,-8.04890818,-34.953048,2.369999885559082,88.0,124.0
2024-01-03T22:13:33Z,run,2024-01-03T22:14:44Z,-8.04893118,-34.95305733,2.369999885559082,88.0,124.0
2024-01-03T22:13:33Z,run,2024-01-03T22:14:45Z,-8.04895184,-34.95306466,2.380000114440918,89.0,123.0
2024-01-03T22:13:33Z,run,2024-01-03T22:14:46Z,-8.04897183,-34.95306999,2.380000114440918,89.0,123.0
2024-01-03T22:13:33Z,run,2024-01-03T22:14:47Z,-8.04898983,-34.95307365,2.380000114440918,88.0,123.0
2024-01-03T22:13:33Z,run,2024-01-03T22:14:48Z,-8.04900615,-34.95307731,2.390000104904175,88.0,123.0
2024-01-03T22:13:33Z,run,2024-01-03T22:14:49Z,-8.04902315,-34.95307996,2.390000104904175,89.0,123.0
2024-01-03T22:13:33Z,run,2024-01-03T22:14:50Z,-8.04904214,-34.95308096,2.390000104904175,88.0,123.0
2024-01-03T22:13:33Z,run,2024-01-03T22:14:51Z,-8.04906213,-34.95308063,2.380000114440918,89.0,122.0
2024-01-03T22:13:33Z,run,2024-01-03T22:14:52Z,-8.04908313,-34.95308031,2.380000114440918,89.0,122.0
2024-01-03T22:13:33Z,run,2024-01-03T22:14:53Z,-8.0491048,-34.95308097,2.369999885559082,89.0,122.0
2024-01-03T22:13:33Z,run,2024-01-03T22:14:54Z,-8.04912879,-34.9530843,2.359999895095825,88.0,122.0
2024-01-03T22:13:33Z,run,2024-01-03T22:14:55Z,-8.04915479,-34.95308829,2.3499999046325684,88.0,123.0
2024-01-03T22:13:33Z,run,2024-01-03T22:14:56Z,-8.04917978,-34.95309394,2.3399999141693115,88.0,123.0
2024-01-03T22:13:33Z,run,2024-01-03T22:14:57Z,-8.04920445,-34.95310194,2.3399999141693115,89.0,122.0
2024-01-03T22:13:33Z,run,2024-01-03T22:14:58Z,-8.04922678,-34.95310928,2.3399999141693115,89.0,122.0
2024-01-03T22:13:33Z,run,2024-01-03T22:14:59Z,-8.04924911,-34.95311427,2.3399999141693115,88.0,122.0
2024-01-03T22:13:33Z,run,2024-01-03T22:15:00Z,-8.04927177,-34.95311692,2.3499999046325684,89.0,122.0
2024-01-03T22:13:33Z,run,2024-01-03T22:15:01Z,-8.04929676,-34.95311826,2.3499999046325684,88.0,122.0
2024-01-03T22:13:33Z,run,2024-01-03T22:15:02Z,-8.04932343,-34.95311826,2.359999895095825,89.0,123.0
2024-01-03T22:13:33Z,run,2024-01-03T22:15:03Z,-8.04935008,-34.9531176,2.359999895095825,89.0,125.0
2024-01-03T22:13:33Z,run,2024-01-03T22:15:04Z,-8.04937708,-34.95311926,2.359999895095825,89.0,125.0
2024-01-03T22:13:33Z,run,2024-01-03T22:15:05Z,-8.04940474,-34.95312258,2.369999885559082,88.0,126.0
2024-01-03T22:13:33Z,run,2024-01-03T22:15:06Z,-8.04943306,-34.95312691,2.380000114440918,88.0,126.0
2024-01-03T22:13:33Z,run,2024-01-03T22:15:07Z,-8.04946073,-34.95313258,2.380000114440918,88.0,126.0
2024-01-03T22:13:33Z,run,2024-01-03T22:15:08Z,-8.04948739,-34.95313924,2.390000104904175,88.0,126.0
2024-01-03T22:13:33Z,run,2024-01-03T22:15:09Z,-8.04951271,-34.95314657,2.4100000858306885,89.0,125.0
2024-01-03T22:13:33Z,run,2024-01-03T22:15:10Z,-8.04953771,-34.95315356,2.4100000858306885,89.0,125.0
2024-01-03T22:13:33Z,run,2024-01-03T22:15:11Z,-8.04956303,-34.95315989,2.4200000762939453,89.0,125.0
2024-01-03T22:13:33Z,run,2024-01-03T22:15:12Z,-8.04958869,-34.95316355,2.440000057220459,89.0,125.0
2024-01-03T22:13:33Z,run,2024-01-03T22:15:13Z,-8.04961502,-34.95316421,2.450000047683716,89.0,125.0
2024-01-03T22:13:33Z,run,2024-01-03T22:15:14Z,-8.04964068,-34.95316322,2.4700000286102295,88.0,125.0
2024-01-03T22:13:33Z,run,2024-01-03T22:15:15Z,-8.04966601,-34.95316322,2.4800000190734863,88.0,125.0
2024-01-03T22:13:33Z,run,2024-01-03T22:15:16Z,-8.049691,-34.95316387,2.4800000190734863,88.0,125.0
2024-01-03T22:13:33Z,run,2024-01-03T22:15:17Z,-8.04971567,-34.95316453,2.5,88.0,125.0
2024-01-03T22:13:33Z,run,2024-01-03T22:15:18Z,-8.04974034,-34.95316686,2.509999990463257,88.0,125.0
2024-01-03T22:13:33Z,run,2024-01-03T22:15:19Z,-8.04976467,-34.9531692,2.5299999713897705,88.0,125.0
2024-01-03T22:13:33Z,run,2024-01-03T22:15:20Z,-8.04979033,-34.95317052,2.5399999618530273,88.0,125.0
2024-01-03T22:13:33Z,run,2024-01-03T22:15:21Z,-8.04981466,-34.9531702,2.549999952316284,88.0,125.0
2024-01-03T22:13:33Z,run,2024-01-03T22:15:22Z,-8.04983865,-34.95316887,2.549999952316284,88.0,125.0
2024-01-03T22:13:33Z,run,2024-01-03T22:15:23Z,-8.04986298,-34.95316887,2.559999942779541,88.0,126.0
2024-01-03T22:13:33Z,run,2024-01-03T22:15:24Z,-8.04988631,-34.9531702,2.569999933242798,89.0,125.0
2024-01-03T22:13:33Z,run,2024-01-03T22:15:25Z,-8.04991297,-34.95317553,2.569999933242798,88.0,124.0
2024-01-03T22:13:33Z,run,2024-01-03T22:15:26Z,-8.04993963,-34.95318152,2.5799999237060547,89.0,122.0
2024-01-03T22:13:33Z,run,2024-01-03T22:15:27Z,-8.0499663,-34.95318751,2.5899999141693115,90.0,121.0
2024-01-03T22:13:33Z,run,2024-01-03T22:15:28Z,-8.04999263,-34.95319418,2.5899999141693115,90.0,121.0
2024-01-03T22:13:33Z,run,2024-01-03T22:15:29Z,-8.05001895,-34.95320083,2.5999999046325684,89.0,121.0
2024-01-03T22:13:33Z,run,2024-01-03T22:15:30Z,-8.05004595,-34.95320617,2.609999895095825,89.0,121.0
2024-01-03T22:13:33Z,run,2024-01-03T22:15:31Z,-8.05007094,-34.9532105,2.619999885559082,89.0,121.0
2024-01-03T22:13:33Z,run,2024-01-03T22:15:32Z,-8.05009894,-34.95321282,2.630000114440918,88.0,121.0
2024-01-03T22:13:33Z,run,2024-01-03T22:15:33Z,-8.05012428,-34.95321449,2.640000104904175,88.0,121.0
2024-01-03T22:13:33Z,run,2024-01-03T22:15:34Z,-8.05014893,-34.95321616,2.640000104904175,88.0,121.0
2024-01-03T22:13:33Z,run,2024-01-03T22:15:35Z,-8.05017459,-34.95321881,2.6500000953674316,89.0,120.0
2024-01-03T22:13:33Z,run,2024-01-03T22:15:36Z,-8.05019991,-34.9532218,2.6600000858306885,89.0,120.0
2024-01-03T22:13:33Z,run,2024-01-03T22:15:37Z,-8.05022325,-34.95322479,2.6700000762939453,89.0,120.0
2024-01-03T22:13:33Z,run,2024-01-03T22:15:38Z,-8.05024858,-34.95322778,2.680000066757202,90.0,121.0
2024-01-03T22:13:33Z,run,2024-01-03T22:15:39Z,-8.05027457,-34.95323045,2.680000066757202,89.0,121.0
2024-01-03T22:13:33Z,run,2024-01-03T22:15:40Z,-8.0503009,-34.95323278,2.680000066757202,89.0,121.0
2024-01-03T22:13:33Z,run,2024-01-03T22:15:41Z,-8.05032656,-34.95323544,2.690000057220459,89.0,121.0
2024-01-03T22:13:33Z,run,2024-01-03T22:15:42Z,-8.05035223,-34.95323777,2.700000047683716,88.0,121.0
2024-01-03T22:13:33Z,run,2024-01-03T22:15:43Z,-8.05037755,-34.95323877,2.7100000381469727,89.0,121.0
2024-01-03T22:13:33Z,run,2024-01-03T22:15:44Z,-8.05040222,-34.9532391,2.7100000381469727,88.0,121.0
2024-01-03T22:13:33Z,run,2024-01-03T22:15:45Z,-8.05042521,-34.9532391,2.7100000381469727,88.0,121.0
2024-01-03T22:13:33Z,run,2024-01-03T22:15:46Z,-8.05044854,-34.9532391,2.7100000381469727,88.0,121.0
2024-01-03T22:13:33Z,run,2024-01-03T22:15:47Z,-8.05047053,-34.95323975,2.7200000286102295,89.0,123.0
2024-01-03T22:13:33Z,run,2024-01-03T22:15:48Z,-8.0504952,-34.95323943,2.7300000190734863,89.0,124.0
2024-01-03T22:13:33Z,run,2024-01-03T22:15:49Z,-8.05052019,-34.95324009,2.7300000190734863,90.0,124.0
2024-01-03T22:13:33Z,run,2024-01-03T22:15:50Z,-8.05054519,-34.95324209,2.7300000190734863,89.0,124.0
2024-01-03T22:13:33Z,run,2024-01-03T22:15:51Z,-8.05056984,-34.95324442,2.7300000190734863,89.0,125.0
2024-01-03T22:13:33Z,run,2024-01-03T22:15:52Z,-8.05059383,-34.95324874,2.7300000190734863,89.0,125.0
2024-01-03T22:13:33Z,run,2024-01-03T22:15:53Z,-8.05061683,-34.95325608,2.740000009536743,88.0,126.0
2024-01-03T22:13:33Z,run,2024-01-03T22:15:54Z,-8.05064017,-34.95326207,2.740000009536743,88.0,127.0
2024-01-03T22:13:33Z,run,2024-01-03T22:15:55Z,-8.05066283,-34.95326772,2.75,89.0,128.0
2024-01-03T22:13:33Z,run,2024-01-03T22:15:56Z,-8.05068616,-34.95327371,2.75,89.0,128.0
2024-01-03T22:13:33Z,run,2024-01-03T22:15:57Z,-8.05071082,-34.95327871,2.75,89.0,128.0
2024-01-03T22:13:33Z,run,2024-01-03T22:15:58Z,-8.05073581,-34.95328105,2.75,89.0,128.0
2024-01-03T22:13:33Z,run,2024-01-03T22:15:59Z,-8.05076115,-34.9532827,2.759999990463257,89.0,129.0
2024-01-03T22:13:33Z,run,2024-01-03T22:16:00Z,-8.0507858,-34.95328303,2.759999990463257,89.0,130.0
2024-01-03T22:13:33Z,run,2024-01-03T22:16:01Z,-8.05081047,-34.95328403,2.759999990463257,89.0,131.0
2024-01-03T22:13:33Z,run,2024-01-03T22:16:02Z,-8.05083446,-34.95328636,2.759999990463257,88.0,131.0
2024-01-03T22:13:33Z,run,2024-01-03T22:16:03Z,-8.05085846,-34.95329002,2.759999990463257,89.0,130.0
2024-01-03T22:13:33Z,run,2024-01-03T22:16:04Z,-8.05087945,-34.95329468,2.759999990463257,89.0,131.0
2024-01-03T22:13:33Z,run,2024-01-03T22:16:05Z,-8.05090245,-34.95330035,2.759999990463257,89.0,131.0
2024-01-03T22:13:33Z,run,2024-01-03T22:16:06Z,-8.05092444,-34.95330434,2.759999990463257,89.0,131.0
2024-01-03T22:13:33Z,run,2024-01-03T22:16:07Z,-8.0509471,-34.95330867,2.759999990463257,90.0,131.0
2024-01-03T22:13:33Z,run,2024-01-03T22:16:08Z,-8.0509681,-34.95331266,2.759999990463257,90.0,132.0
2024-01-03T22:13:33Z,run,2024-01-03T22:16:09Z,-8.05098975,-34.95331466,2.759999990463257,90.0,133.0
2024-01-03T22:13:33Z,run,2024-01-03T22:16:10Z,-8.05101142,-34.953314,2.759999990463257,89.0,133.0
2024-01-03T22:13:33Z,run,2024-01-03T22:16:11Z,-8.05103442,-34.95331133,2.759999990463257,89.0,133.0
2024-01-03T22:13:33Z,run,2024-01-03T22:16:12Z,-8.05105841,-34.95331067,2.759999990463257,89.0,134.0
2024-01-03T22:13:33Z,run,2024-01-03T22:16:13Z,-8.05108274,-34.95331234,2.759999990463257,88.0,134.0
2024-01-03T22:13:33Z,run,2024-01-03T22:16:14Z,-8.0511084,-34.95331467,2.75,88.0,133.0
2024-01-03T22:13:33Z,run,2024-01-03T22:16:15Z,-8.0511344,-34.95331566,2.75,88.0,132.0
2024-01-03T22:13:33Z,run,2024-01-03T22:16:16Z,-8.05116006,-34.95331467,2.75,88.0,133.0
2024-01-03T22:13:33Z,run,2024-01-03T22:16:17Z,-8.05118606,-34.95331401,2.75,88.0,133.0
2024-01-03T22:13:33Z,run,2024-01-03T22:16:18Z,-8.05121172,-34.95331235,2.75,89.0,133.0
2024-01-03T22:13:33Z,run,2024-01-03T22:16:19Z,-8.05123706,-34.95331068,2.75,89.0,133.0
2024-01-03T22:13:33Z,run,2024-01-03T22:16:20Z,-8.05126306,-34.95331036,2.759999990463257,89.0,133.0
2024-01-03T22:13:33Z,run,2024-01-03T22:16:21Z,-8.05128838,-34.95331036,2.759999990463257,89.0,134.0
2024-01-03T22:13:33Z,run,2024-01-03T22:16:22Z,-8.0513137,-34.95331169,2.7699999809265137,89.0,135.0
2024-01-03T22:13:33Z,run,2024-01-03T22:16:23Z,-8.05133803,-34.95331368,2.7699999809265137,89.0,135.0
2024-01-03T22:13:33Z,run,2024-01-03T22:16:24Z,-8.05136202,-34.95331701,2.7699999809265137,89.0,136.0
2024-01-03T22:13:33Z,run,2024-01-03T22:16:25Z,-8.05138502,-34.95332101,2.7699999809265137,89.0,136.0
2024-01-03T22:13:33Z,run,2024-01-03T22:16:26Z,-8.05140868,-34.95332601,2.7799999713897705,89.0,136.0
2024-01-03T22:13:33Z,run,2024-01-03T22:16:27Z,-8.05143468,-34.95333033,2.7799999713897705,89.0,136.0
2024-01-03T22:13:33Z,run,2024-01-03T22:16:28Z,-8.05145802,-34.95333433,2.7799999713897705,90.0,136.0
2024-01-03T22:13:33Z,run,2024-01-03T22:16:29Z,-8.05148201,-34.95333765,2.7799999713897705,90.0,136.0
2024-01-03T22:13:33Z,run,2024-01-03T22:16:30Z,-8.051506,-34.95334064,2.7799999713897705,89.0,136.0
2024-01-03T22:13:33Z,run,2024-01-03T22:16:31Z,-8.05153065,-34.95334397,2.7799999713897705,89.0,136.0
2024-01-03T22:13:33Z,run,2024-01-03T22:16:32Z,-8.05155532,-34.95334696,2.7799999713897705,89.0,136.0
2024-01-03T22:13:33Z,run,2024-01-03T22:16:33Z,-8.05157999,-34.95334862,2.7799999713897705,89.0,136.0
2024-01-03T22:13:33Z,run,2024-01-03T22:16:34Z,-8.05160499,-34.95335028,2.7799999713897705,89.0,137.0
2024-01-03T22:13:33Z,run,2024-01-03T22:16:35Z,-8.05163031,-34.95335327,2.7799999713897705,89.0,137.0
2024-01-03T22:13:33Z,run,2024-01-03T22:16:36Z,-8.05165498,-34.95335626,2.7799999713897705,89.0,138.0
2024-01-03T22:13:33Z,run,2024-01-03T22:16:37Z,-8.05167997,-34.95335826,2.7799999713897705,89.0,139.0
2024-01-03T22:13:33Z,run,2024-01-03T22:16:38Z,-8.05170529,-34.95336026,2.7799999713897705,88.0,139.0
2024-01-03T22:13:33Z,run,2024-01-03T22:16:39Z,-8.05173062,-34.95336158,2.7799999713897705,88.0,138.0
2024-01-03T22:13:33Z,run,2024-01-03T22:16:40Z,-8.05175595,-34.95336292,2.7899999618530273,88.0,138.0
2024-01-03T22:13:33Z,run,2024-01-03T22:16:41Z,-8.05178095,-34.95336491,2.7899999618530273,88.0,139.0
2024-01-03T22:13:33Z,run,2024-01-03T22:16:42Z,-8.0518056,-34.95336691,2.7899999618530273,88.0,139.0
2024-01-03T22:13:33Z,run,2024-01-03T22:16:43Z,-8.05182894,-34.95336824,2.7899999618530273,88.0,139.0
2024-01-03T22:13:33Z,run,2024-01-03T22:16:44Z,-8.05185327,-34.9533689,2.799999952316284,89.0,139.0
2024-01-03T22:13:33Z,run,2024-01-03T22:16:45Z,-8.05187693,-34.95337056,2.799999952316284,89.0,140.0
2024-01-03T22:13:33Z,run,2024-01-03T22:16:46Z,-8.05190126,-34.95337222,2.799999952316284,89.0,143.0
2024-01-03T22:13:33Z,run,2024-01-03T22:16:47Z,-8.05192726,-34.95337389,2.799999952316284,89.0,143.0
2024-01-03T22:13:33Z,run,2024-01-03T22:16:48Z,-8.05195125,-34.95337554,2.799999952316284,89.0,143.0
2024-01-03T22:13:33Z,run,2024-01-03T22:16:49Z,-8.05197558,-34.95337788,2.799999952316284,89.0,143.0
2024-01-03T22:13:33Z,run,2024-01-03T22:16:50Z,-8.05200257,-34.95337988,2.799999952316284,88.0,144.0
2024-01-03T22:13:33Z,run,2024-01-03T22:16:51Z,-8.05202724,-34.95338053,2.799999952316284,88.0,144.0
2024-01-03T22:13:33Z,run,2024-01-03T22:16:52Z,-8.05205224,-34.95338053,2.799999952316284,88.0,144.0
2024-01-03T22:13:33Z,run,2024-01-03T22:16:53Z,-8.05207756,-34.95338021,2.799999952316284,89.0,145.0
2024-01-03T22:13:33Z,run,2024-01-03T22:16:54Z,-8.05210522,-34.95338021,2.799999952316284,89.0,145.0
2024-01-03T22:13:33Z,run,2024-01-03T22:16:55Z,-8.05213388,-34.95338087,2.799999952316284,89.0,145.0
2024-01-03T22:13:33Z,run,2024-01-03T22:16:56Z,-8.05216188,-34.95338152,2.799999952316284,89.0,145.0
2024-01-03T22:13:33Z,run,2024-01-03T22:16:57Z,-8.0521892,-34.95338186,2.799999952316284,90.0,145.0
2024-01-03T22:13:33Z,run,2024-01-03T22:16:58Z,-8.05221587,-34.95338318,2.799999952316284,90.0,147.0
2024-01-03T22:13:33Z,run,2024-01-03T22:16:59Z,-8.05224252,-34.95338485,2.809999942779541,89.0,147.0
2024-01-03T22:13:33Z,run,2024-01-03T22:17:00Z,-8.05226919,-34.9533875,2.809999942779541,89.0,147.0
2024-01-03T22:13:33Z,run,2024-01-03T22:17:01Z,-8.05229586,-34.95339049,2.819999933242798,89.0,148.0
2024-01-03T22:13:33Z,run,2024-01-03T22:17:02Z,-8.05232218,-34.95339448,2.819999933242798,89.0,148.0
2024-01-03T22:13:33Z,run,2024-01-03T22:17:03Z,-8.05234617,-34.95339715,2.8299999237060547,89.0,148.0
2024-01-03T22:13:33Z,run,2024-01-03T22:17:04Z,-8.05237217,-34.95339882,2.8399999141693115,89.0,150.0
2024-01-03T22:13:33Z,run,2024-01-03T22:17:05Z,-8.0523985,-34.95340114,2.8399999141693115,89.0,150.0
2024-01-03T22:13:33Z,run,2024-01-03T22:17:06Z,-8.0524245,-34.95340314,2.8399999141693115,89.0,150.0
2024-01-03T22:13:33Z,run,2024-01-03T22:17:07Z,-8.05244984,-34.95340514,2.8399999141693115,89.0,150.0
2024-01-03T22:13:33Z,run,2024-01-03T22:17:08Z,-8.05247483,-34.95340646,2.8499999046325684,90.0,150.0
2024-01-03T22:13:33Z,run,2024-01-03T22:17:09Z,-8.05249916,-34.95340713,2.859999895095825,90.0,151.0
2024-01-03T22:13:33Z,run,2024-01-03T22:17:10Z,-8.05252149,-34.95340779,2.859999895095825,89.0,153.0
2024-01-03T22:13:33Z,run,2024-01-03T22:17:11Z,-8.05254415,-34.95340811,2.869999885559082,90.0,154.0
2024-01-03T22:13:33Z,run,2024-01-03T22:17:12Z,-8.05256814,-34.9534091,2.869999885559082,90.0,154.0
2024-01-03T22:13:33Z,run,2024-01-03T22:17:13Z,-8.05259313,-34.9534101,2.869999885559082,90.0,154.0
2024-01-03T22:13:33Z,run,2024-01-03T22:17:14Z,-8.05261913,-34.95341176,2.869999885559082,90.0,154.0
2024-01-03T22:13:33Z,run,2024-01-03T22:17:15Z,-8.05264413,-34.95341376,2.869999885559082,90.0,155.0
2024-01-03T22:13:33Z,run,2024-01-03T22:17:16Z,-8.05266913,-34.95341641,2.869999885559082,90.0,157.0
2024-01-03T22:13:33Z,run,2024-01-03T22:17:17Z,-8.05269545,-34.95342007,2.880000114440918,90.0,159.0
2024-01-03T22:13:33Z,run,2024-01-03T22:17:18Z,-8.05272045,-34.9534244,2.880000114440918,90.0,159.0
2024-01-03T22:13:33Z,run,2024-01-03T22:17:19Z,-8.05274512,-34.95343039,2.880000114440918,89.0,160.0
2024-01-03T22:13:33Z,run,2024-01-03T22:17:20Z,-8.05276811,-34.95343573,2.880000114440918,89.0,161.0
2024-01-03T22:13:33Z,run,2024-01-03T22:17:21Z,-8.05279411,-34.95344072,2.880000114440918,90.0,161.0
2024-01-03T22:13:33Z,run,2024-01-03T22:17:22Z,-8.05281911,-34.95344272,2.880000114440918,89.0,162.0
2024-01-03T22:13:33Z,run,2024-01-03T22:17:23Z,-8.05284477,-34.95344472,2.880000114440918,88.0,162.0
2024-01-03T22:13:33Z,run,2024-01-03T22:17:24Z,-8.05287077,-34.95344737,2.880000114440918,88.0,162.0
2024-01-03T22:13:33Z,run,2024-01-03T22:17:25Z,-8.05289643,-34.95345036,2.880000114440918,88.0,162.0
2024-01-03T22:13:33Z,run,2024-01-03T22:17:26Z,-8.05292142,-34.95345503,2.880000114440918,89.0,162.0
2024-01-03T22:13:33Z,run,2024-01-03T22:17:27Z,-8.05294509,-34.95345835,2.880000114440918,89.0,162.0
2024-01-03T22:13:33Z,run,2024-01-03T22:17:28Z,-8.05296875,-34.95346069,2.890000104904175,90.0,162.0
2024-01-03T22:13:33Z,run,2024-01-03T22:17:29Z,-8.05299108,-34.95346434,2.890000104904175,89.0,161.0
2024-01-03T22:13:33Z,run,2024-01-03T22:17:30Z,-8.05301708,-34.95346934,2.890000104904175,89.0,161.0
2024-01-03T22:13:33Z,run,2024-01-03T22:17:31Z,-8.05304341,-34.95347333,2.890000104904175,89.0,161.0
2024-01-03T22:13:33Z,run,2024-01-03T22:17:32Z,-8.05306808,-34.95347966,2.890000104904175,89.0,161.0
2024-01-03T22:13:33Z,run,2024-01-03T22:17:33Z,-8.05308974,-34.95348699,2.890000104904175,89.0,162.0
2024-01-03T22:13:33Z,run,2024-01-03T22:17:34Z,-8.0531124,-34.95349298,2.890000104904175,89.0,162.0
2024-01-03T22:13:33Z,run,2024-01-03T22:17:35Z,-8.05313707,-34.95349831,2.890000104904175,89.0,162.0
2024-01-03T22:13:33Z,run,2024-01-03T22:17:36Z,-8.05316106,-34.95350098,2.890000104904175,89.0,162.0
2024-01-03T22:13:33Z,run,2024-01-03T22:17:37Z,-8.05318505,-34.95350197,2.890000104904175,89.0,161.0
2024-01-03T22:13:33Z,run,2024-01-03T22:17:38Z,-8.05320771,-34.95350197,2.890000104904175,89.0,161.0
2024-01-03T22:13:33Z,run,2024-01-03T22:17:39Z,-8.05323436,-34.95350264,2.890000104904175,89.0,161.0
2024-01-03T22:13:33Z,run,2024-01-03T22:17:40Z,-8.05326036,-34.95350396,2.890000104904175,89.0,161.0
2024-01-03T22:13:33Z,run,2024-01-03T22:17:41Z,-8.05328435,-34.95350663,2.890000104904175,89.0,161.0
2024-01-03T22:13:33Z,run,2024-01-03T22:17:42Z,-8.05330869,-34.95351028,2.890000104904175,89.0,161.0
2024-01-03T22:13:33Z,run,2024-01-03T22:17:43Z,-8.05333401,-34.95351627,2.890000104904175,89.0,162.0
2024-01-03T22:13:33Z,run,2024-01-03T22:17:44Z,-8.05335967,-34.95352427,2.890000104904175,89.0,162.0
2024-01-03T22:13:33Z,run,2024-01-03T22:17:45Z,-8.05338499,-34.95353227,2.890000104904175,89.0,162.0
2024-01-03T22:13:33Z,run,2024-01-03T22:17:46Z,-8.05340932,-34.95353826,2.890000104904175,89.0,163.0
2024-01-03T22:13:33Z,run,2024-01-03T22:17:47Z,-8.05343266,-34.9535426,2.890000104904175,90.0,164.0
2024-01-03T22:13:33Z,run,2024-01-03T22:17:48Z,-8.05345665,-34.95354925,2.890000104904175,90.0,164.0
2024-01-03T22:13:33Z,run,2024-01-03T22:17:48Z,-8.05347898,-34.95355325,2.890000104904175,90.0,164.0
2024-01-03T22:13:33Z,run,2024-01-03T22:17:49Z,-8.0535003,-34.95355391,2.890000104904175,90.0,164.0
2024-01-03T22:13:33Z,run,2024-01-03T22:17:50Z,-8.05352163,-34.95355291,2.890000104904175,90.0,165.0
2024-01-03T22:13:33Z,run,2024-01-03T22:17:51Z,-8.05354163,-34.95355358,2.890000104904175,89.0,164.0
2024-01-03T22:13:33Z,run,2024-01-03T22:17:52Z,-8.05356263,-34.95355757,2.890000104904175,89.0,164.0
2024-01-03T22:13:33Z,run,2024-01-03T22:17:53Z,-8.05358462,-34.9535619,2.890000104904175,89.0,164.0
2024-01-03T22:13:33Z,run,2024-01-03T22:17:54Z,-8.05360627,-34.95356522,2.890000104904175,89.0,164.0
2024-01-03T22:13:33Z,run,2024-01-03T22:17:55Z,-8.05362826,-34.95356955,2.890000104904175,90.0,164.0
2024-01-03T22:13:33Z,run,2024-01-03T22:17:56Z,-8.05365326,-34.95357488,2.890000104904175,90.0,166.0
2024-01-03T22:13:33Z,run,2024-01-03T22:17:57Z,-8.05367793,-34.95358055,2.880000114440918,90.0,167.0
2024-01-03T22:13:33Z,run,2024-01-03T22:17:58Z,-8.05370159,-34.95358588,2.869999885559082,90.0,167.0
2024-01-03T22:13:33Z,run,2024-01-03T22:17:59Z,-8.05372324,-34.95359187,2.869999885559082,90.0,168.0
2024-01-03T22:13:33Z,run,2024-01-03T22:18:00Z,-8.05374723,-34.95359987,2.869999885559082,90.0,168.0
2024-01-03T22:13:33Z,run,2024-01-03T22:18:01Z,-8.0537719,-34.95360987,2.859999895095825,90.0,169.0
2024-01-03T22:13:33Z,run,2024-01-03T22:18:02Z,-8.0537949,-34.95361986,2.8499999046325684,90.0,169.0
2024-01-03T22:13:33Z,run,2024-01-03T22:18:03Z,-8.05381856,-34.95362553,2.8499999046325684,90.0,169.0
2024-01-03T22:13:33Z,run,2024-01-03T22:18:04Z,-8.05383989,-34.95362753,2.8499999046325684,90.0,168.0
2024-01-03T22:13:33Z,run,2024-01-03T22:18:05Z,-8.05386422,-34.95362753,2.8399999141693115,90.0,168.0
2024-01-03T22:13:33Z,run,2024-01-03T22:18:06Z,-8.05388955,-34.9536272,2.8399999141693115,90.0,168.0
2024-01-03T22:13:33Z,run,2024-01-03T22:18:07Z,-8.05391455,-34.9536272,2.8399999141693115,90.0,168.0
2024-01-03T22:13:33Z,run,2024-01-03T22:18:08Z,-8.05393787,-34.95362655,2.8399999141693115,90.0,168.0
2024-01-03T22:13:33Z,run,2024-01-03T22:18:09Z,-8.0539622,-34.95362555,2.8399999141693115,90.0,168.0
2024-01-03T22:13:33Z,run,2024-01-03T22:18:10Z,-8.05398619,-34.95362489,2.8299999237060547,90.0,167.0
2024-01-03T22:13:33Z,run,2024-01-03T22:18:11Z,-8.05400985,-34.95362521,2.8299999237060547,90.0,166.0
2024-01-03T22:13:33Z,run,2024-01-03T22:18:12Z,-8.05403185,-34.95362587,2.8299999237060547,90.0,166.0
2024-01-03T22:13:33Z,run,2024-01-03T22:18:13Z,-8.05405484,-34.95362787,2.819999933242798,89.0,165.0
2024-01-03T22:13:33Z,run,2024-01-03T22:18:14Z,-8.05408017,-34.95363086,2.809999942779541,89.0,165.0
2024-01-03T22:13:33Z,run,2024-01-03T22:18:15Z,-8.05410583,-34.95363219,2.809999942779541,89.0,165.0
2024-01-03T22:13:33Z,run,2024-01-03T22:18:16Z,-8.05413082,-34.95363318,2.799999952316284,90.0,165.0
2024-01-03T22:13:33Z,run,2024-01-03T22:18:17Z,-8.05415482,-34.95363518,2.799999952316284,89.0,165.0
2024-01-03T22:13:33Z,run,2024-01-03T22:18:18Z,-8.05417948,-34.95363785,2.799999952316284,90.0,165.0
2024-01-03T22:13:33Z,run,2024-01-03T22:18:19Z,-8.05420448,-34.95364151,2.799999952316284,90.0,165.0
2024-01-03T22:13:33Z,run,2024-01-03T22:18:20Z,-8.05422913,-34.9536455,2.799999952316284,89.0,165.0
2024-01-03T22:13:33Z,run,2024-01-03T22:18:21Z,-8.05425147,-34.95364983,2.799999952316284,89.0,165.0
2024-01-03T22:13:33Z,run,2024-01-03T22:18:22Z,-8.05427346,-34.95365149,2.799999952316284,89.0,163.0
2024-01-03T22:13:33Z,run,2024-01-03T22:18:23Z,-8.05429479,-34.95365215,2.799999952316284,88.0,163.0
2024-01-03T22:13:33Z,run,2024-01-03T22:18:24Z,-8.05431845,-34.95365115,2.7899999618530273,88.0,164.0
2024-01-03T22:13:33Z,run,2024-01-03T22:18:25Z,-8.05434211,-34.95365083,2.7899999618530273,88.0,164.0
2024-01-03T22:13:33Z,run,2024-01-03T22:18:26Z,-8.05437045,-34.95365382,2.7899999618530273,88.0,165.0
2024-01-03T22:13:33Z,run,2024-01-03T22:18:27Z,-8.05439777,-34.95366215,2.7899999618530273,89.0,165.0
2024-01-03T22:13:33Z,run,2024-01-03T22:18:28Z,-8.05442543,-34.95367015,2.7899999618530273,90.0,165.0
2024-01-03T22:13:33Z,run,2024-01-03T22:18:29Z,-8.05445109,-34.95367582,2.7899999618530273,90.0,165.0
2024-01-03T22:13:33Z,run,2024-01-03T22:18:30Z,-8.05447375,-34.95367982,2.7899999618530273,90.0,166.0
2024-01-03T22:13:33Z,run,2024-01-03T22:18:31Z,-8.05449608,-34.95368281,2.7899999618530273,90.0,166.0
2024-01-03T22:13:33Z,run,2024-01-03T22:18:32Z,-8.05452041,-34.95368413,2.7899999618530273,89.0,166.0
2024-01-03T22:13:33Z,run,2024-01-03T22:18:33Z,-8.05454274,-34.95368446,2.799999952316284,89.0,166.0
2024-01-03T22:13:33Z,run,2024-01-03T22:18:34Z,-8.0545654,-34.9536838,2.799999952316284,89.0,166.0
2024-01-03T22:13:33Z,run,2024-01-03T22:18:35Z,-8.0545884,-34.95368147,2.799999952316284,89.0,166.0
2024-01-03T22:13:33Z,run,2024-01-03T22:18:36Z,-8.05461139,-34.95367781,2.799999952316284,89.0,168.0
2024-01-03T22:13:33Z,run,2024-01-03T22:18:37Z,-8.05463605,-34.95367214,2.799999952316284,89.0,168.0
2024-01-03T22:13:33Z,run,2024-01-03T22:18:38Z,-8.05465871,-34.95366615,2.799999952316284,89.0,169.0
2024-01-03T22:13:33Z,run,2024-01-03T22:18:39Z,-8.05468203,-34.9536605,2.7899999618530273,89.0,170.0
2024-01-03T22:13:33Z,run,2024-01-03T22:18:40Z,-8.0547067,-34.9536555,2.7899999618530273,89.0,171.0
2024-01-03T22:13:33Z,run,2024-01-03T22:18:41Z,-8.05473137,-34.95365316,2.7899999618530273,89.0,170.0
2024-01-03T22:13:33Z,run,2024-01-03T22:18:42Z,-8.05475503,-34.95365284,2.7799999713897705,89.0,169.0
2024-01-03T22:13:33Z,run,2024-01-03T22:18:43Z,-8.05478136,-34.95365416,2.7799999713897705,89.0,169.0
2024-01-03T22:13:33Z,run,2024-01-03T22:18:44Z,-8.05480601,-34.9536585,2.7799999713897705,89.0,169.0
2024-01-03T22:13:33Z,run,2024-01-03T22:18:45Z,-8.05483301,-34.95366549,2.7799999713897705,89.0,169.0
2024-01-03T22:13:33Z,run,2024-01-03T22:18:46Z,-8.05485901,-34.95367215,2.7799999713897705,89.0,169.0
2024-01-03T22:13:33Z,run,2024-01-03T22:18:47Z,-8.05488134,-34.95367581,2.7799999713897705,89.0,169.0
2024-01-03T22:13:33Z,run,2024-01-03T22:18:48Z,-8.05490334,-34.95367848,2.7799999713897705,89.0,169.0
2024-01-03T22:13:33Z,run,2024-01-03T22:18:49Z,-8.05492733,-34.95368213,2.7799999713897705,89.0,169.0
2024-01-03T22:13:33Z,run,2024-01-03T22:18:50Z,-8.05495165,-34.95368647,2.7799999713897705,89.0,169.0
2024-01-03T22:13:33Z,run,2024-01-03T22:18:51Z,-8.05497598,-34.95369012,2.7799999713897705,89.0,168.0
2024-01-03T22:13:33Z,run,2024-01-03T22:18:52Z,-8.05499898,-34.95369379,2.7799999713897705,88.0,168.0
2024-01-03T22:13:33Z,run,2024-01-03T22:18:53Z,-8.05502031,-34.95369911,2.7799999713897705,88.0,168.0
2024-01-03T22:13:33Z,run,2024-01-03T22:18:54Z,-8.0550433,-34.95370545,2.7699999809265137,88.0,169.0
2024-01-03T22:13:33Z,run,2024-01-03T22:18:55Z,-8.05506796,-34.95371144,2.7699999809265137,88.0,169.0
2024-01-03T22:13:33Z,run,2024-01-03T22:18:56Z,-8.05509263,-34.9537161,2.7699999809265137,88.0,169.0
2024-01-03T22:13:33Z,run,2024-01-03T22:18:57Z,-8.05511696,-34.95372076,2.7699999809265137,89.0,169.0
2024-01-03T22:13:33Z,run,2024-01-03T22:18:58Z,-8.05514029,-34.95372476,2.7699999809265137,89.0,169.0
2024-01-03T22:13:33Z,run,2024-01-03T22:18:59Z,-8.05516162,-34.95372875,2.7699999809265137,88.0,169.0
2024-01-03T22:13:33Z,run,2024-01-03T22:19:00Z,-8.05518361,-34.95373207,2.7699999809265137,88.0,169.0
2024-01-03T22:13:33Z,run,2024-01-03T22:19:01Z,-8.0552076,-34.9537354,2.7699999809265137,88.0,169.0
2024-01-03T22:13:33Z,run,2024-01-03T22:19:02Z,-8.05523127,-34.95373839,2.759999990463257,88.0,169.0
2024-01-03T22:13:33Z,run,2024-01-03T22:19:03Z,-8.05525559,-34.95374172,2.759999990463257,89.0,169.0
2024-01-03T22:13:33Z,run,2024-01-03T22:19:04Z,-8.05527926,-34.95374471,2.759999990463257,89.0,169.0
2024-01-03T22:13:33Z,run,2024-01-03T22:19:05Z,-8.05530325,-34.95374704,2.75,89.0,170.0
2024-01-03T22:13:33Z,run,2024-01-03T22:19:06Z,-8.05532625,-34.95375003,2.75,89.0,170.0
2024-01-03T22:13:33Z,run,2024-01-03T22:19:07Z,-8.05534924,-34.95375302,2.740000009536743,89.0,170.0
2024-01-03T22:13:33Z,run,2024-01-03T22:19:08Z,-8.0553719,-34.95375635,2.740000009536743,89.0,170.0
2024-01-03T22:13:33Z,run,2024-01-03T22:19:09Z,-8.05539524,-34.95376101,2.740000009536743,90.0,171.0
2024-01-03T22:13:33Z,run,2024-01-03T22:19:10Z,-8.05541823,-34.953766,2.7300000190734863,90.0,171.0
2024-01-03T22:13:33Z,run,2024-01-03T22:19:11Z,-8.05544389,-34.95377466,2.7300000190734863,89.0,171.0
2024-01-03T22:13:33Z,run,2024-01-03T22:19:12Z,-8.05546956,-34.95378399,2.7300000190734863,89.0,171.0
2024-01-03T22:13:33Z,run,2024-01-03T22:19:13Z,-8.05549255,-34.95379533,2.7300000190734863,89.0,171.0
2024-01-03T22:13:33Z,run,2024-01-03T22:19:14Z,-8.05551188,-34.95380832,2.7300000190734863,89.0,171.0
2024-01-03T22:13:33Z,run,2024-01-03T22:19:15Z,-8.05552988,-34.95382632,2.7300000190734863,89.0,171.0
2024-01-03T22:13:33Z,run,2024-01-03T22:19:16Z,-8.05554421,-34.95384631,2.7300000190734863,89.0,172.0
2024-01-03T22:13:33Z,run,2024-01-03T22:19:17Z,-8.05555553,-34.95386663,2.7300000190734863,89.0,171.0
2024-01-03T22:13:33Z,run,2024-01-03T22:19:18Z,-8.05556552,-34.9538913,2.7300000190734863,89.0,171.0
2024-01-03T22:13:33Z,run,2024-01-03T22:19:19Z,-8.05557252,-34.95391562,2.7300000190734863,89.0,171.0
2024-01-03T22:13:33Z,run,2024-01-03T22:19:20Z,-8.05557618,-34.95393995,2.7300000190734863,89.0,171.0
2024-01-03T22:13:33Z,run,2024-01-03T22:19:21Z,-8.05557683,-34.95396695,2.7300000190734863,89.0,172.0
2024-01-03T22:13:33Z,run,2024-01-03T22:19:22Z,-8.05557618,-34.95399294,2.7300000190734863,90.0,172.0
2024-01-03T22:13:33Z,run,2024-01-03T22:19:23Z,-8.05557683,-34.95401728,2.7300000190734863,90.0,174.0
2024-01-03T22:13:33Z,run,2024-01-03T22:19:24Z,-8.05557618,-34.95404327,2.7300000190734863,89.0,175.0
2024-01-03T22:13:33Z,run,2024-01-03T22:19:25Z,-8.05557585,-34.95406793,2.7300000190734863,89.0,175.0
2024-01-03T22:13:33Z,run,2024-01-03T22:19:26Z,-8.05557618,-34.95409159,2.7300000190734863,89.0,175.0
2024-01-03T22:13:33Z,run,2024-01-03T22:19:27Z,-8.05557683,-34.95411558,2.7300000190734863,89.0,176.0
2024-01-03T22:13:33Z,run,2024-01-03T22:19:28Z,-8.0555785,-34.95413958,2.7300000190734863,89.0,176.0
2024-01-03T22:13:33Z,run,2024-01-03T22:19:29Z,-8.05557882,-34.95416257,2.7300000190734863,90.0,177.0
2024-01-03T22:13:33Z,run,2024-01-03T22:19:30Z,-8.05557817,-34.9541849,2.7300000190734863,89.0,177.0
2024-01-03T22:13:33Z,run,2024-01-03T22:19:31Z,-8.05557717,-34.95420624,2.7300000190734863,89.0,178.0
2024-01-03T22:13:33Z,run,2024-01-03T22:19:32Z,-8.05557484,-34.95422723,2.7300000190734863,89.0,178.0
2024-01-03T22:13:33Z,run,2024-01-03T22:19:33Z,-8.05557152,-34.95424823,2.7300000190734863,89.0,178.0
2024-01-03T22:13:33Z,run,2024-01-03T22:19:34Z,-8.05556852,-34.95426922,2.7200000286102295,89.0,178.0
2024-01-03T22:13:33Z,run,2024-01-03T22:19:35Z,-8.0555662,-34.95428954,2.7100000381469727,89.0,178.0
2024-01-03T22:13:33Z,run,2024-01-03T22:19:36Z,-8.05556353,-34.95431121,2.7100000381469727,89.0,178.0
2024-01-03T22:13:33Z,run,2024-01-03T22:19:37Z,-8.0555602,-34.95433587,2.700000047683716,90.0,177.0
2024-01-03T22:13:33Z,run,2024-01-03T22:19:38Z,-8.05555754,-34.95436253,2.700000047683716,90.0,177.0
2024-01-03T22:13:33Z,run,2024-01-03T22:19:39Z,-8.05555221,-34.95438852,2.690000057220459,90.0,176.0
2024-01-03T22:13:33Z,run,2024-01-03T22:19:40Z,-8.05554654,-34.95441452,2.680000066757202,90.0,175.0
2024-01-03T22:13:33Z,run,2024-01-03T22:19:41Z,-8.05554022,-34.95443918,2.680000066757202,90.0,175.0
2024-01-03T22:13:33Z,run,2024-01-03T22:19:42Z,-8.05553422,-34.95446084,2.6700000762939453,89.0,175.0
2024-01-03T22:13:33Z,run,2024-01-03T22:19:43Z,-8.05552889,-34.95448284,2.6700000762939453,89.0,175.0
2024-01-03T22:13:33Z,run,2024-01-03T22:19:44Z,-8.0555239,-34.95450317,2.6700000762939453,89.0,175.0
2024-01-03T22:13:33Z,run,2024-01-03T22:19:45Z,-8.05551758,-34.95452183,2.6600000858306885,89.0,174.0
2024-01-03T22:13:33Z,run,2024-01-03T22:19:46Z,-8.05551358,-34.9545415,2.6600000858306885,90.0,173.0
2024-01-03T22:13:33Z,run,2024-01-03T22:19:47Z,-8.05551025,-34.95456516,2.6500000953674316,90.0,173.0
2024-01-03T22:13:33Z,run,2024-01-03T22:19:48Z,-8.05550859,-34.95458781,2.6500000953674316,89.0,172.0
2024-01-03T22:13:33Z,run,2024-01-03T22:19:49Z,-8.05550859,-34.95461281,2.640000104904175,90.0,172.0
2024-01-03T22:13:33Z,run,2024-01-03T22:19:50Z,-8.05551025,-34.9546358,2.640000104904175,90.0,172.0
2024-01-03T22:13:33Z,run,2024-01-03T22:19:51Z,-8.0555129,-34.95465846,2.630000114440918,90.0,172.0
2024-01-03T22:13:33Z,run,2024-01-03T22:19:52Z,-8.0555159,-34.95468413,2.630000114440918,90.0,172.0
2024-01-03T22:13:33Z,run,2024-01-03T22:19:53Z,-8.05551756,-34.95471045,2.630000114440918,90.0,172.0
2024-01-03T22:13:33Z,run,2024-01-03T22:19:54Z,-8.05551855,-34.95473812,2.619999885559082,90.0,173.0
2024-01-03T22:13:33Z,run,2024-01-03T22:19:55Z,-8.05551723,-34.95476677,2.619999885559082,90.0,173.0
2024-01-03T22:13:33Z,run,2024-01-03T22:19:56Z,-8.0555139,-34.95479276,2.619999885559082,90.0,173.0
2024-01-03T22:13:33Z,run,2024-01-03T22:19:57Z,-8.05551057,-34.9548171,2.619999885559082,89.0,173.0
2024-01-03T22:13:33Z,run,2024-01-03T22:19:58Z,-8.0555059,-34.95483809,2.619999885559082,89.0,173.0
2024-01-03T22:13:33Z,run,2024-01-03T22:19:59Z,-8.05550225,-34.95485675,2.630000114440918,89.0,174.0
2024-01-03T22:13:33Z,run,2024-01-03T22:20:00Z,-8.05549958,-34.95487208,2.6500000953674316,89.0,174.0
2024-01-03T22:13:33Z,run,2024-01-03T22:20:01Z,-8.05549758,-34.95488441,2.630000114440918,89.0,173.0
2024-01-03T22:13:33Z,run,2024-01-03T22:20:02Z,-8.05549559,-34.95489607,2.630000114440918,89.0,173.0
2024-01-03T22:13:33Z,run,2024-01-03T22:20:03Z,-8.05549326,-34.95490673,2.4700000286102295,89.0,173.0
2024-01-03T22:13:33Z,run,2024-01-03T22:20:04Z,-8.05549126,-34.95491706,2.180000066757202,89.0,172.0
2024-01-03T22:13:33Z,run,2024-01-03T22:20:05Z,-8.0554896,-34.95492672,1.75,89.0,172.0
2024-01-03T22:13:33Z,run,2024-01-03T22:20:06Z,-8.0554876,-34.95493538,1.3300000429153442,89.0,172.0
2024-01-03T22:13:33Z,run,2024-01-03T22:20:07Z,-8.05548461,-34.95494504,1.0800000429153442,89.0,172.0
2024-01-03T22:13:33Z,run,2024-01-03T22:20:08Z,-8.05548261,-34.9549547,1.0800000429153442,89.0,172.0
2024-01-03T22:13:33Z,run,2024-01-03T22:20:09Z,-8.05548061,-34.95496469,0.9800000190734863,89.0,172.0
2024-01-03T22:13:33Z,run,2024-01-03T22:20:10Z,-8.05547829,-34.95497569,1.0,89.0,172.0
2024-01-03T22:13:33Z,run,2024-01-03T22:20:11Z,-8.05547562,-34.95498836,1.0299999713897705,59.0,170.0
2024-01-03T22:13:33Z,run,2024-01-03T22:20:12Z,-8.0554733,-34.95500135,1.0299999713897705,59.0,170.0
2024-01-03T22:13:33Z,run,2024-01-03T22:20:13Z,-8.0554723,-34.95501402,1.090000033378601,59.0,170.0
2024-01-03T22:13:33Z,run,2024-01-03T22:20:14Z,-8.05547097,-34.95502634,1.090000033378601,59.0,170.0
2024-01-03T22:13:33Z,run,2024-01-03T22:20:15Z,-8.05546864,-34.95503901,1.2100000381469727,59.0,171.0
2024-01-03T22:13:33Z,run,2024-01-03T22:20:16Z,-8.05546531,-34.95505166,1.309999942779541,59.0,171.0
2024-01-03T22:13:33Z,run,2024-01-03T22:20:17Z,-8.05546265,-34.95506433,1.3600000143051147,59.0,170.0
2024-01-03T22:13:33Z,run,2024-01-03T22:20:18Z,-8.05546065,-34.95507699,1.3899999856948853,59.0,168.0
2024-01-03T22:13:33Z,run,2024-01-03T22:20:19Z,-8.05545899,-34.95508898,1.3899999856948853,59.0,167.0
2024-01-03T22:13:33Z,run,2024-01-03T22:20:20Z,-8.05545666,-34.95509898,1.3899999856948853,59.0,167.0
2024-01-03T22:13:33Z,run,2024-01-03T22:20:21Z,-8.05545399,-34.95510964,1.3899999856948853,59.0,165.0
2024-01-03T22:13:33Z,run,2024-01-03T22:20:22Z,-8.05545167,-34.95512064,1.3700000047683716,62.0,162.0
2024-01-03T22:13:33Z,run,2024-01-03T22:20:23Z,-8.055449,-34.95513063,1.3600000143051147,62.0,161.0
2024-01-03T22:13:33Z,run,2024-01-03T22:20:24Z,-8.05544701,-34.95513929,1.3300000429153442,62.0,159.0
2024-01-03T22:13:33Z,run,2024-01-03T22:20:25Z,-8.05544535,-34.95514662,1.2899999618530273,62.0,159.0
2024-01-03T22:13:33Z,run,2024-01-03T22:20:26Z,-8.05544369,-34.95515396,1.2599999904632568,62.0,159.0
2024-01-03T22:13:33Z,run,2024-01-03T22:20:27Z,-8.05544136,-34.95516261,1.2599999904632568,62.0,159.0
2024-01-03T22:13:33Z,run,2024-01-03T22:20:28Z,-8.05544003,-34.9551726,1.2000000476837158,62.0,159.0
2024-01-03T22:13:33Z,run,2024-01-03T22:20:29Z,-8.0554377,-34.9551836,1.1100000143051147,62.0,158.0
2024-01-03T22:13:33Z,run,2024-01-03T22:20:30Z,-8.05543638,-34.95519559,1.059999942779541,62.0,160.0
2024-01-03T22:13:33Z,run,2024-01-03T22:20:31Z,-8.05543504,-34.95520659,1.059999942779541,62.0,160.0
2024-01-03T22:13:33Z,run,2024-01-03T22:20:32Z,-8.05543272,-34.95522026,1.0399999618530273,62.0,160.0
2024-01-03T22:13:33Z,run,2024-01-03T22:20:33Z,-8.05543205,-34.95523659,1.0399999618530273,62.0,160.0
2024-01-03T22:13:33Z,run,2024-01-03T22:20:34Z,-8.05542973,-34.95525225,1.0299999713897705,62.0,159.0
2024-01-03T22:13:33Z,run,2024-01-03T22:20:35Z,-8.05542607,-34.95526792,1.0499999523162842,62.0,158.0
2024-01-03T22:13:33Z,run,2024-01-03T22:20:36Z,-8.05542307,-34.95528325,1.149999976158142,62.0,157.0
2024-01-03T22:13:33Z,run,2024-01-03T22:20:37Z,-8.05542108,-34.95529724,1.2899999618530273,62.0,158.0
2024-01-03T22:13:33Z,run,2024-01-03T22:20:38Z,-8.05541742,-34.95531224,1.3899999856948853,62.0,157.0
2024-01-03T22:13:33Z,run,2024-01-03T22:20:39Z,-8.05541509,-34.9553279,1.3899999856948853,62.0,157.0
2024-01-03T22:13:33Z,run,2024-01-03T22:20:40Z,-8.05541144,-34.95534256,1.4299999475479126,62.0,156.0
2024-01-03T22:13:33Z,run,2024-01-03T22:20:41Z,-8.05540777,-34.95535656,1.440000057220459,59.0,153.0
2024-01-03T22:13:33Z,run,2024-01-03T22:20:42Z,-8.05540411,-34.95537122,1.440000057220459,58.0,149.0
2024-01-03T22:13:33Z,run,2024-01-03T22:20:43Z,-8.05540179,-34.95538421,1.440000057220459,56.0,149.0
2024-01-03T22:13:33Z,run,2024-01-03T22:20:44Z,-8.05540013,-34.95539654,1.440000057220459,56.0,149.0
2024-01-03T22:13:33Z,run,2024-01-03T22:20:45Z,-8.05539913,-34.95540754,1.440000057220459,56.0,149.0
2024-01-03T22:13:33Z,run,2024-01-03T22:20:46Z,-8.05539913,-34.95541753,1.440000057220459,56.0,150.0
2024-01-03T22:13:33Z,run,2024-01-03T22:20:47Z,-8.05539946,-34.95542853,1.440000057220459,56.0,150.0
2024-01-03T22:13:33Z,run,2024-01-03T22:20:48Z,-8.05540012,-34.95544052,1.440000057220459,56.0,150.0
2024-01-03T22:13:33Z,run,2024-01-03T22:20:49Z,-8.05540145,-34.95545286,1.4299999475479126,56.0,149.0
2024-01-03T22:13:33Z,run,2024-01-03T22:20:50Z,-8.05540145,-34.95546551,1.309999942779541,56.0,149.0
2024-01-03T22:13:33Z,run,2024-01-03T22:20:51Z,-8.05540112,-34.95547885,1.309999942779541,56.0,149.0
2024-01-03T22:13:33Z,run,2024-01-03T22:20:52Z,-8.0553988,-34.95549384,1.2000000476837158,56.0,150.0
2024-01-03T22:13:33Z,run,2024-01-03T22:20:53Z,-8.05539547,-34.9555105,1.2000000476837158,56.0,151.0
2024-01-03T22:13:33Z,run,2024-01-03T22:20:54Z,-8.05539048,-34.95552783,1.25,56.0,157.0
2024-01-03T22:13:33Z,run,2024-01-03T22:20:55Z,-8.05538549,-34.95554748,1.399999976158142,56.0,162.0
2024-01-03T22:13:33Z,run,2024-01-03T22:20:56Z,-8.05538282,-34.95556848,1.6200000047683716,56.0,165.0
2024-01-03T22:13:33Z,run,2024-01-03T22:20:57Z,-8.05538082,-34.95558947,1.6200000047683716,56.0,165.0
2024-01-03T22:13:33Z,run,2024-01-03T22:20:58Z,-8.0553795,-34.95560981,1.8700000047683716,56.0,167.0
2024-01-03T22:13:33Z,run,2024-01-03T22:20:59Z,-8.0553775,-34.95563214,2.069999933242798,89.0,167.0
2024-01-03T22:13:33Z,run,2024-01-03T22:21:00Z,-8.05537484,-34.9556558,2.1500000953674316,89.0,168.0
2024-01-03T22:13:33Z,run,2024-01-03T22:21:01Z,-8.05537217,-34.95568112,2.2200000286102295,89.0,166.0
2024-01-03T22:13:33Z,run,2024-01-03T22:21:02Z,-8.05536984,-34.95570411,2.259999990463257,89.0,166.0
2024-01-03T22:13:33Z,run,2024-01-03T22:21:03Z,-8.05536785,-34.9557271,2.299999952316284,89.0,166.0
2024-01-03T22:13:33Z,run,2024-01-03T22:21:04Z,-8.05536585,-34.95575276,2.299999952316284,89.0,166.0
2024-01-03T22:13:33Z,run,2024-01-03T22:21:05Z,-8.05536518,-34.95577576,2.380000114440918,89.0,167.0
2024-01-03T22:13:33Z,run,2024-01-03T22:21:06Z,-8.05536518,-34.95580041,2.430000066757202,89.0,168.0
2024-01-03T22:13:33Z,run,2024-01-03T22:21:07Z,-8.05536485,-34.95582641,2.4600000381469727,89.0,167.0
2024-01-03T22:13:33Z,run,2024-01-03T22:21:08Z,-8.05536219,-34.95585107,2.5,88.0,166.0
2024-01-03T22:13:33Z,run,2024-01-03T22:21:09Z,-8.05536053,-34.95587407,2.5299999713897705,88.0,166.0
2024-01-03T22:13:33Z,run,2024-01-03T22:21:10Z,-8.05536053,-34.95589673,2.5299999713897705,88.0,166.0
2024-01-03T22:13:33Z,run,2024-01-03T22:21:11Z,-8.05536152,-34.95591405,2.5299999713897705,86.0,166.0
2024-01-03T22:13:33Z,run,2024-01-03T22:21:12Z,-8.05536285,-34.95592404,2.509999990463257,86.0,167.0
2024-01-03T22:13:33Z,run,2024-01-03T22:21:13Z,-8.05536317,-34.95592703,2.5,86.0,168.0
2024-01-03T22:13:33Z,run,2024-01-03T22:21:14Z,-8.05536384,-34.95592571,2.4000000953674316,87.0,169.0
2024-01-03T22:13:33Z,run,2024-01-03T22:21:15Z,-8.05536417,-34.95591938,2.130000114440918,88.0,170.0
2024-01-03T22:13:33Z,run,2024-01-03T22:21:16Z,-8.0553645,-34.95590838,2.130000114440918,88.0,170.0
2024-01-03T22:13:33Z,run,2024-01-03T22:21:17Z,-8.0553605,-34.95589305,1.7100000381469727,89.0,170.0
2024-01-03T22:13:33Z,run,2024-01-03T22:21:18Z,-8.05535551,-34.95587439,1.4900000095367432,88.0,171.0
2024-01-03T22:13:33Z,run,2024-01-03T22:21:19Z,-8.05535218,-34.95585474,1.4800000190734863,88.0,173.0
2024-01-03T22:13:33Z,run,2024-01-03T22:21:20Z,-8.05535052,-34.95583607,1.4800000190734863,88.0,172.0
2024-01-03T22:13:33Z,run,2024-01-03T22:21:21Z,-8.05534886,-34.9558164,1.6100000143051147,88.0,172.0
2024-01-03T22:13:33Z,run,2024-01-03T22:21:22Z,-8.05534719,-34.95579507,1.6100000143051147,88.0,172.0
2024-01-03T22:13:33Z,run,2024-01-03T22:21:23Z,-8.05534487,-34.95577375,1.8700000047683716,88.0,171.0
2024-01-03T22:13:33Z,run,2024-01-03T22:21:24Z,-8.0553422,-34.95575109,2.0399999618530273,88.0,171.0
2024-01-03T22:13:33Z,run,2024-01-03T22:21:25Z,-8.05533955,-34.95572642,2.0999999046325684,88.0,172.0
2024-01-03T22:13:33Z,run,2024-01-03T22:21:26Z,-8.05533656,-34.9556981,2.1500000953674316,88.0,172.0
2024-01-03T22:13:33Z,run,2024-01-03T22:21:27Z,-8.05533522,-34.95567077,2.2200000286102295,89.0,172.0
2024-01-03T22:13:33Z,run,2024-01-03T22:21:28Z,-8.05533522,-34.95564577,2.2200000286102295,89.0,172.0
2024-01-03T22:13:33Z,run,2024-01-03T22:21:29Z,-8.05533689,-34.95562444,2.299999952316284,89.0,173.0
2024-01-03T22:13:33Z,run,2024-01-03T22:21:30Z,-8.05533955,-34.95560378,2.3499999046325684,89.0,174.0
2024-01-03T22:13:33Z,run,2024-01-03T22:21:31Z,-8.05534155,-34.95558279,2.3499999046325684,89.0,174.0
2024-01-03T22:13:33Z,run,2024-01-03T22:21:32Z,-8.05534287,-34.95556112,2.3499999046325684,89.0,175.0
2024-01-03T22:13:33Z,run,2024-01-03T22:21:33Z,-8.05534354,-34.95553713,2.3499999046325684,90.0,175.0
2024-01-03T22:13:33Z,run,2024-01-03T22:21:34Z,-8.05534486,-34.95551213,2.3499999046325684,90.0,175.0
2024-01-03T22:13:33Z,run,2024-01-03T22:21:35Z,-8.05534553,-34.95548881,2.359999895095825,90.0,174.0
2024-01-03T22:13:33Z,run,2024-01-03T22:21:36Z,-8.05534753,-34.95546681,2.359999895095825,90.0,174.0
2024-01-03T22:13:33Z,run,2024-01-03T22:21:37Z,-8.05535118,-34.95544481,2.359999895095825,90.0,174.0
2024-01-03T22:13:33Z,run,2024-01-03T22:21:38Z,-8.05535518,-34.95542281,2.359999895095825,89.0,174.0
2024-01-03T22:13:33Z,run,2024-01-03T22:21:39Z,-8.05535851,-34.95540047,2.369999885559082,90.0,174.0
2024-01-03T22:13:33Z,run,2024-01-03T22:21:40Z,-8.05536184,-34.95537782,2.369999885559082,90.0,174.0
2024-01-03T22:13:33Z,run,2024-01-03T22:21:41Z,-8.05536451,-34.95535449,2.380000114440918,89.0,174.0
2024-01-03T22:13:33Z,run,2024-01-03T22:21:42Z,-8.0553675,-34.95533083,2.380000114440918,90.0,173.0
2024-01-03T22:13:33Z,run,2024-01-03T22:21:43Z,-8.05537015,-34.95530817,2.390000104904175,90.0,172.0
2024-01-03T22:13:33Z,run,2024-01-03T22:21:44Z,-8.05537349,-34.95528451,2.4000000953674316,89.0,170.0
2024-01-03T22:13:33Z,run,2024-01-03T22:21:45Z,-8.05537681,-34.95526119,2.4000000953674316,89.0,170.0
2024-01-03T22:13:33Z,run,2024-01-03T22:21:46Z,-8.05538081,-34.95523886,2.4000000953674316,89.0,170.0
2024-01-03T22:13:33Z,run,2024-01-03T22:21:47Z,-8.0553838,-34.95521652,2.4100000858306885,89.0,171.0
2024-01-03T22:13:33Z,run,2024-01-03T22:21:48Z,-8.05538647,-34.95519486,2.4200000762939453,89.0,171.0
2024-01-03T22:13:33Z,run,2024-01-03T22:21:49Z,-8.05538813,-34.95517353,2.4200000762939453,89.0,171.0
2024-01-03T22:13:33Z,run,2024-01-03T22:21:50Z,-8.05538946,-34.95515153,2.430000066757202,89.0,169.0
2024-01-03T22:13:33Z,run,2024-01-03T22:21:51Z,-8.05538979,-34.95513053,2.430000066757202,89.0,169.0
2024-01-03T22:13:33Z,run,2024-01-03T22:21:52Z,-8.05538979,-34.95511021,2.430000066757202,89.0,169.0
2024-01-03T22:13:33Z,run,2024-01-03T22:21:53Z,-8.05539046,-34.95508989,2.430000066757202,89.0,169.0
2024-01-03T22:13:33Z,run,2024-01-03T22:21:54Z,-8.05539145,-34.95507022,2.430000066757202,89.0,169.0
2024-01-03T22:13:33Z,run,2024-01-03T22:21:55Z,-8.05539178,-34.95505023,2.430000066757202,89.0,169.0
2024-01-03T22:13:33Z,run,2024-01-03T22:21:56Z,-8.05539111,-34.95502823,2.4200000762939453,89.0,168.0
2024-01-03T22:13:33Z,run,2024-01-03T22:21:57Z,-8.05539078,-34.95500791,2.4200000762939453,89.0,168.0
2024-01-03T22:13:33Z,run,2024-01-03T22:21:58Z,-8.05539111,-34.95498457,2.4100000858306885,89.0,168.0
2024-01-03T22:13:33Z,run,2024-01-03T22:21:59Z,-8.0553921,-34.95496158,2.4100000858306885,89.0,168.0
2024-01-03T22:13:33Z,run,2024-01-03T22:22:00Z,-8.0553931,-34.95493958,2.4000000953674316,90.0,168.0
2024-01-03T22:13:33Z,run,2024-01-03T22:22:01Z,-8.05539476,-34.95491725,2.390000104904175,90.0,167.0
2024-01-03T22:13:33Z,run,2024-01-03T22:22:02Z,-8.05539708,-34.95489693,2.390000104904175,90.0,167.0
2024-01-03T22:13:33Z,run,2024-01-03T22:22:03Z,-8.05540042,-34.95487527,2.390000104904175,89.0,168.0
2024-01-03T22:13:33Z,run,2024-01-03T22:22:03Z,-8.05540242,-34.95485261,2.390000104904175,89.0,168.0
2024-01-03T22:13:33Z,run,2024-01-03T22:22:04Z,-8.05540076,-34.95482928,2.390000104904175,89.0,168.0
2024-01-03T22:13:33Z,run,2024-01-03T22:22:05Z,-8.05539743,-34.95480596,2.380000114440918,90.0,168.0
2024-01-03T22:13:33Z,run,2024-01-03T22:22:06Z,-8.05539276,-34.95477997,2.380000114440918,90.0,168.0
2024-01-03T22:13:33Z,run,2024-01-03T22:22:07Z,-8.05538977,-34.95475597,2.380000114440918,90.0,168.0
2024-01-03T22:13:33Z,run,2024-01-03T22:22:08Z,-8.0553901,-34.95473363,2.390000104904175,90.0,169.0
2024-01-03T22:13:33Z,run,2024-01-03T22:22:09Z,-8.05538944,-34.95471231,2.390000104904175,90.0,169.0
2024-01-03T22:13:33Z,run,2024-01-03T22:22:10Z,-8.05538911,-34.95468665,2.390000104904175,90.0,169.0
2024-01-03T22:13:33Z,run,2024-01-03T22:22:11Z,-8.05538944,-34.95466199,2.390000104904175,90.0,170.0
2024-01-03T22:13:33Z,run,2024-01-03T22:22:12Z,-8.05538877,-34.95463665,2.390000104904175,90.0,170.0
2024-01-03T22:13:33Z,run,2024-01-03T22:22:13Z,-8.05538711,-34.954611,2.4000000953674316,89.0,170.0
2024-01-03T22:13:33Z,run,2024-01-03T22:22:14Z,-8.05538546,-34.95458533,2.4100000858306885,89.0,171.0
2024-01-03T22:13:33Z,run,2024-01-03T22:22:15Z,-8.05538313,-34.95456001,2.4200000762939453,89.0,171.0
2024-01-03T22:13:33Z,run,2024-01-03T22:22:16Z,-8.05538113,-34.95453435,2.4200000762939453,89.0,171.0
2024-01-03T22:13:33Z,run,2024-01-03T22:22:17Z,-8.05538047,-34.95450935,2.4200000762939453,89.0,171.0
2024-01-03T22:13:33Z,run,2024-01-03T22:22:18Z,-8.0553808,-34.95448536,2.430000066757202,89.0,171.0
2024-01-03T22:13:33Z,run,2024-01-03T22:22:19Z,-8.0553828,-34.95446237,2.440000057220459,89.0,171.0
2024-01-03T22:13:33Z,run,2024-01-03T22:22:20Z,-8.0553868,-34.95444037,2.450000047683716,89.0,171.0
2024-01-03T22:13:33Z,run,2024-01-03T22:22:21Z,-8.05539247,-34.95441837,2.4600000381469727,89.0,172.0
2024-01-03T22:13:33Z,run,2024-01-03T22:22:22Z,-8.05539712,-34.95439571,2.4600000381469727,89.0,173.0
2024-01-03T22:13:33Z,run,2024-01-03T22:22:23Z,-8.05540046,-34.95437138,2.4600000381469727,89.0,173.0
2024-01-03T22:13:33Z,run,2024-01-03T22:22:24Z,-8.05540212,-34.95434739,2.4700000286102295,89.0,174.0
2024-01-03T22:13:33Z,run,2024-01-03T22:22:25Z,-8.05540245,-34.95432306,2.4700000286102295,89.0,174.0
2024-01-03T22:13:33Z,run,2024-01-03T22:22:26Z,-8.05540277,-34.95429973,2.4800000190734863,90.0,174.0
2024-01-03T22:13:33Z,run,2024-01-03T22:22:27Z,-8.05540477,-34.95427674,2.4800000190734863,90.0,174.0
2024-01-03T22:13:33Z,run,2024-01-03T22:22:28Z,-8.0554071,-34.95425375,2.4800000190734863,90.0,174.0
2024-01-03T22:13:33Z,run,2024-01-03T22:22:29Z,-8.05540976,-34.95423009,2.4800000190734863,90.0,174.0
2024-01-03T22:13:33Z,run,2024-01-03T22:22:30Z,-8.05541143,-34.9542061,2.490000009536743,90.0,174.0
2024-01-03T22:13:33Z,run,2024-01-03T22:22:31Z,-8.05541442,-34.9541821,2.490000009536743,90.0,174.0
2024-01-03T22:13:33Z,run,2024-01-03T22:22:32Z,-8.05541741,-34.95415944,2.5,90.0,174.0
2024-01-03T22:13:33Z,run,2024-01-03T22:22:33Z,-8.05542173,-34.95413945,2.5,90.0,174.0
2024-01-03T22:13:33Z,run,2024-01-03T22:22:34Z,-8.05542606,-34.95412112,2.5,90.0,173.0
2024-01-03T22:13:33Z,run,2024-01-03T22:22:35Z,-8.05543005,-34.95410313,2.5,90.0,173.0
2024-01-03T22:13:33Z,run,2024-01-03T22:22:36Z,-8.05543572,-34.95408514,2.5,90.0,172.0
2024-01-03T22:13:33Z,run,2024-01-03T22:22:37Z,-8.05544105,-34.95406815,2.509999990463257,90.0,172.0
2024-01-03T22:13:33Z,run,2024-01-03T22:22:38Z,-8.05544604,-34.95404981,2.5,90.0,172.0
2024-01-03T22:13:33Z,run,2024-01-03T22:22:39Z,-8.05545137,-34.95402916,2.5,90.0,172.0
2024-01-03T22:13:33Z,run,2024-01-03T22:22:40Z,-8.05545636,-34.95400749,2.4800000190734863,90.0,172.0
2024-01-03T22:13:33Z,run,2024-01-03T22:22:41Z,-8.05546202,-34.95398582,2.4800000190734863,90.0,172.0
2024-01-03T22:13:33Z,run,2024-01-03T22:22:42Z,-8.05546701,-34.95396417,2.4800000190734863,90.0,172.0
2024-01-03T22:13:33Z,run,2024-01-03T22:22:43Z,-8.05547,-34.9539425,2.4600000381469727,90.0,173.0
2024-01-03T22:13:33Z,run,2024-01-03T22:22:44Z,-8.05547,-34.95392151,2.4600000381469727,90.0,173.0
2024-01-03T22:13:33Z,run,2024-01-03T22:22:45Z,-8.05546735,-34.95390251,2.450000047683716,89.0,174.0
2024-01-03T22:13:33Z,run,2024-01-03T22:22:46Z,-8.05546236,-34.95388519,2.450000047683716,89.0,175.0
2024-01-03T22:13:33Z,run,2024-01-03T22:22:47Z,-8.05545469,-34.9538682,2.450000047683716,89.0,175.0
2024-01-03T22:13:33Z,run,2024-01-03T22:22:48Z,-8.05544436,-34.95385121,2.440000057220459,88.0,175.0
2024-01-03T22:13:33Z,run,2024-01-03T22:22:49Z,-8.05543203,-34.95383621,2.440000057220459,89.0,175.0
2024-01-03T22:13:33Z,run,2024-01-03T22:22:50Z,-8.05541738,-34.95382322,2.430000066757202,89.0,175.0
2024-01-03T22:13:33Z,run,2024-01-03T22:22:51Z,-8.05540005,-34.95381355,2.430000066757202,89.0,175.0
2024-01-03T22:13:33Z,run,2024-01-03T22:22:52Z,-8.05538173,-34.95380623,2.4200000762939453,89.0,175.0
2024-01-03T22:13:33Z,run,2024-01-03T22:22:53Z,-8.05536206,-34.95380156,2.4200000762939453,89.0,175.0
2024-01-03T22:13:33Z,run,2024-01-03T22:22:54Z,-8.05534106,-34.95379656,2.4200000762939453,89.0,175.0
2024-01-03T22:13:33Z,run,2024-01-03T22:22:55Z,-8.05531973,-34.9537929,2.4100000858306885,89.0,174.0
2024-01-03T22:13:33Z,run,2024-01-03T22:22:56Z,-8.05529807,-34.95378991,2.4000000953674316,89.0,175.0
2024-01-03T22:13:33Z,run,2024-01-03T22:22:57Z,-8.05527474,-34.95378726,2.4000000953674316,89.0,175.0
2024-01-03T22:13:33Z,run,2024-01-03T22:22:58Z,-8.05525142,-34.95378592,2.4000000953674316,89.0,175.0
2024-01-03T22:13:33Z,run,2024-01-03T22:22:59Z,-8.05523009,-34.9537856,2.4000000953674316,89.0,174.0
2024-01-03T22:13:33Z,run,2024-01-03T22:23:00Z,-8.05520844,-34.95378592,2.4000000953674316,89.0,174.0
2024-01-03T22:13:33Z,run,2024-01-03T22:23:01Z,-8.05518645,-34.95378692,2.4000000953674316,89.0,173.0
2024-01-03T22:13:33Z,run,2024-01-03T22:23:02Z,-8.05516445,-34.95378725,2.4000000953674316,89.0,173.0
2024-01-03T22:13:33Z,run,2024-01-03T22:23:03Z,-8.05514112,-34.95378659,2.4000000953674316,90.0,172.0
2024-01-03T22:13:33Z,run,2024-01-03T22:23:04Z,-8.05511947,-34.95378559,2.4000000953674316,90.0,172.0
2024-01-03T22:13:33Z,run,2024-01-03T22:23:05Z,-8.0550978,-34.95378493,2.4100000858306885,90.0,172.0
2024-01-03T22:13:33Z,run,2024-01-03T22:23:06Z,-8.05507581,-34.95378493,2.4100000858306885,90.0,172.0
2024-01-03T22:13:33Z,run,2024-01-03T22:23:07Z,-8.05505549,-34.95378559,2.4100000858306885,90.0,172.0
2024-01-03T22:13:33Z,run,2024-01-03T22:23:08Z,-8.05503449,-34.95378591,2.4200000762939453,90.0,171.0
2024-01-03T22:13:33Z,run,2024-01-03T22:23:09Z,-8.05501349,-34.95378624,2.4200000762939453,90.0,171.0
2024-01-03T22:13:33Z,run,2024-01-03T22:23:10Z,-8.05499115,-34.9537869,2.4200000762939453,90.0,171.0
2024-01-03T22:13:33Z,run,2024-01-03T22:23:11Z,-8.0549685,-34.95378624,2.4200000762939453,90.0,171.0
2024-01-03T22:13:33Z,run,2024-01-03T22:23:12Z,-8.0549455,-34.95378358,2.4200000762939453,90.0,171.0
2024-01-03T22:13:33Z,run,2024-01-03T22:23:13Z,-8.05492251,-34.95378025,2.4200000762939453,90.0,171.0
2024-01-03T22:13:33Z,run,2024-01-03T22:23:14Z,-8.05489984,-34.95377692,2.4200000762939453,90.0,171.0
2024-01-03T22:13:33Z,run,2024-01-03T22:23:15Z,-8.05487552,-34.95377192,2.4200000762939453,90.0,171.0
2024-01-03T22:13:33Z,run,2024-01-03T22:23:16Z,-8.05485352,-34.9537676,2.430000066757202,90.0,171.0
2024-01-03T22:13:33Z,run,2024-01-03T22:23:17Z,-8.05483219,-34.95376461,2.430000066757202,90.0,170.0
2024-01-03T22:13:33Z,run,2024-01-03T22:23:18Z,-8.0548092,-34.95376095,2.430000066757202,90.0,170.0
2024-01-03T22:13:33Z,run,2024-01-03T22:23:19Z,-8.0547862,-34.95375862,2.430000066757202,89.0,170.0
2024-01-03T22:13:33Z,run,2024-01-03T22:23:20Z,-8.05476254,-34.95375795,2.430000066757202,89.0,170.0
2024-01-03T22:13:33Z,run,2024-01-03T22:23:21Z,-8.0547372,-34.95375962,2.440000057220459,89.0,171.0
2024-01-03T22:13:33Z,run,2024-01-03T22:23:22Z,-8.05471421,-34.95376361,2.450000047683716,89.0,171.0
2024-01-03T22:13:33Z,run,2024-01-03T22:23:23Z,-8.05469055,-34.95376728,2.450000047683716,89.0,171.0
2024-01-03T22:13:33Z,run,2024-01-03T22:23:24Z,-8.05466755,-34.9537706,2.450000047683716,89.0,171.0
2024-01-03T22:13:33Z,run,2024-01-03T22:23:25Z,-8.05464489,-34.95377359,2.450000047683716,89.0,170.0
2024-01-03T22:13:33Z,run,2024-01-03T22:23:26Z,-8.05462256,-34.95377725,2.450000047683716,89.0,170.0
2024-01-03T22:13:33Z,run,2024-01-03T22:23:27Z,-8.05460057,-34.95378225,2.4600000381469727,89.0,170.0
2024-01-03T22:13:33Z,run,2024-01-03T22:23:28Z,-8.05457924,-34.95378691,2.4600000381469727,90.0,170.0
2024-01-03T22:13:33Z,run,2024-01-03T22:23:29Z,-8.05455725,-34.95379057,2.4600000381469727,90.0,171.0
2024-01-03T22:13:33Z,run,2024-01-03T22:23:30Z,-8.05453525,-34.95379257,2.4600000381469727,90.0,171.0
2024-01-03T22:13:33Z,run,2024-01-03T22:23:31Z,-8.05451292,-34.95379289,2.4600000381469727,89.0,172.0
2024-01-03T22:13:33Z,run,2024-01-03T22:23:32Z,-8.0544896,-34.9537919,2.4700000286102295,89.0,173.0
2024-01-03T22:13:33Z,run,2024-01-03T22:23:33Z,-8.05446527,-34.95379024,2.4700000286102295,88.0,173.0
2024-01-03T22:13:33Z,run,2024-01-03T22:23:34Z,-8.05444094,-34.95378924,2.4800000190734863,89.0,173.0
2024-01-03T22:13:33Z,run,2024-01-03T22:23:35Z,-8.05441595,-34.95378825,2.4800000190734863,89.0,173.0
2024-01-03T22:13:33Z,run,2024-01-03T22:23:36Z,-8.05439228,-34.95378659,2.4800000190734863,89.0,173.0
2024-01-03T22:13:33Z,run,2024-01-03T22:23:37Z,-8.05436995,-34.95378526,2.4800000190734863,90.0,172.0
2024-01-03T22:13:33Z,run,2024-01-03T22:23:38Z,-8.05434762,-34.9537836,2.4800000190734863,88.0,171.0
2024-01-03T22:13:33Z,run,2024-01-03T22:23:39Z,-8.05432496,-34.95378293,2.490000009536743,89.0,170.0
2024-01-03T22:13:33Z,run,2024-01-03T22:23:40Z,-8.0543013,-34.95378293,2.490000009536743,90.0,170.0
2024-01-03T22:13:33Z,run,2024-01-03T22:23:41Z,-8.05427731,-34.95378228,2.5,90.0,170.0
2024-01-03T22:13:33Z,run,2024-01-03T22:23:42Z,-8.05425398,-34.95378028,2.5,90.0,171.0
2024-01-03T22:13:33Z,run,2024-01-03T22:23:43Z,-8.05422966,-34.95377695,2.5,90.0,171.0
2024-01-03T22:13:33Z,run,2024-01-03T22:23:44Z,-8.05420599,-34.9537743,2.5,89.0,174.0
2024-01-03T22:13:33Z,run,2024-01-03T22:23:45Z,-8.054184,-34.95377131,2.509999990463257,89.0,174.0
2024-01-03T22:13:33Z,run,2024-01-03T22:23:46Z,-8.05416201,-34.95376765,2.509999990463257,90.0,173.0
2024-01-03T22:13:33Z,run,2024-01-03T22:23:47Z,-8.05413968,-34.95376365,2.509999990463257,90.0,172.0
2024-01-03T22:13:33Z,run,2024-01-03T22:23:48Z,-8.05411801,-34.95375766,2.509999990463257,90.0,172.0
2024-01-03T22:13:33Z,run,2024-01-03T22:23:49Z,-8.05409769,-34.95375067,2.509999990463257,90.0,172.0
2024-01-03T22:13:33Z,run,2024-01-03T22:23:50Z,-8.05407669,-34.953744,2.5199999809265137,90.0,173.0
2024-01-03T22:13:33Z,run,2024-01-03T22:23:51Z,-8.05405502,-34.95373768,2.5199999809265137,90.0,173.0
2024-01-03T22:13:33Z,run,2024-01-03T22:23:52Z,-8.05403336,-34.95373268,2.5199999809265137,90.0,174.0
2024-01-03T22:13:33Z,run,2024-01-03T22:23:53Z,-8.05401003,-34.95372802,2.5199999809265137,90.0,174.0
2024-01-03T22:13:33Z,run,2024-01-03T22:23:54Z,-8.05398871,-34.95372369,2.5199999809265137,90.0,175.0
2024-01-03T22:13:33Z,run,2024-01-03T22:23:55Z,-8.05396704,-34.95372037,2.5199999809265137,90.0,175.0
2024-01-03T22:13:33Z,run,2024-01-03T22:23:56Z,-8.05394672,-34.95371803,2.5199999809265137,90.0,174.0
2024-01-03T22:13:33Z,run,2024-01-03T22:23:57Z,-8.05392739,-34.95371704,2.5199999809265137,90.0,173.0
2024-01-03T22:13:33Z,run,2024-01-03T22:23:58Z,-8.05390774,-34.95371672,2.5199999809265137,89.0,172.0
2024-01-03T22:13:33Z,run,2024-01-03T22:23:59Z,-8.05388774,-34.95371606,2.509999990463257,90.0,171.0
2024-01-03T22:13:33Z,run,2024-01-03T22:24:00Z,-8.05386741,-34.9537154,2.509999990463257,90.0,171.0
2024-01-03T22:13:33Z,run,2024-01-03T22:24:01Z,-8.05384709,-34.95371374,2.509999990463257,89.0,171.0
2024-01-03T22:13:33Z,run,2024-01-03T22:24:02Z,-8.05382709,-34.95371207,2.5,90.0,171.0
2024-01-03T22:13:33Z,run,2024-01-03T22:24:03Z,-8.05380577,-34.95370908,2.5,89.0,171.0
2024-01-03T22:13:33Z,run,2024-01-03T22:24:04Z,-8.05378711,-34.95370509,2.4800000190734863,89.0,172.0
2024-01-03T22:13:33Z,run,2024-01-03T22:24:05Z,-8.05376711,-34.95369976,2.4800000190734863,89.0,171.0
2024-01-03T22:13:33Z,run,2024-01-03T22:24:06Z,-8.05374744,-34.95369509,2.4700000286102295,90.0,171.0
2024-01-03T22:13:33Z,run,2024-01-03T22:24:07Z,-8.05372479,-34.95369009,2.4700000286102295,90.0,171.0
2024-01-03T22:13:33Z,run,2024-01-03T22:24:08Z,-8.05370179,-34.95368577,2.4600000381469727,90.0,171.0
2024-01-03T22:13:33Z,run,2024-01-03T22:24:09Z,-8.05368046,-34.95368144,2.450000047683716,90.0,171.0
2024-01-03T22:13:33Z,run,2024-01-03T22:24:10Z,-8.0536598,-34.95367711,2.450000047683716,90.0,171.0
2024-01-03T22:13:33Z,run,2024-01-03T22:24:11Z,-8.05363814,-34.95367278,2.440000057220459,90.0,171.0
2024-01-03T22:13:33Z,run,2024-01-03T22:24:12Z,-8.05361514,-34.95366912,2.430000066757202,90.0,171.0
2024-01-03T22:13:33Z,run,2024-01-03T22:24:13Z,-8.05359047,-34.9536658,2.430000066757202,90.0,171.0
2024-01-03T22:13:33Z,run,2024-01-03T22:24:14Z,-8.05356548,-34.95366347,2.430000066757202,90.0,172.0
2024-01-03T22:13:33Z,run,2024-01-03T22:24:15Z,-8.05354048,-34.95366247,2.430000066757202,90.0,172.0
2024-01-03T22:13:33Z,run,2024-01-03T22:24:16Z,-8.05351649,-34.95366114,2.430000066757202,90.0,171.0
2024-01-03T22:13:33Z,run,2024-01-03T22:24:17Z,-8.05349317,-34.95365981,2.430000066757202,90.0,170.0
2024-01-03T22:13:33Z,run,2024-01-03T22:24:18Z,-8.05347051,-34.95365882,2.430000066757202,89.0,170.0
2024-01-03T22:13:33Z,run,2024-01-03T22:24:19Z,-8.05344751,-34.95365882,2.430000066757202,89.0,170.0
2024-01-03T22:13:33Z,run,2024-01-03T22:24:20Z,-8.05342518,-34.95365816,2.430000066757202,90.0,169.0
2024-01-03T22:13:33Z,run,2024-01-03T22:24:21Z,-8.05340186,-34.95365784,2.430000066757202,89.0,169.0
2024-01-03T22:13:33Z,run,2024-01-03T22:24:22Z,-8.05337787,-34.95365752,2.440000057220459,90.0,169.0
2024-01-03T22:13:33Z,run,2024-01-03T22:24:23Z,-8.05335487,-34.95365752,2.440000057220459,90.0,169.0
2024-01-03T22:13:33Z,run,2024-01-03T22:24:24Z,-8.0533312,-34.95365719,2.440000057220459,90.0,169.0
2024-01-03T22:13:33Z,run,2024-01-03T22:24:25Z,-8.05330788,-34.95365818,2.440000057220459,90.0,169.0
2024-01-03T22:13:33Z,run,2024-01-03T22:24:26Z,-8.05328555,-34.95365884,2.450000047683716,89.0,171.0
2024-01-03T22:13:33Z,run,2024-01-03T22:24:27Z,-8.05326255,-34.95365884,2.450000047683716,90.0,171.0
2024-01-03T22:13:33Z,run,2024-01-03T22:24:28Z,-8.05324056,-34.95365818,2.450000047683716,90.0,170.0
2024-01-03T22:13:33Z,run,2024-01-03T22:24:29Z,-8.05321723,-34.95365786,2.450000047683716,90.0,170.0
2024-01-03T22:13:33Z,run,2024-01-03T22:24:30Z,-8.05319256,-34.95365653,2.450000047683716,90.0,170.0
2024-01-03T22:13:33Z,run,2024-01-03T22:24:31Z,-8.05316957,-34.9536552,2.450000047683716,90.0,170.0
2024-01-03T22:13:33Z,run,2024-01-03T22:24:32Z,-8.05314824,-34.95365287,2.450000047683716,90.0,168.0
2024-01-03T22:13:33Z,run,2024-01-03T22:24:33Z,-8.05312724,-34.95365087,2.450000047683716,90.0,166.0
2024-01-03T22:13:33Z,run,2024-01-03T22:24:34Z,-8.05310658,-34.95364921,2.450000047683716,91.0,166.0
2024-01-03T22:13:33Z,run,2024-01-03T22:24:35Z,-8.05308593,-34.95364788,2.450000047683716,91.0,166.0
2024-01-03T22:13:33Z,run,2024-01-03T22:24:36Z,-8.05306526,-34.95364656,2.450000047683716,91.0,166.0
2024-01-03T22:13:33Z,run,2024-01-03T22:24:37Z,-8.0530446,-34.95364456,2.450000047683716,91.0,166.0
2024-01-03T22:13:33Z,run,2024-01-03T22:24:38Z,-8.05302428,-34.95364256,2.450000047683716,90.0,167.0
2024-01-03T22:13:33Z,run,2024-01-03T22:24:39Z,-8.05300396,-34.9536419,2.450000047683716,90.0,168.0
2024-01-03T22:13:33Z,run,2024-01-03T22:24:40Z,-8.0529833,-34.95364091,2.440000057220459,90.0,168.0
2024-01-03T22:13:33Z,run,2024-01-03T22:24:41Z,-8.0529623,-34.95364025,2.440000057220459,91.0,168.0
2024-01-03T22:13:33Z,run,2024-01-03T22:24:42Z,-8.05294097,-34.95363959,2.430000066757202,92.0,168.0
2024-01-03T22:13:33Z,run,2024-01-03T22:24:43Z,-8.05292031,-34.95363826,2.430000066757202,92.0,168.0
2024-01-03T22:13:33Z,run,2024-01-03T22:24:44Z,-8.05289798,-34.95363693,2.430000066757202,91.0,169.0
2024-01-03T22:13:33Z,run,2024-01-03T22:24:45Z,-8.05287799,-34.95363627,2.430000066757202,90.0,169.0
2024-01-03T22:13:33Z,run,2024-01-03T22:24:46Z,-8.05285765,-34.95363495,2.4200000762939453,90.0,171.0
2024-01-03T22:13:33Z,run,2024-01-03T22:24:47Z,-8.05283633,-34.95363228,2.4200000762939453,89.0,172.0
2024-01-03T22:13:33Z,run,2024-01-03T22:24:48Z,-8.05281533,-34.95362963,2.4100000858306885,89.0,173.0
2024-01-03T22:13:33Z,run,2024-01-03T22:24:49Z,-8.052793,-34.95362664,2.4100000858306885,89.0,173.0
2024-01-03T22:13:33Z,run,2024-01-03T22:24:50Z,-8.05277101,-34.95362365,2.4100000858306885,89.0,173.0
2024-01-03T22:13:33Z,run,2024-01-03T22:24:51Z,-8.05274902,-34.95362031,2.4000000953674316,89.0,174.0
2024-01-03T22:13:33Z,run,2024-01-03T22:24:52Z,-8.05272668,-34.95361766,2.4000000953674316,90.0,174.0
2024-01-03T22:13:33Z,run,2024-01-03T22:24:53Z,-8.05270336,-34.95361533,2.4000000953674316,90.0,174.0
2024-01-03T22:13:33Z,run,2024-01-03T22:24:54Z,-8.05267969,-34.95361268,2.4000000953674316,90.0,174.0
2024-01-03T22:13:33Z,run,2024-01-03T22:24:55Z,-8.05265437,-34.95360969,2.4000000953674316,90.0,174.0
2024-01-03T22:13:33Z,run,2024-01-03T22:24:56Z,-8.05263204,-34.95360769,2.4000000953674316,90.0,173.0
2024-01-03T22:13:33Z,run,2024-01-03T22:24:57Z,-8.05260805,-34.95360602,2.4000000953674316,90.0,172.0
2024-01-03T22:13:33Z,run,2024-01-03T22:24:58Z,-8.05258439,-34.9536027,2.4000000953674316,90.0,172.0
2024-01-03T22:13:33Z,run,2024-01-03T22:24:59Z,-8.05256206,-34.95359871,2.4000000953674316,91.0,171.0
2024-01-03T22:13:33Z,run,2024-01-03T22:25:00Z,-8.05253906,-34.95359337,2.4100000858306885,91.0,171.0
2024-01-03T22:13:33Z,run,2024-01-03T22:25:01Z,-8.0525164,-34.95358705,2.4100000858306885,91.0,171.0
2024-01-03T22:13:33Z,run,2024-01-03T22:25:02Z,-8.05249308,-34.95357938,2.4100000858306885,91.0,172.0
2024-01-03T22:13:33Z,run,2024-01-03T22:25:03Z,-8.05246941,-34.95357272,2.4200000762939453,91.0,171.0
2024-01-03T22:13:33Z,run,2024-01-03T22:25:04Z,-8.05244642,-34.95356705,2.4200000762939453,91.0,171.0
2024-01-03T22:13:33Z,run,2024-01-03T22:25:05Z,-8.05242342,-34.95356039,2.4200000762939453,91.0,171.0
2024-01-03T22:13:33Z,run,2024-01-03T22:25:06Z,-8.05239975,-34.95355407,2.430000066757202,91.0,172.0
2024-01-03T22:13:33Z,run,2024-01-03T22:25:07Z,-8.05237609,-34.9535484,2.430000066757202,91.0,172.0
2024-01-03T22:13:33Z,run,2024-01-03T22:25:08Z,-8.05235243,-34.9535444,2.430000066757202,91.0,172.0
2024-01-03T22:13:33Z,run,2024-01-03T22:25:09Z,-8.05232776,-34.95354041,2.440000057220459,91.0,172.0
2024-01-03T22:13:33Z,run,2024-01-03T22:25:10Z,-8.0523021,-34.95353709,2.440000057220459,90.0,172.0
2024-01-03T22:13:33Z,run,2024-01-03T22:25:11Z,-8.05227644,-34.95353377,2.450000047683716,90.0,172.0
2024-01-03T22:13:33Z,run,2024-01-03T22:25:12Z,-8.05225177,-34.9535311,2.450000047683716,90.0,172.0
2024-01-03T22:13:33Z,run,2024-01-03T22:25:13Z,-8.05222811,-34.95352977,2.450000047683716,90.0,172.0
2024-01-03T22:13:33Z,run,2024-01-03T22:25:14Z,-8.05220277,-34.95352743,2.4600000381469727,90.0,174.0
2024-01-03T22:13:33Z,run,2024-01-03T22:25:15Z,-8.05217878,-34.9535251,2.4600000381469727,90.0,174.0
2024-01-03T22:13:33Z,run,2024-01-03T22:25:16Z,-8.05215413,-34.95352211,2.4700000286102295,90.0,173.0
2024-01-03T22:13:33Z,run,2024-01-03T22:25:17Z,-8.05213014,-34.95351845,2.4800000190734863,90.0,173.0
2024-01-03T22:13:33Z,run,2024-01-03T22:25:18Z,-8.05210647,-34.9535148,2.4800000190734863,90.0,172.0
2024-01-03T22:13:33Z,run,2024-01-03T22:25:19Z,-8.05208281,-34.95351181,2.4800000190734863,90.0,172.0
2024-01-03T22:13:33Z,run,2024-01-03T22:25:20Z,-8.05205915,-34.95350981,2.490000009536743,90.0,171.0
2024-01-03T22:13:33Z,run,2024-01-03T22:25:21Z,-8.05203581,-34.95350848,2.5,90.0,170.0
2024-01-03T22:13:33Z,run,2024-01-03T22:25:22Z,-8.05201249,-34.95350748,2.5,91.0,170.0
2024-01-03T22:13:33Z,run,2024-01-03T22:25:23Z,-8.05198949,-34.95350649,2.509999990463257,90.0,170.0
2024-01-03T22:13:33Z,run,2024-01-03T22:25:24Z,-8.05196716,-34.95350449,2.509999990463257,91.0,170.0
2024-01-03T22:13:33Z,run,2024-01-03T22:25:25Z,-8.05194483,-34.95350284,2.509999990463257,91.0,170.0
2024-01-03T22:13:33Z,run,2024-01-03T22:25:26Z,-8.05192217,-34.95350084,2.509999990463257,90.0,171.0
2024-01-03T22:13:33Z,run,2024-01-03T22:25:27Z,-8.05189883,-34.95349917,2.5199999809265137,90.0,171.0
2024-01-03T22:13:33Z,run,2024-01-03T22:25:28Z,-8.05187618,-34.95349751,2.5199999809265137,90.0,171.0
2024-01-03T22:13:33Z,run,2024-01-03T22:25:29Z,-8.05185419,-34.95349518,2.5299999713897705,89.0,171.0
2024-01-03T22:13:33Z,run,2024-01-03T22:25:30Z,-8.05183252,-34.95349251,2.5299999713897705,89.0,171.0
2024-01-03T22:13:33Z,run,2024-01-03T22:25:31Z,-8.05181119,-34.95348986,2.5299999713897705,89.0,171.0
2024-01-03T22:13:33Z,run,2024-01-03T22:25:32Z,-8.05178886,-34.9534862,2.5299999713897705,89.0,171.0
2024-01-03T22:13:33Z,run,2024-01-03T22:25:33Z,-8.05176586,-34.9534822,2.5299999713897705,89.0,171.0
2024-01-03T22:13:33Z,run,2024-01-03T22:25:34Z,-8.05174254,-34.95347888,2.5299999713897705,89.0,171.0
2024-01-03T22:13:33Z,run,2024-01-03T22:25:35Z,-8.05171855,-34.95347688,2.5299999713897705,89.0,171.0
2024-01-03T22:13:33Z,run,2024-01-03T22:25:36Z,-8.05169422,-34.95347489,2.5299999713897705,90.0,170.0
2024-01-03T22:13:33Z,run,2024-01-03T22:25:37Z,-8.05166923,-34.95347289,2.5299999713897705,90.0,170.0
2024-01-03T22:13:33Z,run,2024-01-03T22:25:38Z,-8.05164423,-34.95347055,2.5299999713897705,90.0,170.0
2024-01-03T22:13:33Z,run,2024-01-03T22:25:39Z,-8.05161956,-34.95346855,2.5299999713897705,91.0,170.0
2024-01-03T22:13:33Z,run,2024-01-03T22:25:40Z,-8.0515959,-34.9534669,2.5299999713897705,90.0,170.0
2024-01-03T22:13:33Z,run,2024-01-03T22:25:41Z,-8.05157257,-34.95346556,2.5399999618530273,90.0,170.0
2024-01-03T22:13:33Z,run,2024-01-03T22:25:42Z,-8.05154958,-34.95346323,2.5399999618530273,89.0,169.0
2024-01-03T22:13:33Z,run,2024-01-03T22:25:43Z,-8.05152625,-34.95346024,2.549999952316284,89.0,169.0
2024-01-03T22:13:33Z,run,2024-01-03T22:25:44Z,-8.05150259,-34.95345757,2.549999952316284,89.0,169.0
2024-01-03T22:13:33Z,run,2024-01-03T22:25:45Z,-8.05147927,-34.95345658,2.549999952316284,90.0,169.0
2024-01-03T22:13:33Z,run,2024-01-03T22:25:46Z,-8.05145527,-34.95345626,2.549999952316284,90.0,170.0
2024-01-03T22:13:33Z,run,2024-01-03T22:25:47Z,-8.05143161,-34.95345626,2.559999942779541,90.0,170.0
2024-01-03T22:13:33Z,run,2024-01-03T22:25:48Z,-8.05140829,-34.95345594,2.559999942779541,90.0,170.0
2024-01-03T22:13:33Z,run,2024-01-03T22:25:49Z,-8.05138595,-34.95345594,2.569999933242798,90.0,170.0
2024-01-03T22:13:33Z,run,2024-01-03T22:25:50Z,-8.05136362,-34.95345427,2.569999933242798,90.0,170.0
2024-01-03T22:13:33Z,run,2024-01-03T22:25:51Z,-8.05134129,-34.9534516,2.569999933242798,90.0,171.0
2024-01-03T22:13:33Z,run,2024-01-03T22:25:52Z,-8.0513193,-34.95344695,2.569999933242798,90.0,172.0
2024-01-03T22:13:33Z,run,2024-01-03T22:25:53Z,-8.05129697,-34.95344328,2.569999933242798,90.0,173.0
2024-01-03T22:13:33Z,run,2024-01-03T22:25:54Z,-8.05127431,-34.95343929,2.569999933242798,90.0,173.0
2024-01-03T22:13:33Z,run,2024-01-03T22:25:55Z,-8.05125198,-34.95343696,2.569999933242798,91.0,173.0
2024-01-03T22:13:33Z,run,2024-01-03T22:25:56Z,-8.05122998,-34.95343429,2.569999933242798,91.0,173.0
2024-01-03T22:13:33Z,run,2024-01-03T22:25:57Z,-8.05120799,-34.95343097,2.569999933242798,91.0,172.0
2024-01-03T22:13:33Z,run,2024-01-03T22:25:58Z,-8.051186,-34.95342698,2.569999933242798,91.0,173.0
2024-01-03T22:13:33Z,run,2024-01-03T22:25:59Z,-8.05116367,-34.95342231,2.569999933242798,90.0,173.0
2024-01-03T22:13:33Z,run,2024-01-03T22:26:00Z,-8.05114168,-34.95341731,2.569999933242798,90.0,173.0
2024-01-03T22:13:33Z,run,2024-01-03T22:26:01Z,-8.05112001,-34.95341432,2.569999933242798,90.0,172.0
2024-01-03T22:13:33Z,run,2024-01-03T22:26:02Z,-8.05109901,-34.95341265,2.569999933242798,90.0,172.0
2024-01-03T22:13:33Z,run,2024-01-03T22:26:03Z,-8.05107801,-34.95341265,2.569999933242798,90.0,172.0
2024-01-03T22:13:33Z,run,2024-01-03T22:26:04Z,-8.05105602,-34.95341365,2.559999942779541,91.0,173.0
2024-01-03T22:13:33Z,run,2024-01-03T22:26:05Z,-8.05103369,-34.95341365,2.559999942779541,91.0,173.0
2024-01-03T22:13:33Z,run,2024-01-03T22:26:06Z,-8.05101103,-34.95341333,2.559999942779541,91.0,173.0
2024-01-03T22:13:33Z,run,2024-01-03T22:26:07Z,-8.05098771,-34.95341133,2.549999952316284,90.0,172.0
2024-01-03T22:13:33Z,run,2024-01-03T22:26:08Z,-8.05096638,-34.95340866,2.549999952316284,90.0,172.0
2024-01-03T22:13:33Z,run,2024-01-03T22:26:09Z,-8.05094572,-34.95340501,2.549999952316284,90.0,172.0
2024-01-03T22:13:33Z,run,2024-01-03T22:26:10Z,-8.05092406,-34.95340034,2.549999952316284,90.0,172.0
2024-01-03T22:13:33Z,run,2024-01-03T22:26:11Z,-8.05090273,-34.95339601,2.549999952316284,90.0,171.0
2024-01-03T22:13:33Z,run,2024-01-03T22:26:12Z,-8.05088141,-34.95339235,2.549999952316284,90.0,171.0
2024-01-03T22:13:33Z,run,2024-01-03T22:26:13Z,-8.05086074,-34.95338836,2.549999952316284,90.0,171.0
2024-01-03T22:13:33Z,run,2024-01-03T22:26:14Z,-8.05084008,-34.95338504,2.549999952316284,90.0,171.0
2024-01-03T22:13:33Z,run,2024-01-03T22:26:15Z,-8.05081908,-34.9533807,2.5399999618530273,90.0,170.0
2024-01-03T22:13:33Z,run,2024-01-03T22:26:16Z,-8.05079808,-34.95337604,2.5399999618530273,90.0,170.0
2024-01-03T22:13:33Z,run,2024-01-03T22:26:17Z,-8.05077709,-34.95337171,2.5399999618530273,90.0,169.0
2024-01-03T22:13:33Z,run,2024-01-03T22:26:18Z,-8.05075609,-34.95336705,2.5299999713897705,90.0,169.0
2024-01-03T22:13:33Z,run,2024-01-03T22:26:18Z,-8.05073543,-34.95336272,2.5299999713897705,90.0,168.0
2024-01-03T22:13:33Z,run,2024-01-03T22:26:19Z,-8.05071443,-34.95336007,2.5299999713897705,90.0,168.0
2024-01-03T22:13:33Z,run,2024-01-03T22:26:20Z,-8.0506931,-34.9533574,2.5299999713897705,90.0,168.0
2024-01-03T22:13:33Z,run,2024-01-03T22:26:21Z,-8.05067011,-34.95335708,2.5199999809265137,90.0,168.0
2024-01-03T22:13:33Z,run,2024-01-03T22:26:22Z,-8.05064745,-34.95335675,2.5199999809265137,90.0,168.0
2024-01-03T22:13:33Z,run,2024-01-03T22:26:23Z,-8.05062578,-34.95335708,2.509999990463257,90.0,168.0
2024-01-03T22:13:33Z,run,2024-01-03T22:26:24Z,-8.05060412,-34.95335873,2.509999990463257,90.0,167.0
2024-01-03T22:13:33Z,run,2024-01-03T22:26:25Z,-8.05058247,-34.95336107,2.509999990463257,90.0,167.0
2024-01-03T22:13:33Z,run,2024-01-03T22:26:26Z,-8.0505608,-34.95336372,2.509999990463257,90.0,168.0
2024-01-03T22:13:33Z,run,2024-01-03T22:26:27Z,-8.05053847,-34.95336705,2.5,90.0,168.0
2024-01-03T22:13:33Z,run,2024-01-03T22:26:28Z,-8.05051581,-34.95337071,2.5,90.0,167.0
2024-01-03T22:13:33Z,run,2024-01-03T22:26:29Z,-8.05049315,-34.95337337,2.5,90.0,167.0
2024-01-03T22:13:33Z,run,2024-01-03T22:26:30Z,-8.05047082,-34.9533747,2.5,90.0,166.0
2024-01-03T22:13:33Z,run,2024-01-03T22:26:31Z,-8.0504495,-34.95337405,2.5,90.0,166.0
2024-01-03T22:13:33Z,run,2024-01-03T22:26:32Z,-8.05042883,-34.95337038,2.5,90.0,165.0
2024-01-03T22:13:33Z,run,2024-01-03T22:26:33Z,-8.05040851,-34.95336339,2.5,90.0,165.0
2024-01-03T22:13:33Z,run,2024-01-03T22:26:34Z,-8.05038751,-34.95335506,2.5,90.0,166.0
2024-01-03T22:13:33Z,run,2024-01-03T22:26:35Z,-8.05036618,-34.95334806,2.5,90.0,166.0
2024-01-03T22:13:33Z,run,2024-01-03T22:26:36Z,-8.05034386,-34.95334239,2.5,90.0,166.0
2024-01-03T22:13:33Z,run,2024-01-03T22:26:37Z,-8.05032053,-34.95333907,2.5,90.0,166.0
2024-01-03T22:13:33Z,run,2024-01-03T22:26:38Z,-8.05029787,-34.9533364,2.490000009536743,90.0,166.0
2024-01-03T22:13:33Z,run,2024-01-03T22:26:39Z,-8.05027621,-34.95333474,2.490000009536743,90.0,166.0
2024-01-03T22:13:33Z,run,2024-01-03T22:26:40Z,-8.05025488,-34.95333341,2.490000009536743,90.0,165.0
2024-01-03T22:13:33Z,run,2024-01-03T22:26:41Z,-8.05023356,-34.95333142,2.490000009536743,90.0,165.0
2024-01-03T22:13:33Z,run,2024-01-03T22:26:42Z,-8.05021223,-34.95333142,2.490000009536743,90.0,165.0
2024-01-03T22:13:33Z,run,2024-01-03T22:26:43Z,-8.05019057,-34.95333009,2.490000009536743,90.0,165.0
2024-01-03T22:13:33Z,run,2024-01-03T22:26:44Z,-8.05016858,-34.95332809,2.490000009536743,90.0,165.0
2024-01-03T22:13:33Z,run,2024-01-03T22:26:45Z,-8.05014659,-34.95332476,2.490000009536743,90.0,166.0
2024-01-03T22:13:33Z,run,2024-01-03T22:26:46Z,-8.05012359,-34.95331811,2.490000009536743,90.0,167.0
2024-01-03T22:13:33Z,run,2024-01-03T22:26:47Z,-8.05009892,-34.95330977,2.490000009536743,91.0,168.0
2024-01-03T22:13:33Z,run,2024-01-03T22:26:48Z,-8.05007393,-34.95330177,2.4800000190734863,89.0,168.0
2024-01-03T22:13:33Z,run,2024-01-03T22:26:49Z,-8.05005026,-34.95329778,2.4800000190734863,89.0,168.0
2024-01-03T22:13:33Z,run,2024-01-03T22:26:50Z,-8.05002761,-34.95329678,2.4800000190734863,89.0,168.0
2024-01-03T22:13:33Z,run,2024-01-03T22:26:51Z,-8.05000527,-34.95329845,2.490000009536743,89.0,167.0
2024-01-03T22:13:33Z,run,2024-01-03T22:26:52Z,-8.04998395,-34.95330112,2.490000009536743,90.0,168.0
2024-01-03T22:13:33Z,run,2024-01-03T22:26:53Z,-8.04996329,-34.95329978,2.5,90.0,168.0
2024-01-03T22:13:33Z,run,2024-01-03T22:26:54Z,-8.04994196,-34.95329313,2.5,90.0,168.0
2024-01-03T22:13:33Z,run,2024-01-03T22:26:55Z,-8.04992096,-34.9532808,2.5,90.0,169.0
2024-01-03T22:13:33Z,run,2024-01-03T22:26:56Z,-8.04989996,-34.95327347,2.5,90.0,169.0
2024-01-03T22:13:33Z,run,2024-01-03T22:26:57Z,-8.0498803,-34.95326914,2.5,89.0,169.0
2024-01-03T22:13:33Z,run,2024-01-03T22:26:58Z,-8.0498603,-34.95326815,2.5,89.0,169.0
2024-01-03T22:13:33Z,run,2024-01-03T22:26:59Z,-8.0498393,-34.95326914,2.5,89.0,169.0
2024-01-03T22:13:33Z,run,2024-01-03T22:27:00Z,-8.04981831,-34.9532708,2.5,90.0,170.0
2024-01-03T22:13:33Z,run,2024-01-03T22:27:01Z,-8.04979465,-34.95327347,2.5,90.0,171.0
2024-01-03T22:13:33Z,run,2024-01-03T22:27:02Z,-8.04977231,-34.95327713,2.5,90.0,171.0
2024-01-03T22:13:33Z,run,2024-01-03T22:27:03Z,-8.04975066,-34.95328012,2.490000009536743,90.0,171.0
2024-01-03T22:13:33Z,run,2024-01-03T22:27:04Z,-8.04973067,-34.95328178,2.490000009536743,90.0,170.0
2024-01-03T22:13:33Z,run,2024-01-03T22:27:05Z,-8.04971233,-34.95328277,2.4800000190734863,90.0,170.0
2024-01-03T22:13:33Z,run,2024-01-03T22:27:06Z,-8.04969633,-34.95328145,2.4000000953674316,90.0,171.0
2024-01-03T22:13:33Z,run,2024-01-03T22:27:07Z,-8.04968168,-34.95327978,2.319999933242798,90.0,171.0
2024-01-03T22:13:33Z,run,2024-01-03T22:27:08Z,-8.04966802,-34.95327846,2.319999933242798,90.0,171.0
2024-01-03T22:13:33Z,run,2024-01-03T22:27:09Z,-8.04965535,-34.95327878,2.2899999618530273,90.0,171.0
2024-01-03T22:13:33Z,run,2024-01-03T22:27:10Z,-8.04964435,-34.95327878,2.1600000858306885,90.0,171.0
2024-01-03T22:13:33Z,run,2024-01-03T22:27:11Z,-8.04963303,-34.95327846,1.8899999856948853,90.0,171.0
2024-01-03T22:13:33Z,run,2024-01-03T22:27:12Z,-8.04962171,-34.95327878,1.600000023841858,90.0,171.0
2024-01-03T22:13:33Z,run,2024-01-03T22:27:13Z,-8.04961004,-34.95327944,1.409999966621399,90.0,170.0
2024-01-03T22:13:33Z,run,2024-01-03T22:27:14Z,-8.04959905,-34.95327944,1.409999966621399,90.0,170.0
2024-01-03T22:13:33Z,run,2024-01-03T22:27:15Z,-8.04958905,-34.95328144,1.309999942779541,90.0,172.0
2024-01-03T22:13:33Z,run,2024-01-03T22:27:16Z,-8.04957839,-34.9532831,1.2699999809265137,90.0,173.0
2024-01-03T22:13:33Z,run,2024-01-03T22:27:17Z,-8.04956807,-34.95328342,1.2999999523162842,58.0,173.0
2024-01-03T22:13:33Z,run,2024-01-03T22:27:18Z,-8.04955807,-34.95328243,1.3200000524520874,59.0,172.0
2024-01-03T22:13:33Z,run,2024-01-03T22:27:19Z,-8.04954941,-34.95328111,1.2599999904632568,59.0,170.0
2024-01-03T22:13:33Z,run,2024-01-03T22:27:20Z,-8.04954142,-34.95327711,1.2599999904632568,59.0,170.0
2024-01-03T22:13:33Z,run,2024-01-03T22:27:21Z,-8.04953276,-34.95327345,1.2100000381469727,60.0,168.0
2024-01-03T22:13:33Z,run,2024-01-03T22:27:22Z,-8.0495231,-34.95327046,1.1799999475479126,60.0,169.0
2024-01-03T22:13:33Z,run,2024-01-03T22:27:23Z,-8.04951343,-34.95326747,1.159999966621399,60.0,168.0
2024-01-03T22:13:33Z,run,2024-01-03T22:27:24Z,-8.04950278,-34.95326347,1.1399999856948853,60.0,167.0
2024-01-03T22:13:33Z,run,2024-01-03T22:27:25Z,-8.04949212,-34.95325881,1.1399999856948853,61.0,165.0
2024-01-03T22:13:33Z,run,2024-01-03T22:27:26Z,-8.04948212,-34.95325316,1.1399999856948853,61.0,165.0
2024-01-03T22:13:33Z,run,2024-01-03T22:27:27Z,-8.04947213,-34.95324482,1.1399999856948853,60.0,162.0
2024-01-03T22:13:33Z,run,2024-01-03T22:27:28Z,-8.04946214,-34.95323649,1.1399999856948853,60.0,162.0
2024-01-03T22:13:33Z,run,2024-01-03T22:27:29Z,-8.04945282,-34.95322916,1.1699999570846558,61.0,160.0
2024-01-03T22:13:33Z,run,2024-01-03T22:27:30Z,-8.04944348,-34.95322149,1.2200000286102295,61.0,156.0
2024-01-03T22:13:33Z,run,2024-01-03T22:27:31Z,-8.04943482,-34.95321417,1.25,60.0,154.0
2024-01-03T22:13:33Z,run,2024-01-03T22:27:32Z,-8.04942648,-34.95320717,1.25,60.0,154.0
2024-01-03T22:13:33Z,run,2024-01-03T22:27:33Z,-8.04941849,-34.95320351,1.2599999904632568,60.0,146.0
2024-01-03T22:13:33Z,run,2024-01-03T22:27:34Z,-8.04940917,-34.95320285,1.2599999904632568,59.0,142.0
2024-01-03T22:13:33Z,run,2024-01-03T22:27:35Z,-8.04939851,-34.95320119,1.2599999904632568,60.0,141.0
2024-01-03T22:13:33Z,run,2024-01-03T22:27:36Z,-8.04938685,-34.9531982,1.25,61.0,140.0
2024-01-03T22:13:33Z,run,2024-01-03T22:27:37Z,-8.04937585,-34.95319586,1.2400000095367432,61.0,138.0
2024-01-03T22:13:33Z,run,2024-01-03T22:27:38Z,-8.04936586,-34.95319753,1.2400000095367432,61.0,138.0
2024-01-03T22:13:33Z,run,2024-01-03T22:27:39Z,-8.04935686,-34.95320352,1.2400000095367432,61.0,138.0
2024-01-03T22:13:33Z,run,2024-01-03T22:27:40Z,-8.0493482,-34.95321052,1.2599999904632568,61.0,139.0
2024-01-03T22:13:33Z,run,2024-01-03T22:27:41Z,-8.04933821,-34.95321451,1.309999942779541,62.0,139.0
2024-01-03T22:13:33Z,run,2024-01-03T22:27:42Z,-8.04932854,-34.95321618,1.350000023841858,62.0,139.0
2024-01-03T22:13:33Z,run,2024-01-03T22:27:43Z,-8.04931688,-34.95321551,1.3600000143051147,62.0,138.0
2024-01-03T22:13:33Z,run,2024-01-03T22:27:44Z,-8.04930421,-34.95321352,1.3600000143051147,61.0,135.0
2024-01-03T22:13:33Z,run,2024-01-03T22:27:45Z,-8.04929089,-34.95321053,1.3600000143051147,61.0,135.0
2024-01-03T22:13:33Z,run,2024-01-03T22:27:46Z,-8.04927689,-34.9532092,1.3600000143051147,61.0,135.0
2024-01-03T22:13:33Z,run,2024-01-03T22:27:47Z,-8.04926323,-34.95321086,1.3600000143051147,61.0,136.0
2024-01-03T22:13:33Z,run,2024-01-03T22:27:48Z,-8.04925056,-34.95321785,1.3600000143051147,61.0,135.0
2024-01-03T22:13:33Z,run,2024-01-03T22:27:49Z,-8.04923724,-34.95322651,1.3899999856948853,61.0,135.0
2024-01-03T22:13:33Z,run,2024-01-03T22:27:50Z,-8.04922257,-34.95323418,1.409999966621399,61.0,136.0
2024-01-03T22:13:33Z,run,2024-01-03T22:27:51Z,-8.04920525,-34.95324083,1.409999966621399,61.0,136.0
2024-01-03T22:13:33Z,run,2024-01-03T22:27:52Z,-8.04918592,-34.95324617,1.4500000476837158,61.0,136.0
2024-01-03T22:13:33Z,run,2024-01-03T22:27:53Z,-8.04916659,-34.95325017,1.5299999713897705,61.0,136.0
2024-01-03T22:13:33Z,run,2024-01-03T22:27:54Z,-8.04914694,-34.95325249,1.6799999475479126,61.0,138.0
2024-01-03T22:13:33Z,run,2024-01-03T22:27:55Z,-8.04912795,-34.95325649,1.8899999856948853,61.0,139.0
2024-01-03T22:13:33Z,run,2024-01-03T22:27:56Z,-8.04910995,-34.95326048,2.069999933242798,61.0,139.0
2024-01-03T22:13:33Z,run,2024-01-03T22:27:57Z,-8.04909262,-34.95326415,2.069999933242798,61.0,139.0
2024-01-03T22:13:33Z,run,2024-01-03T22:27:58Z,-8.04907429,-34.95326514,2.1600000858306885,61.0,140.0
2024-01-03T22:13:33Z,run,2024-01-03T22:27:59Z,-8.0490553,-34.95326546,2.180000066757202,61.0,140.0
2024-01-03T22:13:33Z,run,2024-01-03T22:28:00Z,-8.04903564,-34.95326514,2.200000047683716,90.0,140.0
2024-01-03T22:13:33Z,run,2024-01-03T22:28:01Z,-8.04901532,-34.95326415,2.200000047683716,90.0,140.0
2024-01-03T22:13:33Z,run,2024-01-03T22:28:02Z,-8.04899399,-34.95326215,2.190000057220459,90.0,140.0
2024-01-03T22:13:33Z,run,2024-01-03T22:28:03Z,-8.04897133,-34.95325781,2.190000057220459,90.0,141.0
2024-01-03T22:13:33Z,run,2024-01-03T22:28:04Z,-8.04894867,-34.95325182,2.190000057220459,90.0,141.0
2024-01-03T22:13:33Z,run,2024-01-03T22:28:05Z,-8.04892501,-34.95324382,2.2100000381469727,90.0,140.0
2024-01-03T22:13:33Z,run,2024-01-03T22:28:06Z,-8.04890102,-34.9532365,2.259999990463257,90.0,140.0
2024-01-03T22:13:33Z,run,2024-01-03T22:28:07Z,-8.04887502,-34.95322817,2.3399999141693115,90.0,139.0
2024-01-03T22:13:33Z,run,2024-01-03T22:28:08Z,-8.04884835,-34.9532235,2.4200000762939453,90.0,138.0
2024-01-03T22:13:33Z,run,2024-01-03T22:28:09Z,-8.04882169,-34.95322218,2.4800000190734863,91.0,138.0
2024-01-03T22:13:33Z,run,2024-01-03T22:28:10Z,-8.04879536,-34.95322185,2.4800000190734863,91.0,138.0
2024-01-03T22:13:33Z,run,2024-01-03T22:28:11Z,-8.04876903,-34.95322251,2.559999942779541,90.0,138.0
2024-01-03T22:13:33Z,run,2024-01-03T22:28:12Z,-8.0487437,-34.95322219,2.630000114440918,90.0,138.0
2024-01-03T22:13:33Z,run,2024-01-03T22:28:13Z,-8.04871971,-34.95321852,2.6600000858306885,90.0,138.0
2024-01-03T22:13:33Z,run,2024-01-03T22:28:14Z,-8.04869571,-34.9532122,2.680000066757202,90.0,138.0
2024-01-03T22:13:33Z,run,2024-01-03T22:28:15Z,-8.04867372,-34.95320587,2.680000066757202,90.0,138.0
2024-01-03T22:13:33Z,run,2024-01-03T22:28:16Z,-8.04865306,-34.95319821,2.680000066757202,90.0,138.0
2024-01-03T22:13:33Z,run,2024-01-03T22:28:17Z,-8.04863307,-34.95318987,2.6500000953674316,90.0,139.0
2024-01-03T22:13:33Z,run,2024-01-03T22:28:18Z,-8.04861441,-34.95318221,2.609999895095825,90.0,139.0
2024-01-03T22:13:33Z,run,2024-01-03T22:28:19Z,-8.04859741,-34.95317288,2.549999952316284,90.0,139.0
2024-01-03T22:13:33Z,run,2024-01-03T22:28:20Z,-8.04857975,-34.95316323,2.4800000190734863,90.0,138.0
2024-01-03T22:13:33Z,run,2024-01-03T22:28:21Z,-8.04856076,-34.95315023,2.430000066757202,91.0,138.0
2024-01-03T22:13:33Z,run,2024-01-03T22:28:22Z,-8.0485421,-34.9531349,2.430000066757202,91.0,138.0
2024-01-03T22:13:33Z,run,2024-01-03T22:28:23Z,-8.0485241,-34.95311824,2.4000000953674316,91.0,138.0
2024-01-03T22:13:33Z,run,2024-01-03T22:28:24Z,-8.04850744,-34.9531049,2.4000000953674316,90.0,138.0
2024-01-03T22:13:33Z,run,2024-01-03T22:28:25Z,-8.04849144,-34.9530939,2.380000114440918,90.0,138.0
2024-01-03T22:13:33Z,run,2024-01-03T22:28:26Z,-8.04847411,-34.95308191,2.3399999141693115,90.0,138.0
2024-01-03T22:13:33Z,run,2024-01-03T22:28:27Z,-8.04845712,-34.95307125,2.3399999141693115,91.0,138.0
2024-01-03T22:13:33Z,run,2024-01-03T22:28:28Z,-8.04844178,-34.95306091,2.3399999141693115,91.0,138.0
2024-01-03T22:13:33Z,run,2024-01-03T22:28:29Z,-8.04842746,-34.95304992,2.3399999141693115,90.0,138.0
2024-01-03T22:13:33Z,run,2024-01-03T22:28:30Z,-8.04841414,-34.95303992,2.3399999141693115,90.0,138.0
2024-01-03T22:13:33Z,run,2024-01-03T22:28:31Z,-8.04840147,-34.95302827,2.3299999237060547,90.0,138.0
2024-01-03T22:13:33Z,run,2024-01-03T22:28:32Z,-8.04839081,-34.9530146,2.319999933242798,90.0,138.0
2024-01-03T22:13:33Z,run,2024-01-03T22:28:33Z,-8.04838082,-34.9529986,2.299999952316284,91.0,138.0
2024-01-03T22:13:33Z,run,2024-01-03T22:28:34Z,-8.04837149,-34.95298128,2.299999952316284,91.0,138.0
2024-01-03T22:13:33Z,run,2024-01-03T22:28:35Z,-8.04836017,-34.95296161,2.2699999809265137,91.0,138.0
2024-01-03T22:13:33Z,run,2024-01-03T22:28:36Z,-8.04834917,-34.95294194,2.25,90.0,138.0
2024-01-03T22:13:33Z,run,2024-01-03T22:28:37Z,-8.04833983,-34.95292195,2.2300000190734863,90.0,138.0
2024-01-03T22:13:33Z,run,2024-01-03T22:28:38Z,-8.04833051,-34.9529013,2.2100000381469727,90.0,138.0
2024-01-03T22:13:33Z,run,2024-01-03T22:28:39Z,-8.04832252,-34.95287896,2.200000047683716,90.0,138.0
2024-01-03T22:13:33Z,run,2024-01-03T22:28:40Z,-8.04831419,-34.95285331,2.200000047683716,90.0,138.0
2024-01-03T22:13:33Z,run,2024-01-03T22:28:41Z,-8.04830585,-34.95282631,2.200000047683716,91.0,138.0
2024-01-03T22:13:33Z,run,2024-01-03T22:28:42Z,-8.04829919,-34.95279732,2.200000047683716,91.0,138.0
2024-01-03T22:13:33Z,run,2024-01-03T22:28:43Z,-8.04829352,-34.95276898,2.2100000381469727,90.0,138.0
2024-01-03T22:13:33Z,run,2024-01-03T22:28:44Z,-8.04828853,-34.95274232,2.2200000286102295,90.0,138.0
2024-01-03T22:13:33Z,run,2024-01-03T22:28:45Z,-8.04828487,-34.95271698,2.2300000190734863,91.0,149.0
2024-01-03T22:13:33Z,run,2024-01-03T22:28:46Z,-8.04828222,-34.95269033,2.2300000190734863,91.0,149.0
2024-01-03T22:13:33Z,run,2024-01-03T22:28:47Z,-8.04828123,-34.95266333,2.25,91.0,149.0
2024-01-03T22:13:33Z,run,2024-01-03T22:28:48Z,-8.04828188,-34.95263533,2.2699999809265137,91.0,150.0
2024-01-03T22:13:33Z,run,2024-01-03T22:28:49Z,-8.04828588,-34.95260766,2.2799999713897705,92.0,151.0
2024-01-03T22:13:33Z,run,2024-01-03T22:28:50Z,-8.04828954,-34.95257934,2.299999952316284,92.0,152.0
2024-01-03T22:13:33Z,run,2024-01-03T22:28:51Z,-8.04829021,-34.952551,2.319999933242798,91.0,151.0
2024-01-03T22:13:33Z,run,2024-01-03T22:28:52Z,-8.04828821,-34.95252168,2.319999933242798,91.0,151.0
2024-01-03T22:13:33Z,run,2024-01-03T22:28:53Z,-8.04828554,-34.95249302,2.3299999237060547,92.0,151.0
2024-01-03T22:13:33Z,run,2024-01-03T22:28:54Z,-8.04828322,-34.95246569,2.3499999046325684,91.0,151.0
2024-01-03T22:13:33Z,run,2024-01-03T22:28:55Z,-8.04828188,-34.95243836,2.359999895095825,92.0,152.0
2024-01-03T22:13:33Z,run,2024-01-03T22:28:56Z,-8.04828255,-34.95241203,2.380000114440918,92.0,152.0
2024-01-03T22:13:33Z,run,2024-01-03T22:28:57Z,-8.04828055,-34.95238338,2.390000104904175,91.0,152.0
2024-01-03T22:13:33Z,run,2024-01-03T22:28:58Z,-8.04827988,-34.95235471,2.390000104904175,91.0,152.0
2024-01-03T22:13:33Z,run,2024-01-03T22:28:59Z,-8.04828188,-34.95232839,2.4000000953674316,91.0,152.0
2024-01-03T22:13:33Z,run,2024-01-03T22:29:00Z,-8.04828421,-34.95229973,2.4200000762939453,91.0,153.0
2024-01-03T22:13:33Z,run,2024-01-03T22:29:01Z,-8.04828653,-34.9522724,2.430000066757202,91.0,153.0
2024-01-03T22:13:33Z,run,2024-01-03T22:29:02Z,-8.04828786,-34.95224807,2.440000057220459,91.0,153.0
2024-01-03T22:13:33Z,run,2024-01-03T22:29:03Z,-8.04828852,-34.95222441,2.450000047683716,91.0,153.0
2024-01-03T22:13:33Z,run,2024-01-03T22:29:04Z,-8.04828984,-34.95220142,2.4600000381469727,92.0,154.0
2024-01-03T22:13:33Z,run,2024-01-03T22:29:05Z,-8.04829284,-34.95217809,2.4600000381469727,92.0,154.0
2024-01-03T22:13:33Z,run,2024-01-03T22:29:06Z,-8.04829517,-34.95215443,2.4600000381469727,92.0,154.0
2024-01-03T22:13:33Z,run,2024-01-03T22:29:07Z,-8.04829682,-34.95212943,2.4700000286102295,92.0,156.0
2024-01-03T22:13:33Z,run,2024-01-03T22:29:08Z,-8.04829816,-34.95210377,2.4800000190734863,91.0,157.0
2024-01-03T22:13:33Z,run,2024-01-03T22:29:09Z,-8.04830048,-34.95207778,2.4800000190734863,91.0,157.0
2024-01-03T22:13:33Z,run,2024-01-03T22:29:10Z,-8.04830414,-34.95205479,2.4800000190734863,91.0,157.0
2024-01-03T22:13:33Z,run,2024-01-03T22:29:11Z,-8.04830947,-34.95203612,2.4800000190734863,91.0,157.0
2024-01-03T22:13:33Z,run,2024-01-03T22:29:12Z,-8.0483148,-34.95202047,2.490000009536743,91.0,158.0
2024-01-03T22:13:33Z,run,2024-01-03T22:29:13Z,-8.04831914,-34.95200447,2.5,92.0,158.0
2024-01-03T22:13:33Z,run,2024-01-03T22:29:14Z,-8.04832279,-34.95198681,2.490000009536743,92.0,158.0
2024-01-03T22:13:33Z,run,2024-01-03T22:29:15Z,-8.04832579,-34.95196648,2.4800000190734863,91.0,160.0
2024-01-03T22:13:33Z,run,2024-01-03T22:29:16Z,-8.04832878,-34.95194349,2.4700000286102295,91.0,160.0
2024-01-03T22:13:33Z,run,2024-01-03T22:29:17Z,-8.04833277,-34.95191983,2.4700000286102295,91.0,160.0
2024-01-03T22:13:33Z,run,2024-01-03T22:29:18Z,-8.04833677,-34.95189616,2.4600000381469727,90.0,160.0
2024-01-03T22:13:33Z,run,2024-01-03T22:29:19Z,-8.04833944,-34.95187217,2.440000057220459,91.0,160.0
2024-01-03T22:13:33Z,run,2024-01-03T22:29:20Z,-8.04834243,-34.95184618,2.430000066757202,91.0,160.0
2024-01-03T22:13:33Z,run,2024-01-03T22:29:21Z,-8.04834576,-34.95182018,2.430000066757202,91.0,161.0
2024-01-03T22:13:33Z,run,2024-01-03T22:29:22Z,-8.04834643,-34.95179319,2.4200000762939453,91.0,162.0
2024-01-03T22:13:33Z,run,2024-01-03T22:29:23Z,-8.0483461,-34.9517642,2.4200000762939453,91.0,162.0
2024-01-03T22:13:33Z,run,2024-01-03T22:29:24Z,-8.04834643,-34.95173254,2.4200000762939453,91.0,163.0
2024-01-03T22:13:33Z,run,2024-01-03T22:29:25Z,-8.04834775,-34.95170055,2.430000066757202,90.0,163.0
2024-01-03T22:13:33Z,run,2024-01-03T22:29:26Z,-8.04834975,-34.95167088,2.430000066757202,90.0,163.0
2024-01-03T22:13:33Z,run,2024-01-03T22:29:27Z,-8.04835208,-34.95164422,2.430000066757202,90.0,163.0
2024-01-03T22:13:33Z,run,2024-01-03T22:29:28Z,-8.04835473,-34.95162022,2.450000047683716,91.0,162.0
2024-01-03T22:13:33Z,run,2024-01-03T22:29:29Z,-8.04835639,-34.95159757,2.450000047683716,91.0,162.0
2024-01-03T22:13:33Z,run,2024-01-03T22:29:30Z,-8.04835839,-34.95157658,2.450000047683716,91.0,161.0
2024-01-03T22:13:33Z,run,2024-01-03T22:29:31Z,-8.04836105,-34.95155691,2.4600000381469727,91.0,160.0
2024-01-03T22:13:33Z,run,2024-01-03T22:29:32Z,-8.04836471,-34.95153692,2.4700000286102295,91.0,159.0
2024-01-03T22:13:33Z,run,2024-01-03T22:29:33Z,-8.0483677,-34.95151892,2.4700000286102295,91.0,159.0
2024-01-03T22:13:33Z,run,2024-01-03T22:29:34Z,-8.0483717,-34.9515006,2.4700000286102295,91.0,159.0
2024-01-03T22:13:33Z,run,2024-01-03T22:29:35Z,-8.04837604,-34.9514816,2.4700000286102295,91.0,159.0
2024-01-03T22:13:33Z,run,2024-01-03T22:29:36Z,-8.0483807,-34.95146127,2.4600000381469727,91.0,160.0
2024-01-03T22:13:33Z,run,2024-01-03T22:29:37Z,-8.04838504,-34.95143961,2.4600000381469727,91.0,160.0
2024-01-03T22:13:33Z,run,2024-01-03T22:29:38Z,-8.04838936,-34.95141727,2.450000047683716,91.0,160.0
2024-01-03T22:13:33Z,run,2024-01-03T22:29:39Z,-8.04839402,-34.95139462,2.450000047683716,91.0,161.0
2024-01-03T22:13:33Z,run,2024-01-03T22:29:40Z,-8.04839868,-34.95137262,2.450000047683716,91.0,161.0
2024-01-03T22:13:33Z,run,2024-01-03T22:29:41Z,-8.04840367,-34.95134929,2.450000047683716,91.0,161.0
2024-01-03T22:13:33Z,run,2024-01-03T22:29:42Z,-8.04840733,-34.95132496,2.440000057220459,91.0,161.0
2024-01-03T22:13:33Z,run,2024-01-03T22:29:43Z,-8.04840933,-34.9512993,2.440000057220459,91.0,160.0
2024-01-03T22:13:33Z,run,2024-01-03T22:29:44Z,-8.04841065,-34.95127098,2.440000057220459,91.0,158.0
2024-01-03T22:13:33Z,run,2024-01-03T22:29:45Z,-8.04841265,-34.95124266,2.440000057220459,91.0,158.0
2024-01-03T22:13:33Z,run,2024-01-03T22:29:46Z,-8.04841532,-34.951216,2.440000057220459,91.0,158.0
2024-01-03T22:13:33Z,run,2024-01-03T22:29:47Z,-8.04841831,-34.95119167,2.440000057220459,91.0,158.0
2024-01-03T22:13:33Z,run,2024-01-03T22:29:48Z,-8.04842164,-34.95116868,2.450000047683716,91.0,158.0
2024-01-03T22:13:33Z,run,2024-01-03T22:29:49Z,-8.0484233,-34.95114569,2.450000047683716,91.0,158.0
2024-01-03T22:13:33Z,run,2024-01-03T22:29:50Z,-8.04842397,-34.95112169,2.4600000381469727,91.0,158.0
2024-01-03T22:13:33Z,run,2024-01-03T22:29:51Z,-8.0484243,-34.9510977,2.4600000381469727,91.0,158.0
2024-01-03T22:13:33Z,run,2024-01-03T22:29:52Z,-8.04842462,-34.9510737,2.4700000286102295,91.0,158.0
2024-01-03T22:13:33Z,run,2024-01-03T22:29:53Z,-8.04842363,-34.95105071,2.4700000286102295,91.0,158.0
2024-01-03T22:13:33Z,run,2024-01-03T22:29:54Z,-8.04842298,-34.95102971,2.4800000190734863,91.0,159.0
2024-01-03T22:13:33Z,run,2024-01-03T22:29:55Z,-8.04842264,-34.95100838,2.4800000190734863,90.0,159.0
2024-01-03T22:13:33Z,run,2024-01-03T22:29:56Z,-8.04842298,-34.95098773,2.490000009536743,90.0,159.0
2024-01-03T22:13:33Z,run,2024-01-03T22:29:57Z,-8.04842363,-34.95096639,2.490000009536743,90.0,159.0
2024-01-03T22:13:33Z,run,2024-01-03T22:29:58Z,-8.04842462,-34.95094406,2.5,90.0,158.0
2024-01-03T22:13:33Z,run,2024-01-03T22:29:59Z,-8.04842596,-34.95091874,2.5,90.0,158.0
2024-01-03T22:13:33Z,run,2024-01-03T22:30:00Z,-8.04842661,-34.95089275,2.5,90.0,158.0
2024-01-03T22:13:33Z,run,2024-01-03T22:30:01Z,-8.0484296,-34.95086775,2.5,89.0,159.0
2024-01-03T22:13:33Z,run,2024-01-03T22:30:02Z,-8.04843193,-34.95084408,2.5,90.0,160.0
2024-01-03T22:13:33Z,run,2024-01-03T22:30:03Z,-8.04843559,-34.95081976,2.5,90.0,159.0
2024-01-03T22:13:33Z,run,2024-01-03T22:30:04Z,-8.04843858,-34.95079609,2.5,90.0,159.0
2024-01-03T22:13:33Z,run,2024-01-03T22:30:05Z,-8.04844024,-34.95077677,2.5,90.0,159.0
2024-01-03T22:13:33Z,run,2024-01-03T22:30:06Z,-8.04843792,-34.95075877,2.509999990463257,91.0,159.0
2024-01-03T22:13:33Z,run,2024-01-03T22:30:07Z,-8.04843392,-34.95073943,2.509999990463257,90.0,160.0
2024-01-03T22:13:33Z,run,2024-01-03T22:30:08Z,-8.04842726,-34.95072144,2.509999990463257,90.0,160.0
2024-01-03T22:13:33Z,run,2024-01-03T22:30:09Z,-8.04841893,-34.95070578,2.509999990463257,90.0,160.0
2024-01-03T22:13:33Z,run,2024-01-03T22:30:10Z,-8.04840827,-34.95069279,2.5,90.0,161.0
2024-01-03T22:13:33Z,run,2024-01-03T22:30:11Z,-8.04839695,-34.95068579,2.5,90.0,161.0
2024-01-03T22:13:33Z,run,2024-01-03T22:30:12Z,-8.04838262,-34.95068345,2.5,90.0,162.0
2024-01-03T22:13:33Z,run,2024-01-03T22:30:13Z,-8.04836762,-34.95068445,2.4800000190734863,90.0,163.0
2024-01-03T22:13:33Z,run,2024-01-03T22:30:14Z,-8.04835096,-34.95068611,2.4800000190734863,90.0,163.0
2024-01-03T22:13:33Z,run,2024-01-03T22:30:15Z,-8.04833329,-34.95068844,2.4600000381469727,90.0,164.0
2024-01-03T22:13:33Z,run,2024-01-03T22:30:16Z,-8.0483153,-34.95069078,2.450000047683716,90.0,164.0
2024-01-03T22:13:33Z,run,2024-01-03T22:30:17Z,-8.04829597,-34.95069045,2.450000047683716,90.0,164.0
2024-01-03T22:13:33Z,run,2024-01-03T22:30:18Z,-8.04827664,-34.95068879,2.450000047683716,91.0,164.0
2024-01-03T22:13:33Z,run,2024-01-03T22:30:19Z,-8.04825798,-34.95068746,2.430000066757202,91.0,164.0
2024-01-03T22:13:33Z,run,2024-01-03T22:30:20Z,-8.04823964,-34.95068714,2.4200000762939453,91.0,164.0
2024-01-03T22:13:33Z,run,2024-01-03T22:30:21Z,-8.04822165,-34.95068813,2.4200000762939453,91.0,164.0
2024-01-03T22:13:33Z,run,2024-01-03T22:30:22Z,-8.04820432,-34.95068813,2.4100000858306885,91.0,164.0
2024-01-03T22:13:33Z,run,2024-01-03T22:30:23Z,-8.04818765,-34.95068813,2.4000000953674316,90.0,164.0
2024-01-03T22:13:33Z,run,2024-01-03T22:30:24Z,-8.04816933,-34.95068546,2.4000000953674316,90.0,164.0
2024-01-03T22:13:33Z,run,2024-01-03T22:30:25Z,-8.04815101,-34.95068046,2.390000104904175,89.0,164.0
2024-01-03T22:13:33Z,run,2024-01-03T22:30:26Z,-8.04813235,-34.95067381,2.390000104904175,88.0,166.0
2024-01-03T22:13:33Z,run,2024-01-03T22:30:27Z,-8.04811203,-34.95066647,2.380000114440918,89.0,167.0
2024-01-03T22:13:33Z,run,2024-01-03T22:30:28Z,-8.0480907,-34.95065848,2.380000114440918,91.0,169.0
2024-01-03T22:13:33Z,run,2024-01-03T22:30:29Z,-8.04807037,-34.95065015,2.369999885559082,91.0,169.0
2024-01-03T22:13:33Z,run,2024-01-03T22:30:30Z,-8.04804938,-34.95064448,2.369999885559082,91.0,169.0
2024-01-03T22:13:33Z,run,2024-01-03T22:30:31Z,-8.04802838,-34.95064215,2.359999895095825,91.0,169.0
2024-01-03T22:13:33Z,run,2024-01-03T22:30:32Z,-8.04800671,-34.95064015,2.359999895095825,90.0,169.0
2024-01-03T22:13:33Z,run,2024-01-03T22:30:33Z,-8.04798438,-34.95063916,2.3499999046325684,89.0,170.0
2024-01-03T22:13:33Z,run,2024-01-03T22:30:33Z,-8.04796039,-34.95063783,2.3499999046325684,88.0,171.0
2024-01-03T22:13:33Z,run,2024-01-03T22:30:34Z,-8.0479364,-34.95063684,2.3499999046325684,88.0,170.0
2024-01-03T22:13:33Z,run,2024-01-03T22:30:35Z,-8.04791308,-34.95063584,2.3499999046325684,88.0,170.0
2024-01-03T22:13:33Z,run,2024-01-03T22:30:36Z,-8.04789042,-34.95063451,2.3499999046325684,89.0,169.0
2024-01-03T22:13:33Z,run,2024-01-03T22:30:37Z,-8.04786776,-34.95063352,2.3499999046325684,89.0,168.0
2024-01-03T22:13:33Z,run,2024-01-03T22:30:38Z,-8.0478461,-34.95063352,2.359999895095825,90.0,167.0
2024-01-03T22:13:33Z,run,2024-01-03T22:30:39Z,-8.04782477,-34.95063385,2.359999895095825,90.0,166.0
2024-01-03T22:13:33Z,run,2024-01-03T22:30:40Z,-8.04780312,-34.9506355,2.359999895095825,90.0,167.0
2024-01-03T22:13:33Z,run,2024-01-03T22:30:41Z,-8.04778146,-34.95063684,2.359999895095825,90.0,167.0
2024-01-03T22:13:33Z,run,2024-01-03T22:30:42Z,-8.04775979,-34.95063849,2.359999895095825,89.0,167.0
2024-01-03T22:13:33Z,run,2024-01-03T22:30:43Z,-8.04773746,-34.95063949,2.359999895095825,89.0,167.0
2024-01-03T22:13:33Z,run,2024-01-03T22:30:44Z,-8.04771547,-34.95064115,2.359999895095825,89.0,167.0
2024-01-03T22:13:33Z,run,2024-01-03T22:30:45Z,-8.04769348,-34.95064248,2.369999885559082,89.0,167.0
2024-01-03T22:13:33Z,run,2024-01-03T22:30:46Z,-8.04767215,-34.95064448,2.369999885559082,89.0,168.0
2024-01-03T22:13:33Z,run,2024-01-03T22:30:47Z,-8.04765082,-34.95064514,2.369999885559082,89.0,168.0
2024-01-03T22:13:33Z,run,2024-01-03T22:30:48Z,-8.0476295,-34.9506468,2.369999885559082,89.0,167.0
2024-01-03T22:13:33Z,run,2024-01-03T22:30:49Z,-8.04760717,-34.95064945,2.369999885559082,89.0,167.0
2024-01-03T22:13:33Z,run,2024-01-03T22:30:50Z,-8.04758518,-34.95065244,2.369999885559082,89.0,167.0
2024-01-03T22:13:33Z,run,2024-01-03T22:30:51Z,-8.04756351,-34.95065478,2.369999885559082,89.0,169.0
2024-01-03T22:13:33Z,run,2024-01-03T22:30:52Z,-8.04754218,-34.95065644,2.369999885559082,89.0,169.0
2024-01-03T22:13:33Z,run,2024-01-03T22:30:53Z,-8.04752019,-34.95065777,2.369999885559082,89.0,169.0
2024-01-03T22:13:33Z,run,2024-01-03T22:30:54Z,-8.04749852,-34.95065877,2.369999885559082,89.0,169.0
2024-01-03T22:13:33Z,run,2024-01-03T22:30:55Z,-8.0474762,-34.95066042,2.380000114440918,89.0,169.0
2024-01-03T22:13:33Z,run,2024-01-03T22:30:56Z,-8.04745253,-34.95066075,2.380000114440918,90.0,169.0
2024-01-03T22:13:33Z,run,2024-01-03T22:30:57Z,-8.04742987,-34.95066208,2.380000114440918,90.0,167.0
2024-01-03T22:13:33Z,run,2024-01-03T22:30:58Z,-8.04740722,-34.95066075,2.380000114440918,90.0,167.0
2024-01-03T22:13:33Z,run,2024-01-03T22:30:59Z,-8.04738355,-34.95065742,2.380000114440918,90.0,167.0
2024-01-03T22:13:33Z,run,2024-01-03T22:31:00Z,-8.04735888,-34.95065276,2.380000114440918,90.0,167.0
2024-01-03T22:13:33Z,run,2024-01-03T22:31:01Z,-8.04733489,-34.9506501,2.380000114440918,90.0,166.0
2024-01-03T22:13:33Z,run,2024-01-03T22:31:02Z,-8.04731256,-34.95064843,2.390000104904175,90.0,166.0
2024-01-03T22:13:33Z,run,2024-01-03T22:31:03Z,-8.04729124,-34.9506461,2.390000104904175,90.0,167.0
2024-01-03T22:13:33Z,run,2024-01-03T22:31:04Z,-8.04727124,-34.95064043,2.390000104904175,90.0,167.0
2024-01-03T22:13:33Z,run,2024-01-03T22:31:05Z,-8.04725024,-34.95063543,2.390000104904175,90.0,167.0
2024-01-03T22:13:33Z,run,2024-01-03T22:31:06Z,-8.04722825,-34.95062911,2.4000000953674316,89.0,167.0
2024-01-03T22:13:33Z,run,2024-01-03T22:31:07Z,-8.04720725,-34.95062444,2.4000000953674316,89.0,166.0
2024-01-03T22:13:33Z,run,2024-01-03T22:31:08Z,-8.04718492,-34.95062012,2.4000000953674316,90.0,166.0
2024-01-03T22:13:33Z,run,2024-01-03T22:31:09Z,-8.04716259,-34.9506168,2.4000000953674316,90.0,166.0
2024-01-03T22:13:33Z,run,2024-01-03T22:31:10Z,-8.04713993,-34.95061347,2.4100000858306885,90.0,167.0
2024-01-03T22:13:33Z,run,2024-01-03T22:31:11Z,-8.0471156,-34.95060914,2.4100000858306885,90.0,167.0
2024-01-03T22:13:33Z,run,2024-01-03T22:31:12Z,-8.04709194,-34.95060515,2.4100000858306885,90.0,167.0
2024-01-03T22:13:33Z,run,2024-01-03T22:31:13Z,-8.04706894,-34.95060282,2.4100000858306885,90.0,167.0
2024-01-03T22:13:33Z,run,2024-01-03T22:31:14Z,-8.04704729,-34.95060015,2.4100000858306885,90.0,167.0
2024-01-03T22:13:33Z,run,2024-01-03T22:31:15Z,-8.04702596,-34.95059782,2.4200000762939453,90.0,167.0
2024-01-03T22:13:33Z,run,2024-01-03T22:31:16Z,-8.04700431,-34.95059548,2.4200000762939453,90.0,167.0
2024-01-03T22:13:33Z,run,2024-01-03T22:31:17Z,-8.04698331,-34.95059315,2.4200000762939453,90.0,167.0
2024-01-03T22:13:33Z,run,2024-01-03T22:31:18Z,-8.04696231,-34.95059048,2.4200000762939453,91.0,168.0
2024-01-03T22:13:33Z,run,2024-01-03T22:31:19Z,-8.04694098,-34.95058749,2.4200000762939453,91.0,168.0
2024-01-03T22:13:33Z,run,2024-01-03T22:31:20Z,-8.04691899,-34.95058384,2.4200000762939453,90.0,167.0
2024-01-03T22:13:33Z,run,2024-01-03T22:31:21Z,-8.04689633,-34.95058051,2.4200000762939453,90.0,167.0
2024-01-03T22:13:33Z,run,2024-01-03T22:31:22Z,-8.04687434,-34.95057651,2.4200000762939453,89.0,169.0
2024-01-03T22:13:33Z,run,2024-01-03T22:31:23Z,-8.04685267,-34.95057286,2.4200000762939453,89.0,169.0
2024-01-03T22:13:33Z,run,2024-01-03T22:31:24Z,-8.04683135,-34.9505692,2.4200000762939453,89.0,168.0
2024-01-03T22:13:33Z,run,2024-01-03T22:31:25Z,-8.04681035,-34.9505672,2.4200000762939453,90.0,168.0
2024-01-03T22:13:33Z,run,2024-01-03T22:31:26Z,-8.04678969,-34.95056654,2.4200000762939453,90.0,168.0
2024-01-03T22:13:33Z,run,2024-01-03T22:31:27Z,-8.04676969,-34.9505672,2.4200000762939453,90.0,168.0
2024-01-03T22:13:33Z,run,2024-01-03T22:31:28Z,-8.04675037,-34.95056654,2.4200000762939453,90.0,168.0
2024-01-03T22:13:33Z,run,2024-01-03T22:31:29Z,-8.0467307,-34.95056555,2.4200000762939453,90.0,168.0
2024-01-03T22:13:33Z,run,2024-01-03T22:31:30Z,-8.04671103,-34.95056322,2.4200000762939453,90.0,168.0
2024-01-03T22:13:33Z,run,2024-01-03T22:31:31Z,-8.04669104,-34.95055989,2.4200000762939453,90.0,167.0
2024-01-03T22:13:33Z,run,2024-01-03T22:31:32Z,-8.04667072,-34.95055623,2.4100000858306885,90.0,166.0
2024-01-03T22:13:33Z,run,2024-01-03T22:31:33Z,-8.0466504,-34.95055423,2.4000000953674316,90.0,166.0
2024-01-03T22:13:33Z,run,2024-01-03T22:31:34Z,-8.0466304,-34.95055391,2.4000000953674316,88.0,166.0
2024-01-03T22:13:33Z,run,2024-01-03T22:31:35Z,-8.04661174,-34.95055491,2.390000104904175,85.0,166.0
2024-01-03T22:13:33Z,run,2024-01-03T22:31:36Z,-8.04659707,-34.95055656,2.390000104904175,85.0,166.0
2024-01-03T22:13:33Z,run,2024-01-03T22:31:37Z,-8.04658841,-34.95055756,2.390000104904175,85.0,166.0
2024-01-03T22:13:33Z,run,2024-01-03T22:31:38Z,-8.04658575,-34.95055789,2.380000114440918,85.0,166.0
2024-01-03T22:13:33Z,run,2024-01-03T22:31:39Z,-8.04658908,-34.95055522,2.380000114440918,86.0,167.0
2024-01-03T22:13:33Z,run,2024-01-03T22:31:40Z,-8.04659874,-34.95055156,2.359999895095825,87.0,167.0
2024-01-03T22:13:33Z,run,2024-01-03T22:31:41Z,-8.04661374,-34.9505459,2.3299999237060547,88.0,169.0
2024-01-03T22:13:33Z,run,2024-01-03T22:31:42Z,-8.0466344,-34.95053857,2.3299999237060547,88.0,169.0
2024-01-03T22:13:33Z,run,2024-01-03T22:31:43Z,-8.04665873,-34.95053024,1.899999976158142,89.0,170.0
2024-01-03T22:13:33Z,run,2024-01-03T22:31:44Z,-8.04668473,-34.95052191,1.4800000190734863,88.0,173.0
2024-01-03T22:13:33Z,run,2024-01-03T22:31:45Z,-8.04670939,-34.95051592,1.5800000429153442,88.0,174.0
2024-01-03T22:13:33Z,run,2024-01-03T22:31:46Z,-8.04673539,-34.95051192,1.9199999570846558,89.0,176.0
2024-01-03T22:13:33Z,run,2024-01-03T22:31:47Z,-8.04676072,-34.95050893,2.2699999809265137,88.0,176.0
2024-01-03T22:13:33Z,run,2024-01-03T22:31:48Z,-8.04678538,-34.9505066,2.2699999809265137,88.0,176.0
2024-01-03T22:13:33Z,run,2024-01-03T22:31:49Z,-8.04680838,-34.95050627,2.490000009536743,89.0,176.0
2024-01-03T22:13:33Z,run,2024-01-03T22:31:50Z,-8.04682938,-34.95050627,2.609999895095825,88.0,176.0
2024-01-03T22:13:33Z,run,2024-01-03T22:31:51Z,-8.04684837,-34.95050694,2.609999895095825,88.0,176.0
2024-01-03T22:13:33Z,run,2024-01-03T22:31:52Z,-8.04686602,-34.95050793,2.619999885559082,88.0,175.0
2024-01-03T22:13:33Z,run,2024-01-03T22:31:53Z,-8.04688202,-34.95050858,2.630000114440918,88.0,176.0
2024-01-03T22:13:33Z,run,2024-01-03T22:31:54Z,-8.04689901,-34.95050924,2.630000114440918,88.0,176.0
2024-01-03T22:13:33Z,run,2024-01-03T22:31:55Z,-8.04691668,-34.95050991,2.549999952316284,88.0,175.0
2024-01-03T22:13:33Z,run,2024-01-03T22:31:56Z,-8.04693601,-34.95051123,2.4000000953674316,88.0,174.0
2024-01-03T22:13:33Z,run,2024-01-03T22:31:57Z,-8.04695534,-34.95051189,2.319999933242798,88.0,173.0
2024-01-03T22:13:33Z,run,2024-01-03T22:31:58Z,-8.04697566,-34.95051355,2.2799999713897705,88.0,174.0
2024-01-03T22:13:33Z,run,2024-01-03T22:31:59Z,-8.04699632,-34.95051522,2.2699999809265137,88.0,175.0
2024-01-03T22:13:33Z,run,2024-01-03T22:32:00Z,-8.04701965,-34.95051789,2.2699999809265137,88.0,175.0
2024-01-03T22:13:33Z,run,2024-01-03T22:32:01Z,-8.04704231,-34.95052288,2.2699999809265137,89.0,175.0
2024-01-03T22:13:33Z,run,2024-01-03T22:32:02Z,-8.04706464,-34.95052853,2.2899999618530273,89.0,175.0
2024-01-03T22:13:33Z,run,2024-01-03T22:32:03Z,-8.0470863,-34.95053387,2.3399999141693115,89.0,176.0
2024-01-03T22:13:33Z,run,2024-01-03T22:32:04Z,-8.04710662,-34.95053853,2.390000104904175,89.0,176.0
2024-01-03T22:13:33Z,run,2024-01-03T22:32:05Z,-8.04712694,-34.95054452,2.4000000953674316,89.0,176.0
2024-01-03T22:13:33Z,run,2024-01-03T22:32:06Z,-8.04714728,-34.95055019,2.4000000953674316,89.0,176.0
2024-01-03T22:13:33Z,run,2024-01-03T22:32:07Z,-8.0471676,-34.95055519,2.4000000953674316,89.0,177.0
2024-01-03T22:13:33Z,run,2024-01-03T22:32:08Z,-8.04718826,-34.95055885,2.390000104904175,89.0,177.0
2024-01-03T22:13:33Z,run,2024-01-03T22:32:09Z,-8.04720959,-34.95056184,2.380000114440918,88.0,177.0
2024-01-03T22:13:33Z,run,2024-01-03T22:32:10Z,-8.04723125,-34.95056516,2.359999895095825,89.0,177.0
2024-01-03T22:13:33Z,run,2024-01-03T22:32:11Z,-8.0472529,-34.95056683,2.359999895095825,88.0,177.0
2024-01-03T22:13:33Z,run,2024-01-03T22:32:12Z,-8.0472739,-34.95056617,2.359999895095825,88.0,177.0
2024-01-03T22:13:33Z,run,2024-01-03T22:32:13Z,-8.0472939,-34.9505625,2.359999895095825,89.0,177.0
2024-01-03T22:13:33Z,run,2024-01-03T22:32:14Z,-8.04731357,-34.95055118,2.359999895095825,88.0,177.0
2024-01-03T22:13:33Z,run,2024-01-03T22:32:15Z,-8.04733323,-34.95053786,2.359999895095825,88.0,178.0
2024-01-03T22:13:33Z,run,2024-01-03T22:32:16Z,-8.04735423,-34.95052719,2.380000114440918,88.0,178.0
2024-01-03T22:13:33Z,run,2024-01-03T22:32:17Z,-8.04737489,-34.95051986,2.430000066757202,88.0,179.0
2024-01-03T22:13:33Z,run,2024-01-03T22:32:18Z,-8.04739522,-34.95051719,2.430000066757202,88.0,179.0
2024-01-03T22:13:33Z,run,2024-01-03T22:32:19Z,-8.04741588,-34.95051687,2.4600000381469727,88.0,179.0
2024-01-03T22:13:33Z,run,2024-01-03T22:32:20Z,-8.04743721,-34.95051853,2.4600000381469727,88.0,179.0
2024-01-03T22:13:33Z,run,2024-01-03T22:32:21Z,-8.04745787,-34.95051853,2.4600000381469727,88.0,178.0
2024-01-03T22:13:33Z,run,2024-01-03T22:32:22Z,-8.04747953,-34.95051952,2.4600000381469727,88.0,179.0
2024-01-03T22:13:33Z,run,2024-01-03T22:32:23Z,-8.04749986,-34.95052186,2.4600000381469727,88.0,181.0
2024-01-03T22:13:33Z,run,2024-01-03T22:32:24Z,-8.04752085,-34.95052386,2.4600000381469727,88.0,181.0
2024-01-03T22:13:33Z,run,2024-01-03T22:32:25Z,-8.04754185,-34.95052751,2.4600000381469727,88.0,182.0
2024-01-03T22:13:33Z,run,2024-01-03T22:32:26Z,-8.04756485,-34.95052951,2.450000047683716,88.0,183.0
2024-01-03T22:13:33Z,run,2024-01-03T22:32:27Z,-8.04758819,-34.95052851,2.450000047683716,88.0,183.0
2024-01-03T22:13:33Z,run,2024-01-03T22:32:28Z,-8.04761018,-34.95052619,2.450000047683716,88.0,184.0
2024-01-03T22:13:33Z,run,2024-01-03T22:32:29Z,-8.04763084,-34.95052386,2.440000057220459,89.0,184.0
2024-01-03T22:13:33Z,run,2024-01-03T22:32:30Z,-8.04765217,-34.95052186,2.440000057220459,89.0,184.0
2024-01-03T22:13:33Z,run,2024-01-03T22:32:31Z,-8.04767349,-34.9505212,2.440000057220459,88.0,182.0
2024-01-03T22:13:33Z,run,2024-01-03T22:32:32Z,-8.04769516,-34.95052152,2.440000057220459,88.0,180.0
2024-01-03T22:13:33Z,run,2024-01-03T22:32:33Z,-8.04771715,-34.95052419,2.430000066757202,88.0,180.0
2024-01-03T22:13:33Z,run,2024-01-03T22:32:34Z,-8.04773848,-34.95052818,2.430000066757202,89.0,180.0
2024-01-03T22:13:33Z,run,2024-01-03T22:32:35Z,-8.04775914,-34.95053285,2.440000057220459,89.0,181.0
2024-01-03T22:13:33Z,run,2024-01-03T22:32:36Z,-8.04778046,-34.95053684,2.440000057220459,89.0,181.0
2024-01-03T22:13:33Z,run,2024-01-03T22:32:37Z,-8.04780179,-34.9505405,2.440000057220459,89.0,180.0
2024-01-03T22:13:33Z,run,2024-01-03T22:32:38Z,-8.04782312,-34.95054416,2.440000057220459,89.0,179.0
2024-01-03T22:13:33Z,run,2024-01-03T22:32:39Z,-8.04784244,-34.95054482,2.440000057220459,88.0,178.0
2024-01-03T22:13:33Z,run,2024-01-03T22:32:40Z,-8.04786077,-34.95054482,2.440000057220459,88.0,178.0
2024-01-03T22:13:33Z,run,2024-01-03T22:32:41Z,-8.0478791,-34.95054547,2.440000057220459,88.0,178.0
2024-01-03T22:13:33Z,run,2024-01-03T22:32:42Z,-8.04789809,-34.95054547,2.440000057220459,88.0,178.0
2024-01-03T22:13:33Z,run,2024-01-03T22:32:43Z,-8.04791742,-34.95054515,2.440000057220459,88.0,178.0
2024-01-03T22:13:33Z,run,2024-01-03T22:32:44Z,-8.04793709,-34.95054515,2.440000057220459,88.0,179.0
2024-01-03T22:13:33Z,run,2024-01-03T22:32:45Z,-8.04795774,-34.95054547,2.430000066757202,88.0,179.0
2024-01-03T22:13:33Z,run,2024-01-03T22:32:46Z,-8.04797808,-34.9505458,2.430000066757202,88.0,179.0
2024-01-03T22:13:33Z,run,2024-01-03T22:32:47Z,-8.04799808,-34.9505468,2.4200000762939453,88.0,180.0
2024-01-03T22:13:33Z,run,2024-01-03T22:32:48Z,-8.04801673,-34.9505468,2.4200000762939453,88.0,180.0
2024-01-03T22:13:33Z,run,2024-01-03T22:32:49Z,-8.04803607,-34.95054779,2.4200000762939453,88.0,180.0
2024-01-03T22:13:33Z,run,2024-01-03T22:32:50Z,-8.04805606,-34.95054844,2.4100000858306885,88.0,179.0
2024-01-03T22:13:33Z,run,2024-01-03T22:32:51Z,-8.04807638,-34.95054911,2.4000000953674316,88.0,179.0
2024-01-03T22:13:33Z,run,2024-01-03T22:32:52Z,-8.0480967,-34.95054879,2.4000000953674316,88.0,179.0
2024-01-03T22:13:33Z,run,2024-01-03T22:32:53Z,-8.0481177,-34.95054845,2.390000104904175,88.0,181.0
2024-01-03T22:13:33Z,run,2024-01-03T22:32:54Z,-8.04813803,-34.95054845,2.390000104904175,89.0,182.0
2024-01-03T22:13:33Z,run,2024-01-03T22:32:55Z,-8.04815903,-34.9505478,2.390000104904175,89.0,182.0
2024-01-03T22:13:33Z,run,2024-01-03T22:32:56Z,-8.04818068,-34.95054747,2.380000114440918,89.0,182.0
2024-01-03T22:13:33Z,run,2024-01-03T22:32:57Z,-8.04820335,-34.95054682,2.380000114440918,88.0,182.0
2024-01-03T22:13:33Z,run,2024-01-03T22:32:58Z,-8.04822601,-34.95054515,2.380000114440918,88.0,181.0
2024-01-03T22:13:33Z,run,2024-01-03T22:32:59Z,-8.04824866,-34.95054349,2.380000114440918,89.0,181.0
2024-01-03T22:13:33Z,run,2024-01-03T22:33:00Z,-8.04827166,-34.95054216,2.380000114440918,89.0,181.0
2024-01-03T22:13:33Z,run,2024-01-03T22:33:01Z,-8.04829399,-34.9505415,2.369999885559082,89.0,181.0
2024-01-03T22:13:33Z,run,2024-01-03T22:33:02Z,-8.04831564,-34.9505415,2.380000114440918,88.0,182.0
2024-01-03T22:13:33Z,run,2024-01-03T22:33:03Z,-8.04833731,-34.95054216,2.380000114440918,88.0,182.0
2024-01-03T22:13:33Z,run,2024-01-03T22:33:04Z,-8.04835964,-34.95054416,2.380000114440918,88.0,182.0
2024-01-03T22:13:33Z,run,2024-01-03T22:33:05Z,-8.0483823,-34.95054649,2.380000114440918,88.0,183.0
2024-01-03T22:13:33Z,run,2024-01-03T22:33:06Z,-8.04840562,-34.95054982,2.380000114440918,88.0,183.0
2024-01-03T22:13:33Z,run,2024-01-03T22:33:07Z,-8.04842828,-34.95055314,2.380000114440918,88.0,183.0
2024-01-03T22:13:33Z,run,2024-01-03T22:33:08Z,-8.04845028,-34.95055881,2.380000114440918,89.0,183.0
2024-01-03T22:13:33Z,run,2024-01-03T22:33:09Z,-8.04847094,-34.95056614,2.390000104904175,88.0,183.0
2024-01-03T22:13:33Z,run,2024-01-03T22:33:10Z,-8.04848859,-34.9505778,2.390000104904175,88.0,182.0
2024-01-03T22:13:33Z,run,2024-01-03T22:33:11Z,-8.04850225,-34.95059279,2.390000104904175,86.0,182.0
2024-01-03T22:13:33Z,run,2024-01-03T22:33:12Z,-8.04851258,-34.95060879,2.390000104904175,86.0,182.0
2024-01-03T22:13:33Z,run,2024-01-03T22:33:13Z,-8.04852058,-34.95062444,2.390000104904175,86.0,182.0
2024-01-03T22:13:33Z,run,2024-01-03T22:33:14Z,-8.04852591,-34.95063811,2.390000104904175,86.0,181.0
2024-01-03T22:13:33Z,run,2024-01-03T22:33:15Z,-8.04852924,-34.95065178,2.390000104904175,86.0,180.0
2024-01-03T22:13:33Z,run,2024-01-03T22:33:16Z,-8.04853223,-34.95066544,2.380000114440918,86.0,180.0
2024-01-03T22:13:33Z,run,2024-01-03T22:33:17Z,-8.04853323,-34.95067911,2.369999885559082,86.0,178.0
2024-01-03T22:13:33Z,run,2024-01-03T22:33:18Z,-8.04853156,-34.95069343,2.3499999046325684,86.0,178.0
2024-01-03T22:13:33Z,run,2024-01-03T22:33:19Z,-8.04852891,-34.95071042,2.3499999046325684,86.0,178.0
2024-01-03T22:13:33Z,run,2024-01-03T22:33:20Z,-8.04852592,-34.95072976,1.8899999856948853,87.0,178.0
2024-01-03T22:13:33Z,run,2024-01-03T22:33:21Z,-8.04852426,-34.95075176,1.4299999475479126,87.0,179.0
2024-01-03T22:13:33Z,run,2024-01-03T22:33:22Z,-8.04852326,-34.95077508,1.4299999475479126,87.0,180.0
2024-01-03T22:13:33Z,run,2024-01-03T22:33:23Z,-8.0485206,-34.95079741,1.5099999904632568,87.0,180.0
2024-01-03T22:13:33Z,run,2024-01-03T22:33:24Z,-8.04851727,-34.95081975,1.75,87.0,181.0
2024-01-03T22:13:33Z,run,2024-01-03T22:33:25Z,-8.04851394,-34.95084141,1.75,87.0,181.0
2024-01-03T22:13:33Z,run,2024-01-03T22:33:26Z,-8.0485076,-34.95086174,2.0399999618530273,87.0,180.0
2024-01-03T22:13:33Z,run,2024-01-03T22:33:27Z,-8.04850195,-34.95088039,2.2300000190734863,87.0,180.0
2024-01-03T22:13:33Z,run,2024-01-03T22:33:28Z,-8.04849761,-34.95089806,2.2899999618530273,88.0,181.0
2024-01-03T22:13:33Z,run,2024-01-03T22:33:29Z,-8.04849395,-34.95091739,2.2899999618530273,88.0,181.0
2024-01-03T22:13:33Z,run,2024-01-03T22:33:30Z,-8.04849062,-34.95093772,2.25,88.0,181.0
2024-01-03T22:13:33Z,run,2024-01-03T22:33:31Z,-8.04848763,-34.95095871,2.25,88.0,181.0
2024-01-03T22:13:33Z,run,2024-01-03T22:33:32Z,-8.0484853,-34.95098037,2.180000066757202,88.0,180.0
2024-01-03T22:13:33Z,run,2024-01-03T22:33:33Z,-8.04848298,-34.95100271,2.1500000953674316,88.0,180.0
2024-01-03T22:13:33Z,run,2024-01-03T22:33:34Z,-8.04848164,-34.9510257,2.1500000953674316,88.0,180.0
2024-01-03T22:13:33Z,run,2024-01-03T22:33:35Z,-8.04848065,-34.95104803,2.1500000953674316,88.0,179.0
2024-01-03T22:13:33Z,run,2024-01-03T22:33:36Z,-8.04848,-34.9510697,2.1600000858306885,88.0,178.0
2024-01-03T22:13:33Z,run,2024-01-03T22:33:37Z,-8.04847933,-34.95109335,2.1600000858306885,88.0,178.0
2024-01-03T22:13:33Z,run,2024-01-03T22:33:38Z,-8.04848032,-34.95111735,2.180000066757202,89.0,177.0
2024-01-03T22:13:33Z,run,2024-01-03T22:33:39Z,-8.04848132,-34.95114068,2.200000047683716,88.0,177.0
2024-01-03T22:13:33Z,run,2024-01-03T22:33:40Z,-8.04848132,-34.95116367,2.200000047683716,88.0,178.0
2024-01-03T22:13:33Z,run,2024-01-03T22:33:41Z,-8.04848032,-34.95118666,2.2300000190734863,89.0,179.0
2024-01-03T22:13:33Z,run,2024-01-03T22:33:42Z,-8.04848,-34.95120899,2.259999990463257,89.0,180.0
2024-01-03T22:13:33Z,run,2024-01-03T22:33:43Z,-8.04847933,-34.95122999,2.259999990463257,89.0,180.0
2024-01-03T22:13:33Z,run,2024-01-03T22:33:44Z,-8.04847866,-34.95124898,2.2799999713897705,88.0,180.0
2024-01-03T22:13:33Z,run,2024-01-03T22:33:45Z,-8.04847866,-34.95126898,2.2699999809265137,88.0,180.0
2024-01-03T22:13:33Z,run,2024-01-03T22:33:46Z,-8.04847801,-34.9512923,2.2899999618530273,88.0,180.0
2024-01-03T22:13:33Z,run,2024-01-03T22:33:47Z,-8.04847866,-34.95131863,2.299999952316284,89.0,179.0
2024-01-03T22:13:33Z,run,2024-01-03T22:33:48Z,-8.04848032,-34.95134462,2.299999952316284,89.0,179.0
2024-01-03T22:13:33Z,run,2024-01-03T22:33:49Z,-8.04848232,-34.95136928,2.299999952316284,89.0,179.0
2024-01-03T22:13:33Z,run,2024-01-03T22:33:50Z,-8.04848499,-34.95139462,2.319999933242798,88.0,179.0
2024-01-03T22:13:33Z,run,2024-01-03T22:33:51Z,-8.04848931,-34.95141828,2.380000114440918,88.0,179.0
2024-01-03T22:13:33Z,run,2024-01-03T22:33:52Z,-8.0484923,-34.95143994,2.4600000381469727,88.0,179.0
2024-01-03T22:13:33Z,run,2024-01-03T22:33:53Z,-8.0484943,-34.95146127,2.4800000190734863,88.0,179.0
2024-01-03T22:13:33Z,run,2024-01-03T22:33:54Z,-8.04849562,-34.95148361,2.4800000190734863,88.0,179.0
2024-01-03T22:13:33Z,run,2024-01-03T22:33:55Z,-8.04849662,-34.9515076,2.4800000190734863,88.0,179.0
2024-01-03T22:13:33Z,run,2024-01-03T22:33:56Z,-8.04849761,-34.95153193,2.4800000190734863,89.0,179.0
2024-01-03T22:13:33Z,run,2024-01-03T22:33:57Z,-8.04849794,-34.95155559,2.4800000190734863,89.0,179.0
2024-01-03T22:13:33Z,run,2024-01-03T22:33:58Z,-8.04849695,-34.95157959,2.4800000190734863,88.0,179.0
2024-01-03T22:13:33Z,run,2024-01-03T22:33:59Z,-8.04849529,-34.95160591,2.4700000286102295,89.0,178.0
2024-01-03T22:13:33Z,run,2024-01-03T22:34:00Z,-8.04849362,-34.95163123,2.4600000381469727,89.0,176.0
2024-01-03T22:13:33Z,run,2024-01-03T22:34:01Z,-8.04849362,-34.9516559,2.4600000381469727,89.0,176.0
2024-01-03T22:13:33Z,run,2024-01-03T22:34:02Z,-8.04849395,-34.95167956,2.4600000381469727,88.0,175.0
2024-01-03T22:13:33Z,run,2024-01-03T22:34:03Z,-8.04849428,-34.95170256,2.4600000381469727,88.0,176.0
2024-01-03T22:13:33Z,run,2024-01-03T22:34:04Z,-8.04849395,-34.95172521,2.4600000381469727,88.0,176.0
2024-01-03T22:13:33Z,run,2024-01-03T22:34:05Z,-8.04849329,-34.95174721,2.4600000381469727,88.0,176.0
2024-01-03T22:13:33Z,run,2024-01-03T22:34:06Z,-8.04849461,-34.9517712,2.450000047683716,88.0,177.0
2024-01-03T22:13:33Z,run,2024-01-03T22:34:07Z,-8.04849528,-34.9517952,2.450000047683716,88.0,177.0
2024-01-03T22:13:33Z,run,2024-01-03T22:34:08Z,-8.04849461,-34.95182086,2.450000047683716,89.0,177.0
2024-01-03T22:13:33Z,run,2024-01-03T22:34:09Z,-8.04849261,-34.95184552,2.440000057220459,89.0,177.0
2024-01-03T22:13:33Z,run,2024-01-03T22:34:10Z,-8.04848962,-34.95186918,2.430000066757202,88.0,177.0
2024-01-03T22:13:33Z,run,2024-01-03T22:34:11Z,-8.04848596,-34.95189284,2.430000066757202,88.0,178.0
2024-01-03T22:13:33Z,run,2024-01-03T22:34:12Z,-8.0484813,-34.9519155,2.430000066757202,88.0,179.0
2024-01-03T22:13:33Z,run,2024-01-03T22:34:13Z,-8.04847663,-34.95193683,2.430000066757202,88.0,179.0
2024-01-03T22:13:33Z,run,2024-01-03T22:34:14Z,-8.04847231,-34.95195815,2.430000066757202,88.0,179.0
2024-01-03T22:13:33Z,run,2024-01-03T22:34:15Z,-8.04846831,-34.95197715,2.430000066757202,88.0,179.0
2024-01-03T22:13:33Z,run,2024-01-03T22:34:16Z,-8.04846498,-34.95199382,2.4200000762939453,88.0,179.0
2024-01-03T22:13:33Z,run,2024-01-03T22:34:17Z,-8.04846298,-34.95200814,2.390000104904175,88.0,178.0
2024-01-03T22:13:33Z,run,2024-01-03T22:34:18Z,-8.04846099,-34.95202181,2.3299999237060547,88.0,176.0
2024-01-03T22:13:33Z,run,2024-01-03T22:34:19Z,-8.04845699,-34.9520338,2.3299999237060547,88.0,176.0
2024-01-03T22:13:33Z,run,2024-01-03T22:34:20Z,-8.04845033,-34.9520428,2.140000104904175,88.0,175.0
2024-01-03T22:13:33Z,run,2024-01-03T22:34:21Z,-8.048443,-34.95205113,1.8300000429153442,88.0,175.0
2024-01-03T22:13:33Z,run,2024-01-03T22:34:22Z,-8.04843834,-34.95206079,1.5299999713897705,88.0,174.0
2024-01-03T22:13:33Z,run,2024-01-03T22:34:23Z,-8.04843567,-34.95207078,1.3899999856948853,88.0,175.0
2024-01-03T22:13:33Z,run,2024-01-03T22:34:24Z,-8.04843401,-34.95208145,1.409999966621399,88.0,177.0
2024-01-03T22:13:33Z,run,2024-01-03T22:34:25Z,-8.04843268,-34.95209178,1.409999966621399,88.0,177.0
2024-01-03T22:13:33Z,run,2024-01-03T22:34:26Z,-8.04843068,-34.95210245,1.4199999570846558,88.0,177.0
2024-01-03T22:13:33Z,run,2024-01-03T22:34:27Z,-8.04842936,-34.95211311,1.3700000047683716,88.0,177.0
2024-01-03T22:13:33Z,run,2024-01-03T22:34:28Z,-8.04842903,-34.95212344,1.3200000524520874,88.0,176.0
2024-01-03T22:13:33Z,run,2024-01-03T22:34:29Z,-8.04842903,-34.95213377,1.2999999523162842,88.0,174.0
2024-01-03T22:13:33Z,run,2024-01-03T22:34:30Z,-8.04842936,-34.95214444,1.2899999618530273,88.0,172.0
2024-01-03T22:13:33Z,run,2024-01-03T22:34:31Z,-8.04842968,-34.95215576,1.2899999618530273,88.0,172.0
2024-01-03T22:13:33Z,run,2024-01-03T22:34:32Z,-8.04842968,-34.95216708,1.2799999713897705,88.0,171.0
2024-01-03T22:13:33Z,run,2024-01-03T22:34:33Z,-8.04843035,-34.95217775,1.2899999618530273,88.0,172.0
2024-01-03T22:13:33Z,run,2024-01-03T22:34:34Z,-8.04843102,-34.95218707,1.2899999618530273,88.0,174.0
2024-01-03T22:13:33Z,run,2024-01-03T22:34:35Z,-8.04843135,-34.95219541,1.2899999618530273,88.0,175.0
2024-01-03T22:13:33Z,run,2024-01-03T22:34:36Z,-8.04842935,-34.95220273,1.2799999713897705,30.0,177.0
2024-01-03T22:13:33Z,run,2024-01-03T22:34:37Z,-8.04842635,-34.9522104,1.2799999713897705,30.0,177.0
2024-01-03T22:13:33Z,run,2024-01-03T22:34:38Z,-8.04842169,-34.95221773,1.25,29.0,179.0
2024-01-03T22:13:33Z,run,2024-01-03T22:34:39Z,-8.04841769,-34.95222539,1.1699999570846558,29.0,176.0
2024-01-03T22:13:33Z,run,2024-01-03T22:34:40Z,-8.04841604,-34.95223239,1.0199999809265137,28.0,176.0
2024-01-03T22:13:33Z,run,2024-01-03T22:34:41Z,-8.04841504,-34.95223739,0.9300000071525574,28.0,176.0
2024-01-03T22:13:33Z,run,2024-01-03T22:34:42Z,-8.04841405,-34.95224304,0.9300000071525574,28.0,176.0
2024-01-03T22:13:33Z,run,2024-01-03T22:34:43Z,-8.04841239,-34.95224937,0.9300000071525574,28.0,176.0
2024-01-03T22:13:33Z,run,2024-01-03T22:34:44Z,-8.04841006,-34.95225703,0.9300000071525574,28.0,176.0
2024-01-03T22:13:33Z,run,2024-01-03T22:34:45Z,-8.0484084,-34.95226402,0.8899999856948853,28.0,176.0
2024-01-03T22:13:33Z,run,2024-01-03T22:34:46Z,-8.04840674,-34.95227136,0.8199999928474426,28.0,175.0
2024-01-03T22:13:33Z,run,2024-01-03T22:34:47Z,-8.04840508,-34.95227936,0.7699999809265137,28.0,169.0
2024-01-03T22:13:33Z,run,2024-01-03T22:34:48Z,-8.04840374,-34.95229135,0.7599999904632568,28.0,166.0
2024-01-03T22:13:33Z,run,2024-01-03T22:34:48Z,-8.04840142,-34.952304,0.7599999904632568,28.0,166.0
2024-01-03T22:13:33Z,run,2024-01-03T22:34:49Z,-8.04839875,-34.95231334,0.800000011920929,28.0,164.0
2024-01-03T22:13:33Z,run,2024-01-03T22:34:50Z,-8.04839643,-34.95232199,0.8700000047683716,28.0,162.0
2024-01-03T22:13:33Z,run,2024-01-03T22:34:51Z,-8.04839576,-34.95233033,0.8999999761581421,28.0,158.0
2024-01-03T22:13:33Z,run,2024-01-03T22:34:52Z,-8.04839643,-34.95233998,0.8799999952316284,28.0,158.0
2024-01-03T22:13:33Z,run,2024-01-03T22:34:53Z,-8.04839875,-34.95234965,0.9200000166893005,28.0,158.0
2024-01-03T22:13:33Z,run,2024-01-03T22:34:54Z,-8.04840209,-34.95235897,0.9200000166893005,28.0,158.0
2024-01-03T22:13:33Z,run,2024-01-03T22:34:55Z,-8.04840409,-34.9523683,0.949999988079071,28.0,158.0
2024-01-03T22:13:33Z,run,2024-01-03T22:34:56Z,-8.04840441,-34.95238063,0.949999988079071,28.0,158.0
2024-01-03T22:13:33Z,run,2024-01-03T22:34:57Z,-8.04840275,-34.95239395,0.949999988079071,28.0,156.0
2024-01-03T22:13:33Z,run,2024-01-03T22:34:58Z,-8.04839976,-34.95240795,0.9599999785423279,59.0,154.0
2024-01-03T22:13:33Z,run,2024-01-03T22:34:59Z,-8.04839876,-34.95242262,0.9700000286102295,59.0,156.0
2024-01-03T22:13:33Z,run,2024-01-03T22:35:00Z,-8.04839909,-34.95243728,0.9800000190734863,59.0,161.0
2024-01-03T22:13:33Z,run,2024-01-03T22:35:01Z,-8.04839942,-34.95245293,0.9800000190734863,59.0,161.0
2024-01-03T22:13:33Z,run,2024-01-03T22:35:02Z,-8.04839875,-34.9524666,1.0,58.0,165.0
2024-01-03T22:13:33Z,run,2024-01-03T22:35:03Z,-8.04839875,-34.9524796,1.0199999809265137,58.0,156.0
2024-01-03T22:13:33Z,run,2024-01-03T22:35:04Z,-8.04839908,-34.95249159,1.0399999618530273,58.0,156.0
2024-01-03T22:13:33Z,run,2024-01-03T22:35:05Z,-8.04839941,-34.95250325,1.059999942779541,57.0,156.0
2024-01-03T22:13:33Z,run,2024-01-03T22:35:06Z,-8.04840041,-34.95251358,1.0700000524520874,58.0,155.0
2024-01-03T22:13:33Z,run,2024-01-03T22:35:07Z,-8.0484014,-34.95252158,1.0700000524520874,58.0,155.0
2024-01-03T22:13:33Z,run,2024-01-03T22:35:09Z,-8.04840372,-34.9525329,1.090000033378601,59.0,151.0
2024-01-03T22:13:33Z,run,2024-01-03T22:35:10Z,-8.04839906,-34.95252857,1.100000023841858,59.0,150.0
2024-01-03T22:13:33Z,run,2024-01-03T22:35:11Z,-8.04838972,-34.95252125,1.100000023841858,56.0,150.0
2024-01-03T22:13:33Z,run,2024-01-03T22:35:12Z,-8.04838007,-34.95251191,1.100000023841858,56.0,149.0
2024-01-03T22:13:33Z,run,2024-01-03T22:35:13Z,-8.04837174,-34.95250259,1.100000023841858,56.0,149.0
2024-01-03T22:13:33Z,run,2024-01-03T22:35:14Z,-8.04836409,-34.95249192,1.100000023841858,55.0,147.0
2024-01-03T22:13:33Z,run,2024-01-03T22:35:15Z,-8.04835642,-34.95248027,1.100000023841858,53.0,146.0
2024-01-03T22:13:33Z,run,2024-01-03T22:35:16Z,-8.04834776,-34.95246627,1.100000023841858,53.0,143.0
2024-01-03T22:13:33Z,run,2024-01-03T22:35:17Z,-8.04834043,-34.95245094,1.100000023841858,53.0,139.0
2024-01-03T22:13:33Z,run,2024-01-03T22:35:18Z,-8.04833377,-34.95243561,1.1100000143051147,52.0,137.0
2024-01-03T22:13:33Z,run,2024-01-03T22:35:19Z,-8.04832844,-34.95242329,1.1100000143051147,52.0,137.0
2024-01-03T22:13:33Z,run,2024-01-03T22:35:20Z,-8.04832345,-34.95241495,1.1299999952316284,54.0,135.0
2024-01-03T22:13:33Z,run,2024-01-03T22:35:21Z,-8.04831979,-34.95241163,1.1399999856948853,54.0,134.0
2024-01-03T22:13:33Z,run,2024-01-03T22:35:22Z,-8.04831646,-34.95240963,1.159999966621399,54.0,136.0
2024-01-03T22:13:33Z,run,2024-01-03T22:35:23Z,-8.04831579,-34.95240696,1.1699999570846558,58.0,138.0
2024-01-03T22:13:33Z,run,2024-01-03T22:35:24Z,-8.04831514,-34.95240331,1.1699999570846558,58.0,140.0
2024-01-03T22:13:33Z,run,2024-01-03T22:35:25Z,-8.04831514,-34.95239831,1.1699999570846558,58.0,140.0
2024-01-03T22:13:33Z,run,2024-01-03T22:35:26Z,-8.04831447,-34.95238997,1.149999976158142,59.0,143.0
2024-01-03T22:13:33Z,run,2024-01-03T22:35:27Z,-8.04831315,-34.95237832,1.1299999952316284,59.0,145.0
2024-01-03T22:13:33Z,run,2024-01-03T22:35:28Z,-8.04831348,-34.95236465,0.8500000238418579,59.0,140.0
2024-01-03T22:13:33Z,run,2024-01-03T22:35:29Z,-8.04831447,-34.95235033,0.5899999737739563,61.0,145.0
2024-01-03T22:13:33Z,run,2024-01-03T22:35:30Z,-8.04831714,-34.95233699,0.7200000286102295,63.0,141.0
2024-01-03T22:13:33Z,run,2024-01-03T22:35:31Z,-8.04832013,-34.95232567,0.7200000286102295,63.0,141.0
2024-01-03T22:13:33Z,run,2024-01-03T22:35:32Z,-8.04832312,-34.95231534,1.0,63.0,141.0
2024-01-03T22:13:33Z,run,2024-01-03T22:35:33Z,-8.04832578,-34.95230368,1.1799999475479126,59.0,145.0
2024-01-03T22:13:33Z,run,2024-01-03T22:35:34Z,-8.04832777,-34.95229202,1.2200000286102295,59.0,141.0
2024-01-03T22:13:33Z,run,2024-01-03T22:35:35Z,-8.04832911,-34.9522797,1.2100000381469727,59.0,141.0
2024-01-03T22:13:33Z,run,2024-01-03T22:35:36Z,-8.04832678,-34.95226504,1.2100000381469727,60.0,141.0
2024-01-03T22:13:33Z,run,2024-01-03T22:35:37Z,-8.04832312,-34.95224938,1.2100000381469727,60.0,141.0
2024-01-03T22:13:33Z,run,2024-01-03T22:35:38Z,-8.04831946,-34.95223371,1.2200000286102295,60.0,140.0
2024-01-03T22:13:33Z,run,2024-01-03T22:35:39Z,-8.04831714,-34.95222039,1.2200000286102295,62.0,139.0
2024-01-03T22:13:33Z,run,2024-01-03T22:35:40Z,-8.04831747,-34.95220905,1.2300000190734863,60.0,139.0
2024-01-03T22:13:33Z,run,2024-01-03T22:35:41Z,-8.04832013,-34.95219939,1.2300000190734863,60.0,140.0
2024-01-03T22:13:33Z,run,2024-01-03T22:35:42Z,-8.04832413,-34.95218839,1.2699999809265137,60.0,140.0
2024-01-03T22:13:33Z,run,2024-01-03T22:35:43Z,-8.04832712,-34.9521784,1.2699999809265137,60.0,140.0
2024-01-03T22:13:33Z,run,2024-01-03T22:35:44Z,-8.04832977,-34.9521674,1.2999999523162842,61.0,140.0
2024-01-03T22:13:33Z,run,2024-01-03T22:35:45Z,-8.04833111,-34.95215541,1.2799999713897705,61.0,141.0
2024-01-03T22:13:33Z,run,2024-01-03T22:35:46Z,-8.04833176,-34.95214607,1.2599999904632568,61.0,142.0
2024-01-03T22:13:33Z,run,2024-01-03T22:35:47Z,-8.04833243,-34.95213774,1.25,61.0,142.0
2024-01-03T22:13:33Z,run,2024-01-03T22:35:48Z,-8.04833176,-34.95212908,1.25,61.0,143.0
2024-01-03T22:13:33Z,run,2024-01-03T22:35:49Z,-8.0483301,-34.95212009,1.25,61.0,143.0
2024-01-03T22:13:33Z,run,2024-01-03T22:35:50Z,-8.04832844,-34.95211009,1.1799999475479126,63.0,143.0
2024-01-03T22:13:33Z,run,2024-01-03T22:35:51Z,-8.04832745,-34.95210044,1.1100000143051147,62.0,143.0
2024-01-03T22:13:33Z,run,2024-01-03T22:35:52Z,-8.04832678,-34.9520921,1.0399999618530273,62.0,143.0
2024-01-03T22:13:33Z,run,2024-01-03T22:35:53Z,-8.04832678,-34.95208211,0.9700000286102295,62.0,142.0
2024-01-03T22:13:33Z,run,2024-01-03T22:35:54Z,-8.04832645,-34.95207078,0.9700000286102295,62.0,142.0
2024-01-03T22:13:33Z,run,2024-01-03T22:35:55Z,-8.04832645,-34.95205846,0.9700000286102295,62.0,142.0
2024-01-03T22:13:33Z,run,2024-01-03T22:35:56Z,-8.04832712,-34.95204746,0.9800000190734863,62.0,142.0
2024-01-03T22:13:33Z,run,2024-01-03T22:35:57Z,-8.04832712,-34.95203713,1.0,62.0,142.0
2024-01-03T22:13:33Z,run,2024-01-03T22:35:58Z,-8.04832613,-34.95202713,1.0099999904632568,62.0,143.0
2024-01-03T22:13:33Z,run,2024-01-03T22:35:59Z,-8.04832513,-34.95201747,1.0099999904632568,62.0,144.0
2024-01-03T22:13:33Z,run,2024-01-03T22:36:00Z,-8.04832513,-34.95200781,1.0,62.0,145.0
2024-01-03T22:13:33Z,run,2024-01-03T22:36:01Z,-8.04832645,-34.95199748,1.0,62.0,145.0
2024-01-03T22:13:33Z,run,2024-01-03T22:36:02Z,-8.04832812,-34.95198614,1.0,62.0,145.0
2024-01-03T22:13:33Z,run,2024-01-03T22:36:03Z,-8.04833044,-34.95197415,1.0099999904632568,62.0,145.0
2024-01-03T22:13:33Z,run,2024-01-03T22:36:04Z,-8.0483321,-34.95196116,1.0,62.0,145.0
2024-01-03T22:13:33Z,run,2024-01-03T22:36:05Z,-8.0483341,-34.95194916,1.0099999904632568,62.0,145.0
2024-01-03T22:13:33Z,run,2024-01-03T22:36:06Z,-8.04833776,-34.95193951,1.0099999904632568,62.0,144.0
2024-01-03T22:13:33Z,run,2024-01-03T22:36:07Z,-8.04834175,-34.95193085,1.0099999904632568,62.0,144.0
2024-01-03T22:13:33Z,run,2024-01-03T22:36:08Z,-8.04834742,-34.95192219,1.0099999904632568,62.0,144.0
2024-01-03T22:13:33Z,run,2024-01-03T22:36:08Z,-8.04835374,-34.95191419,1.0199999809265137,62.0,143.0
2024-01-03T22:13:33Z,run,2024-01-03T22:36:09Z,-8.04836308,-34.9519052,1.0199999809265137,62.0,142.0
2024-01-03T22:13:33Z,run,2024-01-03T22:36:10Z,-8.04837341,-34.9518962,1.0299999713897705,62.0,141.0
2024-01-03T22:13:33Z,run,2024-01-03T22:36:11Z,-8.0483834,-34.95188821,1.0299999713897705,62.0,141.0
2024-01-03T22:13:33Z,run,2024-01-03T22:36:12Z,-8.04839107,-34.95188155,1.0299999713897705,62.0,141.0
2024-01-03T22:13:33Z,run,2024-01-03T22:36:13Z,-8.04839739,-34.95187655,1.0399999618530273,62.0,142.0
2024-01-03T22:13:33Z,run,2024-01-03T22:36:14Z,-8.04840472,-34.95186889,1.0299999713897705,62.0,142.0
2024-01-03T22:13:33Z,run,2024-01-03T22:36:15Z,-8.04841372,-34.95186056,1.0299999713897705,62.0,141.0
2024-01-03T22:13:33Z,run,2024-01-03T22:36:16Z,-8.04842471,-34.95185256,1.0299999713897705,62.0,141.0
2024-01-03T22:13:33Z,run,2024-01-03T22:36:17Z,-8.04843571,-34.95184556,1.0299999713897705,62.0,141.0
2024-01-03T22:13:33Z,run,2024-01-03T22:36:18Z,-8.04844604,-34.9518419,1.0299999713897705,62.0,141.0
2024-01-03T22:13:33Z,run,2024-01-03T22:36:19Z,-8.04845504,-34.95184289,1.0299999713897705,62.0,141.0
2024-01-03T22:13:33Z,run,2024-01-03T22:36:21Z,-8.04846204,-34.95184789,1.0299999713897705,62.0,140.0
2024-01-03T22:13:33Z,run,2024-01-03T22:36:21Z,-8.04846703,-34.95185222,1.0299999713897705,62.0,140.0
2024-01-03T22:13:33Z,run,2024-01-03T22:36:24Z,-8.04847536,-34.95186322,1.0299999713897705,62.0,140.0
2024-01-03T22:13:33Z,run,2024-01-03T22:36:26Z,-8.04848035,-34.95186488,1.0299999713897705,62.0,139.0
2024-01-03T22:13:33Z,run,2024-01-03T22:36:27Z,-8.04848102,-34.9518652,1.0299999713897705,62.0,138.0
2024-01-03T22:13:33Z,run,2024-01-03T22:36:28Z,-8.04848135,-34.95186587,0.5099999904632568,62.0,137.0
2024-01-03T22:13:33Z,run,2024-01-03T22:36:29Z,-8.04848102,-34.95186719,0.0,62.0,136.0
2024-01-03T22:13:33Z,run,2024-01-03T22:36:33Z,-8.04847869,-34.95187153,0.0,62.0,134.0
2024-01-03T22:13:33Z,run,2024-01-03T22:36:35Z,-8.04848035,-34.95187652,0.0,62.0,132.0
2024-01-03T22:13:33Z,run,2024-01-03T22:36:36Z,-8.04848035,-34.95187519,0.0,62.0,132.0
2024-01-03T22:13:33Z,run,2024-01-03T22:36:37Z,-8.04848035,-34.95187487,0.0,62.0,132.0
2024-01-03T22:13:33Z,run,2024-01-03T22:36:40Z,-8.04848368,-34.95187155,0.0,62.0,136.0
2024-01-03T22:13:33Z,run,2024-01-03T22:36:43Z,-8.04848368,-34.95186655,0.0,62.0,135.0
2024-01-03T22:13:33Z,run,2024-01-03T22:36:50Z,-8.04848702,-34.95186488,0.0,62.0,127.0
2024-01-03T22:13:33Z,run,2024-01-03T22:37:10Z,-8.04848702,-34.95186322,0.0,,125.0
2024-01-03T22:13:33Z,run,2024-01-03T22:37:26Z,-8.04848535,-34.95185656,0.0,,121.0
2024-01-03T22:13:33Z,run,2024-01-03T22:37:27Z,-8.04848602,-34.95186289,0.0,,120.0
2024-01-03T22:13:33Z,run,2024-01-03T22:37:28Z,-8.04848734,-34.95187755,0.0,,119.0
2024-01-03T22:13:33Z,run,2024-01-03T22:37:29Z,-8.048489,-34.95189787,0.0,,119.0
2024-01-03T22:13:33Z,run,2024-01-03T22:37:30Z,-8.048491,-34.95192487,0.0,,118.0
2024-01-03T22:13:33Z,run,2024-01-03T22:37:31Z,-8.04849232,-34.95195886,0.5299999713897705,,118.0
2024-01-03T22:13:33Z,run,2024-01-03T22:37:32Z,-8.04849165,-34.95199985,0.5299999713897705,,118.0
2024-01-03T22:13:33Z,run,2024-01-03T22:37:33Z,-8.04849,-34.95204784,1.6399999856948853,,118.0
2024-01-03T22:13:33Z,run,2024-01-03T22:37:34Z,-8.04848634,-34.9521015,2.509999990463257,,118.0
2024-01-03T22:13:33Z,run,2024-01-03T22:37:35Z,-8.04848167,-34.9521605,3.25,,116.0
2024-01-03T22:13:33Z,run,2024-01-03T22:37:36Z,-8.04847635,-34.95222249,4.079999923706055,,115.0
2024-01-03T22:13:33Z,run,2024-01-03T22:37:37Z,-8.04847102,-34.95228748,4.869999885559082,,115.0
2024-01-03T22:13:33Z,run,2024-01-03T22:37:38Z,-8.04846569,-34.95235614,4.869999885559082,,115.0
2024-01-03T22:13:33Z,run,2024-01-03T22:37:39Z,-8.04846003,-34.95242614,5.679999828338623,56.0,115.0
2024-01-03T22:13:33Z,run,2024-01-03T22:37:40Z,-8.0484547,-34.95249614,6.320000171661377,56.0,115.0
2024-01-03T22:13:33Z,run,2024-01-03T22:37:41Z,-8.04845338,-34.95256547,6.889999866485596,56.0,114.0
2024-01-03T22:13:33Z,run,2024-01-03T22:37:42Z,-8.04845837,-34.95263312,7.289999961853027,56.0,114.0
2024-01-03T22:13:33Z,run,2024-01-03T22:37:43Z,-8.04846804,-34.95269646,7.510000228881836,56.0,114.0
2024-01-03T22:13:33Z,run,2024-01-03T22:37:44Z,-8.04848369,-34.95275745,7.510000228881836,56.0,114.0
2024-01-03T22:13:33Z,run,2024-01-03T22:37:45Z,-8.04851403,-34.95281345,7.570000171661377,56.0,114.0
2024-01-03T22:13:33Z,run,2024-01-03T22:37:46Z,-8.04855369,-34.9528641,7.570000171661377,56.0,114.0
2024-01-03T22:13:33Z,run,2024-01-03T22:37:47Z,-8.04860235,-34.9529111,7.570000171661377,56.0,115.0
2024-01-03T22:13:33Z,run,2024-01-03T22:37:48Z,-8.04865367,-34.95294744,7.510000228881836,56.0,115.0
2024-01-03T22:13:33Z,run,2024-01-03T22:37:49Z,-8.04870766,-34.95297376,7.510000228881836,56.0,115.0
2024-01-03T22:13:33Z,run,2024-01-03T22:37:50Z,-8.04876465,-34.95299309,7.400000095367432,56.0,115.0
2024-01-03T22:13:33Z,run,2024-01-03T22:37:51Z,-8.04882499,-34.95300609,7.400000095367432,56.0,115.0
2024-01-03T22:13:33Z,run,2024-01-03T22:37:52Z,-8.04888198,-34.95301542,7.349999904632568,56.0,115.0
2024-01-03T22:13:33Z,run,2024-01-03T22:37:53Z,-8.04893931,-34.95302508,7.289999961853027,56.0,115.0
2024-01-03T22:13:33Z,run,2024-01-03T22:37:54Z,-8.0489953,-34.95303374,7.239999771118164,56.0,114.0
2024-01-03T22:13:33Z,run,2024-01-03T22:37:55Z,-8.0490483,-34.95304273,7.139999866485596,56.0,114.0
2024-01-03T22:13:33Z,run,2024-01-03T22:37:56Z,-8.04909162,-34.95304872,6.989999771118164,56.0,114.0
2024-01-03T22:13:33Z,run,2024-01-03T22:37:57Z,-8.04912862,-34.95305271,6.989999771118164,56.0,114.0
2024-01-03T22:13:33Z,run,2024-01-03T22:37:58Z,-8.04916195,-34.95305504,6.800000190734863,56.0,114.0
2024-01-03T22:13:33Z,run,2024-01-03T22:37:59Z,-8.04918995,-34.95305604,6.449999809265137,56.0,115.0
2024-01-03T22:13:33Z,run,2024-01-03T22:38:00Z,-8.0492146,-34.95305538,5.679999828338623,56.0,115.0
2024-01-03T22:13:33Z,run,2024-01-03T22:38:01Z,-8.04923927,-34.95305405,4.599999904632568,56.0,114.0
2024-01-03T22:13:33Z,run,2024-01-03T22:38:02Z,-8.04926293,-34.95305471,3.7300000190734863,56.0,114.0
2024-01-03T22:13:33Z,run,2024-01-03T22:38:03Z,-8.04928793,-34.95305837,3.7300000190734863,56.0,114.0
2024-01-03T22:13:33Z,run,2024-01-03T22:38:04Z,-8.04931525,-34.9530617,3.049999952316284,56.0,114.0
2024-01-03T22:13:33Z,run,2024-01-03T22:38:05Z,-8.04934458,-34.95306469,2.799999952316284,56.0,116.0
2024-01-03T22:13:33Z,run,2024-01-03T22:38:06Z,-8.04937857,-34.95306801,2.7799999713897705,56.0,117.0
2024-01-03T22:13:33Z,run,2024-01-03T22:38:07Z,-8.04941624,-34.95307167,2.7799999713897705,56.0,117.0
2024-01-03T22:13:33Z,run,2024-01-03T22:38:08Z,-8.0494579,-34.953076,2.799999952316284,56.0,117.0
2024-01-03T22:13:33Z,run,2024-01-03T22:38:09Z,-8.04950555,-34.95308134,2.799999952316284,56.0,117.0
2024-01-03T22:13:33Z,run,2024-01-03T22:38:10Z,-8.04955888,-34.95309066,2.8399999141693115,56.0,118.0
2024-01-03T22:13:33Z,run,2024-01-03T22:38:11Z,-8.04961621,-34.95310065,2.9100000858306885,56.0,118.0
2024-01-03T22:13:33Z,run,2024-01-03T22:38:12Z,-8.0496782,-34.95311232,3.809999942779541,56.0,118.0
2024-01-03T22:13:33Z,run,2024-01-03T22:38:13Z,-8.04974319,-34.95312297,5.050000190734863,56.0,117.0
2024-01-03T22:13:33Z,run,2024-01-03T22:38:14Z,-8.04981052,-34.95313264,5.710000038146973,53.0,116.0
2024-01-03T22:13:33Z,run,2024-01-03T22:38:15Z,-8.04987852,-34.95314097,5.710000038146973,53.0,116.0
2024-01-03T22:13:33Z,run,2024-01-03T22:38:16Z,-8.04995285,-34.95314696,6.360000133514404,52.0,116.0
2024-01-03T22:13:33Z,run,2024-01-03T22:38:17Z,-8.05002418,-34.95315395,6.840000152587891,52.0,117.0
2024-01-03T22:13:33Z,run,2024-01-03T22:38:18Z,-8.0501005,-34.95315729,7.190000057220459,56.0,117.0
2024-01-03T22:13:33Z,run,2024-01-03T22:38:19Z,-8.0501755,-34.95316061,7.510000228881836,56.0,117.0
2024-01-03T22:13:33Z,run,2024-01-03T22:38:20Z,-8.05025017,-34.95316693,7.690000057220459,56.0,118.0
2024-01-03T22:13:33Z,run,2024-01-03T22:38:21Z,-8.05032117,-34.9531716,7.690000057220459,56.0,118.0
2024-01-03T22:13:33Z,run,2024-01-03T22:38:22Z,-8.05038549,-34.95317526,7.869999885559082,56.0,118.0
2024-01-03T22:13:33Z,run,2024-01-03T22:38:23Z,-8.05044983,-34.95318091,8.0,54.0,119.0
2024-01-03T22:13:33Z,run,2024-01-03T22:38:24Z,-8.05050615,-34.9531849,8.0,54.0,120.0
2024-01-03T22:13:33Z,run,2024-01-03T22:38:25Z,-8.05055381,-34.95318857,7.809999942779541,54.0,121.0
2024-01-03T22:13:33Z,run,2024-01-03T22:38:26Z,-8.05059747,-34.95319489,7.570000171661377,54.0,121.0
2024-01-03T22:13:33Z,run,2024-01-03T22:38:27Z,-8.05063713,-34.95320189,7.570000171661377,54.0,121.0
2024-01-03T22:13:33Z,run,2024-01-03T22:38:28Z,-8.05067346,-34.95320855,7.039999961853027,54.0,121.0
2024-01-03T22:13:33Z,run,2024-01-03T22:38:29Z,-8.0507088,-34.95321587,6.320000171661377,54.0,120.0
2024-01-03T22:13:33Z,run,2024-01-03T22:38:30Z,-8.05074579,-34.95322421,5.489999771118164,54.0,120.0
2024-01-03T22:13:33Z,run,2024-01-03T22:38:31Z,-8.05078612,-34.95323087,4.730000019073486,54.0,119.0
2024-01-03T22:13:33Z,run,2024-01-03T22:38:32Z,-8.05083144,-34.95323621,4.519999980926514,54.0,118.0
2024-01-03T22:13:33Z,run,2024-01-03T22:38:33Z,-8.05088178,-34.95324053,4.519999980926514,54.0,118.0
2024-01-03T22:13:33Z,run,2024-01-03T22:38:34Z,-8.0509381,-34.95324385,4.539999961853027,54.0,117.0
2024-01-03T22:13:33Z,run,2024-01-03T22:38:35Z,-8.05099876,-34.95324852,4.539999961853027,54.0,116.0
2024-01-03T22:13:33Z,run,2024-01-03T22:38:36Z,-8.05106308,-34.95325419,4.849999904632568,54.0,115.0
2024-01-03T22:13:33Z,run,2024-01-03T22:38:37Z,-8.05113041,-34.95326152,5.519999980926514,54.0,115.0
2024-01-03T22:13:33Z,run,2024-01-03T22:38:38Z,-8.05120008,-34.95326784,6.210000038146973,54.0,115.0
2024-01-03T22:13:33Z,run,2024-01-03T22:38:39Z,-8.05127108,-34.95327383,6.210000038146973,54.0,115.0
2024-01-03T22:13:33Z,run,2024-01-03T22:38:40Z,-8.05134108,-34.95327783,6.800000190734863,54.0,115.0
2024-01-03T22:13:33Z,run,2024-01-03T22:38:41Z,-8.05141074,-34.95327982,7.289999961853027,54.0,115.0
2024-01-03T22:13:33Z,run,2024-01-03T22:38:42Z,-8.05147774,-34.95328182,7.570000171661377,54.0,114.0
2024-01-03T22:13:33Z,run,2024-01-03T22:38:43Z,-8.05154073,-34.95328548,7.690000057220459,54.0,113.0
2024-01-03T22:13:33Z,run,2024-01-03T22:38:44Z,-8.05160006,-34.95328847,7.690000057220459,54.0,113.0
2024-01-03T22:13:33Z,run,2024-01-03T22:38:45Z,-8.05165339,-34.95328913,7.690000057220459,54.0,113.0
2024-01-03T22:13:33Z,run,2024-01-03T22:38:46Z,-8.05170472,-34.95329178,7.690000057220459,54.0,112.0
2024-01-03T22:13:33Z,run,2024-01-03T22:38:47Z,-8.05175338,-34.95329113,7.510000228881836,54.0,112.0
2024-01-03T22:13:33Z,run,2024-01-03T22:38:48Z,-8.05179671,-34.95328447,7.289999961853027,54.0,111.0
2024-01-03T22:13:33Z,run,2024-01-03T22:38:49Z,-8.05183104,-34.95326981,7.239999771118164,54.0,111.0
2024-01-03T22:13:33Z,run,2024-01-03T22:38:50Z,-8.0518567,-34.95324716,6.360000133514404,54.0,111.0
2024-01-03T22:13:33Z,run,2024-01-03T22:38:51Z,-8.0518747,-34.95321549,5.309999942779541,54.0,111.0
2024-01-03T22:13:33Z,run,2024-01-03T22:38:52Z,-8.05188636,-34.95317517,5.309999942779541,54.0,111.0
2024-01-03T22:13:33Z,run,2024-01-03T22:38:53Z,-8.05189403,-34.95312651,4.96999979019165,54.0,111.0
2024-01-03T22:13:33Z,run,2024-01-03T22:38:54Z,-8.05189935,-34.95306985,4.869999885559082,54.0,111.0
2024-01-03T22:13:33Z,run,2024-01-03T22:38:55Z,-8.05189903,-34.95300419,4.869999885559082,54.0,111.0
2024-01-03T22:13:33Z,run,2024-01-03T22:38:56Z,-8.0518987,-34.95293253,5.0,54.0,110.0
2024-01-03T22:13:33Z,run,2024-01-03T22:38:57Z,-8.05190002,-34.95285553,5.429999828338623,54.0,109.0
2024-01-03T22:13:33Z,run,2024-01-03T22:38:58Z,-8.05190168,-34.95277386,5.429999828338623,54.0,109.0
2024-01-03T22:13:33Z,run,2024-01-03T22:38:59Z,-8.05190501,-34.95268721,6.25,54.0,110.0
2024-01-03T22:13:33Z,run,2024-01-03T22:39:00Z,-8.051908,-34.95259654,7.139999866485596,54.0,110.0
2024-01-03T22:13:33Z,run,2024-01-03T22:39:01Z,-8.05191033,-34.95250288,8.0,54.0,109.0
2024-01-03T22:13:33Z,run,2024-01-03T22:39:02Z,-8.051913,-34.95240488,8.770000457763672,54.0,109.0
2024-01-03T22:13:33Z,run,2024-01-03T22:39:05Z,-8.05195332,-34.95174955,9.430000305175781,54.0,108.0
2024-01-03T22:13:33Z,run,2024-01-03T22:39:09Z,-8.05197666,-34.95130623,10.0,54.0,108.0
2024-01-03T22:13:33Z,run,2024-01-03T22:39:10Z,-8.05197798,-34.95128089,10.520000457763672,52.0,108.0
2024-01-03T22:13:33Z,run,2024-01-03T22:39:11Z,-8.05198164,-34.9512299,10.630000114440918,52.0,107.0
2024-01-03T22:13:33Z,run,2024-01-03T22:39:12Z,-8.05198729,-34.95116124,10.630000114440918,52.0,106.0
2024-01-03T22:13:33Z,run,2024-01-03T22:39:13Z,-8.05199263,-34.95108025,10.520000457763672,52.0,106.0
2024-01-03T22:13:33Z,run,2024-01-03T22:39:14Z,-8.05199828,-34.95099291,10.199999809265137,52.0,106.0
2024-01-03T22:13:33Z,run,2024-01-03T22:39:15Z,-8.05200462,-34.95090091,10.199999809265137,52.0,106.0
2024-01-03T22:13:33Z,run,2024-01-03T22:39:16Z,-8.05201127,-34.95080492,10.0,52.0,106.0
2024-01-03T22:13:33Z,run,2024-01-03T22:39:17Z,-8.05201894,-34.95070726,10.0,52.0,108.0
2024-01-03T22:13:33Z,run,2024-01-03T22:39:18Z,-8.05202794,-34.95060793,10.0,52.0,108.0
2024-01-03T22:13:33Z,run,2024-01-03T22:39:19Z,-8.05203561,-34.95050628,10.199999809265137,52.0,108.0
2024-01-03T22:13:33Z,run,2024-01-03T22:39:21Z,-8.05205661,-34.95007961,10.520000457763672,52.0,108.0
2024-01-03T22:13:33Z,run,2024-01-03T22:39:22Z,-8.05205726,-34.95005261,10.75,52.0,108.0
2024-01-03T22:13:33Z,run,2024-01-03T22:39:27Z,-8.05208992,-34.94953129,10.859999656677246,52.0,106.0
