activity_id,sport_type,timestamp,latitude,longitude,heart_rate,cadence,speed
2024-03-27T22:14:43Z,walk,2024-03-27T22:15:01Z,-8.05171,-34.94841667,98,31.0,0.17000000178813934
2024-03-27T22:14:43Z,walk,2024-03-27T22:15:02Z,-8.051706,-34.94842232,98,31.0,0.17000000178813934
2024-03-27T22:14:43Z,walk,2024-03-27T22:15:03Z,-8.05168068,-34.94844166,97,31.0,0.4699999988079071
2024-03-27T22:14:43Z,walk,2024-03-27T22:15:04Z,-8.05166135,-34.94845266,97,31.0,0.6499999761581421
2024-03-27T22:14:43Z,walk,2024-03-27T22:15:05Z,-8.0516517,-34.94844899,97,31.0,0.7099999785423279
2024-03-27T22:14:43Z,walk,2024-03-27T22:15:06Z,-8.05164837,-34.94843367,97,31.0,0.8799999952316284
2024-03-27T22:14:43Z,walk,2024-03-27T22:15:07Z,-8.05164771,-34.94841668,97,31.0,1.1399999856948853
2024-03-27T22:14:43Z,walk,2024-03-27T22:15:08Z,-8.05165004,-34.94839701,97,31.0,1.1399999856948853
2024-03-27T22:14:43Z,walk,2024-03-27T22:15:09Z,-8.05165436,-34.94837768,99,31.0,1.3200000524520874
2024-03-27T22:14:43Z,walk,2024-03-27T22:15:10Z,-8.05165636,-34.94836269,99,31.0,1.600000023841858
2024-03-27T22:14:43Z,walk,2024-03-27T22:15:11Z,-8.05165802,-34.94834969,99,31.0,1.7699999809265137
2024-03-27T22:14:43Z,walk,2024-03-27T22:15:12Z,-8.05166069,-34.94833602,99,31.0,1.7400000095367432
2024-03-27T22:14:43Z,walk,2024-03-27T22:15:13Z,-8.05166434,-34.94832103,99,32.0,1.649999976158142
2024-03-27T22:14:43Z,walk,2024-03-27T22:15:14Z,-8.05166933,-34.9483047,99,32.0,1.649999976158142
2024-03-27T22:14:43Z,walk,2024-03-27T22:15:15Z,-8.05167267,-34.94829004,99,32.0,1.6299999952316284
2024-03-27T22:14:43Z,walk,2024-03-27T22:15:16Z,-8.05167632,-34.94827538,99,32.0,1.649999976158142
2024-03-27T22:14:43Z,walk,2024-03-27T22:15:17Z,-8.05167966,-34.94826205,99,32.0,1.600000023841858
2024-03-27T22:14:43Z,walk,2024-03-27T22:15:18Z,-8.05168065,-34.94824973,98,32.0,1.5499999523162842
2024-03-27T22:14:43Z,walk,2024-03-27T22:15:19Z,-8.05168032,-34.94823773,98,32.0,1.5099999904632568
2024-03-27T22:14:43Z,walk,2024-03-27T22:15:20Z,-8.05167967,-34.94822707,98,32.0,1.5099999904632568
2024-03-27T22:14:43Z,walk,2024-03-27T22:15:21Z,-8.05168032,-34.94821774,97,32.0,1.4900000095367432
2024-03-27T22:14:43Z,walk,2024-03-27T22:15:22Z,-8.05168065,-34.94820841,98,31.0,1.4500000476837158
2024-03-27T22:14:43Z,walk,2024-03-27T22:15:23Z,-8.05168098,-34.94819642,98,31.0,1.3600000143051147
2024-03-27T22:14:43Z,walk,2024-03-27T22:15:24Z,-8.05168098,-34.94818342,98,31.0,1.2899999618530273
2024-03-27T22:14:43Z,walk,2024-03-27T22:15:25Z,-8.05167998,-34.94817309,98,32.0,1.2699999809265137
2024-03-27T22:14:43Z,walk,2024-03-27T22:15:26Z,-8.05167966,-34.9481621,98,32.0,1.25
2024-03-27T22:14:43Z,walk,2024-03-27T22:15:27Z,-8.05167866,-34.9481521,98,32.0,1.25
2024-03-27T22:14:43Z,walk,2024-03-27T22:15:28Z,-8.05167667,-34.94814477,98,32.0,1.2000000476837158
2024-03-27T22:14:43Z,walk,2024-03-27T22:15:29Z,-8.051676,-34.94813511,99,32.0,1.159999966621399
2024-03-27T22:14:43Z,walk,2024-03-27T22:15:30Z,-8.051678,-34.94812478,99,32.0,1.1299999952316284
2024-03-27T22:14:43Z,walk,2024-03-27T22:15:31Z,-8.05168066,-34.94811312,99,32.0,1.1100000143051147
2024-03-27T22:14:43Z,walk,2024-03-27T22:15:32Z,-8.05168365,-34.94810113,99,32.0,1.1100000143051147
2024-03-27T22:14:43Z,walk,2024-03-27T22:15:33Z,-8.05168798,-34.9480878,99,32.0,1.1100000143051147
2024-03-27T22:14:43Z,walk,2024-03-27T22:15:34Z,-8.05169064,-34.94807314,99,32.0,1.1100000143051147
2024-03-27T22:14:43Z,walk,2024-03-27T22:15:35Z,-8.05169264,-34.94805848,100,32.0,1.1100000143051147
2024-03-27T22:14:43Z,walk,2024-03-27T22:15:36Z,-8.0516943,-34.94804248,101,35.0,1.1299999952316284
2024-03-27T22:14:43Z,walk,2024-03-27T22:15:37Z,-8.05169663,-34.94802648,101,39.0,1.149999976158142
2024-03-27T22:14:43Z,walk,2024-03-27T22:15:38Z,-8.05169895,-34.94800949,101,40.0,1.159999966621399
2024-03-27T22:14:43Z,walk,2024-03-27T22:15:39Z,-8.05169962,-34.94799283,101,40.0,1.159999966621399
2024-03-27T22:14:43Z,walk,2024-03-27T22:15:40Z,-8.05169929,-34.9479765,103,40.0,1.1699999570846558
2024-03-27T22:14:43Z,walk,2024-03-27T22:15:41Z,-8.05169564,-34.94796184,103,40.0,1.1799999475479126
2024-03-27T22:14:43Z,walk,2024-03-27T22:15:42Z,-8.0516903,-34.94794918,104,40.0,1.2000000476837158
2024-03-27T22:14:43Z,walk,2024-03-27T22:15:43Z,-8.05168465,-34.94793685,104,40.0,1.2200000286102295
2024-03-27T22:14:43Z,walk,2024-03-27T22:15:44Z,-8.05167831,-34.94792585,103,40.0,1.2300000190734863
2024-03-27T22:14:43Z,walk,2024-03-27T22:15:45Z,-8.05167165,-34.94791519,103,40.0,1.2300000190734863
2024-03-27T22:14:43Z,walk,2024-03-27T22:15:46Z,-8.05166732,-34.94790586,102,40.0,1.25
2024-03-27T22:14:43Z,walk,2024-03-27T22:15:47Z,-8.05166199,-34.94789587,102,40.0,1.2599999904632568
2024-03-27T22:14:43Z,walk,2024-03-27T22:15:48Z,-8.05165767,-34.94788553,102,40.0,1.2699999809265137
2024-03-27T22:14:43Z,walk,2024-03-27T22:15:49Z,-8.05165433,-34.94787388,102,40.0,1.2699999809265137
2024-03-27T22:14:43Z,walk,2024-03-27T22:15:50Z,-8.05165301,-34.94786222,102,40.0,1.2799999713897705
2024-03-27T22:14:43Z,walk,2024-03-27T22:15:51Z,-8.05165135,-34.94785056,102,40.0,1.2799999713897705
2024-03-27T22:14:43Z,walk,2024-03-27T22:15:52Z,-8.05164935,-34.94783857,101,40.0,1.2799999713897705
2024-03-27T22:14:43Z,walk,2024-03-27T22:15:53Z,-8.0516467,-34.94782524,100,40.0,1.2899999618530273
2024-03-27T22:14:43Z,walk,2024-03-27T22:15:54Z,-8.0516427,-34.94781392,101,40.0,1.2899999618530273
2024-03-27T22:14:43Z,walk,2024-03-27T22:15:55Z,-8.05163737,-34.94780658,101,40.0,1.2899999618530273
2024-03-27T22:14:43Z,walk,2024-03-27T22:15:56Z,-8.05163105,-34.94779993,101,40.0,1.2899999618530273
2024-03-27T22:14:43Z,walk,2024-03-27T22:15:57Z,-8.05162405,-34.94779394,101,40.0,1.2899999618530273
2024-03-27T22:14:43Z,walk,2024-03-27T22:15:58Z,-8.05161472,-34.9477856,101,40.0,1.2999999523162842
2024-03-27T22:14:43Z,walk,2024-03-27T22:15:59Z,-8.05160473,-34.94777961,102,31.0,1.2999999523162842
2024-03-27T22:14:43Z,walk,2024-03-27T22:16:00Z,-8.05159407,-34.94777528,102,32.0,1.2999999523162842
2024-03-27T22:14:43Z,walk,2024-03-27T22:16:01Z,-8.05158275,-34.94777196,102,31.0,1.2999999523162842
2024-03-27T22:14:43Z,walk,2024-03-27T22:16:02Z,-8.05157141,-34.94776929,102,32.0,1.2999999523162842
2024-03-27T22:14:43Z,walk,2024-03-27T22:16:03Z,-8.05156009,-34.94776796,103,32.0,1.2999999523162842
2024-03-27T22:14:43Z,walk,2024-03-27T22:16:04Z,-8.05154976,-34.9477663,103,32.0,1.2999999523162842
2024-03-27T22:14:43Z,walk,2024-03-27T22:16:05Z,-8.05153876,-34.9477653,104,32.0,1.2999999523162842
2024-03-27T22:14:43Z,walk,2024-03-27T22:16:06Z,-8.05152643,-34.94776498,105,31.0,1.2999999523162842
2024-03-27T22:14:43Z,walk,2024-03-27T22:16:07Z,-8.0515141,-34.94776265,105,32.0,1.309999942779541
2024-03-27T22:14:43Z,walk,2024-03-27T22:16:08Z,-8.05150178,-34.94776065,105,32.0,1.309999942779541
2024-03-27T22:14:43Z,walk,2024-03-27T22:16:09Z,-8.05148979,-34.94775965,104,32.0,1.309999942779541
2024-03-27T22:14:43Z,walk,2024-03-27T22:16:10Z,-8.05147679,-34.94776065,104,32.0,1.309999942779541
2024-03-27T22:14:43Z,walk,2024-03-27T22:16:11Z,-8.05146412,-34.94776265,103,33.0,1.309999942779541
2024-03-27T22:14:43Z,walk,2024-03-27T22:16:12Z,-8.0514508,-34.94776698,103,33.0,1.309999942779541
2024-03-27T22:14:43Z,walk,2024-03-27T22:16:13Z,-8.0514368,-34.94777297,102,33.0,1.309999942779541
2024-03-27T22:14:43Z,walk,2024-03-27T22:16:14Z,-8.05142414,-34.9477773,102,33.0,1.309999942779541
2024-03-27T22:14:43Z,walk,2024-03-27T22:16:15Z,-8.05141181,-34.94777829,101,33.0,1.309999942779541
2024-03-27T22:14:43Z,walk,2024-03-27T22:16:16Z,-8.05139714,-34.94777797,101,33.0,1.309999942779541
2024-03-27T22:14:43Z,walk,2024-03-27T22:16:17Z,-8.05138148,-34.94777431,101,33.0,1.309999942779541
2024-03-27T22:14:43Z,walk,2024-03-27T22:16:18Z,-8.05136748,-34.94776698,101,33.0,1.309999942779541
2024-03-27T22:14:43Z,walk,2024-03-27T22:16:19Z,-8.05135416,-34.94776099,100,33.0,1.309999942779541
2024-03-27T22:14:43Z,walk,2024-03-27T22:16:20Z,-8.05134117,-34.94775632,100,33.0,1.3200000524520874
2024-03-27T22:14:43Z,walk,2024-03-27T22:16:21Z,-8.05132817,-34.94775099,100,33.0,1.3200000524520874
2024-03-27T22:14:43Z,walk,2024-03-27T22:16:22Z,-8.05131451,-34.94774565,100,33.0,1.3200000524520874
2024-03-27T22:14:43Z,walk,2024-03-27T22:16:23Z,-8.05129986,-34.94774133,100,33.0,1.3200000524520874
2024-03-27T22:14:43Z,walk,2024-03-27T22:16:24Z,-8.0512842,-34.947737,100,32.0,1.3200000524520874
2024-03-27T22:14:43Z,walk,2024-03-27T22:16:25Z,-8.0512692,-34.94773367,101,32.0,1.3300000429153442
2024-03-27T22:14:43Z,walk,2024-03-27T22:16:26Z,-8.05125321,-34.94773035,102,31.0,1.3300000429153442
2024-03-27T22:14:43Z,walk,2024-03-27T22:16:27Z,-8.05123521,-34.94772868,102,32.0,1.3300000429153442
2024-03-27T22:14:43Z,walk,2024-03-27T22:16:28Z,-8.05121655,-34.94772868,102,32.0,1.3300000429153442
2024-03-27T22:14:43Z,walk,2024-03-27T22:16:29Z,-8.05119789,-34.94772968,102,32.0,1.3300000429153442
2024-03-27T22:14:43Z,walk,2024-03-27T22:16:30Z,-8.0511789,-34.94773301,102,32.0,1.340000033378601
2024-03-27T22:14:43Z,walk,2024-03-27T22:16:31Z,-8.05116256,-34.94773801,102,32.0,1.340000033378601
2024-03-27T22:14:43Z,walk,2024-03-27T22:16:32Z,-8.05114756,-34.947742,102,32.0,1.3600000143051147
2024-03-27T22:14:43Z,walk,2024-03-27T22:16:33Z,-8.05113424,-34.94774465,103,32.0,1.3700000047683716
2024-03-27T22:14:43Z,walk,2024-03-27T22:16:34Z,-8.05112125,-34.94774433,103,32.0,1.3700000047683716
2024-03-27T22:14:43Z,walk,2024-03-27T22:16:35Z,-8.05110993,-34.94774067,104,32.0,1.3899999856948853
2024-03-27T22:14:43Z,walk,2024-03-27T22:16:36Z,-8.05109959,-34.94772901,104,32.0,1.399999976158142
2024-03-27T22:14:43Z,walk,2024-03-27T22:16:37Z,-8.05108994,-34.94771702,104,32.0,1.409999966621399
2024-03-27T22:14:43Z,walk,2024-03-27T22:16:38Z,-8.0510786,-34.94771103,104,32.0,1.4199999570846558
2024-03-27T22:14:43Z,walk,2024-03-27T22:16:39Z,-8.05106661,-34.94770737,104,32.0,1.4299999475479126
2024-03-27T22:14:43Z,walk,2024-03-27T22:16:40Z,-8.05105396,-34.94770737,104,32.0,1.4299999475479126
2024-03-27T22:14:43Z,walk,2024-03-27T22:16:41Z,-8.0510403,-34.94770869,104,32.0,1.4299999475479126
2024-03-27T22:14:43Z,walk,2024-03-27T22:16:42Z,-8.0510253,-34.94771236,106,32.0,1.4299999475479126
2024-03-27T22:14:43Z,walk,2024-03-27T22:16:43Z,-8.05100898,-34.94771668,106,32.0,1.4299999475479126
2024-03-27T22:14:43Z,walk,2024-03-27T22:16:44Z,-8.05099064,-34.94772102,107,32.0,1.440000057220459
2024-03-27T22:14:43Z,walk,2024-03-27T22:16:45Z,-8.05097198,-34.94772401,109,32.0,1.440000057220459
2024-03-27T22:14:43Z,walk,2024-03-27T22:16:46Z,-8.05095399,-34.94772566,109,32.0,1.440000057220459
2024-03-27T22:14:43Z,walk,2024-03-27T22:16:47Z,-8.05093799,-34.94772534,109,31.0,1.440000057220459
2024-03-27T22:14:43Z,walk,2024-03-27T22:16:48Z,-8.05092266,-34.94772435,110,31.0,1.4500000476837158
2024-03-27T22:14:43Z,walk,2024-03-27T22:16:49Z,-8.05090833,-34.94772336,109,32.0,1.4500000476837158
2024-03-27T22:14:43Z,walk,2024-03-27T22:16:50Z,-8.05089467,-34.94772136,109,32.0,1.4600000381469727
2024-03-27T22:14:43Z,walk,2024-03-27T22:16:51Z,-8.05088268,-34.94771869,109,32.0,1.4600000381469727
2024-03-27T22:14:43Z,walk,2024-03-27T22:16:52Z,-8.05087269,-34.94771469,109,32.0,1.4600000381469727
2024-03-27T22:14:43Z,walk,2024-03-27T22:16:53Z,-8.05086203,-34.94771104,109,32.0,1.4700000286102295
2024-03-27T22:14:43Z,walk,2024-03-27T22:16:54Z,-8.05085037,-34.94770471,109,32.0,1.4700000286102295
2024-03-27T22:14:43Z,walk,2024-03-27T22:16:55Z,-8.05083838,-34.94769938,109,32.0,1.4700000286102295
2024-03-27T22:14:43Z,walk,2024-03-27T22:16:56Z,-8.05082639,-34.94769306,110,32.0,1.4700000286102295
2024-03-27T22:14:43Z,walk,2024-03-27T22:16:57Z,-8.05081472,-34.94768739,111,32.0,1.4700000286102295
2024-03-27T22:14:43Z,walk,2024-03-27T22:16:58Z,-8.05080106,-34.94768272,111,32.0,1.4700000286102295
2024-03-27T22:14:43Z,walk,2024-03-27T22:16:59Z,-8.05078773,-34.94768039,112,32.0,1.4700000286102295
2024-03-27T22:14:43Z,walk,2024-03-27T22:17:00Z,-8.0507754,-34.94767806,112,32.0,1.4700000286102295
2024-03-27T22:14:43Z,walk,2024-03-27T22:17:01Z,-8.05076341,-34.94767673,112,32.0,1.4700000286102295
2024-03-27T22:14:43Z,walk,2024-03-27T22:17:02Z,-8.05075142,-34.94767772,112,32.0,1.4700000286102295
2024-03-27T22:14:43Z,walk,2024-03-27T22:17:03Z,-8.05073943,-34.94767906,111,32.0,1.4700000286102295
2024-03-27T22:14:43Z,walk,2024-03-27T22:17:04Z,-8.05072777,-34.94768071,111,32.0,1.4700000286102295
2024-03-27T22:14:43Z,walk,2024-03-27T22:17:05Z,-8.05071611,-34.94768006,111,32.0,1.4700000286102295
2024-03-27T22:14:43Z,walk,2024-03-27T22:17:06Z,-8.05070477,-34.9476784,112,32.0,1.4600000381469727
2024-03-27T22:14:43Z,walk,2024-03-27T22:17:07Z,-8.05069345,-34.94767573,112,32.0,1.4600000381469727
2024-03-27T22:14:43Z,walk,2024-03-27T22:17:08Z,-8.05068146,-34.9476724,112,32.0,1.4500000476837158
2024-03-27T22:14:43Z,walk,2024-03-27T22:17:09Z,-8.05066979,-34.94767008,113,32.0,1.4500000476837158
2024-03-27T22:14:43Z,walk,2024-03-27T22:17:10Z,-8.0506568,-34.94766674,113,32.0,1.4500000476837158
2024-03-27T22:14:43Z,walk,2024-03-27T22:17:11Z,-8.0506438,-34.94766242,114,64.0,1.4500000476837158
2024-03-27T22:14:43Z,walk,2024-03-27T22:17:12Z,-8.05063014,-34.9476591,114,63.0,1.440000057220459
2024-03-27T22:14:43Z,walk,2024-03-27T22:17:13Z,-8.05061548,-34.94765676,113,63.0,1.440000057220459
2024-03-27T22:14:43Z,walk,2024-03-27T22:17:14Z,-8.05059881,-34.94765611,113,63.0,1.440000057220459
2024-03-27T22:14:43Z,walk,2024-03-27T22:17:15Z,-8.05058348,-34.94765578,113,63.0,1.4299999475479126
2024-03-27T22:14:43Z,walk,2024-03-27T22:17:16Z,-8.05056882,-34.94765512,113,63.0,1.4299999475479126
2024-03-27T22:14:43Z,walk,2024-03-27T22:17:17Z,-8.05055416,-34.94765413,113,63.0,1.4299999475479126
2024-03-27T22:14:43Z,walk,2024-03-27T22:17:18Z,-8.05054016,-34.94765347,113,63.0,1.4299999475479126
2024-03-27T22:14:43Z,walk,2024-03-27T22:17:19Z,-8.05052717,-34.94765247,113,63.0,1.4299999475479126
2024-03-27T22:14:43Z,walk,2024-03-27T22:17:20Z,-8.05051383,-34.94765115,113,31.0,1.440000057220459
2024-03-27T22:14:43Z,walk,2024-03-27T22:17:21Z,-8.05050084,-34.94764881,116,31.0,1.440000057220459
2024-03-27T22:14:43Z,walk,2024-03-27T22:17:22Z,-8.05048585,-34.94764648,116,31.0,1.440000057220459
2024-03-27T22:14:43Z,walk,2024-03-27T22:17:23Z,-8.05046885,-34.94764516,116,32.0,1.440000057220459
2024-03-27T22:14:43Z,walk,2024-03-27T22:17:24Z,-8.0504512,-34.94764449,115,32.0,1.440000057220459
2024-03-27T22:14:43Z,walk,2024-03-27T22:17:25Z,-8.05043453,-34.94764482,115,32.0,1.440000057220459
2024-03-27T22:14:43Z,walk,2024-03-27T22:17:26Z,-8.05042021,-34.94764382,115,32.0,1.440000057220459
2024-03-27T22:14:43Z,walk,2024-03-27T22:17:27Z,-8.05040754,-34.94764117,113,32.0,1.440000057220459
2024-03-27T22:14:43Z,walk,2024-03-27T22:17:28Z,-8.05039487,-34.94763918,113,32.0,1.440000057220459
2024-03-27T22:14:43Z,walk,2024-03-27T22:17:29Z,-8.05038188,-34.94763784,113,32.0,1.440000057220459
2024-03-27T22:14:43Z,walk,2024-03-27T22:17:30Z,-8.05036822,-34.94763719,113,32.0,1.4500000476837158
2024-03-27T22:14:43Z,walk,2024-03-27T22:17:31Z,-8.05035422,-34.94763751,113,32.0,1.4500000476837158
2024-03-27T22:14:43Z,walk,2024-03-27T22:17:32Z,-8.05033923,-34.94763951,114,32.0,1.4500000476837158
2024-03-27T22:14:43Z,walk,2024-03-27T22:17:33Z,-8.05032423,-34.94764083,116,32.0,1.4500000476837158
2024-03-27T22:14:43Z,walk,2024-03-27T22:17:34Z,-8.05030957,-34.94764183,116,32.0,1.4500000476837158
2024-03-27T22:14:43Z,walk,2024-03-27T22:17:35Z,-8.05029457,-34.94764183,117,32.0,1.4500000476837158
2024-03-27T22:14:43Z,walk,2024-03-27T22:17:36Z,-8.05028058,-34.94763983,117,32.0,1.4500000476837158
2024-03-27T22:14:43Z,walk,2024-03-27T22:17:37Z,-8.05026891,-34.9476355,117,32.0,1.4500000476837158
2024-03-27T22:14:43Z,walk,2024-03-27T22:17:38Z,-8.05025759,-34.94763118,117,32.0,1.4500000476837158
2024-03-27T22:14:43Z,walk,2024-03-27T22:17:39Z,-8.05024526,-34.94762819,115,32.0,1.4500000476837158
2024-03-27T22:14:43Z,walk,2024-03-27T22:17:40Z,-8.05023126,-34.94762984,115,32.0,1.4500000476837158
2024-03-27T22:14:43Z,walk,2024-03-27T22:17:41Z,-8.05021992,-34.94762619,114,32.0,1.4500000476837158
2024-03-27T22:14:43Z,walk,2024-03-27T22:17:42Z,-8.05020693,-34.94762219,113,32.0,1.4500000476837158
2024-03-27T22:14:43Z,walk,2024-03-27T22:17:43Z,-8.05019228,-34.94761986,113,32.0,1.440000057220459
2024-03-27T22:14:43Z,walk,2024-03-27T22:17:44Z,-8.05017594,-34.94761886,114,33.0,1.440000057220459
2024-03-27T22:14:43Z,walk,2024-03-27T22:17:45Z,-8.05016262,-34.94761787,114,33.0,1.440000057220459
2024-03-27T22:14:43Z,walk,2024-03-27T22:17:46Z,-8.0501493,-34.94761654,114,33.0,1.440000057220459
2024-03-27T22:14:43Z,walk,2024-03-27T22:17:47Z,-8.05013497,-34.94761622,114,32.0,1.440000057220459
2024-03-27T22:14:43Z,walk,2024-03-27T22:17:48Z,-8.05012097,-34.94761589,113,32.0,1.4299999475479126
2024-03-27T22:14:43Z,walk,2024-03-27T22:17:49Z,-8.05010864,-34.94761557,113,31.0,1.4299999475479126
2024-03-27T22:14:43Z,walk,2024-03-27T22:17:50Z,-8.05009565,-34.94761525,113,31.0,1.4299999475479126
2024-03-27T22:14:43Z,walk,2024-03-27T22:17:51Z,-8.05008132,-34.94761426,114,31.0,1.4299999475479126
2024-03-27T22:14:43Z,walk,2024-03-27T22:17:52Z,-8.05006732,-34.94761359,114,31.0,1.4299999475479126
2024-03-27T22:14:43Z,walk,2024-03-27T22:17:53Z,-8.05005465,-34.94761293,115,31.0,1.4299999475479126
2024-03-27T22:14:43Z,walk,2024-03-27T22:17:54Z,-8.05004366,-34.94761228,116,31.0,1.4299999475479126
2024-03-27T22:14:43Z,walk,2024-03-27T22:17:55Z,-8.05003266,-34.94760994,116,31.0,1.4299999475479126
2024-03-27T22:14:43Z,walk,2024-03-27T22:17:56Z,-8.05002267,-34.94760729,117,31.0,1.4299999475479126
2024-03-27T22:14:43Z,walk,2024-03-27T22:17:57Z,-8.05001167,-34.94760529,118,31.0,1.4299999475479126
2024-03-27T22:14:43Z,walk,2024-03-27T22:17:58Z,-8.05000035,-34.94760463,120,32.0,1.4299999475479126
2024-03-27T22:14:43Z,walk,2024-03-27T22:17:59Z,-8.04998836,-34.94760495,120,32.0,1.4299999475479126
2024-03-27T22:14:43Z,walk,2024-03-27T22:18:00Z,-8.04997502,-34.94760562,122,32.0,1.4199999570846558
2024-03-27T22:14:43Z,walk,2024-03-27T22:18:01Z,-8.04995969,-34.94760661,123,32.0,1.4199999570846558
2024-03-27T22:14:43Z,walk,2024-03-27T22:18:02Z,-8.0499447,-34.94760562,123,32.0,1.4199999570846558
2024-03-27T22:14:43Z,walk,2024-03-27T22:18:03Z,-8.04992638,-34.94760195,123,32.0,1.409999966621399
2024-03-27T22:14:43Z,walk,2024-03-27T22:18:04Z,-8.04990804,-34.94759863,123,32.0,1.409999966621399
2024-03-27T22:14:43Z,walk,2024-03-27T22:18:05Z,-8.04989039,-34.94759697,123,32.0,1.409999966621399
2024-03-27T22:14:43Z,walk,2024-03-27T22:18:06Z,-8.04987239,-34.94759664,124,32.0,1.409999966621399
2024-03-27T22:14:43Z,walk,2024-03-27T22:18:07Z,-8.04985439,-34.94759797,124,32.0,1.4199999570846558
2024-03-27T22:14:43Z,walk,2024-03-27T22:18:08Z,-8.04983573,-34.9475993,125,32.0,1.4199999570846558
2024-03-27T22:14:43Z,walk,2024-03-27T22:18:09Z,-8.04981707,-34.94760063,119,32.0,1.4299999475479126
2024-03-27T22:14:43Z,walk,2024-03-27T22:18:10Z,-8.04980008,-34.94759997,123,32.0,1.440000057220459
2024-03-27T22:14:43Z,walk,2024-03-27T22:18:11Z,-8.04978342,-34.94759797,123,32.0,1.440000057220459
2024-03-27T22:14:43Z,walk,2024-03-27T22:18:12Z,-8.04976675,-34.94759397,121,32.0,1.4500000476837158
2024-03-27T22:14:43Z,walk,2024-03-27T22:18:13Z,-8.04975043,-34.94758998,120,32.0,1.4500000476837158
2024-03-27T22:14:43Z,walk,2024-03-27T22:18:14Z,-8.04973743,-34.94758433,120,32.0,1.4600000381469727
2024-03-27T22:14:43Z,walk,2024-03-27T22:18:15Z,-8.0497231,-34.94758034,120,32.0,1.4700000286102295
2024-03-27T22:14:43Z,walk,2024-03-27T22:18:16Z,-8.04970878,-34.947578,120,32.0,1.4700000286102295
2024-03-27T22:14:43Z,walk,2024-03-27T22:18:17Z,-8.04969111,-34.94757667,120,32.0,1.4700000286102295
2024-03-27T22:14:43Z,walk,2024-03-27T22:18:18Z,-8.04967178,-34.94757568,120,32.0,1.4800000190734863
2024-03-27T22:14:43Z,walk,2024-03-27T22:18:19Z,-8.04965279,-34.94757502,119,32.0,1.4900000095367432
2024-03-27T22:14:43Z,walk,2024-03-27T22:18:20Z,-8.04963479,-34.94757369,119,32.0,1.4900000095367432
2024-03-27T22:14:43Z,walk,2024-03-27T22:18:21Z,-8.04961913,-34.94757003,116,32.0,1.5
2024-03-27T22:14:43Z,walk,2024-03-27T22:18:22Z,-8.04960614,-34.94756738,115,31.0,1.5099999904632568
2024-03-27T22:14:43Z,walk,2024-03-27T22:18:23Z,-8.04959314,-34.94756571,115,31.0,1.5099999904632568
2024-03-27T22:14:43Z,walk,2024-03-27T22:18:24Z,-8.04958049,-34.94756405,114,32.0,1.5099999904632568
2024-03-27T22:14:43Z,walk,2024-03-27T22:18:25Z,-8.0495675,-34.94756272,114,32.0,1.5199999809265137
2024-03-27T22:14:43Z,walk,2024-03-27T22:18:26Z,-8.04955316,-34.94756173,114,32.0,1.5199999809265137
2024-03-27T22:14:43Z,walk,2024-03-27T22:18:27Z,-8.04953884,-34.94756006,114,32.0,1.5199999809265137
2024-03-27T22:14:43Z,walk,2024-03-27T22:18:28Z,-8.04952451,-34.94755974,114,32.0,1.5299999713897705
2024-03-27T22:14:43Z,walk,2024-03-27T22:18:29Z,-8.04951118,-34.94755842,114,32.0,1.5299999713897705
2024-03-27T22:14:43Z,walk,2024-03-27T22:18:30Z,-8.04949919,-34.94755708,114,32.0,1.5299999713897705
2024-03-27T22:14:43Z,walk,2024-03-27T22:18:31Z,-8.04948753,-34.94755643,114,32.0,1.5299999713897705
2024-03-27T22:14:43Z,walk,2024-03-27T22:18:32Z,-8.04947619,-34.94755675,114,32.0,1.5299999713897705
2024-03-27T22:14:43Z,walk,2024-03-27T22:18:33Z,-8.04946386,-34.94755643,114,32.0,1.5299999713897705
2024-03-27T22:14:43Z,walk,2024-03-27T22:18:34Z,-8.04945154,-34.94755443,114,32.0,1.5299999713897705
2024-03-27T22:14:43Z,walk,2024-03-27T22:18:35Z,-8.0494392,-34.94755144,114,31.0,1.5199999809265137
2024-03-27T22:14:43Z,walk,2024-03-27T22:18:36Z,-8.04942755,-34.94754745,114,31.0,1.5199999809265137
2024-03-27T22:14:43Z,walk,2024-03-27T22:18:37Z,-8.04941621,-34.94754245,114,31.0,1.5199999809265137
2024-03-27T22:14:43Z,walk,2024-03-27T22:18:38Z,-8.04940388,-34.94753678,114,31.0,1.5199999809265137
2024-03-27T22:14:43Z,walk,2024-03-27T22:18:39Z,-8.04939089,-34.94753145,114,31.0,1.5099999904632568
2024-03-27T22:14:43Z,walk,2024-03-27T22:18:40Z,-8.04937822,-34.94752578,114,32.0,1.5099999904632568
2024-03-27T22:14:43Z,walk,2024-03-27T22:18:41Z,-8.04936589,-34.94752146,117,32.0,1.5099999904632568
2024-03-27T22:14:43Z,walk,2024-03-27T22:18:42Z,-8.04935322,-34.94751679,117,32.0,1.5099999904632568
2024-03-27T22:14:43Z,walk,2024-03-27T22:18:43Z,-8.04933922,-34.94751146,119,32.0,1.5099999904632568
2024-03-27T22:14:43Z,walk,2024-03-27T22:18:44Z,-8.04932657,-34.94750579,120,31.0,1.5
2024-03-27T22:14:43Z,walk,2024-03-27T22:18:45Z,-8.04931224,-34.9474968,120,31.0,1.5
2024-03-27T22:14:43Z,walk,2024-03-27T22:18:46Z,-8.04929858,-34.94748447,120,31.0,1.5
2024-03-27T22:14:43Z,walk,2024-03-27T22:18:47Z,-8.04928559,-34.94747181,121,33.0,1.5
2024-03-27T22:14:43Z,walk,2024-03-27T22:18:48Z,-8.04927159,-34.94745881,121,33.0,1.5
2024-03-27T22:14:43Z,walk,2024-03-27T22:18:49Z,-8.04925825,-34.94744515,121,32.0,1.5
2024-03-27T22:14:43Z,walk,2024-03-27T22:18:50Z,-8.04924626,-34.94743349,121,32.0,1.5
2024-03-27T22:14:43Z,walk,2024-03-27T22:18:51Z,-8.04923694,-34.94742083,122,32.0,1.5
2024-03-27T22:14:43Z,walk,2024-03-27T22:18:52Z,-8.04922661,-34.94740951,123,32.0,1.5099999904632568
2024-03-27T22:14:43Z,walk,2024-03-27T22:18:53Z,-8.04921595,-34.94739951,124,32.0,1.5099999904632568
2024-03-27T22:14:43Z,walk,2024-03-27T22:18:54Z,-8.04920463,-34.94739052,124,32.0,1.5099999904632568
2024-03-27T22:14:43Z,walk,2024-03-27T22:18:55Z,-8.04919397,-34.94738285,125,33.0,1.5099999904632568
2024-03-27T22:14:43Z,walk,2024-03-27T22:18:56Z,-8.04918364,-34.94737686,125,32.0,1.5099999904632568
2024-03-27T22:14:43Z,walk,2024-03-27T22:18:57Z,-8.0491723,-34.9473722,125,32.0,1.5099999904632568
2024-03-27T22:14:43Z,walk,2024-03-27T22:18:58Z,-8.0491613,-34.94736655,125,32.0,1.5099999904632568
2024-03-27T22:14:43Z,walk,2024-03-27T22:18:58Z,-8.04915097,-34.94735988,125,32.0,1.5
2024-03-27T22:14:43Z,walk,2024-03-27T22:18:59Z,-8.04914031,-34.94735122,125,32.0,1.4900000095367432
2024-03-27T22:14:43Z,walk,2024-03-27T22:19:00Z,-8.04913032,-34.94734123,125,32.0,1.4900000095367432
2024-03-27T22:14:43Z,walk,2024-03-27T22:19:01Z,-8.04911999,-34.94732923,120,32.0,1.4900000095367432
2024-03-27T22:14:43Z,walk,2024-03-27T22:19:02Z,-8.04910833,-34.94731724,123,32.0,1.4800000190734863
2024-03-27T22:14:43Z,walk,2024-03-27T22:19:03Z,-8.04909501,-34.94730292,122,32.0,1.4700000286102295
2024-03-27T22:14:43Z,walk,2024-03-27T22:19:04Z,-8.04908334,-34.9472886,122,32.0,1.4700000286102295
2024-03-27T22:14:43Z,walk,2024-03-27T22:19:05Z,-8.04907269,-34.94727526,122,32.0,1.4700000286102295
2024-03-27T22:14:43Z,walk,2024-03-27T22:19:06Z,-8.0490627,-34.94726327,122,32.0,1.4700000286102295
2024-03-27T22:14:43Z,walk,2024-03-27T22:19:07Z,-8.04905503,-34.94725428,122,32.0,1.4700000286102295
2024-03-27T22:14:43Z,walk,2024-03-27T22:19:08Z,-8.04904803,-34.94724662,122,33.0,1.4700000286102295
2024-03-27T22:14:43Z,walk,2024-03-27T22:19:09Z,-8.04904103,-34.94723862,123,33.0,1.4700000286102295
2024-03-27T22:14:43Z,walk,2024-03-27T22:19:10Z,-8.04903336,-34.94723062,123,32.0,1.4700000286102295
2024-03-27T22:14:43Z,walk,2024-03-27T22:19:11Z,-8.04902604,-34.94722029,122,32.0,1.4700000286102295
2024-03-27T22:14:43Z,walk,2024-03-27T22:19:12Z,-8.04901837,-34.94720963,122,32.0,1.4700000286102295
2024-03-27T22:14:43Z,walk,2024-03-27T22:19:13Z,-8.04901038,-34.94719896,122,33.0,1.4700000286102295
2024-03-27T22:14:43Z,walk,2024-03-27T22:19:14Z,-8.04900172,-34.9471893,122,33.0,1.4600000381469727
2024-03-27T22:14:43Z,walk,2024-03-27T22:19:15Z,-8.04899205,-34.9471793,122,32.0,1.4500000476837158
2024-03-27T22:14:43Z,walk,2024-03-27T22:19:16Z,-8.04898206,-34.94716798,123,33.0,1.4500000476837158
2024-03-27T22:14:43Z,walk,2024-03-27T22:19:17Z,-8.04897074,-34.94715498,123,33.0,1.440000057220459
2024-03-27T22:14:43Z,walk,2024-03-27T22:19:18Z,-8.04896107,-34.94714665,123,33.0,1.440000057220459
2024-03-27T22:14:43Z,walk,2024-03-27T22:19:19Z,-8.04895041,-34.94713865,123,32.0,1.440000057220459
2024-03-27T22:14:43Z,walk,2024-03-27T22:19:20Z,-8.04893809,-34.94713399,124,31.0,1.4299999475479126
2024-03-27T22:14:43Z,walk,2024-03-27T22:19:21Z,-8.04892542,-34.94713067,124,32.0,1.4299999475479126
2024-03-27T22:14:43Z,walk,2024-03-27T22:19:22Z,-8.04891142,-34.947129,123,31.0,1.4299999475479126
2024-03-27T22:14:43Z,walk,2024-03-27T22:19:23Z,-8.0488981,-34.94712768,123,32.0,1.4199999570846558
2024-03-27T22:14:43Z,walk,2024-03-27T22:19:24Z,-8.04888444,-34.94712469,123,32.0,1.4199999570846558
2024-03-27T22:14:43Z,walk,2024-03-27T22:19:25Z,-8.04887011,-34.94712202,123,32.0,1.4199999570846558
2024-03-27T22:14:43Z,walk,2024-03-27T22:19:26Z,-8.04885411,-34.94711769,123,32.0,1.4299999475479126
2024-03-27T22:14:43Z,walk,2024-03-27T22:19:27Z,-8.04883712,-34.94711269,123,32.0,1.4299999475479126
2024-03-27T22:14:43Z,walk,2024-03-27T22:19:28Z,-8.04881979,-34.94710735,120,32.0,1.4299999475479126
2024-03-27T22:14:43Z,walk,2024-03-27T22:19:29Z,-8.04880313,-34.9471017,120,32.0,1.4299999475479126
2024-03-27T22:14:43Z,walk,2024-03-27T22:19:30Z,-8.04878814,-34.94709704,120,32.0,1.4299999475479126
2024-03-27T22:14:43Z,walk,2024-03-27T22:19:31Z,-8.04877381,-34.94709237,120,32.0,1.440000057220459
2024-03-27T22:14:43Z,walk,2024-03-27T22:19:32Z,-8.04876047,-34.94708805,119,32.0,1.4500000476837158
2024-03-27T22:14:43Z,walk,2024-03-27T22:19:33Z,-8.04874748,-34.94708405,119,32.0,1.4500000476837158
2024-03-27T22:14:43Z,walk,2024-03-27T22:19:34Z,-8.04873483,-34.94708205,118,32.0,1.4600000381469727
2024-03-27T22:14:43Z,walk,2024-03-27T22:19:35Z,-8.04872316,-34.94708106,118,32.0,1.4700000286102295
2024-03-27T22:14:43Z,walk,2024-03-27T22:19:36Z,-8.0487115,-34.94708007,118,32.0,1.4700000286102295
2024-03-27T22:14:43Z,walk,2024-03-27T22:19:37Z,-8.04869818,-34.94707874,118,32.0,1.4700000286102295
2024-03-27T22:14:43Z,walk,2024-03-27T22:19:38Z,-8.04868385,-34.94707775,118,32.0,1.4700000286102295
2024-03-27T22:14:43Z,walk,2024-03-27T22:19:39Z,-8.04866918,-34.94707709,118,32.0,1.4700000286102295
2024-03-27T22:14:43Z,walk,2024-03-27T22:19:40Z,-8.04865619,-34.94707841,119,32.0,1.4700000286102295
2024-03-27T22:14:43Z,walk,2024-03-27T22:19:41Z,-8.0486442,-34.94707907,120,32.0,1.4700000286102295
2024-03-27T22:14:43Z,walk,2024-03-27T22:19:42Z,-8.04863153,-34.94708407,120,32.0,1.4700000286102295
2024-03-27T22:14:43Z,walk,2024-03-27T22:19:43Z,-8.0486212,-34.94709174,120,32.0,1.4700000286102295
2024-03-27T22:14:43Z,walk,2024-03-27T22:19:44Z,-8.04861054,-34.94710306,121,32.0,1.4700000286102295
2024-03-27T22:14:43Z,walk,2024-03-27T22:19:45Z,-8.04860489,-34.94711538,122,32.0,1.4700000286102295
2024-03-27T22:14:43Z,walk,2024-03-27T22:19:46Z,-8.04860289,-34.94712805,121,32.0,1.4700000286102295
2024-03-27T22:14:43Z,walk,2024-03-27T22:19:47Z,-8.04860554,-34.94713871,121,32.0,1.4700000286102295
2024-03-27T22:14:43Z,walk,2024-03-27T22:19:48Z,-8.04861121,-34.94714671,121,32.0,1.4700000286102295
2024-03-27T22:14:43Z,walk,2024-03-27T22:19:49Z,-8.04861721,-34.94715171,121,32.0,1.4700000286102295
2024-03-27T22:14:43Z,walk,2024-03-27T22:19:50Z,-8.04862287,-34.94715536,122,32.0,1.4700000286102295
2024-03-27T22:14:43Z,walk,2024-03-27T22:19:51Z,-8.04862887,-34.94715536,122,32.0,1.4700000286102295
2024-03-27T22:14:43Z,walk,2024-03-27T22:19:52Z,-8.04863386,-34.94715504,122,32.0,1.4700000286102295
2024-03-27T22:14:43Z,walk,2024-03-27T22:19:53Z,-8.04863951,-34.94715472,121,32.0,1.4600000381469727
2024-03-27T22:14:43Z,walk,2024-03-27T22:19:54Z,-8.04864585,-34.94715638,121,32.0,1.440000057220459
2024-03-27T22:14:43Z,walk,2024-03-27T22:19:55Z,-8.0486535,-34.94716037,121,32.0,1.440000057220459
2024-03-27T22:14:43Z,walk,2024-03-27T22:19:56Z,-8.0486615,-34.9471667,119,32.0,1.4199999570846558
2024-03-27T22:14:43Z,walk,2024-03-27T22:19:57Z,-8.0486685,-34.94717336,118,32.0,1.100000023841858
2024-03-27T22:14:43Z,walk,2024-03-27T22:19:58Z,-8.04867417,-34.94718069,117,32.0,0.800000011920929
2024-03-27T22:14:43Z,walk,2024-03-27T22:19:59Z,-8.04867983,-34.94718735,118,32.0,0.8500000238418579
2024-03-27T22:14:43Z,walk,2024-03-27T22:20:00Z,-8.04868616,-34.94719302,118,32.0,0.8500000238418579
2024-03-27T22:14:43Z,walk,2024-03-27T22:20:01Z,-8.04869482,-34.94719768,118,32.0,0.9200000166893005
2024-03-27T22:14:43Z,walk,2024-03-27T22:20:02Z,-8.04870515,-34.94720134,118,32.0,0.9599999785423279
2024-03-27T22:14:43Z,walk,2024-03-27T22:20:03Z,-8.04871581,-34.947205,118,32.0,1.0199999809265137
2024-03-27T22:14:43Z,walk,2024-03-27T22:20:04Z,-8.04872713,-34.947209,117,32.0,1.0800000429153442
2024-03-27T22:14:43Z,walk,2024-03-27T22:20:05Z,-8.04873845,-34.94721499,117,32.0,1.090000033378601
2024-03-27T22:14:43Z,walk,2024-03-27T22:20:06Z,-8.04874779,-34.94722365,117,32.0,1.090000033378601
2024-03-27T22:14:43Z,walk,2024-03-27T22:20:07Z,-8.04875645,-34.94723198,117,32.0,1.1399999856948853
2024-03-27T22:14:43Z,walk,2024-03-27T22:20:08Z,-8.04876511,-34.9472393,117,32.0,1.2400000095367432
2024-03-27T22:14:43Z,walk,2024-03-27T22:20:09Z,-8.04877344,-34.9472473,117,31.0,1.2899999618530273
2024-03-27T22:14:43Z,walk,2024-03-27T22:20:10Z,-8.0487831,-34.94725629,117,31.0,1.2599999904632568
2024-03-27T22:14:43Z,walk,2024-03-27T22:20:11Z,-8.04879343,-34.94726529,117,31.0,1.2699999809265137
2024-03-27T22:14:43Z,walk,2024-03-27T22:20:12Z,-8.0488051,-34.94727462,117,31.0,1.3600000143051147
2024-03-27T22:14:43Z,walk,2024-03-27T22:20:13Z,-8.04881809,-34.94728427,117,31.0,1.3600000143051147
2024-03-27T22:14:43Z,walk,2024-03-27T22:20:14Z,-8.04883109,-34.94729361,117,31.0,1.409999966621399
2024-03-27T22:14:43Z,walk,2024-03-27T22:20:15Z,-8.04884308,-34.94730426,118,31.0,1.409999966621399
2024-03-27T22:14:43Z,walk,2024-03-27T22:20:16Z,-8.0488544,-34.9473156,120,32.0,1.4500000476837158
2024-03-27T22:14:43Z,walk,2024-03-27T22:20:17Z,-8.04886473,-34.94732593,121,32.0,1.5199999809265137
2024-03-27T22:14:43Z,walk,2024-03-27T22:20:18Z,-8.04887506,-34.94733626,121,32.0,1.5499999523162842
2024-03-27T22:14:43Z,walk,2024-03-27T22:20:19Z,-8.04888505,-34.94734492,121,32.0,1.5499999523162842
2024-03-27T22:14:43Z,walk,2024-03-27T22:20:20Z,-8.04889571,-34.94735391,121,32.0,1.559999942779541
2024-03-27T22:14:43Z,walk,2024-03-27T22:20:21Z,-8.04890671,-34.94736424,121,32.0,1.559999942779541
2024-03-27T22:14:43Z,walk,2024-03-27T22:20:22Z,-8.04891837,-34.94737423,121,32.0,1.559999942779541
2024-03-27T22:14:43Z,walk,2024-03-27T22:20:23Z,-8.04893003,-34.94738323,122,31.0,1.559999942779541
2024-03-27T22:14:43Z,walk,2024-03-27T22:20:24Z,-8.04894202,-34.94739122,122,32.0,1.5399999618530273
2024-03-27T22:14:43Z,walk,2024-03-27T22:20:25Z,-8.04895235,-34.94739922,122,32.0,1.5399999618530273
2024-03-27T22:14:43Z,walk,2024-03-27T22:20:26Z,-8.04896234,-34.94740756,122,32.0,1.5199999809265137
2024-03-27T22:14:43Z,walk,2024-03-27T22:20:27Z,-8.04897168,-34.94741489,122,32.0,1.5
2024-03-27T22:14:43Z,walk,2024-03-27T22:20:28Z,-8.04898133,-34.94742221,122,32.0,1.4900000095367432
2024-03-27T22:14:43Z,walk,2024-03-27T22:20:29Z,-8.04899133,-34.94742888,122,32.0,1.4800000190734863
2024-03-27T22:14:43Z,walk,2024-03-27T22:20:30Z,-8.04900267,-34.94743487,122,31.0,1.4299999475479126
2024-03-27T22:14:43Z,walk,2024-03-27T22:20:31Z,-8.04901399,-34.94743886,122,31.0,1.4299999475479126
2024-03-27T22:14:43Z,walk,2024-03-27T22:20:32Z,-8.04902631,-34.94744185,122,31.0,1.3700000047683716
2024-03-27T22:14:43Z,walk,2024-03-27T22:20:33Z,-8.04903865,-34.94744318,124,32.0,1.3300000429153442
2024-03-27T22:14:43Z,walk,2024-03-27T22:20:34Z,-8.04905064,-34.94744451,125,32.0,1.3300000429153442
2024-03-27T22:14:43Z,walk,2024-03-27T22:20:35Z,-8.04906296,-34.94744584,126,32.0,1.3300000429153442
2024-03-27T22:14:43Z,walk,2024-03-27T22:20:36Z,-8.04907362,-34.94744683,126,32.0,1.3200000524520874
2024-03-27T22:14:43Z,walk,2024-03-27T22:20:37Z,-8.04908295,-34.94744749,126,32.0,1.3200000524520874
2024-03-27T22:14:43Z,walk,2024-03-27T22:20:38Z,-8.04909161,-34.94744815,125,32.0,1.3200000524520874
2024-03-27T22:14:43Z,walk,2024-03-27T22:20:39Z,-8.04910061,-34.94744948,124,32.0,1.3200000524520874
2024-03-27T22:14:43Z,walk,2024-03-27T22:20:40Z,-8.04910993,-34.94745081,124,32.0,1.309999942779541
2024-03-27T22:14:43Z,walk,2024-03-27T22:20:41Z,-8.04911992,-34.94744981,122,32.0,1.309999942779541
2024-03-27T22:14:43Z,walk,2024-03-27T22:20:42Z,-8.04913025,-34.94744714,122,32.0,1.2999999523162842
2024-03-27T22:14:43Z,walk,2024-03-27T22:20:43Z,-8.04913959,-34.94744515,122,32.0,1.2999999523162842
2024-03-27T22:14:43Z,walk,2024-03-27T22:20:44Z,-8.04914992,-34.94744382,122,32.0,1.2899999618530273
2024-03-27T22:14:43Z,walk,2024-03-27T22:20:45Z,-8.04916092,-34.94744316,122,32.0,1.2799999713897705
2024-03-27T22:14:43Z,walk,2024-03-27T22:20:46Z,-8.04917191,-34.94744949,122,32.0,1.2699999809265137
2024-03-27T22:14:43Z,walk,2024-03-27T22:20:47Z,-8.04918458,-34.94745548,122,32.0,1.2699999809265137
2024-03-27T22:14:43Z,walk,2024-03-27T22:20:48Z,-8.04919758,-34.94746248,122,31.0,1.2599999904632568
2024-03-27T22:14:43Z,walk,2024-03-27T22:20:49Z,-8.04921291,-34.94746913,122,31.0,1.2599999904632568
2024-03-27T22:14:43Z,walk,2024-03-27T22:20:50Z,-8.04923223,-34.94747347,122,32.0,1.2599999904632568
2024-03-27T22:14:43Z,walk,2024-03-27T22:20:51Z,-8.04925356,-34.94747779,122,32.0,1.2599999904632568
2024-03-27T22:14:43Z,walk,2024-03-27T22:20:52Z,-8.04927356,-34.94748312,123,32.0,1.2599999904632568
2024-03-27T22:14:43Z,walk,2024-03-27T22:20:53Z,-8.04929222,-34.94749046,123,32.0,1.2599999904632568
2024-03-27T22:14:43Z,walk,2024-03-27T22:20:54Z,-8.04931155,-34.94749811,123,32.0,1.2799999713897705
2024-03-27T22:14:43Z,walk,2024-03-27T22:20:55Z,-8.04932821,-34.94750378,123,32.0,1.2799999713897705
2024-03-27T22:14:43Z,walk,2024-03-27T22:20:56Z,-8.0493442,-34.94750778,123,32.0,1.2899999618530273
2024-03-27T22:14:43Z,walk,2024-03-27T22:20:57Z,-8.04935887,-34.94750977,123,32.0,1.2999999523162842
2024-03-27T22:14:43Z,walk,2024-03-27T22:20:58Z,-8.04937219,-34.9475101,123,32.0,1.3200000524520874
2024-03-27T22:14:43Z,walk,2024-03-27T22:20:59Z,-8.04938519,-34.94750844,123,32.0,1.3300000429153442
2024-03-27T22:14:43Z,walk,2024-03-27T22:21:00Z,-8.04939952,-34.94750711,123,32.0,1.340000033378601
2024-03-27T22:14:43Z,walk,2024-03-27T22:21:01Z,-8.04941517,-34.94750645,123,32.0,1.340000033378601
2024-03-27T22:14:43Z,walk,2024-03-27T22:21:02Z,-8.04943251,-34.94750612,123,33.0,1.350000023841858
2024-03-27T22:14:43Z,walk,2024-03-27T22:21:03Z,-8.04944983,-34.94750712,123,32.0,1.350000023841858
2024-03-27T22:14:43Z,walk,2024-03-27T22:21:04Z,-8.04946716,-34.94750845,123,32.0,1.3600000143051147
2024-03-27T22:14:43Z,walk,2024-03-27T22:21:05Z,-8.04948415,-34.9475091,122,32.0,1.3600000143051147
2024-03-27T22:14:43Z,walk,2024-03-27T22:21:06Z,-8.04950049,-34.94750745,122,32.0,1.3700000047683716
2024-03-27T22:14:43Z,walk,2024-03-27T22:21:07Z,-8.04951582,-34.94750578,122,32.0,1.3700000047683716
2024-03-27T22:14:43Z,walk,2024-03-27T22:21:08Z,-8.04953115,-34.94750446,122,32.0,1.3799999952316284
2024-03-27T22:14:43Z,walk,2024-03-27T22:21:09Z,-8.04954681,-34.94750446,123,32.0,1.3899999856948853
2024-03-27T22:14:43Z,walk,2024-03-27T22:21:10Z,-8.04956181,-34.94750379,124,32.0,1.3899999856948853
2024-03-27T22:14:43Z,walk,2024-03-27T22:21:11Z,-8.0495768,-34.94750379,124,33.0,1.399999976158142
2024-03-27T22:14:43Z,walk,2024-03-27T22:21:12Z,-8.04959213,-34.94750479,124,33.0,1.409999966621399
2024-03-27T22:14:43Z,walk,2024-03-27T22:21:13Z,-8.04960646,-34.94750678,124,33.0,1.409999966621399
2024-03-27T22:14:43Z,walk,2024-03-27T22:21:14Z,-8.04961911,-34.94751078,124,33.0,1.4199999570846558
2024-03-27T22:14:43Z,walk,2024-03-27T22:21:15Z,-8.04963178,-34.94751677,124,33.0,1.4299999475479126
2024-03-27T22:14:43Z,walk,2024-03-27T22:21:16Z,-8.04964445,-34.94752343,124,33.0,1.4299999475479126
2024-03-27T22:14:43Z,walk,2024-03-27T22:21:17Z,-8.04965811,-34.94752908,125,33.0,1.440000057220459
2024-03-27T22:14:43Z,walk,2024-03-27T22:21:18Z,-8.04967144,-34.94753508,125,33.0,1.440000057220459
2024-03-27T22:14:43Z,walk,2024-03-27T22:21:19Z,-8.0496841,-34.94753907,125,33.0,1.440000057220459
2024-03-27T22:14:43Z,walk,2024-03-27T22:21:20Z,-8.04969677,-34.9475434,125,33.0,1.440000057220459
2024-03-27T22:14:43Z,walk,2024-03-27T22:21:21Z,-8.04970843,-34.94754639,125,33.0,1.440000057220459
2024-03-27T22:14:43Z,walk,2024-03-27T22:21:22Z,-8.04972042,-34.94754872,126,33.0,1.440000057220459
2024-03-27T22:14:43Z,walk,2024-03-27T22:21:23Z,-8.04973475,-34.94755439,128,33.0,1.440000057220459
2024-03-27T22:14:43Z,walk,2024-03-27T22:21:24Z,-8.04975141,-34.94755972,129,33.0,1.440000057220459
2024-03-27T22:14:43Z,walk,2024-03-27T22:21:25Z,-8.04976741,-34.94756472,129,33.0,1.440000057220459
2024-03-27T22:14:43Z,walk,2024-03-27T22:21:26Z,-8.04978206,-34.94756838,129,32.0,1.440000057220459
2024-03-27T22:14:43Z,walk,2024-03-27T22:21:27Z,-8.04979806,-34.94757137,128,33.0,1.440000057220459
2024-03-27T22:14:43Z,walk,2024-03-27T22:21:28Z,-8.04981239,-34.94757203,126,32.0,1.440000057220459
2024-03-27T22:14:43Z,walk,2024-03-27T22:21:29Z,-8.04982604,-34.94757203,125,32.0,1.440000057220459
2024-03-27T22:14:43Z,walk,2024-03-27T22:21:30Z,-8.04984071,-34.94757103,124,32.0,1.440000057220459
2024-03-27T22:14:43Z,walk,2024-03-27T22:21:31Z,-8.04985604,-34.94756704,124,32.0,1.440000057220459
2024-03-27T22:14:43Z,walk,2024-03-27T22:21:32Z,-8.04987071,-34.94756204,123,32.0,1.440000057220459
2024-03-27T22:14:43Z,walk,2024-03-27T22:21:33Z,-8.04988437,-34.94755671,123,32.0,1.440000057220459
2024-03-27T22:14:43Z,walk,2024-03-27T22:21:34Z,-8.04989737,-34.94755239,123,33.0,1.4500000476837158
2024-03-27T22:14:43Z,walk,2024-03-27T22:21:35Z,-8.04990969,-34.94755072,123,33.0,1.4500000476837158
2024-03-27T22:14:43Z,walk,2024-03-27T22:21:36Z,-8.04992136,-34.94754973,122,33.0,1.4500000476837158
2024-03-27T22:14:43Z,walk,2024-03-27T22:21:37Z,-8.04993335,-34.94754873,122,33.0,1.4500000476837158
2024-03-27T22:14:43Z,walk,2024-03-27T22:21:38Z,-8.04994434,-34.94755006,122,33.0,1.4500000476837158
2024-03-27T22:14:43Z,walk,2024-03-27T22:21:39Z,-8.04995334,-34.94755139,122,33.0,1.4500000476837158
2024-03-27T22:14:43Z,walk,2024-03-27T22:21:42Z,-8.04997067,-34.9475474,122,33.0,1.4500000476837158
2024-03-27T22:14:43Z,walk,2024-03-27T22:21:46Z,-8.04996901,-34.9475474,118,33.0,1.4500000476837158
2024-03-27T22:14:43Z,walk,2024-03-27T22:21:47Z,-8.04996801,-34.9475474,118,33.0,1.440000057220459
2024-03-27T22:14:43Z,walk,2024-03-27T22:21:48Z,-8.04996669,-34.94754772,118,33.0,1.4299999475479126
2024-03-27T22:14:43Z,walk,2024-03-27T22:21:49Z,-8.04996537,-34.9475474,119,35.0,1.399999976158142
2024-03-27T22:14:43Z,walk,2024-03-27T22:21:50Z,-8.04996504,-34.94754707,119,35.0,1.399999976158142
2024-03-27T22:14:43Z,walk,2024-03-27T22:21:51Z,-8.04996603,-34.94754641,120,35.0,0.8500000238418579
2024-03-27T22:14:43Z,walk,2024-03-27T22:21:52Z,-8.04996803,-34.94754575,120,35.0,0.27000001072883606
2024-03-27T22:14:43Z,walk,2024-03-27T22:21:53Z,-8.04997103,-34.94754675,120,35.0,0.23000000417232513
2024-03-27T22:14:43Z,walk,2024-03-27T22:22:08Z,-8.04998236,-34.94755074,117,35.0,0.23000000417232513
2024-03-27T22:14:43Z,walk,2024-03-27T22:22:09Z,-8.04998669,-34.9475514,117,35.0,0.10999999940395355
2024-03-27T22:14:43Z,walk,2024-03-27T22:22:10Z,-8.04999601,-34.94755306,117,35.0,0.11999999731779099
2024-03-27T22:14:43Z,walk,2024-03-27T22:22:11Z,-8.05000935,-34.9475554,116,33.0,0.28999999165534973
2024-03-27T22:14:43Z,walk,2024-03-27T22:22:12Z,-8.05002567,-34.94755773,115,32.0,0.4099999964237213
2024-03-27T22:14:43Z,walk,2024-03-27T22:22:13Z,-8.05004434,-34.94756005,112,33.0,0.6299999952316284
2024-03-27T22:14:43Z,walk,2024-03-27T22:22:14Z,-8.05006399,-34.94756405,112,33.0,0.6299999952316284
2024-03-27T22:14:43Z,walk,2024-03-27T22:22:15Z,-8.05008398,-34.94756838,110,33.0,0.9399999976158142
2024-03-27T22:14:43Z,walk,2024-03-27T22:22:16Z,-8.05010565,-34.94757504,109,33.0,1.2100000381469727
2024-03-27T22:14:43Z,walk,2024-03-27T22:22:17Z,-8.05012764,-34.9475817,108,33.0,1.4299999475479126
2024-03-27T22:14:43Z,walk,2024-03-27T22:22:18Z,-8.05014663,-34.94758737,108,33.0,1.600000023841858
2024-03-27T22:14:43Z,walk,2024-03-27T22:22:19Z,-8.0501643,-34.94759002,108,33.0,1.7100000381469727
2024-03-27T22:14:43Z,walk,2024-03-27T22:22:20Z,-8.05017929,-34.94759169,108,33.0,1.7100000381469727
2024-03-27T22:14:43Z,walk,2024-03-27T22:22:21Z,-8.05019229,-34.94759301,108,33.0,1.7599999904632568
2024-03-27T22:14:43Z,walk,2024-03-27T22:22:22Z,-8.05020528,-34.94759435,109,32.0,1.7599999904632568
2024-03-27T22:14:43Z,walk,2024-03-27T22:22:23Z,-8.05021794,-34.94759534,109,29.0,1.7400000095367432
2024-03-27T22:14:43Z,walk,2024-03-27T22:22:24Z,-8.05023027,-34.94759468,109,29.0,1.690000057220459
2024-03-27T22:14:43Z,walk,2024-03-27T22:22:25Z,-8.05024226,-34.94759335,109,29.0,1.6100000143051147
2024-03-27T22:14:43Z,walk,2024-03-27T22:22:26Z,-8.05025259,-34.94759135,109,29.0,1.6100000143051147
2024-03-27T22:14:43Z,walk,2024-03-27T22:22:27Z,-8.05026292,-34.94758836,109,31.0,1.4900000095367432
2024-03-27T22:14:43Z,walk,2024-03-27T22:22:28Z,-8.05027258,-34.94758569,109,32.0,1.4199999570846558
2024-03-27T22:14:43Z,walk,2024-03-27T22:22:29Z,-8.05028257,-34.94758337,109,31.0,1.3799999952316284
2024-03-27T22:14:43Z,walk,2024-03-27T22:22:30Z,-8.0502929,-34.94758137,109,31.0,1.340000033378601
2024-03-27T22:14:43Z,walk,2024-03-27T22:22:31Z,-8.05030424,-34.94758004,109,31.0,1.309999942779541
2024-03-27T22:14:43Z,walk,2024-03-27T22:22:32Z,-8.05031724,-34.94757871,109,31.0,1.309999942779541
2024-03-27T22:14:43Z,walk,2024-03-27T22:22:33Z,-8.05033123,-34.94757704,109,31.0,1.2899999618530273
2024-03-27T22:14:43Z,walk,2024-03-27T22:22:34Z,-8.05034623,-34.94757704,108,31.0,1.2899999618530273
2024-03-27T22:14:43Z,walk,2024-03-27T22:22:35Z,-8.05036023,-34.94757838,108,31.0,1.2999999523162842
2024-03-27T22:14:43Z,walk,2024-03-27T22:22:36Z,-8.05037488,-34.94758071,109,31.0,1.309999942779541
2024-03-27T22:14:43Z,walk,2024-03-27T22:22:37Z,-8.05039154,-34.94758503,110,30.0,1.3300000429153442
2024-03-27T22:14:43Z,walk,2024-03-27T22:22:38Z,-8.05040921,-34.94758937,110,30.0,1.3300000429153442
2024-03-27T22:14:43Z,walk,2024-03-27T22:22:39Z,-8.05042587,-34.94759437,110,31.0,1.3600000143051147
2024-03-27T22:14:43Z,walk,2024-03-27T22:22:40Z,-8.05044054,-34.94759802,111,31.0,1.3899999856948853
2024-03-27T22:14:43Z,walk,2024-03-27T22:22:41Z,-8.05045321,-34.94760101,111,32.0,1.399999976158142
2024-03-27T22:14:43Z,walk,2024-03-27T22:22:42Z,-8.0504632,-34.947604,112,32.0,1.399999976158142
2024-03-27T22:14:43Z,walk,2024-03-27T22:22:43Z,-8.05047085,-34.94760733,111,31.0,1.399999976158142
2024-03-27T22:14:43Z,walk,2024-03-27T22:22:44Z,-8.05047852,-34.94761099,111,31.0,1.399999976158142
2024-03-27T22:14:43Z,walk,2024-03-27T22:22:45Z,-8.05048784,-34.94761465,112,31.0,1.399999976158142
2024-03-27T22:14:43Z,walk,2024-03-27T22:22:46Z,-8.05050051,-34.94761664,115,31.0,1.399999976158142
2024-03-27T22:14:43Z,walk,2024-03-27T22:22:47Z,-8.05051851,-34.94761731,117,31.0,1.3899999856948853
2024-03-27T22:14:43Z,walk,2024-03-27T22:22:48Z,-8.0505365,-34.94761731,119,32.0,1.3799999952316284
2024-03-27T22:14:43Z,walk,2024-03-27T22:22:49Z,-8.05055417,-34.9476183,119,32.0,1.3700000047683716
2024-03-27T22:14:43Z,walk,2024-03-27T22:22:50Z,-8.05057316,-34.9476183,119,32.0,1.3700000047683716
2024-03-27T22:14:43Z,walk,2024-03-27T22:22:51Z,-8.05059249,-34.94761797,119,31.0,1.3700000047683716
2024-03-27T22:14:43Z,walk,2024-03-27T22:22:52Z,-8.05061049,-34.94761765,119,31.0,1.3799999952316284
2024-03-27T22:14:43Z,walk,2024-03-27T22:22:53Z,-8.05062615,-34.94761931,119,31.0,1.399999976158142
2024-03-27T22:14:43Z,walk,2024-03-27T22:22:54Z,-8.05064114,-34.9476223,119,31.0,1.4199999570846558
2024-03-27T22:14:43Z,walk,2024-03-27T22:22:55Z,-8.05065579,-34.94762596,119,31.0,1.440000057220459
2024-03-27T22:14:43Z,walk,2024-03-27T22:22:56Z,-8.05067012,-34.94762962,119,31.0,1.440000057220459
2024-03-27T22:14:43Z,walk,2024-03-27T22:22:57Z,-8.05068445,-34.94763261,119,32.0,1.4600000381469727
2024-03-27T22:14:43Z,walk,2024-03-27T22:22:58Z,-8.05069845,-34.94763528,119,32.0,1.4700000286102295
2024-03-27T22:14:43Z,walk,2024-03-27T22:22:59Z,-8.05071311,-34.94763761,119,32.0,1.4700000286102295
2024-03-27T22:14:43Z,walk,2024-03-27T22:23:00Z,-8.05072643,-34.94763994,120,32.0,1.4800000190734863
2024-03-27T22:14:43Z,walk,2024-03-27T22:23:01Z,-8.05074076,-34.94764293,120,32.0,1.4800000190734863
2024-03-27T22:14:43Z,walk,2024-03-27T22:23:02Z,-8.05075375,-34.94764527,120,32.0,1.4800000190734863
2024-03-27T22:14:43Z,walk,2024-03-27T22:23:03Z,-8.05076675,-34.94764659,120,32.0,1.4800000190734863
2024-03-27T22:14:43Z,walk,2024-03-27T22:23:04Z,-8.05078009,-34.94764926,121,33.0,1.4800000190734863
2024-03-27T22:14:43Z,walk,2024-03-27T22:23:05Z,-8.05079374,-34.94765291,121,32.0,1.4800000190734863
2024-03-27T22:14:43Z,walk,2024-03-27T22:23:06Z,-8.05080741,-34.94765658,121,32.0,1.4800000190734863
2024-03-27T22:14:43Z,walk,2024-03-27T22:23:07Z,-8.0508214,-34.9476599,122,31.0,1.4800000190734863
2024-03-27T22:14:43Z,walk,2024-03-27T22:23:08Z,-8.05083473,-34.94766323,122,31.0,1.4800000190734863
2024-03-27T22:14:43Z,walk,2024-03-27T22:23:09Z,-8.05084739,-34.94766722,121,32.0,1.4800000190734863
2024-03-27T22:14:43Z,walk,2024-03-27T22:23:10Z,-8.05085939,-34.94767122,119,32.0,1.4700000286102295
2024-03-27T22:14:43Z,walk,2024-03-27T22:23:11Z,-8.05087105,-34.94767454,119,31.0,1.4700000286102295
2024-03-27T22:14:43Z,walk,2024-03-27T22:23:12Z,-8.05088237,-34.94767753,121,32.0,1.4700000286102295
2024-03-27T22:14:43Z,walk,2024-03-27T22:23:13Z,-8.0508947,-34.94767953,122,32.0,1.4700000286102295
2024-03-27T22:14:43Z,walk,2024-03-27T22:23:13Z,-8.05090804,-34.94768153,122,32.0,1.4700000286102295
2024-03-27T22:14:43Z,walk,2024-03-27T22:23:14Z,-8.05092169,-34.94768319,123,33.0,1.4600000381469727
2024-03-27T22:14:43Z,walk,2024-03-27T22:23:15Z,-8.05093703,-34.94768552,123,33.0,1.4600000381469727
2024-03-27T22:14:43Z,walk,2024-03-27T22:23:16Z,-8.05095236,-34.94768884,123,33.0,1.4500000476837158
2024-03-27T22:14:43Z,walk,2024-03-27T22:23:17Z,-8.05096868,-34.94769251,123,33.0,1.4500000476837158
2024-03-27T22:14:43Z,walk,2024-03-27T22:23:18Z,-8.05098402,-34.94769683,123,33.0,1.440000057220459
2024-03-27T22:14:43Z,walk,2024-03-27T22:23:19Z,-8.05099701,-34.94770049,123,33.0,1.440000057220459
2024-03-27T22:14:43Z,walk,2024-03-27T22:23:20Z,-8.051009,-34.94770449,123,33.0,1.440000057220459
2024-03-27T22:14:43Z,walk,2024-03-27T22:23:21Z,-8.05102032,-34.94770848,123,32.0,1.440000057220459
2024-03-27T22:14:43Z,walk,2024-03-27T22:23:22Z,-8.05103265,-34.94771248,123,32.0,1.4500000476837158
2024-03-27T22:14:43Z,walk,2024-03-27T22:23:23Z,-8.05104565,-34.94771547,125,32.0,1.4500000476837158
2024-03-27T22:14:43Z,walk,2024-03-27T22:23:24Z,-8.05105898,-34.94771879,126,32.0,1.4500000476837158
2024-03-27T22:14:43Z,walk,2024-03-27T22:23:25Z,-8.05107264,-34.94772146,126,32.0,1.4500000476837158
2024-03-27T22:14:43Z,walk,2024-03-27T22:23:26Z,-8.05108531,-34.94772312,127,32.0,1.4500000476837158
2024-03-27T22:14:43Z,walk,2024-03-27T22:23:27Z,-8.05109798,-34.94772611,129,32.0,1.4500000476837158
2024-03-27T22:14:43Z,walk,2024-03-27T22:23:28Z,-8.05110997,-34.94772977,131,32.0,1.4500000476837158
2024-03-27T22:14:43Z,walk,2024-03-27T22:23:29Z,-8.05112262,-34.9477331,131,32.0,1.4500000476837158
2024-03-27T22:14:43Z,walk,2024-03-27T22:23:30Z,-8.05113495,-34.94773609,131,32.0,1.440000057220459
2024-03-27T22:14:43Z,walk,2024-03-27T22:23:31Z,-8.05114861,-34.94773674,131,32.0,1.440000057220459
2024-03-27T22:14:43Z,walk,2024-03-27T22:23:32Z,-8.05116328,-34.94773575,131,32.0,1.440000057220459
2024-03-27T22:14:43Z,walk,2024-03-27T22:23:33Z,-8.05117927,-34.94773608,131,31.0,1.440000057220459
2024-03-27T22:14:43Z,walk,2024-03-27T22:23:34Z,-8.0511936,-34.94773707,131,31.0,1.4299999475479126
2024-03-27T22:14:43Z,walk,2024-03-27T22:23:35Z,-8.05120793,-34.9477384,132,32.0,1.4299999475479126
2024-03-27T22:14:43Z,walk,2024-03-27T22:23:36Z,-8.05122225,-34.94773972,133,31.0,1.4299999475479126
2024-03-27T22:14:43Z,walk,2024-03-27T22:23:37Z,-8.05123625,-34.94774039,133,32.0,1.4299999475479126
2024-03-27T22:14:43Z,walk,2024-03-27T22:23:38Z,-8.05124957,-34.94774071,133,32.0,1.4299999475479126
2024-03-27T22:14:43Z,walk,2024-03-27T22:23:39Z,-8.05126057,-34.94774104,133,31.0,1.4299999475479126
2024-03-27T22:14:43Z,walk,2024-03-27T22:23:40Z,-8.05127024,-34.94774303,133,32.0,1.4299999475479126
2024-03-27T22:14:43Z,walk,2024-03-27T22:23:41Z,-8.0512789,-34.94774369,133,32.0,1.4299999475479126
2024-03-27T22:14:43Z,walk,2024-03-27T22:23:42Z,-8.0512929,-34.94774369,132,31.0,1.4299999475479126
2024-03-27T22:14:43Z,walk,2024-03-27T22:23:43Z,-8.05130889,-34.94774636,132,32.0,1.4299999475479126
2024-03-27T22:14:43Z,walk,2024-03-27T22:23:44Z,-8.05132555,-34.94774968,132,32.0,1.4299999475479126
2024-03-27T22:14:43Z,walk,2024-03-27T22:23:45Z,-8.05134255,-34.94775367,132,31.0,1.4199999570846558
2024-03-27T22:14:43Z,walk,2024-03-27T22:23:46Z,-8.05135854,-34.94775901,132,32.0,1.4199999570846558
2024-03-27T22:14:43Z,walk,2024-03-27T22:23:47Z,-8.05137287,-34.94776533,132,32.0,1.409999966621399
2024-03-27T22:14:43Z,walk,2024-03-27T22:23:48Z,-8.05138653,-34.947771,131,32.0,1.409999966621399
2024-03-27T22:14:43Z,walk,2024-03-27T22:23:49Z,-8.05140152,-34.94777433,131,32.0,1.399999976158142
2024-03-27T22:14:43Z,walk,2024-03-27T22:23:50Z,-8.05141619,-34.94777799,131,32.0,1.399999976158142
2024-03-27T22:14:43Z,walk,2024-03-27T22:23:51Z,-8.05143286,-34.94778032,132,32.0,1.399999976158142
2024-03-27T22:14:43Z,walk,2024-03-27T22:23:52Z,-8.05145051,-34.94778198,131,32.0,1.399999976158142
2024-03-27T22:14:43Z,walk,2024-03-27T22:23:53Z,-8.05146984,-34.94778298,131,32.0,1.399999976158142
2024-03-27T22:14:43Z,walk,2024-03-27T22:23:54Z,-8.05149016,-34.94778463,133,31.0,1.409999966621399
2024-03-27T22:14:43Z,walk,2024-03-27T22:23:55Z,-8.05151183,-34.94778663,133,31.0,1.409999966621399
2024-03-27T22:14:43Z,walk,2024-03-27T22:23:56Z,-8.05153249,-34.94778996,133,31.0,1.409999966621399
2024-03-27T22:14:43Z,walk,2024-03-27T22:23:57Z,-8.05155048,-34.94779261,133,31.0,1.409999966621399
2024-03-27T22:14:43Z,walk,2024-03-27T22:23:58Z,-8.05156515,-34.94779461,133,32.0,1.4199999570846558
2024-03-27T22:14:43Z,walk,2024-03-27T22:23:59Z,-8.05157748,-34.94779527,133,31.0,1.4299999475479126
2024-03-27T22:14:43Z,walk,2024-03-27T22:24:00Z,-8.05158914,-34.94779527,133,31.0,1.4299999475479126
2024-03-27T22:14:43Z,walk,2024-03-27T22:24:01Z,-8.05160113,-34.94779361,132,31.0,1.440000057220459
2024-03-27T22:14:43Z,walk,2024-03-27T22:24:02Z,-8.05161312,-34.94778928,132,31.0,1.440000057220459
2024-03-27T22:14:43Z,walk,2024-03-27T22:24:03Z,-8.05162479,-34.94778128,132,31.0,1.440000057220459
2024-03-27T22:14:43Z,walk,2024-03-27T22:24:04Z,-8.05163478,-34.94777162,131,31.0,1.440000057220459
2024-03-27T22:14:43Z,walk,2024-03-27T22:24:05Z,-8.05164343,-34.94776062,130,31.0,1.440000057220459
2024-03-27T22:14:43Z,walk,2024-03-27T22:24:06Z,-8.0516521,-34.94774729,133,31.0,1.440000057220459
2024-03-27T22:14:43Z,walk,2024-03-27T22:24:07Z,-8.05166176,-34.94773463,134,31.0,1.440000057220459
2024-03-27T22:14:43Z,walk,2024-03-27T22:24:08Z,-8.05167209,-34.94772163,134,31.0,1.440000057220459
2024-03-27T22:14:43Z,walk,2024-03-27T22:24:09Z,-8.05168275,-34.94771363,134,32.0,1.440000057220459
2024-03-27T22:14:43Z,walk,2024-03-27T22:24:10Z,-8.05169441,-34.9477053,135,32.0,1.440000057220459
2024-03-27T22:14:43Z,walk,2024-03-27T22:24:11Z,-8.05170541,-34.94769763,136,32.0,1.4500000476837158
2024-03-27T22:14:43Z,walk,2024-03-27T22:24:12Z,-8.05171507,-34.9476893,135,33.0,1.4500000476837158
2024-03-27T22:14:43Z,walk,2024-03-27T22:24:13Z,-8.0517234,-34.94768031,135,34.0,1.4500000476837158
2024-03-27T22:14:43Z,walk,2024-03-27T22:24:14Z,-8.0517304,-34.94767099,135,34.0,1.4500000476837158
2024-03-27T22:14:43Z,walk,2024-03-27T22:24:15Z,-8.05173674,-34.94766132,134,34.0,1.4500000476837158
2024-03-27T22:14:43Z,walk,2024-03-27T22:24:16Z,-8.05174173,-34.94765233,135,34.0,1.4500000476837158
2024-03-27T22:14:43Z,walk,2024-03-27T22:24:17Z,-8.05174472,-34.94764433,136,34.0,1.4500000476837158
2024-03-27T22:14:43Z,walk,2024-03-27T22:24:18Z,-8.05174638,-34.94763767,136,34.0,1.4500000476837158
2024-03-27T22:14:43Z,walk,2024-03-27T22:24:19Z,-8.05174771,-34.94763135,136,34.0,1.440000057220459
2024-03-27T22:14:43Z,walk,2024-03-27T22:24:20Z,-8.05175004,-34.94762536,136,34.0,1.440000057220459
2024-03-27T22:14:43Z,walk,2024-03-27T22:24:21Z,-8.05175537,-34.94761937,136,34.0,1.309999942779541
2024-03-27T22:14:43Z,walk,2024-03-27T22:24:22Z,-8.05176503,-34.94761304,135,34.0,1.1200000047683716
2024-03-27T22:14:43Z,walk,2024-03-27T22:24:23Z,-8.0517777,-34.94760905,135,34.0,1.059999942779541
2024-03-27T22:14:43Z,walk,2024-03-27T22:24:24Z,-8.05179203,-34.94760606,135,34.0,1.059999942779541
2024-03-27T22:14:43Z,walk,2024-03-27T22:24:25Z,-8.05180669,-34.9476024,137,34.0,1.1200000047683716
2024-03-27T22:14:43Z,walk,2024-03-27T22:24:26Z,-8.05181969,-34.9475974,137,34.0,1.1200000047683716
2024-03-27T22:14:43Z,walk,2024-03-27T22:24:27Z,-8.05183334,-34.94758907,139,34.0,1.2899999618530273
2024-03-27T22:14:43Z,walk,2024-03-27T22:24:28Z,-8.05184601,-34.94757974,140,34.0,1.5199999809265137
2024-03-27T22:14:43Z,walk,2024-03-27T22:24:29Z,-8.05185701,-34.94756874,140,32.0,1.6799999475479126
2024-03-27T22:14:43Z,walk,2024-03-27T22:24:30Z,-8.05187067,-34.94755441,140,31.0,1.7000000476837158
2024-03-27T22:14:43Z,walk,2024-03-27T22:24:31Z,-8.05188399,-34.94753942,139,31.0,1.7300000190734863
2024-03-27T22:14:43Z,walk,2024-03-27T22:24:32Z,-8.05189666,-34.94752609,139,31.0,1.7300000190734863
2024-03-27T22:14:43Z,walk,2024-03-27T22:24:33Z,-8.05190832,-34.94751543,139,31.0,1.7400000095367432
2024-03-27T22:14:43Z,walk,2024-03-27T22:24:34Z,-8.05191865,-34.9475071,139,31.0,1.7200000286102295
2024-03-27T22:14:43Z,walk,2024-03-27T22:24:35Z,-8.05192831,-34.9475011,139,31.0,1.7100000381469727
2024-03-27T22:14:43Z,walk,2024-03-27T22:24:36Z,-8.05193797,-34.94749711,136,31.0,1.7200000286102295
2024-03-27T22:14:43Z,walk,2024-03-27T22:24:37Z,-8.05194964,-34.94749545,136,31.0,1.690000057220459
2024-03-27T22:14:43Z,walk,2024-03-27T22:24:38Z,-8.05196496,-34.94749811,136,31.0,1.690000057220459
2024-03-27T22:14:43Z,walk,2024-03-27T22:24:39Z,-8.05198229,-34.94750411,136,31.0,1.6100000143051147
2024-03-27T22:14:43Z,walk,2024-03-27T22:24:40Z,-8.05200063,-34.94751343,137,31.0,1.5700000524520874
2024-03-27T22:14:43Z,walk,2024-03-27T22:24:41Z,-8.05201796,-34.94752443,137,31.0,1.5700000524520874
2024-03-27T22:14:43Z,walk,2024-03-27T22:24:42Z,-8.05203162,-34.94753709,137,31.0,1.5800000429153442
2024-03-27T22:14:43Z,walk,2024-03-27T22:24:43Z,-8.05204294,-34.94755141,136,31.0,1.6299999952316284
2024-03-27T22:14:43Z,walk,2024-03-27T22:24:44Z,-8.05205061,-34.94756574,136,31.0,1.6299999952316284
2024-03-27T22:14:43Z,walk,2024-03-27T22:24:45Z,-8.05205594,-34.9475804,136,31.0,1.7400000095367432
2024-03-27T22:14:43Z,walk,2024-03-27T22:24:46Z,-8.05205994,-34.94759506,136,31.0,1.7999999523162842
2024-03-27T22:14:43Z,walk,2024-03-27T22:24:47Z,-8.05206593,-34.94760805,137,31.0,1.7999999523162842
2024-03-27T22:14:43Z,walk,2024-03-27T22:24:48Z,-8.05207626,-34.94761771,138,31.0,1.7999999523162842
2024-03-27T22:14:43Z,walk,2024-03-27T22:24:49Z,-8.05209059,-34.94762771,137,31.0,1.7699999809265137
2024-03-27T22:14:43Z,walk,2024-03-27T22:24:50Z,-8.05210459,-34.94763837,137,31.0,1.7699999809265137
2024-03-27T22:14:43Z,walk,2024-03-27T22:24:51Z,-8.05211825,-34.9476487,137,31.0,1.75
2024-03-27T22:14:43Z,walk,2024-03-27T22:24:52Z,-8.05212958,-34.94766303,136,31.0,1.7400000095367432
2024-03-27T22:14:43Z,walk,2024-03-27T22:24:53Z,-8.05214058,-34.94767735,135,32.0,1.7300000190734863
2024-03-27T22:14:43Z,walk,2024-03-27T22:24:54Z,-8.05215023,-34.94769302,135,32.0,1.7599999904632568
2024-03-27T22:14:43Z,walk,2024-03-27T22:24:55Z,-8.05215822,-34.94770801,135,32.0,1.7899999618530273
2024-03-27T22:14:43Z,walk,2024-03-27T22:24:56Z,-8.05216356,-34.94772067,135,32.0,1.7899999618530273
2024-03-27T22:14:43Z,walk,2024-03-27T22:24:57Z,-8.05216822,-34.947731,136,32.0,1.7899999618530273
2024-03-27T22:14:43Z,walk,2024-03-27T22:24:58Z,-8.05217221,-34.94774033,138,32.0,1.7899999618530273
2024-03-27T22:14:43Z,walk,2024-03-27T22:24:59Z,-8.05217521,-34.94775065,139,32.0,1.7400000095367432
2024-03-27T22:14:43Z,walk,2024-03-27T22:25:00Z,-8.0521772,-34.94776165,139,32.0,1.6200000047683716
2024-03-27T22:14:43Z,walk,2024-03-27T22:25:01Z,-8.05217854,-34.94777265,139,32.0,1.5099999904632568
2024-03-27T22:14:43Z,walk,2024-03-27T22:25:02Z,-8.05217887,-34.94778498,139,32.0,1.5099999904632568
2024-03-27T22:14:43Z,walk,2024-03-27T22:25:03Z,-8.05217919,-34.94779764,140,32.0,1.399999976158142
2024-03-27T22:14:43Z,walk,2024-03-27T22:25:04Z,-8.05217887,-34.94781297,141,32.0,1.340000033378601
2024-03-27T22:14:43Z,walk,2024-03-27T22:25:05Z,-8.05217854,-34.94782963,140,32.0,1.340000033378601
2024-03-27T22:14:43Z,walk,2024-03-27T22:25:06Z,-8.05217787,-34.9478463,140,32.0,1.340000033378601
2024-03-27T22:14:43Z,walk,2024-03-27T22:25:07Z,-8.05217688,-34.94786263,140,32.0,1.340000033378601
2024-03-27T22:14:43Z,walk,2024-03-27T22:25:08Z,-8.05217556,-34.94787762,140,32.0,1.340000033378601
2024-03-27T22:14:43Z,walk,2024-03-27T22:25:09Z,-8.05217356,-34.94789262,140,32.0,1.350000023841858
2024-03-27T22:14:43Z,walk,2024-03-27T22:25:10Z,-8.05217123,-34.94790662,140,32.0,1.3600000143051147
2024-03-27T22:14:43Z,walk,2024-03-27T22:25:11Z,-8.05216957,-34.94791928,140,32.0,1.3799999952316284
2024-03-27T22:14:43Z,walk,2024-03-27T22:25:12Z,-8.05216757,-34.94793261,140,32.0,1.3899999856948853
2024-03-27T22:14:43Z,walk,2024-03-27T22:25:13Z,-8.05216591,-34.94794661,140,32.0,1.399999976158142
2024-03-27T22:14:43Z,walk,2024-03-27T22:25:14Z,-8.05216524,-34.94796194,140,32.0,1.399999976158142
2024-03-27T22:14:43Z,walk,2024-03-27T22:25:15Z,-8.05216558,-34.94797827,139,32.0,1.409999966621399
2024-03-27T22:14:43Z,walk,2024-03-27T22:25:16Z,-8.0521659,-34.94799593,139,32.0,1.4199999570846558
2024-03-27T22:14:43Z,walk,2024-03-27T22:25:17Z,-8.05216491,-34.94801292,139,32.0,1.4199999570846558
2024-03-27T22:14:43Z,walk,2024-03-27T22:25:18Z,-8.05216325,-34.94802892,141,32.0,1.4299999475479126
2024-03-27T22:14:43Z,walk,2024-03-27T22:25:19Z,-8.05216225,-34.94804357,141,32.0,1.440000057220459
2024-03-27T22:14:43Z,walk,2024-03-27T22:25:20Z,-8.05216093,-34.94805724,141,32.0,1.440000057220459
2024-03-27T22:14:43Z,walk,2024-03-27T22:25:21Z,-8.05215893,-34.94807057,140,32.0,1.4500000476837158
2024-03-27T22:14:43Z,walk,2024-03-27T22:25:22Z,-8.05215627,-34.94808457,140,32.0,1.4500000476837158
2024-03-27T22:14:43Z,walk,2024-03-27T22:25:23Z,-8.05215427,-34.94810023,140,32.0,1.4600000381469727
2024-03-27T22:14:43Z,walk,2024-03-27T22:25:24Z,-8.05215261,-34.94811556,141,32.0,1.4700000286102295
2024-03-27T22:14:43Z,walk,2024-03-27T22:25:25Z,-8.05215194,-34.94813122,141,32.0,1.4800000190734863
2024-03-27T22:14:43Z,walk,2024-03-27T22:25:26Z,-8.05215062,-34.94814555,141,32.0,1.4800000190734863
2024-03-27T22:14:43Z,walk,2024-03-27T22:25:27Z,-8.05214929,-34.94815888,140,32.0,1.4800000190734863
2024-03-27T22:14:43Z,walk,2024-03-27T22:25:28Z,-8.05214929,-34.94817188,137,32.0,1.4900000095367432
2024-03-27T22:14:43Z,walk,2024-03-27T22:25:29Z,-8.05215162,-34.94818387,137,32.0,1.4900000095367432
2024-03-27T22:14:43Z,walk,2024-03-27T22:25:30Z,-8.05215594,-34.94819453,134,32.0,1.4900000095367432
2024-03-27T22:14:43Z,walk,2024-03-27T22:25:31Z,-8.05215994,-34.9482052,133,32.0,1.5099999904632568
2024-03-27T22:14:43Z,walk,2024-03-27T22:25:32Z,-8.05216426,-34.94821486,132,32.0,1.4800000190734863
2024-03-27T22:14:43Z,walk,2024-03-27T22:25:33Z,-8.05216925,-34.94822586,132,32.0,1.4800000190734863
2024-03-27T22:14:43Z,walk,2024-03-27T22:25:34Z,-8.05217724,-34.94823652,132,32.0,1.409999966621399
2024-03-27T22:14:43Z,walk,2024-03-27T22:25:35Z,-8.05218658,-34.94824752,133,32.0,1.3799999952316284
2024-03-27T22:14:43Z,walk,2024-03-27T22:25:36Z,-8.05219691,-34.94825918,135,32.0,1.3799999952316284
2024-03-27T22:14:43Z,walk,2024-03-27T22:25:37Z,-8.05220823,-34.9482715,136,33.0,1.3799999952316284
2024-03-27T22:14:43Z,walk,2024-03-27T22:25:38Z,-8.05221757,-34.94828417,136,33.0,1.3899999856948853
2024-03-27T22:14:43Z,walk,2024-03-27T22:25:39Z,-8.05222657,-34.94829683,136,33.0,1.3899999856948853
2024-03-27T22:14:43Z,walk,2024-03-27T22:25:40Z,-8.05223289,-34.94831216,136,33.0,1.4299999475479126
2024-03-27T22:14:43Z,walk,2024-03-27T22:25:41Z,-8.05223956,-34.94832883,136,33.0,1.5
2024-03-27T22:14:43Z,walk,2024-03-27T22:25:42Z,-8.05224721,-34.94834415,136,33.0,1.559999942779541
2024-03-27T22:14:43Z,walk,2024-03-27T22:25:43Z,-8.05225621,-34.94835482,135,34.0,1.6100000143051147
2024-03-27T22:14:43Z,walk,2024-03-27T22:25:44Z,-8.0522662,-34.94836515,135,34.0,1.6200000047683716
2024-03-27T22:14:43Z,walk,2024-03-27T22:25:45Z,-8.05227486,-34.94837447,135,34.0,1.6200000047683716
2024-03-27T22:14:43Z,walk,2024-03-27T22:25:46Z,-8.05228319,-34.94838514,135,34.0,1.6200000047683716
2024-03-27T22:14:43Z,walk,2024-03-27T22:25:47Z,-8.05229219,-34.94839713,135,34.0,1.6299999952316284
2024-03-27T22:14:43Z,walk,2024-03-27T22:25:48Z,-8.05230285,-34.94840845,134,34.0,1.649999976158142
2024-03-27T22:14:43Z,walk,2024-03-27T22:25:49Z,-8.05231385,-34.94842044,132,34.0,1.649999976158142
2024-03-27T22:14:43Z,walk,2024-03-27T22:25:50Z,-8.05232284,-34.94843011,131,34.0,1.6399999856948853
2024-03-27T22:14:43Z,walk,2024-03-27T22:25:51Z,-8.05233217,-34.94843777,131,34.0,1.6399999856948853
2024-03-27T22:14:43Z,walk,2024-03-27T22:25:52Z,-8.05234083,-34.94844377,129,31.0,1.6200000047683716
2024-03-27T22:14:43Z,walk,2024-03-27T22:25:53Z,-8.05235082,-34.94844909,129,31.0,1.590000033378601
2024-03-27T22:14:43Z,walk,2024-03-27T22:25:54Z,-8.05236182,-34.94845609,129,29.0,1.559999942779541
2024-03-27T22:14:43Z,walk,2024-03-27T22:25:55Z,-8.05237481,-34.94846442,127,29.0,1.5299999713897705
2024-03-27T22:14:43Z,walk,2024-03-27T22:25:56Z,-8.05238714,-34.94847108,127,32.0,1.5099999904632568
2024-03-27T22:14:43Z,walk,2024-03-27T22:25:57Z,-8.05239947,-34.94847675,126,33.0,1.5
2024-03-27T22:14:43Z,walk,2024-03-27T22:25:58Z,-8.05241113,-34.94848308,126,33.0,1.5
2024-03-27T22:14:43Z,walk,2024-03-27T22:25:59Z,-8.0524238,-34.9484904,126,33.0,1.4700000286102295
2024-03-27T22:14:43Z,walk,2024-03-27T22:26:00Z,-8.05243647,-34.94849906,126,33.0,1.4600000381469727
2024-03-27T22:14:43Z,walk,2024-03-27T22:26:01Z,-8.05244912,-34.94850805,125,33.0,1.4600000381469727
2024-03-27T22:14:43Z,walk,2024-03-27T22:26:02Z,-8.05246179,-34.94851905,123,33.0,1.4800000190734863
2024-03-27T22:14:43Z,walk,2024-03-27T22:26:03Z,-8.05247412,-34.94852972,122,33.0,1.5199999809265137
2024-03-27T22:14:43Z,walk,2024-03-27T22:26:04Z,-8.05248578,-34.94853904,122,33.0,1.5199999809265137
2024-03-27T22:14:43Z,walk,2024-03-27T22:26:05Z,-8.05249744,-34.94854704,120,33.0,1.5299999713897705
2024-03-27T22:14:43Z,walk,2024-03-27T22:26:06Z,-8.05250977,-34.94855337,119,33.0,1.5299999713897705
2024-03-27T22:14:43Z,walk,2024-03-27T22:26:07Z,-8.05252176,-34.94856003,119,33.0,1.5299999713897705
2024-03-27T22:14:43Z,walk,2024-03-27T22:26:08Z,-8.05253409,-34.94856803,119,33.0,1.5399999618530273
2024-03-27T22:14:43Z,walk,2024-03-27T22:26:09Z,-8.05254676,-34.94857636,119,33.0,1.5700000524520874
2024-03-27T22:14:43Z,walk,2024-03-27T22:26:10Z,-8.05256076,-34.94858335,119,33.0,1.5700000524520874
2024-03-27T22:14:43Z,walk,2024-03-27T22:26:11Z,-8.05257575,-34.94859169,119,33.0,1.5800000429153442
2024-03-27T22:14:43Z,walk,2024-03-27T22:26:12Z,-8.05259007,-34.94860135,121,33.0,1.5800000429153442
2024-03-27T22:14:43Z,walk,2024-03-27T22:26:13Z,-8.05260374,-34.94861168,123,33.0,1.590000033378601
2024-03-27T22:14:43Z,walk,2024-03-27T22:26:14Z,-8.05261641,-34.94862101,124,33.0,1.590000033378601
2024-03-27T22:14:43Z,walk,2024-03-27T22:26:15Z,-8.05262906,-34.94862934,124,32.0,1.590000033378601
2024-03-27T22:14:43Z,walk,2024-03-27T22:26:16Z,-8.05264173,-34.948637,124,32.0,1.590000033378601
2024-03-27T22:14:43Z,walk,2024-03-27T22:26:17Z,-8.05265405,-34.94864566,124,32.0,1.600000023841858
2024-03-27T22:14:43Z,walk,2024-03-27T22:26:18Z,-8.05266505,-34.94865632,124,33.0,1.600000023841858
2024-03-27T22:14:43Z,walk,2024-03-27T22:26:19Z,-8.05267639,-34.94866732,125,32.0,1.600000023841858
2024-03-27T22:14:43Z,walk,2024-03-27T22:26:20Z,-8.05268738,-34.94867631,125,32.0,1.600000023841858
2024-03-27T22:14:43Z,walk,2024-03-27T22:26:21Z,-8.05269904,-34.94868497,125,32.0,1.600000023841858
2024-03-27T22:14:43Z,walk,2024-03-27T22:26:22Z,-8.05270838,-34.94869264,125,32.0,1.600000023841858
2024-03-27T22:14:43Z,walk,2024-03-27T22:26:23Z,-8.05271704,-34.94870097,125,32.0,1.600000023841858
2024-03-27T22:14:43Z,walk,2024-03-27T22:26:24Z,-8.0527277,-34.94870897,125,32.0,1.600000023841858
2024-03-27T22:14:43Z,walk,2024-03-27T22:26:25Z,-8.05273969,-34.94871563,125,32.0,1.600000023841858
2024-03-27T22:14:43Z,walk,2024-03-27T22:26:26Z,-8.05275335,-34.94872128,125,32.0,1.600000023841858
2024-03-27T22:14:43Z,walk,2024-03-27T22:26:27Z,-8.05276568,-34.94872727,125,33.0,1.600000023841858
2024-03-27T22:14:43Z,walk,2024-03-27T22:26:28Z,-8.052779,-34.94873161,125,33.0,1.600000023841858
2024-03-27T22:14:43Z,walk,2024-03-27T22:26:29Z,-8.05279234,-34.9487346,125,33.0,1.590000033378601
2024-03-27T22:14:43Z,walk,2024-03-27T22:26:30Z,-8.05280733,-34.94873859,125,32.0,1.590000033378601
2024-03-27T22:14:43Z,walk,2024-03-27T22:26:31Z,-8.05282232,-34.94874325,125,32.0,1.5800000429153442
2024-03-27T22:14:43Z,walk,2024-03-27T22:26:32Z,-8.05283697,-34.94875025,124,32.0,1.5800000429153442
2024-03-27T22:14:43Z,walk,2024-03-27T22:26:33Z,-8.05285164,-34.94875958,123,33.0,1.5800000429153442
2024-03-27T22:14:43Z,walk,2024-03-27T22:26:34Z,-8.05286631,-34.94876823,123,33.0,1.5800000429153442
2024-03-27T22:14:43Z,walk,2024-03-27T22:26:35Z,-8.0528793,-34.94877689,123,33.0,1.5800000429153442
2024-03-27T22:14:43Z,walk,2024-03-27T22:26:36Z,-8.0528923,-34.94878555,123,33.0,1.5800000429153442
2024-03-27T22:14:43Z,walk,2024-03-27T22:26:37Z,-8.05290463,-34.94879221,124,33.0,1.5800000429153442
2024-03-27T22:14:43Z,walk,2024-03-27T22:26:38Z,-8.05291662,-34.94879787,124,33.0,1.5800000429153442
2024-03-27T22:14:43Z,walk,2024-03-27T22:26:39Z,-8.05292961,-34.94880354,124,33.0,1.5800000429153442
2024-03-27T22:14:43Z,walk,2024-03-27T22:26:40Z,-8.05294261,-34.94880887,124,33.0,1.5800000429153442
2024-03-27T22:14:43Z,walk,2024-03-27T22:26:41Z,-8.05295593,-34.94881454,125,33.0,1.5800000429153442
2024-03-27T22:14:43Z,walk,2024-03-27T22:26:42Z,-8.05296993,-34.9488222,126,33.0,1.5800000429153442
2024-03-27T22:14:43Z,walk,2024-03-27T22:26:43Z,-8.05298559,-34.94882954,126,33.0,1.5800000429153442
2024-03-27T22:14:43Z,walk,2024-03-27T22:26:44Z,-8.05300125,-34.94883553,127,33.0,1.5800000429153442
2024-03-27T22:14:43Z,walk,2024-03-27T22:26:45Z,-8.0530159,-34.94884086,127,33.0,1.5800000429153442
2024-03-27T22:14:43Z,walk,2024-03-27T22:26:46Z,-8.05303123,-34.94884653,127,33.0,1.5800000429153442
2024-03-27T22:14:43Z,walk,2024-03-27T22:26:47Z,-8.05304656,-34.94885252,127,33.0,1.5800000429153442
2024-03-27T22:14:43Z,walk,2024-03-27T22:26:48Z,-8.05305988,-34.94885684,127,33.0,1.5800000429153442
2024-03-27T22:14:43Z,walk,2024-03-27T22:26:49Z,-8.05307522,-34.94885951,126,33.0,1.5800000429153442
2024-03-27T22:14:43Z,walk,2024-03-27T22:26:50Z,-8.05309055,-34.94886017,126,33.0,1.5800000429153442
2024-03-27T22:14:43Z,walk,2024-03-27T22:29:26Z,-8.05317454,-34.94890484,96,,1.5800000429153442
2024-03-27T22:14:43Z,walk,2024-03-27T22:29:27Z,-8.05317754,-34.9489085,96,,1.5800000429153442
2024-03-27T22:14:43Z,walk,2024-03-27T22:29:28Z,-8.05318486,-34.94891482,96,,0.0
2024-03-27T22:14:43Z,walk,2024-03-27T22:29:29Z,-8.05319552,-34.94892381,96,,0.0
2024-03-27T22:14:43Z,walk,2024-03-27T22:29:30Z,-8.05320751,-34.94893314,96,,0.0
2024-03-27T22:14:43Z,walk,2024-03-27T22:29:31Z,-8.0532195,-34.94894313,96,,0.0
2024-03-27T22:14:43Z,walk,2024-03-27T22:29:32Z,-8.0532325,-34.94895347,96,,0.0
2024-03-27T22:14:43Z,walk,2024-03-27T22:29:33Z,-8.05324682,-34.94896413,95,33.0,0.0
2024-03-27T22:14:43Z,walk,2024-03-27T22:29:34Z,-8.05326182,-34.94897513,96,33.0,0.0
2024-03-27T22:14:43Z,walk,2024-03-27T22:29:35Z,-8.05327615,-34.94898446,97,31.0,0.7900000214576721
2024-03-27T22:14:43Z,walk,2024-03-27T22:29:36Z,-8.0532898,-34.94899279,97,33.0,1.5800000429153442
2024-03-27T22:14:43Z,walk,2024-03-27T22:29:37Z,-8.05330214,-34.94900045,97,33.0,1.5800000429153442
2024-03-27T22:14:43Z,walk,2024-03-27T22:29:38Z,-8.05331479,-34.94900711,97,33.0,1.5800000429153442
2024-03-27T22:14:43Z,walk,2024-03-27T22:29:39Z,-8.05332778,-34.94901444,97,33.0,1.5800000429153442
2024-03-27T22:14:43Z,walk,2024-03-27T22:29:40Z,-8.05333977,-34.94902177,97,33.0,1.600000023841858
2024-03-27T22:14:43Z,walk,2024-03-27T22:29:41Z,-8.05335176,-34.94902877,97,33.0,1.6299999952316284
2024-03-27T22:14:43Z,walk,2024-03-27T22:29:42Z,-8.05336276,-34.94903543,97,33.0,1.6200000047683716
2024-03-27T22:14:43Z,walk,2024-03-27T22:29:43Z,-8.05337543,-34.94904076,97,33.0,1.6200000047683716
2024-03-27T22:14:43Z,walk,2024-03-27T22:29:44Z,-8.05338875,-34.94904309,94,33.0,1.5800000429153442
2024-03-27T22:14:43Z,walk,2024-03-27T22:29:45Z,-8.05340209,-34.94904675,93,31.0,1.5499999523162842
2024-03-27T22:14:43Z,walk,2024-03-27T22:29:46Z,-8.05341541,-34.94904942,91,32.0,1.5099999904632568
2024-03-27T22:14:43Z,walk,2024-03-27T22:29:47Z,-8.0534274,-34.94905108,90,33.0,1.4900000095367432
2024-03-27T22:14:43Z,walk,2024-03-27T22:29:48Z,-8.05344072,-34.94905174,89,33.0,1.4700000286102295
2024-03-27T22:14:43Z,walk,2024-03-27T22:29:49Z,-8.05345438,-34.94905473,89,33.0,1.4700000286102295
2024-03-27T22:14:43Z,walk,2024-03-27T22:29:50Z,-8.05346971,-34.94905839,89,33.0,1.4700000286102295
2024-03-27T22:14:43Z,walk,2024-03-27T22:29:51Z,-8.05348471,-34.94906438,89,34.0,1.4700000286102295
2024-03-27T22:14:43Z,walk,2024-03-27T22:29:52Z,-8.0534987,-34.94907204,90,32.0,1.4700000286102295
2024-03-27T22:14:43Z,walk,2024-03-27T22:29:53Z,-8.05351204,-34.94908103,90,33.0,1.4900000095367432
2024-03-27T22:14:43Z,walk,2024-03-27T22:29:54Z,-8.05352536,-34.94908969,90,33.0,1.5399999618530273
2024-03-27T22:14:43Z,walk,2024-03-27T22:29:55Z,-8.05353902,-34.94909835,90,33.0,1.5399999618530273
2024-03-27T22:14:43Z,walk,2024-03-27T22:29:56Z,-8.05355268,-34.94910768,90,33.0,1.590000033378601
2024-03-27T22:14:43Z,walk,2024-03-27T22:29:57Z,-8.05356568,-34.94911734,90,33.0,1.6299999952316284
2024-03-27T22:14:43Z,walk,2024-03-27T22:29:58Z,-8.05357901,-34.94912567,90,33.0,1.6200000047683716
2024-03-27T22:14:43Z,walk,2024-03-27T22:29:59Z,-8.05359167,-34.94913233,89,33.0,1.6299999952316284
2024-03-27T22:14:43Z,walk,2024-03-27T22:30:00Z,-8.05360433,-34.94913866,89,33.0,1.6200000047683716
2024-03-27T22:14:43Z,walk,2024-03-27T22:30:01Z,-8.053616,-34.94914498,89,33.0,1.6200000047683716
2024-03-27T22:14:43Z,walk,2024-03-27T22:30:02Z,-8.05362899,-34.94915131,89,33.0,1.6299999952316284
2024-03-27T22:14:43Z,walk,2024-03-27T22:30:03Z,-8.05364332,-34.94915931,89,33.0,1.6299999952316284
2024-03-27T22:14:43Z,walk,2024-03-27T22:30:04Z,-8.05365664,-34.94916764,89,33.0,1.6200000047683716
2024-03-27T22:14:43Z,walk,2024-03-27T22:30:05Z,-8.05366963,-34.94917597,89,33.0,1.6200000047683716
2024-03-27T22:14:43Z,walk,2024-03-27T22:30:06Z,-8.05368197,-34.94918364,89,33.0,1.590000033378601
2024-03-27T22:14:43Z,walk,2024-03-27T22:30:07Z,-8.05369363,-34.94919163,89,33.0,1.590000033378601
2024-03-27T22:14:43Z,walk,2024-03-27T22:30:08Z,-8.05370462,-34.94919796,89,33.0,1.5399999618530273
2024-03-27T22:14:43Z,walk,2024-03-27T22:30:09Z,-8.05371695,-34.94920129,89,33.0,1.5099999904632568
2024-03-27T22:14:43Z,walk,2024-03-27T22:30:10Z,-8.05372928,-34.94920662,89,33.0,1.5099999904632568
2024-03-27T22:14:43Z,walk,2024-03-27T22:30:11Z,-8.05374161,-34.94921294,89,32.0,1.5099999904632568
2024-03-27T22:14:43Z,walk,2024-03-27T22:30:12Z,-8.0537546,-34.9492196,88,33.0,1.5099999904632568
2024-03-27T22:14:43Z,walk,2024-03-27T22:30:13Z,-8.0537676,-34.9492256,88,33.0,1.5099999904632568
2024-03-27T22:14:43Z,walk,2024-03-27T22:30:14Z,-8.05378059,-34.94923226,87,33.0,1.5099999904632568
2024-03-27T22:14:43Z,walk,2024-03-27T22:30:15Z,-8.05379425,-34.94924059,87,32.0,1.5
2024-03-27T22:14:43Z,walk,2024-03-27T22:30:16Z,-8.05380792,-34.94924792,86,32.0,1.5
2024-03-27T22:14:43Z,walk,2024-03-27T22:30:17Z,-8.05382124,-34.94925491,86,32.0,1.5
2024-03-27T22:14:43Z,walk,2024-03-27T22:30:18Z,-8.05383591,-34.94926225,86,32.0,1.5
2024-03-27T22:14:43Z,walk,2024-03-27T22:30:19Z,-8.05385023,-34.94927058,86,32.0,1.5
2024-03-27T22:14:43Z,walk,2024-03-27T22:30:20Z,-8.0538629,-34.94927957,86,32.0,1.5
2024-03-27T22:14:43Z,walk,2024-03-27T22:30:21Z,-8.05387456,-34.94928889,87,32.0,1.5
2024-03-27T22:14:43Z,walk,2024-03-27T22:30:22Z,-8.05388655,-34.94929788,87,32.0,1.5099999904632568
2024-03-27T22:14:43Z,walk,2024-03-27T22:30:23Z,-8.05389821,-34.94930387,87,32.0,1.5099999904632568
2024-03-27T22:14:43Z,walk,2024-03-27T22:30:24Z,-8.05390954,-34.94930821,88,32.0,1.5099999904632568
2024-03-27T22:14:43Z,walk,2024-03-27T22:30:25Z,-8.0539212,-34.94931253,88,32.0,1.5099999904632568
2024-03-27T22:14:43Z,walk,2024-03-27T22:30:26Z,-8.05393353,-34.94931586,88,32.0,1.5099999904632568
2024-03-27T22:14:43Z,walk,2024-03-27T22:30:27Z,-8.05394652,-34.94931853,90,67.0,1.5099999904632568
2024-03-27T22:14:43Z,walk,2024-03-27T22:30:28Z,-8.05396252,-34.94932319,89,67.0,1.5099999904632568
2024-03-27T22:14:43Z,walk,2024-03-27T22:30:29Z,-8.05398151,-34.94932918,88,66.0,1.5099999904632568
2024-03-27T22:14:43Z,walk,2024-03-27T22:30:30Z,-8.0540005,-34.94933518,87,66.0,1.5099999904632568
2024-03-27T22:14:43Z,walk,2024-03-27T22:30:31Z,-8.05401849,-34.94934317,87,66.0,1.5099999904632568
2024-03-27T22:14:43Z,walk,2024-03-27T22:30:32Z,-8.05403516,-34.94935017,87,67.0,1.5
2024-03-27T22:14:43Z,walk,2024-03-27T22:30:33Z,-8.05405049,-34.94935817,87,65.0,1.5
2024-03-27T22:14:43Z,walk,2024-03-27T22:30:34Z,-8.05406482,-34.94936549,87,65.0,1.5099999904632568
2024-03-27T22:14:43Z,walk,2024-03-27T22:30:35Z,-8.05407814,-34.94937349,87,65.0,1.5099999904632568
2024-03-27T22:14:43Z,walk,2024-03-27T22:30:36Z,-8.05409114,-34.94938416,87,65.0,1.5199999809265137
2024-03-27T22:14:43Z,walk,2024-03-27T22:30:37Z,-8.05410514,-34.94939681,87,65.0,1.5199999809265137
2024-03-27T22:14:43Z,walk,2024-03-27T22:30:38Z,-8.05412013,-34.94940915,88,66.0,1.5199999809265137
2024-03-27T22:14:43Z,walk,2024-03-27T22:30:39Z,-8.05413512,-34.94942047,89,67.0,1.5299999713897705
2024-03-27T22:14:43Z,walk,2024-03-27T22:30:40Z,-8.05414979,-34.94943179,89,66.0,1.5399999618530273
2024-03-27T22:14:43Z,walk,2024-03-27T22:30:41Z,-8.05416311,-34.94944246,89,66.0,1.5399999618530273
2024-03-27T22:14:43Z,walk,2024-03-27T22:30:42Z,-8.0541751,-34.94945378,89,66.0,1.5499999523162842
2024-03-27T22:14:43Z,walk,2024-03-27T22:30:43Z,-8.05418543,-34.94946444,89,66.0,1.5499999523162842
2024-03-27T22:14:43Z,walk,2024-03-27T22:30:44Z,-8.05419609,-34.94947411,89,67.0,1.559999942779541
2024-03-27T22:14:43Z,walk,2024-03-27T22:30:45Z,-8.05420741,-34.94948244,89,66.0,1.5700000524520874
2024-03-27T22:14:43Z,walk,2024-03-27T22:30:46Z,-8.05422041,-34.94948943,89,66.0,1.5700000524520874
2024-03-27T22:14:43Z,walk,2024-03-27T22:30:47Z,-8.0542374,-34.94949776,89,66.0,1.5800000429153442
2024-03-27T22:14:43Z,walk,2024-03-27T22:30:48Z,-8.05425539,-34.9495041,89,65.0,1.5800000429153442
2024-03-27T22:14:43Z,walk,2024-03-27T22:30:49Z,-8.05427406,-34.94950909,89,65.0,1.5800000429153442
2024-03-27T22:14:43Z,walk,2024-03-27T22:30:50Z,-8.05429305,-34.94951409,89,65.0,1.5800000429153442
2024-03-27T22:14:43Z,walk,2024-03-27T22:30:51Z,-8.05431137,-34.94952008,89,65.0,1.590000033378601
2024-03-27T22:14:43Z,walk,2024-03-27T22:30:52Z,-8.05432703,-34.94952541,89,65.0,1.590000033378601
2024-03-27T22:14:43Z,walk,2024-03-27T22:30:53Z,-8.05434136,-34.94953108,90,65.0,1.600000023841858
2024-03-27T22:14:43Z,walk,2024-03-27T22:30:54Z,-8.05435535,-34.94953641,91,65.0,1.6100000143051147
2024-03-27T22:14:43Z,walk,2024-03-27T22:30:55Z,-8.05436935,-34.94954341,91,65.0,1.6100000143051147
2024-03-27T22:14:43Z,walk,2024-03-27T22:30:56Z,-8.05438069,-34.94955007,91,65.0,1.6200000047683716
2024-03-27T22:14:43Z,walk,2024-03-27T22:30:57Z,-8.05439334,-34.9495554,92,65.0,1.6200000047683716
2024-03-27T22:14:43Z,walk,2024-03-27T22:30:58Z,-8.05440601,-34.94955972,92,65.0,1.6200000047683716
2024-03-27T22:14:43Z,walk,2024-03-27T22:30:59Z,-8.05441834,-34.94956572,92,65.0,1.6200000047683716
2024-03-27T22:14:43Z,walk,2024-03-27T22:31:00Z,-8.05443168,-34.94957171,92,65.0,1.6200000047683716
2024-03-27T22:14:43Z,walk,2024-03-27T22:31:01Z,-8.05444433,-34.94957704,92,65.0,1.6200000047683716
2024-03-27T22:14:43Z,walk,2024-03-27T22:31:02Z,-8.05445632,-34.9495827,93,32.0,1.6200000047683716
2024-03-27T22:14:43Z,walk,2024-03-27T22:31:03Z,-8.05446865,-34.94958703,93,32.0,1.6200000047683716
2024-03-27T22:14:43Z,walk,2024-03-27T22:31:04Z,-8.05448064,-34.94959035,94,32.0,1.6100000143051147
2024-03-27T22:14:43Z,walk,2024-03-27T22:31:05Z,-8.05449364,-34.94959334,94,32.0,1.6100000143051147
2024-03-27T22:14:43Z,walk,2024-03-27T22:31:06Z,-8.0545073,-34.94959701,94,32.0,1.600000023841858
2024-03-27T22:14:43Z,walk,2024-03-27T22:31:07Z,-8.05451996,-34.94960133,94,32.0,1.600000023841858
2024-03-27T22:14:43Z,walk,2024-03-27T22:31:08Z,-8.05453328,-34.94960833,94,32.0,1.600000023841858
2024-03-27T22:14:43Z,walk,2024-03-27T22:31:09Z,-8.05454762,-34.94961666,94,32.0,1.600000023841858
2024-03-27T22:14:43Z,walk,2024-03-27T22:31:10Z,-8.05456094,-34.94962632,94,31.0,1.590000033378601
2024-03-27T22:14:43Z,walk,2024-03-27T22:31:11Z,-8.05457494,-34.94963598,94,31.0,1.590000033378601
2024-03-27T22:14:43Z,walk,2024-03-27T22:31:12Z,-8.0545876,-34.94964731,94,32.0,1.5800000429153442
2024-03-27T22:14:43Z,walk,2024-03-27T22:31:13Z,-8.05459793,-34.9496583,94,32.0,1.5800000429153442
2024-03-27T22:14:43Z,walk,2024-03-27T22:31:14Z,-8.05460593,-34.94966997,94,32.0,1.5800000429153442
2024-03-27T22:14:43Z,walk,2024-03-27T22:31:15Z,-8.05461459,-34.94968062,95,32.0,1.5800000429153442
2024-03-27T22:14:43Z,walk,2024-03-27T22:31:16Z,-8.05462558,-34.94969062,97,32.0,1.590000033378601
2024-03-27T22:14:43Z,walk,2024-03-27T22:31:17Z,-8.05463858,-34.94970062,97,32.0,1.590000033378601
2024-03-27T22:14:43Z,walk,2024-03-27T22:31:18Z,-8.0546529,-34.94970995,97,32.0,1.590000033378601
2024-03-27T22:14:43Z,walk,2024-03-27T22:31:19Z,-8.05466423,-34.9497196,97,32.0,1.590000033378601
2024-03-27T22:14:43Z,walk,2024-03-27T22:31:20Z,-8.05467389,-34.94972794,98,32.0,1.590000033378601
2024-03-27T22:14:43Z,walk,2024-03-27T22:31:21Z,-8.05468021,-34.94973594,99,32.0,1.590000033378601
2024-03-27T22:14:43Z,walk,2024-03-27T22:31:22Z,-8.05468688,-34.94974193,100,65.0,1.590000033378601
2024-03-27T22:14:43Z,walk,2024-03-27T22:31:23Z,-8.0546962,-34.94974593,100,65.0,1.5800000429153442
2024-03-27T22:14:43Z,walk,2024-03-27T22:31:24Z,-8.05470787,-34.94974925,100,65.0,1.5800000429153442
2024-03-27T22:14:43Z,walk,2024-03-27T22:31:25Z,-8.05471919,-34.94975524,100,65.0,1.5800000429153442
2024-03-27T22:14:43Z,walk,2024-03-27T22:31:26Z,-8.05472985,-34.94976423,100,65.0,1.5700000524520874
2024-03-27T22:14:43Z,walk,2024-03-27T22:31:27Z,-8.05474051,-34.9497749,103,65.0,1.559999942779541
2024-03-27T22:14:43Z,walk,2024-03-27T22:31:28Z,-8.05475284,-34.94978455,103,65.0,1.559999942779541
2024-03-27T22:14:43Z,walk,2024-03-27T22:31:29Z,-8.05476583,-34.94979255,103,65.0,1.5499999523162842
2024-03-27T22:14:43Z,walk,2024-03-27T22:31:30Z,-8.05477816,-34.94979955,103,33.0,1.5499999523162842
2024-03-27T22:14:43Z,walk,2024-03-27T22:31:31Z,-8.05479049,-34.94980588,103,33.0,1.5499999523162842
2024-03-27T22:14:43Z,walk,2024-03-27T22:31:32Z,-8.05480348,-34.94981253,103,33.0,1.5399999618530273
2024-03-27T22:14:43Z,walk,2024-03-27T22:31:33Z,-8.05481614,-34.94981852,103,33.0,1.5399999618530273
2024-03-27T22:14:43Z,walk,2024-03-27T22:31:34Z,-8.05482881,-34.94982286,103,32.0,1.5299999713897705
2024-03-27T22:14:43Z,walk,2024-03-27T22:31:35Z,-8.0548418,-34.94982486,104,32.0,1.5299999713897705
2024-03-27T22:14:43Z,walk,2024-03-27T22:31:36Z,-8.05485613,-34.94982518,104,32.0,1.5299999713897705
2024-03-27T22:14:43Z,walk,2024-03-27T22:31:37Z,-8.05487112,-34.94982385,104,32.0,1.5299999713897705
2024-03-27T22:14:43Z,walk,2024-03-27T22:31:38Z,-8.05488611,-34.94982052,104,32.0,1.5199999809265137
2024-03-27T22:14:43Z,walk,2024-03-27T22:31:39Z,-8.05490078,-34.9498162,104,32.0,1.5199999809265137
2024-03-27T22:14:43Z,walk,2024-03-27T22:31:40Z,-8.05491577,-34.9498112,104,32.0,1.5199999809265137
2024-03-27T22:14:43Z,walk,2024-03-27T22:31:41Z,-8.0549281,-34.94980653,103,32.0,1.5199999809265137
2024-03-27T22:14:43Z,walk,2024-03-27T22:31:42Z,-8.05493643,-34.94980021,103,32.0,1.5199999809265137
2024-03-27T22:14:43Z,walk,2024-03-27T22:31:43Z,-8.05494443,-34.94979389,103,32.0,1.5199999809265137
2024-03-27T22:14:43Z,walk,2024-03-27T22:31:43Z,-8.05495242,-34.94978689,103,32.0,1.5199999809265137
2024-03-27T22:14:43Z,walk,2024-03-27T22:31:44Z,-8.05496142,-34.94978155,103,32.0,1.5099999904632568
2024-03-27T22:14:43Z,walk,2024-03-27T22:31:45Z,-8.05496907,-34.9497779,104,32.0,1.4500000476837158
2024-03-27T22:14:43Z,walk,2024-03-27T22:32:19Z,-8.05498207,-34.9497709,95,,1.3600000143051147
2024-03-27T22:14:43Z,walk,2024-03-27T22:32:20Z,-8.05498075,-34.94977389,95,,1.3600000143051147
2024-03-27T22:14:43Z,walk,2024-03-27T22:32:21Z,-8.05497875,-34.94978122,96,,0.6499999761581421
2024-03-27T22:14:43Z,walk,2024-03-27T22:32:22Z,-8.05497608,-34.94978788,97,,0.0
2024-03-27T22:14:43Z,walk,2024-03-27T22:32:23Z,-8.05497208,-34.94979521,97,,0.0
2024-03-27T22:14:43Z,walk,2024-03-27T22:32:24Z,-8.05496976,-34.94980354,99,,0.0
2024-03-27T22:14:43Z,walk,2024-03-27T22:32:25Z,-8.05496877,-34.94981354,100,,0.0
2024-03-27T22:14:43Z,walk,2024-03-27T22:32:26Z,-8.05497276,-34.94982653,100,,0.0
2024-03-27T22:14:43Z,walk,2024-03-27T22:32:27Z,-8.05497743,-34.94984119,102,,0.0
2024-03-27T22:14:43Z,walk,2024-03-27T22:32:28Z,-8.05498308,-34.94985619,104,,0.0
2024-03-27T22:14:43Z,walk,2024-03-27T22:32:29Z,-8.05499107,-34.94986651,105,,0.0
2024-03-27T22:14:43Z,walk,2024-03-27T22:32:30Z,-8.05499774,-34.94987485,106,,0.5600000023841858
2024-03-27T22:14:43Z,walk,2024-03-27T22:32:31Z,-8.05500306,-34.94988351,105,32.0,1.149999976158142
2024-03-27T22:14:43Z,walk,2024-03-27T22:32:32Z,-8.05500906,-34.94989217,105,32.0,1.149999976158142
2024-03-27T22:14:43Z,walk,2024-03-27T22:32:33Z,-8.05501772,-34.94990116,103,32.0,1.1799999475479126
2024-03-27T22:14:43Z,walk,2024-03-27T22:32:34Z,-8.05502672,-34.94991015,105,32.0,1.190000057220459
2024-03-27T22:14:43Z,walk,2024-03-27T22:32:35Z,-8.05503505,-34.94991914,103,32.0,1.2300000190734863
2024-03-27T22:14:43Z,walk,2024-03-27T22:32:36Z,-8.05504272,-34.94992681,103,32.0,1.25
2024-03-27T22:14:43Z,walk,2024-03-27T22:32:37Z,-8.05505171,-34.9499328,103,32.0,1.2300000190734863
2024-03-27T22:14:43Z,walk,2024-03-27T22:32:38Z,-8.05506371,-34.94993879,103,32.0,1.2300000190734863
2024-03-27T22:14:43Z,walk,2024-03-27T22:32:39Z,-8.05507803,-34.94994412,104,33.0,1.2300000190734863
2024-03-27T22:14:43Z,walk,2024-03-27T22:32:40Z,-8.05509169,-34.94994845,104,32.0,1.25
2024-03-27T22:14:43Z,walk,2024-03-27T22:32:41Z,-8.05510602,-34.94995344,104,32.0,1.2599999904632568
2024-03-27T22:14:43Z,walk,2024-03-27T22:32:42Z,-8.05512202,-34.94995811,103,32.0,1.2799999713897705
2024-03-27T22:14:43Z,walk,2024-03-27T22:32:43Z,-8.05513801,-34.94996378,102,32.0,1.350000023841858
2024-03-27T22:14:43Z,walk,2024-03-27T22:32:44Z,-8.05514901,-34.94997211,102,32.0,1.350000023841858
2024-03-27T22:14:43Z,walk,2024-03-27T22:32:45Z,-8.05515767,-34.94998244,101,32.0,1.4299999475479126
2024-03-27T22:14:43Z,walk,2024-03-27T22:32:46Z,-8.05516433,-34.94999344,102,32.0,1.4700000286102295
2024-03-27T22:14:43Z,walk,2024-03-27T22:32:47Z,-8.05517166,-34.9500051,102,32.0,1.4700000286102295
2024-03-27T22:14:43Z,walk,2024-03-27T22:32:48Z,-8.05517999,-34.95001942,102,32.0,1.4700000286102295
2024-03-27T22:14:43Z,walk,2024-03-27T22:32:49Z,-8.05518998,-34.95003576,102,33.0,1.4700000286102295
2024-03-27T22:14:43Z,walk,2024-03-27T22:32:50Z,-8.05519965,-34.95005141,102,33.0,1.4700000286102295
2024-03-27T22:14:43Z,walk,2024-03-27T22:32:51Z,-8.05520931,-34.95006607,102,33.0,1.5
2024-03-27T22:14:43Z,walk,2024-03-27T22:32:52Z,-8.05521664,-34.9500794,103,33.0,1.5099999904632568
2024-03-27T22:14:43Z,walk,2024-03-27T22:32:53Z,-8.05522497,-34.95009507,103,33.0,1.5099999904632568
2024-03-27T22:14:43Z,walk,2024-03-27T22:32:54Z,-8.05523331,-34.95011174,102,33.0,1.5399999618530273
2024-03-27T22:14:43Z,walk,2024-03-27T22:32:55Z,-8.0552413,-34.9501284,101,33.0,1.600000023841858
2024-03-27T22:14:43Z,walk,2024-03-27T22:32:56Z,-8.05524796,-34.95014439,99,33.0,1.649999976158142
2024-03-27T22:14:43Z,walk,2024-03-27T22:32:57Z,-8.05525529,-34.95016073,99,33.0,1.649999976158142
2024-03-27T22:14:43Z,walk,2024-03-27T22:32:58Z,-8.05526062,-34.95017739,99,33.0,1.7300000190734863
2024-03-27T22:14:43Z,walk,2024-03-27T22:32:59Z,-8.05526428,-34.95019639,99,32.0,1.75
2024-03-27T22:14:43Z,walk,2024-03-27T22:33:00Z,-8.05526727,-34.95021306,100,32.0,1.75
2024-03-27T22:14:43Z,walk,2024-03-27T22:33:01Z,-8.05527026,-34.95022605,101,32.0,1.7699999809265137
2024-03-27T22:14:43Z,walk,2024-03-27T22:33:02Z,-8.05527426,-34.95023838,100,32.0,1.7799999713897705
2024-03-27T22:14:43Z,walk,2024-03-27T22:33:03Z,-8.05527925,-34.95025104,100,32.0,1.7799999713897705
2024-03-27T22:14:43Z,walk,2024-03-27T22:33:04Z,-8.05528557,-34.95026337,100,32.0,1.7899999618530273
2024-03-27T22:14:43Z,walk,2024-03-27T22:33:05Z,-8.05529324,-34.95027737,100,32.0,1.7899999618530273
2024-03-27T22:14:43Z,walk,2024-03-27T22:33:06Z,-8.05530024,-34.9502897,99,32.0,1.7899999618530273
2024-03-27T22:14:43Z,walk,2024-03-27T22:33:07Z,-8.05530724,-34.95030303,99,32.0,1.7899999618530273
2024-03-27T22:14:43Z,walk,2024-03-27T22:33:08Z,-8.05531256,-34.95031769,98,31.0,1.7799999713897705
2024-03-27T22:14:43Z,walk,2024-03-27T22:33:09Z,-8.05531723,-34.95033268,98,31.0,1.7799999713897705
2024-03-27T22:14:43Z,walk,2024-03-27T22:33:10Z,-8.05532155,-34.95034801,97,32.0,1.7699999809265137
2024-03-27T22:14:43Z,walk,2024-03-27T22:33:11Z,-8.05532521,-34.95036333,97,31.0,1.7599999904632568
2024-03-27T22:14:43Z,walk,2024-03-27T22:33:12Z,-8.05532687,-34.95037766,97,31.0,1.7599999904632568
2024-03-27T22:14:43Z,walk,2024-03-27T22:33:13Z,-8.05532687,-34.95039299,97,31.0,1.7599999904632568
2024-03-27T22:14:43Z,walk,2024-03-27T22:33:14Z,-8.0553272,-34.95040965,97,31.0,1.75
2024-03-27T22:14:43Z,walk,2024-03-27T22:33:15Z,-8.05532753,-34.95042998,97,31.0,1.75
2024-03-27T22:14:43Z,walk,2024-03-27T22:33:16Z,-8.05532852,-34.95045164,97,31.0,1.75
2024-03-27T22:14:43Z,walk,2024-03-27T22:33:17Z,-8.05532952,-34.95047097,97,31.0,1.7400000095367432
2024-03-27T22:14:43Z,walk,2024-03-27T22:33:18Z,-8.05533118,-34.95048764,97,31.0,1.7400000095367432
2024-03-27T22:14:43Z,walk,2024-03-27T22:33:19Z,-8.05533318,-34.95050264,96,32.0,1.7400000095367432
2024-03-27T22:14:43Z,walk,2024-03-27T22:33:20Z,-8.05533417,-34.95051729,95,31.0,1.75
2024-03-27T22:14:43Z,walk,2024-03-27T22:33:21Z,-8.05533517,-34.95053195,95,31.0,1.75
2024-03-27T22:14:43Z,walk,2024-03-27T22:33:22Z,-8.05533549,-34.95054562,95,31.0,1.75
2024-03-27T22:14:43Z,walk,2024-03-27T22:33:23Z,-8.05533482,-34.95056094,96,32.0,1.75
2024-03-27T22:14:43Z,walk,2024-03-27T22:33:24Z,-8.05533117,-34.95057727,97,32.0,1.75
2024-03-27T22:14:43Z,walk,2024-03-27T22:33:25Z,-8.05532584,-34.95059261,98,32.0,1.75
2024-03-27T22:14:43Z,walk,2024-03-27T22:33:26Z,-8.05532284,-34.95060826,98,32.0,1.75
2024-03-27T22:14:43Z,walk,2024-03-27T22:33:27Z,-8.05532019,-34.95062426,98,32.0,1.75
2024-03-27T22:14:43Z,walk,2024-03-27T22:33:28Z,-8.05531686,-34.9506406,99,32.0,1.75
2024-03-27T22:14:43Z,walk,2024-03-27T22:33:29Z,-8.05531353,-34.95065559,98,32.0,1.75
2024-03-27T22:14:43Z,walk,2024-03-27T22:33:30Z,-8.0553102,-34.95067024,98,32.0,1.75
2024-03-27T22:14:43Z,walk,2024-03-27T22:33:31Z,-8.05530753,-34.95068558,98,32.0,1.75
2024-03-27T22:14:43Z,walk,2024-03-27T22:33:32Z,-8.05530554,-34.95070157,98,32.0,1.75
2024-03-27T22:14:43Z,walk,2024-03-27T22:33:33Z,-8.05530554,-34.9507179,98,32.0,1.75
2024-03-27T22:14:43Z,walk,2024-03-27T22:33:34Z,-8.05530521,-34.95073457,98,32.0,1.75
2024-03-27T22:14:43Z,walk,2024-03-27T22:33:35Z,-8.05530454,-34.95075189,98,32.0,1.75
2024-03-27T22:14:43Z,walk,2024-03-27T22:33:36Z,-8.05530322,-34.95076888,98,32.0,1.75
2024-03-27T22:14:43Z,walk,2024-03-27T22:33:37Z,-8.05530089,-34.95078521,99,32.0,1.75
2024-03-27T22:14:43Z,walk,2024-03-27T22:33:38Z,-8.05529923,-34.95080054,99,32.0,1.75
2024-03-27T22:14:43Z,walk,2024-03-27T22:33:39Z,-8.05529724,-34.95081454,99,32.0,1.75
2024-03-27T22:14:43Z,walk,2024-03-27T22:33:40Z,-8.05529424,-34.9508282,99,33.0,1.7599999904632568
2024-03-27T22:14:43Z,walk,2024-03-27T22:33:41Z,-8.05528958,-34.95084154,99,32.0,1.7599999904632568
2024-03-27T22:14:43Z,walk,2024-03-27T22:33:42Z,-8.05528491,-34.95085487,99,32.0,1.7599999904632568
2024-03-27T22:14:43Z,walk,2024-03-27T22:33:43Z,-8.05528158,-34.9508682,99,32.0,1.7599999904632568
2024-03-27T22:14:43Z,walk,2024-03-27T22:33:44Z,-8.05527959,-34.95088019,101,32.0,1.7599999904632568
2024-03-27T22:14:43Z,walk,2024-03-27T22:33:45Z,-8.05527759,-34.95089218,102,32.0,1.75
2024-03-27T22:14:43Z,walk,2024-03-27T22:33:46Z,-8.05527659,-34.95090417,102,32.0,1.75
2024-03-27T22:14:43Z,walk,2024-03-27T22:33:47Z,-8.05527726,-34.95091717,102,33.0,1.75
2024-03-27T22:14:43Z,walk,2024-03-27T22:33:48Z,-8.05527858,-34.95093117,102,32.0,1.7400000095367432
2024-03-27T22:14:43Z,walk,2024-03-27T22:33:49Z,-8.05528091,-34.9509435,102,33.0,1.7300000190734863
2024-03-27T22:14:43Z,walk,2024-03-27T22:33:50Z,-8.0552839,-34.95095716,102,33.0,1.7300000190734863
2024-03-27T22:14:43Z,walk,2024-03-27T22:33:51Z,-8.05528689,-34.95096983,102,33.0,1.7200000286102295
2024-03-27T22:14:43Z,walk,2024-03-27T22:33:52Z,-8.05528624,-34.95098182,102,33.0,1.7200000286102295
2024-03-27T22:14:43Z,walk,2024-03-27T22:33:53Z,-8.05528424,-34.95099249,103,33.0,1.7100000381469727
2024-03-27T22:14:43Z,walk,2024-03-27T22:33:54Z,-8.05528224,-34.95100148,104,33.0,1.7000000476837158
2024-03-27T22:14:43Z,walk,2024-03-27T22:33:55Z,-8.05528058,-34.95101248,105,32.0,1.690000057220459
2024-03-27T22:14:43Z,walk,2024-03-27T22:33:56Z,-8.05527991,-34.95102547,105,32.0,1.6799999475479126
2024-03-27T22:14:43Z,walk,2024-03-27T22:33:57Z,-8.05528091,-34.95103679,105,32.0,1.6799999475479126
2024-03-27T22:14:43Z,walk,2024-03-27T22:33:58Z,-8.05528457,-34.95104879,104,32.0,1.6699999570846558
2024-03-27T22:14:43Z,walk,2024-03-27T22:33:59Z,-8.05528923,-34.95106078,104,32.0,1.659999966621399
2024-03-27T22:14:43Z,walk,2024-03-27T22:34:00Z,-8.05529222,-34.9510731,104,32.0,1.659999966621399
2024-03-27T22:14:43Z,walk,2024-03-27T22:34:01Z,-8.05529354,-34.95108743,104,32.0,1.649999976158142
2024-03-27T22:14:43Z,walk,2024-03-27T22:34:02Z,-8.05529354,-34.95110209,105,32.0,1.649999976158142
2024-03-27T22:14:43Z,walk,2024-03-27T22:34:03Z,-8.05529387,-34.95111675,105,32.0,1.649999976158142
2024-03-27T22:14:43Z,walk,2024-03-27T22:34:04Z,-8.0552942,-34.95113008,106,32.0,1.649999976158142
2024-03-27T22:14:43Z,walk,2024-03-27T22:34:05Z,-8.05529287,-34.95114207,108,32.0,1.6399999856948853
2024-03-27T22:14:43Z,walk,2024-03-27T22:34:06Z,-8.05528887,-34.9511524,109,64.0,1.6299999952316284
2024-03-27T22:14:43Z,walk,2024-03-27T22:34:07Z,-8.05528054,-34.95115973,109,63.0,1.6299999952316284
2024-03-27T22:14:43Z,walk,2024-03-27T22:34:08Z,-8.05527055,-34.95116639,110,64.0,1.6200000047683716
2024-03-27T22:14:43Z,walk,2024-03-27T22:34:09Z,-8.05526056,-34.95117472,111,64.0,1.6200000047683716
2024-03-27T22:14:43Z,walk,2024-03-27T22:34:10Z,-8.05525156,-34.95118439,111,64.0,1.6200000047683716
2024-03-27T22:14:43Z,walk,2024-03-27T22:34:11Z,-8.05524389,-34.95119338,112,64.0,1.6100000143051147
2024-03-27T22:14:43Z,walk,2024-03-27T22:34:12Z,-8.0552389,-34.95120371,113,64.0,1.600000023841858
2024-03-27T22:14:43Z,walk,2024-03-27T22:34:13Z,-8.05523557,-34.95121337,115,64.0,1.590000033378601
2024-03-27T22:14:43Z,walk,2024-03-27T22:34:14Z,-8.05523524,-34.95122337,116,64.0,1.5800000429153442
2024-03-27T22:14:43Z,walk,2024-03-27T22:34:15Z,-8.05524023,-34.95123336,117,65.0,1.5700000524520874
2024-03-27T22:14:43Z,walk,2024-03-27T22:34:16Z,-8.05524789,-34.95124536,117,65.0,1.5700000524520874
2024-03-27T22:14:43Z,walk,2024-03-27T22:34:17Z,-8.05525522,-34.95126068,117,65.0,1.559999942779541
2024-03-27T22:14:43Z,walk,2024-03-27T22:34:18Z,-8.05526121,-34.95127534,116,63.0,1.559999942779541
2024-03-27T22:14:43Z,walk,2024-03-27T22:34:19Z,-8.0552662,-34.95128834,115,63.0,1.559999942779541
2024-03-27T22:14:43Z,walk,2024-03-27T22:34:20Z,-8.0552692,-34.95129934,109,64.0,1.5499999523162842
2024-03-27T22:14:43Z,walk,2024-03-27T22:34:21Z,-8.05527052,-34.95131,111,64.0,1.559999942779541
2024-03-27T22:14:43Z,walk,2024-03-27T22:34:22Z,-8.05527184,-34.95132466,111,64.0,1.559999942779541
2024-03-27T22:14:43Z,walk,2024-03-27T22:34:23Z,-8.05527283,-34.95134232,110,64.0,1.559999942779541
2024-03-27T22:14:43Z,walk,2024-03-27T22:34:24Z,-8.05527184,-34.95135798,110,64.0,1.559999942779541
2024-03-27T22:14:43Z,walk,2024-03-27T22:34:25Z,-8.05527184,-34.95137397,111,64.0,1.559999942779541
2024-03-27T22:14:43Z,walk,2024-03-27T22:34:26Z,-8.05527084,-34.95138964,111,64.0,1.5700000524520874
2024-03-27T22:14:43Z,walk,2024-03-27T22:34:27Z,-8.05527052,-34.95140564,111,64.0,1.5700000524520874
2024-03-27T22:14:43Z,walk,2024-03-27T22:34:28Z,-8.05527084,-34.95142096,111,64.0,1.5700000524520874
2024-03-27T22:14:43Z,walk,2024-03-27T22:34:29Z,-8.05526952,-34.9514343,111,64.0,1.5800000429153442
2024-03-27T22:14:43Z,walk,2024-03-27T22:34:30Z,-8.0552692,-34.95144595,110,65.0,1.5800000429153442
2024-03-27T22:14:43Z,walk,2024-03-27T22:34:31Z,-8.0552672,-34.95145662,110,64.0,1.590000033378601
2024-03-27T22:14:43Z,walk,2024-03-27T22:34:32Z,-8.0552632,-34.95146694,111,65.0,1.600000023841858
2024-03-27T22:14:43Z,walk,2024-03-27T22:34:33Z,-8.05525821,-34.95147961,112,65.0,1.600000023841858
2024-03-27T22:14:43Z,walk,2024-03-27T22:34:34Z,-8.05525222,-34.95149227,112,65.0,1.600000023841858
2024-03-27T22:14:43Z,walk,2024-03-27T22:34:35Z,-8.05524722,-34.9515046,114,64.0,1.600000023841858
2024-03-27T22:14:43Z,walk,2024-03-27T22:34:36Z,-8.05524156,-34.95151793,115,64.0,1.600000023841858
2024-03-27T22:14:43Z,walk,2024-03-27T22:34:37Z,-8.05523623,-34.95153026,115,65.0,1.600000023841858
2024-03-27T22:14:43Z,walk,2024-03-27T22:34:38Z,-8.05522989,-34.95154158,115,65.0,1.600000023841858
2024-03-27T22:14:43Z,walk,2024-03-27T22:34:39Z,-8.05522323,-34.95155191,116,65.0,1.600000023841858
2024-03-27T22:14:43Z,walk,2024-03-27T22:34:40Z,-8.05521724,-34.9515629,116,65.0,1.600000023841858
2024-03-27T22:14:43Z,walk,2024-03-27T22:34:41Z,-8.05521324,-34.95157557,115,66.0,1.600000023841858
2024-03-27T22:14:43Z,walk,2024-03-27T22:34:42Z,-8.05521057,-34.95158924,115,66.0,1.590000033378601
2024-03-27T22:14:43Z,walk,2024-03-27T22:34:43Z,-8.05520758,-34.95160257,114,65.0,1.590000033378601
2024-03-27T22:14:43Z,walk,2024-03-27T22:34:44Z,-8.05520459,-34.95161657,112,64.0,1.5800000429153442
2024-03-27T22:14:43Z,walk,2024-03-27T22:34:45Z,-8.05519926,-34.95163089,110,65.0,1.5800000429153442
2024-03-27T22:14:43Z,walk,2024-03-27T22:34:46Z,-8.05519359,-34.95164355,110,65.0,1.5800000429153442
2024-03-27T22:14:43Z,walk,2024-03-27T22:34:47Z,-8.0551876,-34.95165888,109,65.0,1.5800000429153442
2024-03-27T22:14:43Z,walk,2024-03-27T22:34:48Z,-8.0551836,-34.95167454,108,65.0,1.5800000429153442
2024-03-27T22:14:43Z,walk,2024-03-27T22:34:49Z,-8.05518128,-34.95168953,108,65.0,1.5800000429153442
2024-03-27T22:14:43Z,walk,2024-03-27T22:34:50Z,-8.05517861,-34.95170386,108,65.0,1.5800000429153442
2024-03-27T22:14:43Z,walk,2024-03-27T22:34:51Z,-8.05517695,-34.95171852,107,65.0,1.590000033378601
2024-03-27T22:14:43Z,walk,2024-03-27T22:34:52Z,-8.05517462,-34.95173219,107,65.0,1.590000033378601
2024-03-27T22:14:43Z,walk,2024-03-27T22:34:53Z,-8.0551723,-34.95174951,107,64.0,1.590000033378601
2024-03-27T22:14:43Z,walk,2024-03-27T22:34:54Z,-8.0551703,-34.95176884,108,65.0,1.590000033378601
2024-03-27T22:14:43Z,walk,2024-03-27T22:34:55Z,-8.05516963,-34.95179118,108,64.0,1.600000023841858
2024-03-27T22:14:43Z,walk,2024-03-27T22:34:56Z,-8.0551703,-34.9518165,108,65.0,1.600000023841858
2024-03-27T22:14:43Z,walk,2024-03-27T22:34:57Z,-8.05517363,-34.95184049,108,64.0,1.6100000143051147
2024-03-27T22:14:43Z,walk,2024-03-27T22:34:58Z,-8.05517862,-34.95186216,108,64.0,1.6100000143051147
2024-03-27T22:14:43Z,walk,2024-03-27T22:34:59Z,-8.05518462,-34.95188181,107,65.0,1.6100000143051147
2024-03-27T22:14:43Z,walk,2024-03-27T22:35:00Z,-8.05519295,-34.9518998,107,64.0,1.6200000047683716
2024-03-27T22:14:43Z,walk,2024-03-27T22:35:01Z,-8.05520194,-34.95191614,108,64.0,1.6299999952316284
2024-03-27T22:14:43Z,walk,2024-03-27T22:35:02Z,-8.05520894,-34.95193046,109,63.0,1.649999976158142
2024-03-27T22:14:43Z,walk,2024-03-27T22:35:03Z,-8.05521461,-34.95194446,109,64.0,1.659999966621399
2024-03-27T22:14:43Z,walk,2024-03-27T22:35:04Z,-8.05521994,-34.95195779,109,64.0,1.659999966621399
2024-03-27T22:14:43Z,walk,2024-03-27T22:35:05Z,-8.05522261,-34.95197113,109,64.0,1.659999966621399
2024-03-27T22:14:43Z,walk,2024-03-27T22:35:06Z,-8.05522293,-34.95198445,108,64.0,1.6699999570846558
2024-03-27T22:14:43Z,walk,2024-03-27T22:35:07Z,-8.05522093,-34.95199978,107,64.0,1.6699999570846558
2024-03-27T22:14:43Z,walk,2024-03-27T22:35:08Z,-8.05521861,-34.95201645,107,64.0,1.6699999570846558
2024-03-27T22:14:43Z,walk,2024-03-27T22:35:09Z,-8.05521695,-34.95203377,106,64.0,1.6699999570846558
2024-03-27T22:14:43Z,walk,2024-03-27T22:35:10Z,-8.05521563,-34.9520511,106,64.0,1.6699999570846558
2024-03-27T22:14:43Z,walk,2024-03-27T22:35:11Z,-8.05521496,-34.95206809,110,64.0,1.6699999570846558
2024-03-27T22:14:43Z,walk,2024-03-27T22:35:12Z,-8.05521396,-34.95208409,111,64.0,1.6699999570846558
2024-03-27T22:14:43Z,walk,2024-03-27T22:35:13Z,-8.05521231,-34.95210008,112,64.0,1.6699999570846558
2024-03-27T22:14:43Z,walk,2024-03-27T22:35:14Z,-8.05520931,-34.95211707,113,64.0,1.6699999570846558
2024-03-27T22:14:43Z,walk,2024-03-27T22:35:15Z,-8.05520565,-34.95213173,113,64.0,1.6799999475479126
2024-03-27T22:14:43Z,walk,2024-03-27T22:35:16Z,-8.05520166,-34.95214539,113,64.0,1.6799999475479126
2024-03-27T22:14:43Z,walk,2024-03-27T22:35:17Z,-8.055198,-34.95215706,113,64.0,1.6799999475479126
2024-03-27T22:14:43Z,walk,2024-03-27T22:35:18Z,-8.05519167,-34.95216838,113,64.0,1.6799999475479126
2024-03-27T22:14:43Z,walk,2024-03-27T22:35:19Z,-8.05518401,-34.95218204,113,65.0,1.6799999475479126
2024-03-27T22:14:43Z,walk,2024-03-27T22:35:20Z,-8.05517636,-34.95219604,113,65.0,1.6799999475479126
2024-03-27T22:14:43Z,walk,2024-03-27T22:35:21Z,-8.05517002,-34.95221104,114,64.0,1.6799999475479126
2024-03-27T22:14:43Z,walk,2024-03-27T22:35:22Z,-8.05516402,-34.95222536,114,64.0,1.6799999475479126
2024-03-27T22:14:43Z,walk,2024-03-27T22:35:23Z,-8.05516069,-34.95224102,115,64.0,1.6799999475479126
2024-03-27T22:14:43Z,walk,2024-03-27T22:35:24Z,-8.05515703,-34.95225702,115,63.0,1.6799999475479126
2024-03-27T22:14:43Z,walk,2024-03-27T22:35:25Z,-8.05515438,-34.95227335,115,63.0,1.6799999475479126
2024-03-27T22:14:43Z,walk,2024-03-27T22:35:26Z,-8.05515039,-34.95229067,114,63.0,1.6799999475479126
2024-03-27T22:14:43Z,walk,2024-03-27T22:35:27Z,-8.05514705,-34.95230901,114,63.0,1.6799999475479126
2024-03-27T22:14:43Z,walk,2024-03-27T22:35:28Z,-8.05514473,-34.95232666,114,63.0,1.6799999475479126
2024-03-27T22:14:43Z,walk,2024-03-27T22:35:29Z,-8.05514341,-34.95234465,114,63.0,1.6799999475479126
2024-03-27T22:14:43Z,walk,2024-03-27T22:35:30Z,-8.05514341,-34.95235999,114,63.0,1.6799999475479126
2024-03-27T22:14:43Z,walk,2024-03-27T22:35:31Z,-8.05514506,-34.95237264,113,64.0,1.6799999475479126
2024-03-27T22:14:43Z,walk,2024-03-27T22:35:32Z,-8.05514506,-34.95238598,113,65.0,1.6799999475479126
2024-03-27T22:14:43Z,walk,2024-03-27T22:35:33Z,-8.05514407,-34.95239864,113,65.0,1.6799999475479126
2024-03-27T22:14:43Z,walk,2024-03-27T22:35:34Z,-8.05514342,-34.95241063,113,65.0,1.6799999475479126
2024-03-27T22:14:43Z,walk,2024-03-27T22:35:35Z,-8.05514342,-34.95242329,113,65.0,1.6799999475479126
2024-03-27T22:14:43Z,walk,2024-03-27T22:35:36Z,-8.05514441,-34.95243629,113,63.0,1.6699999570846558
2024-03-27T22:14:43Z,walk,2024-03-27T22:35:37Z,-8.05514573,-34.95244996,114,64.0,1.6699999570846558
2024-03-27T22:14:43Z,walk,2024-03-27T22:35:38Z,-8.05514606,-34.95246461,114,64.0,1.659999966621399
2024-03-27T22:14:43Z,walk,2024-03-27T22:35:39Z,-8.05514474,-34.95247994,115,64.0,1.659999966621399
2024-03-27T22:14:43Z,walk,2024-03-27T22:35:40Z,-8.05514108,-34.95249794,116,64.0,1.649999976158142
2024-03-27T22:14:43Z,walk,2024-03-27T22:35:41Z,-8.05513742,-34.95251493,116,64.0,1.649999976158142
2024-03-27T22:14:43Z,walk,2024-03-27T22:35:42Z,-8.05513475,-34.95253025,116,64.0,1.649999976158142
2024-03-27T22:14:43Z,walk,2024-03-27T22:35:43Z,-8.05513209,-34.95254425,117,64.0,1.649999976158142
2024-03-27T22:14:43Z,walk,2024-03-27T22:35:44Z,-8.05513109,-34.95255658,118,64.0,1.649999976158142
2024-03-27T22:14:43Z,walk,2024-03-27T22:35:45Z,-8.05512977,-34.95257157,118,65.0,1.6399999856948853
2024-03-27T22:14:43Z,walk,2024-03-27T22:35:46Z,-8.05512878,-34.9525869,118,66.0,1.6399999856948853
2024-03-27T22:14:43Z,walk,2024-03-27T22:35:47Z,-8.05512878,-34.9526019,118,66.0,1.6399999856948853
2024-03-27T22:14:43Z,walk,2024-03-27T22:35:48Z,-8.05512878,-34.95261556,118,66.0,1.6399999856948853
2024-03-27T22:14:43Z,walk,2024-03-27T22:35:49Z,-8.05512811,-34.95262889,118,66.0,1.6399999856948853
2024-03-27T22:14:43Z,walk,2024-03-27T22:35:50Z,-8.05512712,-34.95264289,118,66.0,1.6299999952316284
2024-03-27T22:14:43Z,walk,2024-03-27T22:35:51Z,-8.05512546,-34.95265655,118,66.0,1.6299999952316284
2024-03-27T22:14:43Z,walk,2024-03-27T22:35:52Z,-8.05512279,-34.95266854,118,66.0,1.6299999952316284
2024-03-27T22:14:43Z,walk,2024-03-27T22:35:53Z,-8.05511813,-34.95267988,118,66.0,1.6299999952316284
2024-03-27T22:14:43Z,walk,2024-03-27T22:35:54Z,-8.05511213,-34.95269188,120,66.0,1.6299999952316284
2024-03-27T22:14:43Z,walk,2024-03-27T22:35:55Z,-8.05510513,-34.95270588,120,66.0,1.6200000047683716
2024-03-27T22:14:43Z,walk,2024-03-27T22:35:56Z,-8.05509981,-34.95271988,121,65.0,1.6200000047683716
2024-03-27T22:14:43Z,walk,2024-03-27T22:35:57Z,-8.05509781,-34.95273187,122,64.0,1.6200000047683716
2024-03-27T22:14:43Z,walk,2024-03-27T22:35:58Z,-8.05509748,-34.95274253,121,64.0,1.6200000047683716
2024-03-27T22:14:43Z,walk,2024-03-27T22:35:58Z,-8.05509848,-34.95275353,121,64.0,1.6200000047683716
2024-03-27T22:14:43Z,walk,2024-03-27T22:35:59Z,-8.05509913,-34.95276586,121,64.0,1.6100000143051147
2024-03-27T22:14:43Z,walk,2024-03-27T22:36:00Z,-8.05509946,-34.95277852,121,65.0,1.6100000143051147
2024-03-27T22:14:43Z,walk,2024-03-27T22:36:01Z,-8.05509913,-34.95279118,122,65.0,1.6100000143051147
2024-03-27T22:14:43Z,walk,2024-03-27T22:36:02Z,-8.05509913,-34.95280384,122,65.0,1.600000023841858
2024-03-27T22:14:43Z,walk,2024-03-27T22:36:03Z,-8.05509848,-34.9528155,123,65.0,1.590000033378601
2024-03-27T22:14:43Z,walk,2024-03-27T22:36:04Z,-8.05509781,-34.95282849,123,65.0,1.590000033378601
2024-03-27T22:14:43Z,walk,2024-03-27T22:36:05Z,-8.05509714,-34.95284149,123,64.0,1.5800000429153442
2024-03-27T22:14:43Z,walk,2024-03-27T22:36:06Z,-8.05509582,-34.95285449,123,63.0,1.5700000524520874
2024-03-27T22:14:43Z,walk,2024-03-27T22:36:07Z,-8.0550945,-34.95286715,123,63.0,1.5700000524520874
2024-03-27T22:14:43Z,walk,2024-03-27T22:36:08Z,-8.05509316,-34.95287815,123,64.0,1.559999942779541
2024-03-27T22:14:43Z,walk,2024-03-27T22:36:09Z,-8.05509284,-34.95289081,123,64.0,1.559999942779541
2024-03-27T22:14:43Z,walk,2024-03-27T22:36:10Z,-8.05509217,-34.95290247,123,64.0,1.559999942779541
2024-03-27T22:14:43Z,walk,2024-03-27T22:36:11Z,-8.05508984,-34.95291513,123,63.0,1.5499999523162842
2024-03-27T22:14:43Z,walk,2024-03-27T22:36:12Z,-8.05508718,-34.9529288,123,64.0,1.5399999618530273
2024-03-27T22:14:43Z,walk,2024-03-27T22:36:13Z,-8.05508485,-34.95294312,124,64.0,1.5299999713897705
2024-03-27T22:14:43Z,walk,2024-03-27T22:36:14Z,-8.05508253,-34.95295744,124,64.0,1.5299999713897705
2024-03-27T22:14:43Z,walk,2024-03-27T22:36:15Z,-8.0550802,-34.95297344,124,64.0,1.5199999809265137
2024-03-27T22:14:43Z,walk,2024-03-27T22:36:16Z,-8.05507755,-34.95298978,124,64.0,1.5199999809265137
2024-03-27T22:14:43Z,walk,2024-03-27T22:36:17Z,-8.05507522,-34.95300543,124,64.0,1.5199999809265137
2024-03-27T22:14:43Z,walk,2024-03-27T22:36:18Z,-8.05507257,-34.95302276,124,64.0,1.5199999809265137
2024-03-27T22:14:43Z,walk,2024-03-27T22:36:19Z,-8.05507024,-34.95303909,124,63.0,1.5199999809265137
2024-03-27T22:14:43Z,walk,2024-03-27T22:36:20Z,-8.05506958,-34.95305576,124,63.0,1.5199999809265137
2024-03-27T22:14:43Z,walk,2024-03-27T22:36:21Z,-8.05507158,-34.95307176,125,64.0,1.5199999809265137
2024-03-27T22:14:43Z,walk,2024-03-27T22:36:22Z,-8.05507558,-34.95308809,125,64.0,1.5199999809265137
2024-03-27T22:14:43Z,walk,2024-03-27T22:36:23Z,-8.05507923,-34.95310308,126,65.0,1.5199999809265137
2024-03-27T22:14:43Z,walk,2024-03-27T22:36:24Z,-8.05508257,-34.95311941,125,65.0,1.5299999713897705
2024-03-27T22:14:43Z,walk,2024-03-27T22:36:25Z,-8.05508322,-34.95313707,125,65.0,1.5299999713897705
2024-03-27T22:14:43Z,walk,2024-03-27T22:36:26Z,-8.05508456,-34.95315206,125,65.0,1.5399999618530273
2024-03-27T22:14:43Z,walk,2024-03-27T22:36:27Z,-8.05508855,-34.95316773,126,65.0,1.5399999618530273
2024-03-27T22:14:43Z,walk,2024-03-27T22:36:28Z,-8.05509355,-34.95318139,126,65.0,1.5399999618530273
2024-03-27T22:14:43Z,walk,2024-03-27T22:36:29Z,-8.05509687,-34.95319672,127,65.0,1.5499999523162842
2024-03-27T22:14:43Z,walk,2024-03-27T22:36:30Z,-8.0550992,-34.95321171,126,65.0,1.559999942779541
2024-03-27T22:14:43Z,walk,2024-03-27T22:36:31Z,-8.05510019,-34.95322737,125,65.0,1.559999942779541
2024-03-27T22:14:43Z,walk,2024-03-27T22:36:32Z,-8.05510019,-34.95324337,125,65.0,1.5700000524520874
2024-03-27T22:14:43Z,walk,2024-03-27T22:36:33Z,-8.05509854,-34.9532607,125,64.0,1.5700000524520874
2024-03-27T22:14:43Z,walk,2024-03-27T22:36:34Z,-8.0550982,-34.9532767,125,64.0,1.5700000524520874
2024-03-27T22:14:43Z,walk,2024-03-27T22:36:35Z,-8.0550982,-34.95329169,125,64.0,1.5700000524520874
2024-03-27T22:14:43Z,walk,2024-03-27T22:36:36Z,-8.05509887,-34.95330469,125,64.0,1.5800000429153442
2024-03-27T22:14:43Z,walk,2024-03-27T22:36:37Z,-8.05510287,-34.95331834,125,64.0,1.5800000429153442
2024-03-27T22:14:43Z,walk,2024-03-27T22:36:38Z,-8.05510753,-34.95333134,125,64.0,1.590000033378601
2024-03-27T22:14:43Z,walk,2024-03-27T22:36:39Z,-8.05511153,-34.95334501,125,63.0,1.590000033378601
2024-03-27T22:14:43Z,walk,2024-03-27T22:36:40Z,-8.05511452,-34.95335801,125,63.0,1.590000033378601
2024-03-27T22:14:43Z,walk,2024-03-27T22:36:41Z,-8.05511852,-34.95336833,125,63.0,1.590000033378601
2024-03-27T22:14:43Z,walk,2024-03-27T22:36:42Z,-8.05512518,-34.95337732,126,63.0,1.590000033378601
2024-03-27T22:14:43Z,walk,2024-03-27T22:36:43Z,-8.05513117,-34.95338299,126,64.0,1.5800000429153442
2024-03-27T22:14:43Z,walk,2024-03-27T22:36:44Z,-8.05513684,-34.95338832,127,64.0,1.5800000429153442
2024-03-27T22:14:43Z,walk,2024-03-27T22:36:45Z,-8.05514084,-34.95339599,126,64.0,1.5800000429153442
2024-03-27T22:14:43Z,walk,2024-03-27T22:36:46Z,-8.05514516,-34.95340632,125,64.0,1.5700000524520874
2024-03-27T22:14:43Z,walk,2024-03-27T22:36:47Z,-8.0551485,-34.95341732,125,64.0,1.5700000524520874
2024-03-27T22:14:43Z,walk,2024-03-27T22:36:48Z,-8.05515115,-34.95342931,125,63.0,1.559999942779541
2024-03-27T22:14:43Z,walk,2024-03-27T22:36:49Z,-8.05515481,-34.9534443,125,64.0,1.5499999523162842
2024-03-27T22:14:43Z,walk,2024-03-27T22:36:50Z,-8.05515913,-34.95345997,125,63.0,1.5399999618530273
2024-03-27T22:14:43Z,walk,2024-03-27T22:36:51Z,-8.05516412,-34.95347529,125,64.0,1.5199999809265137
2024-03-27T22:14:43Z,walk,2024-03-27T22:36:52Z,-8.05517145,-34.95348929,125,65.0,1.5099999904632568
2024-03-27T22:14:43Z,walk,2024-03-27T22:36:53Z,-8.05517978,-34.95350362,125,65.0,1.5099999904632568
2024-03-27T22:14:43Z,walk,2024-03-27T22:36:54Z,-8.05518878,-34.95351628,125,65.0,1.5
2024-03-27T22:14:43Z,walk,2024-03-27T22:36:55Z,-8.05519911,-34.95352661,126,64.0,1.5
2024-03-27T22:14:43Z,walk,2024-03-27T22:36:56Z,-8.05520944,-34.95353561,127,65.0,1.5
2024-03-27T22:14:43Z,walk,2024-03-27T22:36:57Z,-8.05521944,-34.95354293,128,64.0,1.5
2024-03-27T22:14:43Z,walk,2024-03-27T22:36:58Z,-8.05523243,-34.95354826,128,64.0,1.5
2024-03-27T22:14:43Z,walk,2024-03-27T22:36:59Z,-8.05524543,-34.95355192,128,63.0,1.5
2024-03-27T22:14:43Z,walk,2024-03-27T22:37:00Z,-8.05525675,-34.95355759,128,63.0,1.5
2024-03-27T22:14:43Z,walk,2024-03-27T22:37:01Z,-8.05526708,-34.95356492,127,63.0,1.4900000095367432
2024-03-27T22:14:43Z,walk,2024-03-27T22:37:02Z,-8.05527707,-34.95357292,127,63.0,1.4900000095367432
2024-03-27T22:14:43Z,walk,2024-03-27T22:37:03Z,-8.05528506,-34.95358325,126,63.0,1.4900000095367432
2024-03-27T22:14:43Z,walk,2024-03-27T22:37:04Z,-8.05529005,-34.95359725,126,63.0,1.4900000095367432
2024-03-27T22:14:43Z,walk,2024-03-27T22:37:05Z,-8.05529504,-34.95361125,125,63.0,1.4800000190734863
2024-03-27T22:14:43Z,walk,2024-03-27T22:37:06Z,-8.05530071,-34.95362591,124,63.0,1.4800000190734863
2024-03-27T22:14:43Z,walk,2024-03-27T22:37:07Z,-8.05530704,-34.95364023,124,63.0,1.4700000286102295
2024-03-27T22:14:43Z,walk,2024-03-27T22:37:08Z,-8.05531137,-34.95365357,124,63.0,1.4700000286102295
2024-03-27T22:14:43Z,walk,2024-03-27T22:37:09Z,-8.05531437,-34.95366756,124,63.0,1.4700000286102295
2024-03-27T22:14:43Z,walk,2024-03-27T22:37:10Z,-8.05532002,-34.95368122,124,63.0,1.4600000381469727
2024-03-27T22:14:43Z,walk,2024-03-27T22:37:11Z,-8.05532769,-34.95369389,124,63.0,1.4600000381469727
2024-03-27T22:14:43Z,walk,2024-03-27T22:37:12Z,-8.05533735,-34.95370555,124,63.0,1.4600000381469727
2024-03-27T22:14:43Z,walk,2024-03-27T22:37:13Z,-8.05534801,-34.95371588,123,63.0,1.4600000381469727
2024-03-27T22:14:43Z,walk,2024-03-27T22:37:14Z,-8.05536034,-34.9537252,123,64.0,1.4600000381469727
2024-03-27T22:14:43Z,walk,2024-03-27T22:37:15Z,-8.055371,-34.95373419,123,64.0,1.4600000381469727
2024-03-27T22:14:43Z,walk,2024-03-27T22:37:16Z,-8.05538133,-34.95374318,120,64.0,1.4600000381469727
2024-03-27T22:14:43Z,walk,2024-03-27T22:37:17Z,-8.05539332,-34.95375052,120,64.0,1.4600000381469727
2024-03-27T22:14:43Z,walk,2024-03-27T22:37:18Z,-8.05540432,-34.95375852,118,64.0,1.4600000381469727
2024-03-27T22:14:43Z,walk,2024-03-27T22:37:19Z,-8.05541764,-34.95376751,116,63.0,1.4500000476837158
2024-03-27T22:14:43Z,walk,2024-03-27T22:37:20Z,-8.05543164,-34.95377751,113,64.0,1.4500000476837158
2024-03-27T22:14:43Z,walk,2024-03-27T22:37:21Z,-8.05544596,-34.9537885,112,64.0,1.4500000476837158
2024-03-27T22:14:43Z,walk,2024-03-27T22:37:22Z,-8.05545863,-34.95380116,113,64.0,1.4500000476837158
2024-03-27T22:14:43Z,walk,2024-03-27T22:37:23Z,-8.05547162,-34.95381549,113,64.0,1.4500000476837158
2024-03-27T22:14:43Z,walk,2024-03-27T22:37:24Z,-8.05548329,-34.95382882,115,64.0,1.4500000476837158
2024-03-27T22:14:43Z,walk,2024-03-27T22:37:25Z,-8.05549362,-34.95384148,115,64.0,1.4600000381469727
2024-03-27T22:14:43Z,walk,2024-03-27T22:37:26Z,-8.05550195,-34.95385614,114,64.0,1.4700000286102295
2024-03-27T22:14:43Z,walk,2024-03-27T22:37:27Z,-8.05550794,-34.95387247,113,64.0,1.4700000286102295
2024-03-27T22:14:43Z,walk,2024-03-27T22:37:28Z,-8.05551228,-34.95388713,113,63.0,1.4800000190734863
2024-03-27T22:14:43Z,walk,2024-03-27T22:37:29Z,-8.05551694,-34.95390312,113,63.0,1.4800000190734863
2024-03-27T22:14:43Z,walk,2024-03-27T22:37:30Z,-8.05552128,-34.95391846,112,63.0,1.4900000095367432
2024-03-27T22:14:43Z,walk,2024-03-27T22:37:31Z,-8.05552427,-34.95393278,112,63.0,1.5
2024-03-27T22:14:43Z,walk,2024-03-27T22:37:32Z,-8.05552793,-34.95394744,113,63.0,1.5099999904632568
2024-03-27T22:14:43Z,walk,2024-03-27T22:37:33Z,-8.05553192,-34.9539611,113,63.0,1.5099999904632568
2024-03-27T22:14:43Z,walk,2024-03-27T22:37:34Z,-8.05553626,-34.95397543,113,63.0,1.5199999809265137
2024-03-27T22:14:43Z,walk,2024-03-27T22:37:35Z,-8.05554026,-34.95398876,113,63.0,1.5199999809265137
2024-03-27T22:14:43Z,walk,2024-03-27T22:37:36Z,-8.05554291,-34.95400308,113,63.0,1.5199999809265137
2024-03-27T22:14:43Z,walk,2024-03-27T22:37:37Z,-8.05554524,-34.95401807,113,63.0,1.5299999713897705
2024-03-27T22:14:43Z,walk,2024-03-27T22:37:38Z,-8.05554557,-34.95403207,113,31.0,1.5299999713897705
2024-03-27T22:14:43Z,walk,2024-03-27T22:37:39Z,-8.05554457,-34.95404807,112,31.0,1.5299999713897705
2024-03-27T22:14:43Z,walk,2024-03-27T22:37:40Z,-8.05554358,-34.95406273,112,31.0,1.5399999618530273
2024-03-27T22:14:43Z,walk,2024-03-27T22:37:41Z,-8.0555439,-34.9540764,112,31.0,1.5399999618530273
2024-03-27T22:14:43Z,walk,2024-03-27T22:37:42Z,-8.05554657,-34.95408872,113,31.0,1.5399999618530273
2024-03-27T22:14:43Z,walk,2024-03-27T22:37:43Z,-8.0555489,-34.95409972,113,31.0,1.5399999618530273
2024-03-27T22:14:43Z,walk,2024-03-27T22:37:44Z,-8.05555089,-34.95411339,113,31.0,1.5399999618530273
2024-03-27T22:14:43Z,walk,2024-03-27T22:37:45Z,-8.05555156,-34.95412605,113,31.0,1.5499999523162842
2024-03-27T22:14:43Z,walk,2024-03-27T22:37:46Z,-8.0555489,-34.95413804,114,31.0,1.5499999523162842
2024-03-27T22:14:43Z,walk,2024-03-27T22:37:47Z,-8.0555449,-34.95414871,114,31.0,1.5499999523162842
2024-03-27T22:14:43Z,walk,2024-03-27T22:37:48Z,-8.05553858,-34.95415937,114,31.0,1.5399999618530273
2024-03-27T22:14:43Z,walk,2024-03-27T22:37:49Z,-8.05553125,-34.9541717,114,31.0,1.5399999618530273
2024-03-27T22:14:43Z,walk,2024-03-27T22:37:50Z,-8.05552558,-34.9541857,114,31.0,1.5399999618530273
2024-03-27T22:14:43Z,walk,2024-03-27T22:37:51Z,-8.05552159,-34.95420002,114,31.0,1.5399999618530273
2024-03-27T22:14:43Z,walk,2024-03-27T22:37:52Z,-8.05551926,-34.95421336,114,32.0,1.5299999713897705
2024-03-27T22:14:43Z,walk,2024-03-27T22:37:53Z,-8.05551859,-34.95422568,114,32.0,1.5299999713897705
2024-03-27T22:14:43Z,walk,2024-03-27T22:37:54Z,-8.05551792,-34.95424,114,32.0,1.5299999713897705
2024-03-27T22:14:43Z,walk,2024-03-27T22:37:55Z,-8.0555176,-34.95425499,114,32.0,1.5299999713897705
2024-03-27T22:14:43Z,walk,2024-03-27T22:37:56Z,-8.05551792,-34.95427066,114,31.0,1.5299999713897705
2024-03-27T22:14:43Z,walk,2024-03-27T22:37:57Z,-8.05551792,-34.95428598,116,31.0,1.5299999713897705
2024-03-27T22:14:43Z,walk,2024-03-27T22:37:58Z,-8.05551693,-34.95430132,117,31.0,1.5299999713897705
2024-03-27T22:14:43Z,walk,2024-03-27T22:37:59Z,-8.0555176,-34.95431631,117,31.0,1.5299999713897705
2024-03-27T22:14:43Z,walk,2024-03-27T22:38:00Z,-8.05551628,-34.95433164,117,31.0,1.5299999713897705
2024-03-27T22:14:43Z,walk,2024-03-27T22:38:01Z,-8.05551428,-34.95434663,117,31.0,1.5399999618530273
2024-03-27T22:14:43Z,walk,2024-03-27T22:38:02Z,-8.05551228,-34.95436063,117,31.0,1.5399999618530273
2024-03-27T22:14:43Z,walk,2024-03-27T22:38:03Z,-8.05551228,-34.95437329,117,31.0,1.5399999618530273
2024-03-27T22:14:43Z,walk,2024-03-27T22:38:04Z,-8.05551261,-34.95438729,117,63.0,1.5399999618530273
2024-03-27T22:14:43Z,walk,2024-03-27T22:38:05Z,-8.05551393,-34.95440095,117,63.0,1.5399999618530273
2024-03-27T22:14:43Z,walk,2024-03-27T22:38:06Z,-8.05551526,-34.95441462,118,63.0,1.5399999618530273
2024-03-27T22:14:43Z,walk,2024-03-27T22:38:07Z,-8.05551592,-34.95442795,119,64.0,1.5399999618530273
2024-03-27T22:14:43Z,walk,2024-03-27T22:38:08Z,-8.05551492,-34.95444261,119,65.0,1.5399999618530273
2024-03-27T22:14:43Z,walk,2024-03-27T22:38:09Z,-8.0555136,-34.95445661,119,64.0,1.5399999618530273
2024-03-27T22:14:43Z,walk,2024-03-27T22:38:10Z,-8.05551061,-34.95446994,118,64.0,1.5399999618530273
2024-03-27T22:14:43Z,walk,2024-03-27T22:38:11Z,-8.05550794,-34.95448293,118,64.0,1.5399999618530273
2024-03-27T22:14:43Z,walk,2024-03-27T22:38:12Z,-8.05550529,-34.95449593,118,64.0,1.5399999618530273
2024-03-27T22:14:43Z,walk,2024-03-27T22:38:13Z,-8.05550296,-34.95450893,119,63.0,1.5399999618530273
2024-03-27T22:14:43Z,walk,2024-03-27T22:38:14Z,-8.05550096,-34.95452426,119,64.0,1.5399999618530273
2024-03-27T22:14:43Z,walk,2024-03-27T22:38:15Z,-8.05549896,-34.95453992,119,64.0,1.5399999618530273
2024-03-27T22:14:43Z,walk,2024-03-27T22:38:16Z,-8.05549631,-34.95455791,119,63.0,1.5399999618530273
2024-03-27T22:14:43Z,walk,2024-03-27T22:38:17Z,-8.05549365,-34.95457358,119,63.0,1.5399999618530273
2024-03-27T22:14:43Z,walk,2024-03-27T22:38:18Z,-8.05549098,-34.95458857,119,63.0,1.5399999618530273
2024-03-27T22:14:43Z,walk,2024-03-27T22:38:19Z,-8.05548966,-34.95460056,119,63.0,1.5399999618530273
2024-03-27T22:14:43Z,walk,2024-03-27T22:38:20Z,-8.05548966,-34.95461156,120,63.0,1.5399999618530273
2024-03-27T22:14:43Z,walk,2024-03-27T22:38:21Z,-8.05548933,-34.95462288,120,63.0,1.5399999618530273
2024-03-27T22:14:43Z,walk,2024-03-27T22:38:22Z,-8.05548867,-34.95463355,120,64.0,1.5399999618530273
2024-03-27T22:14:43Z,walk,2024-03-27T22:38:23Z,-8.05548735,-34.95464455,120,64.0,1.5399999618530273
2024-03-27T22:14:43Z,walk,2024-03-27T22:38:24Z,-8.05548668,-34.95465654,120,64.0,1.5399999618530273
2024-03-27T22:14:43Z,walk,2024-03-27T22:38:25Z,-8.05548735,-34.95466886,120,64.0,1.5399999618530273
2024-03-27T22:14:43Z,walk,2024-03-27T22:38:26Z,-8.05548934,-34.95468086,120,64.0,1.5299999713897705
2024-03-27T22:14:43Z,walk,2024-03-27T22:38:27Z,-8.05549167,-34.95469385,120,63.0,1.5299999713897705
2024-03-27T22:14:43Z,walk,2024-03-27T22:38:28Z,-8.05549399,-34.95470652,119,63.0,1.5299999713897705
2024-03-27T22:14:43Z,walk,2024-03-27T22:38:29Z,-8.05549666,-34.95471985,119,63.0,1.5299999713897705
2024-03-27T22:14:43Z,walk,2024-03-27T22:38:30Z,-8.05549733,-34.95473484,119,63.0,1.5199999809265137
2024-03-27T22:14:43Z,walk,2024-03-27T22:38:31Z,-8.05549599,-34.9547495,118,63.0,1.5199999809265137
2024-03-27T22:14:43Z,walk,2024-03-27T22:38:32Z,-8.05549367,-34.9547635,118,63.0,1.5099999904632568
2024-03-27T22:14:43Z,walk,2024-03-27T22:38:33Z,-8.05549067,-34.95477717,118,63.0,1.5099999904632568
2024-03-27T22:14:43Z,walk,2024-03-27T22:38:34Z,-8.05548735,-34.95479083,118,63.0,1.5099999904632568
2024-03-27T22:14:43Z,walk,2024-03-27T22:38:35Z,-8.05548435,-34.95480616,118,64.0,1.5099999904632568
2024-03-27T22:14:43Z,walk,2024-03-27T22:38:36Z,-8.05548202,-34.95482116,118,64.0,1.5099999904632568
2024-03-27T22:14:43Z,walk,2024-03-27T22:38:37Z,-8.0554797,-34.95483748,119,63.0,1.5099999904632568
2024-03-27T22:14:43Z,walk,2024-03-27T22:38:38Z,-8.0554777,-34.95485381,119,63.0,1.5099999904632568
2024-03-27T22:14:43Z,walk,2024-03-27T22:38:39Z,-8.05547703,-34.9548708,119,63.0,1.5099999904632568
2024-03-27T22:14:43Z,walk,2024-03-27T22:38:40Z,-8.05547638,-34.95488714,119,63.0,1.5099999904632568
2024-03-27T22:14:43Z,walk,2024-03-27T22:38:41Z,-8.05547605,-34.95490246,120,62.0,1.5199999809265137
2024-03-27T22:14:43Z,walk,2024-03-27T22:38:42Z,-8.05547572,-34.95491713,120,62.0,1.5199999809265137
2024-03-27T22:14:43Z,walk,2024-03-27T22:38:43Z,-8.05547505,-34.95493079,120,62.0,1.5199999809265137
2024-03-27T22:14:43Z,walk,2024-03-27T22:38:44Z,-8.0554734,-34.95494512,119,62.0,1.5199999809265137
2024-03-27T22:14:43Z,walk,2024-03-27T22:38:45Z,-8.05547173,-34.95495878,119,63.0,1.5299999713897705
2024-03-27T22:14:43Z,walk,2024-03-27T22:38:46Z,-8.05546907,-34.95497211,119,63.0,1.5299999713897705
2024-03-27T22:14:43Z,walk,2024-03-27T22:38:47Z,-8.05546608,-34.95498511,119,64.0,1.5399999618530273
2024-03-27T22:14:43Z,walk,2024-03-27T22:38:48Z,-8.05546275,-34.95499776,119,64.0,1.5399999618530273
2024-03-27T22:14:43Z,walk,2024-03-27T22:38:49Z,-8.05545909,-34.95501143,118,63.0,1.5399999618530273
2024-03-27T22:14:43Z,walk,2024-03-27T22:38:50Z,-8.05545743,-34.95502476,118,62.0,1.5399999618530273
2024-03-27T22:14:43Z,walk,2024-03-27T22:38:51Z,-8.05545543,-34.95504076,117,63.0,1.5399999618530273
2024-03-27T22:14:43Z,walk,2024-03-27T22:38:52Z,-8.05545444,-34.95505709,117,63.0,1.5299999713897705
2024-03-27T22:14:43Z,walk,2024-03-27T22:38:53Z,-8.0554531,-34.95507309,117,63.0,1.5299999713897705
2024-03-27T22:14:43Z,walk,2024-03-27T22:38:54Z,-8.05545144,-34.95508975,117,63.0,1.5299999713897705
2024-03-27T22:14:43Z,walk,2024-03-27T22:38:55Z,-8.05544945,-34.95510575,116,63.0,1.5299999713897705
2024-03-27T22:14:43Z,walk,2024-03-27T22:38:56Z,-8.05544545,-34.95512274,115,64.0,1.5299999713897705
2024-03-27T22:14:43Z,walk,2024-03-27T22:38:57Z,-8.05544111,-34.95513908,115,65.0,1.5399999618530273
2024-03-27T22:14:43Z,walk,2024-03-27T22:38:58Z,-8.05543745,-34.95515373,115,65.0,1.5399999618530273
2024-03-27T22:14:43Z,walk,2024-03-27T22:38:59Z,-8.05543612,-34.95516839,119,64.0,1.5399999618530273
2024-03-27T22:14:43Z,walk,2024-03-27T22:39:00Z,-8.0554348,-34.95518239,119,64.0,1.5399999618530273
2024-03-27T22:14:43Z,walk,2024-03-27T22:39:01Z,-8.0554338,-34.95519639,122,63.0,1.5499999523162842
2024-03-27T22:14:43Z,walk,2024-03-27T22:39:02Z,-8.0554338,-34.95520939,123,64.0,1.5499999523162842
2024-03-27T22:14:43Z,walk,2024-03-27T22:39:03Z,-8.05543214,-34.95522238,123,63.0,1.5499999523162842
2024-03-27T22:14:43Z,walk,2024-03-27T22:39:04Z,-8.05542881,-34.95523471,123,63.0,1.559999942779541
2024-03-27T22:14:43Z,walk,2024-03-27T22:39:05Z,-8.05542449,-34.95524804,124,63.0,1.559999942779541
2024-03-27T22:14:43Z,walk,2024-03-27T22:39:06Z,-8.05541983,-34.9552627,124,63.0,1.559999942779541
2024-03-27T22:14:43Z,walk,2024-03-27T22:39:07Z,-8.0554155,-34.9552767,124,63.0,1.559999942779541
2024-03-27T22:14:43Z,walk,2024-03-27T22:39:08Z,-8.05540684,-34.95529203,124,63.0,1.559999942779541
2024-03-27T22:14:43Z,walk,2024-03-27T22:39:09Z,-8.05539752,-34.95530536,125,64.0,1.559999942779541
2024-03-27T22:14:43Z,walk,2024-03-27T22:39:10Z,-8.05539185,-34.95531902,125,63.0,1.559999942779541
2024-03-27T22:14:43Z,walk,2024-03-27T22:39:11Z,-8.05538985,-34.95533302,124,63.0,1.559999942779541
2024-03-27T22:14:43Z,walk,2024-03-27T22:39:12Z,-8.05538652,-34.95534935,124,63.0,1.559999942779541
2024-03-27T22:14:43Z,walk,2024-03-27T22:39:13Z,-8.05538353,-34.95536435,124,63.0,1.559999942779541
2024-03-27T22:14:43Z,walk,2024-03-27T22:39:14Z,-8.05538086,-34.95537801,124,63.0,1.559999942779541
2024-03-27T22:14:43Z,walk,2024-03-27T22:39:15Z,-8.05537753,-34.95539301,124,64.0,1.559999942779541
2024-03-27T22:14:43Z,walk,2024-03-27T22:39:16Z,-8.05537387,-34.955408,122,63.0,1.559999942779541
2024-03-27T22:14:43Z,walk,2024-03-27T22:39:17Z,-8.05536854,-34.95542232,122,64.0,1.5700000524520874
2024-03-27T22:14:43Z,walk,2024-03-27T22:39:18Z,-8.05536088,-34.95543599,122,64.0,1.5700000524520874
2024-03-27T22:14:43Z,walk,2024-03-27T22:39:19Z,-8.05535255,-34.95544798,120,64.0,1.5700000524520874
2024-03-27T22:14:43Z,walk,2024-03-27T22:39:20Z,-8.05534421,-34.9554623,119,64.0,1.5700000524520874
2024-03-27T22:14:43Z,walk,2024-03-27T22:39:21Z,-8.05533755,-34.95547697,119,64.0,1.5700000524520874
2024-03-27T22:14:43Z,walk,2024-03-27T22:39:22Z,-8.05533289,-34.95549196,119,64.0,1.5700000524520874
2024-03-27T22:14:43Z,walk,2024-03-27T22:39:23Z,-8.05532889,-34.95550628,118,64.0,1.5700000524520874
2024-03-27T22:14:43Z,walk,2024-03-27T22:39:24Z,-8.05532623,-34.95551895,118,64.0,1.5700000524520874
2024-03-27T22:14:43Z,walk,2024-03-27T22:39:25Z,-8.05532423,-34.95553094,119,64.0,1.5700000524520874
2024-03-27T22:14:43Z,walk,2024-03-27T22:39:26Z,-8.0553219,-34.95554326,120,64.0,1.5800000429153442
2024-03-27T22:14:43Z,walk,2024-03-27T22:39:27Z,-8.05532091,-34.95555758,121,64.0,1.5800000429153442
2024-03-27T22:14:43Z,walk,2024-03-27T22:39:28Z,-8.05532024,-34.95557225,121,64.0,1.5800000429153442
2024-03-27T22:14:43Z,walk,2024-03-27T22:39:29Z,-8.05531925,-34.95558625,122,64.0,1.5800000429153442
2024-03-27T22:14:43Z,walk,2024-03-27T22:39:30Z,-8.05531958,-34.95560025,122,64.0,1.5800000429153442
2024-03-27T22:14:43Z,walk,2024-03-27T22:39:31Z,-8.05531925,-34.95561291,122,64.0,1.5800000429153442
2024-03-27T22:14:43Z,walk,2024-03-27T22:39:32Z,-8.05532024,-34.95562691,122,63.0,1.5800000429153442
2024-03-27T22:14:43Z,walk,2024-03-27T22:39:33Z,-8.05532257,-34.95563991,122,64.0,1.5800000429153442
2024-03-27T22:14:43Z,walk,2024-03-27T22:39:34Z,-8.0553249,-34.95565223,121,63.0,1.5800000429153442
2024-03-27T22:14:43Z,walk,2024-03-27T22:39:35Z,-8.05532722,-34.95566355,120,63.0,1.5800000429153442
2024-03-27T22:14:43Z,walk,2024-03-27T22:39:36Z,-8.05532821,-34.95567722,120,63.0,1.5800000429153442
2024-03-27T22:14:43Z,walk,2024-03-27T22:39:37Z,-8.05532855,-34.95569188,119,63.0,1.5800000429153442
2024-03-27T22:14:43Z,walk,2024-03-27T22:39:38Z,-8.05532622,-34.95570687,119,63.0,1.5700000524520874
2024-03-27T22:14:43Z,walk,2024-03-27T22:39:39Z,-8.0553249,-34.95572053,119,63.0,1.5700000524520874
2024-03-27T22:14:43Z,walk,2024-03-27T22:39:40Z,-8.05532457,-34.95573153,119,63.0,1.5700000524520874
2024-03-27T22:14:43Z,walk,2024-03-27T22:39:41Z,-8.05532424,-34.95574352,119,63.0,1.559999942779541
2024-03-27T22:14:43Z,walk,2024-03-27T22:39:42Z,-8.0553259,-34.95575352,119,63.0,1.559999942779541
2024-03-27T22:14:43Z,walk,2024-03-27T22:39:43Z,-8.05532722,-34.95576386,118,63.0,1.559999942779541
2024-03-27T22:14:43Z,walk,2024-03-27T22:39:44Z,-8.05532821,-34.95577486,119,63.0,1.559999942779541
2024-03-27T22:14:43Z,walk,2024-03-27T22:39:45Z,-8.05532955,-34.95578685,120,63.0,1.5499999523162842
2024-03-27T22:14:43Z,walk,2024-03-27T22:39:46Z,-8.0553302,-34.9557995,120,63.0,1.5499999523162842
2024-03-27T22:14:43Z,walk,2024-03-27T22:39:47Z,-8.05533087,-34.95581116,119,63.0,1.5399999618530273
2024-03-27T22:14:43Z,walk,2024-03-27T22:39:48Z,-8.05532955,-34.95582583,119,63.0,1.5399999618530273
2024-03-27T22:14:43Z,walk,2024-03-27T22:39:49Z,-8.05532821,-34.95584148,119,63.0,1.4600000381469727
2024-03-27T22:14:43Z,walk,2024-03-27T22:39:50Z,-8.05532622,-34.95585482,119,63.0,1.3899999856948853
2024-03-27T22:14:43Z,walk,2024-03-27T22:39:51Z,-8.0553249,-34.95586815,119,63.0,1.4199999570846558
2024-03-27T22:14:43Z,walk,2024-03-27T22:39:52Z,-8.0553239,-34.95587981,119,63.0,1.4500000476837158
