activity_id,sport_type,timestamp,latitude,longitude,heart_rate,cadence,speed
2024-04-06T22:04:25Z,run,2024-04-06T22:04:36Z,-8.049315,-34.95337833,125,89.0,0.0
2024-04-06T22:04:25Z,run,2024-04-06T22:04:37Z,-8.04930301,-34.953376,125,89.0,0.0
2024-04-06T22:04:25Z,run,2024-04-06T22:04:39Z,-8.04935667,-34.95321668,125,89.0,0.0
2024-04-06T22:04:25Z,run,2024-04-06T22:04:40Z,-8.04935033,-34.95321068,125,90.0,0.0
2024-04-06T22:04:25Z,run,2024-04-06T22:04:41Z,-8.04933768,-34.95320669,126,90.0,0.0
2024-04-06T22:04:25Z,run,2024-04-06T22:04:42Z,-8.04932235,-34.95319935,127,90.0,0.0
2024-04-06T22:04:25Z,run,2024-04-06T22:04:43Z,-8.04930336,-34.95318936,129,90.0,0.0
2024-04-06T22:04:25Z,run,2024-04-06T22:04:44Z,-8.0492827,-34.95317437,129,90.0,0.0
2024-04-06T22:04:25Z,run,2024-04-06T22:04:45Z,-8.04926236,-34.95315704,129,90.0,0.0
2024-04-06T22:04:25Z,run,2024-04-06T22:04:46Z,-8.04924337,-34.95314538,128,90.0,0.0
2024-04-06T22:04:25Z,run,2024-04-06T22:04:47Z,-8.04922538,-34.95313673,128,90.0,1.2200000286102295
2024-04-06T22:04:25Z,run,2024-04-06T22:04:48Z,-8.04920772,-34.95313007,129,89.0,2.4200000762939453
2024-04-06T22:04:25Z,run,2024-04-06T22:04:49Z,-8.04918839,-34.95312507,130,89.0,2.390000104904175
2024-04-06T22:04:25Z,run,2024-04-06T22:04:50Z,-8.0491714,-34.95311641,132,89.0,2.390000104904175
2024-04-06T22:04:25Z,run,2024-04-06T22:04:51Z,-8.0491534,-34.95310709,132,89.0,2.390000104904175
2024-04-06T22:04:25Z,run,2024-04-06T22:04:52Z,-8.04913375,-34.95309876,132,89.0,2.390000104904175
2024-04-06T22:04:25Z,run,2024-04-06T22:04:53Z,-8.04911442,-34.95308476,133,89.0,2.359999895095825
2024-04-06T22:04:25Z,run,2024-04-06T22:04:54Z,-8.04909277,-34.95306909,133,89.0,2.3299999237060547
2024-04-06T22:04:25Z,run,2024-04-06T22:04:55Z,-8.04907011,-34.95305343,133,90.0,2.3299999237060547
2024-04-06T22:04:25Z,run,2024-04-06T22:04:56Z,-8.04904711,-34.95303877,133,90.0,2.3499999046325684
2024-04-06T22:04:25Z,run,2024-04-06T22:04:57Z,-8.04902345,-34.95302878,133,90.0,2.3499999046325684
2024-04-06T22:04:25Z,run,2024-04-06T22:04:58Z,-8.04899879,-34.95301944,134,90.0,2.4600000381469727
2024-04-06T22:04:25Z,run,2024-04-06T22:04:59Z,-8.0489758,-34.95301012,135,90.0,2.5799999237060547
2024-04-06T22:04:25Z,run,2024-04-06T22:05:00Z,-8.04895246,-34.95300313,136,90.0,2.630000114440918
2024-04-06T22:04:25Z,run,2024-04-06T22:05:01Z,-8.0489248,-34.95300745,137,89.0,2.6500000953674316
2024-04-06T22:04:25Z,run,2024-04-06T22:05:02Z,-8.04889914,-34.95300613,138,89.0,2.6500000953674316
2024-04-06T22:04:25Z,run,2024-04-06T22:05:03Z,-8.04887382,-34.95300314,138,89.0,2.6500000953674316
2024-04-06T22:04:25Z,run,2024-04-06T22:05:04Z,-8.04884915,-34.95299814,139,89.0,2.6700000762939453
2024-04-06T22:04:25Z,run,2024-04-06T22:05:05Z,-8.04882482,-34.9529998,140,90.0,2.680000066757202
2024-04-06T22:04:25Z,run,2024-04-06T22:05:06Z,-8.04880015,-34.95299781,140,90.0,2.680000066757202
2024-04-06T22:04:25Z,run,2024-04-06T22:05:07Z,-8.04877515,-34.95299448,140,90.0,2.6500000953674316
2024-04-06T22:04:25Z,run,2024-04-06T22:05:08Z,-8.04874883,-34.95298915,140,90.0,2.6700000762939453
2024-04-06T22:04:25Z,run,2024-04-06T22:05:09Z,-8.04872083,-34.95298348,140,90.0,2.6700000762939453
2024-04-06T22:04:25Z,run,2024-04-06T22:05:10Z,-8.04869549,-34.95297648,140,89.0,2.690000057220459
2024-04-06T22:04:25Z,run,2024-04-06T22:05:11Z,-8.04867117,-34.95296815,140,89.0,2.700000047683716
2024-04-06T22:04:25Z,run,2024-04-06T22:05:12Z,-8.04864851,-34.95295949,141,89.0,2.7100000381469727
2024-04-06T22:04:25Z,run,2024-04-06T22:05:13Z,-8.04862718,-34.95294984,142,89.0,2.7100000381469727
2024-04-06T22:04:25Z,run,2024-04-06T22:05:14Z,-8.04860686,-34.95293784,145,89.0,2.700000047683716
2024-04-06T22:04:25Z,run,2024-04-06T22:05:15Z,-8.04858719,-34.95292551,145,89.0,2.700000047683716
2024-04-06T22:04:25Z,run,2024-04-06T22:05:16Z,-8.0485672,-34.95291218,146,90.0,2.700000047683716
2024-04-06T22:04:25Z,run,2024-04-06T22:05:17Z,-8.04854787,-34.95289886,145,90.0,2.680000066757202
2024-04-06T22:04:25Z,run,2024-04-06T22:05:18Z,-8.04853054,-34.95288386,145,90.0,2.6500000953674316
2024-04-06T22:04:25Z,run,2024-04-06T22:05:19Z,-8.04851355,-34.95286787,146,90.0,2.619999885559082
2024-04-06T22:04:25Z,run,2024-04-06T22:05:20Z,-8.04849722,-34.95285153,146,89.0,2.609999895095825
2024-04-06T22:04:25Z,run,2024-04-06T22:05:21Z,-8.04848156,-34.95283353,146,89.0,2.609999895095825
2024-04-06T22:04:25Z,run,2024-04-06T22:05:22Z,-8.04846756,-34.95281388,146,90.0,2.5899999141693115
2024-04-06T22:04:25Z,run,2024-04-06T22:05:23Z,-8.04845424,-34.95279289,146,90.0,2.5799999237060547
2024-04-06T22:04:25Z,run,2024-04-06T22:05:24Z,-8.04844192,-34.95277023,146,91.0,2.5799999237060547
2024-04-06T22:04:25Z,run,2024-04-06T22:05:25Z,-8.04843092,-34.95274656,146,91.0,2.5899999141693115
2024-04-06T22:04:25Z,run,2024-04-06T22:05:26Z,-8.04842258,-34.95272324,148,91.0,2.5899999141693115
2024-04-06T22:04:25Z,run,2024-04-06T22:05:27Z,-8.04841626,-34.95269925,148,91.0,2.5899999141693115
2024-04-06T22:04:25Z,run,2024-04-06T22:05:28Z,-8.0484116,-34.95267425,148,91.0,2.5899999141693115
2024-04-06T22:04:25Z,run,2024-04-06T22:05:29Z,-8.04840895,-34.95264958,148,90.0,2.5899999141693115
2024-04-06T22:04:25Z,run,2024-04-06T22:05:30Z,-8.04840761,-34.95262458,148,90.0,2.5899999141693115
2024-04-06T22:04:25Z,run,2024-04-06T22:05:31Z,-8.04840696,-34.95259692,148,90.0,2.5899999141693115
2024-04-06T22:04:25Z,run,2024-04-06T22:05:32Z,-8.04840696,-34.95256993,150,90.0,2.5999999046325684
2024-04-06T22:04:25Z,run,2024-04-06T22:05:33Z,-8.04840795,-34.95254326,150,90.0,2.5999999046325684
2024-04-06T22:04:25Z,run,2024-04-06T22:05:34Z,-8.04841228,-34.95251694,150,90.0,2.609999895095825
2024-04-06T22:04:25Z,run,2024-04-06T22:05:35Z,-8.0484166,-34.95249194,150,91.0,2.609999895095825
2024-04-06T22:04:25Z,run,2024-04-06T22:05:36Z,-8.0484206,-34.95246628,150,91.0,2.609999895095825
2024-04-06T22:04:25Z,run,2024-04-06T22:05:37Z,-8.04842359,-34.95244029,150,91.0,2.619999885559082
2024-04-06T22:04:25Z,run,2024-04-06T22:05:38Z,-8.04842692,-34.95241429,149,90.0,2.630000114440918
2024-04-06T22:04:25Z,run,2024-04-06T22:05:39Z,-8.04842892,-34.9523883,149,90.0,2.630000114440918
2024-04-06T22:04:25Z,run,2024-04-06T22:05:40Z,-8.04843092,-34.9523633,150,90.0,2.630000114440918
2024-04-06T22:04:25Z,run,2024-04-06T22:05:41Z,-8.04843191,-34.95233698,150,90.0,2.630000114440918
2024-04-06T22:04:25Z,run,2024-04-06T22:05:42Z,-8.04843291,-34.95231132,150,89.0,2.640000104904175
2024-04-06T22:04:25Z,run,2024-04-06T22:05:43Z,-8.04843456,-34.95228732,150,90.0,2.6500000953674316
2024-04-06T22:04:25Z,run,2024-04-06T22:05:44Z,-8.04843823,-34.95226266,151,89.0,2.6500000953674316
2024-04-06T22:04:25Z,run,2024-04-06T22:05:45Z,-8.04844255,-34.95223833,151,89.0,2.6500000953674316
2024-04-06T22:04:25Z,run,2024-04-06T22:05:46Z,-8.04844721,-34.95221534,151,90.0,2.6500000953674316
2024-04-06T22:04:25Z,run,2024-04-06T22:05:47Z,-8.04845254,-34.95219234,152,90.0,2.6500000953674316
2024-04-06T22:04:25Z,run,2024-04-06T22:05:48Z,-8.04845654,-34.95216935,152,90.0,2.6600000858306885
2024-04-06T22:04:25Z,run,2024-04-06T22:05:49Z,-8.04845887,-34.95214569,152,90.0,2.6600000858306885
2024-04-06T22:04:25Z,run,2024-04-06T22:05:50Z,-8.04846019,-34.95212069,154,90.0,2.6500000953674316
2024-04-06T22:04:25Z,run,2024-04-06T22:05:51Z,-8.04846086,-34.9520967,154,90.0,2.6500000953674316
2024-04-06T22:04:25Z,run,2024-04-06T22:05:52Z,-8.04846052,-34.95207137,154,89.0,2.6500000953674316
2024-04-06T22:04:25Z,run,2024-04-06T22:05:53Z,-8.0484602,-34.95204771,154,89.0,2.6500000953674316
2024-04-06T22:04:25Z,run,2024-04-06T22:05:54Z,-8.0484602,-34.95201939,154,89.0,2.6500000953674316
2024-04-06T22:04:25Z,run,2024-04-06T22:05:55Z,-8.0484602,-34.95199139,154,89.0,2.6500000953674316
2024-04-06T22:04:25Z,run,2024-04-06T22:05:56Z,-8.04845787,-34.95196639,154,89.0,2.6500000953674316
2024-04-06T22:04:25Z,run,2024-04-06T22:05:57Z,-8.04845654,-34.9519424,154,89.0,2.6500000953674316
2024-04-06T22:04:25Z,run,2024-04-06T22:05:58Z,-8.0484582,-34.9519194,155,90.0,2.6500000953674316
2024-04-06T22:04:25Z,run,2024-04-06T22:05:59Z,-8.04846319,-34.95189574,155,90.0,2.6500000953674316
2024-04-06T22:04:25Z,run,2024-04-06T22:06:00Z,-8.04846751,-34.95187242,155,90.0,2.6500000953674316
2024-04-06T22:04:25Z,run,2024-04-06T22:06:01Z,-8.04847018,-34.95184943,156,91.0,2.6500000953674316
2024-04-06T22:04:25Z,run,2024-04-06T22:06:02Z,-8.04847218,-34.95182576,157,91.0,2.6500000953674316
2024-04-06T22:04:25Z,run,2024-04-06T22:06:03Z,-8.04847418,-34.95180144,157,91.0,2.6500000953674316
2024-04-06T22:04:25Z,run,2024-04-06T22:06:04Z,-8.04847618,-34.95177744,158,91.0,2.6500000953674316
2024-04-06T22:04:25Z,run,2024-04-06T22:06:05Z,-8.0484785,-34.95175344,158,91.0,2.640000104904175
2024-04-06T22:04:25Z,run,2024-04-06T22:06:06Z,-8.04848016,-34.95172845,157,90.0,2.640000104904175
2024-04-06T22:04:25Z,run,2024-04-06T22:06:07Z,-8.04848116,-34.95170378,157,90.0,2.640000104904175
2024-04-06T22:04:25Z,run,2024-04-06T22:06:08Z,-8.04848348,-34.95167978,156,89.0,2.630000114440918
2024-04-06T22:04:25Z,run,2024-04-06T22:06:09Z,-8.04848615,-34.95165546,156,89.0,2.630000114440918
2024-04-06T22:04:25Z,run,2024-04-06T22:06:10Z,-8.04848948,-34.95163079,156,89.0,2.630000114440918
2024-04-06T22:04:25Z,run,2024-04-06T22:06:11Z,-8.04849347,-34.9516048,156,89.0,2.630000114440918
2024-04-06T22:04:25Z,run,2024-04-06T22:06:12Z,-8.04849846,-34.95157948,156,89.0,2.630000114440918
2024-04-06T22:04:25Z,run,2024-04-06T22:06:13Z,-8.04850146,-34.95155348,156,89.0,2.630000114440918
2024-04-06T22:04:25Z,run,2024-04-06T22:06:14Z,-8.04850379,-34.95152782,156,89.0,2.640000104904175
2024-04-06T22:04:25Z,run,2024-04-06T22:06:15Z,-8.04850579,-34.9515025,156,89.0,2.640000104904175
2024-04-06T22:04:25Z,run,2024-04-06T22:06:16Z,-8.04850778,-34.95147651,156,89.0,2.640000104904175
2024-04-06T22:04:25Z,run,2024-04-06T22:06:17Z,-8.04851011,-34.95145119,156,89.0,2.6500000953674316
2024-04-06T22:04:25Z,run,2024-04-06T22:06:18Z,-8.04851211,-34.95142585,156,89.0,2.6500000953674316
2024-04-06T22:04:25Z,run,2024-04-06T22:06:19Z,-8.04851477,-34.95140152,156,89.0,2.6500000953674316
2024-04-06T22:04:25Z,run,2024-04-06T22:06:20Z,-8.0485181,-34.9513782,156,89.0,2.6600000858306885
2024-04-06T22:04:25Z,run,2024-04-06T22:06:21Z,-8.04852077,-34.95135586,156,89.0,2.6600000858306885
2024-04-06T22:04:25Z,run,2024-04-06T22:06:22Z,-8.04852442,-34.95133321,156,89.0,2.6700000762939453
2024-04-06T22:04:25Z,run,2024-04-06T22:06:23Z,-8.04852842,-34.95130988,157,89.0,2.6700000762939453
2024-04-06T22:04:25Z,run,2024-04-06T22:06:24Z,-8.04853276,-34.95128723,157,89.0,2.680000066757202
2024-04-06T22:04:25Z,run,2024-04-06T22:06:25Z,-8.04853676,-34.95126457,156,89.0,2.680000066757202
2024-04-06T22:04:25Z,run,2024-04-06T22:06:26Z,-8.04854108,-34.95124191,156,89.0,2.680000066757202
2024-04-06T22:04:25Z,run,2024-04-06T22:06:27Z,-8.04854508,-34.95121858,156,89.0,2.680000066757202
2024-04-06T22:04:25Z,run,2024-04-06T22:06:28Z,-8.04854774,-34.95119559,157,89.0,2.6700000762939453
2024-04-06T22:04:25Z,run,2024-04-06T22:06:29Z,-8.04855007,-34.95117326,159,89.0,2.6700000762939453
2024-04-06T22:04:25Z,run,2024-04-06T22:06:30Z,-8.04855039,-34.95114993,160,89.0,2.6700000762939453
2024-04-06T22:04:25Z,run,2024-04-06T22:06:31Z,-8.04854874,-34.95112661,161,89.0,2.6700000762939453
2024-04-06T22:04:25Z,run,2024-04-06T22:06:32Z,-8.04854474,-34.95110261,161,89.0,2.6600000858306885
2024-04-06T22:04:25Z,run,2024-04-06T22:06:33Z,-8.04854141,-34.95107962,161,90.0,2.6600000858306885
2024-04-06T22:04:25Z,run,2024-04-06T22:06:34Z,-8.04853875,-34.95105529,161,90.0,2.6600000858306885
2024-04-06T22:04:25Z,run,2024-04-06T22:06:35Z,-8.04853642,-34.9510313,162,89.0,2.6600000858306885
2024-04-06T22:04:25Z,run,2024-04-06T22:06:36Z,-8.0485361,-34.95100696,163,90.0,2.6600000858306885
2024-04-06T22:04:25Z,run,2024-04-06T22:06:37Z,-8.0485351,-34.95098364,164,90.0,2.6600000858306885
2024-04-06T22:04:25Z,run,2024-04-06T22:06:38Z,-8.04853543,-34.95096164,164,90.0,2.6600000858306885
2024-04-06T22:04:25Z,run,2024-04-06T22:06:39Z,-8.04853709,-34.95093964,164,90.0,2.6600000858306885
2024-04-06T22:04:25Z,run,2024-04-06T22:06:40Z,-8.04853976,-34.95091731,164,90.0,2.6600000858306885
2024-04-06T22:04:25Z,run,2024-04-06T22:06:41Z,-8.04854241,-34.95089497,164,89.0,2.6600000858306885
2024-04-06T22:04:25Z,run,2024-04-06T22:06:42Z,-8.04854607,-34.95087165,164,89.0,2.6600000858306885
2024-04-06T22:04:25Z,run,2024-04-06T22:06:43Z,-8.04854839,-34.95084732,164,89.0,2.6600000858306885
2024-04-06T22:04:25Z,run,2024-04-06T22:06:44Z,-8.04854839,-34.95082299,164,91.0,2.6600000858306885
2024-04-06T22:04:25Z,run,2024-04-06T22:06:45Z,-8.04854407,-34.9508,163,91.0,2.6500000953674316
2024-04-06T22:04:25Z,run,2024-04-06T22:06:46Z,-8.04853707,-34.95077834,163,91.0,2.6500000953674316
2024-04-06T22:04:25Z,run,2024-04-06T22:06:47Z,-8.04852775,-34.95075867,162,90.0,2.6500000953674316
2024-04-06T22:04:25Z,run,2024-04-06T22:06:48Z,-8.04851641,-34.95074234,162,89.0,2.6500000953674316
2024-04-06T22:04:25Z,run,2024-04-06T22:06:49Z,-8.04850376,-34.95072867,163,88.0,2.6500000953674316
2024-04-06T22:04:25Z,run,2024-04-06T22:06:50Z,-8.04849109,-34.95071735,164,88.0,2.6500000953674316
2024-04-06T22:04:25Z,run,2024-04-06T22:06:51Z,-8.04847709,-34.95070802,164,89.0,2.6500000953674316
2024-04-06T22:04:25Z,run,2024-04-06T22:06:52Z,-8.04846276,-34.95070403,164,89.0,2.6500000953674316
2024-04-06T22:04:25Z,run,2024-04-06T22:06:53Z,-8.04844543,-34.95070237,164,89.0,2.640000104904175
2024-04-06T22:04:25Z,run,2024-04-06T22:06:54Z,-8.04842844,-34.95070237,164,89.0,2.630000114440918
2024-04-06T22:04:25Z,run,2024-04-06T22:06:55Z,-8.04841178,-34.95070269,164,89.0,2.619999885559082
2024-04-06T22:04:25Z,run,2024-04-06T22:06:56Z,-8.04839445,-34.95070536,164,90.0,2.609999895095825
2024-04-06T22:04:25Z,run,2024-04-06T22:06:57Z,-8.04837479,-34.95070801,165,90.0,2.5899999141693115
2024-04-06T22:04:25Z,run,2024-04-06T22:06:58Z,-8.04835346,-34.95071167,165,90.0,2.5899999141693115
2024-04-06T22:04:25Z,run,2024-04-06T22:06:59Z,-8.04833381,-34.950716,166,91.0,2.5899999141693115
2024-04-06T22:04:25Z,run,2024-04-06T22:07:00Z,-8.04831414,-34.95071966,168,90.0,2.569999933242798
2024-04-06T22:04:25Z,run,2024-04-06T22:07:01Z,-8.04829447,-34.95072166,170,90.0,2.559999942779541
2024-04-06T22:04:25Z,run,2024-04-06T22:07:02Z,-8.04827448,-34.95072298,171,89.0,2.549999952316284
2024-04-06T22:04:25Z,run,2024-04-06T22:07:03Z,-8.04825382,-34.95072365,172,90.0,2.549999952316284
2024-04-06T22:04:25Z,run,2024-04-06T22:07:04Z,-8.04823283,-34.95072332,172,90.0,2.549999952316284
2024-04-06T22:04:25Z,run,2024-04-06T22:07:05Z,-8.04821216,-34.95072233,173,90.0,2.5399999618530273
2024-04-06T22:04:25Z,run,2024-04-06T22:07:06Z,-8.04819184,-34.950719,176,90.0,2.5399999618530273
2024-04-06T22:04:25Z,run,2024-04-06T22:07:07Z,-8.04817217,-34.95071301,178,89.0,2.5299999713897705
2024-04-06T22:04:25Z,run,2024-04-06T22:07:08Z,-8.04815285,-34.95070568,177,88.0,2.5299999713897705
2024-04-06T22:04:25Z,run,2024-04-06T22:07:09Z,-8.04813185,-34.95069801,176,88.0,2.5199999809265137
2024-04-06T22:04:25Z,run,2024-04-06T22:07:10Z,-8.04810752,-34.95069069,176,88.0,2.5199999809265137
2024-04-06T22:04:25Z,run,2024-04-06T22:07:11Z,-8.0480822,-34.95068336,176,88.0,2.509999990463257
2024-04-06T22:04:25Z,run,2024-04-06T22:07:12Z,-8.04805787,-34.95067603,175,89.0,2.509999990463257
2024-04-06T22:04:25Z,run,2024-04-06T22:07:13Z,-8.04803253,-34.95066703,175,89.0,2.509999990463257
2024-04-06T22:04:25Z,run,2024-04-06T22:07:14Z,-8.04800588,-34.95065838,176,89.0,2.509999990463257
2024-04-06T22:04:25Z,run,2024-04-06T22:07:15Z,-8.04798054,-34.95065239,178,89.0,2.509999990463257
2024-04-06T22:04:25Z,run,2024-04-06T22:07:16Z,-8.04795621,-34.95064873,178,89.0,2.509999990463257
2024-04-06T22:04:25Z,run,2024-04-06T22:07:17Z,-8.04793255,-34.95064473,179,88.0,2.5199999809265137
2024-04-06T22:04:25Z,run,2024-04-06T22:07:18Z,-8.04791022,-34.95064241,180,88.0,2.5299999713897705
2024-04-06T22:04:25Z,run,2024-04-06T22:07:19Z,-8.04788722,-34.95063907,180,88.0,2.5299999713897705
2024-04-06T22:04:25Z,run,2024-04-06T22:07:20Z,-8.04786255,-34.95063575,180,89.0,2.5299999713897705
2024-04-06T22:04:25Z,run,2024-04-06T22:07:21Z,-8.04783923,-34.95063176,179,90.0,2.5399999618530273
2024-04-06T22:04:25Z,run,2024-04-06T22:07:22Z,-8.04781657,-34.95062609,179,90.0,2.5399999618530273
2024-04-06T22:04:25Z,run,2024-04-06T22:07:23Z,-8.04779424,-34.95062109,179,90.0,2.549999952316284
2024-04-06T22:04:25Z,run,2024-04-06T22:07:24Z,-8.04777225,-34.9506171,179,90.0,2.549999952316284
2024-04-06T22:04:25Z,run,2024-04-06T22:07:25Z,-8.04775058,-34.9506121,178,90.0,2.549999952316284
2024-04-06T22:04:25Z,run,2024-04-06T22:07:26Z,-8.04772926,-34.95060878,177,90.0,2.549999952316284
2024-04-06T22:04:25Z,run,2024-04-06T22:07:27Z,-8.04770693,-34.95060611,176,90.0,2.559999942779541
2024-04-06T22:04:25Z,run,2024-04-06T22:07:28Z,-8.04768459,-34.95060445,176,90.0,2.559999942779541
2024-04-06T22:04:25Z,run,2024-04-06T22:07:29Z,-8.04766227,-34.95060245,176,89.0,2.559999942779541
2024-04-06T22:04:25Z,run,2024-04-06T22:07:30Z,-8.04763961,-34.95060046,176,90.0,2.559999942779541
2024-04-06T22:04:25Z,run,2024-04-06T22:07:31Z,-8.04761628,-34.95059946,176,90.0,2.559999942779541
2024-04-06T22:04:25Z,run,2024-04-06T22:07:32Z,-8.04759296,-34.9505988,176,90.0,2.559999942779541
2024-04-06T22:04:25Z,run,2024-04-06T22:07:33Z,-8.0475703,-34.95059781,173,90.0,2.559999942779541
2024-04-06T22:04:25Z,run,2024-04-06T22:07:34Z,-8.04754764,-34.95059648,173,90.0,2.559999942779541
2024-04-06T22:04:25Z,run,2024-04-06T22:07:35Z,-8.04752464,-34.9505968,173,89.0,2.559999942779541
2024-04-06T22:04:25Z,run,2024-04-06T22:07:36Z,-8.04750164,-34.95059813,173,90.0,2.559999942779541
2024-04-06T22:04:25Z,run,2024-04-06T22:07:37Z,-8.04747899,-34.95059879,172,90.0,2.559999942779541
2024-04-06T22:04:25Z,run,2024-04-06T22:07:38Z,-8.047457,-34.95059679,171,90.0,2.559999942779541
2024-04-06T22:04:25Z,run,2024-04-06T22:07:39Z,-8.04743434,-34.95059347,170,90.0,2.559999942779541
2024-04-06T22:04:25Z,run,2024-04-06T22:07:40Z,-8.04741234,-34.95059048,170,90.0,2.559999942779541
2024-04-06T22:04:25Z,run,2024-04-06T22:07:41Z,-8.04738935,-34.95058715,170,89.0,2.559999942779541
2024-04-06T22:04:25Z,run,2024-04-06T22:07:42Z,-8.04736535,-34.95058515,170,89.0,2.569999933242798
2024-04-06T22:04:25Z,run,2024-04-06T22:07:43Z,-8.04734236,-34.95058416,170,89.0,2.569999933242798
2024-04-06T22:04:25Z,run,2024-04-06T22:07:44Z,-8.04731936,-34.95058416,170,90.0,2.569999933242798
2024-04-06T22:04:25Z,run,2024-04-06T22:07:45Z,-8.0472967,-34.95058351,171,90.0,2.569999933242798
2024-04-06T22:04:25Z,run,2024-04-06T22:07:46Z,-8.0472737,-34.95058084,171,90.0,2.569999933242798
2024-04-06T22:04:25Z,run,2024-04-06T22:07:47Z,-8.04725004,-34.95057717,171,91.0,2.569999933242798
2024-04-06T22:04:25Z,run,2024-04-06T22:07:48Z,-8.04722571,-34.95057285,171,90.0,2.569999933242798
2024-04-06T22:04:25Z,run,2024-04-06T22:07:49Z,-8.04720106,-34.95057052,170,90.0,2.569999933242798
2024-04-06T22:04:25Z,run,2024-04-06T22:07:50Z,-8.04717439,-34.95056686,169,91.0,2.569999933242798
2024-04-06T22:04:25Z,run,2024-04-06T22:07:51Z,-8.04714673,-34.95056353,169,91.0,2.569999933242798
2024-04-06T22:04:25Z,run,2024-04-06T22:07:52Z,-8.04712008,-34.9505582,169,91.0,2.569999933242798
2024-04-06T22:04:25Z,run,2024-04-06T22:07:53Z,-8.04709374,-34.95055154,168,91.0,2.569999933242798
2024-04-06T22:04:25Z,run,2024-04-06T22:07:54Z,-8.04706709,-34.95054421,168,91.0,2.5799999237060547
2024-04-06T22:04:25Z,run,2024-04-06T22:07:55Z,-8.04704076,-34.95053822,168,91.0,2.5899999141693115
2024-04-06T22:04:25Z,run,2024-04-06T22:07:56Z,-8.04701476,-34.95053122,168,91.0,2.5899999141693115
2024-04-06T22:04:25Z,run,2024-04-06T22:07:57Z,-8.04699043,-34.95052523,167,91.0,2.609999895095825
2024-04-06T22:04:25Z,run,2024-04-06T22:07:58Z,-8.04696511,-34.95051924,167,91.0,2.609999895095825
2024-04-06T22:04:25Z,run,2024-04-06T22:07:59Z,-8.04694112,-34.95051524,167,91.0,2.609999895095825
2024-04-06T22:04:25Z,run,2024-04-06T22:08:00Z,-8.04691846,-34.95051059,168,91.0,2.619999885559082
2024-04-06T22:04:25Z,run,2024-04-06T22:08:01Z,-8.04689679,-34.95050792,168,90.0,2.630000114440918
2024-04-06T22:04:25Z,run,2024-04-06T22:08:02Z,-8.04687447,-34.95050559,168,91.0,2.630000114440918
2024-04-06T22:04:25Z,run,2024-04-06T22:08:03Z,-8.04685114,-34.95050359,168,91.0,2.630000114440918
2024-04-06T22:04:25Z,run,2024-04-06T22:08:04Z,-8.0468278,-34.95050026,168,91.0,2.640000104904175
2024-04-06T22:04:25Z,run,2024-04-06T22:08:05Z,-8.04680481,-34.95049793,168,91.0,2.640000104904175
2024-04-06T22:04:25Z,run,2024-04-06T22:08:06Z,-8.04678148,-34.9504956,168,90.0,2.640000104904175
2024-04-06T22:04:25Z,run,2024-04-06T22:08:07Z,-8.04675749,-34.95049394,169,91.0,2.640000104904175
2024-04-06T22:04:25Z,run,2024-04-06T22:08:08Z,-8.04673317,-34.95049362,170,90.0,2.640000104904175
2024-04-06T22:04:25Z,run,2024-04-06T22:08:09Z,-8.04670883,-34.95049262,169,90.0,2.640000104904175
2024-04-06T22:04:25Z,run,2024-04-06T22:08:10Z,-8.04668418,-34.95049129,169,89.0,2.640000104904175
2024-04-06T22:04:25Z,run,2024-04-06T22:08:11Z,-8.04665951,-34.95049064,169,89.0,2.640000104904175
2024-04-06T22:04:25Z,run,2024-04-06T22:08:12Z,-8.04663619,-34.95049064,169,88.0,2.6500000953674316
2024-04-06T22:04:25Z,run,2024-04-06T22:08:13Z,-8.04661752,-34.95049296,169,88.0,2.6500000953674316
2024-04-06T22:04:25Z,run,2024-04-06T22:08:14Z,-8.04660453,-34.95049663,169,88.0,2.6500000953674316
2024-04-06T22:04:25Z,run,2024-04-06T22:08:15Z,-8.0466012,-34.95049896,169,88.0,2.6500000953674316
2024-04-06T22:04:25Z,run,2024-04-06T22:08:16Z,-8.04660453,-34.95049863,169,88.0,2.6500000953674316
2024-04-06T22:04:25Z,run,2024-04-06T22:08:17Z,-8.04661419,-34.9504953,169,88.0,2.6500000953674316
2024-04-06T22:04:25Z,run,2024-04-06T22:08:18Z,-8.04662919,-34.95049065,169,89.0,2.640000104904175
2024-04-06T22:04:25Z,run,2024-04-06T22:08:19Z,-8.04664785,-34.95048565,169,90.0,2.630000114440918
2024-04-06T22:04:25Z,run,2024-04-06T22:08:20Z,-8.04666918,-34.95048266,170,90.0,2.2699999809265137
2024-04-06T22:04:25Z,run,2024-04-06T22:08:21Z,-8.0466925,-34.95048032,170,89.0,1.9199999570846558
2024-04-06T22:04:25Z,run,2024-04-06T22:08:22Z,-8.04671649,-34.95047767,171,89.0,1.9500000476837158
2024-04-06T22:04:25Z,run,2024-04-06T22:08:23Z,-8.04674116,-34.95047401,171,89.0,1.9500000476837158
2024-04-06T22:04:25Z,run,2024-04-06T22:08:24Z,-8.04676648,-34.95046968,171,90.0,2.1500000953674316
2024-04-06T22:04:25Z,run,2024-04-06T22:08:25Z,-8.0467918,-34.95046635,171,90.0,2.380000114440918
2024-04-06T22:04:25Z,run,2024-04-06T22:08:26Z,-8.04681747,-34.95046336,171,90.0,2.509999990463257
2024-04-06T22:04:25Z,run,2024-04-06T22:08:27Z,-8.04684246,-34.95046271,171,90.0,2.5999999046325684
2024-04-06T22:04:25Z,run,2024-04-06T22:08:28Z,-8.04686746,-34.95046403,170,90.0,2.640000104904175
2024-04-06T22:04:25Z,run,2024-04-06T22:08:29Z,-8.04689346,-34.95046469,170,90.0,2.640000104904175
2024-04-06T22:04:25Z,run,2024-04-06T22:08:30Z,-8.04692045,-34.95046136,171,90.0,2.6700000762939453
2024-04-06T22:04:25Z,run,2024-04-06T22:08:31Z,-8.04694777,-34.95045936,171,90.0,2.690000057220459
2024-04-06T22:04:25Z,run,2024-04-06T22:08:32Z,-8.0469741,-34.95046103,171,90.0,2.690000057220459
2024-04-06T22:04:25Z,run,2024-04-06T22:08:33Z,-8.0469991,-34.95046469,171,90.0,2.700000047683716
2024-04-06T22:04:25Z,run,2024-04-06T22:08:34Z,-8.04702342,-34.95046802,168,90.0,2.7100000381469727
2024-04-06T22:04:25Z,run,2024-04-06T22:08:35Z,-8.04704809,-34.95047101,168,90.0,2.7100000381469727
2024-04-06T22:04:25Z,run,2024-04-06T22:08:36Z,-8.04707341,-34.95047368,167,90.0,2.7100000381469727
2024-04-06T22:04:25Z,run,2024-04-06T22:08:37Z,-8.04709974,-34.95047533,167,90.0,2.7200000286102295
2024-04-06T22:04:25Z,run,2024-04-06T22:08:38Z,-8.04712607,-34.95047667,167,90.0,2.75
2024-04-06T22:04:25Z,run,2024-04-06T22:08:39Z,-8.04715207,-34.95047899,167,90.0,2.7899999618530273
2024-04-06T22:04:25Z,run,2024-04-06T22:08:40Z,-8.04717773,-34.95048199,166,90.0,2.799999952316284
2024-04-06T22:04:25Z,run,2024-04-06T22:08:40Z,-8.04720307,-34.95048365,166,90.0,2.799999952316284
2024-04-06T22:04:25Z,run,2024-04-06T22:08:41Z,-8.04722907,-34.95048565,166,89.0,2.7899999618530273
2024-04-06T22:04:25Z,run,2024-04-06T22:08:42Z,-8.04725439,-34.9504883,166,89.0,2.7899999618530273
2024-04-06T22:04:25Z,run,2024-04-06T22:08:43Z,-8.04727938,-34.95049129,166,89.0,2.799999952316284
2024-04-06T22:04:25Z,run,2024-04-06T22:08:44Z,-8.04730305,-34.95049562,165,89.0,2.799999952316284
2024-04-06T22:04:25Z,run,2024-04-06T22:08:45Z,-8.04732671,-34.95050095,165,89.0,2.7899999618530273
2024-04-06T22:04:25Z,run,2024-04-06T22:08:46Z,-8.0473507,-34.95050762,165,89.0,2.7899999618530273
2024-04-06T22:04:25Z,run,2024-04-06T22:08:47Z,-8.04737469,-34.95051295,167,89.0,2.7699999809265137
2024-04-06T22:04:25Z,run,2024-04-06T22:08:48Z,-8.04739769,-34.95051727,169,90.0,2.740000009536743
2024-04-06T22:04:25Z,run,2024-04-06T22:08:49Z,-8.04742102,-34.9505206,170,90.0,2.7100000381469727
2024-04-06T22:04:25Z,run,2024-04-06T22:08:50Z,-8.04744468,-34.95052226,171,90.0,2.680000066757202
2024-04-06T22:04:25Z,run,2024-04-06T22:08:51Z,-8.04746802,-34.95052392,172,90.0,2.6700000762939453
2024-04-06T22:04:25Z,run,2024-04-06T22:08:52Z,-8.04749168,-34.95052625,172,90.0,2.6700000762939453
2024-04-06T22:04:25Z,run,2024-04-06T22:08:53Z,-8.04751567,-34.95052759,172,90.0,2.640000104904175
2024-04-06T22:04:25Z,run,2024-04-06T22:08:54Z,-8.04754001,-34.95052693,172,90.0,2.619999885559082
2024-04-06T22:04:25Z,run,2024-04-06T22:08:55Z,-8.04756433,-34.9505246,172,90.0,2.609999895095825
2024-04-06T22:04:25Z,run,2024-04-06T22:08:56Z,-8.047588,-34.9505226,172,90.0,2.609999895095825
2024-04-06T22:04:25Z,run,2024-04-06T22:08:57Z,-8.04761166,-34.95052194,173,89.0,2.609999895095825
2024-04-06T22:04:25Z,run,2024-04-06T22:08:58Z,-8.04763465,-34.95052162,173,89.0,2.609999895095825
2024-04-06T22:04:25Z,run,2024-04-06T22:08:59Z,-8.04765832,-34.95052194,174,89.0,2.619999885559082
2024-04-06T22:04:25Z,run,2024-04-06T22:09:00Z,-8.04768132,-34.9505226,174,89.0,2.619999885559082
2024-04-06T22:04:25Z,run,2024-04-06T22:09:01Z,-8.04770498,-34.95052359,175,89.0,2.619999885559082
2024-04-06T22:04:25Z,run,2024-04-06T22:09:02Z,-8.04772798,-34.95052559,176,89.0,2.619999885559082
2024-04-06T22:04:25Z,run,2024-04-06T22:09:03Z,-8.04775164,-34.95052725,176,90.0,2.619999885559082
2024-04-06T22:04:25Z,run,2024-04-06T22:09:04Z,-8.04777397,-34.95052891,176,90.0,2.619999885559082
2024-04-06T22:04:25Z,run,2024-04-06T22:09:05Z,-8.04779729,-34.95053058,176,90.0,2.630000114440918
2024-04-06T22:04:25Z,run,2024-04-06T22:09:06Z,-8.04782129,-34.95053223,176,91.0,2.630000114440918
2024-04-06T22:04:25Z,run,2024-04-06T22:09:07Z,-8.04784561,-34.95053457,175,90.0,2.619999885559082
2024-04-06T22:04:25Z,run,2024-04-06T22:09:08Z,-8.04787061,-34.95053722,174,89.0,2.619999885559082
2024-04-06T22:04:25Z,run,2024-04-06T22:09:09Z,-8.0478956,-34.95053889,173,88.0,2.619999885559082
2024-04-06T22:04:25Z,run,2024-04-06T22:09:10Z,-8.04792094,-34.95053955,173,88.0,2.619999885559082
2024-04-06T22:04:25Z,run,2024-04-06T22:09:11Z,-8.04794594,-34.95053889,173,89.0,2.630000114440918
2024-04-06T22:04:25Z,run,2024-04-06T22:09:12Z,-8.04797026,-34.95053955,173,90.0,2.630000114440918
2024-04-06T22:04:25Z,run,2024-04-06T22:09:13Z,-8.04799359,-34.9505402,173,91.0,2.630000114440918
2024-04-06T22:04:25Z,run,2024-04-06T22:09:14Z,-8.04801758,-34.9505422,173,91.0,2.630000114440918
2024-04-06T22:04:25Z,run,2024-04-06T22:09:15Z,-8.04804024,-34.9505422,172,91.0,2.640000104904175
2024-04-06T22:04:25Z,run,2024-04-06T22:09:16Z,-8.04806523,-34.95054286,172,91.0,2.640000104904175
2024-04-06T22:04:25Z,run,2024-04-06T22:09:17Z,-8.0480899,-34.95054419,171,90.0,2.640000104904175
2024-04-06T22:04:25Z,run,2024-04-06T22:09:18Z,-8.04811389,-34.95054652,171,89.0,2.6500000953674316
2024-04-06T22:04:25Z,run,2024-04-06T22:09:19Z,-8.04813822,-34.95054818,171,89.0,2.6500000953674316
2024-04-06T22:04:25Z,run,2024-04-06T22:09:20Z,-8.04816289,-34.95055018,170,89.0,2.6500000953674316
2024-04-06T22:04:25Z,run,2024-04-06T22:09:21Z,-8.04818754,-34.95055252,170,90.0,2.6500000953674316
2024-04-06T22:04:25Z,run,2024-04-06T22:09:22Z,-8.04821321,-34.95055517,170,90.0,2.6500000953674316
2024-04-06T22:04:25Z,run,2024-04-06T22:09:23Z,-8.04823953,-34.9505565,172,90.0,2.6500000953674316
2024-04-06T22:04:25Z,run,2024-04-06T22:09:24Z,-8.0482652,-34.95055715,173,90.0,2.6500000953674316
2024-04-06T22:04:25Z,run,2024-04-06T22:09:25Z,-8.04829019,-34.95055849,173,90.0,2.6600000858306885
2024-04-06T22:04:25Z,run,2024-04-06T22:09:26Z,-8.04831852,-34.95055849,173,90.0,2.6600000858306885
2024-04-06T22:04:25Z,run,2024-04-06T22:09:27Z,-8.04834518,-34.95055981,173,90.0,2.6600000858306885
2024-04-06T22:04:25Z,run,2024-04-06T22:09:28Z,-8.04836985,-34.95056181,173,90.0,2.6600000858306885
2024-04-06T22:04:25Z,run,2024-04-06T22:09:29Z,-8.04839451,-34.95056414,173,90.0,2.6700000762939453
2024-04-06T22:04:25Z,run,2024-04-06T22:09:30Z,-8.04841817,-34.95056681,173,90.0,2.6700000762939453
2024-04-06T22:04:25Z,run,2024-04-06T22:09:31Z,-8.04844216,-34.9505698,174,90.0,2.6700000762939453
2024-04-06T22:04:25Z,run,2024-04-06T22:09:32Z,-8.04846649,-34.95057312,175,90.0,2.680000066757202
2024-04-06T22:04:25Z,run,2024-04-06T22:09:33Z,-8.04849082,-34.95058112,176,90.0,2.680000066757202
2024-04-06T22:04:25Z,run,2024-04-06T22:09:34Z,-8.04851182,-34.95059479,176,90.0,2.680000066757202
2024-04-06T22:04:25Z,run,2024-04-06T22:09:35Z,-8.04852982,-34.95061178,177,89.0,2.680000066757202
2024-04-06T22:04:25Z,run,2024-04-06T22:09:36Z,-8.04854681,-34.9506301,177,90.0,2.680000066757202
2024-04-06T22:04:25Z,run,2024-04-06T22:09:37Z,-8.04856214,-34.95064709,177,90.0,2.680000066757202
2024-04-06T22:04:25Z,run,2024-04-06T22:09:38Z,-8.0485788,-34.95065909,177,90.0,2.680000066757202
2024-04-06T22:04:25Z,run,2024-04-06T22:09:39Z,-8.04859446,-34.95066442,178,90.0,2.680000066757202
2024-04-06T22:04:25Z,run,2024-04-06T22:09:40Z,-8.04860846,-34.95066475,178,90.0,2.680000066757202
2024-04-06T22:04:25Z,run,2024-04-06T22:09:41Z,-8.04861445,-34.95065975,178,90.0,2.680000066757202
2024-04-06T22:04:25Z,run,2024-04-06T22:09:42Z,-8.04861678,-34.95065109,178,90.0,2.680000066757202
2024-04-06T22:04:25Z,run,2024-04-06T22:09:43Z,-8.04861778,-34.95063677,177,91.0,2.6600000858306885
2024-04-06T22:04:25Z,run,2024-04-06T22:09:44Z,-8.04861678,-34.95061777,177,91.0,2.6500000953674316
2024-04-06T22:04:25Z,run,2024-04-06T22:09:45Z,-8.04861678,-34.95059745,175,90.0,2.630000114440918
2024-04-06T22:04:25Z,run,2024-04-06T22:09:46Z,-8.04861778,-34.95057611,175,90.0,2.619999885559082
2024-04-06T22:04:25Z,run,2024-04-06T22:09:47Z,-8.04862111,-34.95055178,175,90.0,2.619999885559082
2024-04-06T22:04:25Z,run,2024-04-06T22:09:48Z,-8.04862678,-34.95052679,174,91.0,2.609999895095825
2024-04-06T22:04:25Z,run,2024-04-06T22:09:49Z,-8.04863543,-34.95050146,174,91.0,2.5899999141693115
2024-04-06T22:04:25Z,run,2024-04-06T22:09:50Z,-8.04864843,-34.9504788,174,91.0,2.5899999141693115
2024-04-06T22:04:25Z,run,2024-04-06T22:09:51Z,-8.04866642,-34.95045748,174,91.0,2.5799999237060547
2024-04-06T22:04:25Z,run,2024-04-06T22:09:52Z,-8.04868876,-34.95043881,173,90.0,2.5799999237060547
2024-04-06T22:04:25Z,run,2024-04-06T22:09:53Z,-8.04871208,-34.95042082,173,90.0,2.5799999237060547
2024-04-06T22:04:25Z,run,2024-04-06T22:09:54Z,-8.04873375,-34.95040383,173,90.0,2.5899999141693115
2024-04-06T22:04:25Z,run,2024-04-06T22:09:55Z,-8.04875507,-34.95038917,173,90.0,2.5899999141693115
2024-04-06T22:04:25Z,run,2024-04-06T22:09:56Z,-8.0487764,-34.95037651,172,90.0,2.5899999141693115
2024-04-06T22:04:25Z,run,2024-04-06T22:09:57Z,-8.04879873,-34.95036584,171,90.0,2.5999999046325684
2024-04-06T22:04:25Z,run,2024-04-06T22:09:58Z,-8.04882373,-34.95035885,171,90.0,2.5999999046325684
2024-04-06T22:04:25Z,run,2024-04-06T22:09:59Z,-8.04884938,-34.95035286,171,91.0,2.609999895095825
2024-04-06T22:04:25Z,run,2024-04-06T22:10:00Z,-8.04887571,-34.95034886,171,91.0,2.609999895095825
2024-04-06T22:04:25Z,run,2024-04-06T22:10:01Z,-8.04890271,-34.95034554,171,91.0,2.619999885559082
2024-04-06T22:04:25Z,run,2024-04-06T22:10:02Z,-8.04893136,-34.95034387,171,91.0,2.619999885559082
2024-04-06T22:04:25Z,run,2024-04-06T22:10:03Z,-8.0489597,-34.95034288,171,90.0,2.630000114440918
2024-04-06T22:04:25Z,run,2024-04-06T22:10:04Z,-8.04898835,-34.95034222,171,90.0,2.630000114440918
2024-04-06T22:04:25Z,run,2024-04-06T22:10:05Z,-8.04901701,-34.95034056,171,90.0,2.630000114440918
2024-04-06T22:04:25Z,run,2024-04-06T22:10:06Z,-8.04904768,-34.95034023,171,91.0,2.630000114440918
2024-04-06T22:04:25Z,run,2024-04-06T22:10:07Z,-8.04907667,-34.95034356,170,91.0,2.640000104904175
2024-04-06T22:04:25Z,run,2024-04-06T22:10:08Z,-8.04910332,-34.95034856,170,91.0,2.6500000953674316
2024-04-06T22:04:25Z,run,2024-04-06T22:10:09Z,-8.04912899,-34.95035488,169,91.0,2.6500000953674316
2024-04-06T22:04:25Z,run,2024-04-06T22:10:10Z,-8.04915331,-34.95036055,169,91.0,2.6600000858306885
2024-04-06T22:04:25Z,run,2024-04-06T22:10:11Z,-8.04917831,-34.9503662,169,91.0,2.6600000858306885
2024-04-06T22:04:25Z,run,2024-04-06T22:10:12Z,-8.04920397,-34.95036987,169,90.0,2.6700000762939453
2024-04-06T22:04:25Z,run,2024-04-06T22:10:13Z,-8.04922897,-34.95037286,169,90.0,2.6700000762939453
2024-04-06T22:04:25Z,run,2024-04-06T22:10:14Z,-8.04925163,-34.95037718,169,90.0,2.680000066757202
2024-04-06T22:04:25Z,run,2024-04-06T22:10:15Z,-8.04927328,-34.95038218,169,90.0,2.680000066757202
2024-04-06T22:04:25Z,run,2024-04-06T22:10:16Z,-8.04929561,-34.95038652,170,90.0,2.680000066757202
2024-04-06T22:04:25Z,run,2024-04-06T22:10:17Z,-8.04931794,-34.95038884,170,90.0,2.680000066757202
2024-04-06T22:04:25Z,run,2024-04-06T22:10:18Z,-8.04934027,-34.95039051,170,90.0,2.680000066757202
2024-04-06T22:04:25Z,run,2024-04-06T22:10:19Z,-8.04936293,-34.95039217,170,91.0,2.680000066757202
2024-04-06T22:04:25Z,run,2024-04-06T22:10:20Z,-8.0493866,-34.95039383,170,91.0,2.680000066757202
2024-04-06T22:04:25Z,run,2024-04-06T22:10:21Z,-8.04941059,-34.95039682,169,91.0,2.6700000762939453
2024-04-06T22:04:25Z,run,2024-04-06T22:10:22Z,-8.04943492,-34.95040015,170,91.0,2.6700000762939453
2024-04-06T22:04:25Z,run,2024-04-06T22:10:23Z,-8.04945891,-34.95040348,170,91.0,2.6700000762939453
2024-04-06T22:04:25Z,run,2024-04-06T22:10:24Z,-8.04948257,-34.95040713,170,91.0,2.6600000858306885
2024-04-06T22:04:25Z,run,2024-04-06T22:10:25Z,-8.0495069,-34.9504098,171,91.0,2.6500000953674316
2024-04-06T22:04:25Z,run,2024-04-06T22:10:26Z,-8.04953089,-34.95041346,170,92.0,2.6500000953674316
2024-04-06T22:04:25Z,run,2024-04-06T22:10:27Z,-8.04955488,-34.95041611,170,92.0,2.6500000953674316
2024-04-06T22:04:25Z,run,2024-04-06T22:10:28Z,-8.04957988,-34.95041977,170,92.0,2.6500000953674316
2024-04-06T22:04:25Z,run,2024-04-06T22:10:29Z,-8.04960554,-34.9504241,170,92.0,2.6500000953674316
2024-04-06T22:04:25Z,run,2024-04-06T22:10:30Z,-8.04963086,-34.95042709,170,92.0,2.6500000953674316
2024-04-06T22:04:25Z,run,2024-04-06T22:10:31Z,-8.04965618,-34.95043042,170,91.0,2.6500000953674316
2024-04-06T22:04:25Z,run,2024-04-06T22:10:32Z,-8.04968185,-34.95043208,170,91.0,2.6500000953674316
2024-04-06T22:04:25Z,run,2024-04-06T22:10:33Z,-8.04970751,-34.95043442,169,91.0,2.6500000953674316
2024-04-06T22:04:25Z,run,2024-04-06T22:10:34Z,-8.04973283,-34.95043707,168,92.0,2.6500000953674316
2024-04-06T22:04:25Z,run,2024-04-06T22:10:35Z,-8.0497575,-34.95043974,168,92.0,2.6500000953674316
2024-04-06T22:04:25Z,run,2024-04-06T22:10:36Z,-8.04978116,-34.9504434,168,91.0,2.6500000953674316
2024-04-06T22:04:25Z,run,2024-04-06T22:10:37Z,-8.04980583,-34.95044506,168,92.0,2.6600000858306885
2024-04-06T22:04:25Z,run,2024-04-06T22:10:38Z,-8.04983016,-34.95044705,169,92.0,2.6600000858306885
2024-04-06T22:04:25Z,run,2024-04-06T22:10:39Z,-8.04985515,-34.95044872,170,92.0,2.6600000858306885
2024-04-06T22:04:25Z,run,2024-04-06T22:10:40Z,-8.04988049,-34.95045105,170,92.0,2.6700000762939453
2024-04-06T22:04:25Z,run,2024-04-06T22:10:41Z,-8.04990649,-34.95045404,170,92.0,2.6700000762939453
2024-04-06T22:04:25Z,run,2024-04-06T22:10:42Z,-8.04993215,-34.95045737,170,91.0,2.6700000762939453
2024-04-06T22:04:25Z,run,2024-04-06T22:10:43Z,-8.04995714,-34.95046102,170,92.0,2.6700000762939453
2024-04-06T22:04:25Z,run,2024-04-06T22:10:44Z,-8.04998147,-34.95046401,170,92.0,2.6700000762939453
2024-04-06T22:04:25Z,run,2024-04-06T22:10:45Z,-8.0500048,-34.95046835,170,92.0,2.6700000762939453
2024-04-06T22:04:25Z,run,2024-04-06T22:10:46Z,-8.05002879,-34.95047234,170,91.0,2.680000066757202
2024-04-06T22:04:25Z,run,2024-04-06T22:10:47Z,-8.05005245,-34.95047434,170,91.0,2.680000066757202
2024-04-06T22:04:25Z,run,2024-04-06T22:10:48Z,-8.05007578,-34.95047533,170,91.0,2.680000066757202
2024-04-06T22:04:25Z,run,2024-04-06T22:10:49Z,-8.05009944,-34.95047599,171,91.0,2.680000066757202
2024-04-06T22:04:25Z,run,2024-04-06T22:10:50Z,-8.05012343,-34.95047566,171,92.0,2.680000066757202
2024-04-06T22:04:25Z,run,2024-04-06T22:10:51Z,-8.05014843,-34.950474,172,91.0,2.680000066757202
2024-04-06T22:04:25Z,run,2024-04-06T22:10:52Z,-8.05017342,-34.95047167,173,91.0,2.680000066757202
2024-04-06T22:04:25Z,run,2024-04-06T22:10:53Z,-8.05019908,-34.95047068,173,91.0,2.680000066757202
2024-04-06T22:04:25Z,run,2024-04-06T22:10:54Z,-8.05022375,-34.95046968,173,91.0,2.680000066757202
2024-04-06T22:04:25Z,run,2024-04-06T22:10:55Z,-8.05024875,-34.95046936,174,91.0,2.680000066757202
2024-04-06T22:04:25Z,run,2024-04-06T22:10:56Z,-8.05027341,-34.95047035,174,91.0,2.680000066757202
2024-04-06T22:04:25Z,run,2024-04-06T22:10:57Z,-8.05029807,-34.950473,173,92.0,2.680000066757202
2024-04-06T22:04:25Z,run,2024-04-06T22:10:58Z,-8.05032206,-34.95047667,173,92.0,2.680000066757202
2024-04-06T22:04:25Z,run,2024-04-06T22:10:59Z,-8.05034639,-34.95048066,173,92.0,2.680000066757202
2024-04-06T22:04:25Z,run,2024-04-06T22:11:00Z,-8.05037038,-34.95048432,172,92.0,2.690000057220459
2024-04-06T22:04:25Z,run,2024-04-06T22:11:01Z,-8.05039404,-34.95048697,172,93.0,2.690000057220459
2024-04-06T22:04:25Z,run,2024-04-06T22:11:02Z,-8.05041771,-34.95048931,172,93.0,2.690000057220459
2024-04-06T22:04:25Z,run,2024-04-06T22:11:03Z,-8.05044303,-34.95049164,171,93.0,2.690000057220459
2024-04-06T22:04:25Z,run,2024-04-06T22:11:04Z,-8.05046869,-34.95049563,171,92.0,2.690000057220459
2024-04-06T22:04:25Z,run,2024-04-06T22:11:05Z,-8.05049336,-34.95049896,171,92.0,2.690000057220459
2024-04-06T22:04:25Z,run,2024-04-06T22:11:06Z,-8.05051801,-34.95050229,171,93.0,2.700000047683716
2024-04-06T22:04:25Z,run,2024-04-06T22:11:07Z,-8.05054201,-34.95050661,171,92.0,2.700000047683716
2024-04-06T22:04:25Z,run,2024-04-06T22:11:08Z,-8.05056567,-34.95051094,172,92.0,2.700000047683716
2024-04-06T22:04:25Z,run,2024-04-06T22:11:09Z,-8.05059034,-34.9505146,173,92.0,2.700000047683716
2024-04-06T22:04:25Z,run,2024-04-06T22:11:10Z,-8.05061433,-34.9505186,175,93.0,2.700000047683716
2024-04-06T22:04:25Z,run,2024-04-06T22:11:11Z,-8.05063765,-34.95052326,175,93.0,2.700000047683716
2024-04-06T22:04:25Z,run,2024-04-06T22:11:12Z,-8.05066031,-34.95052759,175,92.0,2.700000047683716
2024-04-06T22:04:25Z,run,2024-04-06T22:11:13Z,-8.05068331,-34.95053125,176,92.0,2.7100000381469727
2024-04-06T22:04:25Z,run,2024-04-06T22:11:14Z,-8.0507073,-34.95053424,177,91.0,2.7100000381469727
2024-04-06T22:04:25Z,run,2024-04-06T22:11:15Z,-8.05072996,-34.95053723,177,91.0,2.7100000381469727
2024-04-06T22:04:25Z,run,2024-04-06T22:11:16Z,-8.0507533,-34.95053823,178,92.0,2.7100000381469727
2024-04-06T22:04:25Z,run,2024-04-06T22:11:17Z,-8.05077829,-34.95053888,178,92.0,2.7100000381469727
2024-04-06T22:04:25Z,run,2024-04-06T22:11:18Z,-8.05080228,-34.95054122,177,92.0,2.7100000381469727
2024-04-06T22:04:25Z,run,2024-04-06T22:11:19Z,-8.05082361,-34.95054321,177,92.0,2.7100000381469727
2024-04-06T22:04:25Z,run,2024-04-06T22:11:20Z,-8.05084527,-34.95054487,177,91.0,2.7100000381469727
2024-04-06T22:04:25Z,run,2024-04-06T22:11:21Z,-8.05086559,-34.95054786,177,91.0,2.7100000381469727
2024-04-06T22:04:25Z,run,2024-04-06T22:11:22Z,-8.05088659,-34.95054986,178,91.0,2.7100000381469727
2024-04-06T22:04:25Z,run,2024-04-06T22:11:23Z,-8.05090826,-34.95055085,178,91.0,2.7100000381469727
2024-04-06T22:04:25Z,run,2024-04-06T22:11:24Z,-8.05093225,-34.9505502,178,92.0,2.7100000381469727
2024-04-06T22:04:25Z,run,2024-04-06T22:11:25Z,-8.05096124,-34.9505482,178,92.0,2.700000047683716
2024-04-06T22:04:25Z,run,2024-04-06T22:11:26Z,-8.0509909,-34.95054487,177,91.0,2.690000057220459
2024-04-06T22:04:25Z,run,2024-04-06T22:11:27Z,-8.05102423,-34.95053788,175,91.0,2.680000066757202
2024-04-06T22:04:25Z,run,2024-04-06T22:11:28Z,-8.05105155,-34.95053655,173,91.0,2.680000066757202
2024-04-06T22:04:25Z,run,2024-04-06T22:11:29Z,-8.05107654,-34.95053623,173,91.0,2.680000066757202
2024-04-06T22:04:25Z,run,2024-04-06T22:11:30Z,-8.05109987,-34.95053755,173,91.0,2.680000066757202
2024-04-06T22:04:25Z,run,2024-04-06T22:11:31Z,-8.05112253,-34.95053888,174,91.0,2.680000066757202
2024-04-06T22:04:25Z,run,2024-04-06T22:11:32Z,-8.05114885,-34.95054221,175,91.0,2.680000066757202
2024-04-06T22:04:25Z,run,2024-04-06T22:11:33Z,-8.05117518,-34.95054553,175,91.0,2.680000066757202
2024-04-06T22:04:25Z,run,2024-04-06T22:11:34Z,-8.05120383,-34.95054852,174,91.0,2.680000066757202
2024-04-06T22:04:25Z,run,2024-04-06T22:11:35Z,-8.0512315,-34.95055252,174,91.0,2.680000066757202
2024-04-06T22:04:25Z,run,2024-04-06T22:11:36Z,-8.05125816,-34.95055618,173,90.0,2.680000066757202
2024-04-06T22:04:25Z,run,2024-04-06T22:11:37Z,-8.05128316,-34.95055917,173,90.0,2.680000066757202
2024-04-06T22:04:25Z,run,2024-04-06T22:11:38Z,-8.05130815,-34.95055949,174,90.0,2.680000066757202
2024-04-06T22:04:25Z,run,2024-04-06T22:11:39Z,-8.05133348,-34.9505565,175,91.0,2.680000066757202
2024-04-06T22:04:25Z,run,2024-04-06T22:11:40Z,-8.0513578,-34.95055117,173,91.0,2.680000066757202
2024-04-06T22:04:25Z,run,2024-04-06T22:11:41Z,-8.0513798,-34.95054384,172,91.0,2.690000057220459
2024-04-06T22:04:25Z,run,2024-04-06T22:11:42Z,-8.05139979,-34.95053351,172,91.0,2.690000057220459
2024-04-06T22:04:25Z,run,2024-04-06T22:11:43Z,-8.05141912,-34.95051652,171,91.0,2.690000057220459
2024-04-06T22:04:25Z,run,2024-04-06T22:11:44Z,-8.05143744,-34.95049819,171,91.0,2.690000057220459
2024-04-06T22:04:25Z,run,2024-04-06T22:11:45Z,-8.05145311,-34.95047852,171,91.0,2.690000057220459
2024-04-06T22:04:25Z,run,2024-04-06T22:11:46Z,-8.0514661,-34.95045953,170,91.0,2.690000057220459
2024-04-06T22:04:25Z,run,2024-04-06T22:11:47Z,-8.05147643,-34.95043853,170,91.0,2.690000057220459
2024-04-06T22:04:25Z,run,2024-04-06T22:11:48Z,-8.05148343,-34.95041554,170,91.0,2.690000057220459
2024-04-06T22:04:25Z,run,2024-04-06T22:11:49Z,-8.05149009,-34.95039255,170,92.0,2.690000057220459
2024-04-06T22:04:25Z,run,2024-04-06T22:11:50Z,-8.05149375,-34.95036989,169,92.0,2.690000057220459
2024-04-06T22:04:25Z,run,2024-04-06T22:11:51Z,-8.05149608,-34.95035056,169,92.0,2.680000066757202
2024-04-06T22:04:25Z,run,2024-04-06T22:11:52Z,-8.05149707,-34.95033089,170,92.0,2.680000066757202
2024-04-06T22:04:25Z,run,2024-04-06T22:11:53Z,-8.05149772,-34.9503099,172,92.0,2.680000066757202
2024-04-06T22:04:25Z,run,2024-04-06T22:11:54Z,-8.05149839,-34.9502859,172,92.0,2.680000066757202
2024-04-06T22:04:25Z,run,2024-04-06T22:11:55Z,-8.05150138,-34.9502619,172,92.0,2.680000066757202
2024-04-06T22:04:25Z,run,2024-04-06T22:11:56Z,-8.05150338,-34.95023791,172,92.0,2.680000066757202
2024-04-06T22:04:25Z,run,2024-04-06T22:11:57Z,-8.05150405,-34.95021558,172,91.0,2.680000066757202
2024-04-06T22:04:25Z,run,2024-04-06T22:11:58Z,-8.05150405,-34.95019492,172,91.0,2.6700000762939453
2024-04-06T22:04:25Z,run,2024-04-06T22:11:59Z,-8.05150738,-34.95017059,171,91.0,2.6700000762939453
2024-04-06T22:04:25Z,run,2024-04-06T22:12:00Z,-8.05151037,-34.95014693,171,91.0,2.6700000762939453
2024-04-06T22:04:25Z,run,2024-04-06T22:12:01Z,-8.05151203,-34.95012393,170,91.0,2.6600000858306885
2024-04-06T22:04:25Z,run,2024-04-06T22:12:02Z,-8.05151335,-34.9501016,170,91.0,2.6600000858306885
2024-04-06T22:04:25Z,run,2024-04-06T22:12:03Z,-8.05151535,-34.95007828,171,91.0,2.6600000858306885
2024-04-06T22:04:25Z,run,2024-04-06T22:12:04Z,-8.05151768,-34.95005328,173,91.0,2.6500000953674316
2024-04-06T22:04:25Z,run,2024-04-06T22:12:05Z,-8.05151801,-34.95003062,172,91.0,2.6500000953674316
2024-04-06T22:04:25Z,run,2024-04-06T22:12:06Z,-8.051519,-34.95000696,172,91.0,2.6500000953674316
2024-04-06T22:04:25Z,run,2024-04-06T22:12:07Z,-8.05152,-34.94998364,172,91.0,2.6500000953674316
2024-04-06T22:04:25Z,run,2024-04-06T22:12:08Z,-8.05152265,-34.94995964,172,91.0,2.640000104904175
2024-04-06T22:04:25Z,run,2024-04-06T22:12:09Z,-8.05152431,-34.94993432,172,91.0,2.640000104904175
2024-04-06T22:04:25Z,run,2024-04-06T22:12:10Z,-8.05152364,-34.94990799,172,91.0,2.640000104904175
2024-04-06T22:04:25Z,run,2024-04-06T22:12:11Z,-8.05152364,-34.94988299,172,91.0,2.640000104904175
2024-04-06T22:04:25Z,run,2024-04-06T22:12:12Z,-8.05152597,-34.94985866,172,91.0,2.640000104904175
2024-04-06T22:04:25Z,run,2024-04-06T22:12:13Z,-8.0515293,-34.94983534,171,92.0,2.640000104904175
2024-04-06T22:04:25Z,run,2024-04-06T22:12:14Z,-8.05153263,-34.94981134,171,92.0,2.640000104904175
2024-04-06T22:04:25Z,run,2024-04-06T22:12:15Z,-8.05153397,-34.94978768,171,92.0,2.640000104904175
2024-04-06T22:04:25Z,run,2024-04-06T22:12:16Z,-8.0515373,-34.94976502,172,91.0,2.640000104904175
2024-04-06T22:04:25Z,run,2024-04-06T22:12:17Z,-8.05154196,-34.94974237,172,91.0,2.640000104904175
2024-04-06T22:04:25Z,run,2024-04-06T22:12:18Z,-8.05154529,-34.94971803,172,91.0,2.640000104904175
2024-04-06T22:04:25Z,run,2024-04-06T22:12:19Z,-8.05154828,-34.94969438,172,91.0,2.640000104904175
2024-04-06T22:04:25Z,run,2024-04-06T22:12:20Z,-8.05155127,-34.94967071,172,91.0,2.630000114440918
2024-04-06T22:04:25Z,run,2024-04-06T22:12:21Z,-8.05155527,-34.94964672,171,91.0,2.630000114440918
2024-04-06T22:04:25Z,run,2024-04-06T22:12:22Z,-8.05155826,-34.94962339,171,92.0,2.630000114440918
2024-04-06T22:04:25Z,run,2024-04-06T22:12:23Z,-8.05156059,-34.9495994,170,92.0,2.630000114440918
2024-04-06T22:04:25Z,run,2024-04-06T22:12:24Z,-8.05156225,-34.94957473,170,92.0,2.630000114440918
2024-04-06T22:04:25Z,run,2024-04-06T22:12:25Z,-8.05156292,-34.94955107,169,92.0,2.630000114440918
2024-04-06T22:04:25Z,run,2024-04-06T22:12:26Z,-8.05156424,-34.94952575,169,92.0,2.630000114440918
2024-04-06T22:04:25Z,run,2024-04-06T22:12:27Z,-8.05156523,-34.94950043,169,93.0,2.630000114440918
2024-04-06T22:04:25Z,run,2024-04-06T22:12:28Z,-8.05156723,-34.94947744,170,93.0,2.630000114440918
2024-04-06T22:04:25Z,run,2024-04-06T22:12:29Z,-8.05157089,-34.94945277,170,93.0,2.630000114440918
2024-04-06T22:04:25Z,run,2024-04-06T22:12:30Z,-8.05157422,-34.9494281,170,93.0,2.630000114440918
2024-04-06T22:04:25Z,run,2024-04-06T22:12:31Z,-8.05157755,-34.94940377,171,93.0,2.630000114440918
2024-04-06T22:04:25Z,run,2024-04-06T22:12:32Z,-8.05158022,-34.94937878,171,93.0,2.640000104904175
2024-04-06T22:04:25Z,run,2024-04-06T22:12:33Z,-8.05158355,-34.94935411,171,93.0,2.640000104904175
2024-04-06T22:04:25Z,run,2024-04-06T22:12:34Z,-8.05158821,-34.94933011,171,93.0,2.640000104904175
2024-04-06T22:04:25Z,run,2024-04-06T22:12:35Z,-8.0515932,-34.94930612,170,93.0,2.6500000953674316
2024-04-06T22:04:25Z,run,2024-04-06T22:12:36Z,-8.05159787,-34.94928246,170,93.0,2.6500000953674316
2024-04-06T22:04:25Z,run,2024-04-06T22:12:37Z,-8.05160219,-34.9492588,170,92.0,2.6500000953674316
2024-04-06T22:04:25Z,run,2024-04-06T22:12:38Z,-8.05160651,-34.9492348,170,92.0,2.6500000953674316
2024-04-06T22:04:25Z,run,2024-04-06T22:12:39Z,-8.05161118,-34.94921014,170,92.0,2.6500000953674316
2024-04-06T22:04:25Z,run,2024-04-06T22:12:40Z,-8.05161717,-34.94918448,171,92.0,2.6500000953674316
2024-04-06T22:04:25Z,run,2024-04-06T22:12:41Z,-8.0516225,-34.94915882,171,92.0,2.6500000953674316
2024-04-06T22:04:25Z,run,2024-04-06T22:12:42Z,-8.05162783,-34.9491325,171,92.0,2.6500000953674316
2024-04-06T22:04:25Z,run,2024-04-06T22:12:43Z,-8.05163116,-34.94910617,171,92.0,2.6500000953674316
2024-04-06T22:04:25Z,run,2024-04-06T22:12:44Z,-8.05163349,-34.94908151,171,92.0,2.6600000858306885
2024-04-06T22:04:25Z,run,2024-04-06T22:12:45Z,-8.05163548,-34.94905552,171,92.0,2.6600000858306885
2024-04-06T22:04:25Z,run,2024-04-06T22:12:46Z,-8.05163782,-34.94902918,172,91.0,2.6600000858306885
2024-04-06T22:04:25Z,run,2024-04-06T22:12:47Z,-8.05163981,-34.94900353,174,91.0,2.6700000762939453
2024-04-06T22:04:25Z,run,2024-04-06T22:12:48Z,-8.05164181,-34.9489802,174,91.0,2.6700000762939453
2024-04-06T22:04:25Z,run,2024-04-06T22:12:49Z,-8.05164347,-34.94895854,174,91.0,2.6700000762939453
2024-04-06T22:04:25Z,run,2024-04-06T22:12:50Z,-8.0516468,-34.94893688,174,91.0,2.680000066757202
2024-04-06T22:04:25Z,run,2024-04-06T22:12:51Z,-8.0516498,-34.94891288,174,91.0,2.680000066757202
2024-04-06T22:04:25Z,run,2024-04-06T22:12:52Z,-8.05165212,-34.94888888,174,91.0,2.680000066757202
2024-04-06T22:04:25Z,run,2024-04-06T22:12:53Z,-8.05165511,-34.94886222,174,91.0,2.680000066757202
2024-04-06T22:04:25Z,run,2024-04-06T22:12:54Z,-8.05166178,-34.9488339,174,91.0,2.680000066757202
2024-04-06T22:04:25Z,run,2024-04-06T22:12:55Z,-8.05167077,-34.9488059,175,91.0,2.680000066757202
2024-04-06T22:04:25Z,run,2024-04-06T22:12:55Z,-8.05167843,-34.94877958,175,91.0,2.680000066757202
2024-04-06T22:04:25Z,run,2024-04-06T22:12:56Z,-8.0516841,-34.94875392,175,91.0,2.680000066757202
2024-04-06T22:04:25Z,run,2024-04-06T22:12:57Z,-8.05168842,-34.94872759,174,91.0,2.680000066757202
2024-04-06T22:04:25Z,run,2024-04-06T22:12:58Z,-8.05169341,-34.94870093,174,91.0,2.680000066757202
2024-04-06T22:04:25Z,run,2024-04-06T22:12:59Z,-8.05169975,-34.94867561,174,91.0,2.680000066757202
2024-04-06T22:04:25Z,run,2024-04-06T22:13:00Z,-8.0517064,-34.94865327,173,92.0,2.680000066757202
2024-04-06T22:04:25Z,run,2024-04-06T22:13:01Z,-8.0517134,-34.94862994,172,92.0,2.690000057220459
2024-04-06T22:04:25Z,run,2024-04-06T22:13:02Z,-8.05171839,-34.94860728,172,92.0,2.700000047683716
2024-04-06T22:04:25Z,run,2024-04-06T22:13:03Z,-8.05172573,-34.94858429,171,92.0,2.700000047683716
2024-04-06T22:04:25Z,run,2024-04-06T22:13:04Z,-8.05173438,-34.94856196,173,92.0,2.700000047683716
2024-04-06T22:04:25Z,run,2024-04-06T22:13:05Z,-8.05174504,-34.9485393,173,92.0,2.700000047683716
2024-04-06T22:04:25Z,run,2024-04-06T22:13:06Z,-8.05175771,-34.94851398,173,91.0,2.700000047683716
2024-04-06T22:04:25Z,run,2024-04-06T22:13:07Z,-8.05176736,-34.94849165,173,91.0,2.700000047683716
2024-04-06T22:04:25Z,run,2024-04-06T22:13:08Z,-8.05177336,-34.94847066,173,92.0,2.700000047683716
2024-04-06T22:04:25Z,run,2024-04-06T22:13:09Z,-8.05177735,-34.94845099,173,91.0,2.700000047683716
2024-04-06T22:04:25Z,run,2024-04-06T22:13:10Z,-8.05177935,-34.94843132,173,91.0,2.700000047683716
2024-04-06T22:04:25Z,run,2024-04-06T22:13:11Z,-8.05178101,-34.94841032,173,91.0,2.700000047683716
2024-04-06T22:04:25Z,run,2024-04-06T22:13:12Z,-8.05178368,-34.94838933,173,91.0,2.690000057220459
2024-04-06T22:04:25Z,run,2024-04-06T22:13:13Z,-8.05178534,-34.94836668,174,92.0,2.690000057220459
2024-04-06T22:04:25Z,run,2024-04-06T22:13:14Z,-8.05178633,-34.94834301,174,92.0,2.680000066757202
2024-04-06T22:04:25Z,run,2024-04-06T22:13:15Z,-8.05178666,-34.94832035,174,91.0,2.680000066757202
2024-04-06T22:04:25Z,run,2024-04-06T22:13:16Z,-8.05178633,-34.94829536,171,92.0,2.6700000762939453
2024-04-06T22:04:25Z,run,2024-04-06T22:13:17Z,-8.05178666,-34.94827103,171,92.0,2.6700000762939453
2024-04-06T22:04:25Z,run,2024-04-06T22:13:18Z,-8.05178732,-34.94824571,171,91.0,2.6600000858306885
2024-04-06T22:04:25Z,run,2024-04-06T22:13:19Z,-8.05178831,-34.94822071,170,91.0,2.6600000858306885
2024-04-06T22:04:25Z,run,2024-04-06T22:13:20Z,-8.05178898,-34.94819837,170,90.0,2.6500000953674316
2024-04-06T22:04:25Z,run,2024-04-06T22:13:21Z,-8.05178898,-34.94817637,169,91.0,2.6500000953674316
2024-04-06T22:04:25Z,run,2024-04-06T22:13:22Z,-8.05178997,-34.94815305,169,92.0,2.6500000953674316
2024-04-06T22:04:25Z,run,2024-04-06T22:13:23Z,-8.0517903,-34.94812905,169,92.0,2.6500000953674316
2024-04-06T22:04:25Z,run,2024-04-06T22:13:24Z,-8.05179196,-34.94810373,169,92.0,2.6500000953674316
2024-04-06T22:04:25Z,run,2024-04-06T22:13:25Z,-8.05179295,-34.9480804,169,92.0,2.6500000953674316
2024-04-06T22:04:25Z,run,2024-04-06T22:13:26Z,-8.05179495,-34.94805675,169,91.0,2.6500000953674316
2024-04-06T22:04:25Z,run,2024-04-06T22:13:27Z,-8.05179396,-34.94802975,169,91.0,2.6500000953674316
2024-04-06T22:04:25Z,run,2024-04-06T22:13:28Z,-8.05179329,-34.94800275,169,91.0,2.6500000953674316
2024-04-06T22:04:25Z,run,2024-04-06T22:13:29Z,-8.05179197,-34.94797742,169,91.0,2.6500000953674316
2024-04-06T22:04:25Z,run,2024-04-06T22:13:30Z,-8.05179031,-34.94795576,169,91.0,2.6500000953674316
2024-04-06T22:04:25Z,run,2024-04-06T22:13:31Z,-8.05178931,-34.94793243,169,91.0,2.6500000953674316
2024-04-06T22:04:25Z,run,2024-04-06T22:13:32Z,-8.05178598,-34.94790843,169,91.0,2.6500000953674316
2024-04-06T22:04:25Z,run,2024-04-06T22:13:33Z,-8.05177932,-34.94788578,169,91.0,2.6500000953674316
2024-04-06T22:04:25Z,run,2024-04-06T22:13:34Z,-8.05176766,-34.94786711,169,91.0,2.6500000953674316
2024-04-06T22:04:25Z,run,2024-04-06T22:13:35Z,-8.05175366,-34.94785311,169,91.0,2.6500000953674316
2024-04-06T22:04:25Z,run,2024-04-06T22:13:36Z,-8.051739,-34.94784245,169,91.0,2.6500000953674316
2024-04-06T22:04:25Z,run,2024-04-06T22:13:37Z,-8.05172201,-34.94783379,169,91.0,2.640000104904175
2024-04-06T22:04:25Z,run,2024-04-06T22:13:38Z,-8.05170501,-34.9478268,169,91.0,2.640000104904175
2024-04-06T22:04:25Z,run,2024-04-06T22:13:39Z,-8.05169002,-34.94782047,168,91.0,2.640000104904175
2024-04-06T22:04:25Z,run,2024-04-06T22:13:40Z,-8.05167336,-34.94781247,168,91.0,2.630000114440918
2024-04-06T22:04:25Z,run,2024-04-06T22:13:41Z,-8.05165703,-34.94780547,168,91.0,2.630000114440918
2024-04-06T22:04:25Z,run,2024-04-06T22:13:42Z,-8.05163837,-34.94780082,168,91.0,2.630000114440918
2024-04-06T22:04:25Z,run,2024-04-06T22:13:43Z,-8.05161672,-34.94779582,168,91.0,2.609999895095825
2024-04-06T22:04:25Z,run,2024-04-06T22:13:44Z,-8.05159406,-34.94779115,168,91.0,2.609999895095825
2024-04-06T22:04:25Z,run,2024-04-06T22:13:45Z,-8.05156873,-34.94779147,168,91.0,2.5999999046325684
2024-04-06T22:04:25Z,run,2024-04-06T22:13:46Z,-8.05154273,-34.94779347,168,91.0,2.5899999141693115
2024-04-06T22:04:25Z,run,2024-04-06T22:13:47Z,-8.05151674,-34.94779447,171,92.0,2.5899999141693115
2024-04-06T22:04:25Z,run,2024-04-06T22:13:48Z,-8.05149074,-34.9477948,171,92.0,2.5899999141693115
2024-04-06T22:04:25Z,run,2024-04-06T22:13:49Z,-8.05146374,-34.94779512,173,92.0,2.5899999141693115
2024-04-06T22:04:25Z,run,2024-04-06T22:13:50Z,-8.05143774,-34.94779644,174,91.0,2.5899999141693115
2024-04-06T22:04:25Z,run,2024-04-06T22:13:51Z,-8.05141141,-34.94779744,174,92.0,2.5999999046325684
2024-04-06T22:04:25Z,run,2024-04-06T22:13:52Z,-8.05138442,-34.94779843,174,91.0,2.609999895095825
2024-04-06T22:04:25Z,run,2024-04-06T22:13:53Z,-8.05135676,-34.94779942,176,92.0,2.609999895095825
2024-04-06T22:04:25Z,run,2024-04-06T22:13:54Z,-8.05133142,-34.94779877,176,92.0,2.609999895095825
2024-04-06T22:04:25Z,run,2024-04-06T22:13:55Z,-8.0513071,-34.94779744,177,91.0,2.609999895095825
2024-04-06T22:04:25Z,run,2024-04-06T22:13:56Z,-8.0512841,-34.94779344,177,91.0,2.619999885559082
2024-04-06T22:04:25Z,run,2024-04-06T22:13:57Z,-8.0512611,-34.94778945,177,90.0,2.630000114440918
2024-04-06T22:04:25Z,run,2024-04-06T22:13:58Z,-8.05123678,-34.94778545,176,90.0,2.630000114440918
2024-04-06T22:04:25Z,run,2024-04-06T22:13:59Z,-8.05121144,-34.9477818,174,91.0,2.640000104904175
2024-04-06T22:04:25Z,run,2024-04-06T22:14:00Z,-8.05118612,-34.94777847,174,91.0,2.640000104904175
2024-04-06T22:04:25Z,run,2024-04-06T22:14:01Z,-8.0511608,-34.94777248,173,91.0,2.640000104904175
2024-04-06T22:04:25Z,run,2024-04-06T22:14:02Z,-8.05113613,-34.94776548,172,91.0,2.6500000953674316
2024-04-06T22:04:25Z,run,2024-04-06T22:14:03Z,-8.0511118,-34.94775816,171,91.0,2.6500000953674316
2024-04-06T22:04:25Z,run,2024-04-06T22:14:04Z,-8.05108813,-34.94774983,171,91.0,2.6500000953674316
2024-04-06T22:04:25Z,run,2024-04-06T22:14:05Z,-8.05106381,-34.94774149,172,91.0,2.6500000953674316
2024-04-06T22:04:25Z,run,2024-04-06T22:14:06Z,-8.05104081,-34.94773416,172,91.0,2.6500000953674316
2024-04-06T22:04:25Z,run,2024-04-06T22:14:07Z,-8.05101948,-34.94772649,172,91.0,2.6500000953674316
2024-04-06T22:04:25Z,run,2024-04-06T22:14:08Z,-8.05099916,-34.9477205,171,90.0,2.6600000858306885
2024-04-06T22:04:25Z,run,2024-04-06T22:14:09Z,-8.05097616,-34.94771351,171,90.0,2.6600000858306885
2024-04-06T22:04:25Z,run,2024-04-06T22:14:10Z,-8.0509545,-34.94770786,171,90.0,2.6700000762939453
2024-04-06T22:04:25Z,run,2024-04-06T22:14:11Z,-8.0509325,-34.94770352,170,90.0,2.6700000762939453
2024-04-06T22:04:25Z,run,2024-04-06T22:14:12Z,-8.05091017,-34.94770053,170,90.0,2.6700000762939453
2024-04-06T22:04:25Z,run,2024-04-06T22:14:13Z,-8.05088785,-34.94769788,170,90.0,2.6700000762939453
2024-04-06T22:04:25Z,run,2024-04-06T22:14:14Z,-8.05086518,-34.94769554,171,90.0,2.6700000762939453
2024-04-06T22:04:25Z,run,2024-04-06T22:14:15Z,-8.05084186,-34.94769422,171,90.0,2.6700000762939453
2024-04-06T22:04:25Z,run,2024-04-06T22:15:23Z,-8.04977753,-34.94759955,142,90.0,2.6700000762939453
2024-04-06T22:04:25Z,run,2024-04-06T22:15:24Z,-8.04977287,-34.94759623,141,90.0,2.6700000762939453
2024-04-06T22:04:25Z,run,2024-04-06T22:15:25Z,-8.04976453,-34.9475889,140,,2.6700000762939453
2024-04-06T22:04:25Z,run,2024-04-06T22:15:26Z,-8.04975254,-34.94758224,140,,2.6700000762939453
2024-04-06T22:04:25Z,run,2024-04-06T22:15:27Z,-8.04973689,-34.94757724,140,,0.0
2024-04-06T22:04:25Z,run,2024-04-06T22:15:28Z,-8.04971755,-34.94757425,140,,0.0
2024-04-06T22:04:25Z,run,2024-04-06T22:15:29Z,-8.0496969,-34.94757259,141,,0.0
2024-04-06T22:04:25Z,run,2024-04-06T22:15:30Z,-8.04967523,-34.94757227,141,,0.0
2024-04-06T22:04:25Z,run,2024-04-06T22:15:31Z,-8.04965457,-34.94757194,142,,0.0
2024-04-06T22:04:25Z,run,2024-04-06T22:15:32Z,-8.04963425,-34.94757095,142,,0.0
2024-04-06T22:04:25Z,run,2024-04-06T22:15:33Z,-8.04961458,-34.94756729,142,,0.0
2024-04-06T22:04:25Z,run,2024-04-06T22:15:34Z,-8.04959326,-34.9475613,140,,1.2000000476837158
2024-04-06T22:04:25Z,run,2024-04-06T22:15:35Z,-8.04957059,-34.94755597,140,,2.4200000762939453
2024-04-06T22:04:25Z,run,2024-04-06T22:15:36Z,-8.04954594,-34.94754897,142,,2.430000066757202
2024-04-06T22:04:25Z,run,2024-04-06T22:15:37Z,-8.04952228,-34.94754397,143,,2.450000047683716
2024-04-06T22:04:25Z,run,2024-04-06T22:15:38Z,-8.04949829,-34.94753731,143,,2.450000047683716
2024-04-06T22:04:25Z,run,2024-04-06T22:15:39Z,-8.04947462,-34.94753065,144,,2.509999990463257
2024-04-06T22:04:25Z,run,2024-04-06T22:15:40Z,-8.04944997,-34.94752599,145,90.0,2.609999895095825
2024-04-06T22:04:25Z,run,2024-04-06T22:15:41Z,-8.04942297,-34.94752266,145,91.0,2.680000066757202
2024-04-06T22:04:25Z,run,2024-04-06T22:15:42Z,-8.04939497,-34.94752066,146,91.0,2.7100000381469727
2024-04-06T22:04:25Z,run,2024-04-06T22:15:43Z,-8.04936631,-34.94751901,147,91.0,2.7300000190734863
2024-04-06T22:04:25Z,run,2024-04-06T22:15:44Z,-8.04933932,-34.94751767,147,91.0,2.7300000190734863
2024-04-06T22:04:25Z,run,2024-04-06T22:15:45Z,-8.04931232,-34.94751668,147,92.0,2.7799999713897705
2024-04-06T22:04:25Z,run,2024-04-06T22:15:46Z,-8.049285,-34.94751468,148,92.0,2.8399999141693115
2024-04-06T22:04:25Z,run,2024-04-06T22:15:47Z,-8.049259,-34.94751136,149,92.0,2.890000104904175
2024-04-06T22:04:25Z,run,2024-04-06T22:15:48Z,-8.04923233,-34.94750869,149,92.0,2.930000066757202
2024-04-06T22:04:25Z,run,2024-04-06T22:15:49Z,-8.04920467,-34.94750669,149,91.0,2.930000066757202
2024-04-06T22:04:25Z,run,2024-04-06T22:15:50Z,-8.04917667,-34.9475037,149,91.0,2.930000066757202
2024-04-06T22:04:25Z,run,2024-04-06T22:15:51Z,-8.04914802,-34.94750038,150,91.0,2.940000057220459
2024-04-06T22:04:25Z,run,2024-04-06T22:15:52Z,-8.04911936,-34.94749406,150,90.0,2.940000057220459
2024-04-06T22:04:25Z,run,2024-04-06T22:15:53Z,-8.04909303,-34.94748639,150,91.0,2.950000047683716
2024-04-06T22:04:25Z,run,2024-04-06T22:15:54Z,-8.04906737,-34.94747773,151,90.0,2.950000047683716
2024-04-06T22:04:25Z,run,2024-04-06T22:15:55Z,-8.04904104,-34.94746673,151,91.0,2.940000057220459
2024-04-06T22:04:25Z,run,2024-04-06T22:15:56Z,-8.04901637,-34.94745474,151,91.0,2.940000057220459
2024-04-06T22:04:25Z,run,2024-04-06T22:15:57Z,-8.04899338,-34.94744042,151,91.0,2.950000047683716
2024-04-06T22:04:25Z,run,2024-04-06T22:15:58Z,-8.04897072,-34.94742542,151,91.0,2.950000047683716
2024-04-06T22:04:25Z,run,2024-04-06T22:15:59Z,-8.04894872,-34.94740943,150,91.0,2.940000057220459
2024-04-06T22:04:25Z,run,2024-04-06T22:16:00Z,-8.04892773,-34.94739244,150,91.0,2.9100000858306885
2024-04-06T22:04:25Z,run,2024-04-06T22:16:01Z,-8.04890807,-34.94737577,150,91.0,2.890000104904175
2024-04-06T22:04:25Z,run,2024-04-06T22:16:02Z,-8.04888874,-34.94735944,150,91.0,2.890000104904175
2024-04-06T22:04:25Z,run,2024-04-06T22:16:03Z,-8.04886975,-34.94734377,150,91.0,2.890000104904175
2024-04-06T22:04:25Z,run,2024-04-06T22:16:04Z,-8.04884843,-34.94733045,150,91.0,2.890000104904175
2024-04-06T22:04:25Z,run,2024-04-06T22:16:05Z,-8.04882676,-34.94731712,150,91.0,2.8499999046325684
2024-04-06T22:04:25Z,run,2024-04-06T22:16:06Z,-8.04880576,-34.94730378,150,91.0,2.819999933242798
2024-04-06T22:04:25Z,run,2024-04-06T22:16:07Z,-8.04878377,-34.94728978,151,91.0,2.7899999618530273
2024-04-06T22:04:25Z,run,2024-04-06T22:16:08Z,-8.04876345,-34.94727546,151,91.0,2.7899999618530273
2024-04-06T22:04:25Z,run,2024-04-06T22:16:09Z,-8.04874378,-34.94726047,150,91.0,2.7699999809265137
2024-04-06T22:04:25Z,run,2024-04-06T22:16:11Z,-8.04872445,-34.94724547,147,92.0,2.759999990463257
2024-04-06T22:04:25Z,run,2024-04-06T22:16:12Z,-8.04869746,-34.94722481,146,92.0,2.75
2024-04-06T22:04:25Z,run,2024-04-06T22:16:13Z,-8.04867313,-34.94720682,146,92.0,2.740000009536743
2024-04-06T22:04:25Z,run,2024-04-06T22:16:14Z,-8.04864979,-34.94718849,146,92.0,2.740000009536743
2024-04-06T22:04:25Z,run,2024-04-06T22:16:15Z,-8.04862947,-34.94716882,147,92.0,2.740000009536743
2024-04-06T22:04:25Z,run,2024-04-06T22:16:16Z,-8.04861315,-34.94714716,148,92.0,2.75
2024-04-06T22:04:25Z,run,2024-04-06T22:16:17Z,-8.04860316,-34.9471245,148,92.0,2.75
2024-04-06T22:04:25Z,run,2024-04-06T22:16:18Z,-8.04860116,-34.94710284,148,91.0,2.759999990463257
2024-04-06T22:04:25Z,run,2024-04-06T22:16:19Z,-8.04860716,-34.94708319,148,91.0,2.7699999809265137
2024-04-06T22:04:25Z,run,2024-04-06T22:16:20Z,-8.04861981,-34.94706719,148,91.0,2.7699999809265137
2024-04-06T22:04:25Z,run,2024-04-06T22:16:21Z,-8.04863815,-34.94705452,149,91.0,2.7699999809265137
2024-04-06T22:04:25Z,run,2024-04-06T22:16:22Z,-8.0486598,-34.94704453,149,91.0,2.7699999809265137
2024-04-06T22:04:25Z,run,2024-04-06T22:16:23Z,-8.04868447,-34.94703753,149,91.0,2.7699999809265137
2024-04-06T22:04:25Z,run,2024-04-06T22:16:24Z,-8.04871446,-34.94703287,149,91.0,2.7699999809265137
2024-04-06T22:04:25Z,run,2024-04-06T22:16:25Z,-8.04874613,-34.94703022,148,92.0,2.7699999809265137
2024-04-06T22:04:25Z,run,2024-04-06T22:16:26Z,-8.04877712,-34.94702989,148,92.0,2.7699999809265137
2024-04-06T22:04:25Z,run,2024-04-06T22:16:27Z,-8.04880678,-34.94703155,148,91.0,2.759999990463257
2024-04-06T22:04:25Z,run,2024-04-06T22:16:28Z,-8.04883777,-34.94703187,148,92.0,2.759999990463257
2024-04-06T22:04:25Z,run,2024-04-06T22:16:29Z,-8.0488711,-34.9470322,148,91.0,2.7699999809265137
2024-04-06T22:04:25Z,run,2024-04-06T22:16:30Z,-8.04890543,-34.94703353,150,92.0,2.7699999809265137
2024-04-06T22:04:25Z,run,2024-04-06T22:16:31Z,-8.04893775,-34.94703719,149,92.0,2.7899999618530273
2024-04-06T22:04:25Z,run,2024-04-06T22:16:32Z,-8.04896508,-34.94704419,149,91.0,2.799999952316284
2024-04-06T22:04:25Z,run,2024-04-06T22:16:33Z,-8.04899108,-34.94705318,149,91.0,2.799999952316284
2024-04-06T22:04:25Z,run,2024-04-06T22:16:34Z,-8.04901674,-34.94706351,149,91.0,2.819999933242798
2024-04-06T22:04:25Z,run,2024-04-06T22:16:35Z,-8.04904107,-34.94707583,149,92.0,2.8299999237060547
2024-04-06T22:04:25Z,run,2024-04-06T22:16:36Z,-8.04906407,-34.94709016,150,92.0,2.8399999141693115
2024-04-06T22:04:25Z,run,2024-04-06T22:16:37Z,-8.04908572,-34.94710582,150,92.0,2.8399999141693115
2024-04-06T22:04:25Z,run,2024-04-06T22:16:38Z,-8.04910838,-34.94712249,151,92.0,2.8499999046325684
2024-04-06T22:04:25Z,run,2024-04-06T22:16:39Z,-8.04913037,-34.94713948,151,92.0,2.8499999046325684
2024-04-06T22:04:25Z,run,2024-04-06T22:16:40Z,-8.04915304,-34.94715814,151,92.0,2.8499999046325684
2024-04-06T22:04:25Z,run,2024-04-06T22:16:41Z,-8.04917369,-34.94717779,152,92.0,2.8499999046325684
2024-04-06T22:04:25Z,run,2024-04-06T22:16:42Z,-8.04919169,-34.94719812,153,92.0,2.8499999046325684
2024-04-06T22:04:25Z,run,2024-04-06T22:16:43Z,-8.04920668,-34.94721878,154,92.0,2.8499999046325684
2024-04-06T22:04:25Z,run,2024-04-06T22:16:44Z,-8.04921734,-34.94724144,154,92.0,2.8499999046325684
2024-04-06T22:04:25Z,run,2024-04-06T22:16:45Z,-8.04922501,-34.94726543,154,92.0,2.8499999046325684
2024-04-06T22:04:25Z,run,2024-04-06T22:16:46Z,-8.04922967,-34.94729143,155,92.0,2.8499999046325684
2024-04-06T22:04:25Z,run,2024-04-06T22:16:47Z,-8.04923066,-34.94731609,156,91.0,2.859999895095825
2024-04-06T22:04:25Z,run,2024-04-06T22:16:48Z,-8.049224,-34.94733675,157,90.0,2.8499999046325684
2024-04-06T22:04:25Z,run,2024-04-06T22:16:49Z,-8.04921001,-34.94735642,158,91.0,2.8499999046325684
2024-04-06T22:04:25Z,run,2024-04-06T22:16:50Z,-8.04919067,-34.94737042,159,91.0,2.8499999046325684
2024-04-06T22:04:25Z,run,2024-04-06T22:16:51Z,-8.04916768,-34.94738008,159,91.0,2.8499999046325684
2024-04-06T22:04:25Z,run,2024-04-06T22:16:52Z,-8.04914236,-34.94738441,158,91.0,2.8399999141693115
2024-04-06T22:04:25Z,run,2024-04-06T22:16:53Z,-8.04911469,-34.94738607,157,91.0,2.8399999141693115
2024-04-06T22:04:25Z,run,2024-04-06T22:16:54Z,-8.0490857,-34.94738374,155,91.0,2.8399999141693115
2024-04-06T22:04:25Z,run,2024-04-06T22:16:55Z,-8.04905605,-34.94737874,153,91.0,2.8299999237060547
2024-04-06T22:04:25Z,run,2024-04-06T22:16:56Z,-8.04902771,-34.94737074,152,91.0,2.8299999237060547
2024-04-06T22:04:25Z,run,2024-04-06T22:16:57Z,-8.04900039,-34.94735942,152,91.0,2.8299999237060547
2024-04-06T22:04:25Z,run,2024-04-06T22:16:58Z,-8.04897307,-34.9473481,152,91.0,2.819999933242798
2024-04-06T22:04:25Z,run,2024-04-06T22:16:59Z,-8.0489474,-34.94733377,152,91.0,2.8299999237060547
2024-04-06T22:04:25Z,run,2024-04-06T22:17:00Z,-8.04892108,-34.94731945,151,90.0,2.8399999141693115
2024-04-06T22:04:25Z,run,2024-04-06T22:17:01Z,-8.04889541,-34.94730512,151,91.0,2.8399999141693115
2024-04-06T22:04:25Z,run,2024-04-06T22:17:02Z,-8.04886775,-34.94729313,151,91.0,2.8499999046325684
2024-04-06T22:04:25Z,run,2024-04-06T22:17:03Z,-8.0488421,-34.9472798,151,91.0,2.8499999046325684
2024-04-06T22:04:25Z,run,2024-04-06T22:17:04Z,-8.04881743,-34.94726547,151,91.0,2.859999895095825
2024-04-06T22:04:25Z,run,2024-04-06T22:17:05Z,-8.0487941,-34.94725115,152,91.0,2.869999885559082
2024-04-06T22:04:25Z,run,2024-04-06T22:17:06Z,-8.04877177,-34.94723582,152,92.0,2.880000114440918
2024-04-06T22:04:25Z,run,2024-04-06T22:17:07Z,-8.04874911,-34.94722083,154,91.0,2.890000104904175
2024-04-06T22:04:25Z,run,2024-04-06T22:17:08Z,-8.04872678,-34.9472055,154,91.0,2.890000104904175
2024-04-06T22:04:25Z,run,2024-04-06T22:17:09Z,-8.04870412,-34.94719118,154,91.0,2.890000104904175
2024-04-06T22:04:25Z,run,2024-04-06T22:17:10Z,-8.04868213,-34.94717484,154,91.0,2.890000104904175
2024-04-06T22:04:25Z,run,2024-04-06T22:17:10Z,-8.04866214,-34.94715685,154,91.0,2.890000104904175
2024-04-06T22:04:25Z,run,2024-04-06T22:17:11Z,-8.04864648,-34.94713519,153,91.0,2.890000104904175
2024-04-06T22:04:25Z,run,2024-04-06T22:17:12Z,-8.04863815,-34.9471122,152,90.0,2.890000104904175
2024-04-06T22:04:25Z,run,2024-04-06T22:17:13Z,-8.04863648,-34.94708686,152,90.0,2.890000104904175
2024-04-06T22:04:25Z,run,2024-04-06T22:17:14Z,-8.04864281,-34.9470632,152,90.0,2.890000104904175
2024-04-06T22:04:25Z,run,2024-04-06T22:17:15Z,-8.04865647,-34.94704454,152,90.0,2.890000104904175
2024-04-06T22:04:25Z,run,2024-04-06T22:17:16Z,-8.04867646,-34.94703187,152,90.0,2.890000104904175
2024-04-06T22:04:25Z,run,2024-04-06T22:17:17Z,-8.04870045,-34.94702455,152,90.0,2.890000104904175
2024-04-06T22:04:25Z,run,2024-04-06T22:17:18Z,-8.04872777,-34.94702156,152,90.0,2.890000104904175
2024-04-06T22:04:25Z,run,2024-04-06T22:17:19Z,-8.04875777,-34.94701857,152,90.0,2.890000104904175
2024-04-06T22:04:25Z,run,2024-04-06T22:17:20Z,-8.04878843,-34.9470169,152,90.0,2.890000104904175
2024-04-06T22:04:25Z,run,2024-04-06T22:17:21Z,-8.04881776,-34.94701625,151,89.0,2.880000114440918
2024-04-06T22:04:25Z,run,2024-04-06T22:17:22Z,-8.04884776,-34.9470169,151,90.0,2.880000114440918
2024-04-06T22:04:25Z,run,2024-04-06T22:17:23Z,-8.0488761,-34.94702056,152,90.0,2.880000114440918
2024-04-06T22:04:25Z,run,2024-04-06T22:17:24Z,-8.04890342,-34.94702623,152,90.0,2.880000114440918
2024-04-06T22:04:25Z,run,2024-04-06T22:17:25Z,-8.04893275,-34.94703289,155,90.0,2.890000104904175
2024-04-06T22:04:25Z,run,2024-04-06T22:17:26Z,-8.04896141,-34.94704155,155,90.0,2.890000104904175
2024-04-06T22:04:25Z,run,2024-04-06T22:17:27Z,-8.04898808,-34.94705354,156,90.0,2.890000104904175
2024-04-06T22:04:25Z,run,2024-04-06T22:17:28Z,-8.0490164,-34.94706587,157,90.0,2.890000104904175
2024-04-06T22:04:25Z,run,2024-04-06T22:17:29Z,-8.04904573,-34.9470802,157,90.0,2.890000104904175
2024-04-06T22:04:25Z,run,2024-04-06T22:17:30Z,-8.04907373,-34.94709585,157,90.0,2.9000000953674316
2024-04-06T22:04:25Z,run,2024-04-06T22:17:31Z,-8.04910272,-34.94711152,157,91.0,2.9000000953674316
2024-04-06T22:04:25Z,run,2024-04-06T22:17:32Z,-8.04912939,-34.94712951,157,91.0,2.9000000953674316
2024-04-06T22:04:25Z,run,2024-04-06T22:17:33Z,-8.04915072,-34.94714851,158,91.0,2.9100000858306885
2024-04-06T22:04:25Z,run,2024-04-06T22:17:34Z,-8.04916705,-34.94716751,158,91.0,2.9200000762939453
2024-04-06T22:04:25Z,run,2024-04-06T22:17:35Z,-8.04918271,-34.9471895,158,91.0,2.930000066757202
2024-04-06T22:04:25Z,run,2024-04-06T22:17:36Z,-8.04919671,-34.94721183,157,91.0,2.930000066757202
2024-04-06T22:04:25Z,run,2024-04-06T22:17:37Z,-8.04920837,-34.94723483,157,90.0,2.940000057220459
2024-04-06T22:04:25Z,run,2024-04-06T22:17:38Z,-8.04921737,-34.94725882,157,90.0,2.940000057220459
2024-04-06T22:04:25Z,run,2024-04-06T22:17:39Z,-8.04922337,-34.94728349,157,90.0,2.940000057220459
2024-04-06T22:04:25Z,run,2024-04-06T22:17:40Z,-8.04922703,-34.94730981,157,90.0,2.940000057220459
2024-04-06T22:04:25Z,run,2024-04-06T22:17:41Z,-8.04922569,-34.94733547,157,90.0,2.940000057220459
2024-04-06T22:04:25Z,run,2024-04-06T22:17:42Z,-8.04921704,-34.94735813,157,90.0,2.930000066757202
2024-04-06T22:04:25Z,run,2024-04-06T22:17:43Z,-8.04920004,-34.94737979,158,90.0,2.930000066757202
2024-04-06T22:04:25Z,run,2024-04-06T22:17:44Z,-8.04917738,-34.94740012,158,90.0,2.930000066757202
2024-04-06T22:04:25Z,run,2024-04-06T22:17:45Z,-8.04915172,-34.94741144,158,90.0,2.930000066757202
2024-04-06T22:04:25Z,run,2024-04-06T22:17:46Z,-8.04912473,-34.94741577,158,90.0,2.9200000762939453
2024-04-06T22:04:25Z,run,2024-04-06T22:17:47Z,-8.04909741,-34.94741743,159,91.0,2.9200000762939453
2024-04-06T22:04:25Z,run,2024-04-06T22:17:48Z,-8.04906908,-34.94741644,159,91.0,2.9200000762939453
2024-04-06T22:04:25Z,run,2024-04-06T22:17:49Z,-8.04904175,-34.94741278,160,91.0,2.9200000762939453
2024-04-06T22:04:25Z,run,2024-04-06T22:17:50Z,-8.04901509,-34.94740679,160,91.0,2.9200000762939453
2024-04-06T22:04:25Z,run,2024-04-06T22:17:51Z,-8.04898909,-34.94740046,160,91.0,2.9200000762939453
2024-04-06T22:04:25Z,run,2024-04-06T22:17:52Z,-8.0489641,-34.94739147,160,91.0,2.9200000762939453
2024-04-06T22:04:25Z,run,2024-04-06T22:17:53Z,-8.04894011,-34.94738015,160,91.0,2.9200000762939453
2024-04-06T22:04:25Z,run,2024-04-06T22:17:54Z,-8.04891644,-34.94736716,160,90.0,2.9200000762939453
2024-04-06T22:04:25Z,run,2024-04-06T22:17:55Z,-8.04889278,-34.94735182,160,91.0,2.9200000762939453
2024-04-06T22:04:25Z,run,2024-04-06T22:17:56Z,-8.04886812,-34.94733616,160,91.0,2.9200000762939453
2024-04-06T22:04:25Z,run,2024-04-06T22:17:57Z,-8.04884179,-34.9473225,160,90.0,2.9200000762939453
2024-04-06T22:04:25Z,run,2024-04-06T22:17:58Z,-8.04881579,-34.94730784,159,90.0,2.9200000762939453
2024-04-06T22:04:25Z,run,2024-04-06T22:17:59Z,-8.04879014,-34.94729151,159,90.0,2.9100000858306885
2024-04-06T22:04:25Z,run,2024-04-06T22:18:00Z,-8.0487648,-34.94727719,159,90.0,2.9100000858306885
2024-04-06T22:04:25Z,run,2024-04-06T22:18:01Z,-8.04873847,-34.94726485,161,92.0,2.9100000858306885
2024-04-06T22:04:25Z,run,2024-04-06T22:18:02Z,-8.04871015,-34.94725186,161,92.0,2.9100000858306885
2024-04-06T22:04:25Z,run,2024-04-06T22:18:03Z,-8.04868215,-34.94723753,161,92.0,2.9200000762939453
2024-04-06T22:04:25Z,run,2024-04-06T22:18:04Z,-8.04865782,-34.94721687,161,92.0,2.9200000762939453
2024-04-06T22:04:25Z,run,2024-04-06T22:18:05Z,-8.04863516,-34.94719487,161,91.0,2.9200000762939453
2024-04-06T22:04:25Z,run,2024-04-06T22:18:06Z,-8.0486165,-34.94717254,161,91.0,2.930000066757202
2024-04-06T22:04:25Z,run,2024-04-06T22:18:07Z,-8.0486025,-34.94714754,161,91.0,2.930000066757202
2024-04-06T22:04:25Z,run,2024-04-06T22:18:08Z,-8.04859483,-34.94711988,161,91.0,2.930000066757202
2024-04-06T22:04:25Z,run,2024-04-06T22:18:09Z,-8.04859418,-34.94709088,161,91.0,2.940000057220459
2024-04-06T22:04:25Z,run,2024-04-06T22:18:10Z,-8.04860284,-34.94706489,161,91.0,2.940000057220459
2024-04-06T22:04:25Z,run,2024-04-06T22:18:11Z,-8.0486225,-34.9470439,161,91.0,2.940000057220459
2024-04-06T22:04:25Z,run,2024-04-06T22:18:12Z,-8.04865383,-34.94702958,161,91.0,2.940000057220459
2024-04-06T22:04:25Z,run,2024-04-06T22:18:13Z,-8.04869117,-34.94702191,165,91.0,2.940000057220459
2024-04-06T22:04:25Z,run,2024-04-06T22:18:14Z,-8.04873049,-34.94701791,165,91.0,2.950000047683716
2024-04-06T22:04:25Z,run,2024-04-06T22:18:15Z,-8.04876981,-34.94701092,165,91.0,2.950000047683716
2024-04-06T22:04:25Z,run,2024-04-06T22:18:16Z,-8.0488058,-34.94700659,165,91.0,2.950000047683716
2024-04-06T22:04:25Z,run,2024-04-06T22:18:17Z,-8.04884147,-34.94700493,164,91.0,2.9600000381469727
2024-04-06T22:04:25Z,run,2024-04-06T22:18:18Z,-8.04888046,-34.94700327,164,92.0,2.9700000286102295
2024-04-06T22:04:25Z,run,2024-04-06T22:18:19Z,-8.04891778,-34.94700592,164,92.0,2.9800000190734863
2024-04-06T22:04:25Z,run,2024-04-06T22:18:20Z,-8.04895345,-34.94701159,165,92.0,3.0
2024-04-06T22:04:25Z,run,2024-04-06T22:18:21Z,-8.04898978,-34.94701859,165,92.0,3.0
2024-04-06T22:04:25Z,run,2024-04-06T22:18:22Z,-8.04902411,-34.94702925,166,91.0,3.0199999809265137
2024-04-06T22:04:25Z,run,2024-04-06T22:18:23Z,-8.0490531,-34.94704325,166,91.0,3.0299999713897705
2024-04-06T22:04:25Z,run,2024-04-06T22:18:24Z,-8.04908175,-34.94705891,166,91.0,3.0299999713897705
2024-04-06T22:04:25Z,run,2024-04-06T22:18:25Z,-8.04910875,-34.94707225,167,91.0,3.049999952316284
2024-04-06T22:04:25Z,run,2024-04-06T22:18:26Z,-8.04913475,-34.94708557,168,91.0,3.059999942779541
2024-04-06T22:04:25Z,run,2024-04-06T22:18:27Z,-8.04915908,-34.94710057,168,91.0,3.059999942779541
2024-04-06T22:04:25Z,run,2024-04-06T22:18:28Z,-8.04918107,-34.94711789,170,92.0,3.069999933242798
2024-04-06T22:04:25Z,run,2024-04-06T22:18:29Z,-8.04920107,-34.94713588,171,92.0,3.069999933242798
2024-04-06T22:04:25Z,run,2024-04-06T22:18:30Z,-8.04921973,-34.94715688,171,92.0,3.069999933242798
2024-04-06T22:04:25Z,run,2024-04-06T22:18:31Z,-8.04923639,-34.94717922,171,92.0,3.069999933242798
2024-04-06T22:04:25Z,run,2024-04-06T22:18:32Z,-8.04925205,-34.94720187,172,91.0,3.069999933242798
2024-04-06T22:04:25Z,run,2024-04-06T22:18:33Z,-8.04926438,-34.94722553,172,91.0,3.069999933242798
2024-04-06T22:04:25Z,run,2024-04-06T22:18:34Z,-8.04926971,-34.94724986,171,91.0,3.069999933242798
2024-04-06T22:04:25Z,run,2024-04-06T22:18:35Z,-8.04926905,-34.94727552,169,91.0,3.059999942779541
2024-04-06T22:04:25Z,run,2024-04-06T22:18:36Z,-8.04926306,-34.94730084,168,92.0,3.059999942779541
2024-04-06T22:04:25Z,run,2024-04-06T22:18:37Z,-8.04925206,-34.9473235,167,92.0,3.059999942779541
2024-04-06T22:04:25Z,run,2024-04-06T22:18:38Z,-8.0492314,-34.94734517,167,92.0,3.049999952316284
2024-04-06T22:04:25Z,run,2024-04-06T22:18:39Z,-8.04920241,-34.94736516,167,92.0,3.049999952316284
2024-04-06T22:04:25Z,run,2024-04-06T22:18:40Z,-8.04916975,-34.94737882,167,92.0,3.0399999618530273
2024-04-06T22:04:25Z,run,2024-04-06T22:18:41Z,-8.04913575,-34.94738382,167,92.0,3.0399999618530273
2024-04-06T22:04:25Z,run,2024-04-06T22:18:42Z,-8.04909075,-34.94739015,167,92.0,3.0399999618530273
2024-04-06T22:04:25Z,run,2024-04-06T22:18:43Z,-8.04904776,-34.94739314,168,92.0,3.0399999618530273
2024-04-06T22:04:25Z,run,2024-04-06T22:18:44Z,-8.04900711,-34.94739248,168,92.0,3.049999952316284
2024-04-06T22:04:25Z,run,2024-04-06T22:18:45Z,-8.04896844,-34.94738881,168,92.0,3.049999952316284
2024-04-06T22:04:25Z,run,2024-04-06T22:18:46Z,-8.04893478,-34.94738149,168,91.0,3.059999942779541
2024-04-06T22:04:25Z,run,2024-04-06T22:18:47Z,-8.04890578,-34.94736882,168,92.0,3.0799999237060547
2024-04-06T22:04:25Z,run,2024-04-06T22:18:48Z,-8.04887946,-34.9473505,168,92.0,3.0899999141693115
2024-04-06T22:04:25Z,run,2024-04-06T22:18:49Z,-8.04885214,-34.94733483,168,92.0,3.109999895095825
2024-04-06T22:04:25Z,run,2024-04-06T22:18:50Z,-8.04882614,-34.94731617,167,91.0,3.119999885559082
2024-04-06T22:04:25Z,run,2024-04-06T22:18:51Z,-8.04879981,-34.94730051,167,91.0,3.119999885559082
2024-04-06T22:04:25Z,run,2024-04-06T22:18:52Z,-8.04877448,-34.94728484,167,91.0,3.130000114440918
2024-04-06T22:04:25Z,run,2024-04-06T22:18:53Z,-8.04875149,-34.94726851,167,91.0,3.140000104904175
2024-04-06T22:04:25Z,run,2024-04-06T22:18:54Z,-8.04872716,-34.94725419,168,92.0,3.140000104904175
2024-04-06T22:04:25Z,run,2024-04-06T22:18:55Z,-8.04870283,-34.94724186,168,92.0,3.140000104904175
2024-04-06T22:04:25Z,run,2024-04-06T22:18:56Z,-8.04867884,-34.94722786,170,92.0,3.1500000953674316
2024-04-06T22:04:25Z,run,2024-04-06T22:18:57Z,-8.04865485,-34.94721321,170,92.0,3.1500000953674316
2024-04-06T22:04:25Z,run,2024-04-06T22:18:58Z,-8.04863219,-34.94719787,170,92.0,3.1500000953674316
2024-04-06T22:04:25Z,run,2024-04-06T22:18:59Z,-8.04861153,-34.94718155,170,92.0,3.140000104904175
2024-04-06T22:04:25Z,run,2024-04-06T22:19:00Z,-8.0485962,-34.94716456,170,92.0,3.140000104904175
2024-04-06T22:04:25Z,run,2024-04-06T22:19:01Z,-8.04858686,-34.94714389,170,91.0,3.140000104904175
2024-04-06T22:04:25Z,run,2024-04-06T22:19:02Z,-8.04858486,-34.94712124,170,91.0,3.130000114440918
2024-04-06T22:04:25Z,run,2024-04-06T22:19:03Z,-8.04858953,-34.9470989,170,91.0,3.130000114440918
2024-04-06T22:04:25Z,run,2024-04-06T22:19:04Z,-8.04860052,-34.94707957,170,91.0,3.130000114440918
2024-04-06T22:04:25Z,run,2024-04-06T22:19:05Z,-8.04861819,-34.94706491,170,91.0,3.119999885559082
2024-04-06T22:04:25Z,run,2024-04-06T22:19:06Z,-8.04864252,-34.94705492,169,90.0,3.0999999046325684
2024-04-06T22:04:25Z,run,2024-04-06T22:19:07Z,-8.04867252,-34.94704792,169,90.0,3.0899999141693115
2024-04-06T22:04:25Z,run,2024-04-06T22:19:08Z,-8.04870618,-34.94704227,171,90.0,3.069999933242798
2024-04-06T22:04:25Z,run,2024-04-06T22:19:09Z,-8.04874084,-34.94703828,171,90.0,3.069999933242798
2024-04-06T22:04:25Z,run,2024-04-06T22:19:10Z,-8.04877483,-34.94703494,172,90.0,3.059999942779541
2024-04-06T22:04:25Z,run,2024-04-06T22:19:11Z,-8.04880749,-34.94703429,172,90.0,3.049999952316284
2024-04-06T22:04:25Z,run,2024-04-06T22:19:12Z,-8.04883982,-34.94703562,172,91.0,3.049999952316284
2024-04-06T22:04:25Z,run,2024-04-06T22:19:13Z,-8.04887081,-34.94703928,172,90.0,3.049999952316284
2024-04-06T22:04:25Z,run,2024-04-06T22:19:14Z,-8.04890214,-34.94704327,171,90.0,3.049999952316284
2024-04-06T22:04:25Z,run,2024-04-06T22:19:15Z,-8.04893179,-34.94705027,171,90.0,3.049999952316284
2024-04-06T22:04:25Z,run,2024-04-06T22:19:16Z,-8.04896046,-34.94705926,170,90.0,3.049999952316284
2024-04-06T22:04:25Z,run,2024-04-06T22:19:17Z,-8.04898678,-34.94706992,170,91.0,3.059999942779541
2024-04-06T22:04:25Z,run,2024-04-06T22:19:18Z,-8.04901378,-34.94708026,170,91.0,3.059999942779541
2024-04-06T22:04:25Z,run,2024-04-06T22:19:19Z,-8.04904178,-34.94709158,169,91.0,3.059999942779541
2024-04-06T22:04:25Z,run,2024-04-06T22:19:20Z,-8.04907111,-34.9471029,169,91.0,3.059999942779541
2024-04-06T22:04:25Z,run,2024-04-06T22:19:21Z,-8.04909877,-34.94711556,169,91.0,3.059999942779541
2024-04-06T22:04:25Z,run,2024-04-06T22:19:22Z,-8.0491251,-34.94712988,169,91.0,3.059999942779541
2024-04-06T22:04:25Z,run,2024-04-06T22:19:23Z,-8.04914909,-34.94714454,171,91.0,3.059999942779541
2024-04-06T22:04:25Z,run,2024-04-06T22:19:24Z,-8.04917142,-34.94715954,171,91.0,3.059999942779541
2024-04-06T22:04:25Z,run,2024-04-06T22:19:25Z,-8.04919408,-34.94717386,171,91.0,3.059999942779541
2024-04-06T22:04:25Z,run,2024-04-06T22:19:26Z,-8.04921607,-34.94718819,171,92.0,3.059999942779541
2024-04-06T22:04:25Z,run,2024-04-06T22:19:27Z,-8.0492374,-34.94720251,171,92.0,3.059999942779541
2024-04-06T22:04:25Z,run,2024-04-06T22:19:28Z,-8.04925772,-34.94721584,171,92.0,3.049999952316284
2024-04-06T22:04:25Z,run,2024-04-06T22:19:29Z,-8.04927738,-34.94722951,171,92.0,3.049999952316284
2024-04-06T22:04:25Z,run,2024-04-06T22:19:30Z,-8.04929471,-34.9472445,171,91.0,3.0399999618530273
2024-04-06T22:04:25Z,run,2024-04-06T22:19:31Z,-8.04931271,-34.94725982,171,92.0,3.0299999713897705
2024-04-06T22:04:25Z,run,2024-04-06T22:19:32Z,-8.04932837,-34.94727516,173,91.0,3.0299999713897705
2024-04-06T22:04:25Z,run,2024-04-06T22:19:33Z,-8.04934503,-34.94729015,173,91.0,3.0299999713897705
2024-04-06T22:04:25Z,run,2024-04-06T22:19:34Z,-8.04936269,-34.94730648,173,91.0,3.0199999809265137
2024-04-06T22:04:25Z,run,2024-04-06T22:19:35Z,-8.04938135,-34.94732281,173,91.0,3.009999990463257
2024-04-06T22:04:25Z,run,2024-04-06T22:19:36Z,-8.04940135,-34.94733648,173,91.0,2.990000009536743
2024-04-06T22:04:25Z,run,2024-04-06T22:19:37Z,-8.04942401,-34.9473478,173,90.0,2.9800000190734863
2024-04-06T22:04:25Z,run,2024-04-06T22:19:38Z,-8.04945001,-34.94735713,175,90.0,2.9600000381469727
2024-04-06T22:04:25Z,run,2024-04-06T22:19:39Z,-8.04947601,-34.94736746,175,91.0,2.950000047683716
2024-04-06T22:04:25Z,run,2024-04-06T22:19:40Z,-8.04950266,-34.94737345,175,91.0,2.950000047683716
2024-04-06T22:04:25Z,run,2024-04-06T22:19:41Z,-8.04952832,-34.94737777,175,91.0,2.940000057220459
2024-04-06T22:04:25Z,run,2024-04-06T22:19:42Z,-8.04955265,-34.9473811,175,91.0,2.930000066757202
2024-04-06T22:04:25Z,run,2024-04-06T22:19:43Z,-8.04957764,-34.94738343,175,91.0,2.9200000762939453
2024-04-06T22:04:25Z,run,2024-04-06T22:19:44Z,-8.04960264,-34.94738576,175,91.0,2.9100000858306885
2024-04-06T22:04:25Z,run,2024-04-06T22:19:45Z,-8.0496283,-34.94738875,175,91.0,2.9100000858306885
2024-04-06T22:04:25Z,run,2024-04-06T22:19:46Z,-8.04965362,-34.94739174,175,91.0,2.9100000858306885
2024-04-06T22:04:25Z,run,2024-04-06T22:19:47Z,-8.04967829,-34.94739473,176,91.0,2.9000000953674316
2024-04-06T22:04:25Z,run,2024-04-06T22:19:48Z,-8.04970396,-34.9473964,176,91.0,2.890000104904175
2024-04-06T22:04:25Z,run,2024-04-06T22:19:49Z,-8.04972861,-34.9473984,175,91.0,2.890000104904175
2024-04-06T22:04:25Z,run,2024-04-06T22:19:50Z,-8.0497526,-34.94740107,175,91.0,2.890000104904175
2024-04-06T22:04:25Z,run,2024-04-06T22:19:51Z,-8.04977659,-34.94740439,175,92.0,2.890000104904175
2024-04-06T22:04:25Z,run,2024-04-06T22:19:52Z,-8.04979993,-34.94740838,175,92.0,2.890000104904175
2024-04-06T22:04:25Z,run,2024-04-06T22:19:53Z,-8.04982359,-34.94741204,175,92.0,2.880000114440918
2024-04-06T22:04:25Z,run,2024-04-06T22:19:54Z,-8.04984893,-34.94741504,175,92.0,2.880000114440918
2024-04-06T22:04:25Z,run,2024-04-06T22:19:55Z,-8.04987358,-34.94741769,174,92.0,2.869999885559082
2024-04-06T22:04:25Z,run,2024-04-06T22:19:56Z,-8.04989958,-34.94742035,173,92.0,2.869999885559082
2024-04-06T22:04:25Z,run,2024-04-06T22:19:57Z,-8.04992625,-34.94742268,173,92.0,2.859999895095825
2024-04-06T22:04:25Z,run,2024-04-06T22:19:58Z,-8.04995324,-34.94742435,173,92.0,2.859999895095825
2024-04-06T22:04:25Z,run,2024-04-06T22:19:59Z,-8.04998157,-34.94742668,173,92.0,2.859999895095825
2024-04-06T22:04:25Z,run,2024-04-06T22:20:00Z,-8.05001123,-34.94743134,175,92.0,2.859999895095825
2024-04-06T22:04:25Z,run,2024-04-06T22:20:01Z,-8.05004222,-34.94743401,176,92.0,2.859999895095825
2024-04-06T22:04:25Z,run,2024-04-06T22:20:02Z,-8.05007389,-34.94743634,178,92.0,2.859999895095825
2024-04-06T22:04:25Z,run,2024-04-06T22:20:03Z,-8.05010421,-34.94743801,178,91.0,2.859999895095825
2024-04-06T22:04:25Z,run,2024-04-06T22:20:04Z,-8.05013187,-34.94744301,178,91.0,2.859999895095825
2024-04-06T22:04:25Z,run,2024-04-06T22:20:05Z,-8.05016052,-34.94745,178,92.0,2.859999895095825
2024-04-06T22:04:25Z,run,2024-04-06T22:20:06Z,-8.05019052,-34.94745733,178,92.0,2.869999885559082
2024-04-06T22:04:25Z,run,2024-04-06T22:20:07Z,-8.05021918,-34.94746399,178,92.0,2.880000114440918
2024-04-06T22:04:25Z,run,2024-04-06T22:20:08Z,-8.05024351,-34.94747132,179,92.0,2.890000104904175
2024-04-06T22:04:25Z,run,2024-04-06T22:20:09Z,-8.05026718,-34.94747831,178,92.0,2.890000104904175
2024-04-06T22:04:25Z,run,2024-04-06T22:20:10Z,-8.0502925,-34.94748298,178,92.0,2.890000104904175
2024-04-06T22:04:25Z,run,2024-04-06T22:20:11Z,-8.05031816,-34.9474863,178,92.0,2.890000104904175
2024-04-06T22:04:25Z,run,2024-04-06T22:20:12Z,-8.05034348,-34.9474883,177,92.0,2.9000000953674316
2024-04-06T22:04:25Z,run,2024-04-06T22:20:13Z,-8.05036781,-34.94749196,177,91.0,2.9000000953674316
2024-04-06T22:04:25Z,run,2024-04-06T22:20:14Z,-8.05039314,-34.94749495,177,91.0,2.9000000953674316
2024-04-06T22:04:25Z,run,2024-04-06T22:20:15Z,-8.05041846,-34.94749961,177,91.0,2.9000000953674316
2024-04-06T22:04:25Z,run,2024-04-06T22:20:16Z,-8.05044446,-34.9475036,177,91.0,2.9000000953674316
2024-04-06T22:04:25Z,run,2024-04-06T22:20:17Z,-8.05047112,-34.94750594,177,91.0,2.890000104904175
2024-04-06T22:04:25Z,run,2024-04-06T22:20:18Z,-8.05049712,-34.94750926,177,91.0,2.890000104904175
2024-04-06T22:04:25Z,run,2024-04-06T22:20:20Z,-8.05052412,-34.94751193,175,91.0,2.890000104904175
2024-04-06T22:04:25Z,run,2024-04-06T22:20:21Z,-8.05056011,-34.94751558,175,91.0,2.890000104904175
2024-04-06T22:04:25Z,run,2024-04-06T22:20:22Z,-8.05059311,-34.94751857,175,91.0,2.890000104904175
2024-04-06T22:04:25Z,run,2024-04-06T22:20:23Z,-8.05062177,-34.94752024,174,91.0,2.890000104904175
2024-04-06T22:04:25Z,run,2024-04-06T22:20:24Z,-8.05064877,-34.94752291,174,91.0,2.890000104904175
2024-04-06T22:04:25Z,run,2024-04-06T22:20:25Z,-8.05067609,-34.9475259,174,91.0,2.9000000953674316
2024-04-06T22:04:25Z,run,2024-04-06T22:20:26Z,-8.05070308,-34.94752922,174,91.0,2.9000000953674316
2024-04-06T22:04:25Z,run,2024-04-06T22:20:27Z,-8.05072975,-34.94753221,174,90.0,2.9100000858306885
2024-04-06T22:04:25Z,run,2024-04-06T22:20:28Z,-8.0507544,-34.94753454,174,90.0,2.9100000858306885
2024-04-06T22:04:25Z,run,2024-04-06T22:20:29Z,-8.05078073,-34.94753721,174,91.0,2.9100000858306885
2024-04-06T22:04:25Z,run,2024-04-06T22:20:30Z,-8.05080739,-34.9475402,174,90.0,2.9100000858306885
2024-04-06T22:04:25Z,run,2024-04-06T22:20:31Z,-8.05083573,-34.94754253,173,91.0,2.9200000762939453
2024-04-06T22:04:25Z,run,2024-04-06T22:20:32Z,-8.05086472,-34.94754487,172,91.0,2.9200000762939453
2024-04-06T22:04:25Z,run,2024-04-06T22:20:33Z,-8.05089237,-34.94754686,172,91.0,2.930000066757202
2024-04-06T22:04:25Z,run,2024-04-06T22:20:34Z,-8.05091837,-34.94755419,172,91.0,2.930000066757202
2024-04-06T22:04:25Z,run,2024-04-06T22:20:35Z,-8.05094604,-34.94755986,172,91.0,2.930000066757202
2024-04-06T22:04:25Z,run,2024-04-06T22:20:36Z,-8.05096936,-34.94756519,172,90.0,2.930000066757202
2024-04-06T22:04:25Z,run,2024-04-06T22:20:37Z,-8.05099536,-34.94756719,171,90.0,2.940000057220459
2024-04-06T22:04:25Z,run,2024-04-06T22:20:38Z,-8.05102169,-34.94756818,170,90.0,2.940000057220459
2024-04-06T22:04:25Z,run,2024-04-06T22:20:39Z,-8.05104634,-34.94757085,171,90.0,2.940000057220459
2024-04-06T22:04:25Z,run,2024-04-06T22:20:41Z,-8.05106868,-34.94757417,172,90.0,2.940000057220459
2024-04-06T22:04:25Z,run,2024-04-06T22:20:42Z,-8.05109533,-34.94758684,173,90.0,2.940000057220459
2024-04-06T22:04:25Z,run,2024-04-06T22:20:43Z,-8.05111666,-34.94759916,174,90.0,2.940000057220459
2024-04-06T22:04:25Z,run,2024-04-06T22:20:44Z,-8.05113998,-34.94761115,173,90.0,2.940000057220459
2024-04-06T22:04:25Z,run,2024-04-06T22:20:45Z,-8.05116065,-34.94762247,173,90.0,2.940000057220459
2024-04-06T22:04:25Z,run,2024-04-06T22:20:46Z,-8.0511843,-34.94763147,173,90.0,2.940000057220459
2024-04-06T22:04:25Z,run,2024-04-06T22:20:47Z,-8.05120864,-34.94763714,173,90.0,2.9100000858306885
2024-04-06T22:04:25Z,run,2024-04-06T22:20:48Z,-8.05123396,-34.9476418,173,92.0,2.890000104904175
2024-04-06T22:04:25Z,run,2024-04-06T22:20:49Z,-8.05125895,-34.94764546,173,92.0,2.859999895095825
2024-04-06T22:04:25Z,run,2024-04-06T22:20:50Z,-8.05128462,-34.94764979,174,92.0,2.8399999141693115
2024-04-06T22:04:25Z,run,2024-04-06T22:20:51Z,-8.05130961,-34.94765512,175,93.0,2.8399999141693115
2024-04-06T22:04:25Z,run,2024-04-06T22:20:52Z,-8.05133394,-34.94765911,174,93.0,2.8399999141693115
2024-04-06T22:04:25Z,run,2024-04-06T22:20:53Z,-8.05135561,-34.94766144,174,93.0,2.8399999141693115
2024-04-06T22:04:25Z,run,2024-04-06T22:20:54Z,-8.0513796,-34.94766244,174,93.0,2.8399999141693115
2024-04-06T22:04:25Z,run,2024-04-06T22:20:55Z,-8.05140326,-34.94766477,174,92.0,2.8399999141693115
2024-04-06T22:04:25Z,run,2024-04-06T22:20:56Z,-8.05142859,-34.94766677,175,92.0,2.8399999141693115
2024-04-06T22:04:25Z,run,2024-04-06T22:20:57Z,-8.05145559,-34.94766877,175,92.0,2.859999895095825
2024-04-06T22:04:25Z,run,2024-04-06T22:20:58Z,-8.05148424,-34.94767377,175,92.0,2.859999895095825
2024-04-06T22:04:25Z,run,2024-04-06T22:20:59Z,-8.0515119,-34.94767776,175,92.0,2.880000114440918
2024-04-06T22:04:25Z,run,2024-04-06T22:21:00Z,-8.0515399,-34.94768276,175,92.0,2.880000114440918
2024-04-06T22:04:25Z,run,2024-04-06T22:21:01Z,-8.05156689,-34.94768541,176,91.0,2.9200000762939453
2024-04-06T22:04:25Z,run,2024-04-06T22:21:02Z,-8.05159522,-34.94768674,177,91.0,2.990000009536743
2024-04-06T22:04:25Z,run,2024-04-06T22:21:03Z,-8.05162221,-34.9476884,177,92.0,3.0399999618530273
2024-04-06T22:04:25Z,run,2024-04-06T22:21:04Z,-8.05165221,-34.94769273,177,92.0,3.0399999618530273
2024-04-06T22:04:25Z,run,2024-04-06T22:21:05Z,-8.05168055,-34.94769706,176,92.0,3.0899999141693115
2024-04-06T22:04:25Z,run,2024-04-06T22:21:06Z,-8.05170887,-34.94770105,176,91.0,3.0999999046325684
2024-04-06T22:04:25Z,run,2024-04-06T22:21:07Z,-8.0517352,-34.94770438,176,91.0,3.109999895095825
2024-04-06T22:04:25Z,run,2024-04-06T22:21:08Z,-8.05175987,-34.94770471,176,91.0,3.119999885559082
2024-04-06T22:04:25Z,run,2024-04-06T22:21:09Z,-8.05178386,-34.94770172,176,91.0,3.0999999046325684
2024-04-06T22:04:25Z,run,2024-04-06T22:21:10Z,-8.05180918,-34.94769672,176,91.0,3.0899999141693115
2024-04-06T22:04:25Z,run,2024-04-06T22:21:11Z,-8.05183417,-34.94768938,176,91.0,3.0899999141693115
2024-04-06T22:04:25Z,run,2024-04-06T22:21:12Z,-8.05185917,-34.94767939,176,91.0,3.059999942779541
2024-04-06T22:04:25Z,run,2024-04-06T22:21:13Z,-8.0518815,-34.94766906,175,91.0,3.0199999809265137
2024-04-06T22:04:25Z,run,2024-04-06T22:21:14Z,-8.0519035,-34.9476564,173,91.0,2.990000009536743
2024-04-06T22:04:25Z,run,2024-04-06T22:21:15Z,-8.05192249,-34.94764307,172,91.0,2.950000047683716
2024-04-06T22:04:25Z,run,2024-04-06T22:21:16Z,-8.05193948,-34.94762974,172,91.0,2.9000000953674316
2024-04-06T22:04:25Z,run,2024-04-06T22:21:17Z,-8.05195547,-34.94761508,172,91.0,2.9000000953674316
2024-04-06T22:04:25Z,run,2024-04-06T22:21:18Z,-8.05197113,-34.94759875,173,92.0,2.880000114440918
2024-04-06T22:04:25Z,run,2024-04-06T22:21:19Z,-8.05198679,-34.94758142,174,92.0,2.8399999141693115
2024-04-06T22:04:25Z,run,2024-04-06T22:21:20Z,-8.05200279,-34.94756276,175,92.0,2.7899999618530273
2024-04-06T22:04:25Z,run,2024-04-06T22:21:21Z,-8.05201879,-34.94754577,175,92.0,2.759999990463257
2024-04-06T22:04:25Z,run,2024-04-06T22:21:22Z,-8.05203412,-34.94753044,176,92.0,2.7300000190734863
2024-04-06T22:04:25Z,run,2024-04-06T22:21:23Z,-8.05205245,-34.94751711,176,92.0,2.7300000190734863
2024-04-06T22:04:25Z,run,2024-04-06T22:21:24Z,-8.05207245,-34.94750344,177,92.0,2.7100000381469727
2024-04-06T22:04:25Z,run,2024-04-06T22:21:25Z,-8.05209577,-34.94749112,177,92.0,2.7100000381469727
2024-04-06T22:04:25Z,run,2024-04-06T22:21:25Z,-8.05212077,-34.94748246,177,91.0,2.7200000286102295
2024-04-06T22:04:25Z,run,2024-04-06T22:21:26Z,-8.05214743,-34.94747813,176,91.0,2.7200000286102295
2024-04-06T22:04:25Z,run,2024-04-06T22:21:27Z,-8.05217409,-34.94747845,175,91.0,2.7300000190734863
2024-04-06T22:04:25Z,run,2024-04-06T22:21:28Z,-8.05219642,-34.94748545,175,91.0,2.7300000190734863
2024-04-06T22:04:25Z,run,2024-04-06T22:21:29Z,-8.05221742,-34.94749744,175,90.0,2.7300000190734863
2024-04-06T22:04:25Z,run,2024-04-06T22:21:30Z,-8.05223574,-34.9475151,175,90.0,2.7300000190734863
2024-04-06T22:04:25Z,run,2024-04-06T22:21:31Z,-8.05224974,-34.94753543,176,90.0,2.740000009536743
2024-04-06T22:04:25Z,run,2024-04-06T22:21:32Z,-8.05225874,-34.94755876,176,91.0,2.75
2024-04-06T22:04:25Z,run,2024-04-06T22:21:33Z,-8.05226473,-34.94758441,177,90.0,2.75
2024-04-06T22:04:25Z,run,2024-04-06T22:21:34Z,-8.05226806,-34.9476134,177,90.0,2.75
2024-04-06T22:04:25Z,run,2024-04-06T22:21:35Z,-8.05226774,-34.9476404,178,90.0,2.759999990463257
2024-04-06T22:04:25Z,run,2024-04-06T22:21:36Z,-8.05226642,-34.94766507,179,91.0,2.759999990463257
2024-04-06T22:04:25Z,run,2024-04-06T22:21:37Z,-8.05226608,-34.94769039,179,92.0,2.759999990463257
2024-04-06T22:04:25Z,run,2024-04-06T22:21:38Z,-8.05226576,-34.94771538,178,92.0,2.759999990463257
2024-04-06T22:04:25Z,run,2024-04-06T22:21:39Z,-8.05226509,-34.94774172,177,92.0,2.7699999809265137
2024-04-06T22:04:25Z,run,2024-04-06T22:21:40Z,-8.0522641,-34.94776804,177,92.0,2.7699999809265137
2024-04-06T22:04:25Z,run,2024-04-06T22:21:41Z,-8.05226277,-34.94779271,177,91.0,2.7699999809265137
2024-04-06T22:04:25Z,run,2024-04-06T22:21:42Z,-8.0522631,-34.9478167,176,91.0,2.7699999809265137
2024-04-06T22:04:25Z,run,2024-04-06T22:21:43Z,-8.05226277,-34.94784103,176,92.0,2.7699999809265137
2024-04-06T22:04:25Z,run,2024-04-06T22:21:44Z,-8.05226245,-34.94786669,176,92.0,2.7699999809265137
2024-04-06T22:04:25Z,run,2024-04-06T22:21:45Z,-8.05226245,-34.94789102,177,92.0,2.7699999809265137
2024-04-06T22:04:25Z,run,2024-04-06T22:21:46Z,-8.05226111,-34.94791535,177,92.0,2.7699999809265137
2024-04-06T22:04:25Z,run,2024-04-06T22:21:47Z,-8.05226079,-34.94793901,177,92.0,2.7699999809265137
2024-04-06T22:04:25Z,run,2024-04-06T22:21:48Z,-8.05226111,-34.947962,178,91.0,2.7699999809265137
2024-04-06T22:04:25Z,run,2024-04-06T22:21:49Z,-8.05226079,-34.94798667,179,91.0,2.7699999809265137
2024-04-06T22:04:25Z,run,2024-04-06T22:21:50Z,-8.05226111,-34.94801066,179,91.0,2.7699999809265137
2024-04-06T22:04:25Z,run,2024-04-06T22:21:51Z,-8.05226144,-34.94803466,180,91.0,2.7699999809265137
2024-04-06T22:04:25Z,run,2024-04-06T22:21:52Z,-8.05226177,-34.94805699,180,91.0,2.7699999809265137
2024-04-06T22:04:25Z,run,2024-04-06T22:21:53Z,-8.05226078,-34.94808166,181,91.0,2.759999990463257
2024-04-06T22:04:25Z,run,2024-04-06T22:21:54Z,-8.05225778,-34.94810698,181,91.0,2.759999990463257
2024-04-06T22:04:25Z,run,2024-04-06T22:21:55Z,-8.05225546,-34.9481323,181,91.0,2.759999990463257
2024-04-06T22:04:25Z,run,2024-04-06T22:21:56Z,-8.05225313,-34.94815863,181,91.0,2.75
2024-04-06T22:04:25Z,run,2024-04-06T22:21:57Z,-8.05225113,-34.94818162,180,91.0,2.75
2024-04-06T22:04:25Z,run,2024-04-06T22:21:58Z,-8.05225048,-34.94820662,180,91.0,2.75
2024-04-06T22:04:25Z,run,2024-04-06T22:21:59Z,-8.05224714,-34.94823128,180,91.0,2.75
2024-04-06T22:04:25Z,run,2024-04-06T22:22:00Z,-8.05224415,-34.94825694,180,91.0,2.75
2024-04-06T22:04:25Z,run,2024-04-06T22:22:01Z,-8.05224183,-34.94828226,180,91.0,2.75
2024-04-06T22:04:25Z,run,2024-04-06T22:22:02Z,-8.05223983,-34.94830525,180,90.0,2.75
2024-04-06T22:04:25Z,run,2024-04-06T22:22:03Z,-8.05223783,-34.94833059,179,90.0,2.75
2024-04-06T22:04:25Z,run,2024-04-06T22:22:04Z,-8.05223683,-34.94835559,179,90.0,2.75
2024-04-06T22:04:25Z,run,2024-04-06T22:22:05Z,-8.0522375,-34.94837924,179,90.0,2.75
2024-04-06T22:04:25Z,run,2024-04-06T22:22:06Z,-8.05223882,-34.94840324,179,91.0,2.75
2024-04-06T22:04:25Z,run,2024-04-06T22:22:07Z,-8.05223949,-34.9484269,179,91.0,2.75
2024-04-06T22:04:25Z,run,2024-04-06T22:22:08Z,-8.05223916,-34.94845123,179,92.0,2.759999990463257
2024-04-06T22:04:25Z,run,2024-04-06T22:22:09Z,-8.05223784,-34.94847722,181,92.0,2.759999990463257
2024-04-06T22:04:25Z,run,2024-04-06T22:22:10Z,-8.05223652,-34.94850256,181,92.0,2.759999990463257
2024-04-06T22:04:25Z,run,2024-04-06T22:22:11Z,-8.05223518,-34.94852689,181,92.0,2.759999990463257
2024-04-06T22:04:25Z,run,2024-04-06T22:22:12Z,-8.05223353,-34.94855221,181,91.0,2.759999990463257
2024-04-06T22:04:25Z,run,2024-04-06T22:22:13Z,-8.05223086,-34.94857787,182,91.0,2.759999990463257
2024-04-06T22:04:25Z,run,2024-04-06T22:22:14Z,-8.05222753,-34.94860386,183,91.0,2.759999990463257
2024-04-06T22:04:25Z,run,2024-04-06T22:22:15Z,-8.0522252,-34.94862753,184,91.0,2.759999990463257
2024-04-06T22:04:25Z,run,2024-04-06T22:22:16Z,-8.05222288,-34.94865152,184,91.0,2.759999990463257
2024-04-06T22:04:25Z,run,2024-04-06T22:22:17Z,-8.05222055,-34.94867652,183,90.0,2.759999990463257
2024-04-06T22:04:25Z,run,2024-04-06T22:22:18Z,-8.05221621,-34.94870251,182,90.0,2.7699999809265137
2024-04-06T22:04:25Z,run,2024-04-06T22:22:19Z,-8.05221256,-34.94872584,180,90.0,2.7699999809265137
2024-04-06T22:04:25Z,run,2024-04-06T22:22:20Z,-8.05220956,-34.94874983,179,90.0,2.7699999809265137
2024-04-06T22:04:25Z,run,2024-04-06T22:22:21Z,-8.05220723,-34.94877515,179,90.0,2.7699999809265137
2024-04-06T22:04:25Z,run,2024-04-06T22:22:22Z,-8.05220558,-34.94880215,179,90.0,2.7699999809265137
2024-04-06T22:04:25Z,run,2024-04-06T22:22:23Z,-8.05220325,-34.94883015,178,90.0,2.7699999809265137
2024-04-06T22:04:25Z,run,2024-04-06T22:22:24Z,-8.05220125,-34.94885714,177,91.0,2.7699999809265137
2024-04-06T22:04:25Z,run,2024-04-06T22:22:25Z,-8.05219925,-34.94888181,177,91.0,2.7699999809265137
2024-04-06T22:04:25Z,run,2024-04-06T22:22:26Z,-8.0521986,-34.94890648,176,91.0,2.7699999809265137
2024-04-06T22:04:25Z,run,2024-04-06T22:22:27Z,-8.05219827,-34.94893148,176,91.0,2.7699999809265137
2024-04-06T22:04:25Z,run,2024-04-06T22:22:28Z,-8.05219727,-34.94895948,176,91.0,2.7699999809265137
2024-04-06T22:04:25Z,run,2024-04-06T22:22:29Z,-8.05219727,-34.9489868,178,91.0,2.7799999713897705
2024-04-06T22:04:25Z,run,2024-04-06T22:22:30Z,-8.05219727,-34.9490138,180,90.0,2.7799999713897705
2024-04-06T22:04:25Z,run,2024-04-06T22:22:31Z,-8.05219428,-34.94904012,181,90.0,2.7899999618530273
2024-04-06T22:04:25Z,run,2024-04-06T22:22:32Z,-8.05218695,-34.94906646,182,90.0,2.799999952316284
2024-04-06T22:04:25Z,run,2024-04-06T22:22:33Z,-8.05217396,-34.94909011,182,90.0,2.799999952316284
2024-04-06T22:04:25Z,run,2024-04-06T22:22:34Z,-8.0521553,-34.94911178,182,90.0,2.799999952316284
2024-04-06T22:04:25Z,run,2024-04-06T22:22:35Z,-8.05213397,-34.94912977,181,90.0,2.799999952316284
2024-04-06T22:04:25Z,run,2024-04-06T22:22:36Z,-8.05210998,-34.9491461,181,90.0,2.809999942779541
2024-04-06T22:04:25Z,run,2024-04-06T22:22:37Z,-8.05208432,-34.94915843,181,90.0,2.819999933242798
2024-04-06T22:04:25Z,run,2024-04-06T22:22:38Z,-8.05205799,-34.94916843,180,90.0,2.819999933242798
2024-04-06T22:04:25Z,run,2024-04-06T22:22:39Z,-8.05203033,-34.94917408,180,90.0,2.8299999237060547
2024-04-06T22:04:25Z,run,2024-04-06T22:22:40Z,-8.052002,-34.94917574,180,90.0,2.8299999237060547
2024-04-06T22:04:25Z,run,2024-04-06T22:22:41Z,-8.05197301,-34.94917275,180,90.0,2.8399999141693115
2024-04-06T22:04:25Z,run,2024-04-06T22:22:42Z,-8.05194501,-34.94916543,179,90.0,2.8399999141693115
2024-04-06T22:04:25Z,run,2024-04-06T22:22:43Z,-8.05191769,-34.94915509,179,90.0,2.8399999141693115
2024-04-06T22:04:25Z,run,2024-04-06T22:22:44Z,-8.05189303,-34.94914109,180,90.0,2.8499999046325684
2024-04-06T22:04:25Z,run,2024-04-06T22:22:45Z,-8.05187136,-34.94912509,183,90.0,2.8499999046325684
2024-04-06T22:04:25Z,run,2024-04-06T22:22:46Z,-8.05185371,-34.9491061,183,90.0,2.8499999046325684
2024-04-06T22:04:25Z,run,2024-04-06T22:22:47Z,-8.05183937,-34.94908744,184,91.0,2.859999895095825
2024-04-06T22:04:25Z,run,2024-04-06T22:22:48Z,-8.05182838,-34.9490651,184,91.0,2.859999895095825
2024-04-06T22:04:25Z,run,2024-04-06T22:22:49Z,-8.05181972,-34.94904178,182,91.0,2.869999885559082
2024-04-06T22:04:25Z,run,2024-04-06T22:22:50Z,-8.05181506,-34.94901846,181,91.0,2.869999885559082
2024-04-06T22:04:25Z,run,2024-04-06T22:22:51Z,-8.05181239,-34.94899346,181,91.0,2.869999885559082
2024-04-06T22:04:25Z,run,2024-04-06T22:22:52Z,-8.0518114,-34.94896946,181,91.0,2.869999885559082
2024-04-06T22:04:25Z,run,2024-04-06T22:22:53Z,-8.05181206,-34.94894412,181,89.0,2.859999895095825
2024-04-06T22:04:25Z,run,2024-04-06T22:22:54Z,-8.05181373,-34.94892013,182,89.0,2.859999895095825
2024-04-06T22:04:25Z,run,2024-04-06T22:22:55Z,-8.05181505,-34.94889613,182,90.0,2.859999895095825
2024-04-06T22:04:25Z,run,2024-04-06T22:22:56Z,-8.05181505,-34.94887214,181,90.0,2.8499999046325684
2024-04-06T22:04:25Z,run,2024-04-06T22:22:57Z,-8.05181537,-34.94884814,179,90.0,2.8499999046325684
2024-04-06T22:04:25Z,run,2024-04-06T22:22:58Z,-8.05181604,-34.94882282,179,90.0,2.8499999046325684
2024-04-06T22:04:25Z,run,2024-04-06T22:22:59Z,-8.05181637,-34.9487965,179,90.0,2.7799999713897705
2024-04-06T22:04:25Z,run,2024-04-06T22:23:00Z,-8.0518177,-34.9487705,178,90.0,2.7200000286102295
2024-04-06T22:04:25Z,run,2024-04-06T22:23:01Z,-8.05182035,-34.94874417,178,90.0,2.7300000190734863
2024-04-06T22:04:25Z,run,2024-04-06T22:23:02Z,-8.05182302,-34.94871785,177,90.0,2.7300000190734863
2024-04-06T22:04:25Z,run,2024-04-06T22:23:03Z,-8.05182769,-34.94869253,176,90.0,2.75
2024-04-06T22:04:25Z,run,2024-04-06T22:23:04Z,-8.05183201,-34.94866619,176,90.0,2.75
2024-04-06T22:04:25Z,run,2024-04-06T22:23:05Z,-8.05183567,-34.94863987,175,90.0,2.7899999618530273
2024-04-06T22:04:25Z,run,2024-04-06T22:23:06Z,-8.05183799,-34.94861388,175,90.0,2.809999942779541
2024-04-06T22:04:25Z,run,2024-04-06T22:23:07Z,-8.05183866,-34.94858789,175,91.0,2.819999933242798
2024-04-06T22:04:25Z,run,2024-04-06T22:23:08Z,-8.05183833,-34.94856156,175,91.0,2.819999933242798
2024-04-06T22:04:25Z,run,2024-04-06T22:23:09Z,-8.05183667,-34.9485359,175,91.0,2.8299999237060547
2024-04-06T22:04:25Z,run,2024-04-06T22:23:10Z,-8.051837,-34.9485109,175,91.0,2.8299999237060547
2024-04-06T22:04:25Z,run,2024-04-06T22:23:11Z,-8.05183767,-34.94848524,175,91.0,2.8399999141693115
2024-04-06T22:04:25Z,run,2024-04-06T22:23:12Z,-8.05183799,-34.94845959,175,92.0,2.8299999237060547
2024-04-06T22:04:25Z,run,2024-04-06T22:23:13Z,-8.05183866,-34.94843492,175,92.0,2.809999942779541
2024-04-06T22:04:25Z,run,2024-04-06T22:23:14Z,-8.05183866,-34.94840893,175,92.0,2.809999942779541
2024-04-06T22:04:25Z,run,2024-04-06T22:23:15Z,-8.05183866,-34.9483816,176,92.0,2.809999942779541
2024-04-06T22:04:25Z,run,2024-04-06T22:23:16Z,-8.05183866,-34.94835461,177,91.0,2.809999942779541
2024-04-06T22:04:25Z,run,2024-04-06T22:23:17Z,-8.05183833,-34.94832827,177,91.0,2.809999942779541
2024-04-06T22:04:25Z,run,2024-04-06T22:23:18Z,-8.051839,-34.94830128,177,90.0,2.809999942779541
2024-04-06T22:04:25Z,run,2024-04-06T22:23:19Z,-8.05184166,-34.94827362,179,91.0,2.8299999237060547
2024-04-06T22:04:25Z,run,2024-04-06T22:23:20Z,-8.05184499,-34.94824662,180,91.0,2.8499999046325684
2024-04-06T22:04:25Z,run,2024-04-06T22:23:21Z,-8.05184865,-34.94822063,182,91.0,2.880000114440918
2024-04-06T22:04:25Z,run,2024-04-06T22:23:22Z,-8.05185231,-34.94819596,181,91.0,2.890000104904175
2024-04-06T22:04:25Z,run,2024-04-06T22:23:23Z,-8.05185665,-34.94817197,181,91.0,2.890000104904175
2024-04-06T22:04:25Z,run,2024-04-06T22:23:24Z,-8.05186064,-34.94814797,180,91.0,2.890000104904175
2024-04-06T22:04:25Z,run,2024-04-06T22:23:25Z,-8.0518643,-34.94812431,178,91.0,2.890000104904175
2024-04-06T22:04:25Z,run,2024-04-06T22:23:26Z,-8.05186697,-34.94810031,178,90.0,2.8499999046325684
2024-04-06T22:04:25Z,run,2024-04-06T22:23:27Z,-8.05186929,-34.94807599,178,90.0,2.809999942779541
2024-04-06T22:04:25Z,run,2024-04-06T22:23:28Z,-8.05187295,-34.94805132,180,90.0,2.7799999713897705
2024-04-06T22:04:25Z,run,2024-04-06T22:23:29Z,-8.05188095,-34.94802766,180,90.0,2.7799999713897705
2024-04-06T22:04:25Z,run,2024-04-06T22:23:30Z,-8.05189827,-34.94800967,181,90.0,2.7699999809265137
2024-04-06T22:04:25Z,run,2024-04-06T22:23:31Z,-8.05192294,-34.94799633,181,89.0,2.7699999809265137
2024-04-06T22:04:25Z,run,2024-04-06T22:23:32Z,-8.05194994,-34.94798901,182,89.0,2.7699999809265137
2024-04-06T22:04:25Z,run,2024-04-06T22:23:33Z,-8.05197793,-34.94798468,182,89.0,2.7699999809265137
2024-04-06T22:04:25Z,run,2024-04-06T22:23:34Z,-8.05200493,-34.94798234,183,89.0,2.7699999809265137
2024-04-06T22:04:25Z,run,2024-04-06T22:23:35Z,-8.05203093,-34.94798135,183,89.0,2.7699999809265137
2024-04-06T22:04:25Z,run,2024-04-06T22:23:36Z,-8.05205425,-34.9479807,183,89.0,2.799999952316284
2024-04-06T22:04:25Z,run,2024-04-06T22:23:37Z,-8.05207759,-34.94797836,183,89.0,2.819999933242798
