activity_id,sport_type,timestamp,latitude,longitude,speed,heart_rate,cadence
2024-09-14T20:01:49Z,walk,2024-09-14T20:02:04Z,-8.051625,-34.94847,0.0,,
2024-09-14T20:01:49Z,walk,2024-09-14T20:02:05Z,-8.05163632,-34.94846867,0.0,100.0,60.0
2024-09-14T20:01:49Z,walk,2024-09-14T20:02:06Z,-8.05166132,-34.948471,0.0,100.0,60.0
2024-09-14T20:01:49Z,walk,2024-09-14T20:02:07Z,-8.05167831,-34.94847467,0.0,99.0,60.0
2024-09-14T20:01:49Z,walk,2024-09-14T20:02:08Z,-8.05169431,-34.94848332,0.0,99.0,62.0
2024-09-14T20:01:49Z,walk,2024-09-14T20:02:09Z,-8.05170864,-34.94849398,0.27000001072883606,100.0,62.0
2024-09-14T20:01:49Z,walk,2024-09-14T20:02:10Z,-8.05171863,-34.94850531,0.8100000023841858,101.0,62.0
2024-09-14T20:01:49Z,walk,2024-09-14T20:02:11Z,-8.05172495,-34.9485153,1.3300000429153442,101.0,61.0
2024-09-14T20:01:49Z,walk,2024-09-14T20:02:12Z,-8.05173162,-34.94852664,1.3300000429153442,101.0,61.0
2024-09-14T20:01:49Z,walk,2024-09-14T20:02:13Z,-8.05173694,-34.9485393,1.5800000429153442,103.0,60.0
2024-09-14T20:01:49Z,walk,2024-09-14T20:02:14Z,-8.05174161,-34.94855129,1.5800000429153442,105.0,61.0
2024-09-14T20:01:49Z,walk,2024-09-14T20:02:15Z,-8.05173894,-34.94856328,1.5399999618530273,106.0,62.0
2024-09-14T20:01:49Z,walk,2024-09-14T20:02:16Z,-8.05173362,-34.94857494,1.4700000286102295,106.0,62.0
2024-09-14T20:01:49Z,walk,2024-09-14T20:02:17Z,-8.05172962,-34.94858626,1.4199999570846558,106.0,62.0
2024-09-14T20:01:49Z,walk,2024-09-14T20:02:18Z,-8.05172962,-34.9485966,1.4199999570846558,106.0,62.0
2024-09-14T20:01:49Z,walk,2024-09-14T20:02:19Z,-8.05172929,-34.94860792,1.3799999952316284,107.0,61.0
2024-09-14T20:01:49Z,walk,2024-09-14T20:02:20Z,-8.05173328,-34.94861892,1.350000023841858,108.0,61.0
2024-09-14T20:01:49Z,walk,2024-09-14T20:02:21Z,-8.05173694,-34.94862925,1.3300000429153442,109.0,61.0
2024-09-14T20:01:49Z,walk,2024-09-14T20:02:22Z,-8.05174561,-34.94863924,1.309999942779541,109.0,61.0
2024-09-14T20:01:49Z,walk,2024-09-14T20:02:23Z,-8.05176126,-34.94864823,1.2999999523162842,109.0,61.0
2024-09-14T20:01:49Z,walk,2024-09-14T20:02:24Z,-8.0517766,-34.94865723,1.2999999523162842,109.0,61.0
2024-09-14T20:01:49Z,walk,2024-09-14T20:02:25Z,-8.05178625,-34.94866689,1.2999999523162842,110.0,61.0
2024-09-14T20:01:49Z,walk,2024-09-14T20:02:26Z,-8.05178525,-34.94867588,1.309999942779541,111.0,61.0
2024-09-14T20:01:49Z,walk,2024-09-14T20:02:27Z,-8.05177859,-34.94868555,1.3200000524520874,106.0,61.0
2024-09-14T20:01:49Z,walk,2024-09-14T20:02:28Z,-8.05177193,-34.9486962,1.350000023841858,109.0,63.0
2024-09-14T20:01:49Z,walk,2024-09-14T20:02:29Z,-8.05176527,-34.9487082,1.4299999475479126,107.0,63.0
2024-09-14T20:01:49Z,walk,2024-09-14T20:02:30Z,-8.05176462,-34.94872186,1.4299999475479126,107.0,63.0
2024-09-14T20:01:49Z,walk,2024-09-14T20:02:31Z,-8.05176561,-34.94873519,1.4900000095367432,105.0,63.0
2024-09-14T20:01:49Z,walk,2024-09-14T20:02:32Z,-8.05176594,-34.94874919,1.5499999523162842,105.0,64.0
2024-09-14T20:01:49Z,walk,2024-09-14T20:02:33Z,-8.05176594,-34.94876253,1.5700000524520874,105.0,64.0
2024-09-14T20:01:49Z,walk,2024-09-14T20:02:34Z,-8.05176561,-34.94877485,1.5399999618530273,105.0,64.0
2024-09-14T20:01:49Z,walk,2024-09-14T20:02:35Z,-8.05176427,-34.94878685,1.5099999904632568,105.0,64.0
2024-09-14T20:01:49Z,walk,2024-09-14T20:02:36Z,-8.05176162,-34.94879684,1.5099999904632568,105.0,64.0
2024-09-14T20:01:49Z,walk,2024-09-14T20:02:37Z,-8.05175996,-34.94880717,1.5099999904632568,105.0,64.0
2024-09-14T20:01:49Z,walk,2024-09-14T20:02:38Z,-8.05174729,-34.94881784,1.4800000190734863,105.0,64.0
2024-09-14T20:01:49Z,walk,2024-09-14T20:02:39Z,-8.05171796,-34.94882983,1.4500000476837158,106.0,64.0
2024-09-14T20:01:49Z,walk,2024-09-14T20:02:40Z,-8.0516683,-34.94884415,1.4600000381469727,107.0,64.0
2024-09-14T20:01:49Z,walk,2024-09-14T20:02:51Z,-8.05047665,-34.94895649,1.4299999475479126,109.0,64.0
2024-09-14T20:01:49Z,walk,2024-09-14T20:02:52Z,-8.05049297,-34.94895781,1.5399999618530273,109.0,64.0
2024-09-14T20:01:49Z,walk,2024-09-14T20:02:53Z,-8.05051764,-34.94896181,1.6799999475479126,110.0,62.0
2024-09-14T20:01:49Z,walk,2024-09-14T20:02:54Z,-8.05055064,-34.94896681,1.6799999475479126,110.0,62.0
2024-09-14T20:01:49Z,walk,2024-09-14T20:02:55Z,-8.05058497,-34.94897248,1.7000000476837158,113.0,62.0
2024-09-14T20:01:49Z,walk,2024-09-14T20:02:56Z,-8.05061864,-34.94897913,1.7300000190734863,113.0,62.0
2024-09-14T20:01:49Z,walk,2024-09-14T20:02:57Z,-8.05064996,-34.94898646,1.7799999713897705,113.0,62.0
2024-09-14T20:01:49Z,walk,2024-09-14T20:02:58Z,-8.05068196,-34.94899412,2.1700000762939453,113.0,62.0
2024-09-14T20:01:49Z,walk,2024-09-14T20:02:59Z,-8.05071563,-34.94900246,2.5299999713897705,113.0,62.0
2024-09-14T20:01:49Z,walk,2024-09-14T20:03:00Z,-8.05074828,-34.94901145,2.5299999713897705,113.0,62.0
2024-09-14T20:01:49Z,walk,2024-09-14T20:03:01Z,-8.05077862,-34.94902011,2.490000009536743,113.0,62.0
2024-09-14T20:01:49Z,walk,2024-09-14T20:03:02Z,-8.05080862,-34.94902877,2.4600000381469727,114.0,62.0
2024-09-14T20:01:49Z,walk,2024-09-14T20:03:03Z,-8.05084128,-34.94903809,2.4600000381469727,114.0,63.0
2024-09-14T20:01:49Z,walk,2024-09-14T20:03:04Z,-8.05088127,-34.94904975,2.440000057220459,114.0,63.0
2024-09-14T20:01:49Z,walk,2024-09-14T20:03:05Z,-8.05092927,-34.94906342,2.430000066757202,117.0,63.0
2024-09-14T20:01:49Z,walk,2024-09-14T20:03:06Z,-8.05097926,-34.94907774,2.430000066757202,117.0,63.0
2024-09-14T20:01:49Z,walk,2024-09-14T20:03:07Z,-8.05103092,-34.94909374,2.430000066757202,113.0,63.0
2024-09-14T20:01:49Z,walk,2024-09-14T20:03:08Z,-8.05108224,-34.94911106,2.4800000190734863,117.0,63.0
2024-09-14T20:01:49Z,walk,2024-09-14T20:03:09Z,-8.05113291,-34.94912839,2.7699999809265137,114.0,63.0
2024-09-14T20:01:49Z,walk,2024-09-14T20:03:10Z,-8.05117923,-34.94914538,3.1500000953674316,114.0,63.0
2024-09-14T20:01:49Z,walk,2024-09-14T20:03:11Z,-8.05122157,-34.94916204,3.369999885559082,114.0,63.0
2024-09-14T20:01:49Z,walk,2024-09-14T20:03:12Z,-8.05125756,-34.94917804,3.369999885559082,114.0,63.0
2024-09-14T20:01:49Z,walk,2024-09-14T20:03:13Z,-8.05128556,-34.94919437,3.440000057220459,114.0,63.0
2024-09-14T20:01:49Z,walk,2024-09-14T20:03:14Z,-8.05130922,-34.9492107,3.440000057220459,114.0,63.0
2024-09-14T20:01:49Z,walk,2024-09-14T20:03:15Z,-8.05132755,-34.94922836,3.3399999141693115,114.0,62.0
2024-09-14T20:01:49Z,walk,2024-09-14T20:03:16Z,-8.05134021,-34.94924469,3.0999999046325684,114.0,62.0
2024-09-14T20:01:49Z,walk,2024-09-14T20:03:17Z,-8.05134887,-34.94926036,2.819999933242798,114.0,62.0
2024-09-14T20:01:49Z,walk,2024-09-14T20:03:18Z,-8.05135553,-34.94927601,2.4700000286102295,116.0,62.0
2024-09-14T20:01:49Z,walk,2024-09-14T20:03:19Z,-8.05136119,-34.94929135,2.4700000286102295,116.0,62.0
2024-09-14T20:01:49Z,walk,2024-09-14T20:03:20Z,-8.05136518,-34.94930535,2.1500000953674316,117.0,61.0
2024-09-14T20:01:49Z,walk,2024-09-14T20:03:21Z,-8.05136884,-34.94931935,1.940000057220459,118.0,61.0
2024-09-14T20:01:49Z,walk,2024-09-14T20:03:22Z,-8.0513725,-34.949332,1.7599999904632568,117.0,60.0
2024-09-14T20:01:49Z,walk,2024-09-14T20:03:23Z,-8.05137583,-34.94934367,1.6399999856948853,117.0,61.0
2024-09-14T20:01:49Z,walk,2024-09-14T20:03:24Z,-8.05137983,-34.94935533,1.600000023841858,119.0,61.0
2024-09-14T20:01:49Z,walk,2024-09-14T20:03:25Z,-8.05138583,-34.94936865,1.600000023841858,119.0,61.0
2024-09-14T20:01:49Z,walk,2024-09-14T20:03:26Z,-8.05139416,-34.94938665,1.5399999618530273,117.0,60.0
2024-09-14T20:01:49Z,walk,2024-09-14T20:03:27Z,-8.05140315,-34.94940598,1.4900000095367432,117.0,62.0
2024-09-14T20:01:49Z,walk,2024-09-14T20:03:28Z,-8.05140915,-34.94942131,1.4900000095367432,117.0,62.0
2024-09-14T20:01:49Z,walk,2024-09-14T20:03:29Z,-8.05141248,-34.94943397,1.4900000095367432,117.0,62.0
2024-09-14T20:01:49Z,walk,2024-09-14T20:03:30Z,-8.05141747,-34.94944563,1.4800000190734863,117.0,62.0
2024-09-14T20:01:49Z,walk,2024-09-14T20:03:31Z,-8.0514198,-34.94945595,1.4800000190734863,117.0,62.0
2024-09-14T20:01:49Z,walk,2024-09-14T20:03:32Z,-8.05142047,-34.94946529,1.4500000476837158,118.0,62.0
2024-09-14T20:01:49Z,walk,2024-09-14T20:03:33Z,-8.05142179,-34.94947595,1.4299999475479126,118.0,62.0
2024-09-14T20:01:49Z,walk,2024-09-14T20:03:34Z,-8.05142211,-34.94948694,1.4299999475479126,119.0,60.0
2024-09-14T20:01:49Z,walk,2024-09-14T20:03:35Z,-8.05141912,-34.94949694,1.4199999570846558,119.0,61.0
2024-09-14T20:01:49Z,walk,2024-09-14T20:03:36Z,-8.05141712,-34.94950761,1.409999966621399,120.0,62.0
2024-09-14T20:01:49Z,walk,2024-09-14T20:03:37Z,-8.05141347,-34.94951693,1.409999966621399,120.0,62.0
2024-09-14T20:01:49Z,walk,2024-09-14T20:03:38Z,-8.05141013,-34.94952693,1.399999976158142,121.0,60.0
2024-09-14T20:01:49Z,walk,2024-09-14T20:03:39Z,-8.05140614,-34.94953592,1.3899999856948853,122.0,60.0
2024-09-14T20:01:49Z,walk,2024-09-14T20:03:40Z,-8.05139948,-34.94954525,1.3799999952316284,123.0,60.0
2024-09-14T20:01:49Z,walk,2024-09-14T20:03:41Z,-8.05138981,-34.94955491,1.3700000047683716,122.0,60.0
2024-09-14T20:01:49Z,walk,2024-09-14T20:03:42Z,-8.05137948,-34.94956357,1.3700000047683716,122.0,62.0
2024-09-14T20:01:49Z,walk,2024-09-14T20:03:43Z,-8.05136849,-34.94957289,1.3700000047683716,122.0,62.0
2024-09-14T20:01:49Z,walk,2024-09-14T20:03:44Z,-8.05135682,-34.94958222,1.3600000143051147,122.0,62.0
2024-09-14T20:01:49Z,walk,2024-09-14T20:03:45Z,-8.05134516,-34.94959121,1.3600000143051147,122.0,62.0
2024-09-14T20:01:49Z,walk,2024-09-14T20:03:46Z,-8.05133517,-34.94960054,1.3600000143051147,122.0,62.0
2024-09-14T20:01:49Z,walk,2024-09-14T20:03:47Z,-8.05132517,-34.9496092,1.3600000143051147,121.0,62.0
2024-09-14T20:01:49Z,walk,2024-09-14T20:03:48Z,-8.05131585,-34.94961753,1.3600000143051147,120.0,62.0
2024-09-14T20:01:49Z,walk,2024-09-14T20:03:49Z,-8.05130786,-34.94962419,1.3600000143051147,120.0,62.0
2024-09-14T20:01:49Z,walk,2024-09-14T20:03:50Z,-8.0512992,-34.94962751,1.3600000143051147,119.0,62.0
2024-09-14T20:01:49Z,walk,2024-09-14T20:03:51Z,-8.05129154,-34.94963018,1.3600000143051147,118.0,61.0
2024-09-14T20:01:49Z,walk,2024-09-14T20:03:52Z,-8.05128288,-34.94963484,1.3600000143051147,118.0,60.0
2024-09-14T20:01:49Z,walk,2024-09-14T20:03:53Z,-8.05127455,-34.94964083,1.3600000143051147,117.0,60.0
2024-09-14T20:01:49Z,walk,2024-09-14T20:03:54Z,-8.05126589,-34.9496485,1.3600000143051147,117.0,62.0
2024-09-14T20:01:49Z,walk,2024-09-14T20:03:55Z,-8.05125856,-34.9496535,1.3600000143051147,117.0,62.0
2024-09-14T20:01:49Z,walk,2024-09-14T20:03:56Z,-8.0512539,-34.94965782,1.350000023841858,118.0,62.0
2024-09-14T20:01:49Z,walk,2024-09-14T20:03:57Z,-8.05125091,-34.94966216,1.350000023841858,118.0,62.0
2024-09-14T20:01:49Z,walk,2024-09-14T20:03:58Z,-8.05124725,-34.94966781,1.350000023841858,118.0,62.0
2024-09-14T20:01:49Z,walk,2024-09-14T20:03:59Z,-8.05124359,-34.9496748,1.340000033378601,118.0,62.0
2024-09-14T20:01:49Z,walk,2024-09-14T20:04:00Z,-8.05123693,-34.94968014,1.3300000429153442,118.0,62.0
2024-09-14T20:01:49Z,walk,2024-09-14T20:04:01Z,-8.05122593,-34.94968579,1.3300000429153442,118.0,62.0
2024-09-14T20:01:49Z,walk,2024-09-14T20:04:02Z,-8.05121193,-34.94969346,1.3200000524520874,118.0,62.0
2024-09-14T20:01:49Z,walk,2024-09-14T20:04:03Z,-8.05119694,-34.94970146,1.3200000524520874,120.0,62.0
2024-09-14T20:01:49Z,walk,2024-09-14T20:04:04Z,-8.05118328,-34.94970878,1.309999942779541,121.0,62.0
2024-09-14T20:01:49Z,walk,2024-09-14T20:04:05Z,-8.05117062,-34.94971545,1.309999942779541,122.0,63.0
2024-09-14T20:01:49Z,walk,2024-09-14T20:04:06Z,-8.05115929,-34.94972078,1.309999942779541,123.0,64.0
2024-09-14T20:01:49Z,walk,2024-09-14T20:04:07Z,-8.05114796,-34.94972444,1.309999942779541,123.0,64.0
2024-09-14T20:01:49Z,walk,2024-09-14T20:04:08Z,-8.05113664,-34.94972843,1.309999942779541,121.0,64.0
2024-09-14T20:01:49Z,walk,2024-09-14T20:04:09Z,-8.05112631,-34.9497331,1.3200000524520874,121.0,63.0
2024-09-14T20:01:49Z,walk,2024-09-14T20:04:10Z,-8.05111432,-34.94973709,1.3200000524520874,120.0,63.0
2024-09-14T20:01:49Z,walk,2024-09-14T20:04:11Z,-8.05110299,-34.94974075,1.3200000524520874,119.0,63.0
2024-09-14T20:01:49Z,walk,2024-09-14T20:04:12Z,-8.051092,-34.94974441,1.3200000524520874,119.0,63.0
2024-09-14T20:01:49Z,walk,2024-09-14T20:04:13Z,-8.051081,-34.9497484,1.3200000524520874,119.0,63.0
2024-09-14T20:01:49Z,walk,2024-09-14T20:04:14Z,-8.05107034,-34.9497534,1.3200000524520874,118.0,63.0
2024-09-14T20:01:49Z,walk,2024-09-14T20:04:15Z,-8.05105969,-34.94975873,1.3200000524520874,118.0,63.0
2024-09-14T20:01:49Z,walk,2024-09-14T20:04:16Z,-8.05105035,-34.94976373,1.3200000524520874,118.0,63.0
2024-09-14T20:01:49Z,walk,2024-09-14T20:04:17Z,-8.05104269,-34.9497694,1.309999942779541,118.0,63.0
2024-09-14T20:01:49Z,walk,2024-09-14T20:04:18Z,-8.05103335,-34.94977372,1.309999942779541,119.0,63.0
2024-09-14T20:01:49Z,walk,2024-09-14T20:04:19Z,-8.05102403,-34.94977772,1.309999942779541,119.0,63.0
2024-09-14T20:01:49Z,walk,2024-09-14T20:04:20Z,-8.05101471,-34.94978205,1.309999942779541,119.0,64.0
2024-09-14T20:01:49Z,walk,2024-09-14T20:04:21Z,-8.05100437,-34.94978671,1.309999942779541,119.0,63.0
2024-09-14T20:01:49Z,walk,2024-09-14T20:04:22Z,-8.05099404,-34.94979238,1.2999999523162842,119.0,64.0
2024-09-14T20:01:49Z,walk,2024-09-14T20:04:23Z,-8.05098272,-34.94979904,1.2999999523162842,119.0,63.0
2024-09-14T20:01:49Z,walk,2024-09-14T20:04:24Z,-8.05097106,-34.9498057,1.2899999618530273,119.0,63.0
2024-09-14T20:01:49Z,walk,2024-09-14T20:04:25Z,-8.05095873,-34.94981269,1.2899999618530273,119.0,63.0
2024-09-14T20:01:49Z,walk,2024-09-14T20:04:26Z,-8.0509464,-34.94982036,1.2899999618530273,119.0,63.0
2024-09-14T20:01:49Z,walk,2024-09-14T20:04:27Z,-8.05093441,-34.94982869,1.2899999618530273,119.0,62.0
2024-09-14T20:01:49Z,walk,2024-09-14T20:04:28Z,-8.05092275,-34.94983603,1.2899999618530273,119.0,62.0
2024-09-14T20:01:49Z,walk,2024-09-14T20:04:29Z,-8.05090975,-34.94984202,1.2899999618530273,119.0,61.0
2024-09-14T20:01:49Z,walk,2024-09-14T20:04:30Z,-8.05089676,-34.94984767,1.2899999618530273,119.0,62.0
2024-09-14T20:01:49Z,walk,2024-09-14T20:04:31Z,-8.05088509,-34.94985233,1.2899999618530273,119.0,62.0
2024-09-14T20:01:49Z,walk,2024-09-14T20:04:32Z,-8.0508741,-34.949857,1.2999999523162842,119.0,62.0
2024-09-14T20:01:49Z,walk,2024-09-14T20:04:33Z,-8.0508631,-34.949862,1.2999999523162842,120.0,62.0
2024-09-14T20:01:49Z,walk,2024-09-14T20:04:34Z,-8.05085144,-34.94986765,1.309999942779541,120.0,63.0
2024-09-14T20:01:49Z,walk,2024-09-14T20:04:35Z,-8.05083911,-34.94987299,1.309999942779541,120.0,63.0
2024-09-14T20:01:49Z,walk,2024-09-14T20:04:36Z,-8.05082579,-34.94987832,1.309999942779541,120.0,63.0
2024-09-14T20:01:49Z,walk,2024-09-14T20:04:37Z,-8.05081112,-34.94988298,1.309999942779541,120.0,63.0
2024-09-14T20:01:49Z,walk,2024-09-14T20:04:38Z,-8.05079546,-34.94988563,1.309999942779541,120.0,62.0
2024-09-14T20:01:49Z,walk,2024-09-14T20:04:39Z,-8.05077946,-34.94988763,1.3200000524520874,120.0,62.0
2024-09-14T20:01:49Z,walk,2024-09-14T20:04:40Z,-8.05076314,-34.94988862,1.3200000524520874,120.0,62.0
2024-09-14T20:01:49Z,walk,2024-09-14T20:04:41Z,-8.05074648,-34.94988895,1.3200000524520874,118.0,62.0
2024-09-14T20:01:49Z,walk,2024-09-14T20:04:42Z,-8.05072948,-34.94988995,1.3300000429153442,117.0,62.0
2024-09-14T20:01:49Z,walk,2024-09-14T20:04:43Z,-8.05071316,-34.94989127,1.340000033378601,119.0,61.0
2024-09-14T20:01:49Z,walk,2024-09-14T20:04:44Z,-8.05069684,-34.94989327,1.340000033378601,119.0,61.0
2024-09-14T20:01:49Z,walk,2024-09-14T20:04:45Z,-8.0506805,-34.94989626,1.350000023841858,119.0,61.0
2024-09-14T20:01:49Z,walk,2024-09-14T20:04:46Z,-8.05066184,-34.94990325,1.3600000143051147,119.0,62.0
2024-09-14T20:01:49Z,walk,2024-09-14T20:04:47Z,-8.05064417,-34.94990892,1.3700000047683716,119.0,62.0
2024-09-14T20:01:49Z,walk,2024-09-14T20:04:48Z,-8.05062851,-34.94991225,1.3799999952316284,119.0,61.0
2024-09-14T20:01:49Z,walk,2024-09-14T20:04:49Z,-8.05061485,-34.94991357,1.3799999952316284,119.0,61.0
2024-09-14T20:01:49Z,walk,2024-09-14T20:04:50Z,-8.05060286,-34.94991423,1.3799999952316284,119.0,61.0
2024-09-14T20:01:49Z,walk,2024-09-14T20:04:51Z,-8.0505912,-34.94991423,1.3899999856948853,119.0,62.0
2024-09-14T20:01:49Z,walk,2024-09-14T20:04:52Z,-8.05057921,-34.94991357,1.399999976158142,119.0,61.0
2024-09-14T20:01:49Z,walk,2024-09-14T20:04:53Z,-8.05056688,-34.94991225,1.409999966621399,120.0,61.0
2024-09-14T20:01:49Z,walk,2024-09-14T20:04:54Z,-8.05055221,-34.94991058,1.409999966621399,120.0,62.0
2024-09-14T20:01:49Z,walk,2024-09-14T20:04:55Z,-8.05053621,-34.94990892,1.409999966621399,122.0,62.0
2024-09-14T20:01:49Z,walk,2024-09-14T20:04:56Z,-8.05052088,-34.94990726,1.409999966621399,122.0,62.0
2024-09-14T20:01:49Z,walk,2024-09-14T20:04:57Z,-8.05050489,-34.94990593,1.409999966621399,122.0,62.0
2024-09-14T20:01:49Z,walk,2024-09-14T20:04:58Z,-8.05048955,-34.9499036,1.409999966621399,122.0,62.0
2024-09-14T20:01:49Z,walk,2024-09-14T20:04:59Z,-8.05047789,-34.94990061,1.409999966621399,122.0,62.0
2024-09-14T20:01:49Z,walk,2024-09-14T20:05:00Z,-8.05046656,-34.94989628,1.409999966621399,122.0,62.0
2024-09-14T20:01:49Z,walk,2024-09-14T20:05:01Z,-8.05045457,-34.94989128,1.4199999570846558,122.0,62.0
2024-09-14T20:01:49Z,walk,2024-09-14T20:05:02Z,-8.05044224,-34.94988595,1.4199999570846558,122.0,62.0
2024-09-14T20:01:49Z,walk,2024-09-14T20:05:03Z,-8.05042957,-34.94988328,1.4199999570846558,123.0,62.0
2024-09-14T20:01:49Z,walk,2024-09-14T20:05:04Z,-8.05041657,-34.94988296,1.4199999570846558,125.0,62.0
2024-09-14T20:01:49Z,walk,2024-09-14T20:05:05Z,-8.05040458,-34.94988496,1.4199999570846558,129.0,62.0
2024-09-14T20:01:49Z,walk,2024-09-14T20:05:06Z,-8.05039226,-34.94988696,1.4299999475479126,124.0,61.0
2024-09-14T20:01:49Z,walk,2024-09-14T20:05:07Z,-8.05037894,-34.94988861,1.4299999475479126,123.0,61.0
2024-09-14T20:01:49Z,walk,2024-09-14T20:05:08Z,-8.05036527,-34.94988995,1.4299999475479126,123.0,61.0
2024-09-14T20:01:49Z,walk,2024-09-14T20:05:09Z,-8.05034994,-34.94989194,1.4299999475479126,123.0,61.0
2024-09-14T20:01:49Z,walk,2024-09-14T20:05:10Z,-8.05033461,-34.94989493,1.4299999475479126,122.0,61.0
2024-09-14T20:01:49Z,walk,2024-09-14T20:05:11Z,-8.05031996,-34.94989793,1.440000057220459,122.0,61.0
2024-09-14T20:01:49Z,walk,2024-09-14T20:05:12Z,-8.05030696,-34.94990092,1.440000057220459,122.0,61.0
2024-09-14T20:01:49Z,walk,2024-09-14T20:05:13Z,-8.05029429,-34.94990291,1.440000057220459,123.0,61.0
2024-09-14T20:01:49Z,walk,2024-09-14T20:05:14Z,-8.05028097,-34.94990457,1.440000057220459,123.0,61.0
2024-09-14T20:01:49Z,walk,2024-09-14T20:05:15Z,-8.05026864,-34.94990556,1.4500000476837158,124.0,62.0
2024-09-14T20:01:49Z,walk,2024-09-14T20:05:16Z,-8.05025565,-34.94990623,1.4500000476837158,124.0,62.0
2024-09-14T20:01:49Z,walk,2024-09-14T20:05:17Z,-8.05024233,-34.94990655,1.4600000381469727,124.0,62.0
2024-09-14T20:01:49Z,walk,2024-09-14T20:05:18Z,-8.050229,-34.94990555,1.4600000381469727,125.0,62.0
2024-09-14T20:01:49Z,walk,2024-09-14T20:05:19Z,-8.05021534,-34.94990356,1.4600000381469727,125.0,62.0
2024-09-14T20:01:49Z,walk,2024-09-14T20:05:20Z,-8.05020035,-34.94990057,1.4600000381469727,125.0,62.0
2024-09-14T20:01:49Z,walk,2024-09-14T20:05:21Z,-8.05018602,-34.94989792,1.4600000381469727,126.0,61.0
2024-09-14T20:01:49Z,walk,2024-09-14T20:05:22Z,-8.05017202,-34.94989492,1.4600000381469727,126.0,61.0
2024-09-14T20:01:49Z,walk,2024-09-14T20:05:23Z,-8.05015803,-34.94989193,1.4600000381469727,125.0,61.0
2024-09-14T20:01:49Z,walk,2024-09-14T20:05:24Z,-8.05014336,-34.94988894,1.4600000381469727,124.0,62.0
2024-09-14T20:01:49Z,walk,2024-09-14T20:05:25Z,-8.05012803,-34.94988627,1.4600000381469727,124.0,63.0
2024-09-14T20:01:49Z,walk,2024-09-14T20:05:26Z,-8.05011304,-34.94988428,1.4600000381469727,124.0,63.0
2024-09-14T20:01:49Z,walk,2024-09-14T20:05:27Z,-8.0500977,-34.94988362,1.4600000381469727,125.0,63.0
2024-09-14T20:01:49Z,walk,2024-09-14T20:05:28Z,-8.0500837,-34.94988329,1.4700000286102295,125.0,63.0
2024-09-14T20:01:49Z,walk,2024-09-14T20:05:29Z,-8.05007071,-34.94988362,1.4700000286102295,123.0,63.0
2024-09-14T20:01:49Z,walk,2024-09-14T20:05:30Z,-8.05005805,-34.94988262,1.4700000286102295,122.0,63.0
2024-09-14T20:01:49Z,walk,2024-09-14T20:05:31Z,-8.05004672,-34.94988163,1.4700000286102295,120.0,63.0
2024-09-14T20:01:49Z,walk,2024-09-14T20:05:32Z,-8.05003572,-34.9498803,1.4700000286102295,120.0,63.0
2024-09-14T20:01:49Z,walk,2024-09-14T20:05:33Z,-8.05002472,-34.94987931,1.4700000286102295,120.0,63.0
2024-09-14T20:01:49Z,walk,2024-09-14T20:05:34Z,-8.05001273,-34.94987865,1.4700000286102295,120.0,63.0
2024-09-14T20:01:49Z,walk,2024-09-14T20:05:35Z,-8.05000041,-34.94987765,1.4700000286102295,120.0,62.0
2024-09-14T20:01:49Z,walk,2024-09-14T20:05:36Z,-8.04998674,-34.94987666,1.4700000286102295,119.0,61.0
2024-09-14T20:01:49Z,walk,2024-09-14T20:05:37Z,-8.04997141,-34.94987367,1.4700000286102295,119.0,61.0
2024-09-14T20:01:49Z,walk,2024-09-14T20:05:38Z,-8.04995642,-34.94986834,1.4700000286102295,119.0,61.0
2024-09-14T20:01:49Z,walk,2024-09-14T20:05:39Z,-8.0499401,-34.94986202,1.4700000286102295,119.0,61.0
2024-09-14T20:01:49Z,walk,2024-09-14T20:05:40Z,-8.04992543,-34.94985935,1.4700000286102295,120.0,61.0
2024-09-14T20:01:49Z,walk,2024-09-14T20:05:41Z,-8.0499111,-34.94985935,1.4700000286102295,120.0,61.0
2024-09-14T20:01:49Z,walk,2024-09-14T20:05:42Z,-8.04989511,-34.94986001,1.4700000286102295,121.0,62.0
2024-09-14T20:01:49Z,walk,2024-09-14T20:05:43Z,-8.04987877,-34.94986134,1.4800000190734863,121.0,62.0
2024-09-14T20:01:49Z,walk,2024-09-14T20:05:44Z,-8.04986378,-34.94986266,1.4800000190734863,121.0,62.0
2024-09-14T20:01:49Z,walk,2024-09-14T20:05:45Z,-8.04984978,-34.94986365,1.4900000095367432,120.0,62.0
2024-09-14T20:01:49Z,walk,2024-09-14T20:05:46Z,-8.04983578,-34.94986233,1.4900000095367432,120.0,62.0
2024-09-14T20:01:49Z,walk,2024-09-14T20:05:47Z,-8.04982445,-34.94986167,1.5,119.0,63.0
2024-09-14T20:01:49Z,walk,2024-09-14T20:05:48Z,-8.04981646,-34.94986266,1.5,119.0,63.0
2024-09-14T20:01:49Z,walk,2024-09-14T20:05:49Z,-8.04981014,-34.94986466,1.5099999904632568,119.0,62.0
2024-09-14T20:01:49Z,walk,2024-09-14T20:05:50Z,-8.04980314,-34.94986733,1.5099999904632568,119.0,63.0
2024-09-14T20:01:49Z,walk,2024-09-14T20:05:51Z,-8.04979448,-34.94987065,1.5099999904632568,119.0,63.0
2024-09-14T20:01:49Z,walk,2024-09-14T20:05:52Z,-8.04978449,-34.94987498,1.5099999904632568,119.0,62.0
2024-09-14T20:01:49Z,walk,2024-09-14T20:05:53Z,-8.04977316,-34.94987898,1.5099999904632568,119.0,61.0
2024-09-14T20:01:49Z,walk,2024-09-14T20:05:54Z,-8.0497615,-34.94988297,1.5,118.0,61.0
2024-09-14T20:01:49Z,walk,2024-09-14T20:05:55Z,-8.0497485,-34.94988497,1.4900000095367432,119.0,61.0
2024-09-14T20:01:49Z,walk,2024-09-14T20:05:56Z,-8.04973551,-34.94988529,1.4800000190734863,119.0,61.0
2024-09-14T20:01:49Z,walk,2024-09-14T20:05:57Z,-8.04972185,-34.94988262,1.4800000190734863,119.0,61.0
2024-09-14T20:01:49Z,walk,2024-09-14T20:05:58Z,-8.04970819,-34.9498783,1.4700000286102295,119.0,61.0
2024-09-14T20:01:49Z,walk,2024-09-14T20:05:59Z,-8.04969419,-34.94987263,1.4700000286102295,119.0,61.0
2024-09-14T20:01:49Z,walk,2024-09-14T20:06:00Z,-8.04968186,-34.94986597,1.4600000381469727,119.0,61.0
2024-09-14T20:01:49Z,walk,2024-09-14T20:06:01Z,-8.04966886,-34.94985931,1.4600000381469727,118.0,62.0
2024-09-14T20:01:49Z,walk,2024-09-14T20:06:02Z,-8.04965621,-34.94985398,1.4600000381469727,118.0,62.0
2024-09-14T20:01:49Z,walk,2024-09-14T20:06:03Z,-8.04964188,-34.94984898,1.4600000381469727,118.0,61.0
2024-09-14T20:01:49Z,walk,2024-09-14T20:06:04Z,-8.04962755,-34.94984465,1.4600000381469727,119.0,61.0
2024-09-14T20:01:49Z,walk,2024-09-14T20:06:04Z,-8.04961323,-34.94984132,1.4600000381469727,120.0,62.0
2024-09-14T20:01:49Z,walk,2024-09-14T20:06:05Z,-8.04959923,-34.94983933,1.4600000381469727,120.0,63.0
2024-09-14T20:01:49Z,walk,2024-09-14T20:06:06Z,-8.04958424,-34.94983766,1.4600000381469727,120.0,62.0
2024-09-14T20:01:49Z,walk,2024-09-14T20:06:07Z,-8.0495689,-34.94983601,1.4600000381469727,120.0,62.0
2024-09-14T20:01:49Z,walk,2024-09-14T20:06:08Z,-8.0495529,-34.94983334,1.4600000381469727,120.0,63.0
2024-09-14T20:01:49Z,walk,2024-09-14T20:06:09Z,-8.04953691,-34.94982867,1.4700000286102295,120.0,63.0
2024-09-14T20:01:49Z,walk,2024-09-14T20:06:10Z,-8.04952058,-34.94982401,1.4700000286102295,119.0,63.0
2024-09-14T20:01:49Z,walk,2024-09-14T20:06:11Z,-8.04950692,-34.94981901,1.4700000286102295,119.0,63.0
2024-09-14T20:01:49Z,walk,2024-09-14T20:06:12Z,-8.0494956,-34.94981468,1.4700000286102295,119.0,63.0
2024-09-14T20:01:49Z,walk,2024-09-14T20:06:13Z,-8.04948494,-34.94981169,1.4800000190734863,120.0,63.0
2024-09-14T20:01:49Z,walk,2024-09-14T20:06:14Z,-8.04947428,-34.94981003,1.4800000190734863,120.0,63.0
2024-09-14T20:01:49Z,walk,2024-09-14T20:06:15Z,-8.04946362,-34.94980804,1.4900000095367432,120.0,61.0
2024-09-14T20:01:49Z,walk,2024-09-14T20:06:16Z,-8.0494533,-34.94980637,1.4900000095367432,120.0,61.0
2024-09-14T20:01:49Z,walk,2024-09-14T20:06:17Z,-8.04944196,-34.94980437,1.4900000095367432,120.0,61.0
2024-09-14T20:01:49Z,walk,2024-09-14T20:06:18Z,-8.0494313,-34.94980338,1.4900000095367432,120.0,61.0
2024-09-14T20:01:49Z,walk,2024-09-14T20:06:19Z,-8.04941996,-34.94980239,1.4900000095367432,121.0,62.0
2024-09-14T20:01:49Z,walk,2024-09-14T20:06:20Z,-8.04940797,-34.94980072,1.4900000095367432,121.0,62.0
2024-09-14T20:01:49Z,walk,2024-09-14T20:06:21Z,-8.04939532,-34.9497994,1.4900000095367432,120.0,63.0
2024-09-14T20:01:49Z,walk,2024-09-14T20:06:22Z,-8.04938333,-34.94979773,1.4900000095367432,120.0,62.0
2024-09-14T20:01:49Z,walk,2024-09-14T20:06:23Z,-8.04937267,-34.9497964,1.4800000190734863,121.0,62.0
2024-09-14T20:01:49Z,walk,2024-09-14T20:06:24Z,-8.04936201,-34.94979673,1.4700000286102295,121.0,62.0
2024-09-14T20:01:49Z,walk,2024-09-14T20:06:25Z,-8.04935269,-34.94979872,1.4700000286102295,121.0,61.0
2024-09-14T20:01:49Z,walk,2024-09-14T20:06:26Z,-8.04934502,-34.94980106,1.4700000286102295,121.0,61.0
2024-09-14T20:01:49Z,walk,2024-09-14T20:06:27Z,-8.0493387,-34.94980438,1.4600000381469727,122.0,62.0
2024-09-14T20:01:49Z,walk,2024-09-14T20:06:28Z,-8.0493327,-34.94980871,1.4500000476837158,123.0,63.0
2024-09-14T20:01:49Z,walk,2024-09-14T20:06:29Z,-8.04932703,-34.94981371,1.4500000476837158,124.0,62.0
2024-09-14T20:01:49Z,walk,2024-09-14T20:06:30Z,-8.04932204,-34.94982171,1.440000057220459,124.0,62.0
2024-09-14T20:01:49Z,walk,2024-09-14T20:06:31Z,-8.04931772,-34.9498307,1.4299999475479126,124.0,62.0
2024-09-14T20:01:49Z,walk,2024-09-14T20:06:32Z,-8.04931505,-34.94984036,1.4299999475479126,124.0,62.0
2024-09-14T20:01:49Z,walk,2024-09-14T20:06:33Z,-8.04931406,-34.94985202,1.4199999570846558,123.0,62.0
2024-09-14T20:01:49Z,walk,2024-09-14T20:06:34Z,-8.04931439,-34.94986435,1.4199999570846558,122.0,62.0
2024-09-14T20:01:49Z,walk,2024-09-14T20:06:35Z,-8.04931605,-34.94987667,1.409999966621399,122.0,63.0
2024-09-14T20:01:49Z,walk,2024-09-14T20:06:36Z,-8.04931704,-34.94988967,1.399999976158142,123.0,62.0
2024-09-14T20:01:49Z,walk,2024-09-14T20:06:37Z,-8.04931538,-34.949902,1.399999976158142,124.0,62.0
2024-09-14T20:01:49Z,walk,2024-09-14T20:06:38Z,-8.04931272,-34.94991432,1.399999976158142,124.0,62.0
2024-09-14T20:01:49Z,walk,2024-09-14T20:06:39Z,-8.04930872,-34.94992499,1.399999976158142,123.0,63.0
2024-09-14T20:01:49Z,walk,2024-09-14T20:06:40Z,-8.0493044,-34.94993565,1.399999976158142,122.0,63.0
2024-09-14T20:01:49Z,walk,2024-09-14T20:06:41Z,-8.04929973,-34.94994599,1.399999976158142,121.0,63.0
2024-09-14T20:01:49Z,walk,2024-09-14T20:06:42Z,-8.04929307,-34.94995531,1.3799999952316284,121.0,63.0
2024-09-14T20:01:49Z,walk,2024-09-14T20:06:43Z,-8.04928342,-34.94996197,1.3600000143051147,121.0,63.0
2024-09-14T20:01:49Z,walk,2024-09-14T20:06:44Z,-8.04927208,-34.94996762,1.3600000143051147,121.0,63.0
2024-09-14T20:01:49Z,walk,2024-09-14T20:06:45Z,-8.04925975,-34.94997262,1.340000033378601,119.0,63.0
2024-09-14T20:01:49Z,walk,2024-09-14T20:06:46Z,-8.04924676,-34.94997561,1.350000023841858,117.0,63.0
2024-09-14T20:01:49Z,walk,2024-09-14T20:06:47Z,-8.04923276,-34.94997695,1.350000023841858,115.0,63.0
2024-09-14T20:01:49Z,walk,2024-09-14T20:06:48Z,-8.04922043,-34.94997695,1.3700000047683716,114.0,63.0
2024-09-14T20:01:49Z,walk,2024-09-14T20:06:49Z,-8.0492091,-34.94997595,1.3799999952316284,114.0,63.0
2024-09-14T20:01:49Z,walk,2024-09-14T20:06:50Z,-8.0491981,-34.94997328,1.3799999952316284,114.0,63.0
2024-09-14T20:01:49Z,walk,2024-09-14T20:06:51Z,-8.04918678,-34.94996929,1.3799999952316284,117.0,64.0
2024-09-14T20:01:49Z,walk,2024-09-14T20:06:52Z,-8.04917678,-34.94996362,1.3799999952316284,117.0,64.0
2024-09-14T20:01:49Z,walk,2024-09-14T20:06:53Z,-8.04916746,-34.94995797,1.3700000047683716,118.0,65.0
2024-09-14T20:01:49Z,walk,2024-09-14T20:06:54Z,-8.04915812,-34.94994963,1.3200000524520874,119.0,64.0
2024-09-14T20:01:49Z,walk,2024-09-14T20:06:55Z,-8.04914579,-34.94993897,1.2899999618530273,120.0,63.0
2024-09-14T20:01:49Z,walk,2024-09-14T20:06:56Z,-8.04913046,-34.94992864,1.2899999618530273,120.0,63.0
2024-09-14T20:01:49Z,walk,2024-09-14T20:06:57Z,-8.0491148,-34.94991898,1.2899999618530273,123.0,63.0
2024-09-14T20:01:49Z,walk,2024-09-14T20:06:58Z,-8.04909848,-34.94991131,1.2899999618530273,124.0,63.0
2024-09-14T20:01:49Z,walk,2024-09-14T20:06:59Z,-8.04908415,-34.94990564,1.3600000143051147,125.0,63.0
2024-09-14T20:01:49Z,walk,2024-09-14T20:07:00Z,-8.04906982,-34.94990031,1.4900000095367432,125.0,63.0
2024-09-14T20:01:49Z,walk,2024-09-14T20:07:01Z,-8.04905582,-34.94989599,1.5800000429153442,125.0,62.0
2024-09-14T20:01:49Z,walk,2024-09-14T20:07:02Z,-8.04904283,-34.94989332,1.5800000429153442,125.0,62.0
2024-09-14T20:01:49Z,walk,2024-09-14T20:07:03Z,-8.04902883,-34.94988966,1.6200000047683716,125.0,62.0
2024-09-14T20:01:49Z,walk,2024-09-14T20:07:04Z,-8.04901684,-34.94988566,1.6200000047683716,125.0,64.0
2024-09-14T20:01:49Z,walk,2024-09-14T20:07:05Z,-8.04900552,-34.94988134,1.5800000429153442,125.0,63.0
2024-09-14T20:01:49Z,walk,2024-09-14T20:07:06Z,-8.04899418,-34.94987701,1.4900000095367432,125.0,63.0
2024-09-14T20:01:49Z,walk,2024-09-14T20:07:07Z,-8.04898219,-34.94987335,1.3899999856948853,125.0,64.0
2024-09-14T20:01:49Z,walk,2024-09-14T20:07:08Z,-8.04896954,-34.94987068,1.3899999856948853,125.0,64.0
2024-09-14T20:01:49Z,walk,2024-09-14T20:07:09Z,-8.04895687,-34.94986703,1.3200000524520874,125.0,64.0
2024-09-14T20:01:49Z,walk,2024-09-14T20:07:10Z,-8.0489422,-34.94986103,1.2999999523162842,125.0,62.0
2024-09-14T20:01:49Z,walk,2024-09-14T20:07:11Z,-8.04892755,-34.94985404,1.309999942779541,125.0,62.0
2024-09-14T20:01:49Z,walk,2024-09-14T20:07:12Z,-8.04891389,-34.94984637,1.309999942779541,124.0,63.0
2024-09-14T20:01:49Z,walk,2024-09-14T20:07:13Z,-8.0489019,-34.94983971,1.3700000047683716,124.0,64.0
2024-09-14T20:01:49Z,walk,2024-09-14T20:07:14Z,-8.04889124,-34.94983406,1.3700000047683716,124.0,64.0
2024-09-14T20:01:49Z,walk,2024-09-14T20:07:15Z,-8.04888124,-34.94982972,1.440000057220459,123.0,64.0
2024-09-14T20:01:49Z,walk,2024-09-14T20:07:16Z,-8.04887159,-34.9498264,1.440000057220459,122.0,63.0
2024-09-14T20:01:49Z,walk,2024-09-14T20:07:17Z,-8.04886093,-34.94982241,1.440000057220459,120.0,63.0
2024-09-14T20:01:49Z,walk,2024-09-14T20:07:18Z,-8.04884961,-34.94981908,1.4199999570846558,120.0,64.0
2024-09-14T20:01:49Z,walk,2024-09-14T20:07:19Z,-8.04883528,-34.94981309,1.340000033378601,120.0,64.0
2024-09-14T20:01:49Z,walk,2024-09-14T20:07:20Z,-8.04881728,-34.9498041,1.340000033378601,120.0,64.0
2024-09-14T20:01:49Z,walk,2024-09-14T20:07:21Z,-8.04879763,-34.94979343,1.2699999809265137,120.0,63.0
2024-09-14T20:01:49Z,walk,2024-09-14T20:07:22Z,-8.04877964,-34.94978177,1.2699999809265137,119.0,63.0
2024-09-14T20:01:49Z,walk,2024-09-14T20:07:23Z,-8.04876364,-34.94977145,1.2799999713897705,118.0,64.0
2024-09-14T20:01:49Z,walk,2024-09-14T20:07:24Z,-8.04874964,-34.94976312,1.2999999523162842,118.0,64.0
2024-09-14T20:01:49Z,walk,2024-09-14T20:07:25Z,-8.04873697,-34.94975645,1.3200000524520874,118.0,64.0
2024-09-14T20:01:49Z,walk,2024-09-14T20:07:26Z,-8.04872498,-34.94975013,1.3200000524520874,118.0,64.0
2024-09-14T20:01:49Z,walk,2024-09-14T20:07:27Z,-8.04871166,-34.94974347,1.340000033378601,116.0,64.0
2024-09-14T20:01:49Z,walk,2024-09-14T20:07:28Z,-8.04869499,-34.94973481,1.3600000143051147,115.0,64.0
2024-09-14T20:01:49Z,walk,2024-09-14T20:07:29Z,-8.04867833,-34.94972715,1.3700000047683716,115.0,64.0
2024-09-14T20:01:49Z,walk,2024-09-14T20:07:30Z,-8.04866233,-34.94971915,1.3899999856948853,115.0,64.0
2024-09-14T20:01:49Z,walk,2024-09-14T20:07:31Z,-8.04864867,-34.94971049,1.409999966621399,115.0,64.0
2024-09-14T20:01:49Z,walk,2024-09-14T20:07:32Z,-8.04863634,-34.94970183,1.4199999570846558,114.0,64.0
2024-09-14T20:01:49Z,walk,2024-09-14T20:07:33Z,-8.04862535,-34.9496945,1.4199999570846558,114.0,64.0
2024-09-14T20:01:49Z,walk,2024-09-14T20:07:34Z,-8.04861502,-34.94968617,1.4299999475479126,116.0,64.0
2024-09-14T20:01:49Z,walk,2024-09-14T20:07:35Z,-8.04860502,-34.94967618,1.440000057220459,117.0,65.0
2024-09-14T20:01:49Z,walk,2024-09-14T20:07:36Z,-8.04859603,-34.94966584,1.440000057220459,118.0,64.0
2024-09-14T20:01:49Z,walk,2024-09-14T20:07:37Z,-8.0485867,-34.94965452,1.4500000476837158,118.0,64.0
2024-09-14T20:01:49Z,walk,2024-09-14T20:07:38Z,-8.0485777,-34.94964186,1.4500000476837158,118.0,64.0
2024-09-14T20:01:49Z,walk,2024-09-14T20:07:39Z,-8.04856871,-34.94962886,1.4500000476837158,118.0,64.0
2024-09-14T20:01:49Z,walk,2024-09-14T20:07:40Z,-8.04855971,-34.94961553,1.4500000476837158,118.0,64.0
2024-09-14T20:01:49Z,walk,2024-09-14T20:07:41Z,-8.04855204,-34.94960421,1.4500000476837158,118.0,64.0
2024-09-14T20:01:49Z,walk,2024-09-14T20:07:42Z,-8.04854504,-34.94959455,1.4500000476837158,118.0,64.0
2024-09-14T20:01:49Z,walk,2024-09-14T20:07:43Z,-8.04853872,-34.94958555,1.4500000476837158,118.0,64.0
2024-09-14T20:01:49Z,walk,2024-09-14T20:07:44Z,-8.04853172,-34.94957756,1.4500000476837158,119.0,32.0
2024-09-14T20:01:49Z,walk,2024-09-14T20:07:45Z,-8.04852373,-34.94956823,1.4500000476837158,119.0,32.0
2024-09-14T20:01:49Z,walk,2024-09-14T20:07:46Z,-8.04851539,-34.94955723,1.4500000476837158,119.0,33.0
2024-09-14T20:01:49Z,walk,2024-09-14T20:07:47Z,-8.04850607,-34.94954657,1.440000057220459,119.0,32.0
2024-09-14T20:01:49Z,walk,2024-09-14T20:07:48Z,-8.04849774,-34.9495359,1.440000057220459,119.0,33.0
2024-09-14T20:01:49Z,walk,2024-09-14T20:07:49Z,-8.04849007,-34.94952557,1.440000057220459,118.0,33.0
2024-09-14T20:01:49Z,walk,2024-09-14T20:07:50Z,-8.04848208,-34.94951524,1.440000057220459,118.0,33.0
2024-09-14T20:01:49Z,walk,2024-09-14T20:07:51Z,-8.04847508,-34.94950525,1.440000057220459,118.0,33.0
2024-09-14T20:01:49Z,walk,2024-09-14T20:07:52Z,-8.04846775,-34.94949626,1.4299999475479126,118.0,32.0
2024-09-14T20:01:49Z,walk,2024-09-14T20:07:53Z,-8.04845942,-34.94948892,1.4299999475479126,118.0,32.0
2024-09-14T20:01:49Z,walk,2024-09-14T20:07:54Z,-8.04845176,-34.9494826,1.4299999475479126,117.0,32.0
2024-09-14T20:01:49Z,walk,2024-09-14T20:07:55Z,-8.04844277,-34.9494746,1.4299999475479126,116.0,32.0
2024-09-14T20:01:49Z,walk,2024-09-14T20:07:56Z,-8.04843243,-34.94946561,1.4199999570846558,115.0,32.0
2024-09-14T20:01:49Z,walk,2024-09-14T20:07:57Z,-8.04842044,-34.94945662,1.4199999570846558,115.0,32.0
2024-09-14T20:01:49Z,walk,2024-09-14T20:07:58Z,-8.04840845,-34.94944762,1.4199999570846558,114.0,32.0
2024-09-14T20:01:49Z,walk,2024-09-14T20:07:59Z,-8.04839745,-34.94943963,1.4199999570846558,114.0,32.0
2024-09-14T20:01:49Z,walk,2024-09-14T20:08:00Z,-8.04838813,-34.94943363,1.409999966621399,114.0,32.0
2024-09-14T20:01:49Z,walk,2024-09-14T20:08:01Z,-8.04837481,-34.94942997,1.409999966621399,114.0,32.0
2024-09-14T20:01:49Z,walk,2024-09-14T20:08:02Z,-8.04835947,-34.94942932,1.399999976158142,116.0,32.0
2024-09-14T20:01:49Z,walk,2024-09-14T20:08:03Z,-8.04834448,-34.94943098,1.399999976158142,116.0,32.0
2024-09-14T20:01:49Z,walk,2024-09-14T20:08:04Z,-8.04833249,-34.94943364,1.399999976158142,116.0,32.0
2024-09-14T20:01:49Z,walk,2024-09-14T20:08:05Z,-8.04832216,-34.94943931,1.399999976158142,116.0,32.0
2024-09-14T20:01:49Z,walk,2024-09-14T20:08:06Z,-8.04831484,-34.94944564,1.3899999856948853,117.0,32.0
2024-09-14T20:01:49Z,walk,2024-09-14T20:08:07Z,-8.0483085,-34.9494533,1.3899999856948853,118.0,32.0
2024-09-14T20:01:49Z,walk,2024-09-14T20:08:08Z,-8.04830551,-34.9494613,1.3799999952316284,118.0,32.0
2024-09-14T20:01:49Z,walk,2024-09-14T20:08:09Z,-8.04830351,-34.94946963,1.3799999952316284,118.0,32.0
2024-09-14T20:01:49Z,walk,2024-09-14T20:08:10Z,-8.04830151,-34.94947829,1.3799999952316284,118.0,32.0
2024-09-14T20:01:49Z,walk,2024-09-14T20:08:11Z,-8.04830019,-34.94948895,1.3700000047683716,119.0,32.0
2024-09-14T20:01:49Z,walk,2024-09-14T20:08:12Z,-8.04830286,-34.94950061,1.3600000143051147,119.0,32.0
2024-09-14T20:01:49Z,walk,2024-09-14T20:08:13Z,-8.04830752,-34.94951294,1.3600000143051147,119.0,32.0
2024-09-14T20:01:49Z,walk,2024-09-14T20:08:14Z,-8.04831251,-34.94952527,1.350000023841858,119.0,32.0
2024-09-14T20:01:49Z,walk,2024-09-14T20:08:15Z,-8.04831484,-34.94953692,1.350000023841858,119.0,32.0
2024-09-14T20:01:49Z,walk,2024-09-14T20:08:16Z,-8.0483145,-34.94954892,1.340000033378601,119.0,32.0
2024-09-14T20:01:49Z,walk,2024-09-14T20:08:17Z,-8.0483145,-34.94956091,1.340000033378601,119.0,32.0
2024-09-14T20:01:49Z,walk,2024-09-14T20:08:18Z,-8.0483145,-34.9495729,1.340000033378601,119.0,32.0
2024-09-14T20:01:49Z,walk,2024-09-14T20:08:19Z,-8.04831484,-34.94958489,1.340000033378601,119.0,32.0
2024-09-14T20:01:49Z,walk,2024-09-14T20:08:20Z,-8.04831583,-34.94959723,1.340000033378601,120.0,32.0
2024-09-14T20:01:49Z,walk,2024-09-14T20:08:21Z,-8.04831648,-34.94960955,1.340000033378601,120.0,32.0
2024-09-14T20:01:49Z,walk,2024-09-14T20:08:22Z,-8.04831748,-34.94962154,1.3300000429153442,120.0,32.0
2024-09-14T20:01:49Z,walk,2024-09-14T20:08:23Z,-8.04831815,-34.9496332,1.3300000429153442,120.0,32.0
2024-09-14T20:01:49Z,walk,2024-09-14T20:08:24Z,-8.04831782,-34.9496442,1.3300000429153442,121.0,32.0
2024-09-14T20:01:49Z,walk,2024-09-14T20:08:25Z,-8.04831515,-34.9496522,1.3300000429153442,122.0,32.0
2024-09-14T20:01:49Z,walk,2024-09-14T20:08:26Z,-8.04831216,-34.94966053,1.3300000429153442,123.0,65.0
2024-09-14T20:01:49Z,walk,2024-09-14T20:08:27Z,-8.0483105,-34.94967053,1.3300000429153442,123.0,65.0
2024-09-14T20:01:49Z,walk,2024-09-14T20:08:28Z,-8.04831083,-34.94968219,1.3300000429153442,124.0,64.0
2024-09-14T20:01:49Z,walk,2024-09-14T20:08:29Z,-8.04831182,-34.94969484,1.3300000429153442,125.0,64.0
2024-09-14T20:01:49Z,walk,2024-09-14T20:08:30Z,-8.04831314,-34.94970884,1.3300000429153442,126.0,64.0
2024-09-14T20:01:49Z,walk,2024-09-14T20:08:31Z,-8.04831347,-34.94972284,1.3300000429153442,127.0,64.0
2024-09-14T20:01:49Z,walk,2024-09-14T20:08:32Z,-8.04831314,-34.94973684,1.3300000429153442,128.0,64.0
2024-09-14T20:01:49Z,walk,2024-09-14T20:08:33Z,-8.04831481,-34.94975084,1.3300000429153442,128.0,64.0
2024-09-14T20:01:49Z,walk,2024-09-14T20:08:34Z,-8.0483188,-34.94976451,1.3300000429153442,129.0,64.0
2024-09-14T20:01:49Z,walk,2024-09-14T20:08:35Z,-8.0483218,-34.9497765,1.340000033378601,129.0,64.0
2024-09-14T20:01:49Z,walk,2024-09-14T20:08:36Z,-8.04832245,-34.9497885,1.340000033378601,124.0,64.0
2024-09-14T20:01:49Z,walk,2024-09-14T20:08:37Z,-8.04832378,-34.94980082,1.350000023841858,127.0,62.0
2024-09-14T20:01:49Z,walk,2024-09-14T20:08:38Z,-8.04832544,-34.94981349,1.350000023841858,125.0,62.0
2024-09-14T20:01:49Z,walk,2024-09-14T20:08:39Z,-8.04832777,-34.94982615,1.350000023841858,125.0,62.0
2024-09-14T20:01:49Z,walk,2024-09-14T20:08:40Z,-8.04832877,-34.94983915,1.3600000143051147,127.0,62.0
2024-09-14T20:01:49Z,walk,2024-09-14T20:08:41Z,-8.04832777,-34.9498518,1.3600000143051147,127.0,64.0
2024-09-14T20:01:49Z,walk,2024-09-14T20:08:42Z,-8.04832577,-34.94986413,1.3600000143051147,127.0,64.0
2024-09-14T20:01:49Z,walk,2024-09-14T20:08:43Z,-8.04832178,-34.94987613,1.3600000143051147,127.0,60.0
2024-09-14T20:01:49Z,walk,2024-09-14T20:08:44Z,-8.04831678,-34.94988878,1.3600000143051147,127.0,61.0
2024-09-14T20:01:49Z,walk,2024-09-14T20:08:45Z,-8.04831112,-34.94990044,1.3600000143051147,127.0,61.0
2024-09-14T20:01:49Z,walk,2024-09-14T20:08:46Z,-8.04830612,-34.94991144,1.3600000143051147,127.0,61.0
2024-09-14T20:01:49Z,walk,2024-09-14T20:08:47Z,-8.04830113,-34.94992177,1.3600000143051147,128.0,61.0
2024-09-14T20:01:49Z,walk,2024-09-14T20:08:48Z,-8.04829447,-34.94993011,1.3600000143051147,129.0,61.0
2024-09-14T20:01:49Z,walk,2024-09-14T20:08:49Z,-8.04828581,-34.94993744,1.350000023841858,129.0,61.0
2024-09-14T20:01:49Z,walk,2024-09-14T20:08:50Z,-8.04827315,-34.94994476,1.350000023841858,128.0,65.0
2024-09-14T20:01:49Z,walk,2024-09-14T20:08:51Z,-8.04825615,-34.9499521,1.350000023841858,127.0,66.0
2024-09-14T20:01:49Z,walk,2024-09-14T20:08:52Z,-8.04823916,-34.9499601,1.350000023841858,127.0,66.0
2024-09-14T20:01:49Z,walk,2024-09-14T20:08:53Z,-8.0482255,-34.94996942,1.350000023841858,127.0,65.0
2024-09-14T20:01:49Z,walk,2024-09-14T20:08:54Z,-8.04821418,-34.94998108,1.350000023841858,127.0,63.0
2024-09-14T20:01:49Z,walk,2024-09-14T20:08:55Z,-8.04820651,-34.9499934,1.340000033378601,128.0,62.0
2024-09-14T20:01:49Z,walk,2024-09-14T20:08:56Z,-8.04820386,-34.9500074,1.340000033378601,127.0,62.0
2024-09-14T20:01:49Z,walk,2024-09-14T20:08:57Z,-8.04820353,-34.95002173,1.340000033378601,126.0,62.0
2024-09-14T20:01:49Z,walk,2024-09-14T20:08:58Z,-8.04820353,-34.95003506,1.340000033378601,126.0,62.0
2024-09-14T20:01:49Z,walk,2024-09-14T20:08:59Z,-8.04820553,-34.95004739,1.340000033378601,126.0,62.0
2024-09-14T20:01:49Z,walk,2024-09-14T20:09:00Z,-8.04820786,-34.95006005,1.340000033378601,126.0,62.0
2024-09-14T20:01:49Z,walk,2024-09-14T20:09:01Z,-8.04820851,-34.95007338,1.340000033378601,126.0,62.0
2024-09-14T20:01:49Z,walk,2024-09-14T20:09:02Z,-8.04820552,-34.95008671,1.340000033378601,126.0,62.0
2024-09-14T20:01:49Z,walk,2024-09-14T20:09:03Z,-8.04819786,-34.9500997,1.340000033378601,126.0,62.0
2024-09-14T20:01:49Z,walk,2024-09-14T20:09:04Z,-8.0481882,-34.95011136,1.340000033378601,125.0,62.0
2024-09-14T20:01:49Z,walk,2024-09-14T20:09:05Z,-8.04817853,-34.95012436,1.340000033378601,125.0,62.0
2024-09-14T20:01:49Z,walk,2024-09-14T20:09:06Z,-8.04817121,-34.95013803,1.340000033378601,124.0,62.0
2024-09-14T20:01:49Z,walk,2024-09-14T20:09:07Z,-8.04816554,-34.95015136,1.340000033378601,124.0,62.0
2024-09-14T20:01:49Z,walk,2024-09-14T20:09:08Z,-8.04816188,-34.95016502,1.350000023841858,124.0,62.0
2024-09-14T20:01:49Z,walk,2024-09-14T20:09:09Z,-8.04815988,-34.95017735,1.350000023841858,124.0,62.0
2024-09-14T20:01:49Z,walk,2024-09-14T20:09:10Z,-8.04815889,-34.95018867,1.350000023841858,124.0,62.0
2024-09-14T20:01:49Z,walk,2024-09-14T20:09:11Z,-8.04815789,-34.95020001,1.350000023841858,124.0,62.0
2024-09-14T20:01:49Z,walk,2024-09-14T20:09:12Z,-8.04815789,-34.95021101,1.3600000143051147,123.0,62.0
2024-09-14T20:01:49Z,walk,2024-09-14T20:09:13Z,-8.04815955,-34.950224,1.3600000143051147,123.0,62.0
2024-09-14T20:01:49Z,walk,2024-09-14T20:09:14Z,-8.04816155,-34.95023766,1.3600000143051147,123.0,62.0
2024-09-14T20:01:49Z,walk,2024-09-14T20:09:15Z,-8.04816254,-34.95025133,1.3600000143051147,123.0,62.0
2024-09-14T20:01:49Z,walk,2024-09-14T20:09:16Z,-8.04816254,-34.95026433,1.3600000143051147,123.0,62.0
2024-09-14T20:01:49Z,walk,2024-09-14T20:09:17Z,-8.04816254,-34.950278,1.3600000143051147,123.0,63.0
2024-09-14T20:01:49Z,walk,2024-09-14T20:09:18Z,-8.04816321,-34.95029099,1.3600000143051147,123.0,63.0
2024-09-14T20:01:49Z,walk,2024-09-14T20:09:19Z,-8.04816521,-34.95030332,1.3600000143051147,124.0,64.0
2024-09-14T20:01:49Z,walk,2024-09-14T20:09:20Z,-8.04816754,-34.95031631,1.3600000143051147,124.0,64.0
2024-09-14T20:01:49Z,walk,2024-09-14T20:09:21Z,-8.04816987,-34.95032864,1.3700000047683716,123.0,64.0
2024-09-14T20:01:49Z,walk,2024-09-14T20:09:22Z,-8.04817286,-34.9503403,1.3700000047683716,123.0,64.0
2024-09-14T20:01:49Z,walk,2024-09-14T20:09:23Z,-8.04817619,-34.95035196,1.3700000047683716,122.0,64.0
2024-09-14T20:01:49Z,walk,2024-09-14T20:09:24Z,-8.04817819,-34.95036361,1.3700000047683716,122.0,63.0
2024-09-14T20:01:49Z,walk,2024-09-14T20:09:25Z,-8.04817918,-34.95037527,1.3700000047683716,122.0,63.0
2024-09-14T20:01:49Z,walk,2024-09-14T20:09:26Z,-8.04818084,-34.95038794,1.3700000047683716,122.0,64.0
2024-09-14T20:01:49Z,walk,2024-09-14T20:09:27Z,-8.04818051,-34.95040259,1.3700000047683716,124.0,64.0
2024-09-14T20:01:49Z,walk,2024-09-14T20:09:28Z,-8.04817718,-34.95041825,1.3700000047683716,124.0,64.0
2024-09-14T20:01:49Z,walk,2024-09-14T20:09:29Z,-8.04817318,-34.95043458,1.3700000047683716,124.0,64.0
2024-09-14T20:01:49Z,walk,2024-09-14T20:09:30Z,-8.04816919,-34.95045125,1.3700000047683716,125.0,64.0
2024-09-14T20:01:49Z,walk,2024-09-14T20:09:31Z,-8.04816652,-34.95046792,1.3700000047683716,125.0,64.0
2024-09-14T20:01:49Z,walk,2024-09-14T20:09:32Z,-8.0481642,-34.95048425,1.3700000047683716,125.0,63.0
2024-09-14T20:01:49Z,walk,2024-09-14T20:09:33Z,-8.04816054,-34.95049891,1.3799999952316284,124.0,63.0
2024-09-14T20:01:49Z,walk,2024-09-14T20:09:34Z,-8.04815521,-34.95051257,1.3799999952316284,124.0,63.0
2024-09-14T20:01:49Z,walk,2024-09-14T20:09:35Z,-8.04814554,-34.95052524,1.3899999856948853,123.0,64.0
2024-09-14T20:01:49Z,walk,2024-09-14T20:09:36Z,-8.04813255,-34.9505379,1.3899999856948853,124.0,64.0
2024-09-14T20:01:49Z,walk,2024-09-14T20:09:37Z,-8.04811689,-34.9505509,1.399999976158142,125.0,64.0
2024-09-14T20:01:49Z,walk,2024-09-14T20:09:38Z,-8.0481019,-34.95056289,1.409999966621399,126.0,63.0
2024-09-14T20:01:49Z,walk,2024-09-14T20:09:39Z,-8.0480879,-34.95057355,1.409999966621399,127.0,63.0
2024-09-14T20:01:49Z,walk,2024-09-14T20:09:40Z,-8.04807156,-34.95058189,1.409999966621399,127.0,63.0
2024-09-14T20:01:49Z,walk,2024-09-14T20:09:41Z,-8.04805391,-34.95059088,1.4199999570846558,127.0,65.0
2024-09-14T20:01:49Z,walk,2024-09-14T20:09:42Z,-8.04803324,-34.95059953,1.4299999475479126,127.0,64.0
2024-09-14T20:01:49Z,walk,2024-09-14T20:09:43Z,-8.04800958,-34.95060852,1.440000057220459,127.0,64.0
2024-09-14T20:01:49Z,walk,2024-09-14T20:09:44Z,-8.04798892,-34.95061652,1.4500000476837158,127.0,64.0
2024-09-14T20:01:49Z,walk,2024-09-14T20:09:45Z,-8.04796893,-34.95062152,1.4600000381469727,126.0,64.0
2024-09-14T20:01:49Z,walk,2024-09-14T20:09:46Z,-8.04795026,-34.95062618,1.4600000381469727,126.0,64.0
2024-09-14T20:01:49Z,walk,2024-09-14T20:09:47Z,-8.04793427,-34.95063051,1.4700000286102295,124.0,62.0
2024-09-14T20:01:49Z,walk,2024-09-14T20:09:48Z,-8.04791894,-34.95063285,1.4900000095367432,125.0,62.0
2024-09-14T20:01:49Z,walk,2024-09-14T20:09:49Z,-8.04790427,-34.95063317,1.5,125.0,61.0
2024-09-14T20:01:49Z,walk,2024-09-14T20:09:50Z,-8.04788894,-34.95063285,1.5099999904632568,126.0,62.0
2024-09-14T20:01:49Z,walk,2024-09-14T20:09:51Z,-8.04787328,-34.95063384,1.5199999809265137,125.0,62.0
2024-09-14T20:01:49Z,walk,2024-09-14T20:09:52Z,-8.04785629,-34.95063384,1.5199999809265137,125.0,62.0
2024-09-14T20:01:49Z,walk,2024-09-14T20:09:53Z,-8.04783696,-34.9506355,1.5199999809265137,123.0,62.0
2024-09-14T20:01:49Z,walk,2024-09-14T20:09:54Z,-8.04781697,-34.95063616,1.5299999713897705,121.0,62.0
2024-09-14T20:01:49Z,walk,2024-09-14T20:09:55Z,-8.0478003,-34.95063584,1.5299999713897705,120.0,62.0
2024-09-14T20:01:49Z,walk,2024-09-14T20:09:56Z,-8.04778431,-34.95063484,1.5299999713897705,120.0,62.0
2024-09-14T20:01:49Z,walk,2024-09-14T20:09:57Z,-8.04777064,-34.95063251,1.5399999618530273,121.0,62.0
2024-09-14T20:01:49Z,walk,2024-09-14T20:09:58Z,-8.04775865,-34.95063018,1.5399999618530273,121.0,62.0
2024-09-14T20:01:49Z,walk,2024-09-14T20:09:59Z,-8.04774633,-34.95062818,1.5399999618530273,121.0,62.0
2024-09-14T20:01:49Z,walk,2024-09-14T20:10:00Z,-8.04773333,-34.95062618,1.5499999523162842,121.0,62.0
2024-09-14T20:01:49Z,walk,2024-09-14T20:10:01Z,-8.04772001,-34.95062486,1.5499999523162842,122.0,62.0
2024-09-14T20:01:49Z,walk,2024-09-14T20:10:02Z,-8.04770667,-34.95062086,1.5499999523162842,123.0,62.0
2024-09-14T20:01:49Z,walk,2024-09-14T20:10:03Z,-8.04769335,-34.95061653,1.5499999523162842,123.0,63.0
2024-09-14T20:01:49Z,walk,2024-09-14T20:10:04Z,-8.04768068,-34.95061288,1.5499999523162842,123.0,63.0
2024-09-14T20:01:49Z,walk,2024-09-14T20:10:05Z,-8.04766869,-34.95061054,1.5499999523162842,123.0,63.0
2024-09-14T20:01:49Z,walk,2024-09-14T20:10:06Z,-8.04765703,-34.95060789,1.5499999523162842,123.0,63.0
2024-09-14T20:01:49Z,walk,2024-09-14T20:10:07Z,-8.04764637,-34.9506049,1.5499999523162842,122.0,62.0
2024-09-14T20:01:49Z,walk,2024-09-14T20:10:08Z,-8.04763438,-34.95060191,1.5499999523162842,122.0,62.0
2024-09-14T20:01:49Z,walk,2024-09-14T20:10:09Z,-8.04762239,-34.95059892,1.5399999618530273,122.0,62.0
2024-09-14T20:01:49Z,walk,2024-09-14T20:10:10Z,-8.04761206,-34.95059725,1.5399999618530273,122.0,62.0
2024-09-14T20:01:49Z,walk,2024-09-14T20:10:11Z,-8.04760407,-34.95059693,1.5399999618530273,121.0,63.0
2024-09-14T20:01:49Z,walk,2024-09-14T20:10:12Z,-8.04759441,-34.9505966,1.5299999713897705,119.0,62.0
2024-09-14T20:01:49Z,walk,2024-09-14T20:10:13Z,-8.04758374,-34.95059693,1.5299999713897705,118.0,62.0
2024-09-14T20:01:49Z,walk,2024-09-14T20:10:14Z,-8.04757042,-34.95059693,1.5199999809265137,118.0,62.0
2024-09-14T20:01:49Z,walk,2024-09-14T20:10:15Z,-8.04755743,-34.95059725,1.5099999904632568,119.0,63.0
2024-09-14T20:01:49Z,walk,2024-09-14T20:10:16Z,-8.0475451,-34.95059559,1.5099999904632568,119.0,63.0
2024-09-14T20:01:49Z,walk,2024-09-14T20:10:17Z,-8.04753444,-34.95059526,1.5099999904632568,119.0,63.0
2024-09-14T20:01:49Z,walk,2024-09-14T20:10:18Z,-8.04752478,-34.95059494,1.5,118.0,62.0
2024-09-14T20:01:49Z,walk,2024-09-14T20:10:19Z,-8.04751212,-34.9505966,1.4900000095367432,118.0,62.0
2024-09-14T20:01:49Z,walk,2024-09-14T20:10:19Z,-8.04749713,-34.95059628,1.4800000190734863,118.0,62.0
2024-09-14T20:01:49Z,walk,2024-09-14T20:10:20Z,-8.04748147,-34.95059395,1.4700000286102295,119.0,64.0
2024-09-14T20:01:49Z,walk,2024-09-14T20:10:21Z,-8.04746515,-34.95058928,1.4700000286102295,120.0,64.0
2024-09-14T20:01:49Z,walk,2024-09-14T20:10:22Z,-8.04745015,-34.95058162,1.4700000286102295,120.0,64.0
2024-09-14T20:01:49Z,walk,2024-09-14T20:10:23Z,-8.04743516,-34.95057196,1.4600000381469727,120.0,63.0
2024-09-14T20:01:49Z,walk,2024-09-14T20:10:24Z,-8.04742083,-34.9505633,1.4600000381469727,120.0,63.0
2024-09-14T20:01:49Z,walk,2024-09-14T20:10:25Z,-8.04740618,-34.9505583,1.4600000381469727,120.0,64.0
2024-09-14T20:01:49Z,walk,2024-09-14T20:10:26Z,-8.04739251,-34.95055464,1.4600000381469727,120.0,64.0
2024-09-14T20:01:49Z,walk,2024-09-14T20:10:27Z,-8.04737785,-34.95055231,1.4700000286102295,120.0,64.0
2024-09-14T20:01:49Z,walk,2024-09-14T20:10:28Z,-8.04736385,-34.95055031,1.4700000286102295,120.0,64.0
2024-09-14T20:01:49Z,walk,2024-09-14T20:10:29Z,-8.04735053,-34.95054932,1.4700000286102295,121.0,64.0
2024-09-14T20:01:49Z,walk,2024-09-14T20:10:30Z,-8.04733653,-34.95054964,1.4700000286102295,122.0,64.0
2024-09-14T20:01:49Z,walk,2024-09-14T20:10:31Z,-8.04732386,-34.95054865,1.4700000286102295,122.0,64.0
2024-09-14T20:01:49Z,walk,2024-09-14T20:10:32Z,-8.04731054,-34.95054865,1.4800000190734863,123.0,64.0
2024-09-14T20:01:49Z,walk,2024-09-14T20:10:33Z,-8.04729555,-34.95054931,1.4800000190734863,122.0,64.0
2024-09-14T20:01:49Z,walk,2024-09-14T20:10:34Z,-8.04728055,-34.95054997,1.4800000190734863,122.0,64.0
2024-09-14T20:01:49Z,walk,2024-09-14T20:10:35Z,-8.04726489,-34.95055063,1.4800000190734863,122.0,64.0
2024-09-14T20:01:49Z,walk,2024-09-14T20:10:36Z,-8.04725024,-34.95055229,1.4800000190734863,123.0,64.0
2024-09-14T20:01:49Z,walk,2024-09-14T20:10:37Z,-8.04723525,-34.95055362,1.4800000190734863,126.0,64.0
2024-09-14T20:01:49Z,walk,2024-09-14T20:10:38Z,-8.04722092,-34.95055362,1.4800000190734863,128.0,63.0
2024-09-14T20:01:49Z,walk,2024-09-14T20:10:39Z,-8.04720726,-34.95055395,1.4800000190734863,129.0,63.0
2024-09-14T20:01:49Z,walk,2024-09-14T20:10:40Z,-8.04719493,-34.95055328,1.4800000190734863,129.0,63.0
2024-09-14T20:01:49Z,walk,2024-09-14T20:10:41Z,-8.04718227,-34.95055129,1.4900000095367432,129.0,63.0
2024-09-14T20:01:49Z,walk,2024-09-14T20:10:42Z,-8.04716894,-34.95055029,1.4900000095367432,129.0,63.0
2024-09-14T20:01:49Z,walk,2024-09-14T20:10:43Z,-8.04715562,-34.95055029,1.4900000095367432,129.0,63.0
2024-09-14T20:01:49Z,walk,2024-09-14T20:10:44Z,-8.04714162,-34.95055096,1.4900000095367432,129.0,64.0
2024-09-14T20:01:49Z,walk,2024-09-14T20:10:45Z,-8.04712695,-34.95055195,1.4900000095367432,129.0,65.0
2024-09-14T20:01:49Z,walk,2024-09-14T20:10:46Z,-8.04711196,-34.95055395,1.4900000095367432,129.0,65.0
2024-09-14T20:01:49Z,walk,2024-09-14T20:10:47Z,-8.04709696,-34.95055494,1.5,128.0,63.0
2024-09-14T20:01:49Z,walk,2024-09-14T20:10:48Z,-8.04708331,-34.95055593,1.5,128.0,62.0
2024-09-14T20:01:49Z,walk,2024-09-14T20:10:49Z,-8.04706997,-34.95055593,1.5,128.0,62.0
2024-09-14T20:01:49Z,walk,2024-09-14T20:10:50Z,-8.04705798,-34.95055593,1.5,128.0,62.0
2024-09-14T20:01:49Z,walk,2024-09-14T20:10:51Z,-8.04704666,-34.95055593,1.5,127.0,62.0
2024-09-14T20:01:49Z,walk,2024-09-14T20:10:52Z,-8.047036,-34.9505536,1.5,127.0,62.0
2024-09-14T20:01:49Z,walk,2024-09-14T20:10:53Z,-8.047026,-34.95054994,1.5,125.0,62.0
2024-09-14T20:01:49Z,walk,2024-09-14T20:10:54Z,-8.04701501,-34.95054595,1.5,124.0,62.0
2024-09-14T20:01:49Z,walk,2024-09-14T20:10:55Z,-8.04700369,-34.95054195,1.4900000095367432,124.0,62.0
2024-09-14T20:01:49Z,walk,2024-09-14T20:10:56Z,-8.04699102,-34.95053896,1.4900000095367432,124.0,62.0
2024-09-14T20:01:49Z,walk,2024-09-14T20:10:57Z,-8.04697869,-34.95053563,1.4800000190734863,125.0,62.0
2024-09-14T20:01:49Z,walk,2024-09-14T20:10:58Z,-8.04696636,-34.95053364,1.4800000190734863,125.0,62.0
2024-09-14T20:01:49Z,walk,2024-09-14T20:10:59Z,-8.04695437,-34.95053031,1.4800000190734863,125.0,63.0
2024-09-14T20:01:49Z,walk,2024-09-14T20:11:00Z,-8.04694104,-34.95052899,1.4700000286102295,125.0,62.0
2024-09-14T20:01:49Z,walk,2024-09-14T20:11:01Z,-8.04692738,-34.95052799,1.4700000286102295,124.0,62.0
2024-09-14T20:01:49Z,walk,2024-09-14T20:11:02Z,-8.04691571,-34.95052666,1.4700000286102295,123.0,63.0
2024-09-14T20:01:49Z,walk,2024-09-14T20:11:03Z,-8.04690339,-34.95052601,1.4600000381469727,123.0,63.0
2024-09-14T20:01:49Z,walk,2024-09-14T20:11:04Z,-8.04689072,-34.95052535,1.4600000381469727,123.0,63.0
2024-09-14T20:01:49Z,walk,2024-09-14T20:11:05Z,-8.0468774,-34.95052402,1.4600000381469727,123.0,63.0
2024-09-14T20:01:49Z,walk,2024-09-14T20:11:06Z,-8.04686573,-34.95052336,1.4600000381469727,123.0,63.0
2024-09-14T20:01:49Z,walk,2024-09-14T20:11:07Z,-8.04685441,-34.95052368,1.4600000381469727,123.0,63.0
2024-09-14T20:01:49Z,walk,2024-09-14T20:11:09Z,-8.04681175,-34.95052602,1.4600000381469727,122.0,63.0
2024-09-14T20:01:49Z,walk,2024-09-14T20:11:10Z,-8.04680842,-34.95052602,1.4600000381469727,122.0,63.0
2024-09-14T20:01:49Z,walk,2024-09-14T20:11:11Z,-8.04680042,-34.95052536,1.4600000381469727,121.0,63.0
2024-09-14T20:01:49Z,walk,2024-09-14T20:11:12Z,-8.04678943,-34.95052403,1.4500000476837158,122.0,63.0
2024-09-14T20:01:49Z,walk,2024-09-14T20:11:13Z,-8.04677576,-34.95052304,1.4500000476837158,122.0,63.0
2024-09-14T20:01:49Z,walk,2024-09-14T20:11:14Z,-8.0467621,-34.9505217,1.4500000476837158,122.0,63.0
2024-09-14T20:01:49Z,walk,2024-09-14T20:11:15Z,-8.04674844,-34.95052105,1.4500000476837158,122.0,63.0
2024-09-14T20:01:49Z,walk,2024-09-14T20:11:16Z,-8.04673478,-34.95052039,1.4500000476837158,122.0,63.0
2024-09-14T20:01:49Z,walk,2024-09-14T20:11:17Z,-8.04672279,-34.95051939,1.440000057220459,123.0,63.0
2024-09-14T20:01:49Z,walk,2024-09-14T20:11:18Z,-8.0467098,-34.95051939,1.440000057220459,124.0,63.0
2024-09-14T20:01:49Z,walk,2024-09-14T20:11:19Z,-8.04669847,-34.95052039,1.440000057220459,124.0,62.0
2024-09-14T20:01:49Z,walk,2024-09-14T20:11:20Z,-8.04668748,-34.95052205,1.440000057220459,124.0,62.0
2024-09-14T20:01:49Z,walk,2024-09-14T20:11:21Z,-8.04667614,-34.95052338,1.440000057220459,125.0,62.0
2024-09-14T20:01:49Z,walk,2024-09-14T20:11:22Z,-8.04666548,-34.95052306,1.440000057220459,125.0,62.0
2024-09-14T20:01:49Z,walk,2024-09-14T20:11:23Z,-8.04665482,-34.95052172,1.440000057220459,124.0,62.0
2024-09-14T20:01:49Z,walk,2024-09-14T20:11:24Z,-8.0466435,-34.95051939,1.440000057220459,124.0,62.0
2024-09-14T20:01:49Z,walk,2024-09-14T20:11:25Z,-8.04663351,-34.95051707,1.4299999475479126,123.0,62.0
2024-09-14T20:01:49Z,walk,2024-09-14T20:11:26Z,-8.04662584,-34.95051507,1.4299999475479126,123.0,63.0
2024-09-14T20:01:49Z,walk,2024-09-14T20:11:27Z,-8.04662285,-34.95051208,1.4199999570846558,123.0,62.0
2024-09-14T20:01:49Z,walk,2024-09-14T20:11:28Z,-8.04662417,-34.95050741,1.4199999570846558,123.0,62.0
2024-09-14T20:01:49Z,walk,2024-09-14T20:11:29Z,-8.04662916,-34.95050309,1.4199999570846558,122.0,62.0
2024-09-14T20:01:49Z,walk,2024-09-14T20:11:30Z,-8.0466355,-34.95049842,1.409999966621399,122.0,62.0
2024-09-14T20:01:49Z,walk,2024-09-14T20:11:31Z,-8.04664349,-34.95049543,1.399999976158142,121.0,62.0
2024-09-14T20:01:49Z,walk,2024-09-14T20:11:32Z,-8.04665449,-34.95049511,1.3799999952316284,121.0,62.0
2024-09-14T20:01:49Z,walk,2024-09-14T20:11:33Z,-8.04666714,-34.95049576,1.3700000047683716,122.0,62.0
2024-09-14T20:01:49Z,walk,2024-09-14T20:11:34Z,-8.04667848,-34.95049477,1.3700000047683716,122.0,62.0
2024-09-14T20:01:49Z,walk,2024-09-14T20:11:35Z,-8.04668813,-34.95049244,1.3600000143051147,124.0,62.0
2024-09-14T20:01:49Z,walk,2024-09-14T20:11:36Z,-8.04669879,-34.95049044,1.350000023841858,124.0,62.0
2024-09-14T20:01:49Z,walk,2024-09-14T20:11:37Z,-8.04671112,-34.95048777,1.340000033378601,124.0,62.0
2024-09-14T20:01:49Z,walk,2024-09-14T20:11:38Z,-8.04672445,-34.95048512,1.3300000429153442,124.0,62.0
2024-09-14T20:01:49Z,walk,2024-09-14T20:11:39Z,-8.04673711,-34.95048213,1.3200000524520874,125.0,62.0
2024-09-14T20:01:49Z,walk,2024-09-14T20:11:40Z,-8.0467501,-34.95047946,1.3200000524520874,125.0,62.0
2024-09-14T20:01:49Z,walk,2024-09-14T20:11:41Z,-8.04676477,-34.95047713,1.3200000524520874,125.0,62.0
2024-09-14T20:01:49Z,walk,2024-09-14T20:11:42Z,-8.0467801,-34.9504748,1.3200000524520874,124.0,62.0
2024-09-14T20:01:49Z,walk,2024-09-14T20:11:43Z,-8.04679709,-34.95047247,1.3200000524520874,124.0,62.0
2024-09-14T20:01:49Z,walk,2024-09-14T20:11:44Z,-8.04681275,-34.95047014,1.3200000524520874,124.0,62.0
2024-09-14T20:01:49Z,walk,2024-09-14T20:11:45Z,-8.04682942,-34.9504678,1.3200000524520874,124.0,63.0
2024-09-14T20:01:49Z,walk,2024-09-14T20:11:46Z,-8.04684374,-34.95046448,1.3300000429153442,123.0,63.0
2024-09-14T20:01:49Z,walk,2024-09-14T20:11:47Z,-8.04685674,-34.95046048,1.3300000429153442,123.0,63.0
2024-09-14T20:01:49Z,walk,2024-09-14T20:11:48Z,-8.04686873,-34.95045781,1.3300000429153442,122.0,62.0
2024-09-14T20:01:49Z,walk,2024-09-14T20:11:49Z,-8.04688105,-34.95045682,1.340000033378601,121.0,62.0
2024-09-14T20:01:49Z,walk,2024-09-14T20:11:50Z,-8.04689339,-34.95045583,1.340000033378601,121.0,62.0
2024-09-14T20:01:49Z,walk,2024-09-14T20:11:51Z,-8.04690471,-34.95045583,1.350000023841858,121.0,63.0
2024-09-14T20:01:49Z,walk,2024-09-14T20:11:52Z,-8.04691637,-34.95045716,1.350000023841858,121.0,63.0
2024-09-14T20:01:49Z,walk,2024-09-14T20:11:53Z,-8.04692737,-34.95045781,1.350000023841858,121.0,63.0
2024-09-14T20:01:49Z,walk,2024-09-14T20:11:54Z,-8.04693802,-34.95045881,1.350000023841858,120.0,63.0
2024-09-14T20:01:49Z,walk,2024-09-14T20:11:55Z,-8.04694836,-34.95046014,1.350000023841858,120.0,63.0
2024-09-14T20:01:49Z,walk,2024-09-14T20:11:56Z,-8.04695869,-34.9504608,1.350000023841858,120.0,60.0
2024-09-14T20:01:49Z,walk,2024-09-14T20:11:57Z,-8.04696768,-34.95046213,1.340000033378601,120.0,60.0
2024-09-14T20:01:49Z,walk,2024-09-14T20:11:58Z,-8.04697668,-34.95046278,1.340000033378601,120.0,60.0
2024-09-14T20:01:49Z,walk,2024-09-14T20:11:59Z,-8.04698601,-34.95046311,1.340000033378601,120.0,60.0
2024-09-14T20:01:49Z,walk,2024-09-14T20:12:00Z,-8.04699634,-34.95046411,1.3300000429153442,119.0,60.0
2024-09-14T20:01:49Z,walk,2024-09-14T20:12:01Z,-8.04700867,-34.9504651,1.3300000429153442,119.0,60.0
2024-09-14T20:01:49Z,walk,2024-09-14T20:12:02Z,-8.04702033,-34.95046643,1.3200000524520874,119.0,62.0
2024-09-14T20:01:49Z,walk,2024-09-14T20:12:03Z,-8.04703232,-34.95046809,1.309999942779541,118.0,62.0
2024-09-14T20:01:49Z,walk,2024-09-14T20:12:04Z,-8.04704564,-34.95047074,1.309999942779541,119.0,62.0
2024-09-14T20:01:49Z,walk,2024-09-14T20:12:05Z,-8.04705797,-34.95047341,1.309999942779541,119.0,62.0
2024-09-14T20:01:49Z,walk,2024-09-14T20:12:06Z,-8.04707064,-34.9504764,1.2999999523162842,120.0,62.0
2024-09-14T20:01:49Z,walk,2024-09-14T20:12:07Z,-8.0470823,-34.95047907,1.2999999523162842,122.0,62.0
2024-09-14T20:01:49Z,walk,2024-09-14T20:12:08Z,-8.04709362,-34.95048272,1.2999999523162842,123.0,62.0
2024-09-14T20:01:49Z,walk,2024-09-14T20:12:09Z,-8.04710362,-34.95048672,1.2999999523162842,124.0,62.0
2024-09-14T20:01:49Z,walk,2024-09-14T20:12:10Z,-8.04711461,-34.95048971,1.2999999523162842,122.0,63.0
2024-09-14T20:01:49Z,walk,2024-09-14T20:12:11Z,-8.04712594,-34.95049004,1.2999999523162842,122.0,63.0
2024-09-14T20:01:49Z,walk,2024-09-14T20:12:12Z,-8.04713827,-34.95048804,1.2999999523162842,122.0,64.0
2024-09-14T20:01:49Z,walk,2024-09-14T20:12:13Z,-8.04715059,-34.95048505,1.2999999523162842,122.0,62.0
2024-09-14T20:01:49Z,walk,2024-09-14T20:12:14Z,-8.04716392,-34.95048271,1.2999999523162842,121.0,62.0
2024-09-14T20:01:49Z,walk,2024-09-14T20:12:15Z,-8.04717858,-34.95048106,1.2999999523162842,120.0,63.0
2024-09-14T20:01:49Z,walk,2024-09-14T20:12:16Z,-8.04719325,-34.95048106,1.2999999523162842,120.0,63.0
2024-09-14T20:01:49Z,walk,2024-09-14T20:12:17Z,-8.04720824,-34.95048138,1.2999999523162842,120.0,63.0
2024-09-14T20:01:49Z,walk,2024-09-14T20:12:18Z,-8.04722424,-34.95048304,1.2999999523162842,120.0,63.0
2024-09-14T20:01:49Z,walk,2024-09-14T20:12:19Z,-8.04724123,-34.95048504,1.2999999523162842,120.0,67.0
2024-09-14T20:01:49Z,walk,2024-09-14T20:12:20Z,-8.04725656,-34.95048704,1.309999942779541,120.0,67.0
2024-09-14T20:01:49Z,walk,2024-09-14T20:12:21Z,-8.04727123,-34.95048836,1.309999942779541,120.0,67.0
2024-09-14T20:01:49Z,walk,2024-09-14T20:12:22Z,-8.04728388,-34.95048903,1.3200000524520874,120.0,63.0
2024-09-14T20:01:49Z,walk,2024-09-14T20:12:23Z,-8.04729522,-34.9504887,1.3200000524520874,120.0,63.0
2024-09-14T20:01:49Z,walk,2024-09-14T20:12:24Z,-8.04730355,-34.9504867,1.3300000429153442,120.0,63.0
2024-09-14T20:01:49Z,walk,2024-09-14T20:12:25Z,-8.04731287,-34.9504857,1.340000033378601,120.0,62.0
2024-09-14T20:01:49Z,walk,2024-09-14T20:12:26Z,-8.04732387,-34.95048538,1.350000023841858,120.0,62.0
2024-09-14T20:01:49Z,walk,2024-09-14T20:12:27Z,-8.04733553,-34.95048506,1.3600000143051147,121.0,63.0
2024-09-14T20:01:49Z,walk,2024-09-14T20:12:28Z,-8.04734686,-34.95048473,1.3600000143051147,120.0,62.0
2024-09-14T20:01:49Z,walk,2024-09-14T20:12:29Z,-8.04735819,-34.95048506,1.3600000143051147,120.0,62.0
2024-09-14T20:01:49Z,walk,2024-09-14T20:12:30Z,-8.04736885,-34.95048739,1.3600000143051147,120.0,62.0
2024-09-14T20:01:49Z,walk,2024-09-14T20:12:31Z,-8.04737918,-34.95048972,1.3600000143051147,120.0,63.0
2024-09-14T20:01:49Z,walk,2024-09-14T20:12:32Z,-8.04738951,-34.95049271,1.3600000143051147,120.0,62.0
2024-09-14T20:01:49Z,walk,2024-09-14T20:12:33Z,-8.04740118,-34.95049604,1.3600000143051147,120.0,62.0
2024-09-14T20:01:49Z,walk,2024-09-14T20:12:34Z,-8.04741217,-34.95049869,1.3600000143051147,120.0,61.0
2024-09-14T20:01:49Z,walk,2024-09-14T20:12:35Z,-8.04742216,-34.95050103,1.3600000143051147,120.0,61.0
2024-09-14T20:01:49Z,walk,2024-09-14T20:12:36Z,-8.04743382,-34.95050303,1.3600000143051147,121.0,61.0
2024-09-14T20:01:49Z,walk,2024-09-14T20:12:37Z,-8.04744716,-34.95050568,1.350000023841858,122.0,63.0
2024-09-14T20:01:49Z,walk,2024-09-14T20:12:38Z,-8.04746048,-34.95050801,1.350000023841858,121.0,64.0
2024-09-14T20:01:49Z,walk,2024-09-14T20:12:39Z,-8.0474738,-34.95050934,1.340000033378601,120.0,64.0
2024-09-14T20:01:49Z,walk,2024-09-14T20:12:40Z,-8.0474878,-34.95051167,1.340000033378601,120.0,64.0
2024-09-14T20:01:49Z,walk,2024-09-14T20:12:41Z,-8.04750146,-34.950515,1.340000033378601,120.0,64.0
2024-09-14T20:01:49Z,walk,2024-09-14T20:12:42Z,-8.04751413,-34.95051599,1.340000033378601,119.0,64.0
2024-09-14T20:01:49Z,walk,2024-09-14T20:12:43Z,-8.04752678,-34.95051599,1.3300000429153442,119.0,64.0
2024-09-14T20:01:49Z,walk,2024-09-14T20:12:44Z,-8.04753912,-34.95051533,1.3300000429153442,119.0,64.0
2024-09-14T20:01:49Z,walk,2024-09-14T20:12:45Z,-8.04755312,-34.95051599,1.3300000429153442,120.0,61.0
2024-09-14T20:01:49Z,walk,2024-09-14T20:12:46Z,-8.04756811,-34.95051765,1.3300000429153442,120.0,61.0
2024-09-14T20:01:49Z,walk,2024-09-14T20:12:47Z,-8.04758443,-34.95051931,1.3300000429153442,120.0,61.0
2024-09-14T20:01:49Z,walk,2024-09-14T20:12:48Z,-8.04760142,-34.95052098,1.3300000429153442,121.0,61.0
2024-09-14T20:01:49Z,walk,2024-09-14T20:12:49Z,-8.04761842,-34.9505223,1.3300000429153442,122.0,61.0
2024-09-14T20:01:49Z,walk,2024-09-14T20:12:50Z,-8.04763174,-34.95052397,1.3300000429153442,121.0,61.0
2024-09-14T20:01:49Z,walk,2024-09-14T20:12:51Z,-8.04764407,-34.9505253,1.3300000429153442,119.0,62.0
2024-09-14T20:01:49Z,walk,2024-09-14T20:12:52Z,-8.0476564,-34.95052696,1.340000033378601,118.0,62.0
2024-09-14T20:01:49Z,walk,2024-09-14T20:12:53Z,-8.04766772,-34.95052896,1.340000033378601,116.0,62.0
2024-09-14T20:01:49Z,walk,2024-09-14T20:12:54Z,-8.04768039,-34.95053061,1.340000033378601,116.0,62.0
2024-09-14T20:01:49Z,walk,2024-09-14T20:12:55Z,-8.04769271,-34.95053161,1.340000033378601,116.0,62.0
2024-09-14T20:01:49Z,walk,2024-09-14T20:12:56Z,-8.04770538,-34.9505326,1.340000033378601,117.0,63.0
2024-09-14T20:01:49Z,walk,2024-09-14T20:12:57Z,-8.0477187,-34.95053427,1.3300000429153442,117.0,64.0
2024-09-14T20:01:49Z,walk,2024-09-14T20:12:58Z,-8.04773204,-34.95053459,1.3200000524520874,117.0,64.0
2024-09-14T20:01:49Z,walk,2024-09-14T20:12:59Z,-8.04774604,-34.95053492,1.3200000524520874,117.0,64.0
2024-09-14T20:01:49Z,walk,2024-09-14T20:13:00Z,-8.0477597,-34.95053757,1.3200000524520874,118.0,64.0
2024-09-14T20:01:49Z,walk,2024-09-14T20:13:01Z,-8.04777269,-34.95054123,1.309999942779541,118.0,64.0
2024-09-14T20:01:49Z,walk,2024-09-14T20:13:02Z,-8.04778468,-34.95054489,1.309999942779541,118.0,64.0
2024-09-14T20:01:49Z,walk,2024-09-14T20:13:03Z,-8.04779735,-34.95054789,1.309999942779541,117.0,64.0
2024-09-14T20:01:49Z,walk,2024-09-14T20:13:04Z,-8.04780934,-34.95055054,1.309999942779541,117.0,63.0
2024-09-14T20:01:49Z,walk,2024-09-14T20:13:05Z,-8.04782266,-34.9505522,1.309999942779541,117.0,63.0
2024-09-14T20:01:49Z,walk,2024-09-14T20:13:06Z,-8.04783632,-34.95055319,1.309999942779541,119.0,62.0
2024-09-14T20:01:49Z,walk,2024-09-14T20:13:07Z,-8.04785099,-34.95055452,1.309999942779541,119.0,62.0
2024-09-14T20:01:49Z,walk,2024-09-14T20:13:08Z,-8.04786598,-34.95055652,1.309999942779541,119.0,62.0
2024-09-14T20:01:49Z,walk,2024-09-14T20:13:09Z,-8.04788064,-34.95055785,1.309999942779541,119.0,62.0
2024-09-14T20:01:49Z,walk,2024-09-14T20:13:10Z,-8.04789497,-34.95055884,1.309999942779541,121.0,65.0
2024-09-14T20:01:49Z,walk,2024-09-14T20:13:11Z,-8.04790962,-34.9505595,1.309999942779541,121.0,65.0
2024-09-14T20:01:49Z,walk,2024-09-14T20:13:12Z,-8.04792661,-34.95056149,1.309999942779541,121.0,65.0
2024-09-14T20:01:49Z,walk,2024-09-14T20:13:13Z,-8.04794428,-34.95056383,1.309999942779541,121.0,65.0
2024-09-14T20:01:49Z,walk,2024-09-14T20:13:14Z,-8.04796195,-34.95056549,1.3200000524520874,121.0,65.0
2024-09-14T20:01:49Z,walk,2024-09-14T20:13:15Z,-8.04797928,-34.95056682,1.3200000524520874,121.0,65.0
2024-09-14T20:01:49Z,walk,2024-09-14T20:13:16Z,-8.04799394,-34.95056682,1.3200000524520874,122.0,65.0
2024-09-14T20:01:49Z,walk,2024-09-14T20:13:17Z,-8.04800894,-34.95056748,1.3200000524520874,122.0,65.0
2024-09-14T20:01:49Z,walk,2024-09-14T20:13:18Z,-8.04802226,-34.95056582,1.3300000429153442,123.0,65.0
2024-09-14T20:01:49Z,walk,2024-09-14T20:13:19Z,-8.04803493,-34.95056415,1.340000033378601,123.0,65.0
2024-09-14T20:01:49Z,walk,2024-09-14T20:13:20Z,-8.04804858,-34.95056448,1.350000023841858,125.0,63.0
2024-09-14T20:01:49Z,walk,2024-09-14T20:13:21Z,-8.04806291,-34.95056614,1.350000023841858,126.0,63.0
2024-09-14T20:01:49Z,walk,2024-09-14T20:13:22Z,-8.04807824,-34.95056747,1.3600000143051147,126.0,61.0
2024-09-14T20:01:49Z,walk,2024-09-14T20:13:23Z,-8.04809291,-34.95056813,1.3600000143051147,125.0,61.0
2024-09-14T20:01:49Z,walk,2024-09-14T20:13:24Z,-8.04810657,-34.95056546,1.3600000143051147,125.0,61.0
2024-09-14T20:01:49Z,walk,2024-09-14T20:13:25Z,-8.04812124,-34.95056447,1.3700000047683716,125.0,61.0
2024-09-14T20:01:49Z,walk,2024-09-14T20:13:26Z,-8.04813523,-34.9505648,1.3799999952316284,125.0,61.0
2024-09-14T20:01:49Z,walk,2024-09-14T20:13:27Z,-8.04815023,-34.95056579,1.3799999952316284,125.0,63.0
2024-09-14T20:01:49Z,walk,2024-09-14T20:13:28Z,-8.04816423,-34.95056611,1.3899999856948853,125.0,63.0
2024-09-14T20:01:49Z,walk,2024-09-14T20:13:29Z,-8.04817889,-34.9505671,1.3899999856948853,126.0,63.0
2024-09-14T20:01:49Z,walk,2024-09-14T20:13:30Z,-8.04819455,-34.9505681,1.3899999856948853,126.0,63.0
2024-09-14T20:01:49Z,walk,2024-09-14T20:13:31Z,-8.04821089,-34.95056942,1.399999976158142,126.0,63.0
2024-09-14T20:01:49Z,walk,2024-09-14T20:13:32Z,-8.04822689,-34.95057109,1.399999976158142,126.0,63.0
2024-09-14T20:01:49Z,walk,2024-09-14T20:13:33Z,-8.04824222,-34.95057208,1.409999966621399,126.0,63.0
2024-09-14T20:01:49Z,walk,2024-09-14T20:13:34Z,-8.04825521,-34.95057208,1.409999966621399,126.0,63.0
2024-09-14T20:01:49Z,walk,2024-09-14T20:13:35Z,-8.04826788,-34.95057208,1.4199999570846558,126.0,63.0
2024-09-14T20:01:49Z,walk,2024-09-14T20:13:36Z,-8.04827887,-34.95057109,1.4199999570846558,126.0,63.0
2024-09-14T20:01:49Z,walk,2024-09-14T20:13:37Z,-8.0482892,-34.95056976,1.4199999570846558,127.0,63.0
2024-09-14T20:01:49Z,walk,2024-09-14T20:13:38Z,-8.04830087,-34.95056943,1.4299999475479126,128.0,63.0
2024-09-14T20:01:49Z,walk,2024-09-14T20:13:39Z,-8.04831552,-34.95056976,1.4299999475479126,127.0,62.0
2024-09-14T20:01:49Z,walk,2024-09-14T20:13:40Z,-8.04832985,-34.95057076,1.4299999475479126,127.0,62.0
2024-09-14T20:01:49Z,walk,2024-09-14T20:13:41Z,-8.04834551,-34.95057175,1.4299999475479126,127.0,62.0
2024-09-14T20:01:49Z,walk,2024-09-14T20:13:42Z,-8.04836217,-34.95057341,1.4299999475479126,127.0,62.0
2024-09-14T20:01:49Z,walk,2024-09-14T20:13:43Z,-8.04837984,-34.9505754,1.4299999475479126,125.0,62.0
2024-09-14T20:01:49Z,walk,2024-09-14T20:13:44Z,-8.04839816,-34.95057707,1.4299999475479126,125.0,62.0
2024-09-14T20:01:49Z,walk,2024-09-14T20:13:45Z,-8.04841449,-34.95057806,1.4299999475479126,125.0,64.0
2024-09-14T20:01:49Z,walk,2024-09-14T20:13:46Z,-8.04842682,-34.95057838,1.440000057220459,125.0,63.0
2024-09-14T20:01:49Z,walk,2024-09-14T20:13:47Z,-8.04843747,-34.95057706,1.440000057220459,125.0,62.0
2024-09-14T20:01:49Z,walk,2024-09-14T20:13:48Z,-8.04844781,-34.95057439,1.440000057220459,125.0,62.0
2024-09-14T20:01:49Z,walk,2024-09-14T20:13:49Z,-8.04845947,-34.95057239,1.4500000476837158,126.0,64.0
2024-09-14T20:01:49Z,walk,2024-09-14T20:13:50Z,-8.04847146,-34.9505714,1.4500000476837158,127.0,64.0
2024-09-14T20:01:49Z,walk,2024-09-14T20:13:51Z,-8.04848445,-34.95057173,1.4500000476837158,127.0,64.0
2024-09-14T20:01:49Z,walk,2024-09-14T20:13:52Z,-8.04849745,-34.95057673,1.4600000381469727,127.0,64.0
2024-09-14T20:01:49Z,walk,2024-09-14T20:13:53Z,-8.04851011,-34.95058739,1.4500000476837158,127.0,64.0
2024-09-14T20:01:49Z,walk,2024-09-14T20:13:54Z,-8.04852077,-34.95060205,1.4500000476837158,127.0,64.0
2024-09-14T20:01:49Z,walk,2024-09-14T20:13:55Z,-8.04852843,-34.95061971,1.4500000476837158,126.0,64.0
2024-09-14T20:01:49Z,walk,2024-09-14T20:13:56Z,-8.04853376,-34.95063736,1.4500000476837158,125.0,64.0
2024-09-14T20:01:49Z,walk,2024-09-14T20:13:57Z,-8.04853608,-34.9506537,1.4500000476837158,124.0,64.0
2024-09-14T20:01:49Z,walk,2024-09-14T20:13:58Z,-8.04853641,-34.9506697,1.4500000476837158,124.0,63.0
2024-09-14T20:01:49Z,walk,2024-09-14T20:13:59Z,-8.04853308,-34.95068536,1.4600000381469727,124.0,63.0
2024-09-14T20:01:49Z,walk,2024-09-14T20:14:00Z,-8.04852809,-34.95070235,1.4600000381469727,124.0,63.0
2024-09-14T20:01:49Z,walk,2024-09-14T20:14:01Z,-8.0485251,-34.95071868,1.4600000381469727,125.0,63.0
2024-09-14T20:01:49Z,walk,2024-09-14T20:14:02Z,-8.04852443,-34.95073401,1.4700000286102295,125.0,64.0
2024-09-14T20:01:49Z,walk,2024-09-14T20:14:03Z,-8.04852476,-34.95074933,1.4700000286102295,125.0,64.0
2024-09-14T20:01:49Z,walk,2024-09-14T20:14:04Z,-8.04852642,-34.95076567,1.4800000190734863,124.0,64.0
2024-09-14T20:01:49Z,walk,2024-09-14T20:14:05Z,-8.04853041,-34.95078299,1.4800000190734863,123.0,64.0
2024-09-14T20:01:49Z,walk,2024-09-14T20:14:06Z,-8.04853508,-34.95080065,1.4800000190734863,123.0,64.0
2024-09-14T20:01:49Z,walk,2024-09-14T20:14:07Z,-8.0485374,-34.95081698,1.4900000095367432,123.0,64.0
2024-09-14T20:01:49Z,walk,2024-09-14T20:14:08Z,-8.04853807,-34.95083198,1.4900000095367432,123.0,64.0
2024-09-14T20:01:49Z,walk,2024-09-14T20:14:09Z,-8.04853775,-34.95084564,1.4900000095367432,123.0,64.0
2024-09-14T20:01:49Z,walk,2024-09-14T20:14:10Z,-8.04853741,-34.95085797,1.5,124.0,64.0
2024-09-14T20:01:49Z,walk,2024-09-14T20:14:11Z,-8.04853642,-34.95087029,1.5,124.0,64.0
2024-09-14T20:01:49Z,walk,2024-09-14T20:14:12Z,-8.04853577,-34.95088363,1.5,124.0,64.0
2024-09-14T20:01:49Z,walk,2024-09-14T20:14:13Z,-8.04853411,-34.95090062,1.5,124.0,63.0
2024-09-14T20:01:49Z,walk,2024-09-14T20:14:14Z,-8.04853411,-34.95091794,1.5099999904632568,124.0,63.0
2024-09-14T20:01:49Z,walk,2024-09-14T20:14:15Z,-8.04853543,-34.9509356,1.5099999904632568,124.0,63.0
2024-09-14T20:01:49Z,walk,2024-09-14T20:14:16Z,-8.04853609,-34.95095326,1.5099999904632568,125.0,64.0
2024-09-14T20:01:49Z,walk,2024-09-14T20:14:17Z,-8.04853709,-34.95096925,1.5099999904632568,125.0,63.0
2024-09-14T20:01:49Z,walk,2024-09-14T20:14:18Z,-8.04853875,-34.95098425,1.5099999904632568,125.0,63.0
2024-09-14T20:01:49Z,walk,2024-09-14T20:14:19Z,-8.0485394,-34.95099991,1.5099999904632568,126.0,63.0
2024-09-14T20:01:49Z,walk,2024-09-14T20:14:20Z,-8.0485394,-34.95101491,1.5099999904632568,126.0,62.0
2024-09-14T20:01:49Z,walk,2024-09-14T20:14:21Z,-8.04853875,-34.95102923,1.5199999809265137,127.0,64.0
2024-09-14T20:01:49Z,walk,2024-09-14T20:14:22Z,-8.04853908,-34.9510429,1.5199999809265137,127.0,64.0
2024-09-14T20:01:49Z,walk,2024-09-14T20:14:23Z,-8.04853908,-34.95105722,1.5199999809265137,127.0,63.0
2024-09-14T20:01:49Z,walk,2024-09-14T20:14:24Z,-8.04853974,-34.95107155,1.5199999809265137,127.0,63.0
2024-09-14T20:01:49Z,walk,2024-09-14T20:14:25Z,-8.04854074,-34.95108587,1.5199999809265137,126.0,63.0
2024-09-14T20:01:49Z,walk,2024-09-14T20:14:26Z,-8.04854074,-34.95109987,1.5099999904632568,126.0,63.0
2024-09-14T20:01:49Z,walk,2024-09-14T20:14:27Z,-8.04854139,-34.95111253,1.5099999904632568,126.0,63.0
2024-09-14T20:01:49Z,walk,2024-09-14T20:14:28Z,-8.04854106,-34.95112385,1.5099999904632568,126.0,66.0
2024-09-14T20:01:49Z,walk,2024-09-14T20:14:29Z,-8.04854106,-34.95113352,1.5099999904632568,126.0,66.0
2024-09-14T20:01:49Z,walk,2024-09-14T20:14:30Z,-8.0485404,-34.95114418,1.5099999904632568,126.0,66.0
2024-09-14T20:01:49Z,walk,2024-09-14T20:14:31Z,-8.0485394,-34.95115584,1.5,126.0,66.0
2024-09-14T20:01:49Z,walk,2024-09-14T20:14:32Z,-8.04853841,-34.95116951,1.5,128.0,66.0
2024-09-14T20:01:49Z,walk,2024-09-14T20:14:33Z,-8.04853741,-34.95118351,1.4900000095367432,129.0,66.0
2024-09-14T20:01:49Z,walk,2024-09-14T20:14:34Z,-8.04853642,-34.95119783,1.4900000095367432,131.0,65.0
2024-09-14T20:01:49Z,walk,2024-09-14T20:14:34Z,-8.04853577,-34.9512145,1.4900000095367432,131.0,65.0
2024-09-14T20:01:49Z,walk,2024-09-14T20:14:35Z,-8.04853544,-34.95123015,1.4900000095367432,131.0,65.0
2024-09-14T20:01:49Z,walk,2024-09-14T20:14:36Z,-8.04853378,-34.95124415,1.4800000190734863,131.0,65.0
2024-09-14T20:01:49Z,walk,2024-09-14T20:14:37Z,-8.04853244,-34.95125815,1.4800000190734863,131.0,63.0
2024-09-14T20:01:49Z,walk,2024-09-14T20:14:38Z,-8.04853244,-34.95126981,1.4800000190734863,130.0,63.0
2024-09-14T20:01:49Z,walk,2024-09-14T20:14:39Z,-8.04853212,-34.95128048,1.4800000190734863,130.0,63.0
2024-09-14T20:01:49Z,walk,2024-09-14T20:14:40Z,-8.04853212,-34.95129081,1.4800000190734863,130.0,63.0
2024-09-14T20:01:49Z,walk,2024-09-14T20:14:41Z,-8.04853278,-34.95130247,1.4700000286102295,128.0,63.0
2024-09-14T20:01:49Z,walk,2024-09-14T20:14:42Z,-8.04853278,-34.95131613,1.4700000286102295,128.0,63.0
2024-09-14T20:01:49Z,walk,2024-09-14T20:14:43Z,-8.04853212,-34.95133046,1.4700000286102295,128.0,63.0
2024-09-14T20:01:49Z,walk,2024-09-14T20:14:44Z,-8.04853112,-34.95134511,1.4700000286102295,128.0,63.0
2024-09-14T20:01:49Z,walk,2024-09-14T20:14:45Z,-8.04853013,-34.95135878,1.4600000381469727,127.0,63.0
2024-09-14T20:01:49Z,walk,2024-09-14T20:14:46Z,-8.04852881,-34.95137144,1.4600000381469727,127.0,63.0
2024-09-14T20:01:49Z,walk,2024-09-14T20:14:47Z,-8.04852681,-34.95138344,1.4500000476837158,125.0,63.0
2024-09-14T20:01:49Z,walk,2024-09-14T20:14:48Z,-8.04852414,-34.9513971,1.4500000476837158,125.0,63.0
2024-09-14T20:01:49Z,walk,2024-09-14T20:14:49Z,-8.04852315,-34.95141309,1.4500000476837158,125.0,63.0
2024-09-14T20:01:49Z,walk,2024-09-14T20:14:50Z,-8.04852149,-34.95142943,1.4500000476837158,124.0,63.0
2024-09-14T20:01:49Z,walk,2024-09-14T20:14:51Z,-8.04851949,-34.95144509,1.4500000476837158,123.0,63.0
2024-09-14T20:01:49Z,walk,2024-09-14T20:14:52Z,-8.04851583,-34.95145975,1.4500000476837158,123.0,70.0
2024-09-14T20:01:49Z,walk,2024-09-14T20:14:53Z,-8.04851149,-34.95147407,1.4500000476837158,123.0,70.0
2024-09-14T20:01:49Z,walk,2024-09-14T20:14:54Z,-8.0485075,-34.95148774,1.4500000476837158,123.0,70.0
2024-09-14T20:01:49Z,walk,2024-09-14T20:14:55Z,-8.04850384,-34.9515004,1.4500000476837158,123.0,70.0
2024-09-14T20:01:49Z,walk,2024-09-14T20:14:56Z,-8.0484995,-34.95151239,1.4500000476837158,124.0,70.0
2024-09-14T20:01:49Z,walk,2024-09-14T20:14:57Z,-8.04849718,-34.95152439,1.4500000476837158,126.0,70.0
2024-09-14T20:01:49Z,walk,2024-09-14T20:14:58Z,-8.04849619,-34.95153704,1.4500000476837158,126.0,70.0
2024-09-14T20:01:49Z,walk,2024-09-14T20:14:59Z,-8.04849785,-34.9515517,1.4500000476837158,127.0,70.0
2024-09-14T20:01:49Z,walk,2024-09-14T20:15:00Z,-8.04849884,-34.95156703,1.4500000476837158,127.0,70.0
2024-09-14T20:01:49Z,walk,2024-09-14T20:15:01Z,-8.04849949,-34.95158303,1.4500000476837158,126.0,70.0
2024-09-14T20:01:49Z,walk,2024-09-14T20:15:02Z,-8.04850116,-34.95159836,1.440000057220459,126.0,70.0
2024-09-14T20:01:49Z,walk,2024-09-14T20:15:03Z,-8.04850449,-34.95161436,1.440000057220459,126.0,70.0
2024-09-14T20:01:49Z,walk,2024-09-14T20:15:04Z,-8.04850748,-34.95163168,1.440000057220459,126.0,70.0
2024-09-14T20:01:49Z,walk,2024-09-14T20:15:05Z,-8.04851081,-34.95164867,1.440000057220459,126.0,70.0
2024-09-14T20:01:49Z,walk,2024-09-14T20:15:06Z,-8.0485138,-34.95166433,1.440000057220459,126.0,70.0
2024-09-14T20:01:49Z,walk,2024-09-14T20:15:07Z,-8.04851613,-34.95167899,1.440000057220459,126.0,70.0
2024-09-14T20:01:49Z,walk,2024-09-14T20:15:08Z,-8.0485188,-34.95169299,1.4500000476837158,127.0,67.0
2024-09-14T20:01:49Z,walk,2024-09-14T20:15:09Z,-8.04852212,-34.95170732,1.4500000476837158,127.0,67.0
2024-09-14T20:01:49Z,walk,2024-09-14T20:15:10Z,-8.04852412,-34.95172031,1.4500000476837158,127.0,67.0
2024-09-14T20:01:49Z,walk,2024-09-14T20:15:11Z,-8.04852612,-34.95173231,1.4500000476837158,126.0,67.0
2024-09-14T20:01:49Z,walk,2024-09-14T20:15:12Z,-8.04852879,-34.95174263,1.4500000476837158,126.0,67.0
2024-09-14T20:01:49Z,walk,2024-09-14T20:15:13Z,-8.04853011,-34.95175363,1.4500000476837158,126.0,67.0
2024-09-14T20:01:49Z,walk,2024-09-14T20:15:14Z,-8.04852978,-34.95176495,1.4500000476837158,126.0,67.0
2024-09-14T20:01:49Z,walk,2024-09-14T20:15:15Z,-8.04853011,-34.95177595,1.4500000476837158,127.0,67.0
2024-09-14T20:01:49Z,walk,2024-09-14T20:15:16Z,-8.04852978,-34.95178629,1.4500000476837158,127.0,67.0
2024-09-14T20:01:49Z,walk,2024-09-14T20:15:17Z,-8.04852911,-34.95179561,1.440000057220459,125.0,67.0
2024-09-14T20:01:49Z,walk,2024-09-14T20:15:18Z,-8.04852712,-34.95180528,1.440000057220459,125.0,67.0
2024-09-14T20:01:49Z,walk,2024-09-14T20:15:19Z,-8.04852245,-34.9518156,1.440000057220459,125.0,67.0
2024-09-14T20:01:49Z,walk,2024-09-14T20:15:20Z,-8.04851545,-34.95182527,1.440000057220459,125.0,67.0
2024-09-14T20:01:49Z,walk,2024-09-14T20:15:21Z,-8.04850746,-34.95183659,1.440000057220459,125.0,64.0
2024-09-14T20:01:49Z,walk,2024-09-14T20:15:22Z,-8.04849981,-34.95184991,1.4299999475479126,125.0,64.0
2024-09-14T20:01:49Z,walk,2024-09-14T20:15:23Z,-8.04849314,-34.95186358,1.4299999475479126,125.0,63.0
2024-09-14T20:01:49Z,walk,2024-09-14T20:15:24Z,-8.04848582,-34.95187658,1.4299999475479126,125.0,63.0
2024-09-14T20:01:49Z,walk,2024-09-14T20:15:25Z,-8.04847948,-34.95188857,1.4299999475479126,124.0,64.0
2024-09-14T20:01:49Z,walk,2024-09-14T20:15:26Z,-8.04847316,-34.95190056,1.4199999570846558,124.0,63.0
2024-09-14T20:01:49Z,walk,2024-09-14T20:15:27Z,-8.04846749,-34.95191289,1.4199999570846558,124.0,64.0
2024-09-14T20:01:49Z,walk,2024-09-14T20:15:28Z,-8.04846383,-34.95192689,1.4199999570846558,123.0,64.0
2024-09-14T20:01:49Z,walk,2024-09-14T20:15:29Z,-8.04846184,-34.95194155,1.4199999570846558,123.0,64.0
2024-09-14T20:01:49Z,walk,2024-09-14T20:15:30Z,-8.04846084,-34.95195687,1.4199999570846558,123.0,64.0
2024-09-14T20:01:49Z,walk,2024-09-14T20:15:31Z,-8.04846051,-34.95197221,1.4199999570846558,125.0,64.0
2024-09-14T20:01:49Z,walk,2024-09-14T20:15:32Z,-8.04846018,-34.95198686,1.4199999570846558,125.0,64.0
2024-09-14T20:01:49Z,walk,2024-09-14T20:15:33Z,-8.04845986,-34.95200086,1.4199999570846558,124.0,64.0
2024-09-14T20:01:49Z,walk,2024-09-14T20:15:34Z,-8.04846018,-34.95201386,1.409999966621399,124.0,64.0
2024-09-14T20:01:49Z,walk,2024-09-14T20:15:35Z,-8.04846218,-34.9520252,1.409999966621399,124.0,64.0
2024-09-14T20:01:49Z,walk,2024-09-14T20:15:36Z,-8.04846451,-34.95203652,1.409999966621399,124.0,64.0
2024-09-14T20:01:49Z,walk,2024-09-14T20:15:37Z,-8.04846617,-34.95204818,1.409999966621399,125.0,64.0
2024-09-14T20:01:49Z,walk,2024-09-14T20:15:38Z,-8.04846716,-34.95206017,1.409999966621399,126.0,64.0
2024-09-14T20:01:49Z,walk,2024-09-14T20:15:39Z,-8.04846716,-34.95207383,1.409999966621399,126.0,64.0
2024-09-14T20:01:49Z,walk,2024-09-14T20:15:40Z,-8.04846684,-34.95208849,1.409999966621399,125.0,64.0
2024-09-14T20:01:49Z,walk,2024-09-14T20:15:41Z,-8.04846318,-34.95210382,1.399999976158142,124.0,64.0
2024-09-14T20:01:49Z,walk,2024-09-14T20:15:42Z,-8.04845819,-34.95211881,1.399999976158142,124.0,64.0
2024-09-14T20:01:49Z,walk,2024-09-14T20:15:43Z,-8.04845419,-34.9521338,1.399999976158142,123.0,64.0
2024-09-14T20:01:49Z,walk,2024-09-14T20:15:44Z,-8.04845253,-34.95214914,1.399999976158142,123.0,64.0
2024-09-14T20:01:49Z,walk,2024-09-14T20:15:45Z,-8.0484522,-34.95216479,1.399999976158142,124.0,64.0
2024-09-14T20:01:49Z,walk,2024-09-14T20:15:46Z,-8.04845187,-34.95218013,1.399999976158142,124.0,64.0
2024-09-14T20:01:49Z,walk,2024-09-14T20:15:47Z,-8.04845088,-34.95219578,1.409999966621399,124.0,64.0
2024-09-14T20:01:49Z,walk,2024-09-14T20:15:48Z,-8.04845055,-34.95221045,1.409999966621399,124.0,64.0
2024-09-14T20:01:49Z,walk,2024-09-14T20:15:49Z,-8.04845122,-34.95222377,1.409999966621399,126.0,64.0
2024-09-14T20:01:49Z,walk,2024-09-14T20:15:50Z,-8.04845221,-34.95223911,1.409999966621399,126.0,64.0
2024-09-14T20:01:49Z,walk,2024-09-14T20:15:51Z,-8.04845254,-34.95225343,1.409999966621399,125.0,65.0
2024-09-14T20:01:49Z,walk,2024-09-14T20:15:52Z,-8.04845188,-34.95226809,1.409999966621399,125.0,64.0
2024-09-14T20:01:49Z,walk,2024-09-14T20:15:53Z,-8.04845055,-34.95228342,1.409999966621399,125.0,64.0
2024-09-14T20:01:49Z,walk,2024-09-14T20:15:54Z,-8.04844855,-34.95230041,1.409999966621399,125.0,64.0
2024-09-14T20:01:49Z,walk,2024-09-14T20:15:55Z,-8.04844489,-34.95231607,1.409999966621399,125.0,64.0
2024-09-14T20:01:49Z,walk,2024-09-14T20:15:56Z,-8.04844223,-34.9523314,1.4199999570846558,125.0,64.0
2024-09-14T20:01:49Z,walk,2024-09-14T20:15:57Z,-8.04844123,-34.95234639,1.4199999570846558,125.0,62.0
2024-09-14T20:01:49Z,walk,2024-09-14T20:15:58Z,-8.04844057,-34.95236205,1.4199999570846558,125.0,62.0
2024-09-14T20:01:49Z,walk,2024-09-14T20:15:59Z,-8.04843957,-34.95237771,1.4299999475479126,128.0,63.0
2024-09-14T20:01:49Z,walk,2024-09-14T20:16:00Z,-8.04843791,-34.95239371,1.4299999475479126,128.0,63.0
2024-09-14T20:01:49Z,walk,2024-09-14T20:16:01Z,-8.04843525,-34.95240937,1.4299999475479126,130.0,63.0
2024-09-14T20:01:49Z,walk,2024-09-14T20:16:02Z,-8.04843325,-34.95242504,1.440000057220459,129.0,63.0
2024-09-14T20:01:49Z,walk,2024-09-14T20:16:03Z,-8.04843159,-34.95243969,1.440000057220459,128.0,64.0
2024-09-14T20:01:49Z,walk,2024-09-14T20:16:04Z,-8.0484286,-34.95245402,1.4500000476837158,128.0,64.0
2024-09-14T20:01:49Z,walk,2024-09-14T20:16:05Z,-8.0484246,-34.95246668,1.4500000476837158,128.0,63.0
2024-09-14T20:01:49Z,walk,2024-09-14T20:16:06Z,-8.04842161,-34.95247934,1.4500000476837158,128.0,63.0
2024-09-14T20:01:49Z,walk,2024-09-14T20:16:07Z,-8.04842161,-34.95249133,1.4600000381469727,128.0,64.0
2024-09-14T20:01:49Z,walk,2024-09-14T20:16:08Z,-8.0484226,-34.95250366,1.4600000381469727,128.0,64.0
2024-09-14T20:01:49Z,walk,2024-09-14T20:16:09Z,-8.04842359,-34.95251599,1.4700000286102295,128.0,64.0
2024-09-14T20:01:49Z,walk,2024-09-14T20:16:10Z,-8.04842493,-34.95252932,1.4700000286102295,128.0,64.0
2024-09-14T20:01:49Z,walk,2024-09-14T20:16:11Z,-8.04842592,-34.95254299,1.4700000286102295,129.0,64.0
2024-09-14T20:01:49Z,walk,2024-09-14T20:16:12Z,-8.04842426,-34.95255632,1.4700000286102295,129.0,64.0
2024-09-14T20:01:49Z,walk,2024-09-14T20:16:13Z,-8.04842226,-34.95256998,1.4700000286102295,129.0,63.0
2024-09-14T20:01:49Z,walk,2024-09-14T20:16:14Z,-8.0484196,-34.95258398,1.4700000286102295,128.0,64.0
2024-09-14T20:01:49Z,walk,2024-09-14T20:16:15Z,-8.0484186,-34.95259698,1.4700000286102295,128.0,63.0
2024-09-14T20:01:49Z,walk,2024-09-14T20:16:16Z,-8.04841828,-34.9526093,1.4700000286102295,128.0,64.0
2024-09-14T20:01:49Z,walk,2024-09-14T20:16:17Z,-8.04841795,-34.95262263,1.4600000381469727,127.0,64.0
2024-09-14T20:01:49Z,walk,2024-09-14T20:16:18Z,-8.04841762,-34.9526353,1.4600000381469727,127.0,64.0
2024-09-14T20:01:49Z,walk,2024-09-14T20:16:19Z,-8.04841795,-34.95264596,1.4600000381469727,126.0,64.0
2024-09-14T20:01:49Z,walk,2024-09-14T20:16:20Z,-8.04842195,-34.95265728,1.4600000381469727,126.0,64.0
2024-09-14T20:01:49Z,walk,2024-09-14T20:16:21Z,-8.04842661,-34.95266828,1.4600000381469727,126.0,64.0
2024-09-14T20:01:49Z,walk,2024-09-14T20:16:22Z,-8.0484296,-34.95267861,1.4500000476837158,126.0,64.0
2024-09-14T20:01:49Z,walk,2024-09-14T20:16:23Z,-8.0484316,-34.95268895,1.4500000476837158,126.0,64.0
2024-09-14T20:01:49Z,walk,2024-09-14T20:16:24Z,-8.04843594,-34.9527006,1.4500000476837158,126.0,64.0
2024-09-14T20:01:49Z,walk,2024-09-14T20:16:25Z,-8.04844093,-34.95271194,1.4500000476837158,124.0,64.0
2024-09-14T20:01:49Z,walk,2024-09-14T20:16:26Z,-8.04844858,-34.95272359,1.440000057220459,124.0,64.0
2024-09-14T20:01:49Z,walk,2024-09-14T20:16:27Z,-8.04845657,-34.95273493,1.440000057220459,123.0,64.0
2024-09-14T20:01:49Z,walk,2024-09-14T20:16:28Z,-8.04846457,-34.95274692,1.4299999475479126,124.0,63.0
2024-09-14T20:01:49Z,walk,2024-09-14T20:16:29Z,-8.04847323,-34.95275925,1.4299999475479126,125.0,63.0
2024-09-14T20:01:49Z,walk,2024-09-14T20:16:30Z,-8.04848055,-34.95277191,1.4199999570846558,125.0,64.0
2024-09-14T20:01:49Z,walk,2024-09-14T20:16:31Z,-8.04848855,-34.95278591,1.4199999570846558,125.0,64.0
2024-09-14T20:01:49Z,walk,2024-09-14T20:16:32Z,-8.04849821,-34.95280023,1.4199999570846558,125.0,64.0
2024-09-14T20:01:49Z,walk,2024-09-14T20:16:33Z,-8.04850954,-34.95281489,1.4199999570846558,125.0,64.0
2024-09-14T20:01:49Z,walk,2024-09-14T20:16:34Z,-8.0485202,-34.95282955,1.4199999570846558,125.0,64.0
2024-09-14T20:01:49Z,walk,2024-09-14T20:16:35Z,-8.04852986,-34.95284454,1.4199999570846558,125.0,64.0
2024-09-14T20:01:49Z,walk,2024-09-14T20:16:36Z,-8.04853786,-34.95285854,1.4199999570846558,124.0,64.0
2024-09-14T20:01:49Z,walk,2024-09-14T20:16:37Z,-8.04854318,-34.95287154,1.4199999570846558,124.0,64.0
2024-09-14T20:01:49Z,walk,2024-09-14T20:16:38Z,-8.04854918,-34.95288353,1.4299999475479126,124.0,64.0
2024-09-14T20:01:49Z,walk,2024-09-14T20:16:39Z,-8.04855584,-34.95289386,1.4299999475479126,126.0,64.0
2024-09-14T20:01:49Z,walk,2024-09-14T20:16:40Z,-8.04856284,-34.95290386,1.4299999475479126,125.0,63.0
2024-09-14T20:01:49Z,walk,2024-09-14T20:16:41Z,-8.0485695,-34.95291386,1.440000057220459,125.0,63.0
2024-09-14T20:01:49Z,walk,2024-09-14T20:16:42Z,-8.04857483,-34.95292251,1.440000057220459,125.0,63.0
2024-09-14T20:01:49Z,walk,2024-09-14T20:16:43Z,-8.04858083,-34.95292984,1.440000057220459,125.0,63.0
2024-09-14T20:01:49Z,walk,2024-09-14T20:16:44Z,-8.04858615,-34.95293617,1.440000057220459,125.0,63.0
2024-09-14T20:01:49Z,walk,2024-09-14T20:16:45Z,-8.04859148,-34.95294049,1.4299999475479126,125.0,63.0
2024-09-14T20:01:49Z,walk,2024-09-14T20:16:46Z,-8.04859948,-34.95294648,1.4299999475479126,125.0,63.0
2024-09-14T20:01:49Z,walk,2024-09-14T20:16:47Z,-8.04860947,-34.95295115,1.4199999570846558,125.0,64.0
2024-09-14T20:01:49Z,walk,2024-09-14T20:16:48Z,-8.0486198,-34.95295714,1.4199999570846558,126.0,64.0
2024-09-14T20:01:49Z,walk,2024-09-14T20:16:49Z,-8.04862979,-34.95296414,1.4199999570846558,126.0,64.0
2024-09-14T20:01:49Z,walk,2024-09-14T20:16:50Z,-8.04864012,-34.95296913,1.409999966621399,126.0,63.0
2024-09-14T20:01:49Z,walk,2024-09-14T20:16:51Z,-8.04864845,-34.9529738,1.409999966621399,126.0,63.0
2024-09-14T20:01:49Z,walk,2024-09-14T20:16:52Z,-8.04865545,-34.95297779,1.399999976158142,126.0,63.0
2024-09-14T20:01:49Z,walk,2024-09-14T20:16:53Z,-8.04866112,-34.95298179,1.3899999856948853,127.0,64.0
2024-09-14T20:01:49Z,walk,2024-09-14T20:16:54Z,-8.04866579,-34.95298544,1.3899999856948853,129.0,64.0
2024-09-14T20:01:49Z,walk,2024-09-14T20:16:55Z,-8.04867078,-34.95299044,1.3899999856948853,129.0,64.0
2024-09-14T20:01:49Z,walk,2024-09-14T20:16:56Z,-8.04867643,-34.95299743,1.3799999952316284,130.0,64.0
2024-09-14T20:01:49Z,walk,2024-09-14T20:16:57Z,-8.0486821,-34.9530051,1.3700000047683716,129.0,64.0
2024-09-14T20:01:49Z,walk,2024-09-14T20:16:58Z,-8.04868876,-34.9530131,1.3600000143051147,129.0,64.0
2024-09-14T20:01:49Z,walk,2024-09-14T20:16:59Z,-8.04869776,-34.95302009,1.350000023841858,129.0,65.0
2024-09-14T20:01:49Z,walk,2024-09-14T20:17:00Z,-8.04870809,-34.95302776,1.340000033378601,129.0,64.0
2024-09-14T20:01:49Z,walk,2024-09-14T20:17:01Z,-8.04871775,-34.95303309,1.340000033378601,129.0,64.0
2024-09-14T20:01:49Z,walk,2024-09-14T20:17:02Z,-8.04872808,-34.95303809,1.3300000429153442,129.0,63.0
2024-09-14T20:01:49Z,walk,2024-09-14T20:17:03Z,-8.04873941,-34.95304275,1.3200000524520874,128.0,66.0
2024-09-14T20:01:49Z,walk,2024-09-14T20:17:04Z,-8.0487504,-34.95304608,1.309999942779541,128.0,66.0
2024-09-14T20:01:49Z,walk,2024-09-14T20:17:05Z,-8.0487614,-34.95304841,1.309999942779541,128.0,66.0
2024-09-14T20:01:49Z,walk,2024-09-14T20:17:06Z,-8.04877173,-34.95304808,1.309999942779541,127.0,66.0
2024-09-14T20:01:49Z,walk,2024-09-14T20:17:07Z,-8.04878006,-34.95304808,1.309999942779541,127.0,66.0
2024-09-14T20:01:49Z,walk,2024-09-14T20:17:09Z,-8.04880272,-34.95305141,1.2999999523162842,128.0,66.0
2024-09-14T20:01:49Z,walk,2024-09-14T20:17:10Z,-8.04880537,-34.95305141,1.2999999523162842,128.0,66.0
2024-09-14T20:01:49Z,walk,2024-09-14T20:17:11Z,-8.0488127,-34.95305174,1.2999999523162842,128.0,63.0
2024-09-14T20:01:49Z,walk,2024-09-14T20:17:12Z,-8.04882236,-34.9530504,1.2999999523162842,128.0,63.0
2024-09-14T20:01:49Z,walk,2024-09-14T20:17:13Z,-8.04883269,-34.95304807,1.2999999523162842,128.0,63.0
2024-09-14T20:01:49Z,walk,2024-09-14T20:17:14Z,-8.04884169,-34.95304441,1.2899999618530273,128.0,63.0
2024-09-14T20:01:49Z,walk,2024-09-14T20:17:15Z,-8.04885234,-34.95303675,1.2899999618530273,128.0,63.0
2024-09-14T20:01:49Z,walk,2024-09-14T20:17:16Z,-8.04886334,-34.95302909,1.2799999713897705,128.0,65.0
2024-09-14T20:01:49Z,walk,2024-09-14T20:17:17Z,-8.04887433,-34.95302109,1.2799999713897705,128.0,65.0
2024-09-14T20:01:49Z,walk,2024-09-14T20:17:18Z,-8.048887,-34.95301243,1.2699999809265137,128.0,65.0
2024-09-14T20:01:49Z,walk,2024-09-14T20:17:19Z,-8.04890133,-34.95300378,1.2699999809265137,128.0,65.0
2024-09-14T20:01:49Z,walk,2024-09-14T20:17:20Z,-8.04891533,-34.95299811,1.2599999904632568,128.0,65.0
2024-09-14T20:01:49Z,walk,2024-09-14T20:17:21Z,-8.04892966,-34.95299544,1.2599999904632568,128.0,65.0
2024-09-14T20:01:49Z,walk,2024-09-14T20:17:22Z,-8.04894431,-34.9529961,1.2599999904632568,129.0,65.0
2024-09-14T20:01:49Z,walk,2024-09-14T20:17:23Z,-8.04895797,-34.95299843,1.2699999809265137,129.0,64.0
2024-09-14T20:01:49Z,walk,2024-09-14T20:17:24Z,-8.0489683,-34.95300042,1.2699999809265137,129.0,64.0
2024-09-14T20:01:49Z,walk,2024-09-14T20:17:25Z,-8.04897829,-34.95300342,1.2699999809265137,129.0,64.0
2024-09-14T20:01:49Z,walk,2024-09-14T20:17:26Z,-8.04898895,-34.95300808,1.2799999713897705,129.0,64.0
2024-09-14T20:01:49Z,walk,2024-09-14T20:17:27Z,-8.04900062,-34.9530174,1.2799999713897705,129.0,63.0
2024-09-14T20:01:49Z,walk,2024-09-14T20:17:28Z,-8.04901427,-34.9530284,1.2899999618530273,129.0,63.0
2024-09-14T20:01:49Z,walk,2024-09-14T20:17:29Z,-8.04903061,-34.95303807,1.2899999618530273,129.0,63.0
2024-09-14T20:01:49Z,walk,2024-09-14T20:17:30Z,-8.0490476,-34.95304573,1.2999999523162842,130.0,63.0
2024-09-14T20:01:49Z,walk,2024-09-14T20:17:31Z,-8.04906493,-34.95305139,1.2999999523162842,130.0,63.0
2024-09-14T20:01:49Z,walk,2024-09-14T20:17:32Z,-8.04908126,-34.95305405,1.2999999523162842,130.0,63.0
2024-09-14T20:01:49Z,walk,2024-09-14T20:17:33Z,-8.04909625,-34.95305405,1.309999942779541,131.0,63.0
2024-09-14T20:01:49Z,walk,2024-09-14T20:17:34Z,-8.04911025,-34.95305373,1.309999942779541,130.0,65.0
2024-09-14T20:01:49Z,walk,2024-09-14T20:17:35Z,-8.04912292,-34.9530524,1.3200000524520874,130.0,65.0
2024-09-14T20:01:49Z,walk,2024-09-14T20:17:36Z,-8.04913591,-34.95305107,1.3300000429153442,130.0,64.0
2024-09-14T20:01:49Z,walk,2024-09-14T20:17:37Z,-8.04914858,-34.95304875,1.3300000429153442,130.0,64.0
2024-09-14T20:01:49Z,walk,2024-09-14T20:17:38Z,-8.04916224,-34.95304641,1.3300000429153442,131.0,64.0
2024-09-14T20:01:49Z,walk,2024-09-14T20:17:39Z,-8.04917657,-34.95304475,1.3300000429153442,131.0,65.0
2024-09-14T20:01:49Z,walk,2024-09-14T20:17:40Z,-8.04919156,-34.95304342,1.340000033378601,132.0,66.0
2024-09-14T20:01:49Z,walk,2024-09-14T20:17:41Z,-8.04920488,-34.95304375,1.340000033378601,132.0,64.0
2024-09-14T20:01:49Z,walk,2024-09-14T20:17:42Z,-8.0492162,-34.95304241,1.340000033378601,133.0,64.0
2024-09-14T20:01:49Z,walk,2024-09-14T20:17:43Z,-8.04922587,-34.95304142,1.340000033378601,133.0,64.0
2024-09-14T20:01:49Z,walk,2024-09-14T20:17:44Z,-8.04923687,-34.95304208,1.340000033378601,133.0,64.0
2024-09-14T20:01:49Z,walk,2024-09-14T20:17:45Z,-8.04925019,-34.95304408,1.350000023841858,133.0,64.0
2024-09-14T20:01:49Z,walk,2024-09-14T20:17:46Z,-8.04926653,-34.95304507,1.350000023841858,132.0,64.0
2024-09-14T20:01:49Z,walk,2024-09-14T20:17:47Z,-8.04928285,-34.95304539,1.350000023841858,132.0,64.0
2024-09-14T20:01:49Z,walk,2024-09-14T20:17:48Z,-8.04929752,-34.95304407,1.350000023841858,131.0,64.0
2024-09-14T20:01:49Z,walk,2024-09-14T20:17:49Z,-8.04931418,-34.95304207,1.350000023841858,131.0,64.0
2024-09-14T20:01:49Z,walk,2024-09-14T20:17:50Z,-8.04933052,-34.95304008,1.3600000143051147,130.0,64.0
2024-09-14T20:01:49Z,walk,2024-09-14T20:17:51Z,-8.04934585,-34.95303875,1.3600000143051147,129.0,63.0
2024-09-14T20:01:49Z,walk,2024-09-14T20:17:52Z,-8.04936118,-34.95303809,1.3700000047683716,128.0,64.0
2024-09-14T20:01:49Z,walk,2024-09-14T20:17:53Z,-8.04937517,-34.95303676,1.3799999952316284,128.0,64.0
2024-09-14T20:01:49Z,walk,2024-09-14T20:17:54Z,-8.04938784,-34.95303676,1.3899999856948853,128.0,64.0
2024-09-14T20:01:49Z,walk,2024-09-14T20:17:56Z,-8.04940017,-34.95303776,1.3899999856948853,126.0,64.0
2024-09-14T20:01:49Z,walk,2024-09-14T20:17:56Z,-8.04941284,-34.95303941,1.3899999856948853,126.0,64.0
2024-09-14T20:01:49Z,walk,2024-09-14T20:17:57Z,-8.04942684,-34.95304108,1.399999976158142,126.0,64.0
2024-09-14T20:01:49Z,walk,2024-09-14T20:17:58Z,-8.04943983,-34.95304341,1.409999966621399,127.0,64.0
2024-09-14T20:01:49Z,walk,2024-09-14T20:17:59Z,-8.0494535,-34.9530474,1.409999966621399,127.0,64.0
2024-09-14T20:01:49Z,walk,2024-09-14T20:18:00Z,-8.04946949,-34.95305106,1.409999966621399,127.0,64.0
2024-09-14T20:01:49Z,walk,2024-09-14T20:18:01Z,-8.04948482,-34.95305373,1.4199999570846558,128.0,65.0
2024-09-14T20:01:49Z,walk,2024-09-14T20:18:02Z,-8.04950249,-34.95305573,1.4199999570846558,128.0,65.0
2024-09-14T20:01:49Z,walk,2024-09-14T20:18:03Z,-8.04951882,-34.95305573,1.4199999570846558,129.0,65.0
2024-09-14T20:01:49Z,walk,2024-09-14T20:18:04Z,-8.04953214,-34.95305207,1.4199999570846558,129.0,65.0
2024-09-14T20:01:49Z,walk,2024-09-14T20:18:05Z,-8.0495448,-34.95304875,1.4199999570846558,129.0,65.0
2024-09-14T20:01:49Z,walk,2024-09-14T20:18:06Z,-8.04955713,-34.95304408,1.4299999475479126,129.0,65.0
2024-09-14T20:01:49Z,walk,2024-09-14T20:18:07Z,-8.04956912,-34.95304141,1.4299999475479126,130.0,65.0
2024-09-14T20:01:49Z,walk,2024-09-14T20:18:08Z,-8.04958312,-34.95304141,1.4299999475479126,130.0,65.0
2024-09-14T20:01:49Z,walk,2024-09-14T20:18:09Z,-8.04959712,-34.95304076,1.4299999475479126,131.0,65.0
2024-09-14T20:01:49Z,walk,2024-09-14T20:18:10Z,-8.04961078,-34.95304275,1.4299999475479126,131.0,32.0
2024-09-14T20:01:49Z,walk,2024-09-14T20:18:11Z,-8.04962511,-34.95304475,1.4299999475479126,132.0,32.0
2024-09-14T20:01:49Z,walk,2024-09-14T20:18:12Z,-8.04963944,-34.95304641,1.4299999475479126,132.0,32.0
2024-09-14T20:01:49Z,walk,2024-09-14T20:18:13Z,-8.04965509,-34.95304807,1.4299999475479126,134.0,32.0
2024-09-14T20:01:49Z,walk,2024-09-14T20:18:14Z,-8.04967009,-34.95304807,1.4299999475479126,134.0,32.0
2024-09-14T20:01:49Z,walk,2024-09-14T20:18:15Z,-8.04968276,-34.95304675,1.4299999475479126,133.0,31.0
2024-09-14T20:01:49Z,walk,2024-09-14T20:18:16Z,-8.04969575,-34.95304609,1.440000057220459,133.0,31.0
2024-09-14T20:01:49Z,walk,2024-09-14T20:18:17Z,-8.04970941,-34.95304675,1.440000057220459,132.0,31.0
2024-09-14T20:01:49Z,walk,2024-09-14T20:18:18Z,-8.04972174,-34.95304642,1.440000057220459,132.0,32.0
2024-09-14T20:01:49Z,walk,2024-09-14T20:18:19Z,-8.04973274,-34.95304642,1.440000057220459,130.0,32.0
2024-09-14T20:01:49Z,walk,2024-09-14T20:18:20Z,-8.0497424,-34.95304576,1.440000057220459,130.0,32.0
2024-09-14T20:01:49Z,walk,2024-09-14T20:18:21Z,-8.04975506,-34.95304609,1.440000057220459,130.0,32.0
2024-09-14T20:01:49Z,walk,2024-09-14T20:18:22Z,-8.04977005,-34.95304675,1.440000057220459,129.0,31.0
2024-09-14T20:01:49Z,walk,2024-09-14T20:18:23Z,-8.04978538,-34.95304707,1.440000057220459,128.0,31.0
2024-09-14T20:01:49Z,walk,2024-09-14T20:18:24Z,-8.04980071,-34.95304574,1.4299999475479126,127.0,31.0
2024-09-14T20:01:49Z,walk,2024-09-14T20:18:25Z,-8.04981538,-34.95304275,1.4299999475479126,126.0,31.0
2024-09-14T20:01:49Z,walk,2024-09-14T20:18:26Z,-8.04982904,-34.95304009,1.4299999475479126,126.0,31.0
2024-09-14T20:01:49Z,walk,2024-09-14T20:18:27Z,-8.0498427,-34.95303942,1.4299999475479126,126.0,31.0
2024-09-14T20:01:49Z,walk,2024-09-14T20:18:28Z,-8.0498557,-34.95303877,1.4299999475479126,126.0,31.0
2024-09-14T20:01:49Z,walk,2024-09-14T20:18:29Z,-8.04986869,-34.95303844,1.4299999475479126,127.0,31.0
2024-09-14T20:01:49Z,walk,2024-09-14T20:18:30Z,-8.04988136,-34.95303943,1.4299999475479126,127.0,31.0
2024-09-14T20:01:49Z,walk,2024-09-14T20:18:31Z,-8.04989369,-34.95304177,1.4299999475479126,126.0,64.0
2024-09-14T20:01:49Z,walk,2024-09-14T20:18:32Z,-8.04990501,-34.95304442,1.4299999475479126,126.0,64.0
2024-09-14T20:01:49Z,walk,2024-09-14T20:18:33Z,-8.049918,-34.95304808,1.4299999475479126,126.0,62.0
2024-09-14T20:01:49Z,walk,2024-09-14T20:18:34Z,-8.04993134,-34.95305341,1.4299999475479126,126.0,62.0
2024-09-14T20:01:49Z,walk,2024-09-14T20:18:35Z,-8.049948,-34.95306141,1.4299999475479126,127.0,62.0
2024-09-14T20:01:49Z,walk,2024-09-14T20:18:36Z,-8.04996634,-34.95307074,1.4299999475479126,127.0,62.0
2024-09-14T20:01:49Z,walk,2024-09-14T20:18:37Z,-8.04998399,-34.95307907,1.4299999475479126,127.0,62.0
2024-09-14T20:01:49Z,walk,2024-09-14T20:18:38Z,-8.04999933,-34.95308574,1.4299999475479126,127.0,62.0
2024-09-14T20:01:49Z,walk,2024-09-14T20:18:39Z,-8.05001498,-34.95309139,1.4299999475479126,127.0,62.0
2024-09-14T20:01:49Z,walk,2024-09-14T20:18:40Z,-8.05002997,-34.95309505,1.4299999475479126,128.0,64.0
2024-09-14T20:01:49Z,walk,2024-09-14T20:18:41Z,-8.05004364,-34.95309772,1.440000057220459,128.0,64.0
2024-09-14T20:01:49Z,walk,2024-09-14T20:18:42Z,-8.05005631,-34.95309938,1.440000057220459,128.0,64.0
2024-09-14T20:01:49Z,walk,2024-09-14T20:18:43Z,-8.0500693,-34.95310171,1.4500000476837158,128.0,64.0
2024-09-14T20:01:49Z,walk,2024-09-14T20:18:44Z,-8.05008262,-34.95310371,1.4500000476837158,128.0,64.0
2024-09-14T20:01:49Z,walk,2024-09-14T20:18:45Z,-8.05009562,-34.95310604,1.4500000476837158,130.0,64.0
2024-09-14T20:01:49Z,walk,2024-09-14T20:18:46Z,-8.05010861,-34.95310903,1.4500000476837158,131.0,64.0
2024-09-14T20:01:49Z,walk,2024-09-14T20:18:47Z,-8.05012227,-34.95311136,1.4500000476837158,131.0,64.0
2024-09-14T20:01:49Z,walk,2024-09-14T20:18:48Z,-8.0501366,-34.95311502,1.4500000476837158,131.0,64.0
2024-09-14T20:01:49Z,walk,2024-09-14T20:18:49Z,-8.05015159,-34.95311868,1.4500000476837158,131.0,64.0
2024-09-14T20:01:49Z,walk,2024-09-14T20:18:49Z,-8.05016592,-34.95312234,1.4500000476837158,133.0,32.0
2024-09-14T20:01:49Z,walk,2024-09-14T20:18:50Z,-8.05018091,-34.95312567,1.4500000476837158,132.0,32.0
2024-09-14T20:01:49Z,walk,2024-09-14T20:18:51Z,-8.05019657,-34.95312966,1.4500000476837158,132.0,32.0
2024-09-14T20:01:49Z,walk,2024-09-14T20:18:52Z,-8.05021356,-34.95313399,1.4500000476837158,131.0,32.0
2024-09-14T20:01:49Z,walk,2024-09-14T20:18:53Z,-8.05023189,-34.95313798,1.4500000476837158,131.0,32.0
2024-09-14T20:01:49Z,walk,2024-09-14T20:18:54Z,-8.05025088,-34.95314331,1.4500000476837158,131.0,32.0
2024-09-14T20:01:49Z,walk,2024-09-14T20:18:55Z,-8.05027154,-34.95315131,1.4600000381469727,131.0,32.0
2024-09-14T20:01:49Z,walk,2024-09-14T20:18:56Z,-8.05029153,-34.95315997,1.4600000381469727,131.0,32.0
2024-09-14T20:01:49Z,walk,2024-09-14T20:18:57Z,-8.05030953,-34.95316964,1.4700000286102295,132.0,32.0
2024-09-14T20:01:49Z,walk,2024-09-14T20:18:58Z,-8.05032952,-34.95317929,1.4800000190734863,132.0,32.0
2024-09-14T20:01:49Z,walk,2024-09-14T20:18:59Z,-8.05034619,-34.95318562,1.4900000095367432,132.0,32.0
2024-09-14T20:01:49Z,walk,2024-09-14T20:19:00Z,-8.05036118,-34.95318962,1.5099999904632568,132.0,29.0
2024-09-14T20:01:49Z,walk,2024-09-14T20:19:01Z,-8.0503745,-34.95319227,1.5099999904632568,132.0,29.0
2024-09-14T20:01:49Z,walk,2024-09-14T20:19:02Z,-8.0503875,-34.95319393,1.5199999809265137,131.0,32.0
2024-09-14T20:01:49Z,walk,2024-09-14T20:19:03Z,-8.05040082,-34.95319459,1.5299999713897705,130.0,31.0
2024-09-14T20:01:49Z,walk,2024-09-14T20:19:04Z,-8.05041548,-34.95319525,1.5399999618530273,131.0,32.0
2024-09-14T20:01:49Z,walk,2024-09-14T20:19:05Z,-8.05043081,-34.95319591,1.5499999523162842,132.0,32.0
2024-09-14T20:01:49Z,walk,2024-09-14T20:19:06Z,-8.05044581,-34.95319723,1.5499999523162842,133.0,32.0
2024-09-14T20:01:49Z,walk,2024-09-14T20:19:07Z,-8.05045947,-34.9531979,1.5499999523162842,133.0,32.0
2024-09-14T20:01:49Z,walk,2024-09-14T20:19:08Z,-8.0504718,-34.95319723,1.5399999618530273,133.0,31.0
2024-09-14T20:01:49Z,walk,2024-09-14T20:19:09Z,-8.05048313,-34.95319756,1.5399999618530273,134.0,31.0
2024-09-14T20:01:49Z,walk,2024-09-14T20:19:10Z,-8.05049446,-34.95319856,1.5399999618530273,133.0,31.0
2024-09-14T20:01:49Z,walk,2024-09-14T20:19:11Z,-8.05050678,-34.95320089,1.5399999618530273,132.0,32.0
2024-09-14T20:01:49Z,walk,2024-09-14T20:19:12Z,-8.05051978,-34.95320388,1.5299999713897705,132.0,32.0
2024-09-14T20:01:49Z,walk,2024-09-14T20:19:13Z,-8.05053411,-34.95320621,1.5299999713897705,132.0,32.0
2024-09-14T20:01:49Z,walk,2024-09-14T20:19:14Z,-8.05054977,-34.95320888,1.5299999713897705,132.0,32.0
2024-09-14T20:01:49Z,walk,2024-09-14T20:19:15Z,-8.05056376,-34.95320954,1.5199999809265137,132.0,31.0
2024-09-14T20:01:49Z,walk,2024-09-14T20:19:16Z,-8.05057575,-34.9532072,1.5199999809265137,131.0,32.0
2024-09-14T20:01:49Z,walk,2024-09-14T20:19:17Z,-8.05058809,-34.95320421,1.5199999809265137,131.0,32.0
2024-09-14T20:01:49Z,walk,2024-09-14T20:19:18Z,-8.05060141,-34.95320156,1.5099999904632568,130.0,32.0
2024-09-14T20:01:49Z,walk,2024-09-14T20:19:19Z,-8.05061473,-34.95320023,1.5099999904632568,130.0,32.0
2024-09-14T20:01:49Z,walk,2024-09-14T20:19:20Z,-8.0506274,-34.9531989,1.5099999904632568,129.0,32.0
2024-09-14T20:01:49Z,walk,2024-09-14T20:19:21Z,-8.05063972,-34.95319858,1.5099999904632568,129.0,31.0
2024-09-14T20:01:49Z,walk,2024-09-14T20:19:22Z,-8.05065206,-34.95319825,1.5099999904632568,129.0,31.0
2024-09-14T20:01:49Z,walk,2024-09-14T20:19:23Z,-8.05066438,-34.95319825,1.5099999904632568,128.0,31.0
2024-09-14T20:01:49Z,walk,2024-09-14T20:19:24Z,-8.05067838,-34.95319891,1.5,128.0,31.0
2024-09-14T20:01:49Z,walk,2024-09-14T20:19:25Z,-8.05069271,-34.95320257,1.5,128.0,31.0
2024-09-14T20:01:49Z,walk,2024-09-14T20:19:26Z,-8.05070937,-34.9532079,1.5,126.0,31.0
2024-09-14T20:01:49Z,walk,2024-09-14T20:19:27Z,-8.0507287,-34.9532129,1.5,126.0,31.0
2024-09-14T20:01:49Z,walk,2024-09-14T20:19:28Z,-8.05074603,-34.95321757,1.4900000095367432,126.0,31.0
2024-09-14T20:01:49Z,walk,2024-09-14T20:19:29Z,-8.05076336,-34.95322222,1.5,126.0,31.0
2024-09-14T20:01:49Z,walk,2024-09-14T20:19:30Z,-8.05077968,-34.95322656,1.5,126.0,31.0
2024-09-14T20:01:49Z,walk,2024-09-14T20:19:31Z,-8.05079568,-34.95323088,1.5,126.0,31.0
2024-09-14T20:01:49Z,walk,2024-09-14T20:19:32Z,-8.05081202,-34.95323421,1.5099999904632568,126.0,31.0
2024-09-14T20:01:49Z,walk,2024-09-14T20:19:33Z,-8.05082901,-34.95323754,1.5099999904632568,125.0,31.0
2024-09-14T20:01:49Z,walk,2024-09-14T20:19:34Z,-8.05084567,-34.95323987,1.5199999809265137,125.0,64.0
2024-09-14T20:01:49Z,walk,2024-09-14T20:19:35Z,-8.05086234,-34.95324119,1.5299999713897705,124.0,64.0
2024-09-14T20:01:49Z,walk,2024-09-14T20:19:36Z,-8.05087866,-34.95324286,1.5399999618530273,124.0,64.0
2024-09-14T20:01:49Z,walk,2024-09-14T20:19:37Z,-8.05089333,-34.95324553,1.5399999618530273,124.0,64.0
2024-09-14T20:01:49Z,walk,2024-09-14T20:19:38Z,-8.05090532,-34.95324718,1.5399999618530273,124.0,64.0
2024-09-14T20:01:49Z,walk,2024-09-14T20:19:39Z,-8.05091632,-34.95324918,1.5499999523162842,124.0,64.0
2024-09-14T20:01:49Z,walk,2024-09-14T20:19:40Z,-8.05092798,-34.95325185,1.5499999523162842,124.0,64.0
2024-09-14T20:01:49Z,walk,2024-09-14T20:19:41Z,-8.05093997,-34.95325418,1.559999942779541,124.0,64.0
2024-09-14T20:01:49Z,walk,2024-09-14T20:19:42Z,-8.0509543,-34.95325717,1.559999942779541,124.0,64.0
2024-09-14T20:01:49Z,walk,2024-09-14T20:19:43Z,-8.05097096,-34.95325951,1.559999942779541,124.0,64.0
2024-09-14T20:01:49Z,walk,2024-09-14T20:19:44Z,-8.05098696,-34.95326116,1.559999942779541,124.0,64.0
2024-09-14T20:01:49Z,walk,2024-09-14T20:19:45Z,-8.05100229,-34.95326051,1.559999942779541,124.0,64.0
2024-09-14T20:01:49Z,walk,2024-09-14T20:19:46Z,-8.05101461,-34.95325752,1.559999942779541,124.0,30.0
2024-09-14T20:01:49Z,walk,2024-09-14T20:19:47Z,-8.05102728,-34.95325352,1.559999942779541,124.0,32.0
2024-09-14T20:01:49Z,walk,2024-09-14T20:19:48Z,-8.05104195,-34.95325319,1.559999942779541,125.0,32.0
2024-09-14T20:01:49Z,walk,2024-09-14T20:19:49Z,-8.05105995,-34.95325753,1.559999942779541,125.0,32.0
2024-09-14T20:01:49Z,walk,2024-09-14T20:19:50Z,-8.05107794,-34.95326185,1.559999942779541,125.0,32.0
2024-09-14T20:01:49Z,walk,2024-09-14T20:19:51Z,-8.0510966,-34.95326818,1.559999942779541,125.0,32.0
2024-09-14T20:01:49Z,walk,2024-09-14T20:19:52Z,-8.05111427,-34.95327417,1.559999942779541,124.0,32.0
2024-09-14T20:01:49Z,walk,2024-09-14T20:19:53Z,-8.0511316,-34.95328116,1.559999942779541,126.0,32.0
2024-09-14T20:01:49Z,walk,2024-09-14T20:19:54Z,-8.05114859,-34.95328816,1.5700000524520874,129.0,32.0
2024-09-14T20:01:49Z,walk,2024-09-14T20:19:55Z,-8.05116425,-34.95329415,1.5800000429153442,131.0,32.0
2024-09-14T20:01:49Z,walk,2024-09-14T20:19:56Z,-8.05117924,-34.95329848,1.5800000429153442,131.0,32.0
2024-09-14T20:01:49Z,walk,2024-09-14T20:19:57Z,-8.05119391,-34.95330214,1.590000033378601,131.0,32.0
2024-09-14T20:01:49Z,walk,2024-09-14T20:19:58Z,-8.05120723,-34.9533038,1.600000023841858,131.0,32.0
2024-09-14T20:01:49Z,walk,2024-09-14T20:19:59Z,-8.05122256,-34.95330613,1.6100000143051147,133.0,32.0
2024-09-14T20:01:49Z,walk,2024-09-14T20:20:00Z,-8.05123755,-34.9533088,1.6100000143051147,132.0,32.0
2024-09-14T20:01:49Z,walk,2024-09-14T20:20:01Z,-8.05125255,-34.95331179,1.6200000047683716,132.0,32.0
2024-09-14T20:01:49Z,walk,2024-09-14T20:20:02Z,-8.05126821,-34.95331478,1.6200000047683716,132.0,32.0
2024-09-14T20:01:49Z,walk,2024-09-14T20:20:03Z,-8.05128354,-34.95331777,1.6200000047683716,133.0,32.0
2024-09-14T20:01:49Z,walk,2024-09-14T20:20:04Z,-8.05129887,-34.95332044,1.6200000047683716,133.0,31.0
2024-09-14T20:01:49Z,walk,2024-09-14T20:20:05Z,-8.05131352,-34.95332244,1.6299999952316284,133.0,32.0
2024-09-14T20:01:49Z,walk,2024-09-14T20:20:06Z,-8.05132719,-34.95332343,1.6299999952316284,133.0,32.0
2024-09-14T20:01:49Z,walk,2024-09-14T20:20:07Z,-8.05134151,-34.95332443,1.6399999856948853,133.0,32.0
2024-09-14T20:01:49Z,walk,2024-09-14T20:20:08Z,-8.05135651,-34.95332443,1.6399999856948853,133.0,32.0
2024-09-14T20:01:49Z,walk,2024-09-14T20:20:09Z,-8.05137084,-34.95332376,1.6399999856948853,133.0,32.0
2024-09-14T20:01:49Z,walk,2024-09-14T20:20:10Z,-8.05138516,-34.95332277,1.6399999856948853,134.0,32.0
2024-09-14T20:01:49Z,walk,2024-09-14T20:20:11Z,-8.05139983,-34.95332343,1.649999976158142,133.0,32.0
2024-09-14T20:01:49Z,walk,2024-09-14T20:20:12Z,-8.05141482,-34.95332576,1.649999976158142,132.0,32.0
2024-09-14T20:01:49Z,walk,2024-09-14T20:20:13Z,-8.05142915,-34.95332908,1.649999976158142,132.0,32.0
2024-09-14T20:01:49Z,walk,2024-09-14T20:20:14Z,-8.05144414,-34.95333241,1.649999976158142,132.0,32.0
2024-09-14T20:01:49Z,walk,2024-09-14T20:20:15Z,-8.05145913,-34.95333574,1.649999976158142,130.0,32.0
2024-09-14T20:01:49Z,walk,2024-09-14T20:20:16Z,-8.05147413,-34.95333841,1.649999976158142,129.0,32.0
2024-09-14T20:01:49Z,walk,2024-09-14T20:20:17Z,-8.05148645,-34.9533404,1.649999976158142,128.0,32.0
2024-09-14T20:01:49Z,walk,2024-09-14T20:20:18Z,-8.05149745,-34.95334173,1.659999966621399,128.0,63.0
2024-09-14T20:01:49Z,walk,2024-09-14T20:20:19Z,-8.05151079,-34.95334406,1.659999966621399,128.0,63.0
2024-09-14T20:01:49Z,walk,2024-09-14T20:20:20Z,-8.05152544,-34.95334705,1.659999966621399,128.0,63.0
2024-09-14T20:01:49Z,walk,2024-09-14T20:20:21Z,-8.05153977,-34.95334939,1.659999966621399,128.0,61.0
2024-09-14T20:01:49Z,walk,2024-09-14T20:20:22Z,-8.0515551,-34.95335104,1.659999966621399,128.0,61.0
2024-09-14T20:01:49Z,walk,2024-09-14T20:20:23Z,-8.05156876,-34.95335137,1.659999966621399,128.0,62.0
2024-09-14T20:01:49Z,walk,2024-09-14T20:20:24Z,-8.05158109,-34.95335237,1.659999966621399,129.0,63.0
2024-09-14T20:01:49Z,walk,2024-09-14T20:20:25Z,-8.05159541,-34.95335469,1.659999966621399,129.0,63.0
2024-09-14T20:01:49Z,walk,2024-09-14T20:20:26Z,-8.05161008,-34.95335602,1.659999966621399,129.0,63.0
2024-09-14T20:01:49Z,walk,2024-09-14T20:20:27Z,-8.05162374,-34.95335769,1.649999976158142,129.0,63.0
2024-09-14T20:01:49Z,walk,2024-09-14T20:20:28Z,-8.05163674,-34.95335935,1.649999976158142,133.0,63.0
2024-09-14T20:01:49Z,walk,2024-09-14T20:20:29Z,-8.05164906,-34.95336101,1.649999976158142,129.0,63.0
2024-09-14T20:01:49Z,walk,2024-09-14T20:20:30Z,-8.05166206,-34.953362,1.649999976158142,129.0,63.0
2024-09-14T20:01:49Z,walk,2024-09-14T20:20:31Z,-8.05167538,-34.95336266,1.649999976158142,129.0,64.0
2024-09-14T20:01:49Z,walk,2024-09-14T20:20:32Z,-8.05169071,-34.95336298,1.649999976158142,129.0,64.0
2024-09-14T20:01:49Z,walk,2024-09-14T20:20:33Z,-8.05170571,-34.95336398,1.649999976158142,129.0,64.0
2024-09-14T20:01:49Z,walk,2024-09-14T20:20:34Z,-8.05171903,-34.95336531,1.649999976158142,127.0,64.0
2024-09-14T20:01:49Z,walk,2024-09-14T20:20:35Z,-8.05173202,-34.95336697,1.6399999856948853,127.0,64.0
2024-09-14T20:01:49Z,walk,2024-09-14T20:20:36Z,-8.05174502,-34.9533683,1.6399999856948853,127.0,64.0
2024-09-14T20:01:49Z,walk,2024-09-14T20:20:37Z,-8.05175734,-34.95337063,1.6399999856948853,127.0,65.0
2024-09-14T20:01:49Z,walk,2024-09-14T20:20:38Z,-8.05176968,-34.95337296,1.6399999856948853,126.0,65.0
2024-09-14T20:01:49Z,walk,2024-09-14T20:20:39Z,-8.05178333,-34.95337429,1.6399999856948853,126.0,65.0
2024-09-14T20:01:49Z,walk,2024-09-14T20:20:40Z,-8.05179766,-34.95337529,1.6299999952316284,127.0,65.0
2024-09-14T20:01:49Z,walk,2024-09-14T20:20:41Z,-8.05181232,-34.95337661,1.6299999952316284,127.0,65.0
2024-09-14T20:01:49Z,walk,2024-09-14T20:20:42Z,-8.05182798,-34.95337794,1.6299999952316284,127.0,65.0
2024-09-14T20:01:49Z,walk,2024-09-14T20:20:43Z,-8.05184264,-34.95337893,1.6299999952316284,126.0,64.0
2024-09-14T20:01:49Z,walk,2024-09-14T20:20:44Z,-8.05185864,-34.95337959,1.6299999952316284,126.0,64.0
2024-09-14T20:01:49Z,walk,2024-09-14T20:20:45Z,-8.05187264,-34.95338092,1.6299999952316284,126.0,64.0
2024-09-14T20:01:49Z,walk,2024-09-14T20:20:46Z,-8.05188529,-34.95338258,1.6299999952316284,126.0,64.0
2024-09-14T20:01:49Z,walk,2024-09-14T20:20:47Z,-8.05189728,-34.95338358,1.6299999952316284,124.0,63.0
2024-09-14T20:01:49Z,walk,2024-09-14T20:20:48Z,-8.05190995,-34.9533849,1.6399999856948853,123.0,62.0
2024-09-14T20:01:49Z,walk,2024-09-14T20:20:49Z,-8.05192462,-34.9533869,1.6399999856948853,123.0,63.0
2024-09-14T20:01:49Z,walk,2024-09-14T20:20:50Z,-8.05193995,-34.95338924,1.6399999856948853,122.0,63.0
2024-09-14T20:01:49Z,walk,2024-09-14T20:20:51Z,-8.05195627,-34.95339123,1.6399999856948853,122.0,63.0
2024-09-14T20:01:49Z,walk,2024-09-14T20:20:52Z,-8.05197294,-34.95339388,1.6399999856948853,123.0,64.0
2024-09-14T20:01:49Z,walk,2024-09-14T20:20:53Z,-8.05198827,-34.95339655,1.6399999856948853,124.0,64.0
2024-09-14T20:01:49Z,walk,2024-09-14T20:20:54Z,-8.05200227,-34.95340022,1.6399999856948853,125.0,62.0
2024-09-14T20:01:49Z,walk,2024-09-14T20:20:55Z,-8.05201627,-34.95340321,1.6399999856948853,125.0,62.0
2024-09-14T20:01:49Z,walk,2024-09-14T20:20:56Z,-8.0520296,-34.95340486,1.6399999856948853,125.0,63.0
2024-09-14T20:01:49Z,walk,2024-09-14T20:20:57Z,-8.05204326,-34.95340586,1.6399999856948853,125.0,63.0
2024-09-14T20:01:49Z,walk,2024-09-14T20:20:58Z,-8.05205692,-34.95340619,1.6399999856948853,126.0,63.0
2024-09-14T20:01:49Z,walk,2024-09-14T20:20:59Z,-8.05207024,-34.95340619,1.649999976158142,127.0,63.0
2024-09-14T20:01:49Z,walk,2024-09-14T20:21:00Z,-8.05208058,-34.95340385,1.649999976158142,127.0,64.0
2024-09-14T20:01:49Z,walk,2024-09-14T20:21:01Z,-8.05208958,-34.9534012,1.649999976158142,127.0,63.0
2024-09-14T20:01:49Z,walk,2024-09-14T20:21:02Z,-8.05209957,-34.95339821,1.6399999856948853,127.0,64.0
2024-09-14T20:01:49Z,walk,2024-09-14T20:21:03Z,-8.05211389,-34.95339621,1.6399999856948853,127.0,64.0
2024-09-14T20:01:49Z,walk,2024-09-14T20:21:04Z,-8.05212989,-34.95339555,1.6399999856948853,127.0,64.0
2024-09-14T20:01:49Z,walk,2024-09-14T20:21:05Z,-8.05214555,-34.95339555,1.6399999856948853,126.0,63.0
2024-09-14T20:01:49Z,walk,2024-09-14T20:21:06Z,-8.0521602,-34.95339688,1.6399999856948853,124.0,64.0
2024-09-14T20:01:49Z,walk,2024-09-14T20:21:07Z,-8.0521732,-34.95339754,1.6399999856948853,122.0,63.0
2024-09-14T20:01:49Z,walk,2024-09-14T20:21:08Z,-8.05218619,-34.95339853,1.6399999856948853,121.0,63.0
2024-09-14T20:01:49Z,walk,2024-09-14T20:21:09Z,-8.05219886,-34.95339919,1.6399999856948853,121.0,63.0
2024-09-14T20:01:49Z,walk,2024-09-14T20:21:10Z,-8.05221218,-34.95339985,1.6299999952316284,121.0,63.0
2024-09-14T20:01:49Z,walk,2024-09-14T20:21:11Z,-8.05222618,-34.95340018,1.6299999952316284,121.0,63.0
2024-09-14T20:01:49Z,walk,2024-09-14T20:21:12Z,-8.05224085,-34.95340083,1.6299999952316284,121.0,63.0
2024-09-14T20:01:49Z,walk,2024-09-14T20:21:13Z,-8.05225517,-34.95340083,1.6299999952316284,121.0,63.0
2024-09-14T20:01:49Z,walk,2024-09-14T20:21:14Z,-8.05227051,-34.95340116,1.6200000047683716,121.0,63.0
2024-09-14T20:01:49Z,walk,2024-09-14T20:21:15Z,-8.0522855,-34.95340316,1.6200000047683716,120.0,63.0
2024-09-14T20:01:49Z,walk,2024-09-14T20:21:16Z,-8.05229983,-34.95340581,1.6200000047683716,120.0,63.0
2024-09-14T20:01:49Z,walk,2024-09-14T20:21:17Z,-8.05231449,-34.9534088,1.6200000047683716,119.0,63.0
2024-09-14T20:01:49Z,walk,2024-09-14T20:21:18Z,-8.05232949,-34.95341346,1.6200000047683716,120.0,31.0
2024-09-14T20:01:49Z,walk,2024-09-14T20:21:19Z,-8.05234381,-34.95341779,1.6200000047683716,120.0,31.0
2024-09-14T20:01:49Z,walk,2024-09-14T20:21:20Z,-8.05235648,-34.95342378,1.6299999952316284,120.0,31.0
2024-09-14T20:01:49Z,walk,2024-09-14T20:21:21Z,-8.0523678,-34.95342744,1.6299999952316284,120.0,31.0
2024-09-14T20:01:49Z,walk,2024-09-14T20:21:22Z,-8.05238047,-34.95343077,1.6299999952316284,120.0,31.0
2024-09-14T20:01:49Z,walk,2024-09-14T20:21:23Z,-8.05239447,-34.95343243,1.6299999952316284,122.0,31.0
2024-09-14T20:01:49Z,walk,2024-09-14T20:21:24Z,-8.0524088,-34.95343275,1.6299999952316284,122.0,31.0
2024-09-14T20:01:49Z,walk,2024-09-14T20:21:25Z,-8.05242379,-34.95343308,1.6299999952316284,122.0,31.0
2024-09-14T20:01:49Z,walk,2024-09-14T20:21:26Z,-8.05243945,-34.95343341,1.6299999952316284,122.0,31.0
2024-09-14T20:01:49Z,walk,2024-09-14T20:21:27Z,-8.05245511,-34.95343373,1.6299999952316284,121.0,31.0
2024-09-14T20:01:49Z,walk,2024-09-14T20:21:28Z,-8.05247144,-34.95343406,1.6299999952316284,121.0,31.0
2024-09-14T20:01:49Z,walk,2024-09-14T20:21:29Z,-8.05248844,-34.95343671,1.6299999952316284,123.0,31.0
2024-09-14T20:01:49Z,walk,2024-09-14T20:21:30Z,-8.05250443,-34.95344037,1.6299999952316284,123.0,31.0
2024-09-14T20:01:49Z,walk,2024-09-14T20:21:31Z,-8.05251943,-34.95344237,1.6299999952316284,123.0,31.0
2024-09-14T20:01:49Z,walk,2024-09-14T20:21:32Z,-8.05253408,-34.95344303,1.6299999952316284,123.0,63.0
2024-09-14T20:01:49Z,walk,2024-09-14T20:21:33Z,-8.05254841,-34.95344204,1.6399999856948853,123.0,63.0
2024-09-14T20:01:49Z,walk,2024-09-14T20:21:34Z,-8.05256374,-34.95344171,1.6399999856948853,123.0,63.0
2024-09-14T20:01:49Z,walk,2024-09-14T20:21:35Z,-8.05257907,-34.95344071,1.649999976158142,122.0,63.0
2024-09-14T20:01:49Z,walk,2024-09-14T20:21:36Z,-8.05259507,-34.95344006,1.649999976158142,122.0,64.0
2024-09-14T20:01:49Z,walk,2024-09-14T20:21:37Z,-8.0526114,-34.95343973,1.649999976158142,122.0,64.0
2024-09-14T20:01:49Z,walk,2024-09-14T20:21:38Z,-8.05262606,-34.9534384,1.659999966621399,123.0,64.0
2024-09-14T20:01:49Z,walk,2024-09-14T20:21:39Z,-8.05263972,-34.95343708,1.659999966621399,122.0,63.0
2024-09-14T20:01:49Z,walk,2024-09-14T20:21:40Z,-8.05265271,-34.95343608,1.659999966621399,122.0,63.0
2024-09-14T20:01:49Z,walk,2024-09-14T20:21:41Z,-8.05266538,-34.95343542,1.6699999570846558,121.0,63.0
2024-09-14T20:01:49Z,walk,2024-09-14T20:21:42Z,-8.05267771,-34.95343443,1.6699999570846558,121.0,64.0
2024-09-14T20:01:49Z,walk,2024-09-14T20:21:43Z,-8.05268937,-34.9534331,1.6699999570846558,120.0,64.0
2024-09-14T20:01:49Z,walk,2024-09-14T20:21:44Z,-8.0527007,-34.95343244,1.6699999570846558,120.0,63.0
2024-09-14T20:01:49Z,walk,2024-09-14T20:21:45Z,-8.05271336,-34.95343178,1.6699999570846558,120.0,63.0
2024-09-14T20:01:49Z,walk,2024-09-14T20:21:46Z,-8.05272736,-34.95343146,1.6699999570846558,120.0,63.0
2024-09-14T20:01:49Z,walk,2024-09-14T20:21:47Z,-8.05274236,-34.95343114,1.6699999570846558,122.0,63.0
2024-09-14T20:01:49Z,walk,2024-09-14T20:21:48Z,-8.05275636,-34.95343146,1.6699999570846558,123.0,63.0
2024-09-14T20:01:49Z,walk,2024-09-14T20:21:49Z,-8.05277135,-34.95343245,1.659999966621399,124.0,64.0
2024-09-14T20:01:49Z,walk,2024-09-14T20:21:50Z,-8.05278668,-34.95343277,1.659999966621399,124.0,63.0
2024-09-14T20:01:49Z,walk,2024-09-14T20:21:51Z,-8.05280134,-34.9534331,1.659999966621399,124.0,63.0
2024-09-14T20:01:49Z,walk,2024-09-14T20:21:52Z,-8.05281534,-34.95343343,1.659999966621399,124.0,63.0
2024-09-14T20:01:49Z,walk,2024-09-14T20:21:53Z,-8.05282934,-34.95343475,1.659999966621399,124.0,63.0
2024-09-14T20:01:49Z,walk,2024-09-14T20:21:54Z,-8.05284367,-34.95343774,1.659999966621399,124.0,63.0
2024-09-14T20:01:49Z,walk,2024-09-14T20:21:55Z,-8.05285866,-34.95344241,1.659999966621399,124.0,63.0
2024-09-14T20:01:49Z,walk,2024-09-14T20:21:56Z,-8.05287432,-34.95344673,1.659999966621399,123.0,63.0
2024-09-14T20:01:49Z,walk,2024-09-14T20:21:57Z,-8.05288965,-34.95345173,1.659999966621399,123.0,63.0
2024-09-14T20:01:49Z,walk,2024-09-14T20:21:58Z,-8.05290365,-34.95345673,1.659999966621399,123.0,63.0
2024-09-14T20:01:49Z,walk,2024-09-14T20:21:59Z,-8.05291931,-34.95346072,1.6699999570846558,123.0,63.0
2024-09-14T20:01:49Z,walk,2024-09-14T20:22:00Z,-8.0529313,-34.95346405,1.6699999570846558,123.0,63.0
2024-09-14T20:01:49Z,walk,2024-09-14T20:22:01Z,-8.05294329,-34.95346771,1.6699999570846558,123.0,63.0
2024-09-14T20:01:49Z,walk,2024-09-14T20:22:02Z,-8.05295462,-34.95347204,1.6799999475479126,122.0,63.0
2024-09-14T20:01:49Z,walk,2024-09-14T20:22:03Z,-8.05296761,-34.9534757,1.6799999475479126,122.0,63.0
2024-09-14T20:01:49Z,walk,2024-09-14T20:22:04Z,-8.05298127,-34.95347969,1.6799999475479126,122.0,63.0
2024-09-14T20:01:49Z,walk,2024-09-14T20:22:05Z,-8.05299326,-34.95348268,1.6799999475479126,123.0,63.0
2024-09-14T20:01:49Z,walk,2024-09-14T20:22:06Z,-8.05300359,-34.95348567,1.6799999475479126,124.0,63.0
2024-09-14T20:01:49Z,walk,2024-09-14T20:22:07Z,-8.05301192,-34.953489,1.6799999475479126,124.0,63.0
2024-09-14T20:01:49Z,walk,2024-09-14T20:22:08Z,-8.05302058,-34.95349165,1.6799999475479126,125.0,63.0
2024-09-14T20:01:49Z,walk,2024-09-14T20:22:09Z,-8.05302891,-34.95349332,1.6699999570846558,125.0,63.0
2024-09-14T20:01:49Z,walk,2024-09-14T20:22:10Z,-8.05303891,-34.95349398,1.6699999570846558,125.0,63.0
2024-09-14T20:01:49Z,walk,2024-09-14T20:22:11Z,-8.0530499,-34.95349463,1.659999966621399,125.0,63.0
2024-09-14T20:01:49Z,walk,2024-09-14T20:22:12Z,-8.05306056,-34.95349597,1.649999976158142,125.0,63.0
2024-09-14T20:01:49Z,walk,2024-09-14T20:22:13Z,-8.05307055,-34.95349729,1.6399999856948853,125.0,63.0
2024-09-14T20:01:49Z,walk,2024-09-14T20:22:14Z,-8.05308222,-34.95349996,1.6299999952316284,125.0,63.0
2024-09-14T20:01:49Z,walk,2024-09-14T20:22:15Z,-8.05309455,-34.95350362,1.6200000047683716,125.0,62.0
2024-09-14T20:01:49Z,walk,2024-09-14T20:22:16Z,-8.05310687,-34.95350695,1.6200000047683716,125.0,62.0
2024-09-14T20:01:49Z,walk,2024-09-14T20:22:17Z,-8.0531192,-34.9535096,1.6100000143051147,123.0,63.0
2024-09-14T20:01:49Z,walk,2024-09-14T20:22:18Z,-8.05313186,-34.95351193,1.600000023841858,123.0,63.0
2024-09-14T20:01:49Z,walk,2024-09-14T20:22:19Z,-8.05314453,-34.95351359,1.590000033378601,123.0,63.0
2024-09-14T20:01:49Z,walk,2024-09-14T20:22:20Z,-8.05315785,-34.95351425,1.590000033378601,124.0,64.0
2024-09-14T20:01:49Z,walk,2024-09-14T20:22:21Z,-8.05317151,-34.95351359,1.5800000429153442,124.0,64.0
2024-09-14T20:01:49Z,walk,2024-09-14T20:22:22Z,-8.05318551,-34.95351294,1.5800000429153442,124.0,64.0
2024-09-14T20:01:49Z,walk,2024-09-14T20:22:23Z,-8.05319917,-34.95351326,1.5800000429153442,124.0,64.0
2024-09-14T20:01:49Z,walk,2024-09-14T20:22:24Z,-8.05321283,-34.95351392,1.5800000429153442,126.0,63.0
2024-09-14T20:01:49Z,walk,2024-09-14T20:22:25Z,-8.05322582,-34.95351558,1.5800000429153442,126.0,63.0
2024-09-14T20:01:49Z,walk,2024-09-14T20:22:26Z,-8.05323816,-34.95351724,1.5800000429153442,125.0,64.0
2024-09-14T20:01:49Z,walk,2024-09-14T20:22:27Z,-8.05324881,-34.95351891,1.5700000524520874,124.0,63.0
2024-09-14T20:01:49Z,walk,2024-09-14T20:22:28Z,-8.05326047,-34.95352091,1.5700000524520874,124.0,63.0
2024-09-14T20:01:49Z,walk,2024-09-14T20:22:29Z,-8.05327414,-34.9535239,1.5700000524520874,124.0,64.0
2024-09-14T20:01:49Z,walk,2024-09-14T20:22:30Z,-8.05328846,-34.95352789,1.5700000524520874,123.0,63.0
2024-09-14T20:01:49Z,walk,2024-09-14T20:22:31Z,-8.05330246,-34.95353022,1.5700000524520874,123.0,63.0
2024-09-14T20:01:49Z,walk,2024-09-14T20:22:32Z,-8.05331546,-34.95353154,1.559999942779541,122.0,63.0
2024-09-14T20:01:49Z,walk,2024-09-14T20:22:33Z,-8.05332778,-34.95353154,1.559999942779541,122.0,63.0
2024-09-14T20:01:49Z,walk,2024-09-14T20:22:34Z,-8.05333977,-34.95353188,1.559999942779541,122.0,63.0
2024-09-14T20:01:49Z,walk,2024-09-14T20:22:35Z,-8.05335211,-34.95353121,1.559999942779541,122.0,64.0
2024-09-14T20:01:49Z,walk,2024-09-14T20:22:36Z,-8.05336476,-34.95353089,1.559999942779541,122.0,63.0
2024-09-14T20:01:49Z,walk,2024-09-14T20:22:37Z,-8.05337775,-34.95353089,1.5499999523162842,122.0,63.0
2024-09-14T20:01:49Z,walk,2024-09-14T20:22:38Z,-8.05338875,-34.95353056,1.5499999523162842,122.0,63.0
2024-09-14T20:01:49Z,walk,2024-09-14T20:22:39Z,-8.05340241,-34.95352991,1.5499999523162842,123.0,63.0
2024-09-14T20:01:49Z,walk,2024-09-14T20:22:40Z,-8.05341841,-34.95353023,1.5499999523162842,123.0,63.0
2024-09-14T20:01:49Z,walk,2024-09-14T20:22:41Z,-8.05343407,-34.95353256,1.5399999618530273,124.0,63.0
2024-09-14T20:01:49Z,walk,2024-09-14T20:22:42Z,-8.05344773,-34.95353456,1.5399999618530273,125.0,63.0
2024-09-14T20:01:49Z,walk,2024-09-14T20:22:43Z,-8.05346139,-34.95353522,1.5299999713897705,126.0,63.0
2024-09-14T20:01:49Z,walk,2024-09-14T20:22:44Z,-8.05347306,-34.95353422,1.5299999713897705,126.0,63.0
2024-09-14T20:01:49Z,walk,2024-09-14T20:22:45Z,-8.05348271,-34.95353123,1.5199999809265137,126.0,63.0
2024-09-14T20:01:49Z,walk,2024-09-14T20:22:46Z,-8.05349104,-34.95352824,1.5199999809265137,126.0,63.0
2024-09-14T20:01:49Z,walk,2024-09-14T20:22:47Z,-8.05349869,-34.95352557,1.5099999904632568,125.0,64.0
2024-09-14T20:01:49Z,walk,2024-09-14T20:22:48Z,-8.05350603,-34.95352458,1.5099999904632568,123.0,64.0
2024-09-14T20:01:49Z,walk,2024-09-14T20:22:49Z,-8.05351202,-34.95352426,1.5,122.0,63.0
2024-09-14T20:01:49Z,walk,2024-09-14T20:22:50Z,-8.05351902,-34.9535236,1.4900000095367432,122.0,63.0
2024-09-14T20:01:49Z,walk,2024-09-14T20:22:51Z,-8.05352834,-34.95352294,1.4700000286102295,122.0,64.0
2024-09-14T20:01:49Z,walk,2024-09-14T20:22:52Z,-8.05353867,-34.95352261,1.4500000476837158,122.0,64.0
2024-09-14T20:01:49Z,walk,2024-09-14T20:22:53Z,-8.05355034,-34.95352261,1.4500000476837158,122.0,64.0
2024-09-14T20:01:49Z,walk,2024-09-14T20:22:54Z,-8.053562,-34.95352361,1.440000057220459,122.0,63.0
2024-09-14T20:01:49Z,walk,2024-09-14T20:22:55Z,-8.05357366,-34.95352527,1.4199999570846558,122.0,63.0
2024-09-14T20:01:49Z,walk,2024-09-14T20:22:56Z,-8.05358565,-34.95352694,1.409999966621399,122.0,63.0
2024-09-14T20:01:49Z,walk,2024-09-14T20:22:57Z,-8.05359764,-34.95352927,1.409999966621399,122.0,63.0
2024-09-14T20:01:49Z,walk,2024-09-14T20:22:58Z,-8.05360698,-34.95353059,1.409999966621399,122.0,63.0
2024-09-14T20:01:49Z,walk,2024-09-14T20:22:59Z,-8.05361431,-34.95353493,1.399999976158142,123.0,64.0
2024-09-14T20:01:49Z,walk,2024-09-14T20:23:00Z,-8.05362197,-34.95354058,1.399999976158142,123.0,64.0
2024-09-14T20:01:49Z,walk,2024-09-14T20:23:01Z,-8.0536303,-34.95354691,1.3899999856948853,123.0,64.0
2024-09-14T20:01:49Z,walk,2024-09-14T20:23:02Z,-8.0536403,-34.95355424,1.3799999952316284,123.0,64.0
2024-09-14T20:01:49Z,walk,2024-09-14T20:23:03Z,-8.05365196,-34.95356456,1.3799999952316284,123.0,64.0
2024-09-14T20:01:49Z,walk,2024-09-14T20:23:04Z,-8.05366395,-34.95357389,1.3799999952316284,123.0,64.0
2024-09-14T20:01:49Z,walk,2024-09-14T20:23:04Z,-8.0536766,-34.95358155,1.3700000047683716,123.0,63.0
2024-09-14T20:01:49Z,walk,2024-09-14T20:23:05Z,-8.05368827,-34.95358788,1.3600000143051147,121.0,63.0
2024-09-14T20:01:49Z,walk,2024-09-14T20:23:06Z,-8.05369893,-34.95359188,1.350000023841858,121.0,63.0
2024-09-14T20:01:49Z,walk,2024-09-14T20:23:07Z,-8.05370992,-34.95359421,1.350000023841858,120.0,64.0
2024-09-14T20:01:49Z,walk,2024-09-14T20:23:08Z,-8.05372125,-34.95359553,1.350000023841858,120.0,65.0
2024-09-14T20:01:49Z,walk,2024-09-14T20:23:09Z,-8.05373525,-34.9535972,1.350000023841858,120.0,65.0
2024-09-14T20:01:49Z,walk,2024-09-14T20:23:10Z,-8.05375191,-34.95359919,1.340000033378601,120.0,64.0
2024-09-14T20:01:49Z,walk,2024-09-14T20:23:11Z,-8.0537689,-34.95360186,1.340000033378601,120.0,63.0
2024-09-14T20:01:49Z,walk,2024-09-14T20:23:12Z,-8.05378656,-34.95360352,1.340000033378601,121.0,63.0
2024-09-14T20:01:49Z,walk,2024-09-14T20:23:13Z,-8.05380689,-34.9536032,1.340000033378601,122.0,63.0
2024-09-14T20:01:49Z,walk,2024-09-14T20:23:14Z,-8.05382889,-34.95360153,1.350000023841858,121.0,64.0
2024-09-14T20:01:49Z,walk,2024-09-14T20:23:15Z,-8.05385088,-34.95360021,1.350000023841858,121.0,64.0
2024-09-14T20:01:49Z,walk,2024-09-14T20:23:16Z,-8.0538722,-34.95359921,1.3600000143051147,120.0,64.0
2024-09-14T20:01:49Z,walk,2024-09-14T20:23:17Z,-8.05389353,-34.95359855,1.3700000047683716,120.0,64.0
2024-09-14T20:01:49Z,walk,2024-09-14T20:23:18Z,-8.05391619,-34.95359756,1.3799999952316284,121.0,63.0
2024-09-14T20:01:49Z,walk,2024-09-14T20:23:19Z,-8.05394052,-34.95359789,1.399999976158142,121.0,63.0
2024-09-14T20:01:49Z,walk,2024-09-14T20:23:20Z,-8.05396451,-34.95359921,1.7400000095367432,121.0,63.0
2024-09-14T20:01:49Z,walk,2024-09-14T20:23:21Z,-8.0539885,-34.95360188,2.0799999237060547,121.0,63.0
2024-09-14T20:01:49Z,walk,2024-09-14T20:23:22Z,-8.05401116,-34.95360521,2.0799999237060547,121.0,63.0
2024-09-14T20:01:49Z,walk,2024-09-14T20:23:23Z,-8.05403182,-34.95360953,2.0999999046325684,121.0,63.0
2024-09-14T20:01:49Z,walk,2024-09-14T20:23:24Z,-8.05405048,-34.9536142,2.119999885559082,122.0,63.0
2024-09-14T20:01:49Z,walk,2024-09-14T20:23:25Z,-8.05406747,-34.95361719,2.130000114440918,122.0,64.0
2024-09-14T20:01:49Z,walk,2024-09-14T20:23:26Z,-8.05408313,-34.95361885,2.119999885559082,122.0,64.0
2024-09-14T20:01:49Z,walk,2024-09-14T20:23:27Z,-8.05409946,-34.95362085,2.069999933242798,122.0,63.0
2024-09-14T20:01:49Z,walk,2024-09-14T20:23:28Z,-8.05411412,-34.9536235,2.069999933242798,122.0,63.0
2024-09-14T20:01:49Z,walk,2024-09-14T20:23:29Z,-8.05412812,-34.95362784,1.9600000381469727,123.0,64.0
2024-09-14T20:01:49Z,walk,2024-09-14T20:23:30Z,-8.05414212,-34.95363483,1.840000033378601,123.0,64.0
2024-09-14T20:01:49Z,walk,2024-09-14T20:23:31Z,-8.05415745,-34.95364149,1.75,123.0,63.0
2024-09-14T20:01:49Z,walk,2024-09-14T20:23:32Z,-8.05417379,-34.95364648,1.7000000476837158,123.0,62.0
2024-09-14T20:01:49Z,walk,2024-09-14T20:23:33Z,-8.05418979,-34.95365048,1.7000000476837158,122.0,64.0
2024-09-14T20:01:49Z,walk,2024-09-14T20:23:34Z,-8.05420411,-34.95365247,1.7000000476837158,122.0,64.0
2024-09-14T20:01:49Z,walk,2024-09-14T20:23:35Z,-8.05421844,-34.95365414,1.690000057220459,122.0,65.0
2024-09-14T20:01:49Z,walk,2024-09-14T20:23:36Z,-8.05423043,-34.95365547,1.6799999475479126,123.0,64.0
2024-09-14T20:01:49Z,walk,2024-09-14T20:23:37Z,-8.0542431,-34.95365713,1.6799999475479126,123.0,64.0
2024-09-14T20:01:49Z,walk,2024-09-14T20:23:38Z,-8.05425642,-34.9536588,1.6799999475479126,123.0,64.0
2024-09-14T20:01:49Z,walk,2024-09-14T20:23:39Z,-8.05426975,-34.95366045,1.6799999475479126,123.0,64.0
2024-09-14T20:01:49Z,walk,2024-09-14T20:23:40Z,-8.05428275,-34.95366179,1.6799999475479126,123.0,64.0
2024-09-14T20:01:49Z,walk,2024-09-14T20:23:41Z,-8.05429774,-34.95366478,1.649999976158142,122.0,64.0
2024-09-14T20:01:49Z,walk,2024-09-14T20:23:42Z,-8.05431174,-34.95366877,1.6200000047683716,122.0,63.0
2024-09-14T20:01:49Z,walk,2024-09-14T20:23:43Z,-8.05432673,-34.95367476,1.6200000047683716,122.0,63.0
2024-09-14T20:01:49Z,walk,2024-09-14T20:23:44Z,-8.05434173,-34.95368142,1.6299999952316284,122.0,63.0
2024-09-14T20:01:49Z,walk,2024-09-14T20:23:45Z,-8.05435538,-34.95368709,1.649999976158142,122.0,64.0
2024-09-14T20:01:49Z,walk,2024-09-14T20:23:46Z,-8.05436905,-34.95369075,1.649999976158142,122.0,64.0
2024-09-14T20:01:49Z,walk,2024-09-14T20:23:47Z,-8.05438204,-34.95369241,1.6699999570846558,120.0,64.0
2024-09-14T20:01:49Z,walk,2024-09-14T20:23:48Z,-8.05439471,-34.95369274,1.6699999570846558,120.0,64.0
2024-09-14T20:01:49Z,walk,2024-09-14T20:23:49Z,-8.05440803,-34.95369241,1.6699999570846558,120.0,64.0
2024-09-14T20:01:49Z,walk,2024-09-14T20:23:50Z,-8.0544227,-34.95369274,1.6299999952316284,120.0,62.0
2024-09-14T20:01:49Z,walk,2024-09-14T20:23:51Z,-8.0544367,-34.95369406,1.5700000524520874,121.0,62.0
2024-09-14T20:01:49Z,walk,2024-09-14T20:23:52Z,-8.05444769,-34.95369673,1.5700000524520874,121.0,62.0
2024-09-14T20:01:49Z,walk,2024-09-14T20:23:53Z,-8.05445734,-34.95370005,1.559999942779541,123.0,62.0
2024-09-14T20:01:49Z,walk,2024-09-14T20:23:54Z,-8.05446701,-34.95370405,1.5099999904632568,124.0,62.0
2024-09-14T20:01:49Z,walk,2024-09-14T20:23:55Z,-8.05447767,-34.95370871,1.4700000286102295,124.0,62.0
2024-09-14T20:01:49Z,walk,2024-09-14T20:23:56Z,-8.05448766,-34.95371471,1.4800000190734863,124.0,63.0
2024-09-14T20:01:49Z,walk,2024-09-14T20:23:57Z,-8.05449466,-34.95372036,1.4700000286102295,124.0,63.0
2024-09-14T20:01:49Z,walk,2024-09-14T20:23:58Z,-8.05450032,-34.95372569,1.4700000286102295,124.0,63.0
2024-09-14T20:01:49Z,walk,2024-09-14T20:23:59Z,-8.05450598,-34.95373435,1.4600000381469727,124.0,64.0
2024-09-14T20:01:49Z,walk,2024-09-14T20:24:00Z,-8.05450898,-34.95374835,1.4500000476837158,124.0,64.0
2024-09-14T20:01:49Z,walk,2024-09-14T20:24:01Z,-8.0545113,-34.95376368,1.440000057220459,125.0,64.0
2024-09-14T20:01:49Z,walk,2024-09-14T20:24:02Z,-8.05451363,-34.95377934,1.4299999475479126,125.0,64.0
2024-09-14T20:01:49Z,walk,2024-09-14T20:24:03Z,-8.05451363,-34.953794,1.4199999570846558,125.0,64.0
2024-09-14T20:01:49Z,walk,2024-09-14T20:24:04Z,-8.05451363,-34.95380733,1.4199999570846558,125.0,64.0
2024-09-14T20:01:49Z,walk,2024-09-14T20:24:05Z,-8.05451363,-34.95382032,1.4199999570846558,125.0,64.0
2024-09-14T20:01:49Z,walk,2024-09-14T20:24:06Z,-8.05451495,-34.95383299,1.4199999570846558,125.0,64.0
2024-09-14T20:01:49Z,walk,2024-09-14T20:24:07Z,-8.05451661,-34.95384631,1.4199999570846558,125.0,64.0
2024-09-14T20:01:49Z,walk,2024-09-14T20:24:08Z,-8.05451794,-34.95386064,1.4199999570846558,125.0,62.0
2024-09-14T20:01:49Z,walk,2024-09-14T20:24:09Z,-8.05451826,-34.9538753,1.4199999570846558,125.0,62.0
2024-09-14T20:01:49Z,walk,2024-09-14T20:24:10Z,-8.05451794,-34.95388996,1.4199999570846558,125.0,62.0
2024-09-14T20:01:49Z,walk,2024-09-14T20:24:11Z,-8.05451694,-34.95390462,1.4199999570846558,125.0,62.0
2024-09-14T20:01:49Z,walk,2024-09-14T20:24:12Z,-8.05451661,-34.95391961,1.4199999570846558,125.0,63.0
2024-09-14T20:01:49Z,walk,2024-09-14T20:24:13Z,-8.05451395,-34.95393394,1.4199999570846558,126.0,63.0
2024-09-14T20:01:49Z,walk,2024-09-14T20:24:14Z,-8.05450995,-34.9539486,1.4199999570846558,128.0,63.0
2024-09-14T20:01:49Z,walk,2024-09-14T20:24:15Z,-8.05450795,-34.95396159,1.4299999475479126,129.0,64.0
2024-09-14T20:01:49Z,walk,2024-09-14T20:24:16Z,-8.05450595,-34.95397492,1.4299999475479126,129.0,64.0
2024-09-14T20:01:49Z,walk,2024-09-14T20:24:17Z,-8.05450429,-34.95398924,1.4299999475479126,131.0,64.0
2024-09-14T20:01:49Z,walk,2024-09-14T20:24:18Z,-8.05450264,-34.95400291,1.4299999475479126,130.0,64.0
2024-09-14T20:01:49Z,walk,2024-09-14T20:24:19Z,-8.05450064,-34.95401691,1.4299999475479126,130.0,64.0
2024-09-14T20:01:49Z,walk,2024-09-14T20:24:20Z,-8.05449964,-34.95403157,1.4299999475479126,132.0,64.0
2024-09-14T20:01:49Z,walk,2024-09-14T20:24:21Z,-8.05449931,-34.95404523,1.4299999475479126,131.0,64.0
2024-09-14T20:01:49Z,walk,2024-09-14T20:24:22Z,-8.05450065,-34.9540579,1.4299999475479126,131.0,64.0
2024-09-14T20:01:49Z,walk,2024-09-14T20:24:23Z,-8.05450297,-34.95406822,1.4299999475479126,131.0,64.0
2024-09-14T20:01:49Z,walk,2024-09-14T20:24:24Z,-8.0545063,-34.95407889,1.4299999475479126,132.0,64.0
2024-09-14T20:01:49Z,walk,2024-09-14T20:24:25Z,-8.0545133,-34.95408889,1.4299999475479126,131.0,64.0
2024-09-14T20:01:49Z,walk,2024-09-14T20:24:26Z,-8.05452164,-34.95409989,1.4299999475479126,131.0,64.0
2024-09-14T20:01:49Z,walk,2024-09-14T20:24:27Z,-8.05452829,-34.95410955,1.4199999570846558,131.0,64.0
2024-09-14T20:01:49Z,walk,2024-09-14T20:24:28Z,-8.05453496,-34.95411954,1.4199999570846558,131.0,64.0
2024-09-14T20:01:49Z,walk,2024-09-14T20:24:29Z,-8.05454228,-34.95412787,1.4199999570846558,131.0,63.0
2024-09-14T20:01:49Z,walk,2024-09-14T20:24:30Z,-8.05455094,-34.95413587,1.409999966621399,130.0,63.0
2024-09-14T20:01:49Z,walk,2024-09-14T20:24:31Z,-8.05456127,-34.95414254,1.409999966621399,130.0,64.0
2024-09-14T20:01:49Z,walk,2024-09-14T20:24:32Z,-8.05457294,-34.95414719,1.409999966621399,129.0,65.0
2024-09-14T20:01:49Z,walk,2024-09-14T20:24:33Z,-8.0545846,-34.95414986,1.399999976158142,128.0,65.0
2024-09-14T20:01:49Z,walk,2024-09-14T20:24:34Z,-8.05459592,-34.95415219,1.399999976158142,128.0,65.0
2024-09-14T20:01:49Z,walk,2024-09-14T20:24:35Z,-8.05460625,-34.95415518,1.399999976158142,128.0,64.0
2024-09-14T20:01:49Z,walk,2024-09-14T20:24:36Z,-8.05461525,-34.95415618,1.399999976158142,130.0,63.0
2024-09-14T20:01:49Z,walk,2024-09-14T20:24:37Z,-8.05462459,-34.95415817,1.399999976158142,131.0,63.0
2024-09-14T20:01:49Z,walk,2024-09-14T20:24:38Z,-8.05463359,-34.95416017,1.399999976158142,132.0,63.0
2024-09-14T20:01:49Z,walk,2024-09-14T20:24:39Z,-8.05464525,-34.9541645,1.399999976158142,133.0,63.0
2024-09-14T20:01:49Z,walk,2024-09-14T20:24:40Z,-8.05465824,-34.95416783,1.399999976158142,133.0,63.0
2024-09-14T20:01:49Z,walk,2024-09-14T20:24:41Z,-8.05467224,-34.95417149,1.399999976158142,134.0,64.0
2024-09-14T20:01:49Z,walk,2024-09-14T20:24:42Z,-8.05468624,-34.95417248,1.399999976158142,133.0,65.0
2024-09-14T20:01:49Z,walk,2024-09-14T20:24:43Z,-8.05470091,-34.95417348,1.399999976158142,134.0,63.0
2024-09-14T20:01:49Z,walk,2024-09-14T20:24:44Z,-8.0547169,-34.95417647,1.399999976158142,136.0,63.0
2024-09-14T20:01:49Z,walk,2024-09-14T20:24:45Z,-8.05473357,-34.95418246,1.409999966621399,133.0,63.0
2024-09-14T20:01:49Z,walk,2024-09-14T20:24:46Z,-8.05474922,-34.95419145,1.409999966621399,133.0,63.0
2024-09-14T20:01:49Z,walk,2024-09-14T20:24:47Z,-8.05476456,-34.95420145,1.409999966621399,133.0,63.0
2024-09-14T20:01:49Z,walk,2024-09-14T20:24:48Z,-8.05477856,-34.9542131,1.4199999570846558,133.0,63.0
2024-09-14T20:01:49Z,walk,2024-09-14T20:24:49Z,-8.05479121,-34.95422609,1.4299999475479126,133.0,63.0
2024-09-14T20:01:49Z,walk,2024-09-14T20:24:50Z,-8.05480354,-34.95424009,1.440000057220459,132.0,63.0
2024-09-14T20:01:49Z,walk,2024-09-14T20:24:51Z,-8.05481553,-34.95425376,1.4600000381469727,132.0,63.0
2024-09-14T20:01:49Z,walk,2024-09-14T20:24:52Z,-8.05482586,-34.95426776,1.4700000286102295,131.0,32.0
2024-09-14T20:01:49Z,walk,2024-09-14T20:24:53Z,-8.05483386,-34.95428208,1.4700000286102295,131.0,32.0
2024-09-14T20:01:49Z,walk,2024-09-14T20:24:54Z,-8.05484086,-34.95429775,1.4900000095367432,130.0,32.0
2024-09-14T20:01:49Z,walk,2024-09-14T20:24:55Z,-8.05484718,-34.95431307,1.5,130.0,32.0
2024-09-14T20:01:49Z,walk,2024-09-14T20:24:56Z,-8.05485152,-34.9543274,1.5099999904632568,130.0,32.0
2024-09-14T20:01:49Z,walk,2024-09-14T20:24:57Z,-8.05485551,-34.95434306,1.5199999809265137,130.0,31.0
2024-09-14T20:01:49Z,walk,2024-09-14T20:24:58Z,-8.05485884,-34.9543594,1.5199999809265137,130.0,31.0
2024-09-14T20:01:49Z,walk,2024-09-14T20:24:59Z,-8.05486316,-34.95437606,1.5299999713897705,129.0,31.0
2024-09-14T20:01:49Z,walk,2024-09-14T20:25:00Z,-8.05486716,-34.95439205,1.5399999618530273,129.0,31.0
2024-09-14T20:01:49Z,walk,2024-09-14T20:25:01Z,-8.05486983,-34.95440872,1.5399999618530273,130.0,31.0
2024-09-14T20:01:49Z,walk,2024-09-14T20:25:02Z,-8.05487282,-34.95442571,1.5499999523162842,131.0,31.0
2024-09-14T20:01:49Z,walk,2024-09-14T20:25:03Z,-8.05487615,-34.95444104,1.5499999523162842,132.0,31.0
2024-09-14T20:01:49Z,walk,2024-09-14T20:25:04Z,-8.05487882,-34.95445603,1.5499999523162842,132.0,31.0
2024-09-14T20:01:49Z,walk,2024-09-14T20:25:05Z,-8.05488048,-34.95447003,1.5499999523162842,132.0,31.0
2024-09-14T20:01:49Z,walk,2024-09-14T20:25:06Z,-8.0548808,-34.95448236,1.559999942779541,134.0,31.0
2024-09-14T20:01:49Z,walk,2024-09-14T20:25:07Z,-8.0548808,-34.95449469,1.559999942779541,134.0,31.0
2024-09-14T20:01:49Z,walk,2024-09-14T20:25:08Z,-8.05487881,-34.95450802,1.559999942779541,133.0,31.0
2024-09-14T20:01:49Z,walk,2024-09-14T20:25:09Z,-8.05487448,-34.95452335,1.559999942779541,133.0,31.0
2024-09-14T20:01:49Z,walk,2024-09-14T20:25:10Z,-8.05486915,-34.95454034,1.559999942779541,133.0,31.0
2024-09-14T20:01:49Z,walk,2024-09-14T20:25:11Z,-8.0548635,-34.95455466,1.559999942779541,133.0,31.0
2024-09-14T20:01:49Z,walk,2024-09-14T20:25:12Z,-8.05485816,-34.95456833,1.5499999523162842,133.0,31.0
2024-09-14T20:01:49Z,walk,2024-09-14T20:25:13Z,-8.05485451,-34.95458199,1.5499999523162842,133.0,31.0
2024-09-14T20:01:49Z,walk,2024-09-14T20:25:14Z,-8.05485051,-34.95459499,1.5499999523162842,133.0,31.0
2024-09-14T20:01:49Z,walk,2024-09-14T20:25:15Z,-8.05484617,-34.95460798,1.5399999618530273,133.0,31.0
2024-09-14T20:01:49Z,walk,2024-09-14T20:25:16Z,-8.05484185,-34.95462231,1.5399999618530273,133.0,31.0
2024-09-14T20:01:49Z,walk,2024-09-14T20:25:17Z,-8.05483886,-34.95463564,1.5399999618530273,133.0,31.0
