activity_id,sport_type,timestamp,latitude,longitude,heart_rate,cadence,speed
2024-12-21T22:48:10Z,Run,2024-12-21T22:48:29Z,-8.04878,-34.95294332,141.0,89.0,0.0
2024-12-21T22:48:10Z,Run,2024-12-21T22:48:31Z,-8.04873834,-34.95295499,142.0,89.0,0.0
2024-12-21T22:48:10Z,Run,2024-12-21T22:48:32Z,-8.04873501,-34.95295598,141.0,88.0,0.5099999904632568
2024-12-21T22:48:10Z,Run,2024-12-21T22:48:33Z,-8.04872634,-34.95295964,140.0,88.0,1.0199999809265137
2024-12-21T22:48:10Z,Run,2024-12-21T22:48:34Z,-8.04871235,-34.95296797,140.0,88.0,1.090000033378601
2024-12-21T22:48:10Z,Run,2024-12-21T22:48:35Z,-8.04869769,-34.9529743,140.0,88.0,1.090000033378601
2024-12-21T22:48:10Z,Run,2024-12-21T22:48:36Z,-8.04867936,-34.95298096,140.0,88.0,1.2200000286102295
2024-12-21T22:48:10Z,Run,2024-12-21T22:48:37Z,-8.04865904,-34.95298663,140.0,88.0,1.2699999809265137
2024-12-21T22:48:10Z,Run,2024-12-21T22:48:38Z,-8.04863804,-34.95298928,140.0,88.0,1.409999966621399
2024-12-21T22:48:10Z,Run,2024-12-21T22:48:39Z,-8.04860437,-34.95299495,140.0,88.0,1.7300000190734863
2024-12-21T22:48:10Z,Run,2024-12-21T22:48:40Z,-8.04856671,-34.95300028,140.0,89.0,1.909999966621399
2024-12-21T22:48:10Z,Run,2024-12-21T22:48:41Z,-8.04851805,-34.95301227,140.0,89.0,1.9800000190734863
2024-12-21T22:48:10Z,Run,2024-12-21T22:48:42Z,-8.04848739,-34.95301461,140.0,89.0,1.9800000190734863
2024-12-21T22:48:10Z,Run,2024-12-21T22:48:43Z,-8.04847407,-34.95301428,140.0,89.0,2.200000047683716
2024-12-21T22:48:10Z,Run,2024-12-21T22:48:44Z,-8.04846874,-34.95301095,137.0,88.0,2.359999895095825
2024-12-21T22:48:10Z,Run,2024-12-21T22:48:45Z,-8.0484604,-34.95300696,136.0,88.0,2.359999895095825
2024-12-21T22:48:10Z,Run,2024-12-21T22:48:46Z,-8.04844841,-34.95300229,135.0,88.0,2.2699999809265137
2024-12-21T22:48:10Z,Run,2024-12-21T22:48:47Z,-8.04843576,-34.9529943,133.0,87.0,2.0799999237060547
2024-12-21T22:48:10Z,Run,2024-12-21T22:48:48Z,-8.04842109,-34.9529853,133.0,87.0,2.0799999237060547
2024-12-21T22:48:10Z,Run,2024-12-21T22:48:49Z,-8.04840443,-34.95297531,132.0,88.0,1.7799999713897705
2024-12-21T22:48:10Z,Run,2024-12-21T22:48:50Z,-8.04838877,-34.95296366,132.0,88.0,1.590000033378601
2024-12-21T22:48:10Z,Run,2024-12-21T22:48:51Z,-8.04837277,-34.95295099,131.0,89.0,1.590000033378601
2024-12-21T22:48:10Z,Run,2024-12-21T22:48:52Z,-8.04835611,-34.95293732,131.0,89.0,1.6200000047683716
2024-12-21T22:48:10Z,Run,2024-12-21T22:48:53Z,-8.04833979,-34.95292632,130.0,88.0,1.7000000476837158
2024-12-21T22:48:10Z,Run,2024-12-21T22:48:54Z,-8.04832512,-34.95291533,130.0,88.0,1.7000000476837158
2024-12-21T22:48:10Z,Run,2024-12-21T22:48:55Z,-8.04831146,-34.95290367,130.0,88.0,1.8200000524520874
2024-12-21T22:48:10Z,Run,2024-12-21T22:48:56Z,-8.04829947,-34.95289201,130.0,87.0,1.8899999856948853
2024-12-21T22:48:10Z,Run,2024-12-21T22:48:57Z,-8.04828581,-34.95287834,129.0,88.0,1.8899999856948853
2024-12-21T22:48:10Z,Run,2024-12-21T22:48:58Z,-8.04827414,-34.95286168,128.0,89.0,1.9299999475479126
2024-12-21T22:48:10Z,Run,2024-12-21T22:48:59Z,-8.04826448,-34.95284369,127.0,88.0,2.009999990463257
2024-12-21T22:48:10Z,Run,2024-12-21T22:49:00Z,-8.04825582,-34.95282235,127.0,88.0,2.009999990463257
2024-12-21T22:48:10Z,Run,2024-12-21T22:49:01Z,-8.04824949,-34.95279803,126.0,88.0,2.049999952316284
2024-12-21T22:48:10Z,Run,2024-12-21T22:49:02Z,-8.04824649,-34.95277237,125.0,88.0,2.049999952316284
2024-12-21T22:48:10Z,Run,2024-12-21T22:49:03Z,-8.04824484,-34.95274371,124.0,88.0,2.0999999046325684
2024-12-21T22:48:10Z,Run,2024-12-21T22:49:04Z,-8.0482445,-34.95271405,124.0,88.0,2.200000047683716
2024-12-21T22:48:10Z,Run,2024-12-21T22:49:05Z,-8.0482445,-34.95268539,124.0,88.0,2.2899999618530273
2024-12-21T22:48:10Z,Run,2024-12-21T22:49:06Z,-8.04824418,-34.95265739,124.0,88.0,2.2899999618530273
2024-12-21T22:48:10Z,Run,2024-12-21T22:49:07Z,-8.0482445,-34.95263207,124.0,88.0,2.430000066757202
2024-12-21T22:48:10Z,Run,2024-12-21T22:49:08Z,-8.04824418,-34.95260507,124.0,89.0,2.5299999713897705
2024-12-21T22:48:10Z,Run,2024-12-21T22:49:09Z,-8.04824318,-34.95257808,124.0,88.0,2.5299999713897705
2024-12-21T22:48:10Z,Run,2024-12-21T22:49:10Z,-8.04824119,-34.95255041,125.0,88.0,2.5299999713897705
2024-12-21T22:48:10Z,Run,2024-12-21T22:49:11Z,-8.04823952,-34.95252341,125.0,88.0,2.549999952316284
2024-12-21T22:48:10Z,Run,2024-12-21T22:49:12Z,-8.04823752,-34.95249676,125.0,88.0,2.549999952316284
2024-12-21T22:48:10Z,Run,2024-12-21T22:49:13Z,-8.04823687,-34.95247042,125.0,88.0,2.549999952316284
2024-12-21T22:48:10Z,Run,2024-12-21T22:49:14Z,-8.04823554,-34.95244577,125.0,88.0,2.549999952316284
2024-12-21T22:48:10Z,Run,2024-12-21T22:49:15Z,-8.04823488,-34.95242177,124.0,88.0,2.559999942779541
2024-12-21T22:48:10Z,Run,2024-12-21T22:49:16Z,-8.04823488,-34.95239778,123.0,89.0,2.559999942779541
2024-12-21T22:48:10Z,Run,2024-12-21T22:49:17Z,-8.04823721,-34.95237344,121.0,88.0,2.569999933242798
2024-12-21T22:48:10Z,Run,2024-12-21T22:49:18Z,-8.0482402,-34.95234911,121.0,88.0,2.569999933242798
2024-12-21T22:48:10Z,Run,2024-12-21T22:49:19Z,-8.04824186,-34.95232445,120.0,89.0,2.569999933242798
2024-12-21T22:48:10Z,Run,2024-12-21T22:49:20Z,-8.04824552,-34.95230045,120.0,88.0,2.569999933242798
2024-12-21T22:48:10Z,Run,2024-12-21T22:49:21Z,-8.04824986,-34.95227845,120.0,88.0,2.569999933242798
2024-12-21T22:48:10Z,Run,2024-12-21T22:49:22Z,-8.04825485,-34.95225713,120.0,88.0,2.559999942779541
2024-12-21T22:48:10Z,Run,2024-12-21T22:49:23Z,-8.0482575,-34.95223613,120.0,88.0,2.559999942779541
2024-12-21T22:48:10Z,Run,2024-12-21T22:49:24Z,-8.04826049,-34.95221713,120.0,88.0,2.559999942779541
2024-12-21T22:48:10Z,Run,2024-12-21T22:49:25Z,-8.04826483,-34.95219746,119.0,88.0,2.549999952316284
2024-12-21T22:48:10Z,Run,2024-12-21T22:49:26Z,-8.04826816,-34.95217414,118.0,88.0,2.549999952316284
2024-12-21T22:48:10Z,Run,2024-12-21T22:49:27Z,-8.04827048,-34.95214981,117.0,88.0,2.549999952316284
2024-12-21T22:48:10Z,Run,2024-12-21T22:49:28Z,-8.04827082,-34.95212382,116.0,88.0,2.5399999618530273
2024-12-21T22:48:10Z,Run,2024-12-21T22:49:29Z,-8.04827114,-34.95209449,116.0,88.0,2.5399999618530273
2024-12-21T22:48:10Z,Run,2024-12-21T22:49:30Z,-8.04827413,-34.95206584,116.0,88.0,2.5399999618530273
2024-12-21T22:48:10Z,Run,2024-12-21T22:49:31Z,-8.04827913,-34.9520415,116.0,88.0,2.5399999618530273
2024-12-21T22:48:10Z,Run,2024-12-21T22:49:32Z,-8.04828645,-34.95201917,116.0,88.0,2.5399999618530273
2024-12-21T22:48:10Z,Run,2024-12-21T22:49:33Z,-8.04829144,-34.95199551,116.0,88.0,2.5399999618530273
2024-12-21T22:48:10Z,Run,2024-12-21T22:49:34Z,-8.04829578,-34.95197218,117.0,89.0,2.5399999618530273
2024-12-21T22:48:10Z,Run,2024-12-21T22:49:35Z,-8.04829877,-34.95194852,117.0,88.0,2.549999952316284
2024-12-21T22:48:10Z,Run,2024-12-21T22:49:36Z,-8.04830142,-34.9519252,117.0,88.0,2.549999952316284
2024-12-21T22:48:10Z,Run,2024-12-21T22:49:37Z,-8.04830375,-34.95190254,117.0,88.0,2.549999952316284
2024-12-21T22:48:10Z,Run,2024-12-21T22:49:38Z,-8.04830507,-34.95188254,117.0,88.0,2.549999952316284
2024-12-21T22:48:10Z,Run,2024-12-21T22:49:39Z,-8.04830674,-34.95186155,118.0,87.0,2.5399999618530273
2024-12-21T22:48:10Z,Run,2024-12-21T22:49:40Z,-8.04830674,-34.95184156,118.0,88.0,2.5399999618530273
2024-12-21T22:48:10Z,Run,2024-12-21T22:49:41Z,-8.0483054,-34.95182223,118.0,88.0,2.5399999618530273
2024-12-21T22:48:10Z,Run,2024-12-21T22:49:42Z,-8.04830408,-34.95180457,118.0,88.0,2.5399999618530273
2024-12-21T22:48:10Z,Run,2024-12-21T22:49:43Z,-8.04830408,-34.95178557,118.0,88.0,2.5299999713897705
2024-12-21T22:48:10Z,Run,2024-12-21T22:49:44Z,-8.0483054,-34.95176324,118.0,88.0,2.5299999713897705
2024-12-21T22:48:10Z,Run,2024-12-21T22:49:45Z,-8.0483074,-34.95174091,118.0,88.0,2.5199999809265137
2024-12-21T22:48:10Z,Run,2024-12-21T22:49:46Z,-8.04831039,-34.95171557,118.0,88.0,2.509999990463257
2024-12-21T22:48:10Z,Run,2024-12-21T22:49:47Z,-8.04831405,-34.95169124,118.0,88.0,2.509999990463257
2024-12-21T22:48:10Z,Run,2024-12-21T22:49:48Z,-8.04831771,-34.95166625,118.0,88.0,2.509999990463257
2024-12-21T22:48:10Z,Run,2024-12-21T22:49:49Z,-8.04832104,-34.95164225,118.0,88.0,2.5
2024-12-21T22:48:10Z,Run,2024-12-21T22:49:50Z,-8.04832571,-34.95161992,118.0,88.0,2.5
2024-12-21T22:48:10Z,Run,2024-12-21T22:49:51Z,-8.0483297,-34.95159926,118.0,89.0,2.5
2024-12-21T22:48:10Z,Run,2024-12-21T22:49:52Z,-8.04833469,-34.95157593,118.0,89.0,2.5
2024-12-21T22:48:10Z,Run,2024-12-21T22:49:53Z,-8.04834035,-34.95155327,119.0,88.0,2.5
2024-12-21T22:48:10Z,Run,2024-12-21T22:49:54Z,-8.04834768,-34.95153094,120.0,88.0,2.5
2024-12-21T22:48:10Z,Run,2024-12-21T22:49:55Z,-8.04836168,-34.95150928,120.0,88.0,2.5
2024-12-21T22:48:10Z,Run,2024-12-21T22:49:56Z,-8.04837133,-34.95148396,120.0,88.0,2.5
2024-12-21T22:48:10Z,Run,2024-12-21T22:49:57Z,-8.048377,-34.95145496,121.0,88.0,2.5
2024-12-21T22:48:10Z,Run,2024-12-21T22:49:58Z,-8.04838166,-34.95142763,121.0,88.0,2.5
2024-12-21T22:48:10Z,Run,2024-12-21T22:49:59Z,-8.04838499,-34.95140164,121.0,88.0,2.5
2024-12-21T22:48:10Z,Run,2024-12-21T22:50:00Z,-8.04838599,-34.95137431,121.0,88.0,2.5
2024-12-21T22:48:10Z,Run,2024-12-21T22:50:01Z,-8.04838765,-34.95134664,121.0,89.0,2.5
2024-12-21T22:48:10Z,Run,2024-12-21T22:50:02Z,-8.04838965,-34.95131898,121.0,88.0,2.509999990463257
2024-12-21T22:48:10Z,Run,2024-12-21T22:50:03Z,-8.0483913,-34.95128831,122.0,88.0,2.509999990463257
2024-12-21T22:48:10Z,Run,2024-12-21T22:50:04Z,-8.04839031,-34.95125699,123.0,88.0,2.5199999809265137
2024-12-21T22:48:10Z,Run,2024-12-21T22:50:05Z,-8.04838899,-34.95122632,123.0,87.0,2.5299999713897705
2024-12-21T22:48:10Z,Run,2024-12-21T22:50:06Z,-8.048386,-34.951197,123.0,87.0,2.5299999713897705
2024-12-21T22:48:10Z,Run,2024-12-21T22:50:07Z,-8.04838468,-34.951168,123.0,88.0,2.5299999713897705
2024-12-21T22:48:10Z,Run,2024-12-21T22:50:08Z,-8.04838401,-34.95114134,123.0,88.0,2.5399999618530273
2024-12-21T22:48:10Z,Run,2024-12-21T22:50:09Z,-8.04838101,-34.95111901,123.0,89.0,2.549999952316284
2024-12-21T22:48:10Z,Run,2024-12-21T22:50:10Z,-8.04837469,-34.95110402,125.0,89.0,2.569999933242798
2024-12-21T22:48:10Z,Run,2024-12-21T22:50:11Z,-8.04836436,-34.95109202,126.0,88.0,2.569999933242798
2024-12-21T22:48:10Z,Run,2024-12-21T22:50:12Z,-8.0483557,-34.95107769,126.0,89.0,2.5799999237060547
2024-12-21T22:48:10Z,Run,2024-12-21T22:50:13Z,-8.04835071,-34.95106204,126.0,89.0,2.5799999237060547
2024-12-21T22:48:10Z,Run,2024-12-21T22:50:14Z,-8.04834637,-34.9510457,126.0,88.0,2.5899999141693115
2024-12-21T22:48:10Z,Run,2024-12-21T22:50:15Z,-8.04834505,-34.95102805,127.0,87.0,2.5799999237060547
2024-12-21T22:48:10Z,Run,2024-12-21T22:50:16Z,-8.04834605,-34.95101005,127.0,87.0,2.569999933242798
2024-12-21T22:48:10Z,Run,2024-12-21T22:50:17Z,-8.04834837,-34.95098839,127.0,88.0,2.559999942779541
2024-12-21T22:48:10Z,Run,2024-12-21T22:50:18Z,-8.04835003,-34.95096506,128.0,88.0,2.549999952316284
2024-12-21T22:48:10Z,Run,2024-12-21T22:50:19Z,-8.04835369,-34.95094107,128.0,88.0,2.549999952316284
2024-12-21T22:48:10Z,Run,2024-12-21T22:50:20Z,-8.04835802,-34.95091508,129.0,88.0,2.5399999618530273
2024-12-21T22:48:10Z,Run,2024-12-21T22:50:21Z,-8.04835968,-34.95089008,130.0,88.0,2.5299999713897705
2024-12-21T22:48:10Z,Run,2024-12-21T22:50:22Z,-8.04835869,-34.95086508,130.0,88.0,2.5299999713897705
2024-12-21T22:48:10Z,Run,2024-12-21T22:50:23Z,-8.04835669,-34.95084141,130.0,88.0,2.5199999809265137
2024-12-21T22:48:10Z,Run,2024-12-21T22:50:24Z,-8.04835503,-34.95081875,130.0,88.0,2.5199999809265137
2024-12-21T22:48:10Z,Run,2024-12-21T22:50:25Z,-8.04835569,-34.95079476,130.0,88.0,2.5199999809265137
2024-12-21T22:48:10Z,Run,2024-12-21T22:50:26Z,-8.04835602,-34.95077177,130.0,88.0,2.5199999809265137
2024-12-21T22:48:10Z,Run,2024-12-21T22:50:27Z,-8.04835602,-34.95074744,130.0,88.0,2.5199999809265137
2024-12-21T22:48:10Z,Run,2024-12-21T22:50:28Z,-8.04835402,-34.95072577,130.0,87.0,2.5199999809265137
2024-12-21T22:48:10Z,Run,2024-12-21T22:50:29Z,-8.04835002,-34.95070812,129.0,87.0,2.5199999809265137
2024-12-21T22:48:10Z,Run,2024-12-21T22:50:30Z,-8.04834403,-34.95069478,129.0,87.0,2.509999990463257
2024-12-21T22:48:10Z,Run,2024-12-21T22:50:31Z,-8.04833337,-34.95068446,129.0,87.0,2.509999990463257
2024-12-21T22:48:10Z,Run,2024-12-21T22:50:32Z,-8.04832072,-34.95067713,129.0,88.0,2.509999990463257
2024-12-21T22:48:10Z,Run,2024-12-21T22:50:33Z,-8.04830639,-34.95067446,129.0,88.0,2.509999990463257
2024-12-21T22:48:10Z,Run,2024-12-21T22:50:34Z,-8.04829039,-34.95067414,129.0,88.0,2.5
2024-12-21T22:48:10Z,Run,2024-12-21T22:50:35Z,-8.04827239,-34.95067614,128.0,87.0,2.4800000190734863
2024-12-21T22:48:10Z,Run,2024-12-21T22:50:36Z,-8.04825573,-34.95067813,127.0,88.0,2.4700000286102295
2024-12-21T22:48:10Z,Run,2024-12-21T22:50:37Z,-8.04823674,-34.95068313,127.0,88.0,2.4700000286102295
2024-12-21T22:48:10Z,Run,2024-12-21T22:50:38Z,-8.04821775,-34.95068713,128.0,88.0,2.4600000381469727
2024-12-21T22:48:10Z,Run,2024-12-21T22:50:39Z,-8.04819808,-34.95069078,127.0,88.0,2.440000057220459
2024-12-21T22:48:10Z,Run,2024-12-21T22:50:40Z,-8.04818109,-34.95069545,127.0,88.0,2.430000066757202
2024-12-21T22:48:10Z,Run,2024-12-21T22:50:41Z,-8.04816277,-34.95069611,127.0,88.0,2.4200000762939453
2024-12-21T22:48:10Z,Run,2024-12-21T22:50:42Z,-8.04814443,-34.95069578,127.0,88.0,2.4200000762939453
2024-12-21T22:48:10Z,Run,2024-12-21T22:50:43Z,-8.04812544,-34.95069445,127.0,88.0,2.4200000762939453
2024-12-21T22:48:10Z,Run,2024-12-21T22:50:44Z,-8.04810512,-34.95069146,127.0,88.0,2.4100000858306885
2024-12-21T22:48:10Z,Run,2024-12-21T22:50:45Z,-8.04808412,-34.95068714,127.0,88.0,2.4100000858306885
2024-12-21T22:48:10Z,Run,2024-12-21T22:50:46Z,-8.0480638,-34.95068114,127.0,87.0,2.4000000953674316
2024-12-21T22:48:10Z,Run,2024-12-21T22:50:47Z,-8.04804347,-34.95067481,127.0,86.0,2.4000000953674316
2024-12-21T22:48:10Z,Run,2024-12-21T22:50:48Z,-8.04802214,-34.95066916,127.0,87.0,2.4000000953674316
2024-12-21T22:48:10Z,Run,2024-12-21T22:50:49Z,-8.04799848,-34.9506645,127.0,87.0,2.4000000953674316
2024-12-21T22:48:10Z,Run,2024-12-21T22:50:50Z,-8.04797449,-34.9506605,127.0,87.0,2.4000000953674316
2024-12-21T22:48:10Z,Run,2024-12-21T22:50:51Z,-8.04795116,-34.95065618,127.0,87.0,2.4000000953674316
2024-12-21T22:48:10Z,Run,2024-12-21T22:50:52Z,-8.04792817,-34.95065151,126.0,87.0,2.4000000953674316
2024-12-21T22:48:10Z,Run,2024-12-21T22:50:53Z,-8.04790551,-34.95064718,125.0,88.0,2.4000000953674316
2024-12-21T22:48:10Z,Run,2024-12-21T22:50:54Z,-8.04788218,-34.95064385,125.0,87.0,2.4100000858306885
2024-12-21T22:48:10Z,Run,2024-12-21T22:50:55Z,-8.04785919,-34.9506412,125.0,87.0,2.4100000858306885
2024-12-21T22:48:10Z,Run,2024-12-21T22:50:56Z,-8.04783719,-34.95063987,125.0,87.0,2.4100000858306885
2024-12-21T22:48:10Z,Run,2024-12-21T22:50:57Z,-8.04781553,-34.95063887,124.0,87.0,2.4200000762939453
2024-12-21T22:48:10Z,Run,2024-12-21T22:50:58Z,-8.04779587,-34.95063822,124.0,87.0,2.4200000762939453
2024-12-21T22:48:10Z,Run,2024-12-21T22:50:59Z,-8.04777654,-34.95063789,124.0,87.0,2.4200000762939453
2024-12-21T22:48:10Z,Run,2024-12-21T22:51:00Z,-8.04776121,-34.95064189,124.0,87.0,2.430000066757202
2024-12-21T22:48:10Z,Run,2024-12-21T22:51:01Z,-8.04774755,-34.95064588,124.0,87.0,2.430000066757202
2024-12-21T22:48:10Z,Run,2024-12-21T22:51:02Z,-8.04773522,-34.95065055,125.0,87.0,2.430000066757202
2024-12-21T22:48:10Z,Run,2024-12-21T22:51:03Z,-8.04772223,-34.95065254,125.0,87.0,2.430000066757202
2024-12-21T22:48:10Z,Run,2024-12-21T22:51:04Z,-8.0477079,-34.95065286,126.0,87.0,2.4200000762939453
2024-12-21T22:48:10Z,Run,2024-12-21T22:51:05Z,-8.04769257,-34.95065319,126.0,87.0,2.4200000762939453
2024-12-21T22:48:10Z,Run,2024-12-21T22:51:06Z,-8.04767758,-34.9506522,126.0,87.0,2.4000000953674316
2024-12-21T22:48:10Z,Run,2024-12-21T22:51:07Z,-8.04766092,-34.95064887,126.0,87.0,2.4000000953674316
2024-12-21T22:48:10Z,Run,2024-12-21T22:51:08Z,-8.04764225,-34.95064454,126.0,87.0,2.390000104904175
2024-12-21T22:48:10Z,Run,2024-12-21T22:51:09Z,-8.04762293,-34.95064155,126.0,87.0,2.390000104904175
2024-12-21T22:48:10Z,Run,2024-12-21T22:51:10Z,-8.04760394,-34.95063956,125.0,87.0,2.380000114440918
2024-12-21T22:48:10Z,Run,2024-12-21T22:51:11Z,-8.04758394,-34.95063823,125.0,87.0,2.369999885559082
2024-12-21T22:48:10Z,Run,2024-12-21T22:51:12Z,-8.04756461,-34.95063524,125.0,87.0,2.359999895095825
2024-12-21T22:48:10Z,Run,2024-12-21T22:51:13Z,-8.04754461,-34.95063024,125.0,87.0,2.359999895095825
2024-12-21T22:48:10Z,Run,2024-12-21T22:51:14Z,-8.04752362,-34.95062658,125.0,88.0,2.359999895095825
2024-12-21T22:48:10Z,Run,2024-12-21T22:51:15Z,-8.04750096,-34.95062292,125.0,87.0,2.359999895095825
2024-12-21T22:48:10Z,Run,2024-12-21T22:51:16Z,-8.04747663,-34.95061993,126.0,87.0,2.359999895095825
2024-12-21T22:48:10Z,Run,2024-12-21T22:51:17Z,-8.04744998,-34.95061827,126.0,87.0,2.359999895095825
2024-12-21T22:48:10Z,Run,2024-12-21T22:51:18Z,-8.04742231,-34.95061794,127.0,87.0,2.359999895095825
2024-12-21T22:48:10Z,Run,2024-12-21T22:51:19Z,-8.04739699,-34.95061762,127.0,87.0,2.359999895095825
2024-12-21T22:48:10Z,Run,2024-12-21T22:51:20Z,-8.047375,-34.95061529,127.0,87.0,2.359999895095825
2024-12-21T22:48:10Z,Run,2024-12-21T22:51:21Z,-8.04735434,-34.95061262,127.0,87.0,2.359999895095825
2024-12-21T22:48:10Z,Run,2024-12-21T22:51:22Z,-8.04733235,-34.95061029,127.0,86.0,2.359999895095825
2024-12-21T22:48:10Z,Run,2024-12-21T22:51:23Z,-8.04730968,-34.9506093,128.0,86.0,2.369999885559082
2024-12-21T22:48:10Z,Run,2024-12-21T22:51:24Z,-8.04728569,-34.95060763,129.0,85.0,2.369999885559082
2024-12-21T22:48:10Z,Run,2024-12-21T22:51:25Z,-8.04726104,-34.95060631,129.0,86.0,2.369999885559082
2024-12-21T22:48:10Z,Run,2024-12-21T22:51:26Z,-8.04723671,-34.95060397,129.0,86.0,2.369999885559082
2024-12-21T22:48:10Z,Run,2024-12-21T22:51:27Z,-8.04721272,-34.95060065,129.0,86.0,2.380000114440918
2024-12-21T22:48:10Z,Run,2024-12-21T22:51:28Z,-8.04718772,-34.95059832,130.0,86.0,2.380000114440918
2024-12-21T22:48:10Z,Run,2024-12-21T22:51:29Z,-8.04716172,-34.95059632,130.0,87.0,2.380000114440918
2024-12-21T22:48:10Z,Run,2024-12-21T22:51:30Z,-8.04713907,-34.95059398,130.0,88.0,2.390000104904175
2024-12-21T22:48:10Z,Run,2024-12-21T22:51:31Z,-8.0471154,-34.95059066,130.0,88.0,2.390000104904175
2024-12-21T22:48:10Z,Run,2024-12-21T22:51:32Z,-8.04709274,-34.95058734,130.0,88.0,2.390000104904175
2024-12-21T22:48:10Z,Run,2024-12-21T22:51:33Z,-8.04707009,-34.950585,130.0,88.0,2.4000000953674316
2024-12-21T22:48:10Z,Run,2024-12-21T22:51:34Z,-8.04704775,-34.95058301,130.0,87.0,2.4000000953674316
2024-12-21T22:48:10Z,Run,2024-12-21T22:51:35Z,-8.04702675,-34.95058101,131.0,88.0,2.4100000858306885
2024-12-21T22:48:10Z,Run,2024-12-21T22:51:36Z,-8.04700343,-34.95057935,134.0,88.0,2.4200000762939453
2024-12-21T22:48:10Z,Run,2024-12-21T22:51:37Z,-8.04698043,-34.95057735,135.0,88.0,2.4200000762939453
2024-12-21T22:48:10Z,Run,2024-12-21T22:51:38Z,-8.04695911,-34.95057536,135.0,88.0,2.4200000762939453
2024-12-21T22:48:10Z,Run,2024-12-21T22:51:39Z,-8.04693877,-34.95057269,135.0,88.0,2.4200000762939453
2024-12-21T22:48:10Z,Run,2024-12-21T22:51:40Z,-8.04691612,-34.95056903,135.0,88.0,2.4200000762939453
2024-12-21T22:48:10Z,Run,2024-12-21T22:51:41Z,-8.04689412,-34.9505647,136.0,88.0,2.4200000762939453
2024-12-21T22:48:10Z,Run,2024-12-21T22:51:42Z,-8.04687146,-34.95056104,136.0,88.0,2.4200000762939453
2024-12-21T22:48:10Z,Run,2024-12-21T22:51:43Z,-8.04684913,-34.95055671,136.0,88.0,2.4200000762939453
2024-12-21T22:48:10Z,Run,2024-12-21T22:51:44Z,-8.04682614,-34.95055039,136.0,88.0,2.4200000762939453
2024-12-21T22:48:10Z,Run,2024-12-21T22:51:45Z,-8.04680348,-34.95054472,136.0,87.0,2.430000066757202
2024-12-21T22:48:10Z,Run,2024-12-21T22:51:46Z,-8.04678015,-34.95054072,137.0,88.0,2.430000066757202
2024-12-21T22:48:10Z,Run,2024-12-21T22:51:47Z,-8.04675782,-34.95053906,137.0,87.0,2.430000066757202
2024-12-21T22:48:10Z,Run,2024-12-21T22:51:48Z,-8.0467345,-34.95053807,137.0,88.0,2.430000066757202
2024-12-21T22:48:10Z,Run,2024-12-21T22:51:49Z,-8.04671184,-34.95053674,137.0,88.0,2.440000057220459
2024-12-21T22:48:10Z,Run,2024-12-21T22:51:50Z,-8.04668884,-34.95053407,137.0,88.0,2.440000057220459
2024-12-21T22:48:10Z,Run,2024-12-21T22:51:51Z,-8.04666651,-34.95053241,138.0,88.0,2.440000057220459
2024-12-21T22:48:10Z,Run,2024-12-21T22:51:52Z,-8.04664418,-34.95053142,139.0,88.0,2.450000047683716
2024-12-21T22:48:10Z,Run,2024-12-21T22:51:53Z,-8.04662451,-34.95053043,139.0,87.0,2.450000047683716
2024-12-21T22:48:10Z,Run,2024-12-21T22:51:54Z,-8.04660452,-34.95053043,139.0,87.0,2.450000047683716
2024-12-21T22:48:10Z,Run,2024-12-21T22:51:55Z,-8.04658553,-34.95053043,139.0,86.0,2.4600000381469727
2024-12-21T22:48:10Z,Run,2024-12-21T22:51:56Z,-8.04656654,-34.95052943,139.0,86.0,2.4600000381469727
2024-12-21T22:48:10Z,Run,2024-12-21T22:51:57Z,-8.04654955,-34.95053109,139.0,85.0,2.4600000381469727
2024-12-21T22:48:10Z,Run,2024-12-21T22:51:58Z,-8.04653722,-34.95053343,139.0,84.0,2.4600000381469727
2024-12-21T22:48:10Z,Run,2024-12-21T22:51:59Z,-8.04653056,-34.95053642,140.0,84.0,2.4600000381469727
2024-12-21T22:48:10Z,Run,2024-12-21T22:52:00Z,-8.04653056,-34.95053941,140.0,85.0,2.4600000381469727
2024-12-21T22:48:10Z,Run,2024-12-21T22:52:01Z,-8.04653588,-34.9505424,139.0,86.0,2.450000047683716
2024-12-21T22:48:10Z,Run,2024-12-21T22:52:02Z,-8.04654388,-34.95054505,139.0,86.0,2.450000047683716
2024-12-21T22:48:10Z,Run,2024-12-21T22:52:03Z,-8.04655522,-34.95054406,140.0,87.0,2.4200000762939453
2024-12-21T22:48:10Z,Run,2024-12-21T22:52:04Z,-8.04657054,-34.95054206,140.0,87.0,2.390000104904175
2024-12-21T22:48:10Z,Run,2024-12-21T22:52:05Z,-8.04658821,-34.95053874,141.0,86.0,1.850000023841858
2024-12-21T22:48:10Z,Run,2024-12-21T22:52:06Z,-8.04660754,-34.95053542,142.0,86.0,1.3200000524520874
2024-12-21T22:48:10Z,Run,2024-12-21T22:52:07Z,-8.04662921,-34.95053108,142.0,87.0,1.399999976158142
2024-12-21T22:48:10Z,Run,2024-12-21T22:52:08Z,-8.04665086,-34.95052608,142.0,87.0,1.399999976158142
2024-12-21T22:48:10Z,Run,2024-12-21T22:52:09Z,-8.04667319,-34.95052143,141.0,88.0,1.6399999856948853
2024-12-21T22:48:10Z,Run,2024-12-21T22:52:10Z,-8.04669519,-34.95051844,141.0,88.0,1.8799999952316284
2024-12-21T22:48:10Z,Run,2024-12-21T22:52:11Z,-8.04671751,-34.95051577,141.0,88.0,2.0299999713897705
2024-12-21T22:48:10Z,Run,2024-12-21T22:52:12Z,-8.04674084,-34.95051377,141.0,88.0,2.1500000953674316
2024-12-21T22:48:10Z,Run,2024-12-21T22:52:13Z,-8.04676317,-34.95051144,141.0,88.0,2.2200000286102295
2024-12-21T22:48:10Z,Run,2024-12-21T22:52:14Z,-8.0467875,-34.95050644,141.0,88.0,2.2200000286102295
2024-12-21T22:48:10Z,Run,2024-12-21T22:52:15Z,-8.04681082,-34.95050178,142.0,88.0,2.259999990463257
2024-12-21T22:48:10Z,Run,2024-12-21T22:52:16Z,-8.04683416,-34.95049911,143.0,88.0,2.2799999713897705
2024-12-21T22:48:10Z,Run,2024-12-21T22:52:17Z,-8.04685748,-34.95049745,145.0,88.0,2.3299999237060547
2024-12-21T22:48:10Z,Run,2024-12-21T22:52:18Z,-8.04687981,-34.95049578,146.0,88.0,2.380000114440918
2024-12-21T22:48:10Z,Run,2024-12-21T22:52:19Z,-8.04690215,-34.95049512,147.0,88.0,2.4000000953674316
2024-12-21T22:48:10Z,Run,2024-12-21T22:52:20Z,-8.04692581,-34.95049545,147.0,88.0,2.4000000953674316
2024-12-21T22:48:10Z,Run,2024-12-21T22:52:21Z,-8.04694847,-34.95049545,148.0,88.0,2.4000000953674316
2024-12-21T22:48:10Z,Run,2024-12-21T22:52:22Z,-8.04697379,-34.95049611,148.0,88.0,2.4200000762939453
2024-12-21T22:48:10Z,Run,2024-12-21T22:52:23Z,-8.04699812,-34.9504971,148.0,88.0,2.4200000762939453
2024-12-21T22:48:10Z,Run,2024-12-21T22:52:24Z,-8.04702312,-34.9504991,148.0,87.0,2.4200000762939453
2024-12-21T22:48:10Z,Run,2024-12-21T22:52:25Z,-8.04704711,-34.95050143,149.0,87.0,2.450000047683716
2024-12-21T22:48:10Z,Run,2024-12-21T22:52:25Z,-8.0470711,-34.95050276,149.0,87.0,2.450000047683716
2024-12-21T22:48:10Z,Run,2024-12-21T22:52:26Z,-8.04709442,-34.95050408,150.0,87.0,2.509999990463257
2024-12-21T22:48:10Z,Run,2024-12-21T22:52:27Z,-8.04711708,-34.95050575,150.0,87.0,2.559999942779541
2024-12-21T22:48:10Z,Run,2024-12-21T22:52:28Z,-8.04713841,-34.95050742,150.0,87.0,2.5899999141693115
2024-12-21T22:48:10Z,Run,2024-12-21T22:52:29Z,-8.04715907,-34.95050841,150.0,87.0,2.5899999141693115
2024-12-21T22:48:10Z,Run,2024-12-21T22:52:30Z,-8.04718072,-34.95050906,150.0,88.0,2.569999933242798
2024-12-21T22:48:10Z,Run,2024-12-21T22:52:31Z,-8.04720205,-34.95050906,150.0,87.0,2.5399999618530273
2024-12-21T22:48:10Z,Run,2024-12-21T22:52:32Z,-8.0472217,-34.95051006,150.0,87.0,2.5399999618530273
2024-12-21T22:48:10Z,Run,2024-12-21T22:52:33Z,-8.0472397,-34.95051039,150.0,87.0,2.509999990463257
2024-12-21T22:48:10Z,Run,2024-12-21T22:52:34Z,-8.04725804,-34.95050872,150.0,87.0,2.4800000190734863
2024-12-21T22:48:10Z,Run,2024-12-21T22:52:35Z,-8.04727736,-34.95050706,150.0,87.0,2.450000047683716
2024-12-21T22:48:10Z,Run,2024-12-21T22:52:36Z,-8.04729836,-34.95050606,150.0,87.0,2.390000104904175
2024-12-21T22:48:10Z,Run,2024-12-21T22:52:37Z,-8.04732102,-34.95050806,149.0,87.0,2.3499999046325684
2024-12-21T22:48:10Z,Run,2024-12-21T22:52:38Z,-8.04734568,-34.95051105,149.0,87.0,2.3499999046325684
2024-12-21T22:48:10Z,Run,2024-12-21T22:52:39Z,-8.04737134,-34.95051704,148.0,87.0,2.3299999237060547
2024-12-21T22:48:10Z,Run,2024-12-21T22:52:40Z,-8.04739533,-34.9505237,148.0,88.0,2.309999942779541
2024-12-21T22:48:10Z,Run,2024-12-21T22:52:41Z,-8.047419,-34.9505297,148.0,88.0,2.319999933242798
2024-12-21T22:48:10Z,Run,2024-12-21T22:52:42Z,-8.04744065,-34.95053369,149.0,87.0,2.319999933242798
2024-12-21T22:48:10Z,Run,2024-12-21T22:52:43Z,-8.04746165,-34.95053668,150.0,87.0,2.3299999237060547
2024-12-21T22:48:10Z,Run,2024-12-21T22:52:44Z,-8.04748264,-34.95054,150.0,87.0,2.3299999237060547
2024-12-21T22:48:10Z,Run,2024-12-21T22:52:45Z,-8.04750298,-34.95054467,150.0,87.0,2.3399999141693115
2024-12-21T22:48:10Z,Run,2024-12-21T22:52:46Z,-8.04752463,-34.95055034,150.0,87.0,2.3499999046325684
2024-12-21T22:48:10Z,Run,2024-12-21T22:52:47Z,-8.04754596,-34.95055599,150.0,87.0,2.3499999046325684
2024-12-21T22:48:10Z,Run,2024-12-21T22:52:48Z,-8.04756829,-34.95055965,150.0,87.0,2.3499999046325684
2024-12-21T22:48:10Z,Run,2024-12-21T22:52:49Z,-8.04758996,-34.95056165,150.0,87.0,2.359999895095825
2024-12-21T22:48:10Z,Run,2024-12-21T22:52:50Z,-8.04761295,-34.95056165,150.0,87.0,2.359999895095825
2024-12-21T22:48:10Z,Run,2024-12-21T22:52:51Z,-8.04763628,-34.95056231,151.0,87.0,2.359999895095825
2024-12-21T22:48:10Z,Run,2024-12-21T22:52:52Z,-8.04765861,-34.9505633,151.0,87.0,2.359999895095825
2024-12-21T22:48:10Z,Run,2024-12-21T22:52:53Z,-8.04768094,-34.95056363,152.0,87.0,2.359999895095825
2024-12-21T22:48:10Z,Run,2024-12-21T22:52:54Z,-8.04770426,-34.95056363,153.0,87.0,2.359999895095825
2024-12-21T22:48:10Z,Run,2024-12-21T22:52:55Z,-8.04772793,-34.95056429,154.0,87.0,2.359999895095825
2024-12-21T22:48:10Z,Run,2024-12-21T22:52:56Z,-8.04775159,-34.95056629,154.0,87.0,2.359999895095825
2024-12-21T22:48:10Z,Run,2024-12-21T22:52:57Z,-8.04777558,-34.95057028,154.0,88.0,2.359999895095825
2024-12-21T22:48:10Z,Run,2024-12-21T22:52:58Z,-8.04779957,-34.95057528,154.0,88.0,2.359999895095825
2024-12-21T22:48:10Z,Run,2024-12-21T22:52:59Z,-8.04782323,-34.9505796,154.0,87.0,2.359999895095825
2024-12-21T22:48:10Z,Run,2024-12-21T22:53:00Z,-8.04784623,-34.95058327,155.0,85.0,2.369999885559082
2024-12-21T22:48:10Z,Run,2024-12-21T22:53:01Z,-8.04786723,-34.95058459,155.0,85.0,2.380000114440918
2024-12-21T22:48:10Z,Run,2024-12-21T22:53:02Z,-8.04788722,-34.95058327,155.0,85.0,2.380000114440918
2024-12-21T22:48:10Z,Run,2024-12-21T22:53:03Z,-8.04790355,-34.95057993,155.0,85.0,2.380000114440918
2024-12-21T22:48:10Z,Run,2024-12-21T22:53:04Z,-8.04792188,-34.95057694,156.0,86.0,2.390000104904175
2024-12-21T22:48:10Z,Run,2024-12-21T22:53:05Z,-8.04794087,-34.95057429,157.0,88.0,2.390000104904175
2024-12-21T22:48:10Z,Run,2024-12-21T22:53:06Z,-8.04796053,-34.9505713,157.0,88.0,2.390000104904175
2024-12-21T22:48:10Z,Run,2024-12-21T22:53:07Z,-8.04797986,-34.95056931,157.0,88.0,2.390000104904175
2024-12-21T22:48:10Z,Run,2024-12-21T22:53:08Z,-8.04799951,-34.95056864,157.0,88.0,2.390000104904175
2024-12-21T22:48:10Z,Run,2024-12-21T22:53:09Z,-8.04801951,-34.95056864,158.0,89.0,2.380000114440918
2024-12-21T22:48:10Z,Run,2024-12-21T22:53:10Z,-8.04803817,-34.95056864,159.0,89.0,2.380000114440918
2024-12-21T22:48:10Z,Run,2024-12-21T22:53:11Z,-8.0480575,-34.95056832,161.0,88.0,2.369999885559082
2024-12-21T22:48:10Z,Run,2024-12-21T22:53:12Z,-8.04807683,-34.95056733,161.0,87.0,2.359999895095825
2024-12-21T22:48:10Z,Run,2024-12-21T22:53:13Z,-8.04809549,-34.95056634,161.0,88.0,2.359999895095825
2024-12-21T22:48:10Z,Run,2024-12-21T22:53:14Z,-8.04811382,-34.950565,161.0,88.0,2.359999895095825
2024-12-21T22:48:10Z,Run,2024-12-21T22:53:15Z,-8.04813182,-34.95056401,161.0,88.0,2.3499999046325684
2024-12-21T22:48:10Z,Run,2024-12-21T22:53:16Z,-8.04815081,-34.95056401,161.0,89.0,2.3499999046325684
2024-12-21T22:48:10Z,Run,2024-12-21T22:53:17Z,-8.04817113,-34.95056401,162.0,87.0,2.3399999141693115
2024-12-21T22:48:10Z,Run,2024-12-21T22:53:18Z,-8.04819312,-34.95056567,161.0,87.0,2.3399999141693115
2024-12-21T22:48:10Z,Run,2024-12-21T22:53:19Z,-8.04821512,-34.950567,161.0,88.0,2.3299999237060547
2024-12-21T22:48:10Z,Run,2024-12-21T22:53:20Z,-8.04823844,-34.95056934,161.0,88.0,2.3299999237060547
2024-12-21T22:48:10Z,Run,2024-12-21T22:53:21Z,-8.04826077,-34.95057233,161.0,88.0,2.3299999237060547
2024-12-21T22:48:10Z,Run,2024-12-21T22:53:22Z,-8.04828577,-34.95057732,161.0,88.0,2.319999933242798
2024-12-21T22:48:10Z,Run,2024-12-21T22:53:23Z,-8.04831042,-34.95058065,162.0,87.0,2.319999933242798
2024-12-21T22:48:10Z,Run,2024-12-21T22:53:24Z,-8.04833542,-34.95058197,162.0,87.0,2.319999933242798
2024-12-21T22:48:10Z,Run,2024-12-21T22:53:25Z,-8.04835841,-34.95058065,163.0,88.0,2.319999933242798
2024-12-21T22:48:10Z,Run,2024-12-21T22:53:26Z,-8.04838241,-34.95057832,163.0,88.0,2.319999933242798
2024-12-21T22:48:10Z,Run,2024-12-21T22:53:27Z,-8.04840407,-34.95057799,163.0,88.0,2.3299999237060547
2024-12-21T22:48:10Z,Run,2024-12-21T22:53:28Z,-8.04842606,-34.95058165,164.0,87.0,2.3299999237060547
2024-12-21T22:48:10Z,Run,2024-12-21T22:53:29Z,-8.04844873,-34.95058732,167.0,85.0,2.3399999141693115
2024-12-21T22:48:10Z,Run,2024-12-21T22:53:30Z,-8.04846805,-34.95059532,166.0,85.0,2.3399999141693115
2024-12-21T22:48:10Z,Run,2024-12-21T22:53:31Z,-8.04848405,-34.95060731,166.0,85.0,2.3399999141693115
2024-12-21T22:48:10Z,Run,2024-12-21T22:53:32Z,-8.04849704,-34.95062364,166.0,85.0,2.3399999141693115
2024-12-21T22:48:10Z,Run,2024-12-21T22:53:33Z,-8.04850671,-34.95064231,166.0,86.0,2.3399999141693115
2024-12-21T22:48:10Z,Run,2024-12-21T22:53:34Z,-8.04851303,-34.95066196,165.0,86.0,2.3399999141693115
2024-12-21T22:48:10Z,Run,2024-12-21T22:53:35Z,-8.04851703,-34.95068429,164.0,86.0,2.3399999141693115
2024-12-21T22:48:10Z,Run,2024-12-21T22:53:36Z,-8.04851969,-34.95070895,165.0,86.0,2.3299999237060547
2024-12-21T22:48:10Z,Run,2024-12-21T22:53:37Z,-8.04852135,-34.95073395,165.0,86.0,2.3299999237060547
2024-12-21T22:48:10Z,Run,2024-12-21T22:53:38Z,-8.04852202,-34.95075895,165.0,86.0,2.3299999237060547
2024-12-21T22:48:10Z,Run,2024-12-21T22:53:39Z,-8.04852235,-34.95078295,165.0,86.0,2.3399999141693115
2024-12-21T22:48:10Z,Run,2024-12-21T22:53:40Z,-8.04852368,-34.95080628,165.0,86.0,2.380000114440918
2024-12-21T22:48:10Z,Run,2024-12-21T22:53:41Z,-8.04852401,-34.95082993,166.0,87.0,2.440000057220459
2024-12-21T22:48:10Z,Run,2024-12-21T22:53:42Z,-8.04852433,-34.9508546,166.0,88.0,2.490000009536743
2024-12-21T22:48:10Z,Run,2024-12-21T22:53:43Z,-8.04852401,-34.95087893,166.0,88.0,2.5299999713897705
2024-12-21T22:48:10Z,Run,2024-12-21T22:53:44Z,-8.04852301,-34.95090226,166.0,88.0,2.5299999713897705
2024-12-21T22:48:10Z,Run,2024-12-21T22:53:45Z,-8.04852101,-34.95092525,166.0,88.0,2.5399999618530273
2024-12-21T22:48:10Z,Run,2024-12-21T22:53:46Z,-8.04851802,-34.95094758,166.0,88.0,2.5299999713897705
2024-12-21T22:48:10Z,Run,2024-12-21T22:53:47Z,-8.0485137,-34.95096925,167.0,88.0,2.5199999809265137
2024-12-21T22:48:10Z,Run,2024-12-21T22:53:48Z,-8.04850903,-34.95099158,167.0,88.0,2.509999990463257
2024-12-21T22:48:10Z,Run,2024-12-21T22:53:49Z,-8.04850437,-34.95101257,168.0,88.0,2.5
2024-12-21T22:48:10Z,Run,2024-12-21T22:53:50Z,-8.04850071,-34.9510369,168.0,88.0,2.5
2024-12-21T22:48:10Z,Run,2024-12-21T22:53:51Z,-8.04849772,-34.95106323,168.0,88.0,2.490000009536743
2024-12-21T22:48:10Z,Run,2024-12-21T22:53:52Z,-8.04849572,-34.95109056,168.0,88.0,2.490000009536743
2024-12-21T22:48:10Z,Run,2024-12-21T22:53:53Z,-8.04849605,-34.95111622,169.0,88.0,2.490000009536743
2024-12-21T22:48:10Z,Run,2024-12-21T22:53:54Z,-8.04849771,-34.95114154,169.0,87.0,2.509999990463257
2024-12-21T22:48:10Z,Run,2024-12-21T22:53:55Z,-8.04849804,-34.95116654,169.0,87.0,2.549999952316284
2024-12-21T22:48:10Z,Run,2024-12-21T22:53:56Z,-8.04849704,-34.95118887,169.0,87.0,2.549999952316284
2024-12-21T22:48:10Z,Run,2024-12-21T22:53:57Z,-8.04849505,-34.95120953,169.0,87.0,2.569999933242798
2024-12-21T22:48:10Z,Run,2024-12-21T22:53:58Z,-8.04849405,-34.95123019,170.0,87.0,2.5799999237060547
2024-12-21T22:48:10Z,Run,2024-12-21T22:53:59Z,-8.04849306,-34.95124985,170.0,87.0,2.5799999237060547
2024-12-21T22:48:10Z,Run,2024-12-21T22:54:00Z,-8.04849372,-34.95126984,170.0,88.0,2.5399999618530273
2024-12-21T22:48:10Z,Run,2024-12-21T22:54:01Z,-8.04849572,-34.95128951,170.0,87.0,2.4800000190734863
2024-12-21T22:48:10Z,Run,2024-12-21T22:54:02Z,-8.04849872,-34.95131017,170.0,87.0,2.4800000190734863
2024-12-21T22:48:10Z,Run,2024-12-21T22:54:03Z,-8.04850237,-34.95133082,170.0,88.0,2.4000000953674316
2024-12-21T22:48:10Z,Run,2024-12-21T22:54:04Z,-8.04850704,-34.95135149,170.0,88.0,2.3499999046325684
2024-12-21T22:48:10Z,Run,2024-12-21T22:54:05Z,-8.04851003,-34.95137181,171.0,88.0,2.3499999046325684
2024-12-21T22:48:10Z,Run,2024-12-21T22:54:06Z,-8.04851235,-34.9513928,171.0,88.0,2.3399999141693115
2024-12-21T22:48:10Z,Run,2024-12-21T22:54:07Z,-8.04851402,-34.95141314,171.0,88.0,2.309999942779541
2024-12-21T22:48:10Z,Run,2024-12-21T22:54:08Z,-8.04851601,-34.95143479,171.0,88.0,2.309999942779541
2024-12-21T22:48:10Z,Run,2024-12-21T22:54:09Z,-8.04851668,-34.95145679,171.0,88.0,2.2899999618530273
2024-12-21T22:48:10Z,Run,2024-12-21T22:54:10Z,-8.04851901,-34.95147879,171.0,88.0,2.2899999618530273
2024-12-21T22:48:10Z,Run,2024-12-21T22:54:11Z,-8.04851967,-34.95150012,172.0,88.0,2.299999952316284
2024-12-21T22:48:10Z,Run,2024-12-21T22:54:12Z,-8.04851967,-34.95152078,172.0,88.0,2.299999952316284
2024-12-21T22:48:10Z,Run,2024-12-21T22:54:13Z,-8.04851934,-34.95154077,172.0,88.0,2.299999952316284
2024-12-21T22:48:10Z,Run,2024-12-21T22:54:14Z,-8.04851734,-34.95156311,172.0,88.0,2.299999952316284
2024-12-21T22:48:10Z,Run,2024-12-21T22:54:15Z,-8.04851469,-34.95158443,171.0,88.0,2.299999952316284
2024-12-21T22:48:10Z,Run,2024-12-21T22:54:16Z,-8.04851203,-34.9516061,170.0,88.0,2.309999942779541
2024-12-21T22:48:10Z,Run,2024-12-21T22:54:17Z,-8.0485097,-34.95162642,170.0,88.0,2.319999933242798
2024-12-21T22:48:10Z,Run,2024-12-21T22:54:18Z,-8.04850637,-34.95164908,170.0,88.0,2.319999933242798
2024-12-21T22:48:10Z,Run,2024-12-21T22:54:19Z,-8.04850204,-34.95167141,170.0,88.0,2.319999933242798
2024-12-21T22:48:10Z,Run,2024-12-21T22:54:20Z,-8.04849705,-34.95169274,170.0,88.0,2.319999933242798
2024-12-21T22:48:10Z,Run,2024-12-21T22:54:21Z,-8.04849239,-34.95171373,170.0,88.0,2.319999933242798
2024-12-21T22:48:10Z,Run,2024-12-21T22:54:22Z,-8.04848906,-34.95173407,169.0,89.0,2.319999933242798
2024-12-21T22:48:10Z,Run,2024-12-21T22:54:23Z,-8.0484854,-34.95175506,169.0,88.0,2.319999933242798
2024-12-21T22:48:10Z,Run,2024-12-21T22:54:24Z,-8.04848207,-34.95177706,169.0,88.0,2.319999933242798
2024-12-21T22:48:10Z,Run,2024-12-21T22:54:25Z,-8.04847807,-34.95179838,169.0,88.0,2.319999933242798
2024-12-21T22:48:10Z,Run,2024-12-21T22:54:26Z,-8.04847375,-34.95181905,169.0,88.0,2.319999933242798
2024-12-21T22:48:10Z,Run,2024-12-21T22:54:27Z,-8.04846909,-34.95184204,169.0,88.0,2.319999933242798
2024-12-21T22:48:10Z,Run,2024-12-21T22:54:28Z,-8.04846409,-34.9518637,169.0,87.0,2.319999933242798
2024-12-21T22:48:10Z,Run,2024-12-21T22:54:29Z,-8.04845943,-34.9518857,169.0,87.0,2.319999933242798
2024-12-21T22:48:10Z,Run,2024-12-21T22:54:30Z,-8.04845577,-34.95190769,169.0,88.0,2.319999933242798
2024-12-21T22:48:10Z,Run,2024-12-21T22:54:31Z,-8.04845278,-34.95193035,169.0,88.0,2.3299999237060547
2024-12-21T22:48:10Z,Run,2024-12-21T22:54:32Z,-8.04844979,-34.95195335,169.0,88.0,2.3299999237060547
2024-12-21T22:48:10Z,Run,2024-12-21T22:54:33Z,-8.04844579,-34.95197568,169.0,88.0,2.3299999237060547
2024-12-21T22:48:10Z,Run,2024-12-21T22:54:34Z,-8.04844113,-34.95199801,169.0,88.0,2.3299999237060547
2024-12-21T22:48:10Z,Run,2024-12-21T22:54:35Z,-8.0484358,-34.95201901,169.0,88.0,2.3299999237060547
2024-12-21T22:48:10Z,Run,2024-12-21T22:54:36Z,-8.04843114,-34.95203801,169.0,88.0,2.3399999141693115
2024-12-21T22:48:10Z,Run,2024-12-21T22:54:37Z,-8.04842847,-34.95205933,169.0,88.0,2.3399999141693115
2024-12-21T22:48:10Z,Run,2024-12-21T22:54:38Z,-8.04842681,-34.95208033,169.0,88.0,2.3399999141693115
2024-12-21T22:48:10Z,Run,2024-12-21T22:54:39Z,-8.04842614,-34.95210065,169.0,87.0,2.3399999141693115
2024-12-21T22:48:10Z,Run,2024-12-21T22:54:40Z,-8.04842582,-34.95211898,168.0,87.0,2.3399999141693115
2024-12-21T22:48:10Z,Run,2024-12-21T22:54:41Z,-8.04842549,-34.95213798,167.0,87.0,2.3399999141693115
2024-12-21T22:48:10Z,Run,2024-12-21T22:54:42Z,-8.04842483,-34.95215931,167.0,88.0,2.3399999141693115
2024-12-21T22:48:10Z,Run,2024-12-21T22:54:43Z,-8.04842317,-34.95218097,167.0,88.0,2.3399999141693115
2024-12-21T22:48:10Z,Run,2024-12-21T22:54:44Z,-8.04841885,-34.95220263,167.0,88.0,2.3399999141693115
2024-12-21T22:48:10Z,Run,2024-12-21T22:54:45Z,-8.04841285,-34.9522243,168.0,88.0,2.3399999141693115
2024-12-21T22:48:10Z,Run,2024-12-21T22:54:46Z,-8.04840585,-34.9522463,168.0,88.0,2.3399999141693115
2024-12-21T22:48:10Z,Run,2024-12-21T22:54:47Z,-8.04840019,-34.95226929,168.0,88.0,2.3399999141693115
2024-12-21T22:48:10Z,Run,2024-12-21T22:54:48Z,-8.04839452,-34.95229328,169.0,88.0,2.3399999141693115
2024-12-21T22:48:10Z,Run,2024-12-21T22:54:49Z,-8.04838986,-34.95231628,169.0,88.0,2.3399999141693115
2024-12-21T22:48:10Z,Run,2024-12-21T22:54:50Z,-8.04838786,-34.95233927,169.0,88.0,2.3399999141693115
2024-12-21T22:48:10Z,Run,2024-12-21T22:54:51Z,-8.04838452,-34.95236427,169.0,89.0,2.3499999046325684
2024-12-21T22:48:10Z,Run,2024-12-21T22:54:52Z,-8.04838153,-34.95238759,169.0,88.0,2.3499999046325684
2024-12-21T22:48:10Z,Run,2024-12-21T22:54:53Z,-8.04837788,-34.95241058,171.0,88.0,2.359999895095825
2024-12-21T22:48:10Z,Run,2024-12-21T22:54:54Z,-8.04837288,-34.95243357,171.0,88.0,2.359999895095825
2024-12-21T22:48:10Z,Run,2024-12-21T22:54:55Z,-8.04836822,-34.95245591,171.0,88.0,2.359999895095825
2024-12-21T22:48:10Z,Run,2024-12-21T22:54:56Z,-8.0483639,-34.95247757,171.0,88.0,2.359999895095825
2024-12-21T22:48:10Z,Run,2024-12-21T22:54:57Z,-8.0483609,-34.95249957,171.0,88.0,2.369999885559082
2024-12-21T22:48:10Z,Run,2024-12-21T22:54:58Z,-8.04835957,-34.95252157,172.0,88.0,2.380000114440918
2024-12-21T22:48:10Z,Run,2024-12-21T22:54:59Z,-8.04835857,-34.95254423,172.0,88.0,2.380000114440918
2024-12-21T22:48:10Z,Run,2024-12-21T22:55:00Z,-8.04835758,-34.95256522,172.0,87.0,2.380000114440918
2024-12-21T22:48:10Z,Run,2024-12-21T22:55:01Z,-8.04835659,-34.95258821,172.0,88.0,2.390000104904175
2024-12-21T22:48:10Z,Run,2024-12-21T22:55:02Z,-8.04835626,-34.95260954,172.0,88.0,2.390000104904175
2024-12-21T22:48:10Z,Run,2024-12-21T22:55:03Z,-8.04835593,-34.95263087,172.0,88.0,2.390000104904175
2024-12-21T22:48:10Z,Run,2024-12-21T22:55:04Z,-8.04835626,-34.95265187,173.0,88.0,2.390000104904175
2024-12-21T22:48:10Z,Run,2024-12-21T22:55:05Z,-8.04835758,-34.95267387,175.0,87.0,2.390000104904175
2024-12-21T22:48:10Z,Run,2024-12-21T22:55:06Z,-8.04835825,-34.95269452,176.0,88.0,2.4000000953674316
2024-12-21T22:48:10Z,Run,2024-12-21T22:55:07Z,-8.04836257,-34.95271485,176.0,89.0,2.4000000953674316
2024-12-21T22:48:10Z,Run,2024-12-21T22:55:08Z,-8.04837056,-34.95273517,176.0,89.0,2.4000000953674316
2024-12-21T22:48:10Z,Run,2024-12-21T22:55:09Z,-8.04837956,-34.95275484,176.0,88.0,2.4000000953674316
2024-12-21T22:48:10Z,Run,2024-12-21T22:55:10Z,-8.0483909,-34.95277617,176.0,88.0,2.4000000953674316
2024-12-21T22:48:10Z,Run,2024-12-21T22:55:11Z,-8.04840156,-34.95279716,176.0,88.0,2.4000000953674316
2024-12-21T22:48:10Z,Run,2024-12-21T22:55:12Z,-8.04841255,-34.95281649,176.0,88.0,2.4000000953674316
2024-12-21T22:48:10Z,Run,2024-12-21T22:55:13Z,-8.04842522,-34.95283616,176.0,86.0,2.4000000953674316
2024-12-21T22:48:10Z,Run,2024-12-21T22:55:14Z,-8.04843955,-34.95285516,176.0,86.0,2.4000000953674316
2024-12-21T22:48:10Z,Run,2024-12-21T22:55:15Z,-8.04845588,-34.95287315,176.0,86.0,2.4000000953674316
2024-12-21T22:48:10Z,Run,2024-12-21T22:55:16Z,-8.04847388,-34.95289014,176.0,87.0,2.4100000858306885
2024-12-21T22:48:10Z,Run,2024-12-21T22:55:17Z,-8.04849054,-34.95290647,177.0,86.0,2.4200000762939453
2024-12-21T22:48:10Z,Run,2024-12-21T22:55:18Z,-8.04850521,-34.95292114,178.0,86.0,2.4200000762939453
2024-12-21T22:48:10Z,Run,2024-12-21T22:55:19Z,-8.04852054,-34.9529378,177.0,86.0,2.4200000762939453
2024-12-21T22:48:10Z,Run,2024-12-21T22:55:20Z,-8.04853353,-34.9529528,177.0,86.0,2.4200000762939453
2024-12-21T22:48:10Z,Run,2024-12-21T22:55:21Z,-8.04854552,-34.95296613,176.0,86.0,2.4700000286102295
2024-12-21T22:48:10Z,Run,2024-12-21T22:55:22Z,-8.04855785,-34.95297779,175.0,86.0,2.450000047683716
2024-12-21T22:48:10Z,Run,2024-12-21T22:55:23Z,-8.04857051,-34.95298778,172.0,86.0,2.3499999046325684
2024-12-21T22:48:10Z,Run,2024-12-21T22:55:24Z,-8.0485825,-34.95299677,172.0,86.0,2.259999990463257
2024-12-21T22:48:10Z,Run,2024-12-21T22:55:25Z,-8.0485915,-34.95300443,171.0,86.0,2.1700000762939453
2024-12-21T22:48:10Z,Run,2024-12-21T22:55:26Z,-8.0485985,-34.95301042,171.0,86.0,2.049999952316284
2024-12-21T22:48:10Z,Run,2024-12-21T22:55:27Z,-8.04860549,-34.95301641,171.0,86.0,2.049999952316284
2024-12-21T22:48:10Z,Run,2024-12-21T22:55:28Z,-8.04861316,-34.95302241,172.0,86.0,1.909999966621399
2024-12-21T22:48:10Z,Run,2024-12-21T22:55:29Z,-8.04862149,-34.95302874,173.0,86.0,1.7200000286102295
2024-12-21T22:48:10Z,Run,2024-12-21T22:55:30Z,-8.04863083,-34.95303339,173.0,86.0,1.4800000190734863
2024-12-21T22:48:10Z,Run,2024-12-21T22:55:31Z,-8.04864082,-34.95303439,173.0,86.0,1.2899999618530273
2024-12-21T22:48:10Z,Run,2024-12-21T22:55:32Z,-8.04864982,-34.95303472,174.0,86.0,1.2000000476837158
2024-12-21T22:48:10Z,Run,2024-12-21T22:55:33Z,-8.04865882,-34.95303472,174.0,86.0,1.2000000476837158
2024-12-21T22:48:10Z,Run,2024-12-21T22:55:34Z,-8.04866681,-34.95303537,174.0,86.0,1.2000000476837158
2024-12-21T22:48:10Z,Run,2024-12-21T22:55:35Z,-8.04867447,-34.95303737,174.0,86.0,1.190000057220459
2024-12-21T22:48:10Z,Run,2024-12-21T22:55:36Z,-8.04868113,-34.95304136,170.0,86.0,1.1799999475479126
2024-12-21T22:48:10Z,Run,2024-12-21T22:55:37Z,-8.0486868,-34.95304536,169.0,86.0,1.1399999856948853
2024-12-21T22:48:10Z,Run,2024-12-21T22:55:38Z,-8.04869146,-34.95304902,170.0,86.0,1.090000033378601
2024-12-21T22:48:10Z,Run,2024-12-21T22:55:39Z,-8.04869779,-34.95304934,170.0,86.0,1.090000033378601
2024-12-21T22:48:10Z,Run,2024-12-21T22:55:40Z,-8.04870345,-34.95304902,174.0,86.0,1.0499999523162842
2024-12-21T22:48:10Z,Run,2024-12-21T22:55:41Z,-8.04870944,-34.95304803,175.0,30.0,1.0399999618530273
2024-12-21T22:48:10Z,Run,2024-12-21T22:55:42Z,-8.04871611,-34.95304504,175.0,30.0,1.0199999809265137
2024-12-21T22:48:10Z,Run,2024-12-21T22:55:43Z,-8.04872343,-34.95304104,174.0,30.0,0.9900000095367432
2024-12-21T22:48:10Z,Run,2024-12-21T22:55:44Z,-8.04873143,-34.95303805,171.0,30.0,0.9800000190734863
2024-12-21T22:48:10Z,Run,2024-12-21T22:55:45Z,-8.04873909,-34.95303538,171.0,30.0,0.9800000190734863
2024-12-21T22:48:10Z,Run,2024-12-21T22:55:46Z,-8.04874942,-34.95303338,171.0,31.0,0.9800000190734863
2024-12-21T22:48:10Z,Run,2024-12-21T22:55:47Z,-8.04876109,-34.95303338,172.0,31.0,1.0
2024-12-21T22:48:10Z,Run,2024-12-21T22:55:48Z,-8.04877441,-34.95303605,175.0,31.0,1.0299999713897705
2024-12-21T22:48:10Z,Run,2024-12-21T22:55:49Z,-8.0487854,-34.95303772,175.0,31.0,1.0700000524520874
2024-12-21T22:48:10Z,Run,2024-12-21T22:55:50Z,-8.04879406,-34.95304005,174.0,31.0,1.1200000047683716
2024-12-21T22:48:10Z,Run,2024-12-21T22:55:51Z,-8.04880373,-34.95304005,174.0,31.0,1.1200000047683716
2024-12-21T22:48:10Z,Run,2024-12-21T22:55:52Z,-8.04881439,-34.95303939,170.0,32.0,1.159999966621399
2024-12-21T22:48:10Z,Run,2024-12-21T22:55:53Z,-8.04882605,-34.95303906,169.0,31.0,1.1799999475479126
2024-12-21T22:48:10Z,Run,2024-12-21T22:55:54Z,-8.04883872,-34.95303874,168.0,31.0,1.2100000381469727
2024-12-21T22:48:10Z,Run,2024-12-21T22:55:55Z,-8.04885004,-34.95303874,167.0,31.0,1.2300000190734863
2024-12-21T22:48:10Z,Run,2024-12-21T22:55:56Z,-8.04886203,-34.95303841,167.0,31.0,1.2400000095367432
2024-12-21T22:48:10Z,Run,2024-12-21T22:55:57Z,-8.04887535,-34.95303907,167.0,31.0,1.2400000095367432
2024-12-21T22:48:10Z,Run,2024-12-21T22:55:58Z,-8.04889002,-34.95303974,165.0,32.0,1.25
2024-12-21T22:48:10Z,Run,2024-12-21T22:55:59Z,-8.04890469,-34.95304207,163.0,31.0,1.2599999904632568
2024-12-21T22:48:10Z,Run,2024-12-21T22:56:00Z,-8.04891834,-34.95304506,161.0,31.0,1.2799999713897705
2024-12-21T22:48:10Z,Run,2024-12-21T22:56:01Z,-8.04893267,-34.95304738,161.0,31.0,1.2899999618530273
2024-12-21T22:48:10Z,Run,2024-12-21T22:56:02Z,-8.048946,-34.95304905,161.0,31.0,1.2999999523162842
2024-12-21T22:48:10Z,Run,2024-12-21T22:56:03Z,-8.04895766,-34.95305105,161.0,31.0,1.2999999523162842
2024-12-21T22:48:10Z,Run,2024-12-21T22:56:04Z,-8.04896799,-34.95305237,160.0,31.0,1.309999942779541
2024-12-21T22:48:10Z,Run,2024-12-21T22:56:05Z,-8.04897898,-34.95305371,160.0,31.0,1.309999942779541
2024-12-21T22:48:10Z,Run,2024-12-21T22:56:06Z,-8.04898898,-34.95305636,154.0,31.0,1.3200000524520874
2024-12-21T22:48:10Z,Run,2024-12-21T22:56:07Z,-8.04899964,-34.95305869,152.0,31.0,1.3300000429153442
2024-12-21T22:48:10Z,Run,2024-12-21T22:56:08Z,-8.04901063,-34.95306069,152.0,31.0,1.3300000429153442
2024-12-21T22:48:10Z,Run,2024-12-21T22:56:09Z,-8.04902196,-34.95306202,152.0,31.0,1.3300000429153442
2024-12-21T22:48:10Z,Run,2024-12-21T22:56:10Z,-8.04903428,-34.95306334,151.0,31.0,1.3300000429153442
2024-12-21T22:48:10Z,Run,2024-12-21T22:56:11Z,-8.04904861,-34.95306501,143.0,61.0,1.3300000429153442
2024-12-21T22:48:10Z,Run,2024-12-21T22:56:12Z,-8.04906394,-34.95306667,134.0,61.0,1.3300000429153442
2024-12-21T22:48:10Z,Run,2024-12-21T22:56:13Z,-8.04907827,-34.95306767,132.0,61.0,1.3300000429153442
2024-12-21T22:48:10Z,Run,2024-12-21T22:56:14Z,-8.04909293,-34.95306734,131.0,61.0,1.3300000429153442
2024-12-21T22:48:10Z,Run,2024-12-21T22:56:15Z,-8.04910726,-34.95306701,131.0,61.0,1.3300000429153442
2024-12-21T22:48:10Z,Run,2024-12-21T22:56:16Z,-8.04911993,-34.95306701,130.0,61.0,1.340000033378601
2024-12-21T22:48:10Z,Run,2024-12-21T22:56:17Z,-8.04913159,-34.95306569,130.0,61.0,1.350000023841858
2024-12-21T22:48:10Z,Run,2024-12-21T22:56:18Z,-8.04914059,-34.95306536,131.0,61.0,1.350000023841858
2024-12-21T22:48:10Z,Run,2024-12-21T22:56:19Z,-8.04914691,-34.9530637,132.0,61.0,1.3600000143051147
2024-12-21T22:48:10Z,Run,2024-12-21T22:56:20Z,-8.04915391,-34.95306337,132.0,61.0,1.3600000143051147
2024-12-21T22:48:10Z,Run,2024-12-21T22:56:21Z,-8.04916057,-34.95306571,132.0,61.0,1.3600000143051147
2024-12-21T22:48:10Z,Run,2024-12-21T22:56:22Z,-8.04916757,-34.95306703,133.0,61.0,1.3600000143051147
2024-12-21T22:48:10Z,Run,2024-12-21T22:56:23Z,-8.04917523,-34.95306671,133.0,61.0,1.350000023841858
2024-12-21T22:48:10Z,Run,2024-12-21T22:56:24Z,-8.04918389,-34.95306671,133.0,32.0,1.340000033378601
2024-12-21T22:48:10Z,Run,2024-12-21T22:56:25Z,-8.04919521,-34.95306737,132.0,32.0,1.3200000524520874
2024-12-21T22:48:10Z,Run,2024-12-21T22:56:26Z,-8.04920855,-34.9530677,132.0,32.0,1.2999999523162842
2024-12-21T22:48:10Z,Run,2024-12-21T22:56:27Z,-8.0492232,-34.95306835,132.0,32.0,1.2999999523162842
2024-12-21T22:48:10Z,Run,2024-12-21T22:56:28Z,-8.04924119,-34.9530677,132.0,32.0,1.2799999713897705
2024-12-21T22:48:10Z,Run,2024-12-21T22:56:29Z,-8.04925919,-34.9530667,132.0,32.0,1.2699999809265137
2024-12-21T22:48:10Z,Run,2024-12-21T22:56:30Z,-8.04927586,-34.95306436,131.0,32.0,1.2599999904632568
2024-12-21T22:48:10Z,Run,2024-12-21T22:56:31Z,-8.04929285,-34.95306304,131.0,32.0,1.2599999904632568
2024-12-21T22:48:10Z,Run,2024-12-21T22:56:32Z,-8.04931084,-34.95306137,131.0,32.0,1.2699999809265137
2024-12-21T22:48:10Z,Run,2024-12-21T22:56:33Z,-8.04932983,-34.95305972,131.0,32.0,1.2699999809265137
2024-12-21T22:48:10Z,Run,2024-12-21T22:56:34Z,-8.04934783,-34.95305972,131.0,31.0,1.2799999713897705
2024-12-21T22:48:10Z,Run,2024-12-21T22:56:35Z,-8.04936582,-34.95306137,131.0,31.0,1.2899999618530273
2024-12-21T22:48:10Z,Run,2024-12-21T22:56:36Z,-8.04938349,-34.95306436,131.0,31.0,1.2999999523162842
2024-12-21T22:48:10Z,Run,2024-12-21T22:56:37Z,-8.04939849,-34.95306836,131.0,31.0,1.309999942779541
2024-12-21T22:48:10Z,Run,2024-12-21T22:56:38Z,-8.04941249,-34.95307435,131.0,31.0,1.3200000524520874
2024-12-21T22:48:10Z,Run,2024-12-21T22:56:39Z,-8.04942581,-34.95308169,131.0,31.0,1.3200000524520874
2024-12-21T22:48:10Z,Run,2024-12-21T22:56:40Z,-8.04943913,-34.95308868,132.0,32.0,1.3300000429153442
2024-12-21T22:48:10Z,Run,2024-12-21T22:56:40Z,-8.0494518,-34.95309433,133.0,32.0,1.340000033378601
2024-12-21T22:48:10Z,Run,2024-12-21T22:56:41Z,-8.04946546,-34.95309833,131.0,32.0,1.350000023841858
2024-12-21T22:48:10Z,Run,2024-12-21T22:56:42Z,-8.04947979,-34.95309999,131.0,32.0,1.350000023841858
2024-12-21T22:48:10Z,Run,2024-12-21T22:56:43Z,-8.04949278,-34.95309999,130.0,32.0,1.350000023841858
2024-12-21T22:48:10Z,Run,2024-12-21T22:56:44Z,-8.04950444,-34.95309833,129.0,31.0,1.350000023841858
2024-12-21T22:48:10Z,Run,2024-12-21T22:56:45Z,-8.04951577,-34.953096,129.0,31.0,1.350000023841858
2024-12-21T22:48:10Z,Run,2024-12-21T22:56:46Z,-8.04952743,-34.953094,129.0,32.0,1.350000023841858
2024-12-21T22:48:10Z,Run,2024-12-21T22:56:47Z,-8.04953809,-34.95309368,129.0,32.0,1.3600000143051147
2024-12-21T22:48:10Z,Run,2024-12-21T22:56:48Z,-8.04954842,-34.95309467,129.0,32.0,1.350000023841858
2024-12-21T22:48:10Z,Run,2024-12-21T22:56:49Z,-8.04955974,-34.953097,129.0,31.0,1.350000023841858
2024-12-21T22:48:10Z,Run,2024-12-21T22:56:50Z,-8.04957173,-34.95309933,129.0,31.0,1.350000023841858
2024-12-21T22:48:10Z,Run,2024-12-21T22:56:51Z,-8.04958473,-34.95310299,129.0,31.0,1.350000023841858
2024-12-21T22:48:10Z,Run,2024-12-21T22:56:52Z,-8.04959839,-34.95310732,130.0,31.0,1.340000033378601
2024-12-21T22:48:10Z,Run,2024-12-21T22:56:53Z,-8.04961139,-34.95311266,131.0,31.0,1.340000033378601
2024-12-21T22:48:10Z,Run,2024-12-21T22:56:54Z,-8.04962504,-34.95311698,132.0,31.0,1.340000033378601
2024-12-21T22:48:10Z,Run,2024-12-21T22:56:55Z,-8.04963838,-34.95312131,132.0,31.0,1.340000033378601
2024-12-21T22:48:10Z,Run,2024-12-21T22:56:56Z,-8.04965071,-34.9531223,134.0,31.0,1.340000033378601
2024-12-21T22:48:10Z,Run,2024-12-21T22:56:57Z,-8.04966337,-34.9531203,134.0,31.0,1.340000033378601
2024-12-21T22:48:10Z,Run,2024-12-21T22:56:58Z,-8.04967803,-34.95311865,136.0,31.0,1.340000033378601
2024-12-21T22:48:10Z,Run,2024-12-21T22:56:59Z,-8.04969436,-34.95311799,132.0,31.0,1.340000033378601
2024-12-21T22:48:10Z,Run,2024-12-21T22:57:00Z,-8.04971036,-34.95311632,132.0,31.0,1.350000023841858
2024-12-21T22:48:10Z,Run,2024-12-21T22:57:01Z,-8.04972636,-34.95311432,132.0,31.0,1.350000023841858
2024-12-21T22:48:10Z,Run,2024-12-21T22:57:02Z,-8.04974335,-34.95311432,130.0,31.0,1.350000023841858
2024-12-21T22:48:10Z,Run,2024-12-21T22:57:03Z,-8.04975967,-34.95311632,130.0,31.0,1.350000023841858
2024-12-21T22:48:10Z,Run,2024-12-21T22:57:04Z,-8.04977534,-34.95311731,128.0,31.0,1.3600000143051147
2024-12-21T22:48:10Z,Run,2024-12-21T22:57:05Z,-8.04979099,-34.95311764,126.0,31.0,1.3600000143051147
2024-12-21T22:48:10Z,Run,2024-12-21T22:57:06Z,-8.04980566,-34.95311631,126.0,31.0,1.3700000047683716
2024-12-21T22:48:10Z,Run,2024-12-21T22:57:07Z,-8.04981898,-34.95311566,126.0,31.0,1.3799999952316284
2024-12-21T22:48:10Z,Run,2024-12-21T22:57:08Z,-8.04983232,-34.95311366,125.0,31.0,1.3799999952316284
2024-12-21T22:48:10Z,Run,2024-12-21T22:57:09Z,-8.04984431,-34.95311099,125.0,31.0,1.3799999952316284
2024-12-21T22:48:10Z,Run,2024-12-21T22:57:10Z,-8.04985696,-34.95310767,124.0,31.0,1.3899999856948853
2024-12-21T22:48:10Z,Run,2024-12-21T22:57:11Z,-8.04987163,-34.95310667,124.0,31.0,1.3899999856948853
2024-12-21T22:48:10Z,Run,2024-12-21T22:57:12Z,-8.04988495,-34.95310733,125.0,31.0,1.3899999856948853
2024-12-21T22:48:10Z,Run,2024-12-21T22:57:13Z,-8.04989629,-34.95310866,125.0,31.0,1.399999976158142
2024-12-21T22:48:10Z,Run,2024-12-21T22:57:14Z,-8.04990661,-34.95311066,124.0,31.0,1.399999976158142
2024-12-21T22:48:10Z,Run,2024-12-21T22:57:15Z,-8.04991794,-34.95311465,124.0,31.0,1.399999976158142
2024-12-21T22:48:10Z,Run,2024-12-21T22:57:16Z,-8.04993093,-34.9531203,124.0,31.0,1.409999966621399
2024-12-21T22:48:10Z,Run,2024-12-21T22:57:17Z,-8.04994459,-34.95312497,123.0,31.0,1.409999966621399
2024-12-21T22:48:10Z,Run,2024-12-21T22:57:18Z,-8.04995826,-34.95313096,123.0,31.0,1.4199999570846558
2024-12-21T22:48:10Z,Run,2024-12-21T22:57:19Z,-8.04997391,-34.95313863,123.0,31.0,1.4299999475479126
2024-12-21T22:48:10Z,Run,2024-12-21T22:57:20Z,-8.04998824,-34.95314396,123.0,31.0,1.4299999475479126
2024-12-21T22:48:10Z,Run,2024-12-21T22:57:21Z,-8.05000289,-34.95314762,123.0,31.0,1.4299999475479126
2024-12-21T22:48:10Z,Run,2024-12-21T22:57:22Z,-8.05001523,-34.95314995,123.0,31.0,1.440000057220459
2024-12-21T22:48:10Z,Run,2024-12-21T22:57:23Z,-8.05002722,-34.95315094,123.0,31.0,1.440000057220459
2024-12-21T22:48:10Z,Run,2024-12-21T22:57:24Z,-8.05003888,-34.95315327,123.0,31.0,1.4500000476837158
2024-12-21T22:48:10Z,Run,2024-12-21T22:57:25Z,-8.05005155,-34.95315693,123.0,31.0,1.4500000476837158
2024-12-21T22:48:10Z,Run,2024-12-21T22:57:26Z,-8.05006454,-34.95316026,124.0,31.0,1.4500000476837158
2024-12-21T22:48:10Z,Run,2024-12-21T22:57:27Z,-8.05007554,-34.95316392,124.0,31.0,1.4500000476837158
2024-12-21T22:48:10Z,Run,2024-12-21T22:57:28Z,-8.05008653,-34.95317024,124.0,32.0,1.4500000476837158
2024-12-21T22:48:10Z,Run,2024-12-21T22:57:29Z,-8.0501012,-34.95317923,125.0,32.0,1.4500000476837158
2024-12-21T22:48:10Z,Run,2024-12-21T22:57:30Z,-8.05011853,-34.95318757,125.0,32.0,1.4500000476837158
2024-12-21T22:48:10Z,Run,2024-12-21T22:57:31Z,-8.05013586,-34.9531939,124.0,32.0,1.4500000476837158
2024-12-21T22:48:10Z,Run,2024-12-21T22:57:32Z,-8.05015185,-34.95320022,125.0,32.0,1.4500000476837158
2024-12-21T22:48:10Z,Run,2024-12-21T22:57:33Z,-8.05016552,-34.95320488,125.0,32.0,1.4500000476837158
2024-12-21T22:48:10Z,Run,2024-12-21T22:57:34Z,-8.05017851,-34.95320821,127.0,30.0,1.4500000476837158
2024-12-21T22:48:10Z,Run,2024-12-21T22:57:35Z,-8.05019084,-34.95320987,127.0,30.0,1.4600000381469727
2024-12-21T22:48:10Z,Run,2024-12-21T22:57:36Z,-8.05020351,-34.95321087,126.0,30.0,1.4600000381469727
2024-12-21T22:48:10Z,Run,2024-12-21T22:57:37Z,-8.05021617,-34.95321253,126.0,30.0,1.4600000381469727
2024-12-21T22:48:10Z,Run,2024-12-21T22:57:38Z,-8.05022883,-34.95321386,125.0,30.0,1.4700000286102295
2024-12-21T22:48:10Z,Run,2024-12-21T22:57:39Z,-8.05024249,-34.95321518,125.0,30.0,1.4700000286102295
2024-12-21T22:48:10Z,Run,2024-12-21T22:57:40Z,-8.05025615,-34.95321718,124.0,30.0,1.4700000286102295
2024-12-21T22:48:10Z,Run,2024-12-21T22:57:41Z,-8.05026915,-34.95321817,123.0,30.0,1.4700000286102295
2024-12-21T22:48:10Z,Run,2024-12-21T22:57:42Z,-8.05028247,-34.95321518,122.0,30.0,1.4299999475479126
2024-12-21T22:48:10Z,Run,2024-12-21T22:57:43Z,-8.0502978,-34.95321285,123.0,30.0,1.399999976158142
2024-12-21T22:48:10Z,Run,2024-12-21T22:57:44Z,-8.05031747,-34.95320953,124.0,30.0,1.409999966621399
2024-12-21T22:48:10Z,Run,2024-12-21T22:57:45Z,-8.05033979,-34.9532082,124.0,30.0,1.409999966621399
2024-12-21T22:48:10Z,Run,2024-12-21T22:57:46Z,-8.05036413,-34.95320853,124.0,30.0,1.409999966621399
2024-12-21T22:48:10Z,Run,2024-12-21T22:57:47Z,-8.05039013,-34.95321052,125.0,30.0,1.5
2024-12-21T22:48:10Z,Run,2024-12-21T22:57:48Z,-8.05041613,-34.95321285,126.0,30.0,1.809999942779541
2024-12-21T22:48:10Z,Run,2024-12-21T22:57:49Z,-8.05044278,-34.95321584,126.0,30.0,2.259999990463257
2024-12-21T22:48:10Z,Run,2024-12-21T22:57:50Z,-8.05046945,-34.95321917,128.0,30.0,2.640000104904175
2024-12-21T22:48:10Z,Run,2024-12-21T22:57:51Z,-8.05049611,-34.9532225,128.0,30.0,2.640000104904175
2024-12-21T22:48:10Z,Run,2024-12-21T22:57:52Z,-8.05052411,-34.95322649,130.0,30.0,2.890000104904175
2024-12-21T22:48:10Z,Run,2024-12-21T22:57:53Z,-8.05055211,-34.95323082,131.0,88.0,2.9700000286102295
2024-12-21T22:48:10Z,Run,2024-12-21T22:57:54Z,-8.05058043,-34.95323481,131.0,88.0,2.9700000286102295
2024-12-21T22:48:10Z,Run,2024-12-21T22:57:55Z,-8.05060843,-34.95324014,131.0,88.0,2.9800000190734863
2024-12-21T22:48:10Z,Run,2024-12-21T22:57:56Z,-8.05063543,-34.95324481,131.0,88.0,3.0199999809265137
2024-12-21T22:48:10Z,Run,2024-12-21T22:57:57Z,-8.05066242,-34.95325048,131.0,88.0,3.0199999809265137
2024-12-21T22:48:10Z,Run,2024-12-21T22:57:58Z,-8.05068941,-34.95325547,132.0,88.0,3.049999952316284
2024-12-21T22:48:10Z,Run,2024-12-21T22:57:59Z,-8.05071608,-34.95325947,131.0,89.0,3.049999952316284
2024-12-21T22:48:10Z,Run,2024-12-21T22:58:00Z,-8.05074273,-34.9532618,131.0,88.0,3.049999952316284
2024-12-21T22:48:10Z,Run,2024-12-21T22:58:01Z,-8.05077007,-34.95326212,131.0,89.0,3.049999952316284
2024-12-21T22:48:10Z,Run,2024-12-21T22:58:02Z,-8.05079772,-34.95326079,131.0,88.0,3.0299999713897705
2024-12-21T22:48:10Z,Run,2024-12-21T22:58:03Z,-8.05082606,-34.9532598,131.0,88.0,3.0299999713897705
2024-12-21T22:48:10Z,Run,2024-12-21T22:58:04Z,-8.05085606,-34.95325881,131.0,88.0,3.0199999809265137
2024-12-21T22:48:10Z,Run,2024-12-21T22:58:05Z,-8.05088505,-34.95325781,131.0,88.0,3.0199999809265137
2024-12-21T22:48:10Z,Run,2024-12-21T22:58:06Z,-8.05091205,-34.95325781,131.0,88.0,3.009999990463257
2024-12-21T22:48:10Z,Run,2024-12-21T22:58:07Z,-8.05093837,-34.95325781,131.0,88.0,2.9700000286102295
2024-12-21T22:48:10Z,Run,2024-12-21T22:58:08Z,-8.05096437,-34.95325847,131.0,88.0,2.940000057220459
2024-12-21T22:48:10Z,Run,2024-12-21T22:58:09Z,-8.05098836,-34.95325714,131.0,88.0,2.940000057220459
2024-12-21T22:48:10Z,Run,2024-12-21T22:58:10Z,-8.05101203,-34.95325582,130.0,88.0,2.940000057220459
2024-12-21T22:48:10Z,Run,2024-12-21T22:58:11Z,-8.05103835,-34.95325549,130.0,88.0,2.930000066757202
2024-12-21T22:48:10Z,Run,2024-12-21T22:58:12Z,-8.05106435,-34.95325682,131.0,88.0,2.880000114440918
2024-12-21T22:48:10Z,Run,2024-12-21T22:58:13Z,-8.05109102,-34.95325781,131.0,88.0,2.8399999141693115
2024-12-21T22:48:10Z,Run,2024-12-21T22:58:14Z,-8.05111834,-34.95325881,131.0,87.0,2.8399999141693115
2024-12-21T22:48:10Z,Run,2024-12-21T22:58:15Z,-8.05114634,-34.9532608,131.0,87.0,2.8399999141693115
2024-12-21T22:48:10Z,Run,2024-12-21T22:58:16Z,-8.05117301,-34.9532648,131.0,88.0,2.8399999141693115
2024-12-21T22:48:10Z,Run,2024-12-21T22:58:17Z,-8.051198,-34.95327112,131.0,89.0,2.8399999141693115
2024-12-21T22:48:10Z,Run,2024-12-21T22:58:18Z,-8.05122199,-34.95327946,132.0,88.0,2.8499999046325684
2024-12-21T22:48:10Z,Run,2024-12-21T22:58:19Z,-8.05124565,-34.95328945,132.0,88.0,2.8499999046325684
2024-12-21T22:48:10Z,Run,2024-12-21T22:58:20Z,-8.05126964,-34.95329811,132.0,88.0,2.869999885559082
2024-12-21T22:48:10Z,Run,2024-12-21T22:58:21Z,-8.05129464,-34.95330577,132.0,88.0,2.890000104904175
2024-12-21T22:48:10Z,Run,2024-12-21T22:58:22Z,-8.0513203,-34.95331244,132.0,88.0,2.890000104904175
2024-12-21T22:48:10Z,Run,2024-12-21T22:58:23Z,-8.05134562,-34.95331876,132.0,89.0,2.890000104904175
2024-12-21T22:48:10Z,Run,2024-12-21T22:58:24Z,-8.05137129,-34.95332376,131.0,88.0,2.890000104904175
2024-12-21T22:48:10Z,Run,2024-12-21T22:58:25Z,-8.05139729,-34.95332643,131.0,88.0,2.890000104904175
2024-12-21T22:48:10Z,Run,2024-12-21T22:58:26Z,-8.05142295,-34.95332775,132.0,89.0,2.890000104904175
2024-12-21T22:48:10Z,Run,2024-12-21T22:58:27Z,-8.05144861,-34.95332908,133.0,88.0,2.890000104904175
2024-12-21T22:48:10Z,Run,2024-12-21T22:58:28Z,-8.05147394,-34.95333041,133.0,88.0,2.890000104904175
2024-12-21T22:48:10Z,Run,2024-12-21T22:58:29Z,-8.0514996,-34.95333207,134.0,88.0,2.9000000953674316
2024-12-21T22:48:10Z,Run,2024-12-21T22:58:30Z,-8.0515246,-34.95333474,133.0,88.0,2.9000000953674316
2024-12-21T22:48:10Z,Run,2024-12-21T22:58:31Z,-8.05154959,-34.95333741,133.0,88.0,2.9000000953674316
2024-12-21T22:48:10Z,Run,2024-12-21T22:58:32Z,-8.05157459,-34.9533404,132.0,88.0,2.9000000953674316
2024-12-21T22:48:10Z,Run,2024-12-21T22:58:33Z,-8.05159958,-34.95334339,131.0,89.0,2.9000000953674316
2024-12-21T22:48:10Z,Run,2024-12-21T22:58:34Z,-8.05162192,-34.95334638,131.0,89.0,2.9000000953674316
2024-12-21T22:48:10Z,Run,2024-12-21T22:58:35Z,-8.05164591,-34.95335003,131.0,89.0,2.890000104904175
2024-12-21T22:48:10Z,Run,2024-12-21T22:58:36Z,-8.0516699,-34.95335369,130.0,89.0,2.890000104904175
2024-12-21T22:48:10Z,Run,2024-12-21T22:58:37Z,-8.05169423,-34.95335736,129.0,89.0,2.890000104904175
2024-12-21T22:48:10Z,Run,2024-12-21T22:58:38Z,-8.05171922,-34.95335969,128.0,88.0,2.890000104904175
2024-12-21T22:48:10Z,Run,2024-12-21T22:58:39Z,-8.05174422,-34.95336135,128.0,89.0,2.880000114440918
2024-12-21T22:48:10Z,Run,2024-12-21T22:58:40Z,-8.05176954,-34.95336301,128.0,89.0,2.880000114440918
2024-12-21T22:48:10Z,Run,2024-12-21T22:58:41Z,-8.05179453,-34.953364,127.0,89.0,2.880000114440918
2024-12-21T22:48:10Z,Run,2024-12-21T22:58:42Z,-8.05181953,-34.95336533,126.0,89.0,2.869999885559082
2024-12-21T22:48:10Z,Run,2024-12-21T22:58:43Z,-8.05184453,-34.95336766,125.0,89.0,2.869999885559082
2024-12-21T22:48:10Z,Run,2024-12-21T22:58:44Z,-8.05186886,-34.95337099,125.0,87.0,2.859999895095825
2024-12-21T22:48:10Z,Run,2024-12-21T22:58:45Z,-8.05189285,-34.95337498,126.0,88.0,2.859999895095825
2024-12-21T22:48:10Z,Run,2024-12-21T22:58:46Z,-8.05191684,-34.95337765,126.0,88.0,2.859999895095825
2024-12-21T22:48:10Z,Run,2024-12-21T22:58:47Z,-8.05194117,-34.95337965,127.0,88.0,2.859999895095825
2024-12-21T22:48:10Z,Run,2024-12-21T22:58:48Z,-8.05196616,-34.95338232,127.0,88.0,2.8499999046325684
2024-12-21T22:48:10Z,Run,2024-12-21T22:58:49Z,-8.05199049,-34.95338531,128.0,89.0,2.8499999046325684
2024-12-21T22:48:10Z,Run,2024-12-21T22:58:50Z,-8.05201516,-34.95338763,128.0,88.0,2.8499999046325684
2024-12-21T22:48:10Z,Run,2024-12-21T22:58:51Z,-8.05203816,-34.95339063,129.0,88.0,2.8399999141693115
2024-12-21T22:48:10Z,Run,2024-12-21T22:58:52Z,-8.05206215,-34.95339295,129.0,88.0,2.8399999141693115
2024-12-21T22:48:10Z,Run,2024-12-21T22:58:53Z,-8.05208714,-34.95339495,129.0,88.0,2.8399999141693115
2024-12-21T22:48:10Z,Run,2024-12-21T22:58:54Z,-8.05211246,-34.95339695,128.0,88.0,2.8399999141693115
2024-12-21T22:48:10Z,Run,2024-12-21T22:58:55Z,-8.0521368,-34.95339895,128.0,88.0,2.8399999141693115
2024-12-21T22:48:10Z,Run,2024-12-21T22:58:56Z,-8.05216179,-34.95340028,127.0,89.0,2.8399999141693115
2024-12-21T22:48:10Z,Run,2024-12-21T22:58:57Z,-8.05218412,-34.9534016,127.0,89.0,2.8299999237060547
2024-12-21T22:48:10Z,Run,2024-12-21T22:58:58Z,-8.05220811,-34.95340427,127.0,89.0,2.8299999237060547
2024-12-21T22:48:10Z,Run,2024-12-21T22:58:59Z,-8.05223411,-34.95340593,126.0,89.0,2.8299999237060547
2024-12-21T22:48:10Z,Run,2024-12-21T22:59:00Z,-8.05225978,-34.9534076,126.0,88.0,2.8299999237060547
2024-12-21T22:48:10Z,Run,2024-12-21T22:59:01Z,-8.0522841,-34.95340926,127.0,88.0,2.819999933242798
2024-12-21T22:48:10Z,Run,2024-12-21T22:59:02Z,-8.05230743,-34.95341092,127.0,88.0,2.819999933242798
2024-12-21T22:48:10Z,Run,2024-12-21T22:59:03Z,-8.05233042,-34.95341326,127.0,88.0,2.819999933242798
2024-12-21T22:48:10Z,Run,2024-12-21T22:59:04Z,-8.05235342,-34.95341525,127.0,88.0,2.819999933242798
2024-12-21T22:48:10Z,Run,2024-12-21T22:59:05Z,-8.05237608,-34.95341658,127.0,88.0,2.809999942779541
2024-12-21T22:48:10Z,Run,2024-12-21T22:59:06Z,-8.05239841,-34.9534179,126.0,88.0,2.809999942779541
2024-12-21T22:48:10Z,Run,2024-12-21T22:59:07Z,-8.05242074,-34.9534189,124.0,88.0,2.799999952316284
2024-12-21T22:48:10Z,Run,2024-12-21T22:59:08Z,-8.05244374,-34.95342023,124.0,87.0,2.799999952316284
2024-12-21T22:48:10Z,Run,2024-12-21T22:59:09Z,-8.05246607,-34.95342088,124.0,88.0,2.799999952316284
2024-12-21T22:48:10Z,Run,2024-12-21T22:59:10Z,-8.05248907,-34.95342088,124.0,88.0,2.799999952316284
2024-12-21T22:48:10Z,Run,2024-12-21T22:59:11Z,-8.0525114,-34.95342088,124.0,88.0,2.7899999618530273
2024-12-21T22:48:10Z,Run,2024-12-21T22:59:12Z,-8.05253473,-34.95342155,124.0,89.0,2.7799999713897705
2024-12-21T22:48:10Z,Run,2024-12-21T22:59:13Z,-8.05255839,-34.95342254,124.0,89.0,2.7699999809265137
2024-12-21T22:48:10Z,Run,2024-12-21T22:59:14Z,-8.05258206,-34.9534242,124.0,89.0,2.7699999809265137
2024-12-21T22:48:10Z,Run,2024-12-21T22:59:15Z,-8.05260673,-34.95342685,125.0,89.0,2.7699999809265137
2024-12-21T22:48:10Z,Run,2024-12-21T22:59:16Z,-8.05263138,-34.95342985,125.0,89.0,2.7699999809265137
2024-12-21T22:48:10Z,Run,2024-12-21T22:59:17Z,-8.05265472,-34.95343251,125.0,89.0,2.759999990463257
2024-12-21T22:48:10Z,Run,2024-12-21T22:59:18Z,-8.05267905,-34.95343518,125.0,88.0,2.759999990463257
2024-12-21T22:48:10Z,Run,2024-12-21T22:59:19Z,-8.05270304,-34.95343817,124.0,88.0,2.75
2024-12-21T22:48:10Z,Run,2024-12-21T22:59:20Z,-8.0527267,-34.95344116,125.0,88.0,2.75
2024-12-21T22:48:10Z,Run,2024-12-21T22:59:21Z,-8.05275136,-34.95344516,124.0,88.0,2.740000009536743
2024-12-21T22:48:10Z,Run,2024-12-21T22:59:22Z,-8.05277635,-34.95344982,124.0,88.0,2.740000009536743
2024-12-21T22:48:10Z,Run,2024-12-21T22:59:23Z,-8.05280068,-34.95345381,123.0,88.0,2.740000009536743
2024-12-21T22:48:10Z,Run,2024-12-21T22:59:24Z,-8.05282534,-34.95345747,123.0,88.0,2.740000009536743
2024-12-21T22:48:10Z,Run,2024-12-21T22:59:25Z,-8.05285033,-34.95346014,124.0,88.0,2.740000009536743
2024-12-21T22:48:10Z,Run,2024-12-21T22:59:26Z,-8.052875,-34.95346214,125.0,88.0,2.740000009536743
2024-12-21T22:48:10Z,Run,2024-12-21T22:59:27Z,-8.05289933,-34.9534638,126.0,88.0,2.740000009536743
2024-12-21T22:48:10Z,Run,2024-12-21T22:59:28Z,-8.052923,-34.95346579,126.0,88.0,2.740000009536743
2024-12-21T22:48:10Z,Run,2024-12-21T22:59:29Z,-8.05294732,-34.95346779,127.0,89.0,2.740000009536743
2024-12-21T22:48:10Z,Run,2024-12-21T22:59:30Z,-8.05297199,-34.95346946,126.0,88.0,2.740000009536743
2024-12-21T22:48:10Z,Run,2024-12-21T22:59:31Z,-8.05299598,-34.95347145,126.0,88.0,2.740000009536743
2024-12-21T22:48:10Z,Run,2024-12-21T22:59:32Z,-8.05302031,-34.95347345,126.0,88.0,2.7300000190734863
2024-12-21T22:48:10Z,Run,2024-12-21T22:59:33Z,-8.05304464,-34.95347478,126.0,88.0,2.7300000190734863
2024-12-21T22:48:10Z,Run,2024-12-21T22:59:34Z,-8.0530683,-34.95347412,126.0,88.0,2.7300000190734863
2024-12-21T22:48:10Z,Run,2024-12-21T22:59:35Z,-8.05309264,-34.95347412,126.0,88.0,2.7300000190734863
2024-12-21T22:48:10Z,Run,2024-12-21T22:59:36Z,-8.05311696,-34.95347379,126.0,89.0,2.7300000190734863
2024-12-21T22:48:10Z,Run,2024-12-21T22:59:37Z,-8.05314095,-34.95347347,127.0,88.0,2.7300000190734863
2024-12-21T22:48:10Z,Run,2024-12-21T22:59:38Z,-8.05316595,-34.95347315,127.0,89.0,2.7300000190734863
2024-12-21T22:48:10Z,Run,2024-12-21T22:59:39Z,-8.05319161,-34.95347414,127.0,88.0,2.7300000190734863
2024-12-21T22:48:10Z,Run,2024-12-21T22:59:40Z,-8.05321727,-34.95347679,127.0,88.0,2.7200000286102295
2024-12-21T22:48:10Z,Run,2024-12-21T22:59:41Z,-8.0532436,-34.95348045,127.0,88.0,2.7200000286102295
2024-12-21T22:48:10Z,Run,2024-12-21T22:59:42Z,-8.05326926,-34.95348478,127.0,88.0,2.7200000286102295
2024-12-21T22:48:10Z,Run,2024-12-21T22:59:43Z,-8.05329593,-34.95349012,128.0,89.0,2.7200000286102295
2024-12-21T22:48:10Z,Run,2024-12-21T22:59:44Z,-8.05332259,-34.95349577,129.0,89.0,2.7200000286102295
2024-12-21T22:48:10Z,Run,2024-12-21T22:59:45Z,-8.05334859,-34.95350077,129.0,88.0,2.7200000286102295
2024-12-21T22:48:10Z,Run,2024-12-21T22:59:46Z,-8.05337492,-34.95350577,129.0,88.0,2.7200000286102295
2024-12-21T22:48:10Z,Run,2024-12-21T22:59:47Z,-8.05340024,-34.9535101,129.0,88.0,2.7200000286102295
2024-12-21T22:48:10Z,Run,2024-12-21T22:59:48Z,-8.05342391,-34.95351375,129.0,88.0,2.7200000286102295
2024-12-21T22:48:10Z,Run,2024-12-21T22:59:49Z,-8.05344723,-34.95351775,128.0,88.0,2.7200000286102295
2024-12-21T22:48:10Z,Run,2024-12-21T22:59:50Z,-8.0534739,-34.95352309,126.0,88.0,2.7300000190734863
2024-12-21T22:48:10Z,Run,2024-12-21T22:59:51Z,-8.05350056,-34.95352774,125.0,88.0,2.7300000190734863
2024-12-21T22:48:10Z,Run,2024-12-21T22:59:52Z,-8.05352622,-34.95353107,125.0,88.0,2.7300000190734863
2024-12-21T22:48:10Z,Run,2024-12-21T22:59:53Z,-8.05355322,-34.95353273,125.0,88.0,2.7300000190734863
2024-12-21T22:48:10Z,Run,2024-12-21T22:59:54Z,-8.05358088,-34.9535344,125.0,89.0,2.7300000190734863
2024-12-21T22:48:10Z,Run,2024-12-21T22:59:55Z,-8.0536092,-34.95353739,125.0,88.0,2.7300000190734863
2024-12-21T22:48:10Z,Run,2024-12-21T22:59:56Z,-8.0536362,-34.95354138,125.0,88.0,2.7300000190734863
2024-12-21T22:48:10Z,Run,2024-12-21T22:59:57Z,-8.05366153,-34.95354705,125.0,89.0,2.7300000190734863
2024-12-21T22:48:10Z,Run,2024-12-21T22:59:58Z,-8.05368685,-34.9535527,125.0,89.0,2.7300000190734863
2024-12-21T22:48:10Z,Run,2024-12-21T22:59:59Z,-8.05371252,-34.95355704,125.0,89.0,2.7300000190734863
2024-12-21T22:48:10Z,Run,2024-12-21T23:00:00Z,-8.05373852,-34.95356203,126.0,88.0,2.7300000190734863
2024-12-21T22:48:10Z,Run,2024-12-21T23:00:01Z,-8.05376584,-34.95356869,127.0,88.0,2.7300000190734863
2024-12-21T22:48:10Z,Run,2024-12-21T23:00:02Z,-8.05379416,-34.95357535,127.0,88.0,2.740000009536743
2024-12-21T22:48:10Z,Run,2024-12-21T23:00:03Z,-8.0538225,-34.95357834,127.0,88.0,2.740000009536743
2024-12-21T22:48:10Z,Run,2024-12-21T23:00:04Z,-8.05384949,-34.95357702,127.0,88.0,2.740000009536743
2024-12-21T22:48:10Z,Run,2024-12-21T23:00:05Z,-8.05387549,-34.95357669,127.0,88.0,2.740000009536743
2024-12-21T22:48:10Z,Run,2024-12-21T23:00:06Z,-8.05390115,-34.95357735,127.0,88.0,2.740000009536743
2024-12-21T22:48:10Z,Run,2024-12-21T23:00:07Z,-8.05392649,-34.95357867,127.0,88.0,2.740000009536743
2024-12-21T22:48:10Z,Run,2024-12-21T23:00:08Z,-8.05395181,-34.95358001,128.0,89.0,2.740000009536743
2024-12-21T22:48:10Z,Run,2024-12-21T23:00:09Z,-8.05397713,-34.95358167,128.0,89.0,2.740000009536743
2024-12-21T22:48:10Z,Run,2024-12-21T23:00:10Z,-8.05400146,-34.95358433,128.0,89.0,2.7300000190734863
2024-12-21T22:48:10Z,Run,2024-12-21T23:00:11Z,-8.05402579,-34.953587,128.0,89.0,2.7300000190734863
2024-12-21T22:48:10Z,Run,2024-12-21T23:00:12Z,-8.05405012,-34.95358999,128.0,88.0,2.7300000190734863
2024-12-21T22:48:10Z,Run,2024-12-21T23:00:13Z,-8.05407312,-34.95359232,128.0,89.0,2.7300000190734863
2024-12-21T22:48:10Z,Run,2024-12-21T23:00:14Z,-8.05409745,-34.95359465,129.0,88.0,2.7300000190734863
2024-12-21T22:48:10Z,Run,2024-12-21T23:00:15Z,-8.05412077,-34.95359831,129.0,88.0,2.7300000190734863
2024-12-21T22:48:10Z,Run,2024-12-21T23:00:16Z,-8.05414476,-34.95360231,129.0,88.0,2.7300000190734863
2024-12-21T22:48:10Z,Run,2024-12-21T23:00:17Z,-8.05416709,-34.95360563,129.0,88.0,2.7300000190734863
2024-12-21T22:48:10Z,Run,2024-12-21T23:00:18Z,-8.05418909,-34.9536073,129.0,89.0,2.7200000286102295
2024-12-21T22:48:10Z,Run,2024-12-21T23:00:19Z,-8.05421242,-34.95360962,129.0,89.0,2.7200000286102295
2024-12-21T22:48:10Z,Run,2024-12-21T23:00:20Z,-8.05423575,-34.95361162,131.0,88.0,2.7100000381469727
2024-12-21T22:48:10Z,Run,2024-12-21T23:00:21Z,-8.05425741,-34.95361396,130.0,88.0,2.7100000381469727
2024-12-21T22:48:10Z,Run,2024-12-21T23:00:22Z,-8.05427974,-34.95361795,130.0,88.0,2.7100000381469727
2024-12-21T22:48:10Z,Run,2024-12-21T23:00:23Z,-8.0543024,-34.95362261,130.0,88.0,2.7100000381469727
2024-12-21T22:48:10Z,Run,2024-12-21T23:00:24Z,-8.05432606,-34.95362795,131.0,88.0,2.7100000381469727
2024-12-21T22:48:10Z,Run,2024-12-21T23:00:25Z,-8.05434872,-34.95363328,132.0,88.0,2.700000047683716
2024-12-21T22:48:10Z,Run,2024-12-21T23:00:26Z,-8.05437172,-34.95363861,132.0,88.0,2.690000057220459
2024-12-21T22:48:10Z,Run,2024-12-21T23:00:27Z,-8.05439571,-34.9536426,133.0,88.0,2.690000057220459
2024-12-21T22:48:10Z,Run,2024-12-21T23:00:28Z,-8.05442004,-34.95364593,133.0,88.0,2.680000066757202
2024-12-21T22:48:10Z,Run,2024-12-21T23:00:29Z,-8.05444538,-34.95364858,133.0,88.0,2.680000066757202
2024-12-21T22:48:10Z,Run,2024-12-21T23:00:30Z,-8.05447137,-34.95365191,134.0,87.0,2.680000066757202
2024-12-21T22:48:10Z,Run,2024-12-21T23:00:31Z,-8.0544967,-34.95365591,134.0,88.0,2.680000066757202
2024-12-21T22:48:10Z,Run,2024-12-21T23:00:32Z,-8.05452137,-34.95365923,134.0,88.0,2.680000066757202
2024-12-21T22:48:10Z,Run,2024-12-21T23:00:33Z,-8.05454436,-34.9536619,134.0,88.0,2.680000066757202
2024-12-21T22:48:10Z,Run,2024-12-21T23:00:34Z,-8.05456669,-34.95366255,134.0,88.0,2.680000066757202
2024-12-21T22:48:10Z,Run,2024-12-21T23:00:35Z,-8.05458735,-34.9536609,134.0,88.0,2.680000066757202
2024-12-21T22:48:10Z,Run,2024-12-21T23:00:36Z,-8.054609,-34.9536569,134.0,88.0,2.680000066757202
2024-12-21T22:48:10Z,Run,2024-12-21T23:00:37Z,-8.05463234,-34.95365156,134.0,87.0,2.680000066757202
2024-12-21T22:48:10Z,Run,2024-12-21T23:00:38Z,-8.05465633,-34.95364691,135.0,88.0,2.680000066757202
2024-12-21T22:48:10Z,Run,2024-12-21T23:00:39Z,-8.05468099,-34.95364324,135.0,88.0,2.680000066757202
2024-12-21T22:48:10Z,Run,2024-12-21T23:00:40Z,-8.05470598,-34.95364125,135.0,89.0,2.680000066757202
2024-12-21T22:48:10Z,Run,2024-12-21T23:00:41Z,-8.05472765,-34.95364059,135.0,89.0,2.680000066757202
2024-12-21T22:48:10Z,Run,2024-12-21T23:00:42Z,-8.05475031,-34.95364192,135.0,88.0,2.6700000762939453
2024-12-21T22:48:10Z,Run,2024-12-21T23:00:43Z,-8.05477264,-34.95364358,135.0,88.0,2.6700000762939453
2024-12-21T22:48:10Z,Run,2024-12-21T23:00:44Z,-8.05479596,-34.95364524,135.0,88.0,2.6600000858306885
2024-12-21T22:48:10Z,Run,2024-12-21T23:00:45Z,-8.0548203,-34.9536459,135.0,88.0,2.6600000858306885
2024-12-21T22:48:10Z,Run,2024-12-21T23:00:46Z,-8.05484595,-34.9536459,136.0,88.0,2.6500000953674316
2024-12-21T22:48:10Z,Run,2024-12-21T23:00:47Z,-8.05487195,-34.95364524,136.0,88.0,2.6500000953674316
2024-12-21T22:48:10Z,Run,2024-12-21T23:00:48Z,-8.05489929,-34.95364324,137.0,88.0,2.6500000953674316
2024-12-21T22:48:10Z,Run,2024-12-21T23:00:49Z,-8.05492694,-34.95364125,137.0,88.0,2.6500000953674316
2024-12-21T22:48:10Z,Run,2024-12-21T23:00:50Z,-8.05495428,-34.95364157,138.0,89.0,2.6500000953674316
2024-12-21T22:48:10Z,Run,2024-12-21T23:00:51Z,-8.05498127,-34.95364357,139.0,88.0,2.6500000953674316
2024-12-21T22:48:10Z,Run,2024-12-21T23:00:52Z,-8.0550076,-34.95364656,141.0,88.0,2.6500000953674316
2024-12-21T22:48:10Z,Run,2024-12-21T23:00:53Z,-8.05503459,-34.95365055,141.0,88.0,2.6500000953674316
2024-12-21T22:48:10Z,Run,2024-12-21T23:00:54Z,-8.05505991,-34.95365454,141.0,89.0,2.6500000953674316
2024-12-21T22:48:10Z,Run,2024-12-21T23:00:55Z,-8.05508391,-34.95365821,142.0,88.0,2.6600000858306885
2024-12-21T22:48:10Z,Run,2024-12-21T23:00:55Z,-8.0551069,-34.95366054,142.0,88.0,2.6700000762939453
2024-12-21T22:48:10Z,Run,2024-12-21T23:00:56Z,-8.05513089,-34.95366387,143.0,88.0,2.6700000762939453
2024-12-21T22:48:10Z,Run,2024-12-21T23:00:57Z,-8.05515523,-34.95366886,144.0,89.0,2.6700000762939453
2024-12-21T22:48:10Z,Run,2024-12-21T23:00:58Z,-8.05517955,-34.95367486,144.0,89.0,2.6700000762939453
2024-12-21T22:48:10Z,Run,2024-12-21T23:00:59Z,-8.05520322,-34.95367951,144.0,88.0,2.680000066757202
2024-12-21T22:48:10Z,Run,2024-12-21T23:01:00Z,-8.05522688,-34.95368385,144.0,88.0,2.680000066757202
2024-12-21T22:48:10Z,Run,2024-12-21T23:01:01Z,-8.05524821,-34.9536865,145.0,88.0,2.680000066757202
2024-12-21T22:48:10Z,Run,2024-12-21T23:01:02Z,-8.05526853,-34.95368783,146.0,87.0,2.680000066757202
2024-12-21T22:48:10Z,Run,2024-12-21T23:01:03Z,-8.05528652,-34.95368815,147.0,86.0,2.680000066757202
2024-12-21T22:48:10Z,Run,2024-12-21T23:01:04Z,-8.05530352,-34.95368683,147.0,86.0,2.680000066757202
2024-12-21T22:48:10Z,Run,2024-12-21T23:01:05Z,-8.05531918,-34.95368216,149.0,86.0,2.6700000762939453
2024-12-21T22:48:10Z,Run,2024-12-21T23:01:06Z,-8.0553305,-34.95367284,150.0,87.0,2.6700000762939453
2024-12-21T22:48:10Z,Run,2024-12-21T23:01:07Z,-8.05533916,-34.95366118,152.0,87.0,2.6600000858306885
2024-12-21T22:48:10Z,Run,2024-12-21T23:01:08Z,-8.05534415,-34.95364751,153.0,87.0,2.6500000953674316
2024-12-21T22:48:10Z,Run,2024-12-21T23:01:09Z,-8.05534515,-34.95363319,153.0,87.0,2.640000104904175
2024-12-21T22:48:10Z,Run,2024-12-21T23:01:10Z,-8.05534181,-34.95362086,153.0,87.0,2.640000104904175
2024-12-21T22:48:10Z,Run,2024-12-21T23:01:11Z,-8.05533348,-34.9536122,153.0,87.0,2.630000114440918
2024-12-21T22:48:10Z,Run,2024-12-21T23:01:12Z,-8.05532049,-34.95360454,153.0,87.0,2.609999895095825
2024-12-21T22:48:10Z,Run,2024-12-21T23:01:13Z,-8.05530316,-34.95359788,154.0,88.0,2.299999952316284
2024-12-21T22:48:10Z,Run,2024-12-21T23:01:14Z,-8.0552805,-34.95359288,154.0,88.0,2.009999990463257
2024-12-21T22:48:10Z,Run,2024-12-21T23:01:15Z,-8.05525718,-34.95358555,154.0,88.0,2.0
2024-12-21T22:48:10Z,Run,2024-12-21T23:01:16Z,-8.05523484,-34.95357589,154.0,88.0,2.0
2024-12-21T22:48:10Z,Run,2024-12-21T23:01:17Z,-8.05521519,-34.9535649,154.0,88.0,2.0
2024-12-21T22:48:10Z,Run,2024-12-21T23:01:18Z,-8.05519719,-34.9535509,154.0,88.0,2.0999999046325684
2024-12-21T22:48:10Z,Run,2024-12-21T23:01:19Z,-8.05518053,-34.95353323,154.0,88.0,2.2799999713897705
2024-12-21T22:48:10Z,Run,2024-12-21T23:01:20Z,-8.05516687,-34.95351324,154.0,88.0,2.430000066757202
2024-12-21T22:48:10Z,Run,2024-12-21T23:01:21Z,-8.05515521,-34.95349225,156.0,88.0,2.509999990463257
2024-12-21T22:48:10Z,Run,2024-12-21T23:01:22Z,-8.05514521,-34.95346892,156.0,88.0,2.509999990463257
2024-12-21T22:48:10Z,Run,2024-12-21T23:01:23Z,-8.05513655,-34.95344326,159.0,89.0,2.549999952316284
2024-12-21T22:48:10Z,Run,2024-12-21T23:01:24Z,-8.05512789,-34.95341627,161.0,89.0,2.5999999046325684
2024-12-21T22:48:10Z,Run,2024-12-21T23:01:25Z,-8.05511924,-34.95338994,162.0,88.0,2.6500000953674316
2024-12-21T22:48:10Z,Run,2024-12-21T23:01:26Z,-8.05511124,-34.95336494,162.0,88.0,2.700000047683716
2024-12-21T22:48:10Z,Run,2024-12-21T23:01:27Z,-8.05510325,-34.95334128,162.0,89.0,2.7300000190734863
2024-12-21T22:48:10Z,Run,2024-12-21T23:01:28Z,-8.05509725,-34.95331762,162.0,89.0,2.7300000190734863
2024-12-21T22:48:10Z,Run,2024-12-21T23:01:29Z,-8.05509326,-34.95329463,162.0,88.0,2.740000009536743
2024-12-21T22:48:10Z,Run,2024-12-21T23:01:30Z,-8.05508959,-34.95327163,163.0,87.0,2.740000009536743
2024-12-21T22:48:10Z,Run,2024-12-21T23:01:31Z,-8.0550866,-34.95324731,165.0,88.0,2.740000009536743
2024-12-21T22:48:10Z,Run,2024-12-21T23:01:32Z,-8.05508327,-34.95322432,165.0,89.0,2.7200000286102295
2024-12-21T22:48:10Z,Run,2024-12-21T23:01:33Z,-8.05507961,-34.95320065,165.0,88.0,2.680000066757202
2024-12-21T22:48:10Z,Run,2024-12-21T23:01:34Z,-8.05507429,-34.95317733,165.0,88.0,2.680000066757202
2024-12-21T22:48:10Z,Run,2024-12-21T23:01:35Z,-8.05506895,-34.95315333,165.0,89.0,2.6500000953674316
2024-12-21T22:48:10Z,Run,2024-12-21T23:01:36Z,-8.05506496,-34.95312901,165.0,88.0,2.640000104904175
2024-12-21T22:48:10Z,Run,2024-12-21T23:01:37Z,-8.0550623,-34.95310434,167.0,88.0,2.640000104904175
2024-12-21T22:48:10Z,Run,2024-12-21T23:01:38Z,-8.05506097,-34.95308034,167.0,88.0,2.6500000953674316
2024-12-21T22:48:10Z,Run,2024-12-21T23:01:39Z,-8.05506297,-34.95305702,167.0,88.0,2.6500000953674316
2024-12-21T22:48:10Z,Run,2024-12-21T23:01:40Z,-8.05506463,-34.95303535,167.0,88.0,2.6500000953674316
2024-12-21T22:48:10Z,Run,2024-12-21T23:01:41Z,-8.05506595,-34.95301269,166.0,88.0,2.630000114440918
2024-12-21T22:48:10Z,Run,2024-12-21T23:01:42Z,-8.05506729,-34.95298837,166.0,88.0,2.630000114440918
2024-12-21T22:48:10Z,Run,2024-12-21T23:01:43Z,-8.05506894,-34.95296404,165.0,88.0,2.630000114440918
2024-12-21T22:48:10Z,Run,2024-12-21T23:01:44Z,-8.05506927,-34.95294004,165.0,88.0,2.609999895095825
2024-12-21T22:48:10Z,Run,2024-12-21T23:01:45Z,-8.0550696,-34.95291471,165.0,88.0,2.5999999046325684
2024-12-21T22:48:10Z,Run,2024-12-21T23:01:46Z,-8.05506693,-34.95289005,165.0,88.0,2.5899999141693115
2024-12-21T22:48:10Z,Run,2024-12-21T23:01:47Z,-8.05506428,-34.95286505,165.0,88.0,2.5899999141693115
2024-12-21T22:48:10Z,Run,2024-12-21T23:01:48Z,-8.05506228,-34.95284071,165.0,88.0,2.5899999141693115
2024-12-21T22:48:10Z,Run,2024-12-21T23:01:49Z,-8.05506095,-34.95281605,165.0,88.0,2.5999999046325684
2024-12-21T22:48:10Z,Run,2024-12-21T23:01:50Z,-8.0550603,-34.95279206,165.0,89.0,2.5999999046325684
2024-12-21T22:48:10Z,Run,2024-12-21T23:01:51Z,-8.0550603,-34.95276873,165.0,88.0,2.609999895095825
2024-12-21T22:48:10Z,Run,2024-12-21T23:01:52Z,-8.05506129,-34.9527454,165.0,89.0,2.609999895095825
2024-12-21T22:48:10Z,Run,2024-12-21T23:01:53Z,-8.05506194,-34.95272141,165.0,89.0,2.609999895095825
2024-12-21T22:48:10Z,Run,2024-12-21T23:01:54Z,-8.05506095,-34.95269508,165.0,89.0,2.609999895095825
2024-12-21T22:48:10Z,Run,2024-12-21T23:01:55Z,-8.05505895,-34.95266809,165.0,89.0,2.609999895095825
2024-12-21T22:48:10Z,Run,2024-12-21T23:01:56Z,-8.05505729,-34.95264042,166.0,88.0,2.609999895095825
2024-12-21T22:48:10Z,Run,2024-12-21T23:01:57Z,-8.05505596,-34.95261376,166.0,88.0,2.609999895095825
2024-12-21T22:48:10Z,Run,2024-12-21T23:01:58Z,-8.05505629,-34.95258844,166.0,88.0,2.619999885559082
2024-12-21T22:48:10Z,Run,2024-12-21T23:01:59Z,-8.05505694,-34.95256411,166.0,88.0,2.619999885559082
2024-12-21T22:48:10Z,Run,2024-12-21T23:02:00Z,-8.05505727,-34.95254078,167.0,88.0,2.619999885559082
2024-12-21T22:48:10Z,Run,2024-12-21T23:02:01Z,-8.0550576,-34.95251512,166.0,88.0,2.619999885559082
2024-12-21T22:48:10Z,Run,2024-12-21T23:02:02Z,-8.05505859,-34.95249079,166.0,88.0,2.630000114440918
2024-12-21T22:48:10Z,Run,2024-12-21T23:02:03Z,-8.05505892,-34.95246747,166.0,88.0,2.630000114440918
2024-12-21T22:48:10Z,Run,2024-12-21T23:02:04Z,-8.05506092,-34.95244447,166.0,88.0,2.630000114440918
2024-12-21T22:48:10Z,Run,2024-12-21T23:02:05Z,-8.05506292,-34.95242214,166.0,88.0,2.630000114440918
2024-12-21T22:48:10Z,Run,2024-12-21T23:02:06Z,-8.05506625,-34.95239981,166.0,88.0,2.630000114440918
2024-12-21T22:48:10Z,Run,2024-12-21T23:02:07Z,-8.05506924,-34.95237715,166.0,89.0,2.630000114440918
2024-12-21T22:48:10Z,Run,2024-12-21T23:02:08Z,-8.05507056,-34.95235449,166.0,89.0,2.619999885559082
2024-12-21T22:48:10Z,Run,2024-12-21T23:02:09Z,-8.05507089,-34.9523335,166.0,89.0,2.619999885559082
2024-12-21T22:48:10Z,Run,2024-12-21T23:02:10Z,-8.05507223,-34.9523115,166.0,89.0,2.609999895095825
2024-12-21T22:48:10Z,Run,2024-12-21T23:02:11Z,-8.05507488,-34.9522895,166.0,89.0,2.609999895095825
2024-12-21T22:48:10Z,Run,2024-12-21T23:02:12Z,-8.05507887,-34.95226818,167.0,88.0,2.609999895095825
2024-12-21T22:48:10Z,Run,2024-12-21T23:02:13Z,-8.05508354,-34.95224651,167.0,88.0,2.609999895095825
2024-12-21T22:48:10Z,Run,2024-12-21T23:02:14Z,-8.05508853,-34.95222619,168.0,88.0,2.5999999046325684
2024-12-21T22:48:10Z,Run,2024-12-21T23:02:15Z,-8.05509453,-34.95220552,169.0,88.0,2.5999999046325684
2024-12-21T22:48:10Z,Run,2024-12-21T23:02:16Z,-8.05510185,-34.9521842,170.0,88.0,2.5899999141693115
2024-12-21T22:48:10Z,Run,2024-12-21T23:02:17Z,-8.05511085,-34.95216354,170.0,88.0,2.5899999141693115
2024-12-21T22:48:10Z,Run,2024-12-21T23:02:18Z,-8.05512284,-34.95214021,170.0,88.0,2.5899999141693115
2024-12-21T22:48:10Z,Run,2024-12-21T23:02:19Z,-8.0551345,-34.95211755,170.0,88.0,2.5799999237060547
2024-12-21T22:48:10Z,Run,2024-12-21T23:02:20Z,-8.0551445,-34.95209522,170.0,88.0,2.5799999237060547
2024-12-21T22:48:10Z,Run,2024-12-21T23:02:21Z,-8.05515216,-34.95207489,170.0,88.0,2.569999933242798
2024-12-21T22:48:10Z,Run,2024-12-21T23:02:22Z,-8.05515849,-34.95205289,170.0,88.0,2.569999933242798
2024-12-21T22:48:10Z,Run,2024-12-21T23:02:23Z,-8.05516381,-34.95203324,170.0,88.0,2.569999933242798
2024-12-21T22:48:10Z,Run,2024-12-21T23:02:24Z,-8.05516815,-34.95201291,169.0,88.0,2.569999933242798
2024-12-21T22:48:10Z,Run,2024-12-21T23:02:25Z,-8.05517148,-34.95199259,169.0,88.0,2.569999933242798
2024-12-21T22:48:10Z,Run,2024-12-21T23:02:26Z,-8.05517148,-34.95197292,169.0,89.0,2.569999933242798
2024-12-21T22:48:10Z,Run,2024-12-21T23:02:27Z,-8.05516881,-34.95195426,169.0,88.0,2.559999942779541
2024-12-21T22:48:10Z,Run,2024-12-21T23:02:28Z,-8.05516482,-34.9519386,169.0,89.0,2.549999952316284
2024-12-21T22:48:10Z,Run,2024-12-21T23:02:29Z,-8.05515949,-34.95192227,169.0,89.0,2.549999952316284
2024-12-21T22:48:10Z,Run,2024-12-21T23:02:30Z,-8.05515483,-34.95190293,169.0,88.0,2.549999952316284
2024-12-21T22:48:10Z,Run,2024-12-21T23:02:31Z,-8.0551505,-34.9518816,169.0,88.0,2.5399999618530273
2024-12-21T22:48:10Z,Run,2024-12-21T23:02:32Z,-8.05514751,-34.95185828,169.0,88.0,2.5299999713897705
2024-12-21T22:48:10Z,Run,2024-12-21T23:02:33Z,-8.05514718,-34.95183628,169.0,88.0,2.5299999713897705
2024-12-21T22:48:10Z,Run,2024-12-21T23:02:34Z,-8.05514884,-34.95181262,168.0,87.0,2.5199999809265137
2024-12-21T22:48:10Z,Run,2024-12-21T23:02:35Z,-8.05515117,-34.95178862,168.0,87.0,2.5199999809265137
2024-12-21T22:48:10Z,Run,2024-12-21T23:02:36Z,-8.05515416,-34.95176563,168.0,87.0,2.509999990463257
2024-12-21T22:48:10Z,Run,2024-12-21T23:02:37Z,-8.05515548,-34.95174396,168.0,87.0,2.509999990463257
2024-12-21T22:48:10Z,Run,2024-12-21T23:02:38Z,-8.05515581,-34.95172331,168.0,87.0,2.4800000190734863
2024-12-21T22:48:10Z,Run,2024-12-21T23:02:39Z,-8.05515516,-34.95170464,167.0,87.0,2.430000066757202
2024-12-21T22:48:10Z,Run,2024-12-21T23:02:40Z,-8.05515382,-34.95169032,167.0,87.0,2.430000066757202
2024-12-21T22:48:10Z,Run,2024-12-21T23:02:41Z,-8.05515317,-34.95167898,167.0,87.0,2.430000066757202
2024-12-21T22:48:10Z,Run,2024-12-21T23:02:42Z,-8.05515217,-34.95166999,167.0,87.0,2.390000104904175
2024-12-21T22:48:10Z,Run,2024-12-21T23:02:43Z,-8.05514984,-34.95166367,168.0,87.0,2.3399999141693115
2024-12-21T22:48:10Z,Run,2024-12-21T23:02:44Z,-8.05514719,-34.951658,169.0,87.0,2.0899999141693115
2024-12-21T22:48:10Z,Run,2024-12-21T23:02:45Z,-8.0551442,-34.95165235,169.0,87.0,1.659999966621399
2024-12-21T22:48:10Z,Run,2024-12-21T23:02:46Z,-8.05514187,-34.95164701,169.0,87.0,1.2100000381469727
2024-12-21T22:48:10Z,Run,2024-12-21T23:02:47Z,-8.05513955,-34.95164136,170.0,87.0,0.8799999952316284
2024-12-21T22:48:10Z,Run,2024-12-21T23:02:48Z,-8.05513922,-34.9516327,170.0,87.0,0.8799999952316284
2024-12-21T22:48:10Z,Run,2024-12-21T23:02:49Z,-8.05513987,-34.95162104,170.0,87.0,0.8100000023841858
2024-12-21T22:48:10Z,Run,2024-12-21T23:02:50Z,-8.05513987,-34.95160904,167.0,87.0,0.8399999737739563
2024-12-21T22:48:10Z,Run,2024-12-21T23:02:51Z,-8.05514054,-34.95159672,166.0,87.0,0.8399999737739563
2024-12-21T22:48:10Z,Run,2024-12-21T23:02:52Z,-8.05514153,-34.95158406,165.0,87.0,0.9200000166893005
2024-12-21T22:48:10Z,Run,2024-12-21T23:02:53Z,-8.0551422,-34.95157206,166.0,87.0,1.0499999523162842
2024-12-21T22:48:10Z,Run,2024-12-21T23:02:54Z,-8.05514253,-34.95156041,166.0,87.0,1.0499999523162842
2024-12-21T22:48:10Z,Run,2024-12-21T23:02:55Z,-8.0551422,-34.95154875,170.0,64.0,1.149999976158142
2024-12-21T22:48:10Z,Run,2024-12-21T23:02:56Z,-8.05514054,-34.95153743,169.0,62.0,1.190000057220459
2024-12-21T22:48:10Z,Run,2024-12-21T23:02:57Z,-8.05513688,-34.95152609,169.0,62.0,1.190000057220459
2024-12-21T22:48:10Z,Run,2024-12-21T23:02:58Z,-8.05513355,-34.95151543,170.0,61.0,1.1699999570846558
2024-12-21T22:48:10Z,Run,2024-12-21T23:02:59Z,-8.05513022,-34.95150409,170.0,63.0,1.100000023841858
2024-12-21T22:48:10Z,Run,2024-12-21T23:03:00Z,-8.05512689,-34.95149177,170.0,63.0,1.100000023841858
2024-12-21T22:48:10Z,Run,2024-12-21T23:03:01Z,-8.05512424,-34.95147844,172.0,63.0,1.059999942779541
2024-12-21T22:48:10Z,Run,2024-12-21T23:03:02Z,-8.05512124,-34.95146477,171.0,63.0,1.059999942779541
2024-12-21T22:48:10Z,Run,2024-12-21T23:03:03Z,-8.05511825,-34.95144945,172.0,63.0,1.059999942779541
2024-12-21T22:48:10Z,Run,2024-12-21T23:03:04Z,-8.05511258,-34.95143145,172.0,63.0,1.1200000047683716
2024-12-21T22:48:10Z,Run,2024-12-21T23:03:05Z,-8.05510425,-34.95141512,172.0,63.0,1.2400000095367432
2024-12-21T22:48:10Z,Run,2024-12-21T23:03:06Z,-8.05509626,-34.95140179,172.0,63.0,1.2400000095367432
2024-12-21T22:48:10Z,Run,2024-12-21T23:03:07Z,-8.05508992,-34.95138779,172.0,63.0,1.3600000143051147
2024-12-21T22:48:10Z,Run,2024-12-21T23:03:08Z,-8.05508459,-34.95137712,171.0,63.0,1.4500000476837158
2024-12-21T22:48:10Z,Run,2024-12-21T23:03:09Z,-8.05507927,-34.95136747,168.0,63.0,1.4600000381469727
2024-12-21T22:48:10Z,Run,2024-12-21T23:03:10Z,-8.05507561,-34.9513588,170.0,63.0,1.4600000381469727
2024-12-21T22:48:10Z,Run,2024-12-21T23:03:11Z,-8.05507394,-34.95134881,171.0,64.0,1.4299999475479126
2024-12-21T22:48:10Z,Run,2024-12-21T23:03:12Z,-8.05507162,-34.95133814,171.0,64.0,1.4299999475479126
2024-12-21T22:48:10Z,Run,2024-12-21T23:03:13Z,-8.05507062,-34.95132714,171.0,64.0,1.350000023841858
2024-12-21T22:48:10Z,Run,2024-12-21T23:03:14Z,-8.05506863,-34.95131881,172.0,63.0,1.2599999904632568
2024-12-21T22:48:10Z,Run,2024-12-21T23:03:15Z,-8.05506696,-34.95131182,172.0,63.0,1.2100000381469727
2024-12-21T22:48:10Z,Run,2024-12-21T23:03:16Z,-8.05506464,-34.95130615,172.0,63.0,1.2000000476837158
2024-12-21T22:48:10Z,Run,2024-12-21T23:03:17Z,-8.05506264,-34.95130082,172.0,63.0,1.190000057220459
2024-12-21T22:48:10Z,Run,2024-12-21T23:03:18Z,-8.05506197,-34.95129382,172.0,63.0,1.190000057220459
2024-12-21T22:48:10Z,Run,2024-12-21T23:03:19Z,-8.05506297,-34.95128483,172.0,63.0,1.1799999475479126
2024-12-21T22:48:10Z,Run,2024-12-21T23:03:20Z,-8.05506696,-34.95127284,169.0,64.0,1.1699999570846558
2024-12-21T22:48:10Z,Run,2024-12-21T23:03:21Z,-8.05507296,-34.95125651,168.0,64.0,1.159999966621399
2024-12-21T22:48:10Z,Run,2024-12-21T23:03:22Z,-8.05507795,-34.95124118,168.0,64.0,1.149999976158142
2024-12-21T22:48:10Z,Run,2024-12-21T23:03:23Z,-8.05508094,-34.95122585,168.0,64.0,1.149999976158142
2024-12-21T22:48:10Z,Run,2024-12-21T23:03:24Z,-8.05508294,-34.95121185,168.0,64.0,1.149999976158142
2024-12-21T22:48:10Z,Run,2024-12-21T23:03:25Z,-8.0550846,-34.95120085,168.0,64.0,1.149999976158142
2024-12-21T22:48:10Z,Run,2024-12-21T23:03:26Z,-8.0550886,-34.95119219,167.0,64.0,1.159999966621399
2024-12-21T22:48:10Z,Run,2024-12-21T23:03:27Z,-8.0550946,-34.95118554,165.0,64.0,1.1699999570846558
2024-12-21T22:48:10Z,Run,2024-12-21T23:03:28Z,-8.05510226,-34.95117754,163.0,64.0,1.1699999570846558
2024-12-21T22:48:10Z,Run,2024-12-21T23:03:29Z,-8.05510826,-34.95116788,161.0,64.0,1.1799999475479126
2024-12-21T22:48:10Z,Run,2024-12-21T23:03:30Z,-8.05511159,-34.95115656,161.0,64.0,1.1799999475479126
2024-12-21T22:48:10Z,Run,2024-12-21T23:03:31Z,-8.05511159,-34.95114456,159.0,64.0,1.1799999475479126
2024-12-21T22:48:10Z,Run,2024-12-21T23:03:32Z,-8.05510826,-34.9511319,161.0,64.0,1.1799999475479126
2024-12-21T22:48:10Z,Run,2024-12-21T23:03:33Z,-8.05510527,-34.95111923,162.0,32.0,1.1799999475479126
2024-12-21T22:48:10Z,Run,2024-12-21T23:03:34Z,-8.05510193,-34.95110691,163.0,32.0,1.1799999475479126
2024-12-21T22:48:10Z,Run,2024-12-21T23:03:35Z,-8.05509793,-34.95109358,163.0,31.0,1.190000057220459
2024-12-21T22:48:10Z,Run,2024-12-21T23:03:36Z,-8.05509361,-34.95107958,163.0,31.0,1.190000057220459
2024-12-21T22:48:10Z,Run,2024-12-21T23:03:37Z,-8.05508995,-34.95106625,162.0,31.0,1.190000057220459
2024-12-21T22:48:10Z,Run,2024-12-21T23:03:38Z,-8.05508662,-34.95105292,161.0,31.0,1.190000057220459
2024-12-21T22:48:10Z,Run,2024-12-21T23:03:39Z,-8.05508462,-34.95103925,158.0,31.0,1.2000000476837158
2024-12-21T22:48:10Z,Run,2024-12-21T23:03:40Z,-8.05508296,-34.95102525,158.0,31.0,1.2100000381469727
2024-12-21T22:48:10Z,Run,2024-12-21T23:03:41Z,-8.05508363,-34.95101093,157.0,32.0,1.2100000381469727
2024-12-21T22:48:10Z,Run,2024-12-21T23:03:42Z,-8.05508462,-34.95099627,157.0,32.0,1.2100000381469727
2024-12-21T22:48:10Z,Run,2024-12-21T23:03:43Z,-8.05508529,-34.95098227,157.0,32.0,1.2200000286102295
2024-12-21T22:48:10Z,Run,2024-12-21T23:03:44Z,-8.05508695,-34.95096927,157.0,32.0,1.2300000190734863
2024-12-21T22:48:10Z,Run,2024-12-21T23:03:45Z,-8.05508695,-34.95095527,158.0,32.0,1.2300000190734863
2024-12-21T22:48:10Z,Run,2024-12-21T23:03:46Z,-8.05508695,-34.95094194,159.0,32.0,1.2400000095367432
2024-12-21T22:48:10Z,Run,2024-12-21T23:03:47Z,-8.0550863,-34.95092695,158.0,32.0,1.25
2024-12-21T22:48:10Z,Run,2024-12-21T23:03:48Z,-8.05508762,-34.95091196,158.0,32.0,1.25
2024-12-21T22:48:10Z,Run,2024-12-21T23:03:49Z,-8.05508994,-34.95089563,156.0,32.0,1.25
2024-12-21T22:48:10Z,Run,2024-12-21T23:03:50Z,-8.05509328,-34.95087929,155.0,32.0,1.2599999904632568
2024-12-21T22:48:10Z,Run,2024-12-21T23:03:51Z,-8.05509827,-34.95086164,155.0,31.0,1.2699999809265137
2024-12-21T22:48:10Z,Run,2024-12-21T23:03:52Z,-8.05510392,-34.95084497,155.0,32.0,1.2799999713897705
2024-12-21T22:48:10Z,Run,2024-12-21T23:03:53Z,-8.05511092,-34.95082765,154.0,32.0,1.2799999713897705
2024-12-21T22:48:10Z,Run,2024-12-21T23:03:54Z,-8.05511859,-34.95080931,155.0,32.0,1.2899999618530273
2024-12-21T22:48:10Z,Run,2024-12-21T23:03:55Z,-8.05512725,-34.95079232,155.0,32.0,1.2899999618530273
2024-12-21T22:48:10Z,Run,2024-12-21T23:03:56Z,-8.05513657,-34.95077566,156.0,31.0,1.2999999523162842
2024-12-21T22:48:10Z,Run,2024-12-21T23:03:57Z,-8.0551449,-34.95076067,157.0,31.0,1.309999942779541
2024-12-21T22:48:10Z,Run,2024-12-21T23:03:58Z,-8.0551529,-34.95074634,159.0,31.0,1.3200000524520874
2024-12-21T22:48:10Z,Run,2024-12-21T23:03:59Z,-8.05515956,-34.95073001,161.0,31.0,1.340000033378601
2024-12-21T22:48:10Z,Run,2024-12-21T23:04:00Z,-8.05516789,-34.95071302,161.0,31.0,1.340000033378601
2024-12-21T22:48:10Z,Run,2024-12-21T23:04:01Z,-8.05517788,-34.95069769,158.0,31.0,1.340000033378601
2024-12-21T22:48:10Z,Run,2024-12-21T23:04:02Z,-8.05519021,-34.95068436,157.0,31.0,1.3600000143051147
2024-12-21T22:48:10Z,Run,2024-12-21T23:04:03Z,-8.05520254,-34.9506707,156.0,31.0,1.3600000143051147
2024-12-21T22:48:10Z,Run,2024-12-21T23:04:04Z,-8.05521654,-34.95065803,156.0,31.0,1.3799999952316284
2024-12-21T22:48:10Z,Run,2024-12-21T23:04:05Z,-8.05522986,-34.95064504,155.0,31.0,1.3899999856948853
2024-12-21T22:48:10Z,Run,2024-12-21T23:04:06Z,-8.05524086,-34.95063237,155.0,31.0,1.399999976158142
2024-12-21T22:48:10Z,Run,2024-12-21T23:04:07Z,-8.05525152,-34.95061938,155.0,31.0,1.399999976158142
2024-12-21T22:48:10Z,Run,2024-12-21T23:04:08Z,-8.05526251,-34.95060806,155.0,31.0,1.409999966621399
2024-12-21T22:48:10Z,Run,2024-12-21T23:04:09Z,-8.05527418,-34.95059573,155.0,31.0,1.409999966621399
2024-12-21T22:48:10Z,Run,2024-12-21T23:04:10Z,-8.0552855,-34.95058173,155.0,31.0,1.4199999570846558
2024-12-21T22:48:10Z,Run,2024-12-21T23:04:11Z,-8.0552945,-34.95056806,155.0,31.0,1.4299999475479126
2024-12-21T22:48:10Z,Run,2024-12-21T23:04:12Z,-8.05530249,-34.95055374,155.0,31.0,1.440000057220459
2024-12-21T22:48:10Z,Run,2024-12-21T23:04:13Z,-8.05530881,-34.95053941,155.0,31.0,1.440000057220459
2024-12-21T22:48:10Z,Run,2024-12-21T23:04:14Z,-8.05531448,-34.95052609,154.0,31.0,1.440000057220459
2024-12-21T22:48:10Z,Run,2024-12-21T23:04:15Z,-8.05531915,-34.95051142,153.0,31.0,1.4500000476837158
2024-12-21T22:48:10Z,Run,2024-12-21T23:04:16Z,-8.0553228,-34.95049843,152.0,31.0,1.4600000381469727
2024-12-21T22:48:10Z,Run,2024-12-21T23:04:17Z,-8.0553268,-34.9504851,152.0,64.0,1.4600000381469727
2024-12-21T22:48:10Z,Run,2024-12-21T23:04:18Z,-8.05533213,-34.9504721,152.0,63.0,1.4700000286102295
2024-12-21T22:48:10Z,Run,2024-12-21T23:04:19Z,-8.05533646,-34.95045778,152.0,63.0,1.4700000286102295
2024-12-21T22:48:10Z,Run,2024-12-21T23:04:20Z,-8.05533978,-34.95044378,152.0,64.0,1.4700000286102295
2024-12-21T22:48:10Z,Run,2024-12-21T23:04:21Z,-8.05534312,-34.95042879,151.0,64.0,1.4700000286102295
2024-12-21T22:48:10Z,Run,2024-12-21T23:04:22Z,-8.05534478,-34.9504138,151.0,64.0,1.4800000190734863
2024-12-21T22:48:10Z,Run,2024-12-21T23:04:23Z,-8.05534544,-34.9503988,150.0,64.0,1.4800000190734863
2024-12-21T22:48:10Z,Run,2024-12-21T23:04:24Z,-8.05534512,-34.95038447,149.0,64.0,1.4900000095367432
2024-12-21T22:48:10Z,Run,2024-12-21T23:04:25Z,-8.05534412,-34.95037047,149.0,64.0,1.4900000095367432
2024-12-21T22:48:10Z,Run,2024-12-21T23:04:26Z,-8.05534146,-34.95035714,147.0,64.0,1.4900000095367432
2024-12-21T22:48:10Z,Run,2024-12-21T23:04:27Z,-8.0553378,-34.95034448,146.0,62.0,1.5
2024-12-21T22:48:10Z,Run,2024-12-21T23:04:28Z,-8.05533414,-34.95033316,146.0,62.0,1.5
2024-12-21T22:48:10Z,Run,2024-12-21T23:04:29Z,-8.05532948,-34.95032184,146.0,62.0,1.5
2024-12-21T22:48:10Z,Run,2024-12-21T23:04:30Z,-8.05532515,-34.95030917,146.0,62.0,1.5
2024-12-21T22:48:10Z,Run,2024-12-21T23:04:31Z,-8.05532081,-34.95029485,146.0,62.0,1.5
2024-12-21T22:48:10Z,Run,2024-12-21T23:04:32Z,-8.05531682,-34.95027952,147.0,62.0,1.5
2024-12-21T22:48:10Z,Run,2024-12-21T23:04:33Z,-8.05531282,-34.95026453,147.0,62.0,1.5
2024-12-21T22:48:10Z,Run,2024-12-21T23:04:34Z,-8.05530983,-34.95025053,146.0,64.0,1.5
2024-12-21T22:48:10Z,Run,2024-12-21T23:04:35Z,-8.05530718,-34.9502382,144.0,64.0,1.5
2024-12-21T22:48:10Z,Run,2024-12-21T23:04:36Z,-8.05530584,-34.95022621,143.0,64.0,1.5
2024-12-21T22:48:10Z,Run,2024-12-21T23:04:37Z,-8.05530519,-34.95021489,143.0,64.0,1.5
2024-12-21T22:48:10Z,Run,2024-12-21T23:04:38Z,-8.05530353,-34.95020355,142.0,65.0,1.5
2024-12-21T22:48:10Z,Run,2024-12-21T23:04:39Z,-8.0553012,-34.95019156,141.0,66.0,1.5
2024-12-21T22:48:10Z,Run,2024-12-21T23:04:40Z,-8.05529854,-34.9501779,141.0,66.0,1.5
2024-12-21T22:48:10Z,Run,2024-12-21T23:04:41Z,-8.05529487,-34.9501649,141.0,66.0,1.5
2024-12-21T22:48:10Z,Run,2024-12-21T23:04:42Z,-8.05529088,-34.9501519,143.0,66.0,1.5
2024-12-21T22:48:10Z,Run,2024-12-21T23:04:43Z,-8.05528622,-34.95013924,143.0,66.0,1.5
2024-12-21T22:48:10Z,Run,2024-12-21T23:04:44Z,-8.05528256,-34.95012658,144.0,66.0,1.5
2024-12-21T22:48:10Z,Run,2024-12-21T23:04:45Z,-8.05527923,-34.95011392,144.0,64.0,1.5
2024-12-21T22:48:10Z,Run,2024-12-21T23:04:46Z,-8.05527489,-34.95010193,145.0,64.0,1.4900000095367432
2024-12-21T22:48:10Z,Run,2024-12-21T23:04:47Z,-8.05526789,-34.95008859,145.0,64.0,1.4900000095367432
2024-12-21T22:48:10Z,Run,2024-12-21T23:04:48Z,-8.05526157,-34.95007593,146.0,63.0,1.4900000095367432
2024-12-21T22:48:10Z,Run,2024-12-21T23:04:49Z,-8.05525658,-34.95006327,146.0,63.0,1.4900000095367432
2024-12-21T22:48:10Z,Run,2024-12-21T23:04:50Z,-8.05525292,-34.95005161,148.0,63.0,1.4900000095367432
2024-12-21T22:48:10Z,Run,2024-12-21T23:04:51Z,-8.05524926,-34.95004195,150.0,63.0,1.4900000095367432
2024-12-21T22:48:10Z,Run,2024-12-21T23:04:52Z,-8.05524393,-34.95003361,151.0,63.0,1.4900000095367432
2024-12-21T22:48:10Z,Run,2024-12-21T23:04:53Z,-8.05523628,-34.95002662,151.0,63.0,1.4900000095367432
2024-12-21T22:48:10Z,Run,2024-12-21T23:04:54Z,-8.05522594,-34.95002063,151.0,63.0,1.4900000095367432
2024-12-21T22:48:10Z,Run,2024-12-21T23:04:55Z,-8.05521429,-34.95001563,151.0,63.0,1.4900000095367432
2024-12-21T22:48:10Z,Run,2024-12-21T23:04:56Z,-8.05520295,-34.95001164,152.0,63.0,1.4800000190734863
2024-12-21T22:48:10Z,Run,2024-12-21T23:04:57Z,-8.05519162,-34.95000931,152.0,63.0,1.4800000190734863
2024-12-21T22:48:10Z,Run,2024-12-21T23:04:58Z,-8.0551803,-34.95000698,153.0,63.0,1.4700000286102295
2024-12-21T22:48:10Z,Run,2024-12-21T23:04:59Z,-8.05516931,-34.95000299,153.0,62.0,1.4600000381469727
2024-12-21T22:48:10Z,Run,2024-12-21T23:05:00Z,-8.05515931,-34.94999732,152.0,62.0,1.4600000381469727
2024-12-21T22:48:10Z,Run,2024-12-21T23:05:01Z,-8.05514965,-34.94999065,152.0,62.0,1.4500000476837158
2024-12-21T22:48:10Z,Run,2024-12-21T23:05:02Z,-8.05513932,-34.949985,152.0,62.0,1.4500000476837158
2024-12-21T22:48:10Z,Run,2024-12-21T23:05:03Z,-8.05512598,-34.94998067,151.0,62.0,1.4500000476837158
2024-12-21T22:48:10Z,Run,2024-12-21T23:05:04Z,-8.05511033,-34.94997834,150.0,63.0,1.440000057220459
2024-12-21T22:48:10Z,Run,2024-12-21T23:05:05Z,-8.05509399,-34.94997502,150.0,62.0,1.440000057220459
2024-12-21T22:48:10Z,Run,2024-12-21T23:05:06Z,-8.05507966,-34.94996968,149.0,62.0,1.4299999475479126
2024-12-21T22:48:10Z,Run,2024-12-21T23:05:07Z,-8.05506667,-34.94996235,149.0,62.0,1.4299999475479126
2024-12-21T22:48:10Z,Run,2024-12-21T23:05:08Z,-8.05505301,-34.94995435,149.0,62.0,1.4299999475479126
2024-12-21T22:48:10Z,Run,2024-12-21T23:05:09Z,-8.05504068,-34.94994635,150.0,62.0,1.4299999475479126
2024-12-21T22:48:10Z,Run,2024-12-21T23:05:10Z,-8.05502801,-34.94993903,150.0,62.0,1.440000057220459
2024-12-21T22:48:10Z,Run,2024-12-21T23:05:10Z,-8.05501836,-34.94993236,149.0,62.0,1.440000057220459
2024-12-21T22:48:10Z,Run,2024-12-21T23:05:11Z,-8.05501002,-34.9499257,149.0,62.0,1.440000057220459
2024-12-21T22:48:10Z,Run,2024-12-21T23:05:12Z,-8.05500137,-34.94991905,147.0,62.0,1.4500000476837158
2024-12-21T22:48:10Z,Run,2024-12-21T23:05:13Z,-8.05499237,-34.94991238,147.0,62.0,1.4500000476837158
2024-12-21T22:48:10Z,Run,2024-12-21T23:05:14Z,-8.05498171,-34.94990606,146.0,62.0,1.4500000476837158
2024-12-21T22:48:10Z,Run,2024-12-21T23:05:15Z,-8.05497138,-34.94990139,145.0,62.0,1.4500000476837158
2024-12-21T22:48:10Z,Run,2024-12-21T23:05:16Z,-8.05496072,-34.94989773,145.0,62.0,1.4500000476837158
2024-12-21T22:48:10Z,Run,2024-12-21T23:05:17Z,-8.05494839,-34.94989374,146.0,62.0,1.440000057220459
2024-12-21T22:48:10Z,Run,2024-12-21T23:05:18Z,-8.0549364,-34.94988941,145.0,63.0,1.440000057220459
2024-12-21T22:48:10Z,Run,2024-12-21T23:05:19Z,-8.05492574,-34.94988575,145.0,63.0,1.440000057220459
2024-12-21T22:48:10Z,Run,2024-12-21T23:05:20Z,-8.05491575,-34.94988175,145.0,63.0,1.440000057220459
2024-12-21T22:48:10Z,Run,2024-12-21T23:05:21Z,-8.05490509,-34.94987543,145.0,63.0,1.4299999475479126
2024-12-21T22:48:10Z,Run,2024-12-21T23:05:22Z,-8.05489476,-34.94986811,145.0,63.0,1.4299999475479126
2024-12-21T22:48:10Z,Run,2024-12-21T23:05:23Z,-8.0548851,-34.94986111,145.0,63.0,1.4299999475479126
2024-12-21T22:48:10Z,Run,2024-12-21T23:05:24Z,-8.05487577,-34.94985445,145.0,63.0,1.4199999570846558
2024-12-21T22:48:10Z,Run,2024-12-21T23:05:25Z,-8.05486645,-34.94984745,145.0,63.0,1.4199999570846558
2024-12-21T22:48:10Z,Run,2024-12-21T23:05:26Z,-8.05485612,-34.94984079,143.0,63.0,1.4199999570846558
2024-12-21T22:48:10Z,Run,2024-12-21T23:05:27Z,-8.05484612,-34.94983413,142.0,63.0,1.4199999570846558
2024-12-21T22:48:10Z,Run,2024-12-21T23:05:28Z,-8.0548348,-34.94982846,142.0,63.0,1.409999966621399
2024-12-21T22:48:10Z,Run,2024-12-21T23:05:29Z,-8.05482481,-34.94982414,142.0,63.0,1.409999966621399
2024-12-21T22:48:10Z,Run,2024-12-21T23:05:30Z,-8.05481381,-34.94982081,142.0,63.0,1.409999966621399
2024-12-21T22:48:10Z,Run,2024-12-21T23:05:31Z,-8.05480348,-34.94981681,142.0,63.0,1.409999966621399
2024-12-21T22:48:10Z,Run,2024-12-21T23:05:32Z,-8.05479249,-34.94981182,141.0,64.0,1.409999966621399
2024-12-21T22:48:10Z,Run,2024-12-21T23:05:33Z,-8.05478215,-34.94980716,140.0,65.0,1.399999976158142
2024-12-21T22:48:10Z,Run,2024-12-21T23:05:34Z,-8.05477049,-34.94980117,141.0,65.0,1.399999976158142
2024-12-21T22:48:10Z,Run,2024-12-21T23:05:35Z,-8.0547585,-34.94979683,142.0,65.0,1.399999976158142
2024-12-21T22:48:10Z,Run,2024-12-21T23:05:36Z,-8.05474717,-34.94979384,144.0,65.0,1.399999976158142
2024-12-21T22:48:10Z,Run,2024-12-21T23:05:37Z,-8.05473551,-34.94979052,144.0,65.0,1.399999976158142
2024-12-21T22:48:10Z,Run,2024-12-21T23:05:38Z,-8.05472417,-34.94978753,145.0,65.0,1.3899999856948853
2024-12-21T22:48:10Z,Run,2024-12-21T23:05:39Z,-8.05471017,-34.94978421,145.0,65.0,1.3899999856948853
2024-12-21T22:48:10Z,Run,2024-12-21T23:05:40Z,-8.05469617,-34.94977854,146.0,65.0,1.3899999856948853
2024-12-21T22:48:10Z,Run,2024-12-21T23:05:41Z,-8.05468384,-34.94977087,146.0,65.0,1.3899999856948853
2024-12-21T22:48:10Z,Run,2024-12-21T23:05:42Z,-8.05467285,-34.94976155,146.0,63.0,1.3899999856948853
2024-12-21T22:48:10Z,Run,2024-12-21T23:05:43Z,-8.05466219,-34.94975289,146.0,63.0,1.3899999856948853
2024-12-21T22:48:10Z,Run,2024-12-21T23:05:44Z,-8.0546522,-34.94974489,146.0,63.0,1.3899999856948853
2024-12-21T22:48:10Z,Run,2024-12-21T23:05:45Z,-8.05464255,-34.9497359,147.0,63.0,1.3899999856948853
2024-12-21T22:48:10Z,Run,2024-12-21T23:05:46Z,-8.05463355,-34.94972524,146.0,63.0,1.399999976158142
2024-12-21T22:48:10Z,Run,2024-12-21T23:05:47Z,-8.05462489,-34.94971757,146.0,63.0,1.4199999570846558
2024-12-21T22:48:10Z,Run,2024-12-21T23:05:48Z,-8.05461423,-34.94970757,145.0,63.0,1.4299999475479126
2024-12-21T22:48:10Z,Run,2024-12-21T23:05:49Z,-8.05460023,-34.94969591,144.0,63.0,1.4199999570846558
2024-12-21T22:48:10Z,Run,2024-12-21T23:05:50Z,-8.05458457,-34.94968559,144.0,63.0,1.4199999570846558
2024-12-21T22:48:10Z,Run,2024-12-21T23:05:51Z,-8.0545669,-34.94967492,140.0,63.0,1.4199999570846558
2024-12-21T22:48:10Z,Run,2024-12-21T23:05:52Z,-8.05454558,-34.9496636,141.0,63.0,1.4299999475479126
2024-12-21T22:48:10Z,Run,2024-12-21T23:05:53Z,-8.05452324,-34.94965161,141.0,63.0,1.5700000524520874
2024-12-21T22:48:10Z,Run,2024-12-21T23:05:54Z,-8.05449992,-34.94963861,141.0,63.0,1.8700000047683716
2024-12-21T22:48:10Z,Run,2024-12-21T23:05:55Z,-8.05447859,-34.94962662,142.0,63.0,2.2200000286102295
2024-12-21T22:48:10Z,Run,2024-12-21T23:05:56Z,-8.05445893,-34.94961429,142.0,63.0,2.2200000286102295
2024-12-21T22:48:10Z,Run,2024-12-21T23:05:57Z,-8.05443994,-34.94960196,141.0,63.0,2.509999990463257
2024-12-21T22:48:10Z,Run,2024-12-21T23:05:58Z,-8.05442027,-34.94958964,141.0,89.0,2.630000114440918
2024-12-21T22:48:10Z,Run,2024-12-21T23:05:59Z,-8.05440128,-34.94957731,141.0,89.0,2.640000104904175
2024-12-21T22:48:10Z,Run,2024-12-21T23:06:00Z,-8.05438028,-34.94956465,141.0,89.0,2.640000104904175
2024-12-21T22:48:10Z,Run,2024-12-21T23:06:01Z,-8.05435829,-34.94955033,140.0,87.0,2.640000104904175
2024-12-21T22:48:10Z,Run,2024-12-21T23:06:02Z,-8.05433664,-34.94953433,140.0,87.0,2.640000104904175
2024-12-21T22:48:10Z,Run,2024-12-21T23:06:03Z,-8.0543143,-34.94951934,140.0,87.0,2.640000104904175
2024-12-21T22:48:10Z,Run,2024-12-21T23:06:04Z,-8.05429031,-34.94950567,139.0,87.0,2.640000104904175
2024-12-21T22:48:10Z,Run,2024-12-21T23:06:05Z,-8.05426731,-34.94949367,139.0,89.0,2.690000057220459
2024-12-21T22:48:10Z,Run,2024-12-21T23:06:06Z,-8.05424498,-34.94948268,139.0,88.0,2.7699999809265137
2024-12-21T22:48:10Z,Run,2024-12-21T23:06:07Z,-8.05422166,-34.94947168,139.0,88.0,2.799999952316284
2024-12-21T22:48:10Z,Run,2024-12-21T23:06:08Z,-8.05419866,-34.94945968,139.0,88.0,2.799999952316284
2024-12-21T22:48:10Z,Run,2024-12-21T23:06:09Z,-8.05417467,-34.94944736,139.0,88.0,2.809999942779541
2024-12-21T22:48:10Z,Run,2024-12-21T23:06:10Z,-8.05415168,-34.94943469,137.0,88.0,2.819999933242798
2024-12-21T22:48:10Z,Run,2024-12-21T23:06:11Z,-8.05412868,-34.94942203,136.0,88.0,2.8299999237060547
2024-12-21T22:48:10Z,Run,2024-12-21T23:06:12Z,-8.05410635,-34.94940903,136.0,88.0,2.819999933242798
2024-12-21T22:48:10Z,Run,2024-12-21T23:06:13Z,-8.05408302,-34.94939638,136.0,88.0,2.799999952316284
2024-12-21T22:48:10Z,Run,2024-12-21T23:06:14Z,-8.05406003,-34.94938405,136.0,88.0,2.799999952316284
2024-12-21T22:48:10Z,Run,2024-12-21T23:06:15Z,-8.05403703,-34.94937205,136.0,88.0,2.799999952316284
2024-12-21T22:48:10Z,Run,2024-12-21T23:06:16Z,-8.05401536,-34.9493594,136.0,88.0,2.809999942779541
2024-12-21T22:48:10Z,Run,2024-12-21T23:06:17Z,-8.05399337,-34.94934673,137.0,87.0,2.819999933242798
2024-12-21T22:48:10Z,Run,2024-12-21T23:06:18Z,-8.05397138,-34.94933441,137.0,88.0,2.819999933242798
2024-12-21T22:48:10Z,Run,2024-12-21T23:06:19Z,-8.05394872,-34.94932174,137.0,88.0,2.809999942779541
2024-12-21T22:48:10Z,Run,2024-12-21T23:06:20Z,-8.05392639,-34.94930975,137.0,88.0,2.809999942779541
2024-12-21T22:48:10Z,Run,2024-12-21T23:06:21Z,-8.05390474,-34.94929809,136.0,88.0,2.799999952316284
2024-12-21T22:48:10Z,Run,2024-12-21T23:06:22Z,-8.05388374,-34.94928644,136.0,88.0,2.799999952316284
2024-12-21T22:48:10Z,Run,2024-12-21T23:06:23Z,-8.05386241,-34.94927344,135.0,88.0,2.7899999618530273
2024-12-21T22:48:10Z,Run,2024-12-21T23:06:24Z,-8.05384008,-34.94926178,134.0,89.0,2.7699999809265137
2024-12-21T22:48:10Z,Run,2024-12-21T23:06:26Z,-8.05374576,-34.94921411,134.0,89.0,2.7699999809265137
2024-12-21T22:48:10Z,Run,2024-12-21T23:06:27Z,-8.05374009,-34.94921178,133.0,88.0,2.7699999809265137
2024-12-21T22:48:10Z,Run,2024-12-21T23:06:28Z,-8.05372876,-34.94920678,133.0,88.0,2.7699999809265137
2024-12-21T22:48:10Z,Run,2024-12-21T23:06:29Z,-8.05371277,-34.94919812,133.0,89.0,2.7699999809265137
2024-12-21T22:48:10Z,Run,2024-12-21T23:06:30Z,-8.0536941,-34.94918713,134.0,89.0,2.759999990463257
2024-12-21T22:48:10Z,Run,2024-12-21T23:06:31Z,-8.05367444,-34.94917547,133.0,88.0,2.740000009536743
2024-12-21T22:48:10Z,Run,2024-12-21T23:06:32Z,-8.05365311,-34.94916348,133.0,88.0,2.740000009536743
2024-12-21T22:48:10Z,Run,2024-12-21T23:06:33Z,-8.05363144,-34.94915182,134.0,88.0,2.7300000190734863
2024-12-21T22:48:10Z,Run,2024-12-21T23:06:34Z,-8.05360879,-34.94913983,134.0,88.0,2.7200000286102295
2024-12-21T22:48:10Z,Run,2024-12-21T23:06:35Z,-8.05358613,-34.94912817,134.0,89.0,2.7100000381469727
2024-12-21T22:48:10Z,Run,2024-12-21T23:06:36Z,-8.05356446,-34.94911584,134.0,89.0,2.7100000381469727
2024-12-21T22:48:10Z,Run,2024-12-21T23:06:37Z,-8.05354314,-34.94910418,134.0,89.0,2.7100000381469727
2024-12-21T22:48:10Z,Run,2024-12-21T23:06:38Z,-8.05351981,-34.94909286,134.0,89.0,2.7100000381469727
2024-12-21T22:48:10Z,Run,2024-12-21T23:06:39Z,-8.05349715,-34.9490812,134.0,90.0,2.7100000381469727
2024-12-21T22:48:10Z,Run,2024-12-21T23:06:40Z,-8.05347583,-34.94906955,134.0,90.0,2.7200000286102295
2024-12-21T22:48:10Z,Run,2024-12-21T23:06:41Z,-8.05345283,-34.94905789,134.0,89.0,2.7200000286102295
2024-12-21T22:48:10Z,Run,2024-12-21T23:06:42Z,-8.05342917,-34.94904722,134.0,89.0,2.7300000190734863
2024-12-21T22:48:10Z,Run,2024-12-21T23:06:43Z,-8.0534055,-34.94903689,134.0,89.0,2.7300000190734863
2024-12-21T22:48:10Z,Run,2024-12-21T23:06:44Z,-8.05338285,-34.9490269,134.0,89.0,2.7300000190734863
2024-12-21T22:48:10Z,Run,2024-12-21T23:06:45Z,-8.05335951,-34.9490159,134.0,89.0,2.7300000190734863
2024-12-21T22:48:10Z,Run,2024-12-21T23:06:46Z,-8.05333718,-34.9490039,134.0,89.0,2.7300000190734863
2024-12-21T22:48:10Z,Run,2024-12-21T23:06:47Z,-8.05331351,-34.94899091,133.0,90.0,2.7300000190734863
2024-12-21T22:48:10Z,Run,2024-12-21T23:06:48Z,-8.05329086,-34.94897925,133.0,90.0,2.740000009536743
2024-12-21T22:48:10Z,Run,2024-12-21T23:06:49Z,-8.05326719,-34.94896892,134.0,89.0,2.740000009536743
2024-12-21T22:48:10Z,Run,2024-12-21T23:06:50Z,-8.0532442,-34.94895693,134.0,89.0,2.75
2024-12-21T22:48:10Z,Run,2024-12-21T23:06:51Z,-8.0532212,-34.9489436,134.0,89.0,2.75
2024-12-21T22:48:10Z,Run,2024-12-21T23:06:52Z,-8.05319921,-34.94892993,134.0,89.0,2.75
2024-12-21T22:48:10Z,Run,2024-12-21T23:06:53Z,-8.05317722,-34.94891761,134.0,89.0,2.75
2024-12-21T22:48:10Z,Run,2024-12-21T23:06:54Z,-8.05315589,-34.94890461,135.0,89.0,2.759999990463257
2024-12-21T22:48:10Z,Run,2024-12-21T23:06:55Z,-8.05313422,-34.94889295,135.0,89.0,2.759999990463257
2024-12-21T22:48:10Z,Run,2024-12-21T23:06:56Z,-8.05311223,-34.94888062,135.0,90.0,2.759999990463257
2024-12-21T22:48:10Z,Run,2024-12-21T23:06:57Z,-8.05309256,-34.94886763,135.0,90.0,2.759999990463257
2024-12-21T22:48:10Z,Run,2024-12-21T23:06:58Z,-8.05307224,-34.94885463,136.0,91.0,2.759999990463257
2024-12-21T22:48:10Z,Run,2024-12-21T23:06:59Z,-8.05305058,-34.9488403,137.0,91.0,2.759999990463257
2024-12-21T22:48:10Z,Run,2024-12-21T23:07:00Z,-8.05303092,-34.94882664,138.0,90.0,2.759999990463257
2024-12-21T22:48:10Z,Run,2024-12-21T23:07:01Z,-8.05301126,-34.94881431,138.0,89.0,2.759999990463257
2024-12-21T22:48:10Z,Run,2024-12-21T23:07:02Z,-8.05299193,-34.94880299,138.0,89.0,2.759999990463257
2024-12-21T22:48:10Z,Run,2024-12-21T23:07:03Z,-8.05297127,-34.94879232,138.0,89.0,2.759999990463257
2024-12-21T22:48:10Z,Run,2024-12-21T23:07:04Z,-8.05294927,-34.948783,138.0,89.0,2.759999990463257
2024-12-21T22:48:10Z,Run,2024-12-21T23:07:05Z,-8.05292628,-34.94877401,137.0,89.0,2.75
2024-12-21T22:48:10Z,Run,2024-12-21T23:07:06Z,-8.05290328,-34.94876501,138.0,90.0,2.75
2024-12-21T22:48:10Z,Run,2024-12-21T23:07:07Z,-8.05287996,-34.94875535,139.0,90.0,2.75
2024-12-21T22:48:10Z,Run,2024-12-21T23:07:08Z,-8.05285629,-34.94874502,140.0,90.0,2.740000009536743
2024-12-21T22:48:10Z,Run,2024-12-21T23:07:09Z,-8.05283263,-34.94873503,140.0,90.0,2.740000009536743
2024-12-21T22:48:10Z,Run,2024-12-21T23:07:10Z,-8.05280897,-34.94872436,140.0,90.0,2.740000009536743
2024-12-21T22:48:10Z,Run,2024-12-21T23:07:11Z,-8.05278597,-34.94871271,139.0,90.0,2.740000009536743
2024-12-21T22:48:10Z,Run,2024-12-21T23:07:12Z,-8.05276531,-34.94870004,138.0,90.0,2.7300000190734863
2024-12-21T22:48:10Z,Run,2024-12-21T23:07:13Z,-8.05274465,-34.94868738,138.0,90.0,2.7300000190734863
2024-12-21T22:48:10Z,Run,2024-12-21T23:07:14Z,-8.05272433,-34.94867472,137.0,91.0,2.7300000190734863
2024-12-21T22:48:10Z,Run,2024-12-21T23:07:15Z,-8.05270401,-34.94866206,137.0,91.0,2.7300000190734863
2024-12-21T22:48:10Z,Run,2024-12-21T23:07:16Z,-8.05268268,-34.94865007,136.0,90.0,2.7300000190734863
2024-12-21T22:48:10Z,Run,2024-12-21T23:07:17Z,-8.05266068,-34.94863774,135.0,89.0,2.7300000190734863
2024-12-21T22:48:10Z,Run,2024-12-21T23:07:18Z,-8.05263968,-34.94862741,135.0,89.0,2.7300000190734863
2024-12-21T22:48:10Z,Run,2024-12-21T23:07:19Z,-8.05261603,-34.94861475,135.0,89.0,2.7300000190734863
2024-12-21T22:48:10Z,Run,2024-12-21T23:07:20Z,-8.05259569,-34.94860309,135.0,90.0,2.7300000190734863
2024-12-21T22:48:10Z,Run,2024-12-21T23:07:21Z,-8.05257769,-34.94859042,135.0,89.0,2.7300000190734863
2024-12-21T22:48:10Z,Run,2024-12-21T23:07:22Z,-8.05256004,-34.94857642,135.0,89.0,2.7300000190734863
2024-12-21T22:48:10Z,Run,2024-12-21T23:07:23Z,-8.05254337,-34.9485621,136.0,89.0,2.7300000190734863
2024-12-21T22:48:10Z,Run,2024-12-21T23:07:24Z,-8.0525257,-34.94854843,136.0,90.0,2.7300000190734863
2024-12-21T22:48:10Z,Run,2024-12-21T23:07:25Z,-8.05250605,-34.94853744,137.0,89.0,2.7300000190734863
2024-12-21T22:48:10Z,Run,2024-12-21T23:07:26Z,-8.05248472,-34.94852711,138.0,89.0,2.7200000286102295
2024-12-21T22:48:10Z,Run,2024-12-21T23:07:27Z,-8.05246172,-34.94851744,138.0,89.0,2.7200000286102295
2024-12-21T22:48:10Z,Run,2024-12-21T23:07:28Z,-8.05243773,-34.94850712,138.0,89.0,2.7200000286102295
2024-12-21T22:48:10Z,Run,2024-12-21T23:07:29Z,-8.05241441,-34.94849679,138.0,89.0,2.7200000286102295
2024-12-21T22:48:10Z,Run,2024-12-21T23:07:30Z,-8.05239075,-34.94848679,138.0,90.0,2.7100000381469727
2024-12-21T22:48:10Z,Run,2024-12-21T23:07:31Z,-8.05236909,-34.94847546,138.0,90.0,2.7100000381469727
2024-12-21T22:48:10Z,Run,2024-12-21T23:07:32Z,-8.05234676,-34.9484638,138.0,90.0,2.7100000381469727
2024-12-21T22:48:10Z,Run,2024-12-21T23:07:33Z,-8.05232411,-34.94845013,138.0,90.0,2.7100000381469727
2024-12-21T22:48:10Z,Run,2024-12-21T23:07:34Z,-8.05230344,-34.94843514,138.0,90.0,2.7100000381469727
2024-12-21T22:48:10Z,Run,2024-12-21T23:07:35Z,-8.05228445,-34.94841847,138.0,90.0,2.7100000381469727
2024-12-21T22:48:10Z,Run,2024-12-21T23:07:36Z,-8.05226813,-34.94840082,138.0,90.0,2.7100000381469727
2024-12-21T22:48:10Z,Run,2024-12-21T23:07:37Z,-8.05225247,-34.94838115,139.0,90.0,2.7200000286102295
2024-12-21T22:48:10Z,Run,2024-12-21T23:07:38Z,-8.05223847,-34.94835749,140.0,89.0,2.7200000286102295
2024-12-21T22:48:10Z,Run,2024-12-21T23:07:39Z,-8.05222547,-34.94833416,141.0,90.0,2.7200000286102295
2024-12-21T22:48:10Z,Run,2024-12-21T23:07:40Z,-8.05221481,-34.94831017,141.0,90.0,2.7300000190734863
2024-12-21T22:48:10Z,Run,2024-12-21T23:07:41Z,-8.05220582,-34.94828584,141.0,90.0,2.7300000190734863
2024-12-21T22:48:10Z,Run,2024-12-21T23:07:42Z,-8.05219982,-34.94826251,141.0,90.0,2.7300000190734863
2024-12-21T22:48:10Z,Run,2024-12-21T23:07:43Z,-8.05219649,-34.94823686,141.0,90.0,2.7300000190734863
2024-12-21T22:48:10Z,Run,2024-12-21T23:07:44Z,-8.05219417,-34.94821186,141.0,89.0,2.7300000190734863
2024-12-21T22:48:10Z,Run,2024-12-21T23:07:45Z,-8.05219251,-34.94818652,140.0,89.0,2.7300000190734863
2024-12-21T22:48:10Z,Run,2024-12-21T23:07:46Z,-8.05218984,-34.94816219,139.0,89.0,2.7300000190734863
2024-12-21T22:48:10Z,Run,2024-12-21T23:07:47Z,-8.05218518,-34.94813953,139.0,89.0,2.7300000190734863
2024-12-21T22:48:10Z,Run,2024-12-21T23:07:48Z,-8.05218051,-34.94811854,139.0,90.0,2.7300000190734863
2024-12-21T22:48:10Z,Run,2024-12-21T23:07:49Z,-8.05217352,-34.94809654,138.0,90.0,2.7300000190734863
2024-12-21T22:48:10Z,Run,2024-12-21T23:07:50Z,-8.05216585,-34.94807454,137.0,90.0,2.7300000190734863
2024-12-21T22:48:10Z,Run,2024-12-21T23:07:51Z,-8.05215652,-34.94805155,137.0,90.0,2.7300000190734863
2024-12-21T22:48:10Z,Run,2024-12-21T23:07:52Z,-8.05214819,-34.94803055,137.0,89.0,2.7300000190734863
2024-12-21T22:48:10Z,Run,2024-12-21T23:07:53Z,-8.0521392,-34.94800656,137.0,89.0,2.7300000190734863
2024-12-21T22:48:10Z,Run,2024-12-21T23:07:54Z,-8.0521332,-34.9479819,137.0,90.0,2.7300000190734863
2024-12-21T22:48:10Z,Run,2024-12-21T23:07:55Z,-8.05213087,-34.94795656,137.0,90.0,2.7200000286102295
2024-12-21T22:48:10Z,Run,2024-12-21T23:07:56Z,-8.05213087,-34.94792957,138.0,91.0,2.7200000286102295
2024-12-21T22:48:10Z,Run,2024-12-21T23:07:57Z,-8.05213253,-34.94790391,137.0,91.0,2.7100000381469727
2024-12-21T22:48:10Z,Run,2024-12-21T23:07:58Z,-8.05213419,-34.94787725,138.0,90.0,2.7100000381469727
2024-12-21T22:48:10Z,Run,2024-12-21T23:07:59Z,-8.05213719,-34.94784893,138.0,90.0,2.7100000381469727
2024-12-21T22:48:10Z,Run,2024-12-21T23:08:00Z,-8.05213951,-34.94782193,138.0,90.0,2.7100000381469727
2024-12-21T22:48:10Z,Run,2024-12-21T23:08:01Z,-8.05214151,-34.94779494,138.0,90.0,2.7100000381469727
2024-12-21T22:48:10Z,Run,2024-12-21T23:08:02Z,-8.05214351,-34.94776994,138.0,89.0,2.7100000381469727
2024-12-21T22:48:10Z,Run,2024-12-21T23:08:03Z,-8.0521465,-34.9477446,137.0,89.0,2.7100000381469727
2024-12-21T22:48:10Z,Run,2024-12-21T23:08:04Z,-8.0521485,-34.94771895,137.0,89.0,2.7100000381469727
2024-12-21T22:48:10Z,Run,2024-12-21T23:08:05Z,-8.05214949,-34.94769228,137.0,89.0,2.7100000381469727
2024-12-21T22:48:10Z,Run,2024-12-21T23:08:06Z,-8.05214783,-34.94766696,138.0,89.0,2.7100000381469727
2024-12-21T22:48:10Z,Run,2024-12-21T23:08:07Z,-8.0521445,-34.94764263,138.0,89.0,2.7200000286102295
2024-12-21T22:48:10Z,Run,2024-12-21T23:08:08Z,-8.05213883,-34.94762197,138.0,89.0,2.7200000286102295
2024-12-21T22:48:10Z,Run,2024-12-21T23:08:09Z,-8.05213151,-34.94760198,138.0,89.0,2.7200000286102295
2024-12-21T22:48:10Z,Run,2024-12-21T23:08:10Z,-8.05211984,-34.94758432,138.0,89.0,2.7200000286102295
2024-12-21T22:48:10Z,Run,2024-12-21T23:08:11Z,-8.05210552,-34.94757065,138.0,89.0,2.7200000286102295
2024-12-21T22:48:10Z,Run,2024-12-21T23:08:12Z,-8.05208819,-34.94756166,139.0,88.0,2.7200000286102295
2024-12-21T22:48:10Z,Run,2024-12-21T23:08:13Z,-8.05207052,-34.94755601,139.0,88.0,2.7100000381469727
2024-12-21T22:48:10Z,Run,2024-12-21T23:08:14Z,-8.05205253,-34.94755434,141.0,89.0,2.7100000381469727
2024-12-21T22:48:10Z,Run,2024-12-21T23:08:15Z,-8.0520342,-34.94755601,142.0,88.0,2.700000047683716
2024-12-21T22:48:10Z,Run,2024-12-21T23:08:16Z,-8.05201621,-34.94756033,142.0,88.0,2.690000057220459
2024-12-21T22:48:10Z,Run,2024-12-21T23:08:17Z,-8.05199922,-34.947565,142.0,88.0,2.690000057220459
2024-12-21T22:48:10Z,Run,2024-12-21T23:08:18Z,-8.05198455,-34.94757033,142.0,88.0,2.680000066757202
2024-12-21T22:48:10Z,Run,2024-12-21T23:08:19Z,-8.05196956,-34.94757866,142.0,88.0,2.6600000858306885
2024-12-21T22:48:10Z,Run,2024-12-21T23:08:20Z,-8.05195423,-34.94759,142.0,89.0,2.6500000953674316
2024-12-21T22:48:10Z,Run,2024-12-21T23:08:21Z,-8.05193956,-34.94760232,142.0,90.0,2.630000114440918
2024-12-21T22:48:10Z,Run,2024-12-21T23:08:22Z,-8.05192656,-34.94761664,142.0,89.0,2.619999885559082
2024-12-21T22:48:10Z,Run,2024-12-21T23:08:23Z,-8.05191357,-34.94763231,142.0,89.0,2.619999885559082
2024-12-21T22:48:10Z,Run,2024-12-21T23:08:24Z,-8.05190257,-34.94764997,142.0,90.0,2.609999895095825
2024-12-21T22:48:10Z,Run,2024-12-21T23:08:25Z,-8.05189391,-34.9476663,142.0,89.0,2.5899999141693115
2024-12-21T22:48:10Z,Run,2024-12-21T23:08:26Z,-8.05188459,-34.94768597,142.0,89.0,2.5799999237060547
2024-12-21T22:48:10Z,Run,2024-12-21T23:08:27Z,-8.05187492,-34.94770562,142.0,89.0,2.569999933242798
2024-12-21T22:48:10Z,Run,2024-12-21T23:08:28Z,-8.0518626,-34.94772395,142.0,89.0,2.549999952316284
2024-12-21T22:48:10Z,Run,2024-12-21T23:08:29Z,-8.0518486,-34.94773928,142.0,89.0,2.549999952316284
2024-12-21T22:48:10Z,Run,2024-12-21T23:08:30Z,-8.05182961,-34.94775261,142.0,89.0,2.549999952316284
2024-12-21T22:48:10Z,Run,2024-12-21T23:08:31Z,-8.05180929,-34.94776294,142.0,89.0,2.5399999618530273
2024-12-21T22:48:10Z,Run,2024-12-21T23:08:32Z,-8.05178762,-34.94777159,142.0,90.0,2.5299999713897705
2024-12-21T22:48:10Z,Run,2024-12-21T23:08:33Z,-8.05176462,-34.94777926,142.0,90.0,2.5299999713897705
2024-12-21T22:48:10Z,Run,2024-12-21T23:08:34Z,-8.05174229,-34.94778459,142.0,90.0,2.5299999713897705
2024-12-21T22:48:10Z,Run,2024-12-21T23:08:35Z,-8.0517183,-34.94778792,142.0,90.0,2.5299999713897705
2024-12-21T22:48:10Z,Run,2024-12-21T23:08:36Z,-8.05169397,-34.94778891,142.0,90.0,2.5199999809265137
2024-12-21T22:48:10Z,Run,2024-12-21T23:08:37Z,-8.05167065,-34.94778792,142.0,91.0,2.5199999809265137
2024-12-21T22:48:10Z,Run,2024-12-21T23:08:38Z,-8.05164799,-34.94778558,142.0,90.0,2.5199999809265137
2024-12-21T22:48:10Z,Run,2024-12-21T23:08:39Z,-8.05162599,-34.94778159,142.0,90.0,2.5299999713897705
2024-12-21T22:48:10Z,Run,2024-12-21T23:08:40Z,-8.05160434,-34.94777693,142.0,90.0,2.5299999713897705
2024-12-21T22:48:10Z,Run,2024-12-21T23:08:41Z,-8.05158134,-34.9477706,142.0,90.0,2.5299999713897705
2024-12-21T22:48:10Z,Run,2024-12-21T23:08:42Z,-8.05155835,-34.94776327,142.0,90.0,2.5299999713897705
2024-12-21T22:48:10Z,Run,2024-12-21T23:08:43Z,-8.05153468,-34.94775661,142.0,89.0,2.5299999713897705
2024-12-21T22:48:10Z,Run,2024-12-21T23:08:44Z,-8.05151169,-34.94775029,142.0,89.0,2.5299999713897705
2024-12-21T22:48:10Z,Run,2024-12-21T23:08:45Z,-8.05148903,-34.94774529,142.0,90.0,2.5299999713897705
2024-12-21T22:48:10Z,Run,2024-12-21T23:08:46Z,-8.05146737,-34.94774062,142.0,91.0,2.5299999713897705
2024-12-21T22:48:10Z,Run,2024-12-21T23:08:47Z,-8.05144638,-34.9477363,142.0,91.0,2.5299999713897705
2024-12-21T22:48:10Z,Run,2024-12-21T23:08:48Z,-8.05142538,-34.94773298,160.0,91.0,2.5299999713897705
2024-12-21T22:48:10Z,Run,2024-12-21T23:08:49Z,-8.05140204,-34.94772898,160.0,91.0,2.5299999713897705
2024-12-21T22:48:10Z,Run,2024-12-21T23:08:50Z,-8.05138005,-34.94772599,161.0,90.0,2.5299999713897705
2024-12-21T22:48:10Z,Run,2024-12-21T23:08:51Z,-8.05135739,-34.94772266,163.0,90.0,2.5299999713897705
2024-12-21T22:48:10Z,Run,2024-12-21T23:08:52Z,-8.05133306,-34.94772167,163.0,89.0,2.5299999713897705
2024-12-21T22:48:10Z,Run,2024-12-21T23:08:53Z,-8.0513074,-34.94772167,163.0,89.0,2.5299999713897705
2024-12-21T22:48:10Z,Run,2024-12-21T23:08:54Z,-8.0512814,-34.94772134,163.0,89.0,2.5299999713897705
2024-12-21T22:48:10Z,Run,2024-12-21T23:08:55Z,-8.0512534,-34.94771968,163.0,89.0,2.5299999713897705
2024-12-21T22:48:10Z,Run,2024-12-21T23:08:56Z,-8.05122807,-34.94771703,164.0,88.0,2.5399999618530273
2024-12-21T22:48:10Z,Run,2024-12-21T23:08:57Z,-8.05120174,-34.94771337,165.0,89.0,2.5399999618530273
2024-12-21T22:48:10Z,Run,2024-12-21T23:08:58Z,-8.05117808,-34.94771104,166.0,88.0,2.549999952316284
2024-12-21T22:48:10Z,Run,2024-12-21T23:08:59Z,-8.05115408,-34.94770904,166.0,88.0,2.549999952316284
2024-12-21T22:48:10Z,Run,2024-12-21T23:09:00Z,-8.05113076,-34.94770805,165.0,88.0,2.549999952316284
2024-12-21T22:48:10Z,Run,2024-12-21T23:09:01Z,-8.05110643,-34.94770638,165.0,89.0,2.549999952316284
2024-12-21T22:48:10Z,Run,2024-12-21T23:09:02Z,-8.05107944,-34.94770371,165.0,89.0,2.549999952316284
2024-12-21T22:48:10Z,Run,2024-12-21T23:09:03Z,-8.05105277,-34.94770172,165.0,89.0,2.559999942779541
2024-12-21T22:48:10Z,Run,2024-12-21T23:09:04Z,-8.05102711,-34.94769939,165.0,89.0,2.569999933242798
2024-12-21T22:48:10Z,Run,2024-12-21T23:09:05Z,-8.05100345,-34.94769606,165.0,89.0,2.569999933242798
2024-12-21T22:48:10Z,Run,2024-12-21T23:09:06Z,-8.05098178,-34.9476914,165.0,89.0,2.569999933242798
2024-12-21T22:48:10Z,Run,2024-12-21T23:09:07Z,-8.05095879,-34.94768673,165.0,89.0,2.569999933242798
2024-12-21T22:48:10Z,Run,2024-12-21T23:09:08Z,-8.05093712,-34.94768274,165.0,89.0,2.569999933242798
2024-12-21T22:48:10Z,Run,2024-12-21T23:09:09Z,-8.05091612,-34.94767975,165.0,89.0,2.569999933242798
2024-12-21T22:48:10Z,Run,2024-12-21T23:09:10Z,-8.05089647,-34.94767676,166.0,89.0,2.569999933242798
2024-12-21T22:48:10Z,Run,2024-12-21T23:09:11Z,-8.05087413,-34.94767411,166.0,89.0,2.569999933242798
2024-12-21T22:48:10Z,Run,2024-12-21T23:09:12Z,-8.05085114,-34.94767144,166.0,91.0,2.569999933242798
2024-12-21T22:48:10Z,Run,2024-12-21T23:09:13Z,-8.05082949,-34.94766911,166.0,91.0,2.569999933242798
2024-12-21T22:48:10Z,Run,2024-12-21T23:09:14Z,-8.05080715,-34.94766612,166.0,91.0,2.569999933242798
2024-12-21T22:48:10Z,Run,2024-12-21T23:09:15Z,-8.05078383,-34.94766345,166.0,91.0,2.559999942779541
2024-12-21T22:48:10Z,Run,2024-12-21T23:09:16Z,-8.05076051,-34.94766145,166.0,90.0,2.559999942779541
2024-12-21T22:48:10Z,Run,2024-12-21T23:09:17Z,-8.05073684,-34.94766046,166.0,90.0,2.559999942779541
2024-12-21T22:48:10Z,Run,2024-12-21T23:09:18Z,-8.05071318,-34.94765913,166.0,90.0,2.559999942779541
2024-12-21T22:48:10Z,Run,2024-12-21T23:09:19Z,-8.05069018,-34.94765714,167.0,90.0,2.549999952316284
2024-12-21T22:48:10Z,Run,2024-12-21T23:09:20Z,-8.05066718,-34.9476558,167.0,90.0,2.549999952316284
2024-12-21T22:48:10Z,Run,2024-12-21T23:09:21Z,-8.05064485,-34.94765414,167.0,90.0,2.549999952316284
2024-12-21T22:48:10Z,Run,2024-12-21T23:09:22Z,-8.05062186,-34.94765281,167.0,90.0,2.549999952316284
2024-12-21T22:48:10Z,Run,2024-12-21T23:09:23Z,-8.05059886,-34.94765115,167.0,90.0,2.549999952316284
2024-12-21T22:48:10Z,Run,2024-12-21T23:09:24Z,-8.05057554,-34.94764916,167.0,90.0,2.549999952316284
2024-12-21T22:48:10Z,Run,2024-12-21T23:09:25Z,-8.0505522,-34.94764716,166.0,90.0,2.549999952316284
2024-12-21T22:48:10Z,Run,2024-12-21T23:09:25Z,-8.05052854,-34.94764449,166.0,90.0,2.559999942779541
2024-12-21T22:48:10Z,Run,2024-12-21T23:09:26Z,-8.05050554,-34.94764317,166.0,90.0,2.559999942779541
2024-12-21T22:48:10Z,Run,2024-12-21T23:09:27Z,-8.05048288,-34.94764083,166.0,89.0,2.559999942779541
2024-12-21T22:48:10Z,Run,2024-12-21T23:09:28Z,-8.05046089,-34.94763784,166.0,89.0,2.559999942779541
2024-12-21T22:48:10Z,Run,2024-12-21T23:09:29Z,-8.05043922,-34.94763351,165.0,89.0,2.559999942779541
2024-12-21T22:48:10Z,Run,2024-12-21T23:09:30Z,-8.05041757,-34.94762952,165.0,90.0,2.559999942779541
2024-12-21T22:48:10Z,Run,2024-12-21T23:09:31Z,-8.05039524,-34.94762685,166.0,90.0,2.559999942779541
2024-12-21T22:48:10Z,Run,2024-12-21T23:09:32Z,-8.05037258,-34.94762386,166.0,90.0,2.559999942779541
2024-12-21T22:48:10Z,Run,2024-12-21T23:09:33Z,-8.05034992,-34.94762153,165.0,90.0,2.559999942779541
2024-12-21T22:48:10Z,Run,2024-12-21T23:09:35Z,-8.05032692,-34.9476192,164.0,91.0,2.559999942779541
2024-12-21T22:48:10Z,Run,2024-12-21T23:09:35Z,-8.05030393,-34.94761653,164.0,91.0,2.559999942779541
2024-12-21T22:48:10Z,Run,2024-12-21T23:09:36Z,-8.0502806,-34.94761321,163.0,91.0,2.559999942779541
2024-12-21T22:48:10Z,Run,2024-12-21T23:09:37Z,-8.05025861,-34.94760887,163.0,90.0,2.559999942779541
2024-12-21T22:48:10Z,Run,2024-12-21T23:09:38Z,-8.05023662,-34.94760255,163.0,90.0,2.559999942779541
2024-12-21T22:48:10Z,Run,2024-12-21T23:09:39Z,-8.05021529,-34.94759789,163.0,90.0,2.559999942779541
2024-12-21T22:48:10Z,Run,2024-12-21T23:09:40Z,-8.05019263,-34.94759556,163.0,90.0,2.559999942779541
2024-12-21T22:48:10Z,Run,2024-12-21T23:09:41Z,-8.05016929,-34.94759489,163.0,90.0,2.559999942779541
2024-12-21T22:48:10Z,Run,2024-12-21T23:09:42Z,-8.05014697,-34.94759424,163.0,90.0,2.549999952316284
2024-12-21T22:48:10Z,Run,2024-12-21T23:09:43Z,-8.0501243,-34.94759391,163.0,90.0,2.549999952316284
2024-12-21T22:48:10Z,Run,2024-12-21T23:09:44Z,-8.05010265,-34.94759359,163.0,90.0,2.549999952316284
2024-12-21T22:48:10Z,Run,2024-12-21T23:09:45Z,-8.05008099,-34.94759293,163.0,90.0,2.549999952316284
2024-12-21T22:48:10Z,Run,2024-12-21T23:09:46Z,-8.05005932,-34.94759093,163.0,90.0,2.549999952316284
2024-12-21T22:48:10Z,Run,2024-12-21T23:09:47Z,-8.05003699,-34.94758828,165.0,90.0,2.549999952316284
2024-12-21T22:48:10Z,Run,2024-12-21T23:09:48Z,-8.05001567,-34.94758561,165.0,90.0,2.549999952316284
2024-12-21T22:48:10Z,Run,2024-12-21T23:09:49Z,-8.049995,-34.94758195,165.0,90.0,2.549999952316284
2024-12-21T22:48:10Z,Run,2024-12-21T23:09:50Z,-8.04997434,-34.94757795,165.0,90.0,2.549999952316284
2024-12-21T22:48:10Z,Run,2024-12-21T23:09:51Z,-8.04995302,-34.94757363,165.0,90.0,2.549999952316284
2024-12-21T22:48:10Z,Run,2024-12-21T23:09:52Z,-8.04993169,-34.94756896,168.0,91.0,2.5399999618530273
2024-12-21T22:48:10Z,Run,2024-12-21T23:09:53Z,-8.0499127,-34.94756497,168.0,91.0,2.5399999618530273
2024-12-21T22:48:10Z,Run,2024-12-21T23:09:54Z,-8.04989104,-34.94755997,169.0,90.0,2.5399999618530273
2024-12-21T22:48:10Z,Run,2024-12-21T23:09:55Z,-8.04986871,-34.94755497,169.0,90.0,2.5299999713897705
2024-12-21T22:48:10Z,Run,2024-12-21T23:09:56Z,-8.04984605,-34.94754997,169.0,90.0,2.5299999713897705
2024-12-21T22:48:10Z,Run,2024-12-21T23:09:57Z,-8.04982505,-34.94754498,169.0,90.0,2.5299999713897705
2024-12-21T22:48:10Z,Run,2024-12-21T23:09:58Z,-8.04980205,-34.94753965,169.0,90.0,2.5199999809265137
2024-12-21T22:48:10Z,Run,2024-12-21T23:09:59Z,-8.04977939,-34.94753465,169.0,90.0,2.5199999809265137
2024-12-21T22:48:10Z,Run,2024-12-21T23:10:00Z,-8.0497544,-34.94753133,168.0,90.0,2.5199999809265137
2024-12-21T22:48:10Z,Run,2024-12-21T23:10:01Z,-8.0497294,-34.94752933,167.0,90.0,2.5199999809265137
2024-12-21T22:48:10Z,Run,2024-12-21T23:10:02Z,-8.04970507,-34.94752666,167.0,90.0,2.509999990463257
2024-12-21T22:48:10Z,Run,2024-12-21T23:10:03Z,-8.04968108,-34.947523,167.0,90.0,2.509999990463257
2024-12-21T22:48:10Z,Run,2024-12-21T23:10:04Z,-8.04965709,-34.947518,167.0,90.0,2.5199999809265137
2024-12-21T22:48:10Z,Run,2024-12-21T23:10:05Z,-8.04963343,-34.94751368,167.0,90.0,2.5199999809265137
2024-12-21T22:48:10Z,Run,2024-12-21T23:10:06Z,-8.04960943,-34.94750968,167.0,89.0,2.5199999809265137
2024-12-21T22:48:10Z,Run,2024-12-21T23:10:07Z,-8.04958611,-34.94750602,166.0,89.0,2.5299999713897705
2024-12-21T22:48:10Z,Run,2024-12-21T23:10:08Z,-8.04956279,-34.9475027,166.0,90.0,2.5299999713897705
2024-12-21T22:48:10Z,Run,2024-12-21T23:10:09Z,-8.04954013,-34.94750037,166.0,90.0,2.5299999713897705
2024-12-21T22:48:10Z,Run,2024-12-21T23:10:10Z,-8.04951713,-34.9474957,167.0,90.0,2.5299999713897705
2024-12-21T22:48:10Z,Run,2024-12-21T23:10:11Z,-8.04949447,-34.94749003,167.0,90.0,2.5299999713897705
2024-12-21T22:48:10Z,Run,2024-12-21T23:10:12Z,-8.04947214,-34.94748271,167.0,90.0,2.5299999713897705
2024-12-21T22:48:10Z,Run,2024-12-21T23:10:13Z,-8.04945015,-34.94747438,168.0,89.0,2.5299999713897705
2024-12-21T22:48:10Z,Run,2024-12-21T23:10:14Z,-8.04942983,-34.94746471,169.0,89.0,2.5399999618530273
2024-12-21T22:48:10Z,Run,2024-12-21T23:10:15Z,-8.04941149,-34.94745339,170.0,88.0,2.5399999618530273
2024-12-21T22:48:10Z,Run,2024-12-21T23:10:16Z,-8.04939283,-34.94744073,169.0,88.0,2.5399999618530273
2024-12-21T22:48:10Z,Run,2024-12-21T23:10:17Z,-8.0493755,-34.94742906,169.0,88.0,2.5399999618530273
2024-12-21T22:48:10Z,Run,2024-12-21T23:10:18Z,-8.04936017,-34.94741507,170.0,88.0,2.5399999618530273
2024-12-21T22:48:10Z,Run,2024-12-21T23:10:19Z,-8.04934851,-34.94739974,170.0,88.0,2.509999990463257
2024-12-21T22:48:10Z,Run,2024-12-21T23:10:20Z,-8.04933751,-34.94738508,170.0,88.0,2.4700000286102295
2024-12-21T22:48:10Z,Run,2024-12-21T23:10:21Z,-8.04932851,-34.94737076,170.0,88.0,2.380000114440918
2024-12-21T22:48:10Z,Run,2024-12-21T23:10:22Z,-8.04932018,-34.94735809,170.0,88.0,2.200000047683716
2024-12-21T22:48:10Z,Run,2024-12-21T23:10:23Z,-8.04931152,-34.94734544,170.0,88.0,2.200000047683716
2024-12-21T22:48:10Z,Run,2024-12-21T23:10:24Z,-8.04930286,-34.94733444,168.0,88.0,1.9600000381469727
2024-12-21T22:48:10Z,Run,2024-12-21T23:10:25Z,-8.0492922,-34.9473241,167.0,88.0,1.75
2024-12-21T22:48:10Z,Run,2024-12-21T23:10:26Z,-8.04928221,-34.94731511,165.0,88.0,1.6200000047683716
2024-12-21T22:48:10Z,Run,2024-12-21T23:10:27Z,-8.04927255,-34.94730745,166.0,88.0,1.559999942779541
2024-12-21T22:48:10Z,Run,2024-12-21T23:10:28Z,-8.04926355,-34.94730012,166.0,88.0,1.5299999713897705
2024-12-21T22:48:10Z,Run,2024-12-21T23:10:29Z,-8.04925522,-34.94729246,166.0,88.0,1.5299999713897705
2024-12-21T22:48:10Z,Run,2024-12-21T23:10:30Z,-8.04924555,-34.94728347,166.0,88.0,1.4900000095367432
2024-12-21T22:48:10Z,Run,2024-12-21T23:10:31Z,-8.04923423,-34.94727413,168.0,63.0,1.4199999570846558
2024-12-21T22:48:10Z,Run,2024-12-21T23:10:32Z,-8.04922256,-34.94726548,167.0,63.0,1.3899999856948853
2024-12-21T22:48:10Z,Run,2024-12-21T23:10:33Z,-8.04921124,-34.94725782,167.0,66.0,1.3799999952316284
2024-12-21T22:48:10Z,Run,2024-12-21T23:10:34Z,-8.04920125,-34.94725015,167.0,66.0,1.3600000143051147
2024-12-21T22:48:10Z,Run,2024-12-21T23:10:35Z,-8.04919092,-34.94724315,167.0,66.0,1.3600000143051147
2024-12-21T22:48:10Z,Run,2024-12-21T23:10:36Z,-8.04918093,-34.94723716,170.0,66.0,1.340000033378601
2024-12-21T22:48:10Z,Run,2024-12-21T23:10:37Z,-8.04917126,-34.94723151,172.0,66.0,1.3300000429153442
2024-12-21T22:48:10Z,Run,2024-12-21T23:10:38Z,-8.0491626,-34.94722818,172.0,66.0,1.3300000429153442
2024-12-21T22:48:10Z,Run,2024-12-21T23:10:39Z,-8.04915328,-34.94722719,171.0,66.0,1.3300000429153442
2024-12-21T22:48:10Z,Run,2024-12-21T23:10:40Z,-8.04914161,-34.94722719,172.0,66.0,1.309999942779541
2024-12-21T22:48:10Z,Run,2024-12-21T23:10:41Z,-8.04913096,-34.94722752,172.0,66.0,1.309999942779541
2024-12-21T22:48:10Z,Run,2024-12-21T23:10:42Z,-8.04912062,-34.94722784,172.0,66.0,1.2699999809265137
2024-12-21T22:48:10Z,Run,2024-12-21T23:10:43Z,-8.04911063,-34.94722517,172.0,66.0,1.190000057220459
2024-12-21T22:48:10Z,Run,2024-12-21T23:10:44Z,-8.04910131,-34.94721984,173.0,66.0,1.100000023841858
2024-12-21T22:48:10Z,Run,2024-12-21T23:10:45Z,-8.04909231,-34.94721385,173.0,66.0,1.0399999618530273
2024-12-21T22:48:10Z,Run,2024-12-21T23:10:46Z,-8.04908331,-34.94720818,172.0,66.0,1.0199999809265137
2024-12-21T22:48:10Z,Run,2024-12-21T23:10:47Z,-8.04907465,-34.94720118,172.0,66.0,1.0199999809265137
2024-12-21T22:48:10Z,Run,2024-12-21T23:10:48Z,-8.049065,-34.94719253,171.0,32.0,1.059999942779541
2024-12-21T22:48:10Z,Run,2024-12-21T23:10:49Z,-8.04905533,-34.94718287,171.0,31.0,1.1200000047683716
2024-12-21T22:48:10Z,Run,2024-12-21T23:10:50Z,-8.04904534,-34.94717287,170.0,32.0,1.1399999856948853
2024-12-21T22:48:10Z,Run,2024-12-21T23:10:51Z,-8.04903535,-34.94716187,169.0,32.0,1.190000057220459
2024-12-21T22:48:10Z,Run,2024-12-21T23:10:52Z,-8.04902603,-34.94715155,170.0,32.0,1.309999942779541
2024-12-21T22:48:10Z,Run,2024-12-21T23:10:54Z,-8.04901703,-34.94714222,167.0,32.0,1.440000057220459
2024-12-21T22:48:10Z,Run,2024-12-21T23:10:54Z,-8.04900704,-34.94713556,167.0,32.0,1.440000057220459
2024-12-21T22:48:10Z,Run,2024-12-21T23:10:55Z,-8.0489967,-34.94713223,165.0,32.0,1.5
2024-12-21T22:48:10Z,Run,2024-12-21T23:10:56Z,-8.04898637,-34.94712858,162.0,32.0,1.5
2024-12-21T22:48:10Z,Run,2024-12-21T23:10:57Z,-8.04897738,-34.94712524,160.0,32.0,1.4600000381469727
2024-12-21T22:48:10Z,Run,2024-12-21T23:10:58Z,-8.04896738,-34.94712292,159.0,32.0,1.4199999570846558
2024-12-21T22:48:10Z,Run,2024-12-21T23:10:59Z,-8.04895506,-34.94711993,157.0,32.0,1.409999966621399
2024-12-21T22:48:10Z,Run,2024-12-21T23:11:00Z,-8.04894307,-34.94711793,157.0,32.0,1.409999966621399
2024-12-21T22:48:10Z,Run,2024-12-21T23:11:01Z,-8.04892907,-34.94711693,157.0,32.0,1.399999976158142
2024-12-21T22:48:10Z,Run,2024-12-21T23:11:02Z,-8.04891573,-34.94711594,157.0,32.0,1.3799999952316284
2024-12-21T22:48:10Z,Run,2024-12-21T23:11:03Z,-8.04890308,-34.94711394,157.0,32.0,1.3700000047683716
2024-12-21T22:48:10Z,Run,2024-12-21T23:11:04Z,-8.04888942,-34.94711262,158.0,32.0,1.3600000143051147
2024-12-21T22:48:10Z,Run,2024-12-21T23:11:05Z,-8.04887542,-34.94711196,157.0,32.0,1.3600000143051147
2024-12-21T22:48:10Z,Run,2024-12-21T23:11:06Z,-8.04886009,-34.94711029,157.0,32.0,1.3600000143051147
2024-12-21T22:48:10Z,Run,2024-12-21T23:11:07Z,-8.04884342,-34.9471073,154.0,32.0,1.3600000143051147
2024-12-21T22:48:10Z,Run,2024-12-21T23:11:08Z,-8.04882643,-34.94710465,152.0,32.0,1.350000023841858
2024-12-21T22:48:10Z,Run,2024-12-21T23:11:09Z,-8.04880976,-34.94710132,150.0,32.0,1.3600000143051147
2024-12-21T22:48:10Z,Run,2024-12-21T23:11:10Z,-8.04879277,-34.94709833,149.0,32.0,1.3600000143051147
2024-12-21T22:48:10Z,Run,2024-12-21T23:11:11Z,-8.04877678,-34.94709501,149.0,32.0,1.3700000047683716
2024-12-21T22:48:10Z,Run,2024-12-21T23:11:12Z,-8.04876212,-34.94709202,149.0,32.0,1.3700000047683716
2024-12-21T22:48:10Z,Run,2024-12-21T23:11:13Z,-8.04874879,-34.94708869,149.0,32.0,1.3799999952316284
2024-12-21T22:48:10Z,Run,2024-12-21T23:11:14Z,-8.0487368,-34.94708536,149.0,32.0,1.3899999856948853
2024-12-21T22:48:10Z,Run,2024-12-21T23:11:15Z,-8.04872414,-34.94708237,150.0,32.0,1.399999976158142
2024-12-21T22:48:10Z,Run,2024-12-21T23:11:16Z,-8.04871215,-34.94708072,150.0,32.0,1.409999966621399
2024-12-21T22:48:10Z,Run,2024-12-21T23:11:17Z,-8.04870116,-34.94708104,148.0,32.0,1.4199999570846558
2024-12-21T22:48:10Z,Run,2024-12-21T23:11:18Z,-8.04869149,-34.94708303,148.0,32.0,1.4199999570846558
2024-12-21T22:48:10Z,Run,2024-12-21T23:11:19Z,-8.04868449,-34.94708703,144.0,32.0,1.4199999570846558
2024-12-21T22:48:10Z,Run,2024-12-21T23:11:20Z,-8.04868049,-34.9470947,142.0,32.0,1.4199999570846558
2024-12-21T22:48:10Z,Run,2024-12-21T23:11:21Z,-8.04867883,-34.94710469,141.0,32.0,1.4199999570846558
2024-12-21T22:48:10Z,Run,2024-12-21T23:11:22Z,-8.04867883,-34.94711469,142.0,32.0,1.409999966621399
2024-12-21T22:48:10Z,Run,2024-12-21T23:11:23Z,-8.04867983,-34.94712234,142.0,32.0,1.409999966621399
2024-12-21T22:48:10Z,Run,2024-12-21T23:11:25Z,-8.04868716,-34.94714701,144.0,64.0,1.399999976158142
2024-12-21T22:48:10Z,Run,2024-12-21T23:11:26Z,-8.04868815,-34.94714934,145.0,64.0,1.3899999856948853
2024-12-21T22:48:10Z,Run,2024-12-21T23:11:27Z,-8.04868981,-34.94715401,144.0,63.0,1.3799999952316284
2024-12-21T22:48:10Z,Run,2024-12-21T23:11:28Z,-8.04869214,-34.947162,144.0,64.0,1.3799999952316284
2024-12-21T22:48:10Z,Run,2024-12-21T23:11:29Z,-8.04869579,-34.94717033,143.0,64.0,1.3700000047683716
2024-12-21T22:48:10Z,Run,2024-12-21T23:11:30Z,-8.04870246,-34.947178,143.0,64.0,1.3700000047683716
2024-12-21T22:48:10Z,Run,2024-12-21T23:11:31Z,-8.04871112,-34.94718533,140.0,63.0,1.3600000143051147
2024-12-21T22:48:10Z,Run,2024-12-21T23:11:32Z,-8.04872012,-34.94719132,140.0,63.0,1.350000023841858
2024-12-21T22:48:10Z,Run,2024-12-21T23:11:33Z,-8.04873011,-34.94719632,140.0,63.0,1.350000023841858
2024-12-21T22:48:10Z,Run,2024-12-21T23:11:34Z,-8.04874044,-34.94720131,140.0,63.0,1.340000033378601
2024-12-21T22:48:10Z,Run,2024-12-21T23:11:35Z,-8.04875176,-34.94720598,140.0,63.0,1.340000033378601
2024-12-21T22:48:10Z,Run,2024-12-21T23:11:36Z,-8.04876342,-34.94720897,140.0,63.0,1.340000033378601
2024-12-21T22:48:10Z,Run,2024-12-21T23:11:37Z,-8.04877775,-34.94721364,140.0,63.0,1.3300000429153442
2024-12-21T22:48:10Z,Run,2024-12-21T23:11:38Z,-8.04879175,-34.94721864,141.0,63.0,1.3300000429153442
2024-12-21T22:48:10Z,Run,2024-12-21T23:11:39Z,-8.04880474,-34.94722463,141.0,63.0,1.3300000429153442
2024-12-21T22:48:10Z,Run,2024-12-21T23:11:40Z,-8.04881808,-34.94723128,141.0,63.0,1.3300000429153442
2024-12-21T22:48:10Z,Run,2024-12-21T23:11:41Z,-8.04883073,-34.94723695,142.0,63.0,1.3300000429153442
2024-12-21T22:48:10Z,Run,2024-12-21T23:11:42Z,-8.04884272,-34.94724228,142.0,63.0,1.3300000429153442
2024-12-21T22:48:10Z,Run,2024-12-21T23:11:43Z,-8.04885439,-34.94724861,143.0,63.0,1.340000033378601
2024-12-21T22:48:10Z,Run,2024-12-21T23:11:44Z,-8.04886438,-34.94725561,143.0,63.0,1.340000033378601
2024-12-21T22:48:10Z,Run,2024-12-21T23:11:45Z,-8.04887405,-34.94726361,143.0,63.0,1.340000033378601
2024-12-21T22:48:10Z,Run,2024-12-21T23:11:46Z,-8.04888304,-34.94727226,143.0,63.0,1.340000033378601
2024-12-21T22:48:10Z,Run,2024-12-21T23:11:47Z,-8.04889204,-34.94728092,142.0,63.0,1.350000023841858
2024-12-21T22:48:10Z,Run,2024-12-21T23:11:48Z,-8.04890169,-34.94728824,142.0,63.0,1.350000023841858
2024-12-21T22:48:10Z,Run,2024-12-21T23:11:49Z,-8.04891336,-34.94729558,142.0,63.0,1.350000023841858
2024-12-21T22:48:10Z,Run,2024-12-21T23:11:50Z,-8.04892535,-34.94730358,142.0,63.0,1.350000023841858
2024-12-21T22:48:10Z,Run,2024-12-21T23:11:51Z,-8.04893834,-34.94731158,142.0,63.0,1.350000023841858
2024-12-21T22:48:10Z,Run,2024-12-21T23:11:52Z,-8.04895101,-34.94731823,142.0,64.0,1.350000023841858
2024-12-21T22:48:10Z,Run,2024-12-21T23:11:53Z,-8.04896334,-34.9473259,142.0,64.0,1.350000023841858
2024-12-21T22:48:10Z,Run,2024-12-21T23:11:54Z,-8.048975,-34.94733489,142.0,64.0,1.350000023841858
2024-12-21T22:48:10Z,Run,2024-12-21T23:11:55Z,-8.04898533,-34.94734589,142.0,64.0,1.350000023841858
2024-12-21T22:48:10Z,Run,2024-12-21T23:11:56Z,-8.04899465,-34.94735721,142.0,63.0,1.3600000143051147
2024-12-21T22:48:10Z,Run,2024-12-21T23:11:57Z,-8.04900299,-34.9473672,142.0,62.0,1.3600000143051147
2024-12-21T22:48:10Z,Run,2024-12-21T23:11:58Z,-8.04901132,-34.94737654,142.0,62.0,1.3700000047683716
2024-12-21T22:48:10Z,Run,2024-12-21T23:11:59Z,-8.04901965,-34.94738586,142.0,62.0,1.3700000047683716
2024-12-21T22:48:10Z,Run,2024-12-21T23:12:00Z,-8.04902764,-34.94739485,142.0,62.0,1.3799999952316284
2024-12-21T22:48:10Z,Run,2024-12-21T23:12:01Z,-8.04903598,-34.94740351,142.0,62.0,1.3799999952316284
2024-12-21T22:48:10Z,Run,2024-12-21T23:12:02Z,-8.04904563,-34.94741216,142.0,62.0,1.3799999952316284
2024-12-21T22:48:10Z,Run,2024-12-21T23:12:03Z,-8.04905529,-34.9474215,143.0,62.0,1.3799999952316284
2024-12-21T22:48:10Z,Run,2024-12-21T23:12:04Z,-8.04906462,-34.94743115,143.0,62.0,1.3899999856948853
2024-12-21T22:48:10Z,Run,2024-12-21T23:12:05Z,-8.04907396,-34.94743949,143.0,62.0,1.3899999856948853
2024-12-21T22:48:10Z,Run,2024-12-21T23:12:06Z,-8.04908429,-34.94744615,143.0,63.0,1.3899999856948853
2024-12-21T22:48:10Z,Run,2024-12-21T23:12:07Z,-8.04909328,-34.94745281,143.0,63.0,1.3899999856948853
2024-12-21T22:48:10Z,Run,2024-12-21T23:12:08Z,-8.04910195,-34.94745947,143.0,63.0,1.3899999856948853
2024-12-21T22:48:10Z,Run,2024-12-21T23:12:09Z,-8.04911194,-34.94746613,143.0,63.0,1.3899999856948853
2024-12-21T22:48:10Z,Run,2024-12-21T23:12:10Z,-8.04912259,-34.94747246,143.0,63.0,1.3899999856948853
2024-12-21T22:48:10Z,Run,2024-12-21T23:12:11Z,-8.04913426,-34.94747746,143.0,63.0,1.3899999856948853
2024-12-21T22:48:10Z,Run,2024-12-21T23:12:12Z,-8.04914625,-34.94748211,142.0,63.0,1.3899999856948853
2024-12-21T22:48:10Z,Run,2024-12-21T23:12:13Z,-8.04915791,-34.94748578,142.0,63.0,1.3899999856948853
2024-12-21T22:48:10Z,Run,2024-12-21T23:12:14Z,-8.04916891,-34.94748944,141.0,63.0,1.3899999856948853
2024-12-21T22:48:10Z,Run,2024-12-21T23:12:15Z,-8.04917924,-34.94749243,140.0,63.0,1.3899999856948853
2024-12-21T22:48:10Z,Run,2024-12-21T23:12:16Z,-8.04918923,-34.94749375,138.0,63.0,1.3899999856948853
2024-12-21T22:48:10Z,Run,2024-12-21T23:12:17Z,-8.04919989,-34.94749475,138.0,63.0,1.3799999952316284
2024-12-21T22:48:10Z,Run,2024-12-21T23:12:18Z,-8.04921089,-34.94749675,139.0,63.0,1.3799999952316284
2024-12-21T22:48:10Z,Run,2024-12-21T23:12:19Z,-8.04922321,-34.94749941,139.0,63.0,1.3799999952316284
2024-12-21T22:48:10Z,Run,2024-12-21T23:12:20Z,-8.04923621,-34.94750174,140.0,63.0,1.3799999952316284
2024-12-21T22:48:10Z,Run,2024-12-21T23:12:21Z,-8.04924953,-34.94750407,140.0,63.0,1.3799999952316284
2024-12-21T22:48:10Z,Run,2024-12-21T23:12:22Z,-8.04926186,-34.94750706,140.0,63.0,1.3700000047683716
2024-12-21T22:48:10Z,Run,2024-12-21T23:12:23Z,-8.04927486,-34.94751005,140.0,63.0,1.3700000047683716
2024-12-21T22:48:10Z,Run,2024-12-21T23:12:24Z,-8.04928851,-34.94751272,140.0,63.0,1.3700000047683716
2024-12-21T22:48:10Z,Run,2024-12-21T23:12:25Z,-8.04930218,-34.94751505,140.0,63.0,1.3700000047683716
2024-12-21T22:48:10Z,Run,2024-12-21T23:12:26Z,-8.0493155,-34.94751772,139.0,63.0,1.3700000047683716
2024-12-21T22:48:10Z,Run,2024-12-21T23:12:27Z,-8.04932849,-34.94752071,140.0,63.0,1.3700000047683716
2024-12-21T22:48:10Z,Run,2024-12-21T23:12:28Z,-8.04934048,-34.94752304,140.0,63.0,1.3700000047683716
2024-12-21T22:48:10Z,Run,2024-12-21T23:12:29Z,-8.04935247,-34.9475247,140.0,63.0,1.3700000047683716
2024-12-21T22:48:10Z,Run,2024-12-21T23:12:30Z,-8.04936246,-34.94752637,141.0,63.0,1.3700000047683716
2024-12-21T22:48:10Z,Run,2024-12-21T23:12:31Z,-8.04937246,-34.94752702,141.0,63.0,1.3700000047683716
2024-12-21T22:48:10Z,Run,2024-12-21T23:12:32Z,-8.04938312,-34.94752836,140.0,63.0,1.3700000047683716
2024-12-21T22:48:10Z,Run,2024-12-21T23:12:33Z,-8.04939478,-34.94753001,140.0,64.0,1.3700000047683716
2024-12-21T22:48:10Z,Run,2024-12-21T23:12:34Z,-8.0494061,-34.94753101,140.0,64.0,1.3700000047683716
2024-12-21T22:48:10Z,Run,2024-12-21T23:12:35Z,-8.04941777,-34.947533,140.0,64.0,1.3700000047683716
2024-12-21T22:48:10Z,Run,2024-12-21T23:12:36Z,-8.04942876,-34.947534,140.0,64.0,1.3700000047683716
2024-12-21T22:48:10Z,Run,2024-12-21T23:12:37Z,-8.04944009,-34.94753533,140.0,64.0,1.3700000047683716
2024-12-21T22:48:10Z,Run,2024-12-21T23:12:38Z,-8.04945208,-34.94753467,140.0,64.0,1.3700000047683716
2024-12-21T22:48:10Z,Run,2024-12-21T23:12:39Z,-8.04946407,-34.94753368,141.0,63.0,1.3700000047683716
2024-12-21T22:48:10Z,Run,2024-12-21T23:12:40Z,-8.04947573,-34.94753069,141.0,63.0,1.3600000143051147
2024-12-21T22:48:10Z,Run,2024-12-21T23:12:41Z,-8.04948873,-34.94752602,141.0,65.0,1.3600000143051147
2024-12-21T22:48:10Z,Run,2024-12-21T23:12:42Z,-8.04950273,-34.94752203,141.0,65.0,1.3600000143051147
2024-12-21T22:48:10Z,Run,2024-12-21T23:12:43Z,-8.04951772,-34.94751837,141.0,65.0,1.3600000143051147
2024-12-21T22:48:10Z,Run,2024-12-21T23:12:44Z,-8.04953204,-34.94751637,141.0,61.0,1.3600000143051147
2024-12-21T22:48:10Z,Run,2024-12-21T23:12:45Z,-8.04954537,-34.94751471,142.0,61.0,1.3600000143051147
2024-12-21T22:48:10Z,Run,2024-12-21T23:12:46Z,-8.04955836,-34.94751372,143.0,61.0,1.3600000143051147
2024-12-21T22:48:10Z,Run,2024-12-21T23:12:47Z,-8.04957202,-34.94751239,144.0,63.0,1.3600000143051147
2024-12-21T22:48:10Z,Run,2024-12-21T23:12:48Z,-8.04958502,-34.94751206,144.0,63.0,1.3600000143051147
2024-12-21T22:48:10Z,Run,2024-12-21T23:12:49Z,-8.04959868,-34.94751239,144.0,63.0,1.3600000143051147
2024-12-21T22:48:10Z,Run,2024-12-21T23:12:50Z,-8.04961168,-34.94751439,145.0,63.0,1.3600000143051147
2024-12-21T22:48:10Z,Run,2024-12-21T23:12:51Z,-8.049624,-34.94751904,145.0,63.0,1.399999976158142
2024-12-21T22:48:10Z,Run,2024-12-21T23:12:52Z,-8.04963867,-34.94752304,144.0,63.0,1.4299999475479126
2024-12-21T22:48:10Z,Run,2024-12-21T23:12:53Z,-8.04965533,-34.94752538,144.0,63.0,1.4199999570846558
2024-12-21T22:48:10Z,Run,2024-12-21T23:12:54Z,-8.04967367,-34.9475267,143.0,63.0,1.440000057220459
2024-12-21T22:48:10Z,Run,2024-12-21T23:12:55Z,-8.04969499,-34.94752736,143.0,63.0,1.440000057220459
2024-12-21T22:48:10Z,Run,2024-12-21T23:12:56Z,-8.04971732,-34.94752637,142.0,63.0,1.4700000286102295
2024-12-21T22:48:10Z,Run,2024-12-21T23:12:57Z,-8.04974098,-34.94752437,142.0,63.0,1.559999942779541
2024-12-21T22:48:10Z,Run,2024-12-21T23:12:58Z,-8.04976531,-34.9475217,142.0,63.0,1.8300000429153442
2024-12-21T22:48:10Z,Run,2024-12-21T23:12:59Z,-8.04979031,-34.94751838,142.0,63.0,2.119999885559082
2024-12-21T22:48:10Z,Run,2024-12-21T23:13:00Z,-8.04981697,-34.94751604,143.0,63.0,2.2699999809265137
2024-12-21T22:48:10Z,Run,2024-12-21T23:13:01Z,-8.0498453,-34.94751572,143.0,63.0,2.2699999809265137
2024-12-21T22:48:10Z,Run,2024-12-21T23:13:02Z,-8.0498733,-34.94751705,142.0,88.0,2.3499999046325684
2024-12-21T22:48:10Z,Run,2024-12-21T23:13:03Z,-8.04989996,-34.94751871,143.0,88.0,2.4200000762939453
2024-12-21T22:48:10Z,Run,2024-12-21T23:13:04Z,-8.04992696,-34.94751938,143.0,88.0,2.509999990463257
2024-12-21T22:48:10Z,Run,2024-12-21T23:13:05Z,-8.04995462,-34.94752137,142.0,88.0,2.619999885559082
2024-12-21T22:48:10Z,Run,2024-12-21T23:13:06Z,-8.04998361,-34.94752402,141.0,88.0,2.7200000286102295
2024-12-21T22:48:10Z,Run,2024-12-21T23:13:07Z,-8.05001361,-34.94752769,141.0,88.0,2.7200000286102295
2024-12-21T22:48:10Z,Run,2024-12-21T23:13:08Z,-8.05004326,-34.94753001,139.0,88.0,2.7699999809265137
2024-12-21T22:48:10Z,Run,2024-12-21T23:13:09Z,-8.05007226,-34.94753368,138.0,88.0,2.7899999618530273
2024-12-21T22:48:10Z,Run,2024-12-21T23:13:10Z,-8.05010159,-34.947537,138.0,88.0,2.8299999237060547
2024-12-21T22:48:10Z,Run,2024-12-21T23:13:11Z,-8.05012991,-34.94753934,136.0,89.0,2.890000104904175
2024-12-21T22:48:10Z,Run,2024-12-21T23:13:12Z,-8.05015723,-34.94754133,136.0,90.0,2.940000057220459
2024-12-21T22:48:10Z,Run,2024-12-21T23:13:13Z,-8.05018356,-34.94754233,136.0,90.0,2.940000057220459
2024-12-21T22:48:10Z,Run,2024-12-21T23:13:14Z,-8.05021122,-34.94754265,135.0,90.0,2.9600000381469727
2024-12-21T22:48:10Z,Run,2024-12-21T23:13:15Z,-8.05023822,-34.94754331,135.0,90.0,2.9600000381469727
2024-12-21T22:48:10Z,Run,2024-12-21T23:13:16Z,-8.05026388,-34.94754696,135.0,90.0,2.940000057220459
2024-12-21T22:48:10Z,Run,2024-12-21T23:13:17Z,-8.05028754,-34.9475523,135.0,89.0,2.9000000953674316
2024-12-21T22:48:10Z,Run,2024-12-21T23:13:18Z,-8.0503112,-34.94755763,135.0,89.0,2.859999895095825
2024-12-21T22:48:10Z,Run,2024-12-21T23:13:19Z,-8.05033519,-34.94756095,135.0,89.0,2.859999895095825
2024-12-21T22:48:10Z,Run,2024-12-21T23:13:20Z,-8.05036019,-34.94756329,136.0,90.0,2.819999933242798
2024-12-21T22:48:10Z,Run,2024-12-21T23:13:21Z,-8.05038452,-34.94756329,135.0,90.0,2.7799999713897705
2024-12-21T22:48:10Z,Run,2024-12-21T23:13:22Z,-8.05040885,-34.94756263,135.0,90.0,2.7300000190734863
2024-12-21T22:48:10Z,Run,2024-12-21T23:13:23Z,-8.05043352,-34.94756231,134.0,89.0,2.6700000762939453
2024-12-21T22:48:10Z,Run,2024-12-21T23:13:24Z,-8.05045952,-34.94756165,134.0,89.0,2.640000104904175
2024-12-21T22:48:10Z,Run,2024-12-21T23:13:25Z,-8.05048684,-34.94756165,134.0,89.0,2.640000104904175
2024-12-21T22:48:10Z,Run,2024-12-21T23:13:26Z,-8.05051416,-34.94756364,133.0,89.0,2.640000104904175
2024-12-21T22:48:10Z,Run,2024-12-21T23:13:27Z,-8.05053982,-34.94756731,133.0,90.0,2.6500000953674316
2024-12-21T22:48:10Z,Run,2024-12-21T23:13:28Z,-8.05056449,-34.94757196,133.0,90.0,2.6700000762939453
2024-12-21T22:48:10Z,Run,2024-12-21T23:13:29Z,-8.05058749,-34.9475773,134.0,90.0,2.690000057220459
2024-12-21T22:48:10Z,Run,2024-12-21T23:13:30Z,-8.05061214,-34.9475813,133.0,90.0,2.690000057220459
2024-12-21T22:48:10Z,Run,2024-12-21T23:13:31Z,-8.05063913,-34.94758429,131.0,89.0,2.690000057220459
2024-12-21T22:48:10Z,Run,2024-12-21T23:13:32Z,-8.05066547,-34.94758694,131.0,89.0,2.690000057220459
2024-12-21T22:48:10Z,Run,2024-12-21T23:13:33Z,-8.05069046,-34.94759193,129.0,90.0,2.690000057220459
2024-12-21T22:48:10Z,Run,2024-12-21T23:13:34Z,-8.05071378,-34.94759927,128.0,90.0,2.700000047683716
2024-12-21T22:48:10Z,Run,2024-12-21T23:13:35Z,-8.05073644,-34.94760592,127.0,89.0,2.700000047683716
2024-12-21T22:48:10Z,Run,2024-12-21T23:13:36Z,-8.05076044,-34.94761092,127.0,90.0,2.700000047683716
2024-12-21T22:48:10Z,Run,2024-12-21T23:13:37Z,-8.05078644,-34.94761559,124.0,90.0,2.700000047683716
2024-12-21T22:48:10Z,Run,2024-12-21T23:13:38Z,-8.05081309,-34.94761958,124.0,90.0,2.700000047683716
2024-12-21T22:48:10Z,Run,2024-12-21T23:13:39Z,-8.05083875,-34.9476229,123.0,90.0,2.700000047683716
2024-12-21T22:48:10Z,Run,2024-12-21T23:13:40Z,-8.05086308,-34.94762724,123.0,90.0,2.700000047683716
2024-12-21T22:48:10Z,Run,2024-12-21T23:13:40Z,-8.05088707,-34.94763156,123.0,90.0,2.700000047683716
2024-12-21T22:48:10Z,Run,2024-12-21T23:13:41Z,-8.05090906,-34.94763523,123.0,90.0,2.700000047683716
2024-12-21T22:48:10Z,Run,2024-12-21T23:13:42Z,-8.0509324,-34.94763955,122.0,90.0,2.700000047683716
2024-12-21T22:48:10Z,Run,2024-12-21T23:13:43Z,-8.05095772,-34.94764554,122.0,90.0,2.700000047683716
2024-12-21T22:48:10Z,Run,2024-12-21T23:13:44Z,-8.05098239,-34.94765121,122.0,91.0,2.7100000381469727
2024-12-21T22:48:10Z,Run,2024-12-21T23:13:45Z,-8.05100872,-34.94765521,122.0,90.0,2.7100000381469727
2024-12-21T22:48:10Z,Run,2024-12-21T23:13:46Z,-8.05103805,-34.9476562,122.0,90.0,2.7100000381469727
2024-12-21T22:48:10Z,Run,2024-12-21T23:13:47Z,-8.05106738,-34.9476562,122.0,90.0,2.7100000381469727
2024-12-21T22:48:10Z,Run,2024-12-21T23:13:48Z,-8.05109603,-34.94765686,122.0,90.0,2.7100000381469727
2024-12-21T22:48:10Z,Run,2024-12-21T23:13:49Z,-8.05112337,-34.94765719,122.0,90.0,2.7100000381469727
2024-12-21T22:48:10Z,Run,2024-12-21T23:13:50Z,-8.05115069,-34.94765751,123.0,90.0,2.7100000381469727
2024-12-21T22:48:10Z,Run,2024-12-21T23:13:51Z,-8.05117868,-34.94765719,123.0,90.0,2.7200000286102295
2024-12-21T22:48:10Z,Run,2024-12-21T23:13:52Z,-8.05120468,-34.94765918,123.0,89.0,2.7300000190734863
2024-12-21T22:48:10Z,Run,2024-12-21T23:13:53Z,-8.05122901,-34.94766418,122.0,89.0,2.7300000190734863
2024-12-21T22:48:10Z,Run,2024-12-21T23:13:54Z,-8.05125268,-34.94767017,121.0,90.0,2.75
2024-12-21T22:48:10Z,Run,2024-12-21T23:13:55Z,-8.05127534,-34.94767783,121.0,90.0,2.75
2024-12-21T22:48:10Z,Run,2024-12-21T23:13:56Z,-8.05129666,-34.94768449,121.0,92.0,2.759999990463257
2024-12-21T22:48:10Z,Run,2024-12-21T23:13:57Z,-8.05131799,-34.94769116,121.0,92.0,2.759999990463257
2024-12-21T22:48:10Z,Run,2024-12-21T23:13:58Z,-8.05134098,-34.94769781,121.0,92.0,2.7699999809265137
2024-12-21T22:48:10Z,Run,2024-12-21T23:13:59Z,-8.05136598,-34.94770215,121.0,90.0,2.7699999809265137
2024-12-21T22:48:10Z,Run,2024-12-21T23:14:00Z,-8.05139398,-34.94770514,121.0,90.0,2.7699999809265137
2024-12-21T22:48:10Z,Run,2024-12-21T23:14:01Z,-8.05142431,-34.94770646,121.0,90.0,2.7699999809265137
2024-12-21T22:48:10Z,Run,2024-12-21T23:14:02Z,-8.05145264,-34.94770745,123.0,90.0,2.759999990463257
2024-12-21T22:48:10Z,Run,2024-12-21T23:14:03Z,-8.05147896,-34.94770778,124.0,90.0,2.759999990463257
2024-12-21T22:48:10Z,Run,2024-12-21T23:14:04Z,-8.05150496,-34.94770844,125.0,90.0,2.759999990463257
2024-12-21T22:48:10Z,Run,2024-12-21T23:14:05Z,-8.05152996,-34.94770943,125.0,90.0,2.759999990463257
2024-12-21T22:48:10Z,Run,2024-12-21T23:14:06Z,-8.05155362,-34.9477121,125.0,90.0,2.759999990463257
2024-12-21T22:48:10Z,Run,2024-12-21T23:14:07Z,-8.05157761,-34.94771575,125.0,90.0,2.759999990463257
2024-12-21T22:48:10Z,Run,2024-12-21T23:14:08Z,-8.05159994,-34.94771975,124.0,90.0,2.759999990463257
2024-12-21T22:48:10Z,Run,2024-12-21T23:14:09Z,-8.05162161,-34.94772308,124.0,91.0,2.7699999809265137
2024-12-21T22:48:10Z,Run,2024-12-21T23:14:10Z,-8.05164328,-34.94772573,125.0,91.0,2.7699999809265137
2024-12-21T22:48:10Z,Run,2024-12-21T23:14:11Z,-8.05166561,-34.94772807,125.0,91.0,2.759999990463257
2024-12-21T22:48:10Z,Run,2024-12-21T23:14:12Z,-8.0516876,-34.94773072,125.0,91.0,2.759999990463257
2024-12-21T22:48:10Z,Run,2024-12-21T23:14:13Z,-8.05170993,-34.94773405,125.0,91.0,2.759999990463257
2024-12-21T22:48:10Z,Run,2024-12-21T23:14:14Z,-8.05173327,-34.94773804,125.0,91.0,2.75
2024-12-21T22:48:10Z,Run,2024-12-21T23:14:15Z,-8.05175626,-34.94774237,125.0,91.0,2.740000009536743
2024-12-21T22:48:10Z,Run,2024-12-21T23:14:16Z,-8.05177726,-34.94774704,126.0,90.0,2.740000009536743
2024-12-21T22:48:10Z,Run,2024-12-21T23:14:17Z,-8.05180159,-34.94775336,126.0,90.0,2.7300000190734863
2024-12-21T22:48:10Z,Run,2024-12-21T23:14:18Z,-8.05182491,-34.94776235,126.0,90.0,2.7300000190734863
2024-12-21T22:48:10Z,Run,2024-12-21T23:14:19Z,-8.05184591,-34.94777568,126.0,90.0,2.7300000190734863
2024-12-21T22:48:10Z,Run,2024-12-21T23:14:20Z,-8.05186358,-34.94779267,125.0,90.0,2.7300000190734863
2024-12-21T22:48:10Z,Run,2024-12-21T23:14:21Z,-8.0518769,-34.947813,125.0,90.0,2.7200000286102295
2024-12-21T22:48:10Z,Run,2024-12-21T23:14:22Z,-8.05188756,-34.94783533,124.0,90.0,2.7200000286102295
2024-12-21T22:48:10Z,Run,2024-12-21T23:14:23Z,-8.05189255,-34.94786199,124.0,89.0,2.7200000286102295
2024-12-21T22:48:10Z,Run,2024-12-21T23:14:24Z,-8.05189588,-34.94788731,124.0,89.0,2.7100000381469727
2024-12-21T22:48:10Z,Run,2024-12-21T23:14:25Z,-8.05189754,-34.94791331,124.0,89.0,2.7100000381469727
2024-12-21T22:48:10Z,Run,2024-12-21T23:14:26Z,-8.05189821,-34.94793997,123.0,89.0,2.7100000381469727
2024-12-21T22:48:10Z,Run,2024-12-21T23:14:27Z,-8.05189687,-34.94796797,123.0,90.0,2.7100000381469727
2024-12-21T22:48:10Z,Run,2024-12-21T23:14:28Z,-8.05189488,-34.94799629,123.0,89.0,2.7100000381469727
2024-12-21T22:48:10Z,Run,2024-12-21T23:14:29Z,-8.05189255,-34.94802596,122.0,89.0,2.7100000381469727
2024-12-21T22:48:10Z,Run,2024-12-21T23:14:30Z,-8.05188889,-34.94805428,122.0,88.0,2.7200000286102295
2024-12-21T22:48:10Z,Run,2024-12-21T23:14:31Z,-8.05188524,-34.94808228,122.0,88.0,2.7200000286102295
2024-12-21T22:48:10Z,Run,2024-12-21T23:14:32Z,-8.05188057,-34.94810927,120.0,89.0,2.7200000286102295
2024-12-21T22:48:10Z,Run,2024-12-21T23:14:33Z,-8.05187691,-34.94813594,119.0,89.0,2.7300000190734863
2024-12-21T22:48:10Z,Run,2024-12-21T23:14:34Z,-8.05187459,-34.94816293,119.0,88.0,2.7300000190734863
2024-12-21T22:48:10Z,Run,2024-12-21T23:14:35Z,-8.05187226,-34.94818859,119.0,89.0,2.7300000190734863
2024-12-21T22:48:10Z,Run,2024-12-21T23:14:36Z,-8.05186959,-34.94821325,119.0,88.0,2.740000009536743
2024-12-21T22:48:10Z,Run,2024-12-21T23:14:37Z,-8.05186727,-34.94823792,119.0,88.0,2.740000009536743
2024-12-21T22:48:10Z,Run,2024-12-21T23:14:38Z,-8.05186428,-34.94826192,119.0,88.0,2.740000009536743
2024-12-21T22:48:10Z,Run,2024-12-21T23:14:39Z,-8.05186161,-34.94828624,119.0,89.0,2.740000009536743
2024-12-21T22:48:10Z,Run,2024-12-21T23:14:40Z,-8.05185761,-34.94831024,119.0,89.0,2.740000009536743
2024-12-21T22:48:10Z,Run,2024-12-21T23:14:41Z,-8.05185329,-34.94833356,119.0,89.0,2.740000009536743
2024-12-21T22:48:10Z,Run,2024-12-21T23:14:42Z,-8.0518483,-34.94835655,119.0,89.0,2.740000009536743
2024-12-21T22:48:10Z,Run,2024-12-21T23:14:43Z,-8.0518443,-34.94838122,119.0,89.0,2.740000009536743
2024-12-21T22:48:10Z,Run,2024-12-21T23:14:44Z,-8.05184064,-34.94840555,119.0,88.0,2.7300000190734863
2024-12-21T22:48:10Z,Run,2024-12-21T23:14:45Z,-8.05183864,-34.94842921,119.0,88.0,2.7300000190734863
2024-12-21T22:48:10Z,Run,2024-12-21T23:14:46Z,-8.05183598,-34.94845187,119.0,88.0,2.7300000190734863
2024-12-21T22:48:10Z,Run,2024-12-21T23:14:47Z,-8.05183398,-34.94847287,119.0,88.0,2.7300000190734863
2024-12-21T22:48:10Z,Run,2024-12-21T23:16:01Z,-8.05183133,-34.94854452,121.0,,2.7300000190734863
2024-12-21T22:48:10Z,Run,2024-12-21T23:16:02Z,-8.05183365,-34.94855019,121.0,,2.7300000190734863
2024-12-21T22:48:10Z,Run,2024-12-21T23:16:03Z,-8.05183965,-34.94856185,121.0,,2.7300000190734863
2024-12-21T22:48:10Z,Run,2024-12-21T23:16:04Z,-8.05184798,-34.94857818,124.0,,0.0
2024-12-21T22:48:10Z,Run,2024-12-21T23:16:05Z,-8.05185597,-34.94859817,126.0,,0.0
2024-12-21T22:48:10Z,Run,2024-12-21T23:16:06Z,-8.05186231,-34.94862083,127.0,88.0,0.0
2024-12-21T22:48:10Z,Run,2024-12-21T23:16:07Z,-8.05186796,-34.94864516,130.0,89.0,0.0
2024-12-21T22:48:10Z,Run,2024-12-21T23:16:08Z,-8.05187162,-34.94867182,130.0,89.0,0.0
2024-12-21T22:48:10Z,Run,2024-12-21T23:16:09Z,-8.05187362,-34.94869915,132.0,89.0,0.0
2024-12-21T22:48:10Z,Run,2024-12-21T23:16:10Z,-8.05187494,-34.94872715,132.0,89.0,0.0
2024-12-21T22:48:10Z,Run,2024-12-21T23:16:11Z,-8.05187594,-34.94875415,134.0,88.0,1.2300000190734863
2024-12-21T22:48:10Z,Run,2024-12-21T23:16:12Z,-8.05187561,-34.94877981,135.0,89.0,2.549999952316284
2024-12-21T22:48:10Z,Run,2024-12-21T23:16:13Z,-8.05187228,-34.9488058,136.0,88.0,2.6600000858306885
2024-12-21T22:48:10Z,Run,2024-12-21T23:16:14Z,-8.05187028,-34.94883279,138.0,88.0,2.7100000381469727
2024-12-21T22:48:10Z,Run,2024-12-21T23:16:15Z,-8.05186529,-34.94886112,138.0,88.0,2.7100000381469727
2024-12-21T22:48:10Z,Run,2024-12-21T23:16:16Z,-8.0518593,-34.94888778,138.0,88.0,2.740000009536743
2024-12-21T22:48:10Z,Run,2024-12-21T23:16:17Z,-8.05185463,-34.94891578,138.0,88.0,2.7799999713897705
2024-12-21T22:48:10Z,Run,2024-12-21T23:16:18Z,-8.05185031,-34.94894243,138.0,88.0,2.8399999141693115
2024-12-21T22:48:10Z,Run,2024-12-21T23:16:19Z,-8.05184897,-34.94896877,137.0,88.0,2.8499999046325684
2024-12-21T22:48:10Z,Run,2024-12-21T23:16:20Z,-8.05184964,-34.94899476,138.0,88.0,2.8399999141693115
2024-12-21T22:48:10Z,Run,2024-12-21T23:16:21Z,-8.05185231,-34.94901976,138.0,88.0,2.8399999141693115
2024-12-21T22:48:10Z,Run,2024-12-21T23:16:22Z,-8.05185697,-34.94904176,138.0,89.0,2.8499999046325684
2024-12-21T22:48:10Z,Run,2024-12-21T23:16:23Z,-8.0518643,-34.94906409,137.0,88.0,2.8499999046325684
2024-12-21T22:48:10Z,Run,2024-12-21T23:16:24Z,-8.05187463,-34.94908376,138.0,88.0,2.8299999237060547
2024-12-21T22:48:10Z,Run,2024-12-21T23:16:25Z,-8.05188729,-34.94910141,138.0,88.0,2.7799999713897705
2024-12-21T22:48:10Z,Run,2024-12-21T23:16:26Z,-8.05190262,-34.9491164,139.0,88.0,2.7300000190734863
2024-12-21T22:48:10Z,Run,2024-12-21T23:16:27Z,-8.05192029,-34.9491284,139.0,88.0,2.7300000190734863
2024-12-21T22:48:10Z,Run,2024-12-21T23:16:28Z,-8.05194029,-34.94913739,141.0,88.0,2.6700000762939453
2024-12-21T22:48:10Z,Run,2024-12-21T23:16:29Z,-8.05196028,-34.94914405,140.0,89.0,2.5899999141693115
2024-12-21T22:48:10Z,Run,2024-12-21T23:16:30Z,-8.05198028,-34.94914672,140.0,89.0,2.549999952316284
2024-12-21T22:48:10Z,Run,2024-12-21T23:16:31Z,-8.05200027,-34.94914472,138.0,89.0,2.509999990463257
2024-12-21T22:48:10Z,Run,2024-12-21T23:16:32Z,-8.05201792,-34.94914073,137.0,89.0,2.4800000190734863
2024-12-21T22:48:10Z,Run,2024-12-21T23:16:33Z,-8.05203659,-34.94913539,137.0,89.0,2.4800000190734863
2024-12-21T22:48:10Z,Run,2024-12-21T23:16:34Z,-8.05205759,-34.94913006,136.0,88.0,2.450000047683716
2024-12-21T22:48:10Z,Run,2024-12-21T23:16:35Z,-8.05207891,-34.94912707,136.0,88.0,2.430000066757202
2024-12-21T22:48:10Z,Run,2024-12-21T23:16:36Z,-8.05209925,-34.9491284,136.0,88.0,2.430000066757202
2024-12-21T22:48:10Z,Run,2024-12-21T23:16:37Z,-8.05211791,-34.94913407,136.0,88.0,2.4200000762939453
2024-12-21T22:48:10Z,Run,2024-12-21T23:16:38Z,-8.05213424,-34.94914506,135.0,88.0,2.4000000953674316
2024-12-21T22:48:10Z,Run,2024-12-21T23:16:39Z,-8.0521479,-34.94915906,135.0,88.0,2.4000000953674316
2024-12-21T22:48:10Z,Run,2024-12-21T23:16:40Z,-8.05215824,-34.94917506,137.0,88.0,2.380000114440918
2024-12-21T22:48:10Z,Run,2024-12-21T23:16:41Z,-8.05216589,-34.94919373,137.0,88.0,2.359999895095825
2024-12-21T22:48:10Z,Run,2024-12-21T23:16:42Z,-8.05217023,-34.94921472,137.0,88.0,2.359999895095825
2024-12-21T22:48:10Z,Run,2024-12-21T23:16:43Z,-8.05217255,-34.94923638,137.0,87.0,2.359999895095825
2024-12-21T22:48:10Z,Run,2024-12-21T23:16:44Z,-8.05217387,-34.94925872,137.0,88.0,2.359999895095825
2024-12-21T22:48:10Z,Run,2024-12-21T23:16:45Z,-8.05217355,-34.94928072,137.0,88.0,2.359999895095825
2024-12-21T22:48:10Z,Run,2024-12-21T23:16:46Z,-8.05217387,-34.94930471,138.0,88.0,2.3499999046325684
2024-12-21T22:48:10Z,Run,2024-12-21T23:16:47Z,-8.05217355,-34.94932904,139.0,88.0,2.3499999046325684
2024-12-21T22:48:10Z,Run,2024-12-21T23:16:48Z,-8.05217322,-34.94935371,140.0,89.0,2.3499999046325684
2024-12-21T22:48:10Z,Run,2024-12-21T23:16:49Z,-8.05217289,-34.94938003,140.0,88.0,2.3499999046325684
2024-12-21T22:48:10Z,Run,2024-12-21T23:16:50Z,-8.05217123,-34.94940503,140.0,88.0,2.359999895095825
2024-12-21T22:48:10Z,Run,2024-12-21T23:16:51Z,-8.05216856,-34.94942936,140.0,88.0,2.359999895095825
2024-12-21T22:48:10Z,Run,2024-12-21T23:16:52Z,-8.0521659,-34.94945335,140.0,89.0,2.369999885559082
2024-12-21T22:48:10Z,Run,2024-12-21T23:16:53Z,-8.0521639,-34.94947668,140.0,88.0,2.380000114440918
2024-12-21T22:48:10Z,Run,2024-12-21T23:16:54Z,-8.0521619,-34.94950034,140.0,88.0,2.390000104904175
2024-12-21T22:48:10Z,Run,2024-12-21T23:16:55Z,-8.05215958,-34.94952568,139.0,88.0,2.4000000953674316
2024-12-21T22:48:10Z,Run,2024-12-21T23:16:56Z,-8.05215791,-34.94954933,138.0,88.0,2.4000000953674316
2024-12-21T22:48:10Z,Run,2024-12-21T23:16:57Z,-8.05215659,-34.94957333,138.0,88.0,2.4000000953674316
2024-12-21T22:48:10Z,Run,2024-12-21T23:16:58Z,-8.05215659,-34.94959766,136.0,89.0,2.4100000858306885
2024-12-21T22:48:10Z,Run,2024-12-21T23:16:59Z,-8.0521546,-34.94962199,136.0,88.0,2.4200000762939453
2024-12-21T22:48:10Z,Run,2024-12-21T23:17:00Z,-8.0521526,-34.94964632,137.0,87.0,2.430000066757202
2024-12-21T22:48:10Z,Run,2024-12-21T23:17:01Z,-8.05214927,-34.94967065,136.0,89.0,2.440000057220459
2024-12-21T22:48:10Z,Run,2024-12-21T23:17:02Z,-8.0521466,-34.94969465,135.0,88.0,2.450000047683716
2024-12-21T22:48:10Z,Run,2024-12-21T23:17:03Z,-8.05214528,-34.94971864,135.0,88.0,2.450000047683716
2024-12-21T22:48:10Z,Run,2024-12-21T23:17:04Z,-8.05214628,-34.9497433,134.0,88.0,2.4600000381469727
2024-12-21T22:48:10Z,Run,2024-12-21T23:17:05Z,-8.05214727,-34.9497683,134.0,89.0,2.4600000381469727
2024-12-21T22:48:10Z,Run,2024-12-21T23:17:06Z,-8.05214792,-34.94979196,135.0,89.0,2.4700000286102295
2024-12-21T22:48:10Z,Run,2024-12-21T23:17:07Z,-8.05214792,-34.94981496,136.0,89.0,2.4800000190734863
2024-12-21T22:48:10Z,Run,2024-12-21T23:17:08Z,-8.05214792,-34.94983828,137.0,89.0,2.4800000190734863
2024-12-21T22:48:10Z,Run,2024-12-21T23:17:09Z,-8.05214627,-34.94986094,137.0,89.0,2.4800000190734863
2024-12-21T22:48:10Z,Run,2024-12-21T23:17:10Z,-8.05214327,-34.94988393,137.0,89.0,2.490000009536743
2024-12-21T22:48:10Z,Run,2024-12-21T23:17:11Z,-8.05213928,-34.94990593,137.0,89.0,2.5
2024-12-21T22:48:10Z,Run,2024-12-21T23:17:12Z,-8.05213394,-34.94992859,137.0,89.0,2.5
2024-12-21T22:48:10Z,Run,2024-12-21T23:17:13Z,-8.05213095,-34.94995224,138.0,88.0,2.5
2024-12-21T22:48:10Z,Run,2024-12-21T23:17:14Z,-8.05212863,-34.94997624,138.0,89.0,2.5
2024-12-21T22:48:10Z,Run,2024-12-21T23:17:15Z,-8.05212731,-34.94999957,138.0,89.0,2.5
2024-12-21T22:48:10Z,Run,2024-12-21T23:17:16Z,-8.05212531,-34.9500219,140.0,89.0,2.509999990463257
2024-12-21T22:48:10Z,Run,2024-12-21T23:17:17Z,-8.05212298,-34.9500439,139.0,89.0,2.509999990463257
2024-12-21T22:48:10Z,Run,2024-12-21T23:17:18Z,-8.05211998,-34.95006689,138.0,89.0,2.509999990463257
2024-12-21T22:48:10Z,Run,2024-12-21T23:17:19Z,-8.05211833,-34.95009055,138.0,89.0,2.509999990463257
2024-12-21T22:48:10Z,Run,2024-12-21T23:17:20Z,-8.05211533,-34.95011521,138.0,89.0,2.509999990463257
2024-12-21T22:48:10Z,Run,2024-12-21T23:17:21Z,-8.052113,-34.95013955,136.0,89.0,2.509999990463257
2024-12-21T22:48:10Z,Run,2024-12-21T23:17:22Z,-8.05210968,-34.95016455,136.0,89.0,2.509999990463257
2024-12-21T22:48:10Z,Run,2024-12-21T23:17:23Z,-8.05210801,-34.95018955,136.0,89.0,2.509999990463257
2024-12-21T22:48:10Z,Run,2024-12-21T23:17:24Z,-8.05210636,-34.95021387,136.0,90.0,2.509999990463257
2024-12-21T22:48:10Z,Run,2024-12-21T23:17:25Z,-8.05210502,-34.95023854,136.0,90.0,2.5199999809265137
2024-12-21T22:48:10Z,Run,2024-12-21T23:17:26Z,-8.05210403,-34.95026153,137.0,89.0,2.5199999809265137
2024-12-21T22:48:10Z,Run,2024-12-21T23:17:27Z,-8.05210203,-34.95028418,139.0,89.0,2.5299999713897705
2024-12-21T22:48:10Z,Run,2024-12-21T23:17:28Z,-8.05209938,-34.95030717,139.0,89.0,2.5299999713897705
2024-12-21T22:48:10Z,Run,2024-12-21T23:17:29Z,-8.05209638,-34.95032951,139.0,88.0,2.5299999713897705
2024-12-21T22:48:10Z,Run,2024-12-21T23:17:30Z,-8.05209305,-34.95034784,139.0,88.0,2.5299999713897705
2024-12-21T22:48:10Z,Run,2024-12-21T23:17:31Z,-8.05209006,-34.95036917,139.0,88.0,2.5299999713897705
2024-12-21T22:48:10Z,Run,2024-12-21T23:17:32Z,-8.05208773,-34.95039216,139.0,89.0,2.5299999713897705
2024-12-21T22:48:10Z,Run,2024-12-21T23:17:33Z,-8.05208674,-34.95041615,140.0,89.0,2.5299999713897705
2024-12-21T22:48:10Z,Run,2024-12-21T23:17:34Z,-8.05208607,-34.95044181,140.0,89.0,2.5299999713897705
2024-12-21T22:48:10Z,Run,2024-12-21T23:17:35Z,-8.05208542,-34.95046581,141.0,89.0,2.5299999713897705
2024-12-21T22:48:10Z,Run,2024-12-21T23:17:36Z,-8.05208674,-34.95048781,141.0,89.0,2.5299999713897705
2024-12-21T22:48:10Z,Run,2024-12-21T23:17:37Z,-8.05208773,-34.9505098,141.0,89.0,2.5299999713897705
2024-12-21T22:48:10Z,Run,2024-12-21T23:17:38Z,-8.0520884,-34.95053213,141.0,89.0,2.5299999713897705
2024-12-21T22:48:10Z,Run,2024-12-21T23:17:39Z,-8.05208873,-34.95055347,141.0,89.0,2.5299999713897705
2024-12-21T22:48:10Z,Run,2024-12-21T23:17:40Z,-8.0520894,-34.95057547,141.0,89.0,2.5299999713897705
2024-12-21T22:48:10Z,Run,2024-12-21T23:17:41Z,-8.05209072,-34.95059747,140.0,89.0,2.5299999713897705
2024-12-21T22:48:10Z,Run,2024-12-21T23:17:42Z,-8.05209039,-34.9506198,140.0,89.0,2.5299999713897705
2024-12-21T22:48:10Z,Run,2024-12-21T23:17:43Z,-8.05208839,-34.95064346,139.0,89.0,2.5299999713897705
2024-12-21T22:48:10Z,Run,2024-12-21T23:17:44Z,-8.05208772,-34.95066779,139.0,89.0,2.5299999713897705
2024-12-21T22:48:10Z,Run,2024-12-21T23:17:45Z,-8.05208673,-34.95069211,139.0,89.0,2.5299999713897705
2024-12-21T22:48:10Z,Run,2024-12-21T23:17:46Z,-8.05208606,-34.95071611,139.0,89.0,2.5299999713897705
2024-12-21T22:48:10Z,Run,2024-12-21T23:17:47Z,-8.0520844,-34.95074078,138.0,89.0,2.5299999713897705
2024-12-21T22:48:10Z,Run,2024-12-21T23:17:48Z,-8.05208407,-34.9507651,138.0,89.0,2.5299999713897705
2024-12-21T22:48:10Z,Run,2024-12-21T23:17:49Z,-8.05208474,-34.95079044,136.0,89.0,2.5299999713897705
2024-12-21T22:48:10Z,Run,2024-12-21T23:17:50Z,-8.05208674,-34.9508151,136.0,88.0,2.5299999713897705
2024-12-21T22:48:10Z,Run,2024-12-21T23:17:51Z,-8.05208874,-34.95083944,136.0,88.0,2.5299999713897705
2024-12-21T22:48:10Z,Run,2024-12-21T23:17:52Z,-8.05209006,-34.95086209,136.0,88.0,2.5299999713897705
2024-12-21T22:48:10Z,Run,2024-12-21T23:17:53Z,-8.05209172,-34.95088508,135.0,88.0,2.5399999618530273
2024-12-21T22:48:10Z,Run,2024-12-21T23:17:54Z,-8.05209372,-34.95090807,135.0,89.0,2.5399999618530273
2024-12-21T22:48:10Z,Run,2024-12-21T23:17:55Z,-8.05209504,-34.9509314,135.0,89.0,2.549999952316284
2024-12-21T22:48:10Z,Run,2024-12-21T23:17:55Z,-8.05209637,-34.9509534,135.0,89.0,2.549999952316284
2024-12-21T22:48:10Z,Run,2024-12-21T23:17:56Z,-8.05209637,-34.95097605,135.0,89.0,2.549999952316284
2024-12-21T22:48:10Z,Run,2024-12-21T23:17:57Z,-8.05209371,-34.95099772,135.0,89.0,2.549999952316284
2024-12-21T22:48:10Z,Run,2024-12-21T23:17:58Z,-8.05209072,-34.95102005,135.0,89.0,2.549999952316284
2024-12-21T22:48:10Z,Run,2024-12-21T23:17:59Z,-8.05208872,-34.95104138,135.0,89.0,2.559999942779541
2024-12-21T22:48:10Z,Run,2024-12-21T23:18:00Z,-8.05208772,-34.95106304,134.0,89.0,2.559999942779541
2024-12-21T22:48:10Z,Run,2024-12-21T23:18:01Z,-8.05208772,-34.95108471,133.0,89.0,2.559999942779541
2024-12-21T22:48:10Z,Run,2024-12-21T23:18:02Z,-8.05208839,-34.95110671,133.0,89.0,2.559999942779541
2024-12-21T22:48:10Z,Run,2024-12-21T23:18:03Z,-8.05208839,-34.95112937,133.0,89.0,2.559999942779541
2024-12-21T22:48:10Z,Run,2024-12-21T23:18:04Z,-8.05208806,-34.9511517,132.0,89.0,2.559999942779541
2024-12-21T22:48:10Z,Run,2024-12-21T23:18:05Z,-8.05208741,-34.95117403,131.0,89.0,2.549999952316284
2024-12-21T22:48:10Z,Run,2024-12-21T23:18:06Z,-8.05208641,-34.95119769,131.0,89.0,2.549999952316284
2024-12-21T22:48:10Z,Run,2024-12-21T23:18:07Z,-8.05208574,-34.95122101,131.0,89.0,2.549999952316284
2024-12-21T22:48:10Z,Run,2024-12-21T23:18:08Z,-8.05208508,-34.95124501,131.0,89.0,2.549999952316284
2024-12-21T22:48:10Z,Run,2024-12-21T23:18:09Z,-8.05208376,-34.951269,131.0,89.0,2.549999952316284
2024-12-21T22:48:10Z,Run,2024-12-21T23:18:10Z,-8.05208343,-34.95129367,132.0,88.0,2.549999952316284
2024-12-21T22:48:10Z,Run,2024-12-21T23:18:11Z,-8.05208276,-34.95131733,132.0,89.0,2.559999942779541
2024-12-21T22:48:10Z,Run,2024-12-21T23:18:12Z,-8.05208177,-34.95134066,132.0,90.0,2.559999942779541
2024-12-21T22:48:10Z,Run,2024-12-21T23:18:13Z,-8.05208045,-34.95136465,132.0,90.0,2.559999942779541
2024-12-21T22:48:10Z,Run,2024-12-21T23:18:14Z,-8.05207845,-34.95138965,132.0,90.0,2.569999933242798
2024-12-21T22:48:10Z,Run,2024-12-21T23:18:15Z,-8.05207679,-34.95141432,132.0,90.0,2.569999933242798
2024-12-21T22:48:10Z,Run,2024-12-21T23:18:16Z,-8.05207479,-34.95143932,132.0,89.0,2.569999933242798
2024-12-21T22:48:10Z,Run,2024-12-21T23:18:17Z,-8.05207313,-34.95146432,131.0,90.0,2.569999933242798
2024-12-21T22:48:10Z,Run,2024-12-21T23:18:18Z,-8.05207048,-34.95148864,131.0,90.0,2.569999933242798
2024-12-21T22:48:10Z,Run,2024-12-21T23:18:19Z,-8.05206748,-34.95151396,131.0,90.0,2.569999933242798
2024-12-21T22:48:10Z,Run,2024-12-21T23:18:20Z,-8.05206482,-34.9515383,131.0,90.0,2.5799999237060547
2024-12-21T22:48:10Z,Run,2024-12-21T23:18:21Z,-8.05206315,-34.95156263,131.0,90.0,2.5799999237060547
2024-12-21T22:48:10Z,Run,2024-12-21T23:18:22Z,-8.0520625,-34.95158595,132.0,90.0,2.5799999237060547
2024-12-21T22:48:10Z,Run,2024-12-21T23:18:23Z,-8.05206217,-34.95160994,132.0,90.0,2.5899999141693115
2024-12-21T22:48:10Z,Run,2024-12-21T23:18:24Z,-8.05206184,-34.95163461,131.0,90.0,2.5899999141693115
2024-12-21T22:48:10Z,Run,2024-12-21T23:18:25Z,-8.05206118,-34.95165961,131.0,90.0,2.5899999141693115
2024-12-21T22:48:10Z,Run,2024-12-21T23:18:26Z,-8.05206018,-34.9516856,130.0,90.0,2.5899999141693115
2024-12-21T22:48:10Z,Run,2024-12-21T23:18:27Z,-8.05205719,-34.95171126,130.0,90.0,2.5899999141693115
2024-12-21T22:48:10Z,Run,2024-12-21T23:18:28Z,-8.05205587,-34.95173426,130.0,89.0,2.5999999046325684
2024-12-21T22:48:10Z,Run,2024-12-21T23:18:29Z,-8.05205455,-34.95175725,130.0,89.0,2.5999999046325684
2024-12-21T22:48:10Z,Run,2024-12-21T23:18:30Z,-8.0520552,-34.9517779,130.0,89.0,2.5999999046325684
2024-12-21T22:48:10Z,Run,2024-12-21T23:18:31Z,-8.05205553,-34.95179957,129.0,89.0,2.609999895095825
2024-12-21T22:48:10Z,Run,2024-12-21T23:18:32Z,-8.05205618,-34.95182157,128.0,89.0,2.609999895095825
2024-12-21T22:48:10Z,Run,2024-12-21T23:18:33Z,-8.05205586,-34.95184523,128.0,89.0,2.609999895095825
2024-12-21T22:48:10Z,Run,2024-12-21T23:18:34Z,-8.05205553,-34.95186756,128.0,89.0,2.609999895095825
2024-12-21T22:48:10Z,Run,2024-12-21T23:18:35Z,-8.0520552,-34.95188923,127.0,89.0,2.609999895095825
2024-12-21T22:48:10Z,Run,2024-12-21T23:18:36Z,-8.05205553,-34.95191488,127.0,89.0,2.609999895095825
2024-12-21T22:48:10Z,Run,2024-12-21T23:18:37Z,-8.0520552,-34.95194121,127.0,89.0,2.609999895095825
2024-12-21T22:48:10Z,Run,2024-12-21T23:18:38Z,-8.05205455,-34.9519672,127.0,89.0,2.5999999046325684
2024-12-21T22:48:10Z,Run,2024-12-21T23:18:39Z,-8.05205355,-34.9519922,127.0,89.0,2.5999999046325684
2024-12-21T22:48:10Z,Run,2024-12-21T23:18:40Z,-8.05205222,-34.9520162,127.0,89.0,2.5999999046325684
2024-12-21T22:48:10Z,Run,2024-12-21T23:18:41Z,-8.05205022,-34.95204052,128.0,89.0,2.5999999046325684
2024-12-21T22:48:10Z,Run,2024-12-21T23:18:42Z,-8.0520489,-34.95206719,128.0,89.0,2.609999895095825
2024-12-21T22:48:10Z,Run,2024-12-21T23:18:43Z,-8.0520449,-34.95208952,128.0,89.0,2.609999895095825
2024-12-21T22:48:10Z,Run,2024-12-21T23:18:44Z,-8.0520409,-34.95211218,128.0,89.0,2.609999895095825
2024-12-21T22:48:10Z,Run,2024-12-21T23:18:45Z,-8.05203891,-34.95213718,128.0,89.0,2.609999895095825
2024-12-21T22:48:10Z,Run,2024-12-21T23:18:46Z,-8.05203759,-34.95216184,128.0,89.0,2.609999895095825
2024-12-21T22:48:10Z,Run,2024-12-21T23:18:47Z,-8.05203659,-34.95218583,128.0,88.0,2.609999895095825
2024-12-21T22:48:10Z,Run,2024-12-21T23:18:48Z,-8.0520356,-34.95220983,128.0,89.0,2.609999895095825
2024-12-21T22:48:10Z,Run,2024-12-21T23:18:49Z,-8.0520336,-34.95223282,129.0,89.0,2.619999885559082
2024-12-21T22:48:10Z,Run,2024-12-21T23:18:50Z,-8.05203127,-34.95225548,129.0,89.0,2.619999885559082
2024-12-21T22:48:10Z,Run,2024-12-21T23:18:52Z,-8.05202862,-34.95227847,129.0,89.0,2.619999885559082
2024-12-21T22:48:10Z,Run,2024-12-21T23:18:52Z,-8.05202696,-34.9523008,129.0,89.0,2.619999885559082
2024-12-21T22:48:10Z,Run,2024-12-21T23:18:53Z,-8.05202629,-34.95232247,129.0,89.0,2.619999885559082
2024-12-21T22:48:10Z,Run,2024-12-21T23:18:54Z,-8.05202463,-34.95234579,129.0,89.0,2.619999885559082
2024-12-21T22:48:10Z,Run,2024-12-21T23:18:55Z,-8.05202196,-34.95236912,130.0,88.0,2.619999885559082
2024-12-21T22:48:10Z,Run,2024-12-21T23:18:56Z,-8.05201864,-34.95239145,133.0,88.0,2.619999885559082
2024-12-21T22:48:10Z,Run,2024-12-21T23:18:57Z,-8.0520173,-34.95241245,133.0,88.0,2.619999885559082
2024-12-21T22:48:10Z,Run,2024-12-21T23:18:58Z,-8.05201665,-34.95243178,135.0,88.0,2.609999895095825
2024-12-21T22:48:10Z,Run,2024-12-21T23:18:59Z,-8.05201499,-34.95244944,136.0,88.0,2.559999942779541
2024-12-21T22:48:10Z,Run,2024-12-21T23:19:00Z,-8.05201432,-34.95246611,135.0,88.0,2.4800000190734863
2024-12-21T22:48:10Z,Run,2024-12-21T23:19:01Z,-8.05201432,-34.95248176,134.0,88.0,2.380000114440918
2024-12-21T22:48:10Z,Run,2024-12-21T23:19:02Z,-8.05201565,-34.95249543,134.0,88.0,2.1700000762939453
2024-12-21T22:48:10Z,Run,2024-12-21T23:19:03Z,-8.05201499,-34.9525091,134.0,88.0,2.1700000762939453
2024-12-21T22:48:10Z,Run,2024-12-21T23:19:04Z,-8.05201199,-34.95252243,134.0,88.0,1.909999966621399
2024-12-21T22:48:10Z,Run,2024-12-21T23:19:05Z,-8.05200866,-34.95253775,134.0,88.0,1.7100000381469727
2024-12-21T22:48:10Z,Run,2024-12-21T23:19:06Z,-8.052002,-34.95255275,134.0,88.0,1.6399999856948853
2024-12-21T22:48:10Z,Run,2024-12-21T23:19:07Z,-8.05199534,-34.95256541,134.0,88.0,1.600000023841858
2024-12-21T22:48:10Z,Run,2024-12-21T23:19:08Z,-8.05198902,-34.95257807,134.0,88.0,1.5700000524520874
2024-12-21T22:48:10Z,Run,2024-12-21T23:19:09Z,-8.05198269,-34.95258873,134.0,88.0,1.5700000524520874
2024-12-21T22:48:10Z,Run,2024-12-21T23:19:10Z,-8.05197903,-34.9525994,133.0,88.0,1.5399999618530273
2024-12-21T22:48:10Z,Run,2024-12-21T23:19:11Z,-8.05197671,-34.95261007,133.0,88.0,1.5099999904632568
2024-12-21T22:48:10Z,Run,2024-12-21T23:19:12Z,-8.05197505,-34.95261939,134.0,88.0,1.4700000286102295
2024-12-21T22:48:10Z,Run,2024-12-21T23:19:13Z,-8.05197373,-34.95263006,137.0,88.0,1.399999976158142
2024-12-21T22:48:10Z,Run,2024-12-21T23:19:14Z,-8.05197239,-34.95263871,138.0,88.0,1.340000033378601
2024-12-21T22:48:10Z,Run,2024-12-21T23:19:15Z,-8.05197007,-34.95265138,138.0,88.0,1.340000033378601
2024-12-21T22:48:10Z,Run,2024-12-21T23:19:16Z,-8.0519684,-34.95266637,139.0,88.0,1.2899999618530273
2024-12-21T22:48:10Z,Run,2024-12-21T23:19:17Z,-8.05196775,-34.95268069,139.0,88.0,1.25
2024-12-21T22:48:10Z,Run,2024-12-21T23:19:18Z,-8.05196642,-34.95269535,139.0,88.0,1.25
2024-12-21T22:48:10Z,Run,2024-12-21T23:19:19Z,-8.05196309,-34.95270935,138.0,60.0,1.2699999809265137
2024-12-21T22:48:10Z,Run,2024-12-21T23:19:20Z,-8.05195976,-34.95272335,136.0,60.0,1.3200000524520874
2024-12-21T22:48:10Z,Run,2024-12-21T23:19:21Z,-8.05195709,-34.95273801,133.0,62.0,1.3899999856948853
2024-12-21T22:48:10Z,Run,2024-12-21T23:19:22Z,-8.05195477,-34.95275134,133.0,62.0,1.3899999856948853
2024-12-21T22:48:10Z,Run,2024-12-21T23:19:23Z,-8.05195277,-34.95276467,131.0,63.0,1.440000057220459
2024-12-21T22:48:10Z,Run,2024-12-21T23:19:24Z,-8.05195111,-34.95277633,129.0,63.0,1.440000057220459
2024-12-21T22:48:10Z,Run,2024-12-21T23:19:25Z,-8.05195078,-34.95278633,127.0,61.0,1.440000057220459
2024-12-21T22:48:10Z,Run,2024-12-21T23:19:26Z,-8.05195177,-34.95279532,122.0,61.0,1.440000057220459
2024-12-21T22:48:10Z,Run,2024-12-21T23:19:27Z,-8.05195277,-34.95280298,120.0,61.0,1.4199999570846558
2024-12-21T22:48:10Z,Run,2024-12-21T23:19:28Z,-8.05195342,-34.95281231,120.0,61.0,1.4199999570846558
2024-12-21T22:48:10Z,Run,2024-12-21T23:19:29Z,-8.05195277,-34.95282197,121.0,61.0,1.350000023841858
2024-12-21T22:48:10Z,Run,2024-12-21T23:19:30Z,-8.05195309,-34.95283163,122.0,61.0,1.25
2024-12-21T22:48:10Z,Run,2024-12-21T23:19:31Z,-8.05195409,-34.95284162,121.0,61.0,1.1699999570846558
2024-12-21T22:48:10Z,Run,2024-12-21T23:19:32Z,-8.05195708,-34.95285162,120.0,61.0,1.1200000047683716
2024-12-21T22:48:10Z,Run,2024-12-21T23:19:33Z,-8.05195975,-34.95286428,121.0,61.0,1.1200000047683716
2024-12-21T22:48:10Z,Run,2024-12-21T23:19:34Z,-8.0519604,-34.95287828,121.0,61.0,1.1200000047683716
2024-12-21T22:48:10Z,Run,2024-12-21T23:19:35Z,-8.05195741,-34.95289195,121.0,63.0,1.1100000143051147
2024-12-21T22:48:10Z,Run,2024-12-21T23:19:36Z,-8.05195441,-34.95290595,120.0,62.0,1.1200000047683716
2024-12-21T22:48:10Z,Run,2024-12-21T23:19:37Z,-8.05195242,-34.95292094,119.0,61.0,1.2000000476837158
2024-12-21T22:48:10Z,Run,2024-12-21T23:19:38Z,-8.05195009,-34.9529356,119.0,61.0,1.2599999904632568
2024-12-21T22:48:10Z,Run,2024-12-21T23:19:39Z,-8.05194676,-34.9529496,120.0,61.0,1.2699999809265137
2024-12-21T22:48:10Z,Run,2024-12-21T23:19:40Z,-8.05194377,-34.95296293,120.0,61.0,1.2699999809265137
2024-12-21T22:48:10Z,Run,2024-12-21T23:19:41Z,-8.0519411,-34.95297626,119.0,61.0,1.2799999713897705
2024-12-21T22:48:10Z,Run,2024-12-21T23:19:42Z,-8.05193844,-34.95298825,119.0,61.0,1.2899999618530273
2024-12-21T22:48:10Z,Run,2024-12-21T23:19:43Z,-8.05193611,-34.95299991,120.0,61.0,1.2999999523162842
2024-12-21T22:48:10Z,Run,2024-12-21T23:19:44Z,-8.05193411,-34.95301091,120.0,61.0,1.309999942779541
2024-12-21T22:48:10Z,Run,2024-12-21T23:19:45Z,-8.05193179,-34.95302223,118.0,61.0,1.3200000524520874
2024-12-21T22:48:10Z,Run,2024-12-21T23:19:46Z,-8.05193013,-34.9530339,118.0,61.0,1.3200000524520874
2024-12-21T22:48:10Z,Run,2024-12-21T23:19:47Z,-8.05192946,-34.95304622,117.0,63.0,1.3300000429153442
2024-12-21T22:48:10Z,Run,2024-12-21T23:19:48Z,-8.05192913,-34.95306022,117.0,62.0,1.3300000429153442
2024-12-21T22:48:10Z,Run,2024-12-21T23:19:49Z,-8.05192814,-34.95307488,116.0,61.0,1.340000033378601
2024-12-21T22:48:10Z,Run,2024-12-21T23:19:50Z,-8.05192781,-34.9530892,116.0,62.0,1.340000033378601
2024-12-21T22:48:10Z,Run,2024-12-21T23:19:52Z,-8.05192781,-34.9531032,115.0,62.0,1.340000033378601
2024-12-21T22:48:10Z,Run,2024-12-21T23:19:52Z,-8.05192847,-34.9531162,115.0,62.0,1.340000033378601
2024-12-21T22:48:10Z,Run,2024-12-21T23:19:53Z,-8.05192913,-34.95312886,114.0,62.0,1.340000033378601
2024-12-21T22:48:10Z,Run,2024-12-21T23:19:54Z,-8.0519298,-34.95314086,115.0,61.0,1.350000023841858
2024-12-21T22:48:10Z,Run,2024-12-21T23:19:55Z,-8.0519298,-34.95315218,115.0,62.0,1.350000023841858
2024-12-21T22:48:10Z,Run,2024-12-21T23:19:56Z,-8.05192947,-34.95316217,115.0,62.0,1.350000023841858
2024-12-21T22:48:10Z,Run,2024-12-21T23:19:57Z,-8.05192848,-34.9531725,115.0,62.0,1.350000023841858
2024-12-21T22:48:10Z,Run,2024-12-21T23:19:58Z,-8.05192748,-34.95318249,115.0,62.0,1.350000023841858
2024-12-21T22:48:10Z,Run,2024-12-21T23:19:59Z,-8.05192548,-34.95319283,116.0,66.0,1.350000023841858
2024-12-21T22:48:10Z,Run,2024-12-21T23:20:00Z,-8.05192149,-34.95320283,116.0,66.0,1.350000023841858
2024-12-21T22:48:10Z,Run,2024-12-21T23:20:01Z,-8.05191449,-34.95321182,116.0,66.0,1.350000023841858
2024-12-21T22:48:10Z,Run,2024-12-21T23:20:02Z,-8.05190484,-34.95321881,116.0,66.0,1.340000033378601
2024-12-21T22:48:10Z,Run,2024-12-21T23:20:03Z,-8.05189384,-34.95322446,116.0,66.0,1.2899999618530273
2024-12-21T22:48:10Z,Run,2024-12-21T23:20:04Z,-8.05188185,-34.9532298,116.0,66.0,1.2899999618530273
2024-12-21T22:48:10Z,Run,2024-12-21T23:20:05Z,-8.05186651,-34.95323579,116.0,66.0,1.2300000190734863
2024-12-21T22:48:10Z,Run,2024-12-21T23:20:06Z,-8.05184752,-34.95324079,116.0,66.0,1.2400000095367432
2024-12-21T22:48:10Z,Run,2024-12-21T23:20:07Z,-8.05182653,-34.95324545,116.0,66.0,1.2799999713897705
2024-12-21T22:48:10Z,Run,2024-12-21T23:20:08Z,-8.05180253,-34.95324978,117.0,66.0,1.3899999856948853
2024-12-21T22:48:10Z,Run,2024-12-21T23:20:09Z,-8.05177887,-34.95325211,117.0,66.0,1.6200000047683716
2024-12-21T22:48:10Z,Run,2024-12-21T23:20:10Z,-8.05175221,-34.9532531,117.0,66.0,1.6200000047683716
2024-12-21T22:48:10Z,Run,2024-12-21T23:20:11Z,-8.05172489,-34.95325343,118.0,66.0,1.9900000095367432
2024-12-21T22:48:10Z,Run,2024-12-21T23:20:12Z,-8.05169689,-34.95325343,119.0,66.0,2.380000114440918
2024-12-21T22:48:10Z,Run,2024-12-21T23:20:13Z,-8.05167123,-34.95325243,119.0,66.0,2.6500000953674316
2024-12-21T22:48:10Z,Run,2024-12-21T23:20:14Z,-8.05164356,-34.95325111,119.0,66.0,2.799999952316284
2024-12-21T22:48:10Z,Run,2024-12-21T23:20:15Z,-8.05161624,-34.95324911,120.0,66.0,2.8499999046325684
2024-12-21T22:48:10Z,Run,2024-12-21T23:20:16Z,-8.05158892,-34.95324644,120.0,66.0,2.8499999046325684
2024-12-21T22:48:10Z,Run,2024-12-21T23:20:17Z,-8.05156159,-34.95324279,120.0,66.0,2.880000114440918
2024-12-21T22:48:10Z,Run,2024-12-21T23:20:18Z,-8.05153359,-34.9532398,121.0,66.0,2.9200000762939453
2024-12-21T22:48:10Z,Run,2024-12-21T23:20:19Z,-8.05150694,-34.95323713,122.0,88.0,2.940000057220459
2024-12-21T22:48:10Z,Run,2024-12-21T23:20:20Z,-8.05147995,-34.95323414,123.0,89.0,2.950000047683716
2024-12-21T22:48:10Z,Run,2024-12-21T23:20:21Z,-8.05145395,-34.95323181,125.0,88.0,2.950000047683716
2024-12-21T22:48:10Z,Run,2024-12-21T23:20:22Z,-8.05143028,-34.95323014,125.0,88.0,2.950000047683716
2024-12-21T22:48:10Z,Run,2024-12-21T23:20:23Z,-8.05140762,-34.95322781,126.0,88.0,2.950000047683716
2024-12-21T22:48:10Z,Run,2024-12-21T23:20:24Z,-8.05138396,-34.95322582,126.0,89.0,2.940000057220459
2024-12-21T22:48:10Z,Run,2024-12-21T23:20:25Z,-8.0513603,-34.95322283,125.0,88.0,2.890000104904175
2024-12-21T22:48:10Z,Run,2024-12-21T23:20:26Z,-8.05133463,-34.95322016,124.0,88.0,2.8399999141693115
2024-12-21T22:48:10Z,Run,2024-12-21T23:20:27Z,-8.05130897,-34.95321783,124.0,88.0,2.809999942779541
2024-12-21T22:48:10Z,Run,2024-12-21T23:20:28Z,-8.05127898,-34.95321549,123.0,88.0,2.799999952316284
2024-12-21T22:48:10Z,Run,2024-12-21T23:20:29Z,-8.05124932,-34.95321349,123.0,88.0,2.799999952316284
2024-12-21T22:48:10Z,Run,2024-12-21T23:20:30Z,-8.05122166,-34.95321117,124.0,88.0,2.799999952316284
2024-12-21T22:48:10Z,Run,2024-12-21T23:20:31Z,-8.051196,-34.95320884,124.0,88.0,2.809999942779541
2024-12-21T22:48:10Z,Run,2024-12-21T23:20:32Z,-8.05117334,-34.95320484,124.0,88.0,2.8399999141693115
2024-12-21T22:48:10Z,Run,2024-12-21T23:20:33Z,-8.05114935,-34.9531965,123.0,88.0,2.8399999141693115
2024-12-21T22:48:10Z,Run,2024-12-21T23:20:34Z,-8.05112835,-34.95318518,123.0,88.0,2.8399999141693115
2024-12-21T22:48:10Z,Run,2024-12-21T23:20:35Z,-8.05110968,-34.95317052,123.0,88.0,2.8399999141693115
2024-12-21T22:48:10Z,Run,2024-12-21T23:20:36Z,-8.05109469,-34.9531532,123.0,88.0,2.8399999141693115
2024-12-21T22:48:10Z,Run,2024-12-21T23:20:37Z,-8.05108504,-34.95313353,123.0,88.0,2.799999952316284
2024-12-21T22:48:10Z,Run,2024-12-21T23:20:38Z,-8.05107971,-34.95311187,123.0,89.0,2.740000009536743
2024-12-21T22:48:10Z,Run,2024-12-21T23:20:39Z,-8.05107805,-34.9530872,125.0,89.0,2.7100000381469727
2024-12-21T22:48:10Z,Run,2024-12-21T23:20:40Z,-8.05107838,-34.95306121,125.0,89.0,2.690000057220459
2024-12-21T22:48:10Z,Run,2024-12-21T23:20:41Z,-8.05108171,-34.95303455,125.0,89.0,2.690000057220459
2024-12-21T22:48:10Z,Run,2024-12-21T23:20:42Z,-8.0510857,-34.95300623,125.0,89.0,2.690000057220459
2024-12-21T22:48:10Z,Run,2024-12-21T23:20:43Z,-8.05108936,-34.95297856,127.0,89.0,2.690000057220459
2024-12-21T22:48:10Z,Run,2024-12-21T23:20:44Z,-8.05109336,-34.95295123,129.0,89.0,2.7200000286102295
2024-12-21T22:48:10Z,Run,2024-12-21T23:20:45Z,-8.05109603,-34.95292524,130.0,89.0,2.7699999809265137
2024-12-21T22:48:10Z,Run,2024-12-21T23:20:46Z,-8.05109702,-34.95290057,131.0,89.0,2.799999952316284
2024-12-21T22:48:10Z,Run,2024-12-21T23:20:47Z,-8.05109702,-34.95287692,131.0,89.0,2.799999952316284
2024-12-21T22:48:10Z,Run,2024-12-21T23:20:48Z,-8.05109702,-34.95285225,132.0,89.0,2.799999952316284
2024-12-21T22:48:10Z,Run,2024-12-21T23:20:49Z,-8.05109802,-34.95282758,133.0,89.0,2.799999952316284
2024-12-21T22:48:10Z,Run,2024-12-21T23:20:50Z,-8.05110034,-34.95280326,134.0,90.0,2.799999952316284
2024-12-21T22:48:10Z,Run,2024-12-21T23:20:51Z,-8.05110466,-34.95278126,133.0,90.0,2.799999952316284
2024-12-21T22:48:10Z,Run,2024-12-21T23:20:52Z,-8.05110933,-34.95275759,132.0,90.0,2.799999952316284
2024-12-21T22:48:10Z,Run,2024-12-21T23:20:53Z,-8.05111565,-34.95273327,132.0,90.0,2.799999952316284
2024-12-21T22:48:10Z,Run,2024-12-21T23:20:54Z,-8.05112265,-34.9527086,132.0,90.0,2.7899999618530273
2024-12-21T22:48:10Z,Run,2024-12-21T23:20:55Z,-8.05112832,-34.95268528,131.0,90.0,2.7799999713897705
2024-12-21T22:48:10Z,Run,2024-12-21T23:20:56Z,-8.05113331,-34.95265928,131.0,90.0,2.7799999713897705
2024-12-21T22:48:10Z,Run,2024-12-21T23:20:57Z,-8.05113731,-34.95263396,129.0,90.0,2.7699999809265137
2024-12-21T22:48:10Z,Run,2024-12-21T23:20:58Z,-8.05114097,-34.95260963,128.0,90.0,2.7699999809265137
2024-12-21T22:48:10Z,Run,2024-12-21T23:20:59Z,-8.05114496,-34.9525853,128.0,90.0,2.7699999809265137
2024-12-21T22:48:10Z,Run,2024-12-21T23:21:00Z,-8.05114761,-34.95256164,128.0,90.0,2.7699999809265137
2024-12-21T22:48:10Z,Run,2024-12-21T23:21:01Z,-8.05115195,-34.95253664,129.0,90.0,2.7699999809265137
2024-12-21T22:48:10Z,Run,2024-12-21T23:21:02Z,-8.05115728,-34.95251099,129.0,90.0,2.7699999809265137
2024-12-21T22:48:10Z,Run,2024-12-21T23:21:03Z,-8.05116428,-34.95248599,130.0,91.0,2.759999990463257
2024-12-21T22:48:10Z,Run,2024-12-21T23:21:04Z,-8.05116995,-34.95246132,129.0,91.0,2.759999990463257
2024-12-21T22:48:10Z,Run,2024-12-21T23:21:05Z,-8.05117427,-34.95243699,129.0,91.0,2.759999990463257
2024-12-21T22:48:10Z,Run,2024-12-21T23:21:06Z,-8.05117793,-34.95241266,127.0,90.0,2.759999990463257
2024-12-21T22:48:10Z,Run,2024-12-21T23:21:07Z,-8.05118026,-34.95238734,127.0,90.0,2.759999990463257
2024-12-21T22:48:10Z,Run,2024-12-21T23:21:08Z,-8.05118125,-34.95236267,126.0,90.0,2.759999990463257
2024-12-21T22:48:10Z,Run,2024-12-21T23:21:09Z,-8.05118192,-34.95234202,126.0,91.0,2.759999990463257
2024-12-21T22:48:10Z,Run,2024-12-21T23:21:10Z,-8.05118358,-34.95231968,126.0,90.0,2.759999990463257
2024-12-21T22:48:10Z,Run,2024-12-21T23:21:11Z,-8.05118524,-34.95229403,126.0,90.0,2.759999990463257
2024-12-21T22:48:10Z,Run,2024-12-21T23:21:12Z,-8.0511869,-34.95226869,126.0,90.0,2.759999990463257
2024-12-21T22:48:10Z,Run,2024-12-21T23:21:13Z,-8.0511889,-34.95224369,127.0,89.0,2.759999990463257
2024-12-21T22:48:10Z,Run,2024-12-21T23:21:14Z,-8.05119155,-34.95221903,127.0,90.0,2.759999990463257
2024-12-21T22:48:10Z,Run,2024-12-21T23:21:15Z,-8.05119388,-34.95219537,128.0,90.0,2.759999990463257
2024-12-21T22:48:10Z,Run,2024-12-21T23:21:16Z,-8.0511962,-34.95217137,128.0,90.0,2.759999990463257
2024-12-21T22:48:10Z,Run,2024-12-21T23:21:17Z,-8.05119987,-34.95214538,128.0,90.0,2.759999990463257
2024-12-21T22:48:10Z,Run,2024-12-21T23:21:18Z,-8.05120319,-34.95211939,128.0,90.0,2.759999990463257
2024-12-21T22:48:10Z,Run,2024-12-21T23:21:19Z,-8.05120419,-34.95209506,128.0,90.0,2.759999990463257
2024-12-21T22:48:10Z,Run,2024-12-21T23:21:20Z,-8.05120518,-34.95207272,128.0,90.0,2.759999990463257
2024-12-21T22:48:10Z,Run,2024-12-21T23:21:21Z,-8.05120618,-34.95204839,128.0,89.0,2.759999990463257
2024-12-21T22:48:10Z,Run,2024-12-21T23:21:22Z,-8.05120618,-34.95202507,128.0,89.0,2.759999990463257
2024-12-21T22:48:10Z,Run,2024-12-21T23:21:23Z,-8.0512075,-34.95200307,128.0,89.0,2.759999990463257
2024-12-21T22:48:10Z,Run,2024-12-21T23:21:24Z,-8.0512095,-34.95198308,128.0,89.0,2.75
2024-12-21T22:48:10Z,Run,2024-12-21T23:21:25Z,-8.05121116,-34.95196141,128.0,89.0,2.75
2024-12-21T22:48:10Z,Run,2024-12-21T23:21:26Z,-8.05121316,-34.95193809,128.0,89.0,2.75
2024-12-21T22:48:10Z,Run,2024-12-21T23:21:27Z,-8.05121415,-34.95191476,127.0,89.0,2.740000009536743
2024-12-21T22:48:10Z,Run,2024-12-21T23:21:28Z,-8.05121547,-34.95189043,126.0,89.0,2.740000009536743
2024-12-21T22:48:10Z,Run,2024-12-21T23:21:29Z,-8.05121846,-34.95186843,126.0,89.0,2.740000009536743
2024-12-21T22:48:10Z,Run,2024-12-21T23:21:30Z,-8.05122246,-34.9518461,124.0,89.0,2.7300000190734863
2024-12-21T22:48:10Z,Run,2024-12-21T23:21:31Z,-8.05122646,-34.95182076,124.0,89.0,2.7300000190734863
2024-12-21T22:48:10Z,Run,2024-12-21T23:21:32Z,-8.05122912,-34.95179544,125.0,89.0,2.7300000190734863
2024-12-21T22:48:10Z,Run,2024-12-21T23:21:33Z,-8.05122945,-34.95177012,125.0,89.0,2.7200000286102295
2024-12-21T22:48:10Z,Run,2024-12-21T23:21:34Z,-8.05122813,-34.95174579,125.0,89.0,2.7200000286102295
2024-12-21T22:48:10Z,Run,2024-12-21T23:21:35Z,-8.05122314,-34.95172246,125.0,89.0,2.7200000286102295
2024-12-21T22:48:10Z,Run,2024-12-21T23:21:36Z,-8.05121714,-34.95169614,125.0,89.0,2.7100000381469727
2024-12-21T22:48:10Z,Run,2024-12-21T23:21:37Z,-8.05121215,-34.95166847,125.0,89.0,2.7100000381469727
2024-12-21T22:48:10Z,Run,2024-12-21T23:21:38Z,-8.05120882,-34.9516408,126.0,89.0,2.7100000381469727
2024-12-21T22:48:10Z,Run,2024-12-21T23:21:39Z,-8.05120816,-34.95161448,126.0,89.0,2.7100000381469727
2024-12-21T22:48:10Z,Run,2024-12-21T23:21:40Z,-8.05120982,-34.95158681,125.0,89.0,2.7200000286102295
2024-12-21T22:48:10Z,Run,2024-12-21T23:21:41Z,-8.05121214,-34.95156116,124.0,89.0,2.7200000286102295
2024-12-21T22:48:10Z,Run,2024-12-21T23:21:42Z,-8.05121513,-34.9515385,124.0,89.0,2.7200000286102295
2024-12-21T22:48:10Z,Run,2024-12-21T23:21:43Z,-8.0512188,-34.95151518,124.0,89.0,2.7300000190734863
2024-12-21T22:48:10Z,Run,2024-12-21T23:21:44Z,-8.05122312,-34.95149118,125.0,89.0,2.7300000190734863
2024-12-21T22:48:10Z,Run,2024-12-21T23:21:45Z,-8.05122645,-34.95146785,126.0,89.0,2.7300000190734863
2024-12-21T22:48:10Z,Run,2024-12-21T23:21:46Z,-8.05122911,-34.95144319,125.0,89.0,2.7300000190734863
2024-12-21T22:48:10Z,Run,2024-12-21T23:21:47Z,-8.05123211,-34.95141753,124.0,89.0,2.7300000190734863
2024-12-21T22:48:10Z,Run,2024-12-21T23:21:48Z,-8.05123477,-34.95139454,124.0,89.0,2.7300000190734863
2024-12-21T22:48:10Z,Run,2024-12-21T23:21:49Z,-8.05123742,-34.95137122,124.0,89.0,2.7300000190734863
2024-12-21T22:48:10Z,Run,2024-12-21T23:21:50Z,-8.05124108,-34.95134688,124.0,89.0,2.7300000190734863
2024-12-21T22:48:10Z,Run,2024-12-21T23:21:51Z,-8.05124275,-34.95132222,124.0,89.0,2.7300000190734863
2024-12-21T22:48:10Z,Run,2024-12-21T23:21:52Z,-8.0512434,-34.95129889,124.0,90.0,2.7300000190734863
2024-12-21T22:48:10Z,Run,2024-12-21T23:21:53Z,-8.05124573,-34.95127756,124.0,90.0,2.7300000190734863
2024-12-21T22:48:10Z,Run,2024-12-21T23:21:54Z,-8.05124638,-34.95125657,124.0,90.0,2.7300000190734863
2024-12-21T22:48:10Z,Run,2024-12-21T23:21:55Z,-8.05124705,-34.9512349,124.0,90.0,2.7300000190734863
2024-12-21T22:48:10Z,Run,2024-12-21T23:21:56Z,-8.05124672,-34.95121358,124.0,90.0,2.7300000190734863
2024-12-21T22:48:10Z,Run,2024-12-21T23:21:57Z,-8.05124639,-34.95119458,125.0,90.0,2.7200000286102295
2024-12-21T22:48:10Z,Run,2024-12-21T23:21:58Z,-8.05124574,-34.95117558,125.0,90.0,2.7100000381469727
2024-12-21T22:48:10Z,Run,2024-12-21T23:21:59Z,-8.05124939,-34.95115391,125.0,89.0,2.7100000381469727
2024-12-21T22:48:10Z,Run,2024-12-21T23:22:00Z,-8.05125506,-34.95113126,125.0,89.0,2.7100000381469727
2024-12-21T22:48:10Z,Run,2024-12-21T23:22:01Z,-8.05126039,-34.95110827,124.0,89.0,2.700000047683716
2024-12-21T22:48:10Z,Run,2024-12-21T23:22:02Z,-8.05126673,-34.95108528,124.0,89.0,2.690000057220459
2024-12-21T22:48:10Z,Run,2024-12-21T23:22:03Z,-8.05127872,-34.95105929,123.0,89.0,2.680000066757202
2024-12-21T22:48:10Z,Run,2024-12-21T23:22:04Z,-8.05129004,-34.95102995,123.0,89.0,2.680000066757202
2024-12-21T22:48:10Z,Run,2024-12-21T23:22:05Z,-8.05129771,-34.95100396,122.0,90.0,2.6700000762939453
2024-12-21T22:48:10Z,Run,2024-12-21T23:22:06Z,-8.0513027,-34.95097997,122.0,90.0,2.6700000762939453
2024-12-21T22:48:10Z,Run,2024-12-21T23:22:07Z,-8.05130835,-34.95095764,122.0,89.0,2.6700000762939453
2024-12-21T22:48:10Z,Run,2024-12-21T23:22:08Z,-8.05131602,-34.95093498,122.0,88.0,2.6700000762939453
2024-12-21T22:48:10Z,Run,2024-12-21T23:22:09Z,-8.05132534,-34.95091132,122.0,88.0,2.6700000762939453
2024-12-21T22:48:10Z,Run,2024-12-21T23:22:10Z,-8.051336,-34.95088733,123.0,89.0,2.6700000762939453
2024-12-21T22:48:10Z,Run,2024-12-21T23:22:10Z,-8.05134767,-34.95086399,123.0,89.0,2.6700000762939453
2024-12-21T22:48:10Z,Run,2024-12-21T23:22:11Z,-8.05136,-34.950843,122.0,90.0,2.6700000762939453
2024-12-21T22:48:10Z,Run,2024-12-21T23:22:12Z,-8.05137066,-34.95082134,122.0,90.0,2.6700000762939453
2024-12-21T22:48:10Z,Run,2024-12-21T23:22:13Z,-8.05138131,-34.95079835,124.0,90.0,2.680000066757202
2024-12-21T22:48:10Z,Run,2024-12-21T23:22:14Z,-8.05138965,-34.95077668,125.0,90.0,2.680000066757202
2024-12-21T22:48:10Z,Run,2024-12-21T23:22:15Z,-8.05139798,-34.95075602,126.0,90.0,2.6700000762939453
2024-12-21T22:48:10Z,Run,2024-12-21T23:22:16Z,-8.05140397,-34.95073603,126.0,89.0,2.6700000762939453
2024-12-21T22:48:10Z,Run,2024-12-21T23:22:17Z,-8.05140797,-34.95071804,126.0,89.0,2.6700000762939453
2024-12-21T22:48:10Z,Run,2024-12-21T23:22:18Z,-8.05141029,-34.95069904,126.0,89.0,2.6700000762939453
2024-12-21T22:48:10Z,Run,2024-12-21T23:22:19Z,-8.05141163,-34.95068004,126.0,89.0,2.6700000762939453
2024-12-21T22:48:10Z,Run,2024-12-21T23:22:20Z,-8.05141262,-34.95065871,126.0,90.0,2.6600000858306885
2024-12-21T22:48:10Z,Run,2024-12-21T23:22:21Z,-8.05141394,-34.95063638,126.0,90.0,2.6500000953674316
2024-12-21T22:48:10Z,Run,2024-12-21T23:22:22Z,-8.0514176,-34.95061272,126.0,90.0,2.6500000953674316
2024-12-21T22:48:10Z,Run,2024-12-21T23:22:23Z,-8.05142326,-34.95058906,126.0,90.0,2.6500000953674316
2024-12-21T22:48:10Z,Run,2024-12-21T23:22:24Z,-8.05142925,-34.95056506,128.0,90.0,2.640000104904175
2024-12-21T22:48:10Z,Run,2024-12-21T23:22:25Z,-8.05143492,-34.95054107,128.0,90.0,2.630000114440918
2024-12-21T22:48:10Z,Run,2024-12-21T23:22:26Z,-8.05143924,-34.95051741,129.0,90.0,2.630000114440918
2024-12-21T22:48:10Z,Run,2024-12-21T23:22:27Z,-8.05144358,-34.95049207,129.0,90.0,2.630000114440918
2024-12-21T22:48:10Z,Run,2024-12-21T23:22:28Z,-8.05144891,-34.95046775,128.0,90.0,2.630000114440918
2024-12-21T22:48:10Z,Run,2024-12-21T23:22:29Z,-8.05145458,-34.95044342,128.0,90.0,2.630000114440918
2024-12-21T22:48:10Z,Run,2024-12-21T23:22:30Z,-8.05146058,-34.95041908,127.0,91.0,2.630000114440918
2024-12-21T22:48:10Z,Run,2024-12-21T23:22:31Z,-8.0514659,-34.95039643,127.0,91.0,2.640000104904175
2024-12-21T22:48:10Z,Run,2024-12-21T23:22:32Z,-8.05147089,-34.95037377,127.0,91.0,2.640000104904175
2024-12-21T22:48:10Z,Run,2024-12-21T23:22:33Z,-8.05147489,-34.95034811,127.0,91.0,2.640000104904175
2024-12-21T22:48:10Z,Run,2024-12-21T23:22:34Z,-8.05147855,-34.95032345,127.0,92.0,2.640000104904175
2024-12-21T22:48:10Z,Run,2024-12-21T23:22:35Z,-8.05148287,-34.95029946,127.0,92.0,2.640000104904175
2024-12-21T22:48:10Z,Run,2024-12-21T23:22:36Z,-8.05148687,-34.95027812,128.0,92.0,2.640000104904175
2024-12-21T22:48:10Z,Run,2024-12-21T23:22:37Z,-8.05148819,-34.95025413,127.0,91.0,2.6500000953674316
2024-12-21T22:48:10Z,Run,2024-12-21T23:22:38Z,-8.05148919,-34.95022947,127.0,91.0,2.6500000953674316
2024-12-21T22:48:10Z,Run,2024-12-21T23:22:39Z,-8.05149318,-34.95020547,128.0,91.0,2.6500000953674316
2024-12-21T22:48:10Z,Run,2024-12-21T23:22:40Z,-8.05149652,-34.95017981,127.0,91.0,2.6500000953674316
2024-12-21T22:48:10Z,Run,2024-12-21T23:22:41Z,-8.05150017,-34.95015315,127.0,91.0,2.6500000953674316
2024-12-21T22:48:10Z,Run,2024-12-21T23:22:42Z,-8.05150451,-34.95012716,127.0,90.0,2.6500000953674316
2024-12-21T22:48:10Z,Run,2024-12-21T23:22:43Z,-8.05150817,-34.95010283,127.0,90.0,2.6500000953674316
2024-12-21T22:48:10Z,Run,2024-12-21T23:22:44Z,-8.05150916,-34.95008251,127.0,91.0,2.6500000953674316
2024-12-21T22:48:10Z,Run,2024-12-21T23:22:45Z,-8.05151449,-34.95006051,127.0,90.0,2.6500000953674316
2024-12-21T22:48:10Z,Run,2024-12-21T23:22:46Z,-8.05152149,-34.95003917,127.0,90.0,2.6500000953674316
2024-12-21T22:48:10Z,Run,2024-12-21T23:22:47Z,-8.05152749,-34.95001717,127.0,90.0,2.6500000953674316
2024-12-21T22:48:10Z,Run,2024-12-21T23:22:48Z,-8.05153248,-34.94999385,127.0,90.0,2.6500000953674316
2024-12-21T22:48:10Z,Run,2024-12-21T23:22:49Z,-8.05153747,-34.94997086,127.0,90.0,2.6500000953674316
2024-12-21T22:48:10Z,Run,2024-12-21T23:22:50Z,-8.05154147,-34.9499472,127.0,90.0,2.6500000953674316
2024-12-21T22:48:10Z,Run,2024-12-21T23:22:51Z,-8.05154512,-34.9499232,127.0,91.0,2.6500000953674316
2024-12-21T22:48:10Z,Run,2024-12-21T23:22:52Z,-8.05154612,-34.94990221,127.0,90.0,2.6500000953674316
2024-12-21T22:48:10Z,Run,2024-12-21T23:22:53Z,-8.05154412,-34.94988256,127.0,90.0,2.6500000953674316
2024-12-21T22:48:10Z,Run,2024-12-21T23:22:54Z,-8.05153979,-34.94986389,127.0,90.0,2.6500000953674316
2024-12-21T22:48:10Z,Run,2024-12-21T23:22:55Z,-8.0515358,-34.94984422,127.0,90.0,2.6500000953674316
2024-12-21T22:48:10Z,Run,2024-12-21T23:22:56Z,-8.05153347,-34.94982289,127.0,90.0,2.6500000953674316
2024-12-21T22:48:10Z,Run,2024-12-21T23:22:57Z,-8.0515328,-34.94980257,127.0,91.0,2.6500000953674316
2024-12-21T22:48:10Z,Run,2024-12-21T23:22:58Z,-8.0515338,-34.94978023,128.0,91.0,2.640000104904175
2024-12-21T22:48:10Z,Run,2024-12-21T23:22:59Z,-8.0515358,-34.9497579,128.0,91.0,2.640000104904175
2024-12-21T22:48:10Z,Run,2024-12-21T23:23:00Z,-8.05153979,-34.94973524,128.0,91.0,2.630000114440918
2024-12-21T22:48:10Z,Run,2024-12-21T23:23:01Z,-8.05154412,-34.94971259,128.0,91.0,2.630000114440918
2024-12-21T22:48:10Z,Run,2024-12-21T23:23:02Z,-8.05154711,-34.94969059,128.0,91.0,2.630000114440918
2024-12-21T22:48:10Z,Run,2024-12-21T23:23:03Z,-8.05154944,-34.94966926,129.0,91.0,2.630000114440918
2024-12-21T22:48:10Z,Run,2024-12-21T23:23:04Z,-8.05155209,-34.94964961,130.0,90.0,2.630000114440918
2024-12-21T22:48:10Z,Run,2024-12-21T23:23:05Z,-8.05155476,-34.94962962,130.0,90.0,2.630000114440918
2024-12-21T22:48:10Z,Run,2024-12-21T23:23:06Z,-8.05156108,-34.94960495,131.0,90.0,2.619999885559082
2024-12-21T22:48:10Z,Run,2024-12-21T23:23:07Z,-8.05156875,-34.94957963,132.0,90.0,2.619999885559082
2024-12-21T22:48:10Z,Run,2024-12-21T23:23:08Z,-8.05157607,-34.94955364,133.0,90.0,2.619999885559082
2024-12-21T22:48:10Z,Run,2024-12-21T23:23:09Z,-8.0515834,-34.94952997,134.0,91.0,2.619999885559082
2024-12-21T22:48:10Z,Run,2024-12-21T23:23:10Z,-8.05158873,-34.94950665,134.0,91.0,2.619999885559082
2024-12-21T22:48:10Z,Run,2024-12-21T23:23:11Z,-8.05159273,-34.94948399,134.0,91.0,2.619999885559082
2024-12-21T22:48:10Z,Run,2024-12-21T23:23:12Z,-8.05159772,-34.94946067,134.0,91.0,2.619999885559082
2024-12-21T22:48:10Z,Run,2024-12-21T23:23:13Z,-8.05160204,-34.94943867,135.0,91.0,2.619999885559082
2024-12-21T22:48:10Z,Run,2024-12-21T23:23:14Z,-8.05160604,-34.94941633,135.0,90.0,2.619999885559082
2024-12-21T22:48:10Z,Run,2024-12-21T23:23:15Z,-8.05161171,-34.94939334,136.0,90.0,2.619999885559082
2024-12-21T22:48:10Z,Run,2024-12-21T23:23:16Z,-8.05161803,-34.94937001,136.0,90.0,2.619999885559082
2024-12-21T22:48:10Z,Run,2024-12-21T23:23:17Z,-8.0516257,-34.94934569,136.0,90.0,2.619999885559082
2024-12-21T22:48:10Z,Run,2024-12-21T23:23:18Z,-8.05163336,-34.94932169,136.0,90.0,2.619999885559082
2024-12-21T22:48:10Z,Run,2024-12-21T23:23:19Z,-8.05164102,-34.94929969,136.0,90.0,2.619999885559082
2024-12-21T22:48:10Z,Run,2024-12-21T23:23:20Z,-8.05164935,-34.9492777,136.0,90.0,2.619999885559082
2024-12-21T22:48:10Z,Run,2024-12-21T23:23:21Z,-8.05165801,-34.94925403,136.0,90.0,2.609999895095825
2024-12-21T22:48:10Z,Run,2024-12-21T23:23:22Z,-8.051666,-34.94923104,137.0,90.0,2.609999895095825
2024-12-21T22:48:10Z,Run,2024-12-21T23:23:23Z,-8.05167434,-34.94920937,137.0,90.0,2.609999895095825
2024-12-21T22:48:10Z,Run,2024-12-21T23:23:24Z,-8.05168099,-34.94918838,139.0,90.0,2.609999895095825
2024-12-21T22:48:10Z,Run,2024-12-21T23:23:25Z,-8.05168633,-34.94916672,139.0,90.0,2.609999895095825
2024-12-21T22:48:10Z,Run,2024-12-21T23:23:26Z,-8.05169065,-34.94914239,139.0,90.0,2.609999895095825
2024-12-21T22:48:10Z,Run,2024-12-21T23:23:27Z,-8.05169532,-34.94911939,139.0,91.0,2.609999895095825
2024-12-21T22:48:10Z,Run,2024-12-21T23:23:28Z,-8.05170097,-34.9490964,139.0,91.0,2.609999895095825
2024-12-21T22:48:10Z,Run,2024-12-21T23:23:29Z,-8.05170596,-34.94907541,139.0,91.0,2.609999895095825
2024-12-21T22:48:10Z,Run,2024-12-21T23:23:30Z,-8.0517103,-34.94905341,139.0,91.0,2.609999895095825
2024-12-21T22:48:10Z,Run,2024-12-21T23:23:31Z,-8.05171496,-34.94903076,139.0,90.0,2.5999999046325684
2024-12-21T22:48:10Z,Run,2024-12-21T23:23:32Z,-8.05171962,-34.94900842,139.0,90.0,2.5899999141693115
2024-12-21T22:48:10Z,Run,2024-12-21T23:23:33Z,-8.05172395,-34.94898577,139.0,90.0,2.5899999141693115
2024-12-21T22:48:10Z,Run,2024-12-21T23:23:34Z,-8.05172628,-34.94896443,139.0,90.0,2.5899999141693115
2024-12-21T22:48:10Z,Run,2024-12-21T23:23:35Z,-8.05172693,-34.94894144,139.0,90.0,2.5899999141693115
2024-12-21T22:48:10Z,Run,2024-12-21T23:23:36Z,-8.05172926,-34.94891845,139.0,90.0,2.5899999141693115
2024-12-21T22:48:10Z,Run,2024-12-21T23:23:37Z,-8.05173358,-34.9488958,139.0,90.0,2.5899999141693115
2024-12-21T22:48:10Z,Run,2024-12-21T23:23:38Z,-8.05173724,-34.9488738,139.0,91.0,2.5899999141693115
2024-12-21T22:48:10Z,Run,2024-12-21T23:23:39Z,-8.05174124,-34.94885381,139.0,90.0,2.5799999237060547
2024-12-21T22:48:10Z,Run,2024-12-21T23:23:40Z,-8.05174489,-34.94883382,139.0,89.0,2.5799999237060547
2024-12-21T22:48:10Z,Run,2024-12-21T23:23:41Z,-8.05174689,-34.94881415,139.0,89.0,2.5799999237060547
2024-12-21T22:48:10Z,Run,2024-12-21T23:23:42Z,-8.05174989,-34.94879182,139.0,90.0,2.5799999237060547
2024-12-21T22:48:10Z,Run,2024-12-21T23:23:43Z,-8.05175355,-34.94876982,139.0,90.0,2.5799999237060547
2024-12-21T22:48:10Z,Run,2024-12-21T23:23:44Z,-8.05175721,-34.94874548,139.0,90.0,2.569999933242798
2024-12-21T22:48:10Z,Run,2024-12-21T23:23:45Z,-8.05175953,-34.94872016,139.0,90.0,2.569999933242798
2024-12-21T22:48:10Z,Run,2024-12-21T23:23:46Z,-8.05175986,-34.94869517,139.0,90.0,2.569999933242798
2024-12-21T22:48:10Z,Run,2024-12-21T23:23:47Z,-8.05176152,-34.94866985,139.0,90.0,2.569999933242798
2024-12-21T22:48:10Z,Run,2024-12-21T23:23:48Z,-8.05176284,-34.94864618,139.0,90.0,2.569999933242798
2024-12-21T22:48:10Z,Run,2024-12-21T23:23:49Z,-8.05176617,-34.94861986,139.0,90.0,2.569999933242798
2024-12-21T22:48:10Z,Run,2024-12-21T23:23:50Z,-8.0517705,-34.94859519,139.0,90.0,2.569999933242798
2024-12-21T22:48:10Z,Run,2024-12-21T23:23:51Z,-8.05177549,-34.94857153,139.0,90.0,2.5799999237060547
2024-12-21T22:48:10Z,Run,2024-12-21T23:23:52Z,-8.05178015,-34.94854953,139.0,90.0,2.5899999141693115
2024-12-21T22:48:10Z,Run,2024-12-21T23:23:53Z,-8.05178248,-34.94852921,139.0,90.0,2.5899999141693115
2024-12-21T22:48:10Z,Run,2024-12-21T23:23:54Z,-8.05178514,-34.94850788,139.0,90.0,2.5899999141693115
2024-12-21T22:48:10Z,Run,2024-12-21T23:23:55Z,-8.0517878,-34.94848654,139.0,90.0,2.5899999141693115
2024-12-21T22:48:10Z,Run,2024-12-21T23:23:56Z,-8.05179079,-34.94846555,139.0,90.0,2.5899999141693115
2024-12-21T22:48:10Z,Run,2024-12-21T23:23:57Z,-8.05179378,-34.94844389,139.0,89.0,2.5899999141693115
2024-12-21T22:48:10Z,Run,2024-12-21T23:23:58Z,-8.05179611,-34.94842123,139.0,90.0,2.5899999141693115
2024-12-21T22:48:10Z,Run,2024-12-21T23:23:59Z,-8.05179876,-34.94839857,139.0,90.0,2.5899999141693115
2024-12-21T22:48:10Z,Run,2024-12-21T23:24:00Z,-8.05180175,-34.94837691,139.0,90.0,2.5899999141693115
2024-12-21T22:48:10Z,Run,2024-12-21T23:24:01Z,-8.05180242,-34.94835658,139.0,91.0,2.5899999141693115
2024-12-21T22:48:10Z,Run,2024-12-21T23:24:02Z,-8.05180309,-34.94833659,139.0,91.0,2.5899999141693115
2024-12-21T22:48:10Z,Run,2024-12-21T23:24:03Z,-8.05180441,-34.94831426,139.0,91.0,2.5899999141693115
2024-12-21T22:48:10Z,Run,2024-12-21T23:24:04Z,-8.05180674,-34.94829226,139.0,90.0,2.5899999141693115
2024-12-21T22:48:10Z,Run,2024-12-21T23:24:05Z,-8.05180807,-34.9482696,139.0,90.0,2.5899999141693115
2024-12-21T22:48:10Z,Run,2024-12-21T23:24:06Z,-8.05180907,-34.94824695,139.0,90.0,2.5899999141693115
2024-12-21T22:48:10Z,Run,2024-12-21T23:24:07Z,-8.05181006,-34.94822396,139.0,90.0,2.5799999237060547
2024-12-21T22:48:10Z,Run,2024-12-21T23:24:08Z,-8.05181138,-34.94819996,139.0,90.0,2.5799999237060547
2024-12-21T22:48:10Z,Run,2024-12-21T23:24:09Z,-8.05181504,-34.94817463,139.0,90.0,2.5799999237060547
2024-12-21T22:48:10Z,Run,2024-12-21T23:24:10Z,-8.05181904,-34.94814963,139.0,89.0,2.5799999237060547
2024-12-21T22:48:10Z,Run,2024-12-21T23:24:11Z,-8.05182469,-34.94812431,139.0,89.0,2.5799999237060547
2024-12-21T22:48:10Z,Run,2024-12-21T23:24:12Z,-8.05183436,-34.94809964,139.0,90.0,2.5799999237060547
2024-12-21T22:48:10Z,Run,2024-12-21T23:24:13Z,-8.05184535,-34.94807798,139.0,90.0,2.5799999237060547
2024-12-21T22:48:10Z,Run,2024-12-21T23:24:14Z,-8.05185202,-34.94805365,139.0,90.0,2.5899999141693115
2024-12-21T22:48:10Z,Run,2024-12-21T23:24:15Z,-8.05185668,-34.94802999,139.0,90.0,2.5899999141693115
2024-12-21T22:48:10Z,Run,2024-12-21T23:24:16Z,-8.05185834,-34.94800633,139.0,90.0,2.5899999141693115
2024-12-21T22:48:10Z,Run,2024-12-21T23:24:17Z,-8.05185966,-34.947984,139.0,90.0,2.5899999141693115
2024-12-21T22:48:10Z,Run,2024-12-21T23:24:18Z,-8.05186065,-34.94796166,139.0,90.0,2.5899999141693115
2024-12-21T22:48:10Z,Run,2024-12-21T23:24:19Z,-8.05186132,-34.947938,139.0,90.0,2.5899999141693115
2024-12-21T22:48:10Z,Run,2024-12-21T23:24:20Z,-8.05186232,-34.94791501,139.0,90.0,2.5999999046325684
2024-12-21T22:48:10Z,Run,2024-12-21T23:24:21Z,-8.05186165,-34.94789235,139.0,90.0,2.5999999046325684
2024-12-21T22:48:10Z,Run,2024-12-21T23:24:22Z,-8.05186099,-34.94787136,139.0,91.0,2.5999999046325684
2024-12-21T22:48:10Z,Run,2024-12-21T23:24:23Z,-8.05185766,-34.94784769,139.0,91.0,2.5999999046325684
2024-12-21T22:48:10Z,Run,2024-12-21T23:24:24Z,-8.05185433,-34.9478247,139.0,92.0,2.5999999046325684
2024-12-21T22:48:10Z,Run,2024-12-21T23:24:25Z,-8.05184934,-34.94780138,139.0,91.0,2.5899999141693115
2024-12-21T22:48:10Z,Run,2024-12-21T23:24:26Z,-8.05184534,-34.94777606,139.0,89.0,2.5899999141693115
2024-12-21T22:48:10Z,Run,2024-12-21T23:24:27Z,-8.05184302,-34.94775307,139.0,88.0,2.5899999141693115
2024-12-21T22:48:10Z,Run,2024-12-21T23:24:28Z,-8.05184168,-34.94772973,139.0,88.0,2.5899999141693115
2024-12-21T22:48:10Z,Run,2024-12-21T23:24:29Z,-8.05184235,-34.94770341,139.0,89.0,2.5899999141693115
2024-12-21T22:48:10Z,Run,2024-12-21T23:24:30Z,-8.05184534,-34.94767809,139.0,89.0,2.5899999141693115
2024-12-21T22:48:10Z,Run,2024-12-21T23:24:31Z,-8.05184967,-34.94765609,139.0,90.0,2.5899999141693115
2024-12-21T22:48:10Z,Run,2024-12-21T23:24:32Z,-8.05185566,-34.9476331,139.0,90.0,2.5899999141693115
2024-12-21T22:48:10Z,Run,2024-12-21T23:24:33Z,-8.051864,-34.94760977,139.0,91.0,2.5899999141693115
2024-12-21T22:48:10Z,Run,2024-12-21T23:24:34Z,-8.05187532,-34.94758412,139.0,91.0,2.5899999141693115
2024-12-21T22:48:10Z,Run,2024-12-21T23:24:35Z,-8.05188864,-34.94755745,156.0,90.0,2.5999999046325684
2024-12-21T22:48:10Z,Run,2024-12-21T23:24:36Z,-8.05190363,-34.94753479,156.0,90.0,2.5999999046325684
2024-12-21T22:48:10Z,Run,2024-12-21T23:24:37Z,-8.0519223,-34.94751613,156.0,89.0,2.5999999046325684
2024-12-21T22:48:10Z,Run,2024-12-21T23:24:38Z,-8.0519433,-34.94750147,157.0,89.0,2.5999999046325684
2024-12-21T22:48:10Z,Run,2024-12-21T23:24:39Z,-8.05196862,-34.94749314,157.0,89.0,2.609999895095825
2024-12-21T22:48:10Z,Run,2024-12-21T23:24:40Z,-8.05199662,-34.94748981,157.0,89.0,2.609999895095825
2024-12-21T22:48:10Z,Run,2024-12-21T23:24:41Z,-8.05202461,-34.94749047,157.0,89.0,2.609999895095825
2024-12-21T22:48:10Z,Run,2024-12-21T23:24:42Z,-8.05205195,-34.94749214,157.0,89.0,2.609999895095825
2024-12-21T22:48:10Z,Run,2024-12-21T23:24:43Z,-8.05207927,-34.94749779,157.0,89.0,2.609999895095825
2024-12-21T22:48:10Z,Run,2024-12-21T23:24:44Z,-8.05210394,-34.94750678,158.0,89.0,2.619999885559082
2024-12-21T22:48:10Z,Run,2024-12-21T23:24:45Z,-8.05212359,-34.94751978,158.0,90.0,2.630000114440918
2024-12-21T22:48:10Z,Run,2024-12-21T23:24:46Z,-8.05213959,-34.94753612,159.0,90.0,2.630000114440918
2024-12-21T22:48:10Z,Run,2024-12-21T23:24:47Z,-8.05215192,-34.94755244,160.0,89.0,2.630000114440918
2024-12-21T22:48:10Z,Run,2024-12-21T23:24:48Z,-8.05216025,-34.94757277,160.0,89.0,2.630000114440918
2024-12-21T22:48:10Z,Run,2024-12-21T23:24:49Z,-8.05216492,-34.9475921,161.0,88.0,2.630000114440918
2024-12-21T22:48:10Z,Run,2024-12-21T23:24:50Z,-8.05216557,-34.9476121,161.0,88.0,2.630000114440918
2024-12-21T22:48:10Z,Run,2024-12-21T23:24:51Z,-8.05216391,-34.94763209,162.0,88.0,2.630000114440918
2024-12-21T22:48:10Z,Run,2024-12-21T23:24:52Z,-8.05216124,-34.94765374,162.0,89.0,2.609999895095825
2024-12-21T22:48:10Z,Run,2024-12-21T23:24:53Z,-8.05215892,-34.94767741,162.0,89.0,2.609999895095825
2024-12-21T22:48:10Z,Run,2024-12-21T23:24:54Z,-8.05215726,-34.94770007,162.0,89.0,2.609999895095825
2024-12-21T22:48:10Z,Run,2024-12-21T23:24:55Z,-8.05215726,-34.94772272,162.0,89.0,2.5999999046325684
2024-12-21T22:48:10Z,Run,2024-12-21T23:24:56Z,-8.05215626,-34.94774538,163.0,89.0,2.5899999141693115
2024-12-21T22:48:10Z,Run,2024-12-21T23:24:57Z,-8.05215626,-34.9477707,164.0,88.0,2.5899999141693115
2024-12-21T22:48:10Z,Run,2024-12-21T23:24:58Z,-8.05215726,-34.94779504,165.0,88.0,2.5799999237060547
2024-12-21T22:48:10Z,Run,2024-12-21T23:24:59Z,-8.05215892,-34.94781769,165.0,89.0,2.569999933242798
2024-12-21T22:48:10Z,Run,2024-12-21T23:25:00Z,-8.05216157,-34.94783969,165.0,89.0,2.569999933242798
2024-12-21T22:48:10Z,Run,2024-12-21T23:25:01Z,-8.05216523,-34.94786202,165.0,89.0,2.569999933242798
2024-12-21T22:48:10Z,Run,2024-12-21T23:25:02Z,-8.05216689,-34.94788535,165.0,89.0,2.569999933242798
2024-12-21T22:48:10Z,Run,2024-12-21T23:25:03Z,-8.05216889,-34.94790967,166.0,89.0,2.569999933242798
2024-12-21T22:48:10Z,Run,2024-12-21T23:25:04Z,-8.05216989,-34.94793367,166.0,89.0,2.559999942779541
2024-12-21T22:48:10Z,Run,2024-12-21T23:25:05Z,-8.05217088,-34.94795633,166.0,89.0,2.559999942779541
2024-12-21T22:48:10Z,Run,2024-12-21T23:25:06Z,-8.05217187,-34.94797699,166.0,89.0,2.559999942779541
2024-12-21T22:48:10Z,Run,2024-12-21T23:25:07Z,-8.05217154,-34.94799899,167.0,90.0,2.559999942779541
2024-12-21T22:48:10Z,Run,2024-12-21T23:25:08Z,-8.05217187,-34.94802099,166.0,90.0,2.549999952316284
2024-12-21T22:48:10Z,Run,2024-12-21T23:25:09Z,-8.05217253,-34.94804299,166.0,90.0,2.549999952316284
2024-12-21T22:48:10Z,Run,2024-12-21T23:25:10Z,-8.05217352,-34.94806364,166.0,90.0,2.549999952316284
2024-12-21T22:48:10Z,Run,2024-12-21T23:25:11Z,-8.05217419,-34.94808464,166.0,90.0,2.549999952316284
2024-12-21T22:48:10Z,Run,2024-12-21T23:25:12Z,-8.05217419,-34.94810863,166.0,90.0,2.549999952316284
2024-12-21T22:48:10Z,Run,2024-12-21T23:25:13Z,-8.0521732,-34.9481303,166.0,89.0,2.5399999618530273
2024-12-21T22:48:10Z,Run,2024-12-21T23:25:14Z,-8.0521712,-34.94815196,165.0,89.0,2.5299999713897705
2024-12-21T22:48:10Z,Run,2024-12-21T23:25:15Z,-8.05217053,-34.94817396,164.0,89.0,2.5299999713897705
2024-12-21T22:48:10Z,Run,2024-12-21T23:25:16Z,-8.05217152,-34.94819562,164.0,89.0,2.5299999713897705
2024-12-21T22:48:10Z,Run,2024-12-21T23:25:17Z,-8.05217252,-34.94821962,164.0,89.0,2.5199999809265137
2024-12-21T22:48:10Z,Run,2024-12-21T23:25:18Z,-8.05217285,-34.94824428,164.0,89.0,2.5199999809265137
2024-12-21T22:48:10Z,Run,2024-12-21T23:25:19Z,-8.05217318,-34.94826628,162.0,89.0,2.509999990463257
2024-12-21T22:48:10Z,Run,2024-12-21T23:25:20Z,-8.0521745,-34.94828694,162.0,89.0,2.509999990463257
2024-12-21T22:48:10Z,Run,2024-12-21T23:25:21Z,-8.05217716,-34.94830727,162.0,88.0,2.509999990463257
2024-12-21T22:48:10Z,Run,2024-12-21T23:25:22Z,-8.05217882,-34.94832826,162.0,88.0,2.5
2024-12-21T22:48:10Z,Run,2024-12-21T23:25:23Z,-8.05217982,-34.94834959,162.0,89.0,2.5
2024-12-21T22:48:10Z,Run,2024-12-21T23:25:24Z,-8.05218081,-34.94837125,162.0,89.0,2.5
2024-12-21T22:48:10Z,Run,2024-12-21T23:25:25Z,-8.05217948,-34.94839358,161.0,89.0,2.5
2024-12-21T22:48:10Z,Run,2024-12-21T23:25:26Z,-8.05217715,-34.94841624,161.0,89.0,2.5
2024-12-21T22:48:10Z,Run,2024-12-21T23:25:27Z,-8.05217449,-34.94843924,160.0,90.0,2.490000009536743
2024-12-21T22:48:10Z,Run,2024-12-21T23:25:28Z,-8.05217149,-34.94846323,161.0,90.0,2.490000009536743
2024-12-21T22:48:10Z,Run,2024-12-21T23:25:29Z,-8.05216816,-34.94848556,161.0,90.0,2.490000009536743
2024-12-21T22:48:10Z,Run,2024-12-21T23:25:30Z,-8.05216517,-34.94850656,161.0,90.0,2.490000009536743
2024-12-21T22:48:10Z,Run,2024-12-21T23:25:31Z,-8.05216184,-34.94852722,161.0,89.0,2.490000009536743
2024-12-21T22:48:10Z,Run,2024-12-21T23:25:32Z,-8.05215984,-34.94854588,161.0,90.0,2.490000009536743
2024-12-21T22:48:10Z,Run,2024-12-21T23:25:33Z,-8.05215918,-34.94856454,161.0,90.0,2.490000009536743
2024-12-21T22:48:10Z,Run,2024-12-21T23:25:34Z,-8.05215751,-34.94858453,161.0,90.0,2.4800000190734863
2024-12-21T22:48:10Z,Run,2024-12-21T23:25:35Z,-8.05215519,-34.94860587,161.0,89.0,2.4800000190734863
2024-12-21T22:48:10Z,Run,2024-12-21T23:25:36Z,-8.05215319,-34.94862686,161.0,89.0,2.4800000190734863
2024-12-21T22:48:10Z,Run,2024-12-21T23:25:37Z,-8.05215087,-34.94864786,161.0,89.0,2.4800000190734863
2024-12-21T22:48:10Z,Run,2024-12-21T23:25:38Z,-8.05214787,-34.94867019,162.0,89.0,2.4800000190734863
2024-12-21T22:48:10Z,Run,2024-12-21T23:25:39Z,-8.05214521,-34.94869385,163.0,87.0,2.4800000190734863
2024-12-21T22:48:10Z,Run,2024-12-21T23:25:40Z,-8.05214155,-34.94871585,164.0,87.0,2.4700000286102295
2024-12-21T22:48:10Z,Run,2024-12-21T23:25:41Z,-8.05213789,-34.94873785,166.0,87.0,2.4700000286102295
2024-12-21T22:48:10Z,Run,2024-12-21T23:25:42Z,-8.05213456,-34.9487595,166.0,87.0,2.4700000286102295
2024-12-21T22:48:10Z,Run,2024-12-21T23:25:43Z,-8.05213156,-34.9487815,167.0,88.0,2.4700000286102295
2024-12-21T22:48:10Z,Run,2024-12-21T23:25:44Z,-8.05212791,-34.94880384,166.0,89.0,2.4600000381469727
2024-12-21T22:48:10Z,Run,2024-12-21T23:25:45Z,-8.05212524,-34.94882683,166.0,89.0,2.4600000381469727
2024-12-21T22:48:10Z,Run,2024-12-21T23:25:46Z,-8.05212324,-34.94884749,166.0,89.0,2.4600000381469727
2024-12-21T22:48:10Z,Run,2024-12-21T23:25:47Z,-8.05212225,-34.94886648,166.0,89.0,2.450000047683716
2024-12-21T22:48:10Z,Run,2024-12-21T23:25:48Z,-8.05212059,-34.94888548,166.0,89.0,2.430000066757202
2024-12-21T22:48:10Z,Run,2024-12-21T23:25:49Z,-8.05211859,-34.94890314,166.0,89.0,2.430000066757202
2024-12-21T22:48:10Z,Run,2024-12-21T23:25:50Z,-8.05211727,-34.94891781,166.0,89.0,2.4000000953674316
2024-12-21T22:48:10Z,Run,2024-12-21T23:25:51Z,-8.05211727,-34.94893147,166.0,89.0,2.359999895095825
2024-12-21T22:48:10Z,Run,2024-12-21T23:25:52Z,-8.05211826,-34.9489448,166.0,89.0,2.2300000190734863
2024-12-21T22:48:10Z,Run,2024-12-21T23:25:53Z,-8.05211859,-34.9489578,166.0,89.0,2.0
2024-12-21T22:48:10Z,Run,2024-12-21T23:25:54Z,-8.05211826,-34.94897045,167.0,89.0,1.75
2024-12-21T22:48:10Z,Run,2024-12-21T23:25:55Z,-8.05211794,-34.94898245,167.0,89.0,1.75
2024-12-21T22:48:10Z,Run,2024-12-21T23:25:56Z,-8.05211794,-34.94899345,168.0,89.0,1.5099999904632568
2024-12-21T22:48:10Z,Run,2024-12-21T23:25:57Z,-8.0521166,-34.94900411,168.0,89.0,1.409999966621399
2024-12-21T22:48:10Z,Run,2024-12-21T23:25:58Z,-8.05211528,-34.94901344,168.0,89.0,1.399999976158142
2024-12-21T22:48:10Z,Run,2024-12-21T23:25:59Z,-8.05211328,-34.94902243,167.0,89.0,1.3799999952316284
2024-12-21T22:48:10Z,Run,2024-12-21T23:26:00Z,-8.05211096,-34.94903109,167.0,89.0,1.340000033378601
2024-12-21T22:48:10Z,Run,2024-12-21T23:26:01Z,-8.05211029,-34.94903975,167.0,89.0,1.340000033378601
2024-12-21T22:48:10Z,Run,2024-12-21T23:26:02Z,-8.05211096,-34.9490484,165.0,89.0,1.25
2024-12-21T22:48:10Z,Run,2024-12-21T23:26:03Z,-8.05211161,-34.94905907,164.0,89.0,1.1399999856948853
2024-12-21T22:48:10Z,Run,2024-12-21T23:26:04Z,-8.05211062,-34.94907207,162.0,89.0,1.0700000524520874
2024-12-21T22:48:10Z,Run,2024-12-21T23:26:05Z,-8.05210862,-34.94908639,162.0,89.0,1.0399999618530273
2024-12-21T22:48:10Z,Run,2024-12-21T23:26:06Z,-8.05210662,-34.94910039,160.0,89.0,1.0399999618530273
2024-12-21T22:48:10Z,Run,2024-12-21T23:26:07Z,-8.05210462,-34.94911338,160.0,89.0,1.0399999618530273
2024-12-21T22:48:10Z,Run,2024-12-21T23:26:08Z,-8.0521023,-34.94912572,157.0,89.0,1.0800000429153442
2024-12-21T22:48:10Z,Run,2024-12-21T23:26:09Z,-8.0521003,-34.94913871,156.0,89.0,1.190000057220459
2024-12-21T22:48:10Z,Run,2024-12-21T23:26:10Z,-8.05209763,-34.94915204,156.0,89.0,1.309999942779541
2024-12-21T22:48:10Z,Run,2024-12-21T23:26:11Z,-8.05209531,-34.94916436,157.0,89.0,1.3600000143051147
2024-12-21T22:48:10Z,Run,2024-12-21T23:26:12Z,-8.05209231,-34.94917636,155.0,89.0,1.3700000047683716
2024-12-21T22:48:10Z,Run,2024-12-21T23:26:13Z,-8.05208965,-34.94919102,155.0,89.0,1.3700000047683716
2024-12-21T22:48:10Z,Run,2024-12-21T23:26:14Z,-8.052089,-34.94920601,155.0,89.0,1.3799999952316284
2024-12-21T22:48:10Z,Run,2024-12-21T23:26:15Z,-8.052089,-34.949223,154.0,89.0,1.3899999856948853
2024-12-21T22:48:10Z,Run,2024-12-21T23:26:16Z,-8.05208866,-34.94923933,153.0,89.0,1.3899999856948853
2024-12-21T22:48:10Z,Run,2024-12-21T23:26:17Z,-8.05208701,-34.94925466,151.0,89.0,1.399999976158142
2024-12-21T22:48:10Z,Run,2024-12-21T23:26:18Z,-8.05208335,-34.94927032,150.0,89.0,1.399999976158142
2024-12-21T22:48:10Z,Run,2024-12-21T23:26:19Z,-8.05208102,-34.94928666,150.0,89.0,1.399999976158142
2024-12-21T22:48:10Z,Run,2024-12-21T23:26:20Z,-8.05207803,-34.94930299,143.0,89.0,1.4299999475479126
2024-12-21T22:48:10Z,Run,2024-12-21T23:26:21Z,-8.0520757,-34.94931865,141.0,89.0,1.4600000381469727
2024-12-21T22:48:10Z,Run,2024-12-21T23:26:22Z,-8.05207305,-34.94933465,139.0,60.0,1.4700000286102295
2024-12-21T22:48:10Z,Run,2024-12-21T23:26:23Z,-8.05207072,-34.94935098,138.0,60.0,1.4800000190734863
2024-12-21T22:48:10Z,Run,2024-12-21T23:26:24Z,-8.05207039,-34.94936664,138.0,60.0,1.4900000095367432
2024-12-21T22:48:10Z,Run,2024-12-21T23:26:25Z,-8.05207272,-34.94938129,138.0,60.0,1.4900000095367432
2024-12-21T22:48:10Z,Run,2024-12-21T23:26:25Z,-8.05207638,-34.94939529,140.0,63.0,1.4900000095367432
2024-12-21T22:48:10Z,Run,2024-12-21T23:26:26Z,-8.05207937,-34.94940729,140.0,63.0,1.4900000095367432
2024-12-21T22:48:10Z,Run,2024-12-21T23:26:27Z,-8.05208536,-34.94941728,140.0,63.0,1.4900000095367432
2024-12-21T22:48:10Z,Run,2024-12-21T23:26:28Z,-8.05209336,-34.94942762,140.0,63.0,1.4900000095367432
2024-12-21T22:48:10Z,Run,2024-12-21T23:26:29Z,-8.05209903,-34.94943894,139.0,63.0,1.4900000095367432
2024-12-21T22:48:10Z,Run,2024-12-21T23:26:30Z,-8.05210302,-34.94944994,139.0,63.0,1.4900000095367432
2024-12-21T22:48:10Z,Run,2024-12-21T23:26:31Z,-8.05210702,-34.94946027,135.0,63.0,1.4800000190734863
2024-12-21T22:48:10Z,Run,2024-12-21T23:26:32Z,-8.05211201,-34.9494706,132.0,63.0,1.4700000286102295
2024-12-21T22:48:10Z,Run,2024-12-21T23:26:33Z,-8.05211833,-34.94948225,133.0,63.0,1.4700000286102295
2024-12-21T22:48:10Z,Run,2024-12-21T23:26:34Z,-8.05212466,-34.94949492,134.0,63.0,1.4600000381469727
2024-12-21T22:48:10Z,Run,2024-12-21T23:26:35Z,-8.05213099,-34.94950825,132.0,62.0,1.4500000476837158
2024-12-21T22:48:10Z,Run,2024-12-21T23:26:36Z,-8.05213632,-34.94952258,132.0,62.0,1.4500000476837158
2024-12-21T22:48:10Z,Run,2024-12-21T23:26:37Z,-8.05213998,-34.94953857,129.0,62.0,1.4500000476837158
2024-12-21T22:48:10Z,Run,2024-12-21T23:26:38Z,-8.05214297,-34.94955457,129.0,62.0,1.440000057220459
2024-12-21T22:48:10Z,Run,2024-12-21T23:26:39Z,-8.05214297,-34.9495679,129.0,64.0,1.440000057220459
2024-12-21T22:48:10Z,Run,2024-12-21T23:26:40Z,-8.0521423,-34.94958089,129.0,64.0,1.440000057220459
2024-12-21T22:48:10Z,Run,2024-12-21T23:26:41Z,-8.05214297,-34.94959456,129.0,64.0,1.440000057220459
2024-12-21T22:48:10Z,Run,2024-12-21T23:26:42Z,-8.05214429,-34.94960921,129.0,64.0,1.440000057220459
2024-12-21T22:48:10Z,Run,2024-12-21T23:26:43Z,-8.05214529,-34.94962388,129.0,64.0,1.440000057220459
2024-12-21T22:48:10Z,Run,2024-12-21T23:26:44Z,-8.05214596,-34.94963754,129.0,64.0,1.440000057220459
2024-12-21T22:48:10Z,Run,2024-12-21T23:26:45Z,-8.05214596,-34.94965054,130.0,64.0,1.4500000476837158
2024-12-21T22:48:10Z,Run,2024-12-21T23:26:46Z,-8.05214496,-34.94966486,130.0,64.0,1.4500000476837158
2024-12-21T22:48:10Z,Run,2024-12-21T23:26:47Z,-8.05214197,-34.94967786,130.0,64.0,1.4500000476837158
2024-12-21T22:48:10Z,Run,2024-12-21T23:26:48Z,-8.0521393,-34.94969186,129.0,64.0,1.4500000476837158
2024-12-21T22:48:10Z,Run,2024-12-21T23:26:49Z,-8.05213664,-34.94970553,129.0,64.0,1.4500000476837158
2024-12-21T22:48:10Z,Run,2024-12-21T23:26:50Z,-8.05213398,-34.94971985,128.0,64.0,1.4600000381469727
2024-12-21T22:48:10Z,Run,2024-12-21T23:26:51Z,-8.05213265,-34.94973284,127.0,64.0,1.4600000381469727
2024-12-21T22:48:10Z,Run,2024-12-21T23:26:52Z,-8.052132,-34.94974617,128.0,63.0,1.4600000381469727
2024-12-21T22:48:10Z,Run,2024-12-21T23:26:53Z,-8.052132,-34.94976083,128.0,64.0,1.4600000381469727
2024-12-21T22:48:10Z,Run,2024-12-21T23:26:54Z,-8.052131,-34.94977383,128.0,64.0,1.4600000381469727
2024-12-21T22:48:10Z,Run,2024-12-21T23:26:55Z,-8.05213001,-34.94978649,128.0,64.0,1.4600000381469727
2024-12-21T22:48:10Z,Run,2024-12-21T23:26:56Z,-8.05212768,-34.94979949,128.0,64.0,1.4700000286102295
2024-12-21T22:48:10Z,Run,2024-12-21T23:26:57Z,-8.05212636,-34.94981448,127.0,64.0,1.4700000286102295
2024-12-21T22:48:10Z,Run,2024-12-21T23:26:58Z,-8.0521247,-34.94982914,124.0,64.0,1.4700000286102295
2024-12-21T22:48:10Z,Run,2024-12-21T23:26:59Z,-8.0521217,-34.9498428,125.0,64.0,1.4700000286102295
2024-12-21T22:48:10Z,Run,2024-12-21T23:27:00Z,-8.05211805,-34.9498558,125.0,64.0,1.4700000286102295
2024-12-21T22:48:10Z,Run,2024-12-21T23:27:01Z,-8.05211405,-34.94986779,125.0,63.0,1.4700000286102295
2024-12-21T22:48:10Z,Run,2024-12-21T23:27:02Z,-8.05211039,-34.94988012,125.0,63.0,1.4700000286102295
2024-12-21T22:48:10Z,Run,2024-12-21T23:27:03Z,-8.05210673,-34.94989178,125.0,62.0,1.4700000286102295
2024-12-21T22:48:10Z,Run,2024-12-21T23:27:04Z,-8.05210307,-34.94990245,124.0,64.0,1.4700000286102295
2024-12-21T22:48:10Z,Run,2024-12-21T23:27:05Z,-8.05209874,-34.9499121,124.0,64.0,1.4700000286102295
2024-12-21T22:48:10Z,Run,2024-12-21T23:27:06Z,-8.05209374,-34.94992376,124.0,64.0,1.4700000286102295
2024-12-21T22:48:10Z,Run,2024-12-21T23:27:07Z,-8.05209009,-34.94993643,124.0,64.0,1.4700000286102295
2024-12-21T22:48:10Z,Run,2024-12-21T23:27:08Z,-8.05208776,-34.94994875,125.0,64.0,1.4700000286102295
2024-12-21T22:48:10Z,Run,2024-12-21T23:27:09Z,-8.05208644,-34.94996074,125.0,63.0,1.4600000381469727
2024-12-21T22:48:10Z,Run,2024-12-21T23:27:10Z,-8.05208743,-34.94997174,125.0,62.0,1.4600000381469727
2024-12-21T22:48:10Z,Run,2024-12-21T23:27:11Z,-8.05208976,-34.94998107,125.0,62.0,1.4500000476837158
2024-12-21T22:48:10Z,Run,2024-12-21T23:27:12Z,-8.05209176,-34.94999006,125.0,62.0,1.4500000476837158
2024-12-21T22:48:10Z,Run,2024-12-21T23:27:13Z,-8.05209409,-34.95000172,123.0,62.0,1.4500000476837158
2024-12-21T22:48:10Z,Run,2024-12-21T23:27:14Z,-8.05209641,-34.95001404,121.0,62.0,1.4500000476837158
2024-12-21T22:48:10Z,Run,2024-12-21T23:27:15Z,-8.05209674,-34.95002771,119.0,62.0,1.440000057220459
2024-12-21T22:48:10Z,Run,2024-12-21T23:27:16Z,-8.05209874,-34.95004171,119.0,62.0,1.440000057220459
2024-12-21T22:48:10Z,Run,2024-12-21T23:27:17Z,-8.05210107,-34.95005538,119.0,62.0,1.4299999475479126
2024-12-21T22:48:10Z,Run,2024-12-21T23:27:18Z,-8.05210372,-34.9500677,118.0,62.0,1.4299999475479126
2024-12-21T22:48:10Z,Run,2024-12-21T23:27:19Z,-8.05210671,-34.95008003,118.0,62.0,1.4299999475479126
2024-12-21T22:48:10Z,Run,2024-12-21T23:27:20Z,-8.05210871,-34.95009269,117.0,62.0,1.4199999570846558
2024-12-21T22:48:10Z,Run,2024-12-21T23:27:21Z,-8.05210838,-34.95010636,117.0,61.0,1.4199999570846558
2024-12-21T22:48:10Z,Run,2024-12-21T23:27:22Z,-8.05210739,-34.95012036,117.0,61.0,1.4199999570846558
2024-12-21T22:48:10Z,Run,2024-12-21T23:27:23Z,-8.05210539,-34.95013402,118.0,61.0,1.409999966621399
2024-12-21T22:48:10Z,Run,2024-12-21T23:27:24Z,-8.05210272,-34.95014635,119.0,61.0,1.409999966621399
2024-12-21T22:48:10Z,Run,2024-12-21T23:27:25Z,-8.0521004,-34.95015935,119.0,61.0,1.409999966621399
2024-12-21T22:48:10Z,Run,2024-12-21T23:27:26Z,-8.05209741,-34.95017268,119.0,61.0,1.409999966621399
2024-12-21T22:48:10Z,Run,2024-12-21T23:27:27Z,-8.05209308,-34.950185,120.0,61.0,1.409999966621399
2024-12-21T22:48:10Z,Run,2024-12-21T23:27:28Z,-8.05208909,-34.95019666,121.0,62.0,1.409999966621399
2024-12-21T22:48:10Z,Run,2024-12-21T23:27:29Z,-8.05208542,-34.95020933,122.0,62.0,1.409999966621399
2024-12-21T22:48:10Z,Run,2024-12-21T23:27:30Z,-8.05208276,-34.95022299,121.0,62.0,1.409999966621399
2024-12-21T22:48:10Z,Run,2024-12-21T23:27:31Z,-8.05208176,-34.95023565,121.0,62.0,1.409999966621399
2024-12-21T22:48:10Z,Run,2024-12-21T23:27:32Z,-8.05208243,-34.95024731,121.0,62.0,1.409999966621399
2024-12-21T22:48:10Z,Run,2024-12-21T23:27:33Z,-8.05208375,-34.95025863,121.0,62.0,1.409999966621399
2024-12-21T22:48:10Z,Run,2024-12-21T23:27:34Z,-8.05208541,-34.95027063,121.0,62.0,1.409999966621399
2024-12-21T22:48:10Z,Run,2024-12-21T23:27:35Z,-8.05208674,-34.95028362,121.0,62.0,1.409999966621399
2024-12-21T22:48:10Z,Run,2024-12-21T23:27:36Z,-8.0520874,-34.95029729,121.0,62.0,1.409999966621399
2024-12-21T22:48:10Z,Run,2024-12-21T23:27:37Z,-8.05208872,-34.95031029,121.0,62.0,1.409999966621399
2024-12-21T22:48:10Z,Run,2024-12-21T23:27:38Z,-8.05208872,-34.95032261,121.0,62.0,1.399999976158142
2024-12-21T22:48:10Z,Run,2024-12-21T23:27:39Z,-8.0520874,-34.95033594,121.0,62.0,1.399999976158142
2024-12-21T22:48:10Z,Run,2024-12-21T23:27:40Z,-8.05208508,-34.95034893,121.0,62.0,1.399999976158142
2024-12-21T22:48:10Z,Run,2024-12-21T23:27:41Z,-8.05208441,-34.9503626,122.0,62.0,1.399999976158142
2024-12-21T22:48:10Z,Run,2024-12-21T23:27:42Z,-8.05208474,-34.95037493,124.0,62.0,1.399999976158142
2024-12-21T22:48:10Z,Run,2024-12-21T23:27:43Z,-8.05208573,-34.95038759,124.0,62.0,1.399999976158142
2024-12-21T22:48:10Z,Run,2024-12-21T23:27:44Z,-8.05208673,-34.95040059,127.0,62.0,1.399999976158142
2024-12-21T22:48:10Z,Run,2024-12-21T23:27:45Z,-8.0520854,-34.95041525,129.0,63.0,1.3899999856948853
2024-12-21T22:48:10Z,Run,2024-12-21T23:27:46Z,-8.05208408,-34.95043024,129.0,63.0,1.3899999856948853
2024-12-21T22:48:10Z,Run,2024-12-21T23:27:47Z,-8.05208142,-34.95044424,126.0,63.0,1.3899999856948853
2024-12-21T22:48:10Z,Run,2024-12-21T23:27:48Z,-8.05207909,-34.95046057,127.0,63.0,1.409999966621399
2024-12-21T22:48:10Z,Run,2024-12-21T23:27:49Z,-8.05207643,-34.95047624,127.0,63.0,1.409999966621399
2024-12-21T22:48:10Z,Run,2024-12-21T23:27:50Z,-8.05207243,-34.95049256,126.0,63.0,1.4299999475479126
2024-12-21T22:48:10Z,Run,2024-12-21T23:27:51Z,-8.05206877,-34.95050756,126.0,62.0,1.4500000476837158
2024-12-21T22:48:10Z,Run,2024-12-21T23:27:52Z,-8.05206511,-34.95052156,126.0,61.0,1.4700000286102295
2024-12-21T22:48:10Z,Run,2024-12-21T23:27:53Z,-8.05206145,-34.95053556,126.0,62.0,1.4800000190734863
2024-12-21T22:48:10Z,Run,2024-12-21T23:27:54Z,-8.05205846,-34.95054855,125.0,61.0,1.4800000190734863
2024-12-21T22:48:10Z,Run,2024-12-21T23:27:55Z,-8.05205714,-34.95056122,125.0,61.0,1.4800000190734863
2024-12-21T22:48:10Z,Run,2024-12-21T23:27:56Z,-8.05205747,-34.95057455,125.0,62.0,1.4800000190734863
2024-12-21T22:48:10Z,Run,2024-12-21T23:27:57Z,-8.05205813,-34.95058687,124.0,63.0,1.4700000286102295
2024-12-21T22:48:10Z,Run,2024-12-21T23:27:58Z,-8.05205846,-34.95059953,123.0,63.0,1.4600000381469727
2024-12-21T22:48:10Z,Run,2024-12-21T23:27:59Z,-8.05205646,-34.9506112,122.0,64.0,1.4199999570846558
2024-12-21T22:48:10Z,Run,2024-12-21T23:28:00Z,-8.05205414,-34.95062285,122.0,64.0,1.3899999856948853
2024-12-21T22:48:10Z,Run,2024-12-21T23:28:01Z,-8.05205147,-34.95063419,122.0,64.0,1.3899999856948853
2024-12-21T22:48:10Z,Run,2024-12-21T23:28:02Z,-8.05204915,-34.95064718,121.0,64.0,1.3700000047683716
2024-12-21T22:48:10Z,Run,2024-12-21T23:28:03Z,-8.05204915,-34.95066451,121.0,65.0,1.3700000047683716
2024-12-21T22:48:10Z,Run,2024-12-21T23:28:04Z,-8.0520498,-34.95068183,121.0,62.0,1.3700000047683716
2024-12-21T22:48:10Z,Run,2024-12-21T23:28:05Z,-8.05205013,-34.95069782,120.0,62.0,1.3600000143051147
2024-12-21T22:48:10Z,Run,2024-12-21T23:28:06Z,-8.05205113,-34.95071316,120.0,61.0,1.399999976158142
2024-12-21T22:48:10Z,Run,2024-12-21T23:28:07Z,-8.05205212,-34.95073048,120.0,61.0,1.399999976158142
2024-12-21T22:48:10Z,Run,2024-12-21T23:28:08Z,-8.05205277,-34.95074615,120.0,61.0,1.4900000095367432
2024-12-21T22:48:10Z,Run,2024-12-21T23:28:09Z,-8.05205277,-34.95076214,120.0,61.0,1.559999942779541
2024-12-21T22:48:10Z,Run,2024-12-21T23:28:10Z,-8.05205277,-34.95077814,120.0,61.0,1.590000033378601
2024-12-21T22:48:10Z,Run,2024-12-21T23:28:11Z,-8.05205212,-34.95079313,120.0,61.0,1.600000023841858
2024-12-21T22:48:10Z,Run,2024-12-21T23:28:12Z,-8.05205078,-34.95080779,120.0,61.0,1.600000023841858
2024-12-21T22:48:10Z,Run,2024-12-21T23:28:13Z,-8.05204913,-34.95082078,120.0,61.0,1.600000023841858
2024-12-21T22:48:10Z,Run,2024-12-21T23:28:14Z,-8.05205078,-34.95082878,119.0,61.0,1.590000033378601
2024-12-21T22:48:10Z,Run,2024-12-21T23:28:15Z,-8.05205245,-34.95083744,118.0,61.0,1.5800000429153442
2024-12-21T22:48:10Z,Run,2024-12-21T23:28:16Z,-8.05205311,-34.95084643,116.0,61.0,1.5499999523162842
2024-12-21T22:48:10Z,Run,2024-12-21T23:28:17Z,-8.05205411,-34.95085876,113.0,61.0,1.4800000190734863
2024-12-21T22:48:10Z,Run,2024-12-21T23:28:18Z,-8.05205643,-34.95087109,113.0,61.0,1.4199999570846558
2024-12-21T22:48:10Z,Run,2024-12-21T23:28:19Z,-8.05205943,-34.95088341,113.0,61.0,1.4199999570846558
2024-12-21T22:48:10Z,Run,2024-12-21T23:28:20Z,-8.05206375,-34.95089507,111.0,61.0,1.3799999952316284
2024-12-21T22:48:10Z,Run,2024-12-21T23:28:21Z,-8.05206841,-34.9509064,110.0,61.0,1.350000023841858
2024-12-21T22:48:10Z,Run,2024-12-21T23:28:22Z,-8.05207308,-34.95091872,109.0,61.0,1.340000033378601
2024-12-21T22:48:10Z,Run,2024-12-21T23:28:23Z,-8.05207673,-34.95093006,108.0,61.0,1.3799999952316284
2024-12-21T22:48:10Z,Run,2024-12-21T23:28:24Z,-8.05207873,-34.95093839,107.0,62.0,1.409999966621399
2024-12-21T22:48:10Z,Run,2024-12-21T23:28:25Z,-8.05208039,-34.95094538,107.0,62.0,1.409999966621399
2024-12-21T22:48:10Z,Run,2024-12-21T23:28:26Z,-8.05208171,-34.95095404,107.0,62.0,1.409999966621399
2024-12-21T22:48:10Z,Run,2024-12-21T23:28:27Z,-8.05208205,-34.95096337,107.0,62.0,1.409999966621399
2024-12-21T22:48:10Z,Run,2024-12-21T23:28:28Z,-8.05208171,-34.95097437,107.0,62.0,1.3799999952316284
2024-12-21T22:48:10Z,Run,2024-12-21T23:28:29Z,-8.05208238,-34.95098436,107.0,62.0,1.3200000524520874
2024-12-21T22:48:10Z,Run,2024-12-21T23:28:30Z,-8.05208305,-34.95099568,107.0,62.0,1.25
2024-12-21T22:48:10Z,Run,2024-12-21T23:28:31Z,-8.05208338,-34.95100802,107.0,62.0,1.2200000286102295
2024-12-21T22:48:10Z,Run,2024-12-21T23:28:32Z,-8.05208305,-34.95102134,107.0,62.0,1.2200000286102295
2024-12-21T22:48:10Z,Run,2024-12-21T23:28:33Z,-8.05208139,-34.95103467,107.0,62.0,1.2200000286102295
2024-12-21T22:48:10Z,Run,2024-12-21T23:28:34Z,-8.05208106,-34.95104666,108.0,62.0,1.2300000190734863
2024-12-21T22:48:10Z,Run,2024-12-21T23:28:35Z,-8.0520794,-34.95106033,109.0,62.0,1.25
2024-12-21T22:48:10Z,Run,2024-12-21T23:28:36Z,-8.05207774,-34.95107666,109.0,62.0,1.2899999618530273
2024-12-21T22:48:10Z,Run,2024-12-21T23:28:37Z,-8.05207441,-34.95109432,109.0,62.0,1.3200000524520874
2024-12-21T22:48:10Z,Run,2024-12-21T23:28:38Z,-8.05207108,-34.95111265,109.0,62.0,1.3200000524520874
2024-12-21T22:48:10Z,Run,2024-12-21T23:28:39Z,-8.05206674,-34.95112932,109.0,62.0,1.3600000143051147
2024-12-21T22:48:10Z,Run,2024-12-21T23:28:40Z,-8.05206375,-34.95114865,111.0,62.0,1.4600000381469727
2024-12-21T22:48:10Z,Run,2024-12-21T23:28:41Z,-8.0520611,-34.95117064,111.0,62.0,1.6100000143051147
2024-12-21T22:48:10Z,Run,2024-12-21T23:28:42Z,-8.05205843,-34.95119398,112.0,62.0,1.7599999904632568
2024-12-21T22:48:10Z,Run,2024-12-21T23:28:43Z,-8.05205711,-34.9512183,112.0,62.0,1.909999966621399
2024-12-21T22:48:10Z,Run,2024-12-21T23:28:44Z,-8.05205612,-34.95124362,112.0,62.0,1.909999966621399
2024-12-21T22:48:10Z,Run,2024-12-21T23:28:45Z,-8.05205644,-34.95127029,118.0,62.0,2.069999933242798
2024-12-21T22:48:10Z,Run,2024-12-21T23:28:46Z,-8.05205677,-34.95129628,120.0,88.0,2.2699999809265137
2024-12-21T22:48:10Z,Run,2024-12-21T23:28:47Z,-8.05205677,-34.95132227,120.0,88.0,2.430000066757202
2024-12-21T22:48:10Z,Run,2024-12-21T23:28:48Z,-8.05205677,-34.95134827,121.0,88.0,2.549999952316284
2024-12-21T22:48:10Z,Run,2024-12-21T23:28:50Z,-8.0520571,-34.95137459,121.0,88.0,2.6500000953674316
2024-12-21T22:48:10Z,Run,2024-12-21T23:28:50Z,-8.05205743,-34.95140092,121.0,88.0,2.6500000953674316
2024-12-21T22:48:10Z,Run,2024-12-21T23:28:51Z,-8.05205576,-34.95142792,120.0,89.0,2.7300000190734863
2024-12-21T22:48:10Z,Run,2024-12-21T23:28:52Z,-8.05205244,-34.95145592,121.0,88.0,2.7699999809265137
2024-12-21T22:48:10Z,Run,2024-12-21T23:28:53Z,-8.05204944,-34.95148358,123.0,88.0,2.759999990463257
2024-12-21T22:48:10Z,Run,2024-12-21T23:28:54Z,-8.05204611,-34.95151091,123.0,88.0,2.7799999713897705
2024-12-21T22:48:10Z,Run,2024-12-21T23:28:55Z,-8.05204312,-34.95153724,123.0,88.0,2.8399999141693115
2024-12-21T22:48:10Z,Run,2024-12-21T23:28:56Z,-8.05204079,-34.9515629,123.0,88.0,2.8399999141693115
2024-12-21T22:48:10Z,Run,2024-12-21T23:28:57Z,-8.05203879,-34.95159023,125.0,88.0,2.869999885559082
2024-12-21T22:48:10Z,Run,2024-12-21T23:28:58Z,-8.05203614,-34.95161489,126.0,89.0,2.890000104904175
2024-12-21T22:48:10Z,Run,2024-12-21T23:28:59Z,-8.05203448,-34.95163889,127.0,88.0,2.9000000953674316
2024-12-21T22:48:10Z,Run,2024-12-21T23:29:00Z,-8.05203282,-34.95166322,127.0,88.0,2.890000104904175
2024-12-21T22:48:10Z,Run,2024-12-21T23:29:01Z,-8.05203017,-34.95168688,129.0,88.0,2.8499999046325684
2024-12-21T22:48:10Z,Run,2024-12-21T23:29:02Z,-8.05202917,-34.95171154,129.0,88.0,2.8499999046325684
2024-12-21T22:48:10Z,Run,2024-12-21T23:29:03Z,-8.05202917,-34.9517372,132.0,88.0,2.809999942779541
2024-12-21T22:48:10Z,Run,2024-12-21T23:29:04Z,-8.05202884,-34.9517622,133.0,88.0,2.7799999713897705
2024-12-21T22:48:10Z,Run,2024-12-21T23:29:05Z,-8.05202718,-34.9517872,133.0,89.0,2.7699999809265137
2024-12-21T22:48:10Z,Run,2024-12-21T23:29:06Z,-8.05202685,-34.95181419,133.0,88.0,2.759999990463257
2024-12-21T22:48:10Z,Run,2024-12-21T23:29:07Z,-8.05202553,-34.95184018,132.0,88.0,2.7699999809265137
2024-12-21T22:48:10Z,Run,2024-12-21T23:29:08Z,-8.05202454,-34.95186584,132.0,88.0,2.7699999809265137
2024-12-21T22:48:10Z,Run,2024-12-21T23:29:09Z,-8.05202387,-34.95189117,130.0,88.0,2.7899999618530273
2024-12-21T22:48:10Z,Run,2024-12-21T23:29:10Z,-8.05202288,-34.95191883,129.0,88.0,2.799999952316284
2024-12-21T22:48:10Z,Run,2024-12-21T23:29:11Z,-8.05202222,-34.95194549,129.0,88.0,2.819999933242798
2024-12-21T22:48:10Z,Run,2024-12-21T23:29:12Z,-8.05202155,-34.95197383,129.0,88.0,2.8399999141693115
2024-12-21T22:48:10Z,Run,2024-12-21T23:29:13Z,-8.05201923,-34.95199915,129.0,89.0,2.869999885559082
2024-12-21T22:48:10Z,Run,2024-12-21T23:29:14Z,-8.05201656,-34.95202514,129.0,89.0,2.869999885559082
2024-12-21T22:48:10Z,Run,2024-12-21T23:29:15Z,-8.05201457,-34.95205281,128.0,88.0,2.880000114440918
2024-12-21T22:48:10Z,Run,2024-12-21T23:29:16Z,-8.05201257,-34.95207646,127.0,88.0,2.880000114440918
2024-12-21T22:48:10Z,Run,2024-12-21T23:29:17Z,-8.05201024,-34.9521008,127.0,89.0,2.880000114440918
2024-12-21T22:48:10Z,Run,2024-12-21T23:29:18Z,-8.05200891,-34.95212513,127.0,89.0,2.880000114440918
2024-12-21T22:48:10Z,Run,2024-12-21T23:29:19Z,-8.05200791,-34.95214945,127.0,89.0,2.880000114440918
2024-12-21T22:48:10Z,Run,2024-12-21T23:29:20Z,-8.05200692,-34.95217579,127.0,89.0,2.880000114440918
2024-12-21T22:48:10Z,Run,2024-12-21T23:29:21Z,-8.0520056,-34.95220011,127.0,88.0,2.880000114440918
2024-12-21T22:48:10Z,Run,2024-12-21T23:29:22Z,-8.05200293,-34.95222411,127.0,88.0,2.869999885559082
2024-12-21T22:48:10Z,Run,2024-12-21T23:29:23Z,-8.05200061,-34.95224911,127.0,87.0,2.869999885559082
2024-12-21T22:48:10Z,Run,2024-12-21T23:29:24Z,-8.05199929,-34.95227443,127.0,87.0,2.859999895095825
2024-12-21T22:48:10Z,Run,2024-12-21T23:29:25Z,-8.05199829,-34.95230076,127.0,89.0,2.8499999046325684
2024-12-21T22:48:10Z,Run,2024-12-21T23:29:26Z,-8.05199762,-34.95232675,127.0,89.0,2.8499999046325684
2024-12-21T22:48:10Z,Run,2024-12-21T23:29:27Z,-8.05199696,-34.95235408,127.0,89.0,2.8499999046325684
2024-12-21T22:48:10Z,Run,2024-12-21T23:29:28Z,-8.05199663,-34.9523794,127.0,88.0,2.8499999046325684
2024-12-21T22:48:10Z,Run,2024-12-21T23:29:29Z,-8.05199663,-34.95240539,127.0,89.0,2.8499999046325684
2024-12-21T22:48:10Z,Run,2024-12-21T23:29:30Z,-8.05199463,-34.95242973,128.0,89.0,2.8399999141693115
2024-12-21T22:48:10Z,Run,2024-12-21T23:29:31Z,-8.05199364,-34.95245672,129.0,89.0,2.8399999141693115
2024-12-21T22:48:10Z,Run,2024-12-21T23:29:32Z,-8.05199232,-34.95248172,129.0,90.0,2.8399999141693115
2024-12-21T22:48:10Z,Run,2024-12-21T23:29:33Z,-8.05199032,-34.95250638,129.0,90.0,2.8399999141693115
2024-12-21T22:48:10Z,Run,2024-12-21T23:29:34Z,-8.05198832,-34.95253105,129.0,89.0,2.8399999141693115
2024-12-21T22:48:10Z,Run,2024-12-21T23:29:35Z,-8.05198533,-34.95255404,129.0,89.0,2.8399999141693115
2024-12-21T22:48:10Z,Run,2024-12-21T23:29:36Z,-8.05198233,-34.9525767,130.0,89.0,2.8399999141693115
2024-12-21T22:48:10Z,Run,2024-12-21T23:29:37Z,-8.05198034,-34.95259903,130.0,90.0,2.8399999141693115
2024-12-21T22:48:10Z,Run,2024-12-21T23:29:38Z,-8.05197801,-34.95262136,130.0,90.0,2.8399999141693115
2024-12-21T22:48:10Z,Run,2024-12-21T23:29:39Z,-8.05197669,-34.95264603,130.0,90.0,2.8399999141693115
2024-12-21T22:48:10Z,Run,2024-12-21T23:29:40Z,-8.05197602,-34.95266969,130.0,90.0,2.8299999237060547
2024-12-21T22:48:10Z,Run,2024-12-21T23:29:41Z,-8.05197569,-34.95269435,130.0,90.0,2.819999933242798
2024-12-21T22:48:10Z,Run,2024-12-21T23:29:42Z,-8.05197369,-34.95271835,130.0,89.0,2.809999942779541
2024-12-21T22:48:10Z,Run,2024-12-21T23:29:43Z,-8.05197169,-34.95274468,129.0,90.0,2.799999952316284
2024-12-21T22:48:10Z,Run,2024-12-21T23:29:44Z,-8.05197003,-34.95277201,128.0,90.0,2.799999952316284
2024-12-21T22:48:10Z,Run,2024-12-21T23:29:45Z,-8.05196771,-34.95279633,128.0,90.0,2.799999952316284
2024-12-21T22:48:10Z,Run,2024-12-21T23:29:46Z,-8.05196937,-34.95282167,127.0,90.0,2.799999952316284
2024-12-21T22:48:10Z,Run,2024-12-21T23:29:47Z,-8.05197002,-34.952844,127.0,90.0,2.7899999618530273
2024-12-21T22:48:10Z,Run,2024-12-21T23:29:48Z,-8.05197102,-34.95286567,127.0,88.0,2.7899999618530273
2024-12-21T22:48:10Z,Run,2024-12-21T23:29:49Z,-8.05196869,-34.95288767,127.0,88.0,2.7899999618530273
2024-12-21T22:48:10Z,Run,2024-12-21T23:29:50Z,-8.0519657,-34.95291032,127.0,88.0,2.7799999713897705
2024-12-21T22:48:10Z,Run,2024-12-21T23:29:51Z,-8.05196103,-34.95293198,127.0,88.0,2.7799999713897705
2024-12-21T22:48:10Z,Run,2024-12-21T23:29:52Z,-8.05195504,-34.95295431,127.0,88.0,2.7799999713897705
2024-12-21T22:48:10Z,Run,2024-12-21T23:29:53Z,-8.05194771,-34.95297631,127.0,89.0,2.7699999809265137
2024-12-21T22:48:10Z,Run,2024-12-21T23:29:54Z,-8.05194005,-34.95299831,127.0,89.0,2.7699999809265137
2024-12-21T22:48:10Z,Run,2024-12-21T23:29:55Z,-8.05193239,-34.95302164,127.0,89.0,2.759999990463257
2024-12-21T22:48:10Z,Run,2024-12-21T23:29:56Z,-8.05192606,-34.95304463,127.0,89.0,2.75
2024-12-21T22:48:10Z,Run,2024-12-21T23:29:57Z,-8.05191906,-34.95306829,127.0,89.0,2.75
2024-12-21T22:48:10Z,Run,2024-12-21T23:29:58Z,-8.05191206,-34.95309428,127.0,89.0,2.75
2024-12-21T22:48:10Z,Run,2024-12-21T23:29:59Z,-8.05190373,-34.95311862,127.0,89.0,2.740000009536743
2024-12-21T22:48:10Z,Run,2024-12-21T23:30:00Z,-8.05189473,-34.95314027,127.0,90.0,2.740000009536743
2024-12-21T22:48:10Z,Run,2024-12-21T23:30:01Z,-8.05188407,-34.95316127,126.0,90.0,2.740000009536743
2024-12-21T22:48:10Z,Run,2024-12-21T23:30:02Z,-8.05187342,-34.95318226,125.0,89.0,2.740000009536743
2024-12-21T22:48:10Z,Run,2024-12-21T23:30:03Z,-8.05186175,-34.9532026,125.0,89.0,2.740000009536743
2024-12-21T22:48:10Z,Run,2024-12-21T23:30:04Z,-8.05184642,-34.95322292,124.0,89.0,2.7300000190734863
2024-12-21T22:48:10Z,Run,2024-12-21T23:30:05Z,-8.05182943,-34.95323892,124.0,89.0,2.7300000190734863
2024-12-21T22:48:10Z,Run,2024-12-21T23:30:06Z,-8.05181044,-34.95325024,124.0,89.0,2.7300000190734863
2024-12-21T22:48:10Z,Run,2024-12-21T23:30:07Z,-8.05179111,-34.95325757,123.0,89.0,2.7300000190734863
2024-12-21T22:48:10Z,Run,2024-12-21T23:30:08Z,-8.05177045,-34.95326257,122.0,89.0,2.7300000190734863
2024-12-21T22:48:10Z,Run,2024-12-21T23:30:09Z,-8.05174546,-34.95326457,122.0,89.0,2.7300000190734863
2024-12-21T22:48:10Z,Run,2024-12-21T23:30:10Z,-8.05172012,-34.95326522,122.0,89.0,2.7300000190734863
2024-12-21T22:48:10Z,Run,2024-12-21T23:30:11Z,-8.05169579,-34.9532649,122.0,90.0,2.7300000190734863
2024-12-21T22:48:10Z,Run,2024-12-21T23:30:12Z,-8.05167213,-34.9532649,122.0,90.0,2.7300000190734863
2024-12-21T22:48:10Z,Run,2024-12-21T23:30:13Z,-8.05164613,-34.95326424,122.0,90.0,2.7300000190734863
2024-12-21T22:48:10Z,Run,2024-12-21T23:30:14Z,-8.05162047,-34.95326391,122.0,90.0,2.7300000190734863
2024-12-21T22:48:10Z,Run,2024-12-21T23:30:15Z,-8.05159547,-34.95326325,122.0,90.0,2.7300000190734863
2024-12-21T22:48:10Z,Run,2024-12-21T23:30:16Z,-8.05157348,-34.95326193,121.0,90.0,2.7300000190734863
2024-12-21T22:48:10Z,Run,2024-12-21T23:30:17Z,-8.05155048,-34.95326126,121.0,90.0,2.7300000190734863
2024-12-21T22:48:10Z,Run,2024-12-21T23:30:18Z,-8.05152649,-34.95326094,121.0,90.0,2.7300000190734863
2024-12-21T22:48:10Z,Run,2024-12-21T23:30:19Z,-8.05150083,-34.95325995,122.0,90.0,2.7300000190734863
2024-12-21T22:48:10Z,Run,2024-12-21T23:30:20Z,-8.05147517,-34.95325828,122.0,90.0,2.7300000190734863
2024-12-21T22:48:10Z,Run,2024-12-21T23:30:21Z,-8.05145118,-34.95325563,122.0,90.0,2.7300000190734863
2024-12-21T22:48:10Z,Run,2024-12-21T23:30:22Z,-8.05142618,-34.95325264,122.0,90.0,2.7300000190734863
2024-12-21T22:48:10Z,Run,2024-12-21T23:30:23Z,-8.05139919,-34.95324997,122.0,89.0,2.7300000190734863
2024-12-21T22:48:10Z,Run,2024-12-21T23:30:24Z,-8.05137253,-34.95324731,122.0,89.0,2.7300000190734863
2024-12-21T22:48:10Z,Run,2024-12-21T23:30:25Z,-8.0513472,-34.95324431,121.0,89.0,2.7300000190734863
2024-12-21T22:48:10Z,Run,2024-12-21T23:30:26Z,-8.05132487,-34.95324232,121.0,90.0,2.7300000190734863
2024-12-21T22:48:10Z,Run,2024-12-21T23:30:27Z,-8.05130088,-34.95324132,121.0,90.0,2.7300000190734863
2024-12-21T22:48:10Z,Run,2024-12-21T23:30:28Z,-8.05127855,-34.95324132,121.0,90.0,2.7300000190734863
2024-12-21T22:48:10Z,Run,2024-12-21T23:30:29Z,-8.05125488,-34.95324132,121.0,90.0,2.7300000190734863
2024-12-21T22:48:10Z,Run,2024-12-21T23:30:30Z,-8.05123189,-34.95324033,121.0,90.0,2.7300000190734863
2024-12-21T22:48:10Z,Run,2024-12-21T23:30:31Z,-8.05120889,-34.953236,121.0,90.0,2.7300000190734863
2024-12-21T22:48:10Z,Run,2024-12-21T23:30:32Z,-8.0511849,-34.95322801,121.0,91.0,2.7300000190734863
2024-12-21T22:48:10Z,Run,2024-12-21T23:30:33Z,-8.05116323,-34.95321634,121.0,91.0,2.7300000190734863
2024-12-21T22:48:10Z,Run,2024-12-21T23:30:34Z,-8.05114491,-34.95320235,120.0,91.0,2.7300000190734863
2024-12-21T22:48:10Z,Run,2024-12-21T23:30:35Z,-8.05112691,-34.95318735,119.0,91.0,2.7300000190734863
2024-12-21T22:48:10Z,Run,2024-12-21T23:30:36Z,-8.05111425,-34.95316802,118.0,91.0,2.7300000190734863
2024-12-21T22:48:10Z,Run,2024-12-21T23:30:37Z,-8.05110392,-34.95314503,117.0,91.0,2.7300000190734863
2024-12-21T22:48:10Z,Run,2024-12-21T23:30:38Z,-8.0510976,-34.95312137,117.0,90.0,2.7200000286102295
2024-12-21T22:48:10Z,Run,2024-12-21T23:30:39Z,-8.0510946,-34.95309737,117.0,90.0,2.7200000286102295
2024-12-21T22:48:10Z,Run,2024-12-21T23:30:40Z,-8.05109361,-34.95307305,117.0,90.0,2.7200000286102295
2024-12-21T22:48:10Z,Run,2024-12-21T23:30:40Z,-8.05109328,-34.95304872,117.0,91.0,2.7200000286102295
2024-12-21T22:48:10Z,Run,2024-12-21T23:30:41Z,-8.05109395,-34.95302338,117.0,91.0,2.7200000286102295
2024-12-21T22:48:10Z,Run,2024-12-21T23:30:42Z,-8.05109627,-34.95299706,117.0,90.0,2.7200000286102295
2024-12-21T22:48:10Z,Run,2024-12-21T23:30:43Z,-8.0510996,-34.95297273,117.0,90.0,2.7200000286102295
2024-12-21T22:48:10Z,Run,2024-12-21T23:30:44Z,-8.05110126,-34.95294739,115.0,90.0,2.7200000286102295
2024-12-21T22:48:10Z,Run,2024-12-21T23:30:45Z,-8.05110193,-34.95292207,115.0,90.0,2.7200000286102295
2024-12-21T22:48:10Z,Run,2024-12-21T23:30:46Z,-8.05110292,-34.9528984,114.0,89.0,2.7200000286102295
2024-12-21T22:48:10Z,Run,2024-12-21T23:30:47Z,-8.05110459,-34.95287575,114.0,89.0,2.7100000381469727
2024-12-21T22:48:10Z,Run,2024-12-21T23:30:48Z,-8.05110858,-34.95285276,114.0,90.0,2.7100000381469727
2024-12-21T22:48:10Z,Run,2024-12-21T23:30:49Z,-8.05111324,-34.95282943,114.0,90.0,2.7100000381469727
2024-12-21T22:48:10Z,Run,2024-12-21T23:30:50Z,-8.05111857,-34.95280543,114.0,90.0,2.7100000381469727
2024-12-21T22:48:10Z,Run,2024-12-21T23:30:51Z,-8.05112323,-34.95277978,114.0,90.0,2.7100000381469727
2024-12-21T22:48:10Z,Run,2024-12-21T23:30:52Z,-8.05112757,-34.95275412,114.0,90.0,2.7100000381469727
2024-12-21T22:48:10Z,Run,2024-12-21T23:30:53Z,-8.05113256,-34.95272979,115.0,90.0,2.7100000381469727
2024-12-21T22:48:10Z,Run,2024-12-21T23:30:54Z,-8.05113922,-34.95270413,115.0,90.0,2.7100000381469727
2024-12-21T22:48:10Z,Run,2024-12-21T23:30:55Z,-8.05114588,-34.95267714,115.0,90.0,2.7100000381469727
2024-12-21T22:48:10Z,Run,2024-12-21T23:30:56Z,-8.05115221,-34.95265081,115.0,89.0,2.7100000381469727
2024-12-21T22:48:10Z,Run,2024-12-21T23:30:57Z,-8.05115687,-34.95262648,115.0,89.0,2.7100000381469727
2024-12-21T22:48:10Z,Run,2024-12-21T23:30:58Z,-8.05116119,-34.95260316,114.0,90.0,2.7100000381469727
2024-12-21T22:48:10Z,Run,2024-12-21T23:30:59Z,-8.05116553,-34.95257783,113.0,89.0,2.7100000381469727
2024-12-21T22:48:10Z,Run,2024-12-21T23:31:00Z,-8.05117086,-34.9525545,113.0,89.0,2.7100000381469727
2024-12-21T22:48:10Z,Run,2024-12-21T23:31:01Z,-8.05117486,-34.95253118,113.0,89.0,2.7100000381469727
2024-12-21T22:48:10Z,Run,2024-12-21T23:31:02Z,-8.05117785,-34.95250718,114.0,90.0,2.7100000381469727
2024-12-21T22:48:10Z,Run,2024-12-21T23:31:03Z,-8.05118017,-34.95248319,114.0,90.0,2.7100000381469727
2024-12-21T22:48:10Z,Run,2024-12-21T23:31:04Z,-8.05118217,-34.95245753,114.0,90.0,2.7100000381469727
2024-12-21T22:48:10Z,Run,2024-12-21T23:31:05Z,-8.05118516,-34.95243221,114.0,90.0,2.7100000381469727
2024-12-21T22:48:10Z,Run,2024-12-21T23:31:06Z,-8.05118816,-34.95240854,114.0,90.0,2.7100000381469727
2024-12-21T22:48:10Z,Run,2024-12-21T23:31:07Z,-8.05119149,-34.95238489,114.0,90.0,2.7100000381469727
2024-12-21T22:48:10Z,Run,2024-12-21T23:31:08Z,-8.05119515,-34.95236156,115.0,90.0,2.7100000381469727
2024-12-21T22:48:10Z,Run,2024-12-21T23:31:09Z,-8.05119949,-34.95233857,115.0,90.0,2.7100000381469727
2024-12-21T22:48:10Z,Run,2024-12-21T23:31:10Z,-8.05120348,-34.95231557,116.0,90.0,2.7100000381469727
2024-12-21T22:48:10Z,Run,2024-12-21T23:31:11Z,-8.05120714,-34.95229125,117.0,90.0,2.7100000381469727
2024-12-21T22:48:10Z,Run,2024-12-21T23:31:12Z,-8.05121047,-34.95226692,117.0,90.0,2.7100000381469727
2024-12-21T22:48:10Z,Run,2024-12-21T23:31:13Z,-8.05121479,-34.95224292,118.0,90.0,2.7100000381469727
2024-12-21T22:48:10Z,Run,2024-12-21T23:31:14Z,-8.05121846,-34.95221826,119.0,90.0,2.7100000381469727
2024-12-21T22:48:10Z,Run,2024-12-21T23:31:15Z,-8.05122145,-34.95219426,119.0,90.0,2.7100000381469727
2024-12-21T22:48:10Z,Run,2024-12-21T23:31:16Z,-8.05122544,-34.95217127,119.0,90.0,2.7100000381469727
2024-12-21T22:48:10Z,Run,2024-12-21T23:31:17Z,-8.05122844,-34.95214894,118.0,90.0,2.7100000381469727
2024-12-21T22:48:10Z,Run,2024-12-21T23:31:18Z,-8.05123143,-34.95212694,118.0,90.0,2.700000047683716
2024-12-21T22:48:10Z,Run,2024-12-21T23:31:19Z,-8.05123476,-34.95210494,118.0,90.0,2.700000047683716
2024-12-21T22:48:10Z,Run,2024-12-21T23:31:20Z,-8.05123842,-34.95208195,118.0,90.0,2.700000047683716
2024-12-21T22:48:10Z,Run,2024-12-21T23:31:21Z,-8.05124141,-34.95205896,118.0,90.0,2.700000047683716
2024-12-21T22:48:10Z,Run,2024-12-21T23:31:22Z,-8.05124406,-34.9520363,117.0,89.0,2.700000047683716
2024-12-21T22:48:10Z,Run,2024-12-21T23:31:23Z,-8.05124772,-34.95201364,117.0,90.0,2.690000057220459
2024-12-21T22:48:10Z,Run,2024-12-21T23:31:24Z,-8.05125205,-34.95198999,117.0,90.0,2.680000066757202
2024-12-21T22:48:10Z,Run,2024-12-21T23:31:25Z,-8.05125604,-34.95196565,116.0,90.0,2.680000066757202
2024-12-21T22:48:10Z,Run,2024-12-21T23:31:26Z,-8.05126004,-34.95194132,116.0,90.0,2.680000066757202
2024-12-21T22:48:10Z,Run,2024-12-21T23:31:27Z,-8.0512637,-34.951917,116.0,90.0,2.680000066757202
2024-12-21T22:48:10Z,Run,2024-12-21T23:31:28Z,-8.0512677,-34.95189333,116.0,90.0,2.680000066757202
2024-12-21T22:48:10Z,Run,2024-12-21T23:31:29Z,-8.05127069,-34.95187034,116.0,90.0,2.6700000762939453
2024-12-21T22:48:10Z,Run,2024-12-21T23:31:30Z,-8.05127302,-34.95184735,117.0,90.0,2.6700000762939453
2024-12-21T22:48:10Z,Run,2024-12-21T23:31:31Z,-8.05127568,-34.95182369,117.0,90.0,2.6600000858306885
2024-12-21T22:48:10Z,Run,2024-12-21T23:31:32Z,-8.05127901,-34.95180003,117.0,91.0,2.6600000858306885
2024-12-21T22:48:10Z,Run,2024-12-21T23:31:33Z,-8.05128134,-34.95177569,117.0,91.0,2.6600000858306885
2024-12-21T22:48:10Z,Run,2024-12-21T23:31:34Z,-8.05128367,-34.95175104,117.0,90.0,2.6600000858306885
2024-12-21T22:48:10Z,Run,2024-12-21T23:31:35Z,-8.05128666,-34.9517267,117.0,90.0,2.6500000953674316
2024-12-21T22:48:10Z,Run,2024-12-21T23:31:36Z,-8.05128798,-34.9517017,118.0,91.0,2.6500000953674316
2024-12-21T22:48:10Z,Run,2024-12-21T23:31:37Z,-8.05128565,-34.95167338,118.0,91.0,2.6500000953674316
2024-12-21T22:48:10Z,Run,2024-12-21T23:31:38Z,-8.05128033,-34.95164506,118.0,91.0,2.6500000953674316
2024-12-21T22:48:10Z,Run,2024-12-21T23:31:39Z,-8.05127699,-34.9516184,118.0,91.0,2.6500000953674316
2024-12-21T22:48:10Z,Run,2024-12-21T23:31:40Z,-8.05127267,-34.95159373,118.0,91.0,2.6500000953674316
2024-12-21T22:48:10Z,Run,2024-12-21T23:31:41Z,-8.05127,-34.95157307,117.0,91.0,2.640000104904175
2024-12-21T22:48:10Z,Run,2024-12-21T23:31:42Z,-8.05127,-34.95155241,116.0,91.0,2.640000104904175
2024-12-21T22:48:10Z,Run,2024-12-21T23:31:43Z,-8.05126868,-34.95153041,116.0,90.0,2.640000104904175
2024-12-21T22:48:10Z,Run,2024-12-21T23:31:44Z,-8.05126935,-34.95150909,116.0,90.0,2.640000104904175
2024-12-21T22:48:10Z,Run,2024-12-21T23:31:45Z,-8.05127234,-34.95148542,116.0,90.0,2.630000114440918
2024-12-21T22:48:10Z,Run,2024-12-21T23:31:46Z,-8.051274,-34.9514641,116.0,90.0,2.630000114440918
2024-12-21T22:48:10Z,Run,2024-12-21T23:31:47Z,-8.05127467,-34.9514431,116.0,90.0,2.630000114440918
2024-12-21T22:48:10Z,Run,2024-12-21T23:31:48Z,-8.05127633,-34.95142244,116.0,90.0,2.619999885559082
2024-12-21T22:48:10Z,Run,2024-12-21T23:31:49Z,-8.05127966,-34.95140212,116.0,91.0,2.609999895095825
2024-12-21T22:48:10Z,Run,2024-12-21T23:31:50Z,-8.05128432,-34.95138178,116.0,91.0,2.609999895095825
2024-12-21T22:48:10Z,Run,2024-12-21T23:31:51Z,-8.05128931,-34.95136213,116.0,91.0,2.609999895095825
2024-12-21T22:48:10Z,Run,2024-12-21T23:31:52Z,-8.05129597,-34.95134246,116.0,90.0,2.5899999141693115
2024-12-21T22:48:10Z,Run,2024-12-21T23:31:53Z,-8.05130197,-34.95132214,116.0,89.0,2.5899999141693115
2024-12-21T22:48:10Z,Run,2024-12-21T23:31:54Z,-8.05130764,-34.95130247,116.0,89.0,2.5799999237060547
2024-12-21T22:48:10Z,Run,2024-12-21T23:31:55Z,-8.05131263,-34.95128148,116.0,89.0,2.569999933242798
2024-12-21T22:48:10Z,Run,2024-12-21T23:31:56Z,-8.05131862,-34.95126048,116.0,90.0,2.559999942779541
2024-12-21T22:48:10Z,Run,2024-12-21T23:31:57Z,-8.05132262,-34.95123782,117.0,90.0,2.549999952316284
2024-12-21T22:48:10Z,Run,2024-12-21T23:31:58Z,-8.05132595,-34.95121417,117.0,90.0,2.549999952316284
2024-12-21T22:48:10Z,Run,2024-12-21T23:31:59Z,-8.05132995,-34.9511895,118.0,90.0,2.549999952316284
2024-12-21T22:48:10Z,Run,2024-12-21T23:32:00Z,-8.05133294,-34.95116684,119.0,89.0,2.5399999618530273
2024-12-21T22:48:10Z,Run,2024-12-21T23:32:01Z,-8.0513356,-34.95114319,120.0,89.0,2.5299999713897705
2024-12-21T22:48:10Z,Run,2024-12-21T23:32:02Z,-8.05133893,-34.95111952,119.0,89.0,2.5299999713897705
2024-12-21T22:48:10Z,Run,2024-12-21T23:32:04Z,-8.05133794,-34.95103386,118.0,90.0,2.5299999713897705
2024-12-21T22:48:10Z,Run,2024-12-21T23:32:05Z,-8.05133794,-34.95102886,118.0,90.0,2.5299999713897705
2024-12-21T22:48:10Z,Run,2024-12-21T23:32:06Z,-8.0513396,-34.9510182,118.0,90.0,2.5299999713897705
2024-12-21T22:48:10Z,Run,2024-12-21T23:32:07Z,-8.0513436,-34.95100387,118.0,90.0,2.5199999809265137
2024-12-21T22:48:10Z,Run,2024-12-21T23:32:08Z,-8.05135092,-34.95098787,118.0,90.0,2.5199999809265137
2024-12-21T22:48:10Z,Run,2024-12-21T23:32:09Z,-8.05136126,-34.95096988,118.0,89.0,2.509999990463257
2024-12-21T22:48:10Z,Run,2024-12-21T23:32:10Z,-8.05137758,-34.95094889,118.0,89.0,2.509999990463257
2024-12-21T22:48:10Z,Run,2024-12-21T23:32:11Z,-8.05139391,-34.95092589,118.0,89.0,2.5
2024-12-21T22:48:10Z,Run,2024-12-21T23:32:12Z,-8.05140924,-34.9509039,118.0,90.0,2.5
2024-12-21T22:48:10Z,Run,2024-12-21T23:32:13Z,-8.05142189,-34.9508819,118.0,90.0,2.490000009536743
2024-12-21T22:48:10Z,Run,2024-12-21T23:32:14Z,-8.05143255,-34.95085891,119.0,91.0,2.490000009536743
2024-12-21T22:48:10Z,Run,2024-12-21T23:32:15Z,-8.05144188,-34.95083558,119.0,91.0,2.490000009536743
2024-12-21T22:48:10Z,Run,2024-12-21T23:32:16Z,-8.05144921,-34.95081126,119.0,91.0,2.490000009536743
2024-12-21T22:48:10Z,Run,2024-12-21T23:32:17Z,-8.05145587,-34.95078826,119.0,90.0,2.490000009536743
2024-12-21T22:48:10Z,Run,2024-12-21T23:32:18Z,-8.05146186,-34.95076593,119.0,90.0,2.5
2024-12-21T22:48:10Z,Run,2024-12-21T23:32:19Z,-8.05146719,-34.95074327,120.0,90.0,2.5
2024-12-21T22:48:10Z,Run,2024-12-21T23:32:20Z,-8.05147052,-34.95071994,120.0,90.0,2.5
2024-12-21T22:48:10Z,Run,2024-12-21T23:32:21Z,-8.05147385,-34.95069562,120.0,91.0,2.509999990463257
2024-12-21T22:48:10Z,Run,2024-12-21T23:32:22Z,-8.05147618,-34.95067095,120.0,91.0,2.509999990463257
2024-12-21T22:48:10Z,Run,2024-12-21T23:32:23Z,-8.05147718,-34.95064496,121.0,91.0,2.509999990463257
2024-12-21T22:48:10Z,Run,2024-12-21T23:32:24Z,-8.05147783,-34.95061996,121.0,91.0,2.509999990463257
2024-12-21T22:48:10Z,Run,2024-12-21T23:32:25Z,-8.0514785,-34.95059731,122.0,91.0,2.509999990463257
2024-12-21T22:48:10Z,Run,2024-12-21T23:32:26Z,-8.0514805,-34.95057531,122.0,90.0,2.5199999809265137
2024-12-21T22:48:10Z,Run,2024-12-21T23:32:27Z,-8.05148449,-34.95055397,122.0,90.0,2.5199999809265137
2024-12-21T22:48:10Z,Run,2024-12-21T23:32:28Z,-8.05149049,-34.95052998,122.0,90.0,2.5199999809265137
2024-12-21T22:48:10Z,Run,2024-12-21T23:32:29Z,-8.05149548,-34.95050565,121.0,89.0,2.5199999809265137
2024-12-21T22:48:10Z,Run,2024-12-21T23:32:30Z,-8.05150115,-34.95048033,121.0,89.0,2.5299999713897705
2024-12-21T22:48:10Z,Run,2024-12-21T23:32:31Z,-8.05150747,-34.95045734,121.0,89.0,2.5299999713897705
2024-12-21T22:48:10Z,Run,2024-12-21T23:32:32Z,-8.05151346,-34.95043435,121.0,89.0,2.5299999713897705
2024-12-21T22:48:10Z,Run,2024-12-21T23:32:33Z,-8.05151879,-34.95041169,121.0,90.0,2.5299999713897705
2024-12-21T22:48:10Z,Run,2024-12-21T23:32:34Z,-8.05152378,-34.95038903,121.0,90.0,2.5299999713897705
2024-12-21T22:48:10Z,Run,2024-12-21T23:32:35Z,-8.05153012,-34.95036537,122.0,90.0,2.5299999713897705
2024-12-21T22:48:10Z,Run,2024-12-21T23:32:36Z,-8.05153644,-34.95033971,124.0,90.0,2.5299999713897705
2024-12-21T22:48:10Z,Run,2024-12-21T23:32:37Z,-8.05154276,-34.95031171,124.0,90.0,2.5299999713897705
2024-12-21T22:48:10Z,Run,2024-12-21T23:32:38Z,-8.05154775,-34.95028438,124.0,90.0,2.5299999713897705
2024-12-21T22:48:10Z,Run,2024-12-21T23:32:39Z,-8.05155375,-34.95025739,124.0,90.0,2.5399999618530273
2024-12-21T22:48:10Z,Run,2024-12-21T23:32:40Z,-8.05155874,-34.95023339,124.0,90.0,2.5399999618530273
2024-12-21T22:48:10Z,Run,2024-12-21T23:32:41Z,-8.05156341,-34.95021006,125.0,90.0,2.5399999618530273
2024-12-21T22:48:10Z,Run,2024-12-21T23:32:42Z,-8.0515684,-34.95018674,126.0,90.0,2.549999952316284
2024-12-21T22:48:10Z,Run,2024-12-21T23:32:43Z,-8.05157306,-34.95016241,127.0,90.0,2.549999952316284
2024-12-21T22:48:10Z,Run,2024-12-21T23:32:44Z,-8.05157605,-34.95013774,128.0,90.0,2.549999952316284
2024-12-21T22:48:10Z,Run,2024-12-21T23:32:45Z,-8.05157705,-34.95011408,128.0,90.0,2.559999942779541
2024-12-21T22:48:10Z,Run,2024-12-21T23:32:46Z,-8.05157605,-34.95009308,128.0,90.0,2.559999942779541
2024-12-21T22:48:10Z,Run,2024-12-21T23:32:47Z,-8.05157439,-34.95007176,128.0,90.0,2.569999933242798
2024-12-21T22:48:10Z,Run,2024-12-21T23:32:48Z,-8.05157207,-34.95004943,128.0,90.0,2.569999933242798
2024-12-21T22:48:10Z,Run,2024-12-21T23:32:49Z,-8.05156974,-34.95002644,127.0,90.0,2.569999933242798
2024-12-21T22:48:10Z,Run,2024-12-21T23:32:50Z,-8.05156842,-34.9500031,126.0,91.0,2.569999933242798
2024-12-21T22:48:10Z,Run,2024-12-21T23:32:51Z,-8.05156775,-34.94997978,126.0,91.0,2.569999933242798
2024-12-21T22:48:10Z,Run,2024-12-21T23:32:52Z,-8.05156775,-34.94995612,126.0,91.0,2.569999933242798
2024-12-21T22:48:10Z,Run,2024-12-21T23:32:53Z,-8.05156808,-34.94993179,126.0,90.0,2.569999933242798
2024-12-21T22:48:10Z,Run,2024-12-21T23:32:54Z,-8.05156841,-34.94990746,126.0,89.0,2.569999933242798
2024-12-21T22:48:10Z,Run,2024-12-21T23:32:55Z,-8.05156808,-34.94988513,125.0,89.0,2.569999933242798
2024-12-21T22:48:10Z,Run,2024-12-21T23:32:56Z,-8.05156674,-34.94986347,125.0,89.0,2.569999933242798
2024-12-21T22:48:10Z,Run,2024-12-21T23:32:57Z,-8.05156708,-34.94984048,125.0,89.0,2.569999933242798
2024-12-21T22:48:10Z,Run,2024-12-21T23:32:58Z,-8.0515684,-34.94981814,125.0,89.0,2.569999933242798
2024-12-21T22:48:10Z,Run,2024-12-21T23:32:59Z,-8.05156972,-34.94979481,125.0,89.0,2.569999933242798
2024-12-21T22:48:10Z,Run,2024-12-21T23:33:00Z,-8.05157238,-34.94977115,125.0,89.0,2.569999933242798
2024-12-21T22:48:10Z,Run,2024-12-21T23:33:01Z,-8.05157238,-34.94975182,125.0,88.0,2.5799999237060547
2024-12-21T22:48:10Z,Run,2024-12-21T23:33:02Z,-8.05157338,-34.94973183,125.0,88.0,2.5799999237060547
2024-12-21T22:48:10Z,Run,2024-12-21T23:33:03Z,-8.05157305,-34.94971117,125.0,88.0,2.569999933242798
2024-12-21T22:48:10Z,Run,2024-12-21T23:33:04Z,-8.05157338,-34.94968852,125.0,88.0,2.569999933242798
2024-12-21T22:48:10Z,Run,2024-12-21T23:33:05Z,-8.0515737,-34.94966485,125.0,89.0,2.569999933242798
2024-12-21T22:48:10Z,Run,2024-12-21T23:33:06Z,-8.05157504,-34.94964053,125.0,89.0,2.569999933242798
2024-12-21T22:48:10Z,Run,2024-12-21T23:33:07Z,-8.05157704,-34.94961653,125.0,89.0,2.569999933242798
2024-12-21T22:48:10Z,Run,2024-12-21T23:33:08Z,-8.05157936,-34.94959387,125.0,89.0,2.569999933242798
2024-12-21T22:48:10Z,Run,2024-12-21T23:33:09Z,-8.05158136,-34.94957055,125.0,89.0,2.569999933242798
2024-12-21T22:48:10Z,Run,2024-12-21T23:33:10Z,-8.05158403,-34.94954821,125.0,89.0,2.569999933242798
2024-12-21T22:48:10Z,Run,2024-12-21T23:33:11Z,-8.05158736,-34.94952655,125.0,88.0,2.569999933242798
2024-12-21T22:48:10Z,Run,2024-12-21T23:33:12Z,-8.05159069,-34.94950289,125.0,88.0,2.559999942779541
2024-12-21T22:48:10Z,Run,2024-12-21T23:33:13Z,-8.05159402,-34.94947956,125.0,88.0,2.559999942779541
2024-12-21T22:48:10Z,Run,2024-12-21T23:33:14Z,-8.05159735,-34.94945756,125.0,88.0,2.559999942779541
2024-12-21T22:48:10Z,Run,2024-12-21T23:33:15Z,-8.05160068,-34.9494339,125.0,88.0,2.559999942779541
2024-12-21T22:48:10Z,Run,2024-12-21T23:33:16Z,-8.05160502,-34.94940991,125.0,88.0,2.559999942779541
2024-12-21T22:48:10Z,Run,2024-12-21T23:33:17Z,-8.05160968,-34.94938524,124.0,88.0,2.559999942779541
2024-12-21T22:48:10Z,Run,2024-12-21T23:33:18Z,-8.05161434,-34.94935925,124.0,88.0,2.549999952316284
2024-12-21T22:48:10Z,Run,2024-12-21T23:33:19Z,-8.05161866,-34.94933625,123.0,88.0,2.559999942779541
2024-12-21T22:48:10Z,Run,2024-12-21T23:33:20Z,-8.05162333,-34.9493136,123.0,88.0,2.559999942779541
2024-12-21T22:48:10Z,Run,2024-12-21T23:33:21Z,-8.05162632,-34.94929261,123.0,88.0,2.569999933242798
2024-12-21T22:48:10Z,Run,2024-12-21T23:33:22Z,-8.05162665,-34.94927294,123.0,88.0,2.569999933242798
2024-12-21T22:48:10Z,Run,2024-12-21T23:33:23Z,-8.05162731,-34.94925461,128.0,88.0,2.549999952316284
2024-12-21T22:48:10Z,Run,2024-12-21T23:33:24Z,-8.05162599,-34.94923928,129.0,88.0,2.5199999809265137
2024-12-21T22:48:10Z,Run,2024-12-21T23:33:25Z,-8.05162433,-34.94922729,130.0,88.0,2.359999895095825
2024-12-21T22:48:10Z,Run,2024-12-21T23:33:26Z,-8.05162134,-34.94921729,130.0,88.0,2.049999952316284
2024-12-21T22:48:10Z,Run,2024-12-21T23:33:27Z,-8.05161901,-34.9492083,129.0,88.0,1.7699999809265137
2024-12-21T22:48:10Z,Run,2024-12-21T23:33:28Z,-8.05161735,-34.94919797,129.0,88.0,1.7699999809265137
2024-12-21T22:48:10Z,Run,2024-12-21T23:33:30Z,-8.05161636,-34.94918931,129.0,88.0,1.559999942779541
2024-12-21T22:48:10Z,Run,2024-12-21T23:33:31Z,-8.05161735,-34.94917232,129.0,88.0,1.4299999475479126
2024-12-21T22:48:10Z,Run,2024-12-21T23:33:32Z,-8.05161901,-34.94915533,129.0,88.0,1.3799999952316284
2024-12-21T22:48:10Z,Run,2024-12-21T23:33:34Z,-8.05162167,-34.949139,,,
