activity_id,sport_type,timestamp,latitude,longitude,heart_rate,speed,cadence
2025-01-15T21:11:57Z,Run,2025-01-15T21:12:03Z,-9.44344667,-35.52718,116.0,0.0,
2025-01-15T21:11:57Z,Run,2025-01-15T21:12:04Z,-9.44344533,-35.52718366,116.0,0.0,
2025-01-15T21:11:57Z,Run,2025-01-15T21:12:05Z,-9.44344333,-35.52719531,116.0,0.0,
2025-01-15T21:11:57Z,Run,2025-01-15T21:12:06Z,-9.44344333,-35.52721398,117.0,0.0,
2025-01-15T21:11:57Z,Run,2025-01-15T21:12:08Z,-9.44344433,-35.52723664,118.0,0.0,
2025-01-15T21:11:57Z,Run,2025-01-15T21:12:09Z,-9.44344666,-35.52726029,119.0,0.0,87.0
2025-01-15T21:11:57Z,Run,2025-01-15T21:12:10Z,-9.44344965,-35.52728796,123.0,0.0,87.0
2025-01-15T21:11:57Z,Run,2025-01-15T21:12:11Z,-9.44345298,-35.52731362,123.0,0.0,87.0
2025-01-15T21:11:57Z,Run,2025-01-15T21:12:12Z,-9.44345698,-35.52733627,125.0,0.0,87.0
2025-01-15T21:11:57Z,Run,2025-01-15T21:12:13Z,-9.4434623,-35.52735727,127.0,0.0,87.0
2025-01-15T21:11:57Z,Run,2025-01-15T21:12:14Z,-9.4434713,-35.52737493,127.0,1.2100000381469727,86.0
2025-01-15T21:11:57Z,Run,2025-01-15T21:12:15Z,-9.44348297,-35.52738793,128.0,2.4200000762939453,87.0
2025-01-15T21:11:57Z,Run,2025-01-15T21:12:16Z,-9.44349763,-35.52739626,128.0,2.4200000762939453,87.0
2025-01-15T21:11:57Z,Run,2025-01-15T21:12:17Z,-9.44351429,-35.5274016,128.0,2.4200000762939453,87.0
2025-01-15T21:11:57Z,Run,2025-01-15T21:12:18Z,-9.44353229,-35.52740559,128.0,2.390000104904175,87.0
2025-01-15T21:11:57Z,Run,2025-01-15T21:12:19Z,-9.44355063,-35.52740792,128.0,2.3299999237060547,87.0
2025-01-15T21:11:57Z,Run,2025-01-15T21:12:20Z,-9.44356962,-35.52741025,127.0,2.259999990463257,87.0
2025-01-15T21:11:57Z,Run,2025-01-15T21:12:21Z,-9.44358861,-35.52741324,127.0,2.240000009536743,87.0
2025-01-15T21:11:57Z,Run,2025-01-15T21:12:22Z,-9.44360826,-35.52741657,127.0,2.240000009536743,86.0
2025-01-15T21:11:57Z,Run,2025-01-15T21:12:23Z,-9.44362825,-35.52741922,127.0,2.240000009536743,86.0
2025-01-15T21:11:57Z,Run,2025-01-15T21:12:24Z,-9.44364859,-35.52742156,126.0,2.240000009536743,87.0
2025-01-15T21:11:57Z,Run,2025-01-15T21:12:25Z,-9.44366758,-35.52742488,124.0,2.240000009536743,87.0
2025-01-15T21:11:57Z,Run,2025-01-15T21:12:26Z,-9.4436879,-35.52742688,123.0,2.25,87.0
2025-01-15T21:11:57Z,Run,2025-01-15T21:12:27Z,-9.44370989,-35.52742887,123.0,2.2799999713897705,87.0
2025-01-15T21:11:57Z,Run,2025-01-15T21:12:28Z,-9.44373289,-35.52743087,123.0,2.319999933242798,87.0
2025-01-15T21:11:57Z,Run,2025-01-15T21:12:29Z,-9.44375522,-35.52743254,123.0,2.319999933242798,87.0
2025-01-15T21:11:57Z,Run,2025-01-15T21:12:30Z,-9.44377755,-35.52743453,123.0,2.3399999141693115,87.0
2025-01-15T21:11:57Z,Run,2025-01-15T21:12:31Z,-9.44380021,-35.52743619,123.0,2.380000114440918,87.0
2025-01-15T21:11:57Z,Run,2025-01-15T21:12:32Z,-9.44382355,-35.52743785,122.0,2.430000066757202,87.0
2025-01-15T21:11:57Z,Run,2025-01-15T21:12:32Z,-9.44384721,-35.52743885,122.0,2.5,86.0
2025-01-15T21:11:57Z,Run,2025-01-15T21:12:33Z,-9.44387321,-35.52743853,122.0,2.5399999618530273,87.0
2025-01-15T21:11:57Z,Run,2025-01-15T21:12:35Z,-9.44389954,-35.52743786,122.0,2.5399999618530273,87.0
2025-01-15T21:11:57Z,Run,2025-01-15T21:12:36Z,-9.4439252,-35.52743687,122.0,2.559999942779541,86.0
2025-01-15T21:11:57Z,Run,2025-01-15T21:12:37Z,-9.44394953,-35.52743454,123.0,2.5899999141693115,87.0
2025-01-15T21:11:57Z,Run,2025-01-15T21:12:38Z,-9.44397085,-35.5274292,123.0,2.630000114440918,87.0
2025-01-15T21:11:57Z,Run,2025-01-15T21:12:39Z,-9.44398752,-35.52741955,123.0,2.6600000858306885,87.0
2025-01-15T21:11:57Z,Run,2025-01-15T21:12:40Z,-9.44400017,-35.52740522,123.0,2.6600000858306885,87.0
2025-01-15T21:11:57Z,Run,2025-01-15T21:12:41Z,-9.44400917,-35.52738823,123.0,2.6600000858306885,87.0
2025-01-15T21:11:57Z,Run,2025-01-15T21:12:42Z,-9.4440145,-35.5273689,123.0,2.6500000953674316,86.0
2025-01-15T21:11:57Z,Run,2025-01-15T21:12:43Z,-9.44401715,-35.52734791,123.0,2.619999885559082,87.0
2025-01-15T21:11:57Z,Run,2025-01-15T21:12:44Z,-9.44401815,-35.52732624,123.0,2.549999952316284,86.0
2025-01-15T21:11:57Z,Run,2025-01-15T21:12:45Z,-9.44401848,-35.52730325,123.0,2.5,86.0
2025-01-15T21:11:57Z,Run,2025-01-15T21:12:46Z,-9.44401781,-35.52727959,124.0,2.4800000190734863,86.0
2025-01-15T21:11:57Z,Run,2025-01-15T21:12:47Z,-9.44401615,-35.52725725,124.0,2.4800000190734863,86.0
2025-01-15T21:11:57Z,Run,2025-01-15T21:12:48Z,-9.44401449,-35.5272336,124.0,2.4800000190734863,87.0
2025-01-15T21:11:57Z,Run,2025-01-15T21:12:49Z,-9.4440115,-35.52720893,124.0,2.509999990463257,86.0
2025-01-15T21:11:57Z,Run,2025-01-15T21:12:50Z,-9.44400651,-35.52718327,125.0,2.5299999713897705,87.0
2025-01-15T21:11:57Z,Run,2025-01-15T21:12:51Z,-9.44399918,-35.52715861,126.0,2.5299999713897705,87.0
2025-01-15T21:11:57Z,Run,2025-01-15T21:12:52Z,-9.44398953,-35.52713762,125.0,2.5399999618530273,86.0
2025-01-15T21:11:57Z,Run,2025-01-15T21:12:53Z,-9.44397586,-35.52711828,125.0,2.5399999618530273,86.0
2025-01-15T21:11:57Z,Run,2025-01-15T21:12:54Z,-9.4439602,-35.52710029,125.0,2.549999952316284,86.0
2025-01-15T21:11:57Z,Run,2025-01-15T21:12:55Z,-9.44394354,-35.52708263,125.0,2.549999952316284,86.0
2025-01-15T21:11:57Z,Run,2025-01-15T21:12:56Z,-9.44392655,-35.5270653,125.0,2.559999942779541,86.0
2025-01-15T21:11:57Z,Run,2025-01-15T21:12:57Z,-9.44390856,-35.52704831,125.0,2.569999933242798,87.0
2025-01-15T21:11:57Z,Run,2025-01-15T21:12:58Z,-9.44389022,-35.52703165,126.0,2.569999933242798,87.0
2025-01-15T21:11:57Z,Run,2025-01-15T21:12:59Z,-9.44387156,-35.52701466,126.0,2.5799999237060547,87.0
2025-01-15T21:11:57Z,Run,2025-01-15T21:13:00Z,-9.44385223,-35.52699799,126.0,2.5799999237060547,87.0
2025-01-15T21:11:57Z,Run,2025-01-15T21:13:01Z,-9.44383223,-35.52698267,126.0,2.5799999237060547,87.0
2025-01-15T21:11:57Z,Run,2025-01-15T21:13:02Z,-9.44381191,-35.52697033,126.0,2.5899999141693115,87.0
2025-01-15T21:11:57Z,Run,2025-01-15T21:13:03Z,-9.44379091,-35.52696301,126.0,2.5899999141693115,87.0
2025-01-15T21:11:57Z,Run,2025-01-15T21:13:04Z,-9.44377025,-35.52696101,126.0,2.5899999141693115,85.0
2025-01-15T21:11:57Z,Run,2025-01-15T21:13:05Z,-9.44375093,-35.52696368,126.0,2.5999999046325684,85.0
2025-01-15T21:11:57Z,Run,2025-01-15T21:13:06Z,-9.4437316,-35.52697134,126.0,2.5999999046325684,85.0
2025-01-15T21:11:57Z,Run,2025-01-15T21:13:07Z,-9.4437106,-35.52698268,126.0,2.5999999046325684,85.0
2025-01-15T21:11:57Z,Run,2025-01-15T21:13:08Z,-9.44369226,-35.52699433,127.0,2.5999999046325684,84.0
2025-01-15T21:11:57Z,Run,2025-01-15T21:13:09Z,-9.44367461,-35.52700666,127.0,2.5999999046325684,84.0
2025-01-15T21:11:57Z,Run,2025-01-15T21:13:10Z,-9.44365827,-35.52701865,128.0,2.549999952316284,84.0
2025-01-15T21:11:57Z,Run,2025-01-15T21:13:11Z,-9.44364628,-35.52702931,129.0,2.490000009536743,84.0
2025-01-15T21:11:57Z,Run,2025-01-15T21:13:13Z,-9.44361828,-35.52705497,129.0,2.4000000953674316,84.0
2025-01-15T21:11:57Z,Run,2025-01-15T21:13:15Z,-9.44361828,-35.52705997,129.0,2.3299999237060547,84.0
2025-01-15T21:11:57Z,Run,2025-01-15T21:13:16Z,-9.44361861,-35.52706063,130.0,2.119999885559082,84.0
2025-01-15T21:11:57Z,Run,2025-01-15T21:13:17Z,-9.44361993,-35.52706196,131.0,1.7000000476837158,84.0
2025-01-15T21:11:57Z,Run,2025-01-15T21:13:19Z,-9.4436266,-35.52706328,131.0,1.1200000047683716,84.0
2025-01-15T21:11:57Z,Run,2025-01-15T21:13:21Z,-9.44361993,-35.52706995,131.0,0.5899999737739563,84.0
2025-01-15T21:11:57Z,Run,2025-01-15T21:13:22Z,-9.44361661,-35.52707094,131.0,0.3700000047683716,84.0
2025-01-15T21:11:57Z,Run,2025-01-15T21:13:23Z,-9.44360927,-35.52707494,132.0,0.3799999952316284,84.0
2025-01-15T21:11:57Z,Run,2025-01-15T21:13:24Z,-9.44359862,-35.52708126,132.0,0.3799999952316284,84.0
2025-01-15T21:11:57Z,Run,2025-01-15T21:13:25Z,-9.44358562,-35.5270896,133.0,0.4099999964237213,87.0
2025-01-15T21:11:57Z,Run,2025-01-15T21:13:26Z,-9.44357063,-35.52709992,133.0,0.5,88.0
2025-01-15T21:11:57Z,Run,2025-01-15T21:13:26Z,-9.44355429,-35.52711092,133.0,0.8399999737739563,87.0
2025-01-15T21:11:57Z,Run,2025-01-15T21:13:28Z,-9.4435363,-35.52712192,133.0,1.2400000095367432,88.0
2025-01-15T21:11:57Z,Run,2025-01-15T21:13:29Z,-9.44351797,-35.52713391,133.0,1.6399999856948853,87.0
2025-01-15T21:11:57Z,Run,2025-01-15T21:13:30Z,-9.44349898,-35.52714624,133.0,1.6399999856948853,87.0
2025-01-15T21:11:57Z,Run,2025-01-15T21:13:30Z,-9.44348066,-35.5271589,134.0,2.0399999618530273,87.0
2025-01-15T21:11:57Z,Run,2025-01-15T21:13:31Z,-9.44346232,-35.52717223,134.0,2.240000009536743,87.0
2025-01-15T21:11:57Z,Run,2025-01-15T21:13:32Z,-9.44344333,-35.52718656,134.0,2.3299999237060547,87.0
2025-01-15T21:11:57Z,Run,2025-01-15T21:13:34Z,-9.44342601,-35.52720256,135.0,2.380000114440918,87.0
2025-01-15T21:11:57Z,Run,2025-01-15T21:13:35Z,-9.44341201,-35.52722021,134.0,2.4100000858306885,87.0
2025-01-15T21:11:57Z,Run,2025-01-15T21:13:36Z,-9.44340202,-35.52723955,134.0,2.4100000858306885,87.0
2025-01-15T21:11:57Z,Run,2025-01-15T21:13:37Z,-9.44339569,-35.52726155,134.0,2.440000057220459,86.0
2025-01-15T21:11:57Z,Run,2025-01-15T21:13:38Z,-9.44339236,-35.52728554,134.0,2.4600000381469727,86.0
2025-01-15T21:11:57Z,Run,2025-01-15T21:13:39Z,-9.44339104,-35.52730987,134.0,2.5,86.0
2025-01-15T21:11:57Z,Run,2025-01-15T21:13:40Z,-9.44339005,-35.52733454,134.0,2.549999952316284,86.0
2025-01-15T21:11:57Z,Run,2025-01-15T21:13:41Z,-9.44339271,-35.52735853,134.0,2.569999933242798,86.0
2025-01-15T21:11:57Z,Run,2025-01-15T21:13:42Z,-9.44339903,-35.52738019,134.0,2.569999933242798,86.0
2025-01-15T21:11:57Z,Run,2025-01-15T21:13:43Z,-9.44340969,-35.52739818,134.0,2.5799999237060547,86.0
2025-01-15T21:11:57Z,Run,2025-01-15T21:13:44Z,-9.44342434,-35.52741185,135.0,2.569999933242798,86.0
2025-01-15T21:11:57Z,Run,2025-01-15T21:13:45Z,-9.44344201,-35.52742185,135.0,2.569999933242798,86.0
2025-01-15T21:11:57Z,Run,2025-01-15T21:13:46Z,-9.44346168,-35.52742951,136.0,2.559999942779541,86.0
2025-01-15T21:11:57Z,Run,2025-01-15T21:13:47Z,-9.44348333,-35.52743451,136.0,2.5299999713897705,86.0
2025-01-15T21:11:57Z,Run,2025-01-15T21:13:48Z,-9.44350667,-35.52743817,136.0,2.5299999713897705,86.0
2025-01-15T21:11:57Z,Run,2025-01-15T21:13:49Z,-9.44353033,-35.52744084,136.0,2.5,86.0
2025-01-15T21:11:57Z,Run,2025-01-15T21:13:50Z,-9.44355466,-35.52744216,136.0,2.5,86.0
2025-01-15T21:11:57Z,Run,2025-01-15T21:13:51Z,-9.44357932,-35.52744249,136.0,2.5,86.0
2025-01-15T21:11:57Z,Run,2025-01-15T21:13:52Z,-9.44360399,-35.52744249,136.0,2.5199999809265137,86.0
2025-01-15T21:11:57Z,Run,2025-01-15T21:13:53Z,-9.44362731,-35.52744314,136.0,2.569999933242798,86.0
2025-01-15T21:11:57Z,Run,2025-01-15T21:13:54Z,-9.44365065,-35.52744314,136.0,2.569999933242798,86.0
2025-01-15T21:11:57Z,Run,2025-01-15T21:13:55Z,-9.44367365,-35.52744314,135.0,2.5999999046325684,85.0
2025-01-15T21:11:57Z,Run,2025-01-15T21:13:56Z,-9.44369697,-35.52744347,135.0,2.609999895095825,85.0
2025-01-15T21:11:57Z,Run,2025-01-15T21:13:57Z,-9.44372096,-35.5274438,136.0,2.609999895095825,85.0
2025-01-15T21:11:57Z,Run,2025-01-15T21:13:58Z,-9.44374462,-35.52744412,136.0,2.609999895095825,85.0
2025-01-15T21:11:57Z,Run,2025-01-15T21:13:59Z,-9.44376862,-35.5274438,137.0,2.5999999046325684,86.0
2025-01-15T21:11:57Z,Run,2025-01-15T21:14:00Z,-9.44379294,-35.5274428,137.0,2.5999999046325684,86.0
2025-01-15T21:11:57Z,Run,2025-01-15T21:14:01Z,-9.44381727,-35.52744148,137.0,2.5899999141693115,85.0
2025-01-15T21:11:57Z,Run,2025-01-15T21:14:02Z,-9.44384261,-35.52743981,136.0,2.5899999141693115,86.0
2025-01-15T21:11:57Z,Run,2025-01-15T21:14:03Z,-9.44386726,-35.52743815,136.0,2.5899999141693115,86.0
2025-01-15T21:11:57Z,Run,2025-01-15T21:14:04Z,-9.44389226,-35.52743649,135.0,2.5899999141693115,86.0
2025-01-15T21:11:57Z,Run,2025-01-15T21:14:05Z,-9.44391759,-35.52743583,135.0,2.5899999141693115,86.0
2025-01-15T21:11:57Z,Run,2025-01-15T21:14:06Z,-9.44394125,-35.52743383,136.0,2.5899999141693115,86.0
2025-01-15T21:11:57Z,Run,2025-01-15T21:14:07Z,-9.44396092,-35.5274285,136.0,2.5899999141693115,86.0
2025-01-15T21:11:57Z,Run,2025-01-15T21:14:08Z,-9.44397658,-35.52741917,136.0,2.5999999046325684,86.0
2025-01-15T21:11:57Z,Run,2025-01-15T21:14:09Z,-9.44398623,-35.52740684,136.0,2.5999999046325684,86.0
2025-01-15T21:11:57Z,Run,2025-01-15T21:14:10Z,-9.4439929,-35.52739185,136.0,2.5999999046325684,85.0
2025-01-15T21:11:57Z,Run,2025-01-15T21:14:11Z,-9.44399622,-35.52737486,137.0,2.5899999141693115,85.0
2025-01-15T21:11:57Z,Run,2025-01-15T21:14:12Z,-9.44399789,-35.52735553,138.0,2.5899999141693115,85.0
2025-01-15T21:11:57Z,Run,2025-01-15T21:14:13Z,-9.44399888,-35.52733454,138.0,2.5899999141693115,85.0
2025-01-15T21:11:57Z,Run,2025-01-15T21:14:14Z,-9.44399988,-35.5273122,139.0,2.569999933242798,85.0
2025-01-15T21:11:57Z,Run,2025-01-15T21:14:15Z,-9.44399921,-35.52728888,140.0,2.549999952316284,86.0
2025-01-15T21:11:57Z,Run,2025-01-15T21:14:16Z,-9.44399821,-35.52726521,141.0,2.5399999618530273,87.0
2025-01-15T21:11:57Z,Run,2025-01-15T21:14:17Z,-9.44399821,-35.52724088,142.0,2.5299999713897705,86.0
2025-01-15T21:11:57Z,Run,2025-01-15T21:14:18Z,-9.44399756,-35.52721589,143.0,2.5199999809265137,87.0
2025-01-15T21:11:57Z,Run,2025-01-15T21:14:19Z,-9.44399489,-35.52719089,143.0,2.5199999809265137,87.0
2025-01-15T21:11:57Z,Run,2025-01-15T21:14:20Z,-9.4439889,-35.52716722,144.0,2.5199999809265137,87.0
2025-01-15T21:11:57Z,Run,2025-01-15T21:14:21Z,-9.4439799,-35.52714489,144.0,2.5199999809265137,87.0
2025-01-15T21:11:57Z,Run,2025-01-15T21:14:22Z,-9.44396624,-35.5271229,144.0,2.5299999713897705,87.0
2025-01-15T21:11:57Z,Run,2025-01-15T21:14:23Z,-9.44395258,-35.5271039,144.0,2.5299999713897705,87.0
2025-01-15T21:11:57Z,Run,2025-01-15T21:14:24Z,-9.44393759,-35.52708457,144.0,2.5299999713897705,87.0
2025-01-15T21:11:57Z,Run,2025-01-15T21:14:25Z,-9.44392125,-35.52706424,144.0,2.5299999713897705,87.0
2025-01-15T21:11:57Z,Run,2025-01-15T21:14:26Z,-9.44390426,-35.52704491,144.0,2.5399999618530273,87.0
2025-01-15T21:11:57Z,Run,2025-01-15T21:14:27Z,-9.4438866,-35.52702558,144.0,2.5399999618530273,87.0
2025-01-15T21:11:57Z,Run,2025-01-15T21:14:28Z,-9.44386827,-35.52700691,144.0,2.549999952316284,87.0
2025-01-15T21:11:57Z,Run,2025-01-15T21:14:29Z,-9.44384961,-35.52698859,146.0,2.559999942779541,86.0
2025-01-15T21:11:57Z,Run,2025-01-15T21:14:30Z,-9.44382961,-35.52697426,146.0,2.569999933242798,86.0
2025-01-15T21:11:57Z,Run,2025-01-15T21:14:31Z,-9.44380828,-35.52696527,146.0,2.569999933242798,86.0
2025-01-15T21:11:57Z,Run,2025-01-15T21:14:32Z,-9.44378763,-35.52696161,146.0,2.569999933242798,86.0
2025-01-15T21:11:57Z,Run,2025-01-15T21:14:33Z,-9.44376696,-35.52696327,147.0,2.5899999141693115,86.0
2025-01-15T21:11:57Z,Run,2025-01-15T21:14:34Z,-9.44374597,-35.52696861,148.0,2.5899999141693115,86.0
2025-01-15T21:11:57Z,Run,2025-01-15T21:14:35Z,-9.44372497,-35.52697726,149.0,2.5899999141693115,86.0
2025-01-15T21:11:57Z,Run,2025-01-15T21:14:36Z,-9.44370364,-35.52698725,150.0,2.5999999046325684,86.0
2025-01-15T21:11:57Z,Run,2025-01-15T21:14:37Z,-9.44368264,-35.52700025,150.0,2.5999999046325684,86.0
2025-01-15T21:11:57Z,Run,2025-01-15T21:14:38Z,-9.44366198,-35.52701359,150.0,2.5999999046325684,86.0
2025-01-15T21:11:57Z,Run,2025-01-15T21:14:39Z,-9.44364231,-35.52702824,150.0,2.609999895095825,86.0
2025-01-15T21:11:57Z,Run,2025-01-15T21:14:40Z,-9.44362232,-35.5270429,151.0,2.609999895095825,86.0
2025-01-15T21:11:57Z,Run,2025-01-15T21:14:41Z,-9.44360232,-35.52705722,151.0,2.609999895095825,86.0
2025-01-15T21:11:57Z,Run,2025-01-15T21:14:42Z,-9.443582,-35.52707155,152.0,2.609999895095825,86.0
2025-01-15T21:11:57Z,Run,2025-01-15T21:14:43Z,-9.44356168,-35.52708621,152.0,2.609999895095825,86.0
2025-01-15T21:11:57Z,Run,2025-01-15T21:14:44Z,-9.44354069,-35.52710054,154.0,2.609999895095825,86.0
2025-01-15T21:11:57Z,Run,2025-01-15T21:14:45Z,-9.44352035,-35.52711486,154.0,2.619999885559082,86.0
2025-01-15T21:11:57Z,Run,2025-01-15T21:14:46Z,-9.44349935,-35.52712952,155.0,2.630000114440918,86.0
2025-01-15T21:11:57Z,Run,2025-01-15T21:14:47Z,-9.44347869,-35.52714451,155.0,2.630000114440918,86.0
2025-01-15T21:11:57Z,Run,2025-01-15T21:14:48Z,-9.44345836,-35.52715883,155.0,2.630000114440918,86.0
2025-01-15T21:11:57Z,Run,2025-01-15T21:14:49Z,-9.44343871,-35.52717383,155.0,2.630000114440918,86.0
2025-01-15T21:11:57Z,Run,2025-01-15T21:14:50Z,-9.44342104,-35.5271905,155.0,2.640000104904175,86.0
2025-01-15T21:11:57Z,Run,2025-01-15T21:14:51Z,-9.44340637,-35.52720815,155.0,2.640000104904175,85.0
2025-01-15T21:11:57Z,Run,2025-01-15T21:14:52Z,-9.44339672,-35.52722848,155.0,2.6500000953674316,85.0
2025-01-15T21:11:57Z,Run,2025-01-15T21:14:53Z,-9.44339105,-35.52725014,155.0,2.6500000953674316,86.0
2025-01-15T21:11:57Z,Run,2025-01-15T21:14:54Z,-9.44338905,-35.52727347,156.0,2.6500000953674316,86.0
2025-01-15T21:11:57Z,Run,2025-01-15T21:14:55Z,-9.44339037,-35.52729747,156.0,2.6500000953674316,86.0
2025-01-15T21:11:57Z,Run,2025-01-15T21:14:56Z,-9.44339336,-35.52732279,158.0,2.6500000953674316,85.0
2025-01-15T21:11:57Z,Run,2025-01-15T21:14:57Z,-9.44339936,-35.52734745,159.0,2.6500000953674316,85.0
2025-01-15T21:11:57Z,Run,2025-01-15T21:14:58Z,-9.44340836,-35.5273701,159.0,2.6500000953674316,85.0
2025-01-15T21:11:57Z,Run,2025-01-15T21:14:59Z,-9.44342069,-35.52738777,160.0,2.6500000953674316,85.0
2025-01-15T21:11:57Z,Run,2025-01-15T21:15:00Z,-9.44343635,-35.52740109,161.0,2.6500000953674316,86.0
2025-01-15T21:11:57Z,Run,2025-01-15T21:15:01Z,-9.44345501,-35.52741043,161.0,2.6500000953674316,86.0
2025-01-15T21:11:57Z,Run,2025-01-15T21:15:02Z,-9.443475,-35.52741708,162.0,2.6500000953674316,86.0
2025-01-15T21:11:57Z,Run,2025-01-15T21:15:03Z,-9.443497,-35.52742242,163.0,2.6500000953674316,86.0
2025-01-15T21:11:57Z,Run,2025-01-15T21:15:04Z,-9.44352132,-35.52742641,163.0,2.6500000953674316,86.0
2025-01-15T21:11:57Z,Run,2025-01-15T21:15:05Z,-9.44354531,-35.52742974,164.0,2.6500000953674316,86.0
2025-01-15T21:11:57Z,Run,2025-01-15T21:15:06Z,-9.44357098,-35.52743241,166.0,2.640000104904175,86.0
2025-01-15T21:11:57Z,Run,2025-01-15T21:15:07Z,-9.44359531,-35.52743473,167.0,2.640000104904175,86.0
2025-01-15T21:11:57Z,Run,2025-01-15T21:15:08Z,-9.44361897,-35.5274374,167.0,2.640000104904175,86.0
2025-01-15T21:11:57Z,Run,2025-01-15T21:15:09Z,-9.44364296,-35.52743906,168.0,2.630000114440918,86.0
2025-01-15T21:11:57Z,Run,2025-01-15T21:15:10Z,-9.44366796,-35.52744039,169.0,2.630000114440918,86.0
2025-01-15T21:11:57Z,Run,2025-01-15T21:15:11Z,-9.44369362,-35.52744239,169.0,2.630000114440918,86.0
2025-01-15T21:11:57Z,Run,2025-01-15T21:15:12Z,-9.44371962,-35.52744304,,,
2025-01-15T21:11:57Z,Run,2025-01-15T21:15:13Z,-9.44374562,-35.52744337,168.0,2.630000114440918,86.0
2025-01-15T21:11:57Z,Run,2025-01-15T21:15:14Z,-9.44377027,-35.52744271,168.0,2.630000114440918,86.0
2025-01-15T21:11:57Z,Run,2025-01-15T21:15:15Z,-9.44379426,-35.52744105,168.0,2.640000104904175,86.0
2025-01-15T21:11:57Z,Run,2025-01-15T21:15:16Z,-9.4438186,-35.52744005,168.0,2.640000104904175,86.0
2025-01-15T21:11:57Z,Run,2025-01-15T21:15:17Z,-9.44384226,-35.5274384,168.0,2.640000104904175,87.0
2025-01-15T21:11:57Z,Run,2025-01-15T21:15:18Z,-9.44386625,-35.52743606,167.0,2.6500000953674316,86.0
2025-01-15T21:11:57Z,Run,2025-01-15T21:15:19Z,-9.44388959,-35.52743274,166.0,2.6500000953674316,86.0
2025-01-15T21:11:57Z,Run,2025-01-15T21:15:20Z,-9.44391258,-35.52742907,165.0,2.6500000953674316,86.0
2025-01-15T21:11:57Z,Run,2025-01-15T21:15:21Z,-9.44393624,-35.52742442,165.0,2.6500000953674316,86.0
2025-01-15T21:11:57Z,Run,2025-01-15T21:15:22Z,-9.44395724,-35.52741742,165.0,2.6500000953674316,86.0
2025-01-15T21:11:57Z,Run,2025-01-15T21:15:22Z,-9.44397491,-35.52740709,164.0,2.6500000953674316,86.0
2025-01-15T21:11:57Z,Run,2025-01-15T21:15:23Z,-9.44398857,-35.52739276,165.0,2.6500000953674316,86.0
2025-01-15T21:11:57Z,Run,2025-01-15T21:15:24Z,-9.44399822,-35.5273751,164.0,2.6500000953674316,86.0
2025-01-15T21:11:57Z,Run,2025-01-15T21:15:25Z,-9.44400356,-35.52735545,164.0,2.6500000953674316,86.0
2025-01-15T21:11:57Z,Run,2025-01-15T21:15:27Z,-9.44400655,-35.52733479,164.0,2.6500000953674316,87.0
2025-01-15T21:11:57Z,Run,2025-01-15T21:15:28Z,-9.44400754,-35.52731346,163.0,2.6500000953674316,87.0
2025-01-15T21:11:57Z,Run,2025-01-15T21:15:29Z,-9.44400787,-35.5272908,163.0,2.6500000953674316,87.0
2025-01-15T21:11:57Z,Run,2025-01-15T21:15:30Z,-9.44400787,-35.52726714,163.0,2.640000104904175,87.0
2025-01-15T21:11:57Z,Run,2025-01-15T21:15:31Z,-9.44400754,-35.52724382,163.0,2.630000114440918,87.0
2025-01-15T21:11:57Z,Run,2025-01-15T21:15:32Z,-9.44400655,-35.52722049,163.0,2.630000114440918,87.0
2025-01-15T21:11:57Z,Run,2025-01-15T21:15:33Z,-9.44400489,-35.52719583,163.0,2.630000114440918,87.0
2025-01-15T21:11:57Z,Run,2025-01-15T21:15:34Z,-9.44400089,-35.52717183,163.0,2.630000114440918,86.0
2025-01-15T21:11:57Z,Run,2025-01-15T21:15:35Z,-9.44399389,-35.52714983,163.0,2.630000114440918,86.0
2025-01-15T21:11:57Z,Run,2025-01-15T21:15:36Z,-9.44398489,-35.52712783,160.0,2.630000114440918,87.0
2025-01-15T21:11:57Z,Run,2025-01-15T21:15:37Z,-9.44397123,-35.52710784,160.0,2.630000114440918,87.0
2025-01-15T21:11:57Z,Run,2025-01-15T21:15:38Z,-9.44395491,-35.52708817,160.0,2.630000114440918,87.0
2025-01-15T21:11:57Z,Run,2025-01-15T21:15:39Z,-9.44393459,-35.52706952,160.0,2.630000114440918,87.0
2025-01-15T21:11:57Z,Run,2025-01-15T21:15:40Z,-9.44391392,-35.52705218,160.0,2.630000114440918,87.0
2025-01-15T21:11:57Z,Run,2025-01-15T21:15:41Z,-9.44389226,-35.52703552,160.0,2.630000114440918,87.0
2025-01-15T21:11:57Z,Run,2025-01-15T21:15:42Z,-9.44387194,-35.52701886,160.0,2.630000114440918,87.0
2025-01-15T21:11:57Z,Run,2025-01-15T21:15:42Z,-9.44385094,-35.52700219,,,
2025-01-15T21:11:57Z,Run,2025-01-15T21:15:43Z,-9.44383094,-35.52698619,160.0,2.630000114440918,87.0
2025-01-15T21:11:57Z,Run,2025-01-15T21:15:45Z,-9.44381128,-35.52697187,161.0,2.630000114440918,87.0
2025-01-15T21:11:57Z,Run,2025-01-15T21:15:46Z,-9.44379162,-35.52696255,160.0,2.640000104904175,86.0
2025-01-15T21:11:57Z,Run,2025-01-15T21:15:47Z,-9.44377129,-35.52695788,160.0,2.6500000953674316,85.0
2025-01-15T21:11:57Z,Run,2025-01-15T21:15:48Z,-9.44375129,-35.52695854,160.0,2.6500000953674316,85.0
2025-01-15T21:11:57Z,Run,2025-01-15T21:15:49Z,-9.44373164,-35.52696387,160.0,2.6500000953674316,85.0
2025-01-15T21:11:57Z,Run,2025-01-15T21:15:50Z,-9.44371298,-35.52697154,161.0,2.6500000953674316,85.0
2025-01-15T21:11:57Z,Run,2025-01-15T21:15:50Z,-9.44369431,-35.52698186,161.0,2.6500000953674316,85.0
2025-01-15T21:11:57Z,Run,2025-01-15T21:15:52Z,-9.44367499,-35.52699319,161.0,2.6500000953674316,85.0
2025-01-15T21:11:57Z,Run,2025-01-15T21:15:53Z,-9.44365532,-35.52700518,162.0,2.640000104904175,86.0
2025-01-15T21:11:57Z,Run,2025-01-15T21:15:54Z,-9.44363532,-35.52701817,163.0,2.640000104904175,86.0
2025-01-15T21:11:57Z,Run,2025-01-15T21:15:55Z,-9.44361667,-35.52703184,163.0,2.630000114440918,86.0
2025-01-15T21:11:57Z,Run,2025-01-15T21:15:56Z,-9.443598,-35.52704584,163.0,2.630000114440918,86.0
2025-01-15T21:11:57Z,Run,2025-01-15T21:15:57Z,-9.44357934,-35.52705917,163.0,2.630000114440918,85.0
2025-01-15T21:11:57Z,Run,2025-01-15T21:15:58Z,-9.44356168,-35.52707183,163.0,2.619999885559082,86.0
2025-01-15T21:11:57Z,Run,2025-01-15T21:15:59Z,-9.44354302,-35.52708483,163.0,2.619999885559082,86.0
2025-01-15T21:11:57Z,Run,2025-01-15T21:16:00Z,-9.44352436,-35.52709715,163.0,2.619999885559082,86.0
2025-01-15T21:11:57Z,Run,2025-01-15T21:16:01Z,-9.44350537,-35.52711015,163.0,2.619999885559082,86.0
2025-01-15T21:11:57Z,Run,2025-01-15T21:16:02Z,-9.44348604,-35.52712248,163.0,2.619999885559082,86.0
2025-01-15T21:11:57Z,Run,2025-01-15T21:16:03Z,-9.44346671,-35.52713514,163.0,2.619999885559082,86.0
2025-01-15T21:11:57Z,Run,2025-01-15T21:16:04Z,-9.44344738,-35.52714814,163.0,2.609999895095825,86.0
2025-01-15T21:11:57Z,Run,2025-01-15T21:16:05Z,-9.44342906,-35.52716247,162.0,2.609999895095825,86.0
2025-01-15T21:11:57Z,Run,2025-01-15T21:16:06Z,-9.44341239,-35.52717779,162.0,2.609999895095825,86.0
2025-01-15T21:11:57Z,Run,2025-01-15T21:16:07Z,-9.4433974,-35.52719545,162.0,2.609999895095825,86.0
2025-01-15T21:11:57Z,Run,2025-01-15T21:16:08Z,-9.44338675,-35.52721478,162.0,2.609999895095825,86.0
2025-01-15T21:11:57Z,Run,2025-01-15T21:16:09Z,-9.44337975,-35.52723545,162.0,2.609999895095825,86.0
2025-01-15T21:11:57Z,Run,2025-01-15T21:16:10Z,-9.44337641,-35.52725744,162.0,2.609999895095825,87.0
2025-01-15T21:11:57Z,Run,2025-01-15T21:16:11Z,-9.44337609,-35.52728077,162.0,2.609999895095825,87.0
2025-01-15T21:11:57Z,Run,2025-01-15T21:16:12Z,-9.44337675,-35.52730376,161.0,2.5999999046325684,87.0
2025-01-15T21:11:57Z,Run,2025-01-15T21:16:12Z,-9.44337875,-35.52732809,,,
2025-01-15T21:11:57Z,Run,2025-01-15T21:16:13Z,-9.44338341,-35.52735142,161.0,2.5999999046325684,87.0
2025-01-15T21:11:57Z,Run,2025-01-15T21:16:14Z,-9.44339041,-35.52737342,160.0,2.5899999141693115,87.0
2025-01-15T21:11:57Z,Run,2025-01-15T21:16:15Z,-9.44340141,-35.52739008,160.0,2.5899999141693115,88.0
2025-01-15T21:11:57Z,Run,2025-01-15T21:16:16Z,-9.44341574,-35.52740241,160.0,2.5899999141693115,88.0
2025-01-15T21:11:57Z,Run,2025-01-15T21:16:17Z,-9.44343273,-35.5274114,161.0,2.5899999141693115,87.0
2025-01-15T21:11:57Z,Run,2025-01-15T21:16:18Z,-9.44345305,-35.52741739,162.0,2.5799999237060547,87.0
2025-01-15T21:11:57Z,Run,2025-01-15T21:16:19Z,-9.44347438,-35.52742172,162.0,2.5799999237060547,87.0
2025-01-15T21:11:57Z,Run,2025-01-15T21:16:20Z,-9.44349537,-35.52742538,162.0,2.569999933242798,87.0
2025-01-15T21:11:57Z,Run,2025-01-15T21:16:21Z,-9.44358671,-35.5274347,161.0,2.569999933242798,87.0
2025-01-15T21:11:57Z,Run,2025-01-15T21:16:22Z,-9.44359236,-35.52743537,162.0,2.569999933242798,87.0
2025-01-15T21:11:57Z,Run,2025-01-15T21:16:23Z,-9.44360469,-35.52743569,162.0,2.559999942779541,87.0
2025-01-15T21:11:57Z,Run,2025-01-15T21:16:24Z,-9.44362235,-35.52743569,162.0,2.559999942779541,87.0
2025-01-15T21:11:57Z,Run,2025-01-15T21:16:25Z,-9.44364168,-35.52743701,163.0,2.549999952316284,86.0
2025-01-15T21:11:57Z,Run,2025-01-15T21:16:26Z,-9.44366268,-35.52743669,163.0,2.549999952316284,86.0
2025-01-15T21:11:57Z,Run,2025-01-15T21:16:28Z,-9.44368368,-35.52743537,164.0,2.5399999618530273,86.0
2025-01-15T21:11:57Z,Run,2025-01-15T21:16:29Z,-9.44370533,-35.52743303,165.0,2.5299999713897705,86.0
2025-01-15T21:11:57Z,Run,2025-01-15T21:16:30Z,-9.44372799,-35.52743038,163.0,2.5299999713897705,87.0
2025-01-15T21:11:57Z,Run,2025-01-15T21:16:31Z,-9.44375165,-35.52742771,163.0,2.5299999713897705,87.0
2025-01-15T21:11:57Z,Run,2025-01-15T21:16:32Z,-9.44377665,-35.52742739,163.0,2.5299999713897705,87.0
2025-01-15T21:11:57Z,Run,2025-01-15T21:16:33Z,-9.44380298,-35.52742706,163.0,2.5199999809265137,87.0
2025-01-15T21:11:57Z,Run,2025-01-15T21:16:34Z,-9.4438293,-35.52742674,163.0,2.5199999809265137,87.0
2025-01-15T21:11:57Z,Run,2025-01-15T21:16:35Z,-9.44385496,-35.52742507,163.0,2.5199999809265137,87.0
2025-01-15T21:11:57Z,Run,2025-01-15T21:16:36Z,-9.44388296,-35.52742442,163.0,2.5199999809265137,87.0
2025-01-15T21:11:57Z,Run,2025-01-15T21:16:37Z,-9.44390929,-35.52742275,164.0,2.5299999713897705,87.0
2025-01-15T21:11:57Z,Run,2025-01-15T21:16:38Z,-9.44393162,-35.52741843,164.0,2.5299999713897705,87.0
2025-01-15T21:11:57Z,Run,2025-01-15T21:16:39Z,-9.44395028,-35.52741009,164.0,2.5299999713897705,87.0
2025-01-15T21:11:57Z,Run,2025-01-15T21:16:40Z,-9.44396662,-35.52739609,163.0,2.5399999618530273,87.0
2025-01-15T21:11:57Z,Run,2025-01-15T21:16:41Z,-9.44397861,-35.52737809,163.0,2.5399999618530273,87.0
2025-01-15T21:11:57Z,Run,2025-01-15T21:16:41Z,-9.44398727,-35.52735777,163.0,2.549999952316284,87.0
2025-01-15T21:11:57Z,Run,2025-01-15T21:16:43Z,-9.44399294,-35.5273361,162.0,2.549999952316284,87.0
2025-01-15T21:11:57Z,Run,2025-01-15T21:16:44Z,-9.44399693,-35.52731411,162.0,2.549999952316284,87.0
2025-01-15T21:11:57Z,Run,2025-01-15T21:16:45Z,-9.44399893,-35.52729145,162.0,2.549999952316284,87.0
2025-01-15T21:11:57Z,Run,2025-01-15T21:16:46Z,-9.4439996,-35.52726779,162.0,2.549999952316284,88.0
2025-01-15T21:11:57Z,Run,2025-01-15T21:16:47Z,-9.4439996,-35.52724346,162.0,2.559999942779541,88.0
2025-01-15T21:11:57Z,Run,2025-01-15T21:16:48Z,-9.44399927,-35.52721847,162.0,2.559999942779541,88.0
2025-01-15T21:11:57Z,Run,2025-01-15T21:16:49Z,-9.44399827,-35.5271938,163.0,2.559999942779541,88.0
2025-01-15T21:11:57Z,Run,2025-01-15T21:16:50Z,-9.44399494,-35.52716947,163.0,2.559999942779541,88.0
2025-01-15T21:11:57Z,Run,2025-01-15T21:16:51Z,-9.44398828,-35.52714648,162.0,2.559999942779541,88.0
2025-01-15T21:11:57Z,Run,2025-01-15T21:16:52Z,-9.44397795,-35.52712448,162.0,2.569999933242798,88.0
2025-01-15T21:11:57Z,Run,2025-01-15T21:16:53Z,-9.44396363,-35.52710449,161.0,2.569999933242798,88.0
2025-01-15T21:11:57Z,Run,2025-01-15T21:16:54Z,-9.44394729,-35.52708549,160.0,2.569999933242798,88.0
2025-01-15T21:11:57Z,Run,2025-01-15T21:16:55Z,-9.44392929,-35.52706716,159.0,2.5799999237060547,88.0
2025-01-15T21:11:57Z,Run,2025-01-15T21:16:56Z,-9.4439103,-35.5270495,159.0,2.5799999237060547,88.0
2025-01-15T21:11:57Z,Run,2025-01-15T21:16:57Z,-9.44389098,-35.52703184,156.0,2.5899999141693115,88.0
2025-01-15T21:11:57Z,Run,2025-01-15T21:16:58Z,-9.44387098,-35.52701485,156.0,2.5899999141693115,88.0
2025-01-15T21:11:57Z,Run,2025-01-15T21:16:59Z,-9.44378999,-35.52694485,157.0,2.5899999141693115,88.0
2025-01-15T21:11:57Z,Run,2025-01-15T21:17:00Z,-9.443784,-35.52694252,157.0,2.5999999046325684,88.0
2025-01-15T21:11:57Z,Run,2025-01-15T21:17:01Z,-9.44377267,-35.52694186,157.0,2.5999999046325684,88.0
2025-01-15T21:11:57Z,Run,2025-01-15T21:17:03Z,-9.44375701,-35.52694419,157.0,2.609999895095825,88.0
2025-01-15T21:11:57Z,Run,2025-01-15T21:17:04Z,-9.44373934,-35.52695018,158.0,2.609999895095825,88.0
2025-01-15T21:11:57Z,Run,2025-01-15T21:17:05Z,-9.44372102,-35.52695917,158.0,2.619999885559082,88.0
2025-01-15T21:11:57Z,Run,2025-01-15T21:17:06Z,-9.44370203,-35.52697184,157.0,2.619999885559082,88.0
2025-01-15T21:11:57Z,Run,2025-01-15T21:17:07Z,-9.44368304,-35.5269865,157.0,2.619999885559082,87.0
2025-01-15T21:11:57Z,Run,2025-01-15T21:17:08Z,-9.44366337,-35.52700183,157.0,2.619999885559082,87.0
2025-01-15T21:11:57Z,Run,2025-01-15T21:17:09Z,-9.44364305,-35.52701749,157.0,2.609999895095825,87.0
2025-01-15T21:11:57Z,Run,2025-01-15T21:17:10Z,-9.44362338,-35.52703349,158.0,2.609999895095825,88.0
2025-01-15T21:11:57Z,Run,2025-01-15T21:17:11Z,-9.44360306,-35.52704814,157.0,2.609999895095825,88.0
2025-01-15T21:11:57Z,Run,2025-01-15T21:17:12Z,-9.44358339,-35.52706347,157.0,2.609999895095825,88.0
2025-01-15T21:11:57Z,Run,2025-01-15T21:17:12Z,-9.44356307,-35.5270778,156.0,2.619999885559082,88.0
2025-01-15T21:11:57Z,Run,2025-01-15T21:17:14Z,-9.44354241,-35.52709212,156.0,2.619999885559082,88.0
2025-01-15T21:11:57Z,Run,2025-01-15T21:17:15Z,-9.44352141,-35.52710612,156.0,2.630000114440918,88.0
2025-01-15T21:11:57Z,Run,2025-01-15T21:17:16Z,-9.44350076,-35.52712045,156.0,2.630000114440918,87.0
2025-01-15T21:11:57Z,Run,2025-01-15T21:17:17Z,-9.44348009,-35.52713445,156.0,2.630000114440918,86.0
2025-01-15T21:11:57Z,Run,2025-01-15T21:17:18Z,-9.44346043,-35.5271471,156.0,2.630000114440918,86.0
2025-01-15T21:11:57Z,Run,2025-01-15T21:17:19Z,-9.44344177,-35.52715876,,,
2025-01-15T21:11:57Z,Run,2025-01-15T21:17:20Z,-9.44342543,-35.52717042,157.0,2.640000104904175,86.0
2025-01-15T21:11:57Z,Run,2025-01-15T21:17:21Z,-9.44341143,-35.52718275,157.0,2.700000047683716,86.0
2025-01-15T21:11:57Z,Run,2025-01-15T21:17:21Z,-9.44340011,-35.52719474,157.0,2.7300000190734863,86.0
2025-01-15T21:11:57Z,Run,2025-01-15T21:17:22Z,-9.44339012,-35.52720741,157.0,2.5899999141693115,86.0
2025-01-15T21:11:57Z,Run,2025-01-15T21:17:23Z,-9.44338245,-35.5272194,157.0,2.3299999237060547,86.0
2025-01-15T21:11:57Z,Run,2025-01-15T21:17:25Z,-9.44337712,-35.52723205,156.0,2.059999942779541,86.0
2025-01-15T21:11:57Z,Run,2025-01-15T21:17:26Z,-9.44337312,-35.52724505,156.0,2.059999942779541,86.0
2025-01-15T21:11:57Z,Run,2025-01-15T21:17:27Z,-9.44337113,-35.52725738,156.0,1.8300000429153442,86.0
2025-01-15T21:11:57Z,Run,2025-01-15T21:17:28Z,-9.44337013,-35.52727004,156.0,1.7100000381469727,86.0
2025-01-15T21:11:57Z,Run,2025-01-15T21:17:29Z,-9.44337013,-35.52728237,157.0,1.649999976158142,86.0
2025-01-15T21:11:57Z,Run,2025-01-15T21:17:30Z,-9.44337213,-35.5272957,160.0,1.5800000429153442,86.0
2025-01-15T21:11:57Z,Run,2025-01-15T21:17:31Z,-9.44337413,-35.52730903,160.0,1.5099999904632568,86.0
2025-01-15T21:11:57Z,Run,2025-01-15T21:17:32Z,-9.44337679,-35.52732169,160.0,1.5099999904632568,86.0
2025-01-15T21:11:57Z,Run,2025-01-15T21:17:33Z,-9.44337879,-35.52733402,160.0,1.440000057220459,86.0
2025-01-15T21:11:57Z,Run,2025-01-15T21:17:34Z,-9.44338179,-35.52734735,160.0,1.4299999475479126,86.0
2025-01-15T21:11:57Z,Run,2025-01-15T21:17:35Z,-9.44338578,-35.52736135,160.0,1.440000057220459,86.0
2025-01-15T21:11:57Z,Run,2025-01-15T21:17:36Z,-9.44338978,-35.52737435,158.0,1.4299999475479126,86.0
2025-01-15T21:11:57Z,Run,2025-01-15T21:17:37Z,-9.44339543,-35.52738634,159.0,1.4199999570846558,86.0
2025-01-15T21:11:57Z,Run,2025-01-15T21:17:38Z,-9.44340177,-35.527396,159.0,1.4199999570846558,86.0
2025-01-15T21:11:57Z,Run,2025-01-15T21:17:39Z,-9.44340976,-35.52740333,159.0,1.4199999570846558,86.0
2025-01-15T21:11:57Z,Run,2025-01-15T21:17:40Z,-9.44341876,-35.52740799,158.0,1.409999966621399,86.0
2025-01-15T21:11:57Z,Run,2025-01-15T21:17:41Z,-9.44342776,-35.52741132,157.0,1.3700000047683716,30.0
2025-01-15T21:11:57Z,Run,2025-01-15T21:17:42Z,-9.44343708,-35.52741464,157.0,1.3700000047683716,30.0
2025-01-15T21:11:57Z,Run,2025-01-15T21:17:43Z,-9.44344675,-35.52741731,156.0,1.3300000429153442,30.0
2025-01-15T21:11:57Z,Run,2025-01-15T21:17:44Z,-9.44345708,-35.52742164,156.0,1.3300000429153442,30.0
2025-01-15T21:11:57Z,Run,2025-01-15T21:17:45Z,-9.44346774,-35.5274253,157.0,1.2799999713897705,30.0
2025-01-15T21:11:57Z,Run,2025-01-15T21:17:46Z,-9.44347906,-35.52742663,160.0,1.2400000095367432,30.0
2025-01-15T21:11:57Z,Run,2025-01-15T21:17:47Z,-9.44349072,-35.52742695,162.0,1.2400000095367432,30.0
2025-01-15T21:11:57Z,Run,2025-01-15T21:17:48Z,-9.44350405,-35.52742828,162.0,1.2400000095367432,30.0
2025-01-15T21:11:57Z,Run,2025-01-15T21:17:49Z,-9.44351737,-35.52743093,160.0,1.2300000190734863,30.0
2025-01-15T21:11:57Z,Run,2025-01-15T21:17:50Z,-9.44353137,-35.5274336,158.0,1.2300000190734863,30.0
2025-01-15T21:11:57Z,Run,2025-01-15T21:17:51Z,-9.44354503,-35.52743726,158.0,1.2300000190734863,30.0
2025-01-15T21:11:57Z,Run,2025-01-15T21:17:52Z,-9.44355802,-35.52744025,156.0,1.2599999904632568,31.0
2025-01-15T21:11:57Z,Run,2025-01-15T21:17:53Z,-9.44357134,-35.52744091,155.0,1.309999942779541,31.0
2025-01-15T21:11:57Z,Run,2025-01-15T21:17:54Z,-9.44358501,-35.52744157,155.0,1.3600000143051147,30.0
2025-01-15T21:11:57Z,Run,2025-01-15T21:17:55Z,-9.44359867,-35.52744125,157.0,1.399999976158142,30.0
2025-01-15T21:11:57Z,Run,2025-01-15T21:17:56Z,-9.44361267,-35.52744025,158.0,1.399999976158142,30.0
2025-01-15T21:11:57Z,Run,2025-01-15T21:17:57Z,-9.44362633,-35.52743926,158.0,1.399999976158142,30.0
2025-01-15T21:11:57Z,Run,2025-01-15T21:17:58Z,-9.44363999,-35.52743893,158.0,1.4299999475479126,30.0
2025-01-15T21:11:57Z,Run,2025-01-15T21:17:59Z,-9.44365331,-35.52743794,156.0,1.4700000286102295,30.0
2025-01-15T21:11:57Z,Run,2025-01-15T21:18:00Z,-9.44366564,-35.52743728,156.0,1.5,31.0
2025-01-15T21:11:57Z,Run,2025-01-15T21:18:01Z,-9.44367797,-35.52743629,153.0,1.5,30.0
2025-01-15T21:11:57Z,Run,2025-01-15T21:18:02Z,-9.44369064,-35.52743462,153.0,1.5,30.0
2025-01-15T21:11:57Z,Run,2025-01-15T21:18:03Z,-9.4437023,-35.52743296,154.0,1.5,29.0
2025-01-15T21:11:57Z,Run,2025-01-15T21:18:04Z,-9.44371396,-35.5274313,156.0,1.5,29.0
2025-01-15T21:11:57Z,Run,2025-01-15T21:18:05Z,-9.44372629,-35.52742896,156.0,1.4900000095367432,30.0
2025-01-15T21:11:57Z,Run,2025-01-15T21:18:06Z,-9.44373962,-35.52742597,156.0,1.4900000095367432,31.0
2025-01-15T21:11:57Z,Run,2025-01-15T21:18:07Z,-9.44375262,-35.52742165,158.0,1.4900000095367432,31.0
2025-01-15T21:11:57Z,Run,2025-01-15T21:18:08Z,-9.44376594,-35.52741665,158.0,1.4800000190734863,31.0
2025-01-15T21:11:57Z,Run,2025-01-15T21:18:09Z,-9.4437796,-35.52741266,158.0,1.4800000190734863,31.0
2025-01-15T21:11:57Z,Run,2025-01-15T21:18:10Z,-9.44379393,-35.52740999,159.0,1.4700000286102295,31.0
2025-01-15T21:11:57Z,Run,2025-01-15T21:18:11Z,-9.44380859,-35.52740866,,,
2025-01-15T21:11:57Z,Run,2025-01-15T21:18:12Z,-9.44382359,-35.52740834,160.0,1.4700000286102295,29.0
2025-01-15T21:11:57Z,Run,2025-01-15T21:18:13Z,-9.44383858,-35.52740866,158.0,1.4700000286102295,29.0
2025-01-15T21:11:57Z,Run,2025-01-15T21:18:14Z,-9.44385258,-35.52740898,157.0,1.4700000286102295,29.0
2025-01-15T21:11:57Z,Run,2025-01-15T21:18:15Z,-9.44386824,-35.52741032,157.0,1.4700000286102295,29.0
2025-01-15T21:11:57Z,Run,2025-01-15T21:18:16Z,-9.44388557,-35.52741097,156.0,1.4700000286102295,31.0
2025-01-15T21:11:57Z,Run,2025-01-15T21:18:17Z,-9.44390157,-35.5274123,157.0,1.4800000190734863,31.0
2025-01-15T21:11:57Z,Run,2025-01-15T21:18:17Z,-9.44391522,-35.52741396,158.0,1.4800000190734863,31.0
2025-01-15T21:11:57Z,Run,2025-01-15T21:18:18Z,-9.44392822,-35.5274163,158.0,1.4900000095367432,31.0
2025-01-15T21:11:57Z,Run,2025-01-15T21:18:19Z,-9.44394089,-35.52741863,157.0,1.4900000095367432,31.0
2025-01-15T21:11:57Z,Run,2025-01-15T21:18:21Z,-9.44395288,-35.52741995,157.0,1.4900000095367432,31.0
2025-01-15T21:11:57Z,Run,2025-01-15T21:18:22Z,-9.44396487,-35.52741963,156.0,1.5,31.0
2025-01-15T21:11:57Z,Run,2025-01-15T21:18:23Z,-9.44397586,-35.52741696,156.0,1.5,31.0
2025-01-15T21:11:57Z,Run,2025-01-15T21:18:24Z,-9.44398652,-35.52741131,156.0,1.5,31.0
2025-01-15T21:11:57Z,Run,2025-01-15T21:18:25Z,-9.44399452,-35.52740364,156.0,1.4900000095367432,31.0
2025-01-15T21:11:57Z,Run,2025-01-15T21:18:26Z,-9.44400051,-35.52739465,159.0,1.4900000095367432,31.0
2025-01-15T21:11:57Z,Run,2025-01-15T21:18:27Z,-9.44400517,-35.52738533,159.0,1.4900000095367432,31.0
2025-01-15T21:11:57Z,Run,2025-01-15T21:18:28Z,-9.44400883,-35.52737533,161.0,1.4800000190734863,31.0
2025-01-15T21:11:57Z,Run,2025-01-15T21:18:29Z,-9.44401116,-35.52736399,162.0,1.4800000190734863,31.0
2025-01-15T21:11:57Z,Run,2025-01-15T21:18:30Z,-9.44401183,-35.52735367,162.0,1.4700000286102295,31.0
2025-01-15T21:11:57Z,Run,2025-01-15T21:18:31Z,-9.44401315,-35.52734201,162.0,1.4600000381469727,31.0
2025-01-15T21:11:57Z,Run,2025-01-15T21:18:31Z,-9.44401414,-35.52733035,163.0,1.4500000476837158,31.0
2025-01-15T21:11:57Z,Run,2025-01-15T21:18:33Z,-9.44401447,-35.52731802,163.0,1.4500000476837158,31.0
2025-01-15T21:11:57Z,Run,2025-01-15T21:18:34Z,-9.44401447,-35.52730469,163.0,1.4500000476837158,31.0
2025-01-15T21:11:57Z,Run,2025-01-15T21:18:35Z,-9.44401512,-35.5272917,163.0,1.440000057220459,31.0
2025-01-15T21:11:57Z,Run,2025-01-15T21:18:36Z,-9.44401712,-35.5272777,163.0,1.440000057220459,31.0
2025-01-15T21:11:57Z,Run,2025-01-15T21:18:37Z,-9.44401846,-35.52726303,163.0,1.4299999475479126,31.0
2025-01-15T21:11:57Z,Run,2025-01-15T21:18:38Z,-9.44401945,-35.52724871,162.0,1.4299999475479126,31.0
2025-01-15T21:11:57Z,Run,2025-01-15T21:18:39Z,-9.44402045,-35.52723439,162.0,1.4299999475479126,31.0
2025-01-15T21:11:57Z,Run,2025-01-15T21:18:40Z,-9.44402144,-35.52722006,162.0,1.4299999475479126,31.0
2025-01-15T21:11:57Z,Run,2025-01-15T21:18:41Z,-9.44402011,-35.52720507,161.0,1.4299999475479126,31.0
2025-01-15T21:11:57Z,Run,2025-01-15T21:18:42Z,-9.44401745,-35.52718907,161.0,1.4299999475479126,31.0
2025-01-15T21:11:57Z,Run,2025-01-15T21:18:43Z,-9.44401412,-35.52717408,161.0,1.4299999475479126,31.0
2025-01-15T21:11:57Z,Run,2025-01-15T21:18:44Z,-9.4440118,-35.52715943,161.0,1.4299999475479126,31.0
2025-01-15T21:11:57Z,Run,2025-01-15T21:18:45Z,-9.4440088,-35.52714409,161.0,1.4299999475479126,31.0
2025-01-15T21:11:57Z,Run,2025-01-15T21:18:46Z,-9.44400414,-35.52712944,160.0,1.440000057220459,31.0
2025-01-15T21:11:57Z,Run,2025-01-15T21:18:47Z,-9.44399714,-35.52711711,160.0,1.440000057220459,31.0
2025-01-15T21:11:57Z,Run,2025-01-15T21:18:48Z,-9.44398881,-35.52710645,161.0,1.4500000476837158,31.0
2025-01-15T21:11:57Z,Run,2025-01-15T21:18:49Z,-9.44397815,-35.52709645,165.0,1.4600000381469727,31.0
2025-01-15T21:11:57Z,Run,2025-01-15T21:18:50Z,-9.44396715,-35.52708646,165.0,1.4600000381469727,31.0
2025-01-15T21:11:57Z,Run,2025-01-15T21:18:51Z,-9.44395583,-35.52707679,165.0,1.4600000381469727,31.0
2025-01-15T21:11:57Z,Run,2025-01-15T21:18:52Z,-9.44394417,-35.52706713,166.0,1.4600000381469727,31.0
2025-01-15T21:11:57Z,Run,2025-01-15T21:18:53Z,-9.44393218,-35.52705814,166.0,1.4700000286102295,31.0
2025-01-15T21:11:57Z,Run,2025-01-15T21:18:54Z,-9.44392118,-35.52704981,166.0,1.4700000286102295,31.0
2025-01-15T21:11:57Z,Run,2025-01-15T21:18:55Z,-9.44390919,-35.52704148,167.0,1.4800000190734863,31.0
2025-01-15T21:11:57Z,Run,2025-01-15T21:18:56Z,-9.44389787,-35.52703214,167.0,1.4800000190734863,31.0
2025-01-15T21:11:57Z,Run,2025-01-15T21:18:57Z,-9.4438882,-35.52702381,167.0,1.4800000190734863,31.0
2025-01-15T21:11:57Z,Run,2025-01-15T21:18:58Z,-9.4438792,-35.52701582,167.0,1.4800000190734863,31.0
2025-01-15T21:11:57Z,Run,2025-01-15T21:18:59Z,-9.44387055,-35.52700782,167.0,1.4900000095367432,31.0
2025-01-15T21:11:57Z,Run,2025-01-15T21:19:00Z,-9.44386155,-35.52700082,167.0,1.4900000095367432,31.0
2025-01-15T21:11:57Z,Run,2025-01-15T21:19:01Z,-9.44385188,-35.52699316,167.0,1.4900000095367432,31.0
2025-01-15T21:11:57Z,Run,2025-01-15T21:19:02Z,-9.44384122,-35.52698616,165.0,1.4900000095367432,31.0
2025-01-15T21:11:57Z,Run,2025-01-15T21:19:03Z,-9.4438299,-35.52697783,165.0,1.4900000095367432,31.0
2025-01-15T21:11:57Z,Run,2025-01-15T21:19:04Z,-9.44381791,-35.52696983,163.0,1.4800000190734863,31.0
2025-01-15T21:11:57Z,Run,2025-01-15T21:19:05Z,-9.44380592,-35.52696384,163.0,1.4800000190734863,31.0
2025-01-15T21:11:57Z,Run,2025-01-15T21:19:06Z,-9.44379393,-35.52695917,162.0,1.4800000190734863,31.0
2025-01-15T21:11:57Z,Run,2025-01-15T21:19:07Z,-9.44378226,-35.52695652,162.0,1.4800000190734863,31.0
2025-01-15T21:11:57Z,Run,2025-01-15T21:19:08Z,-9.44376994,-35.52695652,162.0,1.4800000190734863,30.0
2025-01-15T21:11:57Z,Run,2025-01-15T21:19:09Z,-9.44375827,-35.52695852,162.0,1.4800000190734863,30.0
2025-01-15T21:11:57Z,Run,2025-01-15T21:19:10Z,-9.44374628,-35.52696352,162.0,1.4800000190734863,30.0
2025-01-15T21:11:57Z,Run,2025-01-15T21:19:11Z,-9.44373496,-35.52696917,163.0,1.4800000190734863,30.0
2025-01-15T21:11:57Z,Run,2025-01-15T21:19:12Z,-9.44372463,-35.52697583,,,
2025-01-15T21:11:57Z,Run,2025-01-15T21:19:13Z,-9.44371363,-35.52698316,163.0,1.4700000286102295,31.0
2025-01-15T21:11:57Z,Run,2025-01-15T21:19:14Z,-9.44370297,-35.52699116,165.0,1.4700000286102295,31.0
2025-01-15T21:11:57Z,Run,2025-01-15T21:19:15Z,-9.44369265,-35.52700015,165.0,1.4700000286102295,30.0
2025-01-15T21:11:57Z,Run,2025-01-15T21:19:16Z,-9.44368265,-35.52700881,165.0,1.4700000286102295,30.0
2025-01-15T21:11:57Z,Run,2025-01-15T21:19:17Z,-9.44367166,-35.52701648,165.0,1.4700000286102295,30.0
2025-01-15T21:11:57Z,Run,2025-01-15T21:19:18Z,-9.44366032,-35.52702481,165.0,1.4700000286102295,30.0
2025-01-15T21:11:57Z,Run,2025-01-15T21:19:19Z,-9.443649,-35.52703347,,,
2025-01-15T21:11:57Z,Run,2025-01-15T21:19:20Z,-9.44363834,-35.52704312,165.0,1.4700000286102295,30.0
2025-01-15T21:11:57Z,Run,2025-01-15T21:19:21Z,-9.44362701,-35.52705279,165.0,1.4700000286102295,30.0
2025-01-15T21:11:57Z,Run,2025-01-15T21:19:22Z,-9.44361535,-35.52706211,165.0,1.4700000286102295,30.0
2025-01-15T21:11:57Z,Run,2025-01-15T21:19:23Z,-9.44360435,-35.5270711,165.0,1.4700000286102295,30.0
2025-01-15T21:11:57Z,Run,2025-01-15T21:19:24Z,-9.44359402,-35.52708043,165.0,1.4700000286102295,30.0
2025-01-15T21:11:57Z,Run,2025-01-15T21:19:25Z,-9.44358436,-35.52709009,165.0,1.4700000286102295,31.0
2025-01-15T21:11:57Z,Run,2025-01-15T21:19:26Z,-9.44357536,-35.52709908,165.0,1.4700000286102295,30.0
2025-01-15T21:11:57Z,Run,2025-01-15T21:19:27Z,-9.44356604,-35.52710708,165.0,1.4800000190734863,27.0
2025-01-15T21:11:57Z,Run,2025-01-15T21:19:28Z,-9.44355671,-35.52711374,165.0,1.4800000190734863,27.0
2025-01-15T21:11:57Z,Run,2025-01-15T21:19:29Z,-9.44354705,-35.5271224,165.0,1.4800000190734863,27.0
2025-01-15T21:11:57Z,Run,2025-01-15T21:19:29Z,-9.44353639,-35.52713073,166.0,1.4800000190734863,27.0
2025-01-15T21:11:57Z,Run,2025-01-15T21:19:31Z,-9.44352539,-35.52713906,166.0,1.4800000190734863,27.0
2025-01-15T21:11:57Z,Run,2025-01-15T21:19:32Z,-9.44351439,-35.52714673,165.0,1.4800000190734863,27.0
2025-01-15T21:11:57Z,Run,2025-01-15T21:19:33Z,-9.44350407,-35.52715539,164.0,1.4800000190734863,27.0
2025-01-15T21:11:57Z,Run,2025-01-15T21:19:34Z,-9.44349407,-35.52716438,164.0,1.4800000190734863,27.0
2025-01-15T21:11:57Z,Run,2025-01-15T21:19:35Z,-9.44348341,-35.52717303,164.0,1.4800000190734863,27.0
2025-01-15T21:11:57Z,Run,2025-01-15T21:19:36Z,-9.44347175,-35.52718137,165.0,1.4800000190734863,27.0
2025-01-15T21:11:57Z,Run,2025-01-15T21:19:37Z,-9.44345976,-35.52718937,165.0,1.4800000190734863,27.0
2025-01-15T21:11:57Z,Run,2025-01-15T21:19:38Z,-9.44344777,-35.5271977,164.0,1.4800000190734863,27.0
2025-01-15T21:11:57Z,Run,2025-01-15T21:19:39Z,-9.44343711,-35.52720603,164.0,1.4800000190734863,27.0
2025-01-15T21:11:57Z,Run,2025-01-15T21:19:40Z,-9.44342745,-35.52721437,164.0,1.4800000190734863,27.0
2025-01-15T21:11:57Z,Run,2025-01-15T21:19:41Z,-9.4434198,-35.52722302,164.0,1.4800000190734863,62.0
2025-01-15T21:11:57Z,Run,2025-01-15T21:19:42Z,-9.44341213,-35.52723235,164.0,1.4800000190734863,61.0
2025-01-15T21:11:57Z,Run,2025-01-15T21:19:43Z,-9.44340581,-35.52724168,164.0,1.4800000190734863,61.0
2025-01-15T21:11:57Z,Run,2025-01-15T21:19:44Z,-9.44340181,-35.52725201,162.0,1.4800000190734863,61.0
2025-01-15T21:11:57Z,Run,2025-01-15T21:19:45Z,-9.44339914,-35.527263,162.0,1.4800000190734863,61.0
2025-01-15T21:11:57Z,Run,2025-01-15T21:19:46Z,-9.44339782,-35.527275,162.0,1.4800000190734863,61.0
2025-01-15T21:11:57Z,Run,2025-01-15T21:19:46Z,-9.44339782,-35.52728733,162.0,1.4800000190734863,62.0
2025-01-15T21:11:57Z,Run,2025-01-15T21:19:48Z,-9.44339815,-35.52729999,162.0,1.4800000190734863,62.0
2025-01-15T21:11:57Z,Run,2025-01-15T21:19:49Z,-9.44339815,-35.52731298,162.0,1.4700000286102295,62.0
2025-01-15T21:11:57Z,Run,2025-01-15T21:19:50Z,-9.44339914,-35.52732665,162.0,1.4700000286102295,62.0
2025-01-15T21:11:57Z,Run,2025-01-15T21:19:51Z,-9.44340046,-35.52733998,162.0,1.4700000286102295,62.0
2025-01-15T21:11:57Z,Run,2025-01-15T21:19:52Z,-9.44340213,-35.52735297,162.0,1.4700000286102295,62.0
2025-01-15T21:11:57Z,Run,2025-01-15T21:19:53Z,-9.44340412,-35.52736564,162.0,1.4600000381469727,62.0
2025-01-15T21:11:57Z,Run,2025-01-15T21:19:54Z,-9.44340612,-35.5273783,162.0,1.4600000381469727,62.0
2025-01-15T21:11:57Z,Run,2025-01-15T21:19:55Z,-9.44340845,-35.52739063,162.0,1.4600000381469727,61.0
2025-01-15T21:11:57Z,Run,2025-01-15T21:19:56Z,-9.44341178,-35.52740295,162.0,1.4600000381469727,61.0
2025-01-15T21:11:57Z,Run,2025-01-15T21:19:57Z,-9.4434161,-35.52741329,162.0,1.4500000476837158,61.0
2025-01-15T21:11:57Z,Run,2025-01-15T21:19:58Z,-9.44342343,-35.52742129,162.0,1.4500000476837158,61.0
2025-01-15T21:11:57Z,Run,2025-01-15T21:19:59Z,-9.44343376,-35.52742728,163.0,1.440000057220459,61.0
2025-01-15T21:11:57Z,Run,2025-01-15T21:20:00Z,-9.44344876,-35.52743127,163.0,1.4199999570846558,61.0
2025-01-15T21:11:57Z,Run,2025-01-15T21:20:01Z,-9.44346609,-35.52743327,163.0,1.4199999570846558,61.0
2025-01-15T21:11:57Z,Run,2025-01-15T21:20:02Z,-9.44348641,-35.52743527,162.0,1.4199999570846558,61.0
2025-01-15T21:11:57Z,Run,2025-01-15T21:20:03Z,-9.44350774,-35.52743659,162.0,1.5199999809265137,61.0
2025-01-15T21:11:57Z,Run,2025-01-15T21:20:04Z,-9.44353106,-35.52743826,162.0,1.5199999809265137,61.0
2025-01-15T21:11:57Z,Run,2025-01-15T21:20:05Z,-9.44355472,-35.52743925,162.0,1.7599999904632568,61.0
2025-01-15T21:11:57Z,Run,2025-01-15T21:20:06Z,-9.44357938,-35.52744024,162.0,2.0799999237060547,61.0
2025-01-15T21:11:57Z,Run,2025-01-15T21:20:07Z,-9.44360504,-35.52744157,162.0,2.3299999237060547,61.0
2025-01-15T21:11:57Z,Run,2025-01-15T21:20:08Z,-9.44363236,-35.52744357,162.0,2.450000047683716,87.0
2025-01-15T21:11:57Z,Run,2025-01-15T21:20:09Z,-9.44366002,-35.52744556,163.0,2.5299999713897705,87.0
2025-01-15T21:11:57Z,Run,2025-01-15T21:20:10Z,-9.44368734,-35.52744623,163.0,2.5299999713897705,87.0
2025-01-15T21:11:57Z,Run,2025-01-15T21:20:11Z,-9.44371268,-35.52744788,163.0,2.609999895095825,87.0
2025-01-15T21:11:57Z,Run,2025-01-15T21:20:12Z,-9.44373901,-35.52744821,163.0,2.700000047683716,87.0
2025-01-15T21:11:57Z,Run,2025-01-15T21:20:13Z,-9.44376501,-35.52744821,163.0,2.740000009536743,87.0
2025-01-15T21:11:57Z,Run,2025-01-15T21:20:14Z,-9.44379133,-35.52744622,163.0,2.7699999809265137,87.0
2025-01-15T21:11:57Z,Run,2025-01-15T21:20:15Z,-9.44381699,-35.52744355,163.0,2.799999952316284,87.0
2025-01-15T21:11:57Z,Run,2025-01-15T21:20:16Z,-9.44384266,-35.52744056,163.0,2.799999952316284,87.0
2025-01-15T21:11:57Z,Run,2025-01-15T21:20:17Z,-9.44386798,-35.52743789,163.0,2.799999952316284,87.0
2025-01-15T21:11:57Z,Run,2025-01-15T21:20:18Z,-9.44389265,-35.52743689,162.0,2.799999952316284,87.0
2025-01-15T21:11:57Z,Run,2025-01-15T21:20:19Z,-9.44391664,-35.5274359,162.0,2.7799999713897705,87.0
2025-01-15T21:11:57Z,Run,2025-01-15T21:20:20Z,-9.44394063,-35.5274339,163.0,2.7699999809265137,87.0
2025-01-15T21:11:57Z,Run,2025-01-15T21:20:21Z,-9.44396429,-35.52742958,163.0,2.759999990463257,87.0
2025-01-15T21:11:57Z,Run,2025-01-15T21:20:22Z,-9.44398529,-35.52742258,163.0,2.7300000190734863,87.0
2025-01-15T21:11:57Z,Run,2025-01-15T21:20:23Z,-9.44400195,-35.52741158,163.0,2.7300000190734863,87.0
2025-01-15T21:11:57Z,Run,2025-01-15T21:20:24Z,-9.44401295,-35.52739659,163.0,2.700000047683716,87.0
2025-01-15T21:11:57Z,Run,2025-01-15T21:20:25Z,-9.44401828,-35.5273786,164.0,2.680000066757202,87.0
2025-01-15T21:11:57Z,Run,2025-01-15T21:20:26Z,-9.44402061,-35.52735693,164.0,2.619999885559082,87.0
2025-01-15T21:11:57Z,Run,2025-01-15T21:20:27Z,-9.44401794,-35.52733327,162.0,2.569999933242798,87.0
2025-01-15T21:11:57Z,Run,2025-01-15T21:20:27Z,-9.44401428,-35.52730861,161.0,2.549999952316284,87.0
2025-01-15T21:11:57Z,Run,2025-01-15T21:20:28Z,-9.44400996,-35.52728261,161.0,2.549999952316284,87.0
2025-01-15T21:11:57Z,Run,2025-01-15T21:20:29Z,-9.44400663,-35.52725695,161.0,2.549999952316284,87.0
2025-01-15T21:11:57Z,Run,2025-01-15T21:20:30Z,-9.44400396,-35.52723163,161.0,2.549999952316284,87.0
2025-01-15T21:11:57Z,Run,2025-01-15T21:20:31Z,-9.44400297,-35.52720897,160.0,2.5999999046325684,87.0
2025-01-15T21:11:57Z,Run,2025-01-15T21:20:32Z,-9.44400197,-35.52718465,160.0,2.6500000953674316,87.0
2025-01-15T21:11:57Z,Run,2025-01-15T21:20:33Z,-9.44400031,-35.52716098,160.0,2.680000066757202,87.0
2025-01-15T21:11:57Z,Run,2025-01-15T21:20:34Z,-9.44399365,-35.52713799,160.0,2.680000066757202,87.0
2025-01-15T21:11:57Z,Run,2025-01-15T21:20:35Z,-9.44398299,-35.52711633,159.0,2.690000057220459,88.0
2025-01-15T21:11:57Z,Run,2025-01-15T21:20:36Z,-9.44397,-35.52709534,158.0,2.7100000381469727,87.0
2025-01-15T21:11:57Z,Run,2025-01-15T21:20:37Z,-9.44395501,-35.52707667,157.0,2.7100000381469727,87.0
2025-01-15T21:11:57Z,Run,2025-01-15T21:20:38Z,-9.44393868,-35.52705835,158.0,2.7100000381469727,86.0
2025-01-15T21:11:57Z,Run,2025-01-15T21:20:39Z,-9.44392034,-35.52704068,158.0,2.7100000381469727,87.0
2025-01-15T21:11:57Z,Run,2025-01-15T21:20:40Z,-9.44390102,-35.52702402,158.0,2.7100000381469727,87.0
2025-01-15T21:11:57Z,Run,2025-01-15T21:20:41Z,-9.44388203,-35.52700769,158.0,2.7100000381469727,87.0
2025-01-15T21:11:57Z,Run,2025-01-15T21:20:42Z,-9.44386336,-35.52699202,158.0,2.7100000381469727,87.0
2025-01-15T21:11:57Z,Run,2025-01-15T21:20:43Z,-9.44384537,-35.52697802,158.0,2.7100000381469727,87.0
2025-01-15T21:11:57Z,Run,2025-01-15T21:20:44Z,-9.44382671,-35.52696637,158.0,2.7100000381469727,87.0
2025-01-15T21:11:57Z,Run,2025-01-15T21:20:45Z,-9.44380738,-35.52696271,158.0,2.7100000381469727,87.0
2025-01-15T21:11:57Z,Run,2025-01-15T21:20:46Z,-9.44378573,-35.52696271,158.0,2.7100000381469727,87.0
2025-01-15T21:11:57Z,Run,2025-01-15T21:20:47Z,-9.4437664,-35.5269677,158.0,2.7100000381469727,87.0
2025-01-15T21:11:57Z,Run,2025-01-15T21:20:48Z,-9.44374774,-35.52697603,158.0,2.7100000381469727,86.0
2025-01-15T21:11:57Z,Run,2025-01-15T21:20:49Z,-9.4437304,-35.52698637,158.0,2.700000047683716,87.0
2025-01-15T21:11:57Z,Run,2025-01-15T21:20:50Z,-9.44371275,-35.52699836,159.0,2.680000066757202,87.0
2025-01-15T21:11:57Z,Run,2025-01-15T21:20:51Z,-9.44369542,-35.52701069,160.0,2.680000066757202,87.0
2025-01-15T21:11:57Z,Run,2025-01-15T21:20:52Z,-9.44367776,-35.52702469,160.0,2.680000066757202,87.0
2025-01-15T21:11:57Z,Run,2025-01-15T21:20:53Z,-9.44366043,-35.52703935,160.0,2.6700000762939453,88.0
2025-01-15T21:11:57Z,Run,2025-01-15T21:20:54Z,-9.44364211,-35.52705367,160.0,2.6500000953674316,88.0
2025-01-15T21:11:57Z,Run,2025-01-15T21:20:55Z,-9.44362344,-35.52706799,160.0,2.6500000953674316,88.0
2025-01-15T21:11:57Z,Run,2025-01-15T21:20:56Z,-9.44360478,-35.52708333,162.0,2.640000104904175,88.0
2025-01-15T21:11:57Z,Run,2025-01-15T21:20:57Z,-9.44358645,-35.52709898,162.0,2.630000114440918,88.0
2025-01-15T21:11:57Z,Run,2025-01-15T21:20:58Z,-9.44356779,-35.52711498,162.0,2.630000114440918,88.0
2025-01-15T21:11:57Z,Run,2025-01-15T21:20:59Z,-9.4435488,-35.52712964,162.0,2.630000114440918,88.0
2025-01-15T21:11:57Z,Run,2025-01-15T21:21:00Z,-9.44352913,-35.52714331,162.0,2.630000114440918,88.0
2025-01-15T21:11:57Z,Run,2025-01-15T21:21:01Z,-9.44350746,-35.52715563,163.0,2.630000114440918,88.0
2025-01-15T21:11:57Z,Run,2025-01-15T21:21:02Z,-9.44348547,-35.52716729,163.0,2.630000114440918,88.0
2025-01-15T21:11:57Z,Run,2025-01-15T21:21:03Z,-9.44346348,-35.52717829,164.0,2.630000114440918,88.0
2025-01-15T21:11:57Z,Run,2025-01-15T21:21:04Z,-9.44344248,-35.52719129,164.0,2.630000114440918,88.0
2025-01-15T21:11:57Z,Run,2025-01-15T21:21:05Z,-9.44342382,-35.52720594,164.0,2.630000114440918,88.0
2025-01-15T21:11:57Z,Run,2025-01-15T21:21:06Z,-9.44340782,-35.52722293,164.0,2.630000114440918,87.0
2025-01-15T21:11:57Z,Run,2025-01-15T21:21:07Z,-9.44339583,-35.52724193,165.0,2.630000114440918,87.0
2025-01-15T21:11:57Z,Run,2025-01-15T21:21:08Z,-9.44338617,-35.5272636,165.0,2.630000114440918,87.0
2025-01-15T21:11:57Z,Run,2025-01-15T21:21:09Z,-9.4433805,-35.52728626,164.0,2.630000114440918,87.0
2025-01-15T21:11:57Z,Run,2025-01-15T21:21:10Z,-9.44337717,-35.52731025,164.0,2.630000114440918,87.0
2025-01-15T21:11:57Z,Run,2025-01-15T21:21:11Z,-9.44337485,-35.52733458,164.0,2.630000114440918,87.0
2025-01-15T21:11:57Z,Run,2025-01-15T21:21:12Z,-9.44337318,-35.52735925,163.0,2.630000114440918,86.0
2025-01-15T21:11:57Z,Run,2025-01-15T21:21:13Z,-9.44337385,-35.52738324,163.0,2.640000104904175,86.0
2025-01-15T21:11:57Z,Run,2025-01-15T21:21:14Z,-9.44337585,-35.52740724,162.0,2.640000104904175,86.0
2025-01-15T21:11:57Z,Run,2025-01-15T21:21:15Z,-9.44337951,-35.52743089,161.0,2.640000104904175,86.0
2025-01-15T21:11:57Z,Run,2025-01-15T21:21:16Z,-9.44338284,-35.52745489,161.0,2.640000104904175,86.0
2025-01-15T21:11:57Z,Run,2025-01-15T21:21:17Z,-9.44338617,-35.52747822,162.0,2.640000104904175,86.0
2025-01-15T21:11:57Z,Run,2025-01-15T21:21:18Z,-9.44338916,-35.52750087,162.0,2.640000104904175,87.0
2025-01-15T21:11:57Z,Run,2025-01-15T21:21:19Z,-9.44339215,-35.52752453,163.0,2.640000104904175,87.0
2025-01-15T21:11:57Z,Run,2025-01-15T21:21:20Z,-9.44339482,-35.52754853,165.0,2.640000104904175,87.0
2025-01-15T21:11:57Z,Run,2025-01-15T21:21:21Z,-9.44339714,-35.52757219,166.0,2.640000104904175,87.0
2025-01-15T21:11:57Z,Run,2025-01-15T21:21:22Z,-9.44339914,-35.52759585,166.0,2.640000104904175,87.0
2025-01-15T21:11:57Z,Run,2025-01-15T21:21:23Z,-9.44340046,-35.52761951,166.0,2.640000104904175,87.0
2025-01-15T21:11:57Z,Run,2025-01-15T21:21:24Z,-9.44340313,-35.52764351,167.0,2.630000114440918,87.0
2025-01-15T21:11:57Z,Run,2025-01-15T21:21:25Z,-9.4434058,-35.52766717,167.0,2.630000114440918,87.0
2025-01-15T21:11:57Z,Run,2025-01-15T21:21:26Z,-9.44340945,-35.5276915,168.0,2.630000114440918,87.0
2025-01-15T21:11:57Z,Run,2025-01-15T21:21:27Z,-9.44341279,-35.52771549,167.0,2.640000104904175,87.0
2025-01-15T21:11:57Z,Run,2025-01-15T21:21:28Z,-9.44341611,-35.52773916,167.0,2.640000104904175,87.0
2025-01-15T21:11:57Z,Run,2025-01-15T21:21:29Z,-9.44341978,-35.52776215,167.0,2.640000104904175,87.0
2025-01-15T21:11:57Z,Run,2025-01-15T21:21:30Z,-9.4434231,-35.5277848,167.0,2.640000104904175,87.0
2025-01-15T21:11:57Z,Run,2025-01-15T21:21:31Z,-9.44342643,-35.5278068,168.0,2.640000104904175,87.0
2025-01-15T21:11:57Z,Run,2025-01-15T21:21:32Z,-9.44343043,-35.52782946,169.0,2.640000104904175,87.0
2025-01-15T21:11:57Z,Run,2025-01-15T21:21:33Z,-9.44343443,-35.52785312,169.0,2.640000104904175,87.0
2025-01-15T21:11:57Z,Run,2025-01-15T21:21:34Z,-9.44343842,-35.52787644,169.0,2.640000104904175,87.0
2025-01-15T21:11:57Z,Run,2025-01-15T21:21:35Z,-9.44344276,-35.52789977,169.0,2.640000104904175,87.0
2025-01-15T21:11:57Z,Run,2025-01-15T21:21:36Z,-9.44344509,-35.5279231,170.0,2.630000114440918,87.0
2025-01-15T21:11:57Z,Run,2025-01-15T21:21:37Z,-9.44344608,-35.5279471,170.0,2.630000114440918,87.0
2025-01-15T21:11:57Z,Run,2025-01-15T21:21:38Z,-9.4434474,-35.52797175,170.0,2.630000114440918,87.0
2025-01-15T21:11:57Z,Run,2025-01-15T21:21:38Z,-9.4434494,-35.52799609,169.0,2.630000114440918,88.0
2025-01-15T21:11:57Z,Run,2025-01-15T21:21:40Z,-9.44345207,-35.52802008,169.0,2.630000114440918,88.0
2025-01-15T21:11:57Z,Run,2025-01-15T21:21:41Z,-9.4434554,-35.52804274,169.0,2.630000114440918,87.0
2025-01-15T21:11:57Z,Run,2025-01-15T21:21:42Z,-9.44345739,-35.52806573,169.0,2.630000114440918,87.0
2025-01-15T21:11:57Z,Run,2025-01-15T21:21:43Z,-9.44345972,-35.52808872,169.0,2.630000114440918,87.0
2025-01-15T21:11:57Z,Run,2025-01-15T21:21:44Z,-9.44346205,-35.52811238,169.0,2.630000114440918,87.0
2025-01-15T21:11:57Z,Run,2025-01-15T21:21:44Z,-9.44346471,-35.52813638,169.0,2.630000114440918,86.0
2025-01-15T21:11:57Z,Run,2025-01-15T21:21:45Z,-9.44346804,-35.52816037,169.0,2.630000114440918,86.0
2025-01-15T21:11:57Z,Run,2025-01-15T21:21:47Z,-9.44347137,-35.5281847,169.0,2.630000114440918,87.0
2025-01-15T21:11:57Z,Run,2025-01-15T21:21:48Z,-9.44347404,-35.52820904,169.0,2.630000114440918,87.0
2025-01-15T21:11:57Z,Run,2025-01-15T21:21:49Z,-9.44347703,-35.52823303,169.0,2.630000114440918,87.0
2025-01-15T21:11:57Z,Run,2025-01-15T21:21:50Z,-9.44348069,-35.52825703,168.0,2.630000114440918,88.0
2025-01-15T21:11:57Z,Run,2025-01-15T21:21:51Z,-9.44348435,-35.52828135,167.0,2.619999885559082,88.0
2025-01-15T21:11:57Z,Run,2025-01-15T21:21:52Z,-9.44348768,-35.52830502,167.0,2.619999885559082,88.0
2025-01-15T21:11:57Z,Run,2025-01-15T21:21:53Z,-9.44349234,-35.52832934,167.0,2.619999885559082,88.0
2025-01-15T21:11:57Z,Run,2025-01-15T21:21:54Z,-9.44349701,-35.52835267,167.0,2.619999885559082,88.0
2025-01-15T21:11:57Z,Run,2025-01-15T21:21:55Z,-9.443501,-35.52837633,167.0,2.619999885559082,88.0
2025-01-15T21:11:57Z,Run,2025-01-15T21:21:56Z,-9.44350567,-35.52839965,168.0,2.619999885559082,88.0
2025-01-15T21:11:57Z,Run,2025-01-15T21:21:57Z,-9.44350866,-35.52842231,170.0,2.619999885559082,87.0
2025-01-15T21:11:57Z,Run,2025-01-15T21:21:58Z,-9.44351165,-35.52844531,170.0,2.619999885559082,87.0
2025-01-15T21:11:57Z,Run,2025-01-15T21:21:59Z,-9.44351498,-35.52846897,171.0,2.619999885559082,87.0
2025-01-15T21:11:57Z,Run,2025-01-15T21:22:00Z,-9.44351831,-35.52849196,171.0,2.619999885559082,87.0
2025-01-15T21:11:57Z,Run,2025-01-15T21:22:01Z,-9.44352298,-35.52851562,170.0,2.619999885559082,88.0
2025-01-15T21:11:57Z,Run,2025-01-15T21:22:02Z,-9.4435273,-35.52853861,169.0,2.619999885559082,88.0
2025-01-15T21:11:57Z,Run,2025-01-15T21:22:03Z,-9.44353029,-35.52856127,170.0,2.619999885559082,88.0
2025-01-15T21:11:57Z,Run,2025-01-15T21:22:04Z,-9.44353296,-35.5285836,170.0,2.619999885559082,88.0
2025-01-15T21:11:57Z,Run,2025-01-15T21:22:05Z,-9.44353562,-35.52860594,170.0,2.609999895095825,88.0
2025-01-15T21:11:57Z,Run,2025-01-15T21:22:06Z,-9.44353762,-35.52862893,170.0,2.609999895095825,87.0
2025-01-15T21:11:57Z,Run,2025-01-15T21:22:07Z,-9.44353894,-35.52865192,170.0,2.609999895095825,87.0
2025-01-15T21:11:57Z,Run,2025-01-15T21:22:08Z,-9.44354094,-35.52867457,170.0,2.609999895095825,87.0
2025-01-15T21:11:57Z,Run,2025-01-15T21:22:09Z,-9.44354361,-35.52869824,169.0,2.609999895095825,88.0
2025-01-15T21:11:57Z,Run,2025-01-15T21:22:10Z,-9.44354726,-35.52872323,169.0,2.5999999046325684,87.0
2025-01-15T21:11:57Z,Run,2025-01-15T21:22:11Z,-9.44355092,-35.52874855,169.0,2.5999999046325684,87.0
2025-01-15T21:11:57Z,Run,2025-01-15T21:22:12Z,-9.44355325,-35.52877322,169.0,2.5999999046325684,87.0
2025-01-15T21:11:57Z,Run,2025-01-15T21:22:13Z,-9.44355591,-35.52879755,169.0,2.5899999141693115,86.0
2025-01-15T21:11:57Z,Run,2025-01-15T21:22:14Z,-9.44355758,-35.52882154,169.0,2.5899999141693115,87.0
2025-01-15T21:11:57Z,Run,2025-01-15T21:22:15Z,-9.44355958,-35.52884488,169.0,2.5899999141693115,87.0
2025-01-15T21:11:57Z,Run,2025-01-15T21:22:16Z,-9.44356057,-35.52886687,169.0,2.5899999141693115,88.0
2025-01-15T21:11:57Z,Run,2025-01-15T21:22:17Z,-9.44356189,-35.52888953,169.0,2.5899999141693115,88.0
2025-01-15T21:11:57Z,Run,2025-01-15T21:22:18Z,-9.44356389,-35.52891186,169.0,2.5899999141693115,88.0
2025-01-15T21:11:57Z,Run,2025-01-15T21:22:19Z,-9.44356655,-35.52893386,169.0,2.5999999046325684,88.0
2025-01-15T21:11:57Z,Run,2025-01-15T21:22:20Z,-9.44356855,-35.52895619,169.0,2.5999999046325684,88.0
2025-01-15T21:11:57Z,Run,2025-01-15T21:22:21Z,-9.4435712,-35.52897852,170.0,2.5899999141693115,88.0
2025-01-15T21:11:57Z,Run,2025-01-15T21:22:22Z,-9.44357353,-35.52900052,171.0,2.5899999141693115,88.0
2025-01-15T21:11:57Z,Run,2025-01-15T21:22:23Z,-9.44357753,-35.52902351,171.0,2.5899999141693115,88.0
2025-01-15T21:11:57Z,Run,2025-01-15T21:22:24Z,-9.44358318,-35.5290465,172.0,2.5899999141693115,87.0
2025-01-15T21:11:57Z,Run,2025-01-15T21:22:25Z,-9.44359018,-35.52906884,173.0,2.5899999141693115,88.0
2025-01-15T21:11:57Z,Run,2025-01-15T21:22:26Z,-9.44359985,-35.5290895,173.0,2.5799999237060547,88.0
2025-01-15T21:11:57Z,Run,2025-01-15T21:22:27Z,-9.44361085,-35.52910917,171.0,2.5799999237060547,88.0
2025-01-15T21:11:57Z,Run,2025-01-15T21:22:28Z,-9.44362351,-35.52912649,171.0,2.569999933242798,88.0
2025-01-15T21:11:57Z,Run,2025-01-15T21:22:29Z,-9.44363817,-35.52914316,171.0,2.569999933242798,88.0
2025-01-15T21:11:57Z,Run,2025-01-15T21:22:30Z,-9.44365516,-35.52915815,169.0,2.569999933242798,88.0
2025-01-15T21:11:57Z,Run,2025-01-15T21:22:31Z,-9.44367449,-35.52917281,169.0,2.569999933242798,88.0
2025-01-15T21:11:57Z,Run,2025-01-15T21:22:32Z,-9.44369382,-35.52918614,169.0,2.569999933242798,87.0
2025-01-15T21:11:57Z,Run,2025-01-15T21:22:33Z,-9.44371314,-35.52919981,168.0,2.569999933242798,88.0
2025-01-15T21:11:57Z,Run,2025-01-15T21:22:34Z,-9.44373281,-35.52921246,168.0,2.569999933242798,88.0
2025-01-15T21:11:57Z,Run,2025-01-15T21:22:35Z,-9.44375313,-35.52922513,168.0,2.569999933242798,88.0
2025-01-15T21:11:57Z,Run,2025-01-15T21:22:36Z,-9.4437728,-35.52923712,169.0,2.569999933242798,88.0
2025-01-15T21:11:57Z,Run,2025-01-15T21:22:37Z,-9.44379247,-35.52924911,168.0,2.559999942779541,88.0
2025-01-15T21:11:57Z,Run,2025-01-15T21:22:38Z,-9.44381279,-35.52926077,169.0,2.559999942779541,87.0
2025-01-15T21:11:57Z,Run,2025-01-15T21:22:39Z,-9.44383311,-35.5292711,171.0,2.559999942779541,88.0
2025-01-15T21:11:57Z,Run,2025-01-15T21:22:40Z,-9.44385444,-35.52928077,171.0,2.559999942779541,88.0
2025-01-15T21:11:57Z,Run,2025-01-15T21:22:41Z,-9.44387643,-35.52929042,171.0,2.559999942779541,88.0
2025-01-15T21:11:57Z,Run,2025-01-15T21:22:42Z,-9.44389808,-35.52930042,171.0,2.559999942779541,88.0
2025-01-15T21:11:57Z,Run,2025-01-15T21:22:43Z,-9.44392007,-35.52930908,171.0,2.559999942779541,88.0
2025-01-15T21:11:57Z,Run,2025-01-15T21:22:44Z,-9.44394107,-35.52931741,171.0,2.559999942779541,88.0
2025-01-15T21:11:57Z,Run,2025-01-15T21:22:45Z,-9.44396307,-35.52932541,171.0,2.559999942779541,88.0
2025-01-15T21:11:57Z,Run,2025-01-15T21:22:46Z,-9.44398473,-35.52933374,171.0,2.559999942779541,88.0
2025-01-15T21:11:57Z,Run,2025-01-15T21:22:47Z,-9.44400706,-35.52934374,171.0,2.559999942779541,88.0
2025-01-15T21:11:57Z,Run,2025-01-15T21:22:48Z,-9.44402972,-35.52935339,171.0,2.559999942779541,88.0
2025-01-15T21:11:57Z,Run,2025-01-15T21:22:49Z,-9.44405205,-35.52936339,171.0,2.559999942779541,88.0
2025-01-15T21:11:57Z,Run,2025-01-15T21:22:50Z,-9.44407372,-35.52937406,172.0,2.559999942779541,88.0
2025-01-15T21:11:57Z,Run,2025-01-15T21:22:51Z,-9.44409472,-35.52938538,174.0,2.559999942779541,89.0
2025-01-15T21:11:57Z,Run,2025-01-15T21:22:52Z,-9.44411504,-35.52939737,176.0,2.559999942779541,88.0
2025-01-15T21:11:57Z,Run,2025-01-15T21:22:53Z,-9.44413603,-35.52941004,176.0,2.559999942779541,88.0
2025-01-15T21:11:57Z,Run,2025-01-15T21:22:54Z,-9.44415637,-35.52942203,178.0,2.559999942779541,87.0
2025-01-15T21:11:57Z,Run,2025-01-15T21:22:55Z,-9.44417536,-35.52943536,178.0,2.569999933242798,86.0
2025-01-15T21:11:57Z,Run,2025-01-15T21:22:56Z,-9.44419368,-35.52944835,179.0,2.569999933242798,85.0
2025-01-15T21:11:57Z,Run,2025-01-15T21:22:57Z,-9.444212,-35.52946069,179.0,2.569999933242798,85.0
2025-01-15T21:11:57Z,Run,2025-01-15T21:22:58Z,-9.44422967,-35.52947168,178.0,2.569999933242798,86.0
2025-01-15T21:11:57Z,Run,2025-01-15T21:22:59Z,-9.444247,-35.52948201,178.0,2.569999933242798,86.0
2025-01-15T21:11:57Z,Run,2025-01-15T21:23:00Z,-9.44426367,-35.52949301,178.0,2.569999933242798,86.0
2025-01-15T21:11:57Z,Run,2025-01-15T21:23:01Z,-9.44428166,-35.52950368,178.0,2.569999933242798,87.0
2025-01-15T21:11:57Z,Run,2025-01-15T21:23:02Z,-9.44429999,-35.529513,178.0,2.559999942779541,87.0
2025-01-15T21:11:57Z,Run,2025-01-15T21:23:03Z,-9.44431898,-35.529523,179.0,2.549999952316284,87.0
2025-01-15T21:11:57Z,Run,2025-01-15T21:23:04Z,-9.44433831,-35.52953199,180.0,2.549999952316284,87.0
2025-01-15T21:11:57Z,Run,2025-01-15T21:23:05Z,-9.4443583,-35.52954131,180.0,2.549999952316284,87.0
2025-01-15T21:11:57Z,Run,2025-01-15T21:23:06Z,-9.4443793,-35.52955098,181.0,2.5399999618530273,88.0
2025-01-15T21:11:57Z,Run,2025-01-15T21:23:07Z,-9.4444003,-35.52955997,182.0,2.5299999713897705,88.0
2025-01-15T21:11:57Z,Run,2025-01-15T21:23:08Z,-9.44442029,-35.52956896,182.0,2.5299999713897705,88.0
2025-01-15T21:11:57Z,Run,2025-01-15T21:23:09Z,-9.44443962,-35.52957762,181.0,2.5299999713897705,87.0
2025-01-15T21:11:57Z,Run,2025-01-15T21:23:10Z,-9.44445861,-35.52958495,180.0,2.5199999809265137,87.0
2025-01-15T21:11:57Z,Run,2025-01-15T21:23:11Z,-9.4444786,-35.52959127,180.0,2.5199999809265137,87.0
2025-01-15T21:11:57Z,Run,2025-01-15T21:23:12Z,-9.4444986,-35.52959526,180.0,2.5199999809265137,88.0
2025-01-15T21:11:57Z,Run,2025-01-15T21:23:13Z,-9.44451892,-35.5295976,180.0,2.509999990463257,88.0
2025-01-15T21:11:57Z,Run,2025-01-15T21:23:14Z,-9.44453925,-35.52959792,180.0,2.509999990463257,88.0
2025-01-15T21:11:57Z,Run,2025-01-15T21:23:15Z,-9.44455891,-35.52959559,180.0,2.509999990463257,88.0
2025-01-15T21:11:57Z,Run,2025-01-15T21:23:16Z,-9.4445779,-35.5295906,180.0,2.5,88.0
2025-01-15T21:11:57Z,Run,2025-01-15T21:23:17Z,-9.44459456,-35.52958226,180.0,2.5,88.0
2025-01-15T21:11:57Z,Run,2025-01-15T21:23:18Z,-9.44460923,-35.52957126,180.0,2.5,87.0
2025-01-15T21:11:57Z,Run,2025-01-15T21:23:19Z,-9.44462089,-35.52955726,180.0,2.490000009536743,87.0
2025-01-15T21:11:57Z,Run,2025-01-15T21:23:20Z,-9.44462789,-35.52954027,179.0,2.4800000190734863,87.0
2025-01-15T21:11:57Z,Run,2025-01-15T21:23:21Z,-9.44463122,-35.52952062,179.0,2.4800000190734863,87.0
2025-01-15T21:11:57Z,Run,2025-01-15T21:23:22Z,-9.44463155,-35.52949996,179.0,2.4700000286102295,88.0
2025-01-15T21:11:57Z,Run,2025-01-15T21:23:23Z,-9.44463155,-35.52947763,179.0,2.4700000286102295,88.0
2025-01-15T21:11:57Z,Run,2025-01-15T21:23:24Z,-9.44463023,-35.52945463,179.0,2.4600000381469727,88.0
2025-01-15T21:11:57Z,Run,2025-01-15T21:23:25Z,-9.44462889,-35.5294313,179.0,2.4600000381469727,88.0
2025-01-15T21:11:57Z,Run,2025-01-15T21:23:26Z,-9.44462689,-35.52940865,179.0,2.450000047683716,88.0
2025-01-15T21:11:57Z,Run,2025-01-15T21:23:27Z,-9.44462557,-35.52938566,180.0,2.450000047683716,88.0
2025-01-15T21:11:57Z,Run,2025-01-15T21:23:28Z,-9.44462458,-35.52936267,182.0,2.450000047683716,88.0
2025-01-15T21:11:57Z,Run,2025-01-15T21:23:29Z,-9.44462458,-35.52933968,182.0,2.450000047683716,88.0
2025-01-15T21:11:57Z,Run,2025-01-15T21:23:30Z,-9.44462292,-35.52931634,182.0,2.450000047683716,88.0
2025-01-15T21:11:57Z,Run,2025-01-15T21:23:31Z,-9.4446216,-35.52929269,182.0,2.450000047683716,88.0
2025-01-15T21:11:57Z,Run,2025-01-15T21:23:32Z,-9.44461993,-35.52926835,182.0,2.450000047683716,88.0
2025-01-15T21:11:57Z,Run,2025-01-15T21:23:33Z,-9.44461761,-35.52924403,182.0,2.4600000381469727,88.0
2025-01-15T21:11:57Z,Run,2025-01-15T21:23:34Z,-9.44461395,-35.52921936,181.0,2.4600000381469727,88.0
2025-01-15T21:11:57Z,Run,2025-01-15T21:23:35Z,-9.4446113,-35.52919503,181.0,2.4600000381469727,88.0
2025-01-15T21:11:57Z,Run,2025-01-15T21:23:36Z,-9.4446103,-35.52917137,181.0,2.4600000381469727,88.0
2025-01-15T21:11:57Z,Run,2025-01-15T21:23:37Z,-9.44460931,-35.52914804,181.0,2.4700000286102295,88.0
2025-01-15T21:11:57Z,Run,2025-01-15T21:23:38Z,-9.44460931,-35.52912372,181.0,2.4800000190734863,89.0
2025-01-15T21:11:57Z,Run,2025-01-15T21:23:39Z,-9.44460931,-35.52910039,181.0,2.4800000190734863,89.0
2025-01-15T21:11:57Z,Run,2025-01-15T21:23:40Z,-9.44460996,-35.52907673,179.0,2.4800000190734863,89.0
2025-01-15T21:11:57Z,Run,2025-01-15T21:23:41Z,-9.44461196,-35.5290534,178.0,2.490000009536743,89.0
2025-01-15T21:11:57Z,Run,2025-01-15T21:23:42Z,-9.44461295,-35.52902907,178.0,2.490000009536743,89.0
2025-01-15T21:11:57Z,Run,2025-01-15T21:23:43Z,-9.4446123,-35.52900375,178.0,2.5,88.0
2025-01-15T21:11:57Z,Run,2025-01-15T21:23:44Z,-9.44461197,-35.52897976,178.0,2.5,89.0
2025-01-15T21:11:57Z,Run,2025-01-15T21:23:45Z,-9.44461065,-35.52895542,178.0,2.5,88.0
2025-01-15T21:11:57Z,Run,2025-01-15T21:23:46Z,-9.44460865,-35.5289321,177.0,2.509999990463257,88.0
2025-01-15T21:11:57Z,Run,2025-01-15T21:23:47Z,-9.44460566,-35.52890977,177.0,2.509999990463257,88.0
2025-01-15T21:11:57Z,Run,2025-01-15T21:23:48Z,-9.44460299,-35.52888877,177.0,2.509999990463257,88.0
2025-01-15T21:11:57Z,Run,2025-01-15T21:23:49Z,-9.44460067,-35.52886744,176.0,2.509999990463257,87.0
2025-01-15T21:11:57Z,Run,2025-01-15T21:23:50Z,-9.44459935,-35.52884544,176.0,2.509999990463257,87.0
2025-01-15T21:11:57Z,Run,2025-01-15T21:23:51Z,-9.44459835,-35.52882245,176.0,2.509999990463257,87.0
2025-01-15T21:11:57Z,Run,2025-01-15T21:23:52Z,-9.44459702,-35.52879946,176.0,2.509999990463257,88.0
2025-01-15T21:11:57Z,Run,2025-01-15T21:23:53Z,-9.44459636,-35.52877646,176.0,2.509999990463257,87.0
2025-01-15T21:11:57Z,Run,2025-01-15T21:23:54Z,-9.4445957,-35.52875381,176.0,2.509999990463257,87.0
2025-01-15T21:11:57Z,Run,2025-01-15T21:23:55Z,-9.44459537,-35.52873147,176.0,2.509999990463257,87.0
2025-01-15T21:11:57Z,Run,2025-01-15T21:23:56Z,-9.4445957,-35.52870914,177.0,2.509999990463257,87.0
2025-01-15T21:11:57Z,Run,2025-01-15T21:23:56Z,-9.4445957,-35.52868681,181.0,2.509999990463257,88.0
2025-01-15T21:11:57Z,Run,2025-01-15T21:23:58Z,-9.44459602,-35.52866448,186.0,2.509999990463257,88.0
2025-01-15T21:11:57Z,Run,2025-01-15T21:23:58Z,-9.44459503,-35.52864183,187.0,2.509999990463257,88.0
2025-01-15T21:11:57Z,Run,2025-01-15T21:23:59Z,-9.4445927,-35.52861916,187.0,2.509999990463257,88.0
2025-01-15T21:11:57Z,Run,2025-01-15T21:24:00Z,-9.44458937,-35.52859684,187.0,2.509999990463257,87.0
2025-01-15T21:11:57Z,Run,2025-01-15T21:24:02Z,-9.44458671,-35.52857284,187.0,2.5,88.0
2025-01-15T21:11:57Z,Run,2025-01-15T21:24:03Z,-9.44458505,-35.52854985,187.0,2.5,89.0
2025-01-15T21:11:57Z,Run,2025-01-15T21:24:04Z,-9.44458272,-35.52852885,187.0,2.5,88.0
2025-01-15T21:11:57Z,Run,2025-01-15T21:24:05Z,-9.44458173,-35.52850752,186.0,2.5,88.0
2025-01-15T21:11:57Z,Run,2025-01-15T21:24:06Z,-9.44458272,-35.5284872,186.0,2.5,88.0
2025-01-15T21:11:57Z,Run,2025-01-15T21:24:07Z,-9.44458438,-35.52846753,184.0,2.5,88.0
2025-01-15T21:11:57Z,Run,2025-01-15T21:24:07Z,-9.44458671,-35.52844788,183.0,2.5,88.0
2025-01-15T21:11:57Z,Run,2025-01-15T21:24:09Z,-9.4445877,-35.52842688,182.0,2.5,88.0
2025-01-15T21:11:57Z,Run,2025-01-15T21:24:09Z,-9.44458671,-35.52840521,182.0,2.5,88.0
2025-01-15T21:11:57Z,Run,2025-01-15T21:24:11Z,-9.44458604,-35.52838288,181.0,2.490000009536743,89.0
2025-01-15T21:11:57Z,Run,2025-01-15T21:24:12Z,-9.44458604,-35.52836189,181.0,2.490000009536743,89.0
2025-01-15T21:11:57Z,Run,2025-01-15T21:24:13Z,-9.44458604,-35.52833989,181.0,2.490000009536743,88.0
2025-01-15T21:11:57Z,Run,2025-01-15T21:24:14Z,-9.44458703,-35.52831755,181.0,2.4800000190734863,88.0
2025-01-15T21:11:57Z,Run,2025-01-15T21:24:15Z,-9.44458737,-35.52829623,181.0,2.4800000190734863,87.0
2025-01-15T21:11:57Z,Run,2025-01-15T21:24:16Z,-9.44458869,-35.52827423,181.0,2.4800000190734863,88.0
2025-01-15T21:11:57Z,Run,2025-01-15T21:24:17Z,-9.44458901,-35.52825357,180.0,2.4800000190734863,88.0
2025-01-15T21:11:57Z,Run,2025-01-15T21:24:18Z,-9.44458901,-35.52823124,180.0,2.4800000190734863,88.0
2025-01-15T21:11:57Z,Run,2025-01-15T21:24:19Z,-9.44458934,-35.52820991,182.0,2.4700000286102295,88.0
2025-01-15T21:11:57Z,Run,2025-01-15T21:24:20Z,-9.44458934,-35.52818824,183.0,2.4700000286102295,88.0
2025-01-15T21:11:57Z,Run,2025-01-15T21:24:21Z,-9.44458901,-35.52816658,184.0,2.4600000381469727,87.0
2025-01-15T21:11:57Z,Run,2025-01-15T21:24:22Z,-9.44458869,-35.52814458,183.0,2.4600000381469727,87.0
2025-01-15T21:11:57Z,Run,2025-01-15T21:24:23Z,-9.44458836,-35.52812258,184.0,2.4600000381469727,87.0
2025-01-15T21:11:57Z,Run,2025-01-15T21:24:24Z,-9.44458869,-35.52810125,184.0,2.4600000381469727,87.0
2025-01-15T21:11:57Z,Run,2025-01-15T21:24:25Z,-9.44458935,-35.52807959,183.0,2.4600000381469727,87.0
2025-01-15T21:11:57Z,Run,2025-01-15T21:24:26Z,-9.44459001,-35.52805826,183.0,2.4600000381469727,88.0
2025-01-15T21:11:57Z,Run,2025-01-15T21:24:27Z,-9.44459034,-35.52803659,183.0,2.450000047683716,88.0
2025-01-15T21:11:57Z,Run,2025-01-15T21:24:28Z,-9.44459067,-35.5280146,183.0,2.450000047683716,88.0
2025-01-15T21:11:57Z,Run,2025-01-15T21:24:29Z,-9.44459034,-35.52799195,183.0,2.450000047683716,88.0
2025-01-15T21:11:57Z,Run,2025-01-15T21:24:30Z,-9.444589,-35.52796961,183.0,2.450000047683716,88.0
2025-01-15T21:11:57Z,Run,2025-01-15T21:24:31Z,-9.44458735,-35.52794696,183.0,2.450000047683716,88.0
2025-01-15T21:11:57Z,Run,2025-01-15T21:24:32Z,-9.44458535,-35.52792496,183.0,2.450000047683716,88.0
2025-01-15T21:11:57Z,Run,2025-01-15T21:24:33Z,-9.44458335,-35.52790262,183.0,2.440000057220459,88.0
2025-01-15T21:11:57Z,Run,2025-01-15T21:24:34Z,-9.44458169,-35.52788129,183.0,2.440000057220459,88.0
2025-01-15T21:11:57Z,Run,2025-01-15T21:24:35Z,-9.44457969,-35.5278603,183.0,2.440000057220459,87.0
2025-01-15T21:11:57Z,Run,2025-01-15T21:24:36Z,-9.44457936,-35.5278393,183.0,2.440000057220459,85.0
2025-01-15T21:11:57Z,Run,2025-01-15T21:24:36Z,-9.44457869,-35.52781831,183.0,2.440000057220459,85.0
2025-01-15T21:11:57Z,Run,2025-01-15T21:24:37Z,-9.44457803,-35.52779898,183.0,2.440000057220459,85.0
2025-01-15T21:11:57Z,Run,2025-01-15T21:24:38Z,-9.44457836,-35.52778031,183.0,2.4200000762939453,85.0
2025-01-15T21:11:57Z,Run,2025-01-15T21:24:40Z,-9.44457935,-35.52776299,183.0,2.380000114440918,85.0
2025-01-15T21:11:57Z,Run,2025-01-15T21:24:41Z,-9.44457935,-35.52774766,182.0,2.3499999046325684,85.0
2025-01-15T21:11:57Z,Run,2025-01-15T21:24:42Z,-9.44457935,-35.52773233,182.0,2.299999952316284,85.0
2025-01-15T21:11:57Z,Run,2025-01-15T21:24:42Z,-9.44457935,-35.52771767,182.0,2.299999952316284,85.0
2025-01-15T21:11:57Z,Run,2025-01-15T21:24:43Z,-9.44457935,-35.52770401,182.0,2.2300000190734863,85.0
2025-01-15T21:11:57Z,Run,2025-01-15T21:24:44Z,-9.44458067,-35.52768968,182.0,2.069999933242798,85.0
2025-01-15T21:11:57Z,Run,2025-01-15T21:24:45Z,-9.44458035,-35.52767536,182.0,1.8600000143051147,85.0
2025-01-15T21:11:57Z,Run,2025-01-15T21:24:46Z,-9.44457901,-35.5276607,182.0,1.6699999570846558,85.0
2025-01-15T21:11:57Z,Run,2025-01-15T21:24:47Z,-9.44457636,-35.52764704,183.0,1.5800000429153442,85.0
2025-01-15T21:11:57Z,Run,2025-01-15T21:24:48Z,-9.44457369,-35.5276337,183.0,1.5800000429153442,85.0
2025-01-15T21:11:57Z,Run,2025-01-15T21:24:49Z,-9.44457003,-35.52762071,183.0,1.5700000524520874,85.0
2025-01-15T21:11:57Z,Run,2025-01-15T21:24:50Z,-9.44456604,-35.52760805,182.0,1.5399999618530273,85.0
2025-01-15T21:11:57Z,Run,2025-01-15T21:24:51Z,-9.44456171,-35.52759639,179.0,1.5299999713897705,61.0
2025-01-15T21:11:57Z,Run,2025-01-15T21:24:52Z,-9.44455672,-35.52758473,179.0,1.5199999809265137,61.0
2025-01-15T21:11:57Z,Run,2025-01-15T21:24:53Z,-9.44455105,-35.52757373,180.0,1.5099999904632568,61.0
2025-01-15T21:11:57Z,Run,2025-01-15T21:24:54Z,-9.4445444,-35.52756307,180.0,1.5099999904632568,61.0
2025-01-15T21:11:57Z,Run,2025-01-15T21:24:55Z,-9.44453706,-35.52755408,182.0,1.4900000095367432,61.0
2025-01-15T21:11:57Z,Run,2025-01-15T21:24:56Z,-9.44452841,-35.52754641,183.0,1.4700000286102295,61.0
2025-01-15T21:11:57Z,Run,2025-01-15T21:24:57Z,-9.44452007,-35.52754042,183.0,1.4500000476837158,61.0
2025-01-15T21:11:57Z,Run,2025-01-15T21:24:58Z,-9.44451275,-35.52753443,183.0,1.440000057220459,61.0
2025-01-15T21:11:57Z,Run,2025-01-15T21:24:59Z,-9.44450643,-35.52752777,183.0,1.4199999570846558,61.0
2025-01-15T21:11:57Z,Run,2025-01-15T21:25:00Z,-9.44450043,-35.52752111,183.0,1.4199999570846558,61.0
2025-01-15T21:11:57Z,Run,2025-01-15T21:25:01Z,-9.44449443,-35.52751445,183.0,1.3799999952316284,61.0
2025-01-15T21:11:57Z,Run,2025-01-15T21:25:02Z,-9.4444891,-35.52750745,180.0,1.3200000524520874,61.0
2025-01-15T21:11:57Z,Run,2025-01-15T21:25:03Z,-9.44448377,-35.52750079,179.0,1.25,60.0
2025-01-15T21:11:57Z,Run,2025-01-15T21:25:04Z,-9.44447711,-35.52749447,176.0,1.2000000476837158,60.0
2025-01-15T21:11:57Z,Run,2025-01-15T21:25:05Z,-9.44446811,-35.52748714,173.0,1.159999966621399,61.0
2025-01-15T21:11:57Z,Run,2025-01-15T21:25:06Z,-9.44445812,-35.52748081,173.0,1.159999966621399,61.0
2025-01-15T21:11:57Z,Run,2025-01-15T21:25:07Z,-9.44444779,-35.52747449,170.0,1.1399999856948853,61.0
2025-01-15T21:11:57Z,Run,2025-01-15T21:25:08Z,-9.44443746,-35.52746682,167.0,1.1399999856948853,61.0
2025-01-15T21:11:57Z,Run,2025-01-15T21:25:09Z,-9.4444278,-35.52745817,165.0,1.159999966621399,62.0
2025-01-15T21:11:57Z,Run,2025-01-15T21:25:10Z,-9.44441813,-35.5274505,164.0,1.2000000476837158,61.0
2025-01-15T21:11:57Z,Run,2025-01-15T21:25:11Z,-9.44440814,-35.5274425,164.0,1.2599999904632568,59.0
2025-01-15T21:11:57Z,Run,2025-01-15T21:25:12Z,-9.44439882,-35.52743384,164.0,1.2599999904632568,59.0
2025-01-15T21:11:57Z,Run,2025-01-15T21:25:13Z,-9.44438982,-35.52742618,163.0,1.340000033378601,60.0
2025-01-15T21:11:57Z,Run,2025-01-15T21:25:14Z,-9.44438149,-35.52741852,161.0,1.3700000047683716,61.0
2025-01-15T21:11:57Z,Run,2025-01-15T21:25:15Z,-9.44437283,-35.52741052,159.0,1.3700000047683716,61.0
2025-01-15T21:11:57Z,Run,2025-01-15T21:25:16Z,-9.4443635,-35.52740252,157.0,1.3899999856948853,61.0
2025-01-15T21:11:57Z,Run,2025-01-15T21:25:17Z,-9.4443545,-35.52739485,157.0,1.4199999570846558,62.0
2025-01-15T21:11:57Z,Run,2025-01-15T21:25:18Z,-9.44434584,-35.5273882,157.0,1.4199999570846558,62.0
2025-01-15T21:11:57Z,Run,2025-01-15T21:25:19Z,-9.44433718,-35.52738154,157.0,1.409999966621399,62.0
2025-01-15T21:11:57Z,Run,2025-01-15T21:25:20Z,-9.44432818,-35.52737487,155.0,1.409999966621399,60.0
2025-01-15T21:11:57Z,Run,2025-01-15T21:25:21Z,-9.44431985,-35.52736755,153.0,1.409999966621399,61.0
2025-01-15T21:11:57Z,Run,2025-01-15T21:25:22Z,-9.44431285,-35.52735955,151.0,1.399999976158142,61.0
2025-01-15T21:11:57Z,Run,2025-01-15T21:25:23Z,-9.44430452,-35.52735222,150.0,1.3899999856948853,61.0
2025-01-15T21:11:57Z,Run,2025-01-15T21:25:24Z,-9.44429553,-35.52734523,150.0,1.3899999856948853,61.0
2025-01-15T21:11:57Z,Run,2025-01-15T21:25:25Z,-9.44428586,-35.52733889,149.0,1.3799999952316284,60.0
2025-01-15T21:11:57Z,Run,2025-01-15T21:25:26Z,-9.4442772,-35.5273319,145.0,1.3700000047683716,60.0
2025-01-15T21:11:57Z,Run,2025-01-15T21:25:27Z,-9.4442682,-35.52732424,141.0,1.3700000047683716,61.0
2025-01-15T21:11:57Z,Run,2025-01-15T21:25:28Z,-9.44425888,-35.5273159,140.0,1.3600000143051147,61.0
2025-01-15T21:11:57Z,Run,2025-01-15T21:25:29Z,-9.44425055,-35.5273079,138.0,1.3600000143051147,60.0
2025-01-15T21:11:57Z,Run,2025-01-15T21:25:30Z,-9.44424155,-35.52729891,138.0,1.3600000143051147,60.0
2025-01-15T21:11:57Z,Run,2025-01-15T21:25:31Z,-9.44423255,-35.52728992,133.0,1.350000023841858,60.0
2025-01-15T21:11:57Z,Run,2025-01-15T21:25:32Z,-9.44422456,-35.5272806,128.0,1.350000023841858,60.0
2025-01-15T21:11:57Z,Run,2025-01-15T21:25:33Z,-9.44421656,-35.52727127,126.0,1.350000023841858,59.0
2025-01-15T21:11:57Z,Run,2025-01-15T21:25:34Z,-9.44420823,-35.52726161,124.0,1.350000023841858,59.0
2025-01-15T21:11:57Z,Run,2025-01-15T21:25:35Z,-9.4441999,-35.52725195,123.0,1.350000023841858,59.0
2025-01-15T21:11:57Z,Run,2025-01-15T21:25:36Z,-9.44419223,-35.52724295,123.0,1.350000023841858,59.0
2025-01-15T21:11:57Z,Run,2025-01-15T21:25:37Z,-9.4441839,-35.5272353,123.0,1.350000023841858,61.0
2025-01-15T21:11:57Z,Run,2025-01-15T21:25:38Z,-9.4441749,-35.52722796,122.0,1.3600000143051147,61.0
2025-01-15T21:11:57Z,Run,2025-01-15T21:25:39Z,-9.44416657,-35.52722063,121.0,1.3600000143051147,61.0
2025-01-15T21:11:57Z,Run,2025-01-15T21:25:40Z,-9.44415824,-35.52721431,120.0,1.3600000143051147,62.0
2025-01-15T21:11:57Z,Run,2025-01-15T21:25:41Z,-9.44414958,-35.52720798,120.0,1.3600000143051147,61.0
2025-01-15T21:11:57Z,Run,2025-01-15T21:25:42Z,-9.44413992,-35.52720199,120.0,1.3600000143051147,61.0
2025-01-15T21:11:57Z,Run,2025-01-15T21:25:43Z,-9.44412992,-35.52719666,120.0,1.3600000143051147,59.0
2025-01-15T21:11:57Z,Run,2025-01-15T21:25:44Z,-9.44411993,-35.52719199,123.0,1.3600000143051147,60.0
2025-01-15T21:11:57Z,Run,2025-01-15T21:25:45Z,-9.44411027,-35.52718734,125.0,1.3600000143051147,61.0
2025-01-15T21:11:57Z,Run,2025-01-15T21:25:46Z,-9.44410027,-35.52718334,127.0,1.350000023841858,61.0
2025-01-15T21:11:57Z,Run,2025-01-15T21:25:47Z,-9.44408962,-35.52717767,125.0,1.350000023841858,61.0
2025-01-15T21:11:57Z,Run,2025-01-15T21:25:48Z,-9.44407828,-35.52717168,125.0,1.350000023841858,61.0
2025-01-15T21:11:57Z,Run,2025-01-15T21:25:49Z,-9.44406629,-35.52716668,125.0,1.340000033378601,61.0
2025-01-15T21:11:57Z,Run,2025-01-15T21:25:50Z,-9.44405529,-35.52716202,127.0,1.340000033378601,60.0
2025-01-15T21:11:57Z,Run,2025-01-15T21:25:51Z,-9.4440433,-35.52715569,125.0,1.340000033378601,61.0
2025-01-15T21:11:57Z,Run,2025-01-15T21:25:52Z,-9.44403065,-35.52715002,125.0,1.340000033378601,61.0
2025-01-15T21:11:57Z,Run,2025-01-15T21:25:53Z,-9.44401832,-35.52714337,125.0,1.340000033378601,61.0
2025-01-15T21:11:57Z,Run,2025-01-15T21:25:54Z,-9.44400566,-35.52713603,125.0,1.340000033378601,61.0
2025-01-15T21:11:57Z,Run,2025-01-15T21:25:55Z,-9.44399333,-35.52712838,125.0,1.340000033378601,61.0
2025-01-15T21:11:57Z,Run,2025-01-15T21:25:56Z,-9.44398234,-35.52712104,125.0,1.340000033378601,61.0
2025-01-15T21:11:57Z,Run,2025-01-15T21:25:57Z,-9.44397234,-35.52711338,125.0,1.340000033378601,61.0
2025-01-15T21:11:57Z,Run,2025-01-15T21:25:58Z,-9.44396269,-35.52710572,126.0,1.350000023841858,61.0
2025-01-15T21:11:57Z,Run,2025-01-15T21:25:59Z,-9.44395403,-35.52709772,126.0,1.350000023841858,61.0
2025-01-15T21:11:57Z,Run,2025-01-15T21:26:00Z,-9.44394604,-35.52708939,126.0,1.350000023841858,61.0
2025-01-15T21:11:57Z,Run,2025-01-15T21:26:01Z,-9.44393871,-35.52708172,126.0,1.350000023841858,61.0
2025-01-15T21:11:57Z,Run,2025-01-15T21:26:02Z,-9.44393072,-35.52707473,129.0,1.3600000143051147,63.0
2025-01-15T21:11:57Z,Run,2025-01-15T21:26:03Z,-9.44392305,-35.5270674,130.0,1.3600000143051147,63.0
2025-01-15T21:11:57Z,Run,2025-01-15T21:26:04Z,-9.44391472,-35.52706006,126.0,1.3600000143051147,61.0
2025-01-15T21:11:57Z,Run,2025-01-15T21:26:05Z,-9.44390772,-35.52705173,126.0,1.3600000143051147,61.0
2025-01-15T21:11:57Z,Run,2025-01-15T21:26:06Z,-9.44390039,-35.52704274,126.0,1.3600000143051147,61.0
2025-01-15T21:11:57Z,Run,2025-01-15T21:26:07Z,-9.44389206,-35.52703408,126.0,1.350000023841858,61.0
2025-01-15T21:11:57Z,Run,2025-01-15T21:26:08Z,-9.44388239,-35.52702509,125.0,1.350000023841858,61.0
2025-01-15T21:11:57Z,Run,2025-01-15T21:26:09Z,-9.44387307,-35.52701509,125.0,1.350000023841858,62.0
2025-01-15T21:11:57Z,Run,2025-01-15T21:26:10Z,-9.44386108,-35.5270061,125.0,1.340000033378601,62.0
2025-01-15T21:11:57Z,Run,2025-01-15T21:26:11Z,-9.44384909,-35.52700011,125.0,1.340000033378601,62.0
2025-01-15T21:11:57Z,Run,2025-01-15T21:26:12Z,-9.44383577,-35.52699245,125.0,1.340000033378601,62.0
2025-01-15T21:11:57Z,Run,2025-01-15T21:26:13Z,-9.44382277,-35.52698479,126.0,1.340000033378601,62.0
2025-01-15T21:11:57Z,Run,2025-01-15T21:26:14Z,-9.44381111,-35.52697712,128.0,1.340000033378601,62.0
2025-01-15T21:11:57Z,Run,2025-01-15T21:26:15Z,-9.44379912,-35.52697046,129.0,1.350000023841858,62.0
2025-01-15T21:11:57Z,Run,2025-01-15T21:26:16Z,-9.44378679,-35.5269658,131.0,1.350000023841858,62.0
2025-01-15T21:11:57Z,Run,2025-01-15T21:26:17Z,-9.44377545,-35.5269638,129.0,1.3600000143051147,62.0
2025-01-15T21:11:57Z,Run,2025-01-15T21:26:18Z,-9.44376413,-35.52696513,129.0,1.3600000143051147,62.0
2025-01-15T21:11:57Z,Run,2025-01-15T21:26:19Z,-9.44375313,-35.52696879,129.0,1.3700000047683716,62.0
2025-01-15T21:11:57Z,Run,2025-01-15T21:26:20Z,-9.44374281,-35.52697245,129.0,1.3700000047683716,61.0
2025-01-15T21:11:57Z,Run,2025-01-15T21:26:21Z,-9.44373347,-35.52697678,129.0,1.3799999952316284,62.0
2025-01-15T21:11:57Z,Run,2025-01-15T21:26:22Z,-9.44372547,-35.52698211,128.0,1.3799999952316284,61.0
2025-01-15T21:11:57Z,Run,2025-01-15T21:26:23Z,-9.44371714,-35.52698778,128.0,1.3799999952316284,61.0
2025-01-15T21:11:57Z,Run,2025-01-15T21:26:24Z,-9.44370815,-35.52699377,128.0,1.3799999952316284,61.0
2025-01-15T21:11:57Z,Run,2025-01-15T21:26:25Z,-9.44369848,-35.52700009,128.0,1.3700000047683716,61.0
2025-01-15T21:11:57Z,Run,2025-01-15T21:26:26Z,-9.44368948,-35.52700642,128.0,1.3700000047683716,61.0
2025-01-15T21:11:57Z,Run,2025-01-15T21:26:27Z,-9.44367949,-35.52701475,128.0,1.3700000047683716,61.0
2025-01-15T21:11:57Z,Run,2025-01-15T21:26:28Z,-9.44366984,-35.52702374,128.0,1.3600000143051147,61.0
2025-01-15T21:11:57Z,Run,2025-01-15T21:26:29Z,-9.44365985,-35.5270324,127.0,1.3600000143051147,61.0
2025-01-15T21:11:57Z,Run,2025-01-15T21:26:30Z,-9.44365085,-35.5270414,127.0,1.3600000143051147,61.0
2025-01-15T21:11:57Z,Run,2025-01-15T21:26:31Z,-9.44364185,-35.52705005,127.0,1.3600000143051147,61.0
2025-01-15T21:11:57Z,Run,2025-01-15T21:26:32Z,-9.44363285,-35.52705904,128.0,1.3600000143051147,61.0
2025-01-15T21:11:57Z,Run,2025-01-15T21:26:33Z,-9.44362319,-35.5270687,128.0,1.3600000143051147,61.0
2025-01-15T21:11:57Z,Run,2025-01-15T21:26:34Z,-9.44361386,-35.52707703,128.0,1.3600000143051147,60.0
2025-01-15T21:11:57Z,Run,2025-01-15T21:26:35Z,-9.44360452,-35.52708537,128.0,1.3700000047683716,61.0
2025-01-15T21:11:57Z,Run,2025-01-15T21:26:36Z,-9.44359419,-35.52709337,129.0,1.3700000047683716,61.0
2025-01-15T21:11:57Z,Run,2025-01-15T21:26:37Z,-9.44358353,-35.52710037,129.0,1.3700000047683716,61.0
2025-01-15T21:11:57Z,Run,2025-01-15T21:26:38Z,-9.44357321,-35.52710702,129.0,1.3700000047683716,61.0
2025-01-15T21:11:57Z,Run,2025-01-15T21:26:39Z,-9.44356288,-35.52711335,129.0,1.3700000047683716,61.0
2025-01-15T21:11:57Z,Run,2025-01-15T21:26:40Z,-9.44355254,-35.52711934,129.0,1.3700000047683716,61.0
2025-01-15T21:11:57Z,Run,2025-01-15T21:26:41Z,-9.44354355,-35.52712533,130.0,1.3700000047683716,61.0
2025-01-15T21:11:57Z,Run,2025-01-15T21:26:42Z,-9.44353522,-35.52713333,130.0,1.3700000047683716,60.0
2025-01-15T21:11:57Z,Run,2025-01-15T21:26:43Z,-9.44352689,-35.52714066,130.0,1.3700000047683716,60.0
2025-01-15T21:11:57Z,Run,2025-01-15T21:26:44Z,-9.44351889,-35.52714866,130.0,1.3700000047683716,60.0
2025-01-15T21:11:57Z,Run,2025-01-15T21:26:45Z,-9.44350989,-35.52715666,130.0,1.3700000047683716,60.0
2025-01-15T21:11:57Z,Run,2025-01-15T21:26:46Z,-9.44350023,-35.52716398,131.0,1.3700000047683716,60.0
2025-01-15T21:11:57Z,Run,2025-01-15T21:26:47Z,-9.44348957,-35.52717198,131.0,1.3700000047683716,60.0
2025-01-15T21:11:57Z,Run,2025-01-15T21:26:48Z,-9.44347958,-35.52718032,132.0,1.3700000047683716,61.0
2025-01-15T21:11:57Z,Run,2025-01-15T21:26:49Z,-9.44346925,-35.52718865,132.0,1.3700000047683716,61.0
2025-01-15T21:11:57Z,Run,2025-01-15T21:26:50Z,-9.44345926,-35.52719731,134.0,1.3700000047683716,61.0
2025-01-15T21:11:57Z,Run,2025-01-15T21:26:51Z,-9.44344893,-35.5272063,132.0,1.3700000047683716,60.0
2025-01-15T21:11:57Z,Run,2025-01-15T21:26:52Z,-9.44343859,-35.52721495,132.0,1.3700000047683716,60.0
2025-01-15T21:11:57Z,Run,2025-01-15T21:26:53Z,-9.44342927,-35.52722529,131.0,1.3700000047683716,61.0
2025-01-15T21:11:57Z,Run,2025-01-15T21:26:54Z,-9.44342128,-35.52723461,131.0,1.3700000047683716,60.0
2025-01-15T21:11:57Z,Run,2025-01-15T21:26:55Z,-9.44341428,-35.52724394,131.0,1.3700000047683716,60.0
2025-01-15T21:11:57Z,Run,2025-01-15T21:26:56Z,-9.44340929,-35.52725393,132.0,1.3799999952316284,62.0
2025-01-15T21:11:57Z,Run,2025-01-15T21:26:57Z,-9.44340562,-35.52726493,133.0,1.3799999952316284,61.0
2025-01-15T21:11:57Z,Run,2025-01-15T21:26:58Z,-9.44340397,-35.52727793,134.0,1.3799999952316284,60.0
2025-01-15T21:11:57Z,Run,2025-01-15T21:26:59Z,-9.4434033,-35.52729092,135.0,1.3799999952316284,61.0
2025-01-15T21:11:57Z,Run,2025-01-15T21:27:00Z,-9.44340429,-35.52730426,136.0,1.3799999952316284,61.0
2025-01-15T21:11:57Z,Run,2025-01-15T21:27:01Z,-9.44340729,-35.52731726,136.0,1.3799999952316284,61.0
2025-01-15T21:11:57Z,Run,2025-01-15T21:27:02Z,-9.44341028,-35.52733058,136.0,1.3799999952316284,61.0
2025-01-15T21:11:57Z,Run,2025-01-15T21:27:03Z,-9.44341295,-35.52734325,136.0,1.3799999952316284,61.0
2025-01-15T21:11:57Z,Run,2025-01-15T21:27:04Z,-9.44341594,-35.52735625,136.0,1.3899999856948853,61.0
2025-01-15T21:11:57Z,Run,2025-01-15T21:27:05Z,-9.44341826,-35.5273699,137.0,1.3899999856948853,60.0
2025-01-15T21:11:57Z,Run,2025-01-15T21:27:06Z,-9.44342126,-35.5273839,136.0,1.3899999856948853,60.0
2025-01-15T21:11:57Z,Run,2025-01-15T21:27:07Z,-9.44342458,-35.52739757,136.0,1.3899999856948853,60.0
2025-01-15T21:11:57Z,Run,2025-01-15T21:27:08Z,-9.44342958,-35.52740857,136.0,1.3899999856948853,60.0
2025-01-15T21:11:57Z,Run,2025-01-15T21:27:09Z,-9.44343524,-35.52741756,136.0,1.3899999856948853,61.0
2025-01-15T21:11:57Z,Run,2025-01-15T21:27:10Z,-9.44344291,-35.52742423,136.0,1.399999976158142,61.0
2025-01-15T21:11:57Z,Run,2025-01-15T21:27:11Z,-9.44345124,-35.52742988,136.0,1.399999976158142,60.0
2025-01-15T21:11:57Z,Run,2025-01-15T21:27:11Z,-9.44346123,-35.52743354,136.0,1.399999976158142,60.0
2025-01-15T21:11:57Z,Run,2025-01-15T21:27:13Z,-9.44347189,-35.52743554,136.0,1.399999976158142,60.0
2025-01-15T21:11:57Z,Run,2025-01-15T21:27:14Z,-9.44348255,-35.5274362,136.0,1.399999976158142,62.0
2025-01-15T21:11:57Z,Run,2025-01-15T21:27:15Z,-9.44349389,-35.52743554,136.0,1.399999976158142,61.0
2025-01-15T21:11:57Z,Run,2025-01-15T21:27:16Z,-9.44350521,-35.52743421,136.0,1.3899999856948853,62.0
2025-01-15T21:11:57Z,Run,2025-01-15T21:27:17Z,-9.4435172,-35.52743255,136.0,1.3899999856948853,60.0
2025-01-15T21:11:57Z,Run,2025-01-15T21:27:18Z,-9.4435302,-35.52743155,136.0,1.3899999856948853,61.0
2025-01-15T21:11:57Z,Run,2025-01-15T21:27:19Z,-9.44354319,-35.52743089,136.0,1.3899999856948853,61.0
2025-01-15T21:11:57Z,Run,2025-01-15T21:27:20Z,-9.44355685,-35.5274299,136.0,1.3799999952316284,61.0
2025-01-15T21:11:57Z,Run,2025-01-15T21:27:21Z,-9.44357118,-35.52742857,136.0,1.3799999952316284,61.0
2025-01-15T21:11:57Z,Run,2025-01-15T21:27:22Z,-9.4435855,-35.52742791,137.0,1.3799999952316284,61.0
2025-01-15T21:11:57Z,Run,2025-01-15T21:27:23Z,-9.44360017,-35.52742726,137.0,1.3700000047683716,61.0
2025-01-15T21:11:57Z,Run,2025-01-15T21:27:24Z,-9.4436155,-35.52742626,136.0,1.3799999952316284,61.0
2025-01-15T21:11:57Z,Run,2025-01-15T21:27:25Z,-9.44363049,-35.52742626,136.0,1.3799999952316284,61.0
2025-01-15T21:11:57Z,Run,2025-01-15T21:27:26Z,-9.44364516,-35.5274256,136.0,1.3799999952316284,61.0
2025-01-15T21:11:57Z,Run,2025-01-15T21:27:27Z,-9.44365983,-35.52742528,136.0,1.3799999952316284,61.0
2025-01-15T21:11:57Z,Run,2025-01-15T21:27:28Z,-9.44367448,-35.52742462,136.0,1.3899999856948853,61.0
2025-01-15T21:11:57Z,Run,2025-01-15T21:27:29Z,-9.44368881,-35.52742295,137.0,1.3899999856948853,61.0
2025-01-15T21:11:57Z,Run,2025-01-15T21:27:30Z,-9.44370346,-35.52742062,136.0,1.399999976158142,61.0
2025-01-15T21:11:57Z,Run,2025-01-15T21:27:31Z,-9.44371779,-35.52741863,136.0,1.399999976158142,61.0
2025-01-15T21:11:57Z,Run,2025-01-15T21:27:32Z,-9.44373145,-35.52741663,135.0,1.409999966621399,61.0
2025-01-15T21:11:57Z,Run,2025-01-15T21:27:33Z,-9.44374478,-35.52741531,134.0,1.409999966621399,61.0
2025-01-15T21:11:57Z,Run,2025-01-15T21:27:34Z,-9.44375678,-35.52741464,135.0,1.4199999570846558,61.0
2025-01-15T21:11:57Z,Run,2025-01-15T21:27:35Z,-9.4437681,-35.52741564,135.0,1.4299999475479126,61.0
2025-01-15T21:11:57Z,Run,2025-01-15T21:27:36Z,-9.44377909,-35.5274173,136.0,1.4299999475479126,60.0
2025-01-15T21:11:57Z,Run,2025-01-15T21:27:37Z,-9.44378975,-35.5274193,136.0,1.4299999475479126,60.0
2025-01-15T21:11:57Z,Run,2025-01-15T21:27:38Z,-9.44380008,-35.52742195,136.0,1.4299999475479126,60.0
2025-01-15T21:11:57Z,Run,2025-01-15T21:27:39Z,-9.44381108,-35.52742494,135.0,1.440000057220459,61.0
2025-01-15T21:11:57Z,Run,2025-01-15T21:27:40Z,-9.44382208,-35.52742661,135.0,1.440000057220459,61.0
2025-01-15T21:11:57Z,Run,2025-01-15T21:27:41Z,-9.4438334,-35.52742594,135.0,1.4299999475479126,61.0
2025-01-15T21:11:57Z,Run,2025-01-15T21:27:42Z,-9.44384539,-35.52742495,135.0,1.4299999475479126,61.0
2025-01-15T21:11:57Z,Run,2025-01-15T21:27:43Z,-9.44385772,-35.52742262,135.0,1.4299999475479126,61.0
2025-01-15T21:11:57Z,Run,2025-01-15T21:27:44Z,-9.44387172,-35.52742029,135.0,1.4299999475479126,61.0
2025-01-15T21:11:57Z,Run,2025-01-15T21:27:45Z,-9.44388572,-35.5274173,136.0,1.4199999570846558,61.0
2025-01-15T21:11:57Z,Run,2025-01-15T21:27:46Z,-9.44390204,-35.52741364,136.0,1.4199999570846558,61.0
2025-01-15T21:11:57Z,Run,2025-01-15T21:27:47Z,-9.44391971,-35.52741131,137.0,1.409999966621399,61.0
2025-01-15T21:11:57Z,Run,2025-01-15T21:27:48Z,-9.44393771,-35.52740798,137.0,1.409999966621399,61.0
2025-01-15T21:11:57Z,Run,2025-01-15T21:27:49Z,-9.44395536,-35.52740533,137.0,1.4199999570846558,60.0
2025-01-15T21:11:57Z,Run,2025-01-15T21:27:50Z,-9.4439717,-35.52740099,137.0,1.4199999570846558,60.0
2025-01-15T21:11:57Z,Run,2025-01-15T21:27:51Z,-9.44398703,-35.527398,137.0,1.4199999570846558,60.0
2025-01-15T21:11:57Z,Run,2025-01-15T21:27:52Z,-9.44400103,-35.52739401,137.0,1.4299999475479126,61.0
2025-01-15T21:11:57Z,Run,2025-01-15T21:27:53Z,-9.4440137,-35.52738935,138.0,1.440000057220459,61.0
2025-01-15T21:11:57Z,Run,2025-01-15T21:27:53Z,-9.44402435,-35.52738401,141.0,1.4500000476837158,60.0
2025-01-15T21:11:57Z,Run,2025-01-15T21:27:55Z,-9.44403402,-35.52737702,139.0,1.4600000381469727,60.0
2025-01-15T21:11:57Z,Run,2025-01-15T21:27:56Z,-9.44404235,-35.52737002,139.0,1.4600000381469727,60.0
2025-01-15T21:11:57Z,Run,2025-01-15T21:27:57Z,-9.44405034,-35.5273627,138.0,1.4700000286102295,60.0
2025-01-15T21:11:57Z,Run,2025-01-15T21:27:57Z,-9.444059,-35.5273557,138.0,1.4700000286102295,60.0
2025-01-15T21:11:57Z,Run,2025-01-15T21:27:58Z,-9.444067,-35.52734871,138.0,1.4800000190734863,60.0
2025-01-15T21:11:57Z,Run,2025-01-15T21:27:59Z,-9.44407432,-35.52734205,137.0,1.4800000190734863,60.0
2025-01-15T21:11:57Z,Run,2025-01-15T21:28:00Z,-9.44408165,-35.52733572,137.0,1.4800000190734863,60.0
2025-01-15T21:11:57Z,Run,2025-01-15T21:28:02Z,-9.44408798,-35.52732873,137.0,1.4800000190734863,60.0
2025-01-15T21:11:57Z,Run,2025-01-15T21:28:03Z,-9.4440953,-35.5273214,137.0,1.4700000286102295,60.0
2025-01-15T21:11:57Z,Run,2025-01-15T21:28:04Z,-9.4441033,-35.52731306,137.0,1.4700000286102295,60.0
2025-01-15T21:11:57Z,Run,2025-01-15T21:28:05Z,-9.44411196,-35.5273054,138.0,1.4600000381469727,60.0
2025-01-15T21:11:57Z,Run,2025-01-15T21:28:06Z,-9.44412096,-35.52729874,141.0,1.4600000381469727,60.0
2025-01-15T21:11:57Z,Run,2025-01-15T21:28:07Z,-9.44413062,-35.52729242,142.0,1.4500000476837158,60.0
2025-01-15T21:11:57Z,Run,2025-01-15T21:28:08Z,-9.44414061,-35.52728643,142.0,1.4500000476837158,60.0
2025-01-15T21:11:57Z,Run,2025-01-15T21:28:09Z,-9.44415194,-35.52728044,141.0,1.440000057220459,62.0
2025-01-15T21:11:57Z,Run,2025-01-15T21:28:10Z,-9.4441636,-35.52727477,141.0,1.440000057220459,62.0
2025-01-15T21:11:57Z,Run,2025-01-15T21:28:11Z,-9.44417593,-35.52727077,141.0,1.440000057220459,62.0
2025-01-15T21:11:57Z,Run,2025-01-15T21:28:12Z,-9.44418892,-35.5272681,141.0,1.440000057220459,62.0
2025-01-15T21:11:57Z,Run,2025-01-15T21:28:13Z,-9.44420125,-35.52726711,140.0,1.440000057220459,62.0
2025-01-15T21:11:57Z,Run,2025-01-15T21:28:13Z,-9.44421324,-35.52726777,140.0,1.440000057220459,62.0
2025-01-15T21:11:57Z,Run,2025-01-15T21:28:14Z,-9.44422523,-35.52726944,139.0,1.440000057220459,62.0
2025-01-15T21:11:57Z,Run,2025-01-15T21:28:16Z,-9.44423589,-35.52727276,138.0,1.440000057220459,62.0
2025-01-15T21:11:57Z,Run,2025-01-15T21:28:17Z,-9.44424689,-35.52727708,137.0,1.440000057220459,61.0
2025-01-15T21:11:57Z,Run,2025-01-15T21:28:18Z,-9.44425788,-35.52728242,137.0,1.440000057220459,60.0
2025-01-15T21:11:57Z,Run,2025-01-15T21:28:19Z,-9.44426821,-35.52728742,135.0,1.440000057220459,60.0
2025-01-15T21:11:57Z,Run,2025-01-15T21:28:20Z,-9.44427854,-35.52729242,135.0,1.440000057220459,60.0
2025-01-15T21:11:57Z,Run,2025-01-15T21:28:21Z,-9.4442892,-35.52729807,135.0,1.440000057220459,61.0
2025-01-15T21:11:57Z,Run,2025-01-15T21:28:22Z,-9.44430086,-35.52730574,134.0,1.4299999475479126,60.0
2025-01-15T21:11:57Z,Run,2025-01-15T21:28:23Z,-9.44431253,-35.5273134,135.0,1.4299999475479126,60.0
2025-01-15T21:11:57Z,Run,2025-01-15T21:28:24Z,-9.44432352,-35.52732205,136.0,1.4299999475479126,61.0
2025-01-15T21:11:57Z,Run,2025-01-15T21:28:25Z,-9.44433551,-35.52732939,136.0,1.4299999475479126,61.0
2025-01-15T21:11:57Z,Run,2025-01-15T21:28:26Z,-9.44434717,-35.52733772,136.0,1.4299999475479126,60.0
2025-01-15T21:11:57Z,Run,2025-01-15T21:28:27Z,-9.44435783,-35.52734638,136.0,1.4299999475479126,60.0
2025-01-15T21:11:57Z,Run,2025-01-15T21:28:28Z,-9.44436783,-35.5273557,136.0,1.4299999475479126,60.0
2025-01-15T21:11:57Z,Run,2025-01-15T21:28:29Z,-9.44437715,-35.5273657,136.0,1.4299999475479126,60.0
2025-01-15T21:11:57Z,Run,2025-01-15T21:28:30Z,-9.44438514,-35.52737569,136.0,1.4299999475479126,60.0
2025-01-15T21:11:57Z,Run,2025-01-15T21:28:31Z,-9.44439381,-35.52738502,135.0,1.4299999475479126,60.0
2025-01-15T21:11:57Z,Run,2025-01-15T21:28:32Z,-9.44440214,-35.52739468,135.0,1.440000057220459,61.0
2025-01-15T21:11:57Z,Run,2025-01-15T21:28:33Z,-9.44441013,-35.52740468,135.0,1.440000057220459,61.0
2025-01-15T21:11:57Z,Run,2025-01-15T21:28:34Z,-9.44441746,-35.52741334,135.0,1.440000057220459,60.0
2025-01-15T21:11:57Z,Run,2025-01-15T21:28:35Z,-9.44442545,-35.52742233,135.0,1.440000057220459,60.0
2025-01-15T21:11:57Z,Run,2025-01-15T21:28:36Z,-9.44443378,-35.52743066,136.0,1.440000057220459,60.0
2025-01-15T21:11:57Z,Run,2025-01-15T21:28:37Z,-9.44444278,-35.52743899,139.0,1.440000057220459,60.0
2025-01-15T21:11:57Z,Run,2025-01-15T21:28:38Z,-9.44445178,-35.52744733,140.0,1.4299999475479126,60.0
2025-01-15T21:11:57Z,Run,2025-01-15T21:28:39Z,-9.44446011,-35.52745632,140.0,1.4299999475479126,60.0
2025-01-15T21:11:57Z,Run,2025-01-15T21:28:40Z,-9.44446978,-35.52746598,141.0,1.4299999475479126,60.0
2025-01-15T21:11:57Z,Run,2025-01-15T21:28:41Z,-9.44447977,-35.52747531,140.0,1.4299999475479126,60.0
2025-01-15T21:11:57Z,Run,2025-01-15T21:28:42Z,-9.44448877,-35.52748496,140.0,1.4299999475479126,60.0
2025-01-15T21:11:57Z,Run,2025-01-15T21:28:43Z,-9.44449776,-35.52749296,141.0,1.4299999475479126,59.0
2025-01-15T21:11:57Z,Run,2025-01-15T21:28:44Z,-9.44450609,-35.52749996,141.0,1.4199999570846558,59.0
2025-01-15T21:11:57Z,Run,2025-01-15T21:28:45Z,-9.44451443,-35.52750695,141.0,1.4199999570846558,59.0
2025-01-15T21:11:57Z,Run,2025-01-15T21:28:46Z,-9.44452309,-35.52751361,141.0,1.4199999570846558,59.0
2025-01-15T21:11:57Z,Run,2025-01-15T21:28:47Z,-9.44453242,-35.52751994,141.0,1.4199999570846558,57.0
2025-01-15T21:11:57Z,Run,2025-01-15T21:28:48Z,-9.44454008,-35.52752627,141.0,1.4199999570846558,57.0
2025-01-15T21:11:57Z,Run,2025-01-15T21:28:49Z,-9.44454774,-35.52753292,141.0,1.4199999570846558,57.0
2025-01-15T21:11:57Z,Run,2025-01-15T21:28:50Z,-9.44455607,-35.52753926,141.0,1.409999966621399,57.0
2025-01-15T21:11:57Z,Run,2025-01-15T21:28:51Z,-9.44456474,-35.52754591,141.0,1.409999966621399,57.0
2025-01-15T21:11:57Z,Run,2025-01-15T21:28:52Z,-9.4445734,-35.52755257,141.0,1.409999966621399,57.0
2025-01-15T21:11:57Z,Run,2025-01-15T21:28:54Z,-9.4445824,-35.5275579,142.0,1.399999976158142,58.0
2025-01-15T21:11:57Z,Run,2025-01-15T21:28:55Z,-9.44459572,-35.52756224,141.0,1.3899999856948853,58.0
2025-01-15T21:11:57Z,Run,2025-01-15T21:28:56Z,-9.44460838,-35.52756457,141.0,1.3899999856948853,58.0
2025-01-15T21:11:57Z,Run,2025-01-15T21:28:57Z,-9.44462138,-35.52756523,141.0,1.3899999856948853,58.0
2025-01-15T21:11:57Z,Run,2025-01-15T21:28:57Z,-9.44463437,-35.5275649,141.0,1.3799999952316284,58.0
2025-01-15T21:11:57Z,Run,2025-01-15T21:28:58Z,-9.44464703,-35.52756458,142.0,1.3700000047683716,58.0
2025-01-15T21:11:57Z,Run,2025-01-15T21:28:59Z,-9.44465869,-35.52756524,142.0,1.3700000047683716,58.0
2025-01-15T21:11:57Z,Run,2025-01-15T21:29:00Z,-9.44466935,-35.52756724,143.0,1.3700000047683716,58.0
2025-01-15T21:11:57Z,Run,2025-01-15T21:29:01Z,-9.44467934,-35.52756823,142.0,1.3600000143051147,58.0
2025-01-15T21:11:57Z,Run,2025-01-15T21:29:02Z,-9.444688,-35.52756724,142.0,1.3600000143051147,58.0
2025-01-15T21:11:57Z,Run,2025-01-15T21:29:03Z,-9.44469666,-35.52756457,141.0,1.3600000143051147,57.0
2025-01-15T21:11:57Z,Run,2025-01-15T21:29:04Z,-9.44470466,-35.5275619,141.0,1.3600000143051147,57.0
2025-01-15T21:11:57Z,Run,2025-01-15T21:29:05Z,-9.44471232,-35.52755824,141.0,1.350000023841858,57.0
2025-01-15T21:11:57Z,Run,2025-01-15T21:29:06Z,-9.44471864,-35.52755425,140.0,1.340000033378601,57.0
2025-01-15T21:11:57Z,Run,2025-01-15T21:29:07Z,-9.44473464,-35.52754459,137.0,1.340000033378601,57.0
2025-01-15T21:11:57Z,Run,2025-01-15T21:29:09Z,-9.44473531,-35.52754491,137.0,1.3300000429153442,57.0
2025-01-15T21:11:57Z,Run,2025-01-15T21:29:10Z,-9.44473731,-35.52754524,137.0,1.3200000524520874,57.0
