activity_id,sport_type,timestamp,latitude,longitude,heart_rate,cadence,speed
2025-01-27T20:53:16Z,Run,2025-01-27T20:53:48Z,-8.04711333,-34.95028666,128.0,89.0,0.9599999785423279
2025-01-27T20:53:16Z,Run,2025-01-27T20:53:50Z,-8.04710001,-34.95050832,128.0,88.0,0.9599999785423279
2025-01-27T20:53:16Z,Run,2025-01-27T20:53:51Z,-8.04710367,-34.95050966,128.0,88.0,0.9599999785423279
2025-01-27T20:53:16Z,Run,2025-01-27T20:53:52Z,-8.047101,-34.95051031,129.0,88.0,0.9100000262260437
2025-01-27T20:53:16Z,Run,2025-01-27T20:53:53Z,-8.04709701,-34.9505113,129.0,88.0,0.9100000262260437
2025-01-27T20:53:16Z,Run,2025-01-27T20:53:54Z,-8.04709268,-34.95051397,129.0,88.0,0.7900000214576721
2025-01-27T20:53:16Z,Run,2025-01-27T20:53:55Z,-8.04708834,-34.9505163,129.0,88.0,0.8399999737739563
2025-01-27T20:53:16Z,Run,2025-01-27T20:53:56Z,-8.04707869,-34.95051764,129.0,88.0,1.1799999475479126
2025-01-27T20:53:16Z,Run,2025-01-27T20:53:57Z,-8.04706469,-34.95051397,129.0,88.0,1.1799999475479126
2025-01-27T20:53:16Z,Run,2025-01-27T20:53:58Z,-8.04704503,-34.95050231,129.0,88.0,1.350000023841858
2025-01-27T20:53:16Z,Run,2025-01-27T20:53:59Z,-8.0470297,-34.95049666,129.0,88.0,1.6100000143051147
2025-01-27T20:53:16Z,Run,2025-01-27T20:54:00Z,-8.04701003,-34.95049,130.0,88.0,1.8700000047683716
2025-01-27T20:53:16Z,Run,2025-01-27T20:54:01Z,-8.0469877,-34.95048401,130.0,88.0,1.9500000476837158
2025-01-27T20:53:16Z,Run,2025-01-27T20:54:03Z,-8.04696371,-34.95047601,130.0,88.0,2.140000104904175
2025-01-27T20:53:16Z,Run,2025-01-27T20:54:03Z,-8.04694004,-34.95046568,,,
2025-01-27T20:53:16Z,Run,2025-01-27T20:54:04Z,-8.04691605,-34.95045468,131.0,88.0,2.380000114440918
2025-01-27T20:53:16Z,Run,2025-01-27T20:54:05Z,-8.04689206,-34.95044602,131.0,89.0,2.569999933242798
2025-01-27T20:53:16Z,Run,2025-01-27T20:54:06Z,-8.04686906,-34.95044003,132.0,88.0,2.6500000953674316
2025-01-27T20:53:16Z,Run,2025-01-27T20:54:07Z,-8.04684674,-34.9504347,132.0,88.0,2.6700000762939453
2025-01-27T20:53:16Z,Run,2025-01-27T20:54:08Z,-8.04682607,-34.95043203,132.0,88.0,2.6500000953674316
2025-01-27T20:53:16Z,Run,2025-01-27T20:54:09Z,-8.04680374,-34.95042904,132.0,88.0,2.6500000953674316
2025-01-27T20:53:16Z,Run,2025-01-27T20:54:10Z,-8.04678008,-34.95042538,133.0,88.0,2.6500000953674316
2025-01-27T20:53:16Z,Run,2025-01-27T20:54:11Z,-8.04675541,-34.95042038,133.0,87.0,2.640000104904175
2025-01-27T20:53:16Z,Run,2025-01-27T20:54:12Z,-8.04673009,-34.95041572,132.0,88.0,2.630000114440918
2025-01-27T20:53:16Z,Run,2025-01-27T20:54:13Z,-8.04670509,-34.95041273,131.0,89.0,2.630000114440918
2025-01-27T20:53:16Z,Run,2025-01-27T20:54:14Z,-8.04668077,-34.95041073,131.0,88.0,2.630000114440918
2025-01-27T20:53:16Z,Run,2025-01-27T20:54:15Z,-8.04665643,-34.95040774,131.0,88.0,2.630000114440918
2025-01-27T20:53:16Z,Run,2025-01-27T20:54:16Z,-8.04663244,-34.95040408,129.0,88.0,2.630000114440918
2025-01-27T20:53:16Z,Run,2025-01-27T20:54:17Z,-8.04661045,-34.95040109,129.0,87.0,2.630000114440918
2025-01-27T20:53:16Z,Run,2025-01-27T20:54:18Z,-8.0465928,-34.95039642,128.0,85.0,2.630000114440918
2025-01-27T20:53:16Z,Run,2025-01-27T20:54:19Z,-8.04658246,-34.95038943,128.0,85.0,2.630000114440918
2025-01-27T20:53:16Z,Run,2025-01-27T20:54:20Z,-8.04657846,-34.9503851,128.0,85.0,2.640000104904175
2025-01-27T20:53:16Z,Run,2025-01-27T20:54:21Z,-8.04658346,-34.95038411,128.0,85.0,2.640000104904175
2025-01-27T20:53:16Z,Run,2025-01-27T20:54:22Z,-8.04659645,-34.95038211,128.0,86.0,2.630000114440918
2025-01-27T20:53:16Z,Run,2025-01-27T20:54:23Z,-8.04661412,-34.95037879,128.0,88.0,2.609999895095825
2025-01-27T20:53:16Z,Run,2025-01-27T20:54:24Z,-8.04663411,-34.95037645,128.0,88.0,2.5799999237060547
2025-01-27T20:53:16Z,Run,2025-01-27T20:54:25Z,-8.04665544,-34.95037546,128.0,89.0,2.549999952316284
2025-01-27T20:53:16Z,Run,2025-01-27T20:54:26Z,-8.04668043,-34.95037912,128.0,89.0,2.2300000190734863
2025-01-27T20:53:16Z,Run,2025-01-27T20:54:27Z,-8.0467081,-34.95038545,128.0,89.0,2.2300000190734863
2025-01-27T20:53:16Z,Run,2025-01-27T20:54:28Z,-8.04673876,-34.95039078,128.0,88.0,1.940000057220459
2025-01-27T20:53:16Z,Run,2025-01-27T20:54:29Z,-8.04677076,-34.95039478,128.0,89.0,2.0299999713897705
2025-01-27T20:53:16Z,Run,2025-01-27T20:54:30Z,-8.04680241,-34.95039643,129.0,89.0,2.200000047683716
2025-01-27T20:53:16Z,Run,2025-01-27T20:54:31Z,-8.04682974,-34.95039611,129.0,89.0,2.4200000762939453
2025-01-27T20:53:16Z,Run,2025-01-27T20:54:32Z,-8.04685774,-34.95039611,129.0,89.0,2.5899999141693115
2025-01-27T20:53:16Z,Run,2025-01-27T20:54:33Z,-8.0468874,-34.95039412,129.0,89.0,2.5899999141693115
2025-01-27T20:53:16Z,Run,2025-01-27T20:54:34Z,-8.04691574,-34.95039279,129.0,89.0,2.700000047683716
2025-01-27T20:53:16Z,Run,2025-01-27T20:54:35Z,-8.04694439,-34.95039146,128.0,88.0,2.740000009536743
2025-01-27T20:53:16Z,Run,2025-01-27T20:54:36Z,-8.04697739,-34.95038746,128.0,88.0,2.75
2025-01-27T20:53:16Z,Run,2025-01-27T20:54:37Z,-8.04700805,-34.95038181,129.0,88.0,2.740000009536743
2025-01-27T20:53:16Z,Run,2025-01-27T20:54:38Z,-8.04703871,-34.95037782,129.0,88.0,2.740000009536743
2025-01-27T20:53:16Z,Run,2025-01-27T20:54:39Z,-8.04707037,-34.95037548,129.0,88.0,2.740000009536743
2025-01-27T20:53:16Z,Run,2025-01-27T20:54:40Z,-8.0470997,-34.95037415,129.0,89.0,2.759999990463257
2025-01-27T20:53:16Z,Run,2025-01-27T20:54:41Z,-8.0471277,-34.95037448,129.0,89.0,2.7799999713897705
2025-01-27T20:53:16Z,Run,2025-01-27T20:54:42Z,-8.04715336,-34.95037614,128.0,89.0,2.8299999237060547
2025-01-27T20:53:16Z,Run,2025-01-27T20:54:43Z,-8.04717803,-34.95037913,128.0,88.0,2.8399999141693115
2025-01-27T20:53:16Z,Run,2025-01-27T20:54:44Z,-8.04720169,-34.95038212,128.0,88.0,2.8399999141693115
2025-01-27T20:53:16Z,Run,2025-01-27T20:54:45Z,-8.04722334,-34.95038579,128.0,88.0,2.8399999141693115
2025-01-27T20:53:16Z,Run,2025-01-27T20:54:46Z,-8.04724534,-34.95039044,129.0,89.0,2.799999952316284
2025-01-27T20:53:16Z,Run,2025-01-27T20:54:47Z,-8.04726633,-34.95039511,130.0,89.0,2.690000057220459
2025-01-27T20:53:16Z,Run,2025-01-27T20:54:48Z,-8.04728667,-34.95039944,128.0,90.0,2.5999999046325684
2025-01-27T20:53:16Z,Run,2025-01-27T20:54:50Z,-8.04730533,-34.95040177,127.0,88.0,2.509999990463257
2025-01-27T20:53:16Z,Run,2025-01-27T20:54:50Z,-8.04732432,-34.95040442,,,
2025-01-27T20:53:16Z,Run,2025-01-27T20:54:51Z,-8.04734365,-34.95040842,127.0,88.0,2.509999990463257
2025-01-27T20:53:16Z,Run,2025-01-27T20:54:52Z,-8.04736564,-34.95040842,127.0,88.0,2.450000047683716
2025-01-27T20:53:16Z,Run,2025-01-27T20:54:53Z,-8.04738664,-34.95040776,128.0,87.0,2.4000000953674316
2025-01-27T20:53:16Z,Run,2025-01-27T20:54:54Z,-8.04740264,-34.95040909,128.0,88.0,2.390000104904175
2025-01-27T20:53:16Z,Run,2025-01-27T20:54:55Z,-8.04741763,-34.95041109,128.0,88.0,2.3499999046325684
2025-01-27T20:53:16Z,Run,2025-01-27T20:54:56Z,-8.04743396,-34.95041275,128.0,88.0,2.2899999618530273
2025-01-27T20:53:16Z,Run,2025-01-27T20:54:58Z,-8.04745328,-34.95041341,128.0,89.0,2.2300000190734863
2025-01-27T20:53:16Z,Run,2025-01-27T20:54:58Z,-8.04747261,-34.95041407,128.0,89.0,2.2300000190734863
2025-01-27T20:53:16Z,Run,2025-01-27T20:54:59Z,-8.04749194,-34.9504164,127.0,88.0,2.190000057220459
2025-01-27T20:53:16Z,Run,2025-01-27T20:55:00Z,-8.04751127,-34.95041873,127.0,88.0,2.180000066757202
2025-01-27T20:53:16Z,Run,2025-01-27T20:55:01Z,-8.0475316,-34.95041973,126.0,87.0,2.180000066757202
2025-01-27T20:53:16Z,Run,2025-01-27T20:55:02Z,-8.04755226,-34.95041873,127.0,88.0,2.190000057220459
2025-01-27T20:53:16Z,Run,2025-01-27T20:55:03Z,-8.04757292,-34.9504164,127.0,88.0,2.190000057220459
2025-01-27T20:53:16Z,Run,2025-01-27T20:55:04Z,-8.04759191,-34.95041375,127.0,88.0,2.190000057220459
2025-01-27T20:53:16Z,Run,2025-01-27T20:55:05Z,-8.0476109,-34.95040975,128.0,88.0,2.190000057220459
2025-01-27T20:53:16Z,Run,2025-01-27T20:55:06Z,-8.04762956,-34.95040642,127.0,88.0,2.200000047683716
2025-01-27T20:53:16Z,Run,2025-01-27T20:55:07Z,-8.04764989,-34.95040277,127.0,88.0,2.200000047683716
2025-01-27T20:53:16Z,Run,2025-01-27T20:55:08Z,-8.04767155,-34.9503991,127.0,87.0,2.200000047683716
2025-01-27T20:53:16Z,Run,2025-01-27T20:55:10Z,-8.04769388,-34.95039711,127.0,87.0,2.2100000381469727
2025-01-27T20:53:16Z,Run,2025-01-27T20:55:10Z,-8.04771488,-34.95039644,127.0,87.0,2.2100000381469727
2025-01-27T20:53:16Z,Run,2025-01-27T20:55:11Z,-8.0477352,-34.95039612,128.0,87.0,2.2100000381469727
2025-01-27T20:53:16Z,Run,2025-01-27T20:55:12Z,-8.04775453,-34.95039712,129.0,88.0,2.2200000286102295
2025-01-27T20:53:16Z,Run,2025-01-27T20:55:13Z,-8.04777652,-34.95039911,130.0,89.0,2.2200000286102295
2025-01-27T20:53:16Z,Run,2025-01-27T20:55:14Z,-8.04779985,-34.95040111,131.0,88.0,2.2300000190734863
2025-01-27T20:53:16Z,Run,2025-01-27T20:55:15Z,-8.04782452,-34.95040344,131.0,88.0,2.240000009536743
2025-01-27T20:53:16Z,Run,2025-01-27T20:55:16Z,-8.04784851,-34.95040544,131.0,88.0,2.240000009536743
2025-01-27T20:53:16Z,Run,2025-01-27T20:55:17Z,-8.04787283,-34.95041344,131.0,87.0,2.25
2025-01-27T20:53:16Z,Run,2025-01-27T20:55:18Z,-8.0478955,-34.9504211,132.0,87.0,2.259999990463257
2025-01-27T20:53:16Z,Run,2025-01-27T20:55:19Z,-8.04791582,-34.95042777,131.0,87.0,2.2699999809265137
2025-01-27T20:53:16Z,Run,2025-01-27T20:55:20Z,-8.04793414,-34.95043276,131.0,86.0,2.2799999713897705
2025-01-27T20:53:16Z,Run,2025-01-27T20:55:21Z,-8.04795113,-34.95043841,131.0,87.0,2.2899999618530273
2025-01-27T20:53:16Z,Run,2025-01-27T20:55:22Z,-8.0479688,-34.95044275,131.0,87.0,2.2899999618530273
2025-01-27T20:53:16Z,Run,2025-01-27T20:55:23Z,-8.04798746,-34.95044607,131.0,87.0,2.299999952316284
2025-01-27T20:53:16Z,Run,2025-01-27T20:55:24Z,-8.04800778,-34.95044807,132.0,88.0,2.299999952316284
2025-01-27T20:53:16Z,Run,2025-01-27T20:55:25Z,-8.04802911,-34.95044906,131.0,88.0,2.299999952316284
2025-01-27T20:53:16Z,Run,2025-01-27T20:55:26Z,-8.04805245,-34.95044938,131.0,87.0,2.299999952316284
2025-01-27T20:53:16Z,Run,2025-01-27T20:55:27Z,-8.04807644,-34.95045105,131.0,87.0,2.2899999618530273
2025-01-27T20:53:16Z,Run,2025-01-27T20:55:28Z,-8.04810043,-34.95045504,131.0,87.0,2.2899999618530273
2025-01-27T20:53:16Z,Run,2025-01-27T20:55:29Z,-8.04812375,-34.95046103,132.0,87.0,2.2899999618530273
2025-01-27T20:53:16Z,Run,2025-01-27T20:55:30Z,-8.04814641,-34.95046836,132.0,87.0,2.2899999618530273
2025-01-27T20:53:16Z,Run,2025-01-27T20:55:31Z,-8.0481704,-34.95047636,132.0,87.0,2.2899999618530273
2025-01-27T20:53:16Z,Run,2025-01-27T20:55:32Z,-8.0481954,-34.9504847,131.0,88.0,2.2899999618530273
2025-01-27T20:53:16Z,Run,2025-01-27T20:55:33Z,-8.04822072,-34.95049236,131.0,88.0,2.299999952316284
2025-01-27T20:53:16Z,Run,2025-01-27T20:55:34Z,-8.04824705,-34.95049935,131.0,88.0,2.299999952316284
2025-01-27T20:53:16Z,Run,2025-01-27T20:55:35Z,-8.04827204,-34.95050502,131.0,88.0,2.299999952316284
2025-01-27T20:53:16Z,Run,2025-01-27T20:55:36Z,-8.04829738,-34.95050969,131.0,88.0,2.319999933242798
2025-01-27T20:53:16Z,Run,2025-01-27T20:55:37Z,-8.0483237,-34.95051368,132.0,88.0,2.3299999237060547
2025-01-27T20:53:16Z,Run,2025-01-27T20:55:38Z,-8.04835203,-34.95051633,132.0,88.0,2.3399999141693115
2025-01-27T20:53:16Z,Run,2025-01-27T20:55:39Z,-8.04838003,-34.95051833,132.0,88.0,2.3499999046325684
2025-01-27T20:53:16Z,Run,2025-01-27T20:55:40Z,-8.04840837,-34.95051999,132.0,88.0,2.3499999046325684
2025-01-27T20:53:16Z,Run,2025-01-27T20:55:41Z,-8.04843702,-34.95052199,133.0,88.0,2.359999895095825
2025-01-27T20:53:16Z,Run,2025-01-27T20:55:42Z,-8.04846468,-34.95052466,134.0,88.0,2.380000114440918
2025-01-27T20:53:16Z,Run,2025-01-27T20:55:43Z,-8.048492,-34.95052798,135.0,87.0,2.390000104904175
2025-01-27T20:53:16Z,Run,2025-01-27T20:55:44Z,-8.04851734,-34.9505313,136.0,87.0,2.4000000953674316
2025-01-27T20:53:16Z,Run,2025-01-27T20:55:45Z,-8.04854033,-34.95053564,137.0,87.0,2.4200000762939453
2025-01-27T20:53:16Z,Run,2025-01-27T20:55:46Z,-8.04856198,-34.95054297,137.0,87.0,2.4200000762939453
2025-01-27T20:53:16Z,Run,2025-01-27T20:55:47Z,-8.04858198,-34.95055663,136.0,87.0,2.430000066757202
2025-01-27T20:53:16Z,Run,2025-01-27T20:55:48Z,-8.04859764,-34.95057563,136.0,88.0,2.450000047683716
2025-01-27T20:53:16Z,Run,2025-01-27T20:55:49Z,-8.04860696,-34.95059729,138.0,88.0,2.4600000381469727
2025-01-27T20:53:16Z,Run,2025-01-27T20:55:50Z,-8.04861096,-34.95062062,139.0,88.0,2.4600000381469727
2025-01-27T20:53:16Z,Run,2025-01-27T20:55:51Z,-8.04861262,-34.95064428,140.0,88.0,2.4600000381469727
2025-01-27T20:53:16Z,Run,2025-01-27T20:55:52Z,-8.04861096,-34.95067027,140.0,88.0,2.4600000381469727
2025-01-27T20:53:16Z,Run,2025-01-27T20:55:53Z,-8.04860896,-34.95069726,140.0,88.0,2.4600000381469727
2025-01-27T20:53:16Z,Run,2025-01-27T20:55:54Z,-8.04860731,-34.95072393,139.0,88.0,2.4700000286102295
2025-01-27T20:53:16Z,Run,2025-01-27T20:55:55Z,-8.04860763,-34.95074992,139.0,88.0,2.4700000286102295
2025-01-27T20:53:16Z,Run,2025-01-27T20:55:56Z,-8.04860531,-34.95077558,139.0,88.0,2.4700000286102295
2025-01-27T20:53:16Z,Run,2025-01-27T20:55:57Z,-8.04859964,-34.95080024,139.0,88.0,2.4700000286102295
2025-01-27T20:53:16Z,Run,2025-01-27T20:55:58Z,-8.04859297,-34.95082357,139.0,88.0,2.4700000286102295
2025-01-27T20:53:16Z,Run,2025-01-27T20:55:59Z,-8.04858632,-34.9508469,139.0,88.0,2.4800000190734863
2025-01-27T20:53:16Z,Run,2025-01-27T20:56:00Z,-8.04858133,-34.95087022,139.0,87.0,2.4800000190734863
2025-01-27T20:53:16Z,Run,2025-01-27T20:56:01Z,-8.04857866,-34.95089421,139.0,87.0,2.4800000190734863
2025-01-27T20:53:16Z,Run,2025-01-27T20:56:02Z,-8.04857666,-34.95091788,139.0,88.0,2.4800000190734863
2025-01-27T20:53:16Z,Run,2025-01-27T20:56:03Z,-8.04857599,-34.95094087,139.0,88.0,2.4800000190734863
2025-01-27T20:53:16Z,Run,2025-01-27T20:56:04Z,-8.048575,-34.95096386,139.0,88.0,2.4800000190734863
2025-01-27T20:53:16Z,Run,2025-01-27T20:56:05Z,-8.04857368,-34.95098786,139.0,88.0,2.4800000190734863
2025-01-27T20:53:16Z,Run,2025-01-27T20:56:06Z,-8.04857236,-34.95101185,139.0,88.0,2.490000009536743
2025-01-27T20:53:16Z,Run,2025-01-27T20:56:07Z,-8.04857136,-34.95103618,139.0,87.0,2.490000009536743
2025-01-27T20:53:16Z,Run,2025-01-27T20:56:08Z,-8.0485707,-34.95106085,140.0,87.0,2.490000009536743
2025-01-27T20:53:16Z,Run,2025-01-27T20:56:09Z,-8.0485697,-34.95108517,140.0,87.0,2.490000009536743
2025-01-27T20:53:16Z,Run,2025-01-27T20:56:10Z,-8.04856804,-34.95110783,140.0,87.0,2.490000009536743
2025-01-27T20:53:16Z,Run,2025-01-27T20:56:11Z,-8.04856539,-34.95112983,140.0,88.0,2.5
2025-01-27T20:53:16Z,Run,2025-01-27T20:56:12Z,-8.0485624,-34.95115116,140.0,88.0,2.5
2025-01-27T20:53:16Z,Run,2025-01-27T20:56:13Z,-8.04856073,-34.95117249,140.0,88.0,2.5
2025-01-27T20:53:16Z,Run,2025-01-27T20:56:14Z,-8.04856041,-34.95119449,140.0,87.0,2.5
2025-01-27T20:53:16Z,Run,2025-01-27T20:56:15Z,-8.04856008,-34.95121649,140.0,88.0,2.490000009536743
2025-01-27T20:53:16Z,Run,2025-01-27T20:56:16Z,-8.04856008,-34.95123882,140.0,88.0,2.490000009536743
2025-01-27T20:53:16Z,Run,2025-01-27T20:56:17Z,-8.04855942,-34.95126214,139.0,88.0,2.490000009536743
2025-01-27T20:53:16Z,Run,2025-01-27T20:56:19Z,-8.04855942,-34.95128381,139.0,88.0,2.4800000190734863
2025-01-27T20:53:16Z,Run,2025-01-27T20:56:19Z,-8.04855875,-34.95130814,139.0,89.0,2.4800000190734863
2025-01-27T20:53:16Z,Run,2025-01-27T20:56:20Z,-8.04855809,-34.9513308,140.0,88.0,2.4800000190734863
2025-01-27T20:53:16Z,Run,2025-01-27T20:56:21Z,-8.04855743,-34.95135579,140.0,88.0,2.4700000286102295
2025-01-27T20:53:16Z,Run,2025-01-27T20:56:22Z,-8.04855644,-34.95137979,140.0,87.0,2.4700000286102295
2025-01-27T20:53:16Z,Run,2025-01-27T20:56:23Z,-8.04855545,-34.95140345,140.0,87.0,2.4700000286102295
2025-01-27T20:53:16Z,Run,2025-01-27T20:56:24Z,-8.04855411,-34.95142877,140.0,88.0,2.4700000286102295
2025-01-27T20:53:16Z,Run,2025-01-27T20:56:25Z,-8.04855411,-34.9514531,141.0,89.0,2.4700000286102295
2025-01-27T20:53:16Z,Run,2025-01-27T20:56:26Z,-8.04855478,-34.95147777,141.0,88.0,2.4700000286102295
2025-01-27T20:53:16Z,Run,2025-01-27T20:56:27Z,-8.04855478,-34.95150277,142.0,88.0,2.4800000190734863
2025-01-27T20:53:16Z,Run,2025-01-27T20:56:28Z,-8.04855411,-34.95152909,143.0,88.0,2.4800000190734863
2025-01-27T20:53:16Z,Run,2025-01-27T20:56:29Z,-8.04855312,-34.95155542,143.0,88.0,2.4800000190734863
2025-01-27T20:53:16Z,Run,2025-01-27T20:56:30Z,-8.04855246,-34.95158142,147.0,89.0,2.4800000190734863
2025-01-27T20:53:16Z,Run,2025-01-27T20:56:31Z,-8.04855046,-34.95160474,148.0,88.0,2.490000009536743
2025-01-27T20:53:16Z,Run,2025-01-27T20:56:32Z,-8.04854747,-34.95162773,148.0,88.0,2.5
2025-01-27T20:53:16Z,Run,2025-01-27T20:56:33Z,-8.04854381,-34.95165139,149.0,88.0,2.5
2025-01-27T20:53:16Z,Run,2025-01-27T20:56:34Z,-8.04853915,-34.95167539,150.0,89.0,2.5
2025-01-27T20:53:16Z,Run,2025-01-27T20:56:35Z,-8.04853449,-34.95169972,150.0,89.0,2.5
2025-01-27T20:53:16Z,Run,2025-01-27T20:56:36Z,-8.04853083,-34.95172404,149.0,88.0,2.5
2025-01-27T20:53:16Z,Run,2025-01-27T20:56:37Z,-8.04852717,-34.95174771,150.0,88.0,2.509999990463257
2025-01-27T20:53:16Z,Run,2025-01-27T20:56:38Z,-8.04852452,-34.9517687,150.0,88.0,2.509999990463257
2025-01-27T20:53:16Z,Run,2025-01-27T20:56:39Z,-8.04852318,-34.95178869,151.0,88.0,2.509999990463257
2025-01-27T20:53:16Z,Run,2025-01-27T20:56:40Z,-8.04852186,-34.95180868,151.0,88.0,2.509999990463257
2025-01-27T20:53:16Z,Run,2025-01-27T20:56:41Z,-8.04852119,-34.95183068,151.0,88.0,2.509999990463257
2025-01-27T20:53:16Z,Run,2025-01-27T20:56:42Z,-8.04851786,-34.95185501,153.0,88.0,2.509999990463257
2025-01-27T20:53:16Z,Run,2025-01-27T20:56:43Z,-8.0485142,-34.95188035,155.0,88.0,2.5
2025-01-27T20:53:16Z,Run,2025-01-27T20:56:44Z,-8.04851121,-34.95190535,154.0,88.0,2.5
2025-01-27T20:53:16Z,Run,2025-01-27T20:56:45Z,-8.04850856,-34.95193167,154.0,88.0,2.5
2025-01-27T20:53:16Z,Run,2025-01-27T20:56:46Z,-8.04850656,-34.95195733,155.0,89.0,2.5
2025-01-27T20:53:16Z,Run,2025-01-27T20:56:47Z,-8.04850323,-34.95198366,155.0,89.0,2.5
2025-01-27T20:53:16Z,Run,2025-01-27T20:56:48Z,-8.04849823,-34.95200965,155.0,89.0,2.5
2025-01-27T20:53:16Z,Run,2025-01-27T20:56:49Z,-8.04849291,-34.95203597,155.0,89.0,2.5
2025-01-27T20:53:16Z,Run,2025-01-27T20:56:50Z,-8.04848858,-34.95206064,155.0,89.0,2.5
2025-01-27T20:53:16Z,Run,2025-01-27T20:56:51Z,-8.04848459,-34.95208463,157.0,90.0,2.5
2025-01-27T20:53:16Z,Run,2025-01-27T20:56:52Z,-8.04848093,-34.9521093,158.0,90.0,2.5
2025-01-27T20:53:16Z,Run,2025-01-27T20:56:53Z,-8.0484776,-34.95213296,158.0,90.0,2.5
2025-01-27T20:53:16Z,Run,2025-01-27T20:56:54Z,-8.0484756,-34.95215629,159.0,90.0,2.509999990463257
2025-01-27T20:53:16Z,Run,2025-01-27T20:56:55Z,-8.04847194,-34.95217928,159.0,89.0,2.509999990463257
2025-01-27T20:53:16Z,Run,2025-01-27T20:56:56Z,-8.04846861,-34.95220161,159.0,89.0,2.509999990463257
2025-01-27T20:53:16Z,Run,2025-01-27T20:56:57Z,-8.04846461,-34.95222493,159.0,89.0,2.509999990463257
2025-01-27T20:53:16Z,Run,2025-01-27T20:56:59Z,-8.04846195,-34.95224927,160.0,89.0,2.509999990463257
2025-01-27T20:53:16Z,Run,2025-01-27T20:56:59Z,-8.04845895,-34.9522736,160.0,89.0,2.509999990463257
2025-01-27T20:53:16Z,Run,2025-01-27T20:57:00Z,-8.04845696,-34.95229792,160.0,89.0,2.5199999809265137
2025-01-27T20:53:16Z,Run,2025-01-27T20:57:01Z,-8.04845596,-34.95232026,160.0,89.0,2.5199999809265137
2025-01-27T20:53:16Z,Run,2025-01-27T20:57:02Z,-8.04845097,-34.95234358,160.0,89.0,2.5199999809265137
2025-01-27T20:53:16Z,Run,2025-01-27T20:57:03Z,-8.04844697,-34.95236958,160.0,89.0,2.5299999713897705
2025-01-27T20:53:16Z,Run,2025-01-27T20:57:04Z,-8.04844497,-34.9523939,159.0,89.0,2.5299999713897705
2025-01-27T20:53:16Z,Run,2025-01-27T20:57:05Z,-8.04844564,-34.95241757,159.0,89.0,2.5299999713897705
2025-01-27T20:53:16Z,Run,2025-01-27T20:57:06Z,-8.04844764,-34.95244224,160.0,89.0,2.5299999713897705
2025-01-27T20:53:16Z,Run,2025-01-27T20:57:07Z,-8.04845029,-34.95246823,160.0,89.0,2.5299999713897705
2025-01-27T20:53:16Z,Run,2025-01-27T20:57:08Z,-8.04845129,-34.95249355,161.0,89.0,2.5299999713897705
2025-01-27T20:53:16Z,Run,2025-01-27T20:57:09Z,-8.04845029,-34.95251887,161.0,89.0,2.5299999713897705
2025-01-27T20:53:16Z,Run,2025-01-27T20:57:10Z,-8.0484463,-34.95254421,162.0,89.0,2.5299999713897705
2025-01-27T20:53:16Z,Run,2025-01-27T20:57:11Z,-8.04843864,-34.9525672,162.0,89.0,2.5299999713897705
2025-01-27T20:53:16Z,Run,2025-01-27T20:57:12Z,-8.04843098,-34.95258819,163.0,88.0,2.5399999618530273
2025-01-27T20:53:16Z,Run,2025-01-27T20:57:13Z,-8.04842131,-34.95260652,164.0,88.0,2.5399999618530273
2025-01-27T20:53:16Z,Run,2025-01-27T20:57:14Z,-8.04841366,-34.95262285,165.0,88.0,2.549999952316284
2025-01-27T20:53:16Z,Run,2025-01-27T20:57:15Z,-8.04840799,-34.95263685,166.0,87.0,2.549999952316284
2025-01-27T20:53:16Z,Run,2025-01-27T20:57:16Z,-8.04840599,-34.95265184,167.0,88.0,2.549999952316284
2025-01-27T20:53:16Z,Run,2025-01-27T20:57:17Z,-8.04840599,-34.95266818,167.0,88.0,2.549999952316284
2025-01-27T20:53:16Z,Run,2025-01-27T20:57:18Z,-8.04840731,-34.95268417,167.0,89.0,2.5399999618530273
2025-01-27T20:53:16Z,Run,2025-01-27T20:57:19Z,-8.04840964,-34.95270183,168.0,88.0,2.5299999713897705
2025-01-27T20:53:16Z,Run,2025-01-27T20:57:21Z,-8.04841564,-34.95272016,169.0,88.0,2.5
2025-01-27T20:53:16Z,Run,2025-01-27T20:57:21Z,-8.04842296,-34.95273782,169.0,88.0,2.5
2025-01-27T20:53:16Z,Run,2025-01-27T20:57:22Z,-8.04843229,-34.95275581,171.0,88.0,2.2200000286102295
2025-01-27T20:53:16Z,Run,2025-01-27T20:57:23Z,-8.04844362,-34.9527728,171.0,88.0,2.2200000286102295
2025-01-27T20:53:16Z,Run,2025-01-27T20:57:24Z,-8.04845762,-34.95279013,172.0,88.0,1.9700000286102295
2025-01-27T20:53:16Z,Run,2025-01-27T20:57:26Z,-8.04847295,-34.95280579,172.0,88.0,2.009999990463257
2025-01-27T20:53:16Z,Run,2025-01-27T20:57:26Z,-8.04848895,-34.95281946,172.0,88.0,2.0899999141693115
2025-01-27T20:53:16Z,Run,2025-01-27T20:57:28Z,-8.04850628,-34.95283312,172.0,88.0,2.240000009536743
2025-01-27T20:53:16Z,Run,2025-01-27T20:57:28Z,-8.04852527,-34.95284812,172.0,88.0,2.240000009536743
2025-01-27T20:53:16Z,Run,2025-01-27T20:57:29Z,-8.0485466,-34.95286277,172.0,88.0,2.240000009536743
2025-01-27T20:53:16Z,Run,2025-01-27T20:57:30Z,-8.04856925,-34.95287577,173.0,88.0,2.2799999713897705
2025-01-27T20:53:16Z,Run,2025-01-27T20:57:31Z,-8.04859525,-34.95288743,173.0,89.0,2.2899999618530273
2025-01-27T20:53:16Z,Run,2025-01-27T20:57:31Z,-8.04862359,-34.95289675,173.0,89.0,2.3499999046325684
2025-01-27T20:53:16Z,Run,2025-01-27T20:57:32Z,-8.04865292,-34.95290574,173.0,89.0,2.4800000190734863
2025-01-27T20:53:16Z,Run,2025-01-27T20:57:33Z,-8.04868191,-34.95291508,173.0,88.0,2.5999999046325684
2025-01-27T20:53:16Z,Run,2025-01-27T20:57:35Z,-8.04870957,-34.95292473,173.0,89.0,2.7100000381469727
2025-01-27T20:53:16Z,Run,2025-01-27T20:57:35Z,-8.0487359,-34.95293273,173.0,89.0,2.7100000381469727
2025-01-27T20:53:16Z,Run,2025-01-27T20:57:36Z,-8.04876122,-34.95293906,173.0,88.0,2.7899999618530273
2025-01-27T20:53:16Z,Run,2025-01-27T20:57:37Z,-8.04878422,-34.95294471,172.0,88.0,2.809999942779541
2025-01-27T20:53:16Z,Run,2025-01-27T20:57:38Z,-8.04880389,-34.9529477,172.0,88.0,2.809999942779541
2025-01-27T20:53:16Z,Run,2025-01-27T20:57:39Z,-8.04882188,-34.9529477,172.0,88.0,2.799999952316284
2025-01-27T20:53:16Z,Run,2025-01-27T20:57:40Z,-8.04884121,-34.95294505,174.0,88.0,2.740000009536743
2025-01-27T20:53:16Z,Run,2025-01-27T20:57:41Z,-8.04886421,-34.95294206,174.0,88.0,2.740000009536743
2025-01-27T20:53:16Z,Run,2025-01-27T20:57:42Z,-8.04889187,-34.95294006,175.0,88.0,2.5899999141693115
2025-01-27T20:53:16Z,Run,2025-01-27T20:57:43Z,-8.04892219,-34.95293973,178.0,88.0,2.4800000190734863
2025-01-27T20:53:16Z,Run,2025-01-27T20:57:44Z,-8.04895086,-34.95293973,180.0,88.0,2.4800000190734863
2025-01-27T20:53:16Z,Run,2025-01-27T20:57:45Z,-8.04897985,-34.95293941,181.0,88.0,2.4700000286102295
2025-01-27T20:53:16Z,Run,2025-01-27T20:57:46Z,-8.04900652,-34.95293941,183.0,88.0,2.4800000190734863
2025-01-27T20:53:16Z,Run,2025-01-27T20:57:47Z,-8.04903184,-34.95293973,183.0,88.0,2.4800000190734863
2025-01-27T20:53:16Z,Run,2025-01-27T20:57:48Z,-8.0490525,-34.95294006,183.0,88.0,2.559999942779541
2025-01-27T20:53:16Z,Run,2025-01-27T20:57:49Z,-8.04907649,-34.95293973,183.0,89.0,2.619999885559082
2025-01-27T20:53:16Z,Run,2025-01-27T20:57:50Z,-8.04910381,-34.95293973,183.0,89.0,2.619999885559082
2025-01-27T20:53:16Z,Run,2025-01-27T20:57:51Z,-8.04913248,-34.95294006,183.0,89.0,2.640000104904175
2025-01-27T20:53:16Z,Run,2025-01-27T20:57:52Z,-8.04915947,-34.95294206,182.0,89.0,2.6500000953674316
2025-01-27T20:53:16Z,Run,2025-01-27T20:57:53Z,-8.04918346,-34.95294339,182.0,89.0,2.6500000953674316
2025-01-27T20:53:16Z,Run,2025-01-27T20:57:54Z,-8.04920579,-34.95294471,182.0,89.0,2.609999895095825
2025-01-27T20:53:16Z,Run,2025-01-27T20:57:55Z,-8.04922879,-34.95294671,182.0,89.0,2.5199999809265137
2025-01-27T20:53:16Z,Run,2025-01-27T20:57:56Z,-8.04925711,-34.95295037,182.0,89.0,2.490000009536743
2025-01-27T20:53:16Z,Run,2025-01-27T20:57:58Z,-8.0492861,-34.95295636,183.0,89.0,2.490000009536743
2025-01-27T20:53:16Z,Run,2025-01-27T20:57:58Z,-8.04931044,-34.95296169,183.0,89.0,2.490000009536743
2025-01-27T20:53:16Z,Run,2025-01-27T20:57:59Z,-8.04933209,-34.95296869,182.0,89.0,2.5
2025-01-27T20:53:16Z,Run,2025-01-27T20:58:00Z,-8.04935408,-34.95297635,183.0,89.0,2.509999990463257
2025-01-27T20:53:16Z,Run,2025-01-27T20:58:01Z,-8.04937775,-34.95298335,183.0,89.0,2.509999990463257
2025-01-27T20:53:16Z,Run,2025-01-27T20:58:02Z,-8.04940841,-34.95298902,183.0,89.0,2.509999990463257
2025-01-27T20:53:16Z,Run,2025-01-27T20:58:03Z,-8.04943841,-34.95299167,183.0,89.0,2.5299999713897705
2025-01-27T20:53:16Z,Run,2025-01-27T20:58:04Z,-8.04946606,-34.952993,184.0,89.0,2.5399999618530273
2025-01-27T20:53:16Z,Run,2025-01-27T20:58:05Z,-8.04949239,-34.95299332,184.0,89.0,2.5399999618530273
2025-01-27T20:53:16Z,Run,2025-01-27T20:58:06Z,-8.04952039,-34.95299266,184.0,89.0,2.549999952316284
2025-01-27T20:53:16Z,Run,2025-01-27T20:58:07Z,-8.04955071,-34.95299201,184.0,89.0,2.569999933242798
2025-01-27T20:53:16Z,Run,2025-01-27T20:58:08Z,-8.04958438,-34.95299333,186.0,89.0,2.5799999237060547
2025-01-27T20:53:16Z,Run,2025-01-27T20:58:09Z,-8.04961971,-34.95299533,187.0,89.0,2.5899999141693115
2025-01-27T20:53:16Z,Run,2025-01-27T20:58:10Z,-8.04965237,-34.95299666,188.0,89.0,2.609999895095825
2025-01-27T20:53:16Z,Run,2025-01-27T20:58:11Z,-8.04968336,-34.95299634,188.0,89.0,2.609999895095825
2025-01-27T20:53:16Z,Run,2025-01-27T20:58:12Z,-8.04971001,-34.95299434,188.0,88.0,2.630000114440918
2025-01-27T20:53:16Z,Run,2025-01-27T20:58:13Z,-8.04973168,-34.95299667,188.0,88.0,2.6500000953674316
2025-01-27T20:53:16Z,Run,2025-01-27T20:58:14Z,-8.04975,-34.953009,188.0,88.0,2.6700000762939453
2025-01-27T20:53:16Z,Run,2025-01-27T20:58:15Z,-8.04976634,-34.95302332,189.0,88.0,2.690000057220459
2025-01-27T20:53:16Z,Run,2025-01-27T20:58:16Z,-8.04978034,-34.95303599,189.0,89.0,2.7100000381469727
2025-01-27T20:53:16Z,Run,2025-01-27T20:58:17Z,-8.04979533,-34.95304631,189.0,89.0,2.7100000381469727
2025-01-27T20:53:16Z,Run,2025-01-27T20:58:18Z,-8.04981365,-34.95305264,188.0,90.0,2.7100000381469727
2025-01-27T20:53:16Z,Run,2025-01-27T20:58:19Z,-8.04983465,-34.95305597,187.0,90.0,2.7100000381469727
2025-01-27T20:53:16Z,Run,2025-01-27T20:58:20Z,-8.04985864,-34.95305762,187.0,90.0,2.7100000381469727
2025-01-27T20:53:16Z,Run,2025-01-27T20:58:21Z,-8.04988396,-34.95305929,187.0,89.0,2.7100000381469727
2025-01-27T20:53:16Z,Run,2025-01-27T20:58:22Z,-8.04991096,-34.95306196,187.0,89.0,2.7100000381469727
2025-01-27T20:53:16Z,Run,2025-01-27T20:58:23Z,-8.04993729,-34.95306361,187.0,89.0,2.7100000381469727
2025-01-27T20:53:16Z,Run,2025-01-27T20:58:24Z,-8.04996261,-34.95306495,187.0,89.0,2.7100000381469727
2025-01-27T20:53:16Z,Run,2025-01-27T20:58:26Z,-8.04998561,-34.95306695,184.0,89.0,2.7100000381469727
2025-01-27T20:53:16Z,Run,2025-01-27T20:58:26Z,-8.05000827,-34.9530686,184.0,89.0,2.7100000381469727
2025-01-27T20:53:16Z,Run,2025-01-27T20:58:27Z,-8.0500306,-34.95306994,183.0,89.0,2.7100000381469727
2025-01-27T20:53:16Z,Run,2025-01-27T20:58:28Z,-8.05005459,-34.95307193,182.0,88.0,2.7100000381469727
2025-01-27T20:53:16Z,Run,2025-01-27T20:58:29Z,-8.05008025,-34.95307094,182.0,88.0,2.7100000381469727
2025-01-27T20:53:16Z,Run,2025-01-27T20:58:31Z,-8.05010625,-34.95307028,179.0,88.0,2.7100000381469727
2025-01-27T20:53:16Z,Run,2025-01-27T20:58:31Z,-8.0501309,-34.95306895,179.0,88.0,2.7100000381469727
2025-01-27T20:53:16Z,Run,2025-01-27T20:58:32Z,-8.0501559,-34.95306729,179.0,88.0,2.7100000381469727
2025-01-27T20:53:16Z,Run,2025-01-27T20:58:33Z,-8.05017856,-34.95306562,178.0,88.0,2.7100000381469727
2025-01-27T20:53:16Z,Run,2025-01-27T20:58:34Z,-8.05020289,-34.95306463,178.0,88.0,2.7100000381469727
2025-01-27T20:53:16Z,Run,2025-01-27T20:58:36Z,-8.05022855,-34.95306463,179.0,89.0,2.7100000381469727
2025-01-27T20:53:16Z,Run,2025-01-27T20:58:36Z,-8.05025322,-34.95306596,,,
2025-01-27T20:53:16Z,Run,2025-01-27T20:58:37Z,-8.05027922,-34.95306962,180.0,89.0,2.7100000381469727
2025-01-27T20:53:16Z,Run,2025-01-27T20:58:38Z,-8.05030555,-34.95307561,181.0,90.0,2.7200000286102295
2025-01-27T20:53:16Z,Run,2025-01-27T20:58:39Z,-8.05033254,-34.95308095,182.0,90.0,2.7200000286102295
2025-01-27T20:53:16Z,Run,2025-01-27T20:58:40Z,-8.05036054,-34.95308594,183.0,90.0,2.7300000190734863
2025-01-27T20:53:16Z,Run,2025-01-27T20:58:41Z,-8.05038853,-34.9530896,183.0,89.0,2.7300000190734863
2025-01-27T20:53:16Z,Run,2025-01-27T20:58:42Z,-8.05041286,-34.95309227,183.0,89.0,2.7300000190734863
2025-01-27T20:53:16Z,Run,2025-01-27T20:58:43Z,-8.05043886,-34.95309494,183.0,89.0,2.7300000190734863
2025-01-27T20:53:16Z,Run,2025-01-27T20:58:44Z,-8.0504642,-34.95309626,183.0,89.0,2.740000009536743
2025-01-27T20:53:16Z,Run,2025-01-27T20:58:45Z,-8.05048885,-34.95309725,183.0,89.0,2.75
2025-01-27T20:53:16Z,Run,2025-01-27T20:58:47Z,-8.05051319,-34.95309725,180.0,88.0,2.7699999809265137
2025-01-27T20:53:16Z,Run,2025-01-27T20:58:47Z,-8.05053684,-34.95309626,180.0,88.0,2.7699999809265137
2025-01-27T20:53:16Z,Run,2025-01-27T20:58:48Z,-8.05056018,-34.95309393,180.0,88.0,2.7699999809265137
2025-01-27T20:53:16Z,Run,2025-01-27T20:58:49Z,-8.05058284,-34.95309027,176.0,88.0,2.7699999809265137
2025-01-27T20:53:16Z,Run,2025-01-27T20:58:50Z,-8.05060783,-34.95308395,176.0,88.0,2.7699999809265137
2025-01-27T20:53:16Z,Run,2025-01-27T20:58:51Z,-8.05063182,-34.95307795,176.0,88.0,2.7699999809265137
2025-01-27T20:53:16Z,Run,2025-01-27T20:58:52Z,-8.05065416,-34.95307396,176.0,88.0,2.7799999713897705
2025-01-27T20:53:16Z,Run,2025-01-27T20:58:53Z,-8.05067482,-34.95307396,176.0,88.0,2.7799999713897705
2025-01-27T20:53:16Z,Run,2025-01-27T20:58:54Z,-8.05069281,-34.95307961,176.0,88.0,2.7799999713897705
2025-01-27T20:53:16Z,Run,2025-01-27T20:58:55Z,-8.05070915,-34.95308928,175.0,89.0,2.7799999713897705
2025-01-27T20:53:16Z,Run,2025-01-27T20:58:56Z,-8.0507238,-34.9531016,175.0,89.0,2.7799999713897705
2025-01-27T20:53:16Z,Run,2025-01-27T20:58:58Z,-8.05073946,-34.95311393,175.0,88.0,2.7699999809265137
2025-01-27T20:53:16Z,Run,2025-01-27T20:58:58Z,-8.05075446,-34.95312493,,,
2025-01-27T20:53:16Z,Run,2025-01-27T20:58:59Z,-8.05077312,-34.95313392,176.0,89.0,2.759999990463257
2025-01-27T20:53:16Z,Run,2025-01-27T20:59:00Z,-8.05079144,-34.95313957,176.0,89.0,2.759999990463257
2025-01-27T20:53:16Z,Run,2025-01-27T20:59:01Z,-8.0508121,-34.95314324,177.0,89.0,2.740000009536743
2025-01-27T20:53:16Z,Run,2025-01-27T20:59:02Z,-8.05083476,-34.95314456,178.0,89.0,2.7300000190734863
2025-01-27T20:53:16Z,Run,2025-01-27T20:59:03Z,-8.05085643,-34.95314424,178.0,89.0,2.7200000286102295
2025-01-27T20:53:16Z,Run,2025-01-27T20:59:04Z,-8.05088309,-34.95314157,178.0,89.0,2.7100000381469727
2025-01-27T20:53:16Z,Run,2025-01-27T20:59:05Z,-8.05090909,-34.95313758,178.0,89.0,2.700000047683716
2025-01-27T20:53:16Z,Run,2025-01-27T20:59:06Z,-8.05093375,-34.95313292,178.0,89.0,2.700000047683716
2025-01-27T20:53:16Z,Run,2025-01-27T20:59:07Z,-8.05095808,-34.95312792,177.0,89.0,2.690000057220459
2025-01-27T20:53:16Z,Run,2025-01-27T20:59:08Z,-8.05098007,-34.95312626,177.0,89.0,2.680000066757202
2025-01-27T20:53:16Z,Run,2025-01-27T20:59:09Z,-8.05100172,-34.95312259,177.0,89.0,2.680000066757202
2025-01-27T20:53:16Z,Run,2025-01-27T20:59:10Z,-8.05102239,-34.95312094,178.0,88.0,2.680000066757202
2025-01-27T20:53:16Z,Run,2025-01-27T20:59:11Z,-8.05104472,-34.95312159,178.0,88.0,2.680000066757202
2025-01-27T20:53:16Z,Run,2025-01-27T20:59:12Z,-8.05106905,-34.95312326,178.0,88.0,2.680000066757202
2025-01-27T20:53:16Z,Run,2025-01-27T20:59:13Z,-8.05109204,-34.95312758,178.0,89.0,2.680000066757202
2025-01-27T20:53:16Z,Run,2025-01-27T20:59:14Z,-8.0511147,-34.95313225,177.0,89.0,2.680000066757202
2025-01-27T20:53:16Z,Run,2025-01-27T20:59:15Z,-8.05113703,-34.95313792,177.0,90.0,2.680000066757202
2025-01-27T20:53:16Z,Run,2025-01-27T20:59:16Z,-8.05115836,-34.95314258,177.0,90.0,2.680000066757202
2025-01-27T20:53:16Z,Run,2025-01-27T20:59:17Z,-8.05118168,-34.95314791,177.0,89.0,2.680000066757202
2025-01-27T20:53:16Z,Run,2025-01-27T20:59:18Z,-8.05120601,-34.95315591,177.0,89.0,2.680000066757202
2025-01-27T20:53:16Z,Run,2025-01-27T20:59:19Z,-8.05122901,-34.95317023,177.0,89.0,2.680000066757202
2025-01-27T20:53:16Z,Run,2025-01-27T20:59:20Z,-8.05124967,-34.95318623,178.0,89.0,2.680000066757202
2025-01-27T20:53:16Z,Run,2025-01-27T20:59:21Z,-8.05126934,-34.95320122,178.0,90.0,2.680000066757202
2025-01-27T20:53:16Z,Run,2025-01-27T20:59:22Z,-8.05129266,-34.95321355,178.0,90.0,2.680000066757202
2025-01-27T20:53:16Z,Run,2025-01-27T20:59:23Z,-8.05131332,-34.95322588,178.0,90.0,2.680000066757202
2025-01-27T20:53:16Z,Run,2025-01-27T20:59:24Z,-8.05133565,-34.95323453,178.0,90.0,2.680000066757202
2025-01-27T20:53:16Z,Run,2025-01-27T20:59:25Z,-8.05135698,-34.95324052,179.0,90.0,2.680000066757202
2025-01-27T20:53:16Z,Run,2025-01-27T20:59:27Z,-8.05137831,-34.95324252,179.0,90.0,2.680000066757202
2025-01-27T20:53:16Z,Run,2025-01-27T20:59:27Z,-8.05140263,-34.95324252,,,
2025-01-27T20:53:16Z,Run,2025-01-27T20:59:28Z,-8.0514283,-34.95324252,181.0,90.0,2.690000057220459
2025-01-27T20:53:16Z,Run,2025-01-27T20:59:29Z,-8.0514543,-34.95324285,182.0,90.0,2.690000057220459
2025-01-27T20:53:16Z,Run,2025-01-27T20:59:30Z,-8.05147996,-34.9532455,182.0,90.0,2.690000057220459
2025-01-27T20:53:16Z,Run,2025-01-27T20:59:31Z,-8.05150195,-34.95324984,182.0,89.0,2.700000047683716
2025-01-27T20:53:16Z,Run,2025-01-27T20:59:33Z,-8.05152461,-34.95325616,185.0,90.0,2.700000047683716
2025-01-27T20:53:16Z,Run,2025-01-27T20:59:33Z,-8.05154795,-34.95326315,185.0,90.0,2.700000047683716
2025-01-27T20:53:16Z,Run,2025-01-27T20:59:34Z,-8.05157194,-34.95327048,184.0,90.0,2.7100000381469727
2025-01-27T20:53:16Z,Run,2025-01-27T20:59:35Z,-8.05159493,-34.95327815,183.0,90.0,2.7100000381469727
2025-01-27T20:53:16Z,Run,2025-01-27T20:59:37Z,-8.05162026,-34.95328615,182.0,90.0,2.7100000381469727
2025-01-27T20:53:16Z,Run,2025-01-27T20:59:37Z,-8.05164458,-34.95329347,182.0,90.0,2.7100000381469727
2025-01-27T20:53:16Z,Run,2025-01-27T20:59:38Z,-8.05166857,-34.95330014,181.0,90.0,2.7100000381469727
2025-01-27T20:53:16Z,Run,2025-01-27T20:59:39Z,-8.05169057,-34.95330646,181.0,89.0,2.7100000381469727
2025-01-27T20:53:16Z,Run,2025-01-27T20:59:40Z,-8.05171423,-34.95331012,181.0,89.0,2.7200000286102295
2025-01-27T20:53:16Z,Run,2025-01-27T20:59:41Z,-8.05173856,-34.95331245,181.0,89.0,2.7200000286102295
2025-01-27T20:53:16Z,Run,2025-01-27T20:59:42Z,-8.05176323,-34.95331278,181.0,89.0,2.7200000286102295
2025-01-27T20:53:16Z,Run,2025-01-27T20:59:43Z,-8.05178722,-34.95331278,181.0,89.0,2.7200000286102295
2025-01-27T20:53:16Z,Run,2025-01-27T20:59:44Z,-8.05181288,-34.95331212,182.0,89.0,2.7200000286102295
2025-01-27T20:53:16Z,Run,2025-01-27T20:59:45Z,-8.05183788,-34.95331146,182.0,89.0,2.7300000190734863
2025-01-27T20:53:16Z,Run,2025-01-27T20:59:46Z,-8.05186187,-34.9533108,182.0,89.0,2.7300000190734863
2025-01-27T20:53:16Z,Run,2025-01-27T20:59:47Z,-8.05188819,-34.9533108,182.0,89.0,2.7300000190734863
2025-01-27T20:53:16Z,Run,2025-01-27T20:59:48Z,-8.05191452,-34.9533118,183.0,89.0,2.7300000190734863
2025-01-27T20:53:16Z,Run,2025-01-27T20:59:49Z,-8.05193919,-34.9533118,183.0,89.0,2.7300000190734863
2025-01-27T20:53:16Z,Run,2025-01-27T20:59:50Z,-8.05196251,-34.95331245,183.0,89.0,2.7300000190734863
2025-01-27T20:53:16Z,Run,2025-01-27T20:59:51Z,-8.05198285,-34.95331412,183.0,89.0,2.7300000190734863
2025-01-27T20:53:16Z,Run,2025-01-27T20:59:52Z,-8.05200217,-34.95331444,183.0,89.0,2.7699999809265137
2025-01-27T20:53:16Z,Run,2025-01-27T20:59:53Z,-8.05201984,-34.95331344,182.0,89.0,2.7899999618530273
2025-01-27T20:53:16Z,Run,2025-01-27T20:59:54Z,-8.05203584,-34.95331179,181.0,89.0,2.700000047683716
2025-01-27T20:53:16Z,Run,2025-01-27T20:59:55Z,-8.0520495,-34.95331311,181.0,89.0,2.700000047683716
2025-01-27T20:53:16Z,Run,2025-01-27T20:59:56Z,-8.05206149,-34.9533161,179.0,89.0,2.509999990463257
2025-01-27T20:53:16Z,Run,2025-01-27T20:59:57Z,-8.05207215,-34.95331877,179.0,89.0,2.240000009536743
2025-01-27T20:53:16Z,Run,2025-01-27T20:59:58Z,-8.05208347,-34.9533211,178.0,89.0,1.940000057220459
2025-01-27T20:53:16Z,Run,2025-01-27T20:59:59Z,-8.05209614,-34.95332176,176.0,89.0,1.690000057220459
2025-01-27T20:53:16Z,Run,2025-01-27T21:00:01Z,-8.05210881,-34.95332376,176.0,89.0,1.5199999809265137
2025-01-27T20:53:16Z,Run,2025-01-27T21:00:01Z,-8.0521218,-34.95332641,,,
2025-01-27T20:53:16Z,Run,2025-01-27T21:00:02Z,-8.05213346,-34.95333108,174.0,89.0,1.4299999475479126
2025-01-27T20:53:16Z,Run,2025-01-27T21:00:03Z,-8.0521458,-34.9533354,174.0,89.0,1.399999976158142
2025-01-27T20:53:16Z,Run,2025-01-27T21:00:04Z,-8.05215812,-34.95333906,175.0,89.0,1.3899999856948853
2025-01-27T20:53:16Z,Run,2025-01-27T21:00:05Z,-8.05217045,-34.95334173,175.0,89.0,1.409999966621399
2025-01-27T20:53:16Z,Run,2025-01-27T21:00:06Z,-8.05218379,-34.95334406,174.0,89.0,1.440000057220459
2025-01-27T20:53:16Z,Run,2025-01-27T21:00:07Z,-8.05219678,-34.95334639,174.0,89.0,1.440000057220459
2025-01-27T20:53:16Z,Run,2025-01-27T21:00:08Z,-8.05221078,-34.95334705,174.0,89.0,1.4500000476837158
2025-01-27T20:53:16Z,Run,2025-01-27T21:00:09Z,-8.05222444,-34.95334705,174.0,89.0,1.4700000286102295
2025-01-27T20:53:16Z,Run,2025-01-27T21:00:10Z,-8.05223743,-34.95334705,174.0,89.0,1.4700000286102295
2025-01-27T20:53:16Z,Run,2025-01-27T21:00:11Z,-8.05224976,-34.95334673,173.0,89.0,1.4800000190734863
2025-01-27T20:53:16Z,Run,2025-01-27T21:00:12Z,-8.05226109,-34.95334574,172.0,89.0,1.4800000190734863
2025-01-27T20:53:16Z,Run,2025-01-27T21:00:13Z,-8.05227141,-34.95334407,172.0,89.0,1.4800000190734863
2025-01-27T20:53:16Z,Run,2025-01-27T21:00:14Z,-8.05228141,-34.9533414,172.0,89.0,1.4800000190734863
2025-01-27T20:53:16Z,Run,2025-01-27T21:00:15Z,-8.0522914,-34.95333875,173.0,62.0,1.4800000190734863
2025-01-27T20:53:16Z,Run,2025-01-27T21:00:16Z,-8.05230106,-34.95333608,172.0,64.0,1.4199999570846558
2025-01-27T20:53:16Z,Run,2025-01-27T21:00:17Z,-8.05230973,-34.95333276,172.0,64.0,1.340000033378601
2025-01-27T20:53:16Z,Run,2025-01-27T21:00:18Z,-8.05231872,-34.95332809,171.0,64.0,1.2799999713897705
2025-01-27T20:53:16Z,Run,2025-01-27T21:00:19Z,-8.05232705,-34.95332577,171.0,64.0,1.2799999713897705
2025-01-27T20:53:16Z,Run,2025-01-27T21:00:20Z,-8.05233572,-34.9533231,168.0,64.0,1.2300000190734863
2025-01-27T20:53:16Z,Run,2025-01-27T21:00:21Z,-8.05234537,-34.95332011,166.0,64.0,1.1699999570846558
2025-01-27T20:53:16Z,Run,2025-01-27T21:00:22Z,-8.05235603,-34.95331844,166.0,64.0,1.1200000047683716
2025-01-27T20:53:16Z,Run,2025-01-27T21:00:23Z,-8.05236735,-34.95331812,164.0,64.0,1.1100000143051147
2025-01-27T20:53:16Z,Run,2025-01-27T21:00:24Z,-8.05237968,-34.95331911,160.0,64.0,1.1100000143051147
2025-01-27T20:53:16Z,Run,2025-01-27T21:00:25Z,-8.05239268,-34.95332011,160.0,64.0,1.1100000143051147
2025-01-27T20:53:16Z,Run,2025-01-27T21:00:26Z,-8.052406,-34.95332177,160.0,64.0,1.1200000047683716
2025-01-27T20:53:16Z,Run,2025-01-27T21:00:27Z,-8.05241966,-34.95332742,157.0,32.0,1.1699999570846558
2025-01-27T20:53:16Z,Run,2025-01-27T21:00:28Z,-8.05243231,-34.95333242,156.0,32.0,1.2400000095367432
2025-01-27T20:53:16Z,Run,2025-01-27T21:00:29Z,-8.05244531,-34.95333608,154.0,31.0,1.309999942779541
2025-01-27T20:53:16Z,Run,2025-01-27T21:00:30Z,-8.05245798,-34.95333975,152.0,31.0,1.340000033378601
2025-01-27T20:53:16Z,Run,2025-01-27T21:00:31Z,-8.0524703,-34.95334274,152.0,31.0,1.340000033378601
2025-01-27T20:53:16Z,Run,2025-01-27T21:00:32Z,-8.05248297,-34.95334539,151.0,31.0,1.350000023841858
2025-01-27T20:53:16Z,Run,2025-01-27T21:00:33Z,-8.0524953,-34.95334806,150.0,31.0,1.3600000143051147
2025-01-27T20:53:16Z,Run,2025-01-27T21:00:34Z,-8.05250829,-34.95335073,154.0,31.0,1.3600000143051147
2025-01-27T20:53:16Z,Run,2025-01-27T21:00:35Z,-8.05252163,-34.95335372,158.0,31.0,1.3600000143051147
2025-01-27T20:53:16Z,Run,2025-01-27T21:00:36Z,-8.05253495,-34.95335704,161.0,32.0,1.3600000143051147
2025-01-27T20:53:16Z,Run,2025-01-27T21:00:37Z,-8.05254762,-34.95336103,161.0,32.0,1.3600000143051147
2025-01-27T20:53:16Z,Run,2025-01-27T21:00:38Z,-8.05255961,-34.95336469,163.0,31.0,1.3600000143051147
2025-01-27T20:53:16Z,Run,2025-01-27T21:00:39Z,-8.05257061,-34.95336702,162.0,31.0,1.3600000143051147
2025-01-27T20:53:16Z,Run,2025-01-27T21:00:40Z,-8.05258326,-34.95336935,163.0,32.0,1.3600000143051147
2025-01-27T20:53:16Z,Run,2025-01-27T21:00:41Z,-8.05259759,-34.95337069,160.0,31.0,1.3600000143051147
2025-01-27T20:53:16Z,Run,2025-01-27T21:00:42Z,-8.05261159,-34.95337168,163.0,32.0,1.3600000143051147
2025-01-27T20:53:16Z,Run,2025-01-27T21:00:43Z,-8.05262591,-34.95337069,163.0,32.0,1.3600000143051147
2025-01-27T20:53:16Z,Run,2025-01-27T21:00:44Z,-8.05264124,-34.95337036,163.0,32.0,1.3600000143051147
2025-01-27T20:53:16Z,Run,2025-01-27T21:00:45Z,-8.05265724,-34.95337135,160.0,32.0,1.3700000047683716
2025-01-27T20:53:16Z,Run,2025-01-27T21:00:46Z,-8.05267358,-34.95337268,160.0,32.0,1.3799999952316284
2025-01-27T20:53:16Z,Run,2025-01-27T21:00:47Z,-8.05268958,-34.95337533,160.0,32.0,1.3799999952316284
2025-01-27T20:53:16Z,Run,2025-01-27T21:00:48Z,-8.05270523,-34.953378,159.0,32.0,1.3899999856948853
2025-01-27T20:53:16Z,Run,2025-01-27T21:00:49Z,-8.05271956,-34.95338099,159.0,32.0,1.3899999856948853
2025-01-27T20:53:16Z,Run,2025-01-27T21:00:50Z,-8.05273288,-34.95338398,158.0,31.0,1.399999976158142
2025-01-27T20:53:16Z,Run,2025-01-27T21:00:51Z,-8.05274555,-34.95338798,157.0,32.0,1.409999966621399
2025-01-27T20:53:16Z,Run,2025-01-27T21:00:52Z,-8.05275988,-34.95339031,157.0,32.0,1.4199999570846558
2025-01-27T20:53:16Z,Run,2025-01-27T21:00:53Z,-8.05277487,-34.95339298,155.0,32.0,1.4299999475479126
2025-01-27T20:53:16Z,Run,2025-01-27T21:00:54Z,-8.0527902,-34.95339564,154.0,32.0,1.440000057220459
2025-01-27T20:53:16Z,Run,2025-01-27T21:00:55Z,-8.05280654,-34.9533973,154.0,32.0,1.440000057220459
2025-01-27T20:53:16Z,Run,2025-01-27T21:00:56Z,-8.0528232,-34.95339864,154.0,32.0,1.4500000476837158
2025-01-27T20:53:16Z,Run,2025-01-27T21:00:57Z,-8.0528392,-34.95340096,154.0,32.0,1.4500000476837158
2025-01-27T20:53:16Z,Run,2025-01-27T21:00:58Z,-8.05285419,-34.95340296,154.0,32.0,1.4600000381469727
2025-01-27T20:53:16Z,Run,2025-01-27T21:00:59Z,-8.05286819,-34.95340496,154.0,32.0,1.4700000286102295
2025-01-27T20:53:16Z,Run,2025-01-27T21:01:00Z,-8.05288052,-34.95340662,153.0,32.0,1.4700000286102295
2025-01-27T20:53:16Z,Run,2025-01-27T21:01:01Z,-8.05289152,-34.95340728,153.0,32.0,1.4700000286102295
2025-01-27T20:53:16Z,Run,2025-01-27T21:01:02Z,-8.05289985,-34.95340794,153.0,32.0,1.4800000190734863
2025-01-27T20:53:16Z,Run,2025-01-27T21:01:03Z,-8.05290885,-34.95340762,153.0,32.0,1.4900000095367432
2025-01-27T20:53:16Z,Run,2025-01-27T21:01:04Z,-8.05291851,-34.95340696,153.0,32.0,1.4900000095367432
2025-01-27T20:53:16Z,Run,2025-01-27T21:01:05Z,-8.05292884,-34.95340629,153.0,32.0,1.4900000095367432
2025-01-27T20:53:16Z,Run,2025-01-27T21:01:06Z,-8.05293917,-34.95340497,153.0,32.0,1.4900000095367432
2025-01-27T20:53:16Z,Run,2025-01-27T21:01:07Z,-8.05294983,-34.95340364,153.0,32.0,1.4900000095367432
2025-01-27T20:53:16Z,Run,2025-01-27T21:01:08Z,-8.05296049,-34.95340298,153.0,32.0,1.4800000190734863
2025-01-27T20:53:16Z,Run,2025-01-27T21:01:09Z,-8.05297181,-34.95340266,153.0,32.0,1.4700000286102295
2025-01-27T20:53:16Z,Run,2025-01-27T21:01:10Z,-8.05298348,-34.95340298,154.0,32.0,1.4700000286102295
2025-01-27T20:53:16Z,Run,2025-01-27T21:01:11Z,-8.0529938,-34.95340498,154.0,31.0,1.4600000381469727
2025-01-27T20:53:16Z,Run,2025-01-27T21:01:12Z,-8.05300347,-34.95340664,155.0,30.0,1.4500000476837158
2025-01-27T20:53:16Z,Run,2025-01-27T21:01:13Z,-8.05301279,-34.95340864,155.0,30.0,1.4500000476837158
2025-01-27T20:53:16Z,Run,2025-01-27T21:01:14Z,-8.05302312,-34.9534103,155.0,30.0,1.4500000476837158
2025-01-27T20:53:16Z,Run,2025-01-27T21:01:15Z,-8.05303412,-34.95341297,156.0,30.0,1.440000057220459
2025-01-27T20:53:16Z,Run,2025-01-27T21:01:16Z,-8.05304546,-34.95341696,156.0,30.0,1.4299999475479126
2025-01-27T20:53:16Z,Run,2025-01-27T21:01:17Z,-8.05305678,-34.95342163,156.0,30.0,1.4299999475479126
2025-01-27T20:53:16Z,Run,2025-01-27T21:01:18Z,-8.05306677,-34.95342562,156.0,30.0,1.4199999570846558
2025-01-27T20:53:16Z,Run,2025-01-27T21:01:19Z,-8.05307676,-34.95342995,156.0,30.0,1.4199999570846558
2025-01-27T20:53:16Z,Run,2025-01-27T21:01:20Z,-8.05308609,-34.95343427,157.0,31.0,1.409999966621399
2025-01-27T20:53:16Z,Run,2025-01-27T21:01:21Z,-8.05309509,-34.95343794,158.0,31.0,1.409999966621399
2025-01-27T20:53:16Z,Run,2025-01-27T21:01:22Z,-8.05310508,-34.95344093,158.0,31.0,1.399999976158142
2025-01-27T20:53:16Z,Run,2025-01-27T21:01:23Z,-8.05311541,-34.9534436,158.0,31.0,1.3899999856948853
2025-01-27T20:53:16Z,Run,2025-01-27T21:01:24Z,-8.05312574,-34.95344692,158.0,31.0,1.3899999856948853
2025-01-27T20:53:16Z,Run,2025-01-27T21:01:25Z,-8.0531364,-34.95345091,158.0,31.0,1.3899999856948853
2025-01-27T20:53:16Z,Run,2025-01-27T21:01:26Z,-8.05314806,-34.95345491,158.0,31.0,1.3799999952316284
2025-01-27T20:53:16Z,Run,2025-01-27T21:01:27Z,-8.05316039,-34.9534589,158.0,31.0,1.3700000047683716
2025-01-27T20:53:16Z,Run,2025-01-27T21:01:28Z,-8.05317339,-34.95346157,159.0,31.0,1.3700000047683716
2025-01-27T20:53:16Z,Run,2025-01-27T21:01:29Z,-8.05318771,-34.9534639,159.0,31.0,1.3600000143051147
2025-01-27T20:53:16Z,Run,2025-01-27T21:01:30Z,-8.05320371,-34.95346556,160.0,31.0,1.3600000143051147
2025-01-27T20:53:16Z,Run,2025-01-27T21:01:31Z,-8.05321904,-34.95346656,160.0,31.0,1.3600000143051147
2025-01-27T20:53:16Z,Run,2025-01-27T21:01:32Z,-8.0532347,-34.95346522,160.0,31.0,1.3600000143051147
2025-01-27T20:53:16Z,Run,2025-01-27T21:01:33Z,-8.05324802,-34.95346257,161.0,31.0,1.3600000143051147
2025-01-27T20:53:16Z,Run,2025-01-27T21:01:34Z,-8.05326069,-34.95345858,161.0,31.0,1.3600000143051147
2025-01-27T20:53:16Z,Run,2025-01-27T21:01:35Z,-8.05327268,-34.95345759,161.0,31.0,1.3600000143051147
2025-01-27T20:53:16Z,Run,2025-01-27T21:01:36Z,-8.05328535,-34.95345692,161.0,31.0,1.3799999952316284
2025-01-27T20:53:16Z,Run,2025-01-27T21:01:38Z,-8.05330234,-34.9534526,162.0,31.0,1.399999976158142
2025-01-27T20:53:16Z,Run,2025-01-27T21:01:38Z,-8.05332399,-34.95344593,162.0,31.0,1.399999976158142
2025-01-27T20:53:16Z,Run,2025-01-27T21:01:39Z,-8.05334798,-34.95344094,163.0,31.0,1.4199999570846558
2025-01-27T20:53:16Z,Run,2025-01-27T21:01:40Z,-8.05337498,-34.95343561,164.0,31.0,1.4299999475479126
2025-01-27T20:53:16Z,Run,2025-01-27T21:01:41Z,-8.05340431,-34.95343127,163.0,31.0,1.590000033378601
2025-01-27T20:53:16Z,Run,2025-01-27T21:01:42Z,-8.05343731,-34.95342762,163.0,31.0,1.9500000476837158
2025-01-27T20:53:16Z,Run,2025-01-27T21:01:43Z,-8.05347231,-34.95342528,164.0,31.0,2.380000114440918
2025-01-27T20:53:16Z,Run,2025-01-27T21:01:44Z,-8.0535043,-34.95342496,164.0,31.0,2.380000114440918
2025-01-27T20:53:16Z,Run,2025-01-27T21:01:45Z,-8.05353396,-34.95342562,163.0,31.0,2.7699999809265137
2025-01-27T20:53:16Z,Run,2025-01-27T21:01:46Z,-8.05356162,-34.95342762,163.0,31.0,2.990000009536743
2025-01-27T20:53:16Z,Run,2025-01-27T21:01:46Z,-8.05358594,-34.95343194,163.0,87.0,3.049999952316284
2025-01-27T20:53:16Z,Run,2025-01-27T21:01:47Z,-8.05360894,-34.95343594,163.0,87.0,3.059999942779541
2025-01-27T20:53:16Z,Run,2025-01-27T21:01:48Z,-8.05363194,-34.95343827,163.0,87.0,3.059999942779541
2025-01-27T20:53:16Z,Run,2025-01-27T21:01:49Z,-8.0536546,-34.95343893,163.0,87.0,3.059999942779541
2025-01-27T20:53:16Z,Run,2025-01-27T21:01:50Z,-8.05367659,-34.95343959,163.0,87.0,3.009999990463257
2025-01-27T20:53:16Z,Run,2025-01-27T21:01:51Z,-8.05369959,-34.95343926,163.0,87.0,2.9000000953674316
2025-01-27T20:53:16Z,Run,2025-01-27T21:01:52Z,-8.05372225,-34.95343959,163.0,88.0,2.799999952316284
2025-01-27T20:53:16Z,Run,2025-01-27T21:01:53Z,-8.05374458,-34.95344192,164.0,88.0,2.75
2025-01-27T20:53:16Z,Run,2025-01-27T21:01:54Z,-8.05376691,-34.95344759,165.0,88.0,2.740000009536743
2025-01-27T20:53:16Z,Run,2025-01-27T21:01:55Z,-8.0537899,-34.95345624,165.0,88.0,2.740000009536743
2025-01-27T20:53:16Z,Run,2025-01-27T21:01:56Z,-8.05381357,-34.95346557,166.0,88.0,2.7300000190734863
2025-01-27T20:53:16Z,Run,2025-01-27T21:01:57Z,-8.0538379,-34.95347557,166.0,88.0,2.7300000190734863
2025-01-27T20:53:16Z,Run,2025-01-27T21:01:58Z,-8.0538639,-34.95348456,166.0,88.0,2.7300000190734863
2025-01-27T20:53:16Z,Run,2025-01-27T21:01:59Z,-8.05389156,-34.95349088,167.0,88.0,2.75
2025-01-27T20:53:16Z,Run,2025-01-27T21:02:00Z,-8.05391988,-34.95349387,168.0,88.0,2.799999952316284
2025-01-27T20:53:16Z,Run,2025-01-27T21:02:01Z,-8.05395188,-34.95349654,168.0,88.0,2.799999952316284
2025-01-27T20:53:16Z,Run,2025-01-27T21:02:02Z,-8.05398221,-34.95349887,168.0,88.0,2.859999895095825
2025-01-27T20:53:16Z,Run,2025-01-27T21:02:03Z,-8.05400987,-34.95350054,167.0,88.0,2.930000066757202
2025-01-27T20:53:16Z,Run,2025-01-27T21:02:04Z,-8.05403787,-34.95350153,167.0,88.0,2.9700000286102295
2025-01-27T20:53:16Z,Run,2025-01-27T21:02:05Z,-8.05406753,-34.95350319,167.0,88.0,3.0
2025-01-27T20:53:16Z,Run,2025-01-27T21:02:06Z,-8.05409553,-34.95350618,166.0,88.0,3.0299999713897705
2025-01-27T20:53:16Z,Run,2025-01-27T21:02:07Z,-8.05412486,-34.95350684,166.0,88.0,3.0299999713897705
2025-01-27T20:53:16Z,Run,2025-01-27T21:02:08Z,-8.05415285,-34.95350851,165.0,88.0,3.059999942779541
2025-01-27T20:53:16Z,Run,2025-01-27T21:02:09Z,-8.05418152,-34.95350751,164.0,88.0,3.0799999237060547
2025-01-27T20:53:16Z,Run,2025-01-27T21:02:10Z,-8.05420952,-34.95350618,164.0,89.0,3.069999933242798
2025-01-27T20:53:16Z,Run,2025-01-27T21:02:11Z,-8.05423818,-34.95350586,164.0,88.0,3.0299999713897705
2025-01-27T20:53:16Z,Run,2025-01-27T21:02:12Z,-8.05426751,-34.95350586,164.0,88.0,3.0299999713897705
2025-01-27T20:53:16Z,Run,2025-01-27T21:02:13Z,-8.05429751,-34.95350685,164.0,88.0,3.0299999713897705
2025-01-27T20:53:16Z,Run,2025-01-27T21:02:14Z,-8.05432617,-34.95350852,163.0,88.0,3.0399999618530273
2025-01-27T20:53:16Z,Run,2025-01-27T21:02:15Z,-8.05435349,-34.95351184,163.0,88.0,3.0399999618530273
2025-01-27T20:53:16Z,Run,2025-01-27T21:02:16Z,-8.05438016,-34.95351451,163.0,88.0,3.0299999713897705
2025-01-27T20:53:16Z,Run,2025-01-27T21:02:17Z,-8.05440748,-34.95351716,163.0,88.0,3.0299999713897705
2025-01-27T20:53:16Z,Run,2025-01-27T21:02:18Z,-8.0544328,-34.95352015,163.0,88.0,3.0299999713897705
2025-01-27T20:53:16Z,Run,2025-01-27T21:02:19Z,-8.05446147,-34.95352414,163.0,88.0,3.0299999713897705
2025-01-27T20:53:16Z,Run,2025-01-27T21:02:20Z,-8.05449213,-34.95352881,163.0,88.0,3.0299999713897705
2025-01-27T20:53:16Z,Run,2025-01-27T21:02:21Z,-8.05452379,-34.95353313,162.0,88.0,3.0299999713897705
2025-01-27T20:53:16Z,Run,2025-01-27T21:02:22Z,-8.05455345,-34.95353647,162.0,87.0,3.0299999713897705
2025-01-27T20:53:16Z,Run,2025-01-27T21:02:23Z,-8.05457977,-34.95353946,162.0,87.0,3.0199999809265137
2025-01-27T20:53:16Z,Run,2025-01-27T21:02:24Z,-8.0546061,-34.95354611,162.0,87.0,3.0199999809265137
2025-01-27T20:53:16Z,Run,2025-01-27T21:02:25Z,-8.0546281,-34.95356011,162.0,87.0,3.0199999809265137
2025-01-27T20:53:16Z,Run,2025-01-27T21:02:26Z,-8.05464509,-34.95357878,162.0,88.0,3.0199999809265137
2025-01-27T20:53:16Z,Run,2025-01-27T21:02:27Z,-8.05465542,-34.95360111,161.0,88.0,3.009999990463257
2025-01-27T20:53:16Z,Run,2025-01-27T21:02:28Z,-8.05466341,-34.95362877,161.0,88.0,3.009999990463257
2025-01-27T20:53:16Z,Run,2025-01-27T21:02:29Z,-8.05467041,-34.9536571,162.0,88.0,3.009999990463257
2025-01-27T20:53:16Z,Run,2025-01-27T21:02:30Z,-8.0546784,-34.95368544,162.0,88.0,3.0
2025-01-27T20:53:16Z,Run,2025-01-27T21:02:31Z,-8.05468373,-34.95371109,162.0,88.0,3.0
2025-01-27T20:53:16Z,Run,2025-01-27T21:02:32Z,-8.05468872,-34.95373208,162.0,88.0,3.0
2025-01-27T20:53:16Z,Run,2025-01-27T21:02:33Z,-8.05469171,-34.95375175,163.0,89.0,2.990000009536743
2025-01-27T20:53:16Z,Run,2025-01-27T21:02:34Z,-8.05469771,-34.95377142,164.0,88.0,2.990000009536743
2025-01-27T20:53:16Z,Run,2025-01-27T21:02:35Z,-8.0547027,-34.95379308,165.0,88.0,2.9800000190734863
2025-01-27T20:53:16Z,Run,2025-01-27T21:02:36Z,-8.05470404,-34.95381674,165.0,88.0,2.9600000381469727
2025-01-27T20:53:16Z,Run,2025-01-27T21:02:37Z,-8.05470004,-34.95384307,165.0,88.0,2.9600000381469727
2025-01-27T20:53:16Z,Run,2025-01-27T21:02:38Z,-8.05469338,-34.95386873,166.0,88.0,2.940000057220459
2025-01-27T20:53:16Z,Run,2025-01-27T21:02:39Z,-8.05468938,-34.95389073,165.0,87.0,2.5899999141693115
2025-01-27T20:53:16Z,Run,2025-01-27T21:02:40Z,-8.05468806,-34.95390839,165.0,88.0,2.180000066757202
2025-01-27T20:53:16Z,Run,2025-01-27T21:02:41Z,-8.05468871,-34.95392438,165.0,88.0,2.0799999237060547
2025-01-27T20:53:16Z,Run,2025-01-27T21:02:42Z,-8.05468971,-34.95394204,165.0,88.0,2.0399999618530273
2025-01-27T20:53:16Z,Run,2025-01-27T21:02:43Z,-8.05469237,-34.95396171,165.0,88.0,2.0399999618530273
2025-01-27T20:53:16Z,Run,2025-01-27T21:02:44Z,-8.05469937,-34.95398104,165.0,88.0,2.0899999141693115
2025-01-27T20:53:16Z,Run,2025-01-27T21:02:45Z,-8.05471104,-34.95399703,165.0,88.0,2.240000009536743
2025-01-27T20:53:16Z,Run,2025-01-27T21:02:46Z,-8.05472603,-34.9540117,164.0,88.0,2.380000114440918
2025-01-27T20:53:16Z,Run,2025-01-27T21:02:47Z,-8.05474302,-34.95402536,164.0,88.0,2.430000066757202
2025-01-27T20:53:16Z,Run,2025-01-27T21:02:48Z,-8.05476168,-34.95403668,163.0,88.0,2.430000066757202
2025-01-27T20:53:16Z,Run,2025-01-27T21:02:50Z,-8.05478234,-34.95404401,163.0,88.0,2.4600000381469727
2025-01-27T20:53:16Z,Run,2025-01-27T21:02:50Z,-8.054805,-34.95404767,163.0,88.0,2.4600000381469727
2025-01-27T20:53:16Z,Run,2025-01-27T21:02:51Z,-8.05482833,-34.954049,164.0,87.0,2.490000009536743
2025-01-27T20:53:16Z,Run,2025-01-27T21:02:52Z,-8.05485065,-34.95404835,164.0,87.0,2.5
2025-01-27T20:53:16Z,Run,2025-01-27T21:02:53Z,-8.05487065,-34.95404568,164.0,86.0,2.5299999713897705
2025-01-27T20:53:16Z,Run,2025-01-27T21:02:54Z,-8.05488964,-34.95403935,164.0,86.0,2.549999952316284
2025-01-27T20:53:16Z,Run,2025-01-27T21:02:55Z,-8.05490863,-34.95403269,164.0,86.0,2.549999952316284
2025-01-27T20:53:16Z,Run,2025-01-27T21:02:56Z,-8.0549283,-34.95402903,164.0,86.0,2.549999952316284
2025-01-27T20:53:16Z,Run,2025-01-27T21:02:57Z,-8.05494562,-34.95403002,164.0,86.0,2.549999952316284
2025-01-27T20:53:16Z,Run,2025-01-27T21:02:58Z,-8.05496461,-34.95403668,165.0,87.0,2.5299999713897705
2025-01-27T20:53:16Z,Run,2025-01-27T21:02:59Z,-8.05498095,-34.95404868,165.0,87.0,2.490000009536743
2025-01-27T20:53:16Z,Run,2025-01-27T21:03:00Z,-8.05499761,-34.95406434,165.0,89.0,2.4700000286102295
2025-01-27T20:53:16Z,Run,2025-01-27T21:03:02Z,-8.05501261,-34.95408166,165.0,88.0,2.4700000286102295
2025-01-27T20:53:16Z,Run,2025-01-27T21:03:02Z,-8.05502594,-34.95410099,,,
2025-01-27T20:53:16Z,Run,2025-01-27T21:03:03Z,-8.0550376,-34.95412398,166.0,88.0,2.4600000381469727
2025-01-27T20:53:16Z,Run,2025-01-27T21:03:04Z,-8.05504493,-34.95414965,167.0,88.0,2.509999990463257
2025-01-27T20:53:16Z,Run,2025-01-27T21:03:05Z,-8.05504758,-34.95417597,167.0,88.0,2.5899999141693115
2025-01-27T20:53:16Z,Run,2025-01-27T21:03:06Z,-8.05504726,-34.95420364,168.0,88.0,2.6700000762939453
2025-01-27T20:53:16Z,Run,2025-01-27T21:03:07Z,-8.05504459,-34.95423097,168.0,88.0,2.6700000762939453
2025-01-27T20:53:16Z,Run,2025-01-27T21:03:08Z,-8.05504259,-34.95425863,169.0,88.0,2.7699999809265137
2025-01-27T20:53:16Z,Run,2025-01-27T21:03:09Z,-8.05503894,-34.9542863,169.0,88.0,2.8399999141693115
2025-01-27T20:53:16Z,Run,2025-01-27T21:03:10Z,-8.05503494,-34.95431663,169.0,88.0,2.890000104904175
2025-01-27T20:53:16Z,Run,2025-01-27T21:03:11Z,-8.05502927,-34.95434762,169.0,88.0,2.9100000858306885
2025-01-27T20:53:16Z,Run,2025-01-27T21:03:12Z,-8.05502227,-34.95438028,169.0,88.0,2.9100000858306885
2025-01-27T20:53:16Z,Run,2025-01-27T21:03:13Z,-8.05501327,-34.95441094,169.0,87.0,2.940000057220459
2025-01-27T20:53:16Z,Run,2025-01-27T21:03:14Z,-8.05500228,-34.95444128,169.0,87.0,2.940000057220459
2025-01-27T20:53:16Z,Run,2025-01-27T21:03:15Z,-8.05498896,-34.95447293,168.0,87.0,2.9600000381469727
2025-01-27T20:53:16Z,Run,2025-01-27T21:03:16Z,-8.05497496,-34.9545066,169.0,84.0,2.9600000381469727
2025-01-27T20:53:16Z,Run,2025-01-27T21:03:17Z,-8.05496462,-34.95453893,170.0,84.0,2.9700000286102295
2025-01-27T20:53:16Z,Run,2025-01-27T21:03:18Z,-8.05495697,-34.95456927,170.0,84.0,2.9800000190734863
2025-01-27T20:53:16Z,Run,2025-01-27T21:04:11Z,-8.05491164,-34.95488859,159.0,84.0,2.9800000190734863
2025-01-27T20:53:16Z,Run,2025-01-27T21:04:12Z,-8.05491231,-34.95489259,159.0,,2.9800000190734863
2025-01-27T20:53:16Z,Run,2025-01-27T21:04:13Z,-8.05491431,-34.95490158,159.0,,2.9800000190734863
2025-01-27T20:53:16Z,Run,2025-01-27T21:04:14Z,-8.05491398,-34.9549159,160.0,,0.0
2025-01-27T20:53:16Z,Run,2025-01-27T21:04:15Z,-8.05490998,-34.95493023,160.0,,0.0
2025-01-27T20:53:16Z,Run,2025-01-27T21:04:16Z,-8.05490399,-34.95494288,162.0,,0.0
2025-01-27T20:53:16Z,Run,2025-01-27T21:04:17Z,-8.05489465,-34.95495688,164.0,,0.0
2025-01-27T20:53:16Z,Run,2025-01-27T21:04:18Z,-8.05488333,-34.95497322,167.0,,0.0
2025-01-27T20:53:16Z,Run,2025-01-27T21:04:19Z,-8.05487233,-34.95499021,167.0,,0.0
2025-01-27T20:53:16Z,Run,2025-01-27T21:04:20Z,-8.05486333,-34.95500986,168.0,88.0,0.0
2025-01-27T20:53:16Z,Run,2025-01-27T21:04:21Z,-8.05485433,-34.9550312,168.0,88.0,0.0
2025-01-27T20:53:16Z,Run,2025-01-27T21:04:22Z,-8.05484867,-34.95505152,169.0,88.0,1.090000033378601
2025-01-27T20:53:16Z,Run,2025-01-27T21:04:23Z,-8.05484367,-34.95507352,169.0,88.0,2.2899999618530273
2025-01-27T20:53:16Z,Run,2025-01-27T21:04:24Z,-8.05483702,-34.95509951,169.0,88.0,2.4000000953674316
2025-01-27T20:53:16Z,Run,2025-01-27T21:04:25Z,-8.05483068,-34.95512751,168.0,88.0,2.430000066757202
2025-01-27T20:53:16Z,Run,2025-01-27T21:04:26Z,-8.05482436,-34.95515751,167.0,87.0,2.450000047683716
2025-01-27T20:53:16Z,Run,2025-01-27T21:04:27Z,-8.05481804,-34.9551865,167.0,87.0,2.450000047683716
2025-01-27T20:53:16Z,Run,2025-01-27T21:04:28Z,-8.05481137,-34.95521182,166.0,87.0,2.5
2025-01-27T20:53:16Z,Run,2025-01-27T21:04:29Z,-8.05480605,-34.95523515,166.0,86.0,2.5899999141693115
2025-01-27T20:53:16Z,Run,2025-01-27T21:04:30Z,-8.05480038,-34.95525881,166.0,87.0,2.6600000858306885
2025-01-27T20:53:16Z,Run,2025-01-27T21:04:31Z,-8.05479505,-34.95528214,165.0,88.0,2.680000066757202
2025-01-27T20:53:16Z,Run,2025-01-27T21:04:32Z,-8.05478839,-34.95530279,164.0,88.0,2.690000057220459
2025-01-27T20:53:16Z,Run,2025-01-27T21:04:33Z,-8.05477806,-34.95532413,164.0,88.0,2.690000057220459
2025-01-27T20:53:16Z,Run,2025-01-27T21:04:34Z,-8.05476406,-34.95534245,164.0,88.0,2.6600000858306885
2025-01-27T20:53:16Z,Run,2025-01-27T21:04:35Z,-8.05474572,-34.95535845,164.0,87.0,2.619999885559082
2025-01-27T20:53:16Z,Run,2025-01-27T21:04:36Z,-8.05472573,-34.95537311,164.0,87.0,2.609999895095825
2025-01-27T20:53:16Z,Run,2025-01-27T21:04:37Z,-8.05470374,-34.95538677,164.0,87.0,2.609999895095825
2025-01-27T20:53:16Z,Run,2025-01-27T21:04:38Z,-8.05468008,-34.95540143,164.0,88.0,2.619999885559082
2025-01-27T20:53:16Z,Run,2025-01-27T21:04:39Z,-8.05465641,-34.95541676,164.0,88.0,2.619999885559082
2025-01-27T20:53:16Z,Run,2025-01-27T21:04:40Z,-8.05463674,-34.95543209,164.0,88.0,2.640000104904175
2025-01-27T20:53:16Z,Run,2025-01-27T21:04:41Z,-8.05461975,-34.95544842,164.0,88.0,2.6600000858306885
2025-01-27T20:53:16Z,Run,2025-01-27T21:04:42Z,-8.05460742,-34.95546574,165.0,87.0,2.680000066757202
2025-01-27T20:53:16Z,Run,2025-01-27T21:04:43Z,-8.0545971,-34.95548307,165.0,87.0,2.680000066757202
2025-01-27T20:53:16Z,Run,2025-01-27T21:04:44Z,-8.0545911,-34.9555004,165.0,87.0,2.6500000953674316
2025-01-27T20:53:16Z,Run,2025-01-27T21:04:45Z,-8.05458644,-34.95551939,165.0,87.0,2.6500000953674316
2025-01-27T20:53:16Z,Run,2025-01-27T21:04:46Z,-8.05458411,-34.95554205,165.0,88.0,2.569999933242798
2025-01-27T20:53:16Z,Run,2025-01-27T21:04:47Z,-8.05458378,-34.95556471,167.0,88.0,2.4700000286102295
2025-01-27T20:53:16Z,Run,2025-01-27T21:04:48Z,-8.05458544,-34.95558937,168.0,87.0,2.4200000762939453
2025-01-27T20:53:16Z,Run,2025-01-27T21:04:49Z,-8.05458577,-34.95561236,168.0,87.0,2.4200000762939453
2025-01-27T20:53:16Z,Run,2025-01-27T21:04:50Z,-8.05458445,-34.95564003,168.0,88.0,2.4200000762939453
2025-01-27T20:53:16Z,Run,2025-01-27T21:04:51Z,-8.05458178,-34.95566835,168.0,88.0,2.4200000762939453
2025-01-27T20:53:16Z,Run,2025-01-27T21:04:52Z,-8.05458113,-34.95569735,168.0,88.0,2.450000047683716
2025-01-27T20:53:16Z,Run,2025-01-27T21:04:53Z,-8.05458313,-34.95572535,167.0,88.0,2.5
2025-01-27T20:53:16Z,Run,2025-01-27T21:04:54Z,-8.05458378,-34.95575101,166.0,88.0,2.609999895095825
2025-01-27T20:53:16Z,Run,2025-01-27T21:04:56Z,-8.05458411,-34.955774,166.0,87.0,2.7100000381469727
2025-01-27T20:53:16Z,Run,2025-01-27T21:04:57Z,-8.05458543,-34.95579633,167.0,87.0,2.75
2025-01-27T20:53:16Z,Run,2025-01-27T21:04:57Z,-8.05458842,-34.955816,167.0,87.0,2.75
2025-01-27T20:53:16Z,Run,2025-01-27T21:04:58Z,-8.05459509,-34.95583266,167.0,87.0,2.75
2025-01-27T20:53:16Z,Run,2025-01-27T21:04:59Z,-8.05460641,-34.95584633,167.0,88.0,2.75
2025-01-27T20:53:16Z,Run,2025-01-27T21:05:00Z,-8.05462174,-34.95585565,169.0,88.0,2.740000009536743
2025-01-27T20:53:16Z,Run,2025-01-27T21:05:01Z,-8.05463873,-34.95586099,169.0,87.0,2.7200000286102295
2025-01-27T20:53:16Z,Run,2025-01-27T21:05:02Z,-8.05465939,-34.95586332,169.0,87.0,2.700000047683716
2025-01-27T20:53:16Z,Run,2025-01-27T21:05:03Z,-8.05468471,-34.95586332,169.0,87.0,2.700000047683716
2025-01-27T20:53:16Z,Run,2025-01-27T21:05:04Z,-8.05470938,-34.95586199,170.0,88.0,2.6700000762939453
2025-01-27T20:53:16Z,Run,2025-01-27T21:05:05Z,-8.05473571,-34.95586133,170.0,88.0,2.6500000953674316
2025-01-27T20:53:16Z,Run,2025-01-27T21:05:06Z,-8.05476004,-34.95586034,170.0,88.0,2.630000114440918
2025-01-27T20:53:16Z,Run,2025-01-27T21:05:07Z,-8.0547847,-34.95585901,171.0,88.0,2.619999885559082
2025-01-27T20:53:16Z,Run,2025-01-27T21:05:08Z,-8.05481036,-34.95585835,171.0,88.0,2.609999895095825
2025-01-27T20:53:16Z,Run,2025-01-27T21:05:09Z,-8.05483535,-34.95585867,171.0,88.0,2.609999895095825
2025-01-27T20:53:16Z,Run,2025-01-27T21:05:10Z,-8.05485868,-34.95585966,171.0,88.0,2.609999895095825
2025-01-27T20:53:16Z,Run,2025-01-27T21:05:11Z,-8.05488267,-34.95586366,170.0,87.0,2.609999895095825
2025-01-27T20:53:16Z,Run,2025-01-27T21:05:12Z,-8.05490633,-34.95586933,171.0,88.0,2.609999895095825
2025-01-27T20:53:16Z,Run,2025-01-27T21:05:13Z,-8.054932,-34.95587665,172.0,88.0,2.609999895095825
2025-01-27T20:53:16Z,Run,2025-01-27T21:05:14Z,-8.05495599,-34.95588332,172.0,88.0,2.609999895095825
2025-01-27T20:53:16Z,Run,2025-01-27T21:05:15Z,-8.05497998,-34.95588931,172.0,88.0,2.609999895095825
2025-01-27T20:53:16Z,Run,2025-01-27T21:05:16Z,-8.0550003,-34.95589498,172.0,87.0,2.609999895095825
2025-01-27T20:53:16Z,Run,2025-01-27T21:05:17Z,-8.05501963,-34.95590097,172.0,87.0,2.609999895095825
2025-01-27T20:53:16Z,Run,2025-01-27T21:05:18Z,-8.05504262,-34.9559083,172.0,87.0,2.609999895095825
2025-01-27T20:53:16Z,Run,2025-01-27T21:05:19Z,-8.05506596,-34.95591429,172.0,88.0,2.609999895095825
2025-01-27T20:53:16Z,Run,2025-01-27T21:05:20Z,-8.05508896,-34.95591928,172.0,88.0,2.609999895095825
2025-01-27T20:53:16Z,Run,2025-01-27T21:05:21Z,-8.05511662,-34.95592328,172.0,88.0,2.609999895095825
2025-01-27T20:53:16Z,Run,2025-01-27T21:05:22Z,-8.05514595,-34.95592694,172.0,87.0,2.609999895095825
2025-01-27T20:53:16Z,Run,2025-01-27T21:05:23Z,-8.05517528,-34.95592959,173.0,88.0,2.619999885559082
2025-01-27T20:53:16Z,Run,2025-01-27T21:05:24Z,-8.05520294,-34.95593059,174.0,88.0,2.619999885559082
2025-01-27T20:53:16Z,Run,2025-01-27T21:05:25Z,-8.05522493,-34.95593158,175.0,88.0,2.630000114440918
2025-01-27T20:53:16Z,Run,2025-01-27T21:05:26Z,-8.05524493,-34.95593257,176.0,88.0,2.630000114440918
2025-01-27T20:53:16Z,Run,2025-01-27T21:05:27Z,-8.05526392,-34.95593391,176.0,88.0,2.630000114440918
2025-01-27T20:53:16Z,Run,2025-01-27T21:05:28Z,-8.05528224,-34.95593523,176.0,88.0,2.640000104904175
2025-01-27T20:53:16Z,Run,2025-01-27T21:05:29Z,-8.05529957,-34.95593391,175.0,88.0,2.6500000953674316
2025-01-27T20:53:16Z,Run,2025-01-27T21:05:30Z,-8.05531556,-34.95593092,175.0,88.0,2.6500000953674316
2025-01-27T20:53:16Z,Run,2025-01-27T21:05:31Z,-8.05532989,-34.95592793,176.0,86.0,2.6500000953674316
2025-01-27T20:53:16Z,Run,2025-01-27T21:05:32Z,-8.05534622,-34.95592559,177.0,85.0,2.630000114440918
2025-01-27T20:53:16Z,Run,2025-01-27T21:05:33Z,-8.05536054,-34.95592059,177.0,85.0,2.630000114440918
2025-01-27T20:53:16Z,Run,2025-01-27T21:05:34Z,-8.05537321,-34.95591259,178.0,85.0,2.619999885559082
2025-01-27T20:53:16Z,Run,2025-01-27T21:05:35Z,-8.05538621,-34.95590027,178.0,86.0,2.5999999046325684
2025-01-27T20:53:16Z,Run,2025-01-27T21:05:36Z,-8.0553972,-34.95588427,177.0,88.0,2.5799999237060547
2025-01-27T20:53:16Z,Run,2025-01-27T21:05:37Z,-8.05540453,-34.95586695,177.0,88.0,2.25
2025-01-27T20:53:16Z,Run,2025-01-27T21:05:38Z,-8.05541052,-34.95584696,177.0,88.0,1.8899999856948853
2025-01-27T20:53:16Z,Run,2025-01-27T21:05:39Z,-8.05541519,-34.95582663,177.0,88.0,1.8899999856948853
2025-01-27T20:53:16Z,Run,2025-01-27T21:05:40Z,-8.05541885,-34.95580263,176.0,88.0,1.8700000047683716
2025-01-27T20:53:16Z,Run,2025-01-27T21:05:41Z,-8.05542285,-34.95577864,176.0,88.0,1.9500000476837158
2025-01-27T20:53:16Z,Run,2025-01-27T21:05:42Z,-8.05542684,-34.95575898,175.0,88.0,2.0299999713897705
2025-01-27T20:53:16Z,Run,2025-01-27T21:05:43Z,-8.05542949,-34.95574065,174.0,88.0,2.0999999046325684
2025-01-27T20:53:16Z,Run,2025-01-27T21:05:44Z,-8.05542949,-34.95572399,174.0,88.0,2.1500000953674316
2025-01-27T20:53:16Z,Run,2025-01-27T21:05:45Z,-8.0554285,-34.95570799,174.0,88.0,2.1500000953674316
2025-01-27T20:53:16Z,Run,2025-01-27T21:05:46Z,-8.05542785,-34.95569,174.0,88.0,2.1500000953674316
2025-01-27T20:53:16Z,Run,2025-01-27T21:05:47Z,-8.05542552,-34.95567133,171.0,88.0,2.140000104904175
2025-01-27T20:53:16Z,Run,2025-01-27T21:05:48Z,-8.05542386,-34.95565166,172.0,88.0,2.140000104904175
2025-01-27T20:53:16Z,Run,2025-01-27T21:05:49Z,-8.05542287,-34.95563101,173.0,89.0,2.1500000953674316
2025-01-27T20:53:16Z,Run,2025-01-27T21:05:50Z,-8.05542352,-34.95560768,173.0,88.0,2.1500000953674316
2025-01-27T20:53:16Z,Run,2025-01-27T21:05:51Z,-8.05542618,-34.95558268,173.0,88.0,2.1500000953674316
2025-01-27T20:53:16Z,Run,2025-01-27T21:05:52Z,-8.05542851,-34.95555768,173.0,88.0,2.1500000953674316
2025-01-27T20:53:16Z,Run,2025-01-27T21:05:53Z,-8.05543084,-34.95553203,173.0,88.0,2.2100000381469727
2025-01-27T20:53:16Z,Run,2025-01-27T21:05:54Z,-8.05543617,-34.95550637,174.0,88.0,2.3499999046325684
2025-01-27T20:53:16Z,Run,2025-01-27T21:05:56Z,-8.05544116,-34.9554817,,,
2025-01-27T20:53:16Z,Run,2025-01-27T21:05:57Z,-8.05544649,-34.95545704,174.0,88.0,2.5299999713897705
2025-01-27T20:53:16Z,Run,2025-01-27T21:05:57Z,-8.05545182,-34.95543438,174.0,88.0,2.5299999713897705
2025-01-27T20:53:16Z,Run,2025-01-27T21:05:58Z,-8.05545814,-34.95541238,174.0,88.0,2.5899999141693115
2025-01-27T20:53:16Z,Run,2025-01-27T21:05:59Z,-8.05546381,-34.95539072,174.0,89.0,2.5999999046325684
2025-01-27T20:53:16Z,Run,2025-01-27T21:06:00Z,-8.05546781,-34.95536872,175.0,88.0,2.5999999046325684
2025-01-27T20:53:16Z,Run,2025-01-27T21:06:01Z,-8.05547013,-34.95534607,175.0,87.0,2.609999895095825
2025-01-27T20:53:16Z,Run,2025-01-27T21:06:01Z,-8.05547145,-34.95532341,173.0,89.0,2.5999999046325684
2025-01-27T20:53:16Z,Run,2025-01-27T21:06:02Z,-8.05547244,-34.95529974,173.0,89.0,2.5999999046325684
2025-01-27T20:53:16Z,Run,2025-01-27T21:06:03Z,-8.05547477,-34.95527474,173.0,88.0,2.5899999141693115
2025-01-27T20:53:16Z,Run,2025-01-27T21:06:04Z,-8.0554781,-34.95525275,173.0,88.0,2.5799999237060547
2025-01-27T20:53:16Z,Run,2025-01-27T21:06:05Z,-8.05548243,-34.95523109,173.0,87.0,2.569999933242798
2025-01-27T20:53:16Z,Run,2025-01-27T21:06:06Z,-8.05548742,-34.95520575,173.0,88.0,2.549999952316284
2025-01-27T20:53:16Z,Run,2025-01-27T21:06:07Z,-8.05549241,-34.95517976,173.0,88.0,2.569999933242798
2025-01-27T20:53:16Z,Run,2025-01-27T21:06:08Z,-8.05549641,-34.95515343,173.0,88.0,2.569999933242798
2025-01-27T20:53:16Z,Run,2025-01-27T21:06:09Z,-8.05549907,-34.95512777,173.0,88.0,2.609999895095825
2025-01-27T20:53:16Z,Run,2025-01-27T21:06:10Z,-8.05550107,-34.95510277,172.0,88.0,2.6500000953674316
2025-01-27T20:53:16Z,Run,2025-01-27T21:06:11Z,-8.0555014,-34.95507777,170.0,88.0,2.690000057220459
2025-01-27T20:53:16Z,Run,2025-01-27T21:06:12Z,-8.05550239,-34.95505112,169.0,88.0,2.7100000381469727
2025-01-27T20:53:16Z,Run,2025-01-27T21:06:13Z,-8.05550373,-34.95502578,169.0,88.0,2.7100000381469727
2025-01-27T20:53:16Z,Run,2025-01-27T21:06:14Z,-8.05550573,-34.95499979,169.0,88.0,2.7100000381469727
2025-01-27T20:53:16Z,Run,2025-01-27T21:06:15Z,-8.05550705,-34.95497513,169.0,88.0,2.7100000381469727
2025-01-27T20:53:16Z,Run,2025-01-27T21:06:16Z,-8.05550871,-34.95495046,169.0,88.0,2.7100000381469727
2025-01-27T20:53:16Z,Run,2025-01-27T21:06:17Z,-8.05551136,-34.95492647,169.0,88.0,2.7100000381469727
2025-01-27T20:53:16Z,Run,2025-01-27T21:06:18Z,-8.05551403,-34.9549028,169.0,88.0,2.7100000381469727
2025-01-27T20:53:16Z,Run,2025-01-27T21:06:19Z,-8.05551702,-34.95487915,169.0,88.0,2.7100000381469727
2025-01-27T20:53:16Z,Run,2025-01-27T21:06:20Z,-8.05551868,-34.95485515,169.0,88.0,2.7100000381469727
2025-01-27T20:53:16Z,Run,2025-01-27T21:06:21Z,-8.05552068,-34.95483049,169.0,88.0,2.7100000381469727
2025-01-27T20:53:16Z,Run,2025-01-27T21:06:22Z,-8.055523,-34.95480582,168.0,88.0,2.7100000381469727
2025-01-27T20:53:16Z,Run,2025-01-27T21:06:23Z,-8.055524,-34.9547805,168.0,88.0,2.700000047683716
2025-01-27T20:53:16Z,Run,2025-01-27T21:06:24Z,-8.05552467,-34.95475518,169.0,89.0,2.700000047683716
2025-01-27T20:53:16Z,Run,2025-01-27T21:06:25Z,-8.05552532,-34.95472952,169.0,88.0,2.700000047683716
2025-01-27T20:53:16Z,Run,2025-01-27T21:06:26Z,-8.05552432,-34.95470452,169.0,88.0,2.700000047683716
2025-01-27T20:53:16Z,Run,2025-01-27T21:06:27Z,-8.05552167,-34.95467952,170.0,88.0,2.700000047683716
2025-01-27T20:53:16Z,Run,2025-01-27T21:06:28Z,-8.05551834,-34.95465386,170.0,88.0,2.700000047683716
2025-01-27T20:53:16Z,Run,2025-01-27T21:06:29Z,-8.05551501,-34.95462986,170.0,88.0,2.700000047683716
2025-01-27T20:53:16Z,Run,2025-01-27T21:06:30Z,-8.05551202,-34.95460321,170.0,88.0,2.7100000381469727
2025-01-27T20:53:16Z,Run,2025-01-27T21:06:31Z,-8.05550902,-34.95457687,171.0,88.0,2.7100000381469727
2025-01-27T20:53:16Z,Run,2025-01-27T21:06:32Z,-8.05550603,-34.95455122,171.0,88.0,2.7100000381469727
2025-01-27T20:53:16Z,Run,2025-01-27T21:06:33Z,-8.05550171,-34.95452723,170.0,88.0,2.7100000381469727
2025-01-27T20:53:16Z,Run,2025-01-27T21:06:34Z,-8.05549771,-34.95450424,170.0,89.0,2.7100000381469727
2025-01-27T20:53:16Z,Run,2025-01-27T21:06:35Z,-8.05549505,-34.95448158,170.0,88.0,2.7200000286102295
2025-01-27T20:53:16Z,Run,2025-01-27T21:06:36Z,-8.05549338,-34.95445858,171.0,89.0,2.7200000286102295
2025-01-27T20:53:16Z,Run,2025-01-27T21:06:37Z,-8.05549306,-34.95443559,171.0,88.0,2.7300000190734863
2025-01-27T20:53:16Z,Run,2025-01-27T21:06:38Z,-8.05549572,-34.95441293,171.0,88.0,2.7300000190734863
2025-01-27T20:53:16Z,Run,2025-01-27T21:06:39Z,-8.05550038,-34.95438694,172.0,88.0,2.7300000190734863
2025-01-27T20:53:16Z,Run,2025-01-27T21:06:40Z,-8.05550705,-34.95436129,172.0,88.0,2.7300000190734863
2025-01-27T20:53:16Z,Run,2025-01-27T21:06:41Z,-8.05551237,-34.95433695,172.0,88.0,2.7300000190734863
2025-01-27T20:53:16Z,Run,2025-01-27T21:06:42Z,-8.05551736,-34.95431262,172.0,89.0,2.7300000190734863
2025-01-27T20:53:16Z,Run,2025-01-27T21:06:43Z,-8.05552203,-34.9542883,175.0,88.0,2.7300000190734863
2025-01-27T20:53:16Z,Run,2025-01-27T21:06:44Z,-8.05552669,-34.95426264,175.0,88.0,2.7300000190734863
2025-01-27T20:53:16Z,Run,2025-01-27T21:06:45Z,-8.05553135,-34.95423631,178.0,88.0,2.7300000190734863
2025-01-27T20:53:16Z,Run,2025-01-27T21:06:46Z,-8.05553634,-34.95421032,179.0,88.0,2.7300000190734863
2025-01-27T20:53:16Z,Run,2025-01-27T21:06:47Z,-8.05554234,-34.95418433,179.0,89.0,2.7300000190734863
2025-01-27T20:53:16Z,Run,2025-01-27T21:06:48Z,-8.05554834,-34.954158,179.0,88.0,2.7300000190734863
2025-01-27T20:53:16Z,Run,2025-01-27T21:06:49Z,-8.05555533,-34.95413067,179.0,88.0,2.7300000190734863
2025-01-27T20:53:16Z,Run,2025-01-27T21:06:50Z,-8.05556267,-34.95410334,179.0,88.0,2.7300000190734863
2025-01-27T20:53:16Z,Run,2025-01-27T21:06:51Z,-8.05556766,-34.95407768,179.0,89.0,2.740000009536743
2025-01-27T20:53:16Z,Run,2025-01-27T21:06:52Z,-8.05557165,-34.95405335,180.0,88.0,2.740000009536743
2025-01-27T20:53:16Z,Run,2025-01-27T21:06:53Z,-8.05557297,-34.95402936,180.0,88.0,2.75
2025-01-27T20:53:16Z,Run,2025-01-27T21:06:55Z,-8.05557397,-34.95400569,,,
2025-01-27T20:53:16Z,Run,2025-01-27T21:06:56Z,-8.05557597,-34.95398237,180.0,88.0,2.7699999809265137
2025-01-27T20:53:16Z,Run,2025-01-27T21:06:56Z,-8.05557863,-34.95395604,180.0,88.0,2.7699999809265137
2025-01-27T20:53:16Z,Run,2025-01-27T21:06:57Z,-8.05558096,-34.95393005,180.0,88.0,2.7699999809265137
2025-01-27T20:53:16Z,Run,2025-01-27T21:06:58Z,-8.05558395,-34.95390572,179.0,88.0,2.7699999809265137
2025-01-27T20:53:16Z,Run,2025-01-27T21:06:59Z,-8.05558462,-34.95388372,179.0,88.0,2.7799999713897705
2025-01-27T20:53:16Z,Run,2025-01-27T21:07:00Z,-8.05558328,-34.95386106,180.0,89.0,2.7799999713897705
2025-01-27T20:53:16Z,Run,2025-01-27T21:07:01Z,-8.05558063,-34.95384107,180.0,88.0,2.7899999618530273
2025-01-27T20:53:16Z,Run,2025-01-27T21:07:02Z,-8.05557564,-34.95382507,180.0,88.0,2.7899999618530273
2025-01-27T20:53:16Z,Run,2025-01-27T21:07:03Z,-8.05556731,-34.95381141,181.0,89.0,2.7899999618530273
2025-01-27T20:53:16Z,Run,2025-01-27T21:07:04Z,-8.05555531,-34.95380007,182.0,88.0,2.7899999618530273
2025-01-27T20:53:16Z,Run,2025-01-27T21:07:05Z,-8.05553966,-34.95378907,182.0,88.0,2.7799999713897705
2025-01-27T20:53:16Z,Run,2025-01-27T21:07:06Z,-8.05552499,-34.95377975,182.0,89.0,2.7699999809265137
2025-01-27T20:53:16Z,Run,2025-01-27T21:07:07Z,-8.05550899,-34.95376942,180.0,89.0,2.7699999809265137
2025-01-27T20:53:16Z,Run,2025-01-27T21:07:08Z,-8.05549333,-34.95375876,180.0,89.0,2.7699999809265137
2025-01-27T20:53:16Z,Run,2025-01-27T21:07:09Z,-8.05547933,-34.95374609,179.0,88.0,2.75
2025-01-27T20:53:16Z,Run,2025-01-27T21:07:10Z,-8.05546568,-34.9537291,179.0,88.0,2.7300000190734863
2025-01-27T20:53:16Z,Run,2025-01-27T21:07:11Z,-8.05545434,-34.95371078,179.0,88.0,2.7200000286102295
2025-01-27T20:53:16Z,Run,2025-01-27T21:07:12Z,-8.05544235,-34.95369211,179.0,88.0,2.7100000381469727
2025-01-27T20:53:16Z,Run,2025-01-27T21:07:13Z,-8.05542903,-34.95367578,179.0,88.0,2.690000057220459
2025-01-27T20:53:16Z,Run,2025-01-27T21:07:14Z,-8.05541204,-34.95366012,179.0,88.0,2.690000057220459
2025-01-27T20:53:16Z,Run,2025-01-27T21:07:15Z,-8.05539337,-34.95364812,179.0,88.0,2.680000066757202
2025-01-27T20:53:16Z,Run,2025-01-27T21:07:16Z,-8.05537172,-34.95363813,180.0,88.0,2.6700000762939453
2025-01-27T20:53:16Z,Run,2025-01-27T21:07:17Z,-8.05534872,-34.95362847,180.0,88.0,2.6700000762939453
2025-01-27T20:53:16Z,Run,2025-01-27T21:07:18Z,-8.05532606,-34.95361848,180.0,87.0,2.6600000858306885
2025-01-27T20:53:16Z,Run,2025-01-27T21:07:19Z,-8.05530274,-34.95360448,181.0,88.0,2.6500000953674316
2025-01-27T20:53:16Z,Run,2025-01-27T21:07:20Z,-8.05528075,-34.95358715,181.0,88.0,2.6500000953674316
2025-01-27T20:53:16Z,Run,2025-01-27T21:07:21Z,-8.05526241,-34.95356815,181.0,88.0,2.6500000953674316
2025-01-27T20:53:16Z,Run,2025-01-27T21:07:22Z,-8.05524742,-34.9535475,181.0,88.0,2.6500000953674316
2025-01-27T20:53:16Z,Run,2025-01-27T21:07:23Z,-8.05523476,-34.9535255,181.0,88.0,2.6500000953674316
2025-01-27T20:53:16Z,Run,2025-01-27T21:07:24Z,-8.0552261,-34.9535035,181.0,88.0,2.6500000953674316
2025-01-27T20:53:16Z,Run,2025-01-27T21:07:25Z,-8.05521944,-34.95347883,182.0,88.0,2.6600000858306885
2025-01-27T20:53:16Z,Run,2025-01-27T21:07:26Z,-8.05521344,-34.95345383,182.0,88.0,2.6600000858306885
2025-01-27T20:53:16Z,Run,2025-01-27T21:07:27Z,-8.05520779,-34.95343017,182.0,89.0,2.6600000858306885
2025-01-27T20:53:16Z,Run,2025-01-27T21:07:28Z,-8.05520179,-34.95340418,184.0,88.0,2.6600000858306885
2025-01-27T20:53:16Z,Run,2025-01-27T21:07:29Z,-8.05519513,-34.95337818,184.0,88.0,2.6600000858306885
2025-01-27T20:53:16Z,Run,2025-01-27T21:07:30Z,-8.05518946,-34.95335219,184.0,89.0,2.6700000762939453
2025-01-27T20:53:16Z,Run,2025-01-27T21:07:31Z,-8.05518414,-34.9533282,185.0,88.0,2.6700000762939453
2025-01-27T20:53:16Z,Run,2025-01-27T21:07:32Z,-8.05517981,-34.95330354,185.0,88.0,2.6700000762939453
2025-01-27T20:53:16Z,Run,2025-01-27T21:07:33Z,-8.05517448,-34.95327788,186.0,88.0,2.6700000762939453
2025-01-27T20:53:16Z,Run,2025-01-27T21:07:34Z,-8.05516915,-34.95325256,185.0,88.0,2.6700000762939453
2025-01-27T20:53:16Z,Run,2025-01-27T21:07:35Z,-8.05516416,-34.95322722,184.0,88.0,2.680000066757202
2025-01-27T20:53:16Z,Run,2025-01-27T21:07:36Z,-8.0551605,-34.95320322,183.0,88.0,2.680000066757202
2025-01-27T20:53:16Z,Run,2025-01-27T21:07:37Z,-8.05515751,-34.9531789,183.0,89.0,2.680000066757202
2025-01-27T20:53:16Z,Run,2025-01-27T21:07:39Z,-8.05515551,-34.9531529,183.0,88.0,2.680000066757202
2025-01-27T20:53:16Z,Run,2025-01-27T21:07:39Z,-8.05515618,-34.95312691,183.0,88.0,2.680000066757202
2025-01-27T20:53:16Z,Run,2025-01-27T21:07:40Z,-8.05515784,-34.95310092,182.0,88.0,2.680000066757202
2025-01-27T20:53:16Z,Run,2025-01-27T21:07:41Z,-8.05515916,-34.95307493,182.0,88.0,2.680000066757202
2025-01-27T20:53:16Z,Run,2025-01-27T21:07:42Z,-8.05515916,-34.95304961,181.0,88.0,2.680000066757202
2025-01-27T20:53:16Z,Run,2025-01-27T21:07:43Z,-8.05515716,-34.95302427,181.0,88.0,2.690000057220459
2025-01-27T20:53:16Z,Run,2025-01-27T21:07:44Z,-8.0551535,-34.95299994,181.0,88.0,2.690000057220459
2025-01-27T20:53:16Z,Run,2025-01-27T21:07:45Z,-8.05515085,-34.95297728,181.0,88.0,2.690000057220459
2025-01-27T20:53:16Z,Run,2025-01-27T21:07:46Z,-8.05514885,-34.95295628,181.0,88.0,2.690000057220459
2025-01-27T20:53:16Z,Run,2025-01-27T21:07:47Z,-8.05514619,-34.95293763,180.0,88.0,2.740000009536743
2025-01-27T20:53:16Z,Run,2025-01-27T21:07:48Z,-8.05514486,-34.95292163,180.0,88.0,2.7699999809265137
2025-01-27T20:53:16Z,Run,2025-01-27T21:07:49Z,-8.05514486,-34.95290796,180.0,88.0,2.680000066757202
2025-01-27T20:53:16Z,Run,2025-01-27T21:07:50Z,-8.05514519,-34.95289564,181.0,88.0,2.4800000190734863
2025-01-27T20:53:16Z,Run,2025-01-27T21:07:51Z,-8.05514685,-34.95288297,181.0,88.0,2.4800000190734863
2025-01-27T20:53:16Z,Run,2025-01-27T21:07:52Z,-8.05515085,-34.95287031,185.0,88.0,2.1500000953674316
2025-01-27T20:53:16Z,Run,2025-01-27T21:07:53Z,-8.05515317,-34.95285832,186.0,88.0,1.7799999713897705
2025-01-27T20:53:16Z,Run,2025-01-27T21:07:54Z,-8.05515051,-34.952847,187.0,88.0,1.5299999713897705
2025-01-27T20:53:16Z,Run,2025-01-27T21:07:56Z,-8.05514485,-34.952836,187.0,88.0,1.4199999570846558
2025-01-27T20:53:16Z,Run,2025-01-27T21:07:56Z,-8.05513752,-34.95282567,188.0,88.0,1.399999976158142
2025-01-27T20:53:16Z,Run,2025-01-27T21:07:57Z,-8.05512953,-34.95281467,188.0,88.0,1.399999976158142
2025-01-27T20:53:16Z,Run,2025-01-27T21:07:58Z,-8.05511988,-34.95280501,187.0,88.0,1.4199999570846558
2025-01-27T20:53:16Z,Run,2025-01-27T21:07:59Z,-8.05510922,-34.95279635,187.0,88.0,1.409999966621399
2025-01-27T20:53:16Z,Run,2025-01-27T21:08:00Z,-8.05509856,-34.95278835,186.0,88.0,1.440000057220459
2025-01-27T20:53:16Z,Run,2025-01-27T21:08:01Z,-8.05508923,-34.95277936,188.0,88.0,1.4600000381469727
2025-01-27T20:53:16Z,Run,2025-01-27T21:08:02Z,-8.05508291,-34.95276836,188.0,88.0,1.4500000476837158
2025-01-27T20:53:16Z,Run,2025-01-27T21:08:03Z,-8.05507792,-34.95275603,188.0,88.0,1.4500000476837158
2025-01-27T20:53:16Z,Run,2025-01-27T21:08:04Z,-8.05507459,-34.95274171,187.0,88.0,1.4600000381469727
2025-01-27T20:53:16Z,Run,2025-01-27T21:08:05Z,-8.05507093,-34.95272705,186.0,88.0,1.4700000286102295
2025-01-27T20:53:16Z,Run,2025-01-27T21:08:06Z,-8.0550696,-34.95271172,186.0,32.0,1.4800000190734863
2025-01-27T20:53:16Z,Run,2025-01-27T21:08:07Z,-8.05507059,-34.95269606,186.0,31.0,1.4900000095367432
2025-01-27T20:53:16Z,Run,2025-01-27T21:08:08Z,-8.05507292,-34.9526784,185.0,31.0,1.5099999904632568
2025-01-27T20:53:16Z,Run,2025-01-27T21:08:09Z,-8.05507591,-34.9526604,185.0,31.0,1.5099999904632568
2025-01-27T20:53:16Z,Run,2025-01-27T21:08:10Z,-8.05507856,-34.95264475,183.0,32.0,1.559999942779541
2025-01-27T20:53:16Z,Run,2025-01-27T21:08:11Z,-8.05508123,-34.95263075,183.0,32.0,1.6100000143051147
2025-01-27T20:53:16Z,Run,2025-01-27T21:08:12Z,-8.05508289,-34.95261808,182.0,32.0,1.6299999952316284
2025-01-27T20:53:16Z,Run,2025-01-27T21:08:13Z,-8.05508421,-34.95260642,181.0,31.0,1.6299999952316284
2025-01-27T20:53:16Z,Run,2025-01-27T21:08:14Z,-8.05508488,-34.9525941,180.0,31.0,1.6200000047683716
2025-01-27T20:53:16Z,Run,2025-01-27T21:08:15Z,-8.05508521,-34.95258244,180.0,31.0,1.6200000047683716
2025-01-27T20:53:16Z,Run,2025-01-27T21:08:16Z,-8.05508521,-34.95256811,179.0,32.0,1.5800000429153442
2025-01-27T20:53:16Z,Run,2025-01-27T21:08:17Z,-8.05508488,-34.95255312,180.0,32.0,1.5199999809265137
2025-01-27T20:53:16Z,Run,2025-01-27T21:08:18Z,-8.05508421,-34.95253813,179.0,32.0,1.4900000095367432
2025-01-27T20:53:16Z,Run,2025-01-27T21:08:19Z,-8.05508389,-34.95252081,179.0,31.0,1.4900000095367432
2025-01-27T20:53:16Z,Run,2025-01-27T21:08:20Z,-8.05508589,-34.95250281,179.0,31.0,1.4900000095367432
2025-01-27T20:53:16Z,Run,2025-01-27T21:08:21Z,-8.05508888,-34.95248515,179.0,31.0,1.4900000095367432
2025-01-27T20:53:16Z,Run,2025-01-27T21:08:22Z,-8.05509054,-34.95246948,179.0,31.0,1.5099999904632568
2025-01-27T20:53:16Z,Run,2025-01-27T21:08:23Z,-8.05509087,-34.95245416,179.0,31.0,1.559999942779541
2025-01-27T20:53:16Z,Run,2025-01-27T21:08:24Z,-8.05509054,-34.95243917,178.0,31.0,1.6200000047683716
2025-01-27T20:53:16Z,Run,2025-01-27T21:08:25Z,-8.05508921,-34.9524255,178.0,31.0,1.649999976158142
2025-01-27T20:53:16Z,Run,2025-01-27T21:08:26Z,-8.05508889,-34.9524125,178.0,31.0,1.649999976158142
2025-01-27T20:53:16Z,Run,2025-01-27T21:08:27Z,-8.05508921,-34.95239917,178.0,31.0,1.649999976158142
2025-01-27T20:53:16Z,Run,2025-01-27T21:08:28Z,-8.05508889,-34.95238451,179.0,31.0,1.649999976158142
2025-01-27T20:53:16Z,Run,2025-01-27T21:08:29Z,-8.05508921,-34.95236886,181.0,32.0,1.649999976158142
2025-01-27T20:53:16Z,Run,2025-01-27T21:08:30Z,-8.05509354,-34.95235219,181.0,31.0,1.659999966621399
2025-01-27T20:53:16Z,Run,2025-01-27T21:08:31Z,-8.05510121,-34.95233619,181.0,31.0,1.659999966621399
2025-01-27T20:53:16Z,Run,2025-01-27T21:08:32Z,-8.05511087,-34.95231986,180.0,31.0,1.659999966621399
2025-01-27T20:53:16Z,Run,2025-01-27T21:08:33Z,-8.05512052,-34.95230253,180.0,31.0,1.659999966621399
2025-01-27T20:53:16Z,Run,2025-01-27T21:08:34Z,-8.05512886,-34.95228721,180.0,31.0,1.659999966621399
2025-01-27T20:53:16Z,Run,2025-01-27T21:08:35Z,-8.05513451,-34.95227254,180.0,31.0,1.6699999570846558
2025-01-27T20:53:16Z,Run,2025-01-27T21:08:36Z,-8.05513851,-34.95225888,180.0,30.0,1.6699999570846558
2025-01-27T20:53:16Z,Run,2025-01-27T21:08:37Z,-8.05513984,-34.95224689,180.0,30.0,1.6799999475479126
2025-01-27T20:53:16Z,Run,2025-01-27T21:08:38Z,-8.05513984,-34.95223555,179.0,31.0,1.6799999475479126
2025-01-27T20:53:16Z,Run,2025-01-27T21:08:39Z,-8.05513918,-34.95222455,179.0,31.0,1.6799999475479126
2025-01-27T20:53:16Z,Run,2025-01-27T21:08:40Z,-8.05513885,-34.95221355,178.0,31.0,1.6799999475479126
2025-01-27T20:53:16Z,Run,2025-01-27T21:08:41Z,-8.05514085,-34.9522029,179.0,31.0,1.6799999475479126
2025-01-27T20:53:16Z,Run,2025-01-27T21:08:42Z,-8.0551465,-34.9521929,178.0,31.0,1.6699999570846558
2025-01-27T20:53:16Z,Run,2025-01-27T21:08:43Z,-8.0551545,-34.95218456,177.0,31.0,1.659999966621399
2025-01-27T20:53:16Z,Run,2025-01-27T21:08:44Z,-8.05516549,-34.95217656,176.0,31.0,1.649999976158142
2025-01-27T20:53:16Z,Run,2025-01-27T21:08:45Z,-8.05517716,-34.95216823,176.0,31.0,1.649999976158142
2025-01-27T20:53:16Z,Run,2025-01-27T21:08:46Z,-8.05518782,-34.95215824,174.0,31.0,1.6299999952316284
2025-01-27T20:53:16Z,Run,2025-01-27T21:08:47Z,-8.05519714,-34.95214857,174.0,31.0,1.6200000047683716
2025-01-27T20:53:16Z,Run,2025-01-27T21:08:48Z,-8.05520681,-34.95213725,175.0,31.0,1.6200000047683716
2025-01-27T20:53:16Z,Run,2025-01-27T21:08:49Z,-8.05521546,-34.95212493,176.0,31.0,1.6100000143051147
2025-01-27T20:53:16Z,Run,2025-01-27T21:08:50Z,-8.05522446,-34.95211126,176.0,31.0,1.600000023841858
2025-01-27T20:53:16Z,Run,2025-01-27T21:08:51Z,-8.05523146,-34.9520996,176.0,31.0,1.600000023841858
2025-01-27T20:53:16Z,Run,2025-01-27T21:08:52Z,-8.05523846,-34.9520886,176.0,31.0,1.600000023841858
2025-01-27T20:53:16Z,Run,2025-01-27T21:08:53Z,-8.05524613,-34.95207728,176.0,31.0,1.600000023841858
2025-01-27T20:53:16Z,Run,2025-01-27T21:08:55Z,-8.05525313,-34.95206695,177.0,63.0,1.590000033378601
2025-01-27T20:53:16Z,Run,2025-01-27T21:08:55Z,-8.05525979,-34.95205561,177.0,63.0,1.590000033378601
2025-01-27T20:53:16Z,Run,2025-01-27T21:08:56Z,-8.05526778,-34.95204329,177.0,62.0,1.5800000429153442
2025-01-27T20:53:16Z,Run,2025-01-27T21:08:57Z,-8.05527543,-34.95202863,177.0,65.0,1.5800000429153442
2025-01-27T20:53:16Z,Run,2025-01-27T21:08:58Z,-8.05528077,-34.95201463,177.0,65.0,1.5800000429153442
2025-01-27T20:53:16Z,Run,2025-01-27T21:08:59Z,-8.05528376,-34.95200197,177.0,63.0,1.5800000429153442
2025-01-27T20:53:16Z,Run,2025-01-27T21:09:00Z,-8.05528441,-34.95198998,177.0,63.0,1.5700000524520874
2025-01-27T20:53:16Z,Run,2025-01-27T21:09:01Z,-8.05528342,-34.95197832,176.0,64.0,1.5700000524520874
2025-01-27T20:53:16Z,Run,2025-01-27T21:09:02Z,-8.05528109,-34.95196933,175.0,64.0,1.559999942779541
2025-01-27T20:53:16Z,Run,2025-01-27T21:09:03Z,-8.0552791,-34.95195833,174.0,64.0,1.559999942779541
2025-01-27T20:53:16Z,Run,2025-01-27T21:09:04Z,-8.0552771,-34.95194667,174.0,64.0,1.559999942779541
2025-01-27T20:53:16Z,Run,2025-01-27T21:09:05Z,-8.05527578,-34.95193535,174.0,64.0,1.5499999523162842
2025-01-27T20:53:16Z,Run,2025-01-27T21:09:06Z,-8.05527411,-34.95192402,174.0,64.0,1.5399999618530273
2025-01-27T20:53:16Z,Run,2025-01-27T21:09:07Z,-8.05527312,-34.95191336,175.0,62.0,1.5399999618530273
2025-01-27T20:53:16Z,Run,2025-01-27T21:09:08Z,-8.05527146,-34.95190136,175.0,62.0,1.5299999713897705
2025-01-27T20:53:16Z,Run,2025-01-27T21:09:09Z,-8.0552698,-34.95188937,176.0,62.0,1.5199999809265137
2025-01-27T20:53:16Z,Run,2025-01-27T21:09:10Z,-8.05526881,-34.95187738,176.0,62.0,1.5199999809265137
2025-01-27T20:53:16Z,Run,2025-01-27T21:09:11Z,-8.05526681,-34.95186638,174.0,62.0,1.5099999904632568
2025-01-27T20:53:16Z,Run,2025-01-27T21:09:12Z,-8.05526281,-34.95185571,172.0,62.0,1.5
2025-01-27T20:53:16Z,Run,2025-01-27T21:09:13Z,-8.05525847,-34.95184372,172.0,62.0,1.5
2025-01-27T20:53:16Z,Run,2025-01-27T21:09:14Z,-8.05525615,-34.95183072,172.0,62.0,1.4900000095367432
2025-01-27T20:53:16Z,Run,2025-01-27T21:09:15Z,-8.05525515,-34.95181873,172.0,62.0,1.4800000190734863
2025-01-27T20:53:16Z,Run,2025-01-27T21:09:16Z,-8.05525383,-34.95180807,172.0,62.0,1.4800000190734863
2025-01-27T20:53:16Z,Run,2025-01-27T21:09:17Z,-8.0552525,-34.95179808,172.0,32.0,1.4800000190734863
2025-01-27T20:53:16Z,Run,2025-01-27T21:09:18Z,-8.05524985,-34.95178741,172.0,32.0,1.4700000286102295
2025-01-27T20:53:16Z,Run,2025-01-27T21:09:19Z,-8.05524651,-34.95177609,174.0,32.0,1.4700000286102295
2025-01-27T20:53:16Z,Run,2025-01-27T21:09:20Z,-8.05524419,-34.95176509,174.0,32.0,1.4600000381469727
2025-01-27T20:53:16Z,Run,2025-01-27T21:09:21Z,-8.05524219,-34.95175509,175.0,32.0,1.4500000476837158
2025-01-27T20:53:16Z,Run,2025-01-27T21:09:22Z,-8.05524252,-34.95174375,175.0,32.0,1.4500000476837158
2025-01-27T20:53:16Z,Run,2025-01-27T21:09:23Z,-8.05524418,-34.9517321,174.0,32.0,1.4500000476837158
2025-01-27T20:53:16Z,Run,2025-01-27T21:09:24Z,-8.0552455,-34.95171843,174.0,32.0,1.440000057220459
2025-01-27T20:53:16Z,Run,2025-01-27T21:09:25Z,-8.05524583,-34.95170443,173.0,32.0,1.440000057220459
2025-01-27T20:53:16Z,Run,2025-01-27T21:09:26Z,-8.0552455,-34.95168911,174.0,32.0,1.4299999475479126
2025-01-27T20:53:16Z,Run,2025-01-27T21:09:27Z,-8.0552445,-34.95167378,174.0,32.0,1.4299999475479126
2025-01-27T20:53:16Z,Run,2025-01-27T21:09:28Z,-8.05524351,-34.95165878,174.0,32.0,1.4299999475479126
2025-01-27T20:53:16Z,Run,2025-01-27T21:09:29Z,-8.05524052,-34.95164346,174.0,32.0,1.4299999475479126
2025-01-27T20:53:16Z,Run,2025-01-27T21:09:30Z,-8.05523752,-34.95162946,173.0,32.0,1.4299999475479126
2025-01-27T20:53:16Z,Run,2025-01-27T21:09:31Z,-8.05523353,-34.95161679,172.0,32.0,1.5099999904632568
2025-01-27T20:53:16Z,Run,2025-01-27T21:09:32Z,-8.05522953,-34.95160147,172.0,32.0,1.590000033378601
2025-01-27T20:53:16Z,Run,2025-01-27T21:09:33Z,-8.05522688,-34.95158381,172.0,32.0,1.600000023841858
2025-01-27T20:53:16Z,Run,2025-01-27T21:09:34Z,-8.05522455,-34.95156481,172.0,32.0,1.600000023841858
2025-01-27T20:53:16Z,Run,2025-01-27T21:09:35Z,-8.05522122,-34.95154449,172.0,32.0,1.6200000047683716
2025-01-27T20:53:16Z,Run,2025-01-27T21:09:36Z,-8.05521789,-34.95152249,174.0,32.0,1.6699999570846558
2025-01-27T20:53:16Z,Run,2025-01-27T21:09:37Z,-8.0552149,-34.95149916,175.0,32.0,1.8300000429153442
2025-01-27T20:53:16Z,Run,2025-01-27T21:09:38Z,-8.05521257,-34.9514755,175.0,32.0,2.0899999141693115
2025-01-27T20:53:16Z,Run,2025-01-27T21:09:39Z,-8.05520992,-34.9514535,175.0,32.0,2.359999895095825
2025-01-27T20:53:16Z,Run,2025-01-27T21:09:40Z,-8.05520759,-34.95143018,175.0,32.0,2.359999895095825
2025-01-27T20:53:16Z,Run,2025-01-27T21:09:41Z,-8.05520694,-34.95140652,175.0,32.0,2.559999942779541
2025-01-27T20:53:16Z,Run,2025-01-27T21:09:42Z,-8.05520294,-34.95138319,175.0,88.0,2.6500000953674316
2025-01-27T20:53:16Z,Run,2025-01-27T21:09:43Z,-8.0551986,-34.95136085,175.0,88.0,2.680000066757202
2025-01-27T20:53:16Z,Run,2025-01-27T21:09:44Z,-8.05519561,-34.95133786,174.0,88.0,2.6700000762939453
2025-01-27T20:53:16Z,Run,2025-01-27T21:09:46Z,-8.05519528,-34.95131421,,,
2025-01-27T20:53:16Z,Run,2025-01-27T21:09:47Z,-8.05520061,-34.95129155,174.0,88.0,2.6600000858306885
2025-01-27T20:53:16Z,Run,2025-01-27T21:09:47Z,-8.0552086,-34.95126822,174.0,88.0,2.6600000858306885
2025-01-27T20:53:16Z,Run,2025-01-27T21:09:48Z,-8.05521726,-34.95124356,174.0,88.0,2.640000104904175
2025-01-27T20:53:16Z,Run,2025-01-27T21:09:49Z,-8.05522559,-34.95121756,174.0,88.0,2.6500000953674316
2025-01-27T20:53:16Z,Run,2025-01-27T21:09:50Z,-8.05523293,-34.9511919,174.0,89.0,2.6500000953674316
2025-01-27T20:53:16Z,Run,2025-01-27T21:09:51Z,-8.05524025,-34.95116724,174.0,88.0,2.6500000953674316
2025-01-27T20:53:16Z,Run,2025-01-27T21:09:53Z,-8.05524558,-34.95114325,174.0,88.0,2.6600000858306885
2025-01-27T20:53:16Z,Run,2025-01-27T21:09:53Z,-8.05525125,-34.95111791,,,
2025-01-27T20:53:16Z,Run,2025-01-27T21:09:54Z,-8.05525692,-34.95109058,174.0,89.0,2.680000066757202
2025-01-27T20:53:16Z,Run,2025-01-27T21:09:55Z,-8.05526057,-34.95106326,173.0,89.0,2.7200000286102295
2025-01-27T20:53:16Z,Run,2025-01-27T21:09:56Z,-8.0552629,-34.95103492,173.0,90.0,2.759999990463257
2025-01-27T20:53:16Z,Run,2025-01-27T21:09:57Z,-8.05526623,-34.95100459,173.0,89.0,2.799999952316284
2025-01-27T20:53:16Z,Run,2025-01-27T21:09:59Z,-8.05526956,-34.95097659,173.0,88.0,2.819999933242798
2025-01-27T20:53:16Z,Run,2025-01-27T21:09:59Z,-8.05527223,-34.95094759,173.0,88.0,2.819999933242798
2025-01-27T20:53:16Z,Run,2025-01-27T21:10:01Z,-8.05527355,-34.9509176,172.0,88.0,2.8499999046325684
2025-01-27T20:53:16Z,Run,2025-01-27T21:10:01Z,-8.05527688,-34.95088361,172.0,89.0,2.9000000953674316
2025-01-27T20:53:16Z,Run,2025-01-27T21:10:03Z,-8.05528054,-34.95085229,172.0,89.0,2.950000047683716
2025-01-27T20:53:16Z,Run,2025-01-27T21:10:03Z,-8.05528553,-34.95081962,172.0,89.0,3.0199999809265137
2025-01-27T20:53:16Z,Run,2025-01-27T21:10:05Z,-8.05529253,-34.95078463,172.0,89.0,3.0799999237060547
2025-01-27T20:53:16Z,Run,2025-01-27T21:10:05Z,-8.05529986,-34.95075063,172.0,89.0,3.0799999237060547
2025-01-27T20:53:16Z,Run,2025-01-27T21:10:06Z,-8.05530686,-34.95071797,172.0,89.0,3.1600000858306885
2025-01-27T20:53:16Z,Run,2025-01-27T21:10:07Z,-8.05531885,-34.95068531,172.0,89.0,3.259999990463257
2025-01-27T20:53:16Z,Run,2025-01-27T21:10:08Z,-8.05533051,-34.95065432,172.0,89.0,3.3499999046325684
2025-01-27T20:53:16Z,Run,2025-01-27T21:10:09Z,-8.0553405,-34.95062199,172.0,88.0,3.380000114440918
2025-01-27T20:53:16Z,Run,2025-01-27T21:10:10Z,-8.05534916,-34.95059334,172.0,88.0,3.4200000762939453
2025-01-27T20:53:16Z,Run,2025-01-27T21:10:11Z,-8.05535582,-34.95056467,172.0,88.0,3.4200000762939453
2025-01-27T20:53:16Z,Run,2025-01-27T21:10:12Z,-8.05536182,-34.95054001,171.0,89.0,3.4200000762939453
2025-01-27T20:53:16Z,Run,2025-01-27T21:10:13Z,-8.05536681,-34.95051535,171.0,89.0,3.4200000762939453
2025-01-27T20:53:16Z,Run,2025-01-27T21:10:14Z,-8.05537047,-34.95049035,170.0,89.0,3.4200000762939453
2025-01-27T20:53:16Z,Run,2025-01-27T21:10:15Z,-8.0553728,-34.95046669,170.0,89.0,3.4200000762939453
2025-01-27T20:53:16Z,Run,2025-01-27T21:10:16Z,-8.05537512,-34.95044403,169.0,89.0,3.4000000953674316
2025-01-27T20:53:16Z,Run,2025-01-27T21:10:16Z,-8.05537644,-34.9504207,169.0,89.0,3.4000000953674316
2025-01-27T20:53:16Z,Run,2025-01-27T21:10:17Z,-8.0553781,-34.9503957,168.0,89.0,3.369999885559082
2025-01-27T20:53:16Z,Run,2025-01-27T21:10:18Z,-8.0553791,-34.95037138,168.0,89.0,3.3399999141693115
2025-01-27T20:53:16Z,Run,2025-01-27T21:10:19Z,-8.05537976,-34.95034771,167.0,89.0,3.319999933242798
2025-01-27T20:53:16Z,Run,2025-01-27T21:10:20Z,-8.0553791,-34.95032472,167.0,90.0,3.2799999713897705
2025-01-27T20:53:16Z,Run,2025-01-27T21:10:21Z,-8.0553761,-34.95030173,167.0,89.0,3.259999990463257
2025-01-27T20:53:16Z,Run,2025-01-27T21:10:22Z,-8.05537111,-34.95027706,167.0,89.0,3.259999990463257
2025-01-27T20:53:16Z,Run,2025-01-27T21:10:23Z,-8.05536679,-34.95025273,168.0,89.0,3.2300000190734863
2025-01-27T20:53:16Z,Run,2025-01-27T21:10:24Z,-8.0553618,-34.95022941,168.0,88.0,3.2100000381469727
2025-01-27T20:53:16Z,Run,2025-01-27T21:10:25Z,-8.0553578,-34.95020808,169.0,89.0,3.190000057220459
2025-01-27T20:53:16Z,Run,2025-01-27T21:10:26Z,-8.05535281,-34.95018675,168.0,88.0,3.1700000762939453
2025-01-27T20:53:16Z,Run,2025-01-27T21:10:27Z,-8.05534847,-34.95016676,168.0,88.0,3.1500000953674316
2025-01-27T20:53:16Z,Run,2025-01-27T21:10:28Z,-8.05534415,-34.95014709,168.0,88.0,3.1500000953674316
2025-01-27T20:53:16Z,Run,2025-01-27T21:10:29Z,-8.05533715,-34.95013043,168.0,88.0,3.130000114440918
2025-01-27T20:53:16Z,Run,2025-01-27T21:10:30Z,-8.05532916,-34.9501121,168.0,88.0,3.0999999046325684
2025-01-27T20:53:16Z,Run,2025-01-27T21:10:31Z,-8.05532183,-34.95009044,168.0,88.0,3.0799999237060547
2025-01-27T20:53:16Z,Run,2025-01-27T21:10:32Z,-8.05531549,-34.95006778,168.0,89.0,3.049999952316284
2025-01-27T20:53:16Z,Run,2025-01-27T21:10:33Z,-8.05530917,-34.95004479,167.0,89.0,2.759999990463257
2025-01-27T20:53:16Z,Run,2025-01-27T21:10:34Z,-8.05530217,-34.95002412,167.0,89.0,2.759999990463257
2025-01-27T20:53:16Z,Run,2025-01-27T21:10:35Z,-8.05529317,-34.9500028,166.0,89.0,2.4800000190734863
2025-01-27T20:53:16Z,Run,2025-01-27T21:10:36Z,-8.05528218,-34.94998647,166.0,89.0,2.4800000190734863
2025-01-27T20:53:16Z,Run,2025-01-27T21:10:37Z,-8.05526652,-34.94997347,166.0,89.0,2.490000009536743
2025-01-27T20:53:16Z,Run,2025-01-27T21:10:38Z,-8.05525086,-34.94996381,167.0,89.0,2.5
2025-01-27T20:53:16Z,Run,2025-01-27T21:10:39Z,-8.05523087,-34.94995482,168.0,89.0,2.5
2025-01-27T20:53:16Z,Run,2025-01-27T21:10:40Z,-8.05520954,-34.94994649,168.0,89.0,2.5
2025-01-27T20:53:16Z,Run,2025-01-27T21:10:41Z,-8.05518821,-34.94993715,168.0,88.0,2.5
2025-01-27T20:53:16Z,Run,2025-01-27T21:10:42Z,-8.05516789,-34.94992615,167.0,88.0,2.5
2025-01-27T20:53:16Z,Run,2025-01-27T21:10:43Z,-8.0551489,-34.9499135,167.0,89.0,2.5
2025-01-27T20:53:16Z,Run,2025-01-27T21:10:44Z,-8.05512957,-34.94989851,166.0,89.0,2.509999990463257
2025-01-27T20:53:16Z,Run,2025-01-27T21:10:45Z,-8.05511091,-34.94988484,165.0,89.0,2.5299999713897705
2025-01-27T20:53:16Z,Run,2025-01-27T21:10:46Z,-8.05509425,-34.94987117,165.0,89.0,2.5299999713897705
2025-01-27T20:53:16Z,Run,2025-01-27T21:10:47Z,-8.05507625,-34.94985851,164.0,89.0,2.549999952316284
2025-01-27T20:53:16Z,Run,2025-01-27T21:10:48Z,-8.05505559,-34.94984685,163.0,89.0,2.549999952316284
2025-01-27T20:53:16Z,Run,2025-01-27T21:10:50Z,-8.05503459,-34.94983653,162.0,89.0,2.569999933242798
2025-01-27T20:53:16Z,Run,2025-01-27T21:10:50Z,-8.05501427,-34.94982553,162.0,89.0,2.569999933242798
2025-01-27T20:53:16Z,Run,2025-01-27T21:10:52Z,-8.05499494,-34.94981486,162.0,89.0,2.5799999237060547
2025-01-27T20:53:16Z,Run,2025-01-27T21:10:53Z,-8.05497527,-34.94980386,162.0,89.0,2.569999933242798
2025-01-27T20:53:16Z,Run,2025-01-27T21:10:53Z,-8.05495361,-34.94979254,,,
2025-01-27T20:53:16Z,Run,2025-01-27T21:10:54Z,-8.05493261,-34.9497812,166.0,89.0,2.559999942779541
2025-01-27T20:53:16Z,Run,2025-01-27T21:10:55Z,-8.05491262,-34.94977188,167.0,89.0,2.569999933242798
2025-01-27T20:53:16Z,Run,2025-01-27T21:10:56Z,-8.05488996,-34.94976255,168.0,89.0,2.5899999141693115
2025-01-27T20:53:16Z,Run,2025-01-27T21:10:57Z,-8.05486563,-34.94975455,168.0,89.0,2.5899999141693115
2025-01-27T20:53:16Z,Run,2025-01-27T21:10:58Z,-8.0548413,-34.94974589,168.0,89.0,2.5899999141693115
2025-01-27T20:53:16Z,Run,2025-01-27T21:10:59Z,-8.05481564,-34.9497369,169.0,89.0,2.609999895095825
2025-01-27T20:53:16Z,Run,2025-01-27T21:11:00Z,-8.05479399,-34.94972724,169.0,89.0,2.6500000953674316
2025-01-27T20:53:16Z,Run,2025-01-27T21:11:01Z,-8.05477399,-34.94971724,169.0,88.0,2.680000066757202
2025-01-27T20:53:16Z,Run,2025-01-27T21:11:02Z,-8.05475466,-34.94970492,170.0,88.0,2.680000066757202
2025-01-27T20:53:16Z,Run,2025-01-27T21:11:03Z,-8.05473334,-34.94969125,170.0,88.0,2.6700000762939453
2025-01-27T20:53:16Z,Run,2025-01-27T21:11:04Z,-8.05471201,-34.94967993,170.0,88.0,2.6700000762939453
2025-01-27T20:53:16Z,Run,2025-01-27T21:11:05Z,-8.05469002,-34.94966926,171.0,89.0,2.700000047683716
2025-01-27T20:53:16Z,Run,2025-01-27T21:11:06Z,-8.05466869,-34.9496586,171.0,89.0,2.7300000190734863
2025-01-27T20:53:16Z,Run,2025-01-27T21:11:07Z,-8.05464769,-34.9496476,171.0,89.0,2.7300000190734863
2025-01-27T20:53:16Z,Run,2025-01-27T21:11:08Z,-8.05462536,-34.94963626,171.0,89.0,2.700000047683716
2025-01-27T20:53:16Z,Run,2025-01-27T21:11:09Z,-8.05460504,-34.94962661,171.0,88.0,2.680000066757202
2025-01-27T20:53:16Z,Run,2025-01-27T21:11:10Z,-8.05458371,-34.94961661,171.0,88.0,2.680000066757202
2025-01-27T20:53:16Z,Run,2025-01-27T21:11:11Z,-8.05456172,-34.94960662,170.0,88.0,2.680000066757202
2025-01-27T20:53:16Z,Run,2025-01-27T21:11:12Z,-8.05453872,-34.94959562,170.0,89.0,2.690000057220459
2025-01-27T20:53:16Z,Run,2025-01-27T21:11:13Z,-8.0545184,-34.94958495,170.0,89.0,2.690000057220459
2025-01-27T20:53:16Z,Run,2025-01-27T21:11:14Z,-8.05449808,-34.94957462,170.0,89.0,2.690000057220459
2025-01-27T20:53:16Z,Run,2025-01-27T21:11:15Z,-8.05447808,-34.94956363,170.0,88.0,2.690000057220459
2025-01-27T20:53:16Z,Run,2025-01-27T21:11:16Z,-8.05445742,-34.94955263,170.0,88.0,2.690000057220459
2025-01-27T20:53:16Z,Run,2025-01-27T21:11:17Z,-8.05443642,-34.94954063,170.0,89.0,2.680000066757202
2025-01-27T20:53:16Z,Run,2025-01-27T21:11:19Z,-8.0544161,-34.94952897,171.0,88.0,2.680000066757202
2025-01-27T20:53:16Z,Run,2025-01-27T21:11:19Z,-8.05439711,-34.94951731,171.0,88.0,2.680000066757202
2025-01-27T20:53:16Z,Run,2025-01-27T21:11:20Z,-8.05437745,-34.94950499,171.0,88.0,2.680000066757202
2025-01-27T20:53:16Z,Run,2025-01-27T21:11:21Z,-8.05435678,-34.94949299,172.0,88.0,2.6700000762939453
2025-01-27T20:53:16Z,Run,2025-01-27T21:11:22Z,-8.05433613,-34.94948033,172.0,88.0,2.6700000762939453
2025-01-27T20:53:16Z,Run,2025-01-27T21:11:23Z,-8.05431613,-34.949467,172.0,88.0,2.6700000762939453
2025-01-27T20:53:16Z,Run,2025-01-27T21:11:24Z,-8.05429814,-34.94945434,171.0,89.0,2.6600000858306885
2025-01-27T20:53:16Z,Run,2025-01-27T21:11:25Z,-8.0542798,-34.94944234,171.0,89.0,2.6600000858306885
2025-01-27T20:53:16Z,Run,2025-01-27T21:11:26Z,-8.05426114,-34.94943235,171.0,89.0,2.6500000953674316
2025-01-27T20:53:16Z,Run,2025-01-27T21:11:27Z,-8.05424181,-34.94942269,171.0,89.0,2.6500000953674316
2025-01-27T20:53:16Z,Run,2025-01-27T21:11:28Z,-8.05421982,-34.94941203,171.0,89.0,2.6500000953674316
2025-01-27T20:53:16Z,Run,2025-01-27T21:11:29Z,-8.0541995,-34.94940136,171.0,89.0,2.6500000953674316
2025-01-27T20:53:16Z,Run,2025-01-27T21:11:30Z,-8.0541785,-34.94939103,171.0,89.0,2.6500000953674316
2025-01-27T20:53:16Z,Run,2025-01-27T21:11:31Z,-8.05415717,-34.94937971,171.0,90.0,2.640000104904175
2025-01-27T20:53:16Z,Run,2025-01-27T21:11:32Z,-8.05413551,-34.94936904,171.0,90.0,2.640000104904175
2025-01-27T20:53:16Z,Run,2025-01-27T21:11:33Z,-8.05411418,-34.94935705,171.0,89.0,2.640000104904175
2025-01-27T20:53:16Z,Run,2025-01-27T21:11:34Z,-8.05409419,-34.94934439,171.0,89.0,2.640000104904175
2025-01-27T20:53:16Z,Run,2025-01-27T21:11:35Z,-8.05407153,-34.94933106,171.0,89.0,2.640000104904175
2025-01-27T20:53:16Z,Run,2025-01-27T21:11:36Z,-8.0540492,-34.94931806,171.0,89.0,2.640000104904175
2025-01-27T20:53:16Z,Run,2025-01-27T21:11:37Z,-8.05402654,-34.94930607,171.0,89.0,2.640000104904175
2025-01-27T20:53:16Z,Run,2025-01-27T21:11:38Z,-8.05400587,-34.9492954,171.0,89.0,2.6500000953674316
2025-01-27T20:53:16Z,Run,2025-01-27T21:11:39Z,-8.05398255,-34.94928474,171.0,89.0,2.6500000953674316
2025-01-27T20:53:16Z,Run,2025-01-27T21:11:40Z,-8.05395989,-34.94927374,171.0,89.0,2.6500000953674316
2025-01-27T20:53:16Z,Run,2025-01-27T21:11:41Z,-8.05393824,-34.94926275,171.0,89.0,2.6500000953674316
2025-01-27T20:53:16Z,Run,2025-01-27T21:11:42Z,-8.05391691,-34.94925141,172.0,90.0,2.6600000858306885
2025-01-27T20:53:16Z,Run,2025-01-27T21:11:43Z,-8.05389625,-34.94924009,172.0,89.0,2.6600000858306885
2025-01-27T20:53:16Z,Run,2025-01-27T21:11:44Z,-8.05387592,-34.94922809,171.0,89.0,2.6700000762939453
2025-01-27T20:53:16Z,Run,2025-01-27T21:11:45Z,-8.05385659,-34.9492151,171.0,89.0,2.6700000762939453
2025-01-27T20:53:16Z,Run,2025-01-27T21:11:46Z,-8.05383692,-34.94920143,171.0,89.0,2.6700000762939453
2025-01-27T20:53:16Z,Run,2025-01-27T21:11:47Z,-8.05381793,-34.94918843,171.0,89.0,2.6700000762939453
2025-01-27T20:53:16Z,Run,2025-01-27T21:11:48Z,-8.05379628,-34.9491751,170.0,89.0,2.6700000762939453
2025-01-27T20:53:16Z,Run,2025-01-27T21:11:49Z,-8.05377395,-34.94916211,170.0,89.0,2.6700000762939453
2025-01-27T20:53:16Z,Run,2025-01-27T21:11:50Z,-8.05375295,-34.94914944,171.0,89.0,2.680000066757202
2025-01-27T20:53:16Z,Run,2025-01-27T21:11:51Z,-8.05373195,-34.94913645,172.0,89.0,2.680000066757202
2025-01-27T20:53:16Z,Run,2025-01-27T21:11:52Z,-8.05370829,-34.94912345,172.0,89.0,2.680000066757202
2025-01-27T20:53:16Z,Run,2025-01-27T21:11:53Z,-8.05368495,-34.9491108,173.0,88.0,2.680000066757202
2025-01-27T20:53:16Z,Run,2025-01-27T21:11:54Z,-8.05366129,-34.94909846,175.0,88.0,2.680000066757202
2025-01-27T20:53:16Z,Run,2025-01-27T21:11:55Z,-8.05364029,-34.94908746,175.0,88.0,2.680000066757202
2025-01-27T20:53:16Z,Run,2025-01-27T21:11:56Z,-8.05361896,-34.94907581,175.0,88.0,2.680000066757202
2025-01-27T20:53:16Z,Run,2025-01-27T21:11:57Z,-8.05359597,-34.94906348,175.0,89.0,2.680000066757202
2025-01-27T20:53:16Z,Run,2025-01-27T21:11:58Z,-8.05357497,-34.94905315,175.0,89.0,2.680000066757202
2025-01-27T20:53:16Z,Run,2025-01-27T21:11:59Z,-8.05355465,-34.94904282,175.0,89.0,2.680000066757202
2025-01-27T20:53:16Z,Run,2025-01-27T21:12:00Z,-8.05353399,-34.94903148,178.0,89.0,2.680000066757202
2025-01-27T20:53:16Z,Run,2025-01-27T21:12:01Z,-8.05351367,-34.94901949,178.0,89.0,2.690000057220459
2025-01-27T20:53:16Z,Run,2025-01-27T21:12:02Z,-8.053493,-34.94900883,178.0,89.0,2.690000057220459
2025-01-27T20:53:16Z,Run,2025-01-27T21:12:03Z,-8.05347067,-34.94899817,178.0,89.0,2.680000066757202
2025-01-27T20:53:16Z,Run,2025-01-27T21:12:04Z,-8.05344868,-34.9489885,178.0,89.0,2.680000066757202
2025-01-27T20:53:16Z,Run,2025-01-27T21:12:05Z,-8.05342736,-34.94897817,178.0,89.0,2.680000066757202
2025-01-27T20:53:16Z,Run,2025-01-27T21:12:06Z,-8.05340702,-34.94896651,177.0,89.0,2.680000066757202
2025-01-27T20:53:16Z,Run,2025-01-27T21:12:07Z,-8.0533867,-34.94895285,176.0,89.0,2.680000066757202
2025-01-27T20:53:16Z,Run,2025-01-27T21:12:09Z,-8.0533687,-34.94894052,176.0,90.0,2.680000066757202
2025-01-27T20:53:16Z,Run,2025-01-27T21:12:09Z,-8.05335004,-34.94892787,176.0,90.0,2.680000066757202
2025-01-27T20:53:16Z,Run,2025-01-27T21:12:11Z,-8.05333005,-34.94891587,177.0,89.0,2.680000066757202
2025-01-27T20:53:16Z,Run,2025-01-27T21:12:11Z,-8.05330872,-34.94890354,177.0,89.0,2.680000066757202
2025-01-27T20:53:16Z,Run,2025-01-27T21:12:12Z,-8.05328905,-34.94889155,179.0,89.0,2.680000066757202
2025-01-27T20:53:16Z,Run,2025-01-27T21:12:13Z,-8.05326805,-34.94887955,180.0,88.0,2.680000066757202
2025-01-27T20:53:16Z,Run,2025-01-27T21:12:14Z,-8.05324973,-34.94886923,180.0,88.0,2.680000066757202
2025-01-27T20:53:16Z,Run,2025-01-27T21:12:15Z,-8.05323074,-34.94885923,180.0,88.0,2.680000066757202
2025-01-27T20:53:16Z,Run,2025-01-27T21:12:16Z,-8.05321075,-34.94884757,180.0,88.0,2.680000066757202
2025-01-27T20:53:16Z,Run,2025-01-27T21:12:17Z,-8.05319043,-34.94883457,180.0,88.0,2.680000066757202
2025-01-27T20:53:16Z,Run,2025-01-27T21:12:18Z,-8.05316844,-34.94882057,179.0,89.0,2.680000066757202
2025-01-27T20:53:16Z,Run,2025-01-27T21:12:19Z,-8.05314777,-34.94880792,178.0,89.0,2.680000066757202
2025-01-27T20:53:16Z,Run,2025-01-27T21:12:20Z,-8.05312611,-34.94879559,176.0,89.0,2.680000066757202
2025-01-27T20:53:16Z,Run,2025-01-27T21:12:21Z,-8.05310446,-34.94878326,174.0,88.0,2.680000066757202
2025-01-27T20:53:16Z,Run,2025-01-27T21:12:22Z,-8.05308346,-34.94877259,174.0,88.0,2.680000066757202
2025-01-27T20:53:16Z,Run,2025-01-27T21:12:23Z,-8.05306213,-34.94876194,174.0,88.0,2.680000066757202
2025-01-27T20:53:16Z,Run,2025-01-27T21:12:24Z,-8.05304013,-34.94875094,172.0,88.0,2.680000066757202
2025-01-27T20:53:16Z,Run,2025-01-27T21:12:25Z,-8.05301781,-34.9487396,170.0,88.0,2.680000066757202
2025-01-27T20:53:16Z,Run,2025-01-27T21:12:26Z,-8.05299348,-34.94872828,169.0,88.0,2.680000066757202
2025-01-27T20:53:16Z,Run,2025-01-27T21:12:27Z,-8.05296915,-34.94871761,169.0,88.0,2.680000066757202
2025-01-27T20:53:16Z,Run,2025-01-27T21:12:28Z,-8.05294749,-34.94870629,169.0,89.0,2.680000066757202
2025-01-27T20:53:16Z,Run,2025-01-27T21:12:29Z,-8.05292716,-34.9486943,169.0,89.0,2.680000066757202
2025-01-27T20:53:16Z,Run,2025-01-27T21:12:30Z,-8.05290783,-34.94868263,169.0,89.0,2.680000066757202
2025-01-27T20:53:16Z,Run,2025-01-27T21:12:31Z,-8.05288784,-34.94867031,169.0,88.0,2.690000057220459
2025-01-27T20:53:16Z,Run,2025-01-27T21:12:32Z,-8.05286851,-34.94865931,169.0,88.0,2.690000057220459
2025-01-27T20:53:16Z,Run,2025-01-27T21:12:33Z,-8.05285118,-34.94864864,169.0,89.0,2.690000057220459
2025-01-27T20:53:16Z,Run,2025-01-27T21:12:34Z,-8.05283286,-34.94863599,170.0,89.0,2.690000057220459
2025-01-27T20:53:16Z,Run,2025-01-27T21:12:35Z,-8.05281353,-34.94862199,170.0,89.0,2.690000057220459
2025-01-27T20:53:16Z,Run,2025-01-27T21:12:36Z,-8.05279553,-34.94861,170.0,89.0,2.690000057220459
2025-01-27T20:53:16Z,Run,2025-01-27T21:12:37Z,-8.05277687,-34.948599,171.0,89.0,2.690000057220459
2025-01-27T20:53:16Z,Run,2025-01-27T21:12:38Z,-8.05275887,-34.94858966,171.0,88.0,2.680000066757202
2025-01-27T20:53:16Z,Run,2025-01-27T21:12:39Z,-8.05274088,-34.94858067,171.0,88.0,2.680000066757202
2025-01-27T20:53:16Z,Run,2025-01-27T21:12:40Z,-8.05272221,-34.94857102,171.0,88.0,2.680000066757202
2025-01-27T20:53:16Z,Run,2025-01-27T21:12:41Z,-8.05270356,-34.94856102,171.0,88.0,2.680000066757202
2025-01-27T20:53:16Z,Run,2025-01-27T21:12:42Z,-8.05268457,-34.94854968,171.0,88.0,2.6700000762939453
2025-01-27T20:53:16Z,Run,2025-01-27T21:12:43Z,-8.05266523,-34.94853669,170.0,88.0,2.6600000858306885
2025-01-27T20:53:16Z,Run,2025-01-27T21:12:44Z,-8.05264157,-34.94852003,169.0,88.0,2.6500000953674316
2025-01-27T20:53:16Z,Run,2025-01-27T21:12:45Z,-8.05261991,-34.94850403,169.0,89.0,2.6500000953674316
2025-01-27T20:53:16Z,Run,2025-01-27T21:12:46Z,-8.05259991,-34.9484887,169.0,89.0,2.640000104904175
2025-01-27T20:53:16Z,Run,2025-01-27T21:12:47Z,-8.05258025,-34.94847504,169.0,89.0,2.640000104904175
2025-01-27T20:53:16Z,Run,2025-01-27T21:12:48Z,-8.05256126,-34.94846137,169.0,89.0,2.640000104904175
2025-01-27T20:53:16Z,Run,2025-01-27T21:12:49Z,-8.05254193,-34.9484477,169.0,89.0,2.640000104904175
2025-01-27T20:53:16Z,Run,2025-01-27T21:12:50Z,-8.05252226,-34.94843404,168.0,89.0,2.630000114440918
2025-01-27T20:53:16Z,Run,2025-01-27T21:12:52Z,-8.0525036,-34.94842104,168.0,89.0,2.630000114440918
2025-01-27T20:53:16Z,Run,2025-01-27T21:12:52Z,-8.05248227,-34.94840838,168.0,89.0,2.630000114440918
2025-01-27T20:53:16Z,Run,2025-01-27T21:12:54Z,-8.05246095,-34.94839571,168.0,89.0,2.630000114440918
2025-01-27T20:53:16Z,Run,2025-01-27T21:12:54Z,-8.05244063,-34.94838306,,,
2025-01-27T20:53:16Z,Run,2025-01-27T21:12:55Z,-8.05242263,-34.94837006,166.0,89.0,2.630000114440918
2025-01-27T20:53:16Z,Run,2025-01-27T21:12:56Z,-8.05240264,-34.9483554,166.0,89.0,2.630000114440918
2025-01-27T20:53:16Z,Run,2025-01-27T21:12:57Z,-8.05238464,-34.94834108,165.0,90.0,2.630000114440918
2025-01-27T20:53:16Z,Run,2025-01-27T21:12:58Z,-8.05236465,-34.94832441,165.0,90.0,2.630000114440918
2025-01-27T20:53:16Z,Run,2025-01-27T21:12:59Z,-8.05234532,-34.94830942,165.0,90.0,2.630000114440918
2025-01-27T20:53:16Z,Run,2025-01-27T21:13:00Z,-8.05232566,-34.9482921,164.0,90.0,2.630000114440918
2025-01-27T20:53:16Z,Run,2025-01-27T21:13:01Z,-8.052307,-34.94827343,164.0,90.0,2.630000114440918
2025-01-27T20:53:16Z,Run,2025-01-27T21:13:02Z,-8.05229134,-34.94825277,165.0,89.0,2.630000114440918
2025-01-27T20:53:16Z,Run,2025-01-27T21:13:03Z,-8.05227901,-34.94823111,164.0,89.0,2.630000114440918
2025-01-27T20:53:16Z,Run,2025-01-27T21:13:04Z,-8.05227134,-34.94820911,164.0,89.0,2.630000114440918
2025-01-27T20:53:16Z,Run,2025-01-27T21:13:05Z,-8.05226602,-34.94818477,164.0,89.0,2.630000114440918
2025-01-27T20:53:16Z,Run,2025-01-27T21:13:06Z,-8.05226169,-34.94815945,165.0,89.0,2.630000114440918
2025-01-27T20:53:16Z,Run,2025-01-27T21:13:07Z,-8.05225803,-34.94813246,165.0,89.0,2.630000114440918
2025-01-27T20:53:16Z,Run,2025-01-27T21:13:08Z,-8.05225437,-34.94810546,165.0,87.0,2.630000114440918
2025-01-27T20:53:16Z,Run,2025-01-27T21:13:09Z,-8.05225038,-34.94808247,165.0,86.0,2.630000114440918
2025-01-27T20:53:16Z,Run,2025-01-27T21:13:10Z,-8.05224605,-34.94805648,165.0,86.0,2.630000114440918
2025-01-27T20:53:16Z,Run,2025-01-27T21:13:11Z,-8.05224206,-34.94802981,165.0,86.0,2.630000114440918
2025-01-27T20:53:16Z,Run,2025-01-27T21:13:12Z,-8.05223873,-34.94800382,165.0,87.0,2.630000114440918
2025-01-27T20:53:16Z,Run,2025-01-27T21:13:13Z,-8.05223606,-34.94797916,166.0,87.0,2.640000104904175
2025-01-27T20:53:16Z,Run,2025-01-27T21:13:14Z,-8.05223606,-34.94795382,166.0,86.0,2.640000104904175
2025-01-27T20:53:16Z,Run,2025-01-27T21:13:16Z,-8.05223639,-34.94792817,168.0,86.0,2.6500000953674316
2025-01-27T20:53:16Z,Run,2025-01-27T21:13:16Z,-8.05223772,-34.94790418,168.0,86.0,2.6500000953674316
2025-01-27T20:53:16Z,Run,2025-01-27T21:13:17Z,-8.05223872,-34.94788451,168.0,86.0,2.6500000953674316
2025-01-27T20:53:16Z,Run,2025-01-27T21:13:18Z,-8.05223937,-34.94786651,168.0,86.0,2.6500000953674316
2025-01-27T20:53:16Z,Run,2025-01-27T21:13:19Z,-8.05224236,-34.94784919,168.0,86.0,2.7300000190734863
2025-01-27T20:53:16Z,Run,2025-01-27T21:13:20Z,-8.05224602,-34.94783319,168.0,86.0,2.6700000762939453
2025-01-27T20:53:16Z,Run,2025-01-27T21:13:21Z,-8.05224769,-34.94781919,168.0,86.0,2.380000114440918
2025-01-27T20:53:16Z,Run,2025-01-27T21:13:22Z,-8.05224801,-34.94780853,168.0,86.0,2.059999942779541
2025-01-27T20:53:16Z,Run,2025-01-27T21:13:24Z,-8.05224901,-34.94779053,168.0,86.0,1.809999942779541
2025-01-27T20:53:16Z,Run,2025-01-27T21:13:26Z,-8.05225033,-34.94779253,170.0,86.0,1.5499999523162842
2025-01-27T20:53:16Z,Run,2025-01-27T21:13:26Z,-8.05225399,-34.94779652,170.0,86.0,1.5499999523162842
2025-01-27T20:53:16Z,Run,2025-01-27T21:13:27Z,-8.05226365,-34.94780252,168.0,86.0,1.2899999618530273
2025-01-27T20:53:16Z,Run,2025-01-27T21:13:28Z,-8.05227265,-34.94781251,168.0,86.0,1.0800000429153442
2025-01-27T20:53:16Z,Run,2025-01-27T21:13:30Z,-8.05227998,-34.94782584,169.0,87.0,1.0499999523162842
2025-01-27T20:53:16Z,Run,2025-01-27T21:13:30Z,-8.05228565,-34.9478415,169.0,87.0,1.0499999523162842
2025-01-27T20:53:16Z,Run,2025-01-27T21:13:31Z,-8.0522893,-34.94785917,169.0,87.0,1.0499999523162842
2025-01-27T20:53:16Z,Run,2025-01-27T21:13:32Z,-8.05229296,-34.94787916,171.0,88.0,1.0800000429153442
2025-01-27T20:53:16Z,Run,2025-01-27T21:13:33Z,-8.05229662,-34.94790149,171.0,88.0,1.3799999952316284
2025-01-27T20:53:16Z,Run,2025-01-27T21:13:34Z,-8.05230161,-34.94792448,170.0,89.0,1.7899999618530273
2025-01-27T20:53:16Z,Run,2025-01-27T21:13:35Z,-8.05230793,-34.9479498,170.0,88.0,2.059999942779541
2025-01-27T20:53:16Z,Run,2025-01-27T21:13:36Z,-8.0523146,-34.94797414,170.0,88.0,2.059999942779541
2025-01-27T20:53:16Z,Run,2025-01-27T21:13:37Z,-8.05232192,-34.94799846,169.0,88.0,2.259999990463257
2025-01-27T20:53:16Z,Run,2025-01-27T21:13:38Z,-8.05233025,-34.94802145,169.0,88.0,2.369999885559082
2025-01-27T20:53:16Z,Run,2025-01-27T21:13:39Z,-8.05233725,-34.94804512,169.0,88.0,2.4600000381469727
2025-01-27T20:53:16Z,Run,2025-01-27T21:13:40Z,-8.05234325,-34.94807044,169.0,88.0,2.559999942779541
2025-01-27T20:53:16Z,Run,2025-01-27T21:13:41Z,-8.05234958,-34.94809777,169.0,88.0,2.6500000953674316
2025-01-27T20:53:16Z,Run,2025-01-27T21:13:42Z,-8.05235591,-34.94812376,169.0,88.0,2.6500000953674316
2025-01-27T20:53:16Z,Run,2025-01-27T21:13:43Z,-8.05236123,-34.94815309,167.0,88.0,2.7100000381469727
2025-01-27T20:53:16Z,Run,2025-01-27T21:13:44Z,-8.05236423,-34.94818075,167.0,88.0,2.7300000190734863
2025-01-27T20:53:16Z,Run,2025-01-27T21:13:45Z,-8.05236822,-34.94820775,166.0,88.0,2.759999990463257
2025-01-27T20:53:16Z,Run,2025-01-27T21:13:46Z,-8.05237555,-34.94823275,166.0,88.0,2.799999952316284
2025-01-27T20:53:16Z,Run,2025-01-27T21:13:47Z,-8.05238821,-34.94825574,165.0,88.0,2.799999952316284
2025-01-27T20:53:16Z,Run,2025-01-27T21:13:48Z,-8.0524032,-34.94827473,165.0,88.0,2.799999952316284
2025-01-27T20:53:16Z,Run,2025-01-27T21:13:49Z,-8.05242087,-34.94829407,164.0,88.0,2.799999952316284
2025-01-27T20:53:16Z,Run,2025-01-27T21:13:50Z,-8.05243854,-34.94830973,164.0,88.0,2.799999952316284
2025-01-27T20:53:16Z,Run,2025-01-27T21:13:51Z,-8.0524572,-34.94832506,163.0,88.0,2.7799999713897705
2025-01-27T20:53:16Z,Run,2025-01-27T21:13:52Z,-8.05247586,-34.94833938,162.0,88.0,2.7300000190734863
2025-01-27T20:53:16Z,Run,2025-01-27T21:13:53Z,-8.05249586,-34.94835271,158.0,88.0,2.680000066757202
2025-01-27T20:53:16Z,Run,2025-01-27T21:13:54Z,-8.05251418,-34.94836504,158.0,88.0,2.680000066757202
2025-01-27T20:53:16Z,Run,2025-01-27T21:13:55Z,-8.05253417,-34.9483777,154.0,88.0,2.6500000953674316
2025-01-27T20:53:16Z,Run,2025-01-27T21:13:56Z,-8.05255316,-34.94839003,151.0,88.0,2.609999895095825
2025-01-27T20:53:16Z,Run,2025-01-27T21:13:57Z,-8.05257249,-34.94840103,152.0,88.0,2.5799999237060547
2025-01-27T20:53:16Z,Run,2025-01-27T21:13:58Z,-8.05259249,-34.94841235,153.0,89.0,2.549999952316284
2025-01-27T20:53:16Z,Run,2025-01-27T21:13:59Z,-8.05261414,-34.94842367,154.0,88.0,2.5299999713897705
2025-01-27T20:53:16Z,Run,2025-01-27T21:14:00Z,-8.0526368,-34.94843434,154.0,88.0,2.5299999713897705
2025-01-27T20:53:16Z,Run,2025-01-27T21:14:01Z,-8.0526598,-34.94844333,154.0,89.0,2.509999990463257
2025-01-27T20:53:16Z,Run,2025-01-27T21:14:02Z,-8.05268312,-34.948451,156.0,89.0,2.509999990463257
2025-01-27T20:53:16Z,Run,2025-01-27T21:14:03Z,-8.05270612,-34.94845965,158.0,89.0,2.559999942779541
2025-01-27T20:53:16Z,Run,2025-01-27T21:14:04Z,-8.05272811,-34.94846898,158.0,89.0,2.630000114440918
2025-01-27T20:53:16Z,Run,2025-01-27T21:14:05Z,-8.05275145,-34.94848031,155.0,90.0,2.6600000858306885
2025-01-27T20:53:16Z,Run,2025-01-27T21:14:06Z,-8.05277277,-34.94849063,155.0,90.0,2.6600000858306885
2025-01-27T20:53:16Z,Run,2025-01-27T21:14:07Z,-8.05279444,-34.94850097,155.0,90.0,2.6700000762939453
2025-01-27T20:53:16Z,Run,2025-01-27T21:14:08Z,-8.05281709,-34.94851163,156.0,89.0,2.680000066757202
2025-01-27T20:53:16Z,Run,2025-01-27T21:14:09Z,-8.05283943,-34.94852297,157.0,89.0,2.680000066757202
2025-01-27T20:53:16Z,Run,2025-01-27T21:14:10Z,-8.05286208,-34.94853562,157.0,89.0,2.680000066757202
2025-01-27T20:53:16Z,Run,2025-01-27T21:14:11Z,-8.05288442,-34.94854829,155.0,89.0,2.680000066757202
2025-01-27T20:53:16Z,Run,2025-01-27T21:14:12Z,-8.05290707,-34.94856095,155.0,89.0,2.680000066757202
2025-01-27T20:53:16Z,Run,2025-01-27T21:14:13Z,-8.05292874,-34.94857328,149.0,89.0,2.690000057220459
2025-01-27T20:53:16Z,Run,2025-01-27T21:14:14Z,-8.05295107,-34.94858527,152.0,89.0,2.700000047683716
2025-01-27T20:53:16Z,Run,2025-01-27T21:14:15Z,-8.0529734,-34.94859793,150.0,89.0,2.700000047683716
2025-01-27T20:53:16Z,Run,2025-01-27T21:14:16Z,-8.0529954,-34.94861059,148.0,88.0,2.7100000381469727
2025-01-27T20:53:16Z,Run,2025-01-27T21:14:17Z,-8.05301705,-34.94862258,150.0,88.0,2.7100000381469727
2025-01-27T20:53:16Z,Run,2025-01-27T21:14:18Z,-8.05303838,-34.94863424,150.0,88.0,2.7100000381469727
2025-01-27T20:53:16Z,Run,2025-01-27T21:14:19Z,-8.0530597,-34.9486459,152.0,88.0,2.7100000381469727
2025-01-27T20:53:16Z,Run,2025-01-27T21:14:20Z,-8.05308236,-34.94865656,150.0,89.0,2.7200000286102295
2025-01-27T20:53:16Z,Run,2025-01-27T21:14:21Z,-8.05310569,-34.94866822,150.0,88.0,2.7200000286102295
2025-01-27T20:53:16Z,Run,2025-01-27T21:14:22Z,-8.05312735,-34.94868022,150.0,89.0,2.7300000190734863
2025-01-27T20:53:16Z,Run,2025-01-27T21:14:23Z,-8.05314835,-34.94869288,151.0,89.0,2.7300000190734863
2025-01-27T20:53:16Z,Run,2025-01-27T21:14:24Z,-8.053168,-34.94870621,151.0,89.0,2.7300000190734863
2025-01-27T20:53:16Z,Run,2025-01-27T21:14:25Z,-8.05318834,-34.94871988,153.0,88.0,2.7300000190734863
2025-01-27T20:53:16Z,Run,2025-01-27T21:14:26Z,-8.05320767,-34.94873187,153.0,89.0,2.7300000190734863
2025-01-27T20:53:16Z,Run,2025-01-27T21:14:27Z,-8.05322699,-34.94874452,153.0,89.0,2.7300000190734863
2025-01-27T20:53:16Z,Run,2025-01-27T21:14:28Z,-8.05324666,-34.94875619,154.0,88.0,2.7300000190734863
2025-01-27T20:53:16Z,Run,2025-01-27T21:14:29Z,-8.05326698,-34.94876718,154.0,88.0,2.7200000286102295
2025-01-27T20:53:16Z,Run,2025-01-27T21:14:30Z,-8.05328831,-34.94877751,154.0,88.0,2.7200000286102295
2025-01-27T20:53:16Z,Run,2025-01-27T21:14:31Z,-8.05330964,-34.94878751,154.0,87.0,2.7200000286102295
2025-01-27T20:53:16Z,Run,2025-01-27T21:14:31Z,-8.05333063,-34.94879717,160.0,87.0,2.7100000381469727
2025-01-27T20:53:16Z,Run,2025-01-27T21:14:32Z,-8.05335296,-34.94880684,163.0,88.0,2.7100000381469727
2025-01-27T20:53:16Z,Run,2025-01-27T21:14:33Z,-8.05337429,-34.94881649,165.0,88.0,2.7100000381469727
2025-01-27T20:53:16Z,Run,2025-01-27T21:14:34Z,-8.05339795,-34.94882582,166.0,88.0,2.700000047683716
2025-01-27T20:53:16Z,Run,2025-01-27T21:14:35Z,-8.05342129,-34.94883447,166.0,88.0,2.700000047683716
2025-01-27T20:53:16Z,Run,2025-01-27T21:14:36Z,-8.05344362,-34.94884381,166.0,88.0,2.690000057220459
2025-01-27T20:53:16Z,Run,2025-01-27T21:14:37Z,-8.05346662,-34.9488558,166.0,89.0,2.680000066757202
2025-01-27T20:53:16Z,Run,2025-01-27T21:14:38Z,-8.05348629,-34.94886846,166.0,89.0,2.680000066757202
2025-01-27T20:53:16Z,Run,2025-01-27T21:14:39Z,-8.05350661,-34.94888145,167.0,89.0,2.680000066757202
2025-01-27T20:53:16Z,Run,2025-01-27T21:14:40Z,-8.0535286,-34.94889245,167.0,88.0,2.680000066757202
2025-01-27T20:53:16Z,Run,2025-01-27T21:14:41Z,-8.05355259,-34.94890545,167.0,88.0,2.680000066757202
2025-01-27T20:53:16Z,Run,2025-01-27T21:14:42Z,-8.05357591,-34.94891844,167.0,88.0,2.680000066757202
2025-01-27T20:53:16Z,Run,2025-01-27T21:14:43Z,-8.05359857,-34.94893044,167.0,88.0,2.680000066757202
2025-01-27T20:53:16Z,Run,2025-01-27T21:14:44Z,-8.05361857,-34.94894178,167.0,89.0,2.680000066757202
2025-01-27T20:53:16Z,Run,2025-01-27T21:14:45Z,-8.05363923,-34.9489531,166.0,87.0,2.680000066757202
2025-01-27T20:53:16Z,Run,2025-01-27T21:14:46Z,-8.05366188,-34.94896576,166.0,87.0,2.680000066757202
2025-01-27T20:53:16Z,Run,2025-01-27T21:14:47Z,-8.05368255,-34.94897708,166.0,87.0,2.6700000762939453
2025-01-27T20:53:16Z,Run,2025-01-27T21:14:48Z,-8.05370187,-34.94898874,166.0,87.0,2.6700000762939453
2025-01-27T20:53:16Z,Run,2025-01-27T21:14:49Z,-8.05371954,-34.94900073,167.0,87.0,2.6700000762939453
2025-01-27T20:53:16Z,Run,2025-01-27T21:14:50Z,-8.05373487,-34.94901173,167.0,87.0,2.640000104904175
2025-01-27T20:53:16Z,Run,2025-01-27T21:14:51Z,-8.05374686,-34.94902273,167.0,87.0,2.5999999046325684
2025-01-27T20:53:16Z,Run,2025-01-27T21:14:52Z,-8.0537562,-34.94903273,167.0,87.0,2.559999942779541
2025-01-27T20:53:16Z,Run,2025-01-27T21:14:54Z,-8.0537652,-34.94904039,167.0,87.0,2.430000066757202
2025-01-27T20:53:16Z,Run,2025-01-27T21:14:54Z,-8.05377285,-34.94904638,167.0,87.0,2.430000066757202
2025-01-27T20:53:16Z,Run,2025-01-27T21:14:55Z,-8.05378284,-34.94905071,162.0,87.0,2.1700000762939453
2025-01-27T20:53:16Z,Run,2025-01-27T21:14:56Z,-8.05379284,-34.94905437,162.0,87.0,1.7999999523162842
2025-01-27T20:53:16Z,Run,2025-01-27T21:14:57Z,-8.05380283,-34.9490577,162.0,87.0,1.4600000381469727
2025-01-27T20:53:16Z,Run,2025-01-27T21:14:58Z,-8.05381383,-34.94906169,161.0,87.0,1.2200000286102295
2025-01-27T20:53:16Z,Run,2025-01-27T21:14:59Z,-8.05382749,-34.94906535,163.0,87.0,1.1200000047683716
2025-01-27T20:53:16Z,Run,2025-01-27T21:15:00Z,-8.05384081,-34.94907068,163.0,87.0,1.1200000047683716
2025-01-27T20:53:16Z,Run,2025-01-27T21:15:01Z,-8.05385314,-34.94907701,174.0,87.0,1.1200000047683716
2025-01-27T20:53:16Z,Run,2025-01-27T21:15:02Z,-8.05386247,-34.949085,164.0,87.0,1.1200000047683716
2025-01-27T20:53:16Z,Run,2025-01-27T21:15:03Z,-8.05386913,-34.949093,163.0,87.0,1.1699999570846558
2025-01-27T20:53:16Z,Run,2025-01-27T21:15:04Z,-8.05387712,-34.94909967,163.0,87.0,1.2300000190734863
2025-01-27T20:53:16Z,Run,2025-01-27T21:15:05Z,-8.05388612,-34.94910632,162.0,87.0,1.25
2025-01-27T20:53:16Z,Run,2025-01-27T21:15:06Z,-8.05389611,-34.94911231,162.0,87.0,1.25
2025-01-27T20:53:16Z,Run,2025-01-27T21:15:07Z,-8.05390576,-34.94911798,160.0,31.0,1.2799999713897705
2025-01-27T20:53:16Z,Run,2025-01-27T21:15:08Z,-8.0539151,-34.94912465,159.0,31.0,1.3200000524520874
2025-01-27T20:53:16Z,Run,2025-01-27T21:15:09Z,-8.05392509,-34.94913064,162.0,35.0,1.3300000429153442
2025-01-27T20:53:16Z,Run,2025-01-27T21:15:10Z,-8.05393642,-34.94913529,165.0,32.0,1.3200000524520874
2025-01-27T20:53:16Z,Run,2025-01-27T21:15:11Z,-8.05394841,-34.94913963,164.0,32.0,1.3200000524520874
2025-01-27T20:53:16Z,Run,2025-01-27T21:15:12Z,-8.05396108,-34.94914295,164.0,32.0,1.3200000524520874
2025-01-27T20:53:16Z,Run,2025-01-27T21:15:13Z,-8.05397473,-34.94914695,159.0,32.0,1.3200000524520874
2025-01-27T20:53:16Z,Run,2025-01-27T21:15:14Z,-8.05398807,-34.94915227,158.0,31.0,1.340000033378601
2025-01-27T20:53:16Z,Run,2025-01-27T21:15:15Z,-8.05400106,-34.94915727,157.0,31.0,1.3600000143051147
2025-01-27T20:53:16Z,Run,2025-01-27T21:15:16Z,-8.05401206,-34.94916294,157.0,31.0,1.409999966621399
2025-01-27T20:53:16Z,Run,2025-01-27T21:15:17Z,-8.05402306,-34.94916861,159.0,31.0,1.440000057220459
2025-01-27T20:53:16Z,Run,2025-01-27T21:15:18Z,-8.05403271,-34.94917394,159.0,31.0,1.440000057220459
2025-01-27T20:53:16Z,Run,2025-01-27T21:15:19Z,-8.05404171,-34.94917961,162.0,31.0,1.4500000476837158
2025-01-27T20:53:16Z,Run,2025-01-27T21:15:20Z,-8.0540497,-34.94918526,165.0,31.0,1.4500000476837158
2025-01-27T20:53:16Z,Run,2025-01-27T21:15:21Z,-8.0540587,-34.9491906,166.0,31.0,1.440000057220459
2025-01-27T20:53:16Z,Run,2025-01-27T21:15:22Z,-8.05406736,-34.94919692,165.0,31.0,1.399999976158142
2025-01-27T20:53:16Z,Run,2025-01-27T21:15:23Z,-8.05407569,-34.94920325,164.0,31.0,1.350000023841858
2025-01-27T20:53:16Z,Run,2025-01-27T21:15:24Z,-8.05408402,-34.94920924,164.0,31.0,1.350000023841858
2025-01-27T20:53:16Z,Run,2025-01-27T21:15:25Z,-8.05409302,-34.94921491,164.0,31.0,1.2799999713897705
2025-01-27T20:53:16Z,Run,2025-01-27T21:15:26Z,-8.05410301,-34.94922024,162.0,31.0,1.2400000095367432
2025-01-27T20:53:16Z,Run,2025-01-27T21:15:27Z,-8.05411501,-34.94922557,161.0,31.0,1.2400000095367432
2025-01-27T20:53:16Z,Run,2025-01-27T21:15:28Z,-8.05412766,-34.9492309,160.0,31.0,1.2400000095367432
2025-01-27T20:53:16Z,Run,2025-01-27T21:15:29Z,-8.05413932,-34.94923523,161.0,31.0,1.2400000095367432
2025-01-27T20:53:16Z,Run,2025-01-27T21:15:30Z,-8.05414965,-34.9492399,161.0,31.0,1.2400000095367432
2025-01-27T20:53:16Z,Run,2025-01-27T21:15:31Z,-8.05415865,-34.94924489,162.0,31.0,1.2400000095367432
2025-01-27T20:53:16Z,Run,2025-01-27T21:15:32Z,-8.05416664,-34.94924922,162.0,31.0,1.2400000095367432
2025-01-27T20:53:16Z,Run,2025-01-27T21:15:33Z,-8.05417598,-34.94925389,163.0,31.0,1.2400000095367432
2025-01-27T20:53:16Z,Run,2025-01-27T21:15:34Z,-8.05418464,-34.94925888,163.0,32.0,1.2400000095367432
2025-01-27T20:53:16Z,Run,2025-01-27T21:15:35Z,-8.05419463,-34.94926421,162.0,32.0,1.2400000095367432
2025-01-27T20:53:16Z,Run,2025-01-27T21:15:37Z,-8.05420397,-34.94926988,165.0,32.0,1.2400000095367432
2025-01-27T20:53:16Z,Run,2025-01-27T21:15:37Z,-8.05421563,-34.94927521,165.0,32.0,1.2400000095367432
2025-01-27T20:53:16Z,Run,2025-01-27T21:15:38Z,-8.05422862,-34.9492782,163.0,32.0,1.2400000095367432
2025-01-27T20:53:16Z,Run,2025-01-27T21:15:39Z,-8.05424196,-34.94928087,162.0,32.0,1.2400000095367432
2025-01-27T20:53:16Z,Run,2025-01-27T21:15:40Z,-8.05425395,-34.94928386,162.0,31.0,1.2400000095367432
2025-01-27T20:53:16Z,Run,2025-01-27T21:15:41Z,-8.05426461,-34.94928685,162.0,31.0,1.2400000095367432
2025-01-27T20:53:16Z,Run,2025-01-27T21:15:42Z,-8.0542756,-34.94929118,162.0,31.0,1.2400000095367432
2025-01-27T20:53:16Z,Run,2025-01-27T21:15:44Z,-8.05428559,-34.94929618,161.0,31.0,1.2400000095367432
2025-01-27T20:53:16Z,Run,2025-01-27T21:15:45Z,-8.05429625,-34.94930151,157.0,31.0,1.2400000095367432
2025-01-27T20:53:16Z,Run,2025-01-27T21:15:45Z,-8.05430725,-34.94930751,156.0,31.0,1.2400000095367432
2025-01-27T20:53:16Z,Run,2025-01-27T21:15:47Z,-8.05432025,-34.9493125,155.0,31.0,1.25
2025-01-27T20:53:16Z,Run,2025-01-27T21:15:47Z,-8.05433424,-34.94931716,,,
2025-01-27T20:53:16Z,Run,2025-01-27T21:15:49Z,-8.05434924,-34.94932183,154.0,32.0,1.25
2025-01-27T20:53:16Z,Run,2025-01-27T21:15:49Z,-8.05436356,-34.94932649,154.0,32.0,1.25
2025-01-27T20:53:16Z,Run,2025-01-27T21:15:50Z,-8.0543769,-34.94933248,148.0,31.0,1.25
2025-01-27T20:53:16Z,Run,2025-01-27T21:15:51Z,-8.05438955,-34.94933814,144.0,31.0,1.2599999904632568
2025-01-27T20:53:16Z,Run,2025-01-27T21:15:52Z,-8.05440055,-34.94934413,143.0,32.0,1.2699999809265137
2025-01-27T20:53:16Z,Run,2025-01-27T21:15:54Z,-8.05441121,-34.9493498,141.0,32.0,1.2699999809265137
2025-01-27T20:53:16Z,Run,2025-01-27T21:15:54Z,-8.05442253,-34.94935446,141.0,32.0,1.2699999809265137
2025-01-27T20:53:16Z,Run,2025-01-27T21:15:55Z,-8.0544342,-34.94935946,141.0,28.0,1.2799999713897705
2025-01-27T20:53:16Z,Run,2025-01-27T21:15:56Z,-8.05444652,-34.94936511,141.0,28.0,1.2899999618530273
2025-01-27T20:53:16Z,Run,2025-01-27T21:15:57Z,-8.05445851,-34.94937078,140.0,28.0,1.2899999618530273
2025-01-27T20:53:16Z,Run,2025-01-27T21:15:58Z,-8.05446917,-34.94937744,140.0,28.0,1.2999999523162842
2025-01-27T20:53:16Z,Run,2025-01-27T21:15:59Z,-8.05448084,-34.9493841,141.0,28.0,1.2999999523162842
2025-01-27T20:53:16Z,Run,2025-01-27T21:16:01Z,-8.05449016,-34.94939076,141.0,28.0,1.2999999523162842
2025-01-27T20:53:16Z,Run,2025-01-27T21:16:01Z,-8.05450049,-34.94939876,141.0,28.0,1.2999999523162842
2025-01-27T20:53:16Z,Run,2025-01-27T21:16:02Z,-8.05451048,-34.94940609,140.0,28.0,1.309999942779541
2025-01-27T20:53:16Z,Run,2025-01-27T21:16:03Z,-8.05452182,-34.94941275,141.0,28.0,1.309999942779541
2025-01-27T20:53:16Z,Run,2025-01-27T21:16:04Z,-8.05453314,-34.94941975,141.0,28.0,1.309999942779541
2025-01-27T20:53:16Z,Run,2025-01-27T21:16:05Z,-8.05454513,-34.94942674,142.0,28.0,1.309999942779541
2025-01-27T20:53:16Z,Run,2025-01-27T21:16:06Z,-8.0545568,-34.94943306,142.0,28.0,1.3200000524520874
2025-01-27T20:53:16Z,Run,2025-01-27T21:16:07Z,-8.05456945,-34.94943905,142.0,28.0,1.3200000524520874
2025-01-27T20:53:16Z,Run,2025-01-27T21:16:08Z,-8.05458212,-34.94944572,141.0,28.0,1.3200000524520874
2025-01-27T20:53:16Z,Run,2025-01-27T21:16:09Z,-8.05459445,-34.94945372,141.0,31.0,1.3200000524520874
2025-01-27T20:53:16Z,Run,2025-01-27T21:16:10Z,-8.05460578,-34.94946371,140.0,31.0,1.3300000429153442
2025-01-27T20:53:16Z,Run,2025-01-27T21:16:11Z,-8.05461543,-34.94947503,139.0,31.0,1.3300000429153442
2025-01-27T20:53:16Z,Run,2025-01-27T21:16:12Z,-8.05462543,-34.94948503,139.0,31.0,1.340000033378601
2025-01-27T20:53:16Z,Run,2025-01-27T21:16:13Z,-8.05463542,-34.94949536,139.0,31.0,1.340000033378601
2025-01-27T20:53:16Z,Run,2025-01-27T21:16:14Z,-8.05464508,-34.94950502,139.0,31.0,1.350000023841858
2025-01-27T20:53:16Z,Run,2025-01-27T21:16:15Z,-8.05465475,-34.94951569,140.0,31.0,1.350000023841858
2025-01-27T20:53:16Z,Run,2025-01-27T21:16:16Z,-8.05466508,-34.94952501,140.0,31.0,1.3600000143051147
2025-01-27T20:53:16Z,Run,2025-01-27T21:16:17Z,-8.05467574,-34.94953301,141.0,31.0,1.3600000143051147
2025-01-27T20:53:16Z,Run,2025-01-27T21:16:18Z,-8.05468674,-34.94954,141.0,31.0,1.3700000047683716
2025-01-27T20:53:16Z,Run,2025-01-27T21:16:19Z,-8.05470039,-34.94954599,141.0,31.0,1.3700000047683716
2025-01-27T20:53:16Z,Run,2025-01-27T21:16:20Z,-8.05471605,-34.94955199,141.0,31.0,1.4600000381469727
2025-01-27T20:53:16Z,Run,2025-01-27T21:16:21Z,-8.05473338,-34.94955932,142.0,31.0,1.5499999523162842
2025-01-27T20:53:16Z,Run,2025-01-27T21:16:22Z,-8.05475305,-34.94956698,143.0,31.0,1.5499999523162842
2025-01-27T20:53:16Z,Run,2025-01-27T21:16:23Z,-8.05477437,-34.94957564,143.0,31.0,1.559999942779541
2025-01-27T20:53:16Z,Run,2025-01-27T21:16:24Z,-8.05479504,-34.9495843,142.0,31.0,1.6799999475479126
2025-01-27T20:53:16Z,Run,2025-01-27T21:16:25Z,-8.0548167,-34.94959329,142.0,31.0,1.6799999475479126
2025-01-27T20:53:16Z,Run,2025-01-27T21:16:26Z,-8.0548367,-34.94960295,141.0,31.0,1.940000057220459
2025-01-27T20:53:16Z,Run,2025-01-27T21:16:27Z,-8.05485569,-34.94961429,140.0,31.0,2.240000009536743
2025-01-27T20:53:16Z,Run,2025-01-27T21:16:28Z,-8.05487568,-34.94962628,141.0,31.0,2.4200000762939453
2025-01-27T20:53:16Z,Run,2025-01-27T21:16:29Z,-8.05489767,-34.94963827,141.0,31.0,2.5
2025-01-27T20:53:16Z,Run,2025-01-27T21:16:30Z,-8.05492067,-34.94964959,141.0,31.0,2.569999933242798
2025-01-27T20:53:16Z,Run,2025-01-27T21:16:31Z,-8.05494532,-34.94966059,141.0,31.0,2.569999933242798
2025-01-27T20:53:16Z,Run,2025-01-27T21:16:32Z,-8.05496966,-34.94967258,140.0,88.0,2.609999895095825
2025-01-27T20:53:16Z,Run,2025-01-27T21:16:33Z,-8.05499532,-34.94968425,141.0,88.0,2.619999885559082
2025-01-27T20:53:16Z,Run,2025-01-27T21:16:34Z,-8.05501965,-34.9496969,141.0,88.0,2.6500000953674316
2025-01-27T20:53:16Z,Run,2025-01-27T21:16:35Z,-8.05504364,-34.94971024,141.0,88.0,2.7300000190734863
2025-01-27T20:53:16Z,Run,2025-01-27T21:16:36Z,-8.05506629,-34.94972589,142.0,89.0,2.799999952316284
2025-01-27T20:53:16Z,Run,2025-01-27T21:16:37Z,-8.05508929,-34.94974123,142.0,89.0,2.799999952316284
2025-01-27T20:53:16Z,Run,2025-01-27T21:16:38Z,-8.05511229,-34.94975523,142.0,88.0,2.8399999141693115
2025-01-27T20:53:16Z,Run,2025-01-27T21:16:39Z,-8.05513662,-34.94976988,142.0,88.0,2.8499999046325684
2025-01-27T20:53:16Z,Run,2025-01-27T21:16:40Z,-8.05515762,-34.94978154,142.0,88.0,2.859999895095825
2025-01-27T20:53:16Z,Run,2025-01-27T21:16:41Z,-8.05517862,-34.94979286,142.0,88.0,2.869999885559082
2025-01-27T20:53:16Z,Run,2025-01-27T21:16:42Z,-8.05520127,-34.94980586,142.0,88.0,2.859999895095825
2025-01-27T20:53:16Z,Run,2025-01-27T21:16:43Z,-8.0552226,-34.94981785,142.0,88.0,2.859999895095825
2025-01-27T20:53:16Z,Run,2025-01-27T21:16:44Z,-8.05524593,-34.94983085,142.0,89.0,2.8299999237060547
2025-01-27T20:53:16Z,Run,2025-01-27T21:16:45Z,-8.05526692,-34.94984251,142.0,87.0,2.799999952316284
2025-01-27T20:53:16Z,Run,2025-01-27T21:16:46Z,-8.05528892,-34.94985417,142.0,87.0,2.7799999713897705
2025-01-27T20:53:16Z,Run,2025-01-27T21:16:47Z,-8.05530992,-34.94986382,142.0,86.0,2.75
2025-01-27T20:53:16Z,Run,2025-01-27T21:16:48Z,-8.05533058,-34.94987216,142.0,87.0,2.7200000286102295
2025-01-27T20:53:16Z,Run,2025-01-27T21:16:49Z,-8.0553499,-34.94988049,142.0,87.0,2.7200000286102295
2025-01-27T20:53:16Z,Run,2025-01-27T21:16:50Z,-8.05536823,-34.94989016,142.0,88.0,2.700000047683716
2025-01-27T20:53:16Z,Run,2025-01-27T21:16:51Z,-8.05538489,-34.94990248,142.0,88.0,2.680000066757202
2025-01-27T20:53:16Z,Run,2025-01-27T21:16:52Z,-8.05540055,-34.94991947,142.0,88.0,2.630000114440918
2025-01-27T20:53:16Z,Run,2025-01-27T21:16:54Z,-8.05541387,-34.94993679,142.0,88.0,2.569999933242798
2025-01-27T20:53:16Z,Run,2025-01-27T21:16:54Z,-8.0554272,-34.94995678,148.0,88.0,2.549999952316284
2025-01-27T20:53:16Z,Run,2025-01-27T21:16:55Z,-8.05543919,-34.94997878,148.0,88.0,2.549999952316284
2025-01-27T20:53:16Z,Run,2025-01-27T21:16:56Z,-8.05545152,-34.95000245,149.0,89.0,2.5399999618530273
2025-01-27T20:53:16Z,Run,2025-01-27T21:16:57Z,-8.05546284,-34.95002644,150.0,89.0,2.5399999618530273
2025-01-27T20:53:16Z,Run,2025-01-27T21:16:58Z,-8.05547416,-34.95005044,150.0,88.0,2.5799999237060547
2025-01-27T20:53:16Z,Run,2025-01-27T21:16:59Z,-8.05548615,-34.95007476,150.0,88.0,2.619999885559082
2025-01-27T20:53:16Z,Run,2025-01-27T21:17:00Z,-8.05549749,-34.95009976,150.0,89.0,2.630000114440918
2025-01-27T20:53:16Z,Run,2025-01-27T21:17:01Z,-8.05550915,-34.95012343,150.0,89.0,2.630000114440918
2025-01-27T20:53:16Z,Run,2025-01-27T21:17:02Z,-8.05552015,-34.95014843,150.0,89.0,2.6500000953674316
2025-01-27T20:53:16Z,Run,2025-01-27T21:17:03Z,-8.05553014,-34.95017275,150.0,89.0,2.6600000858306885
2025-01-27T20:53:16Z,Run,2025-01-27T21:17:04Z,-8.0555388,-34.95019775,150.0,89.0,2.680000066757202
2025-01-27T20:53:16Z,Run,2025-01-27T21:17:05Z,-8.05554647,-34.95022275,150.0,89.0,2.690000057220459
2025-01-27T20:53:16Z,Run,2025-01-27T21:17:06Z,-8.05555446,-34.95025009,150.0,89.0,2.700000047683716
2025-01-27T20:53:16Z,Run,2025-01-27T21:17:08Z,-8.05556146,-34.95027541,150.0,89.0,2.7100000381469727
2025-01-27T20:53:16Z,Run,2025-01-27T21:17:08Z,-8.05556746,-34.95030173,150.0,89.0,2.7100000381469727
2025-01-27T20:53:16Z,Run,2025-01-27T21:17:09Z,-8.05557345,-34.9503284,150.0,89.0,2.7200000286102295
2025-01-27T20:53:16Z,Run,2025-01-27T21:17:10Z,-8.05557811,-34.95035439,150.0,89.0,2.7300000190734863
2025-01-27T20:53:16Z,Run,2025-01-27T21:17:11Z,-8.05558078,-34.95038038,150.0,89.0,2.740000009536743
2025-01-27T20:53:16Z,Run,2025-01-27T21:17:12Z,-8.05558145,-34.95040637,155.0,89.0,2.75
2025-01-27T20:53:16Z,Run,2025-01-27T21:17:13Z,-8.05558078,-34.95043304,155.0,90.0,2.75
2025-01-27T20:53:16Z,Run,2025-01-27T21:17:14Z,-8.05557978,-34.95045903,155.0,90.0,2.75
2025-01-27T20:53:16Z,Run,2025-01-27T21:17:15Z,-8.05557779,-34.95048535,157.0,90.0,2.759999990463257
2025-01-27T20:53:16Z,Run,2025-01-27T21:17:16Z,-8.05557612,-34.95051101,157.0,90.0,2.7699999809265137
2025-01-27T20:53:16Z,Run,2025-01-27T21:17:17Z,-8.05557347,-34.95053767,157.0,90.0,2.7699999809265137
2025-01-27T20:53:16Z,Run,2025-01-27T21:17:18Z,-8.05557081,-34.950564,158.0,90.0,2.7699999809265137
2025-01-27T20:53:16Z,Run,2025-01-27T21:17:19Z,-8.05556881,-34.95059133,160.0,90.0,2.7699999809265137
2025-01-27T20:53:16Z,Run,2025-01-27T21:17:20Z,-8.05556614,-34.95061799,160.0,90.0,2.7699999809265137
2025-01-27T20:53:16Z,Run,2025-01-27T21:17:21Z,-8.05556281,-34.95064399,162.0,90.0,2.7699999809265137
2025-01-27T20:53:16Z,Run,2025-01-27T21:17:22Z,-8.05555882,-34.95066964,162.0,90.0,2.7799999713897705
2025-01-27T20:53:16Z,Run,2025-01-27T21:17:23Z,-8.05555515,-34.9506953,162.0,90.0,2.7799999713897705
2025-01-27T20:53:16Z,Run,2025-01-27T21:17:24Z,-8.05555183,-34.9507223,162.0,90.0,2.7799999713897705
2025-01-27T20:53:16Z,Run,2025-01-27T21:17:25Z,-8.05554916,-34.95074796,162.0,89.0,2.7899999618530273
2025-01-27T20:53:16Z,Run,2025-01-27T21:17:26Z,-8.05554716,-34.95077295,162.0,89.0,2.7899999618530273
2025-01-27T20:53:16Z,Run,2025-01-27T21:17:27Z,-8.05554516,-34.95079861,164.0,89.0,2.7899999618530273
2025-01-27T20:53:16Z,Run,2025-01-27T21:17:28Z,-8.05554217,-34.95082661,165.0,89.0,2.799999952316284
2025-01-27T20:53:16Z,Run,2025-01-27T21:17:29Z,-8.05553751,-34.9508526,166.0,89.0,2.799999952316284
2025-01-27T20:53:16Z,Run,2025-01-27T21:17:30Z,-8.05553085,-34.95088159,167.0,89.0,2.799999952316284
2025-01-27T20:53:16Z,Run,2025-01-27T21:17:31Z,-8.05552453,-34.95090859,168.0,89.0,2.799999952316284
2025-01-27T20:53:16Z,Run,2025-01-27T21:17:32Z,-8.05551786,-34.95093825,168.0,89.0,2.799999952316284
2025-01-27T20:53:16Z,Run,2025-01-27T21:17:33Z,-8.05550854,-34.95096758,168.0,89.0,2.809999942779541
2025-01-27T20:53:16Z,Run,2025-01-27T21:17:34Z,-8.05549887,-34.95099592,180.0,89.0,2.809999942779541
2025-01-27T20:53:16Z,Run,2025-01-27T21:17:35Z,-8.05549021,-34.95102191,182.0,89.0,2.819999933242798
2025-01-27T20:53:16Z,Run,2025-01-27T21:17:36Z,-8.05548188,-34.95104556,182.0,89.0,2.8299999237060547
2025-01-27T20:53:16Z,Run,2025-01-27T21:17:37Z,-8.05547822,-34.95106822,182.0,89.0,2.8399999141693115
2025-01-27T20:53:16Z,Run,2025-01-27T21:17:38Z,-8.0554769,-34.95108855,182.0,89.0,2.8399999141693115
2025-01-27T20:53:16Z,Run,2025-01-27T21:17:39Z,-8.05547558,-34.95110688,182.0,89.0,2.8399999141693115
2025-01-27T20:53:16Z,Run,2025-01-27T21:17:40Z,-8.05547192,-34.95112187,182.0,90.0,2.8499999046325684
2025-01-27T20:53:16Z,Run,2025-01-27T21:17:41Z,-8.0554656,-34.95113287,182.0,89.0,2.8399999141693115
2025-01-27T20:53:16Z,Run,2025-01-27T21:17:42Z,-8.05545827,-34.95114187,183.0,90.0,2.8399999141693115
2025-01-27T20:53:16Z,Run,2025-01-27T21:17:43Z,-8.05545027,-34.95115086,183.0,89.0,2.819999933242798
2025-01-27T20:53:16Z,Run,2025-01-27T21:17:44Z,-8.05544361,-34.95115951,183.0,89.0,2.819999933242798
2025-01-27T20:53:16Z,Run,2025-01-27T21:17:45Z,-8.05543828,-34.95116985,183.0,89.0,2.799999952316284
2025-01-27T20:53:16Z,Run,2025-01-27T21:17:46Z,-8.05543495,-34.95118217,184.0,89.0,2.7699999809265137
2025-01-27T20:53:16Z,Run,2025-01-27T21:17:47Z,-8.05543463,-34.9511985,185.0,89.0,2.1500000953674316
2025-01-27T20:53:16Z,Run,2025-01-27T21:17:48Z,-8.05543628,-34.95121683,185.0,90.0,1.559999942779541
2025-01-27T20:53:16Z,Run,2025-01-27T21:17:49Z,-8.05543728,-34.95123648,185.0,89.0,1.559999942779541
2025-01-27T20:53:16Z,Run,2025-01-27T21:17:50Z,-8.05543795,-34.95125715,185.0,89.0,1.559999942779541
2025-01-27T20:53:16Z,Run,2025-01-27T21:17:51Z,-8.05543861,-34.95127948,185.0,90.0,1.559999942779541
2025-01-27T20:53:16Z,Run,2025-01-27T21:17:52Z,-8.05543661,-34.95130214,185.0,90.0,1.649999976158142
2025-01-27T20:53:16Z,Run,2025-01-27T21:17:53Z,-8.05543262,-34.9513248,185.0,90.0,1.8300000429153442
2025-01-27T20:53:16Z,Run,2025-01-27T21:17:54Z,-8.05542628,-34.95134745,185.0,90.0,1.9900000095367432
2025-01-27T20:53:16Z,Run,2025-01-27T21:17:55Z,-8.05541629,-34.95137211,185.0,90.0,2.1500000953674316
2025-01-27T20:53:16Z,Run,2025-01-27T21:17:56Z,-8.05540463,-34.95139878,185.0,90.0,2.1500000953674316
2025-01-27T20:53:16Z,Run,2025-01-27T21:17:57Z,-8.05539363,-34.95142743,185.0,90.0,2.2799999713897705
2025-01-27T20:53:16Z,Run,2025-01-27T21:17:58Z,-8.05538464,-34.95145477,185.0,90.0,2.369999885559082
2025-01-27T20:53:16Z,Run,2025-01-27T21:17:59Z,-8.05537597,-34.9514821,184.0,90.0,2.4700000286102295
2025-01-27T20:53:16Z,Run,2025-01-27T21:18:00Z,-8.05536731,-34.95151276,183.0,90.0,2.619999885559082
2025-01-27T20:53:16Z,Run,2025-01-27T21:18:01Z,-8.05535932,-34.95154375,182.0,90.0,2.740000009536743
2025-01-27T20:53:16Z,Run,2025-01-27T21:18:02Z,-8.05535232,-34.95157541,182.0,90.0,2.740000009536743
2025-01-27T20:53:16Z,Run,2025-01-27T21:18:03Z,-8.055346,-34.95160674,181.0,90.0,2.8299999237060547
2025-01-27T20:53:16Z,Run,2025-01-27T21:18:04Z,-8.055339,-34.95163974,181.0,90.0,2.9100000858306885
2025-01-27T20:53:16Z,Run,2025-01-27T21:18:05Z,-8.05533034,-34.95167106,180.0,90.0,3.0199999809265137
2025-01-27T20:53:16Z,Run,2025-01-27T21:18:06Z,-8.05532134,-34.95170139,179.0,90.0,3.109999895095825
2025-01-27T20:53:16Z,Run,2025-01-27T21:18:07Z,-8.05531468,-34.95173072,178.0,90.0,3.1500000953674316
2025-01-27T20:53:16Z,Run,2025-01-27T21:18:08Z,-8.05530869,-34.95175805,178.0,90.0,3.1500000953674316
2025-01-27T20:53:16Z,Run,2025-01-27T21:18:09Z,-8.05530302,-34.95178837,177.0,90.0,3.1500000953674316
2025-01-27T20:53:16Z,Run,2025-01-27T21:18:10Z,-8.05529735,-34.95181871,176.0,90.0,3.1500000953674316
2025-01-27T20:53:16Z,Run,2025-01-27T21:18:11Z,-8.05529369,-34.95184604,175.0,90.0,3.130000114440918
2025-01-27T20:53:16Z,Run,2025-01-27T21:18:12Z,-8.05529602,-34.95187136,175.0,90.0,3.0899999141693115
2025-01-27T20:53:16Z,Run,2025-01-27T21:18:13Z,-8.05530268,-34.95189702,175.0,89.0,3.0299999713897705
2025-01-27T20:53:16Z,Run,2025-01-27T21:18:14Z,-8.055312,-34.95192268,175.0,89.0,3.0299999713897705
2025-01-27T20:53:16Z,Run,2025-01-27T21:18:15Z,-8.05532067,-34.95194867,175.0,89.0,2.9700000286102295
2025-01-27T20:53:16Z,Run,2025-01-27T21:18:16Z,-8.05532666,-34.951976,175.0,90.0,2.9200000762939453
2025-01-27T20:53:16Z,Run,2025-01-27T21:18:17Z,-8.05533098,-34.95200166,175.0,90.0,2.880000114440918
2025-01-27T20:53:16Z,Run,2025-01-27T21:18:18Z,-8.05533365,-34.95202632,175.0,90.0,2.8499999046325684
2025-01-27T20:53:16Z,Run,2025-01-27T21:18:19Z,-8.05533398,-34.95204998,176.0,89.0,2.8399999141693115
2025-01-27T20:53:16Z,Run,2025-01-27T21:18:20Z,-8.05533398,-34.95207365,176.0,89.0,2.8399999141693115
2025-01-27T20:53:16Z,Run,2025-01-27T21:18:21Z,-8.05533032,-34.95209664,176.0,90.0,2.819999933242798
2025-01-27T20:53:16Z,Run,2025-01-27T21:18:22Z,-8.05532632,-34.95211963,176.0,90.0,2.799999952316284
2025-01-27T20:53:16Z,Run,2025-01-27T21:18:23Z,-8.055322,-34.95214363,176.0,89.0,2.799999952316284
2025-01-27T20:53:16Z,Run,2025-01-27T21:18:24Z,-8.05531767,-34.95216596,176.0,89.0,2.799999952316284
2025-01-27T20:53:16Z,Run,2025-01-27T21:18:25Z,-8.05531301,-34.95218662,176.0,89.0,2.7899999618530273
2025-01-27T20:53:16Z,Run,2025-01-27T21:18:26Z,-8.05530869,-34.95220494,176.0,89.0,2.7899999618530273
2025-01-27T20:53:16Z,Run,2025-01-27T21:18:27Z,-8.05530503,-34.95222361,177.0,89.0,2.7799999713897705
2025-01-27T20:53:16Z,Run,2025-01-27T21:18:28Z,-8.0553017,-34.95224326,177.0,89.0,2.7699999809265137
2025-01-27T20:53:16Z,Run,2025-01-27T21:18:29Z,-8.05529937,-34.95226426,177.0,89.0,2.759999990463257
2025-01-27T20:53:16Z,Run,2025-01-27T21:18:30Z,-8.05529771,-34.95228659,177.0,89.0,2.740000009536743
2025-01-27T20:53:16Z,Run,2025-01-27T21:18:31Z,-8.05529738,-34.95230959,177.0,89.0,2.7300000190734863
2025-01-27T20:53:16Z,Run,2025-01-27T21:18:32Z,-8.05529705,-34.95233224,177.0,89.0,2.7300000190734863
2025-01-27T20:53:16Z,Run,2025-01-27T21:18:33Z,-8.05529606,-34.95235557,177.0,90.0,2.7100000381469727
2025-01-27T20:53:16Z,Run,2025-01-27T21:18:34Z,-8.05529573,-34.95238122,177.0,90.0,2.700000047683716
2025-01-27T20:53:16Z,Run,2025-01-27T21:18:35Z,-8.05529638,-34.95240556,177.0,90.0,2.680000066757202
2025-01-27T20:53:16Z,Run,2025-01-27T21:18:36Z,-8.05529805,-34.95242955,177.0,90.0,2.680000066757202
2025-01-27T20:53:16Z,Run,2025-01-27T21:18:37Z,-8.05530071,-34.95245288,177.0,90.0,2.680000066757202
2025-01-27T20:53:16Z,Run,2025-01-27T21:18:38Z,-8.05530203,-34.95247754,177.0,90.0,2.680000066757202
2025-01-27T20:53:16Z,Run,2025-01-27T21:18:39Z,-8.05530104,-34.9525022,177.0,90.0,2.6700000762939453
2025-01-27T20:53:16Z,Run,2025-01-27T21:18:40Z,-8.05530071,-34.9525262,178.0,90.0,2.6700000762939453
2025-01-27T20:53:16Z,Run,2025-01-27T21:18:41Z,-8.05530038,-34.95254886,178.0,90.0,2.6700000762939453
2025-01-27T20:53:16Z,Run,2025-01-27T21:18:42Z,-8.05529939,-34.95257185,178.0,90.0,2.6700000762939453
2025-01-27T20:53:16Z,Run,2025-01-27T21:18:43Z,-8.05529739,-34.95259751,179.0,90.0,2.6700000762939453
2025-01-27T20:53:16Z,Run,2025-01-27T21:18:44Z,-8.05529474,-34.95262251,179.0,90.0,2.6700000762939453
2025-01-27T20:53:16Z,Run,2025-01-27T21:18:45Z,-8.05529074,-34.9526485,179.0,90.0,2.6700000762939453
2025-01-27T20:53:16Z,Run,2025-01-27T21:18:46Z,-8.05528607,-34.9526765,178.0,90.0,2.6700000762939453
2025-01-27T20:53:16Z,Run,2025-01-27T21:18:46Z,-8.05528008,-34.95270383,178.0,90.0,2.6700000762939453
2025-01-27T20:53:16Z,Run,2025-01-27T21:18:47Z,-8.05527275,-34.95273049,176.0,90.0,2.680000066757202
2025-01-27T20:53:16Z,Run,2025-01-27T21:18:48Z,-8.05526242,-34.95275782,176.0,90.0,2.680000066757202
2025-01-27T20:53:16Z,Run,2025-01-27T21:18:49Z,-8.05525443,-34.95278448,176.0,90.0,2.680000066757202
2025-01-27T20:53:16Z,Run,2025-01-27T21:18:50Z,-8.0552491,-34.95281081,176.0,90.0,2.690000057220459
2025-01-27T20:53:16Z,Run,2025-01-27T21:18:51Z,-8.05524611,-34.95283747,176.0,90.0,2.700000047683716
2025-01-27T20:53:16Z,Run,2025-01-27T21:18:52Z,-8.05524378,-34.95286413,176.0,90.0,2.7100000381469727
2025-01-27T20:53:16Z,Run,2025-01-27T21:18:53Z,-8.05524178,-34.95288947,176.0,90.0,2.7200000286102295
2025-01-27T20:53:16Z,Run,2025-01-27T21:18:54Z,-8.05524178,-34.95291379,177.0,90.0,2.7300000190734863
2025-01-27T20:53:16Z,Run,2025-01-27T21:18:55Z,-8.05524045,-34.95293746,177.0,90.0,2.7300000190734863
2025-01-27T20:53:16Z,Run,2025-01-27T21:18:56Z,-8.05523745,-34.95295778,177.0,90.0,2.7300000190734863
2025-01-27T20:53:16Z,Run,2025-01-27T21:18:57Z,-8.05523613,-34.9529811,176.0,90.0,2.740000009536743
2025-01-27T20:53:16Z,Run,2025-01-27T21:18:58Z,-8.05523613,-34.95300277,174.0,90.0,2.75
2025-01-27T20:53:16Z,Run,2025-01-27T21:18:59Z,-8.0552378,-34.9530271,173.0,90.0,2.75
2025-01-27T20:53:16Z,Run,2025-01-27T21:19:00Z,-8.05524113,-34.95305276,173.0,89.0,2.75
2025-01-27T20:53:16Z,Run,2025-01-27T21:19:01Z,-8.05524512,-34.95307642,173.0,89.0,2.75
2025-01-27T20:53:16Z,Run,2025-01-27T21:19:02Z,-8.05524979,-34.95309941,173.0,89.0,2.75
2025-01-27T20:53:16Z,Run,2025-01-27T21:19:03Z,-8.05525511,-34.95312274,173.0,90.0,2.75
2025-01-27T20:53:16Z,Run,2025-01-27T21:19:04Z,-8.05526144,-34.9531454,173.0,90.0,2.75
2025-01-27T20:53:16Z,Run,2025-01-27T21:19:05Z,-8.05526844,-34.95316839,173.0,90.0,2.75
2025-01-27T20:53:16Z,Run,2025-01-27T21:19:06Z,-8.0552761,-34.95319138,173.0,90.0,2.75
2025-01-27T20:53:16Z,Run,2025-01-27T21:19:07Z,-8.0552831,-34.9532167,173.0,90.0,2.75
2025-01-27T20:53:16Z,Run,2025-01-27T21:19:08Z,-8.05528977,-34.9532387,174.0,90.0,2.75
2025-01-27T20:53:16Z,Run,2025-01-27T21:19:09Z,-8.05529776,-34.95326103,176.0,90.0,2.75
2025-01-27T20:53:16Z,Run,2025-01-27T21:19:10Z,-8.05530676,-34.95328303,175.0,90.0,2.75
2025-01-27T20:53:16Z,Run,2025-01-27T21:19:11Z,-8.05531475,-34.95330469,174.0,90.0,2.75
2025-01-27T20:53:16Z,Run,2025-01-27T21:19:12Z,-8.05532107,-34.95332669,174.0,89.0,2.75
2025-01-27T20:53:16Z,Run,2025-01-27T21:19:13Z,-8.05532707,-34.95334735,174.0,89.0,2.75
2025-01-27T20:53:16Z,Run,2025-01-27T21:19:14Z,-8.05533407,-34.95336868,174.0,89.0,2.75
2025-01-27T20:53:16Z,Run,2025-01-27T21:19:15Z,-8.05534006,-34.95339001,173.0,89.0,2.75
2025-01-27T20:53:16Z,Run,2025-01-27T21:19:16Z,-8.05534638,-34.95341167,173.0,90.0,2.740000009536743
2025-01-27T20:53:16Z,Run,2025-01-27T21:19:17Z,-8.05535305,-34.95343367,173.0,90.0,2.740000009536743
2025-01-27T20:53:16Z,Run,2025-01-27T21:19:18Z,-8.05536005,-34.95345534,173.0,89.0,2.7300000190734863
2025-01-27T20:53:16Z,Run,2025-01-27T21:19:19Z,-8.05536705,-34.95347734,173.0,89.0,2.7300000190734863
2025-01-27T20:53:16Z,Run,2025-01-27T21:19:20Z,-8.05537604,-34.95349833,173.0,89.0,2.7300000190734863
2025-01-27T20:53:16Z,Run,2025-01-27T21:19:21Z,-8.05538771,-34.95351798,172.0,89.0,2.7300000190734863
2025-01-27T20:53:16Z,Run,2025-01-27T21:19:22Z,-8.0554007,-34.95353564,172.0,89.0,2.7300000190734863
2025-01-27T20:53:16Z,Run,2025-01-27T21:19:23Z,-8.05541636,-34.95355131,172.0,88.0,2.7200000286102295
2025-01-27T20:53:16Z,Run,2025-01-27T21:19:24Z,-8.05543302,-34.95356531,172.0,87.0,2.7100000381469727
2025-01-27T20:53:16Z,Run,2025-01-27T21:19:25Z,-8.05544835,-34.95357597,172.0,87.0,2.7100000381469727
2025-01-27T20:53:16Z,Run,2025-01-27T21:19:26Z,-8.05546169,-34.95358563,173.0,86.0,2.7100000381469727
2025-01-27T20:53:16Z,Run,2025-01-27T21:19:27Z,-8.05547368,-34.95359462,174.0,84.0,2.7100000381469727
2025-01-27T20:53:16Z,Run,2025-01-27T21:19:28Z,-8.05548268,-34.95360529,174.0,85.0,2.700000047683716
2025-01-27T20:53:16Z,Run,2025-01-27T21:19:29Z,-8.05548833,-34.95361562,174.0,85.0,2.680000066757202
2025-01-27T20:53:16Z,Run,2025-01-27T21:19:30Z,-8.05549199,-34.95363028,173.0,86.0,2.6600000858306885
2025-01-27T20:53:16Z,Run,2025-01-27T21:19:31Z,-8.05549432,-34.95364661,173.0,86.0,2.6600000858306885
2025-01-27T20:53:16Z,Run,2025-01-27T21:19:32Z,-8.05549831,-34.95366261,173.0,86.0,2.1500000953674316
2025-01-27T20:53:16Z,Run,2025-01-27T21:19:33Z,-8.05550565,-34.9536776,173.0,88.0,1.690000057220459
2025-01-27T20:53:16Z,Run,2025-01-27T21:19:34Z,-8.0555173,-34.95369093,173.0,89.0,1.7300000190734863
2025-01-27T20:53:16Z,Run,2025-01-27T21:19:35Z,-8.0555313,-34.95370227,174.0,88.0,1.7300000190734863
2025-01-27T20:53:16Z,Run,2025-01-27T21:19:36Z,-8.05554764,-34.95371226,174.0,88.0,1.7999999523162842
2025-01-27T20:53:16Z,Run,2025-01-27T21:19:37Z,-8.05556796,-34.95372192,174.0,88.0,1.7999999523162842
2025-01-27T20:53:16Z,Run,2025-01-27T21:19:38Z,-8.05558863,-34.95373026,174.0,88.0,1.9299999475479126
2025-01-27T20:53:16Z,Run,2025-01-27T21:19:39Z,-8.05561062,-34.95373925,174.0,89.0,2.049999952316284
2025-01-27T20:53:16Z,Run,2025-01-27T21:19:40Z,-8.05563327,-34.95375258,173.0,88.0,2.200000047683716
2025-01-27T20:53:16Z,Run,2025-01-27T21:19:41Z,-8.05564961,-34.9537689,173.0,88.0,2.319999933242798
2025-01-27T20:53:16Z,Run,2025-01-27T21:19:42Z,-8.05566327,-34.95378724,173.0,88.0,2.4200000762939453
2025-01-27T20:53:16Z,Run,2025-01-27T21:19:43Z,-8.05567294,-34.95380624,173.0,88.0,2.4200000762939453
2025-01-27T20:53:16Z,Run,2025-01-27T21:19:44Z,-8.05567926,-34.95382756,174.0,89.0,2.5299999713897705
2025-01-27T20:53:16Z,Run,2025-01-27T21:19:45Z,-8.05568425,-34.95384989,174.0,89.0,2.5799999237060547
2025-01-27T20:53:16Z,Run,2025-01-27T21:19:46Z,-8.05568691,-34.95387389,173.0,89.0,2.5899999141693115
2025-01-27T20:53:16Z,Run,2025-01-27T21:19:47Z,-8.05568958,-34.95389623,174.0,89.0,2.609999895095825
2025-01-27T20:53:16Z,Run,2025-01-27T21:19:48Z,-8.05569158,-34.95391922,174.0,88.0,2.630000114440918
2025-01-27T20:53:16Z,Run,2025-01-27T21:19:49Z,-8.05569324,-34.95394521,174.0,88.0,2.630000114440918
2025-01-27T20:53:16Z,Run,2025-01-27T21:19:50Z,-8.0556939,-34.95396987,175.0,88.0,2.630000114440918
2025-01-27T20:53:16Z,Run,2025-01-27T21:19:52Z,-8.05569423,-34.9539962,174.0,88.0,2.680000066757202
2025-01-27T20:53:16Z,Run,2025-01-27T21:19:52Z,-8.05569423,-34.95402152,,,
2025-01-27T20:53:16Z,Run,2025-01-27T21:19:53Z,-8.05569589,-34.95404552,174.0,88.0,2.7100000381469727
2025-01-27T20:53:16Z,Run,2025-01-27T21:19:54Z,-8.05569721,-34.95406951,175.0,89.0,2.7100000381469727
2025-01-27T20:53:16Z,Run,2025-01-27T21:19:55Z,-8.05569721,-34.95409318,175.0,89.0,2.7100000381469727
2025-01-27T20:53:16Z,Run,2025-01-27T21:19:56Z,-8.05569689,-34.95411683,176.0,89.0,2.690000057220459
2025-01-27T20:53:16Z,Run,2025-01-27T21:19:57Z,-8.05569557,-34.95414083,177.0,89.0,2.6700000762939453
2025-01-27T20:53:16Z,Run,2025-01-27T21:19:58Z,-8.05569357,-34.95416382,177.0,89.0,2.6500000953674316
2025-01-27T20:53:16Z,Run,2025-01-27T21:19:59Z,-8.05569124,-34.95418681,178.0,90.0,2.609999895095825
2025-01-27T20:53:16Z,Run,2025-01-27T21:20:00Z,-8.05568891,-34.95420747,178.0,89.0,2.569999933242798
2025-01-27T20:53:16Z,Run,2025-01-27T21:20:01Z,-8.05568691,-34.95422914,178.0,89.0,2.569999933242798
2025-01-27T20:53:16Z,Run,2025-01-27T21:20:02Z,-8.05568492,-34.95425114,177.0,89.0,2.559999942779541
2025-01-27T20:53:16Z,Run,2025-01-27T21:20:03Z,-8.05568259,-34.95427279,178.0,89.0,2.549999952316284
2025-01-27T20:53:16Z,Run,2025-01-27T21:20:04Z,-8.05567992,-34.95429479,179.0,89.0,2.509999990463257
2025-01-27T20:53:16Z,Run,2025-01-27T21:20:05Z,-8.0556766,-34.95431679,181.0,89.0,2.490000009536743
2025-01-27T20:53:16Z,Run,2025-01-27T21:20:06Z,-8.0556726,-34.95433945,182.0,89.0,2.4600000381469727
2025-01-27T20:53:16Z,Run,2025-01-27T21:20:07Z,-8.0556666,-34.95436211,182.0,89.0,2.4600000381469727
2025-01-27T20:53:16Z,Run,2025-01-27T21:20:08Z,-8.05566027,-34.95438476,182.0,89.0,2.4600000381469727
2025-01-27T20:53:16Z,Run,2025-01-27T21:20:09Z,-8.05565461,-34.95440775,183.0,89.0,2.4600000381469727
2025-01-27T20:53:16Z,Run,2025-01-27T21:20:10Z,-8.05564962,-34.95443209,183.0,89.0,2.4600000381469727
2025-01-27T20:53:16Z,Run,2025-01-27T21:20:11Z,-8.05564696,-34.95445608,182.0,89.0,2.4600000381469727
2025-01-27T20:53:16Z,Run,2025-01-27T21:20:12Z,-8.05564429,-34.95447974,182.0,89.0,2.4600000381469727
2025-01-27T20:53:16Z,Run,2025-01-27T21:20:13Z,-8.05564229,-34.95450441,182.0,89.0,2.4600000381469727
2025-01-27T20:53:16Z,Run,2025-01-27T21:20:14Z,-8.05564097,-34.9545274,182.0,90.0,2.4700000286102295
2025-01-27T20:53:16Z,Run,2025-01-27T21:20:15Z,-8.05564097,-34.95455006,182.0,90.0,2.4700000286102295
2025-01-27T20:53:16Z,Run,2025-01-27T21:20:16Z,-8.05564196,-34.95457405,178.0,90.0,2.4800000190734863
2025-01-27T20:53:16Z,Run,2025-01-27T21:20:17Z,-8.05564296,-34.95459605,174.0,90.0,2.4800000190734863
2025-01-27T20:53:16Z,Run,2025-01-27T21:20:18Z,-8.05564329,-34.9546187,172.0,90.0,2.490000009536743
2025-01-27T20:53:16Z,Run,2025-01-27T21:20:19Z,-8.05564362,-34.95464304,172.0,90.0,2.490000009536743
2025-01-27T20:53:16Z,Run,2025-01-27T21:20:20Z,-8.05564461,-34.95466669,171.0,90.0,2.5
2025-01-27T20:53:16Z,Run,2025-01-27T21:20:21Z,-8.05564394,-34.95469136,173.0,90.0,2.5
2025-01-27T20:53:16Z,Run,2025-01-27T21:20:22Z,-8.05564194,-34.95471603,173.0,90.0,2.5
2025-01-27T20:53:16Z,Run,2025-01-27T21:20:23Z,-8.05564062,-34.95473902,173.0,90.0,2.509999990463257
2025-01-27T20:53:16Z,Run,2025-01-27T21:20:24Z,-8.05564029,-34.95476402,173.0,90.0,2.509999990463257
2025-01-27T20:53:16Z,Run,2025-01-27T21:20:25Z,-8.0556393,-34.95478934,173.0,90.0,2.509999990463257
2025-01-27T20:53:16Z,Run,2025-01-27T21:20:26Z,-8.0556383,-34.95481566,174.0,90.0,2.509999990463257
2025-01-27T20:53:16Z,Run,2025-01-27T21:20:27Z,-8.05563665,-34.95484166,176.0,89.0,2.5199999809265137
2025-01-27T20:53:16Z,Run,2025-01-27T21:20:28Z,-8.05563365,-34.95486732,176.0,89.0,2.5299999713897705
2025-01-27T20:53:16Z,Run,2025-01-27T21:20:29Z,-8.05562999,-34.95489232,176.0,89.0,2.5399999618530273
2025-01-27T20:53:16Z,Run,2025-01-27T21:20:30Z,-8.05562733,-34.95491598,175.0,89.0,2.549999952316284
2025-01-27T20:53:16Z,Run,2025-01-27T21:20:31Z,-8.05562367,-34.95494064,175.0,89.0,2.549999952316284
2025-01-27T20:53:16Z,Run,2025-01-27T21:20:32Z,-8.05561734,-34.95496663,175.0,89.0,2.559999942779541
2025-01-27T20:53:16Z,Run,2025-01-27T21:20:33Z,-8.05561034,-34.95499063,173.0,88.0,2.569999933242798
2025-01-27T20:53:16Z,Run,2025-01-27T21:20:34Z,-8.05560234,-34.95501329,172.0,88.0,2.5899999141693115
2025-01-27T20:53:16Z,Run,2025-01-27T21:20:35Z,-8.05559602,-34.95503461,172.0,88.0,2.5899999141693115
2025-01-27T20:53:16Z,Run,2025-01-27T21:20:36Z,-8.05559003,-34.95505595,172.0,89.0,2.5999999046325684
2025-01-27T20:53:16Z,Run,2025-01-27T21:20:37Z,-8.05558436,-34.9550786,172.0,89.0,2.5999999046325684
2025-01-27T20:53:16Z,Run,2025-01-27T21:20:38Z,-8.05558003,-34.95510126,173.0,89.0,2.609999895095825
2025-01-27T20:53:16Z,Run,2025-01-27T21:20:39Z,-8.0555767,-34.95512658,173.0,89.0,2.609999895095825
2025-01-27T20:53:16Z,Run,2025-01-27T21:20:40Z,-8.05557371,-34.95515091,173.0,89.0,2.609999895095825
2025-01-27T20:53:16Z,Run,2025-01-27T21:20:41Z,-8.05557072,-34.95517524,173.0,90.0,2.619999885559082
2025-01-27T20:53:16Z,Run,2025-01-27T21:20:43Z,-8.05556773,-34.95519691,173.0,89.0,2.619999885559082
2025-01-27T20:53:16Z,Run,2025-01-27T21:20:44Z,-8.05556439,-34.95521857,174.0,90.0,2.619999885559082
2025-01-27T20:53:16Z,Run,2025-01-27T21:20:45Z,-8.05556174,-34.9552459,174.0,90.0,2.619999885559082
2025-01-27T20:53:16Z,Run,2025-01-27T21:20:46Z,-8.05556008,-34.9552699,174.0,90.0,2.619999885559082
2025-01-27T20:53:16Z,Run,2025-01-27T21:20:47Z,-8.05555709,-34.95529389,174.0,89.0,2.619999885559082
2025-01-27T20:53:16Z,Run,2025-01-27T21:20:48Z,-8.05555142,-34.95531654,174.0,89.0,2.619999885559082
2025-01-27T20:53:16Z,Run,2025-01-27T21:20:49Z,-8.05554409,-34.95533854,174.0,89.0,2.619999885559082
2025-01-27T20:53:16Z,Run,2025-01-27T21:20:50Z,-8.05553842,-34.9553612,174.0,89.0,2.619999885559082
2025-01-27T20:53:16Z,Run,2025-01-27T21:20:51Z,-8.05553376,-34.95538487,174.0,89.0,2.619999885559082
2025-01-27T20:53:16Z,Run,2025-01-27T21:20:52Z,-8.0555291,-34.95540786,174.0,89.0,2.619999885559082
2025-01-27T20:53:16Z,Run,2025-01-27T21:20:53Z,-8.0555251,-34.95543085,174.0,88.0,2.619999885559082
2025-01-27T20:53:16Z,Run,2025-01-27T21:20:54Z,-8.05552044,-34.9554535,175.0,88.0,2.619999885559082
2025-01-27T20:53:16Z,Run,2025-01-27T21:20:55Z,-8.05551644,-34.9554755,175.0,89.0,2.619999885559082
2025-01-27T20:53:16Z,Run,2025-01-27T21:20:56Z,-8.05551244,-34.95549717,175.0,89.0,2.619999885559082
2025-01-27T20:53:16Z,Run,2025-01-27T21:20:57Z,-8.05550979,-34.95551816,174.0,90.0,2.619999885559082
2025-01-27T20:53:16Z,Run,2025-01-27T21:20:58Z,-8.0555088,-34.95554115,174.0,90.0,2.619999885559082
2025-01-27T20:53:16Z,Run,2025-01-27T21:20:59Z,-8.0555078,-34.95556315,174.0,90.0,2.619999885559082
2025-01-27T20:53:16Z,Run,2025-01-27T21:21:00Z,-8.05550912,-34.95558482,175.0,90.0,2.619999885559082
2025-01-27T20:53:16Z,Run,2025-01-27T21:21:01Z,-8.05550979,-34.95560715,175.0,89.0,2.609999895095825
2025-01-27T20:53:16Z,Run,2025-01-27T21:21:02Z,-8.05550912,-34.95563081,175.0,89.0,2.609999895095825
2025-01-27T20:53:16Z,Run,2025-01-27T21:21:03Z,-8.05550713,-34.95565613,174.0,89.0,2.609999895095825
2025-01-27T20:53:16Z,Run,2025-01-27T21:21:04Z,-8.05550313,-34.9556808,174.0,89.0,2.609999895095825
2025-01-27T20:53:16Z,Run,2025-01-27T21:21:05Z,-8.05549881,-34.95570612,173.0,89.0,2.609999895095825
2025-01-27T20:53:16Z,Run,2025-01-27T21:21:06Z,-8.05549447,-34.95573144,173.0,90.0,2.609999895095825
2025-01-27T20:53:16Z,Run,2025-01-27T21:21:07Z,-8.05549014,-34.95575543,173.0,89.0,2.609999895095825
2025-01-27T20:53:16Z,Run,2025-01-27T21:21:08Z,-8.05548515,-34.95577809,173.0,89.0,2.609999895095825
2025-01-27T20:53:16Z,Run,2025-01-27T21:21:09Z,-8.05548049,-34.95580142,173.0,88.0,2.609999895095825
2025-01-27T20:53:16Z,Run,2025-01-27T21:21:10Z,-8.05547716,-34.95582541,173.0,88.0,2.609999895095825
2025-01-27T20:53:16Z,Run,2025-01-27T21:21:11Z,-8.05547284,-34.95584807,173.0,88.0,2.609999895095825
2025-01-27T20:53:16Z,Run,2025-01-27T21:21:12Z,-8.05547084,-34.95586674,173.0,85.0,2.609999895095825
2025-01-27T20:53:16Z,Run,2025-01-27T21:21:13Z,-8.05547316,-34.95588074,173.0,84.0,2.609999895095825
2025-01-27T20:53:16Z,Run,2025-01-27T21:21:14Z,-8.05547516,-34.95588973,172.0,84.0,2.609999895095825
2025-01-27T20:53:16Z,Run,2025-01-27T21:21:15Z,-8.05547516,-34.95589005,171.0,85.0,2.609999895095825
2025-01-27T20:53:16Z,Run,2025-01-27T21:21:16Z,-8.05547284,-34.95588438,171.0,85.0,2.609999895095825
2025-01-27T20:53:16Z,Run,2025-01-27T21:21:17Z,-8.0554695,-34.95587406,171.0,87.0,2.5899999141693115
2025-01-27T20:53:16Z,Run,2025-01-27T21:21:18Z,-8.05546685,-34.95586006,171.0,88.0,2.569999933242798
2025-01-27T20:53:16Z,Run,2025-01-27T21:21:19Z,-8.05546352,-34.95584406,171.0,89.0,2.0899999141693115
2025-01-27T20:53:16Z,Run,2025-01-27T21:21:20Z,-8.05546052,-34.95582773,172.0,89.0,1.6200000047683716
2025-01-27T20:53:16Z,Run,2025-01-27T21:21:21Z,-8.0554582,-34.95581106,172.0,89.0,1.6200000047683716
2025-01-27T20:53:16Z,Run,2025-01-27T21:21:22Z,-8.05545654,-34.95579307,172.0,89.0,1.6200000047683716
2025-01-27T20:53:16Z,Run,2025-01-27T21:21:23Z,-8.05545588,-34.95577374,172.0,89.0,1.690000057220459
2025-01-27T20:53:16Z,Run,2025-01-27T21:21:24Z,-8.05545588,-34.9557544,171.0,89.0,1.7899999618530273
2025-01-27T20:53:16Z,Run,2025-01-27T21:21:25Z,-8.05545555,-34.95573475,171.0,89.0,1.850000023841858
2025-01-27T20:53:16Z,Run,2025-01-27T21:21:26Z,-8.05545523,-34.95571341,171.0,89.0,1.8899999856948853
2025-01-27T20:53:16Z,Run,2025-01-27T21:21:27Z,-8.05545456,-34.95569209,172.0,89.0,1.9199999570846558
2025-01-27T20:53:16Z,Run,2025-01-27T21:21:28Z,-8.05545356,-34.95566976,172.0,89.0,1.9199999570846558
2025-01-27T20:53:16Z,Run,2025-01-27T21:21:29Z,-8.0554539,-34.95564643,171.0,88.0,1.9900000095367432
2025-01-27T20:53:16Z,Run,2025-01-27T21:21:30Z,-8.05545689,-34.9556221,171.0,88.0,2.049999952316284
2025-01-27T20:53:16Z,Run,2025-01-27T21:21:31Z,-8.05546054,-34.95559678,171.0,88.0,2.109999895095825
2025-01-27T20:53:16Z,Run,2025-01-27T21:21:32Z,-8.05546454,-34.95557045,171.0,88.0,2.2300000190734863
2025-01-27T20:53:16Z,Run,2025-01-27T21:21:33Z,-8.05546854,-34.95554379,172.0,88.0,2.390000104904175
2025-01-27T20:53:16Z,Run,2025-01-27T21:21:34Z,-8.0554722,-34.95551746,172.0,88.0,2.390000104904175
2025-01-27T20:53:16Z,Run,2025-01-27T21:21:35Z,-8.05547519,-34.9554908,172.0,88.0,2.5999999046325684
2025-01-27T20:53:16Z,Run,2025-01-27T21:21:36Z,-8.05547719,-34.95546414,172.0,89.0,2.740000009536743
2025-01-27T20:53:16Z,Run,2025-01-27T21:21:37Z,-8.05547786,-34.95543882,172.0,89.0,2.7799999713897705
2025-01-27T20:53:16Z,Run,2025-01-27T21:21:38Z,-8.05547786,-34.95541482,172.0,89.0,2.7799999713897705
2025-01-27T20:53:16Z,Run,2025-01-27T21:21:39Z,-8.05547918,-34.95539282,172.0,88.0,2.7799999713897705
2025-01-27T20:53:16Z,Run,2025-01-27T21:21:40Z,-8.05548251,-34.95537283,172.0,88.0,2.7799999713897705
2025-01-27T20:53:16Z,Run,2025-01-27T21:21:41Z,-8.05548484,-34.95535217,173.0,89.0,2.7699999809265137
2025-01-27T20:53:16Z,Run,2025-01-27T21:21:42Z,-8.05548583,-34.95533151,173.0,89.0,2.700000047683716
2025-01-27T20:53:16Z,Run,2025-01-27T21:21:43Z,-8.05548616,-34.95531018,174.0,89.0,2.569999933242798
2025-01-27T20:53:16Z,Run,2025-01-27T21:21:44Z,-8.05548549,-34.95528986,174.0,89.0,2.450000047683716
2025-01-27T20:53:16Z,Run,2025-01-27T21:21:45Z,-8.05548648,-34.95526886,174.0,89.0,2.390000104904175
2025-01-27T20:53:16Z,Run,2025-01-27T21:21:47Z,-8.05549648,-34.9551832,174.0,89.0,2.380000114440918
2025-01-27T20:53:16Z,Run,2025-01-27T21:21:48Z,-8.05549681,-34.95517721,174.0,88.0,2.369999885559082
2025-01-27T20:53:16Z,Run,2025-01-27T21:21:49Z,-8.05549813,-34.95516454,173.0,88.0,2.359999895095825
2025-01-27T20:53:16Z,Run,2025-01-27T21:21:50Z,-8.05549813,-34.95514655,172.0,88.0,2.3399999141693115
2025-01-27T20:53:16Z,Run,2025-01-27T21:21:51Z,-8.05549746,-34.95512455,172.0,88.0,2.319999933242798
2025-01-27T20:53:16Z,Run,2025-01-27T21:21:52Z,-8.05549546,-34.95510423,173.0,88.0,2.299999952316284
2025-01-27T20:53:16Z,Run,2025-01-27T21:21:53Z,-8.05549514,-34.9550859,173.0,88.0,2.299999952316284
2025-01-27T20:53:16Z,Run,2025-01-27T21:21:54Z,-8.05549546,-34.95506791,174.0,88.0,2.259999990463257
2025-01-27T20:53:16Z,Run,2025-01-27T21:21:55Z,-8.05549579,-34.95505224,174.0,88.0,2.109999895095825
2025-01-27T20:53:16Z,Run,2025-01-27T21:21:56Z,-8.05549579,-34.95503892,175.0,88.0,1.8899999856948853
2025-01-27T20:53:16Z,Run,2025-01-27T21:21:57Z,-8.05549645,-34.95502758,174.0,88.0,1.7699999809265137
2025-01-27T20:53:16Z,Run,2025-01-27T21:21:58Z,-8.05549645,-34.95501692,173.0,88.0,1.7699999809265137
2025-01-27T20:53:16Z,Run,2025-01-27T21:21:59Z,-8.05549579,-34.95500692,173.0,88.0,1.7699999809265137
2025-01-27T20:53:16Z,Run,2025-01-27T21:22:00Z,-8.0554948,-34.95499626,173.0,88.0,1.6100000143051147
2025-01-27T20:53:16Z,Run,2025-01-27T21:22:01Z,-8.05549413,-34.95498559,174.0,88.0,1.3600000143051147
2025-01-27T20:53:16Z,Run,2025-01-27T21:22:02Z,-8.05549381,-34.9549736,174.0,88.0,1.2300000190734863
2025-01-27T20:53:16Z,Run,2025-01-27T21:22:03Z,-8.05549314,-34.95496194,174.0,88.0,1.190000057220459
2025-01-27T20:53:16Z,Run,2025-01-27T21:22:04Z,-8.05549182,-34.95495094,174.0,88.0,1.190000057220459
2025-01-27T20:53:16Z,Run,2025-01-27T21:22:05Z,-8.05549048,-34.95494028,174.0,88.0,1.190000057220459
2025-01-27T20:53:16Z,Run,2025-01-27T21:22:06Z,-8.05549015,-34.95492961,174.0,88.0,1.1699999570846558
2025-01-27T20:53:16Z,Run,2025-01-27T21:22:07Z,-8.05549048,-34.95491861,173.0,88.0,1.159999966621399
2025-01-27T20:53:16Z,Run,2025-01-27T21:22:08Z,-8.05549015,-34.95490828,172.0,88.0,1.1699999570846558
2025-01-27T20:53:16Z,Run,2025-01-27T21:22:09Z,-8.05549015,-34.95489762,172.0,88.0,1.1699999570846558
2025-01-27T20:53:16Z,Run,2025-01-27T21:22:10Z,-8.05549048,-34.95488796,172.0,88.0,1.159999966621399
2025-01-27T20:53:16Z,Run,2025-01-27T21:22:11Z,-8.05549081,-34.9548793,172.0,88.0,1.159999966621399
2025-01-27T20:53:16Z,Run,2025-01-27T21:22:12Z,-8.05549048,-34.95487031,172.0,88.0,1.1299999952316284
2025-01-27T20:53:16Z,Run,2025-01-27T21:22:13Z,-8.05548949,-34.95486031,172.0,62.0,1.1200000047683716
2025-01-27T20:53:16Z,Run,2025-01-27T21:22:14Z,-8.05548783,-34.95484964,173.0,63.0,1.1200000047683716
2025-01-27T20:53:16Z,Run,2025-01-27T21:22:15Z,-8.05548684,-34.95483899,176.0,63.0,1.1200000047683716
2025-01-27T20:53:16Z,Run,2025-01-27T21:22:16Z,-8.05548617,-34.95482665,179.0,63.0,1.1200000047683716
2025-01-27T20:53:16Z,Run,2025-01-27T21:22:17Z,-8.05548716,-34.95481333,179.0,63.0,1.1200000047683716
2025-01-27T20:53:16Z,Run,2025-01-27T21:22:18Z,-8.05549082,-34.95480033,176.0,63.0,1.1299999952316284
2025-01-27T20:53:16Z,Run,2025-01-27T21:22:19Z,-8.05549382,-34.95478633,176.0,63.0,1.1399999856948853
2025-01-27T20:53:16Z,Run,2025-01-27T21:22:20Z,-8.05549614,-34.95477266,176.0,63.0,1.190000057220459
2025-01-27T20:53:16Z,Run,2025-01-27T21:22:21Z,-8.05550014,-34.95475866,176.0,63.0,1.25
2025-01-27T20:53:16Z,Run,2025-01-27T21:22:22Z,-8.0555038,-34.95474533,175.0,63.0,1.3200000524520874
2025-01-27T20:53:16Z,Run,2025-01-27T21:22:23Z,-8.05550679,-34.95473334,175.0,63.0,1.3200000524520874
2025-01-27T20:53:16Z,Run,2025-01-27T21:22:24Z,-8.05550879,-34.95472234,174.0,63.0,1.3899999856948853
2025-01-27T20:53:16Z,Run,2025-01-27T21:22:25Z,-8.05551079,-34.95471102,173.0,63.0,1.409999966621399
2025-01-27T20:53:16Z,Run,2025-01-27T21:22:26Z,-8.05551244,-34.95470035,173.0,63.0,1.409999966621399
2025-01-27T20:53:16Z,Run,2025-01-27T21:22:27Z,-8.05551378,-34.95468935,171.0,61.0,1.409999966621399
2025-01-27T20:53:16Z,Run,2025-01-27T21:22:28Z,-8.05551411,-34.95467836,169.0,62.0,1.3899999856948853
2025-01-27T20:53:16Z,Run,2025-01-27T21:22:29Z,-8.05551378,-34.95466636,169.0,62.0,1.3899999856948853
2025-01-27T20:53:16Z,Run,2025-01-27T21:22:30Z,-8.05551279,-34.95465269,169.0,62.0,1.340000033378601
2025-01-27T20:53:16Z,Run,2025-01-27T21:22:31Z,-8.05551279,-34.95463869,171.0,62.0,1.309999942779541
2025-01-27T20:53:16Z,Run,2025-01-27T21:22:32Z,-8.05551179,-34.9546237,171.0,62.0,1.309999942779541
2025-01-27T20:53:16Z,Run,2025-01-27T21:22:33Z,-8.05551046,-34.95460938,170.0,62.0,1.309999942779541
2025-01-27T20:53:16Z,Run,2025-01-27T21:22:34Z,-8.05551013,-34.95459538,168.0,62.0,1.309999942779541
2025-01-27T20:53:16Z,Run,2025-01-27T21:22:35Z,-8.05551179,-34.95458106,168.0,62.0,1.309999942779541
2025-01-27T20:53:16Z,Run,2025-01-27T21:22:36Z,-8.05551379,-34.95456739,168.0,63.0,1.309999942779541
2025-01-27T20:53:16Z,Run,2025-01-27T21:22:37Z,-8.05551511,-34.95455507,169.0,63.0,1.3200000524520874
2025-01-27T20:53:16Z,Run,2025-01-27T21:22:38Z,-8.05551544,-34.95454473,167.0,62.0,1.3200000524520874
2025-01-27T20:53:16Z,Run,2025-01-27T21:22:39Z,-8.05551412,-34.95453373,167.0,62.0,1.3300000429153442
2025-01-27T20:53:16Z,Run,2025-01-27T21:22:40Z,-8.05551212,-34.95452208,166.0,62.0,1.3300000429153442
2025-01-27T20:53:16Z,Run,2025-01-27T21:22:41Z,-8.05551112,-34.95451009,166.0,62.0,1.3300000429153442
2025-01-27T20:53:16Z,Run,2025-01-27T21:22:42Z,-8.05551179,-34.95449742,165.0,62.0,1.3300000429153442
2025-01-27T20:53:16Z,Run,2025-01-27T21:22:43Z,-8.05551279,-34.95448342,166.0,61.0,1.3300000429153442
2025-01-27T20:53:16Z,Run,2025-01-27T21:22:44Z,-8.05551378,-34.95446743,167.0,62.0,1.3300000429153442
2025-01-27T20:53:16Z,Run,2025-01-27T21:22:45Z,-8.0555151,-34.95445076,167.0,63.0,1.3300000429153442
2025-01-27T20:53:16Z,Run,2025-01-27T21:22:46Z,-8.05551543,-34.95443476,165.0,63.0,1.3300000429153442
2025-01-27T20:53:16Z,Run,2025-01-27T21:22:47Z,-8.05551477,-34.95441944,165.0,63.0,1.3300000429153442
2025-01-27T20:53:16Z,Run,2025-01-27T21:22:48Z,-8.05551344,-34.95440544,164.0,63.0,1.3300000429153442
2025-01-27T20:53:16Z,Run,2025-01-27T21:22:49Z,-8.05551279,-34.95439044,164.0,63.0,1.340000033378601
2025-01-27T20:53:16Z,Run,2025-01-27T21:22:50Z,-8.05551279,-34.95437677,162.0,63.0,1.350000023841858
2025-01-27T20:53:16Z,Run,2025-01-27T21:22:51Z,-8.05551344,-34.95436311,156.0,63.0,1.3600000143051147
2025-01-27T20:53:16Z,Run,2025-01-27T21:22:52Z,-8.05551377,-34.95434945,151.0,63.0,1.3700000047683716
2025-01-27T20:53:16Z,Run,2025-01-27T21:22:53Z,-8.05551344,-34.95433578,151.0,63.0,1.3700000047683716
2025-01-27T20:53:16Z,Run,2025-01-27T21:22:54Z,-8.05551443,-34.95432345,150.0,63.0,1.3799999952316284
2025-01-27T20:53:16Z,Run,2025-01-27T21:22:55Z,-8.0555151,-34.95431146,150.0,63.0,1.3899999856948853
2025-01-27T20:53:16Z,Run,2025-01-27T21:22:56Z,-8.05551609,-34.95429947,149.0,63.0,1.399999976158142
2025-01-27T20:53:16Z,Run,2025-01-27T21:22:57Z,-8.05551809,-34.95428748,149.0,63.0,1.399999976158142
2025-01-27T20:53:16Z,Run,2025-01-27T21:22:58Z,-8.05552076,-34.95427515,149.0,63.0,1.399999976158142
2025-01-27T20:53:16Z,Run,2025-01-27T21:22:59Z,-8.05552308,-34.95426316,149.0,63.0,1.399999976158142
2025-01-27T20:53:16Z,Run,2025-01-27T21:23:00Z,-8.05552475,-34.95425117,149.0,63.0,1.399999976158142
2025-01-27T20:53:16Z,Run,2025-01-27T21:23:01Z,-8.0555264,-34.95423951,148.0,63.0,1.399999976158142
2025-01-27T20:53:16Z,Run,2025-01-27T21:23:01Z,-8.05552907,-34.95422818,147.0,63.0,1.399999976158142
2025-01-27T20:53:16Z,Run,2025-01-27T21:23:02Z,-8.0555324,-34.95421785,144.0,62.0,1.3899999856948853
2025-01-27T20:53:16Z,Run,2025-01-27T21:23:03Z,-8.05553373,-34.95420752,142.0,62.0,1.3899999856948853
2025-01-27T20:53:16Z,Run,2025-01-27T21:23:04Z,-8.05553274,-34.95419919,143.0,62.0,1.3899999856948853
2025-01-27T20:53:16Z,Run,2025-01-27T21:23:05Z,-8.05553175,-34.9541902,143.0,62.0,1.3899999856948853
2025-01-27T20:53:16Z,Run,2025-01-27T21:23:06Z,-8.05553175,-34.9541802,144.0,61.0,1.3799999952316284
2025-01-27T20:53:16Z,Run,2025-01-27T21:23:07Z,-8.05553141,-34.95416921,144.0,61.0,1.3799999952316284
2025-01-27T20:53:16Z,Run,2025-01-27T21:23:08Z,-8.05553208,-34.95415687,143.0,61.0,1.3700000047683716
2025-01-27T20:53:16Z,Run,2025-01-27T21:23:09Z,-8.05553675,-34.95414321,140.0,61.0,1.3700000047683716
2025-01-27T20:53:16Z,Run,2025-01-27T21:23:10Z,-8.05554207,-34.95412688,141.0,61.0,1.3600000143051147
2025-01-27T20:53:16Z,Run,2025-01-27T21:23:11Z,-8.05554706,-34.95410989,141.0,61.0,1.3600000143051147
2025-01-27T20:53:16Z,Run,2025-01-27T21:23:12Z,-8.05555139,-34.95409189,142.0,61.0,1.3600000143051147
2025-01-27T20:53:16Z,Run,2025-01-27T21:23:13Z,-8.05555672,-34.9540739,142.0,61.0,1.3600000143051147
2025-01-27T20:53:16Z,Run,2025-01-27T21:23:14Z,-8.05556205,-34.95405691,142.0,61.0,1.3600000143051147
2025-01-27T20:53:16Z,Run,2025-01-27T21:23:15Z,-8.05556571,-34.95403992,142.0,61.0,1.3799999952316284
2025-01-27T20:53:16Z,Run,2025-01-27T21:23:16Z,-8.05556904,-34.95402293,142.0,61.0,1.3899999856948853
2025-01-27T20:53:16Z,Run,2025-01-27T21:23:17Z,-8.0555737,-34.95400893,142.0,61.0,1.3899999856948853
2025-01-27T20:53:16Z,Run,2025-01-27T21:23:18Z,-8.05558002,-34.9539956,142.0,61.0,1.409999966621399
2025-01-27T20:53:16Z,Run,2025-01-27T21:23:19Z,-8.05558702,-34.95398394,143.0,61.0,1.4199999570846558
2025-01-27T20:53:16Z,Run,2025-01-27T21:23:20Z,-8.05559435,-34.95397294,143.0,61.0,1.4299999475479126
2025-01-27T20:53:16Z,Run,2025-01-27T21:23:21Z,-8.05559968,-34.95396228,143.0,61.0,1.440000057220459
2025-01-27T20:53:16Z,Run,2025-01-27T21:23:22Z,-8.05560233,-34.95394894,143.0,61.0,1.4500000476837158
2025-01-27T20:53:16Z,Run,2025-01-27T21:23:23Z,-8.05560367,-34.95393629,143.0,61.0,1.4500000476837158
2025-01-27T20:53:16Z,Run,2025-01-27T21:23:24Z,-8.05560499,-34.95392429,142.0,61.0,1.4600000381469727
2025-01-27T20:53:16Z,Run,2025-01-27T21:23:25Z,-8.05560766,-34.95391263,142.0,61.0,1.4600000381469727
2025-01-27T20:53:16Z,Run,2025-01-27T21:23:26Z,-8.05561198,-34.95390031,142.0,61.0,1.4600000381469727
2025-01-27T20:53:16Z,Run,2025-01-27T21:23:27Z,-8.05561664,-34.95388664,142.0,61.0,1.4600000381469727
2025-01-27T20:53:16Z,Run,2025-01-27T21:23:28Z,-8.0556203,-34.95387398,142.0,62.0,1.4600000381469727
2025-01-27T20:53:16Z,Run,2025-01-27T21:23:29Z,-8.05562097,-34.95386198,142.0,62.0,1.4600000381469727
2025-01-27T20:53:16Z,Run,2025-01-27T21:23:30Z,-8.05562097,-34.95384933,141.0,62.0,1.4600000381469727
2025-01-27T20:53:16Z,Run,2025-01-27T21:23:31Z,-8.0556183,-34.95383599,140.0,62.0,1.4600000381469727
2025-01-27T20:53:16Z,Run,2025-01-27T21:23:32Z,-8.05561398,-34.95382367,139.0,62.0,1.4600000381469727
2025-01-27T20:53:16Z,Run,2025-01-27T21:23:33Z,-8.05560899,-34.953811,139.0,61.0,1.4600000381469727
2025-01-27T20:53:16Z,Run,2025-01-27T21:23:34Z,-8.05560499,-34.95379868,138.0,60.0,1.4600000381469727
2025-01-27T20:53:16Z,Run,2025-01-27T21:23:35Z,-8.05560032,-34.95378835,138.0,60.0,1.4600000381469727
2025-01-27T20:53:16Z,Run,2025-01-27T21:23:36Z,-8.05559467,-34.95377969,138.0,60.0,1.4600000381469727
2025-01-27T20:53:16Z,Run,2025-01-27T21:23:37Z,-8.05558801,-34.95377202,137.0,60.0,1.4600000381469727
2025-01-27T20:53:16Z,Run,2025-01-27T21:23:38Z,-8.05558034,-34.95376603,138.0,60.0,1.4600000381469727
2025-01-27T20:53:16Z,Run,2025-01-27T21:23:39Z,-8.05557035,-34.95376471,139.0,60.0,1.4600000381469727
2025-01-27T20:53:16Z,Run,2025-01-27T21:23:40Z,-8.05556002,-34.95376537,140.0,60.0,1.4600000381469727
2025-01-27T20:53:16Z,Run,2025-01-27T21:23:41Z,-8.05554969,-34.95376636,140.0,60.0,1.4600000381469727
2025-01-27T20:53:16Z,Run,2025-01-27T21:23:42Z,-8.05553803,-34.95376836,140.0,60.0,1.4600000381469727
2025-01-27T20:53:16Z,Run,2025-01-27T21:23:43Z,-8.0555267,-34.95377002,140.0,63.0,1.4500000476837158
2025-01-27T20:53:16Z,Run,2025-01-27T21:23:44Z,-8.05551504,-34.95377068,139.0,63.0,1.4500000476837158
2025-01-27T20:53:16Z,Run,2025-01-27T21:23:45Z,-8.05550438,-34.95377036,138.0,63.0,1.440000057220459
2025-01-27T20:53:16Z,Run,2025-01-27T21:23:46Z,-8.05549405,-34.95377036,138.0,63.0,1.4299999475479126
2025-01-27T20:53:16Z,Run,2025-01-27T21:23:49Z,-8.05548339,-34.95376869,139.0,63.0,1.4299999475479126
2025-01-27T20:53:16Z,Run,2025-01-27T21:23:50Z,-8.05546307,-34.9537647,139.0,63.0,1.4199999570846558
2025-01-27T20:53:16Z,Run,2025-01-27T21:23:51Z,-8.05544374,-34.95376237,139.0,63.0,1.350000023841858
2025-01-27T20:53:16Z,Run,2025-01-27T21:23:52Z,-8.05542441,-34.95375938,139.0,63.0,1.2799999713897705
2025-01-27T20:53:16Z,Run,2025-01-27T21:23:53Z,-8.05540142,-34.95375471,139.0,63.0,1.2799999713897705
2025-01-27T20:53:16Z,Run,2025-01-27T21:23:54Z,-8.05537842,-34.95374938,139.0,63.0,1.3700000047683716
2025-01-27T20:53:16Z,Run,2025-01-27T21:23:55Z,-8.05535377,-34.95374472,139.0,63.0,1.559999942779541
2025-01-27T20:53:16Z,Run,2025-01-27T21:23:56Z,-8.05532943,-34.95374205,140.0,63.0,1.8700000047683716
2025-01-27T20:53:16Z,Run,2025-01-27T21:23:57Z,-8.05530444,-34.95374139,141.0,63.0,2.240000009536743
2025-01-27T20:53:16Z,Run,2025-01-27T21:23:58Z,-8.05527944,-34.95374106,141.0,63.0,2.5399999618530273
2025-01-27T20:53:16Z,Run,2025-01-27T21:23:59Z,-8.05525312,-34.95373907,141.0,63.0,2.5399999618530273
2025-01-27T20:53:16Z,Run,2025-01-27T21:24:00Z,-8.05522745,-34.95373741,141.0,63.0,2.759999990463257
2025-01-27T20:53:16Z,Run,2025-01-27T21:24:01Z,-8.05520013,-34.95373541,140.0,88.0,2.8399999141693115
2025-01-27T20:53:16Z,Run,2025-01-27T21:24:02Z,-8.05517381,-34.95373375,140.0,88.0,2.8499999046325684
2025-01-27T20:53:16Z,Run,2025-01-27T21:24:03Z,-8.05514847,-34.95373208,140.0,89.0,2.8399999141693115
2025-01-27T20:53:16Z,Run,2025-01-27T21:24:04Z,-8.05512414,-34.95372975,141.0,89.0,2.8299999237060547
2025-01-27T20:53:16Z,Run,2025-01-27T21:24:05Z,-8.05509982,-34.95372576,141.0,89.0,2.8299999237060547
2025-01-27T20:53:16Z,Run,2025-01-27T21:24:06Z,-8.05507515,-34.95371944,141.0,89.0,2.8299999237060547
2025-01-27T20:53:16Z,Run,2025-01-27T21:24:07Z,-8.05504982,-34.9537121,141.0,89.0,2.819999933242798
2025-01-27T20:53:16Z,Run,2025-01-27T21:24:08Z,-8.05502516,-34.95370545,142.0,89.0,2.809999942779541
2025-01-27T20:53:16Z,Run,2025-01-27T21:24:09Z,-8.05500149,-34.95370011,142.0,89.0,2.819999933242798
2025-01-27T20:53:16Z,Run,2025-01-27T21:24:10Z,-8.05497783,-34.95369446,143.0,89.0,2.809999942779541
2025-01-27T20:53:16Z,Run,2025-01-27T21:24:11Z,-8.05495449,-34.95368979,143.0,89.0,2.809999942779541
2025-01-27T20:53:16Z,Run,2025-01-27T21:24:12Z,-8.05493117,-34.9536858,143.0,88.0,2.799999952316284
2025-01-27T20:53:16Z,Run,2025-01-27T21:24:13Z,-8.0549075,-34.9536838,143.0,88.0,2.7699999809265137
2025-01-27T20:53:16Z,Run,2025-01-27T21:24:14Z,-8.05488485,-34.95368547,143.0,88.0,2.7300000190734863
2025-01-27T20:53:16Z,Run,2025-01-27T21:24:15Z,-8.05486118,-34.95368812,143.0,88.0,2.7100000381469727
2025-01-27T20:53:16Z,Run,2025-01-27T21:24:16Z,-8.05483719,-34.95369111,143.0,88.0,2.690000057220459
2025-01-27T20:53:16Z,Run,2025-01-27T21:24:17Z,-8.05481287,-34.9536941,143.0,88.0,2.690000057220459
2025-01-27T20:53:16Z,Run,2025-01-27T21:24:18Z,-8.05478687,-34.95369677,143.0,88.0,2.690000057220459
2025-01-27T20:53:16Z,Run,2025-01-27T21:24:19Z,-8.05476054,-34.95370009,143.0,88.0,2.690000057220459
2025-01-27T20:53:16Z,Run,2025-01-27T21:24:20Z,-8.05473654,-34.95370342,143.0,89.0,2.7100000381469727
2025-01-27T20:53:16Z,Run,2025-01-27T21:24:21Z,-8.05471522,-34.95370508,143.0,89.0,2.7200000286102295
2025-01-27T20:53:16Z,Run,2025-01-27T21:24:22Z,-8.05469589,-34.95370841,143.0,89.0,2.7200000286102295
2025-01-27T20:53:16Z,Run,2025-01-27T21:24:23Z,-8.0546769,-34.9537144,143.0,89.0,2.7200000286102295
2025-01-27T20:53:16Z,Run,2025-01-27T21:24:24Z,-8.05465657,-34.95371973,143.0,89.0,2.7200000286102295
2025-01-27T20:53:16Z,Run,2025-01-27T21:24:25Z,-8.05463591,-34.95372572,143.0,90.0,2.7100000381469727
2025-01-27T20:53:16Z,Run,2025-01-27T21:24:26Z,-8.05461725,-34.95373271,143.0,90.0,2.640000104904175
2025-01-27T20:53:16Z,Run,2025-01-27T21:24:27Z,-8.05460025,-34.95374171,143.0,89.0,2.549999952316284
2025-01-27T20:53:16Z,Run,2025-01-27T21:24:28Z,-8.05458459,-34.95375337,143.0,88.0,2.5
2025-01-27T20:53:16Z,Run,2025-01-27T21:24:29Z,-8.0545726,-34.95376636,143.0,88.0,2.4600000381469727
2025-01-27T20:53:16Z,Run,2025-01-27T21:24:30Z,-8.05456361,-34.95378136,143.0,88.0,2.4600000381469727
2025-01-27T20:53:16Z,Run,2025-01-27T21:24:31Z,-8.05455628,-34.95379735,143.0,89.0,2.440000057220459
2025-01-27T20:53:16Z,Run,2025-01-27T21:24:32Z,-8.05455095,-34.95381401,143.0,89.0,2.430000066757202
2025-01-27T20:53:16Z,Run,2025-01-27T21:24:33Z,-8.05454629,-34.953831,143.0,89.0,2.430000066757202
2025-01-27T20:53:16Z,Run,2025-01-27T21:24:34Z,-8.0545413,-34.95384867,143.0,89.0,2.4200000762939453
2025-01-27T20:53:16Z,Run,2025-01-27T21:24:35Z,-8.05453597,-34.95386733,143.0,89.0,2.4100000858306885
2025-01-27T20:53:16Z,Run,2025-01-27T21:24:36Z,-8.0545313,-34.95388732,143.0,89.0,2.4100000858306885
2025-01-27T20:53:16Z,Run,2025-01-27T21:24:37Z,-8.05452698,-34.95390731,143.0,89.0,2.4000000953674316
2025-01-27T20:53:16Z,Run,2025-01-27T21:24:38Z,-8.05452232,-34.95392797,143.0,90.0,2.390000104904175
2025-01-27T20:53:16Z,Run,2025-01-27T21:24:39Z,-8.05451665,-34.95394731,143.0,90.0,2.390000104904175
2025-01-27T20:53:16Z,Run,2025-01-27T21:24:40Z,-8.05450832,-34.9539663,143.0,89.0,2.380000114440918
2025-01-27T20:53:16Z,Run,2025-01-27T21:24:41Z,-8.05449966,-34.9539813,150.0,89.0,2.380000114440918
2025-01-27T20:53:16Z,Run,2025-01-27T21:24:42Z,-8.05448833,-34.95399562,150.0,89.0,2.380000114440918
2025-01-27T20:53:16Z,Run,2025-01-27T21:24:43Z,-8.05447401,-34.95400861,150.0,89.0,2.380000114440918
2025-01-27T20:53:16Z,Run,2025-01-27T21:24:44Z,-8.05445734,-34.95402061,150.0,89.0,2.380000114440918
2025-01-27T20:53:16Z,Run,2025-01-27T21:24:45Z,-8.05443967,-34.9540276,150.0,89.0,2.369999885559082
2025-01-27T20:53:16Z,Run,2025-01-27T21:24:46Z,-8.05442101,-34.95403227,151.0,89.0,2.369999885559082
2025-01-27T20:53:16Z,Run,2025-01-27T21:24:47Z,-8.05440168,-34.95403427,150.0,90.0,2.359999895095825
2025-01-27T20:53:16Z,Run,2025-01-27T21:24:48Z,-8.05438336,-34.95403459,150.0,90.0,2.359999895095825
2025-01-27T20:53:16Z,Run,2025-01-27T21:24:49Z,-8.05436204,-34.95403359,150.0,89.0,2.3499999046325684
2025-01-27T20:53:16Z,Run,2025-01-27T21:24:50Z,-8.0543417,-34.9540326,150.0,89.0,2.3499999046325684
2025-01-27T20:53:16Z,Run,2025-01-27T21:24:51Z,-8.05432205,-34.95402993,151.0,90.0,2.3499999046325684
2025-01-27T20:53:16Z,Run,2025-01-27T21:24:52Z,-8.05430171,-34.95402728,153.0,90.0,2.3499999046325684
2025-01-27T20:53:16Z,Run,2025-01-27T21:24:53Z,-8.05428139,-34.95402429,157.0,90.0,2.3499999046325684
2025-01-27T20:53:16Z,Run,2025-01-27T21:24:54Z,-8.0542624,-34.95402195,157.0,90.0,2.3499999046325684
2025-01-27T20:53:16Z,Run,2025-01-27T21:24:55Z,-8.05424174,-34.9540213,157.0,90.0,2.359999895095825
2025-01-27T20:53:16Z,Run,2025-01-27T21:24:56Z,-8.05421842,-34.95402195,157.0,90.0,2.359999895095825
2025-01-27T20:53:16Z,Run,2025-01-27T21:24:57Z,-8.05419475,-34.95402096,157.0,90.0,2.369999885559082
2025-01-27T20:53:16Z,Run,2025-01-27T21:24:58Z,-8.05417076,-34.95401963,158.0,90.0,2.380000114440918
2025-01-27T20:53:16Z,Run,2025-01-27T21:24:59Z,-8.0541481,-34.95401696,158.0,89.0,2.380000114440918
2025-01-27T20:53:16Z,Run,2025-01-27T21:25:00Z,-8.05412844,-34.95401464,158.0,89.0,2.380000114440918
2025-01-27T20:53:16Z,Run,2025-01-27T21:25:01Z,-8.05410977,-34.95401264,158.0,89.0,2.390000104904175
2025-01-27T20:53:16Z,Run,2025-01-27T21:25:02Z,-8.05409012,-34.95401198,159.0,89.0,2.4000000953674316
2025-01-27T20:53:16Z,Run,2025-01-27T21:25:03Z,-8.05406978,-34.95401198,159.0,89.0,2.4100000858306885
2025-01-27T20:53:16Z,Run,2025-01-27T21:25:04Z,-8.05404913,-34.95401231,159.0,89.0,2.4200000762939453
2025-01-27T20:53:16Z,Run,2025-01-27T21:25:05Z,-8.05402713,-34.95401263,159.0,89.0,2.4200000762939453
2025-01-27T20:53:16Z,Run,2025-01-27T21:25:06Z,-8.05400347,-34.9540113,159.0,89.0,2.4200000762939453
2025-01-27T20:53:16Z,Run,2025-01-27T21:25:07Z,-8.05398148,-34.95400931,160.0,89.0,2.430000066757202
2025-01-27T20:53:16Z,Run,2025-01-27T21:25:08Z,-8.05396081,-34.95400697,161.0,89.0,2.430000066757202
2025-01-27T20:53:16Z,Run,2025-01-27T21:25:09Z,-8.05393916,-34.95400564,161.0,89.0,2.440000057220459
2025-01-27T20:53:16Z,Run,2025-01-27T21:25:10Z,-8.0539155,-34.95400564,161.0,89.0,2.450000047683716
2025-01-27T20:53:16Z,Run,2025-01-27T21:25:11Z,-8.05389117,-34.95400597,161.0,89.0,2.450000047683716
2025-01-27T20:53:16Z,Run,2025-01-27T21:25:12Z,-8.05386684,-34.9540063,161.0,89.0,2.450000047683716
2025-01-27T20:53:16Z,Run,2025-01-27T21:25:13Z,-8.05384152,-34.9540063,162.0,89.0,2.4600000381469727
2025-01-27T20:53:16Z,Run,2025-01-27T21:25:14Z,-8.05381585,-34.95400662,163.0,89.0,2.4600000381469727
2025-01-27T20:53:16Z,Run,2025-01-27T21:25:15Z,-8.05378985,-34.95400662,163.0,90.0,2.4800000190734863
2025-01-27T20:53:16Z,Run,2025-01-27T21:25:16Z,-8.05376486,-34.95400728,162.0,90.0,2.4800000190734863
2025-01-27T20:53:16Z,Run,2025-01-27T21:25:17Z,-8.05373986,-34.95400827,161.0,90.0,2.5
2025-01-27T20:53:16Z,Run,2025-01-27T21:25:18Z,-8.0537162,-34.95400893,161.0,90.0,2.5
2025-01-27T20:53:16Z,Run,2025-01-27T21:25:19Z,-8.05369287,-34.95400959,161.0,90.0,2.509999990463257
2025-01-27T20:53:16Z,Run,2025-01-27T21:25:20Z,-8.05366921,-34.95401091,161.0,90.0,2.5199999809265137
2025-01-27T20:53:16Z,Run,2025-01-27T21:25:21Z,-8.05364655,-34.95401191,162.0,90.0,2.5299999713897705
2025-01-27T20:53:16Z,Run,2025-01-27T21:25:22Z,-8.05362455,-34.95401224,163.0,90.0,2.549999952316284
2025-01-27T20:53:16Z,Run,2025-01-27T21:25:23Z,-8.05360256,-34.95401158,162.0,90.0,2.549999952316284
2025-01-27T20:53:16Z,Run,2025-01-27T21:25:24Z,-8.05358156,-34.95400991,162.0,90.0,2.549999952316284
2025-01-27T20:53:16Z,Run,2025-01-27T21:25:25Z,-8.0535609,-34.95400558,162.0,90.0,2.559999942779541
2025-01-27T20:53:16Z,Run,2025-01-27T21:25:26Z,-8.05353691,-34.95400159,162.0,90.0,2.569999933242798
2025-01-27T20:53:16Z,Run,2025-01-27T21:25:27Z,-8.05350891,-34.9540006,162.0,90.0,2.569999933242798
2025-01-27T20:53:16Z,Run,2025-01-27T21:25:28Z,-8.05348258,-34.9540006,162.0,90.0,2.5799999237060547
2025-01-27T20:53:16Z,Run,2025-01-27T21:25:29Z,-8.05346159,-34.9539986,163.0,90.0,2.5899999141693115
2025-01-27T20:53:16Z,Run,2025-01-27T21:25:30Z,-8.05344359,-34.95399627,163.0,90.0,2.5899999141693115
2025-01-27T20:53:16Z,Run,2025-01-27T21:25:31Z,-8.05342592,-34.95399393,164.0,90.0,2.5899999141693115
2025-01-27T20:53:16Z,Run,2025-01-27T21:25:32Z,-8.05340893,-34.95399094,165.0,90.0,2.5899999141693115
2025-01-27T20:53:16Z,Run,2025-01-27T21:25:33Z,-8.05338527,-34.95399062,166.0,90.0,2.5999999046325684
2025-01-27T20:53:16Z,Run,2025-01-27T21:25:34Z,-8.0533536,-34.95399329,166.0,90.0,2.5999999046325684
2025-01-27T20:53:16Z,Run,2025-01-27T21:25:35Z,-8.05331727,-34.95399661,167.0,90.0,2.5999999046325684
2025-01-27T20:53:16Z,Run,2025-01-27T21:25:36Z,-8.05328161,-34.95399928,167.0,90.0,2.5999999046325684
2025-01-27T20:53:16Z,Run,2025-01-27T21:25:37Z,-8.05324661,-34.95400128,168.0,90.0,2.609999895095825
2025-01-27T20:53:16Z,Run,2025-01-27T21:25:38Z,-8.05321661,-34.9540026,168.0,90.0,2.609999895095825
2025-01-27T20:53:16Z,Run,2025-01-27T21:25:39Z,-8.05318762,-34.9540046,169.0,90.0,2.609999895095825
2025-01-27T20:53:16Z,Run,2025-01-27T21:25:40Z,-8.05315996,-34.95400859,170.0,90.0,2.630000114440918
2025-01-27T20:53:16Z,Run,2025-01-27T21:25:41Z,-8.05313331,-34.95401226,169.0,90.0,2.640000104904175
2025-01-27T20:53:16Z,Run,2025-01-27T21:25:42Z,-8.05310664,-34.95401525,169.0,90.0,2.640000104904175
2025-01-27T20:53:16Z,Run,2025-01-27T21:25:43Z,-8.05308031,-34.9540159,169.0,90.0,2.6500000953674316
2025-01-27T20:53:16Z,Run,2025-01-27T21:25:44Z,-8.05305465,-34.95401325,169.0,90.0,2.6600000858306885
2025-01-27T20:53:16Z,Run,2025-01-27T21:25:45Z,-8.05303133,-34.95400726,169.0,90.0,2.6700000762939453
2025-01-27T20:53:16Z,Run,2025-01-27T21:25:46Z,-8.05301067,-34.95399726,169.0,89.0,2.6700000762939453
2025-01-27T20:53:16Z,Run,2025-01-27T21:25:47Z,-8.05299467,-34.95398393,170.0,89.0,2.680000066757202
2025-01-27T20:53:16Z,Run,2025-01-27T21:25:48Z,-8.05298401,-34.95396627,170.0,89.0,2.680000066757202
2025-01-27T20:53:16Z,Run,2025-01-27T21:25:49Z,-8.05297668,-34.95394861,170.0,89.0,2.680000066757202
2025-01-27T20:53:16Z,Run,2025-01-27T21:25:50Z,-8.05297169,-34.95392894,171.0,90.0,2.680000066757202
2025-01-27T20:53:16Z,Run,2025-01-27T21:25:51Z,-8.05296903,-34.95390629,172.0,90.0,2.680000066757202
2025-01-27T20:53:16Z,Run,2025-01-27T21:25:52Z,-8.0529667,-34.95388296,173.0,90.0,2.680000066757202
2025-01-27T20:53:16Z,Run,2025-01-27T21:25:53Z,-8.05296403,-34.95386031,173.0,90.0,2.680000066757202
2025-01-27T20:53:16Z,Run,2025-01-27T21:25:54Z,-8.05296004,-34.95383597,173.0,90.0,2.680000066757202
2025-01-27T20:53:16Z,Run,2025-01-27T21:25:55Z,-8.05295571,-34.95381065,173.0,90.0,2.6700000762939453
2025-01-27T20:53:16Z,Run,2025-01-27T21:25:56Z,-8.05295105,-34.95378466,174.0,89.0,2.6600000858306885
2025-01-27T20:53:16Z,Run,2025-01-27T21:25:57Z,-8.05294806,-34.95375799,174.0,89.0,2.6500000953674316
2025-01-27T20:53:16Z,Run,2025-01-27T21:25:58Z,-8.05294606,-34.95373134,173.0,89.0,2.6500000953674316
2025-01-27T20:53:16Z,Run,2025-01-27T21:25:59Z,-8.05294806,-34.95370434,173.0,90.0,2.6500000953674316
2025-01-27T20:53:16Z,Run,2025-01-27T21:26:00Z,-8.05295572,-34.953679,173.0,90.0,2.6500000953674316
2025-01-27T20:53:16Z,Run,2025-01-27T21:26:01Z,-8.05296872,-34.95365735,173.0,90.0,2.6500000953674316
2025-01-27T20:53:16Z,Run,2025-01-27T21:26:02Z,-8.05298504,-34.95364101,173.0,89.0,2.6500000953674316
2025-01-27T20:53:16Z,Run,2025-01-27T21:26:03Z,-8.05300437,-34.95362902,174.0,89.0,2.6500000953674316
2025-01-27T20:53:16Z,Run,2025-01-27T21:26:04Z,-8.05302469,-34.95362136,173.0,89.0,2.6500000953674316
2025-01-27T20:53:16Z,Run,2025-01-27T21:26:05Z,-8.05304636,-34.95361436,173.0,89.0,2.6500000953674316
2025-01-27T20:53:16Z,Run,2025-01-27T21:26:06Z,-8.05306835,-34.95360803,173.0,89.0,2.6500000953674316
2025-01-27T20:53:16Z,Run,2025-01-27T21:26:07Z,-8.05309235,-34.9536027,173.0,89.0,2.6500000953674316
2025-01-27T20:53:16Z,Run,2025-01-27T21:26:08Z,-8.053118,-34.95359871,173.0,89.0,2.6500000953674316
2025-01-27T20:53:16Z,Run,2025-01-27T21:26:09Z,-8.053145,-34.95359438,173.0,89.0,2.6500000953674316
2025-01-27T20:53:16Z,Run,2025-01-27T21:26:10Z,-8.05317166,-34.95359005,173.0,89.0,2.640000104904175
2025-01-27T20:53:16Z,Run,2025-01-27T21:26:11Z,-8.05319799,-34.95358472,177.0,89.0,2.640000104904175
2025-01-27T20:53:16Z,Run,2025-01-27T21:26:12Z,-8.05322232,-34.95357772,177.0,89.0,2.640000104904175
2025-01-27T20:53:16Z,Run,2025-01-27T21:26:13Z,-8.05324498,-34.95356972,178.0,88.0,2.640000104904175
2025-01-27T20:53:16Z,Run,2025-01-27T21:26:14Z,-8.05326797,-34.95356173,179.0,89.0,2.640000104904175
2025-01-27T20:53:16Z,Run,2025-01-27T21:26:15Z,-8.05329231,-34.95355373,179.0,89.0,2.6500000953674316
2025-01-27T20:53:16Z,Run,2025-01-27T21:26:16Z,-8.05331896,-34.9535454,179.0,90.0,2.6500000953674316
2025-01-27T20:53:16Z,Run,2025-01-27T21:26:17Z,-8.05334595,-34.95353506,179.0,90.0,2.6500000953674316
2025-01-27T20:53:16Z,Run,2025-01-27T21:26:18Z,-8.05337362,-34.95352574,179.0,90.0,2.6500000953674316
2025-01-27T20:53:16Z,Run,2025-01-27T21:26:19Z,-8.05340094,-34.95352007,179.0,89.0,2.6500000953674316
2025-01-27T20:53:16Z,Run,2025-01-27T21:26:20Z,-8.0534246,-34.95351975,179.0,89.0,2.6500000953674316
2025-01-27T20:53:16Z,Run,2025-01-27T21:26:21Z,-8.05344659,-34.95352141,179.0,89.0,2.6600000858306885
2025-01-27T20:53:16Z,Run,2025-01-27T21:26:22Z,-8.05346959,-34.95352341,179.0,89.0,2.6600000858306885
2025-01-27T20:53:16Z,Run,2025-01-27T21:26:23Z,-8.05349325,-34.95352507,180.0,90.0,2.6600000858306885
2025-01-27T20:53:16Z,Run,2025-01-27T21:26:24Z,-8.05351691,-34.95352606,180.0,90.0,2.6600000858306885
2025-01-27T20:53:16Z,Run,2025-01-27T21:26:25Z,-8.05354125,-34.95352639,181.0,90.0,2.6600000858306885
2025-01-27T20:53:16Z,Run,2025-01-27T21:26:26Z,-8.05356457,-34.95352606,182.0,90.0,2.6600000858306885
2025-01-27T20:53:16Z,Run,2025-01-27T21:26:27Z,-8.05358757,-34.95352507,183.0,90.0,2.6600000858306885
2025-01-27T20:53:16Z,Run,2025-01-27T21:26:28Z,-8.05361256,-34.95352374,184.0,90.0,2.6600000858306885
2025-01-27T20:53:16Z,Run,2025-01-27T21:26:29Z,-8.05363723,-34.95352208,197.0,90.0,2.6600000858306885
2025-01-27T20:53:16Z,Run,2025-01-27T21:26:30Z,-8.05366188,-34.95352142,197.0,90.0,2.6600000858306885
2025-01-27T20:53:16Z,Run,2025-01-27T21:26:31Z,-8.05368688,-34.95352208,199.0,90.0,2.6600000858306885
2025-01-27T20:53:16Z,Run,2025-01-27T21:26:32Z,-8.05371254,-34.95352474,199.0,90.0,2.6600000858306885
2025-01-27T20:53:16Z,Run,2025-01-27T21:26:33Z,-8.05373754,-34.95353041,198.0,90.0,2.6600000858306885
2025-01-27T20:53:16Z,Run,2025-01-27T21:26:34Z,-8.05376221,-34.95353841,196.0,90.0,2.6600000858306885
2025-01-27T20:53:16Z,Run,2025-01-27T21:26:35Z,-8.05378654,-34.95354741,194.0,89.0,2.6600000858306885
2025-01-27T20:53:16Z,Run,2025-01-27T21:26:36Z,-8.05381086,-34.95355606,194.0,89.0,2.6600000858306885
2025-01-27T20:53:16Z,Run,2025-01-27T21:26:37Z,-8.05383386,-34.95356372,193.0,89.0,2.6600000858306885
2025-01-27T20:53:16Z,Run,2025-01-27T21:26:38Z,-8.0538572,-34.95357139,192.0,89.0,2.6700000762939453
2025-01-27T20:53:16Z,Run,2025-01-27T21:26:39Z,-8.05387953,-34.95357771,191.0,89.0,2.6700000762939453
2025-01-27T20:53:16Z,Run,2025-01-27T21:26:40Z,-8.05390053,-34.95358504,190.0,89.0,2.6700000762939453
2025-01-27T20:53:16Z,Run,2025-01-27T21:26:41Z,-8.05392285,-34.95359271,190.0,89.0,2.680000066757202
2025-01-27T20:53:16Z,Run,2025-01-27T21:26:42Z,-8.05394418,-34.9535997,190.0,89.0,2.680000066757202
2025-01-27T20:53:16Z,Run,2025-01-27T21:26:43Z,-8.05396751,-34.95360737,189.0,90.0,2.680000066757202
2025-01-27T20:53:16Z,Run,2025-01-27T21:26:44Z,-8.05398783,-34.95361436,189.0,90.0,2.680000066757202
2025-01-27T20:53:16Z,Run,2025-01-27T21:26:45Z,-8.05400816,-34.95361969,189.0,89.0,2.680000066757202
2025-01-27T20:53:16Z,Run,2025-01-27T21:26:46Z,-8.05403116,-34.95362236,189.0,89.0,2.680000066757202
2025-01-27T20:53:16Z,Run,2025-01-27T21:26:47Z,-8.05405549,-34.95362402,189.0,89.0,2.680000066757202
2025-01-27T20:53:16Z,Run,2025-01-27T21:26:48Z,-8.05407782,-34.95362501,189.0,89.0,2.680000066757202
2025-01-27T20:53:16Z,Run,2025-01-27T21:26:49Z,-8.05410081,-34.95362567,190.0,89.0,2.6700000762939453
2025-01-27T20:53:16Z,Run,2025-01-27T21:26:50Z,-8.05412281,-34.95362634,190.0,89.0,2.6700000762939453
2025-01-27T20:53:16Z,Run,2025-01-27T21:26:51Z,-8.05414547,-34.95362833,189.0,89.0,2.6600000858306885
2025-01-27T20:53:16Z,Run,2025-01-27T21:26:52Z,-8.0541678,-34.95362999,188.0,89.0,2.6500000953674316
2025-01-27T20:53:16Z,Run,2025-01-27T21:26:53Z,-8.05418979,-34.95363098,188.0,89.0,2.6500000953674316
2025-01-27T20:53:16Z,Run,2025-01-27T21:26:54Z,-8.05421279,-34.95363232,188.0,89.0,2.6500000953674316
2025-01-27T20:53:16Z,Run,2025-01-27T21:26:55Z,-8.05423412,-34.95363397,188.0,89.0,2.6500000953674316
2025-01-27T20:53:16Z,Run,2025-01-27T21:26:56Z,-8.05425645,-34.95363597,188.0,89.0,2.640000104904175
2025-01-27T20:53:16Z,Run,2025-01-27T21:26:57Z,-8.05427977,-34.95363896,188.0,89.0,2.630000114440918
2025-01-27T20:53:16Z,Run,2025-01-27T21:26:58Z,-8.05430444,-34.95364163,188.0,89.0,2.630000114440918
2025-01-27T20:53:16Z,Run,2025-01-27T21:26:59Z,-8.05433076,-34.95364529,188.0,89.0,2.630000114440918
2025-01-27T20:53:16Z,Run,2025-01-27T21:27:00Z,-8.05435743,-34.95364929,188.0,89.0,2.630000114440918
2025-01-27T20:53:16Z,Run,2025-01-27T21:27:01Z,-8.0543861,-34.95365162,188.0,89.0,2.619999885559082
2025-01-27T20:53:16Z,Run,2025-01-27T21:27:02Z,-8.05441242,-34.95365228,188.0,89.0,2.609999895095825
2025-01-27T20:53:16Z,Run,2025-01-27T21:27:03Z,-8.05443842,-34.95365327,188.0,88.0,2.609999895095825
2025-01-27T20:53:16Z,Run,2025-01-27T21:27:04Z,-8.05446342,-34.95365392,188.0,88.0,2.609999895095825
2025-01-27T20:53:16Z,Run,2025-01-27T21:27:05Z,-8.05448741,-34.95365626,186.0,87.0,2.609999895095825
2025-01-27T20:53:16Z,Run,2025-01-27T21:27:06Z,-8.0545094,-34.95366292,186.0,87.0,2.609999895095825
2025-01-27T20:53:16Z,Run,2025-01-27T21:27:07Z,-8.05452772,-34.95367426,186.0,87.0,2.619999885559082
2025-01-27T20:53:16Z,Run,2025-01-27T21:27:08Z,-8.05454139,-34.95369092,186.0,88.0,2.619999885559082
2025-01-27T20:53:16Z,Run,2025-01-27T21:27:09Z,-8.05455138,-34.95370958,186.0,88.0,2.619999885559082
2025-01-27T20:53:16Z,Run,2025-01-27T21:27:10Z,-8.05455905,-34.9537299,186.0,88.0,2.619999885559082
2025-01-27T20:53:16Z,Run,2025-01-27T21:27:11Z,-8.05456437,-34.9537509,186.0,88.0,2.609999895095825
2025-01-27T20:53:16Z,Run,2025-01-27T21:27:12Z,-8.05456704,-34.95377123,186.0,88.0,2.609999895095825
2025-01-27T20:53:16Z,Run,2025-01-27T21:27:13Z,-8.05456737,-34.95379056,186.0,88.0,2.609999895095825
2025-01-27T20:53:16Z,Run,2025-01-27T21:27:14Z,-8.05456504,-34.95381122,185.0,88.0,2.609999895095825
2025-01-27T20:53:16Z,Run,2025-01-27T21:27:15Z,-8.05456104,-34.95383421,185.0,88.0,2.5999999046325684
2025-01-27T20:53:16Z,Run,2025-01-27T21:27:16Z,-8.05455805,-34.95385821,184.0,88.0,2.5899999141693115
2025-01-27T20:53:16Z,Run,2025-01-27T21:27:16Z,-8.05455706,-34.95388153,184.0,88.0,2.5899999141693115
2025-01-27T20:53:16Z,Run,2025-01-27T21:27:17Z,-8.05455738,-34.9539062,185.0,89.0,2.5899999141693115
2025-01-27T20:53:16Z,Run,2025-01-27T21:27:18Z,-8.05455805,-34.95392986,185.0,89.0,2.5899999141693115
2025-01-27T20:53:16Z,Run,2025-01-27T21:27:19Z,-8.05455805,-34.95395285,184.0,89.0,2.5799999237060547
2025-01-27T20:53:16Z,Run,2025-01-27T21:27:20Z,-8.05455539,-34.95397284,184.0,89.0,2.5799999237060547
2025-01-27T20:53:16Z,Run,2025-01-27T21:27:21Z,-8.05454872,-34.9539905,183.0,89.0,2.569999933242798
2025-01-27T20:53:16Z,Run,2025-01-27T21:27:22Z,-8.05453807,-34.9540045,181.0,88.0,2.569999933242798
2025-01-27T20:53:16Z,Run,2025-01-27T21:27:23Z,-8.05452407,-34.9540155,181.0,88.0,2.569999933242798
2025-01-27T20:53:16Z,Run,2025-01-27T21:27:24Z,-8.05450573,-34.9540235,181.0,88.0,2.569999933242798
2025-01-27T20:53:16Z,Run,2025-01-27T21:27:25Z,-8.05448473,-34.95403049,181.0,88.0,2.559999942779541
2025-01-27T20:53:16Z,Run,2025-01-27T21:27:26Z,-8.0544624,-34.95403682,181.0,88.0,2.549999952316284
2025-01-27T20:53:16Z,Run,2025-01-27T21:27:27Z,-8.05443874,-34.95404249,181.0,88.0,2.549999952316284
2025-01-27T20:53:16Z,Run,2025-01-27T21:27:28Z,-8.05441542,-34.95404816,180.0,89.0,2.5299999713897705
2025-01-27T20:53:16Z,Run,2025-01-27T21:27:29Z,-8.05439409,-34.95405415,180.0,89.0,2.5299999713897705
2025-01-27T20:53:16Z,Run,2025-01-27T21:27:30Z,-8.05437242,-34.95406147,180.0,88.0,2.5299999713897705
2025-01-27T20:53:16Z,Run,2025-01-27T21:27:31Z,-8.0543521,-34.9540698,180.0,88.0,2.5299999713897705
2025-01-27T20:53:16Z,Run,2025-01-27T21:27:32Z,-8.05433211,-34.95407514,180.0,88.0,2.5199999809265137
2025-01-27T20:53:16Z,Run,2025-01-27T21:27:33Z,-8.05430945,-34.95408014,180.0,88.0,2.5199999809265137
2025-01-27T20:53:16Z,Run,2025-01-27T21:27:34Z,-8.05428413,-34.95408514,181.0,88.0,2.5199999809265137
2025-01-27T20:53:16Z,Run,2025-01-27T21:27:35Z,-8.05425379,-34.95409213,181.0,88.0,2.5199999809265137
2025-01-27T20:53:16Z,Run,2025-01-27T21:27:36Z,-8.05422413,-34.95409746,181.0,88.0,2.5199999809265137
2025-01-27T20:53:16Z,Run,2025-01-27T21:27:37Z,-8.0541928,-34.95410146,181.0,88.0,2.5199999809265137
2025-01-27T20:53:16Z,Run,2025-01-27T21:27:38Z,-8.05416515,-34.95410212,182.0,88.0,2.5199999809265137
2025-01-27T20:53:16Z,Run,2025-01-27T21:27:39Z,-8.05413981,-34.95409913,182.0,88.0,2.5299999713897705
2025-01-27T20:53:16Z,Run,2025-01-27T21:27:40Z,-8.05411582,-34.95409446,184.0,88.0,2.5399999618530273
2025-01-27T20:53:16Z,Run,2025-01-27T21:27:41Z,-8.0540955,-34.95408913,184.0,88.0,2.5399999618530273
2025-01-27T20:53:16Z,Run,2025-01-27T21:27:42Z,-8.0540745,-34.95408514,184.0,88.0,2.549999952316284
2025-01-27T20:53:16Z,Run,2025-01-27T21:27:43Z,-8.05405118,-34.95408114,184.0,89.0,2.559999942779541
2025-01-27T20:53:16Z,Run,2025-01-27T21:27:44Z,-8.05402851,-34.95407648,183.0,89.0,2.569999933242798
2025-01-27T20:53:16Z,Run,2025-01-27T21:27:45Z,-8.05400652,-34.95407148,183.0,90.0,2.5799999237060547
2025-01-27T20:53:16Z,Run,2025-01-27T21:27:46Z,-8.05398486,-34.95406681,183.0,90.0,2.5799999237060547
2025-01-27T20:53:16Z,Run,2025-01-27T21:27:47Z,-8.0539642,-34.95406282,183.0,90.0,2.5799999237060547
2025-01-27T20:53:16Z,Run,2025-01-27T21:27:48Z,-8.05394086,-34.95405983,183.0,90.0,2.5899999141693115
2025-01-27T20:53:16Z,Run,2025-01-27T21:27:49Z,-8.05391587,-34.95405817,183.0,90.0,2.5899999141693115
2025-01-27T20:53:16Z,Run,2025-01-27T21:27:50Z,-8.05388987,-34.95405718,183.0,90.0,2.5899999141693115
2025-01-27T20:53:16Z,Run,2025-01-27T21:27:51Z,-8.05386587,-34.95405584,182.0,89.0,2.5899999141693115
2025-01-27T20:53:16Z,Run,2025-01-27T21:27:52Z,-8.05384155,-34.95405385,181.0,89.0,2.5999999046325684
2025-01-27T20:53:16Z,Run,2025-01-27T21:27:53Z,-8.05381756,-34.95405152,181.0,89.0,2.5999999046325684
2025-01-27T20:53:16Z,Run,2025-01-27T21:27:54Z,-8.05379389,-34.95404885,179.0,89.0,2.5999999046325684
2025-01-27T20:53:16Z,Run,2025-01-27T21:27:55Z,-8.0537719,-34.95404719,179.0,89.0,2.609999895095825
2025-01-27T20:53:16Z,Run,2025-01-27T21:27:56Z,-8.05375057,-34.9540442,179.0,89.0,2.609999895095825
2025-01-27T20:53:16Z,Run,2025-01-27T21:27:57Z,-8.05373058,-34.95403953,178.0,88.0,2.609999895095825
2025-01-27T20:53:16Z,Run,2025-01-27T21:27:58Z,-8.05371291,-34.95403487,178.0,88.0,2.609999895095825
2025-01-27T20:53:16Z,Run,2025-01-27T21:27:59Z,-8.05369558,-34.95403121,178.0,88.0,2.609999895095825
2025-01-27T20:53:16Z,Run,2025-01-27T21:28:00Z,-8.05367791,-34.95402788,178.0,88.0,2.609999895095825
2025-01-27T20:53:16Z,Run,2025-01-27T21:28:01Z,-8.05365726,-34.95402689,179.0,88.0,2.609999895095825
2025-01-27T20:53:16Z,Run,2025-01-27T21:28:02Z,-8.05363859,-34.95402489,179.0,88.0,2.609999895095825
2025-01-27T20:53:16Z,Run,2025-01-27T21:28:03Z,-8.05361892,-34.95402224,180.0,88.0,2.5999999046325684
2025-01-27T20:53:16Z,Run,2025-01-27T21:28:04Z,-8.05360027,-34.95401858,181.0,88.0,2.5899999141693115
2025-01-27T20:53:16Z,Run,2025-01-27T21:28:05Z,-8.05358193,-34.95401358,181.0,88.0,2.5899999141693115
2025-01-27T20:53:16Z,Run,2025-01-27T21:28:06Z,-8.05356393,-34.95400825,181.0,89.0,2.5899999141693115
2025-01-27T20:53:16Z,Run,2025-01-27T21:28:07Z,-8.05355061,-34.95399991,181.0,89.0,2.5799999237060547
2025-01-27T20:53:16Z,Run,2025-01-27T21:28:08Z,-8.05354462,-34.95398959,181.0,89.0,2.569999933242798
2025-01-27T20:53:16Z,Run,2025-01-27T21:28:09Z,-8.05353929,-34.95398093,180.0,88.0,2.559999942779541
2025-01-27T20:53:16Z,Run,2025-01-27T21:28:10Z,-8.05353362,-34.95397193,180.0,89.0,2.549999952316284
2025-01-27T20:53:16Z,Run,2025-01-27T21:28:11Z,-8.05352595,-34.9539636,180.0,89.0,2.549999952316284
2025-01-27T20:53:16Z,Run,2025-01-27T21:28:12Z,-8.05352062,-34.95395594,181.0,89.0,2.5299999713897705
2025-01-27T20:53:16Z,Run,2025-01-27T21:28:13Z,-8.05351663,-34.95394594,181.0,89.0,2.509999990463257
2025-01-27T20:53:16Z,Run,2025-01-27T21:28:14Z,-8.05350896,-34.95393794,181.0,89.0,2.5
2025-01-27T20:53:16Z,Run,2025-01-27T21:28:15Z,-8.0534853,-34.95393961,182.0,89.0,2.0399999618530273
2025-01-27T20:53:16Z,Run,2025-01-27T21:28:16Z,-8.05345696,-34.95394327,184.0,89.0,1.600000023841858
2025-01-27T20:53:16Z,Run,2025-01-27T21:28:17Z,-8.05341264,-34.9539526,184.0,89.0,1.600000023841858
2025-01-27T20:53:16Z,Run,2025-01-27T21:28:18Z,-8.05337197,-34.95396093,184.0,89.0,1.600000023841858
2025-01-27T20:53:16Z,Run,2025-01-27T21:28:19Z,-8.05333431,-34.95396792,185.0,89.0,1.690000057220459
2025-01-27T20:53:16Z,Run,2025-01-27T21:28:20Z,-8.05329998,-34.95397391,186.0,89.0,2.119999885559082
2025-01-27T20:53:16Z,Run,2025-01-27T21:28:21Z,-8.05326833,-34.95397825,186.0,89.0,2.6700000762939453
2025-01-27T20:53:16Z,Run,2025-01-27T21:28:22Z,-8.05323933,-34.95398224,185.0,89.0,2.9700000286102295
2025-01-27T20:53:16Z,Run,2025-01-27T21:28:23Z,-8.05321167,-34.95398357,185.0,89.0,2.9700000286102295
2025-01-27T20:53:16Z,Run,2025-01-27T21:28:24Z,-8.05318501,-34.95398357,185.0,88.0,3.069999933242798
2025-01-27T20:53:16Z,Run,2025-01-27T21:28:25Z,-8.05315769,-34.9539819,185.0,88.0,3.069999933242798
2025-01-27T20:53:16Z,Run,2025-01-27T21:28:26Z,-8.05313302,-34.95397757,186.0,89.0,3.0
2025-01-27T20:53:16Z,Run,2025-01-27T21:28:27Z,-8.05311069,-34.95397025,188.0,89.0,2.890000104904175
2025-01-27T20:53:16Z,Run,2025-01-27T21:28:28Z,-8.0530937,-34.95396025,189.0,88.0,2.8499999046325684
2025-01-27T20:53:16Z,Run,2025-01-27T21:28:29Z,-8.05308003,-34.95394726,189.0,88.0,2.8499999046325684
2025-01-27T20:53:16Z,Run,2025-01-27T21:28:30Z,-8.05306837,-34.95393159,189.0,88.0,2.799999952316284
2025-01-27T20:53:16Z,Run,2025-01-27T21:28:31Z,-8.05305804,-34.95391593,189.0,89.0,2.7100000381469727
2025-01-27T20:53:16Z,Run,2025-01-27T21:28:32Z,-8.05304938,-34.9538976,189.0,89.0,2.5899999141693115
2025-01-27T20:53:16Z,Run,2025-01-27T21:28:33Z,-8.05304205,-34.95387927,188.0,88.0,2.4600000381469727
2025-01-27T20:53:16Z,Run,2025-01-27T21:28:34Z,-8.05303606,-34.95386094,187.0,88.0,2.359999895095825
2025-01-27T20:53:16Z,Run,2025-01-27T21:28:35Z,-8.0530304,-34.95384329,187.0,88.0,2.309999942779541
2025-01-27T20:53:16Z,Run,2025-01-27T21:28:36Z,-8.05302374,-34.95382529,187.0,88.0,2.309999942779541
2025-01-27T20:53:16Z,Run,2025-01-27T21:28:37Z,-8.05301674,-34.95380595,187.0,88.0,2.299999952316284
2025-01-27T20:53:16Z,Run,2025-01-27T21:28:38Z,-8.05300907,-34.95378563,187.0,88.0,2.2799999713897705
2025-01-27T20:53:16Z,Run,2025-01-27T21:28:39Z,-8.05300242,-34.95376097,186.0,88.0,2.2799999713897705
2025-01-27T20:53:16Z,Run,2025-01-27T21:28:40Z,-8.05299575,-34.95373497,185.0,88.0,2.2699999809265137
2025-01-27T20:53:16Z,Run,2025-01-27T21:28:41Z,-8.05298909,-34.95370832,185.0,90.0,2.240000009536743
2025-01-27T20:53:16Z,Run,2025-01-27T21:28:42Z,-8.05298376,-34.95368165,185.0,90.0,2.240000009536743
2025-01-27T20:53:16Z,Run,2025-01-27T21:28:43Z,-8.05298376,-34.95365633,185.0,90.0,2.259999990463257
2025-01-27T20:53:16Z,Run,2025-01-27T21:28:44Z,-8.05298976,-34.953636,184.0,89.0,2.3499999046325684
2025-01-27T20:53:16Z,Run,2025-01-27T21:28:45Z,-8.05300208,-34.95361868,184.0,88.0,2.4000000953674316
2025-01-27T20:53:16Z,Run,2025-01-27T21:28:46Z,-8.05301575,-34.95360501,184.0,88.0,2.4000000953674316
2025-01-27T20:53:16Z,Run,2025-01-27T21:28:47Z,-8.05303407,-34.95359302,184.0,89.0,2.4000000953674316
2025-01-27T20:53:16Z,Run,2025-01-27T21:28:48Z,-8.05305473,-34.95358236,184.0,89.0,2.4000000953674316
2025-01-27T20:53:16Z,Run,2025-01-27T21:28:49Z,-8.05307606,-34.95357436,184.0,89.0,2.390000104904175
2025-01-27T20:53:16Z,Run,2025-01-27T21:28:50Z,-8.05310005,-34.95356969,183.0,89.0,2.380000114440918
2025-01-27T20:53:16Z,Run,2025-01-27T21:28:51Z,-8.05312339,-34.9535687,183.0,89.0,2.390000104904175
2025-01-27T20:53:16Z,Run,2025-01-27T21:28:52Z,-8.05314538,-34.95357103,183.0,89.0,2.390000104904175
2025-01-27T20:53:16Z,Run,2025-01-27T21:28:53Z,-8.05316703,-34.95357303,185.0,90.0,2.390000104904175
2025-01-27T20:53:16Z,Run,2025-01-27T21:28:54Z,-8.05318737,-34.95357469,185.0,90.0,2.390000104904175
2025-01-27T20:53:16Z,Run,2025-01-27T21:28:55Z,-8.05320836,-34.95357602,185.0,90.0,2.390000104904175
2025-01-27T20:53:16Z,Run,2025-01-27T21:28:56Z,-8.05323136,-34.95357668,185.0,90.0,2.4000000953674316
2025-01-27T20:53:16Z,Run,2025-01-27T21:28:57Z,-8.05325569,-34.95357734,185.0,86.0,2.4000000953674316
2025-01-27T20:53:16Z,Run,2025-01-27T21:28:58Z,-8.05327802,-34.95357568,185.0,85.0,2.4000000953674316
2025-01-27T20:53:16Z,Run,2025-01-27T21:28:59Z,-8.05330035,-34.95357168,185.0,85.0,2.4100000858306885
2025-01-27T20:53:16Z,Run,2025-01-27T21:29:00Z,-8.05332401,-34.95356668,185.0,85.0,2.4100000858306885
2025-01-27T20:53:16Z,Run,2025-01-27T21:29:01Z,-8.05334667,-34.95356135,186.0,87.0,2.4200000762939453
2025-01-27T20:53:16Z,Run,2025-01-27T21:29:02Z,-8.053368,-34.95355769,186.0,88.0,2.4200000762939453
2025-01-27T20:53:16Z,Run,2025-01-27T21:29:03Z,-8.05338899,-34.9535557,186.0,88.0,2.4200000762939453
2025-01-27T20:53:16Z,Run,2025-01-27T21:29:04Z,-8.05341066,-34.95355503,186.0,88.0,2.4200000762939453
2025-01-27T20:53:16Z,Run,2025-01-27T21:29:05Z,-8.05343465,-34.95355304,186.0,88.0,2.430000066757202
2025-01-27T20:53:16Z,Run,2025-01-27T21:29:06Z,-8.05345864,-34.95355104,186.0,88.0,2.430000066757202
2025-01-27T20:53:16Z,Run,2025-01-27T21:29:07Z,-8.05348397,-34.95355072,186.0,88.0,2.430000066757202
2025-01-27T20:53:16Z,Run,2025-01-27T21:29:08Z,-8.0535083,-34.95355104,186.0,89.0,2.430000066757202
2025-01-27T20:53:16Z,Run,2025-01-27T21:29:09Z,-8.05353129,-34.95355137,185.0,88.0,2.430000066757202
2025-01-27T20:53:16Z,Run,2025-01-27T21:29:10Z,-8.05355595,-34.95355104,185.0,88.0,2.430000066757202
2025-01-27T20:53:16Z,Run,2025-01-27T21:29:11Z,-8.05357828,-34.95354971,186.0,88.0,2.440000057220459
2025-01-27T20:53:16Z,Run,2025-01-27T21:29:12Z,-8.05359993,-34.95354704,186.0,88.0,2.440000057220459
2025-01-27T20:53:16Z,Run,2025-01-27T21:29:13Z,-8.05362093,-34.95354605,186.0,88.0,2.450000047683716
2025-01-27T20:53:16Z,Run,2025-01-27T21:29:14Z,-8.05364127,-34.95354671,186.0,88.0,2.4600000381469727
2025-01-27T20:53:16Z,Run,2025-01-27T21:29:15Z,-8.05365959,-34.95354838,185.0,89.0,2.4600000381469727
2025-01-27T20:53:16Z,Run,2025-01-27T21:29:16Z,-8.05368158,-34.95355004,185.0,89.0,2.4600000381469727
2025-01-27T20:53:16Z,Run,2025-01-27T21:29:17Z,-8.05370091,-34.95355337,185.0,89.0,2.4600000381469727
2025-01-27T20:53:16Z,Run,2025-01-27T21:29:18Z,-8.05371757,-34.95355836,185.0,89.0,2.4600000381469727
2025-01-27T20:53:16Z,Run,2025-01-27T21:29:19Z,-8.0537309,-34.95356436,185.0,89.0,2.4100000858306885
2025-01-27T20:53:16Z,Run,2025-01-27T21:29:20Z,-8.05374223,-34.95357135,185.0,89.0,2.2899999618530273
2025-01-27T20:53:16Z,Run,2025-01-27T21:29:21Z,-8.05375188,-34.95357901,185.0,89.0,2.190000057220459
2025-01-27T20:53:16Z,Run,2025-01-27T21:29:22Z,-8.05376222,-34.953586,185.0,89.0,2.0
2025-01-27T20:53:16Z,Run,2025-01-27T21:29:23Z,-8.05377255,-34.95359167,185.0,89.0,1.7100000381469727
2025-01-27T20:53:16Z,Run,2025-01-27T21:29:24Z,-8.05378421,-34.95359766,185.0,89.0,1.7100000381469727
2025-01-27T20:53:16Z,Run,2025-01-27T21:29:25Z,-8.05379587,-34.95360299,185.0,89.0,1.440000057220459
2025-01-27T20:53:16Z,Run,2025-01-27T21:29:26Z,-8.05380753,-34.95360733,185.0,89.0,1.309999942779541
2025-01-27T20:53:16Z,Run,2025-01-27T21:29:27Z,-8.05381986,-34.95361233,184.0,89.0,1.3300000429153442
2025-01-27T20:53:16Z,Run,2025-01-27T21:29:28Z,-8.05383152,-34.95361598,183.0,89.0,1.350000023841858
2025-01-27T20:53:16Z,Run,2025-01-27T21:29:29Z,-8.05384252,-34.95361897,184.0,89.0,1.340000033378601
2025-01-27T20:53:16Z,Run,2025-01-27T21:29:30Z,-8.05385352,-34.95362164,184.0,89.0,1.340000033378601
2025-01-27T20:53:16Z,Run,2025-01-27T21:29:31Z,-8.05386385,-34.95362364,184.0,89.0,1.340000033378601
2025-01-27T20:53:16Z,Run,2025-01-27T21:29:32Z,-8.05387351,-34.95362463,183.0,89.0,1.350000023841858
2025-01-27T20:53:16Z,Run,2025-01-27T21:29:33Z,-8.05388318,-34.95362529,183.0,89.0,1.3300000429153442
2025-01-27T20:53:16Z,Run,2025-01-27T21:29:34Z,-8.05389383,-34.95362595,184.0,62.0,1.2899999618530273
2025-01-27T20:53:16Z,Run,2025-01-27T21:29:35Z,-8.05390382,-34.95362661,183.0,61.0,1.2599999904632568
2025-01-27T20:53:16Z,Run,2025-01-27T21:29:36Z,-8.05391416,-34.95362827,183.0,61.0,1.2599999904632568
2025-01-27T20:53:16Z,Run,2025-01-27T21:29:37Z,-8.05392415,-34.9536316,180.0,61.0,1.2300000190734863
2025-01-27T20:53:16Z,Run,2025-01-27T21:29:38Z,-8.05393481,-34.95363592,178.0,63.0,1.2100000381469727
2025-01-27T20:53:16Z,Run,2025-01-27T21:29:39Z,-8.0539458,-34.95363958,177.0,62.0,1.2000000476837158
2025-01-27T20:53:16Z,Run,2025-01-27T21:29:40Z,-8.05395813,-34.95364191,176.0,62.0,1.2000000476837158
2025-01-27T20:53:16Z,Run,2025-01-27T21:29:41Z,-8.05397179,-34.95364458,171.0,62.0,1.2200000286102295
2025-01-27T20:53:16Z,Run,2025-01-27T21:29:42Z,-8.05398713,-34.95364757,171.0,62.0,1.2200000286102295
2025-01-27T20:53:16Z,Run,2025-01-27T21:29:43Z,-8.05400278,-34.95364957,169.0,62.0,1.2400000095367432
2025-01-27T20:53:16Z,Run,2025-01-27T21:29:44Z,-8.05401878,-34.95365023,169.0,62.0,1.2699999809265137
2025-01-27T20:53:16Z,Run,2025-01-27T21:29:45Z,-8.05403278,-34.95365223,169.0,62.0,1.340000033378601
2025-01-27T20:53:16Z,Run,2025-01-27T21:29:46Z,-8.05404444,-34.95365555,169.0,62.0,1.4299999475479126
2025-01-27T20:53:16Z,Run,2025-01-27T21:29:47Z,-8.05405611,-34.95365788,168.0,62.0,1.4700000286102295
2025-01-27T20:53:16Z,Run,2025-01-27T21:29:48Z,-8.05406676,-34.95366154,168.0,62.0,1.4700000286102295
2025-01-27T20:53:16Z,Run,2025-01-27T21:29:49Z,-8.05407742,-34.95366354,166.0,62.0,1.4700000286102295
2025-01-27T20:53:16Z,Run,2025-01-27T21:29:50Z,-8.05408775,-34.9536642,162.0,61.0,1.4800000190734863
2025-01-27T20:53:16Z,Run,2025-01-27T21:29:51Z,-8.05409808,-34.95366452,163.0,60.0,1.4500000476837158
2025-01-27T20:53:16Z,Run,2025-01-27T21:29:52Z,-8.05410874,-34.95366452,165.0,62.0,1.3700000047683716
2025-01-27T20:53:16Z,Run,2025-01-27T21:29:53Z,-8.0541204,-34.9536642,162.0,62.0,1.2899999618530273
2025-01-27T20:53:16Z,Run,2025-01-27T21:29:54Z,-8.05413239,-34.95366354,162.0,62.0,1.2899999618530273
2025-01-27T20:53:16Z,Run,2025-01-27T21:29:55Z,-8.05414639,-34.95366288,163.0,62.0,1.2300000190734863
2025-01-27T20:53:16Z,Run,2025-01-27T21:29:56Z,-8.05416005,-34.95366088,164.0,61.0,1.2300000190734863
2025-01-27T20:53:16Z,Run,2025-01-27T21:29:57Z,-8.05417405,-34.95365888,165.0,62.0,1.2400000095367432
2025-01-27T20:53:16Z,Run,2025-01-27T21:29:58Z,-8.05418805,-34.95365655,165.0,62.0,1.25
2025-01-27T20:53:16Z,Run,2025-01-27T21:29:59Z,-8.05420171,-34.95365456,166.0,62.0,1.2599999904632568
2025-01-27T20:53:16Z,Run,2025-01-27T21:30:00Z,-8.05421537,-34.95365424,166.0,62.0,1.2599999904632568
2025-01-27T20:53:16Z,Run,2025-01-27T21:30:01Z,-8.05423004,-34.95365489,165.0,62.0,1.2699999809265137
2025-01-27T20:53:16Z,Run,2025-01-27T21:30:02Z,-8.05424537,-34.95365723,165.0,61.0,1.2799999713897705
2025-01-27T20:53:16Z,Run,2025-01-27T21:30:03Z,-8.05426036,-34.95365922,165.0,61.0,1.2999999523162842
2025-01-27T20:53:16Z,Run,2025-01-27T21:30:04Z,-8.05427836,-34.95366221,165.0,62.0,1.309999942779541
2025-01-27T20:53:16Z,Run,2025-01-27T21:30:05Z,-8.05429569,-34.95366587,163.0,62.0,1.3300000429153442
2025-01-27T20:53:16Z,Run,2025-01-27T21:30:06Z,-8.05431168,-34.95366953,163.0,62.0,1.3300000429153442
2025-01-27T20:53:16Z,Run,2025-01-27T21:30:07Z,-8.05432535,-34.95367285,163.0,62.0,1.340000033378601
2025-01-27T20:53:16Z,Run,2025-01-27T21:30:08Z,-8.05433901,-34.95367618,164.0,62.0,1.3600000143051147
2025-01-27T20:53:16Z,Run,2025-01-27T21:30:09Z,-8.054354,-34.95367917,162.0,62.0,1.3700000047683716
2025-01-27T20:53:16Z,Run,2025-01-27T21:30:10Z,-8.054369,-34.95368216,159.0,63.0,1.3799999952316284
2025-01-27T20:53:16Z,Run,2025-01-27T21:30:11Z,-8.05438332,-34.95368516,157.0,62.0,1.3899999856948853
2025-01-27T20:53:16Z,Run,2025-01-27T21:30:12Z,-8.05439698,-34.95368848,157.0,62.0,1.3899999856948853
2025-01-27T20:53:16Z,Run,2025-01-27T21:30:13Z,-8.05441064,-34.95369047,157.0,62.0,1.3899999856948853
2025-01-27T20:53:16Z,Run,2025-01-27T21:30:14Z,-8.05442398,-34.95369047,157.0,62.0,1.3899999856948853
2025-01-27T20:53:16Z,Run,2025-01-27T21:30:15Z,-8.0544363,-34.95368815,158.0,63.0,1.399999976158142
2025-01-27T20:53:16Z,Run,2025-01-27T21:30:16Z,-8.05445063,-34.95368481,157.0,63.0,1.399999976158142
2025-01-27T20:53:16Z,Run,2025-01-27T21:30:17Z,-8.05446463,-34.95368149,161.0,63.0,1.399999976158142
2025-01-27T20:53:16Z,Run,2025-01-27T21:30:18Z,-8.05447896,-34.9536795,161.0,63.0,1.399999976158142
2025-01-27T20:53:16Z,Run,2025-01-27T21:30:19Z,-8.05449328,-34.95367817,161.0,63.0,1.399999976158142
2025-01-27T20:53:16Z,Run,2025-01-27T21:30:20Z,-8.05450595,-34.95367718,161.0,59.0,1.399999976158142
2025-01-27T20:53:16Z,Run,2025-01-27T21:30:21Z,-8.05451594,-34.9536775,160.0,59.0,1.399999976158142
2025-01-27T20:53:16Z,Run,2025-01-27T21:30:22Z,-8.0545236,-34.95367882,160.0,57.0,1.3899999856948853
2025-01-27T20:53:16Z,Run,2025-01-27T21:30:23Z,-8.05453126,-34.95368181,160.0,57.0,1.3899999856948853
2025-01-27T20:53:16Z,Run,2025-01-27T21:30:24Z,-8.05453959,-34.95368681,160.0,57.0,1.3899999856948853
2025-01-27T20:53:16Z,Run,2025-01-27T21:30:25Z,-8.05454559,-34.95369481,160.0,57.0,1.3899999856948853
2025-01-27T20:53:16Z,Run,2025-01-27T21:30:26Z,-8.05455025,-34.95370414,160.0,57.0,1.3799999952316284
2025-01-27T20:53:16Z,Run,2025-01-27T21:30:27Z,-8.05455325,-34.9537158,160.0,57.0,1.3700000047683716
2025-01-27T20:53:16Z,Run,2025-01-27T21:30:28Z,-8.05455557,-34.95372879,160.0,57.0,1.3700000047683716
2025-01-27T20:53:16Z,Run,2025-01-27T21:30:29Z,-8.05455624,-34.95374279,160.0,57.0,1.3600000143051147
2025-01-27T20:53:16Z,Run,2025-01-27T21:30:30Z,-8.05455756,-34.95375778,160.0,57.0,1.3600000143051147
2025-01-27T20:53:16Z,Run,2025-01-27T21:30:31Z,-8.05455756,-34.95377278,159.0,57.0,1.350000023841858
2025-01-27T20:53:16Z,Run,2025-01-27T21:30:32Z,-8.05455657,-34.95378811,159.0,57.0,1.350000023841858
2025-01-27T20:53:16Z,Run,2025-01-27T21:30:33Z,-8.05455391,-34.9538031,161.0,57.0,1.340000033378601
2025-01-27T20:53:16Z,Run,2025-01-27T21:30:34Z,-8.05454992,-34.95381776,161.0,57.0,1.350000023841858
2025-01-27T20:53:16Z,Run,2025-01-27T21:30:35Z,-8.05454525,-34.95383275,162.0,57.0,1.350000023841858
2025-01-27T20:53:16Z,Run,2025-01-27T21:30:36Z,-8.05454093,-34.95384942,162.0,57.0,1.350000023841858
2025-01-27T20:53:16Z,Run,2025-01-27T21:30:37Z,-8.05453627,-34.95386708,164.0,59.0,1.350000023841858
2025-01-27T20:53:16Z,Run,2025-01-27T21:30:38Z,-8.05453194,-34.95388474,166.0,60.0,1.350000023841858
2025-01-27T20:53:16Z,Run,2025-01-27T21:30:39Z,-8.05452795,-34.9538984,163.0,60.0,1.3600000143051147
2025-01-27T20:53:16Z,Run,2025-01-27T21:30:40Z,-8.05452528,-34.95390873,162.0,60.0,1.3600000143051147
2025-01-27T20:53:16Z,Run,2025-01-27T21:30:41Z,-8.05452328,-34.95391739,161.0,60.0,1.3600000143051147
2025-01-27T20:53:16Z,Run,2025-01-27T21:30:42Z,-8.05452395,-34.95392472,161.0,60.0,1.3600000143051147
2025-01-27T20:53:16Z,Run,2025-01-27T21:30:43Z,-8.05452427,-34.95393071,161.0,60.0,1.3700000047683716
2025-01-27T20:53:16Z,Run,2025-01-27T21:30:44Z,-8.0545256,-34.95393804,162.0,60.0,1.3600000143051147
2025-01-27T20:53:16Z,Run,2025-01-27T21:30:45Z,-8.05452726,-34.95394704,163.0,60.0,1.350000023841858
2025-01-27T20:53:16Z,Run,2025-01-27T21:30:46Z,-8.05452858,-34.95395436,163.0,60.0,1.340000033378601
2025-01-27T20:53:16Z,Run,2025-01-27T21:30:47Z,-8.05453024,-34.95396269,165.0,61.0,1.3200000524520874
2025-01-27T20:53:16Z,Run,2025-01-27T21:30:48Z,-8.05453057,-34.95397236,165.0,61.0,1.3200000524520874
2025-01-27T20:53:16Z,Run,2025-01-27T21:30:49Z,-8.05452991,-34.95398168,166.0,61.0,1.309999942779541
2025-01-27T20:53:16Z,Run,2025-01-27T21:30:50Z,-8.05452825,-34.95399202,166.0,60.0,1.2899999618530273
2025-01-27T20:53:16Z,Run,2025-01-27T21:30:51Z,-8.05452659,-34.95400267,167.0,60.0,1.2799999713897705
2025-01-27T20:53:16Z,Run,2025-01-27T21:30:52Z,-8.05452426,-34.95401101,167.0,60.0,1.2599999904632568
2025-01-27T20:53:16Z,Run,2025-01-27T21:30:53Z,-8.0545216,-34.95401834,167.0,60.0,1.25
2025-01-27T20:53:16Z,Run,2025-01-27T21:30:54Z,-8.05451728,-34.95402367,167.0,60.0,1.25
2025-01-27T20:53:16Z,Run,2025-01-27T21:30:55Z,-8.05451161,-34.95402966,167.0,60.0,1.2400000095367432
2025-01-27T20:53:16Z,Run,2025-01-27T21:30:56Z,-8.05450495,-34.954034,167.0,61.0,1.2300000190734863
2025-01-27T20:53:16Z,Run,2025-01-27T21:30:57Z,-8.05449728,-34.95403765,167.0,61.0,1.2200000286102295
2025-01-27T20:53:16Z,Run,2025-01-27T21:30:58Z,-8.05448761,-34.95404164,166.0,60.0,1.2100000381469727
2025-01-27T20:53:16Z,Run,2025-01-27T21:30:59Z,-8.05447529,-34.95404698,167.0,60.0,1.2100000381469727
2025-01-27T20:53:16Z,Run,2025-01-27T21:31:00Z,-8.05446096,-34.9540533,167.0,60.0,1.2100000381469727
2025-01-27T20:53:16Z,Run,2025-01-27T21:31:01Z,-8.05444696,-34.95406097,166.0,61.0,1.2000000476837158
2025-01-27T20:53:16Z,Run,2025-01-27T21:31:02Z,-8.05443597,-34.95406662,165.0,60.0,1.190000057220459
2025-01-27T20:53:16Z,Run,2025-01-27T21:31:03Z,-8.0544263,-34.95407028,164.0,60.0,1.190000057220459
2025-01-27T20:53:16Z,Run,2025-01-27T21:31:04Z,-8.05441764,-34.95407328,163.0,60.0,1.190000057220459
2025-01-27T20:53:16Z,Run,2025-01-27T21:31:05Z,-8.05440832,-34.9540766,163.0,60.0,1.190000057220459
2025-01-27T20:53:16Z,Run,2025-01-27T21:31:06Z,-8.05439865,-34.9540816,163.0,60.0,1.190000057220459
2025-01-27T20:53:16Z,Run,2025-01-27T21:31:07Z,-8.05439066,-34.95408359,163.0,61.0,1.190000057220459
2025-01-27T20:53:16Z,Run,2025-01-27T21:31:08Z,-8.05438133,-34.95408526,164.0,60.0,1.190000057220459
2025-01-27T20:53:16Z,Run,2025-01-27T21:31:09Z,-8.05437134,-34.9540846,164.0,60.0,1.190000057220459
2025-01-27T20:53:16Z,Run,2025-01-27T21:31:10Z,-8.05436167,-34.95408127,164.0,59.0,1.190000057220459
2025-01-27T20:53:16Z,Run,2025-01-27T21:31:11Z,-8.05435302,-34.9540786,163.0,59.0,1.190000057220459
2025-01-27T20:53:16Z,Run,2025-01-27T21:31:12Z,-8.05434268,-34.95407628,163.0,59.0,1.190000057220459
2025-01-27T20:53:16Z,Run,2025-01-27T21:31:13Z,-8.05433169,-34.95407428,163.0,61.0,1.190000057220459
2025-01-27T20:53:16Z,Run,2025-01-27T21:31:14Z,-8.05432136,-34.95407261,164.0,60.0,1.190000057220459
2025-01-27T20:53:16Z,Run,2025-01-27T21:31:15Z,-8.05431204,-34.95407062,164.0,60.0,1.2000000476837158
2025-01-27T20:53:16Z,Run,2025-01-27T21:31:16Z,-8.05430037,-34.95406996,164.0,60.0,1.2000000476837158
2025-01-27T20:53:16Z,Run,2025-01-27T21:31:17Z,-8.05429038,-34.9540683,165.0,60.0,1.2000000476837158
2025-01-27T20:53:16Z,Run,2025-01-27T21:31:18Z,-8.05428138,-34.95406597,165.0,60.0,1.2000000476837158
2025-01-27T20:53:16Z,Run,2025-01-27T21:31:19Z,-8.05427339,-34.95406298,165.0,60.0,1.2000000476837158
2025-01-27T20:53:16Z,Run,2025-01-27T21:31:20Z,-8.05426506,-34.95406031,166.0,60.0,1.2000000476837158
2025-01-27T20:53:16Z,Run,2025-01-27T21:31:21Z,-8.05425806,-34.95405699,164.0,60.0,1.2000000476837158
2025-01-27T20:53:16Z,Run,2025-01-27T21:31:22Z,-8.05424872,-34.954054,163.0,60.0,1.1399999856948853
2025-01-27T20:53:16Z,Run,2025-01-27T21:31:23Z,-8.05423806,-34.95405101,162.0,60.0,1.0700000524520874
2025-01-27T20:53:16Z,Run,2025-01-27T21:31:24Z,-8.05422607,-34.95404734,162.0,60.0,1.0700000524520874
2025-01-27T20:53:16Z,Run,2025-01-27T21:31:25Z,-8.05421274,-34.95404268,162.0,60.0,1.0700000524520874
2025-01-27T20:53:16Z,Run,2025-01-27T21:31:26Z,-8.05419641,-34.95403835,162.0,60.0,1.0700000524520874
2025-01-27T20:53:16Z,Run,2025-01-27T21:31:27Z,-8.05417809,-34.95403568,165.0,60.0,1.149999976158142
2025-01-27T20:53:16Z,Run,2025-01-27T21:31:28Z,-8.0541561,-34.95403369,167.0,60.0,1.4299999475479126
2025-01-27T20:53:16Z,Run,2025-01-27T21:31:29Z,-8.05413443,-34.95403303,170.0,60.0,1.8200000524520874
2025-01-27T20:53:16Z,Run,2025-01-27T21:31:30Z,-8.05410944,-34.95403303,170.0,60.0,2.0999999046325684
2025-01-27T20:53:16Z,Run,2025-01-27T21:31:31Z,-8.05408444,-34.9540327,170.0,60.0,2.0999999046325684
2025-01-27T20:53:16Z,Run,2025-01-27T21:31:31Z,-8.05406011,-34.95403104,170.0,60.0,2.299999952316284
2025-01-27T20:53:16Z,Run,2025-01-27T21:31:32Z,-8.05403612,-34.95402971,169.0,88.0,2.4200000762939453
2025-01-27T20:53:16Z,Run,2025-01-27T21:31:33Z,-8.05401145,-34.95402805,169.0,88.0,2.5
2025-01-27T20:53:16Z,Run,2025-01-27T21:31:34Z,-8.05398479,-34.95402639,169.0,88.0,2.5799999237060547
2025-01-27T20:53:16Z,Run,2025-01-27T21:31:35Z,-8.05395713,-34.9540254,168.0,88.0,2.6500000953674316
2025-01-27T20:53:16Z,Run,2025-01-27T21:31:36Z,-8.05392913,-34.95402473,168.0,88.0,2.6500000953674316
2025-01-27T20:53:16Z,Run,2025-01-27T21:31:37Z,-8.05390313,-34.95402374,168.0,88.0,2.7100000381469727
2025-01-27T20:53:16Z,Run,2025-01-27T21:31:38Z,-8.05387479,-34.95402174,168.0,88.0,2.75
2025-01-27T20:53:16Z,Run,2025-01-27T21:31:39Z,-8.05384647,-34.95402009,168.0,89.0,2.799999952316284
2025-01-27T20:53:16Z,Run,2025-01-27T21:31:40Z,-8.05381915,-34.95401742,168.0,88.0,2.859999895095825
2025-01-27T20:53:16Z,Run,2025-01-27T21:31:41Z,-8.05379315,-34.95401342,169.0,88.0,2.9200000762939453
2025-01-27T20:53:16Z,Run,2025-01-27T21:31:42Z,-8.05377081,-34.95400842,169.0,88.0,2.9200000762939453
2025-01-27T20:53:16Z,Run,2025-01-27T21:31:43Z,-8.05374549,-34.95400275,169.0,88.0,2.930000066757202
2025-01-27T20:53:16Z,Run,2025-01-27T21:31:44Z,-8.05372082,-34.95399643,169.0,88.0,2.940000057220459
2025-01-27T20:53:16Z,Run,2025-01-27T21:31:45Z,-8.05369817,-34.95399211,170.0,89.0,2.9200000762939453
2025-01-27T20:53:16Z,Run,2025-01-27T21:31:46Z,-8.05367918,-34.95398711,171.0,88.0,2.9100000858306885
2025-01-27T20:53:16Z,Run,2025-01-27T21:31:47Z,-8.05365918,-34.95398412,172.0,89.0,2.880000114440918
2025-01-27T20:53:16Z,Run,2025-01-27T21:31:48Z,-8.05363219,-34.95398444,172.0,89.0,2.880000114440918
2025-01-27T20:53:16Z,Run,2025-01-27T21:31:49Z,-8.05360253,-34.95398576,172.0,89.0,2.8299999237060547
2025-01-27T20:53:16Z,Run,2025-01-27T21:31:50Z,-8.05357421,-34.9539871,172.0,88.0,2.799999952316284
2025-01-27T20:53:16Z,Run,2025-01-27T21:31:51Z,-8.05354654,-34.95398677,172.0,88.0,2.809999942779541
2025-01-27T20:53:16Z,Run,2025-01-27T21:31:52Z,-8.05352322,-34.95398477,172.0,88.0,2.819999933242798
2025-01-27T20:53:16Z,Run,2025-01-27T21:31:53Z,-8.05350189,-34.95398244,171.0,88.0,2.7200000286102295
2025-01-27T20:53:16Z,Run,2025-01-27T21:31:54Z,-8.05348224,-34.95398045,171.0,88.0,2.7200000286102295
2025-01-27T20:53:16Z,Run,2025-01-27T21:31:55Z,-8.05346357,-34.95397778,171.0,88.0,2.619999885559082
2025-01-27T20:53:16Z,Run,2025-01-27T21:31:56Z,-8.05344691,-34.95397513,170.0,88.0,2.619999885559082
2025-01-27T20:53:16Z,Run,2025-01-27T21:31:57Z,-8.05342891,-34.95397079,170.0,88.0,2.5
2025-01-27T20:53:16Z,Run,2025-01-27T21:31:58Z,-8.05340926,-34.95396714,169.0,89.0,2.240000009536743
2025-01-27T20:53:16Z,Run,2025-01-27T21:31:59Z,-8.05338527,-34.9539648,167.0,89.0,2.0999999046325684
2025-01-27T20:53:16Z,Run,2025-01-27T21:32:00Z,-8.05335961,-34.95396381,167.0,89.0,2.0999999046325684
2025-01-27T20:53:16Z,Run,2025-01-27T21:32:01Z,-8.05332794,-34.95396514,167.0,89.0,2.0999999046325684
2025-01-27T20:53:16Z,Run,2025-01-27T21:32:02Z,-8.05329661,-34.95396779,167.0,89.0,2.0999999046325684
2025-01-27T20:53:16Z,Run,2025-01-27T21:32:03Z,-8.05326329,-34.95397145,167.0,89.0,2.109999895095825
2025-01-27T20:53:16Z,Run,2025-01-27T21:32:04Z,-8.05323095,-34.95397245,167.0,88.0,2.130000114440918
2025-01-27T20:53:16Z,Run,2025-01-27T21:32:05Z,-8.05319863,-34.95397344,166.0,89.0,2.1600000858306885
2025-01-27T20:53:16Z,Run,2025-01-27T21:32:06Z,-8.0531623,-34.95397544,166.0,89.0,2.1600000858306885
2025-01-27T20:53:16Z,Run,2025-01-27T21:32:07Z,-8.05313063,-34.95397643,166.0,89.0,2.2100000381469727
2025-01-27T20:53:16Z,Run,2025-01-27T21:32:08Z,-8.05309964,-34.95397443,166.0,89.0,2.6500000953674316
2025-01-27T20:53:16Z,Run,2025-01-27T21:32:09Z,-8.05307164,-34.95396777,166.0,89.0,3.059999942779541
2025-01-27T20:53:16Z,Run,2025-01-27T21:32:10Z,-8.05304532,-34.95395812,166.0,88.0,3.0399999618530273
2025-01-27T20:53:16Z,Run,2025-01-27T21:32:11Z,-8.05302232,-34.95394578,166.0,87.0,3.0299999713897705
2025-01-27T20:53:16Z,Run,2025-01-27T21:32:12Z,-8.05300198,-34.95393013,166.0,87.0,3.0299999713897705
2025-01-27T20:53:16Z,Run,2025-01-27T21:32:13Z,-8.05298433,-34.95391213,166.0,88.0,3.0299999713897705
2025-01-27T20:53:16Z,Run,2025-01-27T21:32:14Z,-8.05296734,-34.95389347,166.0,88.0,3.0
2025-01-27T20:53:16Z,Run,2025-01-27T21:32:15Z,-8.05295168,-34.9538748,165.0,88.0,2.9000000953674316
2025-01-27T20:53:16Z,Run,2025-01-27T21:32:16Z,-8.05293935,-34.95385515,165.0,88.0,2.799999952316284
2025-01-27T20:53:16Z,Run,2025-01-27T21:32:17Z,-8.05293035,-34.95383449,164.0,88.0,2.740000009536743
2025-01-27T20:53:16Z,Run,2025-01-27T21:32:18Z,-8.05292468,-34.95381216,164.0,88.0,2.740000009536743
2025-01-27T20:53:16Z,Run,2025-01-27T21:32:19Z,-8.05291901,-34.95378849,165.0,89.0,2.680000066757202
2025-01-27T20:53:16Z,Run,2025-01-27T21:32:20Z,-8.05291236,-34.95376616,165.0,88.0,2.5999999046325684
2025-01-27T20:53:16Z,Run,2025-01-27T21:32:21Z,-8.05290569,-34.95374217,166.0,89.0,2.509999990463257
2025-01-27T20:53:16Z,Run,2025-01-27T21:32:22Z,-8.05289736,-34.95371683,169.0,89.0,2.4600000381469727
2025-01-27T20:53:16Z,Run,2025-01-27T21:32:23Z,-8.05289003,-34.9536895,171.0,89.0,2.4600000381469727
2025-01-27T20:53:16Z,Run,2025-01-27T21:32:24Z,-8.05288303,-34.95366517,172.0,88.0,2.4800000190734863
2025-01-27T20:53:16Z,Run,2025-01-27T21:32:25Z,-8.05287504,-34.95364051,172.0,88.0,2.4800000190734863
2025-01-27T20:53:16Z,Run,2025-01-27T21:32:26Z,-8.05286638,-34.95361752,172.0,88.0,2.5299999713897705
2025-01-27T20:53:16Z,Run,2025-01-27T21:32:27Z,-8.05285839,-34.95359486,172.0,88.0,2.5899999141693115
2025-01-27T20:53:16Z,Run,2025-01-27T21:32:28Z,-8.05285072,-34.95357353,172.0,87.0,2.609999895095825
2025-01-27T20:53:16Z,Run,2025-01-27T21:32:29Z,-8.05284305,-34.95355386,172.0,87.0,2.609999895095825
2025-01-27T20:53:16Z,Run,2025-01-27T21:32:30Z,-8.0528344,-34.95353553,171.0,88.0,2.5899999141693115
2025-01-27T20:53:16Z,Run,2025-01-27T21:32:31Z,-8.0528254,-34.95351887,171.0,88.0,2.5899999141693115
2025-01-27T20:53:16Z,Run,2025-01-27T21:32:32Z,-8.05281507,-34.95350421,171.0,89.0,2.5399999618530273
2025-01-27T20:53:16Z,Run,2025-01-27T21:32:33Z,-8.05280207,-34.95349122,171.0,88.0,2.4700000286102295
2025-01-27T20:53:16Z,Run,2025-01-27T21:32:34Z,-8.05278541,-34.95348155,171.0,88.0,2.380000114440918
2025-01-27T20:53:16Z,Run,2025-01-27T21:32:35Z,-8.05276642,-34.95347556,173.0,88.0,2.2699999809265137
2025-01-27T20:53:16Z,Run,2025-01-27T21:32:36Z,-8.05274675,-34.95347157,173.0,89.0,2.2100000381469727
2025-01-27T20:53:16Z,Run,2025-01-27T21:32:37Z,-8.05272543,-34.9534689,173.0,89.0,2.2100000381469727
2025-01-27T20:53:16Z,Run,2025-01-27T21:32:38Z,-8.05270376,-34.95346657,173.0,89.0,2.180000066757202
2025-01-27T20:53:16Z,Run,2025-01-27T21:32:39Z,-8.05268077,-34.95346558,173.0,89.0,2.180000066757202
2025-01-27T20:53:16Z,Run,2025-01-27T21:32:40Z,-8.0526571,-34.95346491,173.0,89.0,2.190000057220459
2025-01-27T20:53:16Z,Run,2025-01-27T21:32:41Z,-8.05263245,-34.95346491,173.0,89.0,2.240000009536743
2025-01-27T20:53:16Z,Run,2025-01-27T21:32:42Z,-8.05260711,-34.95346392,174.0,89.0,2.309999942779541
2025-01-27T20:53:16Z,Run,2025-01-27T21:32:43Z,-8.05258246,-34.95346491,174.0,89.0,2.309999942779541
2025-01-27T20:53:16Z,Run,2025-01-27T21:32:44Z,-8.05255812,-34.95346758,174.0,89.0,2.3499999046325684
2025-01-27T20:53:16Z,Run,2025-01-27T21:32:45Z,-8.05253446,-34.95347057,173.0,89.0,2.369999885559082
2025-01-27T20:53:16Z,Run,2025-01-27T21:32:46Z,-8.05251047,-34.95347356,172.0,89.0,2.390000104904175
2025-01-27T20:53:16Z,Run,2025-01-27T21:32:47Z,-8.05248648,-34.95347756,170.0,89.0,2.4000000953674316
2025-01-27T20:53:16Z,Run,2025-01-27T21:32:48Z,-8.05246249,-34.95347989,169.0,89.0,2.4200000762939453
2025-01-27T20:53:16Z,Run,2025-01-27T21:32:49Z,-8.05243883,-34.95348055,169.0,89.0,2.4200000762939453
2025-01-27T20:53:16Z,Run,2025-01-27T21:32:50Z,-8.05241683,-34.95348023,168.0,89.0,2.440000057220459
2025-01-27T20:53:16Z,Run,2025-01-27T21:32:51Z,-8.05239417,-34.95347823,168.0,89.0,2.450000047683716
2025-01-27T20:53:16Z,Run,2025-01-27T21:32:52Z,-8.05236885,-34.95347556,167.0,90.0,2.4600000381469727
2025-01-27T20:53:16Z,Run,2025-01-27T21:32:53Z,-8.05234585,-34.95347257,167.0,90.0,2.4700000286102295
2025-01-27T20:53:16Z,Run,2025-01-27T21:32:54Z,-8.05232219,-34.95346958,165.0,90.0,2.4800000190734863
2025-01-27T20:53:16Z,Run,2025-01-27T21:32:55Z,-8.05229754,-34.95346825,165.0,90.0,2.4800000190734863
2025-01-27T20:53:16Z,Run,2025-01-27T21:32:56Z,-8.0522712,-34.95346825,164.0,90.0,2.490000009536743
2025-01-27T20:53:16Z,Run,2025-01-27T21:32:57Z,-8.05224688,-34.95346759,164.0,89.0,2.5
2025-01-27T20:53:16Z,Run,2025-01-27T21:32:58Z,-8.05222188,-34.95346693,164.0,89.0,2.5
2025-01-27T20:53:16Z,Run,2025-01-27T21:32:59Z,-8.05219721,-34.95346428,164.0,90.0,2.509999990463257
2025-01-27T20:53:16Z,Run,2025-01-27T21:33:00Z,-8.05217322,-34.95346129,164.0,90.0,2.5199999809265137
2025-01-27T20:53:16Z,Run,2025-01-27T21:33:01Z,-8.05214923,-34.95345796,164.0,90.0,2.5199999809265137
2025-01-27T20:53:16Z,Run,2025-01-27T21:33:02Z,-8.05212557,-34.95345396,164.0,90.0,2.5299999713897705
2025-01-27T20:53:16Z,Run,2025-01-27T21:33:03Z,-8.05210257,-34.95344831,164.0,90.0,2.5399999618530273
2025-01-27T20:53:16Z,Run,2025-01-27T21:33:04Z,-8.05207958,-34.95344232,164.0,89.0,2.549999952316284
2025-01-27T20:53:16Z,Run,2025-01-27T21:33:05Z,-8.05205624,-34.95343665,164.0,89.0,2.549999952316284
2025-01-27T20:53:16Z,Run,2025-01-27T21:33:06Z,-8.05203292,-34.95343132,164.0,88.0,2.559999942779541
2025-01-27T20:53:16Z,Run,2025-01-27T21:33:07Z,-8.05200925,-34.95342598,164.0,88.0,2.559999942779541
2025-01-27T20:53:16Z,Run,2025-01-27T21:33:08Z,-8.05198726,-34.95342066,164.0,88.0,2.559999942779541
2025-01-27T20:53:16Z,Run,2025-01-27T21:33:09Z,-8.05196761,-34.95341566,165.0,88.0,2.569999933242798
2025-01-27T20:53:16Z,Run,2025-01-27T21:33:10Z,-8.05195061,-34.95341099,165.0,88.0,2.569999933242798
2025-01-27T20:53:16Z,Run,2025-01-27T21:33:11Z,-8.05193528,-34.95340633,165.0,88.0,2.569999933242798
2025-01-27T20:53:16Z,Run,2025-01-27T21:33:12Z,-8.05192263,-34.95339767,165.0,88.0,2.569999933242798
2025-01-27T20:53:16Z,Run,2025-01-27T21:33:13Z,-8.05191163,-34.95338535,163.0,88.0,2.569999933242798
2025-01-27T20:53:16Z,Run,2025-01-27T21:33:14Z,-8.0519013,-34.95336802,163.0,88.0,2.569999933242798
2025-01-27T20:53:16Z,Run,2025-01-27T21:33:15Z,-8.05189464,-34.95334902,163.0,88.0,2.549999952316284
2025-01-27T20:53:16Z,Run,2025-01-27T21:33:16Z,-8.05188997,-34.95332903,163.0,89.0,2.5299999713897705
2025-01-27T20:53:16Z,Run,2025-01-27T21:33:17Z,-8.05188698,-34.9533077,164.0,89.0,2.240000009536743
2025-01-27T20:53:16Z,Run,2025-01-27T21:33:18Z,-8.05188431,-34.95328504,165.0,90.0,1.9700000286102295
2025-01-27T20:53:16Z,Run,2025-01-27T21:33:19Z,-8.05188199,-34.95326205,167.0,89.0,2.0299999713897705
2025-01-27T20:53:16Z,Run,2025-01-27T21:33:20Z,-8.05187932,-34.95323972,167.0,89.0,2.0299999713897705
2025-01-27T20:53:16Z,Run,2025-01-27T21:33:21Z,-8.05187466,-34.95321406,167.0,89.0,2.130000114440918
2025-01-27T20:53:16Z,Run,2025-01-27T21:33:22Z,-8.05187267,-34.9531894,167.0,89.0,2.2300000190734863
2025-01-27T20:53:16Z,Run,2025-01-27T21:33:23Z,-8.05187299,-34.95316574,166.0,90.0,2.299999952316284
2025-01-27T20:53:16Z,Run,2025-01-27T21:33:24Z,-8.05187431,-34.95314141,166.0,90.0,2.359999895095825
2025-01-27T20:53:16Z,Run,2025-01-27T21:33:25Z,-8.05187531,-34.95311575,166.0,90.0,2.430000066757202
2025-01-27T20:53:16Z,Run,2025-01-27T21:33:26Z,-8.05187597,-34.95308943,166.0,90.0,2.430000066757202
2025-01-27T20:53:16Z,Run,2025-01-27T21:33:27Z,-8.05187797,-34.95306344,166.0,90.0,2.509999990463257
2025-01-27T20:53:16Z,Run,2025-01-27T21:33:28Z,-8.05187997,-34.95303744,166.0,89.0,2.5899999141693115
2025-01-27T20:53:16Z,Run,2025-01-27T21:33:29Z,-8.05188129,-34.95301311,167.0,89.0,2.630000114440918
2025-01-27T20:53:16Z,Run,2025-01-27T21:33:30Z,-8.05188097,-34.95298978,168.0,89.0,2.630000114440918
2025-01-27T20:53:16Z,Run,2025-01-27T21:33:31Z,-8.05188064,-34.95296546,169.0,88.0,2.609999895095825
2025-01-27T20:53:16Z,Run,2025-01-27T21:33:32Z,-8.05188129,-34.95294146,169.0,88.0,2.609999895095825
2025-01-27T20:53:16Z,Run,2025-01-27T21:33:33Z,-8.05188162,-34.95291646,169.0,89.0,2.5899999141693115
2025-01-27T20:53:16Z,Run,2025-01-27T21:33:34Z,-8.05188063,-34.9528908,169.0,89.0,2.5799999237060547
2025-01-27T20:53:16Z,Run,2025-01-27T21:33:35Z,-8.05187963,-34.95286613,169.0,88.0,2.549999952316284
2025-01-27T20:53:16Z,Run,2025-01-27T21:33:36Z,-8.05187764,-34.95284181,169.0,88.0,2.5199999809265137
2025-01-27T20:53:16Z,Run,2025-01-27T21:33:37Z,-8.0518763,-34.95281848,169.0,88.0,2.509999990463257
2025-01-27T20:53:16Z,Run,2025-01-27T21:33:38Z,-8.05187565,-34.95279615,169.0,88.0,2.509999990463257
2025-01-27T20:53:16Z,Run,2025-01-27T21:33:39Z,-8.05187565,-34.95277382,168.0,88.0,2.5
2025-01-27T20:53:16Z,Run,2025-01-27T21:33:40Z,-8.05187664,-34.95275215,167.0,88.0,2.5
2025-01-27T20:53:16Z,Run,2025-01-27T21:33:41Z,-8.0518783,-34.95273116,166.0,88.0,2.4800000190734863
2025-01-27T20:53:16Z,Run,2025-01-27T21:33:42Z,-8.05187963,-34.95270783,166.0,88.0,2.430000066757202
2025-01-27T20:53:16Z,Run,2025-01-27T21:33:43Z,-8.0518793,-34.95268651,166.0,88.0,2.4000000953674316
2025-01-27T20:53:16Z,Run,2025-01-27T21:33:44Z,-8.05187765,-34.95266351,166.0,88.0,2.4000000953674316
2025-01-27T20:53:16Z,Run,2025-01-27T21:33:45Z,-8.05187698,-34.95263952,165.0,88.0,2.390000104904175
2025-01-27T20:53:16Z,Run,2025-01-27T21:33:46Z,-8.05187698,-34.95261485,165.0,88.0,2.380000114440918
2025-01-27T20:53:16Z,Run,2025-01-27T21:33:47Z,-8.05187631,-34.95258919,166.0,88.0,2.380000114440918
2025-01-27T20:53:16Z,Run,2025-01-27T21:33:48Z,-8.0518773,-34.95256287,166.0,88.0,2.390000104904175
2025-01-27T20:53:16Z,Run,2025-01-27T21:33:49Z,-8.05187897,-34.95253687,164.0,88.0,2.430000066757202
2025-01-27T20:53:16Z,Run,2025-01-27T21:33:50Z,-8.05188029,-34.95251221,164.0,88.0,2.430000066757202
2025-01-27T20:53:16Z,Run,2025-01-27T21:33:51Z,-8.05188195,-34.95248821,164.0,88.0,2.5
2025-01-27T20:53:16Z,Run,2025-01-27T21:33:52Z,-8.05188427,-34.95246489,163.0,88.0,2.549999952316284
2025-01-27T20:53:16Z,Run,2025-01-27T21:33:53Z,-8.05188727,-34.95243989,162.0,88.0,2.569999933242798
2025-01-27T20:53:16Z,Run,2025-01-27T21:33:54Z,-8.05188993,-34.95241723,162.0,88.0,2.569999933242798
2025-01-27T20:53:16Z,Run,2025-01-27T21:33:55Z,-8.05189193,-34.95239424,162.0,88.0,2.569999933242798
2025-01-27T20:53:16Z,Run,2025-01-27T21:33:56Z,-8.05189293,-34.95237058,162.0,88.0,2.569999933242798
2025-01-27T20:53:16Z,Run,2025-01-27T21:33:57Z,-8.05189492,-34.95234759,161.0,89.0,2.569999933242798
2025-01-27T20:53:16Z,Run,2025-01-27T21:33:58Z,-8.05189792,-34.9523246,161.0,88.0,2.569999933242798
2025-01-27T20:53:16Z,Run,2025-01-27T21:33:59Z,-8.05190125,-34.9523006,161.0,88.0,2.569999933242798
2025-01-27T20:53:16Z,Run,2025-01-27T21:34:00Z,-8.05190591,-34.95227727,161.0,89.0,2.569999933242798
2025-01-27T20:53:16Z,Run,2025-01-27T21:34:01Z,-8.05191058,-34.95225195,161.0,89.0,2.559999942779541
2025-01-27T20:53:16Z,Run,2025-01-27T21:34:02Z,-8.0519159,-34.95222695,161.0,89.0,2.559999942779541
2025-01-27T20:53:16Z,Run,2025-01-27T21:34:03Z,-8.05192089,-34.95220229,161.0,88.0,2.559999942779541
2025-01-27T20:53:16Z,Run,2025-01-27T21:34:04Z,-8.05192455,-34.95217996,161.0,88.0,2.559999942779541
2025-01-27T20:53:16Z,Run,2025-01-27T21:34:05Z,-8.05192788,-34.95215763,161.0,88.0,2.559999942779541
2025-01-27T20:53:16Z,Run,2025-01-27T21:34:06Z,-8.05193088,-34.95213563,161.0,88.0,2.549999952316284
2025-01-27T20:53:16Z,Run,2025-01-27T21:34:07Z,-8.0519342,-34.95211329,162.0,88.0,2.549999952316284
2025-01-27T20:53:16Z,Run,2025-01-27T21:34:08Z,-8.05193653,-34.9520903,162.0,88.0,2.549999952316284
2025-01-27T20:53:16Z,Run,2025-01-27T21:34:09Z,-8.05193953,-34.95206797,161.0,88.0,2.549999952316284
2025-01-27T20:53:16Z,Run,2025-01-27T21:34:10Z,-8.05194085,-34.95204531,161.0,89.0,2.549999952316284
2025-01-27T20:53:16Z,Run,2025-01-27T21:34:11Z,-8.05194085,-34.95202232,161.0,89.0,2.5399999618530273
2025-01-27T20:53:16Z,Run,2025-01-27T21:34:12Z,-8.05194018,-34.95199899,160.0,89.0,2.5299999713897705
2025-01-27T20:53:16Z,Run,2025-01-27T21:34:13Z,-8.05193852,-34.951976,159.0,89.0,2.5299999713897705
2025-01-27T20:53:16Z,Run,2025-01-27T21:34:14Z,-8.05193686,-34.95195068,159.0,89.0,2.5299999713897705
2025-01-27T20:53:16Z,Run,2025-01-27T21:34:15Z,-8.05193587,-34.95192534,159.0,89.0,2.5299999713897705
2025-01-27T20:53:16Z,Run,2025-01-27T21:34:16Z,-8.05193354,-34.95190135,159.0,89.0,2.5299999713897705
2025-01-27T20:53:16Z,Run,2025-01-27T21:34:17Z,-8.05193188,-34.95187802,159.0,89.0,2.5299999713897705
2025-01-27T20:53:16Z,Run,2025-01-27T21:34:18Z,-8.05193022,-34.95185336,159.0,89.0,2.5199999809265137
2025-01-27T20:53:16Z,Run,2025-01-27T21:34:19Z,-8.05192922,-34.9518277,159.0,88.0,2.5199999809265137
2025-01-27T20:53:16Z,Run,2025-01-27T21:34:20Z,-8.05192857,-34.95180236,159.0,88.0,2.5199999809265137
2025-01-27T20:53:16Z,Run,2025-01-27T21:34:21Z,-8.05192824,-34.95177937,158.0,88.0,2.5199999809265137
2025-01-27T20:53:16Z,Run,2025-01-27T21:34:22Z,-8.05192824,-34.95175638,158.0,88.0,2.5299999713897705
2025-01-27T20:53:16Z,Run,2025-01-27T21:34:23Z,-8.05192958,-34.95173273,158.0,88.0,2.5299999713897705
2025-01-27T20:53:16Z,Run,2025-01-27T21:34:24Z,-8.05193157,-34.95171173,157.0,88.0,2.5299999713897705
2025-01-27T20:53:16Z,Run,2025-01-27T21:34:25Z,-8.0519339,-34.95169107,156.0,89.0,2.5299999713897705
2025-01-27T20:53:16Z,Run,2025-01-27T21:34:26Z,-8.0519359,-34.95166841,156.0,89.0,2.5299999713897705
2025-01-27T20:53:16Z,Run,2025-01-27T21:34:27Z,-8.0519379,-34.95164508,155.0,89.0,2.5299999713897705
2025-01-27T20:53:16Z,Run,2025-01-27T21:34:28Z,-8.05193822,-34.95161976,155.0,89.0,2.5299999713897705
2025-01-27T20:53:16Z,Run,2025-01-27T21:34:29Z,-8.05193723,-34.95159577,155.0,89.0,2.5299999713897705
2025-01-27T20:53:16Z,Run,2025-01-27T21:34:30Z,-8.05193623,-34.95157177,154.0,89.0,2.5299999713897705
2025-01-27T20:53:16Z,Run,2025-01-27T21:34:31Z,-8.05193423,-34.95154778,155.0,89.0,2.5299999713897705
2025-01-27T20:53:16Z,Run,2025-01-27T21:34:32Z,-8.05193291,-34.95152378,155.0,89.0,2.5299999713897705
2025-01-27T20:53:16Z,Run,2025-01-27T21:34:33Z,-8.05193092,-34.95149979,155.0,89.0,2.5299999713897705
2025-01-27T20:53:16Z,Run,2025-01-27T21:34:34Z,-8.05192992,-34.95147445,154.0,89.0,2.5399999618530273
2025-01-27T20:53:16Z,Run,2025-01-27T21:34:35Z,-8.05192826,-34.95144846,154.0,89.0,2.5399999618530273
2025-01-27T20:53:16Z,Run,2025-01-27T21:34:36Z,-8.05192893,-34.95142346,155.0,89.0,2.549999952316284
2025-01-27T20:53:16Z,Run,2025-01-27T21:34:37Z,-8.05193125,-34.95139846,155.0,89.0,2.549999952316284
2025-01-27T20:53:16Z,Run,2025-01-27T21:34:38Z,-8.05193592,-34.95137446,156.0,89.0,2.549999952316284
2025-01-27T20:53:16Z,Run,2025-01-27T21:34:39Z,-8.05194058,-34.95135047,156.0,89.0,2.549999952316284
2025-01-27T20:53:16Z,Run,2025-01-27T21:34:40Z,-8.05194557,-34.95132814,156.0,89.0,2.559999942779541
2025-01-27T20:53:16Z,Run,2025-01-27T21:34:41Z,-8.05194923,-34.95130414,155.0,89.0,2.559999942779541
2025-01-27T20:53:16Z,Run,2025-01-27T21:34:42Z,-8.05195189,-34.95127848,155.0,89.0,2.569999933242798
2025-01-27T20:53:16Z,Run,2025-01-27T21:34:43Z,-8.05195289,-34.95125449,155.0,89.0,2.569999933242798
2025-01-27T20:53:16Z,Run,2025-01-27T21:34:44Z,-8.05195421,-34.95122883,156.0,90.0,2.569999933242798
2025-01-27T20:53:16Z,Run,2025-01-27T21:34:45Z,-8.05195688,-34.95120584,156.0,90.0,2.569999933242798
2025-01-27T20:53:16Z,Run,2025-01-27T21:34:46Z,-8.05195954,-34.95118285,156.0,90.0,2.569999933242798
2025-01-27T20:53:16Z,Run,2025-01-27T21:34:47Z,-8.0519632,-34.95115919,159.0,89.0,2.5799999237060547
2025-01-27T20:53:16Z,Run,2025-01-27T21:34:48Z,-8.05196719,-34.95113786,160.0,89.0,2.5799999237060547
2025-01-27T20:53:16Z,Run,2025-01-27T21:34:49Z,-8.05197053,-34.9511152,161.0,89.0,2.5799999237060547
2025-01-27T20:53:16Z,Run,2025-01-27T21:34:50Z,-8.05196986,-34.95109254,161.0,89.0,2.5899999141693115
2025-01-27T20:53:16Z,Run,2025-01-27T21:34:51Z,-8.05196953,-34.95106889,161.0,89.0,2.5899999141693115
2025-01-27T20:53:16Z,Run,2025-01-27T21:34:52Z,-8.0519692,-34.95104455,162.0,88.0,2.5899999141693115
2025-01-27T20:53:16Z,Run,2025-01-27T21:34:53Z,-8.0519692,-34.95101655,162.0,88.0,2.5899999141693115
2025-01-27T20:53:16Z,Run,2025-01-27T21:34:54Z,-8.05196953,-34.95098956,162.0,88.0,2.5899999141693115
2025-01-27T20:53:16Z,Run,2025-01-27T21:34:55Z,-8.05196854,-34.95096523,159.0,88.0,2.5899999141693115
2025-01-27T20:53:16Z,Run,2025-01-27T21:34:56Z,-8.05196654,-34.9509409,158.0,88.0,2.5899999141693115
2025-01-27T20:53:16Z,Run,2025-01-27T21:34:57Z,-8.05196387,-34.95091623,158.0,88.0,2.5899999141693115
2025-01-27T20:53:16Z,Run,2025-01-27T21:34:58Z,-8.05196155,-34.95089191,157.0,88.0,2.5899999141693115
2025-01-27T20:53:16Z,Run,2025-01-27T21:34:59Z,-8.05196021,-34.95086824,156.0,89.0,2.5899999141693115
2025-01-27T20:53:16Z,Run,2025-01-27T21:35:00Z,-8.05195922,-34.95084392,156.0,89.0,2.5899999141693115
2025-01-27T20:53:16Z,Run,2025-01-27T21:35:01Z,-8.0519579,-34.95081925,155.0,89.0,2.5899999141693115
2025-01-27T20:53:16Z,Run,2025-01-27T21:35:02Z,-8.05195757,-34.95079458,155.0,88.0,2.5899999141693115
2025-01-27T20:53:16Z,Run,2025-01-27T21:35:03Z,-8.05195691,-34.95077026,155.0,88.0,2.5899999141693115
2025-01-27T20:53:16Z,Run,2025-01-27T21:35:04Z,-8.05195591,-34.9507476,155.0,88.0,2.5899999141693115
2025-01-27T20:53:16Z,Run,2025-01-27T21:35:05Z,-8.05195459,-34.95072527,155.0,88.0,2.5899999141693115
2025-01-27T20:53:16Z,Run,2025-01-27T21:35:06Z,-8.05195392,-34.95070194,155.0,88.0,2.5899999141693115
2025-01-27T20:53:16Z,Run,2025-01-27T21:35:07Z,-8.05195325,-34.95067795,154.0,89.0,2.5899999141693115
2025-01-27T20:53:16Z,Run,2025-01-27T21:35:08Z,-8.05195226,-34.95065428,154.0,89.0,2.5899999141693115
2025-01-27T20:53:16Z,Run,2025-01-27T21:35:09Z,-8.05195161,-34.95062896,154.0,89.0,2.5899999141693115
2025-01-27T20:53:16Z,Run,2025-01-27T21:35:10Z,-8.05195061,-34.95060463,155.0,89.0,2.5899999141693115
2025-01-27T20:53:16Z,Run,2025-01-27T21:35:11Z,-8.05194862,-34.9505803,156.0,88.0,2.5899999141693115
2025-01-27T20:53:16Z,Run,2025-01-27T21:35:12Z,-8.05194528,-34.95055698,157.0,88.0,2.5899999141693115
2025-01-27T20:53:16Z,Run,2025-01-27T21:35:13Z,-8.05194328,-34.95053432,157.0,88.0,2.5899999141693115
2025-01-27T20:53:16Z,Run,2025-01-27T21:35:14Z,-8.05194296,-34.95051166,157.0,88.0,2.5899999141693115
2025-01-27T20:53:16Z,Run,2025-01-27T21:35:15Z,-8.05194462,-34.95049033,157.0,88.0,2.5899999141693115
2025-01-27T20:53:16Z,Run,2025-01-27T21:35:16Z,-8.05194662,-34.950469,157.0,88.0,2.5899999141693115
2025-01-27T20:53:16Z,Run,2025-01-27T21:35:17Z,-8.05194794,-34.95045001,157.0,88.0,2.5899999141693115
2025-01-27T20:53:16Z,Run,2025-01-27T21:35:18Z,-8.05194861,-34.95043067,157.0,84.0,2.5899999141693115
2025-01-27T20:53:16Z,Run,2025-01-27T21:35:19Z,-8.05195093,-34.95041102,157.0,84.0,2.5899999141693115
2025-01-27T20:53:16Z,Run,2025-01-27T21:35:20Z,-8.05195559,-34.95039168,157.0,84.0,2.5899999141693115
2025-01-27T20:53:16Z,Run,2025-01-27T21:35:21Z,-8.05196325,-34.95037169,157.0,84.0,2.5899999141693115
2025-01-27T20:53:16Z,Run,2025-01-27T21:35:22Z,-8.05197259,-34.95035236,157.0,87.0,2.5799999237060547
2025-01-27T20:53:16Z,Run,2025-01-27T21:35:23Z,-8.05198391,-34.95033237,159.0,88.0,2.569999933242798
2025-01-27T20:53:16Z,Run,2025-01-27T21:35:24Z,-8.0519959,-34.95031304,159.0,88.0,2.559999942779541
2025-01-27T20:53:16Z,Run,2025-01-27T21:35:25Z,-8.05200722,-34.95029271,160.0,88.0,2.549999952316284
2025-01-27T20:53:16Z,Run,2025-01-27T21:35:26Z,-8.05201756,-34.95027306,161.0,87.0,2.549999952316284
2025-01-27T20:53:16Z,Run,2025-01-27T21:35:27Z,-8.05202621,-34.95025206,161.0,87.0,2.549999952316284
2025-01-27T20:53:16Z,Run,2025-01-27T21:35:28Z,-8.05203188,-34.9502314,161.0,88.0,2.549999952316284
2025-01-27T20:53:16Z,Run,2025-01-27T21:35:29Z,-8.05203687,-34.95021007,161.0,88.0,2.5399999618530273
2025-01-27T20:53:16Z,Run,2025-01-27T21:35:30Z,-8.05204087,-34.95018841,161.0,88.0,2.5399999618530273
2025-01-27T20:53:16Z,Run,2025-01-27T21:35:31Z,-8.05204453,-34.95016508,160.0,88.0,2.5299999713897705
2025-01-27T20:53:16Z,Run,2025-01-27T21:35:32Z,-8.05204919,-34.95014475,160.0,89.0,2.5299999713897705
2025-01-27T20:53:16Z,Run,2025-01-27T21:35:33Z,-8.05205486,-34.95012376,160.0,89.0,2.5299999713897705
2025-01-27T20:53:16Z,Run,2025-01-27T21:35:34Z,-8.05206152,-34.95010377,160.0,88.0,2.5299999713897705
2025-01-27T20:53:16Z,Run,2025-01-27T21:35:35Z,-8.05206818,-34.95008378,160.0,88.0,2.5299999713897705
2025-01-27T20:53:16Z,Run,2025-01-27T21:35:36Z,-8.05207484,-34.95006378,160.0,88.0,2.5199999809265137
2025-01-27T20:53:16Z,Run,2025-01-27T21:35:37Z,-8.05207951,-34.95004379,160.0,88.0,2.5199999809265137
2025-01-27T20:53:16Z,Run,2025-01-27T21:35:38Z,-8.0520825,-34.95002414,161.0,88.0,2.509999990463257
2025-01-27T20:53:16Z,Run,2025-01-27T21:35:39Z,-8.05208283,-34.95000515,161.0,88.0,2.509999990463257
2025-01-27T20:53:16Z,Run,2025-01-27T21:35:40Z,-8.0520825,-34.94998615,161.0,88.0,2.509999990463257
2025-01-27T20:53:16Z,Run,2025-01-27T21:35:41Z,-8.05207951,-34.94996715,161.0,87.0,2.5
2025-01-27T20:53:16Z,Run,2025-01-27T21:35:42Z,-8.05207551,-34.94994882,161.0,87.0,2.5
2025-01-27T20:53:16Z,Run,2025-01-27T21:35:43Z,-8.05206984,-34.94992982,161.0,87.0,2.4800000190734863
2025-01-27T20:53:16Z,Run,2025-01-27T21:35:44Z,-8.05206518,-34.94991283,161.0,87.0,2.4800000190734863
2025-01-27T20:53:16Z,Run,2025-01-27T21:35:45Z,-8.05205985,-34.9498945,161.0,87.0,2.4800000190734863
2025-01-27T20:53:16Z,Run,2025-01-27T21:35:46Z,-8.05205518,-34.94987651,161.0,88.0,2.4700000286102295
2025-01-27T20:53:16Z,Run,2025-01-27T21:35:46Z,-8.05205186,-34.94985652,161.0,88.0,2.4600000381469727
2025-01-27T20:53:16Z,Run,2025-01-27T21:35:47Z,-8.05204986,-34.94983585,161.0,88.0,2.450000047683716
2025-01-27T20:53:16Z,Run,2025-01-27T21:35:48Z,-8.05204819,-34.94981386,161.0,88.0,2.440000057220459
2025-01-27T20:53:16Z,Run,2025-01-27T21:35:49Z,-8.0520462,-34.94979153,161.0,88.0,2.430000066757202
2025-01-27T20:53:16Z,Run,2025-01-27T21:35:50Z,-8.0520442,-34.94976854,161.0,88.0,2.430000066757202
2025-01-27T20:53:16Z,Run,2025-01-27T21:35:51Z,-8.05204355,-34.94974521,161.0,88.0,2.4200000762939453
2025-01-27T20:53:16Z,Run,2025-01-27T21:35:52Z,-8.05204321,-34.94972321,161.0,88.0,2.4200000762939453
2025-01-27T20:53:16Z,Run,2025-01-27T21:35:53Z,-8.05204289,-34.94970055,162.0,88.0,2.4200000762939453
2025-01-27T20:53:16Z,Run,2025-01-27T21:35:54Z,-8.05204189,-34.94967822,162.0,88.0,2.4200000762939453
2025-01-27T20:53:16Z,Run,2025-01-27T21:35:55Z,-8.05204189,-34.94965589,163.0,88.0,2.4200000762939453
2025-01-27T20:53:16Z,Run,2025-01-27T21:35:56Z,-8.05204256,-34.94963356,163.0,88.0,2.4200000762939453
2025-01-27T20:53:16Z,Run,2025-01-27T21:35:57Z,-8.05204356,-34.9496109,164.0,88.0,2.4200000762939453
2025-01-27T20:53:16Z,Run,2025-01-27T21:35:58Z,-8.05204421,-34.94958857,164.0,89.0,2.4200000762939453
2025-01-27T20:53:16Z,Run,2025-01-27T21:35:59Z,-8.0520452,-34.94956624,164.0,89.0,2.4200000762939453
2025-01-27T20:53:16Z,Run,2025-01-27T21:36:00Z,-8.05204455,-34.94954457,164.0,88.0,2.4200000762939453
2025-01-27T20:53:16Z,Run,2025-01-27T21:36:01Z,-8.05204388,-34.94952191,165.0,88.0,2.430000066757202
2025-01-27T20:53:16Z,Run,2025-01-27T21:36:02Z,-8.05204321,-34.94949926,165.0,88.0,2.430000066757202
2025-01-27T20:53:16Z,Run,2025-01-27T21:36:03Z,-8.05204455,-34.94947627,165.0,88.0,2.430000066757202
2025-01-27T20:53:16Z,Run,2025-01-27T21:36:04Z,-8.0520452,-34.94945327,165.0,89.0,2.430000066757202
2025-01-27T20:53:16Z,Run,2025-01-27T21:36:05Z,-8.05204654,-34.94942961,166.0,89.0,2.430000066757202
2025-01-27T20:53:16Z,Run,2025-01-27T21:36:06Z,-8.05204654,-34.94940595,166.0,89.0,2.430000066757202
2025-01-27T20:53:16Z,Run,2025-01-27T21:36:07Z,-8.05204686,-34.9493833,169.0,88.0,2.430000066757202
2025-01-27T20:53:16Z,Run,2025-01-27T21:36:08Z,-8.05204686,-34.94936064,169.0,88.0,2.430000066757202
2025-01-27T20:53:16Z,Run,2025-01-27T21:36:09Z,-8.05204753,-34.94933798,169.0,88.0,2.430000066757202
2025-01-27T20:53:16Z,Run,2025-01-27T21:36:10Z,-8.0520472,-34.94931532,169.0,89.0,2.430000066757202
2025-01-27T20:53:16Z,Run,2025-01-27T21:36:11Z,-8.05204621,-34.94929233,169.0,88.0,2.430000066757202
2025-01-27T20:53:16Z,Run,2025-01-27T21:36:12Z,-8.05204421,-34.94927067,169.0,88.0,2.430000066757202
2025-01-27T20:53:16Z,Run,2025-01-27T21:36:13Z,-8.05204122,-34.949249,170.0,88.0,2.430000066757202
2025-01-27T20:53:16Z,Run,2025-01-27T21:36:14Z,-8.05203889,-34.94922601,170.0,88.0,2.430000066757202
2025-01-27T20:53:16Z,Run,2025-01-27T21:36:15Z,-8.05203657,-34.94920336,169.0,88.0,2.430000066757202
2025-01-27T20:53:16Z,Run,2025-01-27T21:36:16Z,-8.0520339,-34.94917902,169.0,88.0,2.430000066757202
2025-01-27T20:53:16Z,Run,2025-01-27T21:36:17Z,-8.05202958,-34.94915469,170.0,88.0,2.430000066757202
2025-01-27T20:53:16Z,Run,2025-01-27T21:36:18Z,-8.05202391,-34.94913003,170.0,88.0,2.430000066757202
2025-01-27T20:53:16Z,Run,2025-01-27T21:36:19Z,-8.05201892,-34.94910403,170.0,89.0,2.440000057220459
2025-01-27T20:53:16Z,Run,2025-01-27T21:36:20Z,-8.05201492,-34.94907904,170.0,89.0,2.440000057220459
2025-01-27T20:53:16Z,Run,2025-01-27T21:36:21Z,-8.05201193,-34.94905471,170.0,87.0,2.440000057220459
2025-01-27T20:53:16Z,Run,2025-01-27T21:36:22Z,-8.05201026,-34.94903238,171.0,88.0,2.450000047683716
2025-01-27T20:53:16Z,Run,2025-01-27T21:36:23Z,-8.05201026,-34.94901004,171.0,88.0,2.450000047683716
2025-01-27T20:53:16Z,Run,2025-01-27T21:36:24Z,-8.05201093,-34.94898905,172.0,88.0,2.4600000381469727
2025-01-27T20:53:16Z,Run,2025-01-27T21:36:25Z,-8.05201193,-34.94896805,173.0,88.0,2.4600000381469727
2025-01-27T20:53:16Z,Run,2025-01-27T21:36:26Z,-8.05201425,-34.94894605,173.0,88.0,2.4600000381469727
2025-01-27T20:53:16Z,Run,2025-01-27T21:36:27Z,-8.05201559,-34.9489264,173.0,89.0,2.4600000381469727
2025-01-27T20:53:16Z,Run,2025-01-27T21:36:28Z,-8.05201759,-34.9489074,174.0,89.0,2.4600000381469727
2025-01-27T20:53:16Z,Run,2025-01-27T21:36:29Z,-8.05202024,-34.94888773,174.0,89.0,2.4600000381469727
2025-01-27T20:53:16Z,Run,2025-01-27T21:36:30Z,-8.05202257,-34.94886607,174.0,88.0,2.4600000381469727
2025-01-27T20:53:16Z,Run,2025-01-27T21:36:31Z,-8.05202556,-34.94884474,174.0,88.0,2.4600000381469727
2025-01-27T20:53:16Z,Run,2025-01-27T21:36:32Z,-8.05202722,-34.94882175,174.0,88.0,2.4600000381469727
2025-01-27T20:53:16Z,Run,2025-01-27T21:36:33Z,-8.05202656,-34.94879809,174.0,88.0,2.4600000381469727
2025-01-27T20:53:16Z,Run,2025-01-27T21:36:34Z,-8.05202689,-34.94877443,172.0,88.0,2.4600000381469727
2025-01-27T20:53:16Z,Run,2025-01-27T21:36:35Z,-8.05202855,-34.94875177,170.0,88.0,2.450000047683716
2025-01-27T20:53:16Z,Run,2025-01-27T21:36:36Z,-8.05203088,-34.94872845,170.0,88.0,2.450000047683716
2025-01-27T20:53:16Z,Run,2025-01-27T21:36:37Z,-8.05203187,-34.94870546,171.0,88.0,2.450000047683716
2025-01-27T20:53:16Z,Run,2025-01-27T21:36:38Z,-8.0520312,-34.9486828,171.0,88.0,2.450000047683716
2025-01-27T20:53:16Z,Run,2025-01-27T21:36:39Z,-8.05202888,-34.94866147,171.0,88.0,2.450000047683716
2025-01-27T20:53:16Z,Run,2025-01-27T21:36:40Z,-8.05202488,-34.94864114,171.0,88.0,2.450000047683716
2025-01-27T20:53:16Z,Run,2025-01-27T21:36:41Z,-8.05202022,-34.94862214,171.0,88.0,2.440000057220459
2025-01-27T20:53:16Z,Run,2025-01-27T21:36:42Z,-8.05201589,-34.94860314,171.0,89.0,2.440000057220459
2025-01-27T20:53:16Z,Run,2025-01-27T21:36:43Z,-8.0520129,-34.94858249,172.0,88.0,2.440000057220459
2025-01-27T20:53:16Z,Run,2025-01-27T21:36:44Z,-8.0520149,-34.94855815,172.0,88.0,2.440000057220459
2025-01-27T20:53:16Z,Run,2025-01-27T21:36:45Z,-8.05201789,-34.94853216,172.0,88.0,2.430000066757202
2025-01-27T20:53:16Z,Run,2025-01-27T21:36:46Z,-8.05202022,-34.9485075,172.0,88.0,2.430000066757202
2025-01-27T20:53:16Z,Run,2025-01-27T21:36:47Z,-8.05202255,-34.94848351,172.0,89.0,2.430000066757202
2025-01-27T20:53:16Z,Run,2025-01-27T21:36:48Z,-8.05202354,-34.94846052,172.0,89.0,2.4200000762939453
2025-01-27T20:53:16Z,Run,2025-01-27T21:36:49Z,-8.05202454,-34.94843718,172.0,89.0,2.4200000762939453
2025-01-27T20:53:16Z,Run,2025-01-27T21:36:50Z,-8.05202553,-34.94841453,172.0,89.0,2.4200000762939453
2025-01-27T20:53:16Z,Run,2025-01-27T21:36:51Z,-8.05202652,-34.94839154,171.0,89.0,2.4200000762939453
2025-01-27T20:53:16Z,Run,2025-01-27T21:36:52Z,-8.05202652,-34.94836855,170.0,88.0,2.4200000762939453
2025-01-27T20:53:16Z,Run,2025-01-27T21:36:53Z,-8.05202619,-34.94834489,169.0,88.0,2.4200000762939453
2025-01-27T20:53:16Z,Run,2025-01-27T21:36:54Z,-8.05202587,-34.94832022,169.0,88.0,2.4200000762939453
2025-01-27T20:53:16Z,Run,2025-01-27T21:36:55Z,-8.05202587,-34.94829457,168.0,88.0,2.430000066757202
2025-01-27T20:53:16Z,Run,2025-01-27T21:36:56Z,-8.05202719,-34.94826823,168.0,88.0,2.430000066757202
2025-01-27T20:53:16Z,Run,2025-01-27T21:36:57Z,-8.05203318,-34.94824323,168.0,88.0,2.430000066757202
2025-01-27T20:53:16Z,Run,2025-01-27T21:36:58Z,-8.05204051,-34.94821791,169.0,89.0,2.430000066757202
2025-01-27T20:53:16Z,Run,2025-01-27T21:36:59Z,-8.05204517,-34.94819225,169.0,89.0,2.430000066757202
2025-01-27T20:53:16Z,Run,2025-01-27T21:37:00Z,-8.05204816,-34.94816759,169.0,89.0,2.450000047683716
2025-01-27T20:53:16Z,Run,2025-01-27T21:37:01Z,-8.0520495,-34.9481426,170.0,89.0,2.450000047683716
2025-01-27T20:53:16Z,Run,2025-01-27T21:37:02Z,-8.05205015,-34.94811826,170.0,89.0,2.450000047683716
2025-01-27T20:53:16Z,Run,2025-01-27T21:37:03Z,-8.05205149,-34.94809461,171.0,89.0,2.4600000381469727
2025-01-27T20:53:16Z,Run,2025-01-27T21:37:04Z,-8.05205248,-34.94807061,171.0,89.0,2.4700000286102295
2025-01-27T20:53:16Z,Run,2025-01-27T21:37:05Z,-8.05205448,-34.94804527,171.0,89.0,2.4800000190734863
2025-01-27T20:53:16Z,Run,2025-01-27T21:37:06Z,-8.05205747,-34.94801928,171.0,89.0,2.4800000190734863
2025-01-27T20:53:16Z,Run,2025-01-27T21:37:07Z,-8.05205947,-34.94799228,171.0,89.0,2.5
2025-01-27T20:53:16Z,Run,2025-01-27T21:37:08Z,-8.05206147,-34.94796462,171.0,89.0,2.5
2025-01-27T20:53:16Z,Run,2025-01-27T21:37:09Z,-8.05206147,-34.94793729,171.0,89.0,2.5
2025-01-27T20:53:16Z,Run,2025-01-27T21:37:10Z,-8.05206212,-34.94791029,172.0,89.0,2.509999990463257
2025-01-27T20:53:16Z,Run,2025-01-27T21:37:11Z,-8.05206279,-34.9478833,172.0,89.0,2.5199999809265137
2025-01-27T20:53:16Z,Run,2025-01-27T21:37:12Z,-8.05206312,-34.94785697,172.0,89.0,2.5299999713897705
2025-01-27T20:53:16Z,Run,2025-01-27T21:37:13Z,-8.05206545,-34.94783065,173.0,90.0,2.549999952316284
2025-01-27T20:53:16Z,Run,2025-01-27T21:37:14Z,-8.05206878,-34.94780398,173.0,90.0,2.549999952316284
2025-01-27T20:53:16Z,Run,2025-01-27T21:37:15Z,-8.05207177,-34.94777699,175.0,89.0,2.559999942779541
2025-01-27T20:53:16Z,Run,2025-01-27T21:37:16Z,-8.0520751,-34.94774999,176.0,89.0,2.569999933242798
2025-01-27T20:53:16Z,Run,2025-01-27T21:37:17Z,-8.05207809,-34.94772433,177.0,89.0,2.5799999237060547
2025-01-27T20:53:16Z,Run,2025-01-27T21:37:18Z,-8.05207975,-34.94769933,177.0,89.0,2.5899999141693115
2025-01-27T20:53:16Z,Run,2025-01-27T21:37:19Z,-8.05208142,-34.94767334,177.0,88.0,2.5999999046325684
2025-01-27T20:53:16Z,Run,2025-01-27T21:37:20Z,-8.05208108,-34.94764769,177.0,88.0,2.5999999046325684
2025-01-27T20:53:16Z,Run,2025-01-27T21:37:21Z,-8.05207709,-34.94762369,177.0,88.0,2.609999895095825
2025-01-27T20:53:16Z,Run,2025-01-27T21:37:22Z,-8.05206876,-34.94760169,176.0,88.0,2.619999885559082
2025-01-27T20:53:16Z,Run,2025-01-27T21:37:23Z,-8.05205709,-34.94758403,176.0,88.0,2.630000114440918
2025-01-27T20:53:16Z,Run,2025-01-27T21:37:24Z,-8.05204244,-34.9475707,176.0,88.0,2.630000114440918
2025-01-27T20:53:16Z,Run,2025-01-27T21:37:25Z,-8.05202477,-34.94756236,175.0,88.0,2.640000104904175
2025-01-27T20:53:16Z,Run,2025-01-27T21:37:26Z,-8.05200578,-34.94755937,175.0,88.0,2.640000104904175
2025-01-27T20:53:16Z,Run,2025-01-27T21:37:27Z,-8.05198712,-34.94756071,175.0,88.0,2.640000104904175
2025-01-27T20:53:16Z,Run,2025-01-27T21:37:28Z,-8.05197079,-34.94756571,174.0,88.0,2.640000104904175
2025-01-27T20:53:16Z,Run,2025-01-27T21:37:29Z,-8.05195747,-34.94757603,174.0,88.0,2.640000104904175
2025-01-27T20:53:16Z,Run,2025-01-27T21:37:30Z,-8.05194813,-34.94759069,173.0,88.0,2.630000114440918
2025-01-27T20:53:16Z,Run,2025-01-27T21:37:31Z,-8.05194014,-34.94760902,172.0,88.0,2.630000114440918
2025-01-27T20:53:16Z,Run,2025-01-27T21:37:32Z,-8.05193414,-34.94763001,172.0,88.0,2.630000114440918
2025-01-27T20:53:16Z,Run,2025-01-27T21:37:33Z,-8.05193015,-34.94765301,172.0,89.0,2.619999885559082
2025-01-27T20:53:16Z,Run,2025-01-27T21:37:34Z,-8.05192849,-34.94767767,171.0,88.0,2.609999895095825
2025-01-27T20:53:16Z,Run,2025-01-27T21:37:35Z,-8.05192816,-34.94770333,171.0,88.0,2.609999895095825
2025-01-27T20:53:16Z,Run,2025-01-27T21:37:36Z,-8.05192883,-34.94773066,171.0,89.0,2.5999999046325684
2025-01-27T20:53:16Z,Run,2025-01-27T21:37:37Z,-8.05193083,-34.94775898,168.0,89.0,2.5999999046325684
2025-01-27T20:53:16Z,Run,2025-01-27T21:37:38Z,-8.05193415,-34.94778764,166.0,89.0,2.5999999046325684
2025-01-27T20:53:16Z,Run,2025-01-27T21:37:39Z,-8.05193715,-34.94781564,166.0,89.0,2.5999999046325684
2025-01-27T20:53:16Z,Run,2025-01-27T21:37:40Z,-8.05193915,-34.9478443,165.0,89.0,2.609999895095825
2025-01-27T20:53:16Z,Run,2025-01-27T21:37:41Z,-8.05194181,-34.94787196,164.0,89.0,2.609999895095825
2025-01-27T20:53:16Z,Run,2025-01-27T21:37:42Z,-8.05194414,-34.94789963,164.0,89.0,2.619999885559082
2025-01-27T20:53:16Z,Run,2025-01-27T21:37:43Z,-8.05194513,-34.94792763,164.0,89.0,2.630000114440918
2025-01-27T20:53:16Z,Run,2025-01-27T21:37:44Z,-8.05194448,-34.94795463,165.0,89.0,2.640000104904175
2025-01-27T20:53:16Z,Run,2025-01-27T21:37:45Z,-8.05194381,-34.94798095,165.0,89.0,2.640000104904175
2025-01-27T20:53:16Z,Run,2025-01-27T21:37:46Z,-8.05194249,-34.94800728,165.0,89.0,2.6500000953674316
2025-01-27T20:53:16Z,Run,2025-01-27T21:37:47Z,-8.05194182,-34.94803361,165.0,90.0,2.6600000858306885
2025-01-27T20:53:16Z,Run,2025-01-27T21:37:48Z,-8.05193916,-34.94806127,166.0,90.0,2.680000066757202
2025-01-27T20:53:16Z,Run,2025-01-27T21:37:49Z,-8.0519375,-34.9480886,166.0,90.0,2.680000066757202
2025-01-27T20:53:16Z,Run,2025-01-27T21:37:50Z,-8.05193717,-34.94811626,166.0,90.0,2.680000066757202
2025-01-27T20:53:16Z,Run,2025-01-27T21:37:51Z,-8.05193651,-34.94814226,166.0,90.0,2.690000057220459
2025-01-27T20:53:16Z,Run,2025-01-27T21:37:52Z,-8.05193717,-34.94816659,164.0,89.0,2.7100000381469727
2025-01-27T20:53:16Z,Run,2025-01-27T21:37:53Z,-8.05193883,-34.94818924,164.0,89.0,2.7100000381469727
2025-01-27T20:53:16Z,Run,2025-01-27T21:37:54Z,-8.05193883,-34.94821424,164.0,89.0,2.7100000381469727
2025-01-27T20:53:16Z,Run,2025-01-27T21:37:55Z,-8.0519365,-34.94824124,164.0,89.0,2.7200000286102295
2025-01-27T20:53:16Z,Run,2025-01-27T21:37:56Z,-8.05193451,-34.94826891,164.0,89.0,2.7300000190734863
2025-01-27T20:53:16Z,Run,2025-01-27T21:37:57Z,-8.05193317,-34.9482959,164.0,89.0,2.7300000190734863
2025-01-27T20:53:16Z,Run,2025-01-27T21:37:58Z,-8.05193218,-34.94832257,165.0,90.0,2.7300000190734863
2025-01-27T20:53:16Z,Run,2025-01-27T21:37:59Z,-8.05193118,-34.94834889,166.0,90.0,2.7300000190734863
2025-01-27T20:53:16Z,Run,2025-01-27T21:38:00Z,-8.05192918,-34.94837521,166.0,90.0,2.7300000190734863
2025-01-27T20:53:16Z,Run,2025-01-27T21:38:01Z,-8.05192619,-34.94840188,166.0,90.0,2.740000009536743
2025-01-27T20:53:16Z,Run,2025-01-27T21:38:02Z,-8.05192286,-34.94842854,166.0,90.0,2.75
2025-01-27T20:53:16Z,Run,2025-01-27T21:38:03Z,-8.05191854,-34.94845453,166.0,90.0,2.75
2025-01-27T20:53:16Z,Run,2025-01-27T21:38:04Z,-8.05191555,-34.94848086,167.0,90.0,2.75
2025-01-27T20:53:16Z,Run,2025-01-27T21:38:05Z,-8.05191322,-34.94850685,168.0,89.0,2.759999990463257
2025-01-27T20:53:16Z,Run,2025-01-27T21:38:06Z,-8.05191057,-34.94853284,169.0,89.0,2.7699999809265137
2025-01-27T20:53:16Z,Run,2025-01-27T21:38:07Z,-8.0519069,-34.94855917,169.0,89.0,2.7699999809265137
2025-01-27T20:53:16Z,Run,2025-01-27T21:38:08Z,-8.05190258,-34.94858616,169.0,89.0,2.7699999809265137
2025-01-27T20:53:16Z,Run,2025-01-27T21:38:09Z,-8.05189858,-34.9486125,169.0,89.0,2.7699999809265137
2025-01-27T20:53:16Z,Run,2025-01-27T21:38:10Z,-8.05189492,-34.94863715,168.0,89.0,2.7699999809265137
2025-01-27T20:53:16Z,Run,2025-01-27T21:38:11Z,-8.05188993,-34.94866149,167.0,88.0,2.7799999713897705
2025-01-27T20:53:16Z,Run,2025-01-27T21:38:12Z,-8.05188527,-34.94868448,166.0,89.0,2.7799999713897705
2025-01-27T20:53:16Z,Run,2025-01-27T21:38:13Z,-8.05188161,-34.94870747,166.0,89.0,2.7899999618530273
2025-01-27T20:53:16Z,Run,2025-01-27T21:38:14Z,-8.05187695,-34.94872947,164.0,90.0,2.7899999618530273
2025-01-27T20:53:16Z,Run,2025-01-27T21:38:15Z,-8.05187196,-34.9487518,164.0,90.0,2.7899999618530273
2025-01-27T20:53:16Z,Run,2025-01-27T21:38:16Z,-8.05186564,-34.94877479,164.0,90.0,2.7899999618530273
2025-01-27T20:53:16Z,Run,2025-01-27T21:38:17Z,-8.05185897,-34.94879879,164.0,90.0,2.7899999618530273
2025-01-27T20:53:16Z,Run,2025-01-27T21:38:18Z,-8.0518513,-34.94882312,164.0,90.0,2.7899999618530273
2025-01-27T20:53:16Z,Run,2025-01-27T21:38:19Z,-8.05184431,-34.94884745,164.0,90.0,2.7799999713897705
2025-01-27T20:53:16Z,Run,2025-01-27T21:38:20Z,-8.05183831,-34.94887277,165.0,90.0,2.7799999713897705
2025-01-27T20:53:16Z,Run,2025-01-27T21:38:21Z,-8.05183298,-34.94889843,165.0,90.0,2.7799999713897705
2025-01-27T20:53:16Z,Run,2025-01-27T21:38:22Z,-8.05182832,-34.94892509,165.0,89.0,2.7799999713897705
2025-01-27T20:53:16Z,Run,2025-01-27T21:38:23Z,-8.05182366,-34.94895175,165.0,89.0,2.7799999713897705
2025-01-27T20:53:16Z,Run,2025-01-27T21:38:24Z,-8.05181932,-34.94897875,165.0,89.0,2.7799999713897705
2025-01-27T20:53:16Z,Run,2025-01-27T21:38:25Z,-8.05181766,-34.94900574,165.0,89.0,2.7799999713897705
2025-01-27T20:53:16Z,Run,2025-01-27T21:38:26Z,-8.05181966,-34.94903174,164.0,88.0,2.7799999713897705
2025-01-27T20:53:16Z,Run,2025-01-27T21:38:27Z,-8.05182532,-34.94905573,164.0,88.0,2.7799999713897705
2025-01-27T20:53:16Z,Run,2025-01-27T21:38:28Z,-8.05183465,-34.94907872,164.0,88.0,2.7899999618530273
2025-01-27T20:53:16Z,Run,2025-01-27T21:38:29Z,-8.05184531,-34.94910039,165.0,88.0,2.7899999618530273
2025-01-27T20:53:16Z,Run,2025-01-27T21:38:30Z,-8.05185865,-34.94912038,165.0,88.0,2.799999952316284
2025-01-27T20:53:16Z,Run,2025-01-27T21:38:31Z,-8.05187398,-34.94913737,166.0,88.0,2.799999952316284
2025-01-27T20:53:16Z,Run,2025-01-27T21:38:32Z,-8.0518913,-34.94915303,165.0,88.0,2.799999952316284
2025-01-27T20:53:16Z,Run,2025-01-27T21:38:33Z,-8.05191064,-34.94916502,165.0,88.0,2.799999952316284
2025-01-27T20:53:16Z,Run,2025-01-27T21:38:34Z,-8.05193263,-34.94917368,166.0,88.0,2.799999952316284
2025-01-27T20:53:16Z,Run,2025-01-27T21:38:35Z,-8.05195363,-34.94917935,166.0,88.0,2.799999952316284
2025-01-27T20:53:16Z,Run,2025-01-27T21:38:36Z,-8.05197228,-34.94918101,166.0,89.0,2.799999952316284
2025-01-27T20:53:16Z,Run,2025-01-27T21:38:37Z,-8.05198762,-34.94918101,167.0,89.0,2.7899999618530273
2025-01-27T20:53:16Z,Run,2025-01-27T21:38:38Z,-8.05200261,-34.94917769,168.0,88.0,2.7899999618530273
2025-01-27T20:53:16Z,Run,2025-01-27T21:38:39Z,-8.05201827,-34.94917169,168.0,88.0,2.7899999618530273
2025-01-27T20:53:16Z,Run,2025-01-27T21:38:40Z,-8.05203393,-34.94916403,169.0,88.0,2.7799999713897705
2025-01-27T20:53:16Z,Run,2025-01-27T21:38:41Z,-8.05204892,-34.94915337,169.0,88.0,2.7699999809265137
2025-01-27T20:53:16Z,Run,2025-01-27T21:38:42Z,-8.05206059,-34.94913737,169.0,88.0,2.759999990463257
2025-01-27T20:53:16Z,Run,2025-01-27T21:38:43Z,-8.05206924,-34.94911904,169.0,88.0,2.740000009536743
2025-01-27T20:53:16Z,Run,2025-01-27T21:38:44Z,-8.05207458,-34.94909671,169.0,88.0,2.7300000190734863
2025-01-27T20:53:16Z,Run,2025-01-27T21:38:45Z,-8.0520769,-34.94907238,170.0,88.0,2.7200000286102295
2025-01-27T20:53:16Z,Run,2025-01-27T21:38:46Z,-8.05207757,-34.94904738,170.0,88.0,2.7200000286102295
2025-01-27T20:53:16Z,Run,2025-01-27T21:38:47Z,-8.05207591,-34.94902139,170.0,88.0,2.7100000381469727
2025-01-27T20:53:16Z,Run,2025-01-27T21:38:48Z,-8.05207391,-34.94899439,170.0,89.0,2.700000047683716
2025-01-27T20:53:16Z,Run,2025-01-27T21:38:49Z,-8.05207458,-34.9489684,171.0,89.0,2.690000057220459
2025-01-27T20:53:16Z,Run,2025-01-27T21:38:50Z,-8.05207657,-34.94894241,172.0,88.0,2.690000057220459
2025-01-27T20:53:16Z,Run,2025-01-27T21:38:51Z,-8.05207823,-34.94891707,172.0,88.0,2.690000057220459
2025-01-27T20:53:16Z,Run,2025-01-27T21:38:52Z,-8.05207957,-34.94889207,172.0,88.0,2.690000057220459
2025-01-27T20:53:16Z,Run,2025-01-27T21:38:53Z,-8.05207989,-34.94886774,172.0,88.0,2.690000057220459
2025-01-27T20:53:16Z,Run,2025-01-27T21:38:54Z,-8.05207957,-34.94884475,171.0,88.0,2.690000057220459
2025-01-27T20:53:16Z,Run,2025-01-27T21:38:55Z,-8.05207757,-34.94882242,171.0,88.0,2.700000047683716
2025-01-27T20:53:16Z,Run,2025-01-27T21:38:56Z,-8.05207524,-34.94879976,172.0,88.0,2.700000047683716
2025-01-27T20:53:16Z,Run,2025-01-27T21:38:57Z,-8.05207324,-34.9487761,172.0,88.0,2.700000047683716
2025-01-27T20:53:16Z,Run,2025-01-27T21:38:58Z,-8.05206959,-34.94875278,172.0,88.0,2.700000047683716
2025-01-27T20:53:16Z,Run,2025-01-27T21:38:59Z,-8.05206592,-34.94872878,172.0,88.0,2.700000047683716
2025-01-27T20:53:16Z,Run,2025-01-27T21:39:00Z,-8.05206293,-34.94870445,172.0,88.0,2.690000057220459
2025-01-27T20:53:16Z,Run,2025-01-27T21:39:01Z,-8.05205994,-34.94868046,173.0,88.0,2.690000057220459
2025-01-27T20:53:16Z,Run,2025-01-27T21:39:02Z,-8.05205594,-34.94865612,175.0,89.0,2.690000057220459
2025-01-27T20:53:16Z,Run,2025-01-27T21:39:03Z,-8.05205228,-34.94863146,175.0,89.0,2.690000057220459
2025-01-27T20:53:16Z,Run,2025-01-27T21:39:04Z,-8.05204895,-34.94860813,175.0,89.0,2.680000066757202
2025-01-27T20:53:16Z,Run,2025-01-27T21:39:05Z,-8.05204629,-34.94858448,175.0,89.0,2.680000066757202
2025-01-27T20:53:16Z,Run,2025-01-27T21:39:06Z,-8.05204364,-34.94856114,175.0,89.0,2.680000066757202
2025-01-27T20:53:16Z,Run,2025-01-27T21:39:07Z,-8.0520423,-34.94853881,176.0,89.0,2.680000066757202
2025-01-27T20:53:16Z,Run,2025-01-27T21:39:08Z,-8.0520443,-34.94851549,176.0,89.0,2.680000066757202
2025-01-27T20:53:16Z,Run,2025-01-27T21:39:09Z,-8.0520463,-34.94849382,176.0,89.0,2.680000066757202
2025-01-27T20:53:16Z,Run,2025-01-27T21:39:10Z,-8.05204863,-34.9484735,175.0,89.0,2.680000066757202
2025-01-27T20:53:16Z,Run,2025-01-27T21:39:11Z,-8.05205028,-34.94845317,175.0,89.0,2.680000066757202
2025-01-27T20:53:16Z,Run,2025-01-27T21:39:12Z,-8.05205095,-34.94843285,174.0,89.0,2.680000066757202
2025-01-27T20:53:16Z,Run,2025-01-27T21:39:13Z,-8.05205128,-34.94841118,175.0,89.0,2.680000066757202
2025-01-27T20:53:16Z,Run,2025-01-27T21:39:14Z,-8.05205095,-34.94838885,176.0,89.0,2.680000066757202
2025-01-27T20:53:16Z,Run,2025-01-27T21:39:15Z,-8.05205095,-34.94836553,176.0,89.0,2.680000066757202
2025-01-27T20:53:16Z,Run,2025-01-27T21:39:16Z,-8.05205028,-34.9483422,176.0,89.0,2.680000066757202
2025-01-27T20:53:16Z,Run,2025-01-27T21:39:17Z,-8.05204929,-34.94831854,176.0,90.0,2.6700000762939453
2025-01-27T20:53:16Z,Run,2025-01-27T21:39:18Z,-8.05204696,-34.94829488,176.0,89.0,2.6700000762939453
2025-01-27T20:53:16Z,Run,2025-01-27T21:39:19Z,-8.0520443,-34.94826956,176.0,89.0,2.6700000762939453
2025-01-27T20:53:16Z,Run,2025-01-27T21:39:20Z,-8.05204197,-34.94824456,177.0,89.0,2.6600000858306885
2025-01-27T20:53:16Z,Run,2025-01-27T21:39:21Z,-8.05203965,-34.94821989,177.0,89.0,2.6600000858306885
2025-01-27T20:53:16Z,Run,2025-01-27T21:39:22Z,-8.05203898,-34.94819657,177.0,89.0,2.6600000858306885
2025-01-27T20:53:16Z,Run,2025-01-27T21:39:23Z,-8.05203931,-34.9481729,177.0,90.0,2.6600000858306885
2025-01-27T20:53:16Z,Run,2025-01-27T21:39:24Z,-8.0520403,-34.94814991,177.0,90.0,2.6600000858306885
2025-01-27T20:53:16Z,Run,2025-01-27T21:39:25Z,-8.05204263,-34.94812758,177.0,90.0,2.6600000858306885
2025-01-27T20:53:16Z,Run,2025-01-27T21:39:26Z,-8.05204395,-34.94810692,177.0,90.0,2.6600000858306885
2025-01-27T20:53:16Z,Run,2025-01-27T21:39:27Z,-8.05204462,-34.9480866,178.0,89.0,2.6600000858306885
2025-01-27T20:53:16Z,Run,2025-01-27T21:39:28Z,-8.05204429,-34.9480656,178.0,89.0,2.6600000858306885
2025-01-27T20:53:16Z,Run,2025-01-27T21:39:29Z,-8.05204364,-34.94804427,177.0,89.0,2.6600000858306885
2025-01-27T20:53:16Z,Run,2025-01-27T21:39:30Z,-8.05204297,-34.94802094,177.0,89.0,2.6600000858306885
2025-01-27T20:53:16Z,Run,2025-01-27T21:39:31Z,-8.05204264,-34.94799695,177.0,88.0,2.6500000953674316
2025-01-27T20:53:16Z,Run,2025-01-27T21:39:32Z,-8.05204165,-34.94797262,177.0,88.0,2.6500000953674316
2025-01-27T20:53:16Z,Run,2025-01-27T21:39:33Z,-8.05204065,-34.94794896,180.0,88.0,2.6500000953674316
2025-01-27T20:53:16Z,Run,2025-01-27T21:39:34Z,-8.05204098,-34.9479263,180.0,88.0,2.6500000953674316
2025-01-27T20:53:16Z,Run,2025-01-27T21:39:35Z,-8.05204197,-34.9479043,180.0,88.0,2.6500000953674316
2025-01-27T20:53:16Z,Run,2025-01-27T21:39:36Z,-8.05204264,-34.94788264,180.0,89.0,2.6500000953674316
2025-01-27T20:53:16Z,Run,2025-01-27T21:39:37Z,-8.05204396,-34.94786165,180.0,89.0,2.640000104904175
2025-01-27T20:53:16Z,Run,2025-01-27T21:39:38Z,-8.05204663,-34.94784031,180.0,89.0,2.640000104904175
2025-01-27T20:53:16Z,Run,2025-01-27T21:39:39Z,-8.05205295,-34.94781766,183.0,89.0,2.630000114440918
2025-01-27T20:53:16Z,Run,2025-01-27T21:39:40Z,-8.05205927,-34.94779532,183.0,89.0,2.630000114440918
2025-01-27T20:53:16Z,Run,2025-01-27T21:39:41Z,-8.05206327,-34.94777433,184.0,89.0,2.630000114440918
2025-01-27T20:53:16Z,Run,2025-01-27T21:39:42Z,-8.0520656,-34.94775533,185.0,89.0,2.630000114440918
2025-01-27T20:53:16Z,Run,2025-01-27T21:39:43Z,-8.05206893,-34.947736,185.0,89.0,2.630000114440918
2025-01-27T20:53:16Z,Run,2025-01-27T21:39:44Z,-8.05207325,-34.94771601,186.0,89.0,2.619999885559082
2025-01-27T20:53:16Z,Run,2025-01-27T21:39:45Z,-8.05207792,-34.94769434,187.0,89.0,2.609999895095825
2025-01-27T20:53:16Z,Run,2025-01-27T21:39:46Z,-8.05208258,-34.94767269,187.0,89.0,2.609999895095825
2025-01-27T20:53:16Z,Run,2025-01-27T21:39:47Z,-8.0520849,-34.94765003,187.0,88.0,2.609999895095825
2025-01-27T20:53:16Z,Run,2025-01-27T21:39:48Z,-8.05208523,-34.94762737,188.0,87.0,2.5999999046325684
2025-01-27T20:53:16Z,Run,2025-01-27T21:39:49Z,-8.0520819,-34.94760704,189.0,88.0,2.5999999046325684
2025-01-27T20:53:16Z,Run,2025-01-27T21:39:50Z,-8.05207657,-34.94759105,189.0,88.0,2.5899999141693115
2025-01-27T20:53:16Z,Run,2025-01-27T21:39:51Z,-8.05206691,-34.94757805,189.0,88.0,2.5899999141693115
2025-01-27T20:53:16Z,Run,2025-01-27T21:39:52Z,-8.05205424,-34.94756772,189.0,88.0,2.5899999141693115
2025-01-27T20:53:16Z,Run,2025-01-27T21:39:53Z,-8.05203959,-34.94756139,189.0,88.0,2.5799999237060547
2025-01-27T20:53:16Z,Run,2025-01-27T21:39:54Z,-8.05202393,-34.94755874,188.0,88.0,2.569999933242798
2025-01-27T20:53:16Z,Run,2025-01-27T21:39:55Z,-8.05200793,-34.94756007,188.0,88.0,2.569999933242798
2025-01-27T20:53:16Z,Run,2025-01-27T21:39:56Z,-8.05199193,-34.94756506,189.0,88.0,2.549999952316284
2025-01-27T20:53:16Z,Run,2025-01-27T21:39:57Z,-8.05197594,-34.94757273,189.0,88.0,2.5399999618530273
2025-01-27T20:53:16Z,Run,2025-01-27T21:39:58Z,-8.05196127,-34.94758205,189.0,88.0,2.5399999618530273
2025-01-27T20:53:16Z,Run,2025-01-27T21:39:59Z,-8.05194928,-34.94759438,189.0,88.0,2.5299999713897705
2025-01-27T20:53:16Z,Run,2025-01-27T21:40:00Z,-8.05193995,-34.94760838,188.0,88.0,2.509999990463257
2025-01-27T20:53:16Z,Run,2025-01-27T21:40:01Z,-8.05193295,-34.94762404,188.0,88.0,2.5
2025-01-27T20:53:16Z,Run,2025-01-27T21:40:01Z,-8.05193163,-34.94764403,188.0,88.0,2.4800000190734863
2025-01-27T20:53:16Z,Run,2025-01-27T21:40:02Z,-8.05193229,-34.94766503,188.0,88.0,2.4700000286102295
2025-01-27T20:53:16Z,Run,2025-01-27T21:40:03Z,-8.05193395,-34.94768569,188.0,88.0,2.4700000286102295
2025-01-27T20:53:16Z,Run,2025-01-27T21:40:04Z,-8.05193561,-34.94770568,187.0,88.0,2.4600000381469727
2025-01-27T20:53:16Z,Run,2025-01-27T21:40:05Z,-8.05193561,-34.94772468,187.0,87.0,2.450000047683716
2025-01-27T20:53:16Z,Run,2025-01-27T21:40:06Z,-8.05193427,-34.947745,187.0,88.0,2.430000066757202
2025-01-27T20:53:16Z,Run,2025-01-27T21:40:07Z,-8.05193461,-34.94776499,186.0,87.0,2.430000066757202
2025-01-27T20:53:16Z,Run,2025-01-27T21:40:08Z,-8.05193593,-34.94778699,185.0,88.0,2.4200000762939453
2025-01-27T20:53:16Z,Run,2025-01-27T21:40:09Z,-8.05193593,-34.94780866,185.0,88.0,2.4200000762939453
2025-01-27T20:53:16Z,Run,2025-01-27T21:40:10Z,-8.05193461,-34.94782965,186.0,88.0,2.4100000858306885
2025-01-27T20:53:16Z,Run,2025-01-27T21:40:11Z,-8.05193493,-34.94785098,187.0,88.0,2.4000000953674316
2025-01-27T20:53:16Z,Run,2025-01-27T21:40:12Z,-8.05193493,-34.9478713,187.0,88.0,2.4000000953674316
2025-01-27T20:53:16Z,Run,2025-01-27T21:40:13Z,-8.05193526,-34.94789097,186.0,89.0,2.390000104904175
2025-01-27T20:53:16Z,Run,2025-01-27T21:40:14Z,-8.05193593,-34.94791129,187.0,88.0,2.390000104904175
2025-01-27T20:53:16Z,Run,2025-01-27T21:40:15Z,-8.05193526,-34.94793163,187.0,88.0,2.390000104904175
2025-01-27T20:53:16Z,Run,2025-01-27T21:40:16Z,-8.05193293,-34.94795128,187.0,88.0,2.390000104904175
2025-01-27T20:53:16Z,Run,2025-01-27T21:40:17Z,-8.05193061,-34.94797161,187.0,88.0,2.380000114440918
2025-01-27T20:53:16Z,Run,2025-01-27T21:40:18Z,-8.05192794,-34.9479916,187.0,89.0,2.380000114440918
2025-01-27T20:53:16Z,Run,2025-01-27T21:40:19Z,-8.05192495,-34.94801225,186.0,89.0,2.380000114440918
2025-01-27T20:53:16Z,Run,2025-01-27T21:40:20Z,-8.05192162,-34.94803392,185.0,89.0,2.369999885559082
2025-01-27T20:53:16Z,Run,2025-01-27T21:40:21Z,-8.05191863,-34.94805559,185.0,89.0,2.369999885559082
2025-01-27T20:53:16Z,Run,2025-01-27T21:40:22Z,-8.05191596,-34.94807724,185.0,89.0,2.359999895095825
2025-01-27T20:53:16Z,Run,2025-01-27T21:40:23Z,-8.05191364,-34.94809824,185.0,88.0,2.359999895095825
2025-01-27T20:53:16Z,Run,2025-01-27T21:40:24Z,-8.0519103,-34.94811957,185.0,89.0,2.359999895095825
2025-01-27T20:53:16Z,Run,2025-01-27T21:40:25Z,-8.05190665,-34.94814157,186.0,89.0,2.359999895095825
2025-01-27T20:53:16Z,Run,2025-01-27T21:40:26Z,-8.05190398,-34.94816422,186.0,88.0,2.359999895095825
2025-01-27T20:53:16Z,Run,2025-01-27T21:40:27Z,-8.05190132,-34.94818688,186.0,88.0,2.359999895095825
2025-01-27T20:53:16Z,Run,2025-01-27T21:40:28Z,-8.05189832,-34.94820921,186.0,89.0,2.359999895095825
2025-01-27T20:53:16Z,Run,2025-01-27T21:40:29Z,-8.05189467,-34.94823021,186.0,89.0,2.359999895095825
2025-01-27T20:53:16Z,Run,2025-01-27T21:40:30Z,-8.05188934,-34.9482502,185.0,89.0,2.359999895095825
2025-01-27T20:53:16Z,Run,2025-01-27T21:40:31Z,-8.05188368,-34.9482692,184.0,89.0,2.359999895095825
2025-01-27T20:53:16Z,Run,2025-01-27T21:40:32Z,-8.05187902,-34.94828887,184.0,89.0,2.359999895095825
2025-01-27T20:53:16Z,Run,2025-01-27T21:40:33Z,-8.05187502,-34.94830886,184.0,89.0,2.359999895095825
2025-01-27T20:53:16Z,Run,2025-01-27T21:40:34Z,-8.05187203,-34.94832985,184.0,89.0,2.369999885559082
2025-01-27T20:53:16Z,Run,2025-01-27T21:40:35Z,-8.05186936,-34.94835218,185.0,89.0,2.369999885559082
2025-01-27T20:53:16Z,Run,2025-01-27T21:40:36Z,-8.05186704,-34.94837484,186.0,89.0,2.369999885559082
2025-01-27T20:53:16Z,Run,2025-01-27T21:40:37Z,-8.05186437,-34.94839717,187.0,89.0,2.369999885559082
2025-01-27T20:53:16Z,Run,2025-01-27T21:40:38Z,-8.05186138,-34.94841983,189.0,89.0,2.369999885559082
2025-01-27T20:53:16Z,Run,2025-01-27T21:40:39Z,-8.05185838,-34.94844316,190.0,89.0,2.369999885559082
2025-01-27T20:53:16Z,Run,2025-01-27T21:40:40Z,-8.05185539,-34.94846549,190.0,89.0,2.369999885559082
2025-01-27T20:53:16Z,Run,2025-01-27T21:40:41Z,-8.0518544,-34.94848815,190.0,89.0,2.380000114440918
2025-01-27T20:53:16Z,Run,2025-01-27T21:40:42Z,-8.0518524,-34.94851114,189.0,88.0,2.380000114440918
2025-01-27T20:53:16Z,Run,2025-01-27T21:40:43Z,-8.05184907,-34.9485348,189.0,88.0,2.380000114440918
2025-01-27T20:53:16Z,Run,2025-01-27T21:40:44Z,-8.05184574,-34.94855812,187.0,88.0,2.380000114440918
2025-01-27T20:53:16Z,Run,2025-01-27T21:40:45Z,-8.05184307,-34.94858279,187.0,88.0,2.390000104904175
2025-01-27T20:53:16Z,Run,2025-01-27T21:40:46Z,-8.05184008,-34.94860679,187.0,88.0,2.390000104904175
2025-01-27T20:53:16Z,Run,2025-01-27T21:40:47Z,-8.05183642,-34.94863011,187.0,89.0,2.390000104904175
2025-01-27T20:53:16Z,Run,2025-01-27T21:40:48Z,-8.05183343,-34.94865277,187.0,89.0,2.390000104904175
2025-01-27T20:53:16Z,Run,2025-01-27T21:40:49Z,-8.05183211,-34.94867376,187.0,89.0,2.4000000953674316
2025-01-27T20:53:16Z,Run,2025-01-27T21:40:50Z,-8.05183111,-34.94869476,188.0,89.0,2.4000000953674316
2025-01-27T20:53:16Z,Run,2025-01-27T21:40:51Z,-8.05182879,-34.94871542,188.0,88.0,2.4100000858306885
2025-01-27T20:53:16Z,Run,2025-01-27T21:40:52Z,-8.05182646,-34.94873708,188.0,88.0,2.4100000858306885
2025-01-27T20:53:16Z,Run,2025-01-27T21:40:53Z,-8.05182413,-34.94875908,188.0,88.0,2.4100000858306885
2025-01-27T20:53:16Z,Run,2025-01-27T21:40:54Z,-8.05182081,-34.94878108,188.0,88.0,2.4100000858306885
2025-01-27T20:53:16Z,Run,2025-01-27T21:40:55Z,-8.05181747,-34.94880241,188.0,89.0,2.4100000858306885
2025-01-27T20:53:16Z,Run,2025-01-27T21:40:56Z,-8.05181347,-34.94882441,187.0,89.0,2.4100000858306885
2025-01-27T20:53:16Z,Run,2025-01-27T21:40:57Z,-8.05180882,-34.94884641,188.0,89.0,2.4100000858306885
2025-01-27T20:53:16Z,Run,2025-01-27T21:40:58Z,-8.05180548,-34.94886874,188.0,89.0,2.4100000858306885
2025-01-27T20:53:16Z,Run,2025-01-27T21:40:59Z,-8.05180283,-34.9488904,188.0,89.0,2.4000000953674316
2025-01-27T20:53:16Z,Run,2025-01-27T21:41:00Z,-8.0518005,-34.94891306,188.0,90.0,2.4000000953674316
2025-01-27T20:53:16Z,Run,2025-01-27T21:41:01Z,-8.0517985,-34.94893539,188.0,90.0,2.4000000953674316
2025-01-27T20:53:16Z,Run,2025-01-27T21:41:02Z,-8.05179751,-34.94895805,187.0,90.0,2.4000000953674316
2025-01-27T20:53:16Z,Run,2025-01-27T21:41:03Z,-8.05179651,-34.94898038,187.0,89.0,2.4000000953674316
2025-01-27T20:53:16Z,Run,2025-01-27T21:41:04Z,-8.05179718,-34.94900404,187.0,89.0,2.4000000953674316
2025-01-27T20:53:16Z,Run,2025-01-27T21:41:05Z,-8.05179884,-34.94902737,186.0,88.0,2.4000000953674316
2025-01-27T20:53:16Z,Run,2025-01-27T21:41:06Z,-8.05180149,-34.94905036,186.0,88.0,2.4000000953674316
2025-01-27T20:53:16Z,Run,2025-01-27T21:41:07Z,-8.05180515,-34.94907369,185.0,88.0,2.4000000953674316
2025-01-27T20:53:16Z,Run,2025-01-27T21:41:08Z,-8.05180915,-34.94909635,184.0,88.0,2.4100000858306885
2025-01-27T20:53:16Z,Run,2025-01-27T21:41:09Z,-8.05181515,-34.94911767,182.0,88.0,2.4100000858306885
2025-01-27T20:53:16Z,Run,2025-01-27T21:41:10Z,-8.05182414,-34.94913834,182.0,88.0,2.4100000858306885
2025-01-27T20:53:16Z,Run,2025-01-27T21:41:11Z,-8.0518348,-34.94915633,182.0,88.0,2.4200000762939453
2025-01-27T20:53:16Z,Run,2025-01-27T21:41:12Z,-8.05184713,-34.94917165,181.0,89.0,2.4200000762939453
2025-01-27T20:53:16Z,Run,2025-01-27T21:41:13Z,-8.05186213,-34.94918398,180.0,88.0,2.4200000762939453
2025-01-27T20:53:16Z,Run,2025-01-27T21:41:14Z,-8.05187912,-34.94919397,180.0,88.0,2.4200000762939453
2025-01-27T20:53:16Z,Run,2025-01-27T21:41:15Z,-8.05189811,-34.94920164,180.0,88.0,2.4200000762939453
2025-01-27T20:53:16Z,Run,2025-01-27T21:41:16Z,-8.05191743,-34.94920796,180.0,88.0,2.4200000762939453
2025-01-27T20:53:16Z,Run,2025-01-27T21:41:17Z,-8.0519371,-34.9492123,180.0,88.0,2.4200000762939453
2025-01-27T20:53:16Z,Run,2025-01-27T21:41:18Z,-8.05195677,-34.94921362,180.0,89.0,2.4200000762939453
2025-01-27T20:53:16Z,Run,2025-01-27T21:41:19Z,-8.05197676,-34.94921129,180.0,89.0,2.4200000762939453
2025-01-27T20:53:16Z,Run,2025-01-27T21:41:20Z,-8.05199609,-34.9492053,180.0,89.0,2.4200000762939453
2025-01-27T20:53:16Z,Run,2025-01-27T21:41:21Z,-8.05201342,-34.94919631,179.0,89.0,2.4200000762939453
2025-01-27T20:53:16Z,Run,2025-01-27T21:41:22Z,-8.05202775,-34.94918365,179.0,89.0,2.4200000762939453
2025-01-27T20:53:16Z,Run,2025-01-27T21:41:23Z,-8.05204007,-34.94916898,179.0,88.0,2.4100000858306885
2025-01-27T20:53:16Z,Run,2025-01-27T21:41:24Z,-8.05204907,-34.94915166,180.0,88.0,2.4100000858306885
2025-01-27T20:53:16Z,Run,2025-01-27T21:41:25Z,-8.05205374,-34.94913199,181.0,88.0,2.4000000953674316
2025-01-27T20:53:16Z,Run,2025-01-27T21:41:26Z,-8.05205539,-34.94911034,181.0,89.0,2.4000000953674316
2025-01-27T20:53:16Z,Run,2025-01-27T21:41:27Z,-8.05205539,-34.949087,183.0,89.0,2.4000000953674316
2025-01-27T20:53:16Z,Run,2025-01-27T21:41:28Z,-8.0520534,-34.94906401,183.0,89.0,2.4000000953674316
2025-01-27T20:53:16Z,Run,2025-01-27T21:41:29Z,-8.05204974,-34.94904069,183.0,89.0,2.4000000953674316
2025-01-27T20:53:16Z,Run,2025-01-27T21:41:30Z,-8.05204608,-34.9490177,182.0,89.0,2.4000000953674316
2025-01-27T20:53:16Z,Run,2025-01-27T21:41:31Z,-8.05204275,-34.94899437,182.0,89.0,2.4000000953674316
2025-01-27T20:53:16Z,Run,2025-01-27T21:41:32Z,-8.05204042,-34.94896971,182.0,89.0,2.4000000953674316
2025-01-27T20:53:16Z,Run,2025-01-27T21:41:33Z,-8.05203842,-34.94894471,182.0,89.0,2.4100000858306885
2025-01-27T20:53:16Z,Run,2025-01-27T21:41:34Z,-8.0520381,-34.94892004,182.0,89.0,2.4100000858306885
2025-01-27T20:53:16Z,Run,2025-01-27T21:41:35Z,-8.05203842,-34.94889705,183.0,88.0,2.4200000762939453
2025-01-27T20:53:16Z,Run,2025-01-27T21:41:36Z,-8.05203842,-34.9488744,184.0,88.0,2.4200000762939453
2025-01-27T20:53:16Z,Run,2025-01-27T21:41:37Z,-8.05203875,-34.94885373,184.0,89.0,2.430000066757202
2025-01-27T20:53:16Z,Run,2025-01-27T21:41:38Z,-8.05203941,-34.94883274,184.0,89.0,2.430000066757202
2025-01-27T20:53:16Z,Run,2025-01-27T21:41:39Z,-8.05203974,-34.94881208,184.0,89.0,2.430000066757202
2025-01-27T20:53:16Z,Run,2025-01-27T21:41:40Z,-8.05203941,-34.94879142,184.0,89.0,2.430000066757202
2025-01-27T20:53:16Z,Run,2025-01-27T21:41:41Z,-8.05203974,-34.94877076,184.0,88.0,2.430000066757202
2025-01-27T20:53:16Z,Run,2025-01-27T21:41:42Z,-8.05204106,-34.94874943,183.0,88.0,2.430000066757202
2025-01-27T20:53:16Z,Run,2025-01-27T21:41:43Z,-8.05204373,-34.94872877,183.0,89.0,2.430000066757202
2025-01-27T20:53:16Z,Run,2025-01-27T21:41:44Z,-8.05204538,-34.94870878,182.0,87.0,2.430000066757202
2025-01-27T20:53:16Z,Run,2025-01-27T21:41:45Z,-8.05204538,-34.94869011,182.0,88.0,2.430000066757202
2025-01-27T20:53:16Z,Run,2025-01-27T21:41:46Z,-8.05204439,-34.94867179,182.0,88.0,2.430000066757202
2025-01-27T20:53:16Z,Run,2025-01-27T21:41:47Z,-8.05204206,-34.94865146,181.0,88.0,2.430000066757202
2025-01-27T20:53:16Z,Run,2025-01-27T21:41:48Z,-8.05204006,-34.94862947,181.0,88.0,2.430000066757202
2025-01-27T20:53:16Z,Run,2025-01-27T21:41:49Z,-8.05203674,-34.94860647,181.0,88.0,2.430000066757202
2025-01-27T20:53:16Z,Run,2025-01-27T21:41:50Z,-8.05203474,-34.94858481,181.0,88.0,2.4200000762939453
2025-01-27T20:53:16Z,Run,2025-01-27T21:41:51Z,-8.05203174,-34.94856348,180.0,89.0,2.4200000762939453
2025-01-27T20:53:16Z,Run,2025-01-27T21:41:52Z,-8.05202875,-34.94854182,180.0,89.0,2.4200000762939453
2025-01-27T20:53:16Z,Run,2025-01-27T21:41:53Z,-8.05202642,-34.94852215,180.0,89.0,2.4200000762939453
2025-01-27T20:53:16Z,Run,2025-01-27T21:41:54Z,-8.0520261,-34.94850215,179.0,88.0,2.4200000762939453
2025-01-27T20:53:16Z,Run,2025-01-27T21:41:55Z,-8.05202776,-34.94848116,178.0,89.0,2.4200000762939453
2025-01-27T20:53:16Z,Run,2025-01-27T21:41:56Z,-8.05202808,-34.94845883,177.0,89.0,2.4200000762939453
2025-01-27T20:53:16Z,Run,2025-01-27T21:41:57Z,-8.05202676,-34.94843617,177.0,89.0,2.4200000762939453
2025-01-27T20:53:16Z,Run,2025-01-27T21:41:58Z,-8.0520251,-34.94841318,177.0,89.0,2.4200000762939453
2025-01-27T20:53:16Z,Run,2025-01-27T21:41:59Z,-8.05202443,-34.94839085,178.0,89.0,2.4100000858306885
2025-01-27T20:53:16Z,Run,2025-01-27T21:42:00Z,-8.05202378,-34.94836852,179.0,89.0,2.4100000858306885
2025-01-27T20:53:16Z,Run,2025-01-27T21:42:01Z,-8.05202279,-34.94834652,180.0,89.0,2.4100000858306885
2025-01-27T20:53:16Z,Run,2025-01-27T21:42:02Z,-8.05202145,-34.94832418,180.0,89.0,2.4100000858306885
2025-01-27T20:53:16Z,Run,2025-01-27T21:42:03Z,-8.05202013,-34.94830185,180.0,89.0,2.4100000858306885
2025-01-27T20:53:16Z,Run,2025-01-27T21:42:04Z,-8.05201914,-34.94827985,180.0,89.0,2.4100000858306885
2025-01-27T20:53:16Z,Run,2025-01-27T21:42:05Z,-8.05201914,-34.94825786,180.0,89.0,2.4100000858306885
2025-01-27T20:53:16Z,Run,2025-01-27T21:42:06Z,-8.0520208,-34.94823553,181.0,89.0,2.4100000858306885
2025-01-27T20:53:16Z,Run,2025-01-27T21:42:07Z,-8.05202379,-34.94821287,181.0,89.0,2.4200000762939453
2025-01-27T20:53:16Z,Run,2025-01-27T21:42:08Z,-8.05202845,-34.94818887,180.0,89.0,2.4200000762939453
2025-01-27T20:53:16Z,Run,2025-01-27T21:42:09Z,-8.05203245,-34.94816454,180.0,89.0,2.4200000762939453
2025-01-27T20:53:16Z,Run,2025-01-27T21:42:10Z,-8.05203544,-34.94813955,180.0,89.0,2.4200000762939453
2025-01-27T20:53:16Z,Run,2025-01-27T21:42:11Z,-8.05203877,-34.94811455,181.0,89.0,2.4200000762939453
2025-01-27T20:53:16Z,Run,2025-01-27T21:42:12Z,-8.05204177,-34.94808821,182.0,89.0,2.4200000762939453
2025-01-27T20:53:16Z,Run,2025-01-27T21:42:13Z,-8.05204177,-34.94806356,182.0,89.0,2.430000066757202
2025-01-27T20:53:16Z,Run,2025-01-27T21:42:14Z,-8.05203977,-34.94803989,182.0,90.0,2.430000066757202
2025-01-27T20:53:16Z,Run,2025-01-27T21:42:15Z,-8.05203744,-34.9480169,183.0,90.0,2.440000057220459
2025-01-27T20:53:16Z,Run,2025-01-27T21:42:16Z,-8.05203511,-34.94799391,183.0,90.0,2.440000057220459
2025-01-27T20:53:16Z,Run,2025-01-27T21:42:17Z,-8.05203312,-34.94796958,183.0,89.0,2.450000047683716
2025-01-27T20:53:16Z,Run,2025-01-27T21:42:18Z,-8.05203179,-34.94794491,184.0,89.0,2.450000047683716
2025-01-27T20:53:16Z,Run,2025-01-27T21:42:19Z,-8.05203013,-34.94792092,185.0,89.0,2.4600000381469727
2025-01-27T20:53:16Z,Run,2025-01-27T21:42:20Z,-8.05202881,-34.94789692,185.0,89.0,2.4600000381469727
2025-01-27T20:53:16Z,Run,2025-01-27T21:42:21Z,-8.05202782,-34.94787326,185.0,89.0,2.4800000190734863
2025-01-27T20:53:16Z,Run,2025-01-27T21:42:22Z,-8.05202715,-34.94785027,185.0,89.0,2.4800000190734863
2025-01-27T20:53:16Z,Run,2025-01-27T21:42:23Z,-8.05202715,-34.94782728,185.0,89.0,2.4800000190734863
2025-01-27T20:53:16Z,Run,2025-01-27T21:42:24Z,-8.05202715,-34.94780395,185.0,89.0,2.4800000190734863
2025-01-27T20:53:16Z,Run,2025-01-27T21:42:25Z,-8.05202682,-34.94778029,185.0,89.0,2.490000009536743
2025-01-27T20:53:16Z,Run,2025-01-27T21:42:26Z,-8.05202583,-34.94775596,186.0,89.0,2.5
2025-01-27T20:53:16Z,Run,2025-01-27T21:42:27Z,-8.05202516,-34.94773096,184.0,88.0,2.5
2025-01-27T20:53:16Z,Run,2025-01-27T21:42:28Z,-8.05202716,-34.94770596,184.0,88.0,2.5
2025-01-27T20:53:16Z,Run,2025-01-27T21:42:29Z,-8.05203148,-34.94768164,184.0,88.0,2.5
2025-01-27T20:53:16Z,Run,2025-01-27T21:42:30Z,-8.05203615,-34.94765764,184.0,88.0,2.509999990463257
2025-01-27T20:53:16Z,Run,2025-01-27T21:42:31Z,-8.05204047,-34.94763365,183.0,87.0,2.509999990463257
2025-01-27T20:53:16Z,Run,2025-01-27T21:42:32Z,-8.05204147,-34.94761231,182.0,87.0,2.509999990463257
2025-01-27T20:53:16Z,Run,2025-01-27T21:42:33Z,-8.05203914,-34.94759432,181.0,88.0,2.5199999809265137
2025-01-27T20:53:16Z,Run,2025-01-27T21:42:34Z,-8.05203347,-34.94758032,181.0,88.0,2.5199999809265137
2025-01-27T20:53:16Z,Run,2025-01-27T21:42:35Z,-8.05202447,-34.94756932,181.0,87.0,2.5299999713897705
2025-01-27T20:53:16Z,Run,2025-01-27T21:42:36Z,-8.05201382,-34.94756132,182.0,87.0,2.5299999713897705
2025-01-27T20:53:16Z,Run,2025-01-27T21:42:37Z,-8.05200149,-34.94755867,183.0,87.0,2.5299999713897705
2025-01-27T20:53:16Z,Run,2025-01-27T21:42:38Z,-8.05198849,-34.94756166,183.0,87.0,2.5199999809265137
2025-01-27T20:53:16Z,Run,2025-01-27T21:42:39Z,-8.05197617,-34.94756832,183.0,87.0,2.509999990463257
2025-01-27T20:53:16Z,Run,2025-01-27T21:42:40Z,-8.05196384,-34.94757798,183.0,87.0,2.509999990463257
2025-01-27T20:53:16Z,Run,2025-01-27T21:42:41Z,-8.05195185,-34.94759131,183.0,88.0,2.5
2025-01-27T20:53:16Z,Run,2025-01-27T21:42:42Z,-8.05194051,-34.94760697,183.0,88.0,2.4800000190734863
2025-01-27T20:53:16Z,Run,2025-01-27T21:42:43Z,-8.05193018,-34.94762429,183.0,88.0,2.4600000381469727
2025-01-27T20:53:16Z,Run,2025-01-27T21:42:44Z,-8.05192219,-34.94764429,181.0,88.0,2.450000047683716
2025-01-27T20:53:16Z,Run,2025-01-27T21:42:45Z,-8.05191686,-34.94766528,179.0,88.0,2.430000066757202
2025-01-27T20:53:16Z,Run,2025-01-27T21:42:46Z,-8.0519132,-34.94768527,179.0,88.0,2.4200000762939453
2025-01-27T20:53:16Z,Run,2025-01-27T21:42:47Z,-8.05191188,-34.94770461,179.0,88.0,2.4200000762939453
2025-01-27T20:53:16Z,Run,2025-01-27T21:42:48Z,-8.05191188,-34.9477256,179.0,88.0,2.4200000762939453
2025-01-27T20:53:16Z,Run,2025-01-27T21:42:49Z,-8.05191253,-34.9477476,179.0,88.0,2.4200000762939453
2025-01-27T20:53:16Z,Run,2025-01-27T21:42:50Z,-8.05191353,-34.9477696,178.0,88.0,2.4100000858306885
2025-01-27T20:53:16Z,Run,2025-01-27T21:42:51Z,-8.05191486,-34.94779259,177.0,89.0,2.4100000858306885
2025-01-27T20:53:16Z,Run,2025-01-27T21:42:52Z,-8.05191618,-34.94781558,177.0,89.0,2.4100000858306885
2025-01-27T20:53:16Z,Run,2025-01-27T21:42:53Z,-8.05191885,-34.94783824,177.0,88.0,2.4100000858306885
2025-01-27T20:53:16Z,Run,2025-01-27T21:42:54Z,-8.05192585,-34.94786023,176.0,88.0,2.4000000953674316
2025-01-27T20:53:16Z,Run,2025-01-27T21:42:55Z,-8.0519335,-34.94788022,175.0,88.0,2.4100000858306885
2025-01-27T20:53:16Z,Run,2025-01-27T21:42:56Z,-8.05193849,-34.94789922,172.0,88.0,2.4100000858306885
2025-01-27T20:53:16Z,Run,2025-01-27T21:42:57Z,-8.05194082,-34.94791955,171.0,88.0,2.4100000858306885
2025-01-27T20:53:16Z,Run,2025-01-27T21:42:58Z,-8.05193916,-34.94794055,171.0,88.0,2.4100000858306885
2025-01-27T20:53:16Z,Run,2025-01-27T21:42:59Z,-8.05193516,-34.94796154,171.0,88.0,2.4100000858306885
2025-01-27T20:53:16Z,Run,2025-01-27T21:43:00Z,-8.05193217,-34.94798387,170.0,88.0,2.4100000858306885
2025-01-27T20:53:16Z,Run,2025-01-27T21:43:01Z,-8.0519295,-34.94800653,170.0,88.0,2.4200000762939453
2025-01-27T20:53:16Z,Run,2025-01-27T21:43:02Z,-8.05192718,-34.94802952,170.0,88.0,2.4200000762939453
2025-01-27T20:53:16Z,Run,2025-01-27T21:43:03Z,-8.05192385,-34.94805152,168.0,88.0,2.4200000762939453
2025-01-27T20:53:16Z,Run,2025-01-27T21:43:04Z,-8.05192052,-34.94807417,167.0,88.0,2.4200000762939453
2025-01-27T20:53:16Z,Run,2025-01-27T21:43:05Z,-8.05191619,-34.94809784,167.0,88.0,2.4200000762939453
2025-01-27T20:53:16Z,Run,2025-01-27T21:43:06Z,-8.05191052,-34.9481215,167.0,88.0,2.4200000762939453
2025-01-27T20:53:16Z,Run,2025-01-27T21:43:07Z,-8.0519062,-34.94814616,167.0,88.0,2.4200000762939453
2025-01-27T20:53:16Z,Run,2025-01-27T21:43:08Z,-8.05190353,-34.94817016,167.0,87.0,2.4200000762939453
2025-01-27T20:53:16Z,Run,2025-01-27T21:43:09Z,-8.05189988,-34.94819415,167.0,88.0,2.430000066757202
2025-01-27T20:53:16Z,Run,2025-01-27T21:43:10Z,-8.05189622,-34.94821615,167.0,88.0,2.430000066757202
2025-01-27T20:53:16Z,Run,2025-01-27T21:43:11Z,-8.05189289,-34.94823681,167.0,88.0,2.430000066757202
2025-01-27T20:53:16Z,Run,2025-01-27T21:43:12Z,-8.05188889,-34.9482568,168.0,89.0,2.430000066757202
2025-01-27T20:53:16Z,Run,2025-01-27T21:43:13Z,-8.05188455,-34.94827647,168.0,89.0,2.430000066757202
2025-01-27T20:53:16Z,Run,2025-01-27T21:43:14Z,-8.05187989,-34.94829646,169.0,89.0,2.440000057220459
2025-01-27T20:53:16Z,Run,2025-01-27T21:43:15Z,-8.0518749,-34.94831679,168.0,89.0,2.440000057220459
2025-01-27T20:53:16Z,Run,2025-01-27T21:43:16Z,-8.05186691,-34.94833611,168.0,89.0,2.440000057220459
2025-01-27T20:53:16Z,Run,2025-01-27T21:43:17Z,-8.05185458,-34.94835278,168.0,89.0,2.440000057220459
2025-01-27T20:53:16Z,Run,2025-01-27T21:43:18Z,-8.05184058,-34.94836911,170.0,89.0,2.430000066757202
2025-01-27T20:53:16Z,Run,2025-01-27T21:43:19Z,-8.05182559,-34.94838511,171.0,89.0,2.430000066757202
2025-01-27T20:53:16Z,Run,2025-01-27T21:43:20Z,-8.05180926,-34.94840077,172.0,88.0,2.430000066757202
2025-01-27T20:53:16Z,Run,2025-01-27T21:43:21Z,-8.05179494,-34.94841677,172.0,88.0,2.4200000762939453
2025-01-27T20:53:16Z,Run,2025-01-27T21:43:22Z,-8.05178428,-34.94843344,172.0,88.0,2.4200000762939453
2025-01-27T20:53:16Z,Run,2025-01-27T21:43:23Z,-8.05177728,-34.94844977,172.0,88.0,2.4200000762939453
2025-01-27T20:53:16Z,Run,2025-01-27T21:43:24Z,-8.05177495,-34.94846676,172.0,88.0,2.4200000762939453
2025-01-27T20:53:16Z,Run,2025-01-27T21:43:25Z,-8.05177794,-34.94848276,172.0,88.0,2.4100000858306885
2025-01-27T20:53:16Z,Run,2025-01-27T21:43:26Z,-8.05178227,-34.94849942,172.0,88.0,2.4100000858306885
2025-01-27T20:53:16Z,Run,2025-01-27T21:43:27Z,-8.05178393,-34.94851508,173.0,88.0,2.4000000953674316
2025-01-27T20:53:16Z,Run,2025-01-27T21:43:28Z,-8.05178458,-34.94852875,174.0,88.0,2.2799999713897705
2025-01-27T20:53:16Z,Run,2025-01-27T21:43:29Z,-8.05178258,-34.94853774,174.0,88.0,2.2799999713897705
2025-01-27T20:53:16Z,Run,2025-01-27T21:43:30Z,-8.05178059,-34.9485444,174.0,88.0,2.130000114440918
2025-01-27T20:53:16Z,Run,2025-01-27T21:43:31Z,-8.05177993,-34.94855106,174.0,88.0,2.0799999237060547
2025-01-27T20:53:16Z,Run,2025-01-27T21:43:32Z,-8.05177927,-34.94855805,174.0,88.0,1.9199999570846558
2025-01-27T20:53:16Z,Run,2025-01-27T21:43:33Z,-8.0517786,-34.94856639,174.0,88.0,1.590000033378601
2025-01-27T20:53:16Z,Run,2025-01-27T21:43:34Z,-8.0517776,-34.94857538,175.0,88.0,1.25
2025-01-27T20:53:16Z,Run,2025-01-27T21:43:35Z,-8.05177661,-34.94858571,175.0,88.0,1.25
2025-01-27T20:53:16Z,Run,2025-01-27T21:43:36Z,-8.05177561,-34.94859437,176.0,88.0,1.059999942779541
2025-01-27T20:53:16Z,Run,2025-01-27T21:43:37Z,-8.05177628,-34.94860437,176.0,88.0,0.9900000095367432
2025-01-27T20:53:16Z,Run,2025-01-27T21:43:38Z,-8.05177828,-34.94861537,176.0,88.0,0.949999988079071
2025-01-27T20:53:16Z,Run,2025-01-27T21:43:39Z,-8.05178194,-34.94862769,177.0,88.0,1.0099999904632568
2025-01-27T20:53:16Z,Run,2025-01-27T21:43:40Z,-8.0517836,-34.94863802,178.0,88.0,1.0700000524520874
2025-01-27T20:53:16Z,Run,2025-01-27T21:43:41Z,-8.05178393,-34.94864835,178.0,88.0,1.0700000524520874
2025-01-27T20:53:16Z,Run,2025-01-27T21:43:42Z,-8.05178227,-34.94865801,177.0,88.0,1.100000023841858
2025-01-27T20:53:16Z,Run,2025-01-27T21:43:43Z,-8.05178061,-34.94866935,176.0,88.0,1.1100000143051147
2025-01-27T20:53:16Z,Run,2025-01-27T21:43:44Z,-8.05177628,-34.948681,177.0,88.0,1.1100000143051147
2025-01-27T20:53:16Z,Run,2025-01-27T21:43:45Z,-8.05176862,-34.94868966,177.0,88.0,1.1399999856948853
2025-01-27T20:53:16Z,Run,2025-01-27T21:43:47Z,-8.05173596,-34.94872965,173.0,88.0,1.2000000476837158
2025-01-27T20:53:16Z,Run,2025-01-27T21:43:48Z,-8.05173297,-34.94872997,172.0,88.0,1.25
2025-01-27T20:53:16Z,Run,2025-01-27T21:43:49Z,-8.05172797,-34.94873497,171.0,88.0,1.2300000190734863
2025-01-27T20:53:16Z,Run,2025-01-27T21:43:50Z,-8.05172364,-34.94874431,170.0,88.0,1.2000000476837158
2025-01-27T20:53:16Z,Run,2025-01-27T21:43:51Z,-8.05172232,-34.94875496,169.0,88.0,1.2200000286102295
