activity_id,sport_type,timestamp,latitude,longitude,heart_rate,cadence,speed
2025-04-18T14:29:26Z,Walk,2025-04-18T14:29:50Z,-8.05418,-34.95419832,121.0,66.0,0.5400000214576721
2025-04-18T14:29:26Z,Walk,2025-04-18T14:29:51Z,-8.054165,-34.95420632,121.0,66.0,0.5400000214576721
2025-04-18T14:29:26Z,Walk,2025-04-18T14:29:52Z,-8.05414868,-34.95421666,121.0,66.0,0.6200000047683716
2025-04-18T14:29:26Z,Walk,2025-04-18T14:29:53Z,-8.05413802,-34.95424132,121.0,66.0,0.8100000023841858
2025-04-18T14:29:26Z,Walk,2025-04-18T14:29:54Z,-8.05412769,-34.95427598,121.0,66.0,1.0
2025-04-18T14:29:26Z,Walk,2025-04-18T14:29:55Z,-8.05411169,-34.9543133,121.0,66.0,1.2200000286102295
2025-04-18T14:29:26Z,Walk,2025-04-18T14:29:56Z,-8.0540937,-34.95435364,122.0,66.0,1.4600000381469727
2025-04-18T14:29:26Z,Walk,2025-04-18T14:29:57Z,-8.0540737,-34.95438596,122.0,66.0,1.4600000381469727
2025-04-18T14:29:26Z,Walk,2025-04-18T14:29:58Z,-8.05405304,-34.95440962,123.0,66.0,1.9800000190734863
2025-04-18T14:29:26Z,Walk,2025-04-18T14:29:59Z,-8.05403004,-34.95442995,123.0,66.0,2.680000066757202
2025-04-18T14:29:26Z,Walk,2025-04-18T14:30:00Z,-8.05400472,-34.95444894,123.0,66.0,3.1700000762939453
2025-04-18T14:29:26Z,Walk,2025-04-18T14:30:01Z,-8.05397906,-34.95447327,123.0,66.0,3.4000000953674316
2025-04-18T14:29:26Z,Walk,2025-04-18T14:30:02Z,-8.05395106,-34.95448594,123.0,66.0,3.440000057220459
2025-04-18T14:29:26Z,Walk,2025-04-18T14:30:03Z,-8.05392173,-34.95449427,123.0,66.0,3.440000057220459
2025-04-18T14:29:26Z,Walk,2025-04-18T14:30:04Z,-8.0538944,-34.95450193,123.0,66.0,3.440000057220459
2025-04-18T14:29:26Z,Walk,2025-04-18T14:30:05Z,-8.05387275,-34.95452759,124.0,66.0,3.359999895095825
2025-04-18T14:29:26Z,Walk,2025-04-18T14:30:07Z,-8.05383175,-34.95479491,126.0,66.0,3.3399999141693115
2025-04-18T14:29:26Z,Walk,2025-04-18T14:30:08Z,-8.05383307,-34.95477425,127.0,66.0,3.430000066757202
2025-04-18T14:29:26Z,Walk,2025-04-18T14:30:09Z,-8.05383574,-34.95474392,127.0,66.0,3.430000066757202
2025-04-18T14:29:26Z,Walk,2025-04-18T14:30:10Z,-8.05384174,-34.9547096,127.0,66.0,3.5299999713897705
2025-04-18T14:29:26Z,Walk,2025-04-18T14:30:11Z,-8.05384906,-34.95468294,127.0,66.0,3.430000066757202
2025-04-18T14:29:26Z,Walk,2025-04-18T14:30:12Z,-8.05386439,-34.95466461,127.0,66.0,3.4200000762939453
2025-04-18T14:29:26Z,Walk,2025-04-18T14:30:13Z,-8.05388306,-34.95465427,127.0,66.0,3.3499999046325684
2025-04-18T14:29:26Z,Walk,2025-04-18T14:30:14Z,-8.05390705,-34.95465062,128.0,66.0,2.890000104904175
2025-04-18T14:29:26Z,Walk,2025-04-18T14:30:15Z,-8.05393704,-34.95465327,128.0,66.0,2.3499999046325684
2025-04-18T14:29:26Z,Walk,2025-04-18T14:30:16Z,-8.05395537,-34.95464095,128.0,66.0,2.3499999046325684
2025-04-18T14:29:26Z,Walk,2025-04-18T14:30:17Z,-8.05396503,-34.95461662,127.0,46.0,2.1700000762939453
2025-04-18T14:29:26Z,Walk,2025-04-18T14:30:18Z,-8.05397536,-34.95459728,126.0,43.0,2.380000114440918
2025-04-18T14:29:26Z,Walk,2025-04-18T14:30:20Z,-8.05402335,-34.95454496,128.0,43.0,2.4800000190734863
2025-04-18T14:29:26Z,Walk,2025-04-18T14:30:22Z,-8.05402834,-34.95452496,128.0,43.0,2.4100000858306885
2025-04-18T14:29:26Z,Walk,2025-04-18T14:30:24Z,-8.05398334,-34.95446664,128.0,43.0,2.430000066757202
2025-04-18T14:29:26Z,Walk,2025-04-18T14:30:25Z,-8.05397902,-34.95446264,129.0,43.0,2.5
2025-04-18T14:29:26Z,Walk,2025-04-18T14:30:26Z,-8.05397702,-34.95446065,128.0,43.0,2.5299999713897705
2025-04-18T14:29:26Z,Walk,2025-04-18T14:30:27Z,-8.05397302,-34.95445199,128.0,43.0,2.799999952316284
2025-04-18T14:29:26Z,Walk,2025-04-18T14:30:28Z,-8.0539677,-34.95444132,128.0,43.0,2.799999952316284
2025-04-18T14:29:26Z,Walk,2025-04-18T14:30:29Z,-8.05396136,-34.95442466,128.0,43.0,2.8399999141693115
2025-04-18T14:29:26Z,Walk,2025-04-18T14:30:30Z,-8.05395603,-34.95439966,128.0,43.0,2.4100000858306885
2025-04-18T14:29:26Z,Walk,2025-04-18T14:30:31Z,-8.05395403,-34.95440898,127.0,43.0,2.25
2025-04-18T14:29:26Z,Walk,2025-04-18T14:30:32Z,-8.05395703,-34.95442664,125.0,43.0,1.7799999713897705
2025-04-18T14:29:26Z,Walk,2025-04-18T14:30:33Z,-8.05396135,-34.95445397,123.0,43.0,1.309999942779541
2025-04-18T14:29:26Z,Walk,2025-04-18T14:30:34Z,-8.05396668,-34.95449897,123.0,43.0,1.309999942779541
2025-04-18T14:29:26Z,Walk,2025-04-18T14:30:35Z,-8.05397201,-34.95453697,122.0,43.0,1.3700000047683716
2025-04-18T14:29:26Z,Walk,2025-04-18T14:30:36Z,-8.05397801,-34.9545673,118.0,43.0,1.590000033378601
2025-04-18T14:29:26Z,Walk,2025-04-18T14:30:37Z,-8.05398333,-34.95459329,114.0,43.0,2.309999942779541
2025-04-18T14:29:26Z,Walk,2025-04-18T14:30:38Z,-8.05398933,-34.95461062,113.0,43.0,3.190000057220459
2025-04-18T14:29:26Z,Walk,2025-04-18T14:30:39Z,-8.05399599,-34.95462462,113.0,43.0,3.859999895095825
2025-04-18T14:29:26Z,Walk,2025-04-18T14:30:40Z,-8.05400265,-34.95463295,113.0,43.0,3.859999895095825
2025-04-18T14:29:26Z,Walk,2025-04-18T14:30:41Z,-8.05400998,-34.95463195,113.0,43.0,4.199999809265137
2025-04-18T14:29:26Z,Walk,2025-04-18T14:30:42Z,-8.05401698,-34.95462629,113.0,43.0,4.199999809265137
2025-04-18T14:29:26Z,Walk,2025-04-18T14:30:43Z,-8.05402398,-34.95462529,113.0,43.0,3.809999942779541
2025-04-18T14:29:26Z,Walk,2025-04-18T14:30:44Z,-8.0540303,-34.95462497,113.0,43.0,2.930000066757202
2025-04-18T14:29:26Z,Walk,2025-04-18T14:30:45Z,-8.05403464,-34.95462764,113.0,43.0,2.1700000762939453
2025-04-18T14:29:26Z,Walk,2025-04-18T14:30:46Z,-8.05403563,-34.95463597,113.0,43.0,2.1700000762939453
2025-04-18T14:29:26Z,Walk,2025-04-18T14:30:47Z,-8.05403164,-34.9546493,114.0,43.0,1.6399999856948853
2025-04-18T14:29:26Z,Walk,2025-04-18T14:30:48Z,-8.0540283,-34.95466196,114.0,43.0,1.3600000143051147
2025-04-18T14:29:26Z,Walk,2025-04-18T14:30:49Z,-8.05402331,-34.95467729,115.0,43.0,1.3600000143051147
2025-04-18T14:29:26Z,Walk,2025-04-18T14:30:50Z,-8.05401832,-34.95468995,116.0,43.0,1.4299999475479126
2025-04-18T14:29:26Z,Walk,2025-04-18T14:30:51Z,-8.05401067,-34.95470895,117.0,43.0,1.7999999523162842
2025-04-18T14:29:26Z,Walk,2025-04-18T14:30:52Z,-8.05400267,-34.95472727,117.0,43.0,1.7999999523162842
2025-04-18T14:29:26Z,Walk,2025-04-18T14:30:53Z,-8.05399401,-34.95474661,117.0,43.0,2.430000066757202
2025-04-18T14:29:26Z,Walk,2025-04-18T14:30:55Z,-8.05397335,-34.95479493,116.0,43.0,2.8299999237060547
2025-04-18T14:29:26Z,Walk,2025-04-18T14:30:56Z,-8.0539727,-34.9547956,116.0,43.0,3.0999999046325684
2025-04-18T14:29:26Z,Walk,2025-04-18T14:30:57Z,-8.05397037,-34.95479759,115.0,43.0,3.2799999713897705
2025-04-18T14:29:26Z,Walk,2025-04-18T14:30:58Z,-8.05396772,-34.95479992,115.0,43.0,3.2799999713897705
2025-04-18T14:29:26Z,Walk,2025-04-18T14:30:59Z,-8.05396572,-34.95479826,114.0,43.0,3.2799999713897705
2025-04-18T14:29:26Z,Walk,2025-04-18T14:31:00Z,-8.05396339,-34.95480025,113.0,43.0,3.0299999713897705
2025-04-18T14:29:26Z,Walk,2025-04-18T14:31:01Z,-8.05396006,-34.95480358,112.0,43.0,2.559999942779541
2025-04-18T14:29:26Z,Walk,2025-04-18T14:31:02Z,-8.05395574,-34.95480758,112.0,43.0,2.009999990463257
2025-04-18T14:29:26Z,Walk,2025-04-18T14:31:03Z,-8.05395174,-34.95481258,112.0,43.0,1.659999966621399
2025-04-18T14:29:26Z,Walk,2025-04-18T14:31:04Z,-8.05394941,-34.95481657,112.0,43.0,1.659999966621399
2025-04-18T14:29:26Z,Walk,2025-04-18T14:31:05Z,-8.05394908,-34.95481324,112.0,43.0,1.659999966621399
2025-04-18T14:29:26Z,Walk,2025-04-18T14:31:06Z,-8.05395108,-34.95480058,112.0,43.0,1.7100000381469727
2025-04-18T14:29:26Z,Walk,2025-04-18T14:31:07Z,-8.05395508,-34.95478992,112.0,43.0,1.8200000524520874
2025-04-18T14:29:26Z,Walk,2025-04-18T14:31:08Z,-8.05396041,-34.95477892,112.0,43.0,1.9299999475479126
2025-04-18T14:29:26Z,Walk,2025-04-18T14:31:09Z,-8.05396741,-34.95477059,112.0,43.0,1.9299999475479126
2025-04-18T14:29:26Z,Walk,2025-04-18T14:31:10Z,-8.05397574,-34.95475725,114.0,43.0,1.7300000190734863
2025-04-18T14:29:26Z,Walk,2025-04-18T14:31:11Z,-8.05398607,-34.95473326,114.0,43.0,1.7300000190734863
2025-04-18T14:29:26Z,Walk,2025-04-18T14:31:12Z,-8.05399539,-34.95470826,114.0,43.0,1.5499999523162842
2025-04-18T14:29:26Z,Walk,2025-04-18T14:31:13Z,-8.05401206,-34.95469226,113.0,43.0,1.7000000476837158
2025-04-18T14:29:26Z,Walk,2025-04-18T14:31:14Z,-8.05402838,-34.9546816,112.0,43.0,2.1700000762939453
2025-04-18T14:29:26Z,Walk,2025-04-18T14:31:15Z,-8.05404037,-34.95467161,112.0,43.0,2.4800000190734863
2025-04-18T14:29:26Z,Walk,2025-04-18T14:31:16Z,-8.0540477,-34.95466061,112.0,43.0,2.549999952316284
2025-04-18T14:29:26Z,Walk,2025-04-18T14:31:17Z,-8.0540497,-34.95465327,112.0,43.0,2.549999952316284
2025-04-18T14:29:26Z,Walk,2025-04-18T14:31:18Z,-8.05404437,-34.95464928,112.0,43.0,2.5899999141693115
2025-04-18T14:29:26Z,Walk,2025-04-18T14:31:19Z,-8.05403172,-34.95465294,113.0,43.0,2.5899999141693115
2025-04-18T14:29:26Z,Walk,2025-04-18T14:31:20Z,-8.05401606,-34.95466061,114.0,43.0,2.380000114440918
2025-04-18T14:29:26Z,Walk,2025-04-18T14:31:21Z,-8.05399739,-34.95467293,114.0,43.0,2.2300000190734863
2025-04-18T14:29:26Z,Walk,2025-04-18T14:31:22Z,-8.05397907,-34.95468759,115.0,43.0,2.2899999618530273
2025-04-18T14:29:26Z,Walk,2025-04-18T14:31:23Z,-8.05395974,-34.95470259,115.0,43.0,2.2899999618530273
2025-04-18T14:29:26Z,Walk,2025-04-18T14:31:24Z,-8.05394008,-34.95471324,115.0,43.0,2.2899999618530273
2025-04-18T14:29:26Z,Walk,2025-04-18T14:31:25Z,-8.05391976,-34.95471691,114.0,43.0,2.4600000381469727
2025-04-18T14:29:26Z,Walk,2025-04-18T14:31:26Z,-8.05390142,-34.9547179,114.0,43.0,2.759999990463257
2025-04-18T14:29:26Z,Walk,2025-04-18T14:31:27Z,-8.05388509,-34.95471424,115.0,43.0,2.799999952316284
2025-04-18T14:29:26Z,Walk,2025-04-18T14:31:28Z,-8.05387143,-34.95470924,115.0,43.0,2.7300000190734863
2025-04-18T14:29:26Z,Walk,2025-04-18T14:31:29Z,-8.05385678,-34.95470559,115.0,43.0,2.7300000190734863
2025-04-18T14:29:26Z,Walk,2025-04-18T14:31:30Z,-8.05384578,-34.95471124,119.0,43.0,2.7300000190734863
2025-04-18T14:29:26Z,Walk,2025-04-18T14:31:32Z,-8.05380344,-34.95475157,127.0,43.0,2.5399999618530273
2025-04-18T14:29:26Z,Walk,2025-04-18T14:31:33Z,-8.05380245,-34.95475222,128.0,43.0,2.3499999046325684
2025-04-18T14:29:26Z,Walk,2025-04-18T14:31:35Z,-8.0537918,-34.95479156,122.0,43.0,2.190000057220459
2025-04-18T14:29:26Z,Walk,2025-04-18T14:31:36Z,-8.05379013,-34.95480256,124.0,43.0,2.0399999618530273
2025-04-18T14:29:26Z,Walk,2025-04-18T14:31:37Z,-8.05379013,-34.95482722,118.0,43.0,1.9500000476837158
2025-04-18T14:29:26Z,Walk,2025-04-18T14:31:38Z,-8.05379246,-34.95485388,118.0,43.0,2.200000047683716
2025-04-18T14:29:26Z,Walk,2025-04-18T14:31:39Z,-8.05379745,-34.95487821,118.0,43.0,2.950000047683716
2025-04-18T14:29:26Z,Walk,2025-04-18T14:31:40Z,-8.05380712,-34.95489587,118.0,43.0,3.7300000190734863
2025-04-18T14:29:26Z,Walk,2025-04-18T14:31:41Z,-8.05381944,-34.95490787,118.0,43.0,3.890000104904175
2025-04-18T14:29:26Z,Walk,2025-04-18T14:31:42Z,-8.05383211,-34.95491819,118.0,43.0,3.890000104904175
2025-04-18T14:29:26Z,Walk,2025-04-18T14:31:43Z,-8.05384944,-34.95492919,120.0,43.0,3.700000047683716
2025-04-18T14:29:26Z,Walk,2025-04-18T14:31:44Z,-8.05386911,-34.95494453,120.0,43.0,3.5399999618530273
2025-04-18T14:29:26Z,Walk,2025-04-18T14:31:45Z,-8.05389177,-34.95495785,121.0,92.0,3.609999895095825
2025-04-18T14:29:26Z,Walk,2025-04-18T14:31:46Z,-8.05391676,-34.95496985,121.0,92.0,3.5899999141693115
2025-04-18T14:29:26Z,Walk,2025-04-18T14:31:47Z,-8.05394509,-34.95498251,121.0,91.0,3.380000114440918
2025-04-18T14:29:26Z,Walk,2025-04-18T14:31:48Z,-8.05397408,-34.95499416,121.0,91.0,3.380000114440918
2025-04-18T14:29:26Z,Walk,2025-04-18T14:31:49Z,-8.05400174,-34.95500516,122.0,91.0,3.240000009536743
2025-04-18T14:29:26Z,Walk,2025-04-18T14:31:50Z,-8.0540274,-34.9550155,122.0,91.0,3.1700000762939453
2025-04-18T14:29:26Z,Walk,2025-04-18T14:31:51Z,-8.05405173,-34.95502616,122.0,92.0,3.2699999809265137
2025-04-18T14:29:26Z,Walk,2025-04-18T14:31:52Z,-8.05407173,-34.95502782,122.0,92.0,3.309999942779541
2025-04-18T14:29:26Z,Walk,2025-04-18T14:31:53Z,-8.05408538,-34.95503381,124.0,92.0,3.309999942779541
2025-04-18T14:29:26Z,Walk,2025-04-18T14:31:54Z,-8.05409604,-34.95503413,124.0,92.0,3.309999942779541
2025-04-18T14:29:26Z,Walk,2025-04-18T14:31:55Z,-8.05410236,-34.95502614,125.0,92.0,3.309999942779541
2025-04-18T14:29:26Z,Walk,2025-04-18T14:31:56Z,-8.05410536,-34.95501648,125.0,91.0,3.2100000381469727
2025-04-18T14:29:26Z,Walk,2025-04-18T14:31:57Z,-8.05410802,-34.95500415,125.0,91.0,2.799999952316284
2025-04-18T14:29:26Z,Walk,2025-04-18T14:31:58Z,-8.05410969,-34.95499115,126.0,91.0,2.200000047683716
2025-04-18T14:29:26Z,Walk,2025-04-18T14:32:02Z,-8.05410169,-34.95494316,126.0,91.0,2.200000047683716
2025-04-18T14:29:26Z,Walk,2025-04-18T14:32:03Z,-8.05410269,-34.9549455,126.0,91.0,1.6299999952316284
2025-04-18T14:29:26Z,Walk,2025-04-18T14:32:04Z,-8.05410434,-34.95495115,126.0,91.0,1.3600000143051147
2025-04-18T14:29:26Z,Walk,2025-04-18T14:32:05Z,-8.05410667,-34.95496081,126.0,91.0,1.3600000143051147
2025-04-18T14:29:26Z,Walk,2025-04-18T14:32:07Z,-8.05410168,-34.95500313,125.0,91.0,1.340000033378601
2025-04-18T14:29:26Z,Walk,2025-04-18T14:32:08Z,-8.05410035,-34.95500048,125.0,91.0,1.3300000429153442
2025-04-18T14:29:26Z,Walk,2025-04-18T14:32:09Z,-8.05409502,-34.95499249,125.0,91.0,1.3200000524520874
2025-04-18T14:29:26Z,Walk,2025-04-18T14:32:10Z,-8.05408402,-34.95497816,125.0,91.0,1.340000033378601
2025-04-18T14:29:26Z,Walk,2025-04-18T14:32:11Z,-8.05407002,-34.9549525,125.0,91.0,1.3600000143051147
2025-04-18T14:29:26Z,Walk,2025-04-18T14:32:12Z,-8.0540537,-34.95492184,125.0,91.0,1.3600000143051147
2025-04-18T14:29:26Z,Walk,2025-04-18T14:32:13Z,-8.0540357,-34.95488951,125.0,91.0,1.4199999570846558
2025-04-18T14:29:26Z,Walk,2025-04-18T14:32:14Z,-8.05402271,-34.95485418,126.0,91.0,1.5800000429153442
2025-04-18T14:29:26Z,Walk,2025-04-18T14:32:15Z,-8.05401472,-34.95481852,126.0,91.0,2.0399999618530273
2025-04-18T14:29:26Z,Walk,2025-04-18T14:32:16Z,-8.05400872,-34.95478485,127.0,91.0,2.559999942779541
2025-04-18T14:29:26Z,Walk,2025-04-18T14:32:17Z,-8.05400706,-34.95475418,127.0,91.0,2.880000114440918
2025-04-18T14:29:26Z,Walk,2025-04-18T14:32:18Z,-8.05400673,-34.95472718,127.0,91.0,2.880000114440918
2025-04-18T14:29:26Z,Walk,2025-04-18T14:32:19Z,-8.05400906,-34.95470053,128.0,87.0,3.0299999713897705
2025-04-18T14:29:26Z,Walk,2025-04-18T14:32:20Z,-8.05400972,-34.95468554,128.0,89.0,3.0299999713897705
2025-04-18T14:29:26Z,Walk,2025-04-18T14:32:21Z,-8.05400873,-34.9546782,129.0,89.0,2.8499999046325684
2025-04-18T14:29:26Z,Walk,2025-04-18T14:32:22Z,-8.05400707,-34.95467755,130.0,89.0,2.5899999141693115
2025-04-18T14:29:26Z,Walk,2025-04-18T14:32:23Z,-8.05400408,-34.95468254,131.0,89.0,2.3299999237060547
2025-04-18T14:29:26Z,Walk,2025-04-18T14:32:24Z,-8.05400208,-34.95468887,131.0,89.0,2.3299999237060547
2025-04-18T14:29:26Z,Walk,2025-04-18T14:32:25Z,-8.05400041,-34.95469687,131.0,89.0,2.0
2025-04-18T14:29:26Z,Walk,2025-04-18T14:32:26Z,-8.05399709,-34.95470586,131.0,89.0,1.7100000381469727
2025-04-18T14:29:26Z,Walk,2025-04-18T14:32:27Z,-8.05398976,-34.95471218,132.0,89.0,1.5399999618530273
2025-04-18T14:29:26Z,Walk,2025-04-18T14:32:28Z,-8.05397842,-34.95472818,131.0,89.0,1.5099999904632568
2025-04-18T14:29:26Z,Walk,2025-04-18T14:32:29Z,-8.0539641,-34.95474684,131.0,93.0,1.5099999904632568
2025-04-18T14:29:26Z,Walk,2025-04-18T14:32:30Z,-8.0539481,-34.95476251,131.0,93.0,1.5099999904632568
2025-04-18T14:29:26Z,Walk,2025-04-18T14:32:31Z,-8.05393178,-34.95477351,132.0,93.0,1.5
2025-04-18T14:29:26Z,Walk,2025-04-18T14:32:32Z,-8.05391745,-34.9547825,132.0,93.0,1.690000057220459
2025-04-18T14:29:26Z,Walk,2025-04-18T14:32:33Z,-8.05390412,-34.95478983,132.0,93.0,2.009999990463257
2025-04-18T14:29:26Z,Walk,2025-04-18T14:32:34Z,-8.05389013,-34.95479915,131.0,93.0,2.180000066757202
2025-04-18T14:29:26Z,Walk,2025-04-18T14:32:35Z,-8.0538798,-34.95480682,131.0,93.0,2.25
2025-04-18T14:29:26Z,Walk,2025-04-18T14:32:36Z,-8.05387046,-34.95481614,131.0,93.0,2.25
2025-04-18T14:29:26Z,Walk,2025-04-18T14:32:37Z,-8.05386146,-34.95482148,131.0,93.0,2.259999990463257
2025-04-18T14:29:26Z,Walk,2025-04-18T14:32:38Z,-8.05385381,-34.95482681,132.0,93.0,2.1700000762939453
2025-04-18T14:29:26Z,Walk,2025-04-18T14:32:39Z,-8.05384515,-34.95482847,132.0,93.0,2.0199999809265137
2025-04-18T14:29:26Z,Walk,2025-04-18T14:32:40Z,-8.05383449,-34.95482614,132.0,93.0,1.899999976158142
2025-04-18T14:29:26Z,Walk,2025-04-18T14:32:41Z,-8.05382316,-34.95482248,132.0,93.0,1.7699999809265137
2025-04-18T14:29:26Z,Walk,2025-04-18T14:32:42Z,-8.05381084,-34.95481714,132.0,93.0,1.7699999809265137
2025-04-18T14:29:26Z,Walk,2025-04-18T14:32:43Z,-8.05379784,-34.95481015,132.0,93.0,1.659999966621399
2025-04-18T14:29:26Z,Walk,2025-04-18T14:32:44Z,-8.0537795,-34.95480015,132.0,93.0,1.6200000047683716
2025-04-18T14:29:26Z,Walk,2025-04-18T14:32:45Z,-8.05376151,-34.95478915,134.0,93.0,1.6200000047683716
2025-04-18T14:29:26Z,Walk,2025-04-18T14:32:46Z,-8.05373986,-34.95477883,135.0,93.0,1.6200000047683716
2025-04-18T14:29:26Z,Walk,2025-04-18T14:32:47Z,-8.05372119,-34.95476883,136.0,93.0,1.7300000190734863
2025-04-18T14:29:26Z,Walk,2025-04-18T14:32:48Z,-8.05370287,-34.95475816,136.0,93.0,1.7300000190734863
2025-04-18T14:29:26Z,Walk,2025-04-18T14:32:49Z,-8.05368388,-34.95474651,136.0,93.0,1.9600000381469727
2025-04-18T14:29:26Z,Walk,2025-04-18T14:32:50Z,-8.05367022,-34.95473618,134.0,93.0,2.2100000381469727
2025-04-18T14:29:26Z,Walk,2025-04-18T14:32:51Z,-8.05365855,-34.95472752,133.0,93.0,2.3399999141693115
2025-04-18T14:29:26Z,Walk,2025-04-18T14:32:52Z,-8.05365022,-34.95472319,133.0,93.0,2.3399999141693115
2025-04-18T14:29:26Z,Walk,2025-04-18T14:32:53Z,-8.0536449,-34.95472553,132.0,93.0,2.299999952316284
2025-04-18T14:29:26Z,Walk,2025-04-18T14:32:54Z,-8.05364156,-34.95473218,132.0,93.0,2.299999952316284
2025-04-18T14:29:26Z,Walk,2025-04-18T14:32:55Z,-8.05364057,-34.95474352,129.0,93.0,2.2200000286102295
2025-04-18T14:29:26Z,Walk,2025-04-18T14:32:56Z,-8.0536409,-34.95475752,126.0,93.0,2.0
2025-04-18T14:29:26Z,Walk,2025-04-18T14:32:57Z,-8.05364222,-34.95477251,125.0,93.0,1.7899999618530273
2025-04-18T14:29:26Z,Walk,2025-04-18T14:32:58Z,-8.05364422,-34.95478784,126.0,93.0,1.75
2025-04-18T14:29:26Z,Walk,2025-04-18T14:33:00Z,-8.05364788,-34.95480216,126.0,93.0,1.75
2025-04-18T14:29:26Z,Walk,2025-04-18T14:33:01Z,-8.0536502,-34.9548155,125.0,93.0,1.7400000095367432
2025-04-18T14:29:26Z,Walk,2025-04-18T14:33:02Z,-8.05365353,-34.95482282,126.0,93.0,1.7599999904632568
2025-04-18T14:29:26Z,Walk,2025-04-18T14:33:02Z,-8.05365719,-34.95481749,,,
2025-04-18T14:29:26Z,Walk,2025-04-18T14:33:03Z,-8.05366019,-34.9548025,126.0,93.0,1.7699999809265137
2025-04-18T14:29:26Z,Walk,2025-04-18T14:33:04Z,-8.05365852,-34.95477917,127.0,93.0,1.7899999618530273
2025-04-18T14:29:26Z,Walk,2025-04-18T14:33:05Z,-8.05364987,-34.95474818,127.0,93.0,1.9199999570846558
2025-04-18T14:29:26Z,Walk,2025-04-18T14:33:07Z,-8.05363887,-34.95471518,127.0,93.0,2.049999952316284
2025-04-18T14:29:26Z,Walk,2025-04-18T14:33:08Z,-8.05362454,-34.95468019,129.0,93.0,2.2300000190734863
2025-04-18T14:29:26Z,Walk,2025-04-18T14:33:09Z,-8.05360788,-34.95464453,129.0,93.0,2.2300000190734863
2025-04-18T14:29:26Z,Walk,2025-04-18T14:33:10Z,-8.05358655,-34.95460754,129.0,93.0,2.8299999237060547
2025-04-18T14:29:26Z,Walk,2025-04-18T14:33:10Z,-8.05356222,-34.95456887,129.0,91.0,3.549999952316284
2025-04-18T14:29:26Z,Walk,2025-04-18T14:33:11Z,-8.0535359,-34.95452987,129.0,90.0,4.210000038146973
2025-04-18T14:29:26Z,Walk,2025-04-18T14:33:12Z,-8.05350923,-34.95449188,129.0,91.0,4.670000076293945
2025-04-18T14:29:26Z,Walk,2025-04-18T14:33:14Z,-8.05348157,-34.95445421,130.0,91.0,5.0
2025-04-18T14:29:26Z,Walk,2025-04-18T14:33:15Z,-8.05345258,-34.95441722,130.0,91.0,5.0
2025-04-18T14:29:26Z,Walk,2025-04-18T14:33:16Z,-8.05342393,-34.95437923,130.0,91.0,5.400000095367432
2025-04-18T14:29:26Z,Walk,2025-04-18T14:33:17Z,-8.05339926,-34.95434323,130.0,91.0,5.739999771118164
2025-04-18T14:29:26Z,Walk,2025-04-18T14:33:18Z,-8.05338594,-34.95431158,131.0,91.0,5.880000114440918
2025-04-18T14:29:26Z,Walk,2025-04-18T14:33:19Z,-8.05338227,-34.95428424,130.0,91.0,5.840000152587891
2025-04-18T14:29:26Z,Walk,2025-04-18T14:33:20Z,-8.05338827,-34.95425924,,,
2025-04-18T14:29:26Z,Walk,2025-04-18T14:33:21Z,-8.0533936,-34.95423525,130.0,91.0,5.710000038146973
2025-04-18T14:29:26Z,Walk,2025-04-18T14:33:22Z,-8.05339794,-34.95421425,130.0,91.0,5.710000038146973
2025-04-18T14:29:26Z,Walk,2025-04-18T14:33:23Z,-8.05340193,-34.95419326,129.0,91.0,5.340000152587891
2025-04-18T14:29:26Z,Walk,2025-04-18T14:33:24Z,-8.05340393,-34.95417361,129.0,91.0,4.760000228881836
2025-04-18T14:29:26Z,Walk,2025-04-18T14:33:25Z,-8.05340593,-34.95415494,129.0,91.0,4.090000152587891
2025-04-18T14:29:26Z,Walk,2025-04-18T14:33:26Z,-8.05341493,-34.95414661,130.0,91.0,3.549999952316284
2025-04-18T14:29:26Z,Walk,2025-04-18T14:33:27Z,-8.05342393,-34.95413395,130.0,94.0,3.1500000953674316
2025-04-18T14:29:26Z,Walk,2025-04-18T14:33:28Z,-8.05343725,-34.95412062,131.0,94.0,2.809999942779541
2025-04-18T14:29:26Z,Walk,2025-04-18T14:33:29Z,-8.05345191,-34.95410596,131.0,94.0,2.809999942779541
2025-04-18T14:29:26Z,Walk,2025-04-18T14:33:30Z,-8.05346724,-34.95409196,131.0,94.0,2.4700000286102295
2025-04-18T14:29:26Z,Walk,2025-04-18T14:33:31Z,-8.05348124,-34.95407596,131.0,94.0,2.2799999713897705
2025-04-18T14:29:26Z,Walk,2025-04-18T14:33:32Z,-8.05349357,-34.95405963,,,
2025-04-18T14:29:26Z,Walk,2025-04-18T14:33:33Z,-8.05350556,-34.95404397,131.0,94.0,2.2200000286102295
2025-04-18T14:29:26Z,Walk,2025-04-18T14:33:33Z,-8.0535169,-34.9540283,131.0,94.0,2.2200000286102295
2025-04-18T14:29:26Z,Walk,2025-04-18T14:33:34Z,-8.05352822,-34.95401298,132.0,94.0,2.0999999046325684
2025-04-18T14:29:26Z,Walk,2025-04-18T14:33:36Z,-8.05354089,-34.95399765,131.0,94.0,2.0299999713897705
2025-04-18T14:29:26Z,Walk,2025-04-18T14:33:37Z,-8.05355322,-34.95398098,131.0,94.0,2.0199999809265137
2025-04-18T14:29:26Z,Walk,2025-04-18T14:33:38Z,-8.05356754,-34.95396532,131.0,94.0,2.069999933242798
2025-04-18T14:29:26Z,Walk,2025-04-18T14:33:39Z,-8.05358187,-34.95394966,131.0,91.0,2.109999895095825
2025-04-18T14:29:26Z,Walk,2025-04-18T14:33:40Z,-8.05359787,-34.953935,131.0,91.0,2.109999895095825
2025-04-18T14:29:26Z,Walk,2025-04-18T14:33:40Z,-8.05361819,-34.953924,131.0,91.0,2.109999895095825
2025-04-18T14:29:26Z,Walk,2025-04-18T14:33:41Z,-8.05364451,-34.953919,131.0,91.0,2.119999885559082
2025-04-18T14:29:26Z,Walk,2025-04-18T14:33:41Z,-8.05367418,-34.95391633,131.0,91.0,2.1600000858306885
2025-04-18T14:29:26Z,Walk,2025-04-18T14:33:43Z,-8.0537045,-34.95391534,131.0,91.0,2.2200000286102295
2025-04-18T14:29:26Z,Walk,2025-04-18T14:33:44Z,-8.05373683,-34.95391801,130.0,89.0,2.240000009536743
2025-04-18T14:29:26Z,Walk,2025-04-18T14:33:45Z,-8.05377183,-34.953924,130.0,89.0,2.240000009536743
2025-04-18T14:29:26Z,Walk,2025-04-18T14:33:46Z,-8.05381016,-34.95393467,129.0,89.0,2.2699999809265137
2025-04-18T14:29:26Z,Walk,2025-04-18T14:33:47Z,-8.05384982,-34.95394799,130.0,89.0,2.430000066757202
2025-04-18T14:29:26Z,Walk,2025-04-18T14:33:47Z,-8.05389414,-34.95396199,,,
2025-04-18T14:29:26Z,Walk,2025-04-18T14:33:48Z,-8.05394213,-34.95397599,132.0,89.0,2.619999885559082
2025-04-18T14:29:26Z,Walk,2025-04-18T14:33:49Z,-8.05399046,-34.95398666,132.0,89.0,2.799999952316284
2025-04-18T14:29:26Z,Walk,2025-04-18T14:33:51Z,-8.05403446,-34.95399099,132.0,89.0,2.799999952316284
2025-04-18T14:29:26Z,Walk,2025-04-18T14:33:52Z,-8.05407412,-34.95399231,132.0,91.0,3.0399999618530273
2025-04-18T14:29:26Z,Walk,2025-04-18T14:33:53Z,-8.05410979,-34.95399132,133.0,91.0,3.190000057220459
2025-04-18T14:29:26Z,Walk,2025-04-18T14:33:54Z,-8.05414111,-34.95399033,133.0,91.0,3.190000057220459
2025-04-18T14:29:26Z,Walk,2025-04-18T14:33:55Z,-8.05416544,-34.95398467,133.0,90.0,3.380000114440918
2025-04-18T14:29:26Z,Walk,2025-04-18T14:33:55Z,-8.05418644,-34.95397501,,,
2025-04-18T14:29:26Z,Walk,2025-04-18T14:33:57Z,-8.05420577,-34.95396002,133.0,90.0,3.380000114440918
2025-04-18T14:29:26Z,Walk,2025-04-18T14:33:58Z,-8.0542211,-34.95394435,133.0,92.0,3.309999942779541
2025-04-18T14:29:26Z,Walk,2025-04-18T14:33:59Z,-8.05423242,-34.95392535,133.0,92.0,3.0299999713897705
2025-04-18T14:29:26Z,Walk,2025-04-18T14:34:00Z,-8.05424409,-34.95390836,133.0,92.0,2.740000009536743
2025-04-18T14:29:26Z,Walk,2025-04-18T14:34:01Z,-8.05425375,-34.95389004,134.0,92.0,2.5899999141693115
2025-04-18T14:29:26Z,Walk,2025-04-18T14:34:01Z,-8.05426241,-34.95387305,134.0,92.0,2.5899999141693115
2025-04-18T14:29:26Z,Walk,2025-04-18T14:34:02Z,-8.05426974,-34.95385938,134.0,92.0,2.5899999141693115
2025-04-18T14:29:26Z,Walk,2025-04-18T14:34:04Z,-8.05427473,-34.95384773,134.0,92.0,2.5299999713897705
2025-04-18T14:29:26Z,Walk,2025-04-18T14:34:05Z,-8.05428006,-34.95384773,134.0,92.0,2.4600000381469727
2025-04-18T14:29:26Z,Walk,2025-04-18T14:34:06Z,-8.05428438,-34.95385238,134.0,92.0,2.2899999618530273
2025-04-18T14:29:26Z,Walk,2025-04-18T14:34:07Z,-8.05428838,-34.95385705,134.0,92.0,1.9800000190734863
2025-04-18T14:29:26Z,Walk,2025-04-18T14:34:08Z,-8.05429204,-34.95385905,134.0,92.0,1.6299999952316284
2025-04-18T14:29:26Z,Walk,2025-04-18T14:34:09Z,-8.0542957,-34.95385805,134.0,92.0,1.2899999618530273
2025-04-18T14:29:26Z,Walk,2025-04-18T14:34:09Z,-8.05429935,-34.95385439,,,
2025-04-18T14:29:26Z,Walk,2025-04-18T14:34:10Z,-8.05430335,-34.95384973,134.0,92.0,1.100000023841858
2025-04-18T14:29:26Z,Walk,2025-04-18T14:34:11Z,-8.05430769,-34.95384307,135.0,92.0,1.0099999904632568
2025-04-18T14:29:26Z,Walk,2025-04-18T14:34:13Z,-8.05430935,-34.95383341,135.0,92.0,0.9900000095367432
2025-04-18T14:29:26Z,Walk,2025-04-18T14:34:14Z,-8.05431068,-34.95382241,136.0,92.0,1.0
2025-04-18T14:29:26Z,Walk,2025-04-18T14:34:15Z,-8.05431134,-34.95381109,136.0,92.0,1.0
2025-04-18T14:29:26Z,Walk,2025-04-18T14:34:16Z,-8.054312,-34.95380109,136.0,92.0,1.0199999809265137
2025-04-18T14:29:26Z,Walk,2025-04-18T14:34:17Z,-8.054313,-34.95379009,,,
2025-04-18T14:29:26Z,Walk,2025-04-18T14:34:18Z,-8.05431233,-34.95377743,136.0,92.0,1.1200000047683716
2025-04-18T14:29:26Z,Walk,2025-04-18T14:34:18Z,-8.05431067,-34.95376477,136.0,92.0,1.1699999570846558
2025-04-18T14:29:26Z,Walk,2025-04-18T14:34:20Z,-8.05430801,-34.95375178,136.0,92.0,1.2000000476837158
2025-04-18T14:29:26Z,Walk,2025-04-18T14:34:21Z,-8.05430601,-34.95374078,136.0,92.0,1.2000000476837158
2025-04-18T14:29:26Z,Walk,2025-04-18T14:34:22Z,-8.05430435,-34.95373544,136.0,92.0,1.2699999809265137
2025-04-18T14:29:26Z,Walk,2025-04-18T14:34:23Z,-8.05430303,-34.95373411,136.0,92.0,1.3300000429153442
2025-04-18T14:29:26Z,Walk,2025-04-18T14:34:24Z,-8.05430203,-34.95373611,137.0,92.0,1.3200000524520874
2025-04-18T14:29:26Z,Walk,2025-04-18T14:34:25Z,-8.05430335,-34.95374011,138.0,92.0,1.3300000429153442
2025-04-18T14:29:26Z,Walk,2025-04-18T14:34:25Z,-8.05430769,-34.95374677,,,
2025-04-18T14:29:26Z,Walk,2025-04-18T14:34:27Z,-8.05431235,-34.95375542,138.0,92.0,1.3300000429153442
2025-04-18T14:29:26Z,Walk,2025-04-18T14:34:28Z,-8.05431734,-34.95376408,138.0,92.0,1.2699999809265137
2025-04-18T14:29:26Z,Walk,2025-04-18T14:34:28Z,-8.05432301,-34.95377307,138.0,92.0,1.2100000381469727
2025-04-18T14:29:26Z,Walk,2025-04-18T14:34:29Z,-8.05433367,-34.95378407,138.0,92.0,1.2100000381469727
2025-04-18T14:29:26Z,Walk,2025-04-18T14:34:31Z,-8.05434267,-34.95379674,138.0,92.0,1.2000000476837158
2025-04-18T14:29:26Z,Walk,2025-04-18T14:34:32Z,-8.05435167,-34.95380873,141.0,92.0,1.1200000047683716
2025-04-18T14:29:26Z,Walk,2025-04-18T14:34:33Z,-8.05436099,-34.95382105,141.0,92.0,1.0700000524520874
2025-04-18T14:29:26Z,Walk,2025-04-18T14:34:34Z,-8.05436499,-34.95382772,,,
2025-04-18T14:29:26Z,Walk,2025-04-18T14:34:35Z,-8.05436531,-34.95383305,141.0,92.0,1.0800000429153442
2025-04-18T14:29:26Z,Walk,2025-04-18T14:34:36Z,-8.05436965,-34.95384437,141.0,92.0,1.0800000429153442
2025-04-18T14:29:26Z,Walk,2025-04-18T14:34:37Z,-8.0543773,-34.95385703,141.0,92.0,1.100000023841858
2025-04-18T14:29:26Z,Walk,2025-04-18T14:34:38Z,-8.0543873,-34.95387103,141.0,92.0,1.1799999475479126
2025-04-18T14:29:26Z,Walk,2025-04-18T14:34:39Z,-8.05439896,-34.95388235,141.0,92.0,1.25
2025-04-18T14:29:26Z,Walk,2025-04-18T14:34:40Z,-8.05441028,-34.95389235,141.0,92.0,1.25
2025-04-18T14:29:26Z,Walk,2025-04-18T14:34:40Z,-8.05441928,-34.95390468,140.0,92.0,1.25
2025-04-18T14:29:26Z,Walk,2025-04-18T14:34:42Z,-8.05442594,-34.95391468,140.0,92.0,1.2799999713897705
2025-04-18T14:29:26Z,Walk,2025-04-18T14:34:43Z,-8.05442827,-34.953924,140.0,92.0,1.309999942779541
2025-04-18T14:29:26Z,Walk,2025-04-18T14:34:44Z,-8.05442993,-34.95393733,137.0,92.0,1.309999942779541
2025-04-18T14:29:26Z,Walk,2025-04-18T14:34:45Z,-8.05443026,-34.95394899,136.0,92.0,1.3600000143051147
2025-04-18T14:29:26Z,Walk,2025-04-18T14:34:46Z,-8.0544286,-34.95395932,136.0,92.0,1.3600000143051147
2025-04-18T14:29:26Z,Walk,2025-04-18T14:34:47Z,-8.05442026,-34.95397198,135.0,92.0,1.3600000143051147
2025-04-18T14:29:26Z,Walk,2025-04-18T14:34:48Z,-8.05440594,-34.95398697,135.0,92.0,1.3600000143051147
2025-04-18T14:29:26Z,Walk,2025-04-18T14:34:49Z,-8.05438627,-34.9540053,134.0,92.0,1.3600000143051147
2025-04-18T14:29:26Z,Walk,2025-04-18T14:34:50Z,-8.05436894,-34.9540243,134.0,92.0,1.3600000143051147
2025-04-18T14:29:26Z,Walk,2025-04-18T14:34:51Z,-8.05435494,-34.95404196,134.0,92.0,1.4700000286102295
2025-04-18T14:29:26Z,Walk,2025-04-18T14:34:52Z,-8.05433895,-34.95405395,134.0,92.0,1.4700000286102295
2025-04-18T14:29:26Z,Walk,2025-04-18T14:34:53Z,-8.05432128,-34.95405795,135.0,93.0,1.659999966621399
2025-04-18T14:29:26Z,Walk,2025-04-18T14:34:54Z,-8.05430328,-34.95405961,136.0,93.0,1.809999942779541
2025-04-18T14:29:26Z,Walk,2025-04-18T14:34:55Z,-8.05428529,-34.95405961,137.0,91.0,1.8700000047683716
2025-04-18T14:29:26Z,Walk,2025-04-18T14:34:55Z,-8.05426963,-34.95405862,,,
2025-04-18T14:29:26Z,Walk,2025-04-18T14:34:57Z,-8.05425129,-34.95405628,138.0,89.0,1.899999976158142
2025-04-18T14:29:26Z,Walk,2025-04-18T14:34:58Z,-8.05423064,-34.95405263,138.0,89.0,1.899999976158142
2025-04-18T14:29:26Z,Walk,2025-04-18T14:34:59Z,-8.0542083,-34.95404829,138.0,89.0,1.9900000095367432
2025-04-18T14:29:26Z,Walk,2025-04-18T14:35:00Z,-8.0541853,-34.95404164,137.0,90.0,2.049999952316284
2025-04-18T14:29:26Z,Walk,2025-04-18T14:35:01Z,-8.05416331,-34.9540363,139.0,90.0,2.200000047683716
2025-04-18T14:29:26Z,Walk,2025-04-18T14:35:02Z,-8.05414132,-34.95403097,139.0,90.0,2.200000047683716
2025-04-18T14:29:26Z,Walk,2025-04-18T14:35:02Z,-8.05411866,-34.95402498,139.0,90.0,2.5
2025-04-18T14:29:26Z,Walk,2025-04-18T14:35:04Z,-8.05409533,-34.95401899,,,
2025-04-18T14:29:26Z,Walk,2025-04-18T14:35:05Z,-8.054075,-34.95401366,139.0,90.0,2.690000057220459
2025-04-18T14:29:26Z,Walk,2025-04-18T14:35:06Z,-8.05405801,-34.95401099,140.0,90.0,2.75
2025-04-18T14:29:26Z,Walk,2025-04-18T14:35:07Z,-8.05404401,-34.95400767,140.0,90.0,2.75
2025-04-18T14:29:26Z,Walk,2025-04-18T14:35:08Z,-8.05403269,-34.954004,140.0,90.0,2.690000057220459
2025-04-18T14:29:26Z,Walk,2025-04-18T14:35:09Z,-8.05402403,-34.95399934,141.0,90.0,2.430000066757202
2025-04-18T14:29:26Z,Walk,2025-04-18T14:35:09Z,-8.05401471,-34.95399201,,,
2025-04-18T14:29:26Z,Walk,2025-04-18T14:35:11Z,-8.05400471,-34.95398368,141.0,90.0,2.0
2025-04-18T14:29:26Z,Walk,2025-04-18T14:35:11Z,-8.05399672,-34.95397868,141.0,90.0,1.559999942779541
2025-04-18T14:29:26Z,Walk,2025-04-18T14:35:13Z,-8.05398939,-34.95397735,141.0,90.0,1.25
2025-04-18T14:29:26Z,Walk,2025-04-18T14:35:14Z,-8.05397873,-34.95397602,141.0,90.0,1.0700000524520874
2025-04-18T14:29:26Z,Walk,2025-04-18T14:35:15Z,-8.05396607,-34.9539717,142.0,90.0,1.0099999904632568
2025-04-18T14:29:26Z,Walk,2025-04-18T14:35:16Z,-8.05395407,-34.95396636,142.0,90.0,1.0099999904632568
2025-04-18T14:29:26Z,Walk,2025-04-18T14:35:17Z,-8.05394408,-34.95395971,141.0,90.0,1.0499999523162842
2025-04-18T14:29:26Z,Walk,2025-04-18T14:35:17Z,-8.05393342,-34.95395037,141.0,90.0,1.0499999523162842
2025-04-18T14:29:26Z,Walk,2025-04-18T14:35:19Z,-8.05392309,-34.95393838,141.0,90.0,1.1299999952316284
2025-04-18T14:29:26Z,Walk,2025-04-18T14:35:20Z,-8.0539131,-34.95392505,142.0,90.0,1.2000000476837158
2025-04-18T14:29:26Z,Walk,2025-04-18T14:35:21Z,-8.05390543,-34.95391373,142.0,90.0,1.2899999618530273
2025-04-18T14:29:26Z,Walk,2025-04-18T14:35:22Z,-8.05390144,-34.95390474,142.0,90.0,1.2899999618530273
2025-04-18T14:29:26Z,Walk,2025-04-18T14:35:23Z,-8.05390277,-34.95390108,143.0,90.0,1.340000033378601
2025-04-18T14:29:26Z,Walk,2025-04-18T14:35:24Z,-8.0539051,-34.95389941,143.0,90.0,1.340000033378601
2025-04-18T14:29:26Z,Walk,2025-04-18T14:35:25Z,-8.05390876,-34.95389809,143.0,90.0,1.190000057220459
2025-04-18T14:29:26Z,Walk,2025-04-18T14:35:25Z,-8.05391241,-34.95389875,,,
2025-04-18T14:29:26Z,Walk,2025-04-18T14:35:26Z,-8.05391708,-34.95390174,143.0,90.0,0.9700000286102295
2025-04-18T14:29:26Z,Walk,2025-04-18T14:35:28Z,-8.05392174,-34.95390773,143.0,90.0,0.9700000286102295
2025-04-18T14:29:26Z,Walk,2025-04-18T14:35:29Z,-8.05392274,-34.95390939,142.0,90.0,0.7599999904632568
2025-04-18T14:29:26Z,Walk,2025-04-18T14:35:30Z,-8.05392241,-34.95390972,140.0,90.0,0.6000000238418579
2025-04-18T14:29:26Z,Walk,2025-04-18T14:35:32Z,-8.05393007,-34.95391837,140.0,90.0,0.5400000214576721
2025-04-18T14:29:26Z,Walk,2025-04-18T14:35:32Z,-8.05393307,-34.95391936,140.0,90.0,0.47999998927116394
2025-04-18T14:29:26Z,Walk,2025-04-18T14:35:34Z,-8.05394239,-34.95392403,140.0,90.0,0.47999998927116394
2025-04-18T14:29:26Z,Walk,2025-04-18T14:35:35Z,-8.05395139,-34.9539267,140.0,90.0,0.47999998927116394
2025-04-18T14:29:26Z,Walk,2025-04-18T14:35:36Z,-8.05395906,-34.95392735,140.0,90.0,0.5799999833106995
2025-04-18T14:29:26Z,Walk,2025-04-18T14:35:37Z,-8.05396405,-34.95392336,141.0,90.0,0.699999988079071
2025-04-18T14:29:26Z,Walk,2025-04-18T14:35:38Z,-8.05397204,-34.9539187,142.0,90.0,0.7799999713897705
2025-04-18T14:29:26Z,Walk,2025-04-18T14:35:39Z,-8.05398171,-34.95391471,142.0,90.0,0.7799999713897705
2025-04-18T14:29:26Z,Walk,2025-04-18T14:35:39Z,-8.05398871,-34.95391171,142.0,90.0,0.7799999713897705
2025-04-18T14:29:26Z,Walk,2025-04-18T14:35:40Z,-8.0539947,-34.95391038,142.0,90.0,0.8399999737739563
2025-04-18T14:29:26Z,Walk,2025-04-18T14:35:41Z,-8.0540017,-34.95391305,141.0,90.0,0.8999999761581421
2025-04-18T14:29:26Z,Walk,2025-04-18T14:35:43Z,-8.0540087,-34.95391738,141.0,90.0,0.8600000143051147
2025-04-18T14:29:26Z,Walk,2025-04-18T14:35:44Z,-8.05401302,-34.95392004,142.0,90.0,0.7599999904632568
2025-04-18T14:29:26Z,Walk,2025-04-18T14:35:45Z,-8.05401668,-34.95392104,143.0,90.0,0.6899999976158142
2025-04-18T14:29:26Z,Walk,2025-04-18T14:35:47Z,-8.05403668,-34.9539217,144.0,90.0,0.6299999952316284
2025-04-18T14:29:26Z,Walk,2025-04-18T14:35:47Z,-8.05404033,-34.9539237,,,
2025-04-18T14:29:26Z,Walk,2025-04-18T14:35:48Z,-8.05404967,-34.95392635,144.0,90.0,0.6200000047683716
2025-04-18T14:29:26Z,Walk,2025-04-18T14:35:50Z,-8.05406067,-34.95392701,144.0,90.0,0.699999988079071
2025-04-18T14:29:26Z,Walk,2025-04-18T14:35:50Z,-8.05407532,-34.95392568,,,
2025-04-18T14:29:26Z,Walk,2025-04-18T14:35:51Z,-8.05409332,-34.95392335,144.0,90.0,0.699999988079071
2025-04-18T14:29:26Z,Walk,2025-04-18T14:35:53Z,-8.05411031,-34.95392002,144.0,90.0,0.8100000023841858
2025-04-18T14:29:26Z,Walk,2025-04-18T14:35:55Z,-8.05413331,-34.95391169,144.0,90.0,1.0199999809265137
2025-04-18T14:29:26Z,Walk,2025-04-18T14:35:55Z,-8.05412898,-34.95390836,,,
2025-04-18T14:29:26Z,Walk,2025-04-18T14:35:56Z,-8.05412432,-34.95390303,144.0,90.0,1.059999942779541
2025-04-18T14:29:26Z,Walk,2025-04-18T14:35:58Z,-8.05412132,-34.95389837,144.0,90.0,1.059999942779541
2025-04-18T14:29:26Z,Walk,2025-04-18T14:35:59Z,-8.05412365,-34.95389505,144.0,90.0,1.1200000047683716
2025-04-18T14:29:26Z,Walk,2025-04-18T14:36:00Z,-8.05412765,-34.95389405,144.0,90.0,0.9900000095367432
2025-04-18T14:29:26Z,Walk,2025-04-18T14:36:01Z,-8.05413264,-34.95389471,144.0,90.0,0.5299999713897705
2025-04-18T14:29:26Z,Walk,2025-04-18T14:36:01Z,-8.0541383,-34.95389704,,,
2025-04-18T14:29:26Z,Walk,2025-04-18T14:36:02Z,-8.05414429,-34.95390003,145.0,90.0,0.5299999713897705
2025-04-18T14:29:26Z,Walk,2025-04-18T14:36:03Z,-8.05415196,-34.95390436,145.0,90.0,0.5299999713897705
2025-04-18T14:29:26Z,Walk,2025-04-18T14:36:05Z,-8.05416229,-34.95390936,146.0,90.0,0.5899999737739563
2025-04-18T14:29:26Z,Walk,2025-04-18T14:36:06Z,-8.05417496,-34.95391436,145.0,90.0,0.6100000143051147
2025-04-18T14:29:26Z,Walk,2025-04-18T14:36:07Z,-8.05418928,-34.95391835,146.0,90.0,0.7400000095367432
2025-04-18T14:29:26Z,Walk,2025-04-18T14:36:08Z,-8.05420262,-34.95392234,148.0,90.0,0.9399999976158142
2025-04-18T14:29:26Z,Walk,2025-04-18T14:36:09Z,-8.05421461,-34.95392567,147.0,90.0,1.159999966621399
2025-04-18T14:29:26Z,Walk,2025-04-18T14:36:09Z,-8.0542246,-34.95392767,,,
2025-04-18T14:29:26Z,Walk,2025-04-18T14:36:10Z,-8.05423225,-34.95392933,147.0,90.0,1.2799999713897705
2025-04-18T14:29:26Z,Walk,2025-04-18T14:36:12Z,-8.05424224,-34.95393467,148.0,90.0,1.2899999618530273
2025-04-18T14:29:26Z,Walk,2025-04-18T14:36:13Z,-8.05425091,-34.95393799,148.0,90.0,1.2899999618530273
2025-04-18T14:29:26Z,Walk,2025-04-18T14:36:15Z,-8.05427323,-34.95394498,148.0,90.0,1.2100000381469727
2025-04-18T14:29:26Z,Walk,2025-04-18T14:36:16Z,-8.0542759,-34.95394598,148.0,90.0,1.2100000381469727
2025-04-18T14:29:26Z,Walk,2025-04-18T14:36:17Z,-8.05428623,-34.95394897,145.0,90.0,0.8799999952316284
2025-04-18T14:29:26Z,Walk,2025-04-18T14:36:17Z,-8.05429822,-34.95395097,145.0,90.0,0.8799999952316284
2025-04-18T14:29:26Z,Walk,2025-04-18T14:36:19Z,-8.05430922,-34.95394997,144.0,90.0,0.8700000047683716
2025-04-18T14:29:26Z,Walk,2025-04-18T14:36:19Z,-8.05432088,-34.95394898,144.0,90.0,0.9399999976158142
2025-04-18T14:29:26Z,Walk,2025-04-18T14:36:21Z,-8.05433388,-34.95394765,145.0,90.0,1.0299999713897705
2025-04-18T14:29:26Z,Walk,2025-04-18T14:36:22Z,-8.05434354,-34.95394399,145.0,90.0,1.0299999713897705
2025-04-18T14:29:26Z,Walk,2025-04-18T14:36:23Z,-8.05435154,-34.95393666,146.0,90.0,1.149999976158142
2025-04-18T14:29:26Z,Walk,2025-04-18T14:36:24Z,-8.05435519,-34.95392566,147.0,90.0,1.309999942779541
2025-04-18T14:29:26Z,Walk,2025-04-18T14:36:25Z,-8.05436052,-34.953911,147.0,91.0,1.409999966621399
2025-04-18T14:29:26Z,Walk,2025-04-18T14:36:25Z,-8.05436518,-34.95389501,,,
2025-04-18T14:29:26Z,Walk,2025-04-18T14:36:26Z,-8.05437052,-34.95387802,146.0,91.0,1.4299999475479126
2025-04-18T14:29:26Z,Walk,2025-04-18T14:36:28Z,-8.05437584,-34.95386069,146.0,91.0,1.4299999475479126
2025-04-18T14:29:26Z,Walk,2025-04-18T14:36:29Z,-8.05438151,-34.9538417,147.0,91.0,1.4600000381469727
2025-04-18T14:29:26Z,Walk,2025-04-18T14:36:30Z,-8.05438617,-34.9538227,147.0,90.0,1.600000023841858
2025-04-18T14:29:26Z,Walk,2025-04-18T14:36:31Z,-8.05439051,-34.9538047,147.0,89.0,1.8200000524520874
2025-04-18T14:29:26Z,Walk,2025-04-18T14:36:32Z,-8.05439584,-34.95378671,149.0,89.0,2.0999999046325684
2025-04-18T14:29:26Z,Walk,2025-04-18T14:36:33Z,-8.0544005,-34.95376905,149.0,89.0,2.0999999046325684
2025-04-18T14:29:26Z,Walk,2025-04-18T14:36:34Z,-8.0544045,-34.95375473,150.0,89.0,2.119999885559082
2025-04-18T14:29:26Z,Walk,2025-04-18T14:36:35Z,-8.05440783,-34.9537404,150.0,89.0,2.119999885559082
2025-04-18T14:29:26Z,Walk,2025-04-18T14:36:36Z,-8.05440882,-34.95372608,150.0,88.0,2.119999885559082
2025-04-18T14:29:26Z,Walk,2025-04-18T14:36:37Z,-8.0544085,-34.95371108,150.0,88.0,2.109999895095825
2025-04-18T14:29:26Z,Walk,2025-04-18T14:36:38Z,-8.0544075,-34.95369376,151.0,88.0,2.0799999237060547
2025-04-18T14:29:26Z,Walk,2025-04-18T14:36:39Z,-8.05440217,-34.95367543,154.0,88.0,2.0399999618530273
2025-04-18T14:29:26Z,Walk,2025-04-18T14:36:39Z,-8.05439351,-34.95365743,154.0,88.0,2.0299999713897705
2025-04-18T14:29:26Z,Walk,2025-04-18T14:36:41Z,-8.05438352,-34.95364244,154.0,88.0,2.0299999713897705
2025-04-18T14:29:26Z,Walk,2025-04-18T14:36:42Z,-8.05437252,-34.95363112,154.0,88.0,2.0299999713897705
2025-04-18T14:29:26Z,Walk,2025-04-18T14:36:43Z,-8.05436186,-34.95362246,156.0,89.0,2.0
2025-04-18T14:29:26Z,Walk,2025-04-18T14:36:44Z,-8.0543512,-34.95361746,157.0,89.0,1.9700000286102295
2025-04-18T14:29:26Z,Walk,2025-04-18T14:36:45Z,-8.0543372,-34.95361481,158.0,88.0,1.9700000286102295
2025-04-18T14:29:26Z,Walk,2025-04-18T14:36:46Z,-8.05432088,-34.95361546,157.0,87.0,1.909999966621399
2025-04-18T14:29:26Z,Walk,2025-04-18T14:36:47Z,-8.05430189,-34.9536168,157.0,87.0,1.909999966621399
2025-04-18T14:29:26Z,Walk,2025-04-18T14:36:47Z,-8.05428222,-34.95361945,156.0,88.0,1.840000033378601
2025-04-18T14:29:26Z,Walk,2025-04-18T14:36:49Z,-8.05426157,-34.95362311,155.0,89.0,1.809999942779541
2025-04-18T14:29:26Z,Walk,2025-04-18T14:36:50Z,-8.05424258,-34.95362578,,,
2025-04-18T14:29:26Z,Walk,2025-04-18T14:36:51Z,-8.05422291,-34.9536271,155.0,89.0,1.809999942779541
2025-04-18T14:29:26Z,Walk,2025-04-18T14:36:52Z,-8.05420491,-34.95362743,155.0,89.0,1.850000023841858
2025-04-18T14:29:26Z,Walk,2025-04-18T14:36:53Z,-8.05419059,-34.95362776,155.0,89.0,1.850000023841858
2025-04-18T14:29:26Z,Walk,2025-04-18T14:36:54Z,-8.05417959,-34.95362642,155.0,89.0,1.899999976158142
2025-04-18T14:29:26Z,Walk,2025-04-18T14:36:55Z,-8.05417126,-34.95362477,,,
2025-04-18T14:29:26Z,Walk,2025-04-18T14:36:56Z,-8.0541666,-34.95362177,154.0,89.0,1.840000033378601
2025-04-18T14:29:26Z,Walk,2025-04-18T14:36:59Z,-8.05417325,-34.95360511,153.0,89.0,1.6299999952316284
2025-04-18T14:29:26Z,Walk,2025-04-18T14:37:01Z,-8.0541666,-34.95361677,151.0,89.0,1.2999999523162842
2025-04-18T14:29:26Z,Walk,2025-04-18T14:37:01Z,-8.05416226,-34.95361742,150.0,89.0,0.5600000023841858
2025-04-18T14:29:26Z,Walk,2025-04-18T14:37:03Z,-8.05415526,-34.95362041,150.0,89.0,0.0
2025-04-18T14:29:26Z,Walk,2025-04-18T14:37:04Z,-8.05415293,-34.9536244,150.0,89.0,0.0
2025-04-18T14:29:26Z,Walk,2025-04-18T14:37:05Z,-8.0541536,-34.95362674,150.0,89.0,0.0
2025-04-18T14:29:26Z,Walk,2025-04-18T14:37:06Z,-8.0541556,-34.95362575,150.0,89.0,0.0
2025-04-18T14:29:26Z,Walk,2025-04-18T14:37:07Z,-8.0541596,-34.95362209,150.0,89.0,0.0
2025-04-18T14:29:26Z,Walk,2025-04-18T14:37:08Z,-8.05416392,-34.95361876,150.0,89.0,0.0
2025-04-18T14:29:26Z,Walk,2025-04-18T14:37:09Z,-8.05417824,-34.95361177,150.0,89.0,0.0
2025-04-18T14:29:26Z,Walk,2025-04-18T14:37:10Z,-8.05417958,-34.95361242,150.0,89.0,0.0
2025-04-18T14:29:26Z,Walk,2025-04-18T14:37:12Z,-8.05418358,-34.95361376,150.0,89.0,0.0
2025-04-18T14:29:26Z,Walk,2025-04-18T14:37:13Z,-8.05419058,-34.95361608,150.0,89.0,0.0
2025-04-18T14:29:26Z,Walk,2025-04-18T14:37:14Z,-8.05419891,-34.95361875,150.0,89.0,0.0
2025-04-18T14:29:26Z,Walk,2025-04-18T14:37:15Z,-8.05420957,-34.9536214,150.0,89.0,0.3400000035762787
2025-04-18T14:29:26Z,Walk,2025-04-18T14:37:15Z,-8.05422322,-34.9536254,151.0,89.0,0.7200000286102295
2025-04-18T14:29:26Z,Walk,2025-04-18T14:37:17Z,-8.05423889,-34.95362906,151.0,89.0,0.8199999928474426
2025-04-18T14:29:26Z,Walk,2025-04-18T14:37:17Z,-8.05425788,-34.95363306,,,
2025-04-18T14:29:26Z,Walk,2025-04-18T14:37:18Z,-8.05427954,-34.95363705,150.0,89.0,1.0099999904632568
2025-04-18T14:29:26Z,Walk,2025-04-18T14:37:20Z,-8.0543032,-34.95364104,150.0,89.0,1.350000023841858
2025-04-18T14:29:26Z,Walk,2025-04-18T14:37:21Z,-8.05432886,-34.95364737,151.0,89.0,1.7200000286102295
2025-04-18T14:29:26Z,Walk,2025-04-18T14:37:22Z,-8.05435353,-34.9536537,151.0,89.0,2.049999952316284
2025-04-18T14:29:26Z,Walk,2025-04-18T14:37:23Z,-8.05437653,-34.95366069,151.0,89.0,2.049999952316284
2025-04-18T14:29:26Z,Walk,2025-04-18T14:37:24Z,-8.05440052,-34.95367002,151.0,89.0,2.3299999237060547
2025-04-18T14:29:26Z,Walk,2025-04-18T14:37:25Z,-8.05442217,-34.95368468,152.0,89.0,2.569999933242798
2025-04-18T14:29:26Z,Walk,2025-04-18T14:37:25Z,-8.05444051,-34.95370068,152.0,89.0,2.569999933242798
2025-04-18T14:29:26Z,Walk,2025-04-18T14:37:26Z,-8.05445484,-34.953718,151.0,89.0,2.509999990463257
2025-04-18T14:29:26Z,Walk,2025-04-18T14:37:28Z,-8.05446317,-34.95373266,151.0,89.0,2.430000066757202
2025-04-18T14:29:26Z,Walk,2025-04-18T14:37:29Z,-8.05446416,-34.95374366,151.0,89.0,2.430000066757202
2025-04-18T14:29:26Z,Walk,2025-04-18T14:37:30Z,-8.05445984,-34.95375132,151.0,89.0,2.430000066757202
2025-04-18T14:29:26Z,Walk,2025-04-18T14:37:31Z,-8.05445618,-34.95375665,151.0,89.0,1.899999976158142
2025-04-18T14:29:26Z,Walk,2025-04-18T14:37:31Z,-8.05445352,-34.9537593,151.0,89.0,1.899999976158142
2025-04-18T14:29:26Z,Walk,2025-04-18T14:37:35Z,-8.05444986,-34.95376664,152.0,89.0,1.4900000095367432
2025-04-18T14:29:26Z,Walk,2025-04-18T14:37:36Z,-8.0544492,-34.95376696,153.0,89.0,1.2200000286102295
2025-04-18T14:29:26Z,Walk,2025-04-18T14:37:37Z,-8.05444854,-34.95376664,153.0,89.0,0.9399999976158142
2025-04-18T14:29:26Z,Walk,2025-04-18T14:37:40Z,-8.05443988,-34.95375998,,,
2025-04-18T14:29:26Z,Walk,2025-04-18T14:37:45Z,-8.05444154,-34.95375998,153.0,89.0,0.36000001430511475
2025-04-18T14:29:26Z,Walk,2025-04-18T14:37:48Z,-8.05443988,-34.95375665,154.0,89.0,0.12999999523162842
2025-04-18T14:29:26Z,Walk,2025-04-18T14:37:50Z,-8.05444154,-34.95375831,154.0,89.0,0.0
2025-04-18T14:29:26Z,Walk,2025-04-18T14:37:51Z,-8.05444286,-34.95376065,154.0,89.0,0.0
2025-04-18T14:29:26Z,Walk,2025-04-18T14:37:52Z,-8.05444553,-34.95376565,154.0,89.0,0.0
2025-04-18T14:29:26Z,Walk,2025-04-18T14:37:53Z,-8.05444719,-34.9537733,154.0,89.0,0.0
2025-04-18T14:29:26Z,Walk,2025-04-18T14:37:54Z,-8.05444852,-34.9537823,154.0,89.0,0.0
2025-04-18T14:29:26Z,Walk,2025-04-18T14:37:55Z,-8.05444952,-34.95379063,152.0,89.0,0.0
2025-04-18T14:29:26Z,Walk,2025-04-18T14:37:56Z,-8.05444885,-34.95379963,152.0,89.0,0.0
2025-04-18T14:29:26Z,Walk,2025-04-18T14:37:56Z,-8.05444719,-34.95380995,152.0,89.0,0.0
2025-04-18T14:29:26Z,Walk,2025-04-18T14:37:57Z,-8.05444353,-34.95382262,148.0,89.0,0.5099999904632568
2025-04-18T14:29:26Z,Walk,2025-04-18T14:37:58Z,-8.05443786,-34.95383628,148.0,89.0,0.5099999904632568
2025-04-18T14:29:26Z,Walk,2025-04-18T14:37:59Z,-8.05443354,-34.95384995,147.0,89.0,1.0700000524520874
2025-04-18T14:29:26Z,Walk,2025-04-18T14:38:00Z,-8.05442954,-34.95386361,146.0,89.0,1.1200000047683716
2025-04-18T14:29:26Z,Walk,2025-04-18T14:38:01Z,-8.05442688,-34.95387827,145.0,70.0,1.2000000476837158
2025-04-18T14:29:26Z,Walk,2025-04-18T14:38:02Z,-8.05442556,-34.9538936,,,
2025-04-18T14:29:26Z,Walk,2025-04-18T14:38:03Z,-8.05442489,-34.95390859,144.0,70.0,1.3899999856948853
2025-04-18T14:29:26Z,Walk,2025-04-18T14:38:04Z,-8.05442357,-34.95392259,144.0,70.0,1.440000057220459
2025-04-18T14:29:26Z,Walk,2025-04-18T14:38:05Z,-8.05442223,-34.95393425,144.0,70.0,1.440000057220459
2025-04-18T14:29:26Z,Walk,2025-04-18T14:38:06Z,-8.05442058,-34.95394358,145.0,68.0,1.4700000286102295
2025-04-18T14:29:26Z,Walk,2025-04-18T14:38:07Z,-8.05441791,-34.95395124,146.0,69.0,1.4700000286102295
2025-04-18T14:29:26Z,Walk,2025-04-18T14:38:08Z,-8.05441425,-34.95395723,,,
2025-04-18T14:29:26Z,Walk,2025-04-18T14:38:09Z,-8.05440959,-34.95396456,146.0,70.0,1.2400000095367432
2025-04-18T14:29:26Z,Walk,2025-04-18T14:38:10Z,-8.05440093,-34.95397222,146.0,69.0,1.0700000524520874
2025-04-18T14:29:26Z,Walk,2025-04-18T14:38:11Z,-8.0543916,-34.95397956,146.0,69.0,1.0700000524520874
2025-04-18T14:29:26Z,Walk,2025-04-18T14:38:12Z,-8.05438361,-34.95398521,146.0,69.0,0.9800000190734863
2025-04-18T14:29:26Z,Walk,2025-04-18T14:38:13Z,-8.05437394,-34.95399088,147.0,69.0,0.9700000286102295
2025-04-18T14:29:26Z,Walk,2025-04-18T14:38:14Z,-8.05436662,-34.95399754,147.0,69.0,0.9599999785423279
2025-04-18T14:29:26Z,Walk,2025-04-18T14:38:15Z,-8.05435996,-34.95400319,147.0,69.0,0.9800000190734863
2025-04-18T14:29:26Z,Walk,2025-04-18T14:38:16Z,-8.05435463,-34.95400685,,,
2025-04-18T14:29:26Z,Walk,2025-04-18T14:38:17Z,-8.05434496,-34.95401985,145.0,69.0,0.9800000190734863
2025-04-18T14:29:26Z,Walk,2025-04-18T14:38:24Z,-8.05434662,-34.95401818,144.0,69.0,0.9800000190734863
2025-04-18T14:29:26Z,Walk,2025-04-18T14:38:27Z,-8.05434329,-34.95401653,142.0,69.0,0.9100000262260437
2025-04-18T14:29:26Z,Walk,2025-04-18T14:38:28Z,-8.0543423,-34.95401653,143.0,69.0,0.7200000286102295
2025-04-18T14:29:26Z,Walk,2025-04-18T14:38:38Z,-8.05434329,-34.95401818,142.0,69.0,0.30000001192092896
2025-04-18T14:29:26Z,Walk,2025-04-18T14:38:38Z,-8.05434529,-34.95401419,142.0,69.0,0.0
2025-04-18T14:29:26Z,Walk,2025-04-18T14:38:40Z,-8.05434895,-34.9540072,142.0,69.0,0.0
2025-04-18T14:29:26Z,Walk,2025-04-18T14:38:40Z,-8.05435527,-34.95399454,142.0,69.0,0.0
2025-04-18T14:29:26Z,Walk,2025-04-18T14:38:42Z,-8.05436161,-34.95397921,142.0,69.0,0.0
2025-04-18T14:29:26Z,Walk,2025-04-18T14:38:43Z,-8.0543676,-34.95396088,142.0,69.0,0.0
2025-04-18T14:29:26Z,Walk,2025-04-18T14:38:44Z,-8.05437259,-34.95394155,142.0,69.0,0.5400000214576721
2025-04-18T14:29:26Z,Walk,2025-04-18T14:38:45Z,-8.05437659,-34.95392022,141.0,69.0,1.3899999856948853
2025-04-18T14:29:26Z,Walk,2025-04-18T14:38:46Z,-8.05438091,-34.95390156,142.0,69.0,1.8899999856948853
2025-04-18T14:29:26Z,Walk,2025-04-18T14:38:46Z,-8.05438558,-34.95388289,,,
2025-04-18T14:29:26Z,Walk,2025-04-18T14:38:48Z,-8.05438891,-34.95386723,142.0,69.0,2.180000066757202
2025-04-18T14:29:26Z,Walk,2025-04-18T14:38:49Z,-8.05439357,-34.9538549,142.0,69.0,2.2899999618530273
2025-04-18T14:29:26Z,Walk,2025-04-18T14:38:50Z,-8.05439823,-34.95384324,141.0,69.0,2.2899999618530273
2025-04-18T14:29:26Z,Walk,2025-04-18T14:38:51Z,-8.05440223,-34.95383392,141.0,69.0,2.259999990463257
2025-04-18T14:29:26Z,Walk,2025-04-18T14:38:52Z,-8.05440522,-34.95382726,141.0,69.0,2.0799999237060547
2025-04-18T14:29:26Z,Walk,2025-04-18T14:38:52Z,-8.05440656,-34.95382193,141.0,69.0,2.0799999237060547
2025-04-18T14:29:26Z,Walk,2025-04-18T14:39:01Z,-8.05440489,-34.9538066,138.0,69.0,1.7699999809265137
2025-04-18T14:29:26Z,Walk,2025-04-18T14:39:03Z,-8.05440423,-34.95380561,136.0,69.0,1.409999966621399
2025-04-18T14:29:26Z,Walk,2025-04-18T14:39:04Z,-8.05440456,-34.95380427,134.0,69.0,1.0499999523162842
2025-04-18T14:29:26Z,Walk,2025-04-18T14:39:05Z,-8.05440555,-34.95380195,134.0,69.0,1.0499999523162842
2025-04-18T14:29:26Z,Walk,2025-04-18T14:39:06Z,-8.05440755,-34.95379695,134.0,69.0,0.699999988079071
2025-04-18T14:29:26Z,Walk,2025-04-18T14:39:07Z,-8.05440855,-34.95379096,134.0,69.0,0.25999999046325684
2025-04-18T14:29:26Z,Walk,2025-04-18T14:39:08Z,-8.05440788,-34.95378196,134.0,69.0,0.0
2025-04-18T14:29:26Z,Walk,2025-04-18T14:39:09Z,-8.05440622,-34.9537723,134.0,69.0,0.0
2025-04-18T14:29:26Z,Walk,2025-04-18T14:39:10Z,-8.05440422,-34.95376298,,,
2025-04-18T14:29:26Z,Walk,2025-04-18T14:39:11Z,-8.05440256,-34.95375166,134.0,69.0,0.44999998807907104
2025-04-18T14:29:26Z,Walk,2025-04-18T14:39:12Z,-8.05440289,-34.95374,134.0,69.0,0.44999998807907104
2025-04-18T14:29:26Z,Walk,2025-04-18T14:39:13Z,-8.05440455,-34.953729,135.0,69.0,0.9900000095367432
2025-04-18T14:29:26Z,Walk,2025-04-18T14:39:14Z,-8.05440855,-34.953719,136.0,67.0,1.1399999856948853
2025-04-18T14:29:26Z,Walk,2025-04-18T14:39:15Z,-8.05441387,-34.95371001,137.0,67.0,1.2100000381469727
2025-04-18T14:29:26Z,Walk,2025-04-18T14:39:16Z,-8.05441886,-34.95369968,137.0,69.0,1.2000000476837158
2025-04-18T14:29:26Z,Walk,2025-04-18T14:39:17Z,-8.05442353,-34.95369102,137.0,69.0,1.1799999475479126
2025-04-18T14:29:26Z,Walk,2025-04-18T14:39:18Z,-8.05442819,-34.95368602,137.0,69.0,1.1799999475479126
2025-04-18T14:29:26Z,Walk,2025-04-18T14:39:19Z,-8.05443052,-34.95368403,136.0,69.0,1.190000057220459
2025-04-18T14:29:26Z,Walk,2025-04-18T14:39:20Z,-8.05442952,-34.95368502,136.0,69.0,1.190000057220459
2025-04-18T14:29:26Z,Walk,2025-04-18T14:39:21Z,-8.05442686,-34.95368769,135.0,69.0,1.159999966621399
2025-04-18T14:29:26Z,Walk,2025-04-18T14:39:22Z,-8.05442353,-34.95369334,135.0,69.0,1.0700000524520874
2025-04-18T14:29:26Z,Walk,2025-04-18T14:39:23Z,-8.05441886,-34.953702,135.0,69.0,0.9800000190734863
2025-04-18T14:29:26Z,Walk,2025-04-18T14:39:24Z,-8.05441487,-34.95371399,135.0,69.0,0.9399999976158142
2025-04-18T14:29:26Z,Walk,2025-04-18T14:39:24Z,-8.05441254,-34.95372899,,,
2025-04-18T14:29:26Z,Walk,2025-04-18T14:39:26Z,-8.05441121,-34.95374665,135.0,69.0,0.9399999976158142
2025-04-18T14:29:26Z,Walk,2025-04-18T14:39:27Z,-8.05441021,-34.9537663,136.0,69.0,1.1699999570846558
2025-04-18T14:29:26Z,Walk,2025-04-18T14:39:27Z,-8.05440889,-34.95378864,136.0,69.0,1.1699999570846558
2025-04-18T14:29:26Z,Walk,2025-04-18T14:39:28Z,-8.05440757,-34.95380829,137.0,69.0,1.4800000190734863
2025-04-18T14:29:26Z,Walk,2025-04-18T14:39:29Z,-8.05440323,-34.95382528,137.0,69.0,1.4800000190734863
2025-04-18T14:29:26Z,Walk,2025-04-18T14:39:30Z,-8.05439623,-34.95383928,137.0,69.0,1.7899999618530273
2025-04-18T14:29:26Z,Walk,2025-04-18T14:39:31Z,-8.05438923,-34.95385028,137.0,69.0,1.850000023841858
2025-04-18T14:29:26Z,Walk,2025-04-18T14:39:33Z,-8.05438324,-34.95385894,138.0,69.0,1.7699999809265137
2025-04-18T14:29:26Z,Walk,2025-04-18T14:39:34Z,-8.05437825,-34.9538636,138.0,69.0,1.7699999809265137
2025-04-18T14:29:26Z,Walk,2025-04-18T14:39:34Z,-8.05437459,-34.95386625,138.0,69.0,1.649999976158142
2025-04-18T14:29:26Z,Walk,2025-04-18T14:39:39Z,-8.05436493,-34.95386992,138.0,69.0,1.340000033378601
2025-04-18T14:29:26Z,Walk,2025-04-18T14:39:40Z,-8.05436326,-34.95387058,139.0,69.0,1.0399999618530273
2025-04-18T14:29:26Z,Walk,2025-04-18T14:39:40Z,-8.05436127,-34.9538709,139.0,69.0,0.75
2025-04-18T14:29:26Z,Walk,2025-04-18T14:39:42Z,-8.05435861,-34.95387156,139.0,69.0,0.75
2025-04-18T14:29:26Z,Walk,2025-04-18T14:39:43Z,-8.05435728,-34.95387156,139.0,69.0,0.44999998807907104
2025-04-18T14:29:26Z,Walk,2025-04-18T14:39:45Z,-8.05435663,-34.9538649,139.0,69.0,0.27000001072883606
2025-04-18T14:29:26Z,Walk,2025-04-18T14:39:55Z,-8.05435828,-34.95387156,138.0,69.0,0.23999999463558197
2025-04-18T14:29:26Z,Walk,2025-04-18T14:39:56Z,-8.05436128,-34.95387589,139.0,69.0,0.11999999731779099
2025-04-18T14:29:26Z,Walk,2025-04-18T14:39:57Z,-8.05436561,-34.95388455,141.0,69.0,0.0
2025-04-18T14:29:26Z,Walk,2025-04-18T14:39:58Z,-8.05436894,-34.9538962,142.0,69.0,0.0
2025-04-18T14:29:26Z,Walk,2025-04-18T14:39:58Z,-8.05436927,-34.95390853,143.0,69.0,0.23000000417232513
2025-04-18T14:29:26Z,Walk,2025-04-18T14:40:00Z,-8.05436795,-34.95391953,143.0,69.0,0.6399999856948853
2025-04-18T14:29:26Z,Walk,2025-04-18T14:40:00Z,-8.05436629,-34.95392986,,,
2025-04-18T14:29:26Z,Walk,2025-04-18T14:40:03Z,-8.05436497,-34.95395818,143.0,69.0,0.9399999976158142
2025-04-18T14:29:26Z,Walk,2025-04-18T14:40:04Z,-8.05436563,-34.95395952,141.0,69.0,1.100000023841858
2025-04-18T14:29:26Z,Walk,2025-04-18T14:40:05Z,-8.05436596,-34.95396017,141.0,69.0,1.1299999952316284
2025-04-18T14:29:26Z,Walk,2025-04-18T14:40:06Z,-8.05436663,-34.95395952,141.0,69.0,1.1299999952316284
2025-04-18T14:29:26Z,Walk,2025-04-18T14:40:07Z,-8.05436762,-34.95395852,140.0,69.0,1.1299999952316284
2025-04-18T14:29:26Z,Walk,2025-04-18T14:40:08Z,-8.05436762,-34.95395618,,,
2025-04-18T14:29:26Z,Walk,2025-04-18T14:40:09Z,-8.05436828,-34.95395419,140.0,69.0,0.6499999761581421
2025-04-18T14:29:26Z,Walk,2025-04-18T14:40:09Z,-8.05436894,-34.95395154,140.0,69.0,0.4300000071525574
2025-04-18T14:29:26Z,Walk,2025-04-18T14:40:10Z,-8.05436927,-34.95394887,140.0,69.0,0.3400000035762787
2025-04-18T14:29:26Z,Walk,2025-04-18T14:40:13Z,-8.05436828,-34.9539432,139.0,69.0,0.3400000035762787
2025-04-18T14:29:26Z,Walk,2025-04-18T14:40:14Z,-8.05436762,-34.9539452,139.0,69.0,0.17000000178813934
2025-04-18T14:29:26Z,Walk,2025-04-18T14:40:15Z,-8.05436795,-34.95394753,137.0,69.0,0.0
2025-04-18T14:29:26Z,Walk,2025-04-18T14:40:34Z,-8.05436828,-34.95395819,134.0,69.0,0.0
2025-04-18T14:29:26Z,Walk,2025-04-18T14:40:35Z,-8.05436828,-34.95395885,135.0,69.0,0.0
2025-04-18T14:29:26Z,Walk,2025-04-18T14:40:36Z,-8.05436894,-34.95395918,136.0,69.0,0.0
2025-04-18T14:29:26Z,Walk,2025-04-18T14:40:37Z,-8.05437127,-34.95395318,136.0,69.0,0.0
2025-04-18T14:29:26Z,Walk,2025-04-18T14:40:38Z,-8.0543726,-34.95394253,136.0,69.0,0.17000000178813934
2025-04-18T14:29:26Z,Walk,2025-04-18T14:40:38Z,-8.0543726,-34.95393086,,,
2025-04-18T14:29:26Z,Walk,2025-04-18T14:40:40Z,-8.05437293,-34.9539202,136.0,69.0,0.4399999976158142
2025-04-18T14:29:26Z,Walk,2025-04-18T14:40:41Z,-8.0543756,-34.95390754,136.0,69.0,0.7099999785423279
2025-04-18T14:29:26Z,Walk,2025-04-18T14:40:42Z,-8.05438125,-34.95389188,135.0,69.0,1.059999942779541
2025-04-18T14:29:26Z,Walk,2025-04-18T14:40:43Z,-8.05438791,-34.95387688,135.0,69.0,1.059999942779541
2025-04-18T14:29:26Z,Walk,2025-04-18T14:40:44Z,-8.05439491,-34.95386089,135.0,91.0,1.3799999952316284
2025-04-18T14:29:26Z,Walk,2025-04-18T14:40:45Z,-8.05440091,-34.95384289,134.0,91.0,1.559999942779541
2025-04-18T14:29:26Z,Walk,2025-04-18T14:40:46Z,-8.05440424,-34.95382622,135.0,89.0,1.7599999904632568
2025-04-18T14:29:26Z,Walk,2025-04-18T14:40:46Z,-8.05440391,-34.95381023,135.0,89.0,1.7599999904632568
2025-04-18T14:29:26Z,Walk,2025-04-18T14:40:47Z,-8.05440159,-34.9537949,135.0,88.0,1.7999999523162842
2025-04-18T14:29:26Z,Walk,2025-04-18T14:40:49Z,-8.05439825,-34.95378123,135.0,88.0,1.7999999523162842
2025-04-18T14:29:26Z,Walk,2025-04-18T14:40:50Z,-8.05439326,-34.95376858,135.0,88.0,1.8200000524520874
2025-04-18T14:29:26Z,Walk,2025-04-18T14:40:51Z,-8.0543866,-34.95375924,135.0,88.0,1.8200000524520874
2025-04-18T14:29:26Z,Walk,2025-04-18T14:40:51Z,-8.05437794,-34.95375159,135.0,88.0,1.7599999904632568
2025-04-18T14:29:26Z,Walk,2025-04-18T14:40:52Z,-8.05436862,-34.95374492,135.0,88.0,1.659999966621399
2025-04-18T14:29:26Z,Walk,2025-04-18T14:40:53Z,-8.05436129,-34.95373993,135.0,88.0,1.5700000524520874
2025-04-18T14:29:26Z,Walk,2025-04-18T14:40:55Z,-8.05435596,-34.95373626,135.0,88.0,1.4199999570846558
2025-04-18T14:29:26Z,Walk,2025-04-18T14:40:56Z,-8.0543523,-34.95373461,135.0,88.0,1.4199999570846558
2025-04-18T14:29:26Z,Walk,2025-04-18T14:40:57Z,-8.0543503,-34.95373428,135.0,88.0,1.2899999618530273
2025-04-18T14:29:26Z,Walk,2025-04-18T14:40:59Z,-8.05434497,-34.95372995,135.0,88.0,1.159999966621399
2025-04-18T14:29:26Z,Walk,2025-04-18T14:41:04Z,-8.05434497,-34.95372828,144.0,88.0,0.9399999976158142
2025-04-18T14:29:26Z,Walk,2025-04-18T14:41:16Z,-8.05434996,-34.95373162,137.0,88.0,0.4099999964237213
2025-04-18T14:29:26Z,Walk,2025-04-18T14:41:18Z,-8.05435429,-34.95373394,136.0,88.0,0.0
2025-04-18T14:29:26Z,Walk,2025-04-18T14:41:19Z,-8.05436129,-34.95373894,136.0,88.0,0.0
2025-04-18T14:29:26Z,Walk,2025-04-18T14:41:20Z,-8.05436895,-34.95374661,135.0,91.0,0.0
2025-04-18T14:29:26Z,Walk,2025-04-18T14:41:21Z,-8.05437728,-34.9537556,135.0,90.0,0.0
2025-04-18T14:29:26Z,Walk,2025-04-18T14:41:22Z,-8.05438461,-34.95376593,136.0,90.0,0.0
2025-04-18T14:29:26Z,Walk,2025-04-18T14:41:23Z,-8.05439127,-34.95377825,136.0,90.0,0.49000000953674316
2025-04-18T14:29:26Z,Walk,2025-04-18T14:41:24Z,-8.05439794,-34.95379291,,,
2025-04-18T14:29:26Z,Walk,2025-04-18T14:41:25Z,-8.05440326,-34.95380824,137.0,90.0,1.1200000047683716
2025-04-18T14:29:26Z,Walk,2025-04-18T14:41:26Z,-8.0544076,-34.95382224,137.0,90.0,1.2799999713897705
2025-04-18T14:29:26Z,Walk,2025-04-18T14:41:27Z,-8.05440993,-34.95383291,138.0,90.0,1.3300000429153442
2025-04-18T14:29:26Z,Walk,2025-04-18T14:41:28Z,-8.05440926,-34.95384057,138.0,90.0,1.3600000143051147
2025-04-18T14:29:26Z,Walk,2025-04-18T14:41:29Z,-8.05440794,-34.95384622,138.0,90.0,1.3600000143051147
2025-04-18T14:29:26Z,Walk,2025-04-18T14:41:30Z,-8.05440461,-34.95385022,138.0,90.0,1.309999942779541
2025-04-18T14:29:26Z,Walk,2025-04-18T14:41:31Z,-8.05440095,-34.95385289,,,
2025-04-18T14:29:26Z,Walk,2025-04-18T14:41:33Z,-8.05438995,-34.95385655,138.0,90.0,1.1399999856948853
2025-04-18T14:29:26Z,Walk,2025-04-18T14:41:37Z,-8.05438829,-34.95385821,138.0,90.0,0.8299999833106995
2025-04-18T14:29:26Z,Walk,2025-04-18T14:41:38Z,-8.05438764,-34.95385854,138.0,90.0,0.8299999833106995
2025-04-18T14:29:26Z,Walk,2025-04-18T14:41:38Z,-8.05438697,-34.95385821,138.0,90.0,0.5600000023841858
2025-04-18T14:29:26Z,Walk,2025-04-18T14:41:40Z,-8.0543843,-34.95385887,138.0,90.0,0.49000000953674316
2025-04-18T14:29:26Z,Walk,2025-04-18T14:41:44Z,-8.05437665,-34.95385821,137.0,90.0,0.23999999463558197
2025-04-18T14:29:26Z,Walk,2025-04-18T14:41:46Z,-8.05437598,-34.95385755,137.0,90.0,0.0
2025-04-18T14:29:26Z,Walk,2025-04-18T14:41:50Z,-8.05438165,-34.95385156,137.0,90.0,0.0
2025-04-18T14:29:26Z,Walk,2025-04-18T14:41:51Z,-8.05438098,-34.95385057,138.0,90.0,0.0
2025-04-18T14:29:26Z,Walk,2025-04-18T14:41:52Z,-8.05438066,-34.95384758,138.0,90.0,0.0
2025-04-18T14:29:26Z,Walk,2025-04-18T14:41:53Z,-8.05438033,-34.95384391,138.0,90.0,0.0
2025-04-18T14:29:26Z,Walk,2025-04-18T14:42:00Z,-8.05438,-34.95383492,138.0,90.0,0.0
2025-04-18T14:29:26Z,Walk,2025-04-18T14:42:01Z,-8.05438067,-34.95383225,138.0,90.0,0.0
2025-04-18T14:29:26Z,Walk,2025-04-18T14:42:02Z,-8.05438267,-34.9538266,138.0,90.0,0.0
2025-04-18T14:29:26Z,Walk,2025-04-18T14:42:04Z,-8.05438666,-34.95381727,138.0,90.0,0.0
2025-04-18T14:29:26Z,Walk,2025-04-18T14:42:05Z,-8.05439132,-34.95380627,138.0,90.0,0.0
2025-04-18T14:29:26Z,Walk,2025-04-18T14:42:06Z,-8.05439631,-34.95379628,139.0,90.0,0.0
2025-04-18T14:29:26Z,Walk,2025-04-18T14:42:07Z,-8.05440065,-34.95378428,138.0,90.0,0.0
2025-04-18T14:29:26Z,Walk,2025-04-18T14:42:08Z,-8.05440364,-34.95377129,138.0,90.0,0.0
2025-04-18T14:29:26Z,Walk,2025-04-18T14:42:08Z,-8.05440131,-34.95375563,138.0,90.0,0.0
2025-04-18T14:29:26Z,Walk,2025-04-18T14:42:10Z,-8.05439466,-34.95373896,138.0,89.0,0.550000011920929
2025-04-18T14:29:26Z,Walk,2025-04-18T14:42:11Z,-8.05438666,-34.95372397,138.0,89.0,1.1399999856948853
2025-04-18T14:29:26Z,Walk,2025-04-18T14:42:11Z,-8.05437732,-34.95371097,139.0,89.0,1.25
2025-04-18T14:29:26Z,Walk,2025-04-18T14:42:12Z,-8.05436667,-34.95370098,140.0,89.0,1.4199999570846558
2025-04-18T14:29:26Z,Walk,2025-04-18T14:42:13Z,-8.054355,-34.95369331,140.0,89.0,1.4199999570846558
2025-04-18T14:29:26Z,Walk,2025-04-18T14:42:14Z,-8.05434667,-34.95368732,140.0,89.0,1.5299999713897705
2025-04-18T14:29:26Z,Walk,2025-04-18T14:42:15Z,-8.05433001,-34.95366666,141.0,89.0,1.5700000524520874
2025-04-18T14:29:26Z,Walk,2025-04-18T14:42:17Z,-8.05432901,-34.953666,141.0,89.0,1.5700000524520874
2025-04-18T14:29:26Z,Walk,2025-04-18T14:42:18Z,-8.05432769,-34.95366301,141.0,89.0,1.4600000381469727
2025-04-18T14:29:26Z,Walk,2025-04-18T14:42:19Z,-8.05432636,-34.95365734,141.0,89.0,1.4600000381469727
2025-04-18T14:29:26Z,Walk,2025-04-18T14:42:20Z,-8.05432703,-34.95365169,141.0,89.0,1.25
2025-04-18T14:29:26Z,Walk,2025-04-18T14:42:21Z,-8.05433102,-34.95364836,141.0,89.0,1.0399999618530273
2025-04-18T14:29:26Z,Walk,2025-04-18T14:42:22Z,-8.05433902,-34.95364771,141.0,89.0,0.8600000143051147
2025-04-18T14:29:26Z,Walk,2025-04-18T14:42:23Z,-8.05434801,-34.95364738,140.0,89.0,0.8100000023841858
2025-04-18T14:29:26Z,Walk,2025-04-18T14:42:24Z,-8.05435734,-34.95364837,140.0,89.0,0.8199999928474426
2025-04-18T14:29:26Z,Walk,2025-04-18T14:42:25Z,-8.05436634,-34.9536497,140.0,89.0,0.8199999928474426
2025-04-18T14:29:26Z,Walk,2025-04-18T14:42:26Z,-8.05437633,-34.95365303,140.0,89.0,0.8199999928474426
2025-04-18T14:29:26Z,Walk,2025-04-18T14:42:27Z,-8.05438733,-34.95365802,140.0,89.0,0.8500000238418579
2025-04-18T14:29:26Z,Walk,2025-04-18T14:42:28Z,-8.05439532,-34.95366302,140.0,89.0,0.8999999761581421
2025-04-18T14:29:26Z,Walk,2025-04-18T14:42:29Z,-8.05440065,-34.95366735,139.0,89.0,0.9200000166893005
2025-04-18T14:29:26Z,Walk,2025-04-18T14:42:29Z,-8.05440465,-34.95367434,138.0,89.0,0.9100000262260437
2025-04-18T14:29:26Z,Walk,2025-04-18T14:42:31Z,-8.0544073,-34.95368168,138.0,89.0,0.9100000262260437
2025-04-18T14:29:26Z,Walk,2025-04-18T14:42:32Z,-8.0544093,-34.95369033,138.0,89.0,0.9100000262260437
2025-04-18T14:29:26Z,Walk,2025-04-18T14:42:33Z,-8.05441163,-34.95370067,138.0,89.0,0.9200000166893005
2025-04-18T14:29:26Z,Walk,2025-04-18T14:42:34Z,-8.05441363,-34.95371132,137.0,89.0,0.949999988079071
2025-04-18T14:29:26Z,Walk,2025-04-18T14:42:35Z,-8.05441528,-34.95371998,138.0,89.0,0.949999988079071
2025-04-18T14:29:26Z,Walk,2025-04-18T14:42:36Z,-8.05441828,-34.95372864,138.0,89.0,0.9300000071525574
2025-04-18T14:29:26Z,Walk,2025-04-18T14:42:37Z,-8.05442027,-34.95373564,138.0,89.0,0.9100000262260437
2025-04-18T14:29:26Z,Walk,2025-04-18T14:42:37Z,-8.05442127,-34.95374129,138.0,89.0,0.9100000262260437
2025-04-18T14:29:26Z,Walk,2025-04-18T14:42:46Z,-8.05442493,-34.95375828,138.0,89.0,0.9100000262260437
2025-04-18T14:29:26Z,Walk,2025-04-18T14:42:47Z,-8.05442426,-34.95375861,138.0,89.0,0.44999998807907104
2025-04-18T14:29:26Z,Walk,2025-04-18T14:42:49Z,-8.05442161,-34.9537616,138.0,89.0,0.0
2025-04-18T14:29:26Z,Walk,2025-04-18T14:42:51Z,-8.05441995,-34.95376326,137.0,89.0,0.0
2025-04-18T14:29:26Z,Walk,2025-04-18T14:42:53Z,-8.05441829,-34.95375994,128.0,89.0,0.0
2025-04-18T14:29:26Z,Walk,2025-04-18T14:42:54Z,-8.05441763,-34.95375894,128.0,89.0,0.0
2025-04-18T14:29:26Z,Walk,2025-04-18T14:42:57Z,-8.05441497,-34.95375994,125.0,89.0,0.0
2025-04-18T14:29:26Z,Walk,2025-04-18T14:42:59Z,-8.0544133,-34.9537616,123.0,89.0,0.0
2025-04-18T14:29:26Z,Walk,2025-04-18T14:43:00Z,-8.0544133,-34.9537666,123.0,89.0,0.0
2025-04-18T14:29:26Z,Walk,2025-04-18T14:43:02Z,-8.05441265,-34.95376594,123.0,89.0,0.0
2025-04-18T14:29:26Z,Walk,2025-04-18T14:43:03Z,-8.05441198,-34.95376528,123.0,89.0,0.0
2025-04-18T14:29:26Z,Walk,2025-04-18T14:43:04Z,-8.05441231,-34.95376462,123.0,89.0,0.0
2025-04-18T14:29:26Z,Walk,2025-04-18T14:43:05Z,-8.05441298,-34.95376528,123.0,89.0,0.0
2025-04-18T14:29:26Z,Walk,2025-04-18T14:43:07Z,-8.05441166,-34.95376495,114.0,89.0,0.0
2025-04-18T14:29:26Z,Walk,2025-04-18T14:43:08Z,-8.05441099,-34.95376396,114.0,89.0,0.0
2025-04-18T14:29:26Z,Walk,2025-04-18T14:43:08Z,-8.05441032,-34.95376264,,,
2025-04-18T14:29:26Z,Walk,2025-04-18T14:43:20Z,-8.05440832,-34.95376329,113.0,89.0,0.0
2025-04-18T14:29:26Z,Walk,2025-04-18T14:43:21Z,-8.05440932,-34.95376628,113.0,89.0,0.0
2025-04-18T14:29:26Z,Walk,2025-04-18T14:43:22Z,-8.05441132,-34.95377462,113.0,89.0,0.0
2025-04-18T14:29:26Z,Walk,2025-04-18T14:43:23Z,-8.05441465,-34.95378795,,,
2025-04-18T14:29:26Z,Walk,2025-04-18T14:43:24Z,-8.05442065,-34.95380627,113.0,89.0,0.20000000298023224
2025-04-18T14:29:26Z,Walk,2025-04-18T14:43:25Z,-8.05442664,-34.95382794,112.0,89.0,0.3499999940395355
2025-04-18T14:29:26Z,Walk,2025-04-18T14:43:26Z,-8.05443197,-34.95385126,112.0,91.0,0.7099999785423279
2025-04-18T14:29:26Z,Walk,2025-04-18T14:43:27Z,-8.0544353,-34.95387593,112.0,91.0,0.7099999785423279
2025-04-18T14:29:26Z,Walk,2025-04-18T14:43:28Z,-8.0544373,-34.95390125,112.0,91.0,1.2699999809265137
2025-04-18T14:29:26Z,Walk,2025-04-18T14:43:29Z,-8.05443697,-34.95392691,113.0,91.0,1.7899999618530273
2025-04-18T14:29:26Z,Walk,2025-04-18T14:43:29Z,-8.0544363,-34.95395091,113.0,90.0,2.0799999237060547
2025-04-18T14:29:26Z,Walk,2025-04-18T14:43:31Z,-8.05443265,-34.9539729,114.0,90.0,2.240000009536743
2025-04-18T14:29:26Z,Walk,2025-04-18T14:43:31Z,-8.05442631,-34.95399423,115.0,90.0,2.299999952316284
2025-04-18T14:29:26Z,Walk,2025-04-18T14:43:33Z,-8.05441931,-34.95401456,115.0,90.0,2.299999952316284
2025-04-18T14:29:26Z,Walk,2025-04-18T14:43:34Z,-8.05441231,-34.95403322,113.0,90.0,2.299999952316284
2025-04-18T14:29:26Z,Walk,2025-04-18T14:43:35Z,-8.05440531,-34.95404888,110.0,90.0,2.2899999618530273
2025-04-18T14:29:26Z,Walk,2025-04-18T14:43:36Z,-8.05439966,-34.95406121,108.0,90.0,2.2899999618530273
2025-04-18T14:29:26Z,Walk,2025-04-18T14:43:37Z,-8.05438332,-34.95409654,105.0,90.0,2.2200000286102295
2025-04-18T14:29:26Z,Walk,2025-04-18T14:43:44Z,-8.05438166,-34.95409986,116.0,90.0,1.9600000381469727
2025-04-18T14:29:26Z,Walk,2025-04-18T14:43:45Z,-8.05438099,-34.95410019,119.0,90.0,1.649999976158142
2025-04-18T14:29:26Z,Walk,2025-04-18T14:43:46Z,-8.05437967,-34.95410152,119.0,90.0,1.649999976158142
2025-04-18T14:29:26Z,Walk,2025-04-18T14:43:48Z,-8.05438,-34.95410985,124.0,90.0,1.4299999475479126
2025-04-18T14:29:26Z,Walk,2025-04-18T14:43:49Z,-8.05438099,-34.95411017,124.0,90.0,1.159999966621399
2025-04-18T14:29:26Z,Walk,2025-04-18T14:43:50Z,-8.05438399,-34.9541105,124.0,90.0,0.8299999833106995
2025-04-18T14:29:26Z,Walk,2025-04-18T14:43:51Z,-8.05438998,-34.9541085,124.0,90.0,0.8299999833106995
2025-04-18T14:29:26Z,Walk,2025-04-18T14:43:52Z,-8.05439731,-34.95410351,124.0,90.0,0.6100000143051147
2025-04-18T14:29:26Z,Walk,2025-04-18T14:43:53Z,-8.05440665,-34.95409684,122.0,90.0,0.5600000023841858
2025-04-18T14:29:26Z,Walk,2025-04-18T14:43:54Z,-8.0544153,-34.95408685,122.0,90.0,0.5600000023841858
2025-04-18T14:29:26Z,Walk,2025-04-18T14:43:55Z,-8.05442164,-34.95407486,121.0,90.0,0.6899999976158142
2025-04-18T14:29:26Z,Walk,2025-04-18T14:43:56Z,-8.05442497,-34.95406053,120.0,88.0,0.9900000095367432
2025-04-18T14:29:26Z,Walk,2025-04-18T14:43:57Z,-8.05442764,-34.95404454,120.0,88.0,1.350000023841858
2025-04-18T14:29:26Z,Walk,2025-04-18T14:43:58Z,-8.05442996,-34.95402587,120.0,88.0,1.350000023841858
2025-04-18T14:29:26Z,Walk,2025-04-18T14:43:59Z,-8.05442996,-34.95400488,121.0,89.0,1.6200000047683716
2025-04-18T14:29:26Z,Walk,2025-04-18T14:43:59Z,-8.0544283,-34.95398288,121.0,88.0,1.7400000095367432
2025-04-18T14:29:26Z,Walk,2025-04-18T14:44:01Z,-8.05442698,-34.95395989,122.0,89.0,1.8200000524520874
2025-04-18T14:29:26Z,Walk,2025-04-18T14:44:02Z,-8.0544273,-34.95393856,122.0,89.0,1.899999976158142
2025-04-18T14:29:26Z,Walk,2025-04-18T14:44:03Z,-8.0544303,-34.95391757,122.0,89.0,2.0
2025-04-18T14:29:26Z,Walk,2025-04-18T14:44:04Z,-8.05443363,-34.95389857,122.0,89.0,2.0
2025-04-18T14:29:26Z,Walk,2025-04-18T14:44:05Z,-8.05443495,-34.95388158,123.0,89.0,2.0999999046325684
2025-04-18T14:29:26Z,Walk,2025-04-18T14:44:06Z,-8.05443562,-34.95386524,123.0,89.0,2.1600000858306885
2025-04-18T14:29:26Z,Walk,2025-04-18T14:44:07Z,-8.05443595,-34.95384958,123.0,89.0,2.140000104904175
2025-04-18T14:29:26Z,Walk,2025-04-18T14:44:07Z,-8.05443395,-34.95383492,,,
2025-04-18T14:29:26Z,Walk,2025-04-18T14:44:09Z,-8.05443128,-34.95382125,123.0,89.0,2.0799999237060547
2025-04-18T14:29:26Z,Walk,2025-04-18T14:44:10Z,-8.05443029,-34.9538086,123.0,89.0,2.0799999237060547
2025-04-18T14:29:26Z,Walk,2025-04-18T14:44:11Z,-8.05443029,-34.95379994,123.0,89.0,1.9299999475479126
2025-04-18T14:29:26Z,Walk,2025-04-18T14:44:12Z,-8.05442963,-34.95379261,123.0,89.0,1.7200000286102295
2025-04-18T14:29:26Z,Walk,2025-04-18T14:44:16Z,-8.0544233,-34.95377995,123.0,89.0,1.5199999809265137
2025-04-18T14:29:26Z,Walk,2025-04-18T14:44:19Z,-8.05441831,-34.95377828,123.0,89.0,1.2599999904632568
2025-04-18T14:29:26Z,Walk,2025-04-18T14:44:20Z,-8.05441765,-34.95377763,123.0,89.0,0.9800000190734863
2025-04-18T14:29:26Z,Walk,2025-04-18T14:44:21Z,-8.05441699,-34.95377697,123.0,89.0,0.6200000047683716
2025-04-18T14:29:26Z,Walk,2025-04-18T14:44:22Z,-8.05441466,-34.95377564,123.0,89.0,0.6200000047683716
2025-04-18T14:29:26Z,Walk,2025-04-18T14:44:23Z,-8.054413,-34.95377596,121.0,89.0,0.3499999940395355
2025-04-18T14:29:26Z,Walk,2025-04-18T14:44:25Z,-8.05441001,-34.95378496,122.0,89.0,0.3499999940395355
2025-04-18T14:29:26Z,Walk,2025-04-18T14:44:26Z,-8.05441001,-34.95378595,123.0,89.0,0.3100000023841858
2025-04-18T14:29:26Z,Walk,2025-04-18T14:44:27Z,-8.05441033,-34.95378961,123.0,89.0,0.2800000011920929
2025-04-18T14:29:26Z,Walk,2025-04-18T14:44:28Z,-8.05441066,-34.95379627,123.0,89.0,0.2800000011920929
2025-04-18T14:29:26Z,Walk,2025-04-18T14:44:29Z,-8.05441266,-34.95380526,123.0,89.0,0.33000001311302185
2025-04-18T14:29:26Z,Walk,2025-04-18T14:44:29Z,-8.05441432,-34.95381559,,,
2025-04-18T14:29:26Z,Walk,2025-04-18T14:44:31Z,-8.054413,-34.95382559,123.0,89.0,0.5199999809265137
2025-04-18T14:29:26Z,Walk,2025-04-18T14:44:32Z,-8.05440767,-34.95383659,123.0,89.0,0.800000011920929
2025-04-18T14:29:26Z,Walk,2025-04-18T14:44:33Z,-8.05440234,-34.95384425,123.0,89.0,1.0700000524520874
2025-04-18T14:29:26Z,Walk,2025-04-18T14:44:34Z,-8.05438834,-34.95386658,123.0,89.0,1.149999976158142
2025-04-18T14:29:26Z,Walk,2025-04-18T14:44:38Z,-8.05438501,-34.95386991,123.0,89.0,1.1200000047683716
2025-04-18T14:29:26Z,Walk,2025-04-18T14:44:40Z,-8.05438369,-34.95387023,123.0,89.0,1.1200000047683716
2025-04-18T14:29:26Z,Walk,2025-04-18T14:44:41Z,-8.05438003,-34.95387089,123.0,89.0,1.1299999952316284
2025-04-18T14:29:26Z,Walk,2025-04-18T14:44:42Z,-8.05437504,-34.95387057,123.0,89.0,1.1299999952316284
2025-04-18T14:29:26Z,Walk,2025-04-18T14:44:43Z,-8.05437005,-34.95386823,123.0,89.0,1.0099999904632568
2025-04-18T14:29:26Z,Walk,2025-04-18T14:44:44Z,-8.05436572,-34.95386491,123.0,89.0,0.8100000023841858
2025-04-18T14:29:26Z,Walk,2025-04-18T14:44:45Z,-8.05436206,-34.95386224,123.0,89.0,0.7599999904632568
2025-04-18T14:29:26Z,Walk,2025-04-18T14:44:46Z,-8.05436206,-34.95386024,123.0,89.0,0.7599999904632568
2025-04-18T14:29:26Z,Walk,2025-04-18T14:45:18Z,-8.05437339,-34.95386323,132.0,,0.7599999904632568
2025-04-18T14:29:26Z,Walk,2025-04-18T14:45:19Z,-8.05437438,-34.9538679,132.0,63.0,0.3700000047683716
2025-04-18T14:29:26Z,Walk,2025-04-18T14:45:20Z,-8.05437604,-34.95387823,132.0,63.0,0.0
2025-04-18T14:29:26Z,Walk,2025-04-18T14:45:21Z,-8.0543777,-34.9538919,133.0,63.0,0.0
2025-04-18T14:29:26Z,Walk,2025-04-18T14:45:22Z,-8.0543807,-34.95390889,133.0,63.0,0.4300000071525574
2025-04-18T14:29:26Z,Walk,2025-04-18T14:45:23Z,-8.05438635,-34.95392655,133.0,63.0,0.4300000071525574
2025-04-18T14:29:26Z,Walk,2025-04-18T14:45:24Z,-8.05439434,-34.9539442,133.0,63.0,0.9399999976158142
2025-04-18T14:29:26Z,Walk,2025-04-18T14:45:25Z,-8.05440234,-34.95396254,133.0,63.0,1.149999976158142
2025-04-18T14:29:26Z,Walk,2025-04-18T14:45:26Z,-8.05440634,-34.95397953,132.0,63.0,1.440000057220459
2025-04-18T14:29:26Z,Walk,2025-04-18T14:45:26Z,-8.05440601,-34.95399718,132.0,63.0,1.6399999856948853
2025-04-18T14:29:26Z,Walk,2025-04-18T14:45:28Z,-8.05439901,-34.95401052,132.0,63.0,1.6799999475479126
2025-04-18T14:29:26Z,Walk,2025-04-18T14:45:28Z,-8.05438735,-34.95402118,132.0,63.0,1.6799999475479126
2025-04-18T14:29:26Z,Walk,2025-04-18T14:45:30Z,-8.05437402,-34.95403117,132.0,63.0,1.6799999475479126
2025-04-18T14:29:26Z,Walk,2025-04-18T14:45:30Z,-8.0543577,-34.95403951,131.0,63.0,1.6799999475479126
2025-04-18T14:29:26Z,Walk,2025-04-18T14:45:31Z,-8.05434003,-34.95404717,132.0,,1.7200000286102295
2025-04-18T14:29:26Z,Walk,2025-04-18T14:45:33Z,-8.05432236,-34.95405284,132.0,,1.7599999904632568
2025-04-18T14:29:26Z,Walk,2025-04-18T14:45:34Z,-8.05430404,-34.95405551,132.0,89.0,1.7599999904632568
2025-04-18T14:29:26Z,Walk,2025-04-18T14:45:35Z,-8.05428538,-34.9540575,132.0,89.0,1.7599999904632568
2025-04-18T14:29:26Z,Walk,2025-04-18T14:45:36Z,-8.05426605,-34.95405717,133.0,91.0,1.809999942779541
2025-04-18T14:29:26Z,Walk,2025-04-18T14:45:37Z,-8.05424605,-34.95405318,131.0,90.0,2.0199999809265137
2025-04-18T14:29:26Z,Walk,2025-04-18T14:45:37Z,-8.05422639,-34.95404852,131.0,90.0,2.0199999809265137
2025-04-18T14:29:26Z,Walk,2025-04-18T14:45:39Z,-8.05420573,-34.95404585,132.0,89.0,2.0399999618530273
2025-04-18T14:29:26Z,Walk,2025-04-18T14:45:40Z,-8.05418406,-34.95404419,132.0,88.0,2.0999999046325684
2025-04-18T14:29:26Z,Walk,2025-04-18T14:45:41Z,-8.05416307,-34.95404319,132.0,88.0,2.0999999046325684
2025-04-18T14:29:26Z,Walk,2025-04-18T14:45:42Z,-8.05414174,-34.95404319,132.0,88.0,2.1700000762939453
2025-04-18T14:29:26Z,Walk,2025-04-18T14:45:43Z,-8.05412374,-34.95404319,132.0,88.0,2.25
2025-04-18T14:29:26Z,Walk,2025-04-18T14:45:44Z,-8.05411108,-34.95404419,132.0,88.0,2.2799999713897705
2025-04-18T14:29:26Z,Walk,2025-04-18T14:45:45Z,-8.05410341,-34.95404552,133.0,88.0,2.2200000286102295
2025-04-18T14:29:26Z,Walk,2025-04-18T14:45:45Z,-8.05409975,-34.95404785,133.0,88.0,2.2200000286102295
2025-04-18T14:29:26Z,Walk,2025-04-18T14:45:46Z,-8.05409742,-34.95405117,133.0,88.0,2.2200000286102295
2025-04-18T14:29:26Z,Walk,2025-04-18T14:45:48Z,-8.05409677,-34.95405517,133.0,88.0,2.0
2025-04-18T14:29:26Z,Walk,2025-04-18T14:45:49Z,-8.05410043,-34.95405716,133.0,88.0,1.600000023841858
2025-04-18T14:29:26Z,Walk,2025-04-18T14:45:50Z,-8.05410743,-34.95405684,134.0,88.0,1.1200000047683716
2025-04-18T14:29:26Z,Walk,2025-04-18T14:45:51Z,-8.05411542,-34.95405552,133.0,88.0,0.8199999928474426
2025-04-18T14:29:26Z,Walk,2025-04-18T14:45:52Z,-8.05412676,-34.95405684,133.0,88.0,0.75
2025-04-18T14:29:26Z,Walk,2025-04-18T14:45:53Z,-8.05413908,-34.9540605,133.0,88.0,0.75
2025-04-18T14:29:26Z,Walk,2025-04-18T14:45:54Z,-8.05414974,-34.95406349,134.0,88.0,0.75
2025-04-18T14:29:26Z,Walk,2025-04-18T14:45:55Z,-8.05415807,-34.95406882,135.0,88.0,0.800000011920929
2025-04-18T14:29:26Z,Walk,2025-04-18T14:45:57Z,-8.05417839,-34.95406315,135.0,88.0,0.9100000262260437
2025-04-18T14:29:26Z,Walk,2025-04-18T14:45:58Z,-8.05417939,-34.95405816,135.0,88.0,1.0
2025-04-18T14:29:26Z,Walk,2025-04-18T14:45:59Z,-8.05418305,-34.95405083,136.0,88.0,1.0399999618530273
2025-04-18T14:29:26Z,Walk,2025-04-18T14:46:00Z,-8.05418937,-34.95404484,136.0,88.0,1.0399999618530273
2025-04-18T14:29:26Z,Walk,2025-04-18T14:46:01Z,-8.05420071,-34.95404152,137.0,88.0,1.0399999618530273
2025-04-18T14:29:26Z,Walk,2025-04-18T14:46:02Z,-8.05421503,-34.95403819,137.0,88.0,1.059999942779541
2025-04-18T14:29:26Z,Walk,2025-04-18T14:46:03Z,-8.05422903,-34.95403319,137.0,88.0,1.090000033378601
2025-04-18T14:29:26Z,Walk,2025-04-18T14:46:04Z,-8.05424503,-34.95402987,136.0,88.0,1.1100000143051147
2025-04-18T14:29:26Z,Walk,2025-04-18T14:46:05Z,-8.05426135,-34.9540292,136.0,88.0,1.1100000143051147
2025-04-18T14:29:26Z,Walk,2025-04-18T14:46:06Z,-8.05427669,-34.9540312,136.0,88.0,1.2999999523162842
2025-04-18T14:29:26Z,Walk,2025-04-18T14:46:07Z,-8.05429134,-34.95403486,134.0,88.0,1.8200000524520874
2025-04-18T14:29:26Z,Walk,2025-04-18T14:46:07Z,-8.05430333,-34.95404085,134.0,88.0,1.8200000524520874
2025-04-18T14:29:26Z,Walk,2025-04-18T14:46:09Z,-8.05431433,-34.95404752,134.0,88.0,1.8600000143051147
2025-04-18T14:29:26Z,Walk,2025-04-18T14:46:10Z,-8.05432432,-34.95405384,134.0,88.0,1.8600000143051147
2025-04-18T14:29:26Z,Walk,2025-04-18T14:46:11Z,-8.05433431,-34.9540605,134.0,88.0,1.8600000143051147
2025-04-18T14:29:26Z,Walk,2025-04-18T14:46:12Z,-8.05434497,-34.95406583,134.0,88.0,1.809999942779541
2025-04-18T14:29:26Z,Walk,2025-04-18T14:46:13Z,-8.05435397,-34.95406983,134.0,88.0,1.7000000476837158
2025-04-18T14:29:26Z,Walk,2025-04-18T14:46:14Z,-8.0543613,-34.95407015,133.0,88.0,1.5700000524520874
2025-04-18T14:29:26Z,Walk,2025-04-18T14:46:15Z,-8.05436796,-34.95406582,133.0,88.0,1.409999966621399
2025-04-18T14:29:26Z,Walk,2025-04-18T14:46:15Z,-8.05437528,-34.9540565,,,
2025-04-18T14:29:26Z,Walk,2025-04-18T14:46:17Z,-8.05438162,-34.95404516,133.0,88.0,1.409999966621399
2025-04-18T14:29:26Z,Walk,2025-04-18T14:46:18Z,-8.05438661,-34.95403183,133.0,88.0,1.350000023841858
2025-04-18T14:29:26Z,Walk,2025-04-18T14:46:19Z,-8.05439127,-34.95401651,133.0,88.0,1.350000023841858
2025-04-18T14:29:26Z,Walk,2025-04-18T14:46:20Z,-8.05439561,-34.95399784,133.0,87.0,1.3600000143051147
2025-04-18T14:29:26Z,Walk,2025-04-18T14:46:21Z,-8.05439826,-34.95398052,133.0,88.0,1.4900000095367432
2025-04-18T14:29:26Z,Walk,2025-04-18T14:46:22Z,-8.05440093,-34.95395986,134.0,88.0,1.7400000095367432
2025-04-18T14:29:26Z,Walk,2025-04-18T14:46:23Z,-8.05440392,-34.95394019,135.0,88.0,1.9900000095367432
2025-04-18T14:29:26Z,Walk,2025-04-18T14:46:24Z,-8.05440558,-34.95392086,135.0,88.0,1.9900000095367432
2025-04-18T14:29:26Z,Walk,2025-04-18T14:46:25Z,-8.05440758,-34.9539002,135.0,88.0,2.140000104904175
2025-04-18T14:29:26Z,Walk,2025-04-18T14:46:26Z,-8.0544089,-34.95387887,135.0,88.0,2.2100000381469727
2025-04-18T14:29:26Z,Walk,2025-04-18T14:46:26Z,-8.05440791,-34.95385654,134.0,86.0,2.2699999809265137
2025-04-18T14:29:26Z,Walk,2025-04-18T14:46:27Z,-8.05440591,-34.95383687,135.0,86.0,2.299999952316284
2025-04-18T14:29:26Z,Walk,2025-04-18T14:46:28Z,-8.05440391,-34.95381754,136.0,87.0,2.309999942779541
2025-04-18T14:29:26Z,Walk,2025-04-18T14:46:28Z,-8.05440191,-34.95379854,136.0,87.0,2.309999942779541
2025-04-18T14:29:26Z,Walk,2025-04-18T14:46:29Z,-8.05440025,-34.95377921,137.0,87.0,2.299999952316284
2025-04-18T14:29:26Z,Walk,2025-04-18T14:46:31Z,-8.05439726,-34.95375988,137.0,87.0,2.299999952316284
2025-04-18T14:29:26Z,Walk,2025-04-18T14:46:32Z,-8.05439193,-34.95374388,138.0,87.0,2.309999942779541
2025-04-18T14:29:26Z,Walk,2025-04-18T14:46:33Z,-8.05438694,-34.95373321,138.0,87.0,2.2899999618530273
2025-04-18T14:29:26Z,Walk,2025-04-18T14:46:34Z,-8.05438028,-34.95372722,138.0,87.0,2.2899999618530273
2025-04-18T14:29:26Z,Walk,2025-04-18T14:46:35Z,-8.05437395,-34.95372256,138.0,87.0,2.259999990463257
2025-04-18T14:29:26Z,Walk,2025-04-18T14:46:36Z,-8.05436896,-34.95371823,139.0,87.0,2.2300000190734863
2025-04-18T14:29:26Z,Walk,2025-04-18T14:46:37Z,-8.05436464,-34.9537139,140.0,87.0,1.5099999904632568
2025-04-18T14:29:26Z,Walk,2025-04-18T14:46:38Z,-8.05436264,-34.95370857,,,
2025-04-18T14:29:26Z,Walk,2025-04-18T14:46:39Z,-8.05436131,-34.95370358,140.0,87.0,1.0700000524520874
2025-04-18T14:29:26Z,Walk,2025-04-18T14:46:43Z,-8.05435665,-34.95368991,141.0,87.0,0.7699999809265137
2025-04-18T14:29:26Z,Walk,2025-04-18T14:46:44Z,-8.0543573,-34.9536919,141.0,87.0,0.6800000071525574
2025-04-18T14:29:26Z,Walk,2025-04-18T14:46:44Z,-8.05435797,-34.95369457,141.0,87.0,0.6600000262260437
2025-04-18T14:29:26Z,Walk,2025-04-18T14:46:48Z,-8.05435997,-34.95370657,142.0,87.0,0.5899999737739563
2025-04-18T14:29:26Z,Walk,2025-04-18T14:46:48Z,-8.0543593,-34.95370557,143.0,87.0,0.25999999046325684
2025-04-18T14:29:26Z,Walk,2025-04-18T14:46:49Z,-8.05435963,-34.95370623,144.0,87.0,0.0
2025-04-18T14:29:26Z,Walk,2025-04-18T14:46:51Z,-8.05436062,-34.95370623,145.0,87.0,0.0
2025-04-18T14:29:26Z,Walk,2025-04-18T14:46:52Z,-8.05436362,-34.9537059,145.0,87.0,0.0
2025-04-18T14:29:26Z,Walk,2025-04-18T14:46:53Z,-8.05436894,-34.95370391,145.0,87.0,0.0
2025-04-18T14:29:26Z,Walk,2025-04-18T14:46:54Z,-8.05437627,-34.95370258,144.0,87.0,0.0
2025-04-18T14:29:26Z,Walk,2025-04-18T14:46:55Z,-8.05438493,-34.95370159,144.0,87.0,0.0
2025-04-18T14:29:26Z,Walk,2025-04-18T14:46:56Z,-8.0543946,-34.95370159,139.0,87.0,0.0
2025-04-18T14:29:26Z,Walk,2025-04-18T14:46:57Z,-8.05440392,-34.95370591,136.0,87.0,0.0
2025-04-18T14:29:26Z,Walk,2025-04-18T14:46:58Z,-8.05441125,-34.95371324,136.0,87.0,0.0
2025-04-18T14:29:26Z,Walk,2025-04-18T14:46:59Z,-8.05441624,-34.95371957,140.0,87.0,0.0
2025-04-18T14:29:26Z,Walk,2025-04-18T14:47:00Z,-8.05441957,-34.95372522,140.0,87.0,0.0
2025-04-18T14:29:26Z,Walk,2025-04-18T14:47:03Z,-8.0544299,-34.95373822,139.0,87.0,0.0
2025-04-18T14:29:26Z,Walk,2025-04-18T14:47:05Z,-8.05443489,-34.95373822,137.0,87.0,0.0
2025-04-18T14:29:26Z,Walk,2025-04-18T14:47:25Z,-8.05443822,-34.95373822,122.0,87.0,0.0
2025-04-18T14:29:26Z,Walk,2025-04-18T14:47:26Z,-8.05443757,-34.95374022,121.0,87.0,0.0
2025-04-18T14:29:26Z,Walk,2025-04-18T14:47:27Z,-8.05443724,-34.95374621,121.0,87.0,0.0
2025-04-18T14:29:26Z,Walk,2025-04-18T14:47:28Z,-8.05443757,-34.95375654,121.0,87.0,0.25
2025-04-18T14:29:26Z,Walk,2025-04-18T14:47:28Z,-8.05443822,-34.9537692,,,
2025-04-18T14:29:26Z,Walk,2025-04-18T14:47:29Z,-8.05443921,-34.95378554,121.0,87.0,0.5
2025-04-18T14:29:26Z,Walk,2025-04-18T14:47:30Z,-8.05444221,-34.95380819,121.0,87.0,0.5
2025-04-18T14:29:26Z,Walk,2025-04-18T14:47:32Z,-8.05444454,-34.95383085,121.0,89.0,0.7099999785423279
2025-04-18T14:29:26Z,Walk,2025-04-18T14:47:33Z,-8.05444686,-34.95385518,121.0,89.0,1.1699999570846558
2025-04-18T14:29:26Z,Walk,2025-04-18T14:47:34Z,-8.05444719,-34.95387951,121.0,88.0,1.6699999570846558
2025-04-18T14:29:26Z,Walk,2025-04-18T14:47:35Z,-8.05444686,-34.95390351,121.0,88.0,1.6699999570846558
2025-04-18T14:29:26Z,Walk,2025-04-18T14:47:36Z,-8.05444554,-34.95392683,121.0,89.0,2.3499999046325684
2025-04-18T14:29:26Z,Walk,2025-04-18T14:47:36Z,-8.05444321,-34.9539485,,,
2025-04-18T14:29:26Z,Walk,2025-04-18T14:47:38Z,-8.05443921,-34.95396682,121.0,89.0,2.430000066757202
2025-04-18T14:29:26Z,Walk,2025-04-18T14:47:39Z,-8.05443556,-34.95398381,121.0,89.0,2.430000066757202
2025-04-18T14:29:26Z,Walk,2025-04-18T14:47:39Z,-8.05443257,-34.95399981,121.0,89.0,2.4100000858306885
2025-04-18T14:29:26Z,Walk,2025-04-18T14:47:41Z,-8.05443057,-34.95401413,121.0,89.0,2.4100000858306885
2025-04-18T14:29:26Z,Walk,2025-04-18T14:47:42Z,-8.05443024,-34.95402513,121.0,89.0,2.2899999618530273
2025-04-18T14:29:26Z,Walk,2025-04-18T14:47:43Z,-8.05443057,-34.95403212,121.0,89.0,2.0799999237060547
2025-04-18T14:29:26Z,Walk,2025-04-18T14:47:44Z,-8.05443089,-34.95403412,,,
2025-04-18T14:29:26Z,Walk,2025-04-18T14:47:45Z,-8.05443089,-34.9540308,121.0,89.0,1.4900000095367432
2025-04-18T14:29:26Z,Walk,2025-04-18T14:47:46Z,-8.05443122,-34.95402247,121.0,89.0,1.25
2025-04-18T14:29:26Z,Walk,2025-04-18T14:47:47Z,-8.05443057,-34.95400847,121.0,89.0,1.25
2025-04-18T14:29:26Z,Walk,2025-04-18T14:47:48Z,-8.05442824,-34.9539918,121.0,89.0,1.1200000047683716
2025-04-18T14:29:26Z,Walk,2025-04-18T14:47:49Z,-8.05442692,-34.95397348,127.0,88.0,1.1200000047683716
2025-04-18T14:29:26Z,Walk,2025-04-18T14:47:50Z,-8.05442692,-34.95395414,127.0,87.0,1.1200000047683716
2025-04-18T14:29:26Z,Walk,2025-04-18T14:47:51Z,-8.05442791,-34.95393348,127.0,88.0,1.2699999809265137
2025-04-18T14:29:26Z,Walk,2025-04-18T14:47:52Z,-8.05443024,-34.95391215,,,
2025-04-18T14:29:26Z,Walk,2025-04-18T14:47:53Z,-8.05443257,-34.95389015,129.0,87.0,1.590000033378601
2025-04-18T14:29:26Z,Walk,2025-04-18T14:47:54Z,-8.05443456,-34.95386815,130.0,88.0,1.9600000381469727
2025-04-18T14:29:26Z,Walk,2025-04-18T14:47:55Z,-8.05443456,-34.95384683,129.0,88.0,2.2200000286102295
2025-04-18T14:29:26Z,Walk,2025-04-18T14:47:56Z,-8.0544339,-34.95382816,129.0,89.0,2.3399999141693115
2025-04-18T14:29:26Z,Walk,2025-04-18T14:47:57Z,-8.05443157,-34.9538095,129.0,89.0,2.380000114440918
2025-04-18T14:29:26Z,Walk,2025-04-18T14:47:58Z,-8.05442758,-34.95378917,128.0,89.0,2.3399999141693115
2025-04-18T14:29:26Z,Walk,2025-04-18T14:47:58Z,-8.05442291,-34.95376918,128.0,89.0,2.3399999141693115
2025-04-18T14:29:26Z,Walk,2025-04-18T14:48:00Z,-8.05441859,-34.95375352,128.0,89.0,2.3399999141693115
2025-04-18T14:29:26Z,Walk,2025-04-18T14:48:01Z,-8.0544136,-34.95374119,128.0,89.0,2.200000047683716
2025-04-18T14:29:26Z,Walk,2025-04-18T14:48:02Z,-8.05440861,-34.95373053,128.0,89.0,2.0399999618530273
2025-04-18T14:29:26Z,Walk,2025-04-18T14:48:03Z,-8.05440561,-34.9537202,128.0,89.0,1.840000033378601
2025-04-18T14:29:26Z,Walk,2025-04-18T14:48:04Z,-8.05440594,-34.95371254,128.0,89.0,1.5800000429153442
2025-04-18T14:29:26Z,Walk,2025-04-18T14:48:05Z,-8.05440893,-34.95370655,128.0,89.0,1.350000023841858
2025-04-18T14:29:26Z,Walk,2025-04-18T14:48:06Z,-8.05441192,-34.95370221,,,
2025-04-18T14:29:26Z,Walk,2025-04-18T14:48:07Z,-8.05441825,-34.95368656,128.0,89.0,1.2100000381469727
2025-04-18T14:29:26Z,Walk,2025-04-18T14:48:09Z,-8.05441958,-34.95368688,128.0,89.0,1.0800000429153442
2025-04-18T14:29:26Z,Walk,2025-04-18T14:48:10Z,-8.05442257,-34.95368754,128.0,89.0,0.9800000190734863
2025-04-18T14:29:26Z,Walk,2025-04-18T14:48:11Z,-8.05442623,-34.95368987,127.0,89.0,0.8600000143051147
2025-04-18T14:29:26Z,Walk,2025-04-18T14:48:12Z,-8.0544289,-34.95369419,127.0,89.0,0.8600000143051147
2025-04-18T14:29:26Z,Walk,2025-04-18T14:48:13Z,-8.05442857,-34.95370219,127.0,89.0,0.8100000023841858
2025-04-18T14:29:26Z,Walk,2025-04-18T14:48:14Z,-8.05442691,-34.95371385,126.0,89.0,0.8500000238418579
2025-04-18T14:29:26Z,Walk,2025-04-18T14:48:14Z,-8.05442525,-34.95372785,,,
2025-04-18T14:29:26Z,Walk,2025-04-18T14:48:16Z,-8.05442292,-34.95374251,126.0,89.0,0.8299999833106995
2025-04-18T14:29:26Z,Walk,2025-04-18T14:48:17Z,-8.05442126,-34.95376084,125.0,89.0,0.9700000286102295
2025-04-18T14:29:26Z,Walk,2025-04-18T14:48:18Z,-8.05442026,-34.95378183,125.0,89.0,0.9700000286102295
2025-04-18T14:29:26Z,Walk,2025-04-18T14:48:19Z,-8.0544206,-34.95380616,124.0,89.0,1.3300000429153442
2025-04-18T14:29:26Z,Walk,2025-04-18T14:48:20Z,-8.05442259,-34.95382983,124.0,87.0,1.6799999475479126
2025-04-18T14:29:26Z,Walk,2025-04-18T14:48:21Z,-8.05442692,-34.95385115,124.0,87.0,1.940000057220459
2025-04-18T14:29:26Z,Walk,2025-04-18T14:48:22Z,-8.05442958,-34.95387015,,,
2025-04-18T14:29:26Z,Walk,2025-04-18T14:48:23Z,-8.05443024,-34.95388814,125.0,87.0,2.109999895095825
2025-04-18T14:29:26Z,Walk,2025-04-18T14:48:24Z,-8.05442958,-34.95390348,125.0,87.0,2.109999895095825
2025-04-18T14:29:26Z,Walk,2025-04-18T14:48:25Z,-8.05442792,-34.9539168,125.0,87.0,2.109999895095825
2025-04-18T14:29:26Z,Walk,2025-04-18T14:48:26Z,-8.05442626,-34.95392812,125.0,87.0,2.109999895095825
2025-04-18T14:29:26Z,Walk,2025-04-18T14:48:27Z,-8.05442361,-34.95393846,125.0,87.0,2.0299999713897705
2025-04-18T14:29:26Z,Walk,2025-04-18T14:48:28Z,-8.05441761,-34.95395079,125.0,87.0,1.5700000524520874
2025-04-18T14:29:26Z,Walk,2025-04-18T14:48:28Z,-8.05440995,-34.95396245,,,
2025-04-18T14:29:26Z,Walk,2025-04-18T14:48:29Z,-8.05440295,-34.95397177,125.0,87.0,1.5700000524520874
2025-04-18T14:29:26Z,Walk,2025-04-18T14:48:30Z,-8.05439695,-34.95397876,124.0,87.0,1.409999966621399
2025-04-18T14:29:26Z,Walk,2025-04-18T14:48:32Z,-8.05439196,-34.95398343,124.0,87.0,1.2799999713897705
2025-04-18T14:29:26Z,Walk,2025-04-18T14:48:34Z,-8.05437997,-34.95398809,124.0,87.0,1.2100000381469727
2025-04-18T14:29:26Z,Walk,2025-04-18T14:48:36Z,-8.05437664,-34.95398809,124.0,87.0,1.0800000429153442
2025-04-18T14:29:26Z,Walk,2025-04-18T14:48:40Z,-8.05436998,-34.95400142,124.0,87.0,0.8899999856948853
2025-04-18T14:29:26Z,Walk,2025-04-18T14:48:41Z,-8.05436731,-34.95400375,122.0,87.0,0.7099999785423279
2025-04-18T14:29:26Z,Walk,2025-04-18T14:48:42Z,-8.05435999,-34.95400875,121.0,87.0,0.5400000214576721
2025-04-18T14:29:26Z,Walk,2025-04-18T14:48:43Z,-8.05434699,-34.95401507,121.0,87.0,0.5400000214576721
2025-04-18T14:29:26Z,Walk,2025-04-18T14:48:44Z,-8.05433033,-34.95401974,121.0,87.0,0.47999998927116394
2025-04-18T14:29:26Z,Walk,2025-04-18T14:48:45Z,-8.05431134,-34.95402174,121.0,87.0,0.47999998927116394
2025-04-18T14:29:26Z,Walk,2025-04-18T14:48:46Z,-8.05429134,-34.95402174,120.0,88.0,0.6600000262260437
2025-04-18T14:29:26Z,Walk,2025-04-18T14:48:47Z,-8.05427068,-34.95401941,120.0,90.0,1.0700000524520874
2025-04-18T14:29:26Z,Walk,2025-04-18T14:48:48Z,-8.05425002,-34.95401608,119.0,91.0,1.6699999570846558
2025-04-18T14:29:26Z,Walk,2025-04-18T14:48:49Z,-8.05423035,-34.95401276,119.0,91.0,1.6699999570846558
2025-04-18T14:29:26Z,Walk,2025-04-18T14:48:50Z,-8.0542107,-34.95401143,119.0,91.0,2.1500000953674316
2025-04-18T14:29:26Z,Walk,2025-04-18T14:48:51Z,-8.0541897,-34.95400909,119.0,91.0,2.2799999713897705
2025-04-18T14:29:26Z,Walk,2025-04-18T14:48:52Z,-8.05417271,-34.9540071,,,
2025-04-18T14:29:26Z,Walk,2025-04-18T14:48:53Z,-8.05415871,-34.95400477,120.0,91.0,2.259999990463257
2025-04-18T14:29:26Z,Walk,2025-04-18T14:48:54Z,-8.05414805,-34.95400244,121.0,91.0,2.259999990463257
2025-04-18T14:29:26Z,Walk,2025-04-18T14:48:55Z,-8.05414038,-34.95400044,121.0,91.0,2.259999990463257
2025-04-18T14:29:26Z,Walk,2025-04-18T14:48:58Z,-8.05411506,-34.95399645,122.0,91.0,2.190000057220459
2025-04-18T14:29:26Z,Walk,2025-04-18T14:48:59Z,-8.0541124,-34.95399578,122.0,91.0,2.190000057220459
2025-04-18T14:29:26Z,Walk,2025-04-18T14:49:01Z,-8.0541064,-34.95399546,122.0,91.0,1.9500000476837158
2025-04-18T14:29:26Z,Walk,2025-04-18T14:49:02Z,-8.05409775,-34.95399578,122.0,91.0,1.5
2025-04-18T14:29:26Z,Walk,2025-04-18T14:49:03Z,-8.05408709,-34.95399645,122.0,91.0,1.100000023841858
2025-04-18T14:29:26Z,Walk,2025-04-18T14:49:04Z,-8.05407576,-34.95399645,122.0,91.0,0.9800000190734863
2025-04-18T14:29:26Z,Walk,2025-04-18T14:49:05Z,-8.05406243,-34.95399645,125.0,91.0,0.9800000190734863
2025-04-18T14:29:26Z,Walk,2025-04-18T14:49:06Z,-8.0540481,-34.95399677,126.0,91.0,0.9800000190734863
2025-04-18T14:29:26Z,Walk,2025-04-18T14:49:07Z,-8.05403378,-34.95399611,126.0,91.0,0.9800000190734863
2025-04-18T14:29:26Z,Walk,2025-04-18T14:49:08Z,-8.05401944,-34.95399511,126.0,91.0,1.1100000143051147
2025-04-18T14:29:26Z,Walk,2025-04-18T14:49:09Z,-8.05400612,-34.95399379,126.0,91.0,1.2799999713897705
2025-04-18T14:29:26Z,Walk,2025-04-18T14:49:10Z,-8.05399313,-34.95399313,126.0,64.0,1.350000023841858
2025-04-18T14:29:26Z,Walk,2025-04-18T14:49:11Z,-8.05398114,-34.95399313,126.0,64.0,1.3600000143051147
2025-04-18T14:29:26Z,Walk,2025-04-18T14:49:12Z,-8.05396982,-34.95399612,126.0,64.0,1.350000023841858
2025-04-18T14:29:26Z,Walk,2025-04-18T14:49:13Z,-8.05395948,-34.95400278,126.0,64.0,1.350000023841858
2025-04-18T14:29:26Z,Walk,2025-04-18T14:49:14Z,-8.05394749,-34.95400677,125.0,64.0,1.3600000143051147
2025-04-18T14:29:26Z,Walk,2025-04-18T14:49:15Z,-8.05393484,-34.95400944,125.0,64.0,1.3600000143051147
2025-04-18T14:29:26Z,Walk,2025-04-18T14:49:15Z,-8.05392285,-34.9540111,,,
2025-04-18T14:29:26Z,Walk,2025-04-18T14:49:17Z,-8.05391219,-34.95401277,125.0,64.0,1.350000023841858
2025-04-18T14:29:26Z,Walk,2025-04-18T14:49:18Z,-8.05390252,-34.95401277,125.0,64.0,1.3300000429153442
2025-04-18T14:29:26Z,Walk,2025-04-18T14:49:19Z,-8.05389453,-34.95401244,125.0,64.0,1.3300000429153442
2025-04-18T14:29:26Z,Walk,2025-04-18T14:49:20Z,-8.05388887,-34.9540131,125.0,64.0,1.309999942779541
2025-04-18T14:29:26Z,Walk,2025-04-18T14:49:21Z,-8.05388421,-34.95401476,125.0,64.0,1.2999999523162842
2025-04-18T14:29:26Z,Walk,2025-04-18T14:49:22Z,-8.05388021,-34.95401676,128.0,64.0,1.0
2025-04-18T14:29:26Z,Walk,2025-04-18T14:49:22Z,-8.05387522,-34.95401708,128.0,64.0,1.0
2025-04-18T14:29:26Z,Walk,2025-04-18T14:49:24Z,-8.05386955,-34.95401409,128.0,64.0,0.8100000023841858
2025-04-18T14:29:26Z,Walk,2025-04-18T14:49:25Z,-8.0538659,-34.95401044,128.0,64.0,0.8100000023841858
2025-04-18T14:29:26Z,Walk,2025-04-18T14:49:26Z,-8.0538639,-34.95400244,128.0,64.0,0.6800000071525574
2025-04-18T14:29:26Z,Walk,2025-04-18T14:49:27Z,-8.0538639,-34.95399677,128.0,64.0,0.6200000047683716
2025-04-18T14:29:26Z,Walk,2025-04-18T14:49:29Z,-8.05386357,-34.9539831,130.0,64.0,0.6100000143051147
2025-04-18T14:29:26Z,Walk,2025-04-18T14:49:30Z,-8.05386257,-34.95398343,130.0,64.0,0.6100000143051147
2025-04-18T14:29:26Z,Walk,2025-04-18T14:49:32Z,-8.05386092,-34.95398375,131.0,64.0,0.6000000238418579
2025-04-18T14:29:26Z,Walk,2025-04-18T14:49:33Z,-8.05385859,-34.95398441,131.0,64.0,0.6000000238418579
2025-04-18T14:29:26Z,Walk,2025-04-18T14:49:34Z,-8.05385594,-34.95398607,131.0,64.0,0.5699999928474426
2025-04-18T14:29:26Z,Walk,2025-04-18T14:49:35Z,-8.05385294,-34.95398706,131.0,64.0,0.5
2025-04-18T14:29:26Z,Walk,2025-04-18T14:49:36Z,-8.05384928,-34.95398674,131.0,64.0,0.41999998688697815
2025-04-18T14:29:26Z,Walk,2025-04-18T14:49:36Z,-8.05384562,-34.95398508,,,
2025-04-18T14:29:26Z,Walk,2025-04-18T14:49:39Z,-8.05384162,-34.95398342,132.0,64.0,0.38999998569488525
2025-04-18T14:29:26Z,Walk,2025-04-18T14:49:39Z,-8.05383697,-34.95397943,132.0,64.0,0.1899999976158142
2025-04-18T14:29:26Z,Walk,2025-04-18T14:49:40Z,-8.05383297,-34.9539761,132.0,64.0,0.0
2025-04-18T14:29:26Z,Walk,2025-04-18T14:50:17Z,-8.05382363,-34.95395644,130.0,,0.0
2025-04-18T14:29:26Z,Walk,2025-04-18T14:50:20Z,-8.05382197,-34.95395311,129.0,,0.0
2025-04-18T14:29:26Z,Walk,2025-04-18T14:50:40Z,-8.05382363,-34.95394979,127.0,,0.0
2025-04-18T14:29:26Z,Walk,2025-04-18T14:50:43Z,-8.05383029,-34.95394647,127.0,,0.0
2025-04-18T14:29:26Z,Walk,2025-04-18T14:50:47Z,-8.05383195,-34.95394314,127.0,,0.0
2025-04-18T14:29:26Z,Walk,2025-04-18T14:50:48Z,-8.05383228,-34.95394249,127.0,,0.0
2025-04-18T14:29:26Z,Walk,2025-04-18T14:50:49Z,-8.05383394,-34.95394082,127.0,,0.0
2025-04-18T14:29:26Z,Walk,2025-04-18T14:50:50Z,-8.05383893,-34.95393983,127.0,,0.0
2025-04-18T14:29:26Z,Walk,2025-04-18T14:50:51Z,-8.05384526,-34.95394049,,,
2025-04-18T14:29:26Z,Walk,2025-04-18T14:50:52Z,-8.05385225,-34.95394081,127.0,,0.0
2025-04-18T14:29:26Z,Walk,2025-04-18T14:50:53Z,-8.05385858,-34.95393982,126.0,,0.0
2025-04-18T14:29:26Z,Walk,2025-04-18T14:50:53Z,-8.05386391,-34.95393882,126.0,,0.0
2025-04-18T14:29:26Z,Walk,2025-04-18T14:50:55Z,-8.05386823,-34.95393683,126.0,,0.0
2025-04-18T14:29:26Z,Walk,2025-04-18T14:50:56Z,-8.05387189,-34.95393516,126.0,,0.0
2025-04-18T14:29:26Z,Walk,2025-04-18T14:50:58Z,-8.05388022,-34.95393484,128.0,,0.0
2025-04-18T14:29:26Z,Walk,2025-04-18T14:50:59Z,-8.05387923,-34.9539355,130.0,,0.0
2025-04-18T14:29:26Z,Walk,2025-04-18T14:51:01Z,-8.05387791,-34.95393582,130.0,,0.0
2025-04-18T14:29:26Z,Walk,2025-04-18T14:51:03Z,-8.05387357,-34.95393648,129.0,,0.0
2025-04-18T14:29:26Z,Walk,2025-04-18T14:51:04Z,-8.05387191,-34.95393648,128.0,,0.0
2025-04-18T14:29:26Z,Walk,2025-04-18T14:51:23Z,-8.05387524,-34.95393149,138.0,,0.0
2025-04-18T14:29:26Z,Walk,2025-04-18T14:51:24Z,-8.05387557,-34.95393049,135.0,,0.0
2025-04-18T14:29:26Z,Walk,2025-04-18T14:51:26Z,-8.0538769,-34.9539215,138.0,36.0,0.0
2025-04-18T14:29:26Z,Walk,2025-04-18T14:51:27Z,-8.05387624,-34.95391916,133.0,36.0,0.0
2025-04-18T14:29:26Z,Walk,2025-04-18T14:51:27Z,-8.05387591,-34.95391651,133.0,36.0,0.0
2025-04-18T14:29:26Z,Walk,2025-04-18T14:51:43Z,-8.05387358,-34.95391485,134.0,,0.18000000715255737
2025-04-18T14:29:26Z,Walk,2025-04-18T14:51:43Z,-8.05387293,-34.95391517,,,
2025-04-18T14:29:26Z,Walk,2025-04-18T14:51:46Z,-8.05387193,-34.9539215,135.0,,0.18000000715255737
2025-04-18T14:29:26Z,Walk,2025-04-18T14:52:02Z,-8.05387359,-34.9539165,120.0,,0.0
2025-04-18T14:29:26Z,Walk,2025-04-18T14:52:03Z,-8.05387592,-34.95391682,121.0,,0.0
2025-04-18T14:29:26Z,Walk,2025-04-18T14:52:04Z,-8.05387891,-34.95391516,121.0,62.0,0.0
2025-04-18T14:29:26Z,Walk,2025-04-18T14:52:05Z,-8.05388124,-34.95391516,121.0,62.0,0.0
2025-04-18T14:29:26Z,Walk,2025-04-18T14:52:05Z,-8.05388256,-34.95391849,121.0,62.0,0.1899999976158142
2025-04-18T14:29:26Z,Walk,2025-04-18T14:52:07Z,-8.05388289,-34.95392181,121.0,62.0,0.3799999952316284
2025-04-18T14:29:26Z,Walk,2025-04-18T14:52:08Z,-8.0538819,-34.9539248,121.0,62.0,0.3799999952316284
2025-04-18T14:29:26Z,Walk,2025-04-18T14:52:08Z,-8.0538809,-34.95392647,120.0,62.0,0.3799999952316284
2025-04-18T14:29:26Z,Walk,2025-04-18T14:52:10Z,-8.05387956,-34.95392647,120.0,62.0,0.38999998569488525
2025-04-18T14:29:26Z,Walk,2025-04-18T14:52:10Z,-8.05387791,-34.95392513,121.0,62.0,0.4099999964237213
2025-04-18T14:29:26Z,Walk,2025-04-18T14:52:29Z,-8.05387191,-34.95391314,124.0,43.0,0.4099999964237213
2025-04-18T14:29:26Z,Walk,2025-04-18T14:52:30Z,-8.05387191,-34.95391215,125.0,43.0,0.41999998688697815
2025-04-18T14:29:26Z,Walk,2025-04-18T14:52:31Z,-8.05387257,-34.95391149,124.0,43.0,0.41999998688697815
2025-04-18T14:29:26Z,Walk,2025-04-18T14:52:32Z,-8.05387823,-34.95391083,124.0,43.0,0.4099999964237213
2025-04-18T14:29:26Z,Walk,2025-04-18T14:52:33Z,-8.05388656,-34.95390984,124.0,43.0,0.4099999964237213
2025-04-18T14:29:26Z,Walk,2025-04-18T14:52:34Z,-8.0538969,-34.95390817,124.0,43.0,0.4099999964237213
2025-04-18T14:29:26Z,Walk,2025-04-18T14:52:35Z,-8.05390889,-34.95390652,124.0,43.0,0.4000000059604645
2025-04-18T14:29:26Z,Walk,2025-04-18T14:52:35Z,-8.05392188,-34.95390418,124.0,41.0,0.4000000059604645
2025-04-18T14:29:26Z,Walk,2025-04-18T14:52:37Z,-8.05393221,-34.95390218,124.0,41.0,0.4000000059604645
2025-04-18T14:29:26Z,Walk,2025-04-18T14:52:38Z,-8.05394087,-34.95390086,123.0,41.0,0.41999998688697815
2025-04-18T14:29:26Z,Walk,2025-04-18T14:52:39Z,-8.05394586,-34.95390054,123.0,41.0,0.41999998688697815
2025-04-18T14:29:26Z,Walk,2025-04-18T14:52:40Z,-8.05394952,-34.95390286,123.0,41.0,0.44999998807907104
2025-04-18T14:29:26Z,Walk,2025-04-18T14:52:41Z,-8.05394786,-34.95390586,123.0,41.0,0.7099999785423279
2025-04-18T14:29:26Z,Walk,2025-04-18T14:52:42Z,-8.05394253,-34.95391018,123.0,41.0,0.8999999761581421
2025-04-18T14:29:26Z,Walk,2025-04-18T14:52:43Z,-8.0539352,-34.95391552,123.0,41.0,0.7900000214576721
2025-04-18T14:29:26Z,Walk,2025-04-18T14:52:43Z,-8.05392654,-34.95392085,,,
2025-04-18T14:29:26Z,Walk,2025-04-18T14:52:45Z,-8.05391789,-34.95392484,123.0,41.0,0.7900000214576721
2025-04-18T14:29:26Z,Walk,2025-04-18T14:52:46Z,-8.05391089,-34.95392684,123.0,41.0,0.7900000214576721
2025-04-18T14:29:26Z,Walk,2025-04-18T14:52:47Z,-8.05390622,-34.95392716,123.0,41.0,0.75
2025-04-18T14:29:26Z,Walk,2025-04-18T14:52:49Z,-8.05390023,-34.95392651,125.0,41.0,0.699999988079071
2025-04-18T14:29:26Z,Walk,2025-04-18T14:53:07Z,-8.05391022,-34.95392651,116.0,41.0,0.699999988079071
2025-04-18T14:29:26Z,Walk,2025-04-18T14:53:08Z,-8.05392088,-34.95392716,116.0,41.0,0.699999988079071
2025-04-18T14:29:26Z,Walk,2025-04-18T14:53:09Z,-8.05394587,-34.95392983,116.0,41.0,0.699999988079071
2025-04-18T14:29:26Z,Walk,2025-04-18T14:53:10Z,-8.0539802,-34.95393282,117.0,41.0,0.7300000190734863
2025-04-18T14:29:26Z,Walk,2025-04-18T14:53:11Z,-8.05401687,-34.95393614,116.0,41.0,0.7799999713897705
2025-04-18T14:29:26Z,Walk,2025-04-18T14:53:12Z,-8.05405787,-34.95393981,116.0,41.0,1.1699999570846558
2025-04-18T14:29:26Z,Walk,2025-04-18T14:53:13Z,-8.05409719,-34.95394248,116.0,41.0,2.0299999713897705
2025-04-18T14:29:26Z,Walk,2025-04-18T14:53:13Z,-8.05413318,-34.9539448,117.0,41.0,3.049999952316284
2025-04-18T14:29:26Z,Walk,2025-04-18T14:53:15Z,-8.05416384,-34.9539448,117.0,41.0,3.049999952316284
2025-04-18T14:29:26Z,Walk,2025-04-18T14:53:16Z,-8.05418984,-34.95394414,119.0,41.0,3.5899999141693115
2025-04-18T14:29:26Z,Walk,2025-04-18T14:53:17Z,-8.0542095,-34.95394282,120.0,41.0,3.5899999141693115
2025-04-18T14:29:26Z,Walk,2025-04-18T14:53:18Z,-8.05422549,-34.95394215,121.0,41.0,3.5899999141693115
2025-04-18T14:29:26Z,Walk,2025-04-18T14:53:19Z,-8.05423849,-34.95394315,123.0,41.0,3.259999990463257
2025-04-18T14:29:26Z,Walk,2025-04-18T14:53:20Z,-8.05424882,-34.95394515,125.0,41.0,2.5399999618530273
2025-04-18T14:29:26Z,Walk,2025-04-18T14:53:21Z,-8.05425748,-34.95394781,125.0,41.0,2.5399999618530273
2025-04-18T14:29:26Z,Walk,2025-04-18T14:53:22Z,-8.05426481,-34.95394881,126.0,41.0,1.8700000047683716
2025-04-18T14:29:26Z,Walk,2025-04-18T14:53:23Z,-8.05427181,-34.95395148,126.0,41.0,1.4600000381469727
2025-04-18T14:29:26Z,Walk,2025-04-18T14:53:24Z,-8.0542778,-34.95395447,127.0,41.0,1.1799999475479126
2025-04-18T14:29:26Z,Walk,2025-04-18T14:53:25Z,-8.0542818,-34.95395779,125.0,41.0,0.9700000286102295
2025-04-18T14:29:26Z,Walk,2025-04-18T14:53:26Z,-8.05428513,-34.95395912,123.0,41.0,0.8700000047683716
2025-04-18T14:29:26Z,Walk,2025-04-18T14:53:32Z,-8.05428846,-34.95396311,119.0,41.0,0.8100000023841858
2025-04-18T14:29:26Z,Walk,2025-04-18T14:53:33Z,-8.05428714,-34.95396311,119.0,41.0,0.8100000023841858
2025-04-18T14:29:26Z,Walk,2025-04-18T14:53:35Z,-8.05428014,-34.95396477,120.0,41.0,0.7599999904632568
2025-04-18T14:29:26Z,Walk,2025-04-18T14:53:37Z,-8.05427681,-34.95396311,120.0,41.0,0.6100000143051147
2025-04-18T14:29:26Z,Walk,2025-04-18T14:53:38Z,-8.05427547,-34.95396311,120.0,41.0,0.4099999964237213
2025-04-18T14:29:26Z,Walk,2025-04-18T14:53:38Z,-8.05427347,-34.95396311,120.0,41.0,0.25999999046325684
2025-04-18T14:29:26Z,Walk,2025-04-18T14:53:40Z,-8.05427082,-34.95396344,120.0,41.0,0.25999999046325684
2025-04-18T14:29:26Z,Walk,2025-04-18T14:53:41Z,-8.05426616,-34.95396376,120.0,41.0,0.23000000417232513
2025-04-18T14:29:26Z,Walk,2025-04-18T14:53:42Z,-8.05425984,-34.95396344,120.0,41.0,0.25
2025-04-18T14:29:26Z,Walk,2025-04-18T14:53:43Z,-8.05425384,-34.95396211,122.0,41.0,0.33000001311302185
2025-04-18T14:29:26Z,Walk,2025-04-18T14:54:06Z,-8.05423518,-34.9539631,126.0,41.0,0.33000001311302185
2025-04-18T14:29:26Z,Walk,2025-04-18T14:54:07Z,-8.05423019,-34.95396245,126.0,41.0,0.1899999976158142
2025-04-18T14:29:26Z,Walk,2025-04-18T14:54:08Z,-8.05422252,-34.95396011,128.0,41.0,0.0
2025-04-18T14:29:26Z,Walk,2025-04-18T14:54:09Z,-8.05421187,-34.95395746,128.0,41.0,0.0
2025-04-18T14:29:26Z,Walk,2025-04-18T14:54:09Z,-8.0542002,-34.95395612,,,
2025-04-18T14:29:26Z,Walk,2025-04-18T14:54:11Z,-8.05418553,-34.95395447,128.0,41.0,0.0
2025-04-18T14:29:26Z,Walk,2025-04-18T14:54:12Z,-8.05416887,-34.95395414,128.0,41.0,0.0
2025-04-18T14:29:26Z,Walk,2025-04-18T14:54:13Z,-8.05415088,-34.95395414,125.0,41.0,0.0
2025-04-18T14:29:26Z,Walk,2025-04-18T14:54:14Z,-8.05413355,-34.95395447,125.0,41.0,0.0
2025-04-18T14:29:26Z,Walk,2025-04-18T14:54:15Z,-8.05411922,-34.95395347,125.0,41.0,0.0
2025-04-18T14:29:26Z,Walk,2025-04-18T14:54:16Z,-8.0541099,-34.95395148,125.0,41.0,0.0
2025-04-18T14:29:26Z,Walk,2025-04-18T14:54:19Z,-8.05408356,-34.95395313,125.0,41.0,0.0
2025-04-18T14:29:26Z,Walk,2025-04-18T14:54:20Z,-8.05408191,-34.95395248,126.0,41.0,0.5899999737739563
2025-04-18T14:29:26Z,Walk,2025-04-18T14:54:21Z,-8.05407924,-34.95395215,126.0,41.0,1.190000057220459
2025-04-18T14:29:26Z,Walk,2025-04-18T14:54:22Z,-8.05407692,-34.9539515,126.0,41.0,1.190000057220459
2025-04-18T14:29:26Z,Walk,2025-04-18T14:54:23Z,-8.05407425,-34.9539505,127.0,41.0,1.1100000143051147
2025-04-18T14:29:26Z,Walk,2025-04-18T14:54:24Z,-8.05407059,-34.95394951,128.0,41.0,0.8899999856948853
2025-04-18T14:29:26Z,Walk,2025-04-18T14:54:25Z,-8.0540696,-34.95395117,128.0,41.0,0.6800000071525574
2025-04-18T14:29:26Z,Walk,2025-04-18T14:54:26Z,-8.05406927,-34.95395384,129.0,41.0,0.5199999809265137
2025-04-18T14:29:26Z,Walk,2025-04-18T14:54:27Z,-8.05406894,-34.95395683,130.0,41.0,0.4099999964237213
2025-04-18T14:29:26Z,Walk,2025-04-18T14:54:27Z,-8.05406827,-34.9539595,130.0,41.0,0.4099999964237213
2025-04-18T14:29:26Z,Walk,2025-04-18T14:54:30Z,-8.05406195,-34.95396149,130.0,41.0,0.41999998688697815
2025-04-18T14:29:26Z,Walk,2025-04-18T14:54:31Z,-8.05406195,-34.95395983,130.0,41.0,0.4000000059604645
2025-04-18T14:29:26Z,Walk,2025-04-18T14:54:32Z,-8.05406096,-34.95395716,131.0,41.0,0.38999998569488525
2025-04-18T14:29:26Z,Walk,2025-04-18T14:54:32Z,-8.05405797,-34.95395451,131.0,41.0,0.4000000059604645
2025-04-18T14:29:26Z,Walk,2025-04-18T14:54:34Z,-8.0540533,-34.95395184,131.0,41.0,0.20000000298023224
2025-04-18T14:29:26Z,Walk,2025-04-18T14:54:35Z,-8.0540463,-34.95394951,130.0,41.0,0.0
2025-04-18T14:29:26Z,Walk,2025-04-18T14:54:35Z,-8.05403363,-34.95395216,130.0,41.0,0.0
2025-04-18T14:29:26Z,Walk,2025-04-18T14:54:37Z,-8.0540183,-34.95395683,129.0,41.0,0.0
2025-04-18T14:29:26Z,Walk,2025-04-18T14:54:38Z,-8.05400464,-34.95396049,129.0,41.0,0.0
2025-04-18T14:29:26Z,Walk,2025-04-18T14:54:39Z,-8.05399165,-34.95396282,130.0,41.0,0.0
2025-04-18T14:29:26Z,Walk,2025-04-18T14:54:40Z,-8.05398132,-34.95396414,130.0,41.0,0.0
2025-04-18T14:29:26Z,Walk,2025-04-18T14:54:42Z,-8.05396032,-34.9539648,131.0,41.0,0.0
2025-04-18T14:29:26Z,Walk,2025-04-18T14:54:43Z,-8.05396099,-34.95396414,132.0,41.0,0.0
2025-04-18T14:29:26Z,Walk,2025-04-18T14:54:44Z,-8.05396364,-34.95396282,132.0,41.0,0.0
2025-04-18T14:29:26Z,Walk,2025-04-18T14:54:45Z,-8.05396631,-34.95396149,132.0,41.0,0.0
2025-04-18T14:29:26Z,Walk,2025-04-18T14:54:46Z,-8.0539673,-34.95395983,132.0,41.0,0.0
2025-04-18T14:29:26Z,Walk,2025-04-18T14:54:47Z,-8.0539673,-34.9539555,132.0,41.0,0.0
2025-04-18T14:29:26Z,Walk,2025-04-18T14:54:48Z,-8.05396663,-34.95395151,132.0,41.0,0.0
2025-04-18T14:29:26Z,Walk,2025-04-18T14:55:14Z,-8.05396863,-34.95394484,132.0,,0.0
2025-04-18T14:29:26Z,Walk,2025-04-18T14:55:15Z,-8.05397162,-34.95394551,133.0,,0.0
2025-04-18T14:29:26Z,Walk,2025-04-18T14:55:16Z,-8.05397862,-34.95394683,133.0,,0.0
2025-04-18T14:29:26Z,Walk,2025-04-18T14:55:17Z,-8.05398896,-34.95394651,134.0,,0.1599999964237213
2025-04-18T14:29:26Z,Walk,2025-04-18T14:55:18Z,-8.05399928,-34.95394318,133.0,,0.3400000035762787
2025-04-18T14:29:26Z,Walk,2025-04-18T14:55:19Z,-8.05400928,-34.95394118,132.0,,0.4099999964237213
2025-04-18T14:29:26Z,Walk,2025-04-18T14:55:20Z,-8.05401894,-34.95393952,131.0,,0.5600000023841858
2025-04-18T14:29:26Z,Walk,2025-04-18T14:55:21Z,-8.05402694,-34.95393853,131.0,,0.699999988079071
2025-04-18T14:29:26Z,Walk,2025-04-18T14:55:22Z,-8.05403394,-34.95393787,131.0,,0.699999988079071
2025-04-18T14:29:26Z,Walk,2025-04-18T14:55:23Z,-8.05404026,-34.95393721,132.0,,0.7200000286102295
2025-04-18T14:29:26Z,Walk,2025-04-18T14:55:24Z,-8.05404525,-34.95393655,131.0,,0.699999988079071
2025-04-18T14:29:26Z,Walk,2025-04-18T14:55:41Z,-8.05405191,-34.95393655,128.0,,0.699999988079071
2025-04-18T14:29:26Z,Walk,2025-04-18T14:55:42Z,-8.05405058,-34.95393954,127.0,,0.0
2025-04-18T14:29:26Z,Walk,2025-04-18T14:55:43Z,-8.05404692,-34.95394554,127.0,,0.0
2025-04-18T14:29:26Z,Walk,2025-04-18T14:55:44Z,-8.05404026,-34.95395853,128.0,,0.0
2025-04-18T14:29:26Z,Walk,2025-04-18T14:55:45Z,-8.05403326,-34.95397285,128.0,,0.30000001192092896
2025-04-18T14:29:26Z,Walk,2025-04-18T14:55:46Z,-8.0540246,-34.95398652,128.0,,0.30000001192092896
2025-04-18T14:29:26Z,Walk,2025-04-18T14:55:47Z,-8.0540146,-34.95399817,128.0,,0.6000000238418579
2025-04-18T14:29:26Z,Walk,2025-04-18T14:55:48Z,-8.05400528,-34.95400751,128.0,,0.7799999713897705
2025-04-18T14:29:26Z,Walk,2025-04-18T14:55:50Z,-8.05398028,-34.95402984,128.0,,1.0800000429153442
2025-04-18T14:29:26Z,Walk,2025-04-18T14:55:51Z,-8.05397962,-34.95402851,128.0,,1.2899999618530273
2025-04-18T14:29:26Z,Walk,2025-04-18T14:55:52Z,-8.05397796,-34.95402651,128.0,,1.2899999618530273
2025-04-18T14:29:26Z,Walk,2025-04-18T14:55:53Z,-8.05397463,-34.95402851,129.0,,1.3600000143051147
2025-04-18T14:29:26Z,Walk,2025-04-18T14:55:54Z,-8.0539683,-34.95403216,129.0,,1.3600000143051147
2025-04-18T14:29:26Z,Walk,2025-04-18T14:55:55Z,-8.0539613,-34.95403283,130.0,,1.2699999809265137
2025-04-18T14:29:26Z,Walk,2025-04-18T14:55:56Z,-8.05395664,-34.95403083,131.0,,1.059999942779541
2025-04-18T14:29:26Z,Walk,2025-04-18T14:55:57Z,-8.05395565,-34.95402616,131.0,,0.8199999928474426
2025-04-18T14:29:26Z,Walk,2025-04-18T14:55:58Z,-8.05395764,-34.95402017,131.0,,0.8199999928474426
2025-04-18T14:29:26Z,Walk,2025-04-18T14:55:59Z,-8.05396231,-34.95401452,131.0,,0.6600000262260437
2025-04-18T14:29:26Z,Walk,2025-04-18T14:56:00Z,-8.05396697,-34.95401019,132.0,,0.6299999952316284
2025-04-18T14:29:26Z,Walk,2025-04-18T14:56:01Z,-8.0539713,-34.95400619,132.0,,0.6399999856948853
2025-04-18T14:29:26Z,Walk,2025-04-18T14:56:02Z,-8.05397762,-34.95400119,133.0,,0.6499999761581421
2025-04-18T14:29:26Z,Walk,2025-04-18T14:56:03Z,-8.05398495,-34.95399687,133.0,,0.6600000262260437
2025-04-18T14:29:26Z,Walk,2025-04-18T14:56:04Z,-8.0539926,-34.95399287,133.0,,0.6600000262260437
2025-04-18T14:29:26Z,Walk,2025-04-18T14:56:05Z,-8.05399993,-34.95398855,132.0,60.0,0.6600000262260437
2025-04-18T14:29:26Z,Walk,2025-04-18T14:56:06Z,-8.05400593,-34.95398355,131.0,60.0,0.6899999976158142
2025-04-18T14:29:26Z,Walk,2025-04-18T14:56:07Z,-8.05401225,-34.95397956,130.0,60.0,0.75
2025-04-18T14:29:26Z,Walk,2025-04-18T14:56:08Z,-8.05401758,-34.95397689,130.0,60.0,0.8100000023841858
2025-04-18T14:29:26Z,Walk,2025-04-18T14:56:10Z,-8.05402692,-34.95397322,131.0,60.0,0.8299999833106995
2025-04-18T14:29:26Z,Walk,2025-04-18T14:56:20Z,-8.05397358,-34.95397822,132.0,60.0,0.8299999833106995
2025-04-18T14:29:26Z,Walk,2025-04-18T14:56:21Z,-8.05397192,-34.95397855,131.0,,0.800000011920929
2025-04-18T14:29:26Z,Walk,2025-04-18T14:56:22Z,-8.05396759,-34.95398088,131.0,49.0,0.7200000286102295
2025-04-18T14:29:26Z,Walk,2025-04-18T14:56:23Z,-8.05396059,-34.95398288,131.0,49.0,0.7200000286102295
2025-04-18T14:29:26Z,Walk,2025-04-18T14:56:24Z,-8.05395393,-34.95398354,129.0,,0.6700000166893005
2025-04-18T14:29:26Z,Walk,2025-04-18T14:56:25Z,-8.05394693,-34.95398386,127.0,49.0,0.6499999761581421
2025-04-18T14:29:26Z,Walk,2025-04-18T14:56:26Z,-8.05394027,-34.95398418,127.0,49.0,0.6499999761581421
2025-04-18T14:29:26Z,Walk,2025-04-18T14:56:27Z,-8.05393327,-34.95398552,127.0,50.0,0.6700000166893005
2025-04-18T14:29:26Z,Walk,2025-04-18T14:56:28Z,-8.0539256,-34.95398785,127.0,50.0,0.699999988079071
2025-04-18T14:29:26Z,Walk,2025-04-18T14:56:29Z,-8.05391827,-34.95398917,127.0,50.0,0.699999988079071
2025-04-18T14:29:26Z,Walk,2025-04-18T14:56:30Z,-8.05391195,-34.95398983,127.0,50.0,0.7200000286102295
2025-04-18T14:29:26Z,Walk,2025-04-18T14:56:31Z,-8.05390428,-34.95399083,126.0,50.0,0.7400000095367432
2025-04-18T14:29:26Z,Walk,2025-04-18T14:56:35Z,-8.05386362,-34.95400815,127.0,50.0,0.7400000095367432
2025-04-18T14:29:26Z,Walk,2025-04-18T14:56:36Z,-8.0538623,-34.95400848,127.0,50.0,0.7400000095367432
2025-04-18T14:29:26Z,Walk,2025-04-18T14:56:37Z,-8.0538603,-34.9540098,127.0,50.0,0.7400000095367432
2025-04-18T14:29:26Z,Walk,2025-04-18T14:56:39Z,-8.05385697,-34.95400814,126.0,50.0,0.7400000095367432
2025-04-18T14:29:26Z,Walk,2025-04-18T14:56:44Z,-8.05385697,-34.95399481,126.0,50.0,0.7400000095367432
2025-04-18T14:29:26Z,Walk,2025-04-18T14:56:45Z,-8.05385198,-34.95398815,127.0,50.0,0.7300000190734863
2025-04-18T14:29:26Z,Walk,2025-04-18T14:57:03Z,-8.05385864,-34.95398981,124.0,50.0,0.7099999785423279
2025-04-18T14:29:26Z,Walk,2025-04-18T14:57:08Z,-8.05386197,-34.95399314,123.0,50.0,0.3499999940395355
2025-04-18T14:29:26Z,Walk,2025-04-18T14:57:09Z,-8.05386296,-34.95399347,123.0,50.0,0.0
2025-04-18T14:29:26Z,Walk,2025-04-18T14:57:13Z,-8.05387196,-34.95399646,123.0,50.0,0.0
2025-04-18T14:29:26Z,Walk,2025-04-18T14:57:14Z,-8.05387296,-34.95399879,123.0,50.0,0.33000001311302185
2025-04-18T14:29:26Z,Walk,2025-04-18T14:57:15Z,-8.05387461,-34.95400245,124.0,50.0,0.6499999761581421
2025-04-18T14:29:26Z,Walk,2025-04-18T14:57:17Z,-8.05388195,-34.95401477,124.0,50.0,0.6499999761581421
2025-04-18T14:29:26Z,Walk,2025-04-18T14:57:18Z,-8.05388128,-34.95401378,124.0,50.0,0.6399999856948853
2025-04-18T14:29:26Z,Walk,2025-04-18T14:57:19Z,-8.05388061,-34.95401178,124.0,50.0,0.6399999856948853
2025-04-18T14:29:26Z,Walk,2025-04-18T14:57:20Z,-8.05387929,-34.95400879,,,
2025-04-18T14:29:26Z,Walk,2025-04-18T14:57:21Z,-8.05387696,-34.95400612,123.0,50.0,0.6299999952316284
2025-04-18T14:29:26Z,Walk,2025-04-18T14:57:22Z,-8.05387363,-34.95400447,124.0,50.0,0.6299999952316284
2025-04-18T14:29:26Z,Walk,2025-04-18T14:57:23Z,-8.05386763,-34.95400546,124.0,50.0,0.6299999952316284
2025-04-18T14:29:26Z,Walk,2025-04-18T14:57:24Z,-8.0538593,-34.95400811,124.0,50.0,0.6299999952316284
2025-04-18T14:29:26Z,Walk,2025-04-18T14:57:25Z,-8.0538523,-34.95401011,124.0,50.0,0.6299999952316284
2025-04-18T14:29:26Z,Walk,2025-04-18T14:57:26Z,-8.05384664,-34.9540121,125.0,50.0,0.6299999952316284
2025-04-18T14:29:26Z,Walk,2025-04-18T14:57:28Z,-8.05383699,-34.95402144,126.0,50.0,0.6200000047683716
2025-04-18T14:29:26Z,Walk,2025-04-18T14:57:29Z,-8.05383632,-34.95402209,127.0,50.0,0.6200000047683716
2025-04-18T14:29:26Z,Walk,2025-04-18T14:57:30Z,-8.05383565,-34.95402342,127.0,50.0,0.6200000047683716
2025-04-18T14:29:26Z,Walk,2025-04-18T14:57:33Z,-8.05383699,-34.95402808,127.0,50.0,0.6200000047683716
2025-04-18T14:29:26Z,Walk,2025-04-18T14:57:34Z,-8.05383632,-34.95402841,125.0,50.0,0.6200000047683716
2025-04-18T14:29:26Z,Walk,2025-04-18T14:57:37Z,-8.05383532,-34.95402307,,,
2025-04-18T14:29:26Z,Walk,2025-04-18T14:57:44Z,-8.05383033,-34.95401474,123.0,50.0,0.3100000023841858
2025-04-18T14:29:26Z,Walk,2025-04-18T14:58:28Z,-8.05383866,-34.95400141,118.0,60.0,0.11999999731779099
2025-04-18T14:29:26Z,Walk,2025-04-18T14:58:30Z,-8.05383866,-34.95399808,119.0,60.0,0.0
2025-04-18T14:29:26Z,Walk,2025-04-18T14:58:32Z,-8.05383866,-34.95399309,119.0,60.0,0.0
2025-04-18T14:29:26Z,Walk,2025-04-18T14:58:33Z,-8.05383866,-34.95399076,120.0,60.0,0.0
2025-04-18T14:29:26Z,Walk,2025-04-18T14:58:54Z,-8.05384032,-34.95396476,117.0,60.0,0.0
2025-04-18T14:29:26Z,Walk,2025-04-18T14:59:00Z,-8.05384032,-34.95395643,117.0,60.0,0.0
2025-04-18T14:29:26Z,Walk,2025-04-18T14:59:02Z,-8.05384199,-34.95395477,117.0,60.0,0.0
2025-04-18T14:29:26Z,Walk,2025-04-18T14:59:03Z,-8.05384199,-34.95395378,117.0,60.0,0.0
2025-04-18T14:29:26Z,Walk,2025-04-18T14:59:13Z,-8.05383865,-34.95395145,119.0,60.0,0.0
2025-04-18T14:29:26Z,Walk,2025-04-18T14:59:38Z,-8.05383865,-34.95394978,110.0,60.0,0.0
2025-04-18T14:29:26Z,Walk,2025-04-18T14:59:40Z,-8.05383932,-34.95394879,109.0,60.0,0.0
2025-04-18T14:29:26Z,Walk,2025-04-18T14:59:41Z,-8.05384064,-34.95394746,109.0,60.0,0.0
2025-04-18T14:29:26Z,Walk,2025-04-18T14:59:43Z,-8.05384531,-34.95394147,109.0,60.0,0.0
