activity_id,sport_type,timestamp,latitude,longitude,heart_rate,cadence,speed,duration_seconds
2025-09-02T21:05:09Z,Run,2025-09-02 21:06:33+00:00,-8.04424333,-34.93957167,125,56,0.0,0.0
2025-09-02T21:05:09Z,Run,2025-09-02 21:06:34+00:00,-8.04424932,-34.93956933,125,56,0.0,1.0
2025-09-02T21:05:09Z,Run,2025-09-02 21:06:35+00:00,-8.04425199,-34.93957333,125,56,0.0,2.0
2025-09-02T21:05:09Z,Run,2025-09-02 21:06:36+00:00,-8.04426299,-34.93957632,126,56,0.0,3.0
2025-09-02T21:05:09Z,Run,2025-09-02 21:06:37+00:00,-8.04427898,-34.93957965,126,56,0.0,4.0
2025-09-02T21:05:09Z,Run,2025-09-02 21:06:38+00:00,-8.04428897,-34.9395823,126,56,0.0,5.0
2025-09-02T21:05:09Z,Run,2025-09-02 21:06:39+00:00,-8.04429797,-34.93958764,125,56,0.0,6.0
2025-09-02T21:05:09Z,Run,2025-09-02 21:06:40+00:00,-8.04430564,-34.93959363,125,56,0.0,7.0
2025-09-02T21:05:09Z,Run,2025-09-02 21:06:41+00:00,-8.0443103,-34.93959995,125,56,0.0,8.0
2025-09-02T21:05:09Z,Run,2025-09-02 21:06:42+00:00,-8.04431329,-34.93960528,124,56,0.0,9.0
2025-09-02T21:05:09Z,Run,2025-09-02 21:06:43+00:00,-8.04431495,-34.93961127,124,56,0.0,10.0
2025-09-02T21:05:09Z,Run,2025-09-02 21:06:44+00:00,-8.04431695,-34.93961627,124,56,0.0,11.0
2025-09-02T21:05:09Z,Run,2025-09-02 21:06:45+00:00,-8.04431962,-34.93962026,123,56,0.0,12.0
2025-09-02T21:05:09Z,Run,2025-09-02 21:06:46+00:00,-8.04432227,-34.93962393,122,60,0.0,13.0
2025-09-02T21:05:09Z,Run,2025-09-02 21:06:47+00:00,-8.04432027,-34.9396296,122,60,0.30000001192092896,14.0
2025-09-02T21:05:09Z,Run,2025-09-02 21:06:48+00:00,-8.04432526,-34.93963525,120,60,0.6800000071525574,15.0
2025-09-02T21:05:09Z,Run,2025-09-02 21:06:49+00:00,-8.04433093,-34.93964224,120,60,0.6800000071525574,16.0
2025-09-02T21:05:09Z,Run,2025-09-02 21:06:50+00:00,-8.04433826,-34.93965123,118,60,0.7400000095367432,17.0
2025-09-02T21:05:09Z,Run,2025-09-02 21:06:51+00:00,-8.04434859,-34.9396609,118,59,0.7400000095367432,18.0
2025-09-02T21:05:09Z,Run,2025-09-02 21:06:52+00:00,-8.04435925,-34.93967322,117,59,0.7799999713897705,19.0
2025-09-02T21:05:09Z,Run,2025-09-02 21:06:53+00:00,-8.04436991,-34.93968456,117,59,0.8600000143051147,20.0
2025-09-02T21:05:09Z,Run,2025-09-02 21:06:54+00:00,-8.04437957,-34.93969655,116,59,0.949999988079071,21.0
2025-09-02T21:05:09Z,Run,2025-09-02 21:06:55+00:00,-8.04438857,-34.93970955,116,59,0.949999988079071,22.0
2025-09-02T21:05:09Z,Run,2025-09-02 21:06:58+00:00,-8.04445157,-34.9397432,115,59,1.1100000143051147,25.0
2025-09-02T21:05:09Z,Run,2025-09-02 21:06:59+00:00,-8.0444599,-34.93974021,115,59,1.309999942779541,26.0
2025-09-02T21:05:09Z,Run,2025-09-02 21:07:00+00:00,-8.04447289,-34.93973322,115,59,1.3799999952316284,27.0
2025-09-02T21:05:09Z,Run,2025-09-02 21:07:01+00:00,-8.04449222,-34.93972289,115,59,1.5399999618530273,28.0
2025-09-02T21:05:09Z,Run,2025-09-02 21:07:02+00:00,-8.04450622,-34.93971123,115,59,1.5399999618530273,29.0
2025-09-02T21:05:09Z,Run,2025-09-02 21:07:03+00:00,-8.04451855,-34.93969823,115,59,1.559999942779541,30.0
2025-09-02T21:05:09Z,Run,2025-09-02 21:07:04+00:00,-8.0445342,-34.93969057,115,59,1.5,31.0
2025-09-02T21:05:09Z,Run,2025-09-02 21:07:05+00:00,-8.04455087,-34.93968391,115,59,1.6799999475479126,32.0
2025-09-02T21:05:09Z,Run,2025-09-02 21:07:06+00:00,-8.04456687,-34.93968092,115,59,1.940000057220459,33.0
2025-09-02T21:05:09Z,Run,2025-09-02 21:07:07+00:00,-8.04457819,-34.93967925,115,59,2.0199999809265137,34.0
2025-09-02T21:05:09Z,Run,2025-09-02 21:07:08+00:00,-8.04458685,-34.93968159,115,59,2.0199999809265137,35.0
2025-09-02T21:05:09Z,Run,2025-09-02 21:07:09+00:00,-8.04459551,-34.9396806,116,59,1.9600000381469727,36.0
2025-09-02T21:05:09Z,Run,2025-09-02 21:07:10+00:00,-8.04460651,-34.93968125,115,59,1.9600000381469727,37.0
2025-09-02T21:05:09Z,Run,2025-09-02 21:07:11+00:00,-8.04461817,-34.93968292,115,59,1.8700000047683716,38.0
2025-09-02T21:05:09Z,Run,2025-09-02 21:07:12+00:00,-8.04462883,-34.93968525,115,59,1.649999976158142,39.0
2025-09-02T21:05:09Z,Run,2025-09-02 21:07:13+00:00,-8.04464182,-34.93968724,115,59,1.399999976158142,40.0
2025-09-02T21:05:09Z,Run,2025-09-02 21:07:14+00:00,-8.04465582,-34.93968692,115,59,1.399999976158142,41.0
2025-09-02T21:05:09Z,Run,2025-09-02 21:07:15+00:00,-8.04467115,-34.93968626,115,59,1.2999999523162842,42.0
2025-09-02T21:05:09Z,Run,2025-09-02 21:07:16+00:00,-8.04468382,-34.93968725,116,59,1.2999999523162842,43.0
2025-09-02T21:05:09Z,Run,2025-09-02 21:07:17+00:00,-8.04469948,-34.93968758,118,62,1.3200000524520874,44.0
2025-09-02T21:05:09Z,Run,2025-09-02 21:07:18+00:00,-8.04471213,-34.93969158,119,63,1.340000033378601,45.0
2025-09-02T21:05:09Z,Run,2025-09-02 21:07:19+00:00,-8.04472213,-34.93970023,120,63,1.3799999952316284,46.0
2025-09-02T21:05:09Z,Run,2025-09-02 21:07:20+00:00,-8.04473112,-34.93971157,120,63,1.3799999952316284,47.0
2025-09-02T21:05:09Z,Run,2025-09-02 21:07:21+00:00,-8.04474146,-34.93972022,121,62,1.4700000286102295,48.0
2025-09-02T21:05:09Z,Run,2025-09-02 21:07:22+00:00,-8.04475179,-34.93972621,121,62,1.5199999809265137,49.0
2025-09-02T21:05:09Z,Run,2025-09-02 21:07:23+00:00,-8.04476245,-34.93972788,121,62,1.5199999809265137,50.0
2025-09-02T21:05:09Z,Run,2025-09-02 21:07:24+00:00,-8.0447731,-34.93972854,121,62,1.5199999809265137,51.0
2025-09-02T21:05:09Z,Run,2025-09-02 21:07:25+00:00,-8.04478343,-34.93972821,120,61,1.5099999904632568,52.0
2025-09-02T21:05:09Z,Run,2025-09-02 21:07:26+00:00,-8.04479376,-34.9397292,120,61,1.5099999904632568,53.0
2025-09-02T21:05:09Z,Run,2025-09-02 21:07:27+00:00,-8.04480375,-34.93973154,120,62,1.5099999904632568,54.0
2025-09-02T21:05:09Z,Run,2025-09-02 21:07:28+00:00,-8.04481542,-34.93973519,118,61,1.5,55.0
2025-09-02T21:05:09Z,Run,2025-09-02 21:07:29+00:00,-8.04482841,-34.93973852,117,60,1.4900000095367432,56.0
2025-09-02T21:05:09Z,Run,2025-09-02 21:07:30+00:00,-8.04483907,-34.93974085,117,59,1.4800000190734863,57.0
2025-09-02T21:05:09Z,Run,2025-09-02 21:07:31+00:00,-8.04485174,-34.93974318,116,62,1.4700000286102295,58.0
2025-09-02T21:05:09Z,Run,2025-09-02 21:07:32+00:00,-8.0448654,-34.93974585,116,62,1.4700000286102295,59.0
2025-09-02T21:05:09Z,Run,2025-09-02 21:07:33+00:00,-8.04487805,-34.93974984,116,62,1.4600000381469727,60.0
2025-09-02T21:05:09Z,Run,2025-09-02 21:07:34+00:00,-8.04488905,-34.93975251,117,62,1.4500000476837158,61.0
2025-09-02T21:05:09Z,Run,2025-09-02 21:07:35+00:00,-8.04490005,-34.93975584,117,62,1.4500000476837158,62.0
2025-09-02T21:05:09Z,Run,2025-09-02 21:07:36+00:00,-8.04491138,-34.93976151,119,62,1.4500000476837158,63.0
2025-09-02T21:05:09Z,Run,2025-09-02 21:07:37+00:00,-8.04492404,-34.93976816,120,62,1.440000057220459,64.0
2025-09-02T21:05:09Z,Run,2025-09-02 21:07:38+00:00,-8.0449357,-34.93977415,120,62,1.440000057220459,65.0
2025-09-02T21:05:09Z,Run,2025-09-02 21:07:39+00:00,-8.04494837,-34.93978149,120,62,1.440000057220459,66.0
2025-09-02T21:05:09Z,Run,2025-09-02 21:07:40+00:00,-8.0449607,-34.93979014,122,61,1.440000057220459,67.0
2025-09-02T21:05:09Z,Run,2025-09-02 21:07:41+00:00,-8.04497336,-34.93979713,122,61,1.440000057220459,68.0
2025-09-02T21:05:09Z,Run,2025-09-02 21:07:42+00:00,-8.04498736,-34.93980213,121,61,1.440000057220459,69.0
2025-09-02T21:05:09Z,Run,2025-09-02 21:07:43+00:00,-8.04500236,-34.93980579,122,61,1.4500000476837158,70.0
2025-09-02T21:05:09Z,Run,2025-09-02 21:07:44+00:00,-8.04501769,-34.93980878,122,61,1.4500000476837158,71.0
2025-09-02T21:05:09Z,Run,2025-09-02 21:07:45+00:00,-8.04503135,-34.93981178,123,61,1.4500000476837158,72.0
2025-09-02T21:05:09Z,Run,2025-09-02 21:07:46+00:00,-8.045044,-34.93981544,121,61,1.4500000476837158,73.0
2025-09-02T21:05:09Z,Run,2025-09-02 21:07:47+00:00,-8.04505334,-34.9398201,121,61,1.4600000381469727,74.0
2025-09-02T21:05:09Z,Run,2025-09-02 21:07:48+00:00,-8.04506034,-34.93982543,121,61,1.4600000381469727,75.0
2025-09-02T21:05:09Z,Run,2025-09-02 21:07:49+00:00,-8.045067,-34.93982943,121,61,1.4700000286102295,76.0
2025-09-02T21:05:09Z,Run,2025-09-02 21:07:50+00:00,-8.04507499,-34.93983342,121,61,1.4700000286102295,77.0
2025-09-02T21:05:09Z,Run,2025-09-02 21:07:51+00:00,-8.04508399,-34.93983607,120,61,1.4700000286102295,78.0
2025-09-02T21:05:09Z,Run,2025-09-02 21:07:52+00:00,-8.04509699,-34.9398394,118,62,1.4600000381469727,79.0
2025-09-02T21:05:09Z,Run,2025-09-02 21:07:53+00:00,-8.04511032,-34.9398444,118,62,1.4600000381469727,80.0
2025-09-02T21:05:09Z,Run,2025-09-02 21:07:54+00:00,-8.04512432,-34.9398494,117,62,1.4500000476837158,81.0
2025-09-02T21:05:09Z,Run,2025-09-02 21:07:55+00:00,-8.04513798,-34.9398544,116,62,1.4500000476837158,82.0
2025-09-02T21:05:09Z,Run,2025-09-02 21:07:56+00:00,-8.04515198,-34.93985772,116,62,1.4500000476837158,83.0
2025-09-02T21:05:09Z,Run,2025-09-02 21:07:57+00:00,-8.04516531,-34.93986039,116,62,1.4500000476837158,84.0
2025-09-02T21:05:09Z,Run,2025-09-02 21:07:58+00:00,-8.04517997,-34.93986138,117,62,1.4500000476837158,85.0
2025-09-02T21:05:09Z,Run,2025-09-02 21:07:59+00:00,-8.0451933,-34.93986138,117,62,1.440000057220459,86.0
2025-09-02T21:05:09Z,Run,2025-09-02 21:08:00+00:00,-8.04520795,-34.93986072,117,63,1.440000057220459,87.0
2025-09-02T21:05:09Z,Run,2025-09-02 21:08:01+00:00,-8.04522095,-34.93986238,119,63,1.440000057220459,88.0
2025-09-02T21:05:09Z,Run,2025-09-02 21:08:02+00:00,-8.04523695,-34.93986638,119,63,1.440000057220459,89.0
2025-09-02T21:05:09Z,Run,2025-09-02 21:08:03+00:00,-8.04525194,-34.93986903,121,61,1.440000057220459,90.0
2025-09-02T21:05:09Z,Run,2025-09-02 21:08:04+00:00,-8.0452676,-34.93987202,121,61,1.440000057220459,91.0
2025-09-02T21:05:09Z,Run,2025-09-02 21:08:05+00:00,-8.04528293,-34.93987436,121,61,1.440000057220459,92.0
2025-09-02T21:05:09Z,Run,2025-09-02 21:08:06+00:00,-8.04529826,-34.93987835,121,61,1.4500000476837158,93.0
2025-09-02T21:05:09Z,Run,2025-09-02 21:08:07+00:00,-8.04531292,-34.93988235,121,61,1.4500000476837158,94.0
2025-09-02T21:05:09Z,Run,2025-09-02 21:08:08+00:00,-8.04532525,-34.939888,121,61,1.4500000476837158,95.0
2025-09-02T21:05:09Z,Run,2025-09-02 21:08:09+00:00,-8.04533691,-34.93989399,119,61,1.4500000476837158,96.0
2025-09-02T21:05:09Z,Run,2025-09-02 21:08:10+00:00,-8.0453499,-34.93989865,119,61,1.4600000381469727,97.0
2025-09-02T21:05:09Z,Run,2025-09-02 21:08:11+00:00,-8.04536324,-34.93990332,120,61,1.4600000381469727,98.0
2025-09-02T21:05:09Z,Run,2025-09-02 21:08:12+00:00,-8.04537724,-34.93990798,120,61,1.4700000286102295,99.0
2025-09-02T21:05:09Z,Run,2025-09-02 21:08:13+00:00,-8.04539056,-34.93991164,121,61,1.4700000286102295,100.0
2025-09-02T21:05:09Z,Run,2025-09-02 21:08:14+00:00,-8.04540488,-34.93991364,121,61,1.4700000286102295,101.0
2025-09-02T21:05:09Z,Run,2025-09-02 21:08:15+00:00,-8.04541955,-34.93991463,122,61,1.4800000190734863,102.0
2025-09-02T21:05:09Z,Run,2025-09-02 21:08:16+00:00,-8.04543355,-34.9399163,121,61,1.4800000190734863,103.0
2025-09-02T21:05:09Z,Run,2025-09-02 21:08:17+00:00,-8.04544687,-34.93991829,121,61,1.4900000095367432,104.0
2025-09-02T21:05:09Z,Run,2025-09-02 21:08:18+00:00,-8.04545886,-34.93992128,121,63,1.4900000095367432,105.0
2025-09-02T21:05:09Z,Run,2025-09-02 21:08:19+00:00,-8.04546986,-34.93992461,120,63,1.4900000095367432,106.0
2025-09-02T21:05:09Z,Run,2025-09-02 21:08:20+00:00,-8.04548185,-34.9399266,120,63,1.4900000095367432,107.0
2025-09-02T21:05:09Z,Run,2025-09-02 21:08:21+00:00,-8.04549184,-34.9399286,120,63,1.4900000095367432,108.0
2025-09-02T21:05:09Z,Run,2025-09-02 21:08:22+00:00,-8.04550084,-34.93993293,122,63,1.4900000095367432,109.0
2025-09-02T21:05:09Z,Run,2025-09-02 21:08:23+00:00,-8.04550817,-34.93993726,122,63,1.4900000095367432,110.0
2025-09-02T21:05:09Z,Run,2025-09-02 21:08:24+00:00,-8.04551717,-34.93994226,122,63,1.4900000095367432,111.0
2025-09-02T21:05:09Z,Run,2025-09-02 21:08:25+00:00,-8.04553216,-34.93994358,121,63,1.4800000190734863,112.0
2025-09-02T21:05:09Z,Run,2025-09-02 21:08:26+00:00,-8.04554648,-34.93994657,121,63,1.4800000190734863,113.0
2025-09-02T21:05:09Z,Run,2025-09-02 21:08:27+00:00,-8.04556315,-34.93994857,120,63,1.4800000190734863,114.0
2025-09-02T21:05:09Z,Run,2025-09-02 21:08:28+00:00,-8.04557947,-34.93995057,120,63,1.4700000286102295,115.0
2025-09-02T21:05:09Z,Run,2025-09-02 21:08:29+00:00,-8.0455958,-34.93995356,120,63,1.4700000286102295,116.0
2025-09-02T21:05:09Z,Run,2025-09-02 21:08:30+00:00,-8.04560847,-34.93995823,121,63,1.4800000190734863,117.0
2025-09-02T21:05:09Z,Run,2025-09-02 21:08:31+00:00,-8.04561979,-34.93996188,121,63,1.4900000095367432,118.0
2025-09-02T21:05:09Z,Run,2025-09-02 21:08:32+00:00,-8.04563045,-34.93996388,121,63,1.4900000095367432,119.0
2025-09-02T21:05:09Z,Run,2025-09-02 21:08:33+00:00,-8.04564312,-34.93996123,121,63,1.5099999904632568,120.0
2025-09-02T21:05:09Z,Run,2025-09-02 21:08:34+00:00,-8.04565677,-34.93995856,121,63,1.5199999809265137,121.0
2025-09-02T21:05:09Z,Run,2025-09-02 21:08:35+00:00,-8.04567077,-34.93995589,122,63,1.5299999713897705,122.0
2025-09-02T21:05:09Z,Run,2025-09-02 21:08:36+00:00,-8.04568477,-34.93995489,123,63,1.5399999618530273,123.0
2025-09-02T21:05:09Z,Run,2025-09-02 21:08:37+00:00,-8.04569877,-34.93995523,124,63,1.5399999618530273,124.0
2025-09-02T21:05:09Z,Run,2025-09-02 21:08:38+00:00,-8.0457131,-34.93995655,125,63,1.5399999618530273,125.0
2025-09-02T21:05:09Z,Run,2025-09-02 21:08:39+00:00,-8.0457271,-34.93995922,125,63,1.5399999618530273,126.0
2025-09-02T21:05:09Z,Run,2025-09-02 21:08:40+00:00,-8.04574143,-34.93996422,125,63,1.5399999618530273,127.0
2025-09-02T21:05:09Z,Run,2025-09-02 21:08:41+00:00,-8.04575375,-34.93997021,125,63,1.5399999618530273,128.0
2025-09-02T21:05:09Z,Run,2025-09-02 21:08:42+00:00,-8.04576509,-34.93997653,124,64,1.5399999618530273,129.0
2025-09-02T21:05:09Z,Run,2025-09-02 21:08:43+00:00,-8.04577675,-34.93998186,124,62,1.5499999523162842,130.0
2025-09-02T21:05:09Z,Run,2025-09-02 21:08:44+00:00,-8.04578908,-34.93998552,124,62,1.5499999523162842,131.0
2025-09-02T21:05:09Z,Run,2025-09-02 21:08:45+00:00,-8.04580107,-34.93998785,124,62,1.5499999523162842,132.0
2025-09-02T21:05:09Z,Run,2025-09-02 21:08:46+00:00,-8.04581373,-34.93998885,120,62,1.5499999523162842,133.0
2025-09-02T21:05:09Z,Run,2025-09-02 21:08:47+00:00,-8.04582706,-34.93999184,120,61,1.5499999523162842,134.0
2025-09-02T21:05:09Z,Run,2025-09-02 21:08:48+00:00,-8.04583972,-34.93999417,121,61,1.5499999523162842,135.0
2025-09-02T21:05:09Z,Run,2025-09-02 21:08:49+00:00,-8.04585305,-34.93999917,122,61,1.5499999523162842,136.0
2025-09-02T21:05:09Z,Run,2025-09-02 21:08:50+00:00,-8.04586571,-34.94000417,122,61,1.5499999523162842,137.0
2025-09-02T21:05:09Z,Run,2025-09-02 21:08:51+00:00,-8.04587837,-34.94000917,122,61,1.5499999523162842,138.0
2025-09-02T21:05:09Z,Run,2025-09-02 21:08:52+00:00,-8.04589004,-34.94001416,122,61,1.5499999523162842,139.0
2025-09-02T21:05:09Z,Run,2025-09-02 21:08:53+00:00,-8.04589837,-34.94002016,123,61,1.5499999523162842,140.0
2025-09-02T21:05:09Z,Run,2025-09-02 21:08:54+00:00,-8.04590636,-34.94002581,123,61,1.5399999618530273,141.0
2025-09-02T21:05:09Z,Run,2025-09-02 21:08:56+00:00,-8.04593103,-34.9400428,123,61,1.5399999618530273,143.0
2025-09-02T21:05:09Z,Run,2025-09-02 21:08:57+00:00,-8.04593902,-34.94003847,123,61,1.5399999618530273,144.0
2025-09-02T21:05:09Z,Run,2025-09-02 21:08:58+00:00,-8.04596035,-34.94002881,126,61,1.5299999713897705,145.0
2025-09-02T21:05:09Z,Run,2025-09-02 21:08:59+00:00,-8.04598567,-34.94002048,127,61,1.5299999713897705,146.0
2025-09-02T21:05:09Z,Run,2025-09-02 21:09:00+00:00,-8.04600867,-34.94001215,126,61,1.5299999713897705,147.0
2025-09-02T21:05:09Z,Run,2025-09-02 21:09:01+00:00,-8.04602766,-34.94000916,124,62,1.5299999713897705,148.0
2025-09-02T21:05:09Z,Run,2025-09-02 21:09:02+00:00,-8.04604565,-34.94000749,124,62,1.5299999713897705,149.0
2025-09-02T21:05:09Z,Run,2025-09-02 21:09:03+00:00,-8.04606099,-34.94000717,124,62,1.5299999713897705,150.0
2025-09-02T21:05:09Z,Run,2025-09-02 21:09:04+00:00,-8.04607499,-34.94000717,124,62,1.5399999618530273,151.0
2025-09-02T21:05:09Z,Run,2025-09-02 21:09:05+00:00,-8.04608831,-34.9400085,124,62,1.5499999523162842,152.0
2025-09-02T21:05:09Z,Run,2025-09-02 21:09:06+00:00,-8.0461013,-34.94001149,124,62,1.559999942779541,153.0
2025-09-02T21:05:09Z,Run,2025-09-02 21:09:07+00:00,-8.0461143,-34.94001515,124,62,1.559999942779541,154.0
2025-09-02T21:05:09Z,Run,2025-09-02 21:09:08+00:00,-8.04612662,-34.94001914,123,62,1.559999942779541,155.0
2025-09-02T21:05:09Z,Run,2025-09-02 21:09:09+00:00,-8.04613796,-34.94002213,123,62,1.559999942779541,156.0
2025-09-02T21:05:09Z,Run,2025-09-02 21:09:10+00:00,-8.04614829,-34.94002613,123,62,1.559999942779541,157.0
2025-09-02T21:05:09Z,Run,2025-09-02 21:09:11+00:00,-8.04615729,-34.94003078,122,62,1.559999942779541,158.0
2025-09-02T21:05:09Z,Run,2025-09-02 21:09:12+00:00,-8.04616496,-34.94003845,121,62,1.559999942779541,159.0
2025-09-02T21:05:09Z,Run,2025-09-02 21:09:13+00:00,-8.04617161,-34.94004878,121,63,1.559999942779541,160.0
2025-09-02T21:05:09Z,Run,2025-09-02 21:09:14+00:00,-8.04617761,-34.94005811,121,62,1.559999942779541,161.0
2025-09-02T21:05:09Z,Run,2025-09-02 21:09:15+00:00,-8.04618227,-34.94006611,121,62,1.559999942779541,162.0
2025-09-02T21:05:09Z,Run,2025-09-02 21:09:16+00:00,-8.0461866,-34.94007444,121,60,1.5499999523162842,163.0
2025-09-02T21:05:09Z,Run,2025-09-02 21:09:17+00:00,-8.04618793,-34.94008511,121,60,1.5399999618530273,164.0
2025-09-02T21:05:09Z,Run,2025-09-02 21:09:18+00:00,-8.04618627,-34.94010076,121,60,1.5299999713897705,165.0
2025-09-02T21:05:09Z,Run,2025-09-02 21:09:19+00:00,-8.04618595,-34.94011943,122,60,1.5199999809265137,166.0
2025-09-02T21:05:09Z,Run,2025-09-02 21:09:20+00:00,-8.04618694,-34.9401391,122,60,1.5099999904632568,167.0
2025-09-02T21:05:09Z,Run,2025-09-02 21:09:21+00:00,-8.04618894,-34.94015709,122,60,1.5099999904632568,168.0
2025-09-02T21:05:09Z,Run,2025-09-02 21:09:22+00:00,-8.04619126,-34.94017475,122,60,1.5099999904632568,169.0
2025-09-02T21:05:09Z,Run,2025-09-02 21:09:23+00:00,-8.04619426,-34.94019208,122,60,1.5,170.0
2025-09-02T21:05:09Z,Run,2025-09-02 21:09:24+00:00,-8.04619925,-34.94020473,120,60,1.5,171.0
2025-09-02T21:05:09Z,Run,2025-09-02 21:09:25+00:00,-8.0462139,-34.9402234,120,60,1.5099999904632568,172.0
2025-09-02T21:05:09Z,Run,2025-09-02 21:09:26+00:00,-8.04622556,-34.94022672,120,60,1.5099999904632568,173.0
2025-09-02T21:05:09Z,Run,2025-09-02 21:09:27+00:00,-8.04623823,-34.94022806,119,62,1.5099999904632568,174.0
2025-09-02T21:05:09Z,Run,2025-09-02 21:09:28+00:00,-8.0462509,-34.94022806,119,62,1.5099999904632568,175.0
2025-09-02T21:05:09Z,Run,2025-09-02 21:09:29+00:00,-8.04626222,-34.94022739,119,62,1.5,176.0
2025-09-02T21:05:09Z,Run,2025-09-02 21:09:30+00:00,-8.04627389,-34.94022839,119,62,1.5,177.0
2025-09-02T21:05:09Z,Run,2025-09-02 21:09:31+00:00,-8.04628421,-34.94023238,119,62,1.4900000095367432,178.0
2025-09-02T21:05:09Z,Run,2025-09-02 21:09:32+00:00,-8.04629354,-34.94023904,119,62,1.4900000095367432,179.0
2025-09-02T21:05:09Z,Run,2025-09-02 21:09:33+00:00,-8.04630288,-34.94024504,119,62,1.4900000095367432,180.0
2025-09-02T21:05:09Z,Run,2025-09-02 21:09:34+00:00,-8.04631321,-34.94024936,118,62,1.4800000190734863,181.0
2025-09-02T21:05:09Z,Run,2025-09-02 21:09:35+00:00,-8.04632553,-34.94024968,118,62,1.4700000286102295,182.0
2025-09-02T21:05:09Z,Run,2025-09-02 21:09:36+00:00,-8.0463402,-34.94024968,117,62,1.4700000286102295,183.0
2025-09-02T21:05:09Z,Run,2025-09-02 21:09:37+00:00,-8.04635753,-34.94024936,116,62,1.4600000381469727,184.0
2025-09-02T21:05:09Z,Run,2025-09-02 21:09:38+00:00,-8.04637552,-34.94024936,116,62,1.4600000381469727,185.0
2025-09-02T21:05:09Z,Run,2025-09-02 21:09:39+00:00,-8.04639286,-34.94024837,116,62,1.4500000476837158,186.0
2025-09-02T21:05:09Z,Run,2025-09-02 21:09:40+00:00,-8.04640918,-34.94024737,116,62,1.4500000476837158,187.0
2025-09-02T21:05:09Z,Run,2025-09-02 21:09:41+00:00,-8.0464255,-34.9402487,118,62,1.4500000476837158,188.0
2025-09-02T21:05:09Z,Run,2025-09-02 21:09:42+00:00,-8.04644017,-34.94025003,118,62,1.4500000476837158,189.0
2025-09-02T21:05:09Z,Run,2025-09-02 21:09:43+00:00,-8.04645417,-34.94025236,118,62,1.4500000476837158,190.0
2025-09-02T21:05:09Z,Run,2025-09-02 21:09:44+00:00,-8.0464665,-34.94025636,118,62,1.4500000476837158,191.0
2025-09-02T21:05:09Z,Run,2025-09-02 21:09:45+00:00,-8.04647983,-34.94026335,119,62,1.4500000476837158,192.0
2025-09-02T21:05:09Z,Run,2025-09-02 21:09:46+00:00,-8.04649216,-34.94026967,120,62,1.4500000476837158,193.0
2025-09-02T21:05:09Z,Run,2025-09-02 21:09:47+00:00,-8.04650483,-34.94027601,120,62,1.4600000381469727,194.0
2025-09-02T21:05:09Z,Run,2025-09-02 21:09:48+00:00,-8.04651782,-34.940283,120,62,1.4600000381469727,195.0
2025-09-02T21:05:09Z,Run,2025-09-02 21:09:49+00:00,-8.04652948,-34.94029,120,62,1.4600000381469727,196.0
2025-09-02T21:05:09Z,Run,2025-09-02 21:09:50+00:00,-8.04654014,-34.94029632,120,62,1.4600000381469727,197.0
2025-09-02T21:05:09Z,Run,2025-09-02 21:09:51+00:00,-8.04654914,-34.94030031,120,62,1.4600000381469727,198.0
2025-09-02T21:05:09Z,Run,2025-09-02 21:09:52+00:00,-8.04655681,-34.94030764,121,62,1.4600000381469727,199.0
2025-09-02T21:05:09Z,Run,2025-09-02 21:09:53+00:00,-8.04656446,-34.94031363,120,62,1.4600000381469727,200.0
2025-09-02T21:05:09Z,Run,2025-09-02 21:09:54+00:00,-8.0465738,-34.9403183,121,62,1.4500000476837158,201.0
2025-09-02T21:05:09Z,Run,2025-09-02 21:09:55+00:00,-8.04658413,-34.94032129,121,62,1.4500000476837158,202.0
2025-09-02T21:05:09Z,Run,2025-09-02 21:09:56+00:00,-8.04659545,-34.94032261,121,62,1.440000057220459,203.0
2025-09-02T21:05:09Z,Run,2025-09-02 21:09:57+00:00,-8.04660812,-34.94032361,121,62,1.440000057220459,204.0
2025-09-02T21:05:09Z,Run,2025-09-02 21:09:58+00:00,-8.04662144,-34.94032494,121,62,1.4299999475479126,205.0
2025-09-02T21:05:09Z,Run,2025-09-02 21:09:59+00:00,-8.04663611,-34.94032859,121,64,1.4299999475479126,206.0
2025-09-02T21:05:09Z,Run,2025-09-02 21:10:00+00:00,-8.0466511,-34.94033293,122,64,1.4199999570846558,207.0
2025-09-02T21:05:09Z,Run,2025-09-02 21:10:01+00:00,-8.04666777,-34.94033793,121,64,1.409999966621399,208.0
2025-09-02T21:05:09Z,Run,2025-09-02 21:10:02+00:00,-8.04668476,-34.94034158,121,64,1.409999966621399,209.0
2025-09-02T21:05:09Z,Run,2025-09-02 21:10:03+00:00,-8.04670142,-34.94034457,121,64,1.3700000047683716,210.0
2025-09-02T21:05:09Z,Run,2025-09-02 21:10:04+00:00,-8.04671808,-34.94034724,121,64,1.3799999952316284,211.0
2025-09-02T21:05:09Z,Run,2025-09-02 21:10:05+00:00,-8.04673575,-34.94034924,121,64,1.4900000095367432,212.0
2025-09-02T21:05:09Z,Run,2025-09-02 21:10:06+00:00,-8.04675474,-34.94035356,122,64,1.5499999523162842,213.0
2025-09-02T21:05:09Z,Run,2025-09-02 21:10:07+00:00,-8.04677407,-34.94035856,125,64,1.590000033378601,214.0
2025-09-02T21:05:09Z,Run,2025-09-02 21:10:08+00:00,-8.04679273,-34.94036423,125,64,1.590000033378601,215.0
2025-09-02T21:05:09Z,Run,2025-09-02 21:10:09+00:00,-8.04680939,-34.94036956,126,64,1.659999966621399,216.0
2025-09-02T21:05:09Z,Run,2025-09-02 21:10:10+00:00,-8.04682573,-34.9403749,128,64,1.7000000476837158,217.0
2025-09-02T21:05:09Z,Run,2025-09-02 21:10:11+00:00,-8.04684139,-34.94038189,128,64,1.7400000095367432,218.0
2025-09-02T21:05:09Z,Run,2025-09-02 21:10:12+00:00,-8.04685705,-34.94038922,127,64,1.7400000095367432,219.0
2025-09-02T21:05:09Z,Run,2025-09-02 21:10:13+00:00,-8.04687238,-34.94039621,127,62,1.75,220.0
2025-09-02T21:05:09Z,Run,2025-09-02 21:10:14+00:00,-8.04688872,-34.94040154,127,62,1.7599999904632568,221.0
2025-09-02T21:05:09Z,Run,2025-09-02 21:10:15+00:00,-8.04690637,-34.94040288,127,62,1.7599999904632568,222.0
2025-09-02T21:05:09Z,Run,2025-09-02 21:10:16+00:00,-8.0469257,-34.9404032,126,62,1.7599999904632568,223.0
2025-09-02T21:05:09Z,Run,2025-09-02 21:10:17+00:00,-8.04694303,-34.94040352,126,60,1.7599999904632568,224.0
2025-09-02T21:05:09Z,Run,2025-09-02 21:10:18+00:00,-8.04695935,-34.94040586,126,60,1.7599999904632568,225.0
2025-09-02T21:05:09Z,Run,2025-09-02 21:10:19+00:00,-8.04697435,-34.94040685,126,60,1.75,226.0
2025-09-02T21:05:09Z,Run,2025-09-02 21:10:20+00:00,-8.04698801,-34.9404075,126,60,1.7599999904632568,227.0
2025-09-02T21:05:09Z,Run,2025-09-02 21:10:21+00:00,-8.04700034,-34.94040817,126,60,1.7599999904632568,228.0
2025-09-02T21:05:09Z,Run,2025-09-02 21:10:22+00:00,-8.04701301,-34.94040949,125,61,1.75,229.0
2025-09-02T21:05:09Z,Run,2025-09-02 21:10:23+00:00,-8.04702633,-34.94041049,125,61,1.7100000381469727,230.0
2025-09-02T21:05:09Z,Run,2025-09-02 21:10:24+00:00,-8.04704132,-34.94041115,124,61,1.6299999952316284,231.0
2025-09-02T21:05:09Z,Run,2025-09-02 21:10:25+00:00,-8.04705631,-34.94041083,122,61,1.5399999618530273,232.0
2025-09-02T21:05:09Z,Run,2025-09-02 21:10:26+00:00,-8.04707231,-34.94040816,122,61,1.5,233.0
2025-09-02T21:05:09Z,Run,2025-09-02 21:10:27+00:00,-8.04708831,-34.94040349,122,61,1.5,234.0
2025-09-02T21:05:09Z,Run,2025-09-02 21:10:28+00:00,-8.0471033,-34.94039883,122,63,1.4800000190734863,235.0
2025-09-02T21:05:09Z,Run,2025-09-02 21:10:29+00:00,-8.04711797,-34.9403965,122,63,1.4800000190734863,236.0
2025-09-02T21:05:09Z,Run,2025-09-02 21:10:30+00:00,-8.04713197,-34.94039683,122,63,1.5099999904632568,237.0
2025-09-02T21:05:09Z,Run,2025-09-02 21:10:31+00:00,-8.04714563,-34.94039915,122,63,1.5299999713897705,238.0
2025-09-02T21:05:09Z,Run,2025-09-02 21:10:32+00:00,-8.04715995,-34.94040348,122,63,1.5299999713897705,239.0
2025-09-02T21:05:09Z,Run,2025-09-02 21:10:33+00:00,-8.04717162,-34.94040481,122,63,1.5299999713897705,240.0
2025-09-02T21:05:09Z,Run,2025-09-02 21:10:34+00:00,-8.04718094,-34.94040348,123,63,1.5299999713897705,241.0
2025-09-02T21:05:09Z,Run,2025-09-02 21:10:35+00:00,-8.04718994,-34.94039983,122,63,1.5299999713897705,242.0
2025-09-02T21:05:09Z,Run,2025-09-02 21:10:36+00:00,-8.04720161,-34.94039583,122,63,1.5099999904632568,243.0
2025-09-02T21:05:09Z,Run,2025-09-02 21:10:37+00:00,-8.04721426,-34.94039284,123,63,1.4600000381469727,244.0
2025-09-02T21:05:09Z,Run,2025-09-02 21:10:38+00:00,-8.04722659,-34.94039218,123,63,1.399999976158142,245.0
2025-09-02T21:05:09Z,Run,2025-09-02 21:10:39+00:00,-8.04723959,-34.94039186,123,63,1.399999976158142,246.0
2025-09-02T21:05:09Z,Run,2025-09-02 21:10:40+00:00,-8.04725291,-34.94039153,122,63,1.3300000429153442,247.0
2025-09-02T21:05:09Z,Run,2025-09-02 21:10:41+00:00,-8.0472679,-34.94039219,122,63,1.2999999523162842,248.0
2025-09-02T21:05:09Z,Run,2025-09-02 21:10:42+00:00,-8.04728223,-34.94039285,122,63,1.2999999523162842,249.0
2025-09-02T21:05:09Z,Run,2025-09-02 21:10:43+00:00,-8.04729656,-34.94039385,121,62,1.2999999523162842,250.0
2025-09-02T21:05:09Z,Run,2025-09-02 21:10:44+00:00,-8.04731021,-34.94039484,120,62,1.3200000524520874,251.0
2025-09-02T21:05:09Z,Run,2025-09-02 21:10:45+00:00,-8.04732388,-34.94039516,120,62,1.3200000524520874,252.0
2025-09-02T21:05:09Z,Run,2025-09-02 21:10:46+00:00,-8.04733754,-34.94039582,120,62,1.3600000143051147,253.0
2025-09-02T21:05:09Z,Run,2025-09-02 21:10:47+00:00,-8.04734953,-34.94039648,120,62,1.399999976158142,254.0
2025-09-02T21:05:09Z,Run,2025-09-02 21:10:48+00:00,-8.04735952,-34.94039714,120,62,1.4199999570846558,255.0
2025-09-02T21:05:09Z,Run,2025-09-02 21:10:49+00:00,-8.04736917,-34.9403988,121,62,1.4199999570846558,256.0
2025-09-02T21:05:09Z,Run,2025-09-02 21:10:50+00:00,-8.04737884,-34.94040313,122,62,1.4199999570846558,257.0
2025-09-02T21:05:09Z,Run,2025-09-02 21:10:51+00:00,-8.04738917,-34.94040779,122,62,1.4199999570846558,258.0
2025-09-02T21:05:09Z,Run,2025-09-02 21:10:52+00:00,-8.04739983,-34.94041379,123,62,1.4199999570846558,259.0
2025-09-02T21:05:09Z,Run,2025-09-02 21:10:53+00:00,-8.04741149,-34.94041912,123,62,1.409999966621399,260.0
2025-09-02T21:05:09Z,Run,2025-09-02 21:10:54+00:00,-8.04742382,-34.94042444,123,62,1.399999976158142,261.0
2025-09-02T21:05:09Z,Run,2025-09-02 21:10:55+00:00,-8.04743581,-34.94043078,122,62,1.3899999856948853,262.0
2025-09-02T21:05:09Z,Run,2025-09-02 21:10:56+00:00,-8.04744713,-34.94043777,122,62,1.3799999952316284,263.0
2025-09-02T21:05:09Z,Run,2025-09-02 21:10:57+00:00,-8.04745779,-34.94044577,122,62,1.3799999952316284,264.0
2025-09-02T21:05:09Z,Run,2025-09-02 21:10:58+00:00,-8.04746845,-34.94045276,123,62,1.3799999952316284,265.0
2025-09-02T21:05:09Z,Run,2025-09-02 21:10:59+00:00,-8.04747745,-34.94046042,124,62,1.3799999952316284,266.0
2025-09-02T21:05:09Z,Run,2025-09-02 21:11:00+00:00,-8.04748544,-34.94046709,125,62,1.3700000047683716,267.0
2025-09-02T21:05:09Z,Run,2025-09-02 21:11:01+00:00,-8.04749244,-34.94047242,126,62,1.3700000047683716,268.0
2025-09-02T21:05:09Z,Run,2025-09-02 21:11:02+00:00,-8.04749977,-34.94047641,126,61,1.3700000047683716,269.0
2025-09-02T21:05:09Z,Run,2025-09-02 21:11:03+00:00,-8.04750877,-34.94047707,126,61,1.3700000047683716,270.0
2025-09-02T21:05:09Z,Run,2025-09-02 21:11:04+00:00,-8.04751843,-34.94047608,128,62,1.3600000143051147,271.0
2025-09-02T21:05:09Z,Run,2025-09-02 21:11:05+00:00,-8.04752943,-34.94047542,126,62,1.3600000143051147,272.0
2025-09-02T21:05:09Z,Run,2025-09-02 21:11:06+00:00,-8.04754175,-34.94047442,126,62,1.350000023841858,273.0
2025-09-02T21:05:09Z,Run,2025-09-02 21:11:07+00:00,-8.04755442,-34.94047377,126,62,1.340000033378601,274.0
2025-09-02T21:05:09Z,Run,2025-09-02 21:11:08+00:00,-8.04756708,-34.94047442,126,62,1.3300000429153442,275.0
2025-09-02T21:05:09Z,Run,2025-09-02 21:11:09+00:00,-8.04758141,-34.94047642,126,62,1.3300000429153442,276.0
2025-09-02T21:05:09Z,Run,2025-09-02 21:11:10+00:00,-8.04759506,-34.94048041,126,62,1.3200000524520874,277.0
2025-09-02T21:05:09Z,Run,2025-09-02 21:11:11+00:00,-8.04760873,-34.94048475,126,62,1.3200000524520874,278.0
2025-09-02T21:05:09Z,Run,2025-09-02 21:11:12+00:00,-8.04762172,-34.9404884,126,62,1.309999942779541,279.0
2025-09-02T21:05:09Z,Run,2025-09-02 21:11:13+00:00,-8.04763339,-34.94049007,126,62,1.309999942779541,280.0
2025-09-02T21:05:09Z,Run,2025-09-02 21:11:14+00:00,-8.04764371,-34.94049073,126,62,1.309999942779541,281.0
2025-09-02T21:05:09Z,Run,2025-09-02 21:11:15+00:00,-8.04765471,-34.94049172,126,62,1.309999942779541,282.0
2025-09-02T21:05:09Z,Run,2025-09-02 21:11:16+00:00,-8.0476667,-34.94049372,126,62,1.3200000524520874,283.0
2025-09-02T21:05:09Z,Run,2025-09-02 21:11:17+00:00,-8.04767903,-34.94049538,126,62,1.3200000524520874,284.0
2025-09-02T21:05:09Z,Run,2025-09-02 21:11:18+00:00,-8.04769136,-34.94049937,127,61,1.3200000524520874,285.0
2025-09-02T21:05:09Z,Run,2025-09-02 21:11:19+00:00,-8.04770401,-34.94050404,128,61,1.3200000524520874,286.0
2025-09-02T21:05:09Z,Run,2025-09-02 21:11:20+00:00,-8.04771701,-34.94050836,128,61,1.309999942779541,287.0
2025-09-02T21:05:09Z,Run,2025-09-02 21:11:21+00:00,-8.04773067,-34.94051236,128,61,1.309999942779541,288.0
2025-09-02T21:05:09Z,Run,2025-09-02 21:11:22+00:00,-8.04774367,-34.94051435,129,61,1.309999942779541,289.0
2025-09-02T21:05:09Z,Run,2025-09-02 21:11:23+00:00,-8.04775666,-34.94051435,129,61,1.309999942779541,290.0
2025-09-02T21:05:09Z,Run,2025-09-02 21:11:24+00:00,-8.04776865,-34.94051203,129,61,1.309999942779541,291.0
2025-09-02T21:05:09Z,Run,2025-09-02 21:11:25+00:00,-8.04777965,-34.9405077,129,61,1.309999942779541,292.0
2025-09-02T21:05:09Z,Run,2025-09-02 21:11:26+00:00,-8.04779031,-34.94050203,130,61,1.3200000524520874,293.0
2025-09-02T21:05:09Z,Run,2025-09-02 21:11:27+00:00,-8.04780064,-34.9404967,130,61,1.3200000524520874,294.0
2025-09-02T21:05:09Z,Run,2025-09-02 21:11:28+00:00,-8.0478103,-34.94049203,130,61,1.3200000524520874,295.0
2025-09-02T21:05:09Z,Run,2025-09-02 21:11:29+00:00,-8.04781896,-34.94048971,130,61,1.3200000524520874,296.0
2025-09-02T21:05:09Z,Run,2025-09-02 21:11:30+00:00,-8.04782695,-34.94048737,129,61,1.3200000524520874,297.0
2025-09-02T21:05:09Z,Run,2025-09-02 21:11:31+00:00,-8.04783662,-34.94048337,128,61,1.3200000524520874,298.0
2025-09-02T21:05:09Z,Run,2025-09-02 21:11:32+00:00,-8.04784828,-34.94047938,127,59,1.3200000524520874,299.0
2025-09-02T21:05:09Z,Run,2025-09-02 21:11:33+00:00,-8.0478596,-34.94047273,127,59,1.3200000524520874,300.0
2025-09-02T21:05:09Z,Run,2025-09-02 21:11:34+00:00,-8.04787093,-34.94046373,126,58,1.3200000524520874,301.0
2025-09-02T21:05:09Z,Run,2025-09-02 21:11:35+00:00,-8.04787992,-34.9404534,125,58,1.309999942779541,302.0
2025-09-02T21:05:09Z,Run,2025-09-02 21:11:36+00:00,-8.04788859,-34.94044208,125,58,1.309999942779541,303.0
2025-09-02T21:05:09Z,Run,2025-09-02 21:11:37+00:00,-8.04789791,-34.94043076,125,58,1.309999942779541,304.0
2025-09-02T21:05:09Z,Run,2025-09-02 21:11:38+00:00,-8.0479079,-34.94042042,126,58,1.309999942779541,305.0
2025-09-02T21:05:09Z,Run,2025-09-02 21:11:39+00:00,-8.0479189,-34.9404111,126,58,1.309999942779541,306.0
2025-09-02T21:05:09Z,Run,2025-09-02 21:11:40+00:00,-8.04793123,-34.94040343,126,58,1.309999942779541,307.0
2025-09-02T21:05:09Z,Run,2025-09-02 21:11:41+00:00,-8.04794455,-34.94039644,126,58,1.3200000524520874,308.0
2025-09-02T21:05:09Z,Run,2025-09-02 21:11:42+00:00,-8.04795787,-34.94039078,126,58,1.3200000524520874,309.0
2025-09-02T21:05:09Z,Run,2025-09-02 21:11:43+00:00,-8.04797121,-34.94038845,125,58,1.3300000429153442,310.0
2025-09-02T21:05:09Z,Run,2025-09-02 21:11:44+00:00,-8.04798453,-34.94038645,124,58,1.340000033378601,311.0
2025-09-02T21:05:09Z,Run,2025-09-02 21:11:45+00:00,-8.0479972,-34.94038445,124,58,1.340000033378601,312.0
2025-09-02T21:05:09Z,Run,2025-09-02 21:11:46+00:00,-8.04800919,-34.94038146,124,61,1.340000033378601,313.0
2025-09-02T21:05:09Z,Run,2025-09-02 21:11:47+00:00,-8.04801851,-34.94037981,123,61,1.350000023841858,314.0
2025-09-02T21:05:09Z,Run,2025-09-02 21:11:48+00:00,-8.04802718,-34.94037714,123,61,1.3600000143051147,315.0
2025-09-02T21:05:09Z,Run,2025-09-02 21:11:49+00:00,-8.04803517,-34.94037281,123,61,1.3600000143051147,316.0
2025-09-02T21:05:09Z,Run,2025-09-02 21:11:50+00:00,-8.04804183,-34.94036682,123,61,1.3600000143051147,317.0
2025-09-02T21:05:09Z,Run,2025-09-02 21:11:51+00:00,-8.04804883,-34.94035882,123,61,1.3600000143051147,318.0
2025-09-02T21:05:09Z,Run,2025-09-02 21:11:52+00:00,-8.04805749,-34.94034883,123,61,1.3600000143051147,319.0
2025-09-02T21:05:09Z,Run,2025-09-02 21:11:53+00:00,-8.04806715,-34.94033816,123,61,1.350000023841858,320.0
2025-09-02T21:05:09Z,Run,2025-09-02 21:11:54+00:00,-8.0480768,-34.94032483,124,61,1.340000033378601,321.0
2025-09-02T21:05:09Z,Run,2025-09-02 21:11:55+00:00,-8.04808547,-34.94031017,124,61,1.340000033378601,322.0
2025-09-02T21:05:09Z,Run,2025-09-02 21:11:56+00:00,-8.04809413,-34.94029784,124,61,1.340000033378601,323.0
2025-09-02T21:05:09Z,Run,2025-09-02 21:11:57+00:00,-8.04810345,-34.94028785,124,61,1.340000033378601,324.0
2025-09-02T21:05:09Z,Run,2025-09-02 21:11:58+00:00,-8.04811378,-34.94027951,124,61,1.340000033378601,325.0
2025-09-02T21:05:09Z,Run,2025-09-02 21:11:59+00:00,-8.04812444,-34.94027151,123,61,1.350000023841858,326.0
2025-09-02T21:05:09Z,Run,2025-09-02 21:12:00+00:00,-8.04813576,-34.94026418,123,64,1.350000023841858,327.0
2025-09-02T21:05:09Z,Run,2025-09-02 21:12:01+00:00,-8.04814642,-34.94025719,123,64,1.3600000143051147,328.0
2025-09-02T21:05:09Z,Run,2025-09-02 21:12:02+00:00,-8.04815609,-34.9402512,123,64,1.3700000047683716,329.0
2025-09-02T21:05:09Z,Run,2025-09-02 21:12:03+00:00,-8.04816775,-34.94024488,123,64,1.3700000047683716,330.0
2025-09-02T21:05:09Z,Run,2025-09-02 21:12:04+00:00,-8.04818108,-34.94023921,124,64,1.3700000047683716,331.0
2025-09-02T21:05:09Z,Run,2025-09-02 21:12:05+00:00,-8.04819541,-34.94023354,124,64,1.3799999952316284,332.0
2025-09-02T21:05:09Z,Run,2025-09-02 21:12:06+00:00,-8.04821008,-34.94022821,124,64,1.3799999952316284,333.0
2025-09-02T21:05:09Z,Run,2025-09-02 21:12:07+00:00,-8.04822408,-34.94022354,124,64,1.3899999856948853,334.0
2025-09-02T21:05:09Z,Run,2025-09-02 21:12:08+00:00,-8.04823807,-34.94021989,124,64,1.3899999856948853,335.0
2025-09-02T21:05:09Z,Run,2025-09-02 21:12:09+00:00,-8.04825073,-34.94021656,123,64,1.399999976158142,336.0
2025-09-02T21:05:09Z,Run,2025-09-02 21:12:10+00:00,-8.04826207,-34.94021357,123,64,1.399999976158142,337.0
2025-09-02T21:05:09Z,Run,2025-09-02 21:12:11+00:00,-8.04827339,-34.94021024,123,64,1.399999976158142,338.0
2025-09-02T21:05:09Z,Run,2025-09-02 21:12:12+00:00,-8.04828471,-34.94020625,123,64,1.399999976158142,339.0
2025-09-02T21:05:09Z,Run,2025-09-02 21:12:13+00:00,-8.04829571,-34.94020158,123,64,1.399999976158142,340.0
2025-09-02T21:05:09Z,Run,2025-09-02 21:12:14+00:00,-8.04830705,-34.94019693,123,32,1.399999976158142,341.0
2025-09-02T21:05:09Z,Run,2025-09-02 21:12:15+00:00,-8.0483187,-34.94019159,123,32,1.399999976158142,342.0
2025-09-02T21:05:09Z,Run,2025-09-02 21:12:16+00:00,-8.0483317,-34.94018759,123,32,1.399999976158142,343.0
2025-09-02T21:05:09Z,Run,2025-09-02 21:12:17+00:00,-8.04834437,-34.94018427,125,32,1.399999976158142,344.0
2025-09-02T21:05:09Z,Run,2025-09-02 21:12:18+00:00,-8.04835636,-34.94018095,125,32,1.399999976158142,345.0
2025-09-02T21:05:09Z,Run,2025-09-02 21:12:19+00:00,-8.04836735,-34.94017595,125,31,1.399999976158142,346.0
2025-09-02T21:05:09Z,Run,2025-09-02 21:12:20+00:00,-8.04837702,-34.94016828,125,31,1.3899999856948853,347.0
2025-09-02T21:05:09Z,Run,2025-09-02 21:12:21+00:00,-8.04838602,-34.94015929,125,31,1.3899999856948853,348.0
2025-09-02T21:05:09Z,Run,2025-09-02 21:12:22+00:00,-8.04839567,-34.94015162,125,31,1.3899999856948853,349.0
2025-09-02T21:05:09Z,Run,2025-09-02 21:12:23+00:00,-8.04840733,-34.94014463,126,31,1.3899999856948853,350.0
2025-09-02T21:05:09Z,Run,2025-09-02 21:12:24+00:00,-8.048419,-34.94013864,127,31,1.3899999856948853,351.0
2025-09-02T21:05:09Z,Run,2025-09-02 21:12:25+00:00,-8.04843232,-34.94013164,127,31,1.3899999856948853,352.0
2025-09-02T21:05:09Z,Run,2025-09-02 21:12:26+00:00,-8.04844632,-34.94012532,128,32,1.3899999856948853,353.0
2025-09-02T21:05:09Z,Run,2025-09-02 21:12:27+00:00,-8.04845998,-34.94011833,129,32,1.3799999952316284,354.0
2025-09-02T21:05:09Z,Run,2025-09-02 21:12:28+00:00,-8.04847364,-34.940112,129,32,1.3799999952316284,355.0
2025-09-02T21:05:09Z,Run,2025-09-02 21:12:29+00:00,-8.04848697,-34.94010734,129,32,1.3899999856948853,356.0
2025-09-02T21:05:09Z,Run,2025-09-02 21:12:30+00:00,-8.04850097,-34.94010234,129,32,1.3899999856948853,357.0
2025-09-02T21:05:09Z,Run,2025-09-02 21:12:31+00:00,-8.04851497,-34.94009868,129,32,1.3899999856948853,358.0
2025-09-02T21:05:09Z,Run,2025-09-02 21:12:32+00:00,-8.04852962,-34.94009502,129,31,1.399999976158142,359.0
2025-09-02T21:05:09Z,Run,2025-09-02 21:12:33+00:00,-8.04854329,-34.94009203,129,31,1.399999976158142,360.0
2025-09-02T21:05:09Z,Run,2025-09-02 21:12:34+00:00,-8.04855761,-34.94008904,129,31,1.399999976158142,361.0
2025-09-02T21:05:09Z,Run,2025-09-02 21:12:35+00:00,-8.04857028,-34.94008805,128,31,1.409999966621399,362.0
2025-09-02T21:05:09Z,Run,2025-09-02 21:12:36+00:00,-8.04858227,-34.94008772,127,32,1.409999966621399,363.0
2025-09-02T21:05:09Z,Run,2025-09-02 21:12:37+00:00,-8.04859327,-34.94008772,127,32,1.4199999570846558,364.0
2025-09-02T21:05:09Z,Run,2025-09-02 21:12:38+00:00,-8.04860359,-34.94008772,127,32,1.4199999570846558,365.0
2025-09-02T21:05:09Z,Run,2025-09-02 21:12:39+00:00,-8.04861426,-34.94008706,126,32,1.4199999570846558,366.0
2025-09-02T21:05:09Z,Run,2025-09-02 21:12:40+00:00,-8.04862592,-34.94008673,126,32,1.4199999570846558,367.0
2025-09-02T21:05:09Z,Run,2025-09-02 21:12:41+00:00,-8.04863857,-34.94008574,126,32,1.4199999570846558,368.0
2025-09-02T21:05:09Z,Run,2025-09-02 21:12:42+00:00,-8.04864957,-34.94008374,127,31,1.4199999570846558,369.0
2025-09-02T21:05:09Z,Run,2025-09-02 21:12:43+00:00,-8.04865923,-34.94008109,128,31,1.4199999570846558,370.0
2025-09-02T21:05:09Z,Run,2025-09-02 21:12:44+00:00,-8.0486689,-34.94007743,128,31,1.409999966621399,371.0
2025-09-02T21:05:09Z,Run,2025-09-02 21:12:45+00:00,-8.04867822,-34.94007176,128,32,1.399999976158142,372.0
2025-09-02T21:05:09Z,Run,2025-09-02 21:12:46+00:00,-8.04868822,-34.94006676,128,32,1.399999976158142,373.0
2025-09-02T21:05:09Z,Run,2025-09-02 21:12:47+00:00,-8.04869855,-34.94006143,128,32,1.3899999856948853,374.0
2025-09-02T21:05:09Z,Run,2025-09-02 21:12:48+00:00,-8.04871021,-34.94005711,129,32,1.3799999952316284,375.0
2025-09-02T21:05:09Z,Run,2025-09-02 21:12:49+00:00,-8.0487232,-34.94005378,130,32,1.3700000047683716,376.0
2025-09-02T21:05:09Z,Run,2025-09-02 21:12:50+00:00,-8.04873587,-34.94005245,131,32,1.3600000143051147,377.0
2025-09-02T21:05:09Z,Run,2025-09-02 21:12:51+00:00,-8.04874786,-34.94005012,130,32,1.3600000143051147,378.0
2025-09-02T21:05:09Z,Run,2025-09-02 21:12:52+00:00,-8.04875985,-34.94004779,130,32,1.3600000143051147,379.0
2025-09-02T21:05:09Z,Run,2025-09-02 21:12:53+00:00,-8.04877418,-34.94004713,129,33,1.350000023841858,380.0
2025-09-02T21:05:09Z,Run,2025-09-02 21:12:54+00:00,-8.0487885,-34.94004614,129,32,1.350000023841858,381.0
2025-09-02T21:05:09Z,Run,2025-09-02 21:12:55+00:00,-8.0488035,-34.94004347,129,32,1.350000023841858,382.0
2025-09-02T21:05:09Z,Run,2025-09-02 21:12:56+00:00,-8.04881816,-34.9400388,129,32,1.340000033378601,383.0
2025-09-02T21:05:09Z,Run,2025-09-02 21:12:57+00:00,-8.04883183,-34.94003281,129,32,1.340000033378601,384.0
2025-09-02T21:05:09Z,Run,2025-09-02 21:12:58+00:00,-8.04884415,-34.94002682,129,32,1.340000033378601,385.0
2025-09-02T21:05:09Z,Run,2025-09-02 21:12:59+00:00,-8.04885748,-34.9400205,128,32,1.340000033378601,386.0
2025-09-02T21:05:09Z,Run,2025-09-02 21:13:00+00:00,-8.04887114,-34.94001417,127,32,1.340000033378601,387.0
2025-09-02T21:05:09Z,Run,2025-09-02 21:13:01+00:00,-8.04888346,-34.94000484,127,32,1.350000023841858,388.0
2025-09-02T21:05:09Z,Run,2025-09-02 21:13:02+00:00,-8.04889412,-34.93999485,127,32,1.350000023841858,389.0
2025-09-02T21:05:09Z,Run,2025-09-02 21:13:03+00:00,-8.04890412,-34.93998752,128,31,1.350000023841858,390.0
2025-09-02T21:05:09Z,Run,2025-09-02 21:13:04+00:00,-8.04891644,-34.9399812,128,31,1.350000023841858,391.0
2025-09-02T21:05:09Z,Run,2025-09-02 21:13:05+00:00,-8.04893111,-34.93997553,129,31,1.350000023841858,392.0
2025-09-02T21:05:09Z,Run,2025-09-02 21:13:06+00:00,-8.04894644,-34.93997286,130,32,1.350000023841858,393.0
2025-09-02T21:05:09Z,Run,2025-09-02 21:13:07+00:00,-8.04896177,-34.93997254,130,32,1.350000023841858,394.0
2025-09-02T21:05:09Z,Run,2025-09-02 21:13:08+00:00,-8.04897643,-34.93997021,128,32,1.3600000143051147,395.0
2025-09-02T21:05:09Z,Run,2025-09-02 21:13:09+00:00,-8.04899043,-34.93996554,127,32,1.3600000143051147,396.0
2025-09-02T21:05:09Z,Run,2025-09-02 21:13:10+00:00,-8.04900442,-34.93996088,127,32,1.3600000143051147,397.0
2025-09-02T21:05:09Z,Run,2025-09-02 21:13:11+00:00,-8.04901876,-34.93995388,127,32,1.3600000143051147,398.0
2025-09-02T21:05:09Z,Run,2025-09-02 21:13:12+00:00,-8.04903375,-34.93994523,127,32,1.3600000143051147,399.0
2025-09-02T21:05:09Z,Run,2025-09-02 21:13:13+00:00,-8.04905274,-34.93993723,128,31,1.3600000143051147,400.0
2025-09-02T21:05:09Z,Run,2025-09-02 21:13:14+00:00,-8.04907239,-34.9399299,128,31,1.3700000047683716,401.0
2025-09-02T21:05:09Z,Run,2025-09-02 21:13:15+00:00,-8.04909206,-34.9399249,127,32,1.3700000047683716,402.0
2025-09-02T21:05:09Z,Run,2025-09-02 21:13:16+00:00,-8.04911038,-34.93992191,127,32,1.3700000047683716,403.0
2025-09-02T21:05:09Z,Run,2025-09-02 21:13:17+00:00,-8.04912672,-34.93991991,126,32,1.3799999952316284,404.0
2025-09-02T21:05:09Z,Run,2025-09-02 21:13:18+00:00,-8.04914072,-34.93991825,124,31,1.3899999856948853,405.0
2025-09-02T21:05:09Z,Run,2025-09-02 21:13:19+00:00,-8.04915438,-34.93991592,124,32,1.399999976158142,406.0
2025-09-02T21:05:09Z,Run,2025-09-02 21:13:20+00:00,-8.04916971,-34.93991426,124,31,1.409999966621399,407.0
2025-09-02T21:05:09Z,Run,2025-09-02 21:13:21+00:00,-8.04918603,-34.93991327,124,31,1.409999966621399,408.0
2025-09-02T21:05:09Z,Run,2025-09-02 21:13:22+00:00,-8.0492027,-34.9399126,124,31,1.409999966621399,409.0
2025-09-02T21:05:09Z,Run,2025-09-02 21:13:23+00:00,-8.04921803,-34.93991094,124,31,1.4199999570846558,410.0
2025-09-02T21:05:09Z,Run,2025-09-02 21:13:24+00:00,-8.04923336,-34.93990829,127,29,1.4199999570846558,411.0
2025-09-02T21:05:09Z,Run,2025-09-02 21:13:25+00:00,-8.04924835,-34.93990362,127,31,1.4299999475479126,412.0
2025-09-02T21:05:09Z,Run,2025-09-02 21:13:26+00:00,-8.04926369,-34.93989963,127,32,1.4299999475479126,413.0
2025-09-02T21:05:09Z,Run,2025-09-02 21:13:27+00:00,-8.04927701,-34.93989463,128,32,1.440000057220459,414.0
2025-09-02T21:05:09Z,Run,2025-09-02 21:13:28+00:00,-8.04928968,-34.93988864,128,32,1.440000057220459,415.0
2025-09-02T21:05:09Z,Run,2025-09-02 21:13:29+00:00,-8.04930267,-34.93988232,128,32,1.440000057220459,416.0
2025-09-02T21:05:09Z,Run,2025-09-02 21:13:30+00:00,-8.04931633,-34.93987698,129,32,1.4500000476837158,417.0
2025-09-02T21:05:09Z,Run,2025-09-02 21:13:31+00:00,-8.04933066,-34.93987298,129,32,1.4500000476837158,418.0
2025-09-02T21:05:09Z,Run,2025-09-02 21:13:32+00:00,-8.04934498,-34.93986966,129,32,1.4600000381469727,419.0
2025-09-02T21:05:09Z,Run,2025-09-02 21:13:33+00:00,-8.04935965,-34.93986466,129,31,1.4700000286102295,420.0
2025-09-02T21:05:09Z,Run,2025-09-02 21:13:34+00:00,-8.04937365,-34.93985867,129,31,1.4700000286102295,421.0
2025-09-02T21:05:09Z,Run,2025-09-02 21:13:35+00:00,-8.04938765,-34.939853,128,32,1.4700000286102295,422.0
2025-09-02T21:05:09Z,Run,2025-09-02 21:13:36+00:00,-8.04939964,-34.939848,127,32,1.4700000286102295,423.0
2025-09-02T21:05:09Z,Run,2025-09-02 21:13:37+00:00,-8.04940997,-34.93984401,127,31,1.4800000190734863,424.0
2025-09-02T21:05:09Z,Run,2025-09-02 21:13:38+00:00,-8.04941897,-34.93984269,127,31,1.4800000190734863,425.0
2025-09-02T21:05:09Z,Run,2025-09-02 21:13:39+00:00,-8.04942563,-34.93984202,127,32,1.4900000095367432,426.0
2025-09-02T21:05:09Z,Run,2025-09-02 21:13:40+00:00,-8.04943096,-34.93983537,127,32,1.4900000095367432,427.0
2025-09-02T21:05:09Z,Run,2025-09-02 21:13:41+00:00,-8.04943096,-34.9398297,126,32,1.4800000190734863,428.0
2025-09-02T21:05:09Z,Run,2025-09-02 21:13:42+00:00,-8.04942796,-34.93982403,126,31,1.4700000286102295,429.0
2025-09-02T21:05:09Z,Run,2025-09-02 21:13:43+00:00,-8.04942297,-34.9398167,126,31,1.4500000476837158,430.0
2025-09-02T21:05:09Z,Run,2025-09-02 21:13:44+00:00,-8.04941798,-34.93980704,125,31,1.440000057220459,431.0
2025-09-02T21:05:09Z,Run,2025-09-02 21:13:45+00:00,-8.04941231,-34.93979604,125,31,1.440000057220459,432.0
2025-09-02T21:05:09Z,Run,2025-09-02 21:13:46+00:00,-8.04940666,-34.93978571,123,31,1.4299999475479126,433.0
2025-09-02T21:05:09Z,Run,2025-09-02 21:13:47+00:00,-8.04940032,-34.93977639,122,31,1.4199999570846558,434.0
2025-09-02T21:05:09Z,Run,2025-09-02 21:13:48+00:00,-8.04939467,-34.93976605,122,31,1.409999966621399,435.0
2025-09-02T21:05:09Z,Run,2025-09-02 21:13:49+00:00,-8.049389,-34.9397574,123,31,1.409999966621399,436.0
2025-09-02T21:05:09Z,Run,2025-09-02 21:13:50+00:00,-8.04938333,-34.93975107,123,31,1.409999966621399,437.0
2025-09-02T21:05:09Z,Run,2025-09-02 21:13:51+00:00,-8.04937667,-34.93974674,123,31,1.409999966621399,438.0
2025-09-02T21:05:09Z,Run,2025-09-02 21:13:52+00:00,-8.04936834,-34.93974375,123,31,1.409999966621399,439.0
2025-09-02T21:05:09Z,Run,2025-09-02 21:13:53+00:00,-8.04935768,-34.93974142,123,31,1.399999976158142,440.0
2025-09-02T21:05:09Z,Run,2025-09-02 21:13:54+00:00,-8.04934569,-34.93973909,125,31,1.399999976158142,441.0
2025-09-02T21:05:09Z,Run,2025-09-02 21:13:55+00:00,-8.0493327,-34.93973809,126,31,1.399999976158142,442.0
2025-09-02T21:05:09Z,Run,2025-09-02 21:13:56+00:00,-8.04932071,-34.93973976,126,32,1.399999976158142,443.0
2025-09-02T21:05:09Z,Run,2025-09-02 21:13:57+00:00,-8.04930937,-34.93974243,126,32,1.399999976158142,444.0
2025-09-02T21:05:09Z,Run,2025-09-02 21:13:58+00:00,-8.04929904,-34.93974575,125,32,1.3899999856948853,445.0
2025-09-02T21:05:09Z,Run,2025-09-02 21:13:59+00:00,-8.04929038,-34.93975042,125,32,1.3899999856948853,446.0
2025-09-02T21:05:09Z,Run,2025-09-02 21:14:00+00:00,-8.04928239,-34.93975607,125,32,1.3899999856948853,447.0
2025-09-02T21:05:09Z,Run,2025-09-02 21:14:01+00:00,-8.04927274,-34.93976174,124,32,1.3799999952316284,448.0
2025-09-02T21:05:09Z,Run,2025-09-02 21:14:02+00:00,-8.0492634,-34.93976707,123,31,1.3799999952316284,449.0
2025-09-02T21:05:09Z,Run,2025-09-02 21:14:03+00:00,-8.0492524,-34.93977206,123,31,1.3799999952316284,450.0
2025-09-02T21:05:09Z,Run,2025-09-02 21:14:04+00:00,-8.04924007,-34.93977773,123,31,1.3799999952316284,451.0
2025-09-02T21:05:09Z,Run,2025-09-02 21:14:05+00:00,-8.04922908,-34.9397824,123,31,1.3799999952316284,452.0
2025-09-02T21:05:09Z,Run,2025-09-02 21:14:06+00:00,-8.04921975,-34.93978639,123,31,1.3799999952316284,453.0
2025-09-02T21:05:09Z,Run,2025-09-02 21:14:07+00:00,-8.04921041,-34.93978939,123,31,1.3799999952316284,454.0
2025-09-02T21:05:09Z,Run,2025-09-02 21:14:08+00:00,-8.04920042,-34.93979271,123,31,1.3799999952316284,455.0
2025-09-02T21:05:09Z,Run,2025-09-02 21:14:09+00:00,-8.0491891,-34.93979603,123,31,1.3799999952316284,456.0
2025-09-02T21:05:09Z,Run,2025-09-02 21:14:10+00:00,-8.04917743,-34.93980036,123,31,1.3799999952316284,457.0
2025-09-02T21:05:09Z,Run,2025-09-02 21:14:11+00:00,-8.04916644,-34.93980569,124,31,1.3899999856948853,458.0
2025-09-02T21:05:09Z,Run,2025-09-02 21:14:12+00:00,-8.04915711,-34.93981236,124,31,1.3899999856948853,459.0
2025-09-02T21:05:09Z,Run,2025-09-02 21:14:13+00:00,-8.04914745,-34.93981901,124,31,1.3899999856948853,460.0
2025-09-02T21:05:09Z,Run,2025-09-02 21:14:14+00:00,-8.04913679,-34.93982468,124,31,1.3899999856948853,461.0
2025-09-02T21:05:09Z,Run,2025-09-02 21:14:15+00:00,-8.04912745,-34.93982901,124,31,1.3899999856948853,462.0
2025-09-02T21:05:09Z,Run,2025-09-02 21:14:16+00:00,-8.04912045,-34.939834,124,31,1.3899999856948853,463.0
2025-09-02T21:05:09Z,Run,2025-09-02 21:14:17+00:00,-8.0491148,-34.939839,124,31,1.3799999952316284,464.0
2025-09-02T21:05:09Z,Run,2025-09-02 21:14:18+00:00,-8.04911046,-34.93984467,124,31,1.3799999952316284,465.0
2025-09-02T21:05:09Z,Run,2025-09-02 21:14:19+00:00,-8.04910513,-34.93985134,124,31,1.3799999952316284,466.0
2025-09-02T21:05:09Z,Run,2025-09-02 21:14:20+00:00,-8.04909914,-34.93985933,124,31,1.3700000047683716,467.0
2025-09-02T21:05:09Z,Run,2025-09-02 21:14:21+00:00,-8.04909282,-34.93986833,124,31,1.3700000047683716,468.0
2025-09-02T21:05:09Z,Run,2025-09-02 21:14:22+00:00,-8.04908615,-34.93987798,124,31,1.3600000143051147,469.0
2025-09-02T21:05:09Z,Run,2025-09-02 21:14:23+00:00,-8.04907915,-34.93988664,123,31,1.350000023841858,470.0
2025-09-02T21:05:09Z,Run,2025-09-02 21:14:24+00:00,-8.04906883,-34.93989364,122,31,1.350000023841858,471.0
2025-09-02T21:05:09Z,Run,2025-09-02 21:14:25+00:00,-8.04905549,-34.93989996,121,31,1.340000033378601,472.0
2025-09-02T21:05:09Z,Run,2025-09-02 21:14:26+00:00,-8.04904217,-34.9399053,121,31,1.3300000429153442,473.0
2025-09-02T21:05:09Z,Run,2025-09-02 21:14:27+00:00,-8.04902885,-34.93990729,121,31,1.3300000429153442,474.0
2025-09-02T21:05:09Z,Run,2025-09-02 21:14:28+00:00,-8.04901418,-34.93991062,121,30,1.3300000429153442,475.0
2025-09-02T21:05:09Z,Run,2025-09-02 21:14:29+00:00,-8.04900119,-34.93991361,121,30,1.3200000524520874,476.0
2025-09-02T21:05:09Z,Run,2025-09-02 21:14:30+00:00,-8.04898886,-34.93991594,122,30,1.3200000524520874,477.0
2025-09-02T21:05:09Z,Run,2025-09-02 21:14:31+00:00,-8.04897653,-34.93991727,122,30,1.3200000524520874,478.0
2025-09-02T21:05:09Z,Run,2025-09-02 21:14:32+00:00,-8.04896287,-34.93991792,121,30,1.3200000524520874,479.0
2025-09-02T21:05:09Z,Run,2025-09-02 21:14:33+00:00,-8.0489482,-34.93991892,121,30,1.3200000524520874,480.0
2025-09-02T21:05:09Z,Run,2025-09-02 21:14:34+00:00,-8.0489322,-34.93991958,121,31,1.3200000524520874,481.0
2025-09-02T21:05:09Z,Run,2025-09-02 21:14:35+00:00,-8.04891654,-34.93992124,121,31,1.3200000524520874,482.0
2025-09-02T21:05:09Z,Run,2025-09-02 21:14:36+00:00,-8.04890121,-34.93992124,121,31,1.3200000524520874,483.0
2025-09-02T21:05:09Z,Run,2025-09-02 21:14:37+00:00,-8.04888389,-34.93991825,122,31,1.3200000524520874,484.0
2025-09-02T21:05:09Z,Run,2025-09-02 21:14:38+00:00,-8.04886722,-34.93991592,122,31,1.3200000524520874,485.0
2025-09-02T21:05:09Z,Run,2025-09-02 21:14:39+00:00,-8.04885223,-34.93991559,122,31,1.3200000524520874,486.0
2025-09-02T21:05:09Z,Run,2025-09-02 21:14:40+00:00,-8.04883723,-34.93991626,122,31,1.3200000524520874,487.0
2025-09-02T21:05:09Z,Run,2025-09-02 21:14:41+00:00,-8.04882391,-34.93991791,122,31,1.3300000429153442,488.0
2025-09-02T21:05:09Z,Run,2025-09-02 21:14:42+00:00,-8.04881058,-34.93992158,121,31,1.3300000429153442,489.0
2025-09-02T21:05:09Z,Run,2025-09-02 21:14:43+00:00,-8.04879825,-34.9399279,122,31,1.340000033378601,490.0
2025-09-02T21:05:09Z,Run,2025-09-02 21:14:44+00:00,-8.04878725,-34.93993489,122,31,1.340000033378601,491.0
2025-09-02T21:05:09Z,Run,2025-09-02 21:14:45+00:00,-8.04877593,-34.93994189,122,31,1.340000033378601,492.0
2025-09-02T21:05:09Z,Run,2025-09-02 21:14:46+00:00,-8.04876294,-34.93995023,123,31,1.340000033378601,493.0
2025-09-02T21:05:09Z,Run,2025-09-02 21:14:47+00:00,-8.04874894,-34.93995888,124,31,1.340000033378601,494.0
2025-09-02T21:05:09Z,Run,2025-09-02 21:14:48+00:00,-8.04873394,-34.93996722,124,31,1.340000033378601,495.0
2025-09-02T21:05:09Z,Run,2025-09-02 21:14:49+00:00,-8.04871895,-34.93997387,124,31,1.350000023841858,496.0
2025-09-02T21:05:09Z,Run,2025-09-02 21:14:50+00:00,-8.04870428,-34.93997854,125,31,1.350000023841858,497.0
2025-09-02T21:05:09Z,Run,2025-09-02 21:14:51+00:00,-8.04869096,-34.93998186,125,31,1.350000023841858,498.0
2025-09-02T21:05:09Z,Run,2025-09-02 21:14:52+00:00,-8.04867696,-34.93998485,126,31,1.350000023841858,499.0
2025-09-02T21:05:09Z,Run,2025-09-02 21:14:53+00:00,-8.04866297,-34.93998685,124,31,1.3600000143051147,500.0
2025-09-02T21:05:09Z,Run,2025-09-02 21:14:54+00:00,-8.04864997,-34.93998885,124,31,1.3600000143051147,501.0
2025-09-02T21:05:09Z,Run,2025-09-02 21:14:55+00:00,-8.04863631,-34.93999218,124,31,1.3600000143051147,502.0
2025-09-02T21:05:09Z,Run,2025-09-02 21:14:56+00:00,-8.04862265,-34.93999617,124,31,1.3600000143051147,503.0
2025-09-02T21:05:09Z,Run,2025-09-02 21:14:57+00:00,-8.04860765,-34.93999982,124,31,1.3600000143051147,504.0
2025-09-02T21:05:09Z,Run,2025-09-02 21:14:58+00:00,-8.04859032,-34.94000316,124,31,1.3700000047683716,505.0
2025-09-02T21:05:09Z,Run,2025-09-02 21:14:59+00:00,-8.04857166,-34.94000615,125,31,1.3700000047683716,506.0
2025-09-02T21:05:09Z,Run,2025-09-02 21:15:00+00:00,-8.04855034,-34.94001047,125,31,1.440000057220459,507.0
2025-09-02T21:05:09Z,Run,2025-09-02 21:15:01+00:00,-8.04852834,-34.9400168,125,31,1.600000023841858,508.0
2025-09-02T21:05:09Z,Run,2025-09-02 21:15:02+00:00,-8.04850734,-34.94002513,125,85,1.8200000524520874,509.0
2025-09-02T21:05:09Z,Run,2025-09-02 21:15:03+00:00,-8.04848568,-34.94003413,125,85,1.8200000524520874,510.0
2025-09-02T21:05:09Z,Run,2025-09-02 21:15:04+00:00,-8.04846435,-34.94004012,125,85,2.049999952316284,511.0
2025-09-02T21:05:09Z,Run,2025-09-02 21:15:05+00:00,-8.04844269,-34.94004477,124,84,2.2300000190734863,512.0
2025-09-02T21:05:09Z,Run,2025-09-02 21:15:06+00:00,-8.04842036,-34.94005011,123,85,2.3399999141693115,513.0
2025-09-02T21:05:09Z,Run,2025-09-02 21:15:07+00:00,-8.04839736,-34.94005576,124,85,2.3499999046325684,514.0
2025-09-02T21:05:09Z,Run,2025-09-02 21:15:08+00:00,-8.04837404,-34.9400631,124,84,2.3399999141693115,515.0
2025-09-02T21:05:09Z,Run,2025-09-02 21:15:09+00:00,-8.04835204,-34.94007143,124,84,2.3399999141693115,516.0
2025-09-02T21:05:09Z,Run,2025-09-02 21:15:10+00:00,-8.04833105,-34.94008075,126,84,2.3499999046325684,517.0
2025-09-02T21:05:09Z,Run,2025-09-02 21:15:11+00:00,-8.04831105,-34.94008941,126,84,2.390000104904175,518.0
2025-09-02T21:05:09Z,Run,2025-09-02 21:15:12+00:00,-8.04829106,-34.94009807,125,84,2.440000057220459,519.0
2025-09-02T21:05:09Z,Run,2025-09-02 21:15:13+00:00,-8.04827106,-34.94010672,125,84,2.450000047683716,520.0
2025-09-02T21:05:09Z,Run,2025-09-02 21:15:14+00:00,-8.04824973,-34.94011506,125,84,2.450000047683716,521.0
2025-09-02T21:05:09Z,Run,2025-09-02 21:15:15+00:00,-8.04822808,-34.94012206,125,84,2.450000047683716,522.0
2025-09-02T21:05:09Z,Run,2025-09-02 21:15:16+00:00,-8.04820509,-34.94012638,126,84,2.4600000381469727,523.0
2025-09-02T21:05:09Z,Run,2025-09-02 21:15:17+00:00,-8.04818275,-34.94012971,126,85,2.4700000286102295,524.0
2025-09-02T21:05:09Z,Run,2025-09-02 21:15:18+00:00,-8.04815943,-34.94013104,126,85,2.4600000381469727,525.0
2025-09-02T21:05:09Z,Run,2025-09-02 21:15:19+00:00,-8.0481361,-34.94013337,126,85,2.450000047683716,526.0
2025-09-02T21:05:09Z,Run,2025-09-02 21:15:20+00:00,-8.04811344,-34.9401357,126,84,2.4600000381469727,527.0
2025-09-02T21:05:09Z,Run,2025-09-02 21:15:21+00:00,-8.04809212,-34.94013837,126,84,2.4600000381469727,528.0
2025-09-02T21:05:09Z,Run,2025-09-02 21:15:22+00:00,-8.04807213,-34.9401437,127,84,2.4600000381469727,529.0
2025-09-02T21:05:09Z,Run,2025-09-02 21:15:23+00:00,-8.04805513,-34.94015204,127,85,2.4600000381469727,530.0
2025-09-02T21:05:09Z,Run,2025-09-02 21:15:24+00:00,-8.0480398,-34.94016369,127,85,2.4600000381469727,531.0
2025-09-02T21:05:09Z,Run,2025-09-02 21:15:25+00:00,-8.04802547,-34.94017635,126,84,2.430000066757202,532.0
2025-09-02T21:05:09Z,Run,2025-09-02 21:15:26+00:00,-8.04801381,-34.94019035,126,84,2.380000114440918,533.0
2025-09-02T21:05:09Z,Run,2025-09-02 21:15:27+00:00,-8.04800515,-34.94020535,126,84,2.380000114440918,534.0
2025-09-02T21:05:09Z,Run,2025-09-02 21:15:28+00:00,-8.04799882,-34.94022034,126,84,2.309999942779541,535.0
2025-09-02T21:05:09Z,Run,2025-09-02 21:15:29+00:00,-8.04799549,-34.94023533,126,84,2.240000009536743,536.0
2025-09-02T21:05:09Z,Run,2025-09-02 21:15:30+00:00,-8.04799382,-34.94025133,126,85,2.200000047683716,537.0
2025-09-02T21:05:09Z,Run,2025-09-02 21:15:31+00:00,-8.04799749,-34.940268,126,85,2.1500000953674316,538.0
2025-09-02T21:05:09Z,Run,2025-09-02 21:15:32+00:00,-8.04800381,-34.940282,125,84,2.0999999046325684,539.0
2025-09-02T21:05:09Z,Run,2025-09-02 21:15:33+00:00,-8.04801547,-34.940293,125,84,2.0999999046325684,540.0
2025-09-02T21:05:09Z,Run,2025-09-02 21:15:34+00:00,-8.04803246,-34.94030232,125,85,2.049999952316284,541.0
2025-09-02T21:05:09Z,Run,2025-09-02 21:15:35+00:00,-8.04805013,-34.94030765,126,85,2.0199999809265137,542.0
2025-09-02T21:05:09Z,Run,2025-09-02 21:15:36+00:00,-8.04806879,-34.94031098,127,85,2.0199999809265137,543.0
2025-09-02T21:05:09Z,Run,2025-09-02 21:15:37+00:00,-8.04808979,-34.94031098,128,85,2.0199999809265137,544.0
2025-09-02T21:05:09Z,Run,2025-09-02 21:15:38+00:00,-8.04811013,-34.94030931,128,85,2.0199999809265137,545.0
2025-09-02T21:05:09Z,Run,2025-09-02 21:15:39+00:00,-8.04813078,-34.94030599,128,85,2.0199999809265137,546.0
2025-09-02T21:05:09Z,Run,2025-09-02 21:15:40+00:00,-8.04815011,-34.94030032,129,86,2.0299999713897705,547.0
2025-09-02T21:05:09Z,Run,2025-09-02 21:15:41+00:00,-8.04816744,-34.94029465,130,86,2.0399999618530273,548.0
2025-09-02T21:05:09Z,Run,2025-09-02 21:15:42+00:00,-8.0481881,-34.94028733,130,86,2.049999952316284,549.0
2025-09-02T21:05:09Z,Run,2025-09-02 21:15:43+00:00,-8.04820776,-34.94028066,131,86,2.069999933242798,550.0
2025-09-02T21:05:09Z,Run,2025-09-02 21:15:44+00:00,-8.04822642,-34.94027434,130,86,2.0799999237060547,551.0
2025-09-02T21:05:09Z,Run,2025-09-02 21:15:45+00:00,-8.04824409,-34.94026601,130,86,2.0799999237060547,552.0
2025-09-02T21:05:09Z,Run,2025-09-02 21:15:46+00:00,-8.04826241,-34.94025501,130,86,2.0899999141693115,553.0
2025-09-02T21:05:09Z,Run,2025-09-02 21:15:47+00:00,-8.04828108,-34.94024235,130,86,2.0999999046325684,554.0
2025-09-02T21:05:09Z,Run,2025-09-02 21:15:48+00:00,-8.04830107,-34.94022868,130,87,2.109999895095825,555.0
2025-09-02T21:05:09Z,Run,2025-09-02 21:15:49+00:00,-8.0483204,-34.94021468,131,87,2.119999885559082,556.0
2025-09-02T21:05:09Z,Run,2025-09-02 21:15:50+00:00,-8.04833972,-34.94020202,131,87,2.140000104904175,557.0
2025-09-02T21:05:09Z,Run,2025-09-02 21:15:51+00:00,-8.04836006,-34.94019068,131,86,2.1500000953674316,558.0
2025-09-02T21:05:09Z,Run,2025-09-02 21:15:52+00:00,-8.04838038,-34.94018103,131,86,2.1500000953674316,559.0
2025-09-02T21:05:09Z,Run,2025-09-02 21:15:53+00:00,-8.04839937,-34.94017103,130,85,2.1600000858306885,560.0
2025-09-02T21:05:09Z,Run,2025-09-02 21:15:54+00:00,-8.04841737,-34.94016104,130,85,2.180000066757202,561.0
2025-09-02T21:05:09Z,Run,2025-09-02 21:15:55+00:00,-8.04843569,-34.9401527,130,86,2.190000057220459,562.0
2025-09-02T21:05:09Z,Run,2025-09-02 21:15:56+00:00,-8.04845302,-34.94014504,130,86,2.200000047683716,563.0
2025-09-02T21:05:09Z,Run,2025-09-02 21:15:57+00:00,-8.04847168,-34.94013771,130,86,2.2200000286102295,564.0
2025-09-02T21:05:09Z,Run,2025-09-02 21:15:58+00:00,-8.04849167,-34.94013105,130,86,2.2200000286102295,565.0
2025-09-02T21:05:09Z,Run,2025-09-02 21:15:59+00:00,-8.04851367,-34.94012406,131,86,2.2200000286102295,566.0
2025-09-02T21:05:09Z,Run,2025-09-02 21:16:00+00:00,-8.04853633,-34.94011806,131,86,2.2300000190734863,567.0
2025-09-02T21:05:09Z,Run,2025-09-02 21:16:01+00:00,-8.048561,-34.94011239,132,87,2.240000009536743,568.0
2025-09-02T21:05:09Z,Run,2025-09-02 21:16:02+00:00,-8.04858365,-34.94010607,133,87,2.240000009536743,569.0
2025-09-02T21:05:09Z,Run,2025-09-02 21:16:03+00:00,-8.04860532,-34.94009941,133,87,2.240000009536743,570.0
2025-09-02T21:05:09Z,Run,2025-09-02 21:16:04+00:00,-8.04862698,-34.94009342,133,87,2.25,571.0
2025-09-02T21:05:09Z,Run,2025-09-02 21:16:05+00:00,-8.04864798,-34.94008775,133,87,2.259999990463257,572.0
2025-09-02T21:05:09Z,Run,2025-09-02 21:16:06+00:00,-8.04866931,-34.94008109,132,87,2.2699999809265137,573.0
2025-09-02T21:05:09Z,Run,2025-09-02 21:16:07+00:00,-8.04869097,-34.9400751,132,87,2.2799999713897705,574.0
2025-09-02T21:05:09Z,Run,2025-09-02 21:16:08+00:00,-8.0487123,-34.94006943,132,87,2.2899999618530273,575.0
2025-09-02T21:05:09Z,Run,2025-09-02 21:16:09+00:00,-8.04873396,-34.94006443,132,87,2.2899999618530273,576.0
2025-09-02T21:05:09Z,Run,2025-09-02 21:16:10+00:00,-8.04875596,-34.94005844,133,86,2.299999952316284,577.0
2025-09-02T21:05:09Z,Run,2025-09-02 21:16:11+00:00,-8.04877795,-34.94005112,134,87,2.299999952316284,578.0
2025-09-02T21:05:09Z,Run,2025-09-02 21:16:12+00:00,-8.04879927,-34.94004278,135,87,2.319999933242798,579.0
2025-09-02T21:05:09Z,Run,2025-09-02 21:16:13+00:00,-8.04882127,-34.94003512,136,86,2.319999933242798,580.0
2025-09-02T21:05:09Z,Run,2025-09-02 21:16:14+00:00,-8.04884326,-34.94002812,137,85,2.3299999237060547,581.0
2025-09-02T21:05:09Z,Run,2025-09-02 21:16:15+00:00,-8.04886458,-34.94002146,137,85,2.3299999237060547,582.0
2025-09-02T21:05:09Z,Run,2025-09-02 21:16:16+00:00,-8.04888525,-34.94001247,137,86,2.3399999141693115,583.0
2025-09-02T21:05:09Z,Run,2025-09-02 21:16:17+00:00,-8.04890591,-34.9400018,137,86,2.3499999046325684,584.0
2025-09-02T21:05:09Z,Run,2025-09-02 21:16:18+00:00,-8.0489259,-34.93999114,137,87,2.3499999046325684,585.0
2025-09-02T21:05:09Z,Run,2025-09-02 21:16:19+00:00,-8.04894523,-34.93997948,137,86,2.359999895095825,586.0
2025-09-02T21:05:09Z,Run,2025-09-02 21:16:20+00:00,-8.04896422,-34.93996848,137,86,2.369999885559082,587.0
2025-09-02T21:05:09Z,Run,2025-09-02 21:16:21+00:00,-8.04898355,-34.93995849,137,86,2.369999885559082,588.0
2025-09-02T21:05:09Z,Run,2025-09-02 21:16:22+00:00,-8.04900288,-34.93994849,136,86,2.380000114440918,589.0
2025-09-02T21:05:09Z,Run,2025-09-02 21:16:23+00:00,-8.0490222,-34.93993883,136,87,2.380000114440918,590.0
2025-09-02T21:05:09Z,Run,2025-09-02 21:16:24+00:00,-8.0490422,-34.93992984,136,87,2.390000104904175,591.0
2025-09-02T21:05:09Z,Run,2025-09-02 21:16:25+00:00,-8.04906386,-34.93991984,136,86,2.390000104904175,592.0
2025-09-02T21:05:09Z,Run,2025-09-02 21:16:26+00:00,-8.04908586,-34.93991085,136,85,2.390000104904175,593.0
2025-09-02T21:05:09Z,Run,2025-09-02 21:16:27+00:00,-8.04910785,-34.93990552,136,85,2.390000104904175,594.0
2025-09-02T21:05:09Z,Run,2025-09-02 21:16:28+00:00,-8.04913018,-34.93990085,136,85,2.390000104904175,595.0
2025-09-02T21:05:09Z,Run,2025-09-02 21:16:29+00:00,-8.04915185,-34.93989486,136,86,2.4000000953674316,596.0
2025-09-02T21:05:09Z,Run,2025-09-02 21:16:30+00:00,-8.0491735,-34.93988686,138,86,2.4000000953674316,597.0
2025-09-02T21:05:09Z,Run,2025-09-02 21:16:31+00:00,-8.04919583,-34.93988021,138,85,2.4000000953674316,598.0
2025-09-02T21:05:09Z,Run,2025-09-02 21:16:32+00:00,-8.04921782,-34.93987321,139,85,2.4100000858306885,599.0
2025-09-02T21:05:09Z,Run,2025-09-02 21:16:33+00:00,-8.04924015,-34.93986822,139,85,2.4200000762939453,600.0
2025-09-02T21:05:09Z,Run,2025-09-02 21:16:34+00:00,-8.04926182,-34.93986355,139,85,2.4200000762939453,601.0
2025-09-02T21:05:09Z,Run,2025-09-02 21:16:35+00:00,-8.04928415,-34.93986122,140,85,2.4200000762939453,602.0
2025-09-02T21:05:09Z,Run,2025-09-02 21:16:36+00:00,-8.04930681,-34.93985689,142,85,2.430000066757202,603.0
2025-09-02T21:05:09Z,Run,2025-09-02 21:16:37+00:00,-8.04932914,-34.93984989,142,86,2.430000066757202,604.0
2025-09-02T21:05:09Z,Run,2025-09-02 21:16:38+00:00,-8.04935046,-34.93984223,142,86,2.430000066757202,605.0
2025-09-02T21:05:09Z,Run,2025-09-02 21:16:39+00:00,-8.04937245,-34.9398359,142,86,2.440000057220459,606.0
2025-09-02T21:05:09Z,Run,2025-09-02 21:16:40+00:00,-8.04939279,-34.93982891,142,86,2.440000057220459,607.0
2025-09-02T21:05:09Z,Run,2025-09-02 21:16:41+00:00,-8.04941145,-34.93982125,142,86,2.440000057220459,608.0
2025-09-02T21:05:09Z,Run,2025-09-02 21:16:42+00:00,-8.04942745,-34.93981358,142,85,2.450000047683716,609.0
2025-09-02T21:05:09Z,Run,2025-09-02 21:16:43+00:00,-8.04943844,-34.93980459,142,85,2.450000047683716,610.0
2025-09-02T21:05:09Z,Run,2025-09-02 21:16:44+00:00,-8.04944577,-34.93979527,142,85,2.450000047683716,611.0
2025-09-02T21:05:09Z,Run,2025-09-02 21:16:45+00:00,-8.04944977,-34.93978193,143,86,2.450000047683716,612.0
2025-09-02T21:05:09Z,Run,2025-09-02 21:16:46+00:00,-8.04945077,-34.93976793,143,86,2.450000047683716,613.0
2025-09-02T21:05:09Z,Run,2025-09-02 21:16:47+00:00,-8.04944943,-34.93975427,144,85,2.440000057220459,614.0
2025-09-02T21:05:09Z,Run,2025-09-02 21:16:48+00:00,-8.04944577,-34.9397406,144,85,2.4200000762939453,615.0
2025-09-02T21:05:09Z,Run,2025-09-02 21:16:49+00:00,-8.04943778,-34.93972761,144,84,2.4000000953674316,616.0
2025-09-02T21:05:09Z,Run,2025-09-02 21:16:50+00:00,-8.04942579,-34.93971629,144,84,2.119999885559082,617.0
2025-09-02T21:05:09Z,Run,2025-09-02 21:16:51+00:00,-8.04941112,-34.93970795,144,85,1.850000023841858,618.0
2025-09-02T21:05:09Z,Run,2025-09-02 21:16:52+00:00,-8.04939246,-34.93970395,144,85,1.850000023841858,619.0
2025-09-02T21:05:09Z,Run,2025-09-02 21:16:53+00:00,-8.04937414,-34.93970461,144,85,1.8700000047683716,620.0
2025-09-02T21:05:09Z,Run,2025-09-02 21:16:54+00:00,-8.04935515,-34.93970794,144,85,1.909999966621399,621.0
2025-09-02T21:05:09Z,Run,2025-09-02 21:16:55+00:00,-8.04933548,-34.93971127,144,85,1.9700000286102295,622.0
2025-09-02T21:05:09Z,Run,2025-09-02 21:16:56+00:00,-8.04931482,-34.93971426,144,86,2.049999952316284,623.0
2025-09-02T21:05:09Z,Run,2025-09-02 21:16:57+00:00,-8.04929416,-34.93971892,144,86,2.119999885559082,624.0
2025-09-02T21:05:09Z,Run,2025-09-02 21:16:58+00:00,-8.04927249,-34.93972491,144,86,2.119999885559082,625.0
2025-09-02T21:05:09Z,Run,2025-09-02 21:16:59+00:00,-8.04925084,-34.93973291,144,86,2.190000057220459,626.0
2025-09-02T21:05:09Z,Run,2025-09-02 21:17:00+00:00,-8.0492275,-34.9397429,145,86,2.259999990463257,627.0
2025-09-02T21:05:09Z,Run,2025-09-02 21:17:01+00:00,-8.04920517,-34.93975189,146,87,2.3299999237060547,628.0
2025-09-02T21:05:09Z,Run,2025-09-02 21:17:02+00:00,-8.04918385,-34.93976256,146,88,2.4000000953674316,629.0
2025-09-02T21:05:09Z,Run,2025-09-02 21:17:03+00:00,-8.04916319,-34.93977422,146,87,2.4800000190734863,630.0
2025-09-02T21:05:09Z,Run,2025-09-02 21:17:04+00:00,-8.04914352,-34.93978522,146,87,2.4800000190734863,631.0
2025-09-02T21:05:09Z,Run,2025-09-02 21:17:05+00:00,-8.04912419,-34.93979622,147,86,2.549999952316284,632.0
2025-09-02T21:05:09Z,Run,2025-09-02 21:17:06+00:00,-8.0491052,-34.93980722,149,86,2.5899999141693115,633.0
2025-09-02T21:05:09Z,Run,2025-09-02 21:17:07+00:00,-8.04908654,-34.93981721,149,86,2.5899999141693115,634.0
2025-09-02T21:05:09Z,Run,2025-09-02 21:17:08+00:00,-8.04906721,-34.93982654,150,87,2.5899999141693115,635.0
2025-09-02T21:05:09Z,Run,2025-09-02 21:17:09+00:00,-8.04904855,-34.9398352,150,86,2.569999933242798,636.0
2025-09-02T21:05:09Z,Run,2025-09-02 21:17:10+00:00,-8.04902922,-34.93984353,150,86,2.569999933242798,637.0
2025-09-02T21:05:09Z,Run,2025-09-02 21:17:11+00:00,-8.04900923,-34.93985252,149,86,2.5199999809265137,638.0
2025-09-02T21:05:09Z,Run,2025-09-02 21:17:12+00:00,-8.04898956,-34.93986184,149,86,2.4600000381469727,639.0
2025-09-02T21:05:09Z,Run,2025-09-02 21:17:13+00:00,-8.04896957,-34.93987084,150,87,2.4000000953674316,640.0
2025-09-02T21:05:09Z,Run,2025-09-02 21:17:14+00:00,-8.04894824,-34.9398785,150,87,2.380000114440918,641.0
2025-09-02T21:05:09Z,Run,2025-09-02 21:17:15+00:00,-8.04892625,-34.93988583,151,86,2.380000114440918,642.0
2025-09-02T21:05:09Z,Run,2025-09-02 21:17:16+00:00,-8.04890392,-34.93989182,151,86,2.380000114440918,643.0
2025-09-02T21:05:09Z,Run,2025-09-02 21:17:17+00:00,-8.04888026,-34.93989749,151,86,2.369999885559082,644.0
2025-09-02T21:05:09Z,Run,2025-09-02 21:17:18+00:00,-8.04885593,-34.93990381,151,86,2.380000114440918,645.0
2025-09-02T21:05:09Z,Run,2025-09-02 21:17:19+00:00,-8.04883259,-34.93990948,151,86,2.4100000858306885,646.0
2025-09-02T21:05:09Z,Run,2025-09-02 21:17:20+00:00,-8.04880993,-34.93991415,151,87,2.4700000286102295,647.0
2025-09-02T21:05:09Z,Run,2025-09-02 21:17:21+00:00,-8.04878727,-34.9399198,151,87,2.5299999713897705,648.0
2025-09-02T21:05:09Z,Run,2025-09-02 21:17:22+00:00,-8.04876628,-34.93992447,151,87,2.5299999713897705,649.0
2025-09-02T21:05:09Z,Run,2025-09-02 21:17:23+00:00,-8.04874628,-34.93992946,151,86,2.549999952316284,650.0
2025-09-02T21:05:09Z,Run,2025-09-02 21:17:24+00:00,-8.04872596,-34.93993479,151,86,2.549999952316284,651.0
2025-09-02T21:05:09Z,Run,2025-09-02 21:17:25+00:00,-8.0487053,-34.93994113,151,86,2.5299999713897705,652.0
2025-09-02T21:05:09Z,Run,2025-09-02 21:17:26+00:00,-8.0486843,-34.93994978,151,86,2.5299999713897705,653.0
2025-09-02T21:05:09Z,Run,2025-09-02 21:17:27+00:00,-8.04866364,-34.93995911,158,86,2.5299999713897705,654.0
2025-09-02T21:05:09Z,Run,2025-09-02 21:17:28+00:00,-8.04864431,-34.93996876,158,86,2.5299999713897705,655.0
2025-09-02T21:05:09Z,Run,2025-09-02 21:17:29+00:00,-8.04862532,-34.93997843,157,86,2.5199999809265137,656.0
2025-09-02T21:05:09Z,Run,2025-09-02 21:17:30+00:00,-8.048606,-34.93998742,156,86,2.509999990463257,657.0
2025-09-02T21:05:09Z,Run,2025-09-02 21:17:31+00:00,-8.04858666,-34.93999608,156,85,2.509999990463257,658.0
2025-09-02T21:05:09Z,Run,2025-09-02 21:17:32+00:00,-8.04856534,-34.94000374,158,85,2.5,659.0
2025-09-02T21:05:09Z,Run,2025-09-02 21:17:33+00:00,-8.04854434,-34.94001107,159,85,2.5,660.0
2025-09-02T21:05:09Z,Run,2025-09-02 21:17:34+00:00,-8.04852467,-34.94001807,159,85,2.5,661.0
2025-09-02T21:05:09Z,Run,2025-09-02 21:17:35+00:00,-8.04850502,-34.94002607,159,85,2.490000009536743,662.0
2025-09-02T21:05:09Z,Run,2025-09-02 21:17:36+00:00,-8.04848436,-34.94003472,159,85,2.4800000190734863,663.0
2025-09-02T21:05:09Z,Run,2025-09-02 21:17:37+00:00,-8.04846303,-34.94004438,159,85,2.4800000190734863,664.0
2025-09-02T21:05:09Z,Run,2025-09-02 21:17:38+00:00,-8.04844137,-34.94005405,159,86,2.4700000286102295,665.0
2025-09-02T21:05:09Z,Run,2025-09-02 21:17:39+00:00,-8.04841904,-34.94006404,159,86,2.4700000286102295,666.0
2025-09-02T21:05:09Z,Run,2025-09-02 21:17:40+00:00,-8.0483967,-34.94007337,159,86,2.4700000286102295,667.0
2025-09-02T21:05:09Z,Run,2025-09-02 21:17:41+00:00,-8.04837505,-34.94008236,159,86,2.4700000286102295,668.0
2025-09-02T21:05:09Z,Run,2025-09-02 21:17:42+00:00,-8.04835306,-34.94009269,161,85,2.4700000286102295,669.0
2025-09-02T21:05:09Z,Run,2025-09-02 21:17:43+00:00,-8.04833139,-34.94010435,161,84,2.4800000190734863,670.0
2025-09-02T21:05:09Z,Run,2025-09-02 21:17:44+00:00,-8.04831073,-34.94011567,161,84,2.4800000190734863,671.0
2025-09-02T21:05:09Z,Run,2025-09-02 21:17:45+00:00,-8.04829007,-34.94012733,161,84,2.490000009536743,672.0
2025-09-02T21:05:09Z,Run,2025-09-02 21:17:46+00:00,-8.04826974,-34.94013865,161,85,2.5,673.0
2025-09-02T21:05:09Z,Run,2025-09-02 21:17:47+00:00,-8.04824841,-34.94014932,161,85,2.5,674.0
2025-09-02T21:05:09Z,Run,2025-09-02 21:17:48+00:00,-8.04822675,-34.94015898,161,86,2.5,675.0
2025-09-02T21:05:09Z,Run,2025-09-02 21:17:49+00:00,-8.04820309,-34.94016797,161,86,2.509999990463257,676.0
2025-09-02T21:05:09Z,Run,2025-09-02 21:17:50+00:00,-8.04818009,-34.94017597,162,86,2.509999990463257,677.0
2025-09-02T21:05:09Z,Run,2025-09-02 21:17:51+00:00,-8.04815709,-34.94018297,163,86,2.5299999713897705,678.0
2025-09-02T21:05:09Z,Run,2025-09-02 21:17:52+00:00,-8.0481341,-34.94018996,163,86,2.5299999713897705,679.0
2025-09-02T21:05:09Z,Run,2025-09-02 21:17:53+00:00,-8.04811144,-34.94019729,163,86,2.5299999713897705,680.0
2025-09-02T21:05:09Z,Run,2025-09-02 21:17:54+00:00,-8.04808911,-34.94020495,163,87,2.5399999618530273,681.0
2025-09-02T21:05:09Z,Run,2025-09-02 21:17:55+00:00,-8.04804878,-34.94022394,164,86,2.549999952316284,682.0
2025-09-02T21:05:09Z,Run,2025-09-02 21:17:56+00:00,-8.04803278,-34.94023494,165,86,2.549999952316284,683.0
2025-09-02T21:05:09Z,Run,2025-09-02 21:17:57+00:00,-8.04801978,-34.9402476,165,86,2.549999952316284,684.0
2025-09-02T21:05:09Z,Run,2025-09-02 21:17:58+00:00,-8.04801046,-34.94026193,165,85,2.559999942779541,685.0
2025-09-02T21:05:09Z,Run,2025-09-02 21:17:59+00:00,-8.04800479,-34.94027792,165,86,2.559999942779541,686.0
2025-09-02T21:05:09Z,Run,2025-09-02 21:18:00+00:00,-8.04800279,-34.94029425,165,86,2.559999942779541,687.0
2025-09-02T21:05:09Z,Run,2025-09-02 21:18:01+00:00,-8.04800279,-34.94031058,165,86,2.549999952316284,688.0
2025-09-02T21:05:09Z,Run,2025-09-02 21:18:02+00:00,-8.04800679,-34.94032658,165,86,2.5399999618530273,689.0
2025-09-02T21:05:09Z,Run,2025-09-02 21:18:03+00:00,-8.04801545,-34.94033924,165,86,2.5299999713897705,690.0
2025-09-02T21:05:09Z,Run,2025-09-02 21:18:04+00:00,-8.04803012,-34.94035024,165,86,2.5299999713897705,691.0
2025-09-02T21:05:09Z,Run,2025-09-02 21:18:05+00:00,-8.04804644,-34.9403569,165,86,2.509999990463257,692.0
2025-09-02T21:05:09Z,Run,2025-09-02 21:18:06+00:00,-8.04806611,-34.94035856,166,86,2.5,693.0
2025-09-02T21:05:09Z,Run,2025-09-02 21:18:07+00:00,-8.04808211,-34.94035224,166,85,2.4800000190734863,694.0
2025-09-02T21:05:09Z,Run,2025-09-02 21:18:08+00:00,-8.04810043,-34.94033857,165,86,2.4700000286102295,695.0
2025-09-02T21:05:09Z,Run,2025-09-02 21:18:09+00:00,-8.0481201,-34.94032125,165,86,2.4600000381469727,696.0
2025-09-02T21:05:09Z,Run,2025-09-02 21:18:10+00:00,-8.04813909,-34.94030426,165,86,2.4600000381469727,697.0
2025-09-02T21:05:09Z,Run,2025-09-02 21:18:11+00:00,-8.04815642,-34.94028659,165,86,2.450000047683716,698.0
2025-09-02T21:05:09Z,Run,2025-09-02 21:18:12+00:00,-8.04817274,-34.94027094,165,86,2.450000047683716,699.0
2025-09-02T21:05:09Z,Run,2025-09-02 21:18:13+00:00,-8.04819041,-34.94025727,165,86,2.450000047683716,700.0
2025-09-02T21:05:09Z,Run,2025-09-02 21:18:14+00:00,-8.0482084,-34.94024595,165,86,2.450000047683716,701.0
2025-09-02T21:05:09Z,Run,2025-09-02 21:18:15+00:00,-8.04822739,-34.94023561,164,86,2.450000047683716,702.0
2025-09-02T21:05:09Z,Run,2025-09-02 21:18:16+00:00,-8.04824906,-34.94022529,164,86,2.450000047683716,703.0
2025-09-02T21:05:09Z,Run,2025-09-02 21:18:17+00:00,-8.04827238,-34.94021397,164,87,2.450000047683716,704.0
2025-09-02T21:05:09Z,Run,2025-09-02 21:18:18+00:00,-8.04829671,-34.94020197,165,87,2.4600000381469727,705.0
2025-09-02T21:05:09Z,Run,2025-09-02 21:18:19+00:00,-8.04832005,-34.94018998,165,87,2.4600000381469727,706.0
2025-09-02T21:05:09Z,Run,2025-09-02 21:18:20+00:00,-8.04834238,-34.94018065,165,86,2.4600000381469727,707.0
2025-09-02T21:05:09Z,Run,2025-09-02 21:18:21+00:00,-8.04836504,-34.94017032,166,86,2.4700000286102295,708.0
2025-09-02T21:05:09Z,Run,2025-09-02 21:18:22+00:00,-8.04838703,-34.940159,166,86,2.4700000286102295,709.0
2025-09-02T21:05:09Z,Run,2025-09-02 21:18:23+00:00,-8.04840868,-34.94014766,166,86,2.4800000190734863,710.0
2025-09-02T21:05:09Z,Run,2025-09-02 21:18:24+00:00,-8.04843102,-34.940137,166,87,2.4800000190734863,711.0
2025-09-02T21:05:09Z,Run,2025-09-02 21:18:25+00:00,-8.04845468,-34.94012801,164,87,2.5,712.0
2025-09-02T21:05:09Z,Run,2025-09-02 21:18:26+00:00,-8.04847935,-34.94011967,164,87,2.5,713.0
2025-09-02T21:05:09Z,Run,2025-09-02 21:18:27+00:00,-8.04850402,-34.94011167,164,86,2.509999990463257,714.0
2025-09-02T21:05:09Z,Run,2025-09-02 21:18:28+00:00,-8.04852934,-34.94010334,164,86,2.509999990463257,715.0
2025-09-02T21:05:09Z,Run,2025-09-02 21:18:29+00:00,-8.04855366,-34.94009368,164,87,2.5199999809265137,716.0
2025-09-02T21:05:09Z,Run,2025-09-02 21:18:30+00:00,-8.04857766,-34.94008402,165,87,2.5299999713897705,717.0
2025-09-02T21:05:09Z,Run,2025-09-02 21:18:31+00:00,-8.04860132,-34.94007469,162,87,2.5399999618530273,718.0
2025-09-02T21:05:09Z,Run,2025-09-02 21:18:32+00:00,-8.04862531,-34.94006604,161,86,2.549999952316284,719.0
2025-09-02T21:05:09Z,Run,2025-09-02 21:18:33+00:00,-8.04864863,-34.9400577,161,87,2.559999942779541,720.0
2025-09-02T21:05:09Z,Run,2025-09-02 21:18:34+00:00,-8.04867297,-34.94005004,161,87,2.559999942779541,721.0
2025-09-02T21:05:09Z,Run,2025-09-02 21:18:35+00:00,-8.04869663,-34.94004305,160,87,2.569999933242798,722.0
2025-09-02T21:05:09Z,Run,2025-09-02 21:18:36+00:00,-8.04871997,-34.94003738,160,88,2.5799999237060547,723.0
2025-09-02T21:05:09Z,Run,2025-09-02 21:18:37+00:00,-8.04874296,-34.94003139,159,87,2.5899999141693115,724.0
2025-09-02T21:05:09Z,Run,2025-09-02 21:18:38+00:00,-8.04876662,-34.94002572,159,86,2.5899999141693115,725.0
2025-09-02T21:05:09Z,Run,2025-09-02 21:18:39+00:00,-8.04878996,-34.94002139,159,86,2.5999999046325684,726.0
2025-09-02T21:05:09Z,Run,2025-09-02 21:18:40+00:00,-8.04881328,-34.94001639,159,86,2.5999999046325684,727.0
2025-09-02T21:05:09Z,Run,2025-09-02 21:18:41+00:00,-8.04883695,-34.94001173,159,86,2.5999999046325684,728.0
2025-09-02T21:05:09Z,Run,2025-09-02 21:18:42+00:00,-8.04886128,-34.94000707,159,86,2.609999895095825,729.0
2025-09-02T21:05:09Z,Run,2025-09-02 21:18:43+00:00,-8.04888527,-34.94000308,159,86,2.609999895095825,730.0
2025-09-02T21:05:09Z,Run,2025-09-02 21:18:44+00:00,-8.04890826,-34.93999674,159,86,2.609999895095825,731.0
2025-09-02T21:05:09Z,Run,2025-09-02 21:18:45+00:00,-8.04892993,-34.93999009,159,86,2.619999885559082,732.0
2025-09-02T21:05:09Z,Run,2025-09-02 21:18:46+00:00,-8.04895125,-34.93998209,159,86,2.619999885559082,733.0
2025-09-02T21:05:09Z,Run,2025-09-02 21:18:47+00:00,-8.04897192,-34.93997476,160,86,2.619999885559082,734.0
2025-09-02T21:05:09Z,Run,2025-09-02 21:18:48+00:00,-8.04899425,-34.93997076,161,84,2.619999885559082,735.0
2025-09-02T21:05:09Z,Run,2025-09-02 21:18:49+00:00,-8.04901691,-34.93996811,162,84,2.630000114440918,736.0
2025-09-02T21:05:09Z,Run,2025-09-02 21:18:50+00:00,-8.0490369,-34.93996478,164,85,2.619999885559082,737.0
2025-09-02T21:05:09Z,Run,2025-09-02 21:18:51+00:00,-8.0490569,-34.93995945,164,86,2.619999885559082,738.0
2025-09-02T21:05:09Z,Run,2025-09-02 21:18:52+00:00,-8.04907755,-34.93995346,164,86,2.619999885559082,739.0
2025-09-02T21:05:09Z,Run,2025-09-02 21:18:53+00:00,-8.04909855,-34.9399468,164,87,2.619999885559082,740.0
2025-09-02T21:05:09Z,Run,2025-09-02 21:18:54+00:00,-8.04911788,-34.9399388,163,87,2.609999895095825,741.0
2025-09-02T21:05:09Z,Run,2025-09-02 21:18:55+00:00,-8.04913888,-34.9399308,161,86,2.609999895095825,742.0
2025-09-02T21:05:09Z,Run,2025-09-02 21:18:56+00:00,-8.04916154,-34.93992247,161,86,2.609999895095825,743.0
2025-09-02T21:05:09Z,Run,2025-09-02 21:18:57+00:00,-8.0491862,-34.93991348,160,87,2.609999895095825,744.0
2025-09-02T21:05:09Z,Run,2025-09-02 21:18:58+00:00,-8.04921087,-34.93990216,160,87,2.609999895095825,745.0
2025-09-02T21:05:09Z,Run,2025-09-02 21:18:59+00:00,-8.04923553,-34.93989149,160,87,2.5999999046325684,746.0
2025-09-02T21:05:09Z,Run,2025-09-02 21:19:00+00:00,-8.04926052,-34.93988149,160,88,2.5999999046325684,747.0
2025-09-02T21:05:09Z,Run,2025-09-02 21:19:01+00:00,-8.04928486,-34.93987217,160,88,2.5999999046325684,748.0
2025-09-02T21:05:09Z,Run,2025-09-02 21:19:02+00:00,-8.04930885,-34.93986251,160,88,2.5999999046325684,749.0
2025-09-02T21:05:09Z,Run,2025-09-02 21:19:03+00:00,-8.04933317,-34.93985218,159,87,2.609999895095825,750.0
2025-09-02T21:05:09Z,Run,2025-09-02 21:19:04+00:00,-8.04935617,-34.93984352,159,87,2.609999895095825,751.0
2025-09-02T21:05:09Z,Run,2025-09-02 21:19:05+00:00,-8.04937784,-34.93983385,159,87,2.609999895095825,752.0
2025-09-02T21:05:09Z,Run,2025-09-02 21:19:06+00:00,-8.04939884,-34.9398222,158,87,2.630000114440918,753.0
2025-09-02T21:05:09Z,Run,2025-09-02 21:19:07+00:00,-8.04941816,-34.93980987,158,87,2.630000114440918,754.0
2025-09-02T21:05:09Z,Run,2025-09-02 21:19:08+00:00,-8.04943449,-34.93979755,158,86,2.640000104904175,755.0
2025-09-02T21:05:09Z,Run,2025-09-02 21:19:09+00:00,-8.04944648,-34.93978455,159,86,2.6500000953674316,756.0
2025-09-02T21:05:09Z,Run,2025-09-02 21:19:10+00:00,-8.04945314,-34.93977023,159,86,2.6500000953674316,757.0
2025-09-02T21:05:09Z,Run,2025-09-02 21:19:11+00:00,-8.04945413,-34.93975523,159,86,2.6500000953674316,758.0
2025-09-02T21:05:09Z,Run,2025-09-02 21:19:12+00:00,-8.04945114,-34.9397409,160,86,2.6500000953674316,759.0
2025-09-02T21:05:09Z,Run,2025-09-02 21:19:13+00:00,-8.04944515,-34.93972625,161,86,2.640000104904175,760.0
2025-09-02T21:05:09Z,Run,2025-09-02 21:19:14+00:00,-8.04943715,-34.93971126,161,87,2.630000114440918,761.0
2025-09-02T21:05:09Z,Run,2025-09-02 21:19:15+00:00,-8.04942649,-34.93969859,161,87,2.609999895095825,762.0
2025-09-02T21:05:09Z,Run,2025-09-02 21:19:16+00:00,-8.04941217,-34.9396906,160,87,2.3399999141693115,763.0
2025-09-02T21:05:09Z,Run,2025-09-02 21:19:17+00:00,-8.0493955,-34.9396876,160,87,2.3399999141693115,764.0
2025-09-02T21:05:09Z,Run,2025-09-02 21:19:18+00:00,-8.04937684,-34.93968927,160,87,2.0799999237060547,765.0
2025-09-02T21:05:09Z,Run,2025-09-02 21:19:19+00:00,-8.04935651,-34.93969427,159,87,2.0799999237060547,766.0
2025-09-02T21:05:09Z,Run,2025-09-02 21:19:20+00:00,-8.04933551,-34.93970126,158,87,2.0899999141693115,767.0
2025-09-02T21:05:09Z,Run,2025-09-02 21:19:21+00:00,-8.04931551,-34.93971059,158,87,2.109999895095825,768.0
2025-09-02T21:05:09Z,Run,2025-09-02 21:19:22+00:00,-8.04929519,-34.93972058,158,87,2.1700000762939453,769.0
2025-09-02T21:05:09Z,Run,2025-09-02 21:19:23+00:00,-8.04927487,-34.93973158,158,87,2.1700000762939453,770.0
2025-09-02T21:05:09Z,Run,2025-09-02 21:19:24+00:00,-8.04925388,-34.9397429,158,87,2.2699999809265137,771.0
2025-09-02T21:05:09Z,Run,2025-09-02 21:19:25+00:00,-8.04923288,-34.93975424,158,87,2.359999895095825,772.0
2025-09-02T21:05:09Z,Run,2025-09-02 21:19:26+00:00,-8.04921288,-34.93976524,158,87,2.440000057220459,773.0
2025-09-02T21:05:09Z,Run,2025-09-02 21:19:27+00:00,-8.04919355,-34.93977656,158,87,2.490000009536743,774.0
2025-09-02T21:05:09Z,Run,2025-09-02 21:19:28+00:00,-8.04917555,-34.93978956,158,86,2.509999990463257,775.0
2025-09-02T21:05:09Z,Run,2025-09-02 21:19:29+00:00,-8.04915623,-34.93980255,158,86,2.509999990463257,776.0
2025-09-02T21:05:09Z,Run,2025-09-02 21:19:30+00:00,-8.04913724,-34.93981421,158,86,2.5299999713897705,777.0
2025-09-02T21:05:09Z,Run,2025-09-02 21:19:31+00:00,-8.04911892,-34.93982287,159,86,2.5299999713897705,778.0
2025-09-02T21:05:09Z,Run,2025-09-02 21:19:32+00:00,-8.04910058,-34.93983053,158,86,2.5299999713897705,779.0
2025-09-02T21:05:09Z,Run,2025-09-02 21:19:33+00:00,-8.04908292,-34.93983886,158,86,2.5199999809265137,780.0
2025-09-02T21:05:09Z,Run,2025-09-02 21:19:34+00:00,-8.04906493,-34.9398462,158,87,2.490000009536743,781.0
2025-09-02T21:05:09Z,Run,2025-09-02 21:19:35+00:00,-8.04904627,-34.93985252,158,87,2.490000009536743,782.0
2025-09-02T21:05:09Z,Run,2025-09-02 21:19:36+00:00,-8.04902494,-34.93985752,159,87,2.430000066757202,783.0
2025-09-02T21:05:09Z,Run,2025-09-02 21:19:37+00:00,-8.04900261,-34.93986184,159,87,2.359999895095825,784.0
2025-09-02T21:05:09Z,Run,2025-09-02 21:19:38+00:00,-8.04897661,-34.93986751,159,88,2.3299999237060547,785.0
2025-09-02T21:05:09Z,Run,2025-09-02 21:19:39+00:00,-8.04895128,-34.93987484,159,88,2.3299999237060547,786.0
2025-09-02T21:05:09Z,Run,2025-09-02 21:19:40+00:00,-8.04892462,-34.9398845,159,88,2.309999942779541,787.0
2025-09-02T21:05:09Z,Run,2025-09-02 21:19:41+00:00,-8.04889829,-34.93989483,159,88,2.309999942779541,788.0
2025-09-02T21:05:09Z,Run,2025-09-02 21:19:42+00:00,-8.0488733,-34.93990217,160,88,2.380000114440918,789.0
2025-09-02T21:05:09Z,Run,2025-09-02 21:19:43+00:00,-8.04884963,-34.9399075,160,87,2.5199999809265137,790.0
2025-09-02T21:05:09Z,Run,2025-09-02 21:19:44+00:00,-8.04882564,-34.93991082,160,88,2.630000114440918,791.0
2025-09-02T21:05:09Z,Run,2025-09-02 21:19:45+00:00,-8.04880232,-34.93991415,163,88,2.6700000762939453,792.0
2025-09-02T21:05:09Z,Run,2025-09-02 21:19:46+00:00,-8.04877765,-34.93992014,164,88,2.6700000762939453,793.0
2025-09-02T21:05:09Z,Run,2025-09-02 21:19:47+00:00,-8.04875432,-34.93992579,164,88,2.6700000762939453,794.0
2025-09-02T21:05:09Z,Run,2025-09-02 21:19:48+00:00,-8.048731,-34.93993413,164,86,2.640000104904175,795.0
2025-09-02T21:05:09Z,Run,2025-09-02 21:19:49+00:00,-8.04870934,-34.93994413,164,86,2.630000114440918,796.0
2025-09-02T21:05:09Z,Run,2025-09-02 21:19:50+00:00,-8.04868867,-34.93995612,164,86,2.630000114440918,797.0
2025-09-02T21:05:09Z,Run,2025-09-02 21:19:51+00:00,-8.04866902,-34.93996811,162,87,2.609999895095825,798.0
2025-09-02T21:05:09Z,Run,2025-09-02 21:19:52+00:00,-8.04864802,-34.93997877,160,88,2.609999895095825,799.0
2025-09-02T21:05:09Z,Run,2025-09-02 21:19:53+00:00,-8.04862669,-34.93998776,160,88,2.609999895095825,800.0
2025-09-02T21:05:09Z,Run,2025-09-02 21:19:54+00:00,-8.04860369,-34.93999476,159,88,2.609999895095825,801.0
2025-09-02T21:05:09Z,Run,2025-09-02 21:19:55+00:00,-8.04858004,-34.94000109,159,87,2.609999895095825,802.0
2025-09-02T21:05:09Z,Run,2025-09-02 21:19:56+00:00,-8.04855537,-34.94000642,158,87,2.609999895095825,803.0
2025-09-02T21:05:09Z,Run,2025-09-02 21:19:57+00:00,-8.04853104,-34.94001408,158,88,2.609999895095825,804.0
2025-09-02T21:05:09Z,Run,2025-09-02 21:19:58+00:00,-8.0485077,-34.94002341,158,88,2.619999885559082,805.0
2025-09-02T21:05:09Z,Run,2025-09-02 21:19:59+00:00,-8.04848505,-34.9400334,158,88,2.619999885559082,806.0
2025-09-02T21:05:09Z,Run,2025-09-02 21:20:00+00:00,-8.04846205,-34.94004472,158,88,2.630000114440918,807.0
2025-09-02T21:05:09Z,Run,2025-09-02 21:20:01+00:00,-8.04843939,-34.94005506,158,87,2.630000114440918,808.0
2025-09-02T21:05:09Z,Run,2025-09-02 21:20:02+00:00,-8.04841706,-34.94006405,160,88,2.640000104904175,809.0
2025-09-02T21:05:09Z,Run,2025-09-02 21:20:03+00:00,-8.04839472,-34.9400727,160,89,2.6500000953674316,810.0
2025-09-02T21:05:09Z,Run,2025-09-02 21:20:04+00:00,-8.04837073,-34.94008204,160,88,2.6600000858306885,811.0
2025-09-02T21:05:09Z,Run,2025-09-02 21:20:05+00:00,-8.04834674,-34.94009103,160,88,2.6600000858306885,812.0
2025-09-02T21:05:09Z,Run,2025-09-02 21:20:06+00:00,-8.04832375,-34.94009968,160,86,2.6700000762939453,813.0
2025-09-02T21:05:09Z,Run,2025-09-02 21:20:07+00:00,-8.04830109,-34.94010867,160,86,2.680000066757202,814.0
2025-09-02T21:05:09Z,Run,2025-09-02 21:20:08+00:00,-8.04827942,-34.94011834,160,86,2.680000066757202,815.0
2025-09-02T21:05:09Z,Run,2025-09-02 21:20:09+00:00,-8.04825709,-34.94012733,160,87,2.680000066757202,816.0
2025-09-02T21:05:09Z,Run,2025-09-02 21:20:10+00:00,-8.04823343,-34.94013399,160,87,2.680000066757202,817.0
2025-09-02T21:05:09Z,Run,2025-09-02 21:20:11+00:00,-8.04820843,-34.94013832,160,87,2.680000066757202,818.0
2025-09-02T21:05:09Z,Run,2025-09-02 21:20:12+00:00,-8.04818277,-34.94014298,160,87,2.690000057220459,819.0
2025-09-02T21:05:09Z,Run,2025-09-02 21:20:13+00:00,-8.04815778,-34.94014764,161,87,2.690000057220459,820.0
2025-09-02T21:05:09Z,Run,2025-09-02 21:20:14+00:00,-8.04813345,-34.9401543,162,87,2.700000047683716,821.0
2025-09-02T21:05:09Z,Run,2025-09-02 21:20:15+00:00,-8.04810912,-34.9401613,162,86,2.700000047683716,822.0
2025-09-02T21:05:09Z,Run,2025-09-02 21:20:16+00:00,-8.04808612,-34.94017029,162,86,2.7100000381469727,823.0
2025-09-02T21:05:09Z,Run,2025-09-02 21:20:17+00:00,-8.04806479,-34.94018161,162,86,2.7100000381469727,824.0
2025-09-02T21:05:09Z,Run,2025-09-02 21:20:18+00:00,-8.0480468,-34.94019495,162,86,2.7100000381469727,825.0
2025-09-02T21:05:09Z,Run,2025-09-02 21:20:19+00:00,-8.04803247,-34.9402106,161,87,2.7100000381469727,826.0
2025-09-02T21:05:09Z,Run,2025-09-02 21:20:20+00:00,-8.04802148,-34.94022694,162,87,2.7100000381469727,827.0
2025-09-02T21:05:09Z,Run,2025-09-02 21:20:21+00:00,-8.04801148,-34.94024393,162,86,2.7200000286102295,828.0
2025-09-02T21:05:09Z,Run,2025-09-02 21:20:22+00:00,-8.04800382,-34.94026092,162,86,2.7100000381469727,829.0
2025-09-02T21:05:09Z,Run,2025-09-02 21:20:23+00:00,-8.04799982,-34.94027824,162,86,2.7100000381469727,830.0
2025-09-02T21:05:09Z,Run,2025-09-02 21:20:24+00:00,-8.04800049,-34.94029724,162,86,2.7100000381469727,831.0
2025-09-02T21:05:09Z,Run,2025-09-02 21:20:25+00:00,-8.04800348,-34.9403149,162,86,2.7100000381469727,832.0
2025-09-02T21:05:09Z,Run,2025-09-02 21:20:26+00:00,-8.04801214,-34.94033256,163,87,2.700000047683716,833.0
2025-09-02T21:05:09Z,Run,2025-09-02 21:20:27+00:00,-8.04802413,-34.94034356,163,87,2.680000066757202,834.0
2025-09-02T21:05:09Z,Run,2025-09-02 21:20:28+00:00,-8.04804146,-34.94034755,163,87,2.6700000762939453,835.0
2025-09-02T21:05:09Z,Run,2025-09-02 21:20:29+00:00,-8.04806045,-34.94034623,163,88,2.6500000953674316,836.0
2025-09-02T21:05:09Z,Run,2025-09-02 21:20:30+00:00,-8.04808045,-34.9403389,163,88,2.6500000953674316,837.0
2025-09-02T21:05:09Z,Run,2025-09-02 21:20:31+00:00,-8.04810011,-34.9403309,163,88,2.640000104904175,838.0
2025-09-02T21:05:09Z,Run,2025-09-02 21:20:32+00:00,-8.04811977,-34.94032157,163,87,2.630000114440918,839.0
2025-09-02T21:05:09Z,Run,2025-09-02 21:20:33+00:00,-8.04814176,-34.94031157,163,88,2.609999895095825,840.0
2025-09-02T21:05:09Z,Run,2025-09-02 21:20:34+00:00,-8.04816409,-34.94030192,163,88,2.609999895095825,841.0
2025-09-02T21:05:09Z,Run,2025-09-02 21:20:35+00:00,-8.04818609,-34.94029293,163,88,2.5899999141693115,842.0
2025-09-02T21:05:09Z,Run,2025-09-02 21:20:36+00:00,-8.04820774,-34.94028459,163,88,2.5899999141693115,843.0
2025-09-02T21:05:09Z,Run,2025-09-02 21:20:37+00:00,-8.04823173,-34.94027493,163,88,2.5899999141693115,844.0
2025-09-02T21:05:09Z,Run,2025-09-02 21:20:38+00:00,-8.04825472,-34.9402656,162,88,2.5899999141693115,845.0
2025-09-02T21:05:09Z,Run,2025-09-02 21:20:39+00:00,-8.04827772,-34.94025628,162,88,2.5899999141693115,846.0
2025-09-02T21:05:09Z,Run,2025-09-02 21:20:40+00:00,-8.04830038,-34.94024561,162,88,2.5899999141693115,847.0
2025-09-02T21:05:09Z,Run,2025-09-02 21:20:41+00:00,-8.04832271,-34.94023528,162,88,2.5899999141693115,848.0
2025-09-02T21:05:09Z,Run,2025-09-02 21:20:42+00:00,-8.04834571,-34.94022629,162,88,2.5899999141693115,849.0
2025-09-02T21:05:09Z,Run,2025-09-02 21:20:43+00:00,-8.04836905,-34.94021629,162,87,2.5999999046325684,850.0
2025-09-02T21:05:09Z,Run,2025-09-02 21:20:44+00:00,-8.04839204,-34.94020563,162,87,2.5999999046325684,851.0
2025-09-02T21:05:09Z,Run,2025-09-02 21:20:45+00:00,-8.0484167,-34.94019363,161,88,2.5999999046325684,852.0
2025-09-02T21:05:09Z,Run,2025-09-02 21:20:46+00:00,-8.04844004,-34.94018131,161,88,2.609999895095825,853.0
2025-09-02T21:05:09Z,Run,2025-09-02 21:20:47+00:00,-8.04846169,-34.94016965,161,88,2.609999895095825,854.0
2025-09-02T21:05:09Z,Run,2025-09-02 21:20:48+00:00,-8.04848368,-34.940158,161,88,2.609999895095825,855.0
2025-09-02T21:05:09Z,Run,2025-09-02 21:20:49+00:00,-8.04850634,-34.94014634,161,88,2.609999895095825,856.0
2025-09-02T21:05:09Z,Run,2025-09-02 21:20:50+00:00,-8.04852934,-34.94013567,162,88,2.609999895095825,857.0
2025-09-02T21:05:09Z,Run,2025-09-02 21:20:51+00:00,-8.048553,-34.94012534,162,88,2.619999885559082,858.0
2025-09-02T21:05:09Z,Run,2025-09-02 21:20:52+00:00,-8.04857699,-34.94011535,162,88,2.630000114440918,859.0
2025-09-02T21:05:09Z,Run,2025-09-02 21:20:53+00:00,-8.04860199,-34.94010568,162,87,2.630000114440918,860.0
2025-09-02T21:05:09Z,Run,2025-09-02 21:20:54+00:00,-8.04862765,-34.94009569,162,87,2.630000114440918,861.0
2025-09-02T21:05:09Z,Run,2025-09-02 21:20:55+00:00,-8.04865064,-34.94008703,161,88,2.630000114440918,862.0
2025-09-02T21:05:09Z,Run,2025-09-02 21:20:56+00:00,-8.0486733,-34.94007904,161,88,2.640000104904175,863.0
2025-09-02T21:05:09Z,Run,2025-09-02 21:20:57+00:00,-8.04869563,-34.94007204,162,88,2.6500000953674316,864.0
2025-09-02T21:05:09Z,Run,2025-09-02 21:20:58+00:00,-8.04871897,-34.94006737,162,88,2.6500000953674316,865.0
2025-09-02T21:05:09Z,Run,2025-09-02 21:20:59+00:00,-8.0487433,-34.94006405,162,88,2.6500000953674316,866.0
2025-09-02T21:05:09Z,Run,2025-09-02 21:21:00+00:00,-8.04876763,-34.94006072,162,88,2.6500000953674316,867.0
2025-09-02T21:05:09Z,Run,2025-09-02 21:21:01+00:00,-8.04879296,-34.94005773,162,88,2.6600000858306885,868.0
2025-09-02T21:05:09Z,Run,2025-09-02 21:21:02+00:00,-8.04881929,-34.94005474,162,88,2.6600000858306885,869.0
2025-09-02T21:05:09Z,Run,2025-09-02 21:21:03+00:00,-8.04884628,-34.94005241,162,88,2.6700000762939453,870.0
2025-09-02T21:05:09Z,Run,2025-09-02 21:21:04+00:00,-8.04887261,-34.94004974,163,88,2.6700000762939453,871.0
2025-09-02T21:05:09Z,Run,2025-09-02 21:21:05+00:00,-8.04889795,-34.94004509,164,88,2.680000066757202,872.0
2025-09-02T21:05:09Z,Run,2025-09-02 21:21:06+00:00,-8.0489216,-34.94003775,164,88,2.680000066757202,873.0
2025-09-02T21:05:09Z,Run,2025-09-02 21:21:07+00:00,-8.04894394,-34.94002775,165,87,2.680000066757202,874.0
2025-09-02T21:05:09Z,Run,2025-09-02 21:21:08+00:00,-8.04896659,-34.9400181,165,88,2.680000066757202,875.0
2025-09-02T21:05:09Z,Run,2025-09-02 21:21:09+00:00,-8.04898893,-34.94000743,166,89,2.690000057220459,876.0
2025-09-02T21:05:09Z,Run,2025-09-02 21:21:10+00:00,-8.04901092,-34.93999611,166,88,2.700000047683716,877.0
2025-09-02T21:05:09Z,Run,2025-09-02 21:21:11+00:00,-8.04903424,-34.93998412,168,88,2.700000047683716,878.0
2025-09-02T21:05:09Z,Run,2025-09-02 21:21:12+00:00,-8.04905824,-34.93997112,168,88,2.700000047683716,879.0
2025-09-02T21:05:09Z,Run,2025-09-02 21:21:13+00:00,-8.0490829,-34.93995946,168,87,2.7100000381469727,880.0
2025-09-02T21:05:09Z,Run,2025-09-02 21:21:14+00:00,-8.04910756,-34.93994846,168,87,2.7100000381469727,881.0
2025-09-02T21:05:09Z,Run,2025-09-02 21:21:15+00:00,-8.04913189,-34.93993779,168,87,2.7100000381469727,882.0
2025-09-02T21:05:09Z,Run,2025-09-02 21:21:16+00:00,-8.04915455,-34.9399278,168,88,2.7200000286102295,883.0
2025-09-02T21:05:09Z,Run,2025-09-02 21:21:17+00:00,-8.04917554,-34.93991747,168,88,2.7200000286102295,884.0
2025-09-02T21:05:09Z,Run,2025-09-02 21:21:18+00:00,-8.04919654,-34.93990615,168,88,2.7200000286102295,885.0
2025-09-02T21:05:09Z,Run,2025-09-02 21:21:19+00:00,-8.04921954,-34.93989548,167,88,2.7300000190734863,886.0
2025-09-02T21:05:09Z,Run,2025-09-02 21:21:20+00:00,-8.04924353,-34.93988549,167,88,2.7300000190734863,887.0
2025-09-02T21:05:09Z,Run,2025-09-02 21:21:21+00:00,-8.04926786,-34.93987449,166,88,2.7300000190734863,888.0
2025-09-02T21:05:09Z,Run,2025-09-02 21:21:22+00:00,-8.04929219,-34.93986416,166,88,2.740000009536743,889.0
2025-09-02T21:05:09Z,Run,2025-09-02 21:21:23+00:00,-8.04931652,-34.9398545,166,88,2.740000009536743,890.0
2025-09-02T21:05:09Z,Run,2025-09-02 21:21:24+00:00,-8.04934218,-34.93984617,166,88,2.740000009536743,891.0
2025-09-02T21:05:09Z,Run,2025-09-02 21:21:25+00:00,-8.04936851,-34.93984117,166,88,2.740000009536743,892.0
2025-09-02T21:05:09Z,Run,2025-09-02 21:21:26+00:00,-8.04939417,-34.93983784,166,88,2.75,893.0
2025-09-02T21:05:09Z,Run,2025-09-02 21:21:27+00:00,-8.04941784,-34.93983685,164,87,2.75,894.0
2025-09-02T21:05:09Z,Run,2025-09-02 21:21:28+00:00,-8.04943816,-34.93983751,164,88,2.75,895.0
2025-09-02T21:05:09Z,Run,2025-09-02 21:21:29+00:00,-8.04945216,-34.93983751,164,88,2.759999990463257,896.0
2025-09-02T21:05:09Z,Run,2025-09-02 21:21:30+00:00,-8.04946082,-34.93983452,164,88,2.759999990463257,897.0
2025-09-02T21:05:09Z,Run,2025-09-02 21:21:31+00:00,-8.04946415,-34.93982719,165,87,2.759999990463257,898.0
2025-09-02T21:05:09Z,Run,2025-09-02 21:21:32+00:00,-8.04946447,-34.93981553,165,87,2.75,899.0
2025-09-02T21:05:09Z,Run,2025-09-02 21:21:33+00:00,-8.04946114,-34.9398002,165,86,2.7300000190734863,900.0
2025-09-02T21:05:09Z,Run,2025-09-02 21:21:34+00:00,-8.04945448,-34.93978354,165,86,2.700000047683716,901.0
2025-09-02T21:05:09Z,Run,2025-09-02 21:21:35+00:00,-8.04944548,-34.93976754,166,86,2.190000057220459,902.0
2025-09-02T21:05:09Z,Run,2025-09-02 21:21:36+00:00,-8.04943349,-34.93975654,166,86,2.190000057220459,903.0
2025-09-02T21:05:09Z,Run,2025-09-02 21:21:37+00:00,-8.04941884,-34.93975087,166,86,1.6799999475479126,904.0
2025-09-02T21:05:09Z,Run,2025-09-02 21:21:38+00:00,-8.04940151,-34.93974921,166,85,1.6399999856948853,905.0
2025-09-02T21:05:09Z,Run,2025-09-02 21:21:39+00:00,-8.04938285,-34.93975087,166,86,1.7400000095367432,906.0
2025-09-02T21:05:09Z,Run,2025-09-02 21:21:40+00:00,-8.04936285,-34.93975587,166,86,1.8700000047683716,907.0
2025-09-02T21:05:09Z,Run,2025-09-02 21:21:41+00:00,-8.04934319,-34.9397652,166,87,1.9199999570846558,908.0
2025-09-02T21:05:09Z,Run,2025-09-02 21:21:42+00:00,-8.04932352,-34.93977685,166,87,1.9199999570846558,909.0
2025-09-02T21:05:09Z,Run,2025-09-02 21:21:43+00:00,-8.04930619,-34.93979019,167,87,2.0,910.0
2025-09-02T21:05:09Z,Run,2025-09-02 21:21:44+00:00,-8.04928987,-34.93980585,168,87,2.069999933242798,911.0
2025-09-02T21:05:09Z,Run,2025-09-02 21:21:45+00:00,-8.04927187,-34.93982284,169,87,2.1600000858306885,912.0
2025-09-02T21:05:09Z,Run,2025-09-02 21:21:46+00:00,-8.04925087,-34.93983917,169,86,2.2899999618530273,913.0
2025-09-02T21:05:09Z,Run,2025-09-02 21:21:47+00:00,-8.04922821,-34.9398545,168,87,2.390000104904175,914.0
2025-09-02T21:05:09Z,Run,2025-09-02 21:21:48+00:00,-8.04920521,-34.93986882,168,87,2.390000104904175,915.0
2025-09-02T21:05:09Z,Run,2025-09-02 21:21:49+00:00,-8.04918255,-34.93988048,169,86,2.450000047683716,916.0
2025-09-02T21:05:09Z,Run,2025-09-02 21:21:50+00:00,-8.04915823,-34.93989081,170,87,2.5399999618530273,917.0
2025-09-02T21:05:09Z,Run,2025-09-02 21:21:51+00:00,-8.04913291,-34.93989915,171,87,2.6500000953674316,918.0
2025-09-02T21:05:09Z,Run,2025-09-02 21:21:52+00:00,-8.04910891,-34.9399058,172,87,2.7300000190734863,919.0
2025-09-02T21:05:09Z,Run,2025-09-02 21:21:53+00:00,-8.04908291,-34.93991114,171,87,2.75,920.0
2025-09-02T21:05:09Z,Run,2025-09-02 21:21:54+00:00,-8.04905625,-34.93991679,171,87,2.75,921.0
2025-09-02T21:05:09Z,Run,2025-09-02 21:21:55+00:00,-8.04902558,-34.93992146,171,87,2.7699999809265137,922.0
2025-09-02T21:05:09Z,Run,2025-09-02 21:21:56+00:00,-8.04899193,-34.93992378,171,88,2.799999952316284,923.0
2025-09-02T21:05:09Z,Run,2025-09-02 21:21:57+00:00,-8.04895727,-34.93992512,171,88,2.8399999141693115,924.0
2025-09-02T21:05:09Z,Run,2025-09-02 21:21:58+00:00,-8.04892427,-34.93992479,173,88,2.880000114440918,925.0
2025-09-02T21:05:09Z,Run,2025-09-02 21:21:59+00:00,-8.0488906,-34.93992246,174,88,2.9700000286102295,926.0
2025-09-02T21:05:09Z,Run,2025-09-02 21:22:00+00:00,-8.04885928,-34.93992214,175,87,3.0999999046325684,927.0
2025-09-02T21:05:09Z,Run,2025-09-02 21:22:01+00:00,-8.04883162,-34.93993146,175,87,3.0999999046325684,928.0
2025-09-02T21:05:09Z,Run,2025-09-02 21:22:02+00:00,-8.04880629,-34.93994179,175,87,3.180000066757202,929.0
2025-09-02T21:05:09Z,Run,2025-09-02 21:22:03+00:00,-8.04878297,-34.93995246,175,87,3.180000066757202,930.0
2025-09-02T21:05:09Z,Run,2025-09-02 21:22:04+00:00,-8.04875997,-34.93996178,175,87,3.140000104904175,931.0
2025-09-02T21:05:09Z,Run,2025-09-02 21:22:05+00:00,-8.04873864,-34.93996811,174,87,3.049999952316284,932.0
2025-09-02T21:05:09Z,Run,2025-09-02 21:22:06+00:00,-8.04871765,-34.93997443,174,87,2.940000057220459,933.0
2025-09-02T21:05:09Z,Run,2025-09-02 21:22:07+00:00,-8.04869532,-34.9399841,174,87,2.940000057220459,934.0
2025-09-02T21:05:09Z,Run,2025-09-02 21:22:08+00:00,-8.04867165,-34.93999476,175,86,2.819999933242798,935.0
2025-09-02T21:05:09Z,Run,2025-09-02 21:22:09+00:00,-8.048647,-34.94000475,177,86,2.7300000190734863,936.0
2025-09-02T21:05:09Z,Run,2025-09-02 21:22:10+00:00,-8.04859334,-34.94001675,179,86,2.7300000190734863,937.0
2025-09-02T21:05:09Z,Run,2025-09-02 21:22:11+00:00,-8.04856767,-34.94001609,179,86,2.7300000190734863,938.0
2025-09-02T21:05:09Z,Run,2025-09-02 21:22:12+00:00,-8.04854368,-34.94001276,179,86,2.7300000190734863,939.0
2025-09-02T21:05:09Z,Run,2025-09-02 21:22:13+00:00,-8.04851935,-34.94001211,179,86,2.7300000190734863,940.0
2025-09-02T21:05:09Z,Run,2025-09-02 21:22:14+00:00,-8.04849503,-34.94001444,178,86,2.7300000190734863,941.0
2025-09-02T21:05:09Z,Run,2025-09-02 21:22:15+00:00,-8.04847104,-34.94001943,177,87,2.7300000190734863,942.0
2025-09-02T21:05:09Z,Run,2025-09-02 21:22:16+00:00,-8.0484477,-34.94002643,177,87,2.7300000190734863,943.0
2025-09-02T21:05:09Z,Run,2025-09-02 21:22:17+00:00,-8.0484247,-34.94003342,177,87,2.7300000190734863,944.0
2025-09-02T21:05:09Z,Run,2025-09-02 21:22:18+00:00,-8.04840237,-34.94004142,177,87,2.7300000190734863,945.0
2025-09-02T21:05:09Z,Run,2025-09-02 21:22:19+00:00,-8.04837971,-34.94004975,178,87,2.7200000286102295,946.0
2025-09-02T21:05:09Z,Run,2025-09-02 21:22:20+00:00,-8.04835738,-34.94005841,179,87,2.7200000286102295,947.0
2025-09-02T21:05:09Z,Run,2025-09-02 21:22:21+00:00,-8.04833572,-34.94006908,179,85,2.7100000381469727,948.0
2025-09-02T21:05:09Z,Run,2025-09-02 21:22:22+00:00,-8.04831406,-34.94008073,180,85,2.7100000381469727,949.0
2025-09-02T21:05:09Z,Run,2025-09-02 21:22:23+00:00,-8.04829107,-34.9400934,181,85,2.7100000381469727,950.0
2025-09-02T21:05:09Z,Run,2025-09-02 21:22:24+00:00,-8.0482664,-34.94010572,181,85,2.7100000381469727,951.0
2025-09-02T21:05:09Z,Run,2025-09-02 21:22:25+00:00,-8.0482404,-34.94011606,181,86,2.7100000381469727,952.0
2025-09-02T21:05:09Z,Run,2025-09-02 21:22:26+00:00,-8.04821341,-34.94012571,181,85,2.7100000381469727,953.0
2025-09-02T21:05:09Z,Run,2025-09-02 21:22:27+00:00,-8.04818641,-34.94013571,181,86,2.7100000381469727,954.0
2025-09-02T21:05:09Z,Run,2025-09-02 21:22:28+00:00,-8.04816142,-34.9401457,181,86,2.7200000286102295,955.0
2025-09-02T21:05:09Z,Run,2025-09-02 21:22:29+00:00,-8.04813743,-34.94015436,181,86,2.7300000190734863,956.0
2025-09-02T21:05:09Z,Run,2025-09-02 21:22:30+00:00,-8.04811376,-34.94016302,181,86,2.7300000190734863,957.0
2025-09-02T21:05:09Z,Run,2025-09-02 21:22:31+00:00,-8.04809111,-34.94017268,182,86,2.7300000190734863,958.0
2025-09-02T21:05:09Z,Run,2025-09-02 21:22:32+00:00,-8.04807044,-34.94018402,181,86,2.740000009536743,959.0
2025-09-02T21:05:09Z,Run,2025-09-02 21:22:33+00:00,-8.04805178,-34.94019567,180,87,2.75,960.0
2025-09-02T21:05:09Z,Run,2025-09-02 21:22:34+00:00,-8.04803546,-34.94020766,180,87,2.759999990463257,961.0
2025-09-02T21:05:09Z,Run,2025-09-02 21:22:35+00:00,-8.0480248,-34.94022133,181,87,2.759999990463257,962.0
2025-09-02T21:05:09Z,Run,2025-09-02 21:22:36+00:00,-8.0480168,-34.94023633,181,85,2.759999990463257,963.0
2025-09-02T21:05:09Z,Run,2025-09-02 21:22:37+00:00,-8.04801014,-34.94025265,181,85,2.759999990463257,964.0
2025-09-02T21:05:09Z,Run,2025-09-02 21:22:38+00:00,-8.04800681,-34.94026899,181,85,2.759999990463257,965.0
2025-09-02T21:05:09Z,Run,2025-09-02 21:22:39+00:00,-8.0480078,-34.94028664,181,84,2.740000009536743,966.0
2025-09-02T21:05:09Z,Run,2025-09-02 21:22:40+00:00,-8.04801447,-34.94029931,180,85,2.7300000190734863,967.0
2025-09-02T21:05:09Z,Run,2025-09-02 21:22:41+00:00,-8.04802446,-34.94030964,178,85,2.7100000381469727,968.0
2025-09-02T21:05:09Z,Run,2025-09-02 21:22:42+00:00,-8.04803945,-34.94031563,178,86,2.700000047683716,969.0
2025-09-02T21:05:09Z,Run,2025-09-02 21:22:43+00:00,-8.04805545,-34.94031662,178,86,2.700000047683716,970.0
2025-09-02T21:05:09Z,Run,2025-09-02 21:22:44+00:00,-8.04807044,-34.94031429,176,87,2.680000066757202,971.0
2025-09-02T21:05:09Z,Run,2025-09-02 21:22:45+00:00,-8.04808743,-34.94030397,176,87,2.6500000953674316,972.0
2025-09-02T21:05:09Z,Run,2025-09-02 21:22:46+00:00,-8.04810343,-34.9402903,176,87,2.640000104904175,973.0
2025-09-02T21:05:09Z,Run,2025-09-02 21:22:47+00:00,-8.04811709,-34.9402783,175,87,2.369999885559082,974.0
2025-09-02T21:05:09Z,Run,2025-09-02 21:22:48+00:00,-8.04813275,-34.94026564,175,87,2.0999999046325684,975.0
2025-09-02T21:05:09Z,Run,2025-09-02 21:22:49+00:00,-8.04815109,-34.94025464,175,87,2.0999999046325684,976.0
2025-09-02T21:05:09Z,Run,2025-09-02 21:22:50+00:00,-8.04816975,-34.94024565,175,88,2.140000104904175,977.0
2025-09-02T21:05:09Z,Run,2025-09-02 21:22:51+00:00,-8.04819108,-34.94023799,176,88,2.2300000190734863,978.0
2025-09-02T21:05:09Z,Run,2025-09-02 21:22:52+00:00,-8.0482164,-34.94023232,177,88,2.319999933242798,979.0
2025-09-02T21:05:09Z,Run,2025-09-02 21:22:53+00:00,-8.04824206,-34.94022633,177,88,2.3499999046325684,980.0
2025-09-02T21:05:09Z,Run,2025-09-02 21:22:54+00:00,-8.04826639,-34.94022034,177,88,2.380000114440918,981.0
2025-09-02T21:05:09Z,Run,2025-09-02 21:22:55+00:00,-8.04828939,-34.94021267,177,88,2.380000114440918,982.0
2025-09-02T21:05:09Z,Run,2025-09-02 21:22:56+00:00,-8.04831271,-34.94020302,177,88,2.450000047683716,983.0
2025-09-02T21:05:09Z,Run,2025-09-02 21:22:57+00:00,-8.04833404,-34.94019168,177,88,2.569999933242798,984.0
2025-09-02T21:05:09Z,Run,2025-09-02 21:22:58+00:00,-8.04835669,-34.94017502,177,85,2.640000104904175,985.0
2025-09-02T21:05:09Z,Run,2025-09-02 21:22:59+00:00,-8.04838236,-34.94016069,175,85,2.6700000762939453,986.0
2025-09-02T21:05:09Z,Run,2025-09-02 21:23:00+00:00,-8.04840435,-34.94014703,175,85,2.700000047683716,987.0
2025-09-02T21:05:09Z,Run,2025-09-02 21:23:01+00:00,-8.04842434,-34.94013736,175,85,2.700000047683716,988.0
2025-09-02T21:05:09Z,Run,2025-09-02 21:23:02+00:00,-8.04844201,-34.9401287,175,85,2.700000047683716,989.0
2025-09-02T21:05:09Z,Run,2025-09-02 21:23:03+00:00,-8.04845834,-34.94011971,175,85,2.6700000762939453,990.0
2025-09-02T21:05:09Z,Run,2025-09-02 21:23:04+00:00,-8.04847633,-34.94011406,175,85,2.6500000953674316,991.0
2025-09-02T21:05:09Z,Run,2025-09-02 21:23:05+00:00,-8.04849166,-34.9401134,175,85,2.509999990463257,992.0
2025-09-02T21:05:09Z,Run,2025-09-02 21:23:06+00:00,-8.04850365,-34.94011772,174,85,2.25,993.0
2025-09-02T21:05:09Z,Run,2025-09-02 21:23:07+00:00,-8.04851431,-34.94012306,174,85,2.25,994.0
2025-09-02T21:05:09Z,Run,2025-09-02 21:23:08+00:00,-8.04852497,-34.94012739,174,85,1.9500000476837158,995.0
2025-09-02T21:05:09Z,Run,2025-09-02 21:23:09+00:00,-8.0485363,-34.94012939,176,85,1.7599999904632568,996.0
2025-09-02T21:05:09Z,Run,2025-09-02 21:23:10+00:00,-8.04854796,-34.94013005,177,85,1.6799999475479126,997.0
2025-09-02T21:05:09Z,Run,2025-09-02 21:23:11+00:00,-8.04856061,-34.94012738,176,85,1.559999942779541,998.0
2025-09-02T21:05:09Z,Run,2025-09-02 21:23:12+00:00,-8.04857395,-34.94012305,176,85,1.4700000286102295,999.0
2025-09-02T21:05:09Z,Run,2025-09-02 21:23:13+00:00,-8.04858727,-34.94011706,176,85,1.4700000286102295,1000.0
2025-09-02T21:05:09Z,Run,2025-09-02 21:23:14+00:00,-8.04860127,-34.94011073,177,62,1.4199999570846558,1001.0
2025-09-02T21:05:09Z,Run,2025-09-02 21:23:15+00:00,-8.0486166,-34.94010407,175,62,1.4199999570846558,1002.0
2025-09-02T21:05:09Z,Run,2025-09-02 21:23:16+00:00,-8.04863193,-34.94010141,174,62,1.4500000476837158,1003.0
2025-09-02T21:05:09Z,Run,2025-09-02 21:23:17+00:00,-8.04864493,-34.94010074,174,62,1.5199999809265137,1004.0
2025-09-02T21:05:09Z,Run,2025-09-02 21:23:18+00:00,-8.04865726,-34.94009875,172,62,1.559999942779541,1005.0
2025-09-02T21:05:09Z,Run,2025-09-02 21:23:19+00:00,-8.04867126,-34.94009509,172,62,1.559999942779541,1006.0
2025-09-02T21:05:09Z,Run,2025-09-02 21:23:20+00:00,-8.04868558,-34.94008975,172,62,1.5700000524520874,1007.0
2025-09-02T21:05:09Z,Run,2025-09-02 21:23:21+00:00,-8.04869892,-34.94008543,174,62,1.5800000429153442,1008.0
2025-09-02T21:05:09Z,Run,2025-09-02 21:23:22+00:00,-8.04871124,-34.94008343,171,62,1.590000033378601,1009.0
2025-09-02T21:05:09Z,Run,2025-09-02 21:23:23+00:00,-8.04871891,-34.94008244,168,62,1.5399999618530273,1010.0
2025-09-02T21:05:09Z,Run,2025-09-02 21:23:24+00:00,-8.04872591,-34.94008144,166,31,1.4900000095367432,1011.0
2025-09-02T21:05:09Z,Run,2025-09-02 21:23:25+00:00,-8.04873291,-34.94007978,166,31,1.4900000095367432,1012.0
2025-09-02T21:05:09Z,Run,2025-09-02 21:23:26+00:00,-8.04874056,-34.94008077,166,31,1.4700000286102295,1013.0
2025-09-02T21:05:09Z,Run,2025-09-02 21:23:27+00:00,-8.04875523,-34.94008177,168,31,1.4199999570846558,1014.0
2025-09-02T21:05:09Z,Run,2025-09-02 21:23:28+00:00,-8.04877189,-34.94008276,169,31,1.3700000047683716,1015.0
2025-09-02T21:05:09Z,Run,2025-09-02 21:23:29+00:00,-8.04878722,-34.94008309,166,31,1.350000023841858,1016.0
2025-09-02T21:05:09Z,Run,2025-09-02 21:23:30+00:00,-8.04880155,-34.94008341,166,31,1.350000023841858,1017.0
2025-09-02T21:05:09Z,Run,2025-09-02 21:23:31+00:00,-8.04881688,-34.94008275,166,31,1.350000023841858,1018.0
2025-09-02T21:05:09Z,Run,2025-09-02 21:23:32+00:00,-8.04883088,-34.94007943,166,31,1.3600000143051147,1019.0
2025-09-02T21:05:09Z,Run,2025-09-02 21:23:33+00:00,-8.04884254,-34.94007376,170,31,1.4299999475479126,1020.0
2025-09-02T21:05:09Z,Run,2025-09-02 21:23:34+00:00,-8.04885487,-34.94006811,172,31,1.4900000095367432,1021.0
2025-09-02T21:05:09Z,Run,2025-09-02 21:23:35+00:00,-8.04886787,-34.94006144,174,31,1.4900000095367432,1022.0
2025-09-02T21:05:09Z,Run,2025-09-02 21:23:36+00:00,-8.04888086,-34.94005478,173,32,1.4700000286102295,1023.0
2025-09-02T21:05:09Z,Run,2025-09-02 21:23:37+00:00,-8.04889418,-34.94004913,173,32,1.4700000286102295,1024.0
2025-09-02T21:05:09Z,Run,2025-09-02 21:23:38+00:00,-8.04890651,-34.94004213,173,32,1.4900000095367432,1025.0
2025-09-02T21:05:09Z,Run,2025-09-02 21:23:39+00:00,-8.0489185,-34.9400328,171,32,1.5499999523162842,1026.0
2025-09-02T21:05:09Z,Run,2025-09-02 21:23:40+00:00,-8.04893083,-34.94002415,169,32,1.5700000524520874,1027.0
2025-09-02T21:05:09Z,Run,2025-09-02 21:23:41+00:00,-8.04894183,-34.94001549,166,32,1.5700000524520874,1028.0
2025-09-02T21:05:09Z,Run,2025-09-02 21:23:42+00:00,-8.04895382,-34.94000683,166,31,1.5700000524520874,1029.0
2025-09-02T21:05:09Z,Run,2025-09-02 21:23:43+00:00,-8.04896482,-34.9399985,166,31,1.5700000524520874,1030.0
2025-09-02T21:05:09Z,Run,2025-09-02 21:23:44+00:00,-8.04897681,-34.93999218,165,31,1.559999942779541,1031.0
2025-09-02T21:05:09Z,Run,2025-09-02 21:23:45+00:00,-8.04898746,-34.93998851,163,31,1.559999942779541,1032.0
2025-09-02T21:05:09Z,Run,2025-09-02 21:23:46+00:00,-8.0489988,-34.93998485,163,31,1.5700000524520874,1033.0
2025-09-02T21:05:09Z,Run,2025-09-02 21:23:47+00:00,-8.04900946,-34.93998086,163,31,1.5700000524520874,1034.0
2025-09-02T21:05:09Z,Run,2025-09-02 21:23:48+00:00,-8.04901979,-34.9399772,166,32,1.5700000524520874,1035.0
2025-09-02T21:05:09Z,Run,2025-09-02 21:23:49+00:00,-8.04903111,-34.93997287,170,32,1.559999942779541,1036.0
2025-09-02T21:05:09Z,Run,2025-09-02 21:23:50+00:00,-8.04904211,-34.93996621,170,32,1.559999942779541,1037.0
2025-09-02T21:05:09Z,Run,2025-09-02 21:23:51+00:00,-8.04905343,-34.93995855,171,32,1.559999942779541,1038.0
2025-09-02T21:05:09Z,Run,2025-09-02 21:23:52+00:00,-8.0490651,-34.93994956,172,31,1.5499999523162842,1039.0
2025-09-02T21:05:09Z,Run,2025-09-02 21:23:53+00:00,-8.04907876,-34.93994023,173,32,1.5399999618530273,1040.0
2025-09-02T21:05:09Z,Run,2025-09-02 21:23:54+00:00,-8.04909108,-34.93993057,175,32,1.5299999713897705,1041.0
2025-09-02T21:05:09Z,Run,2025-09-02 21:23:55+00:00,-8.04910308,-34.93992158,176,33,1.5299999713897705,1042.0
2025-09-02T21:05:09Z,Run,2025-09-02 21:23:56+00:00,-8.04911407,-34.93991225,176,33,1.5299999713897705,1043.0
2025-09-02T21:05:09Z,Run,2025-09-02 21:23:57+00:00,-8.04912606,-34.93990292,176,32,1.5199999809265137,1044.0
2025-09-02T21:05:09Z,Run,2025-09-02 21:23:58+00:00,-8.04913706,-34.93989459,176,32,1.5199999809265137,1045.0
2025-09-02T21:05:09Z,Run,2025-09-02 21:23:59+00:00,-8.04914939,-34.93988493,176,32,1.5199999809265137,1046.0
2025-09-02T21:05:09Z,Run,2025-09-02 21:24:00+00:00,-8.04916305,-34.93987527,176,30,1.5199999809265137,1047.0
2025-09-02T21:05:09Z,Run,2025-09-02 21:24:01+00:00,-8.04917838,-34.93986794,176,30,1.5199999809265137,1048.0
2025-09-02T21:05:09Z,Run,2025-09-02 21:24:02+00:00,-8.04919504,-34.93986361,176,30,1.5199999809265137,1049.0
2025-09-02T21:05:09Z,Run,2025-09-02 21:24:03+00:00,-8.04920971,-34.93986161,174,30,1.5199999809265137,1050.0
2025-09-02T21:05:09Z,Run,2025-09-02 21:24:04+00:00,-8.04922371,-34.93986029,169,30,1.5199999809265137,1051.0
2025-09-02T21:05:09Z,Run,2025-09-02 21:24:05+00:00,-8.0492387,-34.93985996,168,30,1.5199999809265137,1052.0
2025-09-02T21:05:09Z,Run,2025-09-02 21:24:06+00:00,-8.04925335,-34.93986029,167,30,1.5299999713897705,1053.0
2025-09-02T21:05:09Z,Run,2025-09-02 21:24:07+00:00,-8.04926735,-34.93985996,167,30,1.5299999713897705,1054.0
2025-09-02T21:05:09Z,Run,2025-09-02 21:24:08+00:00,-8.04928002,-34.9398593,167,30,1.5299999713897705,1055.0
2025-09-02T21:05:09Z,Run,2025-09-02 21:24:09+00:00,-8.04929235,-34.93985664,166,31,1.5299999713897705,1056.0
2025-09-02T21:05:09Z,Run,2025-09-02 21:24:10+00:00,-8.04930502,-34.93985364,167,31,1.5299999713897705,1057.0
2025-09-02T21:05:09Z,Run,2025-09-02 21:24:11+00:00,-8.04931701,-34.93985132,168,32,1.5299999713897705,1058.0
2025-09-02T21:05:09Z,Run,2025-09-02 21:24:12+00:00,-8.04932867,-34.93984965,169,33,1.5299999713897705,1059.0
2025-09-02T21:05:09Z,Run,2025-09-02 21:24:13+00:00,-8.04933999,-34.93984633,169,32,1.5299999713897705,1060.0
2025-09-02T21:05:09Z,Run,2025-09-02 21:24:14+00:00,-8.04935065,-34.93984066,169,32,1.5299999713897705,1061.0
2025-09-02T21:05:09Z,Run,2025-09-02 21:24:15+00:00,-8.04936131,-34.93983533,169,33,1.5199999809265137,1062.0
2025-09-02T21:05:09Z,Run,2025-09-02 21:24:16+00:00,-8.04937164,-34.93983033,169,32,1.5199999809265137,1063.0
2025-09-02T21:05:09Z,Run,2025-09-02 21:24:17+00:00,-8.04938129,-34.93982466,169,32,1.5099999904632568,1064.0
2025-09-02T21:05:09Z,Run,2025-09-02 21:24:18+00:00,-8.04939096,-34.93981899,169,32,1.5099999904632568,1065.0
2025-09-02T21:05:09Z,Run,2025-09-02 21:24:19+00:00,-8.04940095,-34.93981334,170,32,1.5,1066.0
2025-09-02T21:05:09Z,Run,2025-09-02 21:24:20+00:00,-8.04940961,-34.93980767,170,32,1.5,1067.0
2025-09-02T21:05:09Z,Run,2025-09-02 21:24:21+00:00,-8.04941661,-34.93980234,171,31,1.4900000095367432,1068.0
2025-09-02T21:05:09Z,Run,2025-09-02 21:24:22+00:00,-8.04942094,-34.93979734,173,31,1.4900000095367432,1069.0
2025-09-02T21:05:09Z,Run,2025-09-02 21:24:23+00:00,-8.04942326,-34.93979268,173,31,1.4800000190734863,1070.0
2025-09-02T21:05:09Z,Run,2025-09-02 21:24:24+00:00,-8.04942293,-34.93978669,173,31,1.4700000286102295,1071.0
2025-09-02T21:05:09Z,Run,2025-09-02 21:24:25+00:00,-8.04942227,-34.93977602,173,31,1.4500000476837158,1072.0
2025-09-02T21:05:09Z,Run,2025-09-02 21:24:26+00:00,-8.0494236,-34.93976137,173,31,1.4500000476837158,1073.0
2025-09-02T21:05:09Z,Run,2025-09-02 21:24:27+00:00,-8.04942593,-34.93974337,173,31,1.440000057220459,1074.0
2025-09-02T21:05:09Z,Run,2025-09-02 21:24:28+00:00,-8.04942725,-34.9397267,173,31,1.4299999475479126,1075.0
2025-09-02T21:05:09Z,Run,2025-09-02 21:24:29+00:00,-8.04942692,-34.93971303,173,31,1.4199999570846558,1076.0
2025-09-02T21:05:09Z,Run,2025-09-02 21:24:30+00:00,-8.04942393,-34.93970238,173,31,1.409999966621399,1077.0
2025-09-02T21:05:09Z,Run,2025-09-02 21:24:31+00:00,-8.04941793,-34.93969504,173,31,1.399999976158142,1078.0
2025-09-02T21:05:09Z,Run,2025-09-02 21:24:32+00:00,-8.04941026,-34.93969004,173,31,1.399999976158142,1079.0
2025-09-02T21:05:09Z,Run,2025-09-02 21:24:33+00:00,-8.04940193,-34.93968771,174,32,1.399999976158142,1080.0
2025-09-02T21:05:09Z,Run,2025-09-02 21:24:34+00:00,-8.04939161,-34.93968838,174,32,1.399999976158142,1081.0
2025-09-02T21:05:09Z,Run,2025-09-02 21:24:35+00:00,-8.04938161,-34.93969037,174,32,1.3899999856948853,1082.0
2025-09-02T21:05:09Z,Run,2025-09-02 21:24:36+00:00,-8.04936995,-34.93969336,174,32,1.3799999952316284,1083.0
2025-09-02T21:05:09Z,Run,2025-09-02 21:24:37+00:00,-8.04935796,-34.93969769,174,32,1.3799999952316284,1084.0
2025-09-02T21:05:09Z,Run,2025-09-02 21:24:38+00:00,-8.04934529,-34.93970202,174,32,1.3799999952316284,1085.0
2025-09-02T21:05:09Z,Run,2025-09-02 21:24:39+00:00,-8.04933064,-34.93970568,174,32,1.3700000047683716,1086.0
2025-09-02T21:05:09Z,Run,2025-09-02 21:24:40+00:00,-8.04931664,-34.93971,174,32,1.3600000143051147,1087.0
2025-09-02T21:05:09Z,Run,2025-09-02 21:24:41+00:00,-8.04930298,-34.939715,173,32,1.3600000143051147,1088.0
2025-09-02T21:05:09Z,Run,2025-09-02 21:24:42+00:00,-8.04929031,-34.939719,173,32,1.350000023841858,1089.0
2025-09-02T21:05:09Z,Run,2025-09-02 21:24:43+00:00,-8.04927798,-34.93972299,173,32,1.350000023841858,1090.0
2025-09-02T21:05:09Z,Run,2025-09-02 21:24:44+00:00,-8.04926632,-34.93972799,173,32,1.350000023841858,1091.0
2025-09-02T21:05:09Z,Run,2025-09-02 21:24:45+00:00,-8.04925599,-34.93973333,174,32,1.3600000143051147,1092.0
2025-09-02T21:05:09Z,Run,2025-09-02 21:24:46+00:00,-8.04924632,-34.93973798,174,32,1.3600000143051147,1093.0
2025-09-02T21:05:09Z,Run,2025-09-02 21:24:47+00:00,-8.04923533,-34.93974332,174,32,1.3600000143051147,1094.0
2025-09-02T21:05:09Z,Run,2025-09-02 21:24:48+00:00,-8.049223,-34.93975132,174,32,1.3600000143051147,1095.0
2025-09-02T21:05:09Z,Run,2025-09-02 21:24:49+00:00,-8.04921033,-34.93976064,175,32,1.3600000143051147,1096.0
2025-09-02T21:05:09Z,Run,2025-09-02 21:24:50+00:00,-8.04919701,-34.93977131,175,32,1.3600000143051147,1097.0
2025-09-02T21:05:09Z,Run,2025-09-02 21:24:51+00:00,-8.04918202,-34.93978431,175,32,1.3600000143051147,1098.0
2025-09-02T21:05:09Z,Run,2025-09-02 21:24:52+00:00,-8.04916469,-34.93979797,176,32,1.3600000143051147,1099.0
2025-09-02T21:05:09Z,Run,2025-09-02 21:24:53+00:00,-8.04914236,-34.93981263,176,32,1.4800000190734863,1100.0
2025-09-02T21:05:09Z,Run,2025-09-02 21:24:54+00:00,-8.04911903,-34.93982596,177,32,1.7400000095367432,1101.0
2025-09-02T21:05:09Z,Run,2025-09-02 21:24:55+00:00,-8.04909737,-34.9398373,177,32,2.059999942779541,1102.0
2025-09-02T21:05:09Z,Run,2025-09-02 21:24:56+00:00,-8.04907604,-34.93984895,177,32,2.059999942779541,1103.0
2025-09-02T21:05:09Z,Run,2025-09-02 21:24:57+00:00,-8.04905538,-34.93985995,178,32,2.369999885559082,1104.0
2025-09-02T21:05:09Z,Run,2025-09-02 21:24:58+00:00,-8.04903105,-34.93986795,178,32,2.5299999713897705,1105.0
2025-09-02T21:05:09Z,Run,2025-09-02 21:24:59+00:00,-8.04900505,-34.93987494,176,32,2.569999933242798,1106.0
2025-09-02T21:05:09Z,Run,2025-09-02 21:25:00+00:00,-8.04897806,-34.93988127,176,88,2.609999895095825,1107.0
2025-09-02T21:05:09Z,Run,2025-09-02 21:25:01+00:00,-8.04895173,-34.93988827,176,88,2.7200000286102295,1108.0
2025-09-02T21:05:09Z,Run,2025-09-02 21:25:02+00:00,-8.04892573,-34.93989593,176,88,2.7200000286102295,1109.0
2025-09-02T21:05:09Z,Run,2025-09-02 21:25:03+00:00,-8.04889874,-34.93990292,175,88,2.7699999809265137,1110.0
2025-09-02T21:05:09Z,Run,2025-09-02 21:25:04+00:00,-8.0488704,-34.93991126,174,88,2.7799999713897705,1111.0
2025-09-02T21:05:09Z,Run,2025-09-02 21:25:05+00:00,-8.04884407,-34.93991991,174,88,2.819999933242798,1112.0
2025-09-02T21:05:09Z,Run,2025-09-02 21:25:06+00:00,-8.04881841,-34.93992791,173,88,2.869999885559082,1113.0
2025-09-02T21:05:09Z,Run,2025-09-02 21:25:07+00:00,-8.04879475,-34.93993657,173,88,2.890000104904175,1114.0
2025-09-02T21:05:09Z,Run,2025-09-02 21:25:08+00:00,-8.04877076,-34.93994457,173,88,2.890000104904175,1115.0
2025-09-02T21:05:09Z,Run,2025-09-02 21:25:09+00:00,-8.04874643,-34.93995223,172,87,2.890000104904175,1116.0
2025-09-02T21:05:09Z,Run,2025-09-02 21:25:10+00:00,-8.0487221,-34.93995956,172,87,2.890000104904175,1117.0
2025-09-02T21:05:09Z,Run,2025-09-02 21:25:11+00:00,-8.04869777,-34.93996656,172,87,2.869999885559082,1118.0
2025-09-02T21:05:09Z,Run,2025-09-02 21:25:12+00:00,-8.04867344,-34.93997355,173,87,2.8399999141693115,1119.0
2025-09-02T21:05:09Z,Run,2025-09-02 21:25:13+00:00,-8.04864844,-34.93997922,173,87,2.799999952316284,1120.0
2025-09-02T21:05:09Z,Run,2025-09-02 21:25:14+00:00,-8.04862379,-34.93998521,173,87,2.799999952316284,1121.0
2025-09-02T21:05:09Z,Run,2025-09-02 21:25:15+00:00,-8.04859946,-34.93999221,173,86,2.7799999713897705,1122.0
2025-09-02T21:05:09Z,Run,2025-09-02 21:25:16+00:00,-8.04857446,-34.94000054,173,87,2.7799999713897705,1123.0
2025-09-02T21:05:09Z,Run,2025-09-02 21:25:17+00:00,-8.0485488,-34.94000953,172,86,2.7799999713897705,1124.0
2025-09-02T21:05:09Z,Run,2025-09-02 21:25:18+00:00,-8.04852347,-34.94001852,172,87,2.7699999809265137,1125.0
2025-09-02T21:05:09Z,Run,2025-09-02 21:25:19+00:00,-8.04849881,-34.94002818,171,87,2.7799999713897705,1126.0
2025-09-02T21:05:09Z,Run,2025-09-02 21:25:20+00:00,-8.04847448,-34.94003718,171,87,2.7799999713897705,1127.0
2025-09-02T21:05:09Z,Run,2025-09-02 21:25:21+00:00,-8.04845082,-34.94004617,170,87,2.799999952316284,1128.0
2025-09-02T21:05:09Z,Run,2025-09-02 21:25:22+00:00,-8.04842716,-34.94005316,170,87,2.819999933242798,1129.0
2025-09-02T21:05:09Z,Run,2025-09-02 21:25:23+00:00,-8.04840283,-34.94006016,170,87,2.819999933242798,1130.0
2025-09-02T21:05:09Z,Run,2025-09-02 21:25:24+00:00,-8.04837816,-34.94006748,170,88,2.8399999141693115,1131.0
2025-09-02T21:05:09Z,Run,2025-09-02 21:25:25+00:00,-8.04835417,-34.94007615,170,87,2.859999895095825,1132.0
2025-09-02T21:05:09Z,Run,2025-09-02 21:25:26+00:00,-8.04833018,-34.94008714,170,87,2.859999895095825,1133.0
2025-09-02T21:05:09Z,Run,2025-09-02 21:25:27+00:00,-8.04830752,-34.94009814,170,86,2.890000104904175,1134.0
2025-09-02T21:05:09Z,Run,2025-09-02 21:25:28+00:00,-8.04828419,-34.94010946,170,86,2.880000114440918,1135.0
2025-09-02T21:05:09Z,Run,2025-09-02 21:25:29+00:00,-8.04825987,-34.94012046,169,86,2.8499999046325684,1136.0
2025-09-02T21:05:09Z,Run,2025-09-02 21:25:30+00:00,-8.04823453,-34.94012979,169,87,2.8499999046325684,1137.0
2025-09-02T21:05:09Z,Run,2025-09-02 21:25:31+00:00,-8.04820853,-34.94013678,169,87,2.859999895095825,1138.0
2025-09-02T21:05:09Z,Run,2025-09-02 21:25:32+00:00,-8.04818253,-34.94014245,169,88,2.859999895095825,1139.0
2025-09-02T21:05:09Z,Run,2025-09-02 21:25:33+00:00,-8.04815653,-34.94014745,169,88,2.859999895095825,1140.0
2025-09-02T21:05:09Z,Run,2025-09-02 21:25:34+00:00,-8.04813087,-34.94015245,169,88,2.869999885559082,1141.0
2025-09-02T21:05:09Z,Run,2025-09-02 21:25:35+00:00,-8.04810521,-34.94015812,169,88,2.869999885559082,1142.0
2025-09-02T21:05:09Z,Run,2025-09-02 21:25:36+00:00,-8.04808122,-34.94016444,169,87,2.880000114440918,1143.0
2025-09-02T21:05:09Z,Run,2025-09-02 21:25:37+00:00,-8.04805889,-34.9401731,169,87,2.880000114440918,1144.0
2025-09-02T21:05:09Z,Run,2025-09-02 21:25:38+00:00,-8.04803956,-34.94018442,169,87,2.880000114440918,1145.0
2025-09-02T21:05:09Z,Run,2025-09-02 21:25:39+00:00,-8.04802356,-34.94019842,169,87,2.880000114440918,1146.0
2025-09-02T21:05:09Z,Run,2025-09-02 21:25:40+00:00,-8.0480119,-34.94021475,169,88,2.880000114440918,1147.0
2025-09-02T21:05:09Z,Run,2025-09-02 21:25:41+00:00,-8.04800424,-34.94023241,170,88,2.880000114440918,1148.0
2025-09-02T21:05:09Z,Run,2025-09-02 21:25:42+00:00,-8.04799991,-34.94025208,169,88,2.869999885559082,1149.0
2025-09-02T21:05:09Z,Run,2025-09-02 21:25:43+00:00,-8.04799892,-34.9402724,169,87,2.859999895095825,1150.0
2025-09-02T21:05:09Z,Run,2025-09-02 21:25:44+00:00,-8.04800092,-34.94029173,169,87,2.8399999141693115,1151.0
2025-09-02T21:05:09Z,Run,2025-09-02 21:25:45+00:00,-8.04800757,-34.94030673,169,87,2.8399999141693115,1152.0
2025-09-02T21:05:09Z,Run,2025-09-02 21:25:46+00:00,-8.04801857,-34.94031672,169,88,2.8299999237060547,1153.0
2025-09-02T21:05:09Z,Run,2025-09-02 21:25:47+00:00,-8.04803324,-34.94032038,168,88,2.809999942779541,1154.0
2025-09-02T21:05:09Z,Run,2025-09-02 21:25:48+00:00,-8.04804956,-34.94031771,168,88,2.799999952316284,1155.0
2025-09-02T21:05:09Z,Run,2025-09-02 21:25:49+00:00,-8.04806756,-34.94031272,168,88,2.7699999809265137,1156.0
2025-09-02T21:05:09Z,Run,2025-09-02 21:25:50+00:00,-8.04808455,-34.94030572,167,88,2.75,1157.0
2025-09-02T21:05:09Z,Run,2025-09-02 21:25:51+00:00,-8.04810222,-34.94029873,167,88,2.75,1158.0
2025-09-02T21:05:09Z,Run,2025-09-02 21:25:52+00:00,-8.04812322,-34.94029107,167,88,2.7300000190734863,1159.0
2025-09-02T21:05:09Z,Run,2025-09-02 21:25:53+00:00,-8.04814821,-34.94028273,167,88,2.7100000381469727,1160.0
2025-09-02T21:05:09Z,Run,2025-09-02 21:25:54+00:00,-8.04817387,-34.94027308,167,88,2.690000057220459,1161.0
2025-09-02T21:05:09Z,Run,2025-09-02 21:25:55+00:00,-8.0481992,-34.94026141,167,88,2.680000066757202,1162.0
2025-09-02T21:05:09Z,Run,2025-09-02 21:25:56+00:00,-8.04822352,-34.94024975,167,88,2.6600000858306885,1163.0
2025-09-02T21:05:09Z,Run,2025-09-02 21:25:57+00:00,-8.04824752,-34.94023743,167,88,2.6600000858306885,1164.0
2025-09-02T21:05:09Z,Run,2025-09-02 21:25:58+00:00,-8.04827118,-34.94022676,167,88,2.6600000858306885,1165.0
2025-09-02T21:05:09Z,Run,2025-09-02 21:25:59+00:00,-8.04829317,-34.94021544,167,88,2.6600000858306885,1166.0
2025-09-02T21:05:09Z,Run,2025-09-02 21:26:00+00:00,-8.04831484,-34.94020378,167,88,2.6700000762939453,1167.0
2025-09-02T21:05:09Z,Run,2025-09-02 21:26:01+00:00,-8.04833717,-34.94019078,167,88,2.680000066757202,1168.0
2025-09-02T21:05:09Z,Run,2025-09-02 21:26:02+00:00,-8.04835916,-34.94017813,167,87,2.680000066757202,1169.0
2025-09-02T21:05:09Z,Run,2025-09-02 21:26:03+00:00,-8.04838182,-34.94016647,167,87,2.680000066757202,1170.0
2025-09-02T21:05:09Z,Run,2025-09-02 21:26:04+00:00,-8.04840514,-34.94015547,168,88,2.680000066757202,1171.0
2025-09-02T21:05:09Z,Run,2025-09-02 21:26:05+00:00,-8.04842914,-34.9401458,170,88,2.680000066757202,1172.0
2025-09-02T21:05:09Z,Run,2025-09-02 21:26:06+00:00,-8.0484538,-34.94013715,170,88,2.690000057220459,1173.0
2025-09-02T21:05:09Z,Run,2025-09-02 21:26:07+00:00,-8.04847813,-34.94012949,169,87,2.690000057220459,1174.0
2025-09-02T21:05:09Z,Run,2025-09-02 21:26:08+00:00,-8.04850313,-34.94012282,169,88,2.700000047683716,1175.0
2025-09-02T21:05:09Z,Run,2025-09-02 21:26:09+00:00,-8.04852812,-34.94011583,169,88,2.700000047683716,1176.0
2025-09-02T21:05:09Z,Run,2025-09-02 21:26:10+00:00,-8.04855344,-34.9401075,168,88,2.700000047683716,1177.0
2025-09-02T21:05:09Z,Run,2025-09-02 21:26:11+00:00,-8.04857778,-34.9400985,168,87,2.7100000381469727,1178.0
2025-09-02T21:05:09Z,Run,2025-09-02 21:26:12+00:00,-8.04860177,-34.94008984,168,87,2.7100000381469727,1179.0
2025-09-02T21:05:09Z,Run,2025-09-02 21:26:13+00:00,-8.04862576,-34.94008219,168,87,2.7100000381469727,1180.0
2025-09-02T21:05:09Z,Run,2025-09-02 21:26:14+00:00,-8.04864876,-34.94007752,167,86,2.7100000381469727,1181.0
2025-09-02T21:05:09Z,Run,2025-09-02 21:26:15+00:00,-8.04867141,-34.9400742,167,86,2.7100000381469727,1182.0
2025-09-02T21:05:09Z,Run,2025-09-02 21:26:16+00:00,-8.04869475,-34.94006986,167,87,2.7200000286102295,1183.0
2025-09-02T21:05:09Z,Run,2025-09-02 21:26:17+00:00,-8.04871874,-34.94006521,167,87,2.7300000190734863,1184.0
2025-09-02T21:05:09Z,Run,2025-09-02 21:26:18+00:00,-8.04874273,-34.94006054,168,88,2.7300000190734863,1185.0
2025-09-02T21:05:09Z,Run,2025-09-02 21:26:19+00:00,-8.04876672,-34.94005655,168,87,2.7300000190734863,1186.0
2025-09-02T21:05:09Z,Run,2025-09-02 21:26:20+00:00,-8.04879172,-34.94005288,168,87,2.7300000190734863,1187.0
2025-09-02T21:05:09Z,Run,2025-09-02 21:26:21+00:00,-8.04881738,-34.94004956,168,87,2.7300000190734863,1188.0
2025-09-02T21:05:09Z,Run,2025-09-02 21:26:22+00:00,-8.04884304,-34.94004456,170,88,2.7300000190734863,1189.0
2025-09-02T21:05:09Z,Run,2025-09-02 21:26:23+00:00,-8.0488687,-34.94003757,170,88,2.7300000190734863,1190.0
2025-09-02T21:05:09Z,Run,2025-09-02 21:26:24+00:00,-8.04889303,-34.94002657,170,88,2.7300000190734863,1191.0
2025-09-02T21:05:09Z,Run,2025-09-02 21:26:25+00:00,-8.04894002,-34.94000026,169,88,2.7300000190734863,1192.0
2025-09-02T21:05:09Z,Run,2025-09-02 21:26:26+00:00,-8.04896201,-34.93998526,169,88,2.7300000190734863,1193.0
2025-09-02T21:05:09Z,Run,2025-09-02 21:26:27+00:00,-8.04898467,-34.93997126,169,87,2.7300000190734863,1194.0
2025-09-02T21:05:09Z,Run,2025-09-02 21:26:28+00:00,-8.04900666,-34.93995759,169,88,2.7300000190734863,1195.0
2025-09-02T21:05:09Z,Run,2025-09-02 21:26:29+00:00,-8.04902766,-34.9399446,169,88,2.740000009536743,1196.0
2025-09-02T21:05:09Z,Run,2025-09-02 21:26:30+00:00,-8.04904899,-34.93993193,169,88,2.75,1197.0
2025-09-02T21:05:09Z,Run,2025-09-02 21:26:31+00:00,-8.04906999,-34.93991861,169,88,2.75,1198.0
2025-09-02T21:05:09Z,Run,2025-09-02 21:26:32+00:00,-8.04909232,-34.93990628,169,88,2.75,1199.0
2025-09-02T21:05:09Z,Run,2025-09-02 21:26:33+00:00,-8.04911365,-34.93989462,169,87,2.759999990463257,1200.0
2025-09-02T21:05:09Z,Run,2025-09-02 21:26:34+00:00,-8.04913697,-34.93988662,169,87,2.759999990463257,1201.0
2025-09-02T21:05:09Z,Run,2025-09-02 21:26:35+00:00,-8.04916297,-34.9398803,168,88,2.7699999809265137,1202.0
2025-09-02T21:05:09Z,Run,2025-09-02 21:26:36+00:00,-8.04919029,-34.93987563,168,88,2.7699999809265137,1203.0
2025-09-02T21:05:09Z,Run,2025-09-02 21:26:37+00:00,-8.04921829,-34.93987296,167,87,2.7699999809265137,1204.0
2025-09-02T21:05:09Z,Run,2025-09-02 21:26:38+00:00,-8.04924495,-34.93987031,167,87,2.7699999809265137,1205.0
2025-09-02T21:05:09Z,Run,2025-09-02 21:26:39+00:00,-8.04927062,-34.93986632,167,88,2.7699999809265137,1206.0
2025-09-02T21:05:09Z,Run,2025-09-02 21:26:40+00:00,-8.04929527,-34.93986033,168,88,2.7699999809265137,1207.0
2025-09-02T21:05:09Z,Run,2025-09-02 21:26:41+00:00,-8.04932061,-34.93985299,168,88,2.7699999809265137,1208.0
2025-09-02T21:05:09Z,Run,2025-09-02 21:26:42+00:00,-8.04934593,-34.93984466,168,88,2.7699999809265137,1209.0
2025-09-02T21:05:09Z,Run,2025-09-02 21:26:43+00:00,-8.0493706,-34.93983633,168,87,2.7799999713897705,1210.0
2025-09-02T21:05:09Z,Run,2025-09-02 21:26:44+00:00,-8.04939426,-34.93982634,168,87,2.7799999713897705,1211.0
2025-09-02T21:05:09Z,Run,2025-09-02 21:26:45+00:00,-8.04941459,-34.93981534,168,87,2.7799999713897705,1212.0
2025-09-02T21:05:09Z,Run,2025-09-02 21:26:46+00:00,-8.04943159,-34.939803,168,86,2.7799999713897705,1213.0
2025-09-02T21:05:09Z,Run,2025-09-02 21:26:47+00:00,-8.04944391,-34.93979101,168,86,2.7899999618530273,1214.0
2025-09-02T21:05:09Z,Run,2025-09-02 21:26:48+00:00,-8.04945158,-34.93977902,168,86,2.7899999618530273,1215.0
2025-09-02T21:05:09Z,Run,2025-09-02 21:26:49+00:00,-8.04945523,-34.9397667,168,87,2.7799999713897705,1216.0
2025-09-02T21:05:09Z,Run,2025-09-02 21:26:50+00:00,-8.04945391,-34.93975237,168,87,2.7799999713897705,1217.0
2025-09-02T21:05:09Z,Run,2025-09-02 21:26:51+00:00,-8.04944759,-34.93973704,168,87,2.7699999809265137,1218.0
2025-09-02T21:05:09Z,Run,2025-09-02 21:26:52+00:00,-8.04943625,-34.93972272,168,87,2.759999990463257,1219.0
2025-09-02T21:05:09Z,Run,2025-09-02 21:26:53+00:00,-8.04942026,-34.93971239,168,87,2.440000057220459,1220.0
2025-09-02T21:05:09Z,Run,2025-09-02 21:26:54+00:00,-8.04940293,-34.93970773,168,87,2.130000114440918,1221.0
2025-09-02T21:05:09Z,Run,2025-09-02 21:26:55+00:00,-8.04938427,-34.93970706,168,87,2.119999885559082,1222.0
2025-09-02T21:05:09Z,Run,2025-09-02 21:26:56+00:00,-8.04936461,-34.93971073,168,87,2.119999885559082,1223.0
2025-09-02T21:05:09Z,Run,2025-09-02 21:26:57+00:00,-8.04934428,-34.93971672,168,87,2.180000066757202,1224.0
2025-09-02T21:05:09Z,Run,2025-09-02 21:26:58+00:00,-8.04932362,-34.93972538,170,88,2.259999990463257,1225.0
2025-09-02T21:05:09Z,Run,2025-09-02 21:26:59+00:00,-8.04930328,-34.93973537,170,88,2.2899999618530273,1226.0
2025-09-02T21:05:09Z,Run,2025-09-02 21:27:00+00:00,-8.04928296,-34.93974603,169,88,2.3299999237060547,1227.0
2025-09-02T21:05:09Z,Run,2025-09-02 21:27:01+00:00,-8.0492633,-34.93975603,168,88,2.390000104904175,1228.0
2025-09-02T21:05:09Z,Run,2025-09-02 21:27:02+00:00,-8.04924298,-34.93976536,168,88,2.390000104904175,1229.0
2025-09-02T21:05:09Z,Run,2025-09-02 21:27:03+00:00,-8.04922265,-34.93977536,168,88,2.4700000286102295,1230.0
2025-09-02T21:05:09Z,Run,2025-09-02 21:27:04+00:00,-8.04920299,-34.93978701,169,88,2.509999990463257,1231.0
2025-09-02T21:05:09Z,Run,2025-09-02 21:27:05+00:00,-8.04918366,-34.93980101,169,88,2.5299999713897705,1232.0
2025-09-02T21:05:09Z,Run,2025-09-02 21:27:06+00:00,-8.04916433,-34.93981634,170,88,2.5399999618530273,1233.0
2025-09-02T21:05:09Z,Run,2025-09-02 21:27:07+00:00,-8.04914534,-34.93983099,170,87,2.549999952316284,1234.0
2025-09-02T21:05:09Z,Run,2025-09-02 21:27:08+00:00,-8.04912601,-34.93984466,170,87,2.549999952316284,1235.0
2025-09-02T21:05:09Z,Run,2025-09-02 21:27:09+00:00,-8.04910535,-34.93985733,171,87,2.569999933242798,1236.0
2025-09-02T21:05:09Z,Run,2025-09-02 21:27:10+00:00,-8.04908302,-34.93986898,172,87,2.5799999237060547,1237.0
2025-09-02T21:05:09Z,Run,2025-09-02 21:27:11+00:00,-8.04905835,-34.93987831,172,87,2.5899999141693115,1238.0
2025-09-02T21:05:09Z,Run,2025-09-02 21:27:12+00:00,-8.04903303,-34.93988463,173,87,2.619999885559082,1239.0
2025-09-02T21:05:09Z,Run,2025-09-02 21:27:13+00:00,-8.04900737,-34.93988963,173,88,2.6500000953674316,1240.0
2025-09-02T21:05:09Z,Run,2025-09-02 21:27:14+00:00,-8.04898171,-34.93989329,173,88,2.6500000953674316,1241.0
2025-09-02T21:05:09Z,Run,2025-09-02 21:27:15+00:00,-8.04895772,-34.93989762,172,88,2.700000047683716,1242.0
2025-09-02T21:05:09Z,Run,2025-09-02 21:27:16+00:00,-8.04893373,-34.93990295,172,88,2.7300000190734863,1243.0
2025-09-02T21:05:09Z,Run,2025-09-02 21:27:17+00:00,-8.04890939,-34.93990961,172,88,2.75,1244.0
2025-09-02T21:05:09Z,Run,2025-09-02 21:27:18+00:00,-8.0488844,-34.93991428,171,88,2.75,1245.0
2025-09-02T21:05:09Z,Run,2025-09-02 21:27:19+00:00,-8.0488594,-34.93991894,172,88,2.7699999809265137,1246.0
2025-09-02T21:05:09Z,Run,2025-09-02 21:27:20+00:00,-8.04883475,-34.93992393,172,88,2.7699999809265137,1247.0
2025-09-02T21:05:09Z,Run,2025-09-02 21:27:21+00:00,-8.04881109,-34.93993027,174,88,2.7699999809265137,1248.0
2025-09-02T21:05:09Z,Run,2025-09-02 21:27:22+00:00,-8.04878842,-34.93993759,175,88,2.7699999809265137,1249.0
2025-09-02T21:05:09Z,Run,2025-09-02 21:27:23+00:00,-8.04876577,-34.93994625,176,87,2.740000009536743,1250.0
2025-09-02T21:05:09Z,Run,2025-09-02 21:27:24+00:00,-8.04874311,-34.93995458,175,86,2.7300000190734863,1251.0
2025-09-02T21:05:09Z,Run,2025-09-02 21:27:25+00:00,-8.04872011,-34.93996225,174,86,2.7200000286102295,1252.0
2025-09-02T21:05:09Z,Run,2025-09-02 21:27:26+00:00,-8.04869645,-34.93996824,174,86,2.7200000286102295,1253.0
2025-09-02T21:05:09Z,Run,2025-09-02 21:27:27+00:00,-8.04867246,-34.93997357,174,86,2.7100000381469727,1254.0
2025-09-02T21:05:09Z,Run,2025-09-02 21:27:28+00:00,-8.0486468,-34.93997989,174,86,2.700000047683716,1255.0
2025-09-02T21:05:09Z,Run,2025-09-02 21:27:29+00:00,-8.04862213,-34.93998689,174,86,2.700000047683716,1256.0
2025-09-02T21:05:09Z,Run,2025-09-02 21:27:30+00:00,-8.0485978,-34.93999489,174,87,2.700000047683716,1257.0
2025-09-02T21:05:09Z,Run,2025-09-02 21:27:31+00:00,-8.04857446,-34.94000323,174,87,2.700000047683716,1258.0
2025-09-02T21:05:09Z,Run,2025-09-02 21:27:32+00:00,-8.04855047,-34.94001288,174,87,2.700000047683716,1259.0
2025-09-02T21:05:09Z,Run,2025-09-02 21:27:33+00:00,-8.04852681,-34.94002322,175,88,2.7100000381469727,1260.0
2025-09-02T21:05:09Z,Run,2025-09-02 21:27:34+00:00,-8.04850315,-34.94003354,175,88,2.7100000381469727,1261.0
2025-09-02T21:05:09Z,Run,2025-09-02 21:27:35+00:00,-8.04848015,-34.94004321,175,88,2.7200000286102295,1262.0
2025-09-02T21:05:09Z,Run,2025-09-02 21:27:36+00:00,-8.04845683,-34.94005154,175,88,2.7300000190734863,1263.0
2025-09-02T21:05:09Z,Run,2025-09-02 21:27:37+00:00,-8.04843383,-34.94005954,176,87,2.7300000190734863,1264.0
2025-09-02T21:05:09Z,Run,2025-09-02 21:27:38+00:00,-8.04841049,-34.9400662,176,87,2.7300000190734863,1265.0
2025-09-02T21:05:09Z,Run,2025-09-02 21:27:39+00:00,-8.04838784,-34.94007319,176,87,2.7300000190734863,1266.0
2025-09-02T21:05:09Z,Run,2025-09-02 21:27:40+00:00,-8.04836484,-34.94008052,176,88,2.740000009536743,1267.0
2025-09-02T21:05:09Z,Run,2025-09-02 21:27:41+00:00,-8.04834251,-34.94008951,176,88,2.740000009536743,1268.0
2025-09-02T21:05:09Z,Run,2025-09-02 21:27:42+00:00,-8.04832118,-34.94009918,176,88,2.740000009536743,1269.0
2025-09-02T21:05:09Z,Run,2025-09-02 21:27:43+00:00,-8.04830052,-34.94011018,176,87,2.740000009536743,1270.0
2025-09-02T21:05:09Z,Run,2025-09-02 21:27:44+00:00,-8.04827786,-34.9401215,176,87,2.740000009536743,1271.0
2025-09-02T21:05:09Z,Run,2025-09-02 21:27:45+00:00,-8.04825387,-34.94013316,175,87,2.740000009536743,1272.0
2025-09-02T21:05:09Z,Run,2025-09-02 21:27:46+00:00,-8.04822787,-34.94014281,175,87,2.7300000190734863,1273.0
2025-09-02T21:05:09Z,Run,2025-09-02 21:27:47+00:00,-8.04820054,-34.94014715,178,87,2.7300000190734863,1274.0
2025-09-02T21:05:09Z,Run,2025-09-02 21:27:48+00:00,-8.04817522,-34.94014948,179,87,2.7300000190734863,1275.0
2025-09-02T21:05:09Z,Run,2025-09-02 21:27:49+00:00,-8.04815055,-34.94014948,179,87,2.7300000190734863,1276.0
2025-09-02T21:05:09Z,Run,2025-09-02 21:27:50+00:00,-8.04812555,-34.94015114,179,87,2.7300000190734863,1277.0
2025-09-02T21:05:09Z,Run,2025-09-02 21:27:51+00:00,-8.04810189,-34.94015413,178,88,2.7300000190734863,1278.0
2025-09-02T21:05:09Z,Run,2025-09-02 21:27:52+00:00,-8.04807889,-34.94016046,178,88,2.7300000190734863,1279.0
2025-09-02T21:05:09Z,Run,2025-09-02 21:27:53+00:00,-8.04805823,-34.94016812,178,87,2.7300000190734863,1280.0
2025-09-02T21:05:09Z,Run,2025-09-02 21:27:54+00:00,-8.04804224,-34.94017944,178,87,2.7300000190734863,1281.0
2025-09-02T21:05:09Z,Run,2025-09-02 21:27:55+00:00,-8.04803057,-34.94019344,178,87,2.7300000190734863,1282.0
2025-09-02T21:05:09Z,Run,2025-09-02 21:27:56+00:00,-8.04802224,-34.94021144,178,87,2.7300000190734863,1283.0
2025-09-02T21:05:09Z,Run,2025-09-02 21:27:57+00:00,-8.04801657,-34.94023043,179,87,2.7300000190734863,1284.0
2025-09-02T21:05:09Z,Run,2025-09-02 21:27:58+00:00,-8.04801425,-34.94024976,179,86,2.7200000286102295,1285.0
2025-09-02T21:05:09Z,Run,2025-09-02 21:27:59+00:00,-8.04801425,-34.94026876,179,86,2.7100000381469727,1286.0
2025-09-02T21:05:09Z,Run,2025-09-02 21:28:00+00:00,-8.04801824,-34.94028642,179,87,2.700000047683716,1287.0
2025-09-02T21:05:09Z,Run,2025-09-02 21:28:01+00:00,-8.04802657,-34.94030142,179,87,2.690000057220459,1288.0
2025-09-02T21:05:09Z,Run,2025-09-02 21:28:02+00:00,-8.04803856,-34.94031074,179,87,2.690000057220459,1289.0
2025-09-02T21:05:09Z,Run,2025-09-02 21:28:03+00:00,-8.04805423,-34.94031574,179,88,2.680000066757202,1290.0
2025-09-02T21:05:09Z,Run,2025-09-02 21:28:04+00:00,-8.04807122,-34.94031773,179,87,2.6600000858306885,1291.0
2025-09-02T21:05:09Z,Run,2025-09-02 21:28:05+00:00,-8.04808921,-34.94031674,180,87,2.6500000953674316,1292.0
2025-09-02T21:05:09Z,Run,2025-09-02 21:28:06+00:00,-8.0481082,-34.94031275,181,87,2.630000114440918,1293.0
2025-09-02T21:05:09Z,Run,2025-09-02 21:28:07+00:00,-8.04812653,-34.94030542,182,88,2.619999885559082,1294.0
2025-09-02T21:05:09Z,Run,2025-09-02 21:28:08+00:00,-8.04814452,-34.94029643,182,88,2.619999885559082,1295.0
2025-09-02T21:05:09Z,Run,2025-09-02 21:28:09+00:00,-8.04816219,-34.94028643,183,88,2.609999895095825,1296.0
2025-09-02T21:05:09Z,Run,2025-09-02 21:28:10+00:00,-8.04817986,-34.94027577,183,88,2.5899999141693115,1297.0
2025-09-02T21:05:09Z,Run,2025-09-02 21:28:11+00:00,-8.04819786,-34.94026544,183,87,2.5799999237060547,1298.0
2025-09-02T21:05:09Z,Run,2025-09-02 21:28:12+00:00,-8.04821551,-34.94025412,183,87,2.569999933242798,1299.0
2025-09-02T21:05:09Z,Run,2025-09-02 21:28:13+00:00,-8.0482355,-34.94024445,181,87,2.559999942779541,1300.0
2025-09-02T21:05:09Z,Run,2025-09-02 21:28:14+00:00,-8.04825683,-34.94023513,179,88,2.549999952316284,1301.0
2025-09-02T21:05:09Z,Run,2025-09-02 21:28:15+00:00,-8.04827983,-34.94022647,179,88,2.549999952316284,1302.0
2025-09-02T21:05:09Z,Run,2025-09-02 21:28:16+00:00,-8.04830315,-34.94021781,179,88,2.549999952316284,1303.0
2025-09-02T21:05:09Z,Run,2025-09-02 21:28:17+00:00,-8.04832615,-34.94020715,179,87,2.549999952316284,1304.0
2025-09-02T21:05:09Z,Run,2025-09-02 21:28:18+00:00,-8.04834848,-34.94019648,179,87,2.5399999618530273,1305.0
2025-09-02T21:05:09Z,Run,2025-09-02 21:28:19+00:00,-8.04837148,-34.94018416,179,87,2.5399999618530273,1306.0
2025-09-02T21:05:09Z,Run,2025-09-02 21:28:20+00:00,-8.04839547,-34.94017282,179,88,2.5399999618530273,1307.0
2025-09-02T21:05:09Z,Run,2025-09-02 21:28:21+00:00,-8.04842014,-34.94016182,179,88,2.5399999618530273,1308.0
2025-09-02T21:05:09Z,Run,2025-09-02 21:28:22+00:00,-8.0484458,-34.94015116,180,88,2.549999952316284,1309.0
2025-09-02T21:05:09Z,Run,2025-09-02 21:28:23+00:00,-8.04847045,-34.94014083,182,88,2.549999952316284,1310.0
2025-09-02T21:05:09Z,Run,2025-09-02 21:28:24+00:00,-8.04849379,-34.9401305,182,88,2.549999952316284,1311.0
2025-09-02T21:05:09Z,Run,2025-09-02 21:28:25+00:00,-8.04851579,-34.94011983,182,88,2.559999942779541,1312.0
2025-09-02T21:05:09Z,Run,2025-09-02 21:28:26+00:00,-8.04853844,-34.94010751,182,88,2.569999933242798,1313.0
2025-09-02T21:05:09Z,Run,2025-09-02 21:28:27+00:00,-8.04856078,-34.94009619,182,88,2.569999933242798,1314.0
2025-09-02T21:05:09Z,Run,2025-09-02 21:28:28+00:00,-8.04858377,-34.94008519,182,88,2.569999933242798,1315.0
2025-09-02T21:05:09Z,Run,2025-09-02 21:28:29+00:00,-8.0486071,-34.94007519,182,88,2.5799999237060547,1316.0
2025-09-02T21:05:09Z,Run,2025-09-02 21:28:30+00:00,-8.04863042,-34.94006486,182,87,2.5899999141693115,1317.0
2025-09-02T21:05:09Z,Run,2025-09-02 21:28:31+00:00,-8.04865308,-34.9400562,182,88,2.5899999141693115,1318.0
2025-09-02T21:05:09Z,Run,2025-09-02 21:28:32+00:00,-8.04867608,-34.94004854,182,88,2.5899999141693115,1319.0
2025-09-02T21:05:09Z,Run,2025-09-02 21:28:33+00:00,-8.04869841,-34.94004154,182,88,2.5899999141693115,1320.0
2025-09-02T21:05:09Z,Run,2025-09-02 21:28:34+00:00,-8.04872174,-34.94003555,183,88,2.5999999046325684,1321.0
2025-09-02T21:05:09Z,Run,2025-09-02 21:28:35+00:00,-8.04874573,-34.94002956,184,87,2.609999895095825,1322.0
2025-09-02T21:05:09Z,Run,2025-09-02 21:28:36+00:00,-8.04877106,-34.94002423,184,87,2.609999895095825,1323.0
2025-09-02T21:05:09Z,Run,2025-09-02 21:28:37+00:00,-8.04879573,-34.94001923,184,88,2.609999895095825,1324.0
2025-09-02T21:05:09Z,Run,2025-09-02 21:28:38+00:00,-8.04882038,-34.94001324,184,88,2.619999885559082,1325.0
2025-09-02T21:05:09Z,Run,2025-09-02 21:28:39+00:00,-8.04884404,-34.94000658,184,88,2.619999885559082,1326.0
2025-09-02T21:05:09Z,Run,2025-09-02 21:28:40+00:00,-8.04886771,-34.93999759,184,88,2.619999885559082,1327.0
2025-09-02T21:05:09Z,Run,2025-09-02 21:28:41+00:00,-8.04888871,-34.93998893,184,88,2.619999885559082,1328.0
2025-09-02T21:05:09Z,Run,2025-09-02 21:28:42+00:00,-8.04890903,-34.9399816,184,88,2.630000114440918,1329.0
2025-09-02T21:05:09Z,Run,2025-09-02 21:28:43+00:00,-8.04893003,-34.93997327,184,88,2.630000114440918,1330.0
2025-09-02T21:05:09Z,Run,2025-09-02 21:28:44+00:00,-8.04895069,-34.93996428,183,88,2.630000114440918,1331.0
2025-09-02T21:05:09Z,Run,2025-09-02 21:28:45+00:00,-8.04897268,-34.93995562,183,88,2.630000114440918,1332.0
2025-09-02T21:05:09Z,Run,2025-09-02 21:28:46+00:00,-8.04899634,-34.93994862,182,88,2.630000114440918,1333.0
2025-09-02T21:05:09Z,Run,2025-09-02 21:28:47+00:00,-8.04902033,-34.9399413,182,88,2.630000114440918,1334.0
2025-09-02T21:05:09Z,Run,2025-09-02 21:28:48+00:00,-8.04904466,-34.93993296,180,88,2.630000114440918,1335.0
2025-09-02T21:05:09Z,Run,2025-09-02 21:28:49+00:00,-8.04906866,-34.93992431,179,87,2.640000104904175,1336.0
2025-09-02T21:05:09Z,Run,2025-09-02 21:28:50+00:00,-8.04909331,-34.93991297,179,88,2.640000104904175,1337.0
2025-09-02T21:05:09Z,Run,2025-09-02 21:28:51+00:00,-8.0491183,-34.93989864,179,88,2.640000104904175,1338.0
2025-09-02T21:05:09Z,Run,2025-09-02 21:28:52+00:00,-8.04914264,-34.93988298,180,88,2.640000104904175,1339.0
2025-09-02T21:05:09Z,Run,2025-09-02 21:28:53+00:00,-8.0491663,-34.93986833,181,88,2.6500000953674316,1340.0
2025-09-02T21:05:09Z,Run,2025-09-02 21:28:54+00:00,-8.04918929,-34.93985333,184,88,2.6500000953674316,1341.0
2025-09-02T21:05:09Z,Run,2025-09-02 21:28:55+00:00,-8.04921263,-34.93984,185,88,2.6600000858306885,1342.0
2025-09-02T21:05:09Z,Run,2025-09-02 21:28:56+00:00,-8.04923729,-34.939829,185,88,2.6700000762939453,1343.0
2025-09-02T21:05:09Z,Run,2025-09-02 21:28:57+00:00,-8.04926162,-34.93982001,185,88,2.6700000762939453,1344.0
2025-09-02T21:05:09Z,Run,2025-09-02 21:28:58+00:00,-8.04928595,-34.93981035,185,88,2.680000066757202,1345.0
2025-09-02T21:05:09Z,Run,2025-09-02 21:28:59+00:00,-8.04930994,-34.93980201,185,89,2.680000066757202,1346.0
2025-09-02T21:05:09Z,Run,2025-09-02 21:29:00+00:00,-8.04933461,-34.93979336,186,89,2.700000047683716,1347.0
2025-09-02T21:05:09Z,Run,2025-09-02 21:29:01+00:00,-8.0493586,-34.93978602,186,89,2.7100000381469727,1348.0
2025-09-02T21:05:09Z,Run,2025-09-02 21:29:02+00:00,-8.04938226,-34.9397787,185,89,2.7100000381469727,1349.0
2025-09-02T21:05:09Z,Run,2025-09-02 21:29:03+00:00,-8.04940492,-34.93977137,185,89,2.7100000381469727,1350.0
2025-09-02T21:05:09Z,Run,2025-09-02 21:29:04+00:00,-8.04942424,-34.93976471,184,88,2.7100000381469727,1351.0
2025-09-02T21:05:09Z,Run,2025-09-02 21:29:05+00:00,-8.04944024,-34.93975804,184,87,2.7200000286102295,1352.0
2025-09-02T21:05:09Z,Run,2025-09-02 21:29:06+00:00,-8.0494509,-34.93974971,184,87,2.7200000286102295,1353.0
2025-09-02T21:05:09Z,Run,2025-09-02 21:29:07+00:00,-8.0494569,-34.93973839,183,87,2.7200000286102295,1354.0
2025-09-02T21:05:09Z,Run,2025-09-02 21:29:08+00:00,-8.04945722,-34.9397234,183,87,2.7100000381469727,1355.0
2025-09-02T21:05:09Z,Run,2025-09-02 21:29:09+00:00,-8.04945423,-34.93970641,183,87,2.7100000381469727,1356.0
2025-09-02T21:05:09Z,Run,2025-09-02 21:29:10+00:00,-8.04944824,-34.93969041,184,87,2.690000057220459,1357.0
2025-09-02T21:05:09Z,Run,2025-09-02 21:29:11+00:00,-8.04943824,-34.93967875,185,87,2.6700000762939453,1358.0
2025-09-02T21:05:09Z,Run,2025-09-02 21:29:12+00:00,-8.04942392,-34.93967409,187,87,2.4200000762939453,1359.0
2025-09-02T21:05:09Z,Run,2025-09-02 21:29:13+00:00,-8.04940725,-34.93967276,188,88,2.0999999046325684,1360.0
2025-09-02T21:05:09Z,Run,2025-09-02 21:29:14+00:00,-8.04938826,-34.93967443,189,88,2.0399999618530273,1361.0
2025-09-02T21:05:09Z,Run,2025-09-02 21:29:15+00:00,-8.04936827,-34.93967976,189,88,2.0399999618530273,1362.0
2025-09-02T21:05:09Z,Run,2025-09-02 21:29:16+00:00,-8.04934961,-34.93969242,189,88,2.049999952316284,1363.0
2025-09-02T21:05:09Z,Run,2025-09-02 21:29:17+00:00,-8.04933028,-34.93970908,189,88,2.0999999046325684,1364.0
2025-09-02T21:05:09Z,Run,2025-09-02 21:29:18+00:00,-8.04930928,-34.93972707,191,87,2.1700000762939453,1365.0
2025-09-02T21:05:09Z,Run,2025-09-02 21:29:19+00:00,-8.04928795,-34.93974441,191,88,2.240000009536743,1366.0
2025-09-02T21:05:09Z,Run,2025-09-02 21:29:20+00:00,-8.04926496,-34.93975873,191,88,2.369999885559082,1367.0
2025-09-02T21:05:09Z,Run,2025-09-02 21:29:21+00:00,-8.04924196,-34.93977105,191,88,2.369999885559082,1368.0
2025-09-02T21:05:09Z,Run,2025-09-02 21:29:22+00:00,-8.04921763,-34.93978304,190,88,2.569999933242798,1369.0
2025-09-02T21:05:09Z,Run,2025-09-02 21:29:23+00:00,-8.04919264,-34.93979504,190,88,2.7100000381469727,1370.0
2025-09-02T21:05:09Z,Run,2025-09-02 21:29:24+00:00,-8.04916697,-34.93980737,188,88,2.75,1371.0
2025-09-02T21:05:09Z,Run,2025-09-02 21:29:25+00:00,-8.04914198,-34.93982003,188,88,2.7699999809265137,1372.0
2025-09-02T21:05:09Z,Run,2025-09-02 21:29:26+00:00,-8.04911731,-34.93983202,188,88,2.7899999618530273,1373.0
2025-09-02T21:05:09Z,Run,2025-09-02 21:29:27+00:00,-8.04909332,-34.93984201,188,88,2.7899999618530273,1374.0
2025-09-02T21:05:09Z,Run,2025-09-02 21:29:28+00:00,-8.04907032,-34.93985201,188,88,2.799999952316284,1375.0
2025-09-02T21:05:09Z,Run,2025-09-02 21:29:29+00:00,-8.049047,-34.93986234,188,88,2.799999952316284,1376.0
2025-09-02T21:05:09Z,Run,2025-09-02 21:29:30+00:00,-8.04902368,-34.93987267,187,88,2.7899999618530273,1377.0
2025-09-02T21:05:09Z,Run,2025-09-02 21:29:31+00:00,-8.04900001,-34.93988334,187,88,2.7799999713897705,1378.0
2025-09-02T21:05:09Z,Run,2025-09-02 21:29:32+00:00,-8.04897401,-34.93989233,187,88,2.7699999809265137,1379.0
2025-09-02T21:05:09Z,Run,2025-09-02 21:29:33+00:00,-8.04895035,-34.93990033,187,88,2.7699999809265137,1380.0
2025-09-02T21:05:09Z,Run,2025-09-02 21:29:34+00:00,-8.04892636,-34.93990965,188,88,2.75,1381.0
2025-09-02T21:05:09Z,Run,2025-09-02 21:29:35+00:00,-8.04890236,-34.93992131,188,87,2.740000009536743,1382.0
2025-09-02T21:05:09Z,Run,2025-09-02 21:29:36+00:00,-8.04887904,-34.93993431,187,87,2.7300000190734863,1383.0
2025-09-02T21:05:09Z,Run,2025-09-02 21:29:37+00:00,-8.04885638,-34.93994731,187,88,2.740000009536743,1384.0
2025-09-02T21:05:09Z,Run,2025-09-02 21:29:38+00:00,-8.04883338,-34.93995996,187,88,2.759999990463257,1385.0
2025-09-02T21:05:09Z,Run,2025-09-02 21:29:39+00:00,-8.04881139,-34.93997196,187,88,2.759999990463257,1386.0
2025-09-02T21:05:09Z,Run,2025-09-02 21:29:40+00:00,-8.0487894,-34.93998262,187,88,2.7699999809265137,1387.0
2025-09-02T21:05:09Z,Run,2025-09-02 21:29:41+00:00,-8.04876807,-34.93999195,187,88,2.759999990463257,1388.0
2025-09-02T21:05:09Z,Run,2025-09-02 21:29:42+00:00,-8.04874608,-34.94000029,187,88,2.75,1389.0
2025-09-02T21:05:09Z,Run,2025-09-02 21:29:43+00:00,-8.04872375,-34.94000894,187,88,2.740000009536743,1390.0
2025-09-02T21:05:09Z,Run,2025-09-02 21:29:44+00:00,-8.04870041,-34.94001627,187,89,2.7200000286102295,1391.0
2025-09-02T21:05:09Z,Run,2025-09-02 21:29:45+00:00,-8.04867576,-34.94002259,187,89,2.7200000286102295,1392.0
2025-09-02T21:05:09Z,Run,2025-09-02 21:29:46+00:00,-8.04865276,-34.94002859,188,88,2.7100000381469727,1393.0
2025-09-02T21:05:09Z,Run,2025-09-02 21:29:47+00:00,-8.0486301,-34.94003491,187,89,2.680000066757202,1394.0
2025-09-02T21:05:09Z,Run,2025-09-02 21:29:48+00:00,-8.04860744,-34.94004124,187,88,2.6600000858306885,1395.0
2025-09-02T21:05:09Z,Run,2025-09-02 21:29:49+00:00,-8.04858511,-34.94004723,187,88,2.6600000858306885,1396.0
2025-09-02T21:05:09Z,Run,2025-09-02 21:29:50+00:00,-8.04856379,-34.94005288,187,89,2.6600000858306885,1397.0
2025-09-02T21:05:09Z,Run,2025-09-02 21:29:51+00:00,-8.04854145,-34.94005722,187,89,2.6600000858306885,1398.0
2025-09-02T21:05:09Z,Run,2025-09-02 21:29:52+00:00,-8.04852013,-34.94006121,186,88,2.6500000953674316,1399.0
2025-09-02T21:05:09Z,Run,2025-09-02 21:29:53+00:00,-8.04849814,-34.94006554,186,88,2.6500000953674316,1400.0
2025-09-02T21:05:09Z,Run,2025-09-02 21:29:54+00:00,-8.04847581,-34.94007054,184,88,2.6500000953674316,1401.0
2025-09-02T21:05:09Z,Run,2025-09-02 21:29:55+00:00,-8.04845281,-34.9400752,183,88,2.6500000953674316,1402.0
2025-09-02T21:05:09Z,Run,2025-09-02 21:29:56+00:00,-8.04843015,-34.94007986,182,88,2.640000104904175,1403.0
2025-09-02T21:05:09Z,Run,2025-09-02 21:29:57+00:00,-8.04840683,-34.9400852,182,88,2.640000104904175,1404.0
2025-09-02T21:05:09Z,Run,2025-09-02 21:29:58+00:00,-8.04838316,-34.94009252,182,88,2.640000104904175,1405.0
2025-09-02T21:05:09Z,Run,2025-09-02 21:29:59+00:00,-8.04835849,-34.94010019,182,88,2.630000114440918,1406.0
2025-09-02T21:05:09Z,Run,2025-09-02 21:30:00+00:00,-8.04833384,-34.94010852,181,88,2.630000114440918,1407.0
2025-09-02T21:05:09Z,Run,2025-09-02 21:30:01+00:00,-8.04831017,-34.94011585,180,88,2.5899999141693115,1408.0
2025-09-02T21:05:09Z,Run,2025-09-02 21:30:02+00:00,-8.04828818,-34.94012318,180,88,2.569999933242798,1409.0
2025-09-02T21:05:09Z,Run,2025-09-02 21:30:03+00:00,-8.04826718,-34.94012951,180,88,2.569999933242798,1410.0
2025-09-02T21:05:09Z,Run,2025-09-02 21:30:04+00:00,-8.04824786,-34.94013483,180,88,2.5999999046325684,1411.0
2025-09-02T21:05:09Z,Run,2025-09-02 21:30:05+00:00,-8.04823052,-34.94013917,180,88,2.5999999046325684,1412.0
2025-09-02T21:05:09Z,Run,2025-09-02 21:30:06+00:00,-8.04821153,-34.94013982,180,88,2.5399999618530273,1413.0
2025-09-02T21:05:09Z,Run,2025-09-02 21:30:07+00:00,-8.04819121,-34.94013783,179,88,2.380000114440918,1414.0
2025-09-02T21:05:09Z,Run,2025-09-02 21:30:08+00:00,-8.04817322,-34.94013683,180,88,2.180000066757202,1415.0
2025-09-02T21:05:09Z,Run,2025-09-02 21:30:09+00:00,-8.04815722,-34.94013651,180,88,2.180000066757202,1416.0
2025-09-02T21:05:09Z,Run,2025-09-02 21:30:10+00:00,-8.0481439,-34.94013651,181,88,2.049999952316284,1417.0
2025-09-02T21:05:09Z,Run,2025-09-02 21:30:11+00:00,-8.04813223,-34.94013717,182,88,1.9600000381469727,1418.0
2025-09-02T21:05:09Z,Run,2025-09-02 21:30:12+00:00,-8.04812157,-34.9401385,182,88,1.8700000047683716,1419.0
2025-09-02T21:05:09Z,Run,2025-09-02 21:30:13+00:00,-8.04811058,-34.94013882,181,88,1.7699999809265137,1420.0
2025-09-02T21:05:09Z,Run,2025-09-02 21:30:14+00:00,-8.04809892,-34.94013882,180,88,1.649999976158142,1421.0
2025-09-02T21:05:09Z,Run,2025-09-02 21:30:15+00:00,-8.04808758,-34.94013948,180,88,1.649999976158142,1422.0
2025-09-02T21:05:09Z,Run,2025-09-02 21:30:16+00:00,-8.04807693,-34.94014181,181,88,1.4900000095367432,1423.0
2025-09-02T21:05:09Z,Run,2025-09-02 21:30:17+00:00,-8.04806693,-34.94014514,181,88,1.350000023841858,1424.0
2025-09-02T21:05:09Z,Run,2025-09-02 21:30:18+00:00,-8.04805627,-34.9401498,185,88,1.2999999523162842,1425.0
2025-09-02T21:05:09Z,Run,2025-09-02 21:30:19+00:00,-8.04804661,-34.94015446,185,88,1.2899999618530273,1426.0
2025-09-02T21:05:09Z,Run,2025-09-02 21:30:20+00:00,-8.04803761,-34.94015879,184,88,1.2899999618530273,1427.0
2025-09-02T21:05:09Z,Run,2025-09-02 21:30:21+00:00,-8.04803095,-34.94016446,184,88,1.2899999618530273,1428.0
2025-09-02T21:05:09Z,Run,2025-09-02 21:30:22+00:00,-8.04802562,-34.94017112,180,30,1.2799999713897705,1429.0
2025-09-02T21:05:09Z,Run,2025-09-02 21:30:23+00:00,-8.04801997,-34.94017845,179,32,1.2599999904632568,1430.0
2025-09-02T21:05:09Z,Run,2025-09-02 21:30:24+00:00,-8.04801397,-34.94018744,176,30,1.2200000286102295,1431.0
2025-09-02T21:05:09Z,Run,2025-09-02 21:30:25+00:00,-8.04800864,-34.94019844,175,30,1.1799999475479126,1432.0
2025-09-02T21:05:09Z,Run,2025-09-02 21:30:26+00:00,-8.04800398,-34.94021144,176,30,1.159999966621399,1433.0
2025-09-02T21:05:09Z,Run,2025-09-02 21:30:27+00:00,-8.04800099,-34.94022544,176,30,1.159999966621399,1434.0
2025-09-02T21:05:09Z,Run,2025-09-02 21:30:28+00:00,-8.04799899,-34.94024043,179,30,1.149999976158142,1435.0
2025-09-02T21:05:09Z,Run,2025-09-02 21:30:29+00:00,-8.04799765,-34.94025475,180,30,1.159999966621399,1436.0
2025-09-02T21:05:09Z,Run,2025-09-02 21:30:30+00:00,-8.04799765,-34.94026941,179,31,1.25,1437.0
2025-09-02T21:05:09Z,Run,2025-09-02 21:30:31+00:00,-8.04799899,-34.94028308,180,32,1.3700000047683716,1438.0
2025-09-02T21:05:09Z,Run,2025-09-02 21:30:32+00:00,-8.04800298,-34.9402954,179,32,1.440000057220459,1439.0
2025-09-02T21:05:09Z,Run,2025-09-02 21:30:33+00:00,-8.04800864,-34.9403044,179,32,1.440000057220459,1440.0
2025-09-02T21:05:09Z,Run,2025-09-02 21:30:34+00:00,-8.04801597,-34.94031039,175,32,1.4700000286102295,1441.0
2025-09-02T21:05:09Z,Run,2025-09-02 21:30:35+00:00,-8.04802662,-34.94031371,170,32,1.4700000286102295,1442.0
2025-09-02T21:05:09Z,Run,2025-09-02 21:30:36+00:00,-8.04803796,-34.94031404,168,32,1.4600000381469727,1443.0
2025-09-02T21:05:09Z,Run,2025-09-02 21:30:37+00:00,-8.04804829,-34.94030904,170,32,1.440000057220459,1444.0
2025-09-02T21:05:09Z,Run,2025-09-02 21:30:38+00:00,-8.04805761,-34.94029971,170,32,1.4299999475479126,1445.0
2025-09-02T21:05:09Z,Run,2025-09-02 21:30:39+00:00,-8.04806661,-34.94028972,170,32,1.4299999475479126,1446.0
2025-09-02T21:05:09Z,Run,2025-09-02 21:30:40+00:00,-8.04808227,-34.94027173,172,31,1.4199999570846558,1447.0
2025-09-02T21:05:09Z,Run,2025-09-02 21:30:41+00:00,-8.04809027,-34.9402644,173,31,1.4199999570846558,1448.0
2025-09-02T21:05:09Z,Run,2025-09-02 21:30:42+00:00,-8.04809759,-34.94025774,178,31,1.4199999570846558,1449.0
2025-09-02T21:05:09Z,Run,2025-09-02 21:30:43+00:00,-8.04810492,-34.94025109,173,31,1.4199999570846558,1450.0
2025-09-02T21:05:09Z,Run,2025-09-02 21:30:44+00:00,-8.04811192,-34.94024575,173,31,1.4199999570846558,1451.0
2025-09-02T21:05:09Z,Run,2025-09-02 21:30:45+00:00,-8.04812125,-34.94024075,172,31,1.4199999570846558,1452.0
2025-09-02T21:05:09Z,Run,2025-09-02 21:30:46+00:00,-8.04813158,-34.94023609,172,31,1.4199999570846558,1453.0
2025-09-02T21:05:09Z,Run,2025-09-02 21:30:47+00:00,-8.04814257,-34.94023143,170,31,1.409999966621399,1454.0
2025-09-02T21:05:09Z,Run,2025-09-02 21:30:48+00:00,-8.04815456,-34.94022743,169,31,1.409999966621399,1455.0
2025-09-02T21:05:09Z,Run,2025-09-02 21:30:49+00:00,-8.04816655,-34.94022377,167,31,1.399999976158142,1456.0
2025-09-02T21:05:09Z,Run,2025-09-02 21:30:50+00:00,-8.04817922,-34.94022012,167,31,1.399999976158142,1457.0
2025-09-02T21:05:09Z,Run,2025-09-02 21:30:51+00:00,-8.04819121,-34.94021645,167,31,1.399999976158142,1458.0
2025-09-02T21:05:09Z,Run,2025-09-02 21:30:52+00:00,-8.04820388,-34.94021246,166,31,1.3899999856948853,1459.0
2025-09-02T21:05:09Z,Run,2025-09-02 21:30:53+00:00,-8.0482172,-34.94020779,165,31,1.3899999856948853,1460.0
2025-09-02T21:05:09Z,Run,2025-09-02 21:30:54+00:00,-8.0482322,-34.94020214,162,31,1.3899999856948853,1461.0
2025-09-02T21:05:09Z,Run,2025-09-02 21:30:55+00:00,-8.04824686,-34.94019748,158,31,1.3899999856948853,1462.0
2025-09-02T21:05:09Z,Run,2025-09-02 21:30:56+00:00,-8.04826252,-34.94019381,158,31,1.3899999856948853,1463.0
2025-09-02T21:05:09Z,Run,2025-09-02 21:30:57+00:00,-8.04827685,-34.94018949,156,31,1.3899999856948853,1464.0
2025-09-02T21:05:09Z,Run,2025-09-02 21:30:58+00:00,-8.04829085,-34.94018449,158,31,1.399999976158142,1465.0
2025-09-02T21:05:09Z,Run,2025-09-02 21:30:59+00:00,-8.04830517,-34.94018016,160,31,1.399999976158142,1466.0
2025-09-02T21:05:09Z,Run,2025-09-02 21:31:00+00:00,-8.04831917,-34.9401765,162,31,1.409999966621399,1467.0
2025-09-02T21:05:09Z,Run,2025-09-02 21:31:01+00:00,-8.04833249,-34.94017351,162,31,1.4199999570846558,1468.0
2025-09-02T21:05:09Z,Run,2025-09-02 21:31:02+00:00,-8.04834516,-34.94017052,162,31,1.4199999570846558,1469.0
2025-09-02T21:05:09Z,Run,2025-09-02 21:31:03+00:00,-8.04835816,-34.94016753,157,31,1.4199999570846558,1470.0
2025-09-02T21:05:09Z,Run,2025-09-02 21:31:04+00:00,-8.04837115,-34.94016421,151,31,1.4299999475479126,1471.0
2025-09-02T21:05:09Z,Run,2025-09-02 21:31:05+00:00,-8.04838614,-34.94015987,149,31,1.4800000190734863,1472.0
2025-09-02T21:05:09Z,Run,2025-09-02 21:31:06+00:00,-8.04840181,-34.94015555,149,31,1.5299999713897705,1473.0
2025-09-02T21:05:09Z,Run,2025-09-02 21:31:07+00:00,-8.04842146,-34.94014956,148,31,1.5299999713897705,1474.0
2025-09-02T21:05:09Z,Run,2025-09-02 21:31:08+00:00,-8.04844279,-34.94014423,148,31,1.5299999713897705,1475.0
2025-09-02T21:05:09Z,Run,2025-09-02 21:31:09+00:00,-8.04846579,-34.94013824,148,31,1.5299999713897705,1476.0
2025-09-02T21:05:09Z,Run,2025-09-02 21:31:10+00:00,-8.04848944,-34.94013024,150,31,1.6100000143051147,1477.0
2025-09-02T21:05:09Z,Run,2025-09-02 21:31:11+00:00,-8.04851444,-34.9401229,152,31,1.8200000524520874,1478.0
2025-09-02T21:05:09Z,Run,2025-09-02 21:31:12+00:00,-8.04854044,-34.94011691,152,88,2.1700000762939453,1479.0
2025-09-02T21:05:09Z,Run,2025-09-02 21:31:13+00:00,-8.04856644,-34.94010958,154,87,2.490000009536743,1480.0
2025-09-02T21:05:09Z,Run,2025-09-02 21:31:14+00:00,-8.0485921,-34.94010226,155,87,2.7100000381469727,1481.0
2025-09-02T21:05:09Z,Run,2025-09-02 21:31:15+00:00,-8.0486191,-34.94009492,155,87,2.7100000381469727,1482.0
2025-09-02T21:05:09Z,Run,2025-09-02 21:31:16+00:00,-8.04864342,-34.94008827,153,87,2.859999895095825,1483.0
2025-09-02T21:05:09Z,Run,2025-09-02 21:31:17+00:00,-8.04866842,-34.94008093,149,87,2.9000000953674316,1484.0
2025-09-02T21:05:09Z,Run,2025-09-02 21:31:18+00:00,-8.04869608,-34.94007327,149,87,2.9100000858306885,1485.0
2025-09-02T21:05:09Z,Run,2025-09-02 21:31:19+00:00,-8.04872241,-34.94006728,149,87,2.9200000762939453,1486.0
2025-09-02T21:05:09Z,Run,2025-09-02 21:31:20+00:00,-8.0487494,-34.94006195,149,87,2.9100000858306885,1487.0
2025-09-02T21:05:09Z,Run,2025-09-02 21:31:21+00:00,-8.04877573,-34.94005729,149,87,2.9100000858306885,1488.0
2025-09-02T21:05:09Z,Run,2025-09-02 21:31:22+00:00,-8.04880139,-34.94005363,149,86,2.890000104904175,1489.0
2025-09-02T21:05:09Z,Run,2025-09-02 21:31:23+00:00,-8.04882638,-34.94005063,151,87,2.890000104904175,1490.0
2025-09-02T21:05:09Z,Run,2025-09-02 21:31:24+00:00,-8.04885172,-34.94004697,151,87,2.869999885559082,1491.0
2025-09-02T21:05:09Z,Run,2025-09-02 21:31:25+00:00,-8.04887672,-34.94004164,151,87,2.859999895095825,1492.0
2025-09-02T21:05:09Z,Run,2025-09-02 21:31:26+00:00,-8.04890104,-34.94003132,151,88,2.8399999141693115,1493.0
2025-09-02T21:05:09Z,Run,2025-09-02 21:31:27+00:00,-8.04892337,-34.94001865,151,88,2.8399999141693115,1494.0
2025-09-02T21:05:09Z,Run,2025-09-02 21:31:28+00:00,-8.04894671,-34.94000699,150,88,2.819999933242798,1495.0
2025-09-02T21:05:09Z,Run,2025-09-02 21:31:29+00:00,-8.04897171,-34.939998,151,88,2.809999942779541,1496.0
2025-09-02T21:05:09Z,Run,2025-09-02 21:31:30+00:00,-8.04899771,-34.93998967,152,87,2.809999942779541,1497.0
2025-09-02T21:05:09Z,Run,2025-09-02 21:31:31+00:00,-8.04902403,-34.93998101,152,87,2.809999942779541,1498.0
2025-09-02T21:05:09Z,Run,2025-09-02 21:31:32+00:00,-8.04904836,-34.93997435,152,87,2.819999933242798,1499.0
2025-09-02T21:05:09Z,Run,2025-09-02 21:31:33+00:00,-8.04907202,-34.93996669,152,87,2.819999933242798,1500.0
2025-09-02T21:05:09Z,Run,2025-09-02 21:31:34+00:00,-8.04909469,-34.93995836,153,87,2.8299999237060547,1501.0
2025-09-02T21:05:09Z,Run,2025-09-02 21:31:35+00:00,-8.04911501,-34.93994902,153,87,2.8299999237060547,1502.0
2025-09-02T21:05:09Z,Run,2025-09-02 21:31:36+00:00,-8.049136,-34.93993836,155,88,2.809999942779541,1503.0
2025-09-02T21:05:09Z,Run,2025-09-02 21:31:37+00:00,-8.04915866,-34.93992537,158,87,2.7799999713897705,1504.0
2025-09-02T21:05:09Z,Run,2025-09-02 21:31:38+00:00,-8.04918399,-34.93991038,159,88,2.759999990463257,1505.0
2025-09-02T21:05:09Z,Run,2025-09-02 21:31:39+00:00,-8.04921265,-34.93989538,159,88,2.759999990463257,1506.0
2025-09-02T21:05:09Z,Run,2025-09-02 21:31:40+00:00,-8.04924231,-34.93987939,159,87,2.759999990463257,1507.0
2025-09-02T21:05:09Z,Run,2025-09-02 21:31:41+00:00,-8.04926797,-34.93986339,159,88,2.759999990463257,1508.0
2025-09-02T21:05:09Z,Run,2025-09-02 21:31:42+00:00,-8.04929464,-34.93984972,159,87,2.799999952316284,1509.0
2025-09-02T21:05:09Z,Run,2025-09-02 21:31:43+00:00,-8.04932129,-34.93983939,159,87,2.930000066757202,1510.0
2025-09-02T21:05:09Z,Run,2025-09-02 21:31:44+00:00,-8.04934762,-34.93983006,159,87,3.0299999713897705,1511.0
2025-09-02T21:05:09Z,Run,2025-09-02 21:31:45+00:00,-8.04937427,-34.93981906,159,87,3.0299999713897705,1512.0
2025-09-02T21:05:09Z,Run,2025-09-02 21:31:46+00:00,-8.04939794,-34.93980707,159,86,3.059999942779541,1513.0
2025-09-02T21:05:09Z,Run,2025-09-02 21:31:47+00:00,-8.04941926,-34.93979374,159,86,3.059999942779541,1514.0
2025-09-02T21:05:09Z,Run,2025-09-02 21:31:48+00:00,-8.04943793,-34.93978075,159,86,3.059999942779541,1515.0
2025-09-02T21:05:09Z,Run,2025-09-02 21:31:49+00:00,-8.04945326,-34.93976842,159,86,3.059999942779541,1516.0
2025-09-02T21:05:09Z,Run,2025-09-02 21:31:50+00:00,-8.04946492,-34.93975475,159,86,3.049999952316284,1517.0
2025-09-02T21:05:09Z,Run,2025-09-02 21:31:51+00:00,-8.04947192,-34.93973943,159,86,3.049999952316284,1518.0
2025-09-02T21:05:09Z,Run,2025-09-02 21:31:52+00:00,-8.04947259,-34.93972244,159,86,3.0399999618530273,1519.0
2025-09-02T21:05:09Z,Run,2025-09-02 21:31:53+00:00,-8.04946825,-34.93970511,159,86,3.0199999809265137,1520.0
2025-09-02T21:05:09Z,Run,2025-09-02 21:31:54+00:00,-8.04945792,-34.93968911,159,86,2.9800000190734863,1521.0
2025-09-02T21:05:09Z,Run,2025-09-02 21:31:55+00:00,-8.04944426,-34.93967945,159,86,2.609999895095825,1522.0
2025-09-02T21:05:09Z,Run,2025-09-02 21:31:56+00:00,-8.04942727,-34.93967612,159,86,2.2799999713897705,1523.0
2025-09-02T21:05:09Z,Run,2025-09-02 21:31:57+00:00,-8.04940627,-34.93967846,159,86,2.2799999713897705,1524.0
2025-09-02T21:05:09Z,Run,2025-09-02 21:31:58+00:00,-8.04938428,-34.93968312,160,86,2.2899999618530273,1525.0
2025-09-02T21:05:09Z,Run,2025-09-02 21:31:59+00:00,-8.04936095,-34.93969079,159,87,2.2899999618530273,1526.0
2025-09-02T21:05:09Z,Run,2025-09-02 21:32:00+00:00,-8.04933729,-34.93970145,157,87,2.319999933242798,1527.0
2025-09-02T21:05:09Z,Run,2025-09-02 21:32:01+00:00,-8.04931396,-34.93971111,157,87,2.380000114440918,1528.0
2025-09-02T21:05:09Z,Run,2025-09-02 21:32:02+00:00,-8.04928964,-34.9397211,157,85,2.450000047683716,1529.0
2025-09-02T21:05:09Z,Run,2025-09-02 21:32:03+00:00,-8.04926497,-34.93973077,157,85,2.450000047683716,1530.0
2025-09-02T21:05:09Z,Run,2025-09-02 21:32:04+00:00,-8.04923965,-34.93974209,158,86,2.609999895095825,1531.0
2025-09-02T21:05:09Z,Run,2025-09-02 21:32:05+00:00,-8.04921431,-34.93975442,158,86,2.75,1532.0
2025-09-02T21:05:09Z,Run,2025-09-02 21:32:06+00:00,-8.04919032,-34.93976641,157,87,2.8299999237060547,1533.0
2025-09-02T21:05:09Z,Run,2025-09-02 21:32:07+00:00,-8.049165,-34.93977773,158,87,2.880000114440918,1534.0
2025-09-02T21:05:09Z,Run,2025-09-02 21:32:08+00:00,-8.049139,-34.93978873,159,87,2.930000066757202,1535.0
2025-09-02T21:05:09Z,Run,2025-09-02 21:32:09+00:00,-8.049113,-34.93980005,159,87,2.930000066757202,1536.0
2025-09-02T21:05:09Z,Run,2025-09-02 21:32:10+00:00,-8.04908667,-34.93981172,159,87,2.9700000286102295,1537.0
2025-09-02T21:05:09Z,Run,2025-09-02 21:32:11+00:00,-8.04906034,-34.93982538,160,87,3.009999990463257,1538.0
2025-09-02T21:05:09Z,Run,2025-09-02 21:32:12+00:00,-8.04903434,-34.93983771,161,87,3.0299999713897705,1539.0
2025-09-02T21:05:09Z,Run,2025-09-02 21:32:13+00:00,-8.04900834,-34.93985037,161,87,3.0299999713897705,1540.0
2025-09-02T21:05:09Z,Run,2025-09-02 21:32:14+00:00,-8.04898135,-34.93986037,161,87,3.0299999713897705,1541.0
2025-09-02T21:05:09Z,Run,2025-09-02 21:32:15+00:00,-8.04895335,-34.9398687,162,87,3.0299999713897705,1542.0
2025-09-02T21:05:09Z,Run,2025-09-02 21:32:16+00:00,-8.04892603,-34.93987602,162,87,3.0299999713897705,1543.0
2025-09-02T21:05:09Z,Run,2025-09-02 21:32:17+00:00,-8.04890037,-34.93988269,161,87,3.0199999809265137,1544.0
2025-09-02T21:05:09Z,Run,2025-09-02 21:32:18+00:00,-8.04887437,-34.93988935,162,87,2.990000009536743,1545.0
2025-09-02T21:05:09Z,Run,2025-09-02 21:32:19+00:00,-8.04884804,-34.939895,162,87,2.990000009536743,1546.0
2025-09-02T21:05:09Z,Run,2025-09-02 21:32:20+00:00,-8.04882238,-34.93989967,162,87,2.990000009536743,1547.0
2025-09-02T21:05:09Z,Run,2025-09-02 21:32:21+00:00,-8.04879538,-34.93990733,163,86,2.9700000286102295,1548.0
2025-09-02T21:05:09Z,Run,2025-09-02 21:32:22+00:00,-8.04876773,-34.93991666,163,86,2.9700000286102295,1549.0
2025-09-02T21:05:09Z,Run,2025-09-02 21:32:23+00:00,-8.04874106,-34.93992733,163,86,2.9800000190734863,1550.0
2025-09-02T21:05:09Z,Run,2025-09-02 21:32:24+00:00,-8.04871639,-34.93993865,163,86,3.0,1551.0
2025-09-02T21:05:09Z,Run,2025-09-02 21:32:25+00:00,-8.04869174,-34.93994631,163,87,2.9800000190734863,1552.0
2025-09-02T21:05:09Z,Run,2025-09-02 21:32:26+00:00,-8.0486664,-34.93995131,162,88,2.950000047683716,1553.0
2025-09-02T21:05:09Z,Run,2025-09-02 21:32:27+00:00,-8.04863908,-34.93995897,161,88,2.950000047683716,1554.0
2025-09-02T21:05:09Z,Run,2025-09-02 21:32:28+00:00,-8.04861308,-34.93996496,161,88,2.950000047683716,1555.0
2025-09-02T21:05:09Z,Run,2025-09-02 21:32:29+00:00,-8.04858609,-34.93997129,161,88,2.9600000381469727,1556.0
2025-09-02T21:05:09Z,Run,2025-09-02 21:32:30+00:00,-8.04856009,-34.93997829,161,87,3.0,1557.0
2025-09-02T21:05:09Z,Run,2025-09-02 21:32:31+00:00,-8.04853409,-34.93998694,162,87,3.009999990463257,1558.0
2025-09-02T21:05:09Z,Run,2025-09-02 21:32:32+00:00,-8.04851143,-34.93999528,161,88,3.009999990463257,1559.0
2025-09-02T21:05:09Z,Run,2025-09-02 21:32:33+00:00,-8.04848877,-34.94000393,161,88,3.009999990463257,1560.0
2025-09-02T21:05:09Z,Run,2025-09-02 21:32:34+00:00,-8.04846578,-34.94001059,161,88,3.009999990463257,1561.0
2025-09-02T21:05:09Z,Run,2025-09-02 21:32:35+00:00,-8.04844178,-34.94001792,162,88,3.009999990463257,1562.0
2025-09-02T21:05:09Z,Run,2025-09-02 21:32:36+00:00,-8.04841745,-34.94002559,162,88,3.0,1563.0
2025-09-02T21:05:09Z,Run,2025-09-02 21:32:37+00:00,-8.04839246,-34.94003325,162,88,3.0,1564.0
2025-09-02T21:05:09Z,Run,2025-09-02 21:32:38+00:00,-8.04836713,-34.94004125,163,87,2.990000009536743,1565.0
2025-09-02T21:05:09Z,Run,2025-09-02 21:32:39+00:00,-8.04834113,-34.94004958,164,87,2.9800000190734863,1566.0
2025-09-02T21:05:09Z,Run,2025-09-02 21:32:40+00:00,-8.04831547,-34.94005758,164,87,2.9800000190734863,1567.0
2025-09-02T21:05:09Z,Run,2025-09-02 21:32:41+00:00,-8.04829015,-34.94006791,164,87,2.9700000286102295,1568.0
2025-09-02T21:05:09Z,Run,2025-09-02 21:32:42+00:00,-8.04826415,-34.94007824,165,87,2.9700000286102295,1569.0
2025-09-02T21:05:09Z,Run,2025-09-02 21:32:43+00:00,-8.04823815,-34.94008857,164,87,2.9600000381469727,1570.0
2025-09-02T21:05:09Z,Run,2025-09-02 21:32:44+00:00,-8.04821183,-34.94009823,164,87,2.9600000381469727,1571.0
2025-09-02T21:05:09Z,Run,2025-09-02 21:32:45+00:00,-8.04818483,-34.94010789,164,87,2.9600000381469727,1572.0
2025-09-02T21:05:09Z,Run,2025-09-02 21:32:46+00:00,-8.0481585,-34.94011722,164,87,2.9600000381469727,1573.0
2025-09-02T21:05:09Z,Run,2025-09-02 21:32:47+00:00,-8.04813318,-34.94012587,165,87,2.9600000381469727,1574.0
2025-09-02T21:05:09Z,Run,2025-09-02 21:32:48+00:00,-8.04810818,-34.94013486,165,87,2.9600000381469727,1575.0
2025-09-02T21:05:09Z,Run,2025-09-02 21:32:49+00:00,-8.04808386,-34.94014386,165,87,2.9600000381469727,1576.0
2025-09-02T21:05:09Z,Run,2025-09-02 21:32:50+00:00,-8.04806186,-34.94015486,166,87,2.9600000381469727,1577.0
2025-09-02T21:05:09Z,Run,2025-09-02 21:32:51+00:00,-8.04804419,-34.94016952,166,87,2.9700000286102295,1578.0
2025-09-02T21:05:09Z,Run,2025-09-02 21:32:52+00:00,-8.0480312,-34.94018751,166,87,2.9700000286102295,1579.0
2025-09-02T21:05:09Z,Run,2025-09-02 21:32:53+00:00,-8.04802187,-34.94020718,165,88,2.9700000286102295,1580.0
2025-09-02T21:05:09Z,Run,2025-09-02 21:32:54+00:00,-8.04801621,-34.94022884,167,88,2.9600000381469727,1581.0
2025-09-02T21:05:09Z,Run,2025-09-02 21:32:55+00:00,-8.04801421,-34.94024917,168,88,2.9600000381469727,1582.0
2025-09-02T21:05:09Z,Run,2025-09-02 21:32:56+00:00,-8.04801587,-34.94026982,169,88,2.950000047683716,1583.0
2025-09-02T21:05:09Z,Run,2025-09-02 21:32:57+00:00,-8.0480232,-34.94028949,169,88,2.940000057220459,1584.0
2025-09-02T21:05:09Z,Run,2025-09-02 21:32:58+00:00,-8.04803719,-34.94030648,169,88,2.940000057220459,1585.0
2025-09-02T21:05:09Z,Run,2025-09-02 21:32:59+00:00,-8.04805552,-34.9403178,170,87,2.930000066757202,1586.0
2025-09-02T21:05:09Z,Run,2025-09-02 21:33:00+00:00,-8.04807385,-34.9403238,171,87,2.9200000762939453,1587.0
2025-09-02T21:05:09Z,Run,2025-09-02 21:33:01+00:00,-8.04809585,-34.9403238,172,87,2.9000000953674316,1588.0
2025-09-02T21:05:09Z,Run,2025-09-02 21:33:02+00:00,-8.04811684,-34.94032014,172,87,2.890000104904175,1589.0
2025-09-02T21:05:09Z,Run,2025-09-02 21:33:03+00:00,-8.0481385,-34.94031348,172,87,2.880000114440918,1590.0
2025-09-02T21:05:09Z,Run,2025-09-02 21:33:04+00:00,-8.04816083,-34.94030482,172,87,2.880000114440918,1591.0
2025-09-02T21:05:09Z,Run,2025-09-02 21:33:05+00:00,-8.04818383,-34.94029482,173,87,2.869999885559082,1592.0
2025-09-02T21:05:09Z,Run,2025-09-02 21:33:06+00:00,-8.04820715,-34.94028317,174,88,2.859999895095825,1593.0
2025-09-02T21:05:09Z,Run,2025-09-02 21:33:07+00:00,-8.04823047,-34.94027051,173,88,2.8499999046325684,1594.0
2025-09-02T21:05:09Z,Run,2025-09-02 21:33:08+00:00,-8.04825414,-34.94025851,172,88,2.8399999141693115,1595.0
2025-09-02T21:05:09Z,Run,2025-09-02 21:33:09+00:00,-8.04828014,-34.94024751,172,88,2.8399999141693115,1596.0
2025-09-02T21:05:09Z,Run,2025-09-02 21:33:10+00:00,-8.04830346,-34.94023719,172,88,2.8399999141693115,1597.0
2025-09-02T21:05:09Z,Run,2025-09-02 21:33:11+00:00,-8.0483268,-34.94022785,172,88,2.8399999141693115,1598.0
2025-09-02T21:05:09Z,Run,2025-09-02 21:33:12+00:00,-8.04835012,-34.9402182,172,87,2.8399999141693115,1599.0
2025-09-02T21:05:09Z,Run,2025-09-02 21:33:13+00:00,-8.04837278,-34.94020686,172,87,2.8499999046325684,1600.0
2025-09-02T21:05:09Z,Run,2025-09-02 21:33:14+00:00,-8.04839578,-34.94019521,173,87,2.8499999046325684,1601.0
2025-09-02T21:05:09Z,Run,2025-09-02 21:33:15+00:00,-8.04841844,-34.94018288,173,87,2.8499999046325684,1602.0
2025-09-02T21:05:09Z,Run,2025-09-02 21:33:16+00:00,-8.04844177,-34.94017155,173,87,2.8499999046325684,1603.0
2025-09-02T21:05:09Z,Run,2025-09-02 21:33:17+00:00,-8.0484661,-34.94016156,172,87,2.8499999046325684,1604.0
2025-09-02T21:05:09Z,Run,2025-09-02 21:33:18+00:00,-8.04849009,-34.94015257,172,87,2.8499999046325684,1605.0
2025-09-02T21:05:09Z,Run,2025-09-02 21:33:19+00:00,-8.04851408,-34.94014391,172,87,2.8499999046325684,1606.0
2025-09-02T21:05:09Z,Run,2025-09-02 21:33:20+00:00,-8.04853841,-34.94013658,172,87,2.8499999046325684,1607.0
2025-09-02T21:05:09Z,Run,2025-09-02 21:33:21+00:00,-8.04856208,-34.94013026,171,87,2.8499999046325684,1608.0
2025-09-02T21:05:09Z,Run,2025-09-02 21:33:22+00:00,-8.04858607,-34.94012359,171,87,2.8499999046325684,1609.0
2025-09-02T21:05:09Z,Run,2025-09-02 21:33:23+00:00,-8.04860906,-34.9401156,171,88,2.8499999046325684,1610.0
2025-09-02T21:05:09Z,Run,2025-09-02 21:33:24+00:00,-8.04863439,-34.94010927,170,88,2.8499999046325684,1611.0
2025-09-02T21:05:09Z,Run,2025-09-02 21:33:25+00:00,-8.04865905,-34.94010161,169,88,2.8499999046325684,1612.0
2025-09-02T21:05:09Z,Run,2025-09-02 21:33:26+00:00,-8.04868438,-34.94009228,169,88,2.8499999046325684,1613.0
2025-09-02T21:05:09Z,Run,2025-09-02 21:33:27+00:00,-8.04871004,-34.94008362,169,88,2.8499999046325684,1614.0
2025-09-02T21:05:09Z,Run,2025-09-02 21:33:28+00:00,-8.04873604,-34.94007562,169,88,2.8499999046325684,1615.0
2025-09-02T21:05:09Z,Run,2025-09-02 21:33:29+00:00,-8.04876303,-34.9400683,169,89,2.8499999046325684,1616.0
2025-09-02T21:05:09Z,Run,2025-09-02 21:33:30+00:00,-8.04878903,-34.94005996,168,89,2.8499999046325684,1617.0
2025-09-02T21:05:09Z,Run,2025-09-02 21:33:31+00:00,-8.04881435,-34.94005097,168,87,2.8499999046325684,1618.0
2025-09-02T21:05:09Z,Run,2025-09-02 21:33:32+00:00,-8.04883969,-34.94004331,167,88,2.859999895095825,1619.0
2025-09-02T21:05:09Z,Run,2025-09-02 21:33:33+00:00,-8.04886402,-34.94003564,167,87,2.859999895095825,1620.0
2025-09-02T21:05:09Z,Run,2025-09-02 21:33:34+00:00,-8.04888835,-34.94002797,167,87,2.859999895095825,1621.0
2025-09-02T21:05:09Z,Run,2025-09-02 21:33:35+00:00,-8.04891168,-34.94002098,168,87,2.859999895095825,1622.0
2025-09-02T21:05:09Z,Run,2025-09-02 21:33:36+00:00,-8.04893501,-34.94001265,168,88,2.859999895095825,1623.0
2025-09-02T21:05:09Z,Run,2025-09-02 21:33:37+00:00,-8.04895767,-34.94000465,169,88,2.869999885559082,1624.0
2025-09-02T21:05:09Z,Run,2025-09-02 21:33:38+00:00,-8.04898032,-34.93999632,170,88,2.869999885559082,1625.0
2025-09-02T21:05:09Z,Run,2025-09-02 21:33:39+00:00,-8.04900232,-34.93998766,171,88,2.869999885559082,1626.0
2025-09-02T21:05:09Z,Run,2025-09-02 21:33:40+00:00,-8.04902598,-34.93997933,171,88,2.869999885559082,1627.0
2025-09-02T21:05:09Z,Run,2025-09-02 21:33:41+00:00,-8.04904831,-34.93997334,172,88,2.859999895095825,1628.0
2025-09-02T21:05:09Z,Run,2025-09-02 21:33:42+00:00,-8.04907165,-34.939969,173,88,2.859999895095825,1629.0
2025-09-02T21:05:09Z,Run,2025-09-02 21:33:43+00:00,-8.04909564,-34.93996368,173,87,2.8499999046325684,1630.0
2025-09-02T21:05:09Z,Run,2025-09-02 21:33:44+00:00,-8.04911864,-34.93995635,173,88,2.8499999046325684,1631.0
2025-09-02T21:05:09Z,Run,2025-09-02 21:33:45+00:00,-8.04914363,-34.93994601,173,87,2.8399999141693115,1632.0
2025-09-02T21:05:09Z,Run,2025-09-02 21:33:46+00:00,-8.04916729,-34.93993402,173,88,2.8399999141693115,1633.0
2025-09-02T21:05:09Z,Run,2025-09-02 21:33:47+00:00,-8.04918928,-34.93992369,173,88,2.8399999141693115,1634.0
2025-09-02T21:05:09Z,Run,2025-09-02 21:33:48+00:00,-8.04921228,-34.93991403,172,88,2.8399999141693115,1635.0
2025-09-02T21:05:09Z,Run,2025-09-02 21:33:49+00:00,-8.04923528,-34.93990504,173,88,2.8399999141693115,1636.0
2025-09-02T21:05:09Z,Run,2025-09-02 21:33:50+00:00,-8.04925794,-34.93989571,174,87,2.8299999237060547,1637.0
2025-09-02T21:05:09Z,Run,2025-09-02 21:33:51+00:00,-8.0492816,-34.93988705,173,88,2.8299999237060547,1638.0
2025-09-02T21:05:09Z,Run,2025-09-02 21:33:52+00:00,-8.04930593,-34.93987872,173,88,2.8299999237060547,1639.0
2025-09-02T21:05:09Z,Run,2025-09-02 21:33:53+00:00,-8.04933125,-34.93986973,173,88,2.8299999237060547,1640.0
2025-09-02T21:05:09Z,Run,2025-09-02 21:33:54+00:00,-8.04935558,-34.93986074,174,88,2.8299999237060547,1641.0
2025-09-02T21:05:09Z,Run,2025-09-02 21:33:55+00:00,-8.04938058,-34.93984942,174,89,2.8299999237060547,1642.0
2025-09-02T21:05:09Z,Run,2025-09-02 21:33:56+00:00,-8.04940257,-34.93983642,175,88,2.8299999237060547,1643.0
2025-09-02T21:05:09Z,Run,2025-09-02 21:33:57+00:00,-8.04942123,-34.93982176,175,88,2.8299999237060547,1644.0
2025-09-02T21:05:09Z,Run,2025-09-02 21:33:58+00:00,-8.04943523,-34.93980576,175,88,2.8299999237060547,1645.0
2025-09-02T21:05:09Z,Run,2025-09-02 21:33:59+00:00,-8.0494449,-34.93978777,175,89,2.8299999237060547,1646.0
2025-09-02T21:05:09Z,Run,2025-09-02 21:34:00+00:00,-8.04944922,-34.9397681,176,88,2.8299999237060547,1647.0
2025-09-02T21:05:09Z,Run,2025-09-02 21:34:01+00:00,-8.04944756,-34.93974845,177,88,2.8299999237060547,1648.0
2025-09-02T21:05:09Z,Run,2025-09-02 21:34:02+00:00,-8.0494409,-34.93972911,177,89,2.8299999237060547,1649.0
2025-09-02T21:05:09Z,Run,2025-09-02 21:34:03+00:00,-8.04943024,-34.93971112,177,88,2.819999933242798,1650.0
2025-09-02T21:05:09Z,Run,2025-09-02 21:34:04+00:00,-8.04941392,-34.93969913,177,88,2.819999933242798,1651.0
2025-09-02T21:05:09Z,Run,2025-09-02 21:34:05+00:00,-8.04939493,-34.93969447,177,89,2.809999942779541,1652.0
2025-09-02T21:05:09Z,Run,2025-09-02 21:34:06+00:00,-8.0493736,-34.93969447,176,88,2.799999952316284,1653.0
2025-09-02T21:05:09Z,Run,2025-09-02 21:34:07+00:00,-8.04934927,-34.93969779,175,88,2.799999952316284,1654.0
2025-09-02T21:05:09Z,Run,2025-09-02 21:34:08+00:00,-8.04932528,-34.93970546,175,88,2.799999952316284,1655.0
2025-09-02T21:05:09Z,Run,2025-09-02 21:34:09+00:00,-8.04930195,-34.93971511,176,89,2.7899999618530273,1656.0
2025-09-02T21:05:09Z,Run,2025-09-02 21:34:10+00:00,-8.04927929,-34.93972645,176,89,2.7899999618530273,1657.0
2025-09-02T21:05:09Z,Run,2025-09-02 21:34:11+00:00,-8.04925764,-34.93973745,176,88,2.7799999713897705,1658.0
2025-09-02T21:05:09Z,Run,2025-09-02 21:34:12+00:00,-8.04923631,-34.93974845,177,88,2.7799999713897705,1659.0
2025-09-02T21:05:09Z,Run,2025-09-02 21:34:13+00:00,-8.04921398,-34.93975911,179,88,2.7799999713897705,1660.0
2025-09-02T21:05:09Z,Run,2025-09-02 21:34:14+00:00,-8.04919066,-34.93977077,179,88,2.7799999713897705,1661.0
2025-09-02T21:05:09Z,Run,2025-09-02 21:34:15+00:00,-8.04916766,-34.93978177,179,89,2.7799999713897705,1662.0
2025-09-02T21:05:09Z,Run,2025-09-02 21:34:16+00:00,-8.04914533,-34.93979376,181,88,2.7799999713897705,1663.0
2025-09-02T21:05:09Z,Run,2025-09-02 21:34:17+00:00,-8.04912167,-34.93980709,181,88,2.7799999713897705,1664.0
2025-09-02T21:05:09Z,Run,2025-09-02 21:34:18+00:00,-8.04909968,-34.93981942,184,88,2.7799999713897705,1665.0
2025-09-02T21:05:09Z,Run,2025-09-02 21:34:19+00:00,-8.04907668,-34.93983208,186,88,2.7899999618530273,1666.0
2025-09-02T21:05:09Z,Run,2025-09-02 21:34:20+00:00,-8.04905368,-34.93984474,186,89,2.7899999618530273,1667.0
2025-09-02T21:05:09Z,Run,2025-09-02 21:34:21+00:00,-8.04902969,-34.93985741,186,88,2.7899999618530273,1668.0
2025-09-02T21:05:09Z,Run,2025-09-02 21:34:22+00:00,-8.0490047,-34.93986807,185,88,2.799999952316284,1669.0
2025-09-02T21:05:09Z,Run,2025-09-02 21:34:23+00:00,-8.0489777,-34.93987673,185,88,2.799999952316284,1670.0
2025-09-02T21:05:09Z,Run,2025-09-02 21:34:24+00:00,-8.04895103,-34.93988672,185,88,2.799999952316284,1671.0
2025-09-02T21:05:09Z,Run,2025-09-02 21:34:25+00:00,-8.04892437,-34.93989772,186,88,2.799999952316284,1672.0
2025-09-02T21:05:09Z,Run,2025-09-02 21:34:26+00:00,-8.04889937,-34.93990738,186,88,2.799999952316284,1673.0
2025-09-02T21:05:09Z,Run,2025-09-02 21:34:27+00:00,-8.04887405,-34.93991571,185,88,2.799999952316284,1674.0
2025-09-02T21:05:09Z,Run,2025-09-02 21:34:28+00:00,-8.04884706,-34.93992138,184,88,2.809999942779541,1675.0
2025-09-02T21:05:09Z,Run,2025-09-02 21:34:29+00:00,-8.04881839,-34.93992571,184,88,2.809999942779541,1676.0
2025-09-02T21:05:09Z,Run,2025-09-02 21:34:30+00:00,-8.04878974,-34.93993038,184,88,2.809999942779541,1677.0
2025-09-02T21:05:09Z,Run,2025-09-02 21:34:31+00:00,-8.04876307,-34.93993603,183,89,2.819999933242798,1678.0
2025-09-02T21:05:09Z,Run,2025-09-02 21:34:32+00:00,-8.04873675,-34.93994302,182,88,2.8299999237060547,1679.0
2025-09-02T21:05:09Z,Run,2025-09-02 21:34:33+00:00,-8.04871141,-34.93995069,181,88,2.8299999237060547,1680.0
2025-09-02T21:05:09Z,Run,2025-09-02 21:34:34+00:00,-8.04868575,-34.93995735,180,89,2.8399999141693115,1681.0
2025-09-02T21:05:09Z,Run,2025-09-02 21:34:35+00:00,-8.04866009,-34.93996468,180,89,2.8399999141693115,1682.0
2025-09-02T21:05:09Z,Run,2025-09-02 21:34:36+00:00,-8.04863477,-34.93997235,180,89,2.8399999141693115,1683.0
2025-09-02T21:05:09Z,Run,2025-09-02 21:34:37+00:00,-8.04860977,-34.93998167,180,88,2.8399999141693115,1684.0
2025-09-02T21:05:09Z,Run,2025-09-02 21:34:38+00:00,-8.0485851,-34.93999234,180,88,2.8399999141693115,1685.0
2025-09-02T21:05:09Z,Run,2025-09-02 21:34:39+00:00,-8.04856043,-34.94000399,179,88,2.8399999141693115,1686.0
2025-09-02T21:05:09Z,Run,2025-09-02 21:34:40+00:00,-8.04853478,-34.94001499,178,88,2.8399999141693115,1687.0
2025-09-02T21:05:09Z,Run,2025-09-02 21:34:41+00:00,-8.04850978,-34.94002532,178,88,2.8399999141693115,1688.0
2025-09-02T21:05:09Z,Run,2025-09-02 21:34:42+00:00,-8.04848579,-34.94003432,178,88,2.8499999046325684,1689.0
2025-09-02T21:05:09Z,Run,2025-09-02 21:34:43+00:00,-8.04846245,-34.94004297,178,89,2.8499999046325684,1690.0
2025-09-02T21:05:09Z,Run,2025-09-02 21:34:44+00:00,-8.04843945,-34.94004996,179,88,2.8499999046325684,1691.0
2025-09-02T21:05:09Z,Run,2025-09-02 21:34:45+00:00,-8.04841713,-34.94005629,180,88,2.8499999046325684,1692.0
2025-09-02T21:05:09Z,Run,2025-09-02 21:34:46+00:00,-8.04839446,-34.94006329,181,88,2.8499999046325684,1693.0
2025-09-02T21:05:09Z,Run,2025-09-02 21:34:47+00:00,-8.04837214,-34.94007028,181,88,2.8499999046325684,1694.0
2025-09-02T21:05:09Z,Run,2025-09-02 21:34:48+00:00,-8.04834881,-34.94007728,181,88,2.8499999046325684,1695.0
2025-09-02T21:05:09Z,Run,2025-09-02 21:34:49+00:00,-8.04832515,-34.94008393,181,88,2.8499999046325684,1696.0
2025-09-02T21:05:09Z,Run,2025-09-02 21:34:50+00:00,-8.04830082,-34.9400906,182,89,2.8399999141693115,1697.0
2025-09-02T21:05:09Z,Run,2025-09-02 21:34:51+00:00,-8.04827748,-34.94009859,183,88,2.8399999141693115,1698.0
2025-09-02T21:05:09Z,Run,2025-09-02 21:34:52+00:00,-8.04825583,-34.94010759,184,88,2.8399999141693115,1699.0
2025-09-02T21:05:09Z,Run,2025-09-02 21:34:53+00:00,-8.04823416,-34.94011691,184,88,2.8399999141693115,1700.0
2025-09-02T21:05:09Z,Run,2025-09-02 21:34:54+00:00,-8.0482115,-34.9401259,184,87,2.8399999141693115,1701.0
2025-09-02T21:05:09Z,Run,2025-09-02 21:34:55+00:00,-8.04816251,-34.9401379,183,88,2.8299999237060547,1702.0
2025-09-02T21:05:09Z,Run,2025-09-02 21:34:56+00:00,-8.04813751,-34.94014289,182,87,2.8299999237060547,1703.0
2025-09-02T21:05:09Z,Run,2025-09-02 21:34:57+00:00,-8.04811318,-34.94014656,182,87,2.819999933242798,1704.0
2025-09-02T21:05:09Z,Run,2025-09-02 21:34:58+00:00,-8.04808786,-34.94015188,182,87,2.819999933242798,1705.0
2025-09-02T21:05:09Z,Run,2025-09-02 21:34:59+00:00,-8.04806487,-34.94015988,182,87,2.819999933242798,1706.0
2025-09-02T21:05:09Z,Run,2025-09-02 21:35:00+00:00,-8.0480462,-34.94017288,182,88,2.819999933242798,1707.0
2025-09-02T21:05:09Z,Run,2025-09-02 21:35:01+00:00,-8.04803154,-34.94018922,182,88,2.819999933242798,1708.0
2025-09-02T21:05:09Z,Run,2025-09-02 21:35:02+00:00,-8.04802121,-34.94020821,182,88,2.819999933242798,1709.0
2025-09-02T21:05:09Z,Run,2025-09-02 21:35:03+00:00,-8.04801421,-34.94022821,182,87,2.819999933242798,1710.0
2025-09-02T21:05:09Z,Run,2025-09-02 21:35:04+00:00,-8.04801088,-34.94024886,182,87,2.819999933242798,1711.0
2025-09-02T21:05:09Z,Run,2025-09-02 21:35:05+00:00,-8.0480112,-34.94027053,183,88,2.809999942779541,1712.0
2025-09-02T21:05:09Z,Run,2025-09-02 21:35:06+00:00,-8.04801553,-34.94029185,184,88,2.809999942779541,1713.0
2025-09-02T21:05:09Z,Run,2025-09-02 21:35:07+00:00,-8.04802453,-34.94031019,184,89,2.809999942779541,1714.0
2025-09-02T21:05:09Z,Run,2025-09-02 21:35:08+00:00,-8.04803786,-34.94032251,183,88,2.799999952316284,1715.0
2025-09-02T21:05:09Z,Run,2025-09-02 21:35:09+00:00,-8.04805419,-34.9403285,183,88,2.799999952316284,1716.0
2025-09-02T21:05:09Z,Run,2025-09-02 21:35:10+00:00,-8.04807285,-34.94032882,183,88,2.799999952316284,1717.0
2025-09-02T21:05:09Z,Run,2025-09-02 21:35:11+00:00,-8.04809218,-34.94032583,183,88,2.7899999618530273,1718.0
2025-09-02T21:05:09Z,Run,2025-09-02 21:35:12+00:00,-8.0481125,-34.94031918,182,88,2.7799999713897705,1719.0
2025-09-02T21:05:09Z,Run,2025-09-02 21:35:13+00:00,-8.04813349,-34.94031151,181,88,2.7699999809265137,1720.0
2025-09-02T21:05:09Z,Run,2025-09-02 21:35:14+00:00,-8.04815583,-34.94030219,180,88,2.7699999809265137,1721.0
2025-09-02T21:05:09Z,Run,2025-09-02 21:35:15+00:00,-8.04817848,-34.94029152,180,88,2.759999990463257,1722.0
2025-09-02T21:05:09Z,Run,2025-09-02 21:35:16+00:00,-8.04820115,-34.94028085,180,88,2.759999990463257,1723.0
2025-09-02T21:05:09Z,Run,2025-09-02 21:35:17+00:00,-8.04822414,-34.9402712,181,88,2.75,1724.0
2025-09-02T21:05:09Z,Run,2025-09-02 21:35:18+00:00,-8.04824781,-34.9402612,182,88,2.740000009536743,1725.0
2025-09-02T21:05:09Z,Run,2025-09-02 21:35:19+00:00,-8.04827147,-34.94025087,182,89,2.740000009536743,1726.0
2025-09-02T21:05:09Z,Run,2025-09-02 21:35:20+00:00,-8.0482948,-34.94023887,182,88,2.7300000190734863,1727.0
2025-09-02T21:05:09Z,Run,2025-09-02 21:35:21+00:00,-8.0483188,-34.94022688,182,88,2.7300000190734863,1728.0
2025-09-02T21:05:09Z,Run,2025-09-02 21:35:22+00:00,-8.04834312,-34.94021622,182,88,2.7300000190734863,1729.0
2025-09-02T21:05:09Z,Run,2025-09-02 21:35:23+00:00,-8.04836711,-34.94020788,182,88,2.7300000190734863,1730.0
2025-09-02T21:05:09Z,Run,2025-09-02 21:35:24+00:00,-8.04839144,-34.94020089,181,88,2.740000009536743,1731.0
2025-09-02T21:05:09Z,Run,2025-09-02 21:35:25+00:00,-8.04841543,-34.94019389,181,88,2.740000009536743,1732.0
2025-09-02T21:05:09Z,Run,2025-09-02 21:35:26+00:00,-8.04843877,-34.9401869,179,88,2.740000009536743,1733.0
2025-09-02T21:05:09Z,Run,2025-09-02 21:35:27+00:00,-8.04846076,-34.94017957,177,88,2.75,1734.0
2025-09-02T21:05:09Z,Run,2025-09-02 21:35:28+00:00,-8.04848342,-34.94017124,177,88,2.75,1735.0
2025-09-02T21:05:09Z,Run,2025-09-02 21:35:29+00:00,-8.04850676,-34.94016191,175,88,2.75,1736.0
2025-09-02T21:05:09Z,Run,2025-09-02 21:35:30+00:00,-8.04853075,-34.94015226,174,88,2.75,1737.0
2025-09-02T21:05:09Z,Run,2025-09-02 21:35:31+00:00,-8.04855474,-34.94014359,171,88,2.759999990463257,1738.0
2025-09-02T21:05:09Z,Run,2025-09-02 21:35:32+00:00,-8.04857873,-34.94013627,170,88,2.759999990463257,1739.0
2025-09-02T21:05:09Z,Run,2025-09-02 21:35:33+00:00,-8.04860205,-34.9401286,169,88,2.759999990463257,1740.0
2025-09-02T21:05:09Z,Run,2025-09-02 21:35:34+00:00,-8.04862572,-34.94012128,169,88,2.759999990463257,1741.0
2025-09-02T21:05:09Z,Run,2025-09-02 21:35:35+00:00,-8.04864872,-34.94011361,169,88,2.759999990463257,1742.0
2025-09-02T21:05:09Z,Run,2025-09-02 21:35:36+00:00,-8.04867204,-34.94010561,169,88,2.759999990463257,1743.0
2025-09-02T21:05:09Z,Run,2025-09-02 21:35:37+00:00,-8.04869403,-34.94009828,168,88,2.759999990463257,1744.0
2025-09-02T21:05:09Z,Run,2025-09-02 21:35:38+00:00,-8.04871669,-34.94009261,168,88,2.759999990463257,1745.0
2025-09-02T21:05:09Z,Run,2025-09-02 21:35:39+00:00,-8.04874235,-34.94008595,169,87,2.759999990463257,1746.0
2025-09-02T21:05:09Z,Run,2025-09-02 21:35:40+00:00,-8.04876702,-34.94007996,169,87,2.759999990463257,1747.0
2025-09-02T21:05:09Z,Run,2025-09-02 21:35:41+00:00,-8.04879135,-34.94007263,170,87,2.759999990463257,1748.0
2025-09-02T21:05:09Z,Run,2025-09-02 21:35:42+00:00,-8.04881634,-34.94006397,170,88,2.75,1749.0
2025-09-02T21:05:09Z,Run,2025-09-02 21:35:43+00:00,-8.04884201,-34.94005532,170,88,2.75,1750.0
2025-09-02T21:05:09Z,Run,2025-09-02 21:35:44+00:00,-8.04886801,-34.94004765,170,88,2.75,1751.0
2025-09-02T21:05:09Z,Run,2025-09-02 21:35:45+00:00,-8.04889367,-34.94003999,170,88,2.75,1752.0
2025-09-02T21:05:09Z,Run,2025-09-02 21:35:46+00:00,-8.04891967,-34.94003199,170,88,2.75,1753.0
2025-09-02T21:05:09Z,Run,2025-09-02 21:35:47+00:00,-8.048944,-34.94002133,170,88,2.75,1754.0
2025-09-02T21:05:09Z,Run,2025-09-02 21:35:48+00:00,-8.04896732,-34.94000934,170,87,2.759999990463257,1755.0
2025-09-02T21:05:09Z,Run,2025-09-02 21:35:49+00:00,-8.04898965,-34.939998,168,85,2.759999990463257,1756.0
2025-09-02T21:05:09Z,Run,2025-09-02 21:35:50+00:00,-8.04901265,-34.939988,168,85,2.759999990463257,1757.0
2025-09-02T21:05:09Z,Run,2025-09-02 21:35:51+00:00,-8.04903631,-34.93997868,168,86,2.7699999809265137,1758.0
2025-09-02T21:05:09Z,Run,2025-09-02 21:35:52+00:00,-8.04905965,-34.93996801,168,86,2.7699999809265137,1759.0
2025-09-02T21:05:09Z,Run,2025-09-02 21:35:53+00:00,-8.04908198,-34.93995636,168,87,2.7699999809265137,1760.0
2025-09-02T21:05:09Z,Run,2025-09-02 21:35:54+00:00,-8.0491053,-34.93994602,168,88,2.7699999809265137,1761.0
2025-09-02T21:05:09Z,Run,2025-09-02 21:35:55+00:00,-8.04912864,-34.93993403,168,88,2.7699999809265137,1762.0
2025-09-02T21:05:09Z,Run,2025-09-02 21:35:56+00:00,-8.04915329,-34.93991904,166,88,2.7699999809265137,1763.0
2025-09-02T21:05:09Z,Run,2025-09-02 21:35:57+00:00,-8.04917929,-34.93990538,166,88,2.7699999809265137,1764.0
2025-09-02T21:05:09Z,Run,2025-09-02 21:35:58+00:00,-8.04920663,-34.93989438,166,88,2.7699999809265137,1765.0
2025-09-02T21:05:09Z,Run,2025-09-02 21:35:59+00:00,-8.04923495,-34.93988604,166,88,2.7699999809265137,1766.0
2025-09-02T21:05:09Z,Run,2025-09-02 21:36:00+00:00,-8.04926261,-34.93988005,166,88,2.7699999809265137,1767.0
2025-09-02T21:05:09Z,Run,2025-09-02 21:36:01+00:00,-8.04928793,-34.93987505,166,88,2.7699999809265137,1768.0
2025-09-02T21:05:09Z,Run,2025-09-02 21:36:02+00:00,-8.04931193,-34.9398744,166,88,2.7799999713897705,1769.0
2025-09-02T21:05:09Z,Run,2025-09-02 21:36:03+00:00,-8.04933459,-34.93987273,167,89,2.7799999713897705,1770.0
2025-09-02T21:05:09Z,Run,2025-09-02 21:36:04+00:00,-8.04935924,-34.93987273,167,89,2.7799999713897705,1771.0
2025-09-02T21:05:09Z,Run,2025-09-02 21:36:05+00:00,-8.04938391,-34.93986941,168,88,2.7799999713897705,1772.0
2025-09-02T21:05:09Z,Run,2025-09-02 21:36:06+00:00,-8.04940624,-34.93986241,168,87,2.7899999618530273,1773.0
2025-09-02T21:05:09Z,Run,2025-09-02 21:36:07+00:00,-8.04942557,-34.93985275,168,87,2.7899999618530273,1774.0
2025-09-02T21:05:09Z,Run,2025-09-02 21:36:08+00:00,-8.04943923,-34.93984309,168,87,2.7899999618530273,1775.0
2025-09-02T21:05:09Z,Run,2025-09-02 21:36:09+00:00,-8.04944689,-34.93983309,169,87,2.7899999618530273,1776.0
2025-09-02T21:05:09Z,Run,2025-09-02 21:36:10+00:00,-8.04945056,-34.93982044,169,87,2.7899999618530273,1777.0
2025-09-02T21:05:09Z,Run,2025-09-02 21:36:11+00:00,-8.04945121,-34.93980177,171,87,2.7899999618530273,1778.0
2025-09-02T21:05:09Z,Run,2025-09-02 21:36:12+00:00,-8.04944856,-34.93977977,171,87,2.7799999713897705,1779.0
2025-09-02T21:05:09Z,Run,2025-09-02 21:36:13+00:00,-8.0494399,-34.9397551,170,87,2.7699999809265137,1780.0
2025-09-02T21:05:09Z,Run,2025-09-02 21:36:14+00:00,-8.04942957,-34.93973345,169,86,2.7699999809265137,1781.0
2025-09-02T21:05:09Z,Run,2025-09-02 21:36:15+00:00,-8.0494159,-34.93971745,169,86,2.759999990463257,1782.0
2025-09-02T21:05:09Z,Run,2025-09-02 21:36:16+00:00,-8.04940057,-34.93970846,169,86,2.759999990463257,1783.0
2025-09-02T21:05:09Z,Run,2025-09-02 21:36:17+00:00,-8.04938391,-34.93970547,169,86,2.75,1784.0
2025-09-02T21:05:09Z,Run,2025-09-02 21:36:18+00:00,-8.04936391,-34.93970679,169,87,2.740000009536743,1785.0
2025-09-02T21:05:09Z,Run,2025-09-02 21:36:19+00:00,-8.04934225,-34.93971212,170,87,2.7300000190734863,1786.0
2025-09-02T21:05:09Z,Run,2025-09-02 21:36:20+00:00,-8.04931992,-34.93972012,171,87,2.7200000286102295,1787.0
2025-09-02T21:05:09Z,Run,2025-09-02 21:36:21+00:00,-8.04929859,-34.93972911,170,87,2.7100000381469727,1788.0
2025-09-02T21:05:09Z,Run,2025-09-02 21:36:22+00:00,-8.0492786,-34.93974144,170,87,2.7100000381469727,1789.0
2025-09-02T21:05:09Z,Run,2025-09-02 21:36:23+00:00,-8.04925927,-34.93975377,169,87,2.7100000381469727,1790.0
2025-09-02T21:05:09Z,Run,2025-09-02 21:36:24+00:00,-8.04923861,-34.93976677,168,87,2.7100000381469727,1791.0
2025-09-02T21:05:09Z,Run,2025-09-02 21:36:25+00:00,-8.04921628,-34.93977909,167,87,2.700000047683716,1792.0
2025-09-02T21:05:09Z,Run,2025-09-02 21:36:26+00:00,-8.04919428,-34.93979075,168,87,2.690000057220459,1793.0
2025-09-02T21:05:09Z,Run,2025-09-02 21:36:27+00:00,-8.04917196,-34.93980175,168,87,2.690000057220459,1794.0
2025-09-02T21:05:09Z,Run,2025-09-02 21:36:28+00:00,-8.04914996,-34.93981141,168,87,2.690000057220459,1795.0
2025-09-02T21:05:09Z,Run,2025-09-02 21:36:29+00:00,-8.0491283,-34.93982241,169,87,2.690000057220459,1796.0
2025-09-02T21:05:09Z,Run,2025-09-02 21:36:30+00:00,-8.04910864,-34.93983406,170,87,2.690000057220459,1797.0
2025-09-02T21:05:09Z,Run,2025-09-02 21:36:31+00:00,-8.04909031,-34.93984606,169,87,2.680000066757202,1798.0
2025-09-02T21:05:09Z,Run,2025-09-02 21:36:32+00:00,-8.04907465,-34.93985605,169,87,2.6700000762939453,1799.0
2025-09-02T21:05:09Z,Run,2025-09-02 21:36:33+00:00,-8.04906266,-34.93986471,168,87,2.640000104904175,1800.0
2025-09-02T21:05:09Z,Run,2025-09-02 21:36:34+00:00,-8.04904999,-34.93987171,168,87,2.609999895095825,1801.0
2025-09-02T21:05:09Z,Run,2025-09-02 21:36:35+00:00,-8.04903833,-34.93987671,168,87,2.609999895095825,1802.0
2025-09-02T21:05:09Z,Run,2025-09-02 21:36:36+00:00,-8.04902567,-34.93988037,167,87,2.450000047683716,1803.0
2025-09-02T21:05:09Z,Run,2025-09-02 21:36:37+00:00,-8.04901368,-34.93988336,167,87,2.119999885559082,1804.0
2025-09-02T21:05:09Z,Run,2025-09-02 21:36:38+00:00,-8.04900269,-34.93988468,165,87,1.7000000476837158,1805.0
2025-09-02T21:05:09Z,Run,2025-09-02 21:36:39+00:00,-8.04899235,-34.93988568,163,87,1.3799999952316284,1806.0
2025-09-02T21:05:09Z,Run,2025-09-02 21:36:40+00:00,-8.04898103,-34.93988634,163,87,1.2899999618530273,1807.0
2025-09-02T21:05:09Z,Run,2025-09-02 21:36:41+00:00,-8.04896904,-34.93988568,163,87,1.2899999618530273,1808.0
2025-09-02T21:05:09Z,Run,2025-09-02 21:36:42+00:00,-8.04895605,-34.93988435,163,87,1.2200000286102295,1809.0
2025-09-02T21:05:09Z,Run,2025-09-02 21:36:43+00:00,-8.04894205,-34.93988269,163,87,1.1399999856948853,1810.0
2025-09-02T21:05:09Z,Run,2025-09-02 21:36:44+00:00,-8.04892905,-34.93988102,164,87,1.1299999952316284,1811.0
2025-09-02T21:05:09Z,Run,2025-09-02 21:36:45+00:00,-8.04891839,-34.9398807,166,87,1.1299999952316284,1812.0
2025-09-02T21:05:09Z,Run,2025-09-02 21:36:46+00:00,-8.04890607,-34.93987971,169,87,1.0800000429153442,1813.0
2025-09-02T21:05:09Z,Run,2025-09-02 21:36:47+00:00,-8.04889307,-34.93987804,169,87,1.0800000429153442,1814.0
2025-09-02T21:05:09Z,Run,2025-09-02 21:36:48+00:00,-8.04887875,-34.93987739,170,87,1.0700000524520874,1815.0
2025-09-02T21:05:09Z,Run,2025-09-02 21:36:49+00:00,-8.04886475,-34.93987871,167,31,1.159999966621399,1816.0
2025-09-02T21:05:09Z,Run,2025-09-02 21:36:50+00:00,-8.04885108,-34.93988071,166,31,1.25,1817.0
2025-09-02T21:05:09Z,Run,2025-09-02 21:36:51+00:00,-8.04883976,-34.93988304,166,30,1.309999942779541,1818.0
2025-09-02T21:05:09Z,Run,2025-09-02 21:36:52+00:00,-8.04882876,-34.93988571,165,30,1.2699999809265137,1819.0
2025-09-02T21:05:09Z,Run,2025-09-02 21:36:53+00:00,-8.0488181,-34.9398887,165,30,1.2699999809265137,1820.0
2025-09-02T21:05:09Z,Run,2025-09-02 21:36:54+00:00,-8.04880711,-34.93989103,164,30,1.2200000286102295,1821.0
2025-09-02T21:05:09Z,Run,2025-09-02 21:36:55+00:00,-8.04879411,-34.9398937,162,30,1.2100000381469727,1822.0
2025-09-02T21:05:09Z,Run,2025-09-02 21:36:56+00:00,-8.04878011,-34.93989569,158,30,1.2200000286102295,1823.0
2025-09-02T21:05:09Z,Run,2025-09-02 21:36:57+00:00,-8.04876645,-34.93989736,155,30,1.2200000286102295,1824.0
2025-09-02T21:05:09Z,Run,2025-09-02 21:36:58+00:00,-8.04875479,-34.93989868,153,30,1.2200000286102295,1825.0
2025-09-02T21:05:09Z,Run,2025-09-02 21:36:59+00:00,-8.0487438,-34.93989802,152,30,1.2100000381469727,1826.0
2025-09-02T21:05:09Z,Run,2025-09-02 21:37:00+00:00,-8.04873246,-34.93989936,152,30,1.2100000381469727,1827.0
2025-09-02T21:05:09Z,Run,2025-09-02 21:37:01+00:00,-8.0487208,-34.93990335,152,30,1.1699999570846558,1828.0
2025-09-02T21:05:09Z,Run,2025-09-02 21:37:02+00:00,-8.0487078,-34.93990934,152,30,1.2100000381469727,1829.0
2025-09-02T21:05:09Z,Run,2025-09-02 21:37:03+00:00,-8.04869381,-34.93991467,152,31,1.309999942779541,1830.0
2025-09-02T21:05:09Z,Run,2025-09-02 21:37:04+00:00,-8.04867814,-34.93991967,152,31,1.3200000524520874,1831.0
2025-09-02T21:05:09Z,Run,2025-09-02 21:37:05+00:00,-8.04866215,-34.93992167,151,31,1.3799999952316284,1832.0
2025-09-02T21:05:09Z,Run,2025-09-02 21:37:06+00:00,-8.04864649,-34.93992199,151,31,1.3799999952316284,1833.0
2025-09-02T21:05:09Z,Run,2025-09-02 21:37:07+00:00,-8.04863183,-34.93992298,152,31,1.440000057220459,1834.0
2025-09-02T21:05:09Z,Run,2025-09-02 21:37:08+00:00,-8.0486175,-34.93992498,154,31,1.4600000381469727,1835.0
2025-09-02T21:05:09Z,Run,2025-09-02 21:37:09+00:00,-8.04860385,-34.93992864,156,31,1.4299999475479126,1836.0
2025-09-02T21:05:09Z,Run,2025-09-02 21:37:10+00:00,-8.04858985,-34.93993431,158,31,1.4199999570846558,1837.0
2025-09-02T21:05:09Z,Run,2025-09-02 21:37:11+00:00,-8.04857685,-34.93994097,159,31,1.4199999570846558,1838.0
2025-09-02T21:05:09Z,Run,2025-09-02 21:37:12+00:00,-8.04856285,-34.93994863,159,31,1.4199999570846558,1839.0
2025-09-02T21:05:09Z,Run,2025-09-02 21:37:13+00:00,-8.04855152,-34.9399583,159,31,1.4299999475479126,1840.0
2025-09-02T21:05:09Z,Run,2025-09-02 21:37:14+00:00,-8.04854219,-34.93996695,159,31,1.4299999475479126,1841.0
2025-09-02T21:05:09Z,Run,2025-09-02 21:37:15+00:00,-8.0485322,-34.93997361,161,31,1.4299999475479126,1842.0
2025-09-02T21:05:09Z,Run,2025-09-02 21:37:16+00:00,-8.04852088,-34.93998061,160,31,1.440000057220459,1843.0
2025-09-02T21:05:09Z,Run,2025-09-02 21:37:17+00:00,-8.04850754,-34.93998628,157,31,1.440000057220459,1844.0
2025-09-02T21:05:09Z,Run,2025-09-02 21:37:18+00:00,-8.04849289,-34.93999093,157,31,1.440000057220459,1845.0
2025-09-02T21:05:09Z,Run,2025-09-02 21:37:19+00:00,-8.04847989,-34.9399956,156,31,1.440000057220459,1846.0
2025-09-02T21:05:09Z,Run,2025-09-02 21:37:20+00:00,-8.04846656,-34.93999892,155,31,1.440000057220459,1847.0
2025-09-02T21:05:09Z,Run,2025-09-02 21:37:21+00:00,-8.04845356,-34.94000191,154,31,1.440000057220459,1848.0
2025-09-02T21:05:09Z,Run,2025-09-02 21:37:22+00:00,-8.04844024,-34.94000425,153,31,1.440000057220459,1849.0
2025-09-02T21:05:09Z,Run,2025-09-02 21:37:23+00:00,-8.04842692,-34.94000824,151,31,1.4299999475479126,1850.0
2025-09-02T21:05:09Z,Run,2025-09-02 21:37:24+00:00,-8.04841259,-34.94001123,151,31,1.4299999475479126,1851.0
2025-09-02T21:05:09Z,Run,2025-09-02 21:37:25+00:00,-8.0483976,-34.94001489,149,32,1.4299999475479126,1852.0
2025-09-02T21:05:09Z,Run,2025-09-02 21:37:26+00:00,-8.0483846,-34.94001855,146,31,1.4299999475479126,1853.0
2025-09-02T21:05:09Z,Run,2025-09-02 21:37:27+00:00,-8.04837261,-34.94001954,144,31,1.4299999475479126,1854.0
2025-09-02T21:05:09Z,Run,2025-09-02 21:37:28+00:00,-8.04836196,-34.94001954,142,31,1.4199999570846558,1855.0
2025-09-02T21:05:09Z,Run,2025-09-02 21:37:29+00:00,-8.04835362,-34.94002154,142,31,1.4199999570846558,1856.0
2025-09-02T21:05:09Z,Run,2025-09-02 21:37:30+00:00,-8.04834563,-34.94002587,142,31,1.4199999570846558,1857.0
2025-09-02T21:05:09Z,Run,2025-09-02 21:37:31+00:00,-8.04833564,-34.94003086,142,31,1.4199999570846558,1858.0
2025-09-02T21:05:09Z,Run,2025-09-02 21:37:32+00:00,-8.04832498,-34.9400352,142,30,1.409999966621399,1859.0
2025-09-02T21:05:09Z,Run,2025-09-02 21:37:33+00:00,-8.04831299,-34.94004053,143,30,1.399999976158142,1860.0
2025-09-02T21:05:09Z,Run,2025-09-02 21:37:34+00:00,-8.0483,-34.94004886,144,31,1.3899999856948853,1861.0
2025-09-02T21:05:09Z,Run,2025-09-02 21:37:35+00:00,-8.04828801,-34.94006052,144,31,1.3799999952316284,1862.0
2025-09-02T21:05:09Z,Run,2025-09-02 21:37:36+00:00,-8.04827334,-34.94007152,144,31,1.3799999952316284,1863.0
2025-09-02T21:05:09Z,Run,2025-09-02 21:37:37+00:00,-8.04825901,-34.94008051,145,30,1.3700000047683716,1864.0
2025-09-02T21:05:09Z,Run,2025-09-02 21:37:38+00:00,-8.04824501,-34.94008784,151,31,1.3600000143051147,1865.0
2025-09-02T21:05:09Z,Run,2025-09-02 21:37:39+00:00,-8.04823302,-34.94009618,152,31,1.3600000143051147,1866.0
2025-09-02T21:05:09Z,Run,2025-09-02 21:37:40+00:00,-8.04822103,-34.94010483,153,31,1.3700000047683716,1867.0
2025-09-02T21:05:09Z,Run,2025-09-02 21:37:41+00:00,-8.04820804,-34.94011349,155,31,1.3799999952316284,1868.0
2025-09-02T21:05:09Z,Run,2025-09-02 21:37:42+00:00,-8.04819438,-34.94011981,155,31,1.3799999952316284,1869.0
2025-09-02T21:05:09Z,Run,2025-09-02 21:37:43+00:00,-8.04818038,-34.94012381,157,31,1.3899999856948853,1870.0
2025-09-02T21:05:09Z,Run,2025-09-02 21:37:44+00:00,-8.04816706,-34.94012747,160,31,1.3899999856948853,1871.0
2025-09-02T21:05:09Z,Run,2025-09-02 21:37:45+00:00,-8.04815539,-34.94012947,162,31,1.399999976158142,1872.0
2025-09-02T21:05:09Z,Run,2025-09-02 21:37:46+00:00,-8.04814373,-34.94013113,163,31,1.409999966621399,1873.0
2025-09-02T21:05:09Z,Run,2025-09-02 21:37:47+00:00,-8.04813207,-34.94013178,162,30,1.4199999570846558,1874.0
2025-09-02T21:05:09Z,Run,2025-09-02 21:37:48+00:00,-8.0481204,-34.94013178,157,31,1.4199999570846558,1875.0
2025-09-02T21:05:09Z,Run,2025-09-02 21:37:49+00:00,-8.04810708,-34.94013278,157,31,1.4199999570846558,1876.0
2025-09-02T21:05:09Z,Run,2025-09-02 21:37:50+00:00,-8.04809375,-34.94013477,154,32,1.4199999570846558,1877.0
2025-09-02T21:05:09Z,Run,2025-09-02 21:37:51+00:00,-8.04808109,-34.94013677,151,32,1.4199999570846558,1878.0
2025-09-02T21:05:09Z,Run,2025-09-02 21:37:52+00:00,-8.04806876,-34.94014043,151,32,1.4199999570846558,1879.0
2025-09-02T21:05:09Z,Run,2025-09-02 21:37:53+00:00,-8.0480571,-34.94014476,151,32,1.409999966621399,1880.0
2025-09-02T21:05:09Z,Run,2025-09-02 21:37:54+00:00,-8.04804611,-34.9401501,150,32,1.409999966621399,1881.0
2025-09-02T21:05:09Z,Run,2025-09-02 21:37:55+00:00,-8.04803577,-34.94015543,150,32,1.409999966621399,1882.0
2025-09-02T21:05:09Z,Run,2025-09-02 21:37:56+00:00,-8.04802677,-34.94016142,150,32,1.409999966621399,1883.0
2025-09-02T21:05:09Z,Run,2025-09-02 21:37:57+00:00,-8.04802012,-34.94017074,149,32,1.3700000047683716,1884.0
2025-09-02T21:05:09Z,Run,2025-09-02 21:37:58+00:00,-8.04801578,-34.94018341,149,32,1.340000033378601,1885.0
2025-09-02T21:05:09Z,Run,2025-09-02 21:37:59+00:00,-8.04801345,-34.94020008,148,32,1.340000033378601,1886.0
2025-09-02T21:05:09Z,Run,2025-09-02 21:38:00+00:00,-8.04801179,-34.94022007,148,32,1.350000023841858,1887.0
2025-09-02T21:05:09Z,Run,2025-09-02 21:38:01+00:00,-8.04801379,-34.94024306,148,32,1.350000023841858,1888.0
2025-09-02T21:05:09Z,Run,2025-09-02 21:38:02+00:00,-8.04801912,-34.94026305,148,32,1.440000057220459,1889.0
2025-09-02T21:05:09Z,Run,2025-09-02 21:38:03+00:00,-8.04802978,-34.94028004,148,32,1.6299999952316284,1890.0
2025-09-02T21:05:09Z,Run,2025-09-02 21:38:04+00:00,-8.04804245,-34.9402907,148,32,1.909999966621399,1891.0
2025-09-02T21:05:09Z,Run,2025-09-02 21:38:05+00:00,-8.04805977,-34.94029436,149,32,2.130000114440918,1892.0
2025-09-02T21:05:09Z,Run,2025-09-02 21:38:06+00:00,-8.04807876,-34.94029404,150,87,2.180000066757202,1893.0
2025-09-02T21:05:09Z,Run,2025-09-02 21:38:07+00:00,-8.0481011,-34.94028904,150,87,2.180000066757202,1894.0
2025-09-02T21:05:09Z,Run,2025-09-02 21:38:08+00:00,-8.04812409,-34.94028271,152,87,2.2799999713897705,1895.0
2025-09-02T21:05:09Z,Run,2025-09-02 21:38:09+00:00,-8.04814842,-34.94027538,152,88,2.4200000762939453,1896.0
2025-09-02T21:05:09Z,Run,2025-09-02 21:38:10+00:00,-8.04817309,-34.94026806,153,88,2.4800000190734863,1897.0
2025-09-02T21:05:09Z,Run,2025-09-02 21:38:11+00:00,-8.04819774,-34.94025839,153,88,2.5,1898.0
2025-09-02T21:05:09Z,Run,2025-09-02 21:38:12+00:00,-8.04822174,-34.94024773,154,88,2.609999895095825,1899.0
2025-09-02T21:05:09Z,Run,2025-09-02 21:38:13+00:00,-8.0482464,-34.9402384,154,88,2.609999895095825,1900.0
2025-09-02T21:05:09Z,Run,2025-09-02 21:38:14+00:00,-8.04827173,-34.94022941,153,88,2.7699999809265137,1901.0
2025-09-02T21:05:09Z,Run,2025-09-02 21:38:15+00:00,-8.04829672,-34.94022075,153,88,2.880000114440918,1902.0
2025-09-02T21:05:09Z,Run,2025-09-02 21:38:16+00:00,-8.04832071,-34.94021376,154,88,2.930000066757202,1903.0
2025-09-02T21:05:09Z,Run,2025-09-02 21:38:17+00:00,-8.04834605,-34.94020576,154,87,2.940000057220459,1904.0
2025-09-02T21:05:09Z,Run,2025-09-02 21:38:18+00:00,-8.04837304,-34.94019711,154,86,2.950000047683716,1905.0
2025-09-02T21:05:09Z,Run,2025-09-02 21:38:19+00:00,-8.04840036,-34.94018677,154,86,2.950000047683716,1906.0
2025-09-02T21:05:09Z,Run,2025-09-02 21:38:20+00:00,-8.04842803,-34.94017711,154,86,2.9700000286102295,1907.0
2025-09-02T21:05:09Z,Run,2025-09-02 21:38:21+00:00,-8.04845602,-34.94016878,154,86,3.0,1908.0
2025-09-02T21:05:09Z,Run,2025-09-02 21:38:22+00:00,-8.04848467,-34.94015912,154,87,3.049999952316284,1909.0
2025-09-02T21:05:09Z,Run,2025-09-02 21:38:23+00:00,-8.04851301,-34.94014912,154,87,3.130000114440918,1910.0
2025-09-02T21:05:09Z,Run,2025-09-02 21:38:24+00:00,-8.04854166,-34.94014013,154,87,3.190000057220459,1911.0
2025-09-02T21:05:09Z,Run,2025-09-02 21:38:25+00:00,-8.04857033,-34.94013114,154,87,3.190000057220459,1912.0
2025-09-02T21:05:09Z,Run,2025-09-02 21:38:26+00:00,-8.04859932,-34.94012047,155,87,3.240000009536743,1913.0
2025-09-02T21:05:09Z,Run,2025-09-02 21:38:27+00:00,-8.04862664,-34.94010981,156,87,3.2699999809265137,1914.0
2025-09-02T21:05:09Z,Run,2025-09-02 21:38:28+00:00,-8.04865331,-34.94009915,156,87,3.299999952316284,1915.0
2025-09-02T21:05:09Z,Run,2025-09-02 21:38:29+00:00,-8.04867964,-34.94009049,156,87,3.299999952316284,1916.0
2025-09-02T21:05:09Z,Run,2025-09-02 21:38:30+00:00,-8.0487053,-34.94008349,156,87,3.299999952316284,1917.0
2025-09-02T21:05:09Z,Run,2025-09-02 21:38:31+00:00,-8.04873296,-34.94007549,156,87,3.299999952316284,1918.0
2025-09-02T21:05:09Z,Run,2025-09-02 21:38:32+00:00,-8.04875862,-34.9400665,156,87,3.2799999713897705,1919.0
2025-09-02T21:05:09Z,Run,2025-09-02 21:38:33+00:00,-8.04878529,-34.94005718,155,87,3.25,1920.0
2025-09-02T21:05:09Z,Run,2025-09-02 21:38:34+00:00,-8.04880961,-34.94004918,155,86,3.2100000381469727,1921.0
2025-09-02T21:05:09Z,Run,2025-09-02 21:38:35+00:00,-8.04883428,-34.94004151,155,86,3.190000057220459,1922.0
2025-09-02T21:05:09Z,Run,2025-09-02 21:38:36+00:00,-8.04886028,-34.94003385,156,87,3.1700000762939453,1923.0
2025-09-02T21:05:09Z,Run,2025-09-02 21:38:37+00:00,-8.04888628,-34.94002585,156,87,3.1700000762939453,1924.0
2025-09-02T21:05:09Z,Run,2025-09-02 21:38:38+00:00,-8.04891261,-34.94001552,156,87,3.1600000858306885,1925.0
2025-09-02T21:05:09Z,Run,2025-09-02 21:38:39+00:00,-8.04893794,-34.9400042,155,87,3.1600000858306885,1926.0
2025-09-02T21:05:09Z,Run,2025-09-02 21:38:40+00:00,-8.0489636,-34.93999286,154,87,3.1600000858306885,1927.0
2025-09-02T21:05:09Z,Run,2025-09-02 21:38:41+00:00,-8.04898926,-34.93998186,154,87,3.1600000858306885,1928.0
2025-09-02T21:05:09Z,Run,2025-09-02 21:38:42+00:00,-8.04901626,-34.93997287,154,86,3.1600000858306885,1929.0
2025-09-02T21:05:09Z,Run,2025-09-02 21:38:43+00:00,-8.04904293,-34.93996554,154,87,3.1600000858306885,1930.0
2025-09-02T21:05:09Z,Run,2025-09-02 21:38:44+00:00,-8.04906992,-34.93995987,154,87,3.1600000858306885,1931.0
2025-09-02T21:05:09Z,Run,2025-09-02 21:38:45+00:00,-8.04909657,-34.93995255,154,87,3.1600000858306885,1932.0
2025-09-02T21:05:09Z,Run,2025-09-02 21:38:46+00:00,-8.0491229,-34.93994555,154,87,3.1600000858306885,1933.0
2025-09-02T21:05:09Z,Run,2025-09-02 21:38:47+00:00,-8.04914956,-34.93993788,154,87,3.1600000858306885,1934.0
2025-09-02T21:05:09Z,Run,2025-09-02 21:38:48+00:00,-8.04917655,-34.93993023,154,87,3.1600000858306885,1935.0
2025-09-02T21:05:09Z,Run,2025-09-02 21:38:49+00:00,-8.04920322,-34.93992189,154,86,3.1600000858306885,1936.0
2025-09-02T21:05:09Z,Run,2025-09-02 21:38:50+00:00,-8.04922922,-34.9399129,154,86,3.1600000858306885,1937.0
2025-09-02T21:05:09Z,Run,2025-09-02 21:38:51+00:00,-8.04925421,-34.93990257,154,86,3.1600000858306885,1938.0
2025-09-02T21:05:09Z,Run,2025-09-02 21:38:52+00:00,-8.04927888,-34.93989224,153,87,3.1600000858306885,1939.0
2025-09-02T21:05:09Z,Run,2025-09-02 21:38:53+00:00,-8.04930388,-34.93988191,153,87,3.1500000953674316,1940.0
2025-09-02T21:05:09Z,Run,2025-09-02 21:38:54+00:00,-8.0493292,-34.93987225,153,87,3.1500000953674316,1941.0
2025-09-02T21:05:09Z,Run,2025-09-02 21:38:55+00:00,-8.04935452,-34.93986391,153,87,3.1500000953674316,1942.0
2025-09-02T21:05:09Z,Run,2025-09-02 21:38:56+00:00,-8.04937986,-34.93985591,154,86,3.1500000953674316,1943.0
2025-09-02T21:05:09Z,Run,2025-09-02 21:38:57+00:00,-8.04940385,-34.93984491,155,86,3.140000104904175,1944.0
2025-09-02T21:05:09Z,Run,2025-09-02 21:38:58+00:00,-8.04942584,-34.93983226,155,86,3.140000104904175,1945.0
2025-09-02T21:05:09Z,Run,2025-09-02 21:38:59+00:00,-8.0494445,-34.93982027,155,87,3.140000104904175,1946.0
2025-09-02T21:05:09Z,Run,2025-09-02 21:39:00+00:00,-8.04945983,-34.93981093,156,87,3.130000114440918,1947.0
2025-09-02T21:05:09Z,Run,2025-09-02 21:39:01+00:00,-8.04947016,-34.93980061,156,87,3.130000114440918,1948.0
2025-09-02T21:05:09Z,Run,2025-09-02 21:39:02+00:00,-8.04947483,-34.93978761,156,88,3.119999885559082,1949.0
2025-09-02T21:05:09Z,Run,2025-09-02 21:39:03+00:00,-8.04947483,-34.93977194,157,87,3.109999895095825,1950.0
2025-09-02T21:05:09Z,Run,2025-09-02 21:39:04+00:00,-8.04946984,-34.93975562,157,87,3.0799999237060547,1951.0
2025-09-02T21:05:09Z,Run,2025-09-02 21:39:05+00:00,-8.0494605,-34.93974162,158,87,3.0399999618530273,1952.0
2025-09-02T21:05:09Z,Run,2025-09-02 21:39:06+00:00,-8.04944717,-34.93973095,159,87,2.509999990463257,1953.0
2025-09-02T21:05:09Z,Run,2025-09-02 21:39:07+00:00,-8.04942951,-34.93972395,159,87,2.509999990463257,1954.0
2025-09-02T21:05:09Z,Run,2025-09-02 21:39:08+00:00,-8.04940818,-34.93972096,160,87,2.0,1955.0
2025-09-02T21:05:09Z,Run,2025-09-02 21:39:09+00:00,-8.04938452,-34.93972263,161,87,2.0,1956.0
2025-09-02T21:05:09Z,Run,2025-09-02 21:39:10+00:00,-8.04933386,-34.93973462,162,87,2.25,1957.0
2025-09-02T21:05:09Z,Run,2025-09-02 21:39:11+00:00,-8.04930887,-34.93974462,162,88,2.380000114440918,1958.0
2025-09-02T21:05:09Z,Run,2025-09-02 21:39:12+00:00,-8.04928621,-34.93975694,162,88,2.380000114440918,1959.0
2025-09-02T21:05:09Z,Run,2025-09-02 21:39:13+00:00,-8.04926488,-34.93976927,162,88,2.630000114440918,1960.0
2025-09-02T21:05:09Z,Run,2025-09-02 21:39:14+00:00,-8.04924188,-34.93978193,162,88,2.819999933242798,1961.0
2025-09-02T21:05:09Z,Run,2025-09-02 21:39:15+00:00,-8.04921755,-34.93979692,162,88,2.869999885559082,1962.0
2025-09-02T21:05:09Z,Run,2025-09-02 21:39:16+00:00,-8.04919256,-34.93981292,162,88,2.9000000953674316,1963.0
2025-09-02T21:05:09Z,Run,2025-09-02 21:39:17+00:00,-8.04916656,-34.93982825,162,88,2.950000047683716,1964.0
2025-09-02T21:05:09Z,Run,2025-09-02 21:39:18+00:00,-8.0491399,-34.93984225,162,88,2.950000047683716,1965.0
2025-09-02T21:05:09Z,Run,2025-09-02 21:39:19+00:00,-8.04911357,-34.93985625,162,88,3.0,1966.0
2025-09-02T21:05:09Z,Run,2025-09-02 21:39:20+00:00,-8.04908925,-34.93986858,162,88,3.0199999809265137,1967.0
2025-09-02T21:05:09Z,Run,2025-09-02 21:39:21+00:00,-8.04906592,-34.93988024,161,89,3.049999952316284,1968.0
2025-09-02T21:05:09Z,Run,2025-09-02 21:39:22+00:00,-8.04904093,-34.9398909,161,88,3.0799999237060547,1969.0
2025-09-02T21:05:09Z,Run,2025-09-02 21:39:23+00:00,-8.04901259,-34.93990023,161,88,3.0799999237060547,1970.0
2025-09-02T21:05:09Z,Run,2025-09-02 21:39:24+00:00,-8.04898227,-34.93990722,161,88,3.069999933242798,1971.0
2025-09-02T21:05:09Z,Run,2025-09-02 21:39:25+00:00,-8.04895094,-34.93991055,161,88,3.069999933242798,1972.0
2025-09-02T21:05:09Z,Run,2025-09-02 21:39:26+00:00,-8.04891927,-34.93991521,162,88,3.059999942779541,1973.0
2025-09-02T21:05:09Z,Run,2025-09-02 21:39:27+00:00,-8.0488906,-34.93991921,163,88,3.059999942779541,1974.0
2025-09-02T21:05:09Z,Run,2025-09-02 21:39:28+00:00,-8.04886361,-34.93992186,164,88,3.069999933242798,1975.0
2025-09-02T21:05:09Z,Run,2025-09-02 21:39:29+00:00,-8.04883728,-34.93992285,166,88,3.0899999141693115,1976.0
2025-09-02T21:05:09Z,Run,2025-09-02 21:39:30+00:00,-8.04881062,-34.93992384,165,88,3.0899999141693115,1977.0
2025-09-02T21:05:09Z,Run,2025-09-02 21:39:31+00:00,-8.04878262,-34.93992618,165,88,3.0899999141693115,1978.0
2025-09-02T21:05:09Z,Run,2025-09-02 21:39:32+00:00,-8.04875363,-34.93992984,165,87,3.119999885559082,1979.0
2025-09-02T21:05:09Z,Run,2025-09-02 21:39:33+00:00,-8.04872563,-34.9399375,165,88,3.1600000858306885,1980.0
2025-09-02T21:05:09Z,Run,2025-09-02 21:39:34+00:00,-8.04869963,-34.93994683,165,88,3.1700000762939453,1981.0
2025-09-02T21:05:09Z,Run,2025-09-02 21:39:35+00:00,-8.04867397,-34.93995649,164,88,3.1500000953674316,1982.0
2025-09-02T21:05:09Z,Run,2025-09-02 21:39:36+00:00,-8.04864797,-34.93996482,164,88,3.140000104904175,1983.0
2025-09-02T21:05:09Z,Run,2025-09-02 21:39:37+00:00,-8.0486213,-34.93997348,164,88,3.140000104904175,1984.0
2025-09-02T21:05:09Z,Run,2025-09-02 21:39:38+00:00,-8.04859498,-34.93998181,164,88,3.140000104904175,1985.0
2025-09-02T21:05:09Z,Run,2025-09-02 21:39:39+00:00,-8.04857099,-34.93999147,164,88,3.140000104904175,1986.0
2025-09-02T21:05:09Z,Run,2025-09-02 21:39:40+00:00,-8.048547,-34.94000114,163,88,3.140000104904175,1987.0
2025-09-02T21:05:09Z,Run,2025-09-02 21:39:41+00:00,-8.04852333,-34.94001046,163,87,3.140000104904175,1988.0
2025-09-02T21:05:09Z,Run,2025-09-02 21:39:42+00:00,-8.04850033,-34.94001879,164,86,3.140000104904175,1989.0
2025-09-02T21:05:09Z,Run,2025-09-02 21:39:43+00:00,-8.04847734,-34.94002613,164,86,3.140000104904175,1990.0
2025-09-02T21:05:09Z,Run,2025-09-02 21:39:44+00:00,-8.04845401,-34.94003245,164,86,3.130000114440918,1991.0
2025-09-02T21:05:09Z,Run,2025-09-02 21:39:45+00:00,-8.04843068,-34.94003978,165,87,3.119999885559082,1992.0
2025-09-02T21:05:09Z,Run,2025-09-02 21:39:46+00:00,-8.04840702,-34.94004778,165,88,3.109999895095825,1993.0
2025-09-02T21:05:09Z,Run,2025-09-02 21:39:47+00:00,-8.04838335,-34.94005744,166,88,3.0999999046325684,1994.0
2025-09-02T21:05:09Z,Run,2025-09-02 21:39:48+00:00,-8.04836035,-34.94006844,166,88,3.0799999237060547,1995.0
2025-09-02T21:05:09Z,Run,2025-09-02 21:39:49+00:00,-8.04833736,-34.94008076,166,88,3.0799999237060547,1996.0
2025-09-02T21:05:09Z,Run,2025-09-02 21:39:50+00:00,-8.04831503,-34.9400941,166,88,3.069999933242798,1997.0
2025-09-02T21:05:09Z,Run,2025-09-02 21:39:51+00:00,-8.04829304,-34.94010776,166,87,3.059999942779541,1998.0
2025-09-02T21:05:09Z,Run,2025-09-02 21:39:52+00:00,-8.0482707,-34.94012009,167,87,3.0399999618530273,1999.0
2025-09-02T21:05:09Z,Run,2025-09-02 21:39:53+00:00,-8.04824704,-34.94013141,167,87,3.0299999713897705,2000.0
2025-09-02T21:05:09Z,Run,2025-09-02 21:39:54+00:00,-8.04822171,-34.94014108,168,88,3.0299999713897705,2001.0
2025-09-02T21:05:09Z,Run,2025-09-02 21:39:55+00:00,-8.04819638,-34.9401504,168,88,3.0299999713897705,2002.0
2025-09-02T21:05:09Z,Run,2025-09-02 21:39:56+00:00,-8.04817206,-34.94015873,168,88,3.0199999809265137,2003.0
2025-09-02T21:05:09Z,Run,2025-09-02 21:39:57+00:00,-8.04814672,-34.94016707,168,88,3.009999990463257,2004.0
2025-09-02T21:05:09Z,Run,2025-09-02 21:39:58+00:00,-8.0481214,-34.9401754,167,88,3.009999990463257,2005.0
2025-09-02T21:05:09Z,Run,2025-09-02 21:39:59+00:00,-8.04809807,-34.94018607,166,88,3.0,2006.0
2025-09-02T21:05:09Z,Run,2025-09-02 21:40:00+00:00,-8.04807674,-34.94019739,165,88,3.0,2007.0
2025-09-02T21:05:09Z,Run,2025-09-02 21:40:01+00:00,-8.04805875,-34.94021005,165,88,3.0,2008.0
2025-09-02T21:05:09Z,Run,2025-09-02 21:40:02+00:00,-8.04804442,-34.94022338,164,88,2.990000009536743,2009.0
2025-09-02T21:05:09Z,Run,2025-09-02 21:40:03+00:00,-8.0480341,-34.94023804,164,88,2.990000009536743,2010.0
2025-09-02T21:05:09Z,Run,2025-09-02 21:40:04+00:00,-8.04802776,-34.9402547,164,87,2.990000009536743,2011.0
2025-09-02T21:05:09Z,Run,2025-09-02 21:40:05+00:00,-8.0480241,-34.94027304,164,88,2.9800000190734863,2012.0
2025-09-02T21:05:09Z,Run,2025-09-02 21:40:06+00:00,-8.04802443,-34.94029103,163,88,2.9600000381469727,2013.0
2025-09-02T21:05:09Z,Run,2025-09-02 21:40:07+00:00,-8.04802942,-34.94030635,163,88,2.9600000381469727,2014.0
2025-09-02T21:05:09Z,Run,2025-09-02 21:40:08+00:00,-8.04803941,-34.94031635,163,88,2.940000057220459,2015.0
2025-09-02T21:05:09Z,Run,2025-09-02 21:40:09+00:00,-8.04805441,-34.94032135,162,88,2.9100000858306885,2016.0
2025-09-02T21:05:09Z,Run,2025-09-02 21:40:10+00:00,-8.0480714,-34.94032201,161,88,2.5299999713897705,2017.0
2025-09-02T21:05:09Z,Run,2025-09-02 21:40:11+00:00,-8.04809006,-34.94031835,161,88,2.180000066757202,2018.0
2025-09-02T21:05:09Z,Run,2025-09-02 21:40:12+00:00,-8.04810971,-34.94031168,161,89,2.180000066757202,2019.0
2025-09-02T21:05:09Z,Run,2025-09-02 21:40:13+00:00,-8.04813104,-34.94030102,161,89,2.180000066757202,2020.0
2025-09-02T21:05:09Z,Run,2025-09-02 21:40:14+00:00,-8.04815237,-34.94028836,160,89,2.200000047683716,2021.0
2025-09-02T21:05:09Z,Run,2025-09-02 21:40:15+00:00,-8.0481747,-34.94027536,160,88,2.2100000381469727,2022.0
2025-09-02T21:05:09Z,Run,2025-09-02 21:40:16+00:00,-8.04819703,-34.94026404,161,88,2.2899999618530273,2023.0
2025-09-02T21:05:09Z,Run,2025-09-02 21:40:17+00:00,-8.04822036,-34.94025371,162,88,2.450000047683716,2024.0
2025-09-02T21:05:09Z,Run,2025-09-02 21:40:18+00:00,-8.04824435,-34.94024371,162,89,2.5899999141693115,2025.0
2025-09-02T21:05:09Z,Run,2025-09-02 21:40:19+00:00,-8.04826834,-34.94023338,162,89,2.5899999141693115,2026.0
2025-09-02T21:05:09Z,Run,2025-09-02 21:40:20+00:00,-8.048294,-34.94022272,163,88,2.7200000286102295,2027.0
2025-09-02T21:05:09Z,Run,2025-09-02 21:40:21+00:00,-8.04832,-34.94021239,165,88,2.799999952316284,2028.0
2025-09-02T21:05:09Z,Run,2025-09-02 21:40:22+00:00,-8.04834566,-34.94020239,165,88,2.8399999141693115,2029.0
2025-09-02T21:05:09Z,Run,2025-09-02 21:40:23+00:00,-8.04837099,-34.9401934,165,88,2.890000104904175,2030.0
2025-09-02T21:05:09Z,Run,2025-09-02 21:40:24+00:00,-8.04839699,-34.94018374,165,88,2.9200000762939453,2031.0
2025-09-02T21:05:09Z,Run,2025-09-02 21:40:25+00:00,-8.04842232,-34.94017341,165,88,2.9200000762939453,2032.0
2025-09-02T21:05:09Z,Run,2025-09-02 21:40:26+00:00,-8.04844832,-34.94016409,164,89,2.9600000381469727,2033.0
2025-09-02T21:05:09Z,Run,2025-09-02 21:40:27+00:00,-8.04847464,-34.94015543,164,89,2.990000009536743,2034.0
2025-09-02T21:05:09Z,Run,2025-09-02 21:40:28+00:00,-8.04850097,-34.94014743,164,88,2.990000009536743,2035.0
2025-09-02T21:05:09Z,Run,2025-09-02 21:40:29+00:00,-8.04852629,-34.94013976,164,87,2.990000009536743,2036.0
2025-09-02T21:05:09Z,Run,2025-09-02 21:40:30+00:00,-8.04855129,-34.9401321,164,87,2.990000009536743,2037.0
2025-09-02T21:05:09Z,Run,2025-09-02 21:40:31+00:00,-8.04857695,-34.94012344,164,87,2.990000009536743,2038.0
2025-09-02T21:05:09Z,Run,2025-09-02 21:40:32+00:00,-8.04860261,-34.94011545,164,88,2.9800000190734863,2039.0
2025-09-02T21:05:09Z,Run,2025-09-02 21:40:33+00:00,-8.04862561,-34.94010912,165,89,2.9700000286102295,2040.0
2025-09-02T21:05:09Z,Run,2025-09-02 21:40:34+00:00,-8.0486496,-34.94010213,165,89,2.950000047683716,2041.0
2025-09-02T21:05:09Z,Run,2025-09-02 21:40:35+00:00,-8.04867294,-34.9400958,165,89,2.940000057220459,2042.0
2025-09-02T21:05:09Z,Run,2025-09-02 21:40:36+00:00,-8.04869726,-34.94008914,165,88,2.9200000762939453,2043.0
2025-09-02T21:05:09Z,Run,2025-09-02 21:40:37+00:00,-8.04872159,-34.94008215,165,88,2.9200000762939453,2044.0
2025-09-02T21:05:09Z,Run,2025-09-02 21:40:38+00:00,-8.04874726,-34.94007515,165,88,2.890000104904175,2045.0
2025-09-02T21:05:09Z,Run,2025-09-02 21:40:39+00:00,-8.04877192,-34.94006782,165,88,2.869999885559082,2046.0
2025-09-02T21:05:09Z,Run,2025-09-02 21:40:40+00:00,-8.04879492,-34.94006082,166,88,2.859999895095825,2047.0
2025-09-02T21:05:09Z,Run,2025-09-02 21:40:41+00:00,-8.04881725,-34.94005316,165,87,2.8399999141693115,2048.0
2025-09-02T21:05:09Z,Run,2025-09-02 21:40:42+00:00,-8.04884158,-34.94004583,165,87,2.8399999141693115,2049.0
2025-09-02T21:05:09Z,Run,2025-09-02 21:40:43+00:00,-8.04886324,-34.94003883,165,87,2.8399999141693115,2050.0
2025-09-02T21:05:09Z,Run,2025-09-02 21:40:44+00:00,-8.04888691,-34.94003118,165,88,2.809999942779541,2051.0
2025-09-02T21:05:09Z,Run,2025-09-02 21:40:45+00:00,-8.04890856,-34.94002418,164,89,2.7799999713897705,2052.0
2025-09-02T21:05:09Z,Run,2025-09-02 21:40:46+00:00,-8.04893122,-34.94001584,164,89,2.7699999809265137,2053.0
2025-09-02T21:05:09Z,Run,2025-09-02 21:40:47+00:00,-8.04895388,-34.94000685,164,89,2.7699999809265137,2054.0
2025-09-02T21:05:09Z,Run,2025-09-02 21:40:48+00:00,-8.04897587,-34.93999719,164,89,2.7699999809265137,2055.0
2025-09-02T21:05:09Z,Run,2025-09-02 21:40:49+00:00,-8.04899853,-34.9399882,164,89,2.7699999809265137,2056.0
2025-09-02T21:05:09Z,Run,2025-09-02 21:40:50+00:00,-8.04902086,-34.93998087,164,89,2.7699999809265137,2057.0
2025-09-02T21:05:09Z,Run,2025-09-02 21:40:51+00:00,-8.04904319,-34.93997488,164,89,2.759999990463257,2058.0
2025-09-02T21:05:09Z,Run,2025-09-02 21:40:52+00:00,-8.04906552,-34.93996923,165,88,2.759999990463257,2059.0
2025-09-02T21:05:09Z,Run,2025-09-02 21:40:53+00:00,-8.04908886,-34.93996389,165,88,2.75,2060.0
2025-09-02T21:05:09Z,Run,2025-09-02 21:40:54+00:00,-8.04911218,-34.93995589,165,88,2.740000009536743,2061.0
2025-09-02T21:05:09Z,Run,2025-09-02 21:40:55+00:00,-8.04913518,-34.93994556,165,88,2.7300000190734863,2062.0
2025-09-02T21:05:09Z,Run,2025-09-02 21:40:56+00:00,-8.04915917,-34.93993324,165,88,2.7300000190734863,2063.0
2025-09-02T21:05:09Z,Run,2025-09-02 21:40:57+00:00,-8.04918517,-34.93991757,164,88,2.7300000190734863,2064.0
2025-09-02T21:05:09Z,Run,2025-09-02 21:40:58+00:00,-8.04921184,-34.93990258,163,88,2.7300000190734863,2065.0
2025-09-02T21:05:09Z,Run,2025-09-02 21:40:59+00:00,-8.04923849,-34.93988925,163,88,2.7300000190734863,2066.0
2025-09-02T21:05:09Z,Run,2025-09-02 21:41:00+00:00,-8.04926383,-34.93987791,163,89,2.7300000190734863,2067.0
2025-09-02T21:05:09Z,Run,2025-09-02 21:41:01+00:00,-8.04928915,-34.93986792,163,88,2.7300000190734863,2068.0
2025-09-02T21:05:09Z,Run,2025-09-02 21:41:02+00:00,-8.04931614,-34.93986259,163,88,2.7300000190734863,2069.0
2025-09-02T21:05:09Z,Run,2025-09-02 21:41:03+00:00,-8.04934346,-34.93985559,163,88,2.740000009536743,2070.0
2025-09-02T21:05:09Z,Run,2025-09-02 21:41:04+00:00,-8.04937013,-34.93984792,163,88,2.75,2071.0
2025-09-02T21:05:09Z,Run,2025-09-02 21:41:05+00:00,-8.04939579,-34.93983927,163,88,2.759999990463257,2072.0
2025-09-02T21:05:09Z,Run,2025-09-02 21:41:06+00:00,-8.04941779,-34.93982961,163,88,2.7699999809265137,2073.0
2025-09-02T21:05:09Z,Run,2025-09-02 21:41:07+00:00,-8.04943644,-34.93982062,164,88,2.7699999809265137,2074.0
2025-09-02T21:05:09Z,Run,2025-09-02 21:41:08+00:00,-8.04945111,-34.93981262,164,88,2.7699999809265137,2075.0
2025-09-02T21:05:09Z,Run,2025-09-02 21:41:09+00:00,-8.04945977,-34.93980295,163,88,2.7799999713897705,2076.0
2025-09-02T21:05:09Z,Run,2025-09-02 21:41:10+00:00,-8.04946476,-34.93978963,163,88,2.7799999713897705,2077.0
2025-09-02T21:05:09Z,Run,2025-09-02 21:41:11+00:00,-8.04946476,-34.93977231,164,86,2.7699999809265137,2078.0
2025-09-02T21:05:09Z,Run,2025-09-02 21:41:12+00:00,-8.04946177,-34.93975264,165,86,2.75,2079.0
2025-09-02T21:05:09Z,Run,2025-09-02 21:41:13+00:00,-8.0494561,-34.93973464,166,86,2.7300000190734863,2080.0
2025-09-02T21:05:09Z,Run,2025-09-02 21:41:14+00:00,-8.0494471,-34.93972165,166,86,2.7300000190734863,2081.0
2025-09-02T21:05:09Z,Run,2025-09-02 21:41:15+00:00,-8.04943211,-34.93971198,167,87,2.3499999046325684,2082.0
2025-09-02T21:05:09Z,Run,2025-09-02 21:41:16+00:00,-8.04941279,-34.93970899,167,87,2.0199999809265137,2083.0
2025-09-02T21:05:09Z,Run,2025-09-02 21:41:17+00:00,-8.04939145,-34.93970932,167,87,2.049999952316284,2084.0
2025-09-02T21:05:09Z,Run,2025-09-02 21:41:18+00:00,-8.04937013,-34.93971264,167,88,2.0299999713897705,2085.0
2025-09-02T21:05:09Z,Run,2025-09-02 21:41:19+00:00,-8.04934846,-34.93971863,167,88,2.069999933242798,2086.0
2025-09-02T21:05:09Z,Run,2025-09-02 21:41:20+00:00,-8.04932981,-34.93972996,167,88,2.069999933242798,2087.0
2025-09-02T21:05:09Z,Run,2025-09-02 21:41:21+00:00,-8.04931014,-34.93974229,167,88,2.1700000762939453,2088.0
2025-09-02T21:05:09Z,Run,2025-09-02 21:41:22+00:00,-8.04928982,-34.93975394,166,88,2.2100000381469727,2089.0
2025-09-02T21:05:09Z,Run,2025-09-02 21:41:23+00:00,-8.04926849,-34.93976494,166,88,2.2799999713897705,2090.0
2025-09-02T21:05:09Z,Run,2025-09-02 21:41:24+00:00,-8.04924649,-34.93977528,166,88,2.4100000858306885,2091.0
2025-09-02T21:05:09Z,Run,2025-09-02 21:41:25+00:00,-8.0492235,-34.93978527,167,88,2.5,2092.0
2025-09-02T21:05:09Z,Run,2025-09-02 21:41:26+00:00,-8.0492015,-34.93979593,167,89,2.569999933242798,2093.0
2025-09-02T21:05:09Z,Run,2025-09-02 21:41:27+00:00,-8.04917951,-34.93980859,167,89,2.569999933242798,2094.0
2025-09-02T21:05:09Z,Run,2025-09-02 21:41:28+00:00,-8.04915819,-34.93982126,166,88,2.619999885559082,2095.0
2025-09-02T21:05:09Z,Run,2025-09-02 21:41:29+00:00,-8.04913619,-34.93983325,166,87,2.6600000858306885,2096.0
2025-09-02T21:05:09Z,Run,2025-09-02 21:41:30+00:00,-8.04911387,-34.93984358,167,88,2.700000047683716,2097.0
2025-09-02T21:05:09Z,Run,2025-09-02 21:41:31+00:00,-8.04909053,-34.93985357,168,88,2.700000047683716,2098.0
2025-09-02T21:05:09Z,Run,2025-09-02 21:41:32+00:00,-8.04906687,-34.93986324,168,88,2.700000047683716,2099.0
2025-09-02T21:05:09Z,Run,2025-09-02 21:41:33+00:00,-8.0490422,-34.93987189,168,88,2.700000047683716,2100.0
2025-09-02T21:05:09Z,Run,2025-09-02 21:41:34+00:00,-8.04901688,-34.93987989,168,89,2.7100000381469727,2101.0
2025-09-02T21:05:09Z,Run,2025-09-02 21:41:35+00:00,-8.04899055,-34.93988688,168,89,2.7100000381469727,2102.0
2025-09-02T21:05:09Z,Run,2025-09-02 21:41:36+00:00,-8.04896289,-34.93989522,168,89,2.7100000381469727,2103.0
2025-09-02T21:05:09Z,Run,2025-09-02 21:41:37+00:00,-8.04893622,-34.93990355,168,88,2.740000009536743,2104.0
2025-09-02T21:05:09Z,Run,2025-09-02 21:41:38+00:00,-8.04891123,-34.93991055,168,88,2.7699999809265137,2105.0
2025-09-02T21:05:09Z,Run,2025-09-02 21:41:39+00:00,-8.0488859,-34.93991787,168,88,2.7699999809265137,2106.0
2025-09-02T21:05:09Z,Run,2025-09-02 21:41:40+00:00,-8.04886157,-34.93992587,168,88,2.799999952316284,2107.0
2025-09-02T21:05:09Z,Run,2025-09-02 21:41:41+00:00,-8.04883758,-34.93993687,168,88,2.809999942779541,2108.0
2025-09-02T21:05:09Z,Run,2025-09-02 21:41:42+00:00,-8.04881359,-34.93994853,169,88,2.819999933242798,2109.0
2025-09-02T21:05:09Z,Run,2025-09-02 21:41:43+00:00,-8.04879093,-34.93995985,169,88,2.8399999141693115,2110.0
2025-09-02T21:05:09Z,Run,2025-09-02 21:41:44+00:00,-8.04877094,-34.93997151,169,89,2.8399999141693115,2111.0
2025-09-02T21:05:09Z,Run,2025-09-02 21:41:45+00:00,-8.04875028,-34.93998351,169,89,2.8399999141693115,2112.0
2025-09-02T21:05:09Z,Run,2025-09-02 21:41:46+00:00,-8.04872895,-34.9399935,170,87,2.8299999237060547,2113.0
2025-09-02T21:05:09Z,Run,2025-09-02 21:41:47+00:00,-8.04870496,-34.9400015,170,86,2.809999942779541,2114.0
2025-09-02T21:05:09Z,Run,2025-09-02 21:41:48+00:00,-8.0486793,-34.94000782,170,86,2.799999952316284,2115.0
2025-09-02T21:05:09Z,Run,2025-09-02 21:41:49+00:00,-8.04865263,-34.94001282,170,87,2.799999952316284,2116.0
2025-09-02T21:05:09Z,Run,2025-09-02 21:41:50+00:00,-8.04862731,-34.94001716,170,88,2.799999952316284,2117.0
2025-09-02T21:05:09Z,Run,2025-09-02 21:41:51+00:00,-8.04860231,-34.94002281,170,88,2.799999952316284,2118.0
2025-09-02T21:05:09Z,Run,2025-09-02 21:41:52+00:00,-8.04857865,-34.94002914,170,88,2.799999952316284,2119.0
2025-09-02T21:05:09Z,Run,2025-09-02 21:41:53+00:00,-8.048554,-34.94003646,168,87,2.799999952316284,2120.0
2025-09-02T21:05:09Z,Run,2025-09-02 21:41:54+00:00,-8.048529,-34.94004379,168,88,2.799999952316284,2121.0
2025-09-02T21:05:09Z,Run,2025-09-02 21:41:55+00:00,-8.04850467,-34.94005179,168,88,2.7899999618530273,2122.0
2025-09-02T21:05:09Z,Run,2025-09-02 21:41:56+00:00,-8.04848001,-34.94005912,168,88,2.7899999618530273,2123.0
2025-09-02T21:05:09Z,Run,2025-09-02 21:41:57+00:00,-8.04845602,-34.94006612,168,88,2.7899999618530273,2124.0
2025-09-02T21:05:09Z,Run,2025-09-02 21:41:58+00:00,-8.04843103,-34.94007277,168,88,2.7899999618530273,2125.0
2025-09-02T21:05:09Z,Run,2025-09-02 21:41:59+00:00,-8.04840536,-34.94007977,168,88,2.7799999713897705,2126.0
2025-09-02T21:05:09Z,Run,2025-09-02 21:42:00+00:00,-8.0483807,-34.94008777,168,88,2.7799999713897705,2127.0
2025-09-02T21:05:09Z,Run,2025-09-02 21:42:01+00:00,-8.04835704,-34.9400981,168,88,2.7799999713897705,2128.0
2025-09-02T21:05:09Z,Run,2025-09-02 21:42:02+00:00,-8.04833504,-34.9401101,168,88,2.7799999713897705,2129.0
2025-09-02T21:05:09Z,Run,2025-09-02 21:42:03+00:00,-8.04831305,-34.94012175,168,88,2.7799999713897705,2130.0
2025-09-02T21:05:09Z,Run,2025-09-02 21:42:04+00:00,-8.04829138,-34.94013341,168,88,2.7799999713897705,2131.0
2025-09-02T21:05:09Z,Run,2025-09-02 21:42:05+00:00,-8.04826906,-34.94014408,168,87,2.7799999713897705,2132.0
2025-09-02T21:05:09Z,Run,2025-09-02 21:42:06+00:00,-8.04824506,-34.9401534,168,88,2.7799999713897705,2133.0
2025-09-02T21:05:09Z,Run,2025-09-02 21:42:07+00:00,-8.0482204,-34.94016306,168,88,2.7799999713897705,2134.0
2025-09-02T21:05:09Z,Run,2025-09-02 21:42:08+00:00,-8.04819507,-34.94017106,168,87,2.7899999618530273,2135.0
2025-09-02T21:05:09Z,Run,2025-09-02 21:42:09+00:00,-8.0481704,-34.94017971,168,88,2.7899999618530273,2136.0
2025-09-02T21:05:09Z,Run,2025-09-02 21:42:10+00:00,-8.04814508,-34.94018671,168,88,2.7899999618530273,2137.0
2025-09-02T21:05:09Z,Run,2025-09-02 21:42:11+00:00,-8.04812041,-34.94019238,168,88,2.7899999618530273,2138.0
2025-09-02T21:05:09Z,Run,2025-09-02 21:42:12+00:00,-8.04809742,-34.94019971,168,87,2.7899999618530273,2139.0
2025-09-02T21:05:09Z,Run,2025-09-02 21:42:13+00:00,-8.04807642,-34.94020604,168,87,2.799999952316284,2140.0
2025-09-02T21:05:09Z,Run,2025-09-02 21:42:14+00:00,-8.04805909,-34.94021404,168,88,2.799999952316284,2141.0
2025-09-02T21:05:09Z,Run,2025-09-02 21:42:15+00:00,-8.04804509,-34.94022403,169,88,2.799999952316284,2142.0
2025-09-02T21:05:09Z,Run,2025-09-02 21:42:16+00:00,-8.0480351,-34.94023568,169,88,2.799999952316284,2143.0
2025-09-02T21:05:09Z,Run,2025-09-02 21:42:17+00:00,-8.0480281,-34.94024835,168,88,2.799999952316284,2144.0
2025-09-02T21:05:09Z,Run,2025-09-02 21:42:18+00:00,-8.04802577,-34.94026367,169,88,2.7899999618530273,2145.0
2025-09-02T21:05:09Z,Run,2025-09-02 21:42:19+00:00,-8.04803043,-34.94027934,170,88,2.7699999809265137,2146.0
2025-09-02T21:05:09Z,Run,2025-09-02 21:42:20+00:00,-8.04804076,-34.94029301,171,88,2.759999990463257,2147.0
2025-09-02T21:05:09Z,Run,2025-09-02 21:42:21+00:00,-8.04805509,-34.940302,172,88,2.7300000190734863,2148.0
2025-09-02T21:05:09Z,Run,2025-09-02 21:42:22+00:00,-8.04807309,-34.94030599,172,88,2.7300000190734863,2149.0
2025-09-02T21:05:09Z,Run,2025-09-02 21:42:23+00:00,-8.04809242,-34.940305,172,88,2.7100000381469727,2150.0
2025-09-02T21:05:09Z,Run,2025-09-02 21:42:24+00:00,-8.04811241,-34.94029966,171,88,2.440000057220459,2151.0
2025-09-02T21:05:09Z,Run,2025-09-02 21:42:25+00:00,-8.04813273,-34.94029233,172,88,2.200000047683716,2152.0
2025-09-02T21:05:09Z,Run,2025-09-02 21:42:26+00:00,-8.04815472,-34.94028534,173,87,2.240000009536743,2153.0
2025-09-02T21:05:09Z,Run,2025-09-02 21:42:27+00:00,-8.04817772,-34.94027568,174,87,2.2899999618530273,2154.0
2025-09-02T21:05:09Z,Run,2025-09-02 21:42:28+00:00,-8.04820072,-34.94026302,174,87,2.2899999618530273,2155.0
2025-09-02T21:05:09Z,Run,2025-09-02 21:42:29+00:00,-8.04822338,-34.94024935,174,88,2.390000104904175,2156.0
2025-09-02T21:05:09Z,Run,2025-09-02 21:42:30+00:00,-8.04824704,-34.94023503,174,88,2.5,2157.0
2025-09-02T21:05:09Z,Run,2025-09-02 21:42:31+00:00,-8.04827037,-34.94022169,174,88,2.609999895095825,2158.0
2025-09-02T21:05:09Z,Run,2025-09-02 21:42:32+00:00,-8.04829403,-34.94021103,175,88,2.7300000190734863,2159.0
2025-09-02T21:05:09Z,Run,2025-09-02 21:42:33+00:00,-8.04831836,-34.9402027,175,88,2.799999952316284,2160.0
2025-09-02T21:05:09Z,Run,2025-09-02 21:42:34+00:00,-8.04834035,-34.94019737,175,88,2.799999952316284,2161.0
2025-09-02T21:05:09Z,Run,2025-09-02 21:42:35+00:00,-8.04836202,-34.94019138,175,88,2.8299999237060547,2162.0
2025-09-02T21:05:09Z,Run,2025-09-02 21:42:36+00:00,-8.04838435,-34.94018471,175,88,2.8299999237060547,2163.0
2025-09-02T21:05:09Z,Run,2025-09-02 21:42:37+00:00,-8.04840734,-34.94017506,176,88,2.809999942779541,2164.0
2025-09-02T21:05:09Z,Run,2025-09-02 21:42:38+00:00,-8.04842901,-34.94016406,175,87,2.799999952316284,2165.0
2025-09-02T21:05:09Z,Run,2025-09-02 21:42:39+00:00,-8.04844733,-34.94015139,175,88,2.7899999618530273,2166.0
2025-09-02T21:05:09Z,Run,2025-09-02 21:42:40+00:00,-8.04846065,-34.94013873,175,88,2.7899999618530273,2167.0
2025-09-02T21:05:09Z,Run,2025-09-02 21:42:41+00:00,-8.04846899,-34.94012473,176,88,2.7699999809265137,2168.0
2025-09-02T21:05:09Z,Run,2025-09-02 21:42:42+00:00,-8.04847331,-34.94010873,176,87,2.75,2169.0
2025-09-02T21:05:09Z,Run,2025-09-02 21:42:43+00:00,-8.04847331,-34.94009141,175,87,2.5999999046325684,2170.0
2025-09-02T21:05:09Z,Run,2025-09-02 21:42:44+00:00,-8.04846931,-34.94007375,176,87,2.390000104904175,2171.0
2025-09-02T21:05:09Z,Run,2025-09-02 21:42:45+00:00,-8.04846199,-34.94005542,176,87,2.25,2172.0
2025-09-02T21:05:09Z,Run,2025-09-02 21:42:46+00:00,-8.04845065,-34.9400381,176,87,2.25,2173.0
2025-09-02T21:05:09Z,Run,2025-09-02 21:42:47+00:00,-8.04843733,-34.94002143,176,88,2.2300000190734863,2174.0
2025-09-02T21:05:09Z,Run,2025-09-02 21:42:48+00:00,-8.04842167,-34.94000944,177,88,2.2799999713897705,2175.0
2025-09-02T21:05:09Z,Run,2025-09-02 21:42:49+00:00,-8.04840468,-34.94000278,177,88,2.259999990463257,2176.0
2025-09-02T21:05:09Z,Run,2025-09-02 21:42:50+00:00,-8.04838735,-34.94000112,177,88,2.259999990463257,2177.0
2025-09-02T21:05:09Z,Run,2025-09-02 21:42:51+00:00,-8.04836968,-34.94000544,177,88,2.2699999809265137,2178.0
2025-09-02T21:05:09Z,Run,2025-09-02 21:42:52+00:00,-8.04835102,-34.94001211,177,88,2.2699999809265137,2179.0
2025-09-02T21:05:09Z,Run,2025-09-02 21:42:53+00:00,-8.04833169,-34.9400221,178,87,2.2899999618530273,2180.0
2025-09-02T21:05:09Z,Run,2025-09-02 21:42:54+00:00,-8.04831137,-34.94003476,178,87,2.319999933242798,2181.0
2025-09-02T21:05:09Z,Run,2025-09-02 21:42:55+00:00,-8.04828904,-34.94004876,178,87,2.3399999141693115,2182.0
2025-09-02T21:05:09Z,Run,2025-09-02 21:42:56+00:00,-8.0482657,-34.94006276,178,88,2.359999895095825,2183.0
2025-09-02T21:05:09Z,Run,2025-09-02 21:42:57+00:00,-8.04824204,-34.94007475,177,88,2.430000066757202,2184.0
2025-09-02T21:05:09Z,Run,2025-09-02 21:42:58+00:00,-8.0482167,-34.94008442,177,88,2.430000066757202,2185.0
2025-09-02T21:05:09Z,Run,2025-09-02 21:42:59+00:00,-8.04819105,-34.94009208,176,88,2.5799999237060547,2186.0
2025-09-02T21:05:09Z,Run,2025-09-02 21:43:00+00:00,-8.04816671,-34.94009807,176,88,2.680000066757202,2187.0
2025-09-02T21:05:09Z,Run,2025-09-02 21:43:01+00:00,-8.04814305,-34.9401044,175,88,2.700000047683716,2188.0
2025-09-02T21:05:09Z,Run,2025-09-02 21:43:02+00:00,-8.04812072,-34.94011206,173,89,2.7100000381469727,2189.0
2025-09-02T21:05:09Z,Run,2025-09-02 21:43:03+00:00,-8.04809972,-34.94011972,173,88,2.7200000286102295,2190.0
2025-09-02T21:05:09Z,Run,2025-09-02 21:43:04+00:00,-8.0480794,-34.94013006,173,88,2.7200000286102295,2191.0
2025-09-02T21:05:09Z,Run,2025-09-02 21:43:05+00:00,-8.04806007,-34.94014171,173,87,2.7300000190734863,2192.0
2025-09-02T21:05:09Z,Run,2025-09-02 21:43:06+00:00,-8.04804141,-34.94015471,171,87,2.7300000190734863,2193.0
2025-09-02T21:05:09Z,Run,2025-09-02 21:43:07+00:00,-8.04802408,-34.94016937,172,87,2.7300000190734863,2194.0
2025-09-02T21:05:09Z,Run,2025-09-02 21:43:08+00:00,-8.04800742,-34.94018604,172,88,2.7300000190734863,2195.0
2025-09-02T21:05:09Z,Run,2025-09-02 21:43:09+00:00,-8.04799342,-34.94020503,172,87,2.7300000190734863,2196.0
2025-09-02T21:05:09Z,Run,2025-09-02 21:43:10+00:00,-8.04798143,-34.94022603,172,87,2.7300000190734863,2197.0
2025-09-02T21:05:09Z,Run,2025-09-02 21:43:11+00:00,-8.04797011,-34.94024836,172,87,2.7300000190734863,2198.0
2025-09-02T21:05:09Z,Run,2025-09-02 21:43:12+00:00,-8.04796011,-34.94027002,172,87,2.7300000190734863,2199.0
2025-09-02T21:05:09Z,Run,2025-09-02 21:43:13+00:00,-8.04795245,-34.94029202,172,88,2.7300000190734863,2200.0
2025-09-02T21:05:09Z,Run,2025-09-02 21:43:14+00:00,-8.04794612,-34.94031402,172,88,2.7200000286102295,2201.0
2025-09-02T21:05:09Z,Run,2025-09-02 21:43:15+00:00,-8.04794079,-34.94033602,172,88,2.7200000286102295,2202.0
2025-09-02T21:05:09Z,Run,2025-09-02 21:43:16+00:00,-8.04793714,-34.94035835,171,88,2.7200000286102295,2203.0
2025-09-02T21:05:09Z,Run,2025-09-02 21:43:17+00:00,-8.04793447,-34.94038002,171,88,2.7200000286102295,2204.0
2025-09-02T21:05:09Z,Run,2025-09-02 21:43:18+00:00,-8.04793281,-34.94040034,171,88,2.7200000286102295,2205.0
2025-09-02T21:05:09Z,Run,2025-09-02 21:43:19+00:00,-8.04792982,-34.94041866,171,88,2.7100000381469727,2206.0
2025-09-02T21:05:09Z,Run,2025-09-02 21:43:20+00:00,-8.04792549,-34.94043466,172,88,2.6500000953674316,2207.0
2025-09-02T21:05:09Z,Run,2025-09-02 21:43:21+00:00,-8.0479215,-34.940448,172,88,2.569999933242798,2208.0
2025-09-02T21:05:09Z,Run,2025-09-02 21:43:22+00:00,-8.0479195,-34.94045932,173,88,2.4800000190734863,2209.0
2025-09-02T21:05:09Z,Run,2025-09-02 21:43:23+00:00,-8.0479185,-34.94047032,173,88,2.4800000190734863,2210.0
2025-09-02T21:05:09Z,Run,2025-09-02 21:43:24+00:00,-8.04791883,-34.94048132,173,88,2.2899999618530273,2211.0
2025-09-02T21:05:09Z,Run,2025-09-02 21:43:25+00:00,-8.04791949,-34.94050164,172,88,1.6200000047683716,2212.0
2025-09-02T21:05:09Z,Run,2025-09-02 21:43:26+00:00,-8.04791916,-34.94050897,170,88,1.2699999809265137,2213.0
2025-09-02T21:05:09Z,Run,2025-09-02 21:43:27+00:00,-8.04791716,-34.94051663,166,88,1.0800000429153442,2214.0
2025-09-02T21:05:09Z,Run,2025-09-02 21:43:28+00:00,-8.0479105,-34.94052463,166,88,1.0800000429153442,2215.0
2025-09-02T21:05:09Z,Run,2025-09-02 21:43:29+00:00,-8.04789984,-34.94053163,167,88,1.0099999904632568,2216.0
2025-09-02T21:05:09Z,Run,2025-09-02 21:43:30+00:00,-8.04788918,-34.94053729,171,88,1.0,2217.0
2025-09-02T21:05:09Z,Run,2025-09-02 21:43:31+00:00,-8.04787719,-34.94054329,175,88,1.0,2218.0
2025-09-02T21:05:09Z,Run,2025-09-02 21:43:32+00:00,-8.0478662,-34.94054896,177,88,1.0499999523162842,2219.0
2025-09-02T21:05:09Z,Run,2025-09-02 21:43:33+00:00,-8.04785554,-34.94055461,179,88,1.1200000047683716,2220.0
2025-09-02T21:05:09Z,Run,2025-09-02 21:43:34+00:00,-8.04784387,-34.94056094,179,88,1.1200000047683716,2221.0
2025-09-02T21:05:09Z,Run,2025-09-02 21:43:35+00:00,-8.04783288,-34.94056759,180,88,1.2000000476837158,2222.0
2025-09-02T21:05:09Z,Run,2025-09-02 21:43:36+00:00,-8.04782155,-34.94057358,179,88,1.2599999904632568,2223.0
2025-09-02T21:05:09Z,Run,2025-09-02 21:43:37+00:00,-8.04781023,-34.94057758,180,88,1.2799999713897705,2224.0
2025-09-02T21:05:09Z,Run,2025-09-02 21:43:38+00:00,-8.04779756,-34.94057857,182,88,1.2799999713897705,2225.0
2025-09-02T21:05:09Z,Run,2025-09-02 21:43:39+00:00,-8.04778424,-34.94057725,177,88,1.2699999809265137,2226.0
2025-09-02T21:05:09Z,Run,2025-09-02 21:43:40+00:00,-8.04777191,-34.94057558,177,88,1.2699999809265137,2227.0
2025-09-02T21:05:09Z,Run,2025-09-02 21:43:41+00:00,-8.04775825,-34.94057358,180,88,1.2799999713897705,2228.0
2025-09-02T21:05:09Z,Run,2025-09-02 21:43:42+00:00,-8.04774459,-34.94057159,178,88,1.2799999713897705,2229.0
2025-09-02T21:05:09Z,Run,2025-09-02 21:43:43+00:00,-8.04773059,-34.94057127,176,88,1.2699999809265137,2230.0
2025-09-02T21:05:09Z,Run,2025-09-02 21:43:44+00:00,-8.04771526,-34.94057226,175,31,1.2599999904632568,2231.0
2025-09-02T21:05:09Z,Run,2025-09-02 21:43:45+00:00,-8.04770027,-34.94057325,176,30,1.25,2232.0
2025-09-02T21:05:09Z,Run,2025-09-02 21:43:46+00:00,-8.04768393,-34.94057425,176,30,1.25,2233.0
2025-09-02T21:05:09Z,Run,2025-09-02 21:43:47+00:00,-8.04766827,-34.94057624,179,31,1.2699999809265137,2234.0
2025-09-02T21:05:09Z,Run,2025-09-02 21:43:48+00:00,-8.04765361,-34.94057824,182,31,1.340000033378601,2235.0
2025-09-02T21:05:09Z,Run,2025-09-02 21:43:49+00:00,-8.04764061,-34.94057957,181,31,1.440000057220459,2236.0
2025-09-02T21:05:09Z,Run,2025-09-02 21:43:50+00:00,-8.04762794,-34.9405799,179,31,1.5,2237.0
2025-09-02T21:05:09Z,Run,2025-09-02 21:43:51+00:00,-8.04761595,-34.94057923,179,31,1.5,2238.0
2025-09-02T21:05:09Z,Run,2025-09-02 21:43:52+00:00,-8.04760429,-34.94057791,179,31,1.5,2239.0
2025-09-02T21:05:09Z,Run,2025-09-02 21:43:53+00:00,-8.0475943,-34.94057658,179,31,1.5,2240.0
2025-09-02T21:05:09Z,Run,2025-09-02 21:43:54+00:00,-8.04758631,-34.94057525,176,31,1.4800000190734863,2241.0
2025-09-02T21:05:09Z,Run,2025-09-02 21:43:55+00:00,-8.04757997,-34.94057392,175,31,1.399999976158142,2242.0
2025-09-02T21:05:09Z,Run,2025-09-02 21:43:56+00:00,-8.04757331,-34.94057293,175,31,1.3200000524520874,2243.0
2025-09-02T21:05:09Z,Run,2025-09-02 21:43:57+00:00,-8.04756631,-34.9405716,175,31,1.2599999904632568,2244.0
2025-09-02T21:05:09Z,Run,2025-09-02 21:43:58+00:00,-8.04755765,-34.94057027,175,31,1.2599999904632568,2245.0
2025-09-02T21:05:09Z,Run,2025-09-02 21:43:59+00:00,-8.04754766,-34.94056828,178,31,1.2300000190734863,2246.0
2025-09-02T21:05:09Z,Run,2025-09-02 21:44:00+00:00,-8.04753634,-34.94056595,180,30,1.2100000381469727,2247.0
2025-09-02T21:05:09Z,Run,2025-09-02 21:44:01+00:00,-8.04752467,-34.94056262,178,30,1.2000000476837158,2248.0
2025-09-02T21:05:09Z,Run,2025-09-02 21:44:02+00:00,-8.04751235,-34.94055829,176,30,1.2000000476837158,2249.0
2025-09-02T21:05:09Z,Run,2025-09-02 21:44:03+00:00,-8.04749901,-34.94055296,174,30,1.190000057220459,2250.0
2025-09-02T21:05:09Z,Run,2025-09-02 21:44:04+00:00,-8.04748301,-34.9405463,174,30,1.190000057220459,2251.0
2025-09-02T21:05:09Z,Run,2025-09-02 21:44:05+00:00,-8.04746635,-34.9405383,173,30,1.190000057220459,2252.0
2025-09-02T21:05:09Z,Run,2025-09-02 21:44:06+00:00,-8.04745069,-34.94053164,174,30,1.2000000476837158,2253.0
2025-09-02T21:05:09Z,Run,2025-09-02 21:44:07+00:00,-8.0474357,-34.94052531,174,30,1.2100000381469727,2254.0
2025-09-02T21:05:09Z,Run,2025-09-02 21:44:08+00:00,-8.04742238,-34.94052099,175,30,1.2300000190734863,2255.0
2025-09-02T21:05:09Z,Run,2025-09-02 21:44:09+00:00,-8.04741071,-34.94051832,178,30,1.25,2256.0
2025-09-02T21:05:09Z,Run,2025-09-02 21:44:10+00:00,-8.04739905,-34.94051699,178,30,1.25,2257.0
2025-09-02T21:05:09Z,Run,2025-09-02 21:44:11+00:00,-8.04738805,-34.94051533,178,30,1.2699999809265137,2258.0
2025-09-02T21:05:09Z,Run,2025-09-02 21:44:12+00:00,-8.0473774,-34.94051234,177,30,1.2899999618530273,2259.0
2025-09-02T21:05:09Z,Run,2025-09-02 21:44:13+00:00,-8.04736573,-34.94050901,177,30,1.2999999523162842,2260.0
2025-09-02T21:05:09Z,Run,2025-09-02 21:44:14+00:00,-8.04735173,-34.94050802,176,30,1.309999942779541,2261.0
2025-09-02T21:05:09Z,Run,2025-09-02 21:44:15+00:00,-8.04733707,-34.94050802,176,30,1.309999942779541,2262.0
2025-09-02T21:05:09Z,Run,2025-09-02 21:44:16+00:00,-8.04732174,-34.94050736,176,30,1.309999942779541,2263.0
2025-09-02T21:05:09Z,Run,2025-09-02 21:44:17+00:00,-8.04730475,-34.94050736,176,30,1.309999942779541,2264.0
2025-09-02T21:05:09Z,Run,2025-09-02 21:44:18+00:00,-8.04728808,-34.9405067,177,30,1.309999942779541,2265.0
2025-09-02T21:05:09Z,Run,2025-09-02 21:44:19+00:00,-8.04727309,-34.94050504,176,30,1.3200000524520874,2266.0
2025-09-02T21:05:09Z,Run,2025-09-02 21:44:20+00:00,-8.04726043,-34.94050237,175,30,1.3300000429153442,2267.0
2025-09-02T21:05:09Z,Run,2025-09-02 21:44:21+00:00,-8.04725109,-34.94050037,174,30,1.3300000429153442,2268.0
2025-09-02T21:05:09Z,Run,2025-09-02 21:44:22+00:00,-8.0472421,-34.94049605,174,30,1.3300000429153442,2269.0
2025-09-02T21:05:09Z,Run,2025-09-02 21:44:23+00:00,-8.04723277,-34.94049371,174,30,1.340000033378601,2270.0
2025-09-02T21:05:09Z,Run,2025-09-02 21:44:24+00:00,-8.04722278,-34.94049306,170,30,1.350000023841858,2271.0
2025-09-02T21:05:09Z,Run,2025-09-02 21:44:25+00:00,-8.04721212,-34.94049273,169,30,1.350000023841858,2272.0
2025-09-02T21:05:09Z,Run,2025-09-02 21:44:26+00:00,-8.04720013,-34.94049207,169,32,1.350000023841858,2273.0
2025-09-02T21:05:09Z,Run,2025-09-02 21:44:27+00:00,-8.04718748,-34.94049074,169,32,1.350000023841858,2274.0
2025-09-02T21:05:09Z,Run,2025-09-02 21:44:28+00:00,-8.04717381,-34.94048908,169,32,1.350000023841858,2275.0
2025-09-02T21:05:09Z,Run,2025-09-02 21:44:29+00:00,-8.04716015,-34.94048709,168,32,1.340000033378601,2276.0
2025-09-02T21:05:09Z,Run,2025-09-02 21:44:30+00:00,-8.0471455,-34.94048109,170,31,1.340000033378601,2277.0
2025-09-02T21:05:09Z,Run,2025-09-02 21:44:31+00:00,-8.04713051,-34.94047343,171,31,1.340000033378601,2278.0
2025-09-02T21:05:09Z,Run,2025-09-02 21:44:32+00:00,-8.04711517,-34.94046676,174,31,1.3300000429153442,2279.0
2025-09-02T21:05:09Z,Run,2025-09-02 21:44:33+00:00,-8.04710052,-34.94046211,175,31,1.340000033378601,2280.0
2025-09-02T21:05:09Z,Run,2025-09-02 21:44:34+00:00,-8.04708686,-34.94046011,175,31,1.340000033378601,2281.0
2025-09-02T21:05:09Z,Run,2025-09-02 21:44:35+00:00,-8.04707386,-34.94045912,172,31,1.340000033378601,2282.0
2025-09-02T21:05:09Z,Run,2025-09-02 21:44:36+00:00,-8.04706187,-34.94045977,171,31,1.340000033378601,2283.0
2025-09-02T21:05:09Z,Run,2025-09-02 21:44:37+00:00,-8.04705021,-34.9404611,171,31,1.350000023841858,2284.0
2025-09-02T21:05:09Z,Run,2025-09-02 21:44:38+00:00,-8.04703822,-34.94046343,170,31,1.3600000143051147,2285.0
2025-09-02T21:05:09Z,Run,2025-09-02 21:44:39+00:00,-8.04702656,-34.94046476,168,31,1.3600000143051147,2286.0
2025-09-02T21:05:09Z,Run,2025-09-02 21:44:40+00:00,-8.04701457,-34.94046343,168,31,1.3600000143051147,2287.0
2025-09-02T21:05:09Z,Run,2025-09-02 21:44:41+00:00,-8.04700224,-34.94046211,167,31,1.3600000143051147,2288.0
2025-09-02T21:05:09Z,Run,2025-09-02 21:44:42+00:00,-8.04698958,-34.94046077,165,30,1.3600000143051147,2289.0
2025-09-02T21:05:09Z,Run,2025-09-02 21:44:43+00:00,-8.04697691,-34.94045912,165,30,1.3600000143051147,2290.0
2025-09-02T21:05:09Z,Run,2025-09-02 21:44:44+00:00,-8.04696325,-34.94045745,165,30,1.3600000143051147,2291.0
2025-09-02T21:05:09Z,Run,2025-09-02 21:44:45+00:00,-8.04695092,-34.94045713,166,30,1.3600000143051147,2292.0
2025-09-02T21:05:09Z,Run,2025-09-02 21:44:46+00:00,-8.04693826,-34.9404568,165,30,1.3600000143051147,2293.0
2025-09-02T21:05:09Z,Run,2025-09-02 21:44:47+00:00,-8.0469246,-34.94045415,165,30,1.3600000143051147,2294.0
2025-09-02T21:05:09Z,Run,2025-09-02 21:44:48+00:00,-8.0469136,-34.94045116,163,30,1.3600000143051147,2295.0
2025-09-02T21:05:09Z,Run,2025-09-02 21:44:49+00:00,-8.04690361,-34.94044616,162,30,1.350000023841858,2296.0
2025-09-02T21:05:09Z,Run,2025-09-02 21:44:50+00:00,-8.04689461,-34.94044217,162,30,1.350000023841858,2297.0
2025-09-02T21:05:09Z,Run,2025-09-02 21:44:51+00:00,-8.04688495,-34.9404385,162,30,1.350000023841858,2298.0
2025-09-02T21:05:09Z,Run,2025-09-02 21:44:52+00:00,-8.04687429,-34.94043351,162,30,1.350000023841858,2299.0
2025-09-02T21:05:09Z,Run,2025-09-02 21:44:53+00:00,-8.04686196,-34.94042818,162,30,1.340000033378601,2300.0
2025-09-02T21:05:09Z,Run,2025-09-02 21:44:54+00:00,-8.04684896,-34.94042251,161,30,1.340000033378601,2301.0
2025-09-02T21:05:09Z,Run,2025-09-02 21:44:55+00:00,-8.0468353,-34.94041718,160,31,1.3300000429153442,2302.0
2025-09-02T21:05:09Z,Run,2025-09-02 21:44:56+00:00,-8.04682231,-34.94041085,160,31,1.3300000429153442,2303.0
2025-09-02T21:05:09Z,Run,2025-09-02 21:44:57+00:00,-8.04680965,-34.94040319,160,31,1.3300000429153442,2304.0
2025-09-02T21:05:09Z,Run,2025-09-02 21:44:58+00:00,-8.04679832,-34.94039652,160,31,1.3300000429153442,2305.0
2025-09-02T21:05:09Z,Run,2025-09-02 21:44:59+00:00,-8.04678766,-34.94039085,160,31,1.3300000429153442,2306.0
2025-09-02T21:05:09Z,Run,2025-09-02 21:45:00+00:00,-8.04677832,-34.94038653,161,31,1.340000033378601,2307.0
2025-09-02T21:05:09Z,Run,2025-09-02 21:45:01+00:00,-8.046769,-34.94038186,162,31,1.350000023841858,2308.0
2025-09-02T21:05:09Z,Run,2025-09-02 21:45:02+00:00,-8.04676034,-34.94037953,162,31,1.350000023841858,2309.0
2025-09-02T21:05:09Z,Run,2025-09-02 21:45:03+00:00,-8.04675168,-34.94038053,162,31,1.3600000143051147,2310.0
2025-09-02T21:05:09Z,Run,2025-09-02 21:45:04+00:00,-8.04674234,-34.94038352,162,31,1.3600000143051147,2311.0
2025-09-02T21:05:09Z,Run,2025-09-02 21:45:05+00:00,-8.04673269,-34.94038551,163,31,1.3600000143051147,2312.0
2025-09-02T21:05:09Z,Run,2025-09-02 21:45:06+00:00,-8.04672103,-34.94038651,164,31,1.3600000143051147,2313.0
2025-09-02T21:05:09Z,Run,2025-09-02 21:45:07+00:00,-8.04670836,-34.9403875,164,31,1.350000023841858,2314.0
2025-09-02T21:05:09Z,Run,2025-09-02 21:45:08+00:00,-8.0466927,-34.94038816,163,31,1.350000023841858,2315.0
2025-09-02T21:05:09Z,Run,2025-09-02 21:45:09+00:00,-8.04667571,-34.9403875,163,31,1.350000023841858,2316.0
2025-09-02T21:05:09Z,Run,2025-09-02 21:45:10+00:00,-8.04665804,-34.9403875,163,31,1.340000033378601,2317.0
2025-09-02T21:05:09Z,Run,2025-09-02 21:45:11+00:00,-8.04664037,-34.94038718,163,31,1.340000033378601,2318.0
2025-09-02T21:05:09Z,Run,2025-09-02 21:45:12+00:00,-8.04662304,-34.94038685,163,31,1.340000033378601,2319.0
2025-09-02T21:05:09Z,Run,2025-09-02 21:45:13+00:00,-8.04660638,-34.94038653,163,32,1.340000033378601,2320.0
2025-09-02T21:05:09Z,Run,2025-09-02 21:45:14+00:00,-8.04659072,-34.9403852,163,31,1.350000023841858,2321.0
2025-09-02T21:05:09Z,Run,2025-09-02 21:45:15+00:00,-8.04657639,-34.94038487,163,31,1.350000023841858,2322.0
2025-09-02T21:05:09Z,Run,2025-09-02 21:45:16+00:00,-8.04656374,-34.94038487,163,31,1.3600000143051147,2323.0
2025-09-02T21:05:09Z,Run,2025-09-02 21:45:17+00:00,-8.04655107,-34.94038355,163,31,1.3600000143051147,2324.0
2025-09-02T21:05:09Z,Run,2025-09-02 21:45:18+00:00,-8.04653908,-34.94037989,163,31,1.3700000047683716,2325.0
2025-09-02T21:05:09Z,Run,2025-09-02 21:45:19+00:00,-8.04652675,-34.94037556,163,31,1.3700000047683716,2326.0
2025-09-02T21:05:09Z,Run,2025-09-02 21:45:20+00:00,-8.04651509,-34.94037056,163,31,1.3799999952316284,2327.0
2025-09-02T21:05:09Z,Run,2025-09-02 21:45:21+00:00,-8.0465031,-34.94036489,162,31,1.3799999952316284,2328.0
2025-09-02T21:05:09Z,Run,2025-09-02 21:45:22+00:00,-8.04649143,-34.94035857,161,31,1.3799999952316284,2329.0
2025-09-02T21:05:09Z,Run,2025-09-02 21:45:23+00:00,-8.04647977,-34.94035191,161,31,1.3799999952316284,2330.0
2025-09-02T21:05:09Z,Run,2025-09-02 21:45:24+00:00,-8.04646944,-34.94034458,159,31,1.3799999952316284,2331.0
2025-09-02T21:05:09Z,Run,2025-09-02 21:45:25+00:00,-8.04646012,-34.94033792,159,31,1.3799999952316284,2332.0
2025-09-02T21:05:09Z,Run,2025-09-02 21:45:26+00:00,-8.04644979,-34.94033126,158,31,1.3799999952316284,2333.0
2025-09-02T21:05:09Z,Run,2025-09-02 21:45:27+00:00,-8.04643812,-34.9403246,158,30,1.3799999952316284,2334.0
2025-09-02T21:05:09Z,Run,2025-09-02 21:45:28+00:00,-8.04642412,-34.94032027,158,30,1.3799999952316284,2335.0
2025-09-02T21:05:09Z,Run,2025-09-02 21:45:29+00:00,-8.0464098,-34.94031793,158,30,1.3799999952316284,2336.0
2025-09-02T21:05:09Z,Run,2025-09-02 21:45:30+00:00,-8.04639813,-34.94031728,158,30,1.3799999952316284,2337.0
2025-09-02T21:05:09Z,Run,2025-09-02 21:45:31+00:00,-8.04638847,-34.94031728,158,30,1.3799999952316284,2338.0
2025-09-02T21:05:09Z,Run,2025-09-02 21:45:32+00:00,-8.04638147,-34.94031595,158,30,1.3799999952316284,2339.0
2025-09-02T21:05:09Z,Run,2025-09-02 21:45:33+00:00,-8.04637481,-34.94031429,159,30,1.3799999952316284,2340.0
2025-09-02T21:05:09Z,Run,2025-09-02 21:45:34+00:00,-8.04636748,-34.94031263,158,32,1.3700000047683716,2341.0
2025-09-02T21:05:09Z,Run,2025-09-02 21:45:35+00:00,-8.04635848,-34.94031096,158,32,1.3700000047683716,2342.0
2025-09-02T21:05:09Z,Run,2025-09-02 21:45:36+00:00,-8.04634883,-34.94030731,156,33,1.3700000047683716,2343.0
2025-09-02T21:05:09Z,Run,2025-09-02 21:45:37+00:00,-8.04633749,-34.94030264,155,32,1.3600000143051147,2344.0
2025-09-02T21:05:09Z,Run,2025-09-02 21:45:38+00:00,-8.04632384,-34.94029932,155,32,1.340000033378601,2345.0
2025-09-02T21:05:09Z,Run,2025-09-02 21:45:39+00:00,-8.04631117,-34.94029498,155,32,1.3300000429153442,2346.0
2025-09-02T21:05:09Z,Run,2025-09-02 21:45:40+00:00,-8.0462985,-34.94029033,156,32,1.3200000524520874,2347.0
2025-09-02T21:05:09Z,Run,2025-09-02 21:45:41+00:00,-8.04628617,-34.94028799,156,32,1.3200000524520874,2348.0
2025-09-02T21:05:09Z,Run,2025-09-02 21:45:42+00:00,-8.04627385,-34.94028699,156,32,1.3200000524520874,2349.0
2025-09-02T21:05:09Z,Run,2025-09-02 21:45:43+00:00,-8.04626151,-34.940286,155,32,1.3200000524520874,2350.0
2025-09-02T21:05:09Z,Run,2025-09-02 21:45:44+00:00,-8.04624852,-34.94028501,156,32,1.3200000524520874,2351.0
2025-09-02T21:05:09Z,Run,2025-09-02 21:45:45+00:00,-8.04623552,-34.94028335,156,32,1.3200000524520874,2352.0
2025-09-02T21:05:09Z,Run,2025-09-02 21:45:46+00:00,-8.04622087,-34.94028135,157,31,1.3200000524520874,2353.0
2025-09-02T21:05:09Z,Run,2025-09-02 21:45:47+00:00,-8.0462032,-34.94027636,157,31,1.3200000524520874,2354.0
2025-09-02T21:05:09Z,Run,2025-09-02 21:45:48+00:00,-8.04618621,-34.94026969,158,29,1.3300000429153442,2355.0
2025-09-02T21:05:09Z,Run,2025-09-02 21:45:49+00:00,-8.04616888,-34.94026303,158,31,1.3300000429153442,2356.0
2025-09-02T21:05:09Z,Run,2025-09-02 21:45:50+00:00,-8.04615254,-34.94025637,157,31,1.3300000429153442,2357.0
2025-09-02T21:05:09Z,Run,2025-09-02 21:45:51+00:00,-8.04613789,-34.94025038,155,30,1.340000033378601,2358.0
2025-09-02T21:05:09Z,Run,2025-09-02 21:45:52+00:00,-8.04612522,-34.94024505,153,31,1.350000023841858,2359.0
2025-09-02T21:05:09Z,Run,2025-09-02 21:45:53+00:00,-8.04611423,-34.94023839,153,31,1.350000023841858,2360.0
2025-09-02T21:05:09Z,Run,2025-09-02 21:45:54+00:00,-8.0461049,-34.94023106,153,32,1.3600000143051147,2361.0
2025-09-02T21:05:09Z,Run,2025-09-02 21:45:55+00:00,-8.04609657,-34.9402234,153,33,1.3700000047683716,2362.0
2025-09-02T21:05:09Z,Run,2025-09-02 21:45:56+00:00,-8.04608757,-34.94021573,153,33,1.3799999952316284,2363.0
2025-09-02T21:05:09Z,Run,2025-09-02 21:45:57+00:00,-8.04607724,-34.94020874,153,33,1.3799999952316284,2364.0
2025-09-02T21:05:09Z,Run,2025-09-02 21:45:58+00:00,-8.04606457,-34.94020341,154,33,1.3700000047683716,2365.0
2025-09-02T21:05:09Z,Run,2025-09-02 21:45:59+00:00,-8.04605125,-34.94020008,154,33,1.3700000047683716,2366.0
2025-09-02T21:05:09Z,Run,2025-09-02 21:46:00+00:00,-8.04603959,-34.94019675,154,33,1.3700000047683716,2367.0
2025-09-02T21:05:09Z,Run,2025-09-02 21:46:01+00:00,-8.04602859,-34.94019276,155,33,1.3700000047683716,2368.0
2025-09-02T21:05:09Z,Run,2025-09-02 21:46:02+00:00,-8.04601794,-34.94019009,156,33,1.3600000143051147,2369.0
2025-09-02T21:05:09Z,Run,2025-09-02 21:46:03+00:00,-8.04600827,-34.9401871,156,33,1.3600000143051147,2370.0
2025-09-02T21:05:09Z,Run,2025-09-02 21:46:04+00:00,-8.04599994,-34.94018311,157,33,1.3600000143051147,2371.0
2025-09-02T21:05:09Z,Run,2025-09-02 21:46:05+00:00,-8.04599128,-34.94017711,157,33,1.3600000143051147,2372.0
2025-09-02T21:05:09Z,Run,2025-09-02 21:46:06+00:00,-8.04597962,-34.94016979,157,29,1.3600000143051147,2373.0
2025-09-02T21:05:09Z,Run,2025-09-02 21:46:07+00:00,-8.04596596,-34.94016146,157,26,1.350000023841858,2374.0
2025-09-02T21:05:09Z,Run,2025-09-02 21:46:08+00:00,-8.04595062,-34.94015146,157,26,1.350000023841858,2375.0
2025-09-02T21:05:09Z,Run,2025-09-02 21:46:09+00:00,-8.04593463,-34.9401418,156,26,1.350000023841858,2376.0
2025-09-02T21:05:09Z,Run,2025-09-02 21:46:10+00:00,-8.0459183,-34.94013213,156,26,1.350000023841858,2377.0
2025-09-02T21:05:09Z,Run,2025-09-02 21:46:11+00:00,-8.04590031,-34.94012548,156,26,1.350000023841858,2378.0
2025-09-02T21:05:09Z,Run,2025-09-02 21:46:12+00:00,-8.04588264,-34.94011848,157,26,1.3600000143051147,2379.0
2025-09-02T21:05:09Z,Run,2025-09-02 21:46:13+00:00,-8.04586598,-34.94010949,157,26,1.3600000143051147,2380.0
2025-09-02T21:05:09Z,Run,2025-09-02 21:46:14+00:00,-8.04585032,-34.94009983,157,26,1.3700000047683716,2381.0
2025-09-02T21:05:09Z,Run,2025-09-02 21:46:15+00:00,-8.04583465,-34.9400905,156,26,1.3899999856948853,2382.0
2025-09-02T21:05:09Z,Run,2025-09-02 21:46:16+00:00,-8.045819,-34.94008051,156,26,1.399999976158142,2383.0
2025-09-02T21:05:09Z,Run,2025-09-02 21:46:17+00:00,-8.04580401,-34.94007152,156,26,1.399999976158142,2384.0
2025-09-02T21:05:09Z,Run,2025-09-02 21:46:18+00:00,-8.04578801,-34.94006152,156,26,1.4199999570846558,2385.0
2025-09-02T21:05:09Z,Run,2025-09-02 21:46:19+00:00,-8.04577368,-34.94005153,154,26,1.4299999475479126,2386.0
2025-09-02T21:05:09Z,Run,2025-09-02 21:46:20+00:00,-8.04575968,-34.94004019,153,32,1.440000057220459,2387.0
2025-09-02T21:05:09Z,Run,2025-09-02 21:46:21+00:00,-8.04574568,-34.94002786,153,32,1.4600000381469727,2388.0
2025-09-02T21:05:09Z,Run,2025-09-02 21:46:22+00:00,-8.04573335,-34.94001854,153,31,1.4700000286102295,2389.0
2025-09-02T21:05:09Z,Run,2025-09-02 21:46:23+00:00,-8.04572103,-34.9400112,153,31,1.4700000286102295,2390.0
2025-09-02T21:05:09Z,Run,2025-09-02 21:46:24+00:00,-8.04571003,-34.94000587,153,31,1.4900000095367432,2391.0
2025-09-02T21:05:09Z,Run,2025-09-02 21:46:25+00:00,-8.04570036,-34.94000155,152,31,1.5,2392.0
2025-09-02T21:05:09Z,Run,2025-09-02 21:46:26+00:00,-8.0456897,-34.93999621,151,31,1.5099999904632568,2393.0
2025-09-02T21:05:09Z,Run,2025-09-02 21:46:27+00:00,-8.04568038,-34.93999188,151,31,1.5199999809265137,2394.0
2025-09-02T21:05:09Z,Run,2025-09-02 21:46:28+00:00,-8.04566839,-34.93998622,152,31,1.5199999809265137,2395.0
2025-09-02T21:05:09Z,Run,2025-09-02 21:46:29+00:00,-8.04565672,-34.93997989,152,31,1.5199999809265137,2396.0
2025-09-02T21:05:09Z,Run,2025-09-02 21:46:30+00:00,-8.0456444,-34.93997223,152,31,1.5199999809265137,2397.0
2025-09-02T21:05:09Z,Run,2025-09-02 21:46:31+00:00,-8.04563074,-34.93996357,153,31,1.5199999809265137,2398.0
2025-09-02T21:05:09Z,Run,2025-09-02 21:46:32+00:00,-8.04561708,-34.93995624,153,31,1.5199999809265137,2399.0
2025-09-02T21:05:09Z,Run,2025-09-02 21:46:33+00:00,-8.04560408,-34.93995091,153,31,1.5199999809265137,2400.0
2025-09-02T21:05:09Z,Run,2025-09-02 21:46:34+00:00,-8.04559042,-34.93994725,153,31,1.5199999809265137,2401.0
2025-09-02T21:05:09Z,Run,2025-09-02 21:46:35+00:00,-8.04557743,-34.93994492,153,31,1.5199999809265137,2402.0
2025-09-02T21:05:09Z,Run,2025-09-02 21:46:36+00:00,-8.04556544,-34.93994259,152,31,1.5199999809265137,2403.0
2025-09-02T21:05:09Z,Run,2025-09-02 21:46:37+00:00,-8.04555377,-34.9399396,152,31,1.5299999713897705,2404.0
2025-09-02T21:05:09Z,Run,2025-09-02 21:46:38+00:00,-8.04554277,-34.93993693,152,31,1.5299999713897705,2405.0
2025-09-02T21:05:09Z,Run,2025-09-02 21:46:39+00:00,-8.04553145,-34.93993294,152,31,1.5299999713897705,2406.0
2025-09-02T21:05:09Z,Run,2025-09-02 21:46:40+00:00,-8.04551912,-34.93992927,152,32,1.5299999713897705,2407.0
2025-09-02T21:05:09Z,Run,2025-09-02 21:46:41+00:00,-8.04550613,-34.93992495,152,31,1.5199999809265137,2408.0
2025-09-02T21:05:09Z,Run,2025-09-02 21:46:42+00:00,-8.04549146,-34.93991962,152,31,1.5199999809265137,2409.0
2025-09-02T21:05:09Z,Run,2025-09-02 21:46:43+00:00,-8.0454758,-34.93991395,152,31,1.5199999809265137,2410.0
2025-09-02T21:05:09Z,Run,2025-09-02 21:46:44+00:00,-8.04546115,-34.93990928,153,31,1.5199999809265137,2411.0
2025-09-02T21:05:09Z,Run,2025-09-02 21:46:45+00:00,-8.04544682,-34.93990629,153,31,1.5199999809265137,2412.0
2025-09-02T21:05:09Z,Run,2025-09-02 21:46:46+00:00,-8.04543282,-34.93990264,153,31,1.5199999809265137,2413.0
2025-09-02T21:05:09Z,Run,2025-09-02 21:46:47+00:00,-8.04542083,-34.93989897,153,31,1.5199999809265137,2414.0
2025-09-02T21:05:09Z,Run,2025-09-02 21:46:48+00:00,-8.04540983,-34.93989498,153,31,1.5199999809265137,2415.0
2025-09-02T21:05:09Z,Run,2025-09-02 21:46:49+00:00,-8.04539951,-34.93989099,153,31,1.5199999809265137,2416.0
2025-09-02T21:05:09Z,Run,2025-09-02 21:46:50+00:00,-8.04538885,-34.939888,154,31,1.5299999713897705,2417.0
2025-09-02T21:05:09Z,Run,2025-09-02 21:46:51+00:00,-8.04537885,-34.93988633,153,31,1.5299999713897705,2418.0
2025-09-02T21:05:09Z,Run,2025-09-02 21:46:52+00:00,-8.04536786,-34.93988601,153,31,1.5199999809265137,2419.0
2025-09-02T21:05:09Z,Run,2025-09-02 21:46:53+00:00,-8.04535587,-34.93988601,153,31,1.5199999809265137,2420.0
2025-09-02T21:05:09Z,Run,2025-09-02 21:46:54+00:00,-8.04534287,-34.93988733,153,31,1.5199999809265137,2421.0
2025-09-02T21:05:09Z,Run,2025-09-02 21:46:55+00:00,-8.04533121,-34.939888,152,31,1.5099999904632568,2422.0
2025-09-02T21:05:09Z,Run,2025-09-02 21:46:56+00:00,-8.04531987,-34.93988966,151,31,1.5099999904632568,2423.0
2025-09-02T21:05:09Z,Run,2025-09-02 21:46:57+00:00,-8.04530822,-34.93989099,151,31,1.5,2424.0
2025-09-02T21:05:09Z,Run,2025-09-02 21:46:58+00:00,-8.04529722,-34.93989231,151,31,1.4900000095367432,2425.0
2025-09-02T21:05:09Z,Run,2025-09-02 21:46:59+00:00,-8.04528523,-34.93989398,150,31,1.4800000190734863,2426.0
2025-09-02T21:05:09Z,Run,2025-09-02 21:47:00+00:00,-8.04526923,-34.93989497,150,31,1.4800000190734863,2427.0
2025-09-02T21:05:09Z,Run,2025-09-02 21:47:01+00:00,-8.04525224,-34.93989529,151,31,1.4700000286102295,2428.0
2025-09-02T21:05:09Z,Run,2025-09-02 21:47:02+00:00,-8.0452339,-34.93989464,151,31,1.4700000286102295,2429.0
2025-09-02T21:05:09Z,Run,2025-09-02 21:47:03+00:00,-8.04521558,-34.93989264,151,30,1.4600000381469727,2430.0
2025-09-02T21:05:09Z,Run,2025-09-02 21:47:04+00:00,-8.04519859,-34.93988997,151,30,1.4500000476837158,2431.0
2025-09-02T21:05:09Z,Run,2025-09-02 21:47:05+00:00,-8.04518527,-34.9398873,152,30,1.4500000476837158,2432.0
2025-09-02T21:05:09Z,Run,2025-09-02 21:47:06+00:00,-8.04517294,-34.93988465,152,30,1.4500000476837158,2433.0
2025-09-02T21:05:09Z,Run,2025-09-02 21:47:07+00:00,-8.04516161,-34.93988099,152,30,1.4500000476837158,2434.0
2025-09-02T21:05:09Z,Run,2025-09-02 21:47:08+00:00,-8.04514862,-34.93987733,152,30,1.4500000476837158,2435.0
2025-09-02T21:05:09Z,Run,2025-09-02 21:47:09+00:00,-8.04513329,-34.93987267,151,31,1.4500000476837158,2436.0
2025-09-02T21:05:09Z,Run,2025-09-02 21:47:10+00:00,-8.0451183,-34.93986733,150,31,1.4500000476837158,2437.0
2025-09-02T21:05:09Z,Run,2025-09-02 21:47:11+00:00,-8.04510296,-34.93986233,148,31,1.4500000476837158,2438.0
2025-09-02T21:05:09Z,Run,2025-09-02 21:47:12+00:00,-8.04508696,-34.93985634,148,31,1.4500000476837158,2439.0
2025-09-02T21:05:09Z,Run,2025-09-02 21:47:13+00:00,-8.04507264,-34.93985101,147,31,1.4500000476837158,2440.0
2025-09-02T21:05:09Z,Run,2025-09-02 21:47:14+00:00,-8.04505898,-34.93984568,147,31,1.4500000476837158,2441.0
2025-09-02T21:05:09Z,Run,2025-09-02 21:47:15+00:00,-8.04504532,-34.93983902,147,31,1.4500000476837158,2442.0
2025-09-02T21:05:09Z,Run,2025-09-02 21:47:16+00:00,-8.04503198,-34.93983203,147,31,1.4500000476837158,2443.0
2025-09-02T21:05:09Z,Run,2025-09-02 21:47:17+00:00,-8.04501699,-34.93982636,146,31,1.4500000476837158,2444.0
2025-09-02T21:05:09Z,Run,2025-09-02 21:47:18+00:00,-8.045002,-34.93982203,146,31,1.4500000476837158,2445.0
2025-09-02T21:05:09Z,Run,2025-09-02 21:47:19+00:00,-8.044987,-34.9398177,146,32,1.4500000476837158,2446.0
2025-09-02T21:05:09Z,Run,2025-09-02 21:47:20+00:00,-8.04497201,-34.93981237,146,32,1.4600000381469727,2447.0
2025-09-02T21:05:09Z,Run,2025-09-02 21:47:21+00:00,-8.04495702,-34.93980771,147,31,1.4600000381469727,2448.0
2025-09-02T21:05:09Z,Run,2025-09-02 21:47:22+00:00,-8.04494136,-34.93980571,148,32,1.4600000381469727,2449.0
2025-09-02T21:05:09Z,Run,2025-09-02 21:47:23+00:00,-8.04492669,-34.93980372,148,32,1.4700000286102295,2450.0
2025-09-02T21:05:09Z,Run,2025-09-02 21:47:24+00:00,-8.04491269,-34.93980205,148,32,1.4700000286102295,2451.0
2025-09-02T21:05:09Z,Run,2025-09-02 21:47:25+00:00,-8.04489903,-34.93980005,149,31,1.4700000286102295,2452.0
2025-09-02T21:05:09Z,Run,2025-09-02 21:47:26+00:00,-8.0448867,-34.93979573,149,32,1.4800000190734863,2453.0
2025-09-02T21:05:09Z,Run,2025-09-02 21:47:27+00:00,-8.04487404,-34.93979039,149,31,1.4800000190734863,2454.0
2025-09-02T21:05:09Z,Run,2025-09-02 21:47:28+00:00,-8.04485938,-34.93978639,148,32,1.4800000190734863,2455.0
2025-09-02T21:05:09Z,Run,2025-09-02 21:47:29+00:00,-8.04484239,-34.9397834,148,31,1.4900000095367432,2456.0
2025-09-02T21:05:09Z,Run,2025-09-02 21:47:30+00:00,-8.04482506,-34.93978041,148,31,1.4900000095367432,2457.0
2025-09-02T21:05:09Z,Run,2025-09-02 21:47:31+00:00,-8.04480741,-34.93978074,149,31,1.4900000095367432,2458.0
2025-09-02T21:05:09Z,Run,2025-09-02 21:47:32+00:00,-8.04479007,-34.93978507,149,31,1.4900000095367432,2459.0
2025-09-02T21:05:09Z,Run,2025-09-02 21:47:33+00:00,-8.04477308,-34.93979139,149,31,1.5,2460.0
2025-09-02T21:05:09Z,Run,2025-09-02 21:47:34+00:00,-8.04475609,-34.93979906,149,31,1.5099999904632568,2461.0
2025-09-02T21:05:09Z,Run,2025-09-02 21:47:35+00:00,-8.04474043,-34.93980639,149,31,1.5099999904632568,2462.0
2025-09-02T21:05:09Z,Run,2025-09-02 21:47:36+00:00,-8.04472544,-34.93981072,149,31,1.5299999713897705,2463.0
2025-09-02T21:05:09Z,Run,2025-09-02 21:47:37+00:00,-8.04471077,-34.93981371,149,31,1.5299999713897705,2464.0
2025-09-02T21:05:09Z,Run,2025-09-02 21:47:38+00:00,-8.04469745,-34.93981371,149,32,1.5399999618530273,2465.0
2025-09-02T21:05:09Z,Run,2025-09-02 21:47:39+00:00,-8.04468512,-34.93981137,149,31,1.5399999618530273,2466.0
2025-09-02T21:05:09Z,Run,2025-09-02 21:47:40+00:00,-8.04466747,-34.93980738,149,31,1.559999942779541,2467.0
2025-09-02T21:05:09Z,Run,2025-09-02 21:47:41+00:00,-8.04465947,-34.93980439,149,31,1.559999942779541,2468.0
2025-09-02T21:05:09Z,Run,2025-09-02 21:47:42+00:00,-8.04465114,-34.93979906,149,31,1.559999942779541,2469.0
2025-09-02T21:05:09Z,Run,2025-09-02 21:47:43+00:00,-8.04464414,-34.93979173,149,31,1.5499999523162842,2470.0
2025-09-02T21:05:09Z,Run,2025-09-02 21:47:44+00:00,-8.04463681,-34.93978574,149,31,1.5399999618530273,2471.0
2025-09-02T21:05:09Z,Run,2025-09-02 21:47:45+00:00,-8.04462882,-34.93978141,148,31,1.5299999713897705,2472.0
2025-09-02T21:05:09Z,Run,2025-09-02 21:47:46+00:00,-8.04462049,-34.93977842,147,31,1.5199999809265137,2473.0
2025-09-02T21:05:09Z,Run,2025-09-02 21:47:47+00:00,-8.04461183,-34.93977342,146,31,1.5099999904632568,2474.0
2025-09-02T21:05:09Z,Run,2025-09-02 21:47:48+00:00,-8.04460416,-34.93976743,146,31,1.5099999904632568,2475.0
2025-09-02T21:05:09Z,Run,2025-09-02 21:47:49+00:00,-8.04459651,-34.9397621,145,31,1.5,2476.0
2025-09-02T21:05:09Z,Run,2025-09-02 21:47:50+00:00,-8.04458951,-34.93975477,145,31,1.4900000095367432,2477.0
2025-09-02T21:05:09Z,Run,2025-09-02 21:47:51+00:00,-8.04457984,-34.93974611,146,31,1.4900000095367432,2478.0
2025-09-02T21:05:09Z,Run,2025-09-02 21:47:52+00:00,-8.04456552,-34.93973745,146,31,1.4800000190734863,2479.0
2025-09-02T21:05:09Z,Run,2025-09-02 21:47:53+00:00,-8.04455052,-34.93972945,146,31,1.4800000190734863,2480.0
2025-09-02T21:05:09Z,Run,2025-09-02 21:47:54+00:00,-8.04453453,-34.93972313,146,31,1.4700000286102295,2481.0
2025-09-02T21:05:09Z,Run,2025-09-02 21:47:55+00:00,-8.04451819,-34.93971714,146,31,1.4700000286102295,2482.0
2025-09-02T21:05:09Z,Run,2025-09-02 21:47:56+00:00,-8.04450386,-34.93970714,145,31,1.4700000286102295,2483.0
2025-09-02T21:05:09Z,Run,2025-09-02 21:47:57+00:00,-8.04448954,-34.93969715,144,31,1.4700000286102295,2484.0
2025-09-02T21:05:09Z,Run,2025-09-02 21:47:58+00:00,-8.04447354,-34.93968948,144,31,1.4800000190734863,2485.0
2025-09-02T21:05:09Z,Run,2025-09-02 21:47:59+00:00,-8.04445854,-34.93968448,144,31,1.4900000095367432,2486.0
2025-09-02T21:05:09Z,Run,2025-09-02 21:48:00+00:00,-8.04444521,-34.93967982,144,31,1.4900000095367432,2487.0
2025-09-02T21:05:09Z,Run,2025-09-02 21:48:01+00:00,-8.04443355,-34.93967449,144,31,1.5,2488.0
2025-09-02T21:05:09Z,Run,2025-09-02 21:48:02+00:00,-8.04442255,-34.93966816,144,31,1.5,2489.0
2025-09-02T21:05:09Z,Run,2025-09-02 21:48:03+00:00,-8.04441122,-34.93966283,144,31,1.5099999904632568,2490.0
2025-09-02T21:05:09Z,Run,2025-09-02 21:48:04+00:00,-8.04439989,-34.93965784,144,31,1.5199999809265137,2491.0
2025-09-02T21:05:09Z,Run,2025-09-02 21:48:05+00:00,-8.04438823,-34.9396525,143,31,1.5199999809265137,2492.0
2025-09-02T21:05:09Z,Run,2025-09-02 21:48:06+00:00,-8.04437824,-34.93964417,143,31,1.5199999809265137,2493.0
2025-09-02T21:05:09Z,Run,2025-09-02 21:48:07+00:00,-8.04437058,-34.93963417,143,31,1.5199999809265137,2494.0
2025-09-02T21:05:09Z,Run,2025-09-02 21:48:08+00:00,-8.04436225,-34.93962185,142,31,1.5199999809265137,2495.0
2025-09-02T21:05:09Z,Run,2025-09-02 21:48:09+00:00,-8.04435593,-34.93961019,142,31,1.5199999809265137,2496.0
2025-09-02T21:05:09Z,Run,2025-09-02 21:48:10+00:00,-8.04435126,-34.93960153,141,31,1.5099999904632568,2497.0
2025-09-02T21:05:09Z,Run,2025-09-02 21:48:11+00:00,-8.04434627,-34.93959554,141,31,1.5099999904632568,2498.0
2025-09-02T21:05:09Z,Run,2025-09-02 21:48:12+00:00,-8.04434427,-34.93959088,141,31,1.5099999904632568,2499.0
2025-09-02T21:05:09Z,Run,2025-09-02 21:48:13+00:00,-8.04434328,-34.93958688,144,31,1.5099999904632568,2500.0
2025-09-02T21:05:09Z,Run,2025-09-02 21:48:14+00:00,-8.04434494,-34.93958089,144,31,1.5099999904632568,2501.0
2025-09-02T21:05:09Z,Run,2025-09-02 21:48:15+00:00,-8.04434694,-34.93957555,144,31,1.4900000095367432,2502.0
2025-09-02T21:05:09Z,Run,2025-09-02 21:48:16+00:00,-8.04434961,-34.93957123,144,31,1.4800000190734863,2503.0
2025-09-02T21:05:09Z,Run,2025-09-02 21:48:17+00:00,-8.04435293,-34.93956757,144,31,1.4600000381469727,2504.0
2025-09-02T21:05:09Z,Run,2025-09-02 21:48:18+00:00,-8.04435626,-34.93956357,144,31,1.4600000381469727,2505.0
2025-09-02T21:05:09Z,Run,2025-09-02 21:48:19+00:00,-8.0443606,-34.93955958,144,31,1.059999942779541,2506.0
2025-09-02T21:05:09Z,Run,2025-09-02 21:48:20+00:00,-8.0443646,-34.93955659,144,32,0.7099999785423279,2507.0
2025-09-02T21:05:09Z,Run,2025-09-02 21:48:21+00:00,-8.04436926,-34.9395506,143,32,0.7400000095367432,2508.0
2025-09-02T21:05:09Z,Run,2025-09-02 21:48:22+00:00,-8.04436993,-34.93954927,143,32,0.7400000095367432,2509.0
2025-09-02T21:05:09Z,Run,2025-09-02 21:48:24+00:00,-8.0443166,-34.9395536,143,31,0.7400000095367432,2511.0
2025-09-02T21:05:09Z,Run,2025-09-02 21:48:25+00:00,-8.0443136,-34.93955227,142,31,0.7599999904632568,2512.0
2025-09-02T21:05:09Z,Run,2025-09-02 21:48:26+00:00,-8.04430894,-34.93954828,142,31,0.8500000238418579,2513.0
2025-09-02T21:05:09Z,Run,2025-09-02 21:48:27+00:00,-8.04430194,-34.93954328,142,31,0.9200000166893005,2514.0
2025-09-02T21:05:09Z,Run,2025-09-02 21:48:29+00:00,-8.04425994,-34.93951696,140,31,0.9399999976158142,2516.0
2025-09-02T21:05:09Z,Run,2025-09-02 21:48:30+00:00,-8.04425927,-34.93951462,140,31,0.9399999976158142,2517.0
2025-09-02T21:05:09Z,Run,2025-09-02 21:48:32+00:00,-8.04426993,-34.93949029,138,31,0.9599999785423279,2519.0
2025-09-02T21:05:09Z,Run,2025-09-02 21:48:33+00:00,-8.0442756,-34.9394873,138,31,1.2200000286102295,2520.0
2025-09-02T21:05:09Z,Run,2025-09-02 21:48:34+00:00,-8.04428393,-34.93948098,138,31,1.600000023841858,2521.0
