activity_id,sport_type,timestamp,latitude,longitude,altitude,distance,heart_rate,time_diff,distance_diff,calculated_speed,altitude_diff,gradient
2020-03-22T20:40:21Z,Other,2020-03-22 20:40:21+00:00,-8.051734924316406,-34.94871139526367,0.0,0.0,110,,,,,
2020-03-22T20:40:21Z,Other,2020-03-22 20:40:24+00:00,-8.051734924316406,-34.94871139526367,0.0,0.0,110,3.0,0.0,0.0,0.0,
2020-03-22T20:40:21Z,Other,2020-03-22 20:40:25+00:00,-8.051733016967773,-34.948707580566406,0.0,0.0,110,1.0,0.0,0.0,0.0,
2020-03-22T20:40:21Z,Other,2020-03-22 20:40:25+00:00,-8.051733016967773,-34.948707580566406,0.0,0.0,109,0.0,0.0,,0.0,
2020-03-22T20:40:21Z,Other,2020-03-22 20:40:26+00:00,-8.051733016967773,-34.948707580566406,0.0,0.0,109,1.0,0.0,0.0,0.0,
2020-03-22T20:40:21Z,Other,2020-03-22 20:40:26+00:00,-8.051733016967773,-34.948707580566406,0.0,0.0,107,0.0,0.0,,0.0,
2020-03-22T20:40:21Z,Other,2020-03-22 20:40:27+00:00,-8.051733016967773,-34.948707580566406,0.0,0.0,107,1.0,0.0,0.0,0.0,
2020-03-22T20:40:21Z,Other,2020-03-22 20:40:27+00:00,-8.051733016967773,-34.948707580566406,0.0,0.0,105,0.0,0.0,,0.0,
2020-03-22T20:40:21Z,Other,2020-03-22 20:40:28+00:00,-8.051733016967773,-34.948707580566406,0.0,0.0,105,1.0,0.0,0.0,0.0,
2020-03-22T20:40:21Z,Other,2020-03-22 20:40:28+00:00,-8.051733016967773,-34.948707580566406,0.0,0.0,103,0.0,0.0,,0.0,
2020-03-22T20:40:21Z,Other,2020-03-22 20:40:29+00:00,-8.051732063293457,-34.94871139526367,0.0,0.0,103,1.0,0.0,0.0,0.0,
2020-03-22T20:40:21Z,Other,2020-03-22 20:40:29+00:00,-8.051732063293457,-34.94871139526367,0.0,0.0,103,0.0,0.0,,0.0,
2020-03-22T20:40:21Z,Other,2020-03-22 20:40:30+00:00,-8.051733016967773,-34.94871139526367,0.0,0.0,103,1.0,0.0,0.0,0.0,
2020-03-22T20:40:21Z,Other,2020-03-22 20:40:30+00:00,-8.051733016967773,-34.94871139526367,0.0,0.0,103,0.0,0.0,,0.0,
2020-03-22T20:40:21Z,Other,2020-03-22 20:40:31+00:00,-8.051734924316406,-34.94871139526367,0.0,0.0,103,1.0,0.0,0.0,0.0,
2020-03-22T20:40:21Z,Other,2020-03-22 20:40:31+00:00,-8.051734924316406,-34.94871139526367,0.0,0.0,103,0.0,0.0,,0.0,
2020-03-22T20:40:21Z,Other,2020-03-22 20:40:32+00:00,-8.051736831665039,-34.948707580566406,0.0,0.0,104,1.0,0.0,0.0,0.0,
2020-03-22T20:40:21Z,Other,2020-03-22 20:40:32+00:00,-8.051736831665039,-34.948707580566406,0.0,0.0,104,0.0,0.0,,0.0,
2020-03-22T20:40:21Z,Other,2020-03-22 20:40:33+00:00,-8.051736831665039,-34.948707580566406,0.0,0.0,104,1.0,0.0,0.0,0.0,
2020-03-22T20:40:21Z,Other,2020-03-22 20:40:33+00:00,-8.051736831665039,-34.948707580566406,0.0,0.0,104,0.0,0.0,,0.0,
2020-03-22T20:40:21Z,Other,2020-03-22 20:40:34+00:00,-8.051735877990723,-34.94870376586914,23.0,0.0,104,1.0,0.0,0.0,23.0,
2020-03-22T20:40:21Z,Other,2020-03-22 20:40:34+00:00,-8.051735877990723,-34.94870376586914,23.0,0.0,104,0.0,0.0,,0.0,
2020-03-22T20:40:21Z,Other,2020-03-22 20:40:35+00:00,-8.05173397064209,-34.948707580566406,23.0,0.0,104,1.0,0.0,0.0,0.0,
2020-03-22T20:40:21Z,Other,2020-03-22 20:40:35+00:00,-8.05173397064209,-34.948707580566406,23.0,0.0,103,0.0,0.0,,0.0,
2020-03-22T20:40:21Z,Other,2020-03-22 20:40:36+00:00,-8.051732063293457,-34.94871139526367,23.0,0.0,103,1.0,0.0,0.0,0.0,
2020-03-22T20:40:21Z,Other,2020-03-22 20:40:36+00:00,-8.051732063293457,-34.94871139526367,23.0,0.0,103,0.0,0.0,,0.0,
2020-03-22T20:40:21Z,Other,2020-03-22 20:40:37+00:00,-8.051730155944824,-34.9487190246582,23.0,1.0,103,1.0,1.0,1.0,0.0,0.0
2020-03-22T20:40:21Z,Other,2020-03-22 20:40:37+00:00,-8.051730155944824,-34.9487190246582,23.0,1.0,103,0.0,0.0,,0.0,
2020-03-22T20:40:21Z,Other,2020-03-22 20:40:38+00:00,-8.051728248596191,-34.94873046875,23.0,2.0,103,1.0,1.0,1.0,0.0,0.0
2020-03-22T20:40:21Z,Other,2020-03-22 20:40:38+00:00,-8.051728248596191,-34.94873046875,23.0,2.0,103,0.0,0.0,,0.0,
2020-03-22T20:40:21Z,Other,2020-03-22 20:40:39+00:00,-8.051726341247559,-34.9487419128418,23.0,3.0,103,1.0,1.0,1.0,0.0,0.0
2020-03-22T20:40:21Z,Other,2020-03-22 20:40:39+00:00,-8.051726341247559,-34.9487419128418,23.0,3.0,103,0.0,0.0,,0.0,
2020-03-22T20:40:21Z,Other,2020-03-22 20:40:40+00:00,-8.051725387573242,-34.948753356933594,23.0,4.0,103,1.0,1.0,1.0,0.0,0.0
2020-03-22T20:40:21Z,Other,2020-03-22 20:40:40+00:00,-8.051725387573242,-34.948753356933594,23.0,4.0,103,0.0,0.0,,0.0,
2020-03-22T20:40:21Z,Other,2020-03-22 20:40:41+00:00,-8.05172348022461,-34.94876480102539,23.0,5.0,103,1.0,1.0,1.0,0.0,0.0
2020-03-22T20:40:21Z,Other,2020-03-22 20:40:41+00:00,-8.05172348022461,-34.94876480102539,23.0,5.0,102,0.0,0.0,,0.0,
2020-03-22T20:40:21Z,Other,2020-03-22 20:40:42+00:00,-8.051721572875977,-34.94877624511719,23.0,6.0,102,1.0,1.0,1.0,0.0,0.0
2020-03-22T20:40:21Z,Other,2020-03-22 20:40:42+00:00,-8.051721572875977,-34.94877624511719,23.0,6.0,101,0.0,0.0,,0.0,
2020-03-22T20:40:21Z,Other,2020-03-22 20:40:43+00:00,-8.051721572875977,-34.948787689208984,23.0,7.0,101,1.0,1.0,1.0,0.0,0.0
2020-03-22T20:40:21Z,Other,2020-03-22 20:40:43+00:00,-8.051721572875977,-34.948787689208984,23.0,7.0,101,0.0,0.0,,0.0,
2020-03-22T20:40:21Z,Other,2020-03-22 20:40:48+00:00,-8.051715850830078,-34.948848724365234,24.0,14.1,102,5.0,7.1,1.42,1.0,14.084507042253522
2020-03-22T20:40:21Z,Other,2020-03-22 20:40:48+00:00,-8.051715850830078,-34.948848724365234,24.0,14.1,103,0.0,0.0,,0.0,
2020-03-22T20:40:21Z,Other,2020-03-22 20:40:52+00:00,-8.051705360412598,-34.94890594482422,28.0,20.1,106,4.0,6.000000000000002,1.5000000000000004,4.0,66.66666666666666
2020-03-22T20:40:21Z,Other,2020-03-22 20:40:52+00:00,-8.051705360412598,-34.94890594482422,28.0,20.1,106,0.0,0.0,,0.0,
2020-03-22T20:40:21Z,Other,2020-03-22 20:40:56+00:00,-8.0516996383667,-34.9489631652832,29.0,26.2,107,4.0,6.099999999999998,1.5249999999999995,1.0,16.393442622950825
2020-03-22T20:40:21Z,Other,2020-03-22 20:40:56+00:00,-8.0516996383667,-34.9489631652832,29.0,26.2,107,0.0,0.0,,0.0,
2020-03-22T20:40:21Z,Other,2020-03-22 20:41:00+00:00,-8.051688194274902,-34.94901657104492,30.0,32.2,108,4.0,6.0000000000000036,1.5000000000000009,1.0,16.666666666666657
2020-03-22T20:40:21Z,Other,2020-03-22 20:41:00+00:00,-8.051688194274902,-34.94901657104492,30.0,32.2,109,0.0,0.0,,0.0,
2020-03-22T20:40:21Z,Other,2020-03-22 20:41:04+00:00,-8.051680564880371,-34.94906997680664,31.0,38.3,110,4.0,6.099999999999994,1.5249999999999986,1.0,16.393442622950836
2020-03-22T20:40:21Z,Other,2020-03-22 20:41:04+00:00,-8.051680564880371,-34.94906997680664,31.0,38.3,110,0.0,0.0,,0.0,
2020-03-22T20:40:21Z,Other,2020-03-22 20:41:09+00:00,-8.051671028137207,-34.94913101196289,31.0,45.3,110,5.0,7.0,1.4,0.0,0.0
2020-03-22T20:40:21Z,Other,2020-03-22 20:41:09+00:00,-8.051671028137207,-34.94913101196289,31.0,45.3,110,0.0,0.0,,0.0,
2020-03-22T20:40:21Z,Other,2020-03-22 20:41:13+00:00,-8.051665306091309,-34.949180603027344,31.0,51.3,109,4.0,6.0,1.5,0.0,0.0
2020-03-22T20:40:21Z,Other,2020-03-22 20:41:13+00:00,-8.051665306091309,-34.949180603027344,31.0,51.3,109,0.0,0.0,,0.0,
2020-03-22T20:40:21Z,Other,2020-03-22 20:41:17+00:00,-8.051657676696777,-34.94923782348633,31.0,57.4,109,4.0,6.100000000000001,1.5250000000000004,0.0,0.0
2020-03-22T20:40:21Z,Other,2020-03-22 20:41:17+00:00,-8.051657676696777,-34.94923782348633,31.0,57.4,109,0.0,0.0,,0.0,
2020-03-22T20:40:21Z,Other,2020-03-22 20:41:21+00:00,-8.051650047302246,-34.94929122924805,31.0,63.4,111,4.0,6.0,1.5,0.0,0.0
2020-03-22T20:40:21Z,Other,2020-03-22 20:41:21+00:00,-8.051650047302246,-34.94929122924805,31.0,63.4,111,0.0,0.0,,0.0,
2020-03-22T20:40:21Z,Other,2020-03-22 20:41:25+00:00,-8.051636695861816,-34.949344635009766,31.0,69.5,114,4.0,6.100000000000001,1.5250000000000004,0.0,0.0
2020-03-22T20:40:21Z,Other,2020-03-22 20:41:25+00:00,-8.051636695861816,-34.949344635009766,31.0,69.5,114,0.0,0.0,,0.0,
2020-03-22T20:40:21Z,Other,2020-03-22 20:41:29+00:00,-8.051628112792969,-34.94940185546875,30.0,75.5,114,4.0,6.0,1.5,-1.0,-16.666666666666664
2020-03-22T20:40:21Z,Other,2020-03-22 20:41:29+00:00,-8.051628112792969,-34.94940185546875,30.0,75.5,113,0.0,0.0,,0.0,
2020-03-22T20:40:21Z,Other,2020-03-22 20:41:33+00:00,-8.051617622375488,-34.94945526123047,30.0,81.6,113,4.0,6.099999999999994,1.5249999999999986,0.0,0.0
2020-03-22T20:40:21Z,Other,2020-03-22 20:41:33+00:00,-8.051617622375488,-34.94945526123047,30.0,81.6,113,0.0,0.0,,0.0,
2020-03-22T20:40:21Z,Other,2020-03-22 20:41:37+00:00,-8.051605224609375,-34.94951629638672,30.0,88.6,114,4.0,7.0,1.75,0.0,0.0
2020-03-22T20:40:21Z,Other,2020-03-22 20:41:37+00:00,-8.051605224609375,-34.94951629638672,30.0,88.6,114,0.0,0.0,,0.0,
2020-03-22T20:40:21Z,Other,2020-03-22 20:41:41+00:00,-8.051600456237793,-34.94956970214844,30.0,94.6,115,4.0,6.0,1.5,0.0,0.0
2020-03-22T20:40:21Z,Other,2020-03-22 20:41:41+00:00,-8.051600456237793,-34.94956970214844,30.0,94.6,116,0.0,0.0,,0.0,
2020-03-22T20:40:21Z,Other,2020-03-22 20:41:46+00:00,-8.05160140991211,-34.94963073730469,30.0,101.7,118,5.0,7.1000000000000085,1.4200000000000017,0.0,0.0
2020-03-22T20:40:21Z,Other,2020-03-22 20:41:46+00:00,-8.05160140991211,-34.94963073730469,30.0,101.7,119,0.0,0.0,,0.0,
2020-03-22T20:40:21Z,Other,2020-03-22 20:41:51+00:00,-8.051603317260742,-34.9496955871582,30.0,108.7,121,5.0,7.0,1.4,0.0,0.0
2020-03-22T20:40:21Z,Other,2020-03-22 20:41:51+00:00,-8.051603317260742,-34.9496955871582,30.0,108.7,121,0.0,0.0,,0.0,
2020-03-22T20:40:21Z,Other,2020-03-22 20:41:56+00:00,-8.05159854888916,-34.94975662231445,30.0,115.8,122,5.0,7.099999999999994,1.4199999999999988,0.0,0.0
2020-03-22T20:40:21Z,Other,2020-03-22 20:41:56+00:00,-8.05159854888916,-34.94975662231445,30.0,115.8,122,0.0,0.0,,0.0,
2020-03-22T20:40:21Z,Other,2020-03-22 20:42:00+00:00,-8.051594734191895,-34.949806213378906,30.0,120.8,122,4.0,5.0,1.25,0.0,0.0
2020-03-22T20:40:21Z,Other,2020-03-22 20:42:00+00:00,-8.051594734191895,-34.949806213378906,30.0,120.8,121,0.0,0.0,,0.0,
2020-03-22T20:40:21Z,Other,2020-03-22 20:42:04+00:00,-8.051584243774414,-34.949859619140625,30.0,126.9,121,4.0,6.1000000000000085,1.5250000000000021,0.0,0.0
2020-03-22T20:40:21Z,Other,2020-03-22 20:42:04+00:00,-8.051584243774414,-34.949859619140625,30.0,126.9,122,0.0,0.0,,0.0,
2020-03-22T20:40:21Z,Other,2020-03-22 20:42:09+00:00,-8.05157470703125,-34.949920654296875,30.0,133.9,123,5.0,7.0,1.4,0.0,0.0
2020-03-22T20:40:21Z,Other,2020-03-22 20:42:09+00:00,-8.05157470703125,-34.949920654296875,30.0,133.9,123,0.0,0.0,,0.0,
2020-03-22T20:40:21Z,Other,2020-03-22 20:42:13+00:00,-8.051562309265137,-34.94997787475586,30.0,139.9,125,4.0,6.0,1.5,0.0,0.0
2020-03-22T20:40:21Z,Other,2020-03-22 20:42:13+00:00,-8.051562309265137,-34.94997787475586,30.0,139.9,125,0.0,0.0,,0.0,
2020-03-22T20:40:21Z,Other,2020-03-22 20:42:17+00:00,-8.051544189453125,-34.950035095214844,30.0,147.0,125,4.0,7.099999999999994,1.7749999999999986,0.0,0.0
2020-03-22T20:40:21Z,Other,2020-03-22 20:42:17+00:00,-8.051544189453125,-34.950035095214844,30.0,147.0,125,0.0,0.0,,0.0,
2020-03-22T20:40:21Z,Other,2020-03-22 20:42:22+00:00,-8.051527976989746,-34.950096130371094,30.0,154.0,125,5.0,7.0,1.4,0.0,0.0
2020-03-22T20:40:21Z,Other,2020-03-22 20:42:22+00:00,-8.051527976989746,-34.950096130371094,30.0,154.0,125,0.0,0.0,,0.0,
2020-03-22T20:40:21Z,Other,2020-03-22 20:42:26+00:00,-8.051515579223633,-34.95015335083008,30.0,160.1,126,4.0,6.099999999999994,1.5249999999999986,0.0,0.0
2020-03-22T20:40:21Z,Other,2020-03-22 20:42:26+00:00,-8.051515579223633,-34.95015335083008,30.0,160.1,126,0.0,0.0,,0.0,
2020-03-22T20:40:21Z,Other,2020-03-22 20:42:30+00:00,-8.051501274108887,-34.950218200683594,30.0,167.1,126,4.0,7.0,1.75,0.0,0.0
2020-03-22T20:40:21Z,Other,2020-03-22 20:42:30+00:00,-8.051501274108887,-34.950218200683594,30.0,167.1,126,0.0,0.0,,0.0,
2020-03-22T20:40:21Z,Other,2020-03-22 20:42:34+00:00,-8.051495552062988,-34.95027160644531,30.0,173.2,127,4.0,6.099999999999994,1.5249999999999986,0.0,0.0
2020-03-22T20:40:21Z,Other,2020-03-22 20:42:34+00:00,-8.051495552062988,-34.95027160644531,30.0,173.2,127,0.0,0.0,,0.0,
2020-03-22T20:40:21Z,Other,2020-03-22 20:42:38+00:00,-8.051499366760254,-34.9503288269043,30.0,179.2,129,4.0,6.0,1.5,0.0,0.0
2020-03-22T20:40:21Z,Other,2020-03-22 20:42:38+00:00,-8.051499366760254,-34.9503288269043,30.0,179.2,129,0.0,0.0,,0.0,
2020-03-22T20:40:21Z,Other,2020-03-22 20:42:42+00:00,-8.051501274108887,-34.95037841796875,30.0,184.2,129,4.0,5.0,1.25,0.0,0.0
2020-03-22T20:40:21Z,Other,2020-03-22 20:42:42+00:00,-8.051501274108887,-34.95037841796875,30.0,184.2,128,0.0,0.0,,0.0,
2020-03-22T20:40:21Z,Other,2020-03-22 20:42:46+00:00,-8.051469802856445,-34.950435638427734,30.0,191.3,127,4.0,7.100000000000023,1.7750000000000057,0.0,0.0
2020-03-22T20:40:21Z,Other,2020-03-22 20:42:46+00:00,-8.051469802856445,-34.950435638427734,30.0,191.3,127,0.0,0.0,,0.0,
2020-03-22T20:40:21Z,Other,2020-03-22 20:42:49+00:00,-8.051437377929688,-34.950477600097656,30.0,197.3,127,3.0,6.0,2.0,0.0,0.0
2020-03-22T20:40:21Z,Other,2020-03-22 20:42:49+00:00,-8.051437377929688,-34.950477600097656,30.0,197.3,127,0.0,0.0,,0.0,
2020-03-22T20:40:21Z,Other,2020-03-22 20:42:52+00:00,-8.051401138305664,-34.950523376464844,30.0,203.4,126,3.0,6.099999999999994,2.0333333333333314,0.0,0.0
2020-03-22T20:40:21Z,Other,2020-03-22 20:42:52+00:00,-8.051401138305664,-34.950523376464844,30.0,203.4,126,0.0,0.0,,0.0,
2020-03-22T20:40:21Z,Other,2020-03-22 20:42:55+00:00,-8.051355361938477,-34.9505615234375,30.0,210.4,127,3.0,7.0,2.3333333333333335,0.0,0.0
2020-03-22T20:40:21Z,Other,2020-03-22 20:42:55+00:00,-8.051355361938477,-34.9505615234375,30.0,210.4,128,0.0,0.0,,0.0,
2020-03-22T20:40:21Z,Other,2020-03-22 20:42:58+00:00,-8.051308631896973,-34.950584411621094,30.0,216.5,129,3.0,6.099999999999994,2.0333333333333314,0.0,0.0
2020-03-22T20:40:21Z,Other,2020-03-22 20:42:58+00:00,-8.051308631896973,-34.950584411621094,30.0,216.5,129,0.0,0.0,,0.0,
2020-03-22T20:40:21Z,Other,2020-03-22 20:43:02+00:00,-8.051252365112305,-34.95061492919922,30.0,223.5,127,4.0,7.0,1.75,0.0,0.0
2020-03-22T20:40:21Z,Other,2020-03-22 20:43:02+00:00,-8.051252365112305,-34.95061492919922,30.0,223.5,127,0.0,0.0,,0.0,
2020-03-22T20:40:21Z,Other,2020-03-22 20:43:06+00:00,-8.051200866699219,-34.950645446777344,30.0,230.6,127,4.0,7.099999999999994,1.7749999999999986,0.0,0.0
2020-03-22T20:40:21Z,Other,2020-03-22 20:43:06+00:00,-8.051200866699219,-34.950645446777344,30.0,230.6,127,0.0,0.0,,0.0,
2020-03-22T20:40:21Z,Other,2020-03-22 20:43:10+00:00,-8.051154136657715,-34.95066833496094,30.0,236.6,126,4.0,6.0,1.5,0.0,0.0
2020-03-22T20:40:21Z,Other,2020-03-22 20:43:10+00:00,-8.051154136657715,-34.95066833496094,30.0,236.6,126,0.0,0.0,,0.0,
2020-03-22T20:40:21Z,Other,2020-03-22 20:43:15+00:00,-8.051088333129883,-34.9506721496582,30.0,243.7,127,5.0,7.099999999999994,1.4199999999999988,0.0,0.0
2020-03-22T20:40:21Z,Other,2020-03-22 20:43:15+00:00,-8.051088333129883,-34.9506721496582,30.0,243.7,127,0.0,0.0,,0.0,
2020-03-22T20:40:21Z,Other,2020-03-22 20:43:19+00:00,-8.051033973693848,-34.95066452026367,30.0,249.7,128,4.0,6.0,1.5,0.0,0.0
2020-03-22T20:40:21Z,Other,2020-03-22 20:43:19+00:00,-8.051033973693848,-34.95066452026367,30.0,249.7,128,0.0,0.0,,0.0,
2020-03-22T20:40:21Z,Other,2020-03-22 20:43:23+00:00,-8.050980567932129,-34.95065689086914,30.0,255.7,130,4.0,6.0,1.5,0.0,0.0
2020-03-22T20:40:21Z,Other,2020-03-22 20:43:23+00:00,-8.050980567932129,-34.95065689086914,30.0,255.7,130,0.0,0.0,,0.0,
2020-03-22T20:40:21Z,Other,2020-03-22 20:43:27+00:00,-8.050931930541992,-34.9506721496582,30.0,261.8,131,4.0,6.100000000000023,1.5250000000000057,0.0,0.0
2020-03-22T20:40:21Z,Other,2020-03-22 20:43:27+00:00,-8.050931930541992,-34.9506721496582,30.0,261.8,131,0.0,0.0,,0.0,
2020-03-22T20:40:21Z,Other,2020-03-22 20:43:31+00:00,-8.050871849060059,-34.95068359375,30.0,268.8,132,4.0,7.0,1.75,0.0,0.0
2020-03-22T20:40:21Z,Other,2020-03-22 20:43:31+00:00,-8.050871849060059,-34.95068359375,30.0,268.8,132,0.0,0.0,,0.0,
2020-03-22T20:40:21Z,Other,2020-03-22 20:43:34+00:00,-8.050825119018555,-34.95068359375,30.0,273.9,133,3.0,5.099999999999966,1.6999999999999886,0.0,0.0
2020-03-22T20:40:21Z,Other,2020-03-22 20:43:34+00:00,-8.050825119018555,-34.95068359375,30.0,273.9,133,0.0,0.0,,0.0,
2020-03-22T20:40:21Z,Other,2020-03-22 20:43:38+00:00,-8.050771713256836,-34.95067596435547,30.0,279.9,133,4.0,6.0,1.5,0.0,0.0
2020-03-22T20:40:21Z,Other,2020-03-22 20:43:38+00:00,-8.050771713256836,-34.95067596435547,30.0,279.9,133,0.0,0.0,,0.0,
2020-03-22T20:40:21Z,Other,2020-03-22 20:43:42+00:00,-8.050712585449219,-34.95066452026367,30.0,286.9,138,4.0,7.0,1.75,0.0,0.0
2020-03-22T20:40:21Z,Other,2020-03-22 20:43:42+00:00,-8.050712585449219,-34.95066452026367,30.0,286.9,136,0.0,0.0,,0.0,
2020-03-22T20:40:21Z,Other,2020-03-22 20:43:45+00:00,-8.050668716430664,-34.950660705566406,30.0,292.0,135,3.0,5.100000000000023,1.7000000000000075,0.0,0.0
2020-03-22T20:40:21Z,Other,2020-03-22 20:43:45+00:00,-8.050668716430664,-34.950660705566406,30.0,292.0,135,0.0,0.0,,0.0,
2020-03-22T20:40:21Z,Other,2020-03-22 20:43:49+00:00,-8.050614356994629,-34.95065689086914,30.0,298.0,135,4.0,6.0,1.5,0.0,0.0
2020-03-22T20:40:21Z,Other,2020-03-22 20:43:49+00:00,-8.050614356994629,-34.95065689086914,30.0,298.0,134,0.0,0.0,,0.0,
2020-03-22T20:40:21Z,Other,2020-03-22 20:43:53+00:00,-8.050553321838379,-34.95063781738281,30.0,305.1,133,4.0,7.100000000000023,1.7750000000000057,0.0,0.0
2020-03-22T20:40:21Z,Other,2020-03-22 20:43:53+00:00,-8.050553321838379,-34.95063781738281,30.0,305.1,133,0.0,0.0,,0.0,
2020-03-22T20:40:21Z,Other,2020-03-22 20:43:57+00:00,-8.050496101379395,-34.95063018798828,30.0,311.1,134,4.0,6.0,1.5,0.0,0.0
2020-03-22T20:40:21Z,Other,2020-03-22 20:43:57+00:00,-8.050496101379395,-34.95063018798828,30.0,311.1,134,0.0,0.0,,0.0,
2020-03-22T20:40:21Z,Other,2020-03-22 20:44:01+00:00,-8.050443649291992,-34.95062255859375,30.0,317.2,133,4.0,6.099999999999966,1.5249999999999915,0.0,0.0
2020-03-22T20:40:21Z,Other,2020-03-22 20:44:01+00:00,-8.050443649291992,-34.95062255859375,30.0,317.2,134,0.0,0.0,,0.0,
2020-03-22T20:40:21Z,Other,2020-03-22 20:44:05+00:00,-8.050381660461426,-34.950618743896484,30.0,324.2,135,4.0,7.0,1.75,0.0,0.0
2020-03-22T20:40:21Z,Other,2020-03-22 20:44:05+00:00,-8.050381660461426,-34.950618743896484,30.0,324.2,134,0.0,0.0,,0.0,
2020-03-22T20:40:21Z,Other,2020-03-22 20:44:09+00:00,-8.050321578979492,-34.95060729980469,30.0,331.2,134,4.0,7.0,1.75,0.0,0.0
2020-03-22T20:40:21Z,Other,2020-03-22 20:44:09+00:00,-8.050321578979492,-34.95060729980469,30.0,331.2,134,0.0,0.0,,0.0,
2020-03-22T20:40:21Z,Other,2020-03-22 20:44:14+00:00,-8.05025577545166,-34.95060729980469,30.0,338.3,133,5.0,7.100000000000023,1.4200000000000046,0.0,0.0
2020-03-22T20:40:21Z,Other,2020-03-22 20:44:14+00:00,-8.05025577545166,-34.95060729980469,30.0,338.3,133,0.0,0.0,,0.0,
2020-03-22T20:40:21Z,Other,2020-03-22 20:44:18+00:00,-8.050198554992676,-34.95060729980469,30.0,344.3,133,4.0,6.0,1.5,0.0,0.0
2020-03-22T20:40:21Z,Other,2020-03-22 20:44:18+00:00,-8.050198554992676,-34.95060729980469,30.0,344.3,133,0.0,0.0,,0.0,
2020-03-22T20:40:21Z,Other,2020-03-22 20:44:22+00:00,-8.050149917602539,-34.950599670410156,30.0,349.4,134,4.0,5.099999999999966,1.2749999999999915,0.0,0.0
2020-03-22T20:40:21Z,Other,2020-03-22 20:44:22+00:00,-8.050149917602539,-34.950599670410156,30.0,349.4,134,0.0,0.0,,0.0,
2020-03-22T20:40:21Z,Other,2020-03-22 20:44:27+00:00,-8.050088882446289,-34.95060348510742,30.0,356.4,132,5.0,7.0,1.4,0.0,0.0
2020-03-22T20:40:21Z,Other,2020-03-22 20:44:27+00:00,-8.050088882446289,-34.95060348510742,30.0,356.4,130,0.0,0.0,,0.0,
2020-03-22T20:40:21Z,Other,2020-03-22 20:44:32+00:00,-8.050021171569824,-34.95060729980469,30.0,364.5,130,5.0,8.100000000000023,1.6200000000000045,0.0,0.0
2020-03-22T20:40:21Z,Other,2020-03-22 20:44:32+00:00,-8.050021171569824,-34.95060729980469,30.0,364.5,131,0.0,0.0,,0.0,
2020-03-22T20:40:21Z,Other,2020-03-22 20:44:36+00:00,-8.049959182739258,-34.95059585571289,30.0,371.5,133,4.0,7.0,1.75,0.0,0.0
2020-03-22T20:40:21Z,Other,2020-03-22 20:44:36+00:00,-8.049959182739258,-34.95059585571289,30.0,371.5,133,0.0,0.0,,0.0,
2020-03-22T20:40:21Z,Other,2020-03-22 20:44:40+00:00,-8.049897193908691,-34.95056915283203,30.0,378.6,133,4.0,7.100000000000023,1.7750000000000057,0.0,0.0
2020-03-22T20:40:21Z,Other,2020-03-22 20:44:40+00:00,-8.049897193908691,-34.95056915283203,30.0,378.6,133,0.0,0.0,,0.0,
2020-03-22T20:40:21Z,Other,2020-03-22 20:44:44+00:00,-8.049838066101074,-34.95054626464844,30.0,385.6,134,4.0,7.0,1.75,0.0,0.0
2020-03-22T20:40:21Z,Other,2020-03-22 20:44:44+00:00,-8.049838066101074,-34.95054626464844,30.0,385.6,132,0.0,0.0,,0.0,
2020-03-22T20:40:21Z,Other,2020-03-22 20:44:47+00:00,-8.049792289733887,-34.95053482055664,30.0,390.6,132,3.0,5.0,1.6666666666666667,0.0,0.0
2020-03-22T20:40:21Z,Other,2020-03-22 20:44:47+00:00,-8.049792289733887,-34.95053482055664,30.0,390.6,131,0.0,0.0,,0.0,
2020-03-22T20:40:21Z,Other,2020-03-22 20:44:51+00:00,-8.04973030090332,-34.95052719116211,30.0,397.7,130,4.0,7.099999999999966,1.7749999999999915,0.0,0.0
2020-03-22T20:40:21Z,Other,2020-03-22 20:44:51+00:00,-8.04973030090332,-34.95052719116211,30.0,397.7,130,0.0,0.0,,0.0,
2020-03-22T20:40:21Z,Other,2020-03-22 20:44:54+00:00,-8.049687385559082,-34.95052719116211,30.0,402.7,130,3.0,5.0,1.6666666666666667,0.0,0.0
2020-03-22T20:40:21Z,Other,2020-03-22 20:44:54+00:00,-8.049687385559082,-34.95052719116211,30.0,402.7,131,0.0,0.0,,0.0,
2020-03-22T20:40:21Z,Other,2020-03-22 20:44:58+00:00,-8.049629211425781,-34.95051956176758,30.0,408.8,132,4.0,6.100000000000023,1.5250000000000057,0.0,0.0
2020-03-22T20:40:21Z,Other,2020-03-22 20:44:58+00:00,-8.049629211425781,-34.95051956176758,30.0,408.8,132,0.0,0.0,,0.0,
2020-03-22T20:40:21Z,Other,2020-03-22 20:45:02+00:00,-8.04956340789795,-34.95050811767578,30.0,415.8,131,4.0,7.0,1.75,0.0,0.0
2020-03-22T20:40:21Z,Other,2020-03-22 20:45:02+00:00,-8.04956340789795,-34.95050811767578,30.0,415.8,131,0.0,0.0,,0.0,
2020-03-22T20:40:21Z,Other,2020-03-22 20:45:06+00:00,-8.049503326416016,-34.95051193237305,30.0,422.9,130,4.0,7.099999999999966,1.7749999999999915,0.0,0.0
2020-03-22T20:40:21Z,Other,2020-03-22 20:45:06+00:00,-8.049503326416016,-34.95051193237305,30.0,422.9,130,0.0,0.0,,0.0,
2020-03-22T20:40:21Z,Other,2020-03-22 20:45:10+00:00,-8.049443244934082,-34.95051193237305,30.0,429.9,130,4.0,7.0,1.75,0.0,0.0
2020-03-22T20:40:21Z,Other,2020-03-22 20:45:10+00:00,-8.049443244934082,-34.95051193237305,30.0,429.9,130,0.0,0.0,,0.0,
2020-03-22T20:40:21Z,Other,2020-03-22 20:45:14+00:00,-8.049386024475098,-34.950504302978516,30.0,436.0,130,4.0,6.100000000000023,1.5250000000000057,0.0,0.0
2020-03-22T20:40:21Z,Other,2020-03-22 20:45:14+00:00,-8.049386024475098,-34.950504302978516,30.0,436.0,130,0.0,0.0,,0.0,
2020-03-22T20:40:21Z,Other,2020-03-22 20:45:18+00:00,-8.04932689666748,-34.95049285888672,30.0,443.0,132,4.0,7.0,1.75,0.0,0.0
2020-03-22T20:40:21Z,Other,2020-03-22 20:45:18+00:00,-8.04932689666748,-34.95049285888672,30.0,443.0,132,0.0,0.0,,0.0,
2020-03-22T20:40:21Z,Other,2020-03-22 20:45:22+00:00,-8.049274444580078,-34.950477600097656,30.0,449.0,132,4.0,6.0,1.5,0.0,0.0
2020-03-22T20:40:21Z,Other,2020-03-22 20:45:22+00:00,-8.049274444580078,-34.950477600097656,30.0,449.0,132,0.0,0.0,,0.0,
2020-03-22T20:40:21Z,Other,2020-03-22 20:45:26+00:00,-8.049223899841309,-34.950462341308594,30.0,455.1,134,4.0,6.100000000000023,1.5250000000000057,0.0,0.0
2020-03-22T20:40:21Z,Other,2020-03-22 20:45:26+00:00,-8.049223899841309,-34.950462341308594,30.0,455.1,134,0.0,0.0,,0.0,
2020-03-22T20:40:21Z,Other,2020-03-22 20:45:30+00:00,-8.049164772033691,-34.95045852661133,30.0,462.1,134,4.0,7.0,1.75,0.0,0.0
2020-03-22T20:40:21Z,Other,2020-03-22 20:45:30+00:00,-8.049164772033691,-34.95045852661133,30.0,462.1,134,0.0,0.0,,0.0,
2020-03-22T20:40:21Z,Other,2020-03-22 20:45:34+00:00,-8.049105644226074,-34.950462341308594,30.0,469.2,134,4.0,7.099999999999966,1.7749999999999915,0.0,0.0
2020-03-22T20:40:21Z,Other,2020-03-22 20:45:34+00:00,-8.049105644226074,-34.950462341308594,30.0,469.2,132,0.0,0.0,,0.0,
2020-03-22T20:40:21Z,Other,2020-03-22 20:45:38+00:00,-8.049044609069824,-34.95045852661133,30.0,476.2,132,4.0,7.0,1.75,0.0,0.0
2020-03-22T20:40:21Z,Other,2020-03-22 20:45:38+00:00,-8.049044609069824,-34.95045852661133,30.0,476.2,132,0.0,0.0,,0.0,
2020-03-22T20:40:21Z,Other,2020-03-22 20:45:42+00:00,-8.048990249633789,-34.95046615600586,30.0,482.3,132,4.0,6.100000000000023,1.5250000000000057,0.0,0.0
2020-03-22T20:40:21Z,Other,2020-03-22 20:45:42+00:00,-8.048990249633789,-34.95046615600586,30.0,482.3,132,0.0,0.0,,0.0,
2020-03-22T20:40:21Z,Other,2020-03-22 20:45:46+00:00,-8.048935890197754,-34.95048522949219,30.0,488.3,131,4.0,6.0,1.5,0.0,0.0
2020-03-22T20:40:21Z,Other,2020-03-22 20:45:46+00:00,-8.048935890197754,-34.95048522949219,30.0,488.3,130,0.0,0.0,,0.0,
2020-03-22T20:40:21Z,Other,2020-03-22 20:45:50+00:00,-8.048879623413086,-34.950496673583984,30.0,494.4,130,4.0,6.099999999999966,1.5249999999999915,0.0,0.0
2020-03-22T20:40:21Z,Other,2020-03-22 20:45:50+00:00,-8.048879623413086,-34.950496673583984,30.0,494.4,130,0.0,0.0,,0.0,
2020-03-22T20:40:21Z,Other,2020-03-22 20:45:53+00:00,-8.048835754394531,-34.95051574707031,30.0,499.4,131,3.0,5.0,1.6666666666666667,0.0,0.0
2020-03-22T20:40:21Z,Other,2020-03-22 20:45:53+00:00,-8.048835754394531,-34.95051574707031,30.0,499.4,130,0.0,0.0,,0.0,
2020-03-22T20:40:21Z,Other,2020-03-22 20:45:57+00:00,-8.048787117004395,-34.95054244995117,30.0,505.4,131,4.0,6.0,1.5,0.0,0.0
2020-03-22T20:40:21Z,Other,2020-03-22 20:45:57+00:00,-8.048787117004395,-34.95054244995117,30.0,505.4,131,0.0,0.0,,0.0,
2020-03-22T20:40:21Z,Other,2020-03-22 20:46:02+00:00,-8.048736572265625,-34.9505729675293,30.0,512.5,131,5.0,7.100000000000023,1.4200000000000046,0.0,0.0
2020-03-22T20:40:21Z,Other,2020-03-22 20:46:02+00:00,-8.048736572265625,-34.9505729675293,30.0,512.5,129,0.0,0.0,,0.0,
2020-03-22T20:40:21Z,Other,2020-03-22 20:46:06+00:00,-8.048705101013184,-34.95060348510742,30.0,517.5,130,4.0,5.0,1.25,0.0,0.0
2020-03-22T20:40:21Z,Other,2020-03-22 20:46:06+00:00,-8.048705101013184,-34.95060348510742,30.0,517.5,130,0.0,0.0,,0.0,
2020-03-22T20:40:21Z,Other,2020-03-22 20:46:11+00:00,-8.048684120178223,-34.950660705566406,30.0,524.6,131,5.0,7.100000000000023,1.4200000000000046,0.0,0.0
2020-03-22T20:40:21Z,Other,2020-03-22 20:46:11+00:00,-8.048684120178223,-34.950660705566406,30.0,524.6,132,0.0,0.0,,0.0,
2020-03-22T20:40:21Z,Other,2020-03-22 20:46:16+00:00,-8.048666000366211,-34.950714111328125,30.0,530.6,133,5.0,6.0,1.2,0.0,0.0
2020-03-22T20:40:21Z,Other,2020-03-22 20:46:16+00:00,-8.048666000366211,-34.950714111328125,30.0,530.6,132,0.0,0.0,,0.0,
2020-03-22T20:40:21Z,Other,2020-03-22 20:46:22+00:00,-8.048654556274414,-34.950767517089844,30.0,536.6,131,6.0,6.0,1.0,0.0,0.0
2020-03-22T20:40:21Z,Other,2020-03-22 20:46:22+00:00,-8.048654556274414,-34.950767517089844,30.0,536.6,131,0.0,0.0,,0.0,
2020-03-22T20:40:21Z,Other,2020-03-22 20:46:28+00:00,-8.048654556274414,-34.95082092285156,30.0,542.7,132,6.0,6.100000000000023,1.0166666666666704,0.0,0.0
2020-03-22T20:40:21Z,Other,2020-03-22 20:46:28+00:00,-8.048654556274414,-34.95082092285156,30.0,542.7,132,0.0,0.0,,0.0,
2020-03-22T20:40:21Z,Other,2020-03-22 20:46:33+00:00,-8.048651695251465,-34.95088195800781,30.0,549.7,133,5.0,7.0,1.4,0.0,0.0
2020-03-22T20:40:21Z,Other,2020-03-22 20:46:33+00:00,-8.048651695251465,-34.95088195800781,30.0,549.7,133,0.0,0.0,,0.0,
2020-03-22T20:40:21Z,Other,2020-03-22 20:46:38+00:00,-8.048640251159668,-34.9509391784668,30.0,555.8,133,5.0,6.099999999999909,1.2199999999999818,0.0,0.0
2020-03-22T20:40:21Z,Other,2020-03-22 20:46:38+00:00,-8.048640251159668,-34.9509391784668,30.0,555.8,133,0.0,0.0,,0.0,
2020-03-22T20:40:21Z,Other,2020-03-22 20:46:42+00:00,-8.048636436462402,-34.95100021362305,30.0,562.8,134,4.0,7.0,1.75,0.0,0.0
2020-03-22T20:40:21Z,Other,2020-03-22 20:46:42+00:00,-8.048636436462402,-34.95100021362305,30.0,562.8,135,0.0,0.0,,0.0,
2020-03-22T20:40:21Z,Other,2020-03-22 20:46:46+00:00,-8.048624038696289,-34.95105743408203,30.0,568.9,139,4.0,6.100000000000023,1.5250000000000057,0.0,0.0
2020-03-22T20:40:21Z,Other,2020-03-22 20:46:46+00:00,-8.048624038696289,-34.95105743408203,30.0,568.9,139,0.0,0.0,,0.0,
2020-03-22T20:40:21Z,Other,2020-03-22 20:46:50+00:00,-8.048599243164062,-34.95111083984375,30.0,574.9,139,4.0,6.0,1.5,0.0,0.0
2020-03-22T20:40:21Z,Other,2020-03-22 20:46:50+00:00,-8.048599243164062,-34.95111083984375,30.0,574.9,138,0.0,0.0,,0.0,
2020-03-22T20:40:21Z,Other,2020-03-22 20:46:54+00:00,-8.048571586608887,-34.9511604309082,30.0,580.9,138,4.0,6.0,1.5,0.0,0.0
2020-03-22T20:40:21Z,Other,2020-03-22 20:46:54+00:00,-8.048571586608887,-34.9511604309082,30.0,580.9,138,0.0,0.0,,0.0,
2020-03-22T20:40:21Z,Other,2020-03-22 20:46:58+00:00,-8.048554420471191,-34.95121383666992,30.0,587.0,139,4.0,6.100000000000023,1.5250000000000057,0.0,0.0
2020-03-22T20:40:21Z,Other,2020-03-22 20:46:58+00:00,-8.048554420471191,-34.95121383666992,30.0,587.0,139,0.0,0.0,,0.0,
2020-03-22T20:40:21Z,Other,2020-03-22 20:47:02+00:00,-8.04854679107666,-34.951263427734375,30.0,593.0,139,4.0,6.0,1.5,0.0,0.0
2020-03-22T20:40:21Z,Other,2020-03-22 20:47:02+00:00,-8.04854679107666,-34.951263427734375,30.0,593.0,139,0.0,0.0,,0.0,
2020-03-22T20:40:21Z,Other,2020-03-22 20:47:07+00:00,-8.048558235168457,-34.951324462890625,30.0,600.1,140,5.0,7.100000000000023,1.4200000000000046,0.0,0.0
2020-03-22T20:40:21Z,Other,2020-03-22 20:47:07+00:00,-8.048558235168457,-34.951324462890625,30.0,600.1,139,0.0,0.0,,0.0,
2020-03-22T20:40:21Z,Other,2020-03-22 20:47:12+00:00,-8.048565864562988,-34.95138931274414,30.0,607.1,139,5.0,7.0,1.4,0.0,0.0
2020-03-22T20:40:21Z,Other,2020-03-22 20:47:12+00:00,-8.048565864562988,-34.95138931274414,30.0,607.1,139,0.0,0.0,,0.0,
2020-03-22T20:40:21Z,Other,2020-03-22 20:47:16+00:00,-8.048563957214355,-34.95145034790039,30.0,614.2,140,4.0,7.100000000000023,1.7750000000000057,0.0,0.0
2020-03-22T20:40:21Z,Other,2020-03-22 20:47:16+00:00,-8.048563957214355,-34.95145034790039,30.0,614.2,139,0.0,0.0,,0.0,
2020-03-22T20:40:21Z,Other,2020-03-22 20:47:20+00:00,-8.048559188842773,-34.95150375366211,30.0,620.2,138,4.0,6.0,1.5,0.0,0.0
2020-03-22T20:40:21Z,Other,2020-03-22 20:47:20+00:00,-8.048559188842773,-34.95150375366211,30.0,620.2,135,0.0,0.0,,0.0,
2020-03-22T20:40:21Z,Other,2020-03-22 20:47:24+00:00,-8.048551559448242,-34.951560974121094,30.0,626.2,133,4.0,6.0,1.5,0.0,0.0
2020-03-22T20:40:21Z,Other,2020-03-22 20:47:24+00:00,-8.048551559448242,-34.951560974121094,30.0,626.2,133,0.0,0.0,,0.0,
2020-03-22T20:40:21Z,Other,2020-03-22 20:47:28+00:00,-8.04854679107666,-34.95161437988281,30.0,632.3,133,4.0,6.099999999999909,1.5249999999999773,0.0,0.0
2020-03-22T20:40:21Z,Other,2020-03-22 20:47:28+00:00,-8.04854679107666,-34.95161437988281,30.0,632.3,132,0.0,0.0,,0.0,
2020-03-22T20:40:21Z,Other,2020-03-22 20:47:33+00:00,-8.048548698425293,-34.95167541503906,30.0,639.3,132,5.0,7.0,1.4,0.0,0.0
2020-03-22T20:40:21Z,Other,2020-03-22 20:47:33+00:00,-8.048548698425293,-34.95167541503906,30.0,639.3,133,0.0,0.0,,0.0,
2020-03-22T20:40:21Z,Other,2020-03-22 20:47:38+00:00,-8.048541069030762,-34.95174026489258,30.0,646.4,134,5.0,7.100000000000023,1.4200000000000046,0.0,0.0
2020-03-22T20:40:21Z,Other,2020-03-22 20:47:38+00:00,-8.048541069030762,-34.95174026489258,30.0,646.4,134,0.0,0.0,,0.0,
2020-03-22T20:40:21Z,Other,2020-03-22 20:47:42+00:00,-8.048535346984863,-34.9517936706543,30.0,652.4,135,4.0,6.0,1.5,0.0,0.0
2020-03-22T20:40:21Z,Other,2020-03-22 20:47:42+00:00,-8.048535346984863,-34.9517936706543,30.0,652.4,135,0.0,0.0,,0.0,
2020-03-22T20:40:21Z,Other,2020-03-22 20:47:46+00:00,-8.04853343963623,-34.951847076416016,30.0,658.5,136,4.0,6.100000000000023,1.5250000000000057,0.0,0.0
2020-03-22T20:40:21Z,Other,2020-03-22 20:47:46+00:00,-8.04853343963623,-34.951847076416016,30.0,658.5,136,0.0,0.0,,0.0,
2020-03-22T20:40:21Z,Other,2020-03-22 20:47:50+00:00,-8.048534393310547,-34.951900482177734,30.0,664.5,141,4.0,6.0,1.5,0.0,0.0
2020-03-22T20:40:21Z,Other,2020-03-22 20:47:50+00:00,-8.048534393310547,-34.951900482177734,30.0,664.5,142,0.0,0.0,,0.0,
2020-03-22T20:40:21Z,Other,2020-03-22 20:47:55+00:00,-8.04853343963623,-34.95197296142578,30.0,672.6,144,5.0,8.100000000000023,1.6200000000000045,0.0,0.0
2020-03-22T20:40:21Z,Other,2020-03-22 20:47:55+00:00,-8.04853343963623,-34.95197296142578,30.0,672.6,145,0.0,0.0,,0.0,
2020-03-22T20:40:21Z,Other,2020-03-22 20:47:59+00:00,-8.048527717590332,-34.95203399658203,30.0,679.6,145,4.0,7.0,1.75,0.0,0.0
2020-03-22T20:40:21Z,Other,2020-03-22 20:47:59+00:00,-8.048527717590332,-34.95203399658203,30.0,679.6,145,0.0,0.0,,0.0,
2020-03-22T20:40:21Z,Other,2020-03-22 20:48:03+00:00,-8.048524856567383,-34.95209503173828,30.0,686.7,145,4.0,7.100000000000023,1.7750000000000057,0.0,0.0
2020-03-22T20:40:21Z,Other,2020-03-22 20:48:03+00:00,-8.048524856567383,-34.95209503173828,30.0,686.7,145,0.0,0.0,,0.0,
2020-03-22T20:40:21Z,Other,2020-03-22 20:48:07+00:00,-8.048518180847168,-34.9521484375,30.0,692.7,146,4.0,6.0,1.5,0.0,0.0
2020-03-22T20:40:21Z,Other,2020-03-22 20:48:07+00:00,-8.048518180847168,-34.9521484375,30.0,692.7,146,0.0,0.0,,0.0,
2020-03-22T20:40:21Z,Other,2020-03-22 20:48:11+00:00,-8.048515319824219,-34.95219802856445,30.0,697.7,150,4.0,5.0,1.25,0.0,0.0
2020-03-22T20:40:21Z,Other,2020-03-22 20:48:11+00:00,-8.048515319824219,-34.95219802856445,30.0,697.7,150,0.0,0.0,,0.0,
2020-03-22T20:40:21Z,Other,2020-03-22 20:48:15+00:00,-8.048495292663574,-34.95225143432617,30.0,703.8,152,4.0,6.099999999999909,1.5249999999999773,0.0,0.0
2020-03-22T20:40:21Z,Other,2020-03-22 20:48:15+00:00,-8.048495292663574,-34.95225143432617,30.0,703.8,152,0.0,0.0,,0.0,
2020-03-22T20:40:21Z,Other,2020-03-22 20:48:19+00:00,-8.048476219177246,-34.952301025390625,30.0,709.8,154,4.0,6.0,1.5,0.0,0.0
2020-03-22T20:40:21Z,Other,2020-03-22 20:48:19+00:00,-8.048476219177246,-34.952301025390625,30.0,709.8,154,0.0,0.0,,0.0,
2020-03-22T20:40:21Z,Other,2020-03-22 20:48:23+00:00,-8.048467636108398,-34.952354431152344,30.0,715.9,156,4.0,6.100000000000023,1.5250000000000057,0.0,0.0
2020-03-22T20:40:21Z,Other,2020-03-22 20:48:23+00:00,-8.048467636108398,-34.952354431152344,30.0,715.9,156,0.0,0.0,,0.0,
2020-03-22T20:40:21Z,Other,2020-03-22 20:48:27+00:00,-8.048474311828613,-34.95241165161133,30.0,721.9,155,4.0,6.0,1.5,0.0,0.0
2020-03-22T20:40:21Z,Other,2020-03-22 20:48:27+00:00,-8.048474311828613,-34.95241165161133,30.0,721.9,155,0.0,0.0,,0.0,
2020-03-22T20:40:21Z,Other,2020-03-22 20:48:31+00:00,-8.048469543457031,-34.95248031616211,30.0,730.0,154,4.0,8.100000000000023,2.0250000000000057,0.0,0.0
2020-03-22T20:40:21Z,Other,2020-03-22 20:48:31+00:00,-8.048469543457031,-34.95248031616211,30.0,730.0,154,0.0,0.0,,0.0,
2020-03-22T20:40:21Z,Other,2020-03-22 20:48:34+00:00,-8.0484619140625,-34.9525260925293,30.0,735.0,153,3.0,5.0,1.6666666666666667,0.0,0.0
2020-03-22T20:40:21Z,Other,2020-03-22 20:48:34+00:00,-8.0484619140625,-34.9525260925293,30.0,735.0,152,0.0,0.0,,0.0,
2020-03-22T20:40:21Z,Other,2020-03-22 20:48:38+00:00,-8.048450469970703,-34.95259094238281,30.0,742.0,150,4.0,7.0,1.75,0.0,0.0
2020-03-22T20:40:21Z,Other,2020-03-22 20:48:38+00:00,-8.048450469970703,-34.95259094238281,30.0,742.0,150,0.0,0.0,,0.0,
2020-03-22T20:40:21Z,Other,2020-03-22 20:48:42+00:00,-8.048441886901855,-34.95265197753906,30.0,749.1,150,4.0,7.100000000000023,1.7750000000000057,0.0,0.0
2020-03-22T20:40:21Z,Other,2020-03-22 20:48:42+00:00,-8.048441886901855,-34.95265197753906,30.0,749.1,150,0.0,0.0,,0.0,
2020-03-22T20:40:21Z,Other,2020-03-22 20:48:46+00:00,-8.04845142364502,-34.952701568603516,30.0,755.1,150,4.0,6.0,1.5,0.0,0.0
2020-03-22T20:40:21Z,Other,2020-03-22 20:48:46+00:00,-8.04845142364502,-34.952701568603516,30.0,755.1,150,0.0,0.0,,0.0,
2020-03-22T20:40:21Z,Other,2020-03-22 20:48:50+00:00,-8.048466682434082,-34.9527587890625,30.0,762.2,152,4.0,7.100000000000023,1.7750000000000057,0.0,0.0
2020-03-22T20:40:21Z,Other,2020-03-22 20:48:50+00:00,-8.048466682434082,-34.9527587890625,30.0,762.2,152,0.0,0.0,,0.0,
2020-03-22T20:40:21Z,Other,2020-03-22 20:48:54+00:00,-8.04848575592041,-34.95280838012695,30.0,768.2,153,4.0,6.0,1.5,0.0,0.0
2020-03-22T20:40:21Z,Other,2020-03-22 20:48:54+00:00,-8.04848575592041,-34.95280838012695,30.0,768.2,153,0.0,0.0,,0.0,
2020-03-22T20:40:21Z,Other,2020-03-22 20:48:58+00:00,-8.048518180847168,-34.95285415649414,30.0,774.3,152,4.0,6.099999999999909,1.5249999999999773,0.0,0.0
2020-03-22T20:40:21Z,Other,2020-03-22 20:48:58+00:00,-8.048518180847168,-34.95285415649414,30.0,774.3,151,0.0,0.0,,0.0,
2020-03-22T20:40:21Z,Other,2020-03-22 20:49:02+00:00,-8.048548698425293,-34.9528923034668,30.0,779.3,151,4.0,5.0,1.25,0.0,0.0
2020-03-22T20:40:21Z,Other,2020-03-22 20:49:02+00:00,-8.048548698425293,-34.9528923034668,30.0,779.3,151,0.0,0.0,,0.0,
2020-03-22T20:40:21Z,Other,2020-03-22 20:49:06+00:00,-8.048585891723633,-34.95293045043945,30.0,785.3,150,4.0,6.0,1.5,0.0,0.0
2020-03-22T20:40:21Z,Other,2020-03-22 20:49:06+00:00,-8.048585891723633,-34.95293045043945,30.0,785.3,150,0.0,0.0,,0.0,
2020-03-22T20:40:21Z,Other,2020-03-22 20:49:11+00:00,-8.048632621765137,-34.95295715332031,30.0,791.4,151,5.0,6.100000000000023,1.2200000000000046,0.0,0.0
2020-03-22T20:40:21Z,Other,2020-03-22 20:49:11+00:00,-8.048632621765137,-34.95295715332031,30.0,791.4,151,0.0,0.0,,0.0,
2020-03-22T20:40:21Z,Other,2020-03-22 20:49:16+00:00,-8.048688888549805,-34.95298385620117,30.0,798.4,150,5.0,7.0,1.4,0.0,0.0
2020-03-22T20:40:21Z,Other,2020-03-22 20:49:16+00:00,-8.048688888549805,-34.95298385620117,30.0,798.4,150,0.0,0.0,,0.0,
2020-03-22T20:40:21Z,Other,2020-03-22 20:49:21+00:00,-8.048747062683105,-34.9530029296875,30.0,805.5,151,5.0,7.100000000000023,1.4200000000000046,0.0,0.0
2020-03-22T20:40:21Z,Other,2020-03-22 20:49:21+00:00,-8.048747062683105,-34.9530029296875,30.0,805.5,151,0.0,0.0,,0.0,
2020-03-22T20:40:21Z,Other,2020-03-22 20:49:25+00:00,-8.048791885375977,-34.95302963256836,30.0,811.5,154,4.0,6.0,1.5,0.0,0.0
2020-03-22T20:40:21Z,Other,2020-03-22 20:49:25+00:00,-8.048791885375977,-34.95302963256836,30.0,811.5,154,0.0,0.0,,0.0,
2020-03-22T20:40:21Z,Other,2020-03-22 20:49:30+00:00,-8.048844337463379,-34.95305252075195,30.0,817.5,154,5.0,6.0,1.2,0.0,0.0
2020-03-22T20:40:21Z,Other,2020-03-22 20:49:30+00:00,-8.048844337463379,-34.95305252075195,30.0,817.5,154,0.0,0.0,,0.0,
2020-03-22T20:40:21Z,Other,2020-03-22 20:49:35+00:00,-8.048911094665527,-34.95307159423828,30.0,825.6,155,5.0,8.100000000000023,1.6200000000000045,0.0,0.0
2020-03-22T20:40:21Z,Other,2020-03-22 20:49:35+00:00,-8.048911094665527,-34.95307159423828,30.0,825.6,155,0.0,0.0,,0.0,
2020-03-22T20:40:21Z,Other,2020-03-22 20:49:39+00:00,-8.048974990844727,-34.95307922363281,30.0,832.6,154,4.0,7.0,1.75,0.0,0.0
2020-03-22T20:40:21Z,Other,2020-03-22 20:49:39+00:00,-8.048974990844727,-34.95307922363281,30.0,832.6,153,0.0,0.0,,0.0,
2020-03-22T20:40:21Z,Other,2020-03-22 20:49:43+00:00,-8.049038887023926,-34.95308303833008,30.0,839.7,152,4.0,7.100000000000023,1.7750000000000057,0.0,0.0
2020-03-22T20:40:21Z,Other,2020-03-22 20:49:43+00:00,-8.049038887023926,-34.95308303833008,30.0,839.7,152,0.0,0.0,,0.0,
2020-03-22T20:40:21Z,Other,2020-03-22 20:49:47+00:00,-8.049094200134277,-34.95308303833008,30.0,845.7,150,4.0,6.0,1.5,0.0,0.0
2020-03-22T20:40:21Z,Other,2020-03-22 20:49:47+00:00,-8.049094200134277,-34.95308303833008,30.0,845.7,149,0.0,0.0,,0.0,
2020-03-22T20:40:21Z,Other,2020-03-22 20:49:51+00:00,-8.049145698547363,-34.95307922363281,30.0,851.8,149,4.0,6.099999999999909,1.5249999999999773,0.0,0.0
2020-03-22T20:40:21Z,Other,2020-03-22 20:49:51+00:00,-8.049145698547363,-34.95307922363281,30.0,851.8,150,0.0,0.0,,0.0,
2020-03-22T20:40:21Z,Other,2020-03-22 20:49:55+00:00,-8.049198150634766,-34.95308303833008,30.0,857.8,149,4.0,6.0,1.5,0.0,0.0
2020-03-22T20:40:21Z,Other,2020-03-22 20:49:55+00:00,-8.049198150634766,-34.95308303833008,30.0,857.8,149,0.0,0.0,,0.0,
2020-03-22T20:40:21Z,Other,2020-03-22 20:49:59+00:00,-8.049257278442383,-34.953086853027344,30.0,864.9,148,4.0,7.100000000000023,1.7750000000000057,0.0,0.0
2020-03-22T20:40:21Z,Other,2020-03-22 20:49:59+00:00,-8.049257278442383,-34.953086853027344,30.0,864.9,147,0.0,0.0,,0.0,
2020-03-22T20:40:21Z,Other,2020-03-22 20:50:03+00:00,-8.049321174621582,-34.953086853027344,30.0,871.9,147,4.0,7.0,1.75,0.0,0.0
2020-03-22T20:40:21Z,Other,2020-03-22 20:50:03+00:00,-8.049321174621582,-34.953086853027344,30.0,871.9,147,0.0,0.0,,0.0,
2020-03-22T20:40:21Z,Other,2020-03-22 20:50:06+00:00,-8.049371719360352,-34.95309066772461,30.0,878.0,147,3.0,6.100000000000023,2.0333333333333408,0.0,0.0
2020-03-22T20:40:21Z,Other,2020-03-22 20:50:06+00:00,-8.049371719360352,-34.95309066772461,30.0,878.0,147,0.0,0.0,,0.0,
2020-03-22T20:40:21Z,Other,2020-03-22 20:50:10+00:00,-8.049429893493652,-34.95310974121094,30.0,885.0,149,4.0,7.0,1.75,0.0,0.0
2020-03-22T20:40:21Z,Other,2020-03-22 20:50:10+00:00,-8.049429893493652,-34.95310974121094,30.0,885.0,149,0.0,0.0,,0.0,
2020-03-22T20:40:21Z,Other,2020-03-22 20:50:14+00:00,-8.049516677856445,-34.95313262939453,30.0,895.1,148,4.0,10.100000000000023,2.5250000000000057,0.0,0.0
2020-03-22T20:40:21Z,Other,2020-03-22 20:50:14+00:00,-8.049516677856445,-34.95313262939453,30.0,895.1,147,0.0,0.0,,0.0,
2020-03-22T20:40:21Z,Other,2020-03-22 20:50:16+00:00,-8.049528121948242,-34.9531364440918,30.0,896.1,147,2.0,1.0,0.5,0.0,0.0
2020-03-22T20:40:21Z,Other,2020-03-22 20:50:16+00:00,-8.049528121948242,-34.9531364440918,30.0,896.1,147,0.0,0.0,,0.0,
2020-03-22T20:40:21Z,Other,2020-03-22 20:50:21+00:00,-8.04958724975586,-34.953155517578125,30.0,903.1,148,5.0,7.0,1.4,0.0,0.0
2020-03-22T20:40:21Z,Other,2020-03-22 20:50:21+00:00,-8.04958724975586,-34.953155517578125,30.0,903.1,148,0.0,0.0,,0.0,
2020-03-22T20:40:21Z,Other,2020-03-22 20:50:25+00:00,-8.049638748168945,-34.95316696166992,30.0,909.2,147,4.0,6.100000000000023,1.5250000000000057,0.0,0.0
2020-03-22T20:40:21Z,Other,2020-03-22 20:50:25+00:00,-8.049638748168945,-34.95316696166992,30.0,909.2,147,0.0,0.0,,0.0,
2020-03-22T20:40:21Z,Other,2020-03-22 20:50:29+00:00,-8.049688339233398,-34.95317459106445,30.0,915.2,147,4.0,6.0,1.5,0.0,0.0
2020-03-22T20:40:21Z,Other,2020-03-22 20:50:29+00:00,-8.049688339233398,-34.95317459106445,30.0,915.2,147,0.0,0.0,,0.0,
2020-03-22T20:40:21Z,Other,2020-03-22 20:50:34+00:00,-8.049755096435547,-34.953182220458984,30.0,922.3,145,5.0,7.099999999999909,1.4199999999999817,0.0,0.0
2020-03-22T20:40:21Z,Other,2020-03-22 20:50:34+00:00,-8.049755096435547,-34.953182220458984,30.0,922.3,145,0.0,0.0,,0.0,
2020-03-22T20:40:21Z,Other,2020-03-22 20:50:38+00:00,-8.049806594848633,-34.953182220458984,30.0,928.3,144,4.0,6.0,1.5,0.0,0.0
2020-03-22T20:40:21Z,Other,2020-03-22 20:50:38+00:00,-8.049806594848633,-34.953182220458984,30.0,928.3,143,0.0,0.0,,0.0,
2020-03-22T20:40:21Z,Other,2020-03-22 20:50:43+00:00,-8.049870491027832,-34.95318603515625,30.0,935.3,143,5.0,7.0,1.4,0.0,0.0
2020-03-22T20:40:21Z,Other,2020-03-22 20:50:43+00:00,-8.049870491027832,-34.95318603515625,30.0,935.3,144,0.0,0.0,,0.0,
2020-03-22T20:40:21Z,Other,2020-03-22 20:50:47+00:00,-8.049924850463867,-34.95318603515625,30.0,941.4,144,4.0,6.100000000000023,1.5250000000000057,0.0,0.0
2020-03-22T20:40:21Z,Other,2020-03-22 20:50:47+00:00,-8.049924850463867,-34.95318603515625,30.0,941.4,142,0.0,0.0,,0.0,
2020-03-22T20:40:21Z,Other,2020-03-22 20:50:51+00:00,-8.049985885620117,-34.953189849853516,30.0,948.4,141,4.0,7.0,1.75,0.0,0.0
2020-03-22T20:40:21Z,Other,2020-03-22 20:50:51+00:00,-8.049985885620117,-34.953189849853516,30.0,948.4,141,0.0,0.0,,0.0,
2020-03-22T20:40:21Z,Other,2020-03-22 20:50:54+00:00,-8.050033569335938,-34.95319366455078,30.0,953.5,141,3.0,5.100000000000023,1.7000000000000075,0.0,0.0
2020-03-22T20:40:21Z,Other,2020-03-22 20:50:54+00:00,-8.050033569335938,-34.95319366455078,30.0,953.5,141,0.0,0.0,,0.0,
2020-03-22T20:40:21Z,Other,2020-03-22 20:50:58+00:00,-8.050091743469238,-34.95319366455078,30.0,959.5,142,4.0,6.0,1.5,0.0,0.0
2020-03-22T20:40:21Z,Other,2020-03-22 20:50:58+00:00,-8.050091743469238,-34.95319366455078,30.0,959.5,142,0.0,0.0,,0.0,
2020-03-22T20:40:21Z,Other,2020-03-22 20:51:02+00:00,-8.050153732299805,-34.95320510864258,30.0,966.6,144,4.0,7.100000000000023,1.7750000000000057,0.0,0.0
2020-03-22T20:40:21Z,Other,2020-03-22 20:51:02+00:00,-8.050153732299805,-34.95320510864258,30.0,966.6,144,0.0,0.0,,0.0,
2020-03-22T20:40:21Z,Other,2020-03-22 20:51:06+00:00,-8.050211906433105,-34.95322036743164,30.0,973.6,143,4.0,7.0,1.75,0.0,0.0
2020-03-22T20:40:21Z,Other,2020-03-22 20:51:06+00:00,-8.050211906433105,-34.95322036743164,30.0,973.6,143,0.0,0.0,,0.0,
2020-03-22T20:40:21Z,Other,2020-03-22 20:51:10+00:00,-8.05026912689209,-34.9532356262207,30.0,980.7,144,4.0,7.100000000000023,1.7750000000000057,0.0,0.0
2020-03-22T20:40:21Z,Other,2020-03-22 20:51:10+00:00,-8.05026912689209,-34.9532356262207,30.0,980.7,144,0.0,0.0,,0.0,
2020-03-22T20:40:21Z,Other,2020-03-22 20:51:14+00:00,-8.05031967163086,-34.95323944091797,30.0,986.7,144,4.0,6.0,1.5,0.0,0.0
2020-03-22T20:40:21Z,Other,2020-03-22 20:51:14+00:00,-8.05031967163086,-34.95323944091797,30.0,986.7,142,0.0,0.0,,0.0,
2020-03-22T20:40:21Z,Other,2020-03-22 20:51:18+00:00,-8.050378799438477,-34.9532470703125,30.0,993.7,142,4.0,7.0,1.75,0.0,0.0
2020-03-22T20:40:21Z,Other,2020-03-22 20:51:18+00:00,-8.050378799438477,-34.9532470703125,30.0,993.7,142,0.0,0.0,,0.0,
2020-03-22T20:40:21Z,Other,2020-03-22 20:51:22+00:00,-8.050437927246094,-34.953250885009766,30.0,1000.8,142,4.0,7.099999999999909,1.7749999999999773,0.0,0.0
2020-03-22T20:40:21Z,Other,2020-03-22 20:51:22+00:00,-8.050437927246094,-34.953250885009766,30.0,1000.8,142,0.0,0.0,,0.0,
2020-03-22T20:40:21Z,Other,2020-03-22 20:51:26+00:00,-8.050498008728027,-34.9532470703125,30.0,1007.8,145,4.0,7.0,1.75,0.0,0.0
2020-03-22T20:40:21Z,Other,2020-03-22 20:51:26+00:00,-8.050498008728027,-34.9532470703125,30.0,1007.8,146,0.0,0.0,,0.0,
2020-03-22T20:40:21Z,Other,2020-03-22 20:51:30+00:00,-8.050559043884277,-34.953243255615234,29.0,1014.9,147,4.0,7.100000000000023,1.7750000000000057,-1.0,-14.084507042253477
2020-03-22T20:40:21Z,Other,2020-03-22 20:51:30+00:00,-8.050559043884277,-34.953243255615234,29.0,1014.9,147,0.0,0.0,,0.0,
2020-03-22T20:40:21Z,Other,2020-03-22 20:51:34+00:00,-8.050620079040527,-34.953250885009766,25.0,1021.9,148,4.0,7.0,1.75,-4.0,-57.14285714285714
2020-03-22T20:40:21Z,Other,2020-03-22 20:51:34+00:00,-8.050620079040527,-34.953250885009766,25.0,1021.9,147,0.0,0.0,,0.0,
2020-03-22T20:40:21Z,Other,2020-03-22 20:51:38+00:00,-8.050682067871094,-34.95325469970703,25.0,1029.0,147,4.0,7.100000000000023,1.7750000000000057,0.0,0.0
2020-03-22T20:40:21Z,Other,2020-03-22 20:51:38+00:00,-8.050682067871094,-34.95325469970703,25.0,1029.0,146,0.0,0.0,,0.0,
2020-03-22T20:40:21Z,Other,2020-03-22 20:51:42+00:00,-8.050741195678711,-34.95326232910156,25.0,1036.0,145,4.0,7.0,1.75,0.0,0.0
2020-03-22T20:40:21Z,Other,2020-03-22 20:51:42+00:00,-8.050741195678711,-34.95326232910156,25.0,1036.0,145,0.0,0.0,,0.0,
2020-03-22T20:40:21Z,Other,2020-03-22 20:51:46+00:00,-8.050798416137695,-34.953277587890625,27.0,1043.1,145,4.0,7.099999999999909,1.7749999999999773,2.0,28.169014084507403
2020-03-22T20:40:21Z,Other,2020-03-22 20:51:46+00:00,-8.050798416137695,-34.953277587890625,27.0,1043.1,145,0.0,0.0,,0.0,
2020-03-22T20:40:21Z,Other,2020-03-22 20:51:50+00:00,-8.05085563659668,-34.953285217285156,28.0,1049.1,146,4.0,6.0,1.5,1.0,16.666666666666664
2020-03-22T20:40:21Z,Other,2020-03-22 20:51:50+00:00,-8.05085563659668,-34.953285217285156,28.0,1049.1,147,0.0,0.0,,0.0,
2020-03-22T20:40:21Z,Other,2020-03-22 20:51:54+00:00,-8.050914764404297,-34.95329666137695,28.0,1056.2,148,4.0,7.100000000000136,1.775000000000034,0.0,0.0
2020-03-22T20:40:21Z,Other,2020-03-22 20:51:54+00:00,-8.050914764404297,-34.95329666137695,28.0,1056.2,148,0.0,0.0,,0.0,
2020-03-22T20:40:21Z,Other,2020-03-22 20:51:58+00:00,-8.050972938537598,-34.95330810546875,29.0,1063.2,147,4.0,7.0,1.75,1.0,14.285714285714285
2020-03-22T20:40:21Z,Other,2020-03-22 20:51:58+00:00,-8.050972938537598,-34.95330810546875,29.0,1063.2,147,0.0,0.0,,0.0,
2020-03-22T20:40:21Z,Other,2020-03-22 20:52:02+00:00,-8.051027297973633,-34.95332336425781,29.0,1069.3,145,4.0,6.099999999999909,1.5249999999999773,0.0,0.0
2020-03-22T20:40:21Z,Other,2020-03-22 20:52:02+00:00,-8.051027297973633,-34.95332336425781,29.0,1069.3,145,0.0,0.0,,0.0,
2020-03-22T20:40:21Z,Other,2020-03-22 20:52:06+00:00,-8.051079750061035,-34.95333480834961,29.0,1075.3,145,4.0,6.0,1.5,0.0,0.0
2020-03-22T20:40:21Z,Other,2020-03-22 20:52:06+00:00,-8.051079750061035,-34.95333480834961,29.0,1075.3,145,0.0,0.0,,0.0,
2020-03-22T20:40:21Z,Other,2020-03-22 20:52:10+00:00,-8.051136016845703,-34.953330993652344,29.0,1081.3,145,4.0,6.0,1.5,0.0,0.0
2020-03-22T20:40:21Z,Other,2020-03-22 20:52:10+00:00,-8.051136016845703,-34.953330993652344,29.0,1081.3,145,0.0,0.0,,0.0,
2020-03-22T20:40:21Z,Other,2020-03-22 20:52:14+00:00,-8.051190376281738,-34.953330993652344,29.0,1087.4,145,4.0,6.100000000000136,1.525000000000034,0.0,0.0
2020-03-22T20:40:21Z,Other,2020-03-22 20:52:14+00:00,-8.051190376281738,-34.953330993652344,29.0,1087.4,145,0.0,0.0,,0.0,
2020-03-22T20:40:21Z,Other,2020-03-22 20:52:18+00:00,-8.051253318786621,-34.953330993652344,29.0,1094.4,145,4.0,7.0,1.75,0.0,0.0
2020-03-22T20:40:21Z,Other,2020-03-22 20:52:18+00:00,-8.051253318786621,-34.953330993652344,29.0,1094.4,145,0.0,0.0,,0.0,
2020-03-22T20:40:21Z,Other,2020-03-22 20:52:22+00:00,-8.051310539245605,-34.95333480834961,29.0,1100.5,145,4.0,6.099999999999909,1.5249999999999773,0.0,0.0
2020-03-22T20:40:21Z,Other,2020-03-22 20:52:22+00:00,-8.051310539245605,-34.95333480834961,29.0,1100.5,145,0.0,0.0,,0.0,
2020-03-22T20:40:21Z,Other,2020-03-22 20:52:26+00:00,-8.05136489868164,-34.953338623046875,29.0,1106.5,144,4.0,6.0,1.5,0.0,0.0
2020-03-22T20:40:21Z,Other,2020-03-22 20:52:26+00:00,-8.05136489868164,-34.953338623046875,29.0,1106.5,144,0.0,0.0,,0.0,
2020-03-22T20:40:21Z,Other,2020-03-22 20:52:30+00:00,-8.051419258117676,-34.95335006713867,29.0,1112.5,144,4.0,6.0,1.5,0.0,0.0
2020-03-22T20:40:21Z,Other,2020-03-22 20:52:30+00:00,-8.051419258117676,-34.95335006713867,29.0,1112.5,144,0.0,0.0,,0.0,
2020-03-22T20:40:21Z,Other,2020-03-22 20:52:34+00:00,-8.051477432250977,-34.95335388183594,29.0,1118.6,146,4.0,6.099999999999909,1.5249999999999773,0.0,0.0
2020-03-22T20:40:21Z,Other,2020-03-22 20:52:34+00:00,-8.051477432250977,-34.95335388183594,29.0,1118.6,145,0.0,0.0,,0.0,
2020-03-22T20:40:21Z,Other,2020-03-22 20:52:38+00:00,-8.051532745361328,-34.95335388183594,29.0,1124.6,144,4.0,6.0,1.5,0.0,0.0
2020-03-22T20:40:21Z,Other,2020-03-22 20:52:38+00:00,-8.051532745361328,-34.95335388183594,29.0,1124.6,144,0.0,0.0,,0.0,
2020-03-22T20:40:21Z,Other,2020-03-22 20:52:43+00:00,-8.051599502563477,-34.95336151123047,29.0,1131.7,145,5.0,7.100000000000136,1.4200000000000272,0.0,0.0
2020-03-22T20:40:21Z,Other,2020-03-22 20:52:43+00:00,-8.051599502563477,-34.95336151123047,29.0,1131.7,144,0.0,0.0,,0.0,
2020-03-22T20:40:21Z,Other,2020-03-22 20:52:47+00:00,-8.051652908325195,-34.953369140625,29.0,1137.7,145,4.0,6.0,1.5,0.0,0.0
2020-03-22T20:40:21Z,Other,2020-03-22 20:52:47+00:00,-8.051652908325195,-34.953369140625,29.0,1137.7,145,0.0,0.0,,0.0,
2020-03-22T20:40:21Z,Other,2020-03-22 20:52:52+00:00,-8.05170726776123,-34.9533576965332,29.0,1143.8,145,5.0,6.099999999999909,1.2199999999999818,0.0,0.0
2020-03-22T20:40:21Z,Other,2020-03-22 20:52:52+00:00,-8.05170726776123,-34.9533576965332,29.0,1143.8,144,0.0,0.0,,0.0,
2020-03-22T20:40:21Z,Other,2020-03-22 20:52:57+00:00,-8.051739692687988,-34.953311920166016,29.0,1149.8,145,5.0,6.0,1.2,0.0,0.0
2020-03-22T20:40:21Z,Other,2020-03-22 20:52:57+00:00,-8.051739692687988,-34.953311920166016,29.0,1149.8,145,0.0,0.0,,0.0,
2020-03-22T20:40:21Z,Other,2020-03-22 20:53:02+00:00,-8.051780700683594,-34.953269958496094,29.0,1155.8,147,5.0,6.0,1.2,0.0,0.0
2020-03-22T20:40:21Z,Other,2020-03-22 20:53:02+00:00,-8.051780700683594,-34.953269958496094,29.0,1155.8,147,0.0,0.0,,0.0,
2020-03-22T20:40:21Z,Other,2020-03-22 20:53:06+00:00,-8.051823616027832,-34.9532356262207,29.0,1161.9,148,4.0,6.100000000000136,1.525000000000034,0.0,0.0
2020-03-22T20:40:21Z,Other,2020-03-22 20:53:06+00:00,-8.051823616027832,-34.9532356262207,29.0,1161.9,148,0.0,0.0,,0.0,
2020-03-22T20:40:21Z,Other,2020-03-22 20:53:10+00:00,-8.051861763000488,-34.95319366455078,29.0,1167.9,149,4.0,6.0,1.5,0.0,0.0
2020-03-22T20:40:21Z,Other,2020-03-22 20:53:10+00:00,-8.051861763000488,-34.95319366455078,29.0,1167.9,149,0.0,0.0,,0.0,
2020-03-22T20:40:21Z,Other,2020-03-22 20:53:14+00:00,-8.051886558532715,-34.95315170288086,29.0,1173.0,150,4.0,5.099999999999909,1.2749999999999773,0.0,0.0
2020-03-22T20:40:21Z,Other,2020-03-22 20:53:14+00:00,-8.051886558532715,-34.95315170288086,29.0,1173.0,150,0.0,0.0,,0.0,
2020-03-22T20:40:21Z,Other,2020-03-22 20:53:18+00:00,-8.051891326904297,-34.95309829711914,29.0,1179.0,150,4.0,6.0,1.5,0.0,0.0
2020-03-22T20:40:21Z,Other,2020-03-22 20:53:18+00:00,-8.051891326904297,-34.95309829711914,29.0,1179.0,149,0.0,0.0,,0.0,
2020-03-22T20:40:21Z,Other,2020-03-22 20:53:22+00:00,-8.051896095275879,-34.953041076660156,29.0,1185.0,149,4.0,6.0,1.5,0.0,0.0
2020-03-22T20:40:21Z,Other,2020-03-22 20:53:22+00:00,-8.051896095275879,-34.953041076660156,29.0,1185.0,149,0.0,0.0,,0.0,
2020-03-22T20:40:21Z,Other,2020-03-22 20:53:26+00:00,-8.051899909973145,-34.95298767089844,29.0,1191.1,150,4.0,6.099999999999909,1.5249999999999773,0.0,0.0
2020-03-22T20:40:21Z,Other,2020-03-22 20:53:26+00:00,-8.051899909973145,-34.95298767089844,29.0,1191.1,150,0.0,0.0,,0.0,
2020-03-22T20:40:21Z,Other,2020-03-22 20:53:30+00:00,-8.051909446716309,-34.95293426513672,29.0,1197.1,152,4.0,6.0,1.5,0.0,0.0
2020-03-22T20:40:21Z,Other,2020-03-22 20:53:30+00:00,-8.051909446716309,-34.95293426513672,29.0,1197.1,151,0.0,0.0,,0.0,
2020-03-22T20:40:21Z,Other,2020-03-22 20:53:34+00:00,-8.051920890808105,-34.952880859375,29.0,1203.2,150,4.0,6.100000000000136,1.525000000000034,0.0,0.0
2020-03-22T20:40:21Z,Other,2020-03-22 20:53:34+00:00,-8.051920890808105,-34.952880859375,29.0,1203.2,150,0.0,0.0,,0.0,
2020-03-22T20:40:21Z,Other,2020-03-22 20:53:38+00:00,-8.051932334899902,-34.95282745361328,29.0,1209.2,150,4.0,6.0,1.5,0.0,0.0
2020-03-22T20:40:21Z,Other,2020-03-22 20:53:38+00:00,-8.051932334899902,-34.95282745361328,29.0,1209.2,150,0.0,0.0,,0.0,
2020-03-22T20:40:21Z,Other,2020-03-22 20:53:42+00:00,-8.051933288574219,-34.95276641845703,29.0,1216.2,150,4.0,7.0,1.75,0.0,0.0
2020-03-22T20:40:21Z,Other,2020-03-22 20:53:42+00:00,-8.051933288574219,-34.95276641845703,29.0,1216.2,150,0.0,0.0,,0.0,
2020-03-22T20:40:21Z,Other,2020-03-22 20:53:46+00:00,-8.051939010620117,-34.95270538330078,29.0,1223.3,150,4.0,7.099999999999909,1.7749999999999773,0.0,0.0
2020-03-22T20:40:21Z,Other,2020-03-22 20:53:46+00:00,-8.051939010620117,-34.95270538330078,29.0,1223.3,150,0.0,0.0,,0.0,
2020-03-22T20:40:21Z,Other,2020-03-22 20:53:51+00:00,-8.051945686340332,-34.952640533447266,29.0,1230.3,150,5.0,7.0,1.4,0.0,0.0
2020-03-22T20:40:21Z,Other,2020-03-22 20:53:51+00:00,-8.051945686340332,-34.952640533447266,29.0,1230.3,150,0.0,0.0,,0.0,
2020-03-22T20:40:21Z,Other,2020-03-22 20:53:55+00:00,-8.051946640014648,-34.952579498291016,29.0,1237.4,153,4.0,7.100000000000136,1.775000000000034,0.0,0.0
2020-03-22T20:40:21Z,Other,2020-03-22 20:53:55+00:00,-8.051946640014648,-34.952579498291016,29.0,1237.4,153,0.0,0.0,,0.0,
2020-03-22T20:40:21Z,Other,2020-03-22 20:53:59+00:00,-8.051953315734863,-34.95252227783203,29.0,1243.4,153,4.0,6.0,1.5,0.0,0.0
2020-03-22T20:40:21Z,Other,2020-03-22 20:53:59+00:00,-8.051953315734863,-34.95252227783203,29.0,1243.4,152,0.0,0.0,,0.0,
2020-03-22T20:40:21Z,Other,2020-03-22 20:54:03+00:00,-8.051960945129395,-34.95246124267578,29.0,1250.5,152,4.0,7.099999999999909,1.7749999999999773,0.0,0.0
2020-03-22T20:40:21Z,Other,2020-03-22 20:54:03+00:00,-8.051960945129395,-34.95246124267578,29.0,1250.5,152,0.0,0.0,,0.0,
2020-03-22T20:40:21Z,Other,2020-03-22 20:54:07+00:00,-8.05196475982666,-34.9524040222168,28.0,1256.5,152,4.0,6.0,1.5,-1.0,-16.666666666666664
2020-03-22T20:40:21Z,Other,2020-03-22 20:54:07+00:00,-8.05196475982666,-34.9524040222168,28.0,1256.5,152,0.0,0.0,,0.0,
2020-03-22T20:40:21Z,Other,2020-03-22 20:54:11+00:00,-8.051969528198242,-34.95234298706055,28.0,1263.6,151,4.0,7.099999999999909,1.7749999999999773,0.0,0.0
2020-03-22T20:40:21Z,Other,2020-03-22 20:54:11+00:00,-8.051969528198242,-34.95234298706055,28.0,1263.6,150,0.0,0.0,,0.0,
2020-03-22T20:40:21Z,Other,2020-03-22 20:54:15+00:00,-8.051973342895508,-34.95228576660156,28.0,1269.6,150,4.0,6.0,1.5,0.0,0.0
2020-03-22T20:40:21Z,Other,2020-03-22 20:54:15+00:00,-8.051973342895508,-34.95228576660156,28.0,1269.6,151,0.0,0.0,,0.0,
2020-03-22T20:40:21Z,Other,2020-03-22 20:54:19+00:00,-8.051973342895508,-34.95222854614258,28.0,1275.7,152,4.0,6.100000000000136,1.525000000000034,0.0,0.0
2020-03-22T20:40:21Z,Other,2020-03-22 20:54:19+00:00,-8.051973342895508,-34.95222854614258,28.0,1275.7,152,0.0,0.0,,0.0,
2020-03-22T20:40:21Z,Other,2020-03-22 20:54:23+00:00,-8.051974296569824,-34.95216751098633,28.0,1282.7,154,4.0,7.0,1.75,0.0,0.0
2020-03-22T20:40:21Z,Other,2020-03-22 20:54:23+00:00,-8.051974296569824,-34.95216751098633,28.0,1282.7,156,0.0,0.0,,0.0,
2020-03-22T20:40:21Z,Other,2020-03-22 20:54:27+00:00,-8.051979064941406,-34.95210647583008,28.0,1289.7,157,4.0,7.0,1.75,0.0,0.0
2020-03-22T20:40:21Z,Other,2020-03-22 20:54:27+00:00,-8.051979064941406,-34.95210647583008,28.0,1289.7,157,0.0,0.0,,0.0,
2020-03-22T20:40:21Z,Other,2020-03-22 20:54:30+00:00,-8.051985740661621,-34.95206069946289,28.0,1294.8,156,3.0,5.099999999999909,1.6999999999999698,0.0,0.0
2020-03-22T20:40:21Z,Other,2020-03-22 20:54:30+00:00,-8.051985740661621,-34.95206069946289,28.0,1294.8,155,0.0,0.0,,0.0,
2020-03-22T20:40:21Z,Other,2020-03-22 20:54:34+00:00,-8.05198860168457,-34.952003479003906,28.0,1300.8,154,4.0,6.0,1.5,0.0,0.0
2020-03-22T20:40:21Z,Other,2020-03-22 20:54:34+00:00,-8.05198860168457,-34.952003479003906,28.0,1300.8,154,0.0,0.0,,0.0,
2020-03-22T20:40:21Z,Other,2020-03-22 20:54:38+00:00,-8.051986694335938,-34.951942443847656,28.0,1307.9,154,4.0,7.100000000000136,1.775000000000034,0.0,0.0
2020-03-22T20:40:21Z,Other,2020-03-22 20:54:38+00:00,-8.051986694335938,-34.951942443847656,28.0,1307.9,153,0.0,0.0,,0.0,
2020-03-22T20:40:21Z,Other,2020-03-22 20:54:42+00:00,-8.051994323730469,-34.95188522338867,28.0,1313.9,152,4.0,6.0,1.5,0.0,0.0
2020-03-22T20:40:21Z,Other,2020-03-22 20:54:42+00:00,-8.051994323730469,-34.95188522338867,28.0,1313.9,151,0.0,0.0,,0.0,
2020-03-22T20:40:21Z,Other,2020-03-22 20:54:46+00:00,-8.051995277404785,-34.95182800292969,28.0,1320.0,151,4.0,6.099999999999909,1.5249999999999773,0.0,0.0
2020-03-22T20:40:21Z,Other,2020-03-22 20:54:46+00:00,-8.051995277404785,-34.95182800292969,28.0,1320.0,151,0.0,0.0,,0.0,
2020-03-22T20:40:21Z,Other,2020-03-22 20:54:50+00:00,-8.051995277404785,-34.9517707824707,28.0,1326.0,152,4.0,6.0,1.5,0.0,0.0
2020-03-22T20:40:21Z,Other,2020-03-22 20:54:50+00:00,-8.051995277404785,-34.9517707824707,28.0,1326.0,151,0.0,0.0,,0.0,
2020-03-22T20:40:21Z,Other,2020-03-22 20:54:54+00:00,-8.051997184753418,-34.95171356201172,28.0,1332.0,151,4.0,6.0,1.5,0.0,0.0
2020-03-22T20:40:21Z,Other,2020-03-22 20:54:54+00:00,-8.051997184753418,-34.95171356201172,28.0,1332.0,151,0.0,0.0,,0.0,
2020-03-22T20:40:21Z,Other,2020-03-22 20:54:58+00:00,-8.052006721496582,-34.951656341552734,28.0,1338.1,152,4.0,6.099999999999909,1.5249999999999773,0.0,0.0
2020-03-22T20:40:21Z,Other,2020-03-22 20:54:58+00:00,-8.052006721496582,-34.951656341552734,28.0,1338.1,152,0.0,0.0,,0.0,
2020-03-22T20:40:21Z,Other,2020-03-22 20:55:02+00:00,-8.052011489868164,-34.95159912109375,28.0,1344.1,152,4.0,6.0,1.5,0.0,0.0
2020-03-22T20:40:21Z,Other,2020-03-22 20:55:02+00:00,-8.052011489868164,-34.95159912109375,28.0,1344.1,150,0.0,0.0,,0.0,
2020-03-22T20:40:21Z,Other,2020-03-22 20:55:06+00:00,-8.052008628845215,-34.95153045654297,28.0,1352.2,148,4.0,8.100000000000136,2.025000000000034,0.0,0.0
2020-03-22T20:40:21Z,Other,2020-03-22 20:55:06+00:00,-8.052008628845215,-34.95153045654297,28.0,1352.2,148,0.0,0.0,,0.0,
2020-03-22T20:40:21Z,Other,2020-03-22 20:55:09+00:00,-8.052000999450684,-34.951480865478516,28.0,1358.2,148,3.0,6.0,2.0,0.0,0.0
2020-03-22T20:40:21Z,Other,2020-03-22 20:55:09+00:00,-8.052000999450684,-34.951480865478516,28.0,1358.2,148,0.0,0.0,,0.0,
2020-03-22T20:40:21Z,Other,2020-03-22 20:55:13+00:00,-8.052000045776367,-34.951419830322266,28.0,1365.3,147,4.0,7.099999999999909,1.7749999999999773,0.0,0.0
2020-03-22T20:40:21Z,Other,2020-03-22 20:55:13+00:00,-8.052000045776367,-34.951419830322266,28.0,1365.3,146,0.0,0.0,,0.0,
2020-03-22T20:40:21Z,Other,2020-03-22 20:55:17+00:00,-8.052009582519531,-34.95136260986328,28.0,1371.3,144,4.0,6.0,1.5,0.0,0.0
2020-03-22T20:40:21Z,Other,2020-03-22 20:55:17+00:00,-8.052009582519531,-34.95136260986328,28.0,1371.3,144,0.0,0.0,,0.0,
2020-03-22T20:40:21Z,Other,2020-03-22 20:55:21+00:00,-8.052020072937012,-34.95130920410156,28.0,1377.3,144,4.0,6.0,1.5,0.0,0.0
2020-03-22T20:40:21Z,Other,2020-03-22 20:55:21+00:00,-8.052020072937012,-34.95130920410156,28.0,1377.3,143,0.0,0.0,,0.0,
2020-03-22T20:40:21Z,Other,2020-03-22 20:55:25+00:00,-8.052022933959961,-34.95125961303711,28.0,1382.4,142,4.0,5.100000000000136,1.275000000000034,0.0,0.0
2020-03-22T20:40:21Z,Other,2020-03-22 20:55:25+00:00,-8.052022933959961,-34.95125961303711,28.0,1382.4,141,0.0,0.0,,0.0,
2020-03-22T20:40:21Z,Other,2020-03-22 20:55:29+00:00,-8.052021980285645,-34.951202392578125,28.0,1388.4,141,4.0,6.0,1.5,0.0,0.0
2020-03-22T20:40:21Z,Other,2020-03-22 20:55:29+00:00,-8.052021980285645,-34.951202392578125,28.0,1388.4,140,0.0,0.0,,0.0,
2020-03-22T20:40:21Z,Other,2020-03-22 20:55:33+00:00,-8.052026748657227,-34.95114517211914,28.0,1394.5,140,4.0,6.099999999999909,1.5249999999999773,0.0,0.0
2020-03-22T20:40:21Z,Other,2020-03-22 20:55:33+00:00,-8.052026748657227,-34.95114517211914,28.0,1394.5,139,0.0,0.0,,0.0,
2020-03-22T20:40:21Z,Other,2020-03-22 20:55:37+00:00,-8.052033424377441,-34.951087951660156,27.0,1400.5,140,4.0,6.0,1.5,-1.0,-16.666666666666664
2020-03-22T20:40:21Z,Other,2020-03-22 20:55:37+00:00,-8.052033424377441,-34.951087951660156,27.0,1400.5,141,0.0,0.0,,0.0,
2020-03-22T20:40:21Z,Other,2020-03-22 20:55:41+00:00,-8.05203628540039,-34.95103073120117,27.0,1406.5,142,4.0,6.0,1.5,0.0,0.0
2020-03-22T20:40:21Z,Other,2020-03-22 20:55:41+00:00,-8.05203628540039,-34.95103073120117,27.0,1406.5,141,0.0,0.0,,0.0,
2020-03-22T20:40:21Z,Other,2020-03-22 20:55:45+00:00,-8.052037239074707,-34.95097351074219,27.0,1412.6,140,4.0,6.099999999999909,1.5249999999999773,0.0,0.0
2020-03-22T20:40:21Z,Other,2020-03-22 20:55:45+00:00,-8.052037239074707,-34.95097351074219,27.0,1412.6,140,0.0,0.0,,0.0,
2020-03-22T20:40:21Z,Other,2020-03-22 20:55:49+00:00,-8.052045822143555,-34.9509162902832,27.0,1418.6,140,4.0,6.0,1.5,0.0,0.0
2020-03-22T20:40:21Z,Other,2020-03-22 20:55:49+00:00,-8.052045822143555,-34.9509162902832,27.0,1418.6,140,0.0,0.0,,0.0,
2020-03-22T20:40:21Z,Other,2020-03-22 20:55:53+00:00,-8.052054405212402,-34.95085144042969,27.0,1425.7,140,4.0,7.100000000000136,1.775000000000034,0.0,0.0
2020-03-22T20:40:21Z,Other,2020-03-22 20:55:53+00:00,-8.052054405212402,-34.95085144042969,27.0,1425.7,140,0.0,0.0,,0.0,
2020-03-22T20:40:21Z,Other,2020-03-22 20:55:57+00:00,-8.052051544189453,-34.95079803466797,27.0,1431.7,140,4.0,6.0,1.5,0.0,0.0
2020-03-22T20:40:21Z,Other,2020-03-22 20:55:57+00:00,-8.052051544189453,-34.95079803466797,27.0,1431.7,140,0.0,0.0,,0.0,
2020-03-22T20:40:21Z,Other,2020-03-22 20:56:01+00:00,-8.052056312561035,-34.95073699951172,27.0,1438.8,140,4.0,7.099999999999909,1.7749999999999773,0.0,0.0
2020-03-22T20:40:21Z,Other,2020-03-22 20:56:01+00:00,-8.052056312561035,-34.95073699951172,27.0,1438.8,140,0.0,0.0,,0.0,
2020-03-22T20:40:21Z,Other,2020-03-22 20:56:05+00:00,-8.05206298828125,-34.95067596435547,27.0,1445.8,140,4.0,7.0,1.75,0.0,0.0
2020-03-22T20:40:21Z,Other,2020-03-22 20:56:05+00:00,-8.05206298828125,-34.95067596435547,27.0,1445.8,140,0.0,0.0,,0.0,
2020-03-22T20:40:21Z,Other,2020-03-22 20:56:09+00:00,-8.05207347869873,-34.95062255859375,27.0,1451.8,140,4.0,6.0,1.5,0.0,0.0
2020-03-22T20:40:21Z,Other,2020-03-22 20:56:09+00:00,-8.05207347869873,-34.95062255859375,27.0,1451.8,140,0.0,0.0,,0.0,
2020-03-22T20:40:21Z,Other,2020-03-22 20:56:13+00:00,-8.052083969116211,-34.950565338134766,27.0,1457.9,140,4.0,6.100000000000136,1.525000000000034,0.0,0.0
2020-03-22T20:40:21Z,Other,2020-03-22 20:56:13+00:00,-8.052083969116211,-34.950565338134766,27.0,1457.9,140,0.0,0.0,,0.0,
2020-03-22T20:40:21Z,Other,2020-03-22 20:56:17+00:00,-8.052094459533691,-34.95050811767578,27.0,1463.9,141,4.0,6.0,1.5,0.0,0.0
2020-03-22T20:40:21Z,Other,2020-03-22 20:56:17+00:00,-8.052094459533691,-34.95050811767578,27.0,1463.9,141,0.0,0.0,,0.0,
2020-03-22T20:40:21Z,Other,2020-03-22 20:56:21+00:00,-8.052104949951172,-34.9504508972168,27.0,1470.0,141,4.0,6.099999999999909,1.5249999999999773,0.0,0.0
2020-03-22T20:40:21Z,Other,2020-03-22 20:56:21+00:00,-8.052104949951172,-34.9504508972168,27.0,1470.0,141,0.0,0.0,,0.0,
2020-03-22T20:40:21Z,Other,2020-03-22 20:56:25+00:00,-8.052109718322754,-34.95039367675781,27.0,1476.0,143,4.0,6.0,1.5,0.0,0.0
2020-03-22T20:40:21Z,Other,2020-03-22 20:56:25+00:00,-8.052109718322754,-34.95039367675781,27.0,1476.0,142,0.0,0.0,,0.0,
2020-03-22T20:40:21Z,Other,2020-03-22 20:56:29+00:00,-8.052109718322754,-34.95033264160156,27.0,1483.1,141,4.0,7.099999999999909,1.7749999999999773,0.0,0.0
2020-03-22T20:40:21Z,Other,2020-03-22 20:56:29+00:00,-8.052109718322754,-34.95033264160156,27.0,1483.1,140,0.0,0.0,,0.0,
2020-03-22T20:40:21Z,Other,2020-03-22 20:56:33+00:00,-8.052112579345703,-34.95027160644531,27.0,1490.1,136,4.0,7.0,1.75,0.0,0.0
2020-03-22T20:40:21Z,Other,2020-03-22 20:56:33+00:00,-8.052112579345703,-34.95027160644531,27.0,1490.1,135,0.0,0.0,,0.0,
2020-03-22T20:40:21Z,Other,2020-03-22 20:56:37+00:00,-8.052115440368652,-34.95021057128906,27.0,1497.2,135,4.0,7.100000000000136,1.775000000000034,0.0,0.0
2020-03-22T20:40:21Z,Other,2020-03-22 20:56:37+00:00,-8.052115440368652,-34.95021057128906,27.0,1497.2,135,0.0,0.0,,0.0,
2020-03-22T20:40:21Z,Other,2020-03-22 20:56:41+00:00,-8.052116394042969,-34.95014953613281,27.0,1504.2,136,4.0,7.0,1.75,0.0,0.0
2020-03-22T20:40:21Z,Other,2020-03-22 20:56:41+00:00,-8.052116394042969,-34.95014953613281,27.0,1504.2,134,0.0,0.0,,0.0,
2020-03-22T20:40:21Z,Other,2020-03-22 20:56:45+00:00,-8.052118301391602,-34.95009231567383,27.0,1510.2,132,4.0,6.0,1.5,0.0,0.0
2020-03-22T20:40:21Z,Other,2020-03-22 20:56:45+00:00,-8.052118301391602,-34.95009231567383,27.0,1510.2,132,0.0,0.0,,0.0,
2020-03-22T20:40:21Z,Other,2020-03-22 20:56:49+00:00,-8.052118301391602,-34.95003128051758,27.0,1517.3,134,4.0,7.099999999999909,1.7749999999999773,0.0,0.0
2020-03-22T20:40:21Z,Other,2020-03-22 20:56:49+00:00,-8.052118301391602,-34.95003128051758,27.0,1517.3,134,0.0,0.0,,0.0,
2020-03-22T20:40:21Z,Other,2020-03-22 20:56:52+00:00,-8.052120208740234,-34.94998550415039,27.0,1522.3,134,3.0,5.0,1.6666666666666667,0.0,0.0
2020-03-22T20:40:21Z,Other,2020-03-22 20:56:52+00:00,-8.052120208740234,-34.94998550415039,27.0,1522.3,133,0.0,0.0,,0.0,
2020-03-22T20:40:21Z,Other,2020-03-22 20:56:56+00:00,-8.052119255065918,-34.949928283691406,27.0,1528.4,133,4.0,6.100000000000136,1.525000000000034,0.0,0.0
2020-03-22T20:40:21Z,Other,2020-03-22 20:56:56+00:00,-8.052119255065918,-34.949928283691406,27.0,1528.4,133,0.0,0.0,,0.0,
2020-03-22T20:40:21Z,Other,2020-03-22 20:57:00+00:00,-8.052122116088867,-34.94987106323242,27.0,1534.4,133,4.0,6.0,1.5,0.0,0.0
2020-03-22T20:40:21Z,Other,2020-03-22 20:57:00+00:00,-8.052122116088867,-34.94987106323242,27.0,1534.4,133,0.0,0.0,,0.0,
2020-03-22T20:40:21Z,Other,2020-03-22 20:57:04+00:00,-8.05212116241455,-34.949806213378906,27.0,1541.5,133,4.0,7.099999999999909,1.7749999999999773,0.0,0.0
2020-03-22T20:40:21Z,Other,2020-03-22 20:57:04+00:00,-8.05212116241455,-34.949806213378906,27.0,1541.5,133,0.0,0.0,,0.0,
2020-03-22T20:40:21Z,Other,2020-03-22 20:57:08+00:00,-8.052119255065918,-34.949745178222656,27.0,1548.5,133,4.0,7.0,1.75,0.0,0.0
2020-03-22T20:40:21Z,Other,2020-03-22 20:57:08+00:00,-8.052119255065918,-34.949745178222656,27.0,1548.5,133,0.0,0.0,,0.0,
2020-03-22T20:40:21Z,Other,2020-03-22 20:57:12+00:00,-8.052119255065918,-34.94968032836914,27.0,1555.6,132,4.0,7.099999999999909,1.7749999999999773,0.0,0.0
2020-03-22T20:40:21Z,Other,2020-03-22 20:57:12+00:00,-8.052119255065918,-34.94968032836914,27.0,1555.6,130,0.0,0.0,,0.0,
2020-03-22T20:40:21Z,Other,2020-03-22 20:57:16+00:00,-8.052124977111816,-34.94962692260742,27.0,1561.6,130,4.0,6.0,1.5,0.0,0.0
2020-03-22T20:40:21Z,Other,2020-03-22 20:57:16+00:00,-8.052124977111816,-34.94962692260742,27.0,1561.6,129,0.0,0.0,,0.0,
2020-03-22T20:40:21Z,Other,2020-03-22 20:57:20+00:00,-8.052130699157715,-34.94956588745117,27.0,1568.6,129,4.0,7.0,1.75,0.0,0.0
2020-03-22T20:40:21Z,Other,2020-03-22 20:57:20+00:00,-8.052130699157715,-34.94956588745117,27.0,1568.6,129,0.0,0.0,,0.0,
2020-03-22T20:40:21Z,Other,2020-03-22 20:57:24+00:00,-8.052136421203613,-34.94950866699219,27.0,1574.7,130,4.0,6.100000000000136,1.525000000000034,0.0,0.0
2020-03-22T20:40:21Z,Other,2020-03-22 20:57:24+00:00,-8.052136421203613,-34.94950866699219,27.0,1574.7,129,0.0,0.0,,0.0,
2020-03-22T20:40:21Z,Other,2020-03-22 20:57:28+00:00,-8.052139282226562,-34.9494514465332,27.0,1580.7,129,4.0,6.0,1.5,0.0,0.0
2020-03-22T20:40:21Z,Other,2020-03-22 20:57:28+00:00,-8.052139282226562,-34.9494514465332,27.0,1580.7,129,0.0,0.0,,0.0,
2020-03-22T20:40:21Z,Other,2020-03-22 20:57:32+00:00,-8.052144050598145,-34.949398040771484,27.0,1586.8,130,4.0,6.099999999999909,1.5249999999999773,0.0,0.0
2020-03-22T20:40:21Z,Other,2020-03-22 20:57:32+00:00,-8.052144050598145,-34.949398040771484,27.0,1586.8,130,0.0,0.0,,0.0,
2020-03-22T20:40:21Z,Other,2020-03-22 20:57:36+00:00,-8.052142143249512,-34.949344635009766,27.0,1592.8,132,4.0,6.0,1.5,0.0,0.0
2020-03-22T20:40:21Z,Other,2020-03-22 20:57:36+00:00,-8.052142143249512,-34.949344635009766,27.0,1592.8,132,0.0,0.0,,0.0,
2020-03-22T20:40:21Z,Other,2020-03-22 20:57:40+00:00,-8.052143096923828,-34.94928741455078,27.0,1598.8,132,4.0,6.0,1.5,0.0,0.0
2020-03-22T20:40:21Z,Other,2020-03-22 20:57:40+00:00,-8.052143096923828,-34.94928741455078,27.0,1598.8,132,0.0,0.0,,0.0,
2020-03-22T20:40:21Z,Other,2020-03-22 20:57:44+00:00,-8.05215072631836,-34.9492301940918,27.0,1604.9,132,4.0,6.100000000000136,1.525000000000034,0.0,0.0
2020-03-22T20:40:21Z,Other,2020-03-22 20:57:44+00:00,-8.05215072631836,-34.9492301940918,27.0,1604.9,132,0.0,0.0,,0.0,
2020-03-22T20:40:21Z,Other,2020-03-22 20:57:48+00:00,-8.05214786529541,-34.949180603027344,27.0,1609.9,132,4.0,5.0,1.25,0.0,0.0
2020-03-22T20:40:21Z,Other,2020-03-22 20:57:48+00:00,-8.05214786529541,-34.949180603027344,27.0,1609.9,131,0.0,0.0,,0.0,
2020-03-22T20:40:21Z,Other,2020-03-22 20:57:52+00:00,-8.052139282226562,-34.94912338256836,27.0,1616.0,130,4.0,6.099999999999909,1.5249999999999773,0.0,0.0
2020-03-22T20:40:21Z,Other,2020-03-22 20:57:52+00:00,-8.052139282226562,-34.94912338256836,27.0,1616.0,130,0.0,0.0,,0.0,
2020-03-22T20:40:21Z,Other,2020-03-22 20:57:56+00:00,-8.052138328552246,-34.949066162109375,27.0,1622.0,131,4.0,6.0,1.5,0.0,0.0
2020-03-22T20:40:21Z,Other,2020-03-22 20:57:56+00:00,-8.052138328552246,-34.949066162109375,27.0,1622.0,131,0.0,0.0,,0.0,
2020-03-22T20:40:21Z,Other,2020-03-22 20:58:00+00:00,-8.052142143249512,-34.94900894165039,27.0,1628.0,132,4.0,6.0,1.5,0.0,0.0
2020-03-22T20:40:21Z,Other,2020-03-22 20:58:00+00:00,-8.052142143249512,-34.94900894165039,27.0,1628.0,132,0.0,0.0,,0.0,
2020-03-22T20:40:21Z,Other,2020-03-22 20:58:04+00:00,-8.052149772644043,-34.948951721191406,27.0,1634.1,132,4.0,6.099999999999909,1.5249999999999773,0.0,0.0
2020-03-22T20:40:21Z,Other,2020-03-22 20:58:04+00:00,-8.052149772644043,-34.948951721191406,27.0,1634.1,133,0.0,0.0,,0.0,
2020-03-22T20:40:21Z,Other,2020-03-22 20:58:08+00:00,-8.052153587341309,-34.948890686035156,27.0,1641.1,135,4.0,7.0,1.75,0.0,0.0
2020-03-22T20:40:21Z,Other,2020-03-22 20:58:08+00:00,-8.052153587341309,-34.948890686035156,27.0,1641.1,135,0.0,0.0,,0.0,
2020-03-22T20:40:21Z,Other,2020-03-22 20:58:12+00:00,-8.052155494689941,-34.94883346557617,27.0,1647.2,134,4.0,6.100000000000136,1.525000000000034,0.0,0.0
2020-03-22T20:40:21Z,Other,2020-03-22 20:58:12+00:00,-8.052155494689941,-34.94883346557617,27.0,1647.2,132,0.0,0.0,,0.0,
2020-03-22T20:40:21Z,Other,2020-03-22 20:58:16+00:00,-8.052152633666992,-34.94877624511719,27.0,1653.2,132,4.0,6.0,1.5,0.0,0.0
2020-03-22T20:40:21Z,Other,2020-03-22 20:58:16+00:00,-8.052152633666992,-34.94877624511719,27.0,1653.2,131,0.0,0.0,,0.0,
2020-03-22T20:40:21Z,Other,2020-03-22 20:58:20+00:00,-8.052165031433105,-34.9487190246582,27.0,1659.3,131,4.0,6.099999999999909,1.5249999999999773,0.0,0.0
2020-03-22T20:40:21Z,Other,2020-03-22 20:58:20+00:00,-8.052165031433105,-34.9487190246582,27.0,1659.3,130,0.0,0.0,,0.0,
2020-03-22T20:40:21Z,Other,2020-03-22 20:58:24+00:00,-8.052172660827637,-34.94865798950195,25.0,1666.3,130,4.0,7.0,1.75,-2.0,-28.57142857142857
2020-03-22T20:40:21Z,Other,2020-03-22 20:58:24+00:00,-8.052172660827637,-34.94865798950195,25.0,1666.3,130,0.0,0.0,,0.0,
2020-03-22T20:40:21Z,Other,2020-03-22 20:58:28+00:00,-8.052186012268066,-34.94860076904297,24.0,1672.3,130,4.0,6.0,1.5,-1.0,-16.666666666666664
2020-03-22T20:40:21Z,Other,2020-03-22 20:58:28+00:00,-8.052186012268066,-34.94860076904297,24.0,1672.3,130,0.0,0.0,,0.0,
2020-03-22T20:40:21Z,Other,2020-03-22 20:58:32+00:00,-8.052194595336914,-34.94853973388672,24.0,1679.4,132,4.0,7.100000000000136,1.775000000000034,0.0,0.0
2020-03-22T20:40:21Z,Other,2020-03-22 20:58:32+00:00,-8.052194595336914,-34.94853973388672,24.0,1679.4,132,0.0,0.0,,0.0,
2020-03-22T20:40:21Z,Other,2020-03-22 20:58:36+00:00,-8.05219841003418,-34.94847869873047,25.0,1686.4,134,4.0,7.0,1.75,1.0,14.285714285714285
2020-03-22T20:40:21Z,Other,2020-03-22 20:58:36+00:00,-8.05219841003418,-34.94847869873047,25.0,1686.4,134,0.0,0.0,,0.0,
2020-03-22T20:40:21Z,Other,2020-03-22 20:58:41+00:00,-8.052194595336914,-34.94841003417969,25.0,1694.5,134,5.0,8.099999999999909,1.619999999999982,0.0,0.0
2020-03-22T20:40:21Z,Other,2020-03-22 20:58:41+00:00,-8.052194595336914,-34.94841003417969,25.0,1694.5,134,0.0,0.0,,0.0,
2020-03-22T20:40:21Z,Other,2020-03-22 20:58:45+00:00,-8.0521879196167,-34.9483528137207,25.0,1700.5,134,4.0,6.0,1.5,0.0,0.0
2020-03-22T20:40:21Z,Other,2020-03-22 20:58:45+00:00,-8.0521879196167,-34.9483528137207,25.0,1700.5,134,0.0,0.0,,0.0,
2020-03-22T20:40:21Z,Other,2020-03-22 20:58:49+00:00,-8.052180290222168,-34.94829559326172,25.0,1706.6,135,4.0,6.099999999999909,1.5249999999999773,0.0,0.0
2020-03-22T20:40:21Z,Other,2020-03-22 20:58:49+00:00,-8.052180290222168,-34.94829559326172,25.0,1706.6,135,0.0,0.0,,0.0,
2020-03-22T20:40:21Z,Other,2020-03-22 20:58:53+00:00,-8.052186012268066,-34.948238372802734,25.0,1712.6,138,4.0,6.0,1.5,0.0,0.0
2020-03-22T20:40:21Z,Other,2020-03-22 20:58:53+00:00,-8.052186012268066,-34.948238372802734,25.0,1712.6,136,0.0,0.0,,0.0,
2020-03-22T20:40:21Z,Other,2020-03-22 20:58:57+00:00,-8.052188873291016,-34.948177337646484,25.0,1719.7,136,4.0,7.100000000000136,1.775000000000034,0.0,0.0
2020-03-22T20:40:21Z,Other,2020-03-22 20:58:57+00:00,-8.052188873291016,-34.948177337646484,25.0,1719.7,137,0.0,0.0,,0.0,
2020-03-22T20:40:21Z,Other,2020-03-22 20:59:01+00:00,-8.052175521850586,-34.9481201171875,25.0,1725.7,137,4.0,6.0,1.5,0.0,0.0
2020-03-22T20:40:21Z,Other,2020-03-22 20:59:01+00:00,-8.052175521850586,-34.9481201171875,25.0,1725.7,138,0.0,0.0,,0.0,
2020-03-22T20:40:21Z,Other,2020-03-22 20:59:05+00:00,-8.05215072631836,-34.94807052612305,25.0,1731.7,140,4.0,6.0,1.5,0.0,0.0
2020-03-22T20:40:21Z,Other,2020-03-22 20:59:05+00:00,-8.05215072631836,-34.94807052612305,25.0,1731.7,140,0.0,0.0,,0.0,
2020-03-22T20:40:21Z,Other,2020-03-22 20:59:09+00:00,-8.052139282226562,-34.948020935058594,25.0,1737.8,141,4.0,6.099999999999909,1.5249999999999773,0.0,0.0
2020-03-22T20:40:21Z,Other,2020-03-22 20:59:09+00:00,-8.052139282226562,-34.948020935058594,25.0,1737.8,141,0.0,0.0,,0.0,
2020-03-22T20:40:21Z,Other,2020-03-22 20:59:13+00:00,-8.052141189575195,-34.947959899902344,25.0,1744.8,141,4.0,7.0,1.75,0.0,0.0
2020-03-22T20:40:21Z,Other,2020-03-22 20:59:13+00:00,-8.052141189575195,-34.947959899902344,25.0,1744.8,141,0.0,0.0,,0.0,
2020-03-22T20:40:21Z,Other,2020-03-22 20:59:17+00:00,-8.052145004272461,-34.947898864746094,25.0,1751.9,142,4.0,7.100000000000136,1.775000000000034,0.0,0.0
2020-03-22T20:40:21Z,Other,2020-03-22 20:59:17+00:00,-8.052145004272461,-34.947898864746094,25.0,1751.9,142,0.0,0.0,,0.0,
2020-03-22T20:40:21Z,Other,2020-03-22 20:59:20+00:00,-8.052144050598145,-34.947845458984375,25.0,1757.9,142,3.0,6.0,2.0,0.0,0.0
2020-03-22T20:40:21Z,Other,2020-03-22 20:59:20+00:00,-8.052144050598145,-34.947845458984375,25.0,1757.9,141,0.0,0.0,,0.0,
2020-03-22T20:40:21Z,Other,2020-03-22 20:59:23+00:00,-8.052149772644043,-34.94779586791992,25.0,1764.0,141,3.0,6.099999999999909,2.033333333333303,0.0,0.0
2020-03-22T20:40:21Z,Other,2020-03-22 20:59:23+00:00,-8.052149772644043,-34.94779586791992,25.0,1764.0,141,0.0,0.0,,0.0,
2020-03-22T20:40:21Z,Other,2020-03-22 20:59:27+00:00,-8.05215835571289,-34.94773483276367,25.0,1771.0,140,4.0,7.0,1.75,0.0,0.0
2020-03-22T20:40:21Z,Other,2020-03-22 20:59:27+00:00,-8.05215835571289,-34.94773483276367,25.0,1771.0,139,0.0,0.0,,0.0,
2020-03-22T20:40:21Z,Other,2020-03-22 20:59:31+00:00,-8.052166938781738,-34.94767761230469,25.0,1777.1,139,4.0,6.099999999999909,1.5249999999999773,0.0,0.0
2020-03-22T20:40:21Z,Other,2020-03-22 20:59:31+00:00,-8.052166938781738,-34.94767761230469,25.0,1777.1,139,0.0,0.0,,0.0,
2020-03-22T20:40:21Z,Other,2020-03-22 20:59:35+00:00,-8.052165031433105,-34.9476203918457,25.0,1783.1,139,4.0,6.0,1.5,0.0,0.0
2020-03-22T20:40:21Z,Other,2020-03-22 20:59:35+00:00,-8.052165031433105,-34.9476203918457,25.0,1783.1,139,0.0,0.0,,0.0,
2020-03-22T20:40:21Z,Other,2020-03-22 20:59:39+00:00,-8.05215072631836,-34.947566986083984,25.0,1789.1,140,4.0,6.0,1.5,0.0,0.0
2020-03-22T20:40:21Z,Other,2020-03-22 20:59:39+00:00,-8.05215072631836,-34.947566986083984,25.0,1789.1,140,0.0,0.0,,0.0,
2020-03-22T20:40:21Z,Other,2020-03-22 20:59:43+00:00,-8.052118301391602,-34.9475212097168,25.0,1795.2,139,4.0,6.100000000000136,1.525000000000034,0.0,0.0
2020-03-22T20:40:21Z,Other,2020-03-22 20:59:43+00:00,-8.052118301391602,-34.9475212097168,25.0,1795.2,139,0.0,0.0,,0.0,
2020-03-22T20:40:21Z,Other,2020-03-22 20:59:48+00:00,-8.052064895629883,-34.94750213623047,27.0,1801.2,139,5.0,6.0,1.2,2.0,33.33333333333333
2020-03-22T20:40:21Z,Other,2020-03-22 20:59:48+00:00,-8.052064895629883,-34.94750213623047,27.0,1801.2,139,0.0,0.0,,0.0,
2020-03-22T20:40:21Z,Other,2020-03-22 20:59:52+00:00,-8.052018165588379,-34.9475212097168,27.0,1807.3,139,4.0,6.099999999999909,1.5249999999999773,0.0,0.0
2020-03-22T20:40:21Z,Other,2020-03-22 20:59:52+00:00,-8.052018165588379,-34.9475212097168,27.0,1807.3,139,0.0,0.0,,0.0,
2020-03-22T20:40:21Z,Other,2020-03-22 20:59:56+00:00,-8.051994323730469,-34.947566986083984,27.0,1813.3,139,4.0,6.0,1.5,0.0,0.0
2020-03-22T20:40:21Z,Other,2020-03-22 20:59:56+00:00,-8.051994323730469,-34.947566986083984,27.0,1813.3,138,0.0,0.0,,0.0,
2020-03-22T20:40:21Z,Other,2020-03-22 21:00:00+00:00,-8.051982879638672,-34.947628021240234,27.0,1820.3,138,4.0,7.0,1.75,0.0,0.0
2020-03-22T20:40:21Z,Other,2020-03-22 21:00:00+00:00,-8.051982879638672,-34.947628021240234,27.0,1820.3,137,0.0,0.0,,0.0,
2020-03-22T20:40:21Z,Other,2020-03-22 21:00:04+00:00,-8.051979064941406,-34.94769287109375,27.0,1827.4,138,4.0,7.100000000000136,1.775000000000034,0.0,0.0
2020-03-22T20:40:21Z,Other,2020-03-22 21:00:04+00:00,-8.051979064941406,-34.94769287109375,27.0,1827.4,136,0.0,0.0,,0.0,
2020-03-22T20:40:21Z,Other,2020-03-22 21:00:07+00:00,-8.051976203918457,-34.94773864746094,27.0,1832.4,134,3.0,5.0,1.6666666666666667,0.0,0.0
2020-03-22T20:40:21Z,Other,2020-03-22 21:00:07+00:00,-8.051976203918457,-34.94773864746094,27.0,1832.4,134,0.0,0.0,,0.0,
2020-03-22T20:40:21Z,Other,2020-03-22 21:00:11+00:00,-8.051972389221191,-34.94779968261719,27.0,1839.5,134,4.0,7.099999999999909,1.7749999999999773,0.0,0.0
2020-03-22T20:40:21Z,Other,2020-03-22 21:00:11+00:00,-8.051972389221191,-34.94779968261719,27.0,1839.5,133,0.0,0.0,,0.0,
2020-03-22T20:40:21Z,Other,2020-03-22 21:00:15+00:00,-8.05196475982666,-34.94785690307617,27.0,1845.5,131,4.0,6.0,1.5,0.0,0.0
2020-03-22T20:40:21Z,Other,2020-03-22 21:00:15+00:00,-8.05196475982666,-34.94785690307617,27.0,1845.5,130,0.0,0.0,,0.0,
2020-03-22T20:40:21Z,Other,2020-03-22 21:00:19+00:00,-8.051949501037598,-34.947914123535156,27.0,1852.6,130,4.0,7.099999999999909,1.7749999999999773,0.0,0.0
2020-03-22T20:40:21Z,Other,2020-03-22 21:00:19+00:00,-8.051949501037598,-34.947914123535156,27.0,1852.6,130,0.0,0.0,,0.0,
2020-03-22T20:40:21Z,Other,2020-03-22 21:00:22+00:00,-8.05194091796875,-34.947959899902344,27.0,1857.6,131,3.0,5.0,1.6666666666666667,0.0,0.0
2020-03-22T20:40:21Z,Other,2020-03-22 21:00:22+00:00,-8.05194091796875,-34.947959899902344,27.0,1857.6,130,0.0,0.0,,0.0,
2020-03-22T20:40:21Z,Other,2020-03-22 21:00:26+00:00,-8.05193042755127,-34.948020935058594,27.0,1864.6,130,4.0,7.0,1.75,0.0,0.0
2020-03-22T20:40:21Z,Other,2020-03-22 21:00:26+00:00,-8.05193042755127,-34.948020935058594,27.0,1864.6,130,0.0,0.0,,0.0,
2020-03-22T20:40:21Z,Other,2020-03-22 21:00:30+00:00,-8.051920890808105,-34.948081970214844,27.0,1871.7,130,4.0,7.100000000000136,1.775000000000034,0.0,0.0
2020-03-22T20:40:21Z,Other,2020-03-22 21:00:30+00:00,-8.051920890808105,-34.948081970214844,27.0,1871.7,130,0.0,0.0,,0.0,
2020-03-22T20:40:21Z,Other,2020-03-22 21:00:34+00:00,-8.051911354064941,-34.948143005371094,11.0,1878.7,132,4.0,7.0,1.75,-16.0,-228.57142857142856
2020-03-22T20:40:21Z,Other,2020-03-22 21:00:34+00:00,-8.051911354064941,-34.948143005371094,11.0,1878.7,132,0.0,0.0,,0.0,
2020-03-22T20:40:21Z,Other,2020-03-22 21:00:38+00:00,-8.051902770996094,-34.948204040527344,11.0,1885.8,132,4.0,7.099999999999909,1.7749999999999773,0.0,0.0
2020-03-22T20:40:21Z,Other,2020-03-22 21:00:38+00:00,-8.051902770996094,-34.948204040527344,11.0,1885.8,132,0.0,0.0,,0.0,
2020-03-22T20:40:21Z,Other,2020-03-22 21:00:42+00:00,-8.051894187927246,-34.94826889038086,11.0,1892.8,133,4.0,7.0,1.75,0.0,0.0
2020-03-22T20:40:21Z,Other,2020-03-22 21:00:42+00:00,-8.051894187927246,-34.94826889038086,11.0,1892.8,134,0.0,0.0,,0.0,
2020-03-22T20:40:21Z,Other,2020-03-22 21:00:46+00:00,-8.051887512207031,-34.94832229614258,11.0,1898.9,135,4.0,6.100000000000136,1.525000000000034,0.0,0.0
2020-03-22T20:40:21Z,Other,2020-03-22 21:00:46+00:00,-8.051887512207031,-34.94832229614258,11.0,1898.9,135,0.0,0.0,,0.0,
2020-03-22T20:40:21Z,Other,2020-03-22 21:00:50+00:00,-8.051883697509766,-34.94838333129883,11.0,1905.9,139,4.0,7.0,1.75,0.0,0.0
2020-03-22T20:40:21Z,Other,2020-03-22 21:00:50+00:00,-8.051883697509766,-34.94838333129883,11.0,1905.9,139,0.0,0.0,,0.0,
2020-03-22T20:40:21Z,Other,2020-03-22 21:00:54+00:00,-8.051874160766602,-34.94844055175781,11.0,1912.0,139,4.0,6.099999999999909,1.5249999999999773,0.0,0.0
2020-03-22T20:40:21Z,Other,2020-03-22 21:00:54+00:00,-8.051874160766602,-34.94844055175781,11.0,1912.0,139,0.0,0.0,,0.0,
2020-03-22T20:40:21Z,Other,2020-03-22 21:00:58+00:00,-8.051864624023438,-34.94850158691406,11.0,1919.0,141,4.0,7.0,1.75,0.0,0.0
2020-03-22T20:40:21Z,Other,2020-03-22 21:00:58+00:00,-8.051864624023438,-34.94850158691406,11.0,1919.0,141,0.0,0.0,,0.0,
2020-03-22T20:40:21Z,Other,2020-03-22 21:01:02+00:00,-8.051858901977539,-34.94856262207031,11.0,1926.1,141,4.0,7.099999999999909,1.7749999999999773,0.0,0.0
2020-03-22T20:40:21Z,Other,2020-03-22 21:01:02+00:00,-8.051858901977539,-34.94856262207031,11.0,1926.1,141,0.0,0.0,,0.0,
2020-03-22T20:40:21Z,Other,2020-03-22 21:01:06+00:00,-8.051848411560059,-34.94862365722656,11.0,1933.1,140,4.0,7.0,1.75,0.0,0.0
2020-03-22T20:40:21Z,Other,2020-03-22 21:01:06+00:00,-8.051848411560059,-34.94862365722656,11.0,1933.1,140,0.0,0.0,,0.0,
2020-03-22T20:40:21Z,Other,2020-03-22 21:01:09+00:00,-8.05184268951416,-34.94866943359375,11.0,1938.1,143,3.0,5.0,1.6666666666666667,0.0,0.0
2020-03-22T20:40:21Z,Other,2020-03-22 21:01:09+00:00,-8.05184268951416,-34.94866943359375,11.0,1938.1,143,0.0,0.0,,0.0,
2020-03-22T20:40:21Z,Other,2020-03-22 21:01:13+00:00,-8.051833152770996,-34.948726654052734,11.0,1944.2,145,4.0,6.100000000000136,1.525000000000034,0.0,0.0
2020-03-22T20:40:21Z,Other,2020-03-22 21:01:13+00:00,-8.051833152770996,-34.948726654052734,11.0,1944.2,144,0.0,0.0,,0.0,
2020-03-22T20:40:21Z,Other,2020-03-22 21:01:17+00:00,-8.051817893981934,-34.94878005981445,10.0,1950.2,145,4.0,6.0,1.5,-1.0,-16.666666666666664
2020-03-22T20:40:21Z,Other,2020-03-22 21:01:17+00:00,-8.051817893981934,-34.94878005981445,10.0,1950.2,145,0.0,0.0,,0.0,
2020-03-22T20:40:21Z,Other,2020-03-22 21:01:21+00:00,-8.051806449890137,-34.9488410949707,10.0,1957.3,147,4.0,7.099999999999909,1.7749999999999773,0.0,0.0
2020-03-22T20:40:21Z,Other,2020-03-22 21:01:21+00:00,-8.051806449890137,-34.9488410949707,10.0,1957.3,147,0.0,0.0,,0.0,
2020-03-22T20:40:21Z,Other,2020-03-22 21:01:25+00:00,-8.05179500579834,-34.94889831542969,10.0,1963.3,148,4.0,6.0,1.5,0.0,0.0
2020-03-22T20:40:21Z,Other,2020-03-22 21:01:25+00:00,-8.05179500579834,-34.94889831542969,10.0,1963.3,148,0.0,0.0,,0.0,
2020-03-22T20:40:21Z,Other,2020-03-22 21:01:29+00:00,-8.051785469055176,-34.94895935058594,10.0,1970.4,148,4.0,7.100000000000136,1.775000000000034,0.0,0.0
2020-03-22T20:40:21Z,Other,2020-03-22 21:01:29+00:00,-8.051785469055176,-34.94895935058594,10.0,1970.4,147,0.0,0.0,,0.0,
2020-03-22T20:40:21Z,Other,2020-03-22 21:01:32+00:00,-8.051779747009277,-34.94900894165039,10.0,1976.4,147,3.0,6.0,2.0,0.0,0.0
2020-03-22T20:40:21Z,Other,2020-03-22 21:01:32+00:00,-8.051779747009277,-34.94900894165039,10.0,1976.4,147,0.0,0.0,,0.0,
2020-03-22T20:40:21Z,Other,2020-03-22 21:01:36+00:00,-8.051770210266113,-34.949066162109375,10.0,1982.4,147,4.0,6.0,1.5,0.0,0.0
2020-03-22T20:40:21Z,Other,2020-03-22 21:01:36+00:00,-8.051770210266113,-34.949066162109375,10.0,1982.4,147,0.0,0.0,,0.0,
2020-03-22T20:40:21Z,Other,2020-03-22 21:01:40+00:00,-8.051758766174316,-34.949127197265625,10.0,1989.5,146,4.0,7.099999999999909,1.7749999999999773,0.0,0.0
2020-03-22T20:40:21Z,Other,2020-03-22 21:01:40+00:00,-8.051758766174316,-34.949127197265625,10.0,1989.5,146,0.0,0.0,,0.0,
2020-03-22T20:40:21Z,Other,2020-03-22 21:01:44+00:00,-8.051745414733887,-34.94918441772461,10.0,1995.5,146,4.0,6.0,1.5,0.0,0.0
2020-03-22T20:40:21Z,Other,2020-03-22 21:01:44+00:00,-8.051745414733887,-34.94918441772461,10.0,1995.5,146,0.0,0.0,,0.0,
2020-03-22T20:40:21Z,Other,2020-03-22 21:01:48+00:00,-8.05173110961914,-34.94924545288086,10.0,2002.6,146,4.0,7.099999999999909,1.7749999999999773,0.0,0.0
2020-03-22T20:40:21Z,Other,2020-03-22 21:01:48+00:00,-8.05173110961914,-34.94924545288086,10.0,2002.6,147,0.0,0.0,,0.0,
2020-03-22T20:40:21Z,Other,2020-03-22 21:01:51+00:00,-8.051719665527344,-34.94929122924805,10.0,2007.6,148,3.0,5.0,1.6666666666666667,0.0,0.0
2020-03-22T20:40:21Z,Other,2020-03-22 21:01:51+00:00,-8.051719665527344,-34.94929122924805,10.0,2007.6,148,0.0,0.0,,0.0,
2020-03-22T20:40:21Z,Other,2020-03-22 21:01:55+00:00,-8.051712036132812,-34.94934844970703,9.0,2013.7,150,4.0,6.100000000000136,1.525000000000034,-1.0,-16.393442622950452
2020-03-22T20:40:21Z,Other,2020-03-22 21:01:55+00:00,-8.051712036132812,-34.94934844970703,9.0,2013.7,150,0.0,0.0,,0.0,
2020-03-22T20:40:21Z,Other,2020-03-22 21:01:59+00:00,-8.051704406738281,-34.94941329956055,7.0,2020.7,151,4.0,7.0,1.75,-2.0,-28.57142857142857
2020-03-22T20:40:21Z,Other,2020-03-22 21:01:59+00:00,-8.051704406738281,-34.94941329956055,7.0,2020.7,153,0.0,0.0,,0.0,
2020-03-22T20:40:21Z,Other,2020-03-22 21:02:02+00:00,-8.051695823669434,-34.94947052001953,7.0,2026.7,153,3.0,6.0,2.0,0.0,0.0
2020-03-22T20:40:21Z,Other,2020-03-22 21:02:02+00:00,-8.051695823669434,-34.94947052001953,7.0,2026.7,153,0.0,0.0,,0.0,
2020-03-22T20:40:21Z,Other,2020-03-22 21:02:05+00:00,-8.051685333251953,-34.94953155517578,7.0,2033.8,154,3.0,7.099999999999909,2.3666666666666365,0.0,0.0
2020-03-22T20:40:21Z,Other,2020-03-22 21:02:05+00:00,-8.051685333251953,-34.94953155517578,7.0,2033.8,154,0.0,0.0,,0.0,
2020-03-22T20:40:21Z,Other,2020-03-22 21:02:08+00:00,-8.051676750183105,-34.949588775634766,9.0,2039.8,154,3.0,6.0,2.0,2.0,33.33333333333333
2020-03-22T20:40:21Z,Other,2020-03-22 21:02:08+00:00,-8.051676750183105,-34.949588775634766,9.0,2039.8,154,0.0,0.0,,0.0,
2020-03-22T20:40:21Z,Other,2020-03-22 21:02:11+00:00,-8.051669120788574,-34.949649810791016,10.0,2046.9,154,3.0,7.100000000000136,2.366666666666712,1.0,14.08450704225325
2020-03-22T20:40:21Z,Other,2020-03-22 21:02:11+00:00,-8.051669120788574,-34.949649810791016,10.0,2046.9,154,0.0,0.0,,0.0,
2020-03-22T20:40:21Z,Other,2020-03-22 21:02:14+00:00,-8.051660537719727,-34.94970703125,10.0,2052.9,155,3.0,6.0,2.0,0.0,0.0
2020-03-22T20:40:21Z,Other,2020-03-22 21:02:14+00:00,-8.051660537719727,-34.94970703125,10.0,2052.9,155,0.0,0.0,,0.0,
2020-03-22T20:40:21Z,Other,2020-03-22 21:02:17+00:00,-8.051651954650879,-34.949771881103516,10.0,2060.0,156,3.0,7.099999999999909,2.3666666666666365,0.0,0.0
2020-03-22T20:40:21Z,Other,2020-03-22 21:02:17+00:00,-8.051651954650879,-34.949771881103516,10.0,2060.0,158,0.0,0.0,,0.0,
2020-03-22T20:40:21Z,Other,2020-03-22 21:02:20+00:00,-8.05164623260498,-34.949832916259766,11.0,2067.0,160,3.0,7.0,2.3333333333333335,1.0,14.285714285714285
2020-03-22T20:40:21Z,Other,2020-03-22 21:02:20+00:00,-8.05164623260498,-34.949832916259766,11.0,2067.0,162,0.0,0.0,,0.0,
2020-03-22T20:40:21Z,Other,2020-03-22 21:02:23+00:00,-8.05163860321045,-34.94989013671875,11.0,2073.1,165,3.0,6.099999999999909,2.033333333333303,0.0,0.0
2020-03-22T20:40:21Z,Other,2020-03-22 21:02:23+00:00,-8.05163860321045,-34.94989013671875,11.0,2073.1,165,0.0,0.0,,0.0,
2020-03-22T20:40:21Z,Other,2020-03-22 21:02:26+00:00,-8.051630973815918,-34.949954986572266,11.0,2080.1,166,3.0,7.0,2.3333333333333335,0.0,0.0
2020-03-22T20:40:21Z,Other,2020-03-22 21:02:26+00:00,-8.051630973815918,-34.949954986572266,11.0,2080.1,166,0.0,0.0,,0.0,
2020-03-22T20:40:21Z,Other,2020-03-22 21:02:29+00:00,-8.051619529724121,-34.950016021728516,11.0,2087.2,166,3.0,7.099999999999909,2.3666666666666365,0.0,0.0
2020-03-22T20:40:21Z,Other,2020-03-22 21:02:29+00:00,-8.051619529724121,-34.950016021728516,11.0,2087.2,166,0.0,0.0,,0.0,
2020-03-22T20:40:21Z,Other,2020-03-22 21:02:32+00:00,-8.05160903930664,-34.950077056884766,11.0,2094.2,167,3.0,7.0,2.3333333333333335,0.0,0.0
2020-03-22T20:40:21Z,Other,2020-03-22 21:02:32+00:00,-8.05160903930664,-34.950077056884766,11.0,2094.2,167,0.0,0.0,,0.0,
2020-03-22T20:40:21Z,Other,2020-03-22 21:02:35+00:00,-8.05159854888916,-34.95013427734375,11.0,2100.2,166,3.0,6.0,2.0,0.0,0.0
2020-03-22T20:40:21Z,Other,2020-03-22 21:02:35+00:00,-8.05159854888916,-34.95013427734375,11.0,2100.2,165,0.0,0.0,,0.0,
2020-03-22T20:40:21Z,Other,2020-03-22 21:02:38+00:00,-8.051592826843262,-34.950199127197266,11.0,2107.3,165,3.0,7.100000000000364,2.366666666666788,0.0,0.0
2020-03-22T20:40:21Z,Other,2020-03-22 21:02:38+00:00,-8.051592826843262,-34.950199127197266,11.0,2107.3,165,0.0,0.0,,0.0,
2020-03-22T20:40:21Z,Other,2020-03-22 21:02:41+00:00,-8.051587104797363,-34.950260162353516,11.0,2114.3,165,3.0,7.0,2.3333333333333335,0.0,0.0
2020-03-22T20:40:21Z,Other,2020-03-22 21:02:41+00:00,-8.051587104797363,-34.950260162353516,11.0,2114.3,165,0.0,0.0,,0.0,
2020-03-22T20:40:21Z,Other,2020-03-22 21:02:44+00:00,-8.051576614379883,-34.9503173828125,11.0,2120.4,166,3.0,6.099999999999909,2.033333333333303,0.0,0.0
2020-03-22T20:40:21Z,Other,2020-03-22 21:02:44+00:00,-8.051576614379883,-34.9503173828125,11.0,2120.4,166,0.0,0.0,,0.0,
2020-03-22T20:40:21Z,Other,2020-03-22 21:02:47+00:00,-8.051568984985352,-34.95037841796875,11.0,2127.4,166,3.0,7.0,2.3333333333333335,0.0,0.0
2020-03-22T20:40:21Z,Other,2020-03-22 21:02:47+00:00,-8.051568984985352,-34.95037841796875,11.0,2127.4,166,0.0,0.0,,0.0,
2020-03-22T20:40:21Z,Other,2020-03-22 21:02:50+00:00,-8.05156135559082,-34.950439453125,11.0,2134.5,167,3.0,7.099999999999909,2.3666666666666365,0.0,0.0
2020-03-22T20:40:21Z,Other,2020-03-22 21:02:50+00:00,-8.05156135559082,-34.950439453125,11.0,2134.5,168,0.0,0.0,,0.0,
2020-03-22T20:40:21Z,Other,2020-03-22 21:02:53+00:00,-8.05155086517334,-34.950496673583984,11.0,2140.5,170,3.0,6.0,2.0,0.0,0.0
2020-03-22T20:40:21Z,Other,2020-03-22 21:02:53+00:00,-8.05155086517334,-34.950496673583984,11.0,2140.5,171,0.0,0.0,,0.0,
2020-03-22T20:40:21Z,Other,2020-03-22 21:02:56+00:00,-8.051543235778809,-34.95055389404297,11.0,2146.6,171,3.0,6.099999999999909,2.033333333333303,0.0,0.0
2020-03-22T20:40:21Z,Other,2020-03-22 21:02:56+00:00,-8.051543235778809,-34.95055389404297,11.0,2146.6,171,0.0,0.0,,0.0,
2020-03-22T20:40:21Z,Other,2020-03-22 21:02:59+00:00,-8.051538467407227,-34.95060729980469,11.0,2152.6,172,3.0,6.0,2.0,0.0,0.0
2020-03-22T20:40:21Z,Other,2020-03-22 21:02:59+00:00,-8.051538467407227,-34.95060729980469,11.0,2152.6,171,0.0,0.0,,0.0,
2020-03-22T20:40:21Z,Other,2020-03-22 21:03:02+00:00,-8.051527976989746,-34.95066452026367,11.0,2158.6,172,3.0,6.0,2.0,0.0,0.0
2020-03-22T20:40:21Z,Other,2020-03-22 21:03:02+00:00,-8.051527976989746,-34.95066452026367,11.0,2158.6,172,0.0,0.0,,0.0,
2020-03-22T20:40:21Z,Other,2020-03-22 21:03:05+00:00,-8.051519393920898,-34.950721740722656,11.0,2164.7,172,3.0,6.099999999999909,2.033333333333303,0.0,0.0
2020-03-22T20:40:21Z,Other,2020-03-22 21:03:05+00:00,-8.051519393920898,-34.950721740722656,11.0,2164.7,172,0.0,0.0,,0.0,
2020-03-22T20:40:21Z,Other,2020-03-22 21:03:08+00:00,-8.051511764526367,-34.950782775878906,11.0,2171.7,174,3.0,7.0,2.3333333333333335,0.0,0.0
2020-03-22T20:40:21Z,Other,2020-03-22 21:03:08+00:00,-8.051511764526367,-34.950782775878906,11.0,2171.7,173,0.0,0.0,,0.0,
2020-03-22T20:40:21Z,Other,2020-03-22 21:03:11+00:00,-8.051506996154785,-34.950843811035156,11.0,2178.8,173,3.0,7.100000000000364,2.366666666666788,0.0,0.0
2020-03-22T20:40:21Z,Other,2020-03-22 21:03:11+00:00,-8.051506996154785,-34.950843811035156,11.0,2178.8,173,0.0,0.0,,0.0,
2020-03-22T20:40:21Z,Other,2020-03-22 21:03:14+00:00,-8.051499366760254,-34.95090103149414,11.0,2184.8,173,3.0,6.0,2.0,0.0,0.0
2020-03-22T20:40:21Z,Other,2020-03-22 21:03:14+00:00,-8.051499366760254,-34.95090103149414,11.0,2184.8,173,0.0,0.0,,0.0,
2020-03-22T20:40:21Z,Other,2020-03-22 21:03:17+00:00,-8.051491737365723,-34.95096206665039,11.0,2191.9,173,3.0,7.099999999999909,2.3666666666666365,0.0,0.0
2020-03-22T20:40:21Z,Other,2020-03-22 21:03:17+00:00,-8.051491737365723,-34.95096206665039,11.0,2191.9,173,0.0,0.0,,0.0,
2020-03-22T20:40:21Z,Other,2020-03-22 21:03:20+00:00,-8.05147933959961,-34.95102310180664,11.0,2198.9,171,3.0,7.0,2.3333333333333335,0.0,0.0
2020-03-22T20:40:21Z,Other,2020-03-22 21:03:20+00:00,-8.05147933959961,-34.95102310180664,11.0,2198.9,170,0.0,0.0,,0.0,
2020-03-22T20:40:21Z,Other,2020-03-22 21:03:23+00:00,-8.051467895507812,-34.951080322265625,11.0,2205.0,170,3.0,6.099999999999909,2.033333333333303,0.0,0.0
2020-03-22T20:40:21Z,Other,2020-03-22 21:03:23+00:00,-8.051467895507812,-34.951080322265625,11.0,2205.0,170,0.0,0.0,,0.0,
2020-03-22T20:40:21Z,Other,2020-03-22 21:03:26+00:00,-8.051460266113281,-34.951148986816406,11.0,2213.0,170,3.0,8.0,2.6666666666666665,0.0,0.0
2020-03-22T20:40:21Z,Other,2020-03-22 21:03:26+00:00,-8.051460266113281,-34.951148986816406,11.0,2213.0,170,0.0,0.0,,0.0,
2020-03-22T20:40:21Z,Other,2020-03-22 21:03:29+00:00,-8.051451683044434,-34.95120620727539,11.0,2219.1,169,3.0,6.099999999999909,2.033333333333303,0.0,0.0
2020-03-22T20:40:21Z,Other,2020-03-22 21:03:29+00:00,-8.051451683044434,-34.95120620727539,11.0,2219.1,168,0.0,0.0,,0.0,
2020-03-22T20:40:21Z,Other,2020-03-22 21:03:32+00:00,-8.05144214630127,-34.951263427734375,11.0,2225.1,168,3.0,6.0,2.0,0.0,0.0
2020-03-22T20:40:21Z,Other,2020-03-22 21:03:32+00:00,-8.05144214630127,-34.951263427734375,11.0,2225.1,168,0.0,0.0,,0.0,
2020-03-22T20:40:21Z,Other,2020-03-22 21:03:35+00:00,-8.051435470581055,-34.951324462890625,11.0,2232.1,169,3.0,7.0,2.3333333333333335,0.0,0.0
2020-03-22T20:40:21Z,Other,2020-03-22 21:03:35+00:00,-8.051435470581055,-34.951324462890625,11.0,2232.1,169,0.0,0.0,,0.0,
2020-03-22T20:40:21Z,Other,2020-03-22 21:03:38+00:00,-8.051427841186523,-34.951385498046875,11.0,2239.2,168,3.0,7.099999999999909,2.3666666666666365,0.0,0.0
2020-03-22T20:40:21Z,Other,2020-03-22 21:03:38+00:00,-8.051427841186523,-34.951385498046875,11.0,2239.2,168,0.0,0.0,,0.0,
2020-03-22T20:40:21Z,Other,2020-03-22 21:03:41+00:00,-8.051420211791992,-34.951446533203125,11.0,2246.2,168,3.0,7.0,2.3333333333333335,0.0,0.0
2020-03-22T20:40:21Z,Other,2020-03-22 21:03:41+00:00,-8.051420211791992,-34.951446533203125,11.0,2246.2,167,0.0,0.0,,0.0,
2020-03-22T20:40:21Z,Other,2020-03-22 21:03:44+00:00,-8.051410675048828,-34.95150375366211,11.0,2252.3,167,3.0,6.100000000000364,2.0333333333334545,0.0,0.0
2020-03-22T20:40:21Z,Other,2020-03-22 21:03:44+00:00,-8.051410675048828,-34.95150375366211,11.0,2252.3,167,0.0,0.0,,0.0,
2020-03-22T20:40:21Z,Other,2020-03-22 21:03:47+00:00,-8.051400184631348,-34.95156478881836,11.0,2259.3,167,3.0,7.0,2.3333333333333335,0.0,0.0
2020-03-22T20:40:21Z,Other,2020-03-22 21:03:47+00:00,-8.051400184631348,-34.95156478881836,11.0,2259.3,167,0.0,0.0,,0.0,
2020-03-22T20:40:21Z,Other,2020-03-22 21:03:50+00:00,-8.0513916015625,-34.951622009277344,11.0,2265.4,168,3.0,6.099999999999909,2.033333333333303,0.0,0.0
2020-03-22T20:40:21Z,Other,2020-03-22 21:03:50+00:00,-8.0513916015625,-34.951622009277344,11.0,2265.4,168,0.0,0.0,,0.0,
2020-03-22T20:40:21Z,Other,2020-03-22 21:03:53+00:00,-8.051382064819336,-34.951683044433594,11.0,2272.4,169,3.0,7.0,2.3333333333333335,0.0,0.0
2020-03-22T20:40:21Z,Other,2020-03-22 21:03:53+00:00,-8.051382064819336,-34.951683044433594,11.0,2272.4,169,0.0,0.0,,0.0,
2020-03-22T20:40:21Z,Other,2020-03-22 21:03:56+00:00,-8.051373481750488,-34.951744079589844,11.0,2279.5,171,3.0,7.099999999999909,2.3666666666666365,0.0,0.0
2020-03-22T20:40:21Z,Other,2020-03-22 21:03:56+00:00,-8.051373481750488,-34.951744079589844,11.0,2279.5,172,0.0,0.0,,0.0,
2020-03-22T20:40:21Z,Other,2020-03-22 21:03:59+00:00,-8.05136489868164,-34.951805114746094,11.0,2286.5,174,3.0,7.0,2.3333333333333335,0.0,0.0
2020-03-22T20:40:21Z,Other,2020-03-22 21:03:59+00:00,-8.05136489868164,-34.951805114746094,11.0,2286.5,173,0.0,0.0,,0.0,
2020-03-22T20:40:21Z,Other,2020-03-22 21:04:02+00:00,-8.051352500915527,-34.951866149902344,11.0,2293.6,172,3.0,7.099999999999909,2.3666666666666365,0.0,0.0
2020-03-22T20:40:21Z,Other,2020-03-22 21:04:02+00:00,-8.051352500915527,-34.951866149902344,11.0,2293.6,172,0.0,0.0,,0.0,
2020-03-22T20:40:21Z,Other,2020-03-22 21:04:05+00:00,-8.051342964172363,-34.951927185058594,11.0,2300.6,172,3.0,7.0,2.3333333333333335,0.0,0.0
2020-03-22T20:40:21Z,Other,2020-03-22 21:04:05+00:00,-8.051342964172363,-34.951927185058594,11.0,2300.6,172,0.0,0.0,,0.0,
2020-03-22T20:40:21Z,Other,2020-03-22 21:04:08+00:00,-8.051332473754883,-34.951988220214844,11.0,2307.7,172,3.0,7.099999999999909,2.3666666666666365,0.0,0.0
2020-03-22T20:40:21Z,Other,2020-03-22 21:04:08+00:00,-8.051332473754883,-34.951988220214844,11.0,2307.7,172,0.0,0.0,,0.0,
2020-03-22T20:40:21Z,Other,2020-03-22 21:04:11+00:00,-8.051323890686035,-34.95204544067383,11.0,2313.7,172,3.0,6.0,2.0,0.0,0.0
2020-03-22T20:40:21Z,Other,2020-03-22 21:04:11+00:00,-8.051323890686035,-34.95204544067383,11.0,2313.7,172,0.0,0.0,,0.0,
2020-03-22T20:40:21Z,Other,2020-03-22 21:04:14+00:00,-8.051313400268555,-34.95210266113281,11.0,2319.7,172,3.0,6.0,2.0,0.0,0.0
2020-03-22T20:40:21Z,Other,2020-03-22 21:04:14+00:00,-8.051313400268555,-34.95210266113281,11.0,2319.7,172,0.0,0.0,,0.0,
2020-03-22T20:40:21Z,Other,2020-03-22 21:04:17+00:00,-8.051301002502441,-34.9521598815918,11.0,2325.8,173,3.0,6.100000000000364,2.0333333333334545,0.0,0.0
2020-03-22T20:40:21Z,Other,2020-03-22 21:04:17+00:00,-8.051301002502441,-34.9521598815918,11.0,2325.8,173,0.0,0.0,,0.0,
2020-03-22T20:40:21Z,Other,2020-03-22 21:04:20+00:00,-8.051288604736328,-34.95221710205078,11.0,2331.8,173,3.0,6.0,2.0,0.0,0.0
2020-03-22T20:40:21Z,Other,2020-03-22 21:04:20+00:00,-8.051288604736328,-34.95221710205078,11.0,2331.8,173,0.0,0.0,,0.0,
2020-03-22T20:40:21Z,Other,2020-03-22 21:04:23+00:00,-8.051278114318848,-34.95227813720703,11.0,2338.9,173,3.0,7.099999999999909,2.3666666666666365,0.0,0.0
2020-03-22T20:40:21Z,Other,2020-03-22 21:04:23+00:00,-8.051278114318848,-34.95227813720703,11.0,2338.9,173,0.0,0.0,,0.0,
2020-03-22T20:40:21Z,Other,2020-03-22 21:04:26+00:00,-8.051267623901367,-34.95233917236328,11.0,2345.9,173,3.0,7.0,2.3333333333333335,0.0,0.0
2020-03-22T20:40:21Z,Other,2020-03-22 21:04:26+00:00,-8.051267623901367,-34.95233917236328,11.0,2345.9,173,0.0,0.0,,0.0,
2020-03-22T20:40:21Z,Other,2020-03-22 21:04:29+00:00,-8.051254272460938,-34.952396392822266,11.0,2352.0,174,3.0,6.099999999999909,2.033333333333303,0.0,0.0
2020-03-22T20:40:21Z,Other,2020-03-22 21:04:29+00:00,-8.051254272460938,-34.952396392822266,11.0,2352.0,174,0.0,0.0,,0.0,
2020-03-22T20:40:21Z,Other,2020-03-22 21:04:32+00:00,-8.051240921020508,-34.952457427978516,11.0,2359.0,174,3.0,7.0,2.3333333333333335,0.0,0.0
2020-03-22T20:40:21Z,Other,2020-03-22 21:04:32+00:00,-8.051240921020508,-34.952457427978516,11.0,2359.0,173,0.0,0.0,,0.0,
2020-03-22T20:40:21Z,Other,2020-03-22 21:04:35+00:00,-8.051231384277344,-34.9525146484375,11.0,2365.0,173,3.0,6.0,2.0,0.0,0.0
2020-03-22T20:40:21Z,Other,2020-03-22 21:04:35+00:00,-8.051231384277344,-34.9525146484375,11.0,2365.0,173,0.0,0.0,,0.0,
2020-03-22T20:40:21Z,Other,2020-03-22 21:04:38+00:00,-8.051224708557129,-34.95257568359375,11.0,2372.1,172,3.0,7.099999999999909,2.3666666666666365,0.0,0.0
2020-03-22T20:40:21Z,Other,2020-03-22 21:04:38+00:00,-8.051224708557129,-34.95257568359375,11.0,2372.1,172,0.0,0.0,,0.0,
2020-03-22T20:40:21Z,Other,2020-03-22 21:04:41+00:00,-8.051218032836914,-34.952632904052734,11.0,2378.1,172,3.0,6.0,2.0,0.0,0.0
2020-03-22T20:40:21Z,Other,2020-03-22 21:04:41+00:00,-8.051218032836914,-34.952632904052734,11.0,2378.1,172,0.0,0.0,,0.0,
2020-03-22T20:40:21Z,Other,2020-03-22 21:04:44+00:00,-8.051210403442383,-34.95269012451172,11.0,2384.2,174,3.0,6.099999999999909,2.033333333333303,0.0,0.0
2020-03-22T20:40:21Z,Other,2020-03-22 21:04:44+00:00,-8.051210403442383,-34.95269012451172,11.0,2384.2,174,0.0,0.0,,0.0,
2020-03-22T20:40:21Z,Other,2020-03-22 21:04:47+00:00,-8.05119800567627,-34.95275115966797,11.0,2391.2,175,3.0,7.0,2.3333333333333335,0.0,0.0
2020-03-22T20:40:21Z,Other,2020-03-22 21:04:47+00:00,-8.05119800567627,-34.95275115966797,11.0,2391.2,175,0.0,0.0,,0.0,
2020-03-22T20:40:21Z,Other,2020-03-22 21:04:50+00:00,-8.051189422607422,-34.95280838012695,11.0,2397.3,175,3.0,6.100000000000364,2.0333333333334545,0.0,0.0
2020-03-22T20:40:21Z,Other,2020-03-22 21:04:50+00:00,-8.051189422607422,-34.95280838012695,11.0,2397.3,173,0.0,0.0,,0.0,
2020-03-22T20:40:21Z,Other,2020-03-22 21:04:54+00:00,-8.051177024841309,-34.952884674072266,11.0,2406.3,173,4.0,9.0,2.25,0.0,0.0
2020-03-22T20:40:21Z,Other,2020-03-22 21:04:54+00:00,-8.051177024841309,-34.952884674072266,11.0,2406.3,171,0.0,0.0,,0.0,
2020-03-22T20:40:21Z,Other,2020-03-22 21:04:57+00:00,-8.051170349121094,-34.95294189453125,11.0,2412.4,171,3.0,6.099999999999909,2.033333333333303,0.0,0.0
2020-03-22T20:40:21Z,Other,2020-03-22 21:04:57+00:00,-8.051170349121094,-34.95294189453125,11.0,2412.4,171,0.0,0.0,,0.0,
2020-03-22T20:40:21Z,Other,2020-03-22 21:05:00+00:00,-8.051161766052246,-34.952999114990234,11.0,2418.4,173,3.0,6.0,2.0,0.0,0.0
2020-03-22T20:40:21Z,Other,2020-03-22 21:05:00+00:00,-8.051161766052246,-34.952999114990234,11.0,2418.4,174,0.0,0.0,,0.0,
2020-03-22T20:40:21Z,Other,2020-03-22 21:05:03+00:00,-8.051153182983398,-34.953060150146484,11.0,2425.5,176,3.0,7.099999999999909,2.3666666666666365,0.0,0.0
2020-03-22T20:40:21Z,Other,2020-03-22 21:05:03+00:00,-8.051153182983398,-34.953060150146484,11.0,2425.5,176,0.0,0.0,,0.0,
2020-03-22T20:40:21Z,Other,2020-03-22 21:05:06+00:00,-8.0511474609375,-34.95311737060547,11.0,2431.5,177,3.0,6.0,2.0,0.0,0.0
2020-03-22T20:40:21Z,Other,2020-03-22 21:05:06+00:00,-8.0511474609375,-34.95311737060547,11.0,2431.5,176,0.0,0.0,,0.0,
2020-03-22T20:40:21Z,Other,2020-03-22 21:05:09+00:00,-8.051170349121094,-34.953163146972656,11.0,2437.5,176,3.0,6.0,2.0,0.0,0.0
2020-03-22T20:40:21Z,Other,2020-03-22 21:05:09+00:00,-8.051170349121094,-34.953163146972656,11.0,2437.5,176,0.0,0.0,,0.0,
2020-03-22T20:40:21Z,Other,2020-03-22 21:05:12+00:00,-8.051223754882812,-34.95318603515625,11.0,2443.6,177,3.0,6.099999999999909,2.033333333333303,0.0,0.0
2020-03-22T20:40:21Z,Other,2020-03-22 21:05:12+00:00,-8.051223754882812,-34.95318603515625,11.0,2443.6,177,0.0,0.0,,0.0,
2020-03-22T20:40:21Z,Other,2020-03-22 21:05:15+00:00,-8.051284790039062,-34.95320129394531,11.0,2450.6,177,3.0,7.0,2.3333333333333335,0.0,0.0
2020-03-22T20:40:21Z,Other,2020-03-22 21:05:15+00:00,-8.051284790039062,-34.95320129394531,11.0,2450.6,178,0.0,0.0,,0.0,
2020-03-22T20:40:21Z,Other,2020-03-22 21:05:18+00:00,-8.051350593566895,-34.95321273803711,11.0,2457.7,180,3.0,7.099999999999909,2.3666666666666365,0.0,0.0
2020-03-22T20:40:21Z,Other,2020-03-22 21:05:18+00:00,-8.051350593566895,-34.95321273803711,11.0,2457.7,180,0.0,0.0,,0.0,
2020-03-22T20:40:21Z,Other,2020-03-22 21:05:21+00:00,-8.05141830444336,-34.953216552734375,11.0,2465.7,180,3.0,8.0,2.6666666666666665,0.0,0.0
2020-03-22T20:40:21Z,Other,2020-03-22 21:05:21+00:00,-8.05141830444336,-34.953216552734375,11.0,2465.7,180,0.0,0.0,,0.0,
2020-03-22T20:40:21Z,Other,2020-03-22 21:05:24+00:00,-8.051485061645508,-34.95322036743164,11.0,2472.8,180,3.0,7.100000000000364,2.366666666666788,0.0,0.0
2020-03-22T20:40:21Z,Other,2020-03-22 21:05:24+00:00,-8.051485061645508,-34.95322036743164,11.0,2472.8,179,0.0,0.0,,0.0,
2020-03-22T20:40:21Z,Other,2020-03-22 21:05:27+00:00,-8.051549911499023,-34.95322799682617,11.0,2479.8,178,3.0,7.0,2.3333333333333335,0.0,0.0
2020-03-22T20:40:21Z,Other,2020-03-22 21:05:27+00:00,-8.051549911499023,-34.95322799682617,11.0,2479.8,177,0.0,0.0,,0.0,
2020-03-22T20:40:21Z,Other,2020-03-22 21:05:30+00:00,-8.05161190032959,-34.9532356262207,11.0,2486.9,177,3.0,7.099999999999909,2.3666666666666365,0.0,0.0
2020-03-22T20:40:21Z,Other,2020-03-22 21:05:30+00:00,-8.05161190032959,-34.9532356262207,11.0,2486.9,177,0.0,0.0,,0.0,
2020-03-22T20:40:21Z,Other,2020-03-22 21:05:33+00:00,-8.051675796508789,-34.953243255615234,11.0,2493.9,177,3.0,7.0,2.3333333333333335,0.0,0.0
2020-03-22T20:40:21Z,Other,2020-03-22 21:05:33+00:00,-8.051675796508789,-34.953243255615234,11.0,2493.9,177,0.0,0.0,,0.0,
2020-03-22T20:40:21Z,Other,2020-03-22 21:05:36+00:00,-8.051742553710938,-34.9532470703125,11.0,2501.0,178,3.0,7.099999999999909,2.3666666666666365,0.0,0.0
2020-03-22T20:40:21Z,Other,2020-03-22 21:05:36+00:00,-8.051742553710938,-34.9532470703125,11.0,2501.0,178,0.0,0.0,,0.0,
2020-03-22T20:40:21Z,Other,2020-03-22 21:05:39+00:00,-8.051800727844238,-34.95323944091797,11.0,2507.0,179,3.0,6.0,2.0,0.0,0.0
2020-03-22T20:40:21Z,Other,2020-03-22 21:05:39+00:00,-8.051800727844238,-34.95323944091797,11.0,2507.0,179,0.0,0.0,,0.0,
2020-03-22T20:40:21Z,Other,2020-03-22 21:05:42+00:00,-8.051838874816895,-34.953208923339844,11.0,2512.0,179,3.0,5.0,1.6666666666666667,0.0,0.0
2020-03-22T20:40:21Z,Other,2020-03-22 21:05:42+00:00,-8.051838874816895,-34.953208923339844,11.0,2512.0,179,0.0,0.0,,0.0,
2020-03-22T20:40:21Z,Other,2020-03-22 21:05:45+00:00,-8.051858901977539,-34.95315170288086,11.0,2519.1,179,3.0,7.099999999999909,2.3666666666666365,0.0,0.0
2020-03-22T20:40:21Z,Other,2020-03-22 21:05:45+00:00,-8.051858901977539,-34.95315170288086,11.0,2519.1,179,0.0,0.0,,0.0,
2020-03-22T20:40:21Z,Other,2020-03-22 21:05:48+00:00,-8.051880836486816,-34.95309829711914,11.0,2525.1,180,3.0,6.0,2.0,0.0,0.0
2020-03-22T20:40:21Z,Other,2020-03-22 21:05:48+00:00,-8.051880836486816,-34.95309829711914,11.0,2525.1,181,0.0,0.0,,0.0,
2020-03-22T20:40:21Z,Other,2020-03-22 21:05:51+00:00,-8.051900863647461,-34.953041076660156,11.0,2532.2,182,3.0,7.099999999999909,2.3666666666666365,0.0,0.0
2020-03-22T20:40:21Z,Other,2020-03-22 21:05:51+00:00,-8.051900863647461,-34.953041076660156,11.0,2532.2,181,0.0,0.0,,0.0,
2020-03-22T20:40:21Z,Other,2020-03-22 21:05:54+00:00,-8.051912307739258,-34.952980041503906,9.0,2539.2,181,3.0,7.0,2.3333333333333335,-2.0,-28.57142857142857
2020-03-22T20:40:21Z,Other,2020-03-22 21:05:54+00:00,-8.051912307739258,-34.952980041503906,9.0,2539.2,180,0.0,0.0,,0.0,
2020-03-22T20:40:21Z,Other,2020-03-22 21:05:57+00:00,-8.051922798156738,-34.952919006347656,8.0,2546.3,180,3.0,7.100000000000364,2.366666666666788,-1.0,-14.0845070422528
2020-03-22T20:40:21Z,Other,2020-03-22 21:05:57+00:00,-8.051922798156738,-34.952919006347656,8.0,2546.3,180,0.0,0.0,,0.0,
2020-03-22T20:40:21Z,Other,2020-03-22 21:06:00+00:00,-8.051932334899902,-34.952857971191406,7.0,2553.3,179,3.0,7.0,2.3333333333333335,-1.0,-14.285714285714285
2020-03-22T20:40:21Z,Other,2020-03-22 21:06:00+00:00,-8.051932334899902,-34.952857971191406,7.0,2553.3,178,0.0,0.0,,0.0,
2020-03-22T20:40:21Z,Other,2020-03-22 21:06:03+00:00,-8.05194091796875,-34.952796936035156,7.0,2560.4,179,3.0,7.099999999999909,2.3666666666666365,0.0,0.0
2020-03-22T20:40:21Z,Other,2020-03-22 21:06:03+00:00,-8.05194091796875,-34.952796936035156,7.0,2560.4,178,0.0,0.0,,0.0,
2020-03-22T20:40:21Z,Other,2020-03-22 21:06:06+00:00,-8.051939964294434,-34.95273208618164,7.0,2567.4,178,3.0,7.0,2.3333333333333335,0.0,0.0
2020-03-22T20:40:21Z,Other,2020-03-22 21:06:06+00:00,-8.051939964294434,-34.95273208618164,7.0,2567.4,178,0.0,0.0,,0.0,
2020-03-22T20:40:21Z,Other,2020-03-22 21:06:09+00:00,-8.05194091796875,-34.95266342163086,8.0,2575.5,179,3.0,8.099999999999909,2.6999999999999695,1.0,12.345679012345817
2020-03-22T20:40:21Z,Other,2020-03-22 21:06:09+00:00,-8.05194091796875,-34.95266342163086,8.0,2575.5,179,0.0,0.0,,0.0,
2020-03-22T20:40:21Z,Other,2020-03-22 21:06:12+00:00,-8.05194091796875,-34.95260238647461,8.0,2582.5,179,3.0,7.0,2.3333333333333335,0.0,0.0
2020-03-22T20:40:21Z,Other,2020-03-22 21:06:12+00:00,-8.05194091796875,-34.95260238647461,8.0,2582.5,178,0.0,0.0,,0.0,
2020-03-22T20:40:21Z,Other,2020-03-22 21:06:15+00:00,-8.051944732666016,-34.952537536621094,10.0,2589.6,178,3.0,7.099999999999909,2.3666666666666365,2.0,28.169014084507403
2020-03-22T20:40:21Z,Other,2020-03-22 21:06:15+00:00,-8.051944732666016,-34.952537536621094,10.0,2589.6,177,0.0,0.0,,0.0,
2020-03-22T20:40:21Z,Other,2020-03-22 21:06:18+00:00,-8.051950454711914,-34.952476501464844,10.0,2596.6,177,3.0,7.0,2.3333333333333335,0.0,0.0
2020-03-22T20:40:21Z,Other,2020-03-22 21:06:18+00:00,-8.051950454711914,-34.952476501464844,10.0,2596.6,177,0.0,0.0,,0.0,
2020-03-22T20:40:21Z,Other,2020-03-22 21:06:21+00:00,-8.051957130432129,-34.952415466308594,11.0,2603.7,177,3.0,7.099999999999909,2.3666666666666365,1.0,14.084507042253701
2020-03-22T20:40:21Z,Other,2020-03-22 21:06:21+00:00,-8.051957130432129,-34.952415466308594,11.0,2603.7,177,0.0,0.0,,0.0,
2020-03-22T20:40:21Z,Other,2020-03-22 21:06:25+00:00,-8.051961898803711,-34.95233154296875,11.0,2612.7,176,4.0,9.0,2.25,0.0,0.0
2020-03-22T20:40:21Z,Other,2020-03-22 21:06:25+00:00,-8.051961898803711,-34.95233154296875,11.0,2612.7,176,0.0,0.0,,0.0,
2020-03-22T20:40:21Z,Other,2020-03-22 21:06:28+00:00,-8.05196475982666,-34.952266693115234,11.0,2619.8,175,3.0,7.100000000000364,2.366666666666788,0.0,0.0
2020-03-22T20:40:21Z,Other,2020-03-22 21:06:28+00:00,-8.05196475982666,-34.952266693115234,11.0,2619.8,174,0.0,0.0,,0.0,
2020-03-22T20:40:21Z,Other,2020-03-22 21:06:31+00:00,-8.051966667175293,-34.952205657958984,11.0,2626.8,174,3.0,7.0,2.3333333333333335,0.0,0.0
2020-03-22T20:40:21Z,Other,2020-03-22 21:06:31+00:00,-8.051966667175293,-34.952205657958984,11.0,2626.8,174,0.0,0.0,,0.0,
2020-03-22T20:40:21Z,Other,2020-03-22 21:06:34+00:00,-8.051969528198242,-34.95214080810547,11.0,2633.9,174,3.0,7.099999999999909,2.3666666666666365,0.0,0.0
2020-03-22T20:40:21Z,Other,2020-03-22 21:06:34+00:00,-8.051969528198242,-34.95214080810547,11.0,2633.9,174,0.0,0.0,,0.0,
2020-03-22T20:40:21Z,Other,2020-03-22 21:06:37+00:00,-8.051972389221191,-34.95207977294922,11.0,2640.9,174,3.0,7.0,2.3333333333333335,0.0,0.0
2020-03-22T20:40:21Z,Other,2020-03-22 21:06:37+00:00,-8.051972389221191,-34.95207977294922,11.0,2640.9,174,0.0,0.0,,0.0,
2020-03-22T20:40:21Z,Other,2020-03-22 21:06:40+00:00,-8.051976203918457,-34.9520149230957,11.0,2648.0,173,3.0,7.099999999999909,2.3666666666666365,0.0,0.0
2020-03-22T20:40:21Z,Other,2020-03-22 21:06:40+00:00,-8.051976203918457,-34.9520149230957,11.0,2648.0,173,0.0,0.0,,0.0,
2020-03-22T20:40:21Z,Other,2020-03-22 21:06:43+00:00,-8.05197811126709,-34.95195388793945,11.0,2655.0,173,3.0,7.0,2.3333333333333335,0.0,0.0
2020-03-22T20:40:21Z,Other,2020-03-22 21:06:43+00:00,-8.05197811126709,-34.95195388793945,11.0,2655.0,173,0.0,0.0,,0.0,
2020-03-22T20:40:21Z,Other,2020-03-22 21:06:46+00:00,-8.051980018615723,-34.9518928527832,11.0,2662.1,171,3.0,7.099999999999909,2.3666666666666365,0.0,0.0
2020-03-22T20:40:21Z,Other,2020-03-22 21:06:46+00:00,-8.051980018615723,-34.9518928527832,11.0,2662.1,171,0.0,0.0,,0.0,
2020-03-22T20:40:21Z,Other,2020-03-22 21:06:49+00:00,-8.051981925964355,-34.95182800292969,11.0,2669.1,170,3.0,7.0,2.3333333333333335,0.0,0.0
2020-03-22T20:40:21Z,Other,2020-03-22 21:06:49+00:00,-8.051981925964355,-34.95182800292969,11.0,2669.1,170,0.0,0.0,,0.0,
2020-03-22T20:40:21Z,Other,2020-03-22 21:06:52+00:00,-8.051985740661621,-34.95176315307617,11.0,2676.2,171,3.0,7.099999999999909,2.3666666666666365,0.0,0.0
2020-03-22T20:40:21Z,Other,2020-03-22 21:06:52+00:00,-8.051985740661621,-34.95176315307617,11.0,2676.2,171,0.0,0.0,,0.0,
2020-03-22T20:40:21Z,Other,2020-03-22 21:06:55+00:00,-8.05198860168457,-34.95170211791992,11.0,2683.2,171,3.0,7.0,2.3333333333333335,0.0,0.0
2020-03-22T20:40:21Z,Other,2020-03-22 21:06:55+00:00,-8.05198860168457,-34.95170211791992,11.0,2683.2,171,0.0,0.0,,0.0,
2020-03-22T20:40:21Z,Other,2020-03-22 21:06:58+00:00,-8.051994323730469,-34.95164108276367,11.0,2690.2,171,3.0,7.0,2.3333333333333335,0.0,0.0
2020-03-22T20:40:21Z,Other,2020-03-22 21:06:58+00:00,-8.051994323730469,-34.95164108276367,11.0,2690.2,170,0.0,0.0,,0.0,
2020-03-22T20:40:21Z,Other,2020-03-22 21:07:01+00:00,-8.05199909210205,-34.95158004760742,11.0,2697.3,172,3.0,7.100000000000364,2.366666666666788,0.0,0.0
2020-03-22T20:40:21Z,Other,2020-03-22 21:07:01+00:00,-8.05199909210205,-34.95158004760742,11.0,2697.3,171,0.0,0.0,,0.0,
2020-03-22T20:40:21Z,Other,2020-03-22 21:07:04+00:00,-8.052005767822266,-34.95151901245117,11.0,2704.3,172,3.0,7.0,2.3333333333333335,0.0,0.0
2020-03-22T20:40:21Z,Other,2020-03-22 21:07:04+00:00,-8.052005767822266,-34.95151901245117,11.0,2704.3,172,0.0,0.0,,0.0,
2020-03-22T20:40:21Z,Other,2020-03-22 21:07:07+00:00,-8.052010536193848,-34.951454162597656,11.0,2711.4,173,3.0,7.099999999999909,2.3666666666666365,0.0,0.0
2020-03-22T20:40:21Z,Other,2020-03-22 21:07:07+00:00,-8.052010536193848,-34.951454162597656,11.0,2711.4,173,0.0,0.0,,0.0,
2020-03-22T20:40:21Z,Other,2020-03-22 21:07:10+00:00,-8.052017211914062,-34.951393127441406,11.0,2718.4,175,3.0,7.0,2.3333333333333335,0.0,0.0
2020-03-22T20:40:21Z,Other,2020-03-22 21:07:10+00:00,-8.052017211914062,-34.951393127441406,11.0,2718.4,176,0.0,0.0,,0.0,
2020-03-22T20:40:21Z,Other,2020-03-22 21:07:13+00:00,-8.052023887634277,-34.951332092285156,11.0,2725.5,177,3.0,7.099999999999909,2.3666666666666365,0.0,0.0
2020-03-22T20:40:21Z,Other,2020-03-22 21:07:13+00:00,-8.052023887634277,-34.951332092285156,11.0,2725.5,177,0.0,0.0,,0.0,
2020-03-22T20:40:21Z,Other,2020-03-22 21:07:16+00:00,-8.052031517028809,-34.95127868652344,11.0,2731.5,177,3.0,6.0,2.0,0.0,0.0
2020-03-22T20:40:21Z,Other,2020-03-22 21:07:16+00:00,-8.052031517028809,-34.95127868652344,11.0,2731.5,177,0.0,0.0,,0.0,
2020-03-22T20:40:21Z,Other,2020-03-22 21:07:20+00:00,-8.05203914642334,-34.95122528076172,11.0,2737.6,177,4.0,6.099999999999909,1.5249999999999773,0.0,0.0
2020-03-22T20:40:21Z,Other,2020-03-22 21:07:20+00:00,-8.05203914642334,-34.95122528076172,11.0,2737.6,176,0.0,0.0,,0.0,
2020-03-22T20:40:21Z,Other,2020-03-22 21:07:25+00:00,-8.052040100097656,-34.951168060302734,11.0,2743.6,177,5.0,6.0,1.2,0.0,0.0
2020-03-22T20:40:21Z,Other,2020-03-22 21:07:25+00:00,-8.052040100097656,-34.951168060302734,11.0,2743.6,177,0.0,0.0,,0.0,
2020-03-22T20:40:21Z,Other,2020-03-22 21:07:29+00:00,-8.052040100097656,-34.951114654541016,11.0,2749.6,176,4.0,6.0,1.5,0.0,0.0
2020-03-22T20:40:21Z,Other,2020-03-22 21:07:29+00:00,-8.052040100097656,-34.951114654541016,11.0,2749.6,175,0.0,0.0,,0.0,
2020-03-22T20:40:21Z,Other,2020-03-22 21:07:34+00:00,-8.052047729492188,-34.95105743408203,11.0,2755.7,173,5.0,6.099999999999909,1.2199999999999818,0.0,0.0
2020-03-22T20:40:21Z,Other,2020-03-22 21:07:34+00:00,-8.052047729492188,-34.95105743408203,11.0,2755.7,172,0.0,0.0,,0.0,
2020-03-22T20:40:21Z,Other,2020-03-22 21:07:39+00:00,-8.052051544189453,-34.95098876953125,11.0,2763.7,172,5.0,8.0,1.6,0.0,0.0
2020-03-22T20:40:21Z,Other,2020-03-22 21:07:39+00:00,-8.052051544189453,-34.95098876953125,11.0,2763.7,174,0.0,0.0,,0.0,
2020-03-22T20:40:21Z,Other,2020-03-22 21:07:43+00:00,-8.052058219909668,-34.95093536376953,11.0,2769.8,175,4.0,6.100000000000364,1.525000000000091,0.0,0.0
2020-03-22T20:40:21Z,Other,2020-03-22 21:07:43+00:00,-8.052058219909668,-34.95093536376953,11.0,2769.8,175,0.0,0.0,,0.0,
2020-03-22T20:40:21Z,Other,2020-03-22 21:07:47+00:00,-8.052064895629883,-34.95087432861328,11.0,2776.8,175,4.0,7.0,1.75,0.0,0.0
2020-03-22T20:40:21Z,Other,2020-03-22 21:07:47+00:00,-8.052064895629883,-34.95087432861328,11.0,2776.8,174,0.0,0.0,,0.0,
2020-03-22T20:40:21Z,Other,2020-03-22 21:07:51+00:00,-8.052068710327148,-34.9508171081543,11.0,2782.9,173,4.0,6.099999999999909,1.5249999999999773,0.0,0.0
2020-03-22T20:40:21Z,Other,2020-03-22 21:07:51+00:00,-8.052068710327148,-34.9508171081543,11.0,2782.9,173,0.0,0.0,,0.0,
2020-03-22T20:40:21Z,Other,2020-03-22 21:07:55+00:00,-8.05207347869873,-34.95076370239258,11.0,2788.9,174,4.0,6.0,1.5,0.0,0.0
2020-03-22T20:40:21Z,Other,2020-03-22 21:07:55+00:00,-8.05207347869873,-34.95076370239258,11.0,2788.9,174,0.0,0.0,,0.0,
2020-03-22T20:40:21Z,Other,2020-03-22 21:07:59+00:00,-8.052072525024414,-34.950706481933594,11.0,2795.0,174,4.0,6.099999999999909,1.5249999999999773,0.0,0.0
2020-03-22T20:40:21Z,Other,2020-03-22 21:07:59+00:00,-8.052072525024414,-34.950706481933594,11.0,2795.0,174,0.0,0.0,,0.0,
2020-03-22T20:40:21Z,Other,2020-03-22 21:08:03+00:00,-8.052082061767578,-34.95065689086914,11.0,2801.0,176,4.0,6.0,1.5,0.0,0.0
2020-03-22T20:40:21Z,Other,2020-03-22 21:08:03+00:00,-8.052082061767578,-34.95065689086914,11.0,2801.0,176,0.0,0.0,,0.0,
2020-03-22T20:40:21Z,Other,2020-03-22 21:08:07+00:00,-8.05208683013916,-34.950599670410156,11.0,2807.0,176,4.0,6.0,1.5,0.0,0.0
2020-03-22T20:40:21Z,Other,2020-03-22 21:08:07+00:00,-8.05208683013916,-34.950599670410156,11.0,2807.0,176,0.0,0.0,,0.0,
2020-03-22T20:40:21Z,Other,2020-03-22 21:08:11+00:00,-8.052082061767578,-34.95054244995117,11.0,2813.1,176,4.0,6.099999999999909,1.5249999999999773,0.0,0.0
2020-03-22T20:40:21Z,Other,2020-03-22 21:08:11+00:00,-8.052082061767578,-34.95054244995117,11.0,2813.1,176,0.0,0.0,,0.0,
2020-03-22T20:40:21Z,Other,2020-03-22 21:08:16+00:00,-8.052085876464844,-34.950477600097656,10.0,2820.1,177,5.0,7.0,1.4,-1.0,-14.285714285714285
2020-03-22T20:40:21Z,Other,2020-03-22 21:08:16+00:00,-8.052085876464844,-34.950477600097656,10.0,2820.1,176,0.0,0.0,,0.0,
2020-03-22T20:40:21Z,Other,2020-03-22 21:08:20+00:00,-8.05208969116211,-34.95042419433594,10.0,2826.2,176,4.0,6.099999999999909,1.5249999999999773,0.0,0.0
2020-03-22T20:40:21Z,Other,2020-03-22 21:08:20+00:00,-8.05208969116211,-34.95042419433594,10.0,2826.2,175,0.0,0.0,,0.0,
2020-03-22T20:40:21Z,Other,2020-03-22 21:08:25+00:00,-8.052093505859375,-34.95035934448242,10.0,2833.2,175,5.0,7.0,1.4,0.0,0.0
2020-03-22T20:40:21Z,Other,2020-03-22 21:08:25+00:00,-8.052093505859375,-34.95035934448242,10.0,2833.2,176,0.0,0.0,,0.0,
2020-03-22T20:40:21Z,Other,2020-03-22 21:08:29+00:00,-8.052103042602539,-34.95030212402344,10.0,2839.3,177,4.0,6.100000000000364,1.525000000000091,0.0,0.0
2020-03-22T20:40:21Z,Other,2020-03-22 21:08:29+00:00,-8.052103042602539,-34.95030212402344,10.0,2839.3,177,0.0,0.0,,0.0,
2020-03-22T20:40:21Z,Other,2020-03-22 21:08:33+00:00,-8.052109718322754,-34.950252532958984,10.0,2845.3,177,4.0,6.0,1.5,0.0,0.0
2020-03-22T20:40:21Z,Other,2020-03-22 21:08:33+00:00,-8.052109718322754,-34.950252532958984,10.0,2845.3,177,0.0,0.0,,0.0,
2020-03-22T20:40:21Z,Other,2020-03-22 21:08:37+00:00,-8.052111625671387,-34.950199127197266,10.0,2851.3,178,4.0,6.0,1.5,0.0,0.0
2020-03-22T20:40:21Z,Other,2020-03-22 21:08:37+00:00,-8.052111625671387,-34.950199127197266,10.0,2851.3,177,0.0,0.0,,0.0,
2020-03-22T20:40:21Z,Other,2020-03-22 21:08:41+00:00,-8.052112579345703,-34.95014190673828,10.0,2857.4,177,4.0,6.099999999999909,1.5249999999999773,0.0,0.0
2020-03-22T20:40:21Z,Other,2020-03-22 21:08:41+00:00,-8.052112579345703,-34.95014190673828,10.0,2857.4,177,0.0,0.0,,0.0,
2020-03-22T20:40:21Z,Other,2020-03-22 21:08:45+00:00,-8.052117347717285,-34.95008850097656,10.0,2863.4,177,4.0,6.0,1.5,0.0,0.0
2020-03-22T20:40:21Z,Other,2020-03-22 21:08:45+00:00,-8.052117347717285,-34.95008850097656,10.0,2863.4,177,0.0,0.0,,0.0,
2020-03-22T20:40:21Z,Other,2020-03-22 21:08:49+00:00,-8.052117347717285,-34.950035095214844,10.0,2869.5,177,4.0,6.099999999999909,1.5249999999999773,0.0,0.0
2020-03-22T20:40:21Z,Other,2020-03-22 21:08:49+00:00,-8.052117347717285,-34.950035095214844,10.0,2869.5,177,0.0,0.0,,0.0,
2020-03-22T20:40:21Z,Other,2020-03-22 21:08:53+00:00,-8.05212116241455,-34.94997787475586,10.0,2875.5,179,4.0,6.0,1.5,0.0,0.0
2020-03-22T20:40:21Z,Other,2020-03-22 21:08:53+00:00,-8.05212116241455,-34.94997787475586,10.0,2875.5,179,0.0,0.0,,0.0,
2020-03-22T20:40:21Z,Other,2020-03-22 21:08:57+00:00,-8.0521240234375,-34.949920654296875,10.0,2881.5,178,4.0,6.0,1.5,0.0,0.0
2020-03-22T20:40:21Z,Other,2020-03-22 21:08:57+00:00,-8.0521240234375,-34.949920654296875,10.0,2881.5,177,0.0,0.0,,0.0,
2020-03-22T20:40:21Z,Other,2020-03-22 21:09:01+00:00,-8.05212688446045,-34.949859619140625,10.0,2888.6,173,4.0,7.099999999999909,1.7749999999999773,0.0,0.0
2020-03-22T20:40:21Z,Other,2020-03-22 21:09:01+00:00,-8.05212688446045,-34.949859619140625,10.0,2888.6,174,0.0,0.0,,0.0,
2020-03-22T20:40:21Z,Other,2020-03-22 21:09:05+00:00,-8.052127838134766,-34.94980239868164,10.0,2894.6,174,4.0,6.0,1.5,0.0,0.0
2020-03-22T20:40:21Z,Other,2020-03-22 21:09:05+00:00,-8.052127838134766,-34.94980239868164,10.0,2894.6,174,0.0,0.0,,0.0,
2020-03-22T20:40:21Z,Other,2020-03-22 21:09:09+00:00,-8.052131652832031,-34.949745178222656,10.0,2900.7,173,4.0,6.099999999999909,1.5249999999999773,0.0,0.0
2020-03-22T20:40:21Z,Other,2020-03-22 21:09:09+00:00,-8.052131652832031,-34.949745178222656,10.0,2900.7,173,0.0,0.0,,0.0,
2020-03-22T20:40:21Z,Other,2020-03-22 21:09:13+00:00,-8.052138328552246,-34.94969177246094,10.0,2906.7,174,4.0,6.0,1.5,0.0,0.0
2020-03-22T20:40:21Z,Other,2020-03-22 21:09:13+00:00,-8.052138328552246,-34.94969177246094,10.0,2906.7,174,0.0,0.0,,0.0,
2020-03-22T20:40:21Z,Other,2020-03-22 21:09:17+00:00,-8.052142143249512,-34.94963073730469,10.0,2913.8,176,4.0,7.100000000000364,1.775000000000091,0.0,0.0
2020-03-22T20:40:21Z,Other,2020-03-22 21:09:17+00:00,-8.052142143249512,-34.94963073730469,10.0,2913.8,176,0.0,0.0,,0.0,
2020-03-22T20:40:21Z,Other,2020-03-22 21:09:21+00:00,-8.052140235900879,-34.94957733154297,10.0,2919.8,175,4.0,6.0,1.5,0.0,0.0
2020-03-22T20:40:21Z,Other,2020-03-22 21:09:21+00:00,-8.052140235900879,-34.94957733154297,10.0,2919.8,175,0.0,0.0,,0.0,
2020-03-22T20:40:21Z,Other,2020-03-22 21:09:25+00:00,-8.052139282226562,-34.94951629638672,10.0,2926.9,175,4.0,7.099999999999909,1.7749999999999773,0.0,0.0
2020-03-22T20:40:21Z,Other,2020-03-22 21:09:25+00:00,-8.052139282226562,-34.94951629638672,10.0,2926.9,175,0.0,0.0,,0.0,
2020-03-22T20:40:21Z,Other,2020-03-22 21:09:29+00:00,-8.052135467529297,-34.949459075927734,10.0,2932.9,174,4.0,6.0,1.5,0.0,0.0
2020-03-22T20:40:21Z,Other,2020-03-22 21:09:29+00:00,-8.052135467529297,-34.949459075927734,10.0,2932.9,173,0.0,0.0,,0.0,
2020-03-22T20:40:21Z,Other,2020-03-22 21:09:33+00:00,-8.05213737487793,-34.949398040771484,10.0,2939.9,171,4.0,7.0,1.75,0.0,0.0
2020-03-22T20:40:21Z,Other,2020-03-22 21:09:33+00:00,-8.05213737487793,-34.949398040771484,10.0,2939.9,171,0.0,0.0,,0.0,
2020-03-22T20:40:21Z,Other,2020-03-22 21:09:37+00:00,-8.05213737487793,-34.949344635009766,10.0,2946.0,171,4.0,6.099999999999909,1.5249999999999773,0.0,0.0
2020-03-22T20:40:21Z,Other,2020-03-22 21:09:37+00:00,-8.05213737487793,-34.949344635009766,10.0,2946.0,171,0.0,0.0,,0.0,
2020-03-22T20:40:21Z,Other,2020-03-22 21:09:41+00:00,-8.052141189575195,-34.94928741455078,10.0,2952.0,170,4.0,6.0,1.5,0.0,0.0
2020-03-22T20:40:21Z,Other,2020-03-22 21:09:41+00:00,-8.052141189575195,-34.94928741455078,10.0,2952.0,169,0.0,0.0,,0.0,
2020-03-22T20:40:21Z,Other,2020-03-22 21:09:45+00:00,-8.052143096923828,-34.94922637939453,10.0,2959.1,168,4.0,7.099999999999909,1.7749999999999773,0.0,0.0
2020-03-22T20:40:21Z,Other,2020-03-22 21:09:45+00:00,-8.052143096923828,-34.94922637939453,10.0,2959.1,167,0.0,0.0,,0.0,
2020-03-22T20:40:21Z,Other,2020-03-22 21:09:49+00:00,-8.052145957946777,-34.94917297363281,10.0,2965.1,168,4.0,6.0,1.5,0.0,0.0
2020-03-22T20:40:21Z,Other,2020-03-22 21:09:49+00:00,-8.052145957946777,-34.94917297363281,10.0,2965.1,168,0.0,0.0,,0.0,
2020-03-22T20:40:21Z,Other,2020-03-22 21:09:54+00:00,-8.052151679992676,-34.9491081237793,10.0,2972.2,168,5.0,7.099999999999909,1.4199999999999817,0.0,0.0
2020-03-22T20:40:21Z,Other,2020-03-22 21:09:54+00:00,-8.052151679992676,-34.9491081237793,10.0,2972.2,168,0.0,0.0,,0.0,
2020-03-22T20:40:21Z,Other,2020-03-22 21:09:58+00:00,-8.052156448364258,-34.94905471801758,10.0,2978.2,168,4.0,6.0,1.5,0.0,0.0
2020-03-22T20:40:21Z,Other,2020-03-22 21:09:58+00:00,-8.052156448364258,-34.94905471801758,10.0,2978.2,168,0.0,0.0,,0.0,
2020-03-22T20:40:21Z,Other,2020-03-22 21:10:02+00:00,-8.052154541015625,-34.948997497558594,10.0,2984.2,169,4.0,6.0,1.5,0.0,0.0
2020-03-22T20:40:21Z,Other,2020-03-22 21:10:02+00:00,-8.052154541015625,-34.948997497558594,10.0,2984.2,169,0.0,0.0,,0.0,
2020-03-22T20:40:21Z,Other,2020-03-22 21:10:06+00:00,-8.05215835571289,-34.94894027709961,10.0,2990.3,169,4.0,6.100000000000364,1.525000000000091,0.0,0.0
2020-03-22T20:40:21Z,Other,2020-03-22 21:10:06+00:00,-8.05215835571289,-34.94894027709961,10.0,2990.3,169,0.0,0.0,,0.0,
2020-03-22T20:40:21Z,Other,2020-03-22 21:10:10+00:00,-8.052163124084473,-34.948890686035156,10.0,2995.3,170,4.0,5.0,1.25,0.0,0.0
2020-03-22T20:40:21Z,Other,2020-03-22 21:10:10+00:00,-8.052163124084473,-34.948890686035156,10.0,2995.3,169,0.0,0.0,,0.0,
2020-03-22T20:40:21Z,Other,2020-03-22 21:10:14+00:00,-8.052164077758789,-34.9488410949707,10.0,3000.4,170,4.0,5.099999999999909,1.2749999999999773,0.0,0.0
2020-03-22T20:40:21Z,Other,2020-03-22 21:10:14+00:00,-8.052164077758789,-34.9488410949707,10.0,3000.4,170,0.0,0.0,,0.0,
2020-03-22T20:40:21Z,Other,2020-03-22 21:10:19+00:00,-8.05217456817627,-34.94878005981445,10.0,3007.4,170,5.0,7.0,1.4,0.0,0.0
2020-03-22T20:40:21Z,Other,2020-03-22 21:10:19+00:00,-8.05217456817627,-34.94878005981445,10.0,3007.4,170,0.0,0.0,,0.0,
2020-03-22T20:40:21Z,Other,2020-03-22 21:10:24+00:00,-8.052181243896484,-34.94871139526367,7.0,3015.5,170,5.0,8.099999999999909,1.619999999999982,-3.0,-37.03703703703745
2020-03-22T20:40:21Z,Other,2020-03-22 21:10:24+00:00,-8.052181243896484,-34.94871139526367,7.0,3015.5,169,0.0,0.0,,0.0,
2020-03-22T20:40:21Z,Other,2020-03-22 21:10:28+00:00,-8.052152633666992,-34.94866180419922,7.0,3021.5,169,4.0,6.0,1.5,0.0,0.0
2020-03-22T20:40:21Z,Other,2020-03-22 21:10:28+00:00,-8.052152633666992,-34.94866180419922,7.0,3021.5,169,0.0,0.0,,0.0,
2020-03-22T20:40:21Z,Other,2020-03-22 21:10:32+00:00,-8.052119255065918,-34.948612213134766,7.0,3028.5,171,4.0,7.0,1.75,0.0,0.0
2020-03-22T20:40:21Z,Other,2020-03-22 21:10:32+00:00,-8.052119255065918,-34.948612213134766,7.0,3028.5,171,0.0,0.0,,0.0,
2020-03-22T20:40:21Z,Other,2020-03-22 21:10:36+00:00,-8.052114486694336,-34.94855499267578,8.0,3034.6,171,4.0,6.099999999999909,1.5249999999999773,1.0,16.393442622951067
2020-03-22T20:40:21Z,Other,2020-03-22 21:10:36+00:00,-8.052114486694336,-34.94855499267578,8.0,3034.6,170,0.0,0.0,,0.0,
2020-03-22T20:40:21Z,Other,2020-03-22 21:10:40+00:00,-8.052115440368652,-34.9484977722168,10.0,3040.6,169,4.0,6.0,1.5,2.0,33.33333333333333
2020-03-22T20:40:21Z,Other,2020-03-22 21:10:40+00:00,-8.052115440368652,-34.9484977722168,10.0,3040.6,167,0.0,0.0,,0.0,
2020-03-22T20:40:21Z,Other,2020-03-22 21:10:44+00:00,-8.052117347717285,-34.94844055175781,10.0,3046.7,166,4.0,6.099999999999909,1.5249999999999773,0.0,0.0
2020-03-22T20:40:21Z,Other,2020-03-22 21:10:44+00:00,-8.052117347717285,-34.94844055175781,10.0,3046.7,165,0.0,0.0,,0.0,
2020-03-22T20:40:21Z,Other,2020-03-22 21:10:48+00:00,-8.052122116088867,-34.94838333129883,10.0,3052.7,165,4.0,6.0,1.5,0.0,0.0
2020-03-22T20:40:21Z,Other,2020-03-22 21:10:48+00:00,-8.052122116088867,-34.94838333129883,10.0,3052.7,164,0.0,0.0,,0.0,
2020-03-22T20:40:21Z,Other,2020-03-22 21:10:52+00:00,-8.052124977111816,-34.948326110839844,11.0,3058.7,164,4.0,6.0,1.5,1.0,16.666666666666664
2020-03-22T20:40:21Z,Other,2020-03-22 21:10:52+00:00,-8.052124977111816,-34.948326110839844,11.0,3058.7,164,0.0,0.0,,0.0,
2020-03-22T20:40:21Z,Other,2020-03-22 21:10:56+00:00,-8.05212688446045,-34.94826889038086,11.0,3064.8,165,4.0,6.100000000000364,1.525000000000091,0.0,0.0
2020-03-22T20:40:21Z,Other,2020-03-22 21:10:56+00:00,-8.05212688446045,-34.94826889038086,11.0,3064.8,165,0.0,0.0,,0.0,
2020-03-22T20:40:21Z,Other,2020-03-22 21:11:00+00:00,-8.052131652832031,-34.948211669921875,11.0,3070.8,165,4.0,6.0,1.5,0.0,0.0
2020-03-22T20:40:21Z,Other,2020-03-22 21:11:00+00:00,-8.052131652832031,-34.948211669921875,11.0,3070.8,165,0.0,0.0,,0.0,
2020-03-22T20:40:21Z,Other,2020-03-22 21:11:04+00:00,-8.05212688446045,-34.94815444946289,11.0,3076.9,165,4.0,6.099999999999909,1.5249999999999773,0.0,0.0
2020-03-22T20:40:21Z,Other,2020-03-22 21:11:04+00:00,-8.05212688446045,-34.94815444946289,11.0,3076.9,165,0.0,0.0,,0.0,
2020-03-22T20:40:21Z,Other,2020-03-22 21:11:08+00:00,-8.052124977111816,-34.948089599609375,11.0,3083.9,167,4.0,7.0,1.75,0.0,0.0
2020-03-22T20:40:21Z,Other,2020-03-22 21:11:08+00:00,-8.052124977111816,-34.948089599609375,11.0,3083.9,167,0.0,0.0,,0.0,
2020-03-22T20:40:21Z,Other,2020-03-22 21:11:12+00:00,-8.052128791809082,-34.948036193847656,11.0,3090.0,168,4.0,6.099999999999909,1.5249999999999773,0.0,0.0
2020-03-22T20:40:21Z,Other,2020-03-22 21:11:12+00:00,-8.052128791809082,-34.948036193847656,11.0,3090.0,168,0.0,0.0,,0.0,
2020-03-22T20:40:21Z,Other,2020-03-22 21:11:16+00:00,-8.052135467529297,-34.947975158691406,11.0,3097.0,168,4.0,7.0,1.75,0.0,0.0
2020-03-22T20:40:21Z,Other,2020-03-22 21:11:16+00:00,-8.052135467529297,-34.947975158691406,11.0,3097.0,168,0.0,0.0,,0.0,
2020-03-22T20:40:21Z,Other,2020-03-22 21:11:20+00:00,-8.052143096923828,-34.94791793823242,11.0,3103.0,166,4.0,6.0,1.5,0.0,0.0
2020-03-22T20:40:21Z,Other,2020-03-22 21:11:20+00:00,-8.052143096923828,-34.94791793823242,11.0,3103.0,165,0.0,0.0,,0.0,
2020-03-22T20:40:21Z,Other,2020-03-22 21:11:24+00:00,-8.052146911621094,-34.94786071777344,11.0,3109.1,164,4.0,6.099999999999909,1.5249999999999773,0.0,0.0
2020-03-22T20:40:21Z,Other,2020-03-22 21:11:24+00:00,-8.052146911621094,-34.94786071777344,11.0,3109.1,163,0.0,0.0,,0.0,
2020-03-22T20:40:21Z,Other,2020-03-22 21:11:28+00:00,-8.052151679992676,-34.94780731201172,10.0,3115.1,164,4.0,6.0,1.5,-1.0,-16.666666666666664
2020-03-22T20:40:21Z,Other,2020-03-22 21:11:28+00:00,-8.052151679992676,-34.94780731201172,10.0,3115.1,164,0.0,0.0,,0.0,
2020-03-22T20:40:21Z,Other,2020-03-22 21:11:32+00:00,-8.05215072631836,-34.94775390625,10.0,3121.2,165,4.0,6.099999999999909,1.5249999999999773,0.0,0.0
2020-03-22T20:40:21Z,Other,2020-03-22 21:11:32+00:00,-8.05215072631836,-34.94775390625,10.0,3121.2,165,0.0,0.0,,0.0,
2020-03-22T20:40:21Z,Other,2020-03-22 21:11:36+00:00,-8.052156448364258,-34.947696685791016,10.0,3127.2,164,4.0,6.0,1.5,0.0,0.0
2020-03-22T20:40:21Z,Other,2020-03-22 21:11:36+00:00,-8.052156448364258,-34.947696685791016,10.0,3127.2,164,0.0,0.0,,0.0,
2020-03-22T20:40:21Z,Other,2020-03-22 21:11:40+00:00,-8.052160263061523,-34.9476432800293,10.0,3133.3,164,4.0,6.100000000000364,1.525000000000091,0.0,0.0
2020-03-22T20:40:21Z,Other,2020-03-22 21:11:40+00:00,-8.052160263061523,-34.9476432800293,10.0,3133.3,164,0.0,0.0,,0.0,
2020-03-22T20:40:21Z,Other,2020-03-22 21:11:44+00:00,-8.052159309387207,-34.94758605957031,10.0,3139.3,165,4.0,6.0,1.5,0.0,0.0
2020-03-22T20:40:21Z,Other,2020-03-22 21:11:44+00:00,-8.052159309387207,-34.94758605957031,10.0,3139.3,165,0.0,0.0,,0.0,
2020-03-22T20:40:21Z,Other,2020-03-22 21:11:48+00:00,-8.052136421203613,-34.947540283203125,10.0,3145.3,165,4.0,6.0,1.5,0.0,0.0
2020-03-22T20:40:21Z,Other,2020-03-22 21:11:48+00:00,-8.052136421203613,-34.947540283203125,10.0,3145.3,165,0.0,0.0,,0.0,
2020-03-22T20:40:21Z,Other,2020-03-22 21:11:53+00:00,-8.052083015441895,-34.94751739501953,10.0,3151.4,167,5.0,6.099999999999909,1.2199999999999818,0.0,0.0
2020-03-22T20:40:21Z,Other,2020-03-22 21:11:53+00:00,-8.052083015441895,-34.94751739501953,10.0,3151.4,167,0.0,0.0,,0.0,
2020-03-22T20:40:21Z,Other,2020-03-22 21:11:58+00:00,-8.052023887634277,-34.947532653808594,10.0,3158.4,167,5.0,7.0,1.4,0.0,0.0
2020-03-22T20:40:21Z,Other,2020-03-22 21:11:58+00:00,-8.052023887634277,-34.947532653808594,10.0,3158.4,166,0.0,0.0,,0.0,
2020-03-22T20:40:21Z,Other,2020-03-22 21:12:03+00:00,-8.051983833312988,-34.94758224487305,10.0,3165.5,166,5.0,7.099999999999909,1.4199999999999817,0.0,0.0
2020-03-22T20:40:21Z,Other,2020-03-22 21:12:03+00:00,-8.051983833312988,-34.94758224487305,10.0,3165.5,166,0.0,0.0,,0.0,
2020-03-22T20:40:21Z,Other,2020-03-22 21:12:07+00:00,-8.05196762084961,-34.9476318359375,10.0,3171.5,166,4.0,6.0,1.5,0.0,0.0
2020-03-22T20:40:21Z,Other,2020-03-22 21:12:07+00:00,-8.05196762084961,-34.9476318359375,10.0,3171.5,166,0.0,0.0,,0.0,
2020-03-22T20:40:21Z,Other,2020-03-22 21:12:11+00:00,-8.051956176757812,-34.947689056396484,10.0,3177.6,166,4.0,6.099999999999909,1.5249999999999773,0.0,0.0
2020-03-22T20:40:21Z,Other,2020-03-22 21:12:11+00:00,-8.051956176757812,-34.947689056396484,10.0,3177.6,165,0.0,0.0,,0.0,
2020-03-22T20:40:21Z,Other,2020-03-22 21:12:15+00:00,-8.051949501037598,-34.94774627685547,10.0,3183.6,165,4.0,6.0,1.5,0.0,0.0
2020-03-22T20:40:21Z,Other,2020-03-22 21:12:15+00:00,-8.051949501037598,-34.94774627685547,10.0,3183.6,165,0.0,0.0,,0.0,
2020-03-22T20:40:21Z,Other,2020-03-22 21:12:19+00:00,-8.051941871643066,-34.94779586791992,10.0,3189.6,167,4.0,6.0,1.5,0.0,0.0
2020-03-22T20:40:21Z,Other,2020-03-22 21:12:19+00:00,-8.051941871643066,-34.94779586791992,10.0,3189.6,166,0.0,0.0,,0.0,
2020-03-22T20:40:21Z,Other,2020-03-22 21:12:24+00:00,-8.051929473876953,-34.94786834716797,10.0,3197.7,165,5.0,8.099999999999909,1.619999999999982,0.0,0.0
2020-03-22T20:40:21Z,Other,2020-03-22 21:12:24+00:00,-8.051929473876953,-34.94786834716797,10.0,3197.7,165,0.0,0.0,,0.0,
2020-03-22T20:40:21Z,Other,2020-03-22 21:12:28+00:00,-8.051919937133789,-34.94792556762695,10.0,3203.7,165,4.0,6.0,1.5,0.0,0.0
2020-03-22T20:40:21Z,Other,2020-03-22 21:12:28+00:00,-8.051919937133789,-34.94792556762695,10.0,3203.7,165,0.0,0.0,,0.0,
2020-03-22T20:40:21Z,Other,2020-03-22 21:12:32+00:00,-8.051909446716309,-34.94798278808594,10.0,3209.8,166,4.0,6.100000000000364,1.525000000000091,0.0,0.0
2020-03-22T20:40:21Z,Other,2020-03-22 21:12:32+00:00,-8.051909446716309,-34.94798278808594,10.0,3209.8,165,0.0,0.0,,0.0,
2020-03-22T20:40:21Z,Other,2020-03-22 21:12:36+00:00,-8.051900863647461,-34.94804000854492,10.0,3215.8,165,4.0,6.0,1.5,0.0,0.0
2020-03-22T20:40:21Z,Other,2020-03-22 21:12:36+00:00,-8.051900863647461,-34.94804000854492,10.0,3215.8,165,0.0,0.0,,0.0,
2020-03-22T20:40:21Z,Other,2020-03-22 21:12:40+00:00,-8.051899909973145,-34.94809341430664,10.0,3221.9,165,4.0,6.099999999999909,1.5249999999999773,0.0,0.0
2020-03-22T20:40:21Z,Other,2020-03-22 21:12:40+00:00,-8.051899909973145,-34.94809341430664,10.0,3221.9,164,0.0,0.0,,0.0,
2020-03-22T20:40:21Z,Other,2020-03-22 21:12:44+00:00,-8.051900863647461,-34.94814682006836,10.0,3227.9,164,4.0,6.0,1.5,0.0,0.0
2020-03-22T20:40:21Z,Other,2020-03-22 21:12:44+00:00,-8.051900863647461,-34.94814682006836,10.0,3227.9,164,0.0,0.0,,0.0,
2020-03-22T20:40:21Z,Other,2020-03-22 21:12:48+00:00,-8.051898002624512,-34.948204040527344,10.0,3233.9,162,4.0,6.0,1.5,0.0,0.0
2020-03-22T20:40:21Z,Other,2020-03-22 21:12:48+00:00,-8.051898002624512,-34.948204040527344,10.0,3233.9,160,0.0,0.0,,0.0,
2020-03-22T20:40:21Z,Other,2020-03-22 21:12:52+00:00,-8.051889419555664,-34.94825744628906,10.0,3240.0,159,4.0,6.099999999999909,1.5249999999999773,0.0,0.0
2020-03-22T20:40:21Z,Other,2020-03-22 21:12:52+00:00,-8.051889419555664,-34.94825744628906,10.0,3240.0,159,0.0,0.0,,0.0,
2020-03-22T20:40:21Z,Other,2020-03-22 21:12:56+00:00,-8.051881790161133,-34.94831848144531,10.0,3247.0,159,4.0,7.0,1.75,0.0,0.0
2020-03-22T20:40:21Z,Other,2020-03-22 21:12:56+00:00,-8.051881790161133,-34.94831848144531,10.0,3247.0,158,0.0,0.0,,0.0,
2020-03-22T20:40:21Z,Other,2020-03-22 21:13:00+00:00,-8.051871299743652,-34.948368072509766,10.0,3253.1,157,4.0,6.099999999999909,1.5249999999999773,0.0,0.0
2020-03-22T20:40:21Z,Other,2020-03-22 21:13:00+00:00,-8.051871299743652,-34.948368072509766,10.0,3253.1,156,0.0,0.0,,0.0,
2020-03-22T20:40:21Z,Other,2020-03-22 21:13:04+00:00,-8.051870346069336,-34.94842529296875,10.0,3259.1,156,4.0,6.0,1.5,0.0,0.0
2020-03-22T20:40:21Z,Other,2020-03-22 21:13:04+00:00,-8.051870346069336,-34.94842529296875,10.0,3259.1,155,0.0,0.0,,0.0,
2020-03-22T20:40:21Z,Other,2020-03-22 21:13:08+00:00,-8.051867485046387,-34.948490142822266,10.0,3266.2,155,4.0,7.099999999999909,1.7749999999999773,0.0,0.0
2020-03-22T20:40:21Z,Other,2020-03-22 21:13:08+00:00,-8.051867485046387,-34.948490142822266,10.0,3266.2,155,0.0,0.0,,0.0,
2020-03-22T20:40:21Z,Other,2020-03-22 21:13:12+00:00,-8.051860809326172,-34.94853973388672,10.0,3272.2,156,4.0,6.0,1.5,0.0,0.0
2020-03-22T20:40:21Z,Other,2020-03-22 21:13:12+00:00,-8.051860809326172,-34.94853973388672,10.0,3272.2,156,0.0,0.0,,0.0,
2020-03-22T20:40:21Z,Other,2020-03-22 21:13:16+00:00,-8.05185317993164,-34.9485969543457,10.0,3278.2,155,4.0,6.0,1.5,0.0,0.0
2020-03-22T20:40:21Z,Other,2020-03-22 21:13:16+00:00,-8.05185317993164,-34.9485969543457,10.0,3278.2,153,0.0,0.0,,0.0,
2020-03-22T20:40:21Z,Other,2020-03-22 21:13:20+00:00,-8.051848411560059,-34.94865798950195,10.0,3285.3,152,4.0,7.100000000000364,1.775000000000091,0.0,0.0
2020-03-22T20:40:21Z,Other,2020-03-22 21:13:20+00:00,-8.051848411560059,-34.94865798950195,10.0,3285.3,152,0.0,0.0,,0.0,
2020-03-22T20:40:21Z,Other,2020-03-22 21:13:23+00:00,-8.051840782165527,-34.94871139526367,10.0,3291.3,152,3.0,6.0,2.0,0.0,0.0
2020-03-22T20:40:21Z,Other,2020-03-22 21:13:23+00:00,-8.051840782165527,-34.94871139526367,10.0,3291.3,152,0.0,0.0,,0.0,
2020-03-22T20:40:21Z,Other,2020-03-22 21:13:26+00:00,-8.051831245422363,-34.94876480102539,10.0,3297.4,153,3.0,6.099999999999909,2.033333333333303,0.0,0.0
2020-03-22T20:40:21Z,Other,2020-03-22 21:13:26+00:00,-8.051831245422363,-34.94876480102539,10.0,3297.4,152,0.0,0.0,,0.0,
2020-03-22T20:40:21Z,Other,2020-03-22 21:13:29+00:00,-8.051812171936035,-34.94882583618164,10.0,3304.4,152,3.0,7.0,2.3333333333333335,0.0,0.0
2020-03-22T20:40:21Z,Other,2020-03-22 21:13:29+00:00,-8.051812171936035,-34.94882583618164,10.0,3304.4,152,0.0,0.0,,0.0,
2020-03-22T20:40:21Z,Other,2020-03-22 21:13:32+00:00,-8.051797866821289,-34.94888687133789,10.0,3311.5,152,3.0,7.099999999999909,2.3666666666666365,0.0,0.0
2020-03-22T20:40:21Z,Other,2020-03-22 21:13:32+00:00,-8.051797866821289,-34.94888687133789,10.0,3311.5,152,0.0,0.0,,0.0,
2020-03-22T20:40:21Z,Other,2020-03-22 21:13:35+00:00,-8.051788330078125,-34.948951721191406,10.0,3318.5,153,3.0,7.0,2.3333333333333335,0.0,0.0
2020-03-22T20:40:21Z,Other,2020-03-22 21:13:35+00:00,-8.051788330078125,-34.948951721191406,10.0,3318.5,154,0.0,0.0,,0.0,
2020-03-22T20:40:21Z,Other,2020-03-22 21:13:38+00:00,-8.051776885986328,-34.94900894165039,10.0,3324.5,155,3.0,6.0,2.0,0.0,0.0
2020-03-22T20:40:21Z,Other,2020-03-22 21:13:38+00:00,-8.051776885986328,-34.94900894165039,10.0,3324.5,155,0.0,0.0,,0.0,
2020-03-22T20:40:21Z,Other,2020-03-22 21:13:41+00:00,-8.051767349243164,-34.94906997680664,10.0,3331.6,158,3.0,7.099999999999909,2.3666666666666365,0.0,0.0
2020-03-22T20:40:21Z,Other,2020-03-22 21:13:41+00:00,-8.051767349243164,-34.94906997680664,10.0,3331.6,159,0.0,0.0,,0.0,
2020-03-22T20:40:21Z,Other,2020-03-22 21:13:44+00:00,-8.051759719848633,-34.94913101196289,10.0,3338.6,161,3.0,7.0,2.3333333333333335,0.0,0.0
2020-03-22T20:40:21Z,Other,2020-03-22 21:13:44+00:00,-8.051759719848633,-34.94913101196289,10.0,3338.6,161,0.0,0.0,,0.0,
2020-03-22T20:40:21Z,Other,2020-03-22 21:13:47+00:00,-8.051751136779785,-34.94919204711914,10.0,3345.7,160,3.0,7.099999999999909,2.3666666666666365,0.0,0.0
2020-03-22T20:40:21Z,Other,2020-03-22 21:13:47+00:00,-8.051751136779785,-34.94919204711914,10.0,3345.7,161,0.0,0.0,,0.0,
2020-03-22T20:40:21Z,Other,2020-03-22 21:13:50+00:00,-8.051741600036621,-34.94926071166992,10.0,3353.7,163,3.0,8.0,2.6666666666666665,0.0,0.0
2020-03-22T20:40:21Z,Other,2020-03-22 21:13:50+00:00,-8.051741600036621,-34.94926071166992,10.0,3353.7,164,0.0,0.0,,0.0,
2020-03-22T20:40:21Z,Other,2020-03-22 21:13:53+00:00,-8.051732063293457,-34.949317932128906,10.0,3359.8,166,3.0,6.100000000000364,2.0333333333334545,0.0,0.0
2020-03-22T20:40:21Z,Other,2020-03-22 21:13:53+00:00,-8.051732063293457,-34.949317932128906,10.0,3359.8,165,0.0,0.0,,0.0,
2020-03-22T20:40:21Z,Other,2020-03-22 21:13:56+00:00,-8.051717758178711,-34.949378967285156,10.0,3366.8,165,3.0,7.0,2.3333333333333335,0.0,0.0
2020-03-22T20:40:21Z,Other,2020-03-22 21:13:56+00:00,-8.051717758178711,-34.949378967285156,10.0,3366.8,165,0.0,0.0,,0.0,
2020-03-22T20:40:21Z,Other,2020-03-22 21:13:59+00:00,-8.051704406738281,-34.94943618774414,10.0,3372.9,165,3.0,6.099999999999909,2.033333333333303,0.0,0.0
2020-03-22T20:40:21Z,Other,2020-03-22 21:13:59+00:00,-8.051704406738281,-34.94943618774414,10.0,3372.9,164,0.0,0.0,,0.0,
2020-03-22T20:40:21Z,Other,2020-03-22 21:14:02+00:00,-8.051692008972168,-34.949493408203125,10.0,3378.9,165,3.0,6.0,2.0,0.0,0.0
2020-03-22T20:40:21Z,Other,2020-03-22 21:14:02+00:00,-8.051692008972168,-34.949493408203125,10.0,3378.9,164,0.0,0.0,,0.0,
2020-03-22T20:40:21Z,Other,2020-03-22 21:14:05+00:00,-8.051675796508789,-34.94955062866211,10.0,3386.0,164,3.0,7.099999999999909,2.3666666666666365,0.0,0.0
2020-03-22T20:40:21Z,Other,2020-03-22 21:14:05+00:00,-8.051675796508789,-34.94955062866211,10.0,3386.0,161,0.0,0.0,,0.0,
2020-03-22T20:40:21Z,Other,2020-03-22 21:14:08+00:00,-8.051667213439941,-34.949607849121094,10.0,3392.0,161,3.0,6.0,2.0,0.0,0.0
2020-03-22T20:40:21Z,Other,2020-03-22 21:14:08+00:00,-8.051667213439941,-34.949607849121094,10.0,3392.0,161,0.0,0.0,,0.0,
2020-03-22T20:40:21Z,Other,2020-03-22 21:14:11+00:00,-8.051657676696777,-34.94967269897461,10.0,3399.1,163,3.0,7.099999999999909,2.3666666666666365,0.0,0.0
2020-03-22T20:40:21Z,Other,2020-03-22 21:14:11+00:00,-8.051657676696777,-34.94967269897461,10.0,3399.1,163,0.0,0.0,,0.0,
2020-03-22T20:40:21Z,Other,2020-03-22 21:14:14+00:00,-8.051650047302246,-34.94973373413086,10.0,3406.1,165,3.0,7.0,2.3333333333333335,0.0,0.0
2020-03-22T20:40:21Z,Other,2020-03-22 21:14:14+00:00,-8.051650047302246,-34.94973373413086,10.0,3406.1,165,0.0,0.0,,0.0,
2020-03-22T20:40:21Z,Other,2020-03-22 21:14:17+00:00,-8.051643371582031,-34.949790954589844,10.0,3412.1,166,3.0,6.0,2.0,0.0,0.0
2020-03-22T20:40:21Z,Other,2020-03-22 21:14:17+00:00,-8.051643371582031,-34.949790954589844,10.0,3412.1,166,0.0,0.0,,0.0,
2020-03-22T20:40:21Z,Other,2020-03-22 21:14:20+00:00,-8.051631927490234,-34.949851989746094,10.0,3419.2,166,3.0,7.099999999999909,2.3666666666666365,0.0,0.0
2020-03-22T20:40:21Z,Other,2020-03-22 21:14:20+00:00,-8.051631927490234,-34.949851989746094,10.0,3419.2,166,0.0,0.0,,0.0,
2020-03-22T20:40:21Z,Other,2020-03-22 21:14:23+00:00,-8.051619529724121,-34.949913024902344,10.0,3426.2,167,3.0,7.0,2.3333333333333335,0.0,0.0
2020-03-22T20:40:21Z,Other,2020-03-22 21:14:23+00:00,-8.051619529724121,-34.949913024902344,10.0,3426.2,168,0.0,0.0,,0.0,
2020-03-22T20:40:21Z,Other,2020-03-22 21:14:26+00:00,-8.05160903930664,-34.94997024536133,10.0,3432.3,169,3.0,6.100000000000364,2.0333333333334545,0.0,0.0
2020-03-22T20:40:21Z,Other,2020-03-22 21:14:26+00:00,-8.05160903930664,-34.94997024536133,10.0,3432.3,168,0.0,0.0,,0.0,
2020-03-22T20:40:21Z,Other,2020-03-22 21:14:29+00:00,-8.051602363586426,-34.95003128051758,10.0,3439.3,168,3.0,7.0,2.3333333333333335,0.0,0.0
2020-03-22T20:40:21Z,Other,2020-03-22 21:14:29+00:00,-8.051602363586426,-34.95003128051758,10.0,3439.3,168,0.0,0.0,,0.0,
2020-03-22T20:40:21Z,Other,2020-03-22 21:14:32+00:00,-8.051597595214844,-34.95009231567383,9.0,3446.4,169,3.0,7.099999999999909,2.3666666666666365,-1.0,-14.084507042253701
2020-03-22T20:40:21Z,Other,2020-03-22 21:14:32+00:00,-8.051597595214844,-34.95009231567383,9.0,3446.4,168,0.0,0.0,,0.0,
2020-03-22T20:40:21Z,Other,2020-03-22 21:14:35+00:00,-8.051594734191895,-34.95015335083008,9.0,3453.4,168,3.0,7.0,2.3333333333333335,0.0,0.0
2020-03-22T20:40:21Z,Other,2020-03-22 21:14:35+00:00,-8.051594734191895,-34.95015335083008,9.0,3453.4,168,0.0,0.0,,0.0,
2020-03-22T20:40:21Z,Other,2020-03-22 21:14:38+00:00,-8.05158805847168,-34.95021438598633,9.0,3460.5,168,3.0,7.099999999999909,2.3666666666666365,0.0,0.0
2020-03-22T20:40:21Z,Other,2020-03-22 21:14:38+00:00,-8.05158805847168,-34.95021438598633,9.0,3460.5,167,0.0,0.0,,0.0,
2020-03-22T20:40:21Z,Other,2020-03-22 21:14:41+00:00,-8.051582336425781,-34.950279235839844,9.0,3467.5,167,3.0,7.0,2.3333333333333335,0.0,0.0
2020-03-22T20:40:21Z,Other,2020-03-22 21:14:41+00:00,-8.051582336425781,-34.950279235839844,9.0,3467.5,167,0.0,0.0,,0.0,
2020-03-22T20:40:21Z,Other,2020-03-22 21:14:44+00:00,-8.051575660705566,-34.950340270996094,9.0,3474.6,167,3.0,7.099999999999909,2.3666666666666365,0.0,0.0
2020-03-22T20:40:21Z,Other,2020-03-22 21:14:44+00:00,-8.051575660705566,-34.950340270996094,9.0,3474.6,167,0.0,0.0,,0.0,
2020-03-22T20:40:21Z,Other,2020-03-22 21:14:47+00:00,-8.051566123962402,-34.95040512084961,9.0,3481.6,168,3.0,7.0,2.3333333333333335,0.0,0.0
2020-03-22T20:40:21Z,Other,2020-03-22 21:14:47+00:00,-8.051566123962402,-34.95040512084961,9.0,3481.6,168,0.0,0.0,,0.0,
2020-03-22T20:40:21Z,Other,2020-03-22 21:14:50+00:00,-8.051554679870605,-34.95046615600586,9.0,3488.7,168,3.0,7.099999999999909,2.3666666666666365,0.0,0.0
2020-03-22T20:40:21Z,Other,2020-03-22 21:14:50+00:00,-8.051554679870605,-34.95046615600586,9.0,3488.7,167,0.0,0.0,,0.0,
2020-03-22T20:40:21Z,Other,2020-03-22 21:14:53+00:00,-8.051543235778809,-34.95052719116211,9.0,3495.7,167,3.0,7.0,2.3333333333333335,0.0,0.0
2020-03-22T20:40:21Z,Other,2020-03-22 21:14:53+00:00,-8.051543235778809,-34.95052719116211,9.0,3495.7,167,0.0,0.0,,0.0,
2020-03-22T20:40:21Z,Other,2020-03-22 21:14:56+00:00,-8.051533699035645,-34.950584411621094,9.0,3501.8,167,3.0,6.100000000000364,2.0333333333334545,0.0,0.0
2020-03-22T20:40:21Z,Other,2020-03-22 21:14:56+00:00,-8.051533699035645,-34.950584411621094,9.0,3501.8,167,0.0,0.0,,0.0,
2020-03-22T20:40:21Z,Other,2020-03-22 21:14:59+00:00,-8.051527976989746,-34.950645446777344,9.0,3508.8,168,3.0,7.0,2.3333333333333335,0.0,0.0
2020-03-22T20:40:21Z,Other,2020-03-22 21:14:59+00:00,-8.051527976989746,-34.950645446777344,9.0,3508.8,168,0.0,0.0,,0.0,
2020-03-22T20:40:21Z,Other,2020-03-22 21:15:02+00:00,-8.051523208618164,-34.950706481933594,9.0,3515.8,168,3.0,7.0,2.3333333333333335,0.0,0.0
2020-03-22T20:40:21Z,Other,2020-03-22 21:15:02+00:00,-8.051523208618164,-34.950706481933594,9.0,3515.8,168,0.0,0.0,,0.0,
2020-03-22T20:40:21Z,Other,2020-03-22 21:15:05+00:00,-8.05151653289795,-34.950767517089844,9.0,3522.9,169,3.0,7.099999999999909,2.3666666666666365,0.0,0.0
2020-03-22T20:40:21Z,Other,2020-03-22 21:15:05+00:00,-8.05151653289795,-34.950767517089844,9.0,3522.9,169,0.0,0.0,,0.0,
2020-03-22T20:40:21Z,Other,2020-03-22 21:15:08+00:00,-8.051502227783203,-34.950828552246094,9.0,3529.9,169,3.0,7.0,2.3333333333333335,0.0,0.0
2020-03-22T20:40:21Z,Other,2020-03-22 21:15:08+00:00,-8.051502227783203,-34.950828552246094,9.0,3529.9,169,0.0,0.0,,0.0,
2020-03-22T20:40:21Z,Other,2020-03-22 21:15:11+00:00,-8.051490783691406,-34.950889587402344,9.0,3537.0,170,3.0,7.099999999999909,2.3666666666666365,0.0,0.0
2020-03-22T20:40:21Z,Other,2020-03-22 21:15:11+00:00,-8.051490783691406,-34.950889587402344,9.0,3537.0,171,0.0,0.0,,0.0,
2020-03-22T20:40:21Z,Other,2020-03-22 21:15:14+00:00,-8.05147933959961,-34.95095443725586,9.0,3544.0,172,3.0,7.0,2.3333333333333335,0.0,0.0
2020-03-22T20:40:21Z,Other,2020-03-22 21:15:14+00:00,-8.05147933959961,-34.95095443725586,9.0,3544.0,172,0.0,0.0,,0.0,
2020-03-22T20:40:21Z,Other,2020-03-22 21:15:17+00:00,-8.051467895507812,-34.95101547241211,9.0,3551.1,173,3.0,7.099999999999909,2.3666666666666365,0.0,0.0
2020-03-22T20:40:21Z,Other,2020-03-22 21:15:17+00:00,-8.051467895507812,-34.95101547241211,9.0,3551.1,173,0.0,0.0,,0.0,
2020-03-22T20:40:21Z,Other,2020-03-22 21:15:20+00:00,-8.0514554977417,-34.95107650756836,9.0,3558.1,174,3.0,7.0,2.3333333333333335,0.0,0.0
2020-03-22T20:40:21Z,Other,2020-03-22 21:15:20+00:00,-8.0514554977417,-34.95107650756836,9.0,3558.1,174,0.0,0.0,,0.0,
2020-03-22T20:40:21Z,Other,2020-03-22 21:15:23+00:00,-8.05144214630127,-34.951133728027344,9.0,3564.2,173,3.0,6.099999999999909,2.033333333333303,0.0,0.0
2020-03-22T20:40:21Z,Other,2020-03-22 21:15:23+00:00,-8.05144214630127,-34.951133728027344,9.0,3564.2,173,0.0,0.0,,0.0,
2020-03-22T20:40:21Z,Other,2020-03-22 21:15:26+00:00,-8.051432609558105,-34.951194763183594,9.0,3571.2,172,3.0,7.0,2.3333333333333335,0.0,0.0
2020-03-22T20:40:21Z,Other,2020-03-22 21:15:26+00:00,-8.051432609558105,-34.951194763183594,9.0,3571.2,172,0.0,0.0,,0.0,
2020-03-22T20:40:21Z,Other,2020-03-22 21:15:29+00:00,-8.051423072814941,-34.95125961303711,9.0,3578.3,171,3.0,7.100000000000364,2.366666666666788,0.0,0.0
2020-03-22T20:40:21Z,Other,2020-03-22 21:15:29+00:00,-8.051423072814941,-34.95125961303711,9.0,3578.3,171,0.0,0.0,,0.0,
2020-03-22T20:40:21Z,Other,2020-03-22 21:15:33+00:00,-8.051411628723145,-34.95133972167969,9.0,3587.3,173,4.0,9.0,2.25,0.0,0.0
2020-03-22T20:40:21Z,Other,2020-03-22 21:15:33+00:00,-8.051411628723145,-34.95133972167969,9.0,3587.3,173,0.0,0.0,,0.0,
2020-03-22T20:40:21Z,Other,2020-03-22 21:15:36+00:00,-8.051401138305664,-34.95140075683594,9.0,3594.4,174,3.0,7.099999999999909,2.3666666666666365,0.0,0.0
2020-03-22T20:40:21Z,Other,2020-03-22 21:15:36+00:00,-8.051401138305664,-34.95140075683594,9.0,3594.4,174,0.0,0.0,,0.0,
2020-03-22T20:40:21Z,Other,2020-03-22 21:15:39+00:00,-8.0513916015625,-34.95146560668945,9.0,3601.4,174,3.0,7.0,2.3333333333333335,0.0,0.0
2020-03-22T20:40:21Z,Other,2020-03-22 21:15:39+00:00,-8.0513916015625,-34.95146560668945,9.0,3601.4,174,0.0,0.0,,0.0,
2020-03-22T20:40:21Z,Other,2020-03-22 21:15:42+00:00,-8.051383018493652,-34.95152282714844,9.0,3607.5,175,3.0,6.099999999999909,2.033333333333303,0.0,0.0
2020-03-22T20:40:21Z,Other,2020-03-22 21:15:42+00:00,-8.051383018493652,-34.95152282714844,9.0,3607.5,175,0.0,0.0,,0.0,
2020-03-22T20:40:21Z,Other,2020-03-22 21:15:45+00:00,-8.051377296447754,-34.95158767700195,9.0,3614.5,175,3.0,7.0,2.3333333333333335,0.0,0.0
2020-03-22T20:40:21Z,Other,2020-03-22 21:15:45+00:00,-8.051377296447754,-34.95158767700195,9.0,3614.5,175,0.0,0.0,,0.0,
2020-03-22T20:40:21Z,Other,2020-03-22 21:15:48+00:00,-8.051368713378906,-34.9516487121582,9.0,3621.6,177,3.0,7.099999999999909,2.3666666666666365,0.0,0.0
2020-03-22T20:40:21Z,Other,2020-03-22 21:15:48+00:00,-8.051368713378906,-34.9516487121582,9.0,3621.6,178,0.0,0.0,,0.0,
2020-03-22T20:40:21Z,Other,2020-03-22 21:15:51+00:00,-8.051360130310059,-34.95170593261719,9.0,3627.6,179,3.0,6.0,2.0,0.0,0.0
2020-03-22T20:40:21Z,Other,2020-03-22 21:15:51+00:00,-8.051360130310059,-34.95170593261719,9.0,3627.6,179,0.0,0.0,,0.0,
2020-03-22T20:40:21Z,Other,2020-03-22 21:15:54+00:00,-8.051348686218262,-34.9517707824707,9.0,3634.7,179,3.0,7.099999999999909,2.3666666666666365,0.0,0.0
2020-03-22T20:40:21Z,Other,2020-03-22 21:15:54+00:00,-8.051348686218262,-34.9517707824707,9.0,3634.7,179,0.0,0.0,,0.0,
2020-03-22T20:40:21Z,Other,2020-03-22 21:15:57+00:00,-8.05134105682373,-34.95182800292969,9.0,3640.7,179,3.0,6.0,2.0,0.0,0.0
2020-03-22T20:40:21Z,Other,2020-03-22 21:15:57+00:00,-8.05134105682373,-34.95182800292969,9.0,3640.7,179,0.0,0.0,,0.0,
2020-03-22T20:40:21Z,Other,2020-03-22 21:16:00+00:00,-8.0513334274292,-34.95188522338867,9.0,3646.7,178,3.0,6.0,2.0,0.0,0.0
2020-03-22T20:40:21Z,Other,2020-03-22 21:16:00+00:00,-8.0513334274292,-34.95188522338867,9.0,3646.7,176,0.0,0.0,,0.0,
2020-03-22T20:40:21Z,Other,2020-03-22 21:16:03+00:00,-8.051326751708984,-34.95194625854492,9.0,3653.8,176,3.0,7.100000000000364,2.366666666666788,0.0,0.0
2020-03-22T20:40:21Z,Other,2020-03-22 21:16:03+00:00,-8.051326751708984,-34.95194625854492,9.0,3653.8,176,0.0,0.0,,0.0,
2020-03-22T20:40:21Z,Other,2020-03-22 21:16:06+00:00,-8.051321983337402,-34.95200729370117,9.0,3660.8,176,3.0,7.0,2.3333333333333335,0.0,0.0
2020-03-22T20:40:21Z,Other,2020-03-22 21:16:06+00:00,-8.051321983337402,-34.95200729370117,9.0,3660.8,176,0.0,0.0,,0.0,
2020-03-22T20:40:21Z,Other,2020-03-22 21:16:09+00:00,-8.051314353942871,-34.95207214355469,9.0,3667.9,177,3.0,7.099999999999909,2.3666666666666365,0.0,0.0
2020-03-22T20:40:21Z,Other,2020-03-22 21:16:09+00:00,-8.051314353942871,-34.95207214355469,9.0,3667.9,177,0.0,0.0,,0.0,
2020-03-22T20:40:21Z,Other,2020-03-22 21:16:12+00:00,-8.051304817199707,-34.95212936401367,9.0,3673.9,178,3.0,6.0,2.0,0.0,0.0
2020-03-22T20:40:21Z,Other,2020-03-22 21:16:12+00:00,-8.051304817199707,-34.95212936401367,9.0,3673.9,178,0.0,0.0,,0.0,
2020-03-22T20:40:21Z,Other,2020-03-22 21:16:15+00:00,-8.05129623413086,-34.952186584472656,9.0,3680.0,179,3.0,6.099999999999909,2.033333333333303,0.0,0.0
2020-03-22T20:40:21Z,Other,2020-03-22 21:16:15+00:00,-8.05129623413086,-34.952186584472656,9.0,3680.0,178,0.0,0.0,,0.0,
2020-03-22T20:40:21Z,Other,2020-03-22 21:16:18+00:00,-8.051287651062012,-34.95224380493164,9.0,3686.0,177,3.0,6.0,2.0,0.0,0.0
2020-03-22T20:40:21Z,Other,2020-03-22 21:16:18+00:00,-8.051287651062012,-34.95224380493164,9.0,3686.0,175,0.0,0.0,,0.0,
2020-03-22T20:40:21Z,Other,2020-03-22 21:16:21+00:00,-8.05128002166748,-34.952301025390625,9.0,3692.0,174,3.0,6.0,2.0,0.0,0.0
2020-03-22T20:40:21Z,Other,2020-03-22 21:16:21+00:00,-8.05128002166748,-34.952301025390625,9.0,3692.0,173,0.0,0.0,,0.0,
2020-03-22T20:40:21Z,Other,2020-03-22 21:16:24+00:00,-8.05127239227295,-34.952362060546875,9.0,3699.1,172,3.0,7.099999999999909,2.3666666666666365,0.0,0.0
2020-03-22T20:40:21Z,Other,2020-03-22 21:16:24+00:00,-8.05127239227295,-34.952362060546875,9.0,3699.1,171,0.0,0.0,,0.0,
2020-03-22T20:40:21Z,Other,2020-03-22 21:16:27+00:00,-8.051260948181152,-34.952423095703125,9.0,3706.1,171,3.0,7.0,2.3333333333333335,0.0,0.0
2020-03-22T20:40:21Z,Other,2020-03-22 21:16:27+00:00,-8.051260948181152,-34.952423095703125,9.0,3706.1,173,0.0,0.0,,0.0,
2020-03-22T20:40:21Z,Other,2020-03-22 21:16:30+00:00,-8.051251411437988,-34.952484130859375,9.0,3713.2,175,3.0,7.099999999999909,2.3666666666666365,0.0,0.0
2020-03-22T20:40:21Z,Other,2020-03-22 21:16:30+00:00,-8.051251411437988,-34.952484130859375,9.0,3713.2,175,0.0,0.0,,0.0,
2020-03-22T20:40:21Z,Other,2020-03-22 21:16:33+00:00,-8.051241874694824,-34.952545166015625,9.0,3720.2,176,3.0,7.0,2.3333333333333335,0.0,0.0
2020-03-22T20:40:21Z,Other,2020-03-22 21:16:33+00:00,-8.051241874694824,-34.952545166015625,9.0,3720.2,176,0.0,0.0,,0.0,
2020-03-22T20:40:21Z,Other,2020-03-22 21:16:36+00:00,-8.051231384277344,-34.952606201171875,9.0,3727.3,177,3.0,7.100000000000364,2.366666666666788,0.0,0.0
2020-03-22T20:40:21Z,Other,2020-03-22 21:16:36+00:00,-8.051231384277344,-34.952606201171875,9.0,3727.3,177,0.0,0.0,,0.0,
2020-03-22T20:40:21Z,Other,2020-03-22 21:16:39+00:00,-8.051222801208496,-34.952667236328125,9.0,3734.3,177,3.0,7.0,2.3333333333333335,0.0,0.0
2020-03-22T20:40:21Z,Other,2020-03-22 21:16:39+00:00,-8.051222801208496,-34.952667236328125,9.0,3734.3,177,0.0,0.0,,0.0,
2020-03-22T20:40:21Z,Other,2020-03-22 21:16:42+00:00,-8.051212310791016,-34.952728271484375,9.0,3741.4,177,3.0,7.099999999999909,2.3666666666666365,0.0,0.0
2020-03-22T20:40:21Z,Other,2020-03-22 21:16:42+00:00,-8.051212310791016,-34.952728271484375,9.0,3741.4,176,0.0,0.0,,0.0,
2020-03-22T20:40:21Z,Other,2020-03-22 21:16:45+00:00,-8.051201820373535,-34.952789306640625,9.0,3748.4,176,3.0,7.0,2.3333333333333335,0.0,0.0
2020-03-22T20:40:21Z,Other,2020-03-22 21:16:45+00:00,-8.051201820373535,-34.952789306640625,9.0,3748.4,176,0.0,0.0,,0.0,
2020-03-22T20:40:21Z,Other,2020-03-22 21:16:48+00:00,-8.051191329956055,-34.95284652709961,9.0,3754.5,177,3.0,6.099999999999909,2.033333333333303,0.0,0.0
2020-03-22T20:40:21Z,Other,2020-03-22 21:16:48+00:00,-8.051191329956055,-34.95284652709961,9.0,3754.5,178,0.0,0.0,,0.0,
2020-03-22T20:40:21Z,Other,2020-03-22 21:16:51+00:00,-8.051182746887207,-34.952903747558594,9.0,3760.5,179,3.0,6.0,2.0,0.0,0.0
2020-03-22T20:40:21Z,Other,2020-03-22 21:16:51+00:00,-8.051182746887207,-34.952903747558594,9.0,3760.5,180,0.0,0.0,,0.0,
2020-03-22T20:40:21Z,Other,2020-03-22 21:16:54+00:00,-8.051173210144043,-34.952964782714844,9.0,3767.6,181,3.0,7.099999999999909,2.3666666666666365,0.0,0.0
2020-03-22T20:40:21Z,Other,2020-03-22 21:16:54+00:00,-8.051173210144043,-34.952964782714844,9.0,3767.6,181,0.0,0.0,,0.0,
2020-03-22T20:40:21Z,Other,2020-03-22 21:16:57+00:00,-8.051167488098145,-34.95302963256836,9.0,3774.6,181,3.0,7.0,2.3333333333333335,0.0,0.0
2020-03-22T20:40:21Z,Other,2020-03-22 21:16:57+00:00,-8.051167488098145,-34.95302963256836,9.0,3774.6,179,0.0,0.0,,0.0,
2020-03-22T20:40:21Z,Other,2020-03-22 21:17:00+00:00,-8.05115795135498,-34.953086853027344,9.0,3780.6,177,3.0,6.0,2.0,0.0,0.0
2020-03-22T20:40:21Z,Other,2020-03-22 21:17:00+00:00,-8.05115795135498,-34.953086853027344,9.0,3780.6,176,0.0,0.0,,0.0,
2020-03-22T20:40:21Z,Other,2020-03-22 21:17:03+00:00,-8.051164627075195,-34.953147888183594,9.0,3787.7,177,3.0,7.099999999999909,2.3666666666666365,0.0,0.0
2020-03-22T20:40:21Z,Other,2020-03-22 21:17:03+00:00,-8.051164627075195,-34.953147888183594,9.0,3787.7,177,0.0,0.0,,0.0,
2020-03-22T20:40:21Z,Other,2020-03-22 21:17:06+00:00,-8.051200866699219,-34.953189849853516,9.0,3793.7,177,3.0,6.0,2.0,0.0,0.0
2020-03-22T20:40:21Z,Other,2020-03-22 21:17:06+00:00,-8.051200866699219,-34.953189849853516,9.0,3793.7,177,0.0,0.0,,0.0,
2020-03-22T20:40:21Z,Other,2020-03-22 21:17:09+00:00,-8.051253318786621,-34.953208923339844,9.0,3799.8,176,3.0,6.100000000000364,2.0333333333334545,0.0,0.0
2020-03-22T20:40:21Z,Other,2020-03-22 21:17:09+00:00,-8.051253318786621,-34.953208923339844,9.0,3799.8,174,0.0,0.0,,0.0,
2020-03-22T20:40:21Z,Other,2020-03-22 21:17:12+00:00,-8.051316261291504,-34.95322036743164,9.0,3806.8,174,3.0,7.0,2.3333333333333335,0.0,0.0
2020-03-22T20:40:21Z,Other,2020-03-22 21:17:12+00:00,-8.051316261291504,-34.95322036743164,9.0,3806.8,173,0.0,0.0,,0.0,
2020-03-22T20:40:21Z,Other,2020-03-22 21:17:15+00:00,-8.05137825012207,-34.953224182128906,9.0,3813.9,173,3.0,7.099999999999909,2.3666666666666365,0.0,0.0
2020-03-22T20:40:21Z,Other,2020-03-22 21:17:15+00:00,-8.05137825012207,-34.953224182128906,9.0,3813.9,173,0.0,0.0,,0.0,
2020-03-22T20:40:21Z,Other,2020-03-22 21:17:18+00:00,-8.051440238952637,-34.95323181152344,9.0,3820.9,174,3.0,7.0,2.3333333333333335,0.0,0.0
2020-03-22T20:40:21Z,Other,2020-03-22 21:17:18+00:00,-8.051440238952637,-34.95323181152344,9.0,3820.9,173,0.0,0.0,,0.0,
2020-03-22T20:40:21Z,Other,2020-03-22 21:17:21+00:00,-8.051504135131836,-34.9532356262207,9.0,3828.0,173,3.0,7.099999999999909,2.3666666666666365,0.0,0.0
2020-03-22T20:40:21Z,Other,2020-03-22 21:17:21+00:00,-8.051504135131836,-34.9532356262207,9.0,3828.0,173,0.0,0.0,,0.0,
2020-03-22T20:40:21Z,Other,2020-03-22 21:17:24+00:00,-8.051568031311035,-34.95323944091797,9.0,3835.0,173,3.0,7.0,2.3333333333333335,0.0,0.0
2020-03-22T20:40:21Z,Other,2020-03-22 21:17:24+00:00,-8.051568031311035,-34.95323944091797,9.0,3835.0,173,0.0,0.0,,0.0,
2020-03-22T20:40:21Z,Other,2020-03-22 21:17:27+00:00,-8.051630020141602,-34.9532470703125,9.0,3842.1,173,3.0,7.099999999999909,2.3666666666666365,0.0,0.0
2020-03-22T20:40:21Z,Other,2020-03-22 21:17:27+00:00,-8.051630020141602,-34.9532470703125,9.0,3842.1,173,0.0,0.0,,0.0,
2020-03-22T20:40:21Z,Other,2020-03-22 21:17:30+00:00,-8.051691055297852,-34.95325469970703,9.0,3849.1,174,3.0,7.0,2.3333333333333335,0.0,0.0
2020-03-22T20:40:21Z,Other,2020-03-22 21:17:30+00:00,-8.051691055297852,-34.95325469970703,9.0,3849.1,174,0.0,0.0,,0.0,
2020-03-22T20:40:21Z,Other,2020-03-22 21:17:33+00:00,-8.051751136779785,-34.95326232910156,9.0,3856.2,175,3.0,7.099999999999909,2.3666666666666365,0.0,0.0
2020-03-22T20:40:21Z,Other,2020-03-22 21:17:33+00:00,-8.051751136779785,-34.95326232910156,9.0,3856.2,175,0.0,0.0,,0.0,
2020-03-22T20:40:21Z,Other,2020-03-22 21:17:36+00:00,-8.051802635192871,-34.953250885009766,9.0,3862.2,176,3.0,6.0,2.0,0.0,0.0
2020-03-22T20:40:21Z,Other,2020-03-22 21:17:36+00:00,-8.051802635192871,-34.953250885009766,9.0,3862.2,174,0.0,0.0,,0.0,
2020-03-22T20:40:21Z,Other,2020-03-22 21:17:40+00:00,-8.051855087280273,-34.95320510864258,9.0,3870.3,174,4.0,8.100000000000364,2.025000000000091,0.0,0.0
2020-03-22T20:40:21Z,Other,2020-03-22 21:17:40+00:00,-8.051855087280273,-34.95320510864258,9.0,3870.3,174,0.0,0.0,,0.0,
2020-03-22T20:40:21Z,Other,2020-03-22 21:17:43+00:00,-8.05188274383545,-34.95315170288086,9.0,3877.3,175,3.0,7.0,2.3333333333333335,0.0,0.0
2020-03-22T20:40:21Z,Other,2020-03-22 21:17:43+00:00,-8.05188274383545,-34.95315170288086,9.0,3877.3,175,0.0,0.0,,0.0,
2020-03-22T20:40:21Z,Other,2020-03-22 21:17:46+00:00,-8.051901817321777,-34.953094482421875,9.0,3884.3,177,3.0,7.0,2.3333333333333335,0.0,0.0
2020-03-22T20:40:21Z,Other,2020-03-22 21:17:46+00:00,-8.051901817321777,-34.953094482421875,9.0,3884.3,177,0.0,0.0,,0.0,
2020-03-22T20:40:21Z,Other,2020-03-22 21:17:49+00:00,-8.051915168762207,-34.95303726196289,9.0,3890.4,178,3.0,6.099999999999909,2.033333333333303,0.0,0.0
2020-03-22T20:40:21Z,Other,2020-03-22 21:17:49+00:00,-8.051915168762207,-34.95303726196289,9.0,3890.4,178,0.0,0.0,,0.0,
2020-03-22T20:40:21Z,Other,2020-03-22 21:17:52+00:00,-8.051921844482422,-34.95297622680664,9.0,3897.4,179,3.0,7.0,2.3333333333333335,0.0,0.0
2020-03-22T20:40:21Z,Other,2020-03-22 21:17:52+00:00,-8.051921844482422,-34.95297622680664,9.0,3897.4,179,0.0,0.0,,0.0,
2020-03-22T20:40:21Z,Other,2020-03-22 21:17:55+00:00,-8.051925659179688,-34.95291519165039,9.0,3904.5,180,3.0,7.099999999999909,2.3666666666666365,0.0,0.0
2020-03-22T20:40:21Z,Other,2020-03-22 21:17:55+00:00,-8.051925659179688,-34.95291519165039,9.0,3904.5,180,0.0,0.0,,0.0,
2020-03-22T20:40:21Z,Other,2020-03-22 21:17:58+00:00,-8.051931381225586,-34.952857971191406,9.0,3910.5,180,3.0,6.0,2.0,0.0,0.0
2020-03-22T20:40:21Z,Other,2020-03-22 21:17:58+00:00,-8.051931381225586,-34.952857971191406,9.0,3910.5,179,0.0,0.0,,0.0,
2020-03-22T20:40:21Z,Other,2020-03-22 21:18:01+00:00,-8.051936149597168,-34.95280075073242,9.0,3916.6,178,3.0,6.099999999999909,2.033333333333303,0.0,0.0
2020-03-22T20:40:21Z,Other,2020-03-22 21:18:01+00:00,-8.051936149597168,-34.95280075073242,9.0,3916.6,178,0.0,0.0,,0.0,
2020-03-22T20:40:21Z,Other,2020-03-22 21:18:04+00:00,-8.05194091796875,-34.95273971557617,9.0,3923.6,178,3.0,7.0,2.3333333333333335,0.0,0.0
2020-03-22T20:40:21Z,Other,2020-03-22 21:18:04+00:00,-8.05194091796875,-34.95273971557617,9.0,3923.6,177,0.0,0.0,,0.0,
2020-03-22T20:40:21Z,Other,2020-03-22 21:18:07+00:00,-8.051942825317383,-34.952674865722656,9.0,3930.7,177,3.0,7.099999999999909,2.3666666666666365,0.0,0.0
2020-03-22T20:40:21Z,Other,2020-03-22 21:18:07+00:00,-8.051942825317383,-34.952674865722656,9.0,3930.7,176,0.0,0.0,,0.0,
2020-03-22T20:40:21Z,Other,2020-03-22 21:18:10+00:00,-8.051944732666016,-34.952613830566406,9.0,3937.7,175,3.0,7.0,2.3333333333333335,0.0,0.0
2020-03-22T20:40:21Z,Other,2020-03-22 21:18:10+00:00,-8.051944732666016,-34.952613830566406,9.0,3937.7,175,0.0,0.0,,0.0,
2020-03-22T20:40:21Z,Other,2020-03-22 21:18:13+00:00,-8.051947593688965,-34.952552795410156,9.0,3944.8,175,3.0,7.100000000000364,2.366666666666788,0.0,0.0
2020-03-22T20:40:21Z,Other,2020-03-22 21:18:13+00:00,-8.051947593688965,-34.952552795410156,9.0,3944.8,175,0.0,0.0,,0.0,
2020-03-22T20:40:21Z,Other,2020-03-22 21:18:16+00:00,-8.051950454711914,-34.95248794555664,9.0,3951.8,177,3.0,7.0,2.3333333333333335,0.0,0.0
2020-03-22T20:40:21Z,Other,2020-03-22 21:18:16+00:00,-8.051950454711914,-34.95248794555664,9.0,3951.8,176,0.0,0.0,,0.0,
2020-03-22T20:40:21Z,Other,2020-03-22 21:18:19+00:00,-8.05195426940918,-34.95242691040039,9.0,3958.9,177,3.0,7.099999999999909,2.3666666666666365,0.0,0.0
2020-03-22T20:40:21Z,Other,2020-03-22 21:18:19+00:00,-8.05195426940918,-34.95242691040039,9.0,3958.9,177,0.0,0.0,,0.0,
2020-03-22T20:40:21Z,Other,2020-03-22 21:18:22+00:00,-8.051959991455078,-34.952362060546875,9.0,3965.9,178,3.0,7.0,2.3333333333333335,0.0,0.0
2020-03-22T20:40:21Z,Other,2020-03-22 21:18:22+00:00,-8.051959991455078,-34.952362060546875,9.0,3965.9,178,0.0,0.0,,0.0,
2020-03-22T20:40:21Z,Other,2020-03-22 21:18:25+00:00,-8.05196475982666,-34.952301025390625,9.0,3972.9,178,3.0,7.0,2.3333333333333335,0.0,0.0
2020-03-22T20:40:21Z,Other,2020-03-22 21:18:25+00:00,-8.05196475982666,-34.952301025390625,9.0,3972.9,178,0.0,0.0,,0.0,
2020-03-22T20:40:21Z,Other,2020-03-22 21:18:28+00:00,-8.051966667175293,-34.95223617553711,9.0,3980.0,178,3.0,7.099999999999909,2.3666666666666365,0.0,0.0
2020-03-22T20:40:21Z,Other,2020-03-22 21:18:28+00:00,-8.051966667175293,-34.95223617553711,9.0,3980.0,178,0.0,0.0,,0.0,
2020-03-22T20:40:21Z,Other,2020-03-22 21:18:31+00:00,-8.051972389221191,-34.952171325683594,9.0,3987.0,178,3.0,7.0,2.3333333333333335,0.0,0.0
2020-03-22T20:40:21Z,Other,2020-03-22 21:18:31+00:00,-8.051972389221191,-34.952171325683594,9.0,3987.0,178,0.0,0.0,,0.0,
2020-03-22T20:40:21Z,Other,2020-03-22 21:18:34+00:00,-8.051976203918457,-34.952110290527344,9.0,3994.1,177,3.0,7.099999999999909,2.3666666666666365,0.0,0.0
2020-03-22T20:40:21Z,Other,2020-03-22 21:18:34+00:00,-8.051976203918457,-34.952110290527344,9.0,3994.1,176,0.0,0.0,,0.0,
2020-03-22T20:40:21Z,Other,2020-03-22 21:18:37+00:00,-8.051979064941406,-34.952049255371094,9.0,4001.1,176,3.0,7.0,2.3333333333333335,0.0,0.0
2020-03-22T20:40:21Z,Other,2020-03-22 21:18:37+00:00,-8.051979064941406,-34.952049255371094,9.0,4001.1,176,0.0,0.0,,0.0,
2020-03-22T20:40:21Z,Other,2020-03-22 21:18:40+00:00,-8.051979064941406,-34.951988220214844,9.0,4008.2,177,3.0,7.099999999999909,2.3666666666666365,0.0,0.0
2020-03-22T20:40:21Z,Other,2020-03-22 21:18:40+00:00,-8.051979064941406,-34.951988220214844,9.0,4008.2,178,0.0,0.0,,0.0,
2020-03-22T20:40:21Z,Other,2020-03-22 21:18:43+00:00,-8.05197811126709,-34.951927185058594,7.0,4015.2,182,3.0,7.0,2.3333333333333335,-2.0,-28.57142857142857
2020-03-22T20:40:21Z,Other,2020-03-22 21:18:43+00:00,-8.05197811126709,-34.951927185058594,7.0,4015.2,182,0.0,0.0,,0.0,
2020-03-22T20:40:21Z,Other,2020-03-22 21:18:46+00:00,-8.051981925964355,-34.95187759399414,6.0,4020.3,183,3.0,5.100000000000364,1.7000000000001212,-1.0,-19.607843137253504
2020-03-22T20:40:21Z,Other,2020-03-22 21:18:46+00:00,-8.051981925964355,-34.95187759399414,6.0,4020.3,182,0.0,0.0,,0.0,
2020-03-22T20:40:21Z,Other,2020-03-22 21:18:51+00:00,-8.051993370056152,-34.95180892944336,4.0,4028.3,182,5.0,8.0,1.6,-2.0,-25.0
2020-03-22T20:40:21Z,Other,2020-03-22 21:18:51+00:00,-8.051993370056152,-34.95180892944336,4.0,4028.3,182,0.0,0.0,,0.0,
2020-03-22T20:40:21Z,Other,2020-03-22 21:18:55+00:00,-8.052001953125,-34.95175552368164,3.0,4034.4,182,4.0,6.099999999999909,1.5249999999999773,-1.0,-16.393442622951067
2020-03-22T20:40:21Z,Other,2020-03-22 21:18:55+00:00,-8.052001953125,-34.95175552368164,3.0,4034.4,182,0.0,0.0,,0.0,
2020-03-22T20:40:21Z,Other,2020-03-22 21:18:59+00:00,-8.052005767822266,-34.95170593261719,3.0,4039.4,182,4.0,5.0,1.25,0.0,0.0
2020-03-22T20:40:21Z,Other,2020-03-22 21:18:59+00:00,-8.052005767822266,-34.95170593261719,3.0,4039.4,177,0.0,0.0,,0.0,
2020-03-22T20:40:21Z,Other,2020-03-22 21:19:03+00:00,-8.052007675170898,-34.9516487121582,3.0,4045.4,181,4.0,6.0,1.5,0.0,0.0
2020-03-22T20:40:21Z,Other,2020-03-22 21:19:03+00:00,-8.052007675170898,-34.9516487121582,3.0,4045.4,181,0.0,0.0,,0.0,
2020-03-22T20:40:21Z,Other,2020-03-22 21:19:08+00:00,-8.052013397216797,-34.95159149169922,4.0,4051.5,181,5.0,6.099999999999909,1.2199999999999818,1.0,16.393442622951067
2020-03-22T20:40:21Z,Other,2020-03-22 21:19:08+00:00,-8.052013397216797,-34.95159149169922,4.0,4051.5,179,0.0,0.0,,0.0,
2020-03-22T20:40:21Z,Other,2020-03-22 21:19:13+00:00,-8.052017211914062,-34.95151901245117,6.0,4059.5,179,5.0,8.0,1.6,2.0,25.0
2020-03-22T20:40:21Z,Other,2020-03-22 21:19:13+00:00,-8.052017211914062,-34.95151901245117,6.0,4059.5,180,0.0,0.0,,0.0,
2020-03-22T20:40:21Z,Other,2020-03-22 21:19:17+00:00,-8.052023887634277,-34.95146179199219,8.0,4065.6,179,4.0,6.099999999999909,1.5249999999999773,2.0,32.786885245902134
2020-03-22T20:40:21Z,Other,2020-03-22 21:19:17+00:00,-8.052023887634277,-34.95146179199219,8.0,4065.6,177,0.0,0.0,,0.0,
2020-03-22T20:40:21Z,Other,2020-03-22 21:19:21+00:00,-8.05203628540039,-34.951412200927734,8.0,4071.6,168,4.0,6.0,1.5,0.0,0.0
2020-03-22T20:40:21Z,Other,2020-03-22 21:19:21+00:00,-8.05203628540039,-34.951412200927734,8.0,4071.6,165,0.0,0.0,,0.0,
2020-03-22T20:40:21Z,Other,2020-03-22 21:19:25+00:00,-8.052043914794922,-34.95135498046875,8.0,4077.7,160,4.0,6.099999999999909,1.5249999999999773,0.0,0.0
2020-03-22T20:40:21Z,Other,2020-03-22 21:19:25+00:00,-8.052043914794922,-34.95135498046875,8.0,4077.7,159,0.0,0.0,,0.0,
2020-03-22T20:40:21Z,Other,2020-03-22 21:19:30+00:00,-8.05204963684082,-34.951290130615234,8.0,4084.7,157,5.0,7.0,1.4,0.0,0.0
2020-03-22T20:40:21Z,Other,2020-03-22 21:19:30+00:00,-8.05204963684082,-34.951290130615234,8.0,4084.7,154,0.0,0.0,,0.0,
2020-03-22T20:40:21Z,Other,2020-03-22 21:19:34+00:00,-8.052050590515137,-34.95123291015625,8.0,4090.7,150,4.0,6.0,1.5,0.0,0.0
2020-03-22T20:40:21Z,Other,2020-03-22 21:19:34+00:00,-8.052050590515137,-34.95123291015625,8.0,4090.7,148,0.0,0.0,,0.0,
2020-03-22T20:40:21Z,Other,2020-03-22 21:19:38+00:00,-8.05205249786377,-34.95117950439453,8.0,4096.8,148,4.0,6.100000000000364,1.525000000000091,0.0,0.0
2020-03-22T20:40:21Z,Other,2020-03-22 21:19:38+00:00,-8.05205249786377,-34.95117950439453,8.0,4096.8,146,0.0,0.0,,0.0,
2020-03-22T20:40:21Z,Other,2020-03-22 21:19:42+00:00,-8.052057266235352,-34.95112609863281,8.0,4102.8,144,4.0,6.0,1.5,0.0,0.0
2020-03-22T20:40:21Z,Other,2020-03-22 21:19:42+00:00,-8.052057266235352,-34.95112609863281,8.0,4102.8,142,0.0,0.0,,0.0,
2020-03-22T20:40:21Z,Other,2020-03-22 21:19:46+00:00,-8.052062034606934,-34.95106887817383,8.0,4108.9,133,4.0,6.099999999999454,1.5249999999998636,0.0,0.0
2020-03-22T20:40:21Z,Other,2020-03-22 21:19:46+00:00,-8.052062034606934,-34.95106887817383,8.0,4108.9,131,0.0,0.0,,0.0,
2020-03-22T20:40:21Z,Other,2020-03-22 21:19:50+00:00,-8.052069664001465,-34.95102310180664,8.0,4113.9,129,4.0,5.0,1.25,0.0,0.0
2020-03-22T20:40:21Z,Other,2020-03-22 21:19:50+00:00,-8.052069664001465,-34.95102310180664,8.0,4113.9,128,0.0,0.0,,0.0,
2020-03-22T20:40:21Z,Other,2020-03-22 21:19:55+00:00,-8.052069664001465,-34.950958251953125,8.0,4121.0,126,5.0,7.100000000000364,1.4200000000000728,0.0,0.0
2020-03-22T20:40:21Z,Other,2020-03-22 21:19:55+00:00,-8.052069664001465,-34.950958251953125,8.0,4121.0,128,0.0,0.0,,0.0,
2020-03-22T20:40:21Z,Other,2020-03-22 21:19:59+00:00,-8.052070617675781,-34.950904846191406,8.0,4127.0,134,4.0,6.0,1.5,0.0,0.0
2020-03-22T20:40:21Z,Other,2020-03-22 21:19:59+00:00,-8.052070617675781,-34.950904846191406,8.0,4127.0,137,0.0,0.0,,0.0,
2020-03-22T20:40:21Z,Other,2020-03-22 21:20:03+00:00,-8.052068710327148,-34.95085144042969,8.0,4133.0,140,4.0,6.0,1.5,0.0,0.0
2020-03-22T20:40:21Z,Other,2020-03-22 21:20:03+00:00,-8.052068710327148,-34.95085144042969,8.0,4133.0,140,0.0,0.0,,0.0,
2020-03-22T20:40:21Z,Other,2020-03-22 21:20:07+00:00,-8.052077293395996,-34.9507942199707,8.0,4139.1,142,4.0,6.100000000000364,1.525000000000091,0.0,0.0
2020-03-22T20:40:21Z,Other,2020-03-22 21:20:07+00:00,-8.052077293395996,-34.9507942199707,8.0,4139.1,141,0.0,0.0,,0.0,
2020-03-22T20:40:21Z,Other,2020-03-22 21:20:12+00:00,-8.052084922790527,-34.95072937011719,8.0,4146.1,139,5.0,7.0,1.4,0.0,0.0
2020-03-22T20:40:21Z,Other,2020-03-22 21:20:12+00:00,-8.052084922790527,-34.95072937011719,8.0,4146.1,139,0.0,0.0,,0.0,
2020-03-22T20:40:21Z,Other,2020-03-22 21:20:16+00:00,-8.052077293395996,-34.9506721496582,8.0,4152.2,139,4.0,6.099999999999454,1.5249999999998636,0.0,0.0
2020-03-22T20:40:21Z,Other,2020-03-22 21:20:16+00:00,-8.052077293395996,-34.9506721496582,8.0,4152.2,139,0.0,0.0,,0.0,
2020-03-22T20:40:21Z,Other,2020-03-22 21:20:21+00:00,-8.052079200744629,-34.95060348510742,8.0,4160.2,139,5.0,8.0,1.6,0.0,0.0
2020-03-22T20:40:21Z,Other,2020-03-22 21:20:21+00:00,-8.052079200744629,-34.95060348510742,8.0,4160.2,139,0.0,0.0,,0.0,
2020-03-22T20:40:21Z,Other,2020-03-22 21:20:26+00:00,-8.052083015441895,-34.950538635253906,8.0,4167.3,140,5.0,7.100000000000364,1.4200000000000728,0.0,0.0
2020-03-22T20:40:21Z,Other,2020-03-22 21:20:26+00:00,-8.052083015441895,-34.950538635253906,8.0,4167.3,138,0.0,0.0,,0.0,
2020-03-22T20:40:21Z,Other,2020-03-22 21:20:30+00:00,-8.052083969116211,-34.95048141479492,8.0,4173.3,138,4.0,6.0,1.5,0.0,0.0
2020-03-22T20:40:21Z,Other,2020-03-22 21:20:30+00:00,-8.052083969116211,-34.95048141479492,8.0,4173.3,138,0.0,0.0,,0.0,
2020-03-22T20:40:21Z,Other,2020-03-22 21:20:35+00:00,-8.052088737487793,-34.95042419433594,8.0,4179.3,136,5.0,6.0,1.2,0.0,0.0
2020-03-22T20:40:21Z,Other,2020-03-22 21:20:35+00:00,-8.052088737487793,-34.95042419433594,8.0,4179.3,134,0.0,0.0,,0.0,
2020-03-22T20:40:21Z,Other,2020-03-22 21:20:40+00:00,-8.052098274230957,-34.950355529785156,8.0,4187.4,134,5.0,8.099999999999454,1.6199999999998909,0.0,0.0
2020-03-22T20:40:21Z,Other,2020-03-22 21:20:40+00:00,-8.052098274230957,-34.950355529785156,8.0,4187.4,134,0.0,0.0,,0.0,
2020-03-22T20:40:21Z,Other,2020-03-22 21:20:44+00:00,-8.052105903625488,-34.95030212402344,8.0,4193.4,135,4.0,6.0,1.5,0.0,0.0
2020-03-22T20:40:21Z,Other,2020-03-22 21:20:44+00:00,-8.052105903625488,-34.95030212402344,8.0,4193.4,133,0.0,0.0,,0.0,
2020-03-22T20:40:21Z,Other,2020-03-22 21:20:48+00:00,-8.052109718322754,-34.950252532958984,8.0,4198.5,133,4.0,5.100000000000364,1.275000000000091,0.0,0.0
2020-03-22T20:40:21Z,Other,2020-03-22 21:20:48+00:00,-8.052109718322754,-34.950252532958984,8.0,4198.5,133,0.0,0.0,,0.0,
2020-03-22T20:40:21Z,Other,2020-03-22 21:20:52+00:00,-8.052109718322754,-34.9501953125,8.0,4204.5,134,4.0,6.0,1.5,0.0,0.0
2020-03-22T20:40:21Z,Other,2020-03-22 21:20:52+00:00,-8.052109718322754,-34.9501953125,8.0,4204.5,134,0.0,0.0,,0.0,
2020-03-22T20:40:21Z,Other,2020-03-22 21:20:56+00:00,-8.052108764648438,-34.950130462646484,8.0,4211.6,134,4.0,7.100000000000364,1.775000000000091,0.0,0.0
2020-03-22T20:40:21Z,Other,2020-03-22 21:20:56+00:00,-8.052108764648438,-34.950130462646484,8.0,4211.6,134,0.0,0.0,,0.0,
2020-03-22T20:40:21Z,Other,2020-03-22 21:21:00+00:00,-8.05211353302002,-34.950077056884766,8.0,4217.6,133,4.0,6.0,1.5,0.0,0.0
2020-03-22T20:40:21Z,Other,2020-03-22 21:21:00+00:00,-8.05211353302002,-34.950077056884766,8.0,4217.6,132,0.0,0.0,,0.0,
2020-03-22T20:40:21Z,Other,2020-03-22 21:21:04+00:00,-8.052117347717285,-34.95002365112305,8.0,4223.6,131,4.0,6.0,1.5,0.0,0.0
2020-03-22T20:40:21Z,Other,2020-03-22 21:21:04+00:00,-8.052117347717285,-34.95002365112305,8.0,4223.6,131,0.0,0.0,,0.0,
2020-03-22T20:40:21Z,Other,2020-03-22 21:21:08+00:00,-8.052120208740234,-34.94996643066406,8.0,4229.7,132,4.0,6.099999999999454,1.5249999999998636,0.0,0.0
2020-03-22T20:40:21Z,Other,2020-03-22 21:21:08+00:00,-8.052120208740234,-34.94996643066406,8.0,4229.7,132,0.0,0.0,,0.0,
2020-03-22T20:40:21Z,Other,2020-03-22 21:21:12+00:00,-8.052124977111816,-34.94991683959961,8.0,4234.7,130,4.0,5.0,1.25,0.0,0.0
2020-03-22T20:40:21Z,Other,2020-03-22 21:21:12+00:00,-8.052124977111816,-34.94991683959961,8.0,4234.7,128,0.0,0.0,,0.0,
2020-03-22T20:40:21Z,Other,2020-03-22 21:21:17+00:00,-8.052129745483398,-34.94985580444336,8.0,4241.8,128,5.0,7.100000000000364,1.4200000000000728,0.0,0.0
2020-03-22T20:40:21Z,Other,2020-03-22 21:21:17+00:00,-8.052129745483398,-34.94985580444336,8.0,4241.8,128,0.0,0.0,,0.0,
2020-03-22T20:40:21Z,Other,2020-03-22 21:21:21+00:00,-8.052127838134766,-34.94980239868164,8.0,4247.8,131,4.0,6.0,1.5,0.0,0.0
2020-03-22T20:40:21Z,Other,2020-03-22 21:21:21+00:00,-8.052127838134766,-34.94980239868164,8.0,4247.8,131,0.0,0.0,,0.0,
2020-03-22T20:40:21Z,Other,2020-03-22 21:21:25+00:00,-8.052124977111816,-34.949745178222656,8.0,4253.9,132,4.0,6.099999999999454,1.5249999999998636,0.0,0.0
2020-03-22T20:40:21Z,Other,2020-03-22 21:21:25+00:00,-8.052124977111816,-34.949745178222656,8.0,4253.9,132,0.0,0.0,,0.0,
2020-03-22T20:40:21Z,Other,2020-03-22 21:21:30+00:00,-8.052128791809082,-34.94968032836914,8.0,4260.9,134,5.0,7.0,1.4,0.0,0.0
2020-03-22T20:40:21Z,Other,2020-03-22 21:21:30+00:00,-8.052128791809082,-34.94968032836914,8.0,4260.9,134,0.0,0.0,,0.0,
2020-03-22T20:40:21Z,Other,2020-03-22 21:21:34+00:00,-8.052119255065918,-34.949623107910156,8.0,4266.9,133,4.0,6.0,1.5,0.0,0.0
2020-03-22T20:40:21Z,Other,2020-03-22 21:21:34+00:00,-8.052119255065918,-34.949623107910156,8.0,4266.9,133,0.0,0.0,,0.0,
2020-03-22T20:40:21Z,Other,2020-03-22 21:21:38+00:00,-8.052090644836426,-34.949581146240234,8.0,4273.0,132,4.0,6.100000000000364,1.525000000000091,0.0,0.0
2020-03-22T20:40:21Z,Other,2020-03-22 21:21:38+00:00,-8.052090644836426,-34.949581146240234,8.0,4273.0,132,0.0,0.0,,0.0,
2020-03-22T20:40:21Z,Other,2020-03-22 21:21:43+00:00,-8.052062034606934,-34.94952392578125,8.0,4280.0,132,5.0,7.0,1.4,0.0,0.0
2020-03-22T20:40:21Z,Other,2020-03-22 21:21:43+00:00,-8.052062034606934,-34.94952392578125,8.0,4280.0,132,0.0,0.0,,0.0,
2020-03-22T20:40:21Z,Other,2020-03-22 21:21:48+00:00,-8.052053451538086,-34.949459075927734,8.0,4287.1,132,5.0,7.100000000000364,1.4200000000000728,0.0,0.0
2020-03-22T20:40:21Z,Other,2020-03-22 21:21:48+00:00,-8.052053451538086,-34.949459075927734,8.0,4287.1,132,0.0,0.0,,0.0,
2020-03-22T20:40:21Z,Other,2020-03-22 21:21:52+00:00,-8.052057266235352,-34.94940185546875,8.0,4293.1,133,4.0,6.0,1.5,0.0,0.0
2020-03-22T20:40:21Z,Other,2020-03-22 21:21:52+00:00,-8.052057266235352,-34.94940185546875,8.0,4293.1,133,0.0,0.0,,0.0,
2020-03-22T20:40:21Z,Other,2020-03-22 21:21:56+00:00,-8.052058219909668,-34.9493522644043,8.0,4298.2,133,4.0,5.099999999999454,1.2749999999998636,0.0,0.0
2020-03-22T20:40:21Z,Other,2020-03-22 21:21:56+00:00,-8.052058219909668,-34.9493522644043,8.0,4298.2,133,0.0,0.0,,0.0,
2020-03-22T20:40:21Z,Other,2020-03-22 21:22:01+00:00,-8.052058219909668,-34.94928741455078,8.0,4305.2,133,5.0,7.0,1.4,0.0,0.0
2020-03-22T20:40:21Z,Other,2020-03-22 21:22:01+00:00,-8.052058219909668,-34.94928741455078,8.0,4305.2,133,0.0,0.0,,0.0,
2020-03-22T20:40:21Z,Other,2020-03-22 21:22:05+00:00,-8.052057266235352,-34.94923400878906,8.0,4311.2,134,4.0,6.0,1.5,0.0,0.0
2020-03-22T20:40:21Z,Other,2020-03-22 21:22:05+00:00,-8.052057266235352,-34.94923400878906,8.0,4311.2,134,0.0,0.0,,0.0,
2020-03-22T20:40:21Z,Other,2020-03-22 21:22:10+00:00,-8.052061080932617,-34.94916915893555,8.0,4318.3,134,5.0,7.100000000000364,1.4200000000000728,0.0,0.0
2020-03-22T20:40:21Z,Other,2020-03-22 21:22:10+00:00,-8.052061080932617,-34.94916915893555,8.0,4318.3,133,0.0,0.0,,0.0,
2020-03-22T20:40:21Z,Other,2020-03-22 21:22:14+00:00,-8.052067756652832,-34.94911193847656,8.0,4324.3,133,4.0,6.0,1.5,0.0,0.0
2020-03-22T20:40:21Z,Other,2020-03-22 21:22:14+00:00,-8.052067756652832,-34.94911193847656,8.0,4324.3,133,0.0,0.0,,0.0,
2020-03-22T20:40:21Z,Other,2020-03-22 21:22:18+00:00,-8.05207633972168,-34.94905471801758,8.0,4330.4,135,4.0,6.099999999999454,1.5249999999998636,0.0,0.0
2020-03-22T20:40:21Z,Other,2020-03-22 21:22:18+00:00,-8.05207633972168,-34.94905471801758,8.0,4330.4,135,0.0,0.0,,0.0,
2020-03-22T20:40:21Z,Other,2020-03-22 21:22:22+00:00,-8.052081108093262,-34.948997497558594,8.0,4336.4,135,4.0,6.0,1.5,0.0,0.0
2020-03-22T20:40:21Z,Other,2020-03-22 21:22:22+00:00,-8.052081108093262,-34.948997497558594,8.0,4336.4,134,0.0,0.0,,0.0,
2020-03-22T20:40:21Z,Other,2020-03-22 21:22:26+00:00,-8.052092552185059,-34.94893264770508,8.0,4343.5,133,4.0,7.100000000000364,1.775000000000091,0.0,0.0
2020-03-22T20:40:21Z,Other,2020-03-22 21:22:26+00:00,-8.052092552185059,-34.94893264770508,8.0,4343.5,133,0.0,0.0,,0.0,
2020-03-22T20:40:21Z,Other,2020-03-22 21:22:29+00:00,-8.052095413208008,-34.94887161254883,8.0,4350.5,134,3.0,7.0,2.3333333333333335,0.0,0.0
2020-03-22T20:40:21Z,Other,2020-03-22 21:22:29+00:00,-8.052095413208008,-34.94887161254883,8.0,4350.5,134,0.0,0.0,,0.0,
2020-03-22T20:40:21Z,Other,2020-03-22 21:22:32+00:00,-8.052098274230957,-34.94880676269531,8.0,4357.6,135,3.0,7.100000000000364,2.366666666666788,0.0,0.0
2020-03-22T20:40:21Z,Other,2020-03-22 21:22:32+00:00,-8.052098274230957,-34.94880676269531,8.0,4357.6,133,0.0,0.0,,0.0,
2020-03-22T20:40:21Z,Other,2020-03-22 21:22:35+00:00,-8.052099227905273,-34.9487419128418,8.0,4364.6,133,3.0,7.0,2.3333333333333335,0.0,0.0
2020-03-22T20:40:21Z,Other,2020-03-22 21:22:35+00:00,-8.052099227905273,-34.9487419128418,8.0,4364.6,132,0.0,0.0,,0.0,
2020-03-22T20:40:21Z,Other,2020-03-22 21:22:38+00:00,-8.052099227905273,-34.948673248291016,8.0,4372.7,132,3.0,8.099999999999454,2.699999999999818,0.0,0.0
2020-03-22T20:40:21Z,Other,2020-03-22 21:22:38+00:00,-8.052099227905273,-34.948673248291016,8.0,4372.7,132,0.0,0.0,,0.0,
2020-03-22T20:40:21Z,Other,2020-03-22 21:22:41+00:00,-8.052099227905273,-34.948604583740234,8.0,4380.7,132,3.0,8.0,2.6666666666666665,0.0,0.0
2020-03-22T20:40:21Z,Other,2020-03-22 21:22:41+00:00,-8.052099227905273,-34.948604583740234,8.0,4380.7,132,0.0,0.0,,0.0,
2020-03-22T20:40:21Z,Other,2020-03-22 21:22:44+00:00,-8.052103042602539,-34.94853973388672,8.0,4387.8,132,3.0,7.100000000000364,2.366666666666788,0.0,0.0
2020-03-22T20:40:21Z,Other,2020-03-22 21:22:44+00:00,-8.052103042602539,-34.94853973388672,8.0,4387.8,131,0.0,0.0,,0.0,
2020-03-22T20:40:21Z,Other,2020-03-22 21:22:47+00:00,-8.05211067199707,-34.94847869873047,8.0,4394.8,131,3.0,7.0,2.3333333333333335,0.0,0.0
2020-03-22T20:40:21Z,Other,2020-03-22 21:22:47+00:00,-8.05211067199707,-34.94847869873047,8.0,4394.8,131,0.0,0.0,,0.0,
2020-03-22T20:40:21Z,Other,2020-03-22 21:22:50+00:00,-8.052117347717285,-34.94841003417969,8.0,4402.9,131,3.0,8.099999999999454,2.699999999999818,0.0,0.0
2020-03-22T20:40:21Z,Other,2020-03-22 21:22:50+00:00,-8.052117347717285,-34.94841003417969,8.0,4402.9,131,0.0,0.0,,0.0,
2020-03-22T20:40:21Z,Other,2020-03-22 21:22:53+00:00,-8.052124977111816,-34.94834518432617,8.0,4409.9,131,3.0,7.0,2.3333333333333335,0.0,0.0
2020-03-22T20:40:21Z,Other,2020-03-22 21:22:53+00:00,-8.052124977111816,-34.94834518432617,8.0,4409.9,131,0.0,0.0,,0.0,
2020-03-22T20:40:21Z,Other,2020-03-22 21:22:56+00:00,-8.052130699157715,-34.948280334472656,8.0,4417.0,132,3.0,7.100000000000364,2.366666666666788,0.0,0.0
2020-03-22T20:40:21Z,Other,2020-03-22 21:22:56+00:00,-8.052130699157715,-34.948280334472656,8.0,4417.0,132,0.0,0.0,,0.0,
2020-03-22T20:40:21Z,Other,2020-03-22 21:22:59+00:00,-8.05213737487793,-34.94821548461914,8.0,4424.0,132,3.0,7.0,2.3333333333333335,0.0,0.0
2020-03-22T20:40:21Z,Other,2020-03-22 21:22:59+00:00,-8.05213737487793,-34.94821548461914,8.0,4424.0,133,0.0,0.0,,0.0,
2020-03-22T20:40:21Z,Other,2020-03-22 21:23:02+00:00,-8.052145004272461,-34.948150634765625,8.0,4431.1,131,3.0,7.100000000000364,2.366666666666788,0.0,0.0
2020-03-22T20:40:21Z,Other,2020-03-22 21:23:02+00:00,-8.052145004272461,-34.948150634765625,8.0,4431.1,131,0.0,0.0,,0.0,
2020-03-22T20:40:21Z,Other,2020-03-22 21:23:05+00:00,-8.052149772644043,-34.948089599609375,8.0,4438.1,130,3.0,7.0,2.3333333333333335,0.0,0.0
2020-03-22T20:40:21Z,Other,2020-03-22 21:23:05+00:00,-8.052149772644043,-34.948089599609375,8.0,4438.1,130,0.0,0.0,,0.0,
2020-03-22T20:40:21Z,Other,2020-03-22 21:23:08+00:00,-8.05215072631836,-34.94802474975586,8.0,4445.1,129,3.0,7.0,2.3333333333333335,0.0,0.0
2020-03-22T20:40:21Z,Other,2020-03-22 21:23:08+00:00,-8.05215072631836,-34.94802474975586,8.0,4445.1,132,0.0,0.0,,0.0,
2020-03-22T20:40:21Z,Other,2020-03-22 21:23:11+00:00,-8.052153587341309,-34.947959899902344,8.0,4452.2,135,3.0,7.099999999999454,2.3666666666664846,0.0,0.0
2020-03-22T20:40:21Z,Other,2020-03-22 21:23:11+00:00,-8.052153587341309,-34.947959899902344,8.0,4452.2,137,0.0,0.0,,0.0,
2020-03-22T20:40:21Z,Other,2020-03-22 21:23:14+00:00,-8.052156448364258,-34.94789123535156,8.0,4460.3,139,3.0,8.100000000000364,2.7000000000001214,0.0,0.0
2020-03-22T20:40:21Z,Other,2020-03-22 21:23:14+00:00,-8.052156448364258,-34.94789123535156,8.0,4460.3,139,0.0,0.0,,0.0,
2020-03-22T20:40:21Z,Other,2020-03-22 21:23:17+00:00,-8.05216121673584,-34.94783401489258,8.0,4466.3,139,3.0,6.0,2.0,0.0,0.0
2020-03-22T20:40:21Z,Other,2020-03-22 21:23:17+00:00,-8.05216121673584,-34.94783401489258,8.0,4466.3,139,0.0,0.0,,0.0,
2020-03-22T20:40:21Z,Other,2020-03-22 21:23:20+00:00,-8.052165985107422,-34.94776916503906,8.0,4473.3,140,3.0,7.0,2.3333333333333335,0.0,0.0
2020-03-22T20:40:21Z,Other,2020-03-22 21:23:20+00:00,-8.052165985107422,-34.94776916503906,8.0,4473.3,140,0.0,0.0,,0.0,
2020-03-22T20:40:21Z,Other,2020-03-22 21:23:23+00:00,-8.052166938781738,-34.94770812988281,8.0,4480.4,140,3.0,7.099999999999454,2.3666666666664846,0.0,0.0
2020-03-22T20:40:21Z,Other,2020-03-22 21:23:23+00:00,-8.052166938781738,-34.94770812988281,8.0,4480.4,140,0.0,0.0,,0.0,
2020-03-22T20:40:21Z,Other,2020-03-22 21:23:26+00:00,-8.052167892456055,-34.9476432800293,8.0,4487.4,140,3.0,7.0,2.3333333333333335,0.0,0.0
2020-03-22T20:40:21Z,Other,2020-03-22 21:23:26+00:00,-8.052167892456055,-34.9476432800293,8.0,4487.4,140,0.0,0.0,,0.0,
2020-03-22T20:40:21Z,Other,2020-03-22 21:23:29+00:00,-8.05216121673584,-34.94758224487305,8.0,4494.5,141,3.0,7.100000000000364,2.366666666666788,0.0,0.0
2020-03-22T20:40:21Z,Other,2020-03-22 21:23:29+00:00,-8.05216121673584,-34.94758224487305,8.0,4494.5,141,0.0,0.0,,0.0,
2020-03-22T20:40:21Z,Other,2020-03-22 21:23:32+00:00,-8.052129745483398,-34.947540283203125,8.0,4500.5,142,3.0,6.0,2.0,0.0,0.0
2020-03-22T20:40:21Z,Other,2020-03-22 21:23:32+00:00,-8.052129745483398,-34.947540283203125,8.0,4500.5,142,0.0,0.0,,0.0,
2020-03-22T20:40:21Z,Other,2020-03-22 21:23:35+00:00,-8.052079200744629,-34.94752502441406,8.0,4506.6,144,3.0,6.100000000000364,2.0333333333334545,0.0,0.0
2020-03-22T20:40:21Z,Other,2020-03-22 21:23:35+00:00,-8.052079200744629,-34.94752502441406,8.0,4506.6,144,0.0,0.0,,0.0,
2020-03-22T20:40:21Z,Other,2020-03-22 21:23:39+00:00,-8.052021980285645,-34.94755172729492,8.0,4513.6,148,4.0,7.0,1.75,0.0,0.0
2020-03-22T20:40:21Z,Other,2020-03-22 21:23:39+00:00,-8.052021980285645,-34.94755172729492,8.0,4513.6,148,0.0,0.0,,0.0,
2020-03-22T20:40:21Z,Other,2020-03-22 21:23:42+00:00,-8.051992416381836,-34.94759750366211,8.0,4519.7,149,3.0,6.099999999999454,2.0333333333331516,0.0,0.0
2020-03-22T20:40:21Z,Other,2020-03-22 21:23:42+00:00,-8.051992416381836,-34.94759750366211,8.0,4519.7,150,0.0,0.0,,0.0,
2020-03-22T20:40:21Z,Other,2020-03-22 21:23:45+00:00,-8.051981925964355,-34.94765853881836,8.0,4526.7,152,3.0,7.0,2.3333333333333335,0.0,0.0
2020-03-22T20:40:21Z,Other,2020-03-22 21:23:45+00:00,-8.051981925964355,-34.94765853881836,8.0,4526.7,152,0.0,0.0,,0.0,
2020-03-22T20:40:21Z,Other,2020-03-22 21:23:48+00:00,-8.051973342895508,-34.947723388671875,8.0,4533.8,152,3.0,7.100000000000364,2.366666666666788,0.0,0.0
2020-03-22T20:40:21Z,Other,2020-03-22 21:23:48+00:00,-8.051973342895508,-34.947723388671875,8.0,4533.8,152,0.0,0.0,,0.0,
2020-03-22T20:40:21Z,Other,2020-03-22 21:23:51+00:00,-8.05196475982666,-34.947784423828125,8.0,4540.8,153,3.0,7.0,2.3333333333333335,0.0,0.0
2020-03-22T20:40:21Z,Other,2020-03-22 21:23:51+00:00,-8.05196475982666,-34.947784423828125,8.0,4540.8,153,0.0,0.0,,0.0,
2020-03-22T20:40:21Z,Other,2020-03-22 21:23:54+00:00,-8.051953315734863,-34.94784927368164,8.0,4547.8,154,3.0,7.0,2.3333333333333335,0.0,0.0
2020-03-22T20:40:21Z,Other,2020-03-22 21:23:54+00:00,-8.051953315734863,-34.94784927368164,8.0,4547.8,153,0.0,0.0,,0.0,
2020-03-22T20:40:21Z,Other,2020-03-22 21:23:57+00:00,-8.0519380569458,-34.94791030883789,8.0,4554.9,152,3.0,7.099999999999454,2.3666666666664846,0.0,0.0
2020-03-22T20:40:21Z,Other,2020-03-22 21:23:57+00:00,-8.0519380569458,-34.94791030883789,8.0,4554.9,152,0.0,0.0,,0.0,
2020-03-22T20:40:21Z,Other,2020-03-22 21:24:00+00:00,-8.051926612854004,-34.947975158691406,8.0,4561.9,153,3.0,7.0,2.3333333333333335,0.0,0.0
2020-03-22T20:40:21Z,Other,2020-03-22 21:24:00+00:00,-8.051926612854004,-34.947975158691406,8.0,4561.9,155,0.0,0.0,,0.0,
2020-03-22T20:40:21Z,Other,2020-03-22 21:24:03+00:00,-8.051918029785156,-34.94804382324219,8.0,4570.0,156,3.0,8.100000000000364,2.7000000000001214,0.0,0.0
2020-03-22T20:40:21Z,Other,2020-03-22 21:24:03+00:00,-8.051918029785156,-34.94804382324219,8.0,4570.0,157,0.0,0.0,,0.0,
2020-03-22T20:40:21Z,Other,2020-03-22 21:24:06+00:00,-8.051907539367676,-34.94811248779297,8.0,4578.1,159,3.0,8.100000000000364,2.7000000000001214,0.0,0.0
2020-03-22T20:40:21Z,Other,2020-03-22 21:24:06+00:00,-8.051907539367676,-34.94811248779297,8.0,4578.1,159,0.0,0.0,,0.0,
2020-03-22T20:40:21Z,Other,2020-03-22 21:24:09+00:00,-8.051899909973145,-34.948177337646484,8.0,4585.1,159,3.0,7.0,2.3333333333333335,0.0,0.0
2020-03-22T20:40:21Z,Other,2020-03-22 21:24:09+00:00,-8.051899909973145,-34.948177337646484,8.0,4585.1,159,0.0,0.0,,0.0,
2020-03-22T20:40:21Z,Other,2020-03-22 21:24:12+00:00,-8.051894187927246,-34.9482421875,8.0,4592.1,160,3.0,7.0,2.3333333333333335,0.0,0.0
2020-03-22T20:40:21Z,Other,2020-03-22 21:24:12+00:00,-8.051894187927246,-34.9482421875,8.0,4592.1,160,0.0,0.0,,0.0,
2020-03-22T20:40:21Z,Other,2020-03-22 21:24:15+00:00,-8.051886558532715,-34.948307037353516,8.0,4599.2,160,3.0,7.099999999999454,2.3666666666664846,0.0,0.0
2020-03-22T20:40:21Z,Other,2020-03-22 21:24:15+00:00,-8.051886558532715,-34.948307037353516,8.0,4599.2,161,0.0,0.0,,0.0,
2020-03-22T20:40:21Z,Other,2020-03-22 21:24:18+00:00,-8.051877975463867,-34.948368072509766,8.0,4606.2,163,3.0,7.0,2.3333333333333335,0.0,0.0
2020-03-22T20:40:21Z,Other,2020-03-22 21:24:18+00:00,-8.051877975463867,-34.948368072509766,8.0,4606.2,164,0.0,0.0,,0.0,
2020-03-22T20:40:21Z,Other,2020-03-22 21:24:21+00:00,-8.05186939239502,-34.948429107666016,8.0,4613.3,165,3.0,7.100000000000364,2.366666666666788,0.0,0.0
2020-03-22T20:40:21Z,Other,2020-03-22 21:24:21+00:00,-8.05186939239502,-34.948429107666016,8.0,4613.3,165,0.0,0.0,,0.0,
2020-03-22T20:40:21Z,Other,2020-03-22 21:24:24+00:00,-8.051859855651855,-34.948490142822266,8.0,4620.3,166,3.0,7.0,2.3333333333333335,0.0,0.0
2020-03-22T20:40:21Z,Other,2020-03-22 21:24:24+00:00,-8.051859855651855,-34.948490142822266,8.0,4620.3,166,0.0,0.0,,0.0,
2020-03-22T20:40:21Z,Other,2020-03-22 21:24:27+00:00,-8.051851272583008,-34.94855499267578,8.0,4627.4,168,3.0,7.099999999999454,2.3666666666664846,0.0,0.0
2020-03-22T20:40:21Z,Other,2020-03-22 21:24:27+00:00,-8.051851272583008,-34.94855499267578,8.0,4627.4,168,0.0,0.0,,0.0,
2020-03-22T20:40:21Z,Other,2020-03-22 21:24:30+00:00,-8.05184268951416,-34.94862365722656,8.0,4635.4,170,3.0,8.0,2.6666666666666665,0.0,0.0
2020-03-22T20:40:21Z,Other,2020-03-22 21:24:30+00:00,-8.05184268951416,-34.94862365722656,8.0,4635.4,170,0.0,0.0,,0.0,
2020-03-22T20:40:21Z,Other,2020-03-22 21:24:33+00:00,-8.05183219909668,-34.94868469238281,8.0,4642.5,170,3.0,7.100000000000364,2.366666666666788,0.0,0.0
2020-03-22T20:40:21Z,Other,2020-03-22 21:24:33+00:00,-8.05183219909668,-34.94868469238281,8.0,4642.5,171,0.0,0.0,,0.0,
2020-03-22T20:40:21Z,Other,2020-03-22 21:24:36+00:00,-8.05181884765625,-34.94874954223633,8.0,4649.5,172,3.0,7.0,2.3333333333333335,0.0,0.0
2020-03-22T20:40:21Z,Other,2020-03-22 21:24:36+00:00,-8.05181884765625,-34.94874954223633,8.0,4649.5,172,0.0,0.0,,0.0,
2020-03-22T20:40:21Z,Other,2020-03-22 21:24:39+00:00,-8.051813125610352,-34.948814392089844,8.0,4656.6,173,3.0,7.100000000000364,2.366666666666788,0.0,0.0
2020-03-22T20:40:21Z,Other,2020-03-22 21:24:39+00:00,-8.051813125610352,-34.948814392089844,8.0,4656.6,172,0.0,0.0,,0.0,
2020-03-22T20:40:21Z,Other,2020-03-22 21:24:42+00:00,-8.051804542541504,-34.948883056640625,8.0,4664.6,173,3.0,8.0,2.6666666666666665,0.0,0.0
2020-03-22T20:40:21Z,Other,2020-03-22 21:24:42+00:00,-8.051804542541504,-34.948883056640625,8.0,4664.6,173,0.0,0.0,,0.0,
2020-03-22T20:40:21Z,Other,2020-03-22 21:24:45+00:00,-8.05179500579834,-34.948944091796875,8.0,4671.7,173,3.0,7.099999999999454,2.3666666666664846,0.0,0.0
2020-03-22T20:40:21Z,Other,2020-03-22 21:24:45+00:00,-8.05179500579834,-34.948944091796875,8.0,4671.7,173,0.0,0.0,,0.0,
2020-03-22T20:40:21Z,Other,2020-03-22 21:24:49+00:00,-8.051785469055176,-34.94902801513672,8.0,4680.7,175,4.0,9.0,2.25,0.0,0.0
2020-03-22T20:40:21Z,Other,2020-03-22 21:24:49+00:00,-8.051785469055176,-34.94902801513672,8.0,4680.7,175,0.0,0.0,,0.0,
2020-03-22T20:40:21Z,Other,2020-03-22 21:24:52+00:00,-8.051776885986328,-34.94908905029297,8.0,4687.8,176,3.0,7.100000000000364,2.366666666666788,0.0,0.0
2020-03-22T20:40:21Z,Other,2020-03-22 21:24:52+00:00,-8.051776885986328,-34.94908905029297,8.0,4687.8,176,0.0,0.0,,0.0,
2020-03-22T20:40:21Z,Other,2020-03-22 21:24:55+00:00,-8.05176830291748,-34.94915771484375,8.0,4695.9,176,3.0,8.099999999999454,2.699999999999818,0.0,0.0
2020-03-22T20:40:21Z,Other,2020-03-22 21:24:55+00:00,-8.05176830291748,-34.94915771484375,8.0,4695.9,177,0.0,0.0,,0.0,
2020-03-22T20:40:21Z,Other,2020-03-22 21:24:58+00:00,-8.05176067352295,-34.949222564697266,8.0,4702.9,179,3.0,7.0,2.3333333333333335,0.0,0.0
2020-03-22T20:40:21Z,Other,2020-03-22 21:24:58+00:00,-8.05176067352295,-34.949222564697266,8.0,4702.9,178,0.0,0.0,,0.0,
2020-03-22T20:40:21Z,Other,2020-03-22 21:25:01+00:00,-8.051752090454102,-34.94929122924805,8.0,4711.0,175,3.0,8.100000000000364,2.7000000000001214,0.0,0.0
2020-03-22T20:40:21Z,Other,2020-03-22 21:25:01+00:00,-8.051752090454102,-34.94929122924805,8.0,4711.0,176,0.0,0.0,,0.0,
2020-03-22T20:40:21Z,Other,2020-03-22 21:25:04+00:00,-8.051740646362305,-34.9493522644043,8.0,4718.0,177,3.0,7.0,2.3333333333333335,0.0,0.0
2020-03-22T20:40:21Z,Other,2020-03-22 21:25:04+00:00,-8.051740646362305,-34.9493522644043,8.0,4718.0,176,0.0,0.0,,0.0,
2020-03-22T20:40:21Z,Other,2020-03-22 21:25:07+00:00,-8.051726341247559,-34.94941329956055,8.0,4725.0,176,3.0,7.0,2.3333333333333335,0.0,0.0
2020-03-22T20:40:21Z,Other,2020-03-22 21:25:07+00:00,-8.051726341247559,-34.94941329956055,8.0,4725.0,176,0.0,0.0,,0.0,
2020-03-22T20:40:21Z,Other,2020-03-22 21:25:10+00:00,-8.051709175109863,-34.94947052001953,8.0,4732.1,176,3.0,7.100000000000364,2.366666666666788,0.0,0.0
2020-03-22T20:40:21Z,Other,2020-03-22 21:25:10+00:00,-8.051709175109863,-34.94947052001953,8.0,4732.1,176,0.0,0.0,,0.0,
2020-03-22T20:40:21Z,Other,2020-03-22 21:25:13+00:00,-8.051684379577637,-34.94952392578125,8.0,4738.1,175,3.0,6.0,2.0,0.0,0.0
2020-03-22T20:40:21Z,Other,2020-03-22 21:25:13+00:00,-8.051684379577637,-34.94952392578125,8.0,4738.1,175,0.0,0.0,,0.0,
2020-03-22T20:40:21Z,Other,2020-03-22 21:25:16+00:00,-8.051671028137207,-34.949581146240234,8.0,4744.2,175,3.0,6.099999999999454,2.0333333333331516,0.0,0.0
2020-03-22T20:40:21Z,Other,2020-03-22 21:25:16+00:00,-8.051671028137207,-34.949581146240234,8.0,4744.2,175,0.0,0.0,,0.0,
2020-03-22T20:40:21Z,Other,2020-03-22 21:25:19+00:00,-8.05167293548584,-34.94964599609375,8.0,4751.2,175,3.0,7.0,2.3333333333333335,0.0,0.0
2020-03-22T20:40:21Z,Other,2020-03-22 21:25:19+00:00,-8.05167293548584,-34.94964599609375,8.0,4751.2,175,0.0,0.0,,0.0,
2020-03-22T20:40:21Z,Other,2020-03-22 21:25:22+00:00,-8.051673889160156,-34.949710845947266,8.0,4758.3,176,3.0,7.100000000000364,2.366666666666788,0.0,0.0
2020-03-22T20:40:21Z,Other,2020-03-22 21:25:22+00:00,-8.051673889160156,-34.949710845947266,8.0,4758.3,178,0.0,0.0,,0.0,
2020-03-22T20:40:21Z,Other,2020-03-22 21:25:25+00:00,-8.05167007446289,-34.94976806640625,8.0,4764.3,180,3.0,6.0,2.0,0.0,0.0
2020-03-22T20:40:21Z,Other,2020-03-22 21:25:25+00:00,-8.05167007446289,-34.94976806640625,8.0,4764.3,180,0.0,0.0,,0.0,
2020-03-22T20:40:21Z,Other,2020-03-22 21:25:28+00:00,-8.05166244506836,-34.9498291015625,8.0,4771.4,181,3.0,7.099999999999454,2.3666666666664846,0.0,0.0
2020-03-22T20:40:21Z,Other,2020-03-22 21:25:28+00:00,-8.05166244506836,-34.9498291015625,8.0,4771.4,181,0.0,0.0,,0.0,
2020-03-22T20:40:21Z,Other,2020-03-22 21:25:31+00:00,-8.051651954650879,-34.94989776611328,8.0,4779.4,181,3.0,8.0,2.6666666666666665,0.0,0.0
2020-03-22T20:40:21Z,Other,2020-03-22 21:25:31+00:00,-8.051651954650879,-34.94989776611328,8.0,4779.4,180,0.0,0.0,,0.0,
2020-03-22T20:40:21Z,Other,2020-03-22 21:25:34+00:00,-8.051644325256348,-34.94995880126953,8.0,4786.5,180,3.0,7.100000000000364,2.366666666666788,0.0,0.0
2020-03-22T20:40:21Z,Other,2020-03-22 21:25:34+00:00,-8.051644325256348,-34.94995880126953,8.0,4786.5,179,0.0,0.0,,0.0,
2020-03-22T20:40:21Z,Other,2020-03-22 21:25:37+00:00,-8.05163288116455,-34.95002365112305,8.0,4793.5,179,3.0,7.0,2.3333333333333335,0.0,0.0
2020-03-22T20:40:21Z,Other,2020-03-22 21:25:37+00:00,-8.05163288116455,-34.95002365112305,8.0,4793.5,179,0.0,0.0,,0.0,
2020-03-22T20:40:21Z,Other,2020-03-22 21:25:40+00:00,-8.051620483398438,-34.9500846862793,8.0,4800.6,179,3.0,7.100000000000364,2.366666666666788,0.0,0.0
2020-03-22T20:40:21Z,Other,2020-03-22 21:25:40+00:00,-8.051620483398438,-34.9500846862793,8.0,4800.6,179,0.0,0.0,,0.0,
2020-03-22T20:40:21Z,Other,2020-03-22 21:25:43+00:00,-8.051610946655273,-34.95014572143555,8.0,4807.6,179,3.0,7.0,2.3333333333333335,0.0,0.0
2020-03-22T20:40:21Z,Other,2020-03-22 21:25:43+00:00,-8.051610946655273,-34.95014572143555,8.0,4807.6,179,0.0,0.0,,0.0,
2020-03-22T20:40:21Z,Other,2020-03-22 21:25:46+00:00,-8.051602363586426,-34.9502067565918,8.0,4814.7,179,3.0,7.099999999999454,2.3666666666664846,0.0,0.0
2020-03-22T20:40:21Z,Other,2020-03-22 21:25:46+00:00,-8.051602363586426,-34.9502067565918,8.0,4814.7,179,0.0,0.0,,0.0,
2020-03-22T20:40:21Z,Other,2020-03-22 21:25:49+00:00,-8.051589965820312,-34.95027160644531,8.0,4821.7,180,3.0,7.0,2.3333333333333335,0.0,0.0
2020-03-22T20:40:21Z,Other,2020-03-22 21:25:49+00:00,-8.051589965820312,-34.95027160644531,8.0,4821.7,180,0.0,0.0,,0.0,
2020-03-22T20:40:21Z,Other,2020-03-22 21:25:52+00:00,-8.0515775680542,-34.95033645629883,8.0,4828.8,180,3.0,7.100000000000364,2.366666666666788,0.0,0.0
2020-03-22T20:40:21Z,Other,2020-03-22 21:25:52+00:00,-8.0515775680542,-34.95033645629883,8.0,4828.8,180,0.0,0.0,,0.0,
2020-03-22T20:40:21Z,Other,2020-03-22 21:25:55+00:00,-8.05156421661377,-34.950401306152344,8.0,4835.8,180,3.0,7.0,2.3333333333333335,0.0,0.0
2020-03-22T20:40:21Z,Other,2020-03-22 21:25:55+00:00,-8.05156421661377,-34.950401306152344,8.0,4835.8,181,0.0,0.0,,0.0,
2020-03-22T20:40:21Z,Other,2020-03-22 21:25:58+00:00,-8.05154800415039,-34.950462341308594,8.0,4842.8,182,3.0,7.0,2.3333333333333335,0.0,0.0
2020-03-22T20:40:21Z,Other,2020-03-22 21:25:58+00:00,-8.05154800415039,-34.950462341308594,8.0,4842.8,182,0.0,0.0,,0.0,
2020-03-22T20:40:21Z,Other,2020-03-22 21:26:01+00:00,-8.05153751373291,-34.950523376464844,8.0,4849.9,179,3.0,7.099999999999454,2.3666666666664846,0.0,0.0
2020-03-22T20:40:21Z,Other,2020-03-22 21:26:01+00:00,-8.05153751373291,-34.950523376464844,8.0,4849.9,181,0.0,0.0,,0.0,
2020-03-22T20:40:21Z,Other,2020-03-22 21:26:04+00:00,-8.051530838012695,-34.950584411621094,8.0,4856.9,182,3.0,7.0,2.3333333333333335,0.0,0.0
2020-03-22T20:40:21Z,Other,2020-03-22 21:26:04+00:00,-8.051530838012695,-34.950584411621094,8.0,4856.9,182,0.0,0.0,,0.0,
2020-03-22T20:40:21Z,Other,2020-03-22 21:26:07+00:00,-8.05152416229248,-34.950645446777344,8.0,4864.0,182,3.0,7.100000000000364,2.366666666666788,0.0,0.0
2020-03-22T20:40:21Z,Other,2020-03-22 21:26:07+00:00,-8.05152416229248,-34.950645446777344,8.0,4864.0,180,0.0,0.0,,0.0,
2020-03-22T20:40:21Z,Other,2020-03-22 21:26:10+00:00,-8.05151653289795,-34.950706481933594,8.0,4871.0,180,3.0,7.0,2.3333333333333335,0.0,0.0
2020-03-22T20:40:21Z,Other,2020-03-22 21:26:10+00:00,-8.05151653289795,-34.950706481933594,8.0,4871.0,179,0.0,0.0,,0.0,
2020-03-22T20:40:21Z,Other,2020-03-22 21:26:13+00:00,-8.051506042480469,-34.950775146484375,8.0,4879.1,179,3.0,8.100000000000364,2.7000000000001214,0.0,0.0
2020-03-22T20:40:21Z,Other,2020-03-22 21:26:13+00:00,-8.051506042480469,-34.950775146484375,8.0,4879.1,179,0.0,0.0,,0.0,
2020-03-22T20:40:21Z,Other,2020-03-22 21:26:16+00:00,-8.051498413085938,-34.95083999633789,8.0,4886.1,178,3.0,7.0,2.3333333333333335,0.0,0.0
2020-03-22T20:40:21Z,Other,2020-03-22 21:26:16+00:00,-8.051498413085938,-34.95083999633789,8.0,4886.1,177,0.0,0.0,,0.0,
2020-03-22T20:40:21Z,Other,2020-03-22 21:26:19+00:00,-8.051488876342773,-34.950904846191406,8.0,4893.2,177,3.0,7.099999999999454,2.3666666666664846,0.0,0.0
2020-03-22T20:40:21Z,Other,2020-03-22 21:26:19+00:00,-8.051488876342773,-34.950904846191406,8.0,4893.2,177,0.0,0.0,,0.0,
2020-03-22T20:40:21Z,Other,2020-03-22 21:26:22+00:00,-8.051478385925293,-34.95096969604492,8.0,4900.2,178,3.0,7.0,2.3333333333333335,0.0,0.0
2020-03-22T20:40:21Z,Other,2020-03-22 21:26:22+00:00,-8.051478385925293,-34.95096969604492,8.0,4900.2,176,0.0,0.0,,0.0,
2020-03-22T20:40:21Z,Other,2020-03-22 21:26:25+00:00,-8.051467895507812,-34.95103454589844,8.0,4907.3,175,3.0,7.100000000000364,2.366666666666788,0.0,0.0
2020-03-22T20:40:21Z,Other,2020-03-22 21:26:25+00:00,-8.051467895507812,-34.95103454589844,8.0,4907.3,175,0.0,0.0,,0.0,
2020-03-22T20:40:21Z,Other,2020-03-22 21:26:28+00:00,-8.051459312438965,-34.95109558105469,8.0,4914.3,176,3.0,7.0,2.3333333333333335,0.0,0.0
2020-03-22T20:40:21Z,Other,2020-03-22 21:26:28+00:00,-8.051459312438965,-34.95109558105469,8.0,4914.3,176,0.0,0.0,,0.0,
2020-03-22T20:40:21Z,Other,2020-03-22 21:26:31+00:00,-8.051451683044434,-34.95115661621094,8.0,4921.4,176,3.0,7.099999999999454,2.3666666666664846,0.0,0.0
2020-03-22T20:40:21Z,Other,2020-03-22 21:26:31+00:00,-8.051451683044434,-34.95115661621094,8.0,4921.4,176,0.0,0.0,,0.0,
2020-03-22T20:40:21Z,Other,2020-03-22 21:26:34+00:00,-8.051445007324219,-34.95122146606445,8.0,4928.4,176,3.0,7.0,2.3333333333333335,0.0,0.0
2020-03-22T20:40:21Z,Other,2020-03-22 21:26:34+00:00,-8.051445007324219,-34.95122146606445,8.0,4928.4,176,0.0,0.0,,0.0,
2020-03-22T20:40:21Z,Other,2020-03-22 21:26:37+00:00,-8.051436424255371,-34.9512825012207,8.0,4935.5,177,3.0,7.100000000000364,2.366666666666788,0.0,0.0
2020-03-22T20:40:21Z,Other,2020-03-22 21:26:37+00:00,-8.051436424255371,-34.9512825012207,8.0,4935.5,177,0.0,0.0,,0.0,
2020-03-22T20:40:21Z,Other,2020-03-22 21:26:40+00:00,-8.051422119140625,-34.95134353637695,8.0,4942.5,177,3.0,7.0,2.3333333333333335,0.0,0.0
2020-03-22T20:40:21Z,Other,2020-03-22 21:26:40+00:00,-8.051422119140625,-34.95134353637695,8.0,4942.5,177,0.0,0.0,,0.0,
2020-03-22T20:40:21Z,Other,2020-03-22 21:26:43+00:00,-8.051408767700195,-34.9514045715332,8.0,4949.6,179,3.0,7.100000000000364,2.366666666666788,0.0,0.0
2020-03-22T20:40:21Z,Other,2020-03-22 21:26:43+00:00,-8.051408767700195,-34.9514045715332,8.0,4949.6,179,0.0,0.0,,0.0,
2020-03-22T20:40:21Z,Other,2020-03-22 21:26:46+00:00,-8.051399230957031,-34.95146560668945,8.0,4956.6,179,3.0,7.0,2.3333333333333335,0.0,0.0
2020-03-22T20:40:21Z,Other,2020-03-22 21:26:46+00:00,-8.051399230957031,-34.95146560668945,8.0,4956.6,179,0.0,0.0,,0.0,
2020-03-22T20:40:21Z,Other,2020-03-22 21:26:49+00:00,-8.051387786865234,-34.9515266418457,8.0,4963.7,179,3.0,7.099999999999454,2.3666666666664846,0.0,0.0
2020-03-22T20:40:21Z,Other,2020-03-22 21:26:49+00:00,-8.051387786865234,-34.9515266418457,8.0,4963.7,179,0.0,0.0,,0.0,
2020-03-22T20:40:21Z,Other,2020-03-22 21:26:52+00:00,-8.051377296447754,-34.95159149169922,8.0,4970.7,180,3.0,7.0,2.3333333333333335,0.0,0.0
2020-03-22T20:40:21Z,Other,2020-03-22 21:26:52+00:00,-8.051377296447754,-34.95159149169922,8.0,4970.7,179,0.0,0.0,,0.0,
2020-03-22T20:40:21Z,Other,2020-03-22 21:26:55+00:00,-8.051369667053223,-34.951656341552734,8.0,4977.8,178,3.0,7.100000000000364,2.366666666666788,0.0,0.0
2020-03-22T20:40:21Z,Other,2020-03-22 21:26:55+00:00,-8.051369667053223,-34.951656341552734,8.0,4977.8,178,0.0,0.0,,0.0,
2020-03-22T20:40:21Z,Other,2020-03-22 21:26:58+00:00,-8.051362991333008,-34.951725006103516,8.0,4985.8,179,3.0,8.0,2.6666666666666665,0.0,0.0
2020-03-22T20:40:21Z,Other,2020-03-22 21:26:58+00:00,-8.051362991333008,-34.951725006103516,8.0,4985.8,179,0.0,0.0,,0.0,
2020-03-22T20:40:21Z,Other,2020-03-22 21:27:01+00:00,-8.051351547241211,-34.9517936706543,6.0,4993.9,174,3.0,8.099999999999454,2.699999999999818,-2.0,-24.691358024693024
2020-03-22T20:40:21Z,Other,2020-03-22 21:27:01+00:00,-8.051351547241211,-34.9517936706543,6.0,4993.9,177,0.0,0.0,,0.0,
2020-03-22T20:40:21Z,Other,2020-03-22 21:27:04+00:00,-8.05134391784668,-34.95185852050781,6.0,5000.9,180,3.0,7.0,2.3333333333333335,0.0,0.0
2020-03-22T20:40:21Z,Other,2020-03-22 21:27:04+00:00,-8.05134391784668,-34.95185852050781,6.0,5000.9,181,0.0,0.0,,0.0,
2020-03-22T20:40:21Z,Other,2020-03-22 21:27:07+00:00,-8.051335334777832,-34.95192337036133,6.0,5008.0,183,3.0,7.100000000000364,2.366666666666788,0.0,0.0
2020-03-22T20:40:21Z,Other,2020-03-22 21:27:07+00:00,-8.051335334777832,-34.95192337036133,6.0,5008.0,183,0.0,0.0,,0.0,
2020-03-22T20:40:21Z,Other,2020-03-22 21:27:10+00:00,-8.051321983337402,-34.95198440551758,6.0,5015.0,183,3.0,7.0,2.3333333333333335,0.0,0.0
2020-03-22T20:40:21Z,Other,2020-03-22 21:27:10+00:00,-8.051321983337402,-34.95198440551758,6.0,5015.0,182,0.0,0.0,,0.0,
2020-03-22T20:40:21Z,Other,2020-03-22 21:27:13+00:00,-8.051316261291504,-34.9520378112793,5.0,5021.1,182,3.0,6.100000000000364,2.0333333333334545,-1.0,-16.39344262294984
2020-03-22T20:40:21Z,Other,2020-03-22 21:27:13+00:00,-8.051316261291504,-34.9520378112793,5.0,5021.1,180,0.0,0.0,,0.0,
2020-03-22T20:40:21Z,Other,2020-03-22 21:27:17+00:00,-8.051312446594238,-34.95209884643555,2.0,5028.1,179,4.0,7.0,1.75,-3.0,-42.857142857142854
2020-03-22T20:40:21Z,Other,2020-03-22 21:27:17+00:00,-8.051312446594238,-34.95209884643555,2.0,5028.1,178,0.0,0.0,,0.0,
2020-03-22T20:40:21Z,Other,2020-03-22 21:27:21+00:00,-8.051302909851074,-34.95215606689453,2.0,5034.1,178,4.0,6.0,1.5,0.0,0.0
2020-03-22T20:40:21Z,Other,2020-03-22 21:27:21+00:00,-8.051302909851074,-34.95215606689453,2.0,5034.1,177,0.0,0.0,,0.0,
2020-03-22T20:40:21Z,Other,2020-03-22 21:27:25+00:00,-8.051297187805176,-34.95220184326172,4.0,5039.2,177,4.0,5.099999999999454,1.2749999999998636,2.0,39.215686274514
2020-03-22T20:40:21Z,Other,2020-03-22 21:27:25+00:00,-8.051297187805176,-34.95220184326172,4.0,5039.2,176,0.0,0.0,,0.0,
2020-03-22T20:40:21Z,Other,2020-03-22 21:27:30+00:00,-8.051295280456543,-34.95226287841797,5.0,5046.2,173,5.0,7.0,1.4,1.0,14.285714285714285
2020-03-22T20:40:21Z,Other,2020-03-22 21:27:30+00:00,-8.051295280456543,-34.95226287841797,5.0,5046.2,170,0.0,0.0,,0.0,
2020-03-22T20:40:21Z,Other,2020-03-22 21:27:34+00:00,-8.051287651062012,-34.95232009887695,11.0,5052.3,169,4.0,6.100000000000364,1.525000000000091,6.0,98.36065573769905
2020-03-22T20:40:21Z,Other,2020-03-22 21:27:34+00:00,-8.051287651062012,-34.95232009887695,11.0,5052.3,167,0.0,0.0,,0.0,
2020-03-22T20:40:21Z,Other,2020-03-22 21:27:38+00:00,-8.051281929016113,-34.95237350463867,11.0,5058.3,163,4.0,6.0,1.5,0.0,0.0
2020-03-22T20:40:21Z,Other,2020-03-22 21:27:38+00:00,-8.051281929016113,-34.95237350463867,11.0,5058.3,163,0.0,0.0,,0.0,
2020-03-22T20:40:21Z,Other,2020-03-22 21:27:42+00:00,-8.051275253295898,-34.95242691040039,11.0,5064.3,164,4.0,6.0,1.5,0.0,0.0
2020-03-22T20:40:21Z,Other,2020-03-22 21:27:42+00:00,-8.051275253295898,-34.95242691040039,11.0,5064.3,164,0.0,0.0,,0.0,
2020-03-22T20:40:21Z,Other,2020-03-22 21:27:47+00:00,-8.05126667022705,-34.952484130859375,11.0,5070.4,161,5.0,6.099999999999454,1.219999999999891,0.0,0.0
2020-03-22T20:40:21Z,Other,2020-03-22 21:27:47+00:00,-8.05126667022705,-34.952484130859375,11.0,5070.4,159,0.0,0.0,,0.0,
2020-03-22T20:40:21Z,Other,2020-03-22 21:27:52+00:00,-8.05125904083252,-34.952545166015625,11.0,5077.4,153,5.0,7.0,1.4,0.0,0.0
2020-03-22T20:40:21Z,Other,2020-03-22 21:27:52+00:00,-8.05125904083252,-34.952545166015625,11.0,5077.4,150,0.0,0.0,,0.0,
2020-03-22T20:40:21Z,Other,2020-03-22 21:27:56+00:00,-8.051248550415039,-34.952598571777344,11.0,5083.5,149,4.0,6.100000000000364,1.525000000000091,0.0,0.0
2020-03-22T20:40:21Z,Other,2020-03-22 21:27:56+00:00,-8.051248550415039,-34.952598571777344,11.0,5083.5,149,0.0,0.0,,0.0,
2020-03-22T20:40:21Z,Other,2020-03-22 21:28:01+00:00,-8.051236152648926,-34.952659606933594,11.0,5090.5,145,5.0,7.0,1.4,0.0,0.0
2020-03-22T20:40:21Z,Other,2020-03-22 21:28:01+00:00,-8.051236152648926,-34.952659606933594,11.0,5090.5,143,0.0,0.0,,0.0,
2020-03-22T20:40:21Z,Other,2020-03-22 21:28:06+00:00,-8.051226615905762,-34.952720642089844,11.0,5097.6,142,5.0,7.100000000000364,1.4200000000000728,0.0,0.0
2020-03-22T20:40:21Z,Other,2020-03-22 21:28:06+00:00,-8.051226615905762,-34.952720642089844,11.0,5097.6,142,0.0,0.0,,0.0,
2020-03-22T20:40:21Z,Other,2020-03-22 21:28:10+00:00,-8.051217079162598,-34.95277786254883,11.0,5103.6,138,4.0,6.0,1.5,0.0,0.0
2020-03-22T20:40:21Z,Other,2020-03-22 21:28:10+00:00,-8.051217079162598,-34.95277786254883,11.0,5103.6,137,0.0,0.0,,0.0,
2020-03-22T20:40:21Z,Other,2020-03-22 21:28:14+00:00,-8.051210403442383,-34.95282745361328,11.0,5109.7,135,4.0,6.099999999999454,1.5249999999998636,0.0,0.0
2020-03-22T20:40:21Z,Other,2020-03-22 21:28:14+00:00,-8.051210403442383,-34.95282745361328,11.0,5109.7,134,0.0,0.0,,0.0,
2020-03-22T20:40:21Z,Other,2020-03-22 21:28:19+00:00,-8.0512056350708,-34.952884674072266,11.0,5115.7,132,5.0,6.0,1.2,0.0,0.0
2020-03-22T20:40:21Z,Other,2020-03-22 21:28:19+00:00,-8.0512056350708,-34.952884674072266,11.0,5115.7,128,0.0,0.0,,0.0,
2020-03-22T20:40:21Z,Other,2020-03-22 21:28:23+00:00,-8.051201820373535,-34.952938079833984,11.0,5121.7,131,4.0,6.0,1.5,0.0,0.0
2020-03-22T20:40:21Z,Other,2020-03-22 21:28:23+00:00,-8.051201820373535,-34.952938079833984,11.0,5121.7,131,0.0,0.0,,0.0,
2020-03-22T20:40:21Z,Other,2020-03-22 21:28:27+00:00,-8.051193237304688,-34.95299530029297,11.0,5127.8,132,4.0,6.100000000000364,1.525000000000091,0.0,0.0
2020-03-22T20:40:21Z,Other,2020-03-22 21:28:27+00:00,-8.051193237304688,-34.95299530029297,11.0,5127.8,132,0.0,0.0,,0.0,
2020-03-22T20:40:21Z,Other,2020-03-22 21:28:32+00:00,-8.051186561584473,-34.95304870605469,11.0,5133.8,132,5.0,6.0,1.2,0.0,0.0
2020-03-22T20:40:21Z,Other,2020-03-22 21:28:32+00:00,-8.051186561584473,-34.95304870605469,11.0,5133.8,131,0.0,0.0,,0.0,
2020-03-22T20:40:21Z,Other,2020-03-22 21:28:37+00:00,-8.051177978515625,-34.95310592651367,11.0,5139.9,132,5.0,6.099999999999454,1.219999999999891,0.0,0.0
2020-03-22T20:40:21Z,Other,2020-03-22 21:28:37+00:00,-8.051177978515625,-34.95310592651367,11.0,5139.9,133,0.0,0.0,,0.0,
2020-03-22T20:40:21Z,Other,2020-03-22 21:28:41+00:00,-8.05117416381836,-34.953163146972656,11.0,5145.9,134,4.0,6.0,1.5,0.0,0.0
2020-03-22T20:40:21Z,Other,2020-03-22 21:28:41+00:00,-8.05117416381836,-34.953163146972656,11.0,5145.9,133,0.0,0.0,,0.0,
2020-03-22T20:40:21Z,Other,2020-03-22 21:28:46+00:00,-8.051198959350586,-34.95320510864258,11.0,5150.9,133,5.0,5.0,1.0,0.0,0.0
2020-03-22T20:40:21Z,Other,2020-03-22 21:28:46+00:00,-8.051198959350586,-34.95320510864258,11.0,5150.9,133,0.0,0.0,,0.0,
2020-03-22T20:40:21Z,Other,2020-03-22 21:28:52+00:00,-8.051259994506836,-34.953216552734375,11.0,5158.0,132,6.0,7.100000000000364,1.183333333333394,0.0,0.0
2020-03-22T20:40:21Z,Other,2020-03-22 21:28:52+00:00,-8.051259994506836,-34.953216552734375,11.0,5158.0,132,0.0,0.0,,0.0,
2020-03-22T20:40:21Z,Other,2020-03-22 21:28:56+00:00,-8.051314353942871,-34.953216552734375,11.0,5164.0,132,4.0,6.0,1.5,0.0,0.0
2020-03-22T20:40:21Z,Other,2020-03-22 21:28:56+00:00,-8.051314353942871,-34.953216552734375,11.0,5164.0,131,0.0,0.0,,0.0,
2020-03-22T20:40:21Z,Other,2020-03-22 21:29:00+00:00,-8.05136489868164,-34.953216552734375,11.0,5170.1,131,4.0,6.100000000000364,1.525000000000091,0.0,0.0
2020-03-22T20:40:21Z,Other,2020-03-22 21:29:00+00:00,-8.05136489868164,-34.953216552734375,11.0,5170.1,133,0.0,0.0,,0.0,
2020-03-22T20:40:21Z,Other,2020-03-22 21:29:05+00:00,-8.051421165466309,-34.953224182128906,11.0,5176.1,133,5.0,6.0,1.2,0.0,0.0
2020-03-22T20:40:21Z,Other,2020-03-22 21:29:05+00:00,-8.051421165466309,-34.953224182128906,11.0,5176.1,133,0.0,0.0,,0.0,
2020-03-22T20:40:21Z,Other,2020-03-22 21:29:10+00:00,-8.05147933959961,-34.953224182128906,11.0,5182.1,133,5.0,6.0,1.2,0.0,0.0
2020-03-22T20:40:21Z,Other,2020-03-22 21:29:10+00:00,-8.05147933959961,-34.953224182128906,11.0,5182.1,132,0.0,0.0,,0.0,
2020-03-22T20:40:21Z,Other,2020-03-22 21:29:14+00:00,-8.051536560058594,-34.95322799682617,11.0,5188.2,132,4.0,6.099999999999454,1.5249999999998636,0.0,0.0
2020-03-22T20:40:21Z,Other,2020-03-22 21:29:14+00:00,-8.051536560058594,-34.95322799682617,11.0,5188.2,132,0.0,0.0,,0.0,
2020-03-22T20:40:21Z,Other,2020-03-22 21:29:18+00:00,-8.051592826843262,-34.95323181152344,11.0,5194.2,132,4.0,6.0,1.5,0.0,0.0
2020-03-22T20:40:21Z,Other,2020-03-22 21:29:18+00:00,-8.051592826843262,-34.95323181152344,11.0,5194.2,132,0.0,0.0,,0.0,
2020-03-22T20:40:21Z,Other,2020-03-22 21:29:22+00:00,-8.051645278930664,-34.9532356262207,11.0,5200.3,132,4.0,6.100000000000364,1.525000000000091,0.0,0.0
2020-03-22T20:40:21Z,Other,2020-03-22 21:29:22+00:00,-8.051645278930664,-34.9532356262207,11.0,5200.3,132,0.0,0.0,,0.0,
2020-03-22T20:40:21Z,Other,2020-03-22 21:29:27+00:00,-8.051701545715332,-34.953243255615234,11.0,5206.3,133,5.0,6.0,1.2,0.0,0.0
2020-03-22T20:40:21Z,Other,2020-03-22 21:29:27+00:00,-8.051701545715332,-34.953243255615234,11.0,5206.3,133,0.0,0.0,,0.0,
2020-03-22T20:40:21Z,Other,2020-03-22 21:29:32+00:00,-8.051766395568848,-34.953243255615234,11.0,5213.4,134,5.0,7.099999999999454,1.419999999999891,0.0,0.0
2020-03-22T20:40:21Z,Other,2020-03-22 21:29:32+00:00,-8.051766395568848,-34.953243255615234,11.0,5213.4,134,0.0,0.0,,0.0,
2020-03-22T20:40:21Z,Other,2020-03-22 21:29:37+00:00,-8.051824569702148,-34.95323181152344,11.0,5220.4,133,5.0,7.0,1.4,0.0,0.0
2020-03-22T20:40:21Z,Other,2020-03-22 21:29:37+00:00,-8.051824569702148,-34.95323181152344,11.0,5220.4,133,0.0,0.0,,0.0,
2020-03-22T20:40:21Z,Other,2020-03-22 21:29:42+00:00,-8.051852226257324,-34.95319366455078,11.0,5225.4,134,5.0,5.0,1.0,0.0,0.0
2020-03-22T20:40:21Z,Other,2020-03-22 21:29:42+00:00,-8.051852226257324,-34.95319366455078,11.0,5225.4,134,0.0,0.0,,0.0,
2020-03-22T20:40:21Z,Other,2020-03-22 21:29:47+00:00,-8.051871299743652,-34.95314025878906,11.0,5231.5,134,5.0,6.100000000000364,1.2200000000000728,0.0,0.0
2020-03-22T20:40:21Z,Other,2020-03-22 21:29:47+00:00,-8.051871299743652,-34.95314025878906,11.0,5231.5,134,0.0,0.0,,0.0,
2020-03-22T20:40:21Z,Other,2020-03-22 21:29:52+00:00,-8.051898002624512,-34.953094482421875,11.0,5237.5,134,5.0,6.0,1.2,0.0,0.0
2020-03-22T20:40:21Z,Other,2020-03-22 21:29:52+00:00,-8.051898002624512,-34.953094482421875,11.0,5237.5,134,0.0,0.0,,0.0,
2020-03-22T20:40:21Z,Other,2020-03-22 21:29:57+00:00,-8.05191421508789,-34.95303726196289,11.0,5244.6,134,5.0,7.100000000000364,1.4200000000000728,0.0,0.0
2020-03-22T20:40:21Z,Other,2020-03-22 21:29:57+00:00,-8.05191421508789,-34.95303726196289,11.0,5244.6,134,0.0,0.0,,0.0,
2020-03-22T20:40:21Z,Other,2020-03-22 21:30:01+00:00,-8.051925659179688,-34.9529914855957,11.0,5249.6,130,4.0,5.0,1.25,0.0,0.0
2020-03-22T20:40:21Z,Other,2020-03-22 21:30:01+00:00,-8.051925659179688,-34.9529914855957,11.0,5249.6,130,0.0,0.0,,0.0,
2020-03-22T20:40:21Z,Other,2020-03-22 21:30:06+00:00,-8.05193042755127,-34.95292663574219,11.0,5256.7,130,5.0,7.099999999999454,1.419999999999891,0.0,0.0
2020-03-22T20:40:21Z,Other,2020-03-22 21:30:06+00:00,-8.05193042755127,-34.95292663574219,11.0,5256.7,129,0.0,0.0,,0.0,
2020-03-22T20:40:21Z,Other,2020-03-22 21:30:11+00:00,-8.051939010620117,-34.9528694152832,11.0,5262.7,129,5.0,6.0,1.2,0.0,0.0
2020-03-22T20:40:21Z,Other,2020-03-22 21:30:11+00:00,-8.051939010620117,-34.9528694152832,11.0,5262.7,129,0.0,0.0,,0.0,
2020-03-22T20:40:21Z,Other,2020-03-22 21:30:16+00:00,-8.0519380569458,-34.95281219482422,11.0,5268.7,129,5.0,6.0,1.2,0.0,0.0
2020-03-22T20:40:21Z,Other,2020-03-22 21:30:16+00:00,-8.0519380569458,-34.95281219482422,11.0,5268.7,129,0.0,0.0,,0.0,
2020-03-22T20:40:21Z,Other,2020-03-22 21:30:20+00:00,-8.051935195922852,-34.952754974365234,11.0,5274.8,129,4.0,6.100000000000364,1.525000000000091,0.0,0.0
2020-03-22T20:40:21Z,Other,2020-03-22 21:30:20+00:00,-8.051935195922852,-34.952754974365234,11.0,5274.8,129,0.0,0.0,,0.0,
2020-03-22T20:40:21Z,Other,2020-03-22 21:30:24+00:00,-8.051932334899902,-34.95269775390625,11.0,5280.8,130,4.0,6.0,1.5,0.0,0.0
2020-03-22T20:40:21Z,Other,2020-03-22 21:30:24+00:00,-8.051932334899902,-34.95269775390625,11.0,5280.8,130,0.0,0.0,,0.0,
2020-03-22T20:40:21Z,Other,2020-03-22 21:30:28+00:00,-8.05193042755127,-34.9526481628418,11.0,5285.9,129,4.0,5.099999999999454,1.2749999999998636,0.0,0.0
2020-03-22T20:40:21Z,Other,2020-03-22 21:30:28+00:00,-8.05193042755127,-34.9526481628418,11.0,5285.9,128,0.0,0.0,,0.0,
2020-03-22T20:40:21Z,Other,2020-03-22 21:30:33+00:00,-8.051932334899902,-34.95258331298828,11.0,5292.9,126,5.0,7.0,1.4,0.0,0.0
2020-03-22T20:40:21Z,Other,2020-03-22 21:30:33+00:00,-8.051932334899902,-34.95258331298828,11.0,5292.9,126,0.0,0.0,,0.0,
2020-03-22T20:40:21Z,Other,2020-03-22 21:30:37+00:00,-8.051939010620117,-34.9525260925293,11.0,5298.9,125,4.0,6.0,1.5,0.0,0.0
2020-03-22T20:40:21Z,Other,2020-03-22 21:30:37+00:00,-8.051939010620117,-34.9525260925293,11.0,5298.9,125,0.0,0.0,,0.0,
2020-03-22T20:40:21Z,Other,2020-03-22 21:30:41+00:00,-8.051949501037598,-34.95247268676758,11.0,5305.0,125,4.0,6.100000000000364,1.525000000000091,0.0,0.0
2020-03-22T20:40:21Z,Other,2020-03-22 21:30:41+00:00,-8.051949501037598,-34.95247268676758,11.0,5305.0,125,0.0,0.0,,0.0,
2020-03-22T20:40:21Z,Other,2020-03-22 21:30:45+00:00,-8.051959991455078,-34.952423095703125,11.0,5311.0,125,4.0,6.0,1.5,0.0,0.0
2020-03-22T20:40:21Z,Other,2020-03-22 21:30:45+00:00,-8.051959991455078,-34.952423095703125,11.0,5311.0,125,0.0,0.0,,0.0,
2020-03-22T20:40:21Z,Other,2020-03-22 21:30:50+00:00,-8.051966667175293,-34.952354431152344,11.0,5319.1,125,5.0,8.100000000000364,1.6200000000000727,0.0,0.0
2020-03-22T20:40:21Z,Other,2020-03-22 21:30:50+00:00,-8.051966667175293,-34.952354431152344,11.0,5319.1,125,0.0,0.0,,0.0,
2020-03-22T20:40:21Z,Other,2020-03-22 21:30:54+00:00,-8.051968574523926,-34.952301025390625,11.0,5325.1,126,4.0,6.0,1.5,0.0,0.0
2020-03-22T20:40:21Z,Other,2020-03-22 21:30:54+00:00,-8.051968574523926,-34.952301025390625,11.0,5325.1,126,0.0,0.0,,0.0,
2020-03-22T20:40:21Z,Other,2020-03-22 21:30:59+00:00,-8.051960945129395,-34.952239990234375,11.0,5332.2,126,5.0,7.099999999999454,1.419999999999891,0.0,0.0
2020-03-22T20:40:21Z,Other,2020-03-22 21:30:59+00:00,-8.051960945129395,-34.952239990234375,11.0,5332.2,127,0.0,0.0,,0.0,
2020-03-22T20:40:21Z,Other,2020-03-22 21:31:04+00:00,-8.051960945129395,-34.95218276977539,11.0,5338.2,129,5.0,6.0,1.2,0.0,0.0
2020-03-22T20:40:21Z,Other,2020-03-22 21:31:04+00:00,-8.051960945129395,-34.95218276977539,11.0,5338.2,129,0.0,0.0,,0.0,
2020-03-22T20:40:21Z,Other,2020-03-22 21:31:08+00:00,-8.051970481872559,-34.952125549316406,11.0,5344.2,130,4.0,6.0,1.5,0.0,0.0
2020-03-22T20:40:21Z,Other,2020-03-22 21:31:08+00:00,-8.051970481872559,-34.952125549316406,11.0,5344.2,130,0.0,0.0,,0.0,
2020-03-22T20:40:21Z,Other,2020-03-22 21:31:12+00:00,-8.051973342895508,-34.95207595825195,11.0,5349.3,131,4.0,5.100000000000364,1.275000000000091,0.0,0.0
2020-03-22T20:40:21Z,Other,2020-03-22 21:31:12+00:00,-8.051973342895508,-34.95207595825195,11.0,5349.3,131,0.0,0.0,,0.0,
2020-03-22T20:40:21Z,Other,2020-03-22 21:31:17+00:00,-8.051973342895508,-34.952022552490234,11.0,5355.3,132,5.0,6.0,1.2,0.0,0.0
2020-03-22T20:40:21Z,Other,2020-03-22 21:31:17+00:00,-8.051973342895508,-34.952022552490234,11.0,5355.3,131,0.0,0.0,,0.0,
2020-03-22T20:40:21Z,Other,2020-03-22 21:31:22+00:00,-8.051981925964355,-34.951961517333984,11.0,5362.4,128,5.0,7.099999999999454,1.419999999999891,0.0,0.0
2020-03-22T20:40:21Z,Other,2020-03-22 21:31:22+00:00,-8.051981925964355,-34.951961517333984,11.0,5362.4,128,0.0,0.0,,0.0,
2020-03-22T20:40:21Z,Other,2020-03-22 21:31:26+00:00,-8.051989555358887,-34.951908111572266,11.0,5368.4,127,4.0,6.0,1.5,0.0,0.0
2020-03-22T20:40:21Z,Other,2020-03-22 21:31:26+00:00,-8.051989555358887,-34.951908111572266,11.0,5368.4,126,0.0,0.0,,0.0,
2020-03-22T20:40:21Z,Other,2020-03-22 21:31:31+00:00,-8.052000999450684,-34.951839447021484,11.0,5376.5,126,5.0,8.100000000000364,1.6200000000000727,0.0,0.0
2020-03-22T20:40:21Z,Other,2020-03-22 21:31:31+00:00,-8.052000999450684,-34.951839447021484,11.0,5376.5,126,0.0,0.0,,0.0,
2020-03-22T20:40:21Z,Other,2020-03-22 21:31:35+00:00,-8.052009582519531,-34.951786041259766,11.0,5382.5,126,4.0,6.0,1.5,0.0,0.0
2020-03-22T20:40:21Z,Other,2020-03-22 21:31:35+00:00,-8.052009582519531,-34.951786041259766,11.0,5382.5,126,0.0,0.0,,0.0,
2020-03-22T20:40:21Z,Other,2020-03-22 21:31:39+00:00,-8.052017211914062,-34.95173263549805,11.0,5388.5,127,4.0,6.0,1.5,0.0,0.0
2020-03-22T20:40:21Z,Other,2020-03-22 21:31:39+00:00,-8.052017211914062,-34.95173263549805,11.0,5388.5,127,0.0,0.0,,0.0,
2020-03-22T20:40:21Z,Other,2020-03-22 21:31:43+00:00,-8.052021980285645,-34.95167541503906,11.0,5394.6,129,4.0,6.100000000000364,1.525000000000091,0.0,0.0
2020-03-22T20:40:21Z,Other,2020-03-22 21:31:43+00:00,-8.052021980285645,-34.95167541503906,11.0,5394.6,129,0.0,0.0,,0.0,
2020-03-22T20:40:21Z,Other,2020-03-22 21:31:47+00:00,-8.052026748657227,-34.95161819458008,11.0,5400.6,128,4.0,6.0,1.5,0.0,0.0
2020-03-22T20:40:21Z,Other,2020-03-22 21:31:47+00:00,-8.052026748657227,-34.95161819458008,11.0,5400.6,128,0.0,0.0,,0.0,
2020-03-22T20:40:21Z,Other,2020-03-22 21:31:51+00:00,-8.052029609680176,-34.951568603515625,11.0,5405.7,130,4.0,5.099999999999454,1.2749999999998636,0.0,0.0
2020-03-22T20:40:21Z,Other,2020-03-22 21:31:51+00:00,-8.052029609680176,-34.951568603515625,11.0,5405.7,130,0.0,0.0,,0.0,
2020-03-22T20:40:21Z,Other,2020-03-22 21:31:55+00:00,-8.052031517028809,-34.951515197753906,11.0,5411.7,130,4.0,6.0,1.5,0.0,0.0
2020-03-22T20:40:21Z,Other,2020-03-22 21:31:55+00:00,-8.052031517028809,-34.951515197753906,11.0,5411.7,130,0.0,0.0,,0.0,
2020-03-22T20:40:21Z,Other,2020-03-22 21:31:59+00:00,-8.05203628540039,-34.95145797729492,11.0,5417.7,131,4.0,6.0,1.5,0.0,0.0
2020-03-22T20:40:21Z,Other,2020-03-22 21:31:59+00:00,-8.05203628540039,-34.95145797729492,11.0,5417.7,129,0.0,0.0,,0.0,
2020-03-22T20:40:21Z,Other,2020-03-22 21:32:03+00:00,-8.052038192749023,-34.95140838623047,11.0,5422.8,129,4.0,5.100000000000364,1.275000000000091,0.0,0.0
2020-03-22T20:40:21Z,Other,2020-03-22 21:32:03+00:00,-8.052038192749023,-34.95140838623047,11.0,5422.8,128,0.0,0.0,,0.0,
2020-03-22T20:40:21Z,Other,2020-03-22 21:32:09+00:00,-8.052031517028809,-34.95133972167969,11.0,5430.8,127,6.0,8.0,1.3333333333333333,0.0,0.0
2020-03-22T20:40:21Z,Other,2020-03-22 21:32:09+00:00,-8.052031517028809,-34.95133972167969,11.0,5430.8,125,0.0,0.0,,0.0,
2020-03-22T20:40:21Z,Other,2020-03-22 21:32:13+00:00,-8.052026748657227,-34.9512939453125,11.0,5435.9,126,4.0,5.099999999999454,1.2749999999998636,0.0,0.0
2020-03-22T20:40:21Z,Other,2020-03-22 21:32:13+00:00,-8.052026748657227,-34.9512939453125,11.0,5435.9,127,0.0,0.0,,0.0,
2020-03-22T20:40:21Z,Other,2020-03-22 21:32:18+00:00,-8.052032470703125,-34.95122528076172,11.0,5443.9,128,5.0,8.0,1.6,0.0,0.0
2020-03-22T20:40:21Z,Other,2020-03-22 21:32:18+00:00,-8.052032470703125,-34.95122528076172,11.0,5443.9,126,0.0,0.0,,0.0,
2020-03-22T20:40:21Z,Other,2020-03-22 21:32:22+00:00,-8.052034378051758,-34.951171875,11.0,5450.0,126,4.0,6.100000000000364,1.525000000000091,0.0,0.0
2020-03-22T20:40:21Z,Other,2020-03-22 21:32:22+00:00,-8.052034378051758,-34.951171875,11.0,5450.0,126,0.0,0.0,,0.0,
2020-03-22T20:40:21Z,Other,2020-03-22 21:32:26+00:00,-8.052042961120605,-34.95112228393555,11.0,5456.0,126,4.0,6.0,1.5,0.0,0.0
2020-03-22T20:40:21Z,Other,2020-03-22 21:32:26+00:00,-8.052042961120605,-34.95112228393555,11.0,5456.0,125,0.0,0.0,,0.0,
2020-03-22T20:40:21Z,Other,2020-03-22 21:32:31+00:00,-8.052050590515137,-34.9510612487793,11.0,5463.1,125,5.0,7.100000000000364,1.4200000000000728,0.0,0.0
2020-03-22T20:40:21Z,Other,2020-03-22 21:32:31+00:00,-8.052050590515137,-34.9510612487793,11.0,5463.1,123,0.0,0.0,,0.0,
2020-03-22T20:40:21Z,Other,2020-03-22 21:32:35+00:00,-8.052054405212402,-34.95100784301758,11.0,5469.1,122,4.0,6.0,1.5,0.0,0.0
2020-03-22T20:40:21Z,Other,2020-03-22 21:32:35+00:00,-8.052054405212402,-34.95100784301758,11.0,5469.1,122,0.0,0.0,,0.0,
2020-03-22T20:40:21Z,Other,2020-03-22 21:32:39+00:00,-8.052062034606934,-34.950950622558594,11.0,5475.1,122,4.0,6.0,1.5,0.0,0.0
2020-03-22T20:40:21Z,Other,2020-03-22 21:32:39+00:00,-8.052062034606934,-34.950950622558594,11.0,5475.1,120,0.0,0.0,,0.0,
2020-03-22T20:40:21Z,Other,2020-03-22 21:32:44+00:00,-8.052071571350098,-34.950889587402344,11.0,5482.2,118,5.0,7.099999999999454,1.419999999999891,0.0,0.0
2020-03-22T20:40:21Z,Other,2020-03-22 21:32:44+00:00,-8.052071571350098,-34.950889587402344,11.0,5482.2,118,0.0,0.0,,0.0,
2020-03-22T20:40:21Z,Other,2020-03-22 21:32:49+00:00,-8.052075386047363,-34.950828552246094,11.0,5489.2,120,5.0,7.0,1.4,0.0,0.0
2020-03-22T20:40:21Z,Other,2020-03-22 21:32:49+00:00,-8.052075386047363,-34.950828552246094,11.0,5489.2,121,0.0,0.0,,0.0,
2020-03-22T20:40:21Z,Other,2020-03-22 21:32:53+00:00,-8.052074432373047,-34.95077896118164,11.0,5494.3,123,4.0,5.100000000000364,1.275000000000091,0.0,0.0
2020-03-22T20:40:21Z,Other,2020-03-22 21:32:53+00:00,-8.052074432373047,-34.95077896118164,11.0,5494.3,123,0.0,0.0,,0.0,
2020-03-22T20:40:21Z,Other,2020-03-22 21:32:57+00:00,-8.052077293395996,-34.95072555541992,11.0,5500.3,123,4.0,6.0,1.5,0.0,0.0
2020-03-22T20:40:21Z,Other,2020-03-22 21:32:57+00:00,-8.052077293395996,-34.95072555541992,11.0,5500.3,123,0.0,0.0,,0.0,
2020-03-22T20:40:21Z,Other,2020-03-22 21:33:02+00:00,-8.052077293395996,-34.950660705566406,11.0,5507.4,124,5.0,7.099999999999454,1.419999999999891,0.0,0.0
2020-03-22T20:40:21Z,Other,2020-03-22 21:33:02+00:00,-8.052077293395996,-34.950660705566406,11.0,5507.4,124,0.0,0.0,,0.0,
2020-03-22T20:40:21Z,Other,2020-03-22 21:33:07+00:00,-8.052078247070312,-34.95059585571289,11.0,5514.4,124,5.0,7.0,1.4,0.0,0.0
2020-03-22T20:40:21Z,Other,2020-03-22 21:33:07+00:00,-8.052078247070312,-34.95059585571289,11.0,5514.4,124,0.0,0.0,,0.0,
2020-03-22T20:40:21Z,Other,2020-03-22 21:33:12+00:00,-8.052083969116211,-34.95054244995117,11.0,5520.4,126,5.0,6.0,1.2,0.0,0.0
2020-03-22T20:40:21Z,Other,2020-03-22 21:33:12+00:00,-8.052083969116211,-34.95054244995117,11.0,5520.4,126,0.0,0.0,,0.0,
2020-03-22T20:40:21Z,Other,2020-03-22 21:33:17+00:00,-8.052088737487793,-34.95048141479492,11.0,5527.5,127,5.0,7.100000000000364,1.4200000000000728,0.0,0.0
2020-03-22T20:40:21Z,Other,2020-03-22 21:33:17+00:00,-8.052088737487793,-34.95048141479492,11.0,5527.5,128,0.0,0.0,,0.0,
2020-03-22T20:40:21Z,Other,2020-03-22 21:33:21+00:00,-8.052092552185059,-34.9504280090332,11.0,5533.5,128,4.0,6.0,1.5,0.0,0.0
2020-03-22T20:40:21Z,Other,2020-03-22 21:33:21+00:00,-8.052092552185059,-34.9504280090332,11.0,5533.5,128,0.0,0.0,,0.0,
2020-03-22T20:40:21Z,Other,2020-03-22 21:33:25+00:00,-8.052094459533691,-34.95037841796875,11.0,5538.6,132,4.0,5.100000000000364,1.275000000000091,0.0,0.0
2020-03-22T20:40:21Z,Other,2020-03-22 21:33:25+00:00,-8.052094459533691,-34.95037841796875,11.0,5538.6,132,0.0,0.0,,0.0,
2020-03-22T20:40:21Z,Other,2020-03-22 21:33:30+00:00,-8.052091598510742,-34.9503173828125,11.0,5545.6,131,5.0,7.0,1.4,0.0,0.0
2020-03-22T20:40:21Z,Other,2020-03-22 21:33:30+00:00,-8.052091598510742,-34.9503173828125,11.0,5545.6,129,0.0,0.0,,0.0,
2020-03-22T20:40:21Z,Other,2020-03-22 21:33:36+00:00,-8.052092552185059,-34.95024108886719,11.0,5553.7,129,6.0,8.099999999999454,1.349999999999909,0.0,0.0
2020-03-22T20:40:21Z,Other,2020-03-22 21:33:36+00:00,-8.052092552185059,-34.95024108886719,11.0,5553.7,127,0.0,0.0,,0.0,
2020-03-22T20:40:21Z,Other,2020-03-22 21:33:40+00:00,-8.05210018157959,-34.9501838684082,11.0,5559.7,126,4.0,6.0,1.5,0.0,0.0
2020-03-22T20:40:21Z,Other,2020-03-22 21:33:40+00:00,-8.05210018157959,-34.9501838684082,11.0,5559.7,126,0.0,0.0,,0.0,
2020-03-22T20:40:21Z,Other,2020-03-22 21:33:44+00:00,-8.052104949951172,-34.950138092041016,11.0,5564.7,127,4.0,5.0,1.25,0.0,0.0
2020-03-22T20:40:21Z,Other,2020-03-22 21:33:44+00:00,-8.052104949951172,-34.950138092041016,11.0,5564.7,129,0.0,0.0,,0.0,
2020-03-22T20:40:21Z,Other,2020-03-22 21:33:49+00:00,-8.052107810974121,-34.950077056884766,11.0,5571.8,131,5.0,7.100000000000364,1.4200000000000728,0.0,0.0
2020-03-22T20:40:21Z,Other,2020-03-22 21:33:49+00:00,-8.052107810974121,-34.950077056884766,11.0,5571.8,131,0.0,0.0,,0.0,
2020-03-22T20:40:21Z,Other,2020-03-22 21:33:53+00:00,-8.052111625671387,-34.95001983642578,11.0,5577.8,131,4.0,6.0,1.5,0.0,0.0
2020-03-22T20:40:21Z,Other,2020-03-22 21:33:53+00:00,-8.052111625671387,-34.95001983642578,11.0,5577.8,130,0.0,0.0,,0.0,
2020-03-22T20:40:21Z,Other,2020-03-22 21:33:57+00:00,-8.052115440368652,-34.94996643066406,11.0,5583.9,130,4.0,6.099999999999454,1.5249999999998636,0.0,0.0
2020-03-22T20:40:21Z,Other,2020-03-22 21:33:57+00:00,-8.052115440368652,-34.94996643066406,11.0,5583.9,130,0.0,0.0,,0.0,
2020-03-22T20:40:21Z,Other,2020-03-22 21:34:01+00:00,-8.052116394042969,-34.94991683959961,11.0,5588.9,129,4.0,5.0,1.25,0.0,0.0
2020-03-22T20:40:21Z,Other,2020-03-22 21:34:01+00:00,-8.052116394042969,-34.94991683959961,11.0,5588.9,130,0.0,0.0,,0.0,
2020-03-22T20:40:21Z,Other,2020-03-22 21:34:06+00:00,-8.052117347717285,-34.94985580444336,11.0,5596.0,131,5.0,7.100000000000364,1.4200000000000728,0.0,0.0
2020-03-22T20:40:21Z,Other,2020-03-22 21:34:06+00:00,-8.052117347717285,-34.94985580444336,11.0,5596.0,131,0.0,0.0,,0.0,
2020-03-22T20:40:21Z,Other,2020-03-22 21:34:11+00:00,-8.052122116088867,-34.949790954589844,11.0,5603.0,131,5.0,7.0,1.4,0.0,0.0
2020-03-22T20:40:21Z,Other,2020-03-22 21:34:11+00:00,-8.052122116088867,-34.949790954589844,11.0,5603.0,131,0.0,0.0,,0.0,
2020-03-22T20:40:21Z,Other,2020-03-22 21:34:15+00:00,-8.052124977111816,-34.94974136352539,11.0,5608.0,129,4.0,5.0,1.25,0.0,0.0
2020-03-22T20:40:21Z,Other,2020-03-22 21:34:15+00:00,-8.052124977111816,-34.94974136352539,11.0,5608.0,127,0.0,0.0,,0.0,
2020-03-22T20:40:21Z,Other,2020-03-22 21:34:19+00:00,-8.052128791809082,-34.94969177246094,11.0,5613.1,126,4.0,5.100000000000364,1.275000000000091,0.0,0.0
2020-03-22T20:40:21Z,Other,2020-03-22 21:34:19+00:00,-8.052128791809082,-34.94969177246094,11.0,5613.1,126,0.0,0.0,,0.0,
2020-03-22T20:40:21Z,Other,2020-03-22 21:34:24+00:00,-8.052133560180664,-34.94963455200195,11.0,5619.1,127,5.0,6.0,1.2,0.0,0.0
2020-03-22T20:40:21Z,Other,2020-03-22 21:34:24+00:00,-8.052133560180664,-34.94963455200195,11.0,5619.1,127,0.0,0.0,,0.0,
2020-03-22T20:40:21Z,Other,2020-03-22 21:34:28+00:00,-8.052141189575195,-34.949581146240234,11.0,5625.2,127,4.0,6.099999999999454,1.5249999999998636,0.0,0.0
2020-03-22T20:40:21Z,Other,2020-03-22 21:34:28+00:00,-8.052141189575195,-34.949581146240234,11.0,5625.2,127,0.0,0.0,,0.0,
2020-03-22T20:40:21Z,Other,2020-03-22 21:34:33+00:00,-8.052141189575195,-34.949520111083984,11.0,5632.2,127,5.0,7.0,1.4,0.0,0.0
2020-03-22T20:40:21Z,Other,2020-03-22 21:34:33+00:00,-8.052141189575195,-34.949520111083984,11.0,5632.2,127,0.0,0.0,,0.0,
2020-03-22T20:40:21Z,Other,2020-03-22 21:34:38+00:00,-8.052145957946777,-34.949462890625,11.0,5638.2,127,5.0,6.0,1.2,0.0,0.0
2020-03-22T20:40:21Z,Other,2020-03-22 21:34:38+00:00,-8.052145957946777,-34.949462890625,11.0,5638.2,127,0.0,0.0,,0.0,
2020-03-22T20:40:21Z,Other,2020-03-22 21:34:43+00:00,-8.052136421203613,-34.94940948486328,11.0,5644.3,128,5.0,6.100000000000364,1.2200000000000728,0.0,0.0
2020-03-22T20:40:21Z,Other,2020-03-22 21:34:43+00:00,-8.052136421203613,-34.94940948486328,11.0,5644.3,128,0.0,0.0,,0.0,
2020-03-22T20:40:21Z,Other,2020-03-22 21:34:47+00:00,-8.052109718322754,-34.94936752319336,11.0,5649.3,128,4.0,5.0,1.25,0.0,0.0
2020-03-22T20:40:21Z,Other,2020-03-22 21:34:47+00:00,-8.052109718322754,-34.94936752319336,11.0,5649.3,128,0.0,0.0,,0.0,
2020-03-22T20:40:21Z,Other,2020-03-22 21:34:52+00:00,-8.052085876464844,-34.94930648803711,11.0,5656.4,128,5.0,7.099999999999454,1.419999999999891,0.0,0.0
2020-03-22T20:40:21Z,Other,2020-03-22 21:34:52+00:00,-8.052085876464844,-34.94930648803711,11.0,5656.4,128,0.0,0.0,,0.0,
2020-03-22T20:40:21Z,Other,2020-03-22 21:34:57+00:00,-8.052082061767578,-34.949241638183594,11.0,5663.4,128,5.0,7.0,1.4,0.0,0.0
2020-03-22T20:40:21Z,Other,2020-03-22 21:34:57+00:00,-8.052082061767578,-34.949241638183594,11.0,5663.4,129,0.0,0.0,,0.0,
2020-03-22T20:40:21Z,Other,2020-03-22 21:35:02+00:00,-8.05207347869873,-34.94918441772461,11.0,5669.5,129,5.0,6.100000000000364,1.2200000000000728,0.0,0.0
2020-03-22T20:40:21Z,Other,2020-03-22 21:35:02+00:00,-8.05207347869873,-34.94918441772461,11.0,5669.5,131,0.0,0.0,,0.0,
2020-03-22T20:40:21Z,Other,2020-03-22 21:35:07+00:00,-8.05202579498291,-34.94916915893555,11.0,5675.5,131,5.0,6.0,1.2,0.0,0.0
2020-03-22T20:40:21Z,Other,2020-03-22 21:35:07+00:00,-8.05202579498291,-34.94916915893555,11.0,5675.5,131,0.0,0.0,,0.0,
2020-03-22T20:40:21Z,Other,2020-03-22 21:35:12+00:00,-8.051970481872559,-34.94917678833008,11.0,5681.5,132,5.0,6.0,1.2,0.0,0.0
2020-03-22T20:40:21Z,Other,2020-03-22 21:35:12+00:00,-8.051970481872559,-34.94917678833008,11.0,5681.5,130,0.0,0.0,,0.0,
2020-03-22T20:40:21Z,Other,2020-03-22 21:35:17+00:00,-8.051911354064941,-34.949180603027344,11.0,5688.6,128,5.0,7.100000000000364,1.4200000000000728,0.0,0.0
2020-03-22T20:40:21Z,Other,2020-03-22 21:35:17+00:00,-8.051911354064941,-34.949180603027344,11.0,5688.6,128,0.0,0.0,,0.0,
2020-03-22T20:40:21Z,Other,2020-03-22 21:35:22+00:00,-8.051859855651855,-34.94916534423828,11.0,5694.6,128,5.0,6.0,1.2,0.0,0.0
2020-03-22T20:40:21Z,Other,2020-03-22 21:35:22+00:00,-8.051859855651855,-34.94916534423828,11.0,5694.6,128,0.0,0.0,,0.0,
2020-03-22T20:40:21Z,Other,2020-03-22 21:35:26+00:00,-8.051817893981934,-34.94914245605469,11.0,5699.7,126,4.0,5.099999999999454,1.2749999999998636,0.0,0.0
2020-03-22T20:40:21Z,Other,2020-03-22 21:35:26+00:00,-8.051817893981934,-34.94914245605469,11.0,5699.7,127,0.0,0.0,,0.0,
2020-03-22T20:40:21Z,Other,2020-03-22 21:35:31+00:00,-8.051764488220215,-34.9491081237793,11.0,5706.7,128,5.0,7.0,1.4,0.0,0.0
2020-03-22T20:40:21Z,Other,2020-03-22 21:35:31+00:00,-8.051764488220215,-34.9491081237793,11.0,5706.7,127,0.0,0.0,,0.0,
2020-03-22T20:40:21Z,Other,2020-03-22 21:35:36+00:00,-8.051732063293457,-34.94906234741211,11.0,5712.7,127,5.0,6.0,1.2,0.0,0.0
2020-03-22T20:40:21Z,Other,2020-03-22 21:35:36+00:00,-8.051732063293457,-34.94906234741211,11.0,5712.7,127,0.0,0.0,,0.0,
2020-03-22T20:40:21Z,Other,2020-03-22 21:35:41+00:00,-8.051713943481445,-34.949012756347656,11.0,5718.8,126,5.0,6.100000000000364,1.2200000000000728,0.0,0.0
2020-03-22T20:40:21Z,Other,2020-03-22 21:35:41+00:00,-8.051713943481445,-34.949012756347656,11.0,5718.8,126,0.0,0.0,,0.0,
2020-03-22T20:40:21Z,Other,2020-03-22 21:35:46+00:00,-8.05170726776123,-34.94895935058594,11.0,5724.8,126,5.0,6.0,1.2,0.0,0.0
2020-03-22T20:40:21Z,Other,2020-03-22 21:35:46+00:00,-8.05170726776123,-34.94895935058594,11.0,5724.8,126,0.0,0.0,,0.0,
2020-03-22T20:40:21Z,Other,2020-03-22 21:35:51+00:00,-8.051714897155762,-34.94889450073242,11.0,5731.9,126,5.0,7.099999999999454,1.419999999999891,0.0,0.0
2020-03-22T20:40:21Z,Other,2020-03-22 21:35:51+00:00,-8.051714897155762,-34.94889450073242,11.0,5731.9,126,0.0,0.0,,0.0,
2020-03-22T20:40:21Z,Other,2020-03-22 21:35:56+00:00,-8.051725387573242,-34.948829650878906,11.0,5738.9,126,5.0,7.0,1.4,0.0,0.0
2020-03-22T20:40:21Z,Other,2020-03-22 21:35:56+00:00,-8.051725387573242,-34.948829650878906,11.0,5738.9,126,0.0,0.0,,0.0,
2020-03-22T20:40:21Z,Other,2020-03-22 21:36:00+00:00,-8.051737785339355,-34.94878005981445,11.0,5745.0,127,4.0,6.100000000000364,1.525000000000091,0.0,0.0
2020-03-22T20:40:21Z,Other,2020-03-22 21:36:00+00:00,-8.051737785339355,-34.94878005981445,11.0,5745.0,127,0.0,0.0,,0.0,
2020-03-22T20:40:21Z,Other,2020-03-22 21:36:10+00:00,-8.051748275756836,-34.94873809814453,11.0,5750.0,127,10.0,5.0,0.5,0.0,0.0
2020-03-22T20:40:21Z,Other,2020-03-22 21:36:10+00:00,-8.051748275756836,-34.94873809814453,11.0,5750.0,128,0.0,0.0,,0.0,
