activity_id,sport_type,timestamp,latitude,longitude,altitude,distance,heart_rate,time_diff,distance_diff,calculated_speed,altitude_diff,gradient
2020-04-04T20:25:23Z,Running,2020-04-04 20:25:23+00:00,-8.051733016967773,-34.94853591918945,0.0,0.0,111,,,,,
2020-04-04T20:25:23Z,Running,2020-04-04 20:25:27+00:00,-8.051733016967773,-34.94853591918945,0.0,0.0,111,4.0,0.0,0.0,0.0,
2020-04-04T20:25:23Z,Running,2020-04-04 20:25:28+00:00,-8.051733016967773,-34.948543548583984,0.0,1.0,111,1.0,1.0,1.0,0.0,0.0
2020-04-04T20:25:23Z,Running,2020-04-04 20:25:28+00:00,-8.051733016967773,-34.948543548583984,0.0,1.0,111,0.0,0.0,,0.0,
2020-04-04T20:25:23Z,Running,2020-04-04 20:25:29+00:00,-8.05173397064209,-34.94854736328125,0.0,1.0,111,1.0,0.0,0.0,0.0,
2020-04-04T20:25:23Z,Running,2020-04-04 20:25:29+00:00,-8.05173397064209,-34.94854736328125,0.0,1.0,111,0.0,0.0,,0.0,
2020-04-04T20:25:23Z,Running,2020-04-04 20:25:30+00:00,-8.051733016967773,-34.94855499267578,0.0,2.0,111,1.0,1.0,1.0,0.0,0.0
2020-04-04T20:25:23Z,Running,2020-04-04 20:25:30+00:00,-8.051733016967773,-34.94855499267578,0.0,2.0,110,0.0,0.0,,0.0,
2020-04-04T20:25:23Z,Running,2020-04-04 20:25:31+00:00,-8.051733016967773,-34.94855880737305,0.0,2.0,110,1.0,0.0,0.0,0.0,
2020-04-04T20:25:23Z,Running,2020-04-04 20:25:31+00:00,-8.051733016967773,-34.94855880737305,0.0,2.0,110,0.0,0.0,,0.0,
2020-04-04T20:25:23Z,Running,2020-04-04 20:25:32+00:00,-8.05173110961914,-34.94856643676758,0.0,3.0,110,1.0,1.0,1.0,0.0,0.0
2020-04-04T20:25:23Z,Running,2020-04-04 20:25:32+00:00,-8.05173110961914,-34.94856643676758,0.0,3.0,110,0.0,0.0,,0.0,
2020-04-04T20:25:23Z,Running,2020-04-04 20:25:33+00:00,-8.051729202270508,-34.948577880859375,0.0,4.0,110,1.0,1.0,1.0,0.0,0.0
2020-04-04T20:25:23Z,Running,2020-04-04 20:25:33+00:00,-8.051729202270508,-34.948577880859375,0.0,4.0,110,0.0,0.0,,0.0,
2020-04-04T20:25:23Z,Running,2020-04-04 20:25:34+00:00,-8.051727294921875,-34.948585510253906,0.0,5.0,111,1.0,1.0,1.0,0.0,0.0
2020-04-04T20:25:23Z,Running,2020-04-04 20:25:34+00:00,-8.051727294921875,-34.948585510253906,0.0,5.0,111,0.0,0.0,,0.0,
2020-04-04T20:25:23Z,Running,2020-04-04 20:25:35+00:00,-8.051725387573242,-34.9485969543457,0.0,6.0,111,1.0,1.0,1.0,0.0,0.0
2020-04-04T20:25:23Z,Running,2020-04-04 20:25:35+00:00,-8.051725387573242,-34.9485969543457,0.0,6.0,111,0.0,0.0,,0.0,
2020-04-04T20:25:23Z,Running,2020-04-04 20:25:36+00:00,-8.051722526550293,-34.9486083984375,0.0,7.0,111,1.0,1.0,1.0,0.0,0.0
2020-04-04T20:25:23Z,Running,2020-04-04 20:25:36+00:00,-8.051722526550293,-34.9486083984375,0.0,7.0,112,0.0,0.0,,0.0,
2020-04-04T20:25:23Z,Running,2020-04-04 20:25:37+00:00,-8.05172061920166,-34.9486198425293,12.0,8.0,113,1.0,1.0,1.0,12.0,1200.0
2020-04-04T20:25:23Z,Running,2020-04-04 20:25:37+00:00,-8.05172061920166,-34.9486198425293,12.0,8.0,114,0.0,0.0,,0.0,
2020-04-04T20:25:23Z,Running,2020-04-04 20:25:38+00:00,-8.051717758178711,-34.94862747192383,12.0,9.1,115,1.0,1.0999999999999996,1.0999999999999996,0.0,0.0
2020-04-04T20:25:23Z,Running,2020-04-04 20:25:38+00:00,-8.051717758178711,-34.94862747192383,12.0,9.1,115,0.0,0.0,,0.0,
2020-04-04T20:25:23Z,Running,2020-04-04 20:25:39+00:00,-8.051714897155762,-34.948638916015625,12.0,10.1,116,1.0,1.0,1.0,0.0,0.0
2020-04-04T20:25:23Z,Running,2020-04-04 20:25:39+00:00,-8.051714897155762,-34.948638916015625,12.0,10.1,117,0.0,0.0,,0.0,
2020-04-04T20:25:23Z,Running,2020-04-04 20:25:43+00:00,-8.05171012878418,-34.948692321777344,12.0,16.1,119,4.0,6.000000000000002,1.5000000000000004,0.0,0.0
2020-04-04T20:25:23Z,Running,2020-04-04 20:25:43+00:00,-8.05171012878418,-34.948692321777344,12.0,16.1,119,0.0,0.0,,0.0,
2020-04-04T20:25:23Z,Running,2020-04-04 20:25:48+00:00,-8.051705360412598,-34.94875717163086,15.0,23.1,121,5.0,7.0,1.4,3.0,42.857142857142854
2020-04-04T20:25:23Z,Running,2020-04-04 20:25:48+00:00,-8.051705360412598,-34.94875717163086,15.0,23.1,121,0.0,0.0,,0.0,
2020-04-04T20:25:23Z,Running,2020-04-04 20:25:52+00:00,-8.0516996383667,-34.94881057739258,16.0,29.2,120,4.0,6.099999999999998,1.5249999999999995,1.0,16.393442622950825
2020-04-04T20:25:23Z,Running,2020-04-04 20:25:52+00:00,-8.0516996383667,-34.94881057739258,16.0,29.2,119,0.0,0.0,,0.0,
2020-04-04T20:25:23Z,Running,2020-04-04 20:25:56+00:00,-8.051692008972168,-34.94886016845703,16.0,35.2,119,4.0,6.0000000000000036,1.5000000000000009,0.0,0.0
2020-04-04T20:25:23Z,Running,2020-04-04 20:25:56+00:00,-8.051692008972168,-34.94886016845703,16.0,35.2,119,0.0,0.0,,0.0,
2020-04-04T20:25:23Z,Running,2020-04-04 20:26:01+00:00,-8.051677703857422,-34.94892120361328,21.0,42.3,119,5.0,7.099999999999994,1.4199999999999988,5.0,70.42253521126767
2020-04-04T20:25:23Z,Running,2020-04-04 20:26:01+00:00,-8.051677703857422,-34.94892120361328,21.0,42.3,121,0.0,0.0,,0.0,
2020-04-04T20:25:23Z,Running,2020-04-04 20:26:05+00:00,-8.051673889160156,-34.948978424072266,24.0,48.3,118,4.0,6.0,1.5,3.0,50.0
2020-04-04T20:25:23Z,Running,2020-04-04 20:26:05+00:00,-8.051673889160156,-34.948978424072266,24.0,48.3,118,0.0,0.0,,0.0,
2020-04-04T20:25:23Z,Running,2020-04-04 20:26:09+00:00,-8.051665306091309,-34.949031829833984,27.0,54.3,117,4.0,6.0,1.5,3.0,50.0
2020-04-04T20:25:23Z,Running,2020-04-04 20:26:09+00:00,-8.051665306091309,-34.949031829833984,27.0,54.3,117,0.0,0.0,,0.0,
2020-04-04T20:25:23Z,Running,2020-04-04 20:26:13+00:00,-8.051648139953613,-34.94908905029297,28.0,61.4,116,4.0,7.100000000000001,1.7750000000000004,1.0,14.084507042253518
2020-04-04T20:25:23Z,Running,2020-04-04 20:26:13+00:00,-8.051648139953613,-34.94908905029297,28.0,61.4,116,0.0,0.0,,0.0,
2020-04-04T20:25:23Z,Running,2020-04-04 20:26:17+00:00,-8.051630020141602,-34.94914627075195,30.0,68.4,115,4.0,7.000000000000007,1.7500000000000018,2.0,28.57142857142854
2020-04-04T20:25:23Z,Running,2020-04-04 20:26:17+00:00,-8.051630020141602,-34.94914627075195,30.0,68.4,114,0.0,0.0,,0.0,
2020-04-04T20:25:23Z,Running,2020-04-04 20:26:21+00:00,-8.051623344421387,-34.94920349121094,32.0,74.4,114,4.0,6.0,1.5,2.0,33.33333333333333
2020-04-04T20:25:23Z,Running,2020-04-04 20:26:21+00:00,-8.051623344421387,-34.94920349121094,32.0,74.4,113,0.0,0.0,,0.0,
2020-04-04T20:25:23Z,Running,2020-04-04 20:26:25+00:00,-8.051615715026855,-34.94926071166992,33.0,80.5,109,4.0,6.099999999999994,1.5249999999999986,1.0,16.393442622950836
2020-04-04T20:25:23Z,Running,2020-04-04 20:26:25+00:00,-8.051615715026855,-34.94926071166992,33.0,80.5,109,0.0,0.0,,0.0,
2020-04-04T20:25:23Z,Running,2020-04-04 20:26:28+00:00,-8.051604270935059,-34.94930648803711,33.0,85.5,109,3.0,5.0,1.6666666666666667,0.0,0.0
2020-04-04T20:25:23Z,Running,2020-04-04 20:26:28+00:00,-8.051604270935059,-34.94930648803711,33.0,85.5,109,0.0,0.0,,0.0,
2020-04-04T20:25:23Z,Running,2020-04-04 20:26:32+00:00,-8.051597595214844,-34.949363708496094,35.0,91.5,108,4.0,6.0,1.5,2.0,33.33333333333333
2020-04-04T20:25:23Z,Running,2020-04-04 20:26:32+00:00,-8.051597595214844,-34.949363708496094,35.0,91.5,108,0.0,0.0,,0.0,
2020-04-04T20:25:23Z,Running,2020-04-04 20:26:36+00:00,-8.051589012145996,-34.94941711425781,36.0,97.6,109,4.0,6.099999999999994,1.5249999999999986,1.0,16.393442622950836
2020-04-04T20:25:23Z,Running,2020-04-04 20:26:36+00:00,-8.051589012145996,-34.94941711425781,36.0,97.6,111,0.0,0.0,,0.0,
2020-04-04T20:25:23Z,Running,2020-04-04 20:26:40+00:00,-8.051576614379883,-34.9494743347168,37.0,103.6,109,4.0,6.0,1.5,1.0,16.666666666666664
2020-04-04T20:25:23Z,Running,2020-04-04 20:26:40+00:00,-8.051576614379883,-34.9494743347168,37.0,103.6,109,0.0,0.0,,0.0,
2020-04-04T20:25:23Z,Running,2020-04-04 20:26:44+00:00,-8.051566123962402,-34.94953155517578,39.0,109.7,110,4.0,6.1000000000000085,1.5250000000000021,2.0,32.786885245901594
2020-04-04T20:25:23Z,Running,2020-04-04 20:26:44+00:00,-8.051566123962402,-34.94953155517578,39.0,109.7,110,0.0,0.0,,0.0,
2020-04-04T20:25:23Z,Running,2020-04-04 20:26:48+00:00,-8.05156135559082,-34.94959259033203,39.0,116.7,111,4.0,7.0,1.75,0.0,0.0
2020-04-04T20:25:23Z,Running,2020-04-04 20:26:48+00:00,-8.05156135559082,-34.94959259033203,39.0,116.7,111,0.0,0.0,,0.0,
2020-04-04T20:25:23Z,Running,2020-04-04 20:26:52+00:00,-8.051558494567871,-34.94964599609375,40.0,122.7,113,4.0,6.0,1.5,1.0,16.666666666666664
2020-04-04T20:25:23Z,Running,2020-04-04 20:26:52+00:00,-8.051558494567871,-34.94964599609375,40.0,122.7,113,0.0,0.0,,0.0,
2020-04-04T20:25:23Z,Running,2020-04-04 20:26:56+00:00,-8.051552772521973,-34.949710845947266,41.0,129.8,113,4.0,7.1000000000000085,1.7750000000000021,1.0,14.084507042253506
2020-04-04T20:25:23Z,Running,2020-04-04 20:26:56+00:00,-8.051552772521973,-34.949710845947266,41.0,129.8,112,0.0,0.0,,0.0,
2020-04-04T20:25:23Z,Running,2020-04-04 20:27:00+00:00,-8.051541328430176,-34.94976806640625,42.0,135.8,110,4.0,6.0,1.5,1.0,16.666666666666664
2020-04-04T20:25:23Z,Running,2020-04-04 20:27:00+00:00,-8.051541328430176,-34.94976806640625,42.0,135.8,111,0.0,0.0,,0.0,
2020-04-04T20:25:23Z,Running,2020-04-04 20:27:04+00:00,-8.051541328430176,-34.9498291015625,42.0,142.9,110,4.0,7.099999999999994,1.7749999999999986,0.0,0.0
2020-04-04T20:25:23Z,Running,2020-04-04 20:27:04+00:00,-8.051541328430176,-34.9498291015625,42.0,142.9,111,0.0,0.0,,0.0,
2020-04-04T20:25:23Z,Running,2020-04-04 20:27:08+00:00,-8.051538467407227,-34.94989013671875,42.0,149.9,116,4.0,7.0,1.75,0.0,0.0
2020-04-04T20:25:23Z,Running,2020-04-04 20:27:08+00:00,-8.051538467407227,-34.94989013671875,42.0,149.9,116,0.0,0.0,,0.0,
2020-04-04T20:25:23Z,Running,2020-04-04 20:27:12+00:00,-8.05153751373291,-34.949947357177734,44.0,155.9,117,4.0,6.0,1.5,2.0,33.33333333333333
2020-04-04T20:25:23Z,Running,2020-04-04 20:27:12+00:00,-8.05153751373291,-34.949947357177734,44.0,155.9,118,0.0,0.0,,0.0,
2020-04-04T20:25:23Z,Running,2020-04-04 20:27:16+00:00,-8.051525115966797,-34.950008392333984,45.0,163.0,122,4.0,7.099999999999994,1.7749999999999986,1.0,14.084507042253533
2020-04-04T20:25:23Z,Running,2020-04-04 20:27:16+00:00,-8.051525115966797,-34.950008392333984,45.0,163.0,122,0.0,0.0,,0.0,
2020-04-04T20:25:23Z,Running,2020-04-04 20:27:20+00:00,-8.051509857177734,-34.9500617980957,45.0,169.0,124,4.0,6.0,1.5,0.0,0.0
2020-04-04T20:25:23Z,Running,2020-04-04 20:27:20+00:00,-8.051509857177734,-34.9500617980957,45.0,169.0,124,0.0,0.0,,0.0,
2020-04-04T20:25:23Z,Running,2020-04-04 20:27:25+00:00,-8.051497459411621,-34.95011520385742,46.0,175.0,124,5.0,6.0,1.2,1.0,16.666666666666664
2020-04-04T20:25:23Z,Running,2020-04-04 20:27:25+00:00,-8.051497459411621,-34.95011520385742,46.0,175.0,124,0.0,0.0,,0.0,
2020-04-04T20:25:23Z,Running,2020-04-04 20:27:30+00:00,-8.051490783691406,-34.9501838684082,48.0,183.1,124,5.0,8.099999999999994,1.6199999999999988,2.0,24.691358024691375
2020-04-04T20:25:23Z,Running,2020-04-04 20:27:30+00:00,-8.051490783691406,-34.9501838684082,48.0,183.1,124,0.0,0.0,,0.0,
2020-04-04T20:25:23Z,Running,2020-04-04 20:27:34+00:00,-8.051483154296875,-34.95024108886719,48.0,189.1,125,4.0,6.0,1.5,0.0,0.0
2020-04-04T20:25:23Z,Running,2020-04-04 20:27:34+00:00,-8.051483154296875,-34.95024108886719,48.0,189.1,125,0.0,0.0,,0.0,
2020-04-04T20:25:23Z,Running,2020-04-04 20:27:37+00:00,-8.05147647857666,-34.950294494628906,49.0,195.2,128,3.0,6.099999999999994,2.0333333333333314,1.0,16.393442622950836
2020-04-04T20:25:23Z,Running,2020-04-04 20:27:37+00:00,-8.05147647857666,-34.950294494628906,49.0,195.2,128,0.0,0.0,,0.0,
2020-04-04T20:25:23Z,Running,2020-04-04 20:27:41+00:00,-8.051465034484863,-34.95035171508789,49.0,201.2,128,4.0,6.0,1.5,0.0,0.0
2020-04-04T20:25:23Z,Running,2020-04-04 20:27:41+00:00,-8.051465034484863,-34.95035171508789,49.0,201.2,128,0.0,0.0,,0.0,
2020-04-04T20:25:23Z,Running,2020-04-04 20:27:45+00:00,-8.051443099975586,-34.950408935546875,50.0,208.2,130,4.0,7.0,1.75,1.0,14.285714285714285
2020-04-04T20:25:23Z,Running,2020-04-04 20:27:45+00:00,-8.051443099975586,-34.950408935546875,50.0,208.2,130,0.0,0.0,,0.0,
2020-04-04T20:25:23Z,Running,2020-04-04 20:27:49+00:00,-8.051420211791992,-34.95045852661133,50.0,214.3,130,4.0,6.100000000000023,1.5250000000000057,0.0,0.0
2020-04-04T20:25:23Z,Running,2020-04-04 20:27:49+00:00,-8.051420211791992,-34.95045852661133,50.0,214.3,129,0.0,0.0,,0.0,
2020-04-04T20:25:23Z,Running,2020-04-04 20:27:53+00:00,-8.051385879516602,-34.95050048828125,51.0,220.3,129,4.0,6.0,1.5,1.0,16.666666666666664
2020-04-04T20:25:23Z,Running,2020-04-04 20:27:53+00:00,-8.051385879516602,-34.95050048828125,51.0,220.3,129,0.0,0.0,,0.0,
2020-04-04T20:25:23Z,Running,2020-04-04 20:27:57+00:00,-8.051345825195312,-34.95053482055664,52.0,226.4,128,4.0,6.099999999999994,1.5249999999999986,1.0,16.393442622950836
2020-04-04T20:25:23Z,Running,2020-04-04 20:27:57+00:00,-8.051345825195312,-34.95053482055664,52.0,226.4,128,0.0,0.0,,0.0,
2020-04-04T20:25:23Z,Running,2020-04-04 20:28:02+00:00,-8.051290512084961,-34.950557708740234,52.0,233.4,128,5.0,7.0,1.4,0.0,0.0
2020-04-04T20:25:23Z,Running,2020-04-04 20:28:02+00:00,-8.051290512084961,-34.950557708740234,52.0,233.4,129,0.0,0.0,,0.0,
2020-04-04T20:25:23Z,Running,2020-04-04 20:28:06+00:00,-8.05123233795166,-34.95056915283203,54.0,240.4,132,4.0,7.0,1.75,2.0,28.57142857142857
2020-04-04T20:25:23Z,Running,2020-04-04 20:28:06+00:00,-8.05123233795166,-34.95056915283203,54.0,240.4,132,0.0,0.0,,0.0,
2020-04-04T20:25:23Z,Running,2020-04-04 20:28:10+00:00,-8.051177978515625,-34.95056915283203,54.0,246.5,133,4.0,6.099999999999994,1.5249999999999986,0.0,0.0
2020-04-04T20:25:23Z,Running,2020-04-04 20:28:10+00:00,-8.051177978515625,-34.95056915283203,54.0,246.5,133,0.0,0.0,,0.0,
2020-04-04T20:25:23Z,Running,2020-04-04 20:28:14+00:00,-8.051115989685059,-34.95056915283203,55.0,253.5,133,4.0,7.0,1.75,1.0,14.285714285714285
2020-04-04T20:25:23Z,Running,2020-04-04 20:28:14+00:00,-8.051115989685059,-34.95056915283203,55.0,253.5,133,0.0,0.0,,0.0,
2020-04-04T20:25:23Z,Running,2020-04-04 20:28:18+00:00,-8.051060676574707,-34.950565338134766,55.0,259.5,133,4.0,6.0,1.5,0.0,0.0
2020-04-04T20:25:23Z,Running,2020-04-04 20:28:18+00:00,-8.051060676574707,-34.950565338134766,55.0,259.5,133,0.0,0.0,,0.0,
2020-04-04T20:25:23Z,Running,2020-04-04 20:28:23+00:00,-8.050999641418457,-34.950557708740234,56.0,266.6,132,5.0,7.100000000000023,1.4200000000000046,1.0,14.084507042253477
2020-04-04T20:25:23Z,Running,2020-04-04 20:28:23+00:00,-8.050999641418457,-34.950557708740234,56.0,266.6,132,0.0,0.0,,0.0,
2020-04-04T20:25:23Z,Running,2020-04-04 20:28:28+00:00,-8.050947189331055,-34.95054626464844,57.0,272.6,132,5.0,6.0,1.2,1.0,16.666666666666664
2020-04-04T20:25:23Z,Running,2020-04-04 20:28:28+00:00,-8.050947189331055,-34.95054626464844,57.0,272.6,133,0.0,0.0,,0.0,
2020-04-04T20:25:23Z,Running,2020-04-04 20:28:33+00:00,-8.05087947845459,-34.95054244995117,57.0,280.7,134,5.0,8.099999999999966,1.6199999999999932,0.0,0.0
2020-04-04T20:25:23Z,Running,2020-04-04 20:28:33+00:00,-8.05087947845459,-34.95054244995117,57.0,280.7,134,0.0,0.0,,0.0,
2020-04-04T20:25:23Z,Running,2020-04-04 20:28:37+00:00,-8.050821304321289,-34.95054244995117,58.0,286.7,135,4.0,6.0,1.5,1.0,16.666666666666664
2020-04-04T20:25:23Z,Running,2020-04-04 20:28:37+00:00,-8.050821304321289,-34.95054244995117,58.0,286.7,135,0.0,0.0,,0.0,
2020-04-04T20:25:23Z,Running,2020-04-04 20:28:41+00:00,-8.050761222839355,-34.95053482055664,58.0,293.8,134,4.0,7.100000000000023,1.7750000000000057,0.0,0.0
2020-04-04T20:25:23Z,Running,2020-04-04 20:28:41+00:00,-8.050761222839355,-34.95053482055664,58.0,293.8,134,0.0,0.0,,0.0,
2020-04-04T20:25:23Z,Running,2020-04-04 20:28:45+00:00,-8.050699234008789,-34.95052719116211,58.0,300.8,135,4.0,7.0,1.75,0.0,0.0
2020-04-04T20:25:23Z,Running,2020-04-04 20:28:45+00:00,-8.050699234008789,-34.95052719116211,58.0,300.8,135,0.0,0.0,,0.0,
2020-04-04T20:25:23Z,Running,2020-04-04 20:28:48+00:00,-8.05064868927002,-34.95051956176758,60.0,306.8,134,3.0,6.0,2.0,2.0,33.33333333333333
2020-04-04T20:25:23Z,Running,2020-04-04 20:28:48+00:00,-8.05064868927002,-34.95051956176758,60.0,306.8,134,0.0,0.0,,0.0,
2020-04-04T20:25:23Z,Running,2020-04-04 20:28:52+00:00,-8.050592422485352,-34.95050811767578,60.0,312.9,133,4.0,6.099999999999966,1.5249999999999915,0.0,0.0
2020-04-04T20:25:23Z,Running,2020-04-04 20:28:52+00:00,-8.050592422485352,-34.95050811767578,60.0,312.9,133,0.0,0.0,,0.0,
2020-04-04T20:25:23Z,Running,2020-04-04 20:28:56+00:00,-8.050532341003418,-34.95051193237305,60.0,319.9,134,4.0,7.0,1.75,0.0,0.0
2020-04-04T20:25:23Z,Running,2020-04-04 20:28:56+00:00,-8.050532341003418,-34.95051193237305,60.0,319.9,134,0.0,0.0,,0.0,
2020-04-04T20:25:23Z,Running,2020-04-04 20:29:00+00:00,-8.050472259521484,-34.95050811767578,60.0,327.0,134,4.0,7.100000000000023,1.7750000000000057,0.0,0.0
2020-04-04T20:25:23Z,Running,2020-04-04 20:29:00+00:00,-8.050472259521484,-34.95050811767578,60.0,327.0,134,0.0,0.0,,0.0,
2020-04-04T20:25:23Z,Running,2020-04-04 20:29:04+00:00,-8.050409317016602,-34.950504302978516,61.0,334.0,134,4.0,7.0,1.75,1.0,14.285714285714285
2020-04-04T20:25:23Z,Running,2020-04-04 20:29:04+00:00,-8.050409317016602,-34.950504302978516,61.0,334.0,134,0.0,0.0,,0.0,
2020-04-04T20:25:23Z,Running,2020-04-04 20:29:08+00:00,-8.050352096557617,-34.95049285888672,61.0,340.0,135,4.0,6.0,1.5,0.0,0.0
2020-04-04T20:25:23Z,Running,2020-04-04 20:29:08+00:00,-8.050352096557617,-34.95049285888672,61.0,340.0,135,0.0,0.0,,0.0,
2020-04-04T20:25:23Z,Running,2020-04-04 20:29:12+00:00,-8.050299644470215,-34.95049285888672,61.0,346.1,136,4.0,6.100000000000023,1.5250000000000057,0.0,0.0
2020-04-04T20:25:23Z,Running,2020-04-04 20:29:12+00:00,-8.050299644470215,-34.95049285888672,61.0,346.1,136,0.0,0.0,,0.0,
2020-04-04T20:25:23Z,Running,2020-04-04 20:29:16+00:00,-8.050244331359863,-34.95048522949219,62.0,352.1,138,4.0,6.0,1.5,1.0,16.666666666666664
2020-04-04T20:25:23Z,Running,2020-04-04 20:29:16+00:00,-8.050244331359863,-34.95048522949219,62.0,352.1,138,0.0,0.0,,0.0,
2020-04-04T20:25:23Z,Running,2020-04-04 20:29:20+00:00,-8.050193786621094,-34.95048141479492,62.0,358.1,138,4.0,6.0,1.5,0.0,0.0
2020-04-04T20:25:23Z,Running,2020-04-04 20:29:20+00:00,-8.050193786621094,-34.95048141479492,62.0,358.1,138,0.0,0.0,,0.0,
2020-04-04T20:25:23Z,Running,2020-04-04 20:29:24+00:00,-8.050139427185059,-34.950469970703125,62.0,364.2,139,4.0,6.099999999999966,1.5249999999999915,0.0,0.0
2020-04-04T20:25:23Z,Running,2020-04-04 20:29:24+00:00,-8.050139427185059,-34.950469970703125,62.0,364.2,139,0.0,0.0,,0.0,
2020-04-04T20:25:23Z,Running,2020-04-04 20:29:28+00:00,-8.050079345703125,-34.95046615600586,63.0,371.2,139,4.0,7.0,1.75,1.0,14.285714285714285
2020-04-04T20:25:23Z,Running,2020-04-04 20:29:28+00:00,-8.050079345703125,-34.95046615600586,63.0,371.2,139,0.0,0.0,,0.0,
2020-04-04T20:25:23Z,Running,2020-04-04 20:29:31+00:00,-8.050031661987305,-34.95045852661133,63.0,376.2,138,3.0,5.0,1.6666666666666667,0.0,0.0
2020-04-04T20:25:23Z,Running,2020-04-04 20:29:31+00:00,-8.050031661987305,-34.95045852661133,63.0,376.2,137,0.0,0.0,,0.0,
2020-04-04T20:25:23Z,Running,2020-04-04 20:29:35+00:00,-8.049971580505371,-34.950443267822266,63.0,383.3,136,4.0,7.100000000000023,1.7750000000000057,0.0,0.0
2020-04-04T20:25:23Z,Running,2020-04-04 20:29:35+00:00,-8.049971580505371,-34.950443267822266,63.0,383.3,136,0.0,0.0,,0.0,
2020-04-04T20:25:23Z,Running,2020-04-04 20:29:39+00:00,-8.049910545349121,-34.950435638427734,63.0,390.3,136,4.0,7.0,1.75,0.0,0.0
2020-04-04T20:25:23Z,Running,2020-04-04 20:29:39+00:00,-8.049910545349121,-34.950435638427734,63.0,390.3,136,0.0,0.0,,0.0,
2020-04-04T20:25:23Z,Running,2020-04-04 20:29:42+00:00,-8.049864768981934,-34.9504280090332,64.0,395.4,138,3.0,5.099999999999966,1.6999999999999886,1.0,19.60784313725503
2020-04-04T20:25:23Z,Running,2020-04-04 20:29:42+00:00,-8.049864768981934,-34.9504280090332,64.0,395.4,138,0.0,0.0,,0.0,
2020-04-04T20:25:23Z,Running,2020-04-04 20:29:46+00:00,-8.04980754852295,-34.95042037963867,64.0,401.4,139,4.0,6.0,1.5,0.0,0.0
2020-04-04T20:25:23Z,Running,2020-04-04 20:29:46+00:00,-8.04980754852295,-34.95042037963867,64.0,401.4,139,0.0,0.0,,0.0,
2020-04-04T20:25:23Z,Running,2020-04-04 20:29:50+00:00,-8.049749374389648,-34.950408935546875,64.0,408.4,139,4.0,7.0,1.75,0.0,0.0
2020-04-04T20:25:23Z,Running,2020-04-04 20:29:50+00:00,-8.049749374389648,-34.950408935546875,64.0,408.4,139,0.0,0.0,,0.0,
2020-04-04T20:25:23Z,Running,2020-04-04 20:29:54+00:00,-8.049694061279297,-34.950401306152344,64.0,414.5,140,4.0,6.100000000000023,1.5250000000000057,0.0,0.0
2020-04-04T20:25:23Z,Running,2020-04-04 20:29:54+00:00,-8.049694061279297,-34.950401306152344,64.0,414.5,140,0.0,0.0,,0.0,
2020-04-04T20:25:23Z,Running,2020-04-04 20:29:58+00:00,-8.049633979797363,-34.95038986206055,66.0,421.5,140,4.0,7.0,1.75,2.0,28.57142857142857
2020-04-04T20:25:23Z,Running,2020-04-04 20:29:58+00:00,-8.049633979797363,-34.95038986206055,66.0,421.5,140,0.0,0.0,,0.0,
2020-04-04T20:25:23Z,Running,2020-04-04 20:30:02+00:00,-8.049575805664062,-34.95037841796875,66.0,428.6,139,4.0,7.100000000000023,1.7750000000000057,0.0,0.0
2020-04-04T20:25:23Z,Running,2020-04-04 20:30:02+00:00,-8.049575805664062,-34.95037841796875,66.0,428.6,139,0.0,0.0,,0.0,
2020-04-04T20:25:23Z,Running,2020-04-04 20:30:06+00:00,-8.049517631530762,-34.95037078857422,66.0,434.6,140,4.0,6.0,1.5,0.0,0.0
2020-04-04T20:25:23Z,Running,2020-04-04 20:30:06+00:00,-8.049517631530762,-34.95037078857422,66.0,434.6,139,0.0,0.0,,0.0,
2020-04-04T20:25:23Z,Running,2020-04-04 20:30:10+00:00,-8.04946231842041,-34.95036315917969,66.0,440.6,139,4.0,6.0,1.5,0.0,0.0
2020-04-04T20:25:23Z,Running,2020-04-04 20:30:10+00:00,-8.04946231842041,-34.95036315917969,66.0,440.6,138,0.0,0.0,,0.0,
2020-04-04T20:25:23Z,Running,2020-04-04 20:30:16+00:00,-8.049410820007324,-34.95035934448242,64.0,446.7,138,6.0,6.099999999999966,1.016666666666661,-2.0,-32.78688524590182
2020-04-04T20:25:23Z,Running,2020-04-04 20:30:16+00:00,-8.049410820007324,-34.95035934448242,64.0,446.7,139,0.0,0.0,,0.0,
2020-04-04T20:25:23Z,Running,2020-04-04 20:30:21+00:00,-8.049348831176758,-34.95035934448242,66.0,453.7,139,5.0,7.0,1.4,2.0,28.57142857142857
2020-04-04T20:25:23Z,Running,2020-04-04 20:30:21+00:00,-8.049348831176758,-34.95035934448242,66.0,453.7,140,0.0,0.0,,0.0,
2020-04-04T20:25:23Z,Running,2020-04-04 20:30:26+00:00,-8.049281120300293,-34.950355529785156,66.0,461.8,139,5.0,8.100000000000023,1.6200000000000045,0.0,0.0
2020-04-04T20:25:23Z,Running,2020-04-04 20:30:26+00:00,-8.049281120300293,-34.950355529785156,66.0,461.8,138,0.0,0.0,,0.0,
2020-04-04T20:25:23Z,Running,2020-04-04 20:30:30+00:00,-8.049224853515625,-34.95035171508789,66.0,467.8,138,4.0,6.0,1.5,0.0,0.0
2020-04-04T20:25:23Z,Running,2020-04-04 20:30:30+00:00,-8.049224853515625,-34.95035171508789,66.0,467.8,138,0.0,0.0,,0.0,
2020-04-04T20:25:23Z,Running,2020-04-04 20:30:34+00:00,-8.04916763305664,-34.950347900390625,66.0,473.8,140,4.0,6.0,1.5,0.0,0.0
2020-04-04T20:25:23Z,Running,2020-04-04 20:30:34+00:00,-8.04916763305664,-34.950347900390625,66.0,473.8,140,0.0,0.0,,0.0,
2020-04-04T20:25:23Z,Running,2020-04-04 20:30:38+00:00,-8.049110412597656,-34.95034408569336,66.0,479.9,139,4.0,6.099999999999966,1.5249999999999915,0.0,0.0
2020-04-04T20:25:23Z,Running,2020-04-04 20:30:38+00:00,-8.049110412597656,-34.95034408569336,66.0,479.9,139,0.0,0.0,,0.0,
2020-04-04T20:25:23Z,Running,2020-04-04 20:30:42+00:00,-8.049057006835938,-34.950340270996094,66.0,485.9,141,4.0,6.0,1.5,0.0,0.0
2020-04-04T20:25:23Z,Running,2020-04-04 20:30:42+00:00,-8.049057006835938,-34.950340270996094,66.0,485.9,141,0.0,0.0,,0.0,
2020-04-04T20:25:23Z,Running,2020-04-04 20:30:46+00:00,-8.048995018005371,-34.95033645629883,66.0,492.9,140,4.0,7.0,1.75,0.0,0.0
2020-04-04T20:25:23Z,Running,2020-04-04 20:30:46+00:00,-8.048995018005371,-34.95033645629883,66.0,492.9,140,0.0,0.0,,0.0,
2020-04-04T20:25:23Z,Running,2020-04-04 20:30:50+00:00,-8.048941612243652,-34.95033264160156,66.0,499.0,141,4.0,6.100000000000023,1.5250000000000057,0.0,0.0
2020-04-04T20:25:23Z,Running,2020-04-04 20:30:50+00:00,-8.048941612243652,-34.95033264160156,66.0,499.0,141,0.0,0.0,,0.0,
2020-04-04T20:25:23Z,Running,2020-04-04 20:30:54+00:00,-8.048883438110352,-34.950340270996094,66.0,505.0,143,4.0,6.0,1.5,0.0,0.0
2020-04-04T20:25:23Z,Running,2020-04-04 20:30:54+00:00,-8.048883438110352,-34.950340270996094,66.0,505.0,143,0.0,0.0,,0.0,
2020-04-04T20:25:23Z,Running,2020-04-04 20:30:58+00:00,-8.048828125,-34.950355529785156,66.0,511.1,142,4.0,6.100000000000023,1.5250000000000057,0.0,0.0
2020-04-04T20:25:23Z,Running,2020-04-04 20:30:58+00:00,-8.048828125,-34.950355529785156,66.0,511.1,141,0.0,0.0,,0.0,
2020-04-04T20:25:23Z,Running,2020-04-04 20:31:02+00:00,-8.04877758026123,-34.95037841796875,66.0,517.1,142,4.0,6.0,1.5,0.0,0.0
2020-04-04T20:25:23Z,Running,2020-04-04 20:31:02+00:00,-8.04877758026123,-34.95037841796875,66.0,517.1,142,0.0,0.0,,0.0,
2020-04-04T20:25:23Z,Running,2020-04-04 20:31:06+00:00,-8.048727989196777,-34.950408935546875,66.0,523.1,142,4.0,6.0,1.5,0.0,0.0
2020-04-04T20:25:23Z,Running,2020-04-04 20:31:06+00:00,-8.048727989196777,-34.950408935546875,66.0,523.1,142,0.0,0.0,,0.0,
2020-04-04T20:25:23Z,Running,2020-04-04 20:31:10+00:00,-8.048687934875488,-34.950439453125,66.0,529.2,144,4.0,6.100000000000023,1.5250000000000057,0.0,0.0
2020-04-04T20:25:23Z,Running,2020-04-04 20:31:10+00:00,-8.048687934875488,-34.950439453125,66.0,529.2,144,0.0,0.0,,0.0,
2020-04-04T20:25:23Z,Running,2020-04-04 20:31:14+00:00,-8.048653602600098,-34.95048141479492,66.0,535.2,143,4.0,6.0,1.5,0.0,0.0
2020-04-04T20:25:23Z,Running,2020-04-04 20:31:14+00:00,-8.048653602600098,-34.95048141479492,66.0,535.2,143,0.0,0.0,,0.0,
2020-04-04T20:25:23Z,Running,2020-04-04 20:31:18+00:00,-8.048626899719238,-34.95053482055664,66.0,542.2,143,4.0,7.0,1.75,0.0,0.0
2020-04-04T20:25:23Z,Running,2020-04-04 20:31:18+00:00,-8.048626899719238,-34.95053482055664,66.0,542.2,143,0.0,0.0,,0.0,
2020-04-04T20:25:23Z,Running,2020-04-04 20:31:21+00:00,-8.048616409301758,-34.95058059692383,66.0,547.3,143,3.0,5.099999999999909,1.6999999999999698,0.0,0.0
2020-04-04T20:25:23Z,Running,2020-04-04 20:31:21+00:00,-8.048616409301758,-34.95058059692383,66.0,547.3,143,0.0,0.0,,0.0,
2020-04-04T20:25:23Z,Running,2020-04-04 20:31:25+00:00,-8.048611640930176,-34.95064163208008,66.0,554.3,144,4.0,7.0,1.75,0.0,0.0
2020-04-04T20:25:23Z,Running,2020-04-04 20:31:25+00:00,-8.048611640930176,-34.95064163208008,66.0,554.3,144,0.0,0.0,,0.0,
2020-04-04T20:25:23Z,Running,2020-04-04 20:31:29+00:00,-8.048606872558594,-34.95070266723633,66.0,561.4,144,4.0,7.100000000000023,1.7750000000000057,0.0,0.0
2020-04-04T20:25:23Z,Running,2020-04-04 20:31:29+00:00,-8.048606872558594,-34.95070266723633,66.0,561.4,144,0.0,0.0,,0.0,
2020-04-04T20:25:23Z,Running,2020-04-04 20:31:33+00:00,-8.048605918884277,-34.95076370239258,66.0,568.4,145,4.0,7.0,1.75,0.0,0.0
2020-04-04T20:25:23Z,Running,2020-04-04 20:31:33+00:00,-8.048605918884277,-34.95076370239258,66.0,568.4,144,0.0,0.0,,0.0,
2020-04-04T20:25:23Z,Running,2020-04-04 20:31:37+00:00,-8.048602104187012,-34.950828552246094,66.0,575.4,144,4.0,7.0,1.75,0.0,0.0
2020-04-04T20:25:23Z,Running,2020-04-04 20:31:37+00:00,-8.048602104187012,-34.950828552246094,66.0,575.4,144,0.0,0.0,,0.0,
2020-04-04T20:25:23Z,Running,2020-04-04 20:31:41+00:00,-8.048592567443848,-34.95087814331055,66.0,581.5,144,4.0,6.100000000000023,1.5250000000000057,0.0,0.0
2020-04-04T20:25:23Z,Running,2020-04-04 20:31:41+00:00,-8.048592567443848,-34.95087814331055,66.0,581.5,145,0.0,0.0,,0.0,
2020-04-04T20:25:23Z,Running,2020-04-04 20:31:45+00:00,-8.048583030700684,-34.9509391784668,66.0,588.5,146,4.0,7.0,1.75,0.0,0.0
2020-04-04T20:25:23Z,Running,2020-04-04 20:31:45+00:00,-8.048583030700684,-34.9509391784668,66.0,588.5,146,0.0,0.0,,0.0,
2020-04-04T20:25:23Z,Running,2020-04-04 20:31:49+00:00,-8.048574447631836,-34.95100021362305,66.0,595.6,147,4.0,7.100000000000023,1.7750000000000057,0.0,0.0
2020-04-04T20:25:23Z,Running,2020-04-04 20:31:49+00:00,-8.048574447631836,-34.95100021362305,66.0,595.6,147,0.0,0.0,,0.0,
2020-04-04T20:25:23Z,Running,2020-04-04 20:31:53+00:00,-8.048572540283203,-34.9510612487793,66.0,602.6,147,4.0,7.0,1.75,0.0,0.0
2020-04-04T20:25:23Z,Running,2020-04-04 20:31:53+00:00,-8.048572540283203,-34.9510612487793,66.0,602.6,146,0.0,0.0,,0.0,
2020-04-04T20:25:23Z,Running,2020-04-04 20:31:57+00:00,-8.048566818237305,-34.95111846923828,66.0,608.6,146,4.0,6.0,1.5,0.0,0.0
2020-04-04T20:25:23Z,Running,2020-04-04 20:31:57+00:00,-8.048566818237305,-34.95111846923828,66.0,608.6,146,0.0,0.0,,0.0,
2020-04-04T20:25:23Z,Running,2020-04-04 20:32:01+00:00,-8.048561096191406,-34.951175689697266,66.0,614.7,147,4.0,6.100000000000023,1.5250000000000057,0.0,0.0
2020-04-04T20:25:23Z,Running,2020-04-04 20:32:01+00:00,-8.048561096191406,-34.951175689697266,66.0,614.7,147,0.0,0.0,,0.0,
2020-04-04T20:25:23Z,Running,2020-04-04 20:32:05+00:00,-8.048554420471191,-34.95123291015625,66.0,620.7,147,4.0,6.0,1.5,0.0,0.0
2020-04-04T20:25:23Z,Running,2020-04-04 20:32:05+00:00,-8.048554420471191,-34.95123291015625,66.0,620.7,147,0.0,0.0,,0.0,
2020-04-04T20:25:23Z,Running,2020-04-04 20:32:09+00:00,-8.04854965209961,-34.9512939453125,66.0,627.7,147,4.0,7.0,1.75,0.0,0.0
2020-04-04T20:25:23Z,Running,2020-04-04 20:32:09+00:00,-8.04854965209961,-34.9512939453125,66.0,627.7,147,0.0,0.0,,0.0,
2020-04-04T20:25:23Z,Running,2020-04-04 20:32:13+00:00,-8.04854965209961,-34.95135498046875,66.0,634.8,148,4.0,7.099999999999909,1.7749999999999773,0.0,0.0
2020-04-04T20:25:23Z,Running,2020-04-04 20:32:13+00:00,-8.04854965209961,-34.95135498046875,66.0,634.8,148,0.0,0.0,,0.0,
2020-04-04T20:25:23Z,Running,2020-04-04 20:32:17+00:00,-8.04854679107666,-34.95140838623047,66.0,640.8,147,4.0,6.0,1.5,0.0,0.0
2020-04-04T20:25:23Z,Running,2020-04-04 20:32:17+00:00,-8.04854679107666,-34.95140838623047,66.0,640.8,148,0.0,0.0,,0.0,
2020-04-04T20:25:23Z,Running,2020-04-04 20:32:21+00:00,-8.048550605773926,-34.951473236083984,66.0,647.9,151,4.0,7.100000000000023,1.7750000000000057,0.0,0.0
2020-04-04T20:25:23Z,Running,2020-04-04 20:32:21+00:00,-8.048550605773926,-34.951473236083984,66.0,647.9,151,0.0,0.0,,0.0,
2020-04-04T20:25:23Z,Running,2020-04-04 20:32:25+00:00,-8.048551559448242,-34.95153045654297,66.0,653.9,152,4.0,6.0,1.5,0.0,0.0
2020-04-04T20:25:23Z,Running,2020-04-04 20:32:25+00:00,-8.048551559448242,-34.95153045654297,66.0,653.9,150,0.0,0.0,,0.0,
2020-04-04T20:25:23Z,Running,2020-04-04 20:32:30+00:00,-8.048538208007812,-34.95159912109375,66.0,662.0,150,5.0,8.100000000000023,1.6200000000000045,0.0,0.0
2020-04-04T20:25:23Z,Running,2020-04-04 20:32:30+00:00,-8.048538208007812,-34.95159912109375,66.0,662.0,150,0.0,0.0,,0.0,
2020-04-04T20:25:23Z,Running,2020-04-04 20:32:34+00:00,-8.048532485961914,-34.95165252685547,66.0,668.0,149,4.0,6.0,1.5,0.0,0.0
2020-04-04T20:25:23Z,Running,2020-04-04 20:32:34+00:00,-8.048532485961914,-34.95165252685547,66.0,668.0,148,0.0,0.0,,0.0,
2020-04-04T20:25:23Z,Running,2020-04-04 20:32:38+00:00,-8.04852294921875,-34.95170974731445,66.0,674.0,151,4.0,6.0,1.5,0.0,0.0
2020-04-04T20:25:23Z,Running,2020-04-04 20:32:38+00:00,-8.04852294921875,-34.95170974731445,66.0,674.0,151,0.0,0.0,,0.0,
2020-04-04T20:25:23Z,Running,2020-04-04 20:32:42+00:00,-8.048514366149902,-34.95176315307617,66.0,680.1,151,4.0,6.100000000000023,1.5250000000000057,0.0,0.0
2020-04-04T20:25:23Z,Running,2020-04-04 20:32:42+00:00,-8.048514366149902,-34.95176315307617,66.0,680.1,151,0.0,0.0,,0.0,
2020-04-04T20:25:23Z,Running,2020-04-04 20:32:47+00:00,-8.048503875732422,-34.95182418823242,66.0,687.1,152,5.0,7.0,1.4,0.0,0.0
2020-04-04T20:25:23Z,Running,2020-04-04 20:32:47+00:00,-8.048503875732422,-34.95182418823242,66.0,687.1,153,0.0,0.0,,0.0,
2020-04-04T20:25:23Z,Running,2020-04-04 20:32:51+00:00,-8.048497200012207,-34.95187759399414,66.0,693.1,153,4.0,6.0,1.5,0.0,0.0
2020-04-04T20:25:23Z,Running,2020-04-04 20:32:51+00:00,-8.048497200012207,-34.95187759399414,66.0,693.1,152,0.0,0.0,,0.0,
2020-04-04T20:25:23Z,Running,2020-04-04 20:32:55+00:00,-8.048489570617676,-34.95193862915039,66.0,700.2,151,4.0,7.100000000000023,1.7750000000000057,0.0,0.0
2020-04-04T20:25:23Z,Running,2020-04-04 20:32:55+00:00,-8.048489570617676,-34.95193862915039,66.0,700.2,151,0.0,0.0,,0.0,
2020-04-04T20:25:23Z,Running,2020-04-04 20:32:59+00:00,-8.048487663269043,-34.951995849609375,66.0,706.2,153,4.0,6.0,1.5,0.0,0.0
2020-04-04T20:25:23Z,Running,2020-04-04 20:32:59+00:00,-8.048487663269043,-34.951995849609375,66.0,706.2,154,0.0,0.0,,0.0,
2020-04-04T20:25:23Z,Running,2020-04-04 20:33:02+00:00,-8.04848575592041,-34.952049255371094,66.0,712.3,156,3.0,6.099999999999909,2.033333333333303,0.0,0.0
2020-04-04T20:25:23Z,Running,2020-04-04 20:33:02+00:00,-8.04848575592041,-34.952049255371094,66.0,712.3,156,0.0,0.0,,0.0,
2020-04-04T20:25:23Z,Running,2020-04-04 20:33:06+00:00,-8.048480987548828,-34.952110290527344,66.0,719.3,156,4.0,7.0,1.75,0.0,0.0
2020-04-04T20:25:23Z,Running,2020-04-04 20:33:06+00:00,-8.048480987548828,-34.952110290527344,66.0,719.3,156,0.0,0.0,,0.0,
2020-04-04T20:25:23Z,Running,2020-04-04 20:33:10+00:00,-8.048478126525879,-34.952171325683594,66.0,726.3,158,4.0,7.0,1.75,0.0,0.0
2020-04-04T20:25:23Z,Running,2020-04-04 20:33:10+00:00,-8.048478126525879,-34.952171325683594,66.0,726.3,158,0.0,0.0,,0.0,
2020-04-04T20:25:23Z,Running,2020-04-04 20:33:14+00:00,-8.048480033874512,-34.95222854614258,66.0,732.4,159,4.0,6.100000000000023,1.5250000000000057,0.0,0.0
2020-04-04T20:25:23Z,Running,2020-04-04 20:33:14+00:00,-8.048480033874512,-34.95222854614258,66.0,732.4,159,0.0,0.0,,0.0,
2020-04-04T20:25:23Z,Running,2020-04-04 20:33:18+00:00,-8.048474311828613,-34.95228576660156,66.0,738.4,159,4.0,6.0,1.5,0.0,0.0
2020-04-04T20:25:23Z,Running,2020-04-04 20:33:18+00:00,-8.048474311828613,-34.95228576660156,66.0,738.4,158,0.0,0.0,,0.0,
2020-04-04T20:25:23Z,Running,2020-04-04 20:33:22+00:00,-8.048463821411133,-34.95233917236328,66.0,744.4,158,4.0,6.0,1.5,0.0,0.0
2020-04-04T20:25:23Z,Running,2020-04-04 20:33:22+00:00,-8.048463821411133,-34.95233917236328,66.0,744.4,158,0.0,0.0,,0.0,
2020-04-04T20:25:23Z,Running,2020-04-04 20:33:26+00:00,-8.048447608947754,-34.95240020751953,66.0,751.5,159,4.0,7.100000000000023,1.7750000000000057,0.0,0.0
2020-04-04T20:25:23Z,Running,2020-04-04 20:33:26+00:00,-8.048447608947754,-34.95240020751953,66.0,751.5,159,0.0,0.0,,0.0,
2020-04-04T20:25:23Z,Running,2020-04-04 20:33:30+00:00,-8.048439025878906,-34.952457427978516,66.0,757.5,160,4.0,6.0,1.5,0.0,0.0
2020-04-04T20:25:23Z,Running,2020-04-04 20:33:30+00:00,-8.048439025878906,-34.952457427978516,66.0,757.5,159,0.0,0.0,,0.0,
2020-04-04T20:25:23Z,Running,2020-04-04 20:33:34+00:00,-8.048433303833008,-34.9525146484375,66.0,763.6,160,4.0,6.100000000000023,1.5250000000000057,0.0,0.0
2020-04-04T20:25:23Z,Running,2020-04-04 20:33:34+00:00,-8.048433303833008,-34.9525146484375,66.0,763.6,160,0.0,0.0,,0.0,
2020-04-04T20:25:23Z,Running,2020-04-04 20:33:38+00:00,-8.04842758178711,-34.95257568359375,66.0,770.6,163,4.0,7.0,1.75,0.0,0.0
2020-04-04T20:25:23Z,Running,2020-04-04 20:33:38+00:00,-8.04842758178711,-34.95257568359375,66.0,770.6,163,0.0,0.0,,0.0,
2020-04-04T20:25:23Z,Running,2020-04-04 20:33:42+00:00,-8.048426628112793,-34.95263671875,66.0,777.6,165,4.0,7.0,1.75,0.0,0.0
2020-04-04T20:25:23Z,Running,2020-04-04 20:33:42+00:00,-8.048426628112793,-34.95263671875,66.0,777.6,165,0.0,0.0,,0.0,
2020-04-04T20:25:23Z,Running,2020-04-04 20:33:46+00:00,-8.048431396484375,-34.95269012451172,66.0,783.7,165,4.0,6.100000000000023,1.5250000000000057,0.0,0.0
2020-04-04T20:25:23Z,Running,2020-04-04 20:33:46+00:00,-8.048431396484375,-34.95269012451172,66.0,783.7,165,0.0,0.0,,0.0,
2020-04-04T20:25:23Z,Running,2020-04-04 20:33:50+00:00,-8.04844856262207,-34.9527473449707,66.0,790.7,166,4.0,7.0,1.75,0.0,0.0
2020-04-04T20:25:23Z,Running,2020-04-04 20:33:50+00:00,-8.04844856262207,-34.9527473449707,66.0,790.7,165,0.0,0.0,,0.0,
2020-04-04T20:25:23Z,Running,2020-04-04 20:33:54+00:00,-8.048479080200195,-34.95280075073242,66.0,797.8,165,4.0,7.099999999999909,1.7749999999999773,0.0,0.0
2020-04-04T20:25:23Z,Running,2020-04-04 20:33:54+00:00,-8.048479080200195,-34.95280075073242,66.0,797.8,165,0.0,0.0,,0.0,
2020-04-04T20:25:23Z,Running,2020-04-04 20:33:58+00:00,-8.048516273498535,-34.95284652709961,66.0,804.8,165,4.0,7.0,1.75,0.0,0.0
2020-04-04T20:25:23Z,Running,2020-04-04 20:33:58+00:00,-8.048516273498535,-34.95284652709961,66.0,804.8,165,0.0,0.0,,0.0,
2020-04-04T20:25:23Z,Running,2020-04-04 20:34:02+00:00,-8.048555374145508,-34.95288848876953,66.0,810.8,164,4.0,6.0,1.5,0.0,0.0
2020-04-04T20:25:23Z,Running,2020-04-04 20:34:02+00:00,-8.048555374145508,-34.95288848876953,66.0,810.8,162,0.0,0.0,,0.0,
2020-04-04T20:25:23Z,Running,2020-04-04 20:34:07+00:00,-8.048605918884277,-34.952919006347656,66.0,817.9,160,5.0,7.100000000000023,1.4200000000000046,0.0,0.0
2020-04-04T20:25:23Z,Running,2020-04-04 20:34:07+00:00,-8.048605918884277,-34.952919006347656,66.0,817.9,159,0.0,0.0,,0.0,
2020-04-04T20:25:23Z,Running,2020-04-04 20:34:11+00:00,-8.04865837097168,-34.95293426513672,66.0,823.9,157,4.0,6.0,1.5,0.0,0.0
2020-04-04T20:25:23Z,Running,2020-04-04 20:34:11+00:00,-8.04865837097168,-34.95293426513672,66.0,823.9,157,0.0,0.0,,0.0,
2020-04-04T20:25:23Z,Running,2020-04-04 20:34:15+00:00,-8.048713684082031,-34.952938079833984,66.0,830.0,156,4.0,6.100000000000023,1.5250000000000057,0.0,0.0
2020-04-04T20:25:23Z,Running,2020-04-04 20:34:15+00:00,-8.048713684082031,-34.952938079833984,66.0,830.0,156,0.0,0.0,,0.0,
2020-04-04T20:25:23Z,Running,2020-04-04 20:34:19+00:00,-8.048768997192383,-34.952945709228516,66.0,836.0,157,4.0,6.0,1.5,0.0,0.0
2020-04-04T20:25:23Z,Running,2020-04-04 20:34:19+00:00,-8.048768997192383,-34.952945709228516,66.0,836.0,157,0.0,0.0,,0.0,
2020-04-04T20:25:23Z,Running,2020-04-04 20:34:23+00:00,-8.048829078674316,-34.95295715332031,66.0,843.0,158,4.0,7.0,1.75,0.0,0.0
2020-04-04T20:25:23Z,Running,2020-04-04 20:34:23+00:00,-8.048829078674316,-34.95295715332031,66.0,843.0,158,0.0,0.0,,0.0,
2020-04-04T20:25:23Z,Running,2020-04-04 20:34:27+00:00,-8.048887252807617,-34.952964782714844,67.0,849.1,159,4.0,6.100000000000023,1.5250000000000057,1.0,16.393442622950758
2020-04-04T20:25:23Z,Running,2020-04-04 20:34:27+00:00,-8.048887252807617,-34.952964782714844,67.0,849.1,159,0.0,0.0,,0.0,
2020-04-04T20:25:23Z,Running,2020-04-04 20:34:31+00:00,-8.048940658569336,-34.95297622680664,67.0,855.1,159,4.0,6.0,1.5,0.0,0.0
2020-04-04T20:25:23Z,Running,2020-04-04 20:34:31+00:00,-8.048940658569336,-34.95297622680664,67.0,855.1,159,0.0,0.0,,0.0,
2020-04-04T20:25:23Z,Running,2020-04-04 20:34:35+00:00,-8.048998832702637,-34.95298767089844,67.0,862.1,159,4.0,7.0,1.75,0.0,0.0
2020-04-04T20:25:23Z,Running,2020-04-04 20:34:35+00:00,-8.048998832702637,-34.95298767089844,67.0,862.1,158,0.0,0.0,,0.0,
2020-04-04T20:25:23Z,Running,2020-04-04 20:34:39+00:00,-8.04906177520752,-34.9529914855957,67.0,869.2,159,4.0,7.100000000000023,1.7750000000000057,0.0,0.0
2020-04-04T20:25:23Z,Running,2020-04-04 20:34:39+00:00,-8.04906177520752,-34.9529914855957,67.0,869.2,159,0.0,0.0,,0.0,
2020-04-04T20:25:23Z,Running,2020-04-04 20:34:42+00:00,-8.049112319946289,-34.95299530029297,67.0,875.2,161,3.0,6.0,2.0,0.0,0.0
2020-04-04T20:25:23Z,Running,2020-04-04 20:34:42+00:00,-8.049112319946289,-34.95299530029297,67.0,875.2,160,0.0,0.0,,0.0,
2020-04-04T20:25:23Z,Running,2020-04-04 20:34:46+00:00,-8.049173355102539,-34.9530029296875,67.0,882.3,159,4.0,7.099999999999909,1.7749999999999773,0.0,0.0
2020-04-04T20:25:23Z,Running,2020-04-04 20:34:46+00:00,-8.049173355102539,-34.9530029296875,67.0,882.3,159,0.0,0.0,,0.0,
2020-04-04T20:25:23Z,Running,2020-04-04 20:34:50+00:00,-8.049239158630371,-34.952999114990234,67.0,889.3,158,4.0,7.0,1.75,0.0,0.0
2020-04-04T20:25:23Z,Running,2020-04-04 20:34:50+00:00,-8.049239158630371,-34.952999114990234,67.0,889.3,158,0.0,0.0,,0.0,
2020-04-04T20:25:23Z,Running,2020-04-04 20:34:54+00:00,-8.049298286437988,-34.952999114990234,67.0,896.4,158,4.0,7.100000000000023,1.7750000000000057,0.0,0.0
2020-04-04T20:25:23Z,Running,2020-04-04 20:34:54+00:00,-8.049298286437988,-34.952999114990234,67.0,896.4,157,0.0,0.0,,0.0,
2020-04-04T20:25:23Z,Running,2020-04-04 20:34:58+00:00,-8.049360275268555,-34.9530143737793,67.0,903.4,157,4.0,7.0,1.75,0.0,0.0
2020-04-04T20:25:23Z,Running,2020-04-04 20:34:58+00:00,-8.049360275268555,-34.9530143737793,67.0,903.4,156,0.0,0.0,,0.0,
2020-04-04T20:25:23Z,Running,2020-04-04 20:35:02+00:00,-8.04941463470459,-34.95302963256836,67.0,909.4,155,4.0,6.0,1.5,0.0,0.0
2020-04-04T20:25:23Z,Running,2020-04-04 20:35:02+00:00,-8.04941463470459,-34.95302963256836,67.0,909.4,154,0.0,0.0,,0.0,
2020-04-04T20:25:23Z,Running,2020-04-04 20:35:06+00:00,-8.049469947814941,-34.953033447265625,67.0,915.5,154,4.0,6.100000000000023,1.5250000000000057,0.0,0.0
2020-04-04T20:25:23Z,Running,2020-04-04 20:35:06+00:00,-8.049469947814941,-34.953033447265625,67.0,915.5,154,0.0,0.0,,0.0,
2020-04-04T20:25:23Z,Running,2020-04-04 20:35:10+00:00,-8.04952335357666,-34.95304489135742,67.0,921.5,156,4.0,6.0,1.5,0.0,0.0
2020-04-04T20:25:23Z,Running,2020-04-04 20:35:10+00:00,-8.04952335357666,-34.95304489135742,67.0,921.5,156,0.0,0.0,,0.0,
2020-04-04T20:25:23Z,Running,2020-04-04 20:35:14+00:00,-8.049575805664062,-34.95307540893555,67.0,928.5,157,4.0,7.0,1.75,0.0,0.0
2020-04-04T20:25:23Z,Running,2020-04-04 20:35:14+00:00,-8.049575805664062,-34.95307540893555,67.0,928.5,157,0.0,0.0,,0.0,
2020-04-04T20:25:23Z,Running,2020-04-04 20:35:18+00:00,-8.049622535705566,-34.953102111816406,67.0,934.6,158,4.0,6.100000000000023,1.5250000000000057,0.0,0.0
2020-04-04T20:25:23Z,Running,2020-04-04 20:35:18+00:00,-8.049622535705566,-34.953102111816406,67.0,934.6,157,0.0,0.0,,0.0,
2020-04-04T20:25:23Z,Running,2020-04-04 20:35:22+00:00,-8.04967212677002,-34.95311737060547,68.0,940.6,158,4.0,6.0,1.5,1.0,16.666666666666664
2020-04-04T20:25:23Z,Running,2020-04-04 20:35:22+00:00,-8.04967212677002,-34.95311737060547,68.0,940.6,158,0.0,0.0,,0.0,
2020-04-04T20:25:23Z,Running,2020-04-04 20:35:26+00:00,-8.049727439880371,-34.953128814697266,68.0,946.7,157,4.0,6.100000000000023,1.5250000000000057,0.0,0.0
2020-04-04T20:25:23Z,Running,2020-04-04 20:35:26+00:00,-8.049727439880371,-34.953128814697266,68.0,946.7,157,0.0,0.0,,0.0,
2020-04-04T20:25:23Z,Running,2020-04-04 20:35:30+00:00,-8.049786567687988,-34.95313262939453,68.0,953.7,157,4.0,7.0,1.75,0.0,0.0
2020-04-04T20:25:23Z,Running,2020-04-04 20:35:30+00:00,-8.049786567687988,-34.95313262939453,68.0,953.7,157,0.0,0.0,,0.0,
2020-04-04T20:25:23Z,Running,2020-04-04 20:35:34+00:00,-8.049848556518555,-34.9531364440918,68.0,960.7,157,4.0,7.0,1.75,0.0,0.0
2020-04-04T20:25:23Z,Running,2020-04-04 20:35:34+00:00,-8.049848556518555,-34.9531364440918,68.0,960.7,157,0.0,0.0,,0.0,
2020-04-04T20:25:23Z,Running,2020-04-04 20:35:38+00:00,-8.049908638000488,-34.95314025878906,68.0,967.8,157,4.0,7.099999999999909,1.7749999999999773,0.0,0.0
2020-04-04T20:25:23Z,Running,2020-04-04 20:35:38+00:00,-8.049908638000488,-34.95314025878906,68.0,967.8,157,0.0,0.0,,0.0,
2020-04-04T20:25:23Z,Running,2020-04-04 20:35:42+00:00,-8.049968719482422,-34.95314407348633,68.0,974.8,159,4.0,7.0,1.75,0.0,0.0
2020-04-04T20:25:23Z,Running,2020-04-04 20:35:42+00:00,-8.049968719482422,-34.95314407348633,68.0,974.8,159,0.0,0.0,,0.0,
2020-04-04T20:25:23Z,Running,2020-04-04 20:35:46+00:00,-8.050027847290039,-34.953155517578125,68.0,981.9,160,4.0,7.100000000000023,1.7750000000000057,0.0,0.0
2020-04-04T20:25:23Z,Running,2020-04-04 20:35:46+00:00,-8.050027847290039,-34.953155517578125,68.0,981.9,160,0.0,0.0,,0.0,
2020-04-04T20:25:23Z,Running,2020-04-04 20:35:50+00:00,-8.05008316040039,-34.95317077636719,68.0,987.9,161,4.0,6.0,1.5,0.0,0.0
2020-04-04T20:25:23Z,Running,2020-04-04 20:35:50+00:00,-8.05008316040039,-34.95317077636719,68.0,987.9,162,0.0,0.0,,0.0,
2020-04-04T20:25:23Z,Running,2020-04-04 20:35:54+00:00,-8.050142288208008,-34.953182220458984,68.0,994.9,164,4.0,7.0,1.75,0.0,0.0
2020-04-04T20:25:23Z,Running,2020-04-04 20:35:54+00:00,-8.050142288208008,-34.953182220458984,68.0,994.9,164,0.0,0.0,,0.0,
2020-04-04T20:25:23Z,Running,2020-04-04 20:35:58+00:00,-8.050199508666992,-34.953189849853516,68.0,1001.0,164,4.0,6.100000000000023,1.5250000000000057,0.0,0.0
2020-04-04T20:25:23Z,Running,2020-04-04 20:35:58+00:00,-8.050199508666992,-34.953189849853516,68.0,1001.0,163,0.0,0.0,,0.0,
2020-04-04T20:25:23Z,Running,2020-04-04 20:36:02+00:00,-8.050259590148926,-34.95320129394531,68.0,1008.0,163,4.0,7.0,1.75,0.0,0.0
2020-04-04T20:25:23Z,Running,2020-04-04 20:36:02+00:00,-8.050259590148926,-34.95320129394531,68.0,1008.0,163,0.0,0.0,,0.0,
2020-04-04T20:25:23Z,Running,2020-04-04 20:36:06+00:00,-8.05031967163086,-34.95321273803711,68.0,1015.1,161,4.0,7.100000000000023,1.7750000000000057,0.0,0.0
2020-04-04T20:25:23Z,Running,2020-04-04 20:36:06+00:00,-8.05031967163086,-34.95321273803711,68.0,1015.1,159,0.0,0.0,,0.0,
2020-04-04T20:25:23Z,Running,2020-04-04 20:36:10+00:00,-8.05037784576416,-34.953216552734375,64.0,1021.1,158,4.0,6.0,1.5,-4.0,-66.66666666666666
2020-04-04T20:25:23Z,Running,2020-04-04 20:36:10+00:00,-8.05037784576416,-34.953216552734375,64.0,1021.1,158,0.0,0.0,,0.0,
2020-04-04T20:25:23Z,Running,2020-04-04 20:36:14+00:00,-8.050430297851562,-34.95322799682617,61.0,1027.1,159,4.0,5.999999999999886,1.4999999999999716,-3.0,-50.000000000000945
2020-04-04T20:25:23Z,Running,2020-04-04 20:36:14+00:00,-8.050430297851562,-34.95322799682617,61.0,1027.1,158,0.0,0.0,,0.0,
2020-04-04T20:25:23Z,Running,2020-04-04 20:36:18+00:00,-8.05048656463623,-34.9532356262207,58.0,1033.2,158,4.0,6.100000000000136,1.525000000000034,-3.0,-49.18032786885136
2020-04-04T20:25:23Z,Running,2020-04-04 20:36:18+00:00,-8.05048656463623,-34.9532356262207,58.0,1033.2,158,0.0,0.0,,0.0,
2020-04-04T20:25:23Z,Running,2020-04-04 20:36:22+00:00,-8.050543785095215,-34.95323944091797,58.0,1039.2,157,4.0,6.0,1.5,0.0,0.0
2020-04-04T20:25:23Z,Running,2020-04-04 20:36:22+00:00,-8.050543785095215,-34.95323944091797,58.0,1039.2,156,0.0,0.0,,0.0,
2020-04-04T20:25:23Z,Running,2020-04-04 20:36:26+00:00,-8.050606727600098,-34.9532470703125,58.0,1046.2,155,4.0,7.0,1.75,0.0,0.0
2020-04-04T20:25:23Z,Running,2020-04-04 20:36:26+00:00,-8.050606727600098,-34.9532470703125,58.0,1046.2,155,0.0,0.0,,0.0,
2020-04-04T20:25:23Z,Running,2020-04-04 20:36:30+00:00,-8.050671577453613,-34.9532470703125,58.0,1053.3,155,4.0,7.099999999999909,1.7749999999999773,0.0,0.0
2020-04-04T20:25:23Z,Running,2020-04-04 20:36:30+00:00,-8.050671577453613,-34.9532470703125,58.0,1053.3,154,0.0,0.0,,0.0,
2020-04-04T20:25:23Z,Running,2020-04-04 20:36:34+00:00,-8.05073356628418,-34.953250885009766,58.0,1060.3,155,4.0,7.0,1.75,0.0,0.0
2020-04-04T20:25:23Z,Running,2020-04-04 20:36:34+00:00,-8.05073356628418,-34.953250885009766,58.0,1060.3,154,0.0,0.0,,0.0,
2020-04-04T20:25:23Z,Running,2020-04-04 20:36:38+00:00,-8.05079460144043,-34.95325469970703,58.0,1067.4,154,4.0,7.100000000000136,1.775000000000034,0.0,0.0
2020-04-04T20:25:23Z,Running,2020-04-04 20:36:38+00:00,-8.05079460144043,-34.95325469970703,58.0,1067.4,154,0.0,0.0,,0.0,
2020-04-04T20:25:23Z,Running,2020-04-04 20:36:42+00:00,-8.050850868225098,-34.95326232910156,59.0,1073.4,154,4.0,6.0,1.5,1.0,16.666666666666664
2020-04-04T20:25:23Z,Running,2020-04-04 20:36:42+00:00,-8.050850868225098,-34.95326232910156,59.0,1073.4,154,0.0,0.0,,0.0,
2020-04-04T20:25:23Z,Running,2020-04-04 20:36:46+00:00,-8.050901412963867,-34.95327377319336,59.0,1079.4,152,4.0,6.0,1.5,0.0,0.0
2020-04-04T20:25:23Z,Running,2020-04-04 20:36:46+00:00,-8.050901412963867,-34.95327377319336,59.0,1079.4,152,0.0,0.0,,0.0,
2020-04-04T20:25:23Z,Running,2020-04-04 20:36:50+00:00,-8.05095386505127,-34.953285217285156,60.0,1085.5,154,4.0,6.099999999999909,1.5249999999999773,1.0,16.393442622951067
2020-04-04T20:25:23Z,Running,2020-04-04 20:36:50+00:00,-8.05095386505127,-34.953285217285156,60.0,1085.5,154,0.0,0.0,,0.0,
2020-04-04T20:25:23Z,Running,2020-04-04 20:36:55+00:00,-8.05101490020752,-34.953304290771484,60.0,1092.5,154,5.0,7.0,1.4,0.0,0.0
2020-04-04T20:25:23Z,Running,2020-04-04 20:36:55+00:00,-8.05101490020752,-34.953304290771484,60.0,1092.5,154,0.0,0.0,,0.0,
2020-04-04T20:25:23Z,Running,2020-04-04 20:36:59+00:00,-8.051069259643555,-34.95331573486328,60.0,1098.6,157,4.0,6.099999999999909,1.5249999999999773,0.0,0.0
2020-04-04T20:25:23Z,Running,2020-04-04 20:36:59+00:00,-8.051069259643555,-34.95331573486328,60.0,1098.6,158,0.0,0.0,,0.0,
2020-04-04T20:25:23Z,Running,2020-04-04 20:37:03+00:00,-8.05112361907959,-34.95331573486328,60.0,1104.6,160,4.0,6.0,1.5,0.0,0.0
2020-04-04T20:25:23Z,Running,2020-04-04 20:37:03+00:00,-8.05112361907959,-34.95331573486328,60.0,1104.6,159,0.0,0.0,,0.0,
2020-04-04T20:25:23Z,Running,2020-04-04 20:37:07+00:00,-8.051183700561523,-34.95331573486328,61.0,1111.6,158,4.0,7.0,1.75,1.0,14.285714285714285
2020-04-04T20:25:23Z,Running,2020-04-04 20:37:07+00:00,-8.051183700561523,-34.95331573486328,61.0,1111.6,157,0.0,0.0,,0.0,
2020-04-04T20:25:23Z,Running,2020-04-04 20:37:11+00:00,-8.051239013671875,-34.95331954956055,61.0,1117.7,159,4.0,6.100000000000136,1.525000000000034,0.0,0.0
2020-04-04T20:25:23Z,Running,2020-04-04 20:37:11+00:00,-8.051239013671875,-34.95331954956055,61.0,1117.7,159,0.0,0.0,,0.0,
2020-04-04T20:25:23Z,Running,2020-04-04 20:37:15+00:00,-8.051301002502441,-34.95332336425781,61.0,1124.7,160,4.0,7.0,1.75,0.0,0.0
2020-04-04T20:25:23Z,Running,2020-04-04 20:37:15+00:00,-8.051301002502441,-34.95332336425781,61.0,1124.7,160,0.0,0.0,,0.0,
2020-04-04T20:25:23Z,Running,2020-04-04 20:37:19+00:00,-8.051353454589844,-34.95332717895508,61.0,1130.8,160,4.0,6.099999999999909,1.5249999999999773,0.0,0.0
2020-04-04T20:25:23Z,Running,2020-04-04 20:37:19+00:00,-8.051353454589844,-34.95332717895508,61.0,1130.8,162,0.0,0.0,,0.0,
2020-04-04T20:25:23Z,Running,2020-04-04 20:37:24+00:00,-8.051422119140625,-34.95332717895508,61.0,1138.8,164,5.0,8.0,1.6,0.0,0.0
2020-04-04T20:25:23Z,Running,2020-04-04 20:37:24+00:00,-8.051422119140625,-34.95332717895508,61.0,1138.8,165,0.0,0.0,,0.0,
2020-04-04T20:25:23Z,Running,2020-04-04 20:37:28+00:00,-8.051471710205078,-34.95333480834961,61.0,1144.8,165,4.0,6.0,1.5,0.0,0.0
2020-04-04T20:25:23Z,Running,2020-04-04 20:37:28+00:00,-8.051471710205078,-34.95333480834961,61.0,1144.8,165,0.0,0.0,,0.0,
2020-04-04T20:25:23Z,Running,2020-04-04 20:37:32+00:00,-8.051532745361328,-34.95334243774414,61.0,1151.9,165,4.0,7.100000000000136,1.775000000000034,0.0,0.0
2020-04-04T20:25:23Z,Running,2020-04-04 20:37:32+00:00,-8.051532745361328,-34.95334243774414,61.0,1151.9,165,0.0,0.0,,0.0,
2020-04-04T20:25:23Z,Running,2020-04-04 20:37:36+00:00,-8.051589012145996,-34.95335006713867,61.0,1157.9,165,4.0,6.0,1.5,0.0,0.0
2020-04-04T20:25:23Z,Running,2020-04-04 20:37:36+00:00,-8.051589012145996,-34.95335006713867,61.0,1157.9,165,0.0,0.0,,0.0,
2020-04-04T20:25:23Z,Running,2020-04-04 20:37:41+00:00,-8.051654815673828,-34.95335006713867,61.0,1165.0,165,5.0,7.099999999999909,1.4199999999999817,0.0,0.0
2020-04-04T20:25:23Z,Running,2020-04-04 20:37:41+00:00,-8.051654815673828,-34.95335006713867,61.0,1165.0,165,0.0,0.0,,0.0,
2020-04-04T20:25:23Z,Running,2020-04-04 20:37:45+00:00,-8.051705360412598,-34.95334243774414,61.0,1171.0,163,4.0,6.0,1.5,0.0,0.0
2020-04-04T20:25:23Z,Running,2020-04-04 20:37:45+00:00,-8.051705360412598,-34.95334243774414,61.0,1171.0,163,0.0,0.0,,0.0,
2020-04-04T20:25:23Z,Running,2020-04-04 20:37:49+00:00,-8.05174732208252,-34.95330047607422,61.0,1178.0,163,4.0,7.0,1.75,0.0,0.0
2020-04-04T20:25:23Z,Running,2020-04-04 20:37:49+00:00,-8.05174732208252,-34.95330047607422,61.0,1178.0,163,0.0,0.0,,0.0,
2020-04-04T20:25:23Z,Running,2020-04-04 20:37:53+00:00,-8.051786422729492,-34.9532585144043,62.0,1184.1,161,4.0,6.099999999999909,1.5249999999999773,1.0,16.393442622951067
2020-04-04T20:25:23Z,Running,2020-04-04 20:37:53+00:00,-8.051786422729492,-34.9532585144043,62.0,1184.1,160,0.0,0.0,,0.0,
2020-04-04T20:25:23Z,Running,2020-04-04 20:37:56+00:00,-8.051816940307617,-34.953224182128906,62.0,1189.1,160,3.0,5.0,1.6666666666666667,0.0,0.0
2020-04-04T20:25:23Z,Running,2020-04-04 20:37:56+00:00,-8.051816940307617,-34.953224182128906,62.0,1189.1,159,0.0,0.0,,0.0,
2020-04-04T20:25:23Z,Running,2020-04-04 20:38:00+00:00,-8.051840782165527,-34.95317459106445,62.0,1195.1,160,4.0,6.0,1.5,0.0,0.0
2020-04-04T20:25:23Z,Running,2020-04-04 20:38:00+00:00,-8.051840782165527,-34.95317459106445,62.0,1195.1,159,0.0,0.0,,0.0,
2020-04-04T20:25:23Z,Running,2020-04-04 20:38:04+00:00,-8.05184555053711,-34.95311737060547,62.0,1201.2,162,4.0,6.100000000000136,1.525000000000034,0.0,0.0
2020-04-04T20:25:23Z,Running,2020-04-04 20:38:04+00:00,-8.05184555053711,-34.95311737060547,62.0,1201.2,162,0.0,0.0,,0.0,
2020-04-04T20:25:23Z,Running,2020-04-04 20:38:08+00:00,-8.05184555053711,-34.95306396484375,62.0,1207.2,163,4.0,6.0,1.5,0.0,0.0
2020-04-04T20:25:23Z,Running,2020-04-04 20:38:08+00:00,-8.05184555053711,-34.95306396484375,62.0,1207.2,162,0.0,0.0,,0.0,
2020-04-04T20:25:23Z,Running,2020-04-04 20:38:12+00:00,-8.051843643188477,-34.953006744384766,62.0,1213.2,164,4.0,6.0,1.5,0.0,0.0
2020-04-04T20:25:23Z,Running,2020-04-04 20:38:12+00:00,-8.051843643188477,-34.953006744384766,62.0,1213.2,164,0.0,0.0,,0.0,
2020-04-04T20:25:23Z,Running,2020-04-04 20:38:16+00:00,-8.051841735839844,-34.95295333862305,62.0,1219.3,165,4.0,6.099999999999909,1.5249999999999773,0.0,0.0
2020-04-04T20:25:23Z,Running,2020-04-04 20:38:16+00:00,-8.051841735839844,-34.95295333862305,62.0,1219.3,165,0.0,0.0,,0.0,
2020-04-04T20:25:23Z,Running,2020-04-04 20:38:20+00:00,-8.05184555053711,-34.95289611816406,62.0,1225.3,164,4.0,6.0,1.5,0.0,0.0
2020-04-04T20:25:23Z,Running,2020-04-04 20:38:20+00:00,-8.05184555053711,-34.95289611816406,62.0,1225.3,164,0.0,0.0,,0.0,
2020-04-04T20:25:23Z,Running,2020-04-04 20:38:24+00:00,-8.051849365234375,-34.95284652709961,62.0,1230.3,164,4.0,5.0,1.25,0.0,0.0
2020-04-04T20:25:23Z,Running,2020-04-04 20:38:24+00:00,-8.051849365234375,-34.95284652709961,62.0,1230.3,162,0.0,0.0,,0.0,
2020-04-04T20:25:23Z,Running,2020-04-04 20:38:29+00:00,-8.051848411560059,-34.952781677246094,64.0,1237.4,161,5.0,7.100000000000136,1.4200000000000272,2.0,28.1690140845065
2020-04-04T20:25:23Z,Running,2020-04-04 20:38:29+00:00,-8.051848411560059,-34.952781677246094,64.0,1237.4,160,0.0,0.0,,0.0,
2020-04-04T20:25:23Z,Running,2020-04-04 20:38:33+00:00,-8.051849365234375,-34.95271682739258,64.0,1244.4,158,4.0,7.0,1.75,0.0,0.0
2020-04-04T20:25:23Z,Running,2020-04-04 20:38:33+00:00,-8.051849365234375,-34.95271682739258,64.0,1244.4,157,0.0,0.0,,0.0,
2020-04-04T20:25:23Z,Running,2020-04-04 20:38:37+00:00,-8.051854133605957,-34.95265579223633,17.0,1251.5,157,4.0,7.099999999999909,1.7749999999999773,-47.0,-661.9718309859239
2020-04-04T20:25:23Z,Running,2020-04-04 20:38:37+00:00,-8.051854133605957,-34.95265579223633,17.0,1251.5,157,0.0,0.0,,0.0,
2020-04-04T20:25:23Z,Running,2020-04-04 20:38:41+00:00,-8.05185604095459,-34.95259475708008,17.0,1258.5,159,4.0,7.0,1.75,0.0,0.0
2020-04-04T20:25:23Z,Running,2020-04-04 20:38:41+00:00,-8.05185604095459,-34.95259475708008,17.0,1258.5,159,0.0,0.0,,0.0,
2020-04-04T20:25:23Z,Running,2020-04-04 20:38:45+00:00,-8.051857948303223,-34.952537536621094,17.0,1264.5,158,4.0,6.0,1.5,0.0,0.0
2020-04-04T20:25:23Z,Running,2020-04-04 20:38:45+00:00,-8.051857948303223,-34.952537536621094,17.0,1264.5,157,0.0,0.0,,0.0,
2020-04-04T20:25:23Z,Running,2020-04-04 20:38:49+00:00,-8.051860809326172,-34.952476501464844,17.0,1271.6,155,4.0,7.099999999999909,1.7749999999999773,0.0,0.0
2020-04-04T20:25:23Z,Running,2020-04-04 20:38:49+00:00,-8.051860809326172,-34.952476501464844,17.0,1271.6,155,0.0,0.0,,0.0,
2020-04-04T20:25:23Z,Running,2020-04-04 20:38:53+00:00,-8.051865577697754,-34.95241928100586,17.0,1277.6,155,4.0,6.0,1.5,0.0,0.0
2020-04-04T20:25:23Z,Running,2020-04-04 20:38:53+00:00,-8.051865577697754,-34.95241928100586,17.0,1277.6,154,0.0,0.0,,0.0,
2020-04-04T20:25:23Z,Running,2020-04-04 20:38:57+00:00,-8.051874160766602,-34.95235824584961,17.0,1284.7,154,4.0,7.100000000000136,1.775000000000034,0.0,0.0
2020-04-04T20:25:23Z,Running,2020-04-04 20:38:57+00:00,-8.051874160766602,-34.95235824584961,17.0,1284.7,154,0.0,0.0,,0.0,
2020-04-04T20:25:23Z,Running,2020-04-04 20:39:01+00:00,-8.051875114440918,-34.952301025390625,17.0,1290.7,156,4.0,6.0,1.5,0.0,0.0
2020-04-04T20:25:23Z,Running,2020-04-04 20:39:01+00:00,-8.051875114440918,-34.952301025390625,17.0,1290.7,156,0.0,0.0,,0.0,
2020-04-04T20:25:23Z,Running,2020-04-04 20:39:05+00:00,-8.05187702178955,-34.952239990234375,17.0,1297.7,158,4.0,7.0,1.75,0.0,0.0
2020-04-04T20:25:23Z,Running,2020-04-04 20:39:05+00:00,-8.05187702178955,-34.952239990234375,17.0,1297.7,158,0.0,0.0,,0.0,
2020-04-04T20:25:23Z,Running,2020-04-04 20:39:09+00:00,-8.051876068115234,-34.952178955078125,17.0,1304.8,159,4.0,7.099999999999909,1.7749999999999773,0.0,0.0
2020-04-04T20:25:23Z,Running,2020-04-04 20:39:09+00:00,-8.051876068115234,-34.952178955078125,17.0,1304.8,159,0.0,0.0,,0.0,
2020-04-04T20:25:23Z,Running,2020-04-04 20:39:13+00:00,-8.05187702178955,-34.952117919921875,17.0,1311.8,159,4.0,7.0,1.75,0.0,0.0
2020-04-04T20:25:23Z,Running,2020-04-04 20:39:13+00:00,-8.05187702178955,-34.952117919921875,17.0,1311.8,159,0.0,0.0,,0.0,
2020-04-04T20:25:23Z,Running,2020-04-04 20:39:17+00:00,-8.051880836486816,-34.952056884765625,17.0,1318.9,159,4.0,7.100000000000136,1.775000000000034,0.0,0.0
2020-04-04T20:25:23Z,Running,2020-04-04 20:39:17+00:00,-8.051880836486816,-34.952056884765625,17.0,1318.9,159,0.0,0.0,,0.0,
2020-04-04T20:25:23Z,Running,2020-04-04 20:39:21+00:00,-8.051884651184082,-34.95199966430664,17.0,1324.9,158,4.0,6.0,1.5,0.0,0.0
2020-04-04T20:25:23Z,Running,2020-04-04 20:39:21+00:00,-8.051884651184082,-34.95199966430664,17.0,1324.9,158,0.0,0.0,,0.0,
2020-04-04T20:25:23Z,Running,2020-04-04 20:39:25+00:00,-8.05189037322998,-34.951942443847656,17.0,1330.9,158,4.0,6.0,1.5,0.0,0.0
2020-04-04T20:25:23Z,Running,2020-04-04 20:39:25+00:00,-8.05189037322998,-34.951942443847656,17.0,1330.9,158,0.0,0.0,,0.0,
2020-04-04T20:25:23Z,Running,2020-04-04 20:39:28+00:00,-8.051895141601562,-34.95189666748047,17.0,1336.0,158,3.0,5.099999999999909,1.6999999999999698,0.0,0.0
2020-04-04T20:25:23Z,Running,2020-04-04 20:39:28+00:00,-8.051895141601562,-34.95189666748047,17.0,1336.0,158,0.0,0.0,,0.0,
2020-04-04T20:25:23Z,Running,2020-04-04 20:39:32+00:00,-8.051898002624512,-34.95183181762695,17.0,1343.0,158,4.0,7.0,1.75,0.0,0.0
2020-04-04T20:25:23Z,Running,2020-04-04 20:39:32+00:00,-8.051898002624512,-34.95183181762695,17.0,1343.0,158,0.0,0.0,,0.0,
2020-04-04T20:25:23Z,Running,2020-04-04 20:39:35+00:00,-8.051902770996094,-34.951786041259766,17.0,1348.0,159,3.0,5.0,1.6666666666666667,0.0,0.0
2020-04-04T20:25:23Z,Running,2020-04-04 20:39:35+00:00,-8.051902770996094,-34.951786041259766,17.0,1348.0,158,0.0,0.0,,0.0,
2020-04-04T20:25:23Z,Running,2020-04-04 20:39:39+00:00,-8.051908493041992,-34.95172119140625,17.0,1355.1,158,4.0,7.099999999999909,1.7749999999999773,0.0,0.0
2020-04-04T20:25:23Z,Running,2020-04-04 20:39:39+00:00,-8.051908493041992,-34.95172119140625,17.0,1355.1,158,0.0,0.0,,0.0,
2020-04-04T20:25:23Z,Running,2020-04-04 20:39:43+00:00,-8.051913261413574,-34.95166015625,17.0,1362.1,158,4.0,7.0,1.75,0.0,0.0
2020-04-04T20:25:23Z,Running,2020-04-04 20:39:43+00:00,-8.051913261413574,-34.95166015625,17.0,1362.1,158,0.0,0.0,,0.0,
2020-04-04T20:25:23Z,Running,2020-04-04 20:39:47+00:00,-8.051920890808105,-34.95159912109375,17.0,1369.2,157,4.0,7.100000000000136,1.775000000000034,0.0,0.0
2020-04-04T20:25:23Z,Running,2020-04-04 20:39:47+00:00,-8.051920890808105,-34.95159912109375,17.0,1369.2,157,0.0,0.0,,0.0,
2020-04-04T20:25:23Z,Running,2020-04-04 20:39:51+00:00,-8.05192756652832,-34.951541900634766,17.0,1375.2,157,4.0,6.0,1.5,0.0,0.0
2020-04-04T20:25:23Z,Running,2020-04-04 20:39:51+00:00,-8.05192756652832,-34.951541900634766,17.0,1375.2,157,0.0,0.0,,0.0,
2020-04-04T20:25:23Z,Running,2020-04-04 20:39:55+00:00,-8.051933288574219,-34.95147705078125,17.0,1382.3,158,4.0,7.099999999999909,1.7749999999999773,0.0,0.0
2020-04-04T20:25:23Z,Running,2020-04-04 20:39:55+00:00,-8.051933288574219,-34.95147705078125,17.0,1382.3,158,0.0,0.0,,0.0,
2020-04-04T20:25:23Z,Running,2020-04-04 20:39:59+00:00,-8.051934242248535,-34.951419830322266,17.0,1388.3,160,4.0,6.0,1.5,0.0,0.0
2020-04-04T20:25:23Z,Running,2020-04-04 20:39:59+00:00,-8.051934242248535,-34.951419830322266,17.0,1388.3,161,0.0,0.0,,0.0,
2020-04-04T20:25:23Z,Running,2020-04-04 20:40:03+00:00,-8.05193042755127,-34.951358795166016,17.0,1395.3,160,4.0,7.0,1.75,0.0,0.0
2020-04-04T20:25:23Z,Running,2020-04-04 20:40:03+00:00,-8.05193042755127,-34.951358795166016,17.0,1395.3,160,0.0,0.0,,0.0,
2020-04-04T20:25:23Z,Running,2020-04-04 20:40:07+00:00,-8.05193042755127,-34.9513053894043,17.0,1401.4,164,4.0,6.100000000000136,1.525000000000034,0.0,0.0
2020-04-04T20:25:23Z,Running,2020-04-04 20:40:07+00:00,-8.05193042755127,-34.9513053894043,17.0,1401.4,164,0.0,0.0,,0.0,
2020-04-04T20:25:23Z,Running,2020-04-04 20:40:11+00:00,-8.05193042755127,-34.95124435424805,17.0,1408.4,165,4.0,7.0,1.75,0.0,0.0
2020-04-04T20:25:23Z,Running,2020-04-04 20:40:11+00:00,-8.05193042755127,-34.95124435424805,17.0,1408.4,165,0.0,0.0,,0.0,
2020-04-04T20:25:23Z,Running,2020-04-04 20:40:15+00:00,-8.05193042755127,-34.95118713378906,17.0,1414.4,168,4.0,6.0,1.5,0.0,0.0
2020-04-04T20:25:23Z,Running,2020-04-04 20:40:15+00:00,-8.05193042755127,-34.95118713378906,17.0,1414.4,168,0.0,0.0,,0.0,
2020-04-04T20:25:23Z,Running,2020-04-04 20:40:19+00:00,-8.051934242248535,-34.95112609863281,17.0,1421.5,170,4.0,7.099999999999909,1.7749999999999773,0.0,0.0
2020-04-04T20:25:23Z,Running,2020-04-04 20:40:19+00:00,-8.051934242248535,-34.95112609863281,17.0,1421.5,169,0.0,0.0,,0.0,
2020-04-04T20:25:23Z,Running,2020-04-04 20:40:23+00:00,-8.051937103271484,-34.951072692871094,17.0,1427.5,170,4.0,6.0,1.5,0.0,0.0
2020-04-04T20:25:23Z,Running,2020-04-04 20:40:23+00:00,-8.051937103271484,-34.951072692871094,17.0,1427.5,170,0.0,0.0,,0.0,
2020-04-04T20:25:23Z,Running,2020-04-04 20:40:27+00:00,-8.051941871643066,-34.95101547241211,17.0,1433.6,173,4.0,6.099999999999909,1.5249999999999773,0.0,0.0
2020-04-04T20:25:23Z,Running,2020-04-04 20:40:27+00:00,-8.051941871643066,-34.95101547241211,17.0,1433.6,173,0.0,0.0,,0.0,
2020-04-04T20:25:23Z,Running,2020-04-04 20:40:31+00:00,-8.051948547363281,-34.95096206665039,17.0,1439.6,176,4.0,6.0,1.5,0.0,0.0
2020-04-04T20:25:23Z,Running,2020-04-04 20:40:31+00:00,-8.051948547363281,-34.95096206665039,17.0,1439.6,176,0.0,0.0,,0.0,
2020-04-04T20:25:23Z,Running,2020-04-04 20:40:35+00:00,-8.05195426940918,-34.95090103149414,17.0,1446.6,177,4.0,7.0,1.75,0.0,0.0
2020-04-04T20:25:23Z,Running,2020-04-04 20:40:35+00:00,-8.05195426940918,-34.95090103149414,17.0,1446.6,177,0.0,0.0,,0.0,
2020-04-04T20:25:23Z,Running,2020-04-04 20:40:39+00:00,-8.051959037780762,-34.950843811035156,17.0,1452.7,177,4.0,6.100000000000136,1.525000000000034,0.0,0.0
2020-04-04T20:25:23Z,Running,2020-04-04 20:40:39+00:00,-8.051959037780762,-34.950843811035156,17.0,1452.7,176,0.0,0.0,,0.0,
2020-04-04T20:25:23Z,Running,2020-04-04 20:40:43+00:00,-8.051966667175293,-34.950782775878906,17.0,1459.7,176,4.0,7.0,1.75,0.0,0.0
2020-04-04T20:25:23Z,Running,2020-04-04 20:40:43+00:00,-8.051966667175293,-34.950782775878906,17.0,1459.7,176,0.0,0.0,,0.0,
2020-04-04T20:25:23Z,Running,2020-04-04 20:40:46+00:00,-8.051974296569824,-34.95073699951172,17.0,1464.7,175,3.0,5.0,1.6666666666666667,0.0,0.0
2020-04-04T20:25:23Z,Running,2020-04-04 20:40:46+00:00,-8.051974296569824,-34.95073699951172,17.0,1464.7,175,0.0,0.0,,0.0,
2020-04-04T20:25:23Z,Running,2020-04-04 20:40:50+00:00,-8.051982879638672,-34.950679779052734,17.0,1470.8,173,4.0,6.099999999999909,1.5249999999999773,0.0,0.0
2020-04-04T20:25:23Z,Running,2020-04-04 20:40:50+00:00,-8.051982879638672,-34.950679779052734,17.0,1470.8,173,0.0,0.0,,0.0,
2020-04-04T20:25:23Z,Running,2020-04-04 20:40:54+00:00,-8.051992416381836,-34.950618743896484,17.0,1477.8,175,4.0,7.0,1.75,0.0,0.0
2020-04-04T20:25:23Z,Running,2020-04-04 20:40:54+00:00,-8.051992416381836,-34.950618743896484,17.0,1477.8,175,0.0,0.0,,0.0,
2020-04-04T20:25:23Z,Running,2020-04-04 20:40:58+00:00,-8.051997184753418,-34.950557708740234,17.0,1484.9,175,4.0,7.100000000000136,1.775000000000034,0.0,0.0
2020-04-04T20:25:23Z,Running,2020-04-04 20:40:58+00:00,-8.051997184753418,-34.950557708740234,17.0,1484.9,175,0.0,0.0,,0.0,
2020-04-04T20:25:23Z,Running,2020-04-04 20:41:01+00:00,-8.052000045776367,-34.95051193237305,17.0,1489.9,173,3.0,5.0,1.6666666666666667,0.0,0.0
2020-04-04T20:25:23Z,Running,2020-04-04 20:41:01+00:00,-8.052000045776367,-34.95051193237305,17.0,1489.9,175,0.0,0.0,,0.0,
2020-04-04T20:25:23Z,Running,2020-04-04 20:41:05+00:00,-8.052000999450684,-34.95045471191406,17.0,1495.9,174,4.0,6.0,1.5,0.0,0.0
2020-04-04T20:25:23Z,Running,2020-04-04 20:41:05+00:00,-8.052000999450684,-34.95045471191406,17.0,1495.9,174,0.0,0.0,,0.0,
2020-04-04T20:25:23Z,Running,2020-04-04 20:41:09+00:00,-8.052000999450684,-34.95039749145508,17.0,1502.0,174,4.0,6.099999999999909,1.5249999999999773,0.0,0.0
2020-04-04T20:25:23Z,Running,2020-04-04 20:41:09+00:00,-8.052000999450684,-34.95039749145508,17.0,1502.0,175,0.0,0.0,,0.0,
2020-04-04T20:25:23Z,Running,2020-04-04 20:41:13+00:00,-8.052006721496582,-34.95033645629883,17.0,1509.0,177,4.0,7.0,1.75,0.0,0.0
2020-04-04T20:25:23Z,Running,2020-04-04 20:41:13+00:00,-8.052006721496582,-34.95033645629883,17.0,1509.0,177,0.0,0.0,,0.0,
2020-04-04T20:25:23Z,Running,2020-04-04 20:41:17+00:00,-8.05201244354248,-34.95027542114258,17.0,1516.1,178,4.0,7.099999999999909,1.7749999999999773,0.0,0.0
2020-04-04T20:25:23Z,Running,2020-04-04 20:41:17+00:00,-8.05201244354248,-34.95027542114258,17.0,1516.1,177,0.0,0.0,,0.0,
2020-04-04T20:25:23Z,Running,2020-04-04 20:41:21+00:00,-8.052018165588379,-34.95021438598633,17.0,1523.1,177,4.0,7.0,1.75,0.0,0.0
2020-04-04T20:25:23Z,Running,2020-04-04 20:41:21+00:00,-8.052018165588379,-34.95021438598633,17.0,1523.1,177,0.0,0.0,,0.0,
2020-04-04T20:25:23Z,Running,2020-04-04 20:41:25+00:00,-8.052023887634277,-34.95015335083008,17.0,1530.1,177,4.0,7.0,1.75,0.0,0.0
2020-04-04T20:25:23Z,Running,2020-04-04 20:41:25+00:00,-8.052023887634277,-34.95015335083008,17.0,1530.1,176,0.0,0.0,,0.0,
2020-04-04T20:25:23Z,Running,2020-04-04 20:41:29+00:00,-8.052030563354492,-34.950096130371094,17.0,1536.2,175,4.0,6.100000000000136,1.525000000000034,0.0,0.0
2020-04-04T20:25:23Z,Running,2020-04-04 20:41:29+00:00,-8.052030563354492,-34.950096130371094,17.0,1536.2,174,0.0,0.0,,0.0,
2020-04-04T20:25:23Z,Running,2020-04-04 20:41:34+00:00,-8.05203628540039,-34.95001983642578,17.0,1544.2,172,5.0,8.0,1.6,0.0,0.0
2020-04-04T20:25:23Z,Running,2020-04-04 20:41:34+00:00,-8.05203628540039,-34.95001983642578,17.0,1544.2,170,0.0,0.0,,0.0,
2020-04-04T20:25:23Z,Running,2020-04-04 20:41:38+00:00,-8.052038192749023,-34.94995880126953,17.0,1551.3,170,4.0,7.099999999999909,1.7749999999999773,0.0,0.0
2020-04-04T20:25:23Z,Running,2020-04-04 20:41:38+00:00,-8.052038192749023,-34.94995880126953,17.0,1551.3,169,0.0,0.0,,0.0,
2020-04-04T20:25:23Z,Running,2020-04-04 20:41:42+00:00,-8.052043914794922,-34.94989776611328,17.0,1558.3,169,4.0,7.0,1.75,0.0,0.0
2020-04-04T20:25:23Z,Running,2020-04-04 20:41:42+00:00,-8.052043914794922,-34.94989776611328,17.0,1558.3,169,0.0,0.0,,0.0,
2020-04-04T20:25:23Z,Running,2020-04-04 20:41:46+00:00,-8.052048683166504,-34.9498405456543,17.0,1564.3,168,4.0,6.0,1.5,0.0,0.0
2020-04-04T20:25:23Z,Running,2020-04-04 20:41:46+00:00,-8.052048683166504,-34.9498405456543,17.0,1564.3,167,0.0,0.0,,0.0,
2020-04-04T20:25:23Z,Running,2020-04-04 20:41:50+00:00,-8.052055358886719,-34.94978332519531,16.0,1570.4,167,4.0,6.100000000000136,1.525000000000034,-1.0,-16.393442622950452
2020-04-04T20:25:23Z,Running,2020-04-04 20:41:50+00:00,-8.052055358886719,-34.94978332519531,16.0,1570.4,167,0.0,0.0,,0.0,
2020-04-04T20:25:23Z,Running,2020-04-04 20:41:54+00:00,-8.05205249786377,-34.94972610473633,16.0,1576.4,168,4.0,6.0,1.5,0.0,0.0
2020-04-04T20:25:23Z,Running,2020-04-04 20:41:54+00:00,-8.05205249786377,-34.94972610473633,16.0,1576.4,168,0.0,0.0,,0.0,
2020-04-04T20:25:23Z,Running,2020-04-04 20:41:58+00:00,-8.052046775817871,-34.94967269897461,16.0,1582.4,168,4.0,6.0,1.5,0.0,0.0
2020-04-04T20:25:23Z,Running,2020-04-04 20:41:58+00:00,-8.052046775817871,-34.94967269897461,16.0,1582.4,168,0.0,0.0,,0.0,
2020-04-04T20:25:23Z,Running,2020-04-04 20:42:02+00:00,-8.052044868469238,-34.949615478515625,16.0,1588.5,169,4.0,6.099999999999909,1.5249999999999773,0.0,0.0
2020-04-04T20:25:23Z,Running,2020-04-04 20:42:02+00:00,-8.052044868469238,-34.949615478515625,16.0,1588.5,169,0.0,0.0,,0.0,
2020-04-04T20:25:23Z,Running,2020-04-04 20:42:06+00:00,-8.052042961120605,-34.94955825805664,16.0,1594.5,169,4.0,6.0,1.5,0.0,0.0
2020-04-04T20:25:23Z,Running,2020-04-04 20:42:06+00:00,-8.052042961120605,-34.94955825805664,16.0,1594.5,168,0.0,0.0,,0.0,
2020-04-04T20:25:23Z,Running,2020-04-04 20:42:10+00:00,-8.052045822143555,-34.94950485229492,15.0,1600.6,168,4.0,6.099999999999909,1.5249999999999773,-1.0,-16.393442622951067
2020-04-04T20:25:23Z,Running,2020-04-04 20:42:10+00:00,-8.052045822143555,-34.94950485229492,15.0,1600.6,167,0.0,0.0,,0.0,
2020-04-04T20:25:23Z,Running,2020-04-04 20:42:14+00:00,-8.052055358886719,-34.9494514465332,15.0,1606.6,167,4.0,6.0,1.5,0.0,0.0
2020-04-04T20:25:23Z,Running,2020-04-04 20:42:14+00:00,-8.052055358886719,-34.9494514465332,15.0,1606.6,166,0.0,0.0,,0.0,
2020-04-04T20:25:23Z,Running,2020-04-04 20:42:18+00:00,-8.052058219909668,-34.94939422607422,15.0,1612.6,166,4.0,6.0,1.5,0.0,0.0
2020-04-04T20:25:23Z,Running,2020-04-04 20:42:18+00:00,-8.052058219909668,-34.94939422607422,15.0,1612.6,166,0.0,0.0,,0.0,
2020-04-04T20:25:23Z,Running,2020-04-04 20:42:22+00:00,-8.05206298828125,-34.9493293762207,14.0,1619.7,169,4.0,7.100000000000136,1.775000000000034,-1.0,-14.08450704225325
2020-04-04T20:25:23Z,Running,2020-04-04 20:42:22+00:00,-8.05206298828125,-34.9493293762207,14.0,1619.7,169,0.0,0.0,,0.0,
2020-04-04T20:25:23Z,Running,2020-04-04 20:42:25+00:00,-8.0520658493042,-34.949283599853516,14.0,1624.7,170,3.0,5.0,1.6666666666666667,0.0,0.0
2020-04-04T20:25:23Z,Running,2020-04-04 20:42:25+00:00,-8.0520658493042,-34.949283599853516,14.0,1624.7,171,0.0,0.0,,0.0,
2020-04-04T20:25:23Z,Running,2020-04-04 20:42:29+00:00,-8.052066802978516,-34.94922637939453,14.0,1630.7,172,4.0,6.0,1.5,0.0,0.0
2020-04-04T20:25:23Z,Running,2020-04-04 20:42:29+00:00,-8.052066802978516,-34.94922637939453,14.0,1630.7,172,0.0,0.0,,0.0,
2020-04-04T20:25:23Z,Running,2020-04-04 20:42:33+00:00,-8.052068710327148,-34.94916534423828,14.0,1637.8,172,4.0,7.099999999999909,1.7749999999999773,0.0,0.0
2020-04-04T20:25:23Z,Running,2020-04-04 20:42:33+00:00,-8.052068710327148,-34.94916534423828,14.0,1637.8,172,0.0,0.0,,0.0,
2020-04-04T20:25:23Z,Running,2020-04-04 20:42:37+00:00,-8.05207347869873,-34.9491081237793,14.0,1643.8,172,4.0,6.0,1.5,0.0,0.0
2020-04-04T20:25:23Z,Running,2020-04-04 20:42:37+00:00,-8.05207347869873,-34.9491081237793,14.0,1643.8,172,0.0,0.0,,0.0,
2020-04-04T20:25:23Z,Running,2020-04-04 20:42:41+00:00,-8.052079200744629,-34.94904708862305,14.0,1650.9,174,4.0,7.100000000000136,1.775000000000034,0.0,0.0
2020-04-04T20:25:23Z,Running,2020-04-04 20:42:41+00:00,-8.052079200744629,-34.94904708862305,14.0,1650.9,174,0.0,0.0,,0.0,
2020-04-04T20:25:23Z,Running,2020-04-04 20:42:45+00:00,-8.05208683013916,-34.9489860534668,14.0,1657.9,175,4.0,7.0,1.75,0.0,0.0
2020-04-04T20:25:23Z,Running,2020-04-04 20:42:45+00:00,-8.05208683013916,-34.9489860534668,14.0,1657.9,175,0.0,0.0,,0.0,
2020-04-04T20:25:23Z,Running,2020-04-04 20:42:49+00:00,-8.052090644836426,-34.94892883300781,14.0,1663.9,176,4.0,6.0,1.5,0.0,0.0
2020-04-04T20:25:23Z,Running,2020-04-04 20:42:49+00:00,-8.052090644836426,-34.94892883300781,14.0,1663.9,175,0.0,0.0,,0.0,
2020-04-04T20:25:23Z,Running,2020-04-04 20:42:53+00:00,-8.052093505859375,-34.94886779785156,14.0,1671.0,175,4.0,7.099999999999909,1.7749999999999773,0.0,0.0
2020-04-04T20:25:23Z,Running,2020-04-04 20:42:53+00:00,-8.052093505859375,-34.94886779785156,14.0,1671.0,175,0.0,0.0,,0.0,
2020-04-04T20:25:23Z,Running,2020-04-04 20:42:57+00:00,-8.05209732055664,-34.94880676269531,14.0,1678.0,177,4.0,7.0,1.75,0.0,0.0
2020-04-04T20:25:23Z,Running,2020-04-04 20:42:57+00:00,-8.05209732055664,-34.94880676269531,14.0,1678.0,177,0.0,0.0,,0.0,
2020-04-04T20:25:23Z,Running,2020-04-04 20:43:01+00:00,-8.05209732055664,-34.94874572753906,12.0,1685.1,176,4.0,7.099999999999909,1.7749999999999773,-2.0,-28.169014084507403
2020-04-04T20:25:23Z,Running,2020-04-04 20:43:01+00:00,-8.05209732055664,-34.94874572753906,12.0,1685.1,178,0.0,0.0,,0.0,
2020-04-04T20:25:23Z,Running,2020-04-04 20:43:06+00:00,-8.052098274230957,-34.948673248291016,12.0,1693.1,177,5.0,8.0,1.6,0.0,0.0
2020-04-04T20:25:23Z,Running,2020-04-04 20:43:06+00:00,-8.052098274230957,-34.948673248291016,12.0,1693.1,177,0.0,0.0,,0.0,
2020-04-04T20:25:23Z,Running,2020-04-04 20:43:10+00:00,-8.052099227905273,-34.94861602783203,12.0,1699.1,177,4.0,6.0,1.5,0.0,0.0
2020-04-04T20:25:23Z,Running,2020-04-04 20:43:10+00:00,-8.052099227905273,-34.94861602783203,12.0,1699.1,177,0.0,0.0,,0.0,
2020-04-04T20:25:23Z,Running,2020-04-04 20:43:14+00:00,-8.052105903625488,-34.94855880737305,12.0,1705.2,176,4.0,6.100000000000136,1.525000000000034,0.0,0.0
2020-04-04T20:25:23Z,Running,2020-04-04 20:43:14+00:00,-8.052105903625488,-34.94855880737305,12.0,1705.2,176,0.0,0.0,,0.0,
2020-04-04T20:25:23Z,Running,2020-04-04 20:43:18+00:00,-8.052112579345703,-34.94850158691406,12.0,1711.2,175,4.0,6.0,1.5,0.0,0.0
2020-04-04T20:25:23Z,Running,2020-04-04 20:43:18+00:00,-8.052112579345703,-34.94850158691406,12.0,1711.2,173,0.0,0.0,,0.0,
2020-04-04T20:25:23Z,Running,2020-04-04 20:43:22+00:00,-8.052118301391602,-34.94844436645508,12.0,1717.3,174,4.0,6.099999999999909,1.5249999999999773,0.0,0.0
2020-04-04T20:25:23Z,Running,2020-04-04 20:43:22+00:00,-8.052118301391602,-34.94844436645508,12.0,1717.3,174,0.0,0.0,,0.0,
2020-04-04T20:25:23Z,Running,2020-04-04 20:43:26+00:00,-8.05212116241455,-34.94838333129883,12.0,1724.3,174,4.0,7.0,1.75,0.0,0.0
2020-04-04T20:25:23Z,Running,2020-04-04 20:43:26+00:00,-8.05212116241455,-34.94838333129883,12.0,1724.3,174,0.0,0.0,,0.0,
2020-04-04T20:25:23Z,Running,2020-04-04 20:43:30+00:00,-8.052122116088867,-34.94832992553711,12.0,1730.3,173,4.0,6.0,1.5,0.0,0.0
2020-04-04T20:25:23Z,Running,2020-04-04 20:43:30+00:00,-8.052122116088867,-34.94832992553711,12.0,1730.3,173,0.0,0.0,,0.0,
2020-04-04T20:25:23Z,Running,2020-04-04 20:43:34+00:00,-8.052125930786133,-34.948272705078125,12.0,1736.4,172,4.0,6.100000000000136,1.525000000000034,0.0,0.0
2020-04-04T20:25:23Z,Running,2020-04-04 20:43:34+00:00,-8.052125930786133,-34.948272705078125,12.0,1736.4,171,0.0,0.0,,0.0,
2020-04-04T20:25:23Z,Running,2020-04-04 20:43:38+00:00,-8.052131652832031,-34.94820785522461,12.0,1743.4,171,4.0,7.0,1.75,0.0,0.0
2020-04-04T20:25:23Z,Running,2020-04-04 20:43:38+00:00,-8.052131652832031,-34.94820785522461,12.0,1743.4,171,0.0,0.0,,0.0,
2020-04-04T20:25:23Z,Running,2020-04-04 20:43:42+00:00,-8.05213451385498,-34.94815444946289,12.0,1749.4,171,4.0,6.0,1.5,0.0,0.0
2020-04-04T20:25:23Z,Running,2020-04-04 20:43:42+00:00,-8.05213451385498,-34.94815444946289,12.0,1749.4,170,0.0,0.0,,0.0,
2020-04-04T20:25:23Z,Running,2020-04-04 20:43:46+00:00,-8.052138328552246,-34.94809341430664,12.0,1756.5,170,4.0,7.099999999999909,1.7749999999999773,0.0,0.0
2020-04-04T20:25:23Z,Running,2020-04-04 20:43:46+00:00,-8.052138328552246,-34.94809341430664,12.0,1756.5,171,0.0,0.0,,0.0,
2020-04-04T20:25:23Z,Running,2020-04-04 20:43:50+00:00,-8.052139282226562,-34.948036193847656,12.0,1762.5,173,4.0,6.0,1.5,0.0,0.0
2020-04-04T20:25:23Z,Running,2020-04-04 20:43:50+00:00,-8.052139282226562,-34.948036193847656,12.0,1762.5,172,0.0,0.0,,0.0,
2020-04-04T20:25:23Z,Running,2020-04-04 20:43:54+00:00,-8.05213737487793,-34.947975158691406,12.0,1769.6,172,4.0,7.099999999999909,1.7749999999999773,0.0,0.0
2020-04-04T20:25:23Z,Running,2020-04-04 20:43:54+00:00,-8.05213737487793,-34.947975158691406,12.0,1769.6,172,0.0,0.0,,0.0,
2020-04-04T20:25:23Z,Running,2020-04-04 20:43:58+00:00,-8.052140235900879,-34.94791793823242,12.0,1775.6,173,4.0,6.0,1.5,0.0,0.0
2020-04-04T20:25:23Z,Running,2020-04-04 20:43:58+00:00,-8.052140235900879,-34.94791793823242,12.0,1775.6,172,0.0,0.0,,0.0,
2020-04-04T20:25:23Z,Running,2020-04-04 20:44:02+00:00,-8.052146911621094,-34.94785690307617,12.0,1782.6,171,4.0,7.0,1.75,0.0,0.0
2020-04-04T20:25:23Z,Running,2020-04-04 20:44:02+00:00,-8.052146911621094,-34.94785690307617,12.0,1782.6,171,0.0,0.0,,0.0,
2020-04-04T20:25:23Z,Running,2020-04-04 20:44:06+00:00,-8.05214786529541,-34.94779968261719,12.0,1788.7,171,4.0,6.100000000000136,1.525000000000034,0.0,0.0
2020-04-04T20:25:23Z,Running,2020-04-04 20:44:06+00:00,-8.05214786529541,-34.94779968261719,12.0,1788.7,171,0.0,0.0,,0.0,
2020-04-04T20:25:23Z,Running,2020-04-04 20:44:10+00:00,-8.052149772644043,-34.94773864746094,12.0,1795.7,171,4.0,7.0,1.75,0.0,0.0
2020-04-04T20:25:23Z,Running,2020-04-04 20:44:10+00:00,-8.052149772644043,-34.94773864746094,12.0,1795.7,171,0.0,0.0,,0.0,
2020-04-04T20:25:23Z,Running,2020-04-04 20:44:14+00:00,-8.05215072631836,-34.94767761230469,12.0,1802.8,172,4.0,7.099999999999909,1.7749999999999773,0.0,0.0
2020-04-04T20:25:23Z,Running,2020-04-04 20:44:14+00:00,-8.05215072631836,-34.94767761230469,12.0,1802.8,172,0.0,0.0,,0.0,
2020-04-04T20:25:23Z,Running,2020-04-04 20:44:17+00:00,-8.052152633666992,-34.947628021240234,12.0,1807.8,172,3.0,5.0,1.6666666666666667,0.0,0.0
2020-04-04T20:25:23Z,Running,2020-04-04 20:44:17+00:00,-8.052152633666992,-34.947628021240234,12.0,1807.8,171,0.0,0.0,,0.0,
2020-04-04T20:25:23Z,Running,2020-04-04 20:44:21+00:00,-8.052148818969727,-34.94757080078125,12.0,1813.8,171,4.0,6.0,1.5,0.0,0.0
2020-04-04T20:25:23Z,Running,2020-04-04 20:44:21+00:00,-8.052148818969727,-34.94757080078125,12.0,1813.8,171,0.0,0.0,,0.0,
2020-04-04T20:25:23Z,Running,2020-04-04 20:44:25+00:00,-8.052127838134766,-34.9475212097168,11.0,1819.9,172,4.0,6.100000000000136,1.525000000000034,-1.0,-16.393442622950452
2020-04-04T20:25:23Z,Running,2020-04-04 20:44:25+00:00,-8.052127838134766,-34.9475212097168,11.0,1819.9,172,0.0,0.0,,0.0,
2020-04-04T20:25:23Z,Running,2020-04-04 20:44:30+00:00,-8.052079200744629,-34.94749450683594,11.0,1825.9,172,5.0,6.0,1.2,0.0,0.0
2020-04-04T20:25:23Z,Running,2020-04-04 20:44:30+00:00,-8.052079200744629,-34.94749450683594,11.0,1825.9,172,0.0,0.0,,0.0,
2020-04-04T20:25:23Z,Running,2020-04-04 20:44:34+00:00,-8.05202865600586,-34.947505950927734,11.0,1831.9,172,4.0,6.0,1.5,0.0,0.0
2020-04-04T20:25:23Z,Running,2020-04-04 20:44:34+00:00,-8.05202865600586,-34.947505950927734,11.0,1831.9,172,0.0,0.0,,0.0,
2020-04-04T20:25:23Z,Running,2020-04-04 20:44:39+00:00,-8.051987648010254,-34.947547912597656,11.0,1838.0,173,5.0,6.099999999999909,1.2199999999999818,0.0,0.0
2020-04-04T20:25:23Z,Running,2020-04-04 20:44:39+00:00,-8.051987648010254,-34.947547912597656,11.0,1838.0,171,0.0,0.0,,0.0,
2020-04-04T20:25:23Z,Running,2020-04-04 20:44:44+00:00,-8.051977157592773,-34.94761657714844,11.0,1846.0,171,5.0,8.0,1.6,0.0,0.0
2020-04-04T20:25:23Z,Running,2020-04-04 20:44:44+00:00,-8.051977157592773,-34.94761657714844,11.0,1846.0,172,0.0,0.0,,0.0,
2020-04-04T20:25:23Z,Running,2020-04-04 20:44:48+00:00,-8.051972389221191,-34.94767761230469,11.0,1853.1,175,4.0,7.099999999999909,1.7749999999999773,0.0,0.0
2020-04-04T20:25:23Z,Running,2020-04-04 20:44:48+00:00,-8.051972389221191,-34.94767761230469,11.0,1853.1,175,0.0,0.0,,0.0,
2020-04-04T20:25:23Z,Running,2020-04-04 20:44:52+00:00,-8.051966667175293,-34.947731018066406,11.0,1859.1,177,4.0,6.0,1.5,0.0,0.0
2020-04-04T20:25:23Z,Running,2020-04-04 20:44:52+00:00,-8.051966667175293,-34.947731018066406,11.0,1859.1,176,0.0,0.0,,0.0,
2020-04-04T20:25:23Z,Running,2020-04-04 20:44:56+00:00,-8.051956176757812,-34.94779586791992,11.0,1866.1,175,4.0,7.0,1.75,0.0,0.0
2020-04-04T20:25:23Z,Running,2020-04-04 20:44:56+00:00,-8.051956176757812,-34.94779586791992,11.0,1866.1,175,0.0,0.0,,0.0,
2020-04-04T20:25:23Z,Running,2020-04-04 20:45:00+00:00,-8.051949501037598,-34.94784927368164,11.0,1872.2,175,4.0,6.100000000000136,1.525000000000034,0.0,0.0
2020-04-04T20:25:23Z,Running,2020-04-04 20:45:00+00:00,-8.051949501037598,-34.94784927368164,11.0,1872.2,174,0.0,0.0,,0.0,
2020-04-04T20:25:23Z,Running,2020-04-04 20:45:04+00:00,-8.051941871643066,-34.94791030883789,10.0,1879.2,174,4.0,7.0,1.75,-1.0,-14.285714285714285
2020-04-04T20:25:23Z,Running,2020-04-04 20:45:04+00:00,-8.051941871643066,-34.94791030883789,10.0,1879.2,174,0.0,0.0,,0.0,
2020-04-04T20:25:23Z,Running,2020-04-04 20:45:07+00:00,-8.0519380569458,-34.94795608520508,10.0,1884.2,175,3.0,5.0,1.6666666666666667,0.0,0.0
2020-04-04T20:25:23Z,Running,2020-04-04 20:45:07+00:00,-8.0519380569458,-34.94795608520508,10.0,1884.2,174,0.0,0.0,,0.0,
2020-04-04T20:25:23Z,Running,2020-04-04 20:45:11+00:00,-8.051935195922852,-34.94801330566406,10.0,1890.3,174,4.0,6.099999999999909,1.5249999999999773,0.0,0.0
2020-04-04T20:25:23Z,Running,2020-04-04 20:45:11+00:00,-8.051935195922852,-34.94801330566406,10.0,1890.3,174,0.0,0.0,,0.0,
2020-04-04T20:25:23Z,Running,2020-04-04 20:45:15+00:00,-8.051928520202637,-34.94807052612305,10.0,1896.3,175,4.0,6.0,1.5,0.0,0.0
2020-04-04T20:25:23Z,Running,2020-04-04 20:45:15+00:00,-8.051928520202637,-34.94807052612305,10.0,1896.3,175,0.0,0.0,,0.0,
2020-04-04T20:25:23Z,Running,2020-04-04 20:45:19+00:00,-8.051918983459473,-34.948123931884766,9.0,1902.4,175,4.0,6.100000000000136,1.525000000000034,-1.0,-16.393442622950452
2020-04-04T20:25:23Z,Running,2020-04-04 20:45:19+00:00,-8.051918983459473,-34.948123931884766,9.0,1902.4,175,0.0,0.0,,0.0,
2020-04-04T20:25:23Z,Running,2020-04-04 20:45:24+00:00,-8.051910400390625,-34.94818878173828,9.0,1909.4,176,5.0,7.0,1.4,0.0,0.0
2020-04-04T20:25:23Z,Running,2020-04-04 20:45:24+00:00,-8.051910400390625,-34.94818878173828,9.0,1909.4,178,0.0,0.0,,0.0,
2020-04-04T20:25:23Z,Running,2020-04-04 20:45:28+00:00,-8.051905632019043,-34.948246002197266,8.0,1915.4,179,4.0,6.0,1.5,-1.0,-16.666666666666664
2020-04-04T20:25:23Z,Running,2020-04-04 20:45:28+00:00,-8.051905632019043,-34.948246002197266,8.0,1915.4,179,0.0,0.0,,0.0,
2020-04-04T20:25:23Z,Running,2020-04-04 20:45:32+00:00,-8.051895141601562,-34.94829559326172,8.0,1921.5,180,4.0,6.099999999999909,1.5249999999999773,0.0,0.0
2020-04-04T20:25:23Z,Running,2020-04-04 20:45:32+00:00,-8.051895141601562,-34.94829559326172,8.0,1921.5,180,0.0,0.0,,0.0,
2020-04-04T20:25:23Z,Running,2020-04-04 20:45:36+00:00,-8.051885604858398,-34.94834899902344,8.0,1927.5,180,4.0,6.0,1.5,0.0,0.0
2020-04-04T20:25:23Z,Running,2020-04-04 20:45:36+00:00,-8.051885604858398,-34.94834899902344,8.0,1927.5,180,0.0,0.0,,0.0,
2020-04-04T20:25:23Z,Running,2020-04-04 20:45:40+00:00,-8.05187702178955,-34.94840621948242,8.0,1933.5,179,4.0,6.0,1.5,0.0,0.0
2020-04-04T20:25:23Z,Running,2020-04-04 20:45:40+00:00,-8.05187702178955,-34.94840621948242,8.0,1933.5,178,0.0,0.0,,0.0,
2020-04-04T20:25:23Z,Running,2020-04-04 20:45:44+00:00,-8.051872253417969,-34.948463439941406,6.0,1939.6,177,4.0,6.099999999999909,1.5249999999999773,-2.0,-32.786885245902134
2020-04-04T20:25:23Z,Running,2020-04-04 20:45:44+00:00,-8.051872253417969,-34.948463439941406,6.0,1939.6,177,0.0,0.0,,0.0,
2020-04-04T20:25:23Z,Running,2020-04-04 20:45:47+00:00,-8.05186653137207,-34.948509216308594,6.0,1944.6,176,3.0,5.0,1.6666666666666667,0.0,0.0
2020-04-04T20:25:23Z,Running,2020-04-04 20:45:47+00:00,-8.05186653137207,-34.948509216308594,6.0,1944.6,176,0.0,0.0,,0.0,
2020-04-04T20:25:23Z,Running,2020-04-04 20:45:51+00:00,-8.051859855651855,-34.94857406616211,6.0,1951.7,175,4.0,7.100000000000136,1.775000000000034,0.0,0.0
2020-04-04T20:25:23Z,Running,2020-04-04 20:45:51+00:00,-8.051859855651855,-34.94857406616211,6.0,1951.7,174,0.0,0.0,,0.0,
2020-04-04T20:25:23Z,Running,2020-04-04 20:45:54+00:00,-8.051850318908691,-34.9486198425293,6.0,1956.7,173,3.0,5.0,1.6666666666666667,0.0,0.0
2020-04-04T20:25:23Z,Running,2020-04-04 20:45:54+00:00,-8.051850318908691,-34.9486198425293,6.0,1956.7,171,0.0,0.0,,0.0,
2020-04-04T20:25:23Z,Running,2020-04-04 20:45:58+00:00,-8.05184268951416,-34.94868087768555,6.0,1963.7,170,4.0,7.0,1.75,0.0,0.0
2020-04-04T20:25:23Z,Running,2020-04-04 20:45:58+00:00,-8.05184268951416,-34.94868087768555,6.0,1963.7,169,0.0,0.0,,0.0,
2020-04-04T20:25:23Z,Running,2020-04-04 20:46:02+00:00,-8.051839828491211,-34.9487419128418,6.0,1970.8,167,4.0,7.099999999999909,1.7749999999999773,0.0,0.0
2020-04-04T20:25:23Z,Running,2020-04-04 20:46:02+00:00,-8.051839828491211,-34.9487419128418,6.0,1970.8,167,0.0,0.0,,0.0,
2020-04-04T20:25:23Z,Running,2020-04-04 20:46:07+00:00,-8.05182933807373,-34.94881820678711,6.0,1978.8,167,5.0,8.0,1.6,0.0,0.0
2020-04-04T20:25:23Z,Running,2020-04-04 20:46:07+00:00,-8.05182933807373,-34.94881820678711,6.0,1978.8,166,0.0,0.0,,0.0,
2020-04-04T20:25:23Z,Running,2020-04-04 20:46:11+00:00,-8.051820755004883,-34.948875427246094,6.0,1984.8,166,4.0,6.0,1.5,0.0,0.0
2020-04-04T20:25:23Z,Running,2020-04-04 20:46:11+00:00,-8.051820755004883,-34.948875427246094,6.0,1984.8,166,0.0,0.0,,0.0,
2020-04-04T20:25:23Z,Running,2020-04-04 20:46:15+00:00,-8.051796913146973,-34.94892883300781,5.0,1990.9,165,4.0,6.100000000000136,1.525000000000034,-1.0,-16.393442622950452
2020-04-04T20:25:23Z,Running,2020-04-04 20:46:15+00:00,-8.051796913146973,-34.94892883300781,5.0,1990.9,164,0.0,0.0,,0.0,
2020-04-04T20:25:23Z,Running,2020-04-04 20:46:19+00:00,-8.05176067352295,-34.948970794677734,5.0,1996.9,165,4.0,6.0,1.5,0.0,0.0
2020-04-04T20:25:23Z,Running,2020-04-04 20:46:19+00:00,-8.05176067352295,-34.948970794677734,5.0,1996.9,165,0.0,0.0,,0.0,
2020-04-04T20:25:23Z,Running,2020-04-04 20:46:23+00:00,-8.051726341247559,-34.94901657104492,5.0,2003.0,166,4.0,6.099999999999909,1.5249999999999773,0.0,0.0
2020-04-04T20:25:23Z,Running,2020-04-04 20:46:23+00:00,-8.051726341247559,-34.94901657104492,5.0,2003.0,166,0.0,0.0,,0.0,
2020-04-04T20:25:23Z,Running,2020-04-04 20:46:27+00:00,-8.05170726776123,-34.94906997680664,5.0,2009.0,166,4.0,6.0,1.5,0.0,0.0
2020-04-04T20:25:23Z,Running,2020-04-04 20:46:27+00:00,-8.05170726776123,-34.94906997680664,5.0,2009.0,165,0.0,0.0,,0.0,
2020-04-04T20:25:23Z,Running,2020-04-04 20:46:31+00:00,-8.051691055297852,-34.94913101196289,4.0,2016.0,165,4.0,7.0,1.75,-1.0,-14.285714285714285
2020-04-04T20:25:23Z,Running,2020-04-04 20:46:31+00:00,-8.051691055297852,-34.94913101196289,4.0,2016.0,165,0.0,0.0,,0.0,
2020-04-04T20:25:23Z,Running,2020-04-04 20:46:35+00:00,-8.051687240600586,-34.94919204711914,0.0,2023.1,162,4.0,7.099999999999909,1.7749999999999773,-4.0,-56.338028169014805
2020-04-04T20:25:23Z,Running,2020-04-04 20:46:35+00:00,-8.051687240600586,-34.94919204711914,0.0,2023.1,160,0.0,0.0,,0.0,
2020-04-04T20:25:23Z,Running,2020-04-04 20:46:39+00:00,-8.051684379577637,-34.94925308227539,-4.0,2030.1,158,4.0,7.0,1.75,-4.0,-57.14285714285714
2020-04-04T20:25:23Z,Running,2020-04-04 20:46:39+00:00,-8.051684379577637,-34.94925308227539,-4.0,2030.1,158,0.0,0.0,,0.0,
2020-04-04T20:25:23Z,Running,2020-04-04 20:46:43+00:00,-8.051680564880371,-34.949310302734375,-5.0,2036.2,158,4.0,6.100000000000136,1.525000000000034,-1.0,-16.393442622950452
2020-04-04T20:25:23Z,Running,2020-04-04 20:46:43+00:00,-8.051680564880371,-34.949310302734375,-5.0,2036.2,158,0.0,0.0,,0.0,
2020-04-04T20:25:23Z,Running,2020-04-04 20:46:47+00:00,-8.051668167114258,-34.94936752319336,-5.0,2042.2,160,4.0,6.0,1.5,0.0,0.0
2020-04-04T20:25:23Z,Running,2020-04-04 20:46:47+00:00,-8.051668167114258,-34.94936752319336,-5.0,2042.2,162,0.0,0.0,,0.0,
2020-04-04T20:25:23Z,Running,2020-04-04 20:46:51+00:00,-8.051656723022461,-34.94942092895508,-5.0,2048.2,163,4.0,5.999999999999773,1.4999999999999432,0.0,0.0
2020-04-04T20:25:23Z,Running,2020-04-04 20:46:51+00:00,-8.051656723022461,-34.94942092895508,-5.0,2048.2,163,0.0,0.0,,0.0,
2020-04-04T20:25:23Z,Running,2020-04-04 20:46:55+00:00,-8.051650047302246,-34.94948196411133,-5.0,2055.3,162,4.0,7.100000000000364,1.775000000000091,0.0,0.0
2020-04-04T20:25:23Z,Running,2020-04-04 20:46:55+00:00,-8.051650047302246,-34.94948196411133,-5.0,2055.3,160,0.0,0.0,,0.0,
2020-04-04T20:25:23Z,Running,2020-04-04 20:46:59+00:00,-8.051645278930664,-34.94954299926758,-4.0,2062.3,159,4.0,7.0,1.75,1.0,14.285714285714285
2020-04-04T20:25:23Z,Running,2020-04-04 20:46:59+00:00,-8.051645278930664,-34.94954299926758,-4.0,2062.3,159,0.0,0.0,,0.0,
2020-04-04T20:25:23Z,Running,2020-04-04 20:47:02+00:00,-8.051639556884766,-34.949588775634766,-4.0,2067.3,159,3.0,5.0,1.6666666666666667,0.0,0.0
2020-04-04T20:25:23Z,Running,2020-04-04 20:47:02+00:00,-8.051639556884766,-34.949588775634766,-4.0,2067.3,159,0.0,0.0,,0.0,
2020-04-04T20:25:23Z,Running,2020-04-04 20:47:06+00:00,-8.051637649536133,-34.949649810791016,-4.0,2074.4,159,4.0,7.099999999999909,1.7749999999999773,0.0,0.0
2020-04-04T20:25:23Z,Running,2020-04-04 20:47:06+00:00,-8.051637649536133,-34.949649810791016,-4.0,2074.4,157,0.0,0.0,,0.0,
2020-04-04T20:25:23Z,Running,2020-04-04 20:47:10+00:00,-8.051639556884766,-34.94970703125,-4.0,2080.4,157,4.0,6.0,1.5,0.0,0.0
2020-04-04T20:25:23Z,Running,2020-04-04 20:47:10+00:00,-8.051639556884766,-34.94970703125,-4.0,2080.4,157,0.0,0.0,,0.0,
2020-04-04T20:25:23Z,Running,2020-04-04 20:47:14+00:00,-8.051634788513184,-34.949764251708984,-3.0,2086.5,158,4.0,6.099999999999909,1.5249999999999773,1.0,16.393442622951067
2020-04-04T20:25:23Z,Running,2020-04-04 20:47:14+00:00,-8.051634788513184,-34.949764251708984,-3.0,2086.5,158,0.0,0.0,,0.0,
2020-04-04T20:25:23Z,Running,2020-04-04 20:47:18+00:00,-8.051615715026855,-34.94981384277344,-3.0,2092.5,158,4.0,6.0,1.5,0.0,0.0
2020-04-04T20:25:23Z,Running,2020-04-04 20:47:18+00:00,-8.051615715026855,-34.94981384277344,-3.0,2092.5,157,0.0,0.0,,0.0,
2020-04-04T20:25:23Z,Running,2020-04-04 20:47:22+00:00,-8.051597595214844,-34.949867248535156,-3.0,2098.5,157,4.0,6.0,1.5,0.0,0.0
2020-04-04T20:25:23Z,Running,2020-04-04 20:47:22+00:00,-8.051597595214844,-34.949867248535156,-3.0,2098.5,157,0.0,0.0,,0.0,
2020-04-04T20:25:23Z,Running,2020-04-04 20:47:26+00:00,-8.051584243774414,-34.94992446899414,-3.0,2104.6,157,4.0,6.099999999999909,1.5249999999999773,0.0,0.0
2020-04-04T20:25:23Z,Running,2020-04-04 20:47:26+00:00,-8.051584243774414,-34.94992446899414,-3.0,2104.6,157,0.0,0.0,,0.0,
2020-04-04T20:25:23Z,Running,2020-04-04 20:47:30+00:00,-8.051567077636719,-34.94997787475586,-3.0,2110.6,156,4.0,6.0,1.5,0.0,0.0
2020-04-04T20:25:23Z,Running,2020-04-04 20:47:30+00:00,-8.051567077636719,-34.94997787475586,-3.0,2110.6,156,0.0,0.0,,0.0,
2020-04-04T20:25:23Z,Running,2020-04-04 20:47:34+00:00,-8.051555633544922,-34.95003890991211,-3.0,2117.6,157,4.0,7.0,1.75,0.0,0.0
2020-04-04T20:25:23Z,Running,2020-04-04 20:47:34+00:00,-8.051555633544922,-34.95003890991211,-3.0,2117.6,157,0.0,0.0,,0.0,
2020-04-04T20:25:23Z,Running,2020-04-04 20:47:38+00:00,-8.05155086517334,-34.950096130371094,-3.0,2123.7,158,4.0,6.099999999999909,1.5249999999999773,0.0,0.0
2020-04-04T20:25:23Z,Running,2020-04-04 20:47:38+00:00,-8.05155086517334,-34.950096130371094,-3.0,2123.7,158,0.0,0.0,,0.0,
2020-04-04T20:25:23Z,Running,2020-04-04 20:47:43+00:00,-8.051544189453125,-34.950164794921875,-3.0,2131.7,158,5.0,8.0,1.6,0.0,0.0
2020-04-04T20:25:23Z,Running,2020-04-04 20:47:43+00:00,-8.051544189453125,-34.950164794921875,-3.0,2131.7,158,0.0,0.0,,0.0,
2020-04-04T20:25:23Z,Running,2020-04-04 20:47:47+00:00,-8.051541328430176,-34.95022201538086,-3.0,2137.8,159,4.0,6.100000000000364,1.525000000000091,0.0,0.0
2020-04-04T20:25:23Z,Running,2020-04-04 20:47:47+00:00,-8.051541328430176,-34.95022201538086,-3.0,2137.8,158,0.0,0.0,,0.0,
2020-04-04T20:25:23Z,Running,2020-04-04 20:47:51+00:00,-8.051527976989746,-34.950279235839844,-3.0,2143.8,159,4.0,6.0,1.5,0.0,0.0
2020-04-04T20:25:23Z,Running,2020-04-04 20:47:51+00:00,-8.051527976989746,-34.950279235839844,-3.0,2143.8,160,0.0,0.0,,0.0,
2020-04-04T20:25:23Z,Running,2020-04-04 20:47:54+00:00,-8.051520347595215,-34.95032501220703,-3.0,2148.8,163,3.0,5.0,1.6666666666666667,0.0,0.0
2020-04-04T20:25:23Z,Running,2020-04-04 20:47:54+00:00,-8.051520347595215,-34.95032501220703,-3.0,2148.8,163,0.0,0.0,,0.0,
2020-04-04T20:25:23Z,Running,2020-04-04 20:47:58+00:00,-8.051512718200684,-34.95038604736328,-2.0,2155.9,163,4.0,7.099999999999909,1.7749999999999773,1.0,14.084507042253701
2020-04-04T20:25:23Z,Running,2020-04-04 20:47:58+00:00,-8.051512718200684,-34.95038604736328,-2.0,2155.9,161,0.0,0.0,,0.0,
2020-04-04T20:25:23Z,Running,2020-04-04 20:48:02+00:00,-8.051497459411621,-34.950439453125,-2.0,2161.9,158,4.0,6.0,1.5,0.0,0.0
2020-04-04T20:25:23Z,Running,2020-04-04 20:48:02+00:00,-8.051497459411621,-34.950439453125,-2.0,2161.9,157,0.0,0.0,,0.0,
2020-04-04T20:25:23Z,Running,2020-04-04 20:48:06+00:00,-8.051474571228027,-34.95049285888672,-2.0,2167.9,155,4.0,6.0,1.5,0.0,0.0
2020-04-04T20:25:23Z,Running,2020-04-04 20:48:06+00:00,-8.051474571228027,-34.95049285888672,-2.0,2167.9,155,0.0,0.0,,0.0,
2020-04-04T20:25:23Z,Running,2020-04-04 20:48:10+00:00,-8.05143928527832,-34.950538635253906,-2.0,2174.0,155,4.0,6.099999999999909,1.5249999999999773,0.0,0.0
2020-04-04T20:25:23Z,Running,2020-04-04 20:48:10+00:00,-8.05143928527832,-34.950538635253906,-2.0,2174.0,156,0.0,0.0,,0.0,
2020-04-04T20:25:23Z,Running,2020-04-04 20:48:14+00:00,-8.051389694213867,-34.95056915283203,-2.0,2180.0,157,4.0,6.0,1.5,0.0,0.0
2020-04-04T20:25:23Z,Running,2020-04-04 20:48:14+00:00,-8.051389694213867,-34.95056915283203,-2.0,2180.0,157,0.0,0.0,,0.0,
2020-04-04T20:25:23Z,Running,2020-04-04 20:48:18+00:00,-8.051328659057617,-34.950584411621094,-2.0,2187.1,158,4.0,7.099999999999909,1.7749999999999773,0.0,0.0
2020-04-04T20:25:23Z,Running,2020-04-04 20:48:18+00:00,-8.051328659057617,-34.950584411621094,-2.0,2187.1,158,0.0,0.0,,0.0,
2020-04-04T20:25:23Z,Running,2020-04-04 20:48:22+00:00,-8.051265716552734,-34.95058822631836,-2.0,2194.1,159,4.0,7.0,1.75,0.0,0.0
2020-04-04T20:25:23Z,Running,2020-04-04 20:48:22+00:00,-8.051265716552734,-34.95058822631836,-2.0,2194.1,159,0.0,0.0,,0.0,
2020-04-04T20:25:23Z,Running,2020-04-04 20:48:26+00:00,-8.051198959350586,-34.950584411621094,-2.0,2201.1,163,4.0,7.0,1.75,0.0,0.0
2020-04-04T20:25:23Z,Running,2020-04-04 20:48:26+00:00,-8.051198959350586,-34.950584411621094,-2.0,2201.1,163,0.0,0.0,,0.0,
2020-04-04T20:25:23Z,Running,2020-04-04 20:48:29+00:00,-8.05115032196045,-34.95057678222656,-2.0,2206.2,164,3.0,5.099999999999909,1.6999999999999698,0.0,0.0
2020-04-04T20:25:23Z,Running,2020-04-04 20:48:29+00:00,-8.05115032196045,-34.95057678222656,-2.0,2206.2,163,0.0,0.0,,0.0,
2020-04-04T20:25:23Z,Running,2020-04-04 20:48:33+00:00,-8.051087379455566,-34.95056915283203,0.0,2213.2,163,4.0,7.0,1.75,2.0,28.57142857142857
2020-04-04T20:25:23Z,Running,2020-04-04 20:48:33+00:00,-8.051087379455566,-34.95056915283203,0.0,2213.2,164,0.0,0.0,,0.0,
2020-04-04T20:25:23Z,Running,2020-04-04 20:48:37+00:00,-8.05102252960205,-34.9505615234375,0.0,2220.3,165,4.0,7.100000000000364,1.775000000000091,0.0,0.0
2020-04-04T20:25:23Z,Running,2020-04-04 20:48:37+00:00,-8.05102252960205,-34.9505615234375,0.0,2220.3,165,0.0,0.0,,0.0,
2020-04-04T20:25:23Z,Running,2020-04-04 20:48:41+00:00,-8.050959587097168,-34.95055389404297,0.0,2227.3,167,4.0,7.0,1.75,0.0,0.0
2020-04-04T20:25:23Z,Running,2020-04-04 20:48:41+00:00,-8.050959587097168,-34.95055389404297,0.0,2227.3,167,0.0,0.0,,0.0,
2020-04-04T20:25:23Z,Running,2020-04-04 20:48:45+00:00,-8.050898551940918,-34.9505500793457,0.0,2234.3,167,4.0,7.0,1.75,0.0,0.0
2020-04-04T20:25:23Z,Running,2020-04-04 20:48:45+00:00,-8.050898551940918,-34.9505500793457,0.0,2234.3,167,0.0,0.0,,0.0,
2020-04-04T20:25:23Z,Running,2020-04-04 20:48:49+00:00,-8.050833702087402,-34.95055389404297,0.0,2241.4,168,4.0,7.099999999999909,1.7749999999999773,0.0,0.0
2020-04-04T20:25:23Z,Running,2020-04-04 20:48:49+00:00,-8.050833702087402,-34.95055389404297,0.0,2241.4,168,0.0,0.0,,0.0,
2020-04-04T20:25:23Z,Running,2020-04-04 20:48:53+00:00,-8.050766944885254,-34.9505500793457,0.0,2248.4,168,4.0,7.0,1.75,0.0,0.0
2020-04-04T20:25:23Z,Running,2020-04-04 20:48:53+00:00,-8.050766944885254,-34.9505500793457,0.0,2248.4,166,0.0,0.0,,0.0,
2020-04-04T20:25:23Z,Running,2020-04-04 20:48:56+00:00,-8.050718307495117,-34.95054626464844,0.0,2253.5,166,3.0,5.099999999999909,1.6999999999999698,0.0,0.0
2020-04-04T20:25:23Z,Running,2020-04-04 20:48:56+00:00,-8.050718307495117,-34.95054626464844,0.0,2253.5,166,0.0,0.0,,0.0,
2020-04-04T20:25:23Z,Running,2020-04-04 20:49:00+00:00,-8.050655364990234,-34.950531005859375,0.0,2260.5,166,4.0,7.0,1.75,0.0,0.0
2020-04-04T20:25:23Z,Running,2020-04-04 20:49:00+00:00,-8.050655364990234,-34.950531005859375,0.0,2260.5,166,0.0,0.0,,0.0,
2020-04-04T20:25:23Z,Running,2020-04-04 20:49:04+00:00,-8.050599098205566,-34.95051956176758,0.0,2266.5,167,4.0,6.0,1.5,0.0,0.0
2020-04-04T20:25:23Z,Running,2020-04-04 20:49:04+00:00,-8.050599098205566,-34.95051956176758,0.0,2266.5,167,0.0,0.0,,0.0,
2020-04-04T20:25:23Z,Running,2020-04-04 20:49:08+00:00,-8.050540924072266,-34.95051193237305,0.0,2272.6,169,4.0,6.099999999999909,1.5249999999999773,0.0,0.0
2020-04-04T20:25:23Z,Running,2020-04-04 20:49:08+00:00,-8.050540924072266,-34.95051193237305,0.0,2272.6,169,0.0,0.0,,0.0,
2020-04-04T20:25:23Z,Running,2020-04-04 20:49:13+00:00,-8.050466537475586,-34.95050048828125,0.0,2280.6,169,5.0,8.0,1.6,0.0,0.0
2020-04-04T20:25:23Z,Running,2020-04-04 20:49:13+00:00,-8.050466537475586,-34.95050048828125,0.0,2280.6,169,0.0,0.0,,0.0,
2020-04-04T20:25:23Z,Running,2020-04-04 20:49:17+00:00,-8.05040454864502,-34.95049285888672,0.0,2287.7,169,4.0,7.099999999999909,1.7749999999999773,0.0,0.0
2020-04-04T20:25:23Z,Running,2020-04-04 20:49:17+00:00,-8.05040454864502,-34.95049285888672,0.0,2287.7,169,0.0,0.0,,0.0,
2020-04-04T20:25:23Z,Running,2020-04-04 20:49:21+00:00,-8.05034351348877,-34.95049285888672,0.0,2294.7,170,4.0,7.0,1.75,0.0,0.0
2020-04-04T20:25:23Z,Running,2020-04-04 20:49:21+00:00,-8.05034351348877,-34.95049285888672,0.0,2294.7,169,0.0,0.0,,0.0,
2020-04-04T20:25:23Z,Running,2020-04-04 20:49:25+00:00,-8.050277709960938,-34.95048522949219,0.0,2301.7,168,4.0,7.0,1.75,0.0,0.0
2020-04-04T20:25:23Z,Running,2020-04-04 20:49:25+00:00,-8.050277709960938,-34.95048522949219,0.0,2301.7,168,0.0,0.0,,0.0,
2020-04-04T20:25:23Z,Running,2020-04-04 20:49:29+00:00,-8.050220489501953,-34.950477600097656,0.0,2307.8,167,4.0,6.100000000000364,1.525000000000091,0.0,0.0
2020-04-04T20:25:23Z,Running,2020-04-04 20:49:29+00:00,-8.050220489501953,-34.950477600097656,0.0,2307.8,167,0.0,0.0,,0.0,
2020-04-04T20:25:23Z,Running,2020-04-04 20:49:33+00:00,-8.050159454345703,-34.95047378540039,0.0,2314.8,167,4.0,7.0,1.75,0.0,0.0
2020-04-04T20:25:23Z,Running,2020-04-04 20:49:33+00:00,-8.050159454345703,-34.95047378540039,0.0,2314.8,166,0.0,0.0,,0.0,
2020-04-04T20:25:23Z,Running,2020-04-04 20:49:36+00:00,-8.0501127243042,-34.95046615600586,1.0,2319.8,166,3.0,5.0,1.6666666666666667,1.0,20.0
2020-04-04T20:25:23Z,Running,2020-04-04 20:49:36+00:00,-8.0501127243042,-34.95046615600586,1.0,2319.8,165,0.0,0.0,,0.0,
2020-04-04T20:25:23Z,Running,2020-04-04 20:49:40+00:00,-8.05005168914795,-34.9504508972168,1.0,2326.9,166,4.0,7.099999999999909,1.7749999999999773,0.0,0.0
2020-04-04T20:25:23Z,Running,2020-04-04 20:49:40+00:00,-8.05005168914795,-34.9504508972168,1.0,2326.9,166,0.0,0.0,,0.0,
2020-04-04T20:25:23Z,Running,2020-04-04 20:49:44+00:00,-8.049982070922852,-34.95045471191406,1.0,2334.9,167,4.0,8.0,2.0,0.0,0.0
2020-04-04T20:25:23Z,Running,2020-04-04 20:49:44+00:00,-8.049982070922852,-34.95045471191406,1.0,2334.9,166,0.0,0.0,,0.0,
2020-04-04T20:25:23Z,Running,2020-04-04 20:49:47+00:00,-8.049932479858398,-34.95044708251953,1.0,2341.0,166,3.0,6.099999999999909,2.033333333333303,0.0,0.0
2020-04-04T20:25:23Z,Running,2020-04-04 20:49:47+00:00,-8.049932479858398,-34.95044708251953,1.0,2341.0,165,0.0,0.0,,0.0,
2020-04-04T20:25:23Z,Running,2020-04-04 20:49:51+00:00,-8.0498685836792,-34.950443267822266,1.0,2348.0,165,4.0,7.0,1.75,0.0,0.0
2020-04-04T20:25:23Z,Running,2020-04-04 20:49:51+00:00,-8.0498685836792,-34.950443267822266,1.0,2348.0,165,0.0,0.0,,0.0,
2020-04-04T20:25:23Z,Running,2020-04-04 20:49:55+00:00,-8.049810409545898,-34.950439453125,1.0,2354.1,165,4.0,6.099999999999909,1.5249999999999773,0.0,0.0
2020-04-04T20:25:23Z,Running,2020-04-04 20:49:55+00:00,-8.049810409545898,-34.950439453125,1.0,2354.1,163,0.0,0.0,,0.0,
2020-04-04T20:25:23Z,Running,2020-04-04 20:49:59+00:00,-8.049751281738281,-34.95043182373047,1.0,2361.1,161,4.0,7.0,1.75,0.0,0.0
2020-04-04T20:25:23Z,Running,2020-04-04 20:49:59+00:00,-8.049751281738281,-34.95043182373047,1.0,2361.1,160,0.0,0.0,,0.0,
2020-04-04T20:25:23Z,Running,2020-04-04 20:50:03+00:00,-8.04969310760498,-34.95042419433594,1.0,2367.1,160,4.0,6.0,1.5,0.0,0.0
2020-04-04T20:25:23Z,Running,2020-04-04 20:50:03+00:00,-8.04969310760498,-34.95042419433594,1.0,2367.1,160,0.0,0.0,,0.0,
2020-04-04T20:25:23Z,Running,2020-04-04 20:50:07+00:00,-8.049633979797363,-34.950416564941406,1.0,2374.2,163,4.0,7.099999999999909,1.7749999999999773,0.0,0.0
2020-04-04T20:25:23Z,Running,2020-04-04 20:50:07+00:00,-8.049633979797363,-34.950416564941406,1.0,2374.2,163,0.0,0.0,,0.0,
2020-04-04T20:25:23Z,Running,2020-04-04 20:50:11+00:00,-8.049574851989746,-34.950408935546875,1.0,2381.2,166,4.0,7.0,1.75,0.0,0.0
2020-04-04T20:25:23Z,Running,2020-04-04 20:50:11+00:00,-8.049574851989746,-34.950408935546875,1.0,2381.2,166,0.0,0.0,,0.0,
2020-04-04T20:25:23Z,Running,2020-04-04 20:50:15+00:00,-8.049515724182129,-34.950401306152344,1.0,2388.3,167,4.0,7.100000000000364,1.775000000000091,0.0,0.0
2020-04-04T20:25:23Z,Running,2020-04-04 20:50:15+00:00,-8.049515724182129,-34.950401306152344,1.0,2388.3,167,0.0,0.0,,0.0,
2020-04-04T20:25:23Z,Running,2020-04-04 20:50:19+00:00,-8.049454689025879,-34.950401306152344,1.0,2395.3,169,4.0,7.0,1.75,0.0,0.0
2020-04-04T20:25:23Z,Running,2020-04-04 20:50:19+00:00,-8.049454689025879,-34.950401306152344,1.0,2395.3,169,0.0,0.0,,0.0,
2020-04-04T20:25:23Z,Running,2020-04-04 20:50:23+00:00,-8.049396514892578,-34.95039367675781,1.0,2401.3,171,4.0,6.0,1.5,0.0,0.0
2020-04-04T20:25:23Z,Running,2020-04-04 20:50:23+00:00,-8.049396514892578,-34.95039367675781,1.0,2401.3,170,0.0,0.0,,0.0,
2020-04-04T20:25:23Z,Running,2020-04-04 20:50:27+00:00,-8.049336433410645,-34.95038604736328,1.0,2408.4,168,4.0,7.099999999999909,1.7749999999999773,0.0,0.0
2020-04-04T20:25:23Z,Running,2020-04-04 20:50:27+00:00,-8.049336433410645,-34.95038604736328,1.0,2408.4,167,0.0,0.0,,0.0,
2020-04-04T20:25:23Z,Running,2020-04-04 20:50:31+00:00,-8.049281120300293,-34.95037841796875,1.0,2414.4,164,4.0,6.0,1.5,0.0,0.0
2020-04-04T20:25:23Z,Running,2020-04-04 20:50:31+00:00,-8.049281120300293,-34.95037841796875,1.0,2414.4,162,0.0,0.0,,0.0,
2020-04-04T20:25:23Z,Running,2020-04-04 20:50:35+00:00,-8.04922103881836,-34.95036697387695,1.0,2421.5,161,4.0,7.099999999999909,1.7749999999999773,0.0,0.0
2020-04-04T20:25:23Z,Running,2020-04-04 20:50:35+00:00,-8.04922103881836,-34.95036697387695,1.0,2421.5,161,0.0,0.0,,0.0,
2020-04-04T20:25:23Z,Running,2020-04-04 20:50:39+00:00,-8.049164772033691,-34.95035934448242,1.0,2427.5,163,4.0,6.0,1.5,0.0,0.0
2020-04-04T20:25:23Z,Running,2020-04-04 20:50:39+00:00,-8.049164772033691,-34.95035934448242,1.0,2427.5,162,0.0,0.0,,0.0,
2020-04-04T20:25:23Z,Running,2020-04-04 20:50:44+00:00,-8.049091339111328,-34.950347900390625,1.0,2435.5,164,5.0,8.0,1.6,0.0,0.0
2020-04-04T20:25:23Z,Running,2020-04-04 20:50:44+00:00,-8.049091339111328,-34.950347900390625,1.0,2435.5,164,0.0,0.0,,0.0,
2020-04-04T20:25:23Z,Running,2020-04-04 20:50:48+00:00,-8.049032211303711,-34.95034408569336,1.0,2442.6,164,4.0,7.099999999999909,1.7749999999999773,0.0,0.0
2020-04-04T20:25:23Z,Running,2020-04-04 20:50:48+00:00,-8.049032211303711,-34.95034408569336,1.0,2442.6,164,0.0,0.0,,0.0,
2020-04-04T20:25:23Z,Running,2020-04-04 20:50:52+00:00,-8.048974990844727,-34.95034408569336,1.0,2448.6,164,4.0,6.0,1.5,0.0,0.0
2020-04-04T20:25:23Z,Running,2020-04-04 20:50:52+00:00,-8.048974990844727,-34.95034408569336,1.0,2448.6,163,0.0,0.0,,0.0,
2020-04-04T20:25:23Z,Running,2020-04-04 20:50:56+00:00,-8.04891586303711,-34.95034408569336,1.0,2455.7,163,4.0,7.099999999999909,1.7749999999999773,0.0,0.0
2020-04-04T20:25:23Z,Running,2020-04-04 20:50:56+00:00,-8.04891586303711,-34.95034408569336,1.0,2455.7,161,0.0,0.0,,0.0,
2020-04-04T20:25:23Z,Running,2020-04-04 20:51:00+00:00,-8.048858642578125,-34.95035171508789,1.0,2461.7,161,4.0,6.0,1.5,0.0,0.0
2020-04-04T20:25:23Z,Running,2020-04-04 20:51:00+00:00,-8.048858642578125,-34.95035171508789,1.0,2461.7,161,0.0,0.0,,0.0,
2020-04-04T20:25:23Z,Running,2020-04-04 20:51:04+00:00,-8.048805236816406,-34.95036315917969,1.0,2467.7,161,4.0,6.0,1.5,0.0,0.0
2020-04-04T20:25:23Z,Running,2020-04-04 20:51:04+00:00,-8.048805236816406,-34.95036315917969,1.0,2467.7,163,0.0,0.0,,0.0,
2020-04-04T20:25:23Z,Running,2020-04-04 20:51:08+00:00,-8.04875373840332,-34.95039367675781,1.0,2474.8,162,4.0,7.100000000000364,1.775000000000091,0.0,0.0
2020-04-04T20:25:23Z,Running,2020-04-04 20:51:08+00:00,-8.04875373840332,-34.95039367675781,1.0,2474.8,160,0.0,0.0,,0.0,
2020-04-04T20:25:23Z,Running,2020-04-04 20:51:11+00:00,-8.048718452453613,-34.950416564941406,2.0,2479.8,160,3.0,5.0,1.6666666666666667,1.0,20.0
2020-04-04T20:25:23Z,Running,2020-04-04 20:51:11+00:00,-8.048718452453613,-34.950416564941406,2.0,2479.8,159,0.0,0.0,,0.0,
2020-04-04T20:25:23Z,Running,2020-04-04 20:51:16+00:00,-8.04867172241211,-34.950462341308594,2.0,2486.8,159,5.0,7.0,1.4,0.0,0.0
2020-04-04T20:25:23Z,Running,2020-04-04 20:51:16+00:00,-8.04867172241211,-34.950462341308594,2.0,2486.8,160,0.0,0.0,,0.0,
2020-04-04T20:25:23Z,Running,2020-04-04 20:51:20+00:00,-8.048643112182617,-34.95051574707031,2.0,2493.9,160,4.0,7.099999999999909,1.7749999999999773,0.0,0.0
2020-04-04T20:25:23Z,Running,2020-04-04 20:51:20+00:00,-8.048643112182617,-34.95051574707031,2.0,2493.9,160,0.0,0.0,,0.0,
2020-04-04T20:25:23Z,Running,2020-04-04 20:51:23+00:00,-8.048624038696289,-34.9505615234375,2.0,2498.9,160,3.0,5.0,1.6666666666666667,0.0,0.0
2020-04-04T20:25:23Z,Running,2020-04-04 20:51:23+00:00,-8.048624038696289,-34.9505615234375,2.0,2498.9,160,0.0,0.0,,0.0,
2020-04-04T20:25:23Z,Running,2020-04-04 20:51:27+00:00,-8.048609733581543,-34.950618743896484,2.0,2506.0,160,4.0,7.099999999999909,1.7749999999999773,0.0,0.0
2020-04-04T20:25:23Z,Running,2020-04-04 20:51:27+00:00,-8.048609733581543,-34.950618743896484,2.0,2506.0,161,0.0,0.0,,0.0,
2020-04-04T20:25:23Z,Running,2020-04-04 20:51:30+00:00,-8.048604965209961,-34.95066833496094,2.0,2511.0,163,3.0,5.0,1.6666666666666667,0.0,0.0
2020-04-04T20:25:23Z,Running,2020-04-04 20:51:30+00:00,-8.048604965209961,-34.95066833496094,2.0,2511.0,163,0.0,0.0,,0.0,
2020-04-04T20:25:23Z,Running,2020-04-04 20:51:34+00:00,-8.048603057861328,-34.95072937011719,2.0,2518.0,166,4.0,7.0,1.75,0.0,0.0
2020-04-04T20:25:23Z,Running,2020-04-04 20:51:34+00:00,-8.048603057861328,-34.95072937011719,2.0,2518.0,166,0.0,0.0,,0.0,
2020-04-04T20:25:23Z,Running,2020-04-04 20:51:38+00:00,-8.048604965209961,-34.9507942199707,2.0,2525.1,166,4.0,7.099999999999909,1.7749999999999773,0.0,0.0
2020-04-04T20:25:23Z,Running,2020-04-04 20:51:38+00:00,-8.048604965209961,-34.9507942199707,2.0,2525.1,166,0.0,0.0,,0.0,
2020-04-04T20:25:23Z,Running,2020-04-04 20:51:42+00:00,-8.048600196838379,-34.95085144042969,2.0,2531.1,166,4.0,6.0,1.5,0.0,0.0
2020-04-04T20:25:23Z,Running,2020-04-04 20:51:42+00:00,-8.048600196838379,-34.95085144042969,2.0,2531.1,166,0.0,0.0,,0.0,
2020-04-04T20:25:23Z,Running,2020-04-04 20:51:46+00:00,-8.048596382141113,-34.95091247558594,2.0,2538.2,165,4.0,7.099999999999909,1.7749999999999773,0.0,0.0
2020-04-04T20:25:23Z,Running,2020-04-04 20:51:46+00:00,-8.048596382141113,-34.95091247558594,2.0,2538.2,164,0.0,0.0,,0.0,
2020-04-04T20:25:23Z,Running,2020-04-04 20:51:50+00:00,-8.048591613769531,-34.950965881347656,2.0,2544.2,164,4.0,6.0,1.5,0.0,0.0
2020-04-04T20:25:23Z,Running,2020-04-04 20:51:50+00:00,-8.048591613769531,-34.950965881347656,2.0,2544.2,164,0.0,0.0,,0.0,
2020-04-04T20:25:23Z,Running,2020-04-04 20:51:54+00:00,-8.048587799072266,-34.951026916503906,2.0,2551.2,164,4.0,7.0,1.75,0.0,0.0
2020-04-04T20:25:23Z,Running,2020-04-04 20:51:54+00:00,-8.048587799072266,-34.951026916503906,2.0,2551.2,164,0.0,0.0,,0.0,
2020-04-04T20:25:23Z,Running,2020-04-04 20:51:58+00:00,-8.048582077026367,-34.951087951660156,2.0,2558.3,165,4.0,7.100000000000364,1.775000000000091,0.0,0.0
2020-04-04T20:25:23Z,Running,2020-04-04 20:51:58+00:00,-8.048582077026367,-34.951087951660156,2.0,2558.3,164,0.0,0.0,,0.0,
2020-04-04T20:25:23Z,Running,2020-04-04 20:52:01+00:00,-8.048575401306152,-34.95113754272461,2.0,2564.3,163,3.0,6.0,2.0,0.0,0.0
2020-04-04T20:25:23Z,Running,2020-04-04 20:52:01+00:00,-8.048575401306152,-34.95113754272461,2.0,2564.3,165,0.0,0.0,,0.0,
2020-04-04T20:25:23Z,Running,2020-04-04 20:52:05+00:00,-8.048569679260254,-34.951202392578125,2.0,2571.4,165,4.0,7.099999999999909,1.7749999999999773,0.0,0.0
2020-04-04T20:25:23Z,Running,2020-04-04 20:52:05+00:00,-8.048569679260254,-34.951202392578125,2.0,2571.4,164,0.0,0.0,,0.0,
2020-04-04T20:25:23Z,Running,2020-04-04 20:52:09+00:00,-8.048562049865723,-34.951255798339844,1.0,2577.4,164,4.0,6.0,1.5,-1.0,-16.666666666666664
2020-04-04T20:25:23Z,Running,2020-04-04 20:52:09+00:00,-8.048562049865723,-34.951255798339844,1.0,2577.4,163,0.0,0.0,,0.0,
2020-04-04T20:25:23Z,Running,2020-04-04 20:52:13+00:00,-8.04855728149414,-34.95131301879883,-3.0,2583.4,163,4.0,6.0,1.5,-4.0,-66.66666666666666
2020-04-04T20:25:23Z,Running,2020-04-04 20:52:13+00:00,-8.04855728149414,-34.95131301879883,-3.0,2583.4,163,0.0,0.0,,0.0,
2020-04-04T20:25:23Z,Running,2020-04-04 20:52:17+00:00,-8.048554420471191,-34.95137405395508,-4.0,2590.5,160,4.0,7.099999999999909,1.7749999999999773,-1.0,-14.084507042253701
2020-04-04T20:25:23Z,Running,2020-04-04 20:52:17+00:00,-8.048554420471191,-34.95137405395508,-4.0,2590.5,160,0.0,0.0,,0.0,
2020-04-04T20:25:23Z,Running,2020-04-04 20:52:21+00:00,-8.048553466796875,-34.95143508911133,-4.0,2597.5,161,4.0,7.0,1.75,0.0,0.0
2020-04-04T20:25:23Z,Running,2020-04-04 20:52:21+00:00,-8.048553466796875,-34.95143508911133,-4.0,2597.5,161,0.0,0.0,,0.0,
2020-04-04T20:25:23Z,Running,2020-04-04 20:52:25+00:00,-8.048551559448242,-34.95149612426758,-4.0,2604.5,159,4.0,7.0,1.75,0.0,0.0
2020-04-04T20:25:23Z,Running,2020-04-04 20:52:25+00:00,-8.048551559448242,-34.95149612426758,-4.0,2604.5,159,0.0,0.0,,0.0,
2020-04-04T20:25:23Z,Running,2020-04-04 20:52:29+00:00,-8.048550605773926,-34.951560974121094,-4.0,2611.6,158,4.0,7.099999999999909,1.7749999999999773,0.0,0.0
2020-04-04T20:25:23Z,Running,2020-04-04 20:52:29+00:00,-8.048550605773926,-34.951560974121094,-4.0,2611.6,158,0.0,0.0,,0.0,
2020-04-04T20:25:23Z,Running,2020-04-04 20:52:33+00:00,-8.04854965209961,-34.951622009277344,-4.0,2618.6,158,4.0,7.0,1.75,0.0,0.0
2020-04-04T20:25:23Z,Running,2020-04-04 20:52:33+00:00,-8.04854965209961,-34.951622009277344,-4.0,2618.6,158,0.0,0.0,,0.0,
2020-04-04T20:25:23Z,Running,2020-04-04 20:52:36+00:00,-8.048543930053711,-34.95166778564453,-4.0,2623.7,159,3.0,5.099999999999909,1.6999999999999698,0.0,0.0
2020-04-04T20:25:23Z,Running,2020-04-04 20:52:36+00:00,-8.048543930053711,-34.95166778564453,-4.0,2623.7,159,0.0,0.0,,0.0,
2020-04-04T20:25:23Z,Running,2020-04-04 20:52:40+00:00,-8.048530578613281,-34.951725006103516,-3.0,2629.7,158,4.0,6.0,1.5,1.0,16.666666666666664
2020-04-04T20:25:23Z,Running,2020-04-04 20:52:40+00:00,-8.048530578613281,-34.951725006103516,-3.0,2629.7,157,0.0,0.0,,0.0,
2020-04-04T20:25:23Z,Running,2020-04-04 20:52:44+00:00,-8.048524856567383,-34.95178985595703,-3.0,2636.7,158,4.0,7.0,1.75,0.0,0.0
2020-04-04T20:25:23Z,Running,2020-04-04 20:52:44+00:00,-8.048524856567383,-34.95178985595703,-3.0,2636.7,158,0.0,0.0,,0.0,
2020-04-04T20:25:23Z,Running,2020-04-04 20:52:48+00:00,-8.04852294921875,-34.951847076416016,-3.0,2642.8,159,4.0,6.100000000000364,1.525000000000091,0.0,0.0
2020-04-04T20:25:23Z,Running,2020-04-04 20:52:48+00:00,-8.04852294921875,-34.951847076416016,-3.0,2642.8,159,0.0,0.0,,0.0,
2020-04-04T20:25:23Z,Running,2020-04-04 20:52:52+00:00,-8.048521995544434,-34.951908111572266,-2.0,2649.8,160,4.0,7.0,1.75,1.0,14.285714285714285
2020-04-04T20:25:23Z,Running,2020-04-04 20:52:52+00:00,-8.048521995544434,-34.951908111572266,-2.0,2649.8,160,0.0,0.0,,0.0,
2020-04-04T20:25:23Z,Running,2020-04-04 20:52:56+00:00,-8.04851245880127,-34.951969146728516,-2.0,2656.9,160,4.0,7.099999999999909,1.7749999999999773,0.0,0.0
2020-04-04T20:25:23Z,Running,2020-04-04 20:52:56+00:00,-8.04851245880127,-34.951969146728516,-2.0,2656.9,160,0.0,0.0,,0.0,
2020-04-04T20:25:23Z,Running,2020-04-04 20:53:00+00:00,-8.048498153686523,-34.952030181884766,-2.0,2663.9,160,4.0,7.0,1.75,0.0,0.0
2020-04-04T20:25:23Z,Running,2020-04-04 20:53:00+00:00,-8.048498153686523,-34.952030181884766,-2.0,2663.9,161,0.0,0.0,,0.0,
2020-04-04T20:25:23Z,Running,2020-04-04 20:53:04+00:00,-8.04848575592041,-34.95208740234375,-1.0,2669.9,161,4.0,6.0,1.5,1.0,16.666666666666664
2020-04-04T20:25:23Z,Running,2020-04-04 20:53:04+00:00,-8.04848575592041,-34.95208740234375,-1.0,2669.9,162,0.0,0.0,,0.0,
2020-04-04T20:25:23Z,Running,2020-04-04 20:53:08+00:00,-8.048474311828613,-34.9521484375,-1.0,2677.0,163,4.0,7.099999999999909,1.7749999999999773,0.0,0.0
2020-04-04T20:25:23Z,Running,2020-04-04 20:53:08+00:00,-8.048474311828613,-34.9521484375,-1.0,2677.0,163,0.0,0.0,,0.0,
2020-04-04T20:25:23Z,Running,2020-04-04 20:53:12+00:00,-8.048470497131348,-34.95220947265625,-1.0,2684.0,162,4.0,7.0,1.75,0.0,0.0
2020-04-04T20:25:23Z,Running,2020-04-04 20:53:12+00:00,-8.048470497131348,-34.95220947265625,-1.0,2684.0,162,0.0,0.0,,0.0,
2020-04-04T20:25:23Z,Running,2020-04-04 20:53:15+00:00,-8.048467636108398,-34.9522590637207,-1.0,2689.1,161,3.0,5.099999999999909,1.6999999999999698,0.0,0.0
2020-04-04T20:25:23Z,Running,2020-04-04 20:53:15+00:00,-8.048467636108398,-34.9522590637207,-1.0,2689.1,161,0.0,0.0,,0.0,
2020-04-04T20:25:23Z,Running,2020-04-04 20:53:19+00:00,-8.048468589782715,-34.95232391357422,-1.0,2696.1,163,4.0,7.0,1.75,0.0,0.0
2020-04-04T20:25:23Z,Running,2020-04-04 20:53:19+00:00,-8.048468589782715,-34.95232391357422,-1.0,2696.1,163,0.0,0.0,,0.0,
2020-04-04T20:25:23Z,Running,2020-04-04 20:53:23+00:00,-8.048467636108398,-34.9523811340332,0.0,2702.1,164,4.0,6.0,1.5,1.0,16.666666666666664
2020-04-04T20:25:23Z,Running,2020-04-04 20:53:23+00:00,-8.048467636108398,-34.9523811340332,0.0,2702.1,164,0.0,0.0,,0.0,
2020-04-04T20:25:23Z,Running,2020-04-04 20:53:27+00:00,-8.048460006713867,-34.95243835449219,0.0,2708.2,165,4.0,6.099999999999909,1.5249999999999773,0.0,0.0
2020-04-04T20:25:23Z,Running,2020-04-04 20:53:27+00:00,-8.048460006713867,-34.95243835449219,0.0,2708.2,165,0.0,0.0,,0.0,
2020-04-04T20:25:23Z,Running,2020-04-04 20:53:31+00:00,-8.048453330993652,-34.95249938964844,0.0,2715.2,166,4.0,7.0,1.75,0.0,0.0
2020-04-04T20:25:23Z,Running,2020-04-04 20:53:31+00:00,-8.048453330993652,-34.95249938964844,0.0,2715.2,167,0.0,0.0,,0.0,
2020-04-04T20:25:23Z,Running,2020-04-04 20:53:35+00:00,-8.048444747924805,-34.95255661010742,0.0,2721.2,168,4.0,6.0,1.5,0.0,0.0
2020-04-04T20:25:23Z,Running,2020-04-04 20:53:35+00:00,-8.048444747924805,-34.95255661010742,0.0,2721.2,168,0.0,0.0,,0.0,
2020-04-04T20:25:23Z,Running,2020-04-04 20:53:39+00:00,-8.048440933227539,-34.95261764526367,0.0,2728.3,169,4.0,7.100000000000364,1.775000000000091,0.0,0.0
2020-04-04T20:25:23Z,Running,2020-04-04 20:53:39+00:00,-8.048440933227539,-34.95261764526367,0.0,2728.3,168,0.0,0.0,,0.0,
2020-04-04T20:25:23Z,Running,2020-04-04 20:53:42+00:00,-8.048443794250488,-34.95266342163086,0.0,2733.3,167,3.0,5.0,1.6666666666666667,0.0,0.0
2020-04-04T20:25:23Z,Running,2020-04-04 20:53:42+00:00,-8.048443794250488,-34.95266342163086,0.0,2733.3,167,0.0,0.0,,0.0,
2020-04-04T20:25:23Z,Running,2020-04-04 20:53:46+00:00,-8.048447608947754,-34.95271682739258,0.0,2739.4,166,4.0,6.099999999999909,1.5249999999999773,0.0,0.0
2020-04-04T20:25:23Z,Running,2020-04-04 20:53:46+00:00,-8.048447608947754,-34.95271682739258,0.0,2739.4,166,0.0,0.0,,0.0,
2020-04-04T20:25:23Z,Running,2020-04-04 20:53:50+00:00,-8.048460960388184,-34.95277404785156,0.0,2745.4,169,4.0,6.0,1.5,0.0,0.0
2020-04-04T20:25:23Z,Running,2020-04-04 20:53:50+00:00,-8.048460960388184,-34.95277404785156,0.0,2745.4,169,0.0,0.0,,0.0,
2020-04-04T20:25:23Z,Running,2020-04-04 20:53:54+00:00,-8.048486709594727,-34.95281982421875,0.0,2751.4,170,4.0,6.0,1.5,0.0,0.0
2020-04-04T20:25:23Z,Running,2020-04-04 20:53:54+00:00,-8.048486709594727,-34.95281982421875,0.0,2751.4,170,0.0,0.0,,0.0,
2020-04-04T20:25:23Z,Running,2020-04-04 20:53:58+00:00,-8.048517227172852,-34.952857971191406,0.0,2756.5,171,4.0,5.099999999999909,1.2749999999999773,0.0,0.0
2020-04-04T20:25:23Z,Running,2020-04-04 20:53:58+00:00,-8.048517227172852,-34.952857971191406,0.0,2756.5,171,0.0,0.0,,0.0,
2020-04-04T20:25:23Z,Running,2020-04-04 20:54:02+00:00,-8.048556327819824,-34.95289993286133,2.0,2762.5,171,4.0,6.0,1.5,2.0,33.33333333333333
2020-04-04T20:25:23Z,Running,2020-04-04 20:54:02+00:00,-8.048556327819824,-34.95289993286133,2.0,2762.5,171,0.0,0.0,,0.0,
2020-04-04T20:25:23Z,Running,2020-04-04 20:54:06+00:00,-8.048603057861328,-34.95293045043945,2.0,2768.5,171,4.0,6.0,1.5,0.0,0.0
2020-04-04T20:25:23Z,Running,2020-04-04 20:54:06+00:00,-8.048603057861328,-34.95293045043945,2.0,2768.5,171,0.0,0.0,,0.0,
2020-04-04T20:25:23Z,Running,2020-04-04 20:54:10+00:00,-8.048654556274414,-34.95294952392578,2.0,2774.6,170,4.0,6.099999999999909,1.5249999999999773,0.0,0.0
2020-04-04T20:25:23Z,Running,2020-04-04 20:54:10+00:00,-8.048654556274414,-34.95294952392578,2.0,2774.6,170,0.0,0.0,,0.0,
2020-04-04T20:25:23Z,Running,2020-04-04 20:54:14+00:00,-8.048710823059082,-34.952964782714844,2.0,2780.6,169,4.0,6.0,1.5,0.0,0.0
2020-04-04T20:25:23Z,Running,2020-04-04 20:54:14+00:00,-8.048710823059082,-34.952964782714844,2.0,2780.6,169,0.0,0.0,,0.0,
2020-04-04T20:25:23Z,Running,2020-04-04 20:54:18+00:00,-8.048771858215332,-34.95297622680664,2.0,2787.6,168,4.0,7.0,1.75,0.0,0.0
2020-04-04T20:25:23Z,Running,2020-04-04 20:54:18+00:00,-8.048771858215332,-34.95297622680664,2.0,2787.6,167,0.0,0.0,,0.0,
2020-04-04T20:25:23Z,Running,2020-04-04 20:54:22+00:00,-8.04883098602295,-34.95297622680664,2.0,2794.7,167,4.0,7.099999999999909,1.7749999999999773,0.0,0.0
2020-04-04T20:25:23Z,Running,2020-04-04 20:54:22+00:00,-8.04883098602295,-34.95297622680664,2.0,2794.7,167,0.0,0.0,,0.0,
2020-04-04T20:25:23Z,Running,2020-04-04 20:54:26+00:00,-8.048891067504883,-34.95298385620117,2.0,2801.7,166,4.0,7.0,1.75,0.0,0.0
2020-04-04T20:25:23Z,Running,2020-04-04 20:54:26+00:00,-8.048891067504883,-34.95298385620117,2.0,2801.7,165,0.0,0.0,,0.0,
2020-04-04T20:25:23Z,Running,2020-04-04 20:54:30+00:00,-8.048949241638184,-34.95299530029297,2.0,2808.8,163,4.0,7.100000000000364,1.775000000000091,0.0,0.0
2020-04-04T20:25:23Z,Running,2020-04-04 20:54:30+00:00,-8.048949241638184,-34.95299530029297,2.0,2808.8,163,0.0,0.0,,0.0,
2020-04-04T20:25:23Z,Running,2020-04-04 20:54:34+00:00,-8.049006462097168,-34.95301055908203,2.0,2815.8,165,4.0,7.0,1.75,0.0,0.0
2020-04-04T20:25:23Z,Running,2020-04-04 20:54:34+00:00,-8.049006462097168,-34.95301055908203,2.0,2815.8,166,0.0,0.0,,0.0,
2020-04-04T20:25:23Z,Running,2020-04-04 20:54:38+00:00,-8.049068450927734,-34.95301818847656,2.0,2822.9,168,4.0,7.099999999999909,1.7749999999999773,0.0,0.0
2020-04-04T20:25:23Z,Running,2020-04-04 20:54:38+00:00,-8.049068450927734,-34.95301818847656,2.0,2822.9,166,0.0,0.0,,0.0,
2020-04-04T20:25:23Z,Running,2020-04-04 20:54:42+00:00,-8.049132347106934,-34.95301818847656,2.0,2829.9,165,4.0,7.0,1.75,0.0,0.0
2020-04-04T20:25:23Z,Running,2020-04-04 20:54:42+00:00,-8.049132347106934,-34.95301818847656,2.0,2829.9,165,0.0,0.0,,0.0,
2020-04-04T20:25:23Z,Running,2020-04-04 20:54:45+00:00,-8.049180030822754,-34.95301818847656,2.0,2834.9,166,3.0,5.0,1.6666666666666667,0.0,0.0
2020-04-04T20:25:23Z,Running,2020-04-04 20:54:45+00:00,-8.049180030822754,-34.95301818847656,2.0,2834.9,165,0.0,0.0,,0.0,
2020-04-04T20:25:23Z,Running,2020-04-04 20:54:49+00:00,-8.049238204956055,-34.95301818847656,2.0,2841.0,165,4.0,6.099999999999909,1.5249999999999773,0.0,0.0
2020-04-04T20:25:23Z,Running,2020-04-04 20:54:49+00:00,-8.049238204956055,-34.95301818847656,2.0,2841.0,165,0.0,0.0,,0.0,
2020-04-04T20:25:23Z,Running,2020-04-04 20:54:53+00:00,-8.049298286437988,-34.95301818847656,2.0,2848.0,166,4.0,7.0,1.75,0.0,0.0
2020-04-04T20:25:23Z,Running,2020-04-04 20:54:53+00:00,-8.049298286437988,-34.95301818847656,2.0,2848.0,166,0.0,0.0,,0.0,
2020-04-04T20:25:23Z,Running,2020-04-04 20:54:58+00:00,-8.04939079284668,-34.95303726196289,2.0,2858.1,166,5.0,10.099999999999909,2.019999999999982,0.0,0.0
2020-04-04T20:25:23Z,Running,2020-04-04 20:54:58+00:00,-8.04939079284668,-34.95303726196289,2.0,2858.1,166,0.0,0.0,,0.0,
2020-04-04T20:25:23Z,Running,2020-04-04 20:55:04+00:00,-8.049464225769043,-34.953041076660156,2.0,2866.1,167,6.0,8.0,1.3333333333333333,0.0,0.0
2020-04-04T20:25:23Z,Running,2020-04-04 20:55:04+00:00,-8.049464225769043,-34.953041076660156,2.0,2866.1,167,0.0,0.0,,0.0,
2020-04-04T20:25:23Z,Running,2020-04-04 20:55:08+00:00,-8.049522399902344,-34.953041076660156,2.0,2872.1,167,4.0,6.0,1.5,0.0,0.0
2020-04-04T20:25:23Z,Running,2020-04-04 20:55:08+00:00,-8.049522399902344,-34.953041076660156,2.0,2872.1,167,0.0,0.0,,0.0,
2020-04-04T20:25:23Z,Running,2020-04-04 20:55:12+00:00,-8.049579620361328,-34.95304489135742,2.0,2878.2,169,4.0,6.099999999999909,1.5249999999999773,0.0,0.0
2020-04-04T20:25:23Z,Running,2020-04-04 20:55:12+00:00,-8.049579620361328,-34.95304489135742,2.0,2878.2,170,0.0,0.0,,0.0,
2020-04-04T20:25:23Z,Running,2020-04-04 20:55:16+00:00,-8.049635887145996,-34.95304870605469,2.0,2884.2,170,4.0,6.0,1.5,0.0,0.0
2020-04-04T20:25:23Z,Running,2020-04-04 20:55:16+00:00,-8.049635887145996,-34.95304870605469,2.0,2884.2,170,0.0,0.0,,0.0,
2020-04-04T20:25:23Z,Running,2020-04-04 20:55:20+00:00,-8.049692153930664,-34.95306396484375,2.0,2890.3,169,4.0,6.100000000000364,1.525000000000091,0.0,0.0
2020-04-04T20:25:23Z,Running,2020-04-04 20:55:20+00:00,-8.049692153930664,-34.95306396484375,2.0,2890.3,169,0.0,0.0,,0.0,
2020-04-04T20:25:23Z,Running,2020-04-04 20:55:24+00:00,-8.049752235412598,-34.95307922363281,2.0,2897.3,167,4.0,7.0,1.75,0.0,0.0
2020-04-04T20:25:23Z,Running,2020-04-04 20:55:24+00:00,-8.049752235412598,-34.95307922363281,2.0,2897.3,167,0.0,0.0,,0.0,
2020-04-04T20:25:23Z,Running,2020-04-04 20:55:28+00:00,-8.049813270568848,-34.953086853027344,2.0,2904.3,165,4.0,7.0,1.75,0.0,0.0
2020-04-04T20:25:23Z,Running,2020-04-04 20:55:28+00:00,-8.049813270568848,-34.953086853027344,2.0,2904.3,164,0.0,0.0,,0.0,
2020-04-04T20:25:23Z,Running,2020-04-04 20:55:32+00:00,-8.049875259399414,-34.953094482421875,2.0,2911.4,164,4.0,7.099999999999909,1.7749999999999773,0.0,0.0
2020-04-04T20:25:23Z,Running,2020-04-04 20:55:32+00:00,-8.049875259399414,-34.953094482421875,2.0,2911.4,164,0.0,0.0,,0.0,
2020-04-04T20:25:23Z,Running,2020-04-04 20:55:36+00:00,-8.049938201904297,-34.953102111816406,2.0,2918.4,164,4.0,7.0,1.75,0.0,0.0
2020-04-04T20:25:23Z,Running,2020-04-04 20:55:36+00:00,-8.049938201904297,-34.953102111816406,2.0,2918.4,163,0.0,0.0,,0.0,
2020-04-04T20:25:23Z,Running,2020-04-04 20:55:40+00:00,-8.049999237060547,-34.95310974121094,2.0,2925.5,161,4.0,7.099999999999909,1.7749999999999773,0.0,0.0
2020-04-04T20:25:23Z,Running,2020-04-04 20:55:40+00:00,-8.049999237060547,-34.95310974121094,2.0,2925.5,159,0.0,0.0,,0.0,
2020-04-04T20:25:23Z,Running,2020-04-04 20:55:43+00:00,-8.05004596710205,-34.9531135559082,2.0,2930.5,158,3.0,5.0,1.6666666666666667,0.0,0.0
2020-04-04T20:25:23Z,Running,2020-04-04 20:55:43+00:00,-8.05004596710205,-34.9531135559082,2.0,2930.5,158,0.0,0.0,,0.0,
2020-04-04T20:25:23Z,Running,2020-04-04 20:55:47+00:00,-8.0501127243042,-34.953121185302734,2.0,2937.5,158,4.0,7.0,1.75,0.0,0.0
2020-04-04T20:25:23Z,Running,2020-04-04 20:55:47+00:00,-8.0501127243042,-34.953121185302734,2.0,2937.5,157,0.0,0.0,,0.0,
2020-04-04T20:25:23Z,Running,2020-04-04 20:55:51+00:00,-8.05017375946045,-34.953125,2.0,2944.6,156,4.0,7.099999999999909,1.7749999999999773,0.0,0.0
2020-04-04T20:25:23Z,Running,2020-04-04 20:55:51+00:00,-8.05017375946045,-34.953125,2.0,2944.6,155,0.0,0.0,,0.0,
2020-04-04T20:25:23Z,Running,2020-04-04 20:55:55+00:00,-8.05023193359375,-34.9531364440918,2.0,2951.6,155,4.0,7.0,1.75,0.0,0.0
2020-04-04T20:25:23Z,Running,2020-04-04 20:55:55+00:00,-8.05023193359375,-34.9531364440918,2.0,2951.6,155,0.0,0.0,,0.0,
2020-04-04T20:25:23Z,Running,2020-04-04 20:55:59+00:00,-8.050292015075684,-34.95314407348633,2.0,2958.7,157,4.0,7.099999999999909,1.7749999999999773,0.0,0.0
2020-04-04T20:25:23Z,Running,2020-04-04 20:55:59+00:00,-8.050292015075684,-34.95314407348633,2.0,2958.7,158,0.0,0.0,,0.0,
2020-04-04T20:25:23Z,Running,2020-04-04 20:56:03+00:00,-8.050353050231934,-34.95315170288086,2.0,2965.7,157,4.0,7.0,1.75,0.0,0.0
2020-04-04T20:25:23Z,Running,2020-04-04 20:56:03+00:00,-8.050353050231934,-34.95315170288086,2.0,2965.7,157,0.0,0.0,,0.0,
2020-04-04T20:25:23Z,Running,2020-04-04 20:56:07+00:00,-8.050409317016602,-34.953155517578125,2.0,2971.7,158,4.0,6.0,1.5,0.0,0.0
2020-04-04T20:25:23Z,Running,2020-04-04 20:56:07+00:00,-8.050409317016602,-34.953155517578125,2.0,2971.7,159,0.0,0.0,,0.0,
2020-04-04T20:25:23Z,Running,2020-04-04 20:56:11+00:00,-8.050471305847168,-34.953155517578125,2.0,2978.8,161,4.0,7.100000000000364,1.775000000000091,0.0,0.0
2020-04-04T20:25:23Z,Running,2020-04-04 20:56:11+00:00,-8.050471305847168,-34.953155517578125,2.0,2978.8,162,0.0,0.0,,0.0,
2020-04-04T20:25:23Z,Running,2020-04-04 20:56:15+00:00,-8.050531387329102,-34.95315933227539,2.0,2985.8,165,4.0,7.0,1.75,0.0,0.0
2020-04-04T20:25:23Z,Running,2020-04-04 20:56:15+00:00,-8.050531387329102,-34.95315933227539,2.0,2985.8,165,0.0,0.0,,0.0,
2020-04-04T20:25:23Z,Running,2020-04-04 20:56:19+00:00,-8.050592422485352,-34.953163146972656,2.0,2992.9,166,4.0,7.099999999999909,1.7749999999999773,0.0,0.0
2020-04-04T20:25:23Z,Running,2020-04-04 20:56:19+00:00,-8.050592422485352,-34.953163146972656,2.0,2992.9,166,0.0,0.0,,0.0,
2020-04-04T20:25:23Z,Running,2020-04-04 20:56:22+00:00,-8.050637245178223,-34.95316696166992,2.0,2997.9,166,3.0,5.0,1.6666666666666667,0.0,0.0
2020-04-04T20:25:23Z,Running,2020-04-04 20:56:22+00:00,-8.050637245178223,-34.95316696166992,2.0,2997.9,166,0.0,0.0,,0.0,
2020-04-04T20:25:23Z,Running,2020-04-04 20:56:26+00:00,-8.05069637298584,-34.95317459106445,2.0,3004.9,166,4.0,7.0,1.75,0.0,0.0
2020-04-04T20:25:23Z,Running,2020-04-04 20:56:26+00:00,-8.05069637298584,-34.95317459106445,2.0,3004.9,166,0.0,0.0,,0.0,
2020-04-04T20:25:23Z,Running,2020-04-04 20:56:30+00:00,-8.050752639770508,-34.953182220458984,2.0,3011.0,166,4.0,6.099999999999909,1.5249999999999773,0.0,0.0
2020-04-04T20:25:23Z,Running,2020-04-04 20:56:30+00:00,-8.050752639770508,-34.953182220458984,2.0,3011.0,166,0.0,0.0,,0.0,
2020-04-04T20:25:23Z,Running,2020-04-04 20:56:33+00:00,-8.050799369812012,-34.953189849853516,-1.0,3016.0,166,3.0,5.0,1.6666666666666667,-3.0,-60.0
2020-04-04T20:25:23Z,Running,2020-04-04 20:56:33+00:00,-8.050799369812012,-34.953189849853516,-1.0,3016.0,166,0.0,0.0,,0.0,
2020-04-04T20:25:23Z,Running,2020-04-04 20:56:37+00:00,-8.050856590270996,-34.95319747924805,-5.0,3022.0,167,4.0,6.0,1.5,-4.0,-66.66666666666666
2020-04-04T20:25:23Z,Running,2020-04-04 20:56:37+00:00,-8.050856590270996,-34.95319747924805,-5.0,3022.0,167,0.0,0.0,,0.0,
2020-04-04T20:25:23Z,Running,2020-04-04 20:56:41+00:00,-8.050914764404297,-34.95320510864258,-7.0,3028.1,167,4.0,6.099999999999909,1.5249999999999773,-2.0,-32.786885245902134
2020-04-04T20:25:23Z,Running,2020-04-04 20:56:41+00:00,-8.050914764404297,-34.95320510864258,-7.0,3028.1,165,0.0,0.0,,0.0,
2020-04-04T20:25:23Z,Running,2020-04-04 20:56:44+00:00,-8.050958633422852,-34.953216552734375,-8.0,3033.1,165,3.0,5.0,1.6666666666666667,-1.0,-20.0
2020-04-04T20:25:23Z,Running,2020-04-04 20:56:44+00:00,-8.050958633422852,-34.953216552734375,-8.0,3033.1,164,0.0,0.0,,0.0,
2020-04-04T20:25:23Z,Running,2020-04-04 20:56:48+00:00,-8.051018714904785,-34.95322036743164,-8.0,3040.2,163,4.0,7.099999999999909,1.7749999999999773,0.0,0.0
2020-04-04T20:25:23Z,Running,2020-04-04 20:56:48+00:00,-8.051018714904785,-34.95322036743164,-8.0,3040.2,162,0.0,0.0,,0.0,
2020-04-04T20:25:23Z,Running,2020-04-04 20:56:52+00:00,-8.051076889038086,-34.95322799682617,-8.0,3046.2,163,4.0,6.0,1.5,0.0,0.0
2020-04-04T20:25:23Z,Running,2020-04-04 20:56:52+00:00,-8.051076889038086,-34.95322799682617,-8.0,3046.2,162,0.0,0.0,,0.0,
2020-04-04T20:25:23Z,Running,2020-04-04 20:56:56+00:00,-8.051136016845703,-34.95323181152344,-8.0,3053.2,160,4.0,7.0,1.75,0.0,0.0
2020-04-04T20:25:23Z,Running,2020-04-04 20:56:56+00:00,-8.051136016845703,-34.95323181152344,-8.0,3053.2,160,0.0,0.0,,0.0,
2020-04-04T20:25:23Z,Running,2020-04-04 20:57:00+00:00,-8.05119514465332,-34.95323944091797,-7.0,3060.3,158,4.0,7.100000000000364,1.775000000000091,1.0,14.0845070422528
2020-04-04T20:25:23Z,Running,2020-04-04 20:57:00+00:00,-8.05119514465332,-34.95323944091797,-7.0,3060.3,158,0.0,0.0,,0.0,
2020-04-04T20:25:23Z,Running,2020-04-04 20:57:04+00:00,-8.051255226135254,-34.95323944091797,-7.0,3067.3,158,4.0,7.0,1.75,0.0,0.0
2020-04-04T20:25:23Z,Running,2020-04-04 20:57:04+00:00,-8.051255226135254,-34.95323944091797,-7.0,3067.3,158,0.0,0.0,,0.0,
2020-04-04T20:25:23Z,Running,2020-04-04 20:57:08+00:00,-8.051313400268555,-34.953243255615234,-6.0,3073.3,159,4.0,6.0,1.5,1.0,16.666666666666664
2020-04-04T20:25:23Z,Running,2020-04-04 20:57:08+00:00,-8.051313400268555,-34.953243255615234,-6.0,3073.3,159,0.0,0.0,,0.0,
2020-04-04T20:25:23Z,Running,2020-04-04 20:57:12+00:00,-8.051369667053223,-34.953250885009766,-6.0,3079.4,160,4.0,6.099999999999909,1.5249999999999773,0.0,0.0
2020-04-04T20:25:23Z,Running,2020-04-04 20:57:12+00:00,-8.051369667053223,-34.953250885009766,-6.0,3079.4,160,0.0,0.0,,0.0,
2020-04-04T20:25:23Z,Running,2020-04-04 20:57:16+00:00,-8.051429748535156,-34.95325469970703,-6.0,3086.4,160,4.0,7.0,1.75,0.0,0.0
2020-04-04T20:25:23Z,Running,2020-04-04 20:57:16+00:00,-8.051429748535156,-34.95325469970703,-6.0,3086.4,160,0.0,0.0,,0.0,
2020-04-04T20:25:23Z,Running,2020-04-04 20:57:20+00:00,-8.051485061645508,-34.9532585144043,-5.0,3092.5,160,4.0,6.099999999999909,1.5249999999999773,1.0,16.393442622951067
2020-04-04T20:25:23Z,Running,2020-04-04 20:57:20+00:00,-8.051485061645508,-34.9532585144043,-5.0,3092.5,158,0.0,0.0,,0.0,
2020-04-04T20:25:23Z,Running,2020-04-04 20:57:24+00:00,-8.05154037475586,-34.95326614379883,-5.0,3098.5,158,4.0,6.0,1.5,0.0,0.0
2020-04-04T20:25:23Z,Running,2020-04-04 20:57:24+00:00,-8.05154037475586,-34.95326614379883,-5.0,3098.5,158,0.0,0.0,,0.0,
2020-04-04T20:25:23Z,Running,2020-04-04 20:57:28+00:00,-8.051589012145996,-34.9532585144043,-5.0,3103.5,158,4.0,5.0,1.25,0.0,0.0
2020-04-04T20:25:23Z,Running,2020-04-04 20:57:28+00:00,-8.051589012145996,-34.9532585144043,-5.0,3103.5,158,0.0,0.0,,0.0,
2020-04-04T20:25:23Z,Running,2020-04-04 20:57:32+00:00,-8.05163860321045,-34.95322799682617,-5.0,3109.6,157,4.0,6.099999999999909,1.5249999999999773,0.0,0.0
2020-04-04T20:25:23Z,Running,2020-04-04 20:57:32+00:00,-8.05163860321045,-34.95322799682617,-5.0,3109.6,155,0.0,0.0,,0.0,
2020-04-04T20:25:23Z,Running,2020-04-04 20:57:36+00:00,-8.051692962646484,-34.95322036743164,-5.0,3115.6,155,4.0,6.0,1.5,0.0,0.0
2020-04-04T20:25:23Z,Running,2020-04-04 20:57:36+00:00,-8.051692962646484,-34.95322036743164,-5.0,3115.6,154,0.0,0.0,,0.0,
2020-04-04T20:25:23Z,Running,2020-04-04 20:57:40+00:00,-8.051752090454102,-34.95322036743164,-3.0,3122.6,155,4.0,7.0,1.75,2.0,28.57142857142857
2020-04-04T20:25:23Z,Running,2020-04-04 20:57:40+00:00,-8.051752090454102,-34.95322036743164,-3.0,3122.6,155,0.0,0.0,,0.0,
2020-04-04T20:25:23Z,Running,2020-04-04 20:57:44+00:00,-8.051804542541504,-34.953208923339844,-3.0,3128.7,156,4.0,6.099999999999909,1.5249999999999773,0.0,0.0
2020-04-04T20:25:23Z,Running,2020-04-04 20:57:44+00:00,-8.051804542541504,-34.953208923339844,-3.0,3128.7,156,0.0,0.0,,0.0,
2020-04-04T20:25:23Z,Running,2020-04-04 20:57:48+00:00,-8.051835060119629,-34.95317077636719,-2.0,3133.7,158,4.0,5.0,1.25,1.0,20.0
2020-04-04T20:25:23Z,Running,2020-04-04 20:57:48+00:00,-8.051835060119629,-34.95317077636719,-2.0,3133.7,156,0.0,0.0,,0.0,
2020-04-04T20:25:23Z,Running,2020-04-04 20:57:53+00:00,-8.051843643188477,-34.953102111816406,-2.0,3141.8,156,5.0,8.100000000000364,1.6200000000000727,0.0,0.0
2020-04-04T20:25:23Z,Running,2020-04-04 20:57:53+00:00,-8.051843643188477,-34.953102111816406,-2.0,3141.8,155,0.0,0.0,,0.0,
2020-04-04T20:25:23Z,Running,2020-04-04 20:57:57+00:00,-8.051850318908691,-34.95304489135742,-2.0,3147.8,155,4.0,6.0,1.5,0.0,0.0
2020-04-04T20:25:23Z,Running,2020-04-04 20:57:57+00:00,-8.051850318908691,-34.95304489135742,-2.0,3147.8,155,0.0,0.0,,0.0,
2020-04-04T20:25:23Z,Running,2020-04-04 20:58:01+00:00,-8.051854133605957,-34.95298767089844,-2.0,3153.8,155,4.0,6.0,1.5,0.0,0.0
2020-04-04T20:25:23Z,Running,2020-04-04 20:58:01+00:00,-8.051854133605957,-34.95298767089844,-2.0,3153.8,154,0.0,0.0,,0.0,
2020-04-04T20:25:23Z,Running,2020-04-04 20:58:05+00:00,-8.051857948303223,-34.95292663574219,-1.0,3160.9,154,4.0,7.099999999999909,1.7749999999999773,1.0,14.084507042253701
2020-04-04T20:25:23Z,Running,2020-04-04 20:58:05+00:00,-8.051857948303223,-34.95292663574219,-1.0,3160.9,154,0.0,0.0,,0.0,
2020-04-04T20:25:23Z,Running,2020-04-04 20:58:09+00:00,-8.051862716674805,-34.95287322998047,-1.0,3166.9,155,4.0,6.0,1.5,0.0,0.0
2020-04-04T20:25:23Z,Running,2020-04-04 20:58:09+00:00,-8.051862716674805,-34.95287322998047,-1.0,3166.9,155,0.0,0.0,,0.0,
2020-04-04T20:25:23Z,Running,2020-04-04 20:58:13+00:00,-8.051871299743652,-34.95281219482422,-1.0,3173.9,157,4.0,7.0,1.75,0.0,0.0
2020-04-04T20:25:23Z,Running,2020-04-04 20:58:13+00:00,-8.051871299743652,-34.95281219482422,-1.0,3173.9,156,0.0,0.0,,0.0,
2020-04-04T20:25:23Z,Running,2020-04-04 20:58:17+00:00,-8.051876068115234,-34.952754974365234,-1.0,3180.0,157,4.0,6.099999999999909,1.5249999999999773,0.0,0.0
2020-04-04T20:25:23Z,Running,2020-04-04 20:58:17+00:00,-8.051876068115234,-34.952754974365234,-1.0,3180.0,157,0.0,0.0,,0.0,
2020-04-04T20:25:23Z,Running,2020-04-04 20:58:21+00:00,-8.05187702178955,-34.95269775390625,0.0,3186.0,160,4.0,6.0,1.5,1.0,16.666666666666664
2020-04-04T20:25:23Z,Running,2020-04-04 20:58:21+00:00,-8.05187702178955,-34.95269775390625,0.0,3186.0,160,0.0,0.0,,0.0,
2020-04-04T20:25:23Z,Running,2020-04-04 20:58:25+00:00,-8.05187702178955,-34.95264434814453,0.0,3192.1,159,4.0,6.099999999999909,1.5249999999999773,0.0,0.0
2020-04-04T20:25:23Z,Running,2020-04-04 20:58:25+00:00,-8.05187702178955,-34.95264434814453,0.0,3192.1,159,0.0,0.0,,0.0,
2020-04-04T20:25:23Z,Running,2020-04-04 20:58:29+00:00,-8.051875114440918,-34.95258712768555,0.0,3198.1,160,4.0,6.0,1.5,0.0,0.0
2020-04-04T20:25:23Z,Running,2020-04-04 20:58:29+00:00,-8.051875114440918,-34.95258712768555,0.0,3198.1,159,0.0,0.0,,0.0,
2020-04-04T20:25:23Z,Running,2020-04-04 20:58:33+00:00,-8.051871299743652,-34.95252990722656,0.0,3204.1,159,4.0,6.0,1.5,0.0,0.0
2020-04-04T20:25:23Z,Running,2020-04-04 20:58:33+00:00,-8.051871299743652,-34.95252990722656,0.0,3204.1,160,0.0,0.0,,0.0,
2020-04-04T20:25:23Z,Running,2020-04-04 20:58:37+00:00,-8.051875114440918,-34.95246887207031,0.0,3211.2,164,4.0,7.099999999999909,1.7749999999999773,0.0,0.0
2020-04-04T20:25:23Z,Running,2020-04-04 20:58:37+00:00,-8.051875114440918,-34.95246887207031,0.0,3211.2,164,0.0,0.0,,0.0,
2020-04-04T20:25:23Z,Running,2020-04-04 20:58:41+00:00,-8.0518798828125,-34.95241165161133,21.0,3217.2,164,4.0,6.0,1.5,21.0,350.0
2020-04-04T20:25:23Z,Running,2020-04-04 20:58:41+00:00,-8.0518798828125,-34.95241165161133,21.0,3217.2,163,0.0,0.0,,0.0,
2020-04-04T20:25:23Z,Running,2020-04-04 20:58:45+00:00,-8.051884651184082,-34.952354431152344,21.0,3223.2,163,4.0,6.0,1.5,0.0,0.0
2020-04-04T20:25:23Z,Running,2020-04-04 20:58:45+00:00,-8.051884651184082,-34.952354431152344,21.0,3223.2,163,0.0,0.0,,0.0,
2020-04-04T20:25:23Z,Running,2020-04-04 20:58:49+00:00,-8.051888465881348,-34.952293395996094,21.0,3230.3,162,4.0,7.100000000000364,1.775000000000091,0.0,0.0
2020-04-04T20:25:23Z,Running,2020-04-04 20:58:49+00:00,-8.051888465881348,-34.952293395996094,21.0,3230.3,160,0.0,0.0,,0.0,
2020-04-04T20:25:23Z,Running,2020-04-04 20:58:53+00:00,-8.05189037322998,-34.95223617553711,22.0,3236.3,159,4.0,6.0,1.5,1.0,16.666666666666664
2020-04-04T20:25:23Z,Running,2020-04-04 20:58:53+00:00,-8.05189037322998,-34.95223617553711,22.0,3236.3,158,0.0,0.0,,0.0,
2020-04-04T20:25:23Z,Running,2020-04-04 20:58:57+00:00,-8.051895141601562,-34.95217514038086,22.0,3243.4,157,4.0,7.099999999999909,1.7749999999999773,0.0,0.0
2020-04-04T20:25:23Z,Running,2020-04-04 20:58:57+00:00,-8.051895141601562,-34.95217514038086,22.0,3243.4,157,0.0,0.0,,0.0,
2020-04-04T20:25:23Z,Running,2020-04-04 20:59:01+00:00,-8.051900863647461,-34.952110290527344,22.0,3250.4,157,4.0,7.0,1.75,0.0,0.0
2020-04-04T20:25:23Z,Running,2020-04-04 20:59:01+00:00,-8.051900863647461,-34.952110290527344,22.0,3250.4,157,0.0,0.0,,0.0,
2020-04-04T20:25:23Z,Running,2020-04-04 20:59:05+00:00,-8.051902770996094,-34.95205307006836,22.0,3256.4,157,4.0,6.0,1.5,0.0,0.0
2020-04-04T20:25:23Z,Running,2020-04-04 20:59:05+00:00,-8.051902770996094,-34.95205307006836,22.0,3256.4,157,0.0,0.0,,0.0,
2020-04-04T20:25:23Z,Running,2020-04-04 20:59:09+00:00,-8.05190372467041,-34.951995849609375,22.0,3262.5,157,4.0,6.099999999999909,1.5249999999999773,0.0,0.0
2020-04-04T20:25:23Z,Running,2020-04-04 20:59:09+00:00,-8.05190372467041,-34.951995849609375,22.0,3262.5,155,0.0,0.0,,0.0,
2020-04-04T20:25:23Z,Running,2020-04-04 20:59:13+00:00,-8.051902770996094,-34.951942443847656,22.0,3268.5,156,4.0,6.0,1.5,0.0,0.0
2020-04-04T20:25:23Z,Running,2020-04-04 20:59:13+00:00,-8.051902770996094,-34.951942443847656,22.0,3268.5,156,0.0,0.0,,0.0,
2020-04-04T20:25:23Z,Running,2020-04-04 20:59:17+00:00,-8.05190372467041,-34.95188522338867,22.0,3274.5,156,4.0,6.0,1.5,0.0,0.0
2020-04-04T20:25:23Z,Running,2020-04-04 20:59:17+00:00,-8.05190372467041,-34.95188522338867,22.0,3274.5,156,0.0,0.0,,0.0,
2020-04-04T20:25:23Z,Running,2020-04-04 20:59:21+00:00,-8.05190658569336,-34.95182418823242,22.0,3281.6,157,4.0,7.099999999999909,1.7749999999999773,0.0,0.0
2020-04-04T20:25:23Z,Running,2020-04-04 20:59:21+00:00,-8.05190658569336,-34.95182418823242,22.0,3281.6,157,0.0,0.0,,0.0,
2020-04-04T20:25:23Z,Running,2020-04-04 20:59:25+00:00,-8.051908493041992,-34.95176696777344,22.0,3287.6,157,4.0,6.0,1.5,0.0,0.0
2020-04-04T20:25:23Z,Running,2020-04-04 20:59:25+00:00,-8.051908493041992,-34.95176696777344,22.0,3287.6,157,0.0,0.0,,0.0,
2020-04-04T20:25:23Z,Running,2020-04-04 20:59:29+00:00,-8.051911354064941,-34.95170593261719,22.0,3294.7,157,4.0,7.099999999999909,1.7749999999999773,0.0,0.0
2020-04-04T20:25:23Z,Running,2020-04-04 20:59:29+00:00,-8.051911354064941,-34.95170593261719,22.0,3294.7,157,0.0,0.0,,0.0,
2020-04-04T20:25:23Z,Running,2020-04-04 20:59:33+00:00,-8.051915168762207,-34.95165252685547,22.0,3300.7,157,4.0,6.0,1.5,0.0,0.0
2020-04-04T20:25:23Z,Running,2020-04-04 20:59:33+00:00,-8.051915168762207,-34.95165252685547,22.0,3300.7,156,0.0,0.0,,0.0,
2020-04-04T20:25:23Z,Running,2020-04-04 20:59:37+00:00,-8.051916122436523,-34.951595306396484,22.0,3306.7,155,4.0,6.0,1.5,0.0,0.0
2020-04-04T20:25:23Z,Running,2020-04-04 20:59:37+00:00,-8.051916122436523,-34.951595306396484,22.0,3306.7,155,0.0,0.0,,0.0,
2020-04-04T20:25:23Z,Running,2020-04-04 20:59:41+00:00,-8.051918029785156,-34.9515380859375,22.0,3312.8,157,4.0,6.100000000000364,1.525000000000091,0.0,0.0
2020-04-04T20:25:23Z,Running,2020-04-04 20:59:41+00:00,-8.051918029785156,-34.9515380859375,22.0,3312.8,157,0.0,0.0,,0.0,
2020-04-04T20:25:23Z,Running,2020-04-04 20:59:45+00:00,-8.051925659179688,-34.951473236083984,22.0,3319.8,158,4.0,7.0,1.75,0.0,0.0
2020-04-04T20:25:23Z,Running,2020-04-04 20:59:45+00:00,-8.051925659179688,-34.951473236083984,22.0,3319.8,158,0.0,0.0,,0.0,
2020-04-04T20:25:23Z,Running,2020-04-04 20:59:49+00:00,-8.0519380569458,-34.951412200927734,22.0,3326.9,160,4.0,7.099999999999909,1.7749999999999773,0.0,0.0
2020-04-04T20:25:23Z,Running,2020-04-04 20:59:49+00:00,-8.0519380569458,-34.951412200927734,22.0,3326.9,160,0.0,0.0,,0.0,
2020-04-04T20:25:23Z,Running,2020-04-04 20:59:52+00:00,-8.05194091796875,-34.95136642456055,22.0,3331.9,160,3.0,5.0,1.6666666666666667,0.0,0.0
2020-04-04T20:25:23Z,Running,2020-04-04 20:59:52+00:00,-8.05194091796875,-34.95136642456055,22.0,3331.9,160,0.0,0.0,,0.0,
2020-04-04T20:25:23Z,Running,2020-04-04 20:59:56+00:00,-8.051944732666016,-34.9513053894043,22.0,3338.9,161,4.0,7.0,1.75,0.0,0.0
2020-04-04T20:25:23Z,Running,2020-04-04 20:59:56+00:00,-8.051944732666016,-34.9513053894043,22.0,3338.9,161,0.0,0.0,,0.0,
2020-04-04T20:25:23Z,Running,2020-04-04 21:00:00+00:00,-8.051948547363281,-34.95124816894531,22.0,3345.0,161,4.0,6.099999999999909,1.5249999999999773,0.0,0.0
2020-04-04T20:25:23Z,Running,2020-04-04 21:00:00+00:00,-8.051948547363281,-34.95124816894531,22.0,3345.0,161,0.0,0.0,,0.0,
2020-04-04T20:25:23Z,Running,2020-04-04 21:00:04+00:00,-8.051955223083496,-34.95118713378906,22.0,3352.0,164,4.0,7.0,1.75,0.0,0.0
2020-04-04T20:25:23Z,Running,2020-04-04 21:00:04+00:00,-8.051955223083496,-34.95118713378906,22.0,3352.0,164,0.0,0.0,,0.0,
2020-04-04T20:25:23Z,Running,2020-04-04 21:00:08+00:00,-8.051958084106445,-34.95112991333008,22.0,3358.0,164,4.0,6.0,1.5,0.0,0.0
2020-04-04T20:25:23Z,Running,2020-04-04 21:00:08+00:00,-8.051958084106445,-34.95112991333008,22.0,3358.0,164,0.0,0.0,,0.0,
2020-04-04T20:25:23Z,Running,2020-04-04 21:00:12+00:00,-8.051959991455078,-34.95107650756836,22.0,3364.1,165,4.0,6.099999999999909,1.5249999999999773,0.0,0.0
2020-04-04T20:25:23Z,Running,2020-04-04 21:00:12+00:00,-8.051959991455078,-34.95107650756836,22.0,3364.1,164,0.0,0.0,,0.0,
2020-04-04T20:25:23Z,Running,2020-04-04 21:00:16+00:00,-8.051965713500977,-34.95102310180664,22.0,3370.1,163,4.0,6.0,1.5,0.0,0.0
2020-04-04T20:25:23Z,Running,2020-04-04 21:00:16+00:00,-8.051965713500977,-34.95102310180664,22.0,3370.1,163,0.0,0.0,,0.0,
2020-04-04T20:25:23Z,Running,2020-04-04 21:00:20+00:00,-8.051970481872559,-34.950965881347656,22.0,3376.2,163,4.0,6.099999999999909,1.5249999999999773,0.0,0.0
2020-04-04T20:25:23Z,Running,2020-04-04 21:00:20+00:00,-8.051970481872559,-34.950965881347656,22.0,3376.2,163,0.0,0.0,,0.0,
2020-04-04T20:25:23Z,Running,2020-04-04 21:00:24+00:00,-8.051972389221191,-34.95090866088867,24.0,3382.2,163,4.0,6.0,1.5,2.0,33.33333333333333
2020-04-04T20:25:23Z,Running,2020-04-04 21:00:24+00:00,-8.051972389221191,-34.95090866088867,24.0,3382.2,163,0.0,0.0,,0.0,
2020-04-04T20:25:23Z,Running,2020-04-04 21:00:28+00:00,-8.051977157592773,-34.95085144042969,24.0,3388.2,164,4.0,6.0,1.5,0.0,0.0
2020-04-04T20:25:23Z,Running,2020-04-04 21:00:28+00:00,-8.051977157592773,-34.95085144042969,24.0,3388.2,164,0.0,0.0,,0.0,
2020-04-04T20:25:23Z,Running,2020-04-04 21:00:32+00:00,-8.051983833312988,-34.9507942199707,24.0,3394.3,166,4.0,6.100000000000364,1.525000000000091,0.0,0.0
2020-04-04T20:25:23Z,Running,2020-04-04 21:00:32+00:00,-8.051983833312988,-34.9507942199707,24.0,3394.3,166,0.0,0.0,,0.0,
2020-04-04T20:25:23Z,Running,2020-04-04 21:00:36+00:00,-8.05198860168457,-34.95073699951172,24.0,3400.3,166,4.0,6.0,1.5,0.0,0.0
2020-04-04T20:25:23Z,Running,2020-04-04 21:00:36+00:00,-8.05198860168457,-34.95073699951172,24.0,3400.3,164,0.0,0.0,,0.0,
2020-04-04T20:25:23Z,Running,2020-04-04 21:00:40+00:00,-8.051995277404785,-34.95068359375,24.0,3406.3,160,4.0,6.0,1.5,0.0,0.0
2020-04-04T20:25:23Z,Running,2020-04-04 21:00:40+00:00,-8.051995277404785,-34.95068359375,24.0,3406.3,159,0.0,0.0,,0.0,
2020-04-04T20:25:23Z,Running,2020-04-04 21:00:44+00:00,-8.052000045776367,-34.950618743896484,24.0,3413.4,160,4.0,7.099999999999909,1.7749999999999773,0.0,0.0
2020-04-04T20:25:23Z,Running,2020-04-04 21:00:44+00:00,-8.052000045776367,-34.950618743896484,24.0,3413.4,160,0.0,0.0,,0.0,
2020-04-04T20:25:23Z,Running,2020-04-04 21:00:48+00:00,-8.052007675170898,-34.95054626464844,24.0,3421.4,163,4.0,8.0,2.0,0.0,0.0
2020-04-04T20:25:23Z,Running,2020-04-04 21:00:48+00:00,-8.052007675170898,-34.95054626464844,24.0,3421.4,163,0.0,0.0,,0.0,
2020-04-04T20:25:23Z,Running,2020-04-04 21:00:51+00:00,-8.05201244354248,-34.950496673583984,24.0,3426.5,163,3.0,5.099999999999909,1.6999999999999698,0.0,0.0
2020-04-04T20:25:23Z,Running,2020-04-04 21:00:51+00:00,-8.05201244354248,-34.950496673583984,24.0,3426.5,161,0.0,0.0,,0.0,
2020-04-04T20:25:23Z,Running,2020-04-04 21:00:54+00:00,-8.052014350891113,-34.9504508972168,24.0,3431.5,161,3.0,5.0,1.6666666666666667,0.0,0.0
2020-04-04T20:25:23Z,Running,2020-04-04 21:00:54+00:00,-8.052014350891113,-34.9504508972168,24.0,3431.5,161,0.0,0.0,,0.0,
2020-04-04T20:25:23Z,Running,2020-04-04 21:00:58+00:00,-8.052020072937012,-34.95038604736328,24.0,3438.5,161,4.0,7.0,1.75,0.0,0.0
2020-04-04T20:25:23Z,Running,2020-04-04 21:00:58+00:00,-8.052020072937012,-34.95038604736328,24.0,3438.5,161,0.0,0.0,,0.0,
2020-04-04T20:25:23Z,Running,2020-04-04 21:01:01+00:00,-8.052023887634277,-34.95033645629883,24.0,3443.6,160,3.0,5.099999999999909,1.6999999999999698,0.0,0.0
2020-04-04T20:25:23Z,Running,2020-04-04 21:01:01+00:00,-8.052023887634277,-34.95033645629883,24.0,3443.6,160,0.0,0.0,,0.0,
2020-04-04T20:25:23Z,Running,2020-04-04 21:01:05+00:00,-8.05202865600586,-34.95027542114258,24.0,3450.6,160,4.0,7.0,1.75,0.0,0.0
2020-04-04T20:25:23Z,Running,2020-04-04 21:01:05+00:00,-8.05202865600586,-34.95027542114258,24.0,3450.6,159,0.0,0.0,,0.0,
2020-04-04T20:25:23Z,Running,2020-04-04 21:01:09+00:00,-8.052032470703125,-34.950218200683594,24.0,3456.6,158,4.0,6.0,1.5,0.0,0.0
2020-04-04T20:25:23Z,Running,2020-04-04 21:01:09+00:00,-8.052032470703125,-34.950218200683594,24.0,3456.6,158,0.0,0.0,,0.0,
2020-04-04T20:25:23Z,Running,2020-04-04 21:01:14+00:00,-8.052038192749023,-34.95014190673828,24.0,3464.7,158,5.0,8.099999999999909,1.619999999999982,0.0,0.0
2020-04-04T20:25:23Z,Running,2020-04-04 21:01:14+00:00,-8.052038192749023,-34.95014190673828,24.0,3464.7,158,0.0,0.0,,0.0,
2020-04-04T20:25:23Z,Running,2020-04-04 21:01:18+00:00,-8.052037239074707,-34.9500846862793,24.0,3470.7,159,4.0,6.0,1.5,0.0,0.0
2020-04-04T20:25:23Z,Running,2020-04-04 21:01:18+00:00,-8.052037239074707,-34.9500846862793,24.0,3470.7,157,0.0,0.0,,0.0,
2020-04-04T20:25:23Z,Running,2020-04-04 21:01:22+00:00,-8.052038192749023,-34.95002746582031,24.0,3476.8,156,4.0,6.100000000000364,1.525000000000091,0.0,0.0
2020-04-04T20:25:23Z,Running,2020-04-04 21:01:22+00:00,-8.052038192749023,-34.95002746582031,24.0,3476.8,156,0.0,0.0,,0.0,
2020-04-04T20:25:23Z,Running,2020-04-04 21:01:26+00:00,-8.052042961120605,-34.94997024536133,24.0,3482.8,158,4.0,6.0,1.5,0.0,0.0
2020-04-04T20:25:23Z,Running,2020-04-04 21:01:26+00:00,-8.052042961120605,-34.94997024536133,24.0,3482.8,157,0.0,0.0,,0.0,
2020-04-04T20:25:23Z,Running,2020-04-04 21:01:30+00:00,-8.052046775817871,-34.949913024902344,24.0,3488.8,157,4.0,6.0,1.5,0.0,0.0
2020-04-04T20:25:23Z,Running,2020-04-04 21:01:30+00:00,-8.052046775817871,-34.949913024902344,24.0,3488.8,157,0.0,0.0,,0.0,
2020-04-04T20:25:23Z,Running,2020-04-04 21:01:34+00:00,-8.052050590515137,-34.949859619140625,24.0,3494.9,158,4.0,6.099999999999909,1.5249999999999773,0.0,0.0
2020-04-04T20:25:23Z,Running,2020-04-04 21:01:34+00:00,-8.052050590515137,-34.949859619140625,24.0,3494.9,158,0.0,0.0,,0.0,
2020-04-04T20:25:23Z,Running,2020-04-04 21:01:38+00:00,-8.052054405212402,-34.949798583984375,24.0,3501.9,158,4.0,7.0,1.75,0.0,0.0
2020-04-04T20:25:23Z,Running,2020-04-04 21:01:38+00:00,-8.052054405212402,-34.949798583984375,24.0,3501.9,158,0.0,0.0,,0.0,
2020-04-04T20:25:23Z,Running,2020-04-04 21:01:42+00:00,-8.052057266235352,-34.94974136352539,24.0,3507.9,158,4.0,6.0,1.5,0.0,0.0
2020-04-04T20:25:23Z,Running,2020-04-04 21:01:42+00:00,-8.052057266235352,-34.94974136352539,24.0,3507.9,158,0.0,0.0,,0.0,
2020-04-04T20:25:23Z,Running,2020-04-04 21:01:46+00:00,-8.05205249786377,-34.94968032836914,24.0,3515.0,158,4.0,7.099999999999909,1.7749999999999773,0.0,0.0
2020-04-04T20:25:23Z,Running,2020-04-04 21:01:46+00:00,-8.05205249786377,-34.94968032836914,24.0,3515.0,158,0.0,0.0,,0.0,
2020-04-04T20:25:23Z,Running,2020-04-04 21:01:50+00:00,-8.052055358886719,-34.949623107910156,24.0,3521.0,159,4.0,6.0,1.5,0.0,0.0
2020-04-04T20:25:23Z,Running,2020-04-04 21:01:50+00:00,-8.052055358886719,-34.949623107910156,24.0,3521.0,159,0.0,0.0,,0.0,
2020-04-04T20:25:23Z,Running,2020-04-04 21:01:54+00:00,-8.052061080932617,-34.949562072753906,24.0,3528.1,161,4.0,7.099999999999909,1.7749999999999773,0.0,0.0
2020-04-04T20:25:23Z,Running,2020-04-04 21:01:54+00:00,-8.052061080932617,-34.949562072753906,24.0,3528.1,161,0.0,0.0,,0.0,
2020-04-04T20:25:23Z,Running,2020-04-04 21:01:58+00:00,-8.05206298828125,-34.949501037597656,24.0,3535.1,161,4.0,7.0,1.75,0.0,0.0
2020-04-04T20:25:23Z,Running,2020-04-04 21:01:58+00:00,-8.05206298828125,-34.949501037597656,24.0,3535.1,161,0.0,0.0,,0.0,
2020-04-04T20:25:23Z,Running,2020-04-04 21:02:01+00:00,-8.05206298828125,-34.94945526123047,24.0,3540.1,159,3.0,5.0,1.6666666666666667,0.0,0.0
2020-04-04T20:25:23Z,Running,2020-04-04 21:02:01+00:00,-8.05206298828125,-34.94945526123047,24.0,3540.1,160,0.0,0.0,,0.0,
2020-04-04T20:25:23Z,Running,2020-04-04 21:02:05+00:00,-8.052063941955566,-34.949398040771484,24.0,3546.2,160,4.0,6.099999999999909,1.5249999999999773,0.0,0.0
2020-04-04T20:25:23Z,Running,2020-04-04 21:02:05+00:00,-8.052063941955566,-34.949398040771484,24.0,3546.2,159,0.0,0.0,,0.0,
2020-04-04T20:25:23Z,Running,2020-04-04 21:02:09+00:00,-8.0520658493042,-34.949337005615234,24.0,3553.2,157,4.0,7.0,1.75,0.0,0.0
2020-04-04T20:25:23Z,Running,2020-04-04 21:02:09+00:00,-8.0520658493042,-34.949337005615234,24.0,3553.2,156,0.0,0.0,,0.0,
2020-04-04T20:25:23Z,Running,2020-04-04 21:02:13+00:00,-8.052070617675781,-34.94927215576172,24.0,3560.3,156,4.0,7.100000000000364,1.775000000000091,0.0,0.0
2020-04-04T20:25:23Z,Running,2020-04-04 21:02:13+00:00,-8.052070617675781,-34.94927215576172,24.0,3560.3,155,0.0,0.0,,0.0,
2020-04-04T20:25:23Z,Running,2020-04-04 21:02:17+00:00,-8.05207633972168,-34.949214935302734,24.0,3566.3,154,4.0,6.0,1.5,0.0,0.0
2020-04-04T20:25:23Z,Running,2020-04-04 21:02:17+00:00,-8.05207633972168,-34.949214935302734,24.0,3566.3,152,0.0,0.0,,0.0,
2020-04-04T20:25:23Z,Running,2020-04-04 21:02:21+00:00,-8.052079200744629,-34.94915771484375,24.0,3572.3,152,4.0,6.0,1.5,0.0,0.0
2020-04-04T20:25:23Z,Running,2020-04-04 21:02:21+00:00,-8.052079200744629,-34.94915771484375,24.0,3572.3,153,0.0,0.0,,0.0,
2020-04-04T20:25:23Z,Running,2020-04-04 21:02:25+00:00,-8.05208683013916,-34.949100494384766,24.0,3578.4,154,4.0,6.099999999999909,1.5249999999999773,0.0,0.0
2020-04-04T20:25:23Z,Running,2020-04-04 21:02:25+00:00,-8.05208683013916,-34.949100494384766,24.0,3578.4,154,0.0,0.0,,0.0,
2020-04-04T20:25:23Z,Running,2020-04-04 21:02:29+00:00,-8.052090644836426,-34.94904327392578,22.0,3584.4,154,4.0,6.0,1.5,-2.0,-33.33333333333333
2020-04-04T20:25:23Z,Running,2020-04-04 21:02:29+00:00,-8.052090644836426,-34.94904327392578,22.0,3584.4,154,0.0,0.0,,0.0,
2020-04-04T20:25:23Z,Running,2020-04-04 21:02:33+00:00,-8.052091598510742,-34.94898223876953,22.0,3591.4,155,4.0,7.0,1.75,0.0,0.0
2020-04-04T20:25:23Z,Running,2020-04-04 21:02:33+00:00,-8.052091598510742,-34.94898223876953,22.0,3591.4,156,0.0,0.0,,0.0,
2020-04-04T20:25:23Z,Running,2020-04-04 21:02:37+00:00,-8.05208969116211,-34.94892120361328,22.0,3598.5,157,4.0,7.099999999999909,1.7749999999999773,0.0,0.0
2020-04-04T20:25:23Z,Running,2020-04-04 21:02:37+00:00,-8.05208969116211,-34.94892120361328,22.0,3598.5,157,0.0,0.0,,0.0,
2020-04-04T20:25:23Z,Running,2020-04-04 21:02:42+00:00,-8.052095413208008,-34.94884490966797,22.0,3606.5,157,5.0,8.0,1.6,0.0,0.0
2020-04-04T20:25:23Z,Running,2020-04-04 21:02:42+00:00,-8.052095413208008,-34.94884490966797,22.0,3606.5,157,0.0,0.0,,0.0,
2020-04-04T20:25:23Z,Running,2020-04-04 21:02:46+00:00,-8.052094459533691,-34.94879150390625,22.0,3612.6,158,4.0,6.099999999999909,1.5249999999999773,0.0,0.0
2020-04-04T20:25:23Z,Running,2020-04-04 21:02:46+00:00,-8.052094459533691,-34.94879150390625,22.0,3612.6,158,0.0,0.0,,0.0,
2020-04-04T20:25:23Z,Running,2020-04-04 21:02:50+00:00,-8.052092552185059,-34.94873809814453,22.0,3618.6,160,4.0,6.0,1.5,0.0,0.0
2020-04-04T20:25:23Z,Running,2020-04-04 21:02:50+00:00,-8.052092552185059,-34.94873809814453,22.0,3618.6,159,0.0,0.0,,0.0,
2020-04-04T20:25:23Z,Running,2020-04-04 21:02:54+00:00,-8.052096366882324,-34.94867706298828,22.0,3625.6,159,4.0,7.0,1.75,0.0,0.0
2020-04-04T20:25:23Z,Running,2020-04-04 21:02:54+00:00,-8.052096366882324,-34.94867706298828,22.0,3625.6,159,0.0,0.0,,0.0,
2020-04-04T20:25:23Z,Running,2020-04-04 21:02:58+00:00,-8.052102088928223,-34.9486198425293,22.0,3631.7,160,4.0,6.099999999999909,1.5249999999999773,0.0,0.0
2020-04-04T20:25:23Z,Running,2020-04-04 21:02:58+00:00,-8.052102088928223,-34.9486198425293,22.0,3631.7,159,0.0,0.0,,0.0,
2020-04-04T20:25:23Z,Running,2020-04-04 21:03:02+00:00,-8.052106857299805,-34.94856643676758,22.0,3637.7,160,4.0,6.0,1.5,0.0,0.0
2020-04-04T20:25:23Z,Running,2020-04-04 21:03:02+00:00,-8.052106857299805,-34.94856643676758,22.0,3637.7,158,0.0,0.0,,0.0,
2020-04-04T20:25:23Z,Running,2020-04-04 21:03:06+00:00,-8.05211067199707,-34.94850540161133,22.0,3644.8,158,4.0,7.100000000000364,1.775000000000091,0.0,0.0
2020-04-04T20:25:23Z,Running,2020-04-04 21:03:06+00:00,-8.05211067199707,-34.94850540161133,22.0,3644.8,158,0.0,0.0,,0.0,
2020-04-04T20:25:23Z,Running,2020-04-04 21:03:10+00:00,-8.052117347717285,-34.94845199584961,22.0,3650.8,158,4.0,6.0,1.5,0.0,0.0
2020-04-04T20:25:23Z,Running,2020-04-04 21:03:10+00:00,-8.052117347717285,-34.94845199584961,22.0,3650.8,158,0.0,0.0,,0.0,
2020-04-04T20:25:23Z,Running,2020-04-04 21:03:14+00:00,-8.05212116241455,-34.94839859008789,22.0,3656.8,157,4.0,6.0,1.5,0.0,0.0
2020-04-04T20:25:23Z,Running,2020-04-04 21:03:14+00:00,-8.05212116241455,-34.94839859008789,22.0,3656.8,157,0.0,0.0,,0.0,
2020-04-04T20:25:23Z,Running,2020-04-04 21:03:18+00:00,-8.052119255065918,-34.948341369628906,22.0,3662.9,157,4.0,6.099999999999909,1.5249999999999773,0.0,0.0
2020-04-04T20:25:23Z,Running,2020-04-04 21:03:18+00:00,-8.052119255065918,-34.948341369628906,22.0,3662.9,157,0.0,0.0,,0.0,
2020-04-04T20:25:23Z,Running,2020-04-04 21:03:22+00:00,-8.052119255065918,-34.94829177856445,22.0,3667.9,157,4.0,5.0,1.25,0.0,0.0
2020-04-04T20:25:23Z,Running,2020-04-04 21:03:22+00:00,-8.052119255065918,-34.94829177856445,22.0,3667.9,157,0.0,0.0,,0.0,
2020-04-04T20:25:23Z,Running,2020-04-04 21:03:26+00:00,-8.05212116241455,-34.94823455810547,22.0,3673.9,155,4.0,6.0,1.5,0.0,0.0
2020-04-04T20:25:23Z,Running,2020-04-04 21:03:26+00:00,-8.05212116241455,-34.94823455810547,22.0,3673.9,155,0.0,0.0,,0.0,
2020-04-04T20:25:23Z,Running,2020-04-04 21:03:30+00:00,-8.052125930786133,-34.94818115234375,22.0,3680.0,156,4.0,6.099999999999909,1.5249999999999773,0.0,0.0
2020-04-04T20:25:23Z,Running,2020-04-04 21:03:30+00:00,-8.052125930786133,-34.94818115234375,22.0,3680.0,156,0.0,0.0,,0.0,
2020-04-04T20:25:23Z,Running,2020-04-04 21:03:34+00:00,-8.052128791809082,-34.94812774658203,22.0,3686.0,156,4.0,6.0,1.5,0.0,0.0
2020-04-04T20:25:23Z,Running,2020-04-04 21:03:34+00:00,-8.052128791809082,-34.94812774658203,22.0,3686.0,156,0.0,0.0,,0.0,
2020-04-04T20:25:23Z,Running,2020-04-04 21:03:38+00:00,-8.052131652832031,-34.94807052612305,22.0,3692.0,157,4.0,6.0,1.5,0.0,0.0
2020-04-04T20:25:23Z,Running,2020-04-04 21:03:38+00:00,-8.052131652832031,-34.94807052612305,22.0,3692.0,157,0.0,0.0,,0.0,
2020-04-04T20:25:23Z,Running,2020-04-04 21:03:42+00:00,-8.052136421203613,-34.9480094909668,22.0,3699.1,157,4.0,7.099999999999909,1.7749999999999773,0.0,0.0
2020-04-04T20:25:23Z,Running,2020-04-04 21:03:42+00:00,-8.052136421203613,-34.9480094909668,22.0,3699.1,157,0.0,0.0,,0.0,
2020-04-04T20:25:23Z,Running,2020-04-04 21:03:46+00:00,-8.052141189575195,-34.94794845581055,22.0,3706.1,157,4.0,7.0,1.75,0.0,0.0
2020-04-04T20:25:23Z,Running,2020-04-04 21:03:46+00:00,-8.052141189575195,-34.94794845581055,22.0,3706.1,157,0.0,0.0,,0.0,
2020-04-04T20:25:23Z,Running,2020-04-04 21:03:50+00:00,-8.052145957946777,-34.94789123535156,22.0,3712.2,158,4.0,6.099999999999909,1.5249999999999773,0.0,0.0
2020-04-04T20:25:23Z,Running,2020-04-04 21:03:50+00:00,-8.052145957946777,-34.94789123535156,22.0,3712.2,158,0.0,0.0,,0.0,
2020-04-04T20:25:23Z,Running,2020-04-04 21:03:54+00:00,-8.052153587341309,-34.94783020019531,22.0,3719.2,160,4.0,7.0,1.75,0.0,0.0
2020-04-04T20:25:23Z,Running,2020-04-04 21:03:54+00:00,-8.052153587341309,-34.94783020019531,22.0,3719.2,159,0.0,0.0,,0.0,
2020-04-04T20:25:23Z,Running,2020-04-04 21:03:58+00:00,-8.052160263061523,-34.94776916503906,22.0,3726.2,158,4.0,7.0,1.75,0.0,0.0
2020-04-04T20:25:23Z,Running,2020-04-04 21:03:58+00:00,-8.052160263061523,-34.94776916503906,22.0,3726.2,158,0.0,0.0,,0.0,
2020-04-04T20:25:23Z,Running,2020-04-04 21:04:02+00:00,-8.052164077758789,-34.947715759277344,22.0,3732.3,157,4.0,6.100000000000364,1.525000000000091,0.0,0.0
2020-04-04T20:25:23Z,Running,2020-04-04 21:04:02+00:00,-8.052164077758789,-34.947715759277344,22.0,3732.3,156,0.0,0.0,,0.0,
2020-04-04T20:25:23Z,Running,2020-04-04 21:04:08+00:00,-8.052165985107422,-34.947635650634766,22.0,3741.3,156,6.0,9.0,1.5,0.0,0.0
2020-04-04T20:25:23Z,Running,2020-04-04 21:04:08+00:00,-8.052165985107422,-34.947635650634766,22.0,3741.3,155,0.0,0.0,,0.0,
2020-04-04T20:25:23Z,Running,2020-04-04 21:04:12+00:00,-8.05216121673584,-34.94757843017578,22.0,3747.4,155,4.0,6.099999999999909,1.5249999999999773,0.0,0.0
2020-04-04T20:25:23Z,Running,2020-04-04 21:04:12+00:00,-8.05216121673584,-34.94757843017578,22.0,3747.4,155,0.0,0.0,,0.0,
2020-04-04T20:25:23Z,Running,2020-04-04 21:04:16+00:00,-8.052135467529297,-34.94752883911133,22.0,3753.4,157,4.0,6.0,1.5,0.0,0.0
2020-04-04T20:25:23Z,Running,2020-04-04 21:04:16+00:00,-8.052135467529297,-34.94752883911133,22.0,3753.4,157,0.0,0.0,,0.0,
2020-04-04T20:25:23Z,Running,2020-04-04 21:04:20+00:00,-8.052094459533691,-34.9474983215332,22.0,3759.4,158,4.0,6.0,1.5,0.0,0.0
2020-04-04T20:25:23Z,Running,2020-04-04 21:04:20+00:00,-8.052094459533691,-34.9474983215332,22.0,3759.4,158,0.0,0.0,,0.0,
2020-04-04T20:25:23Z,Running,2020-04-04 21:04:25+00:00,-8.052037239074707,-34.94749069213867,21.0,3765.5,160,5.0,6.099999999999909,1.2199999999999818,-1.0,-16.393442622951067
2020-04-04T20:25:23Z,Running,2020-04-04 21:04:25+00:00,-8.052037239074707,-34.94749069213867,21.0,3765.5,160,0.0,0.0,,0.0,
2020-04-04T20:25:23Z,Running,2020-04-04 21:04:29+00:00,-8.052000999450684,-34.94752502441406,21.0,3771.5,161,4.0,6.0,1.5,0.0,0.0
2020-04-04T20:25:23Z,Running,2020-04-04 21:04:29+00:00,-8.052000999450684,-34.94752502441406,21.0,3771.5,161,0.0,0.0,,0.0,
2020-04-04T20:25:23Z,Running,2020-04-04 21:04:33+00:00,-8.051980972290039,-34.947574615478516,21.0,3777.6,160,4.0,6.099999999999909,1.5249999999999773,0.0,0.0
2020-04-04T20:25:23Z,Running,2020-04-04 21:04:33+00:00,-8.051980972290039,-34.947574615478516,21.0,3777.6,160,0.0,0.0,,0.0,
2020-04-04T20:25:23Z,Running,2020-04-04 21:04:37+00:00,-8.05196762084961,-34.94762420654297,21.0,3783.6,164,4.0,6.0,1.5,0.0,0.0
2020-04-04T20:25:23Z,Running,2020-04-04 21:04:37+00:00,-8.05196762084961,-34.94762420654297,21.0,3783.6,166,0.0,0.0,,0.0,
2020-04-04T20:25:23Z,Running,2020-04-04 21:04:41+00:00,-8.051959991455078,-34.94768142700195,21.0,3789.6,168,4.0,6.0,1.5,0.0,0.0
2020-04-04T20:25:23Z,Running,2020-04-04 21:04:41+00:00,-8.051959991455078,-34.94768142700195,21.0,3789.6,168,0.0,0.0,,0.0,
2020-04-04T20:25:23Z,Running,2020-04-04 21:04:45+00:00,-8.051955223083496,-34.94773864746094,21.0,3795.7,168,4.0,6.099999999999909,1.5249999999999773,0.0,0.0
2020-04-04T20:25:23Z,Running,2020-04-04 21:04:45+00:00,-8.051955223083496,-34.94773864746094,21.0,3795.7,168,0.0,0.0,,0.0,
2020-04-04T20:25:23Z,Running,2020-04-04 21:04:49+00:00,-8.051949501037598,-34.94779586791992,21.0,3801.7,168,4.0,6.0,1.5,0.0,0.0
2020-04-04T20:25:23Z,Running,2020-04-04 21:04:49+00:00,-8.051949501037598,-34.94779586791992,21.0,3801.7,168,0.0,0.0,,0.0,
2020-04-04T20:25:23Z,Running,2020-04-04 21:04:53+00:00,-8.051941871643066,-34.94784927368164,21.0,3807.7,168,4.0,6.0,1.5,0.0,0.0
2020-04-04T20:25:23Z,Running,2020-04-04 21:04:53+00:00,-8.051941871643066,-34.94784927368164,21.0,3807.7,169,0.0,0.0,,0.0,
2020-04-04T20:25:23Z,Running,2020-04-04 21:04:57+00:00,-8.051929473876953,-34.947906494140625,20.0,3813.8,170,4.0,6.100000000000364,1.525000000000091,-1.0,-16.39344262294984
2020-04-04T20:25:23Z,Running,2020-04-04 21:04:57+00:00,-8.051929473876953,-34.947906494140625,20.0,3813.8,170,0.0,0.0,,0.0,
2020-04-04T20:25:23Z,Running,2020-04-04 21:05:01+00:00,-8.051918029785156,-34.94796371459961,20.0,3819.8,170,4.0,6.0,1.5,0.0,0.0
2020-04-04T20:25:23Z,Running,2020-04-04 21:05:01+00:00,-8.051918029785156,-34.94796371459961,20.0,3819.8,172,0.0,0.0,,0.0,
2020-04-04T20:25:23Z,Running,2020-04-04 21:05:05+00:00,-8.051915168762207,-34.948020935058594,20.0,3825.8,173,4.0,6.0,1.5,0.0,0.0
2020-04-04T20:25:23Z,Running,2020-04-04 21:05:05+00:00,-8.051915168762207,-34.948020935058594,20.0,3825.8,173,0.0,0.0,,0.0,
2020-04-04T20:25:23Z,Running,2020-04-04 21:05:09+00:00,-8.051900863647461,-34.94807815551758,20.0,3832.9,173,4.0,7.099999999999909,1.7749999999999773,0.0,0.0
2020-04-04T20:25:23Z,Running,2020-04-04 21:05:09+00:00,-8.051900863647461,-34.94807815551758,20.0,3832.9,172,0.0,0.0,,0.0,
2020-04-04T20:25:23Z,Running,2020-04-04 21:05:14+00:00,-8.051864624023438,-34.9481201171875,20.0,3838.9,173,5.0,6.0,1.2,0.0,0.0
2020-04-04T20:25:23Z,Running,2020-04-04 21:05:14+00:00,-8.051864624023438,-34.9481201171875,20.0,3838.9,174,0.0,0.0,,0.0,
2020-04-04T20:25:23Z,Running,2020-04-04 21:05:19+00:00,-8.051841735839844,-34.94818115234375,20.0,3846.0,175,5.0,7.099999999999909,1.4199999999999817,0.0,0.0
2020-04-04T20:25:23Z,Running,2020-04-04 21:05:19+00:00,-8.051841735839844,-34.94818115234375,20.0,3846.0,173,0.0,0.0,,0.0,
2020-04-04T20:25:23Z,Running,2020-04-04 21:05:23+00:00,-8.05183219909668,-34.948238372802734,19.0,3852.0,173,4.0,6.0,1.5,-1.0,-16.666666666666664
2020-04-04T20:25:23Z,Running,2020-04-04 21:05:23+00:00,-8.05183219909668,-34.948238372802734,19.0,3852.0,173,0.0,0.0,,0.0,
2020-04-04T20:25:23Z,Running,2020-04-04 21:05:27+00:00,-8.05182933807373,-34.94829177856445,19.0,3858.0,173,4.0,6.0,1.5,0.0,0.0
2020-04-04T20:25:23Z,Running,2020-04-04 21:05:27+00:00,-8.05182933807373,-34.94829177856445,19.0,3858.0,172,0.0,0.0,,0.0,
2020-04-04T20:25:23Z,Running,2020-04-04 21:05:31+00:00,-8.051827430725098,-34.9483528137207,19.0,3865.1,172,4.0,7.099999999999909,1.7749999999999773,0.0,0.0
2020-04-04T20:25:23Z,Running,2020-04-04 21:05:31+00:00,-8.051827430725098,-34.9483528137207,19.0,3865.1,172,0.0,0.0,,0.0,
2020-04-04T20:25:23Z,Running,2020-04-04 21:05:35+00:00,-8.051815032958984,-34.94840621948242,19.0,3871.1,173,4.0,6.0,1.5,0.0,0.0
2020-04-04T20:25:23Z,Running,2020-04-04 21:05:35+00:00,-8.051815032958984,-34.94840621948242,19.0,3871.1,173,0.0,0.0,,0.0,
2020-04-04T20:25:23Z,Running,2020-04-04 21:05:39+00:00,-8.051798820495605,-34.948463439941406,19.0,3878.2,173,4.0,7.099999999999909,1.7749999999999773,0.0,0.0
2020-04-04T20:25:23Z,Running,2020-04-04 21:05:39+00:00,-8.051798820495605,-34.948463439941406,19.0,3878.2,172,0.0,0.0,,0.0,
2020-04-04T20:25:23Z,Running,2020-04-04 21:05:43+00:00,-8.051783561706543,-34.94852066040039,19.0,3885.2,172,4.0,7.0,1.75,0.0,0.0
2020-04-04T20:25:23Z,Running,2020-04-04 21:05:43+00:00,-8.051783561706543,-34.94852066040039,19.0,3885.2,172,0.0,0.0,,0.0,
2020-04-04T20:25:23Z,Running,2020-04-04 21:05:48+00:00,-8.051769256591797,-34.94858169555664,18.0,3892.2,172,5.0,7.0,1.4,-1.0,-14.285714285714285
2020-04-04T20:25:23Z,Running,2020-04-04 21:05:48+00:00,-8.051769256591797,-34.94858169555664,18.0,3892.2,172,0.0,0.0,,0.0,
2020-04-04T20:25:23Z,Running,2020-04-04 21:05:52+00:00,-8.051763534545898,-34.94864273071289,18.0,3899.3,171,4.0,7.100000000000364,1.775000000000091,0.0,0.0
2020-04-04T20:25:23Z,Running,2020-04-04 21:05:52+00:00,-8.051763534545898,-34.94864273071289,18.0,3899.3,170,0.0,0.0,,0.0,
2020-04-04T20:25:23Z,Running,2020-04-04 21:05:56+00:00,-8.05175495147705,-34.94869613647461,18.0,3905.3,170,4.0,6.0,1.5,0.0,0.0
2020-04-04T20:25:23Z,Running,2020-04-04 21:05:56+00:00,-8.05175495147705,-34.94869613647461,18.0,3905.3,170,0.0,0.0,,0.0,
2020-04-04T20:25:23Z,Running,2020-04-04 21:06:01+00:00,-8.051749229431152,-34.948760986328125,16.0,3912.4,170,5.0,7.099999999999909,1.4199999999999817,-2.0,-28.169014084507403
2020-04-04T20:25:23Z,Running,2020-04-04 21:06:01+00:00,-8.051749229431152,-34.948760986328125,16.0,3912.4,169,0.0,0.0,,0.0,
2020-04-04T20:25:23Z,Running,2020-04-04 21:06:05+00:00,-8.051748275756836,-34.94881820678711,16.0,3918.4,169,4.0,6.0,1.5,0.0,0.0
2020-04-04T20:25:23Z,Running,2020-04-04 21:06:05+00:00,-8.051748275756836,-34.94881820678711,16.0,3918.4,169,0.0,0.0,,0.0,
2020-04-04T20:25:23Z,Running,2020-04-04 21:06:09+00:00,-8.051738739013672,-34.94887161254883,16.0,3924.4,171,4.0,6.0,1.5,0.0,0.0
2020-04-04T20:25:23Z,Running,2020-04-04 21:06:09+00:00,-8.051738739013672,-34.94887161254883,16.0,3924.4,172,0.0,0.0,,0.0,
2020-04-04T20:25:23Z,Running,2020-04-04 21:06:13+00:00,-8.051729202270508,-34.94892501831055,16.0,3930.5,175,4.0,6.099999999999909,1.5249999999999773,0.0,0.0
2020-04-04T20:25:23Z,Running,2020-04-04 21:06:13+00:00,-8.051729202270508,-34.94892501831055,16.0,3930.5,175,0.0,0.0,,0.0,
2020-04-04T20:25:23Z,Running,2020-04-04 21:06:18+00:00,-8.051705360412598,-34.94895935058594,16.0,3935.5,175,5.0,5.0,1.0,0.0,0.0
2020-04-04T20:25:23Z,Running,2020-04-04 21:06:18+00:00,-8.051705360412598,-34.94895935058594,16.0,3935.5,174,0.0,0.0,,0.0,
2020-04-04T20:25:23Z,Running,2020-04-04 21:06:25+00:00,-8.051695823669434,-34.94890594482422,15.0,3941.5,174,7.0,6.0,0.8571428571428571,-1.0,-16.666666666666664
2020-04-04T20:25:23Z,Running,2020-04-04 21:06:25+00:00,-8.051695823669434,-34.94890594482422,15.0,3941.5,173,0.0,0.0,,0.0,
2020-04-04T20:25:23Z,Running,2020-04-04 21:06:29+00:00,-8.051709175109863,-34.9488525390625,15.0,3947.6,173,4.0,6.099999999999909,1.5249999999999773,0.0,0.0
2020-04-04T20:25:23Z,Running,2020-04-04 21:06:29+00:00,-8.051709175109863,-34.9488525390625,15.0,3947.6,173,0.0,0.0,,0.0,
2020-04-04T20:25:23Z,Running,2020-04-04 21:06:33+00:00,-8.051727294921875,-34.94880294799805,15.0,3953.6,174,4.0,6.0,1.5,0.0,0.0
2020-04-04T20:25:23Z,Running,2020-04-04 21:06:33+00:00,-8.051727294921875,-34.94880294799805,15.0,3953.6,174,0.0,0.0,,0.0,
2020-04-04T20:25:23Z,Running,2020-04-04 21:06:37+00:00,-8.051735877990723,-34.94874954223633,15.0,3959.6,173,4.0,6.0,1.5,0.0,0.0
2020-04-04T20:25:23Z,Running,2020-04-04 21:06:37+00:00,-8.051735877990723,-34.94874954223633,15.0,3959.6,172,0.0,0.0,,0.0,
2020-04-04T20:25:23Z,Running,2020-04-04 21:06:41+00:00,-8.051738739013672,-34.948699951171875,15.0,3964.7,173,4.0,5.099999999999909,1.2749999999999773,0.0,0.0
2020-04-04T20:25:23Z,Running,2020-04-04 21:06:41+00:00,-8.051738739013672,-34.948699951171875,15.0,3964.7,173,0.0,0.0,,0.0,
2020-04-04T20:25:23Z,Running,2020-04-04 21:06:46+00:00,-8.051751136779785,-34.948631286621094,15.0,3972.7,173,5.0,8.0,1.6,0.0,0.0
2020-04-04T20:25:23Z,Running,2020-04-04 21:06:46+00:00,-8.051751136779785,-34.948631286621094,15.0,3972.7,174,0.0,0.0,,0.0,
2020-04-04T20:25:23Z,Running,2020-04-04 21:06:50+00:00,-8.051756858825684,-34.94858169555664,15.0,3978.8,174,4.0,6.100000000000364,1.525000000000091,0.0,0.0
2020-04-04T20:25:23Z,Running,2020-04-04 21:06:50+00:00,-8.051756858825684,-34.94858169555664,15.0,3978.8,173,0.0,0.0,,0.0,
2020-04-04T20:25:23Z,Running,2020-04-04 21:06:55+00:00,-8.051776885986328,-34.94852066040039,15.0,3985.8,172,5.0,7.0,1.4,0.0,0.0
2020-04-04T20:25:23Z,Running,2020-04-04 21:06:55+00:00,-8.051776885986328,-34.94852066040039,15.0,3985.8,175,0.0,0.0,,0.0,
2020-04-04T20:25:23Z,Running,2020-04-04 21:07:00+00:00,-8.05179500579834,-34.94846725463867,15.0,3991.8,178,5.0,6.0,1.2,0.0,0.0
2020-04-04T20:25:23Z,Running,2020-04-04 21:07:00+00:00,-8.05179500579834,-34.94846725463867,15.0,3991.8,177,0.0,0.0,,0.0,
2020-04-04T20:25:23Z,Running,2020-04-04 21:07:05+00:00,-8.051799774169922,-34.94841003417969,15.0,3997.9,178,5.0,6.099999999999909,1.2199999999999818,0.0,0.0
2020-04-04T20:25:23Z,Running,2020-04-04 21:07:05+00:00,-8.051799774169922,-34.94841003417969,15.0,3997.9,178,0.0,0.0,,0.0,
2020-04-04T20:25:23Z,Running,2020-04-04 21:07:09+00:00,-8.05179214477539,-34.948360443115234,14.0,4003.9,178,4.0,6.0,1.5,-1.0,-16.666666666666664
2020-04-04T20:25:23Z,Running,2020-04-04 21:07:09+00:00,-8.05179214477539,-34.948360443115234,14.0,4003.9,179,0.0,0.0,,0.0,
2020-04-04T20:25:23Z,Running,2020-04-04 21:07:15+00:00,-8.051807403564453,-34.948333740234375,8.0,4006.9,178,6.0,3.0,0.5,-6.0,-200.0
2020-04-04T20:25:23Z,Running,2020-04-04 21:07:15+00:00,-8.051807403564453,-34.948333740234375,8.0,4006.9,177,0.0,0.0,,0.0,
2020-04-04T20:25:23Z,Running,2020-04-04 21:07:21+00:00,-8.051807403564453,-34.94839859008789,5.0,4014.0,177,6.0,7.099999999999909,1.1833333333333182,-3.0,-42.25352112676111
2020-04-04T20:25:23Z,Running,2020-04-04 21:07:21+00:00,-8.051807403564453,-34.94839859008789,5.0,4014.0,178,0.0,0.0,,0.0,
2020-04-04T20:25:23Z,Running,2020-04-04 21:07:25+00:00,-8.051795959472656,-34.94845199584961,5.0,4020.0,180,4.0,6.0,1.5,0.0,0.0
2020-04-04T20:25:23Z,Running,2020-04-04 21:07:25+00:00,-8.051795959472656,-34.94845199584961,5.0,4020.0,180,0.0,0.0,,0.0,
