activity_id,sport_type,timestamp,latitude,longitude,cadence,heart_rate
2022-09-13T21:51:27Z,run,2022-09-13T21:51:36Z,-8.04712833,-34.94952,,
2022-09-13T21:51:27Z,run,2022-09-13T21:51:38Z,-8.04719833,-34.94951668,86.0,
2022-09-13T21:51:27Z,run,2022-09-13T21:51:39Z,-8.04720566,-34.94951234,86.0,
2022-09-13T21:51:27Z,run,2022-09-13T21:51:40Z,-8.04721599,-34.94951035,86.0,
2022-09-13T21:51:27Z,run,2022-09-13T21:51:41Z,-8.04723265,-34.94950802,86.0,
2022-09-13T21:51:27Z,run,2022-09-13T21:51:42Z,-8.04725565,-34.94950901,86.0,
2022-09-13T21:51:27Z,run,2022-09-13T21:51:43Z,-8.04728664,-34.949512,86.0,
2022-09-13T21:51:27Z,run,2022-09-13T21:51:44Z,-8.04732097,-34.94951633,87.0,117.0
2022-09-13T21:51:27Z,run,2022-09-13T21:51:45Z,-8.04735363,-34.94952167,88.0,117.0
2022-09-13T21:51:27Z,run,2022-09-13T21:51:46Z,-8.04738563,-34.94952766,88.0,117.0
2022-09-13T21:51:27Z,run,2022-09-13T21:51:47Z,-8.04741595,-34.94953266,87.0,116.0
2022-09-13T21:51:27Z,run,2022-09-13T21:51:48Z,-8.04744462,-34.94953831,87.0,116.0
2022-09-13T21:51:27Z,run,2022-09-13T21:51:49Z,-8.04747294,-34.9495443,86.0,115.0
2022-09-13T21:51:27Z,run,2022-09-13T21:51:50Z,-8.0475026,-34.94955163,86.0,115.0
2022-09-13T21:51:27Z,run,2022-09-13T21:51:51Z,-8.0475306,-34.94955863,86.0,115.0
2022-09-13T21:51:27Z,run,2022-09-13T21:51:52Z,-8.04755392,-34.94956462,86.0,116.0
2022-09-13T21:51:27Z,run,2022-09-13T21:51:53Z,-8.04757559,-34.94956995,86.0,116.0
2022-09-13T21:51:27Z,run,2022-09-13T21:51:54Z,-8.04759858,-34.94957761,86.0,117.0
2022-09-13T21:51:27Z,run,2022-09-13T21:51:55Z,-8.04762324,-34.94958594,86.0,117.0
2022-09-13T21:51:27Z,run,2022-09-13T21:55:42Z,-8.04762324,-34.94958594,,
2022-09-13T21:51:27Z,run,2022-09-13T21:55:42Z,-8.04762324,-34.94958594,,
2022-09-13T21:51:27Z,run,2022-09-13T21:55:42Z,-8.04762324,-34.94958594,,
2022-09-13T21:51:27Z,run,2022-09-13T21:55:42Z,-8.04616724,-34.94958594,,
2022-09-13T21:51:27Z,run,2022-09-13T22:04:12Z,-8.04070592,-34.95508994,,
2022-09-13T21:51:27Z,run,2022-09-13T22:05:16Z,-8.0352446,-34.95998726,,
2022-09-13T21:51:27Z,run,2022-09-13T22:17:32Z,-8.03526292,-34.95997527,,
2022-09-13T21:51:27Z,run,2022-09-13T22:17:33Z,-8.03528124,-34.95996161,86.0,121.0
2022-09-13T21:51:27Z,run,2022-09-13T22:17:34Z,-8.03529924,-34.95994895,86.0,121.0
2022-09-13T21:51:27Z,run,2022-09-13T22:17:35Z,-8.03531923,-34.95993695,87.0,121.0
2022-09-13T21:51:27Z,run,2022-09-13T22:17:36Z,-8.03534156,-34.95993063,87.0,121.0
2022-09-13T21:51:27Z,run,2022-09-13T22:17:37Z,-8.03536589,-34.9599263,87.0,121.0
2022-09-13T21:51:27Z,run,2022-09-13T22:17:38Z,-8.03539056,-34.9599213,87.0,122.0
2022-09-13T21:51:27Z,run,2022-09-13T22:17:39Z,-8.03541521,-34.9599163,87.0,122.0
2022-09-13T21:51:27Z,run,2022-09-13T22:17:40Z,-8.03543988,-34.95991397,87.0,122.0
2022-09-13T21:51:27Z,run,2022-09-13T22:17:41Z,-8.03546421,-34.95991298,87.0,123.0
2022-09-13T21:51:27Z,run,2022-09-13T22:17:42Z,-8.0354882,-34.9599133,87.0,122.0
2022-09-13T21:51:27Z,run,2022-09-13T22:17:43Z,-8.03551187,-34.95991629,87.0,122.0
2022-09-13T21:51:27Z,run,2022-09-13T22:17:44Z,-8.03553787,-34.95992096,87.0,121.0
2022-09-13T21:51:27Z,run,2022-09-13T22:17:45Z,-8.03556553,-34.95992862,87.0,121.0
2022-09-13T21:51:27Z,run,2022-09-13T22:17:46Z,-8.03559285,-34.95993862,87.0,120.0
2022-09-13T21:51:27Z,run,2022-09-13T22:17:47Z,-8.03561952,-34.95995195,88.0,120.0
2022-09-13T21:51:27Z,run,2022-09-13T22:17:48Z,-8.03564384,-34.95996862,87.0,120.0
2022-09-13T21:51:27Z,run,2022-09-13T22:17:49Z,-8.03566517,-34.95998894,87.0,120.0
2022-09-13T21:51:27Z,run,2022-09-13T22:17:50Z,-8.0356845,-34.96000926,87.0,120.0
2022-09-13T21:51:27Z,run,2022-09-13T22:17:51Z,-8.03570415,-34.9600276,87.0,121.0
2022-09-13T21:51:27Z,run,2022-09-13T22:17:52Z,-8.03572249,-34.96004459,87.0,121.0
2022-09-13T21:51:27Z,run,2022-09-13T22:17:53Z,-8.03574115,-34.96005958,87.0,121.0
2022-09-13T21:51:27Z,run,2022-09-13T22:17:54Z,-8.03575882,-34.96007423,86.0,122.0
2022-09-13T21:51:27Z,run,2022-09-13T22:17:55Z,-8.03577714,-34.96008723,86.0,123.0
2022-09-13T21:51:27Z,run,2022-09-13T22:17:57Z,-8.03583247,-34.9601459,85.0,123.0
2022-09-13T21:51:27Z,run,2022-09-13T22:17:58Z,-8.03583347,-34.96015222,86.0,123.0
2022-09-13T21:51:27Z,run,2022-09-13T22:17:59Z,-8.03583646,-34.96016388,87.0,123.0
2022-09-13T21:51:27Z,run,2022-09-13T22:18:00Z,-8.03583878,-34.96017887,88.0,123.0
2022-09-13T21:51:27Z,run,2022-09-13T22:18:01Z,-8.03584244,-34.96019754,87.0,124.0
2022-09-13T21:51:27Z,run,2022-09-13T22:18:02Z,-8.03584577,-34.96021819,87.0,124.0
2022-09-13T21:51:27Z,run,2022-09-13T22:18:03Z,-8.0358491,-34.96023953,87.0,124.0
2022-09-13T21:51:27Z,run,2022-09-13T22:18:04Z,-8.03585444,-34.96026285,86.0,123.0
2022-09-13T21:51:27Z,run,2022-09-13T22:18:05Z,-8.03586576,-34.96028385,86.0,123.0
2022-09-13T21:51:27Z,run,2022-09-13T22:18:06Z,-8.03587808,-34.96030151,86.0,123.0
2022-09-13T21:51:27Z,run,2022-09-13T22:18:07Z,-8.03589308,-34.96031484,87.0,123.0
2022-09-13T21:51:27Z,run,2022-09-13T22:18:08Z,-8.03590974,-34.96032383,87.0,123.0
2022-09-13T21:51:27Z,run,2022-09-13T22:18:09Z,-8.03592641,-34.96032883,87.0,121.0
2022-09-13T21:51:27Z,run,2022-09-13T22:18:10Z,-8.03594106,-34.96032851,87.0,121.0
2022-09-13T21:51:27Z,run,2022-09-13T22:18:11Z,-8.03595672,-34.96032818,87.0,120.0
2022-09-13T21:51:27Z,run,2022-09-13T22:18:12Z,-8.03597272,-34.96032452,86.0,120.0
2022-09-13T21:51:27Z,run,2022-09-13T22:18:13Z,-8.03599071,-34.96031819,86.0,120.0
2022-09-13T21:51:27Z,run,2022-09-13T22:18:14Z,-8.03600871,-34.96030887,86.0,120.0
2022-09-13T21:51:27Z,run,2022-09-13T22:18:15Z,-8.03602604,-34.9602962,86.0,121.0
2022-09-13T21:51:27Z,run,2022-09-13T22:18:16Z,-8.03604337,-34.96028287,86.0,122.0
2022-09-13T21:51:27Z,run,2022-09-13T22:18:17Z,-8.03606036,-34.96026855,86.0,122.0
2022-09-13T21:51:27Z,run,2022-09-13T22:18:18Z,-8.03607702,-34.96025289,85.0,122.0
2022-09-13T21:51:27Z,run,2022-09-13T22:18:19Z,-8.03609268,-34.9602359,85.0,121.0
2022-09-13T21:51:27Z,run,2022-09-13T22:18:20Z,-8.03610901,-34.9602179,85.0,121.0
2022-09-13T21:51:27Z,run,2022-09-13T22:18:21Z,-8.03612535,-34.96019958,85.0,122.0
2022-09-13T21:51:27Z,run,2022-09-13T22:18:22Z,-8.036143,-34.96018424,85.0,123.0
2022-09-13T21:51:27Z,run,2022-09-13T22:18:23Z,-8.03616233,-34.96017058,85.0,123.0
2022-09-13T21:51:27Z,run,2022-09-13T22:18:24Z,-8.03618466,-34.96015892,86.0,124.0
2022-09-13T21:51:27Z,run,2022-09-13T22:18:25Z,-8.03620833,-34.96015093,86.0,124.0
2022-09-13T21:51:27Z,run,2022-09-13T22:18:26Z,-8.03623265,-34.9601466,86.0,124.0
2022-09-13T21:51:27Z,run,2022-09-13T22:18:27Z,-8.03625765,-34.96014561,86.0,124.0
2022-09-13T21:51:27Z,run,2022-09-13T22:18:28Z,-8.03628198,-34.96014726,86.0,124.0
2022-09-13T21:51:27Z,run,2022-09-13T22:18:29Z,-8.03630831,-34.9601496,85.0,124.0
2022-09-13T21:51:27Z,run,2022-09-13T22:18:30Z,-8.03633796,-34.96015393,85.0,124.0
2022-09-13T21:51:27Z,run,2022-09-13T22:18:31Z,-8.03636929,-34.96016059,85.0,124.0
2022-09-13T21:51:27Z,run,2022-09-13T22:18:32Z,-8.03640029,-34.96017159,85.0,124.0
2022-09-13T21:51:27Z,run,2022-09-13T22:18:33Z,-8.03643094,-34.96018492,85.0,125.0
2022-09-13T21:51:27Z,run,2022-09-13T22:18:34Z,-8.03645928,-34.96019991,86.0,125.0
2022-09-13T21:51:27Z,run,2022-09-13T22:18:35Z,-8.03648694,-34.9602149,85.0,125.0
2022-09-13T21:51:27Z,run,2022-09-13T22:18:36Z,-8.03651393,-34.96023157,86.0,125.0
2022-09-13T21:51:27Z,run,2022-09-13T22:18:37Z,-8.0365396,-34.96024923,85.0,125.0
2022-09-13T21:51:27Z,run,2022-09-13T22:18:38Z,-8.03656159,-34.96026789,86.0,125.0
2022-09-13T21:51:27Z,run,2022-09-13T22:18:39Z,-8.03658158,-34.96028288,86.0,125.0
2022-09-13T21:51:27Z,run,2022-09-13T22:18:40Z,-8.03660125,-34.96029755,86.0,125.0
2022-09-13T21:51:27Z,run,2022-09-13T22:18:41Z,-8.03662225,-34.9603102,86.0,125.0
2022-09-13T21:51:27Z,run,2022-09-13T22:18:42Z,-8.03664624,-34.96032054,85.0,125.0
2022-09-13T21:51:27Z,run,2022-09-13T22:18:43Z,-8.03667457,-34.96033253,85.0,125.0
2022-09-13T21:51:27Z,run,2022-09-13T22:18:44Z,-8.03670256,-34.96034452,85.0,125.0
2022-09-13T21:51:27Z,run,2022-09-13T22:18:45Z,-8.03672856,-34.96035485,85.0,125.0
2022-09-13T21:51:27Z,run,2022-09-13T22:18:46Z,-8.03675289,-34.96036451,86.0,125.0
2022-09-13T21:51:27Z,run,2022-09-13T22:18:47Z,-8.03677389,-34.96037284,86.0,125.0
2022-09-13T21:51:27Z,run,2022-09-13T22:18:48Z,-8.03679522,-34.96038251,86.0,125.0
2022-09-13T21:51:27Z,run,2022-09-13T22:18:49Z,-8.03681322,-34.96039617,85.0,125.0
2022-09-13T21:51:27Z,run,2022-09-13T22:18:50Z,-8.03683321,-34.96040916,86.0,125.0
2022-09-13T21:51:27Z,run,2022-09-13T22:18:51Z,-8.03685187,-34.9604205,86.0,125.0
2022-09-13T21:51:27Z,run,2022-09-13T22:18:52Z,-8.03686886,-34.9604305,87.0,124.0
2022-09-13T21:51:27Z,run,2022-09-13T22:18:53Z,-8.03688252,-34.96043915,86.0,124.0
2022-09-13T21:51:27Z,run,2022-09-13T22:18:54Z,-8.03689652,-34.96044182,85.0,123.0
2022-09-13T21:51:27Z,run,2022-09-13T22:18:55Z,-8.03691252,-34.96044248,84.0,123.0
2022-09-13T21:51:27Z,run,2022-09-13T22:18:56Z,-8.03692985,-34.96044182,84.0,123.0
2022-09-13T21:51:27Z,run,2022-09-13T22:18:57Z,-8.03694918,-34.96044248,84.0,123.0
2022-09-13T21:51:27Z,run,2022-09-13T22:18:58Z,-8.03697083,-34.96044481,84.0,123.0
2022-09-13T21:51:27Z,run,2022-09-13T22:18:59Z,-8.03699316,-34.9604478,84.0,124.0
2022-09-13T21:51:27Z,run,2022-09-13T22:19:00Z,-8.03701449,-34.96045146,84.0,124.0
2022-09-13T21:51:27Z,run,2022-09-13T22:19:01Z,-8.03703682,-34.96045512,83.0,124.0
2022-09-13T21:51:27Z,run,2022-09-13T22:19:02Z,-8.03705815,-34.96045678,82.0,125.0
2022-09-13T21:51:27Z,run,2022-09-13T22:19:03Z,-8.03707915,-34.96045744,82.0,125.0
2022-09-13T21:51:27Z,run,2022-09-13T22:19:04Z,-8.03710148,-34.9604581,83.0,126.0
2022-09-13T21:51:27Z,run,2022-09-13T22:19:05Z,-8.03712514,-34.96045976,84.0,127.0
2022-09-13T21:51:27Z,run,2022-09-13T22:19:06Z,-8.03714913,-34.96046243,85.0,129.0
2022-09-13T21:51:27Z,run,2022-09-13T22:19:07Z,-8.03717346,-34.96046409,85.0,128.0
2022-09-13T21:51:27Z,run,2022-09-13T22:19:08Z,-8.03719646,-34.96046508,84.0,127.0
2022-09-13T21:51:27Z,run,2022-09-13T22:19:09Z,-8.03721745,-34.96046476,84.0,127.0
2022-09-13T21:51:27Z,run,2022-09-13T22:19:10Z,-8.03723712,-34.96046444,85.0,127.0
2022-09-13T21:51:27Z,run,2022-09-13T22:19:11Z,-8.03725778,-34.96046378,85.0,127.0
2022-09-13T21:51:27Z,run,2022-09-13T22:19:12Z,-8.03728144,-34.96046477,85.0,127.0
2022-09-13T21:51:27Z,run,2022-09-13T22:19:13Z,-8.03730744,-34.96046744,85.0,126.0
2022-09-13T21:51:27Z,run,2022-09-13T22:19:14Z,-8.03733344,-34.96047009,85.0,126.0
2022-09-13T21:51:27Z,run,2022-09-13T22:19:15Z,-8.03735911,-34.96047176,85.0,126.0
2022-09-13T21:51:27Z,run,2022-09-13T22:19:16Z,-8.03738143,-34.96047208,85.0,126.0
2022-09-13T21:51:27Z,run,2022-09-13T22:19:17Z,-8.03740076,-34.96046943,85.0,126.0
2022-09-13T21:51:27Z,run,2022-09-13T22:19:18Z,-8.03741843,-34.96046443,85.0,127.0
2022-09-13T21:51:27Z,run,2022-09-13T22:19:19Z,-8.03743709,-34.96045876,85.0,127.0
2022-09-13T21:51:27Z,run,2022-09-13T22:19:20Z,-8.03745608,-34.96045343,85.0,129.0
2022-09-13T21:51:27Z,run,2022-09-13T22:19:21Z,-8.03747674,-34.96044977,85.0,129.0
2022-09-13T21:51:27Z,run,2022-09-13T22:19:22Z,-8.03749873,-34.96044777,84.0,130.0
2022-09-13T21:51:27Z,run,2022-09-13T22:19:23Z,-8.03752307,-34.96044944,84.0,131.0
2022-09-13T21:51:27Z,run,2022-09-13T22:19:24Z,-8.03754839,-34.96045309,85.0,131.0
2022-09-13T21:51:27Z,run,2022-09-13T22:19:25Z,-8.03757405,-34.96045876,86.0,132.0
2022-09-13T21:51:27Z,run,2022-09-13T22:19:26Z,-8.03759905,-34.96046443,86.0,132.0
2022-09-13T21:51:27Z,run,2022-09-13T22:19:27Z,-8.0376217,-34.96046676,85.0,132.0
2022-09-13T21:51:27Z,run,2022-09-13T22:19:28Z,-8.03764369,-34.96046742,85.0,132.0
2022-09-13T21:51:27Z,run,2022-09-13T22:19:29Z,-8.03766669,-34.96046807,85.0,132.0
2022-09-13T21:51:27Z,run,2022-09-13T22:19:30Z,-8.03769068,-34.96046708,85.0,131.0
2022-09-13T21:51:27Z,run,2022-09-13T22:19:31Z,-8.03771402,-34.96046609,85.0,131.0
2022-09-13T21:51:27Z,run,2022-09-13T22:19:32Z,-8.03773668,-34.96046642,86.0,132.0
2022-09-13T21:51:27Z,run,2022-09-13T22:19:33Z,-8.03775867,-34.96046841,86.0,132.0
2022-09-13T21:51:27Z,run,2022-09-13T22:19:34Z,-8.03778034,-34.96047174,86.0,130.0
2022-09-13T21:51:27Z,run,2022-09-13T22:19:35Z,-8.037804,-34.96047906,85.0,130.0
2022-09-13T21:51:27Z,run,2022-09-13T22:19:36Z,-8.037829,-34.96048772,85.0,130.0
2022-09-13T21:51:27Z,run,2022-09-13T22:19:37Z,-8.03785399,-34.96049539,85.0,130.0
2022-09-13T21:51:27Z,run,2022-09-13T22:19:38Z,-8.03787765,-34.96050039,85.0,130.0
2022-09-13T21:51:27Z,run,2022-09-13T22:19:39Z,-8.03790164,-34.96050238,85.0,132.0
2022-09-13T21:51:27Z,run,2022-09-13T22:19:40Z,-8.03792498,-34.96050039,85.0,132.0
2022-09-13T21:51:27Z,run,2022-09-13T22:19:41Z,-8.03794864,-34.96049472,85.0,133.0
2022-09-13T21:51:27Z,run,2022-09-13T22:19:42Z,-8.03797263,-34.96048805,85.0,133.0
2022-09-13T21:51:27Z,run,2022-09-13T22:19:43Z,-8.03800229,-34.96048273,85.0,132.0
2022-09-13T21:51:27Z,run,2022-09-13T22:19:44Z,-8.03803128,-34.9604754,85.0,131.0
2022-09-13T21:51:27Z,run,2022-09-13T22:19:45Z,-8.03805961,-34.9604674,85.0,130.0
2022-09-13T21:51:27Z,run,2022-09-13T22:19:46Z,-8.03808761,-34.9604624,85.0,130.0
2022-09-13T21:51:27Z,run,2022-09-13T22:19:47Z,-8.0381126,-34.96045973,86.0,130.0
2022-09-13T21:51:27Z,run,2022-09-13T22:19:48Z,-8.03813427,-34.96045941,85.0,129.0
2022-09-13T21:51:27Z,run,2022-09-13T22:19:49Z,-8.03815426,-34.96046141,86.0,129.0
2022-09-13T21:51:27Z,run,2022-09-13T22:19:50Z,-8.03817593,-34.96046341,86.0,129.0
2022-09-13T21:51:27Z,run,2022-09-13T22:19:51Z,-8.03820026,-34.9604674,86.0,130.0
2022-09-13T21:51:27Z,run,2022-09-13T22:19:52Z,-8.03822792,-34.9604754,86.0,130.0
2022-09-13T21:51:27Z,run,2022-09-13T22:19:53Z,-8.03825557,-34.96048139,85.0,130.0
2022-09-13T21:51:27Z,run,2022-09-13T22:19:54Z,-8.03828391,-34.96048572,85.0,129.0
2022-09-13T21:51:27Z,run,2022-09-13T22:19:55Z,-8.03831256,-34.96049171,84.0,129.0
2022-09-13T21:51:27Z,run,2022-09-13T22:19:56Z,-8.03834056,-34.9604957,85.0,129.0
2022-09-13T21:51:27Z,run,2022-09-13T22:19:57Z,-8.0383679,-34.96049869,85.0,129.0
2022-09-13T21:51:27Z,run,2022-09-13T22:19:58Z,-8.03839355,-34.96050002,85.0,129.0
2022-09-13T21:51:27Z,run,2022-09-13T22:19:59Z,-8.03841889,-34.96049902,85.0,129.0
2022-09-13T21:51:27Z,run,2022-09-13T22:20:00Z,-8.03844421,-34.96049637,84.0,129.0
2022-09-13T21:51:27Z,run,2022-09-13T22:20:01Z,-8.03847021,-34.9604937,84.0,129.0
2022-09-13T21:51:27Z,run,2022-09-13T22:20:02Z,-8.03849787,-34.9604937,84.0,129.0
2022-09-13T21:51:27Z,run,2022-09-13T22:20:03Z,-8.03852553,-34.96049503,84.0,130.0
2022-09-13T21:51:27Z,run,2022-09-13T22:20:04Z,-8.0385522,-34.96049737,84.0,130.0
2022-09-13T21:51:27Z,run,2022-09-13T22:20:05Z,-8.03857752,-34.96050069,85.0,130.0
2022-09-13T21:51:27Z,run,2022-09-13T22:20:06Z,-8.03860252,-34.96050368,85.0,130.0
2022-09-13T21:51:27Z,run,2022-09-13T22:20:07Z,-8.03862751,-34.96050601,84.0,130.0
2022-09-13T21:51:27Z,run,2022-09-13T22:20:08Z,-8.03865218,-34.960507,83.0,130.0
2022-09-13T21:51:27Z,run,2022-09-13T22:20:09Z,-8.03867651,-34.960508,82.0,131.0
2022-09-13T21:51:27Z,run,2022-09-13T22:20:10Z,-8.03870084,-34.96050833,82.0,131.0
2022-09-13T21:51:27Z,run,2022-09-13T22:20:12Z,-8.03879516,-34.96049066,81.0,132.0
2022-09-13T21:51:27Z,run,2022-09-13T22:20:13Z,-8.03879949,-34.960489,81.0,131.0
2022-09-13T21:51:27Z,run,2022-09-13T22:20:14Z,-8.03880782,-34.96048601,81.0,131.0
2022-09-13T21:51:27Z,run,2022-09-13T22:20:15Z,-8.03881981,-34.96048235,83.0,131.0
2022-09-13T21:51:27Z,run,2022-09-13T22:20:16Z,-8.03883414,-34.96047968,83.0,131.0
2022-09-13T21:51:27Z,run,2022-09-13T22:20:17Z,-8.0388508,-34.96047836,83.0,130.0
2022-09-13T21:51:27Z,run,2022-09-13T22:20:18Z,-8.03886846,-34.96047901,83.0,130.0
2022-09-13T21:51:27Z,run,2022-09-13T22:20:19Z,-8.03888679,-34.96048168,84.0,130.0
2022-09-13T21:51:27Z,run,2022-09-13T22:20:20Z,-8.03890479,-34.96048668,84.0,129.0
2022-09-13T21:51:27Z,run,2022-09-13T22:20:21Z,-8.03892244,-34.96049401,84.0,129.0
2022-09-13T21:51:27Z,run,2022-09-13T22:20:22Z,-8.03893778,-34.960505,84.0,129.0
2022-09-13T21:51:27Z,run,2022-09-13T22:20:23Z,-8.03895178,-34.96051967,84.0,129.0
2022-09-13T21:51:27Z,run,2022-09-13T22:20:24Z,-8.03896477,-34.96053599,83.0,129.0
2022-09-13T21:51:27Z,run,2022-09-13T22:20:25Z,-8.03897809,-34.96055166,82.0,129.0
2022-09-13T21:51:27Z,run,2022-09-13T22:20:26Z,-8.03899176,-34.96056598,82.0,129.0
2022-09-13T21:51:27Z,run,2022-09-13T22:20:27Z,-8.03900275,-34.96057665,82.0,129.0
2022-09-13T21:51:27Z,run,2022-09-13T22:20:28Z,-8.03901308,-34.96058465,82.0,130.0
2022-09-13T21:51:27Z,run,2022-09-13T22:20:29Z,-8.03902374,-34.96059032,82.0,130.0
2022-09-13T21:51:27Z,run,2022-09-13T22:20:30Z,-8.03903207,-34.96059865,82.0,132.0
2022-09-13T21:51:27Z,run,2022-09-13T22:20:31Z,-8.03903907,-34.96060897,82.0,134.0
2022-09-13T21:51:27Z,run,2022-09-13T22:20:32Z,-8.0390444,-34.96061864,82.0,134.0
2022-09-13T21:51:27Z,run,2022-09-13T22:20:33Z,-8.03904939,-34.96062796,82.0,135.0
2022-09-13T21:51:27Z,run,2022-09-13T22:20:34Z,-8.03905506,-34.96063763,82.0,135.0
2022-09-13T21:51:27Z,run,2022-09-13T22:20:35Z,-8.03906005,-34.96064662,82.0,135.0
2022-09-13T21:51:27Z,run,2022-09-13T22:20:36Z,-8.03906272,-34.96065828,82.0,135.0
2022-09-13T21:51:27Z,run,2022-09-13T22:20:37Z,-8.03906404,-34.9606706,82.0,135.0
2022-09-13T21:51:27Z,run,2022-09-13T22:20:38Z,-8.0390647,-34.96068293,82.0,134.0
2022-09-13T21:51:27Z,run,2022-09-13T22:20:39Z,-8.03906903,-34.96069459,82.0,133.0
2022-09-13T21:51:27Z,run,2022-09-13T22:20:40Z,-8.03907802,-34.96070526,82.0,135.0
2022-09-13T21:51:27Z,run,2022-09-13T22:20:41Z,-8.03908902,-34.96071725,82.0,135.0
2022-09-13T21:51:27Z,run,2022-09-13T22:20:42Z,-8.03910302,-34.9607299,82.0,135.0
2022-09-13T21:51:27Z,run,2022-09-13T22:20:43Z,-8.03911769,-34.96074357,84.0,136.0
2022-09-13T21:51:27Z,run,2022-09-13T22:20:44Z,-8.03912834,-34.96075957,85.0,137.0
2022-09-13T21:51:27Z,run,2022-09-13T22:20:45Z,-8.039137,-34.96077857,85.0,137.0
2022-09-13T21:51:27Z,run,2022-09-13T22:20:46Z,-8.03914332,-34.96079889,85.0,138.0
2022-09-13T21:51:27Z,run,2022-09-13T22:20:47Z,-8.03914699,-34.96081955,85.0,138.0
2022-09-13T21:51:27Z,run,2022-09-13T22:20:48Z,-8.03914898,-34.96084122,85.0,137.0
2022-09-13T21:51:27Z,run,2022-09-13T22:20:49Z,-8.03914998,-34.96086421,85.0,136.0
2022-09-13T21:51:27Z,run,2022-09-13T22:20:50Z,-8.03914931,-34.96088753,85.0,136.0
2022-09-13T21:51:27Z,run,2022-09-13T22:20:51Z,-8.03914898,-34.96091053,85.0,136.0
2022-09-13T21:51:27Z,run,2022-09-13T22:20:52Z,-8.03914766,-34.96093152,85.0,137.0
2022-09-13T21:51:27Z,run,2022-09-13T22:20:53Z,-8.03914467,-34.96095151,85.0,137.0
2022-09-13T21:51:27Z,run,2022-09-13T22:20:54Z,-8.039139,-34.96097183,86.0,137.0
2022-09-13T21:51:27Z,run,2022-09-13T22:20:55Z,-8.03913268,-34.9609915,86.0,137.0
2022-09-13T21:51:27Z,run,2022-09-13T22:20:56Z,-8.03912802,-34.96101017,86.0,137.0
2022-09-13T21:51:27Z,run,2022-09-13T22:20:57Z,-8.03912535,-34.96103116,86.0,137.0
2022-09-13T21:51:27Z,run,2022-09-13T22:20:58Z,-8.03912236,-34.96105482,85.0,137.0
2022-09-13T21:51:27Z,run,2022-09-13T22:20:59Z,-8.03911836,-34.96107781,85.0,137.0
2022-09-13T21:51:27Z,run,2022-09-13T22:21:00Z,-8.03911503,-34.96110114,85.0,136.0
2022-09-13T21:51:27Z,run,2022-09-13T22:21:01Z,-8.0391117,-34.96112379,86.0,137.0
2022-09-13T21:51:27Z,run,2022-09-13T22:21:02Z,-8.03910904,-34.96114446,86.0,136.0
2022-09-13T21:51:27Z,run,2022-09-13T22:21:03Z,-8.03910537,-34.96116545,86.0,135.0
2022-09-13T21:51:27Z,run,2022-09-13T22:21:04Z,-8.03910238,-34.96118745,86.0,134.0
2022-09-13T21:51:27Z,run,2022-09-13T22:21:05Z,-8.03909905,-34.96120811,86.0,134.0
2022-09-13T21:51:27Z,run,2022-09-13T22:21:06Z,-8.03909539,-34.96122744,87.0,134.0
2022-09-13T21:51:27Z,run,2022-09-13T22:21:07Z,-8.03909374,-34.96124644,87.0,133.0
2022-09-13T21:51:27Z,run,2022-09-13T22:21:08Z,-8.03909473,-34.9612641,86.0,132.0
2022-09-13T21:51:27Z,run,2022-09-13T22:21:09Z,-8.03910006,-34.96128243,85.0,130.0
2022-09-13T21:51:27Z,run,2022-09-13T22:21:10Z,-8.03911005,-34.9612991,85.0,126.0
2022-09-13T21:51:27Z,run,2022-09-13T22:21:11Z,-8.03912304,-34.96131542,85.0,126.0
2022-09-13T21:51:27Z,run,2022-09-13T22:21:12Z,-8.03913837,-34.96133009,85.0,126.0
2022-09-13T21:51:27Z,run,2022-09-13T22:21:12Z,-8.03915537,-34.96134341,85.0,127.0
2022-09-13T21:51:27Z,run,2022-09-13T22:21:13Z,-8.03917303,-34.96135541,85.0,126.0
2022-09-13T21:51:27Z,run,2022-09-13T22:21:14Z,-8.0391927,-34.96136641,86.0,125.0
2022-09-13T21:51:27Z,run,2022-09-13T22:21:15Z,-8.0392137,-34.96137507,86.0,124.0
2022-09-13T21:51:27Z,run,2022-09-13T22:21:16Z,-8.03923603,-34.96138172,86.0,124.0
2022-09-13T21:51:27Z,run,2022-09-13T22:21:17Z,-8.03926002,-34.96138739,86.0,123.0
2022-09-13T21:51:27Z,run,2022-09-13T22:21:18Z,-8.03928469,-34.96138838,86.0,123.0
2022-09-13T21:51:27Z,run,2022-09-13T22:21:19Z,-8.03930769,-34.96139005,86.0,123.0
2022-09-13T21:51:27Z,run,2022-09-13T22:21:20Z,-8.03933135,-34.9613927,86.0,123.0
2022-09-13T21:51:27Z,run,2022-09-13T22:21:21Z,-8.03935434,-34.96139636,86.0,124.0
2022-09-13T21:51:27Z,run,2022-09-13T22:21:22Z,-8.03937734,-34.96139968,86.0,124.0
2022-09-13T21:51:27Z,run,2022-09-13T22:21:23Z,-8.03939967,-34.96140435,86.0,126.0
2022-09-13T21:51:27Z,run,2022-09-13T22:21:24Z,-8.03942033,-34.96140835,85.0,126.0
2022-09-13T21:51:27Z,run,2022-09-13T22:21:25Z,-8.03944166,-34.96141334,85.0,126.0
2022-09-13T21:51:27Z,run,2022-09-13T22:21:26Z,-8.03946432,-34.96141901,85.0,125.0
2022-09-13T21:51:27Z,run,2022-09-13T22:21:27Z,-8.03948798,-34.96142634,86.0,124.0
2022-09-13T21:51:27Z,run,2022-09-13T22:21:28Z,-8.03950997,-34.96143701,86.0,122.0
2022-09-13T21:51:27Z,run,2022-09-13T22:21:29Z,-8.03952797,-34.96145166,86.0,122.0
2022-09-13T21:51:27Z,run,2022-09-13T22:21:30Z,-8.0395423,-34.961468,86.0,121.0
2022-09-13T21:51:27Z,run,2022-09-13T22:21:31Z,-8.03955329,-34.96148799,86.0,121.0
2022-09-13T21:51:27Z,run,2022-09-13T22:21:32Z,-8.03956195,-34.96150931,86.0,121.0
2022-09-13T21:51:27Z,run,2022-09-13T22:21:33Z,-8.03956995,-34.96153197,86.0,122.0
2022-09-13T21:51:27Z,run,2022-09-13T22:21:34Z,-8.03957828,-34.9615553,86.0,121.0
2022-09-13T21:51:27Z,run,2022-09-13T22:21:35Z,-8.03958594,-34.96157829,86.0,121.0
2022-09-13T21:51:27Z,run,2022-09-13T22:21:36Z,-8.03959327,-34.96160128,86.0,121.0
2022-09-13T21:51:27Z,run,2022-09-13T22:21:37Z,-8.03959927,-34.96162561,86.0,122.0
2022-09-13T21:51:27Z,run,2022-09-13T22:21:38Z,-8.0396026,-34.96164994,86.0,121.0
2022-09-13T21:51:27Z,run,2022-09-13T22:21:39Z,-8.03960325,-34.96167627,86.0,120.0
2022-09-13T21:51:27Z,run,2022-09-13T22:21:40Z,-8.03960392,-34.96170159,86.0,118.0
2022-09-13T21:51:27Z,run,2022-09-13T22:21:41Z,-8.03960459,-34.96172659,86.0,118.0
2022-09-13T21:51:27Z,run,2022-09-13T22:21:42Z,-8.03960524,-34.96175292,86.0,117.0
2022-09-13T21:51:27Z,run,2022-09-13T22:21:43Z,-8.03960557,-34.96178058,87.0,117.0
2022-09-13T21:51:27Z,run,2022-09-13T22:21:44Z,-8.03960657,-34.96180757,87.0,117.0
2022-09-13T21:51:27Z,run,2022-09-13T22:21:45Z,-8.03960789,-34.96183591,87.0,117.0
2022-09-13T21:51:27Z,run,2022-09-13T22:21:46Z,-8.03960921,-34.96186357,88.0,117.0
2022-09-13T21:51:27Z,run,2022-09-13T22:21:47Z,-8.03960988,-34.96189024,88.0,117.0
2022-09-13T21:51:27Z,run,2022-09-13T22:21:48Z,-8.03960988,-34.96191623,87.0,117.0
2022-09-13T21:51:27Z,run,2022-09-13T22:21:49Z,-8.03960821,-34.96194222,88.0,117.0
2022-09-13T21:51:27Z,run,2022-09-13T22:21:50Z,-8.03960656,-34.96196655,88.0,118.0
2022-09-13T21:51:27Z,run,2022-09-13T22:21:51Z,-8.03960423,-34.96199021,88.0,118.0
2022-09-13T21:51:27Z,run,2022-09-13T22:21:52Z,-8.03960223,-34.96201354,88.0,118.0
2022-09-13T21:51:27Z,run,2022-09-13T22:21:53Z,-8.03960091,-34.96203753,88.0,118.0
2022-09-13T21:51:27Z,run,2022-09-13T22:21:54Z,-8.03959991,-34.96206187,88.0,118.0
2022-09-13T21:51:27Z,run,2022-09-13T22:21:55Z,-8.03959925,-34.96208519,88.0,118.0
2022-09-13T21:51:27Z,run,2022-09-13T22:21:56Z,-8.03959825,-34.96210885,88.0,117.0
2022-09-13T21:51:27Z,run,2022-09-13T22:21:57Z,-8.03959659,-34.96213151,88.0,117.0
2022-09-13T21:51:27Z,run,2022-09-13T22:21:58Z,-8.03959426,-34.96215517,88.0,118.0
2022-09-13T21:51:27Z,run,2022-09-13T22:21:59Z,-8.03959294,-34.96217849,88.0,118.0
2022-09-13T21:51:27Z,run,2022-09-13T22:22:00Z,-8.03959195,-34.96220083,88.0,118.0
2022-09-13T21:51:27Z,run,2022-09-13T22:22:01Z,-8.03959063,-34.96222415,88.0,118.0
2022-09-13T21:51:27Z,run,2022-09-13T22:22:02Z,-8.03958764,-34.96225015,88.0,119.0
2022-09-13T21:51:27Z,run,2022-09-13T22:22:03Z,-8.03958464,-34.96227614,88.0,119.0
2022-09-13T21:51:27Z,run,2022-09-13T22:22:04Z,-8.03958131,-34.96230213,88.0,120.0
2022-09-13T21:51:27Z,run,2022-09-13T22:22:05Z,-8.03957798,-34.96232812,88.0,120.0
2022-09-13T21:51:27Z,run,2022-09-13T22:22:06Z,-8.03957432,-34.96235379,88.0,121.0
2022-09-13T21:51:27Z,run,2022-09-13T22:22:07Z,-8.03957167,-34.96238044,89.0,121.0
2022-09-13T21:51:27Z,run,2022-09-13T22:22:08Z,-8.03957068,-34.96240643,88.0,121.0
2022-09-13T21:51:27Z,run,2022-09-13T22:22:09Z,-8.039572,-34.96243209,88.0,121.0
2022-09-13T21:51:27Z,run,2022-09-13T22:22:10Z,-8.03957232,-34.96245942,88.0,123.0
2022-09-13T21:51:27Z,run,2022-09-13T22:22:11Z,-8.039571,-34.96248575,88.0,123.0
2022-09-13T21:51:27Z,run,2022-09-13T22:22:12Z,-8.039571,-34.96251241,88.0,124.0
2022-09-13T21:51:27Z,run,2022-09-13T22:22:13Z,-8.03957167,-34.9625384,88.0,124.0
2022-09-13T21:51:27Z,run,2022-09-13T22:22:14Z,-8.03957167,-34.9625634,87.0,125.0
2022-09-13T21:51:27Z,run,2022-09-13T22:22:15Z,-8.03957167,-34.9625874,87.0,125.0
2022-09-13T21:51:27Z,run,2022-09-13T22:22:16Z,-8.03957167,-34.96261106,87.0,125.0
2022-09-13T21:51:27Z,run,2022-09-13T22:22:17Z,-8.03957266,-34.96263472,87.0,125.0
2022-09-13T21:51:27Z,run,2022-09-13T22:22:18Z,-8.03957432,-34.96265838,88.0,125.0
2022-09-13T21:51:27Z,run,2022-09-13T22:22:19Z,-8.03957731,-34.96268338,87.0,125.0
2022-09-13T21:51:27Z,run,2022-09-13T22:22:20Z,-8.03957964,-34.96270804,88.0,125.0
2022-09-13T21:51:27Z,run,2022-09-13T22:22:21Z,-8.0395813,-34.96273271,88.0,125.0
2022-09-13T21:51:27Z,run,2022-09-13T22:22:22Z,-8.03958296,-34.96275671,88.0,126.0
2022-09-13T21:51:27Z,run,2022-09-13T22:22:23Z,-8.03958428,-34.96278137,88.0,126.0
2022-09-13T21:51:27Z,run,2022-09-13T22:22:24Z,-8.03958428,-34.96280603,88.0,123.0
2022-09-13T21:51:27Z,run,2022-09-13T22:22:25Z,-8.03958396,-34.9628297,87.0,123.0
2022-09-13T21:51:27Z,run,2022-09-13T22:22:26Z,-8.03958163,-34.96285335,88.0,123.0
2022-09-13T21:51:27Z,run,2022-09-13T22:22:27Z,-8.03957864,-34.96287735,88.0,123.0
2022-09-13T21:51:27Z,run,2022-09-13T22:22:28Z,-8.03957631,-34.96290201,88.0,122.0
2022-09-13T21:51:27Z,run,2022-09-13T22:22:30Z,-8.03957366,-34.96293434,88.0,123.0
2022-09-13T21:51:27Z,run,2022-09-13T22:22:31Z,-8.03956899,-34.96296268,87.0,124.0
2022-09-13T21:51:27Z,run,2022-09-13T22:22:32Z,-8.039564,-34.96298968,88.0,124.0
2022-09-13T21:51:27Z,run,2022-09-13T22:22:33Z,-8.03955768,-34.96301433,87.0,123.0
2022-09-13T21:51:27Z,run,2022-09-13T22:22:34Z,-8.03955302,-34.96303867,87.0,123.0
2022-09-13T21:51:27Z,run,2022-09-13T22:22:35Z,-8.03954902,-34.96306199,88.0,120.0
2022-09-13T21:51:27Z,run,2022-09-13T22:22:36Z,-8.03954569,-34.96308465,88.0,120.0
2022-09-13T21:51:27Z,run,2022-09-13T22:22:37Z,-8.0395427,-34.96310764,88.0,120.0
2022-09-13T21:51:27Z,run,2022-09-13T22:22:38Z,-8.03953836,-34.96313064,88.0,120.0
2022-09-13T21:51:27Z,run,2022-09-13T22:22:39Z,-8.03953404,-34.96315396,87.0,120.0
2022-09-13T21:51:27Z,run,2022-09-13T22:22:40Z,-8.03952937,-34.96317728,88.0,120.0
2022-09-13T21:51:27Z,run,2022-09-13T22:22:41Z,-8.03952471,-34.96320027,87.0,119.0
2022-09-13T21:51:27Z,run,2022-09-13T22:22:42Z,-8.03952138,-34.96322361,87.0,119.0
2022-09-13T21:51:27Z,run,2022-09-13T22:22:43Z,-8.03952038,-34.9632476,87.0,119.0
2022-09-13T21:51:27Z,run,2022-09-13T22:22:44Z,-8.03952006,-34.96327025,87.0,120.0
2022-09-13T21:51:27Z,run,2022-09-13T22:22:45Z,-8.03952072,-34.96329291,88.0,120.0
2022-09-13T21:51:27Z,run,2022-09-13T22:22:46Z,-8.03952138,-34.96331591,88.0,120.0
2022-09-13T21:51:27Z,run,2022-09-13T22:22:47Z,-8.03952138,-34.9633389,88.0,120.0
2022-09-13T21:51:27Z,run,2022-09-13T22:22:48Z,-8.03951873,-34.96336156,88.0,120.0
2022-09-13T21:51:27Z,run,2022-09-13T22:22:49Z,-8.03951806,-34.96338622,86.0,120.0
2022-09-13T21:51:27Z,run,2022-09-13T22:22:50Z,-8.03951972,-34.96341188,86.0,121.0
2022-09-13T21:51:27Z,run,2022-09-13T22:22:51Z,-8.03952037,-34.9634362,86.0,121.0
2022-09-13T21:51:27Z,run,2022-09-13T22:22:52Z,-8.03951972,-34.96346087,86.0,121.0
2022-09-13T21:51:27Z,run,2022-09-13T22:22:53Z,-8.03951806,-34.96348453,86.0,120.0
2022-09-13T21:51:27Z,run,2022-09-13T22:22:54Z,-8.03951806,-34.96350686,86.0,120.0
2022-09-13T21:51:27Z,run,2022-09-13T22:22:55Z,-8.03951938,-34.96352819,86.0,120.0
2022-09-13T21:51:27Z,run,2022-09-13T22:22:56Z,-8.03952205,-34.96354952,86.0,120.0
2022-09-13T21:51:27Z,run,2022-09-13T22:22:57Z,-8.03952737,-34.96356852,86.0,120.0
2022-09-13T21:51:27Z,run,2022-09-13T22:22:58Z,-8.03953603,-34.96358918,87.0,120.0
2022-09-13T21:51:27Z,run,2022-09-13T22:22:59Z,-8.03954603,-34.96360951,86.0,121.0
2022-09-13T21:51:27Z,run,2022-09-13T22:23:00Z,-8.03955635,-34.96362817,86.0,121.0
2022-09-13T21:51:27Z,run,2022-09-13T22:23:01Z,-8.03956701,-34.96364383,86.0,121.0
2022-09-13T21:51:27Z,run,2022-09-13T22:23:02Z,-8.03958001,-34.96365849,85.0,121.0
2022-09-13T21:51:27Z,run,2022-09-13T22:23:03Z,-8.03959667,-34.96367149,86.0,121.0
2022-09-13T21:51:27Z,run,2022-09-13T22:23:04Z,-8.03961566,-34.96368048,87.0,121.0
2022-09-13T21:51:27Z,run,2022-09-13T22:23:05Z,-8.03963566,-34.96368848,87.0,122.0
2022-09-13T21:51:27Z,run,2022-09-13T22:23:06Z,-8.03965632,-34.96369648,87.0,122.0
2022-09-13T21:51:27Z,run,2022-09-13T22:23:07Z,-8.03967665,-34.96370481,88.0,122.0
2022-09-13T21:51:27Z,run,2022-09-13T22:23:08Z,-8.03969898,-34.96371347,87.0,122.0
2022-09-13T21:51:27Z,run,2022-09-13T22:23:09Z,-8.0397223,-34.96371746,87.0,122.0
2022-09-13T21:51:27Z,run,2022-09-13T22:23:10Z,-8.0397453,-34.96372146,87.0,122.0
2022-09-13T21:51:27Z,run,2022-09-13T22:23:11Z,-8.03976864,-34.96372578,87.0,122.0
2022-09-13T21:51:27Z,run,2022-09-13T22:23:12Z,-8.03979164,-34.96373045,88.0,122.0
2022-09-13T21:51:27Z,run,2022-09-13T22:23:13Z,-8.03981329,-34.96373344,88.0,122.0
2022-09-13T21:51:27Z,run,2022-09-13T22:23:14Z,-8.03983462,-34.96373709,87.0,123.0
2022-09-13T21:51:27Z,run,2022-09-13T22:23:15Z,-8.03985594,-34.96374076,88.0,123.0
2022-09-13T21:51:27Z,run,2022-09-13T22:23:16Z,-8.03987594,-34.96374342,88.0,122.0
2022-09-13T21:51:27Z,run,2022-09-13T22:23:17Z,-8.03989827,-34.96374542,88.0,122.0
2022-09-13T21:51:27Z,run,2022-09-13T22:23:18Z,-8.0399206,-34.96374675,88.0,122.0
2022-09-13T21:51:27Z,run,2022-09-13T22:23:19Z,-8.03994293,-34.96374707,88.0,122.0
2022-09-13T21:51:27Z,run,2022-09-13T22:23:20Z,-8.0399646,-34.96374675,88.0,122.0
2022-09-13T21:51:27Z,run,2022-09-13T22:23:21Z,-8.03998725,-34.96374608,88.0,122.0
2022-09-13T21:51:27Z,run,2022-09-13T22:23:22Z,-8.04000991,-34.96374742,88.0,122.0
2022-09-13T21:51:27Z,run,2022-09-13T22:23:23Z,-8.04003224,-34.96374975,88.0,122.0
2022-09-13T21:51:27Z,run,2022-09-13T22:23:24Z,-8.04005423,-34.96375242,87.0,122.0
2022-09-13T21:51:27Z,run,2022-09-13T22:23:25Z,-8.04007457,-34.96375741,87.0,122.0
2022-09-13T21:51:27Z,run,2022-09-13T22:23:26Z,-8.04009757,-34.96376306,87.0,122.0
2022-09-13T21:51:27Z,run,2022-09-13T22:23:27Z,-8.04012123,-34.9637674,87.0,122.0
2022-09-13T21:51:27Z,run,2022-09-13T22:23:28Z,-8.04014489,-34.96377072,87.0,122.0
2022-09-13T21:51:27Z,run,2022-09-13T22:23:29Z,-8.04016821,-34.96377438,87.0,122.0
2022-09-13T21:51:27Z,run,2022-09-13T22:23:30Z,-8.04019288,-34.96377703,87.0,122.0
2022-09-13T21:51:27Z,run,2022-09-13T22:23:31Z,-8.04021687,-34.96377837,87.0,122.0
2022-09-13T21:51:27Z,run,2022-09-13T22:23:32Z,-8.0402402,-34.96377837,88.0,122.0
2022-09-13T21:51:27Z,run,2022-09-13T22:23:33Z,-8.04026353,-34.96377804,88.0,122.0
2022-09-13T21:51:27Z,run,2022-09-13T22:23:34Z,-8.04028486,-34.9637787,88.0,121.0
2022-09-13T21:51:27Z,run,2022-09-13T22:23:35Z,-8.04030818,-34.96377902,88.0,121.0
2022-09-13T21:51:27Z,run,2022-09-13T22:23:36Z,-8.04033152,-34.96377902,88.0,120.0
2022-09-13T21:51:27Z,run,2022-09-13T22:23:37Z,-8.04035518,-34.96377935,88.0,120.0
2022-09-13T21:51:27Z,run,2022-09-13T22:23:38Z,-8.04037885,-34.96378035,88.0,119.0
2022-09-13T21:51:27Z,run,2022-09-13T22:23:39Z,-8.04040317,-34.96378167,88.0,119.0
2022-09-13T21:51:27Z,run,2022-09-13T22:23:40Z,-8.04042716,-34.96378266,88.0,119.0
2022-09-13T21:51:27Z,run,2022-09-13T22:23:41Z,-8.0404515,-34.96378333,88.0,120.0
2022-09-13T21:51:27Z,run,2022-09-13T22:23:42Z,-8.04047615,-34.96378365,88.0,121.0
2022-09-13T21:51:27Z,run,2022-09-13T22:23:43Z,-8.04049915,-34.96378299,88.0,121.0
2022-09-13T21:51:27Z,run,2022-09-13T22:23:44Z,-8.04052214,-34.96378299,88.0,122.0
2022-09-13T21:51:27Z,run,2022-09-13T22:23:45Z,-8.04054481,-34.96378432,88.0,122.0
2022-09-13T21:51:27Z,run,2022-09-13T22:23:46Z,-8.04056713,-34.96378665,88.0,122.0
2022-09-13T21:51:27Z,run,2022-09-13T22:23:47Z,-8.04058947,-34.96378865,87.0,122.0
2022-09-13T21:51:27Z,run,2022-09-13T22:23:48Z,-8.04061279,-34.96379164,88.0,122.0
2022-09-13T21:51:27Z,run,2022-09-13T22:23:49Z,-8.04063712,-34.9637953,88.0,122.0
2022-09-13T21:51:27Z,run,2022-09-13T22:23:50Z,-8.04066078,-34.96380063,88.0,122.0
2022-09-13T21:51:27Z,run,2022-09-13T22:23:51Z,-8.04068511,-34.96380495,88.0,122.0
2022-09-13T21:51:27Z,run,2022-09-13T22:23:52Z,-8.04070944,-34.96380862,87.0,122.0
2022-09-13T21:51:27Z,run,2022-09-13T22:23:53Z,-8.04073344,-34.96381328,88.0,123.0
2022-09-13T21:51:27Z,run,2022-09-13T22:23:54Z,-8.04075576,-34.96381627,88.0,124.0
2022-09-13T21:51:27Z,run,2022-09-13T22:23:55Z,-8.04077876,-34.9638196,88.0,124.0
2022-09-13T21:51:27Z,run,2022-09-13T22:23:56Z,-8.04080208,-34.96382126,88.0,124.0
2022-09-13T21:51:27Z,run,2022-09-13T22:23:57Z,-8.04082575,-34.96382326,88.0,124.0
2022-09-13T21:51:27Z,run,2022-09-13T22:23:58Z,-8.04084907,-34.96382526,89.0,124.0
2022-09-13T21:51:27Z,run,2022-09-13T22:23:59Z,-8.04087207,-34.96382791,88.0,124.0
2022-09-13T21:51:27Z,run,2022-09-13T22:24:00Z,-8.04089573,-34.9638289,88.0,124.0
2022-09-13T21:51:27Z,run,2022-09-13T22:24:01Z,-8.0409194,-34.96382956,89.0,124.0
2022-09-13T21:51:27Z,run,2022-09-13T22:24:02Z,-8.04094405,-34.96383055,89.0,124.0
2022-09-13T21:51:27Z,run,2022-09-13T22:24:03Z,-8.04096839,-34.96382956,88.0,124.0
2022-09-13T21:51:27Z,run,2022-09-13T22:24:04Z,-8.04099271,-34.96383022,88.0,125.0
2022-09-13T21:51:27Z,run,2022-09-13T22:24:05Z,-8.0410167,-34.96383321,88.0,125.0
2022-09-13T21:51:27Z,run,2022-09-13T22:24:06Z,-8.0410417,-34.96383854,88.0,124.0
2022-09-13T21:51:27Z,run,2022-09-13T22:24:07Z,-8.04106837,-34.96384587,88.0,127.0
2022-09-13T21:51:27Z,run,2022-09-13T22:24:08Z,-8.04109402,-34.96385186,88.0,127.0
2022-09-13T21:51:27Z,run,2022-09-13T22:24:09Z,-8.04111969,-34.9638592,88.0,127.0
2022-09-13T21:51:27Z,run,2022-09-13T22:24:10Z,-8.04114468,-34.96386652,88.0,128.0
2022-09-13T21:51:27Z,run,2022-09-13T22:24:11Z,-8.04116935,-34.96387352,88.0,127.0
2022-09-13T21:51:27Z,run,2022-09-13T22:24:12Z,-8.04119301,-34.96387651,88.0,127.0
2022-09-13T21:51:27Z,run,2022-09-13T22:24:13Z,-8.04121434,-34.96387851,88.0,129.0
2022-09-13T21:51:27Z,run,2022-09-13T22:24:14Z,-8.04123599,-34.96387883,88.0,129.0
2022-09-13T21:51:27Z,run,2022-09-13T22:24:15Z,-8.04125732,-34.96387618,88.0,129.0
2022-09-13T21:51:27Z,run,2022-09-13T22:24:16Z,-8.04127732,-34.96387717,88.0,128.0
2022-09-13T21:51:27Z,run,2022-09-13T22:24:17Z,-8.04129864,-34.96387418,88.0,128.0
2022-09-13T21:51:27Z,run,2022-09-13T22:24:18Z,-8.04132097,-34.96387251,89.0,128.0
2022-09-13T21:51:27Z,run,2022-09-13T22:24:19Z,-8.04134397,-34.96387219,88.0,128.0
2022-09-13T21:51:27Z,run,2022-09-13T22:24:20Z,-8.0413693,-34.9638702,88.0,128.0
2022-09-13T21:51:27Z,run,2022-09-13T22:24:21Z,-8.04139662,-34.96387419,88.0,129.0
2022-09-13T21:51:27Z,run,2022-09-13T22:24:22Z,-8.04142695,-34.96387818,88.0,130.0
2022-09-13T21:51:27Z,run,2022-09-13T22:24:23Z,-8.04145561,-34.96388051,88.0,132.0
2022-09-13T21:51:27Z,run,2022-09-13T22:24:24Z,-8.04148428,-34.96388251,88.0,132.0
2022-09-13T21:51:27Z,run,2022-09-13T22:24:25Z,-8.0415116,-34.96388484,89.0,134.0
2022-09-13T21:51:27Z,run,2022-09-13T22:24:26Z,-8.04153892,-34.96388718,89.0,134.0
2022-09-13T21:51:27Z,run,2022-09-13T22:24:27Z,-8.04156525,-34.96389017,89.0,134.0
2022-09-13T21:51:27Z,run,2022-09-13T22:24:28Z,-8.04159057,-34.96389416,89.0,133.0
2022-09-13T21:51:27Z,run,2022-09-13T22:24:29Z,-8.04161424,-34.96389816,89.0,132.0
2022-09-13T21:51:27Z,run,2022-09-13T22:24:30Z,-8.04163889,-34.96390115,88.0,131.0
2022-09-13T21:51:27Z,run,2022-09-13T22:24:31Z,-8.04166322,-34.96390447,87.0,130.0
2022-09-13T21:51:27Z,run,2022-09-13T22:24:32Z,-8.04168655,-34.96390813,87.0,130.0
2022-09-13T21:51:27Z,run,2022-09-13T22:24:33Z,-8.04170888,-34.96391279,86.0,129.0
2022-09-13T21:51:27Z,run,2022-09-13T22:24:34Z,-8.04173087,-34.96391712,86.0,127.0
2022-09-13T21:51:27Z,run,2022-09-13T22:24:35Z,-8.0417522,-34.96392112,86.0,127.0
2022-09-13T21:51:27Z,run,2022-09-13T22:24:36Z,-8.04177185,-34.96392444,87.0,128.0
2022-09-13T21:51:27Z,run,2022-09-13T22:24:37Z,-8.04179419,-34.9639281,87.0,127.0
2022-09-13T21:51:27Z,run,2022-09-13T22:24:38Z,-8.04181651,-34.96393343,87.0,127.0
2022-09-13T21:51:27Z,run,2022-09-13T22:24:39Z,-8.04183884,-34.96393975,88.0,127.0
2022-09-13T21:51:27Z,run,2022-09-13T22:24:40Z,-8.0418615,-34.96394609,88.0,127.0
2022-09-13T21:51:27Z,run,2022-09-13T22:24:41Z,-8.0418825,-34.96395274,87.0,127.0
2022-09-13T21:51:27Z,run,2022-09-13T22:24:42Z,-8.04190516,-34.96396041,87.0,126.0
2022-09-13T21:51:27Z,run,2022-09-13T22:24:43Z,-8.04192782,-34.9639674,88.0,125.0
2022-09-13T21:51:27Z,run,2022-09-13T22:24:44Z,-8.04195082,-34.96397573,88.0,125.0
2022-09-13T21:51:27Z,run,2022-09-13T22:24:45Z,-8.04197215,-34.96398607,88.0,125.0
2022-09-13T21:51:27Z,run,2022-09-13T22:24:46Z,-8.04199314,-34.96399772,88.0,125.0
2022-09-13T21:51:27Z,run,2022-09-13T22:24:47Z,-8.04201414,-34.96400839,88.0,125.0
2022-09-13T21:51:27Z,run,2022-09-13T22:24:48Z,-8.04203514,-34.96401971,88.0,125.0
2022-09-13T21:51:27Z,run,2022-09-13T22:24:49Z,-8.04205546,-34.96403038,88.0,126.0
2022-09-13T21:51:27Z,run,2022-09-13T22:24:50Z,-8.04207412,-34.9640427,88.0,126.0
2022-09-13T21:51:27Z,run,2022-09-13T22:24:51Z,-8.04209345,-34.96405637,88.0,126.0
2022-09-13T21:51:27Z,run,2022-09-13T22:24:52Z,-8.04211377,-34.96407103,88.0,126.0
2022-09-13T21:51:27Z,run,2022-09-13T22:24:53Z,-8.04213477,-34.96408169,88.0,126.0
2022-09-13T21:51:27Z,run,2022-09-13T22:24:54Z,-8.04215577,-34.96408969,88.0,126.0
2022-09-13T21:51:27Z,run,2022-09-13T22:24:55Z,-8.0421751,-34.96409335,88.0,127.0
2022-09-13T21:51:27Z,run,2022-09-13T22:24:56Z,-8.0421911,-34.96409701,88.0,127.0
2022-09-13T21:51:27Z,run,2022-09-13T22:24:57Z,-8.04220909,-34.96409867,88.0,127.0
2022-09-13T21:51:27Z,run,2022-09-13T22:24:58Z,-8.04222609,-34.9641,88.0,126.0
2022-09-13T21:51:27Z,run,2022-09-13T22:24:59Z,-8.04224474,-34.96409967,88.0,125.0
2022-09-13T21:51:27Z,run,2022-09-13T22:25:00Z,-8.04226474,-34.96409835,88.0,125.0
2022-09-13T21:51:27Z,run,2022-09-13T22:25:01Z,-8.04228707,-34.96409803,88.0,126.0
2022-09-13T21:51:27Z,run,2022-09-13T22:25:02Z,-8.04231007,-34.96409803,88.0,125.0
2022-09-13T21:51:27Z,run,2022-09-13T22:25:03Z,-8.04233339,-34.9640977,88.0,125.0
2022-09-13T21:51:27Z,run,2022-09-13T22:25:04Z,-8.04235672,-34.96409936,88.0,125.0
2022-09-13T21:51:27Z,run,2022-09-13T22:25:05Z,-8.04237971,-34.96410136,88.0,124.0
2022-09-13T21:51:27Z,run,2022-09-13T22:25:06Z,-8.04240271,-34.96410403,88.0,124.0
2022-09-13T21:51:27Z,run,2022-09-13T22:25:07Z,-8.04242438,-34.96410502,88.0,124.0
2022-09-13T21:51:27Z,run,2022-09-13T22:25:08Z,-8.04244337,-34.96410601,88.0,124.0
2022-09-13T21:51:27Z,run,2022-09-13T22:25:09Z,-8.04246336,-34.96410535,88.0,124.0
2022-09-13T21:51:27Z,run,2022-09-13T22:25:10Z,-8.04248436,-34.96410503,88.0,124.0
2022-09-13T21:51:27Z,run,2022-09-13T22:25:11Z,-8.04250502,-34.96410404,88.0,123.0
2022-09-13T21:51:27Z,run,2022-09-13T22:25:12Z,-8.04252935,-34.96410469,87.0,123.0
2022-09-13T21:51:27Z,run,2022-09-13T22:25:13Z,-8.04255402,-34.96410669,88.0,123.0
2022-09-13T21:51:27Z,run,2022-09-13T22:25:14Z,-8.04258034,-34.96411402,88.0,123.0
2022-09-13T21:51:27Z,run,2022-09-13T22:25:15Z,-8.04260433,-34.96412235,88.0,123.0
2022-09-13T21:51:27Z,run,2022-09-13T22:25:16Z,-8.04263066,-34.96413002,88.0,123.0
2022-09-13T21:51:27Z,run,2022-09-13T22:25:17Z,-8.04265533,-34.96413701,88.0,123.0
2022-09-13T21:51:27Z,run,2022-09-13T22:25:18Z,-8.04267966,-34.96414267,88.0,123.0
2022-09-13T21:51:27Z,run,2022-09-13T22:25:19Z,-8.04270299,-34.96414566,88.0,124.0
2022-09-13T21:51:27Z,run,2022-09-13T22:25:20Z,-8.04272565,-34.96414799,88.0,125.0
2022-09-13T21:51:27Z,run,2022-09-13T22:25:21Z,-8.04274865,-34.96415064,88.0,125.0
2022-09-13T21:51:27Z,run,2022-09-13T22:25:22Z,-8.04277164,-34.96415298,88.0,125.0
2022-09-13T21:51:27Z,run,2022-09-13T22:25:23Z,-8.04279498,-34.96415498,89.0,126.0
2022-09-13T21:51:27Z,run,2022-09-13T22:25:24Z,-8.04281831,-34.96415731,88.0,127.0
2022-09-13T21:51:27Z,run,2022-09-13T22:25:25Z,-8.0428413,-34.96415998,88.0,128.0
2022-09-13T21:51:27Z,run,2022-09-13T22:25:26Z,-8.04286463,-34.96416263,88.0,130.0
2022-09-13T21:51:27Z,run,2022-09-13T22:25:27Z,-8.04288796,-34.96416362,88.0,130.0
2022-09-13T21:51:27Z,run,2022-09-13T22:25:27Z,-8.04291096,-34.96416362,88.0,130.0
2022-09-13T21:51:27Z,run,2022-09-13T22:25:28Z,-8.04293362,-34.9641633,88.0,131.0
2022-09-13T21:51:27Z,run,2022-09-13T22:25:29Z,-8.04295696,-34.96416362,88.0,132.0
2022-09-13T21:51:27Z,run,2022-09-13T22:25:30Z,-8.04297828,-34.96416661,88.0,133.0
2022-09-13T21:51:27Z,run,2022-09-13T22:25:31Z,-8.04299827,-34.96416994,89.0,134.0
2022-09-13T21:51:27Z,run,2022-09-13T22:25:32Z,-8.04301927,-34.9641746,89.0,134.0
2022-09-13T21:51:27Z,run,2022-09-13T22:25:33Z,-8.0430406,-34.96418059,88.0,135.0
2022-09-13T21:51:27Z,run,2022-09-13T22:25:34Z,-8.04306126,-34.96418725,88.0,135.0
2022-09-13T21:51:27Z,run,2022-09-13T22:25:35Z,-8.04308258,-34.96419692,88.0,135.0
2022-09-13T21:51:27Z,run,2022-09-13T22:25:36Z,-8.04310058,-34.96420957,88.0,137.0
2022-09-13T21:51:27Z,run,2022-09-13T22:25:37Z,-8.04311525,-34.9642269,88.0,141.0
2022-09-13T21:51:27Z,run,2022-09-13T22:25:38Z,-8.04312757,-34.96424556,88.0,141.0
2022-09-13T21:51:27Z,run,2022-09-13T22:25:39Z,-8.04313724,-34.96426523,88.0,142.0
2022-09-13T21:51:27Z,run,2022-09-13T22:25:40Z,-8.04314491,-34.9642869,88.0,143.0
2022-09-13T21:51:27Z,run,2022-09-13T22:25:41Z,-8.04315191,-34.96430955,88.0,144.0
2022-09-13T21:51:27Z,run,2022-09-13T22:25:42Z,-8.04315756,-34.96433155,88.0,144.0
2022-09-13T21:51:27Z,run,2022-09-13T22:25:43Z,-8.04316055,-34.96435421,88.0,144.0
2022-09-13T21:51:27Z,run,2022-09-13T22:25:44Z,-8.04316122,-34.96437887,88.0,144.0
2022-09-13T21:51:27Z,run,2022-09-13T22:25:45Z,-8.04316155,-34.96440387,88.0,145.0
2022-09-13T21:51:27Z,run,2022-09-13T22:25:46Z,-8.04316288,-34.96442686,88.0,145.0
2022-09-13T21:51:27Z,run,2022-09-13T22:25:47Z,-8.04316553,-34.96445119,88.0,145.0
2022-09-13T21:51:27Z,run,2022-09-13T22:25:48Z,-8.0431672,-34.96447552,89.0,145.0
2022-09-13T21:51:27Z,run,2022-09-13T22:25:49Z,-8.04316786,-34.96450019,89.0,146.0
2022-09-13T21:51:27Z,run,2022-09-13T22:25:50Z,-8.04316587,-34.96452551,89.0,146.0
2022-09-13T21:51:27Z,run,2022-09-13T22:25:51Z,-8.0431632,-34.96454917,88.0,142.0
2022-09-13T21:51:27Z,run,2022-09-13T22:25:52Z,-8.04315753,-34.9645735,88.0,142.0
2022-09-13T21:51:27Z,run,2022-09-13T22:25:53Z,-8.04315254,-34.96459716,88.0,141.0
2022-09-13T21:51:27Z,run,2022-09-13T22:25:55Z,-8.04313588,-34.96469582,88.0,139.0
2022-09-13T21:51:27Z,run,2022-09-13T22:25:58Z,-8.04312821,-34.96471281,88.0,136.0
2022-09-13T21:51:27Z,run,2022-09-13T22:26:04Z,-8.04308922,-34.96490247,88.0,136.0
2022-09-13T21:51:27Z,run,2022-09-13T22:26:05Z,-8.04308922,-34.9649078,89.0,136.0
2022-09-13T21:51:27Z,run,2022-09-13T22:26:06Z,-8.04308922,-34.96491946,88.0,136.0
2022-09-13T21:51:27Z,run,2022-09-13T22:26:13Z,-8.04305755,-34.9651108,89.0,137.0
2022-09-13T21:51:27Z,run,2022-09-13T22:26:14Z,-8.04305522,-34.96511512,88.0,136.0
2022-09-13T21:51:27Z,run,2022-09-13T22:26:15Z,-8.04305123,-34.96512579,88.0,136.0
2022-09-13T21:51:27Z,run,2022-09-13T22:26:16Z,-8.0430469,-34.96513979,88.0,135.0
2022-09-13T21:51:27Z,run,2022-09-13T22:26:17Z,-8.04304224,-34.96515978,88.0,134.0
2022-09-13T21:51:27Z,run,2022-09-13T22:26:18Z,-8.04303858,-34.96518178,89.0,134.0
2022-09-13T21:51:27Z,run,2022-09-13T22:26:19Z,-8.04303559,-34.96520411,88.0,132.0
2022-09-13T21:51:27Z,run,2022-09-13T22:26:20Z,-8.04303294,-34.9652271,88.0,129.0
2022-09-13T21:51:27Z,run,2022-09-13T22:26:21Z,-8.04303061,-34.96525042,88.0,129.0
2022-09-13T21:51:27Z,run,2022-09-13T22:26:22Z,-8.04302828,-34.96527308,88.0,128.0
2022-09-13T21:51:27Z,run,2022-09-13T22:26:23Z,-8.04302662,-34.96529741,88.0,126.0
2022-09-13T21:51:27Z,run,2022-09-13T22:26:24Z,-8.0430253,-34.9653214,88.0,126.0
2022-09-13T21:51:27Z,run,2022-09-13T22:26:25Z,-8.0430233,-34.96534507,88.0,126.0
2022-09-13T21:51:27Z,run,2022-09-13T22:26:26Z,-8.04302198,-34.96536707,89.0,126.0
2022-09-13T21:51:27Z,run,2022-09-13T22:26:27Z,-8.04302198,-34.96538906,89.0,126.0
2022-09-13T21:51:27Z,run,2022-09-13T22:26:32Z,-8.04301764,-34.96554406,88.0,126.0
2022-09-13T21:51:27Z,run,2022-09-13T22:26:33Z,-8.04301764,-34.96554805,88.0,126.0
2022-09-13T21:51:27Z,run,2022-09-13T22:26:35Z,-8.04301665,-34.96556304,88.0,127.0
2022-09-13T21:51:27Z,run,2022-09-13T22:26:37Z,-8.04301565,-34.96558771,88.0,128.0
2022-09-13T21:51:27Z,run,2022-09-13T22:26:39Z,-8.04301433,-34.96569236,88.0,130.0
2022-09-13T21:51:27Z,run,2022-09-13T22:26:40Z,-8.04301366,-34.96569835,88.0,131.0
2022-09-13T21:51:27Z,run,2022-09-13T22:26:41Z,-8.04301334,-34.96571102,88.0,132.0
2022-09-13T21:51:27Z,run,2022-09-13T22:26:42Z,-8.04301101,-34.96572801,88.0,132.0
2022-09-13T21:51:27Z,run,2022-09-13T22:26:43Z,-8.04300735,-34.96574734,88.0,133.0
2022-09-13T21:51:27Z,run,2022-09-13T22:26:44Z,-8.04300303,-34.96576668,88.0,133.0
2022-09-13T21:51:27Z,run,2022-09-13T22:26:45Z,-8.04299804,-34.965788,88.0,133.0
2022-09-13T21:51:27Z,run,2022-09-13T22:26:46Z,-8.04299071,-34.96581,88.0,133.0
2022-09-13T21:51:27Z,run,2022-09-13T22:26:47Z,-8.04298439,-34.96583167,88.0,133.0
2022-09-13T21:51:27Z,run,2022-09-13T22:26:48Z,-8.04297772,-34.96585299,88.0,133.0
2022-09-13T21:51:27Z,run,2022-09-13T22:26:49Z,-8.04297173,-34.96587532,88.0,135.0
2022-09-13T21:51:27Z,run,2022-09-13T22:26:50Z,-8.04296607,-34.96589766,88.0,137.0
2022-09-13T21:51:27Z,run,2022-09-13T22:26:51Z,-8.04296108,-34.96591999,88.0,137.0
2022-09-13T21:51:27Z,run,2022-09-13T22:26:52Z,-8.04295674,-34.96594199,88.0,139.0
2022-09-13T21:51:27Z,run,2022-09-13T22:26:53Z,-8.04295242,-34.96596399,89.0,139.0
2022-09-13T21:51:27Z,run,2022-09-13T22:26:54Z,-8.0429481,-34.96598565,89.0,140.0
2022-09-13T21:51:27Z,run,2022-09-13T22:26:55Z,-8.04294476,-34.96600798,89.0,141.0
2022-09-13T21:51:27Z,run,2022-09-13T22:26:57Z,-8.04292777,-34.96609731,88.0,143.0
2022-09-13T21:51:27Z,run,2022-09-13T22:27:04Z,-8.04292278,-34.96628064,88.0,145.0
2022-09-13T21:51:27Z,run,2022-09-13T22:27:05Z,-8.04292278,-34.9662853,88.0,145.0
2022-09-13T21:51:27Z,run,2022-09-13T22:27:06Z,-8.04292311,-34.96629597,87.0,145.0
2022-09-13T21:51:27Z,run,2022-09-13T22:27:07Z,-8.04292344,-34.96631096,85.0,145.0
2022-09-13T21:51:27Z,run,2022-09-13T22:27:08Z,-8.04292476,-34.96632663,85.0,147.0
2022-09-13T21:51:27Z,run,2022-09-13T22:27:09Z,-8.04292743,-34.96633862,85.0,146.0
2022-09-13T21:51:27Z,run,2022-09-13T22:27:10Z,-8.04292842,-34.96634595,85.0,146.0
2022-09-13T21:51:27Z,run,2022-09-13T22:27:11Z,-8.04292775,-34.96634528,85.0,145.0
2022-09-13T21:51:27Z,run,2022-09-13T22:27:12Z,-8.04292609,-34.96634096,85.0,145.0
2022-09-13T21:51:27Z,run,2022-09-13T22:27:13Z,-8.04292443,-34.96633363,85.0,144.0
2022-09-13T21:51:27Z,run,2022-09-13T22:27:14Z,-8.04292211,-34.96632397,85.0,144.0
2022-09-13T21:51:27Z,run,2022-09-13T22:28:16Z,-8.04292776,-34.96554398,85.0,108.0
2022-09-13T21:51:27Z,run,2022-09-13T22:28:17Z,-8.04293009,-34.96554131,85.0,108.0
2022-09-13T21:51:27Z,run,2022-09-13T22:28:18Z,-8.04293409,-34.96553398,,108.0
2022-09-13T21:51:27Z,run,2022-09-13T22:28:19Z,-8.04293875,-34.96552598,,107.0
2022-09-13T21:51:27Z,run,2022-09-13T22:28:20Z,-8.04294374,-34.96551565,,107.0
2022-09-13T21:51:27Z,run,2022-09-13T22:28:21Z,-8.04294808,-34.96550332,,108.0
2022-09-13T21:51:27Z,run,2022-09-13T22:28:22Z,-8.04295307,-34.96548932,,108.0
2022-09-13T21:51:27Z,run,2022-09-13T22:28:23Z,-8.04295707,-34.96547233,,108.0
2022-09-13T21:51:27Z,run,2022-09-13T22:28:24Z,-8.04295906,-34.96545201,,107.0
2022-09-13T21:51:27Z,run,2022-09-13T22:28:25Z,-8.04296106,-34.96543068,,106.0
2022-09-13T21:51:27Z,run,2022-09-13T22:28:26Z,-8.04296371,-34.96541035,,105.0
2022-09-13T21:51:27Z,run,2022-09-13T22:28:27Z,-8.04296771,-34.96538802,86.0,106.0
2022-09-13T21:51:27Z,run,2022-09-13T22:28:28Z,-8.04297137,-34.96536602,87.0,108.0
2022-09-13T21:51:27Z,run,2022-09-13T22:28:29Z,-8.04297337,-34.96534336,87.0,108.0
2022-09-13T21:51:27Z,run,2022-09-13T22:28:30Z,-8.04297469,-34.96532004,87.0,110.0
2022-09-13T21:51:27Z,run,2022-09-13T22:28:31Z,-8.04297502,-34.96529672,88.0,112.0
2022-09-13T21:51:27Z,run,2022-09-13T22:28:32Z,-8.04297602,-34.96527505,87.0,114.0
2022-09-13T21:51:27Z,run,2022-09-13T22:28:33Z,-8.04297701,-34.96525173,88.0,116.0
2022-09-13T21:51:27Z,run,2022-09-13T22:28:34Z,-8.04297933,-34.96522907,88.0,118.0
2022-09-13T21:51:27Z,run,2022-09-13T22:28:35Z,-8.04298133,-34.9652054,88.0,118.0
2022-09-13T21:51:27Z,run,2022-09-13T22:28:36Z,-8.04298166,-34.96518374,87.0,115.0
2022-09-13T21:51:27Z,run,2022-09-13T22:28:37Z,-8.04298199,-34.96516008,87.0,113.0
2022-09-13T21:51:27Z,run,2022-09-13T22:28:38Z,-8.04298166,-34.96513642,86.0,114.0
2022-09-13T21:51:27Z,run,2022-09-13T22:28:39Z,-8.04298199,-34.9651111,87.0,114.0
2022-09-13T21:51:27Z,run,2022-09-13T22:28:40Z,-8.04298166,-34.9650841,87.0,117.0
2022-09-13T21:51:27Z,run,2022-09-13T22:28:41Z,-8.04298034,-34.96505844,87.0,117.0
2022-09-13T21:51:27Z,run,2022-09-13T22:28:42Z,-8.04297868,-34.96503111,88.0,118.0
2022-09-13T21:51:27Z,run,2022-09-13T22:28:43Z,-8.04297768,-34.96500479,87.0,119.0
2022-09-13T21:51:27Z,run,2022-09-13T22:28:44Z,-8.04297736,-34.96497945,88.0,120.0
2022-09-13T21:51:27Z,run,2022-09-13T22:28:45Z,-8.04297736,-34.96495479,87.0,121.0
2022-09-13T21:51:27Z,run,2022-09-13T22:28:46Z,-8.04297802,-34.96493046,87.0,121.0
2022-09-13T21:51:27Z,run,2022-09-13T22:28:47Z,-8.04297902,-34.96490646,87.0,121.0
2022-09-13T21:51:27Z,run,2022-09-13T22:28:48Z,-8.04297967,-34.96488146,87.0,121.0
2022-09-13T21:51:27Z,run,2022-09-13T22:28:49Z,-8.04298034,-34.96485781,87.0,121.0
2022-09-13T21:51:27Z,run,2022-09-13T22:28:50Z,-8.04298066,-34.96483481,87.0,121.0
2022-09-13T21:51:27Z,run,2022-09-13T22:28:51Z,-8.04298066,-34.96481248,87.0,121.0
2022-09-13T21:51:27Z,run,2022-09-13T22:28:52Z,-8.04298133,-34.96478848,87.0,121.0
2022-09-13T21:51:27Z,run,2022-09-13T22:28:53Z,-8.042984,-34.96476516,87.0,121.0
2022-09-13T21:51:27Z,run,2022-09-13T22:28:54Z,-8.04298665,-34.96474183,87.0,121.0
2022-09-13T21:51:27Z,run,2022-09-13T22:28:55Z,-8.04298964,-34.9647185,86.0,121.0
2022-09-13T21:51:27Z,run,2022-09-13T22:28:56Z,-8.04299098,-34.96469585,86.0,121.0
2022-09-13T21:51:27Z,run,2022-09-13T22:28:57Z,-8.04299163,-34.96466986,87.0,121.0
2022-09-13T21:51:27Z,run,2022-09-13T22:28:58Z,-8.04298963,-34.96464452,87.0,121.0
2022-09-13T21:51:27Z,run,2022-09-13T22:28:59Z,-8.04298898,-34.96461819,87.0,121.0
2022-09-13T21:51:27Z,run,2022-09-13T22:29:00Z,-8.04298898,-34.96459387,87.0,121.0
2022-09-13T21:51:27Z,run,2022-09-13T22:29:01Z,-8.04299064,-34.9645722,87.0,121.0
2022-09-13T21:51:27Z,run,2022-09-13T22:29:02Z,-8.0429933,-34.9645502,87.0,121.0
2022-09-13T21:51:27Z,run,2022-09-13T22:29:03Z,-8.0429963,-34.96452754,87.0,121.0
2022-09-13T21:51:27Z,run,2022-09-13T22:29:04Z,-8.04299896,-34.96450455,86.0,121.0
2022-09-13T21:51:27Z,run,2022-09-13T22:29:05Z,-8.04300296,-34.9644809,86.0,121.0
2022-09-13T21:51:27Z,run,2022-09-13T22:29:06Z,-8.04300528,-34.9644569,86.0,121.0
2022-09-13T21:51:27Z,run,2022-09-13T22:29:07Z,-8.04300828,-34.9644319,86.0,121.0
2022-09-13T21:51:27Z,run,2022-09-13T22:29:08Z,-8.04301127,-34.96440624,86.0,121.0
2022-09-13T21:51:27Z,run,2022-09-13T22:29:09Z,-8.04301259,-34.96438157,86.0,121.0
2022-09-13T21:51:27Z,run,2022-09-13T22:29:10Z,-8.04301326,-34.96435792,86.0,121.0
2022-09-13T21:51:27Z,run,2022-09-13T22:29:11Z,-8.04301226,-34.96433459,86.0,129.0
2022-09-13T21:51:27Z,run,2022-09-13T22:29:12Z,-8.04301026,-34.96431226,86.0,129.0
2022-09-13T21:51:27Z,run,2022-09-13T22:29:13Z,-8.0430056,-34.96429026,86.0,129.0
2022-09-13T21:51:27Z,run,2022-09-13T22:29:14Z,-8.0429986,-34.9642696,86.0,128.0
2022-09-13T21:51:27Z,run,2022-09-13T22:29:15Z,-8.04298895,-34.96425094,87.0,128.0
2022-09-13T21:51:27Z,run,2022-09-13T22:29:16Z,-8.04297761,-34.96423395,86.0,128.0
2022-09-13T21:51:27Z,run,2022-09-13T22:29:17Z,-8.04296429,-34.96421929,86.0,127.0
2022-09-13T21:51:27Z,run,2022-09-13T22:29:18Z,-8.04295063,-34.96420662,86.0,127.0
2022-09-13T21:51:27Z,run,2022-09-13T22:29:19Z,-8.04293598,-34.96419497,86.0,127.0
2022-09-13T21:51:27Z,run,2022-09-13T22:29:20Z,-8.04292064,-34.9641843,86.0,128.0
2022-09-13T21:51:27Z,run,2022-09-13T22:29:21Z,-8.04290432,-34.9641733,86.0,127.0
2022-09-13T21:51:27Z,run,2022-09-13T22:29:22Z,-8.04288932,-34.96416164,86.0,127.0
2022-09-13T21:51:27Z,run,2022-09-13T22:29:23Z,-8.04287733,-34.96414999,87.0,126.0
2022-09-13T21:51:27Z,run,2022-09-13T22:29:24Z,-8.04286767,-34.96413533,87.0,126.0
2022-09-13T21:51:27Z,run,2022-09-13T22:29:25Z,-8.04285934,-34.964119,87.0,126.0
2022-09-13T21:51:27Z,run,2022-09-13T22:29:26Z,-8.04285101,-34.96410233,87.0,126.0
2022-09-13T21:51:27Z,run,2022-09-13T22:29:27Z,-8.04284067,-34.96408534,87.0,126.0
2022-09-13T21:51:27Z,run,2022-09-13T22:29:28Z,-8.04282768,-34.96407035,87.0,126.0
2022-09-13T21:51:27Z,run,2022-09-13T22:29:29Z,-8.04281402,-34.96405668,87.0,126.0
2022-09-13T21:51:27Z,run,2022-09-13T22:29:30Z,-8.04279936,-34.96404568,87.0,126.0
2022-09-13T21:51:27Z,run,2022-09-13T22:29:31Z,-8.04278236,-34.96403468,86.0,126.0
2022-09-13T21:51:27Z,run,2022-09-13T22:29:32Z,-8.0427637,-34.96402368,86.0,127.0
2022-09-13T21:51:27Z,run,2022-09-13T22:29:33Z,-8.0427427,-34.96401236,86.0,127.0
2022-09-13T21:51:27Z,run,2022-09-13T22:29:34Z,-8.04272338,-34.96400037,86.0,127.0
2022-09-13T21:51:27Z,run,2022-09-13T22:29:35Z,-8.04270738,-34.96398637,87.0,127.0
2022-09-13T21:51:27Z,run,2022-09-13T22:29:36Z,-8.04269372,-34.9639697,87.0,127.0
2022-09-13T21:51:27Z,run,2022-09-13T22:29:37Z,-8.04268239,-34.96395271,87.0,126.0
2022-09-13T21:51:27Z,run,2022-09-13T22:29:38Z,-8.0426744,-34.96393472,87.0,126.0
2022-09-13T21:51:27Z,run,2022-09-13T22:29:39Z,-8.0426704,-34.96391639,87.0,127.0
2022-09-13T21:51:27Z,run,2022-09-13T22:29:40Z,-8.04266941,-34.9638954,87.0,127.0
2022-09-13T21:51:27Z,run,2022-09-13T22:29:41Z,-8.04266941,-34.96387173,87.0,127.0
2022-09-13T21:51:27Z,run,2022-09-13T22:29:42Z,-8.0426704,-34.96384741,87.0,127.0
2022-09-13T21:51:27Z,run,2022-09-13T22:29:42Z,-8.0426684,-34.96381908,87.0,127.0
2022-09-13T21:51:27Z,run,2022-09-13T22:29:43Z,-8.04266441,-34.96379275,87.0,127.0
2022-09-13T21:51:27Z,run,2022-09-13T22:29:44Z,-8.04265841,-34.9637661,87.0,127.0
2022-09-13T21:51:27Z,run,2022-09-13T22:29:45Z,-8.04265209,-34.96373976,87.0,127.0
2022-09-13T21:51:27Z,run,2022-09-13T22:29:46Z,-8.04264743,-34.96371677,87.0,127.0
2022-09-13T21:51:27Z,run,2022-09-13T22:29:47Z,-8.04264243,-34.96369345,87.0,127.0
2022-09-13T21:51:27Z,run,2022-09-13T22:29:48Z,-8.04264044,-34.96367079,87.0,127.0
2022-09-13T21:51:27Z,run,2022-09-13T22:29:49Z,-8.04264376,-34.96365013,87.0,127.0
2022-09-13T21:51:27Z,run,2022-09-13T22:29:50Z,-8.04265043,-34.9636318,87.0,127.0
2022-09-13T21:51:27Z,run,2022-09-13T22:29:51Z,-8.0426561,-34.96361115,87.0,128.0
2022-09-13T21:51:27Z,run,2022-09-13T22:29:52Z,-8.04265975,-34.96358781,87.0,128.0
2022-09-13T21:51:27Z,run,2022-09-13T22:29:53Z,-8.04266474,-34.96356249,87.0,130.0
2022-09-13T21:51:27Z,run,2022-09-13T22:29:54Z,-8.04266707,-34.9635365,87.0,130.0
2022-09-13T21:51:27Z,run,2022-09-13T22:29:55Z,-8.04266839,-34.9635115,87.0,130.0
2022-09-13T21:51:27Z,run,2022-09-13T22:29:56Z,-8.04266807,-34.96348584,87.0,130.0
2022-09-13T21:51:27Z,run,2022-09-13T22:29:58Z,-8.04266107,-34.96338452,87.0,130.0
2022-09-13T21:51:27Z,run,2022-09-13T22:29:59Z,-8.04265808,-34.96337753,88.0,130.0
2022-09-13T21:51:27Z,run,2022-09-13T22:30:00Z,-8.04265441,-34.96336353,88.0,130.0
2022-09-13T21:51:27Z,run,2022-09-13T22:30:02Z,-8.04265342,-34.96334353,88.0,129.0
2022-09-13T21:51:27Z,run,2022-09-13T22:30:04Z,-8.0426511,-34.96326121,88.0,129.0
2022-09-13T21:51:27Z,run,2022-09-13T22:30:06Z,-8.04264776,-34.96324922,88.0,130.0
2022-09-13T21:51:27Z,run,2022-09-13T22:30:07Z,-8.04264411,-34.96323223,88.0,130.0
2022-09-13T21:51:27Z,run,2022-09-13T22:30:08Z,-8.04264111,-34.9632119,88.0,131.0
2022-09-13T21:51:27Z,run,2022-09-13T22:30:10Z,-8.04263845,-34.9631829,88.0,132.0
2022-09-13T21:51:27Z,run,2022-09-13T22:30:11Z,-8.04263645,-34.96315524,88.0,132.0
2022-09-13T21:51:27Z,run,2022-09-13T22:30:12Z,-8.04263645,-34.96312958,88.0,132.0
2022-09-13T21:51:27Z,run,2022-09-13T22:30:13Z,-8.04263744,-34.96310392,88.0,132.0
2022-09-13T21:51:27Z,run,2022-09-13T22:30:14Z,-8.04263844,-34.9630796,87.0,133.0
2022-09-13T21:51:27Z,run,2022-09-13T22:30:15Z,-8.04263876,-34.96305593,87.0,133.0
2022-09-13T21:51:27Z,run,2022-09-13T22:30:16Z,-8.0426401,-34.96303294,87.0,132.0
2022-09-13T21:51:27Z,run,2022-09-13T22:30:17Z,-8.0426421,-34.96301061,87.0,131.0
2022-09-13T21:51:27Z,run,2022-09-13T22:30:18Z,-8.04264375,-34.96298828,87.0,131.0
2022-09-13T21:51:27Z,run,2022-09-13T22:30:19Z,-8.04264608,-34.96296562,87.0,130.0
2022-09-13T21:51:27Z,run,2022-09-13T22:30:20Z,-8.04264941,-34.96294362,87.0,129.0
2022-09-13T21:51:27Z,run,2022-09-13T22:30:21Z,-8.04265108,-34.96292196,87.0,129.0
2022-09-13T21:51:27Z,run,2022-09-13T22:30:22Z,-8.0426514,-34.96290096,87.0,130.0
2022-09-13T21:51:27Z,run,2022-09-13T22:30:23Z,-8.0426514,-34.96288064,87.0,129.0
2022-09-13T21:51:27Z,run,2022-09-13T22:30:24Z,-8.04265173,-34.96285964,87.0,129.0
2022-09-13T21:51:27Z,run,2022-09-13T22:30:25Z,-8.04265406,-34.96283498,87.0,129.0
2022-09-13T21:51:27Z,run,2022-09-13T22:30:26Z,-8.04265739,-34.96281065,88.0,129.0
2022-09-13T21:51:27Z,run,2022-09-13T22:30:27Z,-8.04266072,-34.96278632,88.0,129.0
2022-09-13T21:51:27Z,run,2022-09-13T22:30:28Z,-8.04266405,-34.96276233,88.0,129.0
2022-09-13T21:51:27Z,run,2022-09-13T22:30:29Z,-8.04266738,-34.96273934,87.0,129.0
2022-09-13T21:51:27Z,run,2022-09-13T22:30:30Z,-8.0426717,-34.962718,87.0,129.0
2022-09-13T21:51:27Z,run,2022-09-13T22:30:31Z,-8.04267737,-34.96269735,87.0,129.0
2022-09-13T21:51:27Z,run,2022-09-13T22:30:32Z,-8.04268637,-34.96267935,87.0,130.0
2022-09-13T21:51:27Z,run,2022-09-13T22:30:33Z,-8.04269803,-34.96266136,87.0,130.0
2022-09-13T21:51:27Z,run,2022-09-13T22:30:34Z,-8.04271036,-34.96264337,88.0,131.0
2022-09-13T21:51:27Z,run,2022-09-13T22:30:35Z,-8.04272168,-34.9626217,88.0,131.0
2022-09-13T21:51:27Z,run,2022-09-13T22:30:36Z,-8.04273102,-34.9625997,88.0,131.0
2022-09-13T21:51:27Z,run,2022-09-13T22:30:37Z,-8.04273768,-34.96257837,88.0,130.0
2022-09-13T21:51:27Z,run,2022-09-13T22:30:38Z,-8.04274134,-34.96255371,88.0,130.0
2022-09-13T21:51:27Z,run,2022-09-13T22:30:42Z,-8.04275767,-34.96240804,87.0,131.0
2022-09-13T21:51:27Z,run,2022-09-13T22:30:43Z,-8.04275767,-34.96240239,87.0,131.0
2022-09-13T21:51:27Z,run,2022-09-13T22:30:44Z,-8.04275667,-34.96239239,87.0,131.0
2022-09-13T21:51:27Z,run,2022-09-13T22:30:45Z,-8.04275467,-34.96237873,86.0,131.0
2022-09-13T21:51:27Z,run,2022-09-13T22:30:46Z,-8.04275202,-34.9623634,86.0,131.0
2022-09-13T21:51:27Z,run,2022-09-13T22:30:47Z,-8.04274836,-34.96234541,86.0,131.0
2022-09-13T21:51:27Z,run,2022-09-13T22:30:48Z,-8.0427447,-34.96232774,86.0,131.0
2022-09-13T21:51:27Z,run,2022-09-13T22:30:49Z,-8.04274304,-34.96231108,86.0,131.0
2022-09-13T21:51:27Z,run,2022-09-13T22:30:50Z,-8.04274238,-34.96229142,86.0,131.0
2022-09-13T21:51:27Z,run,2022-09-13T22:30:51Z,-8.04274304,-34.96227109,86.0,131.0
2022-09-13T21:51:27Z,run,2022-09-13T22:30:52Z,-8.04274537,-34.9622521,86.0,131.0
2022-09-13T21:51:27Z,run,2022-09-13T22:30:53Z,-8.04274836,-34.96223444,86.0,131.0
2022-09-13T21:51:27Z,run,2022-09-13T22:30:54Z,-8.04274968,-34.96221477,86.0,131.0
2022-09-13T21:51:27Z,run,2022-09-13T22:30:55Z,-8.04274968,-34.96219544,86.0,131.0
2022-09-13T21:51:27Z,run,2022-09-13T22:30:56Z,-8.04274903,-34.96217678,86.0,131.0
2022-09-13T21:51:27Z,run,2022-09-13T22:30:57Z,-8.04274803,-34.96215679,87.0,131.0
2022-09-13T21:51:27Z,run,2022-09-13T22:30:58Z,-8.04274737,-34.96213646,88.0,131.0
2022-09-13T21:51:27Z,run,2022-09-13T22:30:59Z,-8.0427467,-34.96211513,88.0,131.0
2022-09-13T21:51:27Z,run,2022-09-13T22:31:00Z,-8.04274703,-34.96209313,87.0,131.0
2022-09-13T21:51:27Z,run,2022-09-13T22:31:01Z,-8.04274768,-34.9620708,87.0,131.0
2022-09-13T21:51:27Z,run,2022-09-13T22:31:02Z,-8.04274835,-34.96204748,88.0,131.0
2022-09-13T21:51:27Z,run,2022-09-13T22:31:03Z,-8.04274802,-34.96202281,88.0,131.0
2022-09-13T21:51:27Z,run,2022-09-13T22:31:04Z,-8.04274503,-34.96199682,88.0,131.0
2022-09-13T21:51:27Z,run,2022-09-13T22:31:05Z,-8.04274436,-34.9619715,88.0,131.0
2022-09-13T21:51:27Z,run,2022-09-13T22:31:06Z,-8.04274436,-34.96194616,88.0,131.0
2022-09-13T21:51:27Z,run,2022-09-13T22:31:07Z,-8.04274469,-34.96192383,88.0,131.0
2022-09-13T21:51:27Z,run,2022-09-13T22:31:08Z,-8.04274469,-34.96190216,88.0,131.0
2022-09-13T21:51:27Z,run,2022-09-13T22:31:09Z,-8.04274404,-34.96187851,88.0,131.0
2022-09-13T21:51:27Z,run,2022-09-13T22:31:10Z,-8.04274404,-34.96185417,88.0,131.0
2022-09-13T21:51:27Z,run,2022-09-13T22:31:11Z,-8.04274304,-34.96182917,87.0,131.0
2022-09-13T21:51:27Z,run,2022-09-13T22:31:12Z,-8.04274271,-34.96180652,87.0,131.0
2022-09-13T21:51:27Z,run,2022-09-13T22:31:13Z,-8.04274437,-34.96178353,87.0,131.0
2022-09-13T21:51:27Z,run,2022-09-13T22:31:14Z,-8.04274704,-34.96175754,87.0,131.0
2022-09-13T21:51:27Z,run,2022-09-13T22:31:15Z,-8.04274737,-34.96173087,87.0,142.0
2022-09-13T21:51:27Z,run,2022-09-13T22:31:16Z,-8.04274769,-34.96170421,87.0,142.0
2022-09-13T21:51:27Z,run,2022-09-13T22:31:17Z,-8.04274936,-34.96167822,87.0,142.0
2022-09-13T21:51:27Z,run,2022-09-13T22:31:18Z,-8.04275102,-34.96165456,87.0,144.0
2022-09-13T21:51:27Z,run,2022-09-13T22:31:19Z,-8.04275201,-34.9616289,87.0,144.0
2022-09-13T21:51:27Z,run,2022-09-13T22:31:20Z,-8.04275601,-34.96160423,87.0,144.0
2022-09-13T21:51:27Z,run,2022-09-13T22:31:21Z,-8.04275966,-34.96157957,87.0,143.0
2022-09-13T21:51:27Z,run,2022-09-13T22:31:22Z,-8.04276433,-34.96155624,87.0,143.0
2022-09-13T21:51:27Z,run,2022-09-13T22:31:23Z,-8.04276932,-34.96153292,86.0,144.0
2022-09-13T21:51:27Z,run,2022-09-13T22:31:24Z,-8.04277465,-34.96150993,86.0,144.0
2022-09-13T21:51:27Z,run,2022-09-13T22:31:25Z,-8.04277899,-34.96148694,86.0,144.0
2022-09-13T21:51:27Z,run,2022-09-13T22:31:26Z,-8.04278164,-34.96146428,86.0,144.0
2022-09-13T21:51:27Z,run,2022-09-13T22:31:27Z,-8.04278363,-34.96144195,86.0,144.0
2022-09-13T21:51:27Z,run,2022-09-13T22:31:28Z,-8.0427853,-34.96141995,86.0,143.0
2022-09-13T21:51:27Z,run,2022-09-13T22:31:29Z,-8.04278662,-34.96139862,87.0,142.0
2022-09-13T21:51:27Z,run,2022-09-13T22:31:30Z,-8.04278895,-34.96137763,86.0,141.0
2022-09-13T21:51:27Z,run,2022-09-13T22:31:31Z,-8.04279194,-34.96135696,86.0,141.0
2022-09-13T21:51:27Z,run,2022-09-13T22:31:32Z,-8.04279527,-34.96133564,86.0,140.0
2022-09-13T21:51:27Z,run,2022-09-13T22:31:33Z,-8.04279693,-34.96131298,86.0,140.0
2022-09-13T21:51:27Z,run,2022-09-13T22:31:34Z,-8.04279758,-34.96128898,86.0,140.0
2022-09-13T21:51:27Z,run,2022-09-13T22:31:35Z,-8.04279659,-34.96126398,86.0,140.0
2022-09-13T21:51:27Z,run,2022-09-13T22:31:36Z,-8.04279527,-34.96123699,86.0,140.0
2022-09-13T21:51:27Z,run,2022-09-13T22:31:37Z,-8.04279759,-34.96121232,86.0,140.0
2022-09-13T21:51:27Z,run,2022-09-13T22:31:38Z,-8.04279959,-34.96118732,86.0,141.0
2022-09-13T21:51:27Z,run,2022-09-13T22:31:39Z,-8.04280393,-34.961164,86.0,141.0
2022-09-13T21:51:27Z,run,2022-09-13T22:31:40Z,-8.04280993,-34.96114368,86.0,141.0
2022-09-13T21:51:27Z,run,2022-09-13T22:31:41Z,-8.04281792,-34.96112368,87.0,141.0
2022-09-13T21:51:27Z,run,2022-09-13T22:31:42Z,-8.04282658,-34.96110235,87.0,141.0
2022-09-13T21:51:27Z,run,2022-09-13T22:31:43Z,-8.04283391,-34.96108002,87.0,141.0
2022-09-13T21:51:27Z,run,2022-09-13T22:31:44Z,-8.0428399,-34.96105769,87.0,141.0
2022-09-13T21:51:27Z,run,2022-09-13T22:31:45Z,-8.04284456,-34.96103636,87.0,142.0
2022-09-13T21:51:27Z,run,2022-09-13T22:31:46Z,-8.04284723,-34.96101403,87.0,142.0
2022-09-13T21:51:27Z,run,2022-09-13T22:31:47Z,-8.04284955,-34.96099137,87.0,142.0
2022-09-13T21:51:27Z,run,2022-09-13T22:31:48Z,-8.04285155,-34.96096671,87.0,143.0
2022-09-13T21:51:27Z,run,2022-09-13T22:31:49Z,-8.04285355,-34.96094337,87.0,143.0
2022-09-13T21:51:27Z,run,2022-09-13T22:31:50Z,-8.04285588,-34.96092205,87.0,143.0
2022-09-13T21:51:27Z,run,2022-09-13T22:31:51Z,-8.04285853,-34.96090038,87.0,143.0
2022-09-13T21:51:27Z,run,2022-09-13T22:31:52Z,-8.04286186,-34.96087838,87.0,143.0
2022-09-13T21:51:27Z,run,2022-09-13T22:31:53Z,-8.04286519,-34.96085773,87.0,143.0
2022-09-13T21:51:27Z,run,2022-09-13T22:31:54Z,-8.04286819,-34.96083707,87.0,142.0
2022-09-13T21:51:27Z,run,2022-09-13T22:31:55Z,-8.04287018,-34.96081674,87.0,143.0
2022-09-13T21:51:27Z,run,2022-09-13T22:31:56Z,-8.04287151,-34.96079541,87.0,143.0
2022-09-13T21:51:27Z,run,2022-09-13T22:31:57Z,-8.04287051,-34.96077175,87.0,144.0
2022-09-13T21:51:27Z,run,2022-09-13T22:31:58Z,-8.04286786,-34.96074709,87.0,144.0
2022-09-13T21:51:27Z,run,2022-09-13T22:31:59Z,-8.04286386,-34.96072276,87.0,144.0
2022-09-13T21:51:27Z,run,2022-09-13T22:32:00Z,-8.04285853,-34.9607001,87.0,144.0
2022-09-13T21:51:27Z,run,2022-09-13T22:32:01Z,-8.04285221,-34.96067777,87.0,145.0
2022-09-13T21:51:27Z,run,2022-09-13T22:32:02Z,-8.04284454,-34.96065444,87.0,145.0
2022-09-13T21:51:27Z,run,2022-09-13T22:32:03Z,-8.04283722,-34.96063211,87.0,145.0
2022-09-13T21:51:27Z,run,2022-09-13T22:32:04Z,-8.04282955,-34.96061011,87.0,145.0
2022-09-13T21:51:27Z,run,2022-09-13T22:32:05Z,-8.04282089,-34.96058811,87.0,145.0
2022-09-13T21:51:27Z,run,2022-09-13T22:32:06Z,-8.04281189,-34.96056812,87.0,145.0
2022-09-13T21:51:27Z,run,2022-09-13T22:32:07Z,-8.0428019,-34.96054612,87.0,145.0
2022-09-13T21:51:27Z,run,2022-09-13T22:32:08Z,-8.04279157,-34.96052513,87.0,145.0
2022-09-13T21:51:27Z,run,2022-09-13T22:32:09Z,-8.04278192,-34.96050546,87.0,146.0
2022-09-13T21:51:27Z,run,2022-09-13T22:32:10Z,-8.04277326,-34.96048514,87.0,147.0
2022-09-13T21:51:27Z,run,2022-09-13T22:32:11Z,-8.04276493,-34.96046414,88.0,148.0
2022-09-13T21:51:27Z,run,2022-09-13T22:32:12Z,-8.04275659,-34.96044415,87.0,149.0
2022-09-13T21:51:27Z,run,2022-09-13T22:32:13Z,-8.04274626,-34.96042482,88.0,150.0
2022-09-13T21:51:27Z,run,2022-09-13T22:32:14Z,-8.0427346,-34.96040916,88.0,150.0
2022-09-13T21:51:27Z,run,2022-09-13T22:32:15Z,-8.04272128,-34.96039616,88.0,150.0
2022-09-13T21:51:27Z,run,2022-09-13T22:32:16Z,-8.04270495,-34.96038583,87.0,150.0
2022-09-13T21:51:27Z,run,2022-09-13T22:32:17Z,-8.04268861,-34.96037917,87.0,151.0
2022-09-13T21:51:27Z,run,2022-09-13T22:32:18Z,-8.04266962,-34.96037217,87.0,152.0
2022-09-13T21:51:27Z,run,2022-09-13T22:32:19Z,-8.04265097,-34.96036351,88.0,153.0
2022-09-13T21:51:27Z,run,2022-09-13T22:32:20Z,-8.04263163,-34.96035419,88.0,153.0
2022-09-13T21:51:27Z,run,2022-09-13T22:32:21Z,-8.04261164,-34.96034352,88.0,153.0
2022-09-13T21:51:27Z,run,2022-09-13T22:32:22Z,-8.04259298,-34.96033252,88.0,154.0
2022-09-13T21:51:27Z,run,2022-09-13T22:32:23Z,-8.04257299,-34.9603202,88.0,156.0
2022-09-13T21:51:27Z,run,2022-09-13T22:32:24Z,-8.04255432,-34.9603102,88.0,157.0
2022-09-13T21:51:27Z,run,2022-09-13T22:32:25Z,-8.04253665,-34.96030254,88.0,159.0
2022-09-13T21:51:27Z,run,2022-09-13T22:32:26Z,-8.04251966,-34.96029521,88.0,159.0
2022-09-13T21:51:27Z,run,2022-09-13T22:32:27Z,-8.04249967,-34.96028589,88.0,159.0
2022-09-13T21:51:27Z,run,2022-09-13T22:32:28Z,-8.04247834,-34.96027522,88.0,159.0
2022-09-13T21:51:27Z,run,2022-09-13T22:32:29Z,-8.04245935,-34.96026755,88.0,160.0
2022-09-13T21:51:27Z,run,2022-09-13T22:32:30Z,-8.04244336,-34.96026123,88.0,160.0
2022-09-13T21:51:27Z,run,2022-09-13T22:32:31Z,-8.04242936,-34.9602559,88.0,161.0
2022-09-13T21:51:27Z,run,2022-09-13T22:32:32Z,-8.04241203,-34.96024924,88.0,161.0
2022-09-13T21:51:27Z,run,2022-09-13T22:32:33Z,-8.04239304,-34.96023957,88.0,161.0
2022-09-13T21:51:27Z,run,2022-09-13T22:32:34Z,-8.04237438,-34.96022992,88.0,161.0
2022-09-13T21:51:27Z,run,2022-09-13T22:32:35Z,-8.04235505,-34.96021858,88.0,162.0
2022-09-13T21:51:27Z,run,2022-09-13T22:32:36Z,-8.04233738,-34.96020693,88.0,162.0
2022-09-13T21:51:27Z,run,2022-09-13T22:32:37Z,-8.04231872,-34.96019493,88.0,162.0
2022-09-13T21:51:27Z,run,2022-09-13T22:32:38Z,-8.04229872,-34.96018194,88.0,163.0
2022-09-13T21:51:27Z,run,2022-09-13T22:32:39Z,-8.0422804,-34.96017094,88.0,163.0
2022-09-13T21:51:27Z,run,2022-09-13T22:32:40Z,-8.04226208,-34.96016027,88.0,163.0
2022-09-13T21:51:27Z,run,2022-09-13T22:32:41Z,-8.04224241,-34.96015028,88.0,163.0
2022-09-13T21:51:27Z,run,2022-09-13T22:32:42Z,-8.04222175,-34.96014061,88.0,163.0
2022-09-13T21:51:27Z,run,2022-09-13T22:32:43Z,-8.04219742,-34.96012995,88.0,163.0
2022-09-13T21:51:27Z,run,2022-09-13T22:32:44Z,-8.04217343,-34.96011962,88.0,164.0
2022-09-13T21:51:27Z,run,2022-09-13T22:32:45Z,-8.04215011,-34.96010762,88.0,164.0
2022-09-13T21:51:27Z,run,2022-09-13T22:32:46Z,-8.04212744,-34.96009497,87.0,164.0
2022-09-13T21:51:27Z,run,2022-09-13T22:32:47Z,-8.04210512,-34.96007963,87.0,164.0
2022-09-13T21:51:27Z,run,2022-09-13T22:32:48Z,-8.04208345,-34.96006631,87.0,163.0
2022-09-13T21:51:27Z,run,2022-09-13T22:32:49Z,-8.04206245,-34.96005499,87.0,163.0
2022-09-13T21:51:27Z,run,2022-09-13T22:32:50Z,-8.04204246,-34.96004465,87.0,163.0
2022-09-13T21:51:27Z,run,2022-09-13T22:32:53Z,-8.04200946,-34.960022,87.0,163.0
2022-09-13T21:51:27Z,run,2022-09-13T22:32:54Z,-8.04197946,-34.96000167,88.0,163.0
2022-09-13T21:51:27Z,run,2022-09-13T22:32:55Z,-8.04195214,-34.95998601,88.0,164.0
2022-09-13T21:51:27Z,run,2022-09-13T22:32:56Z,-8.04192547,-34.95997102,88.0,164.0
2022-09-13T21:51:27Z,run,2022-09-13T22:32:57Z,-8.04190215,-34.95995768,88.0,164.0
2022-09-13T21:51:27Z,run,2022-09-13T22:32:58Z,-8.04187982,-34.95994536,88.0,164.0
2022-09-13T21:51:27Z,run,2022-09-13T22:32:59Z,-8.04185782,-34.95993269,88.0,164.0
2022-09-13T21:51:27Z,run,2022-09-13T22:33:00Z,-8.04183717,-34.95992037,88.0,164.0
2022-09-13T21:51:27Z,run,2022-09-13T22:33:01Z,-8.04181717,-34.95990871,87.0,164.0
2022-09-13T21:51:27Z,run,2022-09-13T22:33:02Z,-8.04179818,-34.95989605,87.0,164.0
2022-09-13T21:51:27Z,run,2022-09-13T22:33:03Z,-8.04177819,-34.95988339,87.0,164.0
2022-09-13T21:51:27Z,run,2022-09-13T22:33:04Z,-8.04176019,-34.95987207,87.0,164.0
2022-09-13T21:51:27Z,run,2022-09-13T22:33:05Z,-8.04174185,-34.9598594,88.0,165.0
2022-09-13T21:51:27Z,run,2022-09-13T22:33:06Z,-8.04172286,-34.9598454,87.0,165.0
2022-09-13T21:51:27Z,run,2022-09-13T22:33:07Z,-8.04170254,-34.95983241,87.0,165.0
2022-09-13T21:51:27Z,run,2022-09-13T22:33:08Z,-8.04168088,-34.95981908,87.0,164.0
2022-09-13T21:51:27Z,run,2022-09-13T22:33:09Z,-8.04166122,-34.95980808,87.0,164.0
2022-09-13T21:51:27Z,run,2022-09-13T22:33:10Z,-8.04164256,-34.95979774,87.0,164.0
2022-09-13T21:51:27Z,run,2022-09-13T22:33:11Z,-8.04162257,-34.95978708,87.0,163.0
2022-09-13T21:51:27Z,run,2022-09-13T22:33:12Z,-8.04160324,-34.95977842,87.0,163.0
2022-09-13T21:51:27Z,run,2022-09-13T22:33:13Z,-8.04158391,-34.95976976,87.0,163.0
2022-09-13T21:51:27Z,run,2022-09-13T22:33:14Z,-8.04156458,-34.95976111,88.0,163.0
2022-09-13T21:51:27Z,run,2022-09-13T22:33:15Z,-8.04154592,-34.95975145,88.0,163.0
2022-09-13T21:51:27Z,run,2022-09-13T22:33:16Z,-8.04152526,-34.95974013,88.0,163.0
2022-09-13T21:51:27Z,run,2022-09-13T22:33:17Z,-8.0415046,-34.95972813,88.0,164.0
2022-09-13T21:51:27Z,run,2022-09-13T22:33:18Z,-8.04148561,-34.95971679,87.0,165.0
2022-09-13T21:51:27Z,run,2022-09-13T22:33:19Z,-8.04146761,-34.9597048,87.0,166.0
2022-09-13T21:51:27Z,run,2022-09-13T22:33:20Z,-8.04144862,-34.95968648,87.0,168.0
2022-09-13T21:51:27Z,run,2022-09-13T22:33:21Z,-8.0414303,-34.95967015,87.0,168.0
2022-09-13T21:51:27Z,run,2022-09-13T22:33:22Z,-8.04141097,-34.95965648,87.0,168.0
2022-09-13T21:51:27Z,run,2022-09-13T22:33:23Z,-8.04139065,-34.95964482,87.0,168.0
2022-09-13T21:51:27Z,run,2022-09-13T22:33:24Z,-8.04136965,-34.9596335,87.0,167.0
2022-09-13T21:51:27Z,run,2022-09-13T22:33:25Z,-8.04134998,-34.9596225,87.0,167.0
2022-09-13T21:51:27Z,run,2022-09-13T22:33:26Z,-8.04132799,-34.95960983,88.0,167.0
2022-09-13T21:51:27Z,run,2022-09-13T22:33:27Z,-8.04130499,-34.95959784,88.0,167.0
2022-09-13T21:51:27Z,run,2022-09-13T22:33:28Z,-8.04128334,-34.95958718,88.0,167.0
2022-09-13T21:51:27Z,run,2022-09-13T22:33:29Z,-8.04126367,-34.95957618,87.0,167.0
2022-09-13T21:51:27Z,run,2022-09-13T22:33:30Z,-8.04124468,-34.95956519,88.0,166.0
2022-09-13T21:51:27Z,run,2022-09-13T22:33:31Z,-8.04122669,-34.95955419,88.0,165.0
2022-09-13T21:51:27Z,run,2022-09-13T22:33:32Z,-8.04120902,-34.95954419,88.0,164.0
2022-09-13T21:51:27Z,run,2022-09-13T22:33:33Z,-8.04119169,-34.95953585,87.0,165.0
2022-09-13T21:51:27Z,run,2022-09-13T22:33:34Z,-8.04117303,-34.95952686,87.0,165.0
2022-09-13T21:51:27Z,run,2022-09-13T22:33:35Z,-8.04115203,-34.9595162,88.0,166.0
2022-09-13T21:51:27Z,run,2022-09-13T22:33:36Z,-8.04113171,-34.95950421,88.0,166.0
2022-09-13T21:51:27Z,run,2022-09-13T22:33:37Z,-8.04111238,-34.95949387,88.0,166.0
2022-09-13T21:51:27Z,run,2022-09-13T22:33:38Z,-8.04109339,-34.95948321,88.0,165.0
2022-09-13T21:51:27Z,run,2022-09-13T22:33:39Z,-8.04107372,-34.95947155,88.0,164.0
2022-09-13T21:51:27Z,run,2022-09-13T22:33:40Z,-8.04105373,-34.95945923,88.0,164.0
2022-09-13T21:51:27Z,run,2022-09-13T22:33:41Z,-8.0410344,-34.9594449,88.0,164.0
2022-09-13T21:51:27Z,run,2022-09-13T22:33:42Z,-8.04101673,-34.95943257,88.0,164.0
2022-09-13T21:51:27Z,run,2022-09-13T22:33:43Z,-8.04099974,-34.95941958,88.0,164.0
2022-09-13T21:51:27Z,run,2022-09-13T22:33:44Z,-8.04098175,-34.95940625,88.0,164.0
2022-09-13T21:51:27Z,run,2022-09-13T22:33:45Z,-8.04096308,-34.95939359,88.0,165.0
2022-09-13T21:51:27Z,run,2022-09-13T22:33:46Z,-8.04094376,-34.95938092,88.0,165.0
2022-09-13T21:51:27Z,run,2022-09-13T22:33:47Z,-8.04092709,-34.95936893,88.0,165.0
2022-09-13T21:51:27Z,run,2022-09-13T22:33:48Z,-8.04091309,-34.95935393,87.0,165.0
2022-09-13T21:51:27Z,run,2022-09-13T22:33:49Z,-8.0409011,-34.95933761,87.0,165.0
2022-09-13T21:51:27Z,run,2022-09-13T22:33:50Z,-8.04088811,-34.95931894,87.0,166.0
2022-09-13T21:51:27Z,run,2022-09-13T22:33:51Z,-8.04087445,-34.95930129,88.0,168.0
2022-09-13T21:51:27Z,run,2022-09-13T22:33:52Z,-8.04086178,-34.95928529,88.0,168.0
2022-09-13T21:51:27Z,run,2022-09-13T22:33:53Z,-8.04084645,-34.95926929,87.0,168.0
2022-09-13T21:51:27Z,run,2022-09-13T22:33:54Z,-8.04082846,-34.95925496,87.0,168.0
2022-09-13T21:51:27Z,run,2022-09-13T22:33:55Z,-8.04080746,-34.95924031,87.0,169.0
2022-09-13T21:51:27Z,run,2022-09-13T22:33:56Z,-8.04078579,-34.95922664,88.0,170.0
2022-09-13T21:51:27Z,run,2022-09-13T22:33:57Z,-8.04076412,-34.95921498,88.0,171.0
2022-09-13T21:51:27Z,run,2022-09-13T22:33:57Z,-8.04074413,-34.95920566,88.0,171.0
2022-09-13T21:51:27Z,run,2022-09-13T22:33:58Z,-8.04072448,-34.95919866,88.0,171.0
2022-09-13T21:51:27Z,run,2022-09-13T22:33:59Z,-8.04070481,-34.95919366,87.0,171.0
2022-09-13T21:51:27Z,run,2022-09-13T22:34:00Z,-8.04068282,-34.95918934,87.0,171.0
2022-09-13T21:51:27Z,run,2022-09-13T22:34:01Z,-8.04066215,-34.959185,87.0,171.0
2022-09-13T21:51:27Z,run,2022-09-13T22:34:02Z,-8.0406405,-34.95917868,87.0,170.0
2022-09-13T21:51:27Z,run,2022-09-13T22:34:03Z,-8.04062017,-34.95917202,87.0,170.0
2022-09-13T21:51:27Z,run,2022-09-13T22:34:04Z,-8.04060084,-34.95916436,87.0,170.0
2022-09-13T21:51:27Z,run,2022-09-13T22:34:05Z,-8.04058018,-34.95915537,87.0,170.0
2022-09-13T21:51:27Z,run,2022-09-13T22:34:06Z,-8.04056053,-34.95914638,87.0,171.0
2022-09-13T21:51:27Z,run,2022-09-13T22:34:07Z,-8.04053953,-34.95913938,88.0,170.0
2022-09-13T21:51:27Z,run,2022-09-13T22:34:08Z,-8.04051754,-34.95913205,88.0,170.0
2022-09-13T21:51:27Z,run,2022-09-13T22:34:09Z,-8.04049587,-34.95912405,88.0,170.0
2022-09-13T21:51:27Z,run,2022-09-13T22:34:10Z,-8.04047487,-34.95911572,87.0,170.0
2022-09-13T21:51:27Z,run,2022-09-13T22:34:11Z,-8.04045355,-34.95910739,87.0,170.0
2022-09-13T21:51:27Z,run,2022-09-13T22:34:12Z,-8.04043255,-34.95909905,87.0,170.0
2022-09-13T21:51:27Z,run,2022-09-13T22:34:13Z,-8.04040921,-34.95908973,87.0,170.0
2022-09-13T21:51:27Z,run,2022-09-13T22:34:14Z,-8.04038522,-34.95907973,86.0,170.0
2022-09-13T21:51:27Z,run,2022-09-13T22:34:15Z,-8.0403599,-34.95906973,86.0,170.0
2022-09-13T21:51:27Z,run,2022-09-13T22:34:16Z,-8.04033757,-34.95905774,87.0,171.0
2022-09-13T21:51:27Z,run,2022-09-13T22:34:17Z,-8.04031491,-34.95904508,87.0,171.0
2022-09-13T21:51:27Z,run,2022-09-13T22:34:18Z,-8.04029225,-34.95903275,87.0,171.0
2022-09-13T21:51:27Z,run,2022-09-13T22:34:19Z,-8.04027125,-34.95902109,87.0,171.0
2022-09-13T21:51:27Z,run,2022-09-13T22:34:20Z,-8.04025125,-34.95901177,87.0,171.0
2022-09-13T21:51:27Z,run,2022-09-13T22:34:21Z,-8.04023093,-34.95900244,87.0,171.0
2022-09-13T21:51:27Z,run,2022-09-13T22:34:22Z,-8.04021261,-34.95899045,86.0,173.0
2022-09-13T21:51:27Z,run,2022-09-13T22:34:23Z,-8.04019594,-34.95897746,87.0,173.0
2022-09-13T21:51:27Z,run,2022-09-13T22:34:24Z,-8.04017962,-34.95896579,87.0,173.0
2022-09-13T21:51:27Z,run,2022-09-13T22:34:25Z,-8.04016396,-34.95895647,87.0,173.0
2022-09-13T21:51:27Z,run,2022-09-13T22:34:26Z,-8.04014996,-34.95894481,87.0,173.0
2022-09-13T21:51:27Z,run,2022-09-13T22:34:27Z,-8.04013229,-34.95893249,87.0,173.0
2022-09-13T21:51:27Z,run,2022-09-13T22:34:28Z,-8.0401123,-34.95892049,87.0,173.0
2022-09-13T21:51:27Z,run,2022-09-13T22:34:29Z,-8.04009065,-34.95890783,87.0,173.0
2022-09-13T21:51:27Z,run,2022-09-13T22:34:30Z,-8.04006698,-34.95889351,87.0,173.0
2022-09-13T21:51:27Z,run,2022-09-13T22:34:31Z,-8.04004432,-34.95888051,86.0,173.0
2022-09-13T21:51:27Z,run,2022-09-13T22:34:32Z,-8.04002267,-34.95886852,86.0,173.0
2022-09-13T21:51:27Z,run,2022-09-13T22:34:33Z,-8.04000201,-34.95885885,86.0,175.0
2022-09-13T21:51:27Z,run,2022-09-13T22:34:34Z,-8.03998268,-34.95885019,86.0,175.0
2022-09-13T21:51:27Z,run,2022-09-13T22:34:35Z,-8.03996269,-34.9588412,86.0,174.0
2022-09-13T21:51:27Z,run,2022-09-13T22:34:36Z,-8.03994169,-34.95883121,86.0,174.0
2022-09-13T21:51:27Z,run,2022-09-13T22:34:37Z,-8.03992202,-34.95882055,86.0,174.0
2022-09-13T21:51:27Z,run,2022-09-13T22:34:38Z,-8.03990102,-34.95880955,86.0,175.0
2022-09-13T21:51:27Z,run,2022-09-13T22:34:39Z,-8.03988203,-34.95879955,86.0,175.0
2022-09-13T21:51:27Z,run,2022-09-13T22:34:40Z,-8.03986271,-34.95878956,86.0,175.0
2022-09-13T21:51:27Z,run,2022-09-13T22:34:41Z,-8.03984204,-34.95877856,86.0,173.0
2022-09-13T21:51:27Z,run,2022-09-13T22:34:42Z,-8.03982172,-34.95876556,86.0,172.0
2022-09-13T21:51:27Z,run,2022-09-13T22:34:43Z,-8.03980373,-34.9587509,86.0,171.0
2022-09-13T21:51:27Z,run,2022-09-13T22:34:44Z,-8.03978674,-34.95873457,86.0,171.0
2022-09-13T21:51:27Z,run,2022-09-13T22:34:45Z,-8.03977174,-34.95871691,86.0,170.0
2022-09-13T21:51:27Z,run,2022-09-13T22:34:46Z,-8.03975875,-34.95869858,86.0,170.0
2022-09-13T21:51:27Z,run,2022-09-13T22:34:47Z,-8.03974876,-34.95868059,86.0,169.0
2022-09-13T21:51:27Z,run,2022-09-13T22:34:48Z,-8.03974142,-34.9586636,86.0,168.0
2022-09-13T21:51:27Z,run,2022-09-13T22:34:49Z,-8.0397361,-34.95864793,86.0,167.0
2022-09-13T21:51:27Z,run,2022-09-13T22:35:52Z,-8.0393201,-34.95819761,86.0,129.0
2022-09-13T21:51:27Z,run,2022-09-13T22:35:53Z,-8.03931578,-34.95819794,86.0,129.0
2022-09-13T21:51:27Z,run,2022-09-13T22:35:54Z,-8.03930845,-34.95819627,,128.0
2022-09-13T21:51:27Z,run,2022-09-13T22:35:55Z,-8.03930112,-34.95819461,,128.0
2022-09-13T21:51:27Z,run,2022-09-13T22:35:57Z,-8.03928579,-34.95819228,,128.0
2022-09-13T21:51:27Z,run,2022-09-13T22:35:59Z,-8.03921846,-34.95818762,,128.0
2022-09-13T21:51:27Z,run,2022-09-13T22:36:00Z,-8.0392138,-34.95818762,,128.0
2022-09-13T21:51:27Z,run,2022-09-13T22:36:01Z,-8.03920347,-34.95818794,,128.0
2022-09-13T21:51:27Z,run,2022-09-13T22:36:02Z,-8.03919015,-34.95818893,,127.0
2022-09-13T21:51:27Z,run,2022-09-13T22:36:03Z,-8.03917515,-34.95818993,86.0,126.0
2022-09-13T21:51:27Z,run,2022-09-13T22:36:04Z,-8.03915849,-34.95819025,87.0,126.0
2022-09-13T21:51:27Z,run,2022-09-13T22:36:05Z,-8.03913983,-34.95818926,87.0,126.0
2022-09-13T21:51:27Z,run,2022-09-13T22:36:06Z,-8.03911917,-34.9581876,87.0,126.0
2022-09-13T21:51:27Z,run,2022-09-13T22:36:07Z,-8.03909817,-34.95818593,88.0,126.0
2022-09-13T21:51:27Z,run,2022-09-13T22:36:08Z,-8.03907751,-34.9581836,87.0,127.0
2022-09-13T21:51:27Z,run,2022-09-13T22:36:09Z,-8.03905751,-34.95818094,87.0,127.0
2022-09-13T21:51:27Z,run,2022-09-13T22:36:10Z,-8.03903486,-34.95817761,87.0,127.0
2022-09-13T21:51:27Z,run,2022-09-13T22:36:11Z,-8.03901252,-34.95817395,87.0,124.0
2022-09-13T21:51:27Z,run,2022-09-13T22:36:12Z,-8.03898987,-34.95817063,87.0,124.0
2022-09-13T21:51:27Z,run,2022-09-13T22:36:13Z,-8.03896653,-34.95816697,87.0,124.0
2022-09-13T21:51:27Z,run,2022-09-13T22:36:14Z,-8.03894254,-34.9581633,88.0,124.0
2022-09-13T21:51:27Z,run,2022-09-13T22:36:15Z,-8.03891654,-34.95815865,87.0,124.0
2022-09-13T21:51:27Z,run,2022-09-13T22:36:16Z,-8.03889188,-34.95815565,87.0,124.0
2022-09-13T21:51:27Z,run,2022-09-13T22:36:17Z,-8.03886855,-34.95815466,87.0,124.0
2022-09-13T21:51:27Z,run,2022-09-13T22:36:18Z,-8.03884422,-34.958154,87.0,124.0
2022-09-13T21:51:27Z,run,2022-09-13T22:36:19Z,-8.03881989,-34.958154,87.0,124.0
2022-09-13T21:51:27Z,run,2022-09-13T22:36:20Z,-8.03879655,-34.95815334,87.0,124.0
2022-09-13T21:51:27Z,run,2022-09-13T22:36:21Z,-8.03877456,-34.95815268,87.0,124.0
2022-09-13T21:51:27Z,run,2022-09-13T22:36:22Z,-8.03875424,-34.95815002,88.0,124.0
2022-09-13T21:51:27Z,run,2022-09-13T22:36:23Z,-8.03873425,-34.95814569,88.0,127.0
2022-09-13T21:51:27Z,run,2022-09-13T22:36:24Z,-8.03871492,-34.95814135,88.0,127.0
2022-09-13T21:51:27Z,run,2022-09-13T22:36:25Z,-8.03869525,-34.95813736,88.0,128.0
2022-09-13T21:51:27Z,run,2022-09-13T22:36:26Z,-8.03867558,-34.95813471,88.0,128.0
2022-09-13T21:51:27Z,run,2022-09-13T22:36:27Z,-8.03865526,-34.95813172,87.0,128.0
2022-09-13T21:51:27Z,run,2022-09-13T22:36:28Z,-8.03863394,-34.95812873,87.0,128.0
2022-09-13T21:51:27Z,run,2022-09-13T22:36:29Z,-8.03861128,-34.95812339,87.0,128.0
2022-09-13T21:51:27Z,run,2022-09-13T22:36:30Z,-8.03858895,-34.95812007,87.0,128.0
2022-09-13T21:51:27Z,run,2022-09-13T22:36:31Z,-8.03856629,-34.9581174,88.0,127.0
2022-09-13T21:51:27Z,run,2022-09-13T22:36:32Z,-8.03854296,-34.9581154,88.0,127.0
2022-09-13T21:51:27Z,run,2022-09-13T22:36:33Z,-8.03851797,-34.95811241,88.0,127.0
2022-09-13T21:51:27Z,run,2022-09-13T22:36:34Z,-8.03849197,-34.95810842,88.0,127.0
2022-09-13T21:51:27Z,run,2022-09-13T22:36:35Z,-8.03846663,-34.95810543,88.0,128.0
2022-09-13T21:51:27Z,run,2022-09-13T22:36:36Z,-8.03844264,-34.95810244,88.0,128.0
2022-09-13T21:51:27Z,run,2022-09-13T22:36:37Z,-8.03842164,-34.95809911,87.0,128.0
2022-09-13T21:51:27Z,run,2022-09-13T22:36:38Z,-8.03839999,-34.95809545,87.0,129.0
2022-09-13T21:51:27Z,run,2022-09-13T22:36:39Z,-8.03837766,-34.95809113,88.0,130.0
2022-09-13T21:51:27Z,run,2022-09-13T22:36:40Z,-8.03835533,-34.95808746,88.0,130.0
2022-09-13T21:51:27Z,run,2022-09-13T22:36:41Z,-8.03833467,-34.95808414,88.0,131.0
2022-09-13T21:51:27Z,run,2022-09-13T22:36:42Z,-8.03831334,-34.95808147,88.0,131.0
2022-09-13T21:51:27Z,run,2022-09-13T22:36:43Z,-8.03829202,-34.95807848,88.0,131.0
2022-09-13T21:51:27Z,run,2022-09-13T22:36:44Z,-8.03827035,-34.95807549,88.0,132.0
2022-09-13T21:51:27Z,run,2022-09-13T22:36:45Z,-8.03824836,-34.95807349,88.0,132.0
2022-09-13T21:51:27Z,run,2022-09-13T22:36:46Z,-8.03822703,-34.95807217,88.0,133.0
2022-09-13T21:51:27Z,run,2022-09-13T22:36:47Z,-8.03820504,-34.95807117,88.0,133.0
2022-09-13T21:51:27Z,run,2022-09-13T22:36:48Z,-8.03818337,-34.95806885,88.0,133.0
2022-09-13T21:51:27Z,run,2022-09-13T22:36:49Z,-8.03816038,-34.95806685,87.0,132.0
2022-09-13T21:51:27Z,run,2022-09-13T22:36:50Z,-8.03813671,-34.95806319,87.0,132.0
2022-09-13T21:51:27Z,run,2022-09-13T22:36:51Z,-8.03811272,-34.95805986,86.0,132.0
2022-09-13T21:51:27Z,run,2022-09-13T22:36:52Z,-8.03808839,-34.95805653,86.0,131.0
2022-09-13T21:51:27Z,run,2022-09-13T22:36:53Z,-8.03806407,-34.9580542,86.0,130.0
2022-09-13T21:51:27Z,run,2022-09-13T22:36:54Z,-8.03804141,-34.95805354,86.0,130.0
2022-09-13T21:51:27Z,run,2022-09-13T22:36:55Z,-8.03802041,-34.95805454,86.0,130.0
2022-09-13T21:51:27Z,run,2022-09-13T22:36:56Z,-8.03800009,-34.95805487,87.0,131.0
2022-09-13T21:51:27Z,run,2022-09-13T22:36:57Z,-8.03797975,-34.9580542,87.0,131.0
2022-09-13T21:51:27Z,run,2022-09-13T22:36:58Z,-8.03795776,-34.95805321,87.0,131.0
2022-09-13T21:51:27Z,run,2022-09-13T22:36:59Z,-8.0379351,-34.95805155,87.0,131.0
2022-09-13T21:51:27Z,run,2022-09-13T22:37:00Z,-8.03791377,-34.95804789,88.0,131.0
2022-09-13T21:51:27Z,run,2022-09-13T22:37:01Z,-8.03789345,-34.95804522,88.0,131.0
2022-09-13T21:51:27Z,run,2022-09-13T22:37:02Z,-8.03787346,-34.95803955,88.0,131.0
2022-09-13T21:51:27Z,run,2022-09-13T22:37:03Z,-8.0378528,-34.95803455,88.0,131.0
2022-09-13T21:51:27Z,run,2022-09-13T22:37:04Z,-8.03783214,-34.95803056,88.0,131.0
2022-09-13T21:51:27Z,run,2022-09-13T22:37:05Z,-8.03781148,-34.95802691,88.0,131.0
2022-09-13T21:51:27Z,run,2022-09-13T22:37:06Z,-8.03778981,-34.95802291,87.0,132.0
2022-09-13T21:51:27Z,run,2022-09-13T22:37:07Z,-8.03776816,-34.95801958,87.0,132.0
2022-09-13T21:51:27Z,run,2022-09-13T22:37:08Z,-8.03774649,-34.95801725,88.0,133.0
2022-09-13T21:51:27Z,run,2022-09-13T22:37:09Z,-8.0377235,-34.95801458,88.0,134.0
2022-09-13T21:51:27Z,run,2022-09-13T22:37:10Z,-8.0376995,-34.95801193,88.0,134.0
2022-09-13T21:51:27Z,run,2022-09-13T22:37:11Z,-8.03767518,-34.95800894,88.0,135.0
2022-09-13T21:51:27Z,run,2022-09-13T22:37:12Z,-8.03765084,-34.95800461,87.0,133.0
2022-09-13T21:51:27Z,run,2022-09-13T22:37:13Z,-8.03762718,-34.95800095,87.0,133.0
2022-09-13T21:51:27Z,run,2022-09-13T22:37:14Z,-8.03760419,-34.95799762,87.0,133.0
2022-09-13T21:51:27Z,run,2022-09-13T22:37:15Z,-8.0375822,-34.95799397,87.0,134.0
2022-09-13T21:51:27Z,run,2022-09-13T22:37:16Z,-8.03755953,-34.95798963,87.0,134.0
2022-09-13T21:51:27Z,run,2022-09-13T22:37:17Z,-8.03753754,-34.95798631,87.0,134.0
2022-09-13T21:51:27Z,run,2022-09-13T22:37:18Z,-8.03751555,-34.95798398,87.0,133.0
2022-09-13T21:51:27Z,run,2022-09-13T22:37:19Z,-8.03749322,-34.95798265,87.0,133.0
2022-09-13T21:51:27Z,run,2022-09-13T22:37:20Z,-8.03746988,-34.95798099,87.0,133.0
2022-09-13T21:51:27Z,run,2022-09-13T22:37:21Z,-8.03744589,-34.95797733,87.0,133.0
2022-09-13T21:51:27Z,run,2022-09-13T22:37:22Z,-8.03742324,-34.95797266,87.0,133.0
2022-09-13T21:51:27Z,run,2022-09-13T22:37:23Z,-8.03739824,-34.95796767,87.0,132.0
2022-09-13T21:51:27Z,run,2022-09-13T22:37:24Z,-8.03737391,-34.95796601,87.0,131.0
2022-09-13T21:51:27Z,run,2022-09-13T22:37:25Z,-8.03734859,-34.95796434,87.0,131.0
2022-09-13T21:51:27Z,run,2022-09-13T22:37:26Z,-8.03732526,-34.95796335,86.0,131.0
2022-09-13T21:51:27Z,run,2022-09-13T22:37:27Z,-8.03730227,-34.95796036,86.0,130.0
2022-09-13T21:51:27Z,run,2022-09-13T22:37:28Z,-8.03727927,-34.95795469,86.0,129.0
2022-09-13T21:51:27Z,run,2022-09-13T22:37:29Z,-8.03725728,-34.95794804,86.0,129.0
2022-09-13T21:51:27Z,run,2022-09-13T22:37:30Z,-8.03723494,-34.95794037,87.0,129.0
2022-09-13T21:51:27Z,run,2022-09-13T22:37:31Z,-8.03721029,-34.95793304,87.0,129.0
2022-09-13T21:51:27Z,run,2022-09-13T22:37:32Z,-8.03718529,-34.95792705,87.0,129.0
2022-09-13T21:51:27Z,run,2022-09-13T22:37:33Z,-8.0371613,-34.95792239,87.0,129.0
2022-09-13T21:51:27Z,run,2022-09-13T22:37:34Z,-8.03713931,-34.95792206,86.0,129.0
2022-09-13T21:51:27Z,run,2022-09-13T22:37:35Z,-8.03711897,-34.95792406,86.0,129.0
2022-09-13T21:51:27Z,run,2022-09-13T22:37:36Z,-8.03709797,-34.95792738,87.0,129.0
2022-09-13T21:51:27Z,run,2022-09-13T22:37:37Z,-8.03707765,-34.95793071,87.0,129.0
2022-09-13T21:51:27Z,run,2022-09-13T22:37:38Z,-8.03705666,-34.9579337,87.0,129.0
2022-09-13T21:51:27Z,run,2022-09-13T22:37:39Z,-8.03703499,-34.95793503,87.0,129.0
2022-09-13T21:51:27Z,run,2022-09-13T22:37:40Z,-8.03701266,-34.95793336,86.0,129.0
2022-09-13T21:51:27Z,run,2022-09-13T22:37:41Z,-8.03699,-34.95792704,86.0,128.0
2022-09-13T21:51:27Z,run,2022-09-13T22:37:42Z,-8.03696668,-34.95791805,86.0,128.0
2022-09-13T21:51:27Z,run,2022-09-13T22:37:43Z,-8.03694335,-34.95790639,86.0,128.0
2022-09-13T21:51:27Z,run,2022-09-13T22:37:44Z,-8.03692069,-34.95789339,86.0,128.0
2022-09-13T21:51:27Z,run,2022-09-13T22:37:45Z,-8.03689537,-34.9578774,87.0,128.0
2022-09-13T21:51:27Z,run,2022-09-13T22:37:46Z,-8.03687038,-34.95786207,87.0,128.0
2022-09-13T21:51:27Z,run,2022-09-13T22:37:47Z,-8.03684538,-34.9578484,88.0,128.0
2022-09-13T21:51:27Z,run,2022-09-13T22:37:48Z,-8.03682305,-34.95783674,87.0,128.0
2022-09-13T21:51:27Z,run,2022-09-13T22:37:49Z,-8.03680072,-34.95782574,87.0,128.0
2022-09-13T21:51:27Z,run,2022-09-13T22:37:50Z,-8.03677939,-34.95781375,87.0,128.0
2022-09-13T21:51:27Z,run,2022-09-13T22:37:51Z,-8.0367564,-34.95780143,87.0,128.0
2022-09-13T21:51:27Z,run,2022-09-13T22:37:52Z,-8.03673273,-34.95778776,87.0,128.0
2022-09-13T21:51:27Z,run,2022-09-13T22:37:53Z,-8.03670907,-34.9577731,87.0,128.0
2022-09-13T21:51:27Z,run,2022-09-13T22:37:54Z,-8.03668707,-34.95776044,86.0,127.0
2022-09-13T21:51:27Z,run,2022-09-13T22:37:55Z,-8.03666542,-34.95774878,86.0,127.0
2022-09-13T21:51:27Z,run,2022-09-13T22:37:56Z,-8.03664176,-34.95773878,86.0,127.0
2022-09-13T21:51:27Z,run,2022-09-13T22:37:57Z,-8.03662277,-34.95772812,86.0,128.0
2022-09-13T21:51:27Z,run,2022-09-13T22:37:58Z,-8.03660744,-34.95771713,86.0,128.0
2022-09-13T21:51:27Z,run,2022-09-13T22:38:55Z,-8.03693076,-34.95788812,86.0,124.0
2022-09-13T21:51:27Z,run,2022-09-13T22:38:56Z,-8.03693476,-34.95788945,86.0,124.0
2022-09-13T21:51:27Z,run,2022-09-13T22:38:57Z,-8.03694209,-34.95789144,86.0,124.0
2022-09-13T21:51:27Z,run,2022-09-13T22:38:58Z,-8.03695708,-34.95789611,,124.0
2022-09-13T21:51:27Z,run,2022-09-13T22:38:59Z,-8.03697207,-34.95789976,,126.0
2022-09-13T21:51:27Z,run,2022-09-13T22:39:01Z,-8.03704074,-34.95790976,,123.0
2022-09-13T21:51:27Z,run,2022-09-13T22:39:02Z,-8.03704641,-34.95791009,,123.0
2022-09-13T21:51:27Z,run,2022-09-13T22:39:03Z,-8.03705973,-34.95791074,,122.0
2022-09-13T21:51:27Z,run,2022-09-13T22:39:04Z,-8.0370774,-34.95791141,,122.0
2022-09-13T21:51:27Z,run,2022-09-13T22:39:05Z,-8.03709639,-34.95791074,,122.0
2022-09-13T21:51:27Z,run,2022-09-13T22:39:06Z,-8.03711739,-34.95791107,,125.0
2022-09-13T21:51:27Z,run,2022-09-13T22:39:07Z,-8.03713838,-34.95790941,87.0,126.0
2022-09-13T21:51:27Z,run,2022-09-13T22:39:08Z,-8.03716038,-34.95790842,87.0,126.0
2022-09-13T21:51:27Z,run,2022-09-13T22:39:09Z,-8.03718237,-34.95790809,87.0,129.0
2022-09-13T21:51:27Z,run,2022-09-13T22:39:10Z,-8.03720569,-34.95791242,87.0,131.0
2022-09-13T21:51:27Z,run,2022-09-13T22:39:11Z,-8.03723036,-34.95791608,87.0,131.0
2022-09-13T21:51:27Z,run,2022-09-13T22:39:12Z,-8.03725602,-34.9579194,87.0,130.0
2022-09-13T21:51:27Z,run,2022-09-13T22:39:13Z,-8.03728202,-34.95792307,87.0,129.0
2022-09-13T21:51:27Z,run,2022-09-13T22:39:14Z,-8.03730568,-34.95792806,87.0,129.0
2022-09-13T21:51:27Z,run,2022-09-13T22:39:15Z,-8.03733001,-34.95793172,87.0,129.0
2022-09-13T21:51:27Z,run,2022-09-13T22:39:16Z,-8.03735368,-34.95793439,87.0,128.0
2022-09-13T21:51:27Z,run,2022-09-13T22:39:17Z,-8.037378,-34.95793871,87.0,128.0
2022-09-13T21:51:27Z,run,2022-09-13T22:39:18Z,-8.03740234,-34.95794505,87.0,128.0
2022-09-13T21:51:27Z,run,2022-09-13T22:39:19Z,-8.03742566,-34.95795237,87.0,128.0
2022-09-13T21:51:27Z,run,2022-09-13T22:39:20Z,-8.03744866,-34.9579597,87.0,128.0
2022-09-13T21:51:27Z,run,2022-09-13T22:39:21Z,-8.03747099,-34.95796569,86.0,127.0
2022-09-13T21:51:27Z,run,2022-09-13T22:39:22Z,-8.03749532,-34.95796968,86.0,126.0
2022-09-13T21:51:27Z,run,2022-09-13T22:39:23Z,-8.03752164,-34.95797168,86.0,126.0
2022-09-13T21:51:27Z,run,2022-09-13T22:39:24Z,-8.03754631,-34.95797368,86.0,127.0
2022-09-13T21:51:27Z,run,2022-09-13T22:39:25Z,-8.0375703,-34.95797302,86.0,127.0
2022-09-13T21:51:27Z,run,2022-09-13T22:39:26Z,-8.03759363,-34.95797169,86.0,127.0
2022-09-13T21:51:27Z,run,2022-09-13T22:39:27Z,-8.03761562,-34.95797003,87.0,126.0
2022-09-13T21:51:27Z,run,2022-09-13T22:39:28Z,-8.03763628,-34.95796937,87.0,126.0
2022-09-13T21:51:27Z,run,2022-09-13T22:39:29Z,-8.03765861,-34.95797104,87.0,126.0
2022-09-13T21:51:27Z,run,2022-09-13T22:39:30Z,-8.03768161,-34.95797269,86.0,125.0
2022-09-13T21:51:27Z,run,2022-09-13T22:39:31Z,-8.03770527,-34.95797836,87.0,125.0
2022-09-13T21:51:27Z,run,2022-09-13T22:39:32Z,-8.0377276,-34.95798469,87.0,125.0
2022-09-13T21:51:27Z,run,2022-09-13T22:39:33Z,-8.03774993,-34.95799003,87.0,127.0
2022-09-13T21:51:27Z,run,2022-09-13T22:39:34Z,-8.03777126,-34.95799468,87.0,127.0
2022-09-13T21:51:27Z,run,2022-09-13T22:39:35Z,-8.03779359,-34.95799868,87.0,127.0
2022-09-13T21:51:27Z,run,2022-09-13T22:39:36Z,-8.03781826,-34.95800201,87.0,128.0
2022-09-13T21:51:27Z,run,2022-09-13T22:39:37Z,-8.03784225,-34.95800566,88.0,128.0
2022-09-13T21:51:27Z,run,2022-09-13T22:39:38Z,-8.03786624,-34.95800733,88.0,129.0
2022-09-13T21:51:27Z,run,2022-09-13T22:39:39Z,-8.03789124,-34.95800932,88.0,129.0
2022-09-13T21:51:27Z,run,2022-09-13T22:39:40Z,-8.03791556,-34.95801199,88.0,129.0
2022-09-13T21:51:27Z,run,2022-09-13T22:39:41Z,-8.03793956,-34.95801332,88.0,130.0
2022-09-13T21:51:27Z,run,2022-09-13T22:39:42Z,-8.03796322,-34.95801532,88.0,131.0
2022-09-13T21:51:27Z,run,2022-09-13T22:39:43Z,-8.03798588,-34.95801664,87.0,131.0
2022-09-13T21:51:27Z,run,2022-09-13T22:39:44Z,-8.03800921,-34.95801763,88.0,132.0
2022-09-13T21:51:27Z,run,2022-09-13T22:39:45Z,-8.03803187,-34.9580193,88.0,132.0
2022-09-13T21:51:27Z,run,2022-09-13T22:39:46Z,-8.0380532,-34.9580243,88.0,132.0
2022-09-13T21:51:27Z,run,2022-09-13T22:39:47Z,-8.03807352,-34.95802997,88.0,132.0
2022-09-13T21:51:27Z,run,2022-09-13T22:39:48Z,-8.03809551,-34.95803562,87.0,132.0
2022-09-13T21:51:27Z,run,2022-09-13T22:39:49Z,-8.03811784,-34.95804195,87.0,132.0
2022-09-13T21:51:27Z,run,2022-09-13T22:39:50Z,-8.03814118,-34.95804827,87.0,131.0
2022-09-13T21:51:27Z,run,2022-09-13T22:39:51Z,-8.03816484,-34.9580546,87.0,131.0
2022-09-13T21:51:27Z,run,2022-09-13T22:39:52Z,-8.0381885,-34.95806059,87.0,131.0
2022-09-13T21:51:27Z,run,2022-09-13T22:39:53Z,-8.0382115,-34.95806558,87.0,132.0
2022-09-13T21:51:27Z,run,2022-09-13T22:39:54Z,-8.03823416,-34.95806892,88.0,132.0
2022-09-13T21:51:27Z,run,2022-09-13T22:39:55Z,-8.03825581,-34.95807091,87.0,132.0
2022-09-13T21:51:27Z,run,2022-09-13T22:39:56Z,-8.03827815,-34.95807257,87.0,131.0
2022-09-13T21:51:27Z,run,2022-09-13T22:39:57Z,-8.03829947,-34.95807491,87.0,131.0
2022-09-13T21:51:27Z,run,2022-09-13T22:39:58Z,-8.03832314,-34.9580779,88.0,130.0
2022-09-13T21:51:27Z,run,2022-09-13T22:39:59Z,-8.0383468,-34.95808122,88.0,129.0
2022-09-13T21:51:27Z,run,2022-09-13T22:40:00Z,-8.03837113,-34.95808454,88.0,128.0
2022-09-13T21:51:27Z,run,2022-09-13T22:40:01Z,-8.03839479,-34.9580882,88.0,128.0
2022-09-13T21:51:27Z,run,2022-09-13T22:40:02Z,-8.03841912,-34.95809253,88.0,128.0
2022-09-13T21:51:27Z,run,2022-09-13T22:40:03Z,-8.03844345,-34.95809687,88.0,128.0
2022-09-13T21:51:27Z,run,2022-09-13T22:40:04Z,-8.03846812,-34.95810219,88.0,128.0
2022-09-13T21:51:27Z,run,2022-09-13T22:40:05Z,-8.03849245,-34.95810719,88.0,128.0
2022-09-13T21:51:27Z,run,2022-09-13T22:40:06Z,-8.03851744,-34.95811286,87.0,128.0
2022-09-13T21:51:27Z,run,2022-09-13T22:40:07Z,-8.03854276,-34.95811885,88.0,127.0
2022-09-13T21:51:27Z,run,2022-09-13T22:40:08Z,-8.03856776,-34.95812484,89.0,126.0
2022-09-13T21:51:27Z,run,2022-09-13T22:40:09Z,-8.03859209,-34.95812984,89.0,126.0
2022-09-13T21:51:27Z,run,2022-09-13T22:40:10Z,-8.03861374,-34.9581335,89.0,127.0
2022-09-13T21:51:27Z,run,2022-09-13T22:40:11Z,-8.03863507,-34.95813749,88.0,128.0
2022-09-13T21:51:27Z,run,2022-09-13T22:40:12Z,-8.0386564,-34.95814082,88.0,128.0
2022-09-13T21:51:27Z,run,2022-09-13T22:40:13Z,-8.03867939,-34.95814248,88.0,127.0
2022-09-13T21:51:27Z,run,2022-09-13T22:40:14Z,-8.03870372,-34.95814414,88.0,127.0
2022-09-13T21:51:27Z,run,2022-09-13T22:40:15Z,-8.03872872,-34.95814481,88.0,127.0
2022-09-13T21:51:27Z,run,2022-09-13T22:40:16Z,-8.03875405,-34.95814513,88.0,127.0
2022-09-13T21:51:27Z,run,2022-09-13T22:40:17Z,-8.03877937,-34.95814812,88.0,127.0
2022-09-13T21:51:27Z,run,2022-09-13T22:40:18Z,-8.0388037,-34.95815178,88.0,128.0
2022-09-13T21:51:27Z,run,2022-09-13T22:40:19Z,-8.03882704,-34.95815543,88.0,129.0
2022-09-13T21:51:27Z,run,2022-09-13T22:40:20Z,-8.03885103,-34.95815977,88.0,128.0
2022-09-13T21:51:27Z,run,2022-09-13T22:40:21Z,-8.03887436,-34.95816342,88.0,128.0
2022-09-13T21:51:27Z,run,2022-09-13T22:40:22Z,-8.03889702,-34.95816609,88.0,128.0
2022-09-13T21:51:27Z,run,2022-09-13T22:40:23Z,-8.03892034,-34.95816975,88.0,128.0
2022-09-13T21:51:27Z,run,2022-09-13T22:40:24Z,-8.03894533,-34.95817441,88.0,128.0
2022-09-13T21:51:27Z,run,2022-09-13T22:40:25Z,-8.03896933,-34.95817875,88.0,128.0
2022-09-13T21:51:27Z,run,2022-09-13T22:40:26Z,-8.03899199,-34.95818207,88.0,128.0
2022-09-13T21:51:27Z,run,2022-09-13T22:40:27Z,-8.03901498,-34.95818606,88.0,128.0
2022-09-13T21:51:27Z,run,2022-09-13T22:40:28Z,-8.03903798,-34.95818973,87.0,128.0
2022-09-13T21:51:27Z,run,2022-09-13T22:40:29Z,-8.03906098,-34.95819405,88.0,127.0
2022-09-13T21:51:27Z,run,2022-09-13T22:40:34Z,-8.03921697,-34.95824105,87.0,127.0
2022-09-13T21:51:27Z,run,2022-09-13T22:40:35Z,-8.03921962,-34.95824537,87.0,127.0
2022-09-13T21:51:27Z,run,2022-09-13T22:40:36Z,-8.03922662,-34.95825471,87.0,127.0
2022-09-13T21:51:27Z,run,2022-09-13T22:40:37Z,-8.03923529,-34.95826736,87.0,127.0
2022-09-13T21:51:27Z,run,2022-09-13T22:40:38Z,-8.03924595,-34.95828303,87.0,128.0
2022-09-13T21:51:27Z,run,2022-09-13T22:40:39Z,-8.03925694,-34.95830002,87.0,126.0
2022-09-13T21:51:27Z,run,2022-09-13T22:40:40Z,-8.03926727,-34.95831701,87.0,126.0
2022-09-13T21:51:27Z,run,2022-09-13T22:40:41Z,-8.03927427,-34.95833301,87.0,126.0
2022-09-13T21:51:27Z,run,2022-09-13T22:40:42Z,-8.03927926,-34.95834967,87.0,126.0
2022-09-13T21:51:27Z,run,2022-09-13T22:40:43Z,-8.03928292,-34.95836932,87.0,125.0
2022-09-13T21:51:27Z,run,2022-09-13T22:40:44Z,-8.03928357,-34.95839099,87.0,125.0
2022-09-13T21:51:27Z,run,2022-09-13T22:40:45Z,-8.03928192,-34.95841131,87.0,124.0
2022-09-13T21:51:27Z,run,2022-09-13T22:40:46Z,-8.03927925,-34.95843198,87.0,124.0
2022-09-13T21:51:27Z,run,2022-09-13T22:40:47Z,-8.03927659,-34.9584523,87.0,125.0
2022-09-13T21:51:27Z,run,2022-09-13T22:40:48Z,-8.03927359,-34.95847296,87.0,125.0
2022-09-13T21:51:27Z,run,2022-09-13T22:40:49Z,-8.03927127,-34.95849463,87.0,125.0
2022-09-13T21:51:27Z,run,2022-09-13T22:40:50Z,-8.03926927,-34.95851762,87.0,126.0
2022-09-13T21:51:27Z,run,2022-09-13T22:40:51Z,-8.03926828,-34.95854027,87.0,126.0
2022-09-13T21:51:27Z,run,2022-09-13T22:40:52Z,-8.03926795,-34.9585636,87.0,126.0
2022-09-13T21:51:27Z,run,2022-09-13T22:40:53Z,-8.0392686,-34.9585866,86.0,126.0
2022-09-13T21:51:27Z,run,2022-09-13T22:40:54Z,-8.0392696,-34.95860925,86.0,126.0
2022-09-13T21:51:27Z,run,2022-09-13T22:40:55Z,-8.03927093,-34.95863224,86.0,126.0
2022-09-13T21:51:27Z,run,2022-09-13T22:40:56Z,-8.03927225,-34.95865523,86.0,127.0
2022-09-13T21:51:27Z,run,2022-09-13T22:40:57Z,-8.03927425,-34.95867789,87.0,128.0
2022-09-13T21:51:27Z,run,2022-09-13T22:40:58Z,-8.03927658,-34.95869989,87.0,128.0
2022-09-13T21:51:27Z,run,2022-09-13T22:40:59Z,-8.03927991,-34.95872255,88.0,129.0
2022-09-13T21:51:27Z,run,2022-09-13T22:41:00Z,-8.03928423,-34.95874455,88.0,147.0
2022-09-13T21:51:27Z,run,2022-09-13T22:41:01Z,-8.0392869,-34.95876688,87.0,160.0
2022-09-13T21:51:27Z,run,2022-09-13T22:41:02Z,-8.0392889,-34.95878987,87.0,165.0
2022-09-13T21:51:27Z,run,2022-09-13T22:41:03Z,-8.03929055,-34.95881353,87.0,164.0
2022-09-13T21:51:27Z,run,2022-09-13T22:41:04Z,-8.03929023,-34.95883719,87.0,164.0
2022-09-13T21:51:27Z,run,2022-09-13T22:41:05Z,-8.03928923,-34.95886118,88.0,164.0
2022-09-13T21:51:27Z,run,2022-09-13T22:41:06Z,-8.03928657,-34.95888417,88.0,164.0
2022-09-13T21:51:27Z,run,2022-09-13T22:41:07Z,-8.03928357,-34.95890651,88.0,164.0
2022-09-13T21:51:27Z,run,2022-09-13T22:41:08Z,-8.03927892,-34.95892684,88.0,165.0
2022-09-13T21:51:27Z,run,2022-09-13T22:41:09Z,-8.03927492,-34.95894716,88.0,165.0
2022-09-13T21:51:27Z,run,2022-09-13T22:41:10Z,-8.03927126,-34.95896815,88.0,165.0
2022-09-13T21:51:27Z,run,2022-09-13T22:41:11Z,-8.0392676,-34.95898915,90.0,166.0
2022-09-13T21:51:27Z,run,2022-09-13T22:41:12Z,-8.0392636,-34.95901048,87.0,166.0
2022-09-13T21:51:27Z,run,2022-09-13T22:41:13Z,-8.03925795,-34.95903081,89.0,165.0
2022-09-13T21:51:27Z,run,2022-09-13T22:41:14Z,-8.03925328,-34.9590508,87.0,165.0
2022-09-13T21:51:27Z,run,2022-09-13T22:41:15Z,-8.03924995,-34.95907212,87.0,166.0
2022-09-13T21:51:27Z,run,2022-09-13T22:41:16Z,-8.03924896,-34.95909511,87.0,166.0
2022-09-13T21:51:27Z,run,2022-09-13T22:41:17Z,-8.03924829,-34.95911945,87.0,167.0
2022-09-13T21:51:27Z,run,2022-09-13T22:41:18Z,-8.03924928,-34.95914477,87.0,167.0
2022-09-13T21:51:27Z,run,2022-09-13T22:41:19Z,-8.03925028,-34.95917144,88.0,167.0
2022-09-13T21:51:27Z,run,2022-09-13T22:41:20Z,-8.03925194,-34.95919909,88.0,168.0
2022-09-13T21:51:27Z,run,2022-09-13T22:41:21Z,-8.03925227,-34.95922643,88.0,168.0
2022-09-13T21:51:27Z,run,2022-09-13T22:41:22Z,-8.03924927,-34.95925275,88.0,168.0
2022-09-13T21:51:27Z,run,2022-09-13T22:41:23Z,-8.03924595,-34.95927875,88.0,168.0
2022-09-13T21:51:27Z,run,2022-09-13T22:41:24Z,-8.03924229,-34.95930441,88.0,168.0
2022-09-13T21:51:27Z,run,2022-09-13T22:41:25Z,-8.03923896,-34.95932773,88.0,168.0
2022-09-13T21:51:27Z,run,2022-09-13T22:41:26Z,-8.03923663,-34.9593524,88.0,168.0
2022-09-13T21:51:27Z,run,2022-09-13T22:41:27Z,-8.0392333,-34.95937673,88.0,168.0
2022-09-13T21:51:27Z,run,2022-09-13T22:41:28Z,-8.03922997,-34.95940105,88.0,168.0
2022-09-13T21:51:27Z,run,2022-09-13T22:41:29Z,-8.03922863,-34.95942539,88.0,168.0
2022-09-13T21:51:27Z,run,2022-09-13T22:41:30Z,-8.03922631,-34.95944904,88.0,166.0
2022-09-13T21:51:27Z,run,2022-09-13T22:41:31Z,-8.03922332,-34.95947138,88.0,166.0
2022-09-13T21:51:27Z,run,2022-09-13T22:41:32Z,-8.03921932,-34.95949403,88.0,165.0
2022-09-13T21:51:27Z,run,2022-09-13T22:41:33Z,-8.03921766,-34.95951903,88.0,165.0
2022-09-13T21:51:27Z,run,2022-09-13T22:41:34Z,-8.03921666,-34.95954469,88.0,164.0
2022-09-13T21:51:27Z,run,2022-09-13T22:41:35Z,-8.03921501,-34.95957136,88.0,164.0
2022-09-13T21:51:27Z,run,2022-09-13T22:41:36Z,-8.03921467,-34.95959668,88.0,165.0
2022-09-13T21:51:27Z,run,2022-09-13T22:41:37Z,-8.03921302,-34.95962034,87.0,165.0
2022-09-13T21:51:27Z,run,2022-09-13T22:41:38Z,-8.03920902,-34.95964234,87.0,165.0
2022-09-13T21:51:27Z,run,2022-09-13T22:41:39Z,-8.03920335,-34.95966366,88.0,165.0
2022-09-13T21:51:27Z,run,2022-09-13T22:41:40Z,-8.03919802,-34.95968499,88.0,166.0
2022-09-13T21:51:27Z,run,2022-09-13T22:41:41Z,-8.03919203,-34.95970599,88.0,166.0
2022-09-13T21:51:27Z,run,2022-09-13T22:41:42Z,-8.03918603,-34.95972665,88.0,166.0
2022-09-13T21:51:27Z,run,2022-09-13T22:41:43Z,-8.0391807,-34.95974898,88.0,166.0
2022-09-13T21:51:27Z,run,2022-09-13T22:41:44Z,-8.03917737,-34.95977264,87.0,166.0
2022-09-13T21:51:27Z,run,2022-09-13T22:41:45Z,-8.03917337,-34.9597953,87.0,166.0
2022-09-13T21:51:27Z,run,2022-09-13T22:41:46Z,-8.03917138,-34.95981763,87.0,167.0
2022-09-13T21:51:27Z,run,2022-09-13T22:41:47Z,-8.03917105,-34.95984096,87.0,167.0
2022-09-13T21:51:27Z,run,2022-09-13T22:41:48Z,-8.03917072,-34.95986662,87.0,167.0
2022-09-13T21:51:27Z,run,2022-09-13T22:41:49Z,-8.03916773,-34.95989061,87.0,168.0
2022-09-13T21:51:27Z,run,2022-09-13T22:41:50Z,-8.0391614,-34.95991428,86.0,169.0
2022-09-13T21:51:27Z,run,2022-09-13T22:41:51Z,-8.03915074,-34.95993527,86.0,169.0
2022-09-13T21:51:27Z,run,2022-09-13T22:41:52Z,-8.03913675,-34.95995492,85.0,170.0
2022-09-13T21:51:27Z,run,2022-09-13T22:41:53Z,-8.03912042,-34.95997325,85.0,170.0
2022-09-13T21:51:27Z,run,2022-09-13T22:41:54Z,-8.0390991,-34.95998825,85.0,171.0
2022-09-13T21:51:27Z,run,2022-09-13T22:41:55Z,-8.03907443,-34.96000158,85.0,171.0
2022-09-13T21:51:27Z,run,2022-09-13T22:41:56Z,-8.03904677,-34.96001257,86.0,171.0
2022-09-13T21:51:27Z,run,2022-09-13T22:41:57Z,-8.03901945,-34.96002224,86.0,171.0
2022-09-13T21:51:27Z,run,2022-09-13T22:41:58Z,-8.03899345,-34.9600299,86.0,172.0
2022-09-13T21:51:27Z,run,2022-09-13T22:41:59Z,-8.03896946,-34.96003589,86.0,172.0
2022-09-13T21:51:27Z,run,2022-09-13T22:42:00Z,-8.03894613,-34.96003955,86.0,172.0
2022-09-13T21:51:27Z,run,2022-09-13T22:42:01Z,-8.03892513,-34.96004321,86.0,172.0
2022-09-13T21:51:27Z,run,2022-09-13T22:42:02Z,-8.0389038,-34.96004654,86.0,172.0
2022-09-13T21:51:27Z,run,2022-09-13T22:42:03Z,-8.03888315,-34.96005153,85.0,172.0
2022-09-13T21:51:27Z,run,2022-09-13T22:42:04Z,-8.03886182,-34.9600572,84.0,172.0
2022-09-13T21:51:27Z,run,2022-09-13T22:42:05Z,-8.03884116,-34.96006319,84.0,172.0
2022-09-13T21:51:27Z,run,2022-09-13T22:42:06Z,-8.03882016,-34.96006985,84.0,172.0
2022-09-13T21:51:27Z,run,2022-09-13T22:42:07Z,-8.03879883,-34.96007785,85.0,171.0
2022-09-13T21:51:27Z,run,2022-09-13T22:42:08Z,-8.03877751,-34.96008551,85.0,170.0
2022-09-13T21:51:27Z,run,2022-09-13T22:42:09Z,-8.03875719,-34.96009417,85.0,170.0
2022-09-13T21:51:27Z,run,2022-09-13T22:42:10Z,-8.03873785,-34.96010517,85.0,170.0
2022-09-13T21:51:27Z,run,2022-09-13T22:42:11Z,-8.0387192,-34.96011717,85.0,170.0
2022-09-13T21:51:27Z,run,2022-09-13T22:42:12Z,-8.0386992,-34.96013016,85.0,171.0
2022-09-13T21:51:27Z,run,2022-09-13T22:42:13Z,-8.03867787,-34.96014049,86.0,169.0
2022-09-13T21:51:27Z,run,2022-09-13T22:42:14Z,-8.03865622,-34.96015049,86.0,169.0
2022-09-13T21:51:27Z,run,2022-09-13T22:42:15Z,-8.03863356,-34.96015915,87.0,169.0
2022-09-13T21:51:27Z,run,2022-09-13T22:42:16Z,-8.03861123,-34.9601678,86.0,169.0
2022-09-13T21:51:27Z,run,2022-09-13T22:42:17Z,-8.03858956,-34.96017513,85.0,169.0
2022-09-13T21:51:27Z,run,2022-09-13T22:42:18Z,-8.0385679,-34.96018213,85.0,169.0
2022-09-13T21:51:27Z,run,2022-09-13T22:42:19Z,-8.03854758,-34.96019245,85.0,170.0
2022-09-13T21:51:27Z,run,2022-09-13T22:42:20Z,-8.03852825,-34.96020478,85.0,171.0
2022-09-13T21:51:27Z,run,2022-09-13T22:42:21Z,-8.03850926,-34.96021812,86.0,171.0
2022-09-13T21:51:27Z,run,2022-09-13T22:42:22Z,-8.03848893,-34.96022977,86.0,171.0
2022-09-13T21:51:27Z,run,2022-09-13T22:42:23Z,-8.03846793,-34.9602391,86.0,172.0
2022-09-13T21:51:27Z,run,2022-09-13T22:42:24Z,-8.03844593,-34.9602471,86.0,172.0
2022-09-13T21:51:27Z,run,2022-09-13T22:42:25Z,-8.03842461,-34.96025543,86.0,173.0
2022-09-13T21:51:27Z,run,2022-09-13T22:42:26Z,-8.03840228,-34.9602631,86.0,170.0
2022-09-13T21:51:27Z,run,2022-09-13T22:42:27Z,-8.03837829,-34.96027143,87.0,167.0
2022-09-13T21:51:27Z,run,2022-09-13T22:42:27Z,-8.03835595,-34.96028042,87.0,167.0
2022-09-13T21:51:27Z,run,2022-09-13T22:42:28Z,-8.03833296,-34.96028808,87.0,165.0
2022-09-13T21:51:27Z,run,2022-09-13T22:42:29Z,-8.03831131,-34.96029474,87.0,165.0
2022-09-13T21:51:27Z,run,2022-09-13T22:42:30Z,-8.03828964,-34.9602994,87.0,165.0
2022-09-13T21:51:27Z,run,2022-09-13T22:42:31Z,-8.03826531,-34.96030273,87.0,165.0
2022-09-13T21:51:27Z,run,2022-09-13T22:42:32Z,-8.03823931,-34.96030406,87.0,165.0
2022-09-13T21:51:27Z,run,2022-09-13T22:42:33Z,-8.03821232,-34.96030406,87.0,165.0
2022-09-13T21:51:27Z,run,2022-09-13T22:42:34Z,-8.03818432,-34.9603034,87.0,165.0
2022-09-13T21:51:27Z,run,2022-09-13T22:42:35Z,-8.03815566,-34.96029907,87.0,165.0
2022-09-13T21:51:27Z,run,2022-09-13T22:42:36Z,-8.03812766,-34.96029408,87.0,165.0
2022-09-13T21:51:27Z,run,2022-09-13T22:42:37Z,-8.03810133,-34.96028674,87.0,165.0
2022-09-13T21:51:27Z,run,2022-09-13T22:42:38Z,-8.03807767,-34.96027874,88.0,166.0
2022-09-13T21:51:27Z,run,2022-09-13T22:42:39Z,-8.03805434,-34.96026774,87.0,166.0
2022-09-13T21:51:27Z,run,2022-09-13T22:42:40Z,-8.03803068,-34.96025909,87.0,167.0
2022-09-13T21:51:27Z,run,2022-09-13T22:42:41Z,-8.03800736,-34.96025243,87.0,167.0
2022-09-13T21:51:27Z,run,2022-09-13T22:42:42Z,-8.03798436,-34.96024843,87.0,167.0
2022-09-13T21:51:27Z,run,2022-09-13T22:42:43Z,-8.0379617,-34.96024744,87.0,167.0
2022-09-13T21:51:27Z,run,2022-09-13T22:42:44Z,-8.03794003,-34.96024843,87.0,167.0
2022-09-13T21:51:27Z,run,2022-09-13T22:42:45Z,-8.0379177,-34.96024943,87.0,167.0
2022-09-13T21:51:27Z,run,2022-09-13T22:42:46Z,-8.03789471,-34.96025142,88.0,168.0
2022-09-13T21:51:27Z,run,2022-09-13T22:42:47Z,-8.03787104,-34.96025309,88.0,168.0
2022-09-13T21:51:27Z,run,2022-09-13T22:42:48Z,-8.03784504,-34.96025674,87.0,168.0
2022-09-13T21:51:27Z,run,2022-09-13T22:42:49Z,-8.03782105,-34.96026208,87.0,168.0
2022-09-13T21:51:27Z,run,2022-09-13T22:42:50Z,-8.03779706,-34.96026741,87.0,168.0
2022-09-13T21:51:27Z,run,2022-09-13T22:42:51Z,-8.0377734,-34.96027107,87.0,168.0
2022-09-13T21:51:27Z,run,2022-09-13T22:42:52Z,-8.03775006,-34.96027473,87.0,168.0
2022-09-13T21:51:27Z,run,2022-09-13T22:42:53Z,-8.03772741,-34.96027872,87.0,168.0
2022-09-13T21:51:27Z,run,2022-09-13T22:42:54Z,-8.03770475,-34.96028205,87.0,168.0
2022-09-13T21:51:27Z,run,2022-09-13T22:42:55Z,-8.03768209,-34.96028405,87.0,168.0
2022-09-13T21:51:27Z,run,2022-09-13T22:42:56Z,-8.03765976,-34.96028504,87.0,169.0
2022-09-13T21:51:27Z,run,2022-09-13T22:42:57Z,-8.0376371,-34.96028405,87.0,170.0
2022-09-13T21:51:27Z,run,2022-09-13T22:42:58Z,-8.03761477,-34.96028272,87.0,171.0
2022-09-13T21:51:27Z,run,2022-09-13T22:42:59Z,-8.03759211,-34.96027906,87.0,171.0
2022-09-13T21:51:27Z,run,2022-09-13T22:43:00Z,-8.03756978,-34.96027473,87.0,172.0
2022-09-13T21:51:27Z,run,2022-09-13T22:43:01Z,-8.03754611,-34.9602684,87.0,173.0
2022-09-13T21:51:27Z,run,2022-09-13T22:43:02Z,-8.03752245,-34.96026241,87.0,174.0
2022-09-13T21:51:27Z,run,2022-09-13T22:43:03Z,-8.03749979,-34.96025909,87.0,174.0
2022-09-13T21:51:27Z,run,2022-09-13T22:43:04Z,-8.03747879,-34.96025675,87.0,176.0
2022-09-13T21:51:27Z,run,2022-09-13T22:43:05Z,-8.03746047,-34.96025442,87.0,176.0
2022-09-13T21:51:27Z,run,2022-09-13T22:43:06Z,-8.03744248,-34.96025276,87.0,175.0
2022-09-13T21:51:27Z,run,2022-09-13T22:43:07Z,-8.03742115,-34.96024843,87.0,175.0
2022-09-13T21:51:27Z,run,2022-09-13T22:43:08Z,-8.03739749,-34.96024544,87.0,174.0
2022-09-13T21:51:27Z,run,2022-09-13T22:43:09Z,-8.03737349,-34.96024378,87.0,174.0
2022-09-13T21:51:27Z,run,2022-09-13T22:43:10Z,-8.0373505,-34.96024477,87.0,174.0
2022-09-13T21:51:27Z,run,2022-09-13T22:43:11Z,-8.03732816,-34.96025044,87.0,174.0
2022-09-13T21:51:27Z,run,2022-09-13T22:43:12Z,-8.03730651,-34.96025744,87.0,174.0
2022-09-13T21:51:27Z,run,2022-09-13T22:43:13Z,-8.03728485,-34.96026376,87.0,175.0
2022-09-13T21:51:27Z,run,2022-09-13T22:43:14Z,-8.03726285,-34.96026742,87.0,175.0
2022-09-13T21:51:27Z,run,2022-09-13T22:43:15Z,-8.03724153,-34.96026909,87.0,175.0
2022-09-13T21:51:27Z,run,2022-09-13T22:43:16Z,-8.03721919,-34.96026941,87.0,175.0
2022-09-13T21:51:27Z,run,2022-09-13T22:43:17Z,-8.03719587,-34.96027007,87.0,176.0
2022-09-13T21:51:27Z,run,2022-09-13T22:43:18Z,-8.03717221,-34.96026974,87.0,176.0
2022-09-13T21:51:27Z,run,2022-09-13T22:43:19Z,-8.03714822,-34.96026709,87.0,176.0
2022-09-13T21:51:27Z,run,2022-09-13T22:43:20Z,-8.03712456,-34.96026442,87.0,176.0
2022-09-13T21:51:27Z,run,2022-09-13T22:43:21Z,-8.03709989,-34.96025909,87.0,176.0
2022-09-13T21:51:27Z,run,2022-09-13T22:43:22Z,-8.03707556,-34.96025243,88.0,176.0
2022-09-13T21:51:27Z,run,2022-09-13T22:43:23Z,-8.03705189,-34.9602441,88.0,176.0
2022-09-13T21:51:27Z,run,2022-09-13T22:43:24Z,-8.03702857,-34.96023576,88.0,176.0
2022-09-13T21:51:27Z,run,2022-09-13T22:43:25Z,-8.03700624,-34.9602251,88.0,176.0
2022-09-13T21:51:27Z,run,2022-09-13T22:43:26Z,-8.03698491,-34.96021443,87.0,176.0
2022-09-13T21:51:27Z,run,2022-09-13T22:43:27Z,-8.03696325,-34.96020311,87.0,176.0
2022-09-13T21:51:27Z,run,2022-09-13T22:43:28Z,-8.03694125,-34.96019244,87.0,176.0
2022-09-13T21:51:27Z,run,2022-09-13T22:43:29Z,-8.03692093,-34.96018411,87.0,176.0
2022-09-13T21:51:27Z,run,2022-09-13T22:43:30Z,-8.03689993,-34.96017844,87.0,176.0
2022-09-13T21:51:27Z,run,2022-09-13T22:43:31Z,-8.03688061,-34.96017911,87.0,176.0
2022-09-13T21:51:27Z,run,2022-09-13T22:43:32Z,-8.03686194,-34.96018476,87.0,176.0
2022-09-13T21:51:27Z,run,2022-09-13T22:43:33Z,-8.03684427,-34.96019543,87.0,179.0
2022-09-13T21:51:27Z,run,2022-09-13T22:43:34Z,-8.03682761,-34.96020842,86.0,181.0
2022-09-13T21:51:27Z,run,2022-09-13T22:43:35Z,-8.03681295,-34.96022375,86.0,183.0
2022-09-13T21:51:27Z,run,2022-09-13T22:43:36Z,-8.03679963,-34.96024108,86.0,183.0
2022-09-13T21:51:27Z,run,2022-09-13T22:43:37Z,-8.03678863,-34.9602594,86.0,183.0
2022-09-13T21:51:27Z,run,2022-09-13T22:43:38Z,-8.03677929,-34.9602784,87.0,183.0
2022-09-13T21:51:27Z,run,2022-09-13T22:43:39Z,-8.03677229,-34.96029872,87.0,183.0
2022-09-13T21:51:27Z,run,2022-09-13T22:43:40Z,-8.03676696,-34.96032106,86.0,183.0
2022-09-13T21:51:27Z,run,2022-09-13T22:43:41Z,-8.0367633,-34.96034472,86.0,181.0
2022-09-13T21:51:27Z,run,2022-09-13T22:43:42Z,-8.03675798,-34.96036571,86.0,181.0
2022-09-13T21:51:27Z,run,2022-09-13T22:43:43Z,-8.03675131,-34.96038238,86.0,181.0
2022-09-13T21:51:27Z,run,2022-09-13T22:43:44Z,-8.03674132,-34.96039437,87.0,181.0
2022-09-13T21:51:27Z,run,2022-09-13T22:43:45Z,-8.03672466,-34.96039837,86.0,180.0
2022-09-13T21:51:27Z,run,2022-09-13T22:43:46Z,-8.03670533,-34.96039737,87.0,179.0
2022-09-13T21:51:27Z,run,2022-09-13T22:43:47Z,-8.03668533,-34.9603917,87.0,179.0
2022-09-13T21:51:27Z,run,2022-09-13T22:43:48Z,-8.03666534,-34.96038205,87.0,179.0
2022-09-13T21:51:27Z,run,2022-09-13T22:43:49Z,-8.03664369,-34.96037006,87.0,178.0
2022-09-13T21:51:27Z,run,2022-09-13T22:43:50Z,-8.03662103,-34.96035739,87.0,178.0
2022-09-13T21:51:27Z,run,2022-09-13T22:43:51Z,-8.03660003,-34.96034473,86.0,178.0
2022-09-13T21:51:27Z,run,2022-09-13T22:43:52Z,-8.03657836,-34.96032973,86.0,177.0
2022-09-13T21:51:27Z,run,2022-09-13T22:43:53Z,-8.03655571,-34.96031074,87.0,176.0
2022-09-13T21:51:27Z,run,2022-09-13T22:43:54Z,-8.03653337,-34.96029041,87.0,176.0
2022-09-13T21:51:27Z,run,2022-09-13T22:43:55Z,-8.03651238,-34.96027275,87.0,176.0
2022-09-13T21:51:27Z,run,2022-09-13T22:43:56Z,-8.03649172,-34.96025843,88.0,176.0
2022-09-13T21:51:27Z,run,2022-09-13T22:43:57Z,-8.03646938,-34.96024711,88.0,176.0
2022-09-13T21:51:27Z,run,2022-09-13T22:43:58Z,-8.03644706,-34.96023644,88.0,176.0
2022-09-13T21:51:27Z,run,2022-09-13T22:43:59Z,-8.03642539,-34.96022678,87.0,174.0
2022-09-13T21:51:27Z,run,2022-09-13T22:44:00Z,-8.03640473,-34.96021878,87.0,174.0
2022-09-13T21:51:27Z,run,2022-09-13T22:44:01Z,-8.03638506,-34.96021045,88.0,174.0
2022-09-13T21:51:27Z,run,2022-09-13T22:44:02Z,-8.03636407,-34.96020112,88.0,174.0
2022-09-13T21:51:27Z,run,2022-09-13T22:44:03Z,-8.03634274,-34.96019113,88.0,175.0
2022-09-13T21:51:27Z,run,2022-09-13T22:44:04Z,-8.03632307,-34.96018147,88.0,175.0
2022-09-13T21:51:27Z,run,2022-09-13T22:44:05Z,-8.03630308,-34.96017514,88.0,176.0
2022-09-13T21:51:27Z,run,2022-09-13T22:44:06Z,-8.03628208,-34.96016815,88.0,177.0
2022-09-13T21:51:27Z,run,2022-09-13T22:44:07Z,-8.03626041,-34.96016015,88.0,177.0
2022-09-13T21:51:27Z,run,2022-09-13T22:44:08Z,-8.03623809,-34.96014915,88.0,177.0
2022-09-13T21:51:27Z,run,2022-09-13T22:44:09Z,-8.03621509,-34.96013649,88.0,178.0
2022-09-13T21:51:27Z,run,2022-09-13T22:44:10Z,-8.03619142,-34.96012149,88.0,178.0
2022-09-13T21:51:27Z,run,2022-09-13T22:44:11Z,-8.03616877,-34.96010749,88.0,178.0
2022-09-13T21:51:27Z,run,2022-09-13T22:44:12Z,-8.03614478,-34.9600925,88.0,178.0
2022-09-13T21:51:27Z,run,2022-09-13T22:44:13Z,-8.03612378,-34.9600765,88.0,178.0
2022-09-13T21:51:27Z,run,2022-09-13T22:44:14Z,-8.03610611,-34.96006017,89.0,178.0
2022-09-13T21:51:27Z,run,2022-09-13T22:44:15Z,-8.03608811,-34.96004451,88.0,178.0
2022-09-13T21:51:27Z,run,2022-09-13T22:44:16Z,-8.03606979,-34.96002818,88.0,177.0
2022-09-13T21:51:27Z,run,2022-09-13T22:44:17Z,-8.03605046,-34.96001418,87.0,176.0
2022-09-13T21:51:27Z,run,2022-09-13T22:44:18Z,-8.03603313,-34.95999919,87.0,175.0
2022-09-13T21:51:27Z,run,2022-09-13T22:44:19Z,-8.03601647,-34.95998285,87.0,175.0
2022-09-13T21:51:27Z,run,2022-09-13T22:44:20Z,-8.03600014,-34.95996486,87.0,175.0
2022-09-13T21:51:27Z,run,2022-09-13T22:44:21Z,-8.03598515,-34.9599472,87.0,175.0
2022-09-13T21:51:27Z,run,2022-09-13T22:44:22Z,-8.03597048,-34.95992854,87.0,175.0
2022-09-13T21:51:27Z,run,2022-09-13T22:44:23Z,-8.03595549,-34.95990887,87.0,175.0
2022-09-13T21:51:27Z,run,2022-09-13T22:44:24Z,-8.03594016,-34.95988854,87.0,176.0
2022-09-13T21:51:27Z,run,2022-09-13T22:44:25Z,-8.03592517,-34.95986855,87.0,176.0
2022-09-13T21:51:27Z,run,2022-09-13T22:44:26Z,-8.03591117,-34.95985222,87.0,176.0
2022-09-13T21:51:27Z,run,2022-09-13T22:44:27Z,-8.0358975,-34.95983889,87.0,176.0
2022-09-13T21:51:27Z,run,2022-09-13T22:44:28Z,-8.03588018,-34.95982523,86.0,177.0
2022-09-13T21:51:27Z,run,2022-09-13T22:44:29Z,-8.03586385,-34.95981389,87.0,177.0
2022-09-13T21:51:27Z,run,2022-09-13T22:44:30Z,-8.03584719,-34.95980356,86.0,177.0
2022-09-13T21:51:27Z,run,2022-09-13T22:44:31Z,-8.03583219,-34.95979789,86.0,177.0
2022-09-13T21:51:27Z,run,2022-09-13T22:44:32Z,-8.0358182,-34.95979624,87.0,177.0
2022-09-13T21:51:27Z,run,2022-09-13T22:44:33Z,-8.03580754,-34.95979656,86.0,177.0
2022-09-13T21:51:27Z,run,2022-09-13T22:44:34Z,-8.03579721,-34.95979988,87.0,178.0
2022-09-13T21:51:27Z,run,2022-09-13T22:44:35Z,-8.03578488,-34.95980387,86.0,178.0
2022-09-13T21:51:27Z,run,2022-09-13T22:44:36Z,-8.03577255,-34.95980987,86.0,179.0
2022-09-13T21:51:27Z,run,2022-09-13T22:44:37Z,-8.03576389,-34.95981986,86.0,179.0
2022-09-13T21:51:27Z,run,2022-09-13T22:44:38Z,-8.03575856,-34.95983419,86.0,178.0
2022-09-13T21:51:27Z,run,2022-09-13T22:44:39Z,-8.0357519,-34.95984985,86.0,178.0
2022-09-13T21:51:27Z,run,2022-09-13T22:44:40Z,-8.03574324,-34.95986418,86.0,177.0
