activity_id,sport_type,timestamp,latitude,longitude,heart_rate,cadence
2022-11-29T22:13:57Z,run,2022-11-29T22:14:03Z,-8.054455,-34.95359332,158.0,
2022-11-29T22:13:57Z,run,2022-11-29T22:14:08Z,-8.05429167,-34.95302833,160.0,
2022-11-29T22:13:57Z,run,2022-11-29T22:14:09Z,-8.05448666,-34.95350999,162.0,87.0
2022-11-29T22:13:57Z,run,2022-11-29T22:14:10Z,-8.05449566,-34.95352165,163.0,86.0
2022-11-29T22:13:57Z,run,2022-11-29T22:14:12Z,-8.05451132,-34.95353697,162.0,86.0
2022-11-29T22:13:57Z,run,2022-11-29T22:14:12Z,-8.05453498,-34.95354364,161.0,86.0
2022-11-29T22:13:57Z,run,2022-11-29T22:14:13Z,-8.05456165,-34.95354864,161.0,86.0
2022-11-29T22:13:57Z,run,2022-11-29T22:14:14Z,-8.05458864,-34.95355596,161.0,86.0
2022-11-29T22:13:57Z,run,2022-11-29T22:14:15Z,-8.05461729,-34.95356262,161.0,86.0
2022-11-29T22:13:57Z,run,2022-11-29T22:14:16Z,-8.05464363,-34.95356562,161.0,86.0
2022-11-29T22:13:57Z,run,2022-11-29T22:14:17Z,-8.05467028,-34.95356927,161.0,87.0
2022-11-29T22:13:57Z,run,2022-11-29T22:14:18Z,-8.05469628,-34.95357194,162.0,87.0
2022-11-29T22:13:57Z,run,2022-11-29T22:14:19Z,-8.05472194,-34.95357226,162.0,87.0
2022-11-29T22:13:57Z,run,2022-11-29T22:14:20Z,-8.05474861,-34.95357093,162.0,86.0
2022-11-29T22:13:57Z,run,2022-11-29T22:14:21Z,-8.05477526,-34.9535716,162.0,86.0
2022-11-29T22:13:57Z,run,2022-11-29T22:14:22Z,-8.05480225,-34.95357525,162.0,86.0
2022-11-29T22:13:57Z,run,2022-11-29T22:14:23Z,-8.05482725,-34.95358225,162.0,86.0
2022-11-29T22:13:57Z,run,2022-11-29T22:14:24Z,-8.05485091,-34.95359024,163.0,86.0
2022-11-29T22:13:57Z,run,2022-11-29T22:14:25Z,-8.05487458,-34.95359924,164.0,86.0
2022-11-29T22:13:57Z,run,2022-11-29T22:14:26Z,-8.05489758,-34.95360823,165.0,86.0
2022-11-29T22:13:57Z,run,2022-11-29T22:14:27Z,-8.05492124,-34.95361522,165.0,86.0
2022-11-29T22:13:57Z,run,2022-11-29T22:14:28Z,-8.0549459,-34.95362056,164.0,86.0
2022-11-29T22:13:57Z,run,2022-11-29T22:14:29Z,-8.05496957,-34.95362421,164.0,86.0
2022-11-29T22:13:57Z,run,2022-11-29T22:14:30Z,-8.05499257,-34.95362821,165.0,86.0
2022-11-29T22:13:57Z,run,2022-11-29T22:14:31Z,-8.05501689,-34.95363288,165.0,86.0
2022-11-29T22:13:57Z,run,2022-11-29T22:14:32Z,-8.05504056,-34.95363887,165.0,86.0
2022-11-29T22:13:57Z,run,2022-11-29T22:14:33Z,-8.05506489,-34.95364353,165.0,86.0
2022-11-29T22:13:57Z,run,2022-11-29T22:14:34Z,-8.05508988,-34.95364618,166.0,87.0
2022-11-29T22:13:57Z,run,2022-11-29T22:14:35Z,-8.05511621,-34.95364852,166.0,86.0
2022-11-29T22:13:57Z,run,2022-11-29T22:14:36Z,-8.0551412,-34.95364951,165.0,86.0
2022-11-29T22:13:57Z,run,2022-11-29T22:14:37Z,-8.05516587,-34.95365117,165.0,86.0
2022-11-29T22:13:57Z,run,2022-11-29T22:14:38Z,-8.05518853,-34.95365551,164.0,86.0
2022-11-29T22:13:57Z,run,2022-11-29T22:14:39Z,-8.05520919,-34.95366016,164.0,86.0
2022-11-29T22:13:57Z,run,2022-11-29T22:14:40Z,-8.05522886,-34.95366716,164.0,86.0
2022-11-29T22:13:57Z,run,2022-11-29T22:14:41Z,-8.05524885,-34.95367216,164.0,86.0
2022-11-29T22:13:57Z,run,2022-11-29T22:14:42Z,-8.05527052,-34.95367582,165.0,86.0
2022-11-29T22:13:57Z,run,2022-11-29T22:14:43Z,-8.05529384,-34.95367815,166.0,86.0
2022-11-29T22:13:57Z,run,2022-11-29T22:14:44Z,-8.05531851,-34.95368014,166.0,87.0
2022-11-29T22:13:57Z,run,2022-11-29T22:14:45Z,-8.0553425,-34.95368214,166.0,87.0
2022-11-29T22:13:57Z,run,2022-11-29T22:14:46Z,-8.05536616,-34.95368513,166.0,87.0
2022-11-29T22:13:57Z,run,2022-11-29T22:14:47Z,-8.05538849,-34.95368846,166.0,86.0
2022-11-29T22:13:57Z,run,2022-11-29T22:14:48Z,-8.05541149,-34.95369046,166.0,86.0
2022-11-29T22:13:57Z,run,2022-11-29T22:14:49Z,-8.05543481,-34.95369512,166.0,86.0
2022-11-29T22:13:57Z,run,2022-11-29T22:14:50Z,-8.05545814,-34.95370211,166.0,86.0
2022-11-29T22:13:57Z,run,2022-11-29T22:14:51Z,-8.05548347,-34.95371211,166.0,86.0
2022-11-29T22:13:57Z,run,2022-11-29T22:14:52Z,-8.05550713,-34.95372677,166.0,86.0
2022-11-29T22:13:57Z,run,2022-11-29T22:14:53Z,-8.05552713,-34.95374509,167.0,85.0
2022-11-29T22:13:57Z,run,2022-11-29T22:14:55Z,-8.05554113,-34.95376743,167.0,85.0
2022-11-29T22:13:57Z,run,2022-11-29T22:14:55Z,-8.05555312,-34.95379275,167.0,85.0
2022-11-29T22:13:57Z,run,2022-11-29T22:14:56Z,-8.05556411,-34.95381742,167.0,85.0
2022-11-29T22:13:57Z,run,2022-11-29T22:14:57Z,-8.05557311,-34.95384208,167.0,86.0
2022-11-29T22:13:57Z,run,2022-11-29T22:14:58Z,-8.05557844,-34.95386708,167.0,86.0
2022-11-29T22:13:57Z,run,2022-11-29T22:15:00Z,-8.05557944,-34.95389074,168.0,86.0
2022-11-29T22:13:57Z,run,2022-11-29T22:15:00Z,-8.05557844,-34.95391507,168.0,86.0
2022-11-29T22:13:57Z,run,2022-11-29T22:15:01Z,-8.05557611,-34.95394106,168.0,86.0
2022-11-29T22:13:57Z,run,2022-11-29T22:15:02Z,-8.05557279,-34.95396739,168.0,86.0
2022-11-29T22:13:57Z,run,2022-11-29T22:15:03Z,-8.05557012,-34.95399271,167.0,86.0
2022-11-29T22:13:57Z,run,2022-11-29T22:15:04Z,-8.05556779,-34.95401671,167.0,86.0
2022-11-29T22:13:57Z,run,2022-11-29T22:15:05Z,-8.05556413,-34.95404237,167.0,86.0
2022-11-29T22:13:57Z,run,2022-11-29T22:15:06Z,-8.05556048,-34.95406937,167.0,86.0
2022-11-29T22:13:57Z,run,2022-11-29T22:15:07Z,-8.05555749,-34.95409869,167.0,86.0
2022-11-29T22:13:57Z,run,2022-11-29T22:15:08Z,-8.05555649,-34.95412902,168.0,86.0
2022-11-29T22:13:57Z,run,2022-11-29T22:15:10Z,-8.05555483,-34.95415868,168.0,86.0
2022-11-29T22:13:57Z,run,2022-11-29T22:15:10Z,-8.05554916,-34.95418568,168.0,86.0
2022-11-29T22:13:57Z,run,2022-11-29T22:15:11Z,-8.05554184,-34.954206,167.0,86.0
2022-11-29T22:13:57Z,run,2022-11-29T22:15:12Z,-8.05553884,-34.95422467,167.0,85.0
2022-11-29T22:13:57Z,run,2022-11-29T22:15:13Z,-8.05553585,-34.95424166,167.0,86.0
2022-11-29T22:13:57Z,run,2022-11-29T22:15:14Z,-8.05553119,-34.95426099,167.0,86.0
2022-11-29T22:13:57Z,run,2022-11-29T22:15:15Z,-8.05552753,-34.95427865,167.0,86.0
2022-11-29T22:13:57Z,run,2022-11-29T22:15:16Z,-8.05552319,-34.95429864,167.0,86.0
2022-11-29T22:13:57Z,run,2022-11-29T22:15:17Z,-8.0555172,-34.95431797,167.0,86.0
2022-11-29T22:13:57Z,run,2022-11-29T22:15:18Z,-8.0555102,-34.95434031,167.0,86.0
2022-11-29T22:13:57Z,run,2022-11-29T22:15:19Z,-8.05550454,-34.95436464,167.0,86.0
2022-11-29T22:13:57Z,run,2022-11-29T22:15:20Z,-8.05549988,-34.95438697,168.0,86.0
2022-11-29T22:13:57Z,run,2022-11-29T22:15:21Z,-8.05549588,-34.9544063,168.0,86.0
2022-11-29T22:13:57Z,run,2022-11-29T22:15:22Z,-8.05548888,-34.9544253,168.0,86.0
2022-11-29T22:13:57Z,run,2022-11-29T22:15:23Z,-8.05548089,-34.95444463,168.0,86.0
2022-11-29T22:13:57Z,run,2022-11-29T22:15:24Z,-8.05547189,-34.95446495,168.0,86.0
2022-11-29T22:13:57Z,run,2022-11-29T22:15:25Z,-8.05546523,-34.95448562,167.0,86.0
2022-11-29T22:13:57Z,run,2022-11-29T22:15:26Z,-8.05546223,-34.95450861,165.0,86.0
2022-11-29T22:13:57Z,run,2022-11-29T22:15:27Z,-8.05546158,-34.95453227,165.0,86.0
2022-11-29T22:13:57Z,run,2022-11-29T22:15:28Z,-8.05545925,-34.95455559,165.0,86.0
2022-11-29T22:13:57Z,run,2022-11-29T22:15:29Z,-8.05545725,-34.95457759,164.0,86.0
2022-11-29T22:13:57Z,run,2022-11-29T22:15:30Z,-8.05545593,-34.95460058,164.0,86.0
2022-11-29T22:13:57Z,run,2022-11-29T22:15:31Z,-8.05545561,-34.95462491,164.0,86.0
2022-11-29T22:13:57Z,run,2022-11-29T22:15:32Z,-8.05545693,-34.95464925,166.0,86.0
2022-11-29T22:13:57Z,run,2022-11-29T22:15:33Z,-8.05545792,-34.9546749,167.0,86.0
2022-11-29T22:13:57Z,run,2022-11-29T22:15:34Z,-8.05545792,-34.95469923,167.0,86.0
2022-11-29T22:13:57Z,run,2022-11-29T22:15:35Z,-8.05545892,-34.95472289,168.0,86.0
2022-11-29T22:13:57Z,run,2022-11-29T22:15:36Z,-8.05545759,-34.95474622,168.0,86.0
2022-11-29T22:13:57Z,run,2022-11-29T22:15:37Z,-8.0554556,-34.95477022,169.0,86.0
2022-11-29T22:13:57Z,run,2022-11-29T22:15:38Z,-8.0554526,-34.95479522,171.0,86.0
2022-11-29T22:13:57Z,run,2022-11-29T22:15:39Z,-8.05545161,-34.95482054,171.0,86.0
2022-11-29T22:13:57Z,run,2022-11-29T22:15:40Z,-8.05544995,-34.9548452,171.0,86.0
2022-11-29T22:13:57Z,run,2022-11-29T22:15:41Z,-8.05544928,-34.95487052,172.0,86.0
2022-11-29T22:13:57Z,run,2022-11-29T22:15:42Z,-8.05544663,-34.95489385,172.0,85.0
2022-11-29T22:13:57Z,run,2022-11-29T22:15:43Z,-8.05544329,-34.95491751,172.0,85.0
2022-11-29T22:13:57Z,run,2022-11-29T22:15:44Z,-8.05544064,-34.95493951,172.0,85.0
2022-11-29T22:13:57Z,run,2022-11-29T22:15:45Z,-8.05543765,-34.95496118,172.0,85.0
2022-11-29T22:13:57Z,run,2022-11-29T22:15:46Z,-8.05543599,-34.95498351,172.0,85.0
2022-11-29T22:13:57Z,run,2022-11-29T22:15:47Z,-8.05543467,-34.95500683,172.0,85.0
2022-11-29T22:13:57Z,run,2022-11-29T22:15:48Z,-8.055434,-34.95503016,172.0,85.0
2022-11-29T22:13:57Z,run,2022-11-29T22:15:49Z,-8.05543,-34.95505315,172.0,85.0
2022-11-29T22:13:57Z,run,2022-11-29T22:15:50Z,-8.05542901,-34.95507481,171.0,85.0
2022-11-29T22:13:57Z,run,2022-11-29T22:15:51Z,-8.05543033,-34.9550948,169.0,85.0
2022-11-29T22:13:57Z,run,2022-11-29T22:15:52Z,-8.055436,-34.9551138,168.0,85.0
2022-11-29T22:13:57Z,run,2022-11-29T22:15:53Z,-8.05544133,-34.95513246,168.0,85.0
2022-11-29T22:13:57Z,run,2022-11-29T22:15:54Z,-8.05544466,-34.95515446,168.0,85.0
2022-11-29T22:13:57Z,run,2022-11-29T22:15:55Z,-8.05544731,-34.95517779,168.0,85.0
2022-11-29T22:13:57Z,run,2022-11-29T22:15:56Z,-8.05544865,-34.95520178,167.0,86.0
2022-11-29T22:13:57Z,run,2022-11-29T22:15:57Z,-8.05544698,-34.95522278,168.0,86.0
2022-11-29T22:13:57Z,run,2022-11-29T22:15:59Z,-8.05544066,-34.95524911,169.0,85.0
2022-11-29T22:13:57Z,run,2022-11-29T22:15:59Z,-8.055431,-34.95527711,169.0,85.0
2022-11-29T22:13:57Z,run,2022-11-29T22:16:00Z,-8.05542267,-34.9553061,169.0,85.0
2022-11-29T22:13:57Z,run,2022-11-29T22:16:01Z,-8.055413,-34.9553361,169.0,85.0
2022-11-29T22:13:57Z,run,2022-11-29T22:16:02Z,-8.05540301,-34.95536442,172.0,85.0
2022-11-29T22:13:57Z,run,2022-11-29T22:16:03Z,-8.05539568,-34.95539175,173.0,86.0
2022-11-29T22:13:57Z,run,2022-11-29T22:16:04Z,-8.05538969,-34.95541874,173.0,86.0
2022-11-29T22:13:57Z,run,2022-11-29T22:16:05Z,-8.05538169,-34.95544408,173.0,86.0
2022-11-29T22:13:57Z,run,2022-11-29T22:16:06Z,-8.0553757,-34.95546808,173.0,85.0
2022-11-29T22:13:57Z,run,2022-11-29T22:16:07Z,-8.05536771,-34.9554894,172.0,85.0
2022-11-29T22:13:57Z,run,2022-11-29T22:16:08Z,-8.05536071,-34.95551007,171.0,85.0
2022-11-29T22:13:57Z,run,2022-11-29T22:16:09Z,-8.05535671,-34.95553172,171.0,85.0
2022-11-29T22:13:57Z,run,2022-11-29T22:16:10Z,-8.05535537,-34.95555438,171.0,85.0
2022-11-29T22:13:57Z,run,2022-11-29T22:16:11Z,-8.05535472,-34.95557838,171.0,86.0
2022-11-29T22:13:57Z,run,2022-11-29T22:16:12Z,-8.05535306,-34.95560204,171.0,86.0
2022-11-29T22:13:57Z,run,2022-11-29T22:16:13Z,-8.0553514,-34.9556257,170.0,86.0
2022-11-29T22:13:57Z,run,2022-11-29T22:16:14Z,-8.05535273,-34.95564869,170.0,86.0
2022-11-29T22:13:57Z,run,2022-11-29T22:16:15Z,-8.05535606,-34.95567168,171.0,86.0
2022-11-29T22:13:57Z,run,2022-11-29T22:16:16Z,-8.05535839,-34.95569568,171.0,86.0
2022-11-29T22:13:57Z,run,2022-11-29T22:16:17Z,-8.05535839,-34.95571734,172.0,86.0
2022-11-29T22:13:57Z,run,2022-11-29T22:16:18Z,-8.05535406,-34.95573767,171.0,86.0
2022-11-29T22:13:57Z,run,2022-11-29T22:16:19Z,-8.05534974,-34.955758,171.0,86.0
2022-11-29T22:13:57Z,run,2022-11-29T22:16:20Z,-8.05534707,-34.95577733,170.0,85.0
2022-11-29T22:13:57Z,run,2022-11-29T22:16:21Z,-8.05534575,-34.95579666,170.0,85.0
2022-11-29T22:13:57Z,run,2022-11-29T22:16:22Z,-8.05534509,-34.95581599,170.0,85.0
2022-11-29T22:13:57Z,run,2022-11-29T22:16:23Z,-8.05534376,-34.95583465,170.0,85.0
2022-11-29T22:13:57Z,run,2022-11-29T22:16:24Z,-8.0553411,-34.95585231,170.0,83.0
2022-11-29T22:13:57Z,run,2022-11-29T22:16:25Z,-8.05533777,-34.95586998,170.0,82.0
2022-11-29T22:13:57Z,run,2022-11-29T22:16:26Z,-8.05533643,-34.9558833,171.0,82.0
2022-11-29T22:13:57Z,run,2022-11-29T22:16:27Z,-8.05533478,-34.9558873,172.0,82.0
2022-11-29T22:13:57Z,run,2022-11-29T22:16:28Z,-8.05533144,-34.95588431,173.0,83.0
2022-11-29T22:13:57Z,run,2022-11-29T22:16:29Z,-8.05532712,-34.95587498,173.0,83.0
2022-11-29T22:13:57Z,run,2022-11-29T22:16:30Z,-8.05532213,-34.95586265,173.0,83.0
2022-11-29T22:13:57Z,run,2022-11-29T22:16:31Z,-8.05531446,-34.95584733,176.0,83.0
2022-11-29T22:13:57Z,run,2022-11-29T22:16:32Z,-8.05530647,-34.95583166,180.0,85.0
2022-11-29T22:13:57Z,run,2022-11-29T22:16:33Z,-8.05529381,-34.95581667,181.0,86.0
2022-11-29T22:13:57Z,run,2022-11-29T22:16:34Z,-8.05527848,-34.95580034,181.0,86.0
2022-11-29T22:13:57Z,run,2022-11-29T22:16:35Z,-8.05526149,-34.95578134,181.0,86.0
2022-11-29T22:13:57Z,run,2022-11-29T22:16:36Z,-8.05524783,-34.95575835,182.0,86.0
2022-11-29T22:13:57Z,run,2022-11-29T22:16:37Z,-8.05524349,-34.95573236,182.0,86.0
2022-11-29T22:13:57Z,run,2022-11-29T22:16:38Z,-8.05524449,-34.95570603,182.0,85.0
2022-11-29T22:13:57Z,run,2022-11-29T22:16:39Z,-8.05524748,-34.9556787,182.0,85.0
2022-11-29T22:13:57Z,run,2022-11-29T22:16:40Z,-8.05525281,-34.9556527,182.0,86.0
2022-11-29T22:13:57Z,run,2022-11-29T22:16:41Z,-8.05525846,-34.95562705,182.0,86.0
2022-11-29T22:13:57Z,run,2022-11-29T22:16:42Z,-8.05526313,-34.95560139,182.0,86.0
2022-11-29T22:13:57Z,run,2022-11-29T22:16:43Z,-8.05526646,-34.9555774,183.0,86.0
2022-11-29T22:13:57Z,run,2022-11-29T22:16:44Z,-8.05526713,-34.9555534,183.0,86.0
2022-11-29T22:13:57Z,run,2022-11-29T22:16:45Z,-8.05526912,-34.95553074,182.0,86.0
2022-11-29T22:13:57Z,run,2022-11-29T22:16:46Z,-8.05527479,-34.95550874,181.0,86.0
2022-11-29T22:13:57Z,run,2022-11-29T22:16:48Z,-8.05530512,-34.95541275,180.0,86.0
2022-11-29T22:13:57Z,run,2022-11-29T22:16:49Z,-8.05530544,-34.95540676,179.0,86.0
2022-11-29T22:13:57Z,run,2022-11-29T22:16:50Z,-8.05530678,-34.95539643,178.0,86.0
2022-11-29T22:13:57Z,run,2022-11-29T22:16:51Z,-8.05531078,-34.95538377,177.0,86.0
2022-11-29T22:13:57Z,run,2022-11-29T22:16:52Z,-8.05531911,-34.95537011,177.0,86.0
2022-11-29T22:13:57Z,run,2022-11-29T22:16:53Z,-8.05533277,-34.95535312,177.0,86.0
2022-11-29T22:13:57Z,run,2022-11-29T22:16:54Z,-8.05534776,-34.95533279,177.0,86.0
2022-11-29T22:13:57Z,run,2022-11-29T22:16:55Z,-8.05535942,-34.9553098,177.0,86.0
2022-11-29T22:13:57Z,run,2022-11-29T22:16:56Z,-8.05536941,-34.95528514,178.0,86.0
2022-11-29T22:13:57Z,run,2022-11-29T22:16:57Z,-8.05537708,-34.9552608,180.0,86.0
2022-11-29T22:13:57Z,run,2022-11-29T22:16:59Z,-8.05538308,-34.9552358,181.0,86.0
2022-11-29T22:13:57Z,run,2022-11-29T22:16:59Z,-8.05539174,-34.95520948,181.0,86.0
2022-11-29T22:13:57Z,run,2022-11-29T22:17:00Z,-8.05540139,-34.95518448,182.0,86.0
2022-11-29T22:13:57Z,run,2022-11-29T22:17:01Z,-8.05541073,-34.95516082,182.0,86.0
2022-11-29T22:13:57Z,run,2022-11-29T22:17:02Z,-8.05541605,-34.95514016,182.0,86.0
2022-11-29T22:13:57Z,run,2022-11-29T22:17:03Z,-8.05541737,-34.9551185,183.0,86.0
2022-11-29T22:13:57Z,run,2022-11-29T22:17:04Z,-8.05541804,-34.95509517,183.0,86.0
2022-11-29T22:13:57Z,run,2022-11-29T22:17:05Z,-8.05541705,-34.95507084,183.0,86.0
2022-11-29T22:13:57Z,run,2022-11-29T22:17:06Z,-8.05541539,-34.95504684,183.0,85.0
2022-11-29T22:13:57Z,run,2022-11-29T22:17:07Z,-8.05541173,-34.95502319,183.0,84.0
2022-11-29T22:13:57Z,run,2022-11-29T22:17:08Z,-8.0554084,-34.95500385,183.0,84.0
2022-11-29T22:13:57Z,run,2022-11-29T22:17:09Z,-8.0554074,-34.95498285,183.0,84.0
2022-11-29T22:13:57Z,run,2022-11-29T22:17:10Z,-8.05540608,-34.95496086,183.0,85.0
2022-11-29T22:13:57Z,run,2022-11-29T22:17:11Z,-8.05540509,-34.95493786,183.0,85.0
2022-11-29T22:13:57Z,run,2022-11-29T22:17:12Z,-8.05540541,-34.95491454,183.0,85.0
2022-11-29T22:13:57Z,run,2022-11-29T22:17:13Z,-8.05540741,-34.95489021,183.0,85.0
2022-11-29T22:13:57Z,run,2022-11-29T22:17:14Z,-8.05540875,-34.95486588,183.0,85.0
2022-11-29T22:13:57Z,run,2022-11-29T22:17:15Z,-8.05541041,-34.95484088,183.0,86.0
2022-11-29T22:13:57Z,run,2022-11-29T22:17:16Z,-8.05541174,-34.95481622,184.0,85.0
2022-11-29T22:13:57Z,run,2022-11-29T22:17:17Z,-8.05541239,-34.95479223,184.0,85.0
2022-11-29T22:13:57Z,run,2022-11-29T22:17:18Z,-8.05541373,-34.95476789,183.0,85.0
2022-11-29T22:13:57Z,run,2022-11-29T22:17:19Z,-8.05541406,-34.95474356,182.0,85.0
2022-11-29T22:13:57Z,run,2022-11-29T22:17:20Z,-8.05541472,-34.95471924,181.0,85.0
2022-11-29T22:13:57Z,run,2022-11-29T22:17:21Z,-8.05541604,-34.95469424,180.0,86.0
2022-11-29T22:13:57Z,run,2022-11-29T22:17:22Z,-8.05541505,-34.95466858,180.0,86.0
2022-11-29T22:13:57Z,run,2022-11-29T22:17:23Z,-8.05541572,-34.95464225,180.0,86.0
2022-11-29T22:13:57Z,run,2022-11-29T22:17:24Z,-8.05541704,-34.95461492,180.0,86.0
2022-11-29T22:13:57Z,run,2022-11-29T22:17:25Z,-8.0554197,-34.95458926,180.0,86.0
2022-11-29T22:13:57Z,run,2022-11-29T22:17:26Z,-8.05542303,-34.9545636,180.0,86.0
2022-11-29T22:13:57Z,run,2022-11-29T22:17:27Z,-8.05542802,-34.95453994,180.0,86.0
2022-11-29T22:13:57Z,run,2022-11-29T22:17:28Z,-8.05543235,-34.95451628,180.0,86.0
2022-11-29T22:13:57Z,run,2022-11-29T22:17:29Z,-8.05543634,-34.95449329,180.0,86.0
2022-11-29T22:13:57Z,run,2022-11-29T22:17:30Z,-8.05543968,-34.95447296,181.0,86.0
2022-11-29T22:13:57Z,run,2022-11-29T22:17:31Z,-8.055441,-34.95445164,182.0,86.0
2022-11-29T22:13:57Z,run,2022-11-29T22:17:32Z,-8.055441,-34.95442964,182.0,86.0
2022-11-29T22:13:57Z,run,2022-11-29T22:17:33Z,-8.05544133,-34.95440864,182.0,86.0
2022-11-29T22:13:57Z,run,2022-11-29T22:17:34Z,-8.05544067,-34.95438832,182.0,86.0
2022-11-29T22:13:57Z,run,2022-11-29T22:17:35Z,-8.055441,-34.95436799,182.0,86.0
2022-11-29T22:13:57Z,run,2022-11-29T22:17:36Z,-8.05544001,-34.95434534,182.0,86.0
2022-11-29T22:13:57Z,run,2022-11-29T22:17:38Z,-8.05543834,-34.95425134,180.0,86.0
2022-11-29T22:13:57Z,run,2022-11-29T22:17:39Z,-8.05543769,-34.95424468,179.0,86.0
2022-11-29T22:13:57Z,run,2022-11-29T22:17:40Z,-8.05543635,-34.95423202,179.0,86.0
2022-11-29T22:13:57Z,run,2022-11-29T22:17:41Z,-8.05543536,-34.95421536,179.0,86.0
2022-11-29T22:13:57Z,run,2022-11-29T22:17:42Z,-8.05543471,-34.95419469,179.0,86.0
2022-11-29T22:13:57Z,run,2022-11-29T22:17:43Z,-8.05543471,-34.95417203,179.0,86.0
2022-11-29T22:13:57Z,run,2022-11-29T22:17:44Z,-8.05543636,-34.95414771,178.0,86.0
2022-11-29T22:13:57Z,run,2022-11-29T22:17:45Z,-8.05544036,-34.95412438,177.0,87.0
2022-11-29T22:13:57Z,run,2022-11-29T22:17:46Z,-8.05544569,-34.95410204,177.0,87.0
2022-11-29T22:13:57Z,run,2022-11-29T22:17:47Z,-8.05545069,-34.95408039,176.0,86.0
2022-11-29T22:13:57Z,run,2022-11-29T22:17:48Z,-8.05545701,-34.95405939,176.0,86.0
2022-11-29T22:13:57Z,run,2022-11-29T22:17:49Z,-8.05546167,-34.95403873,176.0,86.0
2022-11-29T22:13:57Z,run,2022-11-29T22:17:50Z,-8.05546599,-34.95401607,175.0,86.0
2022-11-29T22:13:57Z,run,2022-11-29T22:17:51Z,-8.05547099,-34.95399107,174.0,86.0
2022-11-29T22:13:57Z,run,2022-11-29T22:17:52Z,-8.05547665,-34.95396474,174.0,86.0
2022-11-29T22:13:57Z,run,2022-11-29T22:17:53Z,-8.05548265,-34.95394075,174.0,86.0
2022-11-29T22:13:57Z,run,2022-11-29T22:17:54Z,-8.0554883,-34.95391743,174.0,86.0
2022-11-29T22:13:57Z,run,2022-11-29T22:17:55Z,-8.05549329,-34.95389576,174.0,87.0
2022-11-29T22:13:57Z,run,2022-11-29T22:17:56Z,-8.05549796,-34.9538751,173.0,87.0
2022-11-29T22:13:57Z,run,2022-11-29T22:17:57Z,-8.05549962,-34.95385811,171.0,86.0
2022-11-29T22:13:57Z,run,2022-11-29T22:17:58Z,-8.05549962,-34.95384278,170.0,86.0
2022-11-29T22:13:57Z,run,2022-11-29T22:17:59Z,-8.05549663,-34.95382812,170.0,86.0
2022-11-29T22:13:57Z,run,2022-11-29T22:18:00Z,-8.0554893,-34.95381479,170.0,86.0
2022-11-29T22:13:57Z,run,2022-11-29T22:18:01Z,-8.05547798,-34.9538018,169.0,85.0
2022-11-29T22:13:57Z,run,2022-11-29T22:18:02Z,-8.05546331,-34.95378947,169.0,86.0
2022-11-29T22:13:57Z,run,2022-11-29T22:18:03Z,-8.05544565,-34.95377914,169.0,86.0
2022-11-29T22:13:57Z,run,2022-11-29T22:18:04Z,-8.05542632,-34.95376948,168.0,86.0
2022-11-29T22:13:57Z,run,2022-11-29T22:18:05Z,-8.05540667,-34.95375914,168.0,86.0
2022-11-29T22:13:57Z,run,2022-11-29T22:18:06Z,-8.05538867,-34.95374682,168.0,86.0
2022-11-29T22:13:57Z,run,2022-11-29T22:18:07Z,-8.05537368,-34.95373115,168.0,85.0
2022-11-29T22:13:57Z,run,2022-11-29T22:18:08Z,-8.05536202,-34.95371383,169.0,85.0
2022-11-29T22:13:57Z,run,2022-11-29T22:18:09Z,-8.05535102,-34.95369617,168.0,85.0
2022-11-29T22:13:57Z,run,2022-11-29T22:18:10Z,-8.05533702,-34.95368017,168.0,85.0
2022-11-29T22:13:57Z,run,2022-11-29T22:18:11Z,-8.05532036,-34.95366852,169.0,85.0
2022-11-29T22:13:57Z,run,2022-11-29T22:18:12Z,-8.05530103,-34.95366018,169.0,85.0
2022-11-29T22:13:57Z,run,2022-11-29T22:18:12Z,-8.0552817,-34.95365419,169.0,86.0
2022-11-29T22:13:57Z,run,2022-11-29T22:18:13Z,-8.05526204,-34.95364653,169.0,86.0
2022-11-29T22:13:57Z,run,2022-11-29T22:18:14Z,-8.05524271,-34.9536372,168.0,86.0
2022-11-29T22:13:57Z,run,2022-11-29T22:18:15Z,-8.05522271,-34.95362721,168.0,86.0
2022-11-29T22:13:57Z,run,2022-11-29T22:18:16Z,-8.05520372,-34.95361488,168.0,86.0
2022-11-29T22:13:57Z,run,2022-11-29T22:18:17Z,-8.05518606,-34.95359956,168.0,86.0
2022-11-29T22:13:57Z,run,2022-11-29T22:18:18Z,-8.05517139,-34.95358156,168.0,86.0
2022-11-29T22:13:57Z,run,2022-11-29T22:18:19Z,-8.05516007,-34.95356123,167.0,86.0
2022-11-29T22:13:57Z,run,2022-11-29T22:18:20Z,-8.05515174,-34.95353824,167.0,86.0
2022-11-29T22:13:57Z,run,2022-11-29T22:18:21Z,-8.0551464,-34.95351358,167.0,86.0
2022-11-29T22:13:57Z,run,2022-11-29T22:18:22Z,-8.05514241,-34.95348792,167.0,86.0
2022-11-29T22:13:57Z,run,2022-11-29T22:18:23Z,-8.05513941,-34.9534616,167.0,86.0
2022-11-29T22:13:57Z,run,2022-11-29T22:18:24Z,-8.05513576,-34.95343526,167.0,85.0
2022-11-29T22:13:57Z,run,2022-11-29T22:18:25Z,-8.0551321,-34.95340994,167.0,85.0
2022-11-29T22:13:57Z,run,2022-11-29T22:18:26Z,-8.05512977,-34.95338528,167.0,85.0
2022-11-29T22:13:57Z,run,2022-11-29T22:18:27Z,-8.05512944,-34.95335962,168.0,85.0
2022-11-29T22:13:57Z,run,2022-11-29T22:18:28Z,-8.05512912,-34.95333296,169.0,85.0
2022-11-29T22:13:57Z,run,2022-11-29T22:18:29Z,-8.05512944,-34.95330664,169.0,85.0
2022-11-29T22:13:57Z,run,2022-11-29T22:18:30Z,-8.05512944,-34.95328164,170.0,86.0
2022-11-29T22:13:57Z,run,2022-11-29T22:18:31Z,-8.05512912,-34.95325697,169.0,85.0
2022-11-29T22:13:57Z,run,2022-11-29T22:18:32Z,-8.05512779,-34.9532323,169.0,86.0
2022-11-29T22:13:57Z,run,2022-11-29T22:18:33Z,-8.05512513,-34.9532073,168.0,86.0
2022-11-29T22:13:57Z,run,2022-11-29T22:18:34Z,-8.05512246,-34.95318198,168.0,86.0
2022-11-29T22:13:57Z,run,2022-11-29T22:18:35Z,-8.05511981,-34.95315832,168.0,86.0
2022-11-29T22:13:57Z,run,2022-11-29T22:18:36Z,-8.05511781,-34.95313432,168.0,86.0
2022-11-29T22:13:57Z,run,2022-11-29T22:18:37Z,-8.05511682,-34.95310967,167.0,86.0
2022-11-29T22:13:57Z,run,2022-11-29T22:18:38Z,-8.05511682,-34.95308567,167.0,86.0
2022-11-29T22:13:57Z,run,2022-11-29T22:18:39Z,-8.05511582,-34.953061,167.0,86.0
2022-11-29T22:13:57Z,run,2022-11-29T22:18:40Z,-8.05510949,-34.95303501,167.0,86.0
2022-11-29T22:13:57Z,run,2022-11-29T22:18:41Z,-8.05510416,-34.95300902,167.0,86.0
2022-11-29T22:13:57Z,run,2022-11-29T22:18:42Z,-8.05509583,-34.95298469,168.0,87.0
2022-11-29T22:13:57Z,run,2022-11-29T22:18:43Z,-8.05509149,-34.95296302,168.0,87.0
2022-11-29T22:13:57Z,run,2022-11-29T22:18:44Z,-8.05508784,-34.95294069,168.0,86.0
2022-11-29T22:13:57Z,run,2022-11-29T22:18:45Z,-8.05508584,-34.95291736,168.0,86.0
2022-11-29T22:13:57Z,run,2022-11-29T22:18:46Z,-8.05508616,-34.95289471,167.0,86.0
2022-11-29T22:13:57Z,run,2022-11-29T22:18:47Z,-8.05508683,-34.95287072,167.0,86.0
2022-11-29T22:13:57Z,run,2022-11-29T22:18:48Z,-8.05508783,-34.95284638,167.0,86.0
2022-11-29T22:13:57Z,run,2022-11-29T22:18:49Z,-8.05509082,-34.95282138,166.0,86.0
2022-11-29T22:13:57Z,run,2022-11-29T22:18:50Z,-8.05509482,-34.95279672,165.0,86.0
2022-11-29T22:13:57Z,run,2022-11-29T22:18:51Z,-8.05509714,-34.95277373,165.0,86.0
2022-11-29T22:13:57Z,run,2022-11-29T22:18:52Z,-8.05509582,-34.95275074,165.0,86.0
2022-11-29T22:13:57Z,run,2022-11-29T22:18:53Z,-8.05509714,-34.95272574,165.0,86.0
2022-11-29T22:13:57Z,run,2022-11-29T22:18:54Z,-8.05509914,-34.95269941,165.0,86.0
2022-11-29T22:13:57Z,run,2022-11-29T22:18:55Z,-8.05510114,-34.95267208,166.0,86.0
2022-11-29T22:13:57Z,run,2022-11-29T22:18:56Z,-8.05510181,-34.95264642,166.0,86.0
2022-11-29T22:13:57Z,run,2022-11-29T22:18:57Z,-8.05510114,-34.95261976,166.0,86.0
2022-11-29T22:13:57Z,run,2022-11-29T22:18:58Z,-8.05510181,-34.95259343,166.0,85.0
2022-11-29T22:13:57Z,run,2022-11-29T22:18:59Z,-8.05510413,-34.95256711,167.0,86.0
2022-11-29T22:13:57Z,run,2022-11-29T22:19:00Z,-8.05510746,-34.95254145,167.0,86.0
2022-11-29T22:13:57Z,run,2022-11-29T22:19:01Z,-8.05511045,-34.95251579,168.0,86.0
2022-11-29T22:13:57Z,run,2022-11-29T22:19:02Z,-8.05511379,-34.95249046,168.0,86.0
2022-11-29T22:13:57Z,run,2022-11-29T22:19:03Z,-8.05511678,-34.95246546,168.0,86.0
2022-11-29T22:13:57Z,run,2022-11-29T22:19:04Z,-8.05511943,-34.9524408,168.0,86.0
2022-11-29T22:13:57Z,run,2022-11-29T22:19:05Z,-8.05512276,-34.95241713,168.0,86.0
2022-11-29T22:13:57Z,run,2022-11-29T22:19:06Z,-8.05512642,-34.95239347,168.0,86.0
2022-11-29T22:13:57Z,run,2022-11-29T22:19:07Z,-8.05513008,-34.95236982,168.0,86.0
2022-11-29T22:13:57Z,run,2022-11-29T22:19:08Z,-8.05513341,-34.95234548,168.0,86.0
2022-11-29T22:13:57Z,run,2022-11-29T22:19:09Z,-8.05513607,-34.95232183,169.0,86.0
2022-11-29T22:13:57Z,run,2022-11-29T22:19:10Z,-8.0551394,-34.95229816,169.0,86.0
2022-11-29T22:13:57Z,run,2022-11-29T22:19:11Z,-8.05514439,-34.95227484,169.0,87.0
2022-11-29T22:13:57Z,run,2022-11-29T22:19:12Z,-8.05515073,-34.95225185,169.0,87.0
2022-11-29T22:13:57Z,run,2022-11-29T22:19:13Z,-8.05515806,-34.95222885,169.0,87.0
2022-11-29T22:13:57Z,run,2022-11-29T22:19:14Z,-8.05516639,-34.95220586,169.0,86.0
2022-11-29T22:13:57Z,run,2022-11-29T22:19:16Z,-8.05517505,-34.9521832,168.0,86.0
2022-11-29T22:13:57Z,run,2022-11-29T22:19:16Z,-8.05518437,-34.9521612,168.0,85.0
2022-11-29T22:13:57Z,run,2022-11-29T22:19:17Z,-8.05519337,-34.95213954,169.0,85.0
2022-11-29T22:13:57Z,run,2022-11-29T22:19:18Z,-8.05520203,-34.95211689,169.0,85.0
2022-11-29T22:13:57Z,run,2022-11-29T22:19:19Z,-8.05520835,-34.95209155,168.0,85.0
2022-11-29T22:13:57Z,run,2022-11-29T22:19:20Z,-8.05521269,-34.9520659,168.0,85.0
2022-11-29T22:13:57Z,run,2022-11-29T22:19:21Z,-8.05521669,-34.9520379,168.0,85.0
2022-11-29T22:13:57Z,run,2022-11-29T22:19:22Z,-8.05522002,-34.95201224,167.0,86.0
2022-11-29T22:13:57Z,run,2022-11-29T22:19:23Z,-8.05522101,-34.95198824,167.0,85.0
2022-11-29T22:13:57Z,run,2022-11-29T22:19:24Z,-8.05521935,-34.95196624,167.0,85.0
2022-11-29T22:13:57Z,run,2022-11-29T22:19:25Z,-8.05521703,-34.95194625,166.0,84.0
2022-11-29T22:13:57Z,run,2022-11-29T22:19:26Z,-8.05521236,-34.95192658,166.0,84.0
2022-11-29T22:13:57Z,run,2022-11-29T22:19:27Z,-8.05520836,-34.95190693,166.0,85.0
2022-11-29T22:13:57Z,run,2022-11-29T22:19:28Z,-8.05520571,-34.95188726,166.0,86.0
2022-11-29T22:13:57Z,run,2022-11-29T22:19:29Z,-8.05520371,-34.95186593,166.0,85.0
2022-11-29T22:13:57Z,run,2022-11-29T22:19:30Z,-8.05520471,-34.9518426,166.0,85.0
2022-11-29T22:13:57Z,run,2022-11-29T22:19:31Z,-8.05520637,-34.95181928,167.0,85.0
2022-11-29T22:13:57Z,run,2022-11-29T22:19:32Z,-8.0552097,-34.95179728,167.0,85.0
2022-11-29T22:13:57Z,run,2022-11-29T22:19:33Z,-8.0552137,-34.95177729,167.0,85.0
2022-11-29T22:13:57Z,run,2022-11-29T22:19:34Z,-8.05521669,-34.95175697,168.0,86.0
2022-11-29T22:13:57Z,run,2022-11-29T22:19:35Z,-8.05521768,-34.9517363,168.0,86.0
2022-11-29T22:13:57Z,run,2022-11-29T22:19:36Z,-8.05521834,-34.95171464,168.0,86.0
2022-11-29T22:13:57Z,run,2022-11-29T22:19:37Z,-8.05521933,-34.95169231,168.0,87.0
2022-11-29T22:13:57Z,run,2022-11-29T22:19:38Z,-8.05522067,-34.95166864,168.0,87.0
2022-11-29T22:13:57Z,run,2022-11-29T22:19:39Z,-8.05522099,-34.95164499,169.0,87.0
2022-11-29T22:13:57Z,run,2022-11-29T22:19:40Z,-8.05522099,-34.95162065,170.0,87.0
2022-11-29T22:13:57Z,run,2022-11-29T22:19:41Z,-8.05522231,-34.95159633,171.0,86.0
2022-11-29T22:13:57Z,run,2022-11-29T22:19:42Z,-8.05522431,-34.95157133,171.0,86.0
2022-11-29T22:13:57Z,run,2022-11-29T22:19:43Z,-8.0552273,-34.95154733,171.0,86.0
2022-11-29T22:13:57Z,run,2022-11-29T22:19:44Z,-8.05523064,-34.95152367,170.0,86.0
2022-11-29T22:13:57Z,run,2022-11-29T22:19:45Z,-8.05523363,-34.95150035,170.0,87.0
2022-11-29T22:13:57Z,run,2022-11-29T22:19:46Z,-8.05523696,-34.95147735,169.0,87.0
2022-11-29T22:13:57Z,run,2022-11-29T22:19:47Z,-8.05523995,-34.95145469,168.0,87.0
2022-11-29T22:13:57Z,run,2022-11-29T22:19:48Z,-8.05524361,-34.9514307,168.0,87.0
2022-11-29T22:13:57Z,run,2022-11-29T22:19:49Z,-8.05524694,-34.9514067,167.0,87.0
2022-11-29T22:13:57Z,run,2022-11-29T22:19:50Z,-8.05524927,-34.95138205,167.0,87.0
2022-11-29T22:13:57Z,run,2022-11-29T22:19:51Z,-8.05525226,-34.95135738,167.0,87.0
2022-11-29T22:13:57Z,run,2022-11-29T22:19:52Z,-8.05525293,-34.95133271,168.0,87.0
2022-11-29T22:13:57Z,run,2022-11-29T22:19:53Z,-8.05525525,-34.95130939,167.0,87.0
2022-11-29T22:13:57Z,run,2022-11-29T22:19:54Z,-8.05525824,-34.95128572,167.0,87.0
2022-11-29T22:13:57Z,run,2022-11-29T22:19:55Z,-8.05526158,-34.95126207,167.0,87.0
2022-11-29T22:13:57Z,run,2022-11-29T22:19:56Z,-8.05526523,-34.9512384,168.0,87.0
2022-11-29T22:13:57Z,run,2022-11-29T22:19:57Z,-8.05526957,-34.95121508,168.0,86.0
2022-11-29T22:13:57Z,run,2022-11-29T22:19:58Z,-8.05527357,-34.95119109,168.0,86.0
2022-11-29T22:13:57Z,run,2022-11-29T22:19:59Z,-8.05527656,-34.95116675,168.0,86.0
2022-11-29T22:13:57Z,run,2022-11-29T22:20:00Z,-8.05528022,-34.95114175,168.0,86.0
2022-11-29T22:13:57Z,run,2022-11-29T22:20:01Z,-8.05528388,-34.9511161,167.0,86.0
2022-11-29T22:13:57Z,run,2022-11-29T22:20:02Z,-8.05528854,-34.95109011,167.0,86.0
2022-11-29T22:13:57Z,run,2022-11-29T22:20:03Z,-8.0552922,-34.95106412,166.0,86.0
2022-11-29T22:13:57Z,run,2022-11-29T22:20:04Z,-8.05529453,-34.95103812,165.0,86.0
2022-11-29T22:13:57Z,run,2022-11-29T22:20:05Z,-8.05529585,-34.95101146,164.0,86.0
2022-11-29T22:13:57Z,run,2022-11-29T22:20:06Z,-8.05529652,-34.95098614,164.0,86.0
2022-11-29T22:13:57Z,run,2022-11-29T22:20:07Z,-8.05529817,-34.95096114,164.0,86.0
2022-11-29T22:13:57Z,run,2022-11-29T22:20:08Z,-8.05530084,-34.9509368,165.0,87.0
2022-11-29T22:13:57Z,run,2022-11-29T22:20:09Z,-8.05530417,-34.95091348,165.0,86.0
2022-11-29T22:13:57Z,run,2022-11-29T22:20:10Z,-8.0553075,-34.95088948,165.0,86.0
2022-11-29T22:13:57Z,run,2022-11-29T22:20:11Z,-8.05530983,-34.95086516,165.0,85.0
2022-11-29T22:13:57Z,run,2022-11-29T22:20:12Z,-8.05530983,-34.95084016,165.0,85.0
2022-11-29T22:13:57Z,run,2022-11-29T22:20:13Z,-8.05531149,-34.9508145,165.0,85.0
2022-11-29T22:13:57Z,run,2022-11-29T22:20:14Z,-8.05531414,-34.95079017,165.0,86.0
2022-11-29T22:13:57Z,run,2022-11-29T22:20:15Z,-8.05531748,-34.95076517,165.0,85.0
2022-11-29T22:13:57Z,run,2022-11-29T22:20:16Z,-8.05532213,-34.95074051,164.0,85.0
2022-11-29T22:13:57Z,run,2022-11-29T22:20:17Z,-8.05532613,-34.95071651,163.0,85.0
2022-11-29T22:13:57Z,run,2022-11-29T22:20:18Z,-8.05533013,-34.95069218,163.0,86.0
2022-11-29T22:13:57Z,run,2022-11-29T22:20:19Z,-8.05533413,-34.95066785,163.0,86.0
2022-11-29T22:13:57Z,run,2022-11-29T22:20:20Z,-8.05533779,-34.95064352,163.0,86.0
2022-11-29T22:13:57Z,run,2022-11-29T22:20:21Z,-8.05534145,-34.95061919,163.0,86.0
2022-11-29T22:13:57Z,run,2022-11-29T22:20:22Z,-8.05534478,-34.9505932,164.0,86.0
2022-11-29T22:13:57Z,run,2022-11-29T22:20:23Z,-8.05534977,-34.95056786,165.0,87.0
2022-11-29T22:13:57Z,run,2022-11-29T22:20:24Z,-8.05535443,-34.95054221,165.0,87.0
2022-11-29T22:13:57Z,run,2022-11-29T22:20:25Z,-8.05535843,-34.95051754,165.0,87.0
2022-11-29T22:13:57Z,run,2022-11-29T22:20:26Z,-8.05536208,-34.95049288,165.0,87.0
2022-11-29T22:13:57Z,run,2022-11-29T22:20:27Z,-8.05536441,-34.95046788,165.0,86.0
2022-11-29T22:13:57Z,run,2022-11-29T22:20:28Z,-8.05536607,-34.95044256,164.0,86.0
2022-11-29T22:13:57Z,run,2022-11-29T22:20:29Z,-8.05536741,-34.95041656,164.0,86.0
2022-11-29T22:13:57Z,run,2022-11-29T22:20:30Z,-8.05536806,-34.95039124,164.0,86.0
2022-11-29T22:13:57Z,run,2022-11-29T22:20:31Z,-8.05536674,-34.95036525,164.0,86.0
2022-11-29T22:13:57Z,run,2022-11-29T22:20:32Z,-8.05536407,-34.95034025,164.0,85.0
2022-11-29T22:13:57Z,run,2022-11-29T22:20:33Z,-8.05535908,-34.95031525,163.0,85.0
2022-11-29T22:13:57Z,run,2022-11-29T22:20:34Z,-8.05535276,-34.95029126,162.0,85.0
2022-11-29T22:13:57Z,run,2022-11-29T22:20:35Z,-8.05534509,-34.95026726,162.0,86.0
2022-11-29T22:13:57Z,run,2022-11-29T22:20:36Z,-8.05533744,-34.95024393,162.0,86.0
2022-11-29T22:13:57Z,run,2022-11-29T22:20:37Z,-8.05532945,-34.95022028,162.0,86.0
2022-11-29T22:13:57Z,run,2022-11-29T22:20:38Z,-8.05532111,-34.95019728,164.0,87.0
2022-11-29T22:13:57Z,run,2022-11-29T22:20:39Z,-8.05531346,-34.95017429,166.0,86.0
2022-11-29T22:13:57Z,run,2022-11-29T22:20:40Z,-8.05530646,-34.95015229,167.0,85.0
2022-11-29T22:13:57Z,run,2022-11-29T22:20:41Z,-8.05529746,-34.95013163,167.0,85.0
2022-11-29T22:13:57Z,run,2022-11-29T22:20:42Z,-8.05528779,-34.95011097,167.0,85.0
2022-11-29T22:13:57Z,run,2022-11-29T22:20:43Z,-8.05527847,-34.95009098,167.0,85.0
2022-11-29T22:13:57Z,run,2022-11-29T22:20:44Z,-8.05527014,-34.95007133,166.0,85.0
2022-11-29T22:13:57Z,run,2022-11-29T22:20:45Z,-8.05526281,-34.95005134,166.0,84.0
2022-11-29T22:13:57Z,run,2022-11-29T22:20:46Z,-8.05525649,-34.950031,167.0,84.0
2022-11-29T22:13:57Z,run,2022-11-29T22:20:47Z,-8.05524916,-34.95001068,166.0,84.0
2022-11-29T22:13:57Z,run,2022-11-29T22:20:48Z,-8.0552405,-34.94999135,166.0,85.0
2022-11-29T22:13:57Z,run,2022-11-29T22:20:49Z,-8.0552295,-34.94997402,166.0,85.0
2022-11-29T22:13:57Z,run,2022-11-29T22:20:50Z,-8.05521517,-34.9499597,167.0,85.0
2022-11-29T22:13:57Z,run,2022-11-29T22:20:51Z,-8.05519918,-34.94994804,168.0,85.0
2022-11-29T22:13:57Z,run,2022-11-29T22:20:52Z,-8.05518085,-34.94993804,169.0,85.0
2022-11-29T22:13:57Z,run,2022-11-29T22:20:53Z,-8.05516119,-34.94992772,169.0,85.0
2022-11-29T22:13:57Z,run,2022-11-29T22:20:54Z,-8.05514119,-34.94991739,168.0,86.0
2022-11-29T22:13:57Z,run,2022-11-29T22:20:55Z,-8.05512054,-34.94990639,168.0,86.0
2022-11-29T22:13:57Z,run,2022-11-29T22:20:56Z,-8.0550982,-34.94989505,168.0,86.0
2022-11-29T22:13:57Z,run,2022-11-29T22:20:57Z,-8.05507587,-34.94988506,167.0,86.0
2022-11-29T22:13:57Z,run,2022-11-29T22:20:58Z,-8.05505321,-34.94987473,167.0,87.0
2022-11-29T22:13:57Z,run,2022-11-29T22:20:59Z,-8.05503122,-34.94986341,167.0,86.0
2022-11-29T22:13:57Z,run,2022-11-29T22:21:00Z,-8.05500889,-34.94985274,166.0,86.0
2022-11-29T22:13:57Z,run,2022-11-29T22:21:01Z,-8.05498722,-34.94984174,166.0,86.0
2022-11-29T22:13:57Z,run,2022-11-29T22:21:02Z,-8.05496622,-34.94982942,167.0,86.0
2022-11-29T22:13:57Z,run,2022-11-29T22:21:03Z,-8.0549459,-34.94981608,167.0,87.0
2022-11-29T22:13:57Z,run,2022-11-29T22:21:04Z,-8.05492491,-34.94980275,167.0,87.0
2022-11-29T22:13:57Z,run,2022-11-29T22:21:05Z,-8.05490558,-34.94979009,167.0,87.0
2022-11-29T22:13:57Z,run,2022-11-29T22:21:06Z,-8.05488559,-34.9497781,167.0,86.0
2022-11-29T22:13:57Z,run,2022-11-29T22:21:08Z,-8.05486525,-34.9497671,167.0,86.0
2022-11-29T22:13:57Z,run,2022-11-29T22:21:08Z,-8.0548436,-34.9497561,167.0,86.0
2022-11-29T22:13:57Z,run,2022-11-29T22:21:09Z,-8.05482326,-34.94974544,168.0,86.0
2022-11-29T22:13:57Z,run,2022-11-29T22:21:10Z,-8.05480294,-34.94973577,168.0,86.0
2022-11-29T22:13:57Z,run,2022-11-29T22:21:11Z,-8.05478295,-34.94972578,168.0,86.0
2022-11-29T22:13:57Z,run,2022-11-29T22:21:12Z,-8.05476162,-34.94971646,168.0,86.0
2022-11-29T22:13:57Z,run,2022-11-29T22:21:14Z,-8.05474096,-34.94970579,169.0,86.0
2022-11-29T22:13:57Z,run,2022-11-29T22:21:14Z,-8.05471964,-34.94969579,169.0,86.0
2022-11-29T22:13:57Z,run,2022-11-29T22:21:15Z,-8.05469831,-34.94968647,169.0,86.0
2022-11-29T22:13:57Z,run,2022-11-29T22:21:16Z,-8.05467698,-34.94967748,168.0,86.0
2022-11-29T22:13:57Z,run,2022-11-29T22:21:17Z,-8.05465499,-34.94966748,168.0,86.0
2022-11-29T22:13:57Z,run,2022-11-29T22:21:18Z,-8.05463266,-34.94965715,168.0,86.0
2022-11-29T22:13:57Z,run,2022-11-29T22:21:19Z,-8.05461032,-34.94964782,168.0,86.0
2022-11-29T22:13:57Z,run,2022-11-29T22:21:20Z,-8.054589,-34.94963949,168.0,86.0
2022-11-29T22:13:57Z,run,2022-11-29T22:21:21Z,-8.054568,-34.94963182,168.0,86.0
2022-11-29T22:13:57Z,run,2022-11-29T22:21:22Z,-8.05454734,-34.94962316,168.0,87.0
2022-11-29T22:13:57Z,run,2022-11-29T22:21:23Z,-8.05452634,-34.94961483,168.0,86.0
2022-11-29T22:13:57Z,run,2022-11-29T22:21:24Z,-8.05450502,-34.94960584,168.0,86.0
2022-11-29T22:13:57Z,run,2022-11-29T22:21:25Z,-8.05448402,-34.94959585,168.0,85.0
2022-11-29T22:13:57Z,run,2022-11-29T22:21:26Z,-8.0544637,-34.94958552,168.0,85.0
2022-11-29T22:13:57Z,run,2022-11-29T22:21:27Z,-8.05444336,-34.94957518,169.0,85.0
2022-11-29T22:13:57Z,run,2022-11-29T22:21:28Z,-8.05442371,-34.94956453,172.0,85.0
2022-11-29T22:13:57Z,run,2022-11-29T22:21:29Z,-8.05440438,-34.94955319,175.0,85.0
2022-11-29T22:13:57Z,run,2022-11-29T22:21:30Z,-8.05438539,-34.94954219,176.0,85.0
2022-11-29T22:13:57Z,run,2022-11-29T22:21:31Z,-8.05436507,-34.94953119,176.0,86.0
2022-11-29T22:13:57Z,run,2022-11-29T22:21:32Z,-8.05434407,-34.94952019,176.0,86.0
2022-11-29T22:13:57Z,run,2022-11-29T22:21:33Z,-8.05432307,-34.94950887,177.0,86.0
2022-11-29T22:13:57Z,run,2022-11-29T22:21:34Z,-8.05430174,-34.94949755,178.0,85.0
2022-11-29T22:13:57Z,run,2022-11-29T22:21:35Z,-8.05428041,-34.94948589,177.0,86.0
2022-11-29T22:13:57Z,run,2022-11-29T22:21:36Z,-8.05425909,-34.94947556,176.0,86.0
2022-11-29T22:13:57Z,run,2022-11-29T22:21:37Z,-8.05423742,-34.94946522,177.0,85.0
2022-11-29T22:13:57Z,run,2022-11-29T22:21:38Z,-8.0542171,-34.9494549,177.0,85.0
2022-11-29T22:13:57Z,run,2022-11-29T22:21:39Z,-8.05419711,-34.9494439,176.0,85.0
2022-11-29T22:13:57Z,run,2022-11-29T22:21:40Z,-8.05417679,-34.94943224,176.0,85.0
2022-11-29T22:13:57Z,run,2022-11-29T22:21:41Z,-8.05415579,-34.94942158,176.0,85.0
2022-11-29T22:13:57Z,run,2022-11-29T22:21:42Z,-8.05413545,-34.94941024,176.0,84.0
2022-11-29T22:13:57Z,run,2022-11-29T22:21:43Z,-8.05411613,-34.94939791,175.0,84.0
2022-11-29T22:13:57Z,run,2022-11-29T22:21:44Z,-8.05409646,-34.94938459,175.0,84.0
2022-11-29T22:13:57Z,run,2022-11-29T22:21:45Z,-8.05407646,-34.94937125,175.0,84.0
2022-11-29T22:13:57Z,run,2022-11-29T22:21:46Z,-8.05405614,-34.94935792,175.0,84.0
2022-11-29T22:13:57Z,run,2022-11-29T22:21:47Z,-8.05403615,-34.94934425,175.0,85.0
2022-11-29T22:13:57Z,run,2022-11-29T22:21:48Z,-8.05401515,-34.94933059,175.0,85.0
2022-11-29T22:13:57Z,run,2022-11-29T22:21:49Z,-8.05399316,-34.9493186,175.0,86.0
2022-11-29T22:13:57Z,run,2022-11-29T22:21:50Z,-8.05397149,-34.94930793,175.0,86.0
2022-11-29T22:13:57Z,run,2022-11-29T22:21:51Z,-8.05394916,-34.94929827,176.0,86.0
2022-11-29T22:13:57Z,run,2022-11-29T22:21:52Z,-8.05392683,-34.94928895,176.0,86.0
2022-11-29T22:13:57Z,run,2022-11-29T22:21:53Z,-8.05390617,-34.94928228,176.0,86.0
2022-11-29T22:13:57Z,run,2022-11-29T22:21:54Z,-8.05388384,-34.94927629,175.0,85.0
2022-11-29T22:13:57Z,run,2022-11-29T22:21:55Z,-8.05386284,-34.94926964,174.0,84.0
2022-11-29T22:13:57Z,run,2022-11-29T22:21:56Z,-8.05384218,-34.9492613,174.0,84.0
2022-11-29T22:13:57Z,run,2022-11-29T22:21:57Z,-8.05382186,-34.9492473,174.0,85.0
2022-11-29T22:13:57Z,run,2022-11-29T22:21:58Z,-8.05380287,-34.94923231,175.0,85.0
2022-11-29T22:13:57Z,run,2022-11-29T22:21:59Z,-8.05378388,-34.94921631,175.0,86.0
2022-11-29T22:13:57Z,run,2022-11-29T22:22:00Z,-8.05376522,-34.94920098,174.0,86.0
2022-11-29T22:13:57Z,run,2022-11-29T22:22:01Z,-8.05374655,-34.94918566,174.0,86.0
2022-11-29T22:13:57Z,run,2022-11-29T22:22:02Z,-8.05372623,-34.949171,174.0,86.0
2022-11-29T22:13:57Z,run,2022-11-29T22:22:03Z,-8.05370624,-34.94915668,174.0,86.0
2022-11-29T22:13:57Z,run,2022-11-29T22:22:04Z,-8.05368457,-34.94914434,174.0,86.0
2022-11-29T22:13:57Z,run,2022-11-29T22:22:05Z,-8.05366224,-34.94913269,174.0,86.0
2022-11-29T22:13:57Z,run,2022-11-29T22:22:06Z,-8.05364025,-34.94912135,175.0,86.0
2022-11-29T22:13:57Z,run,2022-11-29T22:22:07Z,-8.05361893,-34.94910903,175.0,87.0
2022-11-29T22:13:57Z,run,2022-11-29T22:22:08Z,-8.0535976,-34.94909771,175.0,87.0
2022-11-29T22:13:57Z,run,2022-11-29T22:22:09Z,-8.05357595,-34.94908671,176.0,87.0
2022-11-29T22:13:57Z,run,2022-11-29T22:22:10Z,-8.05355395,-34.94907505,176.0,86.0
2022-11-29T22:13:57Z,run,2022-11-29T22:22:11Z,-8.05353196,-34.94906272,176.0,86.0
2022-11-29T22:13:57Z,run,2022-11-29T22:22:12Z,-8.0535093,-34.94905006,176.0,86.0
2022-11-29T22:13:57Z,run,2022-11-29T22:22:13Z,-8.0534863,-34.94903874,176.0,86.0
2022-11-29T22:13:57Z,run,2022-11-29T22:22:14Z,-8.05346331,-34.9490274,176.0,86.0
2022-11-29T22:13:57Z,run,2022-11-29T22:22:15Z,-8.05344164,-34.94901608,176.0,86.0
2022-11-29T22:13:57Z,run,2022-11-29T22:22:16Z,-8.05342031,-34.94900441,174.0,86.0
2022-11-29T22:13:57Z,run,2022-11-29T22:22:17Z,-8.05340132,-34.94899142,174.0,86.0
2022-11-29T22:13:57Z,run,2022-11-29T22:22:18Z,-8.05338333,-34.94897643,173.0,85.0
2022-11-29T22:13:57Z,run,2022-11-29T22:22:19Z,-8.05336933,-34.94895877,172.0,85.0
2022-11-29T22:13:57Z,run,2022-11-29T22:22:20Z,-8.05335601,-34.94894078,172.0,85.0
2022-11-29T22:13:57Z,run,2022-11-29T22:22:21Z,-8.05334134,-34.94892444,171.0,86.0
2022-11-29T22:13:57Z,run,2022-11-29T22:22:22Z,-8.05332635,-34.94890912,171.0,86.0
2022-11-29T22:13:57Z,run,2022-11-29T22:22:23Z,-8.05330936,-34.94889379,171.0,85.0
2022-11-29T22:13:57Z,run,2022-11-29T22:22:24Z,-8.05329169,-34.94887979,172.0,85.0
2022-11-29T22:13:57Z,run,2022-11-29T22:22:25Z,-8.05327303,-34.94886713,172.0,85.0
2022-11-29T22:13:57Z,run,2022-11-29T22:22:26Z,-8.0532537,-34.9488568,171.0,85.0
2022-11-29T22:13:57Z,run,2022-11-29T22:22:27Z,-8.0532327,-34.94884846,171.0,85.0
2022-11-29T22:13:57Z,run,2022-11-29T22:22:27Z,-8.0532117,-34.94884147,171.0,86.0
2022-11-29T22:13:57Z,run,2022-11-29T22:22:28Z,-8.05319005,-34.94883647,171.0,87.0
2022-11-29T22:13:57Z,run,2022-11-29T22:22:29Z,-8.05316772,-34.94883181,170.0,87.0
2022-11-29T22:13:57Z,run,2022-11-29T22:22:30Z,-8.05314539,-34.94882614,170.0,87.0
2022-11-29T22:13:57Z,run,2022-11-29T22:22:31Z,-8.05312406,-34.94882047,169.0,86.0
2022-11-29T22:13:57Z,run,2022-11-29T22:22:32Z,-8.05310373,-34.94881482,169.0,86.0
2022-11-29T22:13:57Z,run,2022-11-29T22:22:33Z,-8.05308341,-34.94880682,169.0,87.0
2022-11-29T22:13:57Z,run,2022-11-29T22:22:34Z,-8.05306341,-34.94879749,169.0,87.0
2022-11-29T22:13:57Z,run,2022-11-29T22:22:35Z,-8.05304309,-34.94878749,168.0,87.0
2022-11-29T22:13:57Z,run,2022-11-29T22:22:36Z,-8.05302243,-34.94877784,168.0,86.0
2022-11-29T22:13:57Z,run,2022-11-29T22:22:37Z,-8.05300143,-34.94876851,168.0,86.0
2022-11-29T22:13:57Z,run,2022-11-29T22:22:38Z,-8.05297976,-34.94875885,168.0,86.0
2022-11-29T22:13:57Z,run,2022-11-29T22:22:39Z,-8.05295743,-34.94874852,168.0,86.0
2022-11-29T22:13:57Z,run,2022-11-29T22:22:40Z,-8.05293544,-34.94873786,168.0,86.0
2022-11-29T22:13:57Z,run,2022-11-29T22:22:41Z,-8.05291345,-34.94872752,169.0,86.0
2022-11-29T22:13:57Z,run,2022-11-29T22:22:42Z,-8.05289112,-34.94871652,169.0,86.0
2022-11-29T22:13:57Z,run,2022-11-29T22:22:43Z,-8.05286913,-34.94870619,169.0,86.0
2022-11-29T22:13:57Z,run,2022-11-29T22:22:44Z,-8.05284746,-34.94869387,169.0,86.0
2022-11-29T22:13:57Z,run,2022-11-29T22:22:45Z,-8.05282646,-34.94868154,171.0,86.0
2022-11-29T22:13:57Z,run,2022-11-29T22:22:46Z,-8.05280647,-34.94866888,173.0,87.0
2022-11-29T22:13:57Z,run,2022-11-29T22:22:47Z,-8.05278647,-34.94865589,175.0,87.0
2022-11-29T22:13:57Z,run,2022-11-29T22:22:48Z,-8.05276648,-34.94864189,175.0,86.0
2022-11-29T22:13:57Z,run,2022-11-29T22:22:49Z,-8.05274582,-34.94862722,175.0,86.0
2022-11-29T22:13:57Z,run,2022-11-29T22:22:50Z,-8.0527255,-34.9486139,175.0,86.0
2022-11-29T22:13:57Z,run,2022-11-29T22:22:51Z,-8.05270583,-34.9485999,175.0,85.0
2022-11-29T22:13:57Z,run,2022-11-29T22:22:52Z,-8.0526865,-34.9485859,176.0,86.0
2022-11-29T22:13:57Z,run,2022-11-29T22:22:53Z,-8.05266651,-34.9485719,179.0,86.0
2022-11-29T22:13:57Z,run,2022-11-29T22:22:54Z,-8.05264585,-34.94855856,180.0,86.0
2022-11-29T22:13:57Z,run,2022-11-29T22:22:55Z,-8.05262485,-34.94854724,179.0,86.0
2022-11-29T22:13:57Z,run,2022-11-29T22:22:56Z,-8.05260485,-34.94853657,179.0,86.0
2022-11-29T22:13:57Z,run,2022-11-29T22:22:57Z,-8.0525842,-34.94852658,179.0,86.0
2022-11-29T22:13:57Z,run,2022-11-29T22:22:58Z,-8.05256287,-34.94851758,178.0,86.0
2022-11-29T22:13:57Z,run,2022-11-29T22:22:59Z,-8.05254187,-34.94850893,180.0,86.0
2022-11-29T22:13:57Z,run,2022-11-29T22:23:00Z,-8.05252054,-34.94849827,180.0,86.0
2022-11-29T22:13:57Z,run,2022-11-29T22:23:01Z,-8.05249988,-34.9484866,180.0,86.0
2022-11-29T22:13:57Z,run,2022-11-29T22:23:02Z,-8.05247856,-34.94847428,180.0,86.0
2022-11-29T22:13:57Z,run,2022-11-29T22:23:03Z,-8.05245789,-34.94846395,179.0,86.0
2022-11-29T22:13:57Z,run,2022-11-29T22:23:04Z,-8.0524369,-34.94845529,179.0,86.0
2022-11-29T22:13:57Z,run,2022-11-29T22:23:05Z,-8.05241557,-34.94844763,179.0,87.0
2022-11-29T22:13:57Z,run,2022-11-29T22:23:06Z,-8.05239425,-34.9484393,179.0,87.0
2022-11-29T22:13:57Z,run,2022-11-29T22:23:07Z,-8.05237292,-34.94842997,179.0,86.0
2022-11-29T22:13:57Z,run,2022-11-29T22:23:08Z,-8.05235026,-34.94841998,179.0,86.0
2022-11-29T22:13:57Z,run,2022-11-29T22:23:09Z,-8.0523266,-34.94840798,179.0,86.0
2022-11-29T22:13:57Z,run,2022-11-29T22:23:10Z,-8.05230394,-34.94839365,178.0,86.0
2022-11-29T22:13:57Z,run,2022-11-29T22:23:11Z,-8.05228361,-34.94837633,177.0,86.0
2022-11-29T22:13:57Z,run,2022-11-29T22:23:12Z,-8.05226562,-34.94835767,177.0,86.0
2022-11-29T22:13:57Z,run,2022-11-29T22:23:13Z,-8.05224863,-34.94833967,176.0,86.0
2022-11-29T22:13:57Z,run,2022-11-29T22:23:14Z,-8.05223396,-34.94831935,176.0,86.0
2022-11-29T22:13:57Z,run,2022-11-29T22:23:15Z,-8.05222064,-34.94829768,176.0,85.0
2022-11-29T22:13:57Z,run,2022-11-29T22:23:16Z,-8.05220865,-34.94827469,175.0,85.0
2022-11-29T22:13:57Z,run,2022-11-29T22:23:17Z,-8.05219932,-34.94825104,174.0,84.0
2022-11-29T22:13:57Z,run,2022-11-29T22:23:18Z,-8.05219199,-34.94822704,173.0,85.0
2022-11-29T22:13:57Z,run,2022-11-29T22:23:19Z,-8.05218667,-34.94820271,173.0,86.0
2022-11-29T22:13:57Z,run,2022-11-29T22:23:20Z,-8.052182,-34.94817838,173.0,86.0
2022-11-29T22:13:57Z,run,2022-11-29T22:23:21Z,-8.05217835,-34.94815405,173.0,86.0
2022-11-29T22:13:57Z,run,2022-11-29T22:23:22Z,-8.05217501,-34.94812806,173.0,86.0
2022-11-29T22:13:57Z,run,2022-11-29T22:23:23Z,-8.05217269,-34.94810173,172.0,86.0
2022-11-29T22:13:57Z,run,2022-11-29T22:23:24Z,-8.05217036,-34.94807573,170.0,86.0
2022-11-29T22:13:57Z,run,2022-11-29T22:23:25Z,-8.05216937,-34.94805041,170.0,87.0
2022-11-29T22:13:57Z,run,2022-11-29T22:23:26Z,-8.0521687,-34.94802541,170.0,87.0
2022-11-29T22:13:57Z,run,2022-11-29T22:23:27Z,-8.05216771,-34.94800009,170.0,86.0
2022-11-29T22:13:57Z,run,2022-11-29T22:23:28Z,-8.05216803,-34.94797543,170.0,86.0
2022-11-29T22:13:57Z,run,2022-11-29T22:23:29Z,-8.05216937,-34.9479511,170.0,86.0
2022-11-29T22:13:57Z,run,2022-11-29T22:23:30Z,-8.05217069,-34.94792777,169.0,87.0
2022-11-29T22:13:57Z,run,2022-11-29T22:23:31Z,-8.05217136,-34.94790478,169.0,86.0
2022-11-29T22:13:57Z,run,2022-11-29T22:23:32Z,-8.05217002,-34.94788278,169.0,86.0
2022-11-29T22:13:57Z,run,2022-11-29T22:23:33Z,-8.05216637,-34.94786112,168.0,86.0
2022-11-29T22:13:57Z,run,2022-11-29T22:23:34Z,-8.0521617,-34.94784046,168.0,86.0
2022-11-29T22:13:57Z,run,2022-11-29T22:23:35Z,-8.0521547,-34.94781979,167.0,86.0
2022-11-29T22:13:57Z,run,2022-11-29T22:23:36Z,-8.05214738,-34.94779746,165.0,86.0
2022-11-29T22:13:57Z,run,2022-11-29T22:23:37Z,-8.05214004,-34.94777347,164.0,86.0
2022-11-29T22:13:57Z,run,2022-11-29T22:23:38Z,-8.05213339,-34.94774815,164.0,86.0
2022-11-29T22:13:57Z,run,2022-11-29T22:23:39Z,-8.05212739,-34.94772249,164.0,86.0
2022-11-29T22:13:57Z,run,2022-11-29T22:23:40Z,-8.05212339,-34.94769683,164.0,87.0
2022-11-29T22:13:57Z,run,2022-11-29T22:23:41Z,-8.05212206,-34.94767118,164.0,87.0
2022-11-29T22:13:57Z,run,2022-11-29T22:23:42Z,-8.05212141,-34.94764484,165.0,86.0
2022-11-29T22:13:57Z,run,2022-11-29T22:23:43Z,-8.05211974,-34.94761984,166.0,86.0
2022-11-29T22:13:57Z,run,2022-11-29T22:23:44Z,-8.05211675,-34.94759619,166.0,86.0
2022-11-29T22:13:57Z,run,2022-11-29T22:23:45Z,-8.05211142,-34.94757385,166.0,86.0
2022-11-29T22:13:57Z,run,2022-11-29T22:23:47Z,-8.05210343,-34.94755185,167.0,86.0
2022-11-29T22:13:57Z,run,2022-11-29T22:23:47Z,-8.05209209,-34.94753086,167.0,86.0
2022-11-29T22:13:57Z,run,2022-11-29T22:23:48Z,-8.05207676,-34.94751453,168.0,85.0
2022-11-29T22:13:57Z,run,2022-11-29T22:23:49Z,-8.05205909,-34.9475042,169.0,85.0
2022-11-29T22:13:57Z,run,2022-11-29T22:23:50Z,-8.05204043,-34.94750121,169.0,85.0
2022-11-29T22:13:57Z,run,2022-11-29T22:23:51Z,-8.05202244,-34.94750453,169.0,85.0
2022-11-29T22:13:57Z,run,2022-11-29T22:23:52Z,-8.05200644,-34.94751486,169.0,85.0
2022-11-29T22:13:57Z,run,2022-11-29T22:23:53Z,-8.05198978,-34.94752753,169.0,85.0
2022-11-29T22:13:57Z,run,2022-11-29T22:23:54Z,-8.05197545,-34.94753852,169.0,85.0
2022-11-29T22:13:57Z,run,2022-11-29T22:23:55Z,-8.05196611,-34.94755219,168.0,84.0
2022-11-29T22:13:57Z,run,2022-11-29T22:23:57Z,-8.05196211,-34.94756819,167.0,84.0
2022-11-29T22:13:57Z,run,2022-11-29T22:23:57Z,-8.05196012,-34.94758452,167.0,84.0
2022-11-29T22:13:57Z,run,2022-11-29T22:23:58Z,-8.05196078,-34.94760251,167.0,85.0
2022-11-29T22:13:57Z,run,2022-11-29T22:23:59Z,-8.05196278,-34.9476225,167.0,84.0
2022-11-29T22:13:57Z,run,2022-11-29T22:24:00Z,-8.05196478,-34.94764383,167.0,83.0
2022-11-29T22:13:57Z,run,2022-11-29T22:24:01Z,-8.05196745,-34.94766649,167.0,83.0
2022-11-29T22:13:57Z,run,2022-11-29T22:24:02Z,-8.05196844,-34.94768882,167.0,83.0
2022-11-29T22:13:57Z,run,2022-11-29T22:24:03Z,-8.05196976,-34.94771215,167.0,84.0
2022-11-29T22:13:57Z,run,2022-11-29T22:24:04Z,-8.05196877,-34.94773648,168.0,85.0
2022-11-29T22:13:57Z,run,2022-11-29T22:24:05Z,-8.05196177,-34.94775548,168.0,84.0
2022-11-29T22:13:57Z,run,2022-11-29T22:24:06Z,-8.05194944,-34.94776948,169.0,83.0
2022-11-29T22:13:57Z,run,2022-11-29T22:24:07Z,-8.05193544,-34.9477798,168.0,82.0
2022-11-29T22:13:57Z,run,2022-11-29T22:24:08Z,-8.05191978,-34.94778579,168.0,83.0
2022-11-29T22:13:57Z,run,2022-11-29T22:24:09Z,-8.05190146,-34.94778746,168.0,83.0
2022-11-29T22:13:57Z,run,2022-11-29T22:24:10Z,-8.05187947,-34.94778613,168.0,84.0
2022-11-29T22:13:57Z,run,2022-11-29T22:24:11Z,-8.05185613,-34.94778414,167.0,84.0
2022-11-29T22:13:57Z,run,2022-11-29T22:24:12Z,-8.05183247,-34.94778214,167.0,84.0
2022-11-29T22:13:57Z,run,2022-11-29T22:24:13Z,-8.05180848,-34.94778014,167.0,85.0
2022-11-29T22:13:57Z,run,2022-11-29T22:24:14Z,-8.05178449,-34.94777548,168.0,86.0
2022-11-29T22:13:57Z,run,2022-11-29T22:24:15Z,-8.05176082,-34.94776981,168.0,86.0
2022-11-29T22:13:57Z,run,2022-11-29T22:24:16Z,-8.05173683,-34.94776581,168.0,86.0
2022-11-29T22:13:57Z,run,2022-11-29T22:24:17Z,-8.05171284,-34.94776348,169.0,86.0
2022-11-29T22:13:57Z,run,2022-11-29T22:24:18Z,-8.05168917,-34.94776049,170.0,87.0
2022-11-29T22:13:57Z,run,2022-11-29T22:24:19Z,-8.05166518,-34.94775816,171.0,86.0
2022-11-29T22:13:57Z,run,2022-11-29T22:24:20Z,-8.05164019,-34.94775849,172.0,86.0
2022-11-29T22:13:57Z,run,2022-11-29T22:24:21Z,-8.05161453,-34.94776048,172.0,86.0
2022-11-29T22:13:57Z,run,2022-11-29T22:24:22Z,-8.05158919,-34.94776248,173.0,86.0
2022-11-29T22:13:57Z,run,2022-11-29T22:24:23Z,-8.0515642,-34.94776248,173.0,86.0
2022-11-29T22:13:57Z,run,2022-11-29T22:24:24Z,-8.05153954,-34.94775949,174.0,86.0
2022-11-29T22:13:57Z,run,2022-11-29T22:24:25Z,-8.05151421,-34.94775583,174.0,85.0
2022-11-29T22:13:57Z,run,2022-11-29T22:24:26Z,-8.05148955,-34.9477525,174.0,85.0
2022-11-29T22:13:57Z,run,2022-11-29T22:24:27Z,-8.05146522,-34.94775018,174.0,85.0
2022-11-29T22:13:57Z,run,2022-11-29T22:24:28Z,-8.0514399,-34.94774651,174.0,85.0
2022-11-29T22:13:57Z,run,2022-11-29T22:24:29Z,-8.0514129,-34.94774152,174.0,86.0
2022-11-29T22:13:57Z,run,2022-11-29T22:24:30Z,-8.05138591,-34.94773719,174.0,86.0
2022-11-29T22:13:57Z,run,2022-11-29T22:24:31Z,-8.05135892,-34.94773485,174.0,87.0
2022-11-29T22:13:57Z,run,2022-11-29T22:24:32Z,-8.05133325,-34.94773252,174.0,87.0
2022-11-29T22:13:57Z,run,2022-11-29T22:24:33Z,-8.0513086,-34.94772985,174.0,87.0
2022-11-29T22:13:57Z,run,2022-11-29T22:24:34Z,-8.05128361,-34.9477282,174.0,87.0
2022-11-29T22:13:57Z,run,2022-11-29T22:24:35Z,-8.05125861,-34.94772653,174.0,86.0
2022-11-29T22:13:57Z,run,2022-11-29T22:24:36Z,-8.05123428,-34.94772587,174.0,86.0
2022-11-29T22:13:57Z,run,2022-11-29T22:24:37Z,-8.05120962,-34.94772488,175.0,87.0
2022-11-29T22:13:57Z,run,2022-11-29T22:24:38Z,-8.05118495,-34.94772422,176.0,87.0
2022-11-29T22:13:57Z,run,2022-11-29T22:24:39Z,-8.05116063,-34.94772389,176.0,87.0
2022-11-29T22:13:57Z,run,2022-11-29T22:24:40Z,-8.05113596,-34.94772324,176.0,88.0
2022-11-29T22:13:57Z,run,2022-11-29T22:24:41Z,-8.05111096,-34.9477209,176.0,87.0
2022-11-29T22:13:57Z,run,2022-11-29T22:24:42Z,-8.05108496,-34.94771891,176.0,86.0
2022-11-29T22:13:57Z,run,2022-11-29T22:24:43Z,-8.05106029,-34.94771758,176.0,86.0
2022-11-29T22:13:57Z,run,2022-11-29T22:24:44Z,-8.0510353,-34.94771758,176.0,87.0
2022-11-29T22:13:57Z,run,2022-11-29T22:24:45Z,-8.0510093,-34.9477179,176.0,87.0
2022-11-29T22:13:57Z,run,2022-11-29T22:24:46Z,-8.05098364,-34.94771691,176.0,87.0
2022-11-29T22:13:57Z,run,2022-11-29T22:24:47Z,-8.05095897,-34.94771491,176.0,87.0
2022-11-29T22:13:57Z,run,2022-11-29T22:24:48Z,-8.05093464,-34.94771226,176.0,87.0
2022-11-29T22:13:57Z,run,2022-11-29T22:24:49Z,-8.05091031,-34.94770927,176.0,87.0
2022-11-29T22:13:57Z,run,2022-11-29T22:24:50Z,-8.05088499,-34.94770628,177.0,86.0
2022-11-29T22:13:57Z,run,2022-11-29T22:24:51Z,-8.05085933,-34.94770361,177.0,86.0
2022-11-29T22:13:57Z,run,2022-11-29T22:24:52Z,-8.05083433,-34.94770062,177.0,86.0
2022-11-29T22:13:57Z,run,2022-11-29T22:24:53Z,-8.05080901,-34.94769763,177.0,86.0
2022-11-29T22:13:57Z,run,2022-11-29T22:24:54Z,-8.05078301,-34.94769397,177.0,86.0
2022-11-29T22:13:57Z,run,2022-11-29T22:24:55Z,-8.05075602,-34.94768931,175.0,86.0
2022-11-29T22:13:57Z,run,2022-11-29T22:24:57Z,-8.05073203,-34.94768464,174.0,86.0
2022-11-29T22:13:57Z,run,2022-11-29T22:24:58Z,-8.05070636,-34.94767865,174.0,86.0
2022-11-29T22:13:57Z,run,2022-11-29T22:24:58Z,-8.05068104,-34.94767133,,
2022-11-29T22:13:57Z,run,2022-11-29T22:24:59Z,-8.05065605,-34.94766366,173.0,86.0
2022-11-29T22:13:57Z,run,2022-11-29T22:25:00Z,-8.05063138,-34.94765633,173.0,86.0
2022-11-29T22:13:57Z,run,2022-11-29T22:25:01Z,-8.05060538,-34.94765099,173.0,86.0
2022-11-29T22:13:57Z,run,2022-11-29T22:25:02Z,-8.05057872,-34.94764634,173.0,86.0
2022-11-29T22:13:57Z,run,2022-11-29T22:25:03Z,-8.05055273,-34.947642,173.0,86.0
2022-11-29T22:13:57Z,run,2022-11-29T22:25:04Z,-8.05052739,-34.94763868,174.0,87.0
2022-11-29T22:13:57Z,run,2022-11-29T22:25:05Z,-8.05050306,-34.94763569,174.0,86.0
2022-11-29T22:13:57Z,run,2022-11-29T22:25:06Z,-8.05047873,-34.9476327,173.0,87.0
2022-11-29T22:13:57Z,run,2022-11-29T22:25:07Z,-8.0504554,-34.94763003,173.0,87.0
2022-11-29T22:13:57Z,run,2022-11-29T22:25:08Z,-8.0504314,-34.94762904,174.0,87.0
2022-11-29T22:13:57Z,run,2022-11-29T22:25:09Z,-8.05040741,-34.94762871,174.0,87.0
2022-11-29T22:13:57Z,run,2022-11-29T22:25:10Z,-8.05038375,-34.94762871,173.0,86.0
2022-11-29T22:13:57Z,run,2022-11-29T22:25:11Z,-8.05036109,-34.94762805,173.0,87.0
2022-11-29T22:13:57Z,run,2022-11-29T22:25:12Z,-8.05033743,-34.94762706,172.0,87.0
2022-11-29T22:13:57Z,run,2022-11-29T22:25:13Z,-8.05031344,-34.94762573,172.0,86.0
2022-11-29T22:13:57Z,run,2022-11-29T22:25:14Z,-8.05029011,-34.94762441,173.0,86.0
2022-11-29T22:13:57Z,run,2022-11-29T22:25:15Z,-8.05026745,-34.94762241,173.0,86.0
2022-11-29T22:13:57Z,run,2022-11-29T22:25:16Z,-8.05024446,-34.94761875,174.0,87.0
2022-11-29T22:13:57Z,run,2022-11-29T22:25:17Z,-8.05022113,-34.94761442,174.0,87.0
2022-11-29T22:13:57Z,run,2022-11-29T22:25:18Z,-8.05019646,-34.94761009,175.0,87.0
2022-11-29T22:13:57Z,run,2022-11-29T22:25:19Z,-8.05017114,-34.94760677,175.0,86.0
2022-11-29T22:13:57Z,run,2022-11-29T22:25:20Z,-8.05014647,-34.9476041,175.0,86.0
2022-11-29T22:13:57Z,run,2022-11-29T22:25:21Z,-8.05012182,-34.94760111,175.0,87.0
2022-11-29T22:13:57Z,run,2022-11-29T22:25:22Z,-8.05009582,-34.94759678,175.0,87.0
2022-11-29T22:13:57Z,run,2022-11-29T22:25:23Z,-8.05007082,-34.94759445,175.0,87.0
2022-11-29T22:13:57Z,run,2022-11-29T22:25:24Z,-8.05004683,-34.94759346,175.0,86.0
2022-11-29T22:13:57Z,run,2022-11-29T22:25:25Z,-8.05002349,-34.94759511,175.0,86.0
2022-11-29T22:13:57Z,run,2022-11-29T22:25:26Z,-8.0500015,-34.94759845,175.0,86.0
2022-11-29T22:13:57Z,run,2022-11-29T22:25:27Z,-8.04997784,-34.94760044,174.0,86.0
2022-11-29T22:13:57Z,run,2022-11-29T22:25:28Z,-8.04995385,-34.94760144,174.0,86.0
2022-11-29T22:13:57Z,run,2022-11-29T22:25:29Z,-8.04992986,-34.94759944,174.0,86.0
2022-11-29T22:13:57Z,run,2022-11-29T22:25:30Z,-8.04990519,-34.94759578,174.0,86.0
2022-11-29T22:13:57Z,run,2022-11-29T22:25:31Z,-8.04987987,-34.94759279,173.0,86.0
2022-11-29T22:13:57Z,run,2022-11-29T22:25:32Z,-8.04985487,-34.94759079,172.0,87.0
2022-11-29T22:13:57Z,run,2022-11-29T22:25:33Z,-8.04983088,-34.94758512,172.0,87.0
2022-11-29T22:13:57Z,run,2022-11-29T22:25:34Z,-8.04980621,-34.94757947,172.0,87.0
2022-11-29T22:13:57Z,run,2022-11-29T22:25:35Z,-8.04978255,-34.94757413,172.0,87.0
2022-11-29T22:13:57Z,run,2022-11-29T22:25:36Z,-8.04975989,-34.94757014,171.0,87.0
2022-11-29T22:13:57Z,run,2022-11-29T22:25:37Z,-8.04973623,-34.94756449,170.0,88.0
2022-11-29T22:13:57Z,run,2022-11-29T22:25:38Z,-8.04971156,-34.94755915,170.0,88.0
2022-11-29T22:13:57Z,run,2022-11-29T22:25:39Z,-8.04968723,-34.94755515,170.0,88.0
2022-11-29T22:13:57Z,run,2022-11-29T22:25:40Z,-8.04966291,-34.94755083,170.0,88.0
2022-11-29T22:13:57Z,run,2022-11-29T22:25:41Z,-8.04963991,-34.9475455,171.0,86.0
2022-11-29T22:13:57Z,run,2022-11-29T22:25:42Z,-8.04961691,-34.94754116,172.0,85.0
2022-11-29T22:13:57Z,run,2022-11-29T22:25:43Z,-8.04959425,-34.94753851,172.0,85.0
2022-11-29T22:13:57Z,run,2022-11-29T22:25:44Z,-8.04957226,-34.94753618,173.0,85.0
2022-11-29T22:13:57Z,run,2022-11-29T22:25:45Z,-8.0495496,-34.94753352,173.0,85.0
2022-11-29T22:13:57Z,run,2022-11-29T22:25:46Z,-8.0495266,-34.94753253,173.0,85.0
2022-11-29T22:13:57Z,run,2022-11-29T22:25:47Z,-8.04950294,-34.9475312,173.0,85.0
2022-11-29T22:13:57Z,run,2022-11-29T22:25:48Z,-8.04947928,-34.94753088,173.0,85.0
2022-11-29T22:13:57Z,run,2022-11-29T22:25:49Z,-8.04945595,-34.94752988,173.0,85.0
2022-11-29T22:13:57Z,run,2022-11-29T22:25:50Z,-8.04943262,-34.94752556,173.0,85.0
2022-11-29T22:13:57Z,run,2022-11-29T22:25:51Z,-8.04940729,-34.94751556,172.0,85.0
2022-11-29T22:13:57Z,run,2022-11-29T22:25:52Z,-8.04938297,-34.94750123,172.0,85.0
2022-11-29T22:13:57Z,run,2022-11-29T22:25:53Z,-8.04935997,-34.94748557,172.0,85.0
2022-11-29T22:13:57Z,run,2022-11-29T22:25:54Z,-8.04933897,-34.94746858,171.0,85.0
2022-11-29T22:13:57Z,run,2022-11-29T22:25:55Z,-8.04931898,-34.94745159,171.0,86.0
2022-11-29T22:13:57Z,run,2022-11-29T22:25:56Z,-8.04930064,-34.94743426,170.0,86.0
2022-11-29T22:13:57Z,run,2022-11-29T22:25:57Z,-8.04928264,-34.94741594,170.0,86.0
2022-11-29T22:13:57Z,run,2022-11-29T22:25:58Z,-8.04926432,-34.94739661,170.0,86.0
2022-11-29T22:13:57Z,run,2022-11-29T22:25:59Z,-8.04924465,-34.94737628,170.0,86.0
2022-11-29T22:13:57Z,run,2022-11-29T22:26:00Z,-8.04922433,-34.94735528,169.0,86.0
2022-11-29T22:13:57Z,run,2022-11-29T22:26:01Z,-8.04920434,-34.94733396,167.0,86.0
2022-11-29T22:13:57Z,run,2022-11-29T22:26:02Z,-8.04918402,-34.94731296,167.0,86.0
2022-11-29T22:13:57Z,run,2022-11-29T22:26:03Z,-8.04916469,-34.94729297,167.0,85.0
2022-11-29T22:13:57Z,run,2022-11-29T22:26:04Z,-8.04914603,-34.9472733,167.0,85.0
2022-11-29T22:13:57Z,run,2022-11-29T22:26:05Z,-8.04912704,-34.94725498,167.0,85.0
2022-11-29T22:13:57Z,run,2022-11-29T22:26:06Z,-8.04910704,-34.94723731,166.0,86.0
2022-11-29T22:13:57Z,run,2022-11-29T22:26:07Z,-8.04908705,-34.94722199,165.0,86.0
2022-11-29T22:13:57Z,run,2022-11-29T22:26:08Z,-8.04906705,-34.94720599,165.0,83.0
2022-11-29T22:13:57Z,run,2022-11-29T22:26:09Z,-8.04904772,-34.94718999,165.0,83.0
2022-11-29T22:13:57Z,run,2022-11-29T22:26:10Z,-8.0490304,-34.94717533,165.0,83.0
2022-11-29T22:13:57Z,run,2022-11-29T22:26:11Z,-8.0490154,-34.94716268,165.0,83.0
2022-11-29T22:13:57Z,run,2022-11-29T22:26:12Z,-8.04900241,-34.94715268,165.0,83.0
2022-11-29T22:13:57Z,run,2022-11-29T22:26:13Z,-8.04899074,-34.94714369,165.0,83.0
2022-11-29T22:13:57Z,run,2022-11-29T22:27:41Z,-8.04916808,-34.94742534,153.0,83.0
2022-11-29T22:13:57Z,run,2022-11-29T22:27:42Z,-8.04917274,-34.94742435,153.0,83.0
2022-11-29T22:13:57Z,run,2022-11-29T22:27:43Z,-8.04918007,-34.94742468,153.0,
2022-11-29T22:13:57Z,run,2022-11-29T22:27:44Z,-8.04918873,-34.94742633,153.0,
2022-11-29T22:13:57Z,run,2022-11-29T22:27:45Z,-8.04919906,-34.947429,154.0,
2022-11-29T22:13:57Z,run,2022-11-29T22:27:46Z,-8.04921206,-34.94743167,155.0,
2022-11-29T22:13:57Z,run,2022-11-29T22:27:47Z,-8.04922705,-34.94743432,155.0,
2022-11-29T22:13:57Z,run,2022-11-29T22:27:48Z,-8.04924438,-34.94743799,155.0,
2022-11-29T22:13:57Z,run,2022-11-29T22:27:49Z,-8.04926304,-34.94744131,155.0,
2022-11-29T22:13:57Z,run,2022-11-29T22:27:50Z,-8.04928404,-34.9474453,156.0,
2022-11-29T22:13:57Z,run,2022-11-29T22:27:51Z,-8.04930736,-34.94744863,157.0,
2022-11-29T22:13:57Z,run,2022-11-29T22:27:52Z,-8.04933135,-34.94745229,158.0,87.0
2022-11-29T22:13:57Z,run,2022-11-29T22:27:53Z,-8.04935702,-34.94745496,158.0,87.0
2022-11-29T22:13:57Z,run,2022-11-29T22:27:54Z,-8.04938367,-34.94745562,159.0,87.0
2022-11-29T22:13:57Z,run,2022-11-29T22:27:55Z,-8.04941,-34.94745594,160.0,87.0
2022-11-29T22:13:57Z,run,2022-11-29T22:27:56Z,-8.04943566,-34.94745726,168.0,87.0
2022-11-29T22:13:57Z,run,2022-11-29T22:27:57Z,-8.04946199,-34.94746026,176.0,87.0
2022-11-29T22:13:57Z,run,2022-11-29T22:27:58Z,-8.04948799,-34.94746359,178.0,87.0
2022-11-29T22:13:57Z,run,2022-11-29T22:27:59Z,-8.04951298,-34.94746624,178.0,87.0
2022-11-29T22:13:57Z,run,2022-11-29T22:28:00Z,-8.04953697,-34.9474679,179.0,87.0
2022-11-29T22:13:57Z,run,2022-11-29T22:28:01Z,-8.04956063,-34.94746856,179.0,88.0
2022-11-29T22:13:57Z,run,2022-11-29T22:28:02Z,-8.04958497,-34.94746922,178.0,88.0
2022-11-29T22:13:57Z,run,2022-11-29T22:28:03Z,-8.04960929,-34.9474689,178.0,87.0
2022-11-29T22:13:57Z,run,2022-11-29T22:28:04Z,-8.04963329,-34.9474689,178.0,87.0
2022-11-29T22:13:57Z,run,2022-11-29T22:28:05Z,-8.04965795,-34.94746922,178.0,87.0
2022-11-29T22:13:57Z,run,2022-11-29T22:28:06Z,-8.04968128,-34.94747055,178.0,87.0
2022-11-29T22:13:57Z,run,2022-11-29T22:28:07Z,-8.0497046,-34.94747188,177.0,87.0
2022-11-29T22:13:57Z,run,2022-11-29T22:28:08Z,-8.04972827,-34.94747455,177.0,86.0
2022-11-29T22:13:57Z,run,2022-11-29T22:28:09Z,-8.04975326,-34.94747654,177.0,86.0
2022-11-29T22:13:57Z,run,2022-11-29T22:28:10Z,-8.04977926,-34.94747754,178.0,86.0
2022-11-29T22:13:57Z,run,2022-11-29T22:28:11Z,-8.04980559,-34.94747953,178.0,86.0
2022-11-29T22:13:57Z,run,2022-11-29T22:28:12Z,-8.04983026,-34.94748086,178.0,87.0
2022-11-29T22:13:57Z,run,2022-11-29T22:28:13Z,-8.04985358,-34.94748286,178.0,87.0
2022-11-29T22:13:57Z,run,2022-11-29T22:28:14Z,-8.04987692,-34.94748518,178.0,87.0
2022-11-29T22:13:57Z,run,2022-11-29T22:28:15Z,-8.04989991,-34.94748685,177.0,87.0
2022-11-29T22:13:57Z,run,2022-11-29T22:28:16Z,-8.04992291,-34.94748717,176.0,87.0
2022-11-29T22:13:57Z,run,2022-11-29T22:28:17Z,-8.04994791,-34.94748816,176.0,87.0
2022-11-29T22:13:57Z,run,2022-11-29T22:28:18Z,-8.0499729,-34.9474905,175.0,87.0
2022-11-29T22:13:57Z,run,2022-11-29T22:28:19Z,-8.04999923,-34.94749416,175.0,87.0
2022-11-29T22:13:57Z,run,2022-11-29T22:28:20Z,-8.05002555,-34.94749815,174.0,87.0
2022-11-29T22:13:57Z,run,2022-11-29T22:28:21Z,-8.05005089,-34.94750214,173.0,87.0
2022-11-29T22:13:57Z,run,2022-11-29T22:28:22Z,-8.05007421,-34.94750581,173.0,87.0
2022-11-29T22:13:57Z,run,2022-11-29T22:28:23Z,-8.05009721,-34.94750947,173.0,87.0
2022-11-29T22:13:57Z,run,2022-11-29T22:28:24Z,-8.05011987,-34.94751113,173.0,87.0
2022-11-29T22:13:57Z,run,2022-11-29T22:28:25Z,-8.05014319,-34.94751246,173.0,86.0
2022-11-29T22:13:57Z,run,2022-11-29T22:28:26Z,-8.05016585,-34.94751446,172.0,87.0
2022-11-29T22:13:57Z,run,2022-11-29T22:28:27Z,-8.05018885,-34.94751679,173.0,87.0
2022-11-29T22:13:57Z,run,2022-11-29T22:28:28Z,-8.05021251,-34.94751845,173.0,87.0
2022-11-29T22:13:57Z,run,2022-11-29T22:28:29Z,-8.05023718,-34.94752045,173.0,87.0
2022-11-29T22:13:57Z,run,2022-11-29T22:28:30Z,-8.05026185,-34.9475231,172.0,87.0
2022-11-29T22:13:57Z,run,2022-11-29T22:28:31Z,-8.05028618,-34.94752544,172.0,87.0
2022-11-29T22:13:57Z,run,2022-11-29T22:28:32Z,-8.05031085,-34.94752743,172.0,87.0
2022-11-29T22:13:57Z,run,2022-11-29T22:28:33Z,-8.0503355,-34.94752876,172.0,87.0
2022-11-29T22:13:57Z,run,2022-11-29T22:28:34Z,-8.05036017,-34.94752975,172.0,88.0
2022-11-29T22:13:57Z,run,2022-11-29T22:28:35Z,-8.05038516,-34.94752975,172.0,88.0
2022-11-29T22:13:57Z,run,2022-11-29T22:28:36Z,-8.05040949,-34.94752809,172.0,88.0
2022-11-29T22:13:57Z,run,2022-11-29T22:28:37Z,-8.05043249,-34.94752643,172.0,87.0
2022-11-29T22:13:57Z,run,2022-11-29T22:28:38Z,-8.05045549,-34.9475251,172.0,87.0
2022-11-29T22:13:57Z,run,2022-11-29T22:28:39Z,-8.05047848,-34.94752377,172.0,88.0
2022-11-29T22:13:57Z,run,2022-11-29T22:28:40Z,-8.05050348,-34.94752377,172.0,87.0
2022-11-29T22:13:57Z,run,2022-11-29T22:28:41Z,-8.05052815,-34.9475251,172.0,87.0
2022-11-29T22:13:57Z,run,2022-11-29T22:28:42Z,-8.05055314,-34.94752843,172.0,87.0
2022-11-29T22:13:57Z,run,2022-11-29T22:28:43Z,-8.05057713,-34.94753208,171.0,87.0
2022-11-29T22:13:57Z,run,2022-11-29T22:28:44Z,-8.0506008,-34.94753574,171.0,87.0
2022-11-29T22:13:57Z,run,2022-11-29T22:28:45Z,-8.05062313,-34.94753941,171.0,87.0
2022-11-29T22:13:57Z,run,2022-11-29T22:28:46Z,-8.05064612,-34.94754373,171.0,86.0
2022-11-29T22:13:57Z,run,2022-11-29T22:28:47Z,-8.05067011,-34.94754873,171.0,86.0
2022-11-29T22:13:57Z,run,2022-11-29T22:28:48Z,-8.05069444,-34.94755406,171.0,86.0
2022-11-29T22:13:57Z,run,2022-11-29T22:28:49Z,-8.05071843,-34.94755805,171.0,86.0
2022-11-29T22:13:57Z,run,2022-11-29T22:28:50Z,-8.0507421,-34.94756138,170.0,86.0
2022-11-29T22:13:57Z,run,2022-11-29T22:28:51Z,-8.05076576,-34.94756403,170.0,86.0
2022-11-29T22:13:57Z,run,2022-11-29T22:28:52Z,-8.05078942,-34.9475667,171.0,87.0
2022-11-29T22:13:57Z,run,2022-11-29T22:28:53Z,-8.05081242,-34.94757137,171.0,87.0
2022-11-29T22:13:57Z,run,2022-11-29T22:28:54Z,-8.05083475,-34.94757702,171.0,87.0
2022-11-29T22:13:57Z,run,2022-11-29T22:28:55Z,-8.05085741,-34.94758236,170.0,86.0
2022-11-29T22:13:57Z,run,2022-11-29T22:28:56Z,-8.05088275,-34.94758702,169.0,86.0
2022-11-29T22:13:57Z,run,2022-11-29T22:28:57Z,-8.05090674,-34.94759401,168.0,86.0
2022-11-29T22:13:57Z,run,2022-11-29T22:28:58Z,-8.0509304,-34.94760235,168.0,86.0
2022-11-29T22:13:57Z,run,2022-11-29T22:28:59Z,-8.05095373,-34.947614,168.0,86.0
2022-11-29T22:13:57Z,run,2022-11-29T22:29:00Z,-8.05097606,-34.94762599,169.0,86.0
2022-11-29T22:13:57Z,run,2022-11-29T22:29:01Z,-8.05099806,-34.94763599,170.0,86.0
2022-11-29T22:13:57Z,run,2022-11-29T22:29:02Z,-8.05101905,-34.94764198,170.0,87.0
2022-11-29T22:13:57Z,run,2022-11-29T22:29:03Z,-8.05104038,-34.94764632,171.0,87.0
2022-11-29T22:13:57Z,run,2022-11-29T22:29:04Z,-8.05106237,-34.94764865,172.0,87.0
2022-11-29T22:13:57Z,run,2022-11-29T22:29:05Z,-8.05108503,-34.94764997,172.0,87.0
2022-11-29T22:13:57Z,run,2022-11-29T22:29:06Z,-8.05110769,-34.94765231,173.0,86.0
2022-11-29T22:13:57Z,run,2022-11-29T22:29:07Z,-8.05113102,-34.94765464,173.0,87.0
2022-11-29T22:13:57Z,run,2022-11-29T22:29:08Z,-8.05115569,-34.94765796,173.0,86.0
2022-11-29T22:13:57Z,run,2022-11-29T22:29:09Z,-8.05118034,-34.94766063,173.0,87.0
2022-11-29T22:13:57Z,run,2022-11-29T22:29:10Z,-8.05120334,-34.9476633,174.0,86.0
2022-11-29T22:13:57Z,run,2022-11-29T22:29:11Z,-8.051227,-34.94766429,175.0,87.0
2022-11-29T22:13:57Z,run,2022-11-29T22:29:12Z,-8.051253,-34.94766728,175.0,87.0
2022-11-29T22:13:57Z,run,2022-11-29T22:29:13Z,-8.051278,-34.94766793,174.0,87.0
2022-11-29T22:13:57Z,run,2022-11-29T22:29:14Z,-8.05130066,-34.94766793,174.0,87.0
2022-11-29T22:13:57Z,run,2022-11-29T22:29:15Z,-8.05132098,-34.94766761,174.0,87.0
2022-11-29T22:13:57Z,run,2022-11-29T22:29:16Z,-8.05134164,-34.94766729,174.0,87.0
2022-11-29T22:13:57Z,run,2022-11-29T22:29:17Z,-8.05136329,-34.94766761,174.0,87.0
2022-11-29T22:13:57Z,run,2022-11-29T22:29:18Z,-8.05138595,-34.94766827,174.0,87.0
2022-11-29T22:13:57Z,run,2022-11-29T22:29:19Z,-8.05140994,-34.9476686,174.0,87.0
2022-11-29T22:13:57Z,run,2022-11-29T22:29:20Z,-8.0514326,-34.94767059,174.0,87.0
2022-11-29T22:13:57Z,run,2022-11-29T22:29:21Z,-8.05145493,-34.94767358,175.0,87.0
2022-11-29T22:13:57Z,run,2022-11-29T22:29:22Z,-8.0514786,-34.94767625,175.0,87.0
2022-11-29T22:13:57Z,run,2022-11-29T22:29:23Z,-8.05150359,-34.94767791,176.0,87.0
2022-11-29T22:13:57Z,run,2022-11-29T22:29:24Z,-8.05152891,-34.94768025,176.0,87.0
2022-11-29T22:13:57Z,run,2022-11-29T22:29:25Z,-8.05155623,-34.9476839,176.0,87.0
2022-11-29T22:13:57Z,run,2022-11-29T22:29:26Z,-8.05158223,-34.94768857,176.0,87.0
2022-11-29T22:13:57Z,run,2022-11-29T22:29:27Z,-8.05160957,-34.94769323,179.0,87.0
2022-11-29T22:13:57Z,run,2022-11-29T22:29:28Z,-8.05163689,-34.94769856,179.0,87.0
2022-11-29T22:13:57Z,run,2022-11-29T22:29:29Z,-8.05166388,-34.94770455,179.0,86.0
2022-11-29T22:13:57Z,run,2022-11-29T22:29:30Z,-8.05168888,-34.94770988,179.0,86.0
2022-11-29T22:13:57Z,run,2022-11-29T22:29:31Z,-8.05171321,-34.94771488,179.0,86.0
2022-11-29T22:13:57Z,run,2022-11-29T22:29:32Z,-8.05173754,-34.94772121,179.0,86.0
2022-11-29T22:13:57Z,run,2022-11-29T22:29:33Z,-8.05176153,-34.94772887,180.0,85.0
2022-11-29T22:13:57Z,run,2022-11-29T22:29:34Z,-8.05178485,-34.94773921,180.0,85.0
2022-11-29T22:13:57Z,run,2022-11-29T22:29:35Z,-8.05180684,-34.9477512,180.0,84.0
2022-11-29T22:13:57Z,run,2022-11-29T22:29:36Z,-8.05182884,-34.94776453,180.0,84.0
2022-11-29T22:13:57Z,run,2022-11-29T22:29:37Z,-8.05184851,-34.94777919,179.0,84.0
2022-11-29T22:13:57Z,run,2022-11-29T22:29:38Z,-8.0518635,-34.94779618,179.0,85.0
2022-11-29T22:13:57Z,run,2022-11-29T22:29:39Z,-8.05187282,-34.9478165,179.0,85.0
2022-11-29T22:13:57Z,run,2022-11-29T22:29:40Z,-8.05187815,-34.94783883,178.0,84.0
2022-11-29T22:13:57Z,run,2022-11-29T22:29:41Z,-8.05188015,-34.9478625,177.0,85.0
2022-11-29T22:13:57Z,run,2022-11-29T22:29:42Z,-8.05188082,-34.94788616,177.0,85.0
2022-11-29T22:13:57Z,run,2022-11-29T22:29:43Z,-8.05188181,-34.94790881,176.0,85.0
2022-11-29T22:13:57Z,run,2022-11-29T22:29:44Z,-8.05188148,-34.94793581,175.0,85.0
2022-11-29T22:13:57Z,run,2022-11-29T22:29:45Z,-8.05187949,-34.94796381,175.0,84.0
2022-11-29T22:13:57Z,run,2022-11-29T22:29:46Z,-8.05187782,-34.94799147,175.0,85.0
2022-11-29T22:13:57Z,run,2022-11-29T22:29:47Z,-8.05187416,-34.94801914,176.0,85.0
2022-11-29T22:13:57Z,run,2022-11-29T22:29:48Z,-8.05186984,-34.9480468,176.0,85.0
2022-11-29T22:13:57Z,run,2022-11-29T22:29:49Z,-8.05186852,-34.94807214,177.0,86.0
2022-11-29T22:13:57Z,run,2022-11-29T22:29:50Z,-8.05186852,-34.94809714,178.0,86.0
2022-11-29T22:13:57Z,run,2022-11-29T22:29:51Z,-8.05186917,-34.94812147,178.0,86.0
2022-11-29T22:13:57Z,run,2022-11-29T22:29:52Z,-8.05186984,-34.94814713,176.0,87.0
2022-11-29T22:13:57Z,run,2022-11-29T22:29:53Z,-8.05186784,-34.94817345,176.0,86.0
2022-11-29T22:13:57Z,run,2022-11-29T22:29:54Z,-8.05186485,-34.94820177,176.0,86.0
2022-11-29T22:13:57Z,run,2022-11-29T22:29:55Z,-8.05186018,-34.94822911,177.0,87.0
2022-11-29T22:13:57Z,run,2022-11-29T22:29:56Z,-8.05185553,-34.94825543,177.0,87.0
2022-11-29T22:13:57Z,run,2022-11-29T22:29:57Z,-8.05185019,-34.94828142,178.0,87.0
2022-11-29T22:13:57Z,run,2022-11-29T22:29:58Z,-8.05184486,-34.94830642,178.0,87.0
2022-11-29T22:13:57Z,run,2022-11-29T22:29:59Z,-8.05184087,-34.94833142,179.0,87.0
2022-11-29T22:13:57Z,run,2022-11-29T22:30:00Z,-8.0518362,-34.94835775,179.0,87.0
2022-11-29T22:13:57Z,run,2022-11-29T22:30:01Z,-8.05183121,-34.94838341,180.0,87.0
2022-11-29T22:13:57Z,run,2022-11-29T22:30:02Z,-8.05182556,-34.94841007,181.0,87.0
2022-11-29T22:13:57Z,run,2022-11-29T22:30:03Z,-8.05182122,-34.94843606,180.0,87.0
2022-11-29T22:13:57Z,run,2022-11-29T22:30:04Z,-8.05181522,-34.94846172,180.0,87.0
2022-11-29T22:13:57Z,run,2022-11-29T22:30:05Z,-8.05181023,-34.94848671,180.0,86.0
2022-11-29T22:13:57Z,run,2022-11-29T22:30:06Z,-8.05180624,-34.94851105,180.0,86.0
2022-11-29T22:13:57Z,run,2022-11-29T22:30:07Z,-8.05180258,-34.9485347,180.0,86.0
2022-11-29T22:13:57Z,run,2022-11-29T22:30:08Z,-8.05179925,-34.94855804,179.0,86.0
2022-11-29T22:13:57Z,run,2022-11-29T22:30:09Z,-8.05179559,-34.94858103,177.0,86.0
2022-11-29T22:13:57Z,run,2022-11-29T22:30:10Z,-8.05179293,-34.94860235,176.0,86.0
2022-11-29T22:13:57Z,run,2022-11-29T22:30:11Z,-8.05179325,-34.94862235,176.0,85.0
2022-11-29T22:13:57Z,run,2022-11-29T22:30:12Z,-8.05179691,-34.94864034,176.0,85.0
2022-11-29T22:13:57Z,run,2022-11-29T22:30:13Z,-8.0518019,-34.94865867,176.0,86.0
2022-11-29T22:13:57Z,run,2022-11-29T22:30:14Z,-8.05180689,-34.94867866,175.0,85.0
2022-11-29T22:13:57Z,run,2022-11-29T22:30:15Z,-8.05181189,-34.94870032,174.0,85.0
2022-11-29T22:13:57Z,run,2022-11-29T22:30:16Z,-8.05181721,-34.94872298,172.0,85.0
2022-11-29T22:13:57Z,run,2022-11-29T22:30:17Z,-8.05182087,-34.94874598,172.0,86.0
2022-11-29T22:13:57Z,run,2022-11-29T22:30:18Z,-8.05182354,-34.94876897,172.0,86.0
2022-11-29T22:13:57Z,run,2022-11-29T22:30:19Z,-8.05182419,-34.94879096,172.0,86.0
2022-11-29T22:13:57Z,run,2022-11-29T22:30:20Z,-8.05182419,-34.94881229,173.0,87.0
2022-11-29T22:13:57Z,run,2022-11-29T22:30:21Z,-8.05182254,-34.94883362,174.0,87.0
2022-11-29T22:13:57Z,run,2022-11-29T22:30:22Z,-8.05181987,-34.94885596,174.0,87.0
2022-11-29T22:13:57Z,run,2022-11-29T22:30:24Z,-8.05181688,-34.94887895,174.0,87.0
2022-11-29T22:13:57Z,run,2022-11-29T22:30:24Z,-8.05181521,-34.94890194,174.0,87.0
2022-11-29T22:13:57Z,run,2022-11-29T22:30:25Z,-8.05181389,-34.94892526,174.0,87.0
2022-11-29T22:13:57Z,run,2022-11-29T22:30:26Z,-8.05181223,-34.94894792,174.0,87.0
2022-11-29T22:13:57Z,run,2022-11-29T22:30:27Z,-8.05181191,-34.94897125,174.0,87.0
2022-11-29T22:13:57Z,run,2022-11-29T22:30:28Z,-8.05181257,-34.94899424,175.0,87.0
2022-11-29T22:13:57Z,run,2022-11-29T22:30:29Z,-8.0518159,-34.94901723,176.0,87.0
2022-11-29T22:13:57Z,run,2022-11-29T22:30:30Z,-8.05182123,-34.94903923,176.0,87.0
2022-11-29T22:13:57Z,run,2022-11-29T22:30:31Z,-8.05182922,-34.94906055,176.0,87.0
2022-11-29T22:13:57Z,run,2022-11-29T22:30:32Z,-8.05183889,-34.94907989,176.0,87.0
2022-11-29T22:13:57Z,run,2022-11-29T22:30:33Z,-8.05185221,-34.94909655,177.0,86.0
2022-11-29T22:13:57Z,run,2022-11-29T22:30:34Z,-8.05186755,-34.94911189,177.0,86.0
2022-11-29T22:13:57Z,run,2022-11-29T22:30:35Z,-8.05188288,-34.94912688,177.0,86.0
2022-11-29T22:13:57Z,run,2022-11-29T22:30:36Z,-8.05189887,-34.94914088,178.0,86.0
2022-11-29T22:13:57Z,run,2022-11-29T22:30:37Z,-8.05191754,-34.94915188,178.0,86.0
2022-11-29T22:13:57Z,run,2022-11-29T22:30:38Z,-8.05193719,-34.94915988,178.0,86.0
2022-11-29T22:13:57Z,run,2022-11-29T22:30:39Z,-8.05195852,-34.94916387,178.0,87.0
2022-11-29T22:13:57Z,run,2022-11-29T22:30:40Z,-8.05197952,-34.94916452,177.0,86.0
2022-11-29T22:13:57Z,run,2022-11-29T22:30:41Z,-8.05200052,-34.94916253,176.0,86.0
2022-11-29T22:13:57Z,run,2022-11-29T22:30:42Z,-8.05202084,-34.9491582,175.0,84.0
2022-11-29T22:13:57Z,run,2022-11-29T22:30:43Z,-8.0520395,-34.9491502,175.0,84.0
2022-11-29T22:13:57Z,run,2022-11-29T22:30:44Z,-8.05205616,-34.94913953,175.0,85.0
2022-11-29T22:13:57Z,run,2022-11-29T22:30:45Z,-8.05207349,-34.94912988,175.0,85.0
2022-11-29T22:13:57Z,run,2022-11-29T22:30:46Z,-8.05209182,-34.94912454,174.0,85.0
2022-11-29T22:13:57Z,run,2022-11-29T22:30:47Z,-8.05211048,-34.94912688,174.0,85.0
2022-11-29T22:13:57Z,run,2022-11-29T22:30:48Z,-8.05212747,-34.9491362,174.0,85.0
2022-11-29T22:13:57Z,run,2022-11-29T22:30:49Z,-8.05214147,-34.94914987,174.0,85.0
2022-11-29T22:13:57Z,run,2022-11-29T22:30:50Z,-8.0521518,-34.9491682,174.0,86.0
2022-11-29T22:13:57Z,run,2022-11-29T22:30:51Z,-8.05216013,-34.94919053,174.0,86.0
2022-11-29T22:13:57Z,run,2022-11-29T22:30:52Z,-8.0521678,-34.94921587,174.0,87.0
2022-11-29T22:13:57Z,run,2022-11-29T22:30:53Z,-8.05217412,-34.94924152,174.0,87.0
2022-11-29T22:13:57Z,run,2022-11-29T22:30:54Z,-8.05217979,-34.94926751,174.0,87.0
2022-11-29T22:13:57Z,run,2022-11-29T22:30:55Z,-8.05218378,-34.94929384,174.0,87.0
2022-11-29T22:13:57Z,run,2022-11-29T22:30:56Z,-8.05218611,-34.94931983,174.0,88.0
2022-11-29T22:13:57Z,run,2022-11-29T22:30:57Z,-8.05218546,-34.94934583,174.0,88.0
2022-11-29T22:13:57Z,run,2022-11-29T22:30:57Z,-8.05218112,-34.94937315,170.0,88.0
2022-11-29T22:13:57Z,run,2022-11-29T22:30:58Z,-8.0521748,-34.94940348,169.0,87.0
2022-11-29T22:13:57Z,run,2022-11-29T22:30:59Z,-8.05216813,-34.94943447,167.0,86.0
2022-11-29T22:13:57Z,run,2022-11-29T22:31:00Z,-8.05216248,-34.94946214,167.0,86.0
2022-11-29T22:13:57Z,run,2022-11-29T22:31:01Z,-8.05215848,-34.94949014,167.0,86.0
2022-11-29T22:13:57Z,run,2022-11-29T22:31:02Z,-8.05215913,-34.94951714,166.0,86.0
2022-11-29T22:13:57Z,run,2022-11-29T22:31:03Z,-8.05216247,-34.94954214,165.0,86.0
2022-11-29T22:13:57Z,run,2022-11-29T22:31:04Z,-8.05216346,-34.94956413,165.0,86.0
2022-11-29T22:13:57Z,run,2022-11-29T22:31:05Z,-8.05216146,-34.94958446,165.0,86.0
2022-11-29T22:13:57Z,run,2022-11-29T22:31:06Z,-8.05216179,-34.94960779,165.0,86.0
2022-11-29T22:13:57Z,run,2022-11-29T22:31:07Z,-8.05215979,-34.94963111,165.0,86.0
2022-11-29T22:13:57Z,run,2022-11-29T22:31:08Z,-8.05215613,-34.94965244,165.0,86.0
2022-11-29T22:13:57Z,run,2022-11-29T22:31:09Z,-8.05215314,-34.94967343,164.0,86.0
2022-11-29T22:13:57Z,run,2022-11-29T22:31:10Z,-8.05214914,-34.94969443,164.0,86.0
2022-11-29T22:13:57Z,run,2022-11-29T22:31:11Z,-8.05214482,-34.94971742,164.0,86.0
2022-11-29T22:13:57Z,run,2022-11-29T22:31:12Z,-8.05214015,-34.94974041,164.0,86.0
2022-11-29T22:13:57Z,run,2022-11-29T22:31:13Z,-8.05213549,-34.94976307,164.0,86.0
2022-11-29T22:13:57Z,run,2022-11-29T22:31:14Z,-8.0521285,-34.9497874,163.0,86.0
2022-11-29T22:13:57Z,run,2022-11-29T22:31:15Z,-8.0521205,-34.94981039,163.0,85.0
2022-11-29T22:13:57Z,run,2022-11-29T22:31:16Z,-8.05211384,-34.94983573,163.0,85.0
2022-11-29T22:13:57Z,run,2022-11-29T22:31:17Z,-8.05210752,-34.94986105,163.0,86.0
2022-11-29T22:13:57Z,run,2022-11-29T22:31:18Z,-8.05210085,-34.94988538,163.0,86.0
2022-11-29T22:13:57Z,run,2022-11-29T22:31:19Z,-8.05209586,-34.94990971,163.0,86.0
2022-11-29T22:13:57Z,run,2022-11-29T22:31:20Z,-8.05209187,-34.94993471,163.0,86.0
2022-11-29T22:13:57Z,run,2022-11-29T22:31:21Z,-8.05208887,-34.94995971,163.0,87.0
2022-11-29T22:13:57Z,run,2022-11-29T22:31:22Z,-8.05208455,-34.94998503,163.0,87.0
2022-11-29T22:13:57Z,run,2022-11-29T22:31:23Z,-8.05208055,-34.95000902,163.0,86.0
2022-11-29T22:13:57Z,run,2022-11-29T22:31:24Z,-8.05207556,-34.95003235,163.0,86.0
2022-11-29T22:13:57Z,run,2022-11-29T22:31:25Z,-8.0520729,-34.95005435,163.0,86.0
2022-11-29T22:13:57Z,run,2022-11-29T22:31:26Z,-8.05207123,-34.95007601,163.0,86.0
2022-11-29T22:13:57Z,run,2022-11-29T22:31:27Z,-8.05207091,-34.95009734,163.0,86.0
2022-11-29T22:13:57Z,run,2022-11-29T22:31:28Z,-8.05206991,-34.95011934,163.0,86.0
2022-11-29T22:13:57Z,run,2022-11-29T22:31:29Z,-8.05206892,-34.950141,164.0,86.0
2022-11-29T22:13:57Z,run,2022-11-29T22:31:30Z,-8.05206859,-34.95016333,164.0,86.0
2022-11-29T22:13:57Z,run,2022-11-29T22:31:31Z,-8.05206826,-34.950185,163.0,86.0
2022-11-29T22:13:57Z,run,2022-11-29T22:31:32Z,-8.05206727,-34.95020599,163.0,87.0
2022-11-29T22:13:57Z,run,2022-11-29T22:31:33Z,-8.05206561,-34.95022766,163.0,87.0
2022-11-29T22:13:57Z,run,2022-11-29T22:31:34Z,-8.05206427,-34.95024899,163.0,87.0
2022-11-29T22:13:57Z,run,2022-11-29T22:31:35Z,-8.05206295,-34.95026866,163.0,87.0
2022-11-29T22:13:57Z,run,2022-11-29T22:31:36Z,-8.05206328,-34.95028799,163.0,87.0
2022-11-29T22:13:57Z,run,2022-11-29T22:31:37Z,-8.05206528,-34.95030898,163.0,86.0
2022-11-29T22:13:57Z,run,2022-11-29T22:31:38Z,-8.05206761,-34.95033164,163.0,86.0
2022-11-29T22:13:57Z,run,2022-11-29T22:31:39Z,-8.05207094,-34.9503553,163.0,86.0
2022-11-29T22:13:57Z,run,2022-11-29T22:31:40Z,-8.0520736,-34.95037996,163.0,86.0
2022-11-29T22:13:57Z,run,2022-11-29T22:31:41Z,-8.05207426,-34.95040696,163.0,86.0
2022-11-29T22:13:57Z,run,2022-11-29T22:31:42Z,-8.05207592,-34.95043328,163.0,86.0
2022-11-29T22:13:57Z,run,2022-11-29T22:31:43Z,-8.05207758,-34.95045995,163.0,86.0
2022-11-29T22:13:57Z,run,2022-11-29T22:31:44Z,-8.0520789,-34.95048527,163.0,86.0
2022-11-29T22:13:57Z,run,2022-11-29T22:31:45Z,-8.05207957,-34.95051061,163.0,86.0
2022-11-29T22:13:57Z,run,2022-11-29T22:31:46Z,-8.05207823,-34.95053527,163.0,86.0
2022-11-29T22:13:57Z,run,2022-11-29T22:31:47Z,-8.05207591,-34.95055893,162.0,85.0
2022-11-29T22:13:57Z,run,2022-11-29T22:31:48Z,-8.05207358,-34.95058259,162.0,85.0
2022-11-29T22:13:57Z,run,2022-11-29T22:31:49Z,-8.05207259,-34.95060425,162.0,85.0
2022-11-29T22:13:57Z,run,2022-11-29T22:31:50Z,-8.05207425,-34.95062458,162.0,85.0
2022-11-29T22:13:57Z,run,2022-11-29T22:31:51Z,-8.05207624,-34.95064457,162.0,85.0
2022-11-29T22:13:57Z,run,2022-11-29T22:31:52Z,-8.05208158,-34.95066722,162.0,85.0
2022-11-29T22:13:57Z,run,2022-11-29T22:31:53Z,-8.0520869,-34.95069022,162.0,85.0
2022-11-29T22:13:57Z,run,2022-11-29T22:31:55Z,-8.0520909,-34.95071388,161.0,85.0
2022-11-29T22:13:57Z,run,2022-11-29T22:31:55Z,-8.05209557,-34.95073687,161.0,85.0
2022-11-29T22:13:57Z,run,2022-11-29T22:31:56Z,-8.05210322,-34.9507612,161.0,86.0
2022-11-29T22:13:57Z,run,2022-11-29T22:31:57Z,-8.05210788,-34.95078719,163.0,86.0
2022-11-29T22:13:57Z,run,2022-11-29T22:31:58Z,-8.05211088,-34.95081285,166.0,86.0
2022-11-29T22:13:57Z,run,2022-11-29T22:31:59Z,-8.05211187,-34.95083851,167.0,87.0
2022-11-29T22:13:57Z,run,2022-11-29T22:32:00Z,-8.0521122,-34.95086416,167.0,87.0
2022-11-29T22:13:57Z,run,2022-11-29T22:32:01Z,-8.05211054,-34.95088982,167.0,87.0
2022-11-29T22:13:57Z,run,2022-11-29T22:32:02Z,-8.05210688,-34.95091815,168.0,86.0
2022-11-29T22:13:57Z,run,2022-11-29T22:32:03Z,-8.05210355,-34.95094681,168.0,86.0
2022-11-29T22:13:57Z,run,2022-11-29T22:32:04Z,-8.05209955,-34.95097147,168.0,86.0
2022-11-29T22:13:57Z,run,2022-11-29T22:32:05Z,-8.05209322,-34.95099347,168.0,86.0
2022-11-29T22:13:57Z,run,2022-11-29T22:32:06Z,-8.05208589,-34.95101346,168.0,86.0
2022-11-29T22:13:57Z,run,2022-11-29T22:32:07Z,-8.05207723,-34.95103379,168.0,86.0
2022-11-29T22:13:57Z,run,2022-11-29T22:32:08Z,-8.05206958,-34.95105478,168.0,86.0
2022-11-29T22:13:57Z,run,2022-11-29T22:32:09Z,-8.05206225,-34.95107744,169.0,86.0
2022-11-29T22:13:57Z,run,2022-11-29T22:32:10Z,-8.05205692,-34.95110076,169.0,86.0
2022-11-29T22:13:57Z,run,2022-11-29T22:32:11Z,-8.05205159,-34.95112276,170.0,86.0
2022-11-29T22:13:57Z,run,2022-11-29T22:32:12Z,-8.05204626,-34.95114309,170.0,87.0
2022-11-29T22:13:57Z,run,2022-11-29T22:32:13Z,-8.05204193,-34.95116375,170.0,87.0
2022-11-29T22:13:57Z,run,2022-11-29T22:32:14Z,-8.05203727,-34.95118575,170.0,87.0
2022-11-29T22:13:57Z,run,2022-11-29T22:32:15Z,-8.05203561,-34.95120907,170.0,86.0
2022-11-29T22:13:57Z,run,2022-11-29T22:32:16Z,-8.05203495,-34.95123307,171.0,86.0
2022-11-29T22:13:57Z,run,2022-11-29T22:32:17Z,-8.05203462,-34.95125973,171.0,86.0
2022-11-29T22:13:57Z,run,2022-11-29T22:32:18Z,-8.05203561,-34.95128605,170.0,86.0
2022-11-29T22:13:57Z,run,2022-11-29T22:32:19Z,-8.05203693,-34.95131272,170.0,86.0
2022-11-29T22:13:57Z,run,2022-11-29T22:32:20Z,-8.05203926,-34.95133704,170.0,86.0
2022-11-29T22:13:57Z,run,2022-11-29T22:32:21Z,-8.05204092,-34.95136104,170.0,86.0
2022-11-29T22:13:57Z,run,2022-11-29T22:32:22Z,-8.05204191,-34.95138604,170.0,87.0
2022-11-29T22:13:57Z,run,2022-11-29T22:32:23Z,-8.05204159,-34.95141338,169.0,87.0
2022-11-29T22:13:57Z,run,2022-11-29T22:32:24Z,-8.0520386,-34.95144137,169.0,87.0
2022-11-29T22:13:57Z,run,2022-11-29T22:32:25Z,-8.05203426,-34.9514667,169.0,87.0
2022-11-29T22:13:57Z,run,2022-11-29T22:32:26Z,-8.05203326,-34.95148869,167.0,87.0
2022-11-29T22:13:57Z,run,2022-11-29T22:32:27Z,-8.05203126,-34.95151002,167.0,87.0
2022-11-29T22:13:57Z,run,2022-11-29T22:32:28Z,-8.05203061,-34.95153268,166.0,87.0
2022-11-29T22:13:57Z,run,2022-11-29T22:32:29Z,-8.05202861,-34.95155534,165.0,87.0
2022-11-29T22:13:57Z,run,2022-11-29T22:32:30Z,-8.05202328,-34.95158099,165.0,86.0
2022-11-29T22:13:57Z,run,2022-11-29T22:32:31Z,-8.05201628,-34.95160599,165.0,86.0
2022-11-29T22:13:57Z,run,2022-11-29T22:32:32Z,-8.05201196,-34.95162833,165.0,86.0
2022-11-29T22:13:57Z,run,2022-11-29T22:32:33Z,-8.05200929,-34.95165132,165.0,86.0
2022-11-29T22:13:57Z,run,2022-11-29T22:32:34Z,-8.05200929,-34.95167532,164.0,86.0
2022-11-29T22:13:57Z,run,2022-11-29T22:32:35Z,-8.05200929,-34.95169864,165.0,86.0
2022-11-29T22:13:57Z,run,2022-11-29T22:32:36Z,-8.05201129,-34.95172297,165.0,86.0
2022-11-29T22:13:57Z,run,2022-11-29T22:32:37Z,-8.05201329,-34.95174663,165.0,86.0
2022-11-29T22:13:57Z,run,2022-11-29T22:32:38Z,-8.05201428,-34.95177096,165.0,86.0
2022-11-29T22:13:57Z,run,2022-11-29T22:32:39Z,-8.05201461,-34.95179529,166.0,86.0
2022-11-29T22:13:57Z,run,2022-11-29T22:32:40Z,-8.05201494,-34.95181995,166.0,86.0
2022-11-29T22:13:57Z,run,2022-11-29T22:32:41Z,-8.05201626,-34.95184361,167.0,86.0
2022-11-29T22:13:57Z,run,2022-11-29T22:32:43Z,-8.05201893,-34.95186561,167.0,86.0
2022-11-29T22:13:57Z,run,2022-11-29T22:32:43Z,-8.05202159,-34.95188894,,
2022-11-29T22:13:57Z,run,2022-11-29T22:32:44Z,-8.05202425,-34.95191193,167.0,86.0
2022-11-29T22:13:57Z,run,2022-11-29T22:32:45Z,-8.05202524,-34.95193559,168.0,86.0
2022-11-29T22:13:57Z,run,2022-11-29T22:32:46Z,-8.05202658,-34.95195992,168.0,86.0
2022-11-29T22:13:57Z,run,2022-11-29T22:32:47Z,-8.05202624,-34.95198759,169.0,86.0
2022-11-29T22:13:57Z,run,2022-11-29T22:32:48Z,-8.05202559,-34.95201525,169.0,87.0
2022-11-29T22:13:57Z,run,2022-11-29T22:32:49Z,-8.05202492,-34.95204158,169.0,86.0
2022-11-29T22:13:57Z,run,2022-11-29T22:32:50Z,-8.0520246,-34.95206591,169.0,86.0
2022-11-29T22:13:57Z,run,2022-11-29T22:32:51Z,-8.0520236,-34.9520879,169.0,86.0
2022-11-29T22:13:57Z,run,2022-11-29T22:32:52Z,-8.05202194,-34.9521119,169.0,85.0
2022-11-29T22:13:57Z,run,2022-11-29T22:32:53Z,-8.05202062,-34.95213323,171.0,86.0
2022-11-29T22:13:57Z,run,2022-11-29T22:32:55Z,-8.05201896,-34.95215523,171.0,86.0
2022-11-29T22:13:57Z,run,2022-11-29T22:32:55Z,-8.05201796,-34.95217589,171.0,86.0
2022-11-29T22:13:57Z,run,2022-11-29T22:32:56Z,-8.05201664,-34.95219588,172.0,86.0
2022-11-29T22:13:57Z,run,2022-11-29T22:32:57Z,-8.05201531,-34.95221822,173.0,86.0
2022-11-29T22:13:57Z,run,2022-11-29T22:32:58Z,-8.05201431,-34.95224087,173.0,87.0
2022-11-29T22:13:57Z,run,2022-11-29T22:32:59Z,-8.05201332,-34.95226321,173.0,86.0
2022-11-29T22:13:57Z,run,2022-11-29T22:33:00Z,-8.052012,-34.9522862,173.0,86.0
2022-11-29T22:13:57Z,run,2022-11-29T22:33:01Z,-8.052011,-34.95230785,173.0,86.0
2022-11-29T22:13:57Z,run,2022-11-29T22:33:02Z,-8.05201001,-34.95233152,173.0,87.0
2022-11-29T22:13:57Z,run,2022-11-29T22:33:03Z,-8.05200869,-34.95235585,173.0,87.0
2022-11-29T22:13:57Z,run,2022-11-29T22:33:04Z,-8.05200602,-34.95237951,172.0,87.0
2022-11-29T22:13:57Z,run,2022-11-29T22:33:05Z,-8.05200336,-34.9524035,170.0,87.0
2022-11-29T22:13:57Z,run,2022-11-29T22:33:07Z,-8.05200036,-34.9524265,170.0,87.0
2022-11-29T22:13:57Z,run,2022-11-29T22:33:07Z,-8.05199604,-34.95244949,,
2022-11-29T22:13:57Z,run,2022-11-29T22:33:08Z,-8.05199071,-34.95247315,170.0,87.0
2022-11-29T22:13:57Z,run,2022-11-29T22:33:09Z,-8.05198504,-34.9524958,171.0,87.0
2022-11-29T22:13:57Z,run,2022-11-29T22:33:10Z,-8.05197872,-34.95251814,171.0,87.0
2022-11-29T22:13:57Z,run,2022-11-29T22:33:11Z,-8.05197473,-34.95254014,172.0,87.0
2022-11-29T22:13:57Z,run,2022-11-29T22:33:12Z,-8.05197339,-34.95256079,173.0,87.0
2022-11-29T22:13:57Z,run,2022-11-29T22:33:13Z,-8.05197473,-34.95258146,174.0,87.0
2022-11-29T22:13:57Z,run,2022-11-29T22:33:14Z,-8.05197838,-34.95260145,174.0,87.0
2022-11-29T22:13:57Z,run,2022-11-29T22:33:15Z,-8.05198238,-34.95262011,174.0,86.0
2022-11-29T22:13:57Z,run,2022-11-29T22:33:16Z,-8.05198638,-34.95264211,174.0,86.0
2022-11-29T22:13:57Z,run,2022-11-29T22:33:17Z,-8.05198904,-34.9526651,174.0,86.0
2022-11-29T22:13:57Z,run,2022-11-29T22:33:18Z,-8.0519907,-34.95268743,173.0,86.0
2022-11-29T22:13:57Z,run,2022-11-29T22:33:19Z,-8.0519917,-34.95271076,173.0,86.0
2022-11-29T22:13:57Z,run,2022-11-29T22:33:20Z,-8.05199202,-34.95273342,173.0,86.0
2022-11-29T22:13:57Z,run,2022-11-29T22:33:21Z,-8.05199235,-34.95275608,174.0,86.0
2022-11-29T22:13:57Z,run,2022-11-29T22:33:22Z,-8.05199334,-34.95277873,174.0,86.0
2022-11-29T22:13:57Z,run,2022-11-29T22:33:23Z,-8.05199102,-34.95280206,173.0,85.0
2022-11-29T22:13:57Z,run,2022-11-29T22:33:24Z,-8.05198702,-34.95282606,172.0,85.0
2022-11-29T22:13:57Z,run,2022-11-29T22:33:25Z,-8.0519827,-34.95285038,172.0,85.0
2022-11-29T22:13:57Z,run,2022-11-29T22:33:26Z,-8.05197937,-34.95287505,172.0,85.0
2022-11-29T22:13:57Z,run,2022-11-29T22:33:27Z,-8.05197571,-34.95289738,172.0,86.0
2022-11-29T22:13:57Z,run,2022-11-29T22:33:28Z,-8.05197137,-34.95292238,171.0,86.0
2022-11-29T22:13:57Z,run,2022-11-29T22:33:29Z,-8.05196804,-34.95294738,170.0,86.0
2022-11-29T22:13:57Z,run,2022-11-29T22:33:30Z,-8.05196272,-34.9529717,170.0,87.0
2022-11-29T22:13:57Z,run,2022-11-29T22:33:31Z,-8.05195572,-34.95299436,169.0,87.0
2022-11-29T22:13:57Z,run,2022-11-29T22:33:32Z,-8.05194605,-34.95301636,169.0,87.0
2022-11-29T22:13:57Z,run,2022-11-29T22:33:33Z,-8.05193439,-34.95303669,169.0,87.0
2022-11-29T22:13:57Z,run,2022-11-29T22:33:34Z,-8.05192406,-34.95305702,170.0,87.0
2022-11-29T22:13:57Z,run,2022-11-29T22:33:35Z,-8.05191573,-34.95307834,171.0,87.0
2022-11-29T22:13:57Z,run,2022-11-29T22:33:36Z,-8.05191106,-34.95309867,171.0,87.0
2022-11-29T22:13:57Z,run,2022-11-29T22:33:37Z,-8.05190773,-34.95312033,171.0,86.0
2022-11-29T22:13:57Z,run,2022-11-29T22:33:38Z,-8.0519054,-34.95314366,171.0,86.0
2022-11-29T22:13:57Z,run,2022-11-29T22:33:39Z,-8.05190241,-34.95316499,171.0,86.0
2022-11-29T22:13:57Z,run,2022-11-29T22:33:40Z,-8.05190075,-34.95318464,170.0,86.0
2022-11-29T22:13:57Z,run,2022-11-29T22:33:41Z,-8.05190241,-34.95320131,170.0,86.0
2022-11-29T22:13:57Z,run,2022-11-29T22:33:42Z,-8.05190841,-34.95321464,170.0,87.0
2022-11-29T22:13:57Z,run,2022-11-29T22:33:43Z,-8.05191907,-34.9532223,170.0,87.0
2022-11-29T22:13:57Z,run,2022-11-29T22:33:44Z,-8.05193606,-34.9532283,170.0,87.0
2022-11-29T22:13:57Z,run,2022-11-29T22:33:45Z,-8.05195505,-34.95323097,171.0,87.0
2022-11-29T22:13:57Z,run,2022-11-29T22:33:46Z,-8.05197437,-34.95323063,172.0,88.0
2022-11-29T22:13:57Z,run,2022-11-29T22:33:47Z,-8.05199671,-34.95322931,172.0,87.0
2022-11-29T22:13:57Z,run,2022-11-29T22:33:48Z,-8.05202003,-34.95322798,173.0,87.0
2022-11-29T22:13:57Z,run,2022-11-29T22:33:49Z,-8.05204436,-34.95322665,173.0,87.0
2022-11-29T22:13:57Z,run,2022-11-29T22:33:50Z,-8.05206936,-34.95322499,173.0,87.0
2022-11-29T22:13:57Z,run,2022-11-29T22:33:51Z,-8.05209435,-34.953224,172.0,87.0
2022-11-29T22:13:57Z,run,2022-11-29T22:33:52Z,-8.05211969,-34.95322499,172.0,87.0
2022-11-29T22:13:57Z,run,2022-11-29T22:33:53Z,-8.05214468,-34.95322764,172.0,87.0
2022-11-29T22:13:57Z,run,2022-11-29T22:33:54Z,-8.05216834,-34.95322998,171.0,87.0
2022-11-29T22:13:57Z,run,2022-11-29T22:33:55Z,-8.05218934,-34.95323498,170.0,87.0
2022-11-29T22:13:57Z,run,2022-11-29T22:33:56Z,-8.05221133,-34.95324097,170.0,88.0
2022-11-29T22:13:57Z,run,2022-11-29T22:33:57Z,-8.052232,-34.9532483,170.0,88.0
2022-11-29T22:13:57Z,run,2022-11-29T22:33:58Z,-8.05225299,-34.95325596,170.0,88.0
2022-11-29T22:13:57Z,run,2022-11-29T22:33:59Z,-8.05227299,-34.95326496,170.0,88.0
2022-11-29T22:13:57Z,run,2022-11-29T22:34:00Z,-8.05229365,-34.95327161,171.0,88.0
2022-11-29T22:13:57Z,run,2022-11-29T22:34:01Z,-8.05231465,-34.9532776,170.0,88.0
2022-11-29T22:13:57Z,run,2022-11-29T22:34:02Z,-8.05233398,-34.95328727,170.0,88.0
2022-11-29T22:13:57Z,run,2022-11-29T22:34:03Z,-8.0523533,-34.95329893,170.0,88.0
2022-11-29T22:13:57Z,run,2022-11-29T22:34:04Z,-8.05237263,-34.95331192,171.0,87.0
2022-11-29T22:13:57Z,run,2022-11-29T22:34:05Z,-8.05239329,-34.95332558,173.0,87.0
2022-11-29T22:13:57Z,run,2022-11-29T22:34:06Z,-8.05241395,-34.95333792,171.0,87.0
2022-11-29T22:13:57Z,run,2022-11-29T22:34:07Z,-8.05243362,-34.95334724,171.0,87.0
2022-11-29T22:13:57Z,run,2022-11-29T22:34:08Z,-8.05245295,-34.95335524,170.0,87.0
2022-11-29T22:13:57Z,run,2022-11-29T22:34:09Z,-8.05247361,-34.95335956,170.0,87.0
2022-11-29T22:13:57Z,run,2022-11-29T22:34:10Z,-8.05249493,-34.95336156,171.0,88.0
2022-11-29T22:13:57Z,run,2022-11-29T22:34:11Z,-8.0525186,-34.95336222,171.0,87.0
2022-11-29T22:13:57Z,run,2022-11-29T22:34:12Z,-8.05254293,-34.95336156,171.0,87.0
2022-11-29T22:13:57Z,run,2022-11-29T22:34:13Z,-8.05256725,-34.95335923,171.0,87.0
2022-11-29T22:13:57Z,run,2022-11-29T22:34:14Z,-8.05259292,-34.95335423,171.0,86.0
2022-11-29T22:13:57Z,run,2022-11-29T22:34:15Z,-8.05261958,-34.9533489,171.0,86.0
2022-11-29T22:13:57Z,run,2022-11-29T22:34:16Z,-8.05264724,-34.95334591,171.0,86.0
2022-11-29T22:13:57Z,run,2022-11-29T22:34:17Z,-8.0526729,-34.95334358,171.0,86.0
2022-11-29T22:13:57Z,run,2022-11-29T22:34:18Z,-8.05269689,-34.95334025,171.0,87.0
2022-11-29T22:13:57Z,run,2022-11-29T22:34:19Z,-8.05272122,-34.95333758,171.0,87.0
2022-11-29T22:13:57Z,run,2022-11-29T22:34:20Z,-8.05274456,-34.95333559,173.0,87.0
2022-11-29T22:13:57Z,run,2022-11-29T22:34:21Z,-8.05276889,-34.95333559,173.0,87.0
2022-11-29T22:13:57Z,run,2022-11-29T22:34:22Z,-8.05279288,-34.95333592,174.0,88.0
2022-11-29T22:13:57Z,run,2022-11-29T22:34:23Z,-8.0528162,-34.95333657,174.0,88.0
2022-11-29T22:13:57Z,run,2022-11-29T22:34:24Z,-8.0528392,-34.95333824,176.0,87.0
2022-11-29T22:13:57Z,run,2022-11-29T22:34:25Z,-8.05286186,-34.9533389,175.0,87.0
2022-11-29T22:13:57Z,run,2022-11-29T22:34:26Z,-8.05288452,-34.95333922,176.0,87.0
2022-11-29T22:13:57Z,run,2022-11-29T22:34:27Z,-8.05290685,-34.9533389,176.0,87.0
2022-11-29T22:13:57Z,run,2022-11-29T22:34:28Z,-8.05292884,-34.95333824,176.0,87.0
2022-11-29T22:13:57Z,run,2022-11-29T22:34:29Z,-8.05295184,-34.95333824,176.0,87.0
2022-11-29T22:13:57Z,run,2022-11-29T22:34:30Z,-8.0529745,-34.9533399,175.0,88.0
2022-11-29T22:13:57Z,run,2022-11-29T22:34:31Z,-8.05299782,-34.95334223,174.0,87.0
2022-11-29T22:13:57Z,run,2022-11-29T22:34:32Z,-8.05302282,-34.95334356,173.0,88.0
2022-11-29T22:13:57Z,run,2022-11-29T22:34:33Z,-8.05304814,-34.95334522,173.0,88.0
2022-11-29T22:13:57Z,run,2022-11-29T22:34:34Z,-8.0530738,-34.95334689,172.0,86.0
2022-11-29T22:13:57Z,run,2022-11-29T22:34:35Z,-8.0530988,-34.95334854,172.0,87.0
2022-11-29T22:13:57Z,run,2022-11-29T22:34:36Z,-8.05312446,-34.95334887,171.0,87.0
2022-11-29T22:13:57Z,run,2022-11-29T22:34:37Z,-8.05315012,-34.95335087,170.0,87.0
2022-11-29T22:13:57Z,run,2022-11-29T22:34:38Z,-8.05317445,-34.95335652,170.0,86.0
2022-11-29T22:13:57Z,run,2022-11-29T22:34:39Z,-8.05319711,-34.95336652,170.0,86.0
2022-11-29T22:13:57Z,run,2022-11-29T22:34:40Z,-8.05321844,-34.95337752,170.0,86.0
2022-11-29T22:13:57Z,run,2022-11-29T22:34:41Z,-8.0532421,-34.95338918,170.0,86.0
2022-11-29T22:13:57Z,run,2022-11-29T22:34:42Z,-8.05326576,-34.9534005,170.0,86.0
2022-11-29T22:13:57Z,run,2022-11-29T22:34:43Z,-8.05328909,-34.95341016,170.0,86.0
2022-11-29T22:13:57Z,run,2022-11-29T22:34:44Z,-8.05331242,-34.95341783,170.0,87.0
2022-11-29T22:13:57Z,run,2022-11-29T22:34:45Z,-8.05333641,-34.95342348,170.0,87.0
2022-11-29T22:13:57Z,run,2022-11-29T22:34:46Z,-8.05336074,-34.95342882,171.0,87.0
2022-11-29T22:13:57Z,run,2022-11-29T22:34:47Z,-8.05338473,-34.95343348,171.0,87.0
2022-11-29T22:13:57Z,run,2022-11-29T22:34:48Z,-8.05340806,-34.95343847,171.0,87.0
2022-11-29T22:13:57Z,run,2022-11-29T22:34:49Z,-8.05343072,-34.95344214,170.0,86.0
2022-11-29T22:13:57Z,run,2022-11-29T22:34:50Z,-8.05345238,-34.9534458,170.0,86.0
2022-11-29T22:13:57Z,run,2022-11-29T22:34:51Z,-8.05347137,-34.95344879,170.0,87.0
2022-11-29T22:13:57Z,run,2022-11-29T22:34:52Z,-8.05349103,-34.95345011,170.0,87.0
2022-11-29T22:13:57Z,run,2022-11-29T22:34:53Z,-8.05351036,-34.95345111,169.0,87.0
2022-11-29T22:13:57Z,run,2022-11-29T22:34:54Z,-8.05353136,-34.95345311,169.0,87.0
2022-11-29T22:13:57Z,run,2022-11-29T22:34:55Z,-8.05355268,-34.95345477,167.0,87.0
2022-11-29T22:13:57Z,run,2022-11-29T22:34:56Z,-8.05357334,-34.95345576,167.0,87.0
2022-11-29T22:13:57Z,run,2022-11-29T22:34:57Z,-8.05359634,-34.95345776,167.0,87.0
2022-11-29T22:13:57Z,run,2022-11-29T22:34:58Z,-8.05362033,-34.95345909,167.0,87.0
2022-11-29T22:13:57Z,run,2022-11-29T22:34:59Z,-8.05364365,-34.95345809,167.0,87.0
2022-11-29T22:13:57Z,run,2022-11-29T22:35:00Z,-8.05366665,-34.9534571,168.0,87.0
2022-11-29T22:13:57Z,run,2022-11-29T22:35:01Z,-8.05368931,-34.95345543,169.0,87.0
2022-11-29T22:13:57Z,run,2022-11-29T22:35:02Z,-8.05371164,-34.95345344,169.0,87.0
2022-11-29T22:13:57Z,run,2022-11-29T22:35:03Z,-8.05373363,-34.95345244,169.0,86.0
2022-11-29T22:13:57Z,run,2022-11-29T22:35:04Z,-8.05375563,-34.95345212,169.0,86.0
2022-11-29T22:13:57Z,run,2022-11-29T22:35:05Z,-8.05377729,-34.9534508,170.0,86.0
2022-11-29T22:13:57Z,run,2022-11-29T22:35:06Z,-8.05379929,-34.95344747,170.0,86.0
2022-11-29T22:13:57Z,run,2022-11-29T22:35:07Z,-8.05382128,-34.95344482,171.0,86.0
2022-11-29T22:13:57Z,run,2022-11-29T22:35:08Z,-8.05384561,-34.95344315,172.0,86.0
2022-11-29T22:13:57Z,run,2022-11-29T22:35:09Z,-8.05387193,-34.95344283,173.0,86.0
2022-11-29T22:13:57Z,run,2022-11-29T22:35:10Z,-8.05389927,-34.95344283,173.0,86.0
2022-11-29T22:13:57Z,run,2022-11-29T22:35:11Z,-8.05392592,-34.95344582,172.0,87.0
2022-11-29T22:13:57Z,run,2022-11-29T22:35:12Z,-8.05395259,-34.95344947,172.0,87.0
2022-11-29T22:13:57Z,run,2022-11-29T22:35:12Z,-8.05397958,-34.9534528,172.0,87.0
2022-11-29T22:13:57Z,run,2022-11-29T22:35:13Z,-8.05400458,-34.95345613,172.0,87.0
2022-11-29T22:13:57Z,run,2022-11-29T22:35:14Z,-8.05402824,-34.95345979,172.0,87.0
2022-11-29T22:13:57Z,run,2022-11-29T22:35:15Z,-8.05405356,-34.95346179,172.0,87.0
2022-11-29T22:13:57Z,run,2022-11-29T22:35:16Z,-8.05407755,-34.95346179,172.0,86.0
2022-11-29T22:13:57Z,run,2022-11-29T22:35:17Z,-8.05410088,-34.95346179,172.0,86.0
2022-11-29T22:13:57Z,run,2022-11-29T22:35:18Z,-8.05412421,-34.95346179,172.0,84.0
2022-11-29T22:13:57Z,run,2022-11-29T22:35:19Z,-8.05414754,-34.95346179,171.0,84.0
2022-11-29T22:13:57Z,run,2022-11-29T22:35:20Z,-8.05417086,-34.95346211,171.0,84.0
2022-11-29T22:13:57Z,run,2022-11-29T22:35:21Z,-8.0541932,-34.95346211,171.0,84.0
2022-11-29T22:13:57Z,run,2022-11-29T22:35:22Z,-8.05421452,-34.95346078,172.0,85.0
2022-11-29T22:13:57Z,run,2022-11-29T22:35:23Z,-8.05423518,-34.95346012,172.0,87.0
2022-11-29T22:13:57Z,run,2022-11-29T22:35:24Z,-8.05425417,-34.95346012,173.0,86.0
2022-11-29T22:13:57Z,run,2022-11-29T22:35:25Z,-8.05427316,-34.95345946,174.0,86.0
2022-11-29T22:13:57Z,run,2022-11-29T22:35:26Z,-8.05429249,-34.95346012,174.0,86.0
2022-11-29T22:13:57Z,run,2022-11-29T22:35:27Z,-8.05431315,-34.95346111,174.0,86.0
2022-11-29T22:13:57Z,run,2022-11-29T22:35:28Z,-8.05433615,-34.95346444,174.0,86.0
2022-11-29T22:13:57Z,run,2022-11-29T22:35:29Z,-8.05436114,-34.95347011,174.0,86.0
2022-11-29T22:13:57Z,run,2022-11-29T22:35:30Z,-8.05438547,-34.95348043,174.0,86.0
2022-11-29T22:13:57Z,run,2022-11-29T22:35:31Z,-8.05440714,-34.95349443,174.0,86.0
2022-11-29T22:13:57Z,run,2022-11-29T22:35:32Z,-8.0544258,-34.9535111,174.0,86.0
2022-11-29T22:13:57Z,run,2022-11-29T22:35:33Z,-8.05444413,-34.95352809,174.0,86.0
2022-11-29T22:13:57Z,run,2022-11-29T22:35:34Z,-8.05446146,-34.95354409,174.0,86.0
2022-11-29T22:13:57Z,run,2022-11-29T22:35:35Z,-8.05447845,-34.95356009,175.0,86.0
2022-11-29T22:13:57Z,run,2022-11-29T22:35:36Z,-8.05449544,-34.95357441,175.0,86.0
2022-11-29T22:13:57Z,run,2022-11-29T22:35:37Z,-8.05451344,-34.9535844,175.0,86.0
2022-11-29T22:13:57Z,run,2022-11-29T22:35:38Z,-8.0545321,-34.95359039,175.0,86.0
2022-11-29T22:13:57Z,run,2022-11-29T22:35:39Z,-8.05455076,-34.95359473,175.0,86.0
2022-11-29T22:13:57Z,run,2022-11-29T22:35:40Z,-8.0545681,-34.95359706,175.0,86.0
2022-11-29T22:13:57Z,run,2022-11-29T22:35:41Z,-8.05458675,-34.95359674,175.0,86.0
2022-11-29T22:13:57Z,run,2022-11-29T22:35:42Z,-8.05461142,-34.95359407,176.0,87.0
2022-11-29T22:13:57Z,run,2022-11-29T22:35:43Z,-8.05463742,-34.9535904,179.0,87.0
2022-11-29T22:13:57Z,run,2022-11-29T22:35:44Z,-8.05466242,-34.95358875,180.0,87.0
2022-11-29T22:13:57Z,run,2022-11-29T22:35:45Z,-8.05468741,-34.95358974,180.0,87.0
2022-11-29T22:13:57Z,run,2022-11-29T22:35:46Z,-8.05471108,-34.95359407,180.0,86.0
2022-11-29T22:13:57Z,run,2022-11-29T22:35:47Z,-8.05473541,-34.9535994,181.0,86.0
2022-11-29T22:13:57Z,run,2022-11-29T22:35:48Z,-8.0547594,-34.95360373,182.0,86.0
2022-11-29T22:13:57Z,run,2022-11-29T22:35:49Z,-8.05478272,-34.95360738,183.0,86.0
2022-11-29T22:13:57Z,run,2022-11-29T22:35:50Z,-8.05480471,-34.95361037,183.0,86.0
2022-11-29T22:13:57Z,run,2022-11-29T22:35:51Z,-8.0548267,-34.95361337,183.0,86.0
2022-11-29T22:13:57Z,run,2022-11-29T22:35:52Z,-8.05484803,-34.95361503,184.0,87.0
2022-11-29T22:13:57Z,run,2022-11-29T22:35:53Z,-8.05487003,-34.95361602,184.0,87.0
2022-11-29T22:13:57Z,run,2022-11-29T22:35:54Z,-8.05489202,-34.95361735,183.0,87.0
2022-11-29T22:13:57Z,run,2022-11-29T22:35:55Z,-8.05491534,-34.95361703,182.0,86.0
2022-11-29T22:13:57Z,run,2022-11-29T22:35:56Z,-8.05493933,-34.95361703,182.0,87.0
2022-11-29T22:13:57Z,run,2022-11-29T22:35:57Z,-8.05496366,-34.95361802,182.0,87.0
2022-11-29T22:13:57Z,run,2022-11-29T22:35:58Z,-8.05498933,-34.95361969,183.0,87.0
2022-11-29T22:13:57Z,run,2022-11-29T22:35:59Z,-8.05501365,-34.95362234,182.0,87.0
2022-11-29T22:13:57Z,run,2022-11-29T22:36:00Z,-8.05503932,-34.95362633,182.0,87.0
2022-11-29T22:13:57Z,run,2022-11-29T22:36:01Z,-8.05506364,-34.95363033,182.0,87.0
2022-11-29T22:13:57Z,run,2022-11-29T22:36:02Z,-8.05508698,-34.95363466,182.0,87.0
2022-11-29T22:13:57Z,run,2022-11-29T22:36:03Z,-8.05510998,-34.95363798,182.0,87.0
2022-11-29T22:13:57Z,run,2022-11-29T22:36:04Z,-8.05513197,-34.95363965,182.0,87.0
2022-11-29T22:13:57Z,run,2022-11-29T22:36:05Z,-8.0551543,-34.9536403,182.0,87.0
2022-11-29T22:13:57Z,run,2022-11-29T22:36:06Z,-8.05517762,-34.95364164,182.0,87.0
2022-11-29T22:13:57Z,run,2022-11-29T22:36:07Z,-8.05520129,-34.95364663,182.0,87.0
2022-11-29T22:13:57Z,run,2022-11-29T22:36:08Z,-8.05522395,-34.95365296,180.0,87.0
2022-11-29T22:13:57Z,run,2022-11-29T22:36:09Z,-8.0552466,-34.95365795,180.0,87.0
2022-11-29T22:13:57Z,run,2022-11-29T22:36:10Z,-8.0552686,-34.95366195,178.0,86.0
2022-11-29T22:13:57Z,run,2022-11-29T22:36:11Z,-8.05529026,-34.95366594,178.0,86.0
2022-11-29T22:13:57Z,run,2022-11-29T22:36:12Z,-8.05531226,-34.95367227,177.0,87.0
2022-11-29T22:13:57Z,run,2022-11-29T22:36:13Z,-8.05533392,-34.95367793,177.0,87.0
2022-11-29T22:13:57Z,run,2022-11-29T22:36:14Z,-8.05535658,-34.9536846,177.0,87.0
2022-11-29T22:13:57Z,run,2022-11-29T22:36:15Z,-8.05537924,-34.95369059,177.0,87.0
2022-11-29T22:13:57Z,run,2022-11-29T22:36:16Z,-8.0554019,-34.95369624,177.0,87.0
2022-11-29T22:13:57Z,run,2022-11-29T22:36:17Z,-8.05542423,-34.95370124,177.0,87.0
2022-11-29T22:13:57Z,run,2022-11-29T22:36:18Z,-8.05544689,-34.95370557,177.0,87.0
2022-11-29T22:13:57Z,run,2022-11-29T22:36:19Z,-8.05546854,-34.9537109,177.0,86.0
2022-11-29T22:13:57Z,run,2022-11-29T22:36:20Z,-8.05548888,-34.95371857,176.0,86.0
2022-11-29T22:13:57Z,run,2022-11-29T22:36:21Z,-8.0555062,-34.95372957,176.0,85.0
2022-11-29T22:13:57Z,run,2022-11-29T22:36:22Z,-8.0555212,-34.95374422,176.0,85.0
2022-11-29T22:13:57Z,run,2022-11-29T22:36:23Z,-8.05553387,-34.95376121,176.0,86.0
2022-11-29T22:13:57Z,run,2022-11-29T22:36:24Z,-8.05554452,-34.95377955,176.0,86.0
2022-11-29T22:13:57Z,run,2022-11-29T22:36:25Z,-8.05555451,-34.9538012,175.0,85.0
2022-11-29T22:13:57Z,run,2022-11-29T22:36:26Z,-8.05556251,-34.95382487,174.0,85.0
2022-11-29T22:13:57Z,run,2022-11-29T22:36:27Z,-8.05556884,-34.95384953,174.0,85.0
2022-11-29T22:13:57Z,run,2022-11-29T22:36:28Z,-8.0555725,-34.95387453,174.0,85.0
2022-11-29T22:13:57Z,run,2022-11-29T22:36:29Z,-8.0555745,-34.95389985,175.0,85.0
2022-11-29T22:13:57Z,run,2022-11-29T22:36:30Z,-8.0555745,-34.95392485,176.0,86.0
2022-11-29T22:13:57Z,run,2022-11-29T22:36:31Z,-8.0555735,-34.95394985,178.0,87.0
2022-11-29T22:13:57Z,run,2022-11-29T22:36:32Z,-8.05557516,-34.95397385,178.0,87.0
2022-11-29T22:13:57Z,run,2022-11-29T22:36:33Z,-8.05557882,-34.95399885,177.0,87.0
2022-11-29T22:13:57Z,run,2022-11-29T22:36:34Z,-8.05558315,-34.95402517,177.0,87.0
2022-11-29T22:13:57Z,run,2022-11-29T22:36:35Z,-8.05558382,-34.95405251,177.0,87.0
2022-11-29T22:13:57Z,run,2022-11-29T22:36:36Z,-8.05558514,-34.95408216,175.0,87.0
2022-11-29T22:13:57Z,run,2022-11-29T22:36:37Z,-8.05558447,-34.9541075,174.0,86.0
2022-11-29T22:13:57Z,run,2022-11-29T22:36:38Z,-8.05558247,-34.95413282,173.0,86.0
2022-11-29T22:13:57Z,run,2022-11-29T22:36:39Z,-8.05557881,-34.95415682,173.0,87.0
2022-11-29T22:13:57Z,run,2022-11-29T22:36:40Z,-8.05557448,-34.95418014,173.0,87.0
2022-11-29T22:13:57Z,run,2022-11-29T22:36:41Z,-8.05557282,-34.95420181,173.0,87.0
2022-11-29T22:13:57Z,run,2022-11-29T22:36:42Z,-8.05557315,-34.95422414,173.0,86.0
2022-11-29T22:13:57Z,run,2022-11-29T22:36:43Z,-8.05557148,-34.95424613,173.0,87.0
2022-11-29T22:13:57Z,run,2022-11-29T22:36:44Z,-8.05556883,-34.95426813,172.0,87.0
2022-11-29T22:13:57Z,run,2022-11-29T22:36:45Z,-8.0555655,-34.95429112,172.0,87.0
2022-11-29T22:13:57Z,run,2022-11-29T22:36:46Z,-8.05556317,-34.95431412,172.0,87.0
2022-11-29T22:13:57Z,run,2022-11-29T22:36:47Z,-8.05555984,-34.95433778,172.0,87.0
2022-11-29T22:13:57Z,run,2022-11-29T22:36:48Z,-8.05555785,-34.95435978,173.0,87.0
2022-11-29T22:13:57Z,run,2022-11-29T22:36:49Z,-8.05555618,-34.9543811,173.0,87.0
2022-11-29T22:13:57Z,run,2022-11-29T22:36:50Z,-8.05555519,-34.95440277,173.0,87.0
2022-11-29T22:13:57Z,run,2022-11-29T22:36:51Z,-8.0555542,-34.95442543,173.0,87.0
2022-11-29T22:13:57Z,run,2022-11-29T22:36:52Z,-8.0555522,-34.95444743,173.0,87.0
2022-11-29T22:13:57Z,run,2022-11-29T22:36:53Z,-8.0555492,-34.95447042,173.0,87.0
2022-11-29T22:13:57Z,run,2022-11-29T22:36:54Z,-8.05554688,-34.95449307,173.0,88.0
2022-11-29T22:13:57Z,run,2022-11-29T22:36:55Z,-8.05554288,-34.95451507,173.0,88.0
2022-11-29T22:13:57Z,run,2022-11-29T22:36:56Z,-8.05553889,-34.95453607,173.0,88.0
2022-11-29T22:13:57Z,run,2022-11-29T22:36:57Z,-8.05553489,-34.9545574,173.0,88.0
2022-11-29T22:13:57Z,run,2022-11-29T22:36:58Z,-8.05553156,-34.95457906,173.0,88.0
2022-11-29T22:13:57Z,run,2022-11-29T22:36:59Z,-8.05552956,-34.95460106,173.0,88.0
2022-11-29T22:13:57Z,run,2022-11-29T22:37:00Z,-8.05552756,-34.95462172,173.0,88.0
2022-11-29T22:13:57Z,run,2022-11-29T22:37:01Z,-8.05552556,-34.95464405,172.0,88.0
2022-11-29T22:13:57Z,run,2022-11-29T22:37:02Z,-8.05552491,-34.95466504,171.0,88.0
2022-11-29T22:13:57Z,run,2022-11-29T22:37:03Z,-8.05552291,-34.95468503,171.0,88.0
2022-11-29T22:13:57Z,run,2022-11-29T22:37:04Z,-8.05552091,-34.95470503,171.0,88.0
2022-11-29T22:13:57Z,run,2022-11-29T22:37:05Z,-8.05551891,-34.95472669,171.0,89.0
2022-11-29T22:13:57Z,run,2022-11-29T22:37:06Z,-8.05551725,-34.95474836,171.0,88.0
2022-11-29T22:13:57Z,run,2022-11-29T22:37:07Z,-8.05551325,-34.95477168,172.0,88.0
2022-11-29T22:13:57Z,run,2022-11-29T22:37:08Z,-8.05550893,-34.95479434,171.0,87.0
2022-11-29T22:13:57Z,run,2022-11-29T22:37:09Z,-8.05550493,-34.95481634,171.0,87.0
2022-11-29T22:13:57Z,run,2022-11-29T22:37:10Z,-8.05550227,-34.954838,171.0,87.0
2022-11-29T22:13:57Z,run,2022-11-29T22:37:11Z,-8.05550095,-34.95486166,172.0,87.0
2022-11-29T22:13:57Z,run,2022-11-29T22:37:12Z,-8.05550061,-34.95488533,171.0,87.0
2022-11-29T22:13:57Z,run,2022-11-29T22:37:13Z,-8.05549829,-34.95490932,170.0,88.0
2022-11-29T22:13:57Z,run,2022-11-29T22:37:14Z,-8.05549496,-34.95493264,169.0,87.0
2022-11-29T22:13:57Z,run,2022-11-29T22:37:15Z,-8.0554913,-34.95495631,169.0,87.0
2022-11-29T22:13:57Z,run,2022-11-29T22:37:16Z,-8.05548698,-34.95498131,169.0,87.0
2022-11-29T22:13:57Z,run,2022-11-29T22:37:17Z,-8.05547998,-34.95500696,170.0,88.0
2022-11-29T22:13:57Z,run,2022-11-29T22:37:18Z,-8.05547164,-34.95503295,171.0,87.0
2022-11-29T22:13:57Z,run,2022-11-29T22:37:19Z,-8.05546565,-34.95505894,170.0,87.0
2022-11-29T22:13:57Z,run,2022-11-29T22:37:20Z,-8.05546232,-34.95508394,170.0,87.0
2022-11-29T22:13:57Z,run,2022-11-29T22:37:21Z,-8.05545933,-34.95510761,170.0,87.0
2022-11-29T22:13:57Z,run,2022-11-29T22:37:22Z,-8.055457,-34.95512994,170.0,87.0
2022-11-29T22:13:57Z,run,2022-11-29T22:37:23Z,-8.05545566,-34.9551516,170.0,87.0
2022-11-29T22:13:57Z,run,2022-11-29T22:37:24Z,-8.05545566,-34.95517227,170.0,87.0
2022-11-29T22:13:57Z,run,2022-11-29T22:37:25Z,-8.055456,-34.95519359,170.0,87.0
2022-11-29T22:13:57Z,run,2022-11-29T22:37:26Z,-8.05545566,-34.95521625,171.0,87.0
2022-11-29T22:13:57Z,run,2022-11-29T22:37:27Z,-8.05545234,-34.95524125,172.0,87.0
2022-11-29T22:13:57Z,run,2022-11-29T22:37:28Z,-8.05544834,-34.95526757,172.0,87.0
2022-11-29T22:13:57Z,run,2022-11-29T22:37:29Z,-8.05544468,-34.95529324,173.0,87.0
2022-11-29T22:13:57Z,run,2022-11-29T22:37:30Z,-8.05544135,-34.95531889,173.0,87.0
2022-11-29T22:13:57Z,run,2022-11-29T22:37:31Z,-8.05543735,-34.95534355,173.0,86.0
2022-11-29T22:13:57Z,run,2022-11-29T22:37:32Z,-8.05543168,-34.95536688,173.0,87.0
2022-11-29T22:13:57Z,run,2022-11-29T22:37:33Z,-8.05542569,-34.95538987,173.0,87.0
2022-11-29T22:13:57Z,run,2022-11-29T22:37:34Z,-8.05542003,-34.95541286,173.0,86.0
2022-11-29T22:13:57Z,run,2022-11-29T22:37:35Z,-8.05541404,-34.95543552,173.0,86.0
2022-11-29T22:13:57Z,run,2022-11-29T22:37:36Z,-8.05540837,-34.95545884,173.0,86.0
2022-11-29T22:13:57Z,run,2022-11-29T22:37:37Z,-8.05540538,-34.95548084,173.0,86.0
2022-11-29T22:13:57Z,run,2022-11-29T22:37:38Z,-8.05540372,-34.95550218,173.0,86.0
2022-11-29T22:13:57Z,run,2022-11-29T22:37:39Z,-8.05540405,-34.9555235,174.0,86.0
2022-11-29T22:13:57Z,run,2022-11-29T22:37:40Z,-8.0554057,-34.9555445,176.0,87.0
2022-11-29T22:13:57Z,run,2022-11-29T22:37:41Z,-8.0554077,-34.9555665,176.0,87.0
2022-11-29T22:13:57Z,run,2022-11-29T22:37:42Z,-8.05541003,-34.95558749,177.0,87.0
2022-11-29T22:13:57Z,run,2022-11-29T22:37:44Z,-8.05541169,-34.95560781,177.0,87.0
2022-11-29T22:13:57Z,run,2022-11-29T22:37:44Z,-8.05541169,-34.95562915,177.0,87.0
2022-11-29T22:13:57Z,run,2022-11-29T22:37:45Z,-8.05541136,-34.95565048,177.0,87.0
2022-11-29T22:13:57Z,run,2022-11-29T22:37:46Z,-8.0554087,-34.95567247,177.0,87.0
2022-11-29T22:13:57Z,run,2022-11-29T22:37:47Z,-8.05540437,-34.95569447,177.0,87.0
2022-11-29T22:13:57Z,run,2022-11-29T22:37:48Z,-8.0553987,-34.95571614,177.0,87.0
2022-11-29T22:13:57Z,run,2022-11-29T22:37:49Z,-8.05539471,-34.95573679,177.0,87.0
2022-11-29T22:13:57Z,run,2022-11-29T22:37:50Z,-8.05539206,-34.95575746,176.0,87.0
2022-11-29T22:13:57Z,run,2022-11-29T22:37:51Z,-8.05539006,-34.95577878,176.0,87.0
2022-11-29T22:13:57Z,run,2022-11-29T22:37:52Z,-8.05538739,-34.95580144,176.0,86.0
2022-11-29T22:13:57Z,run,2022-11-29T22:37:53Z,-8.05538273,-34.95582577,176.0,86.0
2022-11-29T22:13:57Z,run,2022-11-29T22:37:54Z,-8.05537707,-34.95584976,176.0,86.0
2022-11-29T22:13:57Z,run,2022-11-29T22:37:55Z,-8.05537108,-34.9558731,175.0,86.0
2022-11-29T22:13:57Z,run,2022-11-29T22:37:56Z,-8.05536742,-34.95589309,174.0,84.0
2022-11-29T22:13:57Z,run,2022-11-29T22:37:57Z,-8.05536675,-34.95590874,173.0,84.0
2022-11-29T22:13:57Z,run,2022-11-29T22:37:58Z,-8.05536675,-34.95591874,173.0,85.0
2022-11-29T22:13:57Z,run,2022-11-29T22:37:59Z,-8.05536509,-34.95592207,173.0,85.0
2022-11-29T22:13:57Z,run,2022-11-29T22:38:00Z,-8.05536075,-34.95591841,173.0,85.0
2022-11-29T22:13:57Z,run,2022-11-29T22:38:01Z,-8.05535476,-34.95590841,172.0,86.0
2022-11-29T22:13:57Z,run,2022-11-29T22:38:02Z,-8.05534876,-34.95589275,172.0,87.0
2022-11-29T22:13:57Z,run,2022-11-29T22:38:03Z,-8.05534444,-34.95587509,171.0,87.0
2022-11-29T22:13:57Z,run,2022-11-29T22:38:04Z,-8.05533978,-34.9558551,171.0,87.0
2022-11-29T22:13:57Z,run,2022-11-29T22:38:05Z,-8.05533713,-34.9558331,171.0,87.0
2022-11-29T22:13:57Z,run,2022-11-29T22:38:06Z,-8.0553348,-34.95580877,171.0,87.0
2022-11-29T22:13:57Z,run,2022-11-29T22:38:07Z,-8.05533347,-34.95578444,170.0,87.0
2022-11-29T22:13:57Z,run,2022-11-29T22:38:08Z,-8.05533281,-34.95575977,169.0,87.0
2022-11-29T22:13:57Z,run,2022-11-29T22:38:09Z,-8.05533314,-34.95573678,168.0,87.0
2022-11-29T22:13:57Z,run,2022-11-29T22:38:10Z,-8.05533446,-34.95571279,168.0,87.0
2022-11-29T22:13:57Z,run,2022-11-29T22:38:11Z,-8.05533578,-34.95568946,168.0,87.0
2022-11-29T22:13:57Z,run,2022-11-29T22:38:12Z,-8.05533877,-34.95566747,167.0,87.0
2022-11-29T22:13:57Z,run,2022-11-29T22:38:13Z,-8.0553441,-34.9556468,167.0,88.0
2022-11-29T22:13:57Z,run,2022-11-29T22:38:14Z,-8.0553501,-34.95562681,167.0,88.0
2022-11-29T22:13:57Z,run,2022-11-29T22:38:15Z,-8.05535442,-34.95560515,167.0,88.0
2022-11-29T22:13:57Z,run,2022-11-29T22:38:16Z,-8.05535642,-34.95558249,168.0,88.0
2022-11-29T22:13:57Z,run,2022-11-29T22:38:17Z,-8.05535774,-34.9555595,168.0,88.0
2022-11-29T22:13:57Z,run,2022-11-29T22:38:18Z,-8.05535675,-34.95553784,168.0,87.0
2022-11-29T22:13:57Z,run,2022-11-29T22:38:19Z,-8.05535841,-34.95551584,168.0,87.0
2022-11-29T22:13:57Z,run,2022-11-29T22:38:20Z,-8.05535973,-34.95549684,168.0,87.0
2022-11-29T22:13:57Z,run,2022-11-29T22:38:21Z,-8.05536107,-34.95547751,168.0,87.0
2022-11-29T22:13:57Z,run,2022-11-29T22:38:22Z,-8.05536239,-34.95545551,168.0,87.0
2022-11-29T22:13:57Z,run,2022-11-29T22:38:23Z,-8.05536538,-34.95543318,168.0,87.0
2022-11-29T22:13:57Z,run,2022-11-29T22:38:24Z,-8.0553697,-34.95541118,169.0,87.0
2022-11-29T22:13:57Z,run,2022-11-29T22:38:25Z,-8.05537437,-34.95539052,171.0,87.0
2022-11-29T22:13:57Z,run,2022-11-29T22:38:26Z,-8.05537936,-34.95536886,172.0,86.0
2022-11-29T22:13:57Z,run,2022-11-29T22:38:27Z,-8.05538503,-34.95534653,173.0,86.0
2022-11-29T22:13:57Z,run,2022-11-29T22:38:28Z,-8.05539135,-34.9553252,174.0,86.0
2022-11-29T22:13:57Z,run,2022-11-29T22:38:29Z,-8.05539702,-34.95530353,174.0,86.0
2022-11-29T22:13:57Z,run,2022-11-29T22:38:30Z,-8.05540168,-34.95528187,174.0,86.0
2022-11-29T22:13:57Z,run,2022-11-29T22:38:31Z,-8.05540667,-34.95525987,174.0,86.0
2022-11-29T22:13:57Z,run,2022-11-29T22:38:32Z,-8.05541101,-34.95523787,174.0,86.0
2022-11-29T22:13:57Z,run,2022-11-29T22:38:33Z,-8.05541567,-34.95521522,175.0,87.0
2022-11-29T22:13:57Z,run,2022-11-29T22:38:34Z,-8.05542033,-34.95519256,175.0,87.0
2022-11-29T22:13:57Z,run,2022-11-29T22:38:35Z,-8.05542465,-34.95516923,175.0,87.0
2022-11-29T22:13:57Z,run,2022-11-29T22:38:36Z,-8.05542799,-34.9551459,175.0,87.0
2022-11-29T22:13:57Z,run,2022-11-29T22:38:37Z,-8.05543164,-34.95512191,175.0,87.0
2022-11-29T22:13:57Z,run,2022-11-29T22:38:38Z,-8.05543498,-34.95509858,175.0,86.0
2022-11-29T22:13:57Z,run,2022-11-29T22:38:39Z,-8.05543763,-34.95507492,176.0,86.0
2022-11-29T22:13:57Z,run,2022-11-29T22:38:40Z,-8.05544062,-34.95505127,176.0,86.0
2022-11-29T22:13:57Z,run,2022-11-29T22:38:41Z,-8.05544329,-34.9550276,176.0,86.0
2022-11-29T22:13:57Z,run,2022-11-29T22:38:42Z,-8.05544561,-34.95500527,176.0,86.0
2022-11-29T22:13:57Z,run,2022-11-29T22:38:43Z,-8.05544794,-34.95498327,176.0,86.0
2022-11-29T22:13:57Z,run,2022-11-29T22:38:44Z,-8.05545027,-34.95495994,176.0,86.0
2022-11-29T22:13:57Z,run,2022-11-29T22:38:45Z,-8.05545193,-34.95493629,176.0,85.0
2022-11-29T22:13:57Z,run,2022-11-29T22:38:46Z,-8.05545292,-34.9549133,177.0,85.0
2022-11-29T22:13:57Z,run,2022-11-29T22:38:47Z,-8.05545325,-34.95488963,178.0,86.0
2022-11-29T22:13:57Z,run,2022-11-29T22:38:48Z,-8.05545325,-34.95486664,178.0,86.0
2022-11-29T22:13:57Z,run,2022-11-29T22:38:49Z,-8.05545424,-34.95484398,179.0,86.0
2022-11-29T22:13:57Z,run,2022-11-29T22:38:50Z,-8.05545524,-34.95482232,179.0,86.0
2022-11-29T22:13:57Z,run,2022-11-29T22:38:51Z,-8.05545524,-34.95479899,178.0,86.0
2022-11-29T22:13:57Z,run,2022-11-29T22:38:52Z,-8.05545556,-34.95477567,177.0,86.0
2022-11-29T22:13:57Z,run,2022-11-29T22:38:54Z,-8.0554559,-34.95475301,177.0,86.0
2022-11-29T22:13:57Z,run,2022-11-29T22:38:54Z,-8.05545689,-34.95473001,177.0,86.0
2022-11-29T22:13:57Z,run,2022-11-29T22:38:55Z,-8.05545889,-34.95470802,177.0,86.0
2022-11-29T22:13:57Z,run,2022-11-29T22:38:56Z,-8.05546254,-34.95468537,177.0,86.0
2022-11-29T22:13:57Z,run,2022-11-29T22:38:57Z,-8.05546654,-34.95466237,176.0,85.0
2022-11-29T22:13:57Z,run,2022-11-29T22:38:58Z,-8.05546988,-34.95463904,176.0,86.0
2022-11-29T22:13:57Z,run,2022-11-29T22:38:59Z,-8.05547153,-34.95461605,176.0,86.0
2022-11-29T22:13:57Z,run,2022-11-29T22:39:00Z,-8.0554722,-34.95459372,176.0,86.0
2022-11-29T22:13:57Z,run,2022-11-29T22:39:01Z,-8.05547153,-34.95457006,176.0,86.0
2022-11-29T22:13:57Z,run,2022-11-29T22:39:02Z,-8.05547088,-34.95454706,176.0,86.0
2022-11-29T22:13:57Z,run,2022-11-29T22:39:03Z,-8.05547055,-34.95452541,178.0,86.0
2022-11-29T22:13:57Z,run,2022-11-29T22:39:04Z,-8.05547154,-34.95450441,179.0,86.0
2022-11-29T22:13:57Z,run,2022-11-29T22:39:05Z,-8.0554732,-34.95448408,179.0,86.0
2022-11-29T22:13:57Z,run,2022-11-29T22:39:06Z,-8.05547487,-34.95446309,179.0,86.0
2022-11-29T22:13:57Z,run,2022-11-29T22:39:07Z,-8.05547719,-34.95444109,178.0,87.0
2022-11-29T22:13:57Z,run,2022-11-29T22:39:08Z,-8.05547919,-34.9544181,177.0,87.0
2022-11-29T22:13:57Z,run,2022-11-29T22:39:09Z,-8.05548051,-34.9543951,176.0,87.0
2022-11-29T22:13:57Z,run,2022-11-29T22:39:10Z,-8.0554815,-34.95437211,176.0,87.0
2022-11-29T22:13:57Z,run,2022-11-29T22:39:11Z,-8.0554825,-34.95434879,176.0,87.0
2022-11-29T22:13:57Z,run,2022-11-29T22:39:12Z,-8.05548516,-34.95432679,176.0,87.0
2022-11-29T22:13:57Z,run,2022-11-29T22:39:13Z,-8.05548716,-34.95430479,177.0,87.0
2022-11-29T22:13:57Z,run,2022-11-29T22:39:14Z,-8.05548916,-34.95428213,177.0,87.0
2022-11-29T22:13:57Z,run,2022-11-29T22:39:15Z,-8.05549116,-34.95426013,177.0,87.0
2022-11-29T22:13:57Z,run,2022-11-29T22:39:16Z,-8.05549248,-34.95423748,177.0,87.0
2022-11-29T22:13:57Z,run,2022-11-29T22:39:17Z,-8.05549315,-34.95421582,177.0,87.0
2022-11-29T22:13:57Z,run,2022-11-29T22:39:18Z,-8.05549447,-34.95419415,177.0,87.0
2022-11-29T22:13:57Z,run,2022-11-29T22:39:19Z,-8.05549613,-34.95417249,178.0,88.0
2022-11-29T22:13:57Z,run,2022-11-29T22:39:20Z,-8.05549745,-34.95415116,178.0,88.0
2022-11-29T22:13:57Z,run,2022-11-29T22:39:21Z,-8.05549812,-34.95413016,180.0,88.0
2022-11-29T22:13:57Z,run,2022-11-29T22:39:22Z,-8.05549944,-34.9541085,180.0,88.0
2022-11-29T22:13:57Z,run,2022-11-29T22:39:23Z,-8.05550078,-34.95408651,179.0,87.0
2022-11-29T22:13:57Z,run,2022-11-29T22:39:24Z,-8.05550243,-34.95406451,179.0,87.0
2022-11-29T22:13:57Z,run,2022-11-29T22:39:25Z,-8.05550443,-34.95404284,179.0,87.0
2022-11-29T22:13:57Z,run,2022-11-29T22:39:26Z,-8.05550577,-34.95402152,179.0,87.0
2022-11-29T22:13:57Z,run,2022-11-29T22:39:27Z,-8.05550609,-34.95399952,179.0,87.0
2022-11-29T22:13:57Z,run,2022-11-29T22:39:27Z,-8.05550676,-34.95397785,180.0,87.0
2022-11-29T22:13:57Z,run,2022-11-29T22:39:28Z,-8.05550776,-34.95395585,179.0,86.0
2022-11-29T22:13:57Z,run,2022-11-29T22:39:29Z,-8.05550742,-34.95393486,179.0,86.0
2022-11-29T22:13:57Z,run,2022-11-29T22:39:30Z,-8.05550543,-34.95391519,179.0,86.0
2022-11-29T22:13:57Z,run,2022-11-29T22:39:31Z,-8.05550143,-34.95389653,178.0,86.0
2022-11-29T22:13:57Z,run,2022-11-29T22:39:32Z,-8.05549378,-34.95387887,178.0,86.0
2022-11-29T22:13:57Z,run,2022-11-29T22:39:33Z,-8.05548344,-34.9538622,177.0,86.0
2022-11-29T22:13:57Z,run,2022-11-29T22:39:34Z,-8.05546979,-34.95384554,177.0,86.0
2022-11-29T22:13:57Z,run,2022-11-29T22:39:35Z,-8.05545445,-34.95382988,177.0,86.0
2022-11-29T22:13:57Z,run,2022-11-29T22:39:36Z,-8.05543813,-34.95381688,177.0,86.0
2022-11-29T22:13:57Z,run,2022-11-29T22:39:37Z,-8.05542146,-34.95380522,177.0,86.0
2022-11-29T22:13:57Z,run,2022-11-29T22:39:38Z,-8.05540347,-34.95379422,178.0,86.0
2022-11-29T22:13:57Z,run,2022-11-29T22:39:39Z,-8.05538547,-34.95378189,177.0,87.0
2022-11-29T22:13:57Z,run,2022-11-29T22:39:40Z,-8.05536881,-34.95376789,177.0,87.0
2022-11-29T22:13:57Z,run,2022-11-29T22:39:41Z,-8.05535614,-34.95375157,177.0,87.0
2022-11-29T22:13:57Z,run,2022-11-29T22:39:42Z,-8.05534648,-34.9537339,178.0,87.0
2022-11-29T22:13:57Z,run,2022-11-29T22:39:43Z,-8.05533782,-34.95371624,178.0,88.0
2022-11-29T22:13:57Z,run,2022-11-29T22:39:44Z,-8.05532815,-34.95369925,178.0,88.0
2022-11-29T22:13:57Z,run,2022-11-29T22:39:45Z,-8.05531616,-34.95368259,178.0,88.0
2022-11-29T22:13:57Z,run,2022-11-29T22:39:46Z,-8.0553015,-34.95366592,179.0,87.0
2022-11-29T22:13:57Z,run,2022-11-29T22:39:47Z,-8.0552845,-34.95365026,179.0,87.0
2022-11-29T22:13:57Z,run,2022-11-29T22:39:48Z,-8.05526518,-34.95363626,179.0,87.0
2022-11-29T22:13:57Z,run,2022-11-29T22:39:49Z,-8.05524551,-34.95362226,179.0,87.0
2022-11-29T22:13:57Z,run,2022-11-29T22:39:50Z,-8.05522519,-34.9536076,179.0,87.0
2022-11-29T22:13:57Z,run,2022-11-29T22:39:51Z,-8.05520653,-34.95359094,179.0,87.0
2022-11-29T22:13:57Z,run,2022-11-29T22:39:53Z,-8.0551902,-34.95357127,179.0,87.0
2022-11-29T22:13:57Z,run,2022-11-29T22:39:53Z,-8.05517654,-34.95354961,179.0,87.0
2022-11-29T22:13:57Z,run,2022-11-29T22:39:54Z,-8.05516554,-34.95352827,179.0,87.0
2022-11-29T22:13:57Z,run,2022-11-29T22:39:55Z,-8.05515822,-34.95350594,178.0,87.0
2022-11-29T22:13:57Z,run,2022-11-29T22:39:56Z,-8.05515122,-34.95348462,177.0,87.0
2022-11-29T22:13:57Z,run,2022-11-29T22:39:57Z,-8.05514422,-34.95346228,177.0,87.0
2022-11-29T22:13:57Z,run,2022-11-29T22:39:58Z,-8.05513689,-34.95343795,176.0,86.0
2022-11-29T22:13:57Z,run,2022-11-29T22:39:59Z,-8.05512989,-34.95341396,176.0,86.0
2022-11-29T22:13:57Z,run,2022-11-29T22:40:00Z,-8.05512289,-34.95339029,175.0,86.0
2022-11-29T22:13:57Z,run,2022-11-29T22:40:01Z,-8.05512023,-34.9533643,174.0,86.0
2022-11-29T22:13:57Z,run,2022-11-29T22:40:02Z,-8.0551179,-34.9533393,173.0,86.0
2022-11-29T22:13:57Z,run,2022-11-29T22:40:03Z,-8.0551159,-34.95331598,173.0,86.0
2022-11-29T22:13:57Z,run,2022-11-29T22:40:04Z,-8.05511291,-34.95329332,173.0,86.0
2022-11-29T22:13:57Z,run,2022-11-29T22:40:05Z,-8.05510857,-34.95326966,173.0,86.0
2022-11-29T22:13:57Z,run,2022-11-29T22:40:06Z,-8.05510325,-34.95324633,173.0,86.0
2022-11-29T22:13:57Z,run,2022-11-29T22:40:07Z,-8.05509792,-34.95322301,174.0,86.0
2022-11-29T22:13:57Z,run,2022-11-29T22:40:08Z,-8.05509259,-34.95320002,175.0,86.0
2022-11-29T22:13:57Z,run,2022-11-29T22:40:09Z,-8.05508859,-34.95317702,174.0,86.0
2022-11-29T22:13:57Z,run,2022-11-29T22:40:10Z,-8.05508459,-34.95315336,173.0,87.0
2022-11-29T22:13:57Z,run,2022-11-29T22:40:11Z,-8.05508027,-34.95312971,173.0,88.0
2022-11-29T22:13:57Z,run,2022-11-29T22:40:12Z,-8.05507661,-34.95310737,173.0,88.0
2022-11-29T22:13:57Z,run,2022-11-29T22:40:13Z,-8.05507261,-34.95308472,172.0,87.0
2022-11-29T22:13:57Z,run,2022-11-29T22:40:14Z,-8.05506962,-34.95306138,171.0,87.0
2022-11-29T22:13:57Z,run,2022-11-29T22:40:15Z,-8.05506596,-34.95303839,171.0,87.0
2022-11-29T22:13:57Z,run,2022-11-29T22:40:16Z,-8.05506297,-34.9530144,172.0,88.0
2022-11-29T22:13:57Z,run,2022-11-29T22:40:17Z,-8.05506198,-34.95299141,172.0,87.0
2022-11-29T22:13:57Z,run,2022-11-29T22:40:18Z,-8.05506363,-34.95296908,172.0,87.0
2022-11-29T22:13:57Z,run,2022-11-29T22:40:19Z,-8.05506563,-34.95294808,171.0,88.0
2022-11-29T22:13:57Z,run,2022-11-29T22:40:20Z,-8.05506729,-34.95292809,170.0,88.0
2022-11-29T22:13:57Z,run,2022-11-29T22:40:21Z,-8.05506829,-34.95290676,169.0,88.0
2022-11-29T22:13:57Z,run,2022-11-29T22:40:22Z,-8.05506896,-34.95288443,168.0,88.0
2022-11-29T22:13:57Z,run,2022-11-29T22:40:23Z,-8.05506928,-34.95286043,168.0,88.0
2022-11-29T22:13:57Z,run,2022-11-29T22:40:24Z,-8.0550706,-34.9528361,168.0,88.0
2022-11-29T22:13:57Z,run,2022-11-29T22:40:25Z,-8.0550716,-34.95280844,168.0,88.0
2022-11-29T22:13:57Z,run,2022-11-29T22:40:26Z,-8.05507393,-34.95278344,168.0,88.0
2022-11-29T22:13:57Z,run,2022-11-29T22:40:27Z,-8.05507593,-34.95275744,168.0,88.0
2022-11-29T22:13:57Z,run,2022-11-29T22:40:28Z,-8.05507658,-34.95273112,169.0,88.0
2022-11-29T22:13:57Z,run,2022-11-29T22:40:29Z,-8.05507625,-34.95270379,169.0,88.0
2022-11-29T22:13:57Z,run,2022-11-29T22:40:30Z,-8.05507593,-34.9526768,169.0,88.0
2022-11-29T22:13:57Z,run,2022-11-29T22:40:31Z,-8.05507658,-34.95264946,169.0,87.0
2022-11-29T22:13:57Z,run,2022-11-29T22:40:32Z,-8.05507991,-34.95262246,168.0,87.0
2022-11-29T22:13:57Z,run,2022-11-29T22:40:33Z,-8.05508424,-34.95259581,167.0,85.0
2022-11-29T22:13:57Z,run,2022-11-29T22:40:34Z,-8.0550899,-34.95257114,167.0,85.0
2022-11-29T22:13:57Z,run,2022-11-29T22:40:35Z,-8.05509456,-34.95254947,167.0,85.0
2022-11-29T22:13:57Z,run,2022-11-29T22:40:36Z,-8.05509955,-34.95253082,167.0,85.0
2022-11-29T22:13:57Z,run,2022-11-29T22:40:37Z,-8.05510455,-34.95251482,166.0,85.0
2022-11-29T22:13:57Z,run,2022-11-29T22:40:38Z,-8.05510954,-34.95250115,166.0,85.0
2022-11-29T22:13:57Z,run,2022-11-29T22:40:39Z,-8.05511487,-34.95248816,166.0,85.0
2022-11-29T22:13:57Z,run,2022-11-29T22:40:40Z,-8.0551202,-34.95247583,166.0,85.0
2022-11-29T22:13:57Z,run,2022-11-29T22:41:58Z,-8.05518186,-34.95157516,165.0,85.0
2022-11-29T22:13:57Z,run,2022-11-29T22:41:59Z,-8.05518119,-34.9515705,165.0,
2022-11-29T22:13:57Z,run,2022-11-29T22:42:00Z,-8.05518053,-34.9515635,165.0,
2022-11-29T22:13:57Z,run,2022-11-29T22:42:01Z,-8.05517887,-34.95155485,165.0,
2022-11-29T22:13:57Z,run,2022-11-29T22:42:02Z,-8.05517721,-34.95154319,165.0,
2022-11-29T22:13:57Z,run,2022-11-29T22:42:03Z,-8.05517589,-34.95152853,166.0,
2022-11-29T22:13:57Z,run,2022-11-29T22:42:04Z,-8.05517522,-34.95151154,167.0,
2022-11-29T22:13:57Z,run,2022-11-29T22:42:05Z,-8.05517455,-34.95149221,169.0,
2022-11-29T22:13:57Z,run,2022-11-29T22:42:06Z,-8.05517589,-34.95147121,169.0,
2022-11-29T22:13:57Z,run,2022-11-29T22:42:07Z,-8.05517922,-34.95144888,169.0,
2022-11-29T22:13:57Z,run,2022-11-29T22:42:08Z,-8.05518388,-34.95142589,170.0,
2022-11-29T22:13:57Z,run,2022-11-29T22:42:09Z,-8.0551882,-34.95140256,171.0,
2022-11-29T22:13:57Z,run,2022-11-29T22:42:10Z,-8.05519153,-34.95137924,171.0,87.0
2022-11-29T22:13:57Z,run,2022-11-29T22:42:11Z,-8.0551942,-34.95135557,170.0,87.0
2022-11-29T22:13:57Z,run,2022-11-29T22:42:12Z,-8.05519687,-34.95133258,170.0,87.0
2022-11-29T22:13:57Z,run,2022-11-29T22:42:13Z,-8.05519952,-34.95130726,170.0,87.0
2022-11-29T22:13:57Z,run,2022-11-29T22:42:14Z,-8.05520085,-34.9512806,170.0,87.0
2022-11-29T22:13:57Z,run,2022-11-29T22:42:15Z,-8.05520118,-34.95125594,170.0,87.0
2022-11-29T22:13:57Z,run,2022-11-29T22:42:16Z,-8.05520018,-34.9512306,170.0,87.0
2022-11-29T22:13:57Z,run,2022-11-29T22:42:17Z,-8.05519752,-34.95120427,169.0,86.0
2022-11-29T22:13:57Z,run,2022-11-29T22:42:18Z,-8.05519719,-34.95117828,168.0,86.0
2022-11-29T22:13:57Z,run,2022-11-29T22:42:19Z,-8.05519919,-34.95115328,168.0,87.0
2022-11-29T22:13:57Z,run,2022-11-29T22:42:20Z,-8.05520119,-34.95112962,168.0,87.0
2022-11-29T22:13:57Z,run,2022-11-29T22:42:21Z,-8.05520418,-34.95110697,167.0,87.0
2022-11-29T22:13:57Z,run,2022-11-29T22:42:22Z,-8.05520717,-34.95108297,167.0,87.0
2022-11-29T22:13:57Z,run,2022-11-29T22:42:23Z,-8.0552095,-34.95105698,167.0,87.0
2022-11-29T22:13:57Z,run,2022-11-29T22:42:24Z,-8.05521183,-34.95102998,167.0,86.0
2022-11-29T22:13:57Z,run,2022-11-29T22:42:25Z,-8.05521516,-34.95100432,167.0,87.0
2022-11-29T22:13:57Z,run,2022-11-29T22:42:26Z,-8.05521882,-34.95097966,167.0,87.0
2022-11-29T22:13:57Z,run,2022-11-29T22:42:27Z,-8.05522147,-34.950955,167.0,86.0
2022-11-29T22:13:57Z,run,2022-11-29T22:42:28Z,-8.05522214,-34.950931,167.0,86.0
2022-11-29T22:13:57Z,run,2022-11-29T22:42:29Z,-8.05522082,-34.95090834,168.0,86.0
2022-11-29T22:13:57Z,run,2022-11-29T22:42:30Z,-8.05521948,-34.95088502,169.0,86.0
2022-11-29T22:13:57Z,run,2022-11-29T22:42:31Z,-8.05521948,-34.95086102,170.0,86.0
2022-11-29T22:13:57Z,run,2022-11-29T22:42:32Z,-8.05522181,-34.95083436,170.0,86.0
2022-11-29T22:13:57Z,run,2022-11-29T22:42:33Z,-8.0552268,-34.95080904,170.0,87.0
2022-11-29T22:13:57Z,run,2022-11-29T22:42:34Z,-8.0552338,-34.9507837,170.0,87.0
2022-11-29T22:13:57Z,run,2022-11-29T22:42:35Z,-8.05524113,-34.95075838,167.0,87.0
2022-11-29T22:13:57Z,run,2022-11-29T22:42:36Z,-8.05525012,-34.95073272,166.0,87.0
2022-11-29T22:13:57Z,run,2022-11-29T22:42:37Z,-8.05525779,-34.95070673,165.0,87.0
2022-11-29T22:13:57Z,run,2022-11-29T22:42:38Z,-8.05526445,-34.95068073,165.0,87.0
2022-11-29T22:13:57Z,run,2022-11-29T22:42:39Z,-8.05527079,-34.95065441,164.0,86.0
2022-11-29T22:13:57Z,run,2022-11-29T22:42:40Z,-8.05527578,-34.95062775,164.0,87.0
2022-11-29T22:13:57Z,run,2022-11-29T22:42:41Z,-8.05527977,-34.95060142,164.0,87.0
2022-11-29T22:13:57Z,run,2022-11-29T22:42:42Z,-8.05528377,-34.95057543,164.0,86.0
2022-11-29T22:13:57Z,run,2022-11-29T22:42:43Z,-8.05528809,-34.95055011,164.0,86.0
2022-11-29T22:13:57Z,run,2022-11-29T22:42:44Z,-8.05529309,-34.95052544,164.0,86.0
2022-11-29T22:13:57Z,run,2022-11-29T22:42:45Z,-8.05529975,-34.95050145,164.0,86.0
2022-11-29T22:13:57Z,run,2022-11-29T22:42:46Z,-8.05530574,-34.95047812,164.0,86.0
2022-11-29T22:13:57Z,run,2022-11-29T22:42:47Z,-8.0553114,-34.95045479,164.0,86.0
2022-11-29T22:13:57Z,run,2022-11-29T22:42:48Z,-8.05531574,-34.9504308,164.0,86.0
2022-11-29T22:13:57Z,run,2022-11-29T22:42:49Z,-8.05531839,-34.95041047,164.0,87.0
2022-11-29T22:13:57Z,run,2022-11-29T22:42:50Z,-8.05532005,-34.95038748,164.0,87.0
2022-11-29T22:13:57Z,run,2022-11-29T22:42:51Z,-8.05532038,-34.95036548,164.0,87.0
2022-11-29T22:13:57Z,run,2022-11-29T22:42:52Z,-8.05531972,-34.95034348,165.0,87.0
2022-11-29T22:13:57Z,run,2022-11-29T22:42:53Z,-8.05531773,-34.95032382,164.0,86.0
2022-11-29T22:13:57Z,run,2022-11-29T22:42:54Z,-8.05531339,-34.95030149,165.0,86.0
2022-11-29T22:13:57Z,run,2022-11-29T22:42:55Z,-8.0553084,-34.95027916,165.0,86.0
2022-11-29T22:13:57Z,run,2022-11-29T22:42:56Z,-8.0553024,-34.95025716,165.0,86.0
2022-11-29T22:13:57Z,run,2022-11-29T22:42:57Z,-8.0552954,-34.95023516,166.0,86.0
2022-11-29T22:13:57Z,run,2022-11-29T22:42:58Z,-8.05528807,-34.95021349,165.0,86.0
2022-11-29T22:13:57Z,run,2022-11-29T22:42:59Z,-8.05528075,-34.95019217,166.0,86.0
2022-11-29T22:13:57Z,run,2022-11-29T22:43:00Z,-8.05527342,-34.95017083,166.0,86.0
2022-11-29T22:13:57Z,run,2022-11-29T22:43:01Z,-8.05526577,-34.95014883,165.0,86.0
2022-11-29T22:13:57Z,run,2022-11-29T22:43:02Z,-8.0552571,-34.95012684,165.0,86.0
2022-11-29T22:13:57Z,run,2022-11-29T22:43:03Z,-8.05524944,-34.95010618,165.0,86.0
2022-11-29T22:13:57Z,run,2022-11-29T22:43:04Z,-8.05524244,-34.95008552,166.0,86.0
2022-11-29T22:13:57Z,run,2022-11-29T22:43:05Z,-8.05523678,-34.95006485,166.0,86.0
2022-11-29T22:13:57Z,run,2022-11-29T22:43:06Z,-8.05523245,-34.95004253,166.0,85.0
2022-11-29T22:13:57Z,run,2022-11-29T22:43:07Z,-8.05522679,-34.95002053,166.0,86.0
2022-11-29T22:13:57Z,run,2022-11-29T22:43:08Z,-8.05521846,-34.9500002,166.0,86.0
2022-11-29T22:13:57Z,run,2022-11-29T22:43:09Z,-8.0552058,-34.94998454,166.0,86.0
2022-11-29T22:13:57Z,run,2022-11-29T22:43:10Z,-8.05519014,-34.94997288,166.0,86.0
2022-11-29T22:13:57Z,run,2022-11-29T22:43:11Z,-8.05517215,-34.94996423,167.0,86.0
2022-11-29T22:13:57Z,run,2022-11-29T22:43:12Z,-8.05515282,-34.94995656,169.0,86.0
2022-11-29T22:13:57Z,run,2022-11-29T22:43:13Z,-8.05513216,-34.94994724,169.0,86.0
2022-11-29T22:13:57Z,run,2022-11-29T22:43:14Z,-8.05511184,-34.9499369,169.0,86.0
2022-11-29T22:13:57Z,run,2022-11-29T22:43:15Z,-8.05509117,-34.94992424,169.0,87.0
2022-11-29T22:13:57Z,run,2022-11-29T22:43:16Z,-8.05507118,-34.94991058,169.0,86.0
2022-11-29T22:13:57Z,run,2022-11-29T22:43:17Z,-8.05505086,-34.94989625,170.0,87.0
2022-11-29T22:13:57Z,run,2022-11-29T22:43:18Z,-8.05503087,-34.94988359,169.0,87.0
2022-11-29T22:13:57Z,run,2022-11-29T22:43:19Z,-8.05501053,-34.9498716,168.0,87.0
2022-11-29T22:13:57Z,run,2022-11-29T22:43:20Z,-8.05499021,-34.9498596,168.0,87.0
2022-11-29T22:13:57Z,run,2022-11-29T22:43:21Z,-8.05497054,-34.94984894,168.0,87.0
2022-11-29T22:13:57Z,run,2022-11-29T22:43:22Z,-8.05495122,-34.94983794,168.0,87.0
2022-11-29T22:13:57Z,run,2022-11-29T22:43:23Z,-8.05493155,-34.94982629,168.0,87.0
2022-11-29T22:13:57Z,run,2022-11-29T22:43:24Z,-8.05491155,-34.94981629,168.0,87.0
2022-11-29T22:13:57Z,run,2022-11-29T22:43:25Z,-8.0548919,-34.94980663,168.0,87.0
2022-11-29T22:13:57Z,run,2022-11-29T22:43:26Z,-8.05487223,-34.94979763,168.0,87.0
2022-11-29T22:13:57Z,run,2022-11-29T22:43:27Z,-8.05485357,-34.94978797,168.0,87.0
2022-11-29T22:13:57Z,run,2022-11-29T22:43:28Z,-8.05483491,-34.94977964,167.0,87.0
2022-11-29T22:13:57Z,run,2022-11-29T22:43:29Z,-8.05481592,-34.94977231,166.0,87.0
2022-11-29T22:13:57Z,run,2022-11-29T22:43:30Z,-8.05479526,-34.94976565,163.0,87.0
2022-11-29T22:13:57Z,run,2022-11-29T22:43:31Z,-8.0547746,-34.94975866,163.0,88.0
2022-11-29T22:13:57Z,run,2022-11-29T22:43:32Z,-8.05475327,-34.94975033,164.0,88.0
2022-11-29T22:13:57Z,run,2022-11-29T22:43:33Z,-8.05473328,-34.94974233,164.0,88.0
2022-11-29T22:13:57Z,run,2022-11-29T22:43:34Z,-8.05471296,-34.94973399,164.0,88.0
2022-11-29T22:13:57Z,run,2022-11-29T22:43:35Z,-8.05469296,-34.94972467,164.0,88.0
2022-11-29T22:13:57Z,run,2022-11-29T22:43:36Z,-8.05467297,-34.94971634,165.0,88.0
2022-11-29T22:13:57Z,run,2022-11-29T22:43:37Z,-8.0546533,-34.94970734,165.0,87.0
2022-11-29T22:13:57Z,run,2022-11-29T22:43:38Z,-8.05463498,-34.949699,165.0,87.0
2022-11-29T22:13:57Z,run,2022-11-29T22:43:39Z,-8.05461631,-34.94968901,165.0,87.0
2022-11-29T22:13:57Z,run,2022-11-29T22:43:40Z,-8.05459732,-34.94967868,165.0,87.0
2022-11-29T22:13:57Z,run,2022-11-29T22:43:41Z,-8.05457633,-34.94967068,165.0,87.0
2022-11-29T22:13:57Z,run,2022-11-29T22:43:42Z,-8.05455366,-34.94966436,166.0,87.0
2022-11-29T22:13:57Z,run,2022-11-29T22:43:42Z,-8.05453134,-34.94965837,166.0,87.0
2022-11-29T22:13:57Z,run,2022-11-29T22:43:43Z,-8.05450834,-34.94965137,166.0,87.0
2022-11-29T22:13:57Z,run,2022-11-29T22:43:44Z,-8.05448667,-34.94964304,166.0,87.0
2022-11-29T22:13:57Z,run,2022-11-29T22:43:45Z,-8.05446602,-34.94963404,167.0,87.0
2022-11-29T22:13:57Z,run,2022-11-29T22:43:46Z,-8.05444535,-34.94962338,168.0,87.0
2022-11-29T22:13:57Z,run,2022-11-29T22:43:47Z,-8.05442569,-34.94961205,168.0,87.0
2022-11-29T22:13:57Z,run,2022-11-29T22:43:48Z,-8.05440603,-34.94960072,168.0,88.0
2022-11-29T22:13:57Z,run,2022-11-29T22:43:49Z,-8.05438604,-34.9495874,168.0,88.0
2022-11-29T22:13:57Z,run,2022-11-29T22:43:50Z,-8.05436538,-34.9495734,168.0,88.0
2022-11-29T22:13:57Z,run,2022-11-29T22:43:51Z,-8.05434571,-34.94955706,168.0,88.0
2022-11-29T22:13:57Z,run,2022-11-29T22:43:52Z,-8.05432638,-34.9495414,169.0,87.0
2022-11-29T22:13:57Z,run,2022-11-29T22:43:53Z,-8.05430706,-34.94952574,171.0,87.0
2022-11-29T22:13:57Z,run,2022-11-29T22:43:54Z,-8.05428872,-34.94950941,172.0,87.0
2022-11-29T22:13:57Z,run,2022-11-29T22:43:55Z,-8.05427173,-34.94949007,172.0,87.0
2022-11-29T22:13:57Z,run,2022-11-29T22:43:56Z,-8.05425507,-34.94947042,172.0,87.0
2022-11-29T22:13:57Z,run,2022-11-29T22:43:57Z,-8.05423573,-34.94945375,172.0,87.0
2022-11-29T22:13:57Z,run,2022-11-29T22:43:58Z,-8.05421641,-34.94943943,172.0,87.0
2022-11-29T22:13:57Z,run,2022-11-29T22:43:59Z,-8.05419641,-34.94942777,173.0,86.0
2022-11-29T22:13:57Z,run,2022-11-29T22:44:00Z,-8.05417742,-34.94941845,172.0,86.0
2022-11-29T22:13:57Z,run,2022-11-29T22:44:01Z,-8.0541581,-34.94940878,171.0,86.0
2022-11-29T22:13:57Z,run,2022-11-29T22:44:02Z,-8.0541371,-34.94939746,171.0,86.0
2022-11-29T22:13:57Z,run,2022-11-29T22:44:03Z,-8.05411511,-34.9493848,171.0,86.0
2022-11-29T22:13:57Z,run,2022-11-29T22:44:04Z,-8.05409444,-34.94937147,171.0,86.0
2022-11-29T22:13:57Z,run,2022-11-29T22:44:05Z,-8.05407245,-34.94935813,173.0,86.0
2022-11-29T22:13:57Z,run,2022-11-29T22:44:06Z,-8.05404879,-34.94934581,173.0,86.0
2022-11-29T22:13:57Z,run,2022-11-29T22:44:07Z,-8.05402446,-34.94933581,174.0,86.0
2022-11-29T22:13:57Z,run,2022-11-29T22:44:08Z,-8.0540018,-34.94932649,174.0,86.0
2022-11-29T22:13:57Z,run,2022-11-29T22:44:10Z,-8.05397848,-34.9493175,174.0,87.0
2022-11-29T22:13:57Z,run,2022-11-29T22:44:10Z,-8.05395615,-34.9493065,174.0,87.0
2022-11-29T22:13:57Z,run,2022-11-29T22:44:11Z,-8.05393515,-34.94929484,174.0,88.0
2022-11-29T22:13:57Z,run,2022-11-29T22:44:12Z,-8.05391481,-34.94928318,176.0,88.0
2022-11-29T22:13:57Z,run,2022-11-29T22:44:13Z,-8.05389381,-34.94926918,176.0,88.0
2022-11-29T22:13:57Z,run,2022-11-29T22:44:14Z,-8.05387282,-34.94925652,176.0,88.0
2022-11-29T22:13:57Z,run,2022-11-29T22:44:15Z,-8.05385182,-34.94924585,176.0,87.0
2022-11-29T22:13:57Z,run,2022-11-29T22:44:16Z,-8.05383182,-34.94923586,174.0,87.0
2022-11-29T22:13:57Z,run,2022-11-29T22:44:17Z,-8.0538105,-34.9492272,174.0,87.0
2022-11-29T22:13:57Z,run,2022-11-29T22:44:18Z,-8.0537895,-34.94921687,174.0,87.0
2022-11-29T22:13:57Z,run,2022-11-29T22:44:19Z,-8.0537685,-34.9492062,174.0,87.0
2022-11-29T22:13:57Z,run,2022-11-29T22:44:20Z,-8.05374784,-34.94919388,174.0,87.0
2022-11-29T22:13:57Z,run,2022-11-29T22:44:21Z,-8.05372684,-34.94918189,175.0,87.0
2022-11-29T22:13:57Z,run,2022-11-29T22:44:22Z,-8.05370552,-34.94917122,175.0,87.0
2022-11-29T22:13:57Z,run,2022-11-29T22:44:23Z,-8.05368419,-34.94916022,175.0,88.0
2022-11-29T22:13:57Z,run,2022-11-29T22:44:24Z,-8.05366385,-34.94914922,175.0,87.0
2022-11-29T22:13:57Z,run,2022-11-29T22:44:25Z,-8.0536442,-34.94913957,175.0,87.0
2022-11-29T22:13:57Z,run,2022-11-29T22:44:26Z,-8.05362554,-34.9491299,175.0,87.0
2022-11-29T22:13:57Z,run,2022-11-29T22:44:27Z,-8.05360621,-34.94911923,175.0,87.0
2022-11-29T22:13:57Z,run,2022-11-29T22:44:28Z,-8.05358622,-34.94910891,174.0,87.0
2022-11-29T22:13:57Z,run,2022-11-29T22:44:29Z,-8.05356522,-34.94909858,174.0,88.0
2022-11-29T22:13:57Z,run,2022-11-29T22:44:30Z,-8.05354456,-34.94908791,173.0,88.0
2022-11-29T22:13:57Z,run,2022-11-29T22:44:31Z,-8.05352356,-34.94907659,173.0,87.0
2022-11-29T22:13:57Z,run,2022-11-29T22:44:32Z,-8.05350223,-34.94906592,173.0,87.0
2022-11-29T22:13:57Z,run,2022-11-29T22:44:33Z,-8.0534809,-34.94905492,173.0,87.0
2022-11-29T22:13:57Z,run,2022-11-29T22:44:34Z,-8.05345958,-34.94904493,173.0,87.0
2022-11-29T22:13:57Z,run,2022-11-29T22:44:35Z,-8.05343858,-34.94903426,173.0,87.0
2022-11-29T22:13:57Z,run,2022-11-29T22:44:36Z,-8.05341792,-34.94902261,173.0,86.0
2022-11-29T22:13:57Z,run,2022-11-29T22:44:37Z,-8.05339726,-34.94900961,173.0,86.0
2022-11-29T22:13:57Z,run,2022-11-29T22:44:38Z,-8.0533786,-34.94899528,173.0,86.0
2022-11-29T22:13:57Z,run,2022-11-29T22:44:39Z,-8.05336327,-34.94897829,173.0,86.0
2022-11-29T22:13:57Z,run,2022-11-29T22:44:40Z,-8.05334927,-34.94896064,174.0,86.0
2022-11-29T22:13:57Z,run,2022-11-29T22:44:41Z,-8.05333561,-34.94894331,174.0,86.0
2022-11-29T22:13:57Z,run,2022-11-29T22:44:42Z,-8.05332028,-34.94892665,174.0,85.0
2022-11-29T22:13:57Z,run,2022-11-29T22:44:43Z,-8.05330394,-34.94891098,174.0,85.0
2022-11-29T22:13:57Z,run,2022-11-29T22:44:44Z,-8.05328594,-34.94889899,174.0,84.0
2022-11-29T22:13:57Z,run,2022-11-29T22:44:45Z,-8.05326662,-34.94889233,174.0,84.0
2022-11-29T22:13:57Z,run,2022-11-29T22:44:46Z,-8.05324595,-34.948888,174.0,84.0
2022-11-29T22:13:57Z,run,2022-11-29T22:44:47Z,-8.05322496,-34.94888368,174.0,84.0
2022-11-29T22:13:57Z,run,2022-11-29T22:44:48Z,-8.05320496,-34.94887834,174.0,84.0
2022-11-29T22:13:57Z,run,2022-11-29T22:44:49Z,-8.05318664,-34.94886969,174.0,84.0
2022-11-29T22:13:57Z,run,2022-11-29T22:44:50Z,-8.05316832,-34.94885769,174.0,84.0
2022-11-29T22:13:57Z,run,2022-11-29T22:44:51Z,-8.05314865,-34.94884669,174.0,84.0
2022-11-29T22:13:57Z,run,2022-11-29T22:44:52Z,-8.05312865,-34.9488367,174.0,84.0
2022-11-29T22:13:57Z,run,2022-11-29T22:44:53Z,-8.05310799,-34.94882771,175.0,85.0
2022-11-29T22:13:57Z,run,2022-11-29T22:44:54Z,-8.05308699,-34.94881871,175.0,86.0
2022-11-29T22:13:57Z,run,2022-11-29T22:44:55Z,-8.05306634,-34.94880972,175.0,86.0
2022-11-29T22:13:57Z,run,2022-11-29T22:44:56Z,-8.05304701,-34.94879706,174.0,86.0
2022-11-29T22:13:57Z,run,2022-11-29T22:44:57Z,-8.05302735,-34.94878639,174.0,86.0
2022-11-29T22:13:57Z,run,2022-11-29T22:44:58Z,-8.05300802,-34.94877839,174.0,86.0
2022-11-29T22:13:57Z,run,2022-11-29T22:44:59Z,-8.05299037,-34.94877006,174.0,86.0
2022-11-29T22:13:57Z,run,2022-11-29T22:45:00Z,-8.0529717,-34.9487604,175.0,86.0
2022-11-29T22:13:57Z,run,2022-11-29T22:45:01Z,-8.05295271,-34.94875074,176.0,86.0
2022-11-29T22:13:57Z,run,2022-11-29T22:45:02Z,-8.05293239,-34.94874041,177.0,86.0
2022-11-29T22:13:57Z,run,2022-11-29T22:45:03Z,-8.05291173,-34.94872975,177.0,86.0
2022-11-29T22:13:57Z,run,2022-11-29T22:45:04Z,-8.05289006,-34.94871708,177.0,87.0
2022-11-29T22:13:57Z,run,2022-11-29T22:45:05Z,-8.05286874,-34.94870409,176.0,87.0
2022-11-29T22:13:57Z,run,2022-11-29T22:45:06Z,-8.05284707,-34.94869209,175.0,88.0
2022-11-29T22:13:57Z,run,2022-11-29T22:45:07Z,-8.05282575,-34.94868077,174.0,88.0
2022-11-29T22:13:57Z,run,2022-11-29T22:45:08Z,-8.05280509,-34.94867211,174.0,88.0
2022-11-29T22:13:57Z,run,2022-11-29T22:45:09Z,-8.05278343,-34.94866345,174.0,88.0
2022-11-29T22:13:57Z,run,2022-11-29T22:45:11Z,-8.0527621,-34.9486538,173.0,86.0
2022-11-29T22:13:57Z,run,2022-11-29T22:45:11Z,-8.05274078,-34.9486438,173.0,86.0
2022-11-29T22:13:57Z,run,2022-11-29T22:45:12Z,-8.05272111,-34.94863246,173.0,84.0
2022-11-29T22:13:57Z,run,2022-11-29T22:45:13Z,-8.05270179,-34.94862047,173.0,84.0
2022-11-29T22:13:57Z,run,2022-11-29T22:45:14Z,-8.05268179,-34.94860815,173.0,85.0
2022-11-29T22:13:57Z,run,2022-11-29T22:45:15Z,-8.05266212,-34.94859715,173.0,85.0
2022-11-29T22:13:57Z,run,2022-11-29T22:45:16Z,-8.05264313,-34.94858615,173.0,85.0
2022-11-29T22:13:57Z,run,2022-11-29T22:45:17Z,-8.05262581,-34.94857515,173.0,86.0
2022-11-29T22:13:57Z,run,2022-11-29T22:45:18Z,-8.05261048,-34.94856682,172.0,86.0
2022-11-29T22:13:57Z,run,2022-11-29T22:45:19Z,-8.05259248,-34.94855948,171.0,86.0
2022-11-29T22:13:57Z,run,2022-11-29T22:45:20Z,-8.05257214,-34.94855516,171.0,86.0
2022-11-29T22:13:57Z,run,2022-11-29T22:45:21Z,-8.05255149,-34.94855249,171.0,86.0
2022-11-29T22:13:57Z,run,2022-11-29T22:45:22Z,-8.05253115,-34.94854783,171.0,86.0
2022-11-29T22:13:57Z,run,2022-11-29T22:45:23Z,-8.05251183,-34.94853949,170.0,86.0
2022-11-29T22:13:57Z,run,2022-11-29T22:45:24Z,-8.0524935,-34.94853116,170.0,86.0
2022-11-29T22:13:57Z,run,2022-11-29T22:45:25Z,-8.05247484,-34.94852583,169.0,86.0
2022-11-29T22:13:57Z,run,2022-11-29T22:45:26Z,-8.05245652,-34.9485225,168.0,86.0
2022-11-29T22:13:57Z,run,2022-11-29T22:45:27Z,-8.05243719,-34.94852051,168.0,86.0
2022-11-29T22:13:57Z,run,2022-11-29T22:45:28Z,-8.05241753,-34.94852018,168.0,86.0
2022-11-29T22:13:57Z,run,2022-11-29T22:45:29Z,-8.0523972,-34.94851819,167.0,87.0
2022-11-29T22:13:57Z,run,2022-11-29T22:45:30Z,-8.05237754,-34.94851352,167.0,87.0
2022-11-29T22:13:57Z,run,2022-11-29T22:45:31Z,-8.05235788,-34.94851053,165.0,88.0
2022-11-29T22:13:57Z,run,2022-11-29T22:45:32Z,-8.05233688,-34.94850954,165.0,88.0
2022-11-29T22:13:57Z,run,2022-11-29T22:45:33Z,-8.05231455,-34.94850954,165.0,88.0
2022-11-29T22:13:57Z,run,2022-11-29T22:45:34Z,-8.05229256,-34.9485112,164.0,87.0
2022-11-29T22:13:57Z,run,2022-11-29T22:45:35Z,-8.05227289,-34.94851486,164.0,87.0
2022-11-29T22:13:57Z,run,2022-11-29T22:45:36Z,-8.05225457,-34.94852119,164.0,86.0
2022-11-29T22:13:57Z,run,2022-11-29T22:45:37Z,-8.05223923,-34.94853051,164.0,86.0
2022-11-29T22:13:57Z,run,2022-11-29T22:45:38Z,-8.05222724,-34.94854318,164.0,86.0
2022-11-29T22:13:57Z,run,2022-11-29T22:45:39Z,-8.05221792,-34.9485585,164.0,86.0
2022-11-29T22:13:57Z,run,2022-11-29T22:45:40Z,-8.05221125,-34.9485745,164.0,87.0
2022-11-29T22:13:57Z,run,2022-11-29T22:45:41Z,-8.0522046,-34.94859083,164.0,87.0
2022-11-29T22:13:57Z,run,2022-11-29T22:45:42Z,-8.05219793,-34.94860683,165.0,87.0
2022-11-29T22:13:57Z,run,2022-11-29T22:45:43Z,-8.05219226,-34.94862349,166.0,87.0
2022-11-29T22:13:57Z,run,2022-11-29T22:45:44Z,-8.05218794,-34.94864348,166.0,87.0
2022-11-29T22:13:57Z,run,2022-11-29T22:45:45Z,-8.05218461,-34.94866548,166.0,86.0
2022-11-29T22:13:57Z,run,2022-11-29T22:45:46Z,-8.05218162,-34.94868748,166.0,86.0
2022-11-29T22:13:57Z,run,2022-11-29T22:45:47Z,-8.05217962,-34.94871014,166.0,87.0
2022-11-29T22:13:57Z,run,2022-11-29T22:45:48Z,-8.05217895,-34.94873146,167.0,87.0
2022-11-29T22:13:57Z,run,2022-11-29T22:45:49Z,-8.05217895,-34.94875446,168.0,87.0
2022-11-29T22:13:57Z,run,2022-11-29T22:45:50Z,-8.05217796,-34.94877612,169.0,87.0
2022-11-29T22:13:57Z,run,2022-11-29T22:45:52Z,-8.0521763,-34.94879745,170.0,87.0
2022-11-29T22:13:57Z,run,2022-11-29T22:45:52Z,-8.05217397,-34.94881811,170.0,87.0
2022-11-29T22:13:57Z,run,2022-11-29T22:45:53Z,-8.05217298,-34.94883978,170.0,87.0
2022-11-29T22:13:57Z,run,2022-11-29T22:45:54Z,-8.05217397,-34.94886111,170.0,86.0
2022-11-29T22:13:57Z,run,2022-11-29T22:45:55Z,-8.05217563,-34.94888077,173.0,87.0
2022-11-29T22:13:57Z,run,2022-11-29T22:45:56Z,-8.05217663,-34.94890143,174.0,87.0
2022-11-29T22:13:57Z,run,2022-11-29T22:45:57Z,-8.05217529,-34.94892209,175.0,87.0
2022-11-29T22:13:57Z,run,2022-11-29T22:45:58Z,-8.05217329,-34.94894208,175.0,87.0
2022-11-29T22:13:57Z,run,2022-11-29T22:45:59Z,-8.05217197,-34.94896075,175.0,87.0
2022-11-29T22:13:57Z,run,2022-11-29T22:46:00Z,-8.05216997,-34.94897708,175.0,87.0
2022-11-29T22:13:57Z,run,2022-11-29T22:46:01Z,-8.05216631,-34.94899307,177.0,88.0
2022-11-29T22:13:57Z,run,2022-11-29T22:46:02Z,-8.05216332,-34.94900874,177.0,87.0
2022-11-29T22:13:57Z,run,2022-11-29T22:46:03Z,-8.052162,-34.94902474,176.0,88.0
2022-11-29T22:13:57Z,run,2022-11-29T22:46:04Z,-8.05216101,-34.94904206,176.0,88.0
2022-11-29T22:13:57Z,run,2022-11-29T22:46:05Z,-8.05216034,-34.94906072,175.0,88.0
2022-11-29T22:13:57Z,run,2022-11-29T22:46:06Z,-8.05215902,-34.94908172,175.0,88.0
2022-11-29T22:13:57Z,run,2022-11-29T22:46:07Z,-8.05215802,-34.94910204,176.0,88.0
2022-11-29T22:13:57Z,run,2022-11-29T22:46:08Z,-8.0521567,-34.94912371,176.0,88.0
2022-11-29T22:13:57Z,run,2022-11-29T22:46:09Z,-8.05215703,-34.94914503,176.0,88.0
2022-11-29T22:13:57Z,run,2022-11-29T22:46:10Z,-8.05215869,-34.9491667,176.0,88.0
2022-11-29T22:13:57Z,run,2022-11-29T22:46:11Z,-8.05216001,-34.9491877,176.0,88.0
2022-11-29T22:13:57Z,run,2022-11-29T22:46:12Z,-8.05216201,-34.94921003,177.0,88.0
2022-11-29T22:13:57Z,run,2022-11-29T22:46:13Z,-8.05216268,-34.94923369,182.0,87.0
2022-11-29T22:13:57Z,run,2022-11-29T22:46:14Z,-8.05216268,-34.94925901,183.0,88.0
2022-11-29T22:13:57Z,run,2022-11-29T22:46:15Z,-8.05216134,-34.94928433,183.0,88.0
2022-11-29T22:13:57Z,run,2022-11-29T22:46:16Z,-8.05215902,-34.94930667,183.0,88.0
2022-11-29T22:13:57Z,run,2022-11-29T22:46:17Z,-8.05215702,-34.94932833,184.0,88.0
2022-11-29T22:13:57Z,run,2022-11-29T22:46:18Z,-8.05215669,-34.94934932,184.0,88.0
2022-11-29T22:13:57Z,run,2022-11-29T22:46:19Z,-8.05215735,-34.94937332,184.0,88.0
2022-11-29T22:13:57Z,run,2022-11-29T22:46:20Z,-8.05215901,-34.94939965,184.0,88.0
2022-11-29T22:13:57Z,run,2022-11-29T22:46:21Z,-8.052162,-34.94942698,183.0,88.0
2022-11-29T22:13:57Z,run,2022-11-29T22:46:22Z,-8.05216267,-34.9494533,183.0,88.0
2022-11-29T22:13:57Z,run,2022-11-29T22:46:23Z,-8.05216267,-34.94947996,182.0,87.0
2022-11-29T22:13:57Z,run,2022-11-29T22:46:24Z,-8.052162,-34.94950596,180.0,88.0
2022-11-29T22:13:57Z,run,2022-11-29T22:46:25Z,-8.05216,-34.94953262,179.0,88.0
2022-11-29T22:13:57Z,run,2022-11-29T22:46:26Z,-8.05215768,-34.94955827,179.0,88.0
2022-11-29T22:13:57Z,run,2022-11-29T22:46:27Z,-8.05215468,-34.94958294,179.0,88.0
2022-11-29T22:13:57Z,run,2022-11-29T22:46:28Z,-8.05215302,-34.94960761,179.0,88.0
2022-11-29T22:13:57Z,run,2022-11-29T22:46:29Z,-8.05215102,-34.9496316,179.0,88.0
2022-11-29T22:13:57Z,run,2022-11-29T22:46:30Z,-8.05214836,-34.94965593,179.0,87.0
2022-11-29T22:13:57Z,run,2022-11-29T22:46:31Z,-8.05214204,-34.94967892,178.0,86.0
2022-11-29T22:13:57Z,run,2022-11-29T22:46:32Z,-8.05213637,-34.94970191,178.0,86.0
2022-11-29T22:13:57Z,run,2022-11-29T22:46:33Z,-8.05213005,-34.94972658,177.0,85.0
2022-11-29T22:13:57Z,run,2022-11-29T22:46:34Z,-8.05212372,-34.94975024,177.0,85.0
2022-11-29T22:13:57Z,run,2022-11-29T22:46:35Z,-8.05211806,-34.9497739,177.0,86.0
2022-11-29T22:13:57Z,run,2022-11-29T22:46:36Z,-8.05211239,-34.94979656,177.0,86.0
2022-11-29T22:13:57Z,run,2022-11-29T22:46:37Z,-8.05210873,-34.94981955,176.0,85.0
2022-11-29T22:13:57Z,run,2022-11-29T22:46:38Z,-8.05210673,-34.94984421,175.0,85.0
2022-11-29T22:13:57Z,run,2022-11-29T22:46:39Z,-8.05210374,-34.9498682,175.0,85.0
2022-11-29T22:13:57Z,run,2022-11-29T22:46:40Z,-8.05210107,-34.94989087,175.0,85.0
2022-11-29T22:13:57Z,run,2022-11-29T22:46:41Z,-8.05209875,-34.94991253,174.0,86.0
2022-11-29T22:13:57Z,run,2022-11-29T22:46:42Z,-8.05209741,-34.94993386,174.0,86.0
2022-11-29T22:13:57Z,run,2022-11-29T22:46:43Z,-8.05209642,-34.94995518,174.0,87.0
2022-11-29T22:13:57Z,run,2022-11-29T22:46:44Z,-8.0520951,-34.94997784,174.0,86.0
2022-11-29T22:13:57Z,run,2022-11-29T22:46:45Z,-8.05209477,-34.94999884,174.0,87.0
2022-11-29T22:13:57Z,run,2022-11-29T22:46:46Z,-8.05209344,-34.95002017,174.0,86.0
2022-11-29T22:13:57Z,run,2022-11-29T22:46:47Z,-8.05209178,-34.95004183,174.0,86.0
2022-11-29T22:13:57Z,run,2022-11-29T22:46:48Z,-8.05208812,-34.9500655,174.0,86.0
2022-11-29T22:13:57Z,run,2022-11-29T22:46:49Z,-8.05208513,-34.95008849,174.0,86.0
2022-11-29T22:13:57Z,run,2022-11-29T22:46:50Z,-8.05208545,-34.95011114,173.0,86.0
2022-11-29T22:13:57Z,run,2022-11-29T22:46:51Z,-8.05208446,-34.95013213,173.0,87.0
2022-11-29T22:13:57Z,run,2022-11-29T22:46:52Z,-8.05208213,-34.95015347,173.0,87.0
2022-11-29T22:13:57Z,run,2022-11-29T22:46:53Z,-8.05208081,-34.95017446,173.0,87.0
2022-11-29T22:13:57Z,run,2022-11-29T22:46:54Z,-8.05208015,-34.95019612,174.0,87.0
2022-11-29T22:13:57Z,run,2022-11-29T22:46:55Z,-8.05207948,-34.95021846,175.0,87.0
2022-11-29T22:13:57Z,run,2022-11-29T22:46:56Z,-8.05207782,-34.95024145,175.0,87.0
2022-11-29T22:13:57Z,run,2022-11-29T22:46:57Z,-8.05207648,-34.95026477,174.0,87.0
2022-11-29T22:13:57Z,run,2022-11-29T22:46:58Z,-8.05207549,-34.9502851,173.0,87.0
2022-11-29T22:13:57Z,run,2022-11-29T22:46:59Z,-8.05207349,-34.95030543,173.0,87.0
2022-11-29T22:13:57Z,run,2022-11-29T22:47:00Z,-8.05207217,-34.95032808,172.0,87.0
2022-11-29T22:13:57Z,run,2022-11-29T22:47:01Z,-8.05207217,-34.95035074,171.0,87.0
2022-11-29T22:13:57Z,run,2022-11-29T22:47:02Z,-8.05207417,-34.95037373,170.0,87.0
2022-11-29T22:13:57Z,run,2022-11-29T22:47:03Z,-8.05207684,-34.95039705,169.0,87.0
2022-11-29T22:13:57Z,run,2022-11-29T22:47:04Z,-8.05208049,-34.95042239,168.0,87.0
2022-11-29T22:13:57Z,run,2022-11-29T22:47:05Z,-8.05208548,-34.95044572,168.0,87.0
2022-11-29T22:13:57Z,run,2022-11-29T22:47:06Z,-8.05209047,-34.95047038,167.0,87.0
2022-11-29T22:13:57Z,run,2022-11-29T22:47:07Z,-8.05209447,-34.95049338,167.0,87.0
2022-11-29T22:13:57Z,run,2022-11-29T22:47:08Z,-8.0520998,-34.9505137,168.0,87.0
2022-11-29T22:13:57Z,run,2022-11-29T22:47:09Z,-8.05210413,-34.95053169,167.0,87.0
2022-11-29T22:13:57Z,run,2022-11-29T22:47:10Z,-8.05210812,-34.95054901,167.0,87.0
2022-11-29T22:13:57Z,run,2022-11-29T22:47:11Z,-8.05210944,-34.95056635,167.0,87.0
2022-11-29T22:13:57Z,run,2022-11-29T22:47:12Z,-8.05210944,-34.95058634,167.0,87.0
2022-11-29T22:13:57Z,run,2022-11-29T22:47:13Z,-8.05210779,-34.95060633,168.0,87.0
2022-11-29T22:13:57Z,run,2022-11-29T22:47:14Z,-8.05210612,-34.95062732,167.0,87.0
2022-11-29T22:13:57Z,run,2022-11-29T22:47:15Z,-8.05210645,-34.95065198,167.0,88.0
2022-11-29T22:13:57Z,run,2022-11-29T22:47:16Z,-8.05210645,-34.95067698,167.0,88.0
2022-11-29T22:13:57Z,run,2022-11-29T22:47:17Z,-8.05210612,-34.95070232,167.0,88.0
2022-11-29T22:13:57Z,run,2022-11-29T22:47:18Z,-8.05210779,-34.95072732,167.0,88.0
2022-11-29T22:13:57Z,run,2022-11-29T22:47:19Z,-8.05210944,-34.95075297,167.0,87.0
2022-11-29T22:13:57Z,run,2022-11-29T22:47:20Z,-8.05211144,-34.95077831,167.0,87.0
2022-11-29T22:13:57Z,run,2022-11-29T22:47:21Z,-8.05211411,-34.95080297,167.0,87.0
2022-11-29T22:13:57Z,run,2022-11-29T22:47:22Z,-8.05211643,-34.95082696,168.0,87.0
2022-11-29T22:13:57Z,run,2022-11-29T22:47:23Z,-8.05211676,-34.95084995,168.0,87.0
2022-11-29T22:13:57Z,run,2022-11-29T22:47:24Z,-8.05211742,-34.95087129,169.0,87.0
2022-11-29T22:13:57Z,run,2022-11-29T22:47:25Z,-8.05211908,-34.95089062,170.0,87.0
2022-11-29T22:13:57Z,run,2022-11-29T22:47:26Z,-8.0521204,-34.95090828,170.0,87.0
2022-11-29T22:13:57Z,run,2022-11-29T22:47:28Z,-8.05211775,-34.95092761,174.0,87.0
2022-11-29T22:13:57Z,run,2022-11-29T22:47:29Z,-8.05210909,-34.95095528,174.0,87.0
2022-11-29T22:13:57Z,run,2022-11-29T22:47:30Z,-8.05210142,-34.95097994,175.0,87.0
2022-11-29T22:13:57Z,run,2022-11-29T22:47:31Z,-8.05209577,-34.9510036,175.0,87.0
2022-11-29T22:13:57Z,run,2022-11-29T22:47:32Z,-8.05209078,-34.9510276,175.0,87.0
2022-11-29T22:13:57Z,run,2022-11-29T22:47:33Z,-8.05208611,-34.95105359,173.0,87.0
2022-11-29T22:13:57Z,run,2022-11-29T22:47:34Z,-8.05208278,-34.95108058,172.0,87.0
2022-11-29T22:13:57Z,run,2022-11-29T22:47:35Z,-8.05208012,-34.95110491,172.0,87.0
2022-11-29T22:13:57Z,run,2022-11-29T22:47:36Z,-8.05207712,-34.95112925,172.0,87.0
2022-11-29T22:13:57Z,run,2022-11-29T22:47:37Z,-8.05207346,-34.95115324,171.0,87.0
2022-11-29T22:13:57Z,run,2022-11-29T22:47:38Z,-8.05206981,-34.95117724,171.0,87.0
2022-11-29T22:13:57Z,run,2022-11-29T22:47:39Z,-8.05206647,-34.95120289,173.0,88.0
2022-11-29T22:13:57Z,run,2022-11-29T22:47:40Z,-8.05206248,-34.95122988,173.0,88.0
2022-11-29T22:13:57Z,run,2022-11-29T22:47:41Z,-8.05205815,-34.95125522,173.0,88.0
2022-11-29T22:13:57Z,run,2022-11-29T22:47:42Z,-8.05205516,-34.95127922,172.0,88.0
2022-11-29T22:13:57Z,run,2022-11-29T22:47:43Z,-8.05205483,-34.95130422,172.0,88.0
2022-11-29T22:13:57Z,run,2022-11-29T22:47:44Z,-8.0520535,-34.95132854,171.0,88.0
2022-11-29T22:13:57Z,run,2022-11-29T22:47:45Z,-8.05205285,-34.95135221,170.0,88.0
2022-11-29T22:13:57Z,run,2022-11-29T22:47:46Z,-8.05205317,-34.9513752,170.0,88.0
2022-11-29T22:13:57Z,run,2022-11-29T22:47:47Z,-8.05205483,-34.9513972,170.0,87.0
2022-11-29T22:13:57Z,run,2022-11-29T22:47:48Z,-8.05205615,-34.95141953,170.0,87.0
2022-11-29T22:13:57Z,run,2022-11-29T22:47:49Z,-8.05205682,-34.95144285,170.0,87.0
2022-11-29T22:13:57Z,run,2022-11-29T22:47:50Z,-8.05205715,-34.95146719,170.0,86.0
2022-11-29T22:13:57Z,run,2022-11-29T22:47:51Z,-8.05205715,-34.95149118,171.0,86.0
2022-11-29T22:13:57Z,run,2022-11-29T22:47:52Z,-8.05205747,-34.95151551,171.0,86.0
2022-11-29T22:13:57Z,run,2022-11-29T22:47:53Z,-8.05205648,-34.9515395,171.0,86.0
2022-11-29T22:13:57Z,run,2022-11-29T22:47:54Z,-8.05205583,-34.9515615,171.0,86.0
2022-11-29T22:13:57Z,run,2022-11-29T22:47:55Z,-8.05205483,-34.95158483,170.0,86.0
2022-11-29T22:13:57Z,run,2022-11-29T22:47:56Z,-8.0520545,-34.95160682,169.0,86.0
2022-11-29T22:13:57Z,run,2022-11-29T22:47:57Z,-8.05205351,-34.95162982,169.0,86.0
2022-11-29T22:13:57Z,run,2022-11-29T22:47:57Z,-8.05205219,-34.95165281,171.0,86.0
2022-11-29T22:13:57Z,run,2022-11-29T22:47:58Z,-8.05205119,-34.9516768,171.0,86.0
2022-11-29T22:13:57Z,run,2022-11-29T22:47:59Z,-8.0520502,-34.9517008,170.0,87.0
2022-11-29T22:13:57Z,run,2022-11-29T22:48:00Z,-8.05205087,-34.95172314,170.0,87.0
2022-11-29T22:13:57Z,run,2022-11-29T22:48:01Z,-8.05205087,-34.95174279,170.0,87.0
2022-11-29T22:13:57Z,run,2022-11-29T22:48:02Z,-8.05204987,-34.95176178,169.0,87.0
2022-11-29T22:13:57Z,run,2022-11-29T22:48:03Z,-8.05204854,-34.95178312,168.0,87.0
2022-11-29T22:13:57Z,run,2022-11-29T22:48:04Z,-8.05204788,-34.95180577,168.0,87.0
2022-11-29T22:13:57Z,run,2022-11-29T22:48:05Z,-8.05204655,-34.95182811,168.0,87.0
2022-11-29T22:13:57Z,run,2022-11-29T22:48:06Z,-8.0520459,-34.95185211,168.0,87.0
2022-11-29T22:13:57Z,run,2022-11-29T22:48:07Z,-8.0520449,-34.9518771,168.0,87.0
2022-11-29T22:13:57Z,run,2022-11-29T22:48:08Z,-8.05204324,-34.95190443,168.0,87.0
2022-11-29T22:13:57Z,run,2022-11-29T22:48:09Z,-8.05204257,-34.9519311,168.0,87.0
2022-11-29T22:13:57Z,run,2022-11-29T22:48:10Z,-8.05204158,-34.95195742,168.0,86.0
2022-11-29T22:13:57Z,run,2022-11-29T22:48:11Z,-8.05204092,-34.95198341,168.0,86.0
2022-11-29T22:13:57Z,run,2022-11-29T22:48:12Z,-8.05203993,-34.95200974,168.0,86.0
2022-11-29T22:13:57Z,run,2022-11-29T22:48:13Z,-8.05203793,-34.9520344,169.0,86.0
2022-11-29T22:13:57Z,run,2022-11-29T22:48:14Z,-8.05203593,-34.95205773,171.0,86.0
2022-11-29T22:13:57Z,run,2022-11-29T22:48:15Z,-8.05203327,-34.95208139,171.0,87.0
2022-11-29T22:13:57Z,run,2022-11-29T22:48:16Z,-8.05203094,-34.95210471,171.0,87.0
2022-11-29T22:13:57Z,run,2022-11-29T22:48:17Z,-8.05202861,-34.95212771,171.0,87.0
2022-11-29T22:13:57Z,run,2022-11-29T22:48:18Z,-8.05202829,-34.95215104,170.0,87.0
2022-11-29T22:13:57Z,run,2022-11-29T22:48:19Z,-8.05202829,-34.95217403,169.0,87.0
2022-11-29T22:13:57Z,run,2022-11-29T22:48:20Z,-8.05202861,-34.95219702,169.0,87.0
2022-11-29T22:13:57Z,run,2022-11-29T22:48:21Z,-8.05202829,-34.95221935,169.0,87.0
2022-11-29T22:13:57Z,run,2022-11-29T22:48:22Z,-8.05202762,-34.95224201,169.0,87.0
2022-11-29T22:13:57Z,run,2022-11-29T22:48:23Z,-8.05202662,-34.95226434,169.0,87.0
2022-11-29T22:13:57Z,run,2022-11-29T22:48:24Z,-8.05202329,-34.95228601,169.0,87.0
2022-11-29T22:13:57Z,run,2022-11-29T22:48:25Z,-8.0520193,-34.95230801,169.0,87.0
2022-11-29T22:13:57Z,run,2022-11-29T22:48:26Z,-8.05201663,-34.95233166,168.0,87.0
2022-11-29T22:13:57Z,run,2022-11-29T22:48:27Z,-8.0520133,-34.95235566,168.0,86.0
2022-11-29T22:13:57Z,run,2022-11-29T22:48:28Z,-8.05201031,-34.95237965,168.0,86.0
2022-11-29T22:13:57Z,run,2022-11-29T22:48:29Z,-8.05200732,-34.95240165,168.0,86.0
2022-11-29T22:13:57Z,run,2022-11-29T22:48:30Z,-8.05200366,-34.95242231,168.0,86.0
2022-11-29T22:13:57Z,run,2022-11-29T22:48:31Z,-8.05199966,-34.95244198,168.0,86.0
2022-11-29T22:13:57Z,run,2022-11-29T22:48:32Z,-8.05199534,-34.95245897,169.0,86.0
2022-11-29T22:13:57Z,run,2022-11-29T22:48:33Z,-8.05199067,-34.95247329,171.0,86.0
2022-11-29T22:13:57Z,run,2022-11-29T22:48:35Z,-8.05198534,-34.95248596,172.0,86.0
