activity_id,sport_type,timestamp,latitude,longitude,heart_rate,cadence
2023-03-16T21:55:13Z,walk,2023-03-16T21:57:07Z,-8.05158166,-34.949975,110,64
2023-03-16T21:55:13Z,walk,2023-03-16T21:57:08Z,-8.05158599,-34.94998099,109,64
2023-03-16T21:55:13Z,walk,2023-03-16T21:57:09Z,-8.05159031,-34.95000998,109,64
2023-03-16T21:55:13Z,walk,2023-03-16T21:57:10Z,-8.05158198,-34.95003564,109,64
2023-03-16T21:55:13Z,walk,2023-03-16T21:57:11Z,-8.05157132,-34.9500573,109,64
2023-03-16T21:55:13Z,walk,2023-03-16T21:57:12Z,-8.05156099,-34.95007163,109,64
2023-03-16T21:55:13Z,walk,2023-03-16T21:57:13Z,-8.05155233,-34.95008362,109,64
2023-03-16T21:55:13Z,walk,2023-03-16T21:57:14Z,-8.05154734,-34.95009261,109,64
2023-03-16T21:55:13Z,walk,2023-03-16T21:57:15Z,-8.05153868,-34.95010094,109,64
2023-03-16T21:55:13Z,walk,2023-03-16T21:57:16Z,-8.05153002,-34.95010927,110,64
2023-03-16T21:55:13Z,walk,2023-03-16T21:57:17Z,-8.0515227,-34.95012094,110,63
2023-03-16T21:55:13Z,walk,2023-03-16T21:57:18Z,-8.05151736,-34.95013426,111,64
2023-03-16T21:55:13Z,walk,2023-03-16T21:57:19Z,-8.05151337,-34.95014626,112,64
2023-03-16T21:55:13Z,walk,2023-03-16T21:57:20Z,-8.05150904,-34.95015859,112,64
2023-03-16T21:55:13Z,walk,2023-03-16T21:57:21Z,-8.05150372,-34.95017159,112,64
2023-03-16T21:55:13Z,walk,2023-03-16T21:57:22Z,-8.05149873,-34.95018224,112,64
2023-03-16T21:55:13Z,walk,2023-03-16T21:57:23Z,-8.05149473,-34.95019358,112,64
2023-03-16T21:55:13Z,walk,2023-03-16T21:57:24Z,-8.05149139,-34.95020258,113,64
2023-03-16T21:55:13Z,walk,2023-03-16T21:57:25Z,-8.0514894,-34.95021157,113,64
2023-03-16T21:55:13Z,walk,2023-03-16T21:57:26Z,-8.05148907,-34.95022189,113,64
2023-03-16T21:55:13Z,walk,2023-03-16T21:57:27Z,-8.05148808,-34.95023156,113,64
2023-03-16T21:55:13Z,walk,2023-03-16T21:57:28Z,-8.05148874,-34.95024189,113,63
2023-03-16T21:55:13Z,walk,2023-03-16T21:57:29Z,-8.05148741,-34.95025255,113,63
2023-03-16T21:55:13Z,walk,2023-03-16T21:57:30Z,-8.05148609,-34.95026521,113,63
2023-03-16T21:55:13Z,walk,2023-03-16T21:57:31Z,-8.05148309,-34.95027655,115,63
2023-03-16T21:55:13Z,walk,2023-03-16T21:57:32Z,-8.05148077,-34.95029087,115,62
2023-03-16T21:55:13Z,walk,2023-03-16T21:57:33Z,-8.05148044,-34.95030619,115,62
2023-03-16T21:55:13Z,walk,2023-03-16T21:57:34Z,-8.05147979,-34.95032119,116,62
2023-03-16T21:55:13Z,walk,2023-03-16T21:57:35Z,-8.05147979,-34.95033585,115,62
2023-03-16T21:55:13Z,walk,2023-03-16T21:57:36Z,-8.05147812,-34.95034817,115,62
2023-03-16T21:55:13Z,walk,2023-03-16T21:57:37Z,-8.05147612,-34.95036017,115,61
2023-03-16T21:55:13Z,walk,2023-03-16T21:57:38Z,-8.05147313,-34.95036983,116,60
2023-03-16T21:55:13Z,walk,2023-03-16T21:57:39Z,-8.05147214,-34.95038182,116,60
2023-03-16T21:55:13Z,walk,2023-03-16T21:57:40Z,-8.05147147,-34.95039482,115,60
2023-03-16T21:55:13Z,walk,2023-03-16T21:57:41Z,-8.05147147,-34.95040849,114,62
2023-03-16T21:55:13Z,walk,2023-03-16T21:57:42Z,-8.05147147,-34.95042148,113,61
2023-03-16T21:55:13Z,walk,2023-03-16T21:57:43Z,-8.05147214,-34.95043548,113,61
2023-03-16T21:55:13Z,walk,2023-03-16T21:57:44Z,-8.05147313,-34.95044948,113,61
2023-03-16T21:55:13Z,walk,2023-03-16T21:57:45Z,-8.05147313,-34.95046314,113,61
2023-03-16T21:55:13Z,walk,2023-03-16T21:57:46Z,-8.05147147,-34.95047581,113,62
2023-03-16T21:55:13Z,walk,2023-03-16T21:57:47Z,-8.05146814,-34.95048914,114,62
2023-03-16T21:55:13Z,walk,2023-03-16T21:57:48Z,-8.05146614,-34.9505038,114,61
2023-03-16T21:55:13Z,walk,2023-03-16T21:57:49Z,-8.05146248,-34.95051712,115,61
2023-03-16T21:55:13Z,walk,2023-03-16T21:57:50Z,-8.05145849,-34.95053012,115,61
2023-03-16T21:55:13Z,walk,2023-03-16T21:57:51Z,-8.05145449,-34.95054245,115,61
2023-03-16T21:55:13Z,walk,2023-03-16T21:57:52Z,-8.05144916,-34.95055411,114,61
2023-03-16T21:55:13Z,walk,2023-03-16T21:57:53Z,-8.05144349,-34.95056344,114,61
2023-03-16T21:55:13Z,walk,2023-03-16T21:57:54Z,-8.0514375,-34.95057377,114,61
2023-03-16T21:55:13Z,walk,2023-03-16T21:57:55Z,-8.05143284,-34.95058443,115,61
2023-03-16T21:55:13Z,walk,2023-03-16T21:57:56Z,-8.05142984,-34.95059709,116,61
2023-03-16T21:55:13Z,walk,2023-03-16T21:57:57Z,-8.05142585,-34.95061142,116,61
2023-03-16T21:55:13Z,walk,2023-03-16T21:57:58Z,-8.05142018,-34.95062607,116,61
2023-03-16T21:55:13Z,walk,2023-03-16T21:57:59Z,-8.05141152,-34.95063941,116,61
2023-03-16T21:55:13Z,walk,2023-03-16T21:58:00Z,-8.05140052,-34.95065073,116,61
2023-03-16T21:55:13Z,walk,2023-03-16T21:58:01Z,-8.05138853,-34.95065906,116,62
2023-03-16T21:55:13Z,walk,2023-03-16T21:58:02Z,-8.05137588,-34.95066539,116,62
2023-03-16T21:55:13Z,walk,2023-03-16T21:58:03Z,-8.05136288,-34.95067039,116,62
2023-03-16T21:55:13Z,walk,2023-03-16T21:58:04Z,-8.05135055,-34.95067404,116,62
2023-03-16T21:55:13Z,walk,2023-03-16T21:58:05Z,-8.05133822,-34.95067737,116,62
2023-03-16T21:55:13Z,walk,2023-03-16T21:58:06Z,-8.05132456,-34.95068137,116,61
2023-03-16T21:55:13Z,walk,2023-03-16T21:58:07Z,-8.05131056,-34.95068802,115,61
2023-03-16T21:55:13Z,walk,2023-03-16T21:58:08Z,-8.05129523,-34.95069701,114,61
2023-03-16T21:55:13Z,walk,2023-03-16T21:58:09Z,-8.0512799,-34.95070668,114,61
2023-03-16T21:55:13Z,walk,2023-03-16T21:58:10Z,-8.05126391,-34.950714,114,61
2023-03-16T21:55:13Z,walk,2023-03-16T21:58:11Z,-8.05124757,-34.95071767,114,61
2023-03-16T21:55:13Z,walk,2023-03-16T21:58:12Z,-8.05123024,-34.95071534,114,61
2023-03-16T21:55:13Z,walk,2023-03-16T21:58:13Z,-8.05121325,-34.95071201,114,61
2023-03-16T21:55:13Z,walk,2023-03-16T21:58:14Z,-8.05119458,-34.95070768,115,61
2023-03-16T21:55:13Z,walk,2023-03-16T21:58:15Z,-8.05117893,-34.95070336,115,61
2023-03-16T21:55:13Z,walk,2023-03-16T21:58:16Z,-8.05116626,-34.95070002,114,61
2023-03-16T21:55:13Z,walk,2023-03-16T21:58:17Z,-8.05115494,-34.95069937,115,61
2023-03-16T21:55:13Z,walk,2023-03-16T21:58:18Z,-8.05114527,-34.95070269,116,61
2023-03-16T21:55:13Z,walk,2023-03-16T21:58:19Z,-8.0511376,-34.95070802,117,61
2023-03-16T21:55:13Z,walk,2023-03-16T21:58:20Z,-8.0511286,-34.95071569,117,61
2023-03-16T21:55:13Z,walk,2023-03-16T21:58:21Z,-8.05111795,-34.95072402,117,61
2023-03-16T21:55:13Z,walk,2023-03-16T21:58:22Z,-8.05110828,-34.95073136,117,61
2023-03-16T21:55:13Z,walk,2023-03-16T21:58:23Z,-8.05109762,-34.95073568,118,32
2023-03-16T21:55:13Z,walk,2023-03-16T21:58:24Z,-8.0510853,-34.95073801,120,32
2023-03-16T21:55:13Z,walk,2023-03-16T21:58:25Z,-8.05107163,-34.95073968,121,31
2023-03-16T21:55:13Z,walk,2023-03-16T21:58:26Z,-8.05105731,-34.95073835,121,32
2023-03-16T21:55:13Z,walk,2023-03-16T21:58:27Z,-8.05104399,-34.95073502,121,32
2023-03-16T21:55:13Z,walk,2023-03-16T21:58:28Z,-8.051032,-34.95073036,122,31
2023-03-16T21:55:13Z,walk,2023-03-16T21:58:29Z,-8.05101933,-34.9507257,122,32
2023-03-16T21:55:13Z,walk,2023-03-16T21:58:30Z,-8.05100801,-34.95072103,122,32
2023-03-16T21:55:13Z,walk,2023-03-16T21:58:31Z,-8.05099801,-34.9507167,122,32
2023-03-16T21:55:13Z,walk,2023-03-16T21:58:32Z,-8.05098702,-34.95071371,123,32
2023-03-16T21:55:13Z,walk,2023-03-16T21:58:33Z,-8.05097568,-34.95071039,123,32
2023-03-16T21:55:13Z,walk,2023-03-16T21:58:34Z,-8.05096402,-34.95070673,123,32
2023-03-16T21:55:13Z,walk,2023-03-16T21:58:35Z,-8.05095135,-34.95070341,123,32
2023-03-16T21:55:13Z,walk,2023-03-16T21:58:36Z,-8.05093769,-34.95070141,123,32
2023-03-16T21:55:13Z,walk,2023-03-16T21:58:37Z,-8.05092437,-34.95069974,123,64
2023-03-16T21:55:13Z,walk,2023-03-16T21:58:38Z,-8.05091105,-34.95069908,123,64
2023-03-16T21:55:13Z,walk,2023-03-16T21:58:39Z,-8.05089805,-34.95069974,124,64
2023-03-16T21:55:13Z,walk,2023-03-16T21:58:40Z,-8.05088506,-34.95070207,124,64
2023-03-16T21:55:13Z,walk,2023-03-16T21:58:41Z,-8.05087039,-34.95070441,125,64
2023-03-16T21:55:13Z,walk,2023-03-16T21:58:42Z,-8.05085572,-34.95070674,125,64
2023-03-16T21:55:13Z,walk,2023-03-16T21:58:43Z,-8.05084007,-34.95070806,126,64
2023-03-16T21:55:13Z,walk,2023-03-16T21:58:44Z,-8.05082508,-34.95071206,127,64
2023-03-16T21:55:13Z,walk,2023-03-16T21:58:45Z,-8.05081141,-34.9507144,127,64
2023-03-16T21:55:13Z,walk,2023-03-16T21:58:46Z,-8.05079775,-34.95071505,127,64
2023-03-16T21:55:13Z,walk,2023-03-16T21:58:47Z,-8.05078443,-34.95071372,127,64
2023-03-16T21:55:13Z,walk,2023-03-16T21:58:48Z,-8.05077111,-34.9507124,126,64
2023-03-16T21:55:13Z,walk,2023-03-16T21:58:49Z,-8.05075811,-34.95071106,127,64
2023-03-16T21:55:13Z,walk,2023-03-16T21:58:50Z,-8.05074478,-34.95070874,128,64
2023-03-16T21:55:13Z,walk,2023-03-16T21:58:51Z,-8.05073279,-34.95070807,129,31
2023-03-16T21:55:13Z,walk,2023-03-16T21:58:52Z,-8.05071879,-34.95070475,129,31
2023-03-16T21:55:13Z,walk,2023-03-16T21:58:53Z,-8.05070513,-34.95070076,128,32
2023-03-16T21:55:13Z,walk,2023-03-16T21:58:54Z,-8.0506898,-34.95069777,127,32
2023-03-16T21:55:13Z,walk,2023-03-16T21:58:55Z,-8.05067514,-34.95069544,126,32
2023-03-16T21:55:13Z,walk,2023-03-16T21:58:56Z,-8.05065848,-34.95069211,126,32
2023-03-16T21:55:13Z,walk,2023-03-16T21:58:57Z,-8.05064215,-34.95068745,126,32
2023-03-16T21:55:13Z,walk,2023-03-16T21:58:58Z,-8.05062782,-34.95068478,126,32
2023-03-16T21:55:13Z,walk,2023-03-16T21:58:59Z,-8.0506145,-34.95068211,125,32
2023-03-16T21:55:13Z,walk,2023-03-16T21:59:00Z,-8.05060118,-34.95068079,125,32
2023-03-16T21:55:13Z,walk,2023-03-16T21:59:01Z,-8.05058651,-34.95067879,124,32
2023-03-16T21:55:13Z,walk,2023-03-16T21:59:02Z,-8.05057252,-34.95067612,124,32
2023-03-16T21:55:13Z,walk,2023-03-16T21:59:03Z,-8.05055652,-34.95067247,125,32
2023-03-16T21:55:13Z,walk,2023-03-16T21:59:04Z,-8.05053985,-34.95066948,125,32
2023-03-16T21:55:13Z,walk,2023-03-16T21:59:05Z,-8.05052286,-34.95066714,126,32
2023-03-16T21:55:13Z,walk,2023-03-16T21:59:06Z,-8.05050686,-34.95066481,126,32
2023-03-16T21:55:13Z,walk,2023-03-16T21:59:07Z,-8.05049153,-34.95066214,126,32
2023-03-16T21:55:13Z,walk,2023-03-16T21:59:08Z,-8.05047587,-34.95065949,125,32
2023-03-16T21:55:13Z,walk,2023-03-16T21:59:09Z,-8.05046088,-34.95065782,125,32
2023-03-16T21:55:13Z,walk,2023-03-16T21:59:10Z,-8.05044656,-34.95065782,125,32
2023-03-16T21:55:13Z,walk,2023-03-16T21:59:11Z,-8.05043323,-34.95065849,124,32
2023-03-16T21:55:13Z,walk,2023-03-16T21:59:12Z,-8.05042024,-34.95065948,123,32
2023-03-16T21:55:13Z,walk,2023-03-16T21:59:13Z,-8.05040724,-34.95065849,123,32
2023-03-16T21:55:13Z,walk,2023-03-16T21:59:14Z,-8.05039458,-34.95065615,124,32
2023-03-16T21:55:13Z,walk,2023-03-16T21:59:15Z,-8.05038225,-34.9506535,124,32
2023-03-16T21:55:13Z,walk,2023-03-16T21:59:16Z,-8.05037058,-34.95065116,124,32
2023-03-16T21:55:13Z,walk,2023-03-16T21:59:17Z,-8.05035859,-34.95064751,124,64
2023-03-16T21:55:13Z,walk,2023-03-16T21:59:18Z,-8.0503456,-34.95064217,124,65
2023-03-16T21:55:13Z,walk,2023-03-16T21:59:19Z,-8.05033293,-34.95063652,124,65
2023-03-16T21:55:13Z,walk,2023-03-16T21:59:20Z,-8.05031893,-34.95063252,123,64
2023-03-16T21:55:13Z,walk,2023-03-16T21:59:21Z,-8.0503036,-34.95062953,124,64
2023-03-16T21:55:13Z,walk,2023-03-16T21:59:22Z,-8.05028627,-34.95062787,124,64
2023-03-16T21:55:13Z,walk,2023-03-16T21:59:23Z,-8.05026794,-34.95062687,124,63
2023-03-16T21:55:13Z,walk,2023-03-16T21:59:24Z,-8.05024895,-34.95062621,124,63
2023-03-16T21:55:13Z,walk,2023-03-16T21:59:25Z,-8.05023196,-34.95062388,124,63
2023-03-16T21:55:13Z,walk,2023-03-16T21:59:26Z,-8.0502163,-34.95062222,124,63
2023-03-16T21:55:13Z,walk,2023-03-16T21:59:27Z,-8.05019963,-34.95062288,124,63
2023-03-16T21:55:13Z,walk,2023-03-16T21:59:28Z,-8.05018464,-34.95062555,124,63
2023-03-16T21:55:13Z,walk,2023-03-16T21:59:28Z,-8.05016997,-34.95062755,124,64
2023-03-16T21:55:13Z,walk,2023-03-16T21:59:29Z,-8.05015498,-34.95062987,124,64
2023-03-16T21:55:13Z,walk,2023-03-16T21:59:30Z,-8.05014033,-34.95063054,124,64
2023-03-16T21:55:13Z,walk,2023-03-16T21:59:31Z,-8.05012633,-34.95063186,124,64
2023-03-16T21:55:13Z,walk,2023-03-16T21:59:32Z,-8.05011067,-34.95063154,124,64
2023-03-16T21:55:13Z,walk,2023-03-16T21:59:33Z,-8.05009534,-34.95062954,124,64
2023-03-16T21:55:13Z,walk,2023-03-16T21:59:34Z,-8.05007968,-34.95062687,124,64
2023-03-16T21:55:13Z,walk,2023-03-16T21:59:35Z,-8.05006402,-34.95062388,124,65
2023-03-16T21:55:13Z,walk,2023-03-16T21:59:36Z,-8.05004869,-34.95062189,124,64
2023-03-16T21:55:13Z,walk,2023-03-16T21:59:37Z,-8.05003402,-34.95061856,124,64
2023-03-16T21:55:13Z,walk,2023-03-16T21:59:38Z,-8.0500197,-34.95061623,125,63
2023-03-16T21:55:13Z,walk,2023-03-16T21:59:39Z,-8.05000537,-34.95061257,125,63
2023-03-16T21:55:13Z,walk,2023-03-16T21:59:40Z,-8.04999004,-34.95060624,125,63
2023-03-16T21:55:13Z,walk,2023-03-16T21:59:41Z,-8.04997438,-34.95059858,125,62
2023-03-16T21:55:13Z,walk,2023-03-16T21:59:42Z,-8.04995771,-34.95059192,125,62
2023-03-16T21:55:13Z,walk,2023-03-16T21:59:43Z,-8.04994072,-34.95058392,125,63
2023-03-16T21:55:13Z,walk,2023-03-16T21:59:44Z,-8.04992305,-34.95057493,125,63
2023-03-16T21:55:13Z,walk,2023-03-16T21:59:45Z,-8.04990706,-34.95056493,124,63
2023-03-16T21:55:13Z,walk,2023-03-16T21:59:46Z,-8.04989173,-34.95055527,124,63
2023-03-16T21:55:13Z,walk,2023-03-16T21:59:47Z,-8.04987773,-34.95054694,124,62
2023-03-16T21:55:13Z,walk,2023-03-16T21:59:48Z,-8.04986441,-34.95053894,124,63
2023-03-16T21:55:13Z,walk,2023-03-16T21:59:49Z,-8.04985107,-34.95053327,124,62
2023-03-16T21:55:13Z,walk,2023-03-16T21:59:50Z,-8.04983775,-34.95052895,124,62
2023-03-16T21:55:13Z,walk,2023-03-16T21:59:51Z,-8.04982508,-34.95052495,124,62
2023-03-16T21:55:13Z,walk,2023-03-16T21:59:52Z,-8.04981209,-34.95052096,124,62
2023-03-16T21:55:13Z,walk,2023-03-16T21:59:53Z,-8.04979843,-34.95051663,124,62
2023-03-16T21:55:13Z,walk,2023-03-16T21:59:54Z,-8.04978376,-34.95051163,124,62
2023-03-16T21:55:13Z,walk,2023-03-16T21:59:55Z,-8.0497681,-34.9505083,125,62
2023-03-16T21:55:13Z,walk,2023-03-16T21:59:56Z,-8.04975311,-34.95050597,125,62
2023-03-16T21:55:13Z,walk,2023-03-16T21:59:58Z,-8.04973811,-34.95050398,125,62
2023-03-16T21:55:13Z,walk,2023-03-16T21:59:58Z,-8.04972479,-34.95050265,125,62
2023-03-16T21:55:13Z,walk,2023-03-16T21:59:59Z,-8.0497118,-34.95050232,126,31
2023-03-16T21:55:13Z,walk,2023-03-16T22:00:00Z,-8.04969947,-34.950501,128,31
2023-03-16T21:55:13Z,walk,2023-03-16T22:00:01Z,-8.04968614,-34.95049933,132,31
2023-03-16T21:55:13Z,walk,2023-03-16T22:00:02Z,-8.04967248,-34.95049801,135,31
2023-03-16T21:55:13Z,walk,2023-03-16T22:00:03Z,-8.04965882,-34.95049534,138,31
2023-03-16T21:55:13Z,walk,2023-03-16T22:00:04Z,-8.04964415,-34.95049235,138,31
2023-03-16T21:55:13Z,walk,2023-03-16T22:00:05Z,-8.04962882,-34.95048936,138,32
2023-03-16T21:55:13Z,walk,2023-03-16T22:00:06Z,-8.04961349,-34.95048636,137,32
2023-03-16T21:55:13Z,walk,2023-03-16T22:00:07Z,-8.04959882,-34.95048271,131,32
2023-03-16T21:55:13Z,walk,2023-03-16T22:00:08Z,-8.04958516,-34.95047838,139,32
2023-03-16T21:55:13Z,walk,2023-03-16T22:00:09Z,-8.04957184,-34.95047438,132,32
2023-03-16T21:55:13Z,walk,2023-03-16T22:00:10Z,-8.04955884,-34.95047073,132,32
2023-03-16T21:55:13Z,walk,2023-03-16T22:00:11Z,-8.04954585,-34.95046606,131,32
2023-03-16T21:55:13Z,walk,2023-03-16T22:00:12Z,-8.04953152,-34.95046039,131,32
2023-03-16T21:55:13Z,walk,2023-03-16T22:00:13Z,-8.04951586,-34.95045407,131,32
2023-03-16T21:55:13Z,walk,2023-03-16T22:00:14Z,-8.04949987,-34.95044775,131,63
2023-03-16T21:55:13Z,walk,2023-03-16T22:00:15Z,-8.04948454,-34.95044241,131,63
2023-03-16T21:55:13Z,walk,2023-03-16T22:00:16Z,-8.04946854,-34.95043676,131,63
2023-03-16T21:55:13Z,walk,2023-03-16T22:00:17Z,-8.0494522,-34.95043077,131,64
2023-03-16T21:55:13Z,walk,2023-03-16T22:00:18Z,-8.04943588,-34.95042543,131,64
2023-03-16T21:55:13Z,walk,2023-03-16T22:00:19Z,-8.04942055,-34.9504211,131,65
2023-03-16T21:55:13Z,walk,2023-03-16T22:00:20Z,-8.04940655,-34.95041778,131,64
2023-03-16T21:55:13Z,walk,2023-03-16T22:00:21Z,-8.04939255,-34.95041578,131,64
2023-03-16T21:55:13Z,walk,2023-03-16T22:00:22Z,-8.04937988,-34.95041445,132,64
2023-03-16T21:55:13Z,walk,2023-03-16T22:00:23Z,-8.04936656,-34.95041346,132,64
2023-03-16T21:55:13Z,walk,2023-03-16T22:00:24Z,-8.04935322,-34.9504128,132,64
2023-03-16T21:55:13Z,walk,2023-03-16T22:00:25Z,-8.04934023,-34.95041147,134,63
2023-03-16T21:55:13Z,walk,2023-03-16T22:00:26Z,-8.04932691,-34.95040882,134,63
2023-03-16T21:55:13Z,walk,2023-03-16T22:00:27Z,-8.04931324,-34.95040682,135,63
2023-03-16T21:55:13Z,walk,2023-03-16T22:00:28Z,-8.04930158,-34.95040583,137,63
2023-03-16T21:55:13Z,walk,2023-03-16T22:00:29Z,-8.04928992,-34.9504055,137,63
2023-03-16T21:55:13Z,walk,2023-03-16T22:00:30Z,-8.04928025,-34.95040484,135,64
2023-03-16T21:55:13Z,walk,2023-03-16T22:00:31Z,-8.04927226,-34.95040584,134,64
2023-03-16T21:55:13Z,walk,2023-03-16T22:00:32Z,-8.04926526,-34.95040616,134,63
2023-03-16T21:55:13Z,walk,2023-03-16T22:00:33Z,-8.04925727,-34.95040584,134,63
2023-03-16T21:55:13Z,walk,2023-03-16T22:00:34Z,-8.04924794,-34.95040384,134,63
2023-03-16T21:55:13Z,walk,2023-03-16T22:00:35Z,-8.04923695,-34.9504015,134,63
2023-03-16T21:55:13Z,walk,2023-03-16T22:00:36Z,-8.04922562,-34.95039718,135,62
2023-03-16T21:55:13Z,walk,2023-03-16T22:00:37Z,-8.04921296,-34.95039251,139,62
2023-03-16T21:55:13Z,walk,2023-03-16T22:00:38Z,-8.04920029,-34.95038919,141,62
2023-03-16T21:55:13Z,walk,2023-03-16T22:00:39Z,-8.04918996,-34.95038786,140,63
2023-03-16T21:55:13Z,walk,2023-03-16T22:00:40Z,-8.04917997,-34.95038919,140,63
2023-03-16T21:55:13Z,walk,2023-03-16T22:00:41Z,-8.04916931,-34.95039218,140,63
2023-03-16T21:55:13Z,walk,2023-03-16T22:00:42Z,-8.04915732,-34.95039617,143,63
2023-03-16T21:55:13Z,walk,2023-03-16T22:00:43Z,-8.04914533,-34.95040017,141,63
2023-03-16T21:55:13Z,walk,2023-03-16T22:00:44Z,-8.04913233,-34.95040083,141,63
2023-03-16T21:55:13Z,walk,2023-03-16T22:00:45Z,-8.04911833,-34.95039816,141,63
2023-03-16T21:55:13Z,walk,2023-03-16T22:00:46Z,-8.04910433,-34.95039517,141,63
2023-03-16T21:55:13Z,walk,2023-03-16T22:00:47Z,-8.04909001,-34.95039118,141,63
2023-03-16T21:55:13Z,walk,2023-03-16T22:00:48Z,-8.04907669,-34.95038751,141,63
2023-03-16T21:55:13Z,walk,2023-03-16T22:00:49Z,-8.04906236,-34.95038286,141,62
2023-03-16T21:55:13Z,walk,2023-03-16T22:00:50Z,-8.04904703,-34.95037752,141,62
2023-03-16T21:55:13Z,walk,2023-03-16T22:00:51Z,-8.04903137,-34.95037252,141,62
2023-03-16T21:55:13Z,walk,2023-03-16T22:00:52Z,-8.04901537,-34.95036819,140,61
2023-03-16T21:55:13Z,walk,2023-03-16T22:00:53Z,-8.04900037,-34.95036552,140,61
2023-03-16T21:55:13Z,walk,2023-03-16T22:00:54Z,-8.04898572,-34.95036387,140,61
2023-03-16T21:55:13Z,walk,2023-03-16T22:00:55Z,-8.04897106,-34.95036153,140,62
2023-03-16T21:55:13Z,walk,2023-03-16T22:00:56Z,-8.04895673,-34.95035821,140,62
2023-03-16T21:55:13Z,walk,2023-03-16T22:00:57Z,-8.04894273,-34.95035554,140,63
2023-03-16T21:55:13Z,walk,2023-03-16T22:00:58Z,-8.0489284,-34.95035421,139,62
2023-03-16T21:55:13Z,walk,2023-03-16T22:00:59Z,-8.0489144,-34.95035355,139,62
2023-03-16T21:55:13Z,walk,2023-03-16T22:01:00Z,-8.0489004,-34.95035223,140,63
2023-03-16T21:55:13Z,walk,2023-03-16T22:01:01Z,-8.04888507,-34.95035223,140,62
2023-03-16T21:55:13Z,walk,2023-03-16T22:01:02Z,-8.04887075,-34.95035255,140,62
2023-03-16T21:55:13Z,walk,2023-03-16T22:01:03Z,-8.04885642,-34.95035455,142,62
2023-03-16T21:55:13Z,walk,2023-03-16T22:01:04Z,-8.04884209,-34.95035621,141,62
2023-03-16T21:55:13Z,walk,2023-03-16T22:01:05Z,-8.04882877,-34.95035754,141,62
2023-03-16T21:55:13Z,walk,2023-03-16T22:01:06Z,-8.04881511,-34.9503582,141,62
2023-03-16T21:55:13Z,walk,2023-03-16T22:01:07Z,-8.04879945,-34.9503572,141,62
2023-03-16T21:55:13Z,walk,2023-03-16T22:01:08Z,-8.04878412,-34.95035421,141,62
2023-03-16T21:55:13Z,walk,2023-03-16T22:01:09Z,-8.04876945,-34.95035122,141,62
2023-03-16T21:55:13Z,walk,2023-03-16T22:01:10Z,-8.04875646,-34.95035023,141,62
2023-03-16T21:55:13Z,walk,2023-03-16T22:01:11Z,-8.04874413,-34.95035256,141,62
2023-03-16T21:55:13Z,walk,2023-03-16T22:01:12Z,-8.04873214,-34.95035589,140,63
2023-03-16T21:55:13Z,walk,2023-03-16T22:01:13Z,-8.04872048,-34.95035954,139,63
2023-03-16T21:55:13Z,walk,2023-03-16T22:01:14Z,-8.04870915,-34.95036188,139,63
2023-03-16T21:55:13Z,walk,2023-03-16T22:01:15Z,-8.04869616,-34.95036388,139,63
2023-03-16T21:55:13Z,walk,2023-03-16T22:01:16Z,-8.04868284,-34.95036587,139,63
2023-03-16T21:55:13Z,walk,2023-03-16T22:01:17Z,-8.0486715,-34.95036554,139,63
2023-03-16T21:55:13Z,walk,2023-03-16T22:01:18Z,-8.04866084,-34.95036489,139,63
2023-03-16T21:55:13Z,walk,2023-03-16T22:01:19Z,-8.04864818,-34.95036323,139,63
2023-03-16T21:55:13Z,walk,2023-03-16T22:01:20Z,-8.04863619,-34.95036156,138,63
2023-03-16T21:55:13Z,walk,2023-03-16T22:01:21Z,-8.04862519,-34.95036057,138,63
2023-03-16T21:55:13Z,walk,2023-03-16T22:01:22Z,-8.04861453,-34.95035991,139,61
2023-03-16T21:55:13Z,walk,2023-03-16T22:01:23Z,-8.0486062,-34.95035892,139,61
2023-03-16T21:55:13Z,walk,2023-03-16T22:01:24Z,-8.04859687,-34.95035559,139,61
2023-03-16T21:55:13Z,walk,2023-03-16T22:01:25Z,-8.04858621,-34.95035093,139,61
2023-03-16T21:55:13Z,walk,2023-03-16T22:01:26Z,-8.04857689,-34.95034694,139,61
2023-03-16T21:55:13Z,walk,2023-03-16T22:01:27Z,-8.04856956,-34.95034294,139,60
2023-03-16T21:55:13Z,walk,2023-03-16T22:01:28Z,-8.0485609,-34.95033761,139,61
2023-03-16T21:55:13Z,walk,2023-03-16T22:01:29Z,-8.0485539,-34.95033428,139,61
2023-03-16T21:55:13Z,walk,2023-03-16T22:01:30Z,-8.0485469,-34.95033229,139,62
2023-03-16T21:55:13Z,walk,2023-03-16T22:01:31Z,-8.04853724,-34.95033162,138,61
2023-03-16T21:55:13Z,walk,2023-03-16T22:01:32Z,-8.04852658,-34.95032997,137,61
2023-03-16T21:55:13Z,walk,2023-03-16T22:01:33Z,-8.04851392,-34.95032664,137,61
2023-03-16T21:55:13Z,walk,2023-03-16T22:01:34Z,-8.04849993,-34.95032564,137,62
2023-03-16T21:55:13Z,walk,2023-03-16T22:01:35Z,-8.04848593,-34.95032432,138,63
2023-03-16T21:55:13Z,walk,2023-03-16T22:01:36Z,-8.04847126,-34.95032366,138,63
2023-03-16T21:55:13Z,walk,2023-03-16T22:01:37Z,-8.04845526,-34.95032233,138,62
2023-03-16T21:55:13Z,walk,2023-03-16T22:01:38Z,-8.0484386,-34.95032066,138,62
2023-03-16T21:55:13Z,walk,2023-03-16T22:01:39Z,-8.04842194,-34.95031834,138,62
2023-03-16T21:55:13Z,walk,2023-03-16T22:01:40Z,-8.04840527,-34.95031634,140,62
2023-03-16T21:55:13Z,walk,2023-03-16T22:01:41Z,-8.04838927,-34.95031467,141,62
2023-03-16T21:55:13Z,walk,2023-03-16T22:01:42Z,-8.04837295,-34.95031368,141,62
2023-03-16T21:55:13Z,walk,2023-03-16T22:01:43Z,-8.04835796,-34.95031103,141,62
2023-03-16T21:55:13Z,walk,2023-03-16T22:01:44Z,-8.04834363,-34.95030704,141,62
2023-03-16T21:55:13Z,walk,2023-03-16T22:01:45Z,-8.04832863,-34.95030537,141,62
2023-03-16T21:55:13Z,walk,2023-03-16T22:01:46Z,-8.04831298,-34.95030636,141,62
2023-03-16T21:55:13Z,walk,2023-03-16T22:01:47Z,-8.04829664,-34.95030803,141,61
2023-03-16T21:55:13Z,walk,2023-03-16T22:01:48Z,-8.04828131,-34.95031102,141,61
2023-03-16T21:55:13Z,walk,2023-03-16T22:01:49Z,-8.04826598,-34.95031302,142,61
2023-03-16T21:55:13Z,walk,2023-03-16T22:01:50Z,-8.04824998,-34.95031467,142,61
2023-03-16T21:55:13Z,walk,2023-03-16T22:01:51Z,-8.04823632,-34.950315,142,61
2023-03-16T21:55:13Z,walk,2023-03-16T22:01:52Z,-8.04822199,-34.95031401,142,61
2023-03-16T21:55:13Z,walk,2023-03-16T22:01:53Z,-8.048207,-34.95031035,141,63
2023-03-16T21:55:13Z,walk,2023-03-16T22:01:54Z,-8.04819267,-34.95030436,141,63
2023-03-16T21:55:13Z,walk,2023-03-16T22:01:55Z,-8.04817835,-34.95029603,140,63
2023-03-16T21:55:13Z,walk,2023-03-16T22:01:56Z,-8.04816402,-34.95028903,139,63
2023-03-16T21:55:13Z,walk,2023-03-16T22:01:57Z,-8.04814669,-34.95028069,139,63
2023-03-16T21:55:13Z,walk,2023-03-16T22:01:58Z,-8.0481297,-34.95027236,139,63
2023-03-16T21:55:13Z,walk,2023-03-16T22:01:59Z,-8.0481127,-34.95026304,139,63
2023-03-16T21:55:13Z,walk,2023-03-16T22:02:00Z,-8.04809638,-34.95025071,139,63
2023-03-16T21:55:13Z,walk,2023-03-16T22:02:01Z,-8.04808306,-34.95023671,139,62
2023-03-16T21:55:13Z,walk,2023-03-16T22:02:02Z,-8.04807339,-34.95022205,139,62
2023-03-16T21:55:13Z,walk,2023-03-16T22:02:03Z,-8.04806707,-34.95020772,139,62
2023-03-16T21:55:13Z,walk,2023-03-16T22:02:04Z,-8.04806408,-34.95019372,139,62
2023-03-16T21:55:13Z,walk,2023-03-16T22:02:05Z,-8.04806375,-34.95018073,140,62
2023-03-16T21:55:13Z,walk,2023-03-16T22:02:06Z,-8.04806508,-34.9501684,140,62
2023-03-16T21:55:13Z,walk,2023-03-16T22:02:07Z,-8.04806808,-34.95015641,141,62
2023-03-16T21:55:13Z,walk,2023-03-16T22:02:08Z,-8.0480724,-34.95014675,140,62
2023-03-16T21:55:13Z,walk,2023-03-16T22:02:09Z,-8.04807539,-34.95013709,140,61
2023-03-16T21:55:13Z,walk,2023-03-16T22:02:10Z,-8.04807671,-34.95012609,140,60
2023-03-16T21:55:13Z,walk,2023-03-16T22:02:11Z,-8.04807704,-34.95011475,141,61
2023-03-16T21:55:13Z,walk,2023-03-16T22:02:12Z,-8.04807571,-34.95010243,141,61
2023-03-16T21:55:13Z,walk,2023-03-16T22:02:13Z,-8.04807306,-34.95008744,141,61
2023-03-16T21:55:13Z,walk,2023-03-16T22:02:14Z,-8.04807073,-34.95007211,141,62
2023-03-16T21:55:13Z,walk,2023-03-16T22:02:15Z,-8.04806941,-34.95005678,142,62
2023-03-16T21:55:13Z,walk,2023-03-16T22:02:16Z,-8.04807107,-34.95004212,142,62
2023-03-16T21:55:13Z,walk,2023-03-16T22:02:17Z,-8.04807273,-34.95002779,144,62
2023-03-16T21:55:13Z,walk,2023-03-16T22:02:18Z,-8.04807339,-34.95001447,144,62
2023-03-16T21:55:13Z,walk,2023-03-16T22:02:19Z,-8.04807139,-34.9499988,144,62
2023-03-16T21:55:13Z,walk,2023-03-16T22:02:20Z,-8.04806873,-34.94998247,143,62
2023-03-16T21:55:13Z,walk,2023-03-16T22:02:21Z,-8.0480664,-34.94996648,142,62
2023-03-16T21:55:13Z,walk,2023-03-16T22:02:22Z,-8.04807407,-34.94995248,142,61
2023-03-16T21:55:13Z,walk,2023-03-16T22:02:23Z,-8.04808773,-34.94994148,141,61
2023-03-16T21:55:13Z,walk,2023-03-16T22:02:24Z,-8.04810373,-34.94993048,141,61
2023-03-16T21:55:13Z,walk,2023-03-16T22:02:25Z,-8.04811472,-34.94991948,141,61
2023-03-16T21:55:13Z,walk,2023-03-16T22:02:26Z,-8.04812039,-34.94990681,141,61
2023-03-16T21:55:13Z,walk,2023-03-16T22:02:27Z,-8.04812338,-34.94989249,141,61
2023-03-16T21:55:13Z,walk,2023-03-16T22:02:28Z,-8.04812605,-34.94987882,141,63
2023-03-16T21:55:13Z,walk,2023-03-16T22:02:29Z,-8.04812771,-34.9498645,140,63
2023-03-16T21:55:13Z,walk,2023-03-16T22:02:30Z,-8.04812837,-34.94985018,140,63
2023-03-16T21:55:13Z,walk,2023-03-16T22:02:31Z,-8.04812805,-34.94983552,140,63
2023-03-16T21:55:13Z,walk,2023-03-16T22:02:32Z,-8.04812805,-34.9498212,139,64
2023-03-16T21:55:13Z,walk,2023-03-16T22:02:33Z,-8.04812738,-34.94980786,139,63
2023-03-16T21:55:13Z,walk,2023-03-16T22:02:34Z,-8.04812771,-34.94979453,139,63
2023-03-16T21:55:13Z,walk,2023-03-16T22:02:35Z,-8.04812771,-34.94978154,140,63
2023-03-16T21:55:13Z,walk,2023-03-16T22:02:36Z,-8.04812506,-34.94976854,140,63
2023-03-16T21:55:13Z,walk,2023-03-16T22:02:37Z,-8.04812006,-34.94975388,140,63
2023-03-16T21:55:13Z,walk,2023-03-16T22:02:38Z,-8.04811373,-34.94973923,140,63
2023-03-16T21:55:13Z,walk,2023-03-16T22:02:39Z,-8.04810807,-34.9497249,140,63
2023-03-16T21:55:13Z,walk,2023-03-16T22:02:40Z,-8.04810141,-34.9497119,140,63
2023-03-16T21:55:13Z,walk,2023-03-16T22:02:41Z,-8.04809475,-34.94970157,140,63
2023-03-16T21:55:13Z,walk,2023-03-16T22:02:42Z,-8.04808775,-34.94969191,141,62
2023-03-16T21:55:13Z,walk,2023-03-16T22:02:43Z,-8.0480801,-34.94968326,141,62
2023-03-16T21:55:13Z,walk,2023-03-16T22:02:44Z,-8.04807343,-34.94967559,142,62
2023-03-16T21:55:13Z,walk,2023-03-16T22:02:45Z,-8.04806611,-34.94967026,142,62
2023-03-16T21:55:13Z,walk,2023-03-16T22:02:46Z,-8.04806177,-34.94966759,142,62
2023-03-16T21:55:13Z,walk,2023-03-16T22:02:48Z,-8.04805311,-34.9496656,143,62
2023-03-16T21:55:13Z,walk,2023-03-16T22:02:49Z,-8.04805244,-34.94966493,143,62
2023-03-16T21:55:13Z,walk,2023-03-16T22:02:50Z,-8.04805012,-34.94966461,143,62
2023-03-16T21:55:13Z,walk,2023-03-16T22:02:51Z,-8.04804578,-34.94966429,143,62
2023-03-16T21:55:13Z,walk,2023-03-16T22:02:52Z,-8.04803979,-34.94966429,143,63
2023-03-16T21:55:13Z,walk,2023-03-16T22:02:53Z,-8.04803046,-34.94966096,143,63
2023-03-16T21:55:13Z,walk,2023-03-16T22:02:54Z,-8.0480208,-34.94965596,142,63
2023-03-16T21:55:13Z,walk,2023-03-16T22:02:55Z,-8.0480108,-34.94964763,142,63
2023-03-16T21:55:13Z,walk,2023-03-16T22:02:57Z,-8.04797315,-34.94963064,141,62
2023-03-16T21:55:13Z,walk,2023-03-16T22:02:58Z,-8.04797082,-34.94962998,140,62
2023-03-16T21:55:13Z,walk,2023-03-16T22:02:59Z,-8.04796249,-34.94963064,138,62
2023-03-16T21:55:13Z,walk,2023-03-16T22:03:00Z,-8.04795216,-34.94963363,138,61
2023-03-16T21:55:13Z,walk,2023-03-16T22:03:01Z,-8.04794116,-34.94963796,138,61
2023-03-16T21:55:13Z,walk,2023-03-16T22:03:02Z,-8.0479295,-34.9496403,138,62
2023-03-16T21:55:13Z,walk,2023-03-16T22:03:03Z,-8.04791751,-34.94964195,138,62
2023-03-16T21:55:13Z,walk,2023-03-16T22:03:04Z,-8.04790584,-34.94964362,138,62
2023-03-16T21:55:13Z,walk,2023-03-16T22:03:05Z,-8.04789051,-34.94964494,138,62
2023-03-16T21:55:13Z,walk,2023-03-16T22:03:06Z,-8.04787719,-34.94964628,139,62
2023-03-16T21:55:13Z,walk,2023-03-16T22:03:07Z,-8.04786486,-34.94964861,139,62
2023-03-16T21:55:13Z,walk,2023-03-16T22:03:08Z,-8.04785487,-34.9496526,139,62
2023-03-16T21:55:13Z,walk,2023-03-16T22:03:09Z,-8.04784387,-34.94965827,139,61
2023-03-16T21:55:13Z,walk,2023-03-16T22:03:10Z,-8.04783221,-34.94966459,139,62
2023-03-16T21:55:13Z,walk,2023-03-16T22:03:11Z,-8.04781722,-34.94967091,140,62
2023-03-16T21:55:13Z,walk,2023-03-16T22:03:12Z,-8.04779789,-34.94967725,139,62
2023-03-16T21:55:13Z,walk,2023-03-16T22:03:13Z,-8.04777723,-34.94968357,139,62
2023-03-16T21:55:13Z,walk,2023-03-16T22:03:14Z,-8.04775824,-34.94968824,138,62
2023-03-16T21:55:13Z,walk,2023-03-16T22:03:15Z,-8.04774091,-34.94969323,138,62
2023-03-16T21:55:13Z,walk,2023-03-16T22:03:16Z,-8.04772358,-34.94969789,138,61
2023-03-16T21:55:13Z,walk,2023-03-16T22:03:17Z,-8.04770691,-34.94970122,137,61
2023-03-16T21:55:13Z,walk,2023-03-16T22:03:18Z,-8.04769025,-34.94970322,137,61
2023-03-16T21:55:13Z,walk,2023-03-16T22:03:19Z,-8.04767426,-34.94970454,137,61
2023-03-16T21:55:13Z,walk,2023-03-16T22:03:20Z,-8.04765792,-34.94970521,137,61
2023-03-16T21:55:13Z,walk,2023-03-16T22:03:21Z,-8.04764327,-34.94970653,137,61
2023-03-16T21:55:13Z,walk,2023-03-16T22:03:22Z,-8.0476286,-34.94970621,137,61
2023-03-16T21:55:13Z,walk,2023-03-16T22:03:23Z,-8.04761361,-34.94970488,137,61
2023-03-16T21:55:13Z,walk,2023-03-16T22:03:24Z,-8.04759861,-34.94970488,137,61
2023-03-16T21:55:13Z,walk,2023-03-16T22:03:25Z,-8.04758195,-34.94970787,137,61
2023-03-16T21:55:13Z,walk,2023-03-16T22:03:26Z,-8.04756429,-34.94971253,137,61
2023-03-16T21:55:13Z,walk,2023-03-16T22:03:27Z,-8.04754696,-34.94971886,138,61
2023-03-16T21:55:13Z,walk,2023-03-16T22:03:28Z,-8.0475293,-34.94972419,138,61
2023-03-16T21:55:13Z,walk,2023-03-16T22:03:29Z,-8.04751031,-34.94972952,138,62
2023-03-16T21:55:13Z,walk,2023-03-16T22:03:30Z,-8.04749098,-34.94973352,138,61
2023-03-16T21:55:13Z,walk,2023-03-16T22:03:31Z,-8.04747199,-34.94973751,139,62
2023-03-16T21:55:13Z,walk,2023-03-16T22:03:32Z,-8.047454,-34.94973884,139,62
2023-03-16T21:55:13Z,walk,2023-03-16T22:03:33Z,-8.04743767,-34.94973983,140,61
2023-03-16T21:55:13Z,walk,2023-03-16T22:03:34Z,-8.04742301,-34.94974049,141,61
2023-03-16T21:55:13Z,walk,2023-03-16T22:03:35Z,-8.04741001,-34.94974115,142,62
2023-03-16T21:55:13Z,walk,2023-03-16T22:03:36Z,-8.04739835,-34.94974315,140,62
2023-03-16T21:55:13Z,walk,2023-03-16T22:03:37Z,-8.04738969,-34.9497458,140,62
2023-03-16T21:55:13Z,walk,2023-03-16T22:03:38Z,-8.0473817,-34.94975014,140,62
2023-03-16T21:55:13Z,walk,2023-03-16T22:03:39Z,-8.04737671,-34.94975679,139,62
2023-03-16T21:55:13Z,walk,2023-03-16T22:03:40Z,-8.04737238,-34.94976679,139,62
2023-03-16T21:55:13Z,walk,2023-03-16T22:03:41Z,-8.04737105,-34.94977878,140,62
2023-03-16T21:55:13Z,walk,2023-03-16T22:03:42Z,-8.04737271,-34.94979177,144,62
2023-03-16T21:55:13Z,walk,2023-03-16T22:03:43Z,-8.04737503,-34.94980377,145,62
2023-03-16T21:55:13Z,walk,2023-03-16T22:03:43Z,-8.04737703,-34.94981643,145,62
2023-03-16T21:55:13Z,walk,2023-03-16T22:03:44Z,-8.04737903,-34.94983143,146,31
2023-03-16T21:55:13Z,walk,2023-03-16T22:03:45Z,-8.04738037,-34.94984675,146,31
2023-03-16T21:55:13Z,walk,2023-03-16T22:03:46Z,-8.04737903,-34.94986309,146,31
2023-03-16T21:55:13Z,walk,2023-03-16T22:03:47Z,-8.04737838,-34.94987874,145,31
2023-03-16T21:55:13Z,walk,2023-03-16T22:03:48Z,-8.04737571,-34.94989174,145,31
2023-03-16T21:55:13Z,walk,2023-03-16T22:03:49Z,-8.04737038,-34.94990508,145,31
2023-03-16T21:55:13Z,walk,2023-03-16T22:03:50Z,-8.04736472,-34.94991874,145,31
2023-03-16T21:55:13Z,walk,2023-03-16T22:03:51Z,-8.04735939,-34.94993173,145,31
2023-03-16T21:55:13Z,walk,2023-03-16T22:03:52Z,-8.04735406,-34.94994507,146,31
2023-03-16T21:55:13Z,walk,2023-03-16T22:03:53Z,-8.04735006,-34.94995907,146,31
2023-03-16T21:55:13Z,walk,2023-03-16T22:03:54Z,-8.04734707,-34.94997372,147,31
2023-03-16T21:55:13Z,walk,2023-03-16T22:03:55Z,-8.04734442,-34.94998906,147,31
2023-03-16T21:55:13Z,walk,2023-03-16T22:03:56Z,-8.04734075,-34.95000205,147,31
2023-03-16T21:55:13Z,walk,2023-03-16T22:03:57Z,-8.04733809,-34.95001605,148,31
2023-03-16T21:55:13Z,walk,2023-03-16T22:03:58Z,-8.04733443,-34.95002938,149,31
2023-03-16T21:55:13Z,walk,2023-03-16T22:03:59Z,-8.04732577,-34.95003471,149,31
2023-03-16T21:55:13Z,walk,2023-03-16T22:04:00Z,-8.04731511,-34.95003604,149,31
2023-03-16T21:55:13Z,walk,2023-03-16T22:04:01Z,-8.04730646,-34.95003804,149,31
2023-03-16T21:55:13Z,walk,2023-03-16T22:04:02Z,-8.04729879,-34.95004237,148,31
2023-03-16T21:55:13Z,walk,2023-03-16T22:04:03Z,-8.04729312,-34.95005103,148,31
2023-03-16T21:55:13Z,walk,2023-03-16T22:04:04Z,-8.04728979,-34.95006268,148,31
2023-03-16T21:55:13Z,walk,2023-03-16T22:04:05Z,-8.04728779,-34.95007434,150,32
2023-03-16T21:55:13Z,walk,2023-03-16T22:04:06Z,-8.04728579,-34.95008633,150,32
2023-03-16T21:55:13Z,walk,2023-03-16T22:04:07Z,-8.04728447,-34.95009799,150,32
2023-03-16T21:55:13Z,walk,2023-03-16T22:04:08Z,-8.04728247,-34.95010999,150,32
2023-03-16T21:55:13Z,walk,2023-03-16T22:04:09Z,-8.04727981,-34.95012064,151,32
2023-03-16T21:55:13Z,walk,2023-03-16T22:04:10Z,-8.04727781,-34.95013031,152,32
2023-03-16T21:55:13Z,walk,2023-03-16T22:04:11Z,-8.04727581,-34.95013997,152,32
2023-03-16T21:55:13Z,walk,2023-03-16T22:04:12Z,-8.04727381,-34.9501483,152,32
2023-03-16T21:55:13Z,walk,2023-03-16T22:04:13Z,-8.04727215,-34.9501583,152,32
2023-03-16T21:55:13Z,walk,2023-03-16T22:04:14Z,-8.04727015,-34.95016762,152,31
2023-03-16T21:55:13Z,walk,2023-03-16T22:04:15Z,-8.04727015,-34.95017329,153,31
2023-03-16T21:55:13Z,walk,2023-03-16T22:04:16Z,-8.04726916,-34.95017995,152,31
2023-03-16T21:55:13Z,walk,2023-03-16T22:04:17Z,-8.04726716,-34.95018528,153,31
2023-03-16T21:55:13Z,walk,2023-03-16T22:04:18Z,-8.04726417,-34.95019095,152,31
2023-03-16T21:55:13Z,walk,2023-03-16T22:04:19Z,-8.04726117,-34.95019495,152,31
2023-03-16T21:55:13Z,walk,2023-03-16T22:04:20Z,-8.04725818,-34.95019995,153,31
2023-03-16T21:55:13Z,walk,2023-03-16T22:04:21Z,-8.04725553,-34.95020427,154,31
2023-03-16T21:55:13Z,walk,2023-03-16T22:04:22Z,-8.04725254,-34.95020793,155,31
2023-03-16T21:55:13Z,walk,2023-03-16T22:04:23Z,-8.04724888,-34.95021293,157,31
2023-03-16T21:55:13Z,walk,2023-03-16T22:04:24Z,-8.04724488,-34.95021793,154,31
2023-03-16T21:55:13Z,walk,2023-03-16T22:04:25Z,-8.04724022,-34.95022425,154,31
2023-03-16T21:55:13Z,walk,2023-03-16T22:04:26Z,-8.04723522,-34.95023057,154,31
2023-03-16T21:55:13Z,walk,2023-03-16T22:04:28Z,-8.04722357,-34.95024857,154,31
2023-03-16T21:55:13Z,walk,2023-03-16T22:04:29Z,-8.04722389,-34.95025124,154,30
2023-03-16T21:55:13Z,walk,2023-03-16T22:04:30Z,-8.04722357,-34.95025523,156,31
2023-03-16T21:55:13Z,walk,2023-03-16T22:04:31Z,-8.04722257,-34.95025822,156,31
2023-03-16T21:55:13Z,walk,2023-03-16T22:04:32Z,-8.04722124,-34.95026154,156,31
2023-03-16T21:55:13Z,walk,2023-03-16T22:04:33Z,-8.04722091,-34.95026488,155,32
2023-03-16T21:55:13Z,walk,2023-03-16T22:04:34Z,-8.04721992,-34.95026853,154,31
2023-03-16T21:55:13Z,walk,2023-03-16T22:04:35Z,-8.04721859,-34.9502712,154,31
2023-03-16T21:55:13Z,walk,2023-03-16T22:04:36Z,-8.04721693,-34.95027519,152,31
2023-03-16T21:55:13Z,walk,2023-03-16T22:04:37Z,-8.04721461,-34.95028019,152,31
2023-03-16T21:55:13Z,walk,2023-03-16T22:04:38Z,-8.04721327,-34.95028719,153,31
2023-03-16T21:55:13Z,walk,2023-03-16T22:04:39Z,-8.04720994,-34.95029252,153,31
2023-03-16T21:55:13Z,walk,2023-03-16T22:04:40Z,-8.04720661,-34.95029885,153,31
2023-03-16T21:55:13Z,walk,2023-03-16T22:04:41Z,-8.04720228,-34.95030584,153,31
2023-03-16T21:55:13Z,walk,2023-03-16T22:04:42Z,-8.04719328,-34.9503125,153,31
2023-03-16T21:55:13Z,walk,2023-03-16T22:04:43Z,-8.04718129,-34.95031883,153,31
2023-03-16T21:55:13Z,walk,2023-03-16T22:04:44Z,-8.04716829,-34.95032482,153,31
2023-03-16T21:55:13Z,walk,2023-03-16T22:04:45Z,-8.0471553,-34.95032982,153,31
2023-03-16T21:55:13Z,walk,2023-03-16T22:04:46Z,-8.04714264,-34.95033347,152,31
2023-03-16T21:55:13Z,walk,2023-03-16T22:04:47Z,-8.04712931,-34.95033747,152,31
2023-03-16T21:55:13Z,walk,2023-03-16T22:04:48Z,-8.04711531,-34.95034046,155,31
2023-03-16T21:55:13Z,walk,2023-03-16T22:04:49Z,-8.04710231,-34.95034145,155,31
2023-03-16T21:55:13Z,walk,2023-03-16T22:04:50Z,-8.04708832,-34.95033979,155,31
2023-03-16T21:55:13Z,walk,2023-03-16T22:04:51Z,-8.04707266,-34.95033546,155,31
2023-03-16T21:55:13Z,walk,2023-03-16T22:04:52Z,-8.04705533,-34.95033046,155,31
2023-03-16T21:55:13Z,walk,2023-03-16T22:04:53Z,-8.04703667,-34.95032414,155,64
2023-03-16T21:55:13Z,walk,2023-03-16T22:04:54Z,-8.047017,-34.95032014,153,64
2023-03-16T21:55:13Z,walk,2023-03-16T22:04:55Z,-8.04699733,-34.95031615,153,64
2023-03-16T21:55:13Z,walk,2023-03-16T22:04:56Z,-8.04697734,-34.95031215,153,64
2023-03-16T21:55:13Z,walk,2023-03-16T22:04:57Z,-8.04695601,-34.95030683,153,64
2023-03-16T21:55:13Z,walk,2023-03-16T22:04:58Z,-8.04693335,-34.95030149,152,64
2023-03-16T21:55:13Z,walk,2023-03-16T22:04:59Z,-8.04691303,-34.95029383,152,64
2023-03-16T21:55:13Z,walk,2023-03-16T22:05:00Z,-8.04689371,-34.95028549,149,64
2023-03-16T21:55:13Z,walk,2023-03-16T22:05:01Z,-8.04687704,-34.95027884,149,64
2023-03-16T21:55:13Z,walk,2023-03-16T22:05:02Z,-8.04686171,-34.95027384,149,64
2023-03-16T21:55:13Z,walk,2023-03-16T22:05:03Z,-8.04684805,-34.95027318,149,64
2023-03-16T21:55:13Z,walk,2023-03-16T22:05:04Z,-8.04683338,-34.95027251,149,64
2023-03-16T21:55:13Z,walk,2023-03-16T22:05:05Z,-8.04681873,-34.95027052,148,64
2023-03-16T21:55:13Z,walk,2023-03-16T22:05:06Z,-8.04680507,-34.95026886,147,64
2023-03-16T21:55:13Z,walk,2023-03-16T22:05:07Z,-8.04678974,-34.95026719,146,63
2023-03-16T21:55:13Z,walk,2023-03-16T22:05:08Z,-8.04677507,-34.95026587,146,63
2023-03-16T21:55:13Z,walk,2023-03-16T22:05:09Z,-8.04676141,-34.95026652,146,63
2023-03-16T21:55:13Z,walk,2023-03-16T22:05:10Z,-8.04674908,-34.95026786,146,63
2023-03-16T21:55:13Z,walk,2023-03-16T22:05:11Z,-8.04673742,-34.95026851,146,63
2023-03-16T21:55:13Z,walk,2023-03-16T22:05:12Z,-8.04672476,-34.95026884,145,63
2023-03-16T21:55:13Z,walk,2023-03-16T22:05:13Z,-8.04671243,-34.9502705,145,64
2023-03-16T21:55:13Z,walk,2023-03-16T22:05:14Z,-8.04669811,-34.95027149,145,64
2023-03-16T21:55:13Z,walk,2023-03-16T22:05:15Z,-8.04668344,-34.95027215,145,63
2023-03-16T21:55:13Z,walk,2023-03-16T22:05:16Z,-8.04666944,-34.95027281,145,63
2023-03-16T21:55:13Z,walk,2023-03-16T22:05:17Z,-8.04665544,-34.95027314,144,63
2023-03-16T21:55:13Z,walk,2023-03-16T22:05:18Z,-8.04664212,-34.9502738,144,63
2023-03-16T21:55:13Z,walk,2023-03-16T22:05:19Z,-8.04663245,-34.9502758,144,63
2023-03-16T21:55:13Z,walk,2023-03-16T22:05:20Z,-8.04662013,-34.95027812,144,63
2023-03-16T21:55:13Z,walk,2023-03-16T22:05:21Z,-8.0466088,-34.95028145,145,63
2023-03-16T21:55:13Z,walk,2023-03-16T22:05:22Z,-8.04660281,-34.95028712,145,63
2023-03-16T21:55:13Z,walk,2023-03-16T22:05:23Z,-8.04660014,-34.95029279,146,63
2023-03-16T21:55:13Z,walk,2023-03-16T22:05:24Z,-8.04660014,-34.95030011,147,64
2023-03-16T21:55:13Z,walk,2023-03-16T22:05:25Z,-8.04659982,-34.95030877,147,64
2023-03-16T21:55:13Z,walk,2023-03-16T22:05:26Z,-8.04659815,-34.95031843,147,64
2023-03-16T21:55:13Z,walk,2023-03-16T22:05:27Z,-8.04659683,-34.95032709,147,64
2023-03-16T21:55:13Z,walk,2023-03-16T22:05:28Z,-8.04659484,-34.95033475,146,64
2023-03-16T21:55:13Z,walk,2023-03-16T22:05:29Z,-8.0465945,-34.95034175,145,64
2023-03-16T21:55:13Z,walk,2023-03-16T22:05:30Z,-8.04659784,-34.95035107,145,64
2023-03-16T21:55:13Z,walk,2023-03-16T22:05:31Z,-8.04660416,-34.95035874,145,64
2023-03-16T21:55:13Z,walk,2023-03-16T22:05:32Z,-8.04661183,-34.95036573,145,64
2023-03-16T21:55:13Z,walk,2023-03-16T22:05:33Z,-8.04662216,-34.95037106,145,64
2023-03-16T21:55:13Z,walk,2023-03-16T22:05:34Z,-8.04663515,-34.95037339,145,64
2023-03-16T21:55:13Z,walk,2023-03-16T22:05:35Z,-8.04665048,-34.95037439,145,64
2023-03-16T21:55:13Z,walk,2023-03-16T22:05:36Z,-8.04666781,-34.95037505,145,64
2023-03-16T21:55:13Z,walk,2023-03-16T22:05:37Z,-8.04668447,-34.95037671,144,63
2023-03-16T21:55:13Z,walk,2023-03-16T22:05:38Z,-8.04670114,-34.95037936,144,63
2023-03-16T21:55:13Z,walk,2023-03-16T22:05:39Z,-8.04671847,-34.95038336,144,63
2023-03-16T21:55:13Z,walk,2023-03-16T22:05:40Z,-8.04673446,-34.95038603,144,63
2023-03-16T21:55:13Z,walk,2023-03-16T22:05:41Z,-8.04674879,-34.95038769,144,64
2023-03-16T21:55:13Z,walk,2023-03-16T22:05:42Z,-8.04676245,-34.95039068,144,63
2023-03-16T21:55:13Z,walk,2023-03-16T22:05:43Z,-8.04677645,-34.95039601,143,63
2023-03-16T21:55:13Z,walk,2023-03-16T22:05:44Z,-8.04679045,-34.95040101,143,63
2023-03-16T21:55:13Z,walk,2023-03-16T22:05:45Z,-8.04680445,-34.95040601,142,63
2023-03-16T21:55:13Z,walk,2023-03-16T22:05:46Z,-8.04681678,-34.95041067,142,63
2023-03-16T21:55:13Z,walk,2023-03-16T22:05:47Z,-8.04683143,-34.95041367,142,63
2023-03-16T21:55:13Z,walk,2023-03-16T22:05:48Z,-8.04684543,-34.950413,142,63
2023-03-16T21:55:13Z,walk,2023-03-16T22:05:49Z,-8.04685843,-34.95040968,141,63
2023-03-16T21:55:13Z,walk,2023-03-16T22:05:50Z,-8.04687309,-34.95040768,141,63
2023-03-16T21:55:13Z,walk,2023-03-16T22:05:51Z,-8.04688809,-34.95040602,141,63
2023-03-16T21:55:13Z,walk,2023-03-16T22:05:52Z,-8.04690141,-34.9504057,142,63
2023-03-16T21:55:13Z,walk,2023-03-16T22:05:53Z,-8.04691507,-34.95040702,142,63
2023-03-16T21:55:13Z,walk,2023-03-16T22:05:54Z,-8.04692774,-34.95040902,143,63
2023-03-16T21:55:13Z,walk,2023-03-16T22:05:55Z,-8.04694174,-34.95041102,145,63
2023-03-16T21:55:13Z,walk,2023-03-16T22:05:57Z,-8.04695639,-34.95041335,145,63
2023-03-16T21:55:13Z,walk,2023-03-16T22:05:57Z,-8.04697239,-34.95041601,145,63
2023-03-16T21:55:13Z,walk,2023-03-16T22:05:58Z,-8.04698938,-34.95042001,145,63
2023-03-16T21:55:13Z,walk,2023-03-16T22:05:59Z,-8.04700604,-34.95042201,146,63
2023-03-16T21:55:13Z,walk,2023-03-16T22:06:00Z,-8.04702204,-34.95042367,146,63
2023-03-16T21:55:13Z,walk,2023-03-16T22:06:01Z,-8.04703836,-34.95042466,145,63
2023-03-16T21:55:13Z,walk,2023-03-16T22:06:02Z,-8.04705536,-34.95042566,145,63
2023-03-16T21:55:13Z,walk,2023-03-16T22:06:03Z,-8.04707102,-34.95042665,145,63
2023-03-16T21:55:13Z,walk,2023-03-16T22:06:04Z,-8.04708601,-34.95042665,145,63
2023-03-16T21:55:13Z,walk,2023-03-16T22:06:05Z,-8.047101,-34.95042599,145,63
2023-03-16T21:55:13Z,walk,2023-03-16T22:06:06Z,-8.047116,-34.95042599,145,64
2023-03-16T21:55:13Z,walk,2023-03-16T22:06:07Z,-8.04712932,-34.95042631,146,64
2023-03-16T21:55:13Z,walk,2023-03-16T22:06:08Z,-8.04714431,-34.95042566,146,64
2023-03-16T21:55:13Z,walk,2023-03-16T22:06:09Z,-8.0471593,-34.95042432,145,64
2023-03-16T21:55:13Z,walk,2023-03-16T22:06:10Z,-8.0471733,-34.950423,145,65
2023-03-16T21:55:13Z,walk,2023-03-16T22:06:11Z,-8.04718597,-34.95042133,147,65
2023-03-16T21:55:13Z,walk,2023-03-16T22:06:12Z,-8.04719764,-34.95042101,148,64
2023-03-16T21:55:13Z,walk,2023-03-16T22:06:13Z,-8.04720763,-34.95042167,149,64
2023-03-16T21:55:13Z,walk,2023-03-16T22:06:14Z,-8.04722062,-34.95042267,149,64
2023-03-16T21:55:13Z,walk,2023-03-16T22:06:15Z,-8.04723728,-34.95042599,149,64
2023-03-16T21:55:13Z,walk,2023-03-16T22:06:16Z,-8.04725395,-34.95042898,150,64
2023-03-16T21:55:13Z,walk,2023-03-16T22:06:17Z,-8.04727128,-34.95043131,150,64
2023-03-16T21:55:13Z,walk,2023-03-16T22:06:18Z,-8.04728694,-34.95043264,150,64
2023-03-16T21:55:13Z,walk,2023-03-16T22:06:19Z,-8.0473016,-34.95043529,151,64
2023-03-16T21:55:13Z,walk,2023-03-16T22:06:20Z,-8.04731693,-34.95044128,151,64
2023-03-16T21:55:13Z,walk,2023-03-16T22:06:21Z,-8.0473316,-34.95044662,150,65
2023-03-16T21:55:13Z,walk,2023-03-16T22:06:22Z,-8.04734492,-34.95045062,150,64
2023-03-16T21:55:13Z,walk,2023-03-16T22:06:23Z,-8.04735759,-34.95045461,150,64
2023-03-16T21:55:13Z,walk,2023-03-16T22:06:24Z,-8.04736859,-34.9504556,150,65
2023-03-16T21:55:13Z,walk,2023-03-16T22:06:25Z,-8.04737791,-34.95045825,151,65
2023-03-16T21:55:13Z,walk,2023-03-16T22:06:26Z,-8.04738691,-34.95046359,150,65
2023-03-16T21:55:13Z,walk,2023-03-16T22:06:27Z,-8.04739591,-34.95046958,150,65
2023-03-16T21:55:13Z,walk,2023-03-16T22:06:28Z,-8.04740624,-34.95047458,150,64
2023-03-16T21:55:13Z,walk,2023-03-16T22:06:29Z,-8.04741623,-34.95047723,149,63
2023-03-16T21:55:13Z,walk,2023-03-16T22:06:30Z,-8.0474289,-34.95047823,149,64
2023-03-16T21:55:13Z,walk,2023-03-16T22:06:31Z,-8.04744256,-34.9504769,151,64
2023-03-16T21:55:13Z,walk,2023-03-16T22:06:32Z,-8.04745622,-34.95047558,152,64
2023-03-16T21:55:13Z,walk,2023-03-16T22:06:33Z,-8.04747055,-34.95047491,152,64
2023-03-16T21:55:13Z,walk,2023-03-16T22:06:34Z,-8.04748455,-34.95047491,152,63
2023-03-16T21:55:13Z,walk,2023-03-16T22:06:35Z,-8.04749854,-34.95047691,152,62
2023-03-16T21:55:13Z,walk,2023-03-16T22:06:36Z,-8.04751154,-34.9504799,152,62
2023-03-16T21:55:13Z,walk,2023-03-16T22:06:37Z,-8.04752619,-34.95048157,152,62
2023-03-16T21:55:13Z,walk,2023-03-16T22:06:38Z,-8.04754453,-34.95048422,152,65
2023-03-16T21:55:13Z,walk,2023-03-16T22:06:39Z,-8.04756119,-34.95048922,152,65
2023-03-16T21:55:13Z,walk,2023-03-16T22:06:40Z,-8.04757552,-34.95049421,152,66
2023-03-16T21:55:13Z,walk,2023-03-16T22:06:41Z,-8.04758718,-34.95049888,152,64
2023-03-16T21:55:13Z,walk,2023-03-16T22:06:42Z,-8.04759584,-34.95050088,151,63
2023-03-16T21:55:13Z,walk,2023-03-16T22:06:43Z,-8.04760383,-34.9505022,151,63
2023-03-16T21:55:13Z,walk,2023-03-16T22:06:44Z,-8.0476095,-34.95050253,151,63
2023-03-16T21:55:13Z,walk,2023-03-16T22:06:45Z,-8.04761683,-34.95050053,151,63
2023-03-16T21:55:13Z,walk,2023-03-16T22:06:46Z,-8.04762549,-34.95049787,151,63
2023-03-16T21:55:13Z,walk,2023-03-16T22:06:47Z,-8.04763614,-34.9504952,151,63
2023-03-16T21:55:13Z,walk,2023-03-16T22:06:48Z,-8.04764748,-34.95049221,151,64
2023-03-16T21:55:13Z,walk,2023-03-16T22:06:49Z,-8.04765848,-34.95048821,149,64
2023-03-16T21:55:13Z,walk,2023-03-16T22:06:50Z,-8.04767047,-34.95048489,147,63
2023-03-16T21:55:13Z,walk,2023-03-16T22:06:51Z,-8.04768346,-34.95048256,147,63
2023-03-16T21:55:13Z,walk,2023-03-16T22:06:52Z,-8.04769812,-34.95048157,147,63
2023-03-16T21:55:13Z,walk,2023-03-16T22:06:53Z,-8.04771578,-34.9504799,147,64
2023-03-16T21:55:13Z,walk,2023-03-16T22:06:54Z,-8.04773511,-34.95047757,147,65
2023-03-16T21:55:13Z,walk,2023-03-16T22:06:55Z,-8.0477541,-34.95047458,148,64
2023-03-16T21:55:13Z,walk,2023-03-16T22:06:56Z,-8.0477741,-34.95047191,147,63
2023-03-16T21:55:13Z,walk,2023-03-16T22:06:57Z,-8.04779243,-34.95047025,147,63
2023-03-16T21:55:13Z,walk,2023-03-16T22:06:58Z,-8.04780843,-34.95046959,147,63
2023-03-16T21:55:13Z,walk,2023-03-16T22:06:59Z,-8.04782308,-34.95047159,147,63
2023-03-16T21:55:13Z,walk,2023-03-16T22:07:00Z,-8.04783642,-34.95047724,147,64
2023-03-16T21:55:13Z,walk,2023-03-16T22:07:01Z,-8.04785074,-34.95048023,146,63
2023-03-16T21:55:13Z,walk,2023-03-16T22:07:02Z,-8.04786307,-34.95048322,145,63
2023-03-16T21:55:13Z,walk,2023-03-16T22:07:03Z,-8.0478734,-34.95048489,145,63
2023-03-16T21:55:13Z,walk,2023-03-16T22:07:04Z,-8.04788273,-34.95048689,144,63
2023-03-16T21:55:13Z,walk,2023-03-16T22:07:05Z,-8.04789272,-34.95049021,143,64
2023-03-16T21:55:13Z,walk,2023-03-16T22:07:06Z,-8.04790105,-34.95049487,144,62
2023-03-16T21:55:13Z,walk,2023-03-16T22:07:07Z,-8.04790872,-34.95050454,144,62
2023-03-16T21:55:13Z,walk,2023-03-16T22:07:08Z,-8.04791471,-34.95051619,144,63
2023-03-16T21:55:13Z,walk,2023-03-16T22:07:09Z,-8.04791904,-34.95053152,144,63
2023-03-16T21:55:13Z,walk,2023-03-16T22:07:10Z,-8.04792203,-34.95054518,145,63
2023-03-16T21:55:13Z,walk,2023-03-16T22:07:11Z,-8.04792569,-34.95055752,145,64
2023-03-16T21:55:13Z,walk,2023-03-16T22:07:12Z,-8.04792935,-34.95056818,145,63
2023-03-16T21:55:13Z,walk,2023-03-16T22:07:13Z,-8.04793434,-34.95057952,146,62
2023-03-16T21:55:13Z,walk,2023-03-16T22:07:14Z,-8.04793999,-34.95059151,146,62
2023-03-16T21:55:13Z,walk,2023-03-16T22:07:15Z,-8.04794433,-34.95060283,146,62
2023-03-16T21:55:13Z,walk,2023-03-16T22:07:16Z,-8.04794599,-34.9506135,146,62
2023-03-16T21:55:13Z,walk,2023-03-16T22:07:17Z,-8.04794832,-34.95062249,146,63
2023-03-16T21:55:13Z,walk,2023-03-16T22:07:18Z,-8.04795064,-34.95063481,147,63
2023-03-16T21:55:13Z,walk,2023-03-16T22:07:19Z,-8.04795197,-34.95064881,147,63
2023-03-16T21:55:13Z,walk,2023-03-16T22:07:20Z,-8.04795164,-34.95066448,148,63
2023-03-16T21:55:13Z,walk,2023-03-16T22:07:21Z,-8.04795097,-34.95067913,148,63
2023-03-16T21:55:13Z,walk,2023-03-16T22:07:22Z,-8.04795064,-34.95069513,149,63
2023-03-16T21:55:13Z,walk,2023-03-16T22:07:23Z,-8.04795032,-34.95071079,150,63
2023-03-16T21:55:13Z,walk,2023-03-16T22:07:24Z,-8.04795064,-34.95072679,150,62
2023-03-16T21:55:13Z,walk,2023-03-16T22:07:25Z,-8.04794998,-34.95074312,149,62
2023-03-16T21:55:13Z,walk,2023-03-16T22:07:26Z,-8.04794998,-34.95075878,148,62
2023-03-16T21:55:13Z,walk,2023-03-16T22:07:27Z,-8.04795031,-34.95077378,148,62
2023-03-16T21:55:13Z,walk,2023-03-16T22:07:28Z,-8.04795296,-34.95078778,148,63
2023-03-16T21:55:13Z,walk,2023-03-16T22:07:29Z,-8.04795629,-34.95079977,148,63
2023-03-16T21:55:13Z,walk,2023-03-16T22:07:30Z,-8.04796128,-34.95081077,148,63
2023-03-16T21:55:13Z,walk,2023-03-16T22:07:31Z,-8.04796561,-34.95082009,148,63
2023-03-16T21:55:13Z,walk,2023-03-16T22:07:32Z,-8.04797261,-34.95082875,148,63
2023-03-16T21:55:13Z,walk,2023-03-16T22:07:33Z,-8.04798127,-34.95083608,148,63
2023-03-16T21:55:13Z,walk,2023-03-16T22:07:34Z,-8.04799192,-34.95084374,148,63
2023-03-16T21:55:13Z,walk,2023-03-16T22:07:35Z,-8.04800258,-34.95085174,147,63
2023-03-16T21:55:13Z,walk,2023-03-16T22:07:36Z,-8.04801324,-34.95085807,147,63
2023-03-16T21:55:13Z,walk,2023-03-16T22:07:37Z,-8.0480239,-34.95086473,147,62
2023-03-16T21:55:13Z,walk,2023-03-16T22:07:38Z,-8.04803456,-34.95087006,148,62
2023-03-16T21:55:13Z,walk,2023-03-16T22:07:39Z,-8.04804556,-34.9508754,147,62
2023-03-16T21:55:13Z,walk,2023-03-16T22:07:40Z,-8.04805522,-34.95088005,147,62
2023-03-16T21:55:13Z,walk,2023-03-16T22:07:41Z,-8.04806588,-34.95088372,146,62
2023-03-16T21:55:13Z,walk,2023-03-16T22:07:42Z,-8.04807687,-34.95088605,146,64
2023-03-16T21:55:13Z,walk,2023-03-16T22:07:43Z,-8.04808787,-34.95088938,146,64
2023-03-16T21:55:13Z,walk,2023-03-16T22:07:44Z,-8.04809921,-34.95089437,144,65
2023-03-16T21:55:13Z,walk,2023-03-16T22:07:45Z,-8.0481102,-34.95089937,144,65
2023-03-16T21:55:13Z,walk,2023-03-16T22:07:46Z,-8.04811985,-34.9509037,144,65
2023-03-16T21:55:13Z,walk,2023-03-16T22:07:47Z,-8.04812919,-34.95090903,145,65
2023-03-16T21:55:13Z,walk,2023-03-16T22:07:48Z,-8.04813752,-34.95091502,145,63
2023-03-16T21:55:13Z,walk,2023-03-16T22:07:49Z,-8.04814652,-34.95092036,145,63
2023-03-16T21:55:13Z,walk,2023-03-16T22:07:50Z,-8.04815451,-34.95092269,145,63
2023-03-16T21:55:13Z,walk,2023-03-16T22:07:51Z,-8.04816284,-34.95092501,145,62
2023-03-16T21:55:13Z,walk,2023-03-16T22:07:52Z,-8.04817051,-34.95092701,145,62
2023-03-16T21:55:13Z,walk,2023-03-16T22:07:53Z,-8.04817884,-34.95092835,145,62
2023-03-16T21:55:13Z,walk,2023-03-16T22:07:54Z,-8.04818784,-34.95093134,145,62
2023-03-16T21:55:13Z,walk,2023-03-16T22:07:55Z,-8.04819684,-34.95094166,145,62
2023-03-16T21:55:13Z,walk,2023-03-16T22:07:56Z,-8.04820683,-34.95095632,146,60
2023-03-16T21:55:13Z,walk,2023-03-16T22:07:57Z,-8.04821817,-34.95097332,146,60
2023-03-16T21:55:13Z,walk,2023-03-16T22:07:58Z,-8.04823082,-34.95099597,146,59
2023-03-16T21:55:13Z,walk,2023-03-16T22:07:58Z,-8.04824448,-34.9510223,146,59
2023-03-16T21:55:13Z,walk,2023-03-16T22:07:59Z,-8.04825948,-34.95105095,146,59
2023-03-16T21:55:13Z,walk,2023-03-16T22:08:00Z,-8.0482758,-34.95107728,146,59
2023-03-16T21:55:13Z,walk,2023-03-16T22:08:01Z,-8.04829114,-34.95110361,145,59
2023-03-16T21:55:13Z,walk,2023-03-16T22:08:02Z,-8.04830379,-34.95112861,145,59
2023-03-16T21:55:13Z,walk,2023-03-16T22:08:03Z,-8.04831378,-34.95115127,143,61
2023-03-16T21:55:13Z,walk,2023-03-16T22:08:04Z,-8.04832278,-34.95117192,142,61
2023-03-16T21:55:13Z,walk,2023-03-16T22:08:05Z,-8.04832944,-34.95118925,141,61
2023-03-16T21:55:13Z,walk,2023-03-16T22:08:06Z,-8.04833511,-34.95120491,141,61
2023-03-16T21:55:13Z,walk,2023-03-16T22:08:07Z,-8.04833911,-34.95121957,140,61
2023-03-16T21:55:13Z,walk,2023-03-16T22:08:08Z,-8.0483431,-34.95123389,140,61
2023-03-16T21:55:13Z,walk,2023-03-16T22:08:09Z,-8.0483491,-34.95124855,140,61
2023-03-16T21:55:13Z,walk,2023-03-16T22:08:10Z,-8.04835743,-34.95126588,140,61
2023-03-16T21:55:13Z,walk,2023-03-16T22:08:11Z,-8.04836542,-34.95128121,140,63
2023-03-16T21:55:13Z,walk,2023-03-16T22:08:12Z,-8.04837209,-34.95129653,140,63
2023-03-16T21:55:13Z,walk,2023-03-16T22:08:13Z,-8.04837909,-34.9513082,140,63
2023-03-16T21:55:13Z,walk,2023-03-16T22:08:14Z,-8.04838408,-34.95131852,139,63
2023-03-16T21:55:13Z,walk,2023-03-16T22:08:15Z,-8.04838874,-34.95132519,139,63
2023-03-16T21:55:13Z,walk,2023-03-16T22:08:16Z,-8.0483934,-34.95133151,140,63
2023-03-16T21:55:13Z,walk,2023-03-16T22:08:17Z,-8.04839706,-34.95133618,140,63
2023-03-16T21:55:13Z,walk,2023-03-16T22:08:18Z,-8.04840205,-34.95134383,140,63
2023-03-16T21:55:13Z,walk,2023-03-16T22:08:19Z,-8.04840738,-34.95135617,140,63
2023-03-16T21:55:13Z,walk,2023-03-16T22:08:20Z,-8.04841338,-34.95136849,140,63
2023-03-16T21:55:13Z,walk,2023-03-16T22:08:21Z,-8.04842038,-34.95138081,140,63
2023-03-16T21:55:13Z,walk,2023-03-16T22:08:22Z,-8.0484267,-34.95139181,139,63
2023-03-16T21:55:13Z,walk,2023-03-16T22:08:23Z,-8.0484337,-34.95140248,139,64
2023-03-16T21:55:13Z,walk,2023-03-16T22:08:24Z,-8.04844169,-34.95141615,139,64
2023-03-16T21:55:13Z,walk,2023-03-16T22:08:25Z,-8.04844736,-34.95142981,138,63
2023-03-16T21:55:13Z,walk,2023-03-16T22:08:26Z,-8.04845102,-34.9514428,138,63
2023-03-16T21:55:13Z,walk,2023-03-16T22:08:27Z,-8.04845467,-34.95145814,138,63
2023-03-16T21:55:13Z,walk,2023-03-16T22:08:28Z,-8.04845734,-34.9514738,137,63
2023-03-16T21:55:13Z,walk,2023-03-16T22:08:29Z,-8.04845866,-34.95148813,137,63
2023-03-16T21:55:13Z,walk,2023-03-16T22:08:30Z,-8.04845834,-34.95150278,137,63
2023-03-16T21:55:13Z,walk,2023-03-16T22:08:31Z,-8.04845834,-34.95151577,137,64
2023-03-16T21:55:13Z,walk,2023-03-16T22:08:32Z,-8.04845933,-34.95152844,137,64
2023-03-16T21:55:13Z,walk,2023-03-16T22:08:33Z,-8.04845866,-34.9515401,137,64
2023-03-16T21:55:13Z,walk,2023-03-16T22:08:34Z,-8.04845734,-34.95155142,137,64
2023-03-16T21:55:13Z,walk,2023-03-16T22:08:35Z,-8.04845534,-34.95156108,138,64
2023-03-16T21:55:13Z,walk,2023-03-16T22:08:36Z,-8.04845302,-34.95157208,139,63
2023-03-16T21:55:13Z,walk,2023-03-16T22:08:37Z,-8.04845069,-34.95158408,139,63
2023-03-16T21:55:13Z,walk,2023-03-16T22:08:38Z,-8.04844869,-34.95159774,138,64
2023-03-16T21:55:13Z,walk,2023-03-16T22:08:39Z,-8.04844469,-34.9516114,138,64
2023-03-16T21:55:13Z,walk,2023-03-16T22:08:40Z,-8.0484417,-34.95162373,138,64
2023-03-16T21:55:13Z,walk,2023-03-16T22:08:41Z,-8.04843905,-34.95163372,138,64
2023-03-16T21:55:13Z,walk,2023-03-16T22:08:42Z,-8.04843739,-34.95164639,137,64
2023-03-16T21:55:13Z,walk,2023-03-16T22:08:43Z,-8.04843639,-34.95165938,137,64
2023-03-16T21:55:13Z,walk,2023-03-16T22:08:44Z,-8.04843373,-34.95167205,137,64
2023-03-16T21:55:13Z,walk,2023-03-16T22:08:45Z,-8.04843007,-34.95168571,137,64
2023-03-16T21:55:13Z,walk,2023-03-16T22:08:46Z,-8.04842607,-34.95170104,137,64
2023-03-16T21:55:13Z,walk,2023-03-16T22:08:47Z,-8.04842274,-34.95171803,137,64
2023-03-16T21:55:13Z,walk,2023-03-16T22:08:48Z,-8.04842074,-34.95173436,137,65
2023-03-16T21:55:13Z,walk,2023-03-16T22:08:49Z,-8.04841942,-34.95175003,137,64
2023-03-16T21:55:13Z,walk,2023-03-16T22:08:50Z,-8.0484171,-34.95176669,136,64
2023-03-16T21:55:13Z,walk,2023-03-16T22:08:51Z,-8.0484151,-34.95178402,136,64
2023-03-16T21:55:13Z,walk,2023-03-16T22:08:52Z,-8.04841344,-34.95180101,136,64
2023-03-16T21:55:13Z,walk,2023-03-16T22:08:53Z,-8.04841177,-34.95181734,136,64
2023-03-16T21:55:13Z,walk,2023-03-16T22:08:54Z,-8.04840778,-34.95182666,136,64
2023-03-16T21:55:13Z,walk,2023-03-16T22:08:55Z,-8.04840445,-34.95183133,137,63
2023-03-16T21:55:13Z,walk,2023-03-16T22:08:56Z,-8.04840079,-34.95183165,139,64
2023-03-16T21:55:13Z,walk,2023-03-16T22:08:57Z,-8.04839713,-34.95183133,139,64
2023-03-16T21:55:13Z,walk,2023-03-16T22:08:58Z,-8.0483918,-34.95183332,140,64
2023-03-16T21:55:13Z,walk,2023-03-16T22:08:59Z,-8.04838681,-34.95183432,140,63
2023-03-16T21:55:13Z,walk,2023-03-16T22:09:00Z,-8.04838448,-34.95183898,141,64
2023-03-16T21:55:13Z,walk,2023-03-16T22:09:01Z,-8.04838515,-34.95185063,141,64
2023-03-16T21:55:13Z,walk,2023-03-16T22:09:02Z,-8.0483878,-34.95186597,141,64
2023-03-16T21:55:13Z,walk,2023-03-16T22:09:03Z,-8.04838946,-34.95188329,141,64
2023-03-16T21:55:13Z,walk,2023-03-16T22:09:04Z,-8.04839046,-34.95190229,141,64
2023-03-16T21:55:13Z,walk,2023-03-16T22:09:05Z,-8.04839246,-34.95192429,141,64
2023-03-16T21:55:13Z,walk,2023-03-16T22:09:06Z,-8.04839313,-34.95194595,141,64
2023-03-16T21:55:13Z,walk,2023-03-16T22:09:07Z,-8.04839246,-34.9519656,141,64
2023-03-16T21:55:13Z,walk,2023-03-16T22:09:08Z,-8.04839146,-34.95198427,140,64
2023-03-16T21:55:13Z,walk,2023-03-16T22:09:09Z,-8.04839079,-34.9520006,140,64
2023-03-16T21:55:13Z,walk,2023-03-16T22:09:10Z,-8.04839113,-34.95201526,140,64
2023-03-16T21:55:13Z,walk,2023-03-16T22:09:11Z,-8.04839046,-34.95203092,140,64
2023-03-16T21:55:13Z,walk,2023-03-16T22:09:12Z,-8.04838979,-34.95204658,141,64
2023-03-16T21:55:13Z,walk,2023-03-16T22:09:13Z,-8.04838646,-34.95206258,141,64
2023-03-16T21:55:13Z,walk,2023-03-16T22:09:14Z,-8.0483838,-34.95207957,143,64
2023-03-16T21:55:13Z,walk,2023-03-16T22:09:15Z,-8.04838114,-34.9520969,143,64
2023-03-16T21:55:13Z,walk,2023-03-16T22:09:16Z,-8.04838081,-34.95211455,142,63
2023-03-16T21:55:13Z,walk,2023-03-16T22:09:17Z,-8.04838215,-34.95213122,142,64
2023-03-16T21:55:13Z,walk,2023-03-16T22:09:18Z,-8.04838347,-34.95214689,143,63
2023-03-16T21:55:13Z,walk,2023-03-16T22:09:19Z,-8.04838479,-34.95216021,143,64
2023-03-16T21:55:13Z,walk,2023-03-16T22:09:20Z,-8.04838313,-34.95217254,144,65
2023-03-16T21:55:13Z,walk,2023-03-16T22:09:21Z,-8.04838047,-34.95218321,144,65
2023-03-16T21:55:13Z,walk,2023-03-16T22:09:22Z,-8.04837681,-34.95219553,145,65
2023-03-16T21:55:13Z,walk,2023-03-16T22:09:23Z,-8.04837115,-34.95221187,146,64
2023-03-16T21:55:13Z,walk,2023-03-16T22:09:24Z,-8.04836782,-34.95223087,146,64
2023-03-16T21:55:13Z,walk,2023-03-16T22:09:25Z,-8.0483665,-34.95225052,147,64
2023-03-16T21:55:13Z,walk,2023-03-16T22:09:26Z,-8.04836484,-34.95226851,147,64
2023-03-16T21:55:13Z,walk,2023-03-16T22:09:27Z,-8.04836517,-34.95228617,146,64
2023-03-16T21:55:13Z,walk,2023-03-16T22:09:28Z,-8.04836549,-34.9523045,146,64
2023-03-16T21:55:13Z,walk,2023-03-16T22:09:29Z,-8.04836517,-34.95232183,146,64
2023-03-16T21:55:13Z,walk,2023-03-16T22:09:30Z,-8.04836383,-34.95233783,146,65
2023-03-16T21:55:13Z,walk,2023-03-16T22:09:31Z,-8.04836217,-34.95235515,145,65
2023-03-16T21:55:13Z,walk,2023-03-16T22:09:32Z,-8.04836018,-34.95237214,144,65
2023-03-16T21:55:13Z,walk,2023-03-16T22:09:33Z,-8.04835884,-34.95238813,144,65
2023-03-16T21:55:13Z,walk,2023-03-16T22:09:34Z,-8.04835851,-34.95240313,144,65
2023-03-16T21:55:13Z,walk,2023-03-16T22:09:35Z,-8.04835951,-34.95241713,144,65
2023-03-16T21:55:13Z,walk,2023-03-16T22:09:36Z,-8.0483605,-34.9524308,143,65
2023-03-16T21:55:13Z,walk,2023-03-16T22:09:37Z,-8.04836349,-34.95244345,143,65
2023-03-16T21:55:13Z,walk,2023-03-16T22:09:38Z,-8.04836782,-34.95245544,143,65
2023-03-16T21:55:13Z,walk,2023-03-16T22:09:39Z,-8.04837448,-34.95246711,142,64
2023-03-16T21:55:13Z,walk,2023-03-16T22:09:40Z,-8.04838215,-34.9524771,142,64
2023-03-16T21:55:13Z,walk,2023-03-16T22:09:41Z,-8.04839048,-34.95248642,142,64
2023-03-16T21:55:13Z,walk,2023-03-16T22:09:42Z,-8.04839948,-34.95249709,142,64
2023-03-16T21:55:13Z,walk,2023-03-16T22:09:43Z,-8.04840947,-34.95250976,142,64
2023-03-16T21:55:13Z,walk,2023-03-16T22:09:44Z,-8.04841946,-34.95252308,144,63
2023-03-16T21:55:13Z,walk,2023-03-16T22:09:45Z,-8.04842713,-34.95253375,144,64
2023-03-16T21:55:13Z,walk,2023-03-16T22:09:46Z,-8.04843012,-34.95254408,144,64
2023-03-16T21:55:13Z,walk,2023-03-16T22:09:47Z,-8.04843311,-34.95255674,144,65
2023-03-16T21:55:13Z,walk,2023-03-16T22:09:48Z,-8.04843711,-34.9525704,144,64
2023-03-16T21:55:13Z,walk,2023-03-16T22:09:49Z,-8.0484421,-34.95258407,145,62
2023-03-16T21:55:13Z,walk,2023-03-16T22:09:50Z,-8.04844943,-34.95259839,145,62
2023-03-16T21:55:13Z,walk,2023-03-16T22:09:51Z,-8.04845709,-34.95261173,143,62
2023-03-16T21:55:13Z,walk,2023-03-16T22:09:52Z,-8.04846575,-34.95262705,143,62
2023-03-16T21:55:13Z,walk,2023-03-16T22:09:53Z,-8.04847342,-34.95264205,143,62
2023-03-16T21:55:13Z,walk,2023-03-16T22:09:54Z,-8.04847974,-34.95265572,143,64
2023-03-16T21:55:13Z,walk,2023-03-16T22:09:55Z,-8.04848574,-34.95266871,143,65
2023-03-16T21:55:13Z,walk,2023-03-16T22:09:56Z,-8.04849207,-34.95267971,143,65
2023-03-16T21:55:13Z,walk,2023-03-16T22:09:57Z,-8.04849873,-34.95268937,142,65
2023-03-16T21:55:13Z,walk,2023-03-16T22:09:58Z,-8.04850507,-34.95270071,142,65
2023-03-16T21:55:13Z,walk,2023-03-16T22:09:59Z,-8.04851207,-34.95271203,141,64
2023-03-16T21:55:13Z,walk,2023-03-16T22:10:00Z,-8.04851939,-34.95272569,141,65
2023-03-16T21:55:13Z,walk,2023-03-16T22:10:01Z,-8.04852639,-34.95274435,142,65
2023-03-16T21:55:13Z,walk,2023-03-16T22:10:02Z,-8.04852906,-34.95276002,143,65
2023-03-16T21:55:13Z,walk,2023-03-16T22:10:03Z,-8.04852938,-34.95277501,142,65
2023-03-16T21:55:13Z,walk,2023-03-16T22:10:04Z,-8.04852872,-34.95278767,142,65
2023-03-16T21:55:13Z,walk,2023-03-16T22:10:05Z,-8.04853171,-34.95279667,142,64
2023-03-16T21:55:13Z,walk,2023-03-16T22:10:06Z,-8.04853704,-34.95280566,142,65
2023-03-16T21:55:13Z,walk,2023-03-16T22:10:07Z,-8.0485427,-34.95281198,141,64
2023-03-16T21:55:13Z,walk,2023-03-16T22:10:08Z,-8.04855169,-34.95281698,140,65
2023-03-16T21:55:13Z,walk,2023-03-16T22:10:09Z,-8.04856303,-34.95281931,140,66
2023-03-16T21:55:13Z,walk,2023-03-16T22:10:10Z,-8.04857536,-34.95282364,140,66
2023-03-16T21:55:13Z,walk,2023-03-16T22:10:11Z,-8.04858768,-34.95282897,139,65
2023-03-16T21:55:13Z,walk,2023-03-16T22:10:12Z,-8.04859868,-34.9528373,139,65
2023-03-16T21:55:13Z,walk,2023-03-16T22:10:13Z,-8.04861002,-34.95284629,138,65
2023-03-16T21:55:13Z,walk,2023-03-16T22:10:14Z,-8.04862067,-34.95285329,137,65
2023-03-16T21:55:13Z,walk,2023-03-16T22:10:15Z,-8.04863301,-34.95285662,138,64
2023-03-16T21:55:13Z,walk,2023-03-16T22:10:16Z,-8.04864666,-34.95285862,138,64
2023-03-16T21:55:13Z,walk,2023-03-16T22:10:17Z,-8.048659,-34.95285428,138,64
2023-03-16T21:55:13Z,walk,2023-03-16T22:10:18Z,-8.04867132,-34.95284962,139,64
2023-03-16T21:55:13Z,walk,2023-03-16T22:10:19Z,-8.04868165,-34.95284463,139,64
2023-03-16T21:55:13Z,walk,2023-03-16T22:10:20Z,-8.04869031,-34.95283564,140,65
2023-03-16T21:55:13Z,walk,2023-03-16T22:10:21Z,-8.04869798,-34.95282564,140,65
2023-03-16T21:55:13Z,walk,2023-03-16T22:10:22Z,-8.04870631,-34.95281464,140,65
2023-03-16T21:55:13Z,walk,2023-03-16T22:10:23Z,-8.04871598,-34.95280565,140,65
2023-03-16T21:55:13Z,walk,2023-03-16T22:10:24Z,-8.04872797,-34.95280398,140,64
2023-03-16T21:55:13Z,walk,2023-03-16T22:10:25Z,-8.04874096,-34.9528043,141,65
2023-03-16T21:55:13Z,walk,2023-03-16T22:10:26Z,-8.04875595,-34.9528063,144,64
2023-03-16T21:55:13Z,walk,2023-03-16T22:10:27Z,-8.04877195,-34.95280996,140,64
2023-03-16T21:55:13Z,walk,2023-03-16T22:10:28Z,-8.04878561,-34.95281163,140,64
2023-03-16T21:55:13Z,walk,2023-03-16T22:10:29Z,-8.04880227,-34.95281462,140,64
2023-03-16T21:55:13Z,walk,2023-03-16T22:10:30Z,-8.04881894,-34.95281494,140,64
2023-03-16T21:55:13Z,walk,2023-03-16T22:10:31Z,-8.04883526,-34.95281661,140,65
2023-03-16T21:55:13Z,walk,2023-03-16T22:10:32Z,-8.04884926,-34.95281561,140,65
2023-03-16T21:55:13Z,walk,2023-03-16T22:10:33Z,-8.04886193,-34.95281495,142,65
2023-03-16T21:55:13Z,walk,2023-03-16T22:10:34Z,-8.04887626,-34.95281363,144,65
2023-03-16T21:55:13Z,walk,2023-03-16T22:10:35Z,-8.04889058,-34.95281263,144,65
2023-03-16T21:55:13Z,walk,2023-03-16T22:10:36Z,-8.04890392,-34.95281396,144,65
2023-03-16T21:55:13Z,walk,2023-03-16T22:10:37Z,-8.04891558,-34.95281562,144,65
2023-03-16T21:55:13Z,walk,2023-03-16T22:10:38Z,-8.04892724,-34.95281662,144,65
2023-03-16T21:55:13Z,walk,2023-03-16T22:10:39Z,-8.04893891,-34.95281794,145,64
2023-03-16T21:55:13Z,walk,2023-03-16T22:10:40Z,-8.04895156,-34.9528186,145,65
2023-03-16T21:55:13Z,walk,2023-03-16T22:10:41Z,-8.04896655,-34.95281993,145,65
2023-03-16T21:55:13Z,walk,2023-03-16T22:10:42Z,-8.04898388,-34.95282325,145,65
2023-03-16T21:55:13Z,walk,2023-03-16T22:10:43Z,-8.04900221,-34.95282892,146,65
2023-03-16T21:55:13Z,walk,2023-03-16T22:10:44Z,-8.04901988,-34.95283524,146,65
2023-03-16T21:55:13Z,walk,2023-03-16T22:10:45Z,-8.0490362,-34.95283924,145,66
2023-03-16T21:55:13Z,walk,2023-03-16T22:10:46Z,-8.04905087,-34.95284124,145,66
2023-03-16T21:55:13Z,walk,2023-03-16T22:10:47Z,-8.04906686,-34.95284523,145,66
2023-03-16T21:55:13Z,walk,2023-03-16T22:10:48Z,-8.04908352,-34.9528499,144,65
2023-03-16T21:55:13Z,walk,2023-03-16T22:10:49Z,-8.04910052,-34.95285223,144,65
2023-03-16T21:55:13Z,walk,2023-03-16T22:10:50Z,-8.04911718,-34.95285389,144,65
2023-03-16T21:55:13Z,walk,2023-03-16T22:10:51Z,-8.04913084,-34.95285488,142,64
2023-03-16T21:55:13Z,walk,2023-03-16T22:10:52Z,-8.04914417,-34.95285621,141,64
2023-03-16T21:55:13Z,walk,2023-03-16T22:10:53Z,-8.04915683,-34.95285687,141,64
2023-03-16T21:55:13Z,walk,2023-03-16T22:10:54Z,-8.04916916,-34.95286087,140,65
2023-03-16T21:55:13Z,walk,2023-03-16T22:10:55Z,-8.04918216,-34.95286953,140,65
2023-03-16T21:55:13Z,walk,2023-03-16T22:10:56Z,-8.04919648,-34.95287752,139,65
2023-03-16T21:55:13Z,walk,2023-03-16T22:10:57Z,-8.04921214,-34.95288652,138,64
2023-03-16T21:55:13Z,walk,2023-03-16T22:10:58Z,-8.04922814,-34.95289551,139,64
2023-03-16T21:55:13Z,walk,2023-03-16T22:10:59Z,-8.04924446,-34.9529025,139,64
2023-03-16T21:55:13Z,walk,2023-03-16T22:11:00Z,-8.04926246,-34.95290616,139,63
2023-03-16T21:55:13Z,walk,2023-03-16T22:11:01Z,-8.04928045,-34.95290749,141,64
2023-03-16T21:55:13Z,walk,2023-03-16T22:11:02Z,-8.04929812,-34.95290848,142,64
2023-03-16T21:55:13Z,walk,2023-03-16T22:11:03Z,-8.04931479,-34.95291014,144,65
2023-03-16T21:55:13Z,walk,2023-03-16T22:11:04Z,-8.04933012,-34.95291347,145,64
2023-03-16T21:55:13Z,walk,2023-03-16T22:11:05Z,-8.04934344,-34.9529178,145,64
2023-03-16T21:55:13Z,walk,2023-03-16T22:11:06Z,-8.04935678,-34.95292347,144,64
2023-03-16T21:55:13Z,walk,2023-03-16T22:11:07Z,-8.0493701,-34.95292746,145,64
2023-03-16T21:55:13Z,walk,2023-03-16T22:11:08Z,-8.04938509,-34.95293011,145,64
2023-03-16T21:55:13Z,walk,2023-03-16T22:11:09Z,-8.04939976,-34.95293111,146,64
2023-03-16T21:55:13Z,walk,2023-03-16T22:11:10Z,-8.04941441,-34.9529331,146,64
2023-03-16T21:55:13Z,walk,2023-03-16T22:11:11Z,-8.0494294,-34.95293544,146,64
2023-03-16T21:55:13Z,walk,2023-03-16T22:11:12Z,-8.04944474,-34.95293643,146,64
2023-03-16T21:55:13Z,walk,2023-03-16T22:11:13Z,-8.04946039,-34.95293776,145,65
2023-03-16T21:55:13Z,walk,2023-03-16T22:11:14Z,-8.04947539,-34.95293808,145,65
2023-03-16T21:55:13Z,walk,2023-03-16T22:11:15Z,-8.04948972,-34.95293975,143,65
2023-03-16T21:55:13Z,walk,2023-03-16T22:11:16Z,-8.04950437,-34.95294207,143,65
2023-03-16T21:55:13Z,walk,2023-03-16T22:11:17Z,-8.04951904,-34.95294142,143,65
2023-03-16T21:55:13Z,walk,2023-03-16T22:11:18Z,-8.0495327,-34.95294009,144,65
2023-03-16T21:55:13Z,walk,2023-03-16T22:11:19Z,-8.04954735,-34.95294009,145,65
2023-03-16T21:55:13Z,walk,2023-03-16T22:11:20Z,-8.04956168,-34.95294342,145,65
2023-03-16T21:55:13Z,walk,2023-03-16T22:11:21Z,-8.04957568,-34.95295041,145,66
2023-03-16T21:55:13Z,walk,2023-03-16T22:11:22Z,-8.04958833,-34.95296407,145,66
2023-03-16T21:55:13Z,walk,2023-03-16T22:11:23Z,-8.04960233,-34.95298041,145,66
2023-03-16T21:55:13Z,walk,2023-03-16T22:11:24Z,-8.04961932,-34.9529984,146,64
2023-03-16T21:55:13Z,walk,2023-03-16T22:11:25Z,-8.04963899,-34.9530144,146,64
2023-03-16T21:55:13Z,walk,2023-03-16T22:11:26Z,-8.04966098,-34.95302939,146,64
2023-03-16T21:55:13Z,walk,2023-03-16T22:11:27Z,-8.04968198,-34.95304005,146,64
2023-03-16T21:55:13Z,walk,2023-03-16T22:11:28Z,-8.04970131,-34.95304604,145,64
2023-03-16T21:55:13Z,walk,2023-03-16T22:11:29Z,-8.04971864,-34.95304971,145,64
2023-03-16T21:55:13Z,walk,2023-03-16T22:11:30Z,-8.04973363,-34.9530527,145,64
2023-03-16T21:55:13Z,walk,2023-03-16T22:11:31Z,-8.04974796,-34.95305602,145,64
2023-03-16T21:55:13Z,walk,2023-03-16T22:11:32Z,-8.04976263,-34.95306035,145,65
2023-03-16T21:55:13Z,walk,2023-03-16T22:11:33Z,-8.04977562,-34.95306401,146,65
2023-03-16T21:55:13Z,walk,2023-03-16T22:11:34Z,-8.04978827,-34.953067,148,64
2023-03-16T21:55:13Z,walk,2023-03-16T22:11:35Z,-8.04979994,-34.95306967,148,64
2023-03-16T21:55:13Z,walk,2023-03-16T22:11:36Z,-8.04981126,-34.95306567,148,64
2023-03-16T21:55:13Z,walk,2023-03-16T22:11:37Z,-8.04982192,-34.95305901,147,63
2023-03-16T21:55:13Z,walk,2023-03-16T22:11:38Z,-8.04983258,-34.95305368,147,64
2023-03-16T21:55:13Z,walk,2023-03-16T22:11:39Z,-8.04984223,-34.95305002,146,64
2023-03-16T21:55:13Z,walk,2023-03-16T22:11:40Z,-8.04985323,-34.9530467,146,64
2023-03-16T21:55:13Z,walk,2023-03-16T22:11:41Z,-8.04986489,-34.95304337,145,64
2023-03-16T21:55:13Z,walk,2023-03-16T22:11:42Z,-8.04987722,-34.95304038,145,64
2023-03-16T21:55:13Z,walk,2023-03-16T22:11:43Z,-8.04989056,-34.95303639,143,64
2023-03-16T21:55:13Z,walk,2023-03-16T22:11:44Z,-8.04990488,-34.95303205,141,64
2023-03-16T21:55:13Z,walk,2023-03-16T22:11:45Z,-8.04991721,-34.95302706,141,64
2023-03-16T21:55:13Z,walk,2023-03-16T22:11:46Z,-8.0499292,-34.95302206,141,65
2023-03-16T21:55:13Z,walk,2023-03-16T22:11:47Z,-8.04994054,-34.95301874,142,65
2023-03-16T21:55:13Z,walk,2023-03-16T22:11:48Z,-8.0499522,-34.95301541,142,65
2023-03-16T21:55:13Z,walk,2023-03-16T22:11:49Z,-8.04996519,-34.95301142,144,64
2023-03-16T21:55:13Z,walk,2023-03-16T22:11:50Z,-8.04997952,-34.95300776,144,64
2023-03-16T21:55:13Z,walk,2023-03-16T22:11:51Z,-8.04999485,-34.95300643,144,64
2023-03-16T21:55:13Z,walk,2023-03-16T22:11:52Z,-8.05001085,-34.9530051,144,65
2023-03-16T21:55:13Z,walk,2023-03-16T22:11:53Z,-8.05002717,-34.95300245,144,65
2023-03-16T21:55:13Z,walk,2023-03-16T22:11:54Z,-8.05004217,-34.95300212,144,65
2023-03-16T21:55:13Z,walk,2023-03-16T22:11:55Z,-8.0500575,-34.95300212,144,65
2023-03-16T21:55:13Z,walk,2023-03-16T22:11:56Z,-8.05007283,-34.95300212,144,65
2023-03-16T21:55:13Z,walk,2023-03-16T22:11:57Z,-8.05008683,-34.95300079,144,65
2023-03-16T21:55:13Z,walk,2023-03-16T22:11:58Z,-8.0500995,-34.95299913,144,65
2023-03-16T21:55:13Z,walk,2023-03-16T22:11:59Z,-8.05011149,-34.95299581,144,65
2023-03-16T21:55:13Z,walk,2023-03-16T22:12:00Z,-8.05012381,-34.95299281,144,65
2023-03-16T21:55:13Z,walk,2023-03-16T22:12:01Z,-8.05013681,-34.95299149,144,65
2023-03-16T21:55:13Z,walk,2023-03-16T22:12:02Z,-8.05015247,-34.95299116,144,65
2023-03-16T21:55:13Z,walk,2023-03-16T22:12:03Z,-8.05016813,-34.95299149,144,64
2023-03-16T21:55:13Z,walk,2023-03-16T22:12:04Z,-8.05018279,-34.95299149,144,64
2023-03-16T21:55:13Z,walk,2023-03-16T22:12:05Z,-8.05019879,-34.95299116,144,64
2023-03-16T21:55:13Z,walk,2023-03-16T22:12:06Z,-8.05021479,-34.95298983,144,64
2023-03-16T21:55:13Z,walk,2023-03-16T22:12:07Z,-8.05023045,-34.95298851,144,65
2023-03-16T21:55:13Z,walk,2023-03-16T22:12:08Z,-8.05024578,-34.95299017,144,66
2023-03-16T21:55:13Z,walk,2023-03-16T22:12:09Z,-8.05026111,-34.95299383,145,65
2023-03-16T21:55:13Z,walk,2023-03-16T22:12:10Z,-8.05027677,-34.95299883,144,65
2023-03-16T21:55:13Z,walk,2023-03-16T22:12:11Z,-8.05029109,-34.95300082,143,65
2023-03-16T21:55:13Z,walk,2023-03-16T22:12:12Z,-8.05030409,-34.95300349,143,65
2023-03-16T21:55:13Z,walk,2023-03-16T22:12:13Z,-8.05031608,-34.95300515,143,65
2023-03-16T21:55:13Z,walk,2023-03-16T22:12:13Z,-8.05032742,-34.95300614,142,65
2023-03-16T21:55:13Z,walk,2023-03-16T22:12:14Z,-8.05033874,-34.95300647,142,65
2023-03-16T21:55:13Z,walk,2023-03-16T22:12:15Z,-8.0503504,-34.9530088,141,65
2023-03-16T21:55:13Z,walk,2023-03-16T22:12:16Z,-8.05036306,-34.9530088,141,65
2023-03-16T21:55:13Z,walk,2023-03-16T22:12:17Z,-8.05037739,-34.9530088,141,65
2023-03-16T21:55:13Z,walk,2023-03-16T22:12:18Z,-8.05039272,-34.95300647,141,65
2023-03-16T21:55:13Z,walk,2023-03-16T22:12:19Z,-8.05040771,-34.9530038,140,65
2023-03-16T21:55:13Z,walk,2023-03-16T22:12:20Z,-8.05042238,-34.95300048,140,65
2023-03-16T21:55:13Z,walk,2023-03-16T22:12:21Z,-8.05043603,-34.95299548,141,32
2023-03-16T21:55:13Z,walk,2023-03-16T22:12:22Z,-8.05044837,-34.95299115,141,32
2023-03-16T21:55:13Z,walk,2023-03-16T22:12:23Z,-8.05046102,-34.95298715,141,32
2023-03-16T21:55:13Z,walk,2023-03-16T22:12:24Z,-8.05047402,-34.95298316,142,32
2023-03-16T21:55:13Z,walk,2023-03-16T22:12:25Z,-8.05048701,-34.95298051,143,32
2023-03-16T21:55:13Z,walk,2023-03-16T22:12:26Z,-8.05050134,-34.95297952,144,32
2023-03-16T21:55:13Z,walk,2023-03-16T22:12:27Z,-8.05051466,-34.95297685,144,32
2023-03-16T21:55:13Z,walk,2023-03-16T22:12:28Z,-8.05052633,-34.95297386,144,32
2023-03-16T21:55:13Z,walk,2023-03-16T22:12:29Z,-8.05053698,-34.95296787,144,32
2023-03-16T21:55:13Z,walk,2023-03-16T22:12:30Z,-8.05054697,-34.95295987,142,32
2023-03-16T21:55:13Z,walk,2023-03-16T22:12:31Z,-8.05055731,-34.9529552,142,65
2023-03-16T21:55:13Z,walk,2023-03-16T22:12:32Z,-8.0505693,-34.95295421,142,65
2023-03-16T21:55:13Z,walk,2023-03-16T22:12:33Z,-8.05058129,-34.95295554,143,65
2023-03-16T21:55:13Z,walk,2023-03-16T22:12:34Z,-8.05059394,-34.95295987,144,64
2023-03-16T21:55:13Z,walk,2023-03-16T22:12:35Z,-8.05060661,-34.95296453,144,64
2023-03-16T21:55:13Z,walk,2023-03-16T22:12:36Z,-8.0506186,-34.95296853,145,65
2023-03-16T21:55:13Z,walk,2023-03-16T22:12:37Z,-8.05063127,-34.95297285,146,65
2023-03-16T21:55:13Z,walk,2023-03-16T22:12:38Z,-8.05064426,-34.95297584,147,65
2023-03-16T21:55:13Z,walk,2023-03-16T22:12:39Z,-8.05065659,-34.95297617,147,65
2023-03-16T21:55:13Z,walk,2023-03-16T22:12:40Z,-8.05066725,-34.95297551,147,64
2023-03-16T21:55:13Z,walk,2023-03-16T22:12:41Z,-8.05067924,-34.95297485,147,64
2023-03-16T21:55:13Z,walk,2023-03-16T22:12:42Z,-8.05069256,-34.95297652,148,64
2023-03-16T21:55:13Z,walk,2023-03-16T22:12:43Z,-8.05070723,-34.95298017,148,63
2023-03-16T21:55:13Z,walk,2023-03-16T22:12:44Z,-8.05072288,-34.9529845,147,63
2023-03-16T21:55:13Z,walk,2023-03-16T22:12:45Z,-8.05073922,-34.95298816,147,63
2023-03-16T21:55:13Z,walk,2023-03-16T22:12:46Z,-8.05075588,-34.95299215,146,64
2023-03-16T21:55:13Z,walk,2023-03-16T22:12:47Z,-8.05077255,-34.95299215,146,64
2023-03-16T21:55:13Z,walk,2023-03-16T22:12:48Z,-8.05078821,-34.95298982,146,65
2023-03-16T21:55:13Z,walk,2023-03-16T22:12:49Z,-8.05080153,-34.95298449,146,65
2023-03-16T21:55:13Z,walk,2023-03-16T22:12:50Z,-8.05081553,-34.95297882,146,65
2023-03-16T21:55:13Z,walk,2023-03-16T22:12:51Z,-8.05082919,-34.9529745,146,64
2023-03-16T21:55:13Z,walk,2023-03-16T22:12:52Z,-8.05084485,-34.95297482,147,64
2023-03-16T21:55:13Z,walk,2023-03-16T22:12:53Z,-8.05086119,-34.95297814,147,64
2023-03-16T21:55:13Z,walk,2023-03-16T22:12:54Z,-8.05087852,-34.95298214,146,64
2023-03-16T21:55:13Z,walk,2023-03-16T22:12:55Z,-8.05089651,-34.95298748,146,64
2023-03-16T21:55:13Z,walk,2023-03-16T22:12:56Z,-8.05091418,-34.95299547,146,64
2023-03-16T21:55:13Z,walk,2023-03-16T22:12:57Z,-8.05093151,-34.95300547,145,64
2023-03-16T21:55:13Z,walk,2023-03-16T22:12:58Z,-8.05094751,-34.9530158,143,64
2023-03-16T21:55:13Z,walk,2023-03-16T22:12:59Z,-8.05096217,-34.95302646,143,64
2023-03-16T21:55:13Z,walk,2023-03-16T22:13:00Z,-8.05097583,-34.95303479,143,64
2023-03-16T21:55:13Z,walk,2023-03-16T22:13:01Z,-8.05098882,-34.95304046,143,63
2023-03-16T21:55:13Z,walk,2023-03-16T22:13:02Z,-8.05100249,-34.95304412,144,63
2023-03-16T21:55:13Z,walk,2023-03-16T22:13:03Z,-8.05101748,-34.95304679,144,64
2023-03-16T21:55:13Z,walk,2023-03-16T22:13:04Z,-8.05103281,-34.95304946,145,63
2023-03-16T21:55:13Z,walk,2023-03-16T22:13:05Z,-8.05104815,-34.95305245,145,63
2023-03-16T21:55:13Z,walk,2023-03-16T22:13:06Z,-8.0510638,-34.95305544,146,65
2023-03-16T21:55:13Z,walk,2023-03-16T22:13:07Z,-8.05108047,-34.95306143,146,65
2023-03-16T21:55:13Z,walk,2023-03-16T22:13:08Z,-8.05109814,-34.95306943,147,64
2023-03-16T21:55:13Z,walk,2023-03-16T22:13:09Z,-8.05111679,-34.95307776,146,65
2023-03-16T21:55:13Z,walk,2023-03-16T22:13:10Z,-8.05113546,-34.95308575,146,65
2023-03-16T21:55:13Z,walk,2023-03-16T22:13:11Z,-8.05115245,-34.95309208,146,65
2023-03-16T21:55:13Z,walk,2023-03-16T22:13:12Z,-8.05116811,-34.95309708,146,65
2023-03-16T21:55:13Z,walk,2023-03-16T22:13:13Z,-8.05118344,-34.95310007,146,65
2023-03-16T21:55:13Z,walk,2023-03-16T22:13:14Z,-8.05119843,-34.9531034,146,65
2023-03-16T21:55:13Z,walk,2023-03-16T22:13:15Z,-8.05121276,-34.95310739,146,65
2023-03-16T21:55:13Z,walk,2023-03-16T22:13:16Z,-8.05122609,-34.95311205,146,64
2023-03-16T21:55:13Z,walk,2023-03-16T22:13:17Z,-8.05123875,-34.95311571,146,64
2023-03-16T21:55:13Z,walk,2023-03-16T22:13:18Z,-8.05125142,-34.95311903,146,64
2023-03-16T21:55:13Z,walk,2023-03-16T22:13:19Z,-8.05126341,-34.95312202,146,64
2023-03-16T21:55:13Z,walk,2023-03-16T22:13:20Z,-8.05127608,-34.95312469,147,64
2023-03-16T21:55:13Z,walk,2023-03-16T22:13:21Z,-8.05128907,-34.95312768,147,64
2023-03-16T21:55:13Z,walk,2023-03-16T22:13:22Z,-8.0513014,-34.95312968,147,63
2023-03-16T21:55:13Z,walk,2023-03-16T22:13:23Z,-8.05131372,-34.95312936,148,64
2023-03-16T21:55:13Z,walk,2023-03-16T22:13:24Z,-8.05132672,-34.95312803,148,64
2023-03-16T21:55:13Z,walk,2023-03-16T22:13:25Z,-8.05134038,-34.9531277,149,64
2023-03-16T21:55:13Z,walk,2023-03-16T22:13:26Z,-8.05135404,-34.95312738,149,65
2023-03-16T21:55:13Z,walk,2023-03-16T22:13:27Z,-8.05136637,-34.95312705,149,64
2023-03-16T21:55:13Z,walk,2023-03-16T22:13:28Z,-8.05137703,-34.95312771,150,65
2023-03-16T21:55:13Z,walk,2023-03-16T22:13:29Z,-8.05138769,-34.95312838,150,65
2023-03-16T21:55:13Z,walk,2023-03-16T22:13:30Z,-8.05139968,-34.9531297,150,65
2023-03-16T21:55:13Z,walk,2023-03-16T22:13:31Z,-8.05141167,-34.95313137,149,65
2023-03-16T21:55:13Z,walk,2023-03-16T22:13:32Z,-8.051425,-34.95313536,149,65
2023-03-16T21:55:13Z,walk,2023-03-16T22:13:33Z,-8.05143766,-34.95313635,149,64
2023-03-16T21:55:13Z,walk,2023-03-16T22:13:34Z,-8.05144932,-34.95313436,150,65
2023-03-16T21:55:13Z,walk,2023-03-16T22:13:35Z,-8.05146099,-34.95313236,151,65
2023-03-16T21:55:13Z,walk,2023-03-16T22:13:36Z,-8.05147231,-34.95312969,151,65
2023-03-16T21:55:13Z,walk,2023-03-16T22:13:37Z,-8.05148363,-34.95312603,152,64
2023-03-16T21:55:13Z,walk,2023-03-16T22:13:38Z,-8.05149763,-34.9531247,152,64
2023-03-16T21:55:13Z,walk,2023-03-16T22:13:39Z,-8.05151397,-34.95312537,152,65
2023-03-16T21:55:13Z,walk,2023-03-16T22:13:40Z,-8.05152997,-34.95312802,153,65
2023-03-16T21:55:13Z,walk,2023-03-16T22:13:41Z,-8.05154663,-34.95313268,153,65
2023-03-16T21:55:13Z,walk,2023-03-16T22:13:42Z,-8.05156229,-34.95313668,153,65
2023-03-16T21:55:13Z,walk,2023-03-16T22:13:43Z,-8.05157629,-34.95314,152,65
2023-03-16T21:55:13Z,walk,2023-03-16T22:13:44Z,-8.05159028,-34.95314166,152,65
2023-03-16T21:55:13Z,walk,2023-03-16T22:13:45Z,-8.05160395,-34.95314333,151,65
2023-03-16T21:55:13Z,walk,2023-03-16T22:13:46Z,-8.0516186,-34.95314499,151,65
2023-03-16T21:55:13Z,walk,2023-03-16T22:13:47Z,-8.05163327,-34.95314766,149,63
2023-03-16T21:55:13Z,walk,2023-03-16T22:13:48Z,-8.05164793,-34.95315298,149,63
2023-03-16T21:55:13Z,walk,2023-03-16T22:13:49Z,-8.05166359,-34.95315765,149,63
2023-03-16T21:55:13Z,walk,2023-03-16T22:13:50Z,-8.05167925,-34.95316097,150,64
2023-03-16T21:55:13Z,walk,2023-03-16T22:13:51Z,-8.05169424,-34.95316231,151,63
2023-03-16T21:55:13Z,walk,2023-03-16T22:13:52Z,-8.0517099,-34.95316165,151,64
2023-03-16T21:55:13Z,walk,2023-03-16T22:13:53Z,-8.05172356,-34.95315998,152,65
2023-03-16T21:55:13Z,walk,2023-03-16T22:13:54Z,-8.05173623,-34.95315832,152,65
2023-03-16T21:55:13Z,walk,2023-03-16T22:13:55Z,-8.05174822,-34.95315633,152,65
2023-03-16T21:55:13Z,walk,2023-03-16T22:13:56Z,-8.05176154,-34.95315499,152,65
2023-03-16T21:55:13Z,walk,2023-03-16T22:13:57Z,-8.05177454,-34.95315266,153,63
2023-03-16T21:55:13Z,walk,2023-03-16T22:13:58Z,-8.05178887,-34.95315134,153,63
2023-03-16T21:55:13Z,walk,2023-03-16T22:13:59Z,-8.0518042,-34.95315199,153,63
2023-03-16T21:55:13Z,walk,2023-03-16T22:14:00Z,-8.05181919,-34.95315366,153,63
2023-03-16T21:55:13Z,walk,2023-03-16T22:14:01Z,-8.05183319,-34.95315633,153,64
2023-03-16T21:55:13Z,walk,2023-03-16T22:14:02Z,-8.05184586,-34.95315865,154,65
2023-03-16T21:55:13Z,walk,2023-03-16T22:14:03Z,-8.05185818,-34.95316198,155,64
2023-03-16T21:55:13Z,walk,2023-03-16T22:14:04Z,-8.05187017,-34.95316497,156,63
2023-03-16T21:55:13Z,walk,2023-03-16T22:14:05Z,-8.05188317,-34.95316963,157,64
2023-03-16T21:55:13Z,walk,2023-03-16T22:14:06Z,-8.05189649,-34.95317396,157,64
2023-03-16T21:55:13Z,walk,2023-03-16T22:14:07Z,-8.05190949,-34.95317829,157,65
2023-03-16T21:55:13Z,walk,2023-03-16T22:14:08Z,-8.05192348,-34.95318062,157,64
2023-03-16T21:55:13Z,walk,2023-03-16T22:14:09Z,-8.05193748,-34.95318262,157,64
2023-03-16T21:55:13Z,walk,2023-03-16T22:14:10Z,-8.05195248,-34.95318462,159,63
2023-03-16T21:55:13Z,walk,2023-03-16T22:14:11Z,-8.05196714,-34.95318729,157,63
2023-03-16T21:55:13Z,walk,2023-03-16T22:14:12Z,-8.05198114,-34.95319094,157,63
2023-03-16T21:55:13Z,walk,2023-03-16T22:14:13Z,-8.05199547,-34.95319393,157,63
2023-03-16T21:55:13Z,walk,2023-03-16T22:14:14Z,-8.05201013,-34.95319492,157,63
2023-03-16T21:55:13Z,walk,2023-03-16T22:14:15Z,-8.05202313,-34.95319492,157,63
2023-03-16T21:55:13Z,walk,2023-03-16T22:14:16Z,-8.0520358,-34.95319492,157,63
2023-03-16T21:55:13Z,walk,2023-03-16T22:14:17Z,-8.0520498,-34.95319327,154,63
2023-03-16T21:55:13Z,walk,2023-03-16T22:14:18Z,-8.05206345,-34.95319193,154,63
2023-03-16T21:55:13Z,walk,2023-03-16T22:14:19Z,-8.05207712,-34.95319128,153,63
2023-03-16T21:55:13Z,walk,2023-03-16T22:14:20Z,-8.05209044,-34.95319095,152,64
2023-03-16T21:55:13Z,walk,2023-03-16T22:14:21Z,-8.0521041,-34.95318962,152,64
2023-03-16T21:55:13Z,walk,2023-03-16T22:14:22Z,-8.05211742,-34.9531893,152,64
2023-03-16T21:55:13Z,walk,2023-03-16T22:14:23Z,-8.05213241,-34.95318962,152,64
2023-03-16T21:55:13Z,walk,2023-03-16T22:14:24Z,-8.05214708,-34.95319029,153,64
2023-03-16T21:55:13Z,walk,2023-03-16T22:14:25Z,-8.05216308,-34.95319194,153,64
2023-03-16T21:55:13Z,walk,2023-03-16T22:14:26Z,-8.05218007,-34.95319361,154,64
2023-03-16T21:55:13Z,walk,2023-03-16T22:14:27Z,-8.05219706,-34.95319628,155,65
2023-03-16T21:55:13Z,walk,2023-03-16T22:14:28Z,-8.05221373,-34.9532006,155,65
2023-03-16T21:55:13Z,walk,2023-03-16T22:14:29Z,-8.05223005,-34.9532056,154,64
2023-03-16T21:55:13Z,walk,2023-03-16T22:14:30Z,-8.05224538,-34.9532096,154,64
2023-03-16T21:55:13Z,walk,2023-03-16T22:14:31Z,-8.05225872,-34.95321192,153,64
2023-03-16T21:55:13Z,walk,2023-03-16T22:14:32Z,-8.05227171,-34.95321292,153,64
2023-03-16T21:55:13Z,walk,2023-03-16T22:14:33Z,-8.05228537,-34.9532126,152,64
2023-03-16T21:55:13Z,walk,2023-03-16T22:14:34Z,-8.05230103,-34.95321227,151,64
2023-03-16T21:55:13Z,walk,2023-03-16T22:14:35Z,-8.05231602,-34.95321393,150,64
2023-03-16T21:55:13Z,walk,2023-03-16T22:14:36Z,-8.05233235,-34.95321927,150,64
2023-03-16T21:55:13Z,walk,2023-03-16T22:14:37Z,-8.05234801,-34.9532266,149,64
2023-03-16T21:55:13Z,walk,2023-03-16T22:14:38Z,-8.05236233,-34.95323359,149,64
2023-03-16T21:55:13Z,walk,2023-03-16T22:14:39Z,-8.05237633,-34.95324059,150,64
2023-03-16T21:55:13Z,walk,2023-03-16T22:14:40Z,-8.052389,-34.95324691,151,64
2023-03-16T21:55:13Z,walk,2023-03-16T22:14:41Z,-8.05240067,-34.95325258,150,63
2023-03-16T21:55:13Z,walk,2023-03-16T22:14:42Z,-8.05241232,-34.95325657,150,64
2023-03-16T21:55:13Z,walk,2023-03-16T22:14:43Z,-8.05242399,-34.95326057,152,64
2023-03-16T21:55:13Z,walk,2023-03-16T22:14:44Z,-8.05243799,-34.9532629,152,64
2023-03-16T21:55:13Z,walk,2023-03-16T22:14:45Z,-8.05245298,-34.95326589,153,64
2023-03-16T21:55:13Z,walk,2023-03-16T22:14:46Z,-8.05246831,-34.95326722,154,63
2023-03-16T21:55:13Z,walk,2023-03-16T22:14:47Z,-8.05248298,-34.95326754,154,63
2023-03-16T21:55:13Z,walk,2023-03-16T22:14:48Z,-8.0524973,-34.95326786,153,63
2023-03-16T21:55:13Z,walk,2023-03-16T22:14:49Z,-8.05251064,-34.9532692,153,64
2023-03-16T21:55:13Z,walk,2023-03-16T22:14:50Z,-8.05252396,-34.95326985,153,64
2023-03-16T21:55:13Z,walk,2023-03-16T22:14:51Z,-8.05253728,-34.95327118,153,63
2023-03-16T21:55:13Z,walk,2023-03-16T22:14:52Z,-8.05255128,-34.95327383,153,63
2023-03-16T21:55:13Z,walk,2023-03-16T22:14:53Z,-8.05256494,-34.95327717,153,63
2023-03-16T21:55:13Z,walk,2023-03-16T22:14:54Z,-8.05257861,-34.95327949,153,63
2023-03-16T21:55:13Z,walk,2023-03-16T22:14:55Z,-8.0525916,-34.95327917,152,63
2023-03-16T21:55:13Z,walk,2023-03-16T22:14:56Z,-8.05260459,-34.95327718,152,63
2023-03-16T21:55:13Z,walk,2023-03-16T22:14:57Z,-8.05261892,-34.95327484,153,62
2023-03-16T21:55:13Z,walk,2023-03-16T22:14:58Z,-8.05263391,-34.95327318,153,63
2023-03-16T21:55:13Z,walk,2023-03-16T22:14:59Z,-8.05264723,-34.95327285,154,63
2023-03-16T21:55:13Z,walk,2023-03-16T22:15:00Z,-8.05266057,-34.95327285,154,63
2023-03-16T21:55:13Z,walk,2023-03-16T22:15:01Z,-8.05267522,-34.95327351,154,62
2023-03-16T21:55:13Z,walk,2023-03-16T22:15:02Z,-8.05268989,-34.95327417,154,62
2023-03-16T21:55:13Z,walk,2023-03-16T22:15:03Z,-8.05270456,-34.95327318,155,62
2023-03-16T21:55:13Z,walk,2023-03-16T22:15:04Z,-8.05271821,-34.95327383,157,62
2023-03-16T21:55:13Z,walk,2023-03-16T22:15:05Z,-8.05273121,-34.95327683,156,62
2023-03-16T21:55:13Z,walk,2023-03-16T22:15:06Z,-8.05274454,-34.95328116,155,62
2023-03-16T21:55:13Z,walk,2023-03-16T22:15:07Z,-8.0527582,-34.95328616,155,62
2023-03-16T21:55:13Z,walk,2023-03-16T22:15:08Z,-8.05277287,-34.95329081,155,62
2023-03-16T21:55:13Z,walk,2023-03-16T22:15:09Z,-8.0527882,-34.95329315,155,65
2023-03-16T21:55:13Z,walk,2023-03-16T22:15:10Z,-8.05280454,-34.95329381,153,63
2023-03-16T21:55:13Z,walk,2023-03-16T22:15:11Z,-8.05282053,-34.95329381,152,64
2023-03-16T21:55:13Z,walk,2023-03-16T22:15:12Z,-8.05283553,-34.95329248,151,63
2023-03-16T21:55:13Z,walk,2023-03-16T22:15:13Z,-8.05284818,-34.95329149,150,63
2023-03-16T21:55:13Z,walk,2023-03-16T22:15:14Z,-8.05286017,-34.95329117,150,63
2023-03-16T21:55:13Z,walk,2023-03-16T22:15:15Z,-8.05287083,-34.95329083,150,63
2023-03-16T21:55:13Z,walk,2023-03-16T22:15:16Z,-8.0528825,-34.95329217,150,62
2023-03-16T21:55:13Z,walk,2023-03-16T22:15:17Z,-8.05289482,-34.95329516,150,62
2023-03-16T21:55:13Z,walk,2023-03-16T22:15:18Z,-8.05290615,-34.95329848,150,63
2023-03-16T21:55:13Z,walk,2023-03-16T22:15:19Z,-8.05291814,-34.95330048,150,63
2023-03-16T21:55:13Z,walk,2023-03-16T22:15:20Z,-8.05293113,-34.95330248,150,63
2023-03-16T21:55:13Z,walk,2023-03-16T22:15:21Z,-8.05294546,-34.95330447,152,63
2023-03-16T21:55:13Z,walk,2023-03-16T22:15:22Z,-8.05295878,-34.9533068,153,63
2023-03-16T21:55:13Z,walk,2023-03-16T22:15:23Z,-8.05297278,-34.95331013,152,63
2023-03-16T21:55:13Z,walk,2023-03-16T22:15:24Z,-8.05298545,-34.95331312,154,63
2023-03-16T21:55:13Z,walk,2023-03-16T22:15:25Z,-8.05299877,-34.95331778,154,63
2023-03-16T21:55:13Z,walk,2023-03-16T22:15:26Z,-8.05301209,-34.95332111,154,63
2023-03-16T21:55:13Z,walk,2023-03-16T22:15:27Z,-8.05302442,-34.9533241,155,63
2023-03-16T21:55:13Z,walk,2023-03-16T22:15:28Z,-8.05303608,-34.95332709,155,64
2023-03-16T21:55:13Z,walk,2023-03-16T22:15:29Z,-8.05304742,-34.95333142,155,65
2023-03-16T21:55:13Z,walk,2023-03-16T22:15:30Z,-8.05306007,-34.95333642,155,64
2023-03-16T21:55:13Z,walk,2023-03-16T22:15:31Z,-8.05307307,-34.95334175,155,64
2023-03-16T21:55:13Z,walk,2023-03-16T22:15:32Z,-8.0530874,-34.95335009,155,62
2023-03-16T21:55:13Z,walk,2023-03-16T22:15:33Z,-8.05310072,-34.95335908,155,62
2023-03-16T21:55:13Z,walk,2023-03-16T22:15:34Z,-8.05311438,-34.95336807,155,61
2023-03-16T21:55:13Z,walk,2023-03-16T22:15:35Z,-8.05312971,-34.9533754,154,63
2023-03-16T21:55:13Z,walk,2023-03-16T22:15:36Z,-8.05314404,-34.95337639,153,63
2023-03-16T21:55:13Z,walk,2023-03-16T22:15:37Z,-8.05315737,-34.95337372,153,63
2023-03-16T21:55:13Z,walk,2023-03-16T22:15:38Z,-8.05317003,-34.95336707,152,62
2023-03-16T21:55:13Z,walk,2023-03-16T22:15:39Z,-8.05318236,-34.95335707,152,62
2023-03-16T21:55:13Z,walk,2023-03-16T22:15:40Z,-8.05319301,-34.95334973,152,63
2023-03-16T21:55:13Z,walk,2023-03-16T22:15:41Z,-8.05320435,-34.95334274,153,64
2023-03-16T21:55:13Z,walk,2023-03-16T22:15:42Z,-8.05321801,-34.95333675,153,64
2023-03-16T21:55:13Z,walk,2023-03-16T22:15:43Z,-8.05323234,-34.95333343,154,64
2023-03-16T21:55:13Z,walk,2023-03-16T22:15:44Z,-8.05324733,-34.9533311,154,64
2023-03-16T21:55:13Z,walk,2023-03-16T22:15:45Z,-8.05326166,-34.95333044,154,64
2023-03-16T21:55:13Z,walk,2023-03-16T22:15:46Z,-8.05327498,-34.95333243,155,64
2023-03-16T21:55:13Z,walk,2023-03-16T22:15:47Z,-8.05328798,-34.95333542,154,65
2023-03-16T21:55:13Z,walk,2023-03-16T22:15:48Z,-8.05330164,-34.95333975,154,64
2023-03-16T21:55:13Z,walk,2023-03-16T22:15:49Z,-8.05331496,-34.95334341,154,64
2023-03-16T21:55:13Z,walk,2023-03-16T22:15:50Z,-8.05332896,-34.95334741,154,64
2023-03-16T21:55:13Z,walk,2023-03-16T22:15:51Z,-8.05334395,-34.95335073,154,64
2023-03-16T21:55:13Z,walk,2023-03-16T22:15:52Z,-8.05335995,-34.95335273,154,64
2023-03-16T21:55:13Z,walk,2023-03-16T22:15:53Z,-8.05337561,-34.95335273,153,64
2023-03-16T21:55:13Z,walk,2023-03-16T22:15:54Z,-8.05339094,-34.9533514,149,64
2023-03-16T21:55:13Z,walk,2023-03-16T22:15:55Z,-8.05340694,-34.9533514,148,64
2023-03-16T21:55:13Z,walk,2023-03-16T22:15:56Z,-8.05342127,-34.9533514,148,63
2023-03-16T21:55:13Z,walk,2023-03-16T22:15:57Z,-8.05343993,-34.9533514,148,63
2023-03-16T21:55:13Z,walk,2023-03-16T22:15:58Z,-8.05346226,-34.95335307,148,63
2023-03-16T21:55:13Z,walk,2023-03-16T22:15:59Z,-8.05348258,-34.95335539,149,64
2023-03-16T21:55:13Z,walk,2023-03-16T22:16:00Z,-8.05350457,-34.95335639,151,63
2023-03-16T21:55:13Z,walk,2023-03-16T22:16:01Z,-8.05352457,-34.95335738,150,63
2023-03-16T21:55:13Z,walk,2023-03-16T22:16:02Z,-8.05354489,-34.9533577,150,63
2023-03-16T21:55:13Z,walk,2023-03-16T22:16:03Z,-8.05356422,-34.95335904,150,63
2023-03-16T21:55:13Z,walk,2023-03-16T22:16:04Z,-8.05358222,-34.95336103,150,63
2023-03-16T21:55:13Z,walk,2023-03-16T22:16:05Z,-8.05360121,-34.95336436,150,63
2023-03-16T21:55:13Z,walk,2023-03-16T22:16:06Z,-8.05361753,-34.95336735,151,64
2023-03-16T21:55:13Z,walk,2023-03-16T22:16:07Z,-8.0536322,-34.95337067,153,64
2023-03-16T21:55:13Z,walk,2023-03-16T22:16:08Z,-8.05364652,-34.95337366,153,63
2023-03-16T21:55:13Z,walk,2023-03-16T22:16:09Z,-8.05366018,-34.95337732,153,63
2023-03-16T21:55:13Z,walk,2023-03-16T22:16:10Z,-8.05367518,-34.95338299,153,64
2023-03-16T21:55:13Z,walk,2023-03-16T22:16:11Z,-8.05369117,-34.95338799,153,64
2023-03-16T21:55:13Z,walk,2023-03-16T22:16:12Z,-8.0537075,-34.95339398,153,64
2023-03-16T21:55:13Z,walk,2023-03-16T22:16:13Z,-8.05372283,-34.95340098,153,64
2023-03-16T21:55:13Z,walk,2023-03-16T22:16:14Z,-8.05373582,-34.95340363,153,64
2023-03-16T21:55:13Z,walk,2023-03-16T22:16:15Z,-8.05374849,-34.95340529,153,64
2023-03-16T21:55:13Z,walk,2023-03-16T22:16:16Z,-8.05376249,-34.95340796,153,64
2023-03-16T21:55:13Z,walk,2023-03-16T22:16:17Z,-8.05377881,-34.95340895,153,64
2023-03-16T21:55:13Z,walk,2023-03-16T22:16:18Z,-8.05379648,-34.95340928,154,64
2023-03-16T21:55:13Z,walk,2023-03-16T22:16:19Z,-8.05381615,-34.9534116,154,64
2023-03-16T21:55:13Z,walk,2023-03-16T22:16:20Z,-8.05383447,-34.95341327,154,64
2023-03-16T21:55:13Z,walk,2023-03-16T22:16:21Z,-8.05385346,-34.95341359,154,64
2023-03-16T21:55:13Z,walk,2023-03-16T22:16:22Z,-8.05387179,-34.95341392,154,64
2023-03-16T21:55:13Z,walk,2023-03-16T22:16:23Z,-8.05388845,-34.95341359,155,65
2023-03-16T21:55:13Z,walk,2023-03-16T22:16:24Z,-8.05390512,-34.95341359,155,65
2023-03-16T21:55:13Z,walk,2023-03-16T22:16:25Z,-8.05392077,-34.95341392,155,65
2023-03-16T21:55:13Z,walk,2023-03-16T22:16:26Z,-8.05393544,-34.95341424,154,64
2023-03-16T21:55:13Z,walk,2023-03-16T22:16:27Z,-8.05394976,-34.95341424,154,64
2023-03-16T21:55:13Z,walk,2023-03-16T22:16:28Z,-8.05396343,-34.95341457,154,63
2023-03-16T21:55:13Z,walk,2023-03-16T22:16:28Z,-8.05397942,-34.95341523,154,64
2023-03-16T21:55:13Z,walk,2023-03-16T22:16:29Z,-8.05399675,-34.95341491,154,64
2023-03-16T21:55:13Z,walk,2023-03-16T22:16:30Z,-8.05401309,-34.95341491,153,64
2023-03-16T21:55:13Z,walk,2023-03-16T22:16:31Z,-8.05402808,-34.95341523,153,64
2023-03-16T21:55:13Z,walk,2023-03-16T22:16:32Z,-8.05404441,-34.95341855,153,64
2023-03-16T21:55:13Z,walk,2023-03-16T22:16:33Z,-8.05405907,-34.95341988,153,63
2023-03-16T21:55:13Z,walk,2023-03-16T22:16:34Z,-8.0540734,-34.95341988,152,64
2023-03-16T21:55:13Z,walk,2023-03-16T22:16:35Z,-8.05408607,-34.95341922,150,63
2023-03-16T21:55:13Z,walk,2023-03-16T22:16:36Z,-8.05410072,-34.9534189,147,64
2023-03-16T21:55:13Z,walk,2023-03-16T22:16:37Z,-8.05411606,-34.95341955,147,63
2023-03-16T21:55:13Z,walk,2023-03-16T22:16:38Z,-8.05413071,-34.95342089,147,63
2023-03-16T21:55:13Z,walk,2023-03-16T22:16:39Z,-8.05414604,-34.95342254,147,63
2023-03-16T21:55:13Z,walk,2023-03-16T22:16:40Z,-8.05416037,-34.95342287,147,63
2023-03-16T21:55:13Z,walk,2023-03-16T22:16:41Z,-8.05417469,-34.95342021,147,63
2023-03-16T21:55:13Z,walk,2023-03-16T22:16:42Z,-8.05418936,-34.95341654,148,62
2023-03-16T21:55:13Z,walk,2023-03-16T22:16:43Z,-8.05420336,-34.95341455,148,63
2023-03-16T21:55:13Z,walk,2023-03-16T22:16:44Z,-8.05421835,-34.95341022,148,63
2023-03-16T21:55:13Z,walk,2023-03-16T22:16:45Z,-8.05423302,-34.95340522,148,63
2023-03-16T21:55:13Z,walk,2023-03-16T22:16:46Z,-8.05424702,-34.95339989,148,64
2023-03-16T21:55:13Z,walk,2023-03-16T22:16:47Z,-8.05425901,-34.95339722,150,64
2023-03-16T21:55:13Z,walk,2023-03-16T22:16:48Z,-8.05427,-34.95339656,150,64
2023-03-16T21:55:13Z,walk,2023-03-16T22:16:49Z,-8.05428166,-34.95339591,151,64
2023-03-16T21:55:13Z,walk,2023-03-16T22:16:50Z,-8.05429633,-34.95339558,151,64
2023-03-16T21:55:13Z,walk,2023-03-16T22:16:51Z,-8.05431199,-34.95339624,151,64
2023-03-16T21:55:13Z,walk,2023-03-16T22:16:52Z,-8.05432732,-34.95339624,152,64
2023-03-16T21:55:13Z,walk,2023-03-16T22:16:53Z,-8.05434332,-34.95340091,152,65
2023-03-16T21:55:13Z,walk,2023-03-16T22:16:54Z,-8.05436065,-34.95340756,151,64
2023-03-16T21:55:13Z,walk,2023-03-16T22:16:55Z,-8.05437798,-34.95341422,151,63
2023-03-16T21:55:13Z,walk,2023-03-16T22:16:56Z,-8.0543943,-34.95342055,151,63
2023-03-16T21:55:13Z,walk,2023-03-16T22:16:57Z,-8.05440963,-34.95342521,151,63
2023-03-16T21:55:13Z,walk,2023-03-16T22:16:58Z,-8.05442529,-34.95342888,151,63
2023-03-16T21:55:13Z,walk,2023-03-16T22:16:59Z,-8.05444062,-34.9534322,150,63
2023-03-16T21:55:13Z,walk,2023-03-16T22:17:00Z,-8.05445596,-34.95343652,150,63
2023-03-16T21:55:13Z,walk,2023-03-16T22:17:01Z,-8.05447195,-34.95343951,150,63
2023-03-16T21:55:13Z,walk,2023-03-16T22:17:02Z,-8.05448795,-34.95344118,149,64
2023-03-16T21:55:13Z,walk,2023-03-16T22:17:03Z,-8.05450528,-34.95344285,149,64
2023-03-16T21:55:13Z,walk,2023-03-16T22:17:04Z,-8.05452195,-34.9534435,148,64
2023-03-16T21:55:13Z,walk,2023-03-16T22:17:05Z,-8.05453794,-34.95344383,148,64
2023-03-16T21:55:13Z,walk,2023-03-16T22:17:06Z,-8.05455294,-34.95344583,147,64
2023-03-16T21:55:13Z,walk,2023-03-16T22:17:07Z,-8.05456759,-34.95344882,147,64
2023-03-16T21:55:13Z,walk,2023-03-16T22:17:08Z,-8.05458225,-34.95345115,147,64
2023-03-16T21:55:13Z,walk,2023-03-16T22:17:09Z,-8.05459758,-34.95345281,147,64
2023-03-16T21:55:13Z,walk,2023-03-16T22:17:10Z,-8.05461392,-34.95345546,147,64
2023-03-16T21:55:13Z,walk,2023-03-16T22:17:11Z,-8.05463158,-34.9534598,147,64
2023-03-16T21:55:13Z,walk,2023-03-16T22:17:12Z,-8.05464824,-34.95346345,146,65
2023-03-16T21:55:13Z,walk,2023-03-16T22:17:13Z,-8.05466324,-34.95346711,146,65
2023-03-16T21:55:13Z,walk,2023-03-16T22:17:14Z,-8.05467723,-34.95346944,146,64
2023-03-16T21:55:13Z,walk,2023-03-16T22:17:15Z,-8.0546899,-34.95347077,146,64
2023-03-16T21:55:13Z,walk,2023-03-16T22:17:16Z,-8.05470256,-34.95346978,145,64
2023-03-16T21:55:13Z,walk,2023-03-16T22:17:17Z,-8.05471555,-34.95346812,144,63
2023-03-16T21:55:13Z,walk,2023-03-16T22:17:18Z,-8.05472889,-34.95346312,143,63
2023-03-16T21:55:13Z,walk,2023-03-16T22:17:19Z,-8.05474354,-34.95345713,143,64
2023-03-16T21:55:13Z,walk,2023-03-16T22:17:20Z,-8.05476087,-34.95345246,143,65
2023-03-16T21:55:13Z,walk,2023-03-16T22:17:21Z,-8.05477887,-34.95344947,143,65
2023-03-16T21:55:13Z,walk,2023-03-16T22:17:22Z,-8.05479452,-34.95344781,143,65
2023-03-16T21:55:13Z,walk,2023-03-16T22:17:23Z,-8.05480852,-34.95344847,143,64
2023-03-16T21:55:13Z,walk,2023-03-16T22:17:24Z,-8.05482186,-34.9534498,143,63
2023-03-16T21:55:13Z,walk,2023-03-16T22:17:25Z,-8.05483451,-34.95345213,143,64
2023-03-16T21:55:13Z,walk,2023-03-16T22:17:26Z,-8.05484818,-34.95345612,143,64
2023-03-16T21:55:13Z,walk,2023-03-16T22:17:27Z,-8.0548605,-34.95346112,143,64
2023-03-16T21:55:13Z,walk,2023-03-16T22:17:28Z,-8.0548735,-34.95346545,143,64
2023-03-16T21:55:13Z,walk,2023-03-16T22:17:29Z,-8.05488683,-34.95346812,143,64
2023-03-16T21:55:13Z,walk,2023-03-16T22:17:30Z,-8.05490116,-34.95346844,144,65
2023-03-16T21:55:13Z,walk,2023-03-16T22:17:31Z,-8.05491682,-34.95346877,145,63
2023-03-16T21:55:13Z,walk,2023-03-16T22:17:32Z,-8.05493282,-34.95347076,146,63
2023-03-16T21:55:13Z,walk,2023-03-16T22:17:33Z,-8.05494815,-34.95347209,146,63
2023-03-16T21:55:13Z,walk,2023-03-16T22:17:34Z,-8.05496247,-34.95347409,147,64
2023-03-16T21:55:13Z,walk,2023-03-16T22:17:35Z,-8.05497714,-34.95347508,147,63
2023-03-16T21:55:13Z,walk,2023-03-16T22:17:36Z,-8.05499346,-34.95347275,147,64
2023-03-16T21:55:13Z,walk,2023-03-16T22:17:37Z,-8.05501245,-34.95346909,147,63
2023-03-16T21:55:13Z,walk,2023-03-16T22:17:38Z,-8.05502979,-34.95346709,147,64
2023-03-16T21:55:13Z,walk,2023-03-16T22:17:39Z,-8.05504645,-34.95346842,147,64
2023-03-16T21:55:13Z,walk,2023-03-16T22:17:40Z,-8.05506144,-34.95347308,147,64
2023-03-16T21:55:13Z,walk,2023-03-16T22:17:41Z,-8.05507544,-34.95347907,146,65
2023-03-16T21:55:13Z,walk,2023-03-16T22:17:42Z,-8.05508811,-34.9534864,146,64
2023-03-16T21:55:13Z,walk,2023-03-16T22:17:43Z,-8.05510211,-34.95348973,146,63
2023-03-16T21:55:13Z,walk,2023-03-16T22:17:44Z,-8.05511643,-34.95349005,147,63
2023-03-16T21:55:13Z,walk,2023-03-16T22:17:45Z,-8.05513142,-34.95349038,147,63
2023-03-16T21:55:13Z,walk,2023-03-16T22:17:46Z,-8.05514575,-34.95349137,147,63
2023-03-16T21:55:13Z,walk,2023-03-16T22:17:47Z,-8.05515941,-34.95349303,148,64
2023-03-16T21:55:13Z,walk,2023-03-16T22:17:48Z,-8.05517408,-34.95349603,149,64
2023-03-16T21:55:13Z,walk,2023-03-16T22:17:49Z,-8.05519107,-34.95349935,147,65
2023-03-16T21:55:13Z,walk,2023-03-16T22:17:50Z,-8.05520707,-34.95350234,146,65
2023-03-16T21:55:13Z,walk,2023-03-16T22:17:51Z,-8.05522406,-34.95350501,146,65
2023-03-16T21:55:13Z,walk,2023-03-16T22:17:52Z,-8.05524038,-34.95350933,146,64
2023-03-16T21:55:13Z,walk,2023-03-16T22:17:53Z,-8.05525572,-34.95351367,146,63
2023-03-16T21:55:13Z,walk,2023-03-16T22:17:54Z,-8.05527037,-34.95351766,145,64
2023-03-16T21:55:13Z,walk,2023-03-16T22:17:55Z,-8.05528403,-34.95352166,144,64
2023-03-16T21:55:13Z,walk,2023-03-16T22:17:56Z,-8.05529703,-34.95352465,144,64
2023-03-16T21:55:13Z,walk,2023-03-16T22:17:57Z,-8.05531069,-34.95352864,144,64
2023-03-16T21:55:13Z,walk,2023-03-16T22:17:58Z,-8.05532334,-34.95353163,144,64
2023-03-16T21:55:13Z,walk,2023-03-16T22:17:59Z,-8.05533834,-34.95353563,143,64
2023-03-16T21:55:13Z,walk,2023-03-16T22:18:00Z,-8.05535267,-34.95354028,142,64
2023-03-16T21:55:13Z,walk,2023-03-16T22:18:01Z,-8.05536667,-34.95354428,142,63
2023-03-16T21:55:13Z,walk,2023-03-16T22:18:02Z,-8.05537999,-34.95354761,142,64
2023-03-16T21:55:13Z,walk,2023-03-16T22:18:03Z,-8.05539331,-34.95355093,142,64
2023-03-16T21:55:13Z,walk,2023-03-16T22:18:04Z,-8.0554053,-34.9535526,141,63
2023-03-16T21:55:13Z,walk,2023-03-16T22:18:05Z,-8.05541763,-34.95355425,140,63
2023-03-16T21:55:13Z,walk,2023-03-16T22:18:06Z,-8.05542929,-34.95355559,139,63
2023-03-16T21:55:13Z,walk,2023-03-16T22:18:07Z,-8.05544162,-34.95355526,139,64
2023-03-16T21:55:13Z,walk,2023-03-16T22:18:08Z,-8.05545494,-34.95355494,138,64
2023-03-16T21:55:13Z,walk,2023-03-16T22:18:09Z,-8.05546894,-34.95355461,139,64
2023-03-16T21:55:13Z,walk,2023-03-16T22:18:10Z,-8.05548361,-34.95355694,139,64
2023-03-16T21:55:13Z,walk,2023-03-16T22:18:11Z,-8.05549826,-34.95356026,139,63
2023-03-16T21:55:13Z,walk,2023-03-16T22:18:12Z,-8.05551392,-34.9535676,139,62
2023-03-16T21:55:13Z,walk,2023-03-16T22:18:13Z,-8.05552692,-34.9535776,139,63
2023-03-16T21:55:13Z,walk,2023-03-16T22:18:14Z,-8.05553791,-34.95358792,139,63
2023-03-16T21:55:13Z,walk,2023-03-16T22:18:15Z,-8.05555024,-34.95359825,139,63
2023-03-16T21:55:13Z,walk,2023-03-16T22:18:16Z,-8.05556323,-34.95360625,139,63
2023-03-16T21:55:13Z,walk,2023-03-16T22:18:17Z,-8.0555759,-34.95361459,139,63
2023-03-16T21:55:13Z,walk,2023-03-16T22:18:18Z,-8.05558789,-34.95362358,138,63
2023-03-16T21:55:13Z,walk,2023-03-16T22:18:19Z,-8.05559855,-34.95363391,137,63
2023-03-16T21:55:13Z,walk,2023-03-16T22:18:20Z,-8.05560788,-34.9536439,137,63
2023-03-16T21:55:13Z,walk,2023-03-16T22:18:21Z,-8.05561688,-34.95365423,137,64
2023-03-16T21:55:13Z,walk,2023-03-16T22:18:22Z,-8.05562554,-34.95366257,137,64
2023-03-16T21:55:13Z,walk,2023-03-16T22:18:23Z,-8.05563486,-34.95366989,138,64
2023-03-16T21:55:13Z,walk,2023-03-16T22:18:24Z,-8.05564319,-34.95367722,138,64
2023-03-16T21:55:13Z,walk,2023-03-16T22:18:25Z,-8.05564953,-34.95368355,137,64
2023-03-16T21:55:13Z,walk,2023-03-16T22:18:26Z,-8.05565419,-34.95369021,137,64
2023-03-16T21:55:13Z,walk,2023-03-16T22:18:27Z,-8.05565652,-34.95369887,137,64
2023-03-16T21:55:13Z,walk,2023-03-16T22:18:28Z,-8.05565852,-34.95370819,137,64
2023-03-16T21:55:13Z,walk,2023-03-16T22:18:29Z,-8.05566017,-34.95371853,136,64
2023-03-16T21:55:13Z,walk,2023-03-16T22:18:30Z,-8.05566017,-34.95373085,136,64
2023-03-16T21:55:13Z,walk,2023-03-16T22:18:31Z,-8.05566084,-34.95374051,139,65
2023-03-16T21:55:13Z,walk,2023-03-16T22:18:32Z,-8.05566051,-34.95375051,139,64
2023-03-16T21:55:13Z,walk,2023-03-16T22:18:33Z,-8.05566051,-34.95376051,139,64
2023-03-16T21:55:13Z,walk,2023-03-16T22:18:34Z,-8.05565885,-34.95377216,139,64
2023-03-16T21:55:13Z,walk,2023-03-16T22:18:35Z,-8.05565786,-34.95378549,140,64
2023-03-16T21:55:13Z,walk,2023-03-16T22:18:36Z,-8.05565654,-34.95380049,140,64
2023-03-16T21:55:13Z,walk,2023-03-16T22:18:37Z,-8.05565387,-34.95381214,140,64
2023-03-16T21:55:13Z,walk,2023-03-16T22:18:38Z,-8.05565221,-34.95382413,140,64
2023-03-16T21:55:13Z,walk,2023-03-16T22:18:39Z,-8.05565121,-34.9538368,141,64
2023-03-16T21:55:13Z,walk,2023-03-16T22:18:40Z,-8.05565089,-34.95384846,141,64
2023-03-16T21:55:13Z,walk,2023-03-16T22:18:41Z,-8.05565022,-34.95385978,141,63
2023-03-16T21:55:13Z,walk,2023-03-16T22:18:42Z,-8.05564856,-34.95387045,143,63
2023-03-16T21:55:13Z,walk,2023-03-16T22:18:43Z,-8.0556469,-34.95388277,142,64
2023-03-16T21:55:13Z,walk,2023-03-16T22:18:44Z,-8.05564258,-34.95389577,142,63
2023-03-16T21:55:13Z,walk,2023-03-16T22:18:45Z,-8.05563658,-34.95391009,141,64
2023-03-16T21:55:13Z,walk,2023-03-16T22:18:46Z,-8.05563025,-34.95392508,141,64
2023-03-16T21:55:13Z,walk,2023-03-16T22:18:47Z,-8.05562592,-34.95393941,141,64
2023-03-16T21:55:13Z,walk,2023-03-16T22:18:48Z,-8.0556236,-34.95395307,141,62
2023-03-16T21:55:13Z,walk,2023-03-16T22:18:49Z,-8.05562127,-34.95396607,140,63
2023-03-16T21:55:13Z,walk,2023-03-16T22:18:50Z,-8.05561995,-34.9539784,140,63
2023-03-16T21:55:13Z,walk,2023-03-16T22:18:51Z,-8.05561895,-34.95399072,139,63
2023-03-16T21:55:13Z,walk,2023-03-16T22:18:52Z,-8.05561962,-34.95400272,139,63
2023-03-16T21:55:13Z,walk,2023-03-16T22:18:53Z,-8.05561995,-34.95401438,138,64
2023-03-16T21:55:13Z,walk,2023-03-16T22:18:54Z,-8.05561962,-34.9540267,138,64
2023-03-16T21:55:13Z,walk,2023-03-16T22:18:55Z,-8.05561829,-34.95403836,139,63
2023-03-16T21:55:13Z,walk,2023-03-16T22:18:56Z,-8.05561496,-34.95405169,139,62
2023-03-16T21:55:13Z,walk,2023-03-16T22:18:57Z,-8.05561029,-34.95406502,139,62
2023-03-16T21:55:13Z,walk,2023-03-16T22:18:58Z,-8.05560664,-34.95407836,139,62
2023-03-16T21:55:13Z,walk,2023-03-16T22:18:59Z,-8.05560397,-34.95409301,139,62
2023-03-16T21:55:13Z,walk,2023-03-16T22:19:00Z,-8.0556033,-34.95410968,138,62
2023-03-16T21:55:13Z,walk,2023-03-16T22:19:01Z,-8.05560363,-34.95412601,137,63
2023-03-16T21:55:13Z,walk,2023-03-16T22:19:02Z,-8.05560297,-34.95414134,137,63
2023-03-16T21:55:13Z,walk,2023-03-16T22:19:03Z,-8.05560264,-34.95415633,137,63
2023-03-16T21:55:13Z,walk,2023-03-16T22:19:04Z,-8.05560297,-34.95416999,137,63
2023-03-16T21:55:13Z,walk,2023-03-16T22:19:05Z,-8.05560396,-34.95418266,137,63
2023-03-16T21:55:13Z,walk,2023-03-16T22:19:06Z,-8.05560429,-34.95419698,137,63
2023-03-16T21:55:13Z,walk,2023-03-16T22:19:07Z,-8.05560429,-34.95421131,137,63
2023-03-16T21:55:13Z,walk,2023-03-16T22:19:08Z,-8.05560396,-34.95422596,137,63
2023-03-16T21:55:13Z,walk,2023-03-16T22:19:09Z,-8.05560329,-34.95423896,136,64
2023-03-16T21:55:13Z,walk,2023-03-16T22:19:10Z,-8.0556023,-34.95425263,136,64
2023-03-16T21:55:13Z,walk,2023-03-16T22:19:11Z,-8.0556023,-34.95426562,136,64
2023-03-16T21:55:13Z,walk,2023-03-16T22:19:12Z,-8.05560165,-34.95427829,137,64
2023-03-16T21:55:13Z,walk,2023-03-16T22:19:13Z,-8.05560131,-34.95429061,137,64
2023-03-16T21:55:13Z,walk,2023-03-16T22:19:14Z,-8.05560165,-34.95430227,137,63
2023-03-16T21:55:13Z,walk,2023-03-16T22:19:15Z,-8.05560297,-34.95431426,136,63
2023-03-16T21:55:13Z,walk,2023-03-16T22:19:16Z,-8.05560165,-34.95432826,136,63
2023-03-16T21:55:13Z,walk,2023-03-16T22:19:17Z,-8.05559898,-34.95434126,136,63
2023-03-16T21:55:13Z,walk,2023-03-16T22:19:18Z,-8.05559732,-34.95435291,136,63
2023-03-16T21:55:13Z,walk,2023-03-16T22:19:19Z,-8.05559831,-34.95436425,136,63
2023-03-16T21:55:13Z,walk,2023-03-16T22:19:20Z,-8.05560064,-34.95437557,136,62
2023-03-16T21:55:13Z,walk,2023-03-16T22:19:21Z,-8.05560264,-34.9543889,136,63
2023-03-16T21:55:13Z,walk,2023-03-16T22:19:22Z,-8.05560264,-34.95440356,136,63
2023-03-16T21:55:13Z,walk,2023-03-16T22:19:23Z,-8.05559965,-34.95441923,136,63
2023-03-16T21:55:13Z,walk,2023-03-16T22:19:24Z,-8.05559398,-34.95443589,137,63
2023-03-16T21:55:13Z,walk,2023-03-16T22:19:25Z,-8.05558899,-34.95445122,137,63
2023-03-16T21:55:13Z,walk,2023-03-16T22:19:26Z,-8.055584,-34.95446522,137,63
2023-03-16T21:55:13Z,walk,2023-03-16T22:19:27Z,-8.05558,-34.95447754,137,63
2023-03-16T21:55:13Z,walk,2023-03-16T22:19:28Z,-8.055576,-34.95448987,137,63
2023-03-16T21:55:13Z,walk,2023-03-16T22:19:29Z,-8.05557101,-34.95450321,137,63
2023-03-16T21:55:13Z,walk,2023-03-16T22:19:30Z,-8.05556435,-34.95451721,138,63
2023-03-16T21:55:13Z,walk,2023-03-16T22:19:31Z,-8.05555769,-34.95453186,138,63
2023-03-16T21:55:13Z,walk,2023-03-16T22:19:32Z,-8.05555403,-34.95454519,138,63
2023-03-16T21:55:13Z,walk,2023-03-16T22:19:33Z,-8.05555203,-34.95455952,138,63
2023-03-16T21:55:13Z,walk,2023-03-16T22:19:34Z,-8.05555136,-34.95457352,138,63
2023-03-16T21:55:13Z,walk,2023-03-16T22:19:35Z,-8.05555336,-34.95458784,138,63
2023-03-16T21:55:13Z,walk,2023-03-16T22:19:36Z,-8.0555567,-34.95460083,139,63
2023-03-16T21:55:13Z,walk,2023-03-16T22:19:37Z,-8.05555969,-34.95461283,139,63
2023-03-16T21:55:13Z,walk,2023-03-16T22:19:38Z,-8.05556268,-34.95462417,139,63
2023-03-16T21:55:13Z,walk,2023-03-16T22:19:39Z,-8.05556468,-34.95463516,139,63
2023-03-16T21:55:13Z,walk,2023-03-16T22:19:40Z,-8.055567,-34.95464549,139,63
2023-03-16T21:55:13Z,walk,2023-03-16T22:19:41Z,-8.05556867,-34.95465649,139,63
2023-03-16T21:55:13Z,walk,2023-03-16T22:19:42Z,-8.05556932,-34.95466949,140,63
2023-03-16T21:55:13Z,walk,2023-03-16T22:19:43Z,-8.05556932,-34.95468281,141,63
2023-03-16T21:55:13Z,walk,2023-03-16T22:19:44Z,-8.05556867,-34.95469815,141,63
2023-03-16T21:55:13Z,walk,2023-03-16T22:19:45Z,-8.055567,-34.95471347,140,62
2023-03-16T21:55:13Z,walk,2023-03-16T22:19:46Z,-8.05556534,-34.9547328,141,62
2023-03-16T21:55:13Z,walk,2023-03-16T22:19:47Z,-8.05556334,-34.95475546,141,62
2023-03-16T21:55:13Z,walk,2023-03-16T22:19:48Z,-8.05556169,-34.95477812,141,62
2023-03-16T21:55:13Z,walk,2023-03-16T22:19:49Z,-8.05556069,-34.95479811,142,62
2023-03-16T21:55:13Z,walk,2023-03-16T22:19:50Z,-8.05556069,-34.95481744,142,62
2023-03-16T21:55:13Z,walk,2023-03-16T22:19:51Z,-8.05556003,-34.95483611,142,62
2023-03-16T21:55:13Z,walk,2023-03-16T22:19:52Z,-8.05555903,-34.95485443,142,63
2023-03-16T21:55:13Z,walk,2023-03-16T22:19:53Z,-8.05555804,-34.95487276,142,63
2023-03-16T21:55:13Z,walk,2023-03-16T22:19:54Z,-8.05555604,-34.95489109,142,63
2023-03-16T21:55:13Z,walk,2023-03-16T22:19:55Z,-8.05555472,-34.95490842,142,63
2023-03-16T21:55:13Z,walk,2023-03-16T22:19:56Z,-8.05555272,-34.95492674,142,63
2023-03-16T21:55:13Z,walk,2023-03-16T22:19:57Z,-8.05555039,-34.9549444,142,64
2023-03-16T21:55:13Z,walk,2023-03-16T22:19:58Z,-8.05554839,-34.9549634,142,64
2023-03-16T21:55:13Z,walk,2023-03-16T22:19:59Z,-8.0555474,-34.95498372,142,64
2023-03-16T21:55:13Z,walk,2023-03-16T22:20:00Z,-8.0555474,-34.95500672,143,64
2023-03-16T21:55:13Z,walk,2023-03-16T22:20:01Z,-8.05554906,-34.95502871,144,65
2023-03-16T21:55:13Z,walk,2023-03-16T22:20:02Z,-8.05555205,-34.95505105,144,65
2023-03-16T21:55:13Z,walk,2023-03-16T22:20:03Z,-8.05555672,-34.95507505,145,64
2023-03-16T21:55:13Z,walk,2023-03-16T22:20:04Z,-8.05556071,-34.95509705,145,64
2023-03-16T21:55:13Z,walk,2023-03-16T22:20:05Z,-8.05556271,-34.95511837,145,64
2023-03-16T21:55:13Z,walk,2023-03-16T22:20:06Z,-8.05556271,-34.95514004,145,64
2023-03-16T21:55:13Z,walk,2023-03-16T22:20:07Z,-8.05556038,-34.95515969,146,63
2023-03-16T21:55:13Z,walk,2023-03-16T22:20:08Z,-8.05555773,-34.95517903,146,65
2023-03-16T21:55:13Z,walk,2023-03-16T22:20:09Z,-8.05555474,-34.95520035,146,66
2023-03-16T21:55:13Z,walk,2023-03-16T22:20:10Z,-8.05555274,-34.95522068,145,66
2023-03-16T21:55:13Z,walk,2023-03-16T22:20:11Z,-8.05555207,-34.95523801,145,66
2023-03-16T21:55:13Z,walk,2023-03-16T22:20:12Z,-8.05555007,-34.955258,144,66
2023-03-16T21:55:13Z,walk,2023-03-16T22:20:13Z,-8.05554741,-34.95527899,143,63
2023-03-16T21:55:13Z,walk,2023-03-16T22:20:14Z,-8.05554476,-34.95529799,142,62
2023-03-16T21:55:13Z,walk,2023-03-16T22:20:15Z,-8.0555411,-34.95531365,141,62
2023-03-16T21:55:13Z,walk,2023-03-16T22:20:16Z,-8.0555361,-34.95532831,141,62
2023-03-16T21:55:13Z,walk,2023-03-16T22:20:17Z,-8.05553044,-34.95534431,141,62
2023-03-16T21:55:13Z,walk,2023-03-16T22:20:18Z,-8.05552378,-34.95536263,141,63
2023-03-16T21:55:13Z,walk,2023-03-16T22:20:19Z,-8.05551778,-34.95537962,141,63
2023-03-16T21:55:13Z,walk,2023-03-16T22:20:20Z,-8.05551211,-34.95539629,140,63
2023-03-16T21:55:13Z,walk,2023-03-16T22:20:21Z,-8.05550679,-34.95541296,140,63
2023-03-16T21:55:13Z,walk,2023-03-16T22:20:22Z,-8.05550212,-34.95542962,140,63
2023-03-16T21:55:13Z,walk,2023-03-16T22:20:23Z,-8.0554978,-34.95544695,140,63
2023-03-16T21:55:13Z,walk,2023-03-16T22:20:24Z,-8.0554938,-34.95546394,140,63
2023-03-16T21:55:13Z,walk,2023-03-16T22:20:25Z,-8.05549047,-34.95547927,140,63
2023-03-16T21:55:13Z,walk,2023-03-16T22:20:26Z,-8.05548847,-34.95549493,140,64
2023-03-16T21:55:13Z,walk,2023-03-16T22:20:27Z,-8.05548681,-34.95551159,140,64
2023-03-16T21:55:13Z,walk,2023-03-16T22:20:28Z,-8.05548614,-34.95552759,140,64
2023-03-16T21:55:13Z,walk,2023-03-16T22:20:29Z,-8.05548548,-34.95554258,140,64
2023-03-16T21:55:13Z,walk,2023-03-16T22:20:30Z,-8.05548482,-34.95555625,140,64
2023-03-16T21:55:13Z,walk,2023-03-16T22:20:31Z,-8.05548614,-34.95556958,140,64
2023-03-16T21:55:13Z,walk,2023-03-16T22:20:32Z,-8.05548714,-34.95558358,140,64
2023-03-16T21:55:13Z,walk,2023-03-16T22:20:33Z,-8.05548813,-34.95559492,140,63
2023-03-16T21:55:13Z,walk,2023-03-16T22:20:34Z,-8.0554908,-34.95560892,140,64
2023-03-16T21:55:13Z,walk,2023-03-16T22:20:35Z,-8.0554928,-34.95562191,139,63
2023-03-16T21:55:13Z,walk,2023-03-16T22:20:36Z,-8.0554948,-34.95563623,139,63
2023-03-16T21:55:13Z,walk,2023-03-16T22:20:37Z,-8.05549779,-34.95564956,139,64
2023-03-16T21:55:13Z,walk,2023-03-16T22:20:38Z,-8.05550144,-34.9556629,139,63
2023-03-16T21:55:13Z,walk,2023-03-16T22:20:39Z,-8.05550344,-34.95567623,139,64
2023-03-16T21:55:13Z,walk,2023-03-16T22:20:40Z,-8.0555051,-34.95569089,139,63
2023-03-16T21:55:13Z,walk,2023-03-16T22:20:41Z,-8.05550642,-34.95570421,139,62
2023-03-16T21:55:13Z,walk,2023-03-16T22:20:42Z,-8.05550776,-34.95571721,139,62
2023-03-16T21:55:13Z,walk,2023-03-16T22:20:43Z,-8.05550809,-34.95573088,139,63
2023-03-16T21:55:13Z,walk,2023-03-16T22:20:43Z,-8.05550776,-34.95574253,139,63
2023-03-16T21:55:13Z,walk,2023-03-16T22:20:44Z,-8.05550709,-34.95575387,141,63
2023-03-16T21:55:13Z,walk,2023-03-16T22:20:45Z,-8.05550543,-34.95576252,142,64
2023-03-16T21:55:13Z,walk,2023-03-16T22:20:46Z,-8.05550343,-34.95577219,142,64
2023-03-16T21:55:13Z,walk,2023-03-16T22:20:47Z,-8.05549978,-34.95578319,142,64
2023-03-16T21:55:13Z,walk,2023-03-16T22:20:48Z,-8.05549278,-34.95579318,142,64
2023-03-16T21:55:13Z,walk,2023-03-16T22:20:49Z,-8.05548545,-34.95580217,142,63
2023-03-16T21:55:13Z,walk,2023-03-16T22:20:50Z,-8.05548079,-34.95580984,142,63
2023-03-16T21:55:13Z,walk,2023-03-16T22:20:51Z,-8.05547745,-34.95581383,142,63
2023-03-16T21:55:13Z,walk,2023-03-16T22:20:53Z,-8.05547513,-34.95581416,142,63
2023-03-16T21:55:13Z,walk,2023-03-16T22:20:53Z,-8.05547381,-34.95581349,142,63
2023-03-16T21:55:13Z,walk,2023-03-16T22:20:54Z,-8.05546981,-34.95581084,143,63
2023-03-16T21:55:13Z,walk,2023-03-16T22:20:55Z,-8.05546581,-34.95580451,143,63
2023-03-16T21:55:13Z,walk,2023-03-16T22:20:56Z,-8.05546248,-34.95579685,144,65
2023-03-16T21:55:13Z,walk,2023-03-16T22:20:57Z,-8.05545915,-34.95578851,145,63
2023-03-16T21:55:13Z,walk,2023-03-16T22:20:58Z,-8.05545515,-34.95578152,146,63
2023-03-16T21:55:13Z,walk,2023-03-16T22:20:59Z,-8.05545116,-34.95576953,146,63
2023-03-16T21:55:13Z,walk,2023-03-16T22:21:00Z,-8.05544649,-34.95575687,146,63
2023-03-16T21:55:13Z,walk,2023-03-16T22:21:01Z,-8.0554435,-34.95573988,146,63
2023-03-16T21:55:13Z,walk,2023-03-16T22:21:02Z,-8.05544317,-34.95572222,146,64
2023-03-16T21:55:13Z,walk,2023-03-16T22:21:03Z,-8.05544384,-34.95570555,146,65
2023-03-16T21:55:13Z,walk,2023-03-16T22:21:04Z,-8.05544616,-34.95568856,146,64
2023-03-16T21:55:13Z,walk,2023-03-16T22:21:05Z,-8.05544916,-34.95567124,146,64
2023-03-16T21:55:13Z,walk,2023-03-16T22:21:06Z,-8.05545249,-34.95565357,147,63
2023-03-16T21:55:13Z,walk,2023-03-16T22:21:07Z,-8.05545748,-34.95563225,148,64
2023-03-16T21:55:13Z,walk,2023-03-16T22:21:08Z,-8.05546114,-34.95561258,148,63
2023-03-16T21:55:13Z,walk,2023-03-16T22:21:09Z,-8.0554648,-34.95559092,148,63
2023-03-16T21:55:13Z,walk,2023-03-16T22:21:10Z,-8.0554668,-34.95557226,148,63
2023-03-16T21:55:13Z,walk,2023-03-16T22:21:11Z,-8.05546845,-34.95555359,148,63
2023-03-16T21:55:13Z,walk,2023-03-16T22:21:12Z,-8.05547045,-34.95553394,148,63
2023-03-16T21:55:13Z,walk,2023-03-16T22:21:13Z,-8.05547145,-34.95551661,148,65
2023-03-16T21:55:13Z,walk,2023-03-16T22:21:14Z,-8.05547278,-34.95549861,148,64
2023-03-16T21:55:13Z,walk,2023-03-16T22:21:15Z,-8.05547543,-34.95547996,149,64
2023-03-16T21:55:13Z,walk,2023-03-16T22:21:16Z,-8.0554781,-34.95546429,150,63
2023-03-16T21:55:13Z,walk,2023-03-16T22:21:17Z,-8.05547942,-34.95544897,150,63
2023-03-16T21:55:13Z,walk,2023-03-16T22:21:18Z,-8.05547942,-34.95543397,150,63
2023-03-16T21:55:13Z,walk,2023-03-16T22:21:19Z,-8.05547909,-34.95541864,150,63
2023-03-16T21:55:13Z,walk,2023-03-16T22:21:20Z,-8.05547909,-34.95540399,149,63
2023-03-16T21:55:13Z,walk,2023-03-16T22:21:21Z,-8.05547843,-34.95538865,146,63
2023-03-16T21:55:13Z,walk,2023-03-16T22:21:22Z,-8.0554781,-34.95537232,146,64
2023-03-16T21:55:13Z,walk,2023-03-16T22:21:23Z,-8.05547843,-34.95535433,146,64
2023-03-16T21:55:13Z,walk,2023-03-16T22:21:24Z,-8.05547843,-34.95533701,145,64
2023-03-16T21:55:13Z,walk,2023-03-16T22:21:25Z,-8.0554781,-34.95532067,145,64
2023-03-16T21:55:13Z,walk,2023-03-16T22:21:26Z,-8.05547743,-34.95530602,145,64
2023-03-16T21:55:13Z,walk,2023-03-16T22:21:27Z,-8.05547444,-34.95528935,147,64
2023-03-16T21:55:13Z,walk,2023-03-16T22:21:28Z,-8.05547278,-34.95527403,148,64
2023-03-16T21:55:13Z,walk,2023-03-16T22:21:29Z,-8.05547211,-34.95525903,148,64
2023-03-16T21:55:13Z,walk,2023-03-16T22:21:30Z,-8.05547311,-34.95524437,149,64
2023-03-16T21:55:13Z,walk,2023-03-16T22:21:31Z,-8.0554761,-34.95523005,149,64
2023-03-16T21:55:13Z,walk,2023-03-16T22:21:32Z,-8.05547976,-34.95521605,149,64
2023-03-16T21:55:13Z,walk,2023-03-16T22:21:33Z,-8.05548342,-34.95520271,150,63
2023-03-16T21:55:13Z,walk,2023-03-16T22:21:34Z,-8.05548641,-34.95519006,150,64
2023-03-16T21:55:13Z,walk,2023-03-16T22:21:35Z,-8.05548807,-34.95517806,150,64
2023-03-16T21:55:13Z,walk,2023-03-16T22:21:36Z,-8.05548907,-34.9551674,150,64
2023-03-16T21:55:13Z,walk,2023-03-16T22:21:37Z,-8.05548907,-34.9551564,150,64
2023-03-16T21:55:13Z,walk,2023-03-16T22:21:38Z,-8.05548775,-34.95514673,150,64
2023-03-16T21:55:13Z,walk,2023-03-16T22:21:39Z,-8.05548807,-34.9551384,150,64
2023-03-16T21:55:13Z,walk,2023-03-16T22:21:40Z,-8.05548907,-34.95512908,150,64
2023-03-16T21:55:13Z,walk,2023-03-16T22:21:41Z,-8.05549006,-34.95511709,150,64
2023-03-16T21:55:13Z,walk,2023-03-16T22:21:42Z,-8.05549073,-34.95510409,150,64
2023-03-16T21:55:13Z,walk,2023-03-16T22:21:43Z,-8.05549073,-34.95508976,148,64
2023-03-16T21:55:13Z,walk,2023-03-16T22:21:44Z,-8.05549172,-34.95507544,147,64
2023-03-16T21:55:13Z,walk,2023-03-16T22:21:45Z,-8.05549405,-34.95506078,147,64
2023-03-16T21:55:13Z,walk,2023-03-16T22:21:46Z,-8.05549605,-34.95504478,147,63
2023-03-16T21:55:13Z,walk,2023-03-16T22:21:47Z,-8.05549704,-34.95502912,147,63
2023-03-16T21:55:13Z,walk,2023-03-16T22:21:48Z,-8.05549771,-34.95501446,147,63
2023-03-16T21:55:13Z,walk,2023-03-16T22:21:49Z,-8.05549803,-34.95500014,147,63
2023-03-16T21:55:13Z,walk,2023-03-16T22:21:50Z,-8.05549737,-34.95498647,148,64
2023-03-16T21:55:13Z,walk,2023-03-16T22:21:51Z,-8.05549605,-34.95497247,147,62
2023-03-16T21:55:13Z,walk,2023-03-16T22:21:53Z,-8.05549538,-34.95495781,147,63
2023-03-16T21:55:13Z,walk,2023-03-16T22:21:53Z,-8.05549505,-34.95494448,147,63
2023-03-16T21:55:13Z,walk,2023-03-16T22:21:54Z,-8.05549473,-34.95493116,146,64
2023-03-16T21:55:13Z,walk,2023-03-16T22:21:55Z,-8.05549439,-34.95491916,145,63
2023-03-16T21:55:13Z,walk,2023-03-16T22:21:56Z,-8.05549407,-34.9549085,144,64
2023-03-16T21:55:13Z,walk,2023-03-16T22:21:57Z,-8.0554934,-34.9548995,144,64
2023-03-16T21:55:13Z,walk,2023-03-16T22:21:58Z,-8.05549474,-34.9548855,144,64
2023-03-16T21:55:13Z,walk,2023-03-16T22:21:59Z,-8.05549706,-34.95486918,144,64
2023-03-16T21:55:13Z,walk,2023-03-16T22:22:00Z,-8.05550106,-34.95485318,144,64
2023-03-16T21:55:13Z,walk,2023-03-16T22:22:01Z,-8.05550705,-34.95483619,144,64
2023-03-16T21:55:13Z,walk,2023-03-16T22:22:02Z,-8.05551071,-34.95481952,143,64
2023-03-16T21:55:13Z,walk,2023-03-16T22:22:03Z,-8.05551336,-34.95480453,143,63
2023-03-16T21:55:13Z,walk,2023-03-16T22:22:04Z,-8.05551536,-34.95479086,143,63
2023-03-16T21:55:13Z,walk,2023-03-16T22:22:05Z,-8.05551636,-34.95477654,143,64
2023-03-16T21:55:13Z,walk,2023-03-16T22:22:06Z,-8.05551869,-34.95475922,143,64
2023-03-16T21:55:13Z,walk,2023-03-16T22:22:07Z,-8.05552168,-34.95474222,143,64
2023-03-16T21:55:13Z,walk,2023-03-16T22:22:08Z,-8.05552568,-34.95472423,143,65
2023-03-16T21:55:13Z,walk,2023-03-16T22:22:09Z,-8.05552933,-34.95470724,142,64
2023-03-16T21:55:13Z,walk,2023-03-16T22:22:10Z,-8.055534,-34.95468824,142,64
2023-03-16T21:55:13Z,walk,2023-03-16T22:22:11Z,-8.05553732,-34.95466991,143,63
2023-03-16T21:55:13Z,walk,2023-03-16T22:22:12Z,-8.05553899,-34.95465225,143,63
2023-03-16T21:55:13Z,walk,2023-03-16T22:22:13Z,-8.05554065,-34.95463592,143,63
2023-03-16T21:55:13Z,walk,2023-03-16T22:22:14Z,-8.05554164,-34.95462059,143,63
2023-03-16T21:55:13Z,walk,2023-03-16T22:22:15Z,-8.05554164,-34.9546036,141,64
2023-03-16T21:55:13Z,walk,2023-03-16T22:22:16Z,-8.05554131,-34.95458794,140,64
2023-03-16T21:55:13Z,walk,2023-03-16T22:22:17Z,-8.05554066,-34.95457261,140,63
2023-03-16T21:55:13Z,walk,2023-03-16T22:22:18Z,-8.05553833,-34.95455662,140,63
2023-03-16T21:55:13Z,walk,2023-03-16T22:22:19Z,-8.05553534,-34.95454095,140,63
2023-03-16T21:55:13Z,walk,2023-03-16T22:22:20Z,-8.05553269,-34.95452495,140,64
2023-03-16T21:55:13Z,walk,2023-03-16T22:22:21Z,-8.05553036,-34.95450896,140,64
2023-03-16T21:55:13Z,walk,2023-03-16T22:22:22Z,-8.0555287,-34.9544933,140,62
2023-03-16T21:55:13Z,walk,2023-03-16T22:22:23Z,-8.05552603,-34.9544793,140,63
2023-03-16T21:55:13Z,walk,2023-03-16T22:22:24Z,-8.05552304,-34.95446397,140,63
2023-03-16T21:55:13Z,walk,2023-03-16T22:22:25Z,-8.05552005,-34.95444965,140,63
2023-03-16T21:55:13Z,walk,2023-03-16T22:22:26Z,-8.05551639,-34.95443598,140,64
2023-03-16T21:55:13Z,walk,2023-03-16T22:22:27Z,-8.05551273,-34.95442166,140,64
2023-03-16T21:55:13Z,walk,2023-03-16T22:22:28Z,-8.05550873,-34.95440733,140,64
2023-03-16T21:55:13Z,walk,2023-03-16T22:22:29Z,-8.05550507,-34.954393,139,65
2023-03-16T21:55:13Z,walk,2023-03-16T22:22:30Z,-8.05550208,-34.95437934,139,65
2023-03-16T21:55:13Z,walk,2023-03-16T22:22:31Z,-8.05549976,-34.95436435,140,64
2023-03-16T21:55:13Z,walk,2023-03-16T22:22:32Z,-8.05549909,-34.95435068,141,65
2023-03-16T21:55:13Z,walk,2023-03-16T22:22:33Z,-8.05549842,-34.95433702,141,64
2023-03-16T21:55:13Z,walk,2023-03-16T22:22:34Z,-8.05549976,-34.95432302,141,65
2023-03-16T21:55:13Z,walk,2023-03-16T22:22:35Z,-8.05550275,-34.95430869,141,65
2023-03-16T21:55:13Z,walk,2023-03-16T22:22:36Z,-8.05550574,-34.9542937,141,65
2023-03-16T21:55:13Z,walk,2023-03-16T22:22:37Z,-8.05550907,-34.95427737,141,64
2023-03-16T21:55:13Z,walk,2023-03-16T22:22:38Z,-8.05551273,-34.95426271,139,64
2023-03-16T21:55:13Z,walk,2023-03-16T22:22:39Z,-8.05551572,-34.95424739,137,64
2023-03-16T21:55:13Z,walk,2023-03-16T22:22:40Z,-8.05551805,-34.95423272,136,64
2023-03-16T21:55:13Z,walk,2023-03-16T22:22:41Z,-8.05552005,-34.95421906,135,64
2023-03-16T21:55:13Z,walk,2023-03-16T22:22:42Z,-8.05552237,-34.95420373,135,64
2023-03-16T21:55:13Z,walk,2023-03-16T22:22:43Z,-8.05552437,-34.95418973,135,64
2023-03-16T21:55:13Z,walk,2023-03-16T22:22:44Z,-8.05552603,-34.95417707,135,64
2023-03-16T21:55:13Z,walk,2023-03-16T22:22:45Z,-8.05552735,-34.95416341,135,64
2023-03-16T21:55:13Z,walk,2023-03-16T22:22:46Z,-8.05552935,-34.95415007,136,63
2023-03-16T21:55:13Z,walk,2023-03-16T22:22:47Z,-8.05553135,-34.95413607,135,62
2023-03-16T21:55:13Z,walk,2023-03-16T22:22:48Z,-8.05553269,-34.95412175,135,62
2023-03-16T21:55:13Z,walk,2023-03-16T22:22:49Z,-8.05553468,-34.95410775,135,63
2023-03-16T21:55:13Z,walk,2023-03-16T22:22:50Z,-8.05553733,-34.95409475,135,64
2023-03-16T21:55:13Z,walk,2023-03-16T22:22:51Z,-8.055541,-34.95408209,135,65
2023-03-16T21:55:13Z,walk,2023-03-16T22:22:52Z,-8.05554532,-34.95406976,135,64
2023-03-16T21:55:13Z,walk,2023-03-16T22:22:53Z,-8.05554865,-34.95405644,134,64
2023-03-16T21:55:13Z,walk,2023-03-16T22:22:54Z,-8.05555198,-34.95404377,134,64
2023-03-16T21:55:13Z,walk,2023-03-16T22:22:55Z,-8.05555531,-34.95403145,133,64
2023-03-16T21:55:13Z,walk,2023-03-16T22:22:56Z,-8.05555931,-34.95401979,132,63
2023-03-16T21:55:13Z,walk,2023-03-16T22:22:57Z,-8.0555623,-34.95400979,132,63
2023-03-16T21:55:13Z,walk,2023-03-16T22:22:58Z,-8.05556596,-34.9540008,132,63
2023-03-16T21:55:13Z,walk,2023-03-16T22:22:59Z,-8.05557028,-34.95399114,132,63
2023-03-16T21:55:13Z,walk,2023-03-16T22:23:00Z,-8.05557295,-34.95398214,132,63
2023-03-16T21:55:13Z,walk,2023-03-16T22:23:01Z,-8.05557394,-34.95397249,131,63
2023-03-16T21:55:13Z,walk,2023-03-16T22:23:02Z,-8.05557328,-34.95396182,130,63
2023-03-16T21:55:13Z,walk,2023-03-16T22:23:03Z,-8.05557295,-34.95394849,129,63
2023-03-16T21:55:13Z,walk,2023-03-16T22:23:04Z,-8.05557328,-34.95393283,128,65
2023-03-16T21:55:13Z,walk,2023-03-16T22:23:05Z,-8.05557394,-34.9539175,128,65
2023-03-16T21:55:13Z,walk,2023-03-16T22:23:06Z,-8.05557394,-34.95390284,128,65
2023-03-16T21:55:13Z,walk,2023-03-16T22:23:07Z,-8.05557394,-34.95388785,127,64
2023-03-16T21:55:13Z,walk,2023-03-16T22:23:08Z,-8.05557328,-34.95387385,126,64
2023-03-16T21:55:13Z,walk,2023-03-16T22:23:09Z,-8.05557228,-34.95385985,126,64
2023-03-16T21:55:13Z,walk,2023-03-16T22:23:10Z,-8.05557129,-34.95384585,126,64
2023-03-16T21:55:13Z,walk,2023-03-16T22:23:11Z,-8.05556864,-34.95383185,126,64
2023-03-16T21:55:13Z,walk,2023-03-16T22:23:12Z,-8.0555673,-34.95381852,126,64
2023-03-16T21:55:13Z,walk,2023-03-16T22:23:13Z,-8.0555673,-34.95380518,125,63
2023-03-16T21:55:13Z,walk,2023-03-16T22:23:14Z,-8.0555683,-34.95379119,124,63
2023-03-16T21:55:13Z,walk,2023-03-16T22:23:15Z,-8.05556963,-34.95377686,124,63
2023-03-16T21:55:13Z,walk,2023-03-16T22:23:16Z,-8.05557028,-34.9537612,124,64
2023-03-16T21:55:13Z,walk,2023-03-16T22:23:17Z,-8.05557028,-34.95374587,124,63
2023-03-16T21:55:13Z,walk,2023-03-16T22:23:18Z,-8.05556996,-34.95373021,124,63
2023-03-16T21:55:13Z,walk,2023-03-16T22:23:19Z,-8.05556996,-34.95371388,124,63
2023-03-16T21:55:13Z,walk,2023-03-16T22:23:20Z,-8.05557196,-34.95369889,124,62
2023-03-16T21:55:13Z,walk,2023-03-16T22:23:21Z,-8.05557262,-34.95368522,124,62
2023-03-16T21:55:13Z,walk,2023-03-16T22:23:22Z,-8.05557295,-34.95367357,125,63
2023-03-16T21:55:13Z,walk,2023-03-16T22:23:23Z,-8.05557427,-34.95366191,125,63
2023-03-16T21:55:13Z,walk,2023-03-16T22:23:24Z,-8.05557362,-34.95365224,125,63
2023-03-16T21:55:13Z,walk,2023-03-16T22:23:25Z,-8.05557095,-34.95364491,125,63
2023-03-16T21:55:13Z,walk,2023-03-16T22:23:26Z,-8.05556762,-34.95363692,126,63
2023-03-16T21:55:13Z,walk,2023-03-16T22:23:27Z,-8.05556396,-34.95362759,126,64
2023-03-16T21:55:13Z,walk,2023-03-16T22:23:28Z,-8.05555863,-34.95362192,126,64
2023-03-16T21:55:13Z,walk,2023-03-16T22:23:29Z,-8.05555097,-34.95362026,126,63
2023-03-16T21:55:13Z,walk,2023-03-16T22:23:30Z,-8.05554197,-34.95361826,125,62
2023-03-16T21:55:13Z,walk,2023-03-16T22:23:31Z,-8.0555323,-34.95361494,125,62
2023-03-16T21:55:13Z,walk,2023-03-16T22:23:32Z,-8.05552331,-34.95361027,124,62
2023-03-16T21:55:13Z,walk,2023-03-16T22:23:33Z,-8.05551598,-34.95360462,123,62
2023-03-16T21:55:13Z,walk,2023-03-16T22:23:34Z,-8.05550865,-34.95359863,123,62
2023-03-16T21:55:13Z,walk,2023-03-16T22:23:35Z,-8.05550232,-34.9535923,123,62
2023-03-16T21:55:13Z,walk,2023-03-16T22:23:36Z,-8.05549666,-34.95358598,124,64
2023-03-16T21:55:13Z,walk,2023-03-16T22:23:37Z,-8.055492,-34.95357398,124,64
2023-03-16T21:55:13Z,walk,2023-03-16T22:23:38Z,-8.05548768,-34.95356031,124,64
2023-03-16T21:55:13Z,walk,2023-03-16T22:23:39Z,-8.05548368,-34.95354699,125,64
2023-03-16T21:55:13Z,walk,2023-03-16T22:23:40Z,-8.05547768,-34.95353132,126,64
2023-03-16T21:55:13Z,walk,2023-03-16T22:23:41Z,-8.05547201,-34.95351833,126,64
2023-03-16T21:55:13Z,walk,2023-03-16T22:23:42Z,-8.05546669,-34.95350933,127,63
2023-03-16T21:55:13Z,walk,2023-03-16T22:23:43Z,-8.05546035,-34.95350434,127,63
2023-03-16T21:55:13Z,walk,2023-03-16T22:23:44Z,-8.05545169,-34.95350334,128,65
2023-03-16T21:55:13Z,walk,2023-03-16T22:23:45Z,-8.05544235,-34.95350434,126,65
2023-03-16T21:55:13Z,walk,2023-03-16T22:23:46Z,-8.05543203,-34.95350434,126,64
2023-03-16T21:55:13Z,walk,2023-03-16T22:23:47Z,-8.0554207,-34.95350401,126,64
2023-03-16T21:55:13Z,walk,2023-03-16T22:23:48Z,-8.05540871,-34.95350202,125,64
2023-03-16T21:55:13Z,walk,2023-03-16T22:23:49Z,-8.05539572,-34.95349835,125,64
2023-03-16T21:55:13Z,walk,2023-03-16T22:23:50Z,-8.05538238,-34.9534917,124,64
2023-03-16T21:55:13Z,walk,2023-03-16T22:23:51Z,-8.05537239,-34.95347903,122,64
2023-03-16T21:55:13Z,walk,2023-03-16T22:23:52Z,-8.05536474,-34.95346537,122,64
2023-03-16T21:55:13Z,walk,2023-03-16T22:23:53Z,-8.05535741,-34.95345105,122,63
2023-03-16T21:55:13Z,walk,2023-03-16T22:23:54Z,-8.05535141,-34.95343572,122,63
2023-03-16T21:55:13Z,walk,2023-03-16T22:23:55Z,-8.05534576,-34.95342006,122,63
2023-03-16T21:55:13Z,walk,2023-03-16T22:23:56Z,-8.05534009,-34.95340406,122,63
2023-03-16T21:55:13Z,walk,2023-03-16T22:23:57Z,-8.05533442,-34.95338907,122,63
2023-03-16T21:55:13Z,walk,2023-03-16T22:23:58Z,-8.05532877,-34.95337174,124,64
2023-03-16T21:55:13Z,walk,2023-03-16T22:23:59Z,-8.05532343,-34.95335341,125,64
2023-03-16T21:55:13Z,walk,2023-03-16T22:24:00Z,-8.05531877,-34.95333541,124,63
2023-03-16T21:55:13Z,walk,2023-03-16T22:24:01Z,-8.05531444,-34.95331642,124,63
2023-03-16T21:55:13Z,walk,2023-03-16T22:24:02Z,-8.05530778,-34.95330042,124,64
2023-03-16T21:55:13Z,walk,2023-03-16T22:24:03Z,-8.05529878,-34.95328442,124,63
2023-03-16T21:55:13Z,walk,2023-03-16T22:24:04Z,-8.05528845,-34.95326977,124,63
2023-03-16T21:55:13Z,walk,2023-03-16T22:24:05Z,-8.05527945,-34.9532561,123,62
2023-03-16T21:55:13Z,walk,2023-03-16T22:24:06Z,-8.05527313,-34.95324311,124,62
2023-03-16T21:55:13Z,walk,2023-03-16T22:24:07Z,-8.0552708,-34.95322978,124,62
2023-03-16T21:55:13Z,walk,2023-03-16T22:24:08Z,-8.05527013,-34.95321611,124,62
2023-03-16T21:55:13Z,walk,2023-03-16T22:24:09Z,-8.05526914,-34.95320145,124,62
2023-03-16T21:55:13Z,walk,2023-03-16T22:24:10Z,-8.05526814,-34.95318713,125,62
2023-03-16T21:55:13Z,walk,2023-03-16T22:24:11Z,-8.05526615,-34.95317446,125,62
2023-03-16T21:55:13Z,walk,2023-03-16T22:24:12Z,-8.05526315,-34.95316147,125,63
2023-03-16T21:55:13Z,walk,2023-03-16T22:24:13Z,-8.05525982,-34.95314614,125,63
2023-03-16T21:55:13Z,walk,2023-03-16T22:24:14Z,-8.05525616,-34.95313082,125,63
2023-03-16T21:55:13Z,walk,2023-03-16T22:24:15Z,-8.05525217,-34.95311715,125,63
2023-03-16T21:55:13Z,walk,2023-03-16T22:24:16Z,-8.05524884,-34.95310283,125,64
2023-03-16T21:55:13Z,walk,2023-03-16T22:24:17Z,-8.05524585,-34.95309016,126,64
2023-03-16T21:55:13Z,walk,2023-03-16T22:24:18Z,-8.05524251,-34.95307683,127,64
2023-03-16T21:55:13Z,walk,2023-03-16T22:24:19Z,-8.05523819,-34.95306317,127,64
2023-03-16T21:55:13Z,walk,2023-03-16T22:24:20Z,-8.05523453,-34.95304784,128,63
2023-03-16T21:55:13Z,walk,2023-03-16T22:24:21Z,-8.05523053,-34.95303318,129,63
2023-03-16T21:55:13Z,walk,2023-03-16T22:24:22Z,-8.0552272,-34.95301651,129,63
2023-03-16T21:55:13Z,walk,2023-03-16T22:24:23Z,-8.05522421,-34.95300119,129,63
2023-03-16T21:55:13Z,walk,2023-03-16T22:24:24Z,-8.05522188,-34.95298552,129,63
2023-03-16T21:55:13Z,walk,2023-03-16T22:24:25Z,-8.05521989,-34.95296986,129,64
2023-03-16T21:55:13Z,walk,2023-03-16T22:24:26Z,-8.05521855,-34.95295353,129,64
2023-03-16T21:55:13Z,walk,2023-03-16T22:24:27Z,-8.05521689,-34.95293853,129,63
2023-03-16T21:55:13Z,walk,2023-03-16T22:24:28Z,-8.05521456,-34.95292421,130,64
2023-03-16T21:55:13Z,walk,2023-03-16T22:24:29Z,-8.05521257,-34.95290922,129,63
2023-03-16T21:55:13Z,walk,2023-03-16T22:24:30Z,-8.05521091,-34.95289355,129,63
2023-03-16T21:55:13Z,walk,2023-03-16T22:24:31Z,-8.05521024,-34.95287923,129,63
2023-03-16T21:55:13Z,walk,2023-03-16T22:24:32Z,-8.05520925,-34.9528629,129,63
2023-03-16T21:55:13Z,walk,2023-03-16T22:24:33Z,-8.05520825,-34.95284591,129,63
2023-03-16T21:55:13Z,walk,2023-03-16T22:24:34Z,-8.05520693,-34.95282992,128,63
2023-03-16T21:55:13Z,walk,2023-03-16T22:24:35Z,-8.05520427,-34.95281458,127,63
2023-03-16T21:55:13Z,walk,2023-03-16T22:24:36Z,-8.05520094,-34.95279993,127,63
2023-03-16T21:55:13Z,walk,2023-03-16T22:24:37Z,-8.0551976,-34.9527856,126,63
2023-03-16T21:55:13Z,walk,2023-03-16T22:24:38Z,-8.05519361,-34.9527696,126,63
2023-03-16T21:55:13Z,walk,2023-03-16T22:24:39Z,-8.05519128,-34.95275261,125,63
2023-03-16T21:55:13Z,walk,2023-03-16T22:24:40Z,-8.05518996,-34.95273696,125,63
2023-03-16T21:55:13Z,walk,2023-03-16T22:24:41Z,-8.05518897,-34.95272096,124,63
2023-03-16T21:55:13Z,walk,2023-03-16T22:24:42Z,-8.05518697,-34.95270297,123,64
2023-03-16T21:55:13Z,walk,2023-03-16T22:24:43Z,-8.0551843,-34.95268497,123,63
2023-03-16T21:55:13Z,walk,2023-03-16T22:24:44Z,-8.05518097,-34.95266698,123,63
2023-03-16T21:55:13Z,walk,2023-03-16T22:24:45Z,-8.05517764,-34.95264864,123,63
2023-03-16T21:55:13Z,walk,2023-03-16T22:24:46Z,-8.05517499,-34.95263332,122,63
2023-03-16T21:55:13Z,walk,2023-03-16T22:24:47Z,-8.05517232,-34.95261799,121,63
2023-03-16T21:55:13Z,walk,2023-03-16T22:24:48Z,-8.05517199,-34.95260266,121,63
2023-03-16T21:55:13Z,walk,2023-03-16T22:24:49Z,-8.05517,-34.95258933,121,62
2023-03-16T21:55:13Z,walk,2023-03-16T22:24:50Z,-8.05516866,-34.95257701,121,62
2023-03-16T21:55:13Z,walk,2023-03-16T22:24:51Z,-8.05516601,-34.95256567,121,62
2023-03-16T21:55:13Z,walk,2023-03-16T22:24:52Z,-8.05516267,-34.95255402,120,62
2023-03-16T21:55:13Z,walk,2023-03-16T22:24:53Z,-8.05515935,-34.95254102,119,63
2023-03-16T21:55:13Z,walk,2023-03-16T22:24:54Z,-8.05515602,-34.95252603,120,63
2023-03-16T21:55:13Z,walk,2023-03-16T22:24:55Z,-8.05515268,-34.95250769,120,63
2023-03-16T21:55:13Z,walk,2023-03-16T22:24:56Z,-8.05515003,-34.95248704,120,63
2023-03-16T21:55:13Z,walk,2023-03-16T22:24:57Z,-8.05514904,-34.9524657,120,63
2023-03-16T21:55:13Z,walk,2023-03-16T22:24:58Z,-8.05515036,-34.95244505,120,63
2023-03-16T21:55:13Z,walk,2023-03-16T22:24:58Z,-8.05515202,-34.95242472,119,63
2023-03-16T21:55:13Z,walk,2023-03-16T22:24:59Z,-8.05515402,-34.95240507,119,63
2023-03-16T21:55:13Z,walk,2023-03-16T22:25:00Z,-8.05515434,-34.95238373,121,63
2023-03-16T21:55:13Z,walk,2023-03-16T22:25:01Z,-8.05515534,-34.95236274,121,63
2023-03-16T21:55:13Z,walk,2023-03-16T22:25:02Z,-8.05515766,-34.95234275,122,63
2023-03-16T21:55:13Z,walk,2023-03-16T22:25:03Z,-8.055161,-34.95232475,123,63
2023-03-16T21:55:13Z,walk,2023-03-16T22:25:04Z,-8.05516365,-34.9523091,126,64
2023-03-16T21:55:13Z,walk,2023-03-16T22:25:05Z,-8.05516498,-34.95229443,128,64
2023-03-16T21:55:13Z,walk,2023-03-16T22:25:06Z,-8.05516698,-34.95228111,130,63
2023-03-16T21:55:13Z,walk,2023-03-16T22:25:07Z,-8.05517031,-34.95226711,130,63
2023-03-16T21:55:13Z,walk,2023-03-16T22:25:08Z,-8.05517498,-34.95225377,131,63
2023-03-16T21:55:13Z,walk,2023-03-16T22:25:09Z,-8.05517964,-34.95223945,129,63
2023-03-16T21:55:13Z,walk,2023-03-16T22:25:10Z,-8.0551843,-34.95222712,131,63
2023-03-16T21:55:13Z,walk,2023-03-16T22:25:11Z,-8.05518862,-34.95221379,129,63
2023-03-16T21:55:13Z,walk,2023-03-16T22:25:12Z,-8.05519329,-34.95220113,130,64
2023-03-16T21:55:13Z,walk,2023-03-16T22:25:13Z,-8.05519729,-34.95218814,130,64
2023-03-16T21:55:13Z,walk,2023-03-16T22:25:14Z,-8.05520128,-34.9521728,131,63
2023-03-16T21:55:13Z,walk,2023-03-16T22:25:15Z,-8.05520428,-34.95215715,129,63
2023-03-16T21:55:13Z,walk,2023-03-16T22:25:16Z,-8.05520794,-34.95214048,129,64
2023-03-16T21:55:13Z,walk,2023-03-16T22:25:17Z,-8.05521126,-34.95212582,129,63
2023-03-16T21:55:13Z,walk,2023-03-16T22:25:18Z,-8.05521426,-34.95211082,129,63
2023-03-16T21:55:13Z,walk,2023-03-16T22:25:19Z,-8.05521759,-34.95209749,129,63
2023-03-16T21:55:13Z,walk,2023-03-16T22:25:20Z,-8.05522025,-34.95208517,129,63
2023-03-16T21:55:13Z,walk,2023-03-16T22:25:21Z,-8.05522325,-34.95207417,129,64
2023-03-16T21:55:13Z,walk,2023-03-16T22:25:22Z,-8.05522624,-34.9520635,129,64
2023-03-16T21:55:13Z,walk,2023-03-16T22:25:23Z,-8.05522923,-34.95205351,128,64
2023-03-16T21:55:13Z,walk,2023-03-16T22:25:24Z,-8.0552319,-34.95204418,128,64
2023-03-16T21:55:13Z,walk,2023-03-16T22:25:25Z,-8.05523255,-34.95203252,128,64
2023-03-16T21:55:13Z,walk,2023-03-16T22:25:26Z,-8.05523322,-34.9520202,129,63
2023-03-16T21:55:13Z,walk,2023-03-16T22:25:27Z,-8.05523454,-34.95200821,129,64
2023-03-16T21:55:13Z,walk,2023-03-16T22:25:28Z,-8.05523753,-34.95199388,129,64
2023-03-16T21:55:13Z,walk,2023-03-16T22:25:29Z,-8.05524252,-34.95197956,129,64
2023-03-16T21:55:13Z,walk,2023-03-16T22:25:30Z,-8.05524886,-34.95196623,129,62
2023-03-16T21:55:13Z,walk,2023-03-16T22:25:31Z,-8.05525818,-34.95195823,129,63
2023-03-16T21:55:13Z,walk,2023-03-16T22:25:32Z,-8.05526985,-34.95195556,129,63
2023-03-16T21:55:13Z,walk,2023-03-16T22:25:33Z,-8.05528184,-34.95195257,128,63
2023-03-16T21:55:13Z,walk,2023-03-16T22:25:34Z,-8.05529283,-34.95194857,128,63
2023-03-16T21:55:13Z,walk,2023-03-16T22:25:35Z,-8.05530183,-34.95194258,126,63
2023-03-16T21:55:13Z,walk,2023-03-16T22:25:36Z,-8.05530849,-34.95193292,126,63
2023-03-16T21:55:13Z,walk,2023-03-16T22:25:37Z,-8.05531315,-34.9519216,126,63
2023-03-16T21:55:13Z,walk,2023-03-16T22:25:38Z,-8.05531615,-34.95190927,126,63
2023-03-16T21:55:13Z,walk,2023-03-16T22:25:39Z,-8.05531881,-34.95189594,127,65
2023-03-16T21:55:13Z,walk,2023-03-16T22:25:40Z,-8.05532081,-34.95188261,127,63
2023-03-16T21:55:13Z,walk,2023-03-16T22:25:41Z,-8.05532314,-34.95186762,128,63
2023-03-16T21:55:13Z,walk,2023-03-16T22:25:42Z,-8.0553238,-34.95185429,128,63
2023-03-16T21:55:13Z,walk,2023-03-16T22:25:43Z,-8.05532446,-34.95184196,128,63
2023-03-16T21:55:13Z,walk,2023-03-16T22:25:44Z,-8.0553238,-34.95183096,128,63
2023-03-16T21:55:13Z,walk,2023-03-16T22:25:45Z,-8.05532214,-34.95182096,128,62
2023-03-16T21:55:13Z,walk,2023-03-16T22:25:46Z,-8.05531848,-34.95181063,130,62
2023-03-16T21:55:13Z,walk,2023-03-16T22:25:47Z,-8.05531315,-34.95179964,129,62
2023-03-16T21:55:13Z,walk,2023-03-16T22:25:48Z,-8.05530783,-34.95178664,129,63
2023-03-16T21:55:13Z,walk,2023-03-16T22:25:49Z,-8.05530216,-34.95177297,128,62
2023-03-16T21:55:13Z,walk,2023-03-16T22:25:50Z,-8.0552985,-34.95175964,128,62
2023-03-16T21:55:13Z,walk,2023-03-16T22:25:51Z,-8.05529384,-34.95174564,128,64
2023-03-16T21:55:13Z,walk,2023-03-16T22:25:52Z,-8.05529117,-34.95173065,127,64
2023-03-16T21:55:13Z,walk,2023-03-16T22:25:53Z,-8.05528651,-34.95171833,126,64
2023-03-16T21:55:13Z,walk,2023-03-16T22:25:54Z,-8.05528019,-34.95170933,125,64
2023-03-16T21:55:13Z,walk,2023-03-16T22:25:55Z,-8.05527552,-34.95169799,125,64
2023-03-16T21:55:13Z,walk,2023-03-16T22:25:56Z,-8.05527187,-34.95168734,125,64
2023-03-16T21:55:13Z,walk,2023-03-16T22:25:57Z,-8.05527153,-34.95167634,124,64
2023-03-16T21:55:13Z,walk,2023-03-16T22:25:58Z,-8.05527287,-34.95166434,123,64
2023-03-16T21:55:13Z,walk,2023-03-16T22:25:59Z,-8.05527254,-34.95165168,122,65
2023-03-16T21:55:13Z,walk,2023-03-16T22:26:00Z,-8.05526921,-34.95163736,122,64
2023-03-16T21:55:13Z,walk,2023-03-16T22:26:01Z,-8.05526489,-34.95162369,121,65
2023-03-16T21:55:13Z,walk,2023-03-16T22:26:02Z,-8.05526089,-34.95161036,121,65
2023-03-16T21:55:13Z,walk,2023-03-16T22:26:03Z,-8.0552579,-34.95159737,121,65
2023-03-16T21:55:13Z,walk,2023-03-16T22:26:04Z,-8.05525656,-34.9515847,121,64
2023-03-16T21:55:13Z,walk,2023-03-16T22:26:05Z,-8.0552549,-34.9515707,121,63
2023-03-16T21:55:13Z,walk,2023-03-16T22:26:06Z,-8.05525357,-34.9515567,121,64
2023-03-16T21:55:13Z,walk,2023-03-16T22:26:07Z,-8.05525092,-34.95154104,121,64
2023-03-16T21:55:13Z,walk,2023-03-16T22:26:08Z,-8.05524925,-34.95152538,121,64
2023-03-16T21:55:13Z,walk,2023-03-16T22:26:09Z,-8.05524493,-34.95150671,121,63
2023-03-16T21:55:13Z,walk,2023-03-16T22:26:10Z,-8.05523859,-34.95148672,122,64
2023-03-16T21:55:13Z,walk,2023-03-16T22:26:11Z,-8.05523394,-34.95146705,122,64
2023-03-16T21:55:13Z,walk,2023-03-16T22:26:12Z,-8.0552306,-34.9514474,122,65
2023-03-16T21:55:13Z,walk,2023-03-16T22:26:13Z,-8.05522695,-34.95142907,122,64
2023-03-16T21:55:13Z,walk,2023-03-16T22:26:14Z,-8.05522361,-34.95141541,122,64
2023-03-16T21:55:13Z,walk,2023-03-16T22:26:15Z,-8.05522129,-34.95140441,121,63
2023-03-16T21:55:13Z,walk,2023-03-16T22:26:16Z,-8.05521763,-34.95139141,120,64
2023-03-16T21:55:13Z,walk,2023-03-16T22:26:17Z,-8.0552143,-34.95137842,120,64
2023-03-16T21:55:13Z,walk,2023-03-16T22:26:18Z,-8.05521163,-34.95136442,119,63
2023-03-16T21:55:13Z,walk,2023-03-16T22:26:19Z,-8.05521064,-34.95134808,118,64
2023-03-16T21:55:13Z,walk,2023-03-16T22:26:20Z,-8.05521064,-34.95133309,118,64
2023-03-16T21:55:13Z,walk,2023-03-16T22:26:21Z,-8.05520799,-34.95131743,118,64
2023-03-16T21:55:13Z,walk,2023-03-16T22:26:22Z,-8.05520465,-34.95130244,118,64
2023-03-16T21:55:13Z,walk,2023-03-16T22:26:23Z,-8.05520132,-34.95128644,118,64
2023-03-16T21:55:13Z,walk,2023-03-16T22:26:24Z,-8.05519833,-34.95126911,118,64
2023-03-16T21:55:13Z,walk,2023-03-16T22:26:25Z,-8.05519534,-34.95125379,117,63
2023-03-16T21:55:13Z,walk,2023-03-16T22:26:26Z,-8.05519267,-34.95123712,117,63
2023-03-16T21:55:13Z,walk,2023-03-16T22:26:27Z,-8.05519168,-34.95122079,117,63
2023-03-16T21:55:13Z,walk,2023-03-16T22:26:28Z,-8.05519301,-34.95120246,117,63
2023-03-16T21:55:13Z,walk,2023-03-16T22:26:29Z,-8.05519401,-34.95118547,117,63
2023-03-16T21:55:13Z,walk,2023-03-16T22:26:30Z,-8.05519334,-34.95116948,118,63
2023-03-16T21:55:13Z,walk,2023-03-16T22:26:31Z,-8.05519301,-34.95115248,118,63
2023-03-16T21:55:13Z,walk,2023-03-16T22:26:32Z,-8.05519334,-34.95113582,118,63
2023-03-16T21:55:13Z,walk,2023-03-16T22:26:33Z,-8.05519534,-34.95111982,118,63
2023-03-16T21:55:13Z,walk,2023-03-16T22:26:34Z,-8.05519833,-34.95110516,119,63
2023-03-16T21:55:13Z,walk,2023-03-16T22:26:35Z,-8.05520166,-34.9510915,119,63
2023-03-16T21:55:13Z,walk,2023-03-16T22:26:36Z,-8.05520765,-34.95107684,118,65
2023-03-16T21:55:13Z,walk,2023-03-16T22:26:37Z,-8.05521399,-34.95106317,118,65
2023-03-16T21:55:13Z,walk,2023-03-16T22:26:38Z,-8.05521964,-34.95105017,118,65
2023-03-16T21:55:13Z,walk,2023-03-16T22:26:39Z,-8.05522498,-34.95103651,118,64
2023-03-16T21:55:13Z,walk,2023-03-16T22:26:40Z,-8.05522831,-34.95102251,118,65
2023-03-16T21:55:13Z,walk,2023-03-16T22:26:41Z,-8.05523097,-34.95100884,118,66
2023-03-16T21:55:13Z,walk,2023-03-16T22:26:42Z,-8.05523263,-34.95099452,118,66
2023-03-16T21:55:13Z,walk,2023-03-16T22:26:43Z,-8.05523397,-34.95098019,118,66
2023-03-16T21:55:13Z,walk,2023-03-16T22:26:44Z,-8.05523462,-34.95096554,118,66
2023-03-16T21:55:13Z,walk,2023-03-16T22:26:45Z,-8.05523995,-34.95095021,119,67
2023-03-16T21:55:13Z,walk,2023-03-16T22:26:46Z,-8.05524828,-34.95093555,122,66
2023-03-16T21:55:13Z,walk,2023-03-16T22:26:47Z,-8.05525694,-34.95092056,123,66
2023-03-16T21:55:13Z,walk,2023-03-16T22:26:48Z,-8.0552636,-34.95090756,126,66
2023-03-16T21:55:13Z,walk,2023-03-16T22:26:49Z,-8.05526826,-34.95089423,127,66
2023-03-16T21:55:13Z,walk,2023-03-16T22:26:50Z,-8.05527159,-34.95088258,127,66
2023-03-16T21:55:13Z,walk,2023-03-16T22:26:51Z,-8.05527459,-34.95087191,127,66
2023-03-16T21:55:13Z,walk,2023-03-16T22:26:52Z,-8.05527558,-34.95086158,126,66
2023-03-16T21:55:13Z,walk,2023-03-16T22:26:53Z,-8.05527558,-34.95085159,126,66
2023-03-16T21:55:13Z,walk,2023-03-16T22:26:54Z,-8.05527126,-34.95084125,126,66
2023-03-16T21:55:13Z,walk,2023-03-16T22:26:55Z,-8.0552696,-34.9508296,126,66
2023-03-16T21:55:13Z,walk,2023-03-16T22:26:56Z,-8.05527259,-34.9508166,126,65
2023-03-16T21:55:13Z,walk,2023-03-16T22:26:57Z,-8.05527525,-34.95080326,126,65
2023-03-16T21:55:13Z,walk,2023-03-16T22:26:58Z,-8.05527858,-34.95078861,126,65
2023-03-16T21:55:13Z,walk,2023-03-16T22:26:59Z,-8.05528091,-34.95077162,126,65
2023-03-16T21:55:13Z,walk,2023-03-16T22:27:00Z,-8.05528191,-34.95075396,125,65
2023-03-16T21:55:13Z,walk,2023-03-16T22:27:01Z,-8.05528158,-34.95073729,125,65
2023-03-16T21:55:13Z,walk,2023-03-16T22:27:02Z,-8.05527858,-34.95072096,125,66
2023-03-16T21:55:13Z,walk,2023-03-16T22:27:03Z,-8.05527559,-34.95070397,125,66
2023-03-16T21:55:13Z,walk,2023-03-16T22:27:04Z,-8.05527393,-34.95068698,125,65
2023-03-16T21:55:13Z,walk,2023-03-16T22:27:05Z,-8.05527493,-34.95067232,125,65
2023-03-16T21:55:13Z,walk,2023-03-16T22:27:06Z,-8.05527792,-34.95065866,125,65
2023-03-16T21:55:13Z,walk,2023-03-16T22:27:07Z,-8.05528424,-34.95064499,125,65
2023-03-16T21:55:13Z,walk,2023-03-16T22:27:08Z,-8.05529357,-34.95063099,125,65
2023-03-16T21:55:13Z,walk,2023-03-16T22:27:09Z,-8.05530356,-34.95061766,125,65
2023-03-16T21:55:13Z,walk,2023-03-16T22:27:10Z,-8.0553129,-34.95060433,126,65
2023-03-16T21:55:13Z,walk,2023-03-16T22:27:11Z,-8.05532222,-34.95058767,126,65
2023-03-16T21:55:13Z,walk,2023-03-16T22:27:12Z,-8.05533055,-34.95057133,127,65
2023-03-16T21:55:13Z,walk,2023-03-16T22:27:13Z,-8.05533755,-34.95055634,127,64
2023-03-16T21:55:13Z,walk,2023-03-16T22:27:14Z,-8.05534422,-34.95054334,127,64
2023-03-16T21:55:13Z,walk,2023-03-16T22:27:15Z,-8.05535021,-34.95052934,127,64
2023-03-16T21:55:13Z,walk,2023-03-16T22:27:16Z,-8.05535588,-34.95051568,127,62
