activity_id,sport_type,timestamp,latitude,longitude,heart_rate,cadence
2023-06-10T21:59:02Z,walk,2023-06-10T21:59:34Z,-8.05168667,-34.948855,83,33
2023-06-10T21:59:02Z,walk,2023-06-10T21:59:35Z,-8.05168501,-34.94886499,84,33
2023-06-10T21:59:02Z,walk,2023-06-10T21:59:36Z,-8.05168201,-34.94887266,85,33
2023-06-10T21:59:02Z,walk,2023-06-10T21:59:37Z,-8.05168801,-34.94887766,86,33
2023-06-10T21:59:02Z,walk,2023-06-10T21:59:38Z,-8.05169501,-34.94888299,87,30
2023-06-10T21:59:02Z,walk,2023-06-10T21:59:39Z,-8.05169933,-34.94889231,87,30
2023-06-10T21:59:02Z,walk,2023-06-10T21:59:40Z,-8.05170099,-34.94890231,86,30
2023-06-10T21:59:02Z,walk,2023-06-10T21:59:41Z,-8.0517,-34.94891564,87,30
2023-06-10T21:59:02Z,walk,2023-06-10T21:59:42Z,-8.05170067,-34.94892996,87,30
2023-06-10T21:59:02Z,walk,2023-06-10T21:59:43Z,-8.05170366,-34.94894796,87,30
2023-06-10T21:59:02Z,walk,2023-06-10T21:59:44Z,-8.05170498,-34.94896729,88,30
2023-06-10T21:59:02Z,walk,2023-06-10T21:59:45Z,-8.05170831,-34.94898595,89,30
2023-06-10T21:59:02Z,walk,2023-06-10T21:59:46Z,-8.0517093,-34.94900095,89,30
2023-06-10T21:59:02Z,walk,2023-06-10T21:59:48Z,-8.05170331,-34.94903827,89,30
2023-06-10T21:59:02Z,walk,2023-06-10T21:59:49Z,-8.05170364,-34.94904126,89,30
2023-06-10T21:59:02Z,walk,2023-06-10T21:59:50Z,-8.05170429,-34.94904525,90,30
2023-06-10T21:59:02Z,walk,2023-06-10T21:59:51Z,-8.05170364,-34.94905125,92,30
2023-06-10T21:59:02Z,walk,2023-06-10T21:59:52Z,-8.05170164,-34.94905924,92,30
2023-06-10T21:59:02Z,walk,2023-06-10T21:59:53Z,-8.05169998,-34.94906958,92,30
2023-06-10T21:59:02Z,walk,2023-06-10T21:59:54Z,-8.05169931,-34.94908058,92,30
2023-06-10T21:59:02Z,walk,2023-06-10T21:59:55Z,-8.05170131,-34.94909391,93,30
2023-06-10T21:59:02Z,walk,2023-06-10T21:59:56Z,-8.0517023,-34.94910791,93,30
2023-06-10T21:59:02Z,walk,2023-06-10T21:59:57Z,-8.05170364,-34.94912557,93,30
2023-06-10T21:59:02Z,walk,2023-06-10T21:59:58Z,-8.05170364,-34.94914157,93,30
2023-06-10T21:59:02Z,walk,2023-06-10T21:59:59Z,-8.05170397,-34.94915689,95,31
2023-06-10T21:59:02Z,walk,2023-06-10T22:00:00Z,-8.05170197,-34.94917421,97,32
2023-06-10T21:59:02Z,walk,2023-06-10T22:00:01Z,-8.05170065,-34.94918955,100,32
2023-06-10T21:59:02Z,walk,2023-06-10T22:00:02Z,-8.05169998,-34.94920554,101,30
2023-06-10T21:59:02Z,walk,2023-06-10T22:00:03Z,-8.0517003,-34.94921954,95,31
2023-06-10T21:59:02Z,walk,2023-06-10T22:00:04Z,-8.05170064,-34.9492332,95,31
2023-06-10T21:59:02Z,walk,2023-06-10T22:00:05Z,-8.05170163,-34.94924786,98,31
2023-06-10T21:59:02Z,walk,2023-06-10T22:00:06Z,-8.05170163,-34.94926153,94,31
2023-06-10T21:59:02Z,walk,2023-06-10T22:00:07Z,-8.05170096,-34.94927352,94,31
2023-06-10T21:59:02Z,walk,2023-06-10T22:00:08Z,-8.05169964,-34.94928318,93,31
2023-06-10T21:59:02Z,walk,2023-06-10T22:00:09Z,-8.05169798,-34.94929118,93,31
2023-06-10T21:59:02Z,walk,2023-06-10T22:00:10Z,-8.05169465,-34.94930017,93,31
2023-06-10T21:59:02Z,walk,2023-06-10T22:00:11Z,-8.05169166,-34.94930817,92,31
2023-06-10T21:59:02Z,walk,2023-06-10T22:00:12Z,-8.05168766,-34.9493175,90,31
2023-06-10T21:59:02Z,walk,2023-06-10T22:00:13Z,-8.05168566,-34.94932682,90,31
2023-06-10T21:59:02Z,walk,2023-06-10T22:00:14Z,-8.05168533,-34.94934049,90,31
2023-06-10T21:59:02Z,walk,2023-06-10T22:00:15Z,-8.05168401,-34.94935315,90,31
2023-06-10T21:59:02Z,walk,2023-06-10T22:00:16Z,-8.05168269,-34.94936748,90,31
2023-06-10T21:59:02Z,walk,2023-06-10T22:00:17Z,-8.05168302,-34.9493818,90,31
2023-06-10T21:59:02Z,walk,2023-06-10T22:00:18Z,-8.05168202,-34.94939513,92,31
2023-06-10T21:59:02Z,walk,2023-06-10T22:00:19Z,-8.0516807,-34.94940812,91,31
2023-06-10T21:59:02Z,walk,2023-06-10T22:00:20Z,-8.05167937,-34.94942012,91,31
2023-06-10T21:59:02Z,walk,2023-06-10T22:00:21Z,-8.05167771,-34.94943078,91,31
2023-06-10T21:59:02Z,walk,2023-06-10T22:00:22Z,-8.05167637,-34.94944078,90,31
2023-06-10T21:59:02Z,walk,2023-06-10T22:00:23Z,-8.05167472,-34.94945478,90,31
2023-06-10T21:59:02Z,walk,2023-06-10T22:00:24Z,-8.05167372,-34.94947111,89,31
2023-06-10T21:59:02Z,walk,2023-06-10T22:00:25Z,-8.05167305,-34.94948745,90,31
2023-06-10T21:59:02Z,walk,2023-06-10T22:00:26Z,-8.05167305,-34.94950177,91,31
2023-06-10T21:59:02Z,walk,2023-06-10T22:00:27Z,-8.05167372,-34.94951409,90,31
2023-06-10T21:59:02Z,walk,2023-06-10T22:00:28Z,-8.05167472,-34.94952476,89,31
2023-06-10T21:59:02Z,walk,2023-06-10T22:00:29Z,-8.05167472,-34.94953243,89,31
2023-06-10T21:59:02Z,walk,2023-06-10T22:00:30Z,-8.05167205,-34.94953908,89,31
2023-06-10T21:59:02Z,walk,2023-06-10T22:00:31Z,-8.05166872,-34.94954475,89,31
2023-06-10T21:59:02Z,walk,2023-06-10T22:00:32Z,-8.05166506,-34.94955107,89,31
2023-06-10T21:59:02Z,walk,2023-06-10T22:00:33Z,-8.05166173,-34.94956006,89,31
2023-06-10T21:59:02Z,walk,2023-06-10T22:00:34Z,-8.0516584,-34.94957073,89,31
2023-06-10T21:59:02Z,walk,2023-06-10T22:00:35Z,-8.0516544,-34.9495814,89,31
2023-06-10T21:59:02Z,walk,2023-06-10T22:00:36Z,-8.05165141,-34.94959072,89,31
2023-06-10T21:59:02Z,walk,2023-06-10T22:00:37Z,-8.05164876,-34.94960072,89,32
2023-06-10T21:59:02Z,walk,2023-06-10T22:00:38Z,-8.0516471,-34.94961004,89,32
2023-06-10T21:59:02Z,walk,2023-06-10T22:00:39Z,-8.05164577,-34.94961971,89,31
2023-06-10T21:59:02Z,walk,2023-06-10T22:00:40Z,-8.0516461,-34.94963003,90,32
2023-06-10T21:59:02Z,walk,2023-06-10T22:00:41Z,-8.0516461,-34.9496397,90,32
2023-06-10T21:59:02Z,walk,2023-06-10T22:00:42Z,-8.05164478,-34.94964736,91,31
2023-06-10T21:59:02Z,walk,2023-06-10T22:00:43Z,-8.05164211,-34.94965335,91,31
2023-06-10T21:59:02Z,walk,2023-06-10T22:00:44Z,-8.05164079,-34.94966368,91,31
2023-06-10T21:59:02Z,walk,2023-06-10T22:00:45Z,-8.05164046,-34.94967601,91,31
2023-06-10T21:59:02Z,walk,2023-06-10T22:00:46Z,-8.05164313,-34.949689,90,31
2023-06-10T21:59:02Z,walk,2023-06-10T22:00:47Z,-8.05164579,-34.94970234,90,31
2023-06-10T21:59:02Z,walk,2023-06-10T22:00:48Z,-8.05164845,-34.94971733,90,31
2023-06-10T21:59:02Z,walk,2023-06-10T22:00:49Z,-8.05164878,-34.94973266,90,31
2023-06-10T21:59:02Z,walk,2023-06-10T22:00:50Z,-8.05164811,-34.94974698,91,31
2023-06-10T21:59:02Z,walk,2023-06-10T22:00:51Z,-8.05164811,-34.94976464,91,31
2023-06-10T21:59:02Z,walk,2023-06-10T22:00:52Z,-8.05165043,-34.94978431,92,31
2023-06-10T21:59:02Z,walk,2023-06-10T22:00:53Z,-8.05165143,-34.94980463,92,31
2023-06-10T21:59:02Z,walk,2023-06-10T22:00:54Z,-8.05164977,-34.94982296,92,31
2023-06-10T21:59:02Z,walk,2023-06-10T22:00:55Z,-8.05164711,-34.94984263,92,31
2023-06-10T21:59:02Z,walk,2023-06-10T22:00:56Z,-8.05164378,-34.94986129,92,31
2023-06-10T21:59:02Z,walk,2023-06-10T22:00:57Z,-8.05163911,-34.94987595,92,31
2023-06-10T21:59:02Z,walk,2023-06-10T22:00:58Z,-8.05163412,-34.94988861,93,31
2023-06-10T21:59:02Z,walk,2023-06-10T22:00:59Z,-8.05162946,-34.94990161,93,31
2023-06-10T21:59:02Z,walk,2023-06-10T22:01:00Z,-8.0516258,-34.94991494,93,31
2023-06-10T21:59:02Z,walk,2023-06-10T22:01:01Z,-8.0516218,-34.94993027,94,31
2023-06-10T21:59:02Z,walk,2023-06-10T22:01:02Z,-8.05161947,-34.94994627,95,32
2023-06-10T21:59:02Z,walk,2023-06-10T22:01:03Z,-8.05161848,-34.94995993,95,32
2023-06-10T21:59:02Z,walk,2023-06-10T22:01:04Z,-8.05161748,-34.94997292,95,31
2023-06-10T21:59:02Z,walk,2023-06-10T22:01:05Z,-8.05161649,-34.94998758,95,31
2023-06-10T21:59:02Z,walk,2023-06-10T22:01:06Z,-8.05161649,-34.95000358,95,31
2023-06-10T21:59:02Z,walk,2023-06-10T22:01:07Z,-8.05161649,-34.95001857,95,32
2023-06-10T21:59:02Z,walk,2023-06-10T22:01:08Z,-8.05161616,-34.95003357,95,32
2023-06-10T21:59:02Z,walk,2023-06-10T22:01:09Z,-8.0516145,-34.95004956,95,32
2023-06-10T21:59:02Z,walk,2023-06-10T22:01:10Z,-8.05161318,-34.95006589,95,32
2023-06-10T21:59:02Z,walk,2023-06-10T22:01:11Z,-8.05160985,-34.95008189,95,32
2023-06-10T21:59:02Z,walk,2023-06-10T22:01:12Z,-8.05160619,-34.95009688,95,32
2023-06-10T21:59:02Z,walk,2023-06-10T22:01:13Z,-8.0516002,-34.95011188,95,32
2023-06-10T21:59:02Z,walk,2023-06-10T22:01:14Z,-8.05159487,-34.95012521,95,32
2023-06-10T21:59:02Z,walk,2023-06-10T22:01:15Z,-8.05158887,-34.95013587,96,32
2023-06-10T21:59:02Z,walk,2023-06-10T22:01:16Z,-8.05158388,-34.95014453,96,31
2023-06-10T21:59:02Z,walk,2023-06-10T22:01:17Z,-8.05157922,-34.95015119,96,31
2023-06-10T21:59:02Z,walk,2023-06-10T22:01:18Z,-8.05157623,-34.95015719,96,30
2023-06-10T21:59:02Z,walk,2023-06-10T22:01:19Z,-8.05157356,-34.95016451,97,30
2023-06-10T21:59:02Z,walk,2023-06-10T22:01:20Z,-8.05157257,-34.95017418,97,30
2023-06-10T21:59:02Z,walk,2023-06-10T22:01:21Z,-8.05157057,-34.95018683,96,30
2023-06-10T21:59:02Z,walk,2023-06-10T22:01:22Z,-8.05156824,-34.95020116,95,31
2023-06-10T21:59:02Z,walk,2023-06-10T22:01:23Z,-8.05156558,-34.95021882,95,31
2023-06-10T21:59:02Z,walk,2023-06-10T22:01:24Z,-8.05156392,-34.95023581,94,31
2023-06-10T21:59:02Z,walk,2023-06-10T22:01:25Z,-8.05156258,-34.9502528,94,31
2023-06-10T21:59:02Z,walk,2023-06-10T22:01:26Z,-8.05156291,-34.95027146,94,32
2023-06-10T21:59:02Z,walk,2023-06-10T22:01:27Z,-8.05156258,-34.95028878,94,32
2023-06-10T21:59:02Z,walk,2023-06-10T22:01:28Z,-8.05156126,-34.95030311,95,31
2023-06-10T21:59:02Z,walk,2023-06-10T22:01:29Z,-8.05155926,-34.95031611,96,31
2023-06-10T21:59:02Z,walk,2023-06-10T22:01:30Z,-8.0515566,-34.95033011,96,31
2023-06-10T21:59:02Z,walk,2023-06-10T22:01:31Z,-8.05155227,-34.9503451,97,31
2023-06-10T21:59:02Z,walk,2023-06-10T22:01:32Z,-8.05154728,-34.95036143,97,31
2023-06-10T21:59:02Z,walk,2023-06-10T22:01:33Z,-8.05154161,-34.95037743,98,31
2023-06-10T21:59:02Z,walk,2023-06-10T22:01:34Z,-8.05153829,-34.95039343,99,31
2023-06-10T21:59:02Z,walk,2023-06-10T22:01:35Z,-8.05153562,-34.95041009,99,31
2023-06-10T21:59:02Z,walk,2023-06-10T22:01:36Z,-8.05153263,-34.95042675,99,31
2023-06-10T21:59:02Z,walk,2023-06-10T22:01:37Z,-8.05152863,-34.95044242,99,63
2023-06-10T21:59:02Z,walk,2023-06-10T22:01:38Z,-8.05152463,-34.95045508,99,64
2023-06-10T21:59:02Z,walk,2023-06-10T22:01:39Z,-8.05152098,-34.95046741,99,63
2023-06-10T21:59:02Z,walk,2023-06-10T22:01:40Z,-8.05151799,-34.95048007,100,64
2023-06-10T21:59:02Z,walk,2023-06-10T22:01:41Z,-8.05151499,-34.95049407,101,64
2023-06-10T21:59:02Z,walk,2023-06-10T22:01:42Z,-8.05151,-34.95050839,101,64
2023-06-10T21:59:02Z,walk,2023-06-10T22:01:43Z,-8.05150201,-34.95052439,102,63
2023-06-10T21:59:02Z,walk,2023-06-10T22:01:44Z,-8.05149002,-34.95053905,103,63
2023-06-10T21:59:02Z,walk,2023-06-10T22:01:45Z,-8.05147702,-34.95055171,104,63
2023-06-10T21:59:02Z,walk,2023-06-10T22:01:46Z,-8.05146469,-34.95056337,104,63
2023-06-10T21:59:02Z,walk,2023-06-10T22:01:47Z,-8.05145504,-34.95057404,104,63
2023-06-10T21:59:02Z,walk,2023-06-10T22:01:48Z,-8.05144638,-34.95058436,104,63
2023-06-10T21:59:02Z,walk,2023-06-10T22:01:49Z,-8.05143738,-34.95059469,106,63
2023-06-10T21:59:02Z,walk,2023-06-10T22:01:50Z,-8.05142905,-34.95060503,107,63
2023-06-10T21:59:02Z,walk,2023-06-10T22:01:51Z,-8.05142106,-34.95061468,107,64
2023-06-10T21:59:02Z,walk,2023-06-10T22:01:52Z,-8.05141472,-34.95062468,107,63
2023-06-10T21:59:02Z,walk,2023-06-10T22:01:53Z,-8.05140907,-34.95063501,107,64
2023-06-10T21:59:02Z,walk,2023-06-10T22:01:54Z,-8.05140173,-34.95064501,107,64
2023-06-10T21:59:02Z,walk,2023-06-10T22:01:55Z,-8.05139374,-34.95065366,109,64
2023-06-10T21:59:02Z,walk,2023-06-10T22:01:56Z,-8.05138042,-34.950661,110,64
2023-06-10T21:59:02Z,walk,2023-06-10T22:01:57Z,-8.05136343,-34.95066633,105,64
2023-06-10T21:59:02Z,walk,2023-06-10T22:01:58Z,-8.0513471,-34.95066932,108,64
2023-06-10T21:59:02Z,walk,2023-06-10T22:01:59Z,-8.05133177,-34.95067098,106,64
2023-06-10T21:59:02Z,walk,2023-06-10T22:02:00Z,-8.05131777,-34.9506713,106,64
2023-06-10T21:59:02Z,walk,2023-06-10T22:02:01Z,-8.05130445,-34.9506713,103,64
2023-06-10T21:59:02Z,walk,2023-06-10T22:02:02Z,-8.05129246,-34.9506723,103,64
2023-06-10T21:59:02Z,walk,2023-06-10T22:02:03Z,-8.0512808,-34.95067329,101,64
2023-06-10T21:59:02Z,walk,2023-06-10T22:02:04Z,-8.05127047,-34.95067529,102,64
2023-06-10T21:59:02Z,walk,2023-06-10T22:02:05Z,-8.05126047,-34.95067661,103,64
2023-06-10T21:59:02Z,walk,2023-06-10T22:02:06Z,-8.05125048,-34.95067629,103,64
2023-06-10T21:59:02Z,walk,2023-06-10T22:02:07Z,-8.05123916,-34.95067661,104,64
2023-06-10T21:59:02Z,walk,2023-06-10T22:02:08Z,-8.05122582,-34.95067529,104,64
2023-06-10T21:59:02Z,walk,2023-06-10T22:02:09Z,-8.05121049,-34.95067262,104,64
2023-06-10T21:59:02Z,walk,2023-06-10T22:02:10Z,-8.05119282,-34.95067029,105,31
2023-06-10T21:59:02Z,walk,2023-06-10T22:02:11Z,-8.0511745,-34.95066796,105,31
2023-06-10T21:59:02Z,walk,2023-06-10T22:02:12Z,-8.05115717,-34.95066497,105,31
2023-06-10T21:59:02Z,walk,2023-06-10T22:02:13Z,-8.05114184,-34.95066131,105,31
2023-06-10T21:59:02Z,walk,2023-06-10T22:02:14Z,-8.05112719,-34.95065864,105,31
2023-06-10T21:59:02Z,walk,2023-06-10T22:02:15Z,-8.05111419,-34.95065499,105,31
2023-06-10T21:59:02Z,walk,2023-06-10T22:02:16Z,-8.05110086,-34.95065032,105,31
2023-06-10T21:59:02Z,walk,2023-06-10T22:02:17Z,-8.05108754,-34.95064433,105,31
2023-06-10T21:59:02Z,walk,2023-06-10T22:02:18Z,-8.05107387,-34.95064,105,31
2023-06-10T21:59:02Z,walk,2023-06-10T22:02:19Z,-8.05105955,-34.95063867,103,31
2023-06-10T21:59:02Z,walk,2023-06-10T22:02:20Z,-8.05104455,-34.95063568,103,31
2023-06-10T21:59:02Z,walk,2023-06-10T22:02:21Z,-8.05102989,-34.95063303,103,31
2023-06-10T21:59:02Z,walk,2023-06-10T22:02:22Z,-8.05101689,-34.95063103,103,31
2023-06-10T21:59:02Z,walk,2023-06-10T22:02:23Z,-8.05100457,-34.95062903,104,31
2023-06-10T21:59:02Z,walk,2023-06-10T22:02:24Z,-8.05099057,-34.9506257,104,31
2023-06-10T21:59:02Z,walk,2023-06-10T22:02:25Z,-8.05097424,-34.9506207,104,32
2023-06-10T21:59:02Z,walk,2023-06-10T22:02:26Z,-8.05095558,-34.95061438,104,31
2023-06-10T21:59:02Z,walk,2023-06-10T22:02:27Z,-8.05093559,-34.95060772,104,32
2023-06-10T21:59:02Z,walk,2023-06-10T22:02:28Z,-8.05091692,-34.95060072,104,32
2023-06-10T21:59:02Z,walk,2023-06-10T22:02:29Z,-8.05090026,-34.95059373,104,33
2023-06-10T21:59:02Z,walk,2023-06-10T22:02:30Z,-8.05088493,-34.95058673,104,33
2023-06-10T21:59:02Z,walk,2023-06-10T22:02:31Z,-8.05087193,-34.95057974,104,33
2023-06-10T21:59:02Z,walk,2023-06-10T22:02:32Z,-8.05085961,-34.95057409,104,32
2023-06-10T21:59:02Z,walk,2023-06-10T22:02:33Z,-8.05084494,-34.95057209,104,32
2023-06-10T21:59:02Z,walk,2023-06-10T22:02:34Z,-8.05082861,-34.95057209,104,32
2023-06-10T21:59:02Z,walk,2023-06-10T22:02:35Z,-8.05081129,-34.95057274,104,32
2023-06-10T21:59:02Z,walk,2023-06-10T22:02:36Z,-8.05079395,-34.95057274,104,32
2023-06-10T21:59:02Z,walk,2023-06-10T22:02:37Z,-8.05077763,-34.95057374,104,32
2023-06-10T21:59:02Z,walk,2023-06-10T22:02:38Z,-8.05076264,-34.95057573,103,32
2023-06-10T21:59:02Z,walk,2023-06-10T22:02:39Z,-8.05074897,-34.9505774,102,32
2023-06-10T21:59:02Z,walk,2023-06-10T22:02:40Z,-8.05073632,-34.95057641,102,31
2023-06-10T21:59:02Z,walk,2023-06-10T22:02:41Z,-8.05072498,-34.95057508,103,31
2023-06-10T21:59:02Z,walk,2023-06-10T22:02:42Z,-8.05071499,-34.9505754,103,31
2023-06-10T21:59:02Z,walk,2023-06-10T22:02:43Z,-8.05070534,-34.95057707,103,32
2023-06-10T21:59:02Z,walk,2023-06-10T22:02:44Z,-8.050696,-34.95058006,107,32
2023-06-10T21:59:02Z,walk,2023-06-10T22:02:45Z,-8.05068668,-34.95058371,108,32
2023-06-10T21:59:02Z,walk,2023-06-10T22:02:46Z,-8.05067635,-34.95058771,109,31
2023-06-10T21:59:02Z,walk,2023-06-10T22:02:47Z,-8.05066501,-34.95059237,109,31
2023-06-10T21:59:02Z,walk,2023-06-10T22:02:48Z,-8.05065335,-34.95059737,109,31
2023-06-10T21:59:02Z,walk,2023-06-10T22:02:49Z,-8.05064201,-34.9506017,109,31
2023-06-10T21:59:02Z,walk,2023-06-10T22:02:50Z,-8.05063069,-34.95060536,108,32
2023-06-10T21:59:02Z,walk,2023-06-10T22:02:51Z,-8.0506187,-34.95060868,108,31
2023-06-10T21:59:02Z,walk,2023-06-10T22:02:52Z,-8.05060538,-34.95061068,108,32
2023-06-10T21:59:02Z,walk,2023-06-10T22:02:53Z,-8.05059238,-34.95061068,108,32
2023-06-10T21:59:02Z,walk,2023-06-10T22:02:54Z,-8.05057939,-34.95061134,108,32
2023-06-10T21:59:02Z,walk,2023-06-10T22:02:55Z,-8.05056539,-34.95061433,108,32
2023-06-10T21:59:02Z,walk,2023-06-10T22:02:56Z,-8.05055173,-34.95061799,109,32
2023-06-10T21:59:02Z,walk,2023-06-10T22:02:57Z,-8.0505394,-34.95062165,109,31
2023-06-10T21:59:02Z,walk,2023-06-10T22:02:58Z,-8.0505284,-34.95062564,109,31
2023-06-10T21:59:02Z,walk,2023-06-10T22:02:59Z,-8.05051541,-34.95062863,108,31
2023-06-10T21:59:02Z,walk,2023-06-10T22:03:00Z,-8.05050007,-34.95063263,108,31
2023-06-10T21:59:02Z,walk,2023-06-10T22:03:01Z,-8.05048442,-34.95063362,108,32
2023-06-10T21:59:02Z,walk,2023-06-10T22:03:02Z,-8.05046743,-34.95063162,108,31
2023-06-10T21:59:02Z,walk,2023-06-10T22:03:03Z,-8.05045044,-34.95062763,109,31
2023-06-10T21:59:02Z,walk,2023-06-10T22:03:04Z,-8.05043344,-34.95062363,109,32
2023-06-10T21:59:02Z,walk,2023-06-10T22:03:05Z,-8.05041611,-34.95062098,109,31
2023-06-10T21:59:02Z,walk,2023-06-10T22:03:06Z,-8.05039745,-34.95061899,109,31
2023-06-10T21:59:02Z,walk,2023-06-10T22:03:07Z,-8.05038111,-34.95061799,109,31
2023-06-10T21:59:02Z,walk,2023-06-10T22:03:08Z,-8.05036679,-34.95061566,109,32
2023-06-10T21:59:02Z,walk,2023-06-10T22:03:09Z,-8.05035379,-34.95061233,109,32
2023-06-10T21:59:02Z,walk,2023-06-10T22:03:10Z,-8.0503418,-34.95060901,109,32
2023-06-10T21:59:02Z,walk,2023-06-10T22:03:11Z,-8.05033048,-34.95060602,109,32
2023-06-10T21:59:02Z,walk,2023-06-10T22:03:12Z,-8.05032015,-34.95060303,109,32
2023-06-10T21:59:02Z,walk,2023-06-10T22:03:13Z,-8.05030949,-34.95060069,109,32
2023-06-10T21:59:02Z,walk,2023-06-10T22:03:14Z,-8.0502985,-34.95059804,110,32
2023-06-10T21:59:02Z,walk,2023-06-10T22:03:15Z,-8.05028716,-34.95059638,111,32
2023-06-10T21:59:02Z,walk,2023-06-10T22:03:16Z,-8.05027583,-34.95059438,111,32
2023-06-10T21:59:02Z,walk,2023-06-10T22:03:17Z,-8.05026517,-34.95059438,111,32
2023-06-10T21:59:02Z,walk,2023-06-10T22:03:17Z,-8.05025518,-34.95059638,111,32
2023-06-10T21:59:02Z,walk,2023-06-10T22:03:18Z,-8.05024485,-34.95060004,111,32
2023-06-10T21:59:02Z,walk,2023-06-10T22:03:19Z,-8.05023486,-34.95060269,113,32
2023-06-10T21:59:02Z,walk,2023-06-10T22:03:20Z,-8.0502242,-34.95060368,115,31
2023-06-10T21:59:02Z,walk,2023-06-10T22:03:21Z,-8.05021387,-34.95060269,116,31
2023-06-10T21:59:02Z,walk,2023-06-10T22:03:22Z,-8.05020088,-34.95059836,117,31
2023-06-10T21:59:02Z,walk,2023-06-10T22:03:23Z,-8.05018722,-34.95059437,120,31
2023-06-10T21:59:02Z,walk,2023-06-10T22:03:24Z,-8.05017356,-34.95059138,120,31
2023-06-10T21:59:02Z,walk,2023-06-10T22:03:25Z,-8.05016123,-34.95058739,126,31
2023-06-10T21:59:02Z,walk,2023-06-10T22:03:26Z,-8.0501489,-34.95058572,120,31
2023-06-10T21:59:02Z,walk,2023-06-10T22:03:27Z,-8.05013657,-34.9505854,125,31
2023-06-10T21:59:02Z,walk,2023-06-10T22:03:28Z,-8.05012324,-34.95058508,114,31
2023-06-10T21:59:02Z,walk,2023-06-10T22:03:29Z,-8.05010992,-34.95058475,122,31
2023-06-10T21:59:02Z,walk,2023-06-10T22:03:30Z,-8.05009525,-34.95058409,122,31
2023-06-10T21:59:02Z,walk,2023-06-10T22:03:31Z,-8.05008125,-34.95058343,115,32
2023-06-10T21:59:02Z,walk,2023-06-10T22:03:32Z,-8.05006692,-34.95058211,114,32
2023-06-10T21:59:02Z,walk,2023-06-10T22:03:33Z,-8.05005193,-34.95057944,113,32
2023-06-10T21:59:02Z,walk,2023-06-10T22:03:34Z,-8.05003561,-34.95057611,113,32
2023-06-10T21:59:02Z,walk,2023-06-10T22:03:35Z,-8.05001694,-34.95057078,112,32
2023-06-10T21:59:02Z,walk,2023-06-10T22:03:36Z,-8.04999795,-34.95056078,112,32
2023-06-10T21:59:02Z,walk,2023-06-10T22:03:37Z,-8.04997863,-34.95055012,114,31
2023-06-10T21:59:02Z,walk,2023-06-10T22:03:38Z,-8.04996263,-34.95054313,114,31
2023-06-10T21:59:02Z,walk,2023-06-10T22:03:39Z,-8.04994764,-34.95053913,114,31
2023-06-10T21:59:02Z,walk,2023-06-10T22:03:40Z,-8.04993297,-34.95053814,115,31
2023-06-10T21:59:02Z,walk,2023-06-10T22:03:41Z,-8.0499163,-34.95053913,116,31
2023-06-10T21:59:02Z,walk,2023-06-10T22:03:42Z,-8.04990131,-34.95053979,116,31
2023-06-10T21:59:02Z,walk,2023-06-10T22:03:43Z,-8.04988866,-34.95054112,117,31
2023-06-10T21:59:02Z,walk,2023-06-10T22:03:44Z,-8.049878,-34.95054211,117,31
2023-06-10T21:59:02Z,walk,2023-06-10T22:03:45Z,-8.04986734,-34.95054344,118,31
2023-06-10T21:59:02Z,walk,2023-06-10T22:03:46Z,-8.04985634,-34.95054811,118,32
2023-06-10T21:59:02Z,walk,2023-06-10T22:03:47Z,-8.04984535,-34.95055843,118,32
2023-06-10T21:59:02Z,walk,2023-06-10T22:03:48Z,-8.04983402,-34.95057009,118,32
2023-06-10T21:59:02Z,walk,2023-06-10T22:03:49Z,-8.0498227,-34.95058141,118,32
2023-06-10T21:59:02Z,walk,2023-06-10T22:03:50Z,-8.04981104,-34.95059108,119,32
2023-06-10T21:59:02Z,walk,2023-06-10T22:03:51Z,-8.04979971,-34.95059707,120,32
2023-06-10T21:59:02Z,walk,2023-06-10T22:03:52Z,-8.04978704,-34.9505994,120,32
2023-06-10T21:59:02Z,walk,2023-06-10T22:03:53Z,-8.04977438,-34.95060207,121,32
2023-06-10T21:59:02Z,walk,2023-06-10T22:03:54Z,-8.04976239,-34.95060606,121,32
2023-06-10T21:59:02Z,walk,2023-06-10T22:03:55Z,-8.04974839,-34.95061205,121,32
2023-06-10T21:59:02Z,walk,2023-06-10T22:03:56Z,-8.04973206,-34.95061871,123,32
2023-06-10T21:59:02Z,walk,2023-06-10T22:03:57Z,-8.04971439,-34.9506237,123,32
2023-06-10T21:59:02Z,walk,2023-06-10T22:03:58Z,-8.04969573,-34.95062604,123,31
2023-06-10T21:59:02Z,walk,2023-06-10T22:03:59Z,-8.0496784,-34.95062505,125,31
2023-06-10T21:59:02Z,walk,2023-06-10T22:04:00Z,-8.04966208,-34.95062038,125,31
2023-06-10T21:59:02Z,walk,2023-06-10T22:04:01Z,-8.04964708,-34.95061406,127,31
2023-06-10T21:59:02Z,walk,2023-06-10T22:04:02Z,-8.04963309,-34.95060639,128,32
2023-06-10T21:59:02Z,walk,2023-06-10T22:04:03Z,-8.04962042,-34.95060072,129,31
2023-06-10T21:59:02Z,walk,2023-06-10T22:04:04Z,-8.04960742,-34.95059707,130,31
2023-06-10T21:59:02Z,walk,2023-06-10T22:04:05Z,-8.04959177,-34.95059173,130,31
2023-06-10T21:59:02Z,walk,2023-06-10T22:04:06Z,-8.04957443,-34.9505864,130,31
2023-06-10T21:59:02Z,walk,2023-06-10T22:04:07Z,-8.04955844,-34.9505864,129,32
2023-06-10T21:59:02Z,walk,2023-06-10T22:04:08Z,-8.04954411,-34.95058672,129,32
2023-06-10T21:59:02Z,walk,2023-06-10T22:04:09Z,-8.04953112,-34.95058607,130,32
2023-06-10T21:59:02Z,walk,2023-06-10T22:04:10Z,-8.04951913,-34.95058541,130,32
2023-06-10T21:59:02Z,walk,2023-06-10T22:04:11Z,-8.04950713,-34.95058541,130,32
2023-06-10T21:59:02Z,walk,2023-06-10T22:04:12Z,-8.04949514,-34.95058341,130,32
2023-06-10T21:59:02Z,walk,2023-06-10T22:04:13Z,-8.04948282,-34.95058108,130,32
2023-06-10T21:59:02Z,walk,2023-06-10T22:04:14Z,-8.04947015,-34.95057775,131,31
2023-06-10T21:59:02Z,walk,2023-06-10T22:04:15Z,-8.04945683,-34.9505751,131,31
2023-06-10T21:59:02Z,walk,2023-06-10T22:04:16Z,-8.04944349,-34.95057243,131,31
2023-06-10T21:59:02Z,walk,2023-06-10T22:04:17Z,-8.04943017,-34.95056811,133,32
2023-06-10T21:59:02Z,walk,2023-06-10T22:04:18Z,-8.0494155,-34.95056044,133,32
2023-06-10T21:59:02Z,walk,2023-06-10T22:04:19Z,-8.04939985,-34.95055277,133,32
2023-06-10T21:59:02Z,walk,2023-06-10T22:04:20Z,-8.04938385,-34.95054678,134,32
2023-06-10T21:59:02Z,walk,2023-06-10T22:04:21Z,-8.04936819,-34.95054279,134,32
2023-06-10T21:59:02Z,walk,2023-06-10T22:04:22Z,-8.04935453,-34.95053946,134,32
2023-06-10T21:59:02Z,walk,2023-06-10T22:04:23Z,-8.0493422,-34.95053714,135,32
2023-06-10T21:59:02Z,walk,2023-06-10T22:04:24Z,-8.04933154,-34.95053779,135,32
2023-06-10T21:59:02Z,walk,2023-06-10T22:04:25Z,-8.04932222,-34.95054145,135,32
2023-06-10T21:59:02Z,walk,2023-06-10T22:04:26Z,-8.04931355,-34.95054678,135,32
2023-06-10T21:59:02Z,walk,2023-06-10T22:04:27Z,-8.04930522,-34.95055212,136,32
2023-06-10T21:59:02Z,walk,2023-06-10T22:04:28Z,-8.04929623,-34.95055777,137,32
2023-06-10T21:59:02Z,walk,2023-06-10T22:04:29Z,-8.04928623,-34.95056076,138,32
2023-06-10T21:59:02Z,walk,2023-06-10T22:04:30Z,-8.04927457,-34.9505631,138,32
2023-06-10T21:59:02Z,walk,2023-06-10T22:04:31Z,-8.04926157,-34.95056409,138,32
2023-06-10T21:59:02Z,walk,2023-06-10T22:04:32Z,-8.04924592,-34.95056409,139,32
2023-06-10T21:59:02Z,walk,2023-06-10T22:04:33Z,-8.04922958,-34.9505631,140,32
2023-06-10T21:59:02Z,walk,2023-06-10T22:04:34Z,-8.04921326,-34.95056143,140,32
2023-06-10T21:59:02Z,walk,2023-06-10T22:04:35Z,-8.04919726,-34.9505591,140,32
2023-06-10T21:59:02Z,walk,2023-06-10T22:04:36Z,-8.04918093,-34.95055644,140,32
2023-06-10T21:59:02Z,walk,2023-06-10T22:04:37Z,-8.04916394,-34.95055577,140,32
2023-06-10T21:59:02Z,walk,2023-06-10T22:04:38Z,-8.04914627,-34.95055478,144,32
2023-06-10T21:59:02Z,walk,2023-06-10T22:04:39Z,-8.04912828,-34.95055079,141,32
2023-06-10T21:59:02Z,walk,2023-06-10T22:04:40Z,-8.04911061,-34.95054413,140,32
2023-06-10T21:59:02Z,walk,2023-06-10T22:04:41Z,-8.04909362,-34.95053613,140,32
2023-06-10T21:59:02Z,walk,2023-06-10T22:04:42Z,-8.04907762,-34.95052779,140,32
2023-06-10T21:59:02Z,walk,2023-06-10T22:04:43Z,-8.04906362,-34.95052347,140,32
2023-06-10T21:59:02Z,walk,2023-06-10T22:04:44Z,-8.0490523,-34.9505208,138,31
2023-06-10T21:59:02Z,walk,2023-06-10T22:04:45Z,-8.04904164,-34.95051981,138,31
2023-06-10T21:59:02Z,walk,2023-06-10T22:04:46Z,-8.04902998,-34.95051915,137,32
2023-06-10T21:59:02Z,walk,2023-06-10T22:04:47Z,-8.04901565,-34.95051648,136,31
2023-06-10T21:59:02Z,walk,2023-06-10T22:04:48Z,-8.04900165,-34.95051249,136,31
2023-06-10T21:59:02Z,walk,2023-06-10T22:04:49Z,-8.04898732,-34.95050982,136,31
2023-06-10T21:59:02Z,walk,2023-06-10T22:04:50Z,-8.04897199,-34.95050816,136,31
2023-06-10T21:59:02Z,walk,2023-06-10T22:04:51Z,-8.04895666,-34.95050683,136,31
2023-06-10T21:59:02Z,walk,2023-06-10T22:04:52Z,-8.04894,-34.9505045,136,31
2023-06-10T21:59:02Z,walk,2023-06-10T22:04:53Z,-8.04892333,-34.95050283,137,31
2023-06-10T21:59:02Z,walk,2023-06-10T22:04:54Z,-8.04890901,-34.95050283,137,31
2023-06-10T21:59:02Z,walk,2023-06-10T22:04:55Z,-8.04889567,-34.95050383,137,31
2023-06-10T21:59:02Z,walk,2023-06-10T22:04:56Z,-8.04888368,-34.95050617,139,31
2023-06-10T21:59:02Z,walk,2023-06-10T22:04:57Z,-8.04887303,-34.95050949,139,31
2023-06-10T21:59:02Z,walk,2023-06-10T22:04:58Z,-8.04886304,-34.95051216,139,31
2023-06-10T21:59:02Z,walk,2023-06-10T22:04:59Z,-8.04885337,-34.95051615,140,31
2023-06-10T21:59:02Z,walk,2023-06-10T22:05:00Z,-8.04884271,-34.95052148,140,31
2023-06-10T21:59:02Z,walk,2023-06-10T22:05:01Z,-8.04883139,-34.95052848,140,31
2023-06-10T21:59:02Z,walk,2023-06-10T22:05:02Z,-8.04881872,-34.95053514,139,31
2023-06-10T21:59:02Z,walk,2023-06-10T22:05:03Z,-8.0488054,-34.95054047,139,31
2023-06-10T21:59:02Z,walk,2023-06-10T22:05:04Z,-8.0487894,-34.95054179,139,31
2023-06-10T21:59:02Z,walk,2023-06-10T22:05:05Z,-8.04877473,-34.95054313,139,31
2023-06-10T21:59:02Z,walk,2023-06-10T22:05:06Z,-8.04876241,-34.95054612,139,31
2023-06-10T21:59:02Z,walk,2023-06-10T22:05:07Z,-8.04875274,-34.95055112,139,31
2023-06-10T21:59:02Z,walk,2023-06-10T22:05:08Z,-8.04874408,-34.95055811,139,31
2023-06-10T21:59:02Z,walk,2023-06-10T22:05:09Z,-8.04873609,-34.9505671,139,31
2023-06-10T21:59:02Z,walk,2023-06-10T22:05:10Z,-8.04872909,-34.95057842,138,31
2023-06-10T21:59:02Z,walk,2023-06-10T22:05:11Z,-8.04872275,-34.95058942,138,31
2023-06-10T21:59:02Z,walk,2023-06-10T22:05:12Z,-8.04871676,-34.95059975,138,31
2023-06-10T21:59:02Z,walk,2023-06-10T22:05:13Z,-8.04871044,-34.95061042,138,31
2023-06-10T21:59:02Z,walk,2023-06-10T22:05:14Z,-8.04870412,-34.95062274,138,31
2023-06-10T21:59:02Z,walk,2023-06-10T22:05:15Z,-8.04869712,-34.95063574,137,31
2023-06-10T21:59:02Z,walk,2023-06-10T22:05:16Z,-8.04868978,-34.95064907,136,31
2023-06-10T21:59:02Z,walk,2023-06-10T22:05:17Z,-8.04868145,-34.95066107,136,31
2023-06-10T21:59:02Z,walk,2023-06-10T22:05:18Z,-8.04867312,-34.95067207,136,31
2023-06-10T21:59:02Z,walk,2023-06-10T22:05:19Z,-8.04866513,-34.95068206,136,31
2023-06-10T21:59:02Z,walk,2023-06-10T22:05:20Z,-8.04865847,-34.95069105,134,31
2023-06-10T21:59:02Z,walk,2023-06-10T22:05:21Z,-8.04865314,-34.95069905,134,31
2023-06-10T21:59:02Z,walk,2023-06-10T22:05:22Z,-8.04864981,-34.95070738,135,31
2023-06-10T21:59:02Z,walk,2023-06-10T22:05:23Z,-8.04864748,-34.95071505,135,31
2023-06-10T21:59:02Z,walk,2023-06-10T22:05:24Z,-8.04864516,-34.95072305,135,31
2023-06-10T21:59:02Z,walk,2023-06-10T22:05:25Z,-8.04864049,-34.95072838,135,31
2023-06-10T21:59:02Z,walk,2023-06-10T22:05:26Z,-8.04863482,-34.95073071,135,31
2023-06-10T21:59:02Z,walk,2023-06-10T22:05:27Z,-8.04862649,-34.95073038,135,31
2023-06-10T21:59:02Z,walk,2023-06-10T22:05:28Z,-8.04861616,-34.95072872,135,31
2023-06-10T21:59:02Z,walk,2023-06-10T22:05:29Z,-8.04860417,-34.95072772,135,31
2023-06-10T21:59:02Z,walk,2023-06-10T22:05:30Z,-8.04859284,-34.95072573,135,31
2023-06-10T21:59:02Z,walk,2023-06-10T22:05:31Z,-8.04858085,-34.9507234,135,31
2023-06-10T21:59:02Z,walk,2023-06-10T22:05:32Z,-8.04856785,-34.95072274,135,31
2023-06-10T21:59:02Z,walk,2023-06-10T22:05:33Z,-8.04855419,-34.95072108,136,31
2023-06-10T21:59:02Z,walk,2023-06-10T22:05:34Z,-8.04853853,-34.95071941,137,31
2023-06-10T21:59:02Z,walk,2023-06-10T22:05:35Z,-8.04852187,-34.95071775,137,31
2023-06-10T21:59:02Z,walk,2023-06-10T22:05:36Z,-8.04850488,-34.95071443,137,31
2023-06-10T21:59:02Z,walk,2023-06-10T22:05:37Z,-8.04848788,-34.9507101,137,31
2023-06-10T21:59:02Z,walk,2023-06-10T22:05:38Z,-8.04847056,-34.95070543,137,31
2023-06-10T21:59:02Z,walk,2023-06-10T22:05:39Z,-8.04845223,-34.95070177,139,31
2023-06-10T21:59:02Z,walk,2023-06-10T22:05:40Z,-8.0484329,-34.95069812,140,31
2023-06-10T21:59:02Z,walk,2023-06-10T22:05:41Z,-8.04841525,-34.95069645,139,31
2023-06-10T21:59:02Z,walk,2023-06-10T22:05:42Z,-8.04839891,-34.95069613,138,31
2023-06-10T21:59:02Z,walk,2023-06-10T22:05:43Z,-8.04838392,-34.95069945,138,31
2023-06-10T21:59:02Z,walk,2023-06-10T22:05:44Z,-8.04836992,-34.95070378,138,31
2023-06-10T21:59:02Z,walk,2023-06-10T22:05:45Z,-8.04835626,-34.95070711,138,31
2023-06-10T21:59:02Z,walk,2023-06-10T22:05:46Z,-8.0483426,-34.95071211,138,31
2023-06-10T21:59:02Z,walk,2023-06-10T22:05:47Z,-8.04833027,-34.9507161,138,31
2023-06-10T21:59:02Z,walk,2023-06-10T22:05:48Z,-8.04831794,-34.9507211,138,31
2023-06-10T21:59:02Z,walk,2023-06-10T22:05:49Z,-8.04830394,-34.95072442,138,31
2023-06-10T21:59:02Z,walk,2023-06-10T22:05:50Z,-8.04828828,-34.95072709,138,31
2023-06-10T21:59:02Z,walk,2023-06-10T22:05:51Z,-8.04827229,-34.95072875,139,31
2023-06-10T21:59:02Z,walk,2023-06-10T22:05:52Z,-8.04825962,-34.95073008,139,31
2023-06-10T21:59:02Z,walk,2023-06-10T22:05:53Z,-8.04824695,-34.95072808,139,31
2023-06-10T21:59:02Z,walk,2023-06-10T22:05:54Z,-8.04823662,-34.95072642,140,31
2023-06-10T21:59:02Z,walk,2023-06-10T22:05:55Z,-8.04822496,-34.95072276,141,31
2023-06-10T21:59:02Z,walk,2023-06-10T22:05:56Z,-8.04821063,-34.95071776,141,31
2023-06-10T21:59:02Z,walk,2023-06-10T22:05:57Z,-8.04819497,-34.95071343,143,31
2023-06-10T21:59:02Z,walk,2023-06-10T22:05:58Z,-8.04817798,-34.95070977,141,31
2023-06-10T21:59:02Z,walk,2023-06-10T22:05:59Z,-8.04816065,-34.95070544,141,31
2023-06-10T21:59:02Z,walk,2023-06-10T22:06:00Z,-8.04814166,-34.95069745,141,31
2023-06-10T21:59:02Z,walk,2023-06-10T22:06:01Z,-8.04812267,-34.95068912,141,31
2023-06-10T21:59:02Z,walk,2023-06-10T22:06:02Z,-8.04810368,-34.95068145,141,31
2023-06-10T21:59:02Z,walk,2023-06-10T22:06:03Z,-8.04808536,-34.95067546,141,31
2023-06-10T21:59:02Z,walk,2023-06-10T22:06:04Z,-8.04806837,-34.95067079,141,31
2023-06-10T21:59:02Z,walk,2023-06-10T22:06:05Z,-8.04805237,-34.95066747,141,31
2023-06-10T21:59:02Z,walk,2023-06-10T22:06:06Z,-8.04803804,-34.95066547,141,31
2023-06-10T21:59:02Z,walk,2023-06-10T22:06:07Z,-8.04802271,-34.95066181,140,31
2023-06-10T21:59:02Z,walk,2023-06-10T22:06:08Z,-8.04800705,-34.95065816,140,31
2023-06-10T21:59:02Z,walk,2023-06-10T22:06:09Z,-8.04799105,-34.95065482,139,31
2023-06-10T21:59:02Z,walk,2023-06-10T22:06:10Z,-8.04797372,-34.95065017,138,31
2023-06-10T21:59:02Z,walk,2023-06-10T22:06:11Z,-8.04795506,-34.95064517,138,31
2023-06-10T21:59:02Z,walk,2023-06-10T22:06:12Z,-8.04793706,-34.95063884,138,31
2023-06-10T21:59:02Z,walk,2023-06-10T22:06:13Z,-8.04792106,-34.95063285,138,31
2023-06-10T21:59:02Z,walk,2023-06-10T22:06:14Z,-8.04790641,-34.95062752,138,31
2023-06-10T21:59:02Z,walk,2023-06-10T22:06:15Z,-8.04789241,-34.95062219,138,31
2023-06-10T21:59:02Z,walk,2023-06-10T22:06:16Z,-8.04787908,-34.95061785,137,31
2023-06-10T21:59:02Z,walk,2023-06-10T22:06:17Z,-8.04786675,-34.95061453,136,31
2023-06-10T21:59:02Z,walk,2023-06-10T22:06:18Z,-8.04785476,-34.9506122,135,31
2023-06-10T21:59:02Z,walk,2023-06-10T22:06:19Z,-8.04784277,-34.95061087,135,31
2023-06-10T21:59:02Z,walk,2023-06-10T22:06:20Z,-8.04783044,-34.95060988,136,31
2023-06-10T21:59:02Z,walk,2023-06-10T22:06:21Z,-8.04781644,-34.95060788,136,31
2023-06-10T21:59:02Z,walk,2023-06-10T22:06:22Z,-8.04780245,-34.95060622,137,31
2023-06-10T21:59:02Z,walk,2023-06-10T22:06:23Z,-8.04778845,-34.95060622,137,31
2023-06-10T21:59:02Z,walk,2023-06-10T22:06:24Z,-8.04777511,-34.95060822,137,31
2023-06-10T21:59:02Z,walk,2023-06-10T22:06:25Z,-8.04776312,-34.95060988,138,31
2023-06-10T21:59:02Z,walk,2023-06-10T22:06:26Z,-8.0477518,-34.95061087,137,31
2023-06-10T21:59:02Z,walk,2023-06-10T22:06:27Z,-8.04774013,-34.95061022,137,31
2023-06-10T21:59:02Z,walk,2023-06-10T22:06:28Z,-8.04773048,-34.95060888,137,31
2023-06-10T21:59:02Z,walk,2023-06-10T22:06:29Z,-8.04772082,-34.95060954,137,62
2023-06-10T21:59:02Z,walk,2023-06-10T22:06:30Z,-8.04770982,-34.95061187,137,63
2023-06-10T21:59:02Z,walk,2023-06-10T22:06:31Z,-8.04769783,-34.9506152,137,63
2023-06-10T21:59:02Z,walk,2023-06-10T22:06:32Z,-8.04768483,-34.95061986,136,62
2023-06-10T21:59:02Z,walk,2023-06-10T22:06:33Z,-8.04767117,-34.95062253,136,62
2023-06-10T21:59:02Z,walk,2023-06-10T22:06:34Z,-8.04765717,-34.95062319,136,63
2023-06-10T21:59:02Z,walk,2023-06-10T22:06:35Z,-8.04764385,-34.95062286,137,63
2023-06-10T21:59:02Z,walk,2023-06-10T22:06:36Z,-8.04763219,-34.95062221,138,63
2023-06-10T21:59:02Z,walk,2023-06-10T22:06:37Z,-8.04762119,-34.95062121,140,62
2023-06-10T21:59:02Z,walk,2023-06-10T22:06:38Z,-8.04761086,-34.95061955,140,62
2023-06-10T21:59:02Z,walk,2023-06-10T22:06:39Z,-8.0476012,-34.95061722,140,62
2023-06-10T21:59:02Z,walk,2023-06-10T22:06:40Z,-8.0475912,-34.95061488,140,62
2023-06-10T21:59:02Z,walk,2023-06-10T22:06:41Z,-8.04758021,-34.95061289,139,62
2023-06-10T21:59:02Z,walk,2023-06-10T22:06:42Z,-8.04756621,-34.95061123,139,62
2023-06-10T21:59:02Z,walk,2023-06-10T22:06:43Z,-8.04755221,-34.95061024,138,62
2023-06-10T21:59:02Z,walk,2023-06-10T22:06:44Z,-8.04753821,-34.95060991,139,62
2023-06-10T21:59:02Z,walk,2023-06-10T22:06:45Z,-8.04752356,-34.95060691,139,62
2023-06-10T21:59:02Z,walk,2023-06-10T22:06:46Z,-8.04750756,-34.95060126,139,62
2023-06-10T21:59:02Z,walk,2023-06-10T22:06:47Z,-8.0474909,-34.95059393,139,62
2023-06-10T21:59:02Z,walk,2023-06-10T22:06:48Z,-8.0474749,-34.95058494,139,62
2023-06-10T21:59:02Z,walk,2023-06-10T22:06:49Z,-8.04746023,-34.95057394,141,62
2023-06-10T21:59:02Z,walk,2023-06-10T22:06:50Z,-8.04744658,-34.95056461,142,62
2023-06-10T21:59:02Z,walk,2023-06-10T22:06:51Z,-8.04743291,-34.95055862,142,62
2023-06-10T21:59:02Z,walk,2023-06-10T22:06:52Z,-8.04741992,-34.95055329,141,63
2023-06-10T21:59:02Z,walk,2023-06-10T22:06:53Z,-8.04740892,-34.9505493,140,63
2023-06-10T21:59:02Z,walk,2023-06-10T22:06:54Z,-8.04739793,-34.95054631,140,63
2023-06-10T21:59:02Z,walk,2023-06-10T22:06:55Z,-8.04738593,-34.95054497,139,63
2023-06-10T21:59:02Z,walk,2023-06-10T22:06:56Z,-8.04737261,-34.9505453,141,63
2023-06-10T21:59:02Z,walk,2023-06-10T22:06:57Z,-8.04735861,-34.95054663,141,63
2023-06-10T21:59:02Z,walk,2023-06-10T22:06:58Z,-8.04734428,-34.95054762,143,63
2023-06-10T21:59:02Z,walk,2023-06-10T22:06:59Z,-8.04732929,-34.95054829,144,63
2023-06-10T21:59:02Z,walk,2023-06-10T22:07:00Z,-8.04731329,-34.95054861,144,63
2023-06-10T21:59:02Z,walk,2023-06-10T22:07:01Z,-8.04729697,-34.95054927,145,63
2023-06-10T21:59:02Z,walk,2023-06-10T22:07:02Z,-8.04728164,-34.95054992,147,63
2023-06-10T21:59:02Z,walk,2023-06-10T22:07:03Z,-8.04726465,-34.9505466,147,63
2023-06-10T21:59:02Z,walk,2023-06-10T22:07:04Z,-8.04724899,-34.95054261,146,63
2023-06-10T21:59:02Z,walk,2023-06-10T22:07:05Z,-8.04723366,-34.95053928,146,63
2023-06-10T21:59:02Z,walk,2023-06-10T22:07:06Z,-8.04721832,-34.95053595,146,63
2023-06-10T21:59:02Z,walk,2023-06-10T22:07:07Z,-8.04720299,-34.9505323,147,63
2023-06-10T21:59:02Z,walk,2023-06-10T22:07:08Z,-8.047188,-34.95052931,146,63
2023-06-10T21:59:02Z,walk,2023-06-10T22:07:09Z,-8.04717333,-34.95052831,146,63
2023-06-10T21:59:02Z,walk,2023-06-10T22:07:10Z,-8.04716068,-34.95052864,145,63
2023-06-10T21:59:02Z,walk,2023-06-10T22:07:11Z,-8.04714869,-34.95052896,144,63
2023-06-10T21:59:02Z,walk,2023-06-10T22:07:12Z,-8.0471367,-34.95052796,142,63
2023-06-10T21:59:02Z,walk,2023-06-10T22:07:13Z,-8.04712637,-34.95052697,140,63
2023-06-10T21:59:02Z,walk,2023-06-10T22:07:14Z,-8.04711704,-34.95052665,138,63
2023-06-10T21:59:02Z,walk,2023-06-10T22:07:15Z,-8.04710738,-34.95052697,138,63
2023-06-10T21:59:02Z,walk,2023-06-10T22:07:16Z,-8.04709572,-34.95052665,138,63
2023-06-10T21:59:02Z,walk,2023-06-10T22:07:17Z,-8.04708139,-34.95052599,137,63
2023-06-10T21:59:02Z,walk,2023-06-10T22:07:18Z,-8.04706573,-34.95052334,137,63
2023-06-10T21:59:02Z,walk,2023-06-10T22:07:19Z,-8.04704973,-34.95052001,136,63
2023-06-10T21:59:02Z,walk,2023-06-10T22:07:20Z,-8.04703307,-34.95051635,136,31
2023-06-10T21:59:02Z,walk,2023-06-10T22:07:21Z,-8.04701674,-34.95051269,136,31
2023-06-10T21:59:02Z,walk,2023-06-10T22:07:22Z,-8.04700274,-34.95051036,138,31
2023-06-10T21:59:02Z,walk,2023-06-10T22:07:23Z,-8.04698975,-34.95050869,138,31
2023-06-10T21:59:02Z,walk,2023-06-10T22:07:24Z,-8.04697809,-34.9505057,138,32
2023-06-10T21:59:02Z,walk,2023-06-10T22:07:25Z,-8.04696542,-34.95050238,141,31
2023-06-10T21:59:02Z,walk,2023-06-10T22:07:26Z,-8.04695276,-34.9505027,142,30
2023-06-10T21:59:02Z,walk,2023-06-10T22:07:27Z,-8.0469401,-34.95050437,142,30
2023-06-10T21:59:02Z,walk,2023-06-10T22:07:28Z,-8.04692743,-34.95050702,138,30
2023-06-10T21:59:02Z,walk,2023-06-10T22:07:29Z,-8.04691411,-34.95051001,138,30
2023-06-10T21:59:02Z,walk,2023-06-10T22:07:30Z,-8.04689978,-34.95051168,138,30
2023-06-10T21:59:02Z,walk,2023-06-10T22:07:31Z,-8.04688479,-34.95051135,138,30
2023-06-10T21:59:02Z,walk,2023-06-10T22:07:32Z,-8.04687012,-34.95051036,138,30
2023-06-10T21:59:02Z,walk,2023-06-10T22:07:32Z,-8.04685545,-34.95050903,138,30
2023-06-10T21:59:02Z,walk,2023-06-10T22:07:33Z,-8.04684113,-34.95050737,137,30
2023-06-10T21:59:02Z,walk,2023-06-10T22:07:34Z,-8.04682846,-34.95050438,137,30
2023-06-10T21:59:02Z,walk,2023-06-10T22:07:35Z,-8.04681746,-34.95050004,137,30
2023-06-10T21:59:02Z,walk,2023-06-10T22:07:36Z,-8.04680814,-34.95049605,137,30
2023-06-10T21:59:02Z,walk,2023-06-10T22:07:37Z,-8.04679781,-34.95049273,136,30
2023-06-10T21:59:02Z,walk,2023-06-10T22:07:38Z,-8.04678782,-34.95049073,135,60
2023-06-10T21:59:02Z,walk,2023-06-10T22:07:39Z,-8.04677783,-34.95048907,135,60
2023-06-10T21:59:02Z,walk,2023-06-10T22:07:40Z,-8.04676749,-34.95048674,135,61
2023-06-10T21:59:02Z,walk,2023-06-10T22:07:41Z,-8.04675817,-34.95048307,135,61
2023-06-10T21:59:02Z,walk,2023-06-10T22:07:42Z,-8.04674784,-34.95047975,135,61
2023-06-10T21:59:02Z,walk,2023-06-10T22:07:43Z,-8.04673785,-34.95047809,135,61
2023-06-10T21:59:02Z,walk,2023-06-10T22:07:44Z,-8.04672618,-34.95047809,134,61
2023-06-10T21:59:02Z,walk,2023-06-10T22:07:45Z,-8.04671152,-34.95047975,134,61
2023-06-10T21:59:02Z,walk,2023-06-10T22:07:46Z,-8.04669687,-34.95048142,134,60
2023-06-10T21:59:02Z,walk,2023-06-10T22:07:47Z,-8.0466822,-34.95048241,135,60
2023-06-10T21:59:02Z,walk,2023-06-10T22:07:48Z,-8.04667021,-34.95048306,135,60
2023-06-10T21:59:02Z,walk,2023-06-10T22:07:49Z,-8.04666155,-34.95048573,134,60
2023-06-10T21:59:02Z,walk,2023-06-10T22:07:50Z,-8.04665689,-34.95048806,134,60
2023-06-10T21:59:02Z,walk,2023-06-10T22:07:51Z,-8.04665456,-34.95049139,134,60
2023-06-10T21:59:02Z,walk,2023-06-10T22:07:52Z,-8.04665489,-34.95049339,134,60
2023-06-10T21:59:02Z,walk,2023-06-10T22:07:53Z,-8.04665721,-34.95049371,133,60
2023-06-10T21:59:02Z,walk,2023-06-10T22:07:54Z,-8.04666321,-34.95049239,132,60
2023-06-10T21:59:02Z,walk,2023-06-10T22:07:55Z,-8.04667088,-34.95049139,132,60
2023-06-10T21:59:02Z,walk,2023-06-10T22:07:56Z,-8.0466812,-34.95048973,133,60
2023-06-10T21:59:02Z,walk,2023-06-10T22:07:57Z,-8.04669287,-34.95048907,133,60
2023-06-10T21:59:02Z,walk,2023-06-10T22:07:58Z,-8.0467052,-34.95049106,133,60
2023-06-10T21:59:02Z,walk,2023-06-10T22:07:59Z,-8.04671719,-34.95049472,134,60
2023-06-10T21:59:02Z,walk,2023-06-10T22:08:00Z,-8.04672818,-34.95049972,134,60
2023-06-10T21:59:02Z,walk,2023-06-10T22:08:01Z,-8.04673918,-34.95050505,134,60
2023-06-10T21:59:02Z,walk,2023-06-10T22:08:02Z,-8.0467505,-34.95050972,132,60
2023-06-10T21:59:02Z,walk,2023-06-10T22:08:03Z,-8.04676184,-34.95051205,132,60
2023-06-10T21:59:02Z,walk,2023-06-10T22:08:04Z,-8.0467735,-34.95051238,133,60
2023-06-10T21:59:02Z,walk,2023-06-10T22:08:05Z,-8.04678383,-34.95051205,134,60
2023-06-10T21:59:02Z,walk,2023-06-10T22:08:06Z,-8.04679483,-34.95051271,135,60
2023-06-10T21:59:02Z,walk,2023-06-10T22:08:07Z,-8.04680582,-34.95051403,136,60
2023-06-10T21:59:02Z,walk,2023-06-10T22:08:08Z,-8.04681715,-34.9505167,136,62
2023-06-10T21:59:02Z,walk,2023-06-10T22:08:09Z,-8.04682982,-34.95052103,136,62
2023-06-10T21:59:02Z,walk,2023-06-10T22:08:10Z,-8.04684314,-34.9505237,136,62
2023-06-10T21:59:02Z,walk,2023-06-10T22:08:11Z,-8.0468568,-34.95052637,137,61
2023-06-10T21:59:02Z,walk,2023-06-10T22:08:12Z,-8.04687112,-34.95052736,138,61
2023-06-10T21:59:02Z,walk,2023-06-10T22:08:13Z,-8.04688379,-34.95052469,137,61
2023-06-10T21:59:02Z,walk,2023-06-10T22:08:14Z,-8.04689645,-34.9505207,136,61
2023-06-10T21:59:02Z,walk,2023-06-10T22:08:15Z,-8.04690911,-34.95051837,136,61
2023-06-10T21:59:02Z,walk,2023-06-10T22:08:16Z,-8.04692144,-34.95051703,136,61
2023-06-10T21:59:02Z,walk,2023-06-10T22:08:17Z,-8.04693377,-34.95051471,137,61
2023-06-10T21:59:02Z,walk,2023-06-10T22:08:18Z,-8.04694576,-34.95051238,137,62
2023-06-10T21:59:02Z,walk,2023-06-10T22:08:19Z,-8.04695742,-34.95051138,137,62
2023-06-10T21:59:02Z,walk,2023-06-10T22:08:20Z,-8.04696941,-34.95051039,137,62
2023-06-10T21:59:02Z,walk,2023-06-10T22:08:21Z,-8.04698208,-34.9505094,137,62
2023-06-10T21:59:02Z,walk,2023-06-10T22:08:22Z,-8.04699575,-34.9505094,137,59
2023-06-10T21:59:02Z,walk,2023-06-10T22:08:23Z,-8.04700974,-34.95051173,138,59
2023-06-10T21:59:02Z,walk,2023-06-10T22:08:24Z,-8.0470254,-34.95051272,138,59
2023-06-10T21:59:02Z,walk,2023-06-10T22:08:25Z,-8.04704106,-34.95051338,137,59
2023-06-10T21:59:02Z,walk,2023-06-10T22:08:26Z,-8.04705672,-34.95051538,137,59
2023-06-10T21:59:02Z,walk,2023-06-10T22:08:27Z,-8.04707137,-34.95051837,137,59
2023-06-10T21:59:02Z,walk,2023-06-10T22:08:28Z,-8.0470857,-34.95052136,140,59
2023-06-10T21:59:02Z,walk,2023-06-10T22:08:29Z,-8.0470997,-34.95052535,140,59
2023-06-10T21:59:02Z,walk,2023-06-10T22:08:30Z,-8.0471137,-34.95052768,140,59
2023-06-10T21:59:02Z,walk,2023-06-10T22:08:31Z,-8.0471277,-34.95053001,140,59
2023-06-10T21:59:02Z,walk,2023-06-10T22:08:32Z,-8.04714235,-34.95053201,141,62
2023-06-10T21:59:02Z,walk,2023-06-10T22:08:33Z,-8.04715635,-34.95053267,141,62
2023-06-10T21:59:02Z,walk,2023-06-10T22:08:34Z,-8.04716902,-34.95053168,142,62
2023-06-10T21:59:02Z,walk,2023-06-10T22:08:35Z,-8.04718135,-34.95053035,141,62
2023-06-10T21:59:02Z,walk,2023-06-10T22:08:36Z,-8.04719301,-34.95052969,141,62
2023-06-10T21:59:02Z,walk,2023-06-10T22:08:37Z,-8.04720401,-34.95052802,141,61
2023-06-10T21:59:02Z,walk,2023-06-10T22:08:38Z,-8.04721434,-34.95052403,141,61
2023-06-10T21:59:02Z,walk,2023-06-10T22:08:39Z,-8.047224,-34.95052004,141,61
2023-06-10T21:59:02Z,walk,2023-06-10T22:08:40Z,-8.04723399,-34.95051771,141,62
2023-06-10T21:59:02Z,walk,2023-06-10T22:08:41Z,-8.04724432,-34.95051504,141,62
2023-06-10T21:59:02Z,walk,2023-06-10T22:08:42Z,-8.04725431,-34.95051138,141,64
2023-06-10T21:59:02Z,walk,2023-06-10T22:08:43Z,-8.04726497,-34.95050772,141,65
2023-06-10T21:59:02Z,walk,2023-06-10T22:08:44Z,-8.04727697,-34.95050373,143,61
2023-06-10T21:59:02Z,walk,2023-06-10T22:08:45Z,-8.04728963,-34.95050074,144,60
2023-06-10T21:59:02Z,walk,2023-06-10T22:08:46Z,-8.04730229,-34.95049974,144,60
2023-06-10T21:59:02Z,walk,2023-06-10T22:08:47Z,-8.04731595,-34.95049974,146,59
2023-06-10T21:59:02Z,walk,2023-06-10T22:08:48Z,-8.04732862,-34.95049974,145,59
2023-06-10T21:59:02Z,walk,2023-06-10T22:08:49Z,-8.04734161,-34.95050006,145,59
2023-06-10T21:59:02Z,walk,2023-06-10T22:08:50Z,-8.04735493,-34.95050006,146,59
2023-06-10T21:59:02Z,walk,2023-06-10T22:08:51Z,-8.0473676,-34.95049874,146,59
2023-06-10T21:59:02Z,walk,2023-06-10T22:08:52Z,-8.04738026,-34.95049842,146,59
2023-06-10T21:59:02Z,walk,2023-06-10T22:08:53Z,-8.04739292,-34.95050041,146,60
2023-06-10T21:59:02Z,walk,2023-06-10T22:08:54Z,-8.04740559,-34.95050341,146,60
2023-06-10T21:59:02Z,walk,2023-06-10T22:08:55Z,-8.04741792,-34.9505054,146,60
2023-06-10T21:59:02Z,walk,2023-06-10T22:08:56Z,-8.04743124,-34.95051105,146,60
2023-06-10T21:59:02Z,walk,2023-06-10T22:08:57Z,-8.04744391,-34.95051704,148,60
2023-06-10T21:59:02Z,walk,2023-06-10T22:08:58Z,-8.04745757,-34.95052304,148,60
2023-06-10T21:59:02Z,walk,2023-06-10T22:08:59Z,-8.04747022,-34.95052837,150,60
2023-06-10T21:59:02Z,walk,2023-06-10T22:09:00Z,-8.04748289,-34.95053403,150,60
2023-06-10T21:59:02Z,walk,2023-06-10T22:09:01Z,-8.04749488,-34.95053936,150,61
2023-06-10T21:59:02Z,walk,2023-06-10T22:09:02Z,-8.04750687,-34.95054269,149,60
2023-06-10T21:59:02Z,walk,2023-06-10T22:09:03Z,-8.04751886,-34.95054535,149,60
2023-06-10T21:59:02Z,walk,2023-06-10T22:09:04Z,-8.04753119,-34.95054668,149,61
2023-06-10T21:59:02Z,walk,2023-06-10T22:09:05Z,-8.04754453,-34.95054602,149,61
2023-06-10T21:59:02Z,walk,2023-06-10T22:09:06Z,-8.04755785,-34.95054502,149,61
2023-06-10T21:59:02Z,walk,2023-06-10T22:09:07Z,-8.04757151,-34.9505437,150,61
2023-06-10T21:59:02Z,walk,2023-06-10T22:09:08Z,-8.04758483,-34.95054237,150,61
2023-06-10T21:59:02Z,walk,2023-06-10T22:09:09Z,-8.04759783,-34.95054104,151,61
2023-06-10T21:59:02Z,walk,2023-06-10T22:09:10Z,-8.0476105,-34.95053938,151,61
2023-06-10T21:59:02Z,walk,2023-06-10T22:09:11Z,-8.04762315,-34.95053938,152,61
2023-06-10T21:59:02Z,walk,2023-06-10T22:09:12Z,-8.04763514,-34.95054171,153,61
2023-06-10T21:59:02Z,walk,2023-06-10T22:09:13Z,-8.04764648,-34.95054537,153,60
2023-06-10T21:59:02Z,walk,2023-06-10T22:09:14Z,-8.04765847,-34.95054937,154,60
2023-06-10T21:59:02Z,walk,2023-06-10T22:09:15Z,-8.04767112,-34.95055536,154,61
2023-06-10T21:59:02Z,walk,2023-06-10T22:09:16Z,-8.04768212,-34.95056235,154,61
2023-06-10T21:59:02Z,walk,2023-06-10T22:09:17Z,-8.04769245,-34.95057168,154,60
2023-06-10T21:59:02Z,walk,2023-06-10T22:09:18Z,-8.04770244,-34.95058134,152,60
2023-06-10T21:59:02Z,walk,2023-06-10T22:09:19Z,-8.04771377,-34.95059067,152,61
2023-06-10T21:59:02Z,walk,2023-06-10T22:09:20Z,-8.04772609,-34.95059634,151,61
2023-06-10T21:59:02Z,walk,2023-06-10T22:09:21Z,-8.04773843,-34.95059966,151,62
2023-06-10T21:59:02Z,walk,2023-06-10T22:09:22Z,-8.04775042,-34.95060265,151,62
2023-06-10T21:59:02Z,walk,2023-06-10T22:09:23Z,-8.04776274,-34.95060498,151,62
2023-06-10T21:59:02Z,walk,2023-06-10T22:09:24Z,-8.04777606,-34.95060531,151,63
2023-06-10T21:59:02Z,walk,2023-06-10T22:09:25Z,-8.04778973,-34.95060465,151,63
2023-06-10T21:59:02Z,walk,2023-06-10T22:09:26Z,-8.04780405,-34.95060398,151,63
2023-06-10T21:59:02Z,walk,2023-06-10T22:09:27Z,-8.04781838,-34.95060398,152,62
2023-06-10T21:59:02Z,walk,2023-06-10T22:09:28Z,-8.04783204,-34.95060333,152,62
2023-06-10T21:59:02Z,walk,2023-06-10T22:09:29Z,-8.0478457,-34.95060267,151,63
2023-06-10T21:59:02Z,walk,2023-06-10T22:09:30Z,-8.04785837,-34.95060168,151,63
2023-06-10T21:59:02Z,walk,2023-06-10T22:09:31Z,-8.04787036,-34.95060035,151,63
2023-06-10T21:59:02Z,walk,2023-06-10T22:09:32Z,-8.04788168,-34.95060002,151,63
2023-06-10T21:59:02Z,walk,2023-06-10T22:09:33Z,-8.04789301,-34.95060002,150,63
2023-06-10T21:59:02Z,walk,2023-06-10T22:09:34Z,-8.047905,-34.9505997,150,63
2023-06-10T21:59:02Z,walk,2023-06-10T22:09:35Z,-8.04791799,-34.9505987,149,63
2023-06-10T21:59:02Z,walk,2023-06-10T22:09:36Z,-8.04792966,-34.95059404,149,63
2023-06-10T21:59:02Z,walk,2023-06-10T22:09:37Z,-8.04794132,-34.95058772,150,63
2023-06-10T21:59:02Z,walk,2023-06-10T22:09:38Z,-8.04795498,-34.95058339,149,63
2023-06-10T21:59:02Z,walk,2023-06-10T22:09:39Z,-8.04797031,-34.95058206,148,63
2023-06-10T21:59:02Z,walk,2023-06-10T22:09:40Z,-8.04798531,-34.95058405,148,63
2023-06-10T21:59:02Z,walk,2023-06-10T22:09:41Z,-8.04799931,-34.95058471,148,63
2023-06-10T21:59:02Z,walk,2023-06-10T22:09:42Z,-8.04801196,-34.95058405,149,63
2023-06-10T21:59:02Z,walk,2023-06-10T22:09:43Z,-8.04802429,-34.95058306,148,63
2023-06-10T21:59:02Z,walk,2023-06-10T22:09:44Z,-8.04803595,-34.95058241,148,63
2023-06-10T21:59:02Z,walk,2023-06-10T22:09:45Z,-8.04804761,-34.95058273,148,60
2023-06-10T21:59:02Z,walk,2023-06-10T22:09:46Z,-8.04805928,-34.95058439,148,60
2023-06-10T21:59:02Z,walk,2023-06-10T22:09:47Z,-8.04807094,-34.95058772,149,60
2023-06-10T21:59:02Z,walk,2023-06-10T22:09:48Z,-8.0480826,-34.95059271,150,60
2023-06-10T21:59:02Z,walk,2023-06-10T22:09:49Z,-8.04809427,-34.95059704,151,60
2023-06-10T21:59:02Z,walk,2023-06-10T22:09:50Z,-8.04810526,-34.95060103,152,60
2023-06-10T21:59:02Z,walk,2023-06-10T22:09:51Z,-8.04811592,-34.95060603,152,60
2023-06-10T21:59:02Z,walk,2023-06-10T22:09:52Z,-8.04812725,-34.95061202,152,60
2023-06-10T21:59:02Z,walk,2023-06-10T22:09:53Z,-8.04813958,-34.95061736,152,60
2023-06-10T21:59:02Z,walk,2023-06-10T22:09:54Z,-8.04815258,-34.95062035,152,60
2023-06-10T21:59:02Z,walk,2023-06-10T22:09:55Z,-8.04816524,-34.95062201,152,60
2023-06-10T21:59:02Z,walk,2023-06-10T22:09:56Z,-8.04817924,-34.95062567,152,62
2023-06-10T21:59:02Z,walk,2023-06-10T22:09:57Z,-8.04819357,-34.95062899,152,62
2023-06-10T21:59:02Z,walk,2023-06-10T22:09:58Z,-8.04820923,-34.95063198,152,62
2023-06-10T21:59:02Z,walk,2023-06-10T22:09:59Z,-8.04822589,-34.95063166,152,62
2023-06-10T21:59:02Z,walk,2023-06-10T22:10:00Z,-8.04824288,-34.95063166,152,61
2023-06-10T21:59:02Z,walk,2023-06-10T22:10:01Z,-8.04826055,-34.95063198,153,62
2023-06-10T21:59:02Z,walk,2023-06-10T22:10:02Z,-8.04827822,-34.95063398,153,62
2023-06-10T21:59:02Z,walk,2023-06-10T22:10:03Z,-8.04829555,-34.95063464,153,62
2023-06-10T21:59:02Z,walk,2023-06-10T22:10:04Z,-8.04831187,-34.95063564,153,62
2023-06-10T21:59:02Z,walk,2023-06-10T22:10:05Z,-8.04832654,-34.9506363,153,61
2023-06-10T21:59:02Z,walk,2023-06-10T22:10:06Z,-8.0483402,-34.95063729,152,61
2023-06-10T21:59:02Z,walk,2023-06-10T22:10:07Z,-8.0483532,-34.95064028,152,60
2023-06-10T21:59:02Z,walk,2023-06-10T22:10:08Z,-8.0483672,-34.95064261,152,60
2023-06-10T21:59:02Z,walk,2023-06-10T22:10:09Z,-8.04838185,-34.95064593,153,60
2023-06-10T21:59:02Z,walk,2023-06-10T22:10:10Z,-8.04839751,-34.95065093,153,60
2023-06-10T21:59:02Z,walk,2023-06-10T22:10:11Z,-8.04841351,-34.95065527,153,62
2023-06-10T21:59:02Z,walk,2023-06-10T22:10:12Z,-8.0484285,-34.95065792,153,62
2023-06-10T21:59:02Z,walk,2023-06-10T22:10:13Z,-8.04844317,-34.95065891,153,61
2023-06-10T21:59:02Z,walk,2023-06-10T22:10:14Z,-8.04845516,-34.95066024,152,60
2023-06-10T21:59:02Z,walk,2023-06-10T22:10:15Z,-8.04846715,-34.9506609,152,62
2023-06-10T21:59:02Z,walk,2023-06-10T22:10:16Z,-8.04847881,-34.95066323,152,62
2023-06-10T21:59:02Z,walk,2023-06-10T22:10:17Z,-8.04848947,-34.95066756,152,62
2023-06-10T21:59:02Z,walk,2023-06-10T22:10:18Z,-8.0484978,-34.95067455,153,62
2023-06-10T21:59:02Z,walk,2023-06-10T22:10:19Z,-8.04850313,-34.95068288,154,62
2023-06-10T21:59:02Z,walk,2023-06-10T22:10:20Z,-8.04850545,-34.95069088,154,62
2023-06-10T21:59:02Z,walk,2023-06-10T22:10:21Z,-8.04850612,-34.95070022,154,62
2023-06-10T21:59:02Z,walk,2023-06-10T22:10:22Z,-8.04850778,-34.95071087,154,62
2023-06-10T21:59:02Z,walk,2023-06-10T22:10:23Z,-8.04850845,-34.95071953,154,60
2023-06-10T21:59:02Z,walk,2023-06-10T22:10:24Z,-8.04850778,-34.95072786,155,61
2023-06-10T21:59:02Z,walk,2023-06-10T22:10:25Z,-8.04850678,-34.95073753,155,62
2023-06-10T21:59:02Z,walk,2023-06-10T22:10:26Z,-8.04850613,-34.95074786,155,62
2023-06-10T21:59:02Z,walk,2023-06-10T22:10:27Z,-8.04850678,-34.95075952,155,62
2023-06-10T21:59:02Z,walk,2023-06-10T22:10:28Z,-8.04850712,-34.95077251,153,62
2023-06-10T21:59:02Z,walk,2023-06-10T22:10:29Z,-8.04850911,-34.95078618,153,62
2023-06-10T21:59:02Z,walk,2023-06-10T22:10:30Z,-8.04851144,-34.95079918,153,62
2023-06-10T21:59:02Z,walk,2023-06-10T22:10:31Z,-8.04851344,-34.9508125,153,62
2023-06-10T21:59:02Z,walk,2023-06-10T22:10:32Z,-8.04851376,-34.9508245,153,62
2023-06-10T21:59:02Z,walk,2023-06-10T22:10:33Z,-8.04851311,-34.95083416,153,62
2023-06-10T21:59:02Z,walk,2023-06-10T22:10:34Z,-8.04851344,-34.95084516,153,62
2023-06-10T21:59:02Z,walk,2023-06-10T22:10:35Z,-8.04851443,-34.95085816,153,62
2023-06-10T21:59:02Z,walk,2023-06-10T22:10:36Z,-8.04851609,-34.95087281,153,63
2023-06-10T21:59:02Z,walk,2023-06-10T22:10:37Z,-8.04851709,-34.95088847,154,63
2023-06-10T21:59:02Z,walk,2023-06-10T22:10:38Z,-8.04851841,-34.95090347,155,65
2023-06-10T21:59:02Z,walk,2023-06-10T22:10:39Z,-8.0485194,-34.95091846,155,64
2023-06-10T21:59:02Z,walk,2023-06-10T22:10:40Z,-8.04852007,-34.95093246,155,62
2023-06-10T21:59:02Z,walk,2023-06-10T22:10:41Z,-8.0485194,-34.95094513,155,62
2023-06-10T21:59:02Z,walk,2023-06-10T22:10:42Z,-8.04851841,-34.95095745,155,61
2023-06-10T21:59:02Z,walk,2023-06-10T22:10:43Z,-8.04851475,-34.95097045,155,62
2023-06-10T21:59:02Z,walk,2023-06-10T22:10:44Z,-8.04851142,-34.95098277,155,61
2023-06-10T21:59:02Z,walk,2023-06-10T22:10:45Z,-8.04850875,-34.95099476,154,61
2023-06-10T21:59:02Z,walk,2023-06-10T22:10:46Z,-8.04850643,-34.9510081,153,61
2023-06-10T21:59:02Z,walk,2023-06-10T22:10:47Z,-8.0485031,-34.95102376,153,61
2023-06-10T21:59:02Z,walk,2023-06-10T22:10:48Z,-8.04850011,-34.95103875,153,61
2023-06-10T21:59:02Z,walk,2023-06-10T22:10:49Z,-8.04849778,-34.95105542,153,61
2023-06-10T21:59:02Z,walk,2023-06-10T22:10:50Z,-8.04849612,-34.95107241,154,61
2023-06-10T21:59:02Z,walk,2023-06-10T22:10:51Z,-8.04849478,-34.9510894,155,61
2023-06-10T21:59:02Z,walk,2023-06-10T22:10:52Z,-8.04849179,-34.95110672,158,61
2023-06-10T21:59:02Z,walk,2023-06-10T22:10:53Z,-8.04848846,-34.95112405,158,61
2023-06-10T21:59:02Z,walk,2023-06-10T22:10:54Z,-8.04848547,-34.95114038,160,61
2023-06-10T21:59:02Z,walk,2023-06-10T22:10:55Z,-8.04848347,-34.95115705,158,62
2023-06-10T21:59:02Z,walk,2023-06-10T22:10:56Z,-8.04848248,-34.95117305,158,62
2023-06-10T21:59:02Z,walk,2023-06-10T22:10:57Z,-8.04848081,-34.9511877,159,63
2023-06-10T21:59:02Z,walk,2023-06-10T22:10:58Z,-8.04847949,-34.9512007,159,62
2023-06-10T21:59:02Z,walk,2023-06-10T22:10:59Z,-8.04847783,-34.95121436,159,62
2023-06-10T21:59:02Z,walk,2023-06-10T22:11:00Z,-8.04847684,-34.95122803,159,62
2023-06-10T21:59:02Z,walk,2023-06-10T22:11:01Z,-8.04847618,-34.95124136,159,62
2023-06-10T21:59:02Z,walk,2023-06-10T22:11:02Z,-8.04847552,-34.95125536,159,62
2023-06-10T21:59:02Z,walk,2023-06-10T22:11:03Z,-8.04847519,-34.95126936,159,63
2023-06-10T21:59:02Z,walk,2023-06-10T22:11:04Z,-8.04847519,-34.95128168,159,63
2023-06-10T21:59:02Z,walk,2023-06-10T22:11:05Z,-8.04847486,-34.95129502,159,63
2023-06-10T21:59:02Z,walk,2023-06-10T22:11:06Z,-8.0484732,-34.95130734,159,63
2023-06-10T21:59:02Z,walk,2023-06-10T22:11:07Z,-8.04847221,-34.95131834,160,62
2023-06-10T21:59:02Z,walk,2023-06-10T22:11:08Z,-8.04847087,-34.95132966,161,63
2023-06-10T21:59:02Z,walk,2023-06-10T22:11:09Z,-8.04846988,-34.95134132,162,63
2023-06-10T21:59:02Z,walk,2023-06-10T22:11:10Z,-8.04847087,-34.95135365,163,64
2023-06-10T21:59:02Z,walk,2023-06-10T22:11:11Z,-8.04847386,-34.95136598,163,64
2023-06-10T21:59:02Z,walk,2023-06-10T22:11:12Z,-8.04847753,-34.95137631,164,62
2023-06-10T21:59:02Z,walk,2023-06-10T22:11:13Z,-8.04847919,-34.95138698,164,63
2023-06-10T21:59:02Z,walk,2023-06-10T22:11:14Z,-8.04847886,-34.95139764,164,63
2023-06-10T21:59:02Z,walk,2023-06-10T22:11:15Z,-8.04847754,-34.95140997,164,63
2023-06-10T21:59:02Z,walk,2023-06-10T22:11:16Z,-8.04847654,-34.95142296,165,63
2023-06-10T21:59:02Z,walk,2023-06-10T22:11:17Z,-8.04847555,-34.95143096,165,63
2023-06-10T21:59:02Z,walk,2023-06-10T22:11:18Z,-8.04847423,-34.95143428,164,63
2023-06-10T21:59:02Z,walk,2023-06-10T22:11:20Z,-8.04847323,-34.95144928,164,62
2023-06-10T21:59:02Z,walk,2023-06-10T22:11:21Z,-8.04847388,-34.95145161,164,63
2023-06-10T21:59:02Z,walk,2023-06-10T22:11:22Z,-8.04847455,-34.95145728,164,63
2023-06-10T21:59:02Z,walk,2023-06-10T22:11:23Z,-8.04847455,-34.95146295,164,63
2023-06-10T21:59:02Z,walk,2023-06-10T22:11:24Z,-8.04847423,-34.95147128,164,63
2023-06-10T21:59:02Z,walk,2023-06-10T22:11:25Z,-8.04847423,-34.9514826,165,63
2023-06-10T21:59:02Z,walk,2023-06-10T22:11:26Z,-8.04847488,-34.95149559,165,64
2023-06-10T21:59:02Z,walk,2023-06-10T22:11:27Z,-8.04847587,-34.95150959,165,63
2023-06-10T21:59:02Z,walk,2023-06-10T22:11:28Z,-8.04847654,-34.95152658,166,63
2023-06-10T21:59:02Z,walk,2023-06-10T22:11:29Z,-8.04847587,-34.95154325,166,63
2023-06-10T21:59:02Z,walk,2023-06-10T22:11:30Z,-8.04847455,-34.95155992,166,63
2023-06-10T21:59:02Z,walk,2023-06-10T22:11:31Z,-8.04847356,-34.95157658,166,62
2023-06-10T21:59:02Z,walk,2023-06-10T22:11:32Z,-8.04847156,-34.95159391,166,62
2023-06-10T21:59:02Z,walk,2023-06-10T22:11:33Z,-8.0484699,-34.95161191,166,64
2023-06-10T21:59:02Z,walk,2023-06-10T22:11:34Z,-8.0484689,-34.95163056,166,63
2023-06-10T21:59:02Z,walk,2023-06-10T22:11:35Z,-8.04846791,-34.95164856,166,63
2023-06-10T21:59:02Z,walk,2023-06-10T22:11:36Z,-8.04846758,-34.95166523,168,64
2023-06-10T21:59:02Z,walk,2023-06-10T22:11:37Z,-8.04846659,-34.95168189,170,64
2023-06-10T21:59:02Z,walk,2023-06-10T22:11:38Z,-8.04846493,-34.95169955,171,64
2023-06-10T21:59:02Z,walk,2023-06-10T22:11:39Z,-8.04846393,-34.95171721,168,64
2023-06-10T21:59:02Z,walk,2023-06-10T22:11:40Z,-8.04846361,-34.95173588,168,63
2023-06-10T21:59:02Z,walk,2023-06-10T22:11:41Z,-8.0484646,-34.95175453,168,63
2023-06-10T21:59:02Z,walk,2023-06-10T22:11:42Z,-8.04846393,-34.9517722,168,63
2023-06-10T21:59:02Z,walk,2023-06-10T22:11:43Z,-8.04846193,-34.95178986,167,62
2023-06-10T21:59:02Z,walk,2023-06-10T22:11:44Z,-8.04845961,-34.95180751,164,62
2023-06-10T21:59:02Z,walk,2023-06-10T22:11:45Z,-8.04845761,-34.95182651,164,63
2023-06-10T21:59:02Z,walk,2023-06-10T22:11:46Z,-8.04845462,-34.95184717,163,62
2023-06-10T21:59:02Z,walk,2023-06-10T22:11:47Z,-8.04845062,-34.95186784,162,63
2023-06-10T21:59:02Z,walk,2023-06-10T22:11:47Z,-8.04844763,-34.95188783,162,63
2023-06-10T21:59:02Z,walk,2023-06-10T22:11:48Z,-8.04844496,-34.95190515,161,63
2023-06-10T21:59:02Z,walk,2023-06-10T22:11:49Z,-8.04844296,-34.95191947,160,63
2023-06-10T21:59:02Z,walk,2023-06-10T22:11:50Z,-8.04844064,-34.95193081,160,63
2023-06-10T21:59:02Z,walk,2023-06-10T22:11:51Z,-8.04843932,-34.95194347,160,63
2023-06-10T21:59:02Z,walk,2023-06-10T22:11:52Z,-8.04843798,-34.9519568,160,63
2023-06-10T21:59:02Z,walk,2023-06-10T22:11:53Z,-8.04843533,-34.95197145,160,63
2023-06-10T21:59:02Z,walk,2023-06-10T22:11:54Z,-8.04843234,-34.95198645,160,63
2023-06-10T21:59:02Z,walk,2023-06-10T22:11:55Z,-8.04843034,-34.95199944,160,63
2023-06-10T21:59:02Z,walk,2023-06-10T22:11:56Z,-8.04842901,-34.95201078,161,63
2023-06-10T21:59:02Z,walk,2023-06-10T22:11:57Z,-8.04842868,-34.9520221,161,61
2023-06-10T21:59:02Z,walk,2023-06-10T22:11:58Z,-8.04842901,-34.9520321,161,61
2023-06-10T21:59:02Z,walk,2023-06-10T22:11:59Z,-8.04842835,-34.95204409,160,61
2023-06-10T21:59:02Z,walk,2023-06-10T22:12:00Z,-8.04842669,-34.95205942,160,61
2023-06-10T21:59:02Z,walk,2023-06-10T22:12:01Z,-8.04842437,-34.95207675,159,61
2023-06-10T21:59:02Z,walk,2023-06-10T22:12:02Z,-8.04842337,-34.95209374,160,63
2023-06-10T21:59:02Z,walk,2023-06-10T22:12:03Z,-8.0484227,-34.95210873,161,63
2023-06-10T21:59:02Z,walk,2023-06-10T22:12:04Z,-8.04842171,-34.95212139,162,63
2023-06-10T21:59:02Z,walk,2023-06-10T22:12:05Z,-8.04841838,-34.95213239,162,63
2023-06-10T21:59:02Z,walk,2023-06-10T22:12:06Z,-8.04841571,-34.95214272,162,63
2023-06-10T21:59:02Z,walk,2023-06-10T22:12:07Z,-8.04841272,-34.95215205,162,62
2023-06-10T21:59:02Z,walk,2023-06-10T22:12:08Z,-8.0484084,-34.95216004,162,62
2023-06-10T21:59:02Z,walk,2023-06-10T22:12:09Z,-8.04840474,-34.95216737,162,62
2023-06-10T21:59:02Z,walk,2023-06-10T22:12:10Z,-8.04840074,-34.95217537,162,62
2023-06-10T21:59:02Z,walk,2023-06-10T22:12:11Z,-8.04839674,-34.95218436,162,62
2023-06-10T21:59:02Z,walk,2023-06-10T22:12:12Z,-8.04839175,-34.95219335,163,62
2023-06-10T21:59:02Z,walk,2023-06-10T22:12:13Z,-8.04838608,-34.95220302,163,62
2023-06-10T21:59:02Z,walk,2023-06-10T22:12:14Z,-8.04838076,-34.95221402,163,62
2023-06-10T21:59:02Z,walk,2023-06-10T22:12:15Z,-8.04837676,-34.95222668,164,62
2023-06-10T21:59:02Z,walk,2023-06-10T22:12:16Z,-8.04837244,-34.95224001,166,62
2023-06-10T21:59:02Z,walk,2023-06-10T22:12:17Z,-8.04837044,-34.95225267,166,62
2023-06-10T21:59:02Z,walk,2023-06-10T22:12:18Z,-8.0483691,-34.952266,166,62
2023-06-10T21:59:02Z,walk,2023-06-10T22:12:19Z,-8.04836778,-34.95228167,165,62
2023-06-10T21:59:02Z,walk,2023-06-10T22:12:20Z,-8.04836578,-34.95229899,164,62
2023-06-10T21:59:02Z,walk,2023-06-10T22:12:21Z,-8.04836546,-34.95231866,164,62
2023-06-10T21:59:02Z,walk,2023-06-10T22:12:22Z,-8.04836578,-34.95233665,163,62
2023-06-10T21:59:02Z,walk,2023-06-10T22:12:23Z,-8.04836611,-34.95235364,163,62
2023-06-10T21:59:02Z,walk,2023-06-10T22:12:24Z,-8.04836678,-34.95236864,162,62
2023-06-10T21:59:02Z,walk,2023-06-10T22:12:25Z,-8.04836777,-34.9523823,162,62
2023-06-10T21:59:02Z,walk,2023-06-10T22:12:26Z,-8.04837076,-34.95239529,161,62
2023-06-10T21:59:02Z,walk,2023-06-10T22:12:27Z,-8.04837276,-34.95240796,161,62
2023-06-10T21:59:02Z,walk,2023-06-10T22:12:28Z,-8.04837343,-34.95242028,160,62
2023-06-10T21:59:02Z,walk,2023-06-10T22:12:29Z,-8.04837376,-34.95243194,160,62
2023-06-10T21:59:02Z,walk,2023-06-10T22:12:30Z,-8.04837408,-34.95244393,160,62
2023-06-10T21:59:02Z,walk,2023-06-10T22:12:31Z,-8.04837441,-34.95245593,160,62
2023-06-10T21:59:02Z,walk,2023-06-10T22:12:32Z,-8.04837507,-34.95246892,160,62
2023-06-10T21:59:02Z,walk,2023-06-10T22:12:33Z,-8.04837507,-34.95248358,159,62
2023-06-10T21:59:02Z,walk,2023-06-10T22:12:34Z,-8.04837407,-34.95249958,159,62
2023-06-10T21:59:02Z,walk,2023-06-10T22:12:35Z,-8.04837142,-34.95251457,159,62
2023-06-10T21:59:02Z,walk,2023-06-10T22:12:36Z,-8.04836976,-34.9525259,159,62
2023-06-10T21:59:02Z,walk,2023-06-10T22:12:37Z,-8.04836943,-34.95253389,160,32
2023-06-10T21:59:02Z,walk,2023-06-10T22:12:38Z,-8.04837009,-34.95253988,161,29
2023-06-10T21:59:02Z,walk,2023-06-10T22:12:39Z,-8.04837108,-34.95254755,160,29
2023-06-10T21:59:02Z,walk,2023-06-10T22:12:40Z,-8.04837141,-34.95255688,160,29
2023-06-10T21:59:02Z,walk,2023-06-10T22:12:41Z,-8.04837141,-34.95256554,160,29
2023-06-10T21:59:02Z,walk,2023-06-10T22:12:42Z,-8.04837206,-34.95257819,159,29
2023-06-10T21:59:02Z,walk,2023-06-10T22:12:43Z,-8.04837406,-34.95259018,159,29
2023-06-10T21:59:02Z,walk,2023-06-10T22:12:44Z,-8.04837706,-34.95260218,159,29
2023-06-10T21:59:02Z,walk,2023-06-10T22:12:45Z,-8.04838139,-34.95261484,159,31
2023-06-10T21:59:02Z,walk,2023-06-10T22:12:46Z,-8.04838572,-34.95262851,159,32
2023-06-10T21:59:02Z,walk,2023-06-10T22:12:47Z,-8.04838938,-34.9526435,159,32
2023-06-10T21:59:02Z,walk,2023-06-10T22:12:48Z,-8.04839203,-34.95265883,159,32
2023-06-10T21:59:02Z,walk,2023-06-10T22:12:49Z,-8.04839536,-34.95267283,159,31
2023-06-10T21:59:02Z,walk,2023-06-10T22:12:50Z,-8.04839902,-34.95268683,159,31
2023-06-10T21:59:02Z,walk,2023-06-10T22:12:51Z,-8.04840235,-34.95270149,160,31
2023-06-10T21:59:02Z,walk,2023-06-10T22:12:52Z,-8.04840668,-34.95271749,161,31
2023-06-10T21:59:02Z,walk,2023-06-10T22:12:53Z,-8.04841134,-34.95273548,162,31
2023-06-10T21:59:02Z,walk,2023-06-10T22:12:54Z,-8.04841467,-34.95275347,162,31
2023-06-10T21:59:02Z,walk,2023-06-10T22:12:55Z,-8.048418,-34.95277312,162,31
2023-06-10T21:59:02Z,walk,2023-06-10T22:12:56Z,-8.04842299,-34.95279179,162,31
2023-06-10T21:59:02Z,walk,2023-06-10T22:12:57Z,-8.04843066,-34.95280878,162,31
2023-06-10T21:59:02Z,walk,2023-06-10T22:12:58Z,-8.04844032,-34.95282344,162,32
2023-06-10T21:59:02Z,walk,2023-06-10T22:12:59Z,-8.04844997,-34.9528371,162,32
2023-06-10T21:59:02Z,walk,2023-06-10T22:13:00Z,-8.04845931,-34.95284977,162,32
2023-06-10T21:59:02Z,walk,2023-06-10T22:13:01Z,-8.04846797,-34.95286143,162,32
2023-06-10T21:59:02Z,walk,2023-06-10T22:13:02Z,-8.04847697,-34.95287509,162,32
2023-06-10T21:59:02Z,walk,2023-06-10T22:13:03Z,-8.04848496,-34.95289108,164,32
2023-06-10T21:59:02Z,walk,2023-06-10T22:13:04Z,-8.04849295,-34.95290708,165,32
2023-06-10T21:59:02Z,walk,2023-06-10T22:13:05Z,-8.04850129,-34.95292174,165,32
2023-06-10T21:59:02Z,walk,2023-06-10T22:13:06Z,-8.04850962,-34.95293507,166,32
2023-06-10T21:59:02Z,walk,2023-06-10T22:13:07Z,-8.04851961,-34.95294973,166,32
2023-06-10T21:59:02Z,walk,2023-06-10T22:13:08Z,-8.04852928,-34.95296739,165,32
2023-06-10T21:59:02Z,walk,2023-06-10T22:13:09Z,-8.04853893,-34.95298572,166,32
2023-06-10T21:59:02Z,walk,2023-06-10T22:13:10Z,-8.04854827,-34.95300104,167,32
2023-06-10T21:59:02Z,walk,2023-06-10T22:13:11Z,-8.04855826,-34.95301171,167,32
2023-06-10T21:59:02Z,walk,2023-06-10T22:13:12Z,-8.04856891,-34.95301871,165,32
2023-06-10T21:59:02Z,walk,2023-06-10T22:13:13Z,-8.04858091,-34.95302404,165,32
2023-06-10T21:59:02Z,walk,2023-06-10T22:13:14Z,-8.04859257,-34.9530277,165,32
2023-06-10T21:59:02Z,walk,2023-06-10T22:13:15Z,-8.04860423,-34.95303037,165,32
2023-06-10T21:59:02Z,walk,2023-06-10T22:13:16Z,-8.04861589,-34.95303402,165,32
2023-06-10T21:59:02Z,walk,2023-06-10T22:13:17Z,-8.04862756,-34.95303936,164,32
2023-06-10T21:59:02Z,walk,2023-06-10T22:13:18Z,-8.04863855,-34.95304501,164,32
2023-06-10T21:59:02Z,walk,2023-06-10T22:13:19Z,-8.04865054,-34.95305068,163,32
2023-06-10T21:59:02Z,walk,2023-06-10T22:13:20Z,-8.0486612,-34.95305768,161,32
2023-06-10T21:59:02Z,walk,2023-06-10T22:13:21Z,-8.04867153,-34.953064,160,32
2023-06-10T21:59:02Z,walk,2023-06-10T22:13:22Z,-8.04868086,-34.95307099,160,32
2023-06-10T21:59:02Z,walk,2023-06-10T22:13:23Z,-8.0486902,-34.95307833,159,32
2023-06-10T21:59:02Z,walk,2023-06-10T22:13:24Z,-8.04869985,-34.95308366,159,32
2023-06-10T21:59:02Z,walk,2023-06-10T22:13:25Z,-8.04871018,-34.95308465,159,32
2023-06-10T21:59:02Z,walk,2023-06-10T22:13:26Z,-8.0487215,-34.95308066,159,32
2023-06-10T21:59:02Z,walk,2023-06-10T22:13:27Z,-8.04873349,-34.95307333,159,32
2023-06-10T21:59:02Z,walk,2023-06-10T22:13:28Z,-8.04874482,-34.95306667,159,32
2023-06-10T21:59:02Z,walk,2023-06-10T22:13:29Z,-8.04875715,-34.95306368,159,32
2023-06-10T21:59:02Z,walk,2023-06-10T22:13:30Z,-8.04876914,-34.95306201,159,32
2023-06-10T21:59:02Z,walk,2023-06-10T22:13:31Z,-8.04878246,-34.95306368,159,32
2023-06-10T21:59:02Z,walk,2023-06-10T22:13:32Z,-8.04879513,-34.95306635,159,32
2023-06-10T21:59:02Z,walk,2023-06-10T22:13:33Z,-8.04880812,-34.95306934,159,32
2023-06-10T21:59:02Z,walk,2023-06-10T22:13:34Z,-8.04882011,-34.95307266,159,32
2023-06-10T21:59:02Z,walk,2023-06-10T22:13:35Z,-8.04883077,-34.95307898,159,32
2023-06-10T21:59:02Z,walk,2023-06-10T22:13:36Z,-8.04884143,-34.95308531,159,32
2023-06-10T21:59:02Z,walk,2023-06-10T22:13:37Z,-8.04885209,-34.95309064,159,32
2023-06-10T21:59:02Z,walk,2023-06-10T22:13:38Z,-8.04886341,-34.95309564,159,32
2023-06-10T21:59:02Z,walk,2023-06-10T22:13:39Z,-8.0488754,-34.9530993,158,32
2023-06-10T21:59:02Z,walk,2023-06-10T22:13:40Z,-8.04888773,-34.95310229,158,32
2023-06-10T21:59:02Z,walk,2023-06-10T22:13:41Z,-8.0489004,-34.95310362,158,32
2023-06-10T21:59:02Z,walk,2023-06-10T22:13:42Z,-8.04891307,-34.95310428,158,32
2023-06-10T21:59:02Z,walk,2023-06-10T22:13:43Z,-8.04892606,-34.9531046,160,32
2023-06-10T21:59:02Z,walk,2023-06-10T22:13:44Z,-8.04893972,-34.9531046,161,32
2023-06-10T21:59:02Z,walk,2023-06-10T22:13:45Z,-8.04895405,-34.95310428,161,60
2023-06-10T21:59:02Z,walk,2023-06-10T22:13:46Z,-8.04896837,-34.95310395,161,60
2023-06-10T21:59:02Z,walk,2023-06-10T22:13:47Z,-8.04898137,-34.95310263,161,60
2023-06-10T21:59:02Z,walk,2023-06-10T22:13:48Z,-8.04899269,-34.9531003,161,60
2023-06-10T21:59:02Z,walk,2023-06-10T22:13:49Z,-8.04900268,-34.9530963,161,60
2023-06-10T21:59:02Z,walk,2023-06-10T22:13:50Z,-8.04901268,-34.95309231,161,60
2023-06-10T21:59:02Z,walk,2023-06-10T22:13:51Z,-8.04902467,-34.95308664,161,60
2023-06-10T21:59:02Z,walk,2023-06-10T22:13:52Z,-8.04903766,-34.95308164,161,60
2023-06-10T21:59:02Z,walk,2023-06-10T22:13:53Z,-8.04905199,-34.95307731,163,60
2023-06-10T21:59:02Z,walk,2023-06-10T22:13:54Z,-8.04906632,-34.95307398,163,60
2023-06-10T21:59:02Z,walk,2023-06-10T22:13:55Z,-8.04907998,-34.95307266,164,60
2023-06-10T21:59:02Z,walk,2023-06-10T22:13:56Z,-8.04909398,-34.95307398,164,60
2023-06-10T21:59:02Z,walk,2023-06-10T22:13:57Z,-8.04910798,-34.95307431,163,60
2023-06-10T21:59:02Z,walk,2023-06-10T22:13:58Z,-8.04912363,-34.95307696,164,60
2023-06-10T21:59:02Z,walk,2023-06-10T22:13:59Z,-8.04914097,-34.95308296,166,60
2023-06-10T21:59:02Z,walk,2023-06-10T22:14:00Z,-8.04915829,-34.95308895,166,60
2023-06-10T21:59:02Z,walk,2023-06-10T22:14:01Z,-8.04917529,-34.95309494,167,60
2023-06-10T21:59:02Z,walk,2023-06-10T22:14:02Z,-8.04919195,-34.9530986,168,60
2023-06-10T21:59:02Z,walk,2023-06-10T22:14:03Z,-8.04920795,-34.95310093,169,60
2023-06-10T21:59:02Z,walk,2023-06-10T22:14:04Z,-8.04922328,-34.95310159,169,60
2023-06-10T21:59:02Z,walk,2023-06-10T22:14:05Z,-8.04923795,-34.95310127,168,62
2023-06-10T21:59:02Z,walk,2023-06-10T22:14:06Z,-8.0492516,-34.9530996,168,62
2023-06-10T21:59:02Z,walk,2023-06-10T22:14:07Z,-8.0492656,-34.95310027,169,63
2023-06-10T21:59:02Z,walk,2023-06-10T22:14:08Z,-8.04927894,-34.95310459,170,63
2023-06-10T21:59:02Z,walk,2023-06-10T22:14:09Z,-8.04929159,-34.95310959,170,64
2023-06-10T21:59:02Z,walk,2023-06-10T22:14:10Z,-8.04930358,-34.95311426,170,63
2023-06-10T21:59:02Z,walk,2023-06-10T22:14:11Z,-8.04931525,-34.95311891,171,63
2023-06-10T21:59:02Z,walk,2023-06-10T22:14:12Z,-8.04932691,-34.95312358,171,63
2023-06-10T21:59:02Z,walk,2023-06-10T22:14:13Z,-8.04933924,-34.95312724,171,63
2023-06-10T21:59:02Z,walk,2023-06-10T22:14:14Z,-8.04935191,-34.95312924,171,63
2023-06-10T21:59:02Z,walk,2023-06-10T22:14:15Z,-8.04936423,-34.95313189,172,63
2023-06-10T21:59:02Z,walk,2023-06-10T22:14:16Z,-8.0493769,-34.95313456,172,63
2023-06-10T21:59:02Z,walk,2023-06-10T22:14:17Z,-8.04938955,-34.95313788,172,62
2023-06-10T21:59:02Z,walk,2023-06-10T22:14:18Z,-8.04940154,-34.95314255,172,62
2023-06-10T21:59:02Z,walk,2023-06-10T22:14:19Z,-8.04941454,-34.95314488,172,63
2023-06-10T21:59:02Z,walk,2023-06-10T22:14:20Z,-8.04942753,-34.95314488,172,63
2023-06-10T21:59:02Z,walk,2023-06-10T22:14:21Z,-8.04944186,-34.95314554,172,63
2023-06-10T21:59:02Z,walk,2023-06-10T22:14:22Z,-8.04945952,-34.95314686,172,63
2023-06-10T21:59:02Z,walk,2023-06-10T22:14:23Z,-8.04947751,-34.95314853,172,63
2023-06-10T21:59:02Z,walk,2023-06-10T22:14:24Z,-8.04949451,-34.95314952,172,63
2023-06-10T21:59:02Z,walk,2023-06-10T22:14:25Z,-8.04951184,-34.95314984,171,64
2023-06-10T21:59:02Z,walk,2023-06-10T22:14:26Z,-8.04952917,-34.95314984,171,64
2023-06-10T21:59:02Z,walk,2023-06-10T22:14:27Z,-8.04954549,-34.95315151,170,64
2023-06-10T21:59:02Z,walk,2023-06-10T22:14:28Z,-8.04956115,-34.9531525,169,65
2023-06-10T21:59:02Z,walk,2023-06-10T22:14:29Z,-8.04957681,-34.95315282,169,65
2023-06-10T21:59:02Z,walk,2023-06-10T22:14:30Z,-8.04959247,-34.95315449,169,65
2023-06-10T21:59:02Z,walk,2023-06-10T22:14:31Z,-8.04960847,-34.95315748,169,65
2023-06-10T21:59:02Z,walk,2023-06-10T22:14:32Z,-8.04962346,-34.95316047,168,65
2023-06-10T21:59:02Z,walk,2023-06-10T22:14:33Z,-8.0496368,-34.95316514,167,65
2023-06-10T21:59:02Z,walk,2023-06-10T22:14:34Z,-8.04964912,-34.9531728,166,65
2023-06-10T21:59:02Z,walk,2023-06-10T22:14:35Z,-8.04966079,-34.95318046,165,65
2023-06-10T21:59:02Z,walk,2023-06-10T22:14:36Z,-8.04967278,-34.95318645,162,65
2023-06-10T21:59:02Z,walk,2023-06-10T22:14:37Z,-8.04968577,-34.95319145,162,65
2023-06-10T21:59:02Z,walk,2023-06-10T22:14:38Z,-8.04969909,-34.95319845,162,65
2023-06-10T21:59:02Z,walk,2023-06-10T22:14:39Z,-8.04971209,-34.95320711,162,65
2023-06-10T21:59:02Z,walk,2023-06-10T22:14:40Z,-8.04972541,-34.95321343,162,65
2023-06-10T21:59:02Z,walk,2023-06-10T22:14:41Z,-8.04973875,-34.95321776,161,64
2023-06-10T21:59:02Z,walk,2023-06-10T22:14:42Z,-8.04975207,-34.95322009,140,63
2023-06-10T21:59:02Z,walk,2023-06-10T22:14:43Z,-8.04976539,-34.95322109,140,63
2023-06-10T21:59:02Z,walk,2023-06-10T22:14:44Z,-8.04977806,-34.95322241,136,63
2023-06-10T21:59:02Z,walk,2023-06-10T22:14:45Z,-8.04979038,-34.95322374,134,63
2023-06-10T21:59:02Z,walk,2023-06-10T22:14:46Z,-8.04980272,-34.95322407,134,63
2023-06-10T21:59:02Z,walk,2023-06-10T22:14:47Z,-8.04981471,-34.95322439,134,63
2023-06-10T21:59:02Z,walk,2023-06-10T22:14:48Z,-8.0498277,-34.9532234,133,63
2023-06-10T21:59:02Z,walk,2023-06-10T22:14:49Z,-8.0498407,-34.95322173,133,63
2023-06-10T21:59:02Z,walk,2023-06-10T22:14:50Z,-8.04985369,-34.9532194,134,63
2023-06-10T21:59:02Z,walk,2023-06-10T22:14:51Z,-8.04986701,-34.95321673,134,62
2023-06-10T21:59:02Z,walk,2023-06-10T22:14:52Z,-8.04988033,-34.95321473,134,62
2023-06-10T21:59:02Z,walk,2023-06-10T22:14:53Z,-8.04989367,-34.95321241,134,63
2023-06-10T21:59:02Z,walk,2023-06-10T22:14:54Z,-8.04990632,-34.95321174,134,63
2023-06-10T21:59:02Z,walk,2023-06-10T22:14:55Z,-8.04991932,-34.95321109,134,63
2023-06-10T21:59:02Z,walk,2023-06-10T22:14:56Z,-8.04993165,-34.95321174,134,63
2023-06-10T21:59:02Z,walk,2023-06-10T22:14:57Z,-8.04994565,-34.95321109,134,63
2023-06-10T21:59:02Z,walk,2023-06-10T22:14:58Z,-8.04996064,-34.95321141,134,63
2023-06-10T21:59:02Z,walk,2023-06-10T22:14:59Z,-8.04997597,-34.95321141,134,63
2023-06-10T21:59:02Z,walk,2023-06-10T22:15:00Z,-8.04999229,-34.95321241,134,63
2023-06-10T21:59:02Z,walk,2023-06-10T22:15:01Z,-8.05000929,-34.95321273,134,63
2023-06-10T21:59:02Z,walk,2023-06-10T22:15:02Z,-8.05002462,-34.95321339,134,63
2023-06-10T21:59:02Z,walk,2023-06-10T22:15:03Z,-8.05003862,-34.95321506,134,63
2023-06-10T21:59:02Z,walk,2023-06-10T22:15:04Z,-8.05005194,-34.95321771,134,63
2023-06-10T21:59:02Z,walk,2023-06-10T22:15:05Z,-8.05006393,-34.95321904,134,63
2023-06-10T21:59:02Z,walk,2023-06-10T22:15:06Z,-8.0500756,-34.95321805,134,63
2023-06-10T21:59:02Z,walk,2023-06-10T22:15:07Z,-8.05008825,-34.95321805,134,63
2023-06-10T21:59:02Z,walk,2023-06-10T22:15:08Z,-8.05010159,-34.95321705,134,63
2023-06-10T21:59:02Z,walk,2023-06-10T22:15:09Z,-8.05011458,-34.95321705,134,63
2023-06-10T21:59:02Z,walk,2023-06-10T22:15:10Z,-8.05012757,-34.95321672,134,63
2023-06-10T21:59:02Z,walk,2023-06-10T22:15:11Z,-8.05014223,-34.95321738,134,63
2023-06-10T21:59:02Z,walk,2023-06-10T22:15:12Z,-8.05015756,-34.95322037,135,63
2023-06-10T21:59:02Z,walk,2023-06-10T22:15:13Z,-8.05017322,-34.95322404,135,63
2023-06-10T21:59:02Z,walk,2023-06-10T22:15:14Z,-8.05018888,-34.95322904,135,62
2023-06-10T21:59:02Z,walk,2023-06-10T22:15:15Z,-8.05020354,-34.95323336,135,63
2023-06-10T21:59:02Z,walk,2023-06-10T22:15:16Z,-8.05021787,-34.95323803,135,63
2023-06-10T21:59:02Z,walk,2023-06-10T22:15:17Z,-8.05023153,-34.95324202,135,62
2023-06-10T21:59:02Z,walk,2023-06-10T22:15:18Z,-8.05024419,-34.95324402,135,62
2023-06-10T21:59:02Z,walk,2023-06-10T22:15:19Z,-8.05025618,-34.95324534,135,62
2023-06-10T21:59:02Z,walk,2023-06-10T22:15:20Z,-8.05026984,-34.95324801,133,62
2023-06-10T21:59:02Z,walk,2023-06-10T22:15:21Z,-8.05028251,-34.95325034,132,62
2023-06-10T21:59:02Z,walk,2023-06-10T22:15:22Z,-8.05029617,-34.95325234,132,62
2023-06-10T21:59:02Z,walk,2023-06-10T22:15:23Z,-8.05031016,-34.95325467,132,62
2023-06-10T21:59:02Z,walk,2023-06-10T22:15:24Z,-8.05032449,-34.953258,131,62
2023-06-10T21:59:02Z,walk,2023-06-10T22:15:25Z,-8.05033849,-34.95326065,131,62
2023-06-10T21:59:02Z,walk,2023-06-10T22:15:26Z,-8.05035282,-34.95326198,131,62
2023-06-10T21:59:02Z,walk,2023-06-10T22:15:27Z,-8.05036815,-34.95326298,131,62
2023-06-10T21:59:02Z,walk,2023-06-10T22:15:28Z,-8.05038215,-34.95326298,131,62
2023-06-10T21:59:02Z,walk,2023-06-10T22:15:29Z,-8.05039482,-34.95326265,131,62
2023-06-10T21:59:02Z,walk,2023-06-10T22:15:30Z,-8.05040581,-34.95326265,131,62
2023-06-10T21:59:02Z,walk,2023-06-10T22:15:31Z,-8.05041713,-34.95326331,131,62
2023-06-10T21:59:02Z,walk,2023-06-10T22:15:32Z,-8.05042947,-34.95326397,133,62
2023-06-10T21:59:02Z,walk,2023-06-10T22:15:33Z,-8.05044179,-34.95326364,133,62
2023-06-10T21:59:02Z,walk,2023-06-10T22:15:34Z,-8.05045446,-34.95326332,133,63
2023-06-10T21:59:02Z,walk,2023-06-10T22:15:35Z,-8.05046746,-34.95326332,133,63
2023-06-10T21:59:02Z,walk,2023-06-10T22:15:36Z,-8.05048045,-34.95326565,133,63
2023-06-10T21:59:02Z,walk,2023-06-10T22:15:37Z,-8.05049377,-34.95326798,133,63
2023-06-10T21:59:02Z,walk,2023-06-10T22:15:38Z,-8.05050644,-34.95327063,132,63
2023-06-10T21:59:02Z,walk,2023-06-10T22:15:39Z,-8.0505181,-34.9532733,131,63
2023-06-10T21:59:02Z,walk,2023-06-10T22:15:40Z,-8.05053043,-34.95327597,130,63
2023-06-10T21:59:02Z,walk,2023-06-10T22:15:41Z,-8.05054343,-34.95327763,129,63
2023-06-10T21:59:02Z,walk,2023-06-10T22:15:42Z,-8.05055743,-34.95327963,129,63
2023-06-10T21:59:02Z,walk,2023-06-10T22:15:43Z,-8.05057208,-34.95328129,129,63
2023-06-10T21:59:02Z,walk,2023-06-10T22:15:44Z,-8.05058808,-34.95328228,129,63
2023-06-10T21:59:02Z,walk,2023-06-10T22:15:45Z,-8.05060374,-34.95328495,129,63
2023-06-10T21:59:02Z,walk,2023-06-10T22:15:46Z,-8.05061907,-34.95328695,129,63
2023-06-10T21:59:02Z,walk,2023-06-10T22:15:47Z,-8.05063473,-34.95328895,129,63
2023-06-10T21:59:02Z,walk,2023-06-10T22:15:48Z,-8.05065039,-34.95329027,129,63
2023-06-10T21:59:02Z,walk,2023-06-10T22:15:49Z,-8.05066572,-34.95329127,128,63
2023-06-10T21:59:02Z,walk,2023-06-10T22:15:50Z,-8.05068105,-34.95329193,128,63
2023-06-10T21:59:02Z,walk,2023-06-10T22:15:51Z,-8.05069671,-34.95329225,128,63
2023-06-10T21:59:02Z,walk,2023-06-10T22:15:52Z,-8.05071271,-34.95329257,128,63
2023-06-10T21:59:02Z,walk,2023-06-10T22:15:53Z,-8.05072837,-34.95329323,128,63
2023-06-10T21:59:02Z,walk,2023-06-10T22:15:54Z,-8.05074436,-34.95329423,128,63
2023-06-10T21:59:02Z,walk,2023-06-10T22:15:55Z,-8.05075936,-34.95329455,128,63
2023-06-10T21:59:02Z,walk,2023-06-10T22:15:56Z,-8.05077401,-34.95329521,128,63
2023-06-10T21:59:02Z,walk,2023-06-10T22:15:57Z,-8.05078834,-34.95329553,128,63
2023-06-10T21:59:02Z,walk,2023-06-10T22:15:58Z,-8.05080266,-34.95329586,128,63
2023-06-10T21:59:02Z,walk,2023-06-10T22:15:59Z,-8.05081666,-34.95329553,128,63
2023-06-10T21:59:02Z,walk,2023-06-10T22:16:00Z,-8.05083166,-34.95329619,128,63
2023-06-10T21:59:02Z,walk,2023-06-10T22:16:01Z,-8.05084699,-34.95329852,127,65
2023-06-10T21:59:02Z,walk,2023-06-10T22:16:02Z,-8.05086132,-34.95330151,127,65
2023-06-10T21:59:02Z,walk,2023-06-10T22:16:02Z,-8.05087532,-34.95330518,127,63
2023-06-10T21:59:02Z,walk,2023-06-10T22:16:03Z,-8.05089065,-34.95331117,127,63
2023-06-10T21:59:02Z,walk,2023-06-10T22:16:04Z,-8.05090797,-34.95331716,126,63
2023-06-10T21:59:02Z,walk,2023-06-10T22:16:05Z,-8.05092464,-34.95332415,125,63
2023-06-10T21:59:02Z,walk,2023-06-10T22:16:06Z,-8.05094064,-34.95333182,124,62
2023-06-10T21:59:02Z,walk,2023-06-10T22:16:07Z,-8.05095696,-34.95333882,124,62
2023-06-10T21:59:02Z,walk,2023-06-10T22:16:08Z,-8.05097229,-34.95334415,125,62
2023-06-10T21:59:02Z,walk,2023-06-10T22:16:09Z,-8.05098762,-34.95334982,125,62
2023-06-10T21:59:02Z,walk,2023-06-10T22:16:10Z,-8.05100162,-34.95335747,125,62
2023-06-10T21:59:02Z,walk,2023-06-10T22:16:11Z,-8.05101395,-34.95336613,125,63
2023-06-10T21:59:02Z,walk,2023-06-10T22:16:12Z,-8.05102594,-34.9533738,125,63
2023-06-10T21:59:02Z,walk,2023-06-10T22:16:13Z,-8.05103728,-34.95338012,125,63
2023-06-10T21:59:02Z,walk,2023-06-10T22:16:14Z,-8.05104927,-34.95338479,125,67
2023-06-10T21:59:02Z,walk,2023-06-10T22:16:15Z,-8.0510616,-34.95338744,125,67
2023-06-10T21:59:02Z,walk,2023-06-10T22:16:16Z,-8.05107392,-34.9533881,125,66
2023-06-10T21:59:02Z,walk,2023-06-10T22:16:17Z,-8.05108626,-34.95338711,125,66
2023-06-10T21:59:02Z,walk,2023-06-10T22:16:18Z,-8.05109958,-34.95338511,124,66
2023-06-10T21:59:02Z,walk,2023-06-10T22:16:19Z,-8.0511129,-34.95338345,124,66
2023-06-10T21:59:02Z,walk,2023-06-10T22:16:20Z,-8.05112756,-34.95338212,123,66
2023-06-10T21:59:02Z,walk,2023-06-10T22:16:21Z,-8.05114223,-34.9533808,123,63
2023-06-10T21:59:02Z,walk,2023-06-10T22:16:22Z,-8.05115789,-34.95337946,123,63
2023-06-10T21:59:02Z,walk,2023-06-10T22:16:23Z,-8.05117288,-34.95337946,122,62
2023-06-10T21:59:02Z,walk,2023-06-10T22:16:24Z,-8.05118787,-34.95338045,120,62
2023-06-10T21:59:02Z,walk,2023-06-10T22:16:25Z,-8.05120121,-34.95338145,120,62
2023-06-10T21:59:02Z,walk,2023-06-10T22:16:26Z,-8.05121521,-34.95337979,120,63
2023-06-10T21:59:02Z,walk,2023-06-10T22:16:27Z,-8.05122887,-34.95337846,120,62
2023-06-10T21:59:02Z,walk,2023-06-10T22:16:28Z,-8.0512432,-34.9533778,120,63
2023-06-10T21:59:02Z,walk,2023-06-10T22:16:29Z,-8.05125685,-34.95337747,120,61
2023-06-10T21:59:02Z,walk,2023-06-10T22:16:30Z,-8.05127118,-34.95337747,120,62
2023-06-10T21:59:02Z,walk,2023-06-10T22:16:31Z,-8.05128518,-34.95337881,120,62
2023-06-10T21:59:02Z,walk,2023-06-10T22:16:32Z,-8.05129951,-34.95338081,120,62
2023-06-10T21:59:02Z,walk,2023-06-10T22:16:33Z,-8.05131218,-34.95338413,119,62
2023-06-10T21:59:02Z,walk,2023-06-10T22:16:34Z,-8.05132517,-34.95338712,119,62
2023-06-10T21:59:02Z,walk,2023-06-10T22:16:35Z,-8.05133883,-34.95338912,119,61
2023-06-10T21:59:02Z,walk,2023-06-10T22:16:36Z,-8.05135182,-34.95339078,120,60
2023-06-10T21:59:02Z,walk,2023-06-10T22:16:37Z,-8.05136449,-34.95339311,120,60
2023-06-10T21:59:02Z,walk,2023-06-10T22:16:38Z,-8.05137749,-34.95339477,120,60
2023-06-10T21:59:02Z,walk,2023-06-10T22:16:39Z,-8.05139048,-34.95339677,119,60
2023-06-10T21:59:02Z,walk,2023-06-10T22:16:40Z,-8.05140348,-34.95339843,119,60
2023-06-10T21:59:02Z,walk,2023-06-10T22:16:41Z,-8.05141714,-34.95339876,119,62
2023-06-10T21:59:02Z,walk,2023-06-10T22:16:42Z,-8.05143013,-34.95339843,119,62
2023-06-10T21:59:02Z,walk,2023-06-10T22:16:43Z,-8.05144346,-34.95339778,119,62
2023-06-10T21:59:02Z,walk,2023-06-10T22:16:44Z,-8.05145645,-34.95339711,120,61
2023-06-10T21:59:02Z,walk,2023-06-10T22:16:45Z,-8.05146977,-34.95339744,120,61
2023-06-10T21:59:02Z,walk,2023-06-10T22:16:46Z,-8.05148377,-34.95339711,119,61
2023-06-10T21:59:02Z,walk,2023-06-10T22:16:47Z,-8.05149777,-34.95339744,120,61
2023-06-10T21:59:02Z,walk,2023-06-10T22:16:48Z,-8.05151276,-34.95339744,120,61
2023-06-10T21:59:02Z,walk,2023-06-10T22:16:49Z,-8.05152842,-34.95339777,120,61
2023-06-10T21:59:02Z,walk,2023-06-10T22:16:50Z,-8.05154442,-34.95339842,120,61
2023-06-10T21:59:02Z,walk,2023-06-10T22:16:51Z,-8.05155975,-34.95339941,120,61
2023-06-10T21:59:02Z,walk,2023-06-10T22:16:52Z,-8.05157474,-34.95339876,120,61
2023-06-10T21:59:02Z,walk,2023-06-10T22:16:53Z,-8.05158874,-34.9533981,120,61
2023-06-10T21:59:02Z,walk,2023-06-10T22:16:54Z,-8.05160107,-34.95339842,120,62
2023-06-10T21:59:02Z,walk,2023-06-10T22:16:55Z,-8.0516134,-34.95340008,120,63
2023-06-10T21:59:02Z,walk,2023-06-10T22:16:56Z,-8.05162539,-34.95340208,120,63
2023-06-10T21:59:02Z,walk,2023-06-10T22:16:57Z,-8.05163671,-34.95340408,120,62
2023-06-10T21:59:02Z,walk,2023-06-10T22:16:58Z,-8.05164938,-34.95340574,120,62
2023-06-10T21:59:02Z,walk,2023-06-10T22:16:59Z,-8.05166238,-34.95340774,122,62
2023-06-10T21:59:02Z,walk,2023-06-10T22:17:00Z,-8.0516757,-34.95340774,124,62
2023-06-10T21:59:02Z,walk,2023-06-10T22:17:01Z,-8.05168869,-34.95340873,124,62
2023-06-10T21:59:02Z,walk,2023-06-10T22:17:02Z,-8.05170169,-34.95341138,124,62
2023-06-10T21:59:02Z,walk,2023-06-10T22:17:03Z,-8.05171503,-34.95341272,125,62
2023-06-10T21:59:02Z,walk,2023-06-10T22:17:04Z,-8.05172702,-34.95341438,125,62
2023-06-10T21:59:02Z,walk,2023-06-10T22:17:05Z,-8.05173901,-34.95341671,124,62
2023-06-10T21:59:02Z,walk,2023-06-10T22:17:06Z,-8.05175033,-34.95341936,124,62
2023-06-10T21:59:02Z,walk,2023-06-10T22:17:07Z,-8.05176133,-34.95342103,124,62
2023-06-10T21:59:02Z,walk,2023-06-10T22:17:08Z,-8.05177332,-34.95342169,124,62
2023-06-10T21:59:02Z,walk,2023-06-10T22:17:09Z,-8.05178531,-34.95342136,125,62
2023-06-10T21:59:02Z,walk,2023-06-10T22:17:10Z,-8.0517973,-34.95342071,126,62
2023-06-10T21:59:02Z,walk,2023-06-10T22:17:11Z,-8.05180962,-34.95341871,127,62
2023-06-10T21:59:02Z,walk,2023-06-10T22:17:12Z,-8.05182296,-34.95341738,126,62
2023-06-10T21:59:02Z,walk,2023-06-10T22:17:13Z,-8.05183696,-34.95341605,127,66
2023-06-10T21:59:02Z,walk,2023-06-10T22:17:14Z,-8.05185062,-34.95341439,127,66
2023-06-10T21:59:02Z,walk,2023-06-10T22:17:15Z,-8.05186395,-34.95341106,127,66
2023-06-10T21:59:02Z,walk,2023-06-10T22:17:16Z,-8.05187761,-34.95340674,127,66
2023-06-10T21:59:02Z,walk,2023-06-10T22:17:17Z,-8.05189028,-34.95340274,127,61
2023-06-10T21:59:02Z,walk,2023-06-10T22:17:18Z,-8.05190327,-34.95340108,128,61
2023-06-10T21:59:02Z,walk,2023-06-10T22:17:19Z,-8.05191594,-34.95340076,128,62
2023-06-10T21:59:02Z,walk,2023-06-10T22:17:20Z,-8.05192894,-34.95340076,128,62
2023-06-10T21:59:02Z,walk,2023-06-10T22:17:21Z,-8.05194193,-34.95340208,128,62
2023-06-10T21:59:02Z,walk,2023-06-10T22:17:22Z,-8.05195493,-34.95340341,128,62
2023-06-10T21:59:02Z,walk,2023-06-10T22:17:23Z,-8.05196792,-34.95340341,129,62
2023-06-10T21:59:02Z,walk,2023-06-10T22:17:24Z,-8.05198124,-34.95340474,130,59
2023-06-10T21:59:02Z,walk,2023-06-10T22:17:25Z,-8.05199456,-34.95340739,130,61
2023-06-10T21:59:02Z,walk,2023-06-10T22:17:26Z,-8.05200823,-34.95340906,131,62
2023-06-10T21:59:02Z,walk,2023-06-10T22:17:27Z,-8.05202189,-34.95341138,131,62
2023-06-10T21:59:02Z,walk,2023-06-10T22:17:28Z,-8.05203488,-34.95341405,131,61
2023-06-10T21:59:02Z,walk,2023-06-10T22:17:29Z,-8.0520482,-34.95341772,132,62
2023-06-10T21:59:02Z,walk,2023-06-10T22:17:30Z,-8.0520612,-34.95341971,132,62
2023-06-10T21:59:02Z,walk,2023-06-10T22:17:31Z,-8.05207452,-34.95342371,132,63
2023-06-10T21:59:02Z,walk,2023-06-10T22:17:32Z,-8.05208852,-34.95342604,132,62
2023-06-10T21:59:02Z,walk,2023-06-10T22:17:33Z,-8.05210218,-34.9534277,132,62
2023-06-10T21:59:02Z,walk,2023-06-10T22:17:34Z,-8.05211518,-34.95342903,132,62
2023-06-10T21:59:02Z,walk,2023-06-10T22:17:35Z,-8.05212817,-34.95343002,133,62
2023-06-10T21:59:02Z,walk,2023-06-10T22:17:36Z,-8.05214117,-34.95343034,133,63
2023-06-10T21:59:02Z,walk,2023-06-10T22:17:37Z,-8.05215517,-34.95343134,134,63
2023-06-10T21:59:02Z,walk,2023-06-10T22:17:38Z,-8.05216816,-34.95343333,133,63
2023-06-10T21:59:02Z,walk,2023-06-10T22:17:39Z,-8.05218148,-34.953436,133,63
2023-06-10T21:59:02Z,walk,2023-06-10T22:17:40Z,-8.05219448,-34.95343833,133,63
2023-06-10T21:59:02Z,walk,2023-06-10T22:17:41Z,-8.05220847,-34.95343966,133,62
2023-06-10T21:59:02Z,walk,2023-06-10T22:17:42Z,-8.05222247,-34.95344066,133,62
2023-06-10T21:59:02Z,walk,2023-06-10T22:17:43Z,-8.05223647,-34.95344131,133,61
2023-06-10T21:59:02Z,walk,2023-06-10T22:17:44Z,-8.05224947,-34.95344231,132,61
2023-06-10T21:59:02Z,walk,2023-06-10T22:17:45Z,-8.05226246,-34.95344264,132,61
2023-06-10T21:59:02Z,walk,2023-06-10T22:17:46Z,-8.05227413,-34.95344264,131,61
2023-06-10T21:59:02Z,walk,2023-06-10T22:17:47Z,-8.05228579,-34.95344363,131,61
2023-06-10T21:59:02Z,walk,2023-06-10T22:17:48Z,-8.05229812,-34.95344462,131,62
2023-06-10T21:59:02Z,walk,2023-06-10T22:17:49Z,-8.05231079,-34.95344562,133,62
2023-06-10T21:59:02Z,walk,2023-06-10T22:17:50Z,-8.05232411,-34.95344428,133,62
2023-06-10T21:59:02Z,walk,2023-06-10T22:17:51Z,-8.05233811,-34.95344263,133,62
2023-06-10T21:59:02Z,walk,2023-06-10T22:17:52Z,-8.05235243,-34.95344163,133,61
2023-06-10T21:59:02Z,walk,2023-06-10T22:17:53Z,-8.05236742,-34.95344097,134,61
2023-06-10T21:59:02Z,walk,2023-06-10T22:17:54Z,-8.05238242,-34.95344163,135,62
2023-06-10T21:59:02Z,walk,2023-06-10T22:17:55Z,-8.05239675,-34.95344296,136,62
2023-06-10T21:59:02Z,walk,2023-06-10T22:17:56Z,-8.05241041,-34.95344395,136,61
2023-06-10T21:59:02Z,walk,2023-06-10T22:17:57Z,-8.0524234,-34.95344461,136,61
2023-06-10T21:59:02Z,walk,2023-06-10T22:17:58Z,-8.05243539,-34.95344395,136,61
2023-06-10T21:59:02Z,walk,2023-06-10T22:17:59Z,-8.05244706,-34.95344427,136,62
2023-06-10T21:59:02Z,walk,2023-06-10T22:18:00Z,-8.05245905,-34.95344427,135,62
2023-06-10T21:59:02Z,walk,2023-06-10T22:18:01Z,-8.05247037,-34.95344594,134,62
2023-06-10T21:59:02Z,walk,2023-06-10T22:18:02Z,-8.05248171,-34.95344993,134,62
2023-06-10T21:59:02Z,walk,2023-06-10T22:18:03Z,-8.0524937,-34.9534556,134,62
2023-06-10T21:59:02Z,walk,2023-06-10T22:18:04Z,-8.05250536,-34.9534606,134,62
2023-06-10T21:59:02Z,walk,2023-06-10T22:18:05Z,-8.05251769,-34.95346593,135,62
2023-06-10T21:59:02Z,walk,2023-06-10T22:18:06Z,-8.05253101,-34.95346959,135,62
2023-06-10T21:59:02Z,walk,2023-06-10T22:18:07Z,-8.05254501,-34.95347224,135,62
2023-06-10T21:59:02Z,walk,2023-06-10T22:18:08Z,-8.05255901,-34.95347424,135,62
2023-06-10T21:59:02Z,walk,2023-06-10T22:18:09Z,-8.05257367,-34.95347624,135,62
2023-06-10T21:59:02Z,walk,2023-06-10T22:18:10Z,-8.052588,-34.95347857,134,62
2023-06-10T21:59:02Z,walk,2023-06-10T22:18:11Z,-8.05260299,-34.9534809,134,62
2023-06-10T21:59:02Z,walk,2023-06-10T22:18:12Z,-8.05261732,-34.95348357,133,62
2023-06-10T21:59:02Z,walk,2023-06-10T22:18:13Z,-8.05263065,-34.95348722,134,62
2023-06-10T21:59:02Z,walk,2023-06-10T22:18:14Z,-8.05264331,-34.95349022,133,62
2023-06-10T21:59:02Z,walk,2023-06-10T22:18:15Z,-8.05265764,-34.95349355,133,62
2023-06-10T21:59:02Z,walk,2023-06-10T22:18:16Z,-8.05267196,-34.9534962,133,62
2023-06-10T21:59:02Z,walk,2023-06-10T22:18:17Z,-8.05268596,-34.95349719,133,62
2023-06-10T21:59:02Z,walk,2023-06-10T22:18:18Z,-8.05269996,-34.95349719,132,62
2023-06-10T21:59:02Z,walk,2023-06-10T22:18:19Z,-8.05271396,-34.95349785,131,62
2023-06-10T21:59:02Z,walk,2023-06-10T22:18:20Z,-8.05272863,-34.95349885,131,61
2023-06-10T21:59:02Z,walk,2023-06-10T22:18:21Z,-8.05274263,-34.95349917,131,61
2023-06-10T21:59:02Z,walk,2023-06-10T22:18:22Z,-8.05275628,-34.95349983,131,62
2023-06-10T21:59:02Z,walk,2023-06-10T22:18:23Z,-8.05276962,-34.95350216,130,61
2023-06-10T21:59:02Z,walk,2023-06-10T22:18:24Z,-8.05278161,-34.95350515,130,62
2023-06-10T21:59:02Z,walk,2023-06-10T22:18:25Z,-8.0527936,-34.95350881,131,62
2023-06-10T21:59:02Z,walk,2023-06-10T22:18:26Z,-8.0528066,-34.95351048,132,64
2023-06-10T21:59:02Z,walk,2023-06-10T22:18:27Z,-8.05282025,-34.95351015,132,64
2023-06-10T21:59:02Z,walk,2023-06-10T22:18:28Z,-8.05283325,-34.95350882,132,63
2023-06-10T21:59:02Z,walk,2023-06-10T22:18:29Z,-8.05284558,-34.95350882,133,59
2023-06-10T21:59:02Z,walk,2023-06-10T22:18:30Z,-8.05285724,-34.95351015,134,59
2023-06-10T21:59:02Z,walk,2023-06-10T22:18:31Z,-8.05286923,-34.95351248,135,59
2023-06-10T21:59:02Z,walk,2023-06-10T22:18:32Z,-8.05288257,-34.95351547,136,59
2023-06-10T21:59:02Z,walk,2023-06-10T22:18:33Z,-8.05289589,-34.95352047,136,59
2023-06-10T21:59:02Z,walk,2023-06-10T22:18:34Z,-8.05290788,-34.9535278,136,59
2023-06-10T21:59:02Z,walk,2023-06-10T22:18:35Z,-8.05291887,-34.95353412,136,59
2023-06-10T21:59:02Z,walk,2023-06-10T22:18:36Z,-8.05292953,-34.95353912,136,59
2023-06-10T21:59:02Z,walk,2023-06-10T22:18:37Z,-8.05294119,-34.95354412,136,59
2023-06-10T21:59:02Z,walk,2023-06-10T22:18:38Z,-8.05295386,-34.95354679,137,59
2023-06-10T21:59:02Z,walk,2023-06-10T22:18:39Z,-8.05296619,-34.95354811,137,59
2023-06-10T21:59:02Z,walk,2023-06-10T22:18:40Z,-8.05297818,-34.95354911,137,59
2023-06-10T21:59:02Z,walk,2023-06-10T22:18:41Z,-8.05299017,-34.95354878,137,59
2023-06-10T21:59:02Z,walk,2023-06-10T22:18:42Z,-8.05300216,-34.95354679,137,59
2023-06-10T21:59:02Z,walk,2023-06-10T22:18:43Z,-8.05301483,-34.95354479,137,59
2023-06-10T21:59:02Z,walk,2023-06-10T22:18:44Z,-8.05303016,-34.95354312,137,59
2023-06-10T21:59:02Z,walk,2023-06-10T22:18:45Z,-8.05304815,-34.95354013,137,59
2023-06-10T21:59:02Z,walk,2023-06-10T22:18:46Z,-8.05306815,-34.95353814,137,59
2023-06-10T21:59:02Z,walk,2023-06-10T22:18:47Z,-8.05309014,-34.95353681,137,62
2023-06-10T21:59:02Z,walk,2023-06-10T22:18:48Z,-8.0531108,-34.95353549,137,62
2023-06-10T21:59:02Z,walk,2023-06-10T22:18:49Z,-8.0531288,-34.95353516,137,62
2023-06-10T21:59:02Z,walk,2023-06-10T22:18:50Z,-8.05314512,-34.95353383,137,62
2023-06-10T21:59:02Z,walk,2023-06-10T22:18:51Z,-8.05315945,-34.95353383,137,62
2023-06-10T21:59:02Z,walk,2023-06-10T22:18:52Z,-8.05317311,-34.95353583,137,62
2023-06-10T21:59:02Z,walk,2023-06-10T22:18:53Z,-8.05318578,-34.95353816,138,63
2023-06-10T21:59:02Z,walk,2023-06-10T22:18:54Z,-8.05319744,-34.95354115,140,63
2023-06-10T21:59:02Z,walk,2023-06-10T22:18:55Z,-8.0532091,-34.95354214,141,63
2023-06-10T21:59:02Z,walk,2023-06-10T22:18:56Z,-8.05321909,-34.95354381,140,63
2023-06-10T21:59:02Z,walk,2023-06-10T22:18:57Z,-8.05322909,-34.9535458,140,63
2023-06-10T21:59:02Z,walk,2023-06-10T22:18:58Z,-8.05323975,-34.95354747,140,63
2023-06-10T21:59:02Z,walk,2023-06-10T22:18:59Z,-8.05325107,-34.95355146,140,63
2023-06-10T21:59:02Z,walk,2023-06-10T22:19:00Z,-8.05326306,-34.95355612,140,63
2023-06-10T21:59:02Z,walk,2023-06-10T22:19:01Z,-8.05327573,-34.95356146,140,63
2023-06-10T21:59:02Z,walk,2023-06-10T22:19:02Z,-8.05328905,-34.95356612,141,63
2023-06-10T21:59:02Z,walk,2023-06-10T22:19:03Z,-8.05330172,-34.95357111,141,63
2023-06-10T21:59:02Z,walk,2023-06-10T22:19:04Z,-8.05331238,-34.95357444,141,63
2023-06-10T21:59:02Z,walk,2023-06-10T22:19:05Z,-8.05332337,-34.95357477,141,63
2023-06-10T21:59:02Z,walk,2023-06-10T22:19:06Z,-8.05333437,-34.95357477,141,63
2023-06-10T21:59:02Z,walk,2023-06-10T22:19:07Z,-8.05334569,-34.95357277,141,63
2023-06-10T21:59:02Z,walk,2023-06-10T22:19:08Z,-8.05335901,-34.95357178,141,63
2023-06-10T21:59:02Z,walk,2023-06-10T22:19:09Z,-8.05337235,-34.95357244,141,64
2023-06-10T21:59:02Z,walk,2023-06-10T22:19:10Z,-8.05338567,-34.95357244,141,64
2023-06-10T21:59:02Z,walk,2023-06-10T22:19:11Z,-8.05339766,-34.95357244,141,64
2023-06-10T21:59:02Z,walk,2023-06-10T22:19:12Z,-8.05340933,-34.95357543,141,63
2023-06-10T21:59:02Z,walk,2023-06-10T22:19:13Z,-8.05342032,-34.95358108,141,63
2023-06-10T21:59:02Z,walk,2023-06-10T22:19:14Z,-8.05343031,-34.95358807,140,63
2023-06-10T21:59:02Z,walk,2023-06-10T22:19:15Z,-8.05343897,-34.95359607,140,63
2023-06-10T21:59:02Z,walk,2023-06-10T22:19:16Z,-8.05344731,-34.95360407,140,63
2023-06-10T21:59:02Z,walk,2023-06-10T22:19:17Z,-8.05345564,-34.95361174,140,63
2023-06-10T21:59:02Z,walk,2023-06-10T22:19:18Z,-8.05346397,-34.95361806,140,63
2023-06-10T21:59:02Z,walk,2023-06-10T22:19:19Z,-8.05347463,-34.95362405,140,63
2023-06-10T21:59:02Z,walk,2023-06-10T22:19:20Z,-8.05348529,-34.95362839,140,63
2023-06-10T21:59:02Z,walk,2023-06-10T22:19:21Z,-8.05349594,-34.95363238,140,63
2023-06-10T21:59:02Z,walk,2023-06-10T22:19:22Z,-8.05350628,-34.95363637,140,63
2023-06-10T21:59:02Z,walk,2023-06-10T22:19:23Z,-8.05351727,-34.9536417,140,64
2023-06-10T21:59:02Z,walk,2023-06-10T22:19:24Z,-8.05352827,-34.95364737,141,64
2023-06-10T21:59:02Z,walk,2023-06-10T22:19:25Z,-8.05353892,-34.95365403,141,64
2023-06-10T21:59:02Z,walk,2023-06-10T22:19:26Z,-8.05355059,-34.95366436,141,64
2023-06-10T21:59:02Z,walk,2023-06-10T22:19:27Z,-8.05356291,-34.95367702,142,64
2023-06-10T21:59:02Z,walk,2023-06-10T22:19:28Z,-8.05357658,-34.95368536,142,64
2023-06-10T21:59:02Z,walk,2023-06-10T22:19:29Z,-8.05359157,-34.95369101,142,64
2023-06-10T21:59:02Z,walk,2023-06-10T22:19:30Z,-8.05360823,-34.95369268,142,64
2023-06-10T21:59:02Z,walk,2023-06-10T22:19:31Z,-8.05362556,-34.95369201,142,64
2023-06-10T21:59:02Z,walk,2023-06-10T22:19:32Z,-8.05364323,-34.95369169,142,64
2023-06-10T21:59:02Z,walk,2023-06-10T22:19:33Z,-8.05365889,-34.95369201,142,64
2023-06-10T21:59:02Z,walk,2023-06-10T22:19:34Z,-8.05367322,-34.95369468,142,64
2023-06-10T21:59:02Z,walk,2023-06-10T22:19:35Z,-8.05368688,-34.95369835,142,62
2023-06-10T21:59:02Z,walk,2023-06-10T22:19:36Z,-8.05370021,-34.953701,142,63
2023-06-10T21:59:02Z,walk,2023-06-10T22:19:37Z,-8.05371254,-34.95370133,142,63
2023-06-10T21:59:02Z,walk,2023-06-10T22:19:38Z,-8.05372453,-34.95370165,142,63
2023-06-10T21:59:02Z,walk,2023-06-10T22:19:39Z,-8.05373553,-34.95370264,142,63
2023-06-10T21:59:02Z,walk,2023-06-10T22:19:40Z,-8.05374585,-34.95370363,142,63
2023-06-10T21:59:02Z,walk,2023-06-10T22:19:41Z,-8.05375752,-34.95370496,143,63
2023-06-10T21:59:02Z,walk,2023-06-10T22:19:42Z,-8.05377019,-34.95370529,143,62
2023-06-10T21:59:02Z,walk,2023-06-10T22:19:43Z,-8.05378584,-34.95370362,143,63
2023-06-10T21:59:02Z,walk,2023-06-10T22:19:44Z,-8.05380717,-34.95369663,143,63
2023-06-10T21:59:02Z,walk,2023-06-10T22:19:45Z,-8.05382983,-34.95368863,142,63
2023-06-10T21:59:02Z,walk,2023-06-10T22:19:46Z,-8.05385083,-34.95368231,142,63
2023-06-10T21:59:02Z,walk,2023-06-10T22:19:47Z,-8.05387016,-34.95367598,142,63
2023-06-10T21:59:02Z,walk,2023-06-10T22:19:48Z,-8.05388682,-34.95367132,142,63
2023-06-10T21:59:02Z,walk,2023-06-10T22:19:49Z,-8.05390248,-34.95367033,142,63
2023-06-10T21:59:02Z,walk,2023-06-10T22:19:50Z,-8.05391715,-34.95367198,142,63
2023-06-10T21:59:02Z,walk,2023-06-10T22:19:51Z,-8.05393214,-34.95367598,142,63
2023-06-10T21:59:02Z,walk,2023-06-10T22:19:52Z,-8.05394713,-34.95367865,142,63
2023-06-10T21:59:02Z,walk,2023-06-10T22:19:53Z,-8.05396246,-34.95367832,142,63
2023-06-10T21:59:02Z,walk,2023-06-10T22:19:54Z,-8.05397746,-34.95367599,142,63
2023-06-10T21:59:02Z,walk,2023-06-10T22:19:55Z,-8.05399145,-34.95367266,142,63
2023-06-10T21:59:02Z,walk,2023-06-10T22:19:56Z,-8.05400545,-34.95367034,141,63
2023-06-10T21:59:02Z,walk,2023-06-10T22:19:57Z,-8.05401877,-34.95367001,140,63
2023-06-10T21:59:02Z,walk,2023-06-10T22:19:58Z,-8.05403111,-34.95367034,140,63
2023-06-10T21:59:02Z,walk,2023-06-10T22:19:59Z,-8.0540431,-34.95367001,140,63
2023-06-10T21:59:02Z,walk,2023-06-10T22:20:00Z,-8.05405609,-34.95366901,140,63
2023-06-10T21:59:02Z,walk,2023-06-10T22:20:01Z,-8.05406909,-34.95366901,140,62
2023-06-10T21:59:02Z,walk,2023-06-10T22:20:02Z,-8.05408274,-34.95367135,139,63
2023-06-10T21:59:02Z,walk,2023-06-10T22:20:03Z,-8.05409641,-34.95367434,137,63
2023-06-10T21:59:02Z,walk,2023-06-10T22:20:04Z,-8.05411041,-34.95367699,137,63
2023-06-10T21:59:02Z,walk,2023-06-10T22:20:05Z,-8.0541254,-34.95367899,138,63
2023-06-10T21:59:02Z,walk,2023-06-10T22:20:06Z,-8.05414073,-34.95367998,139,63
2023-06-10T21:59:02Z,walk,2023-06-10T22:20:07Z,-8.05415673,-34.95368031,139,63
2023-06-10T21:59:02Z,walk,2023-06-10T22:20:08Z,-8.05417239,-34.95368031,139,63
2023-06-10T21:59:02Z,walk,2023-06-10T22:20:09Z,-8.05418805,-34.95368096,139,63
2023-06-10T21:59:02Z,walk,2023-06-10T22:20:10Z,-8.05420338,-34.95368163,139,63
2023-06-10T21:59:02Z,walk,2023-06-10T22:20:11Z,-8.05421738,-34.95367963,139,64
2023-06-10T21:59:02Z,walk,2023-06-10T22:20:12Z,-8.05423037,-34.9536783,139,64
2023-06-10T21:59:02Z,walk,2023-06-10T22:20:13Z,-8.05424369,-34.95367863,139,64
2023-06-10T21:59:02Z,walk,2023-06-10T22:20:14Z,-8.05425703,-34.95368162,139,62
2023-06-10T21:59:02Z,walk,2023-06-10T22:20:15Z,-8.05427069,-34.95368628,138,62
2023-06-10T21:59:02Z,walk,2023-06-10T22:20:16Z,-8.05428568,-34.95369261,138,62
2023-06-10T21:59:02Z,walk,2023-06-10T22:20:17Z,-8.05430267,-34.9536986,138,63
2023-06-10T21:59:02Z,walk,2023-06-10T22:20:17Z,-8.05432067,-34.95370326,138,63
2023-06-10T21:59:02Z,walk,2023-06-10T22:20:18Z,-8.05433933,-34.95370392,138,64
2023-06-10T21:59:02Z,walk,2023-06-10T22:20:19Z,-8.05435666,-34.95370292,138,64
2023-06-10T21:59:02Z,walk,2023-06-10T22:20:20Z,-8.05437266,-34.95370392,138,64
2023-06-10T21:59:02Z,walk,2023-06-10T22:20:21Z,-8.05438799,-34.95370491,139,64
2023-06-10T21:59:02Z,walk,2023-06-10T22:20:22Z,-8.05440264,-34.95370426,139,64
2023-06-10T21:59:02Z,walk,2023-06-10T22:20:23Z,-8.05441798,-34.95370359,139,64
2023-06-10T21:59:02Z,walk,2023-06-10T22:20:24Z,-8.05443263,-34.95370426,139,64
2023-06-10T21:59:02Z,walk,2023-06-10T22:20:25Z,-8.05444663,-34.95370359,139,64
2023-06-10T21:59:02Z,walk,2023-06-10T22:20:26Z,-8.05446229,-34.9537016,139,64
2023-06-10T21:59:02Z,walk,2023-06-10T22:20:27Z,-8.05447762,-34.95370094,140,64
2023-06-10T21:59:02Z,walk,2023-06-10T22:20:28Z,-8.05449295,-34.95370094,140,64
2023-06-10T21:59:02Z,walk,2023-06-10T22:20:29Z,-8.05450695,-34.95370094,140,64
2023-06-10T21:59:02Z,walk,2023-06-10T22:20:30Z,-8.05451961,-34.95370227,140,64
2023-06-10T21:59:02Z,walk,2023-06-10T22:20:31Z,-8.0545316,-34.95370559,140,64
2023-06-10T21:59:02Z,walk,2023-06-10T22:20:32Z,-8.05454259,-34.95370792,140,64
2023-06-10T21:59:02Z,walk,2023-06-10T22:20:33Z,-8.05455426,-34.9537076,140,63
2023-06-10T21:59:02Z,walk,2023-06-10T22:20:34Z,-8.05456558,-34.95370826,140,63
2023-06-10T21:59:02Z,walk,2023-06-10T22:20:35Z,-8.05457857,-34.95370858,140,64
2023-06-10T21:59:02Z,walk,2023-06-10T22:20:36Z,-8.05459191,-34.95370858,140,64
2023-06-10T21:59:02Z,walk,2023-06-10T22:20:37Z,-8.0546069,-34.95370826,139,64
2023-06-10T21:59:02Z,walk,2023-06-10T22:20:38Z,-8.0546219,-34.95370693,140,64
2023-06-10T21:59:02Z,walk,2023-06-10T22:20:39Z,-8.05463622,-34.95370493,140,64
2023-06-10T21:59:02Z,walk,2023-06-10T22:20:40Z,-8.05465022,-34.9537026,140,64
2023-06-10T21:59:02Z,walk,2023-06-10T22:20:41Z,-8.05466422,-34.95370128,140,64
2023-06-10T21:59:02Z,walk,2023-06-10T22:20:42Z,-8.05467788,-34.95370128,140,64
2023-06-10T21:59:02Z,walk,2023-06-10T22:20:43Z,-8.05469188,-34.95370327,141,64
2023-06-10T21:59:02Z,walk,2023-06-10T22:20:44Z,-8.05470621,-34.9537056,141,64
2023-06-10T21:59:02Z,walk,2023-06-10T22:20:45Z,-8.05472087,-34.95370892,141,63
2023-06-10T21:59:02Z,walk,2023-06-10T22:20:46Z,-8.05473453,-34.9537086,141,63
2023-06-10T21:59:02Z,walk,2023-06-10T22:20:47Z,-8.05474787,-34.95370494,141,63
2023-06-10T21:59:02Z,walk,2023-06-10T22:20:48Z,-8.05476153,-34.95370229,141,63
2023-06-10T21:59:02Z,walk,2023-06-10T22:20:49Z,-8.05477486,-34.95370229,141,63
2023-06-10T21:59:02Z,walk,2023-06-10T22:20:50Z,-8.05478886,-34.95370361,141,66
2023-06-10T21:59:02Z,walk,2023-06-10T22:20:51Z,-8.05480252,-34.95370428,141,69
2023-06-10T21:59:02Z,walk,2023-06-10T22:20:52Z,-8.05481551,-34.95370593,141,69
2023-06-10T21:59:02Z,walk,2023-06-10T22:20:53Z,-8.05482885,-34.95370793,141,69
2023-06-10T21:59:02Z,walk,2023-06-10T22:20:54Z,-8.05484317,-34.9537096,140,69
2023-06-10T21:59:02Z,walk,2023-06-10T22:20:55Z,-8.0548585,-34.95370927,139,69
2023-06-10T21:59:02Z,walk,2023-06-10T22:20:56Z,-8.05487517,-34.95370828,139,69
2023-06-10T21:59:02Z,walk,2023-06-10T22:20:57Z,-8.05489117,-34.95370462,139,69
2023-06-10T21:59:02Z,walk,2023-06-10T22:20:58Z,-8.05490683,-34.95370062,139,69
2023-06-10T21:59:02Z,walk,2023-06-10T22:20:59Z,-8.05492283,-34.95369696,139,69
2023-06-10T21:59:02Z,walk,2023-06-10T22:21:00Z,-8.05493748,-34.9536953,139,69
2023-06-10T21:59:02Z,walk,2023-06-10T22:21:01Z,-8.05495148,-34.9536973,138,69
2023-06-10T21:59:02Z,walk,2023-06-10T22:21:02Z,-8.05496547,-34.95370062,137,69
2023-06-10T21:59:02Z,walk,2023-06-10T22:21:03Z,-8.05497881,-34.95370595,137,69
2023-06-10T21:59:02Z,walk,2023-06-10T22:21:04Z,-8.05499181,-34.95371095,138,69
2023-06-10T21:59:02Z,walk,2023-06-10T22:21:05Z,-8.05500513,-34.95371595,138,69
2023-06-10T21:59:02Z,walk,2023-06-10T22:21:06Z,-8.05501879,-34.95372194,138,69
2023-06-10T21:59:02Z,walk,2023-06-10T22:21:07Z,-8.05503311,-34.95372893,137,69
2023-06-10T21:59:02Z,walk,2023-06-10T22:21:08Z,-8.05504778,-34.95373627,136,69
2023-06-10T21:59:02Z,walk,2023-06-10T22:21:09Z,-8.05506277,-34.95374192,136,69
2023-06-10T21:59:02Z,walk,2023-06-10T22:21:10Z,-8.0550791,-34.95374426,137,69
2023-06-10T21:59:02Z,walk,2023-06-10T22:21:11Z,-8.05509542,-34.9537436,137,69
2023-06-10T21:59:02Z,walk,2023-06-10T22:21:12Z,-8.05511076,-34.95374061,137,69
2023-06-10T21:59:02Z,walk,2023-06-10T22:21:13Z,-8.05512441,-34.95373894,137,69
2023-06-10T21:59:02Z,walk,2023-06-10T22:21:14Z,-8.05513741,-34.95374227,137,69
2023-06-10T21:59:02Z,walk,2023-06-10T22:21:15Z,-8.0551504,-34.9537466,137,69
2023-06-10T21:59:02Z,walk,2023-06-10T22:21:16Z,-8.05516407,-34.95375092,137,69
2023-06-10T21:59:02Z,walk,2023-06-10T22:21:17Z,-8.05517839,-34.95375359,137,69
2023-06-10T21:59:02Z,walk,2023-06-10T22:21:18Z,-8.05519205,-34.95375792,137,69
2023-06-10T21:59:02Z,walk,2023-06-10T22:21:19Z,-8.05520538,-34.95376425,137,69
2023-06-10T21:59:02Z,walk,2023-06-10T22:21:20Z,-8.05521804,-34.95377024,136,69
2023-06-10T21:59:02Z,walk,2023-06-10T22:21:21Z,-8.05523071,-34.9537749,136,69
2023-06-10T21:59:02Z,walk,2023-06-10T22:21:22Z,-8.05524437,-34.95377789,136,69
2023-06-10T21:59:02Z,walk,2023-06-10T22:21:23Z,-8.05525837,-34.95377922,136,69
2023-06-10T21:59:02Z,walk,2023-06-10T22:21:24Z,-8.05527237,-34.95377988,136,69
2023-06-10T21:59:02Z,walk,2023-06-10T22:21:25Z,-8.05528603,-34.95378054,135,69
2023-06-10T21:59:02Z,walk,2023-06-10T22:21:26Z,-8.05529903,-34.95378386,135,69
2023-06-10T21:59:02Z,walk,2023-06-10T22:21:27Z,-8.05531269,-34.95378785,133,63
2023-06-10T21:59:02Z,walk,2023-06-10T22:21:28Z,-8.05532701,-34.95379052,133,63
2023-06-10T21:59:02Z,walk,2023-06-10T22:21:29Z,-8.05534134,-34.95379252,133,63
2023-06-10T21:59:02Z,walk,2023-06-10T22:21:30Z,-8.05535534,-34.95379419,133,63
2023-06-10T21:59:02Z,walk,2023-06-10T22:21:31Z,-8.05536967,-34.95379518,134,63
2023-06-10T21:59:02Z,walk,2023-06-10T22:21:32Z,-8.05538299,-34.95379751,134,63
2023-06-10T21:59:02Z,walk,2023-06-10T22:21:33Z,-8.05539631,-34.95380183,134,63
2023-06-10T21:59:02Z,walk,2023-06-10T22:21:34Z,-8.05541031,-34.95380517,134,63
2023-06-10T21:59:02Z,walk,2023-06-10T22:21:35Z,-8.05542397,-34.95380582,134,63
2023-06-10T21:59:02Z,walk,2023-06-10T22:21:36Z,-8.05543763,-34.95380582,134,63
2023-06-10T21:59:02Z,walk,2023-06-10T22:21:37Z,-8.05545163,-34.95380849,134,62
2023-06-10T21:59:02Z,walk,2023-06-10T22:21:38Z,-8.05546563,-34.95381315,134,61
2023-06-10T21:59:02Z,walk,2023-06-10T22:21:39Z,-8.05547929,-34.95381948,134,62
2023-06-10T21:59:02Z,walk,2023-06-10T22:21:40Z,-8.05549263,-34.95382647,134,63
2023-06-10T21:59:02Z,walk,2023-06-10T22:21:41Z,-8.05550628,-34.95383313,134,62
2023-06-10T21:59:02Z,walk,2023-06-10T22:21:42Z,-8.05551895,-34.95384046,134,62
2023-06-10T21:59:02Z,walk,2023-06-10T22:21:43Z,-8.05553162,-34.95384645,134,62
2023-06-10T21:59:02Z,walk,2023-06-10T22:21:44Z,-8.05554328,-34.95385212,135,62
2023-06-10T21:59:02Z,walk,2023-06-10T22:21:45Z,-8.05555162,-34.95386045,136,62
2023-06-10T21:59:02Z,walk,2023-06-10T22:21:46Z,-8.05555727,-34.95387211,135,62
2023-06-10T21:59:02Z,walk,2023-06-10T22:21:47Z,-8.0555626,-34.95388477,135,62
2023-06-10T21:59:02Z,walk,2023-06-10T22:21:48Z,-8.05556692,-34.9538991,135,62
2023-06-10T21:59:02Z,walk,2023-06-10T22:21:49Z,-8.05556959,-34.95391442,135,62
2023-06-10T21:59:02Z,walk,2023-06-10T22:21:50Z,-8.05557091,-34.95393109,135,62
2023-06-10T21:59:02Z,walk,2023-06-10T22:21:51Z,-8.05557091,-34.95394808,133,62
2023-06-10T21:59:02Z,walk,2023-06-10T22:21:52Z,-8.05556959,-34.95396341,133,63
2023-06-10T21:59:02Z,walk,2023-06-10T22:21:53Z,-8.05556892,-34.95397607,133,63
2023-06-10T21:59:02Z,walk,2023-06-10T22:21:54Z,-8.05556892,-34.95398739,133,63
2023-06-10T21:59:02Z,walk,2023-06-10T22:21:55Z,-8.05556925,-34.95399871,133,63
2023-06-10T21:59:02Z,walk,2023-06-10T22:21:56Z,-8.05557024,-34.95401105,133,63
2023-06-10T21:59:02Z,walk,2023-06-10T22:21:57Z,-8.05557024,-34.95402404,131,63
2023-06-10T21:59:02Z,walk,2023-06-10T22:21:58Z,-8.05557024,-34.95403704,131,63
2023-06-10T21:59:02Z,walk,2023-06-10T22:21:59Z,-8.05556992,-34.95405004,130,63
2023-06-10T21:59:02Z,walk,2023-06-10T22:22:00Z,-8.05556992,-34.95406236,130,63
2023-06-10T21:59:02Z,walk,2023-06-10T22:22:01Z,-8.05557192,-34.95407269,130,64
2023-06-10T21:59:02Z,walk,2023-06-10T22:22:02Z,-8.05557391,-34.95408335,130,65
2023-06-10T21:59:02Z,walk,2023-06-10T22:22:03Z,-8.05557724,-34.95409335,130,65
2023-06-10T21:59:02Z,walk,2023-06-10T22:22:04Z,-8.05557991,-34.95410267,130,65
2023-06-10T21:59:02Z,walk,2023-06-10T22:22:05Z,-8.05558123,-34.95411301,130,65
2023-06-10T21:59:02Z,walk,2023-06-10T22:22:06Z,-8.05558024,-34.95412367,130,65
2023-06-10T21:59:02Z,walk,2023-06-10T22:22:07Z,-8.05557991,-34.95413467,131,65
2023-06-10T21:59:02Z,walk,2023-06-10T22:22:08Z,-8.05557825,-34.954147,132,65
2023-06-10T21:59:02Z,walk,2023-06-10T22:22:09Z,-8.05557693,-34.95416,133,65
2023-06-10T21:59:02Z,walk,2023-06-10T22:22:10Z,-8.05557526,-34.95417332,133,65
2023-06-10T21:59:02Z,walk,2023-06-10T22:22:11Z,-8.05557361,-34.95418732,132,65
2023-06-10T21:59:02Z,walk,2023-06-10T22:22:12Z,-8.05557195,-34.95420132,132,65
2023-06-10T21:59:02Z,walk,2023-06-10T22:22:13Z,-8.05557095,-34.95421532,132,63
2023-06-10T21:59:02Z,walk,2023-06-10T22:22:14Z,-8.05556963,-34.95422899,132,63
2023-06-10T21:59:02Z,walk,2023-06-10T22:22:15Z,-8.05556896,-34.95424165,133,63
2023-06-10T21:59:02Z,walk,2023-06-10T22:22:16Z,-8.05556764,-34.95425431,134,63
2023-06-10T21:59:02Z,walk,2023-06-10T22:22:17Z,-8.05556665,-34.95426664,135,63
2023-06-10T21:59:02Z,walk,2023-06-10T22:22:18Z,-8.05556565,-34.95427764,135,63
2023-06-10T21:59:02Z,walk,2023-06-10T22:22:19Z,-8.05556432,-34.95428898,135,63
2023-06-10T21:59:02Z,walk,2023-06-10T22:22:20Z,-8.05556266,-34.95430163,135,63
2023-06-10T21:59:02Z,walk,2023-06-10T22:22:21Z,-8.05555967,-34.95431596,138,63
2023-06-10T21:59:02Z,walk,2023-06-10T22:22:22Z,-8.05555668,-34.95433229,136,63
2023-06-10T21:59:02Z,walk,2023-06-10T22:22:23Z,-8.05555368,-34.95435028,136,62
2023-06-10T21:59:02Z,walk,2023-06-10T22:22:24Z,-8.05555135,-34.95436828,136,62
2023-06-10T21:59:02Z,walk,2023-06-10T22:22:25Z,-8.05555003,-34.95438594,135,63
2023-06-10T21:59:02Z,walk,2023-06-10T22:22:26Z,-8.05554871,-34.9544026,135,63
2023-06-10T21:59:02Z,walk,2023-06-10T22:22:27Z,-8.05554538,-34.95441827,135,63
2023-06-10T21:59:02Z,walk,2023-06-10T22:22:28Z,-8.05554172,-34.95443326,135,63
2023-06-10T21:59:02Z,walk,2023-06-10T22:22:29Z,-8.05553873,-34.95444558,135,63
2023-06-10T21:59:02Z,walk,2023-06-10T22:22:30Z,-8.05553606,-34.95445758,135,63
2023-06-10T21:59:02Z,walk,2023-06-10T22:22:31Z,-8.05553407,-34.95446924,135,63
2023-06-10T21:59:02Z,walk,2023-06-10T22:22:32Z,-8.0555334,-34.95448156,135,63
2023-06-10T21:59:02Z,walk,2023-06-10T22:22:33Z,-8.0555324,-34.95449423,135,63
2023-06-10T21:59:02Z,walk,2023-06-10T22:22:34Z,-8.05553141,-34.95450722,136,63
2023-06-10T21:59:02Z,walk,2023-06-10T22:22:35Z,-8.05552941,-34.95452188,137,63
2023-06-10T21:59:02Z,walk,2023-06-10T22:22:36Z,-8.05552775,-34.95453854,137,63
2023-06-10T21:59:02Z,walk,2023-06-10T22:22:37Z,-8.05552642,-34.95455587,137,63
2023-06-10T21:59:02Z,walk,2023-06-10T22:22:38Z,-8.05552609,-34.9545732,137,63
2023-06-10T21:59:02Z,walk,2023-06-10T22:22:39Z,-8.05552642,-34.95459086,137,63
2023-06-10T21:59:02Z,walk,2023-06-10T22:22:40Z,-8.05552675,-34.95460818,137,63
2023-06-10T21:59:02Z,walk,2023-06-10T22:22:41Z,-8.05552642,-34.95462584,138,63
2023-06-10T21:59:02Z,walk,2023-06-10T22:22:42Z,-8.05552675,-34.9546425,138,63
2023-06-10T21:59:02Z,walk,2023-06-10T22:22:43Z,-8.0555274,-34.95465884,138,63
2023-06-10T21:59:02Z,walk,2023-06-10T22:22:44Z,-8.0555284,-34.95467184,138,63
2023-06-10T21:59:02Z,walk,2023-06-10T22:22:45Z,-8.05552973,-34.95468349,138,63
2023-06-10T21:59:02Z,walk,2023-06-10T22:22:46Z,-8.05553173,-34.95469548,139,63
2023-06-10T21:59:02Z,walk,2023-06-10T22:22:47Z,-8.05553305,-34.95470815,139,63
2023-06-10T21:59:02Z,walk,2023-06-10T22:22:48Z,-8.05553273,-34.95471847,139,63
2023-06-10T21:59:02Z,walk,2023-06-10T22:22:49Z,-8.05552939,-34.95473013,139,63
2023-06-10T21:59:02Z,walk,2023-06-10T22:22:50Z,-8.05552539,-34.95473946,139,63
2023-06-10T21:59:02Z,walk,2023-06-10T22:22:51Z,-8.05552174,-34.95474612,140,63
2023-06-10T21:59:02Z,walk,2023-06-10T22:22:52Z,-8.05551808,-34.95475345,140,63
2023-06-10T21:59:02Z,walk,2023-06-10T22:22:53Z,-8.05551376,-34.95476344,140,63
2023-06-10T21:59:02Z,walk,2023-06-10T22:22:54Z,-8.05550942,-34.95477711,139,63
2023-06-10T21:59:02Z,walk,2023-06-10T22:22:55Z,-8.05550609,-34.95479177,139,63
2023-06-10T21:59:02Z,walk,2023-06-10T22:22:56Z,-8.05550376,-34.95480609,139,63
2023-06-10T21:59:02Z,walk,2023-06-10T22:22:57Z,-8.05550176,-34.95482042,139,63
2023-06-10T21:59:02Z,walk,2023-06-10T22:22:58Z,-8.05549977,-34.95483675,142,63
2023-06-10T21:59:02Z,walk,2023-06-10T22:22:59Z,-8.05549777,-34.95485341,142,63
2023-06-10T21:59:02Z,walk,2023-06-10T22:23:00Z,-8.05549611,-34.95486975,142,63
2023-06-10T21:59:02Z,walk,2023-06-10T22:23:01Z,-8.05549411,-34.95488641,142,63
2023-06-10T21:59:02Z,walk,2023-06-10T22:23:02Z,-8.05549178,-34.9549034,141,63
2023-06-10T21:59:02Z,walk,2023-06-10T22:23:03Z,-8.05548945,-34.95492039,140,63
2023-06-10T21:59:02Z,walk,2023-06-10T22:23:04Z,-8.05548713,-34.95493738,139,63
2023-06-10T21:59:02Z,walk,2023-06-10T22:23:05Z,-8.05548547,-34.95495305,138,63
2023-06-10T21:59:02Z,walk,2023-06-10T22:23:06Z,-8.05548347,-34.95496837,138,63
2023-06-10T21:59:02Z,walk,2023-06-10T22:23:07Z,-8.05548147,-34.95498603,138,63
2023-06-10T21:59:02Z,walk,2023-06-10T22:23:08Z,-8.05548015,-34.95500436,138,63
2023-06-10T21:59:02Z,walk,2023-06-10T22:23:09Z,-8.05548015,-34.95502302,137,65
2023-06-10T21:59:02Z,walk,2023-06-10T22:23:10Z,-8.05548082,-34.95504135,138,62
2023-06-10T21:59:02Z,walk,2023-06-10T22:23:11Z,-8.05548247,-34.95505802,138,63
2023-06-10T21:59:02Z,walk,2023-06-10T22:23:12Z,-8.05548413,-34.95507301,138,61
2023-06-10T21:59:02Z,walk,2023-06-10T22:23:13Z,-8.05548613,-34.95508668,138,61
2023-06-10T21:59:02Z,walk,2023-06-10T22:23:14Z,-8.05548813,-34.95510001,138,60
2023-06-10T21:59:02Z,walk,2023-06-10T22:23:15Z,-8.05548913,-34.95511267,138,60
2023-06-10T21:59:02Z,walk,2023-06-10T22:23:16Z,-8.05548781,-34.95512533,137,60
2023-06-10T21:59:02Z,walk,2023-06-10T22:23:17Z,-8.05548647,-34.955139,137,63
2023-06-10T21:59:02Z,walk,2023-06-10T22:23:18Z,-8.05548481,-34.95515366,137,63
2023-06-10T21:59:02Z,walk,2023-06-10T22:23:19Z,-8.05548281,-34.95516831,137,63
2023-06-10T21:59:02Z,walk,2023-06-10T22:23:20Z,-8.05548115,-34.95518198,137,63
2023-06-10T21:59:02Z,walk,2023-06-10T22:23:21Z,-8.05547883,-34.95519498,137,63
2023-06-10T21:59:02Z,walk,2023-06-10T22:23:22Z,-8.05547616,-34.9552093,138,63
2023-06-10T21:59:02Z,walk,2023-06-10T22:23:23Z,-8.05547484,-34.95522363,138,63
2023-06-10T21:59:02Z,walk,2023-06-10T22:23:24Z,-8.05547417,-34.95523828,138,63
2023-06-10T21:59:02Z,walk,2023-06-10T22:23:25Z,-8.0554735,-34.95525261,138,63
2023-06-10T21:59:02Z,walk,2023-06-10T22:23:26Z,-8.05547318,-34.95526561,139,63
2023-06-10T21:59:02Z,walk,2023-06-10T22:23:27Z,-8.05547285,-34.95527726,139,63
2023-06-10T21:59:02Z,walk,2023-06-10T22:23:28Z,-8.05547119,-34.95528759,140,63
2023-06-10T21:59:02Z,walk,2023-06-10T22:23:29Z,-8.05546887,-34.95529825,141,63
2023-06-10T21:59:02Z,walk,2023-06-10T22:23:30Z,-8.05546553,-34.95531025,141,62
2023-06-10T21:59:02Z,walk,2023-06-10T22:23:31Z,-8.0554622,-34.95532324,141,62
2023-06-10T21:59:02Z,walk,2023-06-10T22:23:32Z,-8.05545921,-34.95533591,141,62
2023-06-10T21:59:02Z,walk,2023-06-10T22:23:33Z,-8.05545688,-34.95534823,140,62
2023-06-10T21:59:02Z,walk,2023-06-10T22:23:34Z,-8.05545422,-34.95536123,139,62
2023-06-10T21:59:02Z,walk,2023-06-10T22:23:35Z,-8.05545056,-34.95537689,139,62
2023-06-10T21:59:02Z,walk,2023-06-10T22:23:36Z,-8.0554449,-34.95539421,139,62
2023-06-10T21:59:02Z,walk,2023-06-10T22:23:37Z,-8.05544024,-34.95541088,139,62
2023-06-10T21:59:02Z,walk,2023-06-10T22:23:38Z,-8.05543624,-34.95542588,139,62
2023-06-10T21:59:02Z,walk,2023-06-10T22:23:39Z,-8.05543258,-34.9554392,139,62
2023-06-10T21:59:02Z,walk,2023-06-10T22:23:40Z,-8.05542925,-34.9554522,140,62
2023-06-10T21:59:02Z,walk,2023-06-10T22:23:41Z,-8.05542659,-34.95546386,140,62
2023-06-10T21:59:02Z,walk,2023-06-10T22:23:42Z,-8.05542459,-34.95547518,139,62
2023-06-10T21:59:02Z,walk,2023-06-10T22:23:43Z,-8.05542226,-34.95548618,139,62
2023-06-10T21:59:02Z,walk,2023-06-10T22:23:44Z,-8.05542027,-34.95549718,139,62
2023-06-10T21:59:02Z,walk,2023-06-10T22:23:45Z,-8.05541827,-34.95550852,140,63
2023-06-10T21:59:02Z,walk,2023-06-10T22:23:46Z,-8.05541627,-34.95551984,140,62
2023-06-10T21:59:02Z,walk,2023-06-10T22:23:47Z,-8.05541461,-34.95553317,141,62
2023-06-10T21:59:02Z,walk,2023-06-10T22:23:48Z,-8.05541261,-34.95554684,141,62
2023-06-10T21:59:02Z,walk,2023-06-10T22:23:49Z,-8.05541061,-34.95555983,141,62
2023-06-10T21:59:02Z,walk,2023-06-10T22:23:50Z,-8.05540828,-34.95557316,140,62
2023-06-10T21:59:02Z,walk,2023-06-10T22:23:51Z,-8.05540762,-34.95558683,140,63
2023-06-10T21:59:02Z,walk,2023-06-10T22:23:52Z,-8.05540696,-34.95559983,140,61
2023-06-10T21:59:02Z,walk,2023-06-10T22:23:53Z,-8.05540762,-34.95561315,138,63
2023-06-10T21:59:02Z,walk,2023-06-10T22:23:54Z,-8.05540928,-34.95562615,139,62
2023-06-10T21:59:02Z,walk,2023-06-10T22:23:55Z,-8.05541195,-34.95563881,139,62
2023-06-10T21:59:02Z,walk,2023-06-10T22:23:56Z,-8.0554136,-34.95565348,139,63
2023-06-10T21:59:02Z,walk,2023-06-10T22:23:57Z,-8.05541427,-34.95566913,140,62
2023-06-10T21:59:02Z,walk,2023-06-10T22:23:58Z,-8.05541526,-34.9556848,140,64
2023-06-10T21:59:02Z,walk,2023-06-10T22:23:59Z,-8.05541593,-34.95570012,140,65
2023-06-10T21:59:02Z,walk,2023-06-10T22:24:00Z,-8.05541658,-34.95571478,141,64
2023-06-10T21:59:02Z,walk,2023-06-10T22:24:01Z,-8.05541725,-34.95572978,141,64
2023-06-10T21:59:02Z,walk,2023-06-10T22:24:02Z,-8.05541857,-34.95574444,141,63
2023-06-10T21:59:02Z,walk,2023-06-10T22:24:03Z,-8.05541991,-34.95575844,142,63
2023-06-10T21:59:02Z,walk,2023-06-10T22:24:04Z,-8.05542123,-34.95576976,142,63
2023-06-10T21:59:02Z,walk,2023-06-10T22:24:05Z,-8.05542156,-34.95578076,142,62
2023-06-10T21:59:02Z,walk,2023-06-10T22:24:06Z,-8.05542123,-34.95579143,140,62
2023-06-10T21:59:02Z,walk,2023-06-10T22:24:07Z,-8.05541991,-34.95580442,140,62
2023-06-10T21:59:02Z,walk,2023-06-10T22:24:08Z,-8.05542123,-34.95581942,140,63
2023-06-10T21:59:02Z,walk,2023-06-10T22:24:09Z,-8.0554239,-34.95583774,140,63
2023-06-10T21:59:02Z,walk,2023-06-10T22:24:10Z,-8.05542655,-34.9558614,140,63
2023-06-10T21:59:02Z,walk,2023-06-10T22:24:11Z,-8.05542788,-34.9558894,140,63
2023-06-10T21:59:02Z,walk,2023-06-10T22:24:12Z,-8.05542954,-34.95592106,140,63
2023-06-10T21:59:02Z,walk,2023-06-10T22:24:13Z,-8.05542822,-34.95594539,140,63
2023-06-10T21:59:02Z,walk,2023-06-10T22:24:14Z,-8.05542622,-34.95596472,140,63
2023-06-10T21:59:02Z,walk,2023-06-10T22:24:15Z,-8.0554249,-34.95598005,140,63
2023-06-10T21:59:02Z,walk,2023-06-10T22:24:16Z,-8.05542523,-34.95599171,140,59
2023-06-10T21:59:02Z,walk,2023-06-10T22:24:17Z,-8.05542589,-34.95599704,141,58
2023-06-10T21:59:02Z,walk,2023-06-10T22:24:18Z,-8.05542755,-34.95599737,141,59
2023-06-10T21:59:02Z,walk,2023-06-10T22:24:19Z,-8.05542921,-34.95599104,141,59
2023-06-10T21:59:02Z,walk,2023-06-10T22:24:20Z,-8.05542921,-34.95597938,141,59
2023-06-10T21:59:02Z,walk,2023-06-10T22:24:21Z,-8.05542921,-34.95596538,141,58
2023-06-10T21:59:02Z,walk,2023-06-10T22:24:22Z,-8.05542588,-34.95595138,140,58
2023-06-10T21:59:02Z,walk,2023-06-10T22:24:23Z,-8.05541989,-34.95594172,140,58
2023-06-10T21:59:02Z,walk,2023-06-10T22:24:24Z,-8.05541256,-34.95593405,140,62
2023-06-10T21:59:02Z,walk,2023-06-10T22:24:25Z,-8.05540523,-34.95592605,140,63
2023-06-10T21:59:02Z,walk,2023-06-10T22:24:26Z,-8.05539956,-34.9559164,140,63
2023-06-10T21:59:02Z,walk,2023-06-10T22:24:27Z,-8.0553949,-34.95590506,140,61
2023-06-10T21:59:02Z,walk,2023-06-10T22:24:28Z,-8.05539124,-34.95589341,139,61
2023-06-10T21:59:02Z,walk,2023-06-10T22:24:29Z,-8.05538791,-34.95588207,137,61
2023-06-10T21:59:02Z,walk,2023-06-10T22:24:30Z,-8.05538458,-34.95587075,137,61
2023-06-10T21:59:02Z,walk,2023-06-10T22:24:31Z,-8.05538058,-34.95585975,137,61
2023-06-10T21:59:02Z,walk,2023-06-10T22:24:32Z,-8.05537893,-34.95584843,137,61
2023-06-10T21:59:02Z,walk,2023-06-10T22:24:32Z,-8.05537958,-34.95583476,137,61
2023-06-10T21:59:02Z,walk,2023-06-10T22:24:33Z,-8.05538057,-34.9558201,137,61
2023-06-10T21:59:02Z,walk,2023-06-10T22:24:34Z,-8.05538124,-34.95580578,135,61
2023-06-10T21:59:02Z,walk,2023-06-10T22:24:35Z,-8.05538091,-34.95579178,134,61
2023-06-10T21:59:02Z,walk,2023-06-10T22:24:36Z,-8.05537858,-34.95577911,134,63
2023-06-10T21:59:02Z,walk,2023-06-10T22:24:37Z,-8.05537559,-34.95576845,134,63
2023-06-10T21:59:02Z,walk,2023-06-10T22:24:38Z,-8.05537359,-34.95575646,133,63
2023-06-10T21:59:02Z,walk,2023-06-10T22:24:39Z,-8.05537327,-34.95574279,133,63
2023-06-10T21:59:02Z,walk,2023-06-10T22:24:40Z,-8.05537493,-34.95572947,133,63
2023-06-10T21:59:02Z,walk,2023-06-10T22:24:41Z,-8.05538092,-34.95571313,133,63
2023-06-10T21:59:02Z,walk,2023-06-10T22:24:42Z,-8.05538725,-34.95569581,134,63
2023-06-10T21:59:02Z,walk,2023-06-10T22:24:43Z,-8.05539457,-34.95567848,134,63
2023-06-10T21:59:02Z,walk,2023-06-10T22:24:44Z,-8.05540024,-34.95566215,134,63
2023-06-10T21:59:02Z,walk,2023-06-10T22:24:45Z,-8.05540323,-34.95564783,135,62
2023-06-10T21:59:02Z,walk,2023-06-10T22:24:46Z,-8.0554039,-34.95563483,135,62
2023-06-10T21:59:02Z,walk,2023-06-10T22:24:47Z,-8.0554039,-34.95562351,135,62
2023-06-10T21:59:02Z,walk,2023-06-10T22:24:48Z,-8.05540357,-34.95561351,136,62
2023-06-10T21:59:02Z,walk,2023-06-10T22:24:49Z,-8.05540357,-34.95560185,136,62
2023-06-10T21:59:02Z,walk,2023-06-10T22:24:50Z,-8.05540424,-34.95558919,136,62
2023-06-10T21:59:02Z,walk,2023-06-10T22:24:51Z,-8.05540523,-34.95557586,136,62
2023-06-10T21:59:02Z,walk,2023-06-10T22:24:52Z,-8.0554059,-34.9555642,136,62
2023-06-10T21:59:02Z,walk,2023-06-10T22:24:53Z,-8.05540523,-34.95555454,136,62
2023-06-10T21:59:02Z,walk,2023-06-10T22:24:54Z,-8.05540224,-34.95554755,136,62
2023-06-10T21:59:02Z,walk,2023-06-10T22:24:55Z,-8.05539792,-34.95553921,136,62
2023-06-10T21:59:02Z,walk,2023-06-10T22:24:56Z,-8.05539392,-34.95552855,136,62
2023-06-10T21:59:02Z,walk,2023-06-10T22:24:57Z,-8.05539125,-34.95551255,135,62
2023-06-10T21:59:02Z,walk,2023-06-10T22:24:58Z,-8.05539059,-34.95549256,135,62
2023-06-10T21:59:02Z,walk,2023-06-10T22:24:59Z,-8.05539059,-34.9554739,135,62
2023-06-10T21:59:02Z,walk,2023-06-10T22:25:00Z,-8.05539026,-34.9554579,135,62
2023-06-10T21:59:02Z,walk,2023-06-10T22:25:01Z,-8.05538926,-34.95544324,135,62
2023-06-10T21:59:02Z,walk,2023-06-10T22:25:02Z,-8.05538926,-34.95542859,135,62
2023-06-10T21:59:02Z,walk,2023-06-10T22:25:03Z,-8.05539026,-34.95541325,135,62
2023-06-10T21:59:02Z,walk,2023-06-10T22:25:04Z,-8.05539192,-34.9553976,137,62
2023-06-10T21:59:02Z,walk,2023-06-10T22:25:05Z,-8.05539324,-34.95538293,137,62
2023-06-10T21:59:02Z,walk,2023-06-10T22:25:06Z,-8.05539357,-34.95537061,137,62
2023-06-10T21:59:02Z,walk,2023-06-10T22:25:07Z,-8.05539357,-34.95536061,137,62
2023-06-10T21:59:02Z,walk,2023-06-10T22:25:08Z,-8.0553939,-34.95535128,137,62
2023-06-10T21:59:02Z,walk,2023-06-10T22:25:09Z,-8.05539455,-34.95534095,137,62
2023-06-10T21:59:02Z,walk,2023-06-10T22:25:10Z,-8.05539655,-34.95532863,136,62
2023-06-10T21:59:02Z,walk,2023-06-10T22:25:11Z,-8.05539888,-34.95531397,136,62
2023-06-10T21:59:02Z,walk,2023-06-10T22:25:12Z,-8.05540054,-34.9552983,135,62
2023-06-10T21:59:02Z,walk,2023-06-10T22:25:13Z,-8.05540187,-34.95528331,135,62
2023-06-10T21:59:02Z,walk,2023-06-10T22:25:14Z,-8.05540187,-34.95526731,134,62
2023-06-10T21:59:02Z,walk,2023-06-10T22:25:15Z,-8.05540253,-34.95525199,134,62
2023-06-10T21:59:02Z,walk,2023-06-10T22:25:16Z,-8.05540486,-34.95523599,134,62
2023-06-10T21:59:02Z,walk,2023-06-10T22:25:17Z,-8.05540818,-34.95522033,134,62
2023-06-10T21:59:02Z,walk,2023-06-10T22:25:18Z,-8.05541285,-34.95520567,134,62
2023-06-10T21:59:02Z,walk,2023-06-10T22:25:19Z,-8.05541917,-34.95518568,134,62
2023-06-10T21:59:02Z,walk,2023-06-10T22:25:20Z,-8.05542517,-34.95516435,134,31
2023-06-10T21:59:02Z,walk,2023-06-10T22:25:21Z,-8.05543016,-34.95514502,134,31
2023-06-10T21:59:02Z,walk,2023-06-10T22:25:22Z,-8.05543415,-34.95512702,134,31
2023-06-10T21:59:02Z,walk,2023-06-10T22:25:23Z,-8.05543682,-34.9551117,135,30
2023-06-10T21:59:02Z,walk,2023-06-10T22:25:24Z,-8.05543981,-34.9550957,134,30
2023-06-10T21:59:02Z,walk,2023-06-10T22:25:25Z,-8.05544181,-34.95507937,134,30
2023-06-10T21:59:02Z,walk,2023-06-10T22:25:26Z,-8.05544246,-34.95506271,134,31
2023-06-10T21:59:02Z,walk,2023-06-10T22:25:27Z,-8.05544346,-34.95504604,134,31
2023-06-10T21:59:02Z,walk,2023-06-10T22:25:28Z,-8.05544379,-34.95502937,134,27
2023-06-10T21:59:02Z,walk,2023-06-10T22:25:29Z,-8.05544379,-34.95501437,136,26
2023-06-10T21:59:02Z,walk,2023-06-10T22:25:30Z,-8.05544444,-34.95500205,136,26
2023-06-10T21:59:02Z,walk,2023-06-10T22:25:31Z,-8.05544644,-34.95499006,137,26
2023-06-10T21:59:02Z,walk,2023-06-10T22:25:32Z,-8.05544844,-34.95497706,137,26
2023-06-10T21:59:02Z,walk,2023-06-10T22:25:33Z,-8.05544978,-34.95496207,139,26
2023-06-10T21:59:02Z,walk,2023-06-10T22:25:34Z,-8.0554501,-34.95495107,140,30
2023-06-10T21:59:02Z,walk,2023-06-10T22:25:35Z,-8.05544978,-34.95494208,140,31
2023-06-10T21:59:02Z,walk,2023-06-10T22:25:36Z,-8.05544844,-34.95493342,140,32
2023-06-10T21:59:02Z,walk,2023-06-10T22:25:37Z,-8.05544678,-34.95492409,140,32
2023-06-10T21:59:02Z,walk,2023-06-10T22:25:38Z,-8.05544312,-34.9549151,140,32
2023-06-10T21:59:02Z,walk,2023-06-10T22:25:39Z,-8.05543846,-34.9549071,140,32
2023-06-10T21:59:02Z,walk,2023-06-10T22:25:40Z,-8.05543446,-34.95489778,140,32
2023-06-10T21:59:02Z,walk,2023-06-10T22:25:41Z,-8.05543314,-34.95488444,141,32
2023-06-10T21:59:02Z,walk,2023-06-10T22:25:42Z,-8.05543714,-34.95486511,141,32
2023-06-10T21:59:02Z,walk,2023-06-10T22:25:43Z,-8.05544013,-34.95484745,141,32
2023-06-10T21:59:02Z,walk,2023-06-10T22:25:44Z,-8.0554408,-34.95483213,141,32
2023-06-10T21:59:02Z,walk,2023-06-10T22:25:45Z,-8.05544179,-34.9548168,143,32
2023-06-10T21:59:02Z,walk,2023-06-10T22:25:46Z,-8.05544179,-34.95479981,144,32
2023-06-10T21:59:02Z,walk,2023-06-10T22:25:47Z,-8.05544244,-34.95478347,144,32
2023-06-10T21:59:02Z,walk,2023-06-10T22:25:48Z,-8.05544311,-34.95476715,144,32
2023-06-10T21:59:02Z,walk,2023-06-10T22:25:49Z,-8.05544344,-34.95475015,144,32
2023-06-10T21:59:02Z,walk,2023-06-10T22:25:50Z,-8.05544344,-34.95473316,144,32
2023-06-10T21:59:02Z,walk,2023-06-10T22:25:51Z,-8.05544377,-34.95471717,145,32
2023-06-10T21:59:02Z,walk,2023-06-10T22:25:52Z,-8.05544377,-34.95470117,146,32
2023-06-10T21:59:02Z,walk,2023-06-10T22:25:53Z,-8.05544377,-34.95468618,147,32
2023-06-10T21:59:02Z,walk,2023-06-10T22:25:54Z,-8.05544377,-34.95467186,147,32
2023-06-10T21:59:02Z,walk,2023-06-10T22:25:55Z,-8.05544442,-34.95465819,148,32
2023-06-10T21:59:02Z,walk,2023-06-10T22:25:56Z,-8.05544576,-34.95464452,148,32
2023-06-10T21:59:02Z,walk,2023-06-10T22:25:57Z,-8.05544909,-34.9546302,148,32
2023-06-10T21:59:02Z,walk,2023-06-10T22:25:58Z,-8.05545175,-34.95461487,149,32
2023-06-10T21:59:02Z,walk,2023-06-10T22:25:59Z,-8.05545341,-34.95459988,149,32
2023-06-10T21:59:02Z,walk,2023-06-10T22:26:00Z,-8.05545541,-34.95458588,148,32
2023-06-10T21:59:02Z,walk,2023-06-10T22:26:01Z,-8.05545707,-34.95457254,148,31
2023-06-10T21:59:02Z,walk,2023-06-10T22:26:02Z,-8.05545873,-34.95455854,148,31
2023-06-10T21:59:02Z,walk,2023-06-10T22:26:03Z,-8.05545973,-34.95454355,148,32
2023-06-10T21:59:02Z,walk,2023-06-10T22:26:04Z,-8.05546173,-34.95452823,148,32
2023-06-10T21:59:02Z,walk,2023-06-10T22:26:05Z,-8.05546405,-34.95451356,147,31
2023-06-10T21:59:02Z,walk,2023-06-10T22:26:06Z,-8.05546672,-34.9544999,147,31
2023-06-10T21:59:02Z,walk,2023-06-10T22:26:07Z,-8.05546804,-34.95448657,147,31
2023-06-10T21:59:02Z,walk,2023-06-10T22:26:08Z,-8.05547004,-34.95447357,147,31
2023-06-10T21:59:02Z,walk,2023-06-10T22:26:09Z,-8.0554727,-34.95446058,147,31
2023-06-10T21:59:02Z,walk,2023-06-10T22:26:10Z,-8.0554747,-34.95444692,146,31
2023-06-10T21:59:02Z,walk,2023-06-10T22:26:11Z,-8.05547602,-34.95443259,145,31
2023-06-10T21:59:02Z,walk,2023-06-10T22:26:12Z,-8.05547635,-34.95441893,145,31
2023-06-10T21:59:02Z,walk,2023-06-10T22:26:13Z,-8.05547668,-34.95440693,144,31
2023-06-10T21:59:02Z,walk,2023-06-10T22:26:14Z,-8.05547635,-34.95439594,144,31
2023-06-10T21:59:02Z,walk,2023-06-10T22:26:15Z,-8.05547602,-34.95438694,144,31
2023-06-10T21:59:02Z,walk,2023-06-10T22:26:16Z,-8.05547635,-34.95437995,144,31
2023-06-10T21:59:02Z,walk,2023-06-10T22:26:17Z,-8.05547734,-34.95437295,142,30
2023-06-10T21:59:02Z,walk,2023-06-10T22:26:18Z,-8.05547834,-34.95436562,141,31
2023-06-10T21:59:02Z,walk,2023-06-10T22:26:19Z,-8.05548,-34.95435562,142,31
2023-06-10T21:59:02Z,walk,2023-06-10T22:26:20Z,-8.055482,-34.95434297,142,31
2023-06-10T21:59:02Z,walk,2023-06-10T22:26:21Z,-8.05548399,-34.95432697,141,31
2023-06-10T21:59:02Z,walk,2023-06-10T22:26:22Z,-8.05548566,-34.9543073,140,31
2023-06-10T21:59:02Z,walk,2023-06-10T22:26:23Z,-8.05548731,-34.95428763,140,31
2023-06-10T21:59:02Z,walk,2023-06-10T22:26:24Z,-8.05548731,-34.95427064,139,31
2023-06-10T21:59:02Z,walk,2023-06-10T22:26:25Z,-8.05548765,-34.95425565,139,31
2023-06-10T21:59:02Z,walk,2023-06-10T22:26:26Z,-8.05548964,-34.95424265,138,31
2023-06-10T21:59:02Z,walk,2023-06-10T22:26:27Z,-8.05549229,-34.954231,138,31
2023-06-10T21:59:02Z,walk,2023-06-10T22:26:28Z,-8.05549429,-34.95421867,136,33
2023-06-10T21:59:02Z,walk,2023-06-10T22:26:29Z,-8.05549629,-34.95420501,135,34
2023-06-10T21:59:02Z,walk,2023-06-10T22:26:30Z,-8.05549763,-34.95419034,132,34
2023-06-10T21:59:02Z,walk,2023-06-10T22:26:31Z,-8.05549963,-34.95417368,132,34
2023-06-10T21:59:02Z,walk,2023-06-10T22:26:32Z,-8.05550262,-34.95415335,132,34
2023-06-10T21:59:02Z,walk,2023-06-10T22:26:33Z,-8.05550627,-34.95413269,132,34
2023-06-10T21:59:02Z,walk,2023-06-10T22:26:34Z,-8.05550993,-34.95411304,132,34
2023-06-10T21:59:02Z,walk,2023-06-10T22:26:35Z,-8.05551326,-34.95409637,132,34
2023-06-10T21:59:02Z,walk,2023-06-10T22:26:36Z,-8.0555166,-34.95408138,132,64
2023-06-10T21:59:02Z,walk,2023-06-10T22:26:37Z,-8.05551959,-34.95406738,131,64
2023-06-10T21:59:02Z,walk,2023-06-10T22:26:38Z,-8.05552159,-34.95405471,131,64
2023-06-10T21:59:02Z,walk,2023-06-10T22:26:39Z,-8.05552291,-34.95404239,131,64
2023-06-10T21:59:02Z,walk,2023-06-10T22:26:40Z,-8.05552358,-34.95402972,129,64
2023-06-10T21:59:02Z,walk,2023-06-10T22:26:41Z,-8.05552523,-34.9540164,128,64
2023-06-10T21:59:02Z,walk,2023-06-10T22:26:42Z,-8.05552657,-34.95400208,129,64
2023-06-10T21:59:02Z,walk,2023-06-10T22:26:43Z,-8.05552657,-34.95398574,129,64
2023-06-10T21:59:02Z,walk,2023-06-10T22:26:44Z,-8.0555269,-34.95396774,129,64
2023-06-10T21:59:02Z,walk,2023-06-10T22:26:45Z,-8.0555269,-34.95395042,129,64
2023-06-10T21:59:02Z,walk,2023-06-10T22:26:46Z,-8.05552789,-34.95393576,129,64
2023-06-10T21:59:02Z,walk,2023-06-10T22:26:47Z,-8.05552888,-34.95392144,130,64
2023-06-10T21:59:02Z,walk,2023-06-10T22:26:48Z,-8.05552822,-34.95390744,130,64
2023-06-10T21:59:02Z,walk,2023-06-10T22:26:49Z,-8.0555269,-34.95389278,130,64
2023-06-10T21:59:02Z,walk,2023-06-10T22:26:50Z,-8.0555229,-34.95387678,129,64
2023-06-10T21:59:02Z,walk,2023-06-10T22:26:51Z,-8.05551723,-34.95386146,129,64
2023-06-10T21:59:02Z,walk,2023-06-10T22:26:52Z,-8.05551023,-34.95384646,128,64
2023-06-10T21:59:02Z,walk,2023-06-10T22:26:53Z,-8.0555019,-34.95383246,128,64
2023-06-10T21:59:02Z,walk,2023-06-10T22:26:54Z,-8.05549324,-34.95382146,127,64
2023-06-10T21:59:02Z,walk,2023-06-10T22:26:55Z,-8.05548359,-34.95381247,127,64
2023-06-10T21:59:02Z,walk,2023-06-10T22:26:56Z,-8.05547259,-34.95380581,128,64
2023-06-10T21:59:02Z,walk,2023-06-10T22:26:57Z,-8.05546093,-34.95380148,128,64
2023-06-10T21:59:02Z,walk,2023-06-10T22:26:58Z,-8.05544761,-34.95379749,129,32
2023-06-10T21:59:02Z,walk,2023-06-10T22:26:59Z,-8.05543394,-34.95379349,129,32
2023-06-10T21:59:02Z,walk,2023-06-10T22:27:00Z,-8.05542062,-34.9537905,128,32
2023-06-10T21:59:02Z,walk,2023-06-10T22:27:01Z,-8.05540763,-34.95378817,128,32
2023-06-10T21:59:02Z,walk,2023-06-10T22:27:02Z,-8.05539429,-34.95378651,128,32
2023-06-10T21:59:02Z,walk,2023-06-10T22:27:03Z,-8.05538164,-34.95378184,128,32
2023-06-10T21:59:02Z,walk,2023-06-10T22:27:04Z,-8.0553723,-34.95377651,127,31
2023-06-10T21:59:02Z,walk,2023-06-10T22:27:05Z,-8.0553653,-34.95376919,127,31
2023-06-10T21:59:02Z,walk,2023-06-10T22:27:07Z,-8.0553473,-34.95373085,126,31
2023-06-10T21:59:02Z,walk,2023-06-10T22:27:08Z,-8.05534665,-34.95372653,126,31
2023-06-10T21:59:02Z,walk,2023-06-10T22:27:09Z,-8.05534399,-34.95372053,126,31
2023-06-10T21:59:02Z,walk,2023-06-10T22:27:10Z,-8.05533966,-34.95371354,126,31
2023-06-10T21:59:02Z,walk,2023-06-10T22:27:11Z,-8.05533367,-34.95370655,127,31
2023-06-10T21:59:02Z,walk,2023-06-10T22:27:12Z,-8.05532501,-34.95370055,127,31
2023-06-10T21:59:02Z,walk,2023-06-10T22:27:13Z,-8.05531501,-34.95369456,126,31
2023-06-10T21:59:02Z,walk,2023-06-10T22:27:14Z,-8.05530302,-34.9536899,126,31
2023-06-10T21:59:02Z,walk,2023-06-10T22:27:15Z,-8.05529035,-34.95368691,126,31
2023-06-10T21:59:02Z,walk,2023-06-10T22:27:16Z,-8.05527603,-34.95368391,126,31
2023-06-10T21:59:02Z,walk,2023-06-10T22:27:17Z,-8.0552617,-34.95367859,126,31
2023-06-10T21:59:02Z,walk,2023-06-10T22:27:18Z,-8.0552477,-34.95367092,127,31
2023-06-10T21:59:02Z,walk,2023-06-10T22:27:19Z,-8.05523437,-34.9536616,126,31
2023-06-10T21:59:02Z,walk,2023-06-10T22:27:20Z,-8.05522337,-34.95364993,126,31
2023-06-10T21:59:02Z,walk,2023-06-10T22:27:21Z,-8.05521205,-34.95363828,126,31
2023-06-10T21:59:02Z,walk,2023-06-10T22:27:22Z,-8.05520172,-34.95362662,126,31
2023-06-10T21:59:02Z,walk,2023-06-10T22:27:23Z,-8.05519106,-34.9536153,126,31
2023-06-10T21:59:02Z,walk,2023-06-10T22:27:24Z,-8.05518107,-34.95360463,125,31
2023-06-10T21:59:02Z,walk,2023-06-10T22:27:25Z,-8.05517307,-34.95359363,124,31
2023-06-10T21:59:02Z,walk,2023-06-10T22:27:26Z,-8.05516808,-34.95358331,123,31
2023-06-10T21:59:02Z,walk,2023-06-10T22:27:28Z,-8.05516409,-34.95353597,123,31
2023-06-10T21:59:02Z,walk,2023-06-10T22:27:29Z,-8.05516441,-34.95353131,123,31
2023-06-10T21:59:02Z,walk,2023-06-10T22:27:30Z,-8.05516474,-34.95352098,122,31
2023-06-10T21:59:02Z,walk,2023-06-10T22:27:31Z,-8.05516507,-34.95350698,122,31
2023-06-10T21:59:02Z,walk,2023-06-10T22:27:32Z,-8.05516574,-34.95349265,121,31
2023-06-10T21:59:02Z,walk,2023-06-10T22:27:33Z,-8.05516673,-34.95347865,121,31
2023-06-10T21:59:02Z,walk,2023-06-10T22:27:34Z,-8.05516673,-34.95346466,121,31
2023-06-10T21:59:02Z,walk,2023-06-10T22:27:35Z,-8.0551664,-34.95345099,122,31
2023-06-10T21:59:02Z,walk,2023-06-10T22:27:36Z,-8.05516508,-34.95343733,122,31
2023-06-10T21:59:02Z,walk,2023-06-10T22:27:37Z,-8.05516308,-34.95342366,123,32
2023-06-10T21:59:02Z,walk,2023-06-10T22:27:38Z,-8.05516076,-34.95340999,124,32
2023-06-10T21:59:02Z,walk,2023-06-10T22:27:39Z,-8.05515777,-34.95339666,123,31
2023-06-10T21:59:02Z,walk,2023-06-10T22:27:40Z,-8.0551551,-34.95338266,123,31
2023-06-10T21:59:02Z,walk,2023-06-10T22:27:41Z,-8.05515243,-34.953369,123,31
2023-06-10T21:59:02Z,walk,2023-06-10T22:27:42Z,-8.05514978,-34.953355,124,30
2023-06-10T21:59:02Z,walk,2023-06-10T22:27:43Z,-8.05514778,-34.95334034,123,30
2023-06-10T21:59:02Z,walk,2023-06-10T22:27:44Z,-8.05514612,-34.95332801,123,31
2023-06-10T21:59:02Z,walk,2023-06-10T22:27:45Z,-8.05514313,-34.95331869,122,30
2023-06-10T21:59:02Z,walk,2023-06-10T22:27:46Z,-8.05513913,-34.95331102,122,30
2023-06-10T21:59:02Z,walk,2023-06-10T22:27:47Z,-8.05513481,-34.95330569,122,31
2023-06-10T21:59:02Z,walk,2023-06-10T22:27:48Z,-8.05512948,-34.95330036,122,31
2023-06-10T21:59:02Z,walk,2023-06-10T22:27:49Z,-8.05512482,-34.95329269,122,31
2023-06-10T21:59:02Z,walk,2023-06-10T22:27:50Z,-8.05512148,-34.95328169,122,31
2023-06-10T21:59:02Z,walk,2023-06-10T22:27:51Z,-8.05511948,-34.9532667,122,31
2023-06-10T21:59:02Z,walk,2023-06-10T22:27:52Z,-8.05511816,-34.95324938,122,31
2023-06-10T21:59:02Z,walk,2023-06-10T22:27:53Z,-8.0551175,-34.95322971,123,31
2023-06-10T21:59:02Z,walk,2023-06-10T22:27:54Z,-8.0551175,-34.95321004,123,31
2023-06-10T21:59:02Z,walk,2023-06-10T22:27:55Z,-8.0551175,-34.95319104,123,31
2023-06-10T21:59:02Z,walk,2023-06-10T22:27:56Z,-8.0551175,-34.95317305,123,31
2023-06-10T21:59:02Z,walk,2023-06-10T22:27:57Z,-8.05511617,-34.95315639,123,31
2023-06-10T21:59:02Z,walk,2023-06-10T22:27:58Z,-8.05511485,-34.9531414,123,31
2023-06-10T21:59:02Z,walk,2023-06-10T22:27:59Z,-8.05511352,-34.95312806,123,31
2023-06-10T21:59:02Z,walk,2023-06-10T22:28:00Z,-8.05511319,-34.95311473,122,31
2023-06-10T21:59:02Z,walk,2023-06-10T22:28:01Z,-8.05511451,-34.9531014,123,31
2023-06-10T21:59:02Z,walk,2023-06-10T22:28:02Z,-8.05511718,-34.95308674,123,32
2023-06-10T21:59:02Z,walk,2023-06-10T22:28:03Z,-8.0551195,-34.95307108,123,31
2023-06-10T21:59:02Z,walk,2023-06-10T22:28:04Z,-8.05511918,-34.95305409,123,31
2023-06-10T21:59:02Z,walk,2023-06-10T22:28:05Z,-8.05511818,-34.9530371,123,30
2023-06-10T21:59:02Z,walk,2023-06-10T22:28:06Z,-8.05511352,-34.95302144,123,31
2023-06-10T21:59:02Z,walk,2023-06-10T22:28:07Z,-8.05510886,-34.95300711,124,32
2023-06-10T21:59:02Z,walk,2023-06-10T22:28:08Z,-8.05510486,-34.95299345,123,31
2023-06-10T21:59:02Z,walk,2023-06-10T22:28:09Z,-8.05510253,-34.95297912,123,31
2023-06-10T21:59:02Z,walk,2023-06-10T22:28:10Z,-8.0550992,-34.95296546,123,31
2023-06-10T21:59:02Z,walk,2023-06-10T22:28:11Z,-8.05509421,-34.95295212,123,31
2023-06-10T21:59:02Z,walk,2023-06-10T22:28:12Z,-8.05508922,-34.95293812,122,32
2023-06-10T21:59:02Z,walk,2023-06-10T22:28:13Z,-8.0550849,-34.95292313,122,31
2023-06-10T21:59:02Z,walk,2023-06-10T22:28:14Z,-8.0550809,-34.95290913,122,31
2023-06-10T21:59:02Z,walk,2023-06-10T22:28:15Z,-8.05507956,-34.95289513,122,31
2023-06-10T21:59:02Z,walk,2023-06-10T22:28:16Z,-8.05507824,-34.95288048,122,31
2023-06-10T21:59:02Z,walk,2023-06-10T22:28:17Z,-8.05507658,-34.95286648,122,31
2023-06-10T21:59:02Z,walk,2023-06-10T22:28:18Z,-8.05507458,-34.95285449,123,31
2023-06-10T21:59:02Z,walk,2023-06-10T22:28:19Z,-8.05507293,-34.95284349,124,31
2023-06-10T21:59:02Z,walk,2023-06-10T22:28:20Z,-8.05507226,-34.95283282,126,31
2023-06-10T21:59:02Z,walk,2023-06-10T22:28:21Z,-8.05507226,-34.95282182,127,31
2023-06-10T21:59:02Z,walk,2023-06-10T22:28:22Z,-8.05507293,-34.9528095,127,31
2023-06-10T21:59:02Z,walk,2023-06-10T22:28:23Z,-8.05507493,-34.9527965,127,31
2023-06-10T21:59:02Z,walk,2023-06-10T22:28:24Z,-8.05507725,-34.95278316,128,31
2023-06-10T21:59:02Z,walk,2023-06-10T22:28:25Z,-8.05507957,-34.95276984,126,31
2023-06-10T21:59:02Z,walk,2023-06-10T22:28:26Z,-8.05508157,-34.95275617,125,31
2023-06-10T21:59:02Z,walk,2023-06-10T22:28:27Z,-8.05508291,-34.95274551,125,31
2023-06-10T21:59:02Z,walk,2023-06-10T22:28:28Z,-8.05508423,-34.95273584,125,31
2023-06-10T21:59:02Z,walk,2023-06-10T22:28:29Z,-8.05508589,-34.95272552,124,31
2023-06-10T21:59:02Z,walk,2023-06-10T22:28:30Z,-8.05508755,-34.95271386,123,31
2023-06-10T21:59:02Z,walk,2023-06-10T22:28:31Z,-8.05509021,-34.95270119,123,31
2023-06-10T21:59:02Z,walk,2023-06-10T22:28:32Z,-8.05509354,-34.95268854,123,31
2023-06-10T21:59:02Z,walk,2023-06-10T22:28:33Z,-8.05509754,-34.9526752,123,31
2023-06-10T21:59:02Z,walk,2023-06-10T22:28:34Z,-8.05510088,-34.9526612,123,31
2023-06-10T21:59:02Z,walk,2023-06-10T22:28:35Z,-8.05510287,-34.95264655,124,31
2023-06-10T21:59:02Z,walk,2023-06-10T22:28:36Z,-8.05510487,-34.95263055,124,31
2023-06-10T21:59:02Z,walk,2023-06-10T22:28:37Z,-8.05510853,-34.95261322,124,31
2023-06-10T21:59:02Z,walk,2023-06-10T22:28:38Z,-8.05511287,-34.95259389,124,32
2023-06-10T21:59:02Z,walk,2023-06-10T22:28:39Z,-8.05511819,-34.95257489,124,32
2023-06-10T21:59:02Z,walk,2023-06-10T22:28:40Z,-8.05512352,-34.95255723,124,32
2023-06-10T21:59:02Z,walk,2023-06-10T22:28:41Z,-8.05512752,-34.9525409,124,32
2023-06-10T21:59:02Z,walk,2023-06-10T22:28:42Z,-8.05513018,-34.95252624,124,32
2023-06-10T21:59:02Z,walk,2023-06-10T22:28:43Z,-8.05513251,-34.95251159,124,31
2023-06-10T21:59:02Z,walk,2023-06-10T22:28:44Z,-8.05513451,-34.95249659,121,31
2023-06-10T21:59:02Z,walk,2023-06-10T22:28:45Z,-8.05513651,-34.95248126,120,31
2023-06-10T21:59:02Z,walk,2023-06-10T22:28:46Z,-8.0551395,-34.95246293,119,31
2023-06-10T21:59:02Z,walk,2023-06-10T22:28:47Z,-8.05514316,-34.95244561,119,31
2023-06-10T21:59:02Z,walk,2023-06-10T22:28:47Z,-8.05514682,-34.95242862,119,31
2023-06-10T21:59:02Z,walk,2023-06-10T22:28:48Z,-8.05515082,-34.95241429,119,31
2023-06-10T21:59:02Z,walk,2023-06-10T22:28:49Z,-8.05515514,-34.95239964,119,31
2023-06-10T21:59:02Z,walk,2023-06-10T22:28:50Z,-8.05515847,-34.95238597,119,31
2023-06-10T21:59:02Z,walk,2023-06-10T22:28:51Z,-8.0551618,-34.95237298,119,31
2023-06-10T21:59:02Z,walk,2023-06-10T22:28:52Z,-8.0551658,-34.95235965,119,31
2023-06-10T21:59:02Z,walk,2023-06-10T22:28:53Z,-8.0551698,-34.95234698,119,31
2023-06-10T21:59:02Z,walk,2023-06-10T22:28:54Z,-8.05517279,-34.95233432,119,30
2023-06-10T21:59:02Z,walk,2023-06-10T22:28:55Z,-8.05517479,-34.95232132,119,30
2023-06-10T21:59:02Z,walk,2023-06-10T22:28:56Z,-8.05517778,-34.952307,119,30
2023-06-10T21:59:02Z,walk,2023-06-10T22:28:57Z,-8.05518311,-34.95229268,119,30
2023-06-10T21:59:02Z,walk,2023-06-10T22:28:58Z,-8.05518977,-34.95227802,118,30
2023-06-10T21:59:02Z,walk,2023-06-10T22:28:59Z,-8.05519877,-34.95226269,118,30
2023-06-10T21:59:02Z,walk,2023-06-10T22:29:00Z,-8.05520942,-34.9522457,118,30
2023-06-10T21:59:02Z,walk,2023-06-10T22:29:01Z,-8.05522076,-34.95222837,118,30
2023-06-10T21:59:02Z,walk,2023-06-10T22:29:02Z,-8.05523142,-34.95221171,119,30
2023-06-10T21:59:02Z,walk,2023-06-10T22:29:03Z,-8.05524041,-34.95219638,119,30
2023-06-10T21:59:02Z,walk,2023-06-10T22:29:04Z,-8.05524708,-34.95218005,120,30
2023-06-10T21:59:02Z,walk,2023-06-10T22:29:05Z,-8.05525207,-34.95216405,121,30
2023-06-10T21:59:02Z,walk,2023-06-10T22:29:06Z,-8.05525473,-34.95214772,120,30
2023-06-10T21:59:02Z,walk,2023-06-10T22:29:07Z,-8.05525605,-34.95213306,120,30
2023-06-10T21:59:02Z,walk,2023-06-10T22:29:08Z,-8.05525772,-34.95211874,121,30
2023-06-10T21:59:02Z,walk,2023-06-10T22:29:09Z,-8.05525971,-34.95210441,122,30
2023-06-10T21:59:02Z,walk,2023-06-10T22:29:10Z,-8.05526204,-34.95208976,122,30
2023-06-10T21:59:02Z,walk,2023-06-10T22:29:11Z,-8.05526336,-34.95207543,123,30
2023-06-10T21:59:02Z,walk,2023-06-10T22:29:12Z,-8.05526336,-34.95206111,122,30
2023-06-10T21:59:02Z,walk,2023-06-10T22:29:13Z,-8.05526303,-34.95204644,121,30
2023-06-10T21:59:02Z,walk,2023-06-10T22:29:14Z,-8.05526171,-34.95203279,121,30
2023-06-10T21:59:02Z,walk,2023-06-10T22:29:15Z,-8.05525905,-34.95202012,121,30
2023-06-10T21:59:02Z,walk,2023-06-10T22:29:16Z,-8.05525572,-34.9520108,121,30
2023-06-10T21:59:02Z,walk,2023-06-10T22:29:17Z,-8.05525039,-34.9520028,121,31
2023-06-10T21:59:02Z,walk,2023-06-10T22:29:18Z,-8.05524373,-34.95199681,121,31
2023-06-10T21:59:02Z,walk,2023-06-10T22:29:19Z,-8.05523939,-34.95199114,121,31
2023-06-10T21:59:02Z,walk,2023-06-10T22:29:20Z,-8.05523807,-34.95198314,121,31
2023-06-10T21:59:02Z,walk,2023-06-10T22:29:21Z,-8.05524073,-34.95197247,121,31
2023-06-10T21:59:02Z,walk,2023-06-10T22:29:22Z,-8.05524506,-34.95196181,121,31
2023-06-10T21:59:02Z,walk,2023-06-10T22:29:23Z,-8.05524772,-34.95194915,122,31
2023-06-10T21:59:02Z,walk,2023-06-10T22:29:24Z,-8.05525138,-34.95193183,123,31
2023-06-10T21:59:02Z,walk,2023-06-10T22:29:25Z,-8.05525437,-34.95191583,123,31
2023-06-10T21:59:02Z,walk,2023-06-10T22:29:26Z,-8.05525637,-34.95190084,123,31
2023-06-10T21:59:02Z,walk,2023-06-10T22:29:27Z,-8.05525904,-34.9518855,124,31
2023-06-10T21:59:02Z,walk,2023-06-10T22:29:28Z,-8.05526104,-34.95187118,124,31
2023-06-10T21:59:02Z,walk,2023-06-10T22:29:29Z,-8.05526236,-34.95185819,124,31
2023-06-10T21:59:02Z,walk,2023-06-10T22:29:30Z,-8.05526302,-34.95184486,124,31
2023-06-10T21:59:02Z,walk,2023-06-10T22:29:31Z,-8.0552617,-34.95183352,123,31
2023-06-10T21:59:02Z,walk,2023-06-10T22:29:32Z,-8.05526071,-34.95182119,122,32
2023-06-10T21:59:02Z,walk,2023-06-10T22:29:33Z,-8.05526071,-34.95180887,121,31
2023-06-10T21:59:02Z,walk,2023-06-10T22:29:34Z,-8.05526004,-34.95179421,121,31
2023-06-10T21:59:02Z,walk,2023-06-10T22:29:35Z,-8.05525872,-34.95177689,121,31
2023-06-10T21:59:02Z,walk,2023-06-10T22:29:36Z,-8.05525937,-34.95175922,122,32
2023-06-10T21:59:02Z,walk,2023-06-10T22:29:37Z,-8.05526071,-34.9517409,125,32
2023-06-10T21:59:02Z,walk,2023-06-10T22:29:38Z,-8.05526271,-34.9517229,127,32
2023-06-10T21:59:02Z,walk,2023-06-10T22:29:39Z,-8.05526536,-34.95170323,128,32
2023-06-10T21:59:02Z,walk,2023-06-10T22:29:40Z,-8.05526802,-34.95168257,128,32
2023-06-10T21:59:02Z,walk,2023-06-10T22:29:41Z,-8.05526902,-34.95166091,128,32
2023-06-10T21:59:02Z,walk,2023-06-10T22:29:42Z,-8.0552677,-34.95164092,128,31
2023-06-10T21:59:02Z,walk,2023-06-10T22:29:43Z,-8.05526336,-34.95162026,128,31
2023-06-10T21:59:02Z,walk,2023-06-10T22:29:44Z,-8.05525803,-34.95160027,128,31
2023-06-10T21:59:02Z,walk,2023-06-10T22:29:45Z,-8.05525271,-34.95158094,128,31
2023-06-10T21:59:02Z,walk,2023-06-10T22:29:46Z,-8.05524771,-34.9515616,128,31
2023-06-10T21:59:02Z,walk,2023-06-10T22:29:47Z,-8.05524272,-34.95154361,128,31
2023-06-10T21:59:02Z,walk,2023-06-10T22:29:48Z,-8.05523773,-34.95152695,128,31
2023-06-10T21:59:02Z,walk,2023-06-10T22:29:49Z,-8.0552324,-34.95151161,128,31
2023-06-10T21:59:02Z,walk,2023-06-10T22:29:50Z,-8.05522741,-34.95149729,127,64
2023-06-10T21:59:02Z,walk,2023-06-10T22:29:51Z,-8.05522375,-34.9514843,127,64
2023-06-10T21:59:02Z,walk,2023-06-10T22:29:52Z,-8.05522042,-34.95147298,127,64
2023-06-10T21:59:02Z,walk,2023-06-10T22:29:53Z,-8.05521842,-34.95146164,127,64
2023-06-10T21:59:02Z,walk,2023-06-10T22:29:54Z,-8.05521842,-34.95144998,126,64
2023-06-10T21:59:02Z,walk,2023-06-10T22:29:55Z,-8.05521909,-34.95143732,125,64
2023-06-10T21:59:02Z,walk,2023-06-10T22:29:56Z,-8.05522008,-34.95142233,124,64
2023-06-10T21:59:02Z,walk,2023-06-10T22:29:57Z,-8.05522041,-34.951405,124,64
2023-06-10T21:59:02Z,walk,2023-06-10T22:29:58Z,-8.05522041,-34.95138801,124,64
2023-06-10T21:59:02Z,walk,2023-06-10T22:29:59Z,-8.05522008,-34.95137168,124,64
2023-06-10T21:59:02Z,walk,2023-06-10T22:30:00Z,-8.05521909,-34.95135635,124,64
2023-06-10T21:59:02Z,walk,2023-06-10T22:30:01Z,-8.05521676,-34.95134235,124,64
2023-06-10T21:59:02Z,walk,2023-06-10T22:30:02Z,-8.05521477,-34.95133003,123,64
2023-06-10T21:59:02Z,walk,2023-06-10T22:30:03Z,-8.05521177,-34.95131969,123,64
2023-06-10T21:59:02Z,walk,2023-06-10T22:30:04Z,-8.05520977,-34.95130936,123,64
2023-06-10T21:59:02Z,walk,2023-06-10T22:30:05Z,-8.0552101,-34.95129737,123,64
2023-06-10T21:59:02Z,walk,2023-06-10T22:30:06Z,-8.0552081,-34.95128337,122,64
2023-06-10T21:59:02Z,walk,2023-06-10T22:30:07Z,-8.05520411,-34.95126905,122,64
2023-06-10T21:59:02Z,walk,2023-06-10T22:30:08Z,-8.05520111,-34.95125406,122,64
2023-06-10T21:59:02Z,walk,2023-06-10T22:30:09Z,-8.05519979,-34.95123906,122,64
2023-06-10T21:59:02Z,walk,2023-06-10T22:30:10Z,-8.05519912,-34.9512234,122,64
2023-06-10T21:59:02Z,walk,2023-06-10T22:30:11Z,-8.05519912,-34.95120874,123,64
2023-06-10T21:59:02Z,walk,2023-06-10T22:30:12Z,-8.05519945,-34.95119774,124,31
2023-06-10T21:59:02Z,walk,2023-06-10T22:30:13Z,-8.05520145,-34.95119142,125,31
2023-06-10T21:59:02Z,walk,2023-06-10T22:30:14Z,-8.05520511,-34.95118809,125,32
2023-06-10T21:59:02Z,walk,2023-06-10T22:30:15Z,-8.05520943,-34.95118643,126,32
2023-06-10T21:59:02Z,walk,2023-06-10T22:30:16Z,-8.05521442,-34.95118543,125,32
2023-06-10T21:59:02Z,walk,2023-06-10T22:30:17Z,-8.05521909,-34.95118077,125,32
2023-06-10T21:59:02Z,walk,2023-06-10T22:30:18Z,-8.05522242,-34.95117577,125,32
2023-06-10T21:59:02Z,walk,2023-06-10T22:30:19Z,-8.05522442,-34.95116877,125,31
2023-06-10T21:59:02Z,walk,2023-06-10T22:30:20Z,-8.05522376,-34.95115878,126,31
2023-06-10T21:59:02Z,walk,2023-06-10T22:30:21Z,-8.05522277,-34.95114545,127,32
2023-06-10T21:59:02Z,walk,2023-06-10T22:30:22Z,-8.0552221,-34.95113178,127,32
2023-06-10T21:59:02Z,walk,2023-06-10T22:30:23Z,-8.05522143,-34.95111979,127,32
2023-06-10T21:59:02Z,walk,2023-06-10T22:30:24Z,-8.05522011,-34.95110814,127,32
2023-06-10T21:59:02Z,walk,2023-06-10T22:30:25Z,-8.05521745,-34.95109615,127,32
2023-06-10T21:59:02Z,walk,2023-06-10T22:30:26Z,-8.05521545,-34.95108381,127,32
2023-06-10T21:59:02Z,walk,2023-06-10T22:30:27Z,-8.05521379,-34.95106849,127,32
2023-06-10T21:59:02Z,walk,2023-06-10T22:30:28Z,-8.05521312,-34.95105249,127,32
2023-06-10T21:59:02Z,walk,2023-06-10T22:30:29Z,-8.05521412,-34.95103582,127,32
2023-06-10T21:59:02Z,walk,2023-06-10T22:30:30Z,-8.05521511,-34.95102017,127,32
2023-06-10T21:59:02Z,walk,2023-06-10T22:30:31Z,-8.05521744,-34.95100383,127,32
2023-06-10T21:59:02Z,walk,2023-06-10T22:30:32Z,-8.0552191,-34.9509855,127,32
2023-06-10T21:59:02Z,walk,2023-06-10T22:30:33Z,-8.05522076,-34.95096684,127,32
2023-06-10T21:59:02Z,walk,2023-06-10T22:30:34Z,-8.05522276,-34.95094618,127,32
2023-06-10T21:59:02Z,walk,2023-06-10T22:30:35Z,-8.05522575,-34.95092319,127,32
2023-06-10T21:59:02Z,walk,2023-06-10T22:30:36Z,-8.05523007,-34.95090253,128,64
2023-06-10T21:59:02Z,walk,2023-06-10T22:30:37Z,-8.05523474,-34.95088254,130,64
2023-06-10T21:59:02Z,walk,2023-06-10T22:30:38Z,-8.0552394,-34.95086221,130,64
2023-06-10T21:59:02Z,walk,2023-06-10T22:30:39Z,-8.05524306,-34.95084188,130,63
2023-06-10T21:59:02Z,walk,2023-06-10T22:30:40Z,-8.05524706,-34.95082255,130,64
2023-06-10T21:59:02Z,walk,2023-06-10T22:30:41Z,-8.05525105,-34.95080389,130,64
2023-06-10T21:59:02Z,walk,2023-06-10T22:30:42Z,-8.05525505,-34.95078623,130,64
2023-06-10T21:59:02Z,walk,2023-06-10T22:30:43Z,-8.05525971,-34.95076624,130,63
2023-06-10T21:59:02Z,walk,2023-06-10T22:30:44Z,-8.05526537,-34.95074558,131,64
2023-06-10T21:59:02Z,walk,2023-06-10T22:30:45Z,-8.05527203,-34.95072691,131,63
2023-06-10T21:59:02Z,walk,2023-06-10T22:30:46Z,-8.05527803,-34.95070759,131,63
2023-06-10T21:59:02Z,walk,2023-06-10T22:30:47Z,-8.05528535,-34.95068992,131,63
2023-06-10T21:59:02Z,walk,2023-06-10T22:30:48Z,-8.05529135,-34.95067527,131,62
2023-06-10T21:59:02Z,walk,2023-06-10T22:30:49Z,-8.05529668,-34.95066193,131,63
2023-06-10T21:59:02Z,walk,2023-06-10T22:30:50Z,-8.05530433,-34.95065061,130,63
2023-06-10T21:59:02Z,walk,2023-06-10T22:30:51Z,-8.05531033,-34.95063829,127,63
2023-06-10T21:59:02Z,walk,2023-06-10T22:30:52Z,-8.05531532,-34.95062529,126,63
2023-06-10T21:59:02Z,walk,2023-06-10T22:30:53Z,-8.05531966,-34.95061096,126,63
2023-06-10T21:59:02Z,walk,2023-06-10T22:30:54Z,-8.05532432,-34.95059696,125,63
2023-06-10T21:59:02Z,walk,2023-06-10T22:30:55Z,-8.05532866,-34.95058497,125,63
2023-06-10T21:59:02Z,walk,2023-06-10T22:30:56Z,-8.05533198,-34.95057298,127,63
2023-06-10T21:59:02Z,walk,2023-06-10T22:30:57Z,-8.05533365,-34.95056265,128,63
2023-06-10T21:59:02Z,walk,2023-06-10T22:30:58Z,-8.0553353,-34.95055432,127,63
2023-06-10T21:59:02Z,walk,2023-06-10T22:30:59Z,-8.05533797,-34.95054466,127,63
2023-06-10T21:59:02Z,walk,2023-06-10T22:31:00Z,-8.05534163,-34.95053334,127,63
2023-06-10T21:59:02Z,walk,2023-06-10T22:31:01Z,-8.05534462,-34.95051967,127,63
2023-06-10T21:59:02Z,walk,2023-06-10T22:31:02Z,-8.05534928,-34.950504,127,63
2023-06-10T21:59:02Z,walk,2023-06-10T22:31:03Z,-8.05535395,-34.95048901,128,63
2023-06-10T21:59:02Z,walk,2023-06-10T22:31:04Z,-8.05535827,-34.95047301,128,63
2023-06-10T21:59:02Z,walk,2023-06-10T22:31:05Z,-8.05536227,-34.95045802,128,63
2023-06-10T21:59:02Z,walk,2023-06-10T22:31:06Z,-8.05536427,-34.95044337,128,63
2023-06-10T21:59:02Z,walk,2023-06-10T22:31:07Z,-8.05536593,-34.9504277,128,30
2023-06-10T21:59:02Z,walk,2023-06-10T22:31:08Z,-8.05536725,-34.95041271,130,30
2023-06-10T21:59:02Z,walk,2023-06-10T22:31:09Z,-8.05536824,-34.95039871,131,30
2023-06-10T21:59:02Z,walk,2023-06-10T22:31:10Z,-8.05536891,-34.95038604,131,30
2023-06-10T21:59:02Z,walk,2023-06-10T22:31:11Z,-8.05536891,-34.95037372,131,30
2023-06-10T21:59:02Z,walk,2023-06-10T22:31:12Z,-8.05536824,-34.95036173,130,30
2023-06-10T21:59:02Z,walk,2023-06-10T22:31:13Z,-8.05536792,-34.95034973,129,30
2023-06-10T21:59:02Z,walk,2023-06-10T22:31:14Z,-8.05536725,-34.95033741,127,30
2023-06-10T21:59:02Z,walk,2023-06-10T22:31:15Z,-8.05536559,-34.95032508,127,62
2023-06-10T21:59:02Z,walk,2023-06-10T22:31:16Z,-8.05536326,-34.95031308,127,63
2023-06-10T21:59:02Z,walk,2023-06-10T22:31:17Z,-8.05536126,-34.95030143,127,63
2023-06-10T21:59:02Z,walk,2023-06-10T22:31:18Z,-8.05535894,-34.95028843,127,63
2023-06-10T21:59:02Z,walk,2023-06-10T22:31:19Z,-8.05535494,-34.95027544,127,63
2023-06-10T21:59:02Z,walk,2023-06-10T22:31:20Z,-8.05535062,-34.9502621,128,63
2023-06-10T21:59:02Z,walk,2023-06-10T22:31:21Z,-8.05534696,-34.95024844,129,63
2023-06-10T21:59:02Z,walk,2023-06-10T22:31:22Z,-8.05534363,-34.95023578,129,63
2023-06-10T21:59:02Z,walk,2023-06-10T22:31:23Z,-8.05534029,-34.95022379,129,63
2023-06-10T21:59:02Z,walk,2023-06-10T22:31:24Z,-8.05533664,-34.95021212,129,63
2023-06-10T21:59:02Z,walk,2023-06-10T22:31:25Z,-8.05533365,-34.95020013,129,63
2023-06-10T21:59:02Z,walk,2023-06-10T22:31:26Z,-8.05532931,-34.95018814,129,63
2023-06-10T21:59:02Z,walk,2023-06-10T22:31:27Z,-8.05532465,-34.95017514,128,63
2023-06-10T21:59:02Z,walk,2023-06-10T22:31:28Z,-8.05531966,-34.95016215,128,61
2023-06-10T21:59:02Z,walk,2023-06-10T22:31:29Z,-8.05531433,-34.95014949,128,61
2023-06-10T21:59:02Z,walk,2023-06-10T22:31:30Z,-8.05530933,-34.95013683,129,61
2023-06-10T21:59:02Z,walk,2023-06-10T22:31:31Z,-8.05530534,-34.95012316,128,62
2023-06-10T21:59:02Z,walk,2023-06-10T22:31:32Z,-8.05530201,-34.9501095,126,61
2023-06-10T21:59:02Z,walk,2023-06-10T22:31:33Z,-8.05530035,-34.9500955,124,61
2023-06-10T21:59:02Z,walk,2023-06-10T22:31:34Z,-8.05529903,-34.95008084,123,60
2023-06-10T21:59:02Z,walk,2023-06-10T22:31:35Z,-8.05529836,-34.95006484,123,60
2023-06-10T21:59:02Z,walk,2023-06-10T22:31:36Z,-8.05529736,-34.95004851,123,62
2023-06-10T21:59:02Z,walk,2023-06-10T22:31:37Z,-8.05529471,-34.95003385,123,63
2023-06-10T21:59:02Z,walk,2023-06-10T22:31:38Z,-8.05528938,-34.95002186,123,63
2023-06-10T21:59:02Z,walk,2023-06-10T22:31:39Z,-8.05528205,-34.95001153,123,62
2023-06-10T21:59:02Z,walk,2023-06-10T22:31:40Z,-8.05527339,-34.95000187,123,62
2023-06-10T21:59:02Z,walk,2023-06-10T22:31:41Z,-8.05526374,-34.9499952,124,62
2023-06-10T21:59:02Z,walk,2023-06-10T22:31:42Z,-8.05525341,-34.94999155,124,62
2023-06-10T21:59:02Z,walk,2023-06-10T22:31:43Z,-8.05524142,-34.94999056,125,62
2023-06-10T21:59:02Z,walk,2023-06-10T22:31:44Z,-8.0552281,-34.94999155,125,62
2023-06-10T21:59:02Z,walk,2023-06-10T22:31:45Z,-8.0552141,-34.94999187,126,62
2023-06-10T21:59:02Z,walk,2023-06-10T22:31:46Z,-8.05520043,-34.94998954,126,62
2023-06-10T21:59:02Z,walk,2023-06-10T22:31:47Z,-8.05518778,-34.94998488,126,62
2023-06-10T21:59:02Z,walk,2023-06-10T22:31:48Z,-8.05517579,-34.94997955,126,62
2023-06-10T21:59:02Z,walk,2023-06-10T22:31:49Z,-8.0551638,-34.94997221,126,62
2023-06-10T21:59:02Z,walk,2023-06-10T22:31:50Z,-8.05515113,-34.94996356,127,62
2023-06-10T21:59:02Z,walk,2023-06-10T22:31:51Z,-8.05513747,-34.94995157,128,62
2023-06-10T21:59:02Z,walk,2023-06-10T22:31:52Z,-8.05512248,-34.9499379,128,62
2023-06-10T21:59:02Z,walk,2023-06-10T22:31:53Z,-8.05510815,-34.94992457,128,62
2023-06-10T21:59:02Z,walk,2023-06-10T22:31:54Z,-8.05509383,-34.94991224,128,62
2023-06-10T21:59:02Z,walk,2023-06-10T22:31:55Z,-8.05507949,-34.94990025,129,62
2023-06-10T21:59:02Z,walk,2023-06-10T22:31:56Z,-8.05506784,-34.94988825,128,63
2023-06-10T21:59:02Z,walk,2023-06-10T22:31:57Z,-8.05505617,-34.94987793,126,63
2023-06-10T21:59:02Z,walk,2023-06-10T22:31:58Z,-8.05504418,-34.94986993,126,64
2023-06-10T21:59:02Z,walk,2023-06-10T22:31:59Z,-8.05503151,-34.94986593,126,65
2023-06-10T21:59:02Z,walk,2023-06-10T22:32:00Z,-8.05501985,-34.9498636,126,65
2023-06-10T21:59:02Z,walk,2023-06-10T22:32:01Z,-8.05500919,-34.94986261,126,65
2023-06-10T21:59:02Z,walk,2023-06-10T22:32:02Z,-8.0549972,-34.94986394,126,65
2023-06-10T21:59:02Z,walk,2023-06-10T22:32:03Z,-8.05498453,-34.9498646,126,65
2023-06-10T21:59:02Z,walk,2023-06-10T22:32:04Z,-8.05497188,-34.9498636,127,65
2023-06-10T21:59:02Z,walk,2023-06-10T22:32:05Z,-8.05495889,-34.94985761,128,65
2023-06-10T21:59:02Z,walk,2023-06-10T22:32:06Z,-8.05494589,-34.94985095,128,65
2023-06-10T21:59:02Z,walk,2023-06-10T22:32:07Z,-8.0549339,-34.94984595,128,31
2023-06-10T21:59:02Z,walk,2023-06-10T22:32:08Z,-8.05492191,-34.94984196,129,31
2023-06-10T21:59:02Z,walk,2023-06-10T22:32:09Z,-8.05490992,-34.94983763,129,31
2023-06-10T21:59:02Z,walk,2023-06-10T22:32:10Z,-8.05489759,-34.94983263,129,31
2023-06-10T21:59:02Z,walk,2023-06-10T22:32:11Z,-8.05488494,-34.94982696,129,31
2023-06-10T21:59:02Z,walk,2023-06-10T22:32:12Z,-8.0548726,-34.94982197,129,31
2023-06-10T21:59:02Z,walk,2023-06-10T22:32:13Z,-8.05486061,-34.94981664,129,31
2023-06-10T21:59:02Z,walk,2023-06-10T22:32:14Z,-8.05484862,-34.94981197,129,31
2023-06-10T21:59:02Z,walk,2023-06-10T22:32:15Z,-8.05483629,-34.94981031,129,31
2023-06-10T21:59:02Z,walk,2023-06-10T22:32:16Z,-8.05482463,-34.94980998,129,32
2023-06-10T21:59:02Z,walk,2023-06-10T22:32:17Z,-8.0548123,-34.94980832,128,32
2023-06-10T21:59:02Z,walk,2023-06-10T22:32:18Z,-8.05480098,-34.94980299,128,32
2023-06-10T21:59:02Z,walk,2023-06-10T22:32:19Z,-8.05478899,-34.94979732,127,32
2023-06-10T21:59:02Z,walk,2023-06-10T22:32:20Z,-8.05477632,-34.94979167,126,31
2023-06-10T21:59:02Z,walk,2023-06-10T22:32:21Z,-8.05476266,-34.94978801,125,31
2023-06-10T21:59:02Z,walk,2023-06-10T22:32:22Z,-8.05474767,-34.94978301,124,31
2023-06-10T21:59:02Z,walk,2023-06-10T22:32:23Z,-8.05473201,-34.94977669,124,31
2023-06-10T21:59:02Z,walk,2023-06-10T22:32:24Z,-8.05471668,-34.94977202,124,31
2023-06-10T21:59:02Z,walk,2023-06-10T22:32:25Z,-8.05470402,-34.94976769,124,31
2023-06-10T21:59:02Z,walk,2023-06-10T22:32:26Z,-8.05469203,-34.94976202,123,31
2023-06-10T21:59:02Z,walk,2023-06-10T22:32:27Z,-8.05468069,-34.94975403,123,31
2023-06-10T21:59:02Z,walk,2023-06-10T22:32:28Z,-8.05466937,-34.94974503,123,31
2023-06-10T21:59:02Z,walk,2023-06-10T22:32:29Z,-8.05465738,-34.94973637,124,31
2023-06-10T21:59:02Z,walk,2023-06-10T22:32:30Z,-8.05464471,-34.94972804,124,31
2023-06-10T21:59:02Z,walk,2023-06-10T22:32:31Z,-8.05463305,-34.94972072,124,31
2023-06-10T21:59:02Z,walk,2023-06-10T22:32:32Z,-8.05462306,-34.94971405,124,31
2023-06-10T21:59:02Z,walk,2023-06-10T22:32:33Z,-8.05461307,-34.94970838,123,31
2023-06-10T21:59:02Z,walk,2023-06-10T22:32:34Z,-8.05460373,-34.94970373,123,64
2023-06-10T21:59:02Z,walk,2023-06-10T22:32:35Z,-8.05459408,-34.94969873,123,61
2023-06-10T21:59:02Z,walk,2023-06-10T22:32:36Z,-8.05458375,-34.94969406,123,61
2023-06-10T21:59:02Z,walk,2023-06-10T22:32:37Z,-8.05457242,-34.94968974,123,61
2023-06-10T21:59:02Z,walk,2023-06-10T22:32:38Z,-8.05455975,-34.94968507,123,63
2023-06-10T21:59:02Z,walk,2023-06-10T22:32:39Z,-8.0545461,-34.9496824,123,63
2023-06-10T21:59:02Z,walk,2023-06-10T22:32:40Z,-8.05453343,-34.94967808,127,63
2023-06-10T21:59:02Z,walk,2023-06-10T22:32:41Z,-8.05452043,-34.94967175,128,63
2023-06-10T21:59:02Z,walk,2023-06-10T22:32:42Z,-8.05450643,-34.94966375,128,63
2023-06-10T21:59:02Z,walk,2023-06-10T22:32:43Z,-8.05449144,-34.94965576,129,63
2023-06-10T21:59:02Z,walk,2023-06-10T22:32:44Z,-8.05447778,-34.94964642,128,63
2023-06-10T21:59:02Z,walk,2023-06-10T22:32:45Z,-8.05446412,-34.94963777,127,63
2023-06-10T21:59:02Z,walk,2023-06-10T22:32:46Z,-8.05445145,-34.94962844,129,63
2023-06-10T21:59:02Z,walk,2023-06-10T22:32:47Z,-8.05444046,-34.94961811,127,63
2023-06-10T21:59:02Z,walk,2023-06-10T22:32:48Z,-8.0544298,-34.94960711,127,63
2023-06-10T21:59:02Z,walk,2023-06-10T22:32:49Z,-8.05441914,-34.94959512,127,63
2023-06-10T21:59:02Z,walk,2023-06-10T22:32:50Z,-8.0544098,-34.94958046,127,61
2023-06-10T21:59:02Z,walk,2023-06-10T22:32:51Z,-8.05440115,-34.9495648,127,62
2023-06-10T21:59:02Z,walk,2023-06-10T22:32:52Z,-8.05439049,-34.94955014,126,63
2023-06-10T21:59:02Z,walk,2023-06-10T22:32:53Z,-8.05438049,-34.94953548,126,63
2023-06-10T21:59:02Z,walk,2023-06-10T22:32:54Z,-8.05436917,-34.94952182,126,63
2023-06-10T21:59:02Z,walk,2023-06-10T22:32:55Z,-8.0543565,-34.94950949,125,62
2023-06-10T21:59:02Z,walk,2023-06-10T22:32:56Z,-8.05434284,-34.94949949,124,62
2023-06-10T21:59:02Z,walk,2023-06-10T22:32:57Z,-8.05432851,-34.94949116,122,63
2023-06-10T21:59:02Z,walk,2023-06-10T22:32:58Z,-8.05431519,-34.94948383,122,63
2023-06-10T21:59:02Z,walk,2023-06-10T22:32:59Z,-8.0543022,-34.94947617,122,64
2023-06-10T21:59:02Z,walk,2023-06-10T22:33:00Z,-8.05429053,-34.94946784,122,64
2023-06-10T21:59:02Z,walk,2023-06-10T22:33:01Z,-8.05427854,-34.94945885,122,64
2023-06-10T21:59:02Z,walk,2023-06-10T22:33:02Z,-8.05426788,-34.94944985,122,64
2023-06-10T21:59:02Z,walk,2023-06-10T22:33:02Z,-8.05425756,-34.94944086,122,64
2023-06-10T21:59:02Z,walk,2023-06-10T22:33:03Z,-8.05424723,-34.94943252,121,64
2023-06-10T21:59:02Z,walk,2023-06-10T22:33:04Z,-8.05423657,-34.94942587,121,64
2023-06-10T21:59:02Z,walk,2023-06-10T22:33:05Z,-8.05422424,-34.94942053,121,64
2023-06-10T21:59:02Z,walk,2023-06-10T22:33:06Z,-8.05421125,-34.94941488,120,64
2023-06-10T21:59:02Z,walk,2023-06-10T22:33:07Z,-8.05419858,-34.94940988,119,64
2023-06-10T21:59:02Z,walk,2023-06-10T22:33:08Z,-8.05418526,-34.94940421,119,64
2023-06-10T21:59:02Z,walk,2023-06-10T22:33:09Z,-8.05417226,-34.94939689,119,64
2023-06-10T21:59:02Z,walk,2023-06-10T22:33:10Z,-8.05415892,-34.94938955,119,64
2023-06-10T21:59:02Z,walk,2023-06-10T22:33:11Z,-8.05414593,-34.94938122,119,64
2023-06-10T21:59:02Z,walk,2023-06-10T22:33:12Z,-8.05413294,-34.94937223,118,64
2023-06-10T21:59:02Z,walk,2023-06-10T22:33:13Z,-8.05412094,-34.94936423,118,62
2023-06-10T21:59:02Z,walk,2023-06-10T22:33:14Z,-8.05410929,-34.94935824,118,62
2023-06-10T21:59:02Z,walk,2023-06-10T22:33:15Z,-8.05409863,-34.94935357,119,62
2023-06-10T21:59:02Z,walk,2023-06-10T22:33:16Z,-8.05408797,-34.94934992,119,62
2023-06-10T21:59:02Z,walk,2023-06-10T22:33:17Z,-8.05407631,-34.94934525,118,62
2023-06-10T21:59:02Z,walk,2023-06-10T22:33:18Z,-8.05406364,-34.94933893,118,62
2023-06-10T21:59:02Z,walk,2023-06-10T22:33:19Z,-8.05405032,-34.94933059,118,62
2023-06-10T21:59:02Z,walk,2023-06-10T22:33:20Z,-8.05403732,-34.94932194,118,62
2023-06-10T21:59:02Z,walk,2023-06-10T22:33:21Z,-8.05402433,-34.94931295,116,63
2023-06-10T21:59:02Z,walk,2023-06-10T22:33:22Z,-8.054012,-34.94930461,116,62
2023-06-10T21:59:02Z,walk,2023-06-10T22:33:23Z,-8.05399967,-34.94929829,116,62
2023-06-10T21:59:02Z,walk,2023-06-10T22:33:24Z,-8.05398768,-34.94929329,116,62
2023-06-10T21:59:02Z,walk,2023-06-10T22:33:25Z,-8.05397569,-34.94928862,117,62
2023-06-10T21:59:02Z,walk,2023-06-10T22:33:26Z,-8.0539637,-34.9492843,117,63
2023-06-10T21:59:02Z,walk,2023-06-10T22:33:27Z,-8.05395203,-34.94927997,117,63
2023-06-10T21:59:02Z,walk,2023-06-10T22:33:28Z,-8.05393971,-34.94927463,118,63
2023-06-10T21:59:02Z,walk,2023-06-10T22:33:29Z,-8.05392671,-34.94926864,118,63
2023-06-10T21:59:02Z,walk,2023-06-10T22:33:30Z,-8.05391172,-34.94926232,118,63
2023-06-10T21:59:02Z,walk,2023-06-10T22:33:31Z,-8.05389639,-34.94925633,118,62
2023-06-10T21:59:02Z,walk,2023-06-10T22:33:32Z,-8.05388105,-34.94924966,118,62
2023-06-10T21:59:02Z,walk,2023-06-10T22:33:33Z,-8.0538664,-34.94924133,119,62
2023-06-10T21:59:02Z,walk,2023-06-10T22:33:34Z,-8.05385274,-34.94923134,118,62
2023-06-10T21:59:02Z,walk,2023-06-10T22:33:35Z,-8.05384075,-34.94921968,118,62
2023-06-10T21:59:02Z,walk,2023-06-10T22:33:36Z,-8.05382876,-34.94920735,118,62
2023-06-10T21:59:02Z,walk,2023-06-10T22:33:37Z,-8.05381776,-34.94919603,118,62
2023-06-10T21:59:02Z,walk,2023-06-10T22:33:38Z,-8.05380743,-34.94918604,118,62
2023-06-10T21:59:02Z,walk,2023-06-10T22:33:39Z,-8.0537971,-34.9491777,119,62
2023-06-10T21:59:02Z,walk,2023-06-10T22:33:40Z,-8.05378745,-34.9491707,119,62
2023-06-10T21:59:02Z,walk,2023-06-10T22:33:41Z,-8.05377911,-34.94916304,119,63
2023-06-10T21:59:02Z,walk,2023-06-10T22:33:42Z,-8.05376979,-34.94915538,119,63
2023-06-10T21:59:02Z,walk,2023-06-10T22:33:43Z,-8.05376012,-34.94914571,119,60
2023-06-10T21:59:02Z,walk,2023-06-10T22:33:44Z,-8.05374846,-34.94913471,119,61
2023-06-10T21:59:02Z,walk,2023-06-10T22:33:45Z,-8.0537358,-34.94912406,119,61
2023-06-10T21:59:02Z,walk,2023-06-10T22:33:46Z,-8.0537228,-34.94911672,118,61
2023-06-10T21:59:02Z,walk,2023-06-10T22:33:47Z,-8.05370981,-34.9491104,116,61
2023-06-10T21:59:02Z,walk,2023-06-10T22:33:48Z,-8.05369714,-34.94910441,116,61
2023-06-10T21:59:02Z,walk,2023-06-10T22:33:49Z,-8.05368481,-34.94909841,115,61
2023-06-10T21:59:02Z,walk,2023-06-10T22:33:50Z,-8.05367214,-34.94909309,114,61
2023-06-10T21:59:02Z,walk,2023-06-10T22:33:51Z,-8.05366048,-34.94908809,113,61
2023-06-10T21:59:02Z,walk,2023-06-10T22:33:52Z,-8.05364915,-34.94908309,112,61
2023-06-10T21:59:02Z,walk,2023-06-10T22:33:53Z,-8.05363782,-34.94907676,112,61
2023-06-10T21:59:02Z,walk,2023-06-10T22:33:54Z,-8.0536265,-34.94907044,112,61
2023-06-10T21:59:02Z,walk,2023-06-10T22:33:55Z,-8.05361451,-34.94906477,112,63
2023-06-10T21:59:02Z,walk,2023-06-10T22:33:56Z,-8.05360152,-34.94905844,112,63
2023-06-10T21:59:02Z,walk,2023-06-10T22:33:57Z,-8.05358818,-34.94905178,113,63
2023-06-10T21:59:02Z,walk,2023-06-10T22:33:58Z,-8.05357553,-34.94904445,113,64
2023-06-10T21:59:02Z,walk,2023-06-10T22:33:59Z,-8.05356286,-34.94903713,113,63
2023-06-10T21:59:02Z,walk,2023-06-10T22:34:00Z,-8.05354919,-34.94902979,113,63
2023-06-10T21:59:02Z,walk,2023-06-10T22:34:01Z,-8.0535352,-34.94902246,112,63
2023-06-10T21:59:02Z,walk,2023-06-10T22:34:02Z,-8.05352187,-34.94901547,111,62
2023-06-10T21:59:02Z,walk,2023-06-10T22:34:03Z,-8.05350921,-34.94900847,111,63
2023-06-10T21:59:02Z,walk,2023-06-10T22:34:04Z,-8.05349788,-34.94900115,112,62
2023-06-10T21:59:02Z,walk,2023-06-10T22:34:05Z,-8.05348522,-34.94899348,113,62
2023-06-10T21:59:02Z,walk,2023-06-10T22:34:06Z,-8.05347189,-34.94898649,113,62
2023-06-10T21:59:02Z,walk,2023-06-10T22:34:07Z,-8.05345923,-34.94897816,113,62
2023-06-10T21:59:02Z,walk,2023-06-10T22:34:08Z,-8.0534479,-34.94896816,113,62
2023-06-10T21:59:02Z,walk,2023-06-10T22:34:09Z,-8.05343691,-34.9489565,114,62
2023-06-10T21:59:02Z,walk,2023-06-10T22:34:10Z,-8.05342824,-34.94894384,114,59
2023-06-10T21:59:02Z,walk,2023-06-10T22:34:11Z,-8.05342159,-34.94893251,114,60
2023-06-10T21:59:02Z,walk,2023-06-10T22:34:12Z,-8.05341426,-34.94892119,114,60
2023-06-10T21:59:02Z,walk,2023-06-10T22:34:13Z,-8.05340693,-34.9489122,114,62
2023-06-10T21:59:02Z,walk,2023-06-10T22:34:14Z,-8.05339761,-34.94890521,114,62
2023-06-10T21:59:02Z,walk,2023-06-10T22:34:15Z,-8.05338794,-34.94889854,115,62
2023-06-10T21:59:02Z,walk,2023-06-10T22:34:16Z,-8.05337694,-34.94889222,115,62
2023-06-10T21:59:02Z,walk,2023-06-10T22:34:17Z,-8.05336628,-34.94888755,115,62
2023-06-10T21:59:02Z,walk,2023-06-10T22:34:18Z,-8.05335563,-34.94888323,115,62
2023-06-10T21:59:02Z,walk,2023-06-10T22:34:19Z,-8.05334429,-34.9488799,114,62
2023-06-10T21:59:02Z,walk,2023-06-10T22:34:20Z,-8.05333396,-34.94887757,114,63
2023-06-10T21:59:02Z,walk,2023-06-10T22:34:21Z,-8.05332496,-34.94887658,114,63
2023-06-10T21:59:02Z,walk,2023-06-10T22:34:22Z,-8.0533163,-34.94887757,115,64
2023-06-10T21:59:02Z,walk,2023-06-10T22:34:23Z,-8.05330597,-34.94888123,116,63
2023-06-10T21:59:02Z,walk,2023-06-10T22:34:24Z,-8.05329531,-34.94888722,116,63
2023-06-10T21:59:02Z,walk,2023-06-10T22:34:25Z,-8.05328299,-34.94889388,117,64
2023-06-10T21:59:02Z,walk,2023-06-10T22:34:26Z,-8.05326899,-34.94889854,117,65
2023-06-10T21:59:02Z,walk,2023-06-10T22:34:27Z,-8.05325333,-34.94890153,117,65
2023-06-10T21:59:02Z,walk,2023-06-10T22:34:28Z,-8.05323634,-34.94890121,118,65
2023-06-10T21:59:02Z,walk,2023-06-10T22:34:29Z,-8.05322268,-34.94889854,118,65
2023-06-10T21:59:02Z,walk,2023-06-10T22:34:30Z,-8.05320968,-34.94889321,117,65
2023-06-10T21:59:02Z,walk,2023-06-10T22:34:31Z,-8.05319735,-34.94888588,117,65
2023-06-10T21:59:02Z,walk,2023-06-10T22:34:32Z,-8.05318502,-34.94887788,117,65
2023-06-10T21:59:02Z,walk,2023-06-10T22:34:33Z,-8.05317236,-34.94886856,117,65
2023-06-10T21:59:02Z,walk,2023-06-10T22:34:34Z,-8.05316003,-34.94885957,114,65
2023-06-10T21:59:02Z,walk,2023-06-10T22:34:35Z,-8.05314703,-34.94885124,113,32
2023-06-10T21:59:02Z,walk,2023-06-10T22:34:36Z,-8.05313304,-34.94884357,112,32
2023-06-10T21:59:02Z,walk,2023-06-10T22:34:37Z,-8.05312004,-34.94883557,112,32
2023-06-10T21:59:02Z,walk,2023-06-10T22:34:38Z,-8.05310805,-34.94882858,112,32
2023-06-10T21:59:02Z,walk,2023-06-10T22:34:39Z,-8.05309606,-34.94882191,113,32
2023-06-10T21:59:02Z,walk,2023-06-10T22:34:40Z,-8.05308307,-34.94881459,115,31
2023-06-10T21:59:02Z,walk,2023-06-10T22:34:41Z,-8.0530694,-34.94880559,115,31
2023-06-10T21:59:02Z,walk,2023-06-10T22:34:42Z,-8.0530554,-34.94879726,116,31
2023-06-10T21:59:02Z,walk,2023-06-10T22:34:43Z,-8.05304108,-34.94879027,116,31
2023-06-10T21:59:02Z,walk,2023-06-10T22:34:44Z,-8.05302708,-34.9487846,116,32
2023-06-10T21:59:02Z,walk,2023-06-10T22:34:45Z,-8.05301209,-34.9487806,115,31
2023-06-10T21:59:02Z,walk,2023-06-10T22:34:46Z,-8.05299776,-34.94877493,112,31
2023-06-10T21:59:02Z,walk,2023-06-10T22:34:47Z,-8.05298376,-34.94876761,112,31
2023-06-10T21:59:02Z,walk,2023-06-10T22:34:48Z,-8.05296943,-34.94876095,111,31
2023-06-10T21:59:02Z,walk,2023-06-10T22:34:49Z,-8.05295577,-34.94875562,111,31
2023-06-10T21:59:02Z,walk,2023-06-10T22:34:50Z,-8.05294311,-34.94875095,110,31
2023-06-10T21:59:02Z,walk,2023-06-10T22:34:51Z,-8.05293044,-34.94874595,110,31
2023-06-10T21:59:02Z,walk,2023-06-10T22:34:52Z,-8.05291778,-34.94874062,110,31
2023-06-10T21:59:02Z,walk,2023-06-10T22:34:53Z,-8.05290412,-34.94873296,110,31
2023-06-10T21:59:02Z,walk,2023-06-10T22:34:54Z,-8.05288913,-34.9487233,110,31
2023-06-10T21:59:02Z,walk,2023-06-10T22:34:55Z,-8.05287513,-34.94871097,110,31
2023-06-10T21:59:02Z,walk,2023-06-10T22:34:56Z,-8.0528608,-34.94869965,110,31
2023-06-10T21:59:02Z,walk,2023-06-10T22:34:57Z,-8.05284747,-34.94868765,110,64
2023-06-10T21:59:02Z,walk,2023-06-10T22:34:58Z,-8.05283481,-34.94867499,110,63
2023-06-10T21:59:02Z,walk,2023-06-10T22:34:59Z,-8.05282382,-34.94866233,110,63
2023-06-10T21:59:02Z,walk,2023-06-10T22:35:00Z,-8.05281383,-34.94864833,111,63
2023-06-10T21:59:02Z,walk,2023-06-10T22:35:01Z,-8.05280317,-34.948635,111,63
2023-06-10T21:59:02Z,walk,2023-06-10T22:35:02Z,-8.05279184,-34.948624,111,63
2023-06-10T21:59:02Z,walk,2023-06-10T22:35:03Z,-8.05277917,-34.94861467,112,63
2023-06-10T21:59:02Z,walk,2023-06-10T22:35:04Z,-8.05276751,-34.94860601,111,63
2023-06-10T21:59:02Z,walk,2023-06-10T22:35:05Z,-8.05275585,-34.94859836,111,63
2023-06-10T21:59:02Z,walk,2023-06-10T22:35:06Z,-8.05274352,-34.94859169,111,62
2023-06-10T21:59:02Z,walk,2023-06-10T22:35:07Z,-8.05273087,-34.94858503,111,62
2023-06-10T21:59:02Z,walk,2023-06-10T22:35:08Z,-8.05271787,-34.94857838,111,62
2023-06-10T21:59:02Z,walk,2023-06-10T22:35:09Z,-8.05270621,-34.94857171,111,60
2023-06-10T21:59:02Z,walk,2023-06-10T22:35:10Z,-8.05269488,-34.94856604,112,62
2023-06-10T21:59:02Z,walk,2023-06-10T22:35:11Z,-8.05268389,-34.94855939,112,64
2023-06-10T21:59:02Z,walk,2023-06-10T22:35:12Z,-8.05267455,-34.94855172,112,64
2023-06-10T21:59:02Z,walk,2023-06-10T22:35:13Z,-8.05266555,-34.94854506,112,64
2023-06-10T21:59:02Z,walk,2023-06-10T22:35:14Z,-8.05265556,-34.9485404,112,61
2023-06-10T21:59:02Z,walk,2023-06-10T22:35:15Z,-8.05264591,-34.94853707,112,63
2023-06-10T21:59:02Z,walk,2023-06-10T22:35:16Z,-8.05263592,-34.94853274,112,64
2023-06-10T21:59:02Z,walk,2023-06-10T22:35:17Z,-8.05262526,-34.94852975,112,63
2023-06-10T21:59:02Z,walk,2023-06-10T22:35:18Z,-8.05261359,-34.94852643,111,62
2023-06-10T21:59:02Z,walk,2023-06-10T22:35:19Z,-8.0526016,-34.9485231,111,62
2023-06-10T21:59:02Z,walk,2023-06-10T22:35:20Z,-8.05258861,-34.94852045,111,62
2023-06-10T21:59:02Z,walk,2023-06-10T22:35:21Z,-8.05257361,-34.94851746,111,62
2023-06-10T21:59:02Z,walk,2023-06-10T22:35:22Z,-8.05255996,-34.94851279,111,62
2023-06-10T21:59:02Z,walk,2023-06-10T22:35:23Z,-8.05254696,-34.94850779,111,62
2023-06-10T21:59:02Z,walk,2023-06-10T22:35:24Z,-8.05253362,-34.94850347,111,61
2023-06-10T21:59:02Z,walk,2023-06-10T22:35:25Z,-8.05251997,-34.9484988,111,61
2023-06-10T21:59:02Z,walk,2023-06-10T22:35:26Z,-8.05250763,-34.94849248,112,61
2023-06-10T21:59:02Z,walk,2023-06-10T22:35:27Z,-8.05249564,-34.94848514,112,61
2023-06-10T21:59:02Z,walk,2023-06-10T22:35:28Z,-8.05248365,-34.94847715,113,61
2023-06-10T21:59:02Z,walk,2023-06-10T22:35:29Z,-8.052471,-34.94847082,113,61
2023-06-10T21:59:02Z,walk,2023-06-10T22:35:30Z,-8.05245801,-34.94846683,113,61
2023-06-10T21:59:02Z,walk,2023-06-10T22:35:31Z,-8.05244634,-34.9484645,113,61
2023-06-10T21:59:02Z,walk,2023-06-10T22:35:32Z,-8.05243502,-34.94846183,113,61
2023-06-10T21:59:02Z,walk,2023-06-10T22:35:33Z,-8.05242468,-34.94845784,113,63
2023-06-10T21:59:02Z,walk,2023-06-10T22:35:34Z,-8.05241403,-34.94845117,113,63
2023-06-10T21:59:02Z,walk,2023-06-10T22:35:35Z,-8.05240069,-34.94844252,115,63
2023-06-10T21:59:02Z,walk,2023-06-10T22:35:36Z,-8.0523857,-34.94843353,116,63
2023-06-10T21:59:02Z,walk,2023-06-10T22:35:37Z,-8.05237071,-34.94842454,116,63
2023-06-10T21:59:02Z,walk,2023-06-10T22:35:38Z,-8.05235638,-34.94841521,116,63
2023-06-10T21:59:02Z,walk,2023-06-10T22:35:39Z,-8.05234339,-34.94840588,116,63
2023-06-10T21:59:02Z,walk,2023-06-10T22:35:40Z,-8.0523314,-34.94839456,116,63
2023-06-10T21:59:02Z,walk,2023-06-10T22:35:41Z,-8.05232007,-34.94838257,115,64
2023-06-10T21:59:02Z,walk,2023-06-10T22:35:42Z,-8.05230774,-34.94837123,115,64
2023-06-10T21:59:02Z,walk,2023-06-10T22:35:43Z,-8.05229575,-34.94836023,115,64
2023-06-10T21:59:02Z,walk,2023-06-10T22:35:44Z,-8.05228376,-34.94834923,115,64
2023-06-10T21:59:02Z,walk,2023-06-10T22:35:45Z,-8.05227177,-34.94833857,115,64
2023-06-10T21:59:02Z,walk,2023-06-10T22:35:46Z,-8.05225978,-34.9483279,115,64
2023-06-10T21:59:02Z,walk,2023-06-10T22:35:47Z,-8.05224913,-34.94831824,115,64
2023-06-10T21:59:02Z,walk,2023-06-10T22:35:48Z,-8.05223946,-34.94830991,115,64
2023-06-10T21:59:02Z,walk,2023-06-10T22:35:49Z,-8.05223113,-34.94830292,115,64
2023-06-10T21:59:02Z,walk,2023-06-10T22:35:50Z,-8.05222247,-34.94829625,115,64
2023-06-10T21:59:02Z,walk,2023-06-10T22:35:51Z,-8.05221414,-34.94828926,115,63
2023-06-10T21:59:02Z,walk,2023-06-10T22:35:52Z,-8.0522048,-34.94828061,115,62
2023-06-10T21:59:02Z,walk,2023-06-10T22:35:53Z,-8.05219547,-34.94827094,115,63
2023-06-10T21:59:02Z,walk,2023-06-10T22:35:54Z,-8.05218847,-34.94826095,115,63
2023-06-10T21:59:02Z,walk,2023-06-10T22:35:55Z,-8.05218248,-34.94824995,115,63
2023-06-10T21:59:02Z,walk,2023-06-10T22:35:56Z,-8.05217781,-34.94823863,116,63
2023-06-10T21:59:02Z,walk,2023-06-10T22:35:57Z,-8.05217649,-34.9482243,115,63
2023-06-10T21:59:02Z,walk,2023-06-10T22:35:58Z,-8.05217617,-34.94820864,115,63
2023-06-10T21:59:02Z,walk,2023-06-10T22:35:59Z,-8.05217649,-34.94819264,115,64
2023-06-10T21:59:02Z,walk,2023-06-10T22:36:00Z,-8.05217617,-34.94817631,116,65
2023-06-10T21:59:02Z,walk,2023-06-10T22:36:01Z,-8.05217649,-34.94815932,116,65
2023-06-10T21:59:02Z,walk,2023-06-10T22:36:02Z,-8.05217716,-34.94814166,116,65
2023-06-10T21:59:02Z,walk,2023-06-10T22:36:03Z,-8.05217716,-34.94812367,116,65
2023-06-10T21:59:02Z,walk,2023-06-10T22:36:04Z,-8.05217649,-34.94810533,117,65
2023-06-10T21:59:02Z,walk,2023-06-10T22:36:05Z,-8.0521745,-34.94808867,117,65
2023-06-10T21:59:02Z,walk,2023-06-10T22:36:06Z,-8.05217083,-34.94807434,116,61
2023-06-10T21:59:02Z,walk,2023-06-10T22:36:07Z,-8.05216584,-34.94806302,116,61
2023-06-10T21:59:02Z,walk,2023-06-10T22:36:08Z,-8.05215819,-34.94805603,116,61
2023-06-10T21:59:02Z,walk,2023-06-10T22:36:09Z,-8.05214786,-34.94805237,116,63
2023-06-10T21:59:02Z,walk,2023-06-10T22:36:10Z,-8.0521372,-34.94805171,115,62
2023-06-10T21:59:02Z,walk,2023-06-10T22:36:11Z,-8.05212687,-34.94805271,117,61
2023-06-10T21:59:02Z,walk,2023-06-10T22:36:12Z,-8.05211688,-34.94805436,117,61
2023-06-10T21:59:02Z,walk,2023-06-10T22:36:13Z,-8.05210723,-34.9480557,119,61
2023-06-10T21:59:02Z,walk,2023-06-10T22:36:14Z,-8.05209723,-34.94805602,119,61
2023-06-10T21:59:02Z,walk,2023-06-10T22:36:15Z,-8.05208757,-34.9480557,119,61
2023-06-10T21:59:02Z,walk,2023-06-10T22:36:16Z,-8.05207691,-34.9480547,121,61
2023-06-10T21:59:02Z,walk,2023-06-10T22:36:17Z,-8.05206591,-34.94805371,119,61
2023-06-10T21:59:02Z,walk,2023-06-10T22:36:18Z,-8.05205558,-34.94805072,118,59
2023-06-10T21:59:02Z,walk,2023-06-10T22:36:19Z,-8.05204392,-34.94804605,118,59
2023-06-10T21:59:02Z,walk,2023-06-10T22:36:20Z,-8.05203193,-34.94804072,118,59
2023-06-10T21:59:02Z,walk,2023-06-10T22:36:21Z,-8.05201893,-34.94803606,117,59
2023-06-10T21:59:02Z,walk,2023-06-10T22:36:22Z,-8.05200694,-34.94803073,116,59
2023-06-10T21:59:02Z,walk,2023-06-10T22:36:23Z,-8.05199662,-34.94802573,116,59
2023-06-10T21:59:02Z,walk,2023-06-10T22:36:24Z,-8.05198695,-34.94802207,115,59
2023-06-10T21:59:02Z,walk,2023-06-10T22:36:25Z,-8.05197862,-34.94802141,114,58
2023-06-10T21:59:02Z,walk,2023-06-10T22:36:26Z,-8.05197129,-34.94802407,114,58
2023-06-10T21:59:02Z,walk,2023-06-10T22:36:27Z,-8.05196263,-34.94802707,114,57
2023-06-10T21:59:02Z,walk,2023-06-10T22:36:28Z,-8.05195363,-34.94803139,113,57
2023-06-10T21:59:02Z,walk,2023-06-10T22:36:29Z,-8.05194497,-34.94803673,111,57
2023-06-10T21:59:02Z,walk,2023-06-10T22:36:30Z,-8.05193632,-34.94804439,111,57
2023-06-10T21:59:02Z,walk,2023-06-10T22:36:31Z,-8.05192865,-34.94805273,111,57
2023-06-10T21:59:02Z,walk,2023-06-10T22:36:32Z,-8.05191932,-34.94806338,111,57
2023-06-10T21:59:02Z,walk,2023-06-10T22:36:33Z,-8.05191166,-34.94807372,110,57
2023-06-10T21:59:02Z,walk,2023-06-10T22:36:34Z,-8.05190566,-34.94808338,109,58
2023-06-10T21:59:02Z,walk,2023-06-10T22:36:35Z,-8.05190067,-34.94809271,107,58
2023-06-10T21:59:02Z,walk,2023-06-10T22:36:36Z,-8.05189667,-34.9481027,105,60
2023-06-10T21:59:02Z,walk,2023-06-10T22:36:37Z,-8.05189435,-34.94811203,106,60
2023-06-10T21:59:02Z,walk,2023-06-10T22:36:38Z,-8.05189235,-34.94812169,106,60
2023-06-10T21:59:02Z,walk,2023-06-10T22:36:39Z,-8.05189136,-34.94813202,107,60
2023-06-10T21:59:02Z,walk,2023-06-10T22:36:40Z,-8.05189103,-34.94814269,108,60
2023-06-10T21:59:02Z,walk,2023-06-10T22:36:41Z,-8.05189236,-34.94815334,109,60
2023-06-10T21:59:02Z,walk,2023-06-10T22:36:42Z,-8.05189569,-34.94816201,110,60
2023-06-10T21:59:02Z,walk,2023-06-10T22:36:43Z,-8.05189836,-34.948169,111,60
2023-06-10T21:59:02Z,walk,2023-06-10T22:36:44Z,-8.05189868,-34.948177,111,60
2023-06-10T21:59:02Z,walk,2023-06-10T22:36:45Z,-8.05189769,-34.94818599,111,60
2023-06-10T21:59:02Z,walk,2023-06-10T22:36:46Z,-8.05189637,-34.94819666,111,60
2023-06-10T21:59:02Z,walk,2023-06-10T22:36:47Z,-8.05189437,-34.94820798,111,60
2023-06-10T21:59:02Z,walk,2023-06-10T22:36:48Z,-8.05189104,-34.94822064,108,60
2023-06-10T21:59:02Z,walk,2023-06-10T22:36:49Z,-8.05188704,-34.9482333,107,60
2023-06-10T21:59:02Z,walk,2023-06-10T22:36:50Z,-8.05188272,-34.94824697,107,60
2023-06-10T21:59:02Z,walk,2023-06-10T22:36:51Z,-8.05187639,-34.94826163,107,60
2023-06-10T21:59:02Z,walk,2023-06-10T22:36:52Z,-8.05186906,-34.94827628,107,60
2023-06-10T21:59:02Z,walk,2023-06-10T22:36:53Z,-8.05186206,-34.94828995,106,60
2023-06-10T21:59:02Z,walk,2023-06-10T22:36:54Z,-8.05185607,-34.94830261,106,60
2023-06-10T21:59:02Z,walk,2023-06-10T22:36:55Z,-8.05185141,-34.94831461,106,60
2023-06-10T21:59:02Z,walk,2023-06-10T22:36:56Z,-8.05184842,-34.94832793,106,60
2023-06-10T21:59:02Z,walk,2023-06-10T22:36:57Z,-8.05184642,-34.9483426,106,59
2023-06-10T21:59:02Z,walk,2023-06-10T22:36:58Z,-8.05184442,-34.94835825,105,59
2023-06-10T21:59:02Z,walk,2023-06-10T22:36:59Z,-8.05184308,-34.94837325,104,60
2023-06-10T21:59:02Z,walk,2023-06-10T22:37:00Z,-8.05184276,-34.94838691,104,60
2023-06-10T21:59:02Z,walk,2023-06-10T22:37:01Z,-8.05184542,-34.94839724,105,60
2023-06-10T21:59:02Z,walk,2023-06-10T22:37:02Z,-8.05184807,-34.94840524,105,60
2023-06-10T21:59:02Z,walk,2023-06-10T22:37:03Z,-8.05185173,-34.94841058,105,60
2023-06-10T21:59:02Z,walk,2023-06-10T22:37:04Z,-8.05185406,-34.94841558,105,60
2023-06-10T21:59:02Z,walk,2023-06-10T22:37:05Z,-8.05185572,-34.94842123,105,60
